seed,gt_id,image_id,stem,date,machine,short_px,size_bin,contrast_proxy,mask_overlap,object_count,contrast_bin,raw_best_iou,raw_best_score,raw_leader_iou,raw_leader_score,raw_best75_max_score,raw_precise_candidate,raw_recoverable_ranking75,raw_scale095_best_iou_floor001,raw_scale095_best_iou_score05,raw_scale095_best_iou_operating,hard_nms07_scale095_best_iou_floor001,hard_nms07_scale095_best_iou_score05,hard_nms07_scale095_best_iou_operating,soft_linear07_scale095_best_iou_floor001,soft_linear07_scale095_best_iou_score05,soft_linear07_scale095_best_iou_operating,soft_gaussian05_scale095_best_iou_floor001,soft_gaussian05_scale095_best_iou_score05,soft_gaussian05_scale095_best_iou_operating
20260929,1,89,001_20200629_082825(1),20200629,3호기,11.0,8to12,1.4429181576820964,False,3,high,0.9051608633970013,0.5394769906997681,0.9051608633970013,0.5394769906997681,0.5394769906997681,1,0,0.9051608633970013,0.9051608633970013,0.9051608633970013,0.9051608633970013,0.9051608633970013,0.9051608633970013,0.9051608633970013,0.9051608633970013,0.9051608633970013,0.9051608633970013,0.9051608633970013,0.9051608633970013
20260929,2,89,001_20200629_082825(1),20200629,3호기,12.0,12to16,0.8320456436467372,False,3,mid,0.7896350452429995,0.01446586288511753,0.7803626073568536,0.5227660536766052,0.5227660536766052,1,0,0.7896350452429995,0.7803626073568536,0.7803626073568536,0.7803626073568536,0.7803626073568536,0.7803626073568536,0.7803626073568536,0.7803626073568536,0.7803626073568536,0.7803626073568536,0.7803626073568536,0.7803626073568536
20260929,3,89,001_20200629_082825(1),20200629,3호기,13.999999999999998,12to16,0.7131819802686319,False,3,mid,0.7994716049014918,0.018723761662840843,0.723130848317183,0.5245279669761658,0.018723761662840843,1,1,0.7994716049014918,0.723130848317183,0.723130848317183,0.723130848317183,0.723130848317183,0.723130848317183,0.7994716049014918,0.723130848317183,0.723130848317183,0.7994716049014918,0.723130848317183,0.723130848317183
20260929,4,90,001_20200629_082828(0),20200629,3호기,15.0,12to16,1.1663349091813884,True,3,high,0.7455735399666482,0.015612105838954449,0.7172686984156484,0.5654133558273315,,0,0,0.7455735399666482,0.7172686984156484,0.7172686984156484,0.7172686984156484,0.7172686984156484,0.7172686984156484,0.7172686984156484,0.7172686984156484,0.7172686984156484,0.7172686984156484,0.7172686984156484,0.7172686984156484
20260929,5,90,001_20200629_082828(0),20200629,3호기,12.0,12to16,0.5771672630728385,False,3,low,0.7680903618305791,0.01592065580189228,0.7277763288822193,0.5378127098083496,0.01592065580189228,1,1,0.7680903618305791,0.7277763288822193,0.7277763288822193,0.7277763288822193,0.7277763288822193,0.7277763288822193,0.7457050603413972,0.7277763288822193,0.7277763288822193,0.7277763288822193,0.7277763288822193,0.7277763288822193
20260929,6,90,001_20200629_082828(0),20200629,3호기,12.0,12to16,0.35659099013431594,False,3,low,0.7976523355175171,0.5622062087059021,0.7976523355175171,0.5622062087059021,0.5622062087059021,1,0,0.7976523355175171,0.7976523355175171,0.7976523355175171,0.7976523355175171,0.7976523355175171,0.7976523355175171,0.7976523355175171,0.7976523355175171,0.7976523355175171,0.7976523355175171,0.7976523355175171,0.7976523355175171
20260929,7,91,001_20200629_082831(0),20200629,3호기,12.0,12to16,0.2377273267562106,True,3,low,0.9008349395505747,0.017469841986894608,0.7190034347173117,0.509183406829834,0.025820648297667503,1,1,0.9008349395505747,0.7190034347173117,0.7190034347173117,0.7190034347173117,0.7190034347173117,0.7190034347173117,0.8307349906440661,0.7190034347173117,0.7190034347173117,0.7190034347173117,0.7190034347173117,0.7190034347173117
20260929,8,91,001_20200629_082831(0),20200629,3호기,12.0,12to16,0.7131819802686319,False,3,mid,0.8028053463404918,0.041041214019060135,0.7955103207065698,0.530642032623291,0.530642032623291,1,0,0.8028053463404918,0.7955103207065698,0.7955103207065698,0.7955103207065698,0.7955103207065698,0.7955103207065698,0.7955103207065698,0.7955103207065698,0.7955103207065698,0.7955103207065698,0.7955103207065698,0.7955103207065698
20260929,9,91,001_20200629_082831(0),20200629,3호기,10.0,8to12,0.9509093070248424,False,3,mid,0.8619045024606411,0.5106841325759888,0.8619045024606411,0.5106841325759888,0.5106841325759888,1,0,0.8619045024606411,0.8619045024606411,0.8619045024606411,0.8619045024606411,0.8619045024606411,0.8619045024606411,0.8619045024606411,0.8619045024606411,0.8619045024606411,0.8619045024606411,0.8619045024606411,0.8619045024606411
20260929,10,92,001_20200629_082834(2),20200629,3호기,11.0,8to12,1.2986263419138866,False,3,high,0.92849174294609,0.017208172008395195,0.9026636151704429,0.574241578578949,0.574241578578949,1,0,0.92849174294609,0.9026636151704429,0.9026636151704429,0.9026636151704429,0.9026636151704429,0.9026636151704429,0.92849174294609,0.9026636151704429,0.9026636151704429,0.9026636151704429,0.9026636151704429,0.9026636151704429
20260929,11,92,001_20200629_082834(2),20200629,3호기,13.999999999999998,12to16,0.5052750717490602,False,3,low,0.7208462623741596,0.020762193948030472,0.7064353518769106,0.5503487586975098,,0,0,0.7208462623741596,0.7099106209019009,0.7064353518769106,0.7064353518769106,0.7064353518769106,0.7064353518769106,0.7099106209019009,0.7064353518769106,0.7064353518769106,0.7099106209019009,0.7064353518769106,0.7064353518769106
20260929,12,92,001_20200629_082834(2),20200629,3호기,18.0,ge16,2.2850714524265703,False,3,high,0.44361811598693546,0.0322604738175869,0.3706029814276436,0.5299330949783325,,0,0,0.44361811598693546,0.3706029814276436,0.3706029814276436,0.44361811598693546,0.3706029814276436,0.3706029814276436,0.44361811598693546,0.3706029814276436,0.3706029814276436,0.44361811598693546,0.3706029814276436,0.3706029814276436
20260929,13,93,001_20200629_082837(2),20200629,3호기,12.0,12to16,0.8788736355486808,True,3,mid,0.7525770737686086,0.018219154328107834,0.5825881230256871,0.5612176060676575,0.018219154328107834,1,1,0.7525770737686086,0.5864047098227045,0.5825881230256871,0.7525770737686086,0.5825881230256871,0.5825881230256871,0.7525770737686086,0.5825881230256871,0.5825881230256871,0.5864047098227045,0.5825881230256871,0.5825881230256871
20260929,14,93,001_20200629_082837(2),20200629,3호기,13.999999999999998,12to16,0.3515494542194723,True,3,low,0.5468485409687446,0.020662926137447357,0.5368634054536481,0.554852306842804,,0,0,0.5468485409687446,0.5368634054536481,0.5368634054536481,0.5368634054536481,0.5368634054536481,0.5368634054536481,0.5468485409687446,0.5368634054536481,0.5368634054536481,0.5468485409687446,0.5368634054536481,0.5368634054536481
20260929,15,93,001_20200629_082837(2),20200629,3호기,13.999999999999998,12to16,0.6063300860988722,False,3,mid,0.7830274330582351,0.013871610164642334,0.7008572608909216,0.5364379286766052,0.013871610164642334,1,1,0.7830274330582351,0.7008572608909216,0.7008572608909216,0.7181914855815438,0.7008572608909216,0.7008572608909216,0.7830274330582351,0.7008572608909216,0.7008572608909216,0.7181914855815438,0.7008572608909216,0.7008572608909216
20260929,16,94,001_20200629_082840(2),20200629,3호기,13.999999999999998,12to16,1.1852141054422243,True,3,high,0.7802071505806456,0.017281614243984222,0.5213547118202718,0.5136018991470337,0.017281614243984222,1,1,0.7802071505806456,0.5213547118202718,0.5213547118202718,0.7802071505806456,0.5213547118202718,0.5213547118202718,0.7802071505806456,0.5213547118202718,0.5213547118202718,0.5742240005717189,0.5213547118202718,0.5213547118202718
20260929,17,94,001_20200629_082840(2),20200629,3호기,12.0,12to16,0.6063300860988722,True,3,mid,0.9241893673942349,0.012990271672606468,0.7109577700674505,0.5374768972396851,0.014733389019966125,1,1,0.9241893673942349,0.7485181116081799,0.7109577700674505,0.7109577700674505,0.7109577700674505,0.7109577700674505,0.7485181116081799,0.7109577700674505,0.7109577700674505,0.7485181116081799,0.7109577700674505,0.7109577700674505
20260929,18,94,001_20200629_082840(2),20200629,3호기,11.0,8to12,0.2377273267562106,False,3,low,0.8421793827726232,0.019902721047401428,0.8023678071932403,0.510823130607605,0.510823130607605,1,0,0.8421793827726232,0.8023678071932403,0.8023678071932403,0.8023678071932403,0.8023678071932403,0.8023678071932403,0.8023678071932403,0.8023678071932403,0.8023678071932403,0.8023678071932403,0.8023678071932403,0.8023678071932403
20260929,19,95,001_20200629_082905(4),20200629,3호기,13.999999999999998,12to16,0.7909862719938128,False,3,mid,0.8210164431781575,0.02378215454518795,0.7412619908122894,0.5478123426437378,0.02378215454518795,1,1,0.8210164431781575,0.7412619908122894,0.7412619908122894,0.8210164431781575,0.7412619908122894,0.7412619908122894,0.8210164431781575,0.7412619908122894,0.7412619908122894,0.7412619908122894,0.7412619908122894,0.7412619908122894
20260929,20,95,001_20200629_082905(4),20200629,3호기,11.0,8to12,0.4754546535124212,False,3,low,0.6012098544445855,0.03869767487049103,0.563265402404884,0.5536980628967285,,0,0,0.6012098544445855,0.563265402404884,0.563265402404884,0.6012098544445855,0.563265402404884,0.563265402404884,0.6012098544445855,0.563265402404884,0.563265402404884,0.6012098544445855,0.563265402404884,0.563265402404884
20260929,21,95,001_20200629_082905(4),20200629,3호기,10.0,8to12,0.2197184088871702,False,3,low,0.6775742471883708,0.06300488859415054,0.6484377692038683,0.528618574142456,,0,0,0.6775742471883708,0.6775742471883708,0.6484377692038683,0.6484377692038683,0.6484377692038683,0.6484377692038683,0.6775742471883708,0.6484377692038683,0.6484377692038683,0.6775742471883708,0.6484377692038683,0.6484377692038683
20260929,22,96,001_20200629_123107(1),20200629,3호기,11.0,8to12,1.1116051578479325,True,3,high,0.795557100737198,0.017708176746964455,0.6414952328859685,0.6096915602684021,0.020837387070059776,1,1,0.795557100737198,0.6840666299338254,0.6414952328859685,0.7188456408746231,0.6414952328859685,0.6414952328859685,0.7188456408746231,0.6414952328859685,0.6414952328859685,0.6840666299338254,0.6414952328859685,0.6414952328859685
20260929,23,96,001_20200629_123107(1),20200629,3호기,11.0,8to12,0.35659099013431594,False,3,low,0.7741854059602541,0.021490290760993958,0.7063241931255668,0.5623278021812439,0.03958551213145256,1,1,0.7741854059602541,0.7063241931255668,0.7063241931255668,0.7656801644978567,0.7063241931255668,0.7063241931255668,0.7656801644978567,0.7063241931255668,0.7063241931255668,0.7656801644978567,0.7063241931255668,0.7063241931255668
20260929,24,96,001_20200629_123107(1),20200629,3호기,8.0,8to12,0.4754546535124212,False,3,low,0.6597115269287143,0.05297001451253891,0.5603446451587034,0.5561451315879822,,0,0,0.6597115269287143,0.6597115269287143,0.5603446451587034,0.6488966358241968,0.5603446451587034,0.5603446451587034,0.6597115269287143,0.5603446451587034,0.5603446451587034,0.6597115269287143,0.5603446451587034,0.5603446451587034
20260929,25,97,001_20200629_123111(6),20200629,3호기,10.0,8to12,1.226480434029782,False,3,high,0.8312098437536539,0.5455158352851868,0.8312098437536539,0.5455158352851868,0.5455158352851868,1,0,0.8312098437536539,0.8312098437536539,0.8312098437536539,0.8312098437536539,0.8312098437536539,0.8312098437536539,0.8312098437536539,0.8312098437536539,0.8312098437536539,0.8312098437536539,0.8312098437536539,0.8312098437536539
20260929,26,97,001_20200629_123111(6),20200629,3호기,9.0,8to12,0.28858363153641925,False,3,low,0.7315604603831851,0.01572255790233612,0.6106465584214533,0.5511690974235535,,0,0,0.7315604603831851,0.6106465584214533,0.6106465584214533,0.6106465584214533,0.6106465584214533,0.6106465584214533,0.7315604603831851,0.6106465584214533,0.6106465584214533,0.6106465584214533,0.6106465584214533,0.6106465584214533
20260929,27,97,001_20200629_123111(6),20200629,3호기,11.0,8to12,0.7131819802686319,False,3,mid,0.8935569442766282,0.014773180708289146,0.8388828916162748,0.5495589971542358,0.5495589971542358,1,0,0.8935569442766282,0.8388828916162748,0.8388828916162748,0.8388828916162748,0.8388828916162748,0.8388828916162748,0.8388828916162748,0.8388828916162748,0.8388828916162748,0.8388828916162748,0.8388828916162748,0.8388828916162748
20260929,28,98,001_20200629_123116(1),20200629,3호기,15.0,12to16,1.113907339411692,True,3,high,0.8337818463980472,0.016413336619734764,0.7184488684788548,0.5766660571098328,0.016413336619734764,1,1,0.8337818463980472,0.7184488684788548,0.7184488684788548,0.7184488684788548,0.7184488684788548,0.7184488684788548,0.7184488684788548,0.7184488684788548,0.7184488684788548,0.7184488684788548,0.7184488684788548,0.7184488684788548
20260929,29,98,001_20200629_123116(1),20200629,3호기,11.0,8to12,0.16385742219503405,False,3,low,0.7234496062844572,0.017866794019937515,0.6781941531035087,0.5463756918907166,,0,0,0.7234496062844572,0.6781941531035087,0.6781941531035087,0.6781941531035087,0.6781941531035087,0.6781941531035087,0.7047897969311783,0.6781941531035087,0.6781941531035087,0.6781941531035087,0.6781941531035087,0.6781941531035087
20260929,30,98,001_20200629_123116(1),20200629,3호기,11.0,8to12,0.5577478143257526,False,3,low,0.7370863567409336,0.018026208505034447,0.6715565816824933,0.526025116443634,,0,0,0.7370863567409336,0.6947953742326173,0.6715565816824933,0.7079879736645639,0.6715565816824933,0.6715565816824933,0.7079879736645639,0.6715565816824933,0.6715565816824933,0.7079879736645639,0.6715565816824933,0.6715565816824933
20260929,31,99,001_20200629_123120(6),20200629,3호기,13.0,12to16,1.054648362658417,False,3,high,0.8218896248509098,0.014819585718214512,0.6587871685157531,0.5386993288993835,0.014819585718214512,1,1,0.8218896248509098,0.6587871685157531,0.6587871685157531,0.8218896248509098,0.6587871685157531,0.6587871685157531,0.8218896248509098,0.6587871685157531,0.6587871685157531,0.667631931980014,0.6587871685157531,0.6587871685157531
20260929,32,99,001_20200629_123120(6),20200629,3호기,15.0,12to16,0.6063300860988722,False,3,mid,0.8820830238859707,0.016132425516843796,0.7645628720618421,0.5703504085540771,0.5703504085540771,1,0,0.8820830238859707,0.8130834608250535,0.7645628720618421,0.7645628720618421,0.7645628720618421,0.7645628720618421,0.8130834608250535,0.7645628720618421,0.7645628720618421,0.8130834608250535,0.7645628720618421,0.7645628720618421
20260929,33,99,001_20200629_123120(6),20200629,3호기,9.0,8to12,0.6063300860988722,False,3,mid,0.7367235215060609,0.017410315573215485,0.6984351979072133,0.5324462056159973,,0,0,0.7367235215060609,0.6984351979072133,0.6984351979072133,0.7367235215060609,0.6984351979072133,0.6984351979072133,0.7367235215060609,0.6984351979072133,0.6984351979072133,0.7367235215060609,0.6984351979072133,0.6984351979072133
20260929,34,100,001_20200629_123125(2),20200629,3호기,11.0,8to12,1.2126601721977444,False,3,high,0.8321067331254384,0.01836741529405117,0.7968461191518132,0.5664152503013611,0.5664152503013611,1,0,0.8321067331254384,0.7968461191518132,0.7968461191518132,0.7968461191518132,0.7968461191518132,0.7968461191518132,0.7968461191518132,0.7968461191518132,0.7968461191518132,0.7968461191518132,0.7968461191518132,0.7968461191518132
20260929,35,100,001_20200629_123125(2),20200629,3호기,12.0,12to16,0.6152115448840766,True,3,mid,0.6250665702403707,0.018426809459924698,0.5279475157083646,0.5637627840042114,,0,0,0.6250665702403707,0.5356300487069624,0.5279475157083646,0.5958868109928349,0.5279475157083646,0.5279475157083646,0.5958868109928349,0.5279475157083646,0.5279475157083646,0.5863005046080404,0.5279475157083646,0.5279475157083646
20260929,36,100,001_20200629_123125(2),20200629,3호기,11.0,8to12,0.5273241813292086,False,3,low,0.853012849608711,0.014206241816282272,0.8021375504107894,0.5301551818847656,0.5301551818847656,1,0,0.853012849608711,0.8021375504107894,0.8021375504107894,0.8021375504107894,0.8021375504107894,0.8021375504107894,0.8021375504107894,0.8021375504107894,0.8021375504107894,0.8021375504107894,0.8021375504107894,0.8021375504107894
20260929,37,120,001_20200811_003323(2),20200811,3호기,12.0,12to16,0.2377273267562106,False,1,low,0.7231639708452131,0.021036678925156593,0.6460876170819803,0.5296486020088196,,0,0,0.7231639708452131,0.6460876170819803,0.6460876170819803,0.6460876170819803,0.6460876170819803,0.6460876170819803,0.7104179677319125,0.6460876170819803,0.6460876170819803,0.6460876170819803,0.6460876170819803,0.6460876170819803
20260929,38,121,001_20200811_003327(0),20200811,3호기,9.0,8to12,1.0100427103774674,False,1,mid,0.8156962094614918,0.5594868063926697,0.8156962094614918,0.5594868063926697,0.5594868063926697,1,0,0.8156962094614918,0.8156962094614918,0.8156962094614918,0.8156962094614918,0.8156962094614918,0.8156962094614918,0.8156962094614918,0.8156962094614918,0.8156962094614918,0.8156962094614918,0.8156962094614918,0.8156962094614918
20260929,39,122,001_20200811_043037(3),20200811,3호기,10.0,8to12,1.154334526145677,False,1,high,0.872250697663662,0.0280580073595047,0.8636262796039037,0.5433284044265747,0.5433284044265747,1,0,0.872250697663662,0.8636262796039037,0.8636262796039037,0.8636262796039037,0.8636262796039037,0.8636262796039037,0.872250697663662,0.8636262796039037,0.8636262796039037,0.8636262796039037,0.8636262796039037,0.8636262796039037
20260929,40,123,001_20200811_043041(6),20200811,3호기,11.0,8to12,0.5771672630728385,False,1,low,0.8738831291301536,0.02154773287475109,0.7358370215308183,0.5450748801231384,0.02154773287475109,1,1,0.8738831291301536,0.7457463310120568,0.7358370215308183,0.7358370215308183,0.7358370215308183,0.7358370215308183,0.8738831291301536,0.7358370215308183,0.7358370215308183,0.7358370215308183,0.7358370215308183,0.7358370215308183
20260929,41,137,001_20200818_083145(2),20200818,3호기,11.0,8to12,0.35659099013431594,False,1,low,0.8433870923869882,0.01899116300046444,0.7815316618717524,0.5244678854942322,0.5244678854942322,1,0,0.8433870923869882,0.7815316618717524,0.7815316618717524,0.7815316618717524,0.7815316618717524,0.7815316618717524,0.7815316618717524,0.7815316618717524,0.7815316618717524,0.7815316618717524,0.7815316618717524,0.7815316618717524
20260929,42,138,001_20200818_083159(7),20200818,3호기,10.0,8to12,0.7131819802686319,False,1,mid,0.8996019406224729,0.020460106432437897,0.6928290521622654,0.5462433099746704,0.020460106432437897,1,1,0.8996019406224729,0.7251700712923129,0.6928290521622654,0.8996019406224729,0.6928290521622654,0.6928290521622654,0.8996019406224729,0.6928290521622654,0.6928290521622654,0.6928290521622654,0.6928290521622654,0.6928290521622654
20260929,43,139,001_20200818_123634(4),20200818,3호기,9.0,8to12,0.5943183168905265,False,1,mid,0.7775605403711956,0.024866586551070213,0.6546730618862682,0.5481478571891785,0.024866586551070213,1,1,0.7775605403711956,0.6546730618862682,0.6546730618862682,0.6774934213333631,0.6546730618862682,0.6546730618862682,0.7775605403711956,0.6546730618862682,0.6546730618862682,0.6546730618862682,0.6546730618862682,0.6546730618862682
20260929,44,140,001_20200818_163230(6),20200818,3호기,9.0,8to12,0.8084401147984963,True,1,mid,0.6444612628604973,0.025269806385040283,0.5455994097797771,0.5253278017044067,,0,0,0.6444612628604973,0.5472117122063308,0.5455994097797771,0.6444612628604973,0.5455994097797771,0.5455994097797771,0.6444612628604973,0.5455994097797771,0.5455994097797771,0.6444612628604973,0.5455994097797771,0.5455994097797771
20260929,45,141,001_20200818_163233(9),20200818,3호기,12.0,12to16,0.8657508946092578,True,1,mid,0.819413801355266,0.039113275706768036,0.7377812607655306,0.5578306913375854,0.1272832602262497,1,1,0.819413801355266,0.7680511204570845,0.7377812607655306,0.7377812607655306,0.7377812607655306,0.7377812607655306,0.819413801355266,0.7377812607655306,0.7377812607655306,0.7680511204570845,0.7377812607655306,0.7377812607655306
20260929,46,142,001_20200818_203601(4),20200818,3호기,9.0,8to12,0.7726138119576845,False,1,mid,0.8831213387682545,0.019064154475927353,0.6142171941105508,0.5446451306343079,0.019064154475927353,1,1,0.8831213387682545,0.6142171941105508,0.6142171941105508,0.8831213387682545,0.6142171941105508,0.6142171941105508,0.8831213387682545,0.6142171941105508,0.6142171941105508,0.8831213387682545,0.6142171941105508,0.6142171941105508
20260929,47,143,001_20200818_203607(4),20200818,3호기,10.0,8to12,0.8657508946092578,False,1,mid,0.745056586269943,0.5328710079193115,0.745056586269943,0.5328710079193115,,0,0,0.745056586269943,0.745056586269943,0.745056586269943,0.745056586269943,0.745056586269943,0.745056586269943,0.745056586269943,0.745056586269943,0.745056586269943,0.745056586269943,0.745056586269943,0.745056586269943
20260929,48,340,002_20200629_082630(7),20200629,1호기,11.0,8to12,1.3901175281182865,False,3,high,0.8336953847650707,0.021566351875662804,0.6291247043909239,0.562580943107605,0.08281110227108002,1,1,0.8336953847650707,0.8319588270996248,0.6291247043909239,0.8319588270996248,0.8319588270996248,0.6291247043909239,0.8319588270996248,0.8319588270996248,0.6291247043909239,0.8319588270996248,0.6291247043909239,0.6291247043909239
20260929,49,340,002_20200629_082630(7),20200629,1호기,9.0,8to12,1.0610776506730264,False,3,high,0.8231727100397076,0.09569510817527771,0.6493529785500333,0.5495383143424988,0.09569510817527771,1,1,0.8231727100397076,0.8231727100397076,0.6493529785500333,0.8064471089036033,0.6493529785500333,0.6493529785500333,0.8064471089036033,0.6493529785500333,0.6493529785500333,0.8231727100397076,0.6493529785500333,0.6493529785500333
20260929,50,340,002_20200629_082630(7),20200629,1호기,8.0,8to12,1.3137151865475565,False,3,high,0.7724536342273186,0.02221709117293358,0.656625135096962,0.5417683124542236,0.02221709117293358,1,1,0.7724536342273186,0.656625135096962,0.656625135096962,0.656625135096962,0.656625135096962,0.656625135096962,0.6858298867280122,0.656625135096962,0.656625135096962,0.656625135096962,0.656625135096962,0.656625135096962
20260929,51,341,002_20200629_082639(2),20200629,1호기,9.0,8to12,1.3996018910176662,False,3,high,0.8791445036149181,0.07814692705869675,0.7967065847332178,0.5723775029182434,0.5723775029182434,1,0,0.8791445036149181,0.8791445036149181,0.7967065847332178,0.7967065847332178,0.7967065847332178,0.7967065847332178,0.8791445036149181,0.7967065847332178,0.7967065847332178,0.8791445036149181,0.7967065847332178,0.7967065847332178
20260929,52,341,002_20200629_082639(2),20200629,1호기,6.999999999999999,lt8,1.587209973450306,False,3,high,0.6790839117835009,0.02290245331823826,0.6257107230790773,0.5533899664878845,,0,0,0.6790839117835009,0.6401386253575315,0.6257107230790773,0.6257107230790773,0.6257107230790773,0.6257107230790773,0.6790839117835009,0.6257107230790773,0.6257107230790773,0.6257107230790773,0.6257107230790773,0.6257107230790773
20260929,53,341,002_20200629_082639(2),20200629,1호기,8.0,8to12,2.1643772365231446,False,3,high,0.8727524043632999,0.020274145528674126,0.8037663693924819,0.5479980707168579,0.5479980707168579,1,0,0.8727524043632999,0.8037663693924819,0.8037663693924819,0.8037663693924819,0.8037663693924819,0.8037663693924819,0.8037663693924819,0.8037663693924819,0.8037663693924819,0.8037663693924819,0.8037663693924819,0.8037663693924819
20260929,54,342,002_20200629_082642(2),20200629,1호기,9.0,8to12,0.966760999103549,False,3,mid,0.8067086265005128,0.03667068853974342,0.8051659280556063,0.5447556376457214,0.5447556376457214,1,0,0.8067086265005128,0.8051659280556063,0.8051659280556063,0.8051659280556063,0.8051659280556063,0.8051659280556063,0.8051659280556063,0.8051659280556063,0.8051659280556063,0.8051659280556063,0.8051659280556063,0.8051659280556063
20260929,55,342,002_20200629_082642(2),20200629,1호기,10.0,8to12,0.8657508946092578,False,3,mid,0.8393944483705461,0.015177820809185505,0.6585176455457713,0.5253380537033081,0.045566070824861526,1,1,0.8393944483705461,0.6585176455457713,0.6585176455457713,0.7820143612713677,0.6585176455457713,0.6585176455457713,0.8393944483705461,0.6585176455457713,0.6585176455457713,0.7820143612713677,0.6585176455457713,0.6585176455457713
20260929,56,342,002_20200629_082642(2),20200629,1호기,10.0,8to12,0.6152115448840766,False,3,mid,0.7655499302164958,0.012249372899532318,0.6581348729653829,0.5406724214553833,0.012249372899532318,1,1,0.7655499302164958,0.6581348729653829,0.6581348729653829,0.7430079772882818,0.6581348729653829,0.6581348729653829,0.7430079772882818,0.6581348729653829,0.6581348729653829,0.6581348729653829,0.6581348729653829,0.6581348729653829
20260929,57,343,002_20200629_082645(4),20200629,1호기,10.0,8to12,1.3943695358143817,False,3,high,0.8805650205004404,0.015674136579036713,0.6573362796162968,0.5520342588424683,0.01917761191725731,1,1,0.8805650205004404,0.6573362796162968,0.6573362796162968,0.8805650205004404,0.6573362796162968,0.6573362796162968,0.8805650205004404,0.6573362796162968,0.6573362796162968,0.8805650205004404,0.6573362796162968,0.6573362796162968
20260929,58,343,002_20200629_082645(4),20200629,1호기,6.0,lt8,0.28858363153641925,False,3,low,0.7067086431414478,0.021566839888691902,0.5611655338709717,0.5598490834236145,,0,0,0.7067086431414478,0.5611655338709717,0.5611655338709717,0.7067086431414478,0.5611655338709717,0.5611655338709717,0.7067086431414478,0.5611655338709717,0.5611655338709717,0.598041855973961,0.5611655338709717,0.5611655338709717
20260929,59,343,002_20200629_082645(4),20200629,1호기,8.0,8to12,1.3642426937224625,False,3,high,0.8129526218712907,0.027461882680654526,0.734656334180777,0.5492838621139526,0.027461882680654526,1,1,0.8129526218712907,0.734656334180777,0.734656334180777,0.734656334180777,0.734656334180777,0.734656334180777,0.734656334180777,0.734656334180777,0.734656334180777,0.734656334180777,0.734656334180777,0.734656334180777
20260929,60,344,002_20200629_082823(5),20200629,2호기,9.0,8to12,0.8553122667330182,False,3,mid,0.835339171999583,0.023087671026587486,0.7865428746549207,0.6023841500282288,0.6023841500282288,1,0,0.835339171999583,0.7865428746549207,0.7865428746549207,0.7865428746549207,0.7865428746549207,0.7865428746549207,0.7865428746549207,0.7865428746549207,0.7865428746549207,0.7865428746549207,0.7865428746549207,0.7865428746549207
20260929,61,344,002_20200629_082823(5),20200629,2호기,10.0,8to12,1.0697729704029477,False,3,high,0.8682302852746662,0.02321874350309372,0.7478902210445018,0.5829746723175049,0.06731764227151871,1,1,0.8682302852746662,0.8055316521063186,0.7478902210445018,0.7478902210445018,0.7478902210445018,0.7478902210445018,0.8682302852746662,0.7478902210445018,0.7478902210445018,0.8055316521063186,0.7478902210445018,0.7478902210445018
20260929,62,344,002_20200629_082823(5),20200629,2호기,10.0,8to12,0.8657508946092578,False,3,mid,0.874935739044771,0.01876022480428219,0.8001126228078561,0.5798766613006592,0.5798766613006592,1,0,0.874935739044771,0.8289356261772185,0.8001126228078561,0.8001126228078561,0.8001126228078561,0.8001126228078561,0.8289356261772185,0.8001126228078561,0.8001126228078561,0.8289356261772185,0.8001126228078561,0.8001126228078561
20260929,63,345,002_20200629_082828(5),20200629,2호기,11.0,8to12,1.2549325822329433,False,3,high,0.9157649791985154,0.012090055271983147,0.8008477252460604,0.5978479385375977,0.5978479385375977,1,0,0.9157649791985154,0.8008477252460604,0.8008477252460604,0.8008477252460604,0.8008477252460604,0.8008477252460604,0.8008477252460604,0.8008477252460604,0.8008477252460604,0.8008477252460604,0.8008477252460604,0.8008477252460604
20260929,64,345,002_20200629_082828(5),20200629,2호기,9.0,8to12,0.5771672630728385,False,3,low,0.8849130315433908,0.0343751385807991,0.8743010033663893,0.5805796384811401,0.5805796384811401,1,0,0.8849130315433908,0.8743010033663893,0.8743010033663893,0.8743010033663893,0.8743010033663893,0.8743010033663893,0.8849130315433908,0.8743010033663893,0.8743010033663893,0.8743010033663893,0.8743010033663893,0.8743010033663893
20260929,65,345,002_20200629_082828(5),20200629,2호기,9.0,8to12,0.4125582738561822,False,3,low,0.8412709113565978,0.06884077191352844,0.8177742938300725,0.5990039110183716,0.5990039110183716,1,0,0.8412709113565978,0.8412709113565978,0.8177742938300725,0.8177742938300725,0.8177742938300725,0.8177742938300725,0.8177742938300725,0.8177742938300725,0.8177742938300725,0.8412709113565978,0.8177742938300725,0.8177742938300725
20260929,66,346,002_20200629_082831(3),20200629,2호기,10.0,8to12,1.244090569793481,False,3,high,0.8271171031626321,0.017903001978993416,0.7676673838592327,0.6246045827865601,0.6246045827865601,1,0,0.8271171031626321,0.7676673838592327,0.7676673838592327,0.7676673838592327,0.7676673838592327,0.7676673838592327,0.7676673838592327,0.7676673838592327,0.7676673838592327,0.7676673838592327,0.7676673838592327,0.7676673838592327
20260929,67,346,002_20200629_082831(3),20200629,2호기,9.0,8to12,0.3031650430494361,False,3,low,0.7119731346495736,0.015108538791537285,0.6312953348748864,0.5919820070266724,,0,0,0.7119731346495736,0.6493792261944303,0.6312953348748864,0.6312953348748864,0.6312953348748864,0.6312953348748864,0.6479423351321473,0.6312953348748864,0.6312953348748864,0.6312953348748864,0.6312953348748864,0.6312953348748864
20260929,68,346,002_20200629_082831(3),20200629,2호기,9.0,8to12,0.34859238395359543,False,3,low,0.7575022250484368,0.017570041120052338,0.7306821807684389,0.5793731212615967,0.017570041120052338,1,1,0.7575022250484368,0.7398498881087741,0.7306821807684389,0.7306821807684389,0.7306821807684389,0.7306821807684389,0.7306821807684389,0.7306821807684389,0.7306821807684389,0.7398498881087741,0.7306821807684389,0.7306821807684389
20260929,69,347,002_20200629_082834(2),20200629,2호기,10.0,8to12,1.359510297419022,False,3,high,0.8811289978965765,0.6176368594169617,0.8811289978965765,0.6176368594169617,0.6176368594169617,1,0,0.8811289978965765,0.8811289978965765,0.8811289978965765,0.8811289978965765,0.8811289978965765,0.8811289978965765,0.8811289978965765,0.8811289978965765,0.8811289978965765,0.8811289978965765,0.8811289978965765,0.8811289978965765
20260929,70,347,002_20200629_082834(2),20200629,2호기,9.0,8to12,1.1310206653633,False,3,high,0.8959378486390794,0.017041219398379326,0.8280868438589195,0.5952205657958984,0.5952205657958984,1,0,0.8959378486390794,0.8280868438589195,0.8280868438589195,0.8280868438589195,0.8280868438589195,0.8280868438589195,0.8280868438589195,0.8280868438589195,0.8280868438589195,0.8280868438589195,0.8280868438589195,0.8280868438589195
20260929,71,347,002_20200629_082834(2),20200629,2호기,8.0,8to12,0.5831674545906942,False,3,low,0.8442539040107195,0.014819154515862465,0.8015039157211613,0.5938175320625305,0.5938175320625305,1,0,0.8442539040107195,0.8015039157211613,0.8015039157211613,0.8015039157211613,0.8015039157211613,0.8015039157211613,0.8060915576676546,0.8015039157211613,0.8015039157211613,0.8015039157211613,0.8015039157211613,0.8015039157211613
20260929,72,348,002_20200629_082837(0),20200629,2호기,9.0,8to12,1.188636633781053,False,3,high,0.7541254692080667,0.027583831921219826,0.7237362201768149,0.6028006672859192,0.027583831921219826,1,1,0.7541254692080667,0.7237362201768149,0.7237362201768149,0.7237362201768149,0.7237362201768149,0.7237362201768149,0.7237362201768149,0.7237362201768149,0.7237362201768149,0.7237362201768149,0.7237362201768149,0.7237362201768149
20260929,73,348,002_20200629_082837(0),20200629,2호기,8.0,8to12,0.7342413451301443,False,3,mid,0.7336507401007691,0.01961256004869938,0.6898235244557184,0.5914838314056396,,0,0,0.7336507401007691,0.7181764738081041,0.6898235244557184,0.6898235244557184,0.6898235244557184,0.6898235244557184,0.7181764738081041,0.6898235244557184,0.6898235244557184,0.7181764738081041,0.6898235244557184,0.6898235244557184
20260929,74,348,002_20200629_082837(0),20200629,2호기,8.0,8to12,0.3954931359969064,False,3,low,0.8090174271905459,0.021049536764621735,0.7175217121929356,0.5686495900154114,0.021049536764621735,1,1,0.8090174271905459,0.7175217121929356,0.7175217121929356,0.7175217121929356,0.7175217121929356,0.7175217121929356,0.7371422261451483,0.7175217121929356,0.7175217121929356,0.7175217121929356,0.7175217121929356,0.7175217121929356
20260929,75,349,002_20200629_082839(9),20200629,2호기,10.0,8to12,1.3183104533230212,False,3,high,0.7919487539771437,0.01405776385217905,0.7377403109387188,0.6186614632606506,0.01870117522776127,1,1,0.7919487539771437,0.7377403109387188,0.7377403109387188,0.7919487539771437,0.7377403109387188,0.7377403109387188,0.7919487539771437,0.7377403109387188,0.7377403109387188,0.7377403109387188,0.7377403109387188,0.7377403109387188
20260929,76,349,002_20200629_082839(9),20200629,2호기,6.999999999999999,lt8,0.5506810088476082,False,3,low,0.6925046366295446,0.015821071341633797,0.66398308774664,0.6010119318962097,,0,0,0.6925046366295446,0.6763152560864938,0.66398308774664,0.66398308774664,0.66398308774664,0.66398308774664,0.6925046366295446,0.66398308774664,0.66398308774664,0.6763152560864938,0.66398308774664,0.66398308774664
20260929,77,349,002_20200629_082839(9),20200629,2호기,8.0,8to12,0.3076057724420383,False,3,low,0.8117340441322287,0.07162840664386749,0.7837533772156208,0.6019728779792786,0.6019728779792786,1,0,0.8117340441322287,0.8117340441322287,0.7837533772156208,0.7837533772156208,0.7837533772156208,0.7837533772156208,0.7837533772156208,0.7837533772156208,0.7837533772156208,0.8117340441322287,0.7837533772156208,0.7837533772156208
20260929,78,350,002_20200629_123442(5),20200629,2호기,8.0,8to12,0.6950587640591432,False,3,mid,0.7510894880792256,0.018153753131628036,0.5848020401726344,0.6067646741867065,0.018153753131628036,1,1,0.7510894880792256,0.5848020401726344,0.5848020401726344,0.5848020401726344,0.5848020401726344,0.5848020401726344,0.7510894880792256,0.5848020401726344,0.5848020401726344,0.7510894880792256,0.5848020401726344,0.5848020401726344
20260929,79,350,002_20200629_123442(5),20200629,2호기,9.0,8to12,1.6520430265428245,False,3,high,0.8788471141539471,0.041180096566677094,0.8677950271723636,0.5763466954231262,0.5763466954231262,1,0,0.8788471141539471,0.8677950271723636,0.8677950271723636,0.8677950271723636,0.8677950271723636,0.8677950271723636,0.8677950271723636,0.8677950271723636,0.8677950271723636,0.8788471141539471,0.8677950271723636,0.8677950271723636
20260929,80,350,002_20200629_123442(5),20200629,2호기,10.0,8to12,0.9871297088437422,False,3,mid,0.858650809370329,0.01845255121588707,0.77457871187796,0.5960752964019775,0.5960752964019775,1,0,0.858650809370329,0.77457871187796,0.77457871187796,0.77457871187796,0.77457871187796,0.77457871187796,0.77457871187796,0.77457871187796,0.77457871187796,0.8147847895403411,0.77457871187796,0.77457871187796
20260929,81,351,002_20200629_123447(0),20200629,2호기,9.0,8to12,1.4429181576820964,False,3,high,0.8020333739585961,0.01841387338936329,0.741419769662462,0.6024750471115112,0.018881220370531082,1,1,0.8020333739585961,0.741419769662462,0.741419769662462,0.741419769662462,0.741419769662462,0.741419769662462,0.8020333739585961,0.741419769662462,0.741419769662462,0.8020333739585961,0.741419769662462,0.741419769662462
20260929,82,351,002_20200629_123447(0),20200629,2호기,7.0,lt8,0.28858363153641925,False,3,low,0.6282539942329884,0.01506933756172657,0.6027944386220577,0.6060671210289001,,0,0,0.6282539942329884,0.6027944386220577,0.6027944386220577,0.6027944386220577,0.6027944386220577,0.6027944386220577,0.6165759361134846,0.6027944386220577,0.6027944386220577,0.6165759361134846,0.6027944386220577,0.6027944386220577
20260929,83,351,002_20200629_123447(0),20200629,2호기,9.0,8to12,1.9018186140496849,False,3,high,0.8767650812797291,0.018838347867131233,0.7047925272060992,0.6069289445877075,0.018838347867131233,1,1,0.8767650812797291,0.7047925272060992,0.7047925272060992,0.7047925272060992,0.7047925272060992,0.7047925272060992,0.8767650812797291,0.7047925272060992,0.7047925272060992,0.8767650812797291,0.7047925272060992,0.7047925272060992
20260929,84,352,002_20200629_123451(5),20200629,2호기,9.0,8to12,1.3654785182919504,False,3,high,0.8114298397914662,0.021095793694257736,0.7957258384635347,0.5988884568214417,0.5988884568214417,1,0,0.8114298397914662,0.7957258384635347,0.7957258384635347,0.7957258384635347,0.7957258384635347,0.7957258384635347,0.8114298397914662,0.7957258384635347,0.7957258384635347,0.7957258384635347,0.7957258384635347,0.7957258384635347
20260929,85,352,002_20200629_123451(5),20200629,2호기,9.0,8to12,1.1013620176952164,False,3,high,0.8512840900843047,0.01863405853509903,0.7947699521669626,0.59043949842453,0.59043949842453,1,0,0.8512840900843047,0.7947699521669626,0.7947699521669626,0.7947699521669626,0.7947699521669626,0.7947699521669626,0.7947699521669626,0.7947699521669626,0.7947699521669626,0.7947699521669626,0.7947699521669626,0.7947699521669626
20260929,86,352,002_20200629_123451(5),20200629,2호기,9.0,8to12,0.7073851004486843,False,3,mid,0.8612204907084885,0.020116090774536133,0.744372872469769,0.5835177302360535,0.020116090774536133,1,1,0.8612204907084885,0.744372872469769,0.744372872469769,0.744372872469769,0.744372872469769,0.744372872469769,0.8612204907084885,0.744372872469769,0.744372872469769,0.744372872469769,0.744372872469769,0.744372872469769
20260929,87,353,002_20200629_123456(0),20200629,2호기,8.0,8to12,1.0923828146335604,False,3,high,0.7232187746597118,0.024536585435271263,0.6863086737643602,0.6072786450386047,,0,0,0.7232187746597118,0.7016930503424018,0.6863086737643602,0.7232187746597118,0.6863086737643602,0.6863086737643602,0.7232187746597118,0.6863086737643602,0.6863086737643602,0.7232187746597118,0.6863086737643602,0.6863086737643602
20260929,88,353,002_20200629_123456(0),20200629,2호기,7.0,lt8,0.36712067256507214,False,3,low,0.6921855537834666,0.019173067063093185,0.531744954006195,0.586396336555481,,0,0,0.6921855537834666,0.5414178847313227,0.531744954006195,0.6921855537834666,0.531744954006195,0.531744954006195,0.6921855537834666,0.531744954006195,0.531744954006195,0.6921855537834666,0.531744954006195,0.531744954006195
20260929,89,353,002_20200629_123456(0),20200629,2호기,6.999999999999999,lt8,1.0100427103774674,False,3,mid,0.7418085677575154,0.028693407773971558,0.5330098432748172,0.580386757850647,,0,0,0.7418085677575154,0.5372446194828553,0.5330098432748172,0.5330098432748172,0.5330098432748172,0.5330098432748172,0.6495070850329552,0.5330098432748172,0.5330098432748172,0.7418085677575154,0.5330098432748172,0.5330098432748172
20260929,90,354,002_20200629_123500(5),20200629,2호기,9.0,8to12,1.2304230897681532,False,3,high,0.8035480234863193,0.61143958568573,0.8035480234863193,0.61143958568573,0.61143958568573,1,0,0.8035480234863193,0.8035480234863193,0.8035480234863193,0.8035480234863193,0.8035480234863193,0.8035480234863193,0.8035480234863193,0.8035480234863193,0.8035480234863193,0.8035480234863193,0.8035480234863193,0.8035480234863193
20260929,91,354,002_20200629_123500(5),20200629,2호기,9.0,8to12,0.6374163391054923,False,3,mid,0.8814509965722774,0.017761878669261932,0.8036477368802031,0.6082985401153564,0.6082985401153564,1,0,0.8814509965722774,0.8036477368802031,0.8036477368802031,0.8036477368802031,0.8036477368802031,0.8036477368802031,0.8339818236760183,0.8036477368802031,0.8036477368802031,0.8036477368802031,0.8036477368802031,0.8036477368802031
20260929,92,354,002_20200629_123500(5),20200629,2호기,9.0,8to12,1.8757936049867252,False,3,high,0.8882649003329623,0.03211545944213867,0.6559684049770939,0.6017608642578125,0.03211545944213867,1,1,0.8882649003329623,0.6559684049770939,0.6559684049770939,0.8882649003329623,0.6559684049770939,0.6559684049770939,0.8882649003329623,0.6559684049770939,0.6559684049770939,0.8882649003329623,0.6559684049770939,0.6559684049770939
20260929,93,355,002_20200629_123505(0),20200629,2호기,8.0,8to12,0.6609231152027868,False,3,mid,0.7605964233851978,0.016657181084156036,0.6952441597813696,0.5972601771354675,0.016657181084156036,1,1,0.7605964233851978,0.6952441597813696,0.6952441597813696,0.6952441597813696,0.6952441597813696,0.6952441597813696,0.6952441597813696,0.6952441597813696,0.6952441597813696,0.7436382210590078,0.6952441597813696,0.6952441597813696
20260929,94,355,002_20200629_123505(0),20200629,2호기,7.0,lt8,1.154334526145677,False,3,high,0.6828488015235076,0.01806575432419777,0.5633035840668876,0.5930426120758057,,0,0,0.6828488015235076,0.5633035840668876,0.5633035840668876,0.5633035840668876,0.5633035840668876,0.5633035840668876,0.6828488015235076,0.5633035840668876,0.5633035840668876,0.5633035840668876,0.5633035840668876,0.5633035840668876
20260929,95,355,002_20200629_123505(0),20200629,2호기,7.0,lt8,1.2986263419138866,False,3,high,0.5778623879526626,0.014754453673958778,0.5397569340281833,0.5886939167976379,,0,0,0.5778623879526626,0.5397569340281833,0.5397569340281833,0.5397569340281833,0.5397569340281833,0.5397569340281833,0.5397569340281833,0.5397569340281833,0.5397569340281833,0.5397569340281833,0.5397569340281833,0.5397569340281833
20260929,96,356,002_20200629_163656(7),20200629,2호기,9.0,8to12,1.587209973450306,False,3,high,0.7454796488524367,0.6034373044967651,0.7454796488524367,0.6034373044967651,,0,0,0.7454796488524367,0.7454796488524367,0.7454796488524367,0.7454796488524367,0.7454796488524367,0.7454796488524367,0.7454796488524367,0.7454796488524367,0.7454796488524367,0.7454796488524367,0.7454796488524367,0.7454796488524367
20260929,97,356,002_20200629_163656(7),20200629,2호기,9.0,8to12,0.5043881771411278,False,3,low,0.8972735858082256,0.022632643580436707,0.7151552301582332,0.5937783718109131,0.02475549466907978,1,1,0.8972735858082256,0.7151552301582332,0.7151552301582332,0.7151552301582332,0.7151552301582332,0.7151552301582332,0.8972735858082256,0.7151552301582332,0.7151552301582332,0.8972735858082256,0.7151552301582332,0.7151552301582332
20260929,98,356,002_20200629_163656(7),20200629,2호기,8.0,8to12,0.7726138119576845,False,3,mid,0.7257467504194348,0.022630875930190086,0.7009874298324228,0.57706218957901,,0,0,0.7257467504194348,0.7009874298324228,0.7009874298324228,0.7009874298324228,0.7009874298324228,0.7009874298324228,0.7257467504194348,0.7009874298324228,0.7009874298324228,0.7009874298324228,0.7009874298324228,0.7009874298324228
20260929,99,357,002_20200629_163659(7),20200629,2호기,6.999999999999999,lt8,1.2126601721977444,False,3,high,0.6859907486241008,0.02150554209947586,0.6790428209589894,0.6036953926086426,,0,0,0.6859907486241008,0.6790428209589894,0.6790428209589894,0.6790428209589894,0.6790428209589894,0.6790428209589894,0.6859907486241008,0.6790428209589894,0.6790428209589894,0.6859907486241008,0.6790428209589894,0.6790428209589894
20260929,100,357,002_20200629_163659(7),20200629,2호기,6.999999999999999,lt8,0.8657508946092578,False,3,mid,0.7507505007594013,0.017151203006505966,0.5328602160781166,0.5851739048957825,0.017151203006505966,1,1,0.7507505007594013,0.5328602160781166,0.5328602160781166,0.7175577400948834,0.5328602160781166,0.5328602160781166,0.7175577400948834,0.5328602160781166,0.5328602160781166,0.6763657900172837,0.5328602160781166,0.5328602160781166
20260929,101,357,002_20200629_163659(7),20200629,2호기,8.0,8to12,0.611080295950888,False,3,mid,0.6976189668303696,0.016362983733415604,0.6276800775559475,0.5824956297874451,,0,0,0.6976189668303696,0.6359900926148127,0.6276800775559475,0.6276800775559475,0.6276800775559475,0.6276800775559475,0.6651574048969445,0.6276800775559475,0.6276800775559475,0.6359900926148127,0.6276800775559475,0.6276800775559475
20260929,102,358,002_20200629_163702(8),20200629,2호기,10.0,8to12,1.4061978168778893,False,3,high,0.8103836155257882,0.02135467156767845,0.8001677447107872,0.6002102494239807,0.6002102494239807,1,0,0.8103836155257882,0.8001677447107872,0.8001677447107872,0.8001677447107872,0.8001677447107872,0.8001677447107872,0.8001677447107872,0.8001677447107872,0.8001677447107872,0.8001677447107872,0.8001677447107872,0.8001677447107872
20260929,103,358,002_20200629_163702(8),20200629,2호기,9.0,8to12,1.3767025221190206,False,3,high,0.8119762370719642,0.017919469624757767,0.7313164368452809,0.5949109792709351,0.024771301075816154,1,1,0.8119762370719642,0.7313164368452809,0.7313164368452809,0.7313164368452809,0.7313164368452809,0.7313164368452809,0.8063277041242327,0.7313164368452809,0.7313164368452809,0.7313164368452809,0.7313164368452809,0.7313164368452809
20260929,104,358,002_20200629_163702(8),20200629,2호기,9.0,8to12,0.7073851004486843,False,3,mid,0.77589643269781,0.04751692712306976,0.7046205513387045,0.5930966138839722,0.04751692712306976,1,1,0.77589643269781,0.7046205513387045,0.7046205513387045,0.7046205513387045,0.7046205513387045,0.7046205513387045,0.7046205513387045,0.7046205513387045,0.7046205513387045,0.77589643269781,0.7046205513387045,0.7046205513387045
20260929,105,359,002_20200629_163705(8),20200629,2호기,9.0,8to12,1.4061978168778893,False,3,high,0.7494792401988333,0.26093727350234985,0.7314171327262332,0.5977010130882263,,0,0,0.7494792401988333,0.7494792401988333,0.7494792401988333,0.7314171327262332,0.7314171327262332,0.7314171327262332,0.7494792401988333,0.7314171327262332,0.7314171327262332,0.7494792401988333,0.7314171327262332,0.7314171327262332
20260929,106,359,002_20200629_163705(8),20200629,2호기,9.0,8to12,0.5771672630728385,False,3,low,0.8348894909600838,0.03377050906419754,0.7968029637686611,0.5946858525276184,0.5946858525276184,1,0,0.8348894909600838,0.7968029637686611,0.7968029637686611,0.7968029637686611,0.7968029637686611,0.7968029637686611,0.7968029637686611,0.7968029637686611,0.7968029637686611,0.7968029637686611,0.7968029637686611,0.7968029637686611
20260929,107,359,002_20200629_163705(8),20200629,2호기,8.0,8to12,0.6998009455088331,False,3,mid,0.7749049649083802,0.017827477306127548,0.7389327521123179,0.5910759568214417,0.025232572108507156,1,1,0.7749049649083802,0.7389327521123179,0.7389327521123179,0.7389327521123179,0.7389327521123179,0.7389327521123179,0.7389327521123179,0.7389327521123179,0.7389327521123179,0.7389327521123179,0.7389327521123179,0.7389327521123179
20260929,108,360,002_20200629_163708(9),20200629,2호기,9.0,8to12,1.0697729704029477,False,3,high,0.8608523900515536,0.027468932792544365,0.729778686243114,0.5869672298431396,0.028250601142644882,1,1,0.8608523900515536,0.729778686243114,0.729778686243114,0.729778686243114,0.729778686243114,0.729778686243114,0.8608523900515536,0.729778686243114,0.729778686243114,0.8608523900515536,0.729778686243114,0.729778686243114
20260929,109,360,002_20200629_163708(9),20200629,2호기,6.999999999999999,lt8,0.5771672630728385,False,3,low,0.7963804712889458,0.03786826506257057,0.6519924528414117,0.5849149227142334,0.03786826506257057,1,1,0.7963804712889458,0.6519924528414117,0.6519924528414117,0.7963804712889458,0.6519924528414117,0.6519924528414117,0.7963804712889458,0.6519924528414117,0.6519924528414117,0.7963804712889458,0.6519924528414117,0.6519924528414117
20260929,110,360,002_20200629_163708(9),20200629,2호기,9.0,8to12,1.8757936049867252,False,3,high,0.6966487174260131,0.02591470256447792,0.6224844960807322,0.6001572608947754,,0,0,0.6966487174260131,0.6799493712873366,0.6799493712873366,0.6740913143870286,0.6224844960807322,0.6224844960807322,0.6799493712873366,0.6224844960807322,0.6224844960807322,0.6799493712873366,0.6799493712873366,0.6799493712873366
20260929,111,361,002_20200629_163711(8),20200629,2호기,9.0,8to12,0.771939626969365,False,3,mid,0.843868360961904,0.027912117540836334,0.826854761247338,0.5977916121482849,0.5977916121482849,1,0,0.843868360961904,0.8294114942115763,0.826854761247338,0.826854761247338,0.826854761247338,0.826854761247338,0.826854761247338,0.826854761247338,0.826854761247338,0.826854761247338,0.826854761247338,0.826854761247338
20260929,112,361,002_20200629_163711(8),20200629,2호기,8.0,8to12,0.4328754473046289,False,3,low,0.7525514053786416,0.018048996105790138,0.7333849811435138,0.5958311557769775,0.018048996105790138,1,1,0.7525514053786416,0.7333849811435138,0.7333849811435138,0.7333849811435138,0.7333849811435138,0.7333849811435138,0.7333849811435138,0.7333849811435138,0.7333849811435138,0.7333849811435138,0.7333849811435138,0.7333849811435138
20260929,113,361,002_20200629_163711(8),20200629,2호기,6.0,lt8,0.9094951291483083,False,3,mid,0.6149497405505278,0.020488420501351357,0.5278051581689462,0.5942485332489014,,0,0,0.6149497405505278,0.5278051581689462,0.5278051581689462,0.5806337135338056,0.5278051581689462,0.5278051581689462,0.5806337135338056,0.5278051581689462,0.5278051581689462,0.5806337135338056,0.5278051581689462,0.5278051581689462
20260929,114,387,002_20200715_002443(4),20200715,1호기,8.0,8to12,2.020085420754935,False,3,high,0.83802957615145,0.016016177833080292,0.7938145231297,0.5678028464317322,0.5678028464317322,1,0,0.83802957615145,0.7938145231297,0.7938145231297,0.7938145231297,0.7938145231297,0.7938145231297,0.7938145231297,0.7938145231297,0.7938145231297,0.7938145231297,0.7938145231297,0.7938145231297
20260929,115,387,002_20200715_002443(4),20200715,1호기,9.0,8to12,0.7131819802686319,False,3,mid,0.824941541684237,0.01885388232767582,0.7344074306265999,0.5346447825431824,0.03359219804406166,1,1,0.824941541684237,0.7344074306265999,0.7344074306265999,0.7344074306265999,0.7344074306265999,0.7344074306265999,0.8123471707577199,0.7344074306265999,0.7344074306265999,0.7344074306265999,0.7344074306265999,0.7344074306265999
20260929,116,387,002_20200715_002443(4),20200715,1호기,9.0,8to12,1.4652977080722747,False,3,high,0.86599702496223,0.01669137179851532,0.7782058875638211,0.5476440191268921,0.5476440191268921,1,0,0.86599702496223,0.7782058875638211,0.7782058875638211,0.8230531445530552,0.7782058875638211,0.7782058875638211,0.8230531445530552,0.7782058875638211,0.7782058875638211,0.7782058875638211,0.7782058875638211,0.7782058875638211
20260929,117,388,002_20200715_002447(9),20200715,1호기,8.0,8to12,1.2126601721977444,False,3,high,0.8365551389657739,0.5447116494178772,0.8365551389657739,0.5447116494178772,0.5447116494178772,1,0,0.8365551389657739,0.8365551389657739,0.8365551389657739,0.8365551389657739,0.8365551389657739,0.8365551389657739,0.8365551389657739,0.8365551389657739,0.8365551389657739,0.8365551389657739,0.8365551389657739,0.8365551389657739
20260929,118,388,002_20200715_002447(9),20200715,1호기,8.0,8to12,0.7131819802686319,False,3,mid,0.823710183438147,0.5486354827880859,0.823710183438147,0.5486354827880859,0.5486354827880859,1,0,0.823710183438147,0.823710183438147,0.823710183438147,0.823710183438147,0.823710183438147,0.823710183438147,0.823710183438147,0.823710183438147,0.823710183438147,0.823710183438147,0.823710183438147,0.823710183438147
20260929,119,388,002_20200715_002447(9),20200715,1호기,10.0,8to12,1.1425357262132851,False,3,high,0.8257097128142836,0.03290707617998123,0.6379763997487521,0.5275127291679382,0.03290707617998123,1,1,0.8257097128142836,0.6989747182899483,0.6379763997487521,0.8257097128142836,0.6379763997487521,0.6379763997487521,0.8257097128142836,0.6379763997487521,0.6379763997487521,0.8257097128142836,0.6379763997487521,0.6379763997487521
20260929,120,389,002_20200715_002456(9),20200715,1호기,10.0,8to12,1.2005560470112475,False,3,high,0.8045049525458666,0.018911903724074364,0.6623425874263583,0.5547091960906982,0.019800659269094467,1,1,0.8045049525458666,0.6626186611127176,0.6623425874263583,0.6623425874263583,0.6623425874263583,0.6623425874263583,0.6837284615406065,0.6623425874263583,0.6623425874263583,0.6626186611127176,0.6623425874263583,0.6623425874263583
20260929,121,389,002_20200715_002456(9),20200715,1호기,11.0,8to12,0.9401235322321354,False,3,mid,0.9031545202769224,0.027481408789753914,0.5486536602715404,0.5515336990356445,0.027481408789753914,1,1,0.9031545202769224,0.5486536602715404,0.5486536602715404,0.9031545202769224,0.5486536602715404,0.5486536602715404,0.9031545202769224,0.5486536602715404,0.5486536602715404,0.9031545202769224,0.5486536602715404,0.5486536602715404
20260929,122,389,002_20200715_002456(9),20200715,1호기,8.0,8to12,1.3137151865475565,False,3,high,0.8642663274630139,0.5571516156196594,0.8642663274630139,0.5571516156196594,0.5571516156196594,1,0,0.8642663274630139,0.8642663274630139,0.8642663274630139,0.8642663274630139,0.8642663274630139,0.8642663274630139,0.8642663274630139,0.8642663274630139,0.8642663274630139,0.8642663274630139,0.8642663274630139,0.8642663274630139
20260929,123,390,002_20200715_002509(0),20200715,1호기,8.0,8to12,1.154334526145677,False,3,high,0.8562386282390776,0.01564035192131996,0.8435915102432499,0.5568926334381104,0.5568926334381104,1,0,0.8562386282390776,0.8435915102432499,0.8435915102432499,0.8435915102432499,0.8435915102432499,0.8435915102432499,0.8435915102432499,0.8435915102432499,0.8435915102432499,0.8435915102432499,0.8435915102432499,0.8435915102432499
20260929,124,390,002_20200715_002509(0),20200715,1호기,6.999999999999999,lt8,0.8260215132714123,False,3,mid,0.850778496594108,0.019344547763466835,0.7932274734250004,0.5596259236335754,0.5596259236335754,1,0,0.850778496594108,0.7932274734250004,0.7932274734250004,0.7932274734250004,0.7932274734250004,0.7932274734250004,0.850778496594108,0.7932274734250004,0.7932274734250004,0.7932274734250004,0.7932274734250004,0.7932274734250004
20260929,125,390,002_20200715_002509(0),20200715,1호기,6.0,lt8,0.0,False,3,low,0.6244705838325938,0.01679588109254837,0.585941562479804,0.5606042742729187,,0,0,0.6244705838325938,0.585941562479804,0.585941562479804,0.6244705838325938,0.585941562479804,0.585941562479804,0.6244705838325938,0.585941562479804,0.585941562479804,0.585941562479804,0.585941562479804,0.585941562479804
20260929,126,391,002_20200715_002513(4),20200715,1호기,7.0,lt8,1.1425357262132851,False,3,high,0.8124658534286902,0.5443633198738098,0.8124658534286902,0.5443633198738098,0.5443633198738098,1,0,0.8124658534286902,0.8124658534286902,0.8124658534286902,0.8124658534286902,0.8124658534286902,0.8124658534286902,0.8124658534286902,0.8124658534286902,0.8124658534286902,0.8124658534286902,0.8124658534286902,0.8124658534286902
20260929,127,391,002_20200715_002513(4),20200715,1호기,9.0,8to12,0.3607295394205241,False,3,low,0.9327055929217878,0.015412543900310993,0.7447849983397457,0.5528677105903625,0.03849054500460625,1,1,0.9327055929217878,0.7447849983397457,0.7447849983397457,0.7447849983397457,0.7447849983397457,0.7447849983397457,0.7447849983397457,0.7447849983397457,0.7447849983397457,0.7447849983397457,0.7447849983397457,0.7447849983397457
20260929,128,391,002_20200715_002513(4),20200715,1호기,8.0,8to12,0.17577472710973616,False,3,low,0.8528775685294105,0.015009205788373947,0.7813875919244619,0.5449939966201782,0.5449939966201782,1,0,0.8528775685294105,0.7900323126493364,0.7813875919244619,0.8068125660925712,0.7813875919244619,0.7813875919244619,0.8068125660925712,0.7813875919244619,0.7813875919244619,0.8068125660925712,0.7813875919244619,0.7813875919244619
20260929,129,424,002_20200904_230054(2),20200904,2호기,10.0,8to12,1.0697729704029477,False,1,high,0.8766737061485639,0.015934661030769348,0.7259290998831557,0.5982691645622253,0.021972524002194405,1,1,0.8766737061485639,0.7259290998831557,0.7259290998831557,0.7461645455429228,0.7259290998831557,0.7259290998831557,0.7461645455429228,0.7259290998831557,0.7259290998831557,0.7259290998831557,0.7259290998831557,0.7259290998831557
20260929,130,425,002_20200904_230057(6),20200904,2호기,9.0,8to12,1.2986263419138866,False,1,high,0.7968179602829342,0.6131066083908081,0.7968179602829342,0.6131066083908081,0.6131066083908081,1,0,0.7968179602829342,0.7968179602829342,0.7968179602829342,0.7968179602829342,0.7968179602829342,0.7968179602829342,0.7968179602829342,0.7968179602829342,0.7968179602829342,0.7968179602829342,0.7968179602829342,0.7968179602829342
20260929,131,426,002_20200904_230105(4),20200904,2호기,9.0,8to12,1.2986263419138866,False,1,high,0.7616300749994414,0.016829410567879677,0.6880287910328367,0.5906654000282288,0.016829410567879677,1,1,0.7616300749994414,0.6880287910328367,0.6880287910328367,0.6880287910328367,0.6880287910328367,0.6880287910328367,0.6880287910328367,0.6880287910328367,0.6880287910328367,0.6880287910328367,0.6880287910328367,0.6880287910328367
20260929,132,490,002_20200907_184813(1),20200907,1호기,7.0,lt8,0.7214590788410482,False,1,mid,0.7945885533992348,0.02364441752433777,0.7633064873630018,0.6449234485626221,0.6449234485626221,1,0,0.7945885533992348,0.7752236519895231,0.7633064873630018,0.7633064873630018,0.7633064873630018,0.7633064873630018,0.7945885533992348,0.7633064873630018,0.7633064873630018,0.7752236519895231,0.7633064873630018,0.7633064873630018
20260929,133,491,002_20200907_184815(7),20200907,1호기,9.0,8to12,0.14429181576820962,False,1,low,0.7710936722924159,0.05256306007504463,0.7293201200367785,0.5577600598335266,0.05256306007504463,1,1,0.7710936722924159,0.7710936722924159,0.7293201200367785,0.7293201200367785,0.7293201200367785,0.7293201200367785,0.7710936722924159,0.7293201200367785,0.7293201200367785,0.7293201200367785,0.7293201200367785,0.7293201200367785
20260929,134,492,002_20200907_184818(2),20200907,1호기,8.0,8to12,0.40422005739924816,False,1,low,0.7086252681340581,0.02334432862699032,0.5622214337338409,0.5964694023132324,,0,0,0.7086252681340581,0.5622214337338409,0.5622214337338409,0.6898402832809585,0.5622214337338409,0.5622214337338409,0.6898402832809585,0.5622214337338409,0.5622214337338409,0.5706553146713353,0.5622214337338409,0.5622214337338409
20260929,135,493,002_20200907_184823(7),20200907,1호기,8.0,8to12,0.07775566061209256,False,1,low,0.6953488462572548,0.019621716812253,0.6605810085924001,0.6111295223236084,,0,0,0.6953488462572548,0.6900856202126676,0.6605810085924001,0.6614735892057929,0.6605810085924001,0.6605810085924001,0.6900856202126676,0.6605810085924001,0.6605810085924001,0.6900856202126676,0.6605810085924001,0.6605810085924001
20260929,136,494,002_20200907_184826(3),20200907,1호기,6.999999999999999,lt8,0.5506810088476082,False,1,low,0.6010613520181084,0.027279166504740715,0.5893183030788681,0.6013031601905823,,0,0,0.6010613520181084,0.5893183030788681,0.5893183030788681,0.5893183030788681,0.5893183030788681,0.5893183030788681,0.5893183030788681,0.5893183030788681,0.5893183030788681,0.5893183030788681,0.5893183030788681,0.5893183030788681
20260929,137,495,002_20200907_184828(8),20200907,1호기,10.0,8to12,0.4328754473046289,False,1,low,0.7525672612273508,0.017540672793984413,0.6400264121485753,0.5992225408554077,0.017540672793984413,1,1,0.7525672612273508,0.7286720118072985,0.650794368221476,0.6554590831211335,0.6400264121485753,0.6400264121485753,0.6554590831211335,0.6400264121485753,0.6400264121485753,0.650794368221476,0.6400264121485753,0.6400264121485753
20260929,138,496,002_20200907_204635(5),20200907,1호기,10.0,8to12,0.7073851004486843,False,1,mid,0.8128773929057814,0.027721460908651352,0.6379466496334306,0.5725116729736328,0.04033676162362099,1,1,0.8128773929057814,0.6379466496334306,0.6379466496334306,0.7177303207444022,0.6379466496334306,0.6379466496334306,0.7273822283257376,0.6379466496334306,0.6379466496334306,0.6379466496334306,0.6379466496334306,0.6379466496334306
20260929,139,497,002_20200907_204640(0),20200907,1호기,10.0,8to12,0.31102264244837025,False,1,low,0.8930095392931596,0.022194169461727142,0.8837121574741194,0.6320794224739075,0.6320794224739075,1,0,0.8930095392931596,0.8888961443658926,0.8837121574741194,0.8837121574741194,0.8837121574741194,0.8837121574741194,0.8837121574741194,0.8837121574741194,0.8837121574741194,0.8888961443658926,0.8837121574741194,0.8837121574741194
20260929,140,498,002_20200907_204644(5),20200907,1호기,10.0,8to12,0.3515494542194723,False,1,low,0.8311086424292324,0.014679530635476112,0.5616718227201546,0.5961533188819885,0.014679530635476112,1,1,0.8311086424292324,0.5616718227201546,0.5616718227201546,0.6959413278596653,0.5616718227201546,0.5616718227201546,0.8311086424292324,0.5616718227201546,0.5616718227201546,0.6959413278596653,0.5616718227201546,0.5616718227201546
20260929,141,499,002_20200907_204649(0),20200907,1호기,10.0,8to12,1.3075002971591585,False,1,high,0.8931042111471701,0.028641819953918457,0.7733752463297596,0.6002496480941772,0.6002496480941772,1,0,0.8931042111471701,0.7733752463297596,0.7733752463297596,0.7733752463297596,0.7733752463297596,0.7733752463297596,0.8931042111471701,0.7733752463297596,0.7733752463297596,0.7733752463297596,0.7733752463297596,0.7733752463297596
20260929,142,500,002_20200907_204653(4),20200907,1호기,10.0,8to12,1.4147702008973686,False,1,high,0.8261749224894565,0.05206194147467613,0.748085454114372,0.6186196208000183,0.05206194147467613,1,1,0.8261749224894565,0.8261749224894565,0.748085454114372,0.8261749224894565,0.8261749224894565,0.748085454114372,0.8261749224894565,0.8261749224894565,0.748085454114372,0.7729166253969957,0.748085454114372,0.748085454114372
20260930,1,89,001_20200629_082825(1),20200629,3호기,11.0,8to12,1.4429181576820964,False,3,high,0.9090500139139908,0.057523928582668304,0.8839245133795681,0.519426167011261,0.519426167011261,1,0,0.9090500139139908,0.9090500139139908,0.0,0.8839245133795681,0.8839245133795681,0.8839245133795681,0.8839245133795681,0.8839245133795681,0.8839245133795681,0.8839245133795681,0.8839245133795681,0.8839245133795681
20260930,2,89,001_20200629_082825(1),20200629,3호기,12.0,12to16,0.8320456436467372,False,3,mid,0.8309315555499437,0.013786434195935726,0.6901274451607081,0.5431985259056091,0.03556210547685623,1,1,0.8309315555499437,0.7083451241800919,0.0,0.7308424653944443,0.6901274451607081,0.6901274451607081,0.7308424653944443,0.6901274451607081,0.6901274451607081,0.7308424653944443,0.7083451241800919,0.6901274451607081
20260930,3,89,001_20200629_082825(1),20200629,3호기,13.999999999999998,12to16,0.7131819802686319,False,3,mid,0.7663779746755722,0.015349585562944412,0.5999687305042681,0.5070921778678894,0.015349585562944412,1,1,0.7663779746755722,0.6759252686344958,0.0,0.7015130771749118,0.5999687305042681,0.5999687305042681,0.7015130771749118,0.5999687305042681,0.5999687305042681,0.7015130771749118,0.5999687305042681,0.5999687305042681
20260930,4,90,001_20200629_082828(0),20200629,3호기,15.0,12to16,1.1663349091813884,True,3,high,0.8025944316050087,0.020356131717562675,0.6843945874448898,0.5553296208381653,0.020356131717562675,1,1,0.8025944316050087,0.6843945874448898,0.6843945874448898,0.6843945874448898,0.6843945874448898,0.6843945874448898,0.7403603289407551,0.6843945874448898,0.6843945874448898,0.7403603289407551,0.6843945874448898,0.6843945874448898
20260930,5,90,001_20200629_082828(0),20200629,3호기,12.0,12to16,0.5771672630728385,False,3,low,0.778590620388635,0.023262562230229378,0.7260623699705864,0.404942125082016,0.07766537368297577,1,1,0.778590620388635,0.7782207376009922,0.0,0.778590620388635,0.7260623699705864,0.7260623699705864,0.778590620388635,0.7260623699705864,0.7260623699705864,0.7375703176136384,0.7260623699705864,0.7260623699705864
20260930,6,90,001_20200629_082828(0),20200629,3호기,12.0,12to16,0.35659099013431594,False,3,low,0.833793534463504,0.045100606977939606,0.8083299592490776,0.4611976146697998,0.4611976146697998,1,0,0.833793534463504,0.8083299592490776,0.0,0.8083299592490776,0.8083299592490776,0.8083299592490776,0.8083299592490776,0.8083299592490776,0.8083299592490776,0.8083299592490776,0.8083299592490776,0.8083299592490776
20260930,7,91,001_20200629_082831(0),20200629,3호기,12.0,12to16,0.2377273267562106,True,3,low,0.9295252740068759,0.06289847940206528,0.854001957004616,0.544102668762207,0.544102668762207,1,0,0.9295252740068759,0.9295252740068759,0.0,0.854001957004616,0.854001957004616,0.854001957004616,0.854001957004616,0.854001957004616,0.854001957004616,0.854001957004616,0.854001957004616,0.854001957004616
20260930,8,91,001_20200629_082831(0),20200629,3호기,12.0,12to16,0.7131819802686319,False,3,mid,0.8221344732098912,0.024878917261958122,0.7989383293295167,0.528924822807312,0.528924822807312,1,0,0.8221344732098912,0.7989383293295167,0.0,0.7989383293295167,0.7989383293295167,0.7989383293295167,0.7989383293295167,0.7989383293295167,0.7989383293295167,0.7989383293295167,0.7989383293295167,0.7989383293295167
20260930,9,91,001_20200629_082831(0),20200629,3호기,10.0,8to12,0.9509093070248424,False,3,mid,0.8751453569898207,0.040764398872852325,0.735139559202399,0.49814656376838684,0.06887919455766678,1,1,0.8751453569898207,0.7954418464593752,0.0,0.735139559202399,0.735139559202399,0.735139559202399,0.7572307554265107,0.735139559202399,0.735139559202399,0.7572307554265107,0.735139559202399,0.735139559202399
20260930,10,92,001_20200629_082834(2),20200629,3호기,11.0,8to12,1.2986263419138866,False,3,high,0.8356957448560178,0.0888545885682106,0.8225008939982686,0.5350682735443115,0.5350682735443115,1,0,0.8356957448560178,0.8356957448560178,0.0,0.8225008939982686,0.8225008939982686,0.8225008939982686,0.8225008939982686,0.8225008939982686,0.8225008939982686,0.8225008939982686,0.8225008939982686,0.8225008939982686
20260930,11,92,001_20200629_082834(2),20200629,3호기,13.999999999999998,12to16,0.5052750717490602,False,3,low,0.7790857016236585,0.055289432406425476,0.6117104216062532,0.5509495735168457,0.055289432406425476,1,1,0.7790857016236585,0.7790857016236585,0.0,0.7790857016236585,0.7790857016236585,0.6117104216062532,0.7790857016236585,0.7790857016236585,0.6117104216062532,0.7790857016236585,0.6117104216062532,0.6117104216062532
20260930,12,92,001_20200629_082834(2),20200629,3호기,18.0,ge16,2.2850714524265703,False,3,high,0.5121805268229362,0.0307358056306839,0.40396365009982366,0.5301543474197388,,0,0,0.5121805268229362,0.4533352469428099,0.0,0.40954773109583137,0.40396365009982366,0.40396365009982366,0.4533352469428099,0.40396365009982366,0.40396365009982366,0.40396365009982366,0.40396365009982366,0.40396365009982366
20260930,13,93,001_20200629_082837(2),20200629,3호기,12.0,12to16,0.8788736355486808,True,3,mid,0.7998116649273181,0.028752503916621208,0.6382436731180503,0.5128639936447144,0.04269155114889145,1,1,0.7998116649273181,0.7072110110602537,0.0,0.7998116649273181,0.6382436731180503,0.6382436731180503,0.7998116649273181,0.6382436731180503,0.6382436731180503,0.7998116649273181,0.6382436731180503,0.6382436731180503
20260930,14,93,001_20200629_082837(2),20200629,3호기,13.999999999999998,12to16,0.3515494542194723,True,3,low,0.6645519203346221,0.042206645011901855,0.6053878796529543,0.5572900772094727,,0,0,0.6645519203346221,0.6089377683344199,0.6053878796529543,0.6053878796529543,0.6053878796529543,0.6053878796529543,0.6053878796529543,0.6053878796529543,0.6053878796529543,0.6053878796529543,0.6053878796529543,0.6053878796529543
20260930,15,93,001_20200629_082837(2),20200629,3호기,13.999999999999998,12to16,0.6063300860988722,False,3,mid,0.8896050853384153,0.024926504120230675,0.7812762811772788,0.5408768057823181,0.5408768057823181,1,0,0.8896050853384153,0.7812762811772788,0.0,0.8896050853384153,0.7812762811772788,0.7812762811772788,0.8896050853384153,0.7812762811772788,0.7812762811772788,0.8896050853384153,0.7812762811772788,0.7812762811772788
20260930,16,94,001_20200629_082840(2),20200629,3호기,13.999999999999998,12to16,1.1852141054422243,True,3,high,0.5995679704906767,0.026827190071344376,0.48491291946051673,0.5200552940368652,,0,0,0.5995679704906767,0.49364251511462054,0.0,0.49706195687325144,0.48491291946051673,0.48491291946051673,0.5995679704906767,0.48491291946051673,0.48491291946051673,0.5329455437503929,0.48491291946051673,0.48491291946051673
20260930,17,94,001_20200629_082840(2),20200629,3호기,12.0,12to16,0.6063300860988722,True,3,mid,0.8190578116534061,0.04968370124697685,0.7520807105934254,0.5909776091575623,0.5909776091575623,1,0,0.8190578116534061,0.7520807105934254,0.7520807105934254,0.7845794622702587,0.7520807105934254,0.7520807105934254,0.7845794622702587,0.7520807105934254,0.7520807105934254,0.7845794622702587,0.7520807105934254,0.7520807105934254
20260930,18,94,001_20200629_082840(2),20200629,3호기,11.0,8to12,0.2377273267562106,False,3,low,0.8465172336643468,0.012406469322741032,0.7753243477682152,0.542341947555542,0.542341947555542,1,0,0.8465172336643468,0.7981350939762659,0.0,0.7753243477682152,0.7753243477682152,0.7753243477682152,0.7796775736044291,0.7753243477682152,0.7753243477682152,0.7981350939762659,0.7753243477682152,0.7753243477682152
20260930,19,95,001_20200629_082905(4),20200629,3호기,13.999999999999998,12to16,0.7909862719938128,False,3,mid,0.8603430488303229,0.04047589749097824,0.8328001464358039,0.5834436416625977,0.5834436416625977,1,0,0.8603430488303229,0.8521350660170882,0.8328001464358039,0.8328001464358039,0.8328001464358039,0.8328001464358039,0.8328001464358039,0.8328001464358039,0.8328001464358039,0.8521350660170882,0.8328001464358039,0.8328001464358039
20260930,20,95,001_20200629_082905(4),20200629,3호기,11.0,8to12,0.4754546535124212,False,3,low,0.783926749353965,0.033211320638656616,0.5316808329584514,0.5342376232147217,0.033211320638656616,1,1,0.783926749353965,0.5505942177172587,0.0,0.6567300227973201,0.5316808329584514,0.5316808329584514,0.783926749353965,0.5316808329584514,0.5316808329584514,0.5316808329584514,0.5316808329584514,0.5316808329584514
20260930,21,95,001_20200629_082905(4),20200629,3호기,10.0,8to12,0.2197184088871702,False,3,low,0.8329961546275395,0.05508767440915108,0.7121410910468445,0.49801331758499146,0.06483820080757141,1,1,0.8329961546275395,0.8329961546275395,0.0,0.7121410910468445,0.7121410910468445,0.7121410910468445,0.7348312258827528,0.7121410910468445,0.7121410910468445,0.7199733162110628,0.7199733162110628,0.7121410910468445
20260930,22,96,001_20200629_123107(1),20200629,3호기,11.0,8to12,1.1116051578479325,True,3,high,0.6562012523060061,0.023196406662464142,0.6116955127918301,0.604896605014801,,0,0,0.6562012523060061,0.6116955127918301,0.6116955127918301,0.6562012523060061,0.6116955127918301,0.6116955127918301,0.6562012523060061,0.6116955127918301,0.6116955127918301,0.6562012523060061,0.6116955127918301,0.6116955127918301
20260930,23,96,001_20200629_123107(1),20200629,3호기,11.0,8to12,0.35659099013431594,False,3,low,0.8694682964785693,0.04941090941429138,0.7198333821773262,0.5870399475097656,0.04941090941429138,1,1,0.8694682964785693,0.7198333821773262,0.7198333821773262,0.7198333821773262,0.7198333821773262,0.7198333821773262,0.7946791714328572,0.7198333821773262,0.7198333821773262,0.7198333821773262,0.7198333821773262,0.7198333821773262
20260930,24,96,001_20200629_123107(1),20200629,3호기,8.0,8to12,0.4754546535124212,False,3,low,0.690300131020853,0.013576515950262547,0.5703832683227773,0.5380072593688965,,0,0,0.690300131020853,0.5703832683227773,0.0,0.5703832683227773,0.5703832683227773,0.5703832683227773,0.6070312086388286,0.5703832683227773,0.5703832683227773,0.5703832683227773,0.5703832683227773,0.5703832683227773
20260930,25,97,001_20200629_123111(6),20200629,3호기,10.0,8to12,1.226480434029782,False,3,high,0.8611938856309591,0.047696731984615326,0.8097175353160333,0.5598662495613098,0.5598662495613098,1,0,0.8611938856309591,0.8307355128093037,0.8097175353160333,0.8097175353160333,0.8097175353160333,0.8097175353160333,0.8419639465697323,0.8097175353160333,0.8097175353160333,0.8097175353160333,0.8097175353160333,0.8097175353160333
20260930,26,97,001_20200629_123111(6),20200629,3호기,9.0,8to12,0.28858363153641925,False,3,low,0.7771858325893383,0.02193678729236126,0.6368018645983712,0.5314292311668396,0.025896111503243446,1,1,0.7771858325893383,0.6368018645983712,0.0,0.7666405647381708,0.6368018645983712,0.6368018645983712,0.7771858325893383,0.6368018645983712,0.6368018645983712,0.7771858325893383,0.6368018645983712,0.6368018645983712
20260930,27,97,001_20200629_123111(6),20200629,3호기,11.0,8to12,0.7131819802686319,False,3,mid,0.8177865120422325,0.020853519439697266,0.7572152941636252,0.5448036789894104,0.5448036789894104,1,0,0.8177865120422325,0.8049124509171355,0.0,0.7572152941636252,0.7572152941636252,0.7572152941636252,0.7909983415171586,0.7572152941636252,0.7572152941636252,0.7813871156802122,0.7572152941636252,0.7572152941636252
20260930,28,98,001_20200629_123116(1),20200629,3호기,15.0,12to16,1.113907339411692,True,3,high,0.710956868254083,0.019762981683015823,0.6435497050697935,0.5054177045822144,,0,0,0.710956868254083,0.6435497050697935,0.0,0.6435497050697935,0.6435497050697935,0.6435497050697935,0.6969854021585036,0.6435497050697935,0.6435497050697935,0.6969854021585036,0.6435497050697935,0.6435497050697935
20260930,29,98,001_20200629_123116(1),20200629,3호기,11.0,8to12,0.16385742219503405,False,3,low,0.9006171736736857,0.05004552751779556,0.719712675714319,0.5555200576782227,0.05004552751779556,1,1,0.9006171736736857,0.9006171736736857,0.719712675714319,0.719712675714319,0.719712675714319,0.719712675714319,0.9006171736736857,0.719712675714319,0.719712675714319,0.8272216738451648,0.719712675714319,0.719712675714319
20260930,30,98,001_20200629_123116(1),20200629,3호기,11.0,8to12,0.5577478143257526,False,3,low,0.7759865444999047,0.04139193519949913,0.6449853179769918,0.508413553237915,0.04139193519949913,1,1,0.7759865444999047,0.6619496102065588,0.0,0.7759865444999047,0.6449853179769918,0.6449853179769918,0.7759865444999047,0.6449853179769918,0.6449853179769918,0.7759865444999047,0.6619496102065588,0.6449853179769918
20260930,31,99,001_20200629_123120(6),20200629,3호기,13.0,12to16,1.054648362658417,False,3,high,0.7626976835505888,0.033624086529016495,0.5903526557289012,0.4930300712585449,0.033624086529016495,1,1,0.7626976835505888,0.5903526557289012,0.0,0.6370330139879489,0.5903526557289012,0.5903526557289012,0.699229292368178,0.5903526557289012,0.5903526557289012,0.6370330139879489,0.5903526557289012,0.5903526557289012
20260930,32,99,001_20200629_123120(6),20200629,3호기,15.0,12to16,0.6063300860988722,False,3,mid,0.87006036470545,0.030955497175455093,0.7648927047612901,0.5529457926750183,0.5529457926750183,1,0,0.87006036470545,0.7648927047612901,0.0,0.7648927047612901,0.7648927047612901,0.7648927047612901,0.87006036470545,0.7648927047612901,0.7648927047612901,0.7648927047612901,0.7648927047612901,0.7648927047612901
20260930,33,99,001_20200629_123120(6),20200629,3호기,9.0,8to12,0.6063300860988722,False,3,mid,0.855415271954446,0.01624981313943863,0.7137891022464977,0.5404683351516724,0.037428997457027435,1,1,0.855415271954446,0.7137891022464977,0.0,0.7912635916088299,0.7137891022464977,0.7137891022464977,0.7912635916088299,0.7137891022464977,0.7137891022464977,0.7453151112706597,0.7137891022464977,0.7137891022464977
20260930,34,100,001_20200629_123125(2),20200629,3호기,11.0,8to12,1.2126601721977444,False,3,high,0.8146529861760781,0.5253311991691589,0.8146529861760781,0.5253311991691589,0.5253311991691589,1,0,0.8146529861760781,0.8146529861760781,0.0,0.8146529861760781,0.8146529861760781,0.8146529861760781,0.8146529861760781,0.8146529861760781,0.8146529861760781,0.8146529861760781,0.8146529861760781,0.8146529861760781
20260930,35,100,001_20200629_123125(2),20200629,3호기,12.0,12to16,0.6152115448840766,True,3,mid,0.6366095012063253,0.03309265896677971,0.5762518113624367,0.5589162707328796,,0,0,0.6366095012063253,0.589677602249688,0.5762518113624367,0.6160315197167896,0.5762518113624367,0.5762518113624367,0.6366095012063253,0.5762518113624367,0.5762518113624367,0.6366095012063253,0.5762518113624367,0.5762518113624367
20260930,36,100,001_20200629_123125(2),20200629,3호기,11.0,8to12,0.5273241813292086,False,3,low,0.8260952369975912,0.011094414629042149,0.7791795761147337,0.5418115258216858,0.5418115258216858,1,0,0.8260952369975912,0.7791795761147337,0.0,0.7791795761147337,0.7791795761147337,0.7791795761147337,0.7791795761147337,0.7791795761147337,0.7791795761147337,0.7791795761147337,0.7791795761147337,0.7791795761147337
20260930,37,120,001_20200811_003323(2),20200811,3호기,12.0,12to16,0.2377273267562106,False,1,low,0.6778076007159224,0.027942059561610222,0.6329457727285898,0.5261784791946411,,0,0,0.6778076007159224,0.6539316433070446,0.0,0.6329457727285898,0.6329457727285898,0.6329457727285898,0.6539316433070446,0.6329457727285898,0.6329457727285898,0.6539316433070446,0.6329457727285898,0.6329457727285898
20260930,38,121,001_20200811_003327(0),20200811,3호기,9.0,8to12,1.0100427103774674,False,1,mid,0.8072658300127146,0.05603927746415138,0.721479024049551,0.555126428604126,0.05603927746415138,1,1,0.8072658300127146,0.8072658300127146,0.721479024049551,0.721479024049551,0.721479024049551,0.721479024049551,0.721479024049551,0.721479024049551,0.721479024049551,0.721479024049551,0.721479024049551,0.721479024049551
20260930,39,122,001_20200811_043037(3),20200811,3호기,10.0,8to12,1.154334526145677,False,1,high,0.7914509056983259,0.09199128299951553,0.7691400357102337,0.5374317169189453,0.5374317169189453,1,0,0.7914509056983259,0.7914509056983259,0.0,0.7691400357102337,0.7691400357102337,0.7691400357102337,0.7914509056983259,0.7691400357102337,0.7691400357102337,0.7914509056983259,0.7691400357102337,0.7691400357102337
20260930,40,123,001_20200811_043041(6),20200811,3호기,11.0,8to12,0.5771672630728385,False,1,low,0.8790011946557816,0.025800108909606934,0.6899337470623804,0.540262758731842,0.025800108909606934,1,1,0.8790011946557816,0.736760201199956,0.0,0.6899337470623804,0.6899337470623804,0.6899337470623804,0.736760201199956,0.6899337470623804,0.6899337470623804,0.736760201199956,0.6899337470623804,0.6899337470623804
20260930,41,137,001_20200818_083145(2),20200818,3호기,11.0,8to12,0.35659099013431594,False,1,low,0.8219766549221527,0.03353719785809517,0.7557462785610741,0.4923882484436035,0.4923882484436035,1,0,0.8219766549221527,0.8168808161710401,0.0,0.7557462785610741,0.7557462785610741,0.7557462785610741,0.7774423850285495,0.7557462785610741,0.7557462785610741,0.7774423850285495,0.7774423850285495,0.7557462785610741
20260930,42,138,001_20200818_083159(7),20200818,3호기,10.0,8to12,0.7131819802686319,False,1,mid,0.7996186379073172,0.03236648067831993,0.7525828179624667,0.5401281118392944,0.5401281118392944,1,0,0.7996186379073172,0.7525828179624667,0.0,0.7525828179624667,0.7525828179624667,0.7525828179624667,0.7996186379073172,0.7525828179624667,0.7525828179624667,0.7525828179624667,0.7525828179624667,0.7525828179624667
20260930,43,139,001_20200818_123634(4),20200818,3호기,9.0,8to12,0.5943183168905265,False,1,mid,0.6582701215627993,0.026430776342749596,0.6403306727146089,0.5140401721000671,,0,0,0.6582701215627993,0.6403306727146089,0.0,0.6582701215627993,0.6403306727146089,0.6403306727146089,0.6582701215627993,0.6403306727146089,0.6403306727146089,0.6582701215627993,0.6403306727146089,0.6403306727146089
20260930,44,140,001_20200818_163230(6),20200818,3호기,9.0,8to12,0.8084401147984963,True,1,mid,0.7282210734572925,0.04920642822980881,0.64080634640364,0.4910714328289032,,0,0,0.7282210734572925,0.7085107003804071,0.0,0.64080634640364,0.64080634640364,0.64080634640364,0.7085107003804071,0.64080634640364,0.64080634640364,0.64080634640364,0.64080634640364,0.64080634640364
20260930,45,141,001_20200818_163233(9),20200818,3호기,12.0,12to16,0.8657508946092578,True,1,mid,0.8560029379864391,0.03450947627425194,0.7907984725489119,0.4920778274536133,0.4920778274536133,1,0,0.8560029379864391,0.7907984725489119,0.0,0.7907984725489119,0.7907984725489119,0.7907984725489119,0.7907984725489119,0.7907984725489119,0.7907984725489119,0.7907984725489119,0.7907984725489119,0.7907984725489119
20260930,46,142,001_20200818_203601(4),20200818,3호기,9.0,8to12,0.7726138119576845,False,1,mid,0.7625623427676125,0.044482894241809845,0.6402856123289993,0.5001402497291565,0.044482894241809845,1,1,0.7625623427676125,0.6402856123289993,0.0,0.6402856123289993,0.6402856123289993,0.6402856123289993,0.7500543371488672,0.6402856123289993,0.6402856123289993,0.6535464231644983,0.6402856123289993,0.6402856123289993
20260930,47,143,001_20200818_203607(4),20200818,3호기,10.0,8to12,0.8657508946092578,False,1,mid,0.789362876257418,0.11269315332174301,0.7317761459110279,0.49000194668769836,0.11269315332174301,1,1,0.789362876257418,0.789362876257418,0.0,0.7317761459110279,0.7317761459110279,0.7317761459110279,0.7573296133918579,0.7317761459110279,0.7317761459110279,0.7573296133918579,0.7317761459110279,0.7317761459110279
20260930,48,340,002_20200629_082630(7),20200629,1호기,11.0,8to12,1.3901175281182865,False,3,high,0.7024206472225185,0.022318335250020027,0.5658491548438297,0.536598801612854,,0,0,0.7024206472225185,0.5658491548438297,0.0,0.7024206472225185,0.5658491548438297,0.5658491548438297,0.7024206472225185,0.5658491548438297,0.5658491548438297,0.7024206472225185,0.5658491548438297,0.5658491548438297
20260930,49,340,002_20200629_082630(7),20200629,1호기,9.0,8to12,1.0610776506730264,False,3,high,0.7714399926005178,0.02735474891960621,0.6226940122186124,0.549038827419281,0.02735474891960621,1,1,0.7714399926005178,0.6226940122186124,0.0,0.7714399926005178,0.6226940122186124,0.6226940122186124,0.7714399926005178,0.6226940122186124,0.6226940122186124,0.7714399926005178,0.6226940122186124,0.6226940122186124
20260930,50,340,002_20200629_082630(7),20200629,1호기,8.0,8to12,1.3137151865475565,False,3,high,0.7578475923053051,0.016432801261544228,0.7223811030705344,0.5414146780967712,0.016432801261544228,1,1,0.7578475923053051,0.7223811030705344,0.0,0.7223811030705344,0.7223811030705344,0.7223811030705344,0.7223811030705344,0.7223811030705344,0.7223811030705344,0.7223811030705344,0.7223811030705344,0.7223811030705344
20260930,51,341,002_20200629_082639(2),20200629,1호기,9.0,8to12,1.3996018910176662,False,3,high,0.7943453641254284,0.016783256083726883,0.7510312558552764,0.5547695159912109,0.5547695159912109,1,0,0.7943453641254284,0.7777626823461727,0.7510312558552764,0.7510312558552764,0.7510312558552764,0.7510312558552764,0.7777626823461727,0.7510312558552764,0.7510312558552764,0.7777626823461727,0.7510312558552764,0.7510312558552764
20260930,52,341,002_20200629_082639(2),20200629,1호기,6.999999999999999,lt8,1.587209973450306,False,3,high,0.8006960390362364,0.02336070127785206,0.6387273855502739,0.5638007521629333,0.02336070127785206,1,1,0.8006960390362364,0.6773111327627667,0.6387273855502739,0.6387273855502739,0.6387273855502739,0.6387273855502739,0.8006960390362364,0.6387273855502739,0.6387273855502739,0.6773111327627667,0.6387273855502739,0.6387273855502739
20260930,53,341,002_20200629_082639(2),20200629,1호기,8.0,8to12,2.1643772365231446,False,3,high,0.8742410604768484,0.031087223440408707,0.7910356108888498,0.5654536485671997,0.5654536485671997,1,0,0.8742410604768484,0.8208305629473819,0.7910356108888498,0.7910356108888498,0.7910356108888498,0.7910356108888498,0.8278613946623692,0.7910356108888498,0.7910356108888498,0.7910356108888498,0.7910356108888498,0.7910356108888498
20260930,54,342,002_20200629_082642(2),20200629,1호기,9.0,8to12,0.966760999103549,False,3,mid,0.8379775347065525,0.0594949834048748,0.7336314986415579,0.4868681728839874,0.17967769503593445,1,1,0.8379775347065525,0.8379775347065525,0.0,0.7336314986415579,0.7336314986415579,0.7336314986415579,0.8341930660873375,0.7336314986415579,0.7336314986415579,0.8341930660873375,0.7336314986415579,0.7336314986415579
20260930,55,342,002_20200629_082642(2),20200629,1호기,10.0,8to12,0.8657508946092578,False,3,mid,0.7769583588543951,0.050394635647535324,0.6824065352370129,0.5470182299613953,0.050394635647535324,1,1,0.7769583588543951,0.7769583588543951,0.0,0.6824065352370129,0.6824065352370129,0.6824065352370129,0.7769583588543951,0.6824065352370129,0.6824065352370129,0.7185278190218279,0.6824065352370129,0.6824065352370129
20260930,56,342,002_20200629_082642(2),20200629,1호기,10.0,8to12,0.6152115448840766,False,3,mid,0.6819779527977954,0.022675305604934692,0.6223582566768899,0.5712273716926575,,0,0,0.6819779527977954,0.6223582566768899,0.6223582566768899,0.6462948158111953,0.6223582566768899,0.6223582566768899,0.6462948158111953,0.6223582566768899,0.6223582566768899,0.6462948158111953,0.6223582566768899,0.6223582566768899
20260930,57,343,002_20200629_082645(4),20200629,1호기,10.0,8to12,1.3943695358143817,False,3,high,0.70628868260526,0.02917962148785591,0.6553221114339144,0.5350061655044556,,0,0,0.70628868260526,0.6553221114339144,0.0,0.6553221114339144,0.6553221114339144,0.6553221114339144,0.6553221114339144,0.6553221114339144,0.6553221114339144,0.6553221114339144,0.6553221114339144,0.6553221114339144
20260930,58,343,002_20200629_082645(4),20200629,1호기,6.0,lt8,0.28858363153641925,False,3,low,0.6804106338163106,0.014888728968799114,0.5406237083547076,0.5572408437728882,,0,0,0.6804106338163106,0.5522729474461577,0.5406237083547076,0.6804106338163106,0.5406237083547076,0.5406237083547076,0.6804106338163106,0.5406237083547076,0.5406237083547076,0.6804106338163106,0.5406237083547076,0.5406237083547076
20260930,59,343,002_20200629_082645(4),20200629,1호기,8.0,8to12,1.3642426937224625,False,3,high,0.8052202020259339,0.02021625265479088,0.7614860829477338,0.5217704176902771,0.5217704176902771,1,0,0.8052202020259339,0.7614860829477338,0.0,0.7614860829477338,0.7614860829477338,0.7614860829477338,0.7614860829477338,0.7614860829477338,0.7614860829477338,0.7614860829477338,0.7614860829477338,0.7614860829477338
20260930,60,344,002_20200629_082823(5),20200629,2호기,9.0,8to12,0.8553122667330182,False,3,mid,0.8449334086674735,0.019030990079045296,0.7950451857512999,0.589928150177002,0.589928150177002,1,0,0.8449334086674735,0.7950451857512999,0.7950451857512999,0.7950451857512999,0.7950451857512999,0.7950451857512999,0.7950451857512999,0.7950451857512999,0.7950451857512999,0.7950451857512999,0.7950451857512999,0.7950451857512999
20260930,61,344,002_20200629_082823(5),20200629,2호기,10.0,8to12,1.0697729704029477,False,3,high,0.8213990489510725,0.01155433151870966,0.6924109769942628,0.5698661804199219,0.03286796063184738,1,1,0.8213990489510725,0.6924109769942628,0.6924109769942628,0.6924109769942628,0.6924109769942628,0.6924109769942628,0.6924109769942628,0.6924109769942628,0.6924109769942628,0.6924109769942628,0.6924109769942628,0.6924109769942628
20260930,62,344,002_20200629_082823(5),20200629,2호기,10.0,8to12,0.8657508946092578,False,3,mid,0.8910469688319741,0.5723952651023865,0.8910469688319741,0.5723952651023865,0.5723952651023865,1,0,0.8910469688319741,0.8910469688319741,0.8910469688319741,0.8910469688319741,0.8910469688319741,0.8910469688319741,0.8910469688319741,0.8910469688319741,0.8910469688319741,0.8910469688319741,0.8910469688319741,0.8910469688319741
20260930,63,345,002_20200629_082828(5),20200629,2호기,11.0,8to12,1.2549325822329433,False,3,high,0.7689331760231061,0.03706208989024162,0.720716585633573,0.6071072816848755,0.03706208989024162,1,1,0.7689331760231061,0.720716585633573,0.720716585633573,0.720716585633573,0.720716585633573,0.720716585633573,0.7300707458917136,0.720716585633573,0.720716585633573,0.720716585633573,0.720716585633573,0.720716585633573
20260930,64,345,002_20200629_082828(5),20200629,2호기,9.0,8to12,0.5771672630728385,False,3,low,0.891882577285046,0.027326956391334534,0.8448191346846226,0.5768750905990601,0.5768750905990601,1,0,0.891882577285046,0.8811289801896461,0.8448191346846226,0.8448191346846226,0.8448191346846226,0.8448191346846226,0.8811289801896461,0.8448191346846226,0.8448191346846226,0.8811289801896461,0.8448191346846226,0.8448191346846226
20260930,65,345,002_20200629_082828(5),20200629,2호기,9.0,8to12,0.4125582738561822,False,3,low,0.8573901317622459,0.02627384103834629,0.7846716285283967,0.572841227054596,0.572841227054596,1,0,0.8573901317622459,0.8051642333860423,0.7846716285283967,0.7846716285283967,0.7846716285283967,0.7846716285283967,0.8051642333860423,0.7846716285283967,0.7846716285283967,0.8051642333860423,0.7846716285283967,0.7846716285283967
20260930,66,346,002_20200629_082831(3),20200629,2호기,10.0,8to12,1.244090569793481,False,3,high,0.8296545556043252,0.625836968421936,0.8296545556043252,0.625836968421936,0.625836968421936,1,0,0.8296545556043252,0.8296545556043252,0.8296545556043252,0.8296545556043252,0.8296545556043252,0.8296545556043252,0.8296545556043252,0.8296545556043252,0.8296545556043252,0.8296545556043252,0.8296545556043252,0.8296545556043252
20260930,67,346,002_20200629_082831(3),20200629,2호기,9.0,8to12,0.3031650430494361,False,3,low,0.7621381689510667,0.014476592652499676,0.5732527300239089,0.46753665804862976,0.014476592652499676,1,1,0.7621381689510667,0.6245379826934235,0.0,0.5732527300239089,0.5732527300239089,0.5732527300239089,0.6245379826934235,0.5732527300239089,0.5732527300239089,0.6245379826934235,0.5732527300239089,0.5732527300239089
20260930,68,346,002_20200629_082831(3),20200629,2호기,9.0,8to12,0.34859238395359543,False,3,low,0.7086636191756962,0.5817033052444458,0.7086636191756962,0.5817033052444458,,0,0,0.7086636191756962,0.7086636191756962,0.7086636191756962,0.7086636191756962,0.7086636191756962,0.7086636191756962,0.7086636191756962,0.7086636191756962,0.7086636191756962,0.7086636191756962,0.7086636191756962,0.7086636191756962
20260930,69,347,002_20200629_082834(2),20200629,2호기,10.0,8to12,1.359510297419022,False,3,high,0.9406177434053308,0.018470752984285355,0.8399048546013754,0.6155774593353271,0.6155774593353271,1,0,0.9406177434053308,0.9177409866182464,0.9177409866182464,0.8399048546013754,0.8399048546013754,0.8399048546013754,0.9177409866182464,0.9177409866182464,0.8399048546013754,0.9177409866182464,0.9177409866182464,0.8399048546013754
20260930,70,347,002_20200629_082834(2),20200629,2호기,9.0,8to12,1.1310206653633,False,3,high,0.8825850045916794,0.015503923408687115,0.8619008738083705,0.6274254322052002,0.6274254322052002,1,0,0.8825850045916794,0.8619008738083705,0.8619008738083705,0.8619008738083705,0.8619008738083705,0.8619008738083705,0.8619008738083705,0.8619008738083705,0.8619008738083705,0.8619008738083705,0.8619008738083705,0.8619008738083705
20260930,71,347,002_20200629_082834(2),20200629,2호기,8.0,8to12,0.5831674545906942,False,3,low,0.8877028992396675,0.010586589574813843,0.7716596665537417,0.5919392704963684,0.5919392704963684,1,0,0.8877028992396675,0.7808345241495921,0.7716596665537417,0.7716596665537417,0.7716596665537417,0.7716596665537417,0.7716596665537417,0.7716596665537417,0.7716596665537417,0.7716596665537417,0.7716596665537417,0.7716596665537417
20260930,72,348,002_20200629_082837(0),20200629,2호기,9.0,8to12,1.188636633781053,False,3,high,0.815748964553726,0.01756257936358452,0.7290629115193707,0.6127779483795166,0.03251880779862404,1,1,0.815748964553726,0.7290629115193707,0.7290629115193707,0.7290629115193707,0.7290629115193707,0.7290629115193707,0.7290629115193707,0.7290629115193707,0.7290629115193707,0.765329601189583,0.7290629115193707,0.7290629115193707
20260930,73,348,002_20200629_082837(0),20200629,2호기,8.0,8to12,0.7342413451301443,False,3,mid,0.9030446221335684,0.03427465632557869,0.7377193845779354,0.5742580890655518,0.03427465632557869,1,1,0.9030446221335684,0.7377193845779354,0.7377193845779354,0.7377193845779354,0.7377193845779354,0.7377193845779354,0.8765367053362637,0.7377193845779354,0.7377193845779354,0.8765367053362637,0.7377193845779354,0.7377193845779354
20260930,74,348,002_20200629_082837(0),20200629,2호기,8.0,8to12,0.3954931359969064,False,3,low,0.8523590713320283,0.026874655857682228,0.7482269113144607,0.5771575570106506,0.5594784021377563,1,1,0.8523590713320283,0.7711112049909775,0.7711112049909775,0.7632413965824844,0.7482269113144607,0.7482269113144607,0.7711112049909775,0.7482269113144607,0.7482269113144607,0.7711112049909775,0.7711112049909775,0.7482269113144607
20260930,75,349,002_20200629_082839(9),20200629,2호기,10.0,8to12,1.3183104533230212,False,3,high,0.8599574777706581,0.050581786781549454,0.7235786059292287,0.6175018548965454,0.06866731494665146,1,1,0.8599574777706581,0.8599574777706581,0.7235786059292287,0.7673145136286932,0.7235786059292287,0.7235786059292287,0.7673145136286932,0.7235786059292287,0.7235786059292287,0.7235786059292287,0.7235786059292287,0.7235786059292287
20260930,76,349,002_20200629_082839(9),20200629,2호기,6.999999999999999,lt8,0.5506810088476082,False,3,low,0.7127068863452769,0.0588279664516449,0.6509437370401272,0.6110414266586304,,0,0,0.7127068863452769,0.7127068863452769,0.6509437370401272,0.712695183442635,0.6509437370401272,0.6509437370401272,0.7127068863452769,0.6509437370401272,0.6509437370401272,0.6509437370401272,0.6509437370401272,0.6509437370401272
20260930,77,349,002_20200629_082839(9),20200629,2호기,8.0,8to12,0.3076057724420383,False,3,low,0.8535136010289275,0.08321423828601837,0.8356739728998244,0.5804490447044373,0.5804490447044373,1,0,0.8535136010289275,0.8535136010289275,0.8356739728998244,0.8356739728998244,0.8356739728998244,0.8356739728998244,0.8356739728998244,0.8356739728998244,0.8356739728998244,0.8535136010289275,0.8356739728998244,0.8356739728998244
20260930,78,350,002_20200629_123442(5),20200629,2호기,8.0,8to12,0.6950587640591432,False,3,mid,0.7970072124930684,0.025487754493951797,0.6239221008548128,0.6174968481063843,0.025487754493951797,1,1,0.7970072124930684,0.6696815620050727,0.6239221008548128,0.6239221008548128,0.6239221008548128,0.6239221008548128,0.7970072124930684,0.6239221008548128,0.6239221008548128,0.6253979067217044,0.6239221008548128,0.6239221008548128
20260930,79,350,002_20200629_123442(5),20200629,2호기,9.0,8to12,1.6520430265428245,False,3,high,0.8944155917814912,0.09546006470918655,0.8381959862153704,0.5251210331916809,0.5251210331916809,1,0,0.8944155917814912,0.8944155917814912,0.0,0.8381959862153704,0.8381959862153704,0.8381959862153704,0.8686976189332525,0.8381959862153704,0.8381959862153704,0.8944155917814912,0.8381959862153704,0.8381959862153704
20260930,80,350,002_20200629_123442(5),20200629,2호기,10.0,8to12,0.9871297088437422,False,3,mid,0.8364805541494249,0.022365985438227654,0.7890885471993739,0.5947442054748535,0.5947442054748535,1,0,0.8364805541494249,0.7890885471993739,0.7890885471993739,0.7890885471993739,0.7890885471993739,0.7890885471993739,0.7890885471993739,0.7890885471993739,0.7890885471993739,0.7890885471993739,0.7890885471993739,0.7890885471993739
20260930,81,351,002_20200629_123447(0),20200629,2호기,9.0,8to12,1.4429181576820964,False,3,high,0.7780073680194631,0.03083856962621212,0.7396128392308557,0.5979644060134888,0.03961991146206856,1,1,0.7780073680194631,0.7396128392308557,0.7396128392308557,0.7396128392308557,0.7396128392308557,0.7396128392308557,0.7606084795507355,0.7396128392308557,0.7396128392308557,0.7606084795507355,0.7396128392308557,0.7396128392308557
20260930,82,351,002_20200629_123447(0),20200629,2호기,7.0,lt8,0.28858363153641925,False,3,low,0.7443570287760389,0.02514491230249405,0.6311243700680912,0.5913076400756836,,0,0,0.7443570287760389,0.7174237419164555,0.6311243700680912,0.6834505465455291,0.6311243700680912,0.6311243700680912,0.6921105621812095,0.6311243700680912,0.6311243700680912,0.7174237419164555,0.6311243700680912,0.6311243700680912
20260930,83,351,002_20200629_123447(0),20200629,2호기,9.0,8to12,1.9018186140496849,False,3,high,0.8298685406409904,0.04081813991069794,0.7694580580542081,0.5617765784263611,0.5617765784263611,1,0,0.8298685406409904,0.7849729206626656,0.7694580580542081,0.7694580580542081,0.7694580580542081,0.7694580580542081,0.7843229659628429,0.7694580580542081,0.7694580580542081,0.7843229659628429,0.7843229659628429,0.7694580580542081
20260930,84,352,002_20200629_123451(5),20200629,2호기,9.0,8to12,1.3654785182919504,False,3,high,0.8585985196367861,0.04577070102095604,0.7259547227960851,0.5978066921234131,0.07533209770917892,1,1,0.8585985196367861,0.7904133778913843,0.7259547227960851,0.7259547227960851,0.7259547227960851,0.7259547227960851,0.8585985196367861,0.7259547227960851,0.7259547227960851,0.8585985196367861,0.7259547227960851,0.7259547227960851
20260930,85,352,002_20200629_123451(5),20200629,2호기,9.0,8to12,1.1013620176952164,False,3,high,0.9104550195850111,0.02808661200106144,0.8270915093899716,0.5968580842018127,0.5968580842018127,1,0,0.9104550195850111,0.8419623945031188,0.8270915093899716,0.8270915093899716,0.8270915093899716,0.8270915093899716,0.8419623945031188,0.8270915093899716,0.8270915093899716,0.8419623945031188,0.8270915093899716,0.8270915093899716
20260930,86,352,002_20200629_123451(5),20200629,2호기,9.0,8to12,0.7073851004486843,False,3,mid,0.9050560193607525,0.017364652827382088,0.8174458274456088,0.5827680826187134,0.5827680826187134,1,0,0.9050560193607525,0.8174458274456088,0.8174458274456088,0.8174458274456088,0.8174458274456088,0.8174458274456088,0.8174458274456088,0.8174458274456088,0.8174458274456088,0.8174458274456088,0.8174458274456088,0.8174458274456088
20260930,87,353,002_20200629_123456(0),20200629,2호기,8.0,8to12,1.0923828146335604,False,3,high,0.8138199563940027,0.02122418023645878,0.7036237573004442,0.6062192320823669,0.02122418023645878,1,1,0.8138199563940027,0.7036237573004442,0.7036237573004442,0.7423170595759612,0.7036237573004442,0.7036237573004442,0.7423170595759612,0.7036237573004442,0.7036237573004442,0.7154380956558669,0.7036237573004442,0.7036237573004442
20260930,88,353,002_20200629_123456(0),20200629,2호기,7.0,lt8,0.36712067256507214,False,3,low,0.7569041490752055,0.019015679135918617,0.5661086024934755,0.6117696166038513,0.019015679135918617,1,1,0.7569041490752055,0.5661086024934755,0.5661086024934755,0.7569041490752055,0.5661086024934755,0.5661086024934755,0.7569041490752055,0.5661086024934755,0.5661086024934755,0.7569041490752055,0.5661086024934755,0.5661086024934755
20260930,89,353,002_20200629_123456(0),20200629,2호기,6.999999999999999,lt8,1.0100427103774674,False,3,mid,0.8038047642240642,0.01483739074319601,0.5627739348614109,0.41095107793807983,0.01483739074319601,1,1,0.8038047642240642,0.607658883077289,0.0,0.6950766464148959,0.5627739348614109,0.5627739348614109,0.7135758884595946,0.5627739348614109,0.5627739348614109,0.653945447200816,0.5677430095327729,0.5627739348614109
20260930,90,354,002_20200629_123500(5),20200629,2호기,9.0,8to12,1.2304230897681532,False,3,high,0.8253637638801042,0.5883282423019409,0.8253637638801042,0.5883282423019409,0.5883282423019409,1,0,0.8253637638801042,0.8253637638801042,0.8253637638801042,0.8253637638801042,0.8253637638801042,0.8253637638801042,0.8253637638801042,0.8253637638801042,0.8253637638801042,0.8253637638801042,0.8253637638801042,0.8253637638801042
20260930,91,354,002_20200629_123500(5),20200629,2호기,9.0,8to12,0.6374163391054923,False,3,mid,0.9629910402880479,0.029751958325505257,0.9163814234634913,0.5888023972511292,0.5888023972511292,1,0,0.9629910402880479,0.9534881125944054,0.9163814234634913,0.9163814234634913,0.9163814234634913,0.9163814234634913,0.9163814234634913,0.9163814234634913,0.9163814234634913,0.9163814234634913,0.9163814234634913,0.9163814234634913
20260930,92,354,002_20200629_123500(5),20200629,2호기,9.0,8to12,1.8757936049867252,False,3,high,0.8784077751297606,0.024110792204737663,0.7959729453802349,0.5726395845413208,0.5726395845413208,1,0,0.8784077751297606,0.8273544494187708,0.7959729453802349,0.7959729453802349,0.7959729453802349,0.7959729453802349,0.8244429217725256,0.7959729453802349,0.7959729453802349,0.801731013100975,0.7959729453802349,0.7959729453802349
20260930,93,355,002_20200629_123505(0),20200629,2호기,8.0,8to12,0.6609231152027868,False,3,mid,0.8017300588794333,0.014686614274978638,0.6640526946161015,0.6141044497489929,0.020318951457738876,1,1,0.8017300588794333,0.689914682429731,0.6709049371601743,0.6640526946161015,0.6640526946161015,0.6640526946161015,0.7777438185789459,0.6640526946161015,0.6640526946161015,0.689914682429731,0.6709049371601743,0.6640526946161015
20260930,94,355,002_20200629_123505(0),20200629,2호기,7.0,lt8,1.154334526145677,False,3,high,0.6913179102432674,0.021000457927584648,0.5672933695669182,0.5987830758094788,,0,0,0.6913179102432674,0.5672933695669182,0.5672933695669182,0.5672933695669182,0.5672933695669182,0.5672933695669182,0.6913179102432674,0.5672933695669182,0.5672933695669182,0.5672933695669182,0.5672933695669182,0.5672933695669182
20260930,95,355,002_20200629_123505(0),20200629,2호기,7.0,lt8,1.2986263419138866,False,3,high,0.7048857626160382,0.02543732523918152,0.5891022953104986,0.5901551246643066,,0,0,0.7048857626160382,0.5891022953104986,0.5891022953104986,0.677943195558567,0.5891022953104986,0.5891022953104986,0.6945025597057303,0.5891022953104986,0.5891022953104986,0.677943195558567,0.5891022953104986,0.5891022953104986
20260930,96,356,002_20200629_163656(7),20200629,2호기,9.0,8to12,1.587209973450306,False,3,high,0.7658590354298911,0.017056787386536598,0.6844987457132004,0.5979169607162476,0.019075077027082443,1,1,0.7658590354298911,0.6844987457132004,0.6844987457132004,0.7658590354298911,0.6844987457132004,0.6844987457132004,0.7658590354298911,0.6844987457132004,0.6844987457132004,0.6844987457132004,0.6844987457132004,0.6844987457132004
20260930,97,356,002_20200629_163656(7),20200629,2호기,9.0,8to12,0.5043881771411278,False,3,low,0.885584374472676,0.06874113529920578,0.7936822730318914,0.5933451652526855,0.5933451652526855,1,0,0.885584374472676,0.885584374472676,0.7936822730318914,0.8251089263525809,0.7936822730318914,0.7936822730318914,0.8251089263525809,0.7936822730318914,0.7936822730318914,0.8251089263525809,0.7936822730318914,0.7936822730318914
20260930,98,356,002_20200629_163656(7),20200629,2호기,8.0,8to12,0.7726138119576845,False,3,mid,0.86291858344218,0.023654716089367867,0.6946876824274265,0.5638486742973328,0.028505759313702583,1,1,0.86291858344218,0.6946876824274265,0.6946876824274265,0.6946876824274265,0.6946876824274265,0.6946876824274265,0.7715230326522825,0.6946876824274265,0.6946876824274265,0.7715230326522825,0.6946876824274265,0.6946876824274265
20260930,99,357,002_20200629_163659(7),20200629,2호기,6.999999999999999,lt8,1.2126601721977444,False,3,high,0.7209631684733627,0.029726475477218628,0.6672699077630211,0.5808184146881104,,0,0,0.7209631684733627,0.6746768127600435,0.6672699077630211,0.6672699077630211,0.6672699077630211,0.6672699077630211,0.7209631684733627,0.6672699077630211,0.6672699077630211,0.6746768127600435,0.6672699077630211,0.6672699077630211
20260930,100,357,002_20200629_163659(7),20200629,2호기,6.999999999999999,lt8,0.8657508946092578,False,3,mid,0.7510739397556329,0.027091646566987038,0.5096508080130681,0.5846487283706665,0.027091646566987038,1,1,0.7510739397556329,0.5377611296843765,0.5096508080130681,0.7510739397556329,0.5096508080130681,0.5096508080130681,0.7510739397556329,0.5096508080130681,0.5096508080130681,0.625403496680264,0.5096508080130681,0.5096508080130681
20260930,101,357,002_20200629_163659(7),20200629,2호기,8.0,8to12,0.611080295950888,False,3,mid,0.8439019424643617,0.015104254707694054,0.6140353514207971,0.5714877247810364,0.0155792236328125,1,1,0.8439019424643617,0.6333210151786959,0.6140353514207971,0.7479205618625925,0.6140353514207971,0.6140353514207971,0.7479205618625925,0.6140353514207971,0.6140353514207971,0.7479205618625925,0.6140353514207971,0.6140353514207971
20260930,102,358,002_20200629_163702(8),20200629,2호기,10.0,8to12,1.4061978168778893,False,3,high,0.835183271185963,0.02173285372555256,0.798269004575302,0.6036589741706848,0.6036589741706848,1,0,0.835183271185963,0.798269004575302,0.798269004575302,0.798269004575302,0.798269004575302,0.798269004575302,0.8128468994036884,0.798269004575302,0.798269004575302,0.798269004575302,0.798269004575302,0.798269004575302
20260930,103,358,002_20200629_163702(8),20200629,2호기,9.0,8to12,1.3767025221190206,False,3,high,0.8733793521099193,0.012265386991202831,0.7887750331228023,0.6063095331192017,0.6063095331192017,1,0,0.8733793521099193,0.7887750331228023,0.7887750331228023,0.7887750331228023,0.7887750331228023,0.7887750331228023,0.8323421190367517,0.7887750331228023,0.7887750331228023,0.7887750331228023,0.7887750331228023,0.7887750331228023
20260930,104,358,002_20200629_163702(8),20200629,2호기,9.0,8to12,0.7073851004486843,False,3,mid,0.9058139638066681,0.08482818305492401,0.7711422829955812,0.5621210932731628,0.5621210932731628,1,0,0.9058139638066681,0.9058139638066681,0.7770473261698753,0.8114366474015868,0.7711422829955812,0.7711422829955812,0.8114366474015868,0.7711422829955812,0.7711422829955812,0.7843144320595574,0.7770473261698753,0.7711422829955812
20260930,105,359,002_20200629_163705(8),20200629,2호기,9.0,8to12,1.4061978168778893,False,3,high,0.8581347140966413,0.033727552741765976,0.7547736076062106,0.6230528354644775,0.6230528354644775,1,0,0.8581347140966413,0.7547736076062106,0.7547736076062106,0.8164214269288758,0.7547736076062106,0.7547736076062106,0.8164214269288758,0.7547736076062106,0.7547736076062106,0.7547736076062106,0.7547736076062106,0.7547736076062106
20260930,106,359,002_20200629_163705(8),20200629,2호기,9.0,8to12,0.5771672630728385,False,3,low,0.8801078498860853,0.022768622264266014,0.8211732236975497,0.6149131059646606,0.6149131059646606,1,0,0.8801078498860853,0.8211732236975497,0.8211732236975497,0.8211732236975497,0.8211732236975497,0.8211732236975497,0.8211732236975497,0.8211732236975497,0.8211732236975497,0.8211732236975497,0.8211732236975497,0.8211732236975497
20260930,107,359,002_20200629_163705(8),20200629,2호기,8.0,8to12,0.6998009455088331,False,3,mid,0.8654390861857613,0.012643900699913502,0.7252256759486551,0.5815057754516602,0.013365129940211773,1,1,0.8654390861857613,0.7492286391455732,0.7252256759486551,0.7252256759486551,0.7252256759486551,0.7252256759486551,0.7492286391455732,0.7252256759486551,0.7252256759486551,0.7492286391455732,0.7252256759486551,0.7252256759486551
20260930,108,360,002_20200629_163708(9),20200629,2호기,9.0,8to12,1.0697729704029477,False,3,high,0.936335425393051,0.021091002970933914,0.8071065460478508,0.6014962196350098,0.6014962196350098,1,0,0.936335425393051,0.8071065460478508,0.8071065460478508,0.8071065460478508,0.8071065460478508,0.8071065460478508,0.8071065460478508,0.8071065460478508,0.8071065460478508,0.8071065460478508,0.8071065460478508,0.8071065460478508
20260930,109,360,002_20200629_163708(9),20200629,2호기,6.999999999999999,lt8,0.5771672630728385,False,3,low,0.7312740953503799,0.06654079258441925,0.6474898868730004,0.5992454886436462,,0,0,0.7312740953503799,0.7312740953503799,0.6474898868730004,0.662594718429005,0.6474898868730004,0.6474898868730004,0.662594718429005,0.6474898868730004,0.6474898868730004,0.662594718429005,0.6474898868730004,0.6474898868730004
20260930,110,360,002_20200629_163708(9),20200629,2호기,9.0,8to12,1.8757936049867252,False,3,high,0.8176497709841124,0.014358063228428364,0.722955888242483,0.5465388298034668,0.1959134340286255,1,1,0.8176497709841124,0.801989732834316,0.0,0.722955888242483,0.722955888242483,0.722955888242483,0.722955888242483,0.722955888242483,0.722955888242483,0.722955888242483,0.722955888242483,0.722955888242483
20260930,111,361,002_20200629_163711(8),20200629,2호기,9.0,8to12,0.771939626969365,False,3,mid,0.8638472394879386,0.025928355753421783,0.7688732842046407,0.6092302203178406,0.6092302203178406,1,0,0.8638472394879386,0.8012911898949363,0.7688732842046407,0.7688732842046407,0.7688732842046407,0.7688732842046407,0.7901940688588391,0.7688732842046407,0.7688732842046407,0.7688732842046407,0.7688732842046407,0.7688732842046407
20260930,112,361,002_20200629_163711(8),20200629,2호기,8.0,8to12,0.4328754473046289,False,3,low,0.8173855369417666,0.03929493576288223,0.7001354397433823,0.6021788716316223,0.04878693073987961,1,1,0.8173855369417666,0.7001354397433823,0.7001354397433823,0.7001354397433823,0.7001354397433823,0.7001354397433823,0.8173855369417666,0.7001354397433823,0.7001354397433823,0.7001354397433823,0.7001354397433823,0.7001354397433823
20260930,113,361,002_20200629_163711(8),20200629,2호기,6.0,lt8,0.9094951291483083,False,3,mid,0.6235161181677096,0.019981734454631805,0.5094655225706146,0.5378889441490173,,0,0,0.6235161181677096,0.5132997153183565,0.0,0.6200338124891493,0.5094655225706146,0.5094655225706146,0.6200338124891493,0.5094655225706146,0.5094655225706146,0.5094655225706146,0.5094655225706146,0.5094655225706146
20260930,114,387,002_20200715_002443(4),20200715,1호기,8.0,8to12,2.020085420754935,False,3,high,0.8235992420536576,0.012021087110042572,0.7734099793029364,0.5785113573074341,0.5785113573074341,1,0,0.8235992420536576,0.7734099793029364,0.7734099793029364,0.7734099793029364,0.7734099793029364,0.7734099793029364,0.8137205713306134,0.7734099793029364,0.7734099793029364,0.7984295432958138,0.7734099793029364,0.7734099793029364
20260930,115,387,002_20200715_002443(4),20200715,1호기,9.0,8to12,0.7131819802686319,False,3,mid,0.8563682885846858,0.033531222492456436,0.7403261080528648,0.5507679581642151,0.033531222492456436,1,1,0.8563682885846858,0.7403261080528648,0.0,0.7403261080528648,0.7403261080528648,0.7403261080528648,0.8563682885846858,0.7403261080528648,0.7403261080528648,0.7403261080528648,0.7403261080528648,0.7403261080528648
20260930,116,387,002_20200715_002443(4),20200715,1호기,9.0,8to12,1.4652977080722747,False,3,high,0.8795457825634341,0.015090462751686573,0.7747329591479413,0.5852116346359253,0.5852116346359253,1,0,0.8795457825634341,0.7836126150012173,0.7747329591479413,0.7747329591479413,0.7747329591479413,0.7747329591479413,0.7836126150012173,0.7747329591479413,0.7747329591479413,0.7836126150012173,0.7747329591479413,0.7747329591479413
20260930,117,388,002_20200715_002447(9),20200715,1호기,8.0,8to12,1.2126601721977444,False,3,high,0.8593146305965754,0.027414586395025253,0.7991225216312355,0.48732131719589233,0.48732131719589233,1,0,0.8593146305965754,0.7991225216312355,0.0,0.7991225216312355,0.7991225216312355,0.7991225216312355,0.7991225216312355,0.7991225216312355,0.7991225216312355,0.7991225216312355,0.7991225216312355,0.7991225216312355
20260930,118,388,002_20200715_002447(9),20200715,1호기,8.0,8to12,0.7131819802686319,False,3,mid,0.9292506827995427,0.02954784594476223,0.8160362469554796,0.5356592535972595,0.5356592535972595,1,0,0.9292506827995427,0.8160362469554796,0.0,0.8160362469554796,0.8160362469554796,0.8160362469554796,0.9292506827995427,0.8160362469554796,0.8160362469554796,0.8160362469554796,0.8160362469554796,0.8160362469554796
20260930,119,388,002_20200715_002447(9),20200715,1호기,10.0,8to12,1.1425357262132851,False,3,high,0.7076261827209939,0.012951401993632317,0.6804405419692047,0.5351879596710205,,0,0,0.7076261827209939,0.7020129863790725,0.0,0.6804405419692047,0.6804405419692047,0.6804405419692047,0.6804405419692047,0.6804405419692047,0.6804405419692047,0.6804405419692047,0.6804405419692047,0.6804405419692047
20260930,120,389,002_20200715_002456(9),20200715,1호기,10.0,8to12,1.2005560470112475,False,3,high,0.710970042529531,0.023871639743447304,0.6287496756390047,0.5737075209617615,,0,0,0.710970042529531,0.6287496756390047,0.6287496756390047,0.6287496756390047,0.6287496756390047,0.6287496756390047,0.6449466473351655,0.6287496756390047,0.6287496756390047,0.6287496756390047,0.6287496756390047,0.6287496756390047
20260930,121,389,002_20200715_002456(9),20200715,1호기,11.0,8to12,0.9401235322321354,False,3,mid,0.625396226704862,0.026667051017284393,0.5417605843848557,0.5934491753578186,,0,0,0.625396226704862,0.5879113842470275,0.5417605843848557,0.5417605843848557,0.5417605843848557,0.5417605843848557,0.5879113842470275,0.5417605843848557,0.5417605843848557,0.5879113842470275,0.5417605843848557,0.5417605843848557
20260930,122,389,002_20200715_002456(9),20200715,1호기,8.0,8to12,1.3137151865475565,False,3,high,0.9200627961197296,0.03454386442899704,0.8666337733945646,0.5639519095420837,0.5639519095420837,1,0,0.9200627961197296,0.8666337733945646,0.8666337733945646,0.8666337733945646,0.8666337733945646,0.8666337733945646,0.8666337733945646,0.8666337733945646,0.8666337733945646,0.8666337733945646,0.8666337733945646,0.8666337733945646
20260930,123,390,002_20200715_002509(0),20200715,1호기,8.0,8to12,1.154334526145677,False,3,high,0.9048841550188207,0.07877384126186371,0.8182744929478716,0.5461612939834595,0.5461612939834595,1,0,0.9048841550188207,0.9048841550188207,0.0,0.8182744929478716,0.8182744929478716,0.8182744929478716,0.9048841550188207,0.8182744929478716,0.8182744929478716,0.9048841550188207,0.8182744929478716,0.8182744929478716
20260930,124,390,002_20200715_002509(0),20200715,1호기,6.999999999999999,lt8,0.8260215132714123,False,3,mid,0.7367052081629539,0.018056049942970276,0.695523141068516,0.5667904615402222,,0,0,0.7367052081629539,0.695523141068516,0.695523141068516,0.695523141068516,0.695523141068516,0.695523141068516,0.7367052081629539,0.695523141068516,0.695523141068516,0.7367052081629539,0.695523141068516,0.695523141068516
20260930,125,390,002_20200715_002509(0),20200715,1호기,6.0,lt8,0.0,False,3,low,0.6106438875177339,0.017401311546564102,0.5907591660122444,0.5399590730667114,,0,0,0.6106438875177339,0.5917158596152946,0.0,0.5907591660122444,0.5907591660122444,0.5907591660122444,0.5917158596152946,0.5907591660122444,0.5907591660122444,0.5917158596152946,0.5907591660122444,0.5907591660122444
20260930,126,391,002_20200715_002513(4),20200715,1호기,7.0,lt8,1.1425357262132851,False,3,high,0.8531951760589241,0.027616439387202263,0.7743802008077456,0.5716344714164734,0.5716344714164734,1,0,0.8531951760589241,0.7743802008077456,0.7743802008077456,0.7743802008077456,0.7743802008077456,0.7743802008077456,0.8518387045674791,0.7743802008077456,0.7743802008077456,0.8518387045674791,0.7743802008077456,0.7743802008077456
20260930,127,391,002_20200715_002513(4),20200715,1호기,9.0,8to12,0.3607295394205241,False,3,low,0.9084326911610409,0.025858450680971146,0.7650094826703836,0.5781298279762268,0.5781298279762268,1,0,0.9084326911610409,0.7650094826703836,0.7650094826703836,0.7850628319238511,0.7650094826703836,0.7650094826703836,0.7855942082040959,0.7650094826703836,0.7650094826703836,0.7855942082040959,0.7650094826703836,0.7650094826703836
20260930,128,391,002_20200715_002513(4),20200715,1호기,8.0,8to12,0.17577472710973616,False,3,low,0.9199375436884598,0.019748354330658913,0.7526501599429992,0.5735728740692139,0.5735728740692139,1,0,0.9199375436884598,0.7619986960813195,0.7526501599429992,0.7526501599429992,0.7526501599429992,0.7526501599429992,0.7619986960813195,0.7526501599429992,0.7526501599429992,0.7619986960813195,0.7526501599429992,0.7526501599429992
20260930,129,424,002_20200904_230054(2),20200904,2호기,10.0,8to12,1.0697729704029477,False,1,high,0.9188701813393062,0.027936503291130066,0.7916640304793291,0.5966750383377075,0.5966750383377075,1,0,0.9188701813393062,0.8436877618895915,0.7916640304793291,0.7916640304793291,0.7916640304793291,0.7916640304793291,0.7916640304793291,0.7916640304793291,0.7916640304793291,0.7916640304793291,0.7916640304793291,0.7916640304793291
20260930,130,425,002_20200904_230057(6),20200904,2호기,9.0,8to12,1.2986263419138866,False,1,high,0.8608824467746544,0.09404655545949936,0.7815101476339484,0.5440340638160706,0.5440340638160706,1,0,0.8608824467746544,0.8608824467746544,0.0,0.7815101476339484,0.7815101476339484,0.7815101476339484,0.7815101476339484,0.7815101476339484,0.7815101476339484,0.8598659312683471,0.7815101476339484,0.7815101476339484
20260930,131,426,002_20200904_230105(4),20200904,2호기,9.0,8to12,1.2986263419138866,False,1,high,0.7635001202176104,0.031032249331474304,0.6902098193754052,0.6033948063850403,0.0313141867518425,1,1,0.7635001202176104,0.7198982752354184,0.6902098193754052,0.6902098193754052,0.6902098193754052,0.6902098193754052,0.7523993654062093,0.6902098193754052,0.6902098193754052,0.7122716745183222,0.7122716745183222,0.6902098193754052
20260930,132,490,002_20200907_184813(1),20200907,1호기,7.0,lt8,0.7214590788410482,False,1,mid,0.7835678317495252,0.5862139463424683,0.7835678317495252,0.5862139463424683,0.5862139463424683,1,0,0.7835678317495252,0.7835678317495252,0.7835678317495252,0.7835678317495252,0.7835678317495252,0.7835678317495252,0.7835678317495252,0.7835678317495252,0.7835678317495252,0.7835678317495252,0.7835678317495252,0.7835678317495252
20260930,133,491,002_20200907_184815(7),20200907,1호기,9.0,8to12,0.14429181576820962,False,1,low,0.6923755341220487,0.5140649080276489,0.6923755341220487,0.5140649080276489,,0,0,0.6923755341220487,0.6923755341220487,0.0,0.6923755341220487,0.6923755341220487,0.6923755341220487,0.6923755341220487,0.6923755341220487,0.6923755341220487,0.6923755341220487,0.6923755341220487,0.6923755341220487
20260930,134,492,002_20200907_184818(2),20200907,1호기,8.0,8to12,0.40422005739924816,False,1,low,0.7688745716333061,0.09046736359596252,0.6261273369058811,0.5458634495735168,0.14351335167884827,1,1,0.7688745716333061,0.7688745716333061,0.0,0.6261273369058811,0.6261273369058811,0.6261273369058811,0.7288349224311361,0.7288349224311361,0.6261273369058811,0.7288349224311361,0.6261273369058811,0.6261273369058811
20260930,135,493,002_20200907_184823(7),20200907,1호기,8.0,8to12,0.07775566061209256,False,1,low,0.7017594098025766,0.08690378814935684,0.5408598396726985,0.5534444451332092,,0,0,0.7017594098025766,0.7017594098025766,0.0,0.7017594098025766,0.7017594098025766,0.5408598396726985,0.7017594098025766,0.7017594098025766,0.5408598396726985,0.6321619934337017,0.5554753448886192,0.5408598396726985
20260930,136,494,002_20200907_184826(3),20200907,1호기,6.999999999999999,lt8,0.5506810088476082,False,1,low,0.7437124705255873,0.033041685819625854,0.6852609702313136,0.5638583302497864,,0,0,0.7437124705255873,0.739262367306206,0.6852609702313136,0.6852609702313136,0.6852609702313136,0.6852609702313136,0.739262367306206,0.6852609702313136,0.6852609702313136,0.739262367306206,0.6852609702313136,0.6852609702313136
20260930,137,495,002_20200907_184828(8),20200907,1호기,10.0,8to12,0.4328754473046289,False,1,low,0.8048700128288743,0.03007856011390686,0.7063411589145446,0.6080177426338196,0.09466178715229034,1,1,0.8048700128288743,0.7724689390748462,0.7063411589145446,0.7063411589145446,0.7063411589145446,0.7063411589145446,0.7724689390748462,0.7063411589145446,0.7063411589145446,0.7063411589145446,0.7063411589145446,0.7063411589145446
20260930,138,496,002_20200907_204635(5),20200907,1호기,10.0,8to12,0.7073851004486843,False,1,mid,0.7366697646421391,0.039390984922647476,0.5758322974331743,0.5674523711204529,,0,0,0.7366697646421391,0.6025339807274457,0.5758322974331743,0.7366697646421391,0.5758322974331743,0.5758322974331743,0.7366697646421391,0.5758322974331743,0.5758322974331743,0.6463425734639102,0.6025339807274457,0.5758322974331743
20260930,139,497,002_20200907_204640(0),20200907,1호기,10.0,8to12,0.31102264244837025,False,1,low,0.8844870694584669,0.561142086982727,0.8844870694584669,0.561142086982727,0.561142086982727,1,0,0.8844870694584669,0.8844870694584669,0.8844870694584669,0.8844870694584669,0.8844870694584669,0.8844870694584669,0.8844870694584669,0.8844870694584669,0.8844870694584669,0.8844870694584669,0.8844870694584669,0.8844870694584669
20260930,140,498,002_20200907_204644(5),20200907,1호기,10.0,8to12,0.3515494542194723,False,1,low,0.7160583096668468,0.033121440559625626,0.5748306807445501,0.5745614171028137,,0,0,0.7160583096668468,0.6631990334841463,0.5748306807445501,0.7160583096668468,0.5748306807445501,0.5748306807445501,0.7160583096668468,0.5748306807445501,0.5748306807445501,0.6989373554053362,0.5748306807445501,0.5748306807445501
20260930,141,499,002_20200907_204649(0),20200907,1호기,10.0,8to12,1.3075002971591585,False,1,high,0.7314960384532257,0.030451063066720963,0.6512942151318944,0.5621713995933533,,0,0,0.7314960384532257,0.6823092014073447,0.6512942151318944,0.7153431531407444,0.6512942151318944,0.6512942151318944,0.7153431531407444,0.6512942151318944,0.6512942151318944,0.657865027959955,0.657865027959955,0.6512942151318944
20260930,142,500,002_20200907_204653(4),20200907,1호기,10.0,8to12,1.4147702008973686,False,1,high,0.8202735274336246,0.09465638548135757,0.7311755513463477,0.5956060886383057,0.2721536159515381,1,1,0.8202735274336246,0.8202735274336246,0.7311755513463477,0.7311755513463477,0.7311755513463477,0.7311755513463477,0.7778862955114182,0.7311755513463477,0.7311755513463477,0.7778862955114182,0.7778862955114182,0.7311755513463477
20261001,1,89,001_20200629_082825(1),20200629,3호기,11.0,8to12,1.4429181576820964,False,3,high,0.8737021851823585,0.050543732941150665,0.8599667435746644,0.4729407727718353,0.4729407727718353,1,0,0.8737021851823585,0.8737021851823585,0.0,0.8599667435746644,0.8599667435746644,0.8599667435746644,0.8737021851823585,0.8599667435746644,0.8599667435746644,0.8599667435746644,0.8599667435746644,0.8599667435746644
20261001,2,89,001_20200629_082825(1),20200629,3호기,12.0,12to16,0.8320456436467372,False,3,mid,0.8223440017346965,0.0247089434415102,0.7446271299443226,0.5274055004119873,0.0247089434415102,1,1,0.8223440017346965,0.7446271299443226,0.7446271299443226,0.7446271299443226,0.7446271299443226,0.7446271299443226,0.8060476261995246,0.7446271299443226,0.7446271299443226,0.7446271299443226,0.7446271299443226,0.7446271299443226
20261001,3,89,001_20200629_082825(1),20200629,3호기,13.999999999999998,12to16,0.7131819802686319,False,3,mid,0.6208118814763053,0.0264749713242054,0.5721948350556195,0.4974691867828369,,0,0,0.6208118814763053,0.5721948350556195,0.5721948350556195,0.5721948350556195,0.5721948350556195,0.5721948350556195,0.5721948350556195,0.5721948350556195,0.5721948350556195,0.5721948350556195,0.5721948350556195,0.5721948350556195
20261001,4,90,001_20200629_082828(0),20200629,3호기,15.0,12to16,1.1663349091813884,True,3,high,0.7639252594009653,0.029422707855701447,0.6208553296706716,0.5122970342636108,0.029422707855701447,1,1,0.7639252594009653,0.6208553296706716,0.6208553296706716,0.6208553296706716,0.6208553296706716,0.6208553296706716,0.7639252594009653,0.6208553296706716,0.6208553296706716,0.6208553296706716,0.6208553296706716,0.6208553296706716
20261001,5,90,001_20200629_082828(0),20200629,3호기,12.0,12to16,0.5771672630728385,False,3,low,0.7454422654420173,0.5008500218391418,0.7454422654420173,0.5008500218391418,,0,0,0.7454422654420173,0.7454422654420173,0.7454422654420173,0.7454422654420173,0.7454422654420173,0.7454422654420173,0.7454422654420173,0.7454422654420173,0.7454422654420173,0.7454422654420173,0.7454422654420173,0.7454422654420173
20261001,6,90,001_20200629_082828(0),20200629,3호기,12.0,12to16,0.35659099013431594,False,3,low,0.8412251303832432,0.0330214649438858,0.812894986305831,0.5378351807594299,0.5378351807594299,1,0,0.8412251303832432,0.812894986305831,0.812894986305831,0.812894986305831,0.812894986305831,0.812894986305831,0.812894986305831,0.812894986305831,0.812894986305831,0.812894986305831,0.812894986305831,0.812894986305831
20261001,7,91,001_20200629_082831(0),20200629,3호기,12.0,12to16,0.2377273267562106,True,3,low,0.8370868395639709,0.039051737636327744,0.7160823712931798,0.5060242414474487,0.039051737636327744,1,1,0.8370868395639709,0.7160823712931798,0.7160823712931798,0.7160823712931798,0.7160823712931798,0.7160823712931798,0.8370868395639709,0.7160823712931798,0.7160823712931798,0.7160823712931798,0.7160823712931798,0.7160823712931798
20261001,8,91,001_20200629_082831(0),20200629,3호기,12.0,12to16,0.7131819802686319,False,3,mid,0.8058821451410901,0.01844426803290844,0.7305943506413146,0.5192794799804688,0.02688082866370678,1,1,0.8058821451410901,0.7488828452774333,0.7305943506413146,0.7305943506413146,0.7305943506413146,0.7305943506413146,0.7305943506413146,0.7305943506413146,0.7305943506413146,0.7305943506413146,0.7305943506413146,0.7305943506413146
20261001,9,91,001_20200629_082831(0),20200629,3호기,10.0,8to12,0.9509093070248424,False,3,mid,0.8494979675136027,0.03310120478272438,0.7962256671863273,0.46625301241874695,0.46625301241874695,1,0,0.8494979675136027,0.7962256671863273,0.0,0.7962256671863273,0.7962256671863273,0.7962256671863273,0.8160969929021177,0.7962256671863273,0.7962256671863273,0.7962256671863273,0.7962256671863273,0.7962256671863273
20261001,10,92,001_20200629_082834(2),20200629,3호기,11.0,8to12,1.2986263419138866,False,3,high,0.862981582077011,0.042880430817604065,0.8197012618004134,0.5116236805915833,0.5116236805915833,1,0,0.862981582077011,0.8197012618004134,0.8197012618004134,0.8197012618004134,0.8197012618004134,0.8197012618004134,0.8241693079686092,0.8197012618004134,0.8197012618004134,0.8197012618004134,0.8197012618004134,0.8197012618004134
20261001,11,92,001_20200629_082834(2),20200629,3호기,13.999999999999998,12to16,0.5052750717490602,False,3,low,0.6533330227928476,0.4808843433856964,0.6533330227928476,0.4808843433856964,,0,0,0.6533330227928476,0.6533330227928476,0.6533330227928476,0.6533330227928476,0.6533330227928476,0.6533330227928476,0.6533330227928476,0.6533330227928476,0.6533330227928476,0.6533330227928476,0.6533330227928476,0.6533330227928476
20261001,12,92,001_20200629_082834(2),20200629,3호기,18.0,ge16,2.2850714524265703,False,3,high,0.3968577049924483,0.049750279635190964,0.3308117073467083,0.44349899888038635,,0,0,0.3968577049924483,0.38307590783370793,0.0,0.3308117073467083,0.3308117073467083,0.3308117073467083,0.38307590783370793,0.3308117073467083,0.3308117073467083,0.38307590783370793,0.3308117073467083,0.3308117073467083
20261001,13,93,001_20200629_082837(2),20200629,3호기,12.0,12to16,0.8788736355486808,True,3,mid,0.7034705737395094,0.029723305255174637,0.6839567681822251,0.5012921094894409,,0,0,0.7034705737395094,0.6839567681822251,0.6839567681822251,0.6839567681822251,0.6839567681822251,0.6839567681822251,0.6839567681822251,0.6839567681822251,0.6839567681822251,0.6839567681822251,0.6839567681822251,0.6839567681822251
20261001,14,93,001_20200629_082837(2),20200629,3호기,13.999999999999998,12to16,0.3515494542194723,True,3,low,0.6890501384341681,0.027769606560468674,0.5239090610457794,0.5459885001182556,,0,0,0.6890501384341681,0.5239090610457794,0.5239090610457794,0.6890501384341681,0.5239090610457794,0.5239090610457794,0.6890501384341681,0.5239090610457794,0.5239090610457794,0.6890501384341681,0.5239090610457794,0.5239090610457794
20261001,15,93,001_20200629_082837(2),20200629,3호기,13.999999999999998,12to16,0.6063300860988722,False,3,mid,0.7365388520574119,0.015167958103120327,0.6753486836679213,0.5393341183662415,,0,0,0.7365388520574119,0.6753486836679213,0.6753486836679213,0.6753486836679213,0.6753486836679213,0.6753486836679213,0.6753486836679213,0.6753486836679213,0.6753486836679213,0.6753486836679213,0.6753486836679213,0.6753486836679213
20261001,16,94,001_20200629_082840(2),20200629,3호기,13.999999999999998,12to16,1.1852141054422243,True,3,high,0.7458579271979726,0.040393274277448654,0.5247888788922939,0.467430055141449,,0,0,0.7458579271979726,0.5247888788922939,0.0,0.5247888788922939,0.5247888788922939,0.5247888788922939,0.7458579271979726,0.5247888788922939,0.5247888788922939,0.7458579271979726,0.5247888788922939,0.5247888788922939
20261001,17,94,001_20200629_082840(2),20200629,3호기,12.0,12to16,0.6063300860988722,True,3,mid,0.7842176294247594,0.019123366102576256,0.7519880433398471,0.5287712812423706,0.5287712812423706,1,0,0.7842176294247594,0.7519880433398471,0.7519880433398471,0.7519880433398471,0.7519880433398471,0.7519880433398471,0.7519880433398471,0.7519880433398471,0.7519880433398471,0.7519880433398471,0.7519880433398471,0.7519880433398471
20261001,18,94,001_20200629_082840(2),20200629,3호기,11.0,8to12,0.2377273267562106,False,3,low,0.8663864685855609,0.02161000855267048,0.792011049794102,0.4912763237953186,0.4912763237953186,1,0,0.8663864685855609,0.8051128667984638,0.792011049794102,0.792011049794102,0.792011049794102,0.792011049794102,0.8051128667984638,0.792011049794102,0.792011049794102,0.792011049794102,0.792011049794102,0.792011049794102
20261001,19,95,001_20200629_082905(4),20200629,3호기,13.999999999999998,12to16,0.7909862719938128,False,3,mid,0.8766005917595294,0.05417867377400398,0.7413507402315407,0.5311759114265442,0.05417867377400398,1,1,0.8766005917595294,0.8766005917595294,0.7413507402315407,0.7413507402315407,0.7413507402315407,0.7413507402315407,0.8542516037459738,0.7413507402315407,0.7413507402315407,0.7413507402315407,0.7413507402315407,0.7413507402315407
20261001,20,95,001_20200629_082905(4),20200629,3호기,11.0,8to12,0.4754546535124212,False,3,low,0.8584453814770676,0.036512237042188644,0.5947473203559145,0.5450578927993774,0.036512237042188644,1,1,0.8584453814770676,0.7114852331514763,0.5947473203559145,0.7439134963723223,0.5947473203559145,0.5947473203559145,0.8584453814770676,0.5947473203559145,0.5947473203559145,0.7384361146809837,0.5947473203559145,0.5947473203559145
20261001,21,95,001_20200629_082905(4),20200629,3호기,10.0,8to12,0.2197184088871702,False,3,low,0.7139793540877493,0.13235795497894287,0.7128625398048126,0.49591580033302307,,0,0,0.7139793540877493,0.7139793540877493,0.7128625398048126,0.7128625398048126,0.7128625398048126,0.7128625398048126,0.7128625398048126,0.7128625398048126,0.7128625398048126,0.7139793540877493,0.7128625398048126,0.7128625398048126
20261001,22,96,001_20200629_123107(1),20200629,3호기,11.0,8to12,1.1116051578479325,True,3,high,0.6318289674664083,0.02991379052400589,0.5906916929331917,0.5446728467941284,,0,0,0.6318289674664083,0.6118442432879622,0.5906916929331917,0.5906916929331917,0.5906916929331917,0.5906916929331917,0.5906916929331917,0.5906916929331917,0.5906916929331917,0.5906916929331917,0.5906916929331917,0.5906916929331917
20261001,23,96,001_20200629_123107(1),20200629,3호기,11.0,8to12,0.35659099013431594,False,3,low,0.8466109067310272,0.038419272750616074,0.7715830244517916,0.5433974266052246,0.5433974266052246,1,0,0.8466109067310272,0.7806272751527009,0.7715830244517916,0.7715830244517916,0.7715830244517916,0.7715830244517916,0.8137308583792979,0.7715830244517916,0.7715830244517916,0.7715830244517916,0.7715830244517916,0.7715830244517916
20261001,24,96,001_20200629_123107(1),20200629,3호기,8.0,8to12,0.4754546535124212,False,3,low,0.6530454254390701,0.01897122897207737,0.5925587495648796,0.5209428071975708,,0,0,0.6530454254390701,0.5970185270931725,0.5925587495648796,0.6199539606571399,0.5925587495648796,0.5925587495648796,0.6530454254390701,0.5925587495648796,0.5925587495648796,0.6199539606571399,0.5925587495648796,0.5925587495648796
20261001,25,97,001_20200629_123111(6),20200629,3호기,10.0,8to12,1.226480434029782,False,3,high,0.8236176321463011,0.5145460963249207,0.8236176321463011,0.5145460963249207,0.5145460963249207,1,0,0.8236176321463011,0.8236176321463011,0.8236176321463011,0.8236176321463011,0.8236176321463011,0.8236176321463011,0.8236176321463011,0.8236176321463011,0.8236176321463011,0.8236176321463011,0.8236176321463011,0.8236176321463011
20261001,26,97,001_20200629_123111(6),20200629,3호기,9.0,8to12,0.28858363153641925,False,3,low,0.7959859399943404,0.0497703030705452,0.6503724007757925,0.5344568490982056,0.0497703030705452,1,1,0.7959859399943404,0.7099609005655935,0.6503724007757925,0.7217009126039309,0.6503724007757925,0.6503724007757925,0.7217009126039309,0.6503724007757925,0.6503724007757925,0.7217009126039309,0.6503724007757925,0.6503724007757925
20261001,27,97,001_20200629_123111(6),20200629,3호기,11.0,8to12,0.7131819802686319,False,3,mid,0.9057280622122947,0.02311955951154232,0.8008727661257667,0.5548985004425049,0.5548985004425049,1,0,0.9057280622122947,0.8735359401186835,0.8008727661257667,0.8008727661257667,0.8008727661257667,0.8008727661257667,0.8107440231961763,0.8008727661257667,0.8008727661257667,0.8107440231961763,0.8008727661257667,0.8008727661257667
20261001,28,98,001_20200629_123116(1),20200629,3호기,15.0,12to16,1.113907339411692,True,3,high,0.636902958969746,0.03244375064969063,0.6120238465734258,0.500571608543396,,0,0,0.636902958969746,0.6120238465734258,0.6120238465734258,0.6120238465734258,0.6120238465734258,0.6120238465734258,0.6120238465734258,0.6120238465734258,0.6120238465734258,0.6120238465734258,0.6120238465734258,0.6120238465734258
20261001,29,98,001_20200629_123116(1),20200629,3호기,11.0,8to12,0.16385742219503405,False,3,low,0.8077161176044316,0.034660663455724716,0.7350541494353182,0.5072882175445557,0.034660663455724716,1,1,0.8077161176044316,0.7350541494353182,0.7350541494353182,0.7350541494353182,0.7350541494353182,0.7350541494353182,0.7350541494353182,0.7350541494353182,0.7350541494353182,0.7350541494353182,0.7350541494353182,0.7350541494353182
20261001,30,98,001_20200629_123116(1),20200629,3호기,11.0,8to12,0.5577478143257526,False,3,low,0.6529891762345559,0.017500348389148712,0.6230218828524323,0.5097051858901978,,0,0,0.6529891762345559,0.6523842170438108,0.6230218828524323,0.6529891762345559,0.6230218828524323,0.6230218828524323,0.6529891762345559,0.6230218828524323,0.6230218828524323,0.6414528459887843,0.6230218828524323,0.6230218828524323
20261001,31,99,001_20200629_123120(6),20200629,3호기,13.0,12to16,1.054648362658417,False,3,high,0.6899342776246855,0.023841524496674538,0.5717872698873582,0.4486864507198334,,0,0,0.6899342776246855,0.6891900619024132,0.0,0.5717872698873582,0.5717872698873582,0.5717872698873582,0.6899342776246855,0.5717872698873582,0.5717872698873582,0.6891900619024132,0.5717872698873582,0.5717872698873582
20261001,32,99,001_20200629_123120(6),20200629,3호기,15.0,12to16,0.6063300860988722,False,3,mid,0.7137221330663115,0.026278533041477203,0.6286613831656145,0.5433456897735596,,0,0,0.7137221330663115,0.6557614290993293,0.6286613831656145,0.6531638188632729,0.6286613831656145,0.6286613831656145,0.6557614290993293,0.6286613831656145,0.6286613831656145,0.6531638188632729,0.6286613831656145,0.6286613831656145
20261001,33,99,001_20200629_123120(6),20200629,3호기,9.0,8to12,0.6063300860988722,False,3,mid,0.779103311744689,0.043134745210409164,0.7159157926955327,0.4818837344646454,0.043134745210409164,1,1,0.779103311744689,0.7159157926955327,0.7159157926955327,0.7159157926955327,0.7159157926955327,0.7159157926955327,0.7516987095149782,0.7159157926955327,0.7159157926955327,0.754726964117444,0.7159157926955327,0.7159157926955327
20261001,34,100,001_20200629_123125(2),20200629,3호기,11.0,8to12,1.2126601721977444,False,3,high,0.7988540509750391,0.0344332717359066,0.767100177230773,0.4856300354003906,0.4856300354003906,1,0,0.7988540509750391,0.767100177230773,0.767100177230773,0.767100177230773,0.767100177230773,0.767100177230773,0.767100177230773,0.767100177230773,0.767100177230773,0.767100177230773,0.767100177230773,0.767100177230773
20261001,35,100,001_20200629_123125(2),20200629,3호기,12.0,12to16,0.6152115448840766,True,3,mid,0.5599435630931683,0.029104845598340034,0.5305077892849341,0.5077904462814331,,0,0,0.5599435630931683,0.5305077892849341,0.5305077892849341,0.5305077892849341,0.5305077892849341,0.5305077892849341,0.5305077892849341,0.5305077892849341,0.5305077892849341,0.5305077892849341,0.5305077892849341,0.5305077892849341
20261001,36,100,001_20200629_123125(2),20200629,3호기,11.0,8to12,0.5273241813292086,False,3,low,0.8364205998639551,0.01784333772957325,0.8036975403406059,0.5459300875663757,0.5459300875663757,1,0,0.8364205998639551,0.8161629960504436,0.8036975403406059,0.8036975403406059,0.8036975403406059,0.8036975403406059,0.8161629960504436,0.8036975403406059,0.8036975403406059,0.8161629960504436,0.8036975403406059,0.8036975403406059
20261001,37,120,001_20200811_003323(2),20200811,3호기,12.0,12to16,0.2377273267562106,False,1,low,0.7093135936175944,0.07059934735298157,0.6797630881067489,0.486122190952301,,0,0,0.7093135936175944,0.7093135936175944,0.6797630881067489,0.6797630881067489,0.6797630881067489,0.6797630881067489,0.6973024546200685,0.6797630881067489,0.6797630881067489,0.6964553823140776,0.6797630881067489,0.6797630881067489
20261001,38,121,001_20200811_003327(0),20200811,3호기,9.0,8to12,1.0100427103774674,False,1,mid,0.8477460494571125,0.05482473224401474,0.7850329038046459,0.5230376124382019,0.5230376124382019,1,0,0.8477460494571125,0.8477460494571125,0.7850329038046459,0.7850329038046459,0.7850329038046459,0.7850329038046459,0.8477460494571125,0.7850329038046459,0.7850329038046459,0.8477460494571125,0.7850329038046459,0.7850329038046459
20261001,39,122,001_20200811_043037(3),20200811,3호기,10.0,8to12,1.154334526145677,False,1,high,0.9000545947220616,0.04336722195148468,0.8104097074954607,0.5022253394126892,0.5022253394126892,1,0,0.9000545947220616,0.8735500441397563,0.8104097074954607,0.8104097074954607,0.8104097074954607,0.8104097074954607,0.8439302502540935,0.8104097074954607,0.8104097074954607,0.8439302502540935,0.8104097074954607,0.8104097074954607
20261001,40,123,001_20200811_043041(6),20200811,3호기,11.0,8to12,0.5771672630728385,False,1,low,0.7919178316616097,0.05687100067734718,0.7492326866182677,0.4560109078884125,0.07272607088088989,1,1,0.7919178316616097,0.7919178316616097,0.0,0.7492326866182677,0.7492326866182677,0.7492326866182677,0.7492326866182677,0.7492326866182677,0.7492326866182677,0.7492326866182677,0.7492326866182677,0.7492326866182677
20261001,41,137,001_20200818_083145(2),20200818,3호기,11.0,8to12,0.35659099013431594,False,1,low,0.8142472248419923,0.027477171272039413,0.777835385315949,0.48216909170150757,0.48216909170150757,1,0,0.8142472248419923,0.8013769183660985,0.777835385315949,0.777835385315949,0.777835385315949,0.777835385315949,0.777835385315949,0.777835385315949,0.777835385315949,0.777835385315949,0.777835385315949,0.777835385315949
20261001,42,138,001_20200818_083159(7),20200818,3호기,10.0,8to12,0.7131819802686319,False,1,mid,0.8239199931342261,0.0319584384560585,0.7130402341134938,0.5175194144248962,0.0682097002863884,1,1,0.8239199931342261,0.7506326483358505,0.7130402341134938,0.7130402341134938,0.7130402341134938,0.7130402341134938,0.7506326483358505,0.7130402341134938,0.7130402341134938,0.7130402341134938,0.7130402341134938,0.7130402341134938
20261001,43,139,001_20200818_123634(4),20200818,3호기,9.0,8to12,0.5943183168905265,False,1,mid,0.7576342885049274,0.034188952296972275,0.6657266103359372,0.5234323143959045,0.034188952296972275,1,1,0.7576342885049274,0.6956735410502397,0.6657266103359372,0.6657266103359372,0.6657266103359372,0.6657266103359372,0.684455792542435,0.6657266103359372,0.6657266103359372,0.6657266103359372,0.6657266103359372,0.6657266103359372
20261001,44,140,001_20200818_163230(6),20200818,3호기,9.0,8to12,0.8084401147984963,True,1,mid,0.689583183557925,0.058189507573843,0.656776941040986,0.5047937035560608,,0,0,0.689583183557925,0.689583183557925,0.656776941040986,0.656776941040986,0.656776941040986,0.656776941040986,0.6626386984696646,0.656776941040986,0.656776941040986,0.6626386984696646,0.656776941040986,0.656776941040986
20261001,45,141,001_20200818_163233(9),20200818,3호기,12.0,12to16,0.8657508946092578,True,1,mid,0.8236052132022568,0.019374389201402664,0.7277134344381739,0.5053614377975464,0.11094582080841064,1,1,0.8236052132022568,0.7862694916784564,0.7277134344381739,0.7277134344381739,0.7277134344381739,0.7277134344381739,0.7752942117062868,0.7277134344381739,0.7277134344381739,0.7752942117062868,0.7277134344381739,0.7277134344381739
20261001,46,142,001_20200818_203601(4),20200818,3호기,9.0,8to12,0.7726138119576845,False,1,mid,0.7162096447622777,0.0305496733635664,0.5982554255097264,0.5124569535255432,,0,0,0.7162096447622777,0.6042370881381626,0.5982554255097264,0.5982554255097264,0.5982554255097264,0.5982554255097264,0.6042370881381626,0.5982554255097264,0.5982554255097264,0.6042370881381626,0.5982554255097264,0.5982554255097264
20261001,47,143,001_20200818_203607(4),20200818,3호기,10.0,8to12,0.8657508946092578,False,1,mid,0.7425964071203631,0.04731953889131546,0.7360836843176726,0.5076674222946167,,0,0,0.7425964071203631,0.7360836843176726,0.7360836843176726,0.7360836843176726,0.7360836843176726,0.7360836843176726,0.7360836843176726,0.7360836843176726,0.7360836843176726,0.7360836843176726,0.7360836843176726,0.7360836843176726
20261001,48,340,002_20200629_082630(7),20200629,1호기,11.0,8to12,1.3901175281182865,False,3,high,0.6114574400846877,0.04712621122598648,0.5001040955271261,0.506722092628479,,0,0,0.6114574400846877,0.530521778693843,0.5001040955271261,0.601581347183758,0.5001040955271261,0.5001040955271261,0.601581347183758,0.5001040955271261,0.5001040955271261,0.5001040955271261,0.5001040955271261,0.5001040955271261
20261001,49,340,002_20200629_082630(7),20200629,1호기,9.0,8to12,1.0610776506730264,False,3,high,0.8060585241272562,0.029757946729660034,0.6540535322024913,0.5260361433029175,0.029757946729660034,1,1,0.8060585241272562,0.7489276774244824,0.6540535322024913,0.6540535322024913,0.6540535322024913,0.6540535322024913,0.7489276774244824,0.6540535322024913,0.6540535322024913,0.7489276774244824,0.6540535322024913,0.6540535322024913
20261001,50,340,002_20200629_082630(7),20200629,1호기,8.0,8to12,1.3137151865475565,False,3,high,0.7055021709047545,0.02287021093070507,0.5831262630353561,0.5216284394264221,,0,0,0.7055021709047545,0.6025383866682138,0.5831262630353561,0.5831262630353561,0.5831262630353561,0.5831262630353561,0.6205995058591338,0.5831262630353561,0.5831262630353561,0.5831262630353561,0.5831262630353561,0.5831262630353561
20261001,51,341,002_20200629_082639(2),20200629,1호기,9.0,8to12,1.3996018910176662,False,3,high,0.8168072857225035,0.02854732982814312,0.7840368863252205,0.5426648259162903,0.5426648259162903,1,0,0.8168072857225035,0.793784551035403,0.7840368863252205,0.8168072857225035,0.7840368863252205,0.7840368863252205,0.8168072857225035,0.7840368863252205,0.7840368863252205,0.7840368863252205,0.7840368863252205,0.7840368863252205
20261001,52,341,002_20200629_082639(2),20200629,1호기,6.999999999999999,lt8,1.587209973450306,False,3,high,0.6739076255407046,0.038744743913412094,0.621515820888381,0.5382822155952454,,0,0,0.6739076255407046,0.658427812650975,0.621515820888381,0.621515820888381,0.621515820888381,0.621515820888381,0.621515820888381,0.621515820888381,0.621515820888381,0.621515820888381,0.621515820888381,0.621515820888381
20261001,53,341,002_20200629_082639(2),20200629,1호기,8.0,8to12,2.1643772365231446,False,3,high,0.8481281369711087,0.0373716838657856,0.7641681925393633,0.5585217475891113,0.5585217475891113,1,0,0.8481281369711087,0.779477977134891,0.7641681925393633,0.7641681925393633,0.7641681925393633,0.7641681925393633,0.779477977134891,0.7641681925393633,0.7641681925393633,0.779477977134891,0.779477977134891,0.7641681925393633
20261001,54,342,002_20200629_082642(2),20200629,1호기,9.0,8to12,0.966760999103549,False,3,mid,0.7930784174305403,0.029328450560569763,0.7286537894365456,0.5153310894966125,0.055949654430150986,1,1,0.7930784174305403,0.7619504606621895,0.7286537894365456,0.7286537894365456,0.7286537894365456,0.7286537894365456,0.7619504606621895,0.7286537894365456,0.7286537894365456,0.7286537894365456,0.7286537894365456,0.7286537894365456
20261001,55,342,002_20200629_082642(2),20200629,1호기,10.0,8to12,0.8657508946092578,False,3,mid,0.7195812987843645,0.033318568021059036,0.6510636331580572,0.48433274030685425,,0,0,0.7195812987843645,0.6510636331580572,0.6510636331580572,0.6510636331580572,0.6510636331580572,0.6510636331580572,0.6510636331580572,0.6510636331580572,0.6510636331580572,0.6510636331580572,0.6510636331580572,0.6510636331580572
20261001,56,342,002_20200629_082642(2),20200629,1호기,10.0,8to12,0.6152115448840766,False,3,mid,0.6843845704409276,0.02533315308392048,0.6590793294391509,0.5338127017021179,,0,0,0.6843845704409276,0.671423319430986,0.6590793294391509,0.6590793294391509,0.6590793294391509,0.6590793294391509,0.6655514957695041,0.6590793294391509,0.6590793294391509,0.6590793294391509,0.6590793294391509,0.6590793294391509
20261001,57,343,002_20200629_082645(4),20200629,1호기,10.0,8to12,1.3943695358143817,False,3,high,0.7559271773206815,0.031911544501781464,0.7103806369965957,0.53617262840271,0.031911544501781464,1,1,0.7559271773206815,0.7346664844266525,0.7103806369965957,0.7103806369965957,0.7103806369965957,0.7103806369965957,0.7219772307032213,0.7103806369965957,0.7103806369965957,0.7103806369965957,0.7103806369965957,0.7103806369965957
20261001,58,343,002_20200629_082645(4),20200629,1호기,6.0,lt8,0.28858363153641925,False,3,low,0.5807694392473808,0.042966119945049286,0.5568373189935085,0.5394752621650696,,0,0,0.5807694392473808,0.5645564794333079,0.5568373189935085,0.5568373189935085,0.5568373189935085,0.5568373189935085,0.5735801312844394,0.5568373189935085,0.5568373189935085,0.5645564794333079,0.5645564794333079,0.5568373189935085
20261001,59,343,002_20200629_082645(4),20200629,1호기,8.0,8to12,1.3642426937224625,False,3,high,0.8486077017929603,0.04142371192574501,0.7279643390080315,0.536682665348053,0.06328119337558746,1,1,0.8486077017929603,0.7952962216659344,0.7279643390080315,0.7279643390080315,0.7279643390080315,0.7279643390080315,0.7467057926854963,0.7279643390080315,0.7279643390080315,0.7467057926854963,0.7279643390080315,0.7279643390080315
20261001,60,344,002_20200629_082823(5),20200629,2호기,9.0,8to12,0.8553122667330182,False,3,mid,0.7939788731842944,0.029283976182341576,0.7473003766492642,0.5679322481155396,0.06193950027227402,1,1,0.7939788731842944,0.7574652716232185,0.7473003766492642,0.7473003766492642,0.7473003766492642,0.7473003766492642,0.7473003766492642,0.7473003766492642,0.7473003766492642,0.7473003766492642,0.7473003766492642,0.7473003766492642
20261001,61,344,002_20200629_082823(5),20200629,2호기,10.0,8to12,1.0697729704029477,False,3,high,0.8576551523660355,0.045202746987342834,0.824810815384433,0.5636571049690247,0.5636571049690247,1,0,0.8576551523660355,0.8562503867384437,0.824810815384433,0.824810815384433,0.824810815384433,0.824810815384433,0.8562503867384437,0.824810815384433,0.824810815384433,0.824810815384433,0.824810815384433,0.824810815384433
20261001,62,344,002_20200629_082823(5),20200629,2호기,10.0,8to12,0.8657508946092578,False,3,mid,0.9072570943651322,0.05644388496875763,0.8720921664210972,0.562962532043457,0.562962532043457,1,0,0.9072570943651322,0.9072570943651322,0.8720921664210972,0.8720921664210972,0.8720921664210972,0.8720921664210972,0.8720921664210972,0.8720921664210972,0.8720921664210972,0.8720921664210972,0.8720921664210972,0.8720921664210972
20261001,63,345,002_20200629_082828(5),20200629,2호기,11.0,8to12,1.2549325822329433,False,3,high,0.8160739241477638,0.06734273582696915,0.7499061455884449,0.5639856457710266,0.06734273582696915,1,1,0.8160739241477638,0.8160739241477638,0.7499061455884449,0.8101139845848593,0.7499061455884449,0.7499061455884449,0.8101139845848593,0.7499061455884449,0.7499061455884449,0.7499061455884449,0.7499061455884449,0.7499061455884449
20261001,64,345,002_20200629_082828(5),20200629,2호기,9.0,8to12,0.5771672630728385,False,3,low,0.9290859151045556,0.02978966385126114,0.8609357580947996,0.5429686307907104,0.5429686307907104,1,0,0.9290859151045556,0.8824012710767143,0.8609357580947996,0.8609357580947996,0.8609357580947996,0.8609357580947996,0.8824012710767143,0.8609357580947996,0.8609357580947996,0.8824012710767143,0.8609357580947996,0.8609357580947996
20261001,65,345,002_20200629_082828(5),20200629,2호기,9.0,8to12,0.4125582738561822,False,3,low,0.906366909265107,0.02677609771490097,0.8509675414962828,0.5681054592132568,0.5681054592132568,1,0,0.906366909265107,0.8512970351943792,0.8509675414962828,0.8509675414962828,0.8509675414962828,0.8509675414962828,0.8509675414962828,0.8509675414962828,0.8509675414962828,0.8509675414962828,0.8509675414962828,0.8509675414962828
20261001,66,346,002_20200629_082831(3),20200629,2호기,10.0,8to12,1.244090569793481,False,3,high,0.796400358789333,0.026445399969816208,0.7613929161348482,0.5912321209907532,0.5912321209907532,1,0,0.796400358789333,0.7854127770515875,0.7613929161348482,0.7613929161348482,0.7613929161348482,0.7613929161348482,0.7613929161348482,0.7613929161348482,0.7613929161348482,0.779402209107184,0.7613929161348482,0.7613929161348482
20261001,67,346,002_20200629_082831(3),20200629,2호기,9.0,8to12,0.3031650430494361,False,3,low,0.7160156536944361,0.03018944151699543,0.659298685889934,0.5635199546813965,,0,0,0.7160156536944361,0.659298685889934,0.659298685889934,0.7010643367107253,0.659298685889934,0.659298685889934,0.7148396598834295,0.659298685889934,0.659298685889934,0.7010643367107253,0.659298685889934,0.659298685889934
20261001,68,346,002_20200629_082831(3),20200629,2호기,9.0,8to12,0.34859238395359543,False,3,low,0.7792364148172759,0.02517658844590187,0.7111240159010804,0.5717597603797913,0.03579172492027283,1,1,0.7792364148172759,0.7189883608125945,0.7111240159010804,0.7111240159010804,0.7111240159010804,0.7111240159010804,0.7572073527953238,0.7111240159010804,0.7111240159010804,0.7189883608125945,0.7111240159010804,0.7111240159010804
20261001,69,347,002_20200629_082834(2),20200629,2호기,10.0,8to12,1.359510297419022,False,3,high,0.9008921292972597,0.05200507864356041,0.8708784648880618,0.5640293955802917,0.5640293955802917,1,0,0.9008921292972597,0.9008921292972597,0.8708784648880618,0.8708784648880618,0.8708784648880618,0.8708784648880618,0.8708784648880618,0.8708784648880618,0.8708784648880618,0.8839240972117766,0.8708784648880618,0.8708784648880618
20261001,70,347,002_20200629_082834(2),20200629,2호기,9.0,8to12,1.1310206653633,False,3,high,0.8796678588737457,0.026369022205471992,0.771498441968583,0.5768003463745117,0.5768003463745117,1,0,0.8796678588737457,0.7925845717082382,0.771498441968583,0.771498441968583,0.771498441968583,0.771498441968583,0.771498441968583,0.771498441968583,0.771498441968583,0.771498441968583,0.771498441968583,0.771498441968583
20261001,71,347,002_20200629_082834(2),20200629,2호기,8.0,8to12,0.5831674545906942,False,3,low,0.8664905424324032,0.028857694938778877,0.7653453687763297,0.5714198350906372,0.5714198350906372,1,0,0.8664905424324032,0.7653453687763297,0.7653453687763297,0.7653453687763297,0.7653453687763297,0.7653453687763297,0.862181457484473,0.7653453687763297,0.7653453687763297,0.862181457484473,0.7653453687763297,0.7653453687763297
20261001,72,348,002_20200629_082837(0),20200629,2호기,9.0,8to12,1.188636633781053,False,3,high,0.7807545763221593,0.03552137315273285,0.7230209612682448,0.5719197392463684,0.03552137315273285,1,1,0.7807545763221593,0.7230209612682448,0.7230209612682448,0.7230209612682448,0.7230209612682448,0.7230209612682448,0.7285882257444068,0.7230209612682448,0.7230209612682448,0.7230209612682448,0.7230209612682448,0.7230209612682448
20261001,73,348,002_20200629_082837(0),20200629,2호기,8.0,8to12,0.7342413451301443,False,3,mid,0.7929330065318655,0.025118747726082802,0.6699593988857577,0.5663929581642151,0.025118747726082802,1,1,0.7929330065318655,0.6906215388073538,0.6699593988857577,0.6699593988857577,0.6699593988857577,0.6699593988857577,0.7369300620614516,0.6699593988857577,0.6699593988857577,0.6699593988857577,0.6699593988857577,0.6699593988857577
20261001,74,348,002_20200629_082837(0),20200629,2호기,8.0,8to12,0.3954931359969064,False,3,low,0.8870362022876288,0.028071779757738113,0.7510291399144841,0.5653643012046814,0.5653643012046814,1,0,0.8870362022876288,0.7572553746202544,0.7510291399144841,0.7510291399144841,0.7510291399144841,0.7510291399144841,0.7572553746202544,0.7510291399144841,0.7510291399144841,0.7510291399144841,0.7510291399144841,0.7510291399144841
20261001,75,349,002_20200629_082839(9),20200629,2호기,10.0,8to12,1.3183104533230212,False,3,high,0.8233603456696479,0.03115207888185978,0.7196372643746924,0.5772877931594849,0.03115207888185978,1,1,0.8233603456696479,0.7196372643746924,0.7196372643746924,0.7196372643746924,0.7196372643746924,0.7196372643746924,0.8233603456696479,0.7196372643746924,0.7196372643746924,0.7196372643746924,0.7196372643746924,0.7196372643746924
20261001,76,349,002_20200629_082839(9),20200629,2호기,6.999999999999999,lt8,0.5506810088476082,False,3,low,0.7224142350876153,0.03780420124530792,0.6415099750973876,0.5710067749023438,,0,0,0.7224142350876153,0.6683918256735517,0.6415099750973876,0.7224142350876153,0.6415099750973876,0.6415099750973876,0.7224142350876153,0.6415099750973876,0.6415099750973876,0.7224142350876153,0.6415099750973876,0.6415099750973876
20261001,77,349,002_20200629_082839(9),20200629,2호기,8.0,8to12,0.3076057724420383,False,3,low,0.861524694502996,0.10463440418243408,0.8268824282591185,0.5680350661277771,0.5680350661277771,1,0,0.861524694502996,0.861524694502996,0.8268824282591185,0.8268824282591185,0.8268824282591185,0.8268824282591185,0.861524694502996,0.8268824282591185,0.8268824282591185,0.8268824282591185,0.8268824282591185,0.8268824282591185
20261001,78,350,002_20200629_123442(5),20200629,2호기,8.0,8to12,0.6950587640591432,False,3,mid,0.7118436808856196,0.028850190341472626,0.6333899684084786,0.5564241409301758,,0,0,0.7118436808856196,0.6333899684084786,0.6333899684084786,0.6333899684084786,0.6333899684084786,0.6333899684084786,0.6333899684084786,0.6333899684084786,0.6333899684084786,0.6333899684084786,0.6333899684084786,0.6333899684084786
20261001,79,350,002_20200629_123442(5),20200629,2호기,9.0,8to12,1.6520430265428245,False,3,high,0.9127099433822043,0.05062421038746834,0.8640909670484043,0.5621515512466431,0.5621515512466431,1,0,0.9127099433822043,0.9127099433822043,0.8640909670484043,0.8640909670484043,0.8640909670484043,0.8640909670484043,0.8640909670484043,0.8640909670484043,0.8640909670484043,0.8640909670484043,0.8640909670484043,0.8640909670484043
20261001,80,350,002_20200629_123442(5),20200629,2호기,10.0,8to12,0.9871297088437422,False,3,mid,0.7719735872051678,0.026385175064206123,0.763661666099168,0.5596011281013489,0.5596011281013489,1,0,0.7719735872051678,0.763661666099168,0.763661666099168,0.763661666099168,0.763661666099168,0.763661666099168,0.763661666099168,0.763661666099168,0.763661666099168,0.763661666099168,0.763661666099168,0.763661666099168
20261001,81,351,002_20200629_123447(0),20200629,2호기,9.0,8to12,1.4429181576820964,False,3,high,0.8190249967241628,0.02145114354789257,0.7943390241220206,0.5573655962944031,0.5573655962944031,1,0,0.8190249967241628,0.7943390241220206,0.7943390241220206,0.7943390241220206,0.7943390241220206,0.7943390241220206,0.7943390241220206,0.7943390241220206,0.7943390241220206,0.7943390241220206,0.7943390241220206,0.7943390241220206
20261001,82,351,002_20200629_123447(0),20200629,2호기,7.0,lt8,0.28858363153641925,False,3,low,0.7057160321705778,0.021051345393061638,0.6379814092592155,0.5785689949989319,,0,0,0.7057160321705778,0.642712762038575,0.6379814092592155,0.6664411838563966,0.6379814092592155,0.6379814092592155,0.6664411838563966,0.6379814092592155,0.6379814092592155,0.642712762038575,0.6379814092592155,0.6379814092592155
20261001,83,351,002_20200629_123447(0),20200629,2호기,9.0,8to12,1.9018186140496849,False,3,high,0.8420784387766399,0.020672181621193886,0.7520949157408423,0.5844196081161499,0.5844196081161499,1,0,0.8420784387766399,0.7520949157408423,0.7520949157408423,0.7648692230986596,0.7520949157408423,0.7520949157408423,0.8070095985818149,0.7520949157408423,0.7520949157408423,0.7648692230986596,0.7520949157408423,0.7520949157408423
20261001,84,352,002_20200629_123451(5),20200629,2호기,9.0,8to12,1.3654785182919504,False,3,high,0.8436232123202443,0.03354119509458542,0.7746038732513639,0.5716255903244019,0.5716255903244019,1,0,0.8436232123202443,0.7921841613608436,0.7746038732513639,0.7746038732513639,0.7746038732513639,0.7746038732513639,0.7928088534635951,0.7746038732513639,0.7746038732513639,0.7921841613608436,0.7746038732513639,0.7746038732513639
20261001,85,352,002_20200629_123451(5),20200629,2호기,9.0,8to12,1.1013620176952164,False,3,high,0.9339067649733781,0.02725071832537651,0.7675560964335331,0.4786079227924347,0.4786079227924347,1,0,0.9339067649733781,0.8461864096078743,0.7675560964335331,0.7675560964335331,0.7675560964335331,0.7675560964335331,0.8461864096078743,0.7675560964335331,0.7675560964335331,0.8461864096078743,0.8461864096078743,0.7675560964335331
20261001,86,352,002_20200629_123451(5),20200629,2호기,9.0,8to12,0.7073851004486843,False,3,mid,0.8954716070025636,0.02787548303604126,0.8536192217111637,0.583686113357544,0.583686113357544,1,0,0.8954716070025636,0.8913933736654679,0.8536192217111637,0.8536192217111637,0.8536192217111637,0.8536192217111637,0.8913933736654679,0.8536192217111637,0.8536192217111637,0.8913933736654679,0.8536192217111637,0.8536192217111637
20261001,87,353,002_20200629_123456(0),20200629,2호기,8.0,8to12,1.0923828146335604,False,3,high,0.7444725099294554,0.034838587045669556,0.7411829788079706,0.5533628463745117,,0,0,0.7444725099294554,0.7411829788079706,0.7411829788079706,0.7411829788079706,0.7411829788079706,0.7411829788079706,0.7411829788079706,0.7411829788079706,0.7411829788079706,0.7411829788079706,0.7411829788079706,0.7411829788079706
20261001,88,353,002_20200629_123456(0),20200629,2호기,7.0,lt8,0.36712067256507214,False,3,low,0.7024245129309274,0.02766624093055725,0.571157272144482,0.5752809047698975,,0,0,0.7024245129309274,0.5733671727390246,0.571157272144482,0.571157272144482,0.571157272144482,0.571157272144482,0.639360060199849,0.571157272144482,0.571157272144482,0.7024245129309274,0.571157272144482,0.571157272144482
20261001,89,353,002_20200629_123456(0),20200629,2호기,6.999999999999999,lt8,1.0100427103774674,False,3,mid,0.7946480672712949,0.03158321976661682,0.6373371630468444,0.5735304355621338,0.031918901950120926,1,1,0.7946480672712949,0.6566735818524012,0.6373371630468444,0.7029235746560322,0.6373371630468444,0.6373371630468444,0.7029235746560322,0.6373371630468444,0.6373371630468444,0.7029235746560322,0.6373371630468444,0.6373371630468444
20261001,90,354,002_20200629_123500(5),20200629,2호기,9.0,8to12,1.2304230897681532,False,3,high,0.8269166172961187,0.02757127396762371,0.802412883268748,0.5605087876319885,0.5605087876319885,1,0,0.8269166172961187,0.802412883268748,0.802412883268748,0.802412883268748,0.802412883268748,0.802412883268748,0.802412883268748,0.802412883268748,0.802412883268748,0.802412883268748,0.802412883268748,0.802412883268748
20261001,91,354,002_20200629_123500(5),20200629,2호기,9.0,8to12,0.6374163391054923,False,3,mid,0.9275334280459553,0.03358837589621544,0.8191915306974838,0.5596176981925964,0.5596176981925964,1,0,0.9275334280459553,0.8330773586687064,0.8191915306974838,0.8191915306974838,0.8191915306974838,0.8191915306974838,0.8650771888773077,0.8191915306974838,0.8191915306974838,0.8330773586687064,0.8191915306974838,0.8191915306974838
20261001,92,354,002_20200629_123500(5),20200629,2호기,9.0,8to12,1.8757936049867252,False,3,high,0.8591512338115003,0.02516218274831772,0.7512301098033873,0.5750807523727417,0.5750807523727417,1,0,0.8591512338115003,0.7765646814327969,0.7512301098033873,0.7512301098033873,0.7512301098033873,0.7512301098033873,0.7765646814327969,0.7512301098033873,0.7512301098033873,0.7765646814327969,0.7512301098033873,0.7512301098033873
20261001,93,355,002_20200629_123505(0),20200629,2호기,8.0,8to12,0.6609231152027868,False,3,mid,0.7453405291862195,0.01817440055310726,0.6866778700849804,0.5552976727485657,,0,0,0.7453405291862195,0.7128019268163885,0.6866778700849804,0.6866778700849804,0.6866778700849804,0.6866778700849804,0.723301760755359,0.6866778700849804,0.6866778700849804,0.6866778700849804,0.6866778700849804,0.6866778700849804
20261001,94,355,002_20200629_123505(0),20200629,2호기,7.0,lt8,1.154334526145677,False,3,high,0.7340308325710834,0.02230658009648323,0.5933431644030593,0.5844472646713257,,0,0,0.7340308325710834,0.5980782373959994,0.5933431644030593,0.7340308325710834,0.5933431644030593,0.5933431644030593,0.7340308325710834,0.5933431644030593,0.5933431644030593,0.5980782373959994,0.5933431644030593,0.5933431644030593
20261001,95,355,002_20200629_123505(0),20200629,2호기,7.0,lt8,1.2986263419138866,False,3,high,0.6763801658318972,0.039735499769449234,0.5662455466565198,0.5669169425964355,,0,0,0.6763801658318972,0.571237910822914,0.5662455466565198,0.5662455466565198,0.5662455466565198,0.5662455466565198,0.6763801658318972,0.5662455466565198,0.5662455466565198,0.571237910822914,0.5662455466565198,0.5662455466565198
20261001,96,356,002_20200629_163656(7),20200629,2호기,9.0,8to12,1.587209973450306,False,3,high,0.8848198896825352,0.03764323517680168,0.7351463952456796,0.5767579078674316,0.05364128202199936,1,1,0.8848198896825352,0.8499495938641318,0.7351463952456796,0.7351463952456796,0.7351463952456796,0.7351463952456796,0.8499495938641318,0.7351463952456796,0.7351463952456796,0.8499495938641318,0.7351463952456796,0.7351463952456796
20261001,97,356,002_20200629_163656(7),20200629,2호기,9.0,8to12,0.5043881771411278,False,3,low,0.8275821835181226,0.07650703936815262,0.790404707013111,0.5570537447929382,0.5570537447929382,1,0,0.8275821835181226,0.8275821835181226,0.790404707013111,0.790404707013111,0.790404707013111,0.790404707013111,0.8275821835181226,0.790404707013111,0.790404707013111,0.790404707013111,0.790404707013111,0.790404707013111
20261001,98,356,002_20200629_163656(7),20200629,2호기,8.0,8to12,0.7726138119576845,False,3,mid,0.8793849252525979,0.04558412358164787,0.7711657704654195,0.5872363448143005,0.5872363448143005,1,0,0.8793849252525979,0.7711657704654195,0.7711657704654195,0.7711657704654195,0.7711657704654195,0.7711657704654195,0.8793849252525979,0.7711657704654195,0.7711657704654195,0.8793849252525979,0.7711657704654195,0.7711657704654195
20261001,99,357,002_20200629_163659(7),20200629,2호기,6.999999999999999,lt8,1.2126601721977444,False,3,high,0.686609499377526,0.03356730565428734,0.6603098863450834,0.5564253330230713,,0,0,0.686609499377526,0.6705341091069251,0.6603098863450834,0.6603098863450834,0.6603098863450834,0.6603098863450834,0.6603098863450834,0.6603098863450834,0.6603098863450834,0.6705341091069251,0.6603098863450834,0.6603098863450834
20261001,100,357,002_20200629_163659(7),20200629,2호기,6.999999999999999,lt8,0.8657508946092578,False,3,mid,0.6468469733945577,0.030880728736519814,0.5263838837662519,0.5351540446281433,,0,0,0.6468469733945577,0.5263838837662519,0.5263838837662519,0.5263838837662519,0.5263838837662519,0.5263838837662519,0.5263838837662519,0.5263838837662519,0.5263838837662519,0.6468469733945577,0.5263838837662519,0.5263838837662519
20261001,101,357,002_20200629_163659(7),20200629,2호기,8.0,8to12,0.611080295950888,False,3,mid,0.6333389262613419,0.09691740572452545,0.6180640044378813,0.5558140873908997,,0,0,0.6333389262613419,0.6333389262613419,0.6180640044378813,0.6180640044378813,0.6180640044378813,0.6180640044378813,0.6333389262613419,0.6180640044378813,0.6180640044378813,0.6333389262613419,0.6180640044378813,0.6180640044378813
20261001,102,358,002_20200629_163702(8),20200629,2호기,10.0,8to12,1.4061978168778893,False,3,high,0.865521151632172,0.5759425759315491,0.865521151632172,0.5759425759315491,0.5759425759315491,1,0,0.865521151632172,0.865521151632172,0.865521151632172,0.865521151632172,0.865521151632172,0.865521151632172,0.865521151632172,0.865521151632172,0.865521151632172,0.865521151632172,0.865521151632172,0.865521151632172
20261001,103,358,002_20200629_163702(8),20200629,2호기,9.0,8to12,1.3767025221190206,False,3,high,0.8930320655770313,0.027609530836343765,0.7589295434978562,0.5704067945480347,0.5704067945480347,1,0,0.8930320655770313,0.7636275781208693,0.7589295434978562,0.7589295434978562,0.7589295434978562,0.7589295434978562,0.8930320655770313,0.7589295434978562,0.7589295434978562,0.8930320655770313,0.7589295434978562,0.7589295434978562
20261001,104,358,002_20200629_163702(8),20200629,2호기,9.0,8to12,0.7073851004486843,False,3,mid,0.8645858434702233,0.027291713282465935,0.7786121042297391,0.5868430733680725,0.5868430733680725,1,0,0.8645858434702233,0.7786121042297391,0.7786121042297391,0.7786121042297391,0.7786121042297391,0.7786121042297391,0.8485231706157808,0.7786121042297391,0.7786121042297391,0.8485231706157808,0.7786121042297391,0.7786121042297391
20261001,105,359,002_20200629_163705(8),20200629,2호기,9.0,8to12,1.4061978168778893,False,3,high,0.7069504559455374,0.02214662916958332,0.6705562887393901,0.5778648853302002,,0,0,0.7069504559455374,0.6705562887393901,0.6705562887393901,0.6705562887393901,0.6705562887393901,0.6705562887393901,0.6705562887393901,0.6705562887393901,0.6705562887393901,0.6705562887393901,0.6705562887393901,0.6705562887393901
20261001,106,359,002_20200629_163705(8),20200629,2호기,9.0,8to12,0.5771672630728385,False,3,low,0.9299337525410987,0.022807136178016663,0.8331806458991392,0.5765612125396729,0.5765612125396729,1,0,0.9299337525410987,0.8331806458991392,0.8331806458991392,0.8331806458991392,0.8331806458991392,0.8331806458991392,0.8331806458991392,0.8331806458991392,0.8331806458991392,0.8331806458991392,0.8331806458991392,0.8331806458991392
20261001,107,359,002_20200629_163705(8),20200629,2호기,8.0,8to12,0.6998009455088331,False,3,mid,0.753079077728714,0.027396487072110176,0.7230248273876919,0.5751495361328125,0.027396487072110176,1,1,0.753079077728714,0.7230248273876919,0.7230248273876919,0.7230248273876919,0.7230248273876919,0.7230248273876919,0.7439735058597532,0.7230248273876919,0.7230248273876919,0.7230248273876919,0.7230248273876919,0.7230248273876919
20261001,108,360,002_20200629_163708(9),20200629,2호기,9.0,8to12,1.0697729704029477,False,3,high,0.8506884554999699,0.031137855723500252,0.7686959642144252,0.5779896974563599,0.5779896974563599,1,0,0.8506884554999699,0.786332209833966,0.7686959642144252,0.7686959642144252,0.7686959642144252,0.7686959642144252,0.8012079575320713,0.7686959642144252,0.7686959642144252,0.786332209833966,0.7686959642144252,0.7686959642144252
20261001,109,360,002_20200629_163708(9),20200629,2호기,6.999999999999999,lt8,0.5771672630728385,False,3,low,0.6747493360986578,0.0321308970451355,0.6170512022284246,0.557930052280426,,0,0,0.6747493360986578,0.6429201648026196,0.6170512022284246,0.6170512022284246,0.6170512022284246,0.6170512022284246,0.6429201648026196,0.6170512022284246,0.6170512022284246,0.6170512022284246,0.6170512022284246,0.6170512022284246
20261001,110,360,002_20200629_163708(9),20200629,2호기,9.0,8to12,1.8757936049867252,False,3,high,0.8659607700688006,0.033630091696977615,0.7675579475678771,0.5533608794212341,0.5533608794212341,1,0,0.8659607700688006,0.7675579475678771,0.7675579475678771,0.7675579475678771,0.7675579475678771,0.7675579475678771,0.777846079936912,0.7675579475678771,0.7675579475678771,0.777846079936912,0.7675579475678771,0.7675579475678771
20261001,111,361,002_20200629_163711(8),20200629,2호기,9.0,8to12,0.771939626969365,False,3,mid,0.885809992361513,0.022804202511906624,0.8193082293313649,0.5589949488639832,0.5589949488639832,1,0,0.885809992361513,0.8523945571146735,0.8193082293313649,0.8193082293313649,0.8193082293313649,0.8193082293313649,0.885809992361513,0.8193082293313649,0.8193082293313649,0.8523945571146735,0.8193082293313649,0.8193082293313649
20261001,112,361,002_20200629_163711(8),20200629,2호기,8.0,8to12,0.4328754473046289,False,3,low,0.8281459030016982,0.024780090898275375,0.740799877138775,0.5678293704986572,0.04646247625350952,1,1,0.8281459030016982,0.740799877138775,0.740799877138775,0.740799877138775,0.740799877138775,0.740799877138775,0.8193624399198133,0.740799877138775,0.740799877138775,0.7642913688531405,0.740799877138775,0.740799877138775
20261001,113,361,002_20200629_163711(8),20200629,2호기,6.0,lt8,0.9094951291483083,False,3,mid,0.5340373127334306,0.02599397860467434,0.49142904720740843,0.5865172743797302,,0,0,0.5340373127334306,0.49142904720740843,0.49142904720740843,0.49142904720740843,0.49142904720740843,0.49142904720740843,0.5050467312748035,0.49142904720740843,0.49142904720740843,0.5050467312748035,0.49142904720740843,0.49142904720740843
20261001,114,387,002_20200715_002443(4),20200715,1호기,8.0,8to12,2.020085420754935,False,3,high,0.8419226828583133,0.02447577752172947,0.8006018014076024,0.550042450428009,0.550042450428009,1,0,0.8419226828583133,0.8006018014076024,0.8006018014076024,0.8006018014076024,0.8006018014076024,0.8006018014076024,0.8006018014076024,0.8006018014076024,0.8006018014076024,0.8006018014076024,0.8006018014076024,0.8006018014076024
20261001,115,387,002_20200715_002443(4),20200715,1호기,9.0,8to12,0.7131819802686319,False,3,mid,0.7838858483296494,0.0603853277862072,0.7108194260028413,0.5261774659156799,0.07501926273107529,1,1,0.7838858483296494,0.7838858483296494,0.7108194260028413,0.7108194260028413,0.7108194260028413,0.7108194260028413,0.7838858483296494,0.7108194260028413,0.7108194260028413,0.7838858483296494,0.7108194260028413,0.7108194260028413
20261001,116,387,002_20200715_002443(4),20200715,1호기,9.0,8to12,1.4652977080722747,False,3,high,0.8336750929275513,0.03207812085747719,0.7849113139276442,0.554919421672821,0.554919421672821,1,0,0.8336750929275513,0.7849113139276442,0.7849113139276442,0.8075981992698585,0.7849113139276442,0.7849113139276442,0.8107726242850931,0.7849113139276442,0.7849113139276442,0.8075981992698585,0.7849113139276442,0.7849113139276442
20261001,117,388,002_20200715_002447(9),20200715,1호기,8.0,8to12,1.2126601721977444,False,3,high,0.8532360936777792,0.02796327695250511,0.8411925522023362,0.5285691618919373,0.5285691618919373,1,0,0.8532360936777792,0.8411925522023362,0.8411925522023362,0.8411925522023362,0.8411925522023362,0.8411925522023362,0.8411925522023362,0.8411925522023362,0.8411925522023362,0.8411925522023362,0.8411925522023362,0.8411925522023362
20261001,118,388,002_20200715_002447(9),20200715,1호기,8.0,8to12,0.7131819802686319,False,3,mid,0.88276667115551,0.03568851202726364,0.8192582526928733,0.5359187126159668,0.5359187126159668,1,0,0.88276667115551,0.8192582526928733,0.8192582526928733,0.8192582526928733,0.8192582526928733,0.8192582526928733,0.8192582526928733,0.8192582526928733,0.8192582526928733,0.8192582526928733,0.8192582526928733,0.8192582526928733
20261001,119,388,002_20200715_002447(9),20200715,1호기,10.0,8to12,1.1425357262132851,False,3,high,0.7206766492971757,0.03656651824712753,0.64065303192845,0.5210712552070618,,0,0,0.7206766492971757,0.64065303192845,0.64065303192845,0.64065303192845,0.64065303192845,0.64065303192845,0.7206766492971757,0.64065303192845,0.64065303192845,0.64065303192845,0.64065303192845,0.64065303192845
20261001,120,389,002_20200715_002456(9),20200715,1호기,10.0,8to12,1.2005560470112475,False,3,high,0.7022235138932804,0.03195362538099289,0.6379491165206154,0.5292808413505554,,0,0,0.7022235138932804,0.6527994774688471,0.6379491165206154,0.6379491165206154,0.6379491165206154,0.6379491165206154,0.6527994774688471,0.6379491165206154,0.6379491165206154,0.6527994774688471,0.6379491165206154,0.6379491165206154
20261001,121,389,002_20200715_002456(9),20200715,1호기,11.0,8to12,0.9401235322321354,False,3,mid,0.6062492787251837,0.03964434191584587,0.5535982020288276,0.5387967824935913,,0,0,0.6062492787251837,0.5537354497058936,0.5535982020288276,0.5535982020288276,0.5535982020288276,0.5535982020288276,0.6062492787251837,0.5535982020288276,0.5535982020288276,0.5535982020288276,0.5535982020288276,0.5535982020288276
20261001,122,389,002_20200715_002456(9),20200715,1호기,8.0,8to12,1.3137151865475565,False,3,high,0.8981601567725022,0.5603357553482056,0.8981601567725022,0.5603357553482056,0.5603357553482056,1,0,0.8981601567725022,0.8981601567725022,0.8981601567725022,0.8981601567725022,0.8981601567725022,0.8981601567725022,0.8981601567725022,0.8981601567725022,0.8981601567725022,0.8981601567725022,0.8981601567725022,0.8981601567725022
20261001,123,390,002_20200715_002509(0),20200715,1호기,8.0,8to12,1.154334526145677,False,3,high,0.8639681811828022,0.038186971098184586,0.8549878078947699,0.5515314936637878,0.5515314936637878,1,0,0.8639681811828022,0.8549878078947699,0.8549878078947699,0.8549878078947699,0.8549878078947699,0.8549878078947699,0.8549878078947699,0.8549878078947699,0.8549878078947699,0.8549878078947699,0.8549878078947699,0.8549878078947699
20261001,124,390,002_20200715_002509(0),20200715,1호기,6.999999999999999,lt8,0.8260215132714123,False,3,mid,0.9017116974979762,0.0397481694817543,0.6943500450113934,0.545377254486084,0.0397481694817543,1,1,0.9017116974979762,0.7470977476936291,0.6943500450113934,0.9017116974979762,0.6943500450113934,0.6943500450113934,0.9017116974979762,0.6943500450113934,0.6943500450113934,0.6943500450113934,0.6943500450113934,0.6943500450113934
20261001,125,390,002_20200715_002509(0),20200715,1호기,6.0,lt8,0.0,False,3,low,0.6464422144407607,0.045430514961481094,0.5932444013474234,0.5592250227928162,,0,0,0.6464422144407607,0.6463964352093585,0.5932444013474234,0.6464422144407607,0.5932444013474234,0.5932444013474234,0.6464422144407607,0.5932444013474234,0.5932444013474234,0.6464422144407607,0.5932444013474234,0.5932444013474234
20261001,126,391,002_20200715_002513(4),20200715,1호기,7.0,lt8,1.1425357262132851,False,3,high,0.8448101612040049,0.0305386520922184,0.8183494320599662,0.5378802418708801,0.5378802418708801,1,0,0.8448101612040049,0.8183494320599662,0.8183494320599662,0.8183494320599662,0.8183494320599662,0.8183494320599662,0.8183494320599662,0.8183494320599662,0.8183494320599662,0.8183494320599662,0.8183494320599662,0.8183494320599662
20261001,127,391,002_20200715_002513(4),20200715,1호기,9.0,8to12,0.3607295394205241,False,3,low,0.8827301274817082,0.0611770935356617,0.8028182450914526,0.5601414442062378,0.5601414442062378,1,0,0.8827301274817082,0.8827301274817082,0.8028182450914526,0.8028182450914526,0.8028182450914526,0.8028182450914526,0.8827301274817082,0.8028182450914526,0.8028182450914526,0.8028182450914526,0.8028182450914526,0.8028182450914526
20261001,128,391,002_20200715_002513(4),20200715,1호기,8.0,8to12,0.17577472710973616,False,3,low,0.7873600875527759,0.02802724391222,0.7216766434765388,0.5450904965400696,0.05744077265262604,1,1,0.7873600875527759,0.7711306601112315,0.7216766434765388,0.7216766434765388,0.7216766434765388,0.7216766434765388,0.7216766434765388,0.7216766434765388,0.7216766434765388,0.7216766434765388,0.7216766434765388,0.7216766434765388
20261001,129,424,002_20200904_230054(2),20200904,2호기,10.0,8to12,1.0697729704029477,False,1,high,0.7418481071208775,0.5679343342781067,0.7418481071208775,0.5679343342781067,,0,0,0.7418481071208775,0.7418481071208775,0.7418481071208775,0.7418481071208775,0.7418481071208775,0.7418481071208775,0.7418481071208775,0.7418481071208775,0.7418481071208775,0.7418481071208775,0.7418481071208775,0.7418481071208775
20261001,130,425,002_20200904_230057(6),20200904,2호기,9.0,8to12,1.2986263419138866,False,1,high,0.8128214104072656,0.5879545211791992,0.8128214104072656,0.5879545211791992,0.5879545211791992,1,0,0.8128214104072656,0.8128214104072656,0.8128214104072656,0.8128214104072656,0.8128214104072656,0.8128214104072656,0.8128214104072656,0.8128214104072656,0.8128214104072656,0.8128214104072656,0.8128214104072656,0.8128214104072656
20261001,131,426,002_20200904_230105(4),20200904,2호기,9.0,8to12,1.2986263419138866,False,1,high,0.7668861870003847,0.03562653809785843,0.6997093674600383,0.5754758715629578,0.03562653809785843,1,1,0.7668861870003847,0.7333199845589098,0.6997093674600383,0.6997093674600383,0.6997093674600383,0.6997093674600383,0.7039194283161022,0.6997093674600383,0.6997093674600383,0.7039194283161022,0.7039194283161022,0.6997093674600383
20261001,132,490,002_20200907_184813(1),20200907,1호기,7.0,lt8,0.7214590788410482,False,1,mid,0.9098395472416424,0.04778963699936867,0.8294675571928567,0.5387299060821533,0.5387299060821533,1,0,0.9098395472416424,0.8294675571928567,0.8294675571928567,0.8294675571928567,0.8294675571928567,0.8294675571928567,0.8294675571928567,0.8294675571928567,0.8294675571928567,0.8294675571928567,0.8294675571928567,0.8294675571928567
20261001,133,491,002_20200907_184815(7),20200907,1호기,9.0,8to12,0.14429181576820962,False,1,low,0.6963192081239457,0.06622987985610962,0.6934232959518926,0.5068170428276062,,0,0,0.6963192081239457,0.6963192081239457,0.6934232959518926,0.6934232959518926,0.6934232959518926,0.6934232959518926,0.6934232959518926,0.6934232959518926,0.6934232959518926,0.6934232959518926,0.6934232959518926,0.6934232959518926
20261001,134,492,002_20200907_184818(2),20200907,1호기,8.0,8to12,0.40422005739924816,False,1,low,0.596593088020298,0.03512600436806679,0.5329921363787771,0.5284409523010254,,0,0,0.596593088020298,0.5866230609882033,0.5329921363787771,0.5866230609882033,0.5866230609882033,0.5329921363787771,0.596593088020298,0.5866230609882033,0.5329921363787771,0.5866230609882033,0.5329921363787771,0.5329921363787771
20261001,135,493,002_20200907_184823(7),20200907,1호기,8.0,8to12,0.07775566061209256,False,1,low,0.6201510397384505,0.06286615133285522,0.5714369658738523,0.5560537576675415,,0,0,0.6201510397384505,0.6201510397384505,0.5714369658738523,0.5714369658738523,0.5714369658738523,0.5714369658738523,0.5791353497530801,0.5714369658738523,0.5714369658738523,0.5714369658738523,0.5714369658738523,0.5714369658738523
20261001,136,494,002_20200907_184826(3),20200907,1호기,6.999999999999999,lt8,0.5506810088476082,False,1,low,0.7769440519451486,0.05457698181271553,0.6416260220030952,0.5810694694519043,0.05457698181271553,1,1,0.7769440519451486,0.7769440519451486,0.6416260220030952,0.7769440519451486,0.7769440519451486,0.6416260220030952,0.7769440519451486,0.7769440519451486,0.6416260220030952,0.7570634521244589,0.6416260220030952,0.6416260220030952
20261001,137,495,002_20200907_184828(8),20200907,1호기,10.0,8to12,0.4328754473046289,False,1,low,0.7843898466861176,0.0426676943898201,0.7437339196250746,0.5745002627372742,0.0426676943898201,1,1,0.7843898466861176,0.7437339196250746,0.7437339196250746,0.7437339196250746,0.7437339196250746,0.7437339196250746,0.7843898466861176,0.7437339196250746,0.7437339196250746,0.7437339196250746,0.7437339196250746,0.7437339196250746
20261001,138,496,002_20200907_204635(5),20200907,1호기,10.0,8to12,0.7073851004486843,False,1,mid,0.7704721148808718,0.02530623972415924,0.6616155766674794,0.5112195014953613,0.02530623972415924,1,1,0.7704721148808718,0.7032378692650922,0.6616155766674794,0.7704721148808718,0.6616155766674794,0.6616155766674794,0.7704721148808718,0.6616155766674794,0.6616155766674794,0.7032378692650922,0.6616155766674794,0.6616155766674794
20261001,139,497,002_20200907_204640(0),20200907,1호기,10.0,8to12,0.31102264244837025,False,1,low,0.7973290310786638,0.05276034027338028,0.7547866915823761,0.5817937850952148,0.5817937850952148,1,0,0.7973290310786638,0.7973290310786638,0.7547866915823761,0.7547866915823761,0.7547866915823761,0.7547866915823761,0.7973290310786638,0.7547866915823761,0.7547866915823761,0.7547866915823761,0.7547866915823761,0.7547866915823761
20261001,140,498,002_20200907_204644(5),20200907,1호기,10.0,8to12,0.3515494542194723,False,1,low,0.6922054700555544,0.041779108345508575,0.547525188893751,0.5778495073318481,,0,0,0.6922054700555544,0.6418442312206228,0.547525188893751,0.6922054700555544,0.547525188893751,0.547525188893751,0.6922054700555544,0.547525188893751,0.547525188893751,0.608855281250687,0.547525188893751,0.547525188893751
20261001,141,499,002_20200907_204649(0),20200907,1호기,10.0,8to12,1.3075002971591585,False,1,high,0.743247080711847,0.08701155334711075,0.6774836514240248,0.5545294880867004,,0,0,0.743247080711847,0.743247080711847,0.6774836514240248,0.6774836514240248,0.6774836514240248,0.6774836514240248,0.6774836514240248,0.6774836514240248,0.6774836514240248,0.6774836514240248,0.6774836514240248,0.6774836514240248
20261001,142,500,002_20200907_204653(4),20200907,1호기,10.0,8to12,1.4147702008973686,False,1,high,0.64328606896003,0.5510707497596741,0.64328606896003,0.5510707497596741,,0,0,0.64328606896003,0.64328606896003,0.64328606896003,0.64328606896003,0.64328606896003,0.64328606896003,0.64328606896003,0.64328606896003,0.64328606896003,0.64328606896003,0.64328606896003,0.64328606896003
