image_id,gt_id,short_side_original_px,stage,candidates,best_iou,best_query,leader_query,leader_iou,best_score,leader_score,best_iou_score_ge_0,count_iou50_score_ge_0,best_iou_score_ge_0.001,count_iou50_score_ge_0.001,best_iou_score_ge_0.05,count_iou50_score_ge_0.05,best_width_relative_error,best_height_relative_error,best_center_error_input_px
1,1,8.000000000000002,encoder_all_counterfactual,8400,0.6604698300361633,2118,2197,0.1437043845653534,0.12210233509540558,0.14716440439224243,0.6604698300361633,2,0.6604698300361633,2,0.6604698300361633,2,0.23402947187423706,-0.14709490537643433,2.6901140213012695
1,2,8.000000000000002,encoder_all_counterfactual,8400,0.6001431941986084,2519,2436,0.27778658270835876,0.13654929399490356,0.15799091756343842,0.6001431941986084,4,0.6001431941986084,4,0.6001431941986084,2,0.24893124401569366,0.21350041031837463,3.0311827659606934
1,3,7.0,encoder_all_counterfactual,8400,0.6301493048667908,3248,2757,0.10831979662179947,0.024552613496780396,0.16208457946777344,0.6301493048667908,8,0.6301493048667908,8,0.6143420338630676,4,0.3578273057937622,-0.18639668822288513,1.9311935901641846
1,1,8.000000000000002,topk,300,0.6604698300361633,165,47,0.1437043845653534,0.12210233509540558,0.14716440439224243,0.6604698300361633,2,0.6604698300361633,2,0.6604698300361633,2,0.23402947187423706,-0.14709490537643433,2.6901140213012695
1,2,8.000000000000002,topk,300,0.6001431941986084,95,3,0.27778658270835876,0.13654929399490356,0.15799091756343842,0.6001431941986084,2,0.6001431941986084,2,0.6001431941986084,2,0.24893124401569366,0.21350041031837463,3.0311827659606934
1,3,7.0,topk,300,0.6143420338630676,82,0,0.10831979662179947,0.139060840010643,0.16208457946777344,0.6143420338630676,4,0.6143420338630676,4,0.6143420338630676,4,0.352852463722229,-0.2156306356191635,3.093686819076538
1,1,8.000000000000002,pre_bbox,300,0.7405245304107666,206,165,0.49019402265548706,0.13356521725654602,0.5092983245849609,0.7405245304107666,29,0.7405245304107666,29,0.7405245304107666,29,0.09703215956687927,-0.16227349638938904,1.7522286176681519
1,2,8.000000000000002,pre_bbox,300,0.977781355381012,107,14,0.9618970155715942,0.6156213283538818,0.6729323863983154,0.977781355381012,31,0.977781355381012,31,0.977781355381012,28,-0.017839938402175903,0.00455940468236804,0.11207562685012817
1,3,7.0,pre_bbox,300,0.6211084723472595,84,82,0.5949235558509827,0.11068464815616608,0.6144047379493713,0.6211084723472595,32,0.6211084723472595,32,0.6211084723472595,32,0.2773190438747406,-0.18834374845027924,2.561307430267334
1,1,8.000000000000002,decoder_1,300,0.6850737929344177,206,165,0.4888921082019806,0.13728654384613037,0.516258716583252,0.6850737929344177,29,0.6850737929344177,29,0.6850737929344177,28,0.05856701731681824,-0.16781967878341675,2.097139835357666
1,2,8.000000000000002,decoder_1,300,0.9727624654769897,107,14,0.9574325680732727,0.6211072206497192,0.6800724864006042,0.9727624654769897,33,0.9727624654769897,33,0.9727624654769897,31,-0.021949559450149536,0.0055603086948394775,0.12104254961013794
1,3,7.0,decoder_1,300,0.6734371781349182,84,82,0.5951215028762817,0.11420473456382751,0.622899055480957,0.6734371781349182,31,0.6734371781349182,31,0.6734371781349182,31,0.22601206600666046,-0.2008340209722519,1.6931298971176147
1,1,8.000000000000002,decoder_2,300,0.757902979850769,246,165,0.500543475151062,0.019946841523051262,0.7672543525695801,0.757902979850769,43,0.757902979850769,43,0.5539995431900024,3,0.06381484866142273,0.06807355582714081,2.2714693546295166
1,2,8.000000000000002,decoder_2,300,0.9784188866615295,216,14,0.9557461142539978,0.06448585540056229,0.6606123447418213,0.9784188866615295,46,0.9784188866615295,46,0.9784188866615295,4,0.01102706789970398,0.007022840902209282,0.07939276844263077
1,3,7.0,decoder_2,300,0.6280015110969543,228,82,0.5712526440620422,0.00046455609844997525,0.7488965392112732,0.6280015110969543,40,0.6158056855201721,38,0.597811222076416,8,0.49703049659729004,-0.043478939682245255,1.7920736074447632
1,1,8.000000000000002,decoder_3,300,0.7503433227539062,246,165,0.4923601448535919,0.053924255073070526,0.7486825585365295,0.7503433227539062,43,0.7503433227539062,43,0.7503433227539062,3,0.04886862635612488,0.030673908069729805,1.770345687866211
1,2,8.000000000000002,decoder_3,300,0.9749144315719604,216,14,0.9600247144699097,0.03873556852340698,0.7324088215827942,0.9749144315719604,57,0.9749144315719604,57,0.9600247144699097,4,0.00844380259513855,0.01714130863547325,0.09006615728139877
1,3,7.0,decoder_3,300,0.6116366982460022,247,82,0.5757662057876587,0.06179830804467201,0.781371533870697,0.6116366982460022,43,0.6116366982460022,43,0.6116366982460022,6,0.5337979197502136,-0.02922540158033371,3.2077362537384033
1,1,8.000000000000002,final_nms07,134,0.7503433227539062,16,1,0.4923601448535919,0.053924255073070526,0.7486825585365295,0.7503433227539062,2,0.7503433227539062,2,0.7503433227539062,1,0.04886862635612488,0.030673908069729805,1.770345687866211
1,2,8.000000000000002,final_nms07,134,0.9600247144699097,2,2,0.9600247144699097,0.7324088215827942,0.7324088215827942,0.9600247144699097,10,0.9600247144699097,10,0.9600247144699097,3,-0.003415614366531372,0.007575877010822296,0.23696355521678925
1,3,7.0,final_nms07,134,0.6116366982460022,10,0,0.5757662057876587,0.06179830804467201,0.781371533870697,0.6116366982460022,3,0.6116366982460022,3,0.6116366982460022,3,0.5337979197502136,-0.02922540158033371,3.2077362537384033
2,4,7.0,encoder_all_counterfactual,8400,0.48246681690216064,2117,2194,0.19961191713809967,0.11118019372224808,0.13542480766773224,0.48246681690216064,0,0.48246681690216064,0,0.48246681690216064,0,0.3399483263492584,-0.21484878659248352,4.068824291229248
2,5,8.000000000000002,encoder_all_counterfactual,8400,0.7473447322845459,2516,2593,0.10476172715425491,0.14053228497505188,0.1660551279783249,0.7473447322845459,3,0.7473447322845459,3,0.7473447322845459,2,0.26886552572250366,0.05454260855913162,0.593984067440033
2,6,7.0,encoder_all_counterfactual,8400,0.5717535614967346,2996,2834,0.3168284595012665,0.13981494307518005,0.1657828539609909,0.5717535614967346,2,0.5717535614967346,2,0.5717535614967346,2,0.34418991208076477,-0.14483332633972168,3.8498144149780273
2,4,7.0,topk,300,0.48246681690216064,216,120,0.19961191713809967,0.11118019372224808,0.13542480766773224,0.48246681690216064,0,0.48246681690216064,0,0.48246681690216064,0,0.3399483263492584,-0.21484878659248352,4.068824291229248
2,5,8.000000000000002,topk,300,0.7473447322845459,101,1,0.10476172715425491,0.14053228497505188,0.1660551279783249,0.7473447322845459,2,0.7473447322845459,2,0.7473447322845459,2,0.26886552572250366,0.05454260855913162,0.593984067440033
2,6,7.0,topk,300,0.5717535614967346,103,2,0.3168284595012665,0.13981494307518005,0.1657828539609909,0.5717535614967346,2,0.5717535614967346,2,0.5717535614967346,2,0.34418991208076477,-0.14483332633972168,3.8498144149780273
2,4,7.0,pre_bbox,300,0.7087826132774353,20,256,0.6275115013122559,0.13049530982971191,0.6130440831184387,0.7087826132774353,29,0.7087826132774353,29,0.7087826132774353,29,0.3104917109012604,-0.09122083336114883,0.9114009737968445
2,5,8.000000000000002,pre_bbox,300,0.8548642992973328,139,254,0.8425981402397156,0.24417036771774292,0.6260325312614441,0.8548642992973328,29,0.8548642992973328,29,0.8548642992973328,24,0.11817631870508194,0.004557322710752487,1.0356833934783936
2,6,7.0,pre_bbox,300,0.7169220447540283,2,103,0.665495753288269,0.36267852783203125,0.5808522701263428,0.7169220447540283,27,0.7169220447540283,27,0.7169220447540283,27,0.2547719180583954,-0.12286694347858429,1.8275877237319946
2,4,7.0,decoder_1,300,0.7001555562019348,20,256,0.632469654083252,0.13370046019554138,0.6193175911903381,0.7001555562019348,29,0.7001555562019348,29,0.7001555562019348,29,0.28275322914123535,-0.12701842188835144,1.3193552494049072
2,5,8.000000000000002,decoder_1,300,0.8531195521354675,139,254,0.8439472913742065,0.24751444160938263,0.6322888731956482,0.8531195521354675,26,0.8531195521354675,26,0.8531195521354675,25,0.12055489420890808,0.015299101360142231,1.0531651973724365
2,6,7.0,decoder_1,300,0.7196048498153687,2,103,0.6688727736473083,0.3692325949668884,0.5882554650306702,0.7196048498153687,18,0.7196048498153687,18,0.7196048498153687,18,0.25043076276779175,-0.12220460921525955,1.7758647203445435
2,4,7.0,decoder_2,300,0.7099348306655884,203,216,0.6492359638214111,0.018612883985042572,0.6747646331787109,0.7099348306655884,41,0.7099348306655884,41,0.6492359638214111,5,0.2348330169916153,-0.14802569150924683,1.3885916471481323
2,5,8.000000000000002,decoder_2,300,0.8373010158538818,186,101,0.7745134830474854,0.025157606229186058,0.6909489631652832,0.8373010158538818,54,0.8373010158538818,54,0.8357636332511902,8,0.02434203028678894,-0.03997192159295082,1.0389539003372192
2,6,7.0,decoder_2,300,0.7107210159301758,2,103,0.6589469313621521,0.015621519647538662,0.7469244003295898,0.7107210159301758,45,0.7107210159301758,45,0.6677130460739136,7,0.2558048665523529,-0.13135285675525665,1.8602994680404663
2,4,7.0,decoder_3,300,0.7004730701446533,196,216,0.6552989482879639,0.03848975524306297,0.7471008896827698,0.7004730701446533,45,0.7004730701446533,45,0.6555935144424438,2,0.08932492882013321,-0.25277236104011536,1.294006586074829
2,5,8.000000000000002,decoder_3,300,0.8591874241828918,236,101,0.7771099209785461,0.023866580799221992,0.7453267574310303,0.8591874241828918,66,0.8591874241828918,66,0.8359113335609436,5,0.14235135912895203,-0.007400145288556814,1.1049973964691162
2,6,7.0,decoder_3,300,0.7102067470550537,5,103,0.6638274192810059,0.015862511470913887,0.764972984790802,0.7102067470550537,49,0.7102067470550537,49,0.6684108376502991,5,0.24315939843654633,-0.13226673007011414,1.7347959280014038
2,4,7.0,final_nms07,132,0.6552989482879639,1,1,0.6552989482879639,0.7471008896827698,0.7471008896827698,0.6552989482879639,4,0.6552989482879639,4,0.6552989482879639,1,0.2714085876941681,-0.2029414176940918,0.9142425060272217
2,5,8.000000000000002,final_nms07,132,0.7771099209785461,2,2,0.7771099209785461,0.7453267574310303,0.7453267574310303,0.7771099209785461,7,0.7771099209785461,7,0.7771099209785461,2,-0.00853756070137024,-0.056209467351436615,1.4381580352783203
2,6,7.0,final_nms07,132,0.6638274192810059,0,0,0.6638274192810059,0.764972984790802,0.764972984790802,0.6638274192810059,3,0.6638274192810059,3,0.6638274192810059,1,0.26189228892326355,-0.19647835195064545,1.5236400365829468
3,7,5.999999999999999,encoder_all_counterfactual,8400,0.28590479493141174,2446,2275,0.12812228500843048,0.028393618762493134,0.15366970002651215,0.28590479493141174,0,0.28590479493141174,0,0.2702714204788208,0,0.0324757844209671,0.47941717505455017,6.790623188018799
3,8,7.0,encoder_all_counterfactual,8400,0.4137391746044159,2606,2515,0.31090909242630005,0.022536206990480423,0.1508387327194214,0.4137391746044159,0,0.4137391746044159,0,0.3528776466846466,0,-0.4142668843269348,-0.0906689316034317,2.818387269973755
3,9,7.0,encoder_all_counterfactual,8400,0.42810124158859253,4206,2835,0.25962337851524353,0.06622397899627686,0.1435553878545761,0.42810124158859253,0,0.42810124158859253,0,0.42810124158859253,0,0.3870393633842468,0.13370643556118011,5.362148761749268
3,7,5.999999999999999,topk,300,0.2702714204788208,110,4,0.12812228500843048,0.12567293643951416,0.15366970002651215,0.2702714204788208,0,0.2702714204788208,0,0.2702714204788208,0,0.5373300313949585,0.5924078226089478,6.929380416870117
3,8,7.0,topk,300,0.3528776466846466,62,10,0.31090909242630005,0.13720929622650146,0.1508387327194214,0.3528776466846466,0,0.3528776466846466,0,0.3528776466846466,0,0.509363055229187,0.22036918997764587,6.066925525665283
3,9,7.0,topk,300,0.30164721608161926,38,28,0.25962337851524353,0.14165304601192474,0.1435553878545761,0.30164721608161926,0,0.30164721608161926,0,0.30164721608161926,0,0.3825746476650238,0.12578150629997253,7.215540885925293
3,7,5.999999999999999,pre_bbox,300,0.527463436126709,64,110,0.46472275257110596,0.17929790914058685,0.43753936886787415,0.527463436126709,2,0.527463436126709,2,0.527463436126709,2,0.3132413923740387,0.42735356092453003,2.0879874229431152
3,8,7.0,pre_bbox,300,0.7522158622741699,51,10,0.5778122544288635,0.09375197440385818,0.4952426254749298,0.7522158622741699,23,0.7522158622741699,23,0.7522158622741699,23,0.1870054006576538,0.011023050174117088,1.544528841972351
3,9,7.0,pre_bbox,300,0.7138072848320007,290,290,0.7138072848320007,0.3565060496330261,0.3565060496330261,0.7138072848320007,24,0.7138072848320007,24,0.7138072848320007,24,0.20924770832061768,-0.011382240802049637,1.3568675518035889
3,7,5.999999999999999,decoder_1,300,0.5402707457542419,98,110,0.46899375319480896,0.17342253029346466,0.4411259591579437,0.5402707457542419,3,0.5402707457542419,3,0.5402707457542419,3,0.22456438839435577,0.44041597843170166,2.0853686332702637
3,8,7.0,decoder_1,300,0.7862693071365356,37,10,0.5809816718101501,0.10780424624681473,0.5027838349342346,0.7862693071365356,24,0.7862693071365356,24,0.7862693071365356,24,0.22459135949611664,-0.04510411247611046,0.4325731098651886
3,9,7.0,decoder_1,300,0.7883136868476868,161,290,0.7227853536605835,0.08076756447553635,0.3636170029640198,0.7883136868476868,28,0.7883136868476868,28,0.7883136868476868,28,0.20686855912208557,0.05109182745218277,1.0315603017807007
3,7,5.999999999999999,decoder_2,300,0.6320480704307556,249,110,0.47242143750190735,0.041264232248067856,0.7232756614685059,0.6320480704307556,24,0.6320480704307556,24,0.6026061177253723,9,0.08362113684415817,0.4180411398410797,0.8515438437461853
3,8,7.0,decoder_2,300,0.8230457305908203,171,10,0.5848085880279541,0.053513623774051666,0.7432750463485718,0.8230457305908203,48,0.8230457305908203,48,0.8230457305908203,15,-0.1405291110277176,-0.042380865663290024,0.5460588335990906
3,9,7.0,decoder_2,300,0.7431947588920593,230,290,0.6664961576461792,0.08502600342035294,0.7121137380599976,0.7431947588920593,42,0.7431947588920593,42,0.7431947588920593,10,0.2101925164461136,-0.02322298474609852,1.5178602933883667
3,7,5.999999999999999,decoder_3,300,0.6697711944580078,168,110,0.4873761534690857,0.098228320479393,0.770794153213501,0.6697711944580078,30,0.6697711944580078,30,0.6697711944580078,14,0.11089322715997696,0.3440024256706238,1.7497361898422241
3,8,7.0,decoder_3,300,0.7604761719703674,205,10,0.5940858721733093,0.034332841634750366,0.7657384276390076,0.7604761719703674,64,0.7604761719703674,64,0.7355412840843201,10,0.12444084882736206,-0.15519504249095917,1.0713729858398438
3,9,7.0,decoder_3,300,0.830123782157898,221,290,0.662299394607544,0.03271167725324631,0.731497585773468,0.830123782157898,47,0.830123782157898,47,0.662299394607544,3,0.11025780439376831,0.08500556647777557,0.5278016924858093
3,7,5.999999999999999,final_nms07,144,0.5984097123146057,9,0,0.4873761534690857,0.04821791499853134,0.770794153213501,0.5984097123146057,1,0.5984097123146057,1,0.4873761534690857,0,-0.12606731057167053,0.5268434286117554,0.2501882314682007
3,8,7.0,final_nms07,144,0.684156596660614,70,1,0.5940858721733093,0.02613588236272335,0.7657384276390076,0.684156596660614,9,0.684156596660614,9,0.6351419687271118,2,0.09448321908712387,-0.038486022502183914,2.1403932571411133
3,9,7.0,final_nms07,144,0.6799386143684387,31,2,0.662299394607544,0.03471045196056366,0.731497585773468,0.6799386143684387,5,0.6799386143684387,5,0.662299394607544,1,-0.010903514921665192,-0.1933252215385437,1.7167916297912598
4,10,9.0,encoder_all_counterfactual,8400,0.5964319705963135,2281,2355,0.20523601770401,0.04431317374110222,0.1465441882610321,0.5964319705963135,1,0.5964319705963135,1,0.35178667306900024,0,0.2079928070306778,-0.2662471830844879,3.287607431411743
4,11,7.0,encoder_all_counterfactual,8400,0.5210540890693665,2757,2675,0.2655555009841919,0.1275411993265152,0.16262184083461761,0.5210540890693665,1,0.5210540890693665,1,0.5210540890693665,1,0.3943544924259186,0.058716680854558945,4.145153999328613
4,12,6.0,encoder_all_counterfactual,8400,0.6667556762695312,3484,3075,0.38439878821372986,0.028968889266252518,0.15632078051567078,0.6667556762695312,3,0.6667556762695312,3,0.38439878821372986,0,0.28409886360168457,-0.1283126026391983,1.8490419387817383
4,10,9.0,topk,300,0.35178667306900024,135,47,0.20523601770401,0.1259523630142212,0.1465441882610321,0.35178667306900024,0,0.35178667306900024,0,0.35178667306900024,0,0.21069572865962982,-0.08675812929868698,7.846707820892334
4,11,7.0,topk,300,0.5210540890693665,127,0,0.2655555009841919,0.1275411993265152,0.16262184083461761,0.5210540890693665,1,0.5210540890693665,1,0.5210540890693665,1,0.3943544924259186,0.058716680854558945,4.145153999328613
4,12,6.0,topk,300,0.38439878821372986,9,9,0.38439878821372986,0.15632078051567078,0.15632078051567078,0.38439878821372986,0,0.38439878821372986,0,0.38439878821372986,0,0.7763196229934692,0.1598735898733139,5.658020496368408
4,10,9.0,pre_bbox,300,0.8118870854377747,135,91,0.6964477896690369,0.4128950238227844,0.43419089913368225,0.8118870854377747,31,0.8118870854377747,31,0.8118870854377747,31,0.021461179479956627,-0.0969545841217041,1.3013606071472168
4,11,7.0,pre_bbox,300,0.7959871292114258,202,127,0.7828160524368286,0.45068562030792236,0.4687351584434509,0.7959871292114258,31,0.7959871292114258,31,0.7959871292114258,29,0.20701272785663605,0.02803017944097519,1.2235605716705322
4,12,6.0,pre_bbox,300,0.7126826643943787,52,138,0.6206275224685669,0.20579400658607483,0.5113316774368286,0.7126826643943787,28,0.7126826643943787,28,0.7126826643943787,28,0.3777940273284912,0.003935615532100201,0.3203263282775879
4,10,9.0,decoder_1,300,0.8093859553337097,135,91,0.7013499736785889,0.4196893572807312,0.4414582848548889,0.8093859553337097,29,0.8093859553337097,29,0.8093859553337097,29,0.014176283963024616,-0.09998468309640884,1.313810110092163
4,11,7.0,decoder_1,300,0.8226621150970459,103,127,0.7775880098342896,0.11610324680805206,0.47596192359924316,0.8226621150970459,36,0.8226621150970459,36,0.8226621150970459,29,0.1389685869216919,-0.0291138868778944,1.1596591472625732
4,12,6.0,decoder_1,300,0.7728725671768188,144,138,0.6190429329872131,0.11083533614873886,0.5221078991889954,0.7728725671768188,26,0.7728725671768188,26,0.7728725671768188,26,0.2075379639863968,-0.06748569756746292,1.0715819597244263
4,10,9.0,decoder_2,300,0.8616074919700623,81,135,0.8315005302429199,0.020701196044683456,0.7241089344024658,0.8616074919700623,44,0.8616074919700623,44,0.8315005302429199,7,0.0773029550909996,-0.01696680299937725,0.9604781866073608
4,11,7.0,decoder_2,300,0.8133090138435364,147,127,0.7870232462882996,0.016916634514927864,0.7060059905052185,0.8133090138435364,49,0.8133090138435364,49,0.7972815036773682,2,0.216441810131073,-0.007451401092112064,1.172526478767395
4,12,6.0,decoder_2,300,0.7640822529792786,144,138,0.6377595663070679,0.01898401789367199,0.7173642516136169,0.7640822529792786,39,0.7640822529792786,39,0.6795989274978638,5,0.21204183995723724,-0.08818598091602325,0.6945989727973938
4,10,9.0,decoder_3,300,0.8561294078826904,81,135,0.8266708254814148,0.023371178656816483,0.7433812022209167,0.8561294078826904,47,0.8561294078826904,47,0.8266708254814148,6,0.054576046764850616,-0.03541881963610649,1.0908608436584473
4,11,7.0,decoder_3,300,0.8118101358413696,5,127,0.7887265086174011,0.024897685274481773,0.7213154435157776,0.8118101358413696,57,0.8118101358413696,57,0.7979888916015625,3,0.09129413217306137,-0.12320870161056519,0.4681500196456909
4,12,6.0,decoder_3,300,0.7673125863075256,144,138,0.6403614282608032,0.017631540074944496,0.6803609132766724,0.7673125863075256,41,0.7673125863075256,41,0.648921549320221,3,0.20670221745967865,-0.0880415290594101,0.5377605557441711
4,10,9.0,final_nms07,147,0.8266708254814148,0,0,0.8266708254814148,0.7433812022209167,0.7433812022209167,0.8266708254814148,5,0.8266708254814148,5,0.8266708254814148,2,-0.02835419960319996,-0.13789042830467224,1.5062533617019653
4,11,7.0,final_nms07,147,0.7887265086174011,1,1,0.7887265086174011,0.7213154435157776,0.7213154435157776,0.7887265086174011,6,0.7887265086174011,6,0.7887265086174011,2,0.20063425600528717,-0.0427117682993412,1.0969939231872559
4,12,6.0,final_nms07,147,0.6926663517951965,41,2,0.6403614282608032,0.02983861230313778,0.6803609132766724,0.6926663517951965,2,0.6926663517951965,2,0.6403614282608032,1,0.3280518651008606,-0.08458643406629562,0.8866702914237976
5,13,8.000000000000002,encoder_all_counterfactual,8400,0.6791369915008545,2195,2275,0.2559469938278198,0.1358046531677246,0.13832372426986694,0.6791369915008545,1,0.6791369915008545,1,0.6791369915008545,1,0.19909165799617767,0.1941884309053421,1.753722071647644
5,14,6.0,encoder_all_counterfactual,8400,0.6807414889335632,2762,2595,0.3555051386356354,0.025068651884794235,0.14455316960811615,0.6807414889335632,2,0.6807414889335632,2,0.5184863805770874,1,0.3895662724971771,-0.07357951998710632,0.6532960534095764
5,15,8.000000000000002,encoder_all_counterfactual,8400,0.5417152047157288,3075,3154,0.1356213092803955,0.159006267786026,0.15906044840812683,0.5417152047157288,1,0.5417152047157288,1,0.5417152047157288,1,0.35562729835510254,0.22219330072402954,2.7509400844573975
5,13,8.000000000000002,topk,300,0.6791369915008545,86,75,0.2559469938278198,0.1358046531677246,0.13832372426986694,0.6791369915008545,1,0.6791369915008545,1,0.6791369915008545,1,0.19909165799617767,0.1941884309053421,1.753722071647644
5,14,6.0,topk,300,0.5184863805770874,162,45,0.3555051386356354,0.11503308266401291,0.14455316960811615,0.5184863805770874,1,0.5184863805770874,1,0.5184863805770874,1,0.7623980045318604,0.010621966794133186,1.757037878036499
5,15,8.000000000000002,topk,300,0.5417152047157288,7,6,0.1356213092803955,0.159006267786026,0.15906044840812683,0.5417152047157288,1,0.5417152047157288,1,0.5417152047157288,1,0.35562729835510254,0.22219330072402954,2.7509400844573975
5,13,8.000000000000002,pre_bbox,300,0.7649998664855957,298,86,0.6922534704208374,0.1455858051776886,0.5513398051261902,0.7649998664855957,36,0.7649998664855957,36,0.7649998664855957,36,0.1428905576467514,0.14375898241996765,0.8376876711845398
5,14,6.0,pre_bbox,300,0.666610598564148,141,162,0.6619642376899719,0.43726375699043274,0.6372817158699036,0.666610598564148,30,0.666610598564148,30,0.666610598564148,30,0.42644500732421875,-0.06862850487232208,1.5369462966918945
5,15,8.000000000000002,pre_bbox,300,0.8163666129112244,7,7,0.8163666129112244,0.5506917238235474,0.5506917238235474,0.8163666129112244,27,0.8163666129112244,27,0.8163666129112244,27,0.015721464529633522,0.09951384365558624,1.0955017805099487
5,13,8.000000000000002,decoder_1,300,0.8013812303543091,298,86,0.6904735565185547,0.14910128712654114,0.5591400265693665,0.8013812303543091,35,0.8013812303543091,35,0.8013812303543091,35,0.1020943820476532,0.11772315949201584,0.9771817922592163
5,14,6.0,decoder_1,300,0.6742393970489502,62,162,0.6660269498825073,0.35605138540267944,0.6450337171554565,0.6742393970489502,30,0.6742393970489502,30,0.6742393970489502,29,0.4501708149909973,-0.03193478286266327,1.5117812156677246
5,15,8.000000000000002,decoder_1,300,0.82724529504776,22,7,0.8066167831420898,0.14730241894721985,0.5585341453552246,0.82724529504776,26,0.82724529504776,26,0.82724529504776,26,0.0637178122997284,0.09393472969532013,0.9935271143913269
5,13,8.000000000000002,decoder_2,300,0.7873361706733704,225,86,0.6320030689239502,0.025935448706150055,0.7782592177391052,0.7873361706733704,52,0.7873361706733704,52,0.6676967144012451,8,0.06756779551506042,0.18971748650074005,0.7546911835670471
5,14,6.0,decoder_2,300,0.7043715119361877,271,162,0.6612978577613831,0.03912638872861862,0.7048512697219849,0.7043715119361877,45,0.7043715119361877,45,0.6612978577613831,2,0.21589882671833038,-0.13370919227600098,1.5748096704483032
5,15,8.000000000000002,decoder_2,300,0.8959084749221802,127,7,0.81991046667099,0.028187215328216553,0.7267755270004272,0.8959084749221802,40,0.8959084749221802,40,0.8766629099845886,5,0.007691115140914917,0.09061913192272186,0.6011852622032166
5,13,8.000000000000002,decoder_3,300,0.7451534271240234,137,86,0.6276606917381287,0.042354654520750046,0.7591170072555542,0.7451534271240234,56,0.7451534271240234,56,0.6940158605575562,10,-0.11462453007698059,0.1327625960111618,1.5343784093856812
5,14,6.0,decoder_3,300,0.7476807832717896,84,162,0.6617839336395264,0.029408762231469154,0.7402113676071167,0.7476807832717896,58,0.7476807832717896,58,0.6617839336395264,2,0.25249290466308594,-0.07832378149032593,0.8812586665153503
5,15,8.000000000000002,decoder_3,300,0.9085763692855835,74,7,0.8055301904678345,0.019703367725014687,0.7007960677146912,0.9085763692855835,43,0.9085763692855835,43,0.8509983420372009,5,0.03667089343070984,0.01214563474059105,0.5040904879570007
5,13,8.000000000000002,final_nms07,126,0.6840308308601379,13,0,0.6276606917381287,0.05112730711698532,0.7591170072555542,0.6840308308601379,4,0.6840308308601379,4,0.6840308308601379,3,0.0467049777507782,0.3966919779777527,2.5924389362335205
5,14,6.0,final_nms07,126,0.6617839336395264,1,1,0.6617839336395264,0.7402113676071167,0.7402113676071167,0.6617839336395264,3,0.6617839336395264,3,0.6617839336395264,1,0.4708229601383209,-0.038686543703079224,0.9167655110359192
5,15,8.000000000000002,final_nms07,126,0.8055301904678345,2,2,0.8055301904678345,0.7007960677146912,0.7007960677146912,0.8055301904678345,5,0.8055301904678345,5,0.8055301904678345,2,0.0038804709911346436,0.1012631207704544,1.1679431200027466
6,16,10.0,encoder_all_counterfactual,8400,0.6863498687744141,2204,2275,0.17997294664382935,0.030613284558057785,0.15196079015731812,0.6863498687744141,5,0.6863498687744141,5,0.27022311091423035,0,0.04168577119708061,0.009281400591135025,2.784533739089966
6,17,7.0,encoder_all_counterfactual,8400,0.5336808562278748,2847,2675,0.14322029054164886,0.02720549702644348,0.1506887823343277,0.5336808562278748,1,0.5336808562278748,1,0.36510875821113586,0,0.3714507520198822,0.15869423747062683,3.0343921184539795
6,18,10.0,encoder_all_counterfactual,8400,0.8715030550956726,2997,2997,0.8715030550956726,0.16089479625225067,0.16089479625225067,0.8715030550956726,3,0.8715030550956726,3,0.8715030550956726,3,0.032394200563430786,-0.004759362433105707,0.9244702458381653
6,16,10.0,topk,300,0.27022311091423035,105,27,0.17997294664382935,0.13566334545612335,0.15196079015731812,0.27022311091423035,0,0.27022311091423035,0,0.27022311091423035,0,0.026231814175844193,-0.11956322938203812,9.590316772460938
6,17,7.0,topk,300,0.36510875821113586,36,34,0.14322029054164886,0.15062519907951355,0.1506887823343277,0.36510875821113586,0,0.36510875821113586,0,0.36510875821113586,0,0.4848283529281616,0.11511287838220596,6.448358535766602
6,18,10.0,topk,300,0.8715030550956726,2,2,0.8715030550956726,0.16089479625225067,0.16089479625225067,0.8715030550956726,3,0.8715030550956726,3,0.8715030550956726,3,0.032394200563430786,-0.004759362433105707,0.9244702458381653
6,16,10.0,pre_bbox,300,0.8184968829154968,290,105,0.7082892656326294,0.11255040019750595,0.2950746715068817,0.8184968829154968,30,0.8184968829154968,30,0.8184968829154968,30,-0.09000610560178757,-0.07449155300855637,1.1085318326950073
6,17,7.0,pre_bbox,300,0.8237850069999695,36,36,0.8237850069999695,0.5230975151062012,0.5230975151062012,0.8237850069999695,30,0.8237850069999695,30,0.8237850069999695,30,0.11210726946592331,0.03496238589286804,1.0463380813598633
6,18,10.0,pre_bbox,300,0.8195204138755798,91,2,0.7391678690910339,0.11901810020208359,0.5612574815750122,0.8195204138755798,37,0.8195204138755798,37,0.8195204138755798,37,-0.08306659013032913,0.08101054280996323,1.299637794494629
6,16,10.0,decoder_1,300,0.8163871169090271,250,105,0.7060254216194153,0.12566547095775604,0.29997050762176514,0.8163871169090271,32,0.8163871169090271,32,0.8163871169090271,32,-0.033507339656353,-0.1553090363740921,0.23390844464302063
6,17,7.0,decoder_1,300,0.8307930827140808,36,36,0.8307930827140808,0.5286593437194824,0.5286593437194824,0.8307930827140808,31,0.8307930827140808,31,0.8307930827140808,31,0.10564202070236206,0.03159955143928528,1.0125768184661865
6,18,10.0,decoder_1,300,0.80263352394104,91,2,0.7405003905296326,0.12307024747133255,0.571399986743927,0.80263352394104,34,0.80263352394104,34,0.80263352394104,34,-0.12120303511619568,0.05864785239100456,0.9674909710884094
6,16,10.0,decoder_2,300,0.8117156028747559,12,129,0.6809043884277344,0.020870350301265717,0.6828565001487732,0.8117156028747559,39,0.8117156028747559,39,0.7618276476860046,15,-0.067748062312603,-0.06780173629522324,1.5607945919036865
6,17,7.0,decoder_2,300,0.7908436059951782,21,36,0.72806316614151,0.030224300920963287,0.6840717196464539,0.7908436059951782,48,0.7908436059951782,48,0.7411535382270813,12,0.13752689957618713,0.04974287003278732,1.3060760498046875
6,18,10.0,decoder_2,300,0.8587990999221802,91,2,0.766359269618988,0.015228021889925003,0.7706700563430786,0.8587990999221802,42,0.8587990999221802,42,0.766359269618988,3,-0.04972971975803375,0.023478934541344643,0.9601991176605225
6,16,10.0,decoder_3,300,0.7873298525810242,72,129,0.6807464957237244,0.04950042814016342,0.7642483115196228,0.7873298525810242,51,0.7873298525810242,51,0.6986793279647827,11,-0.04906672611832619,0.008219361305236816,2.1376285552978516
6,17,7.0,decoder_3,300,0.7752639651298523,103,36,0.7086960673332214,0.055940914899110794,0.7531940340995789,0.7752639651298523,62,0.7752639651298523,62,0.7752639651298523,8,0.09932079911231995,-0.07032106816768646,1.4812519550323486
6,18,10.0,decoder_3,300,0.8506576418876648,91,2,0.7676149010658264,0.020000552758574486,0.7695204615592957,0.8506576418876648,48,0.8506576418876648,48,0.7676149010658264,3,-0.05002554878592491,0.0020221734885126352,1.1030296087265015
6,16,10.0,final_nms07,128,0.7096841335296631,48,1,0.6807464957237244,0.023595377802848816,0.7642483115196228,0.7096841335296631,6,0.7096841335296631,6,0.6807464957237244,1,0.006404504645615816,0.07454878091812134,2.5904600620269775
6,17,7.0,final_nms07,128,0.7086960673332214,2,2,0.7086960673332214,0.7531940340995789,0.7531940340995789,0.7086960673332214,6,0.7086960673332214,6,0.7086960673332214,2,0.15279795229434967,-0.031621918082237244,1.8718429803848267
6,18,10.0,final_nms07,128,0.7676149010658264,0,0,0.7676149010658264,0.7695204615592957,0.7695204615592957,0.7676149010658264,4,0.7676149010658264,4,0.7676149010658264,2,-0.14302100241184235,-0.1042761281132698,1.5092434883117676
7,19,11.0,encoder_all_counterfactual,8400,0.6345179080963135,2511,2592,0.2492082715034485,0.13968069851398468,0.14478951692581177,0.6345179080963135,1,0.6345179080963135,1,0.6345179080963135,1,-0.015479850582778454,-0.2913261651992798,2.4243931770324707
7,20,9.0,encoder_all_counterfactual,8400,0.6698251366615295,2914,3071,0.4966008961200714,0.1222137063741684,0.1552579700946808,0.6698251366615295,3,0.6698251366615295,3,0.6698251366615295,3,0.11796148121356964,-0.10982891172170639,3.2557485103607178
7,21,8.000000000000002,encoder_all_counterfactual,8400,0.7959845662117004,3880,3473,0.6042266488075256,0.03721927851438522,0.17059093713760376,0.7959845662117004,4,0.7959845662117004,4,0.658251941204071,3,-0.15897426009178162,0.06728348881006241,0.5861400961875916
7,19,11.0,topk,300,0.6345179080963135,83,56,0.2492082715034485,0.13968069851398468,0.14478951692581177,0.6345179080963135,1,0.6345179080963135,1,0.6345179080963135,1,-0.015479850582778454,-0.2913261651992798,2.4243931770324707
7,20,9.0,topk,300,0.6698251366615295,157,22,0.4966008961200714,0.1222137063741684,0.1552579700946808,0.6698251366615295,3,0.6698251366615295,3,0.6698251366615295,3,0.11796148121356964,-0.10982891172170639,3.2557485103607178
7,21,8.000000000000002,topk,300,0.658251941204071,4,0,0.6042266488075256,0.16344201564788818,0.17059093713760376,0.658251941204071,3,0.658251941204071,3,0.658251941204071,3,0.05656107887625694,0.24021035432815552,2.961169958114624
7,19,11.0,pre_bbox,300,0.7927747964859009,131,83,0.6925209760665894,0.15384577214717865,0.6042042970657349,0.7927747964859009,30,0.7927747964859009,30,0.7927747964859009,30,-0.060547828674316406,-0.15613150596618652,0.8755814433097839
7,20,9.0,pre_bbox,300,0.8884426951408386,223,139,0.7588226795196533,0.07226596027612686,0.5766808390617371,0.8884426951408386,49,0.8884426951408386,49,0.8884426951408386,45,0.0013705147430300713,-0.01683344878256321,0.8411628007888794
7,21,8.000000000000002,pre_bbox,300,0.8067527413368225,35,0,0.6743669509887695,0.10443708300590515,0.5857347846031189,0.8067527413368225,35,0.8067527413368225,35,0.8067527413368225,35,-0.14605163037776947,0.06850842386484146,0.24653780460357666
7,19,11.0,decoder_1,300,0.7657430768013,131,83,0.6890321373939514,0.15836958587169647,0.6092249155044556,0.7657430768013,30,0.7657430768013,30,0.7657430768013,30,-0.07036018371582031,-0.17630283534526825,1.4817339181900024
7,20,9.0,decoder_1,300,0.7769144773483276,229,139,0.7635571360588074,0.5063832998275757,0.5828424096107483,0.7769144773483276,44,0.7769144773483276,44,0.7769144773483276,43,-0.005960655398666859,-0.17038516700267792,0.640203058719635
7,21,8.000000000000002,decoder_1,300,0.7903935313224792,35,0,0.6786651611328125,0.104758121073246,0.5937975645065308,0.7903935313224792,35,0.7903935313224792,35,0.7903935313224792,35,-0.1746601015329361,0.03035127744078636,0.854326605796814
7,19,11.0,decoder_2,300,0.839265763759613,205,83,0.6568669080734253,0.0335017591714859,0.7073591947555542,0.839265763759613,41,0.839265763759613,41,0.6839420795440674,6,-0.04725456237792969,-0.10499481111764908,1.3513075113296509
7,20,9.0,decoder_2,300,0.8107503056526184,141,22,0.7181172966957092,0.03302996978163719,0.7388788461685181,0.8107503056526184,55,0.8107503056526184,55,0.7761256694793701,6,0.022580275312066078,-0.17413149774074554,1.307112455368042
7,21,8.000000000000002,decoder_2,300,0.8393598198890686,91,0,0.6832993030548096,0.016661524772644043,0.7628832459449768,0.8393598198890686,58,0.8393598198890686,58,0.7024396657943726,3,-0.11425837874412537,-0.017194122076034546,0.4264308512210846
7,19,11.0,decoder_3,300,0.779554009437561,205,83,0.6527311205863953,0.01987351104617119,0.7556891441345215,0.779554009437561,42,0.779554009437561,42,0.6527311205863953,1,-0.04252815246582031,-0.0737408995628357,2.04892897605896
7,20,9.0,decoder_3,300,0.7834757566452026,102,22,0.7124267220497131,0.029156621545553207,0.7794243693351746,0.7834757566452026,64,0.7834757566452026,64,0.7375742793083191,3,0.007774798199534416,-0.09409847855567932,2.1391382217407227
7,21,8.000000000000002,decoder_3,300,0.7526236772537231,91,0,0.6769901514053345,0.02181892655789852,0.7432703971862793,0.7526236772537231,61,0.7526236772537231,61,0.6946781277656555,3,-0.1688546985387802,0.0007127223070710897,1.0000121593475342
7,19,11.0,final_nms07,127,0.779554009437561,63,1,0.6527311205863953,0.01987351104617119,0.7556891441345215,0.779554009437561,3,0.779554009437561,3,0.6527311205863953,1,-0.04252815246582031,-0.0737408995628357,2.04892897605896
7,20,9.0,final_nms07,127,0.7124267220497131,0,0,0.7124267220497131,0.7794243693351746,0.7794243693351746,0.7124267220497131,8,0.7124267220497131,8,0.7124267220497131,1,-0.02991843782365322,-0.2558087706565857,0.48842665553092957
7,21,8.000000000000002,final_nms07,127,0.6769901514053345,2,2,0.6769901514053345,0.7432703971862793,0.7432703971862793,0.6769901514053345,3,0.6769901514053345,3,0.6769901514053345,1,-0.06995734572410583,0.24205149710178375,2.502561330795288
8,22,9.0,encoder_all_counterfactual,8400,0.8194393515586853,2996,3074,0.26794537901878357,0.14226403832435608,0.1498376876115799,0.8194393515586853,4,0.8194393515586853,4,0.8194393515586853,4,0.10819409042596817,-0.09077716618776321,0.9761205315589905
8,23,6.999999999999999,encoder_all_counterfactual,8400,0.5055721998214722,3477,3315,0.22155094146728516,0.13362249732017517,0.1409541815519333,0.5055721998214722,1,0.5055721998214722,1,0.5055721998214722,1,-0.1135348305106163,0.5604670643806458,2.9420347213745117
8,24,8.000000000000002,encoder_all_counterfactual,8400,0.5786720514297485,4360,4115,0.28610238432884216,0.04574497789144516,0.15340302884578705,0.5786720514297485,4,0.5786720514297485,4,0.5444568991661072,1,0.1388532668352127,0.40774300694465637,1.9010318517684937
8,22,9.0,topk,300,0.8194393515586853,52,17,0.26794537901878357,0.14226403832435608,0.1498376876115799,0.8194393515586853,3,0.8194393515586853,3,0.8194393515586853,3,0.10819409042596817,-0.09077716618776321,0.9761205315589905
8,23,6.999999999999999,topk,300,0.5055721998214722,103,58,0.22155094146728516,0.13362249732017517,0.1409541815519333,0.5055721998214722,1,0.5055721998214722,1,0.5055721998214722,1,-0.1135348305106163,0.5604670643806458,2.9420347213745117
8,24,8.000000000000002,topk,300,0.5444568991661072,69,8,0.28610238432884216,0.1388048678636551,0.15340302884578705,0.5444568991661072,1,0.5444568991661072,1,0.5444568991661072,1,0.3281935453414917,0.38285312056541443,0.9223904013633728
8,22,9.0,pre_bbox,300,0.828167736530304,24,52,0.7686079740524292,0.30304786562919617,0.6209408640861511,0.828167736530304,33,0.828167736530304,33,0.828167736530304,33,0.01900210976600647,-0.13510671257972717,1.0778145790100098
8,23,6.999999999999999,pre_bbox,300,0.6368519067764282,68,103,0.5864471793174744,0.22502857446670532,0.5860952734947205,0.6368519067764282,28,0.6368519067764282,28,0.6368519067764282,27,-0.09654740989208221,0.4366171658039093,1.5940735340118408
8,24,8.000000000000002,pre_bbox,300,0.8005861043930054,25,69,0.7072133421897888,0.16906329989433289,0.5770293474197388,0.8005861043930054,35,0.8005861043930054,35,0.8005861043930054,35,0.025894196704030037,0.2129191905260086,0.4266314208507538
8,22,9.0,decoder_1,300,0.8278106451034546,24,52,0.7742505669593811,0.3071739673614502,0.6280351877212524,0.8278106451034546,35,0.8278106451034546,35,0.8278106451034546,31,0.013880221173167229,-0.13589178025722504,1.1612261533737183
8,23,6.999999999999999,decoder_1,300,0.6417043805122375,254,103,0.5870546102523804,0.08781082928180695,0.5968442559242249,0.6417043805122375,26,0.6417043805122375,26,0.6417043805122375,26,-0.152740478515625,0.3535514771938324,2.780599355697632
8,24,8.000000000000002,decoder_1,300,0.7872446179389954,25,69,0.7055419683456421,0.1736687421798706,0.5865439772605896,0.7872446179389954,35,0.7872446179389954,35,0.7872446179389954,35,0.02991657331585884,0.23197364807128906,0.45923861861228943
8,22,9.0,decoder_2,300,0.8446782827377319,176,52,0.8055229783058167,0.014025865122675896,0.7066094875335693,0.8446782827377319,41,0.8446782827377319,41,0.8055229783058167,3,0.08075779676437378,-0.0872255340218544,0.9417558312416077
8,23,6.999999999999999,decoder_2,300,0.8369379639625549,78,103,0.6054901480674744,0.02605670504271984,0.689501166343689,0.8369379639625549,55,0.8369379639625549,55,0.6054901480674744,2,-0.017103195190429688,0.15894857048988342,1.1309243440628052
8,24,8.000000000000002,decoder_2,300,0.8360097408294678,35,69,0.7140107154846191,0.04860100895166397,0.7793922424316406,0.8360097408294678,52,0.8360097408294678,52,0.7140107154846191,4,-0.09962842613458633,0.08550813794136047,0.7069217562675476
8,22,9.0,decoder_3,300,0.8442193269729614,176,52,0.8147131204605103,0.01546464953571558,0.7486246824264526,0.8442193269729614,42,0.8442193269729614,42,0.8170680403709412,2,0.08135225623846054,-0.09352552145719528,0.914347767829895
8,23,6.999999999999999,decoder_3,300,0.7280330657958984,118,103,0.6067677140235901,0.01784832961857319,0.7421963810920715,0.7280330657958984,65,0.7280330657958984,65,0.6067677140235901,1,-0.1879863739013672,-0.01695069670677185,1.8636231422424316
8,24,8.000000000000002,decoder_3,300,0.9053519368171692,285,69,0.7193888425827026,0.029671162366867065,0.7741755247116089,0.9053519368171692,56,0.9053519368171692,56,0.7193888425827026,1,-0.004662174731492996,-0.038303859531879425,0.5657426714897156
8,22,9.0,final_nms07,126,0.8147131204605103,1,1,0.8147131204605103,0.7486246824264526,0.7486246824264526,0.8147131204605103,3,0.8147131204605103,3,0.8147131204605103,1,0.034436777234077454,-0.16176940500736237,0.44721946120262146
8,23,6.999999999999999,final_nms07,126,0.7280330657958984,87,2,0.6067677140235901,0.01784832961857319,0.7421963810920715,0.7280330657958984,6,0.7280330657958984,6,0.6067677140235901,1,-0.1879863739013672,-0.01695069670677185,1.8636231422424316
8,24,8.000000000000002,final_nms07,126,0.9053519368171692,22,0,0.7193888425827026,0.029671162366867065,0.7741755247116089,0.9053519368171692,3,0.9053519368171692,3,0.7193888425827026,1,-0.004662174731492996,-0.038303859531879425,0.5657426714897156
9,25,9.0,encoder_all_counterfactual,8400,0.6473387479782104,2996,3073,0.3754618763923645,0.1130162924528122,0.16191044449806213,0.6473387479782104,3,0.6473387479782104,3,0.6473387479782104,3,0.0401463620364666,0.01569388620555401,3.2732012271881104
9,26,10.0,encoder_all_counterfactual,8400,0.6970570683479309,3559,3474,0.181076318025589,0.041632670909166336,0.1610957533121109,0.6970570683479309,3,0.6970570683479309,3,0.5362880229949951,1,0.1133270338177681,0.033102814108133316,2.5551743507385254
9,27,10.0,encoder_all_counterfactual,8400,0.7914635539054871,4037,4355,0.12099576741456985,0.12373179942369461,0.15895599126815796,0.7914635539054871,5,0.7914635539054871,5,0.7914635539054871,2,-0.0514167882502079,-0.1656314581632614,1.3647325038909912
9,25,9.0,topk,300,0.6473387479782104,194,12,0.3754618763923645,0.1130162924528122,0.16191044449806213,0.6473387479782104,3,0.6473387479782104,3,0.6473387479782104,3,0.0401463620364666,0.01569388620555401,3.2732012271881104
9,26,10.0,topk,300,0.5362880229949951,75,15,0.181076318025589,0.14750605821609497,0.1610957533121109,0.5362880229949951,1,0.5362880229949951,1,0.5362880229949951,1,0.11291643977165222,-0.009467458352446556,4.725618362426758
9,27,10.0,topk,300,0.7914635539054871,161,19,0.12099576741456985,0.12373179942369461,0.15895599126815796,0.7914635539054871,2,0.7914635539054871,2,0.7914635539054871,2,-0.0514167882502079,-0.1656314581632614,1.3647325038909912
9,25,9.0,pre_bbox,300,0.8557215929031372,107,165,0.6770020127296448,0.19845913350582123,0.6186448931694031,0.8557215929031372,37,0.8557215929031372,37,0.8557215929031372,36,-0.005302556324750185,0.022419320419430733,0.9784637093544006
9,26,10.0,pre_bbox,300,0.8431752324104309,117,75,0.6852372288703918,0.1573304682970047,0.5726655125617981,0.8431752324104309,44,0.8431752324104309,44,0.8431752324104309,38,-0.09136755019426346,0.05035712942481041,0.8384346961975098
9,27,10.0,pre_bbox,300,0.8660597801208496,220,161,0.6497341394424438,0.062212586402893066,0.5307577252388,0.8660597801208496,34,0.8660597801208496,34,0.8660597801208496,34,-0.11570458859205246,-0.020621178671717644,0.8078178763389587
9,25,9.0,decoder_1,300,0.8787556886672974,107,165,0.6850423216819763,0.20004433393478394,0.6237945556640625,0.8787556886672974,37,0.8787556886672974,37,0.8787556886672974,36,0.010751745663583279,0.03194902092218399,0.8424510359764099
9,26,10.0,decoder_1,300,0.8540332913398743,238,75,0.6884661912918091,0.13710832595825195,0.5833560228347778,0.8540332913398743,41,0.8540332913398743,41,0.8540332913398743,37,-0.0973016619682312,0.003768824739381671,1.3335251808166504
9,27,10.0,decoder_1,300,0.8509767651557922,220,161,0.6513574719429016,0.06268510222434998,0.5370871424674988,0.8509767651557922,28,0.8509767651557922,28,0.8509767651557922,28,-0.13465175032615662,0.015044018626213074,1.209359049797058
9,25,9.0,decoder_2,300,0.7583838105201721,258,163,0.7098966836929321,0.03713316097855568,0.6964685320854187,0.7583838105201721,54,0.7583838105201721,54,0.7437214255332947,4,0.11723881214857101,0.07241881638765335,1.8741976022720337
9,26,10.0,decoder_2,300,0.8873098492622375,177,75,0.6949030756950378,0.025381289422512054,0.759867250919342,0.8873098492622375,56,0.8873098492622375,56,0.703109860420227,2,-0.023562422022223473,0.07651800662279129,0.4354778230190277
9,27,10.0,decoder_2,300,0.7662320733070374,272,161,0.6645753979682922,0.021001413464546204,0.6542829275131226,0.7662320733070374,47,0.7662320733070374,47,0.6754800081253052,5,-0.06564158201217651,-0.1369277983903885,1.9014134407043457
9,25,9.0,decoder_3,300,0.8365495800971985,207,163,0.707394540309906,0.02201681397855282,0.7475188970565796,0.8365495800971985,60,0.8365495800971985,60,0.707394540309906,1,0.031760554760694504,-0.07443665713071823,1.011440634727478
9,26,10.0,decoder_3,300,0.871683657169342,208,75,0.6926787495613098,0.02751019038259983,0.7481968402862549,0.871683657169342,72,0.871683657169342,72,0.6926787495613098,1,0.00620518671348691,-0.06270457059144974,0.8854930996894836
9,27,10.0,decoder_3,300,0.7806175947189331,138,237,0.6678081750869751,0.01833416149020195,0.6722846627235413,0.7806175947189331,52,0.7806175947189331,52,0.6773959994316101,5,-0.09936407953500748,-0.1332564502954483,1.410759449005127
9,25,9.0,final_nms07,121,0.7287744283676147,70,1,0.707394540309906,0.019555017352104187,0.7475188970565796,0.7287744283676147,7,0.7287744283676147,7,0.707394540309906,1,-0.11785378307104111,-0.09101901203393936,1.7576221227645874
9,26,10.0,final_nms07,121,0.7305657863616943,15,0,0.6926787495613098,0.036281768232584,0.7481968402862549,0.7305657863616943,8,0.7305657863616943,8,0.6926787495613098,1,-0.035290710628032684,-0.11654462665319443,1.921451210975647
9,27,10.0,final_nms07,121,0.6678081750869751,2,2,0.6678081750869751,0.6722846627235413,0.6722846627235413,0.6678081750869751,3,0.6678081750869751,3,0.6678081750869751,1,-0.1586286425590515,-0.12896941602230072,2.2635581493377686
10,28,10.0,encoder_all_counterfactual,8400,0.6339101195335388,2598,2675,0.3089745342731476,0.08776325732469559,0.1568998545408249,0.6339101195335388,3,0.6339101195335388,3,0.6339101195335388,3,-0.08221602439880371,-0.04943652078509331,3.4494333267211914
10,29,5.999999999999999,encoder_all_counterfactual,8400,0.6400711536407471,3081,2995,0.13195084035396576,0.03105134889483452,0.15796683728694916,0.6400711536407471,1,0.6400711536407471,1,0.4339371919631958,0,-0.10542917251586914,0.3066493272781372,2.2630815505981445
10,30,8.000000000000002,encoder_all_counterfactual,8400,0.6475366950035095,3636,3555,0.198711097240448,0.12658517062664032,0.14912396669387817,0.6475366950035095,4,0.6475366950035095,4,0.6475366950035095,1,-0.08004923164844513,0.12166229635477066,2.877394199371338
10,28,10.0,topk,300,0.6339101195335388,206,10,0.3089745342731476,0.08776325732469559,0.1568998545408249,0.6339101195335388,3,0.6339101195335388,3,0.6339101195335388,3,-0.08221602439880371,-0.04943652078509331,3.4494333267211914
10,29,5.999999999999999,topk,300,0.4339371919631958,84,7,0.13195084035396576,0.1263633668422699,0.15796683728694916,0.4339371919631958,0,0.4339371919631958,0,0.4339371919631958,0,-0.13569030165672302,0.5828258991241455,5.057830333709717
10,30,8.000000000000002,topk,300,0.6475366950035095,80,19,0.198711097240448,0.12658517062664032,0.14912396669387817,0.6475366950035095,1,0.6475366950035095,1,0.6475366950035095,1,-0.08004923164844513,0.12166229635477066,2.877394199371338
10,28,10.0,pre_bbox,300,0.8083317875862122,31,38,0.6730170845985413,0.19205838441848755,0.6161929368972778,0.8083317875862122,34,0.8083317875862122,34,0.8083317875862122,33,-0.15986014902591705,0.0468355193734169,0.7573619484901428
10,29,5.999999999999999,pre_bbox,300,0.65416020154953,28,84,0.5405592918395996,0.08786409348249435,0.6573346853256226,0.65416020154953,29,0.65416020154953,29,0.65416020154953,29,-0.16010980308055878,0.3380417823791504,1.7225654125213623
10,30,8.000000000000002,pre_bbox,300,0.843204140663147,159,80,0.7684512138366699,0.11779317259788513,0.524986743927002,0.843204140663147,38,0.843204140663147,38,0.843204140663147,37,-0.04988823086023331,0.13344459235668182,1.0266523361206055
10,28,10.0,decoder_1,300,0.783469557762146,225,38,0.6684069633483887,0.07867811620235443,0.623010516166687,0.783469557762146,32,0.783469557762146,32,0.783469557762146,32,-0.10757844150066376,-0.09269958734512329,1.3678423166275024
10,29,5.999999999999999,decoder_1,300,0.65257328748703,2,84,0.539948582649231,0.09921925514936447,0.6639674305915833,0.65257328748703,29,0.65257328748703,29,0.65257328748703,29,-0.17471694946289062,0.28561297059059143,1.7105131149291992
10,30,8.000000000000002,decoder_1,300,0.8308036923408508,221,80,0.7714663147926331,0.28265640139579773,0.5356274843215942,0.8308036923408508,34,0.8308036923408508,34,0.8308036923408508,34,-0.04246615618467331,0.15351587533950806,0.4508812129497528
10,28,10.0,decoder_2,300,0.8027482628822327,232,46,0.7012946605682373,0.022937560454010963,0.8014600276947021,0.8027482628822327,44,0.8027482628822327,44,0.7274569869041443,3,-0.1545877456665039,0.030238036066293716,1.6498968601226807
10,29,5.999999999999999,decoder_2,300,0.6582264304161072,213,84,0.5262678861618042,0.035378195345401764,0.7745561003684998,0.6582264304161072,50,0.6582264304161072,50,0.5669270157814026,3,-0.027791976928710938,0.33727163076400757,2.4326794147491455
10,30,8.000000000000002,decoder_2,300,0.813487708568573,221,80,0.7550708055496216,0.01598193310201168,0.7512412071228027,0.813487708568573,65,0.813487708568573,65,0.7550708055496216,3,-0.027657881379127502,0.2008332461118698,0.5260747075080872
10,28,10.0,decoder_3,300,0.7929322123527527,232,46,0.706779956817627,0.0173909030854702,0.7720879316329956,0.7929322123527527,52,0.7929322123527527,52,0.7286912798881531,3,-0.1622457504272461,0.025433171540498734,1.4800844192504883
10,29,5.999999999999999,decoder_3,300,0.6703186631202698,213,84,0.5250985622406006,0.025097060948610306,0.7720863223075867,0.6703186631202698,64,0.6703186631202698,64,0.5523083209991455,3,-0.12149620056152344,0.3535219728946686,1.2980397939682007
10,30,8.000000000000002,decoder_3,300,0.8178528547286987,204,80,0.7475684285163879,0.04248892888426781,0.7507339715957642,0.8178528547286987,66,0.8178528547286987,66,0.7475684285163879,4,-0.10470160841941833,0.10576604306697845,0.5119025707244873
10,28,10.0,final_nms07,114,0.706779956817627,0,0,0.706779956817627,0.7720879316329956,0.7720879316329956,0.706779956817627,5,0.706779956817627,5,0.706779956817627,1,-0.2342921942472458,-0.03505589812994003,0.9504234194755554
10,29,5.999999999999999,final_nms07,114,0.5952861309051514,25,1,0.5250985622406006,0.03644685819745064,0.7720863223075867,0.5952861309051514,4,0.5952861309051514,4,0.5523083209991455,2,-0.2791461944580078,0.2926233410835266,1.7190405130386353
10,30,8.000000000000002,final_nms07,114,0.7475684285163879,2,2,0.7475684285163879,0.7507339715957642,0.7507339715957642,0.7475684285163879,5,0.7475684285163879,5,0.7475684285163879,2,-0.08366832137107849,0.24636569619178772,0.5020603537559509
11,31,8.000000000000002,encoder_all_counterfactual,8400,0.6866010427474976,2516,2514,0.285815954208374,0.11856716871261597,0.15442925691604614,0.6866010427474976,2,0.6866010427474976,2,0.6866010427474976,2,0.07009965181350708,0.1752200722694397,2.2461037635803223
11,32,9.0,encoder_all_counterfactual,8400,0.6094530820846558,2996,2994,0.2482404112815857,0.10466393083333969,0.14602109789848328,0.6094530820846558,1,0.6094530820846558,1,0.6094530820846558,1,0.2141413688659668,0.15997923910617828,2.7539894580841064
11,33,9.0,encoder_all_counterfactual,8400,0.7248011231422424,3557,3474,0.16242966055870056,0.11014585942029953,0.15285564959049225,0.7248011231422424,8,0.7248011231422424,8,0.7248011231422424,2,0.173128142952919,0.14225785434246063,1.6924043893814087
11,31,8.000000000000002,topk,300,0.6866010427474976,147,16,0.285815954208374,0.11856716871261597,0.15442925691604614,0.6866010427474976,2,0.6866010427474976,2,0.6866010427474976,2,0.07009965181350708,0.1752200722694397,2.2461037635803223
11,32,9.0,topk,300,0.6094530820846558,197,52,0.2482404112815857,0.10466393083333969,0.14602109789848328,0.6094530820846558,1,0.6094530820846558,1,0.6094530820846558,1,0.2141413688659668,0.15997923910617828,2.7539894580841064
11,33,9.0,topk,300,0.7248011231422424,181,24,0.16242966055870056,0.11014585942029953,0.15285564959049225,0.7248011231422424,2,0.7248011231422424,2,0.7248011231422424,2,0.173128142952919,0.14225785434246063,1.6924043893814087
11,31,8.000000000000002,pre_bbox,300,0.8380414247512817,249,147,0.7562593221664429,0.3336004316806793,0.5863430500030518,0.8380414247512817,36,0.8380414247512817,36,0.8380414247512817,36,0.06261065602302551,0.12048336118459702,0.9926537871360779
11,32,9.0,pre_bbox,300,0.7218472361564636,153,197,0.6591992378234863,0.27301082015037537,0.6571932435035706,0.7218472361564636,22,0.7218472361564636,22,0.7218472361564636,22,-0.05553125962615013,0.06337244063615799,2.0550568103790283
11,33,9.0,pre_bbox,300,0.908807635307312,168,181,0.8671184182167053,0.23596301674842834,0.5395915508270264,0.908807635307312,37,0.908807635307312,37,0.908807635307312,36,0.03195474296808243,0.03190568462014198,0.5943095684051514
11,31,8.000000000000002,decoder_1,300,0.8343414068222046,249,147,0.7620242238044739,0.33831462264060974,0.592619001865387,0.8343414068222046,33,0.8343414068222046,33,0.8343414068222046,33,0.057485390454530716,0.12334656715393066,1.0717697143554688
11,32,9.0,decoder_1,300,0.7159316539764404,143,197,0.6609799861907959,0.06819212436676025,0.6678677201271057,0.7159316539764404,21,0.7159316539764404,21,0.7159316539764404,21,0.08031487464904785,0.13510093092918396,2.35156512260437
11,33,9.0,decoder_1,300,0.8958183526992798,168,181,0.857837975025177,0.24043230712413788,0.5509545207023621,0.8958183526992798,34,0.8958183526992798,34,0.8958183526992798,34,0.025855615735054016,0.017773348838090897,0.6976712346076965
11,31,8.000000000000002,decoder_2,300,0.8512415289878845,190,147,0.7348252534866333,0.016490139067173004,0.7540984749794006,0.8512415289878845,49,0.8512415289878845,49,0.7563050389289856,2,0.06377264857292175,0.051770295947790146,0.773098349571228
11,32,9.0,decoder_2,300,0.8393611311912537,281,197,0.7173881530761719,0.012896448373794556,0.7878298163414001,0.8393611311912537,42,0.8393611311912537,42,0.7173881530761719,2,0.05306076630949974,-0.1209639385342598,0.5764259099960327
11,33,9.0,decoder_2,300,0.9448339343070984,168,181,0.8648298382759094,0.026857882738113403,0.7688009738922119,0.9448339343070984,52,0.9448339343070984,52,0.8648298382759094,1,-0.0028531604912132025,0.04012545570731163,0.33440202474594116
11,31,8.000000000000002,decoder_3,300,0.828116238117218,193,147,0.7353902459144592,0.041721876710653305,0.7812552452087402,0.828116238117218,50,0.828116238117218,50,0.7448405623435974,2,0.004755889065563679,-0.018197976052761078,1.1002624034881592
11,32,9.0,decoder_3,300,0.8579462170600891,115,197,0.7158330082893372,0.01812427118420601,0.7948563694953918,0.8579462170600891,49,0.8579462170600891,49,0.7158330082893372,3,0.15078715980052948,0.009527020156383514,0.8776106238365173
11,33,9.0,decoder_3,300,0.9306226372718811,168,181,0.8583775162696838,0.021138012409210205,0.776299238204956,0.9306226372718811,56,0.9306226372718811,56,0.8583775162696838,1,-0.005907037761062384,0.043296314775943756,0.3993099331855774
11,31,8.000000000000002,final_nms07,136,0.828116238117218,16,1,0.7353902459144592,0.041721876710653305,0.7812552452087402,0.828116238117218,5,0.828116238117218,5,0.7353902459144592,1,0.004755889065563679,-0.018197976052761078,1.1002624034881592
11,32,9.0,final_nms07,136,0.8211920261383057,40,0,0.7158330082893372,0.029059208929538727,0.7948563694953918,0.8211920261383057,5,0.8211920261383057,5,0.7158330082893372,1,0.11758382618427277,0.07512488216161728,0.9736788272857666
11,33,9.0,final_nms07,136,0.8583775162696838,2,2,0.8583775162696838,0.776299238204956,0.776299238204956,0.8583775162696838,4,0.8583775162696838,4,0.8583775162696838,1,-0.032226331532001495,0.08708491176366806,0.9321605563163757
12,34,8.000000000000002,encoder_all_counterfactual,8400,0.48405373096466064,2434,2515,0.13007396459579468,0.13523440062999725,0.15073394775390625,0.48405373096466064,0,0.48405373096466064,0,0.48405373096466064,0,0.34604260325431824,-0.03589462861418724,4.264075756072998
12,35,8.000000000000002,encoder_all_counterfactual,8400,0.5980141162872314,2916,2915,0.13174812495708466,0.12602750957012177,0.16078947484493256,0.5980141162872314,1,0.5980141162872314,1,0.5980141162872314,1,0.3280394673347473,0.0406251959502697,2.590231418609619
12,36,10.0,encoder_all_counterfactual,8400,0.8110522627830505,3563,3555,0.3808903098106384,0.021570958197116852,0.1615397185087204,0.8110522627830505,6,0.8110522627830505,6,0.6924099922180176,5,-0.16652174293994904,-0.016864057630300522,0.8752880692481995
12,34,8.000000000000002,topk,300,0.48405373096466064,69,27,0.13007396459579468,0.13523440062999725,0.15073394775390625,0.48405373096466064,0,0.48405373096466064,0,0.48405373096466064,0,0.34604260325431824,-0.03589462861418724,4.264075756072998
12,35,8.000000000000002,topk,300,0.5980141162872314,95,1,0.13174812495708466,0.12602750957012177,0.16078947484493256,0.5980141162872314,1,0.5980141162872314,1,0.5980141162872314,1,0.3280394673347473,0.0406251959502697,2.590231418609619
12,36,10.0,topk,300,0.6924099922180176,91,0,0.3808903098106384,0.12830154597759247,0.1615397185087204,0.6924099922180176,2,0.6924099922180176,2,0.6924099922180176,2,-0.0915156751871109,-0.23536093533039093,2.455143690109253
12,34,8.000000000000002,pre_bbox,300,0.8638584613800049,69,69,0.8638584613800049,0.6060165166854858,0.6060165166854858,0.8638584613800049,30,0.8638584613800049,30,0.8638584613800049,30,0.0781237781047821,-0.07362187653779984,0.3223366141319275
12,35,8.000000000000002,pre_bbox,300,0.8775402903556824,142,3,0.7626363635063171,0.1572694629430771,0.6101689338684082,0.8775402903556824,33,0.8775402903556824,33,0.8775402903556824,33,0.03103124350309372,-0.06699667870998383,0.7287042737007141
12,36,10.0,pre_bbox,300,0.7770808339118958,14,7,0.6618793606758118,0.13182282447814941,0.5876747369766235,0.7770808339118958,38,0.7770808339118958,38,0.7770808339118958,36,-0.10858011990785599,-0.12826916575431824,1.1855350732803345
12,34,8.000000000000002,decoder_1,300,0.8662246465682983,69,69,0.8662246465682983,0.6121881008148193,0.6121881008148193,0.8662246465682983,31,0.8662246465682983,31,0.8662246465682983,31,0.07340309023857117,-0.07495943456888199,0.34447866678237915
12,35,8.000000000000002,decoder_1,300,0.8090064525604248,1,3,0.7650087475776672,0.26028844714164734,0.6174001693725586,0.8090064525604248,35,0.8090064525604248,35,0.8090064525604248,34,0.10106632113456726,-0.07053540647029877,1.1449496746063232
12,36,10.0,decoder_1,300,0.7394707202911377,2,7,0.6596845388412476,0.5610184669494629,0.5942369699478149,0.7394707202911377,31,0.7394707202911377,31,0.7394707202911377,31,-0.12634333968162537,-0.15359370410442352,1.4973942041397095
12,34,8.000000000000002,decoder_2,300,0.8900181651115417,84,69,0.8743606209754944,0.019915442913770676,0.7355054020881653,0.8900181651115417,39,0.8900181651115417,39,0.8743606209754944,3,0.07427117228507996,0.005490314215421677,0.4248720109462738
12,35,8.000000000000002,decoder_2,300,0.9624533653259277,52,3,0.832287073135376,0.03761180117726326,0.7505143880844116,0.9624533653259277,66,0.9624533653259277,66,0.832287073135376,6,0.011168688535690308,-0.014786778017878532,0.1733633279800415
12,36,10.0,decoder_2,300,0.8175147175788879,292,91,0.6859558820724487,0.03111358918249607,0.6814395189285278,0.8175147175788879,55,0.8175147175788879,55,0.7296469211578369,3,-0.13371390104293823,-0.04151866212487221,0.7027788758277893
12,34,8.000000000000002,decoder_3,300,0.8830451965332031,84,69,0.8628764748573303,0.014976326376199722,0.7732434868812561,0.8830451965332031,41,0.8830451965332031,41,0.8628764748573303,2,0.06971046328544617,-0.02230094186961651,0.5474656820297241
12,35,8.000000000000002,decoder_3,300,0.9224719405174255,254,3,0.8348921537399292,0.01924896240234375,0.7752697467803955,0.9224719405174255,84,0.9224719405174255,84,0.8348921537399292,1,0.06829163432121277,0.014745773747563362,0.2683674097061157
12,36,10.0,decoder_3,300,0.7884878516197205,292,7,0.6678627133369446,0.020523954182863235,0.7238625884056091,0.7884878516197205,62,0.7884878516197205,62,0.7031508088111877,4,-0.14728640019893646,-0.07531559467315674,0.1431809365749359
12,34,8.000000000000002,final_nms07,119,0.8628764748573303,1,1,0.8628764748573303,0.7732434868812561,0.7732434868812561,0.8628764748573303,3,0.8628764748573303,3,0.8628764748573303,1,0.10950061678886414,-0.028392205014824867,0.8327817916870117
12,35,8.000000000000002,final_nms07,119,0.8348921537399292,0,0,0.8348921537399292,0.7752697467803955,0.7752697467803955,0.8348921537399292,10,0.8348921537399292,10,0.8348921537399292,1,0.09464356303215027,0.04048074781894684,0.7944486141204834
12,36,10.0,final_nms07,119,0.740470290184021,86,2,0.6678627133369446,0.015354069881141186,0.7238625884056091,0.740470290184021,8,0.740470290184021,8,0.7031508088111877,3,-0.04048556461930275,-0.18038153648376465,1.5859408378601074
13,37,10.0,encoder_all_counterfactual,8400,0.6721801161766052,2511,2513,0.1127406507730484,0.12438488006591797,0.15152044594287872,0.6721801161766052,2,0.6721801161766052,2,0.6721801161766052,2,-0.11225719749927521,-0.09715228527784348,2.5255231857299805
13,38,11.0,encoder_all_counterfactual,8400,0.7312526106834412,2834,2832,0.28010624647140503,0.1425265520811081,0.15342891216278076,0.7312526106834412,5,0.7312526106834412,5,0.7312526106834412,4,-0.11570243537425995,-0.11555595695972443,1.905440092086792
13,39,8.000000000000002,encoder_all_counterfactual,8400,0.8120896816253662,3720,3394,0.18828381597995758,0.030628692358732224,0.16235105693340302,0.8120896816253662,5,0.8120896816253662,5,0.5271910429000854,3,0.16973908245563507,0.05270661041140556,1.054976463317871
13,37,10.0,topk,300,0.6721801161766052,135,40,0.1127406507730484,0.12438488006591797,0.15152044594287872,0.6721801161766052,2,0.6721801161766052,2,0.6721801161766052,2,-0.11225719749927521,-0.09715228527784348,2.5255231857299805
13,38,11.0,topk,300,0.7312526106834412,63,32,0.28010624647140503,0.1425265520811081,0.15342891216278076,0.7312526106834412,4,0.7312526106834412,4,0.7312526106834412,4,-0.11570243537425995,-0.11555595695972443,1.905440092086792
13,39,8.000000000000002,topk,300,0.5271910429000854,166,4,0.18828381597995758,0.11412476003170013,0.16235105693340302,0.5271910429000854,3,0.5271910429000854,3,0.5271910429000854,3,0.2848370671272278,0.08484388142824173,4.076896667480469
13,37,10.0,pre_bbox,300,0.9368526935577393,293,135,0.7418192028999329,0.27640199661254883,0.6562404632568359,0.9368526935577393,34,0.9368526935577393,34,0.9368526935577393,34,-0.019913101568818092,0.006692945491522551,0.44273167848587036
13,38,11.0,pre_bbox,300,0.766355574131012,90,63,0.6021255254745483,0.04272574931383133,0.6728501319885254,0.766355574131012,37,0.766355574131012,37,0.734640896320343,33,-0.05442924425005913,0.04494105279445648,1.985417366027832
13,39,8.000000000000002,pre_bbox,300,0.9280071258544922,52,185,0.8607882857322693,0.15640102326869965,0.534843921661377,0.9280071258544922,33,0.9280071258544922,33,0.9280071258544922,33,0.01351211592555046,0.06321459263563156,0.27584385871887207
13,37,10.0,decoder_1,300,0.9141532182693481,293,135,0.7440681457519531,0.2798883318901062,0.6615838408470154,0.9141532182693481,34,0.9141532182693481,34,0.9141532182693481,34,-0.013784408569335938,0.018634231761097908,0.6275844573974609
13,38,11.0,decoder_1,300,0.710582971572876,242,63,0.6048029065132141,0.1918499618768692,0.6791051030158997,0.710582971572876,38,0.710582971572876,38,0.710582971572876,32,-0.16925811767578125,-0.14464028179645538,0.15978243947029114
13,39,8.000000000000002,decoder_1,300,0.924717903137207,4,185,0.8618496656417847,0.20385394990444183,0.5431483387947083,0.924717903137207,32,0.924717903137207,32,0.924717903137207,32,0.03196069598197937,0.020792771130800247,0.4396929442882538
13,37,10.0,decoder_2,300,0.8852679133415222,293,135,0.766878068447113,0.021785952150821686,0.7773492336273193,0.8852679133415222,51,0.8852679133415222,51,0.7963252663612366,6,-0.0132293701171875,-0.038802918046712875,0.9397730827331543
13,38,11.0,decoder_2,300,0.8394628763198853,190,63,0.6411336064338684,0.014898467808961868,0.7448425889015198,0.8394628763198853,51,0.8394628763198853,51,0.6602388024330139,3,-0.11654472351074219,-0.04979252442717552,1.060408115386963
13,39,8.000000000000002,decoder_2,300,0.9169102311134338,23,166,0.8828505873680115,0.0210199523717165,0.7281837463378906,0.9169102311134338,45,0.9169102311134338,45,0.8895869851112366,2,0.028989285230636597,0.04609673470258713,0.36934295296669006
13,37,10.0,decoder_3,300,0.8759196400642395,293,135,0.7633980512619019,0.01779579371213913,0.7589362263679504,0.8759196400642395,59,0.8759196400642395,59,0.7929108738899231,5,-0.0193939208984375,-0.03516703099012375,1.0168734788894653
13,38,11.0,decoder_3,300,0.8248816132545471,272,63,0.6335569620132446,0.032612066715955734,0.768833339214325,0.8248816132545471,63,0.8248816132545471,63,0.6335569620132446,3,-0.026063919067382812,0.035874973982572556,1.4192607402801514
13,39,8.000000000000002,decoder_3,300,0.9560968279838562,125,166,0.8839152455329895,0.03920480236411095,0.7374448776245117,0.9560968279838562,48,0.9560968279838562,48,0.8839152455329895,2,0.04085919260978699,0.003298298455774784,0.11451581120491028
13,37,10.0,final_nms07,124,0.7633980512619019,1,1,0.7633980512619019,0.7589362263679504,0.7589362263679504,0.7633980512619019,5,0.7633980512619019,5,0.7633980512619019,1,-0.10560417175292969,-0.053637921810150146,1.49208402633667
13,38,11.0,final_nms07,124,0.6490815877914429,20,0,0.6335569620132446,0.03897546976804733,0.768833339214325,0.6490815877914429,7,0.6490815877914429,7,0.6335569620132446,2,-0.3111076354980469,0.08903317898511887,0.9724017381668091
13,39,8.000000000000002,final_nms07,124,0.8839152455329895,2,2,0.8839152455329895,0.7374448776245117,0.7374448776245117,0.8839152455329895,4,0.8839152455329895,4,0.8839152455329895,1,0.06946656107902527,0.05784591659903526,0.4229191839694977
14,40,8.000000000000002,encoder_all_counterfactual,8400,0.4231848418712616,2604,2355,0.13554517924785614,0.023924056440591812,0.14981719851493835,0.4231848418712616,0,0.4231848418712616,0,0.3290174603462219,0,0.19501149654388428,0.3664427399635315,5.879827976226807
14,41,6.999999999999999,encoder_all_counterfactual,8400,0.4839012026786804,2837,2755,0.43794745206832886,0.14283423125743866,0.15704987943172455,0.4839012026786804,0,0.4839012026786804,0,0.4839012026786804,0,0.48518893122673035,0.39142680168151855,2.635258197784424
14,42,5.999999999999999,encoder_all_counterfactual,8400,0.6253161430358887,3565,3236,0.12144357711076736,0.031569547951221466,0.14828939735889435,0.6253161430358887,2,0.6253161430358887,2,0.5077718496322632,1,0.0020596885588020086,0.5142964124679565,2.0392603874206543
14,40,8.000000000000002,topk,300,0.3290174603462219,86,21,0.13554517924785614,0.1391507238149643,0.14981719851493835,0.3290174603462219,0,0.3290174603462219,0,0.3290174603462219,0,0.127081036567688,0.3425940275192261,7.147612571716309
14,41,6.999999999999999,topk,300,0.4839012026786804,63,2,0.43794745206832886,0.14283423125743866,0.15704987943172455,0.4839012026786804,0,0.4839012026786804,0,0.4839012026786804,0,0.48518893122673035,0.39142680168151855,2.635258197784424
14,42,5.999999999999999,topk,300,0.5077718496322632,169,29,0.12144357711076736,0.11734112352132797,0.14828939735889435,0.5077718496322632,1,0.5077718496322632,1,0.5077718496322632,1,-0.07534395903348923,0.6339809894561768,2.125938653945923
14,40,8.000000000000002,pre_bbox,300,0.7738991975784302,86,86,0.7738991975784302,0.4320847690105438,0.4320847690105438,0.7738991975784302,26,0.7738991975784302,26,0.7738991975784302,26,0.0208659078925848,0.22550928592681885,1.0993462800979614
14,41,6.999999999999999,pre_bbox,300,0.5986902117729187,63,63,0.5986902117729187,0.5967268347740173,0.5967268347740173,0.5986902117729187,12,0.5986902117729187,12,0.5986902117729187,12,0.3016446828842163,0.28323131799697876,1.938769817352295
14,42,5.999999999999999,pre_bbox,300,0.6193296909332275,89,169,0.5679444074630737,0.12749961018562317,0.5475947260856628,0.6193296909332275,28,0.6193296909332275,28,0.6193296909332275,28,-0.19099116325378418,0.37856805324554443,2.545153856277466
14,40,8.000000000000002,decoder_1,300,0.8118758201599121,144,86,0.7728919386863708,0.11282634735107422,0.4362037777900696,0.8118758201599121,27,0.8118758201599121,27,0.8118758201599121,27,-0.07621614634990692,0.03819338604807854,1.3928085565567017
14,41,6.999999999999999,decoder_1,300,0.6016767024993896,63,63,0.6016767024993896,0.6051223278045654,0.6051223278045654,0.6016767024993896,19,0.6016767024993896,19,0.6016767024993896,17,0.29505398869514465,0.2833559215068817,1.9401754140853882
14,42,5.999999999999999,decoder_1,300,0.6207040548324585,265,169,0.5676692724227905,0.16512934863567352,0.5571893453598022,0.6207040548324585,26,0.6207040548324585,26,0.6207040548324585,26,-0.07079867273569107,0.5348794460296631,0.5859305262565613
14,40,8.000000000000002,decoder_2,300,0.8317734599113464,177,86,0.7708904147148132,0.030324168503284454,0.7176932692527771,0.8317734599113464,42,0.8317734599113464,42,0.7708904147148132,6,-0.028666581958532333,0.1431719958782196,1.016304850578308
14,41,6.999999999999999,decoder_2,300,0.8210240602493286,81,63,0.597406804561615,0.04846128448843956,0.7075022459030151,0.8210240602493286,38,0.8210240602493286,38,0.7516049146652222,3,0.049386411905288696,0.12367255985736847,0.8417938947677612
14,42,5.999999999999999,decoder_2,300,0.770733654499054,122,169,0.5890693664550781,0.019732072949409485,0.7675264477729797,0.770733654499054,43,0.770733654499054,43,0.5894530415534973,3,-0.08762740343809128,0.20141863822937012,0.6198533177375793
14,40,8.000000000000002,decoder_3,300,0.9727471470832825,179,86,0.7629391551017761,0.032185520976781845,0.7699911594390869,0.9727471470832825,43,0.9727471470832825,43,0.7629391551017761,4,0.011707539670169353,0.004248485434800386,0.19331425428390503
14,41,6.999999999999999,decoder_3,300,0.7603620290756226,81,63,0.5916162729263306,0.035860031843185425,0.7396742105484009,0.7603620290756226,46,0.7603620290756226,46,0.6958162784576416,4,0.1161174550652504,0.17833217978477478,1.0748356580734253
14,42,5.999999999999999,decoder_3,300,0.6563272476196289,126,169,0.5938242077827454,0.024704914540052414,0.7447677850723267,0.6563272476196289,43,0.6563272476196289,43,0.5938242077827454,2,-0.19267214834690094,0.2849734425544739,1.47333824634552
14,40,8.000000000000002,final_nms07,146,0.7629391551017761,0,0,0.7629391551017761,0.7699911594390869,0.7699911594390869,0.7629391551017761,2,0.7629391551017761,2,0.7629391551017761,1,0.03607095032930374,0.26508769392967224,0.7114170789718628
14,41,6.999999999999999,final_nms07,146,0.671073853969574,59,2,0.5916162729263306,0.02348184399306774,0.7396742105484009,0.671073853969574,3,0.671073853969574,3,0.5916162729263306,1,0.0625743642449379,0.2469101846218109,1.257423996925354
14,42,5.999999999999999,final_nms07,146,0.6049340963363647,27,1,0.5938242077827454,0.03142917901277542,0.7447677850723267,0.6049340963363647,2,0.6049340963363647,2,0.5938242077827454,1,-0.07361220568418503,0.32526734471321106,2.2639191150665283
15,43,7.0,encoder_all_counterfactual,8400,0.5236562490463257,2596,2594,0.158976212143898,0.12110397964715958,0.1501053273677826,0.5236562490463257,2,0.5236562490463257,2,0.5236562490463257,1,0.48343372344970703,0.09510385245084763,2.3852617740631104
15,44,9.0,encoder_all_counterfactual,8400,0.9273203015327454,2998,2994,0.3327059745788574,0.0966108962893486,0.14494580030441284,0.9273203015327454,4,0.9273203015327454,4,0.9273203015327454,2,0.03067001886665821,-0.04552977532148361,0.35270825028419495
15,45,8.000000000000002,encoder_all_counterfactual,8400,0.6701717376708984,3477,3395,0.4486543834209442,0.13719424605369568,0.1754695326089859,0.6701717376708984,1,0.6701717376708984,1,0.6701717376708984,1,0.12017972767353058,0.15342755615711212,2.285590171813965
15,43,7.0,topk,300,0.5236562490463257,131,23,0.158976212143898,0.12110397964715958,0.1501053273677826,0.5236562490463257,1,0.5236562490463257,1,0.5236562490463257,1,0.48343372344970703,0.09510385245084763,2.3852617740631104
15,44,9.0,topk,300,0.9273203015327454,217,44,0.3327059745788574,0.0966108962893486,0.14494580030441284,0.9273203015327454,1,0.9273203015327454,1,0.9273203015327454,1,0.03067001886665821,-0.04552977532148361,0.35270825028419495
15,45,8.000000000000002,topk,300,0.6701717376708984,76,1,0.4486543834209442,0.13719424605369568,0.1754695326089859,0.6701717376708984,1,0.6701717376708984,1,0.6701717376708984,1,0.12017972767353058,0.15342755615711212,2.285590171813965
15,43,7.0,pre_bbox,300,0.8025326728820801,145,54,0.7486623525619507,0.20478332042694092,0.6234374642372131,0.8025326728820801,29,0.8025326728820801,29,0.8025326728820801,29,0.23966069519519806,-0.006348357070237398,0.03809956833720207
15,44,9.0,pre_bbox,300,0.9468232989311218,134,128,0.7611806392669678,0.07389102131128311,0.6360140442848206,0.9468232989311218,31,0.9468232989311218,31,0.9468232989311218,30,0.01841464638710022,0.02688857726752758,0.250937283039093
15,45,8.000000000000002,pre_bbox,300,0.9500983357429504,141,76,0.8240535259246826,0.17332103848457336,0.515616238117218,0.9500983357429504,19,0.9500983357429504,19,0.9500983357429504,18,0.01814665086567402,-0.019929490983486176,0.24513009190559387
15,43,7.0,decoder_1,300,0.8055631518363953,131,54,0.7515230774879456,0.6194350719451904,0.6296615600585938,0.8055631518363953,29,0.8055631518363953,29,0.8055631518363953,29,0.20002280175685883,-0.039701662957668304,0.4799467921257019
15,44,9.0,decoder_1,300,0.8919209837913513,134,128,0.7659614682197571,0.07461470365524292,0.6403963565826416,0.8919209837913513,32,0.8919209837913513,32,0.8919209837913513,30,-0.013674609363079071,-0.004920072853565216,0.6726370453834534
15,45,8.000000000000002,decoder_1,300,0.9511895775794983,141,76,0.8176345825195312,0.17874900996685028,0.5229382514953613,0.9511895775794983,13,0.9511895775794983,13,0.9511895775794983,13,0.01878473162651062,-0.014903347007930279,0.269295871257782
15,43,7.0,decoder_2,300,0.8073415756225586,99,131,0.7781333923339844,0.026431426405906677,0.7672019600868225,0.8073415756225586,45,0.8073415756225586,45,0.7781333923339844,2,0.023621946573257446,-0.12151377648115158,1.3185787200927734
15,44,9.0,decoder_2,300,0.9124965667724609,52,217,0.8105072379112244,0.02401142381131649,0.6927264332771301,0.9124965667724609,47,0.9124965667724609,47,0.8105072379112244,2,0.025109630078077316,-0.06024351716041565,0.2914382517337799
15,45,8.000000000000002,decoder_2,300,0.9326575994491577,18,76,0.7476706504821777,0.026346953585743904,0.7355387806892395,0.9326575994491577,28,0.9326575994491577,28,0.7885713577270508,6,-0.001695185899734497,-0.004786188714206219,0.3764002323150635
15,43,7.0,decoder_3,300,0.8476600646972656,157,131,0.7789397239685059,0.03513115271925926,0.7848158478736877,0.8476600646972656,57,0.8476600646972656,57,0.7902268767356873,3,0.015850046649575233,-0.1391363888978958,0.40650883316993713
15,44,9.0,decoder_3,300,0.8982394933700562,38,217,0.8078083395957947,0.01885038986802101,0.7596792578697205,0.8982394933700562,54,0.8982394933700562,54,0.8083769083023071,2,-0.0037949669640511274,0.10000831633806229,0.7901636958122253
15,45,8.000000000000002,decoder_3,300,0.9428759217262268,79,76,0.7626479864120483,0.023190096020698547,0.7135284543037415,0.9428759217262268,29,0.9428759217262268,29,0.7867780923843384,4,-0.006963998079299927,0.025033216923475266,0.31039872765541077
15,43,7.0,final_nms07,156,0.7789397239685059,0,0,0.7789397239685059,0.7848158478736877,0.7848158478736877,0.7789397239685059,6,0.7789397239685059,6,0.7789397239685059,1,0.21635788679122925,0.02498757652938366,0.5047182440757751
15,44,9.0,final_nms07,156,0.8078083395957947,1,1,0.8078083395957947,0.7596792578697205,0.7596792578697205,0.8078083395957947,7,0.8078083395957947,7,0.8078083395957947,1,-0.02906055562198162,-0.018291963264346123,1.506520390510559
15,45,8.000000000000002,final_nms07,156,0.7626479864120483,2,2,0.7626479864120483,0.7135284543037415,0.7135284543037415,0.7626479864120483,4,0.7626479864120483,4,0.7626479864120483,1,0.010033100843429565,0.08378087729215622,1.4584509134292603
16,46,6.999999999999999,encoder_all_counterfactual,8400,0.7342374324798584,1901,2276,0.27462199330329895,0.018973175436258316,0.07932941615581512,0.7342374324798584,3,0.7342374324798584,3,0.4212619662284851,0,0.2994557321071625,0.04809433966875076,1.0527987480163574
16,46,6.999999999999999,topk,300,0.025467032566666603,167,-1,0,0.11260832101106644,,0.025467032566666603,0,0.025467032566666603,0,0.025467032566666603,0,1.8045586347579956,0.4385608434677124,21.673078536987305
16,46,6.999999999999999,pre_bbox,300,0.5702829957008362,167,167,0.5702829957008362,0.17235249280929565,0.17235249280929565,0.5702829957008362,1,0.5702829957008362,1,0.5702829957008362,1,0.5702070593833923,0.1167391762137413,1.4984725713729858
16,46,6.999999999999999,decoder_1,300,0.5848196744918823,167,167,0.5848196744918823,0.1750495582818985,0.1750495582818985,0.5848196744918823,1,0.5848196744918823,1,0.5848196744918823,1,0.5736152529716492,0.08661960810422897,1.2081235647201538
16,46,6.999999999999999,decoder_2,300,0.7016913294792175,167,167,0.7016913294792175,0.7372178435325623,0.7372178435325623,0.7016913294792175,7,0.7016913294792175,7,0.7016913294792175,7,0.34288424253463745,0.061241649091243744,0.09401078522205353
16,46,6.999999999999999,decoder_3,300,0.7083472609519958,176,167,0.704766035079956,0.12444094568490982,0.7203906774520874,0.7083472609519958,13,0.7083472609519958,13,0.7083472609519958,11,0.3089264929294586,0.023582573980093002,0.7781891822814941
16,46,6.999999999999999,final_nms07,221,0.704766035079956,0,0,0.704766035079956,0.7203906774520874,0.7203906774520874,0.704766035079956,2,0.704766035079956,2,0.704766035079956,2,0.35312896966934204,0.048610933125019073,0.08405096083879471
17,47,8.999999999999998,encoder_all_counterfactual,8400,0.5485906004905701,4617,4508,0.1423235833644867,0.02136414684355259,0.13436618447303772,0.5485906004905701,4,0.5485906004905701,4,0.528947651386261,1,-0.01862027682363987,0.2970915734767914,3.2768185138702393
17,47,8.999999999999998,topk,300,0.2871086895465851,217,54,0.1423235833644867,0.09608229249715805,0.13436618447303772,0.2871086895465851,0,0.2871086895465851,0,0.2871086895465851,0,0.25200220942497253,0.4477008283138275,9.430037498474121
17,47,8.999999999999998,pre_bbox,300,0.8056203722953796,217,217,0.8056203722953796,0.45214372873306274,0.45214372873306274,0.8056203722953796,12,0.8056203722953796,12,0.8056203722953796,12,-0.06379783153533936,0.13629639148712158,1.3065953254699707
17,47,8.999999999999998,decoder_1,300,0.8065120577812195,210,217,0.8015665411949158,0.20107634365558624,0.4605594575405121,0.8065120577812195,11,0.8065120577812195,11,0.8065120577812195,11,0.029943449422717094,0.15707851946353912,1.7368385791778564
17,47,8.999999999999998,decoder_2,300,0.8482521176338196,198,217,0.7277143597602844,0.02685587666928768,0.7394403219223022,0.8482521176338196,18,0.8482521176338196,18,0.7277143597602844,8,-0.05851738527417183,0.11674027889966965,0.3242146670818329
17,47,8.999999999999998,decoder_3,300,0.8721329569816589,198,217,0.7356252670288086,0.02608674392104149,0.7018163204193115,0.8721329569816589,21,0.8721329569816589,21,0.7356252670288086,5,-0.05727916955947876,0.0773540809750557,0.8734083771705627
17,47,8.999999999999998,final_nms07,200,0.7356252670288086,0,0,0.7356252670288086,0.7018163204193115,0.7018163204193115,0.7356252670288086,3,0.7356252670288086,3,0.7356252670288086,2,0.0061842529103159904,0.1519312560558319,2.098803997039795
18,48,8.0,encoder_all_counterfactual,8400,0.7579004168510437,3257,3149,0.10822354257106781,0.022113680839538574,0.1149904653429985,0.7579004168510437,7,0.7579004168510437,7,0.2671082317829132,0,-0.11582570523023605,-0.14281634986400604,1.0257971286773682
18,48,8.0,topk,300,0.1347000151872635,255,185,0.10822354257106781,0.10563451051712036,0.1149904653429985,0.1347000151872635,0,0.1347000151872635,0,0.1347000151872635,0,1.1572972536087036,0.13396888971328735,17.32953453063965
18,48,8.0,pre_bbox,300,0.7290480732917786,185,257,0.5396950244903564,0.34066537022590637,0.45941871404647827,0.7290480732917786,9,0.7290480732917786,9,0.7290480732917786,9,0.22896334528923035,-0.12487218528985977,1.4582244157791138
18,48,8.0,decoder_1,300,0.7284385561943054,185,257,0.5460652112960815,0.3451583981513977,0.4685020446777344,0.7284385561943054,9,0.7284385561943054,9,0.7284385561943054,8,0.21570247411727905,-0.13576984405517578,1.5298672914505005
18,48,8.0,decoder_2,300,0.6819363236427307,110,255,0.6234834790229797,0.05064355954527855,0.7568036913871765,0.6819363236427307,12,0.6819363236427307,12,0.6819363236427307,6,0.2868613004684448,-0.10908921808004379,2.1583974361419678
18,48,8.0,decoder_3,300,0.7012446522712708,110,255,0.6299837827682495,0.028329534456133842,0.7509625554084778,0.7012446522712708,14,0.7012446522712708,14,0.6545681357383728,4,0.2201066017150879,-0.13125890493392944,2.430062770843506
18,48,8.0,final_nms07,214,0.6661273241043091,8,0,0.6299837827682495,0.03256334736943245,0.7509625554084778,0.6661273241043091,3,0.6661273241043091,3,0.6299837827682495,1,0.00997528713196516,-0.25476405024528503,0.9991097450256348
19,49,8.0,encoder_all_counterfactual,8400,0.5453227162361145,3979,3871,0.16816654801368713,0.027153784409165382,0.10498696565628052,0.5453227162361145,2,0.5453227162361145,2,0.4199769198894501,0,0.1388370841741562,-0.25297242403030396,5.158921241760254
19,49,8.0,topk,300,0.4199769198894501,244,222,0.16816654801368713,0.10198111832141876,0.10498696565628052,0.4199769198894501,0,0.4199769198894501,0,0.4199769198894501,0,0.9908652901649475,0.18643468618392944,2.9314963817596436
19,49,8.0,pre_bbox,300,0.6495228409767151,166,244,0.6044577360153198,0.09236811846494675,0.6223227977752686,0.6495228409767151,12,0.6495228409767151,12,0.6495228409767151,12,0.3728245496749878,0.12147673964500427,0.6148609519004822
19,49,8.0,decoder_1,300,0.6752323508262634,242,244,0.5997686386108398,0.1856369823217392,0.6325071454048157,0.6752323508262634,12,0.6752323508262634,12,0.6752323508262634,12,0.35594671964645386,-0.0644938200712204,1.8627842664718628
19,49,8.0,decoder_2,300,0.6910873651504517,242,244,0.6056901216506958,0.0198816005140543,0.8033626675605774,0.6910873651504517,16,0.6910873651504517,16,0.6056901216506958,3,0.2981957495212555,-0.12952786684036255,1.762201189994812
19,49,8.0,decoder_3,300,0.6994845867156982,242,244,0.6207330226898193,0.01924380101263523,0.7585005760192871,0.6994845867156982,18,0.6994845867156982,18,0.6207330226898193,2,0.27117714285850525,-0.13677385449409485,2.003225088119507
19,49,8.0,final_nms07,229,0.6207330226898193,0,0,0.6207330226898193,0.7585005760192871,0.7585005760192871,0.6207330226898193,4,0.6207330226898193,4,0.6207330226898193,1,0.13702446222305298,-0.18424704670906067,2.7715017795562744
20,50,6.999999999999999,encoder_all_counterfactual,8400,0.5446076393127441,3740,3631,0.29775747656822205,0.01356232725083828,0.08172962814569473,0.5446076393127441,1,0.5446076393127441,1,0.40189602971076965,0,0.10889160633087158,0.22527864575386047,3.7817177772521973
20,50,6.999999999999999,topk,300,0.07030638307332993,187,-1,0,0.11139640212059021,,0.07030638307332993,0,0.07030638307332993,0,0.07030638307332993,0,0.38970687985420227,1.234506607055664,18.691572189331055
20,50,6.999999999999999,pre_bbox,300,0.6454732418060303,292,193,0.5417369604110718,0.10156085342168808,0.22784194350242615,0.6454732418060303,5,0.6454732418060303,5,0.6454732418060303,5,-0.14179469645023346,0.3840276300907135,1.9422329664230347
20,50,6.999999999999999,decoder_1,300,0.6674737930297852,292,193,0.5536767840385437,0.10311581194400787,0.23518536984920502,0.6674737930297852,7,0.6674737930297852,7,0.6674737930297852,7,-0.1970810443162918,0.25272634625434875,1.7102280855178833
20,50,6.999999999999999,decoder_2,300,0.7212786078453064,292,193,0.575774610042572,0.09756189584732056,0.696734607219696,0.7212786078453064,11,0.7212786078453064,11,0.7212786078453064,11,-0.085309237241745,0.29316040873527527,1.4077253341674805
20,50,6.999999999999999,decoder_3,300,0.7222670316696167,292,193,0.5810835957527161,0.03287137299776077,0.7518126964569092,0.7222670316696167,13,0.7222670316696167,13,0.6940381526947021,10,-0.08544779568910599,0.2911023795604706,1.466190218925476
20,50,6.999999999999999,final_nms07,228,0.6940381526947021,1,0,0.5810835957527161,0.07528507709503174,0.7518126964569092,0.6940381526947021,4,0.6940381526947021,4,0.6940381526947021,3,-0.006890034768730402,0.43390923738479614,0.6282867789268494
21,51,9.999999999999998,encoder_all_counterfactual,8400,0.5391374230384827,3799,3494,0.32711565494537354,0.05034751445055008,0.05101368576288223,0.5391374230384827,2,0.5391374230384827,2,0.5391374230384827,1,0.22808411717414856,0.13204413652420044,4.613631725311279
21,51,9.999999999999998,topk,300,0.08560796827077866,126,-1,0,0.12704597413539886,,0.08560796827077866,0,0.08560796827077866,0,0.08560796827077866,0,0.8183791041374207,0.2778029441833496,22.1102237701416
21,51,9.999999999999998,pre_bbox,300,0.7748725414276123,294,126,0.4817584753036499,0.08273855596780777,0.19308948516845703,0.7748725414276123,5,0.7748725414276123,5,0.7748725414276123,5,-0.0370747372508049,0.1318085491657257,2.299926280975342
21,51,9.999999999999998,decoder_1,300,0.6784469485282898,294,126,0.4490082263946533,0.08479856699705124,0.19918829202651978,0.6784469485282898,4,0.6784469485282898,4,0.6784469485282898,4,-0.027166835963726044,0.0550604909658432,3.5815157890319824
21,51,9.999999999999998,decoder_2,300,0.7839701175689697,121,126,0.6789588332176208,0.06945191323757172,0.7014026641845703,0.7839701175689697,13,0.7839701175689697,13,0.7839701175689697,12,-0.05938129499554634,-0.11358509957790375,1.6073294878005981
21,51,9.999999999999998,decoder_3,300,0.7823069095611572,163,126,0.6628949642181396,0.09050288051366806,0.7748401165008545,0.7823069095611572,14,0.7823069095611572,14,0.7823069095611572,9,-0.06931977719068527,0.04734090343117714,1.8960646390914917
21,51,9.999999999999998,final_nms07,225,0.6628949642181396,0,0,0.6628949642181396,0.7748401165008545,0.7748401165008545,0.6628949642181396,3,0.6628949642181396,3,0.6628949642181396,1,-0.08566156774759293,-0.08293629437685013,3.0661461353302
22,52,9.999999999999998,encoder_all_counterfactual,8400,0.7509573101997375,2536,2110,0.6963062286376953,0.027890682220458984,0.10322295129299164,0.7509573101997375,8,0.7509573101997375,8,0.6963062286376953,1,-0.09595158696174622,-0.1036776676774025,1.954484462738037
22,52,9.999999999999998,topk,300,0.6963062286376953,225,225,0.6963062286376953,0.10322295129299164,0.10322295129299164,0.6963062286376953,1,0.6963062286376953,1,0.6963062286376953,1,0.39743924140930176,0.027699686586856842,2.7595484256744385
22,52,9.999999999999998,pre_bbox,300,0.7771775126457214,225,225,0.7771775126457214,0.6805307269096375,0.6805307269096375,0.7771775126457214,12,0.7771775126457214,12,0.7771775126457214,12,-0.08717814832925797,-0.1485992968082428,1.1692930459976196
22,52,9.999999999999998,decoder_1,300,0.7776061296463013,225,225,0.7776061296463013,0.6881880760192871,0.6881880760192871,0.7776061296463013,14,0.7776061296463013,14,0.7776061296463013,14,-0.09140197187662125,-0.14416860044002533,1.124953269958496
22,52,9.999999999999998,decoder_2,300,0.8084695339202881,239,225,0.7426323890686035,0.0239583607763052,0.7394002079963684,0.8084695339202881,17,0.8084695339202881,17,0.7622337341308594,4,-0.16671930253505707,0.018127772957086563,1.734330654144287
22,52,9.999999999999998,decoder_3,300,0.8211303353309631,254,225,0.7366909384727478,0.07058090716600418,0.7591444253921509,0.8211303353309631,20,0.8211303353309631,20,0.8211303353309631,4,0.12007711827754974,0.04589236527681351,0.8463701009750366
22,52,9.999999999999998,final_nms07,212,0.8211303353309631,2,0,0.7366909384727478,0.07058090716600418,0.7591444253921509,0.8211303353309631,5,0.8211303353309631,5,0.8211303353309631,3,0.12007711827754974,0.04589236527681351,0.8463701009750366
23,53,9.999999999999998,encoder_all_counterfactual,8400,0.6647255420684814,3738,3392,0.47771552205085754,0.02734360843896866,0.10390502959489822,0.6647255420684814,5,0.6647255420684814,5,0.5441405773162842,1,0.02750481478869915,-0.20002281665802002,2.800185441970825
23,53,9.999999999999998,topk,300,0.47771552205085754,215,215,0.47771552205085754,0.10390502959489822,0.10390502959489822,0.47771552205085754,0,0.47771552205085754,0,0.47771552205085754,0,0.39814767241477966,0.2898772656917572,5.65344762802124
23,53,9.999999999999998,pre_bbox,300,0.8241667151451111,215,215,0.8241667151451111,0.6213011741638184,0.6213011741638184,0.8241667151451111,7,0.8241667151451111,7,0.8241667151451111,7,0.017205292358994484,0.03871637582778931,1.5377442836761475
23,53,9.999999999999998,decoder_1,300,0.8214879035949707,215,215,0.8214879035949707,0.6298843622207642,0.6298843622207642,0.8214879035949707,7,0.8214879035949707,7,0.8214879035949707,7,0.013756910338997841,0.04176245629787445,1.5777254104614258
23,53,9.999999999999998,decoder_2,300,0.8720438480377197,215,215,0.8720438480377197,0.7559189796447754,0.7559189796447754,0.8720438480377197,12,0.8720438480377197,12,0.8720438480377197,2,0.047634053975343704,0.04445570334792137,0.932331383228302
23,53,9.999999999999998,decoder_3,300,0.8900389671325684,167,215,0.8783470392227173,0.032646022737026215,0.7760159373283386,0.8900389671325684,13,0.8900389671325684,13,0.8783470392227173,3,0.0631108507514,0.036979518830776215,0.7413061261177063
23,53,9.999999999999998,final_nms07,226,0.8783470392227173,0,0,0.8783470392227173,0.7760159373283386,0.7760159373283386,0.8783470392227173,3,0.8783470392227173,3,0.8783470392227173,2,0.047153063118457794,0.03733769431710243,0.9260711669921875
24,54,10.000000000000002,encoder_all_counterfactual,8400,0.8062447309494019,2780,2750,0.17734593152999878,0.014503086917102337,0.11523555219173431,0.8062447309494019,10,0.8062447309494019,10,0.4389948546886444,0,0.049062374979257584,-0.12192123383283615,0.9618242979049683
24,54,10.000000000000002,topk,300,0.18063098192214966,270,158,0.17734593152999878,0.09015410393476486,0.11523555219173431,0.18063098192214966,0,0.18063098192214966,0,0.18063098192214966,0,0.7623888850212097,-0.07571802288293839,16.889978408813477
24,54,10.000000000000002,pre_bbox,300,0.7377443313598633,155,158,0.5749743580818176,0.09015682339668274,0.24127337336540222,0.7377443313598633,12,0.7377443313598633,12,0.7377443313598633,12,0.24316108226776123,0.0903550386428833,0.9651766419410706
24,54,10.000000000000002,decoder_1,300,0.8194034099578857,155,270,0.6387118697166443,0.09135559946298599,0.24659721553325653,0.8194034099578857,11,0.8194034099578857,11,0.8194034099578857,11,0.15924157202243805,0.005696279462426901,0.8161219954490662
24,54,10.000000000000002,decoder_2,300,0.8187283873558044,155,270,0.7407440543174744,0.05646635964512825,0.6752942800521851,0.8187283873558044,12,0.8187283873558044,12,0.8187283873558044,11,0.022555269300937653,-0.10179977118968964,1.8127756118774414
24,54,10.000000000000002,decoder_3,300,0.7846241593360901,229,270,0.7479516267776489,0.05893680080771446,0.7572163939476013,0.7846241593360901,12,0.7846241593360901,12,0.7846241593360901,6,-0.00040953437564894557,-0.0921131819486618,2.4373717308044434
24,54,10.000000000000002,final_nms07,233,0.7479516267776489,0,0,0.7479516267776489,0.7572163939476013,0.7572163939476013,0.7479516267776489,1,0.7479516267776489,1,0.7479516267776489,1,-0.04495159164071083,-0.11504653096199036,2.4848899841308594
25,55,9.999999999999998,encoder_all_counterfactual,8400,0.7412553429603577,2056,2270,0.2692965269088745,0.028624488040804863,0.10192816704511642,0.7412553429603577,7,0.7412553429603577,7,0.30143648386001587,0,-0.107562355697155,0.01870768330991268,1.9978933334350586
25,55,9.999999999999998,topk,300,0.2692965269088745,233,233,0.2692965269088745,0.10192816704511642,0.10192816704511642,0.2692965269088745,0,0.2692965269088745,0,0.2692965269088745,0,0.9706473350524902,0.43076270818710327,9.95001220703125
25,55,9.999999999999998,pre_bbox,300,0.7047522664070129,233,233,0.7047522664070129,0.5087422728538513,0.5087422728538513,0.7047522664070129,12,0.7047522664070129,12,0.7047522664070129,12,-0.009930169209837914,-0.04237521439790726,2.566175937652588
25,55,9.999999999999998,decoder_1,300,0.7340534329414368,220,233,0.7097712755203247,0.13883529603481293,0.5183138847351074,0.7340534329414368,13,0.7340534329414368,13,0.7340534329414368,13,0.19985851645469666,-0.08659622818231583,1.5554558038711548
25,55,9.999999999999998,decoder_2,300,0.8952498435974121,220,233,0.7553390860557556,0.07777900993824005,0.780434787273407,0.8952498435974121,14,0.8952498435974121,14,0.8952498435974121,10,0.0014213949907571077,-0.10147538036108017,0.46874701976776123
25,55,9.999999999999998,decoder_3,300,0.8592233657836914,220,233,0.7639555931091309,0.035806987434625626,0.7600597739219666,0.8592233657836914,16,0.8592233657836914,16,0.8377498984336853,5,-0.02207586169242859,-0.09558328241109848,0.7375402450561523
25,55,9.999999999999998,final_nms07,211,0.7639555931091309,0,0,0.7639555931091309,0.7600597739219666,0.7600597739219666,0.7639555931091309,1,0.7639555931091309,1,0.7639555931091309,1,-0.07779351621866226,-0.03518012911081314,1.8342204093933105
26,56,10.000000000000002,encoder_all_counterfactual,8400,0.6749427318572998,2537,2512,0.2896600067615509,0.029336141422390938,0.07390129566192627,0.6749427318572998,9,0.6749427318572998,9,0.3272518515586853,0,-0.1097729280591011,-0.1791960448026657,2.9715168476104736
26,56,10.000000000000002,topk,300,0.0,0,-1,0,0.17066070437431335,,0.0,0,0.0,0,0.0,0,0.09651967138051987,-0.1029796227812767,147.62652587890625
26,56,10.000000000000002,pre_bbox,300,0.7382709383964539,244,243,0.6436828374862671,0.10212425142526627,0.2198176234960556,0.7382709383964539,5,0.7382709383964539,5,0.7382709383964539,5,0.21082133054733276,-0.08792764693498611,1.5618425607681274
26,56,10.000000000000002,decoder_1,300,0.681032657623291,244,243,0.6562302112579346,0.10289957374334335,0.22660793364048004,0.681032657623291,6,0.681032657623291,6,0.681032657623291,5,0.1520267128944397,-0.240314319729805,0.3918927013874054
26,56,10.000000000000002,decoder_2,300,0.7965084314346313,244,243,0.7160345911979675,0.05379357561469078,0.6868537664413452,0.7965084314346313,8,0.7965084314346313,8,0.7965084314346313,7,0.0867248922586441,-0.14438757300376892,1.118657112121582
26,56,10.000000000000002,decoder_3,300,0.7653921246528625,273,243,0.7255839705467224,0.08806301653385162,0.7614372372627258,0.7653921246528625,11,0.7653921246528625,11,0.7653921246528625,8,-0.035175420343875885,-0.2067006677389145,0.6554083228111267
26,56,10.000000000000002,final_nms07,227,0.7255839705467224,0,0,0.7255839705467224,0.7614372372627258,0.7614372372627258,0.7255839705467224,3,0.7255839705467224,3,0.7255839705467224,2,0.017763182520866394,-0.19790127873420715,1.1291481256484985
27,57,13.999999999999998,encoder_all_counterfactual,8400,0.6646627187728882,2517,2749,0.10084635019302368,0.034694068133831024,0.14444853365421295,0.6646627187728882,9,0.6646627187728882,9,0.4055464565753937,0,-0.25974443554878235,-0.06781206279993057,4.599129676818848
27,58,12.999999999999998,encoder_all_counterfactual,8400,0.7112808227539062,3154,2991,0.10884968191385269,0.07950521260499954,0.1510186344385147,0.7112808227539062,3,0.7112808227539062,3,0.7112808227539062,3,-0.08981534838676453,-0.21853168308734894,0.8329910039901733
27,59,12.999999999999998,encoder_all_counterfactual,8400,0.7249223589897156,3956,3471,0.11318227648735046,0.05433865636587143,0.1584167331457138,0.7249223589897156,7,0.7249223589897156,7,0.7249223589897156,3,-0.1290522813796997,-0.1165214404463768,2.486098527908325
27,57,13.999999999999998,topk,300,0.4055464565753937,277,25,0.10084635019302368,0.08316405862569809,0.14444853365421295,0.4055464565753937,0,0.4055464565753937,0,0.4055464565753937,0,-0.35681670904159546,-0.3694704473018646,3.8508455753326416
27,58,12.999999999999998,topk,300,0.7112808227539062,298,11,0.10884968191385269,0.07950521260499954,0.1510186344385147,0.7112808227539062,3,0.7112808227539062,3,0.7112808227539062,3,-0.08981534838676453,-0.21853168308734894,0.8329910039901733
27,59,12.999999999999998,topk,300,0.7098041772842407,28,0,0.11318227648735046,0.1434919685125351,0.1584167331457138,0.7098041772842407,2,0.7098041772842407,2,0.7098041772842407,2,-0.15058881044387817,-0.16435828804969788,0.2992222011089325
27,57,13.999999999999998,pre_bbox,300,0.6582369208335876,67,142,0.5152593851089478,0.09156987071037292,0.5032740235328674,0.6582369208335876,27,0.6582369208335876,27,0.6582369208335876,27,-0.27563703060150146,0.018819022923707962,1.9024807214736938
27,58,12.999999999999998,pre_bbox,300,0.8197546601295471,104,34,0.5578988790512085,0.04105224087834358,0.6602845788002014,0.8197546601295471,43,0.8197546601295471,43,0.7748505473136902,42,0.1454237550497055,-0.05561406910419464,2.0492746829986572
27,59,12.999999999999998,pre_bbox,300,0.7132875323295593,12,28,0.6348193883895874,0.0494392067193985,0.5516073107719421,0.7132875323295593,40,0.7132875323295593,40,0.699333131313324,39,-0.16131319105625153,0.09395816177129745,3.0934698581695557
27,57,13.999999999999998,decoder_1,300,0.6957014799118042,67,142,0.5193984508514404,0.09270015358924866,0.5084059238433838,0.6957014799118042,30,0.6957014799118042,30,0.6957014799118042,29,-0.26462575793266296,0.04058607295155525,1.2759023904800415
27,58,12.999999999999998,decoder_1,300,0.7498923540115356,38,34,0.5549860596656799,0.11102559417486191,0.6646450161933899,0.7498923540115356,40,0.7498923540115356,40,0.7498923540115356,39,-0.20558977127075195,-0.05603669956326485,2.215014696121216
27,59,12.999999999999998,decoder_1,300,0.722236156463623,123,28,0.6322934627532959,0.12806761264801025,0.5594132542610168,0.722236156463623,36,0.722236156463623,36,0.722236156463623,36,-0.18278270959854126,-0.11622567474842072,1.5849406719207764
27,57,13.999999999999998,decoder_2,300,0.6208998560905457,147,277,0.6065140962600708,0.019536618143320084,0.7153539657592773,0.6208998560905457,30,0.6208998560905457,30,0.6065140962600708,4,-0.2805078327655792,-0.11713091284036636,1.911855936050415
27,58,12.999999999999998,decoder_2,300,0.7825607061386108,29,34,0.6044378876686096,0.03517270088195801,0.7051116824150085,0.7825607061386108,49,0.7825607061386108,49,0.6896191835403442,3,-0.03194153681397438,-0.13721506297588348,1.5385581254959106
27,59,12.999999999999998,decoder_2,300,0.8241777420043945,234,28,0.6385256052017212,0.024572771042585373,0.70429527759552,0.8241777420043945,68,0.8241777420043945,68,0.6852951645851135,2,-0.16669946908950806,-0.009978396818041801,0.26754897832870483
27,57,13.999999999999998,decoder_3,300,0.7078991532325745,71,277,0.6031851768493652,0.06303372234106064,0.7545644044876099,0.7078991532325745,36,0.7078991532325745,36,0.7078991532325745,2,-0.20217251777648926,0.11313655227422714,2.973475456237793
27,58,12.999999999999998,decoder_3,300,0.7488750219345093,248,34,0.603265643119812,0.033549848943948746,0.7707046866416931,0.7488750219345093,72,0.7488750219345093,72,0.6169466972351074,2,-0.05411671847105026,-0.20827926695346832,0.6169576048851013
27,59,12.999999999999998,decoder_3,300,0.7655344605445862,204,28,0.6251437067985535,0.040878091007471085,0.7530982494354248,0.7655344605445862,75,0.7655344605445862,75,0.6251437067985535,1,-0.16734352707862854,0.10530319809913635,0.7584457397460938
27,57,13.999999999999998,final_nms07,107,0.6313686370849609,17,1,0.6031851768493652,0.03897569701075554,0.7545644044876099,0.6313686370849609,2,0.6313686370849609,2,0.6031851768493652,1,-0.06017652526497841,-0.1819058209657669,4.311163425445557
27,58,12.999999999999998,final_nms07,107,0.6430375576019287,7,0,0.603265643119812,0.04673159867525101,0.7707046866416931,0.6430375576019287,11,0.6430375576019287,11,0.603265643119812,1,0.042848698794841766,-0.16359558701515198,3.6938083171844482
27,59,12.999999999999998,final_nms07,107,0.7655344605445862,13,2,0.6251437067985535,0.040878091007471085,0.7530982494354248,0.7655344605445862,5,0.7655344605445862,5,0.6251437067985535,1,-0.16734352707862854,0.10530319809913635,0.7584457397460938
28,60,12.999999999999998,encoder_all_counterfactual,8400,0.5800379514694214,2756,2828,0.11199787259101868,0.02165135368704796,0.1296524703502655,0.5800379514694214,6,0.5800379514694214,6,0.544771671295166,1,0.0851845070719719,0.31918129324913025,5.660417556762695
28,61,13.0,encoder_all_counterfactual,8400,0.7886114716529846,3304,2987,0.5375605821609497,0.08412589877843857,0.15368112921714783,0.7886114716529846,3,0.7886114716529846,3,0.7886114716529846,2,0.004161228891462088,-0.1394970864057541,1.2669402360916138
28,62,13.999999999999998,encoder_all_counterfactual,8400,0.6604354977607727,3467,3468,0.3865644931793213,0.14841830730438232,0.15335015952587128,0.6604354977607727,6,0.6604354977607727,6,0.6604354977607727,5,-0.14687184989452362,-0.22586800158023834,0.8980287313461304
28,60,12.999999999999998,topk,300,0.544771671295166,141,103,0.11199787259101868,0.12080243229866028,0.1296524703502655,0.544771671295166,1,0.544771671295166,1,0.544771671295166,1,-0.23831263184547424,-0.2847828269004822,1.012446403503418
28,61,13.0,topk,300,0.7886114716529846,279,4,0.5375605821609497,0.08412589877843857,0.15368112921714783,0.7886114716529846,2,0.7886114716529846,2,0.7886114716529846,2,0.004161228891462088,-0.1394970864057541,1.2669402360916138
28,62,13.999999999999998,topk,300,0.6604354977607727,20,5,0.3865644931793213,0.14841830730438232,0.15335015952587128,0.6604354977607727,2,0.6604354977607727,2,0.6604354977607727,2,-0.14687184989452362,-0.22586800158023834,0.8980287313461304
28,60,12.999999999999998,pre_bbox,300,0.771202027797699,113,141,0.7031080722808838,0.07795141637325287,0.5773323774337769,0.771202027797699,27,0.771202027797699,27,0.771202027797699,25,-0.1784200817346573,-0.06131739541888237,0.44084903597831726
28,61,13.0,pre_bbox,300,0.8057497143745422,227,279,0.7440139055252075,0.042717691510915756,0.6341012716293335,0.8057497143745422,36,0.8057497143745422,36,0.7440139055252075,31,-0.08869658410549164,0.04155460745096207,2.0298655033111572
28,62,13.999999999999998,pre_bbox,300,0.6932412981987,52,20,0.64787358045578,0.15444062650203705,0.5857481956481934,0.6932412981987,43,0.6932412981987,43,0.6932412981987,42,-0.1690244823694229,-0.16575178503990173,1.861301302909851
28,60,12.999999999999998,decoder_1,300,0.8054532408714294,113,141,0.7088735103607178,0.07837393879890442,0.584404706954956,0.8054532408714294,27,0.8054532408714294,27,0.8054532408714294,25,-0.1741335690021515,0.011923173442482948,0.7043591737747192
28,61,13.0,decoder_1,300,0.7424570322036743,279,279,0.7424570322036743,0.6405894160270691,0.6405894160270691,0.7424570322036743,28,0.7424570322036743,28,0.7424570322036743,26,-0.1747838407754898,-0.10028964281082153,1.2644661664962769
28,62,13.999999999999998,decoder_1,300,0.6813799738883972,299,20,0.6475843191146851,0.5751169323921204,0.5925309062004089,0.6813799738883972,38,0.6813799738883972,38,0.6813799738883972,36,-0.17318619787693024,-0.17589782178401947,2.4753901958465576
28,60,12.999999999999998,decoder_2,300,0.7639796733856201,103,141,0.7187694311141968,0.029930826276540756,0.7850418090820312,0.7639796733856201,47,0.7639796733856201,47,0.7187694311141968,5,-0.12310659885406494,-0.12876640260219574,1.6326439380645752
28,61,13.0,decoder_2,300,0.8218000531196594,13,279,0.7537329792976379,0.023737149313092232,0.7395015954971313,0.8218000531196594,56,0.8218000531196594,56,0.7537329792976379,6,-0.13968797028064728,-0.04476700350642204,1.142412781715393
28,62,13.999999999999998,decoder_2,300,0.7570502758026123,159,20,0.669901967048645,0.02423042058944702,0.7047684788703918,0.7570502758026123,67,0.7570502758026123,67,0.6832849979400635,4,-0.10190578550100327,-0.12504498660564423,2.2920331954956055
28,60,12.999999999999998,decoder_3,300,0.751101016998291,103,141,0.7149344086647034,0.02073637768626213,0.7880198359489441,0.751101016998291,54,0.751101016998291,54,0.7149344086647034,2,-0.12801317870616913,-0.13863185048103333,1.5971171855926514
28,61,13.0,decoder_3,300,0.8252575993537903,285,279,0.7452264428138733,0.03506055846810341,0.7748318910598755,0.8252575993537903,67,0.8252575993537903,67,0.7452264428138733,1,0.0985548347234726,-0.10167942196130753,1.5714366436004639
28,62,13.999999999999998,decoder_3,300,0.7998998761177063,280,20,0.6679993271827698,0.04487959295511246,0.7517863512039185,0.7998998761177063,79,0.7998998761177063,79,0.707883358001709,3,0.09801474213600159,-0.09987371414899826,1.866627812385559
28,60,12.999999999999998,final_nms07,102,0.7149344086647034,0,0,0.7149344086647034,0.7880198359489441,0.7880198359489441,0.7149344086647034,7,0.7149344086647034,7,0.7149344086647034,1,-0.1503482311964035,-0.1585553139448166,1.473642349243164
28,61,13.0,final_nms07,102,0.8252575993537903,22,1,0.7452264428138733,0.03506055846810341,0.7748318910598755,0.8252575993537903,10,0.8252575993537903,10,0.7452264428138733,1,0.0985548347234726,-0.10167942196130753,1.5714366436004639
28,62,13.999999999999998,final_nms07,102,0.7998998761177063,9,2,0.6679993271827698,0.04487959295511246,0.7517863512039185,0.7998998761177063,4,0.7998998761177063,4,0.6679993271827698,1,0.09801474213600159,-0.09987371414899826,1.866627812385559
29,63,9.0,encoder_all_counterfactual,8400,0.7520092129707336,2668,2747,0.12370634078979492,0.1208546981215477,0.14453527331352234,0.7520092129707336,3,0.7520092129707336,3,0.7520092129707336,2,-0.16319698095321655,0.041057683527469635,2.457937479019165
29,64,8.999999999999998,encoder_all_counterfactual,8400,0.8823261857032776,3149,2907,0.12493196874856949,0.12022718042135239,0.15420739352703094,0.8823261857032776,3,0.8823261857032776,3,0.8823261857032776,3,0.11476200073957443,0.016688339412212372,0.036194443702697754
29,65,9.999999999999998,encoder_all_counterfactual,8400,0.8271377086639404,3631,3549,0.3973185122013092,0.10211192071437836,0.15129518508911133,0.8271377086639404,6,0.8271377086639404,6,0.8271377086639404,4,-0.07101891934871674,-0.06891825050115585,1.3341445922851562
29,63,9.0,topk,300,0.7520092129707336,126,13,0.12370634078979492,0.1208546981215477,0.14453527331352234,0.7520092129707336,2,0.7520092129707336,2,0.7520092129707336,2,-0.16319698095321655,0.041057683527469635,2.457937479019165
29,64,8.999999999999998,topk,300,0.8823261857032776,133,1,0.12493196874856949,0.12022718042135239,0.15420739352703094,0.8823261857032776,3,0.8823261857032776,3,0.8823261857032776,3,0.11476200073957443,0.016688339412212372,0.036194443702697754
29,65,9.999999999999998,topk,300,0.8271377086639404,215,2,0.3973185122013092,0.10211192071437836,0.15129518508911133,0.8271377086639404,2,0.8271377086639404,2,0.8271377086639404,2,-0.07101891934871674,-0.06891825050115585,1.3341445922851562
29,63,9.0,pre_bbox,300,0.8158437013626099,139,126,0.7656229138374329,0.469449907541275,0.5447003245353699,0.8158437013626099,31,0.8158437013626099,31,0.8158437013626099,31,0.018593695014715195,0.17857690155506134,1.6079297065734863
29,64,8.999999999999998,pre_bbox,300,0.8052248954772949,59,133,0.7322238683700562,0.11742925643920898,0.5626047253608704,0.8052248954772949,38,0.8052248954772949,38,0.8052248954772949,35,0.033454764634370804,0.17368470132350922,0.633195698261261
29,65,9.999999999999998,pre_bbox,300,0.9302701354026794,215,215,0.9302701354026794,0.5600512027740479,0.5600512027740479,0.9302701354026794,45,0.9302701354026794,45,0.9302701354026794,44,-0.023198550567030907,0.05120643600821495,0.17191822826862335
29,63,9.0,decoder_1,300,0.8164132833480835,254,126,0.755106508731842,0.22601711750030518,0.5511640310287476,0.8164132833480835,32,0.8164132833480835,32,0.8164132833480835,31,-0.00037554296432062984,0.17902864515781403,1.857892394065857
29,64,8.999999999999998,decoder_1,300,0.8455183506011963,59,133,0.7309513092041016,0.12148585170507431,0.5680209398269653,0.8455183506011963,37,0.8455183506011963,37,0.8455183506011963,32,-0.0005060622934252024,0.15976470708847046,0.5486183762550354
29,65,9.999999999999998,decoder_1,300,0.9240520000457764,215,215,0.9240520000457764,0.5673991441726685,0.5673991441726685,0.9240520000457764,42,0.9240520000457764,42,0.9240520000457764,42,-0.02138039655983448,0.06034408509731293,0.20370304584503174
29,63,9.0,decoder_2,300,0.8280133008956909,203,126,0.7821726202964783,0.06221066787838936,0.76070237159729,0.8280133008956909,41,0.8280133008956909,41,0.8280133008956909,6,0.005343974567949772,0.20129097998142242,1.459721326828003
29,64,8.999999999999998,decoder_2,300,0.7614651918411255,107,133,0.6962743401527405,0.031188340857625008,0.6641541123390198,0.7614651918411255,56,0.7614651918411255,56,0.7294493317604065,5,0.18585066497325897,-0.0626290887594223,1.4142091274261475
29,65,9.999999999999998,decoder_2,300,0.92742919921875,215,215,0.92742919921875,0.7261942625045776,0.7261942625045776,0.92742919921875,59,0.92742919921875,59,0.92742919921875,6,-0.00019739847630262375,0.023903116583824158,0.5482009053230286
29,63,9.0,decoder_3,300,0.8538956642150879,145,126,0.784117579460144,0.02702946588397026,0.7782742977142334,0.8538956642150879,52,0.8538956642150879,52,0.7918735146522522,2,-0.016046859323978424,-0.020046105608344078,1.0852978229522705
29,64,8.999999999999998,decoder_3,300,0.8195737600326538,236,133,0.7058374881744385,0.03018754906952381,0.7677059173583984,0.8195737600326538,78,0.8195737600326538,78,0.7260889410972595,3,0.009186317212879658,0.08143492788076401,1.3723241090774536
29,65,9.999999999999998,decoder_3,300,0.9403882622718811,215,215,0.9403882622718811,0.7567346692085266,0.7567346692085266,0.9403882622718811,59,0.9403882622718811,59,0.9403882622718811,1,-0.007503121625632048,0.022316060960292816,0.4506092965602875
29,63,9.0,final_nms07,106,0.784117579460144,0,0,0.784117579460144,0.7782742977142334,0.7782742977142334,0.784117579460144,4,0.784117579460144,4,0.784117579460144,1,0.03262617066502571,0.23502418398857117,1.5740699768066406
29,64,8.999999999999998,final_nms07,106,0.8120778799057007,14,1,0.7058374881744385,0.03990192338824272,0.7677059173583984,0.8120778799057007,7,0.8120778799057007,7,0.7058374881744385,1,0.058961205184459686,-0.036282360553741455,1.5911450386047363
29,65,9.999999999999998,final_nms07,106,0.9403882622718811,2,2,0.9403882622718811,0.7567346692085266,0.7567346692085266,0.9403882622718811,3,0.9403882622718811,3,0.9403882622718811,1,-0.007503121625632048,0.022316060960292816,0.4506092965602875
30,66,9.0,encoder_all_counterfactual,8400,0.5339547395706177,2679,2668,0.2844482660293579,0.0303335078060627,0.1230921819806099,0.5339547395706177,3,0.5339547395706177,3,0.433336079120636,0,0.14233456552028656,0.44650986790657043,3.4548566341400146
30,67,9.0,encoder_all_counterfactual,8400,0.6555843353271484,3468,3388,0.20197008550167084,0.14587239921092987,0.14737209677696228,0.6555843353271484,3,0.6555843353271484,3,0.6555843353271484,3,0.08771022409200668,0.21927212178707123,3.1724438667297363
30,68,8.0,encoder_all_counterfactual,8400,0.6930012106895447,2987,3069,0.33379238843917847,0.1385170817375183,0.14762011170387268,0.6930012106895447,2,0.6930012106895447,2,0.6930012106895447,2,-0.12284950166940689,0.2969716787338257,2.0164952278137207
30,66,9.0,topk,300,0.433336079120636,151,127,0.2844482660293579,0.11848630756139755,0.1230921819806099,0.433336079120636,0,0.433336079120636,0,0.433336079120636,0,-0.12623119354248047,0.011090490967035294,6.7652812004089355
30,67,9.0,topk,300,0.6555843353271484,6,4,0.20197008550167084,0.14587239921092987,0.14737209677696228,0.6555843353271484,2,0.6555843353271484,2,0.6555843353271484,2,0.08771022409200668,0.21927212178707123,3.1724438667297363
30,68,8.0,topk,300,0.6930012106895447,44,3,0.33379238843917847,0.1385170817375183,0.14762011170387268,0.6930012106895447,2,0.6930012106895447,2,0.6930012106895447,2,-0.12284950166940689,0.2969716787338257,2.0164952278137207
30,66,9.0,pre_bbox,300,0.8601623773574829,230,151,0.6357550024986267,0.1428070366382599,0.5761457085609436,0.8601623773574829,23,0.8601623773574829,23,0.8601623773574829,23,-0.09480408579111099,0.04636799171566963,0.8679759502410889
30,67,9.0,pre_bbox,300,0.8263014554977417,11,6,0.7998406291007996,0.14456231892108917,0.5438380837440491,0.8263014554977417,36,0.8263014554977417,36,0.8263014554977417,36,-0.028723718598484993,0.1061539575457573,0.9646849036216736
30,68,8.0,pre_bbox,300,0.6913385987281799,56,44,0.6504119038581848,0.1390623301267624,0.5973876118659973,0.6913385987281799,28,0.6913385987281799,28,0.6913385987281799,27,-0.0691806748509407,0.3608843684196472,1.391694188117981
30,66,9.0,decoder_1,300,0.8762632012367249,230,151,0.6321028470993042,0.1448494791984558,0.5826244950294495,0.8762632012367249,26,0.8762632012367249,26,0.8762632012367249,25,-0.08242817223072052,0.051375862210989,0.7174184918403625
30,67,9.0,decoder_1,300,0.815994143486023,11,6,0.7925472855567932,0.1443878412246704,0.5476074814796448,0.815994143486023,33,0.815994143486023,33,0.815994143486023,33,-0.023558421060442924,0.12310345470905304,0.9596787095069885
30,68,8.0,decoder_1,300,0.6917105913162231,65,44,0.6534469127655029,0.08291434496641159,0.6010714769363403,0.6917105913162231,25,0.6917105913162231,25,0.6917105913162231,25,-0.06578562408685684,0.3752742409706116,2.1749165058135986
30,66,9.0,decoder_2,300,0.7849757671356201,230,151,0.667191743850708,0.034312326461076736,0.7543085217475891,0.7849757671356201,43,0.7849757671356201,43,0.6996147036552429,14,-0.08647871017456055,0.14777341485023499,1.6802679300308228
30,67,9.0,decoder_2,300,0.853217363357544,11,6,0.7947431802749634,0.019832344725728035,0.696262776851654,0.853217363357544,59,0.853217363357544,59,0.7979894876480103,6,-0.008766490034759045,0.1553415209054947,1.26285719871521
30,68,8.0,decoder_2,300,0.8103126883506775,267,44,0.6195108890533447,0.030885420739650726,0.7116503119468689,0.8103126883506775,55,0.8103126883506775,55,0.7255599498748779,9,-0.12041907012462616,0.09718924760818481,1.3489066362380981
30,66,9.0,decoder_3,300,0.777554988861084,230,151,0.6650257706642151,0.018220024183392525,0.7668452262878418,0.777554988861084,53,0.777554988861084,53,0.6650257706642151,1,-0.08856155723333359,0.1441817581653595,1.7884318828582764
30,67,9.0,decoder_3,300,0.8638433218002319,11,6,0.8003221750259399,0.015826299786567688,0.7675634622573853,0.8638433218002319,63,0.8638433218002319,63,0.8003221750259399,4,0.00040993024595081806,0.14927516877651215,1.2580342292785645
30,68,8.0,decoder_3,300,0.7487894296646118,228,44,0.6186850070953369,0.016592811793088913,0.7853597402572632,0.7487894296646118,64,0.7487894296646118,64,0.6680815815925598,3,-0.05714479088783264,0.14412690699100494,2.0888912677764893
30,66,9.0,final_nms07,122,0.6650257706642151,2,2,0.6650257706642151,0.7668452262878418,0.7668452262878418,0.6650257706642151,6,0.6650257706642151,6,0.6650257706642151,1,-0.0983613058924675,0.2166668325662613,2.5483920574188232
30,67,9.0,final_nms07,122,0.8003221750259399,1,1,0.8003221750259399,0.7675634622573853,0.7675634622573853,0.8003221750259399,3,0.8003221750259399,3,0.8003221750259399,1,0.03930480778217316,0.20224523544311523,1.551025390625
30,68,8.0,final_nms07,122,0.7294900417327881,59,0,0.6186850070953369,0.027095485478639603,0.7853597402572632,0.7294900417327881,9,0.7294900417327881,9,0.6680815815925598,3,-0.021946409717202187,-0.15692539513111115,1.9295222759246826
31,69,9.999999999999998,encoder_all_counterfactual,8400,0.6933009624481201,2669,2747,0.10088669508695602,0.114103302359581,0.13932202756404877,0.6933009624481201,4,0.6933009624481201,4,0.6933009624481201,3,0.05390394851565361,-0.03198879584670067,3.2157928943634033
31,70,8.999999999999998,encoder_all_counterfactual,8400,0.6942497491836548,3068,3067,0.4379613697528839,0.14158587157726288,0.15205883979797363,0.6942497491836548,3,0.6942497491836548,3,0.6942497491836548,3,0.12703658640384674,-0.0934530571103096,2.7685558795928955
31,71,9.999999999999998,encoder_all_counterfactual,8400,0.7698560953140259,3548,3387,0.1557726114988327,0.14265665411949158,0.14416198432445526,0.7698560953140259,2,0.7698560953140259,2,0.7698560953140259,2,0.049198754131793976,0.0748353824019432,2.130894422531128
31,69,9.999999999999998,topk,300,0.6933009624481201,152,35,0.10088669508695602,0.114103302359581,0.13932202756404877,0.6933009624481201,2,0.6933009624481201,2,0.6933009624481201,2,0.05390394851565361,-0.03198879584670067,3.2157928943634033
31,70,8.999999999999998,topk,300,0.6942497491836548,24,0,0.4379613697528839,0.14158587157726288,0.15205883979797363,0.6942497491836548,3,0.6942497491836548,3,0.6942497491836548,3,0.12703658640384674,-0.0934530571103096,2.7685558795928955
31,71,9.999999999999998,topk,300,0.7698560953140259,21,12,0.1557726114988327,0.14265665411949158,0.14416198432445526,0.7698560953140259,1,0.7698560953140259,1,0.7698560953140259,1,0.049198754131793976,0.0748353824019432,2.130894422531128
31,69,9.999999999999998,pre_bbox,300,0.8649542331695557,79,152,0.729631781578064,0.13211020827293396,0.5399760603904724,0.8649542331695557,28,0.8649542331695557,28,0.8649542331695557,28,-0.04419032111763954,0.1098959818482399,0.15931624174118042
31,70,8.999999999999998,pre_bbox,300,0.7965288162231445,98,9,0.6550824046134949,0.10300517827272415,0.5949428081512451,0.7965288162231445,40,0.7965288162231445,40,0.7965288162231445,39,-0.029288602992892265,0.06352114677429199,1.7291208505630493
31,71,9.999999999999998,pre_bbox,300,0.8990298509597778,133,21,0.7599711418151855,0.07402176409959793,0.557954728603363,0.8990298509597778,46,0.8990298509597778,46,0.8990298509597778,46,-0.0637873038649559,-0.03971531242132187,0.2587183713912964
31,69,9.999999999999998,decoder_1,300,0.8582924604415894,143,152,0.7226994037628174,0.03687479346990585,0.5462363958358765,0.8582924604415894,31,0.8582924604415894,31,0.8476942777633667,27,0.09712258726358414,0.061961814761161804,0.33048295974731445
31,70,8.999999999999998,decoder_1,300,0.8168438076972961,98,9,0.6515793204307556,0.10663925111293793,0.6004258394241333,0.8168438076972961,42,0.8168438076972961,42,0.8168438076972961,37,-0.01942676678299904,0.05885963514447212,1.5850844383239746
31,71,9.999999999999998,decoder_1,300,0.8368266224861145,133,21,0.7522913217544556,0.07538288086652756,0.5654793381690979,0.8368266224861145,43,0.8368266224861145,43,0.8368266224861145,43,-0.10062966495752335,-0.03136090189218521,1.2646139860153198
31,69,9.999999999999998,decoder_2,300,0.8765190839767456,192,152,0.8101267218589783,0.043421804904937744,0.7052881121635437,0.8765190839767456,41,0.8765190839767456,41,0.8101267218589783,6,0.023309413343667984,-0.010549081489443779,1.0630977153778076
31,70,8.999999999999998,decoder_2,300,0.8167513608932495,26,53,0.6399133801460266,0.035520605742931366,0.5873043537139893,0.8167513608932495,68,0.8167513608932495,68,0.6573397517204285,5,-0.028571516275405884,-0.009722748771309853,1.63602876663208
31,71,9.999999999999998,decoder_2,300,0.8223191499710083,63,21,0.7490742802619934,0.03869194909930229,0.7244979739189148,0.8223191499710083,58,0.8223191499710083,58,0.7490742802619934,1,-0.012402616441249847,0.08795927464962006,1.8556379079818726
31,69,9.999999999999998,decoder_3,300,0.8777819871902466,192,152,0.8100987672805786,0.0330062136054039,0.7644301652908325,0.8777819871902466,52,0.8777819871902466,52,0.8100987672805786,2,-0.011007151566445827,0.013491271063685417,0.9722370505332947
31,70,8.999999999999998,decoder_3,300,0.7866132259368896,126,9,0.6331472396850586,0.03545817360281944,0.715096116065979,0.7866132259368896,73,0.7866132259368896,73,0.6537375450134277,4,0.18593424558639526,-0.03148496896028519,1.9377057552337646
31,71,9.999999999999998,decoder_3,300,0.8707790374755859,233,21,0.7535668015480042,0.02144339308142662,0.7626699209213257,0.8707790374755859,68,0.8707790374755859,68,0.7535668015480042,4,0.007496121805161238,0.02646378055214882,1.2801287174224854
31,69,9.999999999999998,final_nms07,111,0.8385747671127319,35,0,0.8100987672805786,0.03622940182685852,0.7644301652908325,0.8385747671127319,10,0.8385747671127319,10,0.8100987672805786,1,0.03000170737504959,-0.12771426141262054,0.6174642443656921
31,70,8.999999999999998,final_nms07,111,0.7334208488464355,44,2,0.6331472396850586,0.03100072219967842,0.715096116065979,0.7334208488464355,6,0.7334208488464355,6,0.6331472396850586,1,0.060896605253219604,-0.2322903275489807,0.9254354238510132
31,71,9.999999999999998,final_nms07,111,0.7535668015480042,1,1,0.7535668015480042,0.7626699209213257,0.7626699209213257,0.7535668015480042,3,0.7535668015480042,3,0.7535668015480042,2,0.1254594326019287,0.17909038066864014,1.2134922742843628
32,72,9.999999999999998,encoder_all_counterfactual,8400,0.6377281546592712,2590,2749,0.11159782111644745,0.11541040241718292,0.14387254416942596,0.6377281546592712,3,0.6377281546592712,3,0.6377281546592712,1,-0.09562651813030243,-0.04343777149915695,3.38070011138916
32,73,10.000000000000002,encoder_all_counterfactual,8400,0.5840358734130859,3072,3068,0.2897284924983978,0.10104640573263168,0.15249113738536835,0.5840358734130859,2,0.5840358734130859,2,0.5840358734130859,2,0.034941356629133224,-0.17767789959907532,3.847768545150757
32,74,9.999999999999998,encoder_all_counterfactual,8400,0.7011128664016724,3633,3469,0.6796754598617554,0.0989183634519577,0.15412569046020508,0.7011128664016724,9,0.7011128664016724,9,0.7011128664016724,4,-0.15242965519428253,0.17363977432250977,2.459545612335205
32,72,9.999999999999998,topk,300,0.6377281546592712,151,25,0.11159782111644745,0.11541040241718292,0.14387254416942596,0.6377281546592712,1,0.6377281546592712,1,0.6377281546592712,1,-0.09562651813030243,-0.04343777149915695,3.38070011138916
32,73,10.000000000000002,topk,300,0.5840358734130859,205,4,0.2897284924983978,0.10104640573263168,0.15249113738536835,0.5840358734130859,2,0.5840358734130859,2,0.5840358734130859,2,0.034941356629133224,-0.17767789959907532,3.847768545150757
32,74,9.999999999999998,topk,300,0.7011128664016724,216,1,0.6796754598617554,0.0989183634519577,0.15412569046020508,0.7011128664016724,4,0.7011128664016724,4,0.7011128664016724,4,-0.15242965519428253,0.17363977432250977,2.459545612335205
32,72,9.999999999999998,pre_bbox,300,0.8842262625694275,138,151,0.7860730886459351,0.1265161782503128,0.5558676719665527,0.8842262625694275,34,0.8842262625694275,34,0.8842262625694275,34,-0.0560983270406723,-0.018460718914866447,1.0857634544372559
32,73,10.000000000000002,pre_bbox,300,0.8649375438690186,198,205,0.7705844044685364,0.20343603193759918,0.5461037755012512,0.8649375438690186,42,0.8649375438690186,42,0.8649375438690186,39,0.09576334804296494,0.05511317774653435,0.6756430268287659
32,74,9.999999999999998,pre_bbox,300,0.7989144325256348,175,1,0.694927990436554,0.12288215011358261,0.5548825860023499,0.7989144325256348,44,0.7989144325256348,44,0.7989144325256348,44,-0.04987814277410507,0.19218549132347107,0.9785100221633911
32,72,9.999999999999998,decoder_1,300,0.907346248626709,138,151,0.782437801361084,0.1283525973558426,0.5615286231040955,0.907346248626709,34,0.907346248626709,34,0.907346248626709,32,-0.07472117245197296,-0.01874755695462227,0.7987433671951294
32,73,10.000000000000002,decoder_1,300,0.8694600462913513,198,205,0.7630829215049744,0.20570619404315948,0.548382580280304,0.8694600462913513,40,0.8694600462913513,40,0.8694600462913513,37,0.08277008682489395,0.062219224870204926,0.879626452922821
32,74,9.999999999999998,decoder_1,300,0.7887160778045654,175,1,0.6914427876472473,0.12456610053777695,0.5609256029129028,0.7887160778045654,41,0.7887160778045654,41,0.7887160778045654,41,-0.07635717839002609,0.18521301448345184,0.4343660771846771
32,72,9.999999999999998,decoder_2,300,0.8850018382072449,107,267,0.8080549240112305,0.021373994648456573,0.7361441850662231,0.8850018382072449,45,0.8850018382072449,45,0.8296687602996826,6,-0.10377311706542969,0.01415320485830307,0.8424016237258911
32,73,10.000000000000002,decoder_2,300,0.8818035125732422,79,205,0.7668605446815491,0.022289179265499115,0.6904642581939697,0.8818035125732422,50,0.8818035125732422,50,0.8189163208007812,5,0.06682813167572021,0.056513771414756775,0.6694023013114929
32,74,9.999999999999998,decoder_2,300,0.7948273420333862,125,1,0.7217540740966797,0.026426315307617188,0.7182332277297974,0.7948273420333862,65,0.7948273420333862,65,0.7449281811714172,8,-0.08928089588880539,0.13924574851989746,1.7401171922683716
32,72,9.999999999999998,decoder_3,300,0.8703412413597107,154,267,0.8169454336166382,0.01833255961537361,0.7779428958892822,0.8703412413597107,48,0.8703412413597107,48,0.8331490755081177,4,-0.05259346961975098,-0.034469712525606155,0.9831792712211609
32,73,10.000000000000002,decoder_3,300,0.8969752788543701,29,205,0.770081102848053,0.02825777605175972,0.783545196056366,0.8969752788543701,70,0.8969752788543701,70,0.770081102848053,7,0.10870396345853806,-0.006115800701081753,0.7543678879737854
32,74,9.999999999999998,decoder_3,300,0.8796029686927795,275,1,0.7284231781959534,0.03927929326891899,0.748932957649231,0.8796029686927795,68,0.8796029686927795,68,0.7467139959335327,5,0.005237942561507225,0.10374870896339417,1.0709608793258667
32,72,9.999999999999998,final_nms07,109,0.8169454336166382,1,1,0.8169454336166382,0.7779428958892822,0.7779428958892822,0.8169454336166382,5,0.8169454336166382,5,0.8169454336166382,2,-0.014110662043094635,0.0985046923160553,1.713425636291504
32,73,10.000000000000002,final_nms07,109,0.8311175107955933,8,0,0.770081102848053,0.04930049926042557,0.783545196056366,0.8311175107955933,12,0.8311175107955933,12,0.770081102848053,3,-0.139360249042511,-0.011626065708696842,1.518160104751587
32,74,9.999999999999998,final_nms07,109,0.7284231781959534,2,2,0.7284231781959534,0.748932957649231,0.748932957649231,0.7284231781959534,4,0.7284231781959534,4,0.7284231781959534,1,-0.05991180241107941,0.15405960381031036,2.5039870738983154
33,75,8.999999999999998,encoder_all_counterfactual,8400,0.6060482263565063,2669,2509,0.14503780007362366,0.13208018243312836,0.14526768028736115,0.6060482263565063,3,0.6060482263565063,3,0.6060482263565063,3,0.03256778046488762,-0.215139701962471,3.619798421859741
33,76,8.0,encoder_all_counterfactual,8400,0.5307826995849609,3071,3069,0.19429872930049896,0.11069774627685547,0.15190045535564423,0.5307826995849609,1,0.5307826995849609,1,0.5307826995849609,1,-0.07258803397417068,0.2654934823513031,4.253970623016357
33,77,9.0,encoder_all_counterfactual,8400,0.6925260424613953,3872,4029,0.5281229019165039,0.08679000288248062,0.14304803311824799,0.6925260424613953,9,0.6925260424613953,9,0.6925260424613953,4,-0.05363552272319794,0.2963261902332306,2.972562313079834
33,75,8.999999999999998,topk,300,0.6060482263565063,66,15,0.14503780007362366,0.13208018243312836,0.14526768028736115,0.6060482263565063,3,0.6060482263565063,3,0.6060482263565063,3,0.03256778046488762,-0.215139701962471,3.619798421859741
33,76,8.0,topk,300,0.5307826995849609,160,3,0.19429872930049896,0.11069774627685547,0.15190045535564423,0.5307826995849609,1,0.5307826995849609,1,0.5307826995849609,1,-0.07258803397417068,0.2654934823513031,4.253970623016357
33,77,9.0,topk,300,0.6925260424613953,237,21,0.5281229019165039,0.08679000288248062,0.14304803311824799,0.6925260424613953,4,0.6925260424613953,4,0.6925260424613953,4,-0.05363552272319794,0.2963261902332306,2.972562313079834
33,75,8.999999999999998,pre_bbox,300,0.7603147625923157,112,125,0.6649054884910583,0.10290861129760742,0.5574821829795837,0.7603147625923157,32,0.7603147625923157,32,0.7603147625923157,32,0.09377646446228027,-0.09499280154705048,1.6926045417785645
33,76,8.0,pre_bbox,300,0.6999568343162537,8,163,0.637335479259491,0.16694964468479156,0.5756309628486633,0.6999568343162537,35,0.6999568343162537,35,0.6999568343162537,35,0.02508017048239708,0.39370808005332947,0.3239245116710663
33,77,9.0,pre_bbox,300,0.804293692111969,55,111,0.7301872372627258,0.1371327042579651,0.536772608757019,0.804293692111969,55,0.804293692111969,55,0.804293692111969,55,-0.1187884509563446,0.10852706432342529,0.462714821100235
33,75,8.999999999999998,decoder_1,300,0.8394696712493896,112,125,0.6655606031417847,0.1036301702260971,0.5616238117218018,0.8394696712493896,34,0.8394696712493896,34,0.8394696712493896,34,0.11328648030757904,-0.07132600247859955,1.0258750915527344
33,76,8.0,decoder_1,300,0.6850646734237671,171,163,0.6408176422119141,0.10160086303949356,0.5791643261909485,0.6850646734237671,29,0.6850646734237671,29,0.6850646734237671,29,0.1193649172782898,0.3040582835674286,1.7552014589309692
33,77,9.0,decoder_1,300,0.8146243691444397,55,111,0.7238839864730835,0.13787637650966644,0.5434087514877319,0.8146243691444397,54,0.8146243691444397,54,0.8146243691444397,54,-0.11403082311153412,0.09885125607252121,0.5584505796432495
33,75,8.999999999999998,decoder_2,300,0.6712625622749329,249,103,0.6306308507919312,0.027035653591156006,0.6885769963264465,0.6712625622749329,47,0.6712625622749329,47,0.6387847661972046,8,0.21208079159259796,-0.1359335482120514,2.9183785915374756
33,76,8.0,decoder_2,300,0.8007566332817078,116,82,0.5834795832633972,0.025382019579410553,0.7121747732162476,0.8007566332817078,47,0.8007566332817078,47,0.5966487526893616,4,0.17470945417881012,-0.0689966008067131,0.8105806708335876
33,77,9.0,decoder_2,300,0.7948235869407654,2,111,0.7092521786689758,0.03066801093518734,0.6938754916191101,0.7948235869407654,85,0.7948235869407654,85,0.7117946743965149,6,-0.0729055404663086,0.17950136959552765,1.1975764036178589
33,75,8.999999999999998,decoder_3,300,0.6668468117713928,229,103,0.6319853067398071,0.01759989559650421,0.754733681678772,0.6668468117713928,53,0.6668468117713928,53,0.6342692375183105,5,0.30181172490119934,0.05778924375772476,3.352860689163208
33,76,8.0,decoder_3,300,0.6973403096199036,75,82,0.5831611752510071,0.016373947262763977,0.7748332023620605,0.6973403096199036,53,0.6973403096199036,53,0.5918404459953308,3,0.08280076086521149,0.32436153292655945,0.41202521324157715
33,77,9.0,decoder_3,300,0.7972268462181091,2,111,0.7086063623428345,0.02548924647271633,0.7513577342033386,0.7972268462181091,89,0.7972268462181091,89,0.7086063623428345,4,-0.06659220904111862,0.1830039769411087,1.3776823282241821
33,75,8.999999999999998,final_nms07,104,0.6319853067398071,1,1,0.6319853067398071,0.754733681678772,0.754733681678772,0.6319853067398071,4,0.6319853067398071,4,0.6319853067398071,1,0.3331662714481354,0.09084814041852951,3.5232324600219727
33,76,8.0,final_nms07,104,0.6469354033470154,47,0,0.5831611752510071,0.025364749133586884,0.7748332023620605,0.6469354033470154,5,0.6469354033470154,5,0.5831611752510071,1,0.011442022398114204,0.37459278106689453,2.8228697776794434
33,77,9.0,final_nms07,104,0.7086063623428345,2,2,0.7086063623428345,0.7513577342033386,0.7513577342033386,0.7086063623428345,4,0.7086063623428345,4,0.7086063623428345,1,0.02001030370593071,0.3835364878177643,1.2649705410003662
34,78,8.999999999999998,encoder_all_counterfactual,8400,0.6000773906707764,2509,2510,0.38590455055236816,0.12116716057062149,0.1346971094608307,0.6000773906707764,2,0.6000773906707764,2,0.6000773906707764,2,-0.0007026810199022293,-0.06766977906227112,3.4368691444396973
34,79,9.0,encoder_all_counterfactual,8400,0.7240653038024902,3147,2989,0.3215809762477875,0.10840468853712082,0.14491966366767883,0.7240653038024902,5,0.7240653038024902,5,0.7240653038024902,4,0.21313998103141785,0.10675443708896637,1.4623937606811523
34,80,8.999999999999998,encoder_all_counterfactual,8400,0.6420992612838745,4196,3711,0.11207031458616257,0.03920772299170494,0.15195636451244354,0.6420992612838745,4,0.6420992612838745,4,0.6180422306060791,3,-0.02742820233106613,0.15843690931797028,2.9547178745269775
34,78,8.999999999999998,topk,300,0.6000773906707764,114,51,0.38590455055236816,0.12116716057062149,0.1346971094608307,0.6000773906707764,2,0.6000773906707764,2,0.6000773906707764,2,-0.0007026810199022293,-0.06766977906227112,3.4368691444396973
34,79,9.0,topk,300,0.7240653038024902,174,19,0.3215809762477875,0.10840468853712082,0.14491966366767883,0.7240653038024902,4,0.7240653038024902,4,0.7240653038024902,4,0.21313998103141785,0.10675443708896637,1.4623937606811523
34,80,8.999999999999998,topk,300,0.6180422306060791,72,5,0.11207031458616257,0.13074883818626404,0.15195636451244354,0.6180422306060791,2,0.6180422306060791,2,0.6180422306060791,2,0.1251267045736313,0.30786433815956116,3.465184450149536
34,78,8.999999999999998,pre_bbox,300,0.7567475438117981,213,239,0.6579704284667969,0.14423373341560364,0.5455868244171143,0.7567475438117981,33,0.7567475438117981,33,0.7567475438117981,33,0.20405010879039764,0.08680836111307144,1.2518310546875
34,79,9.0,pre_bbox,300,0.8443176746368408,66,175,0.7350526452064514,0.12328634411096573,0.6451916098594666,0.8443176746368408,43,0.8443176746368408,43,0.8443176746368408,43,0.03918851912021637,0.13972434401512146,1.09927499294281
34,80,8.999999999999998,pre_bbox,300,0.8199802041053772,9,72,0.6603927612304688,0.12807495892047882,0.47019311785697937,0.8199802041053772,47,0.8199802041053772,47,0.8199802041053772,47,0.04798629507422447,0.16129793226718903,1.135904312133789
34,78,8.999999999999998,decoder_1,300,0.7401986718177795,251,239,0.657089352607727,0.1934666633605957,0.5522271990776062,0.7401986718177795,32,0.7401986718177795,32,0.7401986718177795,32,0.1723710596561432,0.11348477005958557,1.7487496137619019
34,79,9.0,decoder_1,300,0.8303762674331665,66,175,0.7363069653511047,0.12443365156650543,0.649750292301178,0.8303762674331665,44,0.8303762674331665,44,0.8303762674331665,42,0.04295776039361954,0.12477230280637741,1.3782285451889038
34,80,8.999999999999998,decoder_1,300,0.8009957075119019,237,72,0.6579753756523132,0.13124607503414154,0.47779425978660583,0.8009957075119019,43,0.8009957075119019,43,0.8009957075119019,43,0.06595942378044128,0.17119449377059937,1.3835259675979614
34,78,8.999999999999998,decoder_2,300,0.8538758754730225,206,239,0.6788996458053589,0.015594039112329483,0.7477847933769226,0.8538758754730225,44,0.8538758754730225,44,0.6807066202163696,5,0.08867944777011871,-0.0188138484954834,1.275866150856018
34,79,9.0,decoder_2,300,0.8486200571060181,38,174,0.7385281920433044,0.0136715704575181,0.6915877461433411,0.8486200571060181,63,0.8486200571060181,63,0.7431851625442505,8,0.07996727526187897,0.09112924337387085,0.7509262561798096
34,80,8.999999999999998,decoder_2,300,0.8981467485427856,180,72,0.5917320251464844,0.04366780444979668,0.7172254323959351,0.8981467485427856,78,0.8981467485427856,78,0.7240200638771057,7,0.05410072207450867,0.01262950524687767,0.5196877717971802
34,78,8.999999999999998,decoder_3,300,0.9266689419746399,206,239,0.6775975823402405,0.028130484744906425,0.7161521315574646,0.9266689419746399,47,0.9266689419746399,47,0.6775975823402405,1,0.03412104770541191,-0.017538463696837425,0.4261626601219177
34,79,9.0,decoder_3,300,0.8418037295341492,156,174,0.7298936247825623,0.01832837238907814,0.7269774079322815,0.8418037295341492,74,0.8418037295341492,74,0.735411524772644,4,-0.02813178487122059,-0.047521673142910004,1.251432180404663
34,80,8.999999999999998,decoder_3,300,0.8608608841896057,173,72,0.5943659543991089,0.013506514951586723,0.7249910831451416,0.8608608841896057,82,0.8608608841896057,82,0.604176938533783,3,0.023336708545684814,0.10974385589361191,0.5384534001350403
34,78,8.999999999999998,final_nms07,94,0.7049791812896729,24,2,0.6775975823402405,0.03118732199072838,0.7161521315574646,0.7049791812896729,2,0.7049791812896729,2,0.6775975823402405,1,-0.21388906240463257,-0.0038664231542497873,2.371760129928589
34,79,9.0,final_nms07,94,0.8418037295341492,65,0,0.7298936247825623,0.01832837238907814,0.7269774079322815,0.8418037295341492,8,0.8418037295341492,8,0.7298936247825623,1,-0.02813178487122059,-0.047521673142910004,1.251432180404663
34,80,8.999999999999998,final_nms07,94,0.7607259154319763,58,1,0.5943659543991089,0.020566662773489952,0.7249910831451416,0.7607259154319763,2,0.7607259154319763,2,0.5943659543991089,1,0.17032350599765778,-0.042979057878255844,1.0862962007522583
35,81,9.0,encoder_all_counterfactual,8400,0.5688164234161377,2590,2749,0.11267092823982239,0.12536965310573578,0.14089344441890717,0.5688164234161377,2,0.5688164234161377,2,0.5688164234161377,2,-0.1687282770872116,0.03780309483408928,3.718949556350708
35,82,11.0,encoder_all_counterfactual,8400,0.8116078972816467,2992,3069,0.21777641773223877,0.09549526870250702,0.15047980844974518,0.8116078972816467,6,0.8116078972816467,6,0.8116078972816467,4,-0.08625134825706482,-0.10196113586425781,1.3375321626663208
35,83,9.999999999999998,encoder_all_counterfactual,8400,0.8020004034042358,3792,3468,0.10929762572050095,0.10374540835618973,0.13872744143009186,0.8020004034042358,7,0.8020004034042358,7,0.8020004034042358,5,-0.04828597232699394,0.07123363018035889,1.736846923828125
35,81,9.0,topk,300,0.5688164234161377,96,22,0.11267092823982239,0.12536965310573578,0.14089344441890717,0.5688164234161377,2,0.5688164234161377,2,0.5688164234161377,2,-0.1687282770872116,0.03780309483408928,3.718949556350708
35,82,11.0,topk,300,0.8116078972816467,205,2,0.21777641773223877,0.09549526870250702,0.15047980844974518,0.8116078972816467,4,0.8116078972816467,4,0.8116078972816467,4,-0.08625134825706482,-0.10196113586425781,1.3375321626663208
35,83,9.999999999999998,topk,300,0.8020004034042358,175,29,0.10929762572050095,0.10374540835618973,0.13872744143009186,0.8020004034042358,5,0.8020004034042358,5,0.8020004034042358,5,-0.04828597232699394,0.07123363018035889,1.736846923828125
35,81,9.0,pre_bbox,300,0.8612051606178284,118,96,0.67460036277771,0.14605039358139038,0.5727845430374146,0.8612051606178284,31,0.8612051606178284,31,0.8612051606178284,31,-0.05280859023332596,0.10540913045406342,0.2451026886701584
35,82,11.0,pre_bbox,300,0.9296445250511169,157,205,0.8782622814178467,0.5564266443252563,0.6641383767127991,0.9296445250511169,40,0.9296445250511169,40,0.9296445250511169,40,-0.05313887819647789,0.019560182467103004,0.13642577826976776
35,83,9.999999999999998,pre_bbox,300,0.848107635974884,119,134,0.7925755381584167,0.39394986629486084,0.5973919630050659,0.848107635974884,64,0.848107635974884,64,0.848107635974884,64,-0.04811457544565201,0.11157792806625366,1.2438310384750366
35,81,9.0,decoder_1,300,0.8648130893707275,118,96,0.6686871647834778,0.1465221643447876,0.5774146914482117,0.8648130893707275,32,0.8648130893707275,32,0.8648130893707275,30,-0.053987134248018265,0.0992492288351059,0.5726587772369385
35,82,11.0,decoder_1,300,0.9369620680809021,54,205,0.8814718723297119,0.23127776384353638,0.6699285507202148,0.9369620680809021,38,0.9369620680809021,38,0.9369620680809021,38,-0.05925499275326729,-0.004021792206913233,0.32205885648727417
35,83,9.999999999999998,decoder_1,300,0.8417093753814697,119,134,0.7846735715866089,0.3985592722892761,0.603226363658905,0.8417093753814697,60,0.8417093753814697,60,0.8417093753814697,60,-0.043868888169527054,0.12205131351947784,1.20323646068573
35,81,9.0,decoder_2,300,0.8416659235954285,177,96,0.73060142993927,0.022761860862374306,0.6695643067359924,0.8416659235954285,38,0.8416659235954285,38,0.7558490037918091,5,-0.09468144923448563,0.019857892766594887,0.7096400260925293
35,82,11.0,decoder_2,300,0.9517467617988586,149,205,0.9027836322784424,0.03527021035552025,0.7278591990470886,0.9517467617988586,54,0.9517467617988586,54,0.9098216891288757,4,-0.014916811138391495,0.020052112638950348,0.38798820972442627
35,83,9.999999999999998,decoder_2,300,0.8644627332687378,163,134,0.7966554760932922,0.03246134892106056,0.696821391582489,0.8644627332687378,88,0.8644627332687378,88,0.8147458434104919,7,-0.048319801688194275,0.10433841496706009,0.5313830971717834
35,81,9.0,decoder_3,300,0.8271499276161194,191,96,0.7220717668533325,0.01871415227651596,0.7133456468582153,0.8271499276161194,40,0.8271499276161194,40,0.7317067384719849,3,-0.075252003967762,0.12759439647197723,0.81824791431427
35,82,11.0,decoder_3,300,0.9679297804832458,149,205,0.9058669209480286,0.016561251133680344,0.7764294147491455,0.9679297804832458,71,0.9679297804832458,71,0.9101969003677368,6,-0.020987218245863914,0.011698564514517784,0.1663079857826233
35,83,9.999999999999998,decoder_3,300,0.8726301789283752,31,134,0.8075677752494812,0.03858599811792374,0.7379748225212097,0.8726301789283752,90,0.8726301789283752,90,0.8124746084213257,6,-0.06252187490463257,0.07927003502845764,0.6853700876235962
35,81,9.0,final_nms07,107,0.764873206615448,77,2,0.7220717668533325,0.017338799312710762,0.7133456468582153,0.764873206615448,2,0.764873206615448,2,0.7220717668533325,1,-0.11140184104442596,0.07453308999538422,1.4563872814178467
35,82,11.0,final_nms07,107,0.9058669209480286,0,0,0.9058669209480286,0.7764294147491455,0.7764294147491455,0.9058669209480286,13,0.9058669209480286,13,0.9058669209480286,2,-0.051269080489873886,0.04987644776701927,0.6502577066421509
35,83,9.999999999999998,final_nms07,107,0.8075677752494812,1,1,0.8075677752494812,0.7379748225212097,0.7379748225212097,0.8075677752494812,4,0.8075677752494812,4,0.8075677752494812,1,-0.03962041065096855,0.16958783566951752,0.7681255340576172
36,84,9.0,encoder_all_counterfactual,8400,0.8267677426338196,2746,2669,0.11732855439186096,0.11372987180948257,0.1468041092157364,0.8267677426338196,2,0.8267677426338196,2,0.8267677426338196,2,0.04603514447808266,0.03390064463019371,1.3771839141845703
36,85,9.0,encoder_all_counterfactual,8400,0.5636630654335022,3146,2987,0.3741286098957062,0.11433602124452591,0.14278531074523926,0.5636630654335022,2,0.5636630654335022,2,0.5636630654335022,1,0.02641288936138153,0.0388493686914444,4.868065357208252
36,86,10.000000000000002,encoder_all_counterfactual,8400,0.7185152769088745,4268,3787,0.13362708687782288,0.11318285763263702,0.15116780996322632,0.7185152769088745,3,0.7185152769088745,3,0.7185152769088745,2,0.18654340505599976,0.14769265055656433,1.846114993095398
36,84,9.0,topk,300,0.8267677426338196,148,11,0.11732855439186096,0.11372987180948257,0.1468041092157364,0.8267677426338196,2,0.8267677426338196,2,0.8267677426338196,2,0.04603514447808266,0.03390064463019371,1.3771839141845703
36,85,9.0,topk,300,0.5636630654335022,143,23,0.3741286098957062,0.11433602124452591,0.14278531074523926,0.5636630654335022,1,0.5636630654335022,1,0.5636630654335022,1,0.02641288936138153,0.0388493686914444,4.868065357208252
36,86,10.000000000000002,topk,300,0.7185152769088745,149,5,0.13362708687782288,0.11318285763263702,0.15116780996322632,0.7185152769088745,2,0.7185152769088745,2,0.7185152769088745,2,0.18654340505599976,0.14769265055656433,1.846114993095398
36,84,9.0,pre_bbox,300,0.7956617474555969,136,13,0.7051183581352234,0.29409101605415344,0.5617878437042236,0.7956617474555969,35,0.7956617474555969,35,0.7956617474555969,35,-0.0059377895668148994,0.20049767196178436,1.6471614837646484
36,85,9.0,pre_bbox,300,0.8103498220443726,41,143,0.6827870011329651,0.15782830119132996,0.5236024856567383,0.8103498220443726,30,0.8103498220443726,30,0.8103498220443726,30,0.0021678204648196697,0.2270611971616745,1.0336922407150269
36,86,10.000000000000002,pre_bbox,300,0.937431812286377,4,149,0.8678829073905945,0.11029240489006042,0.583551824092865,0.937431812286377,71,0.937431812286377,71,0.937431812286377,71,0.021258674561977386,0.0033451069612056017,0.4701955020427704
36,84,9.0,decoder_1,300,0.7809790968894958,136,13,0.7056350111961365,0.2979343831539154,0.5667823553085327,0.7809790968894958,35,0.7809790968894958,35,0.7809790968894958,34,-0.0021857786923646927,0.21133705973625183,1.7968320846557617
36,85,9.0,decoder_1,300,0.7922528386116028,113,143,0.6849299073219299,0.12749159336090088,0.5310348868370056,0.7922528386116028,31,0.7922528386116028,31,0.7922528386116028,28,0.05433228611946106,0.18385049700737,1.7155812978744507
36,86,10.000000000000002,decoder_1,300,0.910768985748291,21,149,0.8722730278968811,0.18678507208824158,0.590566873550415,0.910768985748291,66,0.910768985748291,66,0.910768985748291,66,-0.028238670900464058,0.046831678599119186,0.7304055094718933
36,84,9.0,decoder_2,300,0.7686642408370972,13,148,0.7544772028923035,0.12912702560424805,0.6910203695297241,0.7686642408370972,42,0.7686642408370972,42,0.7686642408370972,5,-0.0421324297785759,0.24858826398849487,1.8951542377471924
36,85,9.0,decoder_2,300,0.9468805193901062,140,143,0.6426259875297546,0.03761987388134003,0.6955581307411194,0.9468805193901062,50,0.9468805193901062,50,0.6454000473022461,5,-0.04020404443144798,-0.0019723877776414156,0.15559905767440796
36,86,10.000000000000002,decoder_2,300,0.9486632943153381,50,149,0.8424420952796936,0.03901885077357292,0.7812302112579346,0.9486632943153381,93,0.9486632943153381,93,0.8921164870262146,4,-0.047007180750370026,0.004789595492184162,0.3007299602031708
36,84,9.0,decoder_3,300,0.7544562816619873,212,148,0.7509206533432007,0.01670222170650959,0.7596466541290283,0.7544562816619873,48,0.7544562816619873,48,0.7509206533432007,2,-0.09338585287332535,0.21982532739639282,2.160824775695801
36,85,9.0,decoder_3,300,0.8756009936332703,170,143,0.6406250596046448,0.024576561525464058,0.7613648772239685,0.8756009936332703,59,0.8756009936332703,59,0.646267831325531,3,0.055958349257707596,0.05697827413678169,0.7767040729522705
36,86,10.000000000000002,decoder_3,300,0.9554334282875061,50,149,0.8468357920646667,0.020624956116080284,0.7615358233451843,0.9554334282875061,95,0.9554334282875061,95,0.8468357920646667,1,-0.04226260259747505,-0.002402713056653738,0.2555621266365051
36,84,9.0,final_nms07,98,0.7509206533432007,2,2,0.7509206533432007,0.7596466541290283,0.7596466541290283,0.7509206533432007,4,0.7509206533432007,4,0.7509206533432007,1,-0.024258598685264587,0.2610650658607483,1.8058313131332397
36,85,9.0,final_nms07,98,0.6406250596046448,1,1,0.6406250596046448,0.7613648772239685,0.7613648772239685,0.6406250596046448,6,0.6406250596046448,6,0.6406250596046448,1,0.16282425820827484,0.26730620861053467,2.2262380123138428
36,86,10.000000000000002,final_nms07,98,0.8468357920646667,0,0,0.8468357920646667,0.7615358233451843,0.7615358233451843,0.8468357920646667,4,0.8468357920646667,4,0.8468357920646667,1,0.05949946492910385,0.11455235630273819,1.0237646102905273
37,87,10.000000000000002,encoder_all_counterfactual,8400,0.6385529637336731,2590,2670,0.23818956315517426,0.13116386532783508,0.1347930133342743,0.6385529637336731,3,0.6385529637336731,3,0.6385529637336731,3,-0.06507489085197449,-0.1324232965707779,3.107447862625122
37,88,9.0,encoder_all_counterfactual,8400,0.7354998588562012,3072,2988,0.39328569173812866,0.10756704211235046,0.1369400918483734,0.7354998588562012,4,0.7354998588562012,4,0.7354998588562012,3,-0.03387804329395294,0.2954390048980713,1.7530301809310913
37,89,10.000000000000002,encoder_all_counterfactual,8400,0.7267292141914368,3799,3869,0.16794493794441223,0.025162208825349808,0.14027918875217438,0.7267292141914368,5,0.7267292141914368,5,0.5767884254455566,2,-0.08208274096250534,0.12786856293678284,2.0057907104492188
37,87,10.000000000000002,topk,300,0.6385529637336731,62,38,0.23818956315517426,0.13116386532783508,0.1347930133342743,0.6385529637336731,3,0.6385529637336731,3,0.6385529637336731,3,-0.06507489085197449,-0.1324232965707779,3.107447862625122
37,88,9.0,topk,300,0.7354998588562012,157,26,0.39328569173812866,0.10756704211235046,0.1369400918483734,0.7354998588562012,3,0.7354998588562012,3,0.7354998588562012,3,-0.03387804329395294,0.2954390048980713,1.7530301809310913
37,89,10.000000000000002,topk,300,0.510351300239563,67,18,0.16794493794441223,0.1300874650478363,0.14027918875217438,0.510351300239563,1,0.510351300239563,1,0.510351300239563,1,-0.001933560473844409,0.10704918205738068,5.5161285400390625
37,87,10.000000000000002,pre_bbox,300,0.946925699710846,147,62,0.8497021198272705,0.29276829957962036,0.5093276500701904,0.946925699710846,34,0.946925699710846,34,0.946925699710846,34,0.045948609709739685,0.009656546637415886,0.13531935214996338
37,88,9.0,pre_bbox,300,0.9152466058731079,28,160,0.7682440280914307,0.10249240696430206,0.5881655812263489,0.9152466058731079,41,0.9152466058731079,41,0.9152466058731079,41,-0.04323413595557213,0.04741283506155014,0.44211217761039734
37,89,10.000000000000002,pre_bbox,300,0.9375156164169312,244,67,0.7619518637657166,0.15721195936203003,0.5196805596351624,0.9375156164169312,68,0.9375156164169312,68,0.9375156164169312,68,-0.04665406048297882,0.008470301516354084,0.4992430508136749
37,87,10.000000000000002,decoder_1,300,0.9326319694519043,86,62,0.8318578600883484,0.25929081439971924,0.5159279108047485,0.9326319694519043,32,0.9326319694519043,32,0.9326319694519043,32,0.04674728959798813,0.024349868297576904,0.24864360690116882
37,88,9.0,decoder_1,300,0.8678877949714661,28,160,0.7685666084289551,0.10337012261152267,0.5921865701675415,0.8678877949714661,40,0.8678877949714661,40,0.8678877949714661,40,-0.05012283846735954,-0.00035630728234536946,0.8284158706665039
37,89,10.000000000000002,decoder_1,300,0.9259446263313293,244,67,0.7655090689659119,0.16043724119663239,0.5276367664337158,0.9259446263313293,64,0.9259446263313293,64,0.9259446263313293,64,-0.04462301731109619,0.007973783649504185,0.5548293590545654
37,87,10.000000000000002,decoder_2,300,0.959984540939331,248,62,0.8677554726600647,0.02237154357135296,0.627406895160675,0.959984540939331,43,0.959984540939331,43,0.8908048272132874,6,0.005242594052106142,0.001432704972103238,0.29992637038230896
37,88,9.0,decoder_2,300,0.8841731548309326,122,157,0.7703080177307129,0.01949063129723072,0.6868628263473511,0.8841731548309326,54,0.8841731548309326,54,0.7877494096755981,4,0.10817382484674454,0.006983117200434208,0.25798243284225464
37,89,10.000000000000002,decoder_2,300,0.9166436195373535,138,115,0.7564800977706909,0.01899256557226181,0.6800512671470642,0.9166436195373535,95,0.9166436195373535,95,0.8112725019454956,5,-0.023851368576288223,0.020888637751340866,0.6331850290298462
37,87,10.000000000000002,decoder_3,300,0.9421699643135071,177,62,0.8714139461517334,0.017634887248277664,0.7037595510482788,0.9421699643135071,45,0.9421699643135071,45,0.8769090175628662,2,0.03155156597495079,0.02891566976904869,0.28312116861343384
37,88,9.0,decoder_3,300,0.8594630360603333,227,157,0.7716032266616821,0.01761825755238533,0.7587315440177917,0.8594630360603333,64,0.8594630360603333,64,0.7716032266616821,2,0.08779788017272949,0.04528312757611275,0.9663365483283997
37,89,10.000000000000002,decoder_3,300,0.9557863473892212,74,115,0.7632663249969482,0.020694203674793243,0.6957908868789673,0.9557863473892212,99,0.9557863473892212,99,0.7798763513565063,3,-0.027861598879098892,-0.01681971177458763,0.2346823364496231
37,87,10.000000000000002,final_nms07,99,0.8714139461517334,1,1,0.8714139461517334,0.7037595510482788,0.7037595510482788,0.8714139461517334,5,0.8714139461517334,5,0.8714139461517334,1,0.11189571768045425,0.03207647055387497,0.09937868267297745
37,88,9.0,final_nms07,99,0.8174343109130859,51,0,0.7716032266616821,0.024949433282017708,0.7587315440177917,0.8174343109130859,6,0.8174343109130859,6,0.7716032266616821,2,-0.012302225455641747,-0.08325134962797165,1.3635424375534058
37,89,10.000000000000002,final_nms07,99,0.7632663249969482,2,2,0.7632663249969482,0.6957908868789673,0.6957908868789673,0.7632663249969482,6,0.7632663249969482,6,0.7632663249969482,1,-0.03375224396586418,-0.031037023290991783,2.0151562690734863
38,90,8.999999999999998,encoder_all_counterfactual,8400,0.5830163955688477,2668,2508,0.2273518145084381,0.13878698647022247,0.14006847143173218,0.5830163955688477,2,0.5830163955688477,2,0.5830163955688477,2,0.03604258969426155,0.08099257200956345,4.247812747955322
38,91,9.0,encoder_all_counterfactual,8400,0.6641988158226013,3067,3069,0.3377940356731415,0.13450370728969574,0.13888320326805115,0.6641988158226013,5,0.6641988158226013,5,0.6641988158226013,4,0.027902554720640182,0.22360773384571075,3.603914260864258
38,92,9.999999999999998,encoder_all_counterfactual,8400,0.6435230374336243,4269,3867,0.12661097943782806,0.1197417676448822,0.1519669145345688,0.6435230374336243,3,0.6435230374336243,3,0.6435230374336243,2,-0.09722251445055008,0.32341521978378296,3.858004570007324
38,90,8.999999999999998,topk,300,0.5830163955688477,28,21,0.2273518145084381,0.13878698647022247,0.14006847143173218,0.5830163955688477,2,0.5830163955688477,2,0.5830163955688477,2,0.03604258969426155,0.08099257200956345,4.247812747955322
38,91,9.0,topk,300,0.6641988158226013,42,27,0.3377940356731415,0.13450370728969574,0.13888320326805115,0.6641988158226013,4,0.6641988158226013,4,0.6641988158226013,4,0.027902554720640182,0.22360773384571075,3.603914260864258
38,92,9.999999999999998,topk,300,0.6435230374336243,119,4,0.12661097943782806,0.1197417676448822,0.1519669145345688,0.6435230374336243,2,0.6435230374336243,2,0.6435230374336243,2,-0.09722251445055008,0.32341521978378296,3.858004570007324
38,90,8.999999999999998,pre_bbox,300,0.7551673054695129,57,102,0.5816202759742737,0.13233187794685364,0.5175303816795349,0.7551673054695129,30,0.7551673054695129,30,0.7551673054695129,30,0.08843740820884705,0.21661724150180817,1.2018073797225952
38,91,9.0,pre_bbox,300,0.8259714841842651,205,189,0.8041806221008301,0.1833939552307129,0.5834440588951111,0.8259714841842651,39,0.8259714841842651,39,0.8259714841842651,39,-0.016177227720618248,0.19424882531166077,0.26241952180862427
38,92,9.999999999999998,pre_bbox,300,0.84999680519104,162,119,0.746957004070282,0.21177534759044647,0.5861815810203552,0.84999680519104,65,0.84999680519104,65,0.84999680519104,64,-0.06989696621894836,0.101328544318676,0.6416469216346741
38,90,8.999999999999998,decoder_1,300,0.728746235370636,181,102,0.5757473707199097,0.17363978922367096,0.5230608582496643,0.728746235370636,28,0.728746235370636,28,0.728746235370636,28,0.15320183336734772,0.11899948865175247,1.9266549348831177
38,91,9.0,decoder_1,300,0.817131757736206,204,189,0.80372554063797,0.2857736647129059,0.5903886556625366,0.817131757736206,40,0.817131757736206,40,0.817131757736206,39,-0.07309447973966599,0.14493264257907867,0.6747443675994873
38,92,9.999999999999998,decoder_1,300,0.8401494026184082,22,119,0.7444783449172974,0.21010223031044006,0.5929704308509827,0.8401494026184082,62,0.8401494026184082,62,0.8401494026184082,62,-0.08516213297843933,0.09717687219381332,0.33921071887016296
38,90,8.999999999999998,decoder_2,300,0.7548940777778625,275,28,0.6079882383346558,0.02067464403808117,0.5919020771980286,0.7548940777778625,42,0.7548940777778625,42,0.6281515955924988,5,0.15084417164325714,0.1510583460330963,0.5763761401176453
38,91,9.0,decoder_2,300,0.8391612768173218,66,189,0.7592411041259766,0.03275308012962341,0.6256043314933777,0.8391612768173218,58,0.8391612768173218,58,0.7685624957084656,6,-0.00807444378733635,0.18352288007736206,0.8087844848632812
38,92,9.999999999999998,decoder_2,300,0.8333525657653809,69,119,0.6960189938545227,0.033864542841911316,0.7215486764907837,0.8333525657653809,92,0.8333525657653809,92,0.7249549031257629,3,-0.10822606831789017,0.07861503213644028,0.853775143623352
38,90,8.999999999999998,decoder_3,300,0.7219259738922119,72,28,0.5978559851646423,0.026409657672047615,0.6626073122024536,0.7219259738922119,46,0.7219259738922119,46,0.6150138974189758,3,0.25752413272857666,0.10151613503694534,0.7889296412467957
38,91,9.0,decoder_3,300,0.8365523219108582,129,189,0.764880359172821,0.030699340626597404,0.6622361540794373,0.8365523219108582,72,0.8365523219108582,72,0.7696442604064941,5,-0.09229449182748795,0.09370177984237671,0.26642051339149475
38,92,9.999999999999998,decoder_3,300,0.8112736940383911,9,119,0.6931650638580322,0.017128316685557365,0.7474591135978699,0.8112736940383911,94,0.8112736940383911,94,0.719627857208252,3,-0.13195805251598358,0.07435847073793411,1.6737370491027832
38,90,8.999999999999998,final_nms07,91,0.7020820379257202,7,1,0.5978559851646423,0.0460551418364048,0.6626073122024536,0.7020820379257202,3,0.7020820379257202,3,0.5978559851646423,1,0.048049308359622955,0.060635894536972046,2.65614652633667
38,91,9.0,final_nms07,91,0.764880359172821,2,2,0.764880359172821,0.6622361540794373,0.6622361540794373,0.764880359172821,9,0.764880359172821,9,0.764880359172821,1,-0.06963235884904861,0.23254838585853577,0.7173603177070618
38,92,9.999999999999998,final_nms07,91,0.6931650638580322,0,0,0.6931650638580322,0.7474591135978699,0.7474591135978699,0.6931650638580322,3,0.6931650638580322,3,0.6931650638580322,1,-0.06461696326732635,0.2190656214952469,2.143839120864868
39,93,10.000000000000002,encoder_all_counterfactual,8400,0.6884382963180542,3098,2750,0.35965433716773987,0.030931519344449043,0.11420897394418716,0.6884382963180542,5,0.6884382963180542,5,0.5562183260917664,1,0.19750690460205078,-0.06941313296556473,3.2470757961273193
39,93,10.000000000000002,topk,300,0.43768882751464844,177,140,0.35965433716773987,0.10484663397073746,0.11420897394418716,0.43768882751464844,0,0.43768882751464844,0,0.43768882751464844,0,-0.004633537959307432,-0.26218366622924805,6.107273101806641
39,93,10.000000000000002,pre_bbox,300,0.7141814231872559,165,177,0.5581533908843994,0.1776912659406662,0.6828858256340027,0.7141814231872559,19,0.7141814231872559,19,0.7141814231872559,19,-0.15213875472545624,-0.13790923357009888,1.689036250114441
39,93,10.000000000000002,decoder_1,300,0.6991495490074158,171,177,0.5656212568283081,0.27615106105804443,0.6892313957214355,0.6991495490074158,19,0.6991495490074158,19,0.6991495490074158,19,-0.1520203799009323,-0.16835668683052063,2.3910763263702393
39,93,10.000000000000002,decoder_2,300,0.7239063382148743,175,177,0.6540074348449707,0.03955092281103134,0.7424768805503845,0.7239063382148743,35,0.7239063382148743,35,0.6816768646240234,7,0.008190885186195374,-0.19686153531074524,3.276826858520508
39,93,10.000000000000002,decoder_3,300,0.7874158620834351,156,177,0.6547078490257263,0.03441198915243149,0.7957583665847778,0.7874158620834351,38,0.7874158620834351,38,0.6547078490257263,2,0.0414009764790535,0.09199060499668121,1.5816593170166016
39,93,10.000000000000002,final_nms07,202,0.7874158620834351,5,0,0.6547078490257263,0.03441198915243149,0.7957583665847778,0.7874158620834351,5,0.7874158620834351,5,0.6547078490257263,1,0.0414009764790535,0.09199060499668121,1.5816593170166016
40,94,11.0,encoder_all_counterfactual,8400,0.6896466016769409,3337,3150,0.5091025233268738,0.03233020380139351,0.13261398673057556,0.6896466016769409,6,0.6896466016769409,6,0.6245676279067993,2,0.2681962549686432,0.14337025582790375,1.5373144149780273
40,94,11.0,topk,300,0.5091025233268738,86,86,0.5091025233268738,0.13261398673057556,0.13261398673057556,0.5091025233268738,1,0.5091025233268738,1,0.5091025233268738,1,0.3481966257095337,0.1476273089647293,6.685694694519043
40,94,11.0,pre_bbox,300,0.8830248713493347,274,86,0.6471197605133057,0.08388105779886246,0.634641170501709,0.8830248713493347,20,0.8830248713493347,20,0.8830248713493347,19,-0.055749595165252686,0.036983344703912735,1.0063400268554688
40,94,11.0,decoder_1,300,0.7447997331619263,274,86,0.6474078893661499,0.08376111835241318,0.6438663005828857,0.7447997331619263,20,0.7447997331619263,20,0.7447997331619263,19,-0.08821336925029755,-0.18314217031002045,1.4774047136306763
40,94,11.0,decoder_2,300,0.7337625622749329,114,86,0.6030683517456055,0.042887844145298004,0.8004622459411621,0.7337625622749329,25,0.7337625622749329,25,0.7119331359863281,12,-0.07208139449357986,-0.20923857390880585,0.2443849891424179
40,94,11.0,decoder_3,300,0.7624009847640991,161,86,0.6003270149230957,0.05951208993792534,0.7999016046524048,0.7624009847640991,27,0.7624009847640991,27,0.7624009847640991,4,0.06746691465377808,-0.03049016371369362,2.666954755783081
40,94,11.0,final_nms07,202,0.7624009847640991,1,0,0.6003270149230957,0.05951208993792534,0.7999016046524048,0.7624009847640991,4,0.7624009847640991,4,0.7624009847640991,2,0.06746691465377808,-0.03049016371369362,2.666954755783081
41,95,9.0,encoder_all_counterfactual,8400,0.5889170169830322,3658,3471,0.4667395055294037,0.03125973418354988,0.09833468496799469,0.5889170169830322,4,0.5889170169830322,4,0.46962204575538635,0,0.0018126200884580612,0.00028990505961701274,4.115708351135254
41,95,9.0,topk,300,0.4667395055294037,193,193,0.4667395055294037,0.09833468496799469,0.09833468496799469,0.4667395055294037,0,0.4667395055294037,0,0.4667395055294037,0,0.27135956287384033,0.06881821155548096,5.536769390106201
41,95,9.0,pre_bbox,300,0.8419557213783264,231,193,0.8392307758331299,0.4267929196357727,0.6759847402572632,0.8419557213783264,16,0.8419557213783264,16,0.8419557213783264,16,-0.049541980028152466,0.05293708294630051,1.1441231966018677
41,95,9.0,decoder_1,300,0.8401878476142883,193,193,0.8401878476142883,0.6812239289283752,0.6812239289283752,0.8401878476142883,16,0.8401878476142883,16,0.8401878476142883,16,-0.06716225296258926,-0.05468299984931946,1.1806302070617676
41,95,9.0,decoder_2,300,0.8605057597160339,231,193,0.8105884790420532,0.0555233359336853,0.7079516649246216,0.8605057597160339,33,0.8605057597160339,33,0.8605057597160339,9,-0.008501253090798855,0.07698029279708862,0.9873731732368469
41,95,9.0,decoder_3,300,0.8906831741333008,267,193,0.8167442083358765,0.023116931319236755,0.7533737421035767,0.8906831741333008,45,0.8906831741333008,45,0.8351033329963684,8,-0.03336428478360176,0.08409105241298676,0.7639756798744202
41,95,9.0,final_nms07,185,0.8167442083358765,0,0,0.8167442083358765,0.7533737421035767,0.7533737421035767,0.8167442083358765,4,0.8167442083358765,4,0.8167442083358765,3,0.00797315314412117,0.07905151695013046,1.3176743984222412
42,96,9.0,encoder_all_counterfactual,8400,0.7698952555656433,3018,2750,0.5600186586380005,0.040990199893713,0.11644122004508972,0.7698952555656433,6,0.7698952555656433,6,0.5600186586380005,2,-0.17220287024974823,0.017256662249565125,1.0668625831604004
42,96,9.0,topk,300,0.5600186586380005,118,118,0.5600186586380005,0.11644122004508972,0.11644122004508972,0.5600186586380005,2,0.5600186586380005,2,0.5600186586380005,2,-0.031481098383665085,0.09841117262840271,4.449918270111084
42,96,9.0,pre_bbox,300,0.7172651290893555,187,169,0.6816216111183167,0.1401408314704895,0.7124457955360413,0.7172651290893555,18,0.7172651290893555,18,0.7172651290893555,18,-0.23555004596710205,0.08186404407024384,2.2673842906951904
42,96,9.0,decoder_1,300,0.6995350122451782,219,169,0.680009663105011,0.6418206691741943,0.7213174700737,0.6995350122451782,17,0.6995350122451782,17,0.6995350122451782,17,-0.2484414428472519,0.022236939519643784,0.7454820275306702
42,96,9.0,decoder_2,300,0.8620580434799194,101,168,0.6618086695671082,0.036644089967012405,0.6455458998680115,0.8620580434799194,31,0.8620580434799194,31,0.6917625069618225,10,0.008053614757955074,0.15074393153190613,0.8374279141426086
42,96,9.0,decoder_3,300,0.8669570088386536,101,168,0.6655707955360413,0.029816176742315292,0.6969752907752991,0.8669570088386536,34,0.8669570088386536,34,0.6864789724349976,6,-0.0634252056479454,0.013703593984246254,0.8391308188438416
42,96,9.0,final_nms07,166,0.6655707955360413,0,0,0.6655707955360413,0.6969752907752991,0.6969752907752991,0.6655707955360413,7,0.6655707955360413,7,0.6655707955360413,1,-0.244588240981102,0.0418904572725296,1.7421435117721558
43,97,8.999999999999998,encoder_all_counterfactual,8400,0.657109797000885,5410,3311,0.20815546810626984,0.027310464531183243,0.0903734639286995,0.657109797000885,8,0.657109797000885,8,0.5804076194763184,2,0.2363831102848053,0.23085901141166687,0.5197509527206421
43,97,8.999999999999998,topk,300,0.20815546810626984,260,260,0.20815546810626984,0.0903734639286995,0.0903734639286995,0.20815546810626984,0,0.20815546810626984,0,0.20815546810626984,0,-0.04202054440975189,-0.13552089035511017,10.865998268127441
43,97,8.999999999999998,pre_bbox,300,0.7793357968330383,173,260,0.7321006655693054,0.2604367434978485,0.4277629554271698,0.7793357968330383,18,0.7793357968330383,18,0.7793357968330383,18,0.13774625957012177,-0.126941978931427,1.378395676612854
43,97,8.999999999999998,decoder_1,300,0.7845367789268494,173,260,0.735417902469635,0.26755833625793457,0.4348222315311432,0.7845367789268494,20,0.7845367789268494,20,0.7845367789268494,20,0.12567301094532013,-0.129653200507164,1.3351224660873413
43,97,8.999999999999998,decoder_2,300,0.7965025901794434,260,260,0.7965025901794434,0.7567259669303894,0.7567259669303894,0.7965025901794434,23,0.7965025901794434,23,0.7965025901794434,13,0.0639602467417717,-0.1607421338558197,1.364171028137207
43,97,8.999999999999998,decoder_3,300,0.7939885854721069,260,260,0.7939885854721069,0.7804436087608337,0.7804436087608337,0.7939885854721069,34,0.7939885854721069,34,0.7939885854721069,7,0.05986512452363968,-0.16638687252998352,1.4311765432357788
43,97,8.999999999999998,final_nms07,205,0.7939885854721069,0,0,0.7939885854721069,0.7804436087608337,0.7804436087608337,0.7939885854721069,8,0.7939885854721069,8,0.7939885854721069,2,0.05986512452363968,-0.16638687252998352,1.4311765432357788
44,98,10.000000000000002,encoder_all_counterfactual,8400,0.7416578531265259,3014,2909,0.5501499176025391,0.06116597354412079,0.10963958501815796,0.7416578531265259,7,0.7416578531265259,7,0.7416578531265259,3,-0.00910120364278555,-0.16080647706985474,1.3128868341445923
44,98,10.000000000000002,topk,300,0.5501499176025391,171,171,0.5501499176025391,0.10963958501815796,0.10963958501815796,0.5501499176025391,1,0.5501499176025391,1,0.5501499176025391,1,-0.025985639542341232,-0.076307013630867,4.742869853973389
44,98,10.000000000000002,pre_bbox,300,0.7031812071800232,285,171,0.6394724249839783,0.5834820866584778,0.6588854193687439,0.7031812071800232,10,0.7031812071800232,10,0.7031812071800232,10,-0.16328120231628418,-0.11112071573734283,2.122694492340088
44,98,10.000000000000002,decoder_1,300,0.706985354423523,285,171,0.6448280811309814,0.5926888585090637,0.6638990640640259,0.706985354423523,8,0.706985354423523,8,0.706985354423523,8,-0.1517927497625351,-0.10396933555603027,2.151538372039795
44,98,10.000000000000002,decoder_2,300,0.7405192852020264,196,171,0.7362217307090759,0.034512583166360855,0.7155634164810181,0.7405192852020264,24,0.7405192852020264,24,0.7362217307090759,6,0.20276227593421936,-0.1286494880914688,1.4851306676864624
44,98,10.000000000000002,decoder_3,300,0.7758049368858337,221,171,0.7275519967079163,0.02073836326599121,0.7936142086982727,0.7758049368858337,32,0.7758049368858337,32,0.760915994644165,6,-0.007867850363254547,-0.13914382457733154,1.2091989517211914
44,98,10.000000000000002,final_nms07,201,0.7275519967079163,0,0,0.7275519967079163,0.7936142086982727,0.7936142086982727,0.7275519967079163,3,0.7275519967079163,3,0.7275519967079163,1,-0.08059434592723846,-0.09761355072259903,2.0592761039733887
45,99,11.0,encoder_all_counterfactual,8400,0.6518208384513855,2599,2759,0.11388017237186432,0.11135933548212051,0.1265212744474411,0.6518208384513855,4,0.6518208384513855,4,0.6518208384513855,4,0.14223821461200714,0.3431202173233032,1.4462499618530273
45,100,12.0,encoder_all_counterfactual,8400,0.5867620706558228,3246,3079,0.16388331353664398,0.01958548091351986,0.13959574699401855,0.5867620706558228,2,0.5867620706558228,2,0.42900875210762024,0,0.36409586668014526,0.2225065380334854,3.0986335277557373
45,101,13.999999999999996,encoder_all_counterfactual,8400,0.5409517884254456,3804,3638,0.1785639077425003,0.02783547341823578,0.14756052196025848,0.5409517884254456,1,0.5409517884254456,1,0.4790162444114685,0,0.30535873770713806,0.36262089014053345,3.199867010116577
45,99,11.0,topk,300,0.6518208384513855,55,31,0.11388017237186432,0.11135933548212051,0.1265212744474411,0.6518208384513855,4,0.6518208384513855,4,0.6518208384513855,4,0.14223821461200714,0.3431202173233032,1.4462499618530273
45,100,12.0,topk,300,0.42900875210762024,20,13,0.16388331353664398,0.13314253091812134,0.13959574699401855,0.42900875210762024,0,0.42900875210762024,0,0.42900875210762024,0,0.22458691895008087,0.26506197452545166,5.397811412811279
45,101,13.999999999999996,topk,300,0.4790162444114685,10,3,0.1785639077425003,0.14338357746601105,0.14756052196025848,0.4790162444114685,0,0.4790162444114685,0,0.4790162444114685,0,0.11455405503511429,0.07783205062150955,4.479005336761475
45,99,11.0,pre_bbox,300,0.9348573088645935,70,55,0.9165972471237183,0.5530101656913757,0.6281397342681885,0.9348573088645935,24,0.9348573088645935,24,0.9348573088645935,24,-0.014936520718038082,0.04870257526636124,0.3295276165008545
45,100,12.0,pre_bbox,300,0.8786794543266296,20,91,0.764252781867981,0.4728480875492096,0.5838398933410645,0.8786794543266296,30,0.8786794543266296,30,0.8786794543266296,30,0.10457035154104233,0.03032723441720009,0.09930300712585449
45,101,13.999999999999996,pre_bbox,300,0.920504629611969,15,147,0.7784496545791626,0.10744282603263855,0.4905143678188324,0.920504629611969,43,0.920504629611969,43,0.920504629611969,43,0.002237667329609394,0.010255788452923298,0.47556382417678833
45,99,11.0,decoder_1,300,0.925266683101654,70,55,0.9212901592254639,0.5581791996955872,0.6337619423866272,0.925266683101654,22,0.925266683101654,22,0.925266683101654,22,-0.01990862563252449,0.05907668545842171,0.3646452724933624
45,100,12.0,decoder_1,300,0.872555673122406,21,91,0.7617014646530151,0.1542472094297409,0.5893736481666565,0.872555673122406,30,0.872555673122406,30,0.872555673122406,30,-0.053871143609285355,0.08515530079603195,0.6044522523880005
45,101,13.999999999999996,decoder_1,300,0.9211440682411194,15,147,0.7802703380584717,0.10869679600000381,0.49686774611473083,0.9211440682411194,40,0.9211440682411194,40,0.9211440682411194,40,-0.009207303635776043,-0.04500575363636017,0.28633594512939453
45,99,11.0,decoder_2,300,0.9063422083854675,105,55,0.8853155374526978,0.45382216572761536,0.7460330724716187,0.9063422083854675,38,0.9063422083854675,38,0.9063422083854675,5,-0.027371933683753014,0.05773994326591492,0.47398173809051514
45,100,12.0,decoder_2,300,0.9083294868469238,21,91,0.8016323447227478,0.01624218560755253,0.7286745309829712,0.9083294868469238,46,0.9083294868469238,46,0.8148472905158997,7,-0.006038924679160118,0.09484068304300308,0.1500007063150406
45,101,13.999999999999996,decoder_2,300,0.9297508597373962,292,147,0.8035430908203125,0.0381191149353981,0.6942558884620667,0.9297508597373962,57,0.9297508597373962,57,0.8505695462226868,8,-0.052321285009384155,0.02034820429980755,0.10886642336845398
45,99,11.0,decoder_3,300,0.8987171053886414,92,55,0.8779723644256592,0.13157594203948975,0.7573253512382507,0.8987171053886414,41,0.8987171053886414,41,0.8987171053886414,4,-0.02905157394707203,0.07016570121049881,0.5240862965583801
45,100,12.0,decoder_3,300,0.8975812792778015,21,91,0.7915918231010437,0.018886374309659004,0.7704401612281799,0.8975812792778015,53,0.8975812792778015,53,0.8222008347511292,8,-0.008854171261191368,0.09163273870944977,0.2479155957698822
45,101,13.999999999999996,decoder_3,300,0.9167532920837402,292,147,0.802722692489624,0.028029896318912506,0.7681431174278259,0.9167532920837402,60,0.9167532920837402,60,0.8188015818595886,3,-0.04376519098877907,0.04050260782241821,0.4129510819911957
45,99,11.0,final_nms07,146,0.8779723644256592,2,2,0.8779723644256592,0.7573253512382507,0.7573253512382507,0.8779723644256592,4,0.8779723644256592,4,0.8779723644256592,1,-0.02828041836619377,0.07420871406793594,0.632527232170105
45,100,12.0,final_nms07,146,0.7915918231010437,0,0,0.7915918231010437,0.7704401612281799,0.7704401612281799,0.7915918231010437,7,0.7915918231010437,7,0.7915918231010437,1,0.05495481565594673,0.12326555699110031,1.0741697549819946
45,101,13.999999999999996,final_nms07,146,0.802722692489624,1,1,0.802722692489624,0.7681431174278259,0.7681431174278259,0.802722692489624,4,0.802722692489624,4,0.802722692489624,1,-0.05896458029747009,-0.05459338799118996,1.232218623161316
46,102,15.0,encoder_all_counterfactual,8400,0.7146624326705933,2927,2841,0.1206614226102829,0.016398217529058456,0.13012951612472534,0.7146624326705933,4,0.7146624326705933,4,0.6204121708869934,3,-0.17199955880641937,0.19153070449829102,1.428531289100647
46,103,12.0,encoder_all_counterfactual,8400,0.6978849172592163,3557,3160,0.4465286135673523,0.072074756026268,0.127580925822258,0.6978849172592163,4,0.6978849172592163,4,0.6978849172592163,2,0.2317190319299698,0.13471581041812897,2.2988157272338867
46,104,12.0,encoder_all_counterfactual,8400,0.6556400060653687,3807,3721,0.16887784004211426,0.017963670194149017,0.1382053941488266,0.6556400060653687,5,0.6556400060653687,5,0.5476445555686951,2,-0.29484766721725464,0.10709013789892197,0.017585741356015205
46,102,15.0,topk,300,0.6204121708869934,150,23,0.1206614226102829,0.08499913662672043,0.13012951612472534,0.6204121708869934,3,0.6204121708869934,3,0.6204121708869934,3,0.12387749552726746,-0.001499273581430316,3.2762155532836914
46,103,12.0,topk,300,0.6978849172592163,233,31,0.4465286135673523,0.072074756026268,0.127580925822258,0.6978849172592163,2,0.6978849172592163,2,0.6978849172592163,2,0.2317190319299698,0.13471581041812897,2.2988157272338867
46,104,12.0,topk,300,0.5476445555686951,128,10,0.16887784004211426,0.09123040735721588,0.1382053941488266,0.5476445555686951,2,0.5476445555686951,2,0.5476445555686951,2,0.21919159591197968,0.47323617339134216,2.177903890609741
46,102,15.0,pre_bbox,300,0.9404637217521667,5,86,0.8267590403556824,0.16302300989627838,0.5811734199523926,0.9404637217521667,33,0.9404637217521667,33,0.9404637217521667,33,-0.00038074495387263596,0.04854430630803108,0.18068569898605347
46,103,12.0,pre_bbox,300,0.8327004313468933,111,233,0.7911155819892883,0.0747780129313469,0.6516178846359253,0.8327004313468933,28,0.8327004313468933,28,0.8327004313468933,26,-0.07137829810380936,0.12405014783143997,0.7061817049980164
46,104,12.0,pre_bbox,300,0.7932916879653931,19,21,0.6973910927772522,0.1744491457939148,0.5920825004577637,0.7932916879653931,32,0.7932916879653931,32,0.7932916879653931,32,0.025461550801992416,0.2180343121290207,0.7682672739028931
46,102,15.0,decoder_1,300,0.947902262210846,5,86,0.8281518220901489,0.16508795320987701,0.5878728628158569,0.947902262210846,32,0.947902262210846,32,0.947902262210846,32,-0.006243095733225346,0.03128422424197197,0.23270435631275177
46,103,12.0,decoder_1,300,0.8403161764144897,111,233,0.788122832775116,0.07414579391479492,0.658577024936676,0.8403161764144897,26,0.8403161764144897,26,0.8403161764144897,26,-0.08728079497814178,0.09439978748559952,0.35451003909111023
46,104,12.0,decoder_1,300,0.8220416307449341,96,21,0.6922319531440735,0.12805823981761932,0.5999706387519836,0.8220416307449341,32,0.8220416307449341,32,0.8220416307449341,32,0.09928023815155029,0.10661889612674713,0.7571061849594116
46,102,15.0,decoder_2,300,0.9095081686973572,5,150,0.8281431198120117,0.023251427337527275,0.7651606798171997,0.9095081686973572,39,0.9095081686973572,39,0.8281431198120117,2,-0.0076118092983961105,0.0001650208723731339,0.7287610769271851
46,103,12.0,decoder_2,300,0.7986528873443604,58,107,0.7220507264137268,0.019934959709644318,0.6801385283470154,0.7986528873443604,43,0.7986528873443604,43,0.7265118956565857,4,-0.10054163634777069,0.14032448828220367,0.7115499377250671
46,104,12.0,decoder_2,300,0.8550909161567688,104,21,0.7187711000442505,0.029143638908863068,0.6731232404708862,0.8550909161567688,51,0.8550909161567688,51,0.7257238626480103,6,-0.10487664490938187,0.05230000242590904,0.4652754068374634
46,102,15.0,decoder_3,300,0.9056137204170227,88,150,0.821420431137085,0.017820440232753754,0.7697651982307434,0.9056137204170227,47,0.9056137204170227,47,0.821420431137085,2,-0.08277889341115952,-0.012657593004405499,0.34075433015823364
46,103,12.0,decoder_3,300,0.7889258861541748,58,107,0.7246707081794739,0.020978432148694992,0.7515966892242432,0.7889258861541748,48,0.7889258861541748,48,0.7246707081794739,2,-0.10659269988536835,0.14823484420776367,0.5041117072105408
46,104,12.0,decoder_3,300,0.8396943807601929,91,21,0.7148222327232361,0.04023154079914093,0.7533530592918396,0.8396943807601929,54,0.8396943807601929,54,0.7148222327232361,1,-0.07037761062383652,0.11178366839885712,0.6141560673713684
46,102,15.0,final_nms07,150,0.821420431137085,0,0,0.821420431137085,0.7697651982307434,0.7697651982307434,0.821420431137085,8,0.821420431137085,8,0.821420431137085,1,0.05434879660606384,-0.025244299322366714,1.2556756734848022
46,103,12.0,final_nms07,150,0.7246707081794739,2,2,0.7246707081794739,0.7515966892242432,0.7515966892242432,0.7246707081794739,5,0.7246707081794739,5,0.7246707081794739,1,-0.1251385658979416,0.2368977665901184,0.4204385578632355
46,104,12.0,final_nms07,150,0.7148222327232361,1,1,0.7148222327232361,0.7533530592918396,0.7533530592918396,0.7148222327232361,4,0.7148222327232361,4,0.7148222327232361,1,0.06646593660116196,0.2628905475139618,0.8704296946525574
47,105,12.0,encoder_all_counterfactual,8400,0.5198206305503845,2999,3079,0.3246307075023651,0.12352754175662994,0.13077956438064575,0.5198206305503845,2,0.5198206305503845,2,0.5198206305503845,1,0.06294712424278259,0.0648978054523468,4.721579074859619
47,106,12.0,encoder_all_counterfactual,8400,0.731869101524353,3724,3640,0.2341027855873108,0.04183085262775421,0.1429237425327301,0.731869101524353,1,0.731869101524353,1,0.46807268261909485,0,0.061901215463876724,0.15818962454795837,1.8226420879364014
47,107,9.999999999999998,encoder_all_counterfactual,8400,0.5094033479690552,2682,2522,0.10385037213563919,0.09099260717630386,0.12602241337299347,0.5094033479690552,1,0.5094033479690552,1,0.5094033479690552,1,0.35380104184150696,0.3720017671585083,3.237452983856201
47,105,12.0,topk,300,0.5198206305503845,38,23,0.3246307075023651,0.12352754175662994,0.13077956438064575,0.5198206305503845,1,0.5198206305503845,1,0.5198206305503845,1,0.06294712424278259,0.0648978054523468,4.721579074859619
47,106,12.0,topk,300,0.46807268261909485,5,1,0.2341027855873108,0.13928407430648804,0.1429237425327301,0.46807268261909485,0,0.46807268261909485,0,0.46807268261909485,0,0.09577233344316483,0.18672586977481842,4.347902774810791
47,107,9.999999999999998,topk,300,0.5094033479690552,108,32,0.10385037213563919,0.09099260717630386,0.12602241337299347,0.5094033479690552,1,0.5094033479690552,1,0.5094033479690552,1,0.35380104184150696,0.3720017671585083,3.237452983856201
47,105,12.0,pre_bbox,300,0.9155756235122681,35,38,0.8625319600105286,0.5585039258003235,0.5848678946495056,0.9155756235122681,28,0.9155756235122681,28,0.9155756235122681,28,0.02836422249674797,0.0560651496052742,0.43677645921707153
47,106,12.0,pre_bbox,300,0.8432640433311462,26,5,0.8315179347991943,0.47267666459083557,0.5630773305892944,0.8432640433311462,44,0.8432640433311462,44,0.8432640433311462,44,-0.022627422586083412,0.14079701900482178,0.6337990760803223
47,107,9.999999999999998,pre_bbox,300,0.6959744095802307,98,88,0.6631981134414673,0.572758138179779,0.6009964942932129,0.6959744095802307,20,0.6959744095802307,20,0.6959744095802307,20,0.10882722586393356,0.29581502079963684,0.562326967716217
47,105,12.0,decoder_1,300,0.9150479435920715,35,38,0.861668050289154,0.5636414289474487,0.5918169021606445,0.9150479435920715,29,0.9150479435920715,29,0.9150479435920715,29,0.022706998512148857,0.06857161968946457,0.4220012128353119
47,106,12.0,decoder_1,300,0.8453298211097717,127,5,0.826715886592865,0.11660131067037582,0.5680184364318848,0.8453298211097717,44,0.8453298211097717,44,0.8453298211097717,44,-0.03707039728760719,0.14447005093097687,0.5380711555480957
47,107,9.999999999999998,decoder_1,300,0.6923037767410278,98,88,0.6610873937606812,0.5781686305999756,0.6073207259178162,0.6923037767410278,20,0.6923037767410278,20,0.6923037767410278,20,0.10928205400705338,0.30214691162109375,0.5940386652946472
47,105,12.0,decoder_2,300,0.9378154277801514,266,38,0.8879615068435669,0.03694048896431923,0.6828827261924744,0.9378154277801514,46,0.9378154277801514,46,0.9048894643783569,11,-0.0029048784635961056,0.060805849730968475,0.3649991452693939
47,106,12.0,decoder_2,300,0.8570922613143921,25,5,0.81580650806427,0.015686647966504097,0.7084978222846985,0.8570922613143921,56,0.8570922613143921,56,0.81580650806427,2,-0.02344784140586853,0.13783085346221924,0.42200931906700134
47,107,9.999999999999998,decoder_2,300,0.7623228430747986,32,166,0.6525657176971436,0.023687370121479034,0.7269012928009033,0.7623228430747986,35,0.7623228430747986,35,0.6747714281082153,4,0.03858253359794617,0.2485334426164627,1.031592607498169
47,105,12.0,decoder_3,300,0.9338405728340149,18,38,0.8867290616035461,0.05475196987390518,0.7575629949569702,0.9338405728340149,49,0.9338405728340149,49,0.9338405728340149,13,0.03605489805340767,0.03358055651187897,0.21352098882198334
47,106,12.0,decoder_3,300,0.8606914281845093,25,5,0.8181117177009583,0.017029201611876488,0.7349838018417358,0.8606914281845093,57,0.8606914281845093,57,0.8335658311843872,8,-0.02163558639585972,0.13387425243854523,0.37277498841285706
47,107,9.999999999999998,decoder_3,300,0.7600492835044861,32,166,0.6454415917396545,0.017634812742471695,0.7326342463493347,0.7600492835044861,40,0.7600492835044861,40,0.6563410758972168,3,0.040935855358839035,0.2529069185256958,0.9428907632827759
47,105,12.0,final_nms07,140,0.8867290616035461,0,0,0.8867290616035461,0.7575629949569702,0.7575629949569702,0.8867290616035461,5,0.8867290616035461,5,0.8867290616035461,1,-0.02960067428648472,0.08904033154249191,0.3660274147987366
47,106,12.0,final_nms07,140,0.8181117177009583,1,1,0.8181117177009583,0.7349838018417358,0.7349838018417358,0.8181117177009583,2,0.8181117177009583,2,0.8181117177009583,1,-0.0827592983841896,0.12328702956438065,0.805378258228302
47,107,9.999999999999998,final_nms07,140,0.6454415917396545,2,2,0.6454415917396545,0.7326342463493347,0.7326342463493347,0.6454415917396545,5,0.6454415917396545,5,0.6454415917396545,1,0.14840835332870483,0.34910571575164795,0.1263394057750702
48,108,11.0,encoder_all_counterfactual,8400,0.6221751570701599,2521,2442,0.1502685397863388,0.0944739356637001,0.10752204805612564,0.6221751570701599,2,0.6221751570701599,2,0.6221751570701599,2,0.33198675513267517,0.20666678249835968,0.9885068535804749
48,109,13.999999999999996,encoder_all_counterfactual,8400,0.7023594975471497,3166,2999,0.6911100149154663,0.026699231937527657,0.13177253305912018,0.7023594975471497,4,0.7023594975471497,4,0.6911100149154663,2,0.18077586591243744,0.2057945877313614,1.5519177913665771
48,110,18.0,encoder_all_counterfactual,8400,0.6833480000495911,3958,3880,0.11069505661725998,0.09812185168266296,0.1413159817457199,0.6833480000495911,5,0.6833480000495911,5,0.6833480000495911,2,-0.19988371431827545,-0.14594049751758575,1.490563154220581
48,108,11.0,topk,300,0.6221751570701599,97,63,0.1502685397863388,0.0944739356637001,0.10752204805612564,0.6221751570701599,2,0.6221751570701599,2,0.6221751570701599,2,0.33198675513267517,0.20666678249835968,0.9885068535804749
48,109,13.999999999999996,topk,300,0.6911100149154663,16,16,0.6911100149154663,0.13177253305912018,0.13177253305912018,0.6911100149154663,2,0.6911100149154663,2,0.6911100149154663,2,0.06511790305376053,0.05643938109278679,2.5629377365112305
48,110,18.0,topk,300,0.6833480000495911,87,4,0.11069505661725998,0.09812185168266296,0.1413159817457199,0.6833480000495911,1,0.6833480000495911,1,0.6833480000495911,1,-0.19988371431827545,-0.14594049751758575,1.490563154220581
48,108,11.0,pre_bbox,300,0.8940795063972473,107,97,0.772850513458252,0.41237011551856995,0.6228356957435608,0.8940795063972473,31,0.8940795063972473,31,0.8940795063972473,31,0.027382994070649147,0.0401577427983284,0.5223804712295532
48,109,13.999999999999996,pre_bbox,300,0.7993963956832886,61,16,0.7351047992706299,0.174980029463768,0.614423930644989,0.7993963956832886,23,0.7993963956832886,23,0.7993963956832886,23,-0.058139074593782425,-0.0807638019323349,1.1262803077697754
48,110,18.0,pre_bbox,300,0.751951277256012,146,13,0.4699692130088806,0.08182750642299652,0.534663200378418,0.751951277256012,18,0.751951277256012,18,0.751951277256012,16,-0.1701740175485611,0.08869738131761551,1.3611418008804321
48,108,11.0,decoder_1,300,0.8888912200927734,107,97,0.7778764963150024,0.41598227620124817,0.6290282607078552,0.8888912200927734,31,0.8888912200927734,31,0.8888912200927734,31,0.02500441111624241,0.05399363487958908,0.55246901512146
48,109,13.999999999999996,decoder_1,300,0.7856829166412354,61,16,0.7347751259803772,0.17651638388633728,0.6222870349884033,0.7856829166412354,20,0.7856829166412354,20,0.7856829166412354,19,-0.07913234084844589,-0.09492427855730057,1.0762684345245361
48,110,18.0,decoder_1,300,0.6741069555282593,146,13,0.47699010372161865,0.0808396264910698,0.5420303344726562,0.6741069555282593,13,0.6741069555282593,13,0.6741069555282593,13,-0.24540573358535767,0.15823231637477875,1.4628236293792725
48,108,11.0,decoder_2,300,0.896930456161499,245,97,0.8258076906204224,0.022229593247175217,0.7207478284835815,0.896930456161499,34,0.896930456161499,34,0.8280607461929321,2,0.03493502363562584,0.07728040963411331,0.14328698813915253
48,109,13.999999999999996,decoder_2,300,0.7674839496612549,46,16,0.7352277636528015,0.0263680312782526,0.621659517288208,0.7674839496612549,35,0.7674839496612549,35,0.7551580667495728,7,0.033685971051454544,-0.032664768397808075,1.7986016273498535
48,110,18.0,decoder_2,300,0.6640939116477966,24,13,0.4137188792228699,0.023316973820328712,0.6849257946014404,0.6640939116477966,13,0.6640939116477966,13,0.4514564275741577,0,-0.32050931453704834,-0.017072292044758797,1.6559494733810425
48,108,11.0,decoder_3,300,0.8935106992721558,245,97,0.8128349184989929,0.021600060164928436,0.7091747522354126,0.8935106992721558,38,0.8935106992721558,38,0.8145899772644043,2,0.03425123915076256,0.08212140947580338,0.17395910620689392
48,109,13.999999999999996,decoder_3,300,0.8404223918914795,64,16,0.7325578331947327,0.05895538628101349,0.7245916724205017,0.8404223918914795,42,0.8404223918914795,42,0.8404223918914795,17,0.0869794711470604,0.016077080741524696,0.9980950355529785
48,110,18.0,decoder_3,300,0.6587645411491394,23,13,0.4185880422592163,0.04413475841283798,0.7138782739639282,0.6587645411491394,6,0.6587645411491394,6,0.5370267629623413,1,-0.1489938348531723,-0.22590403258800507,0.7187506556510925
48,108,11.0,final_nms07,168,0.8128349184989929,2,2,0.8128349184989929,0.7091747522354126,0.7091747522354126,0.8128349184989929,5,0.8128349184989929,5,0.8128349184989929,1,0.05833246931433678,0.08051451295614243,0.9667503237724304
48,109,13.999999999999996,final_nms07,168,0.7325578331947327,0,0,0.7325578331947327,0.7245916724205017,0.7245916724205017,0.7325578331947327,4,0.7325578331947327,4,0.7325578331947327,2,0.04265650361776352,-0.0158992912620306,2.1171646118164062
48,110,18.0,final_nms07,168,0.6587645411491394,13,1,0.4185880422592163,0.04413475841283798,0.7138782739639282,0.6587645411491394,4,0.6587645411491394,4,0.5370267629623413,1,-0.1489938348531723,-0.22590403258800507,0.7187506556510925
49,111,12.0,encoder_all_counterfactual,8400,0.7545374035835266,2441,2360,0.25618359446525574,0.09279906004667282,0.12444978207349777,0.7545374035835266,5,0.7545374035835266,5,0.7545374035835266,3,0.015595757402479649,0.2535647451877594,1.7541494369506836
49,112,13.999999999999996,encoder_all_counterfactual,8400,0.8500103950500488,2921,2679,0.1740674376487732,0.07658913731575012,0.14430084824562073,0.8500103950500488,8,0.8500103950500488,8,0.8500103950500488,3,0.06264832615852356,0.1070994958281517,0.5477507710456848
49,113,13.999999999999996,encoder_all_counterfactual,8400,0.5814157724380493,3486,3158,0.2469003051519394,0.01711963303387165,0.13507570326328278,0.5814157724380493,1,0.5814157724380493,1,0.4802974760532379,0,-0.07442023605108261,0.007402380928397179,3.6756231784820557
49,111,12.0,topk,300,0.7545374035835266,131,39,0.25618359446525574,0.09279906004667282,0.12444978207349777,0.7545374035835266,3,0.7545374035835266,3,0.7545374035835266,3,0.015595757402479649,0.2535647451877594,1.7541494369506836
49,112,13.999999999999996,topk,300,0.8500103950500488,275,5,0.1740674376487732,0.07658913731575012,0.14430084824562073,0.8500103950500488,2,0.8500103950500488,2,0.8500103950500488,2,0.06264832615852356,0.1070994958281517,0.5477507710456848
49,113,13.999999999999996,topk,300,0.3604326546192169,21,17,0.2469003051519394,0.13401924073696136,0.13507570326328278,0.3604326546192169,0,0.3604326546192169,0,0.3604326546192169,0,0.05402379855513573,0.11530481278896332,7.032408714294434
49,111,12.0,pre_bbox,300,0.840401291847229,229,73,0.7645980715751648,0.20091187953948975,0.5768611431121826,0.840401291847229,20,0.840401291847229,20,0.840401291847229,20,-0.05696646869182587,0.12950308620929718,0.1680147796869278
49,112,13.999999999999996,pre_bbox,300,0.7915217280387878,15,48,0.615705132484436,0.044179607182741165,0.6139744520187378,0.7915217280387878,26,0.7915217280387878,26,0.7294162511825562,24,0.09789666533470154,0.0878913402557373,1.4973036050796509
49,113,13.999999999999996,pre_bbox,300,0.9241772294044495,291,21,0.8680461645126343,0.2120305299758911,0.4494127035140991,0.9241772294044495,41,0.9241772294044495,41,0.9241772294044495,41,0.006546797230839729,0.020817462354898453,0.443058580160141
49,111,12.0,decoder_1,300,0.8313099145889282,229,73,0.75590980052948,0.20647339522838593,0.5854859948158264,0.8313099145889282,21,0.8313099145889282,21,0.8313099145889282,21,-0.09645609557628632,0.09617052972316742,0.1943095326423645
49,112,13.999999999999996,decoder_1,300,0.6799548268318176,11,48,0.6169590950012207,0.08648329228162766,0.6213955879211426,0.6799548268318176,22,0.6799548268318176,22,0.6799548268318176,20,-0.19851507246494293,0.2230014204978943,2.0887835025787354
49,113,13.999999999999996,decoder_1,300,0.9352973103523254,291,21,0.8749676942825317,0.2181406021118164,0.4569697380065918,0.9352973103523254,37,0.9352973103523254,37,0.9352973103523254,37,-0.04217609763145447,0.0036857917439192533,0.19961512088775635
49,111,12.0,decoder_2,300,0.9218931198120117,143,73,0.7504006028175354,0.0341704897582531,0.7360498309135437,0.9218931198120117,28,0.9218931198120117,28,0.8044517040252686,3,-0.02022986300289631,0.02484281174838543,0.41626739501953125
49,112,13.999999999999996,decoder_2,300,0.7949787974357605,243,48,0.6142808794975281,0.03481389582157135,0.6769766211509705,0.7949787974357605,49,0.7949787974357605,49,0.6689782738685608,10,-0.06250675022602081,-0.09365925937891006,1.4127020835876465
49,113,13.999999999999996,decoder_2,300,0.9194431900978088,25,21,0.7940430045127869,0.017955873161554337,0.6987544298171997,0.9194431900978088,61,0.9194431900978088,61,0.8761248588562012,4,-0.04424339160323143,0.04132223129272461,0.46416667103767395
49,111,12.0,decoder_3,300,0.9361596703529358,143,73,0.7451151609420776,0.04205520823597908,0.7591688632965088,0.9361596703529358,34,0.9361596703529358,34,0.7910030484199524,3,-0.012773322872817516,-0.009817581623792648,0.4417878985404968
49,112,13.999999999999996,decoder_3,300,0.7364990711212158,243,48,0.6045312285423279,0.028302926570177078,0.747956395149231,0.7364990711212158,57,0.7364990711212158,57,0.6045312285423279,4,-0.0021687899716198444,0.1092957928776741,2.0508265495300293
49,113,13.999999999999996,decoder_3,300,0.9309414625167847,25,21,0.793161153793335,0.019955841824412346,0.7752076983451843,0.9309414625167847,62,0.9309414625167847,62,0.793161153793335,2,-0.038882650434970856,0.02305247262120247,0.41233956813812256
49,111,12.0,final_nms07,141,0.7451151609420776,1,1,0.7451151609420776,0.7591688632965088,0.7591688632965088,0.7451151609420776,6,0.7451151609420776,6,0.7451151609420776,1,-0.008076238445937634,0.1715078204870224,1.3838902711868286
49,112,13.999999999999996,final_nms07,141,0.7163992524147034,7,2,0.6045312285423279,0.044022753834724426,0.747956395149231,0.7163992524147034,5,0.7163992524147034,5,0.6045312285423279,1,-0.12551455199718475,0.23030564188957214,2.0619983673095703
49,113,13.999999999999996,final_nms07,141,0.793161153793335,0,0,0.793161153793335,0.7752076983451843,0.7752076983451843,0.793161153793335,3,0.793161153793335,3,0.793161153793335,1,-0.04329434782266617,-0.09981502592563629,1.4183984994888306
50,114,13.999999999999996,encoder_all_counterfactual,8400,0.7652243971824646,2842,2761,0.41909152269363403,0.08704997599124908,0.11809974908828735,0.7652243971824646,5,0.7652243971824646,5,0.7652243971824646,4,0.09755515307188034,0.012152701616287231,2.376986026763916
50,115,11.999999999999998,encoder_all_counterfactual,8400,0.5098037719726562,3158,3239,0.21439523994922638,0.11232277005910873,0.11831802874803543,0.5098037719726562,1,0.5098037719726562,1,0.5098037719726562,1,0.35317105054855347,-0.10354910790920258,4.042577743530273
50,116,11.0,encoder_all_counterfactual,8400,0.5709936022758484,3964,3719,0.14708828926086426,0.033874496817588806,0.134054496884346,0.5709936022758484,2,0.5709936022758484,2,0.429370254278183,0,0.001990347635000944,0.23828577995300293,3.212510108947754
50,114,13.999999999999996,topk,300,0.7652243971824646,123,28,0.41909152269363403,0.08704997599124908,0.11809974908828735,0.7652243971824646,3,0.7652243971824646,3,0.7652243971824646,3,0.09755515307188034,0.012152701616287231,2.376986026763916
50,115,11.999999999999998,topk,300,0.5098037719726562,42,26,0.21439523994922638,0.11232277005910873,0.11831802874803543,0.5098037719726562,1,0.5098037719726562,1,0.5098037719726562,1,0.35317105054855347,-0.10354910790920258,4.042577743530273
50,116,11.0,topk,300,0.429370254278183,30,6,0.14708828926086426,0.11751700192689896,0.134054496884346,0.429370254278183,0,0.429370254278183,0,0.429370254278183,0,0.3301951289176941,0.6828174591064453,4.714822769165039
50,114,13.999999999999996,pre_bbox,300,0.8435803055763245,141,93,0.5918182730674744,0.2955501973628998,0.5805072784423828,0.8435803055763245,30,0.8435803055763245,30,0.8435803055763245,30,-0.07512953132390976,-0.06266748160123825,0.7868366241455078
50,115,11.999999999999998,pre_bbox,300,0.8150023221969604,44,42,0.7301710247993469,0.29657238721847534,0.6297098994255066,0.8150023221969604,35,0.8150023221969604,35,0.8150023221969604,35,0.1842762678861618,-0.03556285426020622,1.0926748514175415
50,116,11.0,pre_bbox,300,0.7665162086486816,183,30,0.662784218788147,0.11239077150821686,0.6325175166130066,0.7665162086486816,41,0.7665162086486816,41,0.7665162086486816,41,0.09744806587696075,0.18876390159130096,0.26678651571273804
50,114,13.999999999999996,decoder_1,300,0.8327258825302124,131,93,0.5873014330863953,0.2505325376987457,0.5890186429023743,0.8327258825302124,30,0.8327258825302124,30,0.8327258825302124,30,-0.06733803451061249,-0.015799906104803085,1.0719026327133179
50,115,11.999999999999998,decoder_1,300,0.8188331127166748,40,244,0.7108033299446106,0.21007123589515686,0.6359524130821228,0.8188331127166748,36,0.8188331127166748,36,0.8188331127166748,36,0.11570742726325989,-0.0718337744474411,1.0248332023620605
50,116,11.0,decoder_1,300,0.7969257235527039,178,30,0.658948540687561,0.10213315486907959,0.6388362050056458,0.7969257235527039,41,0.7969257235527039,41,0.7969257235527039,41,-0.022351499646902084,0.14589925110340118,1.3588155508041382
50,114,13.999999999999996,decoder_2,300,0.8171012997627258,248,123,0.584970235824585,0.023550741374492645,0.7304970026016235,0.8171012997627258,37,0.8171012997627258,37,0.6250762939453125,5,0.03427476808428764,-0.06350986659526825,1.2779273986816406
50,115,11.999999999999998,decoder_2,300,0.8471590876579285,194,67,0.7282391786575317,0.03311696648597717,0.7042179703712463,0.8471590876579285,55,0.8471590876579285,55,0.7699270844459534,7,0.11289790272712708,-0.05335968732833862,0.8262083530426025
50,116,11.0,decoder_2,300,0.7541453242301941,55,30,0.642492413520813,0.014290966093540192,0.6169419884681702,0.7541453242301941,67,0.7541453242301941,67,0.645906925201416,2,-0.046030204743146896,0.27775561809539795,0.65506511926651
50,114,13.999999999999996,decoder_3,300,0.8809977173805237,277,123,0.5935542583465576,0.024058731272816658,0.7047227621078491,0.8809977173805237,40,0.8809977173805237,40,0.5935542583465576,1,-0.017577694728970528,-0.06056142598390579,0.6108809113502502
50,115,11.999999999999998,decoder_3,300,0.822733998298645,222,67,0.7263239026069641,0.024834908545017242,0.7174192667007446,0.822733998298645,66,0.822733998298645,66,0.7478036284446716,7,0.13630393147468567,-0.07334999740123749,0.3994744122028351
50,116,11.0,decoder_3,300,0.7524528503417969,55,30,0.6384467482566833,0.01611909456551075,0.7326411008834839,0.7524528503417969,70,0.7524528503417969,70,0.6384467482566833,2,-0.0550120547413826,0.2707720994949341,0.6994911432266235
50,114,13.999999999999996,final_nms07,125,0.8809977173805237,33,2,0.5935542583465576,0.024058731272816658,0.7047227621078491,0.8809977173805237,5,0.8809977173805237,5,0.5935542583465576,1,-0.017577694728970528,-0.06056142598390579,0.6108809113502502
50,115,11.999999999999998,final_nms07,125,0.7263239026069641,1,1,0.7263239026069641,0.7174192667007446,0.7174192667007446,0.7263239026069641,7,0.7263239026069641,7,0.7263239026069641,2,0.1859741508960724,-0.10197041183710098,1.5463998317718506
50,116,11.0,final_nms07,125,0.7115921974182129,6,0,0.6384467482566833,0.03723256289958954,0.7326411008834839,0.7115921974182129,3,0.7115921974182129,3,0.6384467482566833,1,0.03528446704149246,0.3463510572910309,2.1230814456939697
51,117,13.999999999999996,encoder_all_counterfactual,8400,0.610732913017273,3007,2837,0.1584845781326294,0.02379232458770275,0.10217361152172089,0.610732913017273,4,0.610732913017273,4,0.5539252758026123,2,0.26980412006378174,0.10467731207609177,2.9994585514068604
51,118,11.0,encoder_all_counterfactual,8400,0.7009676098823547,3404,2999,0.12990815937519073,0.027353689074516296,0.12439674884080887,0.7009676098823547,3,0.7009676098823547,3,0.6541839241981506,1,0.147092804312706,0.24156562983989716,1.540453314781189
51,119,10.0,encoder_all_counterfactual,8400,0.5519744157791138,3645,3957,0.23832614719867706,0.027273347601294518,0.13376297056674957,0.5519744157791138,2,0.5519744157791138,2,0.23832614719867706,0,0.2536787986755371,0.44509357213974,2.59820818901062
51,117,13.999999999999996,topk,300,0.5539252758026123,46,40,0.1584845781326294,0.10013352334499359,0.10217361152172089,0.5539252758026123,2,0.5539252758026123,2,0.5539252758026123,2,0.05922170355916023,-0.0697258785367012,3.534036874771118
51,118,11.0,topk,300,0.6541839241981506,11,9,0.12990815937519073,0.12305551767349243,0.12439674884080887,0.6541839241981506,1,0.6541839241981506,1,0.6541839241981506,1,0.28435489535331726,0.19017739593982697,1.2112408876419067
51,119,10.0,topk,300,0.23832614719867706,4,4,0.23832614719867706,0.13376297056674957,0.13376297056674957,0.23832614719867706,0,0.23832614719867706,0,0.23832614719867706,0,1.0661513805389404,0.5580339431762695,7.7436723709106445
51,117,13.999999999999996,pre_bbox,300,0.8659080266952515,40,156,0.7498291730880737,0.32788750529289246,0.573283851146698,0.8659080266952515,29,0.8659080266952515,29,0.8659080266952515,29,-0.09136223047971725,-0.04702775552868843,0.31572866439819336
51,118,11.0,pre_bbox,300,0.5300230383872986,11,11,0.5300230383872986,0.6362485885620117,0.6362485885620117,0.5300230383872986,2,0.5300230383872986,2,0.5300230383872986,2,0.2833271026611328,0.14536002278327942,2.6988213062286377
51,119,10.0,pre_bbox,300,0.6474567651748657,76,4,0.6421052813529968,0.1771613210439682,0.4474030137062073,0.6474567651748657,15,0.6474567651748657,15,0.6474567651748657,15,0.19141601026058197,0.2963605225086212,0.9352004528045654
51,117,13.999999999999996,decoder_1,300,0.8669625520706177,72,156,0.74913489818573,0.17153312265872955,0.5792571902275085,0.8669625520706177,29,0.8669625520706177,29,0.8669625520706177,29,-0.09844179451465607,-0.02379491925239563,0.3152930438518524
51,118,11.0,decoder_1,300,0.5275875926017761,11,11,0.5275875926017761,0.6434291005134583,0.6434291005134583,0.5275875926017761,3,0.5275875926017761,3,0.5275875926017761,3,0.2801506519317627,0.1612030565738678,2.765902280807495
51,119,10.0,decoder_1,300,0.6850036382675171,76,4,0.6432012915611267,0.1796887218952179,0.4505350589752197,0.6850036382675171,18,0.6850036382675171,18,0.6850036382675171,18,0.1537189930677414,0.26534080505371094,1.132623314857483
51,117,13.999999999999996,decoder_2,300,0.882706344127655,78,156,0.7673512101173401,0.023886023089289665,0.7493900656700134,0.882706344127655,39,0.882706344127655,39,0.810142993927002,7,-0.0883897915482521,0.03592105582356453,0.44049492478370667
51,118,11.0,decoder_2,300,0.621628999710083,207,11,0.5243550539016724,0.05066495016217232,0.7414627075195312,0.621628999710083,14,0.621628999710083,14,0.621628999710083,4,0.09367647022008896,0.020101943984627724,2.3554270267486572
51,119,10.0,decoder_2,300,0.7179604172706604,16,215,0.6097159385681152,0.04542788118124008,0.702007532119751,0.7179604172706604,47,0.7179604172706604,47,0.6559026837348938,9,0.21750149130821228,0.1412331610918045,1.2854269742965698
51,117,13.999999999999996,decoder_3,300,0.8727008104324341,78,156,0.7744647264480591,0.023296544328331947,0.7414350509643555,0.8727008104324341,43,0.8727008104324341,43,0.7744647264480591,3,-0.09213446080684662,-0.0069447779096663,0.6304005980491638
51,118,11.0,decoder_3,300,0.6099262833595276,207,11,0.5224760174751282,0.05965576693415642,0.7620071768760681,0.6099262833595276,17,0.6099262833595276,17,0.6099262833595276,5,0.11748434603214264,0.042383041232824326,2.431943655014038
51,119,10.0,decoder_3,300,0.7213521003723145,79,215,0.6153731942176819,0.024059846997261047,0.7219611406326294,0.7213521003723145,52,0.7213521003723145,52,0.6606429815292358,8,0.19325260818004608,0.15743644535541534,1.1271411180496216
51,117,13.999999999999996,final_nms07,148,0.7744647264480591,1,1,0.7744647264480591,0.7414350509643555,0.7414350509643555,0.7744647264480591,7,0.7744647264480591,7,0.7744647264480591,1,-0.1322198510169983,-0.1071278378367424,0.9587976932525635
51,118,11.0,final_nms07,148,0.5774766206741333,26,0,0.5224760174751282,0.02264382131397724,0.7620071768760681,0.5774766206741333,3,0.5774766206741333,3,0.5224760174751282,2,-0.0564117506146431,0.3455546200275421,3.00443696975708
51,119,10.0,final_nms07,148,0.6153731942176819,2,2,0.6153731942176819,0.7219611406326294,0.7219611406326294,0.6153731942176819,2,0.6153731942176819,2,0.6153731942176819,1,0.31857913732528687,0.2035946100950241,1.4242756366729736
52,120,11.0,encoder_all_counterfactual,8400,0.4825788736343384,2442,2440,0.1317487508058548,0.06076069548726082,0.11958113312721252,0.4825788736343384,0,0.4825788736343384,0,0.4825788736343384,0,0.5088719725608826,0.28382936120033264,2.8801467418670654
52,121,11.0,encoder_all_counterfactual,8400,0.6419695615768433,2846,2759,0.13168995082378387,0.0212508924305439,0.12995542585849762,0.6419695615768433,2,0.6419695615768433,2,0.48860400915145874,0,-0.19280412793159485,-0.006714546121656895,1.8436994552612305
52,122,8.0,encoder_all_counterfactual,8400,0.4476940333843231,3326,3159,0.1447506994009018,0.029098277911543846,0.13558514416217804,0.4476940333843231,0,0.4476940333843231,0,0.3169693350791931,0,0.22745195031166077,0.1480347216129303,4.125713348388672
52,120,11.0,topk,300,0.47156018018722534,128,44,0.1317487508058548,0.0872907042503357,0.11958113312721252,0.47156018018722534,0,0.47156018018722534,0,0.47156018018722534,0,0.6432604789733887,0.2904960513114929,3.190769672393799
52,121,11.0,topk,300,0.48860400915145874,207,24,0.13168995082378387,0.07315820455551147,0.12995542585849762,0.48860400915145874,0,0.48860400915145874,0,0.48860400915145874,0,0.5004012584686279,0.24661268293857574,4.03602409362793
52,122,8.0,topk,300,0.3169693350791931,134,13,0.1447506994009018,0.08496014773845673,0.13558514416217804,0.3169693350791931,0,0.3169693350791931,0,0.3169693350791931,0,0.8036936521530151,0.4235187768936157,4.708937168121338
52,120,11.0,pre_bbox,300,0.8328801393508911,29,104,0.6684630513191223,0.1704389899969101,0.5710875391960144,0.8328801393508911,26,0.8328801393508911,26,0.8328801393508911,26,0.059573207050561905,0.002202401403337717,0.8853830099105835
52,121,11.0,pre_bbox,300,0.646453320980072,56,60,0.6452432870864868,0.45146384835243225,0.6365306973457336,0.646453320980072,23,0.646453320980072,23,0.646453320980072,23,0.25633567571640015,0.23128342628479004,0.7144565582275391
52,122,8.0,pre_bbox,300,0.5284062623977661,116,17,0.5110976696014404,0.14349615573883057,0.5253769159317017,0.5284062623977661,8,0.5284062623977661,8,0.5284062623977661,8,0.6517194509506226,0.14576424658298492,1.1449284553527832
52,120,11.0,decoder_1,300,0.8023852109909058,29,104,0.6673481464385986,0.17302298545837402,0.5779402852058411,0.8023852109909058,26,0.8023852109909058,26,0.8023852109909058,26,0.04609193652868271,0.005789830349385738,1.0828455686569214
52,121,11.0,decoder_1,300,0.6485759019851685,60,60,0.6485759019851685,0.6426984667778015,0.6426984667778015,0.6485759019851685,24,0.6485759019851685,24,0.6485759019851685,24,0.2114861160516739,0.272686630487442,0.7995760440826416
52,122,8.0,decoder_1,300,0.552513837814331,116,17,0.5091635584831238,0.14362318813800812,0.5327486991882324,0.552513837814331,7,0.552513837814331,7,0.552513837814331,7,0.6028622984886169,0.12917040288448334,1.0646072626113892
52,120,11.0,decoder_2,300,0.7224066853523254,29,104,0.5882059335708618,0.02852352149784565,0.7799436450004578,0.7224066853523254,36,0.7224066853523254,36,0.6170008778572083,3,0.22341501712799072,0.11411554366350174,1.4820784330368042
52,121,11.0,decoder_2,300,0.7432990074157715,107,207,0.5908607840538025,0.0217768382281065,0.6998046040534973,0.7432990074157715,34,0.7432990074157715,34,0.6118879318237305,3,0.2009710669517517,0.12022633105516434,0.5611205101013184
52,122,8.0,decoder_2,300,0.6466987729072571,95,17,0.5100530982017517,0.04672078788280487,0.6943598985671997,0.6466987729072571,34,0.6466987729072571,34,0.5719738602638245,3,0.505431592464447,-0.01468460913747549,1.721950888633728
52,120,11.0,decoder_3,300,0.7045464515686035,224,104,0.5967094898223877,0.029270824044942856,0.7659406661987305,0.7045464515686035,40,0.7045464515686035,40,0.5967094898223877,2,0.1270318329334259,-0.07677499949932098,1.7135252952575684
52,121,11.0,decoder_3,300,0.7878532409667969,83,207,0.5993683934211731,0.04094744473695755,0.7481939196586609,0.7878532409667969,39,0.7878532409667969,39,0.608100175857544,3,0.11188818514347076,0.09838405251502991,1.1067776679992676
52,122,8.0,decoder_3,300,0.6310479044914246,214,17,0.5078330039978027,0.02580018900334835,0.7016693949699402,0.6310479044914246,41,0.6310479044914246,41,0.5798596143722534,2,0.5289062857627869,0.0026448715943843126,1.6038070917129517
52,120,11.0,final_nms07,151,0.7045464515686035,25,0,0.5967094898223877,0.029270824044942856,0.7659406661987305,0.7045464515686035,3,0.7045464515686035,3,0.5967094898223877,1,0.1270318329334259,-0.07677499949932098,1.7135252952575684
52,121,11.0,final_nms07,151,0.7878532409667969,7,1,0.5993683934211731,0.04094744473695755,0.7481939196586609,0.7878532409667969,2,0.7878532409667969,2,0.5993683934211731,1,0.11188818514347076,0.09838405251502991,1.1067776679992676
52,122,8.0,final_nms07,151,0.5712968707084656,17,2,0.5078330039978027,0.033309560269117355,0.7016693949699402,0.5712968707084656,2,0.5712968707084656,2,0.5078330039978027,1,0.2390260100364685,-0.06697652488946915,2.6417665481567383
53,123,9.999999999999998,encoder_all_counterfactual,8400,0.5242908596992493,2360,2360,0.5242908596992493,0.11538482457399368,0.11538482457399368,0.5242908596992493,2,0.5242908596992493,2,0.5242908596992493,2,0.08176131546497345,0.48869016766548157,3.554900646209717
53,124,9.0,encoder_all_counterfactual,8400,0.47901925444602966,3006,2680,0.258821040391922,0.02292303368449211,0.12929140031337738,0.47901925444602966,0,0.47901925444602966,0,0.38823553919792175,0,0.21893996000289917,0.4996604919433594,3.3756446838378906
53,125,11.0,encoder_all_counterfactual,8400,0.5583866834640503,3407,3319,0.42792782187461853,0.018642675131559372,0.13704811036586761,0.5583866834640503,1,0.5583866834640503,1,0.42792782187461853,0,-0.041998907923698425,0.2202412486076355,3.3609871864318848
53,123,9.999999999999998,topk,300,0.5242908596992493,64,64,0.5242908596992493,0.11538482457399368,0.11538482457399368,0.5242908596992493,2,0.5242908596992493,2,0.5242908596992493,2,0.08176131546497345,0.48869016766548157,3.554900646209717
53,124,9.0,topk,300,0.38823553919792175,52,24,0.258821040391922,0.11951807886362076,0.12929140031337738,0.38823553919792175,0,0.38823553919792175,0,0.38823553919792175,0,0.2448018342256546,0.40593501925468445,4.432740688323975
53,125,11.0,topk,300,0.42792782187461853,6,6,0.42792782187461853,0.13704811036586761,0.13704811036586761,0.42792782187461853,0,0.42792782187461853,0,0.42792782187461853,0,0.15417993068695068,0.20292124152183533,4.200994491577148
53,123,9.999999999999998,pre_bbox,300,0.7863906621932983,30,77,0.7116742134094238,0.21544836461544037,0.5338072180747986,0.7863906621932983,23,0.7863906621932983,23,0.7863906621932983,23,0.033915068954229355,0.16096380352973938,0.8208350539207458
53,124,9.0,pre_bbox,300,0.6642886400222778,53,35,0.5796233415603638,0.11808256059885025,0.6400818228721619,0.6642886400222778,19,0.6642886400222778,19,0.6642886400222778,19,0.09398242086172104,0.3760469853878021,0.6770548224449158
53,125,11.0,pre_bbox,300,0.7782415151596069,200,57,0.6426465511322021,0.15362776815891266,0.6016532182693481,0.7782415151596069,43,0.7782415151596069,43,0.7782415151596069,43,0.14642629027366638,0.1208292692899704,0.8350719213485718
53,123,9.999999999999998,decoder_1,300,0.7793973088264465,30,77,0.7154282927513123,0.21879133582115173,0.5394872426986694,0.7793973088264465,23,0.7793973088264465,23,0.7793973088264465,23,0.03455164656043053,0.1734684258699417,0.8293744921684265
53,124,9.0,decoder_1,300,0.6940492987632751,53,35,0.5851320624351501,0.11999751627445221,0.6467079520225525,0.6940492987632751,26,0.6940492987632751,26,0.6940492987632751,26,0.07065512239933014,0.34573885798454285,0.5785484313964844
53,125,11.0,decoder_1,300,0.8048968315124512,200,57,0.6419050097465515,0.15593060851097107,0.6092075109481812,0.8048968315124512,42,0.8048968315124512,42,0.8048968315124512,42,0.1254650354385376,0.10389498621225357,0.8067701458930969
53,123,9.999999999999998,decoder_2,300,0.7729051113128662,94,77,0.6818860769271851,0.02529565431177616,0.6860503554344177,0.7729051113128662,32,0.7729051113128662,32,0.6818860769271851,2,-0.009405112825334072,0.2595392167568207,1.169913411140442
53,124,9.0,decoder_2,300,0.6849920153617859,12,169,0.5382647514343262,0.024820663034915924,0.6595864295959473,0.6849920153617859,32,0.6849920153617859,32,0.581061840057373,5,0.10796181857585907,0.3176265060901642,0.7534359097480774
53,125,11.0,decoder_2,300,0.8612101078033447,33,63,0.626896321773529,0.03203348070383072,0.6731929779052734,0.8612101078033447,67,0.8612101078033447,67,0.641463041305542,5,0.03526166453957558,0.11534161120653152,0.7683390378952026
53,123,9.999999999999998,decoder_3,300,0.7591326832771301,94,77,0.6719119548797607,0.023184582591056824,0.7635943293571472,0.7591326832771301,34,0.7591326832771301,34,0.6719119548797607,1,-0.01384828146547079,0.29211339354515076,1.1446475982666016
53,124,9.0,decoder_3,300,0.6609539985656738,12,169,0.5392088294029236,0.022638630121946335,0.7174420356750488,0.6609539985656738,39,0.6609539985656738,39,0.6122393608093262,3,0.1061297208070755,0.3678027093410492,0.6441236138343811
53,125,11.0,decoder_3,300,0.8902750015258789,293,63,0.6321791410446167,0.024964217096567154,0.7431259155273438,0.8902750015258789,70,0.8902750015258789,70,0.6672684550285339,7,0.03970613330602646,0.06264965981245041,0.5316841006278992
53,123,9.999999999999998,final_nms07,125,0.6719119548797607,0,0,0.6719119548797607,0.7635943293571472,0.7635943293571472,0.6719119548797607,2,0.6719119548797607,2,0.6719119548797607,1,0.12546351552009583,0.32237714529037476,0.09000642597675323
53,124,9.0,final_nms07,125,0.5826430916786194,13,2,0.5392088294029236,0.0332740880548954,0.7174420356750488,0.5826430916786194,2,0.5826430916786194,2,0.5392088294029236,1,-0.13338159024715424,0.3590134382247925,1.7276978492736816
53,125,11.0,final_nms07,125,0.8902750015258789,39,1,0.6321791410446167,0.024964217096567154,0.7431259155273438,0.8902750015258789,2,0.8902750015258789,2,0.6321791410446167,1,0.03970613330602646,0.06264965981245041,0.5316841006278992
54,126,15.0,encoder_all_counterfactual,8400,0.7745362520217896,2362,2200,0.65673828125,0.047161396592855453,0.11593446880578995,0.7745362520217896,3,0.7745362520217896,3,0.65673828125,1,0.0126187140122056,0.03480210900306702,1.7554315328598022
54,127,11.0,encoder_all_counterfactual,8400,0.6557894945144653,2686,2599,0.3113935887813568,0.023690149188041687,0.12746265530586243,0.6557894945144653,5,0.6557894945144653,5,0.5715587735176086,1,-0.13035130500793457,0.1347840279340744,2.256519079208374
54,128,11.0,encoder_all_counterfactual,8400,0.5439720153808594,3320,2998,0.14296475052833557,0.09838531166315079,0.13013994693756104,0.5439720153808594,4,0.5439720153808594,4,0.5439720153808594,2,0.49523019790649414,0.11229477822780609,3.788059949874878
54,126,15.0,topk,300,0.65673828125,43,43,0.65673828125,0.11593446880578995,0.11593446880578995,0.65673828125,1,0.65673828125,1,0.65673828125,1,-0.08606970310211182,0.07738654315471649,2.6180973052978516
54,127,11.0,topk,300,0.5715587735176086,65,26,0.3113935887813568,0.10779403895139694,0.12746265530586243,0.5715587735176086,1,0.5715587735176086,1,0.5715587735176086,1,0.3504303991794586,-0.021786890923976898,2.6377227306365967
54,128,11.0,topk,300,0.5439720153808594,82,22,0.14296475052833557,0.09838531166315079,0.13013994693756104,0.5439720153808594,2,0.5439720153808594,2,0.5439720153808594,2,0.49523019790649414,0.11229477822780609,3.788059949874878
54,126,15.0,pre_bbox,300,0.9232808947563171,45,43,0.7074572443962097,0.08970630913972855,0.6197274923324585,0.9232808947563171,23,0.9232808947563171,23,0.9232808947563171,23,-0.03302101418375969,-0.023920925334095955,0.48119333386421204
54,127,11.0,pre_bbox,300,0.7449685335159302,112,77,0.5835376381874084,0.19696886837482452,0.6302932500839233,0.7449685335159302,24,0.7449685335159302,24,0.7449685335159302,24,0.18154750764369965,0.060391366481781006,0.9139922261238098
54,128,11.0,pre_bbox,300,0.8074522018432617,7,28,0.7480041980743408,0.13637195527553558,0.5547135472297668,0.8074522018432617,31,0.8074522018432617,31,0.8074522018432617,31,0.20914363861083984,0.01918809302151203,0.9063188433647156
54,126,15.0,decoder_1,300,0.8669539093971252,45,43,0.7065259218215942,0.09146881103515625,0.6253554224967957,0.8669539093971252,23,0.8669539093971252,23,0.8669539093971252,23,-0.060952723026275635,-0.07677409797906876,0.41679298877716064
54,127,11.0,decoder_1,300,0.8085020780563354,112,77,0.5865103602409363,0.19768281280994415,0.6374081969261169,0.8085020780563354,24,0.8085020780563354,24,0.8085020780563354,23,0.13825224339962006,-0.023926235735416412,0.612125813961029
54,128,11.0,decoder_1,300,0.8372453451156616,7,28,0.7540537118911743,0.13719868659973145,0.562771201133728,0.8372453451156616,31,0.8372453451156616,31,0.8372453451156616,31,0.17364881932735443,-0.02031642571091652,1.0011272430419922
54,126,15.0,decoder_2,300,0.915512204170227,158,43,0.7184647917747498,0.024656707420945168,0.7599238157272339,0.915512204170227,27,0.915512204170227,27,0.7761846780776978,2,-0.01789775863289833,0.054292093962430954,0.3094831705093384
54,127,11.0,decoder_2,300,0.7027949094772339,53,77,0.6293030977249146,0.023078974336385727,0.6250113844871521,0.7027949094772339,45,0.7027949094772339,45,0.6702244877815247,7,0.1985490918159485,0.16486003994941711,1.2629581689834595
54,128,11.0,decoder_2,300,0.8623969554901123,61,28,0.7233260273933411,0.02300274558365345,0.6422061324119568,0.8623969554901123,49,0.8623969554901123,49,0.7233260273933411,4,0.1481274664402008,0.009609660133719444,0.5627381205558777
54,126,15.0,decoder_3,300,0.9364361763000488,158,43,0.7328696846961975,0.017804257571697235,0.7313223481178284,0.9364361763000488,32,0.9364361763000488,32,0.7328696846961975,1,-0.02799144759774208,0.02616181969642639,0.3353164792060852
54,127,11.0,decoder_3,300,0.7670716047286987,2,77,0.6295838952064514,0.03181073069572449,0.7432517409324646,0.7670716047286987,53,0.7670716047286987,53,0.6632496118545532,6,0.00611044280230999,-0.09348750859498978,1.2388461828231812
54,128,11.0,decoder_3,300,0.858360230922699,31,28,0.7175477743148804,0.015618088655173779,0.7310085892677307,0.858360230922699,49,0.858360230922699,49,0.7175477743148804,1,0.1279900223016739,-0.023334799334406853,0.6130326390266418
54,126,15.0,final_nms07,158,0.7740225195884705,50,1,0.7328696846961975,0.020933639258146286,0.7313223481178284,0.7740225195884705,5,0.7740225195884705,5,0.7328696846961975,1,-0.022203026339411736,0.022699931636452675,1.8301411867141724
54,127,11.0,final_nms07,158,0.7670716047286987,24,0,0.6295838952064514,0.03181073069572449,0.7432517409324646,0.7670716047286987,5,0.7670716047286987,5,0.6295838952064514,3,0.00611044280230999,-0.09348750859498978,1.2388461828231812
54,128,11.0,final_nms07,158,0.7175477743148804,2,2,0.7175477743148804,0.7310085892677307,0.7310085892677307,0.7175477743148804,2,0.7175477743148804,2,0.7175477743148804,1,0.23267537355422974,-0.013406064361333847,1.9701650142669678
55,129,12.999999999999998,encoder_all_counterfactual,8400,0.5539654493331909,2119,2279,0.22344689071178436,0.09092213958501816,0.1147918850183487,0.5539654493331909,1,0.5539654493331909,1,0.5539654493331909,1,0.049176447093486786,0.24058184027671814,3.916271686553955
55,130,15.0,encoder_all_counterfactual,8400,0.71750807762146,2520,2519,0.6624453067779541,0.10219427198171616,0.13293156027793884,0.71750807762146,5,0.71750807762146,5,0.71750807762146,3,0.01897522062063217,0.03176141902804375,2.204026460647583
55,131,9.0,encoder_all_counterfactual,8400,0.4614482820034027,3246,3158,0.218344584107399,0.021642601117491722,0.1262229084968567,0.4614482820034027,0,0.4614482820034027,0,0.42687612771987915,0,0.18331803381443024,0.6800475120544434,3.414363384246826
55,129,12.999999999999998,topk,300,0.5539654493331909,110,41,0.22344689071178436,0.09092213958501816,0.1147918850183487,0.5539654493331909,1,0.5539654493331909,1,0.5539654493331909,1,0.049176447093486786,0.24058184027671814,3.916271686553955
55,130,15.0,topk,300,0.71750807762146,79,13,0.6624453067779541,0.10219427198171616,0.13293156027793884,0.71750807762146,3,0.71750807762146,3,0.71750807762146,3,0.01897522062063217,0.03176141902804375,2.204026460647583
55,131,9.0,topk,300,0.42687612771987915,32,25,0.218344584107399,0.11988142877817154,0.1262229084968567,0.42687612771987915,0,0.42687612771987915,0,0.42687612771987915,0,0.42719829082489014,0.536352276802063,3.418318271636963
55,129,12.999999999999998,pre_bbox,300,0.8911272287368774,126,110,0.8610753417015076,0.33486393094062805,0.47010910511016846,0.8911272287368774,26,0.8911272287368774,26,0.8911272287368774,26,0.009466512128710747,0.045977555215358734,0.6880618333816528
55,130,15.0,pre_bbox,300,0.922431468963623,198,79,0.7787243723869324,0.13752630352973938,0.6379510164260864,0.922431468963623,35,0.922431468963623,35,0.922431468963623,35,-0.06109800562262535,-0.007708341348916292,0.48077836632728577
55,131,9.0,pre_bbox,300,0.6401506066322327,25,32,0.577215850353241,0.29964837431907654,0.5494484305381775,0.6401506066322327,19,0.6401506066322327,19,0.6401506066322327,19,0.12030629813671112,0.3902444839477539,0.8030180335044861
55,129,12.999999999999998,decoder_1,300,0.8826223015785217,255,110,0.8658406138420105,0.34891602396965027,0.4756232798099518,0.8826223015785217,25,0.8826223015785217,25,0.8826223015785217,25,-0.02594919316470623,-0.01260476466268301,0.6631110310554504
55,130,15.0,decoder_1,300,0.9031490087509155,169,79,0.7727832794189453,0.07697393000125885,0.6452484726905823,0.9031490087509155,37,0.9031490087509155,37,0.9031490087509155,37,0.011174812912940979,-0.002468900056555867,0.6524922847747803
55,131,9.0,decoder_1,300,0.6305863857269287,62,32,0.5682991743087769,0.4189550578594208,0.5546924471855164,0.6305863857269287,23,0.6305863857269287,23,0.6305863857269287,23,0.16172927618026733,0.3650619089603424,0.5026876330375671
55,129,12.999999999999998,decoder_2,300,0.8888745903968811,173,99,0.7757269144058228,0.021482205018401146,0.6261503100395203,0.8888745903968811,32,0.8888745903968811,32,0.8568000793457031,6,0.016448715701699257,0.05255834758281708,0.6720975041389465
55,130,15.0,decoder_2,300,0.9102221131324768,198,79,0.863810658454895,0.017954351380467415,0.7477045059204102,0.9102221131324768,54,0.9102221131324768,54,0.8700007200241089,4,-0.071396604180336,0.02174370363354683,0.5594767928123474
55,131,9.0,decoder_2,300,0.6468358039855957,37,71,0.557089626789093,0.02964605577290058,0.6371325254440308,0.6468358039855957,46,0.6468358039855957,46,0.5879318118095398,4,0.14923232793807983,0.34524068236351013,0.5960740447044373
55,129,12.999999999999998,decoder_3,300,0.8762291669845581,177,99,0.764881432056427,0.021927485242486,0.6832127571105957,0.8762291669845581,33,0.8762291669845581,33,0.7722136378288269,2,0.0716182291507721,0.014887554571032524,0.6927880048751831
55,130,15.0,decoder_3,300,0.9257169365882874,198,79,0.8546916246414185,0.0198739655315876,0.7630638480186462,0.9257169365882874,58,0.9257169365882874,58,0.8727059364318848,6,-0.06969829648733139,0.0011888144072145224,0.5490723848342896
55,131,9.0,decoder_3,300,0.6633174419403076,77,71,0.5600299835205078,0.03277566656470299,0.7372968196868896,0.6633174419403076,52,0.6633174419403076,52,0.5600299835205078,2,0.1540294885635376,0.3063655495643616,0.7223256230354309
55,129,12.999999999999998,final_nms07,142,0.764881432056427,2,2,0.764881432056427,0.6832127571105957,0.6832127571105957,0.764881432056427,4,0.764881432056427,4,0.764881432056427,1,-0.14178629219532013,-0.05621377006173134,1.4750221967697144
55,130,15.0,final_nms07,142,0.8546916246414185,0,0,0.8546916246414185,0.7630638480186462,0.7630638480186462,0.8546916246414185,5,0.8546916246414185,5,0.8546916246414185,1,-0.06198040395975113,-0.017299018800258636,0.9202541708946228
55,131,9.0,final_nms07,142,0.5600299835205078,1,1,0.5600299835205078,0.7372968196868896,0.7372968196868896,0.5600299835205078,1,0.5600299835205078,1,0.5600299835205078,1,0.2353002279996872,0.4454995393753052,0.014546742662787437
56,132,11.0,encoder_all_counterfactual,8400,0.4767249822616577,2198,2280,0.10257609933614731,0.09652361273765564,0.12101037800312042,0.4767249822616577,0,0.4767249822616577,0,0.4767249822616577,0,0.11004377156496048,0.27538853883743286,4.497951984405518
56,133,11.999999999999998,encoder_all_counterfactual,8400,0.686643660068512,2766,2599,0.3746640980243683,0.01915125921368599,0.1261354386806488,0.686643660068512,7,0.686643660068512,7,0.5839758515357971,3,0.0011960506672039628,-0.06778155267238617,2.641035556793213
56,134,11.0,encoder_all_counterfactual,8400,0.6951339244842529,3167,3079,0.13152551651000977,0.02312553860247135,0.14429044723510742,0.6951339244842529,6,0.6951339244842529,6,0.5520142912864685,3,-0.08118163049221039,-0.05789249390363693,1.9241679906845093
56,132,11.0,topk,300,0.4767249822616577,83,21,0.10257609933614731,0.09652361273765564,0.12101037800312042,0.4767249822616577,0,0.4767249822616577,0,0.4767249822616577,0,0.11004377156496048,0.27538853883743286,4.497951984405518
56,133,11.999999999999998,topk,300,0.5839758515357971,75,15,0.3746640980243683,0.09912940114736557,0.1261354386806488,0.5839758515357971,3,0.5839758515357971,3,0.5839758515357971,3,0.2589067816734314,-0.1416635662317276,3.2254791259765625
56,134,11.0,topk,300,0.5520142912864685,49,2,0.13152551651000977,0.11033561080694199,0.14429044723510742,0.5520142912864685,3,0.5520142912864685,3,0.5520142912864685,3,0.5302133560180664,0.18385235965251923,0.8031632900238037
56,132,11.0,pre_bbox,300,0.8382263779640198,32,68,0.7409452795982361,0.2517389953136444,0.5869264602661133,0.8382263779640198,23,0.8382263779640198,23,0.8382263779640198,23,-0.14298252761363983,0.0261564739048481,1.013887882232666
56,133,11.999999999999998,pre_bbox,300,0.7661100625991821,150,115,0.58549565076828,0.13224709033966064,0.6035928726196289,0.7661100625991821,23,0.7661100625991821,23,0.7661100625991821,23,0.23528216779232025,-0.03562857210636139,0.9367225766181946
56,134,11.0,pre_bbox,300,0.8450441360473633,63,49,0.8043820858001709,0.18738141655921936,0.6116034388542175,0.8450441360473633,33,0.8450441360473633,33,0.8450441360473633,33,0.09977154433727264,-0.06217484548687935,0.6604639291763306
56,132,11.0,decoder_1,300,0.8313385844230652,32,68,0.7438341975212097,0.2563990652561188,0.5939344763755798,0.8313385844230652,22,0.8313385844230652,22,0.8313385844230652,22,-0.14737999439239502,0.030019748955965042,1.0163766145706177
56,133,11.999999999999998,decoder_1,300,0.8261023163795471,150,115,0.5806098580360413,0.1333148330450058,0.6124364137649536,0.8261023163795471,23,0.8261023163795471,23,0.8261023163795471,23,0.18581679463386536,-0.024092644453048706,1.092586636543274
56,134,11.0,decoder_1,300,0.8571797013282776,63,49,0.8096004128456116,0.19331642985343933,0.6195513606071472,0.8571797013282776,32,0.8571797013282776,32,0.8571797013282776,32,0.09437872469425201,-0.0613982267677784,0.5739535689353943
56,132,11.0,decoder_2,300,0.7748880982398987,112,68,0.6926791071891785,0.01738862134516239,0.7175229787826538,0.7748880982398987,32,0.7748880982398987,32,0.7287580966949463,3,-0.031047536060214043,0.25846970081329346,1.1054037809371948
56,133,11.999999999999998,decoder_2,300,0.760726809501648,0,115,0.5700042247772217,0.013459548354148865,0.6410369277000427,0.760726809501648,42,0.760726809501648,42,0.5903301239013672,5,0.04564955458045006,0.11856099963188171,2.169891119003296
56,134,11.0,decoder_2,300,0.8432455062866211,79,49,0.8053580522537231,0.03597833588719368,0.6961458921432495,0.8432455062866211,44,0.8432455062866211,44,0.8053580522537231,3,0.12262794375419617,0.024080682545900345,0.4454292058944702
56,132,11.0,decoder_3,300,0.7740405797958374,112,68,0.6942314505577087,0.017639687284827232,0.7553691267967224,0.7740405797958374,33,0.7740405797958374,33,0.6942314505577087,1,-0.03615078330039978,0.25441575050354004,1.062576413154602
56,133,11.999999999999998,decoder_3,300,0.797145426273346,24,115,0.5724627375602722,0.022075025364756584,0.7588775753974915,0.797145426273346,54,0.797145426273346,54,0.5890486836433411,3,-0.09938142448663712,0.01415896974503994,1.205735683441162
56,134,11.0,decoder_3,300,0.8495374917984009,25,49,0.8032270669937134,0.01709541119635105,0.7555719614028931,0.8495374917984009,49,0.8495374917984009,49,0.8055920600891113,2,0.14103315770626068,-0.024294300004839897,0.3744284510612488
56,132,11.0,final_nms07,158,0.7229477763175964,6,2,0.6942314505577087,0.04007268324494362,0.7553691267967224,0.7229477763175964,4,0.7229477763175964,4,0.6942314505577087,1,-0.13826723396778107,0.20447692275047302,1.5392577648162842
56,133,11.999999999999998,final_nms07,158,0.7540692687034607,48,0,0.5724627375602722,0.022276846691966057,0.7588775753974915,0.7540692687034607,8,0.7540692687034607,8,0.5724627375602722,1,0.028082871809601784,0.06764724105596542,1.8052834272384644
56,134,11.0,final_nms07,158,0.8032270669937134,1,1,0.8032270669937134,0.7555719614028931,0.7555719614028931,0.8032270669937134,6,0.8032270669937134,6,0.8032270669937134,1,0.18208831548690796,-0.059165120124816895,0.16744783520698547
57,135,8.0,encoder_all_counterfactual,8400,0.42256733775138855,2282,2197,0.10128529369831085,0.022981835529208183,0.09538651257753372,0.42256733775138855,0,0.42256733775138855,0,0.1774662733078003,0,-0.17416560649871826,0.3300971984863281,3.556089162826538
57,135,8.0,topk,300,0.1774662733078003,217,40,0.10128529369831085,0.06628290563821793,0.09538651257753372,0.1774662733078003,0,0.1774662733078003,0,0.1774662733078003,0,0.18764398992061615,0.7133516669273376,7.900871753692627
57,135,8.0,pre_bbox,300,0.6993353962898254,217,286,0.48786893486976624,0.39728888869285583,0.4034983515739441,0.6993353962898254,12,0.6993353962898254,12,0.6993353962898254,12,-0.0014648957876488566,0.4264407157897949,0.3653135299682617
57,135,8.0,decoder_1,300,0.6859787106513977,217,286,0.499380886554718,0.3999006152153015,0.4082206189632416,0.6859787106513977,13,0.6859787106513977,13,0.6859787106513977,13,-0.0065363189205527306,0.4511929750442505,0.38245928287506104
57,135,8.0,decoder_2,300,0.7699563503265381,87,217,0.6634122729301453,0.034386053681373596,0.661121129989624,0.7699563503265381,37,0.7699563503265381,37,0.7556125521659851,22,-0.004713587462902069,0.28173670172691345,0.869591236114502
57,135,8.0,decoder_3,300,0.7738617658615112,87,217,0.6621456146240234,0.023635979741811752,0.6871762871742249,0.7738617658615112,43,0.7738617658615112,43,0.7365714311599731,17,-0.0005843508988618851,0.2863209843635559,0.8331957459449768
57,135,8.0,final_nms07,221,0.6621456146240234,0,0,0.6621456146240234,0.6871762871742249,0.6871762871742249,0.6621456146240234,4,0.6621456146240234,4,0.6621456146240234,3,-0.01879294030368328,0.3634469211101532,0.8665714859962463
58,136,8.0,encoder_all_counterfactual,8400,0.5186696648597717,2282,2358,0.1420339047908783,0.023826921358704567,0.11001075804233551,0.5186696648597717,1,0.5186696648597717,1,0.32509684562683105,0,0.07690203934907913,0.23684823513031006,2.366917610168457
58,136,8.0,topk,300,0.32509684562683105,130,51,0.1420339047908783,0.08128677308559418,0.11001075804233551,0.32509684562683105,0,0.32509684562683105,0,0.32509684562683105,0,0.7382892370223999,0.7695555090904236,0.9921307563781738
58,136,8.0,pre_bbox,300,0.5846256017684937,53,68,0.41166791319847107,0.15003815293312073,0.6475003957748413,0.5846256017684937,2,0.5846256017684937,2,0.5846256017684937,2,0.3204692304134369,0.29352298378944397,1.655516266822815
58,136,8.0,decoder_1,300,0.6179020404815674,53,68,0.4111591577529907,0.15185494720935822,0.6555927395820618,0.6179020404815674,3,0.6179020404815674,3,0.6179020404815674,3,0.2904943823814392,0.24976031482219696,1.4433127641677856
58,136,8.0,decoder_2,300,0.46590909361839294,199,297,0.3974781930446625,0.05629763379693031,0.7037656903266907,0.46590909361839294,0,0.46590909361839294,0,0.46590909361839294,0,0.6390442252159119,0.3095066547393799,2.1033763885498047
58,136,8.0,decoder_3,300,0.484686017036438,66,297,0.40476498007774353,0.04804665967822075,0.7515788674354553,0.484686017036438,0,0.484686017036438,0,0.4624473452568054,0,0.5336183905601501,0.3452986478805542,2.015878200531006
58,136,8.0,final_nms07,225,0.4413115382194519,2,0,0.40476498007774353,0.06781715154647827,0.7515788674354553,0.4413115382194519,0,0.4413115382194519,0,0.4413115382194519,0,0.364257276058197,0.5848487019538879,3.220914840698242
59,137,9.999999999999998,encoder_all_counterfactual,8400,0.35337844491004944,2839,4027,0.17358273267745972,0.039941009134054184,0.06683608144521713,0.35337844491004944,0,0.35337844491004944,0,0.17358273267745972,0,0.5269127488136292,0.20978862047195435,4.030324459075928
59,137,9.999999999999998,topk,300,0.17358273267745972,244,244,0.17358273267745972,0.06683608144521713,0.06683608144521713,0.17358273267745972,0,0.17358273267745972,0,0.17358273267745972,0,1.575353741645813,1.2254871129989624,10.719247817993164
59,137,9.999999999999998,pre_bbox,300,0.770879864692688,65,244,0.6974474787712097,0.1620994657278061,0.36343175172805786,0.770879864692688,6,0.770879864692688,6,0.770879864692688,6,0.02379029430449009,0.11395097523927689,0.9213661551475525
59,137,9.999999999999998,decoder_1,300,0.7645884156227112,65,244,0.693547785282135,0.16649939119815826,0.3663773536682129,0.7645884156227112,6,0.7645884156227112,6,0.7645884156227112,6,-0.007525978144258261,0.07680925726890564,1.1129610538482666
59,137,9.999999999999998,decoder_2,300,0.8530046343803406,115,244,0.6718493103981018,0.11035926640033722,0.7302672863006592,0.8530046343803406,25,0.8530046343803406,25,0.8530046343803406,20,-0.012380562722682953,0.08771540224552155,0.6570343375205994
59,137,9.999999999999998,decoder_3,300,0.8038665652275085,192,244,0.6675401329994202,0.0495355986058712,0.6971920132637024,0.8038665652275085,40,0.8038665652275085,40,0.761447012424469,30,0.06986240297555923,0.15516382455825806,0.9516943693161011
59,137,9.999999999999998,final_nms07,218,0.6675401329994202,0,0,0.6675401329994202,0.6971920132637024,0.6971920132637024,0.6675401329994202,5,0.6675401329994202,5,0.6675401329994202,4,0.18322758376598358,0.05830366909503937,1.7415586709976196
60,138,11.0,encoder_all_counterfactual,8400,0.6777203679084778,2838,2517,0.554441511631012,0.061093322932720184,0.08675658702850342,0.6777203679084778,4,0.6777203679084778,4,0.6777203679084778,2,0.05378236994147301,0.4002223312854767,0.6097355484962463
60,138,11.0,topk,300,0.554441511631012,86,86,0.554441511631012,0.08675658702850342,0.08675658702850342,0.554441511631012,1,0.554441511631012,1,0.554441511631012,1,0.04180262237787247,0.23173144459724426,2.9977004528045654
60,138,11.0,pre_bbox,300,0.7966887354850769,184,120,0.7395399808883667,0.18551768362522125,0.5780981779098511,0.7966887354850769,9,0.7966887354850769,9,0.7966887354850769,9,-0.054407861083745956,0.1344093680381775,1.2087465524673462
60,138,11.0,decoder_1,300,0.8289178013801575,184,120,0.7414132952690125,0.19094593822956085,0.5866358280181885,0.8289178013801575,8,0.8289178013801575,8,0.8289178013801575,8,-0.06036851555109024,0.11129078269004822,0.901694118976593
60,138,11.0,decoder_2,300,0.7926481366157532,88,120,0.7152743935585022,0.053090713918209076,0.6971166729927063,0.7926481366157532,28,0.7926481366157532,28,0.7926481366157532,9,-0.013181663118302822,0.08448725193738937,1.1793224811553955
60,138,11.0,decoder_3,300,0.818484902381897,88,120,0.7197633981704712,0.04387491196393967,0.7057324051856995,0.818484902381897,32,0.818484902381897,32,0.752831757068634,9,0.023299241438508034,-0.0779423788189888,1.056946873664856
60,138,11.0,final_nms07,252,0.7197633981704712,0,0,0.7197633981704712,0.7057324051856995,0.7057324051856995,0.7197633981704712,8,0.7197633981704712,8,0.7197633981704712,3,-0.07285115867853165,-0.03786670044064522,1.6034798622131348
61,139,11.0,encoder_all_counterfactual,8400,0.5144509077072144,2841,3236,0.153875470161438,0.014834534376859665,0.06582479178905487,0.5144509077072144,1,0.5144509077072144,1,0.27243077754974365,0,-0.32530179619789124,0.4443455636501312,3.3578920364379883
61,139,11.0,topk,300,0.153875470161438,250,250,0.153875470161438,0.06582479178905487,0.06582479178905487,0.153875470161438,0,0.153875470161438,0,0.153875470161438,0,0.06323853135108948,0.24872227013111115,9.59884262084961
61,139,11.0,pre_bbox,300,0.7366863489151001,250,246,0.1202022135257721,0.30061203241348267,0.32167866826057434,0.7366863489151001,4,0.7366863489151001,4,0.7366863489151001,4,-0.1382320374250412,0.19702038168907166,0.3308514952659607
61,139,11.0,decoder_1,300,0.742021381855011,250,246,0.12180401384830475,0.30598732829093933,0.32987523078918457,0.742021381855011,4,0.742021381855011,4,0.742021381855011,4,-0.14096686244010925,0.1835700422525406,0.19825126230716705
61,139,11.0,decoder_2,300,0.7425021529197693,136,250,0.7173903584480286,0.039992257952690125,0.4969148337841034,0.7425021529197693,26,0.7425021529197693,26,0.741330623626709,21,0.06417639553546906,0.2655797302722931,0.8656604290008545
61,139,11.0,decoder_3,300,0.7662061452865601,297,250,0.7232878804206848,0.05163818970322609,0.4507618546485901,0.7662061452865601,52,0.7662061452865601,52,0.7662061452865601,37,-0.1015930324792862,0.19204960763454437,0.5001899003982544
61,139,11.0,final_nms07,220,0.7232878804206848,0,0,0.7232878804206848,0.4507618546485901,0.4507618546485901,0.7232878804206848,9,0.7232878804206848,9,0.7232878804206848,9,-0.16301611065864563,0.18780826032161713,0.6982409358024597
62,140,11.999999999999998,encoder_all_counterfactual,8400,0.5808392763137817,3562,3078,0.12690690159797668,0.02216850221157074,0.10124912112951279,0.5808392763137817,1,0.5808392763137817,1,0.386882483959198,0,-0.0009241819498129189,-0.2726651132106781,1.711670160293579
62,140,11.999999999999998,topk,300,0.386882483959198,94,30,0.12690690159797668,0.07982334494590759,0.10124912112951279,0.386882483959198,0,0.386882483959198,0,0.386882483959198,0,0.15011544525623322,0.024838874116539955,5.257631778717041
62,140,11.999999999999998,pre_bbox,300,0.667356550693512,105,94,0.5887578725814819,0.3877834975719452,0.46900996565818787,0.667356550693512,15,0.667356550693512,15,0.667356550693512,15,-0.04097607359290123,0.02280281111598015,2.1803364753723145
62,140,11.999999999999998,decoder_1,300,0.6657834649085999,76,94,0.5929855704307556,0.41643327474594116,0.47266122698783875,0.6657834649085999,15,0.6657834649085999,15,0.6657834649085999,15,-0.0534648671746254,0.0812072828412056,2.18102765083313
62,140,11.999999999999998,decoder_2,300,0.7953088879585266,9,94,0.6532779335975647,0.05744020640850067,0.7085084915161133,0.7953088879585266,47,0.7953088879585266,47,0.7953088879585266,29,0.14633753895759583,-0.0786430761218071,1.2044423818588257
62,140,11.999999999999998,decoder_3,300,0.7916915416717529,227,94,0.6466336846351624,0.035312097519636154,0.7269027829170227,0.7916915416717529,63,0.7916915416717529,63,0.7560576796531677,32,0.03467753157019615,0.04019828140735626,1.1694546937942505
62,140,11.999999999999998,final_nms07,203,0.7916915416717529,32,0,0.6466336846351624,0.035312097519636154,0.7269027829170227,0.7916915416717529,7,0.7916915416717529,7,0.6466336846351624,5,0.03467753157019615,0.04019828140735626,1.1694546937942505
63,141,9.0,encoder_all_counterfactual,8400,0.5201419591903687,2759,2678,0.48098284006118774,0.058868832886219025,0.09857971221208572,0.5201419591903687,1,0.5201419591903687,1,0.5201419591903687,1,0.3502488136291504,0.15439380705356598,2.7137575149536133
63,141,9.0,topk,300,0.48098284006118774,57,57,0.48098284006118774,0.09857971221208572,0.09857971221208572,0.48098284006118774,0,0.48098284006118774,0,0.48098284006118774,0,0.14880409836769104,0.10685939341783524,3.9026622772216797
63,141,9.0,pre_bbox,300,0.6687867641448975,90,57,0.6394745707511902,0.12300961464643478,0.5081974267959595,0.6687867641448975,8,0.6687867641448975,8,0.6687867641448975,8,0.08950576931238174,-0.007494728080928326,1.993260383605957
63,141,9.0,decoder_1,300,0.6318866610527039,57,57,0.6318866610527039,0.513188362121582,0.513188362121582,0.6318866610527039,7,0.6318866610527039,7,0.6318866610527039,7,0.15192031860351562,0.15105725824832916,2.202329158782959
63,141,9.0,decoder_2,300,0.7658616900444031,267,57,0.7040149569511414,0.17708946764469147,0.7081632018089294,0.7658616900444031,18,0.7658616900444031,18,0.7658616900444031,10,0.19356155395507812,-0.06186400726437569,1.0768736600875854
63,141,9.0,decoder_3,300,0.7777053117752075,267,57,0.7177304029464722,0.08982285857200623,0.7083093523979187,0.7777053117752075,25,0.7777053117752075,25,0.7777053117752075,16,0.20508575439453125,0.05831930413842201,0.9569255709648132
63,141,9.0,final_nms07,239,0.7177304029464722,0,0,0.7177304029464722,0.7083093523979187,0.7083093523979187,0.7177304029464722,4,0.7177304029464722,4,0.7177304029464722,4,0.18268203735351562,0.1111346185207367,1.3360787630081177
64,142,9.999999999999998,encoder_all_counterfactual,8400,0.6946106553077698,3077,3077,0.6946106553077698,0.1150778979063034,0.1150778979063034,0.6946106553077698,3,0.6946106553077698,3,0.6946106553077698,1,0.06181017681956291,0.26464325189590454,1.9100990295410156
64,142,9.999999999999998,topk,300,0.6946106553077698,35,35,0.6946106553077698,0.1150778979063034,0.1150778979063034,0.6946106553077698,1,0.6946106553077698,1,0.6946106553077698,1,0.06181017681956291,0.26464325189590454,1.9100990295410156
64,142,9.999999999999998,pre_bbox,300,0.7697784900665283,35,35,0.7697784900665283,0.6328328847885132,0.6328328847885132,0.7697784900665283,18,0.7697784900665283,18,0.7697784900665283,18,-0.1841047704219818,0.07342343777418137,0.3515523374080658
64,142,9.999999999999998,decoder_1,300,0.7608579397201538,35,35,0.7608579397201538,0.6371432542800903,0.6371432542800903,0.7608579397201538,12,0.7608579397201538,12,0.7608579397201538,12,-0.18807867169380188,0.0826599970459938,0.35497036576271057
64,142,9.999999999999998,decoder_2,300,0.7847626209259033,276,35,0.7707090377807617,0.017815690487623215,0.709899365901947,0.7847626209259033,35,0.7847626209259033,35,0.7707090377807617,15,-0.14511843025684357,0.08149190992116928,1.2184479236602783
64,142,9.999999999999998,decoder_3,300,0.8394840359687805,84,35,0.7599295377731323,0.03993950039148331,0.7352472543716431,0.8394840359687805,40,0.8394840359687805,40,0.8173121809959412,14,-0.07846628129482269,-0.00011268600792391226,0.9272006154060364
64,142,9.999999999999998,final_nms07,237,0.7888945937156677,5,0,0.7599295377731323,0.05418429523706436,0.7352472543716431,0.7888945937156677,7,0.7888945937156677,7,0.7888945937156677,4,-0.10303762555122375,0.017499655485153198,1.1746207475662231
65,143,9.0,encoder_all_counterfactual,8400,0.4701928496360779,2785,3405,0.11333133280277252,0.013995695859193802,0.06908605247735977,0.4701928496360779,0,0.4701928496360779,0,0.16974256932735443,0,0.18794432282447815,0.47403809428215027,3.3747477531433105
65,143,9.0,topk,300,0.08634829521179199,256,-1,0,0.07709284126758575,,0.08634829521179199,0,0.08634829521179199,0,0.08634829521179199,0,3.705503225326538,1.2861934900283813,17.369293212890625
65,143,9.0,pre_bbox,300,0.4642535448074341,256,256,0.4642535448074341,0.2305229902267456,0.2305229902267456,0.4642535448074341,0,0.4642535448074341,0,0.4642535448074341,0,0.43124258518218994,0.5049778819084167,2.018632173538208
65,143,9.0,decoder_1,300,0.4967004358768463,256,256,0.4967004358768463,0.2342330813407898,0.2342330813407898,0.4967004358768463,0,0.4967004358768463,0,0.4967004358768463,0,0.3823513686656952,0.456415057182312,2.149878740310669
65,143,9.0,decoder_2,300,0.5425639152526855,256,133,0.4440954029560089,0.6382915377616882,0.662533164024353,0.5425639152526855,1,0.5425639152526855,1,0.5425639152526855,1,0.3645191788673401,0.35073184967041016,1.4213930368423462
65,143,9.0,decoder_3,300,0.6049205660820007,99,133,0.46604618430137634,0.05433427169919014,0.680564820766449,0.6049205660820007,2,0.6049205660820007,2,0.6049205660820007,2,0.3846653401851654,0.19386659562587738,0.819128155708313
65,143,9.0,final_nms07,248,0.6049205660820007,1,0,0.46604618430137634,0.05433427169919014,0.680564820766449,0.6049205660820007,1,0.6049205660820007,1,0.6049205660820007,1,0.3846653401851654,0.19386659562587738,0.819128155708313
66,144,9.999999999999998,encoder_all_counterfactual,8400,0.45804911851882935,2705,3410,0.2257601022720337,0.015110667794942856,0.043119367212057114,0.45804911851882935,0,0.45804911851882935,0,0.0,0,0.4039716422557831,0.44593578577041626,3.100848436355591
66,144,9.999999999999998,topk,300,0.0,0,-1,0,0.1842246651649475,,0.0,0,0.0,0,0.0,0,0.3368757963180542,0.7662756443023682,181.84982299804688
66,144,9.999999999999998,pre_bbox,300,0.3621353805065155,298,252,0.18692409992218018,0.06999177485704422,0.12732839584350586,0.3621353805065155,0,0.3621353805065155,0,0.3621353805065155,0,0.009161501191556454,0.9416683316230774,3.318587303161621
66,144,9.999999999999998,decoder_1,300,0.31169673800468445,298,252,0.22320345044136047,0.07035006582736969,0.12688066065311432,0.31169673800468445,0,0.31169673800468445,0,0.31169673800468445,0,-0.07692132890224457,1.2960649728775024,4.289894104003906
66,144,9.999999999999998,decoder_2,300,0.7691360116004944,298,77,0.41623684763908386,0.23960451781749725,0.2514555752277374,0.7691360116004944,2,0.7691360116004944,2,0.7691360116004944,2,0.02019411139190197,0.2744254767894745,0.7876355648040771
66,144,9.999999999999998,decoder_3,300,0.8054060935974121,298,298,0.8054060935974121,0.5372757911682129,0.5372757911682129,0.8054060935974121,4,0.8054060935974121,4,0.8054060935974121,4,0.043849050998687744,0.18945403397083282,0.147628515958786
66,144,9.999999999999998,final_nms07,250,0.8054060935974121,0,0,0.8054060935974121,0.5372757911682129,0.5372757911682129,0.8054060935974121,2,0.8054060935974121,2,0.8054060935974121,2,0.043849050998687744,0.18945403397083282,0.147628515958786
