stem,obj,cx,cy,bw,bh,w_px,h_px,area_px,W,H,edge_dist_img,in_product,dist_prod_edge_px,bg_local,bg_wide,noise_local,core_val,contrast,cnr,core_px,dark_dx,dark_dy,marker_near,out_of_range,machine,product,split,labeled_in_400,n_obj,min_subset
001_20200622_203305(8),0,0.6336805555555556,0.4369369369369369,0.010416666666666666,0.018018018018018018,6.0,8.0,48.0,576,444,0.3663194444444444,True,60.0,91.0,93.0,4.4478,68.0,23.0,5.171095822653896,6,0.0,0.0,True,False,3호기,001,train,True,3,50.0
001_20200622_203305(8),1,0.6371527777777778,0.5022522522522522,0.013888888888888888,0.02252252252252252,8.0,10.0,80.0,576,444,0.3628472222222222,True,84.0,85.0,87.0,4.4478,45.0,40.0,8.993210126354603,4,1.0,1.0,True,False,3호기,001,train,True,3,50.0
001_20200622_203305(8),2,0.6484375,0.5878378378378378,0.019097222222222224,0.02702702702702703,11.0,12.0,132.0,576,444,0.3515625,True,58.150390625,88.0,88.0,4.4478,59.0,29.0,6.520077341607086,5,-0.5,1.0,True,False,3호기,001,train,True,3,50.0
001_20200622_203309(1),0,0.6493055555555556,0.40202702702702703,0.017361111111111112,0.024774774774774775,10.0,11.0,110.0,576,444,0.3506944444444444,True,54.78759765625,90.0,92.0,3.7064999999999997,64.0,26.0,7.01470389855659,3,0.0,-0.5,True,False,3호기,001,train,True,3,50.0
001_20200622_203309(1),1,0.6458333333333334,0.46846846846846846,0.020833333333333332,0.03153153153153153,12.0,13.999999999999998,167.99999999999997,576,444,0.35416666666666663,True,83.78759765625,87.0,88.0,4.4478,58.5,28.5,6.4076622150276545,6,0.0,2.0,True,False,3호기,001,train,True,3,50.0
001_20200622_203309(1),2,0.6458333333333334,0.5585585585585585,0.013888888888888888,0.03153153153153153,8.0,13.999999999999998,111.99999999999999,576,444,0.35416666666666663,True,60.3782958984375,87.0,87.0,4.4478,64.25,22.75,5.1148882593641805,4,0.0,2.842170943040401e-14,True,False,3호기,001,train,True,3,50.0
001_20200622_203312(6),0,0.6276041666666666,0.43355855855855857,0.015625,0.024774774774774775,9.0,11.0,99.0,576,444,0.37239583333333337,True,54.9534912109375,89.5,92.0,2.9652,69.5,20.0,6.7449075947659525,6,1.5,1.5,True,False,3호기,001,train,True,3,50.0
001_20200622_203312(6),1,0.6302083333333334,0.5067567567567568,0.020833333333333332,0.03153153153153153,12.0,13.999999999999998,167.99999999999997,576,444,0.36979166666666663,True,85.78759765625,84.0,86.0,2.9652,56.25,27.75,9.358559287737759,5,0.0,-2.842170943040401e-14,True,False,3호기,001,train,True,3,50.0
001_20200622_203312(6),2,0.6293402777777778,0.5900900900900901,0.022569444444444444,0.02702702702702703,13.0,12.0,156.0,576,444,0.3706597222222222,True,57.3782958984375,84.0,86.0,4.4478,54.0,30.0,6.744907594765952,4,0.5,1.0,True,False,3호기,001,train,True,3,50.0
001_20200622_203316(0),0,0.6397569444444444,0.46959459459459457,0.012152777777777778,0.024774774774774775,7.0,11.0,77.0,576,444,0.3602430555555556,True,55.9844970703125,88.0,91.0,2.9652,52.25,35.75,12.056522325644139,4,0.5,1.5,True,False,3호기,001,test,True,3,50.0
001_20200622_203316(0),1,0.6423611111111112,0.5405405405405406,0.020833333333333332,0.03153153153153153,12.0,13.999999999999998,167.99999999999997,576,444,0.35763888888888884,True,84.0,84.0,85.0,2.9652,50.0,34.0,11.46634291110212,6,1.0,1.0,True,False,3호기,001,test,True,3,50.0
001_20200622_203316(0),2,0.6493055555555556,0.634009009009009,0.013888888888888888,0.024774774774774775,8.0,11.0,88.0,576,444,0.3506944444444444,True,51.331787109375,84.5,85.0,2.9652,60.25,24.25,8.178200458653716,5,0.0,-2.5,True,False,3호기,001,test,True,3,50.0
001_20200622_203319(4),0,0.6423611111111112,0.481981981981982,0.020833333333333332,0.02252252252252252,12.0,10.0,120.0,576,444,0.35763888888888884,True,59.0,87.5,91.0,4.4478,55.25,32.25,7.250775664373398,5,0.0,0.0,True,False,3호기,001,train,True,3,50.0
001_20200622_203319(4),1,0.6501736111111112,0.5484234234234234,0.019097222222222224,0.024774774774774775,11.0,11.0,121.0,576,444,0.34982638888888884,True,86.393798828125,83.5,85.0,2.9652,56.25,27.25,9.18993659786861,6,-1.5,0.5,True,False,3호기,001,train,True,3,50.0
001_20200622_203319(4),2,0.6579861111111112,0.6328828828828829,0.017361111111111112,0.02252252252252252,10.0,10.0,99.99999999999999,576,444,0.34201388888888884,True,51.528690338134766,85.5,85.0,4.4478,61.25,24.25,5.4521336391024775,6,1.0,0.0,True,False,3호기,001,train,True,3,50.0
001_20200622_203330(3),0,0.6380208333333334,0.5236486486486487,0.015625,0.02027027027027027,9.0,9.0,81.00000000000001,576,444,0.36197916666666663,True,66.0,92.0,94.0,2.9652,60.5,31.5,10.623229461756374,7,0.5,0.4999999999999716,True,False,3호기,001,train,True,3,15.0
001_20200622_203330(3),1,0.6440972222222222,0.5957207207207207,0.017361111111111112,0.033783783783783786,10.0,15.0,150.0,576,444,0.3559027777777778,True,84.0,89.0,91.0,4.4478,51.75,37.25,8.374926930167723,4,1.0,-1.5,True,False,3호기,001,train,True,3,15.0
001_20200622_203330(3),2,0.6553819444444444,0.6745495495495496,0.019097222222222224,0.024774774774774775,11.0,11.0,121.0,576,444,0.3254504504504504,True,50.544189453125,89.0,90.0,4.4478,61.0,28.0,6.295247088448222,4,0.5,0.5,True,False,3호기,001,train,True,3,15.0
001_20200623_003516(8),0,0.6119791666666666,0.4144144144144144,0.019097222222222224,0.02702702702702703,11.0,12.0,132.0,576,444,0.38802083333333337,True,61.513187408447266,88.5,94.0,2.9652,57.25,31.25,10.538918116821801,6,0.5,-1.0,True,False,3호기,001,train,True,3,15.0
001_20200623_003516(8),1,0.6085069444444444,0.48986486486486486,0.026041666666666668,0.02927927927927928,15.0,13.0,195.0,576,444,0.3914930555555556,True,71.7255859375,86.0,88.0,4.4478,54.0,32.0,7.194568101083682,4,-0.5,-0.5,True,False,3호기,001,train,True,3,15.0
001_20200623_003516(8),2,0.6024305555555556,0.5855855855855856,0.020833333333333332,0.03153153153153153,12.0,13.999999999999998,167.99999999999997,576,444,0.3975694444444444,True,57.7255859375,92.5,96.0,2.9652,61.75,30.75,10.370295426952651,6,0.0,2.0,True,False,3호기,001,train,True,3,15.0
001_20200623_003520(5),0,0.5998263888888888,0.42905405405405406,0.019097222222222224,0.033783783783783786,11.0,15.0,165.00000000000003,576,444,0.40017361111111116,True,62.1968994140625,90.0,93.0,4.4478,52.75,37.25,8.374926930167723,8,0.5,-0.5,True,False,3호기,001,train,True,3,15.0
001_20200623_003520(5),1,0.6032986111111112,0.5033783783783784,0.026041666666666668,0.024774774774774775,15.0,11.0,165.0,576,444,0.39670138888888884,True,68.78759765625,87.0,87.0,4.4478,42.75,44.25,9.948738702279778,4,0.5,-0.5,True,False,3호기,001,train,True,3,15.0
001_20200623_003520(5),2,0.6119791666666666,0.6013513513513513,0.019097222222222224,0.03153153153153153,11.0,13.999999999999998,153.99999999999997,576,444,0.38802083333333337,True,56.1968994140625,93.0,96.0,4.4478,61.75,31.25,7.025945411214533,5,-0.5,1.0,True,False,3호기,001,train,True,3,15.0
001_20200623_003524(0),0,0.6050347222222222,0.43018018018018017,0.022569444444444444,0.02252252252252252,13.0,10.0,130.0,576,444,0.3949652777777778,True,62.513187408447266,88.0,94.0,2.9652,55.0,33.0,11.12909753136382,5,1.5,-1.0,True,False,3호기,001,train,True,3,15.0
001_20200623_003524(0),1,0.6050347222222222,0.5033783783783784,0.026041666666666668,0.038288288288288286,15.0,17.0,255.0,576,444,0.3949652777777778,True,70.3782958984375,85.0,87.0,4.4478,50.25,34.75,7.81285129727056,5,-0.5,0.5,True,False,3호기,001,train,True,3,15.0
001_20200623_003524(0),2,0.6015625,0.6058558558558559,0.022569444444444444,0.02702702702702703,13.0,12.0,156.0,576,444,0.3941441441441441,True,54.9844970703125,93.0,96.0,2.9652,55.25,37.75,12.731013085120734,5,1.5,0.0,True,False,3호기,001,train,True,3,15.0
001_20200623_003529(0),0,0.6154513888888888,0.38063063063063063,0.022569444444444444,0.02702702702702703,13.0,12.0,156.0,576,444,0.38063063063063063,True,60.78759765625,88.0,93.0,4.4478,56.5,31.5,7.0821529745042495,7,-0.5,0.0,True,False,3호기,001,train,True,3,15.0
001_20200623_003529(0),1,0.6154513888888888,0.4572072072072072,0.022569444444444444,0.03153153153153153,13.0,13.999999999999998,182.0,576,444,0.38454861111111116,True,69.9844970703125,90.0,90.0,4.4478,55.75,34.25,7.700436170691129,4,-0.5,0.0,True,False,3호기,001,train,True,3,15.0
001_20200623_003529(0),2,0.6171875,0.5585585585585585,0.019097222222222224,0.03153153153153153,11.0,13.999999999999998,153.99999999999997,576,444,0.3828125,True,59.0,90.0,93.0,2.9652,60.25,29.75,10.033050047214354,4,-0.5,2.842170943040401e-14,True,False,3호기,001,train,True,3,15.0
001_20200623_003532(5),0,0.5989583333333334,0.34572072072072074,0.020833333333333332,0.024774774774774775,12.0,11.0,132.0,576,444,0.34572072072072074,True,58.93798828125,89.0,93.0,2.9652,56.75,32.25,10.876163496560098,5,1.0,-0.5,True,False,3호기,001,train,True,3,15.0
001_20200623_003532(5),1,0.6302083333333334,0.5157657657657657,0.017361111111111112,0.02252252252252252,10.0,10.0,99.99999999999999,576,444,0.36979166666666663,True,59.5286865234375,91.0,93.0,4.4478,56.5,34.5,7.7566437339808445,4,0.0,-0.9999999999999716,True,False,3호기,001,train,True,3,15.0
001_20200623_003532(5),2,0.6137152777777778,0.4189189189189189,0.022569444444444444,0.02702702702702703,13.0,12.0,156.0,576,444,0.3862847222222222,True,72.0,89.0,89.0,4.4478,60.25,28.75,6.46386977831737,5,-0.5,0.0,True,False,3호기,001,train,True,3,15.0
001_20200623_003536(0),0,0.6145833333333334,0.3704954954954955,0.020833333333333332,0.02027027027027027,12.0,9.0,108.0,576,444,0.3704954954954955,True,60.0,88.5,92.0,5.9304,49.0,39.5,6.660596249831378,6,0.0,-1.5,True,False,3호기,001,train,True,3,15.0
001_20200623_003536(0),1,0.6163194444444444,0.44932432432432434,0.020833333333333332,0.024774774774774775,12.0,11.0,132.0,576,444,0.3836805555555556,True,70.5906982421875,88.5,90.0,4.4478,58.75,29.75,6.688700031476236,5,0.0,-2.5,True,False,3호기,001,train,True,3,15.0
001_20200623_003536(0),2,0.6189236111111112,0.5461711711711712,0.022569444444444444,0.02027027027027027,13.0,9.0,117.00000000000001,576,444,0.38107638888888884,True,59.0,91.5,94.0,2.9652,62.75,28.75,9.695804667476056,4,0.5,-0.5,True,False,3호기,001,train,True,3,15.0
001_20200623_043227(1),0,0.6032986111111112,0.34797297297297297,0.022569444444444444,0.02927927927927928,13.0,13.0,169.0,576,444,0.34797297297297297,True,59.0,87.0,91.0,2.9652,53.5,33.5,11.29772022123297,5,-0.5,0.5,True,False,3호기,001,test,True,3,15.0
001_20200623_043227(1),1,0.6059027777777778,0.42117117117117114,0.024305555555555556,0.03153153153153153,14.0,13.999999999999998,195.99999999999997,576,444,0.3940972222222222,True,70.0,89.0,89.0,4.4478,52.25,36.75,8.262511803588291,4,0.0,1.0,True,False,3호기,001,test,True,3,15.0
001_20200623_043227(1),2,0.6111111111111112,0.5259009009009009,0.020833333333333332,0.02027027027027027,12.0,9.0,108.0,576,444,0.38888888888888884,True,59.0,90.0,93.0,2.9652,58.25,31.75,10.707540806690949,5,0.0,-0.5,True,False,3호기,001,test,True,3,15.0
001_20200623_043231(6),0,0.6180555555555556,0.3524774774774775,0.020833333333333332,0.02927927927927928,12.0,13.0,155.99999999999997,576,444,0.3524774774774775,True,59.0,89.0,92.0,4.4478,56.0,33.0,7.419398354242547,9,-1.0,0.5,True,False,3호기,001,test,True,3,15.0
001_20200623_043231(6),1,0.6197916666666666,0.42680180180180183,0.020833333333333332,0.024774774774774775,12.0,11.0,132.0,576,444,0.38020833333333337,True,70.5906982421875,90.0,89.0,4.4478,58.25,31.75,7.138360537793965,5,-1.0,0.5,True,False,3호기,001,test,True,3,15.0
001_20200623_043231(6),2,0.6215277777777778,0.5281531531531531,0.024305555555555556,0.024774774774774775,14.0,11.0,154.0,576,444,0.3784722222222222,True,61.0,89.5,93.0,2.9652,57.25,32.25,10.876163496560098,5,1.0,1.5,True,False,3호기,001,test,True,3,15.0
001_20200623_043236(1),0,0.6154513888888888,0.3322072072072072,0.022569444444444444,0.024774774774774775,13.0,11.0,143.0,576,444,0.3322072072072072,True,57.0,88.0,92.0,4.4478,56.0,32.0,7.194568101083682,5,-1.5,1.5,True,False,3호기,001,train,True,3,15.0
001_20200623_043236(1),1,0.6154513888888888,0.40765765765765766,0.022569444444444444,0.02702702702702703,13.0,12.0,156.0,576,444,0.38454861111111116,True,70.1968994140625,90.0,89.0,4.4478,55.0,35.0,7.869058860560277,4,-0.5,1.0,True,False,3호기,001,train,True,3,15.0
001_20200623_043236(1),2,0.6180555555555556,0.509009009009009,0.020833333333333332,0.03153153153153153,12.0,13.999999999999998,167.99999999999997,576,444,0.3819444444444444,True,62.0,91.5,94.0,4.4478,56.75,34.75,7.81285129727056,6,0.0,2.0,True,False,3호기,001,train,True,3,15.0
001_20200623_043240(6),0,0.6111111111111112,0.3536036036036036,0.020833333333333332,0.03153153153153153,12.0,13.999999999999998,167.99999999999997,576,444,0.3536036036036036,True,58.5906982421875,87.0,92.0,4.4478,55.75,31.25,7.025945411214533,6,0.0,2.0,True,False,3호기,001,test,True,3,50.0
001_20200623_043240(6),1,0.6189236111111112,0.5337837837837838,0.019097222222222224,0.02252252252252252,11.0,10.0,110.0,576,444,0.38107638888888884,True,60.0,88.0,93.0,2.9652,60.5,27.5,9.274247942803184,6,-0.5,0.0,True,False,3호기,001,test,True,3,50.0
001_20200623_043240(6),2,0.6163194444444444,0.43243243243243246,0.020833333333333332,0.02702702702702703,12.0,12.0,144.0,576,444,0.3836805555555556,True,71.0,88.0,89.0,4.4478,55.25,32.75,7.363190790952831,7,-1.0,0.0,True,False,3호기,001,test,True,3,50.0
001_20200623_043245(2),0,0.6171875,0.36486486486486486,0.019097222222222224,0.02702702702702703,11.0,12.0,132.0,576,444,0.36486486486486486,True,60.0,91.0,93.0,5.9304,49.75,41.25,6.955685957102388,7,0.5,0.0,True,False,3호기,001,test,True,3,50.0
001_20200623_043245(2),1,0.6197916666666666,0.44144144144144143,0.020833333333333332,0.02252252252252252,12.0,10.0,120.0,576,444,0.38020833333333337,True,69.78759765625,89.5,89.0,2.9652,62.75,26.75,9.021313907999462,4,0.0,-1.0,True,False,3호기,001,test,True,3,50.0
001_20200623_043245(2),2,0.6241319444444444,0.5461711711711712,0.015625,0.02927927927927928,9.0,13.0,116.99999999999999,576,444,0.3758680555555556,True,58.0,90.0,94.0,2.9652,56.5,33.5,11.29772022123297,4,0.5,-1.5,True,False,3호기,001,test,True,3,50.0
001_20200623_043249(6),0,0.6102430555555556,0.36373873873873874,0.022569444444444444,0.033783783783783786,13.0,15.0,195.0,576,444,0.36373873873873874,True,59.9844970703125,89.0,93.0,2.9652,51.0,38.0,12.815324430055309,4,-0.5,-0.5,True,False,3호기,001,train,True,3,50.0
001_20200623_043249(6),1,0.6102430555555556,0.4436936936936937,0.019097222222222224,0.02702702702702703,11.0,12.0,132.0,576,444,0.3897569444444444,True,70.0,90.0,88.5,4.4478,59.0,31.0,6.969737847924817,7,0.5,-2.0,True,False,3호기,001,train,True,3,50.0
001_20200623_043249(6),2,0.6137152777777778,0.5416666666666666,0.022569444444444444,0.02027027027027027,13.0,9.0,117.00000000000001,576,444,0.3862847222222222,True,59.9844970703125,91.0,95.0,2.9652,58.25,32.75,11.044786186429247,4,0.5,-0.4999999999999716,True,False,3호기,001,train,True,3,50.0
001_20200623_082407(9),0,0.5998263888888888,0.46846846846846846,0.019097222222222224,0.03153153153153153,11.0,13.999999999999998,153.99999999999997,576,444,0.40017361111111116,True,64.31318664550781,90.0,95.0,4.4478,56.75,33.25,7.475605917532263,6,0.5,-1.0,True,False,3호기,001,train,True,3,50.0
001_20200623_082407(9),1,0.609375,0.5416666666666666,0.020833333333333332,0.033783783783783786,12.0,15.0,180.0,576,444,0.390625,True,69.5906982421875,88.5,88.0,4.4478,56.25,32.25,7.250775664373398,4,0.0,-0.4999999999999716,True,False,3호기,001,train,True,3,50.0
001_20200623_082407(9),2,0.6241319444444444,0.6407657657657657,0.019097222222222224,0.04279279279279279,11.0,19.0,209.0,576,444,0.3592342342342343,True,54.331787109375,92.0,96.0,5.9304,57.5,34.5,5.817482800485633,6,0.5,-0.5,True,False,3호기,001,train,True,3,50.0
001_20200623_082411(0),0,0.5998263888888888,0.43243243243243246,0.019097222222222224,0.02702702702702703,11.0,12.0,132.0,576,444,0.40017361111111116,True,62.513187408447266,88.0,94.0,4.4478,55.75,32.25,7.250775664373398,5,1.5,0.0,True,False,3호기,001,train,True,3,50.0
001_20200623_082411(0),1,0.6085069444444444,0.5056306306306306,0.026041666666666668,0.024774774774774775,15.0,11.0,165.0,576,444,0.3914930555555556,True,69.393798828125,86.0,88.0,5.9304,51.5,34.5,5.817482800485633,3,0.5,0.5,True,False,3호기,001,train,True,3,50.0
001_20200623_082411(0),2,0.6197916666666666,0.6058558558558559,0.024305555555555556,0.02702702702702703,14.0,12.0,168.0,576,444,0.38020833333333337,True,56.393798828125,91.5,94.0,3.7064999999999997,61.5,30.0,8.093889113719143,4,1.0,0.0,True,False,3호기,001,train,True,3,50.0
001_20200623_082414(1),0,0.6050347222222222,0.34459459459459457,0.022569444444444444,0.03153153153153153,13.0,13.999999999999998,182.0,576,444,0.34459459459459457,True,57.0,91.0,94.0,4.4478,60.5,30.5,6.857322721345384,7,2.5,1.0,True,False,3호기,001,train,True,3,50.0
001_20200623_082414(1),1,0.6145833333333334,0.42567567567567566,0.020833333333333332,0.02702702702702703,12.0,12.0,144.0,576,444,0.38541666666666663,True,70.0,92.0,91.0,4.4478,60.25,31.75,7.138360537793965,5,0.0,-1.0,True,False,3호기,001,train,True,3,50.0
001_20200623_082414(1),2,0.6215277777777778,0.5236486486486487,0.013888888888888888,0.02027027027027027,8.0,9.0,72.0,576,444,0.3784722222222222,True,61.1968994140625,91.5,94.0,2.9652,55.25,36.25,12.225145015513288,6,1.0,-0.5000000000000284,True,False,3호기,001,train,True,3,50.0
001_20200623_082416(7),0,0.6484375,0.5686936936936937,0.019097222222222224,0.02027027027027027,11.0,9.0,99.0,576,444,0.3515625,True,84.0,95.0,95.0,4.4478,55.75,39.25,8.824587436485453,4,0.5,-1.5,True,False,3호기,001,train,True,3,50.0
001_20200623_082416(7),1,0.6605902777777778,0.6486486486486487,0.015625,0.02252252252252252,9.0,10.0,89.99999999999999,576,444,0.3394097222222222,True,61.0,94.0,93.5,4.4478,62.0,32.0,7.194568101083682,4,-0.5,0.0,True,False,3호기,001,train,True,3,50.0
001_20200623_082416(7),2,0.6397569444444444,0.4966216216216216,0.019097222222222224,0.024774774774774775,11.0,11.0,121.0,576,444,0.3602430555555556,True,65.9844970703125,92.0,95.0,4.4478,58.25,33.75,7.588021044111696,6,1.5,0.5,True,False,3호기,001,train,True,3,50.0
001_20200623_082419(6),0,0.6458333333333334,0.4358108108108108,0.020833333333333332,0.024774774774774775,12.0,11.0,132.0,576,444,0.35416666666666663,True,63.0,93.0,96.0,2.9652,64.75,28.25,9.527181977606908,4,0.0,-0.5,True,False,3호기,001,test,True,3,50.0
001_20200623_082419(6),1,0.6484375,0.5,0.026041666666666668,0.03153153153153153,15.0,13.999999999999998,209.99999999999997,576,444,0.3515625,True,85.0,93.5,95.0,4.4478,60.25,33.25,7.475605917532263,6,-0.5,1.0,True,False,3호기,001,test,True,3,50.0
001_20200623_082419(6),2,0.6536458333333334,0.5900900900900901,0.022569444444444444,0.02702702702702703,13.0,12.0,156.0,576,444,0.34635416666666663,True,62.0,93.0,94.0,2.9652,60.5,32.5,10.960474841494673,4,-0.5,-1.0,True,False,3호기,001,test,True,3,50.0
001_20200623_082422(5),0,0.6354166666666666,0.4988738738738739,0.017361111111111112,0.033783783783783786,10.0,15.0,150.0,576,444,0.36458333333333337,True,67.0,89.0,94.0,5.9304,53.25,35.75,6.028261162822069,4,1.0,-1.5,True,False,3호기,001,val,True,3,50.0
001_20200623_082422(5),1,0.6449652777777778,0.5641891891891891,0.022569444444444444,0.02927927927927928,13.0,13.0,169.0,576,444,0.3550347222222222,True,85.0,93.0,94.0,2.9652,59.5,33.5,11.29772022123297,5,-0.5,-0.4999999999999716,True,False,3호기,001,val,True,3,50.0
001_20200623_082422(5),2,0.6545138888888888,0.6475225225225225,0.020833333333333332,0.024774774774774775,12.0,11.0,132.0,576,444,0.34548611111111116,True,61.5906982421875,95.0,95.5,4.4478,62.0,33.0,7.419398354242547,5,0.0,-0.5,True,False,3호기,001,val,True,3,50.0
001_20200623_123214(3),0,0.6206597222222222,0.4650900900900901,0.022569444444444444,0.02027027027027027,13.0,9.0,117.00000000000001,576,444,0.3793402777777778,True,63.51318359375,90.0,94.0,4.4478,62.75,27.25,6.1266243985790725,3,0.5,1.5,True,False,3호기,001,train,True,3,50.0
001_20200623_123214(3),1,0.6302083333333334,0.5337837837837838,0.017361111111111112,0.02252252252252252,10.0,10.0,99.99999999999999,576,444,0.36979166666666663,True,85.9844970703125,89.0,91.0,2.9652,65.0,24.0,8.093889113719143,6,0.0,-1.0,True,False,3호기,001,train,True,3,50.0
001_20200623_123214(3),2,0.6458333333333334,0.6182432432432432,0.020833333333333332,0.033783783783783786,12.0,15.0,180.0,576,444,0.35416666666666663,True,61.9224853515625,91.0,91.0,4.4478,57.0,34.0,7.644228607401412,4,0.0,-1.5,True,False,3호기,001,train,True,3,50.0
001_20200623_123223(3),0,0.6388888888888888,0.44707207207207206,0.017361111111111112,0.02027027027027027,10.0,9.0,90.0,576,444,0.36111111111111116,True,65.0,89.0,92.0,2.9652,61.5,27.5,9.274247942803184,4,1.0,0.5,True,False,3호기,001,train,True,3,50.0
001_20200623_123223(3),1,0.6423611111111112,0.5202702702702703,0.020833333333333332,0.02702702702702703,12.0,12.0,144.0,576,444,0.35763888888888884,True,86.0,88.0,91.0,4.4478,54.75,33.25,7.475605917532263,3,0.0,-2.0,True,False,3호기,001,train,True,3,50.0
001_20200623_123223(3),2,0.640625,0.6013513513513513,0.013888888888888888,0.03153153153153153,8.0,13.999999999999998,111.99999999999999,576,444,0.359375,True,63.0,91.0,93.0,2.9652,61.75,29.25,9.864427357345205,4,2.0,0.0,True,False,3호기,001,train,True,3,50.0
001_20200623_123232(3),0,0.6336805555555556,0.3344594594594595,0.017361111111111112,0.02027027027027027,10.0,9.0,90.0,576,444,0.3344594594594595,True,57.9844970703125,86.5,91.0,2.9652,62.5,24.0,8.093889113719143,3,0.0,-0.5,True,False,3호기,001,train,True,3,50.0
001_20200623_123232(3),1,0.6388888888888888,0.40427927927927926,0.017361111111111112,0.02027027027027027,10.0,9.0,90.0,576,444,0.36111111111111116,True,86.0,91.0,92.0,2.9652,59.5,31.5,10.623229461756374,5,0.0,-0.5,True,False,3호기,001,train,True,3,50.0
001_20200623_123232(3),2,0.6501736111111112,0.48873873873873874,0.022569444444444444,0.03153153153153153,13.0,13.999999999999998,182.0,576,444,0.34982638888888884,True,69.1968994140625,92.0,92.0,4.4478,65.0,27.0,6.070416835289357,4,-0.5,-1.0,True,False,3호기,001,train,True,3,50.0
001_20200623_123236(9),0,0.6102430555555556,0.39076576576576577,0.022569444444444444,0.02027027027027027,13.0,9.0,117.00000000000001,576,444,0.3897569444444444,True,60.0,90.5,93.0,4.4478,55.25,35.25,7.925266423849993,6,0.5,0.5,True,False,3호기,001,train,True,3,50.0
001_20200623_123236(9),1,0.6171875,0.46621621621621623,0.022569444444444444,0.018018018018018018,13.0,8.0,104.0,576,444,0.3828125,True,68.1968994140625,88.0,90.5,4.4478,55.25,32.75,7.363190790952831,4,1.5,0.0,True,False,3호기,001,train,True,3,50.0
001_20200623_123236(9),2,0.6336805555555556,0.5698198198198198,0.024305555555555556,0.02702702702702703,14.0,12.0,168.0,576,444,0.3663194444444444,True,56.78759765625,92.0,94.0,2.9652,59.0,33.0,11.12909753136382,4,0.0,-1.9999999999999716,True,False,3호기,001,train,True,3,50.0
001_20200623_123241(3),0,0.6085069444444444,0.4403153153153153,0.026041666666666668,0.024774774774774775,15.0,11.0,165.0,576,444,0.3914930555555556,True,63.513187408447266,89.0,94.0,4.4478,55.75,33.25,7.475605917532263,6,0.5,-0.5,True,False,3호기,001,val,True,3,50.0
001_20200623_123241(3),1,0.6206597222222222,0.6171171171171171,0.022569444444444444,0.02702702702702703,13.0,12.0,156.0,576,444,0.3793402777777778,True,54.0,90.0,94.0,4.4478,59.0,31.0,6.969737847924817,4,0.5,0.0,True,False,3호기,001,val,True,3,50.0
001_20200623_123241(3),2,0.6128472222222222,0.5202702702702703,0.017361111111111112,0.02252252252252252,10.0,10.0,99.99999999999999,576,444,0.3871527777777778,True,70.0,88.0,88.0,4.4478,60.5,27.5,6.182831961868789,5,0.0,-2.0,True,False,3호기,001,val,True,3,50.0
001_20200623_123245(8),0,0.6015625,0.38963963963963966,0.022569444444444444,0.03153153153153153,13.0,13.999999999999998,182.0,576,444,0.38963963963963966,True,61.0,90.0,93.0,4.4478,52.75,37.25,8.374926930167723,6,-0.5,-1.0,True,False,3호기,001,train,True,3,50.0
001_20200623_123245(8),1,0.6102430555555556,0.46621621621621623,0.029513888888888888,0.02702702702702703,17.0,12.0,204.0,576,444,0.3897569444444444,True,71.0,91.0,92.0,4.4478,53.0,38.0,8.543549620036872,4,-1.5,-1.0,True,False,3호기,001,train,True,3,50.0
001_20200623_123245(8),2,0.6197916666666666,0.5664414414414415,0.024305555555555556,0.02927927927927928,14.0,13.0,182.0,576,444,0.38020833333333337,True,57.0,92.5,94.0,2.9652,59.75,32.75,11.044786186429247,5,-1.0,-0.5000000000000284,True,False,3호기,001,train,True,3,50.0
001_20200623_163159(5),0,0.6449652777777778,0.36711711711711714,0.026041666666666668,0.02702702702702703,15.0,12.0,180.0,576,444,0.3550347222222222,True,59.0,85.0,90.0,4.4478,56.0,29.0,6.520077341607086,4,0.5,-1.0,True,False,3호기,001,train,True,3,50.0
001_20200623_163159(5),1,0.6440972222222222,0.4369369369369369,0.024305555555555556,0.02702702702702703,14.0,12.0,168.0,576,444,0.3559027777777778,True,84.0,89.5,92.0,4.4478,56.75,32.75,7.363190790952831,4,1.0,-1.0,True,False,3호기,001,train,True,3,50.0
001_20200623_163159(5),2,0.6475694444444444,0.5225225225225225,0.027777777777777776,0.02702702702702703,16.0,12.0,192.0,576,444,0.3524305555555556,True,67.393798828125,91.0,91.0,3.7064999999999997,66.0,25.0,6.7449075947659525,4,1.0,-2.0,True,False,3호기,001,train,True,3,50.0
001_20200623_163209(3),0,0.6440972222222222,0.36824324324324326,0.020833333333333332,0.024774774774774775,12.0,11.0,132.0,576,444,0.3559027777777778,True,58.0,88.0,90.0,4.4478,59.5,28.5,6.4076622150276545,4,1.0,-0.5,True,False,3호기,001,train,True,3,50.0
001_20200623_163209(3),1,0.6440972222222222,0.4403153153153153,0.024305555555555556,0.033783783783783786,14.0,15.0,210.00000000000003,576,444,0.3559027777777778,True,83.0,91.0,93.0,4.4478,56.25,34.75,7.81285129727056,3,2.0,-0.5,True,False,3호기,001,train,True,3,50.0
001_20200623_163209(3),2,0.6536458333333334,0.5247747747747747,0.026041666666666668,0.03153153153153153,15.0,13.999999999999998,209.99999999999997,576,444,0.34635416666666663,True,67.0,91.0,91.0,4.4478,61.0,30.0,6.744907594765952,5,-0.5,-2.0,True,False,3호기,001,train,True,3,50.0
001_20200623_163212(9),0,0.6362847222222222,0.32882882882882886,0.019097222222222224,0.02702702702702703,11.0,12.0,132.0,576,444,0.32882882882882886,True,58.0,88.0,92.0,2.9652,55.75,32.25,10.876163496560098,5,0.5,-1.0,True,False,3호기,001,train,True,3,50.0
001_20200623_163212(9),1,0.6388888888888888,0.3997747747747748,0.027777777777777776,0.02927927927927928,16.0,13.0,208.0,576,444,0.36111111111111116,True,87.0,91.0,92.0,4.4478,59.75,31.25,7.025945411214533,6,-1.0,-1.5,True,False,3호기,001,train,True,3,50.0
001_20200623_163212(9),2,0.6397569444444444,0.48085585585585583,0.019097222222222224,0.024774774774774775,11.0,11.0,121.0,576,444,0.3602430555555556,True,72.0,95.0,94.0,2.9652,65.0,30.0,10.117361392148927,5,0.5,0.5,True,False,3호기,001,train,True,3,50.0
001_20200623_163216(2),0,0.59375,0.3738738738738739,0.024305555555555556,0.03153153153153153,14.0,13.999999999999998,195.99999999999997,576,444,0.3738738738738739,True,59.0,91.0,95.0,4.4478,47.5,43.5,9.78011601241063,6,1.0,0.0,True,False,3호기,001,val,True,3,50.0
001_20200623_163216(2),1,0.6015625,0.44932432432432434,0.026041666666666668,0.033783783783783786,15.0,15.0,225.00000000000003,576,444,0.3984375,True,69.0,92.0,93.0,4.4478,58.75,33.25,7.475605917532263,3,-0.5,-0.5,True,False,3호기,001,val,True,3,50.0
001_20200623_163216(2),2,0.6085069444444444,0.5529279279279279,0.026041666666666668,0.024774774774774775,15.0,11.0,165.0,576,444,0.3914930555555556,True,58.5906982421875,88.0,94.0,4.4478,61.5,26.5,5.958001708709924,3,1.5,-0.4999999999999716,True,False,3호기,001,val,True,3,50.0
001_20200623_163219(5),0,0.6076388888888888,0.4527027027027027,0.024305555555555556,0.03153153153153153,14.0,13.999999999999998,195.99999999999997,576,444,0.39236111111111116,True,63.393798828125,88.0,95.0,4.4478,52.5,35.5,7.98147398713971,4,1.0,1.0,True,False,3호기,001,train,True,3,100.0
001_20200623_163219(5),1,0.6171875,0.5326576576576577,0.029513888888888888,0.02927927927927928,17.0,13.0,220.99999999999997,576,444,0.3828125,True,69.0,90.0,88.5,4.4478,50.0,40.0,8.993210126354603,4,0.5,-1.5000000000000284,True,False,3호기,001,train,True,3,100.0
001_20200623_163219(5),2,0.6328125,0.6283783783783784,0.022569444444444444,0.02702702702702703,13.0,12.0,156.0,576,444,0.3671875,True,54.5906982421875,91.0,94.0,2.9652,62.75,28.25,9.527181977606908,5,-0.5,0.0,True,False,3호기,001,train,True,3,100.0
001_20200623_163222(9),0,0.6128472222222222,0.46846846846846846,0.024305555555555556,0.03153153153153153,14.0,13.999999999999998,195.99999999999997,576,444,0.3871527777777778,True,70.5906982421875,91.0,92.0,2.9652,66.0,25.0,8.43113449345744,6,0.0,-1.0,True,False,3호기,001,val,True,3,100.0
001_20200623_163222(9),1,0.6276041666666666,0.5709459459459459,0.036458333333333336,0.033783783783783786,21.0,15.0,315.00000000000006,576,444,0.37239583333333337,True,57.0,90.0,93.0,4.4478,58.75,31.25,7.025945411214533,4,-1.5,-1.5,True,False,3호기,001,val,True,3,100.0
001_20200623_163222(9),2,0.6050347222222222,0.3918918918918919,0.029513888888888888,0.03153153153153153,17.0,13.999999999999998,237.99999999999997,576,444,0.3918918918918919,True,60.0,88.0,93.0,3.7064999999999997,51.5,36.5,9.84756508835829,4,-0.5,1.0,True,False,3호기,001,val,True,3,100.0
001_20200623_203217(4),0,0.6137152777777778,0.46396396396396394,0.026041666666666668,0.02702702702702703,15.0,12.0,180.0,576,444,0.3862847222222222,True,65.51318359375,90.0,93.0,2.9652,56.0,34.0,11.46634291110212,7,0.5,-2.0,True,False,3호기,001,val,True,3,100.0
001_20200623_203217(4),1,0.6154513888888888,0.5371621621621622,0.026041666666666668,0.02927927927927928,15.0,13.0,195.0,576,444,0.38454861111111116,True,70.0,86.0,87.0,4.4478,54.0,32.0,7.194568101083682,7,0.5,-1.5,True,False,3호기,001,val,True,3,100.0
001_20200623_203217(4),2,0.6189236111111112,0.6373873873873874,0.019097222222222224,0.02702702702702703,11.0,12.0,132.0,576,444,0.3626126126126126,True,52.0,92.0,94.0,3.7064999999999997,59.5,32.5,8.768379873195737,7,1.5,0.0,True,False,3호기,001,val,True,3,100.0
001_20200623_203222(0),0,0.6085069444444444,0.5461711711711712,0.026041666666666668,0.02927927927927928,15.0,13.0,195.0,576,444,0.3914930555555556,True,65.7100830078125,87.0,92.0,2.9652,48.25,38.75,13.068258464859031,5,0.5,-1.5,True,False,3호기,001,train,True,3,100.0
001_20200623_203222(0),1,0.6206597222222222,0.615990990990991,0.022569444444444444,0.033783783783783786,13.0,15.0,195.0,576,444,0.3793402777777778,True,70.393798828125,87.0,88.0,4.4478,56.5,30.5,6.857322721345384,3,-0.5,-0.5,True,False,3호기,001,train,True,3,100.0
001_20200623_203222(0),2,0.6354166666666666,0.7150900900900901,0.027777777777777776,0.024774774774774775,16.0,11.0,176.0,576,444,0.28490990990990994,True,47.134891510009766,90.0,93.0,4.4478,60.0,30.0,6.744907594765952,2,0.0,-0.5,True,False,3호기,001,train,True,3,100.0
001_20200623_203226(3),0,0.5980902777777778,0.48085585585585583,0.019097222222222224,0.024774774774774775,11.0,11.0,121.0,576,444,0.4019097222222222,True,64.7100830078125,91.0,94.0,3.7064999999999997,53.25,37.75,10.184810468096588,6,0.5,-0.5,True,False,3호기,001,train,True,3,100.0
001_20200623_203226(3),1,0.6067708333333334,0.5495495495495496,0.026041666666666668,0.02252252252252252,15.0,10.0,150.0,576,444,0.39322916666666663,True,70.0,88.0,88.0,4.4478,59.0,29.0,6.520077341607086,4,0.5,-2.842170943040401e-14,True,False,3호기,001,train,True,3,100.0
001_20200623_203226(3),2,0.6180555555555556,0.6509009009009009,0.024305555555555556,0.03153153153153153,14.0,13.999999999999998,195.99999999999997,576,444,0.3490990990990991,True,52.331787109375,92.0,93.0,2.9652,52.25,39.75,13.40550384459733,5,1.0,0.0,True,False,3호기,001,train,True,3,100.0
001_20200623_203230(9),0,0.6024305555555556,0.43243243243243246,0.027777777777777776,0.02702702702702703,16.0,12.0,192.0,576,444,0.3975694444444444,True,63.0,88.0,93.0,2.9652,50.5,37.5,12.64670174018616,6,-1.0,0.0,True,False,3호기,001,train,True,3,100.0
001_20200623_203230(9),1,0.6050347222222222,0.5022522522522522,0.022569444444444444,0.036036036036036036,13.0,16.0,208.0,576,444,0.3949652777777778,True,68.0,86.0,87.0,4.4478,49.25,36.75,8.262511803588291,7,1.5,1.0,True,False,3호기,001,train,True,3,100.0
001_20200623_203230(9),2,0.6180555555555556,0.6047297297297297,0.024305555555555556,0.033783783783783786,14.0,15.0,210.00000000000003,576,444,0.3819444444444444,True,54.544189453125,89.0,93.0,2.9652,56.0,33.0,11.12909753136382,5,0.0,0.5,True,False,3호기,001,train,True,3,100.0
001_20200623_203235(3),0,0.6050347222222222,0.4132882882882883,0.022569444444444444,0.02927927927927928,13.0,13.0,169.0,576,444,0.3949652777777778,True,62.0,90.0,93.0,2.9652,57.5,32.5,10.960474841494673,7,0.5,-1.5,True,False,3호기,001,test,True,3,100.0
001_20200623_203235(3),1,0.6102430555555556,0.48536036036036034,0.019097222222222224,0.033783783783783786,11.0,15.0,165.00000000000003,576,444,0.3897569444444444,True,70.0,89.0,87.0,4.4478,59.0,30.0,6.744907594765952,5,-0.5,-0.5,True,False,3호기,001,test,True,3,100.0
001_20200623_203235(3),2,0.6154513888888888,0.588963963963964,0.022569444444444444,0.02927927927927928,13.0,13.0,169.0,576,444,0.38454861111111116,True,54.0,88.0,93.0,4.4478,59.5,28.5,6.4076622150276545,5,0.5,-0.5,True,False,3호기,001,test,True,3,100.0
001_20200623_203247(5),0,0.6032986111111112,0.42905405405405406,0.026041666666666668,0.02927927927927928,15.0,13.0,195.0,576,444,0.39670138888888884,True,63.0,90.0,94.0,2.9652,52.75,37.25,12.562390395251585,4,0.5,-1.5,True,False,3호기,001,train,True,3,100.0
001_20200623_203247(5),1,0.6102430555555556,0.4988738738738739,0.029513888888888888,0.02927927927927928,17.0,13.0,220.99999999999997,576,444,0.3897569444444444,True,70.0,87.0,86.0,3.7064999999999997,32.25,54.75,14.771347632537436,4,-0.5,-0.5,True,False,3호기,001,train,True,3,100.0
001_20200623_203247(5),2,0.6171875,0.5990990990990991,0.026041666666666668,0.036036036036036036,15.0,16.0,240.0,576,444,0.3828125,True,53.9534912109375,90.0,93.0,4.4478,52.5,37.5,8.43113449345744,5,0.5,1.0,True,False,3호기,001,train,True,3,100.0
001_20200624_003240(4),0,0.6059027777777778,0.5563063063063063,0.024305555555555556,0.02252252252252252,14.0,10.0,140.0,576,444,0.3940972222222222,True,59.0,92.0,96.0,2.9652,63.5,28.5,9.611493322541481,5,0.0,0.0,True,False,3호기,001,train,True,3,100.0
001_20200624_003240(4),1,0.6032986111111112,0.45157657657657657,0.019097222222222224,0.02927927927927928,11.0,13.0,143.0,576,444,0.39670138888888884,True,70.0,94.0,92.0,2.9652,59.25,34.75,11.719276945905841,6,-0.5,0.5,True,False,3호기,001,train,True,3,100.0
001_20200624_003240(4),2,0.5980902777777778,0.3783783783783784,0.022569444444444444,0.03153153153153153,13.0,13.999999999999998,182.0,576,444,0.3783783783783784,True,61.0,91.0,96.0,4.4478,57.5,33.5,7.531813480821979,6,1.5,0.0,True,False,3호기,001,train,True,3,100.0
001_20200624_003244(2),0,0.6163194444444444,0.393018018018018,0.024305555555555556,0.033783783783783786,14.0,15.0,210.00000000000003,576,444,0.3836805555555556,True,61.513187408447266,90.0,95.0,2.9652,52.75,37.25,12.562390395251585,6,2.0,-0.5,True,False,3호기,001,train,True,3,100.0
001_20200624_003244(2),1,0.6206597222222222,0.4650900900900901,0.026041666666666668,0.02927927927927928,15.0,13.0,195.0,576,444,0.3793402777777778,True,68.0,90.0,92.0,4.4478,60.5,29.5,6.632492468186519,6,1.5,0.5,True,False,3호기,001,train,True,3,100.0
001_20200624_003244(2),2,0.6284722222222222,0.5686936936936937,0.020833333333333332,0.02927927927927928,12.0,13.0,155.99999999999997,576,444,0.3715277777777778,True,59.0,94.5,96.0,2.9652,62.25,32.25,10.876163496560098,5,0.0,0.5,True,False,3호기,001,train,True,3,100.0
001_20200624_003247(7),0,0.6041666666666666,0.35585585585585583,0.03125,0.03153153153153153,18.0,13.999999999999998,252.0,576,444,0.35585585585585583,True,61.0,88.0,94.0,4.4478,59.25,28.75,6.46386977831737,6,0.0,-2.0,True,False,3호기,001,test,True,3,100.0
001_20200624_003247(7),1,0.6102430555555556,0.43243243243243246,0.022569444444444444,0.036036036036036036,13.0,16.0,208.0,576,444,0.3897569444444444,True,70.0,90.5,90.0,4.4478,62.75,27.75,6.239039525158505,6,-0.5,-2.0,True,False,3호기,001,test,True,3,100.0
001_20200624_003247(7),2,0.6180555555555556,0.5292792792792793,0.024305555555555556,0.03153153153153153,14.0,13.999999999999998,195.99999999999997,576,444,0.3819444444444444,True,61.0,94.0,96.0,2.9652,61.75,32.25,10.876163496560098,7,1.0,-2.842170943040401e-14,True,False,3호기,001,test,True,3,100.0
001_20200624_003251(1),0,0.6102430555555556,0.43243243243243246,0.022569444444444444,0.02702702702702703,13.0,12.0,156.0,576,444,0.3897569444444444,True,62.3162841796875,89.5,95.0,2.9652,54.25,35.25,11.88789963577499,6,1.5,-1.0,True,False,3호기,001,train,True,3,100.0
001_20200624_003251(1),1,0.6145833333333334,0.5067567567567568,0.027777777777777776,0.02702702702702703,16.0,12.0,192.0,576,444,0.38541666666666663,True,70.0,87.0,89.0,5.9304,51.5,35.5,5.986105490354783,4,0.0,-2.842170943040401e-14,True,False,3호기,001,train,True,3,100.0
001_20200624_003251(1),2,0.6180555555555556,0.6103603603603603,0.024305555555555556,0.02702702702702703,14.0,12.0,168.0,576,444,0.3819444444444444,True,55.0,94.0,96.0,2.9652,61.5,32.5,10.960474841494673,5,1.0,0.0,True,False,3호기,001,train,True,3,100.0
001_20200624_003254(3),0,0.6006944444444444,0.40878378378378377,0.024305555555555556,0.02927927927927928,14.0,13.0,182.0,576,444,0.3993055555555556,True,62.0,89.0,95.0,2.9652,54.75,34.25,11.550654256036694,4,1.0,-0.5,True,False,3호기,001,train,True,3,100.0
001_20200624_003254(3),1,0.6076388888888888,0.48423423423423423,0.024305555555555556,0.036036036036036036,14.0,16.0,223.99999999999997,576,444,0.39236111111111116,True,69.0,91.0,91.0,2.9652,59.5,31.5,10.623229461756374,6,1.0,-2.0,True,False,3호기,001,train,True,3,100.0
001_20200624_003254(3),2,0.6206597222222222,0.5844594594594594,0.022569444444444444,0.02927927927927928,13.0,13.0,169.0,576,444,0.3793402777777778,True,57.0,94.0,97.0,2.9652,61.0,33.0,11.12909753136382,5,-0.5,-0.5,True,False,3호기,001,train,True,3,100.0
001_20200624_003303(5),0,0.6206597222222222,0.5292792792792793,0.029513888888888888,0.036036036036036036,17.0,16.0,272.0,576,444,0.3793402777777778,True,72.9844970703125,88.0,90.0,4.4478,56.75,31.25,7.025945411214533,4,-2.5,-2.842170943040401e-14,True,False,3호기,001,test,True,3,100.0
001_20200624_003303(5),1,0.6145833333333334,0.45382882882882886,0.027777777777777776,0.033783783783783786,16.0,15.0,240.0,576,444,0.38541666666666663,True,62.913185119628906,91.0,97.0,4.4478,60.0,31.0,6.969737847924817,5,1.0,0.5,True,False,3호기,001,test,True,3,100.0
001_20200624_003303(5),2,0.6189236111111112,0.6306306306306306,0.026041666666666668,0.036036036036036036,15.0,16.0,240.0,576,444,0.36936936936936937,True,54.0,91.0,97.0,4.4478,64.25,26.75,6.014209271999641,4,-0.5,1.0,True,False,3호기,001,test,True,3,100.0
001_20200624_043315(2),0,0.6050347222222222,0.35135135135135137,0.022569444444444444,0.02702702702702703,13.0,12.0,156.0,576,444,0.35135135135135137,True,57.1968994140625,89.0,94.0,2.9652,51.25,37.75,12.731013085120734,7,0.5,1.0,True,False,3호기,001,train,True,3,100.0
001_20200624_043315(2),1,0.6067708333333334,0.43243243243243246,0.026041666666666668,0.02702702702702703,15.0,12.0,180.0,576,444,0.39322916666666663,True,68.9844970703125,91.0,89.0,4.4478,50.25,40.75,9.16183281622375,4,0.5,-1.0,True,False,3호기,001,train,True,3,100.0
001_20200624_043315(2),2,0.6137152777777778,0.5315315315315315,0.022569444444444444,0.02702702702702703,13.0,12.0,156.0,576,444,0.3862847222222222,True,60.0,90.5,94.0,2.9652,59.5,31.0,10.454606771887226,5,-0.5,0.0,True,False,3호기,001,train,True,3,100.0
001_20200624_043324(2),0,0.6059027777777778,0.356981981981982,0.024305555555555556,0.02927927927927928,14.0,13.0,182.0,576,444,0.356981981981982,True,60.393798828125,90.0,94.0,4.4478,54.25,35.75,8.037681550429426,6,1.0,-1.5,True,False,3호기,001,test,True,3,100.0
001_20200624_043324(2),1,0.6067708333333334,0.4313063063063063,0.026041666666666668,0.024774774774774775,15.0,11.0,165.0,576,444,0.39322916666666663,True,69.0,90.5,89.0,4.4478,62.5,28.0,6.295247088448222,6,0.5,0.5,True,False,3호기,001,test,True,3,100.0
001_20200624_043324(2),2,0.6128472222222222,0.5349099099099099,0.027777777777777776,0.033783783783783786,16.0,15.0,240.0,576,444,0.3871527777777778,True,60.0,90.5,94.0,2.9652,53.0,37.5,12.64670174018616,4,-1.0,-0.5,True,False,3호기,001,test,True,3,100.0
001_20200624_043328(7),0,0.6050347222222222,0.3614864864864865,0.022569444444444444,0.04279279279279279,13.0,19.0,247.0,576,444,0.3614864864864865,True,58.9844970703125,90.0,94.0,4.4478,55.25,34.75,7.81285129727056,5,1.5,1.5,True,False,3호기,001,train,True,3,100.0
001_20200624_043328(7),1,0.6059027777777778,0.44256756756756754,0.020833333333333332,0.02927927927927928,12.0,13.0,155.99999999999997,576,444,0.3940972222222222,True,68.9844970703125,90.5,91.0,4.4478,58.25,32.25,7.250775664373398,6,2.0,-0.5,True,False,3호기,001,train,True,3,100.0
001_20200624_043328(7),2,0.6119791666666666,0.5416666666666666,0.026041666666666668,0.02927927927927928,15.0,13.0,195.0,576,444,0.38802083333333337,True,60.0,91.0,95.0,2.9652,55.75,35.25,11.88789963577499,4,0.5,0.5000000000000284,True,False,3호기,001,train,True,3,100.0
001_20200624_043333(2),0,0.6015625,0.36599099099099097,0.029513888888888888,0.033783783783783786,17.0,15.0,255.0,576,444,0.36599099099099097,True,61.78759765625,89.0,94.0,4.4478,48.0,41.0,9.218040379513468,4,0.5,-1.5,True,False,3호기,001,val,True,3,100.0
001_20200624_043333(2),1,0.6041666666666666,0.44481981981981983,0.027777777777777776,0.033783783783783786,16.0,15.0,240.0,576,444,0.39583333333333337,True,71.0,88.0,89.0,4.4478,58.25,29.75,6.688700031476236,4,-1.0,-2.5,True,False,3호기,001,val,True,3,100.0
001_20200624_043333(2),2,0.6067708333333334,0.543918918918919,0.022569444444444444,0.033783783783783786,13.0,15.0,195.0,576,444,0.39322916666666663,True,58.0,92.0,95.0,2.9652,56.25,35.75,12.056522325644139,4,-0.5,-1.5000000000000284,True,False,3호기,001,val,True,3,100.0
001_20200624_043337(8),0,0.5998263888888888,0.3581081081081081,0.026041666666666668,0.03153153153153153,15.0,13.999999999999998,209.99999999999997,576,444,0.3581081081081081,True,60.78759765625,92.0,95.0,3.7064999999999997,51.5,40.5,10.926750303520842,4,0.5,0.0,True,False,3호기,001,test,True,3,100.0
001_20200624_043337(8),1,0.6041666666666666,0.4358108108108108,0.027777777777777776,0.033783783783783786,16.0,15.0,240.0,576,444,0.39583333333333337,True,70.9844970703125,91.0,90.0,4.4478,55.75,35.25,7.925266423849993,4,-1.0,0.5,True,False,3호기,001,test,True,3,100.0
001_20200624_043337(8),2,0.6059027777777778,0.5371621621621622,0.024305555555555556,0.02927927927927928,14.0,13.0,182.0,576,444,0.3940972222222222,True,58.78759765625,89.5,93.0,2.9652,58.5,31.0,10.454606771887226,6,1.0,-0.5,True,False,3호기,001,test,True,3,100.0
001_20200624_043349(7),0,0.5963541666666666,0.35923423423423423,0.026041666666666668,0.033783783783783786,15.0,15.0,225.00000000000003,576,444,0.35923423423423423,True,60.316287994384766,89.0,93.0,5.1891,52.5,36.5,7.033975063113064,4,2.5,0.5,True,False,3호기,001,train,True,3,100.0
001_20200624_043349(7),1,0.6032986111111112,0.5382882882882883,0.022569444444444444,0.03153153153153153,13.0,13.999999999999998,182.0,576,444,0.39670138888888884,True,58.1968994140625,89.0,92.0,4.4478,52.5,36.5,8.206304240298575,4,0.5,-2.842170943040401e-14,True,False,3호기,001,train,True,3,100.0
001_20200624_043349(7),2,0.6006944444444444,0.44144144144144143,0.027777777777777776,0.03153153153153153,16.0,13.999999999999998,223.99999999999997,576,444,0.3993055555555556,True,70.0,89.0,89.0,5.1891,57.5,31.5,6.070416835289357,5,0.0,-1.0,True,False,3호기,001,train,True,3,100.0
001_20200624_083150(7),0,0.6032986111111112,0.34797297297297297,0.029513888888888888,0.02927927927927928,17.0,13.0,220.99999999999997,576,444,0.34797297297297297,True,57.393798828125,91.0,95.0,4.4478,55.25,35.75,8.037681550429426,4,0.5,0.5,True,False,3호기,001,train,True,3,100.0
001_20200624_083150(7),1,0.6137152777777778,0.42454954954954954,0.026041666666666668,0.033783783783783786,15.0,15.0,225.00000000000003,576,444,0.3862847222222222,True,69.181396484375,90.0,90.0,4.4478,51.5,38.5,8.655964746616304,5,0.5,-0.5,True,False,3호기,001,train,True,3,100.0
001_20200624_083150(7),2,0.6284722222222222,0.5225225225225225,0.024305555555555556,0.036036036036036036,14.0,16.0,223.99999999999997,576,444,0.3715277777777778,True,61.119384765625,88.5,94.0,4.4478,59.25,29.25,6.576284904896803,4,1.0,0.0,True,False,3호기,001,train,True,3,100.0
001_20200624_083153(8),0,0.6180555555555556,0.3524774774774775,0.024305555555555556,0.02927927927927928,14.0,13.0,182.0,576,444,0.3524774774774775,True,58.9844970703125,89.0,94.0,4.4478,56.75,32.25,7.250775664373398,5,2.0,-0.5,True,False,3호기,001,train,True,3,100.0
001_20200624_083153(8),1,0.6189236111111112,0.42680180180180183,0.026041666666666668,0.033783783783783786,15.0,15.0,225.00000000000003,576,444,0.38107638888888884,True,68.9844970703125,89.0,90.0,4.4478,58.75,30.25,6.801115158055668,8,0.5,0.5,True,False,3호기,001,train,True,3,100.0
001_20200624_083153(8),2,0.6180555555555556,0.5337837837837838,0.024305555555555556,0.02702702702702703,14.0,12.0,168.0,576,444,0.3819444444444444,True,59.0,94.0,94.0,2.9652,60.5,33.5,11.29772022123297,5,1.0,-1.0,True,False,3호기,001,train,True,3,100.0
001_20200624_083156(9),0,0.5963541666666666,0.509009009009009,0.026041666666666668,0.02702702702702703,15.0,12.0,180.0,576,444,0.40364583333333337,True,63.119384765625,86.0,93.0,4.4478,52.25,33.75,7.588021044111696,5,1.5,-1.0,True,False,3호기,001,train,True,3,100.0
001_20200624_083156(9),1,0.6310763888888888,0.6790540540540541,0.022569444444444444,0.02927927927927928,13.0,13.0,169.0,576,444,0.32094594594594594,True,52.1348876953125,92.0,94.0,2.9652,64.25,27.75,9.358559287737759,7,-0.5,-0.5,True,False,3호기,001,train,True,3,100.0
001_20200624_083156(9),2,0.6119791666666666,0.581081081081081,0.026041666666666668,0.036036036036036036,15.0,16.0,240.0,576,444,0.38802083333333337,True,70.5906982421875,90.0,89.0,5.1891,56.0,34.0,6.55219594920121,6,-0.5,0.0,True,False,3호기,001,train,True,3,100.0
001_20200624_083159(6),0,0.6215277777777778,0.4740990990990991,0.024305555555555556,0.02927927927927928,14.0,13.0,182.0,576,444,0.3784722222222222,True,63.3162841796875,92.5,96.0,2.9652,65.25,27.25,9.18993659786861,5,2.0,0.5,True,False,3호기,001,test,True,3,100.0
001_20200624_083159(6),1,0.6354166666666666,0.5394144144144144,0.027777777777777776,0.033783783783783786,16.0,15.0,240.0,576,444,0.36458333333333337,True,86.48218536376953,90.0,93.0,4.4478,60.5,29.5,6.632492468186519,4,1.0,0.5,True,False,3호기,001,test,True,3,100.0
001_20200624_083159(6),2,0.6553819444444444,0.6182432432432432,0.022569444444444444,0.02927927927927928,13.0,13.0,169.0,576,444,0.3446180555555556,True,61.513187408447266,93.0,94.0,2.9652,69.0,24.0,8.093889113719143,4,-0.5,0.5,True,False,3호기,001,test,True,3,100.0
001_20200624_083202(6),0,0.609375,0.46959459459459457,0.034722222222222224,0.0472972972972973,20.0,21.0,420.00000000000006,576,444,0.390625,True,60.316287994384766,92.0,95.0,4.4478,69.0,23.0,5.171095822653896,7,2.0,0.5,True,False,3호기,001,train,True,3,100.0
001_20200624_083202(6),1,0.6284722222222222,0.5371621621621622,0.024305555555555556,0.02927927927927928,14.0,13.0,182.0,576,444,0.3715277777777778,True,85.28528594970703,91.0,93.0,2.9652,55.5,35.5,11.972210980709566,4,0.0,-1.5,True,False,3호기,001,train,True,3,100.0
001_20200624_083202(6),2,0.6501736111111112,0.6092342342342343,0.022569444444444444,0.033783783783783786,13.0,15.0,195.0,576,444,0.34982638888888884,True,60.716285705566406,95.0,95.0,4.4478,59.25,35.75,8.037681550429426,5,0.5,-0.5,True,False,3호기,001,train,True,3,100.0
001_20200624_083205(7),0,0.6232638888888888,0.46734234234234234,0.03125,0.033783783783783786,18.0,15.0,270.0,576,444,0.37673611111111116,True,63.710086822509766,92.0,96.0,2.9652,65.0,27.0,9.105625252934034,4,-1.0,0.5,True,False,3호기,001,train,True,3,100.0
001_20200624_083205(7),1,0.6310763888888888,0.5337837837837838,0.029513888888888888,0.02702702702702703,17.0,12.0,204.0,576,444,0.36892361111111116,True,85.7720947265625,93.0,93.0,2.9652,54.25,38.75,13.068258464859031,6,0.5,0.0,True,False,3호기,001,train,True,3,100.0
001_20200624_083205(7),2,0.6449652777777778,0.6171171171171171,0.026041666666666668,0.02702702702702703,15.0,12.0,180.0,576,444,0.3550347222222222,True,60.716285705566406,93.0,94.0,2.9652,60.75,32.25,10.876163496560098,3,1.5,-2.0,True,False,3호기,001,train,True,3,100.0
001_20200624_123313(4),0,0.6267361111111112,0.45045045045045046,0.027777777777777776,0.03153153153153153,16.0,13.999999999999998,223.99999999999997,576,444,0.37326388888888884,True,66.9844970703125,93.0,94.0,4.4478,62.0,31.0,6.969737847924817,3,-1.0,-1.0,True,False,3호기,001,train,True,3,100.0
001_20200624_123313(4),1,0.6284722222222222,0.5123873873873874,0.024305555555555556,0.033783783783783786,14.0,15.0,210.00000000000003,576,444,0.3715277777777778,True,83.393798828125,90.0,92.0,4.4478,52.5,37.5,8.43113449345744,3,2.0,0.4999999999999716,True,False,3호기,001,train,True,3,100.0
001_20200624_123313(4),2,0.6432291666666666,0.5990990990990991,0.026041666666666668,0.03153153153153153,15.0,13.999999999999998,209.99999999999997,576,444,0.35677083333333337,True,63.7410888671875,92.0,92.0,4.4478,58.5,33.5,7.531813480821979,4,-0.5,-1.0,True,False,3호기,001,train,True,3,100.0
001_20200624_123317(8),0,0.6284722222222222,0.356981981981982,0.024305555555555556,0.02927927927927928,14.0,13.0,182.0,576,444,0.356981981981982,True,61.0,89.0,92.0,2.9652,60.0,29.0,9.78011601241063,4,-1.0,-2.5,True,False,3호기,001,train,True,3,100.0
001_20200624_123317(8),1,0.6284722222222222,0.42342342342342343,0.027777777777777776,0.036036036036036036,16.0,16.0,256.0,576,444,0.3715277777777778,True,85.0,93.0,93.0,4.4478,59.5,33.5,7.531813480821979,5,0.0,-1.0,True,False,3호기,001,train,True,3,100.0
001_20200624_123317(8),2,0.6319444444444444,0.5033783783783784,0.024305555555555556,0.033783783783783786,14.0,15.0,210.00000000000003,576,444,0.3680555555555556,True,71.0,90.5,92.0,4.4478,51.5,39.0,8.768379873195737,4,0.0,-0.5,True,False,3호기,001,train,True,3,100.0
001_20200624_123322(3),0,0.6336805555555556,0.3400900900900901,0.024305555555555556,0.03153153153153153,14.0,13.999999999999998,195.99999999999997,576,444,0.3400900900900901,True,59.0,88.0,91.0,3.7064999999999997,65.0,23.0,6.205314987184676,5,-1.0,0.0,True,False,3호기,001,train,True,3,100.0
001_20200624_123322(3),1,0.640625,0.4099099099099099,0.024305555555555556,0.036036036036036036,14.0,16.0,223.99999999999997,576,444,0.359375,True,86.1968994140625,93.5,94.0,2.9652,62.5,31.0,10.454606771887226,7,-1.0,-1.0,True,False,3호기,001,train,True,3,100.0
001_20200624_123322(3),2,0.6493055555555556,0.49324324324324326,0.03125,0.036036036036036036,18.0,16.0,288.0,576,444,0.3506944444444444,True,68.51318359375,93.0,94.0,2.9652,62.0,31.0,10.454606771887226,4,0.0,-2.0,True,False,3호기,001,train,True,3,100.0
001_20200624_123326(6),0,0.6102430555555556,0.3063063063063063,0.022569444444444444,0.03153153153153153,13.0,13.999999999999998,182.0,576,444,0.3063063063063063,True,57.0,91.5,96.0,2.9652,51.75,39.75,13.40550384459733,5,1.5,0.0,True,False,3호기,001,test,True,3,100.0
001_20200624_123326(6),1,0.6171875,0.38175675675675674,0.022569444444444444,0.033783783783783786,13.0,15.0,195.0,576,444,0.38175675675675674,True,68.5906982421875,91.0,94.0,4.4478,56.5,34.5,7.7566437339808445,5,0.5,-0.5,True,False,3호기,001,test,True,3,100.0
001_20200624_123326(6),2,0.6284722222222222,0.48536036036036034,0.024305555555555556,0.02927927927927928,14.0,13.0,182.0,576,444,0.3715277777777778,True,62.0,95.5,97.0,2.9652,66.75,28.75,9.695804667476056,9,-1.0,-0.5,True,False,3호기,001,test,True,3,100.0
001_20200624_123331(2),0,0.6154513888888888,0.29617117117117114,0.022569444444444444,0.033783783783783786,13.0,15.0,195.0,576,444,0.29617117117117114,True,56.0,89.0,94.0,4.4478,62.0,27.0,6.070416835289357,5,2.5,-0.5,True,False,3호기,001,train,True,3,100.0
001_20200624_123331(2),1,0.6197916666666666,0.3716216216216216,0.024305555555555556,0.02702702702702703,14.0,12.0,168.0,576,444,0.3716216216216216,True,68.0,89.0,91.0,4.4478,60.5,28.5,6.4076622150276545,4,2.0,0.0,True,False,3호기,001,train,True,3,100.0
001_20200624_123331(2),2,0.6293402777777778,0.47635135135135137,0.022569444444444444,0.038288288288288286,13.0,17.0,220.99999999999997,576,444,0.3706597222222222,True,62.0,92.5,98.0,2.9652,65.75,26.75,9.021313907999462,5,-0.5,-0.5,True,False,3호기,001,train,True,3,100.0
001_20200624_123335(6),0,0.6024305555555556,0.27815315315315314,0.027777777777777776,0.038288288288288286,16.0,17.0,272.0,576,444,0.27815315315315314,True,55.0,89.0,93.0,4.4478,59.25,29.75,6.688700031476236,4,0.0,-0.5,True,False,3호기,001,train,True,3,100.0
001_20200624_123335(6),1,0.6024305555555556,0.35585585585585583,0.027777777777777776,0.03153153153153153,16.0,13.999999999999998,223.99999999999997,576,444,0.35585585585585583,True,69.0,92.0,92.0,4.4478,57.25,34.75,7.81285129727056,6,1.0,0.0,True,False,3호기,001,train,True,3,100.0
001_20200624_123335(6),2,0.6041666666666666,0.4560810810810811,0.020833333333333332,0.024774774774774775,12.0,11.0,132.0,576,444,0.39583333333333337,True,64.5906982421875,97.0,98.0,2.9652,67.0,30.0,10.117361392148927,9,2.0,0.5,True,False,3호기,001,train,True,3,100.0
001_20200624_162816(3),0,0.5980902777777778,0.3952702702702703,0.03298611111111111,0.033783783783783786,19.0,15.0,285.0,576,444,0.3952702702702703,True,59.316287994384766,88.0,93.0,4.4478,61.75,26.25,5.901794145420208,6,-0.5,-0.5,True,False,3호기,001,train,True,3,100.0
001_20200624_162816(3),1,0.6076388888888888,0.47072072072072074,0.027777777777777776,0.036036036036036036,16.0,16.0,256.0,576,444,0.39236111111111116,True,68.78759765625,88.5,90.5,4.4478,53.25,35.25,7.925266423849993,4,2.0,-1.0,True,False,3호기,001,train,True,3,100.0
001_20200624_162816(3),2,0.6302083333333334,0.5619369369369369,0.027777777777777776,0.033783783783783786,16.0,15.0,240.0,576,444,0.36979166666666663,True,58.9224853515625,91.5,95.0,2.9652,58.0,33.5,11.29772022123297,5,0.0,1.5,True,False,3호기,001,train,True,3,100.0
001_20200624_162821(2),0,0.6059027777777778,0.3344594594594595,0.020833333333333332,0.033783783783783786,12.0,15.0,180.0,576,444,0.3344594594594595,True,55.0,87.0,93.0,4.4478,61.5,25.5,5.733171455551059,7,2.0,0.5,True,False,3호기,001,train,True,3,200.0
001_20200624_162821(2),1,0.6145833333333334,0.41216216216216217,0.024305555555555556,0.03153153153153153,14.0,13.999999999999998,195.99999999999997,576,444,0.38541666666666663,True,70.0,88.0,89.0,4.4478,53.75,34.25,7.700436170691129,4,0.0,0.0,True,False,3호기,001,train,True,3,200.0
001_20200624_162821(2),2,0.6223958333333334,0.5157657657657657,0.019097222222222224,0.03153153153153153,11.0,13.999999999999998,153.99999999999997,576,444,0.37760416666666663,True,61.0,90.0,94.0,2.9652,64.5,25.5,8.59975718332659,9,0.5,-0.9999999999999716,True,False,3호기,001,train,True,3,200.0
001_20200624_162831(2),0,0.6388888888888888,0.46621621621621623,0.027777777777777776,0.02702702702702703,16.0,12.0,192.0,576,444,0.36111111111111116,True,64.968994140625,90.5,94.0,4.4478,58.5,32.0,7.194568101083682,5,-1.0,0.0,True,False,3호기,001,train,True,3,200.0
001_20200624_162831(2),1,0.6440972222222222,0.536036036036036,0.024305555555555556,0.04054054054054054,14.0,18.0,252.0,576,444,0.3559027777777778,True,84.9844970703125,91.5,93.5,4.4478,59.5,32.0,7.194568101083682,5,1.0,-0.9999999999999716,True,False,3호기,001,train,True,3,200.0
001_20200624_162831(2),2,0.6571180555555556,0.6193693693693694,0.022569444444444444,0.036036036036036036,13.0,16.0,208.0,576,444,0.3428819444444444,True,61.9534912109375,96.0,96.0,2.9652,61.75,34.25,11.550654256036694,5,1.5,-2.0,True,False,3호기,001,train,True,3,200.0
001_20200624_162835(8),0,0.6319444444444444,0.3310810810810811,0.020833333333333332,0.02702702702702703,12.0,12.0,144.0,576,444,0.3310810810810811,True,56.0,89.5,93.0,4.4478,60.5,29.0,6.520077341607086,3,1.0,0.0,True,False,3호기,001,train,True,3,200.0
001_20200624_162835(8),1,0.6354166666666666,0.4009009009009009,0.020833333333333332,0.02702702702702703,12.0,12.0,144.0,576,444,0.36458333333333337,True,84.0,92.5,95.5,4.4478,54.75,37.75,8.487342056747156,5,2.0,1.0,True,False,3호기,001,train,True,3,200.0
001_20200624_162835(8),2,0.6449652777777778,0.48761261261261263,0.022569444444444444,0.033783783783783786,13.0,15.0,195.0,576,444,0.3550347222222222,True,69.1658935546875,96.0,96.0,2.9652,64.25,31.75,10.707540806690949,4,1.5,-1.5,True,False,3호기,001,train,True,3,200.0
001_20200624_203149(7),0,0.6449652777777778,0.5180180180180181,0.019097222222222224,0.02702702702702703,11.0,12.0,132.0,576,444,0.3550347222222222,True,64.0,88.0,90.0,2.9652,63.5,24.5,8.262511803588291,5,0.5,1.9999999999999716,True,False,3호기,001,val,True,3,200.0
001_20200624_203149(7),1,0.6475694444444444,0.588963963963964,0.017361111111111112,0.033783783783783786,10.0,15.0,150.0,576,444,0.3524305555555556,True,85.0,90.0,91.0,2.9652,56.75,33.25,11.213408876298395,4,0.0,0.5,True,False,3호기,001,val,True,3,200.0
001_20200624_203149(7),2,0.6501736111111112,0.6756756756756757,0.015625,0.03153153153153153,9.0,13.999999999999998,126.0,576,444,0.32432432432432434,True,51.5906982421875,94.0,95.0,4.4478,56.5,37.5,8.43113449345744,4,1.5,-2.0,True,False,3호기,001,val,True,3,200.0
001_20200624_203154(3),0,0.640625,0.46396396396396394,0.024305555555555556,0.02702702702702703,14.0,12.0,168.0,576,444,0.359375,True,57.9844970703125,92.0,95.0,2.9652,62.5,29.5,9.94873870227978,5,0.0,2.0,True,False,3호기,001,test,True,3,200.0
001_20200624_203154(3),1,0.6432291666666666,0.536036036036036,0.022569444444444444,0.03153153153153153,13.0,13.999999999999998,182.0,576,444,0.35677083333333337,True,85.0,84.0,88.0,4.4478,53.25,30.75,6.9135302846351,4,-0.5,1.0000000000000284,True,False,3호기,001,test,True,3,200.0
001_20200624_203154(3),2,0.6493055555555556,0.6227477477477478,0.020833333333333332,0.038288288288288286,12.0,17.0,204.0,576,444,0.3506944444444444,True,52.1658935546875,90.0,91.0,4.4478,53.75,36.25,8.15009667700886,4,0.0,-0.5,True,False,3호기,001,test,True,3,200.0
001_20200624_203203(1),0,0.6319444444444444,0.44707207207207206,0.024305555555555556,0.02927927927927928,14.0,13.0,182.0,576,444,0.3680555555555556,True,58.0,90.0,95.0,2.9652,66.25,23.75,8.009577768784569,3,2.0,0.5,True,False,3호기,001,train,True,3,200.0
001_20200624_203203(1),1,0.6354166666666666,0.5180180180180181,0.020833333333333332,0.02702702702702703,12.0,12.0,144.0,576,444,0.36458333333333337,True,84.393798828125,84.0,86.0,4.4478,51.75,32.25,7.250775664373398,5,0.0,-2.842170943040401e-14,True,False,3호기,001,train,True,3,200.0
001_20200624_203203(1),2,0.6380208333333334,0.6024774774774775,0.019097222222222224,0.038288288288288286,11.0,17.0,187.0,576,444,0.36197916666666663,True,58.1658935546875,90.0,89.0,2.9652,58.5,31.5,10.623229461756374,4,0.5,-1.5,True,False,3호기,001,train,True,3,200.0
001_20200624_203207(8),0,0.6302083333333334,0.4831081081081081,0.024305555555555556,0.024774774774774775,14.0,11.0,154.0,576,444,0.36979166666666663,True,59.7255859375,91.0,91.0,4.4478,58.0,33.0,7.419398354242547,4,1.0,0.5,True,False,3호기,001,val,True,3,200.0
001_20200624_203207(8),1,0.6423611111111112,0.5540540540540541,0.020833333333333332,0.03153153153153153,12.0,13.999999999999998,167.99999999999997,576,444,0.35763888888888884,True,83.48218536376953,86.0,87.0,4.4478,57.5,28.5,6.4076622150276545,5,0.0,0.0,True,False,3호기,001,val,True,3,200.0
001_20200624_203207(8),2,0.65625,0.6362612612612613,0.017361111111111112,0.024774774774774775,10.0,11.0,110.0,576,444,0.34375,True,47.534889221191406,88.0,87.0,3.7064999999999997,60.25,27.75,7.486847430190207,5,0.0,-1.5,True,False,3호기,001,val,True,3,200.0
001_20200624_203212(2),0,0.6388888888888888,0.4831081081081081,0.017361111111111112,0.024774774774774775,10.0,11.0,110.0,576,444,0.36111111111111116,True,59.9844970703125,89.0,91.0,4.4478,57.0,32.0,7.194568101083682,4,-1.0,0.5,True,False,3호기,001,train,True,3,200.0
001_20200624_203212(2),1,0.6449652777777778,0.5529279279279279,0.019097222222222224,0.024774774774774775,11.0,11.0,121.0,576,444,0.3550347222222222,True,85.0,86.0,87.0,2.9652,53.75,32.25,10.876163496560098,6,-0.5,0.5000000000000284,True,False,3호기,001,train,True,3,200.0
001_20200624_203212(2),2,0.6571180555555556,0.6373873873873874,0.019097222222222224,0.02252252252252252,11.0,10.0,110.0,576,444,0.3428819444444444,True,47.534889221191406,87.0,87.0,4.4478,62.75,24.25,5.4521336391024775,4,-0.5,-1.0,True,False,3호기,001,train,True,3,200.0
001_20200624_203225(8),0,0.6414930555555556,0.41103603603603606,0.022569444444444444,0.024774774774774775,13.0,11.0,143.0,576,444,0.3585069444444444,True,59.0,91.0,94.5,2.9652,67.0,24.0,8.093889113719143,3,-0.5,-1.5,True,False,3호기,001,train,True,3,200.0
001_20200624_203225(8),1,0.6380208333333334,0.4797297297297297,0.022569444444444444,0.018018018018018018,13.0,8.0,104.0,576,444,0.36197916666666663,True,83.0,88.0,89.0,2.9652,58.25,29.75,10.033050047214354,4,1.5,-1.0,True,False,3호기,001,train,True,3,200.0
001_20200624_203225(8),2,0.6449652777777778,0.5653153153153153,0.019097222222222224,0.02702702702702703,11.0,12.0,132.0,576,444,0.3550347222222222,True,61.0,90.0,89.0,2.9652,61.5,28.5,9.611493322541481,4,-0.5,-2.0,True,False,3호기,001,train,True,3,200.0
001_20200625_003507(0),0,0.6024305555555556,0.3344594594594595,0.020833333333333332,0.024774774774774775,12.0,11.0,132.0,576,444,0.3344594594594595,True,58.0,90.5,93.0,2.9652,58.5,32.0,10.791852151625523,5,0.0,0.5,True,False,3호기,001,train,True,3,200.0
001_20200625_003507(0),1,0.6032986111111112,0.40878378378378377,0.019097222222222224,0.02927927927927928,11.0,13.0,143.0,576,444,0.39670138888888884,True,69.0,89.0,89.0,5.9304,53.5,35.5,5.986105490354783,5,0.5,0.5,True,False,3호기,001,train,True,3,200.0
001_20200625_003507(0),2,0.609375,0.5157657657657657,0.017361111111111112,0.02702702702702703,10.0,12.0,120.0,576,444,0.390625,True,61.0,89.0,92.0,2.9652,59.25,29.75,10.033050047214354,7,-1.0,-0.9999999999999716,True,False,3호기,001,train,True,3,200.0
001_20200625_003511(4),0,0.6145833333333334,0.3400900900900901,0.020833333333333332,0.02702702702702703,12.0,12.0,144.0,576,444,0.3400900900900901,True,59.0,86.5,92.0,2.9652,54.5,32.0,10.791852151625523,5,-1.0,0.0,True,False,3호기,001,train,True,3,200.0
001_20200625_003511(4),1,0.6163194444444444,0.4166666666666667,0.017361111111111112,0.02702702702702703,10.0,12.0,120.0,576,444,0.3836805555555556,True,71.0,88.0,89.0,2.9652,63.25,24.75,8.346823148522866,6,-1.0,0.0,True,False,3호기,001,train,True,3,200.0
001_20200625_003511(4),2,0.6171875,0.5213963963963963,0.019097222222222224,0.024774774774774775,11.0,11.0,121.0,576,444,0.3828125,True,60.0,91.0,92.0,4.4478,57.5,33.5,7.531813480821979,5,0.5,-0.4999999999999716,True,False,3호기,001,train,True,3,200.0
001_20200625_003515(9),0,0.6076388888888888,0.3614864864864865,0.024305555555555556,0.02927927927927928,14.0,13.0,182.0,576,444,0.3614864864864865,True,60.0,90.5,94.0,4.4478,54.25,36.25,8.15009667700886,5,3.0,-0.5,True,False,3호기,001,train,True,3,200.0
001_20200625_003515(9),1,0.6137152777777778,0.4380630630630631,0.022569444444444444,0.033783783783783786,13.0,15.0,195.0,576,444,0.3862847222222222,True,70.0,91.0,90.0,4.4478,61.0,30.0,6.744907594765952,6,0.5,-0.5,True,False,3호기,001,train,True,3,200.0
001_20200625_003515(9),2,0.6163194444444444,0.5427927927927928,0.020833333333333332,0.036036036036036036,12.0,16.0,192.0,576,444,0.3836805555555556,True,58.0,89.0,91.0,4.4478,50.25,38.75,8.712172309906022,4,1.0,-1.0,True,False,3호기,001,train,True,3,200.0
001_20200625_003520(4),0,0.6024305555555556,0.3547297297297297,0.024305555555555556,0.024774774774774775,14.0,11.0,154.0,576,444,0.3547297297297297,True,58.78759765625,88.0,92.0,2.9652,51.5,36.5,12.309456360447863,4,1.0,1.5,True,False,3호기,001,test,True,3,200.0
001_20200625_003520(4),1,0.6032986111111112,0.43355855855855857,0.019097222222222224,0.024774774774774775,11.0,11.0,121.0,576,444,0.39670138888888884,True,68.0,89.5,90.0,2.9652,56.0,33.5,11.29772022123297,5,1.5,0.5,True,False,3호기,001,test,True,3,200.0
001_20200625_003520(4),2,0.6085069444444444,0.5371621621621622,0.015625,0.024774774774774775,9.0,11.0,99.0,576,444,0.3914930555555556,True,59.0,89.0,92.0,2.9652,59.75,29.25,9.864427357345205,5,0.5,-0.5,True,False,3호기,001,test,True,3,200.0
001_20200625_003524(9),0,0.609375,0.3524774774774775,0.020833333333333332,0.02927927927927928,12.0,13.0,155.99999999999997,576,444,0.3524774774774775,True,61.0,88.0,92.0,4.4478,56.75,31.25,7.025945411214533,4,1.0,-1.5,True,False,3호기,001,train,True,3,200.0
001_20200625_003524(9),1,0.609375,0.42454954954954954,0.017361111111111112,0.024774774774774775,10.0,11.0,110.0,576,444,0.390625,True,68.5906982421875,87.5,89.0,4.4478,54.5,33.0,7.419398354242547,5,2.0,0.5,True,False,3호기,001,train,True,3,200.0
001_20200625_003524(9),2,0.6163194444444444,0.5304054054054054,0.017361111111111112,0.024774774774774775,10.0,11.0,110.0,576,444,0.3836805555555556,True,59.393798828125,86.0,91.0,2.9652,58.0,28.0,9.442870632672333,3,0.0,-0.4999999999999716,True,False,3호기,001,train,True,3,200.0
001_20200625_003529(2),0,0.5998263888888888,0.34346846846846846,0.015625,0.02927927927927928,9.0,13.0,116.99999999999999,576,444,0.34346846846846846,True,59.0,88.0,94.0,4.4478,56.75,31.25,7.025945411214533,4,1.5,0.5,True,False,3호기,001,test,True,3,200.0
001_20200625_003529(2),1,0.6041666666666666,0.4222972972972973,0.020833333333333332,0.033783783783783786,12.0,15.0,180.0,576,444,0.39583333333333337,True,70.0,88.0,89.0,4.4478,51.75,36.25,8.15009667700886,4,0.0,-1.5,True,False,3호기,001,test,True,3,200.0
001_20200625_003529(2),2,0.6085069444444444,0.5225225225225225,0.019097222222222224,0.02702702702702703,11.0,12.0,132.0,576,444,0.3914930555555556,True,61.0,89.0,91.0,2.9652,57.75,31.25,10.538918116821801,7,0.5,0.0,True,False,3호기,001,test,True,3,200.0
001_20200625_043323(7),0,0.6076388888888888,0.36261261261261263,0.024305555555555556,0.03153153153153153,14.0,13.999999999999998,195.99999999999997,576,444,0.36261261261261263,True,59.5906982421875,87.0,93.0,4.4478,57.25,29.75,6.688700031476236,5,0.0,0.0,True,False,3호기,001,train,True,3,200.0
001_20200625_043323(7),1,0.6085069444444444,0.4403153153153153,0.019097222222222224,0.024774774774774775,11.0,11.0,121.0,576,444,0.3914930555555556,True,69.0,90.0,90.0,4.4478,58.75,31.25,7.025945411214533,6,0.5,-0.5,True,False,3호기,001,train,True,3,200.0
001_20200625_043323(7),2,0.6128472222222222,0.5405405405405406,0.017361111111111112,0.03153153153153153,10.0,13.999999999999998,140.0,576,444,0.3871527777777778,True,60.0,89.0,92.0,2.9652,60.5,28.5,9.611493322541481,7,0.0,1.0,True,False,3호기,001,train,True,3,200.0
001_20200625_043328(3),0,0.6059027777777778,0.36036036036036034,0.020833333333333332,0.02702702702702703,12.0,12.0,144.0,576,444,0.36036036036036034,True,60.0,88.5,93.0,4.4478,50.0,38.5,8.655964746616304,5,2.0,0.0,True,False,3호기,001,val,True,3,200.0
001_20200625_043328(3),1,0.609375,0.4358108108108108,0.020833333333333332,0.02027027027027027,12.0,9.0,108.0,576,444,0.390625,True,69.0,90.5,89.0,5.9304,55.25,35.25,5.943949817887495,4,1.0,0.5,True,False,3호기,001,val,True,3,200.0
001_20200625_043328(3),2,0.6163194444444444,0.5427927927927928,0.020833333333333332,0.02252252252252252,12.0,10.0,120.0,576,444,0.3836805555555556,True,58.0,89.0,93.0,4.4478,57.0,32.0,7.194568101083682,4,-1.0,-1.0,True,False,3호기,001,val,True,3,200.0
001_20200625_043337(3),0,0.6154513888888888,0.34572072072072074,0.019097222222222224,0.024774774774774775,11.0,11.0,121.0,576,444,0.34572072072072074,True,58.9844970703125,89.0,93.0,2.9652,49.75,39.25,13.23688115472818,5,2.5,0.5,True,False,3호기,001,train,True,3,200.0
001_20200625_043337(3),1,0.6206597222222222,0.43018018018018017,0.022569444444444444,0.02702702702702703,13.0,12.0,156.0,576,444,0.3793402777777778,True,69.9844970703125,90.0,89.0,4.4478,58.75,31.25,7.025945411214533,5,0.5,-1.0,True,False,3호기,001,train,True,3,200.0
001_20200625_043337(3),2,0.6232638888888888,0.5315315315315315,0.020833333333333332,0.02702702702702703,12.0,12.0,144.0,576,444,0.37673611111111116,True,57.0,88.0,90.5,4.4478,57.5,30.5,6.857322721345384,4,1.0,-1.0,True,False,3호기,001,train,True,3,200.0
001_20200625_043341(7),0,0.6050347222222222,0.37725225225225223,0.026041666666666668,0.024774774774774775,15.0,11.0,165.0,576,444,0.37725225225225223,True,60.316287994384766,86.0,93.0,4.4478,49.0,37.0,8.318719366878007,5,2.5,-0.5,True,False,3호기,001,train,True,3,200.0
001_20200625_043341(7),1,0.6102430555555556,0.4594594594594595,0.019097222222222224,0.03153153153153153,11.0,13.999999999999998,153.99999999999997,576,444,0.3897569444444444,True,71.0,90.5,89.0,4.4478,48.75,41.75,9.386663069382616,5,-0.5,0.0,True,False,3호기,001,train,True,3,200.0
001_20200625_043341(7),2,0.6085069444444444,0.5596846846846847,0.019097222222222224,0.02927927927927928,11.0,13.0,143.0,576,444,0.3914930555555556,True,56.393798828125,88.0,88.5,3.7064999999999997,62.5,25.5,6.879805746661272,4,0.5,0.5,True,False,3호기,001,train,True,3,200.0
001_20200625_043346(2),0,0.5989583333333334,0.3614864864864865,0.017361111111111112,0.024774774774774775,10.0,11.0,110.0,576,444,0.3614864864864865,True,61.0,87.0,93.0,4.4478,53.0,34.0,7.644228607401412,4,1.0,-0.5,True,False,3호기,001,train,True,3,200.0
001_20200625_043346(2),1,0.6032986111111112,0.4436936936936937,0.019097222222222224,0.018018018018018018,11.0,8.0,88.0,576,444,0.39670138888888884,True,70.0,89.0,88.0,2.9652,61.0,28.0,9.442870632672333,8,-0.5,-1.0,True,False,3호기,001,train,True,3,200.0
001_20200625_043346(2),2,0.6041666666666666,0.5405405405405406,0.020833333333333332,0.02252252252252252,12.0,10.0,120.0,576,444,0.39583333333333337,True,58.9844970703125,86.5,90.0,3.7064999999999997,54.75,31.75,8.56603264535276,6,2.0,1.0,True,False,3호기,001,train,True,3,200.0
001_20200625_043359(8),0,0.6180555555555556,0.35135135135135137,0.024305555555555556,0.02252252252252252,14.0,10.0,140.0,576,444,0.35135135135135137,True,60.0,85.5,92.0,4.4478,48.75,36.75,8.262511803588291,5,-1.0,0.0,True,False,3호기,001,val,True,3,200.0
001_20200625_043359(8),1,0.6171875,0.4313063063063063,0.022569444444444444,0.024774774774774775,13.0,11.0,143.0,576,444,0.3828125,True,70.0,89.0,88.0,4.4478,52.5,36.5,8.206304240298575,6,-0.5,0.5,True,False,3호기,001,val,True,3,200.0
001_20200625_043359(8),2,0.6180555555555556,0.5326576576576577,0.017361111111111112,0.024774774774774775,10.0,11.0,110.0,576,444,0.3819444444444444,True,59.0,85.0,88.0,3.7064999999999997,49.25,35.75,9.645217860515311,4,1.0,0.4999999999999716,True,False,3호기,001,val,True,3,200.0
001_20200629_082825(1),0,0.6067708333333334,0.4313063063063063,0.022569444444444444,0.024774774774774775,13.0,11.0,143.0,576,444,0.39322916666666663,True,62.913185119628906,92.0,96.0,4.4478,54.75,37.25,8.374926930167723,5,1.5,-0.5,True,False,3호기,001,train,True,3,200.0
001_20200629_082825(1),1,0.6076388888888888,0.5067567567567568,0.024305555555555556,0.02702702702702703,14.0,12.0,168.0,576,444,0.39236111111111116,True,71.968994140625,89.5,92.0,4.4478,53.5,36.0,8.093889113719142,4,0.0,-1.0000000000000284,True,False,3호기,001,train,True,3,200.0
001_20200629_082825(1),2,0.6059027777777778,0.6081081081081081,0.024305555555555556,0.03153153153153153,14.0,13.999999999999998,195.99999999999997,576,444,0.3918918918918919,True,55.393798828125,95.0,97.0,3.7064999999999997,63.5,31.5,8.498583569405099,5,0.0,0.0,True,False,3호기,001,train,True,3,200.0
001_20200629_082828(0),0,0.6189236111111112,0.46959459459459457,0.026041666666666668,0.033783783783783786,15.0,15.0,225.00000000000003,576,444,0.38107638888888884,True,65.71009063720703,91.0,94.0,2.9652,53.75,37.25,12.562390395251585,5,-0.5,-1.5,True,False,3호기,001,train,True,3,200.0
001_20200629_082828(0),1,0.6215277777777778,0.5427927927927928,0.027777777777777776,0.02702702702702703,16.0,12.0,192.0,576,444,0.3784722222222222,True,70.9844970703125,92.0,92.0,4.4478,51.75,40.25,9.049417689644319,4,0.0,0.0,True,False,3호기,001,train,True,3,200.0
001_20200629_082828(0),2,0.6302083333333334,0.6463963963963963,0.024305555555555556,0.02702702702702703,14.0,12.0,168.0,576,444,0.35360360360360366,True,52.0,95.5,97.0,4.4478,65.0,30.5,6.857322721345384,7,-1.0,-1.0,True,False,3호기,001,train,True,3,200.0
001_20200629_082831(0),0,0.6215277777777778,0.49774774774774777,0.024305555555555556,0.02702702702702703,14.0,12.0,168.0,576,444,0.3784722222222222,True,71.3782958984375,92.5,93.0,4.4478,64.25,28.25,6.351454651737938,5,0.0,0.0,True,False,3호기,001,train,True,3,200.0
001_20200629_082831(0),1,0.6197916666666666,0.6013513513513513,0.024305555555555556,0.02702702702702703,14.0,12.0,168.0,576,444,0.38020833333333337,True,56.1968994140625,95.0,97.0,2.9652,65.25,29.75,10.033050047214354,7,0.0,1.0,True,False,3호기,001,train,True,3,200.0
001_20200629_082831(0),2,0.6223958333333334,0.42117117117117114,0.019097222222222224,0.02252252252252252,11.0,10.0,110.0,576,444,0.37760416666666663,True,63.513187408447266,90.0,95.0,2.9652,60.25,29.75,10.033050047214354,6,0.5,1.0,True,False,3호기,001,train,True,3,200.0
001_20200629_082834(2),0,0.6284722222222222,0.4132882882882883,0.020833333333333332,0.024774774774774775,12.0,11.0,132.0,576,444,0.3715277777777778,True,62.3162841796875,91.0,96.0,4.4478,61.0,30.0,6.744907594765952,4,0.0,-0.5,True,False,3호기,001,train,True,3,200.0
001_20200629_082834(2),1,0.6197916666666666,0.49324324324324326,0.024305555555555556,0.03153153153153153,14.0,13.999999999999998,195.99999999999997,576,444,0.38020833333333337,True,71.30078887939453,91.0,92.0,4.4478,58.5,32.5,7.306983227663115,4,1.0,-2.0,True,False,3호기,001,train,True,3,200.0
001_20200629_082834(2),2,0.6076388888888888,0.5923423423423423,0.034722222222222224,0.04054054054054054,20.0,18.0,360.0,576,444,0.39236111111111116,True,54.5286865234375,96.0,96.0,4.4478,63.5,32.5,7.306983227663115,4,4.0,0.0,False,False,3호기,001,train,True,3,200.0
001_20200629_082837(2),0,0.6024305555555556,0.3783783783783784,0.027777777777777776,0.02702702702702703,16.0,12.0,192.0,576,444,0.3783783783783784,True,61.9844970703125,90.5,95.0,4.4478,58.5,32.0,7.194568101083682,4,-1.0,0.0,True,False,3호기,001,train,True,3,200.0
001_20200629_082837(2),1,0.6015625,0.4594594594594595,0.029513888888888888,0.03153153153153153,17.0,13.999999999999998,237.99999999999997,576,444,0.3984375,True,69.1968994140625,93.0,92.0,4.4478,58.25,34.75,7.81285129727056,4,0.5,-2.0,True,False,3호기,001,train,True,3,200.0
001_20200629_082837(2),2,0.6059027777777778,0.5563063063063063,0.024305555555555556,0.03153153153153153,14.0,13.999999999999998,195.99999999999997,576,444,0.3940972222222222,True,59.0,95.0,97.0,2.9652,66.0,29.0,9.78011601241063,16,0.0,1.0,True,False,3호기,001,train,True,3,200.0
001_20200629_082840(2),0,0.6197916666666666,0.4617117117117117,0.027777777777777776,0.03153153153153153,16.0,13.999999999999998,223.99999999999997,576,444,0.38020833333333337,True,64.31318664550781,90.0,94.0,2.9652,60.5,29.5,9.94873870227978,6,1.0,0.0,True,False,3호기,001,train,True,3,200.0
001_20200629_082840(2),1,0.6180555555555556,0.5371621621621622,0.020833333333333332,0.033783783783783786,12.0,15.0,180.0,576,444,0.3819444444444444,True,70.3782958984375,92.0,92.0,2.9652,59.25,32.75,11.044786186429247,4,1.0,0.5,True,False,3호기,001,train,True,3,200.0
001_20200629_082840(2),2,0.6206597222222222,0.6430180180180181,0.022569444444444444,0.024774774774774775,13.0,11.0,143.0,576,444,0.35698198198198194,True,53.0,96.0,97.0,2.9652,56.75,39.25,13.23688115472818,4,-0.5,-0.5,True,False,3호기,001,train,True,3,200.0
001_20200629_082905(4),0,0.6180555555555556,0.4527027027027027,0.024305555555555556,0.03153153153153153,14.0,13.999999999999998,195.99999999999997,576,444,0.3819444444444444,True,63.710086822509766,91.0,96.0,4.4478,54.25,36.75,8.262511803588291,5,0.0,-1.0,True,False,3호기,001,train,True,3,200.0
001_20200629_082905(4),1,0.6085069444444444,0.5259009009009009,0.019097222222222224,0.024774774774774775,11.0,11.0,121.0,576,444,0.3914930555555556,True,71.30078125,93.0,93.0,2.9652,60.0,33.0,11.12909753136382,4,0.5,-0.5,True,False,3호기,001,train,True,3,200.0
001_20200629_082905(4),2,0.5972222222222222,0.6295045045045045,0.017361111111111112,0.024774774774774775,10.0,11.0,110.0,576,444,0.37049549549549554,True,52.725589752197266,98.0,99.0,2.9652,57.25,40.75,13.742749224335627,5,1.0,-0.5,True,False,3호기,001,train,True,3,200.0
001_20200629_123107(1),0,0.5998263888888888,0.3761261261261261,0.019097222222222224,0.02702702702702703,11.0,12.0,132.0,576,444,0.3761261261261261,True,59.91938781738281,88.0,93.0,4.4478,57.0,31.0,6.969737847924817,4,2.5,0.0,True,False,3호기,001,train,True,3,200.0
001_20200629_123107(1),1,0.6050347222222222,0.45382882882882886,0.019097222222222224,0.024774774774774775,11.0,11.0,121.0,576,444,0.3949652777777778,True,69.1968994140625,91.0,90.0,4.4478,58.75,32.25,7.250775664373398,4,0.5,-0.5,True,False,3호기,001,train,True,3,200.0
001_20200629_123107(1),2,0.609375,0.5585585585585585,0.013888888888888888,0.02702702702702703,8.0,12.0,96.0,576,444,0.390625,True,58.1968994140625,88.5,92.5,2.9652,54.5,34.0,11.46634291110212,4,0.0,-0.9999999999999716,True,False,3호기,001,train,True,3,200.0
001_20200629_123111(6),0,0.6145833333333334,0.3738738738738739,0.020833333333333332,0.02252252252252252,12.0,10.0,120.0,576,444,0.3738738738738739,True,60.393798828125,90.0,94.0,4.4478,55.0,35.0,7.869058860560277,6,1.0,0.0,True,False,3호기,001,train,True,3,200.0
001_20200629_123111(6),1,0.6154513888888888,0.45157657657657657,0.019097222222222224,0.02027027027027027,11.0,9.0,99.0,576,444,0.38454861111111116,True,70.0,88.0,90.0,4.4478,55.75,32.25,7.250775664373398,6,0.5,-0.5,True,False,3호기,001,train,True,3,200.0
001_20200629_123111(6),2,0.6189236111111112,0.5529279279279279,0.019097222222222224,0.024774774774774775,11.0,11.0,121.0,576,444,0.38107638888888884,True,60.0,88.0,92.0,2.9652,58.25,29.75,10.033050047214354,4,-0.5,0.5000000000000284,True,False,3호기,001,train,True,3,200.0
001_20200629_123116(1),0,0.6015625,0.34121621621621623,0.026041666666666668,0.033783783783783786,15.0,15.0,225.00000000000003,576,444,0.34121621621621623,True,59.0,92.0,95.0,4.4478,53.5,38.5,8.655964746616304,6,0.5,-0.5,True,False,3호기,001,train,True,3,200.0
001_20200629_123116(1),1,0.6050347222222222,0.42117117117117114,0.019097222222222224,0.02702702702702703,11.0,12.0,132.0,576,444,0.3949652777777778,True,70.0,92.0,90.0,4.4478,58.75,33.25,7.475605917532263,4,-0.5,-2.0,True,False,3호기,001,train,True,3,200.0
001_20200629_123116(1),2,0.6102430555555556,0.5202702702702703,0.019097222222222224,0.03153153153153153,11.0,13.999999999999998,153.99999999999997,576,444,0.3897569444444444,True,60.0,87.0,90.0,4.4478,56.75,30.25,6.801115158055668,4,-0.5,0.0,True,False,3호기,001,train,True,3,200.0
001_20200629_123120(6),0,0.6059027777777778,0.3344594594594595,0.024305555555555556,0.02927927927927928,14.0,13.0,182.0,576,444,0.3344594594594595,True,60.119384765625,88.5,93.0,4.4478,58.0,30.5,6.857322721345384,6,2.0,-1.5,True,False,3호기,001,val,True,3,200.0
001_20200629_123120(6),1,0.6067708333333334,0.40878378378378377,0.026041666666666668,0.033783783783783786,15.0,15.0,225.00000000000003,576,444,0.39322916666666663,True,70.181396484375,88.0,90.0,4.4478,58.0,30.0,6.744907594765952,6,-0.5,-0.5,True,False,3호기,001,val,True,3,200.0
001_20200629_123120(6),2,0.6050347222222222,0.5123873873873874,0.019097222222222224,0.02027027027027027,11.0,9.0,99.0,576,444,0.3949652777777778,True,61.0,87.0,90.0,2.9652,55.75,31.25,10.538918116821801,4,0.5,-0.5000000000000284,True,False,3호기,001,val,True,3,200.0
001_20200629_123125(2),0,0.6059027777777778,0.34572072072072074,0.024305555555555556,0.024774774774774775,14.0,11.0,154.0,576,444,0.34572072072072074,True,59.0,88.0,94.0,4.4478,53.0,35.0,7.869058860560277,5,2.0,-0.5,True,False,3호기,001,train,True,3,200.0
001_20200629_123125(2),1,0.609375,0.42792792792792794,0.020833333333333332,0.036036036036036036,12.0,16.0,192.0,576,444,0.390625,True,68.0,90.0,90.0,4.4478,54.0,36.0,8.093889113719142,4,2.0,-3.0,True,False,3호기,001,train,True,3,200.0
001_20200629_123125(2),2,0.6171875,0.5247747747747747,0.019097222222222224,0.03153153153153153,11.0,13.999999999999998,153.99999999999997,576,444,0.3828125,True,60.0,90.0,91.5,4.4478,51.0,39.0,8.768379873195737,4,0.5,0.0,True,False,3호기,001,train,True,3,200.0
001_20200727_204954(7),0,0.5598958333333334,0.35135135135135137,0.019097222222222224,0.018018018018018018,11.0,8.0,88.0,576,444,0.35135135135135137,True,54.0,97.5,99.0,2.9652,64.0,33.5,11.29772022123297,3,1.5,-1.0,True,False,3호기,001,train,True,1,15.0
001_20200727_204958(2),0,0.5642361111111112,0.34234234234234234,0.013888888888888888,0.018018018018018018,8.0,8.0,64.0,576,444,0.34234234234234234,True,47.0,92.0,95.0,2.9652,55.5,36.5,12.309456360447863,6,2.0,-1.0,True,False,3호기,001,test,True,1,15.0
001_20200728_014351(3),0,0.5529513888888888,0.4954954954954955,0.019097222222222224,0.02252252252252252,11.0,10.0,110.0,576,444,0.44704861111111116,True,52.0,97.5,97.0,2.9652,58.0,39.5,13.321192499662756,5,1.5,1.0,True,False,3호기,001,train,True,1,15.0
001_20200728_014355(2),0,0.5677083333333334,0.43243243243243246,0.013888888888888888,0.02702702702702703,8.0,12.0,96.0,576,444,0.43229166666666663,True,48.0,88.0,93.0,2.9652,52.0,36.0,12.140833670578713,4,1.0,-1.0,True,False,3호기,001,train,True,1,50.0
001_20200728_043138(3),0,0.5789930555555556,0.4166666666666667,0.019097222222222224,0.02702702702702703,11.0,12.0,132.0,576,444,0.4166666666666667,True,47.5906982421875,93.0,97.0,2.9652,53.25,39.75,13.40550384459733,5,0.5,0.0,True,False,3호기,001,train,True,1,50.0
001_20200728_043141(5),0,0.5520833333333334,0.48986486486486486,0.017361111111111112,0.02027027027027027,10.0,9.0,90.0,576,444,0.44791666666666663,True,54.393798828125,97.0,97.0,2.9652,59.25,37.75,12.731013085120734,4,0.0,-0.5,True,False,3호기,001,train,True,1,50.0
001_20200728_083108(2),0,0.5668402777777778,0.4358108108108108,0.015625,0.024774774774774775,9.0,11.0,99.0,576,444,0.4331597222222222,True,47.0,91.0,93.0,2.9652,60.0,31.0,10.454606771887226,5,1.5,0.5,True,False,3호기,001,train,True,1,50.0
001_20200728_083116(1),0,0.5729166666666666,0.46959459459459457,0.013888888888888888,0.024774774774774775,8.0,11.0,88.0,576,444,0.42708333333333337,True,46.968994140625,90.0,94.0,2.9652,63.5,26.5,8.937002563064887,4,0.0,1.5,True,False,3호기,001,val,True,1,15.0
001_20200728_123129(2),0,0.5824652777777778,0.46846846846846846,0.015625,0.02252252252252252,9.0,10.0,89.99999999999999,576,444,0.4175347222222222,True,47.0,91.5,93.0,2.9652,58.5,33.0,11.12909753136382,5,1.5,-1.0,True,False,3호기,001,val,True,1,15.0
001_20200728_123132(4),0,0.5685763888888888,0.5225225225225225,0.015625,0.02702702702702703,9.0,12.0,108.0,576,444,0.43142361111111116,True,47.0,90.0,94.0,2.9652,59.5,30.5,10.285984082018077,5,0.5,1.0,True,False,3호기,001,train,True,1,50.0
001_20200728_163910(5),0,0.5729166666666666,0.4380630630630631,0.020833333333333332,0.02027027027027027,12.0,9.0,108.0,576,444,0.42708333333333337,True,53.756591796875,98.5,99.0,2.9652,63.5,35.0,11.803588290840416,4,1.0,0.5,True,False,3호기,001,test,True,1,50.0
001_20200728_163913(6),0,0.5815972222222222,0.4436936936936937,0.017361111111111112,0.02702702702702703,10.0,12.0,120.0,576,444,0.4184027777777778,True,53.0,101.0,100.0,2.9652,71.25,29.75,10.033050047214354,6,1.0,0.0,True,False,3호기,001,test,True,1,50.0
001_20200810_085043(8),0,0.5746527777777778,0.4864864864864865,0.017361111111111112,0.02702702702702703,10.0,12.0,120.0,576,444,0.4253472222222222,True,49.1968994140625,88.0,91.0,4.4478,53.75,34.25,7.700436170691129,6,-1.0,1.0,True,False,3호기,001,test,True,1,50.0
001_20200810_123047(8),0,0.5685763888888888,0.44144144144144143,0.015625,0.02252252252252252,9.0,10.0,89.99999999999999,576,444,0.43142361111111116,True,49.0,81.0,83.0,4.4478,46.75,34.25,7.700436170691129,6,1.5,0.0,True,False,3호기,001,train,True,1,50.0
001_20200810_123051(3),0,0.5755208333333334,0.5202702702702703,0.019097222222222224,0.02252252252252252,11.0,10.0,110.0,576,444,0.42447916666666663,True,48.0,82.0,85.5,4.4478,48.0,34.0,7.644228607401412,4,0.5,1.0,True,False,3호기,001,test,True,1,50.0
001_20200810_163112(8),0,0.5572916666666666,0.5123873873873874,0.024305555555555556,0.024774774774774775,14.0,11.0,154.0,576,444,0.44270833333333337,True,49.331790924072266,85.0,89.0,5.9304,42.25,42.75,7.208619991906112,4,-1.0,0.4999999999999716,True,False,3호기,001,train,True,1,50.0
001_20200810_163116(0),0,0.5651041666666666,0.44256756756756754,0.019097222222222224,0.024774774774774775,11.0,11.0,121.0,576,444,0.43489583333333337,True,45.0,88.0,92.0,4.4478,50.5,37.5,8.43113449345744,4,2.5,1.5,True,False,3호기,001,val,True,1,100.0
001_20200810_203208(7),0,0.5546875,0.43355855855855857,0.015625,0.024774774774774775,9.0,11.0,99.0,576,444,0.43355855855855857,True,47.0,88.0,93.0,4.4478,46.25,41.75,9.386663069382616,4,1.5,-0.5,True,False,3호기,001,val,True,1,100.0
001_20200810_203212(6),0,0.5607638888888888,0.4527027027027027,0.024305555555555556,0.02702702702702703,14.0,12.0,168.0,576,444,0.43923611111111116,True,55.0,97.0,97.0,2.9652,58.0,39.0,13.152569809793606,5,0.0,0.0,True,False,3호기,001,train,True,1,100.0
001_20200811_003323(2),0,0.5711805555555556,0.48423423423423423,0.020833333333333332,0.02702702702702703,12.0,12.0,144.0,576,444,0.4288194444444444,True,56.0,97.0,98.0,2.9652,61.75,35.25,11.88789963577499,5,-1.0,1.0,True,False,3호기,001,test,True,1,100.0
001_20200811_003327(0),0,0.5668402777777778,0.44932432432432434,0.015625,0.024774774774774775,9.0,11.0,99.0,576,444,0.4331597222222222,True,49.0,94.0,97.0,2.9652,55.75,38.25,12.899635774989884,5,0.5,-0.5,True,False,3호기,001,train,True,1,100.0
001_20200811_043037(3),0,0.5572916666666666,0.5123873873873874,0.017361111111111112,0.024774774774774775,10.0,11.0,110.0,576,444,0.44270833333333337,True,48.0,89.0,93.0,4.4478,54.0,35.0,7.869058860560277,4,0.0,0.4999999999999716,True,False,3호기,001,train,True,1,100.0
001_20200811_043041(6),0,0.5460069444444444,0.5461711711711712,0.019097222222222224,0.02927927927927928,11.0,13.0,143.0,576,444,0.4538288288288288,True,54.393798828125,98.0,99.0,2.9652,56.0,42.0,14.164305949008499,4,0.5,0.5,True,False,3호기,001,train,True,1,100.0
001_20200814_033012(7),0,0.5572916666666666,0.40653153153153154,0.017361111111111112,0.024774774774774775,10.0,11.0,110.0,576,444,0.40653153153153154,True,48.0,91.0,94.0,2.9652,58.5,32.5,10.960474841494673,6,1.0,-0.5,True,False,3호기,001,train,True,1,100.0
001_20200814_033016(6),0,0.5546875,0.32319819819819817,0.015625,0.02927927927927928,9.0,13.0,116.99999999999999,576,444,0.32319819819819817,True,55.0,99.0,100.0,4.4478,55.75,43.25,9.723908449120914,4,1.5,0.5,True,False,3호기,001,train,True,1,100.0
001_20200814_043321(6),0,0.5720486111111112,0.4369369369369369,0.022569444444444444,0.03153153153153153,13.0,13.999999999999998,182.0,576,444,0.42795138888888884,True,51.5906982421875,99.0,101.0,2.9652,68.25,30.75,10.370295426952651,5,1.5,-1.0,True,False,3호기,001,test,True,1,100.0
001_20200814_083045(8),0,0.5737847222222222,0.38626126126126126,0.022569444444444444,0.02927927927927928,13.0,13.0,169.0,576,444,0.38626126126126126,True,50.0,89.0,91.0,2.9652,55.0,34.0,11.46634291110212,6,-0.5,-0.5,True,False,3호기,001,val,True,1,100.0
001_20200814_083051(9),0,0.5616319444444444,0.34572072072072074,0.022569444444444444,0.024774774774774775,13.0,11.0,143.0,576,444,0.34572072072072074,True,48.0,88.0,90.0,2.9652,49.5,38.5,12.983947119924458,6,0.5,-0.5,True,False,3호기,001,train,True,1,100.0
001_20200814_123136(2),0,0.5763888888888888,0.36936936936936937,0.020833333333333332,0.02252252252252252,12.0,10.0,120.0,576,444,0.36936936936936937,True,48.0,89.5,92.0,5.9304,49.25,40.25,6.787063267233239,4,0.0,0.0,True,False,3호기,001,train,True,1,100.0
001_20200814_123143(5),0,0.5833333333333334,0.38288288288288286,0.020833333333333332,0.02702702702702703,12.0,12.0,144.0,576,444,0.38288288288288286,True,48.0,90.0,91.0,4.4478,57.5,32.5,7.306983227663115,4,1.0,1.0,True,False,3호기,001,train,True,1,100.0
001_20200814_163101(7),0,0.578125,0.4177927927927928,0.017361111111111112,0.02927927927927928,10.0,13.0,130.0,576,444,0.4177927927927928,True,50.0,90.0,93.0,2.9652,55.75,34.25,11.550654256036694,4,-1.0,-0.5,True,False,3호기,001,train,True,1,100.0
001_20200814_163105(1),0,0.5772569444444444,0.4369369369369369,0.019097222222222224,0.03153153153153153,11.0,13.999999999999998,153.99999999999997,576,444,0.4227430555555556,True,49.0,90.0,93.0,2.9652,52.25,37.75,12.731013085120734,4,-0.5,-1.0,True,False,3호기,001,train,True,1,100.0
001_20200814_203438(9),0,0.5607638888888888,0.29504504504504503,0.024305555555555556,0.02702702702702703,14.0,12.0,168.0,576,444,0.29504504504504503,True,50.0,93.5,96.0,4.4478,57.5,36.0,8.093889113719142,6,0.0,0.0,True,False,3호기,001,train,True,1,100.0
001_20200814_203442(4),0,0.5685763888888888,0.3738738738738739,0.015625,0.02702702702702703,9.0,12.0,108.0,576,444,0.3738738738738739,True,53.0,102.0,100.0,2.9652,61.75,40.25,13.574126534466478,5,1.5,-2.0,True,False,3호기,001,train,True,1,200.0
001_20200815_003438(6),0,0.5564236111111112,0.35923423423423423,0.019097222222222224,0.024774774774774775,11.0,11.0,121.0,576,444,0.35923423423423423,True,49.78759765625,92.0,94.5,2.9652,62.5,29.5,9.94873870227978,5,0.5,-0.5,True,False,3호기,001,val,True,1,200.0
001_20200815_003529(0),0,0.5642361111111112,0.45045045045045046,0.020833333333333332,0.02702702702702703,12.0,12.0,144.0,576,444,0.43576388888888884,True,49.1968994140625,90.5,95.0,2.9652,55.25,35.25,11.88789963577499,5,0.0,-1.0,True,False,3호기,001,test,True,1,200.0
001_20200818_083145(2),0,0.5737847222222222,0.3322072072072072,0.022569444444444444,0.024774774774774775,13.0,11.0,143.0,576,444,0.3322072072072072,True,54.5906982421875,102.5,104.0,2.9652,64.25,38.25,12.899635774989884,4,0.5,-0.5,True,False,3호기,001,val,True,1,200.0
001_20200818_083159(7),0,0.5746527777777778,0.44707207207207206,0.017361111111111112,0.02927927927927928,10.0,13.0,130.0,576,444,0.4253472222222222,True,49.0,101.0,104.0,2.9652,64.25,36.75,12.393767705382437,5,1.0,1.5,True,False,3호기,001,val,True,1,200.0
001_20200818_123634(4),0,0.5546875,0.36936936936936937,0.015625,0.03153153153153153,9.0,13.999999999999998,126.0,576,444,0.36936936936936937,True,54.0,98.5,102.0,4.4478,60.25,38.25,8.599757183326588,4,0.5,0.0,True,False,3호기,001,val,True,1,200.0
001_20200818_163230(6),0,0.5824652777777778,0.40540540540540543,0.015625,0.03153153153153153,9.0,13.999999999999998,126.0,576,444,0.40540540540540543,True,46.393798828125,91.0,94.0,2.9652,60.75,30.25,10.201672737083502,8,1.5,1.0,True,False,3호기,001,train,True,1,200.0
001_20200818_163233(9),0,0.5607638888888888,0.4988738738738739,0.020833333333333332,0.02927927927927928,12.0,13.0,155.99999999999997,576,444,0.43923611111111116,True,54.0,97.0,99.0,2.9652,55.25,41.75,14.079994604073924,6,2.0,-0.5,True,False,3호기,001,test,True,1,200.0
001_20200818_203601(4),0,0.5755208333333334,0.4166666666666667,0.015625,0.02252252252252252,9.0,10.0,89.99999999999999,576,444,0.4166666666666667,True,46.0,90.0,93.0,2.9652,56.0,34.0,11.46634291110212,5,1.5,-1.0,True,False,3호기,001,train,True,1,200.0
001_20200818_203607(4),0,0.5703125,0.42117117117117114,0.022569444444444444,0.02252252252252252,13.0,10.0,130.0,576,444,0.42117117117117114,True,46.1968994140625,87.0,90.0,2.9652,58.5,28.5,9.611493322541481,7,-0.5,-1.0,True,False,3호기,001,test,True,1,200.0
001_20200819_003039(4),0,0.5590277777777778,0.3952702702702703,0.020833333333333332,0.02927927927927928,12.0,13.0,155.99999999999997,576,444,0.3952702702702703,True,54.0,98.0,99.0,2.9652,56.5,41.5,13.995683259139351,4,1.0,0.5,True,False,3호기,001,train,True,1,200.0
001_20200819_003044(1),0,0.5737847222222222,0.3704954954954955,0.015625,0.02027027027027027,9.0,9.0,81.00000000000001,576,444,0.3704954954954955,True,54.0,98.0,99.0,2.9652,68.25,29.75,10.033050047214354,4,1.5,-0.5,True,False,3호기,001,train,True,1,200.0
001_20200819_043209(9),0,0.5798611111111112,0.39414414414414417,0.017361111111111112,0.03153153153153153,10.0,13.999999999999998,140.0,576,444,0.39414414414414417,True,55.1968994140625,96.0,97.0,2.9652,55.5,40.5,13.658437879401053,4,0.0,0.0,True,False,3호기,001,train,True,1,200.0
001_20200819_043216(0),0,0.5989583333333334,0.3716216216216216,0.024305555555555556,0.02702702702702703,14.0,12.0,168.0,576,444,0.3716216216216216,True,53.725589752197266,90.5,93.0,2.9652,60.0,30.5,10.285984082018077,5,0.0,-1.0,True,False,3호기,001,train,True,1,200.0
001_20200819_083353(5),0,0.5538194444444444,0.39864864864864863,0.017361111111111112,0.03153153153153153,10.0,13.999999999999998,140.0,576,444,0.39864864864864863,True,48.1968994140625,89.0,93.0,4.4478,56.25,32.75,7.363190790952831,6,1.0,1.0,True,False,3호기,001,train,True,1,200.0
001_20200819_083401(0),0,0.5425347222222222,0.32432432432432434,0.022569444444444444,0.02702702702702703,13.0,12.0,156.0,576,444,0.32432432432432434,True,55.1968994140625,95.5,97.0,2.9652,63.5,32.0,10.791852151625523,4,1.5,-1.0,True,False,3호기,001,val,True,1,200.0
001_20200819_124414(0),0,0.5685763888888888,0.38063063063063063,0.015625,0.018018018018018018,9.0,8.0,72.0,576,444,0.38063063063063063,True,47.0,91.5,93.0,2.9652,58.0,33.5,11.29772022123297,4,2.5,1.0,True,False,3호기,001,train,True,1,200.0
001_20200819_124415(9),0,0.5538194444444444,0.37274774774774777,0.017361111111111112,0.02027027027027027,10.0,9.0,90.0,576,444,0.37274774774774777,True,56.9844970703125,100.0,102.0,2.9652,61.0,39.0,13.152569809793606,4,0.0,-0.5,True,False,3호기,001,test,True,1,200.0
001_20200819_162723(4),0,0.5512152777777778,0.36936936936936937,0.015625,0.02252252252252252,9.0,10.0,89.99999999999999,576,444,0.36936936936936937,True,47.393798828125,87.0,90.0,2.9652,56.0,31.0,10.454606771887226,7,1.5,-1.0,True,False,3호기,001,train,True,1,200.0
001_20200821_150525(5),0,0.5642361111111112,0.5326576576576577,0.020833333333333332,0.024774774774774775,12.0,11.0,132.0,576,444,0.43576388888888884,True,56.78759765625,98.0,99.0,2.9652,63.75,34.25,11.550654256036694,5,-1.0,-2.5000000000000284,True,False,3호기,001,train,True,1,200.0
001_20200821_150529(4),0,0.5407986111111112,0.5664414414414415,0.019097222222222224,0.024774774774774775,11.0,11.0,121.0,576,444,0.4335585585585585,True,46.5751953125,90.0,95.0,2.9652,58.5,31.5,10.623229461756374,4,1.5,0.4999999999999716,True,False,3호기,001,train,True,1,200.0
001_20200821_163349(7),0,0.5633680555555556,0.49324324324324326,0.019097222222222224,0.03153153153153153,11.0,13.999999999999998,153.99999999999997,576,444,0.4366319444444444,True,49.0,87.5,92.0,4.4478,60.5,27.0,6.070416835289357,6,0.5,1.0,True,False,3호기,001,train,True,1,200.0
001_20200821_163353(8),0,0.5885416666666666,0.5236486486486487,0.017361111111111112,0.024774774774774775,10.0,11.0,110.0,576,444,0.41145833333333337,True,56.0,98.0,99.0,2.9652,61.75,36.25,12.225145015513288,4,0.0,0.4999999999999716,True,False,3호기,001,train,True,1,200.0
001_20200826_023328(3),0,0.5572916666666666,0.46396396396396394,0.017361111111111112,0.02252252252252252,10.0,10.0,99.99999999999999,576,444,0.44270833333333337,True,53.0,106.0,106.0,2.9652,65.5,40.5,13.658437879401053,4,3.0,1.0,True,False,3호기,001,train,True,1,200.0
001_20200826_023332(5),0,0.5607638888888888,0.40202702702702703,0.020833333333333332,0.024774774774774775,12.0,11.0,132.0,576,444,0.40202702702702703,True,49.0,90.5,97.0,4.4478,57.25,33.25,7.475605917532263,5,-1.0,-0.5,True,False,3호기,001,train,True,1,200.0
001_20200826_043252(8),0,0.5477430555555556,0.4403153153153153,0.022569444444444444,0.024774774774774775,13.0,11.0,143.0,576,444,0.4403153153153153,True,49.0,92.0,96.0,4.4478,55.0,37.0,8.318719366878007,5,-0.5,0.5,True,False,3호기,001,train,True,1,200.0
001_20200826_043255(8),0,0.578125,0.5225225225225225,0.020833333333333332,0.02702702702702703,12.0,12.0,144.0,576,444,0.421875,True,55.0,99.5,100.0,2.9652,66.75,32.75,11.044786186429247,6,-1.0,0.0,True,False,3호기,001,train,True,1,200.0
001_20200826_123711(3),0,0.5616319444444444,0.4380630630630631,0.015625,0.024774774774774775,9.0,11.0,99.0,576,444,0.4380630630630631,True,47.0,90.0,94.0,2.9652,60.0,30.0,10.117361392148927,4,0.5,1.5,True,False,3호기,001,train,True,1,200.0
001_20200826_123714(5),0,0.5703125,0.44819819819819817,0.022569444444444444,0.02252252252252252,13.0,10.0,130.0,576,444,0.4296875,True,47.534889221191406,90.0,94.0,4.4478,55.25,34.75,7.81285129727056,4,-0.5,-1.0,True,False,3호기,001,val,True,1,200.0
001_20200831_083711(6),0,0.8298611111111112,0.4313063063063063,0.020833333333333332,0.02927927927927928,12.0,13.0,155.99999999999997,576,444,0.17013888888888884,True,58.0,93.0,93.0,2.9652,57.25,35.75,12.056522325644139,4,2.0,-1.5,True,False,3호기,001,train,True,1,200.0
001_20200831_083714(8),0,0.8342013888888888,0.38738738738738737,0.022569444444444444,0.02702702702702703,13.0,12.0,156.0,576,444,0.16579861111111116,True,57.756591796875,82.0,86.0,2.9652,47.0,35.0,11.803588290840416,4,0.5,0.0,True,False,3호기,001,train,True,1,200.0
001_20200831_123316(5),0,0.8272569444444444,0.25675675675675674,0.019097222222222224,0.02702702702702703,11.0,12.0,132.0,576,444,0.17274305555555558,True,57.5906982421875,84.0,86.0,4.4478,56.5,27.5,6.182831961868789,6,1.5,-1.0,True,False,3호기,001,train,True,1,200.0
001_20200922_163332(2),0,0.828125,0.4222972972972973,0.017361111111111112,0.02027027027027027,10.0,9.0,90.0,576,444,0.171875,True,59.0,81.5,86.0,4.4478,54.0,27.5,6.182831961868789,5,1.0,-1.5,True,False,3호기,001,train,True,1,200.0
001_20200922_163335(3),0,0.8359375,0.38288288288288286,0.022569444444444444,0.02252252252252252,13.0,10.0,130.0,576,444,0.1640625,True,56.9844970703125,80.0,84.0,4.4478,52.25,27.75,6.239039525158505,6,-1.5,0.0,True,False,3호기,001,val,True,1,200.0
002_20200622_203053(2),0,0.6107954545454546,0.34789156626506024,0.022727272727272728,0.03313253012048193,8.0,11.0,88.0,352,332,0.34789156626506024,True,40.0,114.0,120.5,1.4826,72.25,41.75,28.15998920814785,4,2.0,1.5,True,False,1호기,002,train,True,3,200.0
002_20200622_203053(2),1,0.6193181818181818,0.4186746987951807,0.022727272727272728,0.024096385542168676,8.0,8.0,64.0,352,332,0.38068181818181823,True,63.0,114.0,116.0,1.4826,79.0,35.0,23.607176581680832,4,2.842170943040401e-14,0.0,True,False,1호기,002,train,True,3,200.0
002_20200622_203053(2),2,0.6292613636363636,0.49849397590361444,0.019886363636363636,0.0391566265060241,7.0,13.0,91.00000000000001,352,332,0.37073863636363635,True,52.0,117.0,121.0,2.9652,85.5,31.5,10.623229461756374,3,-0.5,-0.5,True,False,1호기,002,train,True,3,200.0
002_20200622_203057(3),0,0.5866477272727273,0.3509036144578313,0.019886363636363636,0.03313253012048193,7.0,11.0,77.00000000000001,352,332,0.3509036144578313,True,40.5906982421875,114.0,118.0,1.4826,71.75,42.25,28.497234587886147,4,0.5,0.5000000000000142,True,False,1호기,002,train,True,3,200.0
002_20200622_203057(3),1,0.5909090909090909,0.4171686746987952,0.022727272727272728,0.02710843373493976,8.0,9.0,72.0,352,332,0.40909090909090906,True,62.9844970703125,113.0,114.0,1.4826,74.25,38.75,26.136516929718063,5,2.0,-0.5,True,False,1호기,002,train,True,3,200.0
002_20200622_203057(3),2,0.6036931818181818,0.4939759036144578,0.019886363636363636,0.03614457831325301,7.0,12.0,84.0,352,332,0.39630681818181823,True,51.9534912109375,117.0,120.0,2.9652,73.25,43.75,14.75448536355052,4,1.5000000000000284,0.0,True,False,1호기,002,train,True,3,200.0
002_20200622_203101(3),0,0.6065340909090909,0.3614457831325301,0.019886363636363636,0.018072289156626505,7.0,6.0,42.0,352,332,0.3614457831325301,True,42.0,113.0,117.0,1.4826,76.25,36.75,24.787535410764875,4,0.5,0.0,True,False,1호기,002,train,True,3,200.0
002_20200622_203101(3),1,0.6065340909090909,0.4246987951807229,0.019886363636363636,0.024096385542168676,7.0,8.0,56.00000000000001,352,332,0.39346590909090906,True,62.0,111.0,114.0,1.4826,70.0,41.0,27.654121138540404,4,1.5,0.0,True,False,1호기,002,train,True,3,200.0
002_20200622_203101(3),2,0.6150568181818182,0.5015060240963856,0.019886363636363636,0.02710843373493976,7.0,9.0,63.0,352,332,0.38494318181818177,True,52.9844970703125,118.0,120.0,2.9652,100.0,18.0,6.070416835289357,3,1.4999999999999716,0.5,True,False,1호기,002,train,True,3,200.0
002_20200622_203105(4),0,0.5980113636363636,0.3870481927710843,0.02556818181818182,0.03313253012048193,9.0,11.0,99.00000000000001,352,332,0.3870481927710843,True,40.5906982421875,113.0,117.0,1.4826,69.75,43.25,29.17172534736274,4,0.5,1.5,True,False,1호기,002,train,True,3,200.0
002_20200622_203105(4),1,0.6008522727272727,0.4563253012048193,0.019886363636363636,0.02710843373493976,7.0,9.0,63.0,352,332,0.3991477272727273,True,63.0,113.0,114.0,1.4826,84.5,28.5,19.222986645082962,5,0.5,-0.5,True,False,1호기,002,train,True,3,200.0
002_20200622_203105(4),2,0.6079545454545454,0.5346385542168675,0.017045454545454544,0.02710843373493976,6.0,9.0,54.0,352,332,0.3920454545454546,True,49.78759765625,114.0,118.0,1.4826,97.25,16.75,11.29772022123297,4,1.0,0.5,True,False,1호기,002,train,True,3,200.0
002_20200622_203109(3),0,0.5823863636363636,0.3704819277108434,0.022727272727272728,0.024096385542168676,8.0,8.0,64.0,352,332,0.3704819277108434,True,41.0,110.5,116.0,2.9652,79.0,31.5,10.623229461756374,3,1.0,0.0,True,False,1호기,002,train,True,3,200.0
002_20200622_203109(3),1,0.5880681818181818,0.4367469879518072,0.017045454545454544,0.030120481927710843,6.0,10.0,60.0,352,332,0.41193181818181823,True,62.1968994140625,110.0,113.0,1.4826,71.75,38.25,25.799271549979768,4,1.0000000000000284,0.0,True,False,1호기,002,train,True,3,200.0
002_20200622_203109(3),2,0.59375,0.5150602409638554,0.022727272727272728,0.024096385542168676,8.0,8.0,64.0,352,332,0.40625,True,49.7410888671875,114.0,118.0,1.4826,79.75,34.25,23.101308512073388,3,1.0,0.0,True,False,1호기,002,train,True,3,200.0
002_20200622_203121(4),0,0.6136363636363636,0.37349397590361444,0.028409090909090908,0.03614457831325301,10.0,12.0,120.0,352,332,0.37349397590361444,True,43.0,111.0,115.0,1.4826,74.0,37.0,24.956158100634024,4,0.0,-1.0,True,False,1호기,002,test,True,3,200.0
002_20200622_203121(4),1,0.6207386363636364,0.4382530120481928,0.019886363636363636,0.02710843373493976,7.0,9.0,63.0,352,332,0.37926136363636365,True,64.0,111.0,114.0,1.4826,67.75,43.25,29.17172534736274,4,-0.5,-0.5,True,False,1호기,002,test,True,3,200.0
002_20200622_203121(4),2,0.625,0.5120481927710844,0.028409090909090908,0.030120481927710843,10.0,10.0,99.99999999999999,352,332,0.375,True,51.5906982421875,114.0,118.5,1.4826,89.5,24.5,16.525023607176582,2,1.0,1.0,True,False,1호기,002,test,True,3,200.0
002_20200622_203136(3),0,0.5379746835443038,0.4457831325301205,0.05063291139240506,0.04216867469879518,16.0,13.999999999999998,223.99999999999997,316,332,0.4457831325301205,True,47.1968994140625,76.0,83.0,1.4826,51.0,25.0,16.86226898691488,4,0.0,-2.0,True,False,2호기,002,train,True,3,200.0
002_20200622_203136(3),1,0.5395569620253164,0.5090361445783133,0.04113924050632911,0.04216867469879518,13.0,13.999999999999998,181.99999999999997,316,332,0.46044303797468356,True,63.0,76.0,78.0,1.4826,43.75,32.25,21.752326993120196,4,0.5,-1.0,True,False,2호기,002,train,True,3,200.0
002_20200622_203136(3),2,0.5427215189873418,0.588855421686747,0.04113924050632911,0.0391566265060241,13.0,13.0,169.0,316,332,0.411144578313253,True,47.0,78.0,81.0,1.4826,63.25,14.75,9.94873870227978,4,1.5,-0.5,True,False,2호기,002,train,True,3,200.0
002_20200622_203140(8),0,0.5174050632911392,0.45331325301204817,0.04113924050632911,0.0391566265060241,13.0,13.0,169.0,316,332,0.45331325301204817,True,46.0,74.5,84.0,1.4826,53.25,21.25,14.332928638877648,2,-0.5,-0.5,True,False,2호기,002,test,True,3,200.0
002_20200622_203140(8),1,0.5221518987341772,0.5195783132530121,0.04430379746835443,0.0391566265060241,14.0,13.0,182.00000000000003,316,332,0.4778481012658228,True,63.0,77.0,79.0,2.9652,42.5,34.5,11.634965600971267,4,0.0,-0.5,True,False,2호기,002,test,True,3,200.0
002_20200622_203140(8),2,0.5284810126582279,0.5933734939759037,0.04430379746835443,0.04216867469879518,14.0,13.999999999999998,196.0,316,332,0.40662650602409633,True,48.0,79.0,81.0,2.9652,48.75,30.25,10.201672737083502,4,1.0,0.9999999999999716,True,False,2호기,002,test,True,3,200.0
002_20200622_203145(3),0,0.5110759493670886,0.4563253012048193,0.03481012658227848,0.02710843373493976,11.0,9.0,99.0,316,332,0.4563253012048193,True,47.0,75.0,82.5,1.4826,51.75,23.25,15.681910157830838,4,0.5000000000000284,-0.5,True,False,2호기,002,train,True,3,200.0
002_20200622_203145(3),1,0.5142405063291139,0.5210843373493976,0.028481012658227847,0.030120481927710843,9.0,10.0,90.0,316,332,0.47891566265060237,True,62.0,77.0,79.0,1.4826,52.5,24.5,16.525023607176582,5,0.5,-1.0,True,False,2호기,002,train,True,3,200.0
002_20200622_203145(3),2,0.5237341772151899,0.5993975903614458,0.03481012658227848,0.030120481927710843,11.0,10.0,110.0,316,332,0.4006024096385542,True,46.9844970703125,79.0,81.0,1.4826,51.5,27.5,18.548495885606368,4,0.5,0.0,True,False,2호기,002,train,True,3,200.0
002_20200622_203149(8),0,0.5110759493670886,0.44728915662650603,0.03481012658227848,0.02710843373493976,11.0,9.0,99.0,316,332,0.44728915662650603,True,45.0,76.0,80.0,1.4826,49.25,26.75,18.042627815998923,4,-0.4999999999999716,0.5,True,False,2호기,002,test,True,3,200.0
002_20200622_203149(8),1,0.5189873417721519,0.5918674698795181,0.03164556962025317,0.02710843373493976,10.0,9.0,90.0,316,332,0.4081325301204819,True,48.78759765625,78.0,81.0,1.4826,57.75,20.25,13.658437879401053,3,1.0,0.5,True,False,2호기,002,test,True,3,200.0
002_20200622_203149(8),2,0.509493670886076,0.5150602409638554,0.0379746835443038,0.024096385542168676,12.0,8.0,96.00000000000001,316,332,0.4849397590361446,True,62.5906982421875,77.0,80.0,1.4826,43.75,33.25,22.42681775259679,4,0.9999999999999716,0.0,True,False,2호기,002,test,True,3,200.0
002_20200622_203154(3),0,0.5063291139240507,0.45481927710843373,0.03164556962025317,0.030120481927710843,10.0,10.0,99.99999999999999,316,332,0.45481927710843373,True,47.0,75.0,82.0,1.4826,54.0,21.0,14.164305949008499,23,1.0,-1.0,True,False,2호기,002,train,True,3,200.0
002_20200622_203154(3),1,0.5142405063291139,0.5225903614457831,0.028481012658227847,0.03313253012048193,9.0,11.0,99.00000000000001,316,332,0.4774096385542169,True,63.0,77.0,79.0,1.4826,46.5,30.5,20.571968164036154,4,0.5,-1.4999999999999716,True,False,2호기,002,train,True,3,200.0
002_20200622_203154(3),2,0.5189873417721519,0.5963855421686747,0.03164556962025317,0.030120481927710843,10.0,10.0,99.99999999999999,316,332,0.4036144578313253,True,48.0,79.0,82.0,1.4826,57.0,22.0,14.838796708485095,3,1.0,1.0,True,False,2호기,002,train,True,3,200.0
002_20200622_203158(8),0,0.5300632911392406,0.44879518072289154,0.03481012658227848,0.030120481927710843,11.0,10.0,110.0,316,332,0.44879518072289154,True,45.0,75.0,82.0,1.4826,46.75,28.25,19.054363955213816,4,0.4999999999999716,1.0,True,False,2호기,002,train,True,3,200.0
002_20200622_203158(8),1,0.5348101265822784,0.516566265060241,0.03164556962025317,0.03313253012048193,10.0,11.0,110.0,316,332,0.46518987341772156,True,63.0,77.0,79.0,1.4826,47.5,29.5,19.89747740455956,4,0.0,0.5,True,False,2호기,002,train,True,3,200.0
002_20200622_203158(8),2,0.5443037974683544,0.5993975903614458,0.0379746835443038,0.030120481927710843,12.0,10.0,120.0,316,332,0.4006024096385542,True,44.9844970703125,80.5,83.0,1.4826,55.25,25.25,17.03089167678403,4,0.0,-1.0,True,False,2호기,002,train,True,3,200.0
002_20200623_003346(4),0,0.5596590909090909,0.4683734939759036,0.028409090909090908,0.02710843373493976,10.0,9.0,90.0,352,332,0.44034090909090906,True,47.0,105.0,118.0,1.4826,61.25,43.75,29.50897072710104,4,1.0,-0.5,True,False,1호기,002,train,True,3,200.0
002_20200623_003346(4),1,0.5667613636363636,0.5391566265060241,0.019886363636363636,0.024096385542168676,7.0,8.0,56.00000000000001,352,332,0.43323863636363635,True,52.0,109.5,113.0,2.9652,72.0,37.5,12.64670174018616,3,1.5,0.0,True,False,1호기,002,train,True,3,200.0
002_20200623_003346(4),2,0.5809659090909091,0.6370481927710844,0.03125,0.02108433734939759,11.0,6.999999999999999,77.0,352,332,0.3629518072289156,True,39.5906982421875,114.0,118.0,1.4826,70.5,43.5,29.34034803723189,4,0.5,-0.5,True,False,1호기,002,train,True,3,200.0
002_20200623_003350(4),0,0.5667613636363636,0.4066265060240964,0.019886363636363636,0.024096385542168676,7.0,8.0,56.00000000000001,352,332,0.4066265060240964,True,45.0,105.0,117.0,1.4826,55.75,49.25,33.21866990422232,4,0.5,0.0,True,False,1호기,002,train,True,3,200.0
002_20200623_003350(4),1,0.5681818181818182,0.4743975903614458,0.022727272727272728,0.02710843373493976,8.0,9.0,72.0,352,332,0.43181818181818177,True,52.0,106.5,114.0,1.4826,73.5,33.0,22.25819506272764,3,0.9999999999999716,1.5,True,False,1호기,002,train,True,3,200.0
002_20200623_003350(4),2,0.578125,0.5768072289156626,0.02556818181818182,0.02710843373493976,9.0,9.0,81.0,352,332,0.421875,True,42.0,114.0,118.0,1.4826,74.0,40.0,26.97963037906381,4,0.5,-0.4999999999999716,True,False,1호기,002,train,True,3,200.0
002_20200623_003351(2),0,0.495253164556962,0.4563253012048193,0.03481012658227848,0.03313253012048193,11.0,11.0,121.00000000000001,316,332,0.4563253012048193,True,44.0,70.0,79.0,1.4826,45.75,24.25,16.356400917307433,5,0.5,0.5,True,False,2호기,002,val,True,3,200.0
002_20200623_003351(2),1,0.5015822784810127,0.5256024096385542,0.03481012658227848,0.03313253012048193,11.0,11.0,121.00000000000001,316,332,0.4743975903614458,True,52.0,73.0,76.0,2.9652,43.0,30.0,10.117361392148927,4,0.5,0.5,True,False,2호기,002,val,True,3,200.0
002_20200623_003351(2),2,0.5126582278481012,0.6234939759036144,0.04430379746835443,0.024096385542168676,14.0,8.0,112.00000000000001,316,332,0.37650602409638556,True,39.0,78.0,82.0,1.4826,47.5,30.5,20.571968164036154,4,0.0,0.0,True,False,2호기,002,val,True,3,200.0
002_20200623_003354(3),0,0.5454545454545454,0.3870481927710843,0.022727272727272728,0.03313253012048193,8.0,11.0,88.0,352,332,0.3870481927710843,True,44.0,105.0,117.0,1.4826,69.5,35.5,23.94442196141913,5,0.0,-0.5,True,False,1호기,002,train,True,3,200.0
002_20200623_003354(3),1,0.5568181818181818,0.4563253012048193,0.022727272727272728,0.03313253012048193,8.0,11.0,88.0,352,332,0.44318181818181823,True,52.0,107.5,112.0,2.9652,60.25,47.25,15.934844192634563,4,1.0000000000000284,0.5,True,False,1호기,002,train,True,3,200.0
002_20200623_003354(3),2,0.5752840909090909,0.5496987951807228,0.02556818181818182,0.02710843373493976,9.0,9.0,81.0,352,332,0.42471590909090906,True,43.937992095947266,113.5,118.0,1.4826,88.25,25.25,17.03089167678403,22,0.5,0.5000000000000284,True,False,1호기,002,train,True,3,200.0
002_20200623_003355(7),0,0.47151898734177217,0.4623493975903614,0.0379746835443038,0.0391566265060241,12.0,13.0,156.0,316,332,0.4623493975903614,True,45.0,69.0,79.0,1.4826,39.75,29.25,19.72885471469041,4,1.0,-0.5,True,False,2호기,002,test,True,3,200.0
002_20200623_003355(7),1,0.47943037974683544,0.5301204819277109,0.03481012658227848,0.030120481927710843,11.0,10.0,110.0,316,332,0.4698795180722891,True,51.0,73.0,77.0,1.4826,47.0,26.0,17.536759746391475,4,0.5,1.0,True,False,2호기,002,test,True,3,200.0
002_20200623_003355(7),2,0.4889240506329114,0.6295180722891566,0.03481012658227848,0.03614457831325301,11.0,12.0,132.0,316,332,0.37048192771084343,True,40.0,79.0,83.0,1.4826,57.0,22.0,14.838796708485095,14,1.5,-0.9999999999999716,True,False,2호기,002,test,True,3,200.0
002_20200623_003358(2),0,0.5696022727272727,0.49096385542168675,0.02556818181818182,0.030120481927710843,9.0,10.0,90.0,352,332,0.4303977272727273,True,48.0,108.5,120.0,1.4826,61.0,47.5,32.038311075138274,4,0.5,0.0,True,False,1호기,002,train,True,3,200.0
002_20200623_003358(2),1,0.5724431818181818,0.5617469879518072,0.019886363636363636,0.02108433734939759,7.0,6.999999999999999,49.0,352,332,0.42755681818181823,True,53.0,107.5,113.0,2.9652,74.75,32.75,11.044786186429247,4,0.5000000000000284,0.5,True,False,1호기,002,train,True,3,200.0
002_20200623_003358(2),2,0.578125,0.6566265060240963,0.019886363636363636,0.030120481927710843,7.0,10.0,70.0,352,332,0.34337349397590367,True,42.0,114.0,118.0,1.4826,84.5,29.5,19.89747740455956,25,-0.5,1.0000000000000284,True,False,1호기,002,train,True,3,200.0
002_20200623_003400(2),0,0.495253164556962,0.4608433734939759,0.03481012658227848,0.030120481927710843,11.0,10.0,110.0,316,332,0.4608433734939759,True,46.9844970703125,71.0,80.0,1.4826,47.75,23.25,15.681910157830838,5,0.5,0.0,True,False,2호기,002,val,True,3,200.0
002_20200623_003400(2),1,0.5015822784810127,0.536144578313253,0.03481012658227848,0.030120481927710843,11.0,10.0,110.0,316,332,0.463855421686747,True,52.0,73.5,77.0,1.4826,55.0,18.5,12.478079050317012,4,-0.5,-2.0,True,False,2호기,002,val,True,3,200.0
002_20200623_003400(2),2,0.5079113924050633,0.625,0.03481012658227848,0.03313253012048193,11.0,11.0,121.00000000000001,316,332,0.375,True,41.0,80.5,85.0,2.9652,53.5,27.0,9.105625252934034,4,0.5,0.5,True,False,2호기,002,val,True,3,200.0
002_20200623_003402(2),0,0.5610795454545454,0.4864457831325301,0.02556818181818182,0.03313253012048193,9.0,11.0,99.00000000000001,352,332,0.4389204545454546,True,47.1968994140625,109.5,121.0,2.9652,72.75,36.75,12.393767705382437,5,1.5,0.5,True,False,1호기,002,val,True,3,200.0
002_20200623_003402(2),1,0.5639204545454546,0.5617469879518072,0.02556818181818182,0.02108433734939759,9.0,6.999999999999999,62.99999999999999,352,332,0.4360795454545454,True,53.0,107.0,112.0,2.9652,67.75,39.25,13.23688115472818,4,0.5,-0.5,True,False,1호기,002,val,True,3,200.0
002_20200623_003402(2),2,0.5681818181818182,0.6596385542168675,0.022727272727272728,0.024096385542168676,8.0,8.0,64.0,352,332,0.34036144578313254,True,39.0,114.0,117.0,1.4826,76.5,37.5,25.29340348037232,4,-2.842170943040401e-14,-1.0,True,False,1호기,002,val,True,3,200.0
002_20200623_003404(7),0,0.4825949367088608,0.45331325301204817,0.03481012658227848,0.03313253012048193,11.0,11.0,121.00000000000001,316,332,0.45331325301204817,True,45.0,72.0,80.0,1.4826,45.75,26.25,17.705382436260624,6,0.5,0.5,True,False,2호기,002,train,True,3,200.0
002_20200623_003404(7),1,0.48417721518987344,0.5271084337349398,0.0379746835443038,0.030120481927710843,12.0,10.0,120.0,316,332,0.47289156626506024,True,51.0,74.0,78.0,1.4826,41.5,32.5,21.920949682989345,4,1.0,0.0,True,False,2호기,002,train,True,3,200.0
002_20200623_003404(7),2,0.495253164556962,0.625,0.03481012658227848,0.02710843373493976,11.0,9.0,99.0,316,332,0.375,True,40.0,80.5,85.0,1.4826,50.5,30.0,20.234722784297855,4,0.5,-0.5,True,False,2호기,002,train,True,3,200.0
002_20200623_003409(2),0,0.48417721518987344,0.45481927710843373,0.03164556962025317,0.030120481927710843,10.0,10.0,99.99999999999999,316,332,0.45481927710843373,True,47.0,70.0,79.0,1.4826,42.25,27.75,18.717118575475517,4,0.0,0.0,True,False,2호기,002,train,True,3,200.0
002_20200623_003409(2),1,0.4873417721518987,0.5271084337349398,0.02531645569620253,0.024096385542168676,8.0,8.0,64.0,316,332,0.47289156626506024,True,52.0,73.0,77.0,1.4826,55.75,17.25,11.634965600971267,6,0.0,-1.0,True,False,2호기,002,train,True,3,200.0
002_20200623_003409(2),2,0.4920886075949367,0.6234939759036144,0.028481012658227847,0.030120481927710843,9.0,10.0,90.0,316,332,0.37650602409638556,True,40.0,82.0,86.0,1.4826,53.75,28.25,19.054363955213816,4,1.5,-1.0,True,False,2호기,002,train,True,3,200.0
002_20200623_003410(2),0,0.5909090909090909,0.3569277108433735,0.022727272727272728,0.02710843373493976,8.0,9.0,72.0,352,332,0.3569277108433735,True,36.150394439697266,105.0,114.0,1.4826,65.25,39.75,26.81100768919466,4,0.0,0.5,True,False,1호기,002,val,True,3,200.0
002_20200623_003410(2),1,0.5852272727272727,0.4246987951807229,0.022727272727272728,0.024096385542168676,8.0,8.0,64.0,352,332,0.4147727272727273,True,52.181396484375,104.0,108.0,1.4826,60.25,43.75,29.50897072710104,4,1.0,1.0,True,False,1호기,002,val,True,3,200.0
002_20200623_003410(2),2,0.5809659090909091,0.5256024096385542,0.019886363636363636,0.02710843373493976,7.0,9.0,63.0,352,332,0.41903409090909094,True,43.150390625,106.0,114.0,1.4826,74.25,31.75,21.415081613381897,18,0.5,-0.5,True,False,1호기,002,val,True,3,200.0
002_20200623_003413(7),0,0.5031645569620253,0.45331325301204817,0.03164556962025317,0.02710843373493976,10.0,9.0,90.0,316,332,0.45331325301204817,True,46.0,70.5,80.0,1.4826,38.0,32.5,21.920949682989345,4,0.0,0.5,True,False,2호기,002,train,True,3,200.0
002_20200623_003413(7),1,0.5079113924050633,0.5271084337349398,0.03481012658227848,0.030120481927710843,11.0,10.0,110.0,316,332,0.47289156626506024,True,52.0,76.0,77.0,1.4826,44.25,31.75,21.415081613381897,4,0.5,0.0,True,False,2호기,002,train,True,3,200.0
002_20200623_003413(7),2,0.5174050632911392,0.6204819277108434,0.03481012658227848,0.030120481927710843,11.0,10.0,110.0,316,332,0.37951807228915657,True,41.0,80.0,85.0,1.4826,52.75,27.25,18.37987319573722,4,0.5,0.9999999999999716,True,False,2호기,002,train,True,3,200.0
002_20200623_043039(3),0,0.5454545454545454,0.45933734939759036,0.022727272727272728,0.02710843373493976,8.0,9.0,72.0,352,332,0.4545454545454546,True,46.544189453125,108.0,118.0,2.2239,59.25,48.75,21.92094968298934,4,0.0,-0.5,True,False,1호기,002,train,True,3,200.0
002_20200623_043039(3),1,0.5610795454545454,0.5286144578313253,0.03125,0.02710843373493976,11.0,9.0,99.0,352,332,0.4389204545454546,True,52.1968994140625,108.0,114.0,2.9652,66.5,41.5,13.995683259139351,4,0.5,-0.5,True,False,1호기,002,train,True,3,200.0
002_20200623_043039(3),2,0.5823863636363636,0.6159638554216867,0.017045454545454544,0.02108433734939759,6.0,6.999999999999999,42.0,352,332,0.38403614457831325,True,41.544189453125,114.0,119.0,1.4826,71.0,43.0,29.003102657493592,4,1.0,0.5,True,False,1호기,002,train,True,3,200.0
002_20200623_043043(2),0,0.5852272727272727,0.3930722891566265,0.022727272727272728,0.02108433734939759,8.0,6.999999999999999,55.99999999999999,352,332,0.3930722891566265,True,43.9844970703125,105.0,118.0,1.4826,71.0,34.0,22.93268582220424,3,0.0,0.5,True,False,1호기,002,train,True,3,200.0
002_20200623_043043(2),1,0.5923295454545454,0.46686746987951805,0.019886363636363636,0.030120481927710843,7.0,10.0,70.0,352,332,0.4076704545454546,True,53.0,106.0,113.0,2.9652,74.75,31.25,10.538918116821801,3,-0.5,0.0,True,False,1호기,002,train,True,3,200.0
002_20200623_043043(2),2,0.5994318181818182,0.5602409638554217,0.022727272727272728,0.024096385542168676,8.0,8.0,64.0,352,332,0.40056818181818177,True,44.0,115.0,120.0,1.4826,74.5,40.5,27.316875758802105,4,0.9999999999999716,1.0,True,False,1호기,002,train,True,3,200.0
002_20200623_043047(2),0,0.5639204545454546,0.4126506024096386,0.02556818181818182,0.024096385542168676,9.0,8.0,72.0,352,332,0.4126506024096386,True,46.0,105.0,117.0,1.4826,57.25,47.75,32.20693376500742,4,0.5,0.0,True,False,1호기,002,test,True,3,200.0
002_20200623_043047(2),1,0.5667613636363636,0.4819277108433735,0.019886363636363636,0.024096385542168676,7.0,8.0,56.00000000000001,352,332,0.43323863636363635,True,51.0,110.0,114.0,2.9652,68.5,41.5,13.995683259139351,4,1.5,1.0,True,False,1호기,002,test,True,3,200.0
002_20200623_043047(2),2,0.578125,0.5783132530120482,0.019886363636363636,0.024096385542168676,7.0,8.0,56.00000000000001,352,332,0.42168674698795183,True,43.0,114.0,118.0,1.4826,75.0,39.0,26.305139619587212,4,0.5,1.0,True,False,1호기,002,test,True,3,200.0
002_20200623_043051(3),0,0.5596590909090909,0.4352409638554217,0.017045454545454544,0.02710843373493976,6.0,9.0,54.0,352,332,0.4352409638554217,True,46.0,107.0,115.0,1.4826,71.0,36.0,24.281667341157426,5,1.0,0.5,True,False,1호기,002,test,True,3,200.0
002_20200623_043051(3),1,0.5639204545454546,0.5075301204819277,0.02556818181818182,0.03313253012048193,9.0,11.0,99.00000000000001,352,332,0.4360795454545454,True,52.0,110.0,114.0,1.4826,66.0,44.0,29.67759341697019,4,0.5,0.5,True,False,1호기,002,test,True,3,200.0
002_20200623_043051(3),2,0.5681818181818182,0.6039156626506024,0.022727272727272728,0.03313253012048193,8.0,11.0,88.0,352,332,0.39608433734939763,True,42.0,114.0,118.0,1.4826,73.75,40.25,27.148253068932956,4,0.9999999999999716,0.5,True,False,1호기,002,test,True,3,200.0
002_20200623_043055(3),0,0.5738636363636364,0.463855421686747,0.022727272727272728,0.030120481927710843,8.0,10.0,80.0,352,332,0.42613636363636365,True,48.0,106.5,118.0,1.4826,65.0,41.5,27.991366518278703,4,2.0,0.0,True,False,1호기,002,train,True,3,200.0
002_20200623_043055(3),1,0.5795454545454546,0.5376506024096386,0.028409090909090908,0.02710843373493976,10.0,9.0,90.0,352,332,0.4204545454545454,True,53.9844970703125,108.0,113.0,2.9652,67.0,41.0,13.827060569270202,4,0.0,-0.5,True,False,1호기,002,train,True,3,200.0
002_20200623_043055(3),2,0.5809659090909091,0.6325301204819277,0.019886363636363636,0.030120481927710843,7.0,10.0,70.0,352,332,0.3674698795180723,True,40.5906982421875,114.0,118.0,1.4826,77.5,36.5,24.618912720895725,4,0.5,1.0,True,False,1호기,002,train,True,3,200.0
002_20200623_043056(0),0,0.49683544303797467,0.44728915662650603,0.0379746835443038,0.03313253012048193,12.0,11.0,132.00000000000003,316,332,0.44728915662650603,True,46.0,71.0,79.0,1.4826,43.0,28.0,18.885741265344667,4,1.0,0.5,True,False,2호기,002,train,True,3,200.0
002_20200623_043056(0),1,0.5031645569620253,0.5195783132530121,0.0379746835443038,0.0391566265060241,12.0,13.0,156.0,316,332,0.48042168674698793,True,52.0,75.5,78.0,1.4826,47.25,28.25,19.054363955213816,4,1.0,0.5,True,False,2호기,002,train,True,3,200.0
002_20200623_043056(0),2,0.5158227848101266,0.6174698795180723,0.03164556962025317,0.04216867469879518,10.0,13.999999999999998,140.0,316,332,0.3825301204819277,True,40.0,82.0,85.5,1.4826,49.5,32.5,21.920949682989345,4,0.0,0.0,True,False,2호기,002,train,True,3,200.0
002_20200623_043059(4),0,0.5625,0.5120481927710844,0.028409090909090908,0.03614457831325301,10.0,12.0,120.0,352,332,0.4375,True,48.393798828125,110.0,120.0,1.4826,57.25,52.75,35.579387562390394,4,0.0,1.0,True,False,1호기,002,train,True,3,200.0
002_20200623_043059(4),1,0.5681818181818182,0.5873493975903614,0.022727272727272728,0.030120481927710843,8.0,10.0,80.0,352,332,0.4126506024096386,True,53.0,105.5,111.0,2.9652,59.0,46.5,15.681910157830838,4,0.9999999999999716,0.0,True,False,1호기,002,train,True,3,200.0
002_20200623_043059(4),2,0.5809659090909091,0.6852409638554217,0.02556818181818182,0.02710843373493976,9.0,9.0,81.0,352,332,0.31475903614457834,True,38.0,115.0,120.0,1.4826,78.75,36.25,24.450290031026576,4,1.5,-0.5,True,False,1호기,002,train,True,3,200.0
002_20200623_043100(6),0,0.5015822784810127,0.45481927710843373,0.03481012658227848,0.03614457831325301,11.0,12.0,132.0,316,332,0.45481927710843373,True,48.0,70.0,80.0,1.4826,40.0,30.0,20.234722784297855,4,0.5,-1.0,True,False,2호기,002,train,True,3,200.0
002_20200623_043100(6),1,0.5110759493670886,0.5225903614457831,0.04113924050632911,0.0391566265060241,13.0,13.0,169.0,316,332,0.4774096385542169,True,53.0,74.5,78.0,1.4826,46.0,28.5,19.222986645082962,4,-0.4999999999999716,0.5000000000000284,True,False,2호기,002,train,True,3,200.0
002_20200623_043100(6),2,0.5189873417721519,0.6189759036144579,0.03164556962025317,0.045180722891566265,10.0,15.0,150.0,316,332,0.38102409638554213,True,41.0,82.0,87.0,1.4826,49.0,33.0,22.25819506272764,4,1.0,0.5,True,False,2호기,002,train,True,3,200.0
002_20200623_043105(0),0,0.4889240506329114,0.45180722891566266,0.04113924050632911,0.04216867469879518,13.0,13.999999999999998,181.99999999999997,316,332,0.45180722891566266,True,48.0,70.0,79.0,1.4826,39.0,31.0,20.909213543774452,4,0.5,0.0,True,False,2호기,002,train,True,3,200.0
002_20200623_043105(0),1,0.495253164556962,0.5180722891566265,0.03481012658227848,0.04216867469879518,11.0,13.999999999999998,154.0,316,332,0.4819277108433735,True,52.0,74.5,78.0,1.4826,48.75,25.75,17.368137056522325,5,0.5,1.0,True,False,2호기,002,train,True,3,200.0
002_20200623_043105(0),2,0.5063291139240507,0.6174698795180723,0.03164556962025317,0.04216867469879518,10.0,13.999999999999998,140.0,316,332,0.3825301204819277,True,41.0,83.0,86.0,1.4826,56.75,26.25,17.705382436260624,4,0.0,1.0,True,False,2호기,002,train,True,3,200.0
002_20200623_043109(4),0,0.4825949367088608,0.4578313253012048,0.04113924050632911,0.04216867469879518,13.0,13.999999999999998,181.99999999999997,316,332,0.4578313253012048,True,47.534889221191406,69.0,78.0,1.4826,36.75,32.25,21.752326993120196,4,1.5,-1.0,True,False,2호기,002,train,True,3,300.0
002_20200623_043109(4),1,0.4889240506329114,0.5256024096385542,0.03481012658227848,0.0391566265060241,11.0,13.0,143.0,316,332,0.4743975903614458,True,50.0,75.0,78.0,1.4826,50.5,24.5,16.525023607176582,5,1.5,0.5,True,False,2호기,002,train,True,3,300.0
002_20200623_043109(4),2,0.49683544303797467,0.6174698795180723,0.0379746835443038,0.04819277108433735,12.0,16.0,192.00000000000003,316,332,0.3825301204819277,True,41.9844970703125,83.0,87.0,1.4826,54.0,29.0,19.56023202482126,4,2.0,2.0,True,False,2호기,002,train,True,3,300.0
002_20200623_043115(4),0,0.47151898734177217,0.45481927710843373,0.0379746835443038,0.030120481927710843,12.0,10.0,120.0,316,332,0.45481927710843373,True,49.0,70.0,79.0,1.4826,39.5,30.5,20.571968164036154,4,0.0,-1.0,True,False,2호기,002,train,True,3,300.0
002_20200623_043115(4),1,0.4778481012658228,0.5271084337349398,0.03164556962025317,0.04216867469879518,10.0,13.999999999999998,140.0,316,332,0.47289156626506024,True,52.0,74.0,77.0,1.4826,46.25,27.75,18.717118575475517,4,0.0,-1.0,True,False,2호기,002,train,True,3,300.0
002_20200623_043115(4),2,0.48575949367088606,0.6174698795180723,0.03481012658227848,0.05421686746987952,11.0,18.0,198.0,316,332,0.3825301204819277,True,41.0,83.5,86.0,1.4826,54.5,29.0,19.56023202482126,4,1.5,1.0,True,False,2호기,002,train,True,3,300.0
002_20200623_043120(0),0,0.49841772151898733,0.45331325301204817,0.04113924050632911,0.0391566265060241,13.0,13.0,169.0,316,332,0.45331325301204817,True,48.0,71.5,79.0,1.4826,46.0,25.5,17.19951436665318,5,0.5,-0.5,True,False,2호기,002,val,True,3,300.0
002_20200623_043120(0),1,0.504746835443038,0.5225903614457831,0.04746835443037975,0.02710843373493976,15.000000000000002,9.0,135.00000000000003,316,332,0.4774096385542169,True,52.0,75.5,78.0,1.4826,48.5,27.0,18.21125050586807,4,0.5,-0.4999999999999716,True,False,2호기,002,val,True,3,300.0
002_20200623_043120(0),2,0.5126582278481012,0.6204819277108434,0.03164556962025317,0.03614457831325301,10.0,12.0,120.0,316,332,0.37951807228915657,True,40.0,83.0,87.0,1.4826,59.75,23.25,15.681910157830838,19,1.0,-1.0000000000000284,True,False,2호기,002,val,True,3,300.0
002_20200623_082249(3),0,0.504746835443038,0.48042168674698793,0.028481012658227847,0.0391566265060241,9.0,13.0,117.0,316,332,0.48042168674698793,True,48.0,77.0,85.0,1.4826,54.75,22.25,15.007419398354243,22,1.5,0.5,True,False,2호기,002,train,True,3,300.0
002_20200623_082249(3),1,0.5142405063291139,0.5451807228915663,0.028481012658227847,0.030120481927710843,9.0,10.0,90.0,316,332,0.45481927710843373,True,62.0,79.0,81.0,1.4826,54.0,25.0,16.86226898691488,5,0.5,0.0,True,False,2호기,002,train,True,3,300.0
002_20200623_082249(3),2,0.5253164556962026,0.6265060240963856,0.0379746835443038,0.04216867469879518,12.0,13.999999999999998,168.0,316,332,0.37349397590361444,True,43.0,83.0,85.0,2.2239,61.0,22.0,9.892531138990062,3,1.0,0.0,True,False,2호기,002,train,True,3,300.0
002_20200623_082253(8),0,0.5332278481012658,0.4367469879518072,0.04746835443037975,0.03614457831325301,15.000000000000002,12.0,180.00000000000003,316,332,0.4367469879518072,True,47.0,76.0,85.0,1.4826,52.5,23.5,15.850532847699988,4,-0.5,-1.0,True,False,2호기,002,val,True,3,300.0
002_20200623_082253(8),1,0.5300632911392406,0.5015060240963856,0.03481012658227848,0.03313253012048193,11.0,11.0,121.00000000000001,316,332,0.46993670886075944,True,62.0,77.0,80.0,1.4826,58.75,18.25,12.309456360447863,2,1.4999999999999716,-0.5,True,False,2호기,002,val,True,3,300.0
002_20200623_082253(8),2,0.5411392405063291,0.5843373493975904,0.0379746835443038,0.04216867469879518,12.0,13.999999999999998,168.0,316,332,0.4156626506024096,True,46.0,81.0,83.0,1.4826,51.25,29.75,20.06610009442871,4,0.0,-1.0000000000000284,True,False,2호기,002,val,True,3,300.0
002_20200623_082258(4),0,0.5205696202531646,0.46987951807228917,0.03481012658227848,0.04216867469879518,11.0,13.999999999999998,154.0,316,332,0.46987951807228917,True,49.0,76.0,83.0,1.4826,52.5,23.5,15.850532847699988,17,-0.5,-1.0,True,False,2호기,002,val,True,3,300.0
002_20200623_082258(4),1,0.5253164556962026,0.5346385542168675,0.0379746835443038,0.03313253012048193,12.0,11.0,132.00000000000003,316,332,0.46536144578313254,True,64.0,80.5,83.0,1.4826,51.75,28.75,19.39160933495211,4,-1.0,-0.5,True,False,2호기,002,val,True,3,300.0
002_20200623_082258(4),2,0.5268987341772152,0.6114457831325302,0.03481012658227848,0.04216867469879518,11.0,13.999999999999998,154.0,316,332,0.3885542168674698,True,46.0,83.0,85.0,2.9652,58.5,24.5,8.262511803588291,4,0.5,0.9999999999999716,True,False,2호기,002,val,True,3,300.0
002_20200623_082258(6),0,0.5454545454545454,0.5180722891566265,0.022727272727272728,0.024096385542168676,8.0,8.0,64.0,352,332,0.4545454545454546,True,48.393798828125,109.5,121.0,1.4826,56.75,52.75,35.579387562390394,4,1.0,-1.0,True,False,1호기,002,train,True,3,300.0
002_20200623_082258(6),1,0.5653409090909091,0.5813253012048193,0.017045454545454544,0.030120481927710843,6.0,10.0,60.0,352,332,0.4186746987951807,True,52.331790924072266,108.0,111.0,2.9652,67.75,40.25,13.574126534466478,4,1.0,1.0,True,False,1호기,002,train,True,3,300.0
002_20200623_082258(6),2,0.59375,0.6716867469879518,0.022727272727272728,0.03614457831325301,8.0,12.0,96.0,352,332,0.32831325301204817,True,37.95039367675781,117.0,120.0,1.4826,74.0,43.0,29.003102657493592,4,1.0,0.0,True,False,1호기,002,train,True,3,300.0
002_20200623_082302(6),0,0.5539772727272727,0.5301204819277109,0.028409090909090908,0.024096385542168676,10.0,8.0,80.0,352,332,0.4460227272727273,True,50.528690338134766,106.0,118.0,1.4826,59.75,46.25,31.195197625792527,4,0.0,-1.0,True,False,1호기,002,train,True,3,300.0
002_20200623_082302(6),1,0.5625,0.5963855421686747,0.017045454545454544,0.024096385542168676,6.0,8.0,48.00000000000001,352,332,0.4036144578313253,True,51.5906982421875,105.0,111.0,1.4826,82.0,23.0,15.513287467961689,5,1.0,1.0,True,False,1호기,002,train,True,3,300.0
002_20200623_082302(6),2,0.5838068181818182,0.6912650602409639,0.019886363636363636,0.02108433734939759,7.0,6.999999999999999,49.0,352,332,0.3087349397590361,True,39.3472900390625,115.5,120.0,1.4826,93.0,22.5,15.176042088223392,3,0.4999999999999716,-0.5000000000000284,True,False,1호기,002,train,True,3,300.0
002_20200623_082302(7),0,0.47943037974683544,0.411144578313253,0.03481012658227848,0.02710843373493976,11.0,9.0,99.0,316,332,0.411144578313253,True,45.78759765625,74.0,80.0,2.9652,39.0,35.0,11.803588290840416,4,0.5,-0.5,True,False,2호기,002,train,True,3,300.0
002_20200623_082302(7),1,0.4920886075949367,0.4743975903614458,0.028481012658227847,0.02710843373493976,9.0,9.0,81.0,316,332,0.4743975903614458,True,52.0,71.0,76.0,1.4826,50.0,21.0,14.164305949008499,4,0.5,2.5,True,False,2호기,002,train,True,3,300.0
002_20200623_082302(7),2,0.5126582278481012,0.5753012048192772,0.03164556962025317,0.030120481927710843,10.0,10.0,99.99999999999999,316,332,0.42469879518072284,True,42.5596923828125,80.0,84.0,1.4826,50.5,29.5,19.89747740455956,5,1.0,-2.842170943040401e-14,True,False,2호기,002,train,True,3,300.0
002_20200623_082306(5),0,0.5696022727272727,0.5,0.02556818181818182,0.030120481927710843,9.0,10.0,90.0,352,332,0.4303977272727273,True,48.93489074707031,108.5,121.0,1.4826,76.0,32.5,21.920949682989345,4,0.5,-1.0,True,False,1호기,002,train,True,3,300.0
002_20200623_082306(5),1,0.5795454545454546,0.5677710843373494,0.022727272727272728,0.03313253012048193,8.0,11.0,88.0,352,332,0.4204545454545454,True,52.0,108.0,113.0,1.4826,83.5,24.5,16.525023607176582,4,0.0,0.5000000000000284,True,False,1호기,002,train,True,3,300.0
002_20200623_082306(5),2,0.5909090909090909,0.6656626506024096,0.022727272727272728,0.024096385542168676,8.0,8.0,64.0,352,332,0.3343373493975904,True,39.393798828125,114.5,120.0,1.4826,78.0,36.5,24.618912720895725,4,1.0,-0.9999999999999716,True,False,1호기,002,train,True,3,300.0
002_20200623_082307(2),0,0.495253164556962,0.4186746987951807,0.03481012658227848,0.030120481927710843,11.0,10.0,110.0,316,332,0.4186746987951807,True,46.0,70.5,81.0,1.4826,42.75,27.75,18.717118575475517,5,0.5,1.0,True,False,2호기,002,train,True,3,300.0
002_20200623_082307(2),1,0.5,0.49096385542168675,0.0379746835443038,0.03614457831325301,12.0,12.0,143.99999999999997,316,332,0.49096385542168675,True,51.78759765625,74.0,77.0,1.4826,48.0,26.0,17.536759746391475,4,1.0,1.0,True,False,2호기,002,train,True,3,300.0
002_20200623_082307(2),2,0.5158227848101266,0.5873493975903614,0.0379746835443038,0.030120481927710843,12.0,10.0,120.0,316,332,0.4126506024096386,True,42.0,81.5,86.5,1.4826,54.5,27.0,18.21125050586807,10,0.0,1.0,True,False,2호기,002,train,True,3,300.0
002_20200623_082310(6),0,0.5894886363636364,0.5557228915662651,0.02556818181818182,0.03313253012048193,9.0,11.0,99.00000000000001,352,332,0.41051136363636365,True,47.5906982421875,120.0,122.0,1.4826,87.75,32.25,21.752326993120196,3,-0.5,-0.5,True,False,1호기,002,train,True,3,300.0
002_20200623_082310(6),1,0.5866477272727273,0.47289156626506024,0.03125,0.030120481927710843,11.0,10.0,110.0,352,332,0.4133522727272727,True,63.0,116.0,120.0,2.9652,66.75,49.25,16.60933495211116,4,0.5,1.0,True,False,1호기,002,train,True,3,300.0
002_20200623_082310(6),2,0.5923295454545454,0.40512048192771083,0.019886363636363636,0.02710843373493976,7.0,9.0,63.0,352,332,0.40512048192771083,True,43.78759765625,115.0,122.0,1.4826,80.0,35.0,23.607176581680832,4,-0.5,1.5,True,False,1호기,002,train,True,3,300.0
002_20200623_082311(8),0,0.47468354430379744,0.4322289156626506,0.05063291139240506,0.045180722891566265,16.0,15.0,240.0,316,332,0.4322289156626506,True,47.0,71.0,80.0,1.4826,42.25,28.75,19.39160933495211,4,0.0,-1.5,True,False,2호기,002,train,True,3,300.0
002_20200623_082311(8),1,0.4762658227848101,0.5045180722891566,0.03481012658227848,0.0391566265060241,11.0,13.0,143.0,316,332,0.4762658227848101,True,52.0,74.0,78.0,1.4826,59.25,14.75,9.94873870227978,16,-0.5,-0.4999999999999716,True,False,2호기,002,train,True,3,300.0
002_20200623_082311(8),2,0.4762658227848101,0.6024096385542169,0.03481012658227848,0.04819277108433735,11.0,16.0,176.0,316,332,0.3975903614457831,True,40.0,83.0,88.0,1.4826,49.5,33.5,22.59544044246594,4,1.5,-1.0000000000000284,True,False,2호기,002,train,True,3,300.0
002_20200623_082314(4),0,0.5852272727272727,0.463855421686747,0.022727272727272728,0.018072289156626505,8.0,6.0,48.0,352,332,0.4147727272727273,True,47.0,114.0,122.0,2.9652,67.0,47.0,15.850532847699988,4,1.0,1.0,True,False,1호기,002,train,True,3,300.0
002_20200623_082314(4),1,0.5894886363636364,0.5331325301204819,0.014204545454545454,0.024096385542168676,5.0,8.0,40.0,352,332,0.41051136363636365,True,63.0,117.0,118.0,1.4826,65.0,52.0,35.07351949278295,4,0.5,0.0,True,False,1호기,002,train,True,3,300.0
002_20200623_082314(4),2,0.59375,0.6099397590361446,0.022727272727272728,0.02710843373493976,8.0,9.0,72.0,352,332,0.3900602409638554,True,46.78759765625,115.0,118.0,1.4826,96.25,18.75,12.64670174018616,5,2.0,0.5,True,False,1호기,002,train,True,3,300.0
002_20200623_082318(5),0,0.6008522727272727,0.5677710843373494,0.02556818181818182,0.02710843373493976,9.0,9.0,81.0,352,332,0.3991477272727273,True,49.731788635253906,114.0,122.0,1.4826,78.0,36.0,24.281667341157426,4,-0.5,0.5000000000000284,True,False,1호기,002,test,True,3,300.0
002_20200623_082318(5),1,0.6107954545454546,0.6340361445783133,0.017045454545454544,0.02108433734939759,6.0,6.999999999999999,42.0,352,332,0.36596385542168675,True,63.78759765625,114.0,115.0,1.4826,79.5,34.5,23.269931201942534,4,0.0,0.5,True,False,1호기,002,test,True,3,300.0
002_20200623_082318(5),2,0.625,0.7108433734939759,0.017045454545454544,0.018072289156626505,6.0,6.0,35.99999999999999,352,332,0.28915662650602414,True,42.756591796875,118.5,121.0,1.4826,83.25,35.25,23.77579927154998,3,1.0,0.0,True,False,1호기,002,test,True,3,300.0
002_20200623_123032(7),0,0.6164772727272727,0.4427710843373494,0.028409090909090908,0.030120481927710843,10.0,10.0,99.99999999999999,352,332,0.3835227272727273,True,46.0,117.0,124.0,2.9652,87.5,29.5,9.94873870227978,2,1.0,1.0,True,False,1호기,002,train,True,3,300.0
002_20200623_123032(7),1,0.6164772727272727,0.5105421686746988,0.028409090909090908,0.02108433734939759,10.0,6.999999999999999,70.0,352,332,0.3835227272727273,True,63.1968994140625,115.0,118.0,1.4826,76.75,38.25,25.799271549979768,3,1.0,0.5,True,False,1호기,002,train,True,3,300.0
002_20200623_123032(7),2,0.6178977272727273,0.5918674698795181,0.019886363636363636,0.02108433734939759,7.0,6.999999999999999,49.0,352,332,0.3821022727272727,True,47.5906982421875,115.0,118.0,1.4826,85.0,30.0,20.234722784297855,3,1.5,-0.5,True,False,1호기,002,train,True,3,300.0
002_20200623_123036(5),0,0.578125,0.516566265060241,0.019886363636363636,0.02108433734939759,7.0,6.999999999999999,49.0,352,332,0.421875,True,49.0,114.0,122.0,2.9652,70.75,43.25,14.58586267368137,4,0.5,-0.5,True,False,1호기,002,test,True,3,300.0
002_20200623_123036(5),1,0.5866477272727273,0.5798192771084337,0.02556818181818182,0.02710843373493976,9.0,9.0,81.0,352,332,0.4133522727272727,True,63.0,114.0,115.0,1.4826,74.0,40.0,26.97963037906381,4,0.5,0.5,True,False,1호기,002,test,True,3,300.0
002_20200623_123036(5),2,0.6008522727272727,0.6581325301204819,0.019886363636363636,0.02108433734939759,7.0,6.999999999999999,49.0,352,332,0.3418674698795181,True,46.0,114.0,118.0,2.9652,93.75,20.25,6.829218939700526,3,0.5,0.5,True,False,1호기,002,test,True,3,300.0
002_20200623_123040(5),0,0.5894886363636364,0.5135542168674698,0.02556818181818182,0.02710843373493976,9.0,9.0,81.0,352,332,0.41051136363636365,True,48.9844970703125,115.0,123.0,1.4826,77.25,37.75,25.46202617024147,3,1.5,-0.4999999999999716,True,False,1호기,002,train,True,3,300.0
002_20200623_123040(5),1,0.5994318181818182,0.5783132530120482,0.022727272727272728,0.024096385542168676,8.0,8.0,64.0,352,332,0.40056818181818177,True,63.0,113.0,115.0,1.4826,73.5,39.5,26.64238499932551,4,0.9999999999999716,0.0,True,False,1호기,002,train,True,3,300.0
002_20200623_123040(5),2,0.6136363636363636,0.6551204819277109,0.022727272727272728,0.02108433734939759,8.0,6.999999999999999,55.99999999999999,352,332,0.3448795180722891,True,46.0,115.0,118.0,1.4826,73.75,41.25,27.822743828409553,4,1.0,0.5,True,False,1호기,002,train,True,3,300.0
002_20200623_123042(0),0,0.5189873417721519,0.38403614457831325,0.0379746835443038,0.0391566265060241,12.0,13.0,156.0,316,332,0.38403614457831325,True,45.0,74.0,80.0,1.4826,55.75,18.25,12.309456360447863,14,1.0,-0.5,True,False,2호기,002,train,True,3,300.0
002_20200623_123042(0),1,0.5253164556962026,0.45180722891566266,0.0379746835443038,0.03614457831325301,12.0,12.0,143.99999999999997,316,332,0.45180722891566266,True,63.0,75.5,77.0,1.4826,45.75,29.75,20.06610009442871,4,0.0,-1.0,True,False,2호기,002,train,True,3,300.0
002_20200623_123042(0),2,0.5316455696202531,0.5301204819277109,0.03164556962025317,0.04819277108433735,10.0,16.0,160.0,316,332,0.4683544303797469,True,49.0,79.0,82.0,2.9652,54.0,25.0,8.43113449345744,4,1.0000000000000284,-1.0,True,False,2호기,002,train,True,3,300.0
002_20200623_123044(3),0,0.578125,0.463855421686747,0.02556818181818182,0.024096385542168676,9.0,8.0,72.0,352,332,0.421875,True,48.0,107.0,120.0,1.4826,76.5,30.5,20.571968164036154,4,1.5,0.0,True,False,1호기,002,val,True,3,300.0
002_20200623_123044(3),1,0.5795454545454546,0.536144578313253,0.022727272727272728,0.03614457831325301,8.0,12.0,96.0,352,332,0.4204545454545454,True,52.78759765625,110.5,114.0,1.4826,70.5,40.0,26.97963037906381,4,1.0,0.0,True,False,1호기,002,val,True,3,300.0
002_20200623_123044(3),2,0.5838068181818182,0.6340361445783133,0.019886363636363636,0.03313253012048193,7.0,11.0,77.00000000000001,352,332,0.36596385542168675,True,40.0,114.5,120.0,1.4826,80.0,34.5,23.269931201942534,4,1.4999999999999716,-0.5,True,False,1호기,002,val,True,3,300.0
002_20200623_123046(4),0,0.5474683544303798,0.5346385542168675,0.02531645569620253,0.02710843373493976,8.0,9.0,72.0,316,332,0.4525316455696202,True,49.1968994140625,80.0,82.0,1.4826,58.5,21.5,14.501551328746796,3,0.0,-1.5,True,False,2호기,002,train,True,3,300.0
002_20200623_123046(4),1,0.5332278481012658,0.45481927710843373,0.03481012658227848,0.030120481927710843,11.0,10.0,110.0,316,332,0.45481927710843373,True,62.0,76.0,77.0,1.4826,56.25,19.75,13.321192499662756,5,1.5,-1.0,True,False,2호기,002,train,True,3,300.0
002_20200623_123046(4),2,0.5268987341772152,0.39006024096385544,0.03481012658227848,0.02710843373493976,11.0,9.0,99.0,316,332,0.39006024096385544,True,45.0,74.0,82.0,1.4826,56.25,17.75,11.972210980709566,22,0.5,-0.5,True,False,2호기,002,train,True,3,300.0
002_20200623_123048(4),0,0.5696022727272727,0.5256024096385542,0.02556818181818182,0.02710843373493976,9.0,9.0,81.0,352,332,0.4303977272727273,True,48.1968994140625,105.0,121.0,1.4826,72.0,33.0,22.25819506272764,4,0.5,0.5,True,False,1호기,002,train,True,3,300.0
002_20200623_123048(4),1,0.5795454545454546,0.6009036144578314,0.022727272727272728,0.03313253012048193,8.0,11.0,88.0,352,332,0.39909638554216864,True,52.0,107.5,112.0,2.9652,64.0,43.5,14.670174018615945,4,1.0,-0.5,True,False,1호기,002,train,True,3,300.0
002_20200623_123048(4),2,0.5923295454545454,0.6912650602409639,0.019886363636363636,0.02710843373493976,7.0,9.0,63.0,352,332,0.3087349397590361,True,39.9844970703125,117.0,122.0,1.4826,89.25,27.75,18.717118575475517,3,1.5,0.4999999999999716,True,False,1호기,002,train,True,3,300.0
002_20200623_123051(1),0,0.5395569620253164,0.4427710843373494,0.03481012658227848,0.03614457831325301,11.0,12.0,132.0,316,332,0.4427710843373494,True,47.0,74.0,80.0,1.4826,55.25,18.75,12.64670174018616,24,-0.5,0.0,True,False,2호기,002,train,True,3,300.0
002_20200623_123051(1),1,0.5427215189873418,0.5090361445783133,0.03481012658227848,0.03614457831325301,11.0,12.0,132.0,316,332,0.4572784810126582,True,63.0,77.0,80.0,1.4826,45.5,31.5,21.246458923512748,4,0.5,0.0,True,False,2호기,002,train,True,3,300.0
002_20200623_123051(1),2,0.5458860759493671,0.588855421686747,0.03481012658227848,0.03313253012048193,11.0,11.0,121.00000000000001,316,332,0.411144578313253,True,47.78759765625,79.0,81.0,1.4826,55.25,23.75,16.019155537569137,3,1.5,-0.5,True,False,2호기,002,train,True,3,300.0
002_20200623_123052(5),0,0.5710227272727273,0.6099397590361446,0.022727272727272728,0.02710843373493976,8.0,9.0,72.0,352,332,0.3900602409638554,True,50.0,105.5,117.0,1.4826,57.5,48.0,32.37555645487657,4,1.0,-0.5,True,False,1호기,002,train,True,3,300.0
002_20200623_123052(5),1,0.5880681818181818,0.7756024096385542,0.022727272727272728,0.02710843373493976,8.0,9.0,72.0,352,332,0.2243975903614458,True,37.0,118.0,121.0,1.4826,86.5,31.5,21.246458923512748,5,2.842170943040401e-14,0.5,True,False,1호기,002,train,True,3,300.0
002_20200623_123052(5),2,0.5823863636363636,0.6807228915662651,0.028409090909090908,0.024096385542168676,10.0,8.0,80.0,352,332,0.3192771084337349,True,54.0,109.0,113.0,2.9652,65.0,44.0,14.838796708485095,4,-1.0,0.0,True,False,1호기,002,train,True,3,300.0
002_20200623_123055(5),0,0.47151898734177217,0.4006024096385542,0.05063291139240506,0.030120481927710843,16.0,10.0,160.0,316,332,0.4006024096385542,True,45.0,73.5,82.0,1.4826,44.75,28.75,19.39160933495211,4,0.0,1.0,True,False,2호기,002,train,True,2,300.0
002_20200623_123055(5),1,0.4873417721518987,0.5677710843373494,0.0379746835443038,0.045180722891566265,12.0,15.0,180.0,316,332,0.43222891566265065,True,44.0,81.0,85.0,2.9652,53.5,27.5,9.274247942803184,4,0.0,1.5000000000000284,True,False,2호기,002,train,True,2,300.0
002_20200623_123100(0),0,0.47468354430379744,0.411144578313253,0.03164556962025317,0.03313253012048193,10.0,11.0,110.0,316,332,0.411144578313253,True,44.937992095947266,70.0,81.0,1.4826,47.0,23.0,15.513287467961689,5,1.0,1.5,True,False,2호기,002,train,True,3,300.0
002_20200623_123100(0),1,0.4778481012658228,0.48493975903614456,0.03164556962025317,0.030120481927710843,10.0,10.0,99.99999999999999,316,332,0.4778481012658228,True,53.9844970703125,74.0,76.0,1.4826,52.25,21.75,14.670174018615945,6,0.0,1.0,True,False,2호기,002,train,True,3,300.0
002_20200623_123100(0),2,0.47468354430379744,0.5843373493975904,0.02531645569620253,0.030120481927710843,8.0,10.0,80.0,316,332,0.4156626506024096,True,42.0,80.0,85.0,1.4826,54.5,25.5,17.19951436665318,15,0.0,-2.842170943040401e-14,True,False,2호기,002,train,True,3,300.0
002_20200623_123104(5),0,0.49683544303797467,0.3930722891566265,0.03164556962025317,0.02710843373493976,10.0,9.0,90.0,316,332,0.3930722891566265,True,45.0,71.0,80.0,1.4826,44.25,26.75,18.042627815998923,4,1.0,-0.5,True,False,2호기,002,train,True,3,300.0
002_20200623_123104(5),1,0.5031645569620253,0.4623493975903614,0.03164556962025317,0.03313253012048193,10.0,11.0,110.0,316,332,0.4623493975903614,True,52.0,71.0,75.0,1.4826,40.75,30.25,20.403345474167004,4,1.0,0.5,True,False,2호기,002,train,True,3,300.0
002_20200623_123104(5),2,0.5142405063291139,0.5632530120481928,0.028481012658227847,0.030120481927710843,9.0,10.0,90.0,316,332,0.4367469879518072,True,42.0,77.5,83.0,1.4826,55.0,22.5,15.176042088223392,5,0.5,-1.0,True,False,2호기,002,train,True,3,300.0
002_20200623_163020(3),0,0.5126582278481012,0.4352409638554217,0.03164556962025317,0.03313253012048193,10.0,11.0,110.0,316,332,0.4352409638554217,True,47.9844970703125,74.0,80.0,2.2239,47.75,26.25,11.803588290840416,4,0.0,-0.5,True,False,2호기,002,train,True,3,300.0
002_20200623_163020(3),1,0.5205696202531646,0.49698795180722893,0.028481012658227847,0.030120481927710843,9.0,10.0,90.0,316,332,0.47943037974683544,True,63.0,77.0,79.0,1.4826,55.5,21.5,14.501551328746796,3,0.5,1.0,True,False,2호기,002,train,True,3,300.0
002_20200623_163020(3),2,0.5348101265822784,0.5753012048192772,0.03164556962025317,0.030120481927710843,10.0,10.0,99.99999999999999,316,332,0.42469879518072284,True,47.78759765625,80.0,82.5,1.4826,61.75,18.25,12.309456360447863,3,0.0,-2.842170943040401e-14,True,False,2호기,002,train,True,3,300.0
002_20200623_163023(3),0,0.4873417721518987,0.411144578313253,0.03164556962025317,0.045180722891566265,10.0,15.0,150.0,316,332,0.411144578313253,True,44.937992095947266,66.0,85.0,1.4826,57.5,8.5,5.73317145555106,29,-4.0,0.5,True,False,2호기,002,train,True,3,300.0
002_20200623_163023(3),1,0.509493670886076,0.4713855421686747,0.0379746835443038,0.045180722891566265,12.0,15.0,180.0,316,332,0.4713855421686747,True,64.71009063720703,76.0,78.0,1.4826,49.25,26.75,18.042627815998923,3,-2.842170943040401e-14,-0.5,True,False,2호기,002,train,True,3,300.0
002_20200623_163023(3),2,0.5348101265822784,0.5421686746987951,0.0379746835443038,0.04216867469879518,12.0,13.999999999999998,168.0,316,332,0.45783132530120485,True,47.534889221191406,80.0,83.0,2.9652,48.75,31.25,10.538918116821801,4,0.0,0.0,True,False,2호기,002,train,True,3,300.0
002_20200623_163026(3),0,0.5158227848101266,0.4036144578313253,0.0379746835443038,0.04216867469879518,12.0,13.999999999999998,168.0,316,332,0.4036144578313253,True,46.0,75.5,80.0,1.4826,49.0,26.5,17.874005126129774,4,0.0,0.0,True,False,2호기,002,test,True,3,300.0
002_20200623_163026(3),1,0.5189873417721519,0.4683734939759036,0.03164556962025317,0.02710843373493976,10.0,9.0,90.0,316,332,0.4683734939759036,True,64.0,76.0,78.0,1.4826,50.0,26.0,17.536759746391475,4,0.0,0.5,True,False,2호기,002,test,True,3,300.0
002_20200623_163026(3),2,0.5300632911392406,0.5481927710843374,0.04746835443037975,0.030120481927710843,15.000000000000002,10.0,150.00000000000003,316,332,0.4518072289156626,True,49.0,78.0,82.0,2.9652,46.5,31.5,10.623229461756374,4,-0.5000000000000284,-2.842170943040401e-14,True,False,2호기,002,test,True,3,300.0
002_20200623_163029(6),0,0.4889240506329114,0.3614457831325301,0.028481012658227847,0.03614457831325301,9.0,12.0,108.0,316,332,0.3614457831325301,True,44.1968994140625,69.5,78.0,1.4826,44.5,25.0,16.86226898691488,4,1.5,0.0,True,False,2호기,002,train,True,3,300.0
002_20200623_163029(6),1,0.49050632911392406,0.4322289156626506,0.0379746835443038,0.02710843373493976,12.0,9.0,108.0,316,332,0.4322289156626506,True,52.9844970703125,70.0,76.0,1.4826,42.75,27.25,18.37987319573722,4,0.0,0.5,True,False,2호기,002,train,True,3,300.0
002_20200623_163029(6),2,0.4920886075949367,0.5316265060240963,0.03481012658227848,0.02710843373493976,11.0,9.0,99.0,316,332,0.46837349397590367,True,44.393798828125,80.0,85.0,1.4826,55.75,24.25,16.356400917307433,13,-0.5,-0.4999999999999716,True,False,2호기,002,train,True,3,300.0
002_20200623_163032(5),0,0.4810126582278481,0.49698795180722893,0.03164556962025317,0.030120481927710843,10.0,10.0,99.99999999999999,316,332,0.4810126582278481,True,47.134891510009766,74.0,81.0,1.4826,54.0,20.0,13.489815189531905,4,0.0,1.0,True,False,2호기,002,train,True,3,300.0
002_20200623_163032(5),1,0.49841772151898733,0.5632530120481928,0.022151898734177215,0.024096385542168676,7.0,8.0,56.00000000000001,316,332,0.4367469879518072,True,52.331790924072266,75.0,77.0,1.4826,50.25,24.75,16.69364629704573,3,0.5,1.0,True,False,2호기,002,train,True,3,300.0
002_20200623_163032(5),2,0.5300632911392406,0.6551204819277109,0.03481012658227848,0.02710843373493976,11.0,9.0,99.0,316,332,0.3448795180722891,True,39.3472900390625,81.5,85.0,1.4826,53.75,27.75,18.717118575475517,4,0.4999999999999716,0.5,True,False,2호기,002,train,True,3,300.0
002_20200623_163035(5),0,0.5031645569620253,0.36596385542168675,0.03164556962025317,0.02710843373493976,10.0,9.0,90.0,316,332,0.36596385542168675,True,44.1968994140625,68.5,80.0,1.4826,47.75,20.75,13.995683259139351,4,-1.0,-0.5,True,False,2호기,002,val,True,3,300.0
002_20200623_163035(5),1,0.5031645569620253,0.4367469879518072,0.03164556962025317,0.024096385542168676,10.0,8.0,80.0,316,332,0.4367469879518072,True,53.1968994140625,71.5,76.0,1.4826,46.5,25.0,16.86226898691488,5,0.0,-1.0,True,False,2호기,002,val,True,3,300.0
002_20200623_163035(5),2,0.504746835443038,0.5301204819277109,0.03481012658227848,0.030120481927710843,11.0,10.0,110.0,316,332,0.4698795180722891,True,45.0,80.0,85.0,2.9652,50.5,29.5,9.94873870227978,11,0.5,1.0,True,False,2호기,002,val,True,3,300.0
002_20200623_163039(5),0,0.5951704545454546,0.44728915662650603,0.019886363636363636,0.03313253012048193,7.0,11.0,77.00000000000001,352,332,0.4048295454545454,True,47.1968994140625,110.5,118.0,1.4826,71.25,39.25,26.47376230945636,4,1.5,-0.5,True,False,1호기,002,train,True,3,300.0
002_20200623_163039(5),1,0.6150568181818182,0.5858433734939759,0.019886363636363636,0.02710843373493976,7.0,9.0,63.0,352,332,0.38494318181818177,True,49.1968994140625,114.0,115.0,1.4826,93.25,20.75,13.995683259139351,4,0.4999999999999716,1.5,True,False,1호기,002,train,True,3,300.0
002_20200623_163039(5),2,0.6065340909090909,0.5120481927710844,0.02556818181818182,0.024096385542168676,9.0,8.0,72.0,352,332,0.39346590909090906,True,64.0,113.5,115.0,1.4826,66.5,47.0,31.701065695399976,4,-0.5,0.0,True,False,1호기,002,train,True,3,300.0
002_20200623_163043(7),0,0.5809659090909091,0.4246987951807229,0.019886363636363636,0.030120481927710843,7.0,10.0,70.0,352,332,0.41903409090909094,True,45.0,110.0,117.5,1.4826,74.75,35.25,23.77579927154998,4,0.5,1.0,True,False,1호기,002,val,True,3,300.0
002_20200623_163043(7),1,0.5894886363636364,0.4924698795180723,0.02556818181818182,0.02710843373493976,9.0,9.0,81.0,352,332,0.41051136363636365,True,63.393798828125,114.0,116.0,1.4826,82.75,31.25,21.077836233643602,4,0.5,0.5,True,False,1호기,002,val,True,3,300.0
002_20200623_163043(7),2,0.5980113636363636,0.5632530120481928,0.02556818181818182,0.030120481927710843,9.0,10.0,90.0,352,332,0.40198863636363635,True,51.5906982421875,114.0,117.0,1.4826,86.25,27.75,18.717118575475517,3,1.5,2.0,True,False,1호기,002,val,True,3,300.0
002_20200623_163047(6),0,0.6036931818181818,0.42771084337349397,0.02556818181818182,0.030120481927710843,9.0,10.0,90.0,352,332,0.39630681818181823,True,45.393798828125,114.0,118.0,1.4826,70.5,43.5,29.34034803723189,4,0.5000000000000284,0.0,True,False,1호기,002,test,True,3,300.0
002_20200623_163047(6),1,0.6122159090909091,0.4894578313253012,0.019886363636363636,0.02710843373493976,7.0,9.0,63.0,352,332,0.38778409090909094,True,64.0,114.0,118.0,2.9652,74.25,39.75,13.40550384459733,4,0.5,1.5,True,False,1호기,002,test,True,3,300.0
002_20200623_163047(6),2,0.6278409090909091,0.5677710843373494,0.017045454545454544,0.02108433734939759,6.0,6.999999999999999,42.0,352,332,0.37215909090909094,True,50.5596923828125,115.0,118.0,2.9652,77.0,38.0,12.815324430055309,4,0.0,0.5000000000000284,True,False,1호기,002,test,True,3,300.0
002_20200623_163051(7),0,0.5255681818181818,0.4066265060240964,0.022727272727272728,0.024096385542168676,8.0,8.0,64.0,352,332,0.4066265060240964,True,43.7410888671875,107.0,118.0,1.4826,69.0,38.0,25.630648860110618,4,2.842170943040401e-14,0.0,True,False,1호기,002,val,True,3,300.0
002_20200623_163051(7),1,0.5454545454545454,0.46987951807228917,0.017045454545454544,0.030120481927710843,6.0,10.0,60.0,352,332,0.4545454545454546,True,52.331790924072266,105.5,114.0,2.9652,70.0,35.5,11.972210980709566,4,1.0,0.0,True,False,1호기,002,val,True,3,300.0
002_20200623_163051(7),2,0.578125,0.5587349397590361,0.019886363636363636,0.02710843373493976,7.0,9.0,63.0,352,332,0.421875,True,40.944190979003906,117.0,122.0,1.4826,85.5,31.5,21.246458923512748,3,1.5,-1.4999999999999716,True,False,1호기,002,val,True,3,300.0
002_20200623_163055(6),0,0.5809659090909091,0.44879518072289154,0.019886363636363636,0.030120481927710843,7.0,10.0,70.0,352,332,0.41903409090909094,True,48.0,105.0,117.0,1.4826,61.0,44.0,29.67759341697019,4,1.5,0.0,True,False,1호기,002,train,True,3,300.0
002_20200623_163055(6),1,0.5795454545454546,0.5240963855421686,0.022727272727272728,0.024096385542168676,8.0,8.0,64.0,352,332,0.4204545454545454,True,52.5906982421875,111.0,114.0,1.4826,72.0,39.0,26.305139619587212,4,2.0,-1.0,True,False,1호기,002,train,True,3,300.0
002_20200623_163055(6),2,0.5795454545454546,0.6174698795180723,0.017045454545454544,0.024096385542168676,6.0,8.0,48.00000000000001,352,332,0.3825301204819277,True,40.1968994140625,115.0,118.0,2.2239,68.5,46.5,20.90921354377445,4,2.0,0.0,True,False,1호기,002,train,True,3,300.0
002_20200623_163059(6),0,0.5568181818181818,0.47289156626506024,0.022727272727272728,0.024096385542168676,8.0,8.0,64.0,352,332,0.44318181818181823,True,48.331790924072266,108.0,120.0,1.4826,73.25,34.75,23.438553891811683,4,-1.9999999999999716,0.0,True,False,1호기,002,train,True,3,300.0
002_20200623_163059(6),1,0.5653409090909091,0.5421686746987951,0.022727272727272728,0.03614457831325301,8.0,12.0,96.0,352,332,0.43465909090909094,True,52.9844970703125,110.5,114.0,1.4826,79.0,31.5,21.246458923512748,4,1.0,0.0,True,False,1호기,002,train,True,3,300.0
002_20200623_163059(6),2,0.5880681818181818,0.6355421686746988,0.028409090909090908,0.024096385542168676,10.0,8.0,80.0,352,332,0.3644578313253012,True,39.3472900390625,114.0,118.0,1.4826,78.0,36.0,24.281667341157426,4,2.842170943040401e-14,-1.0,True,False,1호기,002,train,True,3,300.0
002_20200623_203033(6),0,0.47943037974683544,0.4563253012048193,0.04113924050632911,0.045180722891566265,13.0,15.0,195.0,316,332,0.4563253012048193,True,48.0,71.0,81.0,1.4826,48.0,23.0,15.513287467961689,4,-0.5,-1.5,True,False,2호기,002,train,True,3,300.0
002_20200623_203033(6),1,0.4825949367088608,0.5225903614457831,0.03481012658227848,0.0391566265060241,11.0,13.0,143.0,316,332,0.4774096385542169,True,52.0,74.0,78.0,1.4826,50.75,23.25,15.681910157830838,4,0.5,0.5000000000000284,True,False,2호기,002,train,True,3,300.0
002_20200623_203033(6),2,0.49683544303797467,0.6204819277108434,0.04430379746835443,0.03614457831325301,14.0,12.0,168.0,316,332,0.37951807228915657,True,40.0,82.0,86.0,1.4826,48.5,33.5,22.59544044246594,4,-1.0,-2.842170943040401e-14,True,False,2호기,002,train,True,3,300.0
002_20200623_203038(0),0,0.4825949367088608,0.45481927710843373,0.03481012658227848,0.030120481927710843,11.0,10.0,110.0,316,332,0.45481927710843373,True,48.0,70.0,81.0,1.4826,47.75,22.25,15.007419398354243,4,0.5,-1.0,True,False,2호기,002,train,True,3,300.0
002_20200623_203038(0),1,0.4889240506329114,0.5256024096385542,0.03481012658227848,0.03313253012048193,11.0,11.0,121.00000000000001,316,332,0.4743975903614458,True,52.0,76.5,78.0,1.4826,44.75,31.75,21.415081613381897,4,0.5,-0.5,True,False,2호기,002,train,True,3,300.0
002_20200623_203038(0),2,0.49841772151898733,0.6204819277108434,0.03481012658227848,0.03614457831325301,11.0,12.0,132.0,316,332,0.37951807228915657,True,40.9844970703125,83.0,86.0,1.4826,55.25,27.75,18.717118575475517,12,0.5,-2.842170943040401e-14,True,False,2호기,002,train,True,3,300.0
002_20200623_203040(4),0,0.5568181818181818,0.5512048192771084,0.022727272727272728,0.030120481927710843,8.0,10.0,80.0,352,332,0.44318181818181823,True,48.0,110.0,121.0,1.4826,63.75,46.25,31.195197625792527,4,2.0000000000000284,0.0,True,False,1호기,002,train,True,3,300.0
002_20200623_203040(4),1,0.5752840909090909,0.6219879518072289,0.02556818181818182,0.015060240963855422,9.0,5.0,45.0,352,332,0.3780120481927711,True,53.5906982421875,109.5,113.0,1.4826,65.0,44.5,30.014838796708485,4,-0.5,-0.5,True,False,1호기,002,train,True,3,300.0
002_20200623_203040(4),2,0.5894886363636364,0.7153614457831325,0.019886363636363636,0.02710843373493976,7.0,9.0,63.0,352,332,0.28463855421686746,True,38.7720947265625,117.0,122.0,1.4826,81.0,36.0,24.281667341157426,4,0.5,-0.5,True,False,1호기,002,train,True,3,300.0
002_20200623_203042(5),0,0.495253164556962,0.4563253012048193,0.028481012658227847,0.03313253012048193,9.0,11.0,99.00000000000001,316,332,0.4563253012048193,True,48.0,70.5,82.0,1.4826,44.75,25.75,17.368137056522325,4,0.5,-1.5,True,False,2호기,002,train,True,3,300.0
002_20200623_203042(5),1,0.5,0.5210843373493976,0.03164556962025317,0.030120481927710843,10.0,10.0,99.99999999999999,316,332,0.47891566265060237,True,52.0,75.0,79.0,1.4826,49.75,25.25,17.03089167678403,4,1.0,1.0,True,False,2호기,002,train,True,3,300.0
002_20200623_203042(5),2,0.5126582278481012,0.6234939759036144,0.02531645569620253,0.04216867469879518,8.0,13.999999999999998,111.99999999999999,316,332,0.37650602409638556,True,39.0,82.0,87.0,1.4826,50.75,31.25,21.077836233643602,4,0.0,-1.0,True,False,2호기,002,train,True,3,300.0
002_20200623_203044(0),0,0.5511363636363636,0.44728915662650603,0.022727272727272728,0.02710843373493976,8.0,9.0,72.0,352,332,0.44728915662650603,True,46.0,107.0,120.0,2.9652,69.0,38.0,12.815324430055309,3,1.0,0.5,True,False,1호기,002,train,True,3,300.0
002_20200623_203044(0),1,0.5553977272727273,0.5180722891566265,0.02556818181818182,0.030120481927710843,9.0,10.0,90.0,352,332,0.4446022727272727,True,52.0,111.0,114.0,1.4826,61.75,49.25,33.21866990422232,4,1.5,0.0,True,False,1호기,002,train,True,3,300.0
002_20200623_203044(0),2,0.5610795454545454,0.6129518072289156,0.02556818181818182,0.03313253012048193,9.0,11.0,99.00000000000001,352,332,0.3870481927710844,True,42.0,114.0,118.0,1.4826,80.75,33.25,22.42681775259679,3,2.5,0.5,True,False,1호기,002,train,True,3,300.0
002_20200623_203047(0),0,0.48417721518987344,0.4578313253012048,0.04430379746835443,0.04216867469879518,14.0,13.999999999999998,196.0,316,332,0.4578313253012048,True,49.0,71.0,81.0,1.4826,42.75,28.25,19.054363955213816,4,0.0,-2.0,True,False,2호기,002,train,True,3,300.0
002_20200623_203047(0),1,0.49050632911392406,0.5240963855421686,0.03164556962025317,0.030120481927710843,10.0,10.0,99.99999999999999,316,332,0.47590361445783136,True,53.0,76.0,78.0,1.4826,47.25,28.75,19.39160933495211,4,0.0,0.0,True,False,2호기,002,train,True,3,300.0
002_20200623_203047(0),2,0.5015822784810127,0.6204819277108434,0.03481012658227848,0.030120481927710843,11.0,10.0,110.0,316,332,0.37951807228915657,True,40.0,82.0,87.0,2.2239,46.0,36.0,16.187778227438283,4,-0.5,-2.842170943040401e-14,True,False,2호기,002,train,True,3,300.0
002_20200623_203047(7),0,0.5355113636363636,0.45331325301204817,0.02556818181818182,0.03313253012048193,9.0,11.0,99.00000000000001,352,332,0.45331325301204817,True,45.7410888671875,110.0,121.0,1.4826,68.75,41.25,27.822743828409553,5,0.5,0.5,True,False,1호기,002,train,True,3,300.0
002_20200623_203047(7),1,0.5525568181818182,0.5195783132530121,0.02556818181818182,0.03313253012048193,9.0,11.0,99.00000000000001,352,332,0.44744318181818177,True,54.0,111.5,114.0,1.4826,69.25,42.25,28.497234587886147,4,-0.5000000000000284,0.5,True,False,1호기,002,train,True,3,300.0
002_20200623_203047(7),2,0.5738636363636364,0.6114457831325302,0.022727272727272728,0.03614457831325301,8.0,12.0,96.0,352,332,0.3885542168674698,True,41.3472900390625,114.5,119.0,2.9652,65.5,49.0,16.525023607176582,4,0.0,0.9999999999999716,True,False,1호기,002,train,True,3,300.0
002_20200623_203050(0),0,0.48575949367088606,0.4066265060240964,0.04113924050632911,0.030120481927710843,13.0,10.0,130.0,316,332,0.4066265060240964,True,45.0,74.0,82.0,1.4826,44.25,29.75,20.06610009442871,4,0.5,1.0,True,False,2호기,002,train,True,3,300.0
002_20200623_203050(0),1,0.495253164556962,0.4789156626506024,0.028481012658227847,0.030120481927710843,9.0,10.0,90.0,316,332,0.4789156626506024,True,53.0,71.0,77.0,1.4826,44.75,26.25,17.705382436260624,3,-0.5,0.0,True,False,2호기,002,train,True,3,300.0
002_20200623_203050(0),2,0.5079113924050633,0.5737951807228916,0.028481012658227847,0.03313253012048193,9.0,11.0,99.00000000000001,316,332,0.4262048192771084,True,43.0,80.5,85.0,1.4826,57.25,23.25,15.681910157830838,17,-0.5,0.5,True,False,2호기,002,train,True,3,300.0
002_20200623_203051(2),0,0.5610795454545454,0.4141566265060241,0.03125,0.02710843373493976,11.0,9.0,99.0,352,332,0.4141566265060241,True,45.0,108.0,120.0,1.4826,64.0,44.0,29.67759341697019,4,-0.5,-0.5,True,False,1호기,002,train,True,3,300.0
002_20200623_203051(2),1,0.5696022727272727,0.48042168674698793,0.02556818181818182,0.0391566265060241,9.0,13.0,117.0,352,332,0.4303977272727273,True,53.1968994140625,110.0,114.0,2.9652,61.0,49.0,16.525023607176582,4,-0.5,0.5,True,False,1호기,002,train,True,3,300.0
002_20200623_203051(2),2,0.5795454545454546,0.5783132530120482,0.022727272727272728,0.030120481927710843,8.0,10.0,80.0,352,332,0.4204545454545454,True,42.1968994140625,115.0,121.0,1.4826,69.0,46.0,31.026574935923378,4,1.0,0.0,True,False,1호기,002,train,True,3,300.0
002_20200623_203054(6),0,0.4825949367088608,0.45180722891566266,0.028481012658227847,0.03614457831325301,9.0,12.0,108.0,316,332,0.45180722891566266,True,47.93798828125,71.0,81.0,1.4826,46.75,24.25,16.356400917307433,4,0.5,0.0,True,False,2호기,002,train,True,3,300.0
002_20200623_203054(6),1,0.4873417721518987,0.5210843373493976,0.02531645569620253,0.030120481927710843,8.0,10.0,80.0,316,332,0.47891566265060237,True,52.0,76.0,79.0,1.4826,52.25,23.75,16.019155537569137,5,1.0,0.0,True,False,2호기,002,train,True,3,300.0
002_20200623_203054(6),2,0.5015822784810127,0.6204819277108434,0.03481012658227848,0.03614457831325301,11.0,12.0,132.0,316,332,0.37951807228915657,True,40.0,83.0,88.0,1.4826,56.0,27.0,18.21125050586807,4,-0.5,-2.842170943040401e-14,True,False,2호기,002,train,True,3,300.0
002_20200623_203054(7),0,0.5269886363636364,0.44728915662650603,0.02556818181818182,0.03313253012048193,9.0,11.0,99.00000000000001,352,332,0.44728915662650603,True,44.54109191894531,108.0,121.0,1.4826,66.5,41.5,27.991366518278703,4,1.5,0.5,True,False,1호기,002,train,True,3,300.0
002_20200623_203054(7),1,0.5482954545454546,0.5105421686746988,0.022727272727272728,0.03313253012048193,8.0,11.0,88.0,352,332,0.4517045454545454,True,54.1348876953125,111.5,114.0,1.4826,79.75,31.75,21.415081613381897,3,1.0,1.5,True,False,1호기,002,train,True,3,300.0
002_20200623_203054(7),2,0.5752840909090909,0.6054216867469879,0.02556818181818182,0.04216867469879518,9.0,13.999999999999998,125.99999999999999,352,332,0.39457831325301207,True,40.14729309082031,114.0,119.0,2.9652,68.75,45.25,15.260353433157967,4,0.5,0.0,True,False,1호기,002,train,True,3,300.0
002_20200623_203058(3),0,0.5667613636363636,0.45180722891566266,0.02556818181818182,0.030120481927710843,9.0,10.0,90.0,352,332,0.43323863636363635,True,46.5751953125,109.5,121.0,1.4826,74.0,35.5,23.94442196141913,4,0.5,0.0,True,False,1호기,002,train,True,3,300.0
002_20200623_203058(3),1,0.5795454545454546,0.5180722891566265,0.03409090909090909,0.030120481927710843,12.0,10.0,120.0,352,332,0.4204545454545454,True,52.78759765625,110.0,114.0,1.4826,74.0,36.0,24.281667341157426,5,1.0,1.0,True,False,1호기,002,train,True,3,300.0
002_20200623_203058(3),2,0.6051136363636364,0.6144578313253012,0.022727272727272728,0.03614457831325301,8.0,12.0,96.0,352,332,0.3855421686746988,True,39.544193267822266,114.0,118.0,2.9652,70.0,44.0,14.838796708485095,4,-1.0,0.0,True,False,1호기,002,train,True,3,300.0
002_20200624_003107(0),0,0.5639204545454546,0.4894578313253012,0.019886363636363636,0.02710843373493976,7.0,9.0,63.0,352,332,0.4360795454545454,True,48.0,111.0,123.0,1.4826,74.25,36.75,24.787535410764875,4,0.5,0.5,True,False,1호기,002,train,True,3,300.0
002_20200624_003107(0),1,0.5653409090909091,0.5617469879518072,0.017045454545454544,0.02710843373493976,6.0,9.0,54.0,352,332,0.43465909090909094,True,52.78759765625,111.0,114.0,1.4826,74.75,36.25,24.450290031026576,3,1.0,0.5,True,False,1호기,002,train,True,3,300.0
002_20200624_003107(0),2,0.5681818181818182,0.6551204819277109,0.022727272727272728,0.02710843373493976,8.0,9.0,72.0,352,332,0.3448795180722891,True,41.0,117.5,122.0,1.4826,76.5,41.0,27.654121138540404,4,0.9999999999999716,1.5,True,False,1호기,002,train,True,3,300.0
002_20200624_003111(0),0,0.5823863636363636,0.411144578313253,0.028409090909090908,0.02710843373493976,10.0,9.0,90.0,352,332,0.411144578313253,True,45.5906982421875,108.0,120.0,1.4826,71.25,36.75,24.787535410764875,3,1.0,0.5,True,False,1호기,002,train,True,3,300.0
002_20200624_003111(0),1,0.5838068181818182,0.48493975903614456,0.019886363636363636,0.030120481927710843,7.0,10.0,70.0,352,332,0.41619318181818177,True,53.0,109.0,115.0,1.4826,81.5,27.5,18.548495885606368,5,-0.5000000000000284,0.0,True,False,1호기,002,train,True,3,300.0
002_20200624_003111(0),2,0.5838068181818182,0.5828313253012049,0.02556818181818182,0.02710843373493976,9.0,9.0,81.0,352,332,0.41619318181818177,True,42.0,115.0,121.0,1.4826,78.0,37.0,24.956158100634024,4,0.4999999999999716,-0.5,True,False,1호기,002,train,True,3,300.0
002_20200624_003115(1),0,0.5639204545454546,0.34186746987951805,0.02556818181818182,0.02710843373493976,9.0,9.0,81.0,352,332,0.34186746987951805,True,42.0,107.0,118.0,1.4826,73.0,34.0,22.93268582220424,3,0.5,0.5000000000000142,True,False,1호기,002,train,True,3,300.0
002_20200624_003115(1),1,0.5710227272727273,0.4126506024096386,0.022727272727272728,0.030120481927710843,8.0,10.0,80.0,352,332,0.4126506024096386,True,53.0,111.0,114.0,1.4826,71.25,39.75,26.81100768919466,4,1.0,0.0,True,False,1호기,002,train,True,3,300.0
002_20200624_003115(1),2,0.578125,0.5075301204819277,0.019886363636363636,0.02710843373493976,7.0,9.0,63.0,352,332,0.421875,True,47.0,120.0,124.0,1.4826,81.0,39.0,26.305139619587212,4,1.5,0.5,True,False,1호기,002,train,True,3,300.0
002_20200624_003115(6),0,0.5031645569620253,0.44879518072289154,0.0379746835443038,0.030120481927710843,12.0,10.0,120.0,316,332,0.44879518072289154,True,47.5906982421875,73.5,81.5,1.4826,41.0,32.5,21.920949682989345,4,0.0,0.0,True,False,2호기,002,train,True,3,300.0
002_20200624_003115(6),1,0.509493670886076,0.5240963855421686,0.0379746835443038,0.030120481927710843,12.0,10.0,120.0,316,332,0.47590361445783136,True,53.0,77.0,79.0,1.4826,51.75,25.25,17.03089167678403,4,-2.842170943040401e-14,-1.0,True,False,2호기,002,train,True,3,300.0
002_20200624_003115(6),2,0.5142405063291139,0.6174698795180723,0.03481012658227848,0.03614457831325301,11.0,12.0,132.0,316,332,0.3825301204819277,True,41.0,83.0,87.0,1.4826,55.5,27.5,18.548495885606368,5,0.5,0.0,True,False,2호기,002,train,True,3,300.0
002_20200624_003118(6),0,0.4762658227848101,0.4352409638554217,0.03481012658227848,0.02710843373493976,11.0,9.0,99.0,316,332,0.4352409638554217,True,45.393798828125,71.0,81.0,1.4826,45.5,25.5,17.19951436665318,4,0.5,1.5,True,False,2호기,002,val,True,3,300.0
002_20200624_003118(6),1,0.48417721518987344,0.5090361445783133,0.04430379746835443,0.030120481927710843,14.0,10.0,140.0,316,332,0.48417721518987344,True,54.0,75.0,78.0,1.4826,44.5,30.5,20.571968164036154,4,-1.0,0.0,True,False,2호기,002,val,True,3,300.0
002_20200624_003118(6),2,0.4873417721518987,0.608433734939759,0.0379746835443038,0.03614457831325301,12.0,12.0,143.99999999999997,316,332,0.39156626506024095,True,41.0,83.5,87.0,1.4826,54.5,29.0,19.56023202482126,5,0.0,0.0,True,False,2호기,002,val,True,3,300.0
002_20200624_003119(1),0,0.5909090909090909,0.3810240963855422,0.028409090909090908,0.02710843373493976,10.0,9.0,90.0,352,332,0.3810240963855422,True,44.937992095947266,107.0,118.0,1.4826,70.75,36.25,24.450290031026576,3,0.0,-0.5,True,False,1호기,002,train,True,3,300.0
002_20200624_003119(1),1,0.5866477272727273,0.44879518072289154,0.019886363636363636,0.024096385542168676,7.0,8.0,56.00000000000001,352,332,0.4133522727272727,True,53.150390625,113.0,114.0,1.4826,82.75,30.25,20.403345474167004,12,0.5,1.0,True,False,1호기,002,train,True,3,300.0
002_20200624_003119(1),2,0.5795454545454546,0.5466867469879518,0.022727272727272728,0.02108433734939759,8.0,6.999999999999999,55.99999999999999,352,332,0.4204545454545454,True,44.3472900390625,116.5,122.0,1.4826,72.5,44.0,29.67759341697019,4,1.0,0.5,True,False,1호기,002,train,True,3,300.0
002_20200624_003123(0),0,0.49050632911392406,0.44879518072289154,0.0379746835443038,0.030120481927710843,12.0,10.0,120.0,316,332,0.44879518072289154,True,47.93798828125,73.0,81.0,1.4826,44.0,29.0,19.56023202482126,4,1.0,0.0,True,False,2호기,002,train,True,3,300.0
002_20200624_003123(0),1,0.495253164556962,0.5210843373493976,0.03481012658227848,0.03614457831325301,11.0,12.0,132.0,316,332,0.47891566265060237,True,51.0,74.0,79.0,1.4826,51.25,22.75,15.344664778092541,4,0.5,0.0,True,False,2호기,002,train,True,3,300.0
002_20200624_003123(0),2,0.5031645569620253,0.6174698795180723,0.04430379746835443,0.030120481927710843,14.0,10.0,140.0,316,332,0.3825301204819277,True,41.0,83.0,88.0,1.4826,51.25,31.75,21.415081613381897,4,1.0,0.0,True,False,2호기,002,train,True,3,300.0
002_20200624_003123(1),0,0.5667613636363636,0.37349397590361444,0.019886363636363636,0.024096385542168676,7.0,8.0,56.00000000000001,352,332,0.37349397590361444,True,44.3472900390625,107.5,118.0,1.4826,68.5,39.0,26.305139619587212,4,0.5,1.0,True,False,1호기,002,test,True,3,300.0
002_20200624_003123(1),1,0.5639204545454546,0.4503012048192771,0.03125,0.02108433734939759,11.0,6.999999999999999,77.0,352,332,0.4360795454545454,True,53.181396484375,111.0,114.0,1.4826,74.0,37.0,24.956158100634024,3,0.5,-0.5,True,False,1호기,002,test,True,3,300.0
002_20200624_003123(1),2,0.5610795454545454,0.5436746987951807,0.02556818181818182,0.02710843373493976,9.0,9.0,81.0,352,332,0.4389204545454546,True,44.393798828125,117.0,122.0,1.4826,69.75,47.25,31.869688385269125,4,0.5,0.5,True,False,1호기,002,test,True,3,300.0
002_20200624_003127(0),0,0.5880681818181818,0.37801204819277107,0.022727272727272728,0.03313253012048193,8.0,11.0,88.0,352,332,0.37801204819277107,True,45.0,107.5,118.0,1.4826,64.5,43.0,29.003102657493592,4,2.842170943040401e-14,-0.5,True,False,1호기,002,train,True,3,300.0
002_20200624_003127(0),1,0.5909090909090909,0.44879518072289154,0.028409090909090908,0.03614457831325301,10.0,12.0,120.0,352,332,0.40909090909090906,True,53.9844970703125,110.0,114.0,1.4826,65.75,44.25,29.84621610683934,4,0.0,0.0,True,False,1호기,002,train,True,3,300.0
002_20200624_003127(0),2,0.5923295454545454,0.5451807228915663,0.02556818181818182,0.024096385542168676,9.0,8.0,72.0,352,332,0.4076704545454546,True,43.78759765625,116.0,121.0,1.4826,71.0,45.0,30.352084176446784,4,0.5,0.0,True,False,1호기,002,train,True,3,300.0
002_20200624_003127(5),0,0.4873417721518987,0.45180722891566266,0.03164556962025317,0.03614457831325301,10.0,12.0,120.0,316,332,0.45180722891566266,True,47.134891510009766,74.0,81.0,1.4826,36.25,37.75,25.46202617024147,4,2.0,-1.0,True,False,2호기,002,val,True,3,300.0
002_20200624_003127(5),1,0.5015822784810127,0.5180722891566265,0.04113924050632911,0.03614457831325301,13.0,12.0,156.0,316,332,0.4819277108433735,True,53.0,76.0,79.0,1.4826,50.5,25.5,17.19951436665318,4,-0.5,0.0,True,False,2호기,002,val,True,3,300.0
002_20200624_003127(5),2,0.504746835443038,0.6144578313253012,0.028481012658227847,0.03614457831325301,9.0,12.0,108.0,316,332,0.3855421686746988,True,42.0,82.0,88.0,1.4826,60.25,21.75,14.670174018615945,21,0.5,1.0,True,False,2호기,002,val,True,3,300.0
002_20200624_003132(0),0,0.4699367088607595,0.44879518072289154,0.03481012658227848,0.03614457831325301,11.0,12.0,132.0,316,332,0.44879518072289154,True,46.73799133300781,71.0,81.0,1.4826,39.75,31.25,21.077836233643602,4,1.5,0.0,True,False,2호기,002,train,True,3,300.0
002_20200624_003132(0),1,0.47943037974683544,0.5271084337349398,0.04113924050632911,0.04216867469879518,13.0,13.999999999999998,181.99999999999997,316,332,0.47289156626506024,True,52.0,76.0,80.0,1.4826,52.0,24.0,16.187778227438287,4,0.5,-2.0,True,False,2호기,002,train,True,3,300.0
002_20200624_003132(0),2,0.4889240506329114,0.6204819277108434,0.04113924050632911,0.03614457831325301,13.0,12.0,156.0,316,332,0.37951807228915657,True,40.0,83.0,87.0,1.4826,51.75,31.25,21.077836233643602,4,0.5,-1.0000000000000284,True,False,2호기,002,train,True,3,300.0
002_20200624_003136(5),0,0.46835443037974683,0.4503012048192771,0.04430379746835443,0.045180722891566265,14.0,15.0,210.0,316,332,0.4503012048192771,True,48.0,74.0,81.0,1.4826,40.25,33.75,22.76406313233509,4,0.0,-0.5,True,False,2호기,002,train,True,3,300.0
002_20200624_003136(5),1,0.4762658227848101,0.5195783132530121,0.04113924050632911,0.045180722891566265,13.0,15.0,195.0,316,332,0.4762658227848101,True,53.0,76.5,79.0,2.9652,46.0,30.5,10.285984082018077,4,-0.5,-0.5,True,False,2호기,002,train,True,3,300.0
002_20200624_003136(5),2,0.4825949367088608,0.6189759036144579,0.028481012658227847,0.045180722891566265,9.0,15.0,135.0,316,332,0.38102409638554213,True,40.393798828125,82.5,87.0,1.4826,55.0,27.5,18.548495885606368,5,0.5,-0.5,True,False,2호기,002,train,True,3,300.0
002_20200624_043128(1),0,0.546875,0.47289156626506024,0.02556818181818182,0.024096385542168676,9.0,8.0,72.0,352,332,0.453125,True,49.1348876953125,109.0,120.0,1.4826,59.5,49.5,33.38729259409146,4,-0.5,-1.0,True,False,1호기,002,train,True,3,300.0
002_20200624_043128(1),1,0.5582386363636364,0.5391566265060241,0.019886363636363636,0.024096385542168676,7.0,8.0,56.00000000000001,352,332,0.44176136363636365,True,52.0,110.0,114.0,1.4826,63.0,47.0,31.701065695399976,4,0.5,0.0,True,False,1호기,002,train,True,3,300.0
002_20200624_043128(1),2,0.5809659090909091,0.6310240963855421,0.03125,0.02710843373493976,11.0,9.0,99.0,352,332,0.36897590361445787,True,40.944190979003906,115.0,119.0,1.4826,74.0,41.0,27.654121138540404,4,0.5,0.5,True,False,1호기,002,train,True,3,300.0
002_20200624_043132(2),0,0.5795454545454546,0.35843373493975905,0.022727272727272728,0.03614457831325301,8.0,12.0,96.0,352,332,0.35843373493975905,True,43.5906982421875,108.0,118.0,1.4826,63.25,44.75,30.183461486577635,4,1.0,0.0,True,False,1호기,002,train,True,3,300.0
002_20200624_043132(2),1,0.5823863636363636,0.4307228915662651,0.022727272727272728,0.030120481927710843,8.0,10.0,80.0,352,332,0.41761363636363635,True,52.1968994140625,111.0,114.0,1.4826,79.25,31.75,21.415081613381897,4,1.0,0.0,True,False,1호기,002,train,True,3,300.0
002_20200624_043132(2),2,0.5852272727272727,0.5286144578313253,0.017045454545454544,0.02710843373493976,6.0,9.0,54.0,352,332,0.4147727272727273,True,45.0,117.5,122.0,1.4826,82.75,34.75,23.438553891811683,4,1.0,-0.5,True,False,1호기,002,train,True,3,300.0
002_20200624_043136(1),0,0.5667613636363636,0.4397590361445783,0.019886363636363636,0.03614457831325301,7.0,12.0,84.0,352,332,0.43323863636363635,True,47.0,107.0,119.0,2.9652,61.75,45.25,15.260353433157967,4,0.5,0.0,True,False,1호기,002,train,True,3,300.0
002_20200624_043136(1),1,0.5710227272727273,0.5105421686746988,0.017045454545454544,0.03313253012048193,6.0,11.0,66.00000000000001,352,332,0.4289772727272727,True,52.0,110.0,114.0,1.4826,76.25,33.75,22.76406313233509,3,1.0,0.5,True,False,1호기,002,train,True,3,300.0
002_20200624_043136(1),2,0.5852272727272727,0.6069277108433735,0.022727272727272728,0.02710843373493976,8.0,9.0,72.0,352,332,0.3930722891566265,True,42.5906982421875,115.0,120.0,1.4826,75.25,39.75,26.81100768919466,4,0.0,0.5,True,False,1호기,002,train,True,3,300.0
002_20200624_043136(9),0,0.4889240506329114,0.4503012048192771,0.03481012658227848,0.03313253012048193,11.0,11.0,121.00000000000001,316,332,0.4503012048192771,True,47.0,72.5,82.0,1.4826,39.0,33.5,22.59544044246594,4,0.5,-0.5,True,False,2호기,002,train,True,3,300.0
002_20200624_043136(9),1,0.495253164556962,0.5195783132530121,0.03481012658227848,0.02710843373493976,11.0,9.0,99.0,316,332,0.48042168674698793,True,52.0,76.0,79.0,1.4826,43.75,32.25,21.752326993120196,4,0.5,0.5,True,False,2호기,002,train,True,3,300.0
002_20200624_043136(9),2,0.504746835443038,0.6159638554216867,0.04113924050632911,0.0391566265060241,13.0,13.0,169.0,316,332,0.38403614457831325,True,42.0,82.5,87.0,1.4826,51.0,31.5,21.246458923512748,4,0.5,0.5,True,False,2호기,002,train,True,3,300.0
002_20200624_043140(2),0,0.5511363636363636,0.4954819277108434,0.028409090909090908,0.03313253012048193,10.0,11.0,110.0,352,332,0.44886363636363635,True,47.534889221191406,111.0,121.0,1.4826,65.5,45.5,30.689329556185083,4,2.0,0.5,True,False,1호기,002,train,True,3,300.0
002_20200624_043140(2),1,0.5639204545454546,0.5662650602409639,0.02556818181818182,0.03614457831325301,9.0,12.0,108.0,352,332,0.4337349397590361,True,52.0,109.0,113.0,1.4826,71.75,37.25,25.12478079050317,4,1.5,-2.842170943040401e-14,True,False,1호기,002,train,True,3,300.0
002_20200624_043140(2),2,0.5809659090909091,0.6596385542168675,0.02556818181818182,0.03614457831325301,9.0,12.0,108.0,352,332,0.34036144578313254,True,40.78759765625,114.0,119.0,1.4826,81.0,33.0,22.25819506272764,4,0.5,1.0,True,False,1호기,002,train,True,3,300.0
002_20200624_043141(4),0,0.495253164556962,0.4457831325301205,0.03481012658227848,0.04216867469879518,11.0,13.999999999999998,154.0,316,332,0.4457831325301205,True,47.0,71.0,82.0,1.4826,49.0,22.0,14.838796708485095,3,-0.5,0.0,True,False,2호기,002,train,True,3,300.0
002_20200624_043141(4),1,0.5015822784810127,0.5210843373493976,0.03481012658227848,0.04216867469879518,11.0,13.999999999999998,154.0,316,332,0.47891566265060237,True,52.0,75.0,79.0,1.4826,43.5,31.5,21.246458923512748,4,-0.5,-1.0,True,False,2호기,002,train,True,3,300.0
002_20200624_043141(4),2,0.504746835443038,0.6174698795180723,0.028481012658227847,0.04216867469879518,9.0,13.999999999999998,125.99999999999999,316,332,0.3825301204819277,True,41.0,83.0,87.0,1.4826,47.75,35.25,23.77579927154998,4,1.5,-1.0,True,False,2호기,002,train,True,3,300.0
002_20200624_043144(2),0,0.5823863636363636,0.4608433734939759,0.028409090909090908,0.024096385542168676,10.0,8.0,80.0,352,332,0.41761363636363635,True,46.73799133300781,109.5,120.0,1.4826,67.5,42.0,28.328611898016998,4,1.0,0.0,True,False,1호기,002,train,True,3,300.0
002_20200624_043144(2),1,0.5752840909090909,0.5286144578313253,0.02556818181818182,0.03313253012048193,9.0,11.0,99.00000000000001,352,332,0.42471590909090906,True,53.725589752197266,108.0,114.0,2.2239,65.5,42.5,19.11057151850353,4,-0.5,0.5,True,False,1호기,002,train,True,3,300.0
002_20200624_043144(2),2,0.5596590909090909,0.625,0.022727272727272728,0.0391566265060241,8.0,13.0,104.0,352,332,0.375,True,41.544189453125,114.0,118.0,1.4826,67.75,46.25,31.195197625792527,4,1.0,0.5,True,False,1호기,002,train,True,3,300.0
002_20200624_043145(8),0,0.5015822784810127,0.44728915662650603,0.03481012658227848,0.03313253012048193,11.0,11.0,121.00000000000001,316,332,0.44728915662650603,True,46.0,74.0,81.0,1.4826,43.5,30.5,20.571968164036154,4,1.5,0.5,True,False,2호기,002,train,True,3,300.0
002_20200624_043145(8),1,0.509493670886076,0.5225903614457831,0.0379746835443038,0.02710843373493976,12.0,9.0,108.0,316,332,0.4774096385542169,True,52.0,73.0,78.0,1.4826,53.75,19.25,12.983947119924458,2,-2.842170943040401e-14,-0.4999999999999716,True,False,2호기,002,train,True,3,300.0
002_20200624_043145(8),2,0.5205696202531646,0.6159638554216867,0.028481012658227847,0.03313253012048193,9.0,11.0,99.00000000000001,316,332,0.38403614457831325,True,42.0,83.0,86.0,1.4826,54.0,29.0,19.56023202482126,12,0.5,0.5,True,False,2호기,002,train,True,3,300.0
002_20200624_043148(1),0,0.5738636363636364,0.3810240963855422,0.022727272727272728,0.03313253012048193,8.0,11.0,88.0,352,332,0.3810240963855422,True,43.393798828125,108.0,118.0,1.4826,71.5,36.5,24.618912720895725,4,1.0,0.5,True,False,1호기,002,train,True,3,300.0
002_20200624_043148(1),1,0.5724431818181818,0.45331325301204817,0.019886363636363636,0.02710843373493976,7.0,9.0,63.0,352,332,0.42755681818181823,True,52.0,109.5,113.0,1.4826,76.0,33.5,22.59544044246594,5,0.5000000000000284,1.5,True,False,1호기,002,train,True,3,300.0
002_20200624_043148(1),2,0.578125,0.5496987951807228,0.02556818181818182,0.02108433734939759,9.0,6.999999999999999,62.99999999999999,352,332,0.421875,True,46.0,115.0,121.0,1.4826,72.0,43.0,29.003102657493592,4,-0.5,1.5000000000000284,True,False,1호기,002,train,True,3,300.0
002_20200624_043150(3),0,0.4810126582278481,0.4442771084337349,0.0379746835443038,0.03313253012048193,12.0,11.0,132.00000000000003,316,332,0.4442771084337349,True,46.0,71.0,82.0,1.4826,44.0,27.0,18.21125050586807,4,1.0,0.5,True,False,2호기,002,train,True,3,300.0
002_20200624_043150(3),1,0.4889240506329114,0.516566265060241,0.03481012658227848,0.045180722891566265,11.0,15.0,165.0,316,332,0.48343373493975905,True,52.0,73.0,78.0,1.4826,52.5,20.5,13.827060569270202,4,0.5,-0.5,True,False,2호기,002,train,True,3,300.0
002_20200624_043150(3),2,0.5,0.608433734939759,0.03164556962025317,0.04216867469879518,10.0,13.999999999999998,140.0,316,332,0.39156626506024095,True,43.1968994140625,79.5,85.0,1.4826,56.0,23.5,15.850532847699988,5,0.0,2.0,True,False,2호기,002,train,True,3,300.0
002_20200624_043154(8),0,0.49683544303797467,0.44879518072289154,0.04430379746835443,0.03614457831325301,14.0,12.0,168.0,316,332,0.44879518072289154,True,47.1968994140625,71.0,81.0,1.4826,41.25,29.75,20.06610009442871,4,-1.0,0.0,True,False,2호기,002,val,True,3,300.0
002_20200624_043154(8),1,0.5,0.5210843373493976,0.0379746835443038,0.03614457831325301,12.0,12.0,143.99999999999997,316,332,0.47891566265060237,True,53.0,74.5,78.0,1.4826,40.75,33.75,22.76406313233509,4,0.0,0.0,True,False,2호기,002,val,True,3,300.0
002_20200624_043154(8),2,0.5079113924050633,0.6189759036144579,0.028481012658227847,0.0391566265060241,9.0,13.0,117.0,316,332,0.38102409638554213,True,41.393798828125,82.0,86.0,1.4826,48.0,34.0,22.93268582220424,4,0.5,-0.5,True,False,2호기,002,val,True,3,300.0
002_20200624_043159(4),0,0.49050632911392406,0.44728915662650603,0.03164556962025317,0.045180722891566265,10.0,15.0,150.0,316,332,0.44728915662650603,True,47.0,71.5,81.0,1.4826,40.75,30.75,20.740590853905303,4,0.0,0.5,True,False,2호기,002,test,True,3,300.0
002_20200624_043159(4),1,0.49683544303797467,0.5180722891566265,0.02531645569620253,0.03614457831325301,8.0,12.0,96.0,316,332,0.4819277108433735,True,53.0,76.0,78.0,1.4826,50.5,25.5,17.19951436665318,6,0.0,0.0,True,False,2호기,002,test,True,3,300.0
002_20200624_043159(4),2,0.5031645569620253,0.6159638554216867,0.02531645569620253,0.0391566265060241,8.0,13.0,104.0,316,332,0.38403614457831325,True,42.0,81.0,86.0,1.4826,53.25,27.75,18.717118575475517,3,1.0,0.5,True,False,2호기,002,test,True,3,300.0
002_20200624_083032(4),0,0.5063291139240507,0.44126506024096385,0.03164556962025317,0.0391566265060241,10.0,13.0,130.0,316,332,0.44126506024096385,True,46.0,75.5,82.5,1.4826,54.0,21.5,14.501551328746796,22,0.0,-0.5,True,False,2호기,002,val,True,3,300.0
002_20200624_083032(4),1,0.5126582278481012,0.5090361445783133,0.03164556962025317,0.04216867469879518,10.0,13.999999999999998,140.0,316,332,0.4873417721518988,True,63.393798828125,77.0,80.0,1.4826,54.0,23.0,15.513287467961689,5,0.0,-1.0,True,False,2호기,002,val,True,3,300.0
002_20200624_083032(4),2,0.5205696202531646,0.5843373493975904,0.03481012658227848,0.030120481927710843,11.0,10.0,110.0,316,332,0.4156626506024096,True,48.0,80.5,83.0,1.4826,63.0,17.5,11.803588290840416,4,1.5,-2.842170943040401e-14,True,False,2호기,002,val,True,3,300.0
002_20200624_083036(9),0,0.5174050632911392,0.4623493975903614,0.03481012658227848,0.03313253012048193,11.0,11.0,121.00000000000001,316,332,0.4623493975903614,True,47.0,74.0,81.0,1.4826,54.5,19.5,13.152569809793606,19,-1.5,0.5,True,False,2호기,002,train,True,3,300.0
002_20200624_083036(9),1,0.5174050632911392,0.5286144578313253,0.04113924050632911,0.02710843373493976,13.0,9.0,117.0,316,332,0.4713855421686747,True,62.5906982421875,78.0,80.0,1.4826,50.5,27.5,18.548495885606368,4,0.5,0.5,True,False,2호기,002,train,True,3,300.0
002_20200624_083036(9),2,0.5268987341772152,0.6099397590361446,0.03481012658227848,0.03313253012048193,11.0,11.0,121.00000000000001,316,332,0.3900602409638554,True,46.5906982421875,81.0,83.0,2.9652,62.25,18.75,6.32335087009308,4,0.5,-0.5,True,False,2호기,002,train,True,3,300.0
002_20200624_083041(3),0,0.5174050632911392,0.4608433734939759,0.028481012658227847,0.030120481927710843,9.0,10.0,90.0,316,332,0.4608433734939759,True,47.0,76.5,83.0,1.4826,49.25,27.25,18.37987319573722,4,-0.5,1.0,True,False,2호기,002,train,True,3,300.0
002_20200624_083041(3),1,0.5221518987341772,0.5271084337349398,0.0379746835443038,0.024096385542168676,12.0,8.0,96.00000000000001,316,332,0.47289156626506024,True,64.0,80.0,82.0,1.4826,56.5,23.5,15.850532847699988,5,0.0,1.0,True,False,2호기,002,train,True,3,300.0
002_20200624_083041(3),2,0.5268987341772152,0.6054216867469879,0.03481012658227848,0.030120481927710843,11.0,10.0,110.0,316,332,0.39457831325301207,True,47.0,83.0,85.0,2.9652,54.5,28.5,9.611493322541481,4,0.5,1.0,True,False,2호기,002,train,True,3,300.0
002_20200624_083045(5),0,0.5894886363636364,0.4246987951807229,0.02556818181818182,0.030120481927710843,9.0,10.0,90.0,352,332,0.41051136363636365,True,52.0,106.0,113.0,1.4826,64.5,41.5,27.991366518278703,4,-0.5,-1.0,True,False,1호기,002,train,True,3,300.0
002_20200624_083045(5),1,0.5909090909090909,0.5240963855421686,0.022727272727272728,0.024096385542168676,8.0,8.0,64.0,352,332,0.40909090909090906,True,44.0,116.5,122.0,1.4826,75.25,41.25,27.822743828409553,4,1.0,-1.0,True,False,1호기,002,train,True,3,300.0
002_20200624_083045(5),2,0.5852272727272727,0.3493975903614458,0.022727272727272728,0.024096385542168676,8.0,8.0,64.0,352,332,0.3493975903614458,True,43.0,105.0,117.0,1.4826,71.0,34.0,22.93268582220424,4,0.0,1.0,True,False,1호기,002,train,True,3,300.0
002_20200624_083045(8),0,0.49050632911392406,0.411144578313253,0.03164556962025317,0.03313253012048193,10.0,11.0,110.0,316,332,0.411144578313253,True,45.1968994140625,74.0,80.5,1.4826,48.0,26.0,17.536759746391475,6,1.0,-0.5,True,False,2호기,002,test,True,3,300.0
002_20200624_083045(8),1,0.504746835443038,0.48493975903614456,0.028481012658227847,0.03614457831325301,9.0,12.0,108.0,316,332,0.48493975903614456,True,52.393798828125,71.0,76.0,1.4826,44.75,26.25,17.705382436260624,4,-0.5,0.0,True,False,2호기,002,test,True,3,300.0
002_20200624_083045(8),2,0.5158227848101266,0.5768072289156626,0.03164556962025317,0.0391566265060241,10.0,13.0,130.0,316,332,0.4231927710843374,True,44.0,79.0,85.0,1.4826,59.75,19.25,12.983947119924458,25,0.0,1.5000000000000284,True,False,2호기,002,test,True,3,300.0
002_20200624_083049(6),0,0.5568181818181818,0.3539156626506024,0.022727272727272728,0.02710843373493976,8.0,9.0,72.0,352,332,0.3539156626506024,True,42.9844970703125,105.0,116.0,1.4826,72.0,33.0,22.25819506272764,3,1.0000000000000284,0.5,True,False,1호기,002,train,True,3,300.0
002_20200624_083049(6),1,0.5696022727272727,0.42771084337349397,0.03125,0.030120481927710843,11.0,10.0,110.0,352,332,0.42771084337349397,True,52.0,110.0,112.0,2.9652,78.0,32.0,10.791852151625523,4,0.5,-1.0,True,False,1호기,002,train,True,3,300.0
002_20200624_083049(6),2,0.5823863636363636,0.5210843373493976,0.028409090909090908,0.024096385542168676,10.0,8.0,80.0,352,332,0.41761363636363635,True,45.393798828125,117.0,122.0,1.4826,77.25,39.75,26.81100768919466,4,0.0,0.0,True,False,1호기,002,train,True,3,300.0
002_20200624_083050(4),0,0.49050632911392406,0.45481927710843373,0.03164556962025317,0.030120481927710843,10.0,10.0,99.99999999999999,316,332,0.45481927710843373,True,47.0,70.0,83.0,1.4826,43.75,26.25,17.705382436260624,3,-1.0,0.0,True,False,2호기,002,train,True,3,300.0
002_20200624_083050(4),1,0.4920886075949367,0.5271084337349398,0.028481012658227847,0.030120481927710843,9.0,10.0,90.0,316,332,0.47289156626506024,True,51.1968994140625,76.5,79.0,1.4826,48.75,27.75,18.717118575475517,5,0.5,0.0,True,False,2호기,002,train,True,3,300.0
002_20200624_083050(4),2,0.5015822784810127,0.625,0.03481012658227848,0.03313253012048193,11.0,11.0,121.00000000000001,316,332,0.375,True,41.0,82.5,86.0,1.4826,54.0,28.5,19.222986645082962,4,0.5,0.5,True,False,2호기,002,train,True,3,300.0
002_20200624_083053(3),0,0.5482954545454546,0.4292168674698795,0.022727272727272728,0.02710843373493976,8.0,9.0,72.0,352,332,0.4292168674698795,True,45.393798828125,107.0,119.0,1.4826,56.0,51.0,34.39902873330636,4,2.0,0.5,True,False,1호기,002,test,True,3,300.0
002_20200624_083053(3),1,0.5582386363636364,0.5015060240963856,0.019886363636363636,0.02710843373493976,7.0,9.0,63.0,352,332,0.44176136363636365,True,51.0,111.0,114.0,1.4826,87.25,23.75,16.019155537569137,3,1.5,0.5,True,False,1호기,002,test,True,3,300.0
002_20200624_083053(3),2,0.5724431818181818,0.5993975903614458,0.02556818181818182,0.024096385542168676,9.0,8.0,72.0,352,332,0.4006024096385542,True,41.9844970703125,114.0,119.0,1.4826,73.75,40.25,27.148253068932956,4,0.5000000000000284,0.0,True,False,1호기,002,test,True,3,300.0
002_20200624_083054(9),0,0.48575949367088606,0.42319277108433734,0.04113924050632911,0.03313253012048193,13.0,11.0,143.0,316,332,0.42319277108433734,True,45.0,71.0,81.0,1.4826,42.5,28.5,19.222986645082962,4,0.5,0.5,True,False,2호기,002,train,True,3,300.0
002_20200624_083054(9),1,0.4873417721518987,0.4954819277108434,0.02531645569620253,0.02710843373493976,8.0,9.0,72.0,316,332,0.4873417721518987,True,52.0,73.0,77.0,1.4826,59.5,13.5,9.105625252934034,3,0.0,1.5,True,False,2호기,002,train,True,3,300.0
002_20200624_083054(9),2,0.49050632911392406,0.5963855421686747,0.03164556962025317,0.030120481927710843,10.0,10.0,99.99999999999999,316,332,0.4036144578313253,True,42.0,82.5,87.0,2.9652,49.5,33.0,11.12909753136382,4,1.0,0.0,True,False,2호기,002,train,True,3,300.0
002_20200624_083057(4),0,0.5965909090909091,0.35240963855421686,0.022727272727272728,0.024096385542168676,8.0,8.0,64.0,352,332,0.35240963855421686,True,43.0,117.0,122.0,2.2239,83.0,34.0,15.288457214802824,4,0.0,0.0,True,False,1호기,002,train,True,3,300.0
002_20200624_083057(4),1,0.6036931818181818,0.4186746987951807,0.019886363636363636,0.024096385542168676,7.0,8.0,56.00000000000001,352,332,0.39630681818181823,True,63.0,115.0,118.0,1.4826,73.5,41.5,27.991366518278703,4,0.5000000000000284,0.0,True,False,1호기,002,train,True,3,300.0
002_20200624_083057(4),2,0.6136363636363636,0.4954819277108434,0.028409090909090908,0.03313253012048193,10.0,11.0,110.0,352,332,0.38636363636363635,True,52.0,119.0,122.0,1.4826,90.5,28.5,19.222986645082962,3,2.0,0.5,True,False,1호기,002,train,True,3,300.0
002_20200624_083101(4),0,0.5951704545454546,0.44879518072289154,0.02556818181818182,0.030120481927710843,9.0,10.0,90.0,352,332,0.4048295454545454,True,46.9844970703125,115.0,122.0,2.9652,82.0,33.0,11.12909753136382,4,0.5,1.0,True,False,1호기,002,val,True,3,300.0
002_20200624_083101(4),1,0.6008522727272727,0.516566265060241,0.03125,0.02710843373493976,11.0,9.0,99.0,352,332,0.3991477272727273,True,63.0,115.0,118.0,1.4826,73.5,41.5,27.991366518278703,4,0.5,0.5,True,False,1호기,002,val,True,3,300.0
002_20200624_083101(4),2,0.6079545454545454,0.5978915662650602,0.022727272727272728,0.02710843373493976,8.0,9.0,72.0,352,332,0.3920454545454546,True,47.0,114.0,117.0,1.4826,87.75,26.25,17.705382436260624,3,1.0,-0.5,True,False,1호기,002,val,True,3,300.0
002_20200624_083105(5),0,0.609375,0.411144578313253,0.02556818181818182,0.02710843373493976,9.0,9.0,81.0,352,332,0.390625,True,45.0,114.0,120.0,2.9652,69.5,44.5,15.007419398354243,4,0.5,-0.5,True,False,1호기,002,train,True,3,300.0
002_20200624_083105(5),1,0.6178977272727273,0.4789156626506024,0.02556818181818182,0.030120481927710843,9.0,10.0,90.0,352,332,0.3821022727272727,True,64.0,114.0,117.0,1.4826,69.0,45.0,30.352084176446784,4,0.5,-1.0,True,False,1호기,002,train,True,3,300.0
002_20200624_083105(5),2,0.6264204545454546,0.5542168674698795,0.019886363636363636,0.024096385542168676,7.0,8.0,56.00000000000001,352,332,0.3735795454545454,True,49.393798828125,114.0,118.0,2.9652,79.75,34.25,11.550654256036694,4,1.5,0.0,True,False,1호기,002,train,True,3,300.0
002_20200624_123122(6),0,0.5667613636363636,0.4563253012048193,0.03125,0.02710843373493976,11.0,9.0,99.0,352,332,0.43323863636363635,True,48.0,108.0,118.0,1.4826,67.25,40.75,27.485498448671255,4,0.5,-1.5,True,False,1호기,002,test,True,3,300.0
002_20200624_123122(6),1,0.5752840909090909,0.5210843373493976,0.02556818181818182,0.024096385542168676,9.0,8.0,72.0,352,332,0.42471590909090906,True,52.78759765625,113.0,114.0,1.4826,65.0,48.0,32.37555645487657,4,0.5,1.0,True,False,1호기,002,test,True,3,300.0
002_20200624_123122(6),2,0.5809659090909091,0.6219879518072289,0.019886363636363636,0.03313253012048193,7.0,11.0,77.00000000000001,352,332,0.3780120481927711,True,40.78759765625,115.0,121.0,1.4826,76.25,38.75,26.136516929718063,4,2.5,-0.5,True,False,1호기,002,test,True,3,300.0
002_20200624_123126(4),0,0.5582386363636364,0.3990963855421687,0.019886363636363636,0.02108433734939759,7.0,6.999999999999999,49.0,352,332,0.3990963855421687,True,44.0,105.0,117.0,1.4826,70.5,34.5,23.269931201942534,5,-0.5,0.5,True,False,1호기,002,train,True,3,300.0
002_20200624_123126(4),1,0.5738636363636364,0.5677710843373494,0.017045454545454544,0.02108433734939759,6.0,6.999999999999999,42.0,352,332,0.42613636363636365,True,43.9844970703125,117.0,121.0,1.4826,73.25,43.75,29.50897072710104,4,1.0,0.5000000000000284,True,False,1호기,002,train,True,3,300.0
002_20200624_123126(4),2,0.5653409090909091,0.47289156626506024,0.022727272727272728,0.024096385542168676,8.0,8.0,64.0,352,332,0.43465909090909094,True,53.0,113.0,115.0,1.4826,66.0,47.0,31.701065695399976,4,0.0,0.0,True,False,1호기,002,train,True,3,300.0
002_20200624_123129(9),0,0.546875,0.5406626506024096,0.019886363636363636,0.02710843373493976,7.0,9.0,63.0,352,332,0.453125,True,48.93489074707031,108.0,118.0,1.4826,71.0,37.0,24.956158100634024,3,1.5,-0.4999999999999716,True,False,1호기,002,train,True,3,300.0
002_20200624_123129(9),1,0.5525568181818182,0.6114457831325302,0.019886363636363636,0.030120481927710843,7.0,10.0,70.0,352,332,0.3885542168674698,True,51.0,110.0,113.0,1.4826,64.0,46.0,31.026574935923378,4,1.4999999999999716,-2.842170943040401e-14,True,False,1호기,002,train,True,3,300.0
002_20200624_123129(9),2,0.5639204545454546,0.7078313253012049,0.02556818181818182,0.024096385542168676,9.0,8.0,72.0,352,332,0.29216867469879515,True,38.0,121.0,123.0,1.4826,81.0,40.0,26.97963037906381,4,1.5,0.0,True,False,1호기,002,train,True,3,300.0
002_20200624_123133(0),0,0.5894886363636364,0.5240963855421686,0.02556818181818182,0.030120481927710843,9.0,10.0,90.0,352,332,0.41051136363636365,True,51.0,115.0,125.0,1.4826,82.75,32.25,21.752326993120196,3,-0.5,-1.0,True,False,1호기,002,val,True,3,300.0
002_20200624_123133(0),1,0.5909090909090909,0.5873493975903614,0.028409090909090908,0.024096385542168676,10.0,8.0,80.0,352,332,0.40909090909090906,True,65.0,115.0,118.0,2.9652,64.0,51.0,17.19951436665318,4,0.0,-1.0,True,False,1호기,002,val,True,3,300.0
002_20200624_123133(0),2,0.5980113636363636,0.6656626506024096,0.019886363636363636,0.024096385542168676,7.0,8.0,56.00000000000001,352,332,0.3343373493975904,True,46.0,115.0,119.0,1.4826,87.75,27.25,18.37987319573722,3,-0.5,-0.9999999999999716,True,False,1호기,002,val,True,3,300.0
002_20200624_123136(5),0,0.6036931818181818,0.47740963855421686,0.02556818181818182,0.02710843373493976,9.0,9.0,81.0,352,332,0.39630681818181823,True,48.1348876953125,115.0,123.0,1.4826,88.5,26.5,17.874005126129774,4,-0.4999999999999716,0.5,True,False,1호기,002,train,True,3,300.0
002_20200624_123136(5),1,0.6136363636363636,0.5406626506024096,0.022727272727272728,0.02710843373493976,8.0,9.0,72.0,352,332,0.38636363636363635,True,64.1968994140625,118.0,120.0,1.4826,72.75,45.25,30.520706866315933,4,1.0,-0.4999999999999716,True,False,1호기,002,train,True,3,300.0
002_20200624_123136(5),2,0.6321022727272727,0.6189759036144579,0.02556818181818182,0.02710843373493976,9.0,9.0,81.0,352,332,0.3678977272727273,True,46.544189453125,117.0,120.0,1.4826,92.25,24.75,16.69364629704573,3,0.5,-1.5,True,False,1호기,002,train,True,3,300.0
002_20200624_123143(7),0,0.5866477272727273,0.5210843373493976,0.03125,0.030120481927710843,11.0,10.0,110.0,352,332,0.4133522727272727,True,50.0,114.0,125.0,1.4826,82.75,31.25,21.077836233643602,3,1.5,0.0,True,False,1호기,002,train,True,3,300.0
002_20200624_123143(7),1,0.5909090909090909,0.5858433734939759,0.028409090909090908,0.03313253012048193,10.0,11.0,110.0,352,332,0.40909090909090906,True,64.0,117.5,120.0,1.4826,67.0,50.5,34.06178335356806,4,1.0,-0.5,True,False,1호기,002,train,True,3,300.0
002_20200624_123143(7),2,0.5951704545454546,0.6656626506024096,0.02556818181818182,0.030120481927710843,9.0,10.0,90.0,352,332,0.3343373493975904,True,46.0,115.0,120.0,1.4826,87.5,27.5,18.548495885606368,3,1.5,-0.9999999999999716,True,False,1호기,002,train,True,3,300.0
002_20200624_123144(0),0,0.5284810126582279,0.41566265060240964,0.0379746835443038,0.03614457831325301,12.0,12.0,143.99999999999997,316,332,0.41566265060240964,True,46.0,77.0,83.5,1.4826,58.0,19.0,12.815324430055309,26,0.0,-1.0,True,False,2호기,002,train,True,3,300.0
002_20200624_123144(0),1,0.5427215189873418,0.48042168674698793,0.04113924050632911,0.03313253012048193,13.0,11.0,143.0,316,332,0.4572784810126582,True,64.0,77.0,80.0,1.4826,40.75,36.25,24.450290031026576,4,-1.5,-0.5,True,False,2호기,002,train,True,3,300.0
002_20200624_123144(0),2,0.5506329113924051,0.5572289156626506,0.0379746835443038,0.030120481927710843,12.0,10.0,120.0,316,332,0.44277108433734935,True,49.393798828125,81.0,83.0,2.9652,58.25,22.75,7.672332389046271,3,-2.842170943040401e-14,-2.842170943040401e-14,True,False,2호기,002,train,True,3,300.0
002_20200624_123148(2),0,0.5110759493670886,0.4307228915662651,0.03481012658227848,0.030120481927710843,11.0,10.0,110.0,316,332,0.4307228915662651,True,46.0,75.5,82.0,1.4826,52.25,23.25,15.681910157830838,4,-0.4999999999999716,1.0,True,False,2호기,002,train,True,3,300.0
002_20200624_123148(2),1,0.5142405063291139,0.5,0.028481012658227847,0.03614457831325301,9.0,12.0,108.0,316,332,0.4857594936708861,True,61.1968994140625,79.0,82.0,1.4826,49.75,29.25,19.72885471469041,5,1.5,-1.0,True,False,2호기,002,train,True,3,300.0
002_20200624_123148(2),2,0.5300632911392406,0.572289156626506,0.03481012658227848,0.03614457831325301,11.0,12.0,132.0,316,332,0.42771084337349397,True,49.393798828125,81.0,83.0,1.4826,53.5,27.5,18.548495885606368,4,0.4999999999999716,1.0,True,False,2호기,002,train,True,3,300.0
002_20200624_123152(7),0,0.5126582278481012,0.35240963855421686,0.03164556962025317,0.030120481927710843,10.0,10.0,99.99999999999999,316,332,0.35240963855421686,True,43.1968994140625,72.0,79.0,1.4826,57.5,14.5,9.78011601241063,20,0.0,-1.0,True,False,2호기,002,val,True,3,300.0
002_20200624_123152(7),1,0.5158227848101266,0.42168674698795183,0.0379746835443038,0.024096385542168676,12.0,8.0,96.00000000000001,316,332,0.42168674698795183,True,64.0,77.0,79.0,1.4826,55.0,22.0,14.838796708485095,4,0.0,-2.0,True,False,2호기,002,val,True,3,300.0
002_20200624_123152(7),2,0.5174050632911392,0.5,0.04113924050632911,0.030120481927710843,13.0,10.0,130.0,316,332,0.4825949367088608,True,51.0,77.5,82.0,1.4826,49.75,27.75,18.717118575475517,4,0.5,-1.0,True,False,2호기,002,val,True,3,300.0
002_20200624_123157(4),0,0.509493670886076,0.29518072289156627,0.0379746835443038,0.030120481927710843,12.0,10.0,120.0,316,332,0.29518072289156627,True,40.3472900390625,69.5,77.0,1.4826,40.5,29.0,19.56023202482126,4,0.9999999999999716,0.0,True,False,2호기,002,train,True,3,300.0
002_20200624_123157(4),1,0.49841772151898733,0.36596385542168675,0.03481012658227848,0.03313253012048193,11.0,11.0,121.00000000000001,316,332,0.36596385542168675,True,50.528690338134766,74.5,77.0,1.4826,45.0,29.5,19.89747740455956,4,0.5,0.5,True,False,2호기,002,train,True,3,300.0
002_20200624_123157(4),2,0.48417721518987344,0.4623493975903614,0.04430379746835443,0.03313253012048193,14.0,11.0,154.00000000000003,316,332,0.4623493975903614,True,45.93798828125,80.0,85.0,1.4826,53.75,26.25,17.705382436260624,17,0.0,0.5,True,False,2호기,002,train,True,3,300.0
002_20200624_123201(7),0,0.504746835443038,0.3990963855421687,0.03481012658227848,0.02108433734939759,11.0,6.999999999999999,77.0,316,332,0.3990963855421687,True,44.0,74.0,81.5,1.4826,49.25,24.75,16.69364629704573,5,1.5,0.5,True,False,2호기,002,train,True,3,300.0
002_20200624_123201(7),1,0.5126582278481012,0.46987951807228917,0.03164556962025317,0.03614457831325301,10.0,12.0,120.0,316,332,0.46987951807228917,True,52.0,75.0,77.0,1.4826,49.0,26.0,17.536759746391475,4,1.0,1.0,True,False,2호기,002,train,True,3,300.0
002_20200624_123201(7),2,0.5253164556962026,0.5662650602409639,0.0379746835443038,0.03614457831325301,12.0,12.0,143.99999999999997,316,332,0.4337349397590361,True,44.0,83.0,88.0,1.4826,54.0,29.0,19.56023202482126,4,0.0,0.9999999999999716,True,False,2호기,002,train,True,3,300.0
002_20200624_123206(2),0,0.5015822784810127,0.3689759036144578,0.03481012658227848,0.02710843373493976,11.0,9.0,99.0,316,332,0.3689759036144578,True,43.0,72.5,81.0,1.4826,46.75,25.75,17.368137056522325,5,1.5,1.5,True,False,2호기,002,train,True,3,300.0
002_20200624_123206(2),1,0.5110759493670886,0.44879518072289154,0.03481012658227848,0.03614457831325301,11.0,12.0,132.0,316,332,0.44879518072289154,True,52.0,76.0,77.0,1.4826,53.75,22.25,15.007419398354243,4,0.5000000000000284,-1.0,True,False,2호기,002,train,True,3,300.0
002_20200624_123206(2),2,0.5174050632911392,0.5391566265060241,0.028481012658227847,0.030120481927710843,9.0,10.0,90.0,316,332,0.46084337349397586,True,45.0,83.5,87.0,1.4826,47.25,36.25,24.450290031026576,4,1.5,1.0,True,False,2호기,002,train,True,3,300.0
002_20200624_162522(0),0,0.5795454545454546,0.5225903614457831,0.022727272727272728,0.02710843373493976,8.0,9.0,72.0,352,332,0.4204545454545454,True,49.0,111.0,123.0,1.4826,75.75,35.25,23.77579927154998,5,1.0,0.5000000000000284,True,False,1호기,002,val,True,3,300.0
002_20200624_162522(0),1,0.5880681818181818,0.5933734939759037,0.017045454545454544,0.024096385542168676,6.0,8.0,48.00000000000001,352,332,0.40662650602409633,True,51.0,110.0,114.0,1.4826,59.5,50.5,34.06178335356806,4,1.0000000000000284,-2.842170943040401e-14,True,False,1호기,002,val,True,3,300.0
002_20200624_162522(0),2,0.6036931818181818,0.6882530120481928,0.02556818181818182,0.02710843373493976,9.0,9.0,81.0,352,332,0.3117469879518072,True,39.78759765625,118.0,124.0,1.4826,73.25,44.75,30.183461486577635,4,0.5000000000000284,0.5,True,False,1호기,002,val,True,3,300.0
002_20200624_162527(8),0,0.5568181818181818,0.4503012048192771,0.022727272727272728,0.03313253012048193,8.0,11.0,88.0,352,332,0.44318181818181823,True,45.544189453125,111.0,121.0,2.9652,61.5,49.5,16.69364629704573,4,2.842170943040401e-14,0.5,True,False,1호기,002,train,True,3,400.0
002_20200624_162527(8),1,0.5710227272727273,0.5195783132530121,0.028409090909090908,0.02108433734939759,10.0,6.999999999999999,70.0,352,332,0.4289772727272727,True,53.0,111.0,116.0,1.4826,77.0,34.0,22.93268582220424,3,0.0,-0.5,True,False,1호기,002,train,True,3,400.0
002_20200624_162527(8),2,0.5923295454545454,0.6129518072289156,0.019886363636363636,0.02710843373493976,7.0,9.0,63.0,352,332,0.3870481927710844,True,41.544189453125,117.0,122.0,2.9652,85.75,31.25,10.538918116821801,5,1.5,0.5,True,False,1호기,002,train,True,3,400.0
002_20200624_162531(7),0,0.5625,0.4789156626506024,0.028409090909090908,0.030120481927710843,10.0,10.0,99.99999999999999,352,332,0.4375,True,47.1968994140625,111.0,121.5,1.4826,62.0,49.0,33.050047214353164,4,1.0,1.0,True,False,1호기,002,test,True,3,400.0
002_20200624_162531(7),1,0.5767045454545454,0.5542168674698795,0.028409090909090908,0.024096385542168676,10.0,8.0,80.0,352,332,0.4232954545454546,True,53.0,110.0,114.0,1.4826,61.0,49.0,33.050047214353164,4,0.0,-1.0,True,False,1호기,002,test,True,3,400.0
002_20200624_162531(7),2,0.5923295454545454,0.6490963855421686,0.019886363636363636,0.02108433734939759,7.0,6.999999999999999,49.0,352,332,0.35090361445783136,True,39.78759765625,116.5,121.0,1.4826,84.0,32.5,21.920949682989345,23,0.5,-0.5,True,False,1호기,002,test,True,3,400.0
002_20200624_162536(8),0,0.6022727272727273,0.44728915662650603,0.022727272727272728,0.02710843373493976,8.0,9.0,72.0,352,332,0.3977272727272727,True,44.393798828125,115.0,122.0,2.9652,70.0,45.0,15.176042088223392,4,1.0,1.5,True,False,1호기,002,test,True,3,400.0
002_20200624_162536(8),1,0.6107954545454546,0.5135542168674698,0.022727272727272728,0.02710843373493976,8.0,9.0,72.0,352,332,0.3892045454545454,True,64.0,115.0,118.0,1.4826,73.25,41.75,28.15998920814785,4,0.0,0.5000000000000284,True,False,1호기,002,test,True,3,400.0
002_20200624_162536(8),2,0.6221590909090909,0.5933734939759037,0.017045454545454544,0.024096385542168676,6.0,8.0,48.00000000000001,352,332,0.37784090909090906,True,46.5906982421875,117.0,120.0,1.4826,74.5,42.5,28.665857277755297,4,0.0,-2.842170943040401e-14,True,False,1호기,002,test,True,3,400.0
002_20200624_162540(3),0,0.5852272727272727,0.5225903614457831,0.03409090909090909,0.03313253012048193,12.0,11.0,132.00000000000003,352,332,0.4147727272727273,True,49.5906982421875,114.0,126.0,1.4826,84.0,30.0,20.234722784297855,17,1.0,-1.4999999999999716,True,False,1호기,002,val,True,3,400.0
002_20200624_162540(3),1,0.5923295454545454,0.5858433734939759,0.03125,0.02710843373493976,11.0,9.0,99.0,352,332,0.4076704545454546,True,63.0,114.0,116.0,2.9652,73.75,40.25,13.574126534466478,4,0.5,-0.5,True,False,1호기,002,val,True,3,400.0
002_20200624_162540(3),2,0.6022727272727273,0.6671686746987951,0.028409090909090908,0.02710843373493976,10.0,9.0,90.0,352,332,0.33283132530120485,True,44.0,118.0,121.0,1.4826,87.25,30.75,20.740590853905303,3,1.0,-1.5,True,False,1호기,002,val,True,3,400.0
002_20200624_162543(7),0,0.5951704545454546,0.5572289156626506,0.03125,0.030120481927710843,11.0,10.0,110.0,352,332,0.4048295454545454,True,50.331787109375,114.0,122.0,1.4826,75.5,38.5,25.967894239848917,4,0.5,-1.0000000000000284,True,False,1호기,002,train,True,3,400.0
002_20200624_162543(7),1,0.6065340909090909,0.6174698795180723,0.03125,0.03614457831325301,11.0,12.0,132.0,352,332,0.3825301204819277,True,63.0,113.0,114.0,1.4826,79.25,33.75,22.76406313233509,5,0.5,0.0,True,False,1호기,002,train,True,3,400.0
002_20200624_162543(7),2,0.6235795454545454,0.6957831325301205,0.02556818181818182,0.030120481927710843,9.0,10.0,90.0,352,332,0.3042168674698795,True,43.7410888671875,119.0,121.0,1.4826,99.5,19.5,13.152569809793606,3,0.5,0.0,True,False,1호기,002,train,True,3,400.0
002_20200624_162708(9),0,0.5284810126582279,0.4623493975903614,0.03164556962025317,0.03313253012048193,10.0,11.0,110.0,316,332,0.4623493975903614,True,46.9844970703125,77.0,83.0,1.4826,52.0,25.0,16.86226898691488,5,0.0,0.5,True,False,2호기,002,train,True,3,400.0
002_20200624_162708(9),1,0.5348101265822784,0.5286144578313253,0.03164556962025317,0.02710843373493976,10.0,9.0,90.0,316,332,0.46518987341772156,True,63.0,80.0,81.0,1.4826,57.75,22.25,15.007419398354243,4,1.0,0.5,True,False,2호기,002,train,True,3,400.0
002_20200624_162708(9),2,0.5458860759493671,0.6099397590361446,0.03481012658227848,0.03313253012048193,11.0,11.0,121.00000000000001,316,332,0.3900602409638554,True,46.78759765625,82.0,85.0,2.9652,56.75,25.25,8.515445838392015,3,0.5,-0.5,True,False,2호기,002,train,True,3,400.0
002_20200624_162713(4),0,0.5395569620253164,0.4307228915662651,0.04113924050632911,0.030120481927710843,13.0,10.0,130.0,316,332,0.4307228915662651,True,45.1968994140625,76.0,82.0,1.4826,54.25,21.75,14.670174018615945,4,-0.5,0.0,True,False,2호기,002,train,True,3,400.0
002_20200624_162713(4),1,0.5411392405063291,0.49849397590361444,0.0379746835443038,0.02710843373493976,12.0,9.0,108.0,316,332,0.4588607594936709,True,63.0,77.0,79.0,1.4826,55.25,21.75,14.670174018615945,3,0.0,-0.5,True,False,2호기,002,train,True,3,400.0
002_20200624_162713(4),2,0.5443037974683544,0.5753012048192772,0.03164556962025317,0.030120481927710843,10.0,10.0,99.99999999999999,316,332,0.42469879518072284,True,49.0,82.0,84.0,1.4826,63.0,19.0,12.815324430055309,4,2.0,0.9999999999999716,True,False,2호기,002,train,True,3,400.0
002_20200624_162717(9),0,0.5189873417721519,0.3795180722891566,0.03164556962025317,0.030120481927710843,10.0,10.0,99.99999999999999,316,332,0.3795180722891566,True,43.0,77.0,84.0,1.4826,49.0,28.0,18.885741265344667,4,1.0,1.0,True,False,2호기,002,train,True,3,400.0
002_20200624_162717(9),1,0.5237341772151899,0.4503012048192771,0.028481012658227847,0.03313253012048193,9.0,11.0,99.00000000000001,316,332,0.4503012048192771,True,62.0,77.0,79.0,1.4826,45.5,31.5,21.246458923512748,4,0.5,-0.5,True,False,2호기,002,train,True,3,400.0
002_20200624_162717(9),2,0.5316455696202531,0.5271084337349398,0.02531645569620253,0.030120481927710843,8.0,10.0,80.0,316,332,0.4683544303797469,True,51.0,84.0,86.0,2.9652,61.0,23.0,7.7566437339808445,3,1.0000000000000284,0.0,True,False,2호기,002,train,True,3,400.0
002_20200624_162722(4),0,0.4810126582278481,0.35993975903614456,0.0379746835443038,0.03313253012048193,12.0,11.0,132.00000000000003,316,332,0.35993975903614456,True,43.0,71.0,81.0,1.4826,50.75,20.25,13.658437879401053,5,1.0,0.5,True,False,2호기,002,test,True,3,400.0
002_20200624_162722(4),1,0.49050632911392406,0.4307228915662651,0.03164556962025317,0.030120481927710843,10.0,10.0,99.99999999999999,316,332,0.4307228915662651,True,53.0,72.0,76.0,1.4826,48.0,24.0,16.187778227438287,3,0.0,1.0,True,False,2호기,002,test,True,3,400.0
002_20200624_162722(4),2,0.504746835443038,0.5271084337349398,0.03481012658227848,0.03614457831325301,11.0,12.0,132.0,316,332,0.47289156626506024,True,44.5906982421875,79.0,83.0,1.4826,56.25,22.75,15.344664778092541,11,-0.5,0.0,True,False,2호기,002,test,True,3,400.0
002_20200624_203003(9),0,0.5738636363636364,0.48493975903614456,0.028409090909090908,0.03614457831325301,10.0,12.0,120.0,352,332,0.42613636363636365,True,48.93489074707031,108.0,123.5,1.4826,69.75,38.25,25.799271549979768,4,1.0,-1.0,True,False,1호기,002,test,True,3,400.0
002_20200624_203003(9),1,0.5866477272727273,0.5557228915662651,0.02556818181818182,0.03313253012048193,9.0,11.0,99.00000000000001,352,332,0.4133522727272727,True,51.5906982421875,111.0,114.0,1.4826,71.0,40.0,26.97963037906381,4,1.5,-0.5,True,False,1호기,002,test,True,3,400.0
002_20200624_203003(9),2,0.6051136363636364,0.6475903614457831,0.022727272727272728,0.030120481927710843,8.0,10.0,80.0,352,332,0.3524096385542169,True,39.756591796875,116.5,120.0,2.9652,74.5,42.0,14.164305949008499,4,1.0,2.842170943040401e-14,True,False,1호기,002,test,True,3,400.0
002_20200624_203012(9),0,0.5639204545454546,0.38403614457831325,0.02556818181818182,0.03313253012048193,9.0,11.0,99.00000000000001,352,332,0.38403614457831325,True,44.0,105.0,118.0,1.4826,67.75,37.25,25.12478079050317,4,0.5,0.5,True,False,1호기,002,train,True,3,400.0
002_20200624_203012(9),1,0.5625,0.4608433734939759,0.028409090909090908,0.030120481927710843,10.0,10.0,99.99999999999999,352,332,0.4375,True,53.0,110.0,113.0,1.4826,72.25,37.75,25.46202617024147,4,1.0,0.0,True,False,1호기,002,train,True,3,400.0
002_20200624_203012(9),2,0.5639204545454546,0.5572289156626506,0.03125,0.030120481927710843,11.0,10.0,110.0,352,332,0.4360795454545454,True,42.0,115.0,120.0,2.2239,66.5,48.5,21.80853455640991,4,1.5,-2.842170943040401e-14,True,False,1호기,002,train,True,3,400.0
002_20200624_203017(4),0,0.5696022727272727,0.40512048192771083,0.036931818181818184,0.0391566265060241,13.0,13.0,169.0,352,332,0.40512048192771083,True,47.0,106.0,118.0,1.4826,62.0,44.0,29.67759341697019,4,0.5,-2.5,True,False,1호기,002,val,True,3,400.0
002_20200624_203017(4),1,0.5696022727272727,0.47289156626506024,0.02556818181818182,0.024096385542168676,9.0,8.0,72.0,352,332,0.4303977272727273,True,52.0,111.0,114.0,1.4826,81.75,29.25,19.72885471469041,5,1.5,0.0,True,False,1호기,002,val,True,3,400.0
002_20200624_203017(4),2,0.5752840909090909,0.5707831325301205,0.03125,0.02710843373493976,11.0,9.0,99.0,352,332,0.42471590909090906,True,42.0,115.0,120.0,1.4826,74.5,40.5,27.316875758802105,4,0.5,-0.5,True,False,1호기,002,val,True,3,400.0
002_20200624_203021(9),0,0.5539772727272727,0.44728915662650603,0.028409090909090908,0.03313253012048193,10.0,11.0,110.0,352,332,0.4460227272727273,True,45.544189453125,108.0,120.0,1.4826,59.75,48.25,32.54417914474572,4,0.0,1.5,True,False,1호기,002,train,True,3,400.0
002_20200624_203021(9),1,0.5681818181818182,0.5256024096385542,0.028409090909090908,0.02710843373493976,10.0,9.0,90.0,352,332,0.43181818181818177,True,54.0,110.0,114.0,1.4826,67.0,43.0,29.003102657493592,4,-2.842170943040401e-14,-0.5,True,False,1호기,002,train,True,3,400.0
002_20200624_203021(9),2,0.5852272727272727,0.6144578313253012,0.028409090909090908,0.030120481927710843,10.0,10.0,99.99999999999999,352,332,0.3855421686746988,True,40.9534912109375,114.0,118.5,1.4826,76.5,37.5,25.29340348037232,4,1.0,0.0,True,False,1호기,002,train,True,3,400.0
002_20200624_203026(4),0,0.5696022727272727,0.49096385542168675,0.02556818181818182,0.030120481927710843,9.0,10.0,90.0,352,332,0.4303977272727273,True,48.134891510009766,111.0,122.0,1.4826,72.75,38.25,25.799271549979768,5,1.5,0.0,True,False,1호기,002,train,True,3,400.0
002_20200624_203026(4),1,0.5866477272727273,0.5662650602409639,0.02556818181818182,0.030120481927710843,9.0,10.0,90.0,352,332,0.4133522727272727,True,53.0,110.0,114.0,1.4826,81.5,28.5,19.222986645082962,4,-0.5,-1.0000000000000284,True,False,1호기,002,train,True,3,400.0
002_20200624_203026(4),2,0.6051136363636364,0.6536144578313253,0.022727272727272728,0.030120481927710843,8.0,10.0,80.0,352,332,0.3463855421686747,True,39.9534912109375,115.0,119.5,1.4826,84.5,30.5,20.571968164036154,16,0.0,1.0,True,False,1호기,002,train,True,3,400.0
002_20200624_203044(4),0,0.5653409090909091,0.4352409638554217,0.03409090909090909,0.03313253012048193,12.0,11.0,132.00000000000003,352,332,0.43465909090909094,True,45.0,107.0,120.0,1.4826,72.0,35.0,23.607176581680832,5,-1.0,1.5,True,False,1호기,002,train,True,3,400.0
002_20200624_203044(4),1,0.5653409090909091,0.516566265060241,0.03409090909090909,0.02710843373493976,12.0,9.0,108.0,352,332,0.43465909090909094,True,53.0,110.0,115.0,1.4826,78.0,32.0,21.583704303251046,3,0.0,-1.5,True,False,1호기,002,train,True,3,400.0
002_20200624_203044(4),2,0.5767045454545454,0.608433734939759,0.028409090909090908,0.030120481927710843,10.0,10.0,99.99999999999999,352,332,0.39156626506024095,True,41.0,114.0,120.0,1.4826,82.5,31.5,21.246458923512748,5,-1.0,1.0,True,False,1호기,002,train,True,3,400.0
002_20200624_203111(4),0,0.5443037974683544,0.4503012048192771,0.0379746835443038,0.02710843373493976,12.0,9.0,108.0,316,332,0.4503012048192771,True,45.0,79.0,85.0,1.4826,49.0,30.0,20.234722784297855,4,0.0,0.5,True,False,2호기,002,train,True,3,400.0
002_20200624_203111(4),1,0.5458860759493671,0.516566265060241,0.028481012658227847,0.03313253012048193,9.0,11.0,99.00000000000001,316,332,0.4541139240506329,True,62.0,79.0,82.0,1.4826,47.25,31.75,21.415081613381897,4,0.5,0.5,True,False,2호기,002,train,True,3,400.0
002_20200624_203111(4),2,0.555379746835443,0.5978915662650602,0.03481012658227848,0.03313253012048193,11.0,11.0,121.00000000000001,316,332,0.40210843373493976,True,46.5906982421875,83.0,86.0,2.9652,53.25,29.75,10.033050047214354,4,0.5,-0.5,True,False,2호기,002,train,True,3,400.0
002_20200624_203114(3),0,0.49683544303797467,0.4186746987951807,0.02531645569620253,0.030120481927710843,8.0,10.0,80.0,316,332,0.4186746987951807,True,42.9534912109375,77.0,83.0,1.4826,57.5,19.5,13.152569809793606,24,0.0,1.0,True,False,2호기,002,val,True,3,400.0
002_20200624_203114(3),1,0.5126582278481012,0.48493975903614456,0.02531645569620253,0.030120481927710843,8.0,10.0,80.0,316,332,0.48493975903614456,True,64.36279296875,76.0,78.0,1.4826,46.75,29.25,19.72885471469041,5,0.0,0.0,True,False,2호기,002,val,True,3,400.0
002_20200624_203114(3),2,0.5379746835443038,0.5572289156626506,0.0379746835443038,0.030120481927710843,12.0,10.0,120.0,316,332,0.44277108433734935,True,44.544189453125,83.0,86.0,1.4826,58.5,24.5,16.525023607176582,4,-1.0,-2.842170943040401e-14,True,False,2호기,002,val,True,3,400.0
002_20200624_203117(3),0,0.49841772151898733,0.3810240963855422,0.03481012658227848,0.03313253012048193,11.0,11.0,121.00000000000001,316,332,0.3810240963855422,True,41.150390625,77.0,82.0,1.4826,49.75,27.25,18.37987319573722,4,0.5,0.5,True,False,2호기,002,train,True,3,400.0
002_20200624_203117(3),1,0.5142405063291139,0.4442771084337349,0.028481012658227847,0.03313253012048193,9.0,11.0,99.00000000000001,316,332,0.4442771084337349,True,62.513187408447266,76.0,77.0,1.4826,41.75,34.25,23.101308512073388,4,0.5,0.5,True,False,2호기,002,train,True,3,400.0
002_20200624_203117(3),2,0.5395569620253164,0.5195783132530121,0.04113924050632911,0.03313253012048193,13.0,11.0,143.0,316,332,0.46044303797468356,True,46.134891510009766,83.0,85.5,1.4826,64.0,19.0,12.815324430055309,3,-0.5,-0.5,True,False,2호기,002,train,True,3,400.0
002_20200624_203120(3),0,0.5268987341772152,0.3885542168674699,0.03481012658227848,0.024096385542168676,11.0,8.0,88.0,316,332,0.3885542168674699,True,42.741092681884766,77.0,81.0,1.4826,50.5,26.5,17.874005126129774,4,-0.5,0.0,True,False,2호기,002,train,True,3,400.0
002_20200624_203120(3),1,0.5395569620253164,0.4503012048192771,0.03481012658227848,0.02108433734939759,11.0,6.999999999999999,77.0,316,332,0.4503012048192771,True,63.3162841796875,75.5,77.0,1.4826,47.0,28.5,19.222986645082962,4,0.5,0.5,True,False,2호기,002,train,True,3,400.0
002_20200624_203120(3),2,0.560126582278481,0.5256024096385542,0.03164556962025317,0.02710843373493976,10.0,9.0,90.0,316,332,0.439873417721519,True,45.337989807128906,84.0,86.0,2.2239,61.0,23.0,10.342191645307793,4,1.0,-0.5,True,False,2호기,002,train,True,3,400.0
002_20200624_203123(3),0,0.5015822784810127,0.42319277108433734,0.03481012658227848,0.0391566265060241,11.0,13.0,143.0,316,332,0.42319277108433734,True,41.0,75.5,81.0,1.4826,48.5,27.0,18.21125050586807,4,0.5,1.5,True,False,2호기,002,train,True,3,400.0
002_20200624_203123(3),1,0.5142405063291139,0.4894578313253012,0.03481012658227848,0.02710843373493976,11.0,9.0,99.0,316,332,0.4857594936708861,True,62.7720947265625,75.0,77.0,1.4826,42.75,32.25,21.752326993120196,4,0.5,0.5,True,False,2호기,002,train,True,3,400.0
002_20200624_203123(3),2,0.5332278481012658,0.5662650602409639,0.03481012658227848,0.03614457831325301,11.0,12.0,132.0,316,332,0.4337349397590361,True,43.3782958984375,81.5,84.0,1.4826,57.75,23.75,16.019155537569137,3,0.5,-2.842170943040401e-14,True,False,2호기,002,train,True,3,400.0
002_20200624_203126(3),0,0.5205696202531646,0.4126506024096386,0.03481012658227848,0.024096385542168676,11.0,8.0,88.0,316,332,0.4126506024096386,True,43.7410888671875,77.0,84.0,1.4826,49.75,27.25,18.37987319573722,4,0.5,0.0,True,False,2호기,002,train,True,3,400.0
002_20200624_203126(3),1,0.5379746835443038,0.4743975903614458,0.03164556962025317,0.0391566265060241,10.0,13.0,130.0,316,332,0.4620253164556962,True,64.331787109375,77.0,79.0,1.4826,44.75,32.25,21.752326993120196,4,0.0,0.5,True,False,2호기,002,train,True,3,400.0
002_20200624_203126(3),2,0.5569620253164557,0.5451807228915663,0.03164556962025317,0.03614457831325301,10.0,12.0,120.0,316,332,0.44303797468354433,True,47.534889221191406,85.0,87.0,1.4826,57.25,27.75,18.717118575475517,4,1.0,1.0,True,False,2호기,002,train,True,3,400.0
002_20200625_003116(4),0,0.5710227272727273,0.5225903614457831,0.028409090909090908,0.03313253012048193,10.0,11.0,110.0,352,332,0.4289772727272727,True,48.331790924072266,109.0,122.0,2.9652,65.5,43.5,14.670174018615945,4,1.0,0.5000000000000284,True,False,1호기,002,val,True,3,400.0
002_20200625_003116(4),1,0.5809659090909091,0.6009036144578314,0.019886363636363636,0.02710843373493976,7.0,9.0,63.0,352,332,0.39909638554216864,True,52.0,108.0,113.0,2.9652,67.5,40.5,13.658437879401053,5,0.5,-1.5,True,False,1호기,002,val,True,3,400.0
002_20200625_003116(4),2,0.59375,0.697289156626506,0.03409090909090909,0.02710843373493976,12.0,9.0,108.0,352,332,0.30271084337349397,True,37.0,116.5,121.0,1.4826,87.25,29.25,19.72885471469041,3,0.0,-1.5,True,False,1호기,002,val,True,3,400.0
002_20200625_003120(7),0,0.5681818181818182,0.3539156626506024,0.03977272727272727,0.03313253012048193,14.0,11.0,154.00000000000003,352,332,0.3539156626506024,True,43.0,107.0,117.0,1.4826,66.5,40.5,27.316875758802105,4,-2.842170943040401e-14,-0.5,True,False,1호기,002,train,True,3,400.0
002_20200625_003120(7),1,0.5696022727272727,0.42620481927710846,0.02556818181818182,0.03313253012048193,9.0,11.0,99.00000000000001,352,332,0.42620481927710846,True,52.0,105.0,113.0,1.4826,64.5,40.5,27.316875758802105,4,0.5,-0.5,True,False,1호기,002,train,True,3,400.0
002_20200625_003120(7),2,0.5752840909090909,0.5180722891566265,0.03125,0.03614457831325301,11.0,12.0,132.0,352,332,0.42471590909090906,True,46.0,115.0,121.0,2.9652,87.75,27.25,9.18993659786861,22,0.5,1.0,True,False,1호기,002,train,True,3,400.0
002_20200625_003125(4),0,0.5767045454545454,0.42319277108433734,0.028409090909090908,0.03313253012048193,10.0,11.0,110.0,352,332,0.42319277108433734,True,46.0,107.0,120.0,1.4826,69.75,37.25,25.12478079050317,4,1.0,-0.5,True,False,1호기,002,val,True,3,400.0
002_20200625_003125(4),1,0.5838068181818182,0.49698795180722893,0.02556818181818182,0.030120481927710843,9.0,10.0,90.0,352,332,0.41619318181818177,True,52.0,108.5,115.0,1.4826,86.75,21.75,14.670174018615945,3,0.4999999999999716,0.0,True,False,1호기,002,val,True,3,400.0
002_20200625_003125(4),2,0.5965909090909091,0.5903614457831325,0.028409090909090908,0.030120481927710843,10.0,10.0,99.99999999999999,352,332,0.40340909090909094,True,41.78759765625,114.0,117.0,1.4826,74.75,39.25,26.47376230945636,4,1.0,1.0,True,False,1호기,002,val,True,3,400.0
002_20200625_003130(0),0,0.5653409090909091,0.3539156626506024,0.028409090909090908,0.02710843373493976,10.0,9.0,90.0,352,332,0.3539156626506024,True,43.0,106.0,117.0,1.4826,70.0,36.0,24.281667341157426,4,0.0,-0.5,True,False,1호기,002,train,True,3,400.0
002_20200625_003130(0),1,0.5696022727272727,0.4246987951807229,0.02556818181818182,0.030120481927710843,9.0,10.0,90.0,352,332,0.4246987951807229,True,53.0,105.0,114.0,1.4826,74.0,31.0,20.909213543774452,3,-0.5,0.0,True,False,1호기,002,train,True,3,400.0
002_20200625_003130(0),2,0.578125,0.5225903614457831,0.02556818181818182,0.02710843373493976,9.0,9.0,81.0,352,332,0.421875,True,45.0,115.0,121.0,2.2239,89.75,25.25,11.353927784522686,17,-0.5,-0.4999999999999716,True,False,1호기,002,train,True,3,400.0
002_20200625_003134(4),0,0.5767045454545454,0.41566265060240964,0.028409090909090908,0.03614457831325301,10.0,12.0,120.0,352,332,0.41566265060240964,True,46.0,106.5,119.0,1.4826,64.25,42.25,28.497234587886147,4,0.0,0.0,True,False,1호기,002,train,True,3,400.0
002_20200625_003134(4),1,0.5809659090909091,0.4894578313253012,0.02556818181818182,0.03313253012048193,9.0,11.0,99.00000000000001,352,332,0.41903409090909094,True,53.0,109.5,114.0,1.4826,71.75,37.75,25.46202617024147,4,-0.5,0.5,True,False,1호기,002,train,True,3,400.0
002_20200625_003134(4),2,0.5852272727272727,0.5858433734939759,0.028409090909090908,0.03313253012048193,10.0,11.0,110.0,352,332,0.41415662650602414,True,42.0,115.0,120.0,2.9652,70.5,44.5,15.007419398354243,4,1.0,0.5,True,False,1호기,002,train,True,3,400.0
002_20200625_003139(0),0,0.5767045454545454,0.5030120481927711,0.028409090909090908,0.030120481927710843,10.0,10.0,99.99999999999999,352,332,0.4232954545454546,True,49.0,108.0,121.0,1.4826,68.5,39.5,26.64238499932551,4,0.0,0.0,True,False,1호기,002,train,True,3,400.0
002_20200625_003139(0),1,0.5809659090909091,0.5828313253012049,0.03125,0.02710843373493976,11.0,9.0,99.0,352,332,0.41716867469879515,True,52.0,107.5,113.0,1.4826,77.25,30.25,20.403345474167004,3,0.5,-0.5,True,False,1호기,002,train,True,3,400.0
002_20200625_003139(0),2,0.59375,0.6746987951807228,0.028409090909090908,0.024096385542168676,10.0,8.0,80.0,352,332,0.32530120481927716,True,39.0,114.0,120.0,1.4826,85.0,29.0,19.56023202482126,17,0.0,2.842170943040401e-14,True,False,1호기,002,train,True,3,400.0
002_20200625_003352(9),0,0.4920886075949367,0.4442771084337349,0.028481012658227847,0.03313253012048193,9.0,11.0,99.00000000000001,316,332,0.4442771084337349,True,45.7410888671875,70.5,81.0,1.4826,46.75,23.75,16.019155537569137,3,1.5,0.5,True,False,2호기,002,test,True,3,400.0
002_20200625_003352(9),1,0.5031645569620253,0.5210843373493976,0.03164556962025317,0.024096385542168676,10.0,8.0,80.0,316,332,0.47891566265060237,True,52.0,76.0,79.0,1.4826,52.25,23.75,16.019155537569137,5,0.0,0.0,True,False,2호기,002,test,True,3,400.0
002_20200625_003352(9),2,0.5110759493670886,0.6189759036144579,0.03481012658227848,0.02710843373493976,11.0,9.0,99.0,316,332,0.38102409638554213,True,40.1968994140625,79.5,85.0,1.4826,50.0,29.5,19.89747740455956,4,0.5000000000000284,-0.5,True,False,2호기,002,test,True,3,400.0
002_20200625_003357(4),0,0.5079113924050633,0.4397590361445783,0.028481012658227847,0.030120481927710843,9.0,10.0,90.0,316,332,0.4397590361445783,True,46.0,71.0,81.0,1.4826,37.5,33.5,22.59544044246594,4,0.5,1.0,True,False,2호기,002,train,True,3,400.0
002_20200625_003357(4),1,0.5158227848101266,0.516566265060241,0.03164556962025317,0.02710843373493976,10.0,9.0,90.0,316,332,0.48343373493975905,True,53.0,76.0,78.0,1.4826,44.5,31.5,21.246458923512748,4,0.0,-0.5,True,False,2호기,002,train,True,3,400.0
002_20200625_003357(4),2,0.5205696202531646,0.6129518072289156,0.028481012658227847,0.02710843373493976,9.0,9.0,81.0,316,332,0.3870481927710844,True,41.0,80.0,85.0,1.4826,59.0,21.0,14.164305949008499,18,0.5,0.5,True,False,2호기,002,train,True,3,400.0
002_20200625_003401(8),0,0.5015822784810127,0.4442771084337349,0.03481012658227848,0.02710843373493976,11.0,9.0,99.0,316,332,0.4442771084337349,True,47.0,71.0,81.0,1.4826,38.75,32.25,21.752326993120196,4,0.5,0.5,True,False,2호기,002,train,True,3,400.0
002_20200625_003401(8),1,0.5079113924050633,0.516566265060241,0.03481012658227848,0.03313253012048193,11.0,11.0,121.00000000000001,316,332,0.48343373493975905,True,51.0,76.0,78.0,1.4826,45.0,31.0,20.909213543774452,4,0.5,0.5,True,False,2호기,002,train,True,3,400.0
002_20200625_003401(8),2,0.5174050632911392,0.6144578313253012,0.03481012658227848,0.030120481927710843,11.0,10.0,110.0,316,332,0.3855421686746988,True,41.0,82.0,86.0,1.4826,53.5,28.5,19.222986645082962,4,0.5,0.0,True,False,2호기,002,train,True,3,400.0
002_20200625_003406(3),0,0.4889240506329114,0.4503012048192771,0.03481012658227848,0.02710843373493976,11.0,9.0,99.0,316,332,0.4503012048192771,True,47.134891510009766,71.5,81.0,1.4826,45.25,26.25,17.705382436260624,5,1.5,-0.5,True,False,2호기,002,train,True,3,400.0
002_20200625_003406(3),1,0.49683544303797467,0.5195783132530121,0.03164556962025317,0.02710843373493976,10.0,9.0,90.0,316,332,0.48042168674698793,True,52.0,75.5,79.0,1.4826,51.5,24.0,16.187778227438287,5,1.0,-0.5,True,False,2호기,002,train,True,3,400.0
002_20200625_003406(3),2,0.5063291139240507,0.6159638554216867,0.03164556962025317,0.03313253012048193,10.0,11.0,110.0,316,332,0.38403614457831325,True,42.0,81.0,85.0,1.4826,49.25,31.75,21.415081613381897,4,1.0,0.5,True,False,2호기,002,train,True,3,400.0
002_20200625_003410(8),0,0.5063291139240507,0.44126506024096385,0.03164556962025317,0.03313253012048193,10.0,11.0,110.0,316,332,0.44126506024096385,True,47.0,70.0,82.0,1.4826,43.25,26.75,18.042627815998923,4,0.0,0.5,True,False,2호기,002,train,True,3,400.0
002_20200625_003410(8),1,0.5110759493670886,0.5135542168674698,0.03481012658227848,0.02710843373493976,11.0,9.0,99.0,316,332,0.4864457831325302,True,51.0,76.0,79.0,1.4826,44.5,31.5,21.246458923512748,4,0.5000000000000284,0.5000000000000284,True,False,2호기,002,train,True,3,400.0
002_20200625_003410(8),2,0.5189873417721519,0.6099397590361446,0.03164556962025317,0.03313253012048193,10.0,11.0,110.0,316,332,0.3900602409638554,True,42.0,80.5,85.0,1.4826,56.5,24.0,16.187778227438287,4,1.0,0.5,True,False,2호기,002,train,True,3,400.0
002_20200625_003415(4),0,0.4825949367088608,0.4442771084337349,0.028481012658227847,0.02710843373493976,9.0,9.0,81.0,316,332,0.4442771084337349,True,47.0,69.5,80.0,1.4826,49.0,20.5,13.827060569270202,5,0.5,-0.5,True,False,2호기,002,test,True,3,400.0
002_20200625_003415(4),1,0.4889240506329114,0.516566265060241,0.03481012658227848,0.02710843373493976,11.0,9.0,99.0,316,332,0.48343373493975905,True,51.0,74.0,78.0,1.4826,46.0,28.0,18.885741265344667,4,0.5,-0.5,True,False,2호기,002,test,True,3,400.0
002_20200625_003415(4),2,0.49683544303797467,0.6144578313253012,0.0379746835443038,0.030120481927710843,12.0,10.0,120.0,316,332,0.3855421686746988,True,41.0,81.0,85.0,2.9652,47.75,33.25,11.213408876298395,4,1.0,0.0,True,False,2호기,002,test,True,3,400.0
002_20200625_042934(9),0,0.5340909090909091,0.4608433734939759,0.028409090909090908,0.030120481927710843,10.0,10.0,99.99999999999999,352,332,0.4608433734939759,True,45.7410888671875,108.0,120.0,1.4826,68.0,40.0,26.97963037906381,4,1.0,1.0,True,False,1호기,002,train,True,3,400.0
002_20200625_042934(9),1,0.5511363636363636,0.5331325301204819,0.028409090909090908,0.030120481927710843,10.0,10.0,99.99999999999999,352,332,0.44886363636363635,True,52.0,110.0,114.0,1.4826,67.25,42.75,28.834479967624446,4,1.0,0.0,True,False,1호기,002,train,True,3,400.0
002_20200625_042934(9),2,0.5752840909090909,0.6234939759036144,0.03125,0.030120481927710843,11.0,10.0,110.0,352,332,0.37650602409638556,True,40.14729309082031,114.0,119.0,1.4826,73.75,40.25,27.148253068932956,4,1.5,0.0,True,False,1호기,002,train,True,3,400.0
002_20200625_042939(2),0,0.5625,0.41566265060240964,0.028409090909090908,0.030120481927710843,10.0,10.0,99.99999999999999,352,332,0.41566265060240964,True,46.0,105.0,118.0,1.4826,62.5,42.5,28.665857277755297,4,1.0,0.0,True,False,1호기,002,train,True,3,400.0
002_20200625_042939(2),1,0.5667613636363636,0.4939759036144578,0.02556818181818182,0.030120481927710843,9.0,10.0,90.0,352,332,0.43323863636363635,True,51.0,111.0,114.0,1.4826,74.75,36.25,24.450290031026576,3,1.5,-2.0,True,False,1호기,002,train,True,3,400.0
002_20200625_042939(2),2,0.578125,0.5858433734939759,0.02556818181818182,0.03313253012048193,9.0,11.0,99.00000000000001,352,332,0.41415662650602414,True,42.5906982421875,114.0,120.0,1.4826,71.75,42.25,28.497234587886147,4,0.5,0.5,True,False,1호기,002,train,True,3,400.0
002_20200625_042943(7),0,0.5795454545454546,0.375,0.028409090909090908,0.03313253012048193,10.0,11.0,110.0,352,332,0.375,True,42.9844970703125,106.0,116.5,1.4826,60.0,46.0,31.026574935923378,4,1.0,0.5,True,False,1호기,002,train,True,3,400.0
002_20200625_042943(7),1,0.5909090909090909,0.45180722891566266,0.028409090909090908,0.024096385542168676,10.0,8.0,80.0,352,332,0.40909090909090906,True,52.0,107.5,114.0,1.4826,71.5,36.0,24.281667341157426,4,0.0,-1.0,True,False,1호기,002,train,True,3,400.0
002_20200625_042943(7),2,0.6022727272727273,0.5466867469879518,0.028409090909090908,0.02710843373493976,10.0,9.0,90.0,352,332,0.3977272727272727,True,44.0,115.0,121.0,1.4826,78.5,36.5,24.618912720895725,4,1.0,-0.5,True,False,1호기,002,train,True,3,400.0
002_20200625_042948(3),0,0.5568181818181818,0.39156626506024095,0.022727272727272728,0.024096385542168676,8.0,8.0,64.0,352,332,0.39156626506024095,True,45.0,105.0,116.0,1.4826,63.75,41.25,27.822743828409553,4,2.842170943040401e-14,0.0,True,False,1호기,002,train,True,3,400.0
002_20200625_042948(3),1,0.5653409090909091,0.45933734939759036,0.03409090909090909,0.02710843373493976,12.0,9.0,108.0,352,332,0.43465909090909094,True,52.0,110.0,114.0,2.9652,72.75,37.25,12.562390395251585,5,1.0,1.5,True,False,1호기,002,train,True,3,400.0
002_20200625_042948(3),2,0.5809659090909091,0.5602409638554217,0.03125,0.030120481927710843,11.0,10.0,110.0,352,332,0.41903409090909094,True,42.7720947265625,114.0,120.0,2.9652,73.0,41.0,13.827060569270202,4,1.5,-1.0,True,False,1호기,002,train,True,3,400.0
002_20200625_042952(8),0,0.5923295454545454,0.3930722891566265,0.02556818181818182,0.02710843373493976,9.0,9.0,81.0,352,332,0.3930722891566265,True,44.3472900390625,103.0,116.0,1.4826,76.25,26.75,18.042627815998923,4,0.5,-0.5,True,False,1호기,002,val,True,3,400.0
002_20200625_042952(8),1,0.5852272727272727,0.46536144578313254,0.022727272727272728,0.02710843373493976,8.0,9.0,72.0,352,332,0.4147727272727273,True,53.1348876953125,108.0,113.0,2.2239,70.0,38.0,17.087099240073744,4,0.0,0.5,True,False,1호기,002,val,True,3,400.0
002_20200625_042952(8),2,0.5752840909090909,0.5647590361445783,0.03125,0.03313253012048193,11.0,11.0,121.00000000000001,352,332,0.42471590909090906,True,42.150390625,114.0,121.0,1.4826,77.75,36.25,24.450290031026576,4,1.5,-0.5,True,False,1호기,002,val,True,3,400.0
002_20200625_042957(3),0,0.5880681818181818,0.5376506024096386,0.028409090909090908,0.02710843373493976,10.0,9.0,90.0,352,332,0.41193181818181823,True,49.731788635253906,105.0,120.0,1.4826,69.5,35.5,23.94442196141913,4,-0.9999999999999716,0.5,True,False,1호기,002,train,True,3,400.0
002_20200625_042957(3),1,0.5923295454545454,0.6144578313253012,0.03125,0.024096385542168676,11.0,8.0,88.0,352,332,0.3855421686746988,True,52.0,107.5,111.0,1.4826,72.0,35.5,23.94442196141913,5,0.5,0.0,True,False,1호기,002,train,True,3,400.0
002_20200625_042957(3),2,0.6022727272727273,0.7078313253012049,0.028409090909090908,0.030120481927710843,10.0,10.0,99.99999999999999,352,332,0.29216867469879515,True,37.393798828125,118.0,122.0,1.4826,86.5,31.5,21.246458923512748,4,1.0,0.0,True,False,1호기,002,train,True,3,400.0
002_20200629_082630(7),0,0.5383522727272727,0.4171686746987952,0.03125,0.0391566265060241,11.0,13.0,143.0,352,332,0.4171686746987952,True,45.544189453125,105.0,115.0,1.4826,66.25,38.75,26.136516929718063,3,0.5,-0.5,True,False,1호기,002,train,True,3,400.0
002_20200629_082630(7),1,0.5525568181818182,0.48493975903614456,0.02556818181818182,0.03614457831325301,9.0,12.0,108.0,352,332,0.44744318181818177,True,53.181396484375,104.5,111.0,2.9652,69.5,35.0,11.803588290840416,3,0.4999999999999716,0.0,True,False,1호기,002,train,True,3,400.0
002_20200629_082630(7),2,0.5738636363636364,0.5753012048192772,0.028409090909090908,0.024096385542168676,10.0,8.0,80.0,352,332,0.42469879518072284,True,43.7410888671875,113.0,115.0,1.4826,76.75,36.25,24.450290031026576,6,2.0,0.9999999999999716,True,False,1호기,002,train,True,3,400.0
002_20200629_082639(2),0,0.5752840909090909,0.5045180722891566,0.02556818181818182,0.03313253012048193,9.0,11.0,99.00000000000001,352,332,0.42471590909090906,True,49.0,104.0,117.0,1.4826,61.25,42.75,28.834479967624446,4,0.5,0.5000000000000284,True,False,1호기,002,train,True,3,400.0
002_20200629_082639(2),1,0.5752840909090909,0.5798192771084337,0.03125,0.02108433734939759,11.0,6.999999999999999,77.0,352,332,0.42018072289156627,True,52.9844970703125,105.0,108.5,1.4826,74.75,30.25,20.403345474167004,3,1.5,-0.5,True,False,1호기,002,train,True,3,400.0
002_20200629_082639(2),2,0.578125,0.677710843373494,0.02556818181818182,0.024096385542168676,9.0,8.0,72.0,352,332,0.32228915662650603,True,38.78759765625,113.0,115.0,1.4826,72.0,41.0,27.654121138540404,4,1.5,0.0,True,False,1호기,002,train,True,3,400.0
002_20200629_082642(2),0,0.546875,0.5075301204819277,0.02556818181818182,0.02710843373493976,9.0,9.0,81.0,352,332,0.453125,True,49.1348876953125,106.0,117.0,1.4826,70.5,35.5,23.94442196141913,3,1.5,-0.5,True,False,1호기,002,train,True,3,400.0
002_20200629_082642(2),1,0.5596590909090909,0.5753012048192772,0.028409090909090908,0.030120481927710843,10.0,10.0,99.99999999999999,352,332,0.42469879518072284,True,53.0,105.0,108.5,1.4826,66.5,38.5,25.967894239848917,4,1.0,0.9999999999999716,True,False,1호기,002,train,True,3,400.0
002_20200629_082642(2),2,0.5767045454545454,0.6701807228915663,0.028409090909090908,0.03313253012048193,10.0,11.0,110.0,352,332,0.32981927710843373,True,40.393798828125,113.0,115.0,1.4826,69.75,43.25,29.17172534736274,4,1.0,1.5,True,False,1호기,002,train,True,3,400.0
002_20200629_082645(4),0,0.5710227272727273,0.4367469879518072,0.03409090909090909,0.030120481927710843,12.0,10.0,120.0,352,332,0.4289772727272727,True,47.0,103.5,114.0,1.4826,65.0,38.5,25.967894239848917,3,0.0,0.0,True,False,1호기,002,val,True,3,400.0
002_20200629_082645(4),1,0.5809659090909091,0.5090361445783133,0.03125,0.018072289156626505,11.0,6.0,66.0,352,332,0.41903409090909094,True,52.9844970703125,105.0,111.0,1.4826,69.75,35.25,23.77579927154998,3,0.5,-1.0,True,False,1호기,002,val,True,3,400.0
002_20200629_082645(4),2,0.5965909090909091,0.6054216867469879,0.028409090909090908,0.024096385542168676,10.0,8.0,80.0,352,332,0.39457831325301207,True,41.1968994140625,111.0,114.0,1.4826,73.0,38.0,25.630648860110618,4,1.0,0.0,True,False,1호기,002,val,True,3,400.0
002_20200629_082823(5),0,0.49050632911392406,0.44728915662650603,0.03164556962025317,0.02710843373493976,10.0,9.0,90.0,316,332,0.44728915662650603,True,47.0,67.0,77.0,1.4826,43.5,23.5,15.850532847699988,5,1.0,1.5,True,False,2호기,002,train,True,3,400.0
002_20200629_082823(5),1,0.495253164556962,0.5210843373493976,0.03481012658227848,0.030120481927710843,11.0,10.0,110.0,316,332,0.47891566265060237,True,52.0,72.0,77.0,1.4826,51.0,21.0,14.164305949008499,3,0.5,1.0,True,False,2호기,002,train,True,3,400.0
002_20200629_082823(5),2,0.5031645569620253,0.6204819277108434,0.03164556962025317,0.030120481927710843,10.0,10.0,99.99999999999999,316,332,0.37951807228915657,True,41.0,81.0,84.0,2.9652,52.0,29.0,9.78011601241063,4,1.0,-2.842170943040401e-14,True,False,2호기,002,train,True,3,400.0
002_20200629_082828(5),0,0.5015822784810127,0.48343373493975905,0.03481012658227848,0.03313253012048193,11.0,11.0,121.00000000000001,316,332,0.48343373493975905,True,48.0,69.0,81.0,1.4826,41.0,28.0,18.885741265344667,4,-0.5,1.5,True,False,2호기,002,train,True,3,400.0
002_20200629_082828(5),1,0.5079113924050633,0.5602409638554217,0.028481012658227847,0.030120481927710843,9.0,10.0,90.0,316,332,0.43975903614457834,True,53.0,74.0,77.0,1.4826,45.25,28.75,19.39160933495211,4,0.5,0.0,True,False,2호기,002,train,True,3,400.0
002_20200629_082828(5),2,0.5205696202531646,0.6581325301204819,0.028481012658227847,0.03313253012048193,9.0,11.0,99.00000000000001,316,332,0.3418674698795181,True,40.0,82.0,85.0,1.4826,51.5,30.5,20.571968164036154,5,0.5,-0.5,True,False,2호기,002,train,True,3,400.0
002_20200629_082831(3),0,0.4873417721518987,0.4427710843373494,0.03164556962025317,0.030120481927710843,10.0,10.0,99.99999999999999,316,332,0.4427710843373494,True,47.93798828125,66.0,77.0,1.4826,38.75,27.25,18.37987319573722,4,2.0,0.0,True,False,2호기,002,train,True,3,400.0
002_20200629_082831(3),1,0.495253164556962,0.5195783132530121,0.03481012658227848,0.02710843373493976,11.0,9.0,99.0,316,332,0.48042168674698793,True,52.393798828125,73.5,77.0,1.4826,42.75,30.75,20.740590853905303,4,0.5,-1.5,True,False,2호기,002,train,True,3,400.0
002_20200629_082831(3),2,0.5015822784810127,0.6174698795180723,0.028481012658227847,0.03614457831325301,9.0,12.0,108.0,316,332,0.3825301204819277,True,40.0,80.5,84.0,2.9652,52.0,28.5,9.611493322541481,4,-0.5,-1.0,True,False,2호기,002,train,True,3,400.0
002_20200629_082834(2),0,0.4762658227848101,0.4307228915662651,0.03481012658227848,0.030120481927710843,11.0,10.0,110.0,316,332,0.4307228915662651,True,47.1968994140625,67.0,78.0,1.4826,39.5,27.5,18.548495885606368,4,0.5,0.0,True,False,2호기,002,test,True,3,400.0
002_20200629_082834(2),1,0.4762658227848101,0.5015060240963856,0.028481012658227847,0.02710843373493976,9.0,9.0,81.0,316,332,0.4762658227848101,True,52.0,71.0,76.0,1.4826,46.75,24.25,16.356400917307433,4,1.5,0.5,True,False,2호기,002,test,True,3,400.0
002_20200629_082834(2),2,0.4810126582278481,0.6009036144578314,0.02531645569620253,0.03313253012048193,8.0,11.0,88.0,316,332,0.39909638554216864,True,42.0,80.0,84.0,1.4826,49.25,30.75,20.740590853905303,4,1.0,0.5,True,False,2호기,002,test,True,3,400.0
002_20200629_082837(0),0,0.48575949367088606,0.4427710843373494,0.028481012658227847,0.030120481927710843,9.0,10.0,90.0,316,332,0.4427710843373494,True,49.0,68.0,78.0,1.4826,40.5,27.5,18.548495885606368,4,-0.5,-1.0,True,False,2호기,002,train,True,3,400.0
002_20200629_082837(0),1,0.4873417721518987,0.5120481927710844,0.02531645569620253,0.024096385542168676,8.0,8.0,64.0,316,332,0.4873417721518987,True,52.0,75.0,77.0,1.4826,42.0,33.0,22.25819506272764,4,1.0,0.0,True,False,2호기,002,train,True,3,400.0
002_20200629_082837(0),2,0.5,0.6114457831325302,0.02531645569620253,0.030120481927710843,8.0,10.0,80.0,316,332,0.3885542168674698,True,40.393798828125,80.0,84.0,1.4826,60.5,19.5,13.152569809793606,24,0.0,-1.0000000000000284,True,False,2호기,002,train,True,3,400.0
002_20200629_082839(9),0,0.504746835443038,0.4427710843373494,0.03481012658227848,0.030120481927710843,11.0,10.0,110.0,316,332,0.4427710843373494,True,48.7410888671875,69.0,77.0,1.4826,46.75,22.25,15.007419398354243,4,0.5,0.0,True,False,2호기,002,val,True,3,400.0
002_20200629_082839(9),1,0.5015822784810127,0.5105421686746988,0.03481012658227848,0.02108433734939759,11.0,6.999999999999999,77.0,316,332,0.4894578313253012,True,52.9844970703125,74.0,77.0,1.4826,44.75,29.25,19.72885471469041,4,0.5,0.5,True,False,2호기,002,val,True,3,400.0
002_20200629_082839(9),2,0.5,0.6114457831325302,0.02531645569620253,0.030120481927710843,8.0,10.0,80.0,316,332,0.3885542168674698,True,41.1968994140625,79.5,84.0,1.4826,53.75,25.75,17.368137056522325,4,0.0,-2.842170943040401e-14,True,False,2호기,002,val,True,3,400.0
002_20200629_123442(5),0,0.49050632911392406,0.4397590361445783,0.02531645569620253,0.030120481927710843,8.0,10.0,80.0,316,332,0.4397590361445783,True,46.0,70.5,79.0,1.4826,46.25,24.25,16.356400917307433,3,1.0,1.0,True,False,2호기,002,train,True,3,400.0
002_20200629_123442(5),1,0.495253164556962,0.5150602409638554,0.028481012658227847,0.030120481927710843,9.0,10.0,90.0,316,332,0.4849397590361446,True,52.0,72.0,78.0,1.4826,52.75,19.25,12.983947119924458,3,0.5,0.0,True,False,2호기,002,train,True,3,400.0
002_20200629_123442(5),2,0.504746835443038,0.608433734939759,0.03481012658227848,0.030120481927710843,11.0,10.0,110.0,316,332,0.39156626506024095,True,43.0,82.0,86.0,1.4826,53.0,29.0,19.56023202482126,4,0.5,1.0,True,False,2호기,002,train,True,3,400.0
002_20200629_123447(0),0,0.4825949367088608,0.44728915662650603,0.028481012658227847,0.02710843373493976,9.0,9.0,81.0,316,332,0.44728915662650603,True,47.93798828125,69.5,80.0,2.9652,43.0,26.5,8.937002563064887,4,0.5,-0.5,True,False,2호기,002,train,True,3,400.0
002_20200629_123447(0),1,0.4889240506329114,0.5195783132530121,0.022151898734177215,0.02710843373493976,7.0,9.0,63.0,316,332,0.48042168674698793,True,52.0,76.0,78.0,1.4826,45.0,31.0,20.909213543774452,4,0.5,-0.5,True,False,2호기,002,train,True,3,400.0
002_20200629_123447(0),2,0.495253164556962,0.6144578313253012,0.028481012658227847,0.030120481927710843,9.0,10.0,90.0,316,332,0.3855421686746988,True,41.0,81.5,86.0,2.9652,50.25,31.25,10.538918116821801,4,1.5,0.0,True,False,2호기,002,train,True,3,400.0
002_20200629_123451(5),0,0.4920886075949367,0.44879518072289154,0.028481012658227847,0.030120481927710843,9.0,10.0,90.0,316,332,0.44879518072289154,True,48.0,70.0,80.0,1.4826,51.5,18.5,12.478079050317012,5,-0.5,0.0,True,False,2호기,002,train,True,3,400.0
002_20200629_123451(5),1,0.495253164556962,0.5195783132530121,0.028481012658227847,0.02710843373493976,9.0,9.0,81.0,316,332,0.48042168674698793,True,52.0,74.0,77.0,1.4826,51.0,23.0,15.513287467961689,3,0.5,-0.5,True,False,2호기,002,train,True,3,400.0
002_20200629_123451(5),2,0.504746835443038,0.6174698795180723,0.028481012658227847,0.030120481927710843,9.0,10.0,90.0,316,332,0.3825301204819277,True,41.0,81.5,86.0,1.4826,47.5,34.0,22.93268582220424,4,0.5,0.0,True,False,2호기,002,train,True,3,400.0
002_20200629_123456(0),0,0.47151898734177217,0.4457831325301205,0.03164556962025317,0.024096385542168676,10.0,8.0,80.0,316,332,0.4457831325301205,True,48.0,69.0,80.0,1.4826,39.0,30.0,20.234722784297855,4,0.0,-1.0,True,False,2호기,002,train,True,3,400.0
002_20200629_123456(0),1,0.4762658227848101,0.5150602409638554,0.022151898734177215,0.024096385542168676,7.0,8.0,56.00000000000001,316,332,0.4762658227848101,True,52.0,76.0,78.0,1.4826,41.0,35.0,23.607176581680832,4,0.5,0.0,True,False,2호기,002,train,True,3,400.0
002_20200629_123456(0),2,0.48575949367088606,0.6129518072289156,0.028481012658227847,0.02108433734939759,9.0,6.999999999999999,62.99999999999999,316,332,0.3870481927710844,True,42.0,82.0,86.0,2.9652,53.75,28.25,9.527181977606908,4,0.5,0.5,True,False,2호기,002,train,True,3,400.0
002_20200629_123500(5),0,0.4825949367088608,0.44728915662650603,0.03481012658227848,0.02710843373493976,11.0,9.0,99.0,316,332,0.44728915662650603,True,47.93798828125,69.5,79.0,1.4826,39.0,30.5,20.571968164036154,4,0.5,-0.5,True,False,2호기,002,val,True,3,400.0
002_20200629_123500(5),1,0.4889240506329114,0.516566265060241,0.028481012658227847,0.02710843373493976,9.0,9.0,81.0,316,332,0.48343373493975905,True,52.0,75.5,77.0,2.2239,46.5,29.0,13.040154683214173,4,0.5,0.5,True,False,2호기,002,val,True,3,400.0
002_20200629_123500(5),2,0.495253164556962,0.6159638554216867,0.028481012658227847,0.02710843373493976,9.0,9.0,81.0,316,332,0.38403614457831325,True,42.0,82.0,86.0,1.4826,55.0,27.0,18.21125050586807,3,1.5,-0.5,True,False,2호기,002,val,True,3,400.0
002_20200629_123505(0),0,0.48417721518987344,0.4397590361445783,0.03164556962025317,0.024096385542168676,10.0,8.0,80.0,316,332,0.4397590361445783,True,46.0,71.0,79.0,1.4826,41.75,29.25,19.72885471469041,4,1.0,1.0,True,False,2호기,002,train,True,3,400.0
002_20200629_123505(0),1,0.4889240506329114,0.5150602409638554,0.022151898734177215,0.024096385542168676,7.0,8.0,56.00000000000001,316,332,0.4849397590361446,True,52.0,76.0,78.0,1.4826,49.5,26.5,17.874005126129774,4,1.5,0.0,True,False,2호기,002,train,True,3,400.0
002_20200629_123505(0),2,0.49841772151898733,0.6144578313253012,0.022151898734177215,0.024096385542168676,7.0,8.0,56.00000000000001,316,332,0.3855421686746988,True,41.0,80.0,85.0,1.4826,55.0,25.0,16.86226898691488,5,0.5,0.0,True,False,2호기,002,train,True,3,400.0
002_20200629_163656(7),0,0.495253164556962,0.4442771084337349,0.028481012658227847,0.02710843373493976,9.0,9.0,81.0,316,332,0.4442771084337349,True,46.0,70.0,81.0,2.2239,37.0,33.0,14.838796708485093,4,0.5,0.5,True,False,2호기,002,train,True,3,400.0
002_20200629_163656(7),1,0.5015822784810127,0.516566265060241,0.028481012658227847,0.02710843373493976,9.0,9.0,81.0,316,332,0.48343373493975905,True,52.0,74.5,78.0,1.4826,51.75,22.75,15.344664778092541,3,-0.5,0.5,True,False,2호기,002,train,True,3,400.0
002_20200629_163656(7),2,0.5063291139240507,0.6159638554216867,0.02531645569620253,0.02710843373493976,8.0,9.0,72.0,316,332,0.38403614457831325,True,42.0,82.0,85.0,1.4826,49.25,32.75,22.089572372858495,4,1.0,0.5,True,False,2호기,002,train,True,3,400.0
002_20200629_163659(7),0,0.4651898734177215,0.4322289156626506,0.03164556962025317,0.02108433734939759,10.0,6.999999999999999,70.0,316,332,0.4322289156626506,True,45.78759765625,70.5,80.0,1.4826,42.5,28.0,18.885741265344667,4,1.0,0.5,True,False,2호기,002,train,True,3,400.0
002_20200629_163659(7),1,0.47943037974683544,0.5045180722891566,0.022151898734177215,0.02108433734939759,7.0,6.999999999999999,49.0,316,332,0.47943037974683544,True,51.0,73.0,77.0,1.4826,50.75,22.25,15.007419398354243,3,0.5,-0.4999999999999716,True,False,2호기,002,train,True,3,400.0
002_20200629_163659(7),2,0.5,0.5948795180722891,0.02531645569620253,0.02710843373493976,8.0,9.0,72.0,316,332,0.4051204819277109,True,44.1968994140625,80.0,84.0,1.4826,49.0,31.0,20.909213543774452,4,1.0,1.5,True,False,2호기,002,train,True,3,400.0
002_20200629_163702(8),0,0.4825949367088608,0.4457831325301205,0.03481012658227848,0.030120481927710843,11.0,10.0,110.0,316,332,0.4457831325301205,True,47.0,69.0,81.0,1.4826,48.0,21.0,14.164305949008499,3,-0.5,0.0,True,False,2호기,002,test,True,3,400.0
002_20200629_163702(8),1,0.48575949367088606,0.5180722891566265,0.028481012658227847,0.030120481927710843,9.0,10.0,90.0,316,332,0.4819277108433735,True,51.0,75.0,78.0,1.4826,51.5,23.5,15.850532847699988,5,0.5,1.0,True,False,2호기,002,test,True,3,400.0
002_20200629_163702(8),2,0.495253164556962,0.6159638554216867,0.028481012658227847,0.02710843373493976,9.0,9.0,81.0,316,332,0.38403614457831325,True,42.0,81.0,85.0,1.4826,51.0,30.0,20.234722784297855,4,0.5,0.5,True,False,2호기,002,test,True,3,400.0
002_20200629_163705(8),0,0.49841772151898733,0.4442771084337349,0.03481012658227848,0.02710843373493976,11.0,9.0,99.0,316,332,0.4442771084337349,True,47.0,69.0,80.0,1.4826,44.75,24.25,16.356400917307433,3,0.5,-0.5,True,False,2호기,002,train,True,3,400.0
002_20200629_163705(8),1,0.5079113924050633,0.5135542168674698,0.028481012658227847,0.03313253012048193,9.0,11.0,99.00000000000001,316,332,0.4864457831325302,True,52.0,75.5,77.0,1.4826,49.5,26.0,17.536759746391475,3,0.5,0.5000000000000284,True,False,2호기,002,train,True,3,400.0
002_20200629_163705(8),2,0.5189873417721519,0.6114457831325302,0.02531645569620253,0.03614457831325301,8.0,12.0,96.0,316,332,0.3885542168674698,True,41.78759765625,81.5,85.0,1.4826,56.0,25.5,17.19951436665318,14,0.0,-2.842170943040401e-14,True,False,2호기,002,train,True,3,400.0
002_20200629_163708(9),0,0.5015822784810127,0.42319277108433734,0.028481012658227847,0.02710843373493976,9.0,9.0,81.0,316,332,0.42319277108433734,True,45.5906982421875,70.0,80.0,1.4826,40.0,30.0,20.234722784297855,4,0.5,0.5,True,False,2호기,002,test,True,3,400.0
002_20200629_163708(9),1,0.5015822784810127,0.49849397590361444,0.03481012658227848,0.02108433734939759,11.0,6.999999999999999,77.0,316,332,0.49841772151898733,True,52.393798828125,74.0,77.0,1.4826,57.5,16.5,11.12909753136382,3,0.5,0.5,True,False,2호기,002,test,True,3,400.0
002_20200629_163708(9),2,0.5015822784810127,0.5948795180722891,0.028481012658227847,0.02710843373493976,9.0,9.0,81.0,316,332,0.4051204819277109,True,43.0,80.5,85.0,1.4826,59.0,21.5,14.501551328746796,24,0.5,0.5,True,False,2호기,002,test,True,3,400.0
002_20200629_163711(8),0,0.49841772151898733,0.4427710843373494,0.028481012658227847,0.030120481927710843,9.0,10.0,90.0,316,332,0.4427710843373494,True,47.0,70.0,79.0,1.4826,45.5,24.5,16.525023607176582,5,0.5,1.0,True,False,2호기,002,train,True,3,400.0
002_20200629_163711(8),1,0.5063291139240507,0.5150602409638554,0.02531645569620253,0.030120481927710843,8.0,10.0,80.0,316,332,0.4849397590361446,True,53.0,75.0,78.0,1.4826,49.75,25.25,17.03089167678403,4,0.0,1.0,True,False,2호기,002,train,True,3,400.0
002_20200629_163711(8),2,0.5126582278481012,0.6174698795180723,0.0189873417721519,0.030120481927710843,6.0,10.0,60.0,316,332,0.3825301204819277,True,40.0,81.0,86.0,1.4826,51.75,29.25,19.72885471469041,4,1.0,-1.0,True,False,2호기,002,train,True,3,400.0
002_20200714_042641(8),0,0.5426136363636364,0.3629518072289157,0.022727272727272728,0.03313253012048193,8.0,11.0,88.0,352,332,0.3629518072289157,True,43.0,105.0,116.0,1.4826,66.0,39.0,26.305139619587212,4,2.0,0.5,True,False,1호기,002,train,True,3,400.0
002_20200714_042641(8),1,0.5511363636363636,0.4352409638554217,0.022727272727272728,0.03313253012048193,8.0,11.0,88.0,352,332,0.4352409638554217,True,52.0,112.0,115.0,1.4826,72.5,39.5,26.64238499932551,4,2.0,-0.5,True,False,1호기,002,train,True,3,400.0
002_20200714_042641(8),2,0.5653409090909091,0.5331325301204819,0.022727272727272728,0.030120481927710843,8.0,10.0,80.0,352,332,0.43465909090909094,True,44.0,118.0,122.0,1.4826,88.0,30.0,20.234722784297855,19,1.0,-1.0,True,False,1호기,002,train,True,3,400.0
002_20200714_083054(2),0,0.5610795454545454,0.42771084337349397,0.02556818181818182,0.030120481927710843,9.0,10.0,90.0,352,332,0.42771084337349397,True,47.0,107.0,120.0,1.4826,61.75,45.25,30.520706866315933,4,0.5,-1.0,True,False,1호기,002,train,True,3,400.0
002_20200714_083054(2),1,0.5653409090909091,0.4954819277108434,0.022727272727272728,0.02710843373493976,8.0,9.0,72.0,352,332,0.43465909090909094,True,52.78759765625,114.0,118.0,1.4826,74.75,39.25,26.47376230945636,4,1.0,0.5,True,False,1호기,002,train,True,3,400.0
002_20200714_083054(2),2,0.5738636363636364,0.5948795180722891,0.022727272727272728,0.02710843373493976,8.0,9.0,72.0,352,332,0.4051204819277109,True,42.0,117.0,121.5,2.9652,76.0,41.0,13.827060569270202,6,2.0,-0.5,True,False,1호기,002,train,True,3,400.0
002_20200714_083057(5),0,0.5525568181818182,0.39457831325301207,0.02556818181818182,0.03614457831325301,9.0,12.0,108.0,352,332,0.39457831325301207,True,43.0,106.0,116.0,2.2239,58.25,47.75,21.471289176671615,4,1.4999999999999716,1.0,True,False,1호기,002,train,True,3,400.0
002_20200714_083057(5),1,0.5596590909090909,0.4683734939759036,0.028409090909090908,0.02710843373493976,10.0,9.0,90.0,352,332,0.44034090909090906,True,52.0,111.0,114.0,1.4826,69.0,42.0,28.328611898016998,4,2.0,-0.5,True,False,1호기,002,train,True,3,400.0
002_20200714_083057(5),2,0.5838068181818182,0.5692771084337349,0.019886363636363636,0.030120481927710843,7.0,10.0,70.0,352,332,0.41619318181818177,True,39.7720947265625,118.0,122.0,1.4826,76.25,41.75,28.15998920814785,4,-1.5000000000000284,-2.0,True,False,1호기,002,train,True,3,400.0
002_20200714_083101(7),0,0.5610795454545454,0.39006024096385544,0.02556818181818182,0.0391566265060241,9.0,13.0,117.0,352,332,0.39006024096385544,True,43.0,107.0,117.0,1.4826,59.75,47.25,31.869688385269125,4,1.5,-0.5,True,False,1호기,002,train,True,3,400.0
002_20200714_083101(7),1,0.5738636363636364,0.45933734939759036,0.022727272727272728,0.03313253012048193,8.0,11.0,88.0,352,332,0.42613636363636365,True,53.0,108.0,114.0,1.4826,70.0,38.0,25.630648860110618,3,0.0,-0.5,True,False,1호기,002,train,True,3,400.0
002_20200714_083101(7),2,0.5866477272727273,0.5557228915662651,0.02556818181818182,0.03313253012048193,9.0,11.0,99.00000000000001,352,332,0.4133522727272727,True,43.150390625,114.0,121.0,1.4826,77.0,37.0,24.956158100634024,4,1.5,0.5,True,False,1호기,002,train,True,3,400.0
002_20200714_083106(2),0,0.5525568181818182,0.44728915662650603,0.02556818181818182,0.02710843373493976,9.0,9.0,81.0,352,332,0.44728915662650603,True,44.5906982421875,107.0,117.0,1.4826,60.75,46.25,31.195197625792527,4,0.4999999999999716,-0.5,True,False,1호기,002,test,True,3,400.0
002_20200714_083106(2),1,0.5625,0.5135542168674698,0.022727272727272728,0.02108433734939759,8.0,6.999999999999999,55.99999999999999,352,332,0.4375,True,52.0,111.0,115.0,2.9652,80.75,30.25,10.201672737083502,4,2.0,-0.4999999999999716,True,False,1호기,002,test,True,3,400.0
002_20200714_083106(2),2,0.5866477272727273,0.6114457831325302,0.02556818181818182,0.024096385542168676,9.0,8.0,72.0,352,332,0.3885542168674698,True,39.150390625,112.5,117.0,1.4826,67.5,45.0,30.352084176446784,4,0.5,-2.842170943040401e-14,True,False,1호기,002,test,True,3,400.0
002_20200714_083110(8),0,0.5511363636363636,0.4789156626506024,0.022727272727272728,0.024096385542168676,8.0,8.0,64.0,352,332,0.44886363636363635,True,44.544189453125,108.0,118.5,1.4826,63.0,45.0,30.352084176446784,4,1.0,1.0,True,False,1호기,002,test,True,3,400.0
002_20200714_083110(8),1,0.5696022727272727,0.5436746987951807,0.019886363636363636,0.02710843373493976,7.0,9.0,63.0,352,332,0.4303977272727273,True,53.181396484375,111.0,114.0,1.4826,64.75,46.25,31.195197625792527,4,0.5,1.5,True,False,1호기,002,test,True,3,400.0
002_20200714_083110(8),2,0.5951704545454546,0.6430722891566265,0.019886363636363636,0.02710843373493976,7.0,9.0,63.0,352,332,0.3569277108433735,True,37.95039367675781,111.0,117.0,1.4826,73.5,37.5,25.29340348037232,4,0.5,0.5,True,False,1호기,002,test,True,3,400.0
002_20200714_083115(1),0,0.5639204545454546,0.5120481927710844,0.019886363636363636,0.03614457831325301,7.0,12.0,84.0,352,332,0.4360795454545454,True,48.0,110.5,121.5,1.4826,64.0,46.5,31.363820315661677,4,0.5,0.0,True,False,1호기,002,train,True,3,400.0
002_20200714_083115(1),1,0.5681818181818182,0.5813253012048193,0.022727272727272728,0.030120481927710843,8.0,10.0,80.0,352,332,0.4186746987951807,True,52.0,110.5,113.0,1.4826,72.0,38.5,25.967894239848917,4,1.9999999999999716,1.0,True,False,1호기,002,train,True,3,400.0
002_20200714_083115(1),2,0.5795454545454546,0.6822289156626506,0.022727272727272728,0.02710843373493976,8.0,9.0,72.0,352,332,0.31777108433734935,True,38.1968994140625,115.0,122.0,1.4826,87.5,27.5,18.548495885606368,18,1.0,0.4999999999999716,True,False,1호기,002,train,True,3,400.0
002_20200714_123109(8),0,0.5610795454545454,0.516566265060241,0.02556818181818182,0.02108433734939759,9.0,6.999999999999999,62.99999999999999,352,332,0.4389204545454546,True,46.134891510009766,113.5,124.0,1.4826,66.5,47.0,31.701065695399976,4,1.5,0.5,True,False,1호기,002,val,True,3,400.0
002_20200714_123109(8),1,0.5767045454545454,0.5858433734939759,0.022727272727272728,0.02710843373493976,8.0,9.0,72.0,352,332,0.41415662650602414,True,51.78759765625,112.0,115.0,1.4826,65.75,46.25,31.195197625792527,4,1.0,0.5,True,False,1호기,002,val,True,3,400.0
002_20200714_123109(8),2,0.5994318181818182,0.6807228915662651,0.028409090909090908,0.024096385542168676,10.0,8.0,80.0,352,332,0.3192771084337349,True,39.544193267822266,121.0,126.0,1.4826,88.5,32.5,21.920949682989345,4,-2.842170943040401e-14,0.0,True,False,1호기,002,val,True,3,400.0
002_20200714_123113(1),0,0.5795454545454546,0.2891566265060241,0.022727272727272728,0.024096385542168676,8.0,8.0,64.0,352,332,0.2891566265060241,True,42.9844970703125,111.0,122.0,1.4826,72.75,38.25,25.799271549979768,4,0.0,-1.0,True,False,1호기,002,train,True,3,400.0
002_20200714_123113(1),1,0.5809659090909091,0.3614457831325301,0.03125,0.024096385542168676,11.0,8.0,88.0,352,332,0.3614457831325301,True,52.0,108.0,115.0,1.4826,77.5,30.5,20.571968164036154,3,0.5,-1.0,True,False,1호기,002,train,True,3,400.0
002_20200714_123113(1),2,0.5880681818181818,0.4578313253012048,0.028409090909090908,0.024096385542168676,10.0,8.0,80.0,352,332,0.41193181818181823,True,48.0,119.5,124.0,1.4826,74.25,45.25,30.520706866315933,4,1.0000000000000284,0.0,True,False,1호기,002,train,True,3,400.0
002_20200714_123117(3),0,0.5795454545454546,0.4427710843373494,0.022727272727272728,0.024096385542168676,8.0,8.0,64.0,352,332,0.4204545454545454,True,47.0,110.0,121.0,2.9652,74.75,35.25,11.88789963577499,4,1.0,0.0,True,False,1호기,002,train,True,3,400.0
002_20200714_123117(3),1,0.5852272727272727,0.5135542168674698,0.028409090909090908,0.02710843373493976,10.0,9.0,90.0,352,332,0.4147727272727273,True,53.0,114.0,117.0,1.4826,72.25,41.75,28.15998920814785,4,0.0,0.5000000000000284,True,False,1호기,002,train,True,3,400.0
002_20200714_123117(3),2,0.5909090909090909,0.6114457831325302,0.022727272727272728,0.030120481927710843,8.0,10.0,80.0,352,332,0.3885542168674698,True,43.0,118.0,122.0,1.4826,86.5,31.5,21.246458923512748,4,1.0,0.9999999999999716,True,False,1호기,002,train,True,3,400.0
002_20200714_123120(4),0,0.5738636363636364,0.4367469879518072,0.028409090909090908,0.024096385542168676,10.0,8.0,80.0,352,332,0.42613636363636365,True,47.0,108.0,121.0,1.4826,67.5,40.5,27.316875758802105,4,1.0,-1.0,True,False,1호기,002,val,True,3,400.0
002_20200714_123120(4),1,0.5823863636363636,0.5090361445783133,0.022727272727272728,0.030120481927710843,8.0,10.0,80.0,352,332,0.41761363636363635,True,53.0,114.0,116.0,2.9652,76.75,37.25,12.562390395251585,4,1.0,-1.0,True,False,1호기,002,val,True,3,400.0
002_20200714_123120(4),2,0.5951704545454546,0.6009036144578314,0.02556818181818182,0.02710843373493976,9.0,9.0,81.0,352,332,0.39909638554216864,True,43.0,118.0,122.0,1.4826,69.5,48.5,32.712801834614865,4,0.5,0.5,True,False,1호기,002,val,True,3,400.0
002_20200714_123123(5),0,0.5667613636363636,0.5075301204819277,0.02556818181818182,0.02710843373493976,9.0,9.0,81.0,352,332,0.43323863636363635,True,48.0,111.0,122.0,1.4826,57.75,53.25,35.91663294212869,4,1.5,0.5,True,False,1호기,002,train,True,3,400.0
002_20200714_123123(5),1,0.5738636363636364,0.5828313253012049,0.022727272727272728,0.02710843373493976,8.0,9.0,72.0,352,332,0.41716867469879515,True,54.0,109.0,114.0,1.4826,65.5,43.5,29.34034803723189,4,0.0,-0.5,True,False,1호기,002,train,True,3,400.0
002_20200714_123123(5),2,0.578125,0.6807228915662651,0.02556818181818182,0.024096385542168676,9.0,8.0,72.0,352,332,0.3192771084337349,True,39.5906982421875,120.0,125.0,1.4826,90.75,29.25,19.72885471469041,3,0.5,0.0,True,False,1호기,002,train,True,3,400.0
002_20200714_123126(4),0,0.5582386363636364,0.463855421686747,0.02556818181818182,0.030120481927710843,9.0,10.0,90.0,352,332,0.44176136363636365,True,47.0,108.0,120.0,1.4826,71.0,37.0,24.956158100634024,4,0.5,0.0,True,False,1호기,002,train,True,3,400.0
002_20200714_123126(4),1,0.5639204545454546,0.5346385542168675,0.03125,0.02710843373493976,11.0,9.0,99.0,352,332,0.4360795454545454,True,52.0,111.0,115.0,1.4826,67.0,44.0,29.67759341697019,4,1.5,0.5,True,False,1호기,002,train,True,3,400.0
002_20200714_123126(4),2,0.5795454545454546,0.6340361445783133,0.028409090909090908,0.02710843373493976,10.0,9.0,90.0,352,332,0.36596385542168675,True,41.0,120.0,122.0,1.4826,75.75,44.25,29.84621610683934,4,0.0,-0.5,True,False,1호기,002,train,True,3,400.0
002_20200714_163046(2),0,0.5880681818181818,0.4141566265060241,0.028409090909090908,0.02710843373493976,10.0,9.0,90.0,352,332,0.41193181818181823,True,45.0,116.0,122.0,2.9652,77.0,39.0,13.152569809793606,4,1.0000000000000284,0.5,True,False,1호기,002,train,True,3,400.0
002_20200714_163046(2),1,0.5880681818181818,0.48042168674698793,0.028409090909090908,0.02710843373493976,10.0,9.0,90.0,352,332,0.41193181818181823,True,63.0,118.0,121.0,1.4826,77.25,40.75,27.485498448671255,4,1.0000000000000284,-0.5,True,False,1호기,002,train,True,3,400.0
002_20200714_163046(2),2,0.59375,0.5572289156626506,0.028409090909090908,0.030120481927710843,10.0,10.0,99.99999999999999,352,332,0.40625,True,49.0,122.0,123.0,1.4826,88.0,34.0,22.93268582220424,3,0.0,-2.842170943040401e-14,True,False,1호기,002,train,True,3,400.0
002_20200714_163049(8),0,0.5965909090909091,0.41566265060240964,0.03409090909090909,0.030120481927710843,12.0,10.0,120.0,352,332,0.40340909090909094,True,44.393798828125,115.0,121.0,1.4826,80.75,34.25,23.101308512073388,4,1.0,1.0,True,False,1호기,002,val,True,3,400.0
002_20200714_163049(8),1,0.6065340909090909,0.4879518072289157,0.02556818181818182,0.030120481927710843,9.0,10.0,90.0,352,332,0.39346590909090906,True,64.0,114.5,118.0,1.4826,76.25,38.25,25.799271549979768,4,0.5,-2.0,True,False,1호기,002,val,True,3,400.0
002_20200714_163049(8),2,0.6164772727272727,0.5557228915662651,0.028409090909090908,0.03313253012048193,10.0,11.0,110.0,352,332,0.3835227272727273,True,45.7410888671875,117.0,119.0,1.4826,74.75,42.25,28.497234587886147,4,1.0,0.5,True,False,1호기,002,val,True,3,400.0
002_20200714_163053(5),0,0.5653409090909091,0.4608433734939759,0.022727272727272728,0.030120481927710843,8.0,10.0,80.0,352,332,0.43465909090909094,True,44.937992095947266,114.0,118.0,1.4826,87.0,27.0,18.21125050586807,3,1.0,0.0,True,False,1호기,002,train,True,3,400.0
002_20200714_163053(5),1,0.5809659090909091,0.5210843373493976,0.02556818181818182,0.024096385542168676,9.0,8.0,72.0,352,332,0.41903409090909094,True,62.913185119628906,113.0,115.0,1.4826,77.0,36.0,24.281667341157426,2,0.5,0.0,True,False,1호기,002,train,True,3,400.0
002_20200714_163053(5),2,0.6022727272727273,0.5918674698795181,0.022727272727272728,0.02710843373493976,8.0,9.0,72.0,352,332,0.3977272727272727,True,39.544193267822266,113.5,115.0,1.4826,77.0,36.5,24.618912720895725,4,1.0,0.5,True,False,1호기,002,train,True,3,400.0
002_20200714_163056(8),0,0.6022727272727273,0.45933734939759036,0.028409090909090908,0.02710843373493976,10.0,9.0,90.0,352,332,0.3977272727272727,True,46.393798828125,113.0,119.0,1.4826,74.75,38.25,25.799271549979768,4,0.0,-0.5,True,False,1호기,002,test,True,3,400.0
002_20200714_163056(8),1,0.609375,0.5240963855421686,0.03125,0.030120481927710843,11.0,10.0,110.0,352,332,0.390625,True,63.119384765625,113.0,114.0,1.4826,73.25,39.75,26.81100768919466,4,0.5,0.0,True,False,1호기,002,test,True,3,400.0
002_20200714_163056(8),2,0.6193181818181818,0.5978915662650602,0.028409090909090908,0.02710843373493976,10.0,9.0,90.0,352,332,0.38068181818181823,True,39.150390625,113.0,115.0,1.4826,83.75,29.25,19.72885471469041,3,1.0000000000000284,0.5,True,False,1호기,002,test,True,3,400.0
002_20200714_163100(2),0,0.5823863636363636,0.46536144578313254,0.022727272727272728,0.02710843373493976,8.0,9.0,72.0,352,332,0.41761363636363635,True,45.968994140625,114.0,119.0,1.4826,84.75,29.25,19.72885471469041,18,1.0,0.5,True,False,1호기,002,train,True,3,400.0
002_20200714_163100(2),1,0.5923295454545454,0.5256024096385542,0.02556818181818182,0.02710843373493976,9.0,9.0,81.0,352,332,0.4076704545454546,True,63.1968994140625,111.0,114.0,1.4826,79.25,31.75,21.415081613381897,3,1.5,1.5,True,False,1호기,002,train,True,3,400.0
002_20200714_163100(2),2,0.6079545454545454,0.6069277108433735,0.022727272727272728,0.02710843373493976,8.0,9.0,72.0,352,332,0.3920454545454546,True,37.347293853759766,113.0,114.0,1.4826,72.75,40.25,27.148253068932956,4,1.0,-0.5,True,False,1호기,002,train,True,3,400.0
002_20200714_163103(5),0,0.5809659090909091,0.4292168674698795,0.02556818181818182,0.02710843373493976,9.0,9.0,81.0,352,332,0.41903409090909094,True,43.5906982421875,111.0,118.0,1.4826,68.0,43.0,29.003102657493592,4,1.5,0.5,True,False,1호기,002,test,True,3,400.0
002_20200714_163103(5),1,0.5852272727272727,0.49698795180722893,0.022727272727272728,0.030120481927710843,8.0,10.0,80.0,352,332,0.4147727272727273,True,62.1968994140625,113.0,115.0,1.4826,72.25,40.75,27.485498448671255,4,2.0,0.0,True,False,1호기,002,test,True,3,400.0
002_20200714_163103(5),2,0.5980113636363636,0.572289156626506,0.02556818181818182,0.030120481927710843,9.0,10.0,90.0,352,332,0.40198863636363635,True,40.150390625,113.0,114.0,1.4826,84.75,28.25,19.054363955213816,3,0.5,0.0,True,False,1호기,002,test,True,3,400.0
002_20200714_225756(0),0,0.5454545454545454,0.45481927710843373,0.022727272727272728,0.030120481927710843,8.0,10.0,80.0,352,332,0.4545454545454546,True,46.73799133300781,108.0,118.0,1.4826,68.5,39.5,26.64238499932551,4,0.0,-1.0,True,False,1호기,002,train,True,3,400.0
002_20200714_225756(0),1,0.5625,0.5210843373493976,0.022727272727272728,0.030120481927710843,8.0,10.0,80.0,352,332,0.4375,True,53.756591796875,114.0,117.0,1.4826,76.25,37.75,25.46202617024147,4,1.0,-1.0,True,False,1호기,002,train,True,3,400.0
002_20200714_225756(0),2,0.5894886363636364,0.6114457831325302,0.02556818181818182,0.030120481927710843,9.0,10.0,90.0,352,332,0.3885542168674698,True,40.544193267822266,118.0,122.0,1.4826,78.75,39.25,26.47376230945636,4,0.5,-2.842170943040401e-14,True,False,1호기,002,train,True,3,400.0
002_20200714_225759(8),0,0.578125,0.43373493975903615,0.02556818181818182,0.030120481927710843,9.0,10.0,90.0,352,332,0.421875,True,46.78759765625,107.0,118.0,2.9652,58.25,48.75,16.44071226224201,4,0.5,0.0,True,False,1호기,002,test,True,3,400.0
002_20200714_225759(8),1,0.5838068181818182,0.5015060240963856,0.02556818181818182,0.02710843373493976,9.0,9.0,81.0,352,332,0.41619318181818177,True,53.0,111.5,117.0,1.4826,87.0,24.5,16.525023607176582,5,0.4999999999999716,1.5,True,False,1호기,002,test,True,3,400.0
002_20200714_225759(8),2,0.5951704545454546,0.6054216867469879,0.02556818181818182,0.030120481927710843,9.0,10.0,90.0,352,332,0.39457831325301207,True,41.0,117.5,121.0,1.4826,70.75,46.75,31.532443005530826,4,0.5,-1.0,True,False,1호기,002,test,True,3,400.0
002_20200714_225803(3),0,0.5610795454545454,0.4563253012048193,0.02556818181818182,0.02710843373493976,9.0,9.0,81.0,352,332,0.4389204545454546,True,46.9844970703125,108.0,119.0,1.4826,60.25,47.75,32.20693376500742,4,1.5,0.5,True,False,1호기,002,train,True,3,400.0
002_20200714_225803(3),1,0.5653409090909091,0.5271084337349398,0.022727272727272728,0.024096385542168676,8.0,8.0,64.0,352,332,0.43465909090909094,True,53.0,114.0,116.0,1.4826,78.25,35.75,24.113044651288277,3,1.0,1.0,True,False,1호기,002,train,True,3,400.0
002_20200714_225803(3),2,0.5696022727272727,0.6265060240963856,0.019886363636363636,0.03614457831325301,7.0,12.0,84.0,352,332,0.37349397590361444,True,42.0,118.0,121.0,1.4826,72.5,45.5,30.689329556185083,4,1.5,0.0,True,False,1호기,002,train,True,3,400.0
002_20200714_225807(3),0,0.6008522727272727,0.4352409638554217,0.02556818181818182,0.02710843373493976,9.0,9.0,81.0,352,332,0.3991477272727273,True,41.0,114.5,122.0,1.4826,73.5,41.0,27.654121138540404,4,1.5,0.5,True,False,1호기,002,val,True,3,400.0
002_20200714_225807(3),1,0.6136363636363636,0.5015060240963856,0.028409090909090908,0.02710843373493976,10.0,9.0,90.0,352,332,0.38636363636363635,True,63.0,116.0,121.0,1.4826,98.0,18.0,12.140833670578713,2,1.0,-0.5,True,False,1호기,002,val,True,3,400.0
002_20200714_225807(3),2,0.6264204545454546,0.5753012048192772,0.02556818181818182,0.030120481927710843,9.0,10.0,90.0,352,332,0.3735795454545454,True,46.134891510009766,120.0,122.0,1.4826,89.25,30.75,20.740590853905303,3,1.5,-2.842170943040401e-14,True,False,1호기,002,val,True,3,400.0
002_20200714_225810(5),0,0.5866477272727273,0.45481927710843373,0.03125,0.030120481927710843,11.0,10.0,110.0,352,332,0.4133522727272727,True,47.5751953125,114.0,121.0,1.4826,84.5,29.5,19.89747740455956,17,0.5,1.0,True,False,1호기,002,test,True,3,400.0
002_20200714_225810(5),1,0.5852272727272727,0.5210843373493976,0.022727272727272728,0.024096385542168676,8.0,8.0,64.0,352,332,0.4147727272727273,True,64.1968994140625,117.0,121.0,1.4826,82.75,34.25,23.101308512073388,3,0.0,0.0,True,False,1호기,002,test,True,3,400.0
002_20200714_225810(5),2,0.5852272727272727,0.5993975903614458,0.022727272727272728,0.024096385542168676,8.0,8.0,64.0,352,332,0.4006024096385542,True,48.0,121.0,122.0,1.4826,95.75,25.25,17.03089167678403,3,0.0,1.0,True,False,1호기,002,test,True,3,400.0
002_20200714_225817(4),0,0.5838068181818182,0.3132530120481928,0.02556818181818182,0.030120481927710843,9.0,10.0,90.0,352,332,0.3132530120481928,True,41.0,113.5,118.0,1.4826,83.25,30.25,20.403345474167004,3,0.4999999999999716,-1.0,True,False,1호기,002,train,True,3,400.0
002_20200714_225817(4),1,0.5838068181818182,0.3795180722891566,0.02556818181818182,0.024096385542168676,9.0,8.0,72.0,352,332,0.3795180722891566,True,63.0,111.0,115.0,1.4826,76.75,34.25,23.101308512073388,4,0.4999999999999716,-1.0,True,False,1호기,002,train,True,3,400.0
002_20200714_225817(4),2,0.5852272727272727,0.4563253012048193,0.022727272727272728,0.02710843373493976,8.0,9.0,72.0,352,332,0.4147727272727273,True,54.0,119.5,121.0,1.4826,88.5,31.0,20.909213543774452,3,1.0,0.5,True,False,1호기,002,train,True,3,400.0
002_20200715_002443(4),0,0.5497159090909091,0.4246987951807229,0.02556818181818182,0.024096385542168676,9.0,8.0,72.0,352,332,0.4246987951807229,True,45.0,105.0,118.0,1.4826,66.5,38.5,25.967894239848917,4,0.5,1.0,True,False,1호기,002,train,True,3,400.0
002_20200715_002443(4),1,0.5553977272727273,0.4954819277108434,0.02556818181818182,0.02710843373493976,9.0,9.0,81.0,352,332,0.4446022727272727,True,52.0,115.0,120.0,1.4826,86.75,28.25,19.054363955213816,2,1.5,1.5,True,False,1호기,002,train,True,3,400.0
002_20200715_002443(4),2,0.5667613636363636,0.5978915662650602,0.02556818181818182,0.02710843373493976,9.0,9.0,81.0,352,332,0.40210843373493976,True,42.0,118.0,122.0,1.4826,72.0,46.0,31.026574935923378,4,1.5,-0.5,True,False,1호기,002,train,True,3,400.0
002_20200715_002447(9),0,0.5710227272727273,0.40963855421686746,0.022727272727272728,0.030120481927710843,8.0,10.0,80.0,352,332,0.40963855421686746,True,45.0,105.0,117.0,2.9652,67.25,37.75,12.731013085120734,4,0.0,0.0,True,False,1호기,002,test,True,3,400.0
002_20200715_002447(9),1,0.5795454545454546,0.48042168674698793,0.022727272727272728,0.02710843373493976,8.0,9.0,72.0,352,332,0.4204545454545454,True,52.5906982421875,112.0,115.0,1.4826,65.0,47.0,31.701065695399976,4,1.0,-0.5,True,False,1호기,002,test,True,3,400.0
002_20200715_002447(9),2,0.5965909090909091,0.5768072289156626,0.028409090909090908,0.03313253012048193,10.0,11.0,110.0,352,332,0.40340909090909094,True,43.393798828125,118.0,122.0,1.4826,67.5,50.5,34.06178335356806,4,1.0,-0.4999999999999716,True,False,1호기,002,test,True,3,400.0
002_20200715_002456(9),0,0.5440340909090909,0.40963855421686746,0.03125,0.030120481927710843,11.0,10.0,110.0,352,332,0.40963855421686746,True,44.0,105.0,117.0,1.4826,54.5,50.5,34.06178335356806,4,0.5,1.0,True,False,1호기,002,val,True,3,400.0
002_20200715_002456(9),1,0.5525568181818182,0.48343373493975905,0.03125,0.03313253012048193,11.0,11.0,121.00000000000001,352,332,0.44744318181818177,True,52.0,113.0,117.0,1.4826,66.5,46.5,31.363820315661677,4,0.4999999999999716,0.5,True,False,1호기,002,val,True,3,400.0
002_20200715_002456(9),2,0.5653409090909091,0.5798192771084337,0.022727272727272728,0.02710843373493976,8.0,9.0,72.0,352,332,0.42018072289156627,True,43.393798828125,118.0,122.0,1.4826,83.0,35.0,23.607176581680832,4,1.0,0.5,True,False,1호기,002,val,True,3,400.0
002_20200715_002509(0),0,0.6036931818181818,0.4006024096385542,0.02556818181818182,0.024096385542168676,9.0,8.0,72.0,352,332,0.39630681818181823,True,44.0,115.0,120.0,1.4826,85.25,29.75,20.06610009442871,3,0.5000000000000284,1.0,True,False,1호기,002,train,True,3,400.0
002_20200715_002509(0),1,0.6065340909090909,0.46536144578313254,0.019886363636363636,0.02108433734939759,7.0,6.999999999999999,49.0,352,332,0.39346590909090906,True,63.9844970703125,115.0,119.0,1.4826,81.0,34.0,22.93268582220424,3,0.5,0.5,True,False,1호기,002,train,True,3,400.0
002_20200715_002509(0),2,0.6164772727272727,0.5451807228915663,0.028409090909090908,0.018072289156626505,10.0,6.0,60.0,352,332,0.3835227272727273,True,52.0,120.0,122.0,1.4826,82.5,37.5,25.29340348037232,4,0.0,0.0,True,False,1호기,002,train,True,3,400.0
002_20200715_002513(4),0,0.5923295454545454,0.4292168674698795,0.019886363636363636,0.02710843373493976,7.0,9.0,63.0,352,332,0.4076704545454546,True,46.0,114.0,121.0,1.4826,76.5,37.5,25.29340348037232,4,1.5,-0.5,True,False,1호기,002,test,True,3,400.0
002_20200715_002513(4),1,0.6036931818181818,0.4954819277108434,0.02556818181818182,0.02710843373493976,9.0,9.0,81.0,352,332,0.39630681818181823,True,64.0,117.0,119.0,2.9652,70.75,46.25,15.597598812896264,4,0.5000000000000284,-0.5,True,False,1호기,002,test,True,3,400.0
002_20200715_002513(4),2,0.6136363636363636,0.5692771084337349,0.022727272727272728,0.024096385542168676,8.0,8.0,64.0,352,332,0.38636363636363635,True,50.78759765625,118.0,121.0,1.4826,86.0,32.0,21.583704303251046,3,1.0,0.0,True,False,1호기,002,test,True,3,400.0
002_20200831_163149(1),0,0.8117088607594937,0.375,0.022151898734177215,0.02710843373493976,7.0,9.0,63.0,316,332,0.18829113924050633,True,42.0,73.0,75.5,1.4826,48.75,24.25,16.356400917307433,5,0.5,0.5,True,False,2호기,002,val,True,1,400.0
002_20200831_163150(6),0,0.7784810126582279,0.4292168674698795,0.03164556962025317,0.03313253012048193,10.0,11.0,110.0,316,332,0.2215189873417721,True,43.393798828125,65.0,74.0,2.9652,41.75,23.25,7.840955078915419,4,0.0,0.5,True,False,2호기,002,val,True,1,400.0
002_20200831_203101(4),0,0.7990506329113924,0.48343373493975905,0.028481012658227847,0.02710843373493976,9.0,9.0,81.0,316,332,0.20094936708860756,True,44.0,65.0,76.0,1.4826,43.25,21.75,14.670174018615945,5,0.5,-0.5,True,False,2호기,002,train,True,1,400.0
002_20200831_203105(9),0,0.7832278481012658,0.47740963855421686,0.028481012658227847,0.03313253012048193,9.0,11.0,99.00000000000001,316,332,0.21677215189873422,True,43.0,68.0,76.0,1.4826,40.75,27.25,18.37987319573722,4,-1.5,0.5,True,False,2호기,002,val,True,1,400.0
002_20200901_003133(6),0,0.7895569620253164,0.4789156626506024,0.028481012658227847,0.024096385542168676,9.0,8.0,72.0,316,332,0.21044303797468356,True,45.0,68.0,77.0,1.4826,41.5,26.5,17.874005126129774,4,-0.5,0.0,True,False,2호기,002,train,True,1,400.0
002_20200901_003136(6),0,0.7642405063291139,0.48343373493975905,0.03481012658227848,0.02710843373493976,11.0,9.0,99.0,316,332,0.2357594936708861,True,46.0,67.0,77.0,2.9652,39.25,27.75,9.358559287737759,4,0.5,-0.5,True,False,2호기,002,test,True,1,400.0
002_20200901_003139(6),0,0.7943037974683544,0.45933734939759036,0.03164556962025317,0.02710843373493976,10.0,9.0,90.0,316,332,0.20569620253164556,True,45.0,69.0,77.0,1.4826,38.75,30.25,20.403345474167004,4,0.0,-0.5,True,False,2호기,002,train,True,1,400.0
002_20200901_003142(6),0,0.7911392405063291,0.4819277108433735,0.03164556962025317,0.024096385542168676,10.0,8.0,80.0,316,332,0.2088607594936709,True,44.5906982421875,71.0,78.0,1.4826,45.0,26.0,17.536759746391475,4,0.0,1.0,True,False,2호기,002,train,True,1,400.0
002_20200901_003148(6),0,0.7927215189873418,0.48042168674698793,0.03481012658227848,0.03313253012048193,11.0,11.0,121.00000000000001,316,332,0.20727848101265822,True,46.9844970703125,67.0,77.0,2.2239,40.75,26.25,11.803588290840416,4,1.5,0.5,True,False,2호기,002,val,True,1,400.0
002_20200901_043133(6),0,0.7768987341772152,0.4879518072289157,0.03481012658227848,0.030120481927710843,11.0,10.0,110.0,316,332,0.22310126582278478,True,44.0,70.0,77.0,2.2239,39.0,31.0,13.939475695849634,4,-0.5,0.0,True,False,2호기,002,extra100,False,1,
002_20200901_043136(6),0,0.7737341772151899,0.4457831325301205,0.03481012658227848,0.030120481927710843,11.0,10.0,110.0,316,332,0.2262658227848101,True,45.0,68.5,77.0,1.4826,42.5,26.0,17.536759746391475,4,0.5,0.0,True,False,2호기,002,extra100,False,1,
002_20200901_043139(6),0,0.7848101265822784,0.47740963855421686,0.03164556962025317,0.03313253012048193,10.0,11.0,110.0,316,332,0.21518987341772156,True,43.0,67.0,77.0,1.4826,37.75,29.25,19.72885471469041,4,-1.0,0.5,True,False,2호기,002,extra100,False,1,
002_20200901_043142(6),0,0.7689873417721519,0.4879518072289157,0.03164556962025317,0.030120481927710843,10.0,10.0,99.99999999999999,316,332,0.2310126582278481,True,45.0,68.5,78.0,1.4826,46.5,22.0,14.838796708485095,3,1.0,0.0,True,False,2호기,002,extra100,False,1,
002_20200901_043145(5),0,0.7658227848101266,0.48042168674698793,0.03164556962025317,0.02710843373493976,10.0,9.0,90.0,316,332,0.23417721518987344,True,46.0,69.0,79.0,1.4826,49.25,19.75,13.321192499662756,4,2.0,0.5,True,False,2호기,002,extra100,False,1,
002_20200901_043148(6),0,0.7705696202531646,0.48042168674698793,0.028481012658227847,0.03313253012048193,9.0,11.0,99.00000000000001,316,332,0.22943037974683544,True,45.0,67.0,77.0,1.4826,40.0,27.0,18.21125050586807,4,-0.5,0.5,True,False,2호기,002,extra100,False,1,
002_20200901_083204(5),0,0.7848101265822784,0.5045180722891566,0.03164556962025317,0.02710843373493976,10.0,9.0,90.0,316,332,0.21518987341772156,True,41.3782958984375,77.0,80.0,1.4826,43.75,33.25,22.42681775259679,4,0.0,0.5000000000000284,True,False,2호기,002,extra100,False,1,
002_20200901_083452(2),0,0.7832278481012658,0.5271084337349398,0.03481012658227848,0.030120481927710843,11.0,10.0,110.0,316,332,0.21677215189873422,True,45.0,70.0,77.0,2.2239,38.25,31.75,14.27672107558793,4,0.5,1.0,True,False,2호기,002,extra100,False,1,
002_20200901_083456(7),0,0.7674050632911392,0.5557228915662651,0.03481012658227848,0.02710843373493976,11.0,9.0,99.0,316,332,0.23259493670886078,True,44.5751953125,69.0,77.0,1.4826,41.25,27.75,18.717118575475517,4,-0.5,0.5,True,False,2호기,002,extra100,False,1,
002_20200901_083501(2),0,0.7848101265822784,0.5632530120481928,0.0379746835443038,0.030120481927710843,12.0,10.0,120.0,316,332,0.21518987341772156,True,43.1968994140625,68.5,77.0,1.4826,41.75,26.75,18.042627815998923,4,0.0,1.0,True,False,2호기,002,extra100,False,1,
002_20200901_083505(8),0,0.7642405063291139,0.5783132530120482,0.03481012658227848,0.030120481927710843,11.0,10.0,110.0,316,332,0.2357594936708861,True,42.36279296875,76.0,79.0,1.4826,56.0,20.0,13.489815189531905,11,-0.5,0.0,True,False,2호기,002,extra100,False,1,
002_20200901_083510(2),0,0.7800632911392406,0.4683734939759036,0.03481012658227848,0.03313253012048193,11.0,11.0,121.00000000000001,316,332,0.21993670886075944,True,44.0,70.5,76.0,1.4826,44.75,25.75,17.368137056522325,4,1.4999999999999716,-0.5,True,False,2호기,002,extra100,False,1,
002_20200901_083514(7),0,0.7943037974683544,0.5210843373493976,0.03164556962025317,0.030120481927710843,10.0,10.0,99.99999999999999,316,332,0.20569620253164556,True,41.968994140625,75.0,79.0,1.4826,52.25,22.75,15.344664778092541,4,0.0,0.0,True,False,2호기,002,extra100,False,1,
002_20200901_123049(7),0,0.8006329113924051,0.44728915662650603,0.04430379746835443,0.02710843373493976,14.0,9.0,126.0,316,332,0.1993670886075949,True,43.756591796875,64.0,71.0,2.9652,39.0,25.0,8.43113449345744,4,-1.0000000000000284,-0.5,True,False,2호기,002,extra100,False,1,
002_20200901_123052(7),0,0.7784810126582279,0.4819277108433735,0.03164556962025317,0.030120481927710843,10.0,10.0,99.99999999999999,316,332,0.2215189873417721,True,46.0,65.0,74.0,2.2239,43.0,22.0,9.892531138990062,6,1.0,1.0,True,False,2호기,002,extra100,False,1,
002_20200901_123100(3),0,0.8085443037974683,0.5240963855421686,0.028481012658227847,0.03614457831325301,9.0,12.0,108.0,316,332,0.19145569620253167,True,43.0,76.0,82.0,1.4826,48.5,27.5,18.548495885606368,4,1.5,0.0,True,False,2호기,002,extra100,False,1,
002_20200901_123104(8),0,0.7911392405063291,0.5105421686746988,0.03164556962025317,0.03313253012048193,10.0,11.0,110.0,316,332,0.2088607594936709,True,41.3782958984375,75.0,80.0,1.4826,56.25,18.75,12.64670174018616,5,0.0,0.5,True,False,2호기,002,extra100,False,1,
002_20200901_123109(2),0,0.805379746835443,0.5376506024096386,0.03481012658227848,0.03313253012048193,11.0,11.0,121.00000000000001,316,332,0.194620253164557,True,40.78759765625,76.5,80.0,1.4826,48.0,28.5,19.222986645082962,4,-1.5,-1.5,True,False,2호기,002,extra100,False,1,
002_20200901_191340(2),0,0.7848101265822784,0.46536144578313254,0.03164556962025317,0.02710843373493976,10.0,9.0,90.0,316,332,0.21518987341772156,True,42.0,71.0,76.0,1.4826,48.5,22.5,15.176042088223392,3,0.0,-0.5,True,False,2호기,002,extra100,False,1,
002_20200901_191343(2),0,0.7895569620253164,0.5346385542168675,0.028481012658227847,0.03313253012048193,9.0,11.0,99.00000000000001,316,332,0.21044303797468356,True,42.968994140625,76.0,80.0,1.4826,53.25,22.75,15.344664778092541,4,0.5,0.5,True,False,2호기,002,extra100,False,1,
002_20200901_191346(1),0,0.7943037974683544,0.4939759036144578,0.03164556962025317,0.030120481927710843,10.0,10.0,99.99999999999999,316,332,0.20569620253164556,True,42.0,75.0,79.0,1.4826,50.75,24.25,16.356400917307433,4,0.0,0.0,True,False,2호기,002,extra100,False,1,
002_20200901_191348(8),0,0.7816455696202531,0.4307228915662651,0.03164556962025317,0.030120481927710843,10.0,10.0,99.99999999999999,316,332,0.2183544303797469,True,45.393798828125,66.0,75.0,2.9652,40.5,25.5,8.59975718332659,6,2.842170943040401e-14,-1.0,True,False,2호기,002,extra100,False,1,
002_20200901_191351(5),0,0.7658227848101266,0.552710843373494,0.0379746835443038,0.03313253012048193,12.0,11.0,132.00000000000003,316,332,0.23417721518987344,True,44.0,70.0,78.0,1.4826,43.25,26.75,18.042627815998923,4,0.0,0.5,True,False,2호기,002,extra100,False,1,
002_20200904_230054(2),0,0.7626582278481012,0.4322289156626506,0.03164556962025317,0.03313253012048193,10.0,11.0,110.0,316,332,0.23734177215189878,True,44.347293853759766,60.0,67.0,1.4826,40.25,19.75,13.321192499662756,4,1.0,0.5,True,False,2호기,002,extra100,False,1,
002_20200904_230057(6),0,0.7943037974683544,0.5135542168674698,0.03164556962025317,0.02710843373493976,10.0,9.0,90.0,316,332,0.20569620253164556,True,43.393798828125,65.5,71.0,1.4826,38.0,27.5,18.548495885606368,4,0.0,0.5000000000000284,True,False,2호기,002,extra100,False,1,
002_20200904_230105(4),0,0.7848101265822784,0.44126506024096385,0.03164556962025317,0.02710843373493976,10.0,9.0,90.0,316,332,0.21518987341772156,True,43.756591796875,60.0,68.0,1.4826,43.0,17.0,11.46634291110212,4,0.0,1.5,True,False,2호기,002,extra100,False,1,
002_20200905_003315(2),0,0.7943037974683544,0.5240963855421686,0.03164556962025317,0.03614457831325301,10.0,12.0,120.0,316,332,0.20569620253164556,True,43.0,67.5,74.0,2.2239,44.0,23.5,10.567021898466658,3,-1.0,0.0,True,False,2호기,002,extra100,False,1,
002_20200905_003319(2),0,0.7943037974683544,0.5015060240963856,0.03164556962025317,0.02710843373493976,10.0,9.0,90.0,316,332,0.20569620253164556,True,45.0,67.0,76.0,1.4826,52.0,15.0,10.117361392148927,2,1.0,-0.5,True,False,2호기,002,extra100,False,1,
002_20200905_003323(3),0,0.7911392405063291,0.5,0.03164556962025317,0.030120481927710843,10.0,10.0,99.99999999999999,316,332,0.2088607594936709,True,44.0,68.5,77.0,1.4826,47.5,21.0,14.164305949008499,3,0.0,1.0,True,False,2호기,002,extra100,False,1,
002_20200905_003327(3),0,0.7816455696202531,0.5045180722891566,0.03164556962025317,0.03313253012048193,10.0,11.0,110.0,316,332,0.2183544303797469,True,46.0,67.5,77.0,1.4826,45.75,21.75,14.670174018615945,3,1.0000000000000284,0.5000000000000284,True,False,2호기,002,extra100,False,1,
002_20200905_003331(2),0,0.7958860759493671,0.5075301204819277,0.028481012658227847,0.02710843373493976,9.0,9.0,81.0,316,332,0.2041139240506329,True,46.0,70.0,75.5,1.4826,45.25,24.75,16.69364629704573,4,0.5,0.5,True,False,2호기,002,extra100,False,1,
002_20200905_003335(3),0,0.7895569620253164,0.5150602409638554,0.028481012658227847,0.030120481927710843,9.0,10.0,90.0,316,332,0.21044303797468356,True,44.0,69.0,77.0,1.4826,42.5,26.5,17.874005126129774,3,-0.5,0.0,True,False,2호기,002,extra100,False,1,
002_20200905_043156(0),0,0.805379746835443,0.5180722891566265,0.028481012658227847,0.030120481927710843,9.0,10.0,90.0,316,332,0.194620253164557,True,44.0,77.0,79.0,1.4826,57.0,20.0,13.489815189531905,4,0.5,1.0,True,False,2호기,002,extra100,False,1,
002_20200905_043200(0),0,0.8117088607594937,0.5301204819277109,0.028481012658227847,0.030120481927710843,9.0,10.0,90.0,316,332,0.18829113924050633,True,43.0,79.0,81.0,1.4826,52.0,27.0,18.21125050586807,3,0.5,1.0,True,False,2호기,002,extra100,False,1,
002_20200905_043204(0),0,0.7958860759493671,0.5256024096385542,0.03481012658227848,0.02710843373493976,11.0,9.0,99.0,316,332,0.2041139240506329,True,43.0,81.0,85.0,1.4826,45.5,35.5,23.94442196141913,4,0.5,0.5,True,False,2호기,002,extra100,False,1,
002_20200905_043208(0),0,0.7753164556962026,0.5271084337349398,0.03164556962025317,0.024096385542168676,10.0,8.0,80.0,316,332,0.22468354430379744,True,42.9844970703125,82.0,86.0,1.4826,51.75,30.25,20.403345474167004,4,1.0,-1.0,True,False,2호기,002,extra100,False,1,
002_20200905_043212(1),0,0.7784810126582279,0.5210843373493976,0.02531645569620253,0.030120481927710843,8.0,10.0,80.0,316,332,0.2215189873417721,True,43.0,82.0,85.0,1.4826,50.0,32.0,21.583704303251046,4,1.0,1.0,True,False,2호기,002,extra100,False,1,
002_20200905_043216(0),0,0.8069620253164557,0.5301204819277109,0.03164556962025317,0.030120481927710843,10.0,10.0,99.99999999999999,316,332,0.19303797468354433,True,42.0,82.5,85.0,1.4826,47.75,34.75,23.438553891811683,4,1.0,0.0,True,False,2호기,002,extra100,False,1,
002_20200905_083407(3),0,0.7753164556962026,0.46536144578313254,0.03164556962025317,0.02710843373493976,10.0,9.0,90.0,316,332,0.22468354430379744,True,43.5906982421875,69.0,73.0,1.4826,45.75,23.25,15.681910157830838,3,0.0,1.5,True,False,2호기,002,extra100,False,1,
002_20200905_083410(5),0,0.7911392405063291,0.4894578313253012,0.03164556962025317,0.03313253012048193,10.0,11.0,110.0,316,332,0.2088607594936709,True,43.78759765625,69.0,74.0,1.4826,48.5,20.5,13.827060569270202,3,0.0,-0.5,True,False,2호기,002,extra100,False,1,
002_20200905_083413(6),0,0.7943037974683544,0.4352409638554217,0.02531645569620253,0.02710843373493976,8.0,9.0,72.0,316,332,0.20569620253164556,True,43.1968994140625,69.0,74.0,1.4826,39.75,29.25,19.72885471469041,4,1.0,0.5,True,False,2호기,002,extra100,False,1,
002_20200905_083416(3),0,0.7927215189873418,0.3810240963855422,0.028481012658227847,0.02710843373493976,9.0,9.0,81.0,316,332,0.20727848101265822,True,46.0,67.5,74.0,1.4826,48.5,19.0,12.815324430055309,5,0.5,-0.5,True,False,2호기,002,extra100,False,1,
002_20200905_083419(3),0,0.7848101265822784,0.5572289156626506,0.02531645569620253,0.03614457831325301,8.0,12.0,96.0,316,332,0.21518987341772156,True,46.0,68.5,77.0,1.4826,35.75,32.75,22.089572372858495,4,1.0,0.9999999999999716,True,False,2호기,002,extra100,False,1,
002_20200905_083422(4),0,0.7879746835443038,0.5376506024096386,0.03164556962025317,0.03313253012048193,10.0,11.0,110.0,316,332,0.21202531645569622,True,44.0,67.0,77.0,1.4826,40.5,26.5,17.874005126129774,4,0.0,0.5,True,False,2호기,002,extra100,False,1,
002_20200905_123055(0),0,0.7990506329113924,0.4246987951807229,0.028481012658227847,0.024096385542168676,9.0,8.0,72.0,316,332,0.20094936708860756,True,45.0,77.0,79.0,1.4826,45.0,32.0,21.583704303251046,4,1.5,0.0,True,False,2호기,002,extra100,False,1,
002_20200905_123058(4),0,0.7626582278481012,0.463855421686747,0.02531645569620253,0.030120481927710843,8.0,10.0,80.0,316,332,0.23734177215189878,True,42.0,76.5,79.0,1.4826,42.75,33.75,22.76406313233509,4,0.0,0.0,True,False,2호기,002,extra100,False,1,
002_20200905_123102(0),0,0.7879746835443038,0.4713855421686747,0.03164556962025317,0.02108433734939759,10.0,6.999999999999999,70.0,316,332,0.21202531645569622,True,43.0,77.0,80.0,1.4826,49.0,28.0,18.885741265344667,3,0.0,0.5,True,False,2호기,002,extra100,False,1,
002_20200905_123103(4),0,0.7800632911392406,0.45331325301204817,0.03481012658227848,0.02710843373493976,11.0,9.0,99.0,316,332,0.21993670886075944,True,48.544189453125,98.5,112.0,1.4826,58.25,40.25,27.148253068932956,4,1.4999999999999716,0.5,True,False,1호기,002,extra100,False,1,
002_20200905_123105(0),0,0.7626582278481012,0.4819277108433735,0.02531645569620253,0.03614457831325301,8.0,12.0,96.0,316,332,0.23734177215189878,True,45.1968994140625,69.0,76.5,1.4826,39.5,29.5,19.89747740455956,4,0.0,0.0,True,False,2호기,002,extra100,False,1,
002_20200905_123107(5),0,0.7689873417721519,0.44126506024096385,0.0379746835443038,0.03313253012048193,12.0,11.0,132.00000000000003,316,332,0.2310126582278481,True,46.0,102.5,112.0,2.9652,61.25,41.25,13.911371914204777,4,1.0,-0.5,True,False,1호기,002,extra100,False,1,
002_20200905_123108(4),0,0.7974683544303798,0.4894578313253012,0.03164556962025317,0.0391566265060241,10.0,13.0,130.0,316,332,0.20253164556962022,True,45.1968994140625,69.5,77.0,1.4826,44.5,25.0,16.86226898691488,3,0.0,0.5,True,False,2호기,002,extra100,False,1,
002_20200905_123111(6),0,0.7974683544303798,0.37801204819277107,0.03164556962025317,0.03313253012048193,10.0,11.0,110.0,316,332,0.20253164556962022,True,46.0,103.0,111.0,2.9652,61.25,41.75,14.079994604073924,4,0.0,0.5,True,False,1호기,002,extra100,False,1,
002_20200905_123112(0),0,0.7721518987341772,0.44126506024096385,0.02531645569620253,0.03313253012048193,8.0,11.0,88.0,316,332,0.22784810126582278,True,46.0,68.0,76.0,1.4826,44.75,23.25,15.681910157830838,4,1.0,0.5,True,False,2호기,002,extra100,False,1,
002_20200905_163920(4),0,0.7674050632911392,0.4894578313253012,0.028481012658227847,0.03313253012048193,9.0,11.0,99.00000000000001,316,332,0.23259493670886078,True,46.134891510009766,107.5,114.0,2.9652,69.5,38.0,12.815324430055309,4,-0.5,1.5,True,False,1호기,002,extra100,False,1,
002_20200905_163922(9),0,0.7943037974683544,0.4759036144578313,0.0379746835443038,0.030120481927710843,12.0,10.0,120.0,316,332,0.20569620253164556,True,45.0,69.0,78.0,2.9652,41.75,27.25,9.18993659786861,4,1.0,2.0,True,False,2호기,002,extra100,False,1,
002_20200905_163924(2),0,0.7642405063291139,0.45331325301204817,0.028481012658227847,0.02710843373493976,9.0,9.0,81.0,316,332,0.2357594936708861,True,46.544189453125,103.5,114.0,1.4826,76.0,27.5,18.548495885606368,3,0.5,0.5,True,False,1호기,002,extra100,False,1,
002_20200905_163926(4),0,0.7800632911392406,0.4307228915662651,0.028481012658227847,0.030120481927710843,9.0,10.0,90.0,316,332,0.21993670886075944,True,45.0,69.0,77.0,1.4826,39.25,29.75,20.06610009442871,4,0.4999999999999716,0.0,True,False,2호기,002,extra100,False,1,
002_20200905_163928(3),0,0.7800632911392406,0.4307228915662651,0.028481012658227847,0.030120481927710843,9.0,10.0,90.0,316,332,0.21993670886075944,True,45.0,108.0,114.0,1.4826,73.0,35.0,23.607176581680832,6,-0.5000000000000284,0.0,True,False,1호기,002,extra100,False,1,
002_20200905_163929(7),0,0.7800632911392406,0.4006024096385542,0.028481012658227847,0.030120481927710843,9.0,10.0,90.0,316,332,0.21993670886075944,True,44.0,71.0,78.0,1.4826,48.0,23.0,15.513287467961689,5,-0.5000000000000284,1.0,True,False,2호기,002,extra100,False,1,
002_20200905_163932(3),0,0.7784810126582279,0.41566265060240964,0.03164556962025317,0.03614457831325301,10.0,12.0,120.0,316,332,0.2215189873417721,True,42.9844970703125,114.0,117.0,2.9652,69.5,44.5,15.007419398354243,4,0.0,0.0,True,False,1호기,002,extra100,False,1,
002_20200905_163932(9),0,0.7974683544303798,0.463855421686747,0.03164556962025317,0.03614457831325301,10.0,12.0,120.0,316,332,0.20253164556962022,True,42.0,77.0,79.0,1.4826,53.0,24.0,16.187778227438287,3,0.0,0.0,True,False,2호기,002,extra100,False,1,
002_20200905_163936(2),0,0.7737341772151899,0.4608433734939759,0.03481012658227848,0.030120481927710843,11.0,10.0,110.0,316,332,0.2262658227848101,True,43.0,75.5,79.0,1.4826,55.75,19.75,13.321192499662756,5,0.5,0.0,True,False,2호기,002,extra100,False,1,
002_20200905_163936(3),0,0.7974683544303798,0.42168674698795183,0.03164556962025317,0.030120481927710843,10.0,10.0,99.99999999999999,316,332,0.20253164556962022,True,42.78759765625,115.0,118.0,1.4826,88.0,27.0,18.21125050586807,4,0.0,1.0,True,False,1호기,002,extra100,False,1,
002_20200905_163939(7),0,0.8037974683544303,0.3930722891566265,0.03164556962025317,0.02710843373493976,10.0,9.0,90.0,316,332,0.19620253164556967,True,44.0,77.0,79.0,1.4826,53.25,23.75,16.019155537569137,4,1.0000000000000284,0.5,True,False,2호기,002,extra100,False,1,
002_20200905_163940(2),0,0.7911392405063291,0.5120481927710844,0.02531645569620253,0.024096385542168676,8.0,8.0,64.0,316,332,0.2088607594936709,True,43.0,117.0,120.0,1.4826,77.75,39.25,26.47376230945636,4,1.0,0.0,True,False,1호기,002,extra100,False,1,
002_20200905_203836(3),0,0.8069620253164557,0.411144578313253,0.03164556962025317,0.02710843373493976,10.0,9.0,90.0,316,332,0.19303797468354433,True,43.0,113.0,114.0,1.4826,82.25,30.75,20.740590853905303,6,0.0,1.5,True,False,1호기,002,extra100,False,1,
002_20200905_203840(3),0,0.7958860759493671,0.411144578313253,0.028481012658227847,0.02710843373493976,9.0,9.0,81.0,316,332,0.2041139240506329,True,42.0,111.0,114.0,1.4826,80.25,30.75,20.740590853905303,4,-0.5,-0.5,True,False,1호기,002,extra100,False,1,
002_20200905_203844(2),0,0.7863924050632911,0.5798192771084337,0.03481012658227848,0.02710843373493976,11.0,9.0,99.0,316,332,0.2136075949367089,True,43.0,111.0,114.0,1.4826,78.25,32.75,22.089572372858495,5,0.5,0.5,True,False,1호기,002,extra100,False,1,
002_20200905_203848(4),0,0.7800632911392406,0.48493975903614456,0.028481012658227847,0.030120481927710843,9.0,10.0,90.0,316,332,0.21993670886075944,True,41.0,111.0,116.0,1.4826,83.75,27.25,18.37987319573722,4,0.4999999999999716,0.0,True,False,1호기,002,extra100,False,1,
002_20200905_203856(3),0,0.7753164556962026,0.7228915662650602,0.0379746835443038,0.030120481927710843,12.0,10.0,120.0,316,332,0.22468354430379744,True,38.9534912109375,111.0,114.0,1.4826,77.0,34.0,22.93268582220424,3,0.0,-1.0,True,False,1호기,002,extra100,False,1,
002_20200905_203900(3),0,0.7927215189873418,0.7168674698795181,0.028481012658227847,0.030120481927710843,9.0,10.0,90.0,316,332,0.20727848101265822,True,40.5906982421875,113.0,116.0,1.4826,76.5,36.5,24.618912720895725,4,0.5,0.0,True,False,1호기,002,extra100,False,1,
002_20200905_204033(3),0,0.8180379746835443,0.5225903614457831,0.03481012658227848,0.02710843373493976,11.0,9.0,99.0,316,332,0.18196202531645567,True,40.0,75.5,79.0,1.4826,52.25,23.25,15.681910157830838,4,-0.5,-0.4999999999999716,True,False,2호기,002,extra100,False,1,
002_20200905_204039(5),0,0.7879746835443038,0.6234939759036144,0.03164556962025317,0.030120481927710843,10.0,10.0,99.99999999999999,316,332,0.21202531645569622,True,40.393798828125,81.0,83.0,1.4826,48.5,32.5,21.920949682989345,4,0.0,0.0,True,False,2호기,002,extra100,False,1,
002_20200905_204042(9),0,0.7974683544303798,0.5030120481927711,0.02531645569620253,0.024096385542168676,8.0,8.0,64.0,316,332,0.20253164556962022,True,42.0,77.5,81.0,1.4826,55.75,21.75,14.670174018615945,3,1.0,-1.0,True,False,2호기,002,extra100,False,1,
002_20200905_204046(0),0,0.7879746835443038,0.5150602409638554,0.03164556962025317,0.024096385542168676,10.0,8.0,80.0,316,332,0.21202531645569622,True,42.78759765625,80.0,83.0,2.9652,53.75,26.25,8.852691218130312,3,1.0,0.0,True,False,2호기,002,extra100,False,1,
002_20200905_204049(1),0,0.7990506329113924,0.49096385542168675,0.022151898734177215,0.030120481927710843,7.0,10.0,70.0,316,332,0.20094936708860756,True,43.0,76.0,78.5,1.4826,42.25,33.75,22.76406313233509,4,0.5,1.0,True,False,2호기,002,extra100,False,1,
002_20200905_204052(3),0,0.7768987341772152,0.5225903614457831,0.028481012658227847,0.02710843373493976,9.0,9.0,81.0,316,332,0.22310126582278478,True,41.0,78.0,83.0,1.4826,43.75,34.25,23.101308512073388,4,-0.5,-0.4999999999999716,True,False,2호기,002,extra100,False,1,
002_20200906_003059(0),0,0.7816455696202531,0.4819277108433735,0.02531645569620253,0.030120481927710843,8.0,10.0,80.0,316,332,0.2183544303797469,True,44.0,114.0,119.5,1.4826,80.25,33.75,22.76406313233509,3,1.0000000000000284,1.0,True,False,1호기,002,extra100,False,1,
002_20200906_003114(0),0,0.7911392405063291,0.4789156626506024,0.03164556962025317,0.03614457831325301,10.0,12.0,120.0,316,332,0.2088607594936709,True,42.78759765625,74.5,78.0,1.4826,47.75,26.75,18.042627815998923,6,0.0,1.0,True,False,2호기,002,extra100,False,1,
002_20200906_003114(8),0,0.7911392405063291,0.44728915662650603,0.0379746835443038,0.03313253012048193,12.0,11.0,132.00000000000003,316,332,0.2088607594936709,True,42.0,114.0,118.0,1.4826,74.0,40.0,26.97963037906381,4,0.0,0.5,True,False,1호기,002,extra100,False,1,
002_20200906_003117(3),0,0.7927215189873418,0.5120481927710844,0.03481012658227848,0.03614457831325301,11.0,12.0,132.0,316,332,0.20727848101265822,True,43.0,77.0,81.0,1.4826,55.0,22.0,14.838796708485095,4,1.5,1.0,True,False,2호기,002,extra100,False,1,
002_20200906_003118(7),0,0.7943037974683544,0.42319277108433734,0.03164556962025317,0.02710843373493976,10.0,9.0,90.0,316,332,0.20569620253164556,True,42.0,111.0,115.0,1.4826,76.75,34.25,23.101308512073388,4,0.0,0.5,True,False,1호기,002,extra100,False,1,
002_20200906_003120(8),0,0.8006329113924051,0.5557228915662651,0.03164556962025317,0.02710843373493976,10.0,9.0,90.0,316,332,0.1993670886075949,True,43.0,77.0,81.0,2.2239,43.75,33.25,14.951211835064527,4,0.9999999999999716,0.5,True,False,2호기,002,extra100,False,1,
002_20200906_003122(7),0,0.8006329113924051,0.4759036144578313,0.03164556962025317,0.030120481927710843,10.0,10.0,99.99999999999999,316,332,0.1993670886075949,True,43.0,113.0,117.0,1.4826,78.5,34.5,23.269931201942534,6,0.9999999999999716,0.0,True,False,1호기,002,extra100,False,1,
002_20200906_003124(0),0,0.7974683544303798,0.46536144578313254,0.0379746835443038,0.02710843373493976,12.0,9.0,108.0,316,332,0.20253164556962022,True,42.1968994140625,75.0,77.0,1.4826,47.5,27.5,18.548495885606368,6,0.0,1.5,True,False,2호기,002,extra100,False,1,
002_20200906_003126(8),0,0.7816455696202531,0.44879518072289154,0.02531645569620253,0.030120481927710843,8.0,10.0,80.0,316,332,0.2183544303797469,True,44.0,113.0,116.0,1.4826,73.0,40.0,26.97963037906381,4,1.0000000000000284,1.0,True,False,1호기,002,extra100,False,1,
002_20200906_003127(3),0,0.7990506329113924,0.5030120481927711,0.028481012658227847,0.03614457831325301,9.0,12.0,108.0,316,332,0.20094936708860756,True,43.0,77.0,80.0,1.4826,49.75,27.25,18.37987319573722,4,0.5,1.0,True,False,2호기,002,extra100,False,1,
002_20200906_003130(7),0,0.7784810126582279,0.4563253012048193,0.03164556962025317,0.03313253012048193,10.0,11.0,110.0,316,332,0.2215189873417721,True,43.1968994140625,75.0,77.0,1.4826,41.0,34.0,22.93268582220424,4,1.0,0.5,True,False,2호기,002,extra100,False,1,
002_20200906_003132(7),0,0.7911392405063291,0.47289156626506024,0.03164556962025317,0.024096385542168676,10.0,8.0,80.0,316,332,0.2088607594936709,True,44.0,114.0,118.0,1.4826,79.25,34.75,23.438553891811683,5,2.0,0.0,True,False,1호기,002,extra100,False,1,
002_20200907_184813(1),0,0.805379746835443,0.32981927710843373,0.022151898734177215,0.02710843373493976,7.0,9.0,63.0,316,332,0.194620253164557,True,44.0,110.5,114.0,1.4826,77.5,33.0,22.25819506272764,4,0.5,0.5,True,False,1호기,002,extra100,False,1,
002_20200907_184815(7),0,0.7705696202531646,0.7304216867469879,0.028481012658227847,0.02710843373493976,9.0,9.0,81.0,316,332,0.22943037974683544,True,42.3472900390625,115.0,118.0,1.4826,71.5,43.5,29.34034803723189,4,0.5,1.5,True,False,1호기,002,extra100,False,1,
002_20200907_184818(2),0,0.7658227848101266,0.4954819277108434,0.02531645569620253,0.03313253012048193,8.0,11.0,88.0,316,332,0.23417721518987344,True,44.0,113.0,116.0,1.4826,78.75,34.25,23.101308512073388,3,1.0,0.5,True,False,1호기,002,extra100,False,1,
002_20200907_184823(7),0,0.7974683544303798,0.5692771084337349,0.02531645569620253,0.03614457831325301,8.0,12.0,96.0,316,332,0.20253164556962022,True,43.544189453125,114.0,114.0,1.4826,79.75,34.25,23.101308512073388,5,1.0,0.0,True,False,1호기,002,extra100,False,1,
002_20200907_184826(3),0,0.7879746835443038,0.5798192771084337,0.03164556962025317,0.02108433734939759,10.0,6.999999999999999,70.0,316,332,0.21202531645569622,True,42.1968994140625,113.0,115.0,1.4826,71.75,41.25,27.822743828409553,4,0.0,-0.5,True,False,1호기,002,extra100,False,1,
002_20200907_184828(8),0,0.7721518987341772,0.5271084337349398,0.03164556962025317,0.030120481927710843,10.0,10.0,99.99999999999999,316,332,0.22784810126582278,True,44.5906982421875,114.0,117.0,1.4826,71.5,42.5,28.665857277755297,4,2.0,1.0,True,False,1호기,002,extra100,False,1,
002_20200907_204635(5),0,0.7737341772151899,0.3463855421686747,0.03481012658227848,0.030120481927710843,11.0,10.0,110.0,316,332,0.2262658227848101,True,44.0,105.0,108.0,1.4826,69.5,35.5,23.94442196141913,4,0.5,1.0000000000000142,True,False,1호기,002,extra100,False,1,
002_20200907_204640(0),0,0.8006329113924051,0.5331325301204819,0.03164556962025317,0.030120481927710843,10.0,10.0,99.99999999999999,316,332,0.1993670886075949,True,45.0,110.0,114.0,1.4826,68.25,41.75,28.15998920814785,4,0.9999999999999716,1.0,True,False,1호기,002,extra100,False,1,
002_20200907_204644(5),0,0.7943037974683544,0.4382530120481928,0.03164556962025317,0.03313253012048193,10.0,11.0,110.0,316,332,0.20569620253164556,True,44.5906982421875,109.5,113.0,1.4826,72.25,37.25,25.12478079050317,4,1.0,-1.5,True,False,1호기,002,extra100,False,1,
002_20200907_204649(0),0,0.7689873417721519,0.3313253012048193,0.03164556962025317,0.030120481927710843,10.0,10.0,99.99999999999999,316,332,0.2310126582278481,True,45.9844970703125,98.0,109.0,2.9652,61.75,36.25,12.225145015513288,4,1.0,1.0,True,False,1호기,002,extra100,False,1,
002_20200907_204653(4),0,0.7848101265822784,0.3855421686746988,0.03164556962025317,0.03614457831325301,10.0,12.0,120.0,316,332,0.21518987341772156,True,46.0,102.5,110.0,1.4826,71.75,30.75,20.740590853905303,5,0.0,0.0,True,False,1호기,002,extra100,False,1,
