stem,machine,folder_date,product,date,ts,w,h,md5,is_gt,practice,use,gap,session,hour,n_marker,n_marker_in_product,marker_px,prod_level,prod_frac,q_product_ok,q_marker_in,quality
002_20200622_203053(2),1호기,20200622,2,2020-06-22,2020-06-22 20:30:53,352,332,20cc999edecc3c2cf989e322c3e225ae,True,False,GT,,1,20,3,3,384,142.0,0.2188013417305586,True,True,정상
002_20200622_203057(3),1호기,20200622,2,2020-06-22,2020-06-22 20:30:57,352,332,7ba83cdea2722e36ed4fd3bf6b518aea,True,False,GT,4.0,1,20,3,3,392,142.0,0.21710706462212487,True,True,정상
002_20200622_203101(3),1호기,20200622,2,2020-06-22,2020-06-22 20:31:01,352,332,1a4118402344bfacdf995c9c70b4f2af,True,False,GT,4.0,1,20,3,3,384,141.0,0.21648240690032858,True,True,정상
002_20200622_203105(4),1호기,20200622,2,2020-06-22,2020-06-22 20:31:05,352,332,deeb6d5a55b153a6abc304031d09cd06,True,False,GT,4.0,1,20,3,3,392,141.0,0.21562671139101863,True,True,정상
002_20200622_203109(3),1호기,20200622,2,2020-06-22,2020-06-22 20:31:09,352,332,1c8a7e0f6fcc7852e8b88eb9fb594c8a,True,False,GT,4.0,1,20,3,3,384,140.0,0.21421481380065718,True,True,정상
002_20200622_203121(4),1호기,20200622,2,2020-06-22,2020-06-22 20:31:21,352,332,611de991080d74d9d7f9fffd74541293,True,False,GT,12.0,1,20,3,3,384,141.0,0.2159861035049288,True,True,정상
002_20200623_003346(4),1호기,20200623,2,2020-06-23,2020-06-23 00:33:46,352,332,3a0bf362dfb8ab037e05260f47bea727,True,False,GT,14545.0,2,0,3,3,392,142.0,0.21423192771084337,True,True,정상
002_20200623_003350(4),1호기,20200623,2,2020-06-23,2020-06-23 00:33:50,352,332,bc8a2497f6c9753f5fe6f00fa1d6e735,True,False,GT,4.0,2,0,3,3,384,142.0,0.21492504107338445,True,True,정상
002_20200623_003354(3),1호기,20200623,2,2020-06-23,2020-06-23 00:33:54,352,332,e4fdf49f95ee33d9b9b48d5227e42a78,True,False,GT,4.0,2,0,3,3,392,142.0,0.21446296549835706,True,True,정상
002_20200623_003358(2),1호기,20200623,2,2020-06-23,2020-06-23 00:33:58,352,332,8c78eea8b4d4c5059237b3eaece6c081,True,False,GT,4.0,2,0,3,3,384,142.0,0.2161144578313253,True,True,정상
002_20200623_003402(2),1호기,20200623,2,2020-06-23,2020-06-23 00:34:02,352,332,ca320a5b13ffac5d99c2e96fc6894c48,True,False,GT,4.0,2,0,3,3,392,142.0,0.2163112677984666,True,True,정상
002_20200623_003410(2),1호기,20200623,2,2020-06-23,2020-06-23 00:34:10,352,332,2991b9c97766a74a8a2e9081e715d598,True,False,GT,8.0,2,0,3,3,384,137.0,0.2060514786418401,True,True,정상
002_20200623_043039(3),1호기,20200623,2,2020-06-23,2020-06-23 04:30:39,352,332,48e3c52ada7fc0912400da33c124218e,True,False,GT,14189.0,3,4,3,3,400,142.0,0.21426615553121578,True,True,정상
002_20200623_043043(2),1호기,20200623,2,2020-06-23,2020-06-23 04:30:43,352,332,954029ff2e145b29646f20d99c0d99ed,True,False,GT,4.0,3,4,3,3,384,142.0,0.21501061062431545,True,True,정상
002_20200623_043047(2),1호기,20200623,2,2020-06-23,2020-06-23 04:30:47,352,332,f5dbd34849b6623db99d02ab67af8f35,True,False,GT,4.0,3,4,3,3,384,142.0,0.21464266155531217,True,True,정상
002_20200623_043051(3),1호기,20200623,2,2020-06-23,2020-06-23 04:30:51,352,332,5859c7fb6ad3a4faf7e8cc33a7c4d82b,True,False,GT,4.0,3,4,3,3,384,142.0,0.21466833242059147,True,True,정상
002_20200623_043055(3),1호기,20200623,2,2020-06-23,2020-06-23 04:30:55,352,332,9234032791612427e31ffb7012506098,True,False,GT,4.0,3,4,3,3,392,142.0,0.2160716730558598,True,True,정상
002_20200623_043059(4),1호기,20200623,2,2020-06-23,2020-06-23 04:30:59,352,332,7eb06c08024abe7e2881417522ee3ee2,True,False,GT,4.0,3,4,3,3,392,142.0,0.2157636226725082,True,True,정상
002_20200623_082258(6),1호기,20200623,2,2020-06-23,2020-06-23 08:22:58,352,332,f5dfc68ba510a7c6625ca61203a3991b,True,False,GT,13919.0,4,8,3,3,392,142.0,0.21565238225629793,True,True,정상
002_20200623_082302(6),1호기,20200623,2,2020-06-23,2020-06-23 08:23:02,352,332,7b06b70ecb551ddd290dcd6a2938f249,True,False,GT,4.0,4,8,3,3,384,143.0,0.21586630613362542,True,True,정상
002_20200623_082306(5),1호기,20200623,2,2020-06-23,2020-06-23 08:23:06,352,332,52d64697c4adf48dad9603370e2ace6f,True,False,GT,4.0,4,8,3,3,384,143.0,0.21575506571741512,True,True,정상
002_20200623_082310(6),1호기,20200623,2,2020-06-23,2020-06-23 08:23:10,352,332,2c979631de77623cda3d6b0178a942d6,True,False,GT,4.0,4,8,3,3,392,142.0,0.21790286144578314,True,True,정상
002_20200623_082314(4),1호기,20200623,2,2020-06-23,2020-06-23 08:23:14,352,332,d614a0bba9d6bd13d78095202288417a,True,False,GT,4.0,4,8,3,3,384,143.0,0.21827081051478642,True,True,정상
002_20200623_082318(5),1호기,20200623,2,2020-06-23,2020-06-23 08:23:18,352,332,8aab93fd8f2a4c28569e6ec4c126d04e,True,False,GT,4.0,4,8,3,3,384,143.0,0.21799698795180722,True,True,정상
002_20200623_123032(7),1호기,20200623,2,2020-06-23,2020-06-23 12:30:32,352,332,036d4429b411c66619da2e4c9013fa2d,True,False,GT,14834.0,5,12,3,3,392,143.0,0.2189895947426068,True,True,정상
002_20200623_123036(5),1호기,20200623,2,2020-06-23,2020-06-23 12:30:36,352,332,dc3cde4ba1702008e783339b68cc979d,True,False,GT,4.0,5,12,3,3,384,143.0,0.2187756708652793,True,True,정상
002_20200623_123040(5),1호기,20200623,2,2020-06-23,2020-06-23 12:30:40,352,332,0348ed1a9ce0a22ef2adba373dc3b620,True,False,GT,4.0,5,12,3,3,392,143.0,0.2185703039430449,True,True,정상
002_20200623_123044(3),1호기,20200623,2,2020-06-23,2020-06-23 12:30:44,352,332,56b446f2da81ec46002a7ef0572b8385,True,False,GT,4.0,5,12,3,3,392,143.0,0.21574650876232201,True,True,정상
002_20200623_123048(4),1호기,20200623,2,2020-06-23,2020-06-23 12:30:48,352,332,d197a557eb80fb1f247e359667e0087d,True,False,GT,4.0,5,12,3,3,384,143.0,0.21567805312157723,True,True,정상
002_20200623_123052(5),1호기,20200623,2,2020-06-23,2020-06-23 12:30:52,352,332,12053a48c9f2264896417ac0c63732f0,True,False,GT,4.0,5,12,3,3,408,143.0,0.21572083789704272,True,True,정상
002_20200623_163039(5),1호기,20200623,2,2020-06-23,2020-06-23 16:30:39,352,332,bab6308b91f4bced1482a230587512c5,True,False,GT,14387.0,6,16,3,3,384,142.0,0.21951156900328586,True,True,정상
002_20200623_163043(7),1호기,20200623,2,2020-06-23,2020-06-23 16:30:43,352,332,db534bf619624212b3fe17c046d6f11c,True,False,GT,4.0,6,16,3,3,384,142.0,0.21925486035049288,True,True,정상
002_20200623_163047(6),1호기,20200623,2,2020-06-23,2020-06-23 16:30:47,352,332,a03ff6c0439828af61d508f5a36f75b1,True,False,GT,4.0,6,16,3,3,400,142.0,0.21956291073384446,True,True,정상
002_20200623_163051(7),1호기,20200623,2,2020-06-23,2020-06-23 16:30:51,352,332,29869e49917bbeb400cc0e2b177a385d,True,False,GT,4.0,6,16,3,3,392,143.0,0.21561815443592552,True,True,정상
002_20200623_163055(6),1호기,20200623,2,2020-06-23,2020-06-23 16:30:55,352,332,c80b8b648a562c6e5af0b214741df90c,True,False,GT,4.0,6,16,3,3,384,143.0,0.21578073658269442,True,True,정상
002_20200623_163059(6),1호기,20200623,2,2020-06-23,2020-06-23 16:30:59,352,332,7194909bd7c68708502278cc2befe00d,True,False,GT,4.0,6,16,3,3,384,143.0,0.21533577491785322,True,True,정상
002_20200623_203040(4),1호기,20200623,2,2020-06-23,2020-06-23 20:30:40,352,332,df3d93afc7108de15220b37e0ab9bab0,True,False,GT,14381.0,7,20,3,3,392,143.0,0.21562671139101863,True,True,정상
002_20200623_203044(0),1호기,20200623,2,2020-06-23,2020-06-23 20:30:44,352,332,e723495b97435010f5073244fc7ca6e6,True,False,GT,4.0,7,20,3,3,384,143.0,0.21534433187294633,True,True,정상
002_20200623_203047(7),1호기,20200623,2,2020-06-23,2020-06-23 20:30:47,352,332,eb5c7b8d0343bc7d8b695910bad08a55,True,False,GT,3.0,7,20,3,3,400,143.0,0.21534433187294633,True,True,정상
002_20200623_203051(2),1호기,20200623,2,2020-06-23,2020-06-23 20:30:51,352,332,a56ab8525ab68119c188a5ff457ffcb6,True,False,GT,4.0,7,20,3,3,408,143.0,0.21488225629791896,True,True,정상
002_20200623_203054(7),1호기,20200623,2,2020-06-23,2020-06-23 20:30:54,352,332,65af2802a4227d2e7df1fa073daa765f,True,False,GT,3.0,7,20,3,3,384,143.0,0.21478812979189485,True,True,정상
002_20200623_203058(3),1호기,20200623,2,2020-06-23,2020-06-23 20:30:58,352,332,9079461eb603b514443b7514659dc7e1,True,False,GT,4.0,7,20,3,3,392,143.0,0.2134446878422782,True,True,정상
002_20200624_003107(0),1호기,20200624,2,2020-06-24,2020-06-24 00:31:07,352,332,2524d1923187d1a82b82cdf7f7080739,True,False,GT,14409.0,8,0,3,3,384,143.0,0.2163112677984666,True,True,정상
002_20200624_003111(0),1호기,20200624,2,2020-06-24,2020-06-24 00:31:11,352,332,29f5eed5c30e93238199df5a6c386cc9,True,False,GT,4.0,8,0,3,3,392,143.0,0.21672200164293537,True,True,정상
002_20200624_003115(1),1호기,20200624,2,2020-06-24,2020-06-24 00:31:15,352,332,d0959e464ca64332ccac8accdf0aaf87,True,False,GT,4.0,8,0,3,3,384,144.0,0.21684179901423878,True,True,정상
002_20200624_003119(1),1호기,20200624,2,2020-06-24,2020-06-24 00:31:19,352,332,c698b48dc018996063270310e9e237b2,True,False,GT,4.0,8,0,3,3,384,143.0,0.2161486856516977,True,True,정상
002_20200624_003123(1),1호기,20200624,2,2020-06-24,2020-06-24 00:31:23,352,332,f351478be6354f51282343d54c843ffe,True,False,GT,4.0,8,0,3,3,392,143.0,0.2160203313253012,True,True,정상
002_20200624_003127(0),1호기,20200624,2,2020-06-24,2020-06-24 00:31:27,352,332,233e198ca04f8ad85fdd66ee1fb825a9,True,False,GT,4.0,8,0,3,3,384,143.0,0.21655941949616647,True,True,정상
002_20200624_043128(1),1호기,20200624,2,2020-06-24,2020-06-24 04:31:28,352,332,4e7d64b8d56b6eff7551ec86a426d414,True,False,GT,14401.0,9,4,3,3,400,143.0,0.21539567360350492,True,True,정상
002_20200624_043132(2),1호기,20200624,2,2020-06-24,2020-06-24 04:31:32,352,332,9e6de9444c2c51f2961b6143622babeb,True,False,GT,4.0,9,4,3,3,384,143.0,0.2163283817086528,True,True,정상
002_20200624_043136(1),1호기,20200624,2,2020-06-24,2020-06-24 04:31:36,352,332,a5b4d3a7d310227f6a43af30fef339be,True,False,GT,4.0,9,4,3,3,408,143.0,0.2163968373493976,True,True,정상
002_20200624_043140(2),1호기,20200624,2,2020-06-24,2020-06-24 04:31:40,352,332,afab675d41a838083dbccf6b86f23ab5,True,False,GT,4.0,9,4,3,3,400,143.0,0.2162770399780942,True,True,정상
002_20200624_043144(2),1호기,20200624,2,2020-06-24,2020-06-24 04:31:44,352,332,da3c053cadfeb281ae7e21688a462600,True,False,GT,4.0,9,4,3,3,392,143.0,0.21717552026286965,True,True,정상
002_20200624_043148(1),1호기,20200624,2,2020-06-24,2020-06-24 04:31:48,352,332,08ea263b15f01fc53b4bc47dcc80eb26,True,False,GT,4.0,9,4,3,3,384,143.0,0.21678190032858707,True,True,정상
002_20200624_083045(5),1호기,20200624,2,2020-06-24,2020-06-24 08:30:45,352,332,8249a3d7eab1806b1fe93fef8630a9b7,True,False,GT,14337.0,10,8,3,3,384,143.0,0.2164481790799562,True,True,정상
002_20200624_083049(6),1호기,20200624,2,2020-06-24,2020-06-24 08:30:49,352,332,62de1bf1793ee6d14a2c9a558870508f,True,False,GT,4.0,10,8,3,3,384,143.0,0.2165251916757941,True,True,정상
002_20200624_083053(3),1호기,20200624,2,2020-06-24,2020-06-24 08:30:53,352,332,e55e1702999402510b74479ea1974fb7,True,False,GT,4.0,10,8,3,3,384,143.0,0.2164139512595838,True,True,정상
002_20200624_083057(4),1호기,20200624,2,2020-06-24,2020-06-24 08:30:57,352,332,bd2fd20c94a5987e427c1639b05a8d1a,True,False,GT,4.0,10,8,3,3,384,143.0,0.21851896221248632,True,True,정상
002_20200624_083101(4),1호기,20200624,2,2020-06-24,2020-06-24 08:31:01,352,332,7d85f9ce2ca80b618b831b7846380fbd,True,False,GT,4.0,10,8,3,3,400,143.0,0.21908372124863087,True,True,정상
002_20200624_083105(5),1호기,20200624,2,2020-06-24,2020-06-24 08:31:05,352,332,74df737ba1b521af86065a18f4909db1,True,False,GT,4.0,10,8,3,3,408,143.0,0.2189040251916758,True,True,정상
002_20200624_123122(6),1호기,20200624,2,2020-06-24,2020-06-24 12:31:22,352,332,df1aa8fbdebfedc8290e2a6fc2351693,True,False,GT,14417.0,11,12,3,3,400,142.0,0.21519030668127054,True,True,정상
002_20200624_123126(4),1호기,20200624,2,2020-06-24,2020-06-24 12:31:26,352,332,e379332aa654bf248596928568413169,True,False,GT,4.0,11,12,3,3,384,143.0,0.21522453450164294,True,True,정상
002_20200624_123129(9),1호기,20200624,2,2020-06-24,2020-06-24 12:31:29,352,332,b924be3a5ff7e3b6fe090e818bb60f7e,True,False,GT,3.0,11,12,3,3,384,143.0,0.2155240279299014,True,True,정상
002_20200624_123133(0),1호기,20200624,2,2020-06-24,2020-06-24 12:31:33,352,332,d778f069ed03cd4b3afb8bde3964cc8a,True,False,GT,4.0,11,12,3,3,400,144.0,0.22023035323110624,True,True,정상
002_20200624_123136(5),1호기,20200624,2,2020-06-24,2020-06-24 12:31:36,352,332,918ddfa246cea702b1ca6863eeda835b,True,False,GT,3.0,11,12,3,3,384,144.0,0.22041860624315443,True,True,정상
002_20200624_123143(7),1호기,20200624,2,2020-06-24,2020-06-24 12:31:43,352,332,bd53a0fd245462dfa8c9c5a8b0aebfa4,True,False,GT,7.0,11,12,3,3,392,144.0,0.2207608844468784,True,True,정상
002_20200624_162522(0),1호기,20200624,2,2020-06-24,2020-06-24 16:25:22,352,332,fda9e277171420ced2fb5a88fdec2748,True,False,GT,14019.0,12,16,3,3,384,143.0,0.21490792716319826,True,True,정상
002_20200624_162527(8),1호기,20200624,2,2020-06-24,2020-06-24 16:25:27,352,332,de324b27a13592546b7d094423d369e1,True,False,GT,5.0,12,16,3,3,400,143.0,0.21474534501642936,True,True,정상
002_20200624_162531(7),1호기,20200624,2,2020-06-24,2020-06-24 16:25:31,352,332,a2bf81f68075ceb19290122813943d84,True,False,GT,4.0,12,16,3,3,392,143.0,0.21463410460021906,True,True,정상
002_20200624_162536(8),1호기,20200624,2,2020-06-24,2020-06-24 16:25:36,352,332,450ad3ec70220d45e2fd25a1509b2cb4,True,False,GT,5.0,12,16,3,3,384,142.0,0.2166621029572837,True,True,정상
002_20200624_162540(3),1호기,20200624,2,2020-06-24,2020-06-24 16:25:40,352,332,bbaf0e2303d7822bd50ab1dc3ab565e9,True,False,GT,4.0,12,16,3,3,392,143.0,0.21756914019715223,True,True,정상
002_20200624_162543(7),1호기,20200624,2,2020-06-24,2020-06-24 16:25:43,352,332,ca74a3feb136167c4f0702069cb40d40,True,False,GT,3.0,12,16,3,3,384,143.0,0.21687602683461119,True,True,정상
002_20200624_203003(9),1호기,20200625,2,2020-06-24,2020-06-24 20:30:03,352,332,51e24fbd40efd1ef30d8b71f03949b47,True,False,GT,14660.0,13,20,3,3,392,143.0,0.2134019030668127,True,True,정상
002_20200624_203012(9),1호기,20200625,2,2020-06-24,2020-06-24 20:30:12,352,332,581cf62cd9c59e92c45005a55ab71772,True,False,GT,9.0,13,20,3,3,400,143.0,0.21459987677984665,True,True,정상
002_20200624_203017(4),1호기,20200625,2,2020-06-24,2020-06-24 20:30:17,352,332,e8aa32c6ef58aaeae32df5c8567a2e1d,True,False,GT,5.0,13,20,3,3,392,143.0,0.21415491511500548,True,True,정상
002_20200624_203021(9),1호기,20200625,2,2020-06-24,2020-06-24 20:30:21,352,332,625ae8707f5abab8f5c35f1b67fda549,True,False,GT,4.0,13,20,3,3,392,143.0,0.21489937020810515,True,True,정상
002_20200624_203026(4),1호기,20200625,2,2020-06-24,2020-06-24 20:30:26,352,332,9db0261a5da89a2172d16fe8bab293bd,True,False,GT,5.0,13,20,3,3,384,143.0,0.21489081325301204,True,True,정상
002_20200624_203044(4),1호기,20200625,2,2020-06-24,2020-06-24 20:30:44,352,332,b31474ca84c2330966a37457467a8e4f,True,False,GT,18.0,13,20,3,3,384,143.0,0.21472823110624314,True,True,정상
002_20200625_003116(4),1호기,20200625,2,2020-06-25,2020-06-25 00:31:16,352,332,a10833d86606e7dea2f09f544851dbde,True,False,GT,14432.0,14,0,3,3,392,143.0,0.21462554764512595,True,True,정상
002_20200625_003120(7),1호기,20200625,2,2020-06-25,2020-06-25 00:31:20,352,332,efb9ffb3b5c38d91ff2bf0228c5ede34,True,False,GT,4.0,14,0,3,3,392,143.0,0.21455709200438117,True,True,정상
002_20200625_003125(4),1호기,20200625,2,2020-06-25,2020-06-25 00:31:25,352,332,3f9b0760360c549562a6b59f63571b0a,True,False,GT,5.0,14,0,3,3,384,143.0,0.21403511774370207,True,True,정상
002_20200625_003130(0),1호기,20200625,2,2020-06-25,2020-06-25 00:31:30,352,332,d184e5fac0e1b52bc1b18ce2b0a886c9,True,False,GT,5.0,14,0,3,3,384,143.0,0.21433461117196057,True,True,정상
002_20200625_003134(4),1호기,20200625,2,2020-06-25,2020-06-25 00:31:34,352,332,432898eb4208625a533a9a73b92ae6a4,True,False,GT,4.0,14,0,3,3,384,143.0,0.21400944687842277,True,True,정상
002_20200625_003139(0),1호기,20200625,2,2020-06-25,2020-06-25 00:31:39,352,332,8a21a5fd2e4537e618820b6a81408340,True,False,GT,5.0,14,0,3,3,384,143.0,0.21462554764512595,True,True,정상
002_20200625_042934(9),1호기,20200625,2,2020-06-25,2020-06-25 04:29:34,352,332,6557e1e798d5dfa060fecc299446bc8b,True,False,GT,14275.0,15,4,3,3,384,143.0,0.21247775191675794,True,True,정상
002_20200625_042939(2),1호기,20200625,2,2020-06-25,2020-06-25 04:29:39,352,332,a6c260a4711ed2eecd129c6dd6d4f76a,True,False,GT,5.0,15,4,3,3,392,143.0,0.2129483844468784,True,True,정상
002_20200625_042943(7),1호기,20200625,2,2020-06-25,2020-06-25 04:29:43,352,332,0fd53e21e2d2a894e1e4393dc664d9a1,True,False,GT,4.0,15,4,3,3,384,143.0,0.2129483844468784,True,True,정상
002_20200625_042948(3),1호기,20200625,2,2020-06-25,2020-06-25 04:29:48,352,332,7273ff24f08fc901d15770fe98ebf1f5,True,False,GT,5.0,15,4,3,3,392,143.0,0.2129740553121577,True,True,정상
002_20200625_042952(8),1호기,20200625,2,2020-06-25,2020-06-25 04:29:52,352,332,47e70e48585ca52590ad3900adef8368,True,False,GT,4.0,15,4,3,3,392,143.0,0.2132222070098576,True,True,정상
002_20200625_042957(3),1호기,20200625,2,2020-06-25,2020-06-25 04:29:57,352,332,70496d7a40aafabd637f34cebfe3e13e,True,False,GT,5.0,15,4,3,3,384,143.0,0.2132222070098576,True,True,정상
002_20200629_082630(7),1호기,20200629,2,2020-06-29,2020-06-29 08:26:30,352,332,35297f5c0326be9a746fdfe51d0db6be,True,False,GT,359793.0,16,8,3,3,384,140.0,0.21806544359255203,True,True,정상
002_20200629_082639(2),1호기,20200629,2,2020-06-29,2020-06-29 08:26:39,352,332,259d0c493bbc7e6b1590437baaeef71e,True,False,GT,9.0,16,8,3,3,392,140.0,0.21835638006571742,True,True,정상
002_20200629_082642(2),1호기,20200629,2,2020-06-29,2020-06-29 08:26:42,352,332,5b4010e270f528cbc7de3bb9253ec2a2,True,False,GT,3.0,16,8,3,3,384,140.0,0.21780017798466594,True,True,정상
002_20200629_082645(4),1호기,20200629,2,2020-06-29,2020-06-29 08:26:45,352,332,27d741435f06e03d4a8623aabd7aa460,True,False,GT,3.0,16,8,3,3,384,140.0,0.21726964676889376,True,True,정상
002_20200629_082648(6),1호기,20200629,2,2020-06-29,2020-06-29 08:26:48,352,332,1b2258f634abd1fd114e152240bf416e,False,False,미라벨,3.0,16,8,3,3,384,140.0,0.21727820372398685,True,True,정상
002_20200629_082651(5),1호기,20200629,2,2020-06-29,2020-06-29 08:26:51,352,332,38e7962ca049ef1bfe7c8e194bab01b2,False,False,미라벨,3.0,16,8,3,3,384,139.0,0.21685035596933186,True,True,정상
002_20200629_123235(1),1호기,20200629,2,2020-06-29,2020-06-29 12:32:35,352,332,edb5c91c6386a380a162005ca811b301,False,False,미라벨,14744.0,17,12,3,3,384,142.0,0.21675622946330778,True,True,정상
002_20200629_123239(5),1호기,20200629,2,2020-06-29,2020-06-29 12:32:39,352,332,6b23d3291a591088d553b94205d736b4,False,False,미라벨,4.0,17,12,3,3,392,142.0,0.21686746987951808,True,True,정상
002_20200629_123244(1),1호기,20200629,2,2020-06-29,2020-06-29 12:32:44,352,332,a8ff12528d98dc9f7b5322c98869e626,False,False,미라벨,5.0,17,12,3,3,384,142.0,0.21520742059145673,True,True,정상
002_20200629_123248(5),1호기,20200629,2,2020-06-29,2020-06-29 12:32:48,352,332,14934b331d90ba50eb67a3c82bdbf2f1,False,False,미라벨,4.0,17,12,3,3,384,142.0,0.21548124315443593,True,True,정상
002_20200629_123253(1),1호기,20200629,2,2020-06-29,2020-06-29 12:32:53,352,332,4d10c636dfabdf6bd6445a31176c4a2e,False,False,미라벨,5.0,17,12,3,3,392,142.0,0.2155496987951807,True,True,정상
002_20200629_123257(5),1호기,20200629,2,2020-06-29,2020-06-29 12:32:57,352,332,9dfe20540e9a0a82250ed1f5dc74f39a,False,False,미라벨,4.0,17,12,3,3,384,142.0,0.21686746987951808,True,True,정상
002_20200629_163454(3),1호기,20200629,2,2020-06-29,2020-06-29 16:34:54,352,332,adedc0332f7a424390c18e24cf16db5a,False,False,미라벨,14517.0,18,16,3,3,384,142.0,0.2164995208105148,True,True,정상
002_20200629_163457(3),1호기,20200629,2,2020-06-29,2020-06-29 16:34:57,352,332,608b244b2fe13e5f88b0f3cfdaa9f08e,False,False,미라벨,3.0,18,16,3,3,384,142.0,0.2160460021905805,True,True,정상
002_20200629_163500(2),1호기,20200629,2,2020-06-29,2020-06-29 16:35:00,352,332,3e05c816e051f6234b62c3f78ddf3960,False,False,미라벨,3.0,18,16,3,3,384,142.0,0.2165508625410734,True,True,정상
002_20200629_163506(3),1호기,20200629,2,2020-06-29,2020-06-29 16:35:06,352,332,3e590b647d8b51cef10fe22087cfeb0e,False,False,미라벨,6.0,18,16,3,3,384,142.0,0.21651663472070098,True,True,정상
002_20200629_163513(1),1호기,20200629,2,2020-06-29,2020-06-29 16:35:13,352,332,842f9d2874cc1e2743122ad55ec2e468,False,False,미라벨,7.0,18,16,3,3,392,142.0,0.216602204271632,True,True,정상
002_20200629_163520(3),1호기,20200629,2,2020-06-29,2020-06-29 16:35:20,352,332,2f1f966dd14ee1268c93860d9bcdcdab,False,False,미라벨,7.0,18,16,3,3,384,143.0,0.21735521631982474,True,True,정상
002_20200629_202528(1),1호기,20200629,2,2020-06-29,2020-06-29 20:25:28,352,332,493377323581d3ba94e4ff2640e659cf,False,False,미라벨,13808.0,19,20,3,3,392,142.0,0.2161315717415115,True,True,정상
002_20200629_202532(5),1호기,20200629,2,2020-06-29,2020-06-29 20:25:32,352,332,8941bebef56ae9363dd4f29e8478ceac,False,False,미라벨,4.0,19,20,3,3,384,143.0,0.21542134446878422,True,True,정상
002_20200629_202537(0),1호기,20200629,2,2020-06-29,2020-06-29 20:25:37,352,332,a45d1bdb9bf19a488a5cd58595612dc2,False,False,미라벨,5.0,19,20,3,3,384,142.0,0.2161829134720701,True,True,정상
002_20200629_202541(5),1호기,20200629,2,2020-06-29,2020-06-29 20:25:41,352,332,a5c0339d9c59c6a9c62a127357351602,False,False,미라벨,4.0,19,20,2,2,256,142.0,0.21480524370208104,True,True,정상
002_20200629_202546(0),1호기,20200629,2,2020-06-29,2020-06-29 20:25:46,352,332,d7bcf979b51d881d9d5ee2bdd111b035,False,False,미라벨,5.0,19,20,3,3,392,143.0,0.21827936746987953,True,True,정상
002_20200629_202550(6),1호기,20200629,2,2020-06-29,2020-06-29 20:25:50,352,332,db9cb7cb8ec5fb067b9d6d4ca1066ef1,False,False,미라벨,4.0,19,20,3,3,384,143.0,0.2187328860898138,True,True,정상
002_20200630_002731(0),1호기,20200630,2,2020-06-30,2020-06-30 00:27:31,352,332,7db40630ab4012df5818077d51219a55,False,False,미라벨,14501.0,20,0,3,3,384,142.0,0.2135388143483023,True,True,정상
002_20200630_002735(3),1호기,20200630,2,2020-06-30,2020-06-30 00:27:35,352,332,a3f5b1f60b5a14abb1ed2ddaecb74b20,False,False,미라벨,4.0,20,0,3,3,384,142.0,0.21690169769989048,True,True,정상
002_20200630_002739(8),1호기,20200630,2,2020-06-30,2020-06-30 00:27:39,352,332,ba6829a15d4808e72ebda334e53f61d8,False,False,미라벨,4.0,20,0,3,3,392,142.0,0.21780017798466594,True,True,정상
002_20200630_002744(3),1호기,20200630,2,2020-06-30,2020-06-30 00:27:44,352,332,0ce7847380eb576f659acc7826c66258,False,False,미라벨,5.0,20,0,3,3,384,142.0,0.21498493975903615,True,True,정상
002_20200630_002748(7),1호기,20200630,2,2020-06-30,2020-06-30 00:27:48,352,332,9d961485319942c6dff70e0ad6f1cdd3,False,False,미라벨,4.0,20,0,3,3,392,142.0,0.2137612951807229,True,True,정상
002_20200630_002753(4),1호기,20200630,2,2020-06-30,2020-06-30 00:27:53,352,332,22e9d1bc849069b2e9a16736163a38bb,False,False,미라벨,5.0,20,0,3,3,392,142.0,0.21537000273822562,True,True,정상
002_20200630_042952(6),1호기,20200630,2,2020-06-30,2020-06-30 04:29:52,352,332,cc601d4459d2427fc88706a1c4a0f0b6,False,False,미라벨,14519.0,21,4,3,3,408,142.0,0.21276013143483022,True,True,정상
002_20200630_042956(9),1호기,20200630,2,2020-06-30,2020-06-30 04:29:56,352,332,69d18b23c19f3e51a42cac4e3c4e820d,False,False,미라벨,4.0,21,4,3,3,384,142.0,0.21276013143483022,True,True,정상
002_20200630_043001(5),1호기,20200630,2,2020-06-30,2020-06-30 04:30:01,352,332,008b6f21cee646fff02366fd895795ee,False,False,미라벨,5.0,21,4,3,3,384,142.0,0.21282858707557503,True,True,정상
002_20200630_043009(0),1호기,20200630,2,2020-06-30,2020-06-30 04:30:09,352,332,39f635b22705da71f0fc63882b358db8,False,False,미라벨,8.0,21,4,3,3,400,143.0,0.2183478231106243,True,True,정상
002_20200630_043018(1),1호기,20200630,2,2020-06-30,2020-06-30 04:30:18,352,332,410c63cc2903730fd291aeb28d5b82da,False,False,미라벨,9.0,21,4,3,3,384,143.0,0.21854463307776562,True,True,정상
002_20200630_043022(7),1호기,20200630,2,2020-06-30,2020-06-30 04:30:22,352,332,87725b7839f11374bbe96f56fecd980c,False,False,미라벨,4.0,21,4,3,3,392,142.0,0.2186130887185104,True,True,정상
002_20200630_083021(2),1호기,20200630,2,2020-06-30,2020-06-30 08:30:21,352,332,9332f4bd46dfb74dd51e3ed4dc3db8b6,False,False,미라벨,14399.0,22,8,3,3,384,142.0,0.2161230147864184,True,True,정상
002_20200630_083024(2),1호기,20200630,2,2020-06-30,2020-06-30 08:30:24,352,332,e634fb1e30f307ffb72c11344e9f681f,False,False,미라벨,3.0,22,8,3,3,384,143.0,0.21556681270536693,True,True,정상
002_20200630_083028(7),1호기,20200630,2,2020-06-30,2020-06-30 08:30:28,352,332,d106c36662fee1cd3529a297506bab13,False,False,미라벨,4.0,22,8,3,3,384,142.0,0.21551547097480833,True,True,정상
002_20200630_083033(2),1호기,20200630,2,2020-06-30,2020-06-30 08:30:33,352,332,557954b04852c17c73ec2ce3c4f3352d,False,False,미라벨,5.0,22,8,3,3,392,143.0,0.21511329408543264,True,True,정상
002_20200630_083037(7),1호기,20200630,2,2020-06-30,2020-06-30 08:30:37,352,332,5637385a684d25b8fe7227ff276e2f73,False,False,미라벨,4.0,22,8,3,3,384,142.0,0.21594331872946332,True,True,정상
002_20200630_083042(2),1호기,20200630,2,2020-06-30,2020-06-30 08:30:42,352,332,ad96b950877811d768f5e20ed688bba1,False,False,미라벨,5.0,22,8,3,3,400,142.0,0.21550691401971522,True,True,정상
002_20200630_123220(5),1호기,20200630,2,2020-06-30,2020-06-30 12:32:20,352,332,cd69f89eccfc4c2aaf5adbecafa40540,False,False,미라벨,14498.0,23,12,3,3,392,142.0,0.21527587623220154,True,True,정상
002_20200630_123224(9),1호기,20200630,2,2020-06-30,2020-06-30 12:32:24,352,332,c1e5a8c549d551fe67e9979b8d278293,False,False,미라벨,4.0,23,12,3,3,384,143.0,0.2160460021905805,True,True,정상
002_20200630_123229(5),1호기,20200630,2,2020-06-30,2020-06-30 12:32:29,352,332,e37c2032616c8aa043d01032e3370dff,False,False,미라벨,5.0,23,12,2,2,272,143.0,0.21653374863088717,True,True,정상
002_20200630_123234(0),1호기,20200630,2,2020-06-30,2020-06-30 12:32:34,352,332,597e91629842c2554c7199d1c6f83104,False,False,미라벨,5.0,23,12,3,3,384,142.0,0.2159604326396495,True,True,정상
002_20200630_123238(5),1호기,20200630,2,2020-06-30,2020-06-30 12:32:38,352,332,108f7085190cca57861e1bc092620fd5,False,False,미라벨,4.0,23,12,3,3,392,142.0,0.21648240690032858,True,True,정상
002_20200630_123243(0),1호기,20200630,2,2020-06-30,2020-06-30 12:32:43,352,332,41fd3c8a29f606b23591d5a5417d5219,False,False,미라벨,5.0,23,12,3,3,384,142.0,0.2165508625410734,True,True,정상
002_20200630_163223(6),1호기,20200630,2,2020-06-30,2020-06-30 16:32:23,352,332,52c8ff630d24352f1e30574f8312dd1c,False,False,미라벨,14380.0,24,16,3,3,384,143.0,0.2184505065717415,True,True,정상
002_20200630_163227(9),1호기,20200630,2,2020-06-30,2020-06-30 16:32:27,352,332,e02adec2e5eb2a3b2f4dd09d3f8b9bd0,False,False,미라벨,4.0,24,16,3,3,392,143.0,0.21822802573932093,True,True,정상
002_20200630_163232(4),1호기,20200630,2,2020-06-30,2020-06-30 16:32:32,352,332,bd6f430444da87809215abc9914e5175,False,False,미라벨,5.0,24,16,3,3,384,143.0,0.21761192497261775,True,True,정상
002_20200630_163237(0),1호기,20200630,2,2020-06-30,2020-06-30 16:32:37,352,332,0e4f8d8d06d16eb81c3e8253ad6687da,False,False,미라벨,5.0,24,16,3,3,384,142.0,0.2156866100766703,True,True,정상
002_20200630_163241(3),1호기,20200630,2,2020-06-30,2020-06-30 16:32:41,352,332,7880691aa07d5fb72a81cbe16dbcc131,False,False,미라벨,4.0,24,16,3,3,384,141.0,0.21336767524644032,True,True,정상
002_20200630_163246(0),1호기,20200630,2,2020-06-30,2020-06-30 16:32:46,352,332,8b99436a373d644c288ab2e44cf1e60b,False,False,미라벨,5.0,24,16,3,3,384,141.0,0.21336767524644032,True,True,정상
002_20200630_202821(1),1호기,20200630,2,2020-06-30,2020-06-30 20:28:21,352,332,18f3078cf74ec4f07b0b87d5040c9760,False,False,미라벨,14135.0,25,20,3,3,392,142.0,0.21385542168674698,True,True,정상
002_20200630_202825(8),1호기,20200630,2,2020-06-30,2020-06-30 20:28:25,352,332,82f5e206316b0d2f7f0cdcb0cdcb5885,False,False,미라벨,4.0,25,20,3,3,392,143.0,0.21554114184008763,True,True,정상
002_20200630_202830(0),1호기,20200630,2,2020-06-30,2020-06-30 20:28:30,352,332,2fdc3049a128e3a70df03c8e1a2493ba,False,False,미라벨,5.0,25,20,3,3,392,143.0,0.21512185104052575,True,True,정상
002_20200630_202834(7),1호기,20200630,2,2020-06-30,2020-06-30 20:28:34,352,332,bfa6f53144ffa09d805268f977e37a99,False,False,미라벨,4.0,25,20,3,3,384,142.0,0.2130767387732749,True,True,정상
002_20200630_202839(2),1호기,20200630,2,2020-06-30,2020-06-30 20:28:39,352,332,2461b01143ca0ff4cb530ad3b509a92f,False,False,미라벨,5.0,25,20,3,3,392,143.0,0.21685035596933186,True,True,정상
002_20200630_202843(7),1호기,20200630,2,2020-06-30,2020-06-30 20:28:43,352,332,f7fc3f3f4a8a1312bc03dc0f78c1af49,False,False,미라벨,4.0,25,20,3,3,384,143.0,0.21716696330777657,True,True,정상
002_20200701_003844(7),1호기,20200701,2,2020-07-01,2020-07-01 00:38:44,352,332,7dc23fcd637e875bc381a2deffb67684,False,False,미라벨,15001.0,26,0,3,3,384,143.0,0.21431749726177438,True,True,정상
002_20200701_003849(2),1호기,20200701,2,2020-07-01,2020-07-01 00:38:49,352,332,caaa9473b0bf0eaa3cc351d722f5c094,False,False,미라벨,5.0,26,0,3,3,384,143.0,0.21446296549835706,True,True,정상
002_20200701_003853(8),1호기,20200701,2,2020-07-01,2020-07-01 00:38:53,352,332,08ca6606f075dc0e29fa7925a0c780cd,False,False,미라벨,4.0,26,0,3,3,384,143.0,0.21513040799561883,True,True,정상
002_20200701_003858(2),1호기,20200701,2,2020-07-01,2020-07-01 00:38:58,352,332,da9bd8af7e627df4b20f17c761b444f5,False,False,미라벨,5.0,26,0,3,3,392,144.0,0.2183734939759036,True,True,정상
002_20200701_003902(7),1호기,20200701,2,2020-07-01,2020-07-01 00:39:02,352,332,fe0567bc8728935c747f2b4f199df2c0,False,False,미라벨,4.0,26,0,3,3,384,143.0,0.21820235487404163,True,True,정상
002_20200701_003907(0),1호기,20200701,2,2020-07-01,2020-07-01 00:39:07,352,332,786f3ab4eac7d2306b35f5dee4c81e39,False,False,미라벨,5.0,26,0,3,3,392,143.0,0.21804832968236582,True,True,정상
002_20200701_042952(8),1호기,20200701,2,2020-07-01,2020-07-01 04:29:52,352,332,4458ac198cff0005f6a2d77f4c95aabf,False,False,미라벨,13845.0,27,4,3,3,400,143.0,0.21572083789704272,True,True,정상
002_20200701_042957(2),1호기,20200701,2,2020-07-01,2020-07-01 04:29:57,352,332,898ddcd92115a601e8a3eaa5ca9ac30f,False,False,미라벨,5.0,27,4,3,3,384,143.0,0.21499349671412923,True,True,정상
002_20200701_043001(6),1호기,20200701,2,2020-07-01,2020-07-01 04:30:01,352,332,0b5a247b2006ed5e4b455dbe38672e3f,False,False,미라벨,4.0,27,4,3,3,400,143.0,0.21536144578313254,True,True,정상
002_20200701_043006(4),1호기,20200701,2,2020-07-01,2020-07-01 04:30:06,352,332,028abf67f8d045300c083e8e727f66d1,False,False,미라벨,5.0,27,4,3,3,384,143.0,0.21952868291347208,True,True,정상
002_20200701_043010(8),1호기,20200701,2,2020-07-01,2020-07-01 04:30:10,352,332,bce38e9e2d8c092a465f38efd0020463,False,False,미라벨,4.0,27,4,3,3,408,144.0,0.21781729189485213,True,True,정상
002_20200701_043015(3),1호기,20200701,2,2020-07-01,2020-07-01 04:30:15,352,332,ffa6dfd12e7bc6a0a717ccf0e0d1da96,False,False,미라벨,5.0,27,4,3,3,392,143.0,0.21770605147864183,True,True,정상
002_20200701_083109(4),1호기,20200701,2,2020-07-01,2020-07-01 08:31:09,352,332,c5fa4751e738e6d633bd81b193fbb02b,False,False,미라벨,14454.0,28,8,3,3,392,143.0,0.21479668674698796,True,True,정상
002_20200701_083113(8),1호기,20200701,2,2020-07-01,2020-07-01 08:31:13,352,332,b29c8b888e746d120503a441b716649a,False,False,미라벨,4.0,28,8,3,3,384,143.0,0.21420625684556407,True,True,정상
002_20200701_083121(4),1호기,20200701,2,2020-07-01,2020-07-01 08:31:21,352,332,70c90aa5e5a9c157a095e71c6d6759da,False,False,미라벨,8.0,28,8,3,3,384,142.0,0.21455709200438117,True,True,정상
002_20200701_083126(0),1호기,20200701,2,2020-07-01,2020-07-01 08:31:26,352,332,c8412fac7943a0f31bb6ee2a30d5821f,False,False,미라벨,5.0,28,8,3,3,400,142.0,0.21409501642935377,True,True,정상
002_20200701_083130(4),1호기,20200701,2,2020-07-01,2020-07-01 08:31:30,352,332,cf0e77f281b012935c7cd0370120309e,False,False,미라벨,4.0,28,8,3,3,392,142.0,0.2136072699890471,True,True,정상
002_20200701_083142(6),1호기,20200701,2,2020-07-01,2020-07-01 08:31:42,352,332,092b81ee8c55b926daabece0ec923c96,False,False,미라벨,12.0,28,8,3,3,400,142.0,0.21385542168674698,True,True,정상
002_20200701_123318(7),1호기,20200701,2,2020-07-01,2020-07-01 12:33:18,352,332,f834821fbe8e41a2848f66a298d3ceeb,False,False,미라벨,14496.0,29,12,3,3,384,143.0,0.2133334474260679,True,True,정상
002_20200701_123321(8),1호기,20200701,2,2020-07-01,2020-07-01 12:33:21,352,332,b53c6c1ea5c40947532a76580906999f,False,False,미라벨,3.0,29,12,3,3,384,143.0,0.21248630887185105,True,True,정상
002_20200701_123325(0),1호기,20200701,2,2020-07-01,2020-07-01 12:33:25,352,332,6326c42868bcf592be488439fe665431,False,False,미라벨,4.0,29,12,3,3,392,143.0,0.2132393209200438,True,True,정상
002_20200701_123328(2),1호기,20200701,2,2020-07-01,2020-07-01 12:33:28,352,332,b21edbfe6353da2b266f00286a908880,False,False,미라벨,3.0,29,12,3,3,392,143.0,0.2136072699890471,True,True,정상
002_20200701_123331(2),1호기,20200701,2,2020-07-01,2020-07-01 12:33:31,352,332,5e4fb6a2687c32ef0a1ab80468fc44bb,False,False,미라벨,3.0,29,12,3,3,384,143.0,0.2132735487404162,True,True,정상
002_20200701_123334(3),1호기,20200701,2,2020-07-01,2020-07-01 12:33:34,352,332,2fb0ef3000eaa86cf35129b16469ffec,False,False,미라벨,3.0,29,12,3,3,384,143.0,0.2135388143483023,True,True,정상
002_20200701_163004(7),1호기,20200701,2,2020-07-01,2020-07-01 16:30:04,352,332,fa582a2b5e4db00c1304a7acdedb032b,False,False,미라벨,14190.0,30,16,3,3,392,143.0,0.21328210569550932,True,True,정상
002_20200701_163017(3),1호기,20200701,2,2020-07-01,2020-07-01 16:30:17,352,332,331b10f74853627af3bc18f071f46ced,False,False,미라벨,13.0,30,16,3,3,384,143.0,0.21305962486308871,True,True,정상
002_20200701_163021(2),1호기,20200701,2,2020-07-01,2020-07-01 16:30:21,352,332,bb7bc118450cfa1a80d50e94eb596ce4,False,False,미라벨,4.0,30,16,3,3,392,143.0,0.21264889101861995,True,True,정상
002_20200701_163024(9),1호기,20200701,2,2020-07-01,2020-07-01 16:30:24,352,332,d4150d4fb8bc46e59b86099f57484343,False,False,미라벨,3.0,30,16,3,3,384,143.0,0.2138639786418401,True,True,정상
002_20200701_163029(1),1호기,20200701,2,2020-07-01,2020-07-01 16:30:29,352,332,12f235e8ee0423729339a79acfd117f3,False,False,미라벨,5.0,30,16,3,3,392,143.0,0.21424904162102956,True,True,정상
002_20200701_163033(0),1호기,20200701,2,2020-07-01,2020-07-01 16:30:33,352,332,78cb2f1b13ba75940e0a5c5bf4e90393,False,False,미라벨,4.0,30,16,3,3,384,142.0,0.21303395399780942,True,True,정상
002_20200701_203037(6),1호기,20200701,2,2020-07-01,2020-07-01 20:30:37,352,332,4b5042031117ebed9479d5ff245b44cd,False,False,미라벨,14404.0,31,20,3,3,384,143.0,0.21288848576122674,True,True,정상
002_20200701_203040(8),1호기,20200701,2,2020-07-01,2020-07-01 20:30:40,352,332,c47779dbc65106ceae30ff2186df0785,False,False,미라벨,3.0,31,20,3,3,384,143.0,0.21497638280394304,True,True,정상
002_20200701_203043(9),1호기,20200701,2,2020-07-01,2020-07-01 20:30:43,352,332,10e2ea1db3b1502162ad965b063e0d5f,False,False,미라벨,3.0,31,20,3,3,400,143.0,0.21535288882803943,True,True,정상
002_20200701_203046(9),1호기,20200701,2,2020-07-01,2020-07-01 20:30:46,352,332,f88158e57f3978375419a39d637a76b3,False,False,미라벨,3.0,31,20,3,3,384,141.0,0.208276286966046,True,True,정상
002_20200701_203050(0),1호기,20200701,2,2020-07-01,2020-07-01 20:30:50,352,332,dc0e42e262373f647f9b72ce1122f8da,False,False,미라벨,4.0,31,20,2,2,264,144.0,0.21729531763417306,True,True,정상
002_20200701_203053(0),1호기,20200701,2,2020-07-01,2020-07-01 20:30:53,352,332,3f8fd6c9d66fe4f772f56f8fabd15715,False,False,미라벨,3.0,31,20,3,3,384,145.0,0.21772316538882805,True,True,정상
002_20200702_002742(2),1호기,20200702,2,2020-07-02,2020-07-02 00:27:42,352,332,6e6769b161b45c162429467a195a5116,False,False,미라벨,14209.0,32,0,3,3,400,143.0,0.2138725355969332,True,True,정상
002_20200702_002746(8),1호기,20200702,2,2020-07-02,2020-07-02 00:27:46,352,332,701ee3b7566f893a5cf52d7d2a1f2e78,False,False,미라벨,4.0,32,0,3,3,392,143.0,0.2133505613362541,True,True,정상
002_20200702_002751(2),1호기,20200702,2,2020-07-02,2020-07-02 00:27:51,352,332,72d34f26dead559471fb517a7eca33bd,False,False,미라벨,5.0,32,0,3,3,400,143.0,0.21304251095290253,True,True,정상
002_20200702_002755(8),1호기,20200702,2,2020-07-02,2020-07-02 00:27:55,352,332,dc55a07fb8d73c2d654ed96fb7a17947,False,False,미라벨,4.0,32,0,3,3,384,144.0,0.21817668400876233,True,True,정상
002_20200702_002800(1),1호기,20200702,2,2020-07-02,2020-07-02 00:28:00,352,332,947522592b8e885e672330a826161c2b,False,False,미라벨,5.0,32,0,3,3,392,145.0,0.21803977272727273,True,True,정상
002_20200702_002804(8),1호기,20200702,2,2020-07-02,2020-07-02 00:28:04,352,332,982d23a35c066ebc8da6d7c8d2152ab4,False,False,미라벨,4.0,32,0,3,3,384,144.0,0.21799698795180722,True,True,정상
002_20200702_042930(4),1호기,20200702,2,2020-07-02,2020-07-02 04:29:30,352,332,85899a2b4fd0a1aa79be063213782e66,False,False,미라벨,14486.0,33,4,3,3,392,143.0,0.21455709200438117,True,True,정상
002_20200702_042933(6),1호기,20200702,2,2020-07-02,2020-07-02 04:29:33,352,332,c568ef59ebc2d0fe25806ec115fe2b07,False,False,미라벨,3.0,33,4,3,3,392,143.0,0.21309385268346112,True,True,정상
002_20200702_042937(8),1호기,20200702,2,2020-07-02,2020-07-02 04:29:37,352,332,4ca5821bcc72ab946c1f22b8658b9911,False,False,미라벨,4.0,33,4,3,3,400,144.0,0.21479668674698796,True,True,정상
002_20200702_042945(5),1호기,20200702,2,2020-07-02,2020-07-02 04:29:45,352,332,c41306351261ece34cce2a371d0a098c,False,False,미라벨,8.0,33,4,3,3,400,146.0,0.21723541894852136,True,True,정상
002_20200702_042949(9),1호기,20200702,2,2020-07-02,2020-07-02 04:29:49,352,332,dc0659d989a41c260402b865d32a95ae,False,False,미라벨,4.0,33,4,3,3,384,144.0,0.21720974808324206,True,True,정상
002_20200702_042954(6),1호기,20200702,2,2020-07-02,2020-07-02 04:29:54,352,332,1d39fdb8dcbc66d064bb39a7d2cfc2c0,False,False,미라벨,5.0,33,4,3,3,384,144.0,0.21711562157721798,True,True,정상
002_20200706_083031(0),1호기,20200706,2,2020-07-06,2020-07-06 08:30:31,352,332,2998b4b9eb91387513f93d129e295bde,False,False,미라벨,360037.0,34,8,2,2,360,142.0,0.21916929079956188,True,True,정상
002_20200706_083035(5),1호기,20200706,2,2020-07-06,2020-07-06 08:30:35,352,332,99dce4fac7113aa5573a095e177f904e,False,False,미라벨,4.0,34,8,3,3,384,142.0,0.22030736582694413,True,True,정상
002_20200706_083039(2),1호기,20200706,2,2020-07-06,2020-07-06 08:30:39,352,332,bd98cf260b2afea434af1dfa2ab7e5d1,False,False,미라벨,4.0,34,8,3,3,384,142.0,0.21990518893756847,True,True,정상
002_20200706_083042(4),1호기,20200706,2,2020-07-06,2020-07-06 08:30:42,352,332,bb1aeab58cb103563e6b3435270ba30b,False,False,미라벨,3.0,34,8,3,3,384,141.0,0.21748357064622126,True,True,정상
002_20200706_083045(5),1호기,20200706,2,2020-07-06,2020-07-06 08:30:45,352,332,81ee00b4ad38bdd79fc095bab40ff7c9,False,False,미라벨,3.0,34,8,3,3,392,141.0,0.21758625410733845,True,True,정상
002_20200706_083049(6),1호기,20200706,2,2020-07-06,2020-07-06 08:30:49,352,332,3b35792498a1a9815f2c5294b469bfcc,False,False,미라벨,4.0,34,8,3,3,384,141.0,0.2184761774370208,True,True,정상
002_20200706_123023(3),1호기,20200706,2,2020-07-06,2020-07-06 12:30:23,352,332,89606c025bea8b9ef891f62461dcf282,False,False,미라벨,14374.0,35,12,3,3,392,142.0,0.2188098986856517,True,True,정상
002_20200706_123027(1),1호기,20200706,2,2020-07-06,2020-07-06 12:30:27,352,332,01ed88b71b9c2d340a84bed15bc9125f,False,False,미라벨,4.0,35,12,3,3,392,143.0,0.22025602409638553,True,True,정상
002_20200706_123031(0),1호기,20200706,2,2020-07-06,2020-07-06 12:30:31,352,332,d7e32006cda9bdc43a6dbc2e061d33aa,False,False,미라벨,4.0,35,12,3,3,384,143.0,0.22002498630887185,True,True,정상
002_20200706_123035(0),1호기,20200706,2,2020-07-06,2020-07-06 12:30:35,352,332,09051b26196e5cd90620a7bd33d84d32,False,False,미라벨,4.0,35,12,3,3,384,142.0,0.21724397590361447,True,True,정상
002_20200706_123038(9),1호기,20200706,2,2020-07-06,2020-07-06 12:30:38,352,332,1307f852d7830bdf7c9fe0ad837230c1,False,False,미라벨,3.0,35,12,3,3,384,142.0,0.21706427984665935,True,True,정상
002_20200706_123042(9),1호기,20200706,2,2020-07-06,2020-07-06 12:30:42,352,332,3f45b7d6df2446b3f73c19e20c9d58a5,False,False,미라벨,4.0,35,12,3,3,392,142.0,0.2162342552026287,True,True,정상
002_20200706_163436(9),1호기,20200706,2,2020-07-06,2020-07-06 16:34:36,352,332,9094ded2267d7c232f0de3e08c99f6e7,False,False,미라벨,14634.0,36,16,3,3,384,143.0,0.21980250547645125,True,True,정상
002_20200706_163440(2),1호기,20200706,2,2020-07-06,2020-07-06 16:34:40,352,332,9a8938e7938e91e07d75c1d370db36cc,False,False,미라벨,4.0,36,16,3,3,392,144.0,0.22095769441401972,True,True,정상
002_20200706_163443(1),1호기,20200706,2,2020-07-06,2020-07-06 16:34:43,352,332,6a3e1853c4fc6469daca1dd2f83883c2,False,False,미라벨,3.0,36,16,3,3,392,143.0,0.2209234665936473,True,True,정상
002_20200706_163445(8),1호기,20200706,2,2020-07-06,2020-07-06 16:34:45,352,332,d122abb1a7961b5afb494eb88b1e9d83,False,False,미라벨,2.0,36,16,3,3,392,142.0,0.21797987404162103,True,True,정상
002_20200706_163448(8),1호기,20200706,2,2020-07-06,2020-07-06 16:34:48,352,332,4569b60cdd0c6664b5ad65ecd797de5f,False,False,미라벨,3.0,36,16,3,3,384,142.0,0.21811678532311063,True,True,정상
002_20200706_163451(8),1호기,20200706,2,2020-07-06,2020-07-06 16:34:51,352,332,8cac6f12012cf1615d235f673ef18748,False,False,미라벨,3.0,36,16,3,3,392,142.0,0.21803977272727273,True,True,정상
002_20200706_203038(8),1호기,20200706,2,2020-07-06,2020-07-06 20:30:38,352,332,2b4774707d51262fe63343370ef8d18d,False,False,미라벨,14147.0,37,20,3,3,384,141.0,0.21489937020810515,True,True,정상
002_20200706_203042(0),1호기,20200706,2,2020-07-06,2020-07-06 20:30:42,352,332,dc1fbe068b00229a3760ce9dff6e56ef,False,False,미라벨,4.0,37,20,3,3,384,140.0,0.21046686746987953,True,True,정상
002_20200706_203045(2),1호기,20200706,2,2020-07-06,2020-07-06 20:30:45,352,332,529f14c1f3fe0ca663bec3196880467f,False,False,미라벨,3.0,37,20,3,3,392,140.0,0.21033851314348304,True,True,정상
002_20200706_203048(5),1호기,20200706,2,2020-07-06,2020-07-06 20:30:48,352,332,826317b7e89237c4b0498637f7644fe2,False,False,미라벨,3.0,37,20,3,3,384,139.0,0.20941436199342825,True,True,정상
002_20200706_203051(7),1호기,20200706,2,2020-07-06,2020-07-06 20:30:51,352,332,a71caf5725ffa0760d183f2b690ee503,False,False,미라벨,3.0,37,20,3,3,384,139.0,0.20848165388828038,True,True,정상
002_20200706_203058(1),1호기,20200706,2,2020-07-06,2020-07-06 20:30:58,352,332,ce05dae4367908c2ff1e24645ae681ca,False,False,미라벨,7.0,37,20,3,3,392,139.0,0.21021871577217963,True,True,정상
002_20200707_003535(3),1호기,20200707,2,2020-07-07,2020-07-07 00:35:35,352,332,df2672699f90ceba83928c12143f53d8,False,False,미라벨,14677.0,38,0,3,3,392,143.0,0.21947734118291348,True,True,정상
002_20200707_003543(3),1호기,20200707,2,2020-07-07,2020-07-07 00:35:43,352,332,7b86208b77e45603072229a70fe2739c,False,False,미라벨,8.0,38,0,3,3,384,143.0,0.21919496166484118,True,True,정상
002_20200707_003547(4),1호기,20200707,2,2020-07-07,2020-07-07 00:35:47,352,332,f72386f0507e9f492925907c3e177f2e,False,False,미라벨,4.0,38,0,3,3,384,143.0,0.21982817634173055,True,True,정상
002_20200707_003551(2),1호기,20200707,2,2020-07-07,2020-07-07 00:35:51,352,332,fa740732436b96c89a7f1586260a8c30,False,False,미라벨,4.0,38,0,3,3,384,143.0,0.21990518893756847,True,True,정상
002_20200707_003555(2),1호기,20200707,2,2020-07-07,2020-07-07 00:35:55,352,332,85c958ac958fcb9658d818818281697b,False,False,미라벨,4.0,38,0,3,3,392,143.0,0.21969126506024098,True,True,정상
002_20200707_003603(4),1호기,20200707,2,2020-07-07,2020-07-07 00:36:03,352,332,fe1ea367f2fb3f0e344b7f83939be203,False,False,미라벨,8.0,38,0,3,3,384,142.0,0.2190751642935378,True,True,정상
002_20200707_043323(4),1호기,20200707,2,2020-07-07,2020-07-07 04:33:23,352,332,54c7a0a8e6a0d8ed403afc6e2de8c3e7,False,False,미라벨,14240.0,39,4,3,3,384,143.0,0.22013622672508215,True,True,정상
002_20200707_043327(5),1호기,20200707,2,2020-07-07,2020-07-07 04:33:27,352,332,dd30208e49f91086656f3a11b6035561,False,False,미라벨,4.0,39,4,3,3,384,143.0,0.22087212486308871,True,True,정상
002_20200707_043331(4),1호기,20200707,2,2020-07-07,2020-07-07 04:33:31,352,332,a1bc1e5bc0809a45cc7867206e3fed18,False,False,미라벨,4.0,39,4,3,3,392,143.0,0.22104326396495072,True,True,정상
002_20200707_043441(2),1호기,20200707,2,2020-07-07,2020-07-07 04:34:41,352,332,d368ef5d438eec051aec89f2959ab0dc,False,False,미라벨,70.0,39,4,3,3,392,143.0,0.22209576944140197,True,True,정상
002_20200707_043449(4),1호기,20200707,2,2020-07-07,2020-07-07 04:34:49,352,332,b800823474e7ecdd5ead71faf94901a9,False,False,미라벨,8.0,39,4,3,3,400,142.0,0.2214283269441402,True,True,정상
002_20200707_043453(4),1호기,20200707,2,2020-07-07,2020-07-07 04:34:53,352,332,f05ddf4c3c506fa5a819a24a5fda7f76,False,False,미라벨,4.0,39,4,3,3,392,142.0,0.2215994660460022,True,True,정상
002_20200707_083007(7),1호기,20200707,2,2020-07-07,2020-07-07 08:30:07,352,332,3794387db7a80e275c49584c1bac086a,False,False,미라벨,14114.0,40,8,3,3,392,143.0,0.21815101314348304,True,True,정상
002_20200707_083011(7),1호기,20200707,2,2020-07-07,2020-07-07 08:30:11,352,332,272a019aa381cac8cdbe1e9dceb230ba,False,False,미라벨,4.0,40,8,3,3,392,143.0,0.21798843099671414,True,True,정상
002_20200707_083015(6),1호기,20200707,2,2020-07-07,2020-07-07 08:30:15,352,332,e4bc30e16352a1ae54f6ac3f1511c1e0,False,False,미라벨,4.0,40,8,3,3,384,142.0,0.21795420317634173,True,True,정상
002_20200707_083019(7),1호기,20200707,2,2020-07-07,2020-07-07 08:30:19,352,332,1790e7f296456c28e9a464c1e6bc5067,False,False,미라벨,4.0,40,8,3,3,384,143.0,0.22077799835706463,True,True,정상
002_20200707_083023(7),1호기,20200707,2,2020-07-07,2020-07-07 08:30:23,352,332,fa73690611b2e8f5a2ddf5aebf7adbd4,False,False,미라벨,4.0,40,8,3,3,384,143.0,0.22094058050383353,True,True,정상
002_20200707_083027(5),1호기,20200707,2,2020-07-07,2020-07-07 08:30:27,352,332,3563e0996efceb9415c09de68eb55c43,False,False,미라벨,4.0,40,8,3,3,384,143.0,0.2212828587075575,True,True,정상
002_20200707_123124(2),1호기,20200707,2,2020-07-07,2020-07-07 12:31:24,352,332,4f638203e21a6405598ac000589666dd,False,False,미라벨,14457.0,41,12,3,3,384,142.0,0.21658509036144577,True,True,정상
002_20200707_123128(4),1호기,20200707,2,2020-07-07,2020-07-07 12:31:28,352,332,4fccd4f671efd903e23f4f181ce8e8a0,False,False,미라벨,4.0,41,12,3,3,392,142.0,0.21675622946330778,True,True,정상
002_20200707_123132(4),1호기,20200707,2,2020-07-07,2020-07-07 12:31:32,352,332,192c5db7358c8b5a6ac2dbfc3e8db3f7,False,False,미라벨,4.0,41,12,3,3,384,142.0,0.21763759583789705,True,True,정상
002_20200707_123136(3),1호기,20200707,2,2020-07-07,2020-07-07 12:31:36,352,332,3cb196fe92339cdf02f9221f1d4f4cfb,False,False,미라벨,4.0,41,12,3,3,384,145.0,0.220897795728368,True,True,정상
002_20200707_123140(3),1호기,20200707,2,2020-07-07,2020-07-07 12:31:40,352,332,f7028d2db76a6ce0b9def169c3280bca,False,False,미라벨,4.0,41,12,3,3,384,143.0,0.22079511226725082,True,True,정상
002_20200707_123144(3),1호기,20200707,2,2020-07-07,2020-07-07 12:31:44,352,332,2f465ddb41185a6605d60cf514de24f9,False,False,미라벨,4.0,41,12,3,3,384,143.0,0.22093202354874042,True,True,정상
002_20200708_093546(5),1호기,20200708,2,2020-07-08,2020-07-08 09:35:46,352,332,da3fcd19538f2650653ecadc3cd10ae8,False,False,미라벨,75842.0,42,9,3,3,384,141.0,0.22249794633077766,True,True,정상
002_20200708_093556(1),1호기,20200708,2,2020-07-08,2020-07-08 09:35:56,352,332,0e0d4017c3ea39a668f063d4c15b25ce,False,False,미라벨,10.0,42,9,3,3,384,140.0,0.22094058050383353,True,True,정상
002_20200708_093600(2),1호기,20200708,2,2020-07-08,2020-07-08 09:36:00,352,332,91b912415c723e24a7f4cd01bf83bcda,False,False,미라벨,4.0,42,9,3,3,384,140.0,0.22048706188389924,True,True,정상
002_20200708_093604(2),1호기,20200708,2,2020-07-08,2020-07-08 09:36:04,352,332,6fd0e3f91fa09a367472408757f177e3,False,False,미라벨,4.0,42,9,2,2,256,142.0,0.2167391155531216,True,True,정상
002_20200708_093608(1),1호기,20200708,2,2020-07-08,2020-07-08 09:36:08,352,332,59e983d7c18f236068535b8498f12bcf,False,False,미라벨,4.0,42,9,3,3,384,141.0,0.21645673603504928,True,True,정상
002_20200708_093612(3),1호기,20200708,2,2020-07-08,2020-07-08 09:36:12,352,332,6e1529ba6a91a0ef56c6becec0850342,False,False,미라벨,4.0,42,9,3,3,392,140.0,0.2157892935377875,True,True,정상
002_20200708_122738(0),1호기,20200708,2,2020-07-08,2020-07-08 12:27:38,352,332,50c851647f014ef1a607d990e01ae7e2,False,False,미라벨,10286.0,43,12,3,3,384,141.0,0.22076944140197152,True,True,정상
002_20200708_122742(0),1호기,20200708,2,2020-07-08,2020-07-08 12:27:42,352,332,dfd08e2331c4edea48eb4bf0d9993dad,False,False,미라벨,4.0,43,12,3,3,384,142.0,0.22075232749178533,True,True,정상
002_20200708_122745(8),1호기,20200708,2,2020-07-08,2020-07-08 12:27:45,352,332,3488bcfa0e3c82cc8f087a1ba50bc0bc,False,False,미라벨,3.0,43,12,3,3,384,140.0,0.22090635268346112,True,True,정상
002_20200708_122749(9),1호기,20200708,2,2020-07-08,2020-07-08 12:27:49,352,332,4d83d9ef27593b2f40851ba73e9f69d2,False,False,미라벨,4.0,43,12,3,3,392,142.0,0.21684179901423878,True,True,정상
002_20200708_122753(9),1호기,20200708,2,2020-07-08,2020-07-08 12:27:53,352,332,ab2ccc6ef971e137f53b5a6e12fe8c43,False,False,미라벨,4.0,43,12,3,3,408,142.0,0.2167391155531216,True,True,정상
002_20200708_122757(9),1호기,20200708,2,2020-07-08,2020-07-08 12:27:57,352,332,76d3572110321eb82925d61f5d613a25,False,False,미라벨,4.0,43,12,3,3,384,142.0,0.21675622946330778,True,True,정상
002_20200708_123746(2),1호기,20200708,2,2020-07-08,2020-07-08 12:37:46,352,332,b9baa4e119b2255fc761e8ec7a9de72f,False,False,미라벨,589.0,43,12,3,3,384,141.0,0.22231825027382257,True,True,정상
002_20200708_123750(2),1호기,20200708,2,2020-07-08,2020-07-08 12:37:50,352,332,6dd4dfd3a55b95ed13d2bebf7589d853,False,False,미라벨,4.0,43,12,3,3,392,141.0,0.2217021495071194,True,True,정상
002_20200708_123754(3),1호기,20200708,2,2020-07-08,2020-07-08 12:37:54,352,332,d3fe431915c1a2fa8a26b207d1cefb71,False,False,미라벨,4.0,43,12,3,3,384,140.0,0.22014478368017526,True,True,정상
002_20200708_123800(1),1호기,20200708,2,2020-07-08,2020-07-08 12:38:00,352,332,29e872a849ad9aab272fc1ba86f46e91,False,False,미라벨,6.0,43,12,3,3,384,142.0,0.21688458378970427,True,True,정상
002_20200708_123804(2),1호기,20200708,2,2020-07-08,2020-07-08 12:38:04,352,332,5f67e6c71ba072aa89811b04aa2610e6,False,False,미라벨,4.0,43,12,3,3,392,141.0,0.21679901423877326,True,True,정상
002_20200708_123808(2),1호기,20200708,2,2020-07-08,2020-07-08 12:38:08,352,332,3b01885a41ea33216a790fc7923e609c,False,False,미라벨,4.0,43,12,3,3,392,141.0,0.2160802300109529,True,True,정상
002_20200708_163727(3),1호기,20200708,2,2020-07-08,2020-07-08 16:37:27,352,332,6dd78f70624e41b632f6930209b97475,False,False,미라벨,14359.0,44,16,3,3,384,140.0,0.21929764512595837,True,True,정상
002_20200708_163731(2),1호기,20200708,2,2020-07-08,2020-07-08 16:37:31,352,332,99f1ad17982f2bf29c8d26ae25380134,False,False,미라벨,4.0,44,16,3,3,384,141.0,0.22014478368017526,True,True,정상
002_20200708_163735(1),1호기,20200708,2,2020-07-08,2020-07-08 16:37:35,352,332,1d788f8e4249c180be7dd261f9426157,False,False,미라벨,4.0,44,16,3,3,400,141.0,0.2213170865279299,True,True,정상
002_20200708_163739(3),1호기,20200708,2,2020-07-08,2020-07-08 16:37:39,352,332,746cdb806accfd780264faff77d33a34,False,False,미라벨,4.0,44,16,3,3,384,142.0,0.21746645673603504,True,True,정상
002_20200708_163743(1),1호기,20200708,2,2020-07-08,2020-07-08 16:37:43,352,332,61426f63af6a1bb61e3e4c7f6cf39f34,False,False,미라벨,4.0,44,16,3,3,392,141.0,0.21719263417305587,True,True,정상
002_20200708_163747(2),1호기,20200708,2,2020-07-08,2020-07-08 16:37:47,352,332,9efe46ac21279c9f62bfa11620c436a0,False,False,미라벨,4.0,44,16,3,3,384,141.0,0.21714129244249727,True,True,정상
002_20200708_203120(0),1호기,20200708,2,2020-07-08,2020-07-08 20:31:20,352,332,6ea7c808817e1265948dc4da3f908f67,False,False,미라벨,14013.0,45,20,3,3,392,141.0,0.2163369386637459,True,True,정상
002_20200708_203124(1),1호기,20200708,2,2020-07-08,2020-07-08 20:31:24,352,332,680101e02646ae56d7bd4f50c481b4ff,False,False,미라벨,4.0,45,20,3,3,384,141.0,0.21591764786418402,True,True,정상
002_20200708_203128(1),1호기,20200708,2,2020-07-08,2020-07-08 20:31:28,352,332,fa401da953a12782821fc046096e048e,False,False,미라벨,4.0,45,20,3,3,392,141.0,0.2162513691128149,True,True,정상
002_20200708_203132(0),1호기,20200708,2,2020-07-08,2020-07-08 20:31:32,352,332,1e39e7d1e355c7c5544efb821e94e805,False,False,미라벨,4.0,45,20,3,3,384,140.0,0.21485658543263966,True,True,정상
002_20200708_203135(9),1호기,20200708,2,2020-07-08,2020-07-08 20:31:35,352,332,a50c734002007d2df1bfe0bc4b4c715b,False,False,미라벨,3.0,45,20,3,3,400,139.0,0.21287992880613363,True,True,정상
002_20200708_203139(9),1호기,20200708,2,2020-07-08,2020-07-08 20:31:39,352,332,77a0684c67c3b872373abf3a31103191,False,False,미라벨,4.0,45,20,3,3,392,139.0,0.21216114457831325,True,True,정상
002_20200713_090619(5),1호기,20200713,2,2020-07-13,2020-07-13 09:06:19,352,332,a47d752e0922c337b65a61fc46916241,False,False,미라벨,390880.0,46,9,3,3,384,141.0,0.22258351588170866,True,True,정상
002_20200713_090624(6),1호기,20200713,2,2020-07-13,2020-07-13 09:06:24,352,332,d09713b66dca4dfc89bc02444cb20bfe,False,False,미라벨,5.0,46,9,3,3,392,140.0,0.22319105969331873,True,True,정상
002_20200713_090627(7),1호기,20200713,2,2020-07-13,2020-07-13 09:06:27,352,332,a7488b318b5a47b5b297de0f73a6e534,False,False,미라벨,3.0,46,9,3,3,384,140.0,0.22082078313253012,True,True,정상
002_20200713_090630(9),1호기,20200713,2,2020-07-13,2020-07-13 09:06:30,352,332,0932ee0578fabe8dd5582a17060cb4d8,False,False,미라벨,3.0,46,9,3,3,384,140.0,0.2184761774370208,True,True,정상
002_20200713_090633(9),1호기,20200713,2,2020-07-13,2020-07-13 09:06:33,352,332,ac9e64bbed146d24e53c2ac112aca01f,False,False,미라벨,3.0,46,9,3,3,392,140.0,0.2188869112814896,True,True,정상
002_20200713_090637(0),1호기,20200713,2,2020-07-13,2020-07-13 09:06:37,352,332,7f97a7ce2114f6a77e261c78be3ca538,False,False,미라벨,4.0,46,9,3,3,392,140.0,0.21778306407447973,True,True,정상
002_20200713_123402(2),1호기,20200713,2,2020-07-13,2020-07-13 12:34:02,352,332,3db4570fc27bbc0c192f971701ae1489,False,False,미라벨,12445.0,47,12,3,3,392,142.0,0.21906660733844469,True,True,정상
002_20200713_123406(6),1호기,20200713,2,2020-07-13,2020-07-13 12:34:06,352,332,4fe37e8e8923d63c0484e57c203dee31,False,False,미라벨,4.0,47,12,3,3,384,142.0,0.21932331599123767,True,True,정상
002_20200713_123411(2),1호기,20200713,2,2020-07-13,2020-07-13 12:34:11,352,332,1d0f111a66eace90fa4a1c103a231808,False,False,미라벨,5.0,47,12,3,3,384,142.0,0.21940888554216867,True,True,정상
002_20200713_123415(6),1호기,20200713,2,2020-07-13,2020-07-13 12:34:15,352,332,6f090143eb1b19ffbbf86d3baecef56a,False,False,미라벨,4.0,47,12,3,3,384,142.0,0.2191864047097481,True,True,정상
002_20200713_123420(2),1호기,20200713,2,2020-07-13,2020-07-13 12:34:20,352,332,d675714d35c2a7f86d3cf5be16725d3d,False,False,미라벨,5.0,47,12,3,3,384,141.0,0.2190238225629792,True,True,정상
002_20200713_123424(6),1호기,20200713,2,2020-07-13,2020-07-13 12:34:24,352,332,456d802fcd3eff99e3c91a55b6e59180,False,False,미라벨,4.0,47,12,3,3,384,142.0,0.2191521768893757,True,True,정상
002_20200713_163527(7),1호기,20200713,2,2020-07-13,2020-07-13 16:35:27,352,332,3d42343121e95675cb88f03c93770ed0,False,False,미라벨,14463.0,48,16,3,3,384,142.0,0.2187243291347207,True,True,정상
002_20200713_163532(0),1호기,20200713,2,2020-07-13,2020-07-13 16:35:32,352,332,6fb386525fadd5d65a9f161c23dff986,False,False,미라벨,5.0,48,16,3,3,384,142.0,0.21715840635268346,True,True,정상
002_20200713_163536(6),1호기,20200713,2,2020-07-13,2020-07-13 16:35:36,352,332,01e2fa9d6ce8249c426be34e9732440c,False,False,미라벨,4.0,48,16,3,3,384,141.0,0.21224671412924426,True,True,정상
002_20200713_163541(1),1호기,20200713,2,2020-07-13,2020-07-13 16:35:41,352,332,5d823e06d3beea5fe6beb2b763f6a6d8,False,False,미라벨,5.0,48,16,3,3,384,141.0,0.2136072699890471,True,True,정상
002_20200713_163551(8),1호기,20200713,2,2020-07-13,2020-07-13 16:35:51,352,332,841bb2a3af34c72934bd4c9f96dc695b,False,False,미라벨,10.0,48,16,3,3,384,141.0,0.21388109255202628,True,True,정상
002_20200713_163657(7),1호기,20200713,2,2020-07-13,2020-07-13 16:36:57,352,332,762b2610589ce6c2fd979b06062fae71,False,False,미라벨,66.0,48,16,3,3,384,142.0,0.21730387458926614,True,True,정상
002_20200713_202453(5),1호기,20200713,2,2020-07-13,2020-07-13 20:24:53,352,332,764817d59c035fa8d2e67e9f8ac87893,False,False,미라벨,13676.0,49,20,3,3,384,142.0,0.21683324205914567,True,True,정상
002_20200713_202457(9),1호기,20200713,2,2020-07-13,2020-07-13 20:24:57,352,332,5d63ec39fa29b6288402fe9ea6ebec3f,False,False,미라벨,4.0,49,20,3,3,384,143.0,0.21732954545454544,True,True,정상
002_20200713_202502(4),1호기,20200713,2,2020-07-13,2020-07-13 20:25:02,352,332,955ad223fa6f66cf289c52573e5890c7,False,False,미라벨,5.0,49,20,3,3,392,143.0,0.21797987404162103,True,True,정상
002_20200713_202507(0),1호기,20200713,2,2020-07-13,2020-07-13 20:25:07,352,332,e592a0827864666d9168d30a3f3cc6ff,False,False,미라벨,5.0,49,20,1,0,660,143.0,0.2211630613362541,True,False,비정상
002_20200713_202511(3),1호기,20200713,2,2020-07-13,2020-07-13 20:25:11,352,332,3d3501958c8ea4179053a27a137d4f79,False,False,미라벨,4.0,49,20,3,3,384,143.0,0.22029880887185105,True,True,정상
002_20200713_202515(8),1호기,20200713,2,2020-07-13,2020-07-13 20:25:15,352,332,af94fb0477255d5d602de8511d9742c1,False,False,미라벨,4.0,49,20,3,3,384,143.0,0.22044427710843373,True,True,정상
002_20200714_002645(1),1호기,20200714,2,2020-07-14,2020-07-14 00:26:45,352,332,e14b9fec00ac4a0e740987d1e42b0e59,False,False,미라벨,14490.0,50,0,3,3,384,143.0,0.22018756845564075,True,True,정상
002_20200714_002649(5),1호기,20200714,2,2020-07-14,2020-07-14 00:26:49,352,332,b0c5eae17018fb656177802acd24f270,False,False,미라벨,4.0,50,0,3,3,392,143.0,0.21946022727272727,True,True,정상
002_20200714_002654(1),1호기,20200714,2,2020-07-14,2020-07-14 00:26:54,352,332,a9094d731033ce88052f3ea4df1d97ec,False,False,미라벨,5.0,50,0,3,3,392,143.0,0.21993941675794085,True,True,정상
002_20200714_002658(5),1호기,20200714,2,2020-07-14,2020-07-14 00:26:58,352,332,24798d186cc3c282d151bc7f0b4b5ebc,False,False,미라벨,4.0,50,0,3,3,384,143.0,0.2161657995618839,True,True,정상
002_20200714_002703(0),1호기,20200714,2,2020-07-14,2020-07-14 00:27:03,352,332,d7ec32aa1289d817fe3cfd89e7883dc4,False,False,미라벨,5.0,50,0,3,3,384,143.0,0.21726108981380066,True,True,정상
002_20200714_002707(5),1호기,20200714,2,2020-07-14,2020-07-14 00:27:07,352,332,692d35b27e9fc343cf67699e36b22927,False,False,미라벨,4.0,50,0,3,3,384,143.0,0.21695303943044908,True,True,정상
002_20200714_042619(3),1호기,20200714,2,2020-07-14,2020-07-14 04:26:19,352,332,ee144bb9d811359f6c77333b21c92532,False,False,미라벨,14352.0,51,4,3,3,392,143.0,0.21980250547645125,True,True,정상
002_20200714_042623(8),1호기,20200714,2,2020-07-14,2020-07-14 04:26:23,352,332,9e678ec267b9fe1cf17b00acf115ea9c,False,False,미라벨,4.0,51,4,3,3,392,142.0,0.22069242880613363,True,True,정상
002_20200714_042628(4),1호기,20200714,2,2020-07-14,2020-07-14 04:26:28,352,332,50af67bf94ef2e496dcb935c3e875f86,False,False,미라벨,5.0,51,4,3,3,392,142.0,0.22021323932092005,True,True,정상
002_20200714_042632(8),1호기,20200714,2,2020-07-14,2020-07-14 04:26:32,352,332,34121d50906257a0e51dc4ecb0ae1f69,False,False,미라벨,4.0,51,4,3,3,392,143.0,0.21685035596933186,True,True,정상
002_20200714_042637(4),1호기,20200714,2,2020-07-14,2020-07-14 04:26:37,352,332,aaef7d52351bffe162f054d7d6a0f26f,False,False,미라벨,5.0,51,4,3,3,384,143.0,0.21764615279299016,True,True,정상
002_20200714_042641(8),1호기,20200714,2,2020-07-14,2020-07-14 04:26:41,352,332,042701c199d54a771e1bf8d4b698eeed,True,False,GT,4.0,51,4,3,3,384,143.0,0.21708139375684557,True,True,정상
002_20200714_083054(2),1호기,20200714,2,2020-07-14,2020-07-14 08:30:54,352,332,6efdb882b689d87cd9e70e80b9ae45c1,True,False,GT,14653.0,52,8,3,3,384,143.0,0.21726108981380066,True,True,정상
002_20200714_083057(5),1호기,20200714,2,2020-07-14,2020-07-14 08:30:57,352,332,7c99e535102f111ea6aceffdbb520d03,True,False,GT,3.0,52,8,3,3,400,142.0,0.21537855969331873,True,True,정상
002_20200714_083101(7),1호기,20200714,2,2020-07-14,2020-07-14 08:31:01,352,332,76842e05a3cbb0795fbb4392d275e9b8,True,False,GT,4.0,52,8,3,3,400,142.0,0.21282003012048192,True,True,정상
002_20200714_083106(2),1호기,20200714,2,2020-07-14,2020-07-14 08:31:06,352,332,98f78a4dcf75a3a343acfa7c351f2bfb,True,False,GT,5.0,52,8,3,3,384,142.0,0.2110744112814896,True,True,정상
002_20200714_083110(8),1호기,20200714,2,2020-07-14,2020-07-14 08:31:10,352,332,8fb6b7cf9c3c1f5bdb1cd2b82b381cc7,True,False,GT,4.0,52,8,3,3,384,142.0,0.2112113225629792,True,True,정상
002_20200714_083115(1),1호기,20200714,2,2020-07-14,2020-07-14 08:31:15,352,332,85f1f19757d6cfe4d5018431e1b3dfae,True,False,GT,5.0,52,8,3,3,392,142.0,0.21270878970427162,True,True,정상
002_20200714_123109(8),1호기,20200714,2,2020-07-14,2020-07-14 12:31:09,352,332,5a4d09481ed41f72a9fa476ad3e0c712,True,False,GT,14394.0,53,12,3,3,392,144.0,0.2185617469879518,True,True,정상
002_20200714_123113(1),1호기,20200714,2,2020-07-14,2020-07-14 12:31:13,352,332,dc3972de1d01e63c002e71fadef80e22,True,False,GT,4.0,53,12,3,3,392,145.0,0.21968270810514787,True,True,정상
002_20200714_123117(3),1호기,20200714,2,2020-07-14,2020-07-14 12:31:17,352,332,17566c1943acb14c9fd2406677cfa940,True,False,GT,4.0,53,12,3,3,384,144.0,0.2186986582694414,True,True,정상
002_20200714_123120(4),1호기,20200714,2,2020-07-14,2020-07-14 12:31:20,352,332,38beda2a6e9a4f18f0a0abf8b7663f4d,True,False,GT,3.0,53,12,3,3,392,143.0,0.21732098849945236,True,True,정상
002_20200714_123123(5),1호기,20200714,2,2020-07-14,2020-07-14 12:31:23,352,332,d8be6f3ed905c542e4a95b76c3afb6c0,True,False,GT,3.0,53,12,3,3,384,144.0,0.21905805038335158,True,True,정상
002_20200714_123126(4),1호기,20200714,2,2020-07-14,2020-07-14 12:31:26,352,332,12a88176d5ddd992b97b0ba9fa163050,True,False,GT,3.0,53,12,3,3,392,143.0,0.21719263417305587,True,True,정상
002_20200714_163046(2),1호기,20200714,2,2020-07-14,2020-07-14 16:30:46,352,332,d750bcf26137b5d84f007e3716649e0a,True,False,GT,14360.0,54,16,3,3,400,143.0,0.22006777108433734,True,True,정상
002_20200714_163049(8),1호기,20200714,2,2020-07-14,2020-07-14 16:30:49,352,332,065c13dae2c19524ac90913982e8599f,True,False,GT,3.0,54,16,3,3,384,142.0,0.21610590087623222,True,True,정상
002_20200714_163053(5),1호기,20200714,2,2020-07-14,2020-07-14 16:30:53,352,332,bb33d4af5da7e2c5067106db0e5097f1,True,False,GT,4.0,54,16,3,3,384,141.0,0.21217825848849944,True,True,정상
002_20200714_163056(8),1호기,20200714,2,2020-07-14,2020-07-14 16:30:56,352,332,4ba214dcd3a1f61c5a0b79896f546dca,True,False,GT,3.0,54,16,3,3,384,140.0,0.2111000821467689,True,True,정상
002_20200714_163100(2),1호기,20200714,2,2020-07-14,2020-07-14 16:31:00,352,332,c82a4a924da8ec0bbe9d41a160e3c5e7,True,False,GT,4.0,54,16,3,3,384,140.0,0.21207557502738225,True,True,정상
002_20200714_163103(5),1호기,20200714,2,2020-07-14,2020-07-14 16:31:03,352,332,ca5eac206931040a07d7444368b6aef3,True,False,GT,3.0,54,16,3,3,384,140.0,0.21197289156626506,True,True,정상
002_20200714_225756(0),1호기,20200714,2,2020-07-14,2020-07-14 22:57:56,352,332,4972b9a69ed33badb0a873abda56ee45,True,False,GT,23213.0,55,22,3,3,384,144.0,0.21686746987951808,True,True,정상
002_20200714_225759(8),1호기,20200714,2,2020-07-14,2020-07-14 22:57:59,352,332,6bc3ec1c959d6a46ce03725ce763e94c,True,False,GT,3.0,55,22,3,3,392,144.0,0.21810822836801752,True,True,정상
002_20200714_225803(3),1호기,20200714,2,2020-07-14,2020-07-14 22:58:03,352,332,9d885ff11ffdf561f109e8ae5d1822ba,True,False,GT,4.0,55,22,3,3,392,144.0,0.21814245618838993,True,True,정상
002_20200714_225807(3),1호기,20200714,2,2020-07-14,2020-07-14 22:58:07,352,332,dfcb529059e4017927518af82f7528f4,True,False,GT,4.0,55,22,3,3,384,142.0,0.21667921686746988,True,True,정상
002_20200714_225810(5),1호기,20200714,2,2020-07-14,2020-07-14 22:58:10,352,332,20fa03ddb0b99e779d6a7955a2e82bb4,True,False,GT,3.0,55,22,3,3,384,143.0,0.22076944140197152,True,True,정상
002_20200714_225817(4),1호기,20200714,2,2020-07-14,2020-07-14 22:58:17,352,332,146c3a3f3595db1da21cda2aeb7de0a0,True,False,GT,7.0,55,22,3,3,384,143.0,0.2186473165388828,True,True,정상
002_20200715_002443(4),1호기,20200715,2,2020-07-15,2020-07-15 00:24:43,352,332,85d0a1825609d14873a13bbe73ce6e0c,True,False,GT,5186.0,56,0,3,3,384,144.0,0.21685035596933186,True,True,정상
002_20200715_002447(9),1호기,20200715,2,2020-07-15,2020-07-15 00:24:47,352,332,55de182a7314915ef82de33c182af6f0,True,False,GT,4.0,56,0,3,3,392,143.0,0.21567805312157723,True,True,정상
002_20200715_002456(9),1호기,20200715,2,2020-07-15,2020-07-15 00:24:56,352,332,6358220d433a845472cd32586a7ba936,True,False,GT,9.0,56,0,3,3,392,143.0,0.21507906626506024,True,True,정상
002_20200715_002509(0),1호기,20200715,2,2020-07-15,2020-07-15 00:25:09,352,332,98726e05e8ef1b2a6e8b56127db7455d,True,False,GT,13.0,56,0,3,3,384,145.0,0.2215737951807229,True,True,정상
002_20200715_002513(4),1호기,20200715,2,2020-07-15,2020-07-15 00:25:13,352,332,008b04ba814f0578a2fb1715e2ba38c4,True,False,GT,4.0,56,0,3,3,392,144.0,0.22096625136911283,True,True,정상
002_20200715_002517(9),1호기,20200715,2,2020-07-15,2020-07-15 00:25:17,352,332,4a40409b330127fda4b5e7367109db37,False,False,미라벨,4.0,56,0,3,3,392,144.0,0.22115450438116102,True,True,정상
002_20200715_042354(7),1호기,20200715,2,2020-07-15,2020-07-15 04:23:54,352,332,9444dc0ff77db062ad40fa87e8369275,False,False,미라벨,14317.0,57,4,3,3,384,143.0,0.2214625547645126,True,True,정상
002_20200715_042358(9),1호기,20200715,2,2020-07-15,2020-07-15 04:23:58,352,332,d47f3eedd41b9bbacd4ad51d74faaa61,False,False,미라벨,4.0,57,4,3,3,384,144.0,0.2211716182913472,True,True,정상
002_20200715_042403(5),1호기,20200715,2,2020-07-15,2020-07-15 04:24:03,352,332,777a31348cb3e275b4c18162fe386e55,False,False,미라벨,5.0,57,4,3,3,384,143.0,0.2210603778751369,True,True,정상
002_20200715_042408(0),1호기,20200715,2,2020-07-15,2020-07-15 04:24:08,352,332,f9cebe7190269f279b7bad3d2cf0f2c5,False,False,미라벨,5.0,57,4,3,3,392,144.0,0.2185275191675794,True,True,정상
002_20200715_042412(5),1호기,20200715,2,2020-07-15,2020-07-15 04:24:12,352,332,da3e601febe36b31ef317988141fdd7d,False,False,미라벨,4.0,57,4,3,3,384,144.0,0.21810822836801752,True,True,정상
002_20200715_042416(9),1호기,20200715,2,2020-07-15,2020-07-15 04:24:16,352,332,222ef15586ebeadf5416ba96918ad200,False,True,제외(튜토리얼),4.0,57,4,3,3,392,144.0,0.21751779846659364,True,True,정상
002_20200715_083116(0),1호기,20200715,2,2020-07-15,2020-07-15 08:31:16,352,332,67f5d5b2cc772acb5af7f31a78b6f609,False,False,미라벨,14820.0,58,8,3,3,392,144.0,0.21699582420591457,True,True,정상
002_20200715_083120(5),1호기,20200715,2,2020-07-15,2020-07-15 08:31:20,352,332,5ddcda95cd78e9327fbd501dfcfa4420,False,False,미라벨,4.0,58,8,3,3,384,143.0,0.21475390197152244,True,True,정상
002_20200715_083124(9),1호기,20200715,2,2020-07-15,2020-07-15 08:31:24,352,332,62bf7a3f23f0bc4243c45c1069e252a2,False,False,미라벨,4.0,58,8,3,3,392,143.0,0.21276013143483022,True,True,정상
002_20200715_083129(4),1호기,20200715,2,2020-07-15,2020-07-15 08:31:29,352,332,11e614be704326cc1e49e6345ff8c962,False,False,미라벨,5.0,58,8,3,3,384,143.0,0.21175041073384446,True,True,정상
002_20200715_083134(0),1호기,20200715,2,2020-07-15,2020-07-15 08:31:34,352,332,1c918c81e877626706e8008eaf0e8f34,False,False,미라벨,5.0,58,8,3,3,400,143.0,0.21267456188389924,True,True,정상
002_20200715_083138(5),1호기,20200715,2,2020-07-15,2020-07-15 08:31:38,352,332,e4b17a515793e9a90335ee54321eacb3,False,False,미라벨,4.0,58,8,3,3,392,143.0,0.21230661281489593,True,True,정상
002_20200721_163237(8),1호기,20200721,2,2020-07-21,2020-07-21 16:32:37,352,332,1327ec1f21c20e9db82ab1dc17d2dcf9,False,False,미라벨,547259.0,59,16,1,1,136,139.0,0.22720427163198248,True,True,정상
002_20200721_163239(7),1호기,20200721,2,2020-07-21,2020-07-21 16:32:39,352,332,65139e9125716831866562cf6cf016f4,False,False,미라벨,2.0,59,16,1,1,136,144.0,0.23555585980284777,True,True,정상
002_20200721_163244(4),1호기,20200721,2,2020-07-21,2020-07-21 16:32:44,352,332,96857f11787d1b2fceed6ac42add8460,False,False,미라벨,5.0,59,16,1,1,128,142.0,0.2323384446878423,True,True,정상
002_20200721_163245(6),1호기,20200721,2,2020-07-21,2020-07-21 16:32:45,352,332,1883e2e1c2e023c9e3d4f6b2b522b996,False,False,미라벨,1.0,59,16,1,1,128,142.0,0.23063561062431545,True,True,정상
002_20200721_163248(8),1호기,20200721,2,2020-07-21,2020-07-21 16:32:48,352,332,d42f48571e6c66a3a3959b804efa4f78,False,False,미라벨,3.0,59,16,1,1,128,142.0,0.23197049561883898,True,True,정상
002_20200721_163249(9),1호기,20200721,2,2020-07-21,2020-07-21 16:32:49,352,332,ba52f498d485e6b20d86df30c47fa766,False,False,미라벨,1.0,59,16,1,1,128,142.0,0.2294633077765608,True,True,정상
002_20200721_163253(3),1호기,20200721,2,2020-07-21,2020-07-21 16:32:53,352,332,c5530923a6db451e09db8b91188ba8ca,False,False,미라벨,4.0,59,16,1,1,128,142.0,0.23063561062431545,True,True,정상
002_20200721_163253(9),1호기,20200721,2,2020-07-21,2020-07-21 16:32:53,352,332,543b28f2aa380e9161258a744a398e79,False,False,미라벨,0.0,59,16,1,1,128,142.0,0.2345718099671413,True,True,정상
002_20200721_163257(5),1호기,20200721,2,2020-07-21,2020-07-21 16:32:57,352,332,ac04785651827df08460cc29cba7f4ce,False,False,미라벨,4.0,59,16,1,1,128,142.0,0.23291176067907995,True,True,정상
002_20200721_163257(9),1호기,20200721,2,2020-07-21,2020-07-21 16:32:57,352,332,56a61dd5ce14951a1e7dd8cd7d4b72c9,False,False,미라벨,0.0,59,16,1,1,128,142.0,0.23107201533406352,True,True,정상
002_20200721_163301(1),1호기,20200721,2,2020-07-21,2020-07-21 16:33:01,352,332,5dec55cb537c995479271440dab73989,False,False,미라벨,4.0,59,16,1,1,128,142.0,0.23274917853231106,True,True,정상
002_20200721_163302(4),1호기,20200721,2,2020-07-21,2020-07-21 16:33:02,352,332,b9bc99c87076aaca6cc44a83a7930ecd,False,False,미라벨,1.0,59,16,1,1,136,142.0,0.23066983844468783,True,True,정상
002_20200722_003343(8),1호기,20200722,2,2020-07-22,2020-07-22 00:33:43,352,332,20dfa6b2b6ee189ea53861189ebbb3bc,False,False,미라벨,28841.0,60,0,1,1,128,147.0,0.23550451807228914,True,True,정상
002_20200722_003354(1),1호기,20200722,2,2020-07-22,2020-07-22 00:33:54,352,332,d33c844dd0b69aae141323fec062d9ea,False,False,미라벨,11.0,60,0,1,1,128,145.0,0.23375034227820374,True,True,정상
002_20200722_043432(7),1호기,20200722,2,2020-07-22,2020-07-22 04:34:32,352,332,4e20dce69dcb3c22145a72f4c4881e1b,False,False,미라벨,14438.0,61,4,1,1,136,146.0,0.23648001095290253,True,True,정상
002_20200722_043437(0),1호기,20200722,2,2020-07-22,2020-07-22 04:34:37,352,332,3a59ddfb8afa502f86de2959602ee059,False,False,미라벨,5.0,61,4,1,1,128,147.0,0.23895297097480833,True,True,정상
002_20200722_083131(9),1호기,20200722,2,2020-07-22,2020-07-22 08:31:31,352,332,dea21e9698f6510fa1c870d0bcea8acf,False,False,미라벨,14214.0,62,8,1,1,128,147.0,0.2346659364731654,True,True,정상
002_20200722_083136(6),1호기,20200722,2,2020-07-22,2020-07-22 08:31:36,352,332,d52ab2c549526b46e12f57a4dd4fd7dd,False,False,미라벨,5.0,62,8,1,1,128,147.0,0.23824274370208104,True,True,정상
002_20200722_130939(5),1호기,20200722,2,2020-07-22,2020-07-22 13:09:39,352,332,9873c1de881d66b24783b95a5020088f,False,False,미라벨,16683.0,63,13,1,1,128,146.0,0.23336527929901424,True,True,정상
002_20200722_130944(0),1호기,20200722,2,2020-07-22,2020-07-22 13:09:44,352,332,0469b7ee4348fbb3d1a8bd03b4bcd1c0,False,False,미라벨,5.0,63,13,1,1,128,145.0,0.2313372809419496,True,True,정상
002_20200722_162848(2),1호기,20200722,2,2020-07-22,2020-07-22 16:28:48,352,332,4ea4e0cb0d19f7a6be457a8ae79d35bd,False,False,미라벨,11944.0,64,16,1,1,128,143.0,0.22761500547645125,True,True,정상
002_20200722_162852(6),1호기,20200722,2,2020-07-22,2020-07-22 16:28:52,352,332,3356976b11d91cdbdc63d6f16b2ac5d3,False,False,미라벨,4.0,64,16,1,1,136,147.0,0.23715601040525738,True,True,정상
002_20200723_003208(1),1호기,20200723,2,2020-07-23,2020-07-23 00:32:08,352,332,1bcffc4f7073abaea81cdc276ecca14f,False,False,미라벨,28996.0,65,0,1,1,128,147.0,0.23381024096385541,True,True,정상
002_20200723_003212(6),1호기,20200723,2,2020-07-23,2020-07-23 00:32:12,352,332,e93b9f4a289d43eca2b995db9e8b7e62,False,False,미라벨,4.0,65,0,1,1,128,147.0,0.23347651971522454,True,True,정상
002_20200723_043256(5),1호기,20200723,2,2020-07-23,2020-07-23 04:32:56,352,332,19a08a7cf6655ff87c6d08f400cdb95a,False,False,미라벨,14444.0,66,4,1,1,128,147.0,0.2319533817086528,True,True,정상
002_20200723_043258(3),1호기,20200723,2,2020-07-23,2020-07-23 04:32:58,352,332,02183cce600a2b74862009b36edf2e5b,False,False,미라벨,2.0,66,4,1,1,128,147.0,0.23362198795180722,True,True,정상
002_20200723_082303(8),1호기,20200723,2,2020-07-23,2020-07-23 08:23:03,352,332,54dfcd6bbf7bed8b66b1e7bd69590bef,False,False,미라벨,13805.0,67,8,1,1,128,148.0,0.23398138006571742,True,True,정상
002_20200723_082309(9),1호기,20200723,2,2020-07-23,2020-07-23 08:23:09,352,332,9947be3c645e459fc5902094e332153a,False,False,미라벨,6.0,67,8,1,1,128,147.0,0.22751232201533406,True,True,정상
002_20200723_123129(3),1호기,20200723,2,2020-07-23,2020-07-23 12:31:29,352,332,0be94093cae04a76b697d741441d262a,False,False,미라벨,14900.0,68,12,1,1,128,147.0,0.2314228504928806,True,True,정상
002_20200723_123133(9),1호기,20200723,2,2020-07-23,2020-07-23 12:31:33,352,332,b3dcb28299765a362b42bc2cd7228da7,False,False,미라벨,4.0,68,12,1,1,128,147.0,0.2286760679079956,True,True,정상
002_20200723_162937(5),1호기,20200723,2,2020-07-23,2020-07-23 16:29:37,352,332,33416e9f1d8d5cf6c6f5be587bf04b80,False,False,미라벨,14284.0,69,16,1,1,136,144.0,0.21969126506024098,True,True,정상
002_20200723_162948(2),1호기,20200723,2,2020-07-23,2020-07-23 16:29:48,352,332,9c70748b7bc74f543bd68d87d5a80314,False,False,미라벨,11.0,69,16,1,1,128,146.0,0.23106345837897044,True,True,정상
002_20200723_203129(9),1호기,20200723,2,2020-07-23,2020-07-23 20:31:29,352,332,cf4311266e8aed9838b36e8e8e1139ce,False,False,미라벨,14501.0,70,20,1,1,128,147.0,0.2318592552026287,True,True,정상
002_20200723_203134(3),1호기,20200723,2,2020-07-23,2020-07-23 20:31:34,352,332,40162b15fceabac3065faa9549d84ba6,False,False,미라벨,5.0,70,20,1,1,128,147.0,0.23031044633077766,True,True,정상
002_20200724_003201(9),1호기,20200724,2,2020-07-24,2020-07-24 00:32:01,352,332,f6e1cc02a90ff8e96bfeaec703cbaf40,False,False,미라벨,14427.0,71,0,1,1,128,147.0,0.23370755750273822,True,True,정상
002_20200724_003206(4),1호기,20200724,2,2020-07-24,2020-07-24 00:32:06,352,332,cb5f06a255c774f343f57417d0efd620,False,False,미라벨,5.0,71,0,1,1,128,148.0,0.2346659364731654,True,True,정상
002_20200727_091655(1),1호기,20200727,2,2020-07-27,2020-07-27 09:16:55,352,332,0c229fc91e372ed43c7cf401a40c8e48,False,False,미라벨,290689.0,72,9,1,1,144,146.0,0.23772932639649508,True,True,정상
002_20200727_091657(1),1호기,20200727,2,2020-07-27,2020-07-27 09:16:57,352,332,38a11b9ac5a02bdbff8ef3131a34a062,False,False,미라벨,2.0,72,9,1,1,128,145.0,0.2398856790799562,True,True,정상
002_20200727_110524(7),1호기,20200727,2,2020-07-27,2020-07-27 11:05:24,412,332,a265621a20e23f55dbd578bee2fb3c1b,False,False,미라벨,6507.0,73,11,1,0,660,147.0,0.043250672593285765,False,False,비정상
002_20200727_110529(6),1호기,20200727,2,2020-07-27,2020-07-27 11:05:29,412,332,2820b3737566ed213eb008cf1ac08d60,False,False,미라벨,5.0,73,11,1,0,660,137.0,0.17699438530822317,True,False,비정상
002_20200727_110632(2),1호기,20200727,2,2020-07-27,2020-07-27 11:06:32,412,332,be5fbad3b430ac5a3f24f2180f1f1dc5,False,False,미라벨,63.0,73,11,1,0,660,142.0,0.08172739501696105,False,False,비정상
002_20200727_110645(7),1호기,20200727,2,2020-07-27,2020-07-27 11:06:45,412,332,dfa1557470f9bc650b74b38182db6b75,False,False,미라벨,13.0,73,11,1,0,660,138.0,0.10282635395952743,False,False,비정상
002_20200727_110753(2),1호기,20200727,2,2020-07-27,2020-07-27 11:07:53,412,332,482850aa5b62793679f17b0e35d2e3b9,False,False,미라벨,68.0,73,11,1,0,660,137.0,0.14895748040706516,True,False,비정상
002_20200727_110806(8),1호기,20200727,2,2020-07-27,2020-07-27 11:08:06,412,332,458b748c05f0c458b585f4205f00d979,False,False,미라벨,13.0,73,11,1,0,660,137.0,0.13443823839045502,False,False,비정상
002_20200727_110914(3),1호기,20200727,2,2020-07-27,2020-07-27 11:09:14,412,332,65ed137cc349f6446b28b8fb0b649cb0,False,False,미라벨,68.0,73,11,1,0,660,136.0,0.15847613755994852,True,False,비정상
002_20200727_111038(1),1호기,20200727,2,2020-07-27,2020-07-27 11:10:38,412,332,265c415a38a4b53c15d5c2461776204a,False,False,미라벨,84.0,73,11,1,0,660,191.0,0.0063384606386711895,False,False,비정상
002_20200727_111132(2),1호기,20200727,2,2020-07-27,2020-07-27 11:11:32,412,332,10bc99fc0190a8cab632139bbde1fc7f,False,False,미라벨,54.0,73,11,1,0,660,143.0,0.05556936483799275,False,False,비정상
002_20200727_111239(7),1호기,20200727,2,2020-07-27,2020-07-27 11:12:39,412,332,53b95d3e57ef598238439317914d6c48,False,False,미라벨,67.0,73,11,1,0,660,144.0,0.08986431161539361,False,False,비정상
002_20200727_111347(3),1호기,20200727,2,2020-07-27,2020-07-27 11:13:47,412,332,2a2c4b43e49d6917896cfa0356136281,False,False,미라벨,68.0,73,11,1,0,660,137.0,0.1487089133231957,True,False,비정상
002_20200727_111441(3),1호기,20200727,2,2020-07-27,2020-07-27 11:14:41,412,332,ece5589a5d8419195b7d46e56f707cd1,False,False,미라벨,54.0,73,11,1,0,660,136.0,0.16901099543806294,True,False,비정상
002_20200727_111454(8),1호기,20200727,2,2020-07-27,2020-07-27 11:14:54,412,332,7163d12c84a8a927c1148edd63bd5fc6,False,False,미라벨,13.0,73,11,1,0,660,136.0,0.17287840683120834,True,False,비정상
002_20200727_111648(3),1호기,20200727,2,2020-07-27,2020-07-27 11:16:48,412,332,2bd72be30f3496f5283301434c9ce040,False,False,미라벨,114.0,73,11,1,0,660,189.0,0.0076617148204468355,False,False,비정상
002_20200727_111742(3),1호기,20200727,2,2020-07-27,2020-07-27 11:17:42,412,332,5f04d2226c2891c957476c1c8bc6631b,False,False,미라벨,54.0,73,11,1,0,660,150.0,0.03471166218271143,False,False,비정상
002_20200727_111849(9),1호기,20200727,2,2020-07-27,2020-07-27 11:18:49,412,332,c3f94fcc07244c0ea0927dd4569a5944,False,False,미라벨,67.0,73,11,1,0,660,148.0,0.1070739267750614,False,False,비정상
002_20200727_111943(9),1호기,20200727,2,2020-07-27,2020-07-27 11:19:43,412,332,d0c8493e48b511eceec0a700648ed876,False,False,미라벨,54.0,73,11,1,0,660,139.0,0.14277985729325068,True,False,비정상
002_20200727_112037(9),1호기,20200727,2,2020-07-27,2020-07-27 11:20:37,412,332,787efacc5a4b5b0d8a1783acf41615b4,False,False,미라벨,54.0,73,11,1,0,660,137.0,0.16335243888174056,True,False,비정상
002_20200727_112148(2),1호기,20200727,2,2020-07-27,2020-07-27 11:21:48,412,332,ad1f68fbb496184e28f499872c0f5073,False,False,미라벨,71.0,73,11,1,0,660,187.0,0.008202713767692127,False,False,비정상
002_20200727_112242(2),1호기,20200727,2,2020-07-27,2020-07-27 11:22:42,412,332,4a36df5eed4896a26a29e05fedae6bbf,False,False,미라벨,54.0,73,11,1,1,660,200.0,0.004942098491051585,False,True,비정상
002_20200727_112336(2),1호기,20200727,2,2020-07-27,2020-07-27 11:23:36,412,332,9d10da689b0b24fe7f5e3e8567730e13,False,False,미라벨,54.0,73,11,1,0,660,151.0,0.032489180021055095,False,False,비정상
002_20200727_112341(2),1호기,20200727,2,2020-07-27,2020-07-27 11:23:41,412,332,6cf015a9e92f22b75bfb113b1b33cd6c,False,False,미라벨,5.0,73,11,1,0,660,136.0,0.17706018247748276,True,False,비정상
002_20200727_112430(3),1호기,20200727,2,2020-07-27,2020-07-27 11:24:30,412,332,5ff8264503c65d786ab39c3c740b148d,False,False,미라벨,49.0,73,11,1,0,660,142.0,0.07938062931336999,False,False,비정상
002_20200727_112443(8),1호기,20200727,2,2020-07-27,2020-07-27 11:24:43,412,332,440bb3a6e2ab722c166b68ca0a35ad6f,False,False,미라벨,13.0,73,11,1,0,660,144.0,0.06655749210433969,False,False,비정상
002_20200727_112537(8),1호기,20200727,2,2020-07-27,2020-07-27 11:25:37,412,332,38412df328a5be0b997b92a3f1edeee8,False,False,미라벨,54.0,73,11,1,0,660,140.0,0.11149695870862089,False,False,비정상
002_20200727_112631(9),1호기,20200727,2,2020-07-27,2020-07-27 11:26:31,412,332,aa754054ddedbbb52ee55c310ccd56bf,False,False,미라벨,54.0,73,11,1,0,660,138.0,0.13142619019768395,False,False,비정상
002_20200727_112645(4),1호기,20200727,2,2020-07-27,2020-07-27 11:26:45,412,332,66c726b047c100503af33d00ef056add,False,False,미라벨,14.0,73,11,1,0,660,138.0,0.1717159901742894,True,False,비정상
002_20200727_112930(2),1호기,20200727,2,2020-07-27,2020-07-27 11:29:30,412,332,aec925471fb4532bc7a0917f2d5b5c1a,False,False,미라벨,165.0,73,11,1,0,660,185.0,0.010571411861036379,False,False,비정상
002_20200727_112943(7),1호기,20200727,2,2020-07-27,2020-07-27 11:29:43,412,332,87660a5d2edda3184af10179af1b2dd8,False,False,미라벨,13.0,73,11,1,0,660,185.0,0.011434085857995087,False,False,비정상
002_20200727_113037(7),1호기,20200727,2,2020-07-27,2020-07-27 11:30:37,412,332,cc263aa9fa88f6cfffdbb134b424a776,False,False,미라벨,54.0,73,11,1,0,660,154.0,0.037438589308691074,False,False,비정상
002_20200727_113131(8),1호기,20200727,2,2020-07-27,2020-07-27 11:31:31,412,332,93f984612d8e50d13ca82c0cdd89d43a,False,False,미라벨,54.0,73,11,1,0,660,143.0,0.07500877295590128,False,False,비정상
002_20200727_113239(4),1호기,20200727,2,2020-07-27,2020-07-27 11:32:39,412,332,41fb1599b01bbd26ed2704f95a1f3072,False,False,미라벨,68.0,73,11,1,0,660,142.0,0.12309188209147269,False,False,비정상
002_20200727_113333(4),1호기,20200727,2,2020-07-27,2020-07-27 11:33:33,412,332,209559f8a8be7ef21a58c9196c9a5055,False,False,미라벨,54.0,73,11,1,0,660,139.0,0.1497397356415955,True,False,비정상
002_20200727_113346(9),1호기,20200727,2,2020-07-27,2020-07-27 11:33:46,412,332,1bd8f6cb82fac45198834df07d0da581,False,False,미라벨,13.0,73,11,1,0,660,137.0,0.1762486840566148,True,False,비정상
002_20200727_113747(4),1호기,20200727,2,2020-07-27,2020-07-27 11:37:47,412,332,795ba5c7926b57fe2fb65500d32e9bdd,False,False,미라벨,241.0,73,11,1,1,660,175.0,0.018701017662884546,False,True,비정상
002_20200727_113854(9),1호기,20200727,2,2020-07-27,2020-07-27 11:38:54,412,332,d12cd7eacd2342c26861d50e1601a635,False,False,미라벨,67.0,73,11,1,0,660,139.0,0.09466019417475728,False,False,비정상
002_20200727_113908(4),1호기,20200727,2,2020-07-27,2020-07-27 11:39:08,412,332,23b7ffe08a66a59eb94ed7e89913b96b,False,False,미라벨,14.0,73,11,1,0,660,138.0,0.11030529886536437,False,False,비정상
002_20200727_114002(5),1호기,20200727,2,2020-07-27,2020-07-27 11:40:02,412,332,64149f8800595049534fbd6a4bfadd6a,False,False,미라벨,54.0,73,11,1,0,660,135.0,0.1501052754708153,True,False,비정상
002_20200727_114016(0),1호기,20200727,2,2020-07-27,2020-07-27 11:40:16,412,332,aa62f18320134995befd2c9906cc69a1,False,False,미라벨,14.0,73,11,1,0,660,133.0,0.16282606152766405,True,False,비정상
002_20200727_114123(5),1호기,20200727,2,2020-07-27,2020-07-27 11:41:23,412,332,e8b62c5474c0d05cede791782a9daee8,False,False,미라벨,67.0,73,11,1,0,660,136.0,0.1760878465317581,True,False,비정상
002_20200727_114126(2),1호기,20200727,2,2020-07-27,2020-07-27 11:41:26,412,332,575feb067f8d0f8ef572b9fe117121f2,False,False,미라벨,3.0,73,11,1,0,660,188.0,0.007318107380980232,False,False,비정상
002_20200727_114220(2),1호기,20200727,2,2020-07-27,2020-07-27 11:42:20,412,332,b9255fb9092650d047040f015e641970,False,False,미라벨,54.0,73,11,1,0,660,152.0,0.0268598666510703,False,False,비정상
002_20200727_114405(6),1호기,20200727,2,2020-07-27,2020-07-27 11:44:05,412,332,d3b79b90e3884d1e190d86da03cb93a9,False,False,미라벨,105.0,73,11,1,1,660,172.0,0.021493741958123758,False,True,비정상
002_20200727_114459(7),1호기,20200727,2,2020-07-27,2020-07-27 11:44:59,412,332,e9b8e28b35b94b4e98d558b41d0910f4,False,False,미라벨,54.0,73,11,1,0,660,151.0,0.0509123874137326,False,False,비정상
002_20200727_114513(1),1호기,20200727,2,2020-07-27,2020-07-27 11:45:13,412,332,23ae2c1ad6800f9904c0ce0c57a54d47,False,False,미라벨,14.0,73,11,1,0,660,146.0,0.071623874137326,False,False,비정상
002_20200727_114607(2),1호기,20200727,2,2020-07-27,2020-07-27 11:46:07,412,332,8eee0be964be2c1028b6d203d7bea0e0,False,False,미라벨,54.0,73,11,1,0,660,142.0,0.10355743361796702,False,False,비정상
002_20200727_114714(8),1호기,20200727,2,2020-07-27,2020-07-27 11:47:14,412,332,19ca796c54d76878c9ab73d1b020ea29,False,False,미라벨,67.0,73,11,1,0,660,136.0,0.12975932857644168,False,False,비정상
002_20200727_114822(4),1호기,20200727,2,2020-07-27,2020-07-27 11:48:22,412,332,b224c24e5849ac2c88d93a040f7d700d,False,False,미라벨,68.0,73,11,1,0,660,135.0,0.16093256521230553,True,False,비정상
002_20200727_115040(1),1호기,20200727,2,2020-07-27,2020-07-27 11:50:40,412,332,e1684a73d65c88e38bedd9c36bc0098d,False,False,미라벨,138.0,73,11,1,1,660,179.0,0.017809100479588256,False,True,비정상
002_20200727_115147(7),1호기,20200727,2,2020-07-27,2020-07-27 11:51:47,412,332,f0a70e640b0ce28eb89cc5e2d9bfed92,False,False,미라벨,67.0,73,11,1,0,660,146.0,0.0626754591180255,False,False,비정상
002_20200727_115201(2),1호기,20200727,2,2020-07-27,2020-07-27 11:52:01,412,332,2bf2dd7f15d469c54986e869c62b7815,False,False,미라벨,14.0,73,11,1,0,660,144.0,0.055920283074043745,False,False,비정상
002_20200727_115255(2),1호기,20200727,2,2020-07-27,2020-07-27 11:52:55,412,332,41b8cee44ef66dc01f0dc39addbe6417,False,False,미라벨,54.0,73,11,1,0,660,139.0,0.10576529418645456,False,False,비정상
002_20200727_115308(8),1호기,20200727,2,2020-07-27,2020-07-27 11:53:08,412,332,1a1db6e674d1a97b7ab7b59cea247be8,False,False,미라벨,13.0,73,11,1,0,660,136.0,0.1270908878231372,False,False,비정상
002_20200727_115402(8),1호기,20200727,2,2020-07-27,2020-07-27 11:54:02,412,332,cba77977fa346a4ac698923c655c5d76,False,False,미라벨,54.0,73,11,1,0,660,136.0,0.16260673763013217,True,False,비정상
002_20200727_115416(3),1호기,20200727,2,2020-07-27,2020-07-27 11:54:16,412,332,a56c9f8831cfcb7abed72e30847aad42,False,False,미라벨,14.0,73,11,1,0,660,136.0,0.1592291496081413,True,False,비정상
002_20200727_115510(3),1호기,20200727,2,2020-07-27,2020-07-27 11:55:10,412,332,be6c20ad174198f6351d3b7905d6a7ae,False,False,미라벨,54.0,73,11,1,0,660,136.0,0.17075827582173353,True,False,비정상
002_20200727_115526(5),1호기,20200727,2,2020-07-27,2020-07-27 11:55:26,412,332,0f56d8f6dd1b1e5fc554a477ef56609f,False,False,미라벨,16.0,73,11,1,0,660,210.0,0.9641259211603697,False,False,비정상
002_20200727_115620(5),1호기,20200727,2,2020-07-27,2020-07-27 11:56:20,412,332,4da70f55bedde1c9d61cfc424e799444,False,False,미라벨,54.0,73,11,1,0,660,152.0,0.029762252895075447,False,False,비정상
002_20200727_115634(1),1호기,20200727,2,2020-07-27,2020-07-27 11:56:34,412,332,14c7f5414b2add2a25bb91f4daee360d,False,False,미라벨,14.0,73,11,1,0,660,148.0,0.04357965843958358,False,False,비정상
002_20200727_115728(1),1호기,20200727,2,2020-07-27,2020-07-27 11:57:28,412,332,7a3ab8f3f529871eab36abb983093b63,False,False,미라벨,54.0,73,11,1,0,660,142.0,0.06410837524856708,False,False,비정상
002_20200727_115741(6),1호기,20200727,2,2020-07-27,2020-07-27 11:57:41,412,332,cdbefdb980c2146144dd13bc65076ed9,False,False,미라벨,13.0,73,11,1,0,660,140.0,0.08132530120481928,False,False,비정상
002_20200727_115822(2),1호기,20200727,2,2020-07-27,2020-07-27 11:58:22,412,332,b6ab5dd2695a0b4b2b71b4fa4dbd5470,False,False,미라벨,41.0,73,11,1,0,660,142.0,0.08719587086208913,False,False,비정상
002_20200727_115835(7),1호기,20200727,2,2020-07-27,2020-07-27 11:58:35,412,332,4deec595d04afd841a6a58327335569a,False,False,미라벨,13.0,73,11,1,0,660,141.0,0.09402415487191484,False,False,비정상
002_20200727_115929(8),1호기,20200727,2,2020-07-27,2020-07-27 11:59:29,412,332,07b5746a3e5c51a6cc562c3dcee3c565,False,False,미라벨,54.0,73,11,1,0,660,139.0,0.101839396420634,False,False,비정상
002_20200727_120023(8),1호기,20200727,2,2020-07-27,2020-07-27 12:00:23,412,332,4fc90d8b8f2fa0e72aa1cc13326b1dd6,False,False,미라벨,54.0,73,12,1,0,660,134.0,0.15832992162826062,True,False,비정상
002_20200727_120134(0),1호기,20200727,2,2020-07-27,2020-07-27 12:01:34,412,332,b87e17ded0ae426c951ee2f1f1bd680b,False,False,미라벨,71.0,73,12,1,0,660,210.0,0.9647546496666277,False,False,비정상
002_20200727_120228(0),1호기,20200727,2,2020-07-27,2020-07-27 12:02:28,412,332,b0a1f11b75080a4ddd966154b8fd2ee4,False,False,미라벨,54.0,73,12,1,1,660,195.0,0.002361387296759855,False,True,비정상
002_20200727_120322(1),1호기,20200727,2,2020-07-27,2020-07-27 12:03:22,412,332,712ff09022c82dd9bcd82b0d19c75117,False,False,미라벨,54.0,73,12,1,0,660,154.0,0.03831588489881858,False,False,비정상
002_20200727_120429(7),1호기,20200727,2,2020-07-27,2020-07-27 12:04:29,412,332,231224432144e3c0fd55d65599be6387,False,False,미라벨,67.0,73,12,1,0,660,142.0,0.1072786290794245,False,False,비정상
002_20200727_120523(7),1호기,20200727,2,2020-07-27,2020-07-27 12:05:23,412,332,da0b20e9700d7ba75db948ccc408772a,False,False,미라벨,54.0,73,12,1,0,660,140.0,0.129876301321792,False,False,비정상
002_20200727_120631(2),1호기,20200727,2,2020-07-27,2020-07-27 12:06:31,412,332,2627ba18d296b0acc652772940be8f3c,False,False,미라벨,68.0,73,12,1,0,660,137.0,0.17410662065738683,True,False,비정상
002_20200727_120835(5),1호기,20200727,2,2020-07-27,2020-07-27 12:08:35,412,332,806f342f1e60e462e39fe6507b986f37,False,False,미라벨,124.0,73,12,1,1,660,175.0,0.019249327406714235,False,True,비정상
002_20200727_120943(0),1호기,20200727,2,2020-07-27,2020-07-27 12:09:43,412,332,df1311deea82f02079ddb7ecae8cff58,False,False,미라벨,68.0,73,12,1,0,660,152.0,0.034294946777400866,False,False,비정상
002_20200727_121037(1),1호기,20200727,2,2020-07-27,2020-07-27 12:10:37,412,332,c8abee10afd253f6781fdc56f788c94b,False,False,미라벨,54.0,73,12,1,0,660,143.0,0.06962071587320154,False,False,비정상
002_20200727_121131(2),1호기,20200727,2,2020-07-27,2020-07-27 12:11:31,412,332,55585a34899e21bcc8d5fe8b18dec953,False,False,미라벨,54.0,73,12,1,0,660,142.0,0.0816250438647795,False,False,비정상
002_20200727_121144(7),1호기,20200727,2,2020-07-27,2020-07-27 12:11:44,412,332,fdaffa03bbe8cbf5a5700a7e8be1e8b3,False,False,미라벨,13.0,73,12,1,0,660,140.0,0.1160296525909463,False,False,비정상
002_20200727_121238(7),1호기,20200727,2,2020-07-27,2020-07-27 12:12:38,412,332,64615611fee1333a8e8d9464fab78f66,False,False,미라벨,54.0,73,12,1,0,660,138.0,0.13951924201661012,True,False,비정상
002_20200727_121332(7),1호기,20200727,2,2020-07-27,2020-07-27 12:13:32,412,332,0f4f1b7d82c492695e0a2165f388d89c,False,False,미라벨,54.0,73,12,1,0,660,137.0,0.16341823605100012,True,False,비정상
002_20200727_121537(1),1호기,20200727,2,2020-07-27,2020-07-27 12:15:37,412,332,683e74270846db309d67c435fe88ee8c,False,False,미라벨,125.0,73,12,1,0,660,210.0,0.9659316879167154,False,False,비정상
002_20200727_121541(9),1호기,20200727,2,2020-07-27,2020-07-27 12:15:41,412,332,c7c9e633e4a0ff278d9ffb70b1c272db,False,False,미라벨,4.0,73,12,1,0,660,136.0,0.17477190314656685,True,False,비정상
002_20200727_121631(1),1호기,20200727,2,2020-07-27,2020-07-27 12:16:31,412,332,cfcb878475cd5b09606cf45e767535d6,False,False,미라벨,50.0,73,12,1,0,660,148.0,0.03958065270791906,False,False,비정상
002_20200727_121725(1),1호기,20200727,2,2020-07-27,2020-07-27 12:17:25,412,332,4b8bc24bebb5f23c43839a48c770cf0d,False,False,미라벨,54.0,73,12,1,0,660,150.0,0.06367703825008773,False,False,비정상
002_20200727_121819(1),1호기,20200727,2,2020-07-27,2020-07-27 12:18:19,412,332,5cab35c0d7633417f773a5dc76f78bb1,False,False,미라벨,54.0,73,12,1,0,660,136.0,0.1574599368347175,True,False,비정상
002_20200727_121913(2),1호기,20200727,2,2020-07-27,2020-07-27 12:19:13,412,332,922348d8c933b3e8e4ab7b9835a3c610,False,False,미라벨,54.0,73,12,1,0,660,137.0,0.17518861855187742,True,False,비정상
002_20200727_121926(7),1호기,20200727,2,2020-07-27,2020-07-27 12:19:26,412,332,56beefc020713c2da174041a326e73ef,False,False,미라벨,13.0,73,12,1,0,660,137.0,0.1716867469879518,True,False,비정상
002_20200727_122023(4),1호기,20200727,2,2020-07-27,2020-07-27 12:20:23,412,332,568a172927ed5a1e817f06d34167b46d,False,False,미라벨,57.0,73,12,1,0,660,186.0,0.012801204819277108,False,False,비정상
002_20200727_122117(5),1호기,20200727,2,2020-07-27,2020-07-27 12:21:17,412,332,15bee213d891e4c8303895902c05c5f0,False,False,미라벨,54.0,73,12,1,0,660,161.0,0.027225406480290093,False,False,비정상
002_20200727_122131(0),1호기,20200727,2,2020-07-27,2020-07-27 12:21:31,412,332,56bcd2dd1c04d1e9e2cd59dcf41a5a7a,False,False,미라벨,14.0,73,12,1,0,660,151.0,0.04554626272078606,False,False,비정상
002_20200727_122225(0),1호기,20200727,2,2020-07-27,2020-07-27 12:22:25,412,332,4828e65b736d97548608bac9ccd7329a,False,False,미라벨,54.0,73,12,1,0,660,143.0,0.08669873669435021,False,False,비정상
002_20200727_122319(0),1호기,20200727,2,2020-07-27,2020-07-27 12:23:19,412,332,e88144814af13530e9074a5af4b860dc,False,False,미라벨,54.0,73,12,1,0,660,142.0,0.10362323078722657,False,False,비정상
002_20200727_122332(6),1호기,20200727,2,2020-07-27,2020-07-27 12:23:32,412,332,2d0a16172a345099fc3c2f998d497c53,False,False,미라벨,13.0,73,12,1,0,660,142.0,0.1181570943970055,False,False,비정상
002_20200727_122413(1),1호기,20200727,2,2020-07-27,2020-07-27 12:24:13,412,332,8c8d2e2cdef388597936b24a40a5da27,False,False,미라벨,41.0,73,12,1,0,660,141.0,0.13702626038133114,False,False,비정상
002_20200727_122426(6),1호기,20200727,2,2020-07-27,2020-07-27 12:24:26,412,332,ab58be76cc76667b617a10f64e2028b8,False,False,미라벨,13.0,73,12,1,0,660,139.0,0.15376067376301322,True,False,비정상
002_20200727_122630(9),1호기,20200727,2,2020-07-27,2020-07-27 12:26:30,412,332,4b0c2ac9eda8452a3d18515af0ddca13,False,False,미라벨,124.0,73,12,1,0,660,210.0,0.9655515264943269,False,False,비정상
002_20200727_122724(9),1호기,20200727,2,2020-07-27,2020-07-27 12:27:24,412,332,1d85d5a0d1ec7df6de681f80d31d4507,False,False,미라벨,54.0,73,12,1,0,660,161.5,0.023686980933442507,False,False,비정상
002_20200727_122819(0),1호기,20200727,2,2020-07-27,2020-07-27 12:28:19,412,332,7ed0c0a6c94dadd66349abcc911e0421,False,False,미라벨,55.0,73,12,1,0,660,148.0,0.0546043396888525,False,False,비정상
002_20200727_122832(5),1호기,20200727,2,2020-07-27,2020-07-27 12:28:32,412,332,92d07a894b8108862f80424be61dc4eb,False,False,미라벨,13.0,73,12,1,0,660,151.0,0.04205170195344485,False,False,비정상
002_20200727_122926(5),1호기,20200727,2,2020-07-27,2020-07-27 12:29:26,412,332,19baebb2f287d6c970600496f28eb71c,False,False,미라벨,54.0,73,12,1,0,660,142.0,0.06521961632939526,False,False,비정상
002_20200727_122940(0),1호기,20200727,2,2020-07-27,2020-07-27 12:29:40,412,332,aa641ea9a0376fe06658b21bb3a95a7f,False,False,미라벨,14.0,73,12,1,0,660,143.0,0.10378406831208328,False,False,비정상
002_20200727_123034(0),1호기,20200727,2,2020-07-27,2020-07-27 12:30:34,412,332,06a7dbdaeaf24d5015f9671e86f7f077,False,False,미라벨,54.0,73,12,1,0,660,140.0,0.10496110656217102,False,False,비정상
002_20200727_123047(6),1호기,20200727,2,2020-07-27,2020-07-27 12:30:47,412,332,3e8a52dec63786ac3dd27fb05b9afcd0,False,False,미라벨,13.0,73,12,1,0,660,135.0,0.12383758334308106,False,False,비정상
002_20200727_123141(6),1호기,20200727,2,2020-07-27,2020-07-27 12:31:41,412,332,12b0b7330010cfb6e45f855b2e67b2e9,False,False,미라벨,54.0,73,12,1,0,660,139.0,0.17774739735641595,True,False,비정상
002_20200727_123155(1),1호기,20200727,2,2020-07-27,2020-07-27 12:31:55,412,332,8d600d104ddaf964f93aa41d7dd4c96b,False,False,미라벨,14.0,73,12,1,0,660,135.0,0.17309041993215582,True,False,비정상
002_20200727_123300(5),1호기,20200727,2,2020-07-27,2020-07-27 12:33:00,412,332,25f2755c42029f00011c47acc4391765,False,False,미라벨,65.0,73,12,1,1,128,147.0,0.20238478184582992,True,True,정상
002_20200727_123306(5),1호기,20200727,2,2020-07-27,2020-07-27 12:33:06,412,332,0e03d88cb75ba8859dae8198c3ac2c87,False,False,미라벨,6.0,73,12,1,1,128,146.0,0.20237016025266114,True,True,정상
002_20200727_123318(9),1호기,20200727,2,2020-07-27,2020-07-27 12:33:18,412,332,4adf1d0ab70c7e9bd0edef3866393872,False,False,미라벨,12.0,73,12,1,1,660,178.0,0.017567844192303193,False,True,비정상
002_20200727_163511(2),1호기,20200727,2,2020-07-27,2020-07-27 16:35:11,412,332,5a73e7b434b5ea9be750b428cd094b1b,False,False,미라벨,14513.0,74,16,1,1,128,147.0,0.20108346005380745,True,True,정상
002_20200727_163515(3),1호기,20200727,2,2020-07-27,2020-07-27 16:35:15,412,332,db40020745c868dfebfccc9a180d617d,False,False,미라벨,4.0,74,16,1,1,128,145.0,0.20026465083635514,True,True,정상
002_20200727_204612(5),1호기,20200727,2,2020-07-27,2020-07-27 20:46:12,412,332,e16d3efc7a35f1f2ce1c229b2d65eb61,False,False,미라벨,15057.0,75,20,1,1,128,148.0,0.19918265294186455,True,True,정상
002_20200727_204634(7),1호기,20200727,2,2020-07-27,2020-07-27 20:46:34,412,332,5e9d0703cd184f394421c5017a7ecad4,False,False,미라벨,22.0,75,20,1,1,128,147.0,0.19753772371037548,True,True,정상
002_20200728_014051(7),1호기,20200728,2,2020-07-28,2020-07-28 01:40:51,412,332,95a8a2d3554e80c99d6df5b1423bc882,False,False,미라벨,17657.0,76,1,1,1,128,146.0,0.20160983740788396,True,True,정상
002_20200728_014055(8),1호기,20200728,2,2020-07-28,2020-07-28 01:40:55,412,332,ab4766f1ebe08b71f3c30576b95cedc0,False,False,미라벨,4.0,76,1,1,1,128,146.0,0.19963592233009708,True,True,정상
002_20200728_043519(6),1호기,20200728,2,2020-07-28,2020-07-28 04:35:19,412,332,fd5fc2ef3c8806315597817f025470b1,False,False,미라벨,10464.0,77,4,1,1,128,146.0,0.20141244590010526,True,True,정상
002_20200728_043558(2),1호기,20200728,2,2020-07-28,2020-07-28 04:35:58,412,332,632f990aee0c94ccf7c2c9ebe8990bc3,False,False,미라벨,39.0,77,4,1,1,128,145.0,0.19973096268569424,True,True,정상
002_20200728_083046(1),1호기,20200728,2,2020-07-28,2020-07-28 08:30:46,412,332,0acb8de9d867e1f820f564976f806d03,False,False,미라벨,14088.0,78,8,1,1,128,147.0,0.20269914609895895,True,True,정상
002_20200728_083049(8),1호기,20200728,2,2020-07-28,2020-07-28 08:30:49,412,332,199ffbe6db31b0b40993fae5a182e71c,False,False,미라벨,3.0,78,8,1,1,128,147.0,0.20337173938472336,True,True,정상
002_20200728_123133(9),1호기,20200728,2,2020-07-28,2020-07-28 12:31:33,412,332,958c8ef0cb2e9b51faeec017605512fc,False,False,미라벨,14444.0,79,12,1,1,128,147.0,0.20305006433500994,True,True,정상
002_20200728_123137(7),1호기,20200728,2,2020-07-28,2020-07-28 12:31:37,412,332,37568c801990189e2eb396534db7900f,False,False,미라벨,4.0,79,12,1,1,128,147.0,0.2040004678909814,True,True,정상
002_20200728_163521(8),1호기,20200728,2,2020-07-28,2020-07-28 16:35:21,412,332,0355ae4c2b101aad6b378a19aaf86eca,False,False,미라벨,14624.0,80,16,1,1,128,146.0,0.19831266814832144,True,True,정상
002_20200728_163525(0),1호기,20200728,2,2020-07-28,2020-07-28 16:35:25,412,332,d186945fc5043ffb4e620be4ec9308da,False,False,미라벨,4.0,80,16,1,1,128,146.0,0.1982249385893087,True,True,정상
002_20200810_202919(7),1호기,20200810,2,2020-08-10,2020-08-10 20:29:19,316,332,f782a9e84629e073c9a43098e13ed7fb,False,False,미라벨,1137234.0,81,20,1,1,144,149.0,0.2639068933963703,True,True,정상
002_20200810_202923(8),1호기,20200810,2,2020-08-10,2020-08-10 20:29:23,316,332,18152b9c51a0f2be29c6f607e6c9e131,False,False,미라벨,4.0,81,20,1,1,128,150.0,0.26529853591581515,True,True,정상
002_20200811_003007(9),1호기,20200811,2,2020-08-11,2020-08-11 00:30:07,316,332,fc7ed9a965fb5096fae9b87524a5529e,False,False,미라벨,14444.0,82,0,1,1,128,147.0,0.259617584261095,True,True,정상
002_20200811_003029(6),1호기,20200811,2,2020-08-11,2020-08-11 00:30:29,316,332,91d8a3a013b2fcf3e81d2d52414a4d3c,False,False,미라벨,22.0,82,0,1,1,136,145.0,0.2587311270398048,True,True,정상
002_20200811_043034(0),1호기,20200811,2,2020-08-11,2020-08-11 04:30:34,316,332,822a9313feab537327df0960a4a07a11,False,False,미라벨,14405.0,83,4,1,1,128,147.0,0.2647266280311118,True,True,정상
002_20200811_043038(0),1호기,20200811,2,2020-08-11,2020-08-11 04:30:38,316,332,1bd799e566ea671dfdbfa53e1af85dbd,False,False,미라벨,4.0,83,4,1,1,128,147.0,0.2621721061461034,True,True,정상
002_20200814_032746(6),1호기,20200814,2,2020-08-14,2020-08-14 03:27:46,316,332,69f2df62495473c01dedaa65be36e458,False,False,미라벨,255428.0,84,3,1,1,136,148.0,0.2666615830410249,True,True,정상
002_20200814_032749(8),1호기,20200814,2,2020-08-14,2020-08-14 03:27:49,316,332,ed4a2f46a9f4e90e88adad01420f3a14,False,False,미라벨,3.0,84,3,1,1,128,150.0,0.2681390117431752,True,True,정상
002_20200814_042920(3),1호기,20200814,2,2020-08-14,2020-08-14 04:29:20,316,332,9370cac351c0c5520a382fafa7e4528d,False,False,미라벨,3691.0,85,4,1,1,128,149.0,0.2642023791368004,True,True,정상
002_20200814_042924(9),1호기,20200814,2,2020-08-14,2020-08-14 04:29:24,316,332,91054085f74feab7d75e244c63173830,False,False,미라벨,4.0,85,4,1,1,128,147.0,0.25657694067408876,True,True,정상
002_20200814_083424(4),1호기,20200814,2,2020-08-14,2020-08-14 08:34:24,316,332,27529ebe54fa71f4604f35ba36ab4bc4,False,False,미라벨,14700.0,86,8,1,1,128,149.0,0.2614476894921458,True,True,정상
002_20200814_083428(5),1호기,20200814,2,2020-08-14,2020-08-14 08:34:28,316,332,eedb137af63a70322b0eeb555c4dde84,False,False,미라벨,4.0,86,8,1,1,128,151.0,0.2635351532713131,True,True,정상
002_20200814_123337(2),1호기,20200814,2,2020-08-14,2020-08-14 12:33:37,316,332,f41b4a5b151b47a1bfc96a54aec8fed1,False,False,미라벨,14349.0,87,12,1,1,128,150.0,0.2611712673478725,True,True,정상
002_20200814_123341(8),1호기,20200814,2,2020-08-14,2020-08-14 12:33:41,316,332,ea536a7252ccb15bcd9546acc5601979,False,False,미라벨,4.0,87,12,1,1,136,150.0,0.2619052157999085,True,True,정상
002_20200814_163500(4),1호기,20200814,2,2020-08-14,2020-08-14 16:35:00,316,332,87487597935613ae49c52c587b7fdc80,False,False,미라벨,14479.0,88,16,1,1,128,150.0,0.26166692084794874,True,True,정상
002_20200814_163506(3),1호기,20200814,2,2020-08-14,2020-08-14 16:35:06,316,332,1bdae100252fa9713d30f0a43c87dc95,False,False,미라벨,6.0,88,16,1,1,128,151.0,0.26240086929998474,True,True,정상
002_20200814_203159(5),1호기,20200814,2,2020-08-14,2020-08-14 20:31:59,316,332,dd9fb08eb388bfbaf9c5977277992ae9,False,False,미라벨,14213.0,89,20,1,1,128,150.0,0.2620672563672411,True,True,정상
002_20200814_203205(7),1호기,20200814,2,2020-08-14,2020-08-14 20:32:05,316,332,bad1f518fef2fdffc6d8a790f131b0be,False,False,미라벨,6.0,89,20,1,1,128,148.0,0.2554235931066036,True,True,정상
002_20200818_082854(5),1호기,20200818,2,2020-08-18,2020-08-18 08:28:54,316,332,65d0ff398bc04f8aa4046b671a73db24,False,False,미라벨,302209.0,90,8,1,1,136,147.0,0.26232461491535763,True,True,정상
002_20200818_082858(4),1호기,20200818,2,2020-08-18,2020-08-18 08:28:58,316,332,d6cd01da483de1864b0efeaf3fcabd3c,False,False,미라벨,4.0,90,8,1,1,128,147.0,0.2647361598291902,True,True,정상
002_20200818_123358(2),1호기,20200818,2,2020-08-18,2020-08-18 12:33:58,316,332,1b30d78c53a22e9f27f6966b487d92ce,False,False,미라벨,14700.0,91,12,1,1,128,148.0,0.2617336434344975,True,True,정상
002_20200818_123404(8),1호기,20200818,2,2020-08-18,2020-08-18 12:34:04,316,332,86d034101b33a87d56112685e2521f5f,False,False,미라벨,6.0,91,12,1,1,136,150.0,0.2677100808296477,True,True,정상
002_20200818_162920(4),1호기,20200818,2,2020-08-18,2020-08-18 16:29:20,316,332,f1ce91a872533a509072b55d9783b678,False,False,미라벨,14116.0,92,16,1,1,136,148.0,0.2630109043770017,True,True,정상
002_20200818_162926(0),1호기,20200818,2,2020-08-18,2020-08-18 16:29:26,316,332,c8b9db37e4d13207136ddc2ed6a4777d,False,False,미라벨,6.0,92,16,1,1,128,148.0,0.2632682629251182,True,True,정상
002_20200818_203120(5),1호기,20200818,2,2020-08-18,2020-08-18 20:31:20,316,332,8d220aa317c633d185419ab4170d2b84,False,False,미라벨,14514.0,93,20,1,1,136,150.0,0.26624218392557575,True,True,정상
002_20200818_203125(0),1호기,20200818,2,2020-08-18,2020-08-18 20:31:25,316,332,9c10fab8dfcc0ebbf18f63c7a782219e,False,False,미라벨,5.0,93,20,1,1,128,151.0,0.26669971023333844,True,True,정상
002_20200819_003332(8),1호기,20200819,2,2020-08-19,2020-08-19 00:33:32,316,332,77e5cbd5ac80f205479258a861619f1b,False,False,미라벨,14527.0,94,0,1,1,136,148.0,0.26032293731889583,True,True,정상
002_20200819_003335(8),1호기,20200819,2,2020-08-19,2020-08-19 00:33:35,316,332,40a25b10555416e11d5cc5251392e3db,False,False,미라벨,3.0,94,0,1,1,128,150.0,0.2659276345889889,True,True,정상
002_20200819_043606(7),1호기,20200819,2,2020-08-19,2020-08-19 04:36:06,316,332,1004cb78f385d9fa272867b9c2ddbbdd,False,False,미라벨,14551.0,95,4,1,1,128,149.0,0.26468850083879825,True,True,정상
002_20200819_043611(2),1호기,20200819,2,2020-08-19,2020-08-19 04:36:11,316,332,b2fbad410459fb127fa728c6ca089e48,False,False,미라벨,5.0,95,4,1,1,128,149.0,0.2670523867622388,True,True,정상
002_20200819_083137(5),1호기,20200819,2,2020-08-19,2020-08-19 08:31:37,316,332,db34e7bf32c47bf190d113f4ef050e3a,False,False,미라벨,14126.0,96,8,1,1,128,148.0,0.26001791978038735,True,True,정상
002_20200819_083145(2),1호기,20200819,2,2020-08-19,2020-08-19 08:31:45,316,332,4f98d63e56008b31501c187b7696bf09,False,False,미라벨,8.0,96,8,1,1,128,150.0,0.26441207869452493,True,True,정상
002_20200819_124134(7),1호기,20200819,2,2020-08-19,2020-08-19 12:41:34,316,332,4e8d2f3d55989ab959f4e2dbdf5afb7b,False,False,미라벨,14989.0,97,12,1,1,128,151.0,0.2633731127039805,True,True,정상
002_20200819_124140(8),1호기,20200819,2,2020-08-19,2020-08-19 12:41:40,316,332,3ac1d76247a3aee9f4ea6d956bb7da9b,False,False,미라벨,6.0,97,12,1,1,128,150.0,0.26701425956992525,True,True,정상
002_20200819_162347(4),1호기,20200819,2,2020-08-19,2020-08-19 16:23:47,316,332,90e77596da50b123af0bb6a2111f2a21,False,False,미라벨,13327.0,98,16,1,1,128,151.0,0.2679960347719994,True,True,정상
002_20200819_162352(0),1호기,20200819,2,2020-08-19,2020-08-19 16:23:52,316,332,26a9c7e7131dc086f1a3f5e0f9af3081,False,False,미라벨,5.0,98,16,1,1,128,151.0,0.2645169284733872,True,True,정상
002_20200821_150301(4),1호기,20200821,2,2020-08-21,2020-08-21 15:03:01,316,332,63bb4b85d30844956a4a0585a544c158,False,False,미라벨,167949.0,99,15,1,1,128,149.0,0.26909219155101416,True,True,정상
002_20200821_150305(3),1호기,20200821,2,2020-08-21,2020-08-21 15:03:05,316,332,c15744824b0bbde0807a5d7e31e95a66,False,False,미라벨,4.0,99,15,1,1,128,148.0,0.26685221900259265,True,True,정상
002_20200821_163620(7),1호기,20200821,2,2020-08-21,2020-08-21 16:36:20,316,332,d493c101e533c1aac9ceeef4d702a9fd,False,False,미라벨,5595.0,100,16,1,1,128,148.0,0.2618003660210462,True,True,정상
002_20200821_163624(8),1호기,20200821,2,2020-08-21,2020-08-21 16:36:24,316,332,9b5364254e234a63c7f96ca0c8debac9,False,False,미라벨,4.0,100,16,1,1,128,150.0,0.27012162574348025,True,True,정상
002_20200821_203950(2),1호기,20200821,2,2020-08-21,2020-08-21 20:39:50,316,332,52519dceabae14ce82f6f6c88566dfdd,False,False,미라벨,14606.0,101,20,1,1,128,149.0,0.27041711148391034,True,True,정상
002_20200821_203953(0),1호기,20200821,2,2020-08-21,2020-08-21 20:39:53,316,332,545700178f4b7d9d81b10f49daf7dd4a,False,False,미라벨,3.0,101,20,1,1,128,147.0,0.26163832545371357,True,True,정상
002_20200826_023155(3),1호기,20200826,2,2020-08-26,2020-08-26 02:31:55,316,332,820a90029ac68e96ad57361b85c77455,False,False,미라벨,366722.0,102,2,1,1,128,147.0,0.2659752935793808,True,True,정상
002_20200826_023200(9),1호기,20200826,2,2020-08-26,2020-08-26 02:32:00,316,332,098ab6e98ae3ca21f701c13d4c20629e,False,False,미라벨,5.0,102,2,1,1,128,145.0,0.26147628488638097,True,True,정상
002_20200826_043121(8),1호기,20200826,2,2020-08-26,2020-08-26 04:31:21,316,332,b7412abd985f6b93304f52dc908ff854,False,False,미라벨,7161.0,103,4,1,1,128,148.0,0.2640784657617813,True,True,정상
002_20200826_043125(8),1호기,20200826,2,2020-08-26,2020-08-26 04:31:25,316,332,b0bf4fe253d10a0f78196f5472261a39,False,False,미라벨,4.0,103,4,1,1,128,146.0,0.25919818514564585,True,True,정상
002_20200826_123052(0),1호기,20200826,2,2020-08-26,2020-08-26 12:30:52,316,332,c47694663ea70e69ae097d4565ba32ca,False,False,미라벨,28767.0,104,12,1,1,128,148.0,0.26268682324233644,True,True,정상
002_20200826_123059(6),1호기,20200826,2,2020-08-26,2020-08-26 12:30:59,316,332,ffb804e5dc1892ad0bc5d9a4e42dda15,False,False,미라벨,7.0,104,12,1,1,128,150.0,0.2669856641756901,True,True,정상
002_20200827_162026(7),1호기,20200827,2,2020-08-27,2020-08-27 16:20:26,316,332,e817cf55df66afed056aa6ec459d8191,False,False,미라벨,100167.0,105,16,1,1,128,141.0,0.240725560469727,True,True,정상
002_20200827_162032(0),1호기,20200827,2,2020-08-27,2020-08-27 16:20:32,316,332,8f953618ea4a1bf7369e2e3b96ef883f,False,False,미라벨,6.0,105,16,1,1,128,140.0,0.2398105078542016,True,True,정상
002_20200831_083541(7),1호기,20200831,2,2020-08-31,2020-08-31 08:35:41,316,332,70bfb0539462d88468f25bd8d8a02f4d,False,False,미라벨,317709.0,106,8,1,1,128,143.0,0.25187776422144276,True,True,정상
002_20200831_083545(0),1호기,20200831,2,2020-08-31,2020-08-31 08:35:45,316,332,e37a9e7c47bff2f45fee0cd35be1d24c,False,True,제외(튜토리얼),4.0,106,8,1,1,128,143.0,0.2524401403080677,True,True,정상
002_20200831_123127(7),1호기,20200831,2,2020-08-31,2020-08-31 12:31:27,316,332,da5753ca2d7b997853bf6c83da75eb3a,False,False,미라벨,14142.0,107,12,1,1,128,142.0,0.24038241573890498,True,True,정상
002_20200831_123134(5),1호기,20200831,2,2020-08-31,2020-08-31 12:31:34,316,332,d94e0a47aba183108d1c5d9a1c941278,False,True,제외(튜토리얼),7.0,107,12,1,1,128,146.0,0.25092458441360377,True,True,정상
002_20200831_163123(9),1호기,20200831,2,2020-08-31,2020-08-31 16:31:23,316,332,15314e485e6f388d1561b54bb1784218,False,False,미라벨,14389.0,108,16,1,1,128,142.0,0.24135465914290072,True,True,정상
002_20200831_163130(0),1호기,20200831,2,2020-08-31,2020-08-31 16:31:30,316,332,27f07f803ed4cc4c79b26e8f4a5007ed,False,False,미라벨,7.0,108,16,1,1,128,144.0,0.24990468201921612,True,True,정상
002_20200831_203044(7),1호기,20200831,2,2020-08-31,2020-08-31 20:30:44,316,332,90f7abfa1a1f2c5dcaf412edcf197409,False,False,미라벨,14354.0,109,20,1,1,128,142.0,0.24117355497941131,True,True,정상
002_20200831_203049(3),1호기,20200831,2,2020-08-31,2020-08-31 20:30:49,316,332,b836119b431b1da0478aaf9a63eb16e7,False,False,미라벨,5.0,109,20,1,1,128,143.0,0.24221252096995577,True,True,정상
002_20200901_003102(0),1호기,20200901,2,2020-09-01,2020-09-01 00:31:02,316,332,c6b9723cbf8ea0ad298c9e1d5d6c5cc9,False,False,미라벨,14413.0,110,0,1,1,136,144.0,0.24221252096995577,True,True,정상
002_20200901_003105(0),1호기,20200901,2,2020-09-01,2020-09-01 00:31:05,316,332,657e4932c5555b8bb2398a5f757d48c3,False,False,미라벨,3.0,110,0,1,1,128,144.0,0.24188843983529054,True,True,정상
002_20200901_003108(0),1호기,20200901,2,2020-09-01,2020-09-01 00:31:08,316,332,f1dbcfc1db520b4c3aa58181cc380578,False,False,미라벨,3.0,110,0,1,1,128,144.0,0.24141184993137105,True,True,정상
002_20200901_003111(0),1호기,20200901,2,2020-09-01,2020-09-01 00:31:11,316,332,5023554877999f76999b184b9da101ef,False,False,미라벨,3.0,110,0,1,1,128,144.0,0.24179312185450663,True,True,정상
002_20200901_003114(0),1호기,20200901,2,2020-09-01,2020-09-01 00:31:14,316,332,9db956ee7dc22364d6ae18281910a189,False,False,미라벨,3.0,110,0,1,1,136,144.0,0.2418217172487418,True,True,정상
002_20200901_003117(0),1호기,20200901,2,2020-09-01,2020-09-01 00:31:17,316,332,c73f6f81539c280b7507529a76216a40,False,False,미라벨,3.0,110,0,1,1,128,144.0,0.24185031264297696,True,True,정상
002_20200901_043047(9),1호기,20200901,2,2020-09-01,2020-09-01 04:30:47,316,332,18094153712f1f166e75ba85d9913bd4,False,False,미라벨,14370.0,111,4,1,1,128,144.0,0.2390003050175385,True,True,정상
002_20200901_043050(9),1호기,20200901,2,2020-09-01,2020-09-01 04:30:50,316,332,8f764f10016d3bdbaaf5fb315c4b3e30,False,False,미라벨,3.0,111,4,1,1,128,143.0,0.23863809669055971,True,True,정상
002_20200901_043055(4),1호기,20200901,2,2020-09-01,2020-09-01 04:30:55,316,332,923ae0ae9d99cf10c2eb41b8820e901e,False,False,미라벨,5.0,111,4,1,1,128,143.0,0.23948642671953638,True,True,정상
002_20200901_043058(4),1호기,20200901,2,2020-09-01,2020-09-01 04:30:58,316,332,bffed7d96046a58e4baef2a8ae11dc86,False,False,미라벨,3.0,111,4,1,1,128,143.0,0.2388382644502059,True,True,정상
002_20200901_043104(4),1호기,20200901,2,2020-09-01,2020-09-01 04:31:04,316,332,a4511bbd357fd95946808ccd99e502de,False,False,미라벨,6.0,111,4,1,1,128,144.0,0.23859996949824616,True,True,정상
002_20200901_083206(9),1호기,20200901,2,2020-09-01,2020-09-01 08:32:06,316,332,e52f8932e460b45f48f85dba7588ac69,False,False,미라벨,14462.0,112,8,1,1,128,146.0,0.24626353515327132,True,True,정상
002_20200901_083213(5),1호기,20200901,2,2020-09-01,2020-09-01 08:32:13,316,332,87a446d2accf1207976e0f9b4eb136e7,False,False,미라벨,7.0,112,8,1,1,128,144.0,0.23871435107518682,True,True,정상
002_20200901_083714(2),1호기,20200901,2,2020-09-01,2020-09-01 08:37:14,316,332,326e7f6abcd87efdb11d5f71564d653e,False,False,미라벨,301.0,112,8,1,1,128,148.0,0.25123913375019064,True,True,정상
002_20200901_083717(4),1호기,20200901,2,2020-09-01,2020-09-01 08:37:17,316,332,7d57d74420557ac3fd7c93a8b9ce5c4d,False,False,미라벨,3.0,112,8,1,1,128,149.0,0.24932324233643435,True,True,정상
002_20200901_083721(9),1호기,20200901,2,2020-09-01,2020-09-01 08:37:21,316,332,573968a0b1c0bcb1396933bd0a014e56,False,False,미라벨,4.0,112,8,1,1,128,148.0,0.24959013268262925,True,True,정상
002_20200901_083726(4),1호기,20200901,2,2020-09-01,2020-09-01 08:37:26,316,332,9399acf2bbc92b261ddfbc48e5c57a4f,False,False,미라벨,5.0,112,8,1,1,128,146.0,0.23970565807533933,True,True,정상
002_20200901_083730(8),1호기,20200901,2,2020-09-01,2020-09-01 08:37:30,316,332,01d84375ddbccffec58c0bb5915c8008,False,False,미라벨,4.0,112,8,1,1,128,145.0,0.23930532255604697,True,True,정상
002_20200901_083735(4),1호기,20200901,2,2020-09-01,2020-09-01 08:37:35,316,332,d9abd10d2925699df3231660aa579bbf,False,False,미라벨,5.0,112,8,1,1,128,145.0,0.23904796400793046,True,True,정상
002_20200901_123248(2),1호기,20200901,2,2020-09-01,2020-09-01 12:32:48,316,332,54071e5b2df3340c613e0ed0d5f86ca3,False,False,미라벨,14113.0,113,12,1,1,128,146.0,0.24502440140308068,True,True,정상
002_20200901_123251(2),1호기,20200901,2,2020-09-01,2020-09-01 12:32:51,316,332,2f154fb98edc84460369c60ee94162d7,False,False,미라벨,3.0,113,12,1,1,128,147.0,0.24542473692237304,True,True,정상
002_20200901_123256(0),1호기,20200901,2,2020-09-01,2020-09-01 12:32:56,316,332,ca5f00feb24b0163f6af3a33bed6fc21,False,False,미라벨,5.0,113,12,1,1,128,147.0,0.24801738599969497,True,True,정상
002_20200901_123300(3),1호기,20200901,2,2020-09-01,2020-09-01 12:33:00,316,332,ce210aa0de7b1308bad6602e5633ffc4,False,False,미라벨,4.0,113,12,1,1,128,144.0,0.23874294646942198,True,True,정상
002_20200901_123304(6),1호기,20200901,2,2020-09-01,2020-09-01 12:33:04,316,332,4c8380817622042b0f91ad4a94f2f937,False,False,미라벨,4.0,113,12,1,1,128,145.0,0.23877154186365715,True,True,정상
002_20200901_123309(1),1호기,20200901,2,2020-09-01,2020-09-01 12:33:09,316,332,7b310e82bf46ba4fb43f57f88d0510ae,False,False,미라벨,5.0,113,12,1,1,136,145.0,0.23907655940216563,True,True,정상
002_20200901_190126(8),1호기,20200901,2,2020-09-01,2020-09-01 19:01:26,316,332,3f5e2891e0ae29a04dfe1a1b74c5d59f,False,False,미라벨,23297.0,114,19,1,1,128,142.0,0.22713321640994358,True,True,정상
002_20200901_190132(2),1호기,20200901,2,2020-09-01,2020-09-01 19:01:32,316,332,7a92da9da7ed0c1763da0c2513cecc67,False,False,미라벨,6.0,114,19,1,1,128,144.0,0.23723692237303645,True,True,정상
002_20200901_190331(8),1호기,20200901,2,2020-09-01,2020-09-01 19:03:31,316,332,28c83850014e0c68201865f8a94538ba,False,False,미라벨,119.0,114,19,1,1,128,144.0,0.2352638401708098,True,True,정상
002_20200901_190334(8),1호기,20200901,2,2020-09-01,2020-09-01 19:03:34,316,332,31c7eaa4687ce46041af1165cb776483,False,False,미라벨,3.0,114,19,1,1,128,147.0,0.24550099130700015,True,True,정상
002_20200901_190337(5),1호기,20200901,2,2020-09-01,2020-09-01 19:03:37,316,332,852a1a6bcc512adeee9784a4ff4e5ade,False,False,미라벨,3.0,114,19,1,1,128,147.0,0.24581554064358702,True,True,정상
002_20200901_190344(1),1호기,20200901,2,2020-09-01,2020-09-01 19:03:44,316,332,d941251b8b8e6ffeea835261ac57564b,False,False,미라벨,7.0,114,19,1,1,128,146.0,0.24320382797010828,True,True,정상
002_20200901_203149(6),1호기,20200901,2,2020-09-01,2020-09-01 20:31:49,316,332,4e77fb713bfb824a48f418375ec99624,False,False,미라벨,5285.0,115,20,1,1,128,144.0,0.23777070306542628,True,True,정상
002_20200901_203156(2),1호기,20200901,2,2020-09-01,2020-09-01 20:31:56,316,332,5a2a444669080c2ac181847d10769875,False,False,미라벨,7.0,115,20,1,1,128,146.0,0.23797087082507243,True,True,정상
002_20200901_203200(2),1호기,20200901,2,2020-09-01,2020-09-01 20:32:00,316,332,a95f49487c07ea76b142c29b7b09a1a9,False,False,미라벨,4.0,115,20,1,1,128,146.0,0.23986769864267196,True,True,정상
002_20200901_203204(5),1호기,20200901,2,2020-09-01,2020-09-01 20:32:04,316,332,16c6ec807096c00ceb56e47b3c982977,False,False,미라벨,4.0,115,20,1,1,128,146.0,0.2406397742870215,True,True,정상
002_20200901_203208(8),1호기,20200901,2,2020-09-01,2020-09-01 20:32:08,316,332,73d62edecc61e08e8845d675e597e3c5,False,False,미라벨,4.0,115,20,1,1,128,146.0,0.24094479182552997,True,True,정상
002_20200901_203213(2),1호기,20200901,2,2020-09-01,2020-09-01 20:32:13,316,332,14dfc844ff011128a038f346b3d6d9f8,False,False,미라벨,5.0,115,20,1,1,128,146.0,0.2412974683544304,True,True,정상
002_20200902_003106(3),1호기,20200902,2,2020-09-02,2020-09-02 00:31:06,316,332,21131b13f4419023a1ac49dcc672f004,False,False,미라벨,14333.0,116,0,1,1,136,146.0,0.24011552539271008,True,True,정상
002_20200902_003115(0),1호기,20200902,2,2020-09-02,2020-09-02 00:31:15,316,332,30753fbba686c75cdea27ea28ca894fe,False,False,미라벨,9.0,116,0,1,1,128,147.0,0.2409257282293732,True,True,정상
002_20200902_003119(5),1호기,20200902,2,2020-09-02,2020-09-02 00:31:19,316,332,b5c33363330da6bf1dbceb2d20cfee93,False,False,미라벨,4.0,116,0,1,1,128,146.0,0.24076368766204057,True,True,정상
002_20200902_003123(6),1호기,20200902,2,2020-09-02,2020-09-02 00:31:23,316,332,76ec47651bd0ecf1887a54b048ebc364,False,False,미라벨,4.0,116,0,1,1,128,147.0,0.24157389049870368,True,True,정상
002_20200902_003127(7),1호기,20200902,2,2020-09-02,2020-09-02 00:31:27,316,332,918abf1903cc61edc1fe065ba4e2153e,False,False,미라벨,4.0,116,0,1,1,128,146.0,0.24177405825834986,True,True,정상
002_20200902_003132(0),1호기,20200902,2,2020-09-02,2020-09-02 00:31:32,316,332,3a03bb7ab7cc43d35f9b30978130b552,False,False,미라벨,5.0,116,0,1,1,136,147.0,0.24124980936403842,True,True,정상
002_20200902_043107(7),1호기,20200902,2,2020-09-02,2020-09-02 04:31:07,316,332,b935cad69bc97ddca520235c673ff3de,False,False,미라벨,14375.0,117,4,1,1,128,146.0,0.24038241573890498,True,True,정상
002_20200902_043112(1),1호기,20200902,2,2020-09-02,2020-09-02 04:31:12,316,332,51db2b05e89a9474427fe402a893c722,False,False,미라벨,5.0,117,4,1,1,128,147.0,0.24094479182552997,True,True,정상
002_20200902_043116(4),1호기,20200902,2,2020-09-02,2020-09-02 04:31:16,316,332,577f09d76eaff502edc24b8b5b6b6f1c,False,False,미라벨,4.0,117,4,1,1,128,147.0,0.24135465914290072,True,True,정상
002_20200902_043120(6),1호기,20200902,2,2020-09-02,2020-09-02 04:31:20,316,332,da7e05777d7248c5905b2dbb7323519c,False,False,미라벨,4.0,117,4,1,1,128,147.0,0.24204094860454475,True,True,정상
002_20200902_043124(9),1호기,20200902,2,2020-09-02,2020-09-02 04:31:24,316,332,ed6f81b6c619432e3c0a8dd5891d681a,False,False,미라벨,4.0,117,4,1,1,128,147.0,0.24135465914290072,True,True,정상
002_20200902_043129(2),1호기,20200902,2,2020-09-02,2020-09-02 04:31:29,316,332,698e17101b052246b24667494850598c,False,False,미라벨,5.0,117,4,1,1,128,147.0,0.24153576330639012,True,True,정상
002_20200902_082600(3),1호기,20200902,2,2020-09-02,2020-09-02 08:26:00,316,332,7e06a4616988ffb2a60bea21ddc65a1f,False,False,미라벨,14071.0,118,8,1,1,128,145.0,0.23615982919017844,True,True,정상
002_20200902_082609(0),1호기,20200902,2,2020-09-02,2020-09-02 08:26:09,316,332,6a6bcc7f86fcb27f0f44ff48e387a358,False,False,미라벨,9.0,118,8,1,1,128,145.0,0.2392767271618118,True,True,정상
002_20200902_082613(2),1호기,20200902,2,2020-09-02,2020-09-02 08:26:13,316,332,65d191e643e8bb2550239b5b9fc5dbdd,False,False,미라벨,4.0,118,8,1,1,136,145.0,0.24033475674851304,True,True,정상
002_20200902_082621(8),1호기,20200902,2,2020-09-02,2020-09-02 08:26:21,316,332,4df5f8d54db44c5ff3fcf667f54af929,False,False,미라벨,8.0,118,8,1,1,128,147.0,0.24789347262467593,True,True,정상
002_20200902_082626(3),1호기,20200902,2,2020-09-02,2020-09-02 08:26:26,316,332,e29cec50c65d0c128c6238f3b207e8cd,False,False,미라벨,5.0,118,8,1,1,128,148.0,0.2490086929998475,True,True,정상
002_20200902_082638(8),1호기,20200902,2,2020-09-02,2020-09-02 08:26:38,316,332,b77479d65cf663cebf2d69fb20c7a5d5,False,False,미라벨,12.0,118,8,1,1,128,147.0,0.2484653805093793,True,True,정상
002_20200904_230034(7),1호기,20200904,2,2020-09-04,2020-09-04 23:00:34,316,332,0db45a969a89ed2099c5b9583f3c8b2c,False,False,미라벨,225236.0,119,23,3,1,293,141.0,0.24362322708555742,True,True,정상
002_20200904_230038(7),1호기,20200904,2,2020-09-04,2020-09-04 23:00:38,316,332,8818c01fe6816908945154685992ae94,False,False,미라벨,4.0,119,23,3,1,293,139.0,0.2375705353057801,True,True,정상
002_20200904_230042(8),1호기,20200904,2,2020-09-04,2020-09-04 23:00:42,316,332,7e434bd3aa17f58e9f36b70af5c605ed,False,False,미라벨,4.0,119,23,2,0,165,137.0,0.23177520207411925,True,False,비정상
002_20200904_230047(1),1호기,20200904,2,2020-09-04,2020-09-04 23:00:47,316,332,44ffe1b1273d39a931bfebb4bf8bef23,False,False,미라벨,5.0,119,23,2,0,165,137.0,0.23213741040109806,True,False,비정상
002_20200904_230050(8),1호기,20200904,2,2020-09-04,2020-09-04 23:00:50,316,332,801bfe1b07db2c8e67a1383b95d0c8cc,False,False,미라벨,3.0,119,23,3,1,293,136.0,0.22814358700625287,True,True,정상
002_20200904_230054(7),1호기,20200904,2,2020-09-04,2020-09-04 23:00:54,316,332,f7c1afd27737c4d97f6b21ad9821da8c,False,False,미라벨,4.0,119,23,3,1,293,137.0,0.2319277108433735,True,True,정상
002_20200904_230301(9),1호기,20200904,2,2020-09-04,2020-09-04 23:03:01,316,332,56794232806e1615a57b0c5de8af7c51,False,False,미라벨,127.0,119,23,1,1,128,141.0,0.24078275125819734,True,True,정상
002_20200904_230305(2),1호기,20200904,2,2020-09-04,2020-09-04 23:03:05,316,332,379a2a98a96ce715c1bd34b4da053e72,False,False,미라벨,4.0,119,23,1,1,128,136.0,0.22686632606374865,True,True,정상
002_20200904_230308(3),1호기,20200904,2,2020-09-04,2020-09-04 23:03:08,316,332,b14ca5a506d2bd28ab2e95c2a983b41c,False,False,미라벨,3.0,119,23,1,1,128,136.0,0.22688538965990546,True,True,정상
002_20200904_230314(3),1호기,20200904,2,2020-09-04,2020-09-04 23:03:14,316,332,6f945d6ce90487ed012ed531256c2c8f,False,False,미라벨,6.0,119,23,1,1,128,136.0,0.22762886991001982,True,True,정상
002_20200904_230345(2),1호기,20200904,2,2020-09-04,2020-09-04 23:03:45,316,332,54735998864eb6d027258caf39debbe9,False,False,미라벨,31.0,119,23,1,1,128,142.0,0.24603477199938997,True,True,정상
002_20200904_230349(3),1호기,20200904,2,2020-09-04,2020-09-04 23:03:49,316,332,fb5bcf56f7d5216d3269b9dd56e75a02,False,False,미라벨,4.0,119,23,1,1,128,142.0,0.24488142443190483,True,True,정상
002_20200905_003146(9),1호기,20200905,2,2020-09-05,2020-09-05 00:31:46,316,332,589afbfc28ea5bfbf4d930083efc4d09,False,False,미라벨,5277.0,120,0,1,1,128,142.0,0.24684497483605308,True,True,정상
002_20200905_003154(8),1호기,20200905,2,2020-09-05,2020-09-05 00:31:54,316,332,803706fadd0c2193d350f1218f303a3f,False,False,미라벨,8.0,120,0,1,1,128,143.0,0.2479220680189111,True,True,정상
002_20200905_003158(8),1호기,20200905,2,2020-09-05,2020-09-05 00:31:58,316,332,b78491a6dc207049ca08ba9f6b98b931,False,False,미라벨,4.0,120,0,1,1,128,141.0,0.24213626658532866,True,True,정상
002_20200905_003202(9),1호기,20200905,2,2020-09-05,2020-09-05 00:32:02,316,332,3ec364604a111811fde969abe96b2cdd,False,False,미라벨,4.0,120,0,1,1,128,140.0,0.23662688729601952,True,True,정상
002_20200905_003210(8),1호기,20200905,2,2020-09-05,2020-09-05 00:32:10,316,332,351935417c01c27dcb5ca74d9112abbc,False,False,미라벨,8.0,120,0,1,1,128,140.0,0.23712254079609577,True,True,정상
002_20200905_003220(7),1호기,20200905,2,2020-09-05,2020-09-05 00:32:20,316,332,6f5ea4915afffa5ab78087add9939442,False,False,미라벨,10.0,120,0,1,1,128,140.0,0.23639812414213818,True,True,정상
002_20200905_043116(7),1호기,20200905,2,2020-09-05,2020-09-05 04:31:16,316,332,70e9b4af3330600003b5cff879902ebd,False,False,미라벨,14336.0,121,4,1,1,128,145.0,0.2546229220680189,True,True,정상
002_20200905_043119(3),1호기,20200905,2,2020-09-05,2020-09-05 04:31:19,316,332,974f0db16ea175728f5af4d3f9675fcb,False,False,미라벨,3.0,121,4,1,1,128,144.0,0.2500667225865487,True,True,정상
002_20200905_043122(0),1호기,20200905,2,2020-09-05,2020-09-05 04:31:22,316,332,50b5aead27a4b0e47d53b041ac0b174b,False,False,미라벨,3.0,121,4,1,1,128,143.0,0.25040033551929236,True,True,정상
002_20200905_043124(6),1호기,20200905,2,2020-09-05,2020-09-05 04:31:24,316,332,1f4096225e9b82de1bf8a170a25c70db,False,False,미라벨,2.0,121,4,1,1,128,143.0,0.25032408113466526,True,True,정상
002_20200905_043129(6),1호기,20200905,2,2020-09-05,2020-09-05 04:31:29,316,332,aaae45b94ae0b9befbe6e1b38f1ceda8,False,False,미라벨,5.0,121,4,1,1,136,143.0,0.2492946469421992,True,True,정상
002_20200905_043135(3),1호기,20200905,2,2020-09-05,2020-09-05 04:31:35,316,332,302a4739de97866b72136f0bef4f0d1c,False,False,미라벨,6.0,121,4,1,1,128,142.0,0.2458346042397438,True,True,정상
002_20200905_083100(6),1호기,20200905,2,2020-09-05,2020-09-05 08:31:00,316,332,14d8861ab48cd9dd8db3260a8f3bd24a,False,False,미라벨,14365.0,122,8,1,1,128,142.0,0.23975331706573128,True,True,정상
002_20200905_083104(6),1호기,20200905,2,2020-09-05,2020-09-05 08:31:04,316,332,aa504eac28215ea61188e2d4523a9e29,False,False,미라벨,4.0,122,8,1,1,128,142.0,0.23982003965228,True,True,정상
002_20200905_083116(7),1호기,20200905,2,2020-09-05,2020-09-05 08:31:16,316,332,6948a233019c1f57deea614106bdea86,False,False,미라벨,12.0,122,8,1,1,128,141.0,0.24267957907579685,True,True,정상
002_20200905_083120(6),1호기,20200905,2,2020-09-05,2020-09-05 08:31:20,316,332,d0f6862270328a795517035d6c1bf7fa,False,False,미라벨,4.0,122,8,1,1,128,143.0,0.2500667225865487,True,True,정상
002_20200905_083124(7),1호기,20200905,2,2020-09-05,2020-09-05 08:31:24,316,332,a269387022059ed16d6a1ac429472e35,False,False,미라벨,4.0,122,8,1,1,128,143.0,0.25079113924050633,True,True,정상
002_20200905_083134(7),1호기,20200905,2,2020-09-05,2020-09-05 08:31:34,316,332,d723a20ae18c2beccf32947a1a0f0089,False,False,미라벨,10.0,122,8,1,1,128,144.0,0.24975217324996188,True,True,정상
002_20200905_123051(5),1호기,20200905,2,2020-09-05,2020-09-05 12:30:51,316,332,43fcc09e1f860f737b1f719f194f0432,False,False,미라벨,14357.0,123,12,1,1,128,145.0,0.25019063596156776,True,True,정상
002_20200905_123055(5),1호기,20200905,2,2020-09-05,2020-09-05 12:30:55,316,332,62ae092e3b922bd794deac9dd7cbf8bc,False,False,미라벨,4.0,123,12,1,1,128,145.0,0.25070535305780084,True,True,정상
002_20200905_123059(6),1호기,20200905,2,2020-09-05,2020-09-05 12:30:59,316,332,75cd4d6cd5e1030318bce2b018f1e246,False,False,미라벨,4.0,123,12,1,1,128,144.5,0.24864648467286868,True,True,정상
002_20200905_123103(4),1호기,20200905,2,2020-09-05,2020-09-05 12:31:03,316,332,a3424139f42d8827880ca3a2425507b3,True,False,GT,4.0,123,12,1,1,128,144.0,0.2434611865182248,True,True,정상
002_20200905_123107(5),1호기,20200905,2,2020-09-05,2020-09-05 12:31:07,316,332,5b92fc29aa8ea612d37689b4fc2fbcc5,True,False,GT,4.0,123,12,1,1,136,143.0,0.2419170352295257,True,True,정상
002_20200905_123111(6),1호기,20200905,2,2020-09-05,2020-09-05 12:31:11,316,332,3d12b2bf2eb36b4f60fa76ed9e0eec19,True,False,GT,4.0,123,12,1,1,128,144.0,0.24299412841238371,True,True,정상
002_20200905_163920(4),1호기,20200905,2,2020-09-05,2020-09-05 16:39:20,316,332,07812e2278c00cb3f92b9b578ccd34fc,True,False,GT,14889.0,124,16,1,1,128,142.0,0.23944829952722282,True,True,정상
002_20200905_163924(2),1호기,20200905,2,2020-09-05,2020-09-05 16:39:24,316,332,d6131c0049cdfe8df8329aab1cd7cc70,True,False,GT,4.0,124,16,1,1,128,143.0,0.24193609882568248,True,True,정상
002_20200905_163928(3),1호기,20200905,2,2020-09-05,2020-09-05 16:39:28,316,332,4cf738fd0d002d4d3d03b6e7089fd16e,True,False,GT,4.0,124,16,1,1,128,143.0,0.2417359310660363,True,True,정상
002_20200905_163932(3),1호기,20200905,2,2020-09-05,2020-09-05 16:39:32,316,332,e74d67c9551bd50ba71b3b83eeb3ff23,True,False,GT,4.0,124,16,1,1,136,147.0,0.25105802958670126,True,True,정상
002_20200905_163936(3),1호기,20200905,2,2020-09-05,2020-09-05 16:39:36,316,332,4c36e239fc5603d85f7f6e26b0e1d9a3,True,False,GT,4.0,124,16,1,1,128,146.0,0.2505337806923898,True,True,정상
002_20200905_163940(2),1호기,20200905,2,2020-09-05,2020-09-05 16:39:40,316,332,b57fa70996c3d85103e9afaae92ae5f8,True,False,GT,4.0,124,16,1,1,128,145.0,0.2504289309135275,True,True,정상
002_20200905_203836(3),1호기,20200905,2,2020-09-05,2020-09-05 20:38:36,316,332,1d2ec1c84f93ad9154b3327efcd48a84,True,False,GT,14336.0,125,20,1,1,128,147.0,0.25182057343297237,True,True,정상
002_20200905_203840(3),1호기,20200905,2,2020-09-05,2020-09-05 20:38:40,316,332,3176cc42012b428f04b0dc47fc5e56b3,True,False,GT,4.0,125,20,1,1,128,146.0,0.2505337806923898,True,True,정상
002_20200905_203844(2),1호기,20200905,2,2020-09-05,2020-09-05 20:38:44,316,332,dbc3e90327b3c30ddffef33ef3e9c9ff,True,False,GT,4.0,125,20,1,1,128,144.0,0.246721061461034,True,True,정상
002_20200905_203848(4),1호기,20200905,2,2020-09-05,2020-09-05 20:38:48,316,332,de474db1823af4c7b1c85309e6c46aab,True,False,GT,4.0,125,20,1,1,128,143.0,0.2452817599511972,True,True,정상
002_20200905_203856(3),1호기,20200905,2,2020-09-05,2020-09-05 20:38:56,316,332,6e61eaca28a6083d060980b98e96768f,True,False,GT,8.0,125,20,1,1,128,143.0,0.24290834222967822,True,True,정상
002_20200905_203900(3),1호기,20200905,2,2020-09-05,2020-09-05 20:39:00,316,332,09d66d79b9cbe8a87ee44687adbfb60d,True,False,GT,4.0,125,20,1,1,128,143.0,0.24442389812414214,True,True,정상
002_20200906_003059(0),1호기,20200906,2,2020-09-06,2020-09-06 00:30:59,316,332,1a39080cd3ca6f75727b7cd01efe0a4f,True,False,GT,13919.0,126,0,1,1,128,147.0,0.2525259264907732,True,True,정상
002_20200906_003114(8),1호기,20200906,2,2020-09-06,2020-09-06 00:31:14,316,332,f8abc28fbe0d5d6efff47c462cd1b0ea,True,False,GT,15.0,126,0,1,1,136,147.0,0.25247826750038127,True,True,정상
002_20200906_003118(7),1호기,20200906,2,2020-09-06,2020-09-06 00:31:18,316,332,16e3370267bd6a21fb0859449385c108,True,False,GT,4.0,126,0,1,1,128,146.0,0.2523924813176758,True,True,정상
002_20200906_003122(7),1호기,20200906,2,2020-09-06,2020-09-06 00:31:22,316,332,9feacd9bdb4103a76d59b96b4621a7f3,True,False,GT,4.0,126,0,1,1,128,145.0,0.25094364800976054,True,True,정상
002_20200906_003126(8),1호기,20200906,2,2020-09-06,2020-09-06 00:31:26,316,332,155c66f4f2c7e7e4af62ad5d56ae9d42,True,False,GT,4.0,126,0,1,1,128,145.0,0.2508864572212902,True,True,정상
002_20200906_003132(7),1호기,20200906,2,2020-09-06,2020-09-06 00:31:32,316,332,9af45d42101c59854fccaf8c2b806c5a,True,False,GT,6.0,126,0,1,1,128,146.0,0.25231622693304867,True,True,정상
002_20200907_184813(1),1호기,20200907,2,2020-09-07,2020-09-07 18:48:13,316,332,e307bd8b675092e8c193ad85bb71b1b3,True,False,GT,152201.0,127,18,1,1,128,146.0,0.2590838035687052,True,True,정상
002_20200907_184815(7),1호기,20200907,2,2020-09-07,2020-09-07 18:48:15,316,332,8601dfe988c09b127b0885eda1da1b46,True,False,GT,2.0,127,18,1,1,136,147.0,0.2590742717706268,True,True,정상
002_20200907_184818(2),1호기,20200907,2,2020-09-07,2020-09-07 18:48:18,316,332,f1c15a3e3b3d6cd8b91f38fec464ff39,True,False,GT,3.0,127,18,1,1,128,144.0,0.2540224187890804,True,True,정상
002_20200907_184823(7),1호기,20200907,2,2020-09-07,2020-09-07 18:48:23,316,332,aaad5bb26243bcfa239eec0c6a65290b,True,False,GT,5.0,127,18,1,1,128,144.0,0.2538889736159829,True,True,정상
002_20200907_184826(3),1호기,20200907,2,2020-09-07,2020-09-07 18:48:26,316,332,51d5a4299678cac9db5a2963fc4a3c88,True,False,GT,3.0,127,18,1,1,128,144.0,0.2539461644044533,True,True,정상
002_20200907_184828(8),1호기,20200907,2,2020-09-07,2020-09-07 18:48:28,316,332,7ec90a94f98888458d5b39c7ec050cf9,True,False,GT,2.0,127,18,1,1,128,144.0,0.2538699100198261,True,True,정상
002_20200907_204635(5),1호기,20200907,2,2020-09-07,2020-09-07 20:46:35,316,332,81dcfa4956604e27c4ee106a9e6e1301,True,False,GT,7087.0,128,20,1,1,128,145.0,0.25250686289461644,True,True,정상
002_20200907_204640(0),1호기,20200907,2,2020-09-07,2020-09-07 20:46:40,316,332,d024de96207479acd7abea1e8e706b18,True,False,GT,5.0,128,20,1,1,128,145.0,0.257072594174165,True,True,정상
002_20200907_204644(5),1호기,20200907,2,2020-09-07,2020-09-07 20:46:44,316,332,79aed26d344685ef5ccbb27f6b350829,True,False,GT,4.0,128,20,1,1,128,146.0,0.2568533628183621,True,True,정상
002_20200907_204649(0),1호기,20200907,2,2020-09-07,2020-09-07 20:46:49,316,332,239bfd2c287a9134f28b7aeceda299f4,True,False,GT,5.0,128,20,1,1,128,143.0,0.24477657465304256,True,True,정상
002_20200907_204653(4),1호기,20200907,2,2020-09-07,2020-09-07 20:46:53,316,332,05529ee970a14f40bb10a78563ca241a,True,False,GT,4.0,128,20,1,1,128,142.0,0.24424279396065274,True,True,정상
002_20200907_204657(8),1호기,20200907,2,2020-09-07,2020-09-07 20:46:57,316,332,5d054025f84a479cd33d378b34e213c3,False,False,미라벨,4.0,128,20,1,1,128,142.0,0.24410934878755527,True,True,정상
002_20200908_003259(2),1호기,20200908,2,2020-09-08,2020-09-08 00:32:59,316,332,c5515e1f61063fac2307c68a19d23ba0,False,False,미라벨,13562.0,129,0,1,1,128,143.0,0.24504346499923746,True,True,정상
002_20200908_003303(8),1호기,20200908,2,2020-09-08,2020-09-08 00:33:03,316,332,9a881c9dddc3f46456dd600acfd90098,False,False,미라벨,4.0,129,0,1,1,128,142.0,0.24398543541253623,True,True,정상
002_20200908_003308(2),1호기,20200908,2,2020-09-08,2020-09-08 00:33:08,316,332,efec0a1c90b20c15135643c1ede474e2,False,False,미라벨,5.0,129,0,1,1,128,142.0,0.24352790910477354,True,True,정상
002_20200908_003312(9),1호기,20200908,2,2020-09-08,2020-09-08 00:33:12,316,332,a75dd0956bbd7a10be2fdcaa9d8bc333,False,False,미라벨,4.0,129,0,1,1,128,145.0,0.2558715876162879,True,True,정상
002_20200908_003321(8),1호기,20200908,2,2020-09-08,2020-09-08 00:33:21,316,332,e7e2d37b795373badb3c27eb0fd8d4b4,False,False,미라벨,9.0,129,0,1,1,128,144.0,0.2529929845966143,True,True,정상
002_20200908_003330(9),1호기,20200908,2,2020-09-08,2020-09-08 00:33:30,316,332,b125dfc9dea75177110cfe7b1504d3b9,False,False,미라벨,9.0,129,0,1,1,128,143.0,0.2507148848558792,True,True,정상
002_20200908_043104(3),1호기,20200908,2,2020-09-08,2020-09-08 04:31:04,316,332,74556e0e2c23522f9879920875fee366,False,False,미라벨,14254.0,130,4,1,1,128,142.0,0.24153576330639012,True,True,정상
002_20200908_043108(7),1호기,20200908,2,2020-09-08,2020-09-08 04:31:08,316,332,04efa1fa7e515a5a1ed20f928a704fc7,False,False,미라벨,4.0,130,4,1,1,128,142.0,0.2412974683544304,True,True,정상
002_20200908_043113(2),1호기,20200908,2,2020-09-08,2020-09-08 04:31:13,316,332,782098d03ee159b5efa758da87ac679a,False,False,미라벨,5.0,130,4,1,1,128,142.0,0.2411068323928626,True,True,정상
002_20200908_043117(6),1호기,20200908,2,2020-09-08,2020-09-08 04:31:17,316,332,e812d779a098350e699b3e7666bfd5fe,False,False,미라벨,4.0,130,4,1,1,128,146.0,0.2539080372121397,True,True,정상
002_20200908_043122(1),1호기,20200908,2,2020-09-08,2020-09-08 04:31:22,316,332,d8c5dbc409835c1c9737194bfa1bd5e1,False,False,미라벨,5.0,130,4,1,1,128,145.0,0.24968545066341313,True,True,정상
002_20200908_043126(7),1호기,20200908,2,2020-09-08,2020-09-08 04:31:26,316,332,1b1e5875f9e1cd36a6305b5c4c359b5e,False,False,미라벨,4.0,130,4,1,1,128,145.0,0.24995234100960806,True,True,정상
002_20200912_021405(0),1호기,20200912,2,2020-09-12,2020-09-12 02:14:05,316,332,bbf777aaef720f0f122d8142127ac907,False,False,미라벨,337359.0,131,2,1,1,128,140.0,0.24143091352752782,True,True,정상
002_20200912_021411(6),1호기,20200912,2,2020-09-12,2020-09-12 02:14:11,316,332,7f623ac4141c31acffb52d4e22f5a760,False,False,미라벨,6.0,131,2,1,1,128,142.0,0.24320382797010828,True,True,정상
002_20200912_021417(8),1호기,20200912,2,2020-09-12,2020-09-12 02:14:17,316,332,20e2d00509e64b99a104aca86b5f4083,False,False,미라벨,6.0,131,2,1,1,128,142.0,0.24771236846118652,True,True,정상
002_20200912_021420(7),1호기,20200912,2,2020-09-12,2020-09-12 02:14:20,316,332,43cd5dbd25089ea9d4d818b24ff568a7,False,False,미라벨,3.0,131,2,1,1,128,142.0,0.24857976208631996,True,True,정상
002_20200912_021423(8),1호기,20200912,2,2020-09-12,2020-09-12 02:14:23,316,332,5a3cd23bd588677b9e7ed2dd75af4fbc,False,False,미라벨,3.0,131,2,1,1,128,144.0,0.255433124904682,True,True,정상
002_20200912_021430(0),1호기,20200912,2,2020-09-12,2020-09-12 02:14:30,316,332,c4053e7a0ed63023166d5aaaab8a8564,False,False,미라벨,7.0,131,2,1,1,136,143.0,0.2515441512886991,True,True,정상
002_20200912_043042(7),1호기,20200912,2,2020-09-12,2020-09-12 04:30:42,316,332,985226aeb551c02cd337af9a30decfa5,False,False,미라벨,8172.0,132,4,1,1,128,143.0,0.24830333994204667,True,True,정상
002_20200912_043047(4),1호기,20200912,2,2020-09-12,2020-09-12 04:30:47,316,332,bba981af087d4a955928f1d85a0e0bce,False,False,미라벨,5.0,132,4,1,1,128,145.0,0.25479449443342994,True,True,정상
002_20200912_043051(8),1호기,20200912,2,2020-09-12,2020-09-12 04:30:51,316,332,6636a38106bc2c8ad0817a09754a295e,False,False,미라벨,4.0,132,4,1,1,128,145.0,0.25754918407808447,True,True,정상
002_20200912_043056(4),1호기,20200912,2,2020-09-12,2020-09-12 04:30:56,316,332,9daa10631a7b4439551d927623787672,False,False,미라벨,5.0,132,4,1,1,128,141.0,0.2375419399115449,True,True,정상
002_20200912_043105(3),1호기,20200912,2,2020-09-12,2020-09-12 04:31:05,316,332,e17f5ad6b70e78d9f9bce7cccd964341,False,False,미라벨,9.0,132,4,1,1,128,142.0,0.24325148696050022,True,True,정상
002_20200912_043123(2),1호기,20200912,2,2020-09-12,2020-09-12 04:31:23,316,332,c67b122439703fa5eaf9b07b576acba2,False,False,미라벨,18.0,132,4,1,1,128,142.0,0.24395684001830106,True,True,정상
002_20200912_123204(6),1호기,20200912,2,2020-09-12,2020-09-12 12:32:04,316,332,43f265f19056ee055edb01af4ed21ef3,False,False,미라벨,28841.0,133,12,1,1,128,142.0,0.2409924508159219,True,True,정상
002_20200912_123207(7),1호기,20200912,2,2020-09-12,2020-09-12 12:32:07,316,332,bf053f2fcabf2851e9cf96882dc198b3,False,False,미라벨,3.0,133,12,1,1,136,142.0,0.24213626658532866,True,True,정상
002_20200912_123210(6),1호기,20200912,2,2020-09-12,2020-09-12 12:32:10,316,332,74ce1c5c4d0dafd0d2b26dc222fc9156,False,False,미라벨,3.0,133,12,1,1,128,142.0,0.24143091352752782,True,True,정상
002_20200912_123216(4),1호기,20200912,2,2020-09-12,2020-09-12 12:32:16,316,332,d0478fff23e38d86d6847383eb2a77a8,False,False,미라벨,6.0,133,12,1,1,128,143.0,0.24133559554674394,True,True,정상
002_20200912_123219(3),1호기,20200912,2,2020-09-12,2020-09-12 12:32:19,316,332,58951595ddbffb845c4b231eeb1da42f,False,False,미라벨,3.0,133,12,1,1,128,143.0,0.24165014488333078,True,True,정상
002_20200912_123222(2),1호기,20200912,2,2020-09-12,2020-09-12 12:32:22,316,332,3c20d3e2d990edd3de41b33b27199e7a,False,False,미라벨,3.0,133,12,1,1,128,143.0,0.24277489705658076,True,True,정상
002_20200912_163052(9),1호기,20200912,2,2020-09-12,2020-09-12 16:30:52,316,332,513064b291ce1ac6904ca0d203f2c690,False,False,미라벨,14310.0,134,16,1,1,136,143.0,0.24162154948909562,True,True,정상
002_20200912_163058(9),1호기,20200912,2,2020-09-12,2020-09-12 16:30:58,316,332,e461247db31cc61da7b04336086da08e,False,False,미라벨,6.0,134,16,1,1,128,143.0,0.2431942961720299,True,True,정상
002_20200912_163101(7),1호기,20200912,2,2020-09-12,2020-09-12 16:31:01,316,332,d914d7aab8f4df7217de97f5f8029bb0,False,False,미라벨,3.0,134,16,1,1,128,143.0,0.24258426109501297,True,True,정상
002_20200912_163104(6),1호기,20200912,2,2020-09-12,2020-09-12 16:31:04,316,332,1c3e01e0022521431b73438c54cdc380,False,False,미라벨,3.0,134,16,1,1,128,144.0,0.24251753850846425,True,True,정상
002_20200912_163113(5),1호기,20200912,2,2020-09-12,2020-09-12 16:31:13,316,332,a658ea0817f631a60e7a792045bf9b66,False,False,미라벨,9.0,134,16,1,1,128,143.0,0.2415548269025469,True,True,정상
002_20200912_163116(5),1호기,20200912,2,2020-09-12,2020-09-12 16:31:16,316,332,5fa9fa59122c8eb440f215b8a16cdc75,False,False,미라벨,3.0,134,16,1,1,128,143.0,0.24339446393167607,True,True,정상
002_20200912_202615(3),1호기,20200912,2,2020-09-12,2020-09-12 20:26:15,316,332,d07a5be8855bdc01e0d1b056d5027233,False,False,미라벨,14099.0,135,20,1,1,128,143.0,0.23982003965228,True,True,정상
002_20200912_202619(7),1호기,20200912,2,2020-09-12,2020-09-12 20:26:19,316,332,7c9122e864cf72b5eace13afaabeda54,False,False,미라벨,4.0,135,20,1,1,128,144.0,0.24217439377764222,True,True,정상
002_20200912_202628(8),1호기,20200912,2,2020-09-12,2020-09-12 20:26:28,316,332,5980248f72f395580583901838fafda3,False,False,미라벨,9.0,135,20,1,1,128,146.0,0.24834146713436023,True,True,정상
002_20200912_202633(1),1호기,20200912,2,2020-09-12,2020-09-12 20:26:33,316,332,9070a2f0ad28d2eab599fd2329dcc590,False,False,미라벨,5.0,135,20,1,1,128,147.0,0.24824614915357632,True,True,정상
002_20200912_202637(8),1호기,20200912,2,2020-09-12,2020-09-12 20:26:37,316,332,305b62571fcdd4106621279e77dcc755,False,False,미라벨,4.0,135,20,1,1,128,147.0,0.24611102638401708,True,True,정상
002_20200912_202646(7),1호기,20200912,2,2020-09-12,2020-09-12 20:26:46,316,332,e77d9e84b1832c23f7d85366c87bc065,False,False,미라벨,9.0,135,20,1,1,128,146.0,0.24530082354735397,True,True,정상
002_20200914_082846(9),1호기,20200914,2,2020-09-14,2020-09-14 08:28:46,316,332,344d5f690f31109c2ac79f9d5f0bfda8,False,False,미라벨,129720.0,136,8,1,1,128,144.0,0.2542702455391185,True,True,정상
002_20200914_082856(2),1호기,20200914,2,2020-09-14,2020-09-14 08:28:56,316,332,15550103c3c73f7fbcfdc74d46d61e69,False,False,미라벨,10.0,136,8,1,1,128,145.0,0.255947842000915,True,True,정상
002_20200914_082904(6),1호기,20200914,2,2020-09-14,2020-09-14 08:29:04,316,332,77db7306edf378c394e214ea0573b912,False,False,미라벨,8.0,136,8,1,1,128,145.0,0.2555189110873875,True,True,정상
002_20200914_082910(5),1호기,20200914,2,2020-09-14,2020-09-14 08:29:10,316,332,bedaa76576f84f819b9a4a29d06d70a5,False,False,미라벨,6.0,136,8,1,1,128,138.0,0.23623608357480555,True,True,정상
002_20200914_082918(3),1호기,20200914,2,2020-09-14,2020-09-14 08:29:18,316,332,1281b0474c445808fb019f980bd8fe74,False,False,미라벨,8.0,136,8,1,1,128,142.0,0.245643968278176,True,True,정상
002_20200914_082925(8),1호기,20200914,2,2020-09-14,2020-09-14 08:29:25,316,332,c26eea5fd447f3a3f3541d9af5e9df95,False,False,미라벨,7.0,136,8,1,1,128,142.0,0.24423326216257435,True,True,정상
002_20200914_123926(8),1호기,20200914,2,2020-09-14,2020-09-14 12:39:26,316,332,8ce941bbddb4ec5439d1ba92efb780ac,False,False,미라벨,15001.0,137,12,1,1,128,142.0,0.24007739820039653,True,True,정상
002_20200914_123931(3),1호기,20200914,2,2020-09-14,2020-09-14 12:39:31,316,332,248b99ce2a0714896710f6870b8d915d,False,False,미라벨,5.0,137,12,1,1,128,141.0,0.24270817447003204,True,True,정상
002_20200914_123935(7),1호기,20200914,2,2020-09-14,2020-09-14 12:39:35,316,332,849176f9faa972ef0fd0fef3318b3f40,False,False,미라벨,4.0,137,12,1,1,128,141.0,0.24269864267195362,True,True,정상
002_20200914_123940(1),1호기,20200914,2,2020-09-14,2020-09-14 12:39:40,316,332,372d7a0c026b5f40df6f0fd229bec56f,False,False,미라벨,5.0,137,12,1,1,128,145.0,0.25140117431752323,True,True,정상
002_20200914_123944(7),1호기,20200914,2,2020-09-14,2020-09-14 12:39:44,316,332,7e26e106a19f9ad29e049989eb8a1acb,False,False,미라벨,4.0,137,12,1,1,128,145.0,0.2519444868079915,True,True,정상
002_20200914_123949(5),1호기,20200914,2,2020-09-14,2020-09-14 12:39:49,316,332,72f8cbb81fe968d1fa90b264401c9243,False,False,미라벨,5.0,137,12,1,1,128,145.0,0.2520779319810889,True,True,정상
002_20200914_163056(7),1호기,20200914,2,2020-09-14,2020-09-14 16:30:56,316,332,bf20661a574bcd477fcd5dc4c32e3165,False,False,미라벨,13867.0,138,16,1,1,128,144.0,0.25322174775049566,True,True,정상
002_20200914_163101(1),1호기,20200914,2,2020-09-14,2020-09-14 16:31:01,316,332,fe122b1c09743e674e8c3848841de08a,False,False,미라벨,5.0,138,16,1,1,128,144.0,0.2525545218850084,True,True,정상
002_20200914_163105(7),1호기,20200914,2,2020-09-14,2020-09-14 16:31:05,316,332,47bafe12816d2284870fb3abd7a8297b,False,False,미라벨,4.0,138,16,1,1,136,144.0,0.25232575873112706,True,True,정상
002_20200914_163110(1),1호기,20200914,2,2020-09-14,2020-09-14 16:31:10,316,332,0b9cf1c8f0a7efce7215b38e455e54fa,False,False,미라벨,5.0,138,16,1,1,128,142.0,0.24279396065273753,True,True,정상
002_20200914_163114(5),1호기,20200914,2,2020-09-14,2020-09-14 16:31:14,316,332,d11b5746da8c58d33a8fd87443744d55,False,False,미라벨,4.0,138,16,1,1,128,142.0,0.24324195516242184,True,True,정상
002_20200914_163119(3),1호기,20200914,2,2020-09-14,2020-09-14 16:31:19,316,332,8c3fc4956815085854da0ae107e80c66,False,False,미라벨,5.0,138,16,1,1,128,142.0,0.2421839255757206,True,True,정상
002_20200914_202928(5),1호기,20200914,2,2020-09-14,2020-09-14 20:29:28,316,332,7297b83e5c0ec21cf55915351e4c3575,False,False,미라벨,14289.0,139,20,1,1,128,142.0,0.24309897819124598,True,True,정상
002_20200914_202931(6),1호기,20200914,2,2020-09-14,2020-09-14 20:29:31,316,332,0396775ed7122d98a1358173f3e1cf72,False,False,미라벨,3.0,139,20,1,1,128,143.0,0.244004499008693,True,True,정상
002_20200914_202934(5),1호기,20200914,2,2020-09-14,2020-09-14 20:29:34,316,332,f04c7e5b310f879cd536f7d5ecc5d692,False,False,미라벨,3.0,139,20,1,1,128,143.0,0.24360416348940064,True,True,정상
002_20200914_202937(6),1호기,20200914,2,2020-09-14,2020-09-14 20:29:37,316,332,4a01e420d3730c7c0c0422a2672c21fe,False,False,미라벨,3.0,139,20,1,1,128,142.0,0.2440807533933201,True,True,정상
002_20200914_202943(5),1호기,20200914,2,2020-09-14,2020-09-14 20:29:43,316,332,ebb95edf238375f33ac6ee5652bd8892,False,False,미라벨,6.0,139,20,1,1,128,143.0,0.243832926643282,True,True,정상
002_20200914_202948(1),1호기,20200914,2,2020-09-14,2020-09-14 20:29:48,316,332,f28d0699ffb3b7c3ce05e93fd7cb1125,False,False,미라벨,5.0,139,20,1,1,128,143.0,0.24423326216257435,True,True,정상
002_20200915_003458(4),1호기,20200915,2,2020-09-15,2020-09-15 00:34:58,316,332,edb88a5071fafe1b0dc5853e7f74d790,False,False,미라벨,14710.0,140,0,1,1,128,143.0,0.24479563824919934,True,True,정상
002_20200915_003505(7),1호기,20200915,2,2020-09-15,2020-09-15 00:35:05,316,332,f5aca6edaaa8b29bb8a4dbf9beeafad6,False,False,미라벨,7.0,140,0,1,1,128,143.0,0.2457202226628031,True,True,정상
002_20200915_003510(7),1호기,20200915,2,2020-09-15,2020-09-15 00:35:10,316,332,ee48e785b40000b2dce5a6152b48a1eb,False,False,미라벨,5.0,140,0,1,1,128,143.0,0.24576788165319505,True,True,정상
002_20200915_003515(6),1호기,20200915,2,2020-09-15,2020-09-15 00:35:15,316,332,7ddda446f0da43d830fcd872c2abae37,False,False,미라벨,5.0,140,0,1,1,128,142.0,0.2411830867774897,True,True,정상
002_20200915_003523(1),1호기,20200915,2,2020-09-15,2020-09-15 00:35:23,316,332,f30a1e814d6980775ced65b3f25f5f20,False,False,미라벨,8.0,140,0,1,1,128,142.0,0.24084947384474606,True,True,정상
002_20200915_003532(1),1호기,20200915,2,2020-09-15,2020-09-15 00:35:32,316,332,73c4f9fe5c541b976b8366544449c3f6,False,False,미라벨,9.0,140,0,1,1,128,139.0,0.23186098825682477,True,True,정상
002_20200915_043352(7),1호기,20200915,2,2020-09-15,2020-09-15 04:33:52,316,332,fdbd879fe302d8e33fed7e59cccd2f98,False,False,미라벨,14300.0,141,4,1,1,128,137.0,0.23003088302577399,True,True,정상
002_20200915_043355(3),1호기,20200915,2,2020-09-15,2020-09-15 04:33:55,316,332,3b82487122f7b3a542f7401d1e9a1e39,False,False,미라벨,3.0,141,4,1,1,128,139.0,0.2347395912764984,True,True,정상
002_20200915_043358(1),1호기,20200915,2,2020-09-15,2020-09-15 04:33:58,316,332,7fe5ad7562ff5c5cdae1bf9ea2f692ab,False,False,미라벨,3.0,141,4,1,1,128,139.0,0.23124142138172946,True,True,정상
002_20200915_043401(0),1호기,20200915,2,2020-09-15,2020-09-15 04:34:01,316,332,73f63f096bcaea5e0b68ef130c0cf613,False,False,미라벨,3.0,141,4,1,1,128,138.0,0.23076483147780996,True,True,정상
002_20200915_043406(9),1호기,20200915,2,2020-09-15,2020-09-15 04:34:06,316,332,dc1a8085ae754e1d7149387fdc20eaac,False,False,미라벨,5.0,141,4,1,1,128,138.0,0.23050747292969345,True,True,정상
002_20200915_043416(7),1호기,20200915,2,2020-09-15,2020-09-15 04:34:16,316,332,3f6d5f863aed4c43bc6e12fda53b65f6,False,False,미라벨,10.0,141,4,1,1,128,140.0,0.23447270093030348,True,True,정상
002_20200915_083053(7),1호기,20200915,2,2020-09-15,2020-09-15 08:30:53,316,332,b38ae996a464b487471e0f89abba72b2,False,False,미라벨,14197.0,142,8,1,1,128,141.0,0.24240315693152356,True,True,정상
002_20200915_083056(7),1호기,20200915,2,2020-09-15,2020-09-15 08:30:56,316,332,591af46153b8f664c55b3ab1c952cfeb,False,False,미라벨,3.0,142,8,1,1,128,143.0,0.2434516547201464,True,True,정상
002_20200915_083101(1),1호기,20200915,2,2020-09-15,2020-09-15 08:31:01,316,332,f9af0717af7fb399f5ecde0ae43fb207,False,False,미라벨,5.0,142,8,1,1,128,143.0,0.24552958670123531,True,True,정상
002_20200915_083104(1),1호기,20200915,2,2020-09-15,2020-09-15 08:31:04,316,332,752c49f56bbb3a17c5d457cbfa650b9e,False,False,미라벨,3.0,142,8,1,1,128,146.0,0.25509951197193836,True,True,정상
002_20200915_083107(1),1호기,20200915,2,2020-09-15,2020-09-15 08:31:07,316,332,2a7f277d57deb3feec1f8023aa022473,False,False,미라벨,3.0,142,8,1,1,128,146.0,0.25427977733719687,True,True,정상
002_20200915_083117(6),1호기,20200915,2,2020-09-15,2020-09-15 08:31:17,316,332,f792265f14552ab536296daa60f648a1,False,False,미라벨,10.0,142,8,1,1,128,146.0,0.25486121701997866,True,True,정상
002_20200915_123113(2),1호기,20200915,2,2020-09-15,2020-09-15 12:31:13,316,332,8bff5632a39cfd711f9e4f041dbb53ba,False,False,미라벨,14396.0,143,12,1,1,128,142.0,0.24287974683544303,True,True,정상
002_20200915_123117(6),1호기,20200915,2,2020-09-15,2020-09-15 12:31:17,316,332,b3235b48fe3683c1ec0221934fec410b,False,False,미라벨,4.0,143,12,1,1,128,142.0,0.24303225560469727,True,True,정상
002_20200915_123126(5),1호기,20200915,2,2020-09-15,2020-09-15 12:31:26,316,332,ae09ff32f984f19c82e7deb0c08991ba,False,False,미라벨,9.0,143,12,1,1,128,142.0,0.24294646942199177,True,True,정상
002_20200915_123131(1),1호기,20200915,2,2020-09-15,2020-09-15 12:31:31,316,332,33924dbd7ad7a438598355200131d93a,False,False,미라벨,5.0,143,12,1,1,128,147.0,0.25606222357785574,True,True,정상
002_20200915_123135(7),1호기,20200915,2,2020-09-15,2020-09-15 12:31:35,316,332,cd3df67e613f913babfa4a72ec68f615,False,False,미라벨,4.0,143,12,1,1,136,146.0,0.25467058105841084,True,True,정상
002_20200915_123140(1),1호기,20200915,2,2020-09-15,2020-09-15 12:31:40,316,332,9d9f3e97509702578502dde7a2f49348,False,False,미라벨,5.0,143,12,1,1,128,146.0,0.25501372578923287,True,True,정상
002_20200915_163129(0),1호기,20200915,2,2020-09-15,2020-09-15 16:31:29,316,332,40521a420db5f9536b599b73f5aca96a,False,False,미라벨,14389.0,144,16,1,1,136,146.0,0.25406054598139394,True,True,정상
002_20200915_163133(5),1호기,20200915,2,2020-09-15,2020-09-15 16:31:33,316,332,04e0e9d3ce7f24a12db9a50c374fc972,False,False,미라벨,4.0,144,16,1,1,128,147.0,0.254184459356413,True,True,정상
002_20200915_163144(0),1호기,20200915,2,2020-09-15,2020-09-15 16:31:44,316,332,57b7e84098ba5ec31f03b392e4b0f5ce,False,False,미라벨,11.0,144,16,1,1,128,147.0,0.2555761018758579,True,True,정상
002_20200915_163154(5),1호기,20200915,2,2020-09-15,2020-09-15 16:31:54,316,332,2669ad386e52f8be315841475f0f8413,False,False,미라벨,10.0,144,16,1,1,128,143.0,0.24260332469116974,True,True,정상
002_20200915_163158(9),1호기,20200915,2,2020-09-15,2020-09-15 16:31:58,316,332,587d51e3bb373df9ce026622965a311c,False,False,미라벨,4.0,144,16,1,1,128,143.0,0.2456344364800976,True,True,정상
002_20200915_163203(4),1호기,20200915,2,2020-09-15,2020-09-15 16:32:03,316,332,738543e0daa9987bf4599cae56c0fbc0,False,False,미라벨,5.0,144,16,1,1,128,143.0,0.24485282903766967,True,True,정상
002_20200915_203209(5),1호기,20200915,2,2020-09-15,2020-09-15 20:32:09,316,332,0808e36c207d8ae00e5f57d4c1b49090,False,False,미라벨,14406.0,145,20,1,1,128,144.0,0.24685450663413147,True,True,정상
002_20200915_203212(5),1호기,20200915,2,2020-09-15,2020-09-15 20:32:12,316,332,70b35edbf1b51089eb22eb28bfb75b2b,False,False,미라벨,3.0,145,20,1,1,128,143.0,0.2439377764221443,True,True,정상
002_20200915_203215(5),1호기,20200915,2,2020-09-15,2020-09-15 20:32:15,316,332,8e5f03f4068ec21ec54ddb3e83962b23,False,False,미라벨,3.0,145,20,1,1,128,143.0,0.24633025773982004,True,True,정상
002_20200915_203218(5),1호기,20200915,2,2020-09-15,2020-09-15 20:32:18,316,332,8f7c29d8c347988751c7c4fa36d45564,False,False,미라벨,3.0,145,20,1,1,128,142.0,0.2413641909409791,True,True,정상
002_20200915_203224(4),1호기,20200915,2,2020-09-15,2020-09-15 20:32:24,316,332,bcde1584aa23cf00e3b634036687fabb,False,False,미라벨,6.0,145,20,1,1,128,141.0,0.2358262162574348,True,True,정상
002_20200915_203229(1),1호기,20200915,2,2020-09-15,2020-09-15 20:32:29,316,332,aecaf30754128a8a8c17c955d5ec8fda,False,False,미라벨,5.0,145,20,1,1,128,143.0,0.24190750343144732,True,True,정상
002_20200916_003104(1),1호기,20200916,2,2020-09-16,2020-09-16 00:31:04,316,332,fd2531f8c7c6c4273adf79e55bcb9eba,False,False,미라벨,14315.0,146,0,1,1,128,145.0,0.25175385084642365,True,True,정상
002_20200916_003107(1),1호기,20200916,2,2020-09-16,2020-09-16 00:31:07,316,332,3dc910b0eb37447931f6bdf04db38fb5,False,False,미라벨,3.0,146,0,1,1,128,147.0,0.2543179045295105,True,True,정상
002_20200916_003110(0),1호기,20200916,2,2020-09-16,2020-09-16 00:31:10,316,332,9af29c681dcf230f960aa7813d22c820,False,False,미라벨,3.0,146,0,1,1,128,147.0,0.255261552539271,True,True,정상
002_20200916_003113(0),1호기,20200916,2,2020-09-16,2020-09-16 00:31:13,316,332,cb65cfd2df25b215577a5df78bbdc67a,False,False,미라벨,3.0,146,0,1,1,128,146.0,0.2547658990391948,True,True,정상
002_20200916_003115(9),1호기,20200916,2,2020-09-16,2020-09-16 00:31:15,316,332,c6ae60faa6f30aa778262d42fcad547f,False,False,미라벨,2.0,146,0,1,1,128,147.0,0.25485168522190027,True,True,정상
002_20200916_003118(8),1호기,20200916,2,2020-09-16,2020-09-16 00:31:18,316,332,4b5992319f7380de79c2e6bd239108d2,False,False,미라벨,3.0,146,0,1,1,128,147.0,0.2554998474912307,True,True,정상
002_20200916_043147(8),1호기,20200916,2,2020-09-16,2020-09-16 04:31:47,316,332,bb21595af0cd506cf0e80b0cc545cbe4,False,False,미라벨,14429.0,147,4,1,1,128,146.0,0.2566150678664023,True,True,정상
002_20200916_043150(7),1호기,20200916,2,2020-09-16,2020-09-16 04:31:50,316,332,7e2d9b23ab7ab6a55ab11ff53aaa3978,False,False,미라벨,3.0,147,4,1,1,128,147.0,0.2554521885008388,True,True,정상
002_20200916_043153(7),1호기,20200916,2,2020-09-16,2020-09-16 04:31:53,316,332,286d6f0379682a951a078fbb4789fdaa,False,False,미라벨,3.0,147,4,1,1,128,147.0,0.2563481775202074,True,True,정상
002_20200916_043156(6),1호기,20200916,2,2020-09-16,2020-09-16 04:31:56,316,332,c84336c2fd9adf032930f39747f6e3d2,False,False,미라벨,3.0,147,4,1,1,136,147.0,0.25567141985664177,True,True,정상
002_20200916_043202(6),1호기,20200916,2,2020-09-16,2020-09-16 04:32:02,316,332,31a3f5d10dbb716d78233f2e1df6bcf6,False,False,미라벨,6.0,147,4,1,1,128,148.0,0.25650068628946165,True,True,정상
002_20200916_043211(3),1호기,20200916,2,2020-09-16,2020-09-16 04:32:11,316,332,6c9fe131a3c937fdc93ab0bd63c922cf,False,False,미라벨,9.0,147,4,1,1,128,147.0,0.257463397895379,True,True,정상
002_20200916_083037(0),1호기,20200916,2,2020-09-16,2020-09-16 08:30:37,316,332,0be3a008c31ae48ce841a00d64ff0862,False,False,미라벨,14306.0,148,8,1,1,128,143.0,0.24802691779777336,True,True,정상
002_20200916_083045(8),1호기,20200916,2,2020-09-16,2020-09-16 08:30:45,316,332,74bb55e2ae1618b264ea09d642809906,False,False,미라벨,8.0,148,8,1,1,128,146.0,0.25433696812566725,True,True,정상
002_20200916_083050(2),1호기,20200916,2,2020-09-16,2020-09-16 08:30:50,316,332,edbaa66df96298299df5ccfce4136c3e,False,False,미라벨,5.0,148,8,1,1,136,146.0,0.2544608815006863,True,True,정상
002_20200916_083057(6),1호기,20200916,2,2020-09-16,2020-09-16 08:30:57,316,332,fd98b32c4de4ea00cf7664c913b4c634,False,False,미라벨,7.0,148,8,1,1,128,142.0,0.2401727161811804,True,True,정상
002_20200916_083106(3),1호기,20200916,2,2020-09-16,2020-09-16 08:31:06,316,332,e37d4ae579a60099e597259f8ed0d050,False,False,미라벨,9.0,148,8,1,1,128,143.0,0.24075415586396218,True,True,정상
002_20200916_083126(7),1호기,20200916,2,2020-09-16,2020-09-16 08:31:26,316,332,4a56e787214eacf7f4fbe1d476868bda,False,False,미라벨,20.0,148,8,1,1,128,143.0,0.24188843983529054,True,True,정상
002_20200916_122636(6),1호기,20200916,2,2020-09-16,2020-09-16 12:26:36,316,332,9edd7154e00cdd1ac0931b558686b404,False,False,미라벨,14110.0,149,12,1,1,128,143.0,0.23863809669055971,True,True,정상
002_20200916_122641(1),1호기,20200916,2,2020-09-16,2020-09-16 12:26:41,316,332,da5b872e3c71f69c5f46f1b4dead77ba,False,False,미라벨,5.0,149,12,1,1,136,143.0,0.23888592344059784,True,True,정상
002_20200916_122645(6),1호기,20200916,2,2020-09-16,2020-09-16 12:26:45,316,332,edb0b0d2535aa87231b467205583ff73,False,False,미라벨,4.0,149,12,1,1,128,143.0,0.24122121396980326,True,True,정상
002_20200916_122650(1),1호기,20200916,2,2020-09-16,2020-09-16 12:26:50,316,332,2e55078b4252861ffcf5f96a6525eadc,False,False,미라벨,5.0,149,12,1,1,136,146.0,0.2509150526155254,True,True,정상
002_20200916_122654(7),1호기,20200916,2,2020-09-16,2020-09-16 12:26:54,316,332,4ceaad199fa4133a09b37d8f0ad38294,False,False,미라벨,4.0,149,12,1,1,128,146.0,0.2508387982308983,True,True,정상
002_20200916_122659(2),1호기,20200916,2,2020-09-16,2020-09-16 12:26:59,316,332,dd7c7d99981b1f3d62bdc58d5036506d,False,False,미라벨,5.0,149,12,1,1,128,147.0,0.2506100350770169,True,True,정상
002_20200916_203122(3),1호기,20200916,2,2020-09-16,2020-09-16 20:31:22,316,332,92896d1bc74d5d5ad3854e1872f438da,False,False,미라벨,29063.0,150,20,1,1,128,147.0,0.2535458288851609,True,True,정상
002_20200916_203126(3),1호기,20200916,2,2020-09-16,2020-09-16 20:31:26,316,332,46b0900adde0cc664f99d454f900ba47,False,False,미라벨,4.0,150,20,1,1,128,146.0,0.25369833765441513,True,True,정상
002_20200916_203130(2),1호기,20200916,2,2020-09-16,2020-09-16 20:31:30,316,332,cd97e1015fe48dfc27d1e23a2be6f6be,False,False,미라벨,4.0,150,20,1,1,128,146.0,0.2522876315388135,True,True,정상
002_20200916_203134(2),1호기,20200916,2,2020-09-16,2020-09-16 20:31:34,316,332,c446ff3a9162f42f5bd510863adc9a2b,False,False,미라벨,4.0,150,20,1,1,136,146.0,0.2531168979716334,True,True,정상
002_20200916_203138(2),1호기,20200916,2,2020-09-16,2020-09-16 20:31:38,316,332,0eabe980eeb8ad9d770b2ad105726393,False,False,미라벨,4.0,150,20,1,1,128,145.0,0.2503050175385085,True,True,정상
002_20200916_203142(2),1호기,20200916,2,2020-09-16,2020-09-16 20:31:42,316,332,c8027a9caf522c949da4c54027a18214,False,False,미라벨,4.0,150,20,1,1,128,144.0,0.24864648467286868,True,True,정상
002_20200917_003202(9),1호기,20200917,2,2020-09-17,2020-09-17 00:32:02,316,332,cc179169fae0c3046c2ae55aa3527a83,False,False,미라벨,14420.0,151,0,1,1,128,147.0,0.25548078389507395,True,True,정상
002_20200917_003206(8),1호기,20200917,2,2020-09-17,2020-09-17 00:32:06,316,332,b3cfaf971f7c475a801705098b3f805b,False,False,미라벨,4.0,151,0,1,1,128,146.0,0.25233529052920545,True,True,정상
002_20200917_003210(8),1호기,20200917,2,2020-09-17,2020-09-17 00:32:10,316,332,16c06432fc6daedb8f3433b3a168c1cd,False,False,미라벨,4.0,151,0,1,1,128,145.0,0.25293579380814396,True,True,정상
002_20200917_003214(8),1호기,20200917,2,2020-09-17,2020-09-17 00:32:14,316,332,f32a86725642dfdde2da40a520db3180,False,False,미라벨,4.0,151,0,1,1,128,146.0,0.25406054598139394,True,True,정상
002_20200917_003218(8),1호기,20200917,2,2020-09-17,2020-09-17 00:32:18,316,332,825b4b8a0beceffd91392679e3a93ec1,False,False,미라벨,4.0,151,0,1,1,128,145.0,0.25277375324081136,True,True,정상
002_20200917_003222(9),1호기,20200917,2,2020-09-17,2020-09-17 00:32:22,316,332,d2fe79ee859530129790d905e41e8cd2,False,False,미라벨,4.0,151,0,1,1,128,144.0,0.2484463169132225,True,True,정상
002_20200917_043057(1),1호기,20200917,2,2020-09-17,2020-09-17 04:30:57,316,332,80d5daf204caee67963b438e8487db3c,False,False,미라벨,14315.0,152,4,1,1,128,146.0,0.2547373036449596,True,True,정상
002_20200917_043101(1),1호기,20200917,2,2020-09-17,2020-09-17 04:31:01,316,332,0bb4976704a49984f66b1d4873a95e77,False,False,미라벨,4.0,152,4,1,1,128,147.0,0.2570821259722434,True,True,정상
002_20200917_043105(2),1호기,20200917,2,2020-09-17,2020-09-17 04:31:05,316,332,2165e437dd06918bf61dfb145351d5e5,False,False,미라벨,4.0,152,4,1,1,128,147.0,0.25761590666463324,True,True,정상
002_20200917_043109(1),1호기,20200917,2,2020-09-17,2020-09-17 04:31:09,316,332,26dffe348d88df7d0732b6d98c65fae9,False,False,미라벨,4.0,152,4,1,1,136,148.0,0.25694868079914596,True,True,정상
002_20200917_043113(2),1호기,20200917,2,2020-09-17,2020-09-17 04:31:13,316,332,64a1b3c8e0d3e54a7d2e73f519b66c7d,False,False,미라벨,4.0,152,4,1,1,136,148.0,0.2566341314625591,True,True,정상
002_20200917_043117(2),1호기,20200917,2,2020-09-17,2020-09-17 04:31:17,316,332,2672b1a9dead7307331bf0a7c06f92ff,False,False,미라벨,4.0,152,4,1,1,128,148.0,0.2559097148086015,True,True,정상
002_20200917_083653(7),1호기,20200917,2,2020-09-17,2020-09-17 08:36:53,316,332,ed5aae8007a4e97343c89a9ab506a5ec,False,False,미라벨,14736.0,153,8,1,1,128,143.0,0.24469078847033704,True,True,정상
002_20200917_083659(5),1호기,20200917,2,2020-09-17,2020-09-17 08:36:59,316,332,6d1495c73915bd2d8954f86c2b24514a,False,False,미라벨,6.0,153,8,1,1,128,143.0,0.24378526765289005,True,True,정상
002_20200917_083703(5),1호기,20200917,2,2020-09-17,2020-09-17 08:37:03,316,332,9b38243924eeb0e31ca38568fd0d1649,False,False,미라벨,4.0,153,8,1,1,128,144.0,0.24392824462406587,True,True,정상
002_20200917_083707(4),1호기,20200917,2,2020-09-17,2020-09-17 08:37:07,316,332,a5f42fdc3276d26bec3d28b389a32a19,False,False,미라벨,4.0,153,8,1,1,128,144.0,0.24711186518224798,True,True,정상
002_20200917_083711(6),1호기,20200917,2,2020-09-17,2020-09-17 08:37:11,316,332,40aaffe7b26f2043dd983bcb3fb7ace9,False,False,미라벨,4.0,153,8,1,1,128,147.0,0.2529071984139088,True,True,정상
002_20200917_083721(4),1호기,20200917,2,2020-09-17,2020-09-17 08:37:21,316,332,4704ae82faca39f271814eb3f7938b5a,False,False,미라벨,10.0,153,8,1,1,128,147.0,0.2534123837120634,True,True,정상
002_20200917_123052(0),1호기,20200917,2,2020-09-17,2020-09-17 12:30:52,316,332,72730e9e6ade2b94797ac2da02a69c41,False,False,미라벨,14011.0,154,12,1,1,128,147.0,0.2544418179045295,True,True,정상
002_20200917_123056(0),1호기,20200917,2,2020-09-17,2020-09-17 12:30:56,316,332,8bec08390e635a4a1457b062263d8485,False,False,미라벨,4.0,154,12,1,1,128,147.0,0.2534123837120634,True,True,정상
002_20200917_123100(0),1호기,20200917,2,2020-09-17,2020-09-17 12:31:00,316,332,b2bad8940f7cedaea21e86a4602adbd4,False,False,미라벨,4.0,154,12,1,1,128,146.0,0.2533551929235931,True,True,정상
002_20200917_123116(1),1호기,20200917,2,2020-09-17,2020-09-17 12:31:16,316,332,9c1942382e2b2abe8f1074b58836da0c,False,False,미라벨,16.0,154,12,1,1,128,143.0,0.23985816684459357,True,True,정상
002_20200917_123120(2),1호기,20200917,2,2020-09-17,2020-09-17 12:31:20,316,332,95dc0d6b32b55f44d7b50785dacd71b5,False,False,미라벨,4.0,154,12,1,1,128,142.0,0.2388382644502059,True,True,정상
002_20200917_123124(2),1호기,20200917,2,2020-09-17,2020-09-17 12:31:24,316,332,ca34a949621a121bf9de832527efd30f,False,False,미라벨,4.0,154,12,1,1,128,142.0,0.24032522495043465,True,True,정상
002_20200917_162809(7),1호기,20200917,2,2020-09-17,2020-09-17 16:28:09,316,332,30c4c138260bf5292cfa8e4656bb1314,False,False,미라벨,14205.0,155,16,1,1,128,143.0,0.23932438615220375,True,True,정상
002_20200917_162813(7),1호기,20200917,2,2020-09-17,2020-09-17 16:28:13,316,332,4de3f73c5576f238b02074034cfbc776,False,False,미라벨,4.0,155,16,1,1,128,142.0,0.24139278633521427,True,True,정상
002_20200917_162817(7),1호기,20200917,2,2020-09-17,2020-09-17 16:28:17,316,332,135f45e4b9755aa29470988beddc8a4d,False,False,미라벨,4.0,155,16,1,1,128,143.0,0.24321335976818667,True,True,정상
002_20200917_162821(7),1호기,20200917,2,2020-09-17,2020-09-17 16:28:21,316,332,57a38419d1c38d987ce66854b8a142f6,False,False,미라벨,4.0,155,16,1,1,128,146.0,0.25152508769254234,True,True,정상
002_20200917_162825(6),1호기,20200917,2,2020-09-17,2020-09-17 16:28:25,316,332,3f39c2fe8556719cd8c0e00cd977753c,False,False,미라벨,4.0,155,16,1,1,128,147.0,0.25501372578923287,True,True,정상
002_20200917_162829(8),1호기,20200917,2,2020-09-17,2020-09-17 16:28:29,316,332,38715d2d08d0ad9a832b927e6eeee01f,False,False,미라벨,4.0,155,16,1,1,128,147.0,0.25347910629861214,True,True,정상
002_20200917_202944(0),1호기,20200917,2,2020-09-17,2020-09-17 20:29:44,316,332,3c01a880dc9ae1655836ebe17f80dd30,False,False,미라벨,14475.0,156,20,1,1,128,143.0,0.24045867012353211,True,True,정상
002_20200917_202952(6),1호기,20200917,2,2020-09-17,2020-09-17 20:29:52,316,332,3b333cbb43e2319d7814cd24f5459e0d,False,True,제외(튜토리얼),8.0,156,20,1,1,128,144.0,0.246549489095623,True,True,정상
002_20200917_202955(7),1호기,20200917,2,2020-09-17,2020-09-17 20:29:55,316,332,e16d76ca96fba25ff053d054fd33f85d,False,False,미라벨,3.0,156,20,1,1,128,146.0,0.2469974836053073,True,True,정상
002_20200917_202958(6),1호기,20200917,2,2020-09-17,2020-09-17 20:29:58,316,332,ff1fc7d784d68198675b99e0a376c188,False,False,미라벨,3.0,156,20,1,1,136,146.0,0.2473596919322861,True,True,정상
002_20200917_203001(5),1호기,20200917,2,2020-09-17,2020-09-17 20:30:01,316,332,ced0072bf368c54ef18d17d8dd22bf16,False,True,제외(튜토리얼),3.0,156,20,1,1,128,146.0,0.247283437547659,True,True,정상
002_20200917_203004(3),1호기,20200917,2,2020-09-17,2020-09-17 20:30:04,316,332,52ffed8ee6abb62cc27866c3939c081f,False,False,미라벨,3.0,156,20,1,1,128,146.0,0.2469879518072289,True,True,정상
002_20200918_003438(7),1호기,20200918,2,2020-09-18,2020-09-18 00:34:38,316,332,975ec61a5096452f2ead4eb6f87649a6,False,False,미라벨,14674.0,157,0,1,1,128,147.0,0.2566913222510294,True,True,정상
002_20200918_003442(6),1호기,20200918,2,2020-09-18,2020-09-18 00:34:42,316,332,09ff8602f7991593a52c3525d9f907e7,False,False,미라벨,4.0,157,0,1,1,128,150.0,0.25711072136647856,True,True,정상
002_20200918_003445(5),1호기,20200918,2,2020-09-18,2020-09-18 00:34:45,316,332,f81d2eab60342facf7759ca93dc308a8,False,False,미라벨,3.0,157,0,1,1,128,148.0,0.25659600427024554,True,True,정상
002_20200918_003448(4),1호기,20200918,2,2020-09-18,2020-09-18 00:34:48,316,332,fd9168d231eb4f0867804577f662e86a,False,False,미라벨,3.0,157,0,1,1,128,148.0,0.25678664023181336,True,True,정상
002_20200918_003451(0),1호기,20200918,2,2020-09-18,2020-09-18 00:34:51,316,332,bc3b2b55c5ea8778fa95ae5aa02d9752,False,False,미라벨,3.0,157,0,1,1,128,148.0,0.25611941436632607,True,True,정상
002_20200918_003453(6),1호기,20200918,2,2020-09-18,2020-09-18 00:34:53,316,332,8fad31ebbbfc5abb8e6ed2cbbc386657,False,False,미라벨,2.0,157,0,1,1,128,148.0,0.25622426414518834,True,True,정상
002_20200918_043330(3),1호기,20200918,2,2020-09-18,2020-09-18 04:33:30,316,332,659cadeeb711f7ea81a3677e2940254d,False,False,미라벨,14317.0,158,4,1,1,128,147.0,0.25838798230898274,True,True,정상
002_20200918_043332(9),1호기,20200918,2,2020-09-18,2020-09-18 04:33:32,316,332,171c9bd3e4036c8f212e2592c849d289,False,False,미라벨,2.0,158,4,1,1,128,147.0,0.25844517309745313,True,True,정상
002_20200918_043335(6),1호기,20200918,2,2020-09-18,2020-09-18 04:33:35,316,332,7e29aa4c2637437738ba28b4ccb34895,False,False,미라벨,3.0,158,4,1,1,128,147.0,0.2565483452798536,True,True,정상
002_20200918_043338(2),1호기,20200918,2,2020-09-18,2020-09-18 04:33:38,316,332,05df8635ba87f607b768fcfceabd7da7,False,False,미라벨,3.0,158,4,1,1,128,147.0,0.25649115449138327,True,True,정상
002_20200918_043341(9),1호기,20200918,2,2020-09-18,2020-09-18 04:33:41,316,332,6a995af1b189c1ceca429585125362d6,False,False,미라벨,3.0,158,4,1,1,136,148.0,0.25712978496263533,True,True,정상
002_20200918_043345(9),1호기,20200918,2,2020-09-18,2020-09-18 04:33:45,316,332,24b2e5dfd76e6d84d44f85cb28a65025,False,False,미라벨,4.0,158,4,1,1,136,149.0,0.2582640689339637,True,True,정상
002_20200918_083240(7),1호기,20200918,2,2020-09-18,2020-09-18 08:32:40,316,332,e2e5160fd5fdfa869e6d94b59eebe012,False,False,미라벨,14335.0,159,8,1,1,128,144.0,0.24541520512429466,True,True,정상
002_20200918_083244(8),1호기,20200918,2,2020-09-18,2020-09-18 08:32:44,316,332,d65a2b2f987493de612c063af9db8b9f,False,False,미라벨,4.0,159,8,1,1,128,146.0,0.24948528290376695,True,True,정상
002_20200918_083248(7),1호기,20200918,2,2020-09-18,2020-09-18 08:32:48,316,332,34644762b1c2f74f64584855d9d088f5,False,False,미라벨,4.0,159,8,1,1,128,148.0,0.25591924660667986,True,True,정상
002_20200918_083254(8),1호기,20200918,2,2020-09-18,2020-09-18 08:32:54,316,332,58f2d27d4cff485510a04a75a2ca5676,False,False,미라벨,6.0,159,8,1,1,128,146.0,0.24573928625895988,True,True,정상
002_20200918_083302(6),1호기,20200918,2,2020-09-18,2020-09-18 08:33:02,316,332,9771181d6f610b8ed3fff47a92de00a7,False,False,미라벨,8.0,159,8,1,1,128,145.0,0.24267004727771846,True,True,정상
002_20200918_083306(7),1호기,20200918,2,2020-09-18,2020-09-18 08:33:06,316,332,c67215ba9b57e0b5c1b9b74278018fbd,False,False,미라벨,4.0,159,8,1,1,128,145.0,0.24161201769101723,True,True,정상
002_20200918_123306(7),1호기,20200918,2,2020-09-18,2020-09-18 12:33:06,316,332,005ae6803578d55afc0b7e205d111b00,False,False,미라벨,14400.0,160,12,1,1,128,144.0,0.24467172487418026,True,True,정상
002_20200918_123310(6),1호기,20200918,2,2020-09-18,2020-09-18 12:33:10,316,332,37f642f0ac7545fa6135960e21e8e42e,False,False,미라벨,4.0,160,12,1,1,128,143.0,0.24286068323928625,True,True,정상
002_20200918_123314(6),1호기,20200918,2,2020-09-18,2020-09-18 12:33:14,316,332,0ece5265e6d1ca24e7fa49f0a7d3cabd,False,False,미라벨,4.0,160,12,1,1,128,144.0,0.2437376086624981,True,True,정상
002_20200918_123318(7),1호기,20200918,2,2020-09-18,2020-09-18 12:33:18,316,332,25d7ab1b9183b9493535c2c01b9095ea,False,False,미라벨,4.0,160,12,1,1,128,148.0,0.25631005032789383,True,True,정상
002_20200918_123322(5),1호기,20200918,2,2020-09-18,2020-09-18 12:33:22,316,332,04df2981401ddead6ab74eb33c160f02,False,False,미라벨,4.0,160,12,1,1,128,147.0,0.2529834527985359,True,True,정상
002_20200918_123331(0),1호기,20200918,2,2020-09-18,2020-09-18 12:33:31,316,332,4719f1327582c427988450506560e911,False,False,미라벨,9.0,160,12,1,1,128,146.0,0.2514297697117584,True,True,정상
002_20200918_163302(9),1호기,20200918,2,2020-09-18,2020-09-18 16:33:02,316,332,8e0dea99d242df586d3a835f448201e8,False,False,미라벨,14371.0,161,16,1,1,128,147.0,0.24895150221137716,True,True,정상
002_20200918_163306(9),1호기,20200918,2,2020-09-18,2020-09-18 16:33:06,316,332,b48dc69ffe7cdf85b9a60829c6971f56,False,False,미라벨,4.0,161,16,1,1,128,148.0,0.2547087082507244,True,True,정상
002_20200918_163310(9),1호기,20200918,2,2020-09-18,2020-09-18 16:33:10,316,332,68ea70fcfb47b6dc137f57dc2c0ea944,False,False,미라벨,4.0,161,16,1,1,128,148.0,0.2554235931066036,True,True,정상
002_20200918_163314(9),1호기,20200918,2,2020-09-18,2020-09-18 16:33:14,316,332,2024b59869337dbdb2d81d8d2d7a2337,False,False,미라벨,4.0,161,16,1,1,128,146.0,0.2454628641146866,True,True,정상
002_20200918_163318(8),1호기,20200918,2,2020-09-18,2020-09-18 16:33:18,316,332,6cdc8a940574483cc295c8b6ccd2c709,False,False,미라벨,4.0,161,16,1,1,128,144.0,0.24223158456611255,True,True,정상
002_20200918_163322(9),1호기,20200918,2,2020-09-18,2020-09-18 16:33:22,316,332,566b8888617c31fa3ea6695c45131f0d,False,False,미라벨,4.0,161,16,1,1,136,144.0,0.24267004727771846,True,True,정상
002_20200921_111929(2),1호기,20200921,2,2020-09-21,2020-09-21 11:19:29,316,332,d4f655094ee4a9110cc78db022c5e52a,False,False,미라벨,240367.0,162,11,1,1,128,142.0,0.24377573585481166,True,True,정상
002_20200921_111932(4),1호기,20200921,2,2020-09-21,2020-09-21 11:19:32,316,332,86ec674f7d926ca82778ff2e3f8f113d,False,False,미라벨,3.0,162,11,1,1,128,142.0,0.24295600122007016,True,True,정상
002_20200921_111939(0),1호기,20200921,2,2020-09-21,2020-09-21 11:19:39,316,332,306eaf541d177eb218fe593ca5c55d63,False,False,미라벨,7.0,162,11,1,1,128,142.0,0.24320382797010828,True,True,정상
002_20200921_111942(1),1호기,20200921,2,2020-09-21,2020-09-21 11:19:42,316,332,8d8e431aefc52b5a0981ae2ec5580e58,False,False,미라벨,3.0,162,11,1,1,128,142.0,0.2431942961720299,True,True,정상
002_20200921_111948(3),1호기,20200921,2,2020-09-21,2020-09-21 11:19:48,316,332,2b2b8607c334d9824f256a5774b117d8,False,False,미라벨,6.0,162,11,1,1,136,142.0,0.24232690254689646,True,True,정상
002_20200921_111951(8),1호기,20200921,2,2020-09-21,2020-09-21 11:19:51,316,332,d135e410610a1a42c1feb9cc4c09385d,False,False,미라벨,3.0,162,11,1,1,128,141.0,0.24098291901784352,True,True,정상
002_20200921_123148(8),1호기,20200921,2,2020-09-21,2020-09-21 12:31:48,316,332,7960c8e7686e4400e23fddafd6b4883e,False,False,미라벨,4317.0,163,12,1,1,128,142.0,0.24220298917187738,True,True,정상
002_20200921_123153(3),1호기,20200921,2,2020-09-21,2020-09-21 12:31:53,316,332,10ccfe812f8b545ac5a5d13f84cf904d,False,False,미라벨,5.0,163,12,1,1,128,143.0,0.24473844746072898,True,True,정상
002_20200921_123157(8),1호기,20200921,2,2020-09-21,2020-09-21 12:31:57,316,332,e029fd21557af9acf79d7ff20a5f352c,False,False,미라벨,4.0,163,12,1,1,136,143.0,0.24378526765289005,True,True,정상
002_20200921_123202(3),1호기,20200921,2,2020-09-21,2020-09-21 12:32:02,316,332,ff60b221c9a0a1acd091a5846ca2fee3,False,False,미라벨,5.0,163,12,1,1,128,143.0,0.24384245844136038,True,True,정상
002_20200921_123206(8),1호기,20200921,2,2020-09-21,2020-09-21 12:32:06,316,332,dbf03b12c4a90cf7a1148fda8c3756f9,False,False,미라벨,4.0,163,12,1,1,136,142.0,0.24384245844136038,True,True,정상
002_20200921_123211(3),1호기,20200921,2,2020-09-21,2020-09-21 12:32:11,316,332,2aa37da7932b0cad9fbfba98d2a9c828,False,False,미라벨,5.0,163,12,1,1,128,143.0,0.24442389812414214,True,True,정상
002_20200921_163052(8),1호기,20200921,2,2020-09-21,2020-09-21 16:30:52,316,332,08544cb159d027f4243a67ef305b14d6,False,False,미라벨,14321.0,164,16,1,1,128,142.0,0.24417607137410402,True,True,정상
002_20200921_163055(8),1호기,20200921,2,2020-09-21,2020-09-21 16:30:55,316,332,d18480873d0603bab9ec5620f9c58aad,False,False,미라벨,3.0,164,16,1,1,128,143.0,0.2464637029129175,True,True,정상
002_20200921_163102(0),1호기,20200921,2,2020-09-21,2020-09-21 16:31:02,316,332,24f0456945c2b4b54b8e5274b2fa912a,False,False,미라벨,7.0,164,16,1,1,128,143.0,0.2441951349702608,True,True,정상
002_20200921_163105(3),1호기,20200921,2,2020-09-21,2020-09-21 16:31:05,316,332,00cbb6837a3f1946548030cc9b98f98d,False,False,미라벨,3.0,164,16,1,1,128,143.0,0.24396637181637945,True,True,정상
002_20200921_163110(2),1호기,20200921,2,2020-09-21,2020-09-21 16:31:10,316,332,d73e9ccf7b9118b0954426ef11d3a901,False,False,미라벨,5.0,164,16,1,1,128,142.0,0.2437471404605765,True,True,정상
002_20200921_163113(3),1호기,20200921,2,2020-09-21,2020-09-21 16:31:13,316,332,6f0757dad5caa544e1696cac670b9432,False,False,미라벨,3.0,164,16,1,1,128,142.0,0.2439091810279091,True,True,정상
002_20200921_202245(2),1호기,20200921,2,2020-09-21,2020-09-21 20:22:45,316,332,f2364730b49bba1ec792c2a709a7ceec,False,False,미라벨,13892.0,165,20,1,1,128,142.0,0.24086853744090286,True,True,정상
002_20200921_202254(1),1호기,20200921,2,2020-09-21,2020-09-21 20:22:54,316,332,38bc2d58baccc3dda7027d78d4303a4b,False,False,미라벨,9.0,165,20,1,1,128,143.0,0.24807457678816533,True,True,정상
002_20200921_202257(2),1호기,20200921,2,2020-09-21,2020-09-21 20:22:57,316,332,f5808764e83ce19a7c7a7a4285e8094a,False,False,미라벨,3.0,165,20,1,1,128,146.0,0.25287860301967363,True,True,정상
002_20200921_202300(1),1호기,20200921,2,2020-09-21,2020-09-21 20:23:00,316,332,b6503aa1548af2d52048bf713bc074f7,False,False,미라벨,3.0,165,20,1,1,128,146.0,0.2530787707793198,True,True,정상
002_20200921_202312(1),1호기,20200921,2,2020-09-21,2020-09-21 20:23:12,316,332,cdef832ccdb1b150c9cdf4f75a2c28cd,False,False,미라벨,12.0,165,20,1,1,128,146.0,0.25548078389507395,True,True,정상
002_20200921_202315(3),1호기,20200921,2,2020-09-21,2020-09-21 20:23:15,316,332,a5873bb3906abe7b7501eccea711ea67,False,False,미라벨,3.0,165,20,1,1,128,147.0,0.2543941589141376,True,True,정상
002_20200922_003107(0),1호기,20200922,2,2020-09-22,2020-09-22 00:31:07,316,332,a1aedeb2ba8cb93ec661f0e1872daf0c,False,False,미라벨,14872.0,166,0,1,1,128,142.0,0.23867622388287327,True,True,정상
002_20200922_003116(0),1호기,20200922,2,2020-09-22,2020-09-22 00:31:16,316,332,5dff9daebc9a58b362684c0df71cb2fb,False,False,미라벨,9.0,166,0,1,1,128,142.0,0.24022037517157235,True,True,정상
002_20200922_003120(5),1호기,20200922,2,2020-09-22,2020-09-22 00:31:20,316,332,bef7a09546fd872767e3f91c5dae8c08,False,False,미라벨,4.0,166,0,1,1,128,142.0,0.23930532255604697,True,True,정상
002_20200922_003123(5),1호기,20200922,2,2020-09-22,2020-09-22 00:31:23,316,332,5e78d289f0eac503e42b1c7bdb0ba40b,False,False,미라벨,3.0,166,0,1,1,128,146.0,0.251248665548269,True,True,정상
002_20200922_003129(5),1호기,20200922,2,2020-09-22,2020-09-22 00:31:29,316,332,4fcdc6839003d2756253fcf2e88ed601,False,False,미라벨,6.0,166,0,1,1,128,145.0,0.25101037059630926,True,True,정상
002_20200922_003134(1),1호기,20200922,2,2020-09-22,2020-09-22 00:31:34,316,332,d3294aaf1c88faef71c503602fc8f401,False,False,미라벨,5.0,166,0,1,1,128,144.0,0.25177291444258043,True,True,정상
002_20200922_043105(7),1호기,20200922,2,2020-09-22,2020-09-22 04:31:05,316,332,46d3b1cbace17a707893b2943f03561e,False,False,미라벨,14371.0,167,4,1,1,128,145.0,0.2522590361445783,True,True,정상
002_20200922_043110(2),1호기,20200922,2,2020-09-22,2020-09-22 04:31:10,316,332,25e6608d607b26aafa39880096322ead,False,False,미라벨,5.0,167,4,1,1,128,145.0,0.24938996492298307,True,True,정상
002_20200922_043114(8),1호기,20200922,2,2020-09-22,2020-09-22 04:31:14,316,332,22169f758e6f5924842d1815ffd82e55,False,False,미라벨,4.0,167,4,1,1,128,146.0,0.2509627116059173,True,True,정상
002_20200922_043119(3),1호기,20200922,2,2020-09-22,2020-09-22 04:31:19,316,332,6252ab1614701026799dc4991db50321,False,False,미라벨,5.0,167,4,1,1,128,143.0,0.23961034009455542,True,True,정상
002_20200922_043123(8),1호기,20200922,2,2020-09-22,2020-09-22 04:31:23,316,332,8de7cabde4176754ad99dfe866d7423c,False,False,미라벨,4.0,167,4,1,1,128,143.0,0.23970565807533933,True,True,정상
002_20200922_043128(2),1호기,20200922,2,2020-09-22,2020-09-22 04:31:28,316,332,d1474e83d82ff24bcb82a2d6e1543891,False,False,미라벨,5.0,167,4,1,1,128,142.0,0.23904796400793046,True,True,정상
002_20200922_083752(7),1호기,20200922,2,2020-09-22,2020-09-22 08:37:52,316,332,929735d6807ec46d73e96c286c1b0948,False,False,미라벨,14784.0,168,8,1,1,128,143.0,0.24241268872960195,True,True,정상
002_20200922_083755(7),1호기,20200922,2,2020-09-22,2020-09-22 08:37:55,316,332,c00051977077d09ccba6b8f3221051bc,False,False,미라벨,3.0,168,8,1,1,128,143.0,0.2423745615372884,True,True,정상
002_20200922_083758(7),1호기,20200922,2,2020-09-22,2020-09-22 08:37:58,316,332,431e58197e1a237ad75b58fa6aacc326,False,False,미라벨,3.0,168,8,1,1,128,144.0,0.24304178740277566,True,True,정상
002_20200922_083801(7),1호기,20200922,2,2020-09-22,2020-09-22 08:38:01,316,332,0f76aedeb32e4032c4898e160ceaa10b,False,False,미라벨,3.0,168,8,1,1,128,144.0,0.24340399572975446,True,True,정상
002_20200922_083807(4),1호기,20200922,2,2020-09-22,2020-09-22 08:38:07,316,332,cee432ed305dcb66aaa31706b74231cb,False,False,미라벨,6.0,168,8,1,1,128,144.0,0.2433754003355193,True,True,정상
002_20200922_083810(4),1호기,20200922,2,2020-09-22,2020-09-22 08:38:10,316,332,43705b44958f309a6f785ca353b95010,False,False,미라벨,3.0,168,8,1,1,128,144.0,0.2430799145950892,True,True,정상
002_20200922_122708(6),1호기,20200922,2,2020-09-22,2020-09-22 12:27:08,316,332,49e2a83978d6137b956caf64ed4e8eb2,False,False,미라벨,13738.0,169,12,1,1,128,147.0,0.25266890346194903,True,True,정상
002_20200922_122713(0),1호기,20200922,2,2020-09-22,2020-09-22 12:27:13,316,332,2199867653462c591fd55ccbc6049ed9,False,False,미라벨,5.0,169,12,1,1,128,147.0,0.25304064358700623,True,True,정상
002_20200922_122717(4),1호기,20200922,2,2020-09-22,2020-09-22 12:27:17,316,332,9f968d2c09dbbd422c9cf293c206bf3d,False,False,미라벨,4.0,169,12,1,1,128,147.0,0.25360301967363125,True,True,정상
002_20200922_122721(8),1호기,20200922,2,2020-09-22,2020-09-22 12:27:21,316,332,527a6d2681b736cbae0b5e7e2b29ef85,False,False,미라벨,4.0,169,12,1,1,136,147.0,0.253622083269788,True,True,정상
002_20200922_122724(8),1호기,20200922,2,2020-09-22,2020-09-22 12:27:24,316,332,e244a20dd99be619e70a4a83aa5dbc74,False,False,미라벨,3.0,169,12,1,1,128,147.0,0.25346957450053376,True,True,정상
002_20200922_122727(6),1호기,20200922,2,2020-09-22,2020-09-22 12:27:27,316,332,3a9b08cbc9c26d498dccf67af6363b56,False,False,미라벨,3.0,169,12,1,1,128,147.0,0.25420352295256976,True,True,정상
002_20200922_163053(8),1호기,20200922,2,2020-09-22,2020-09-22 16:30:53,316,332,6fb8fcf3731358a22bd3d90536572c2c,False,False,미라벨,14606.0,170,16,1,1,128,143.0,0.24369948147018453,True,True,정상
002_20200922_163056(8),1호기,20200922,2,2020-09-22,2020-09-22 16:30:56,316,332,715d7d99b890586a799f3d9d221daed4,False,False,미라벨,3.0,170,16,1,1,128,143.0,0.2435565044990087,True,True,정상
002_20200922_163059(6),1호기,20200922,2,2020-09-22,2020-09-22 16:30:59,316,332,a156743561ff94bc3c2b5a372ba14f32,False,False,미라벨,3.0,170,16,1,1,128,144.0,0.24470032026841543,True,True,정상
002_20200922_163102(5),1호기,20200922,2,2020-09-22,2020-09-22 16:31:02,316,332,101e75498443ccca6634061cb9b40bb7,False,False,미라벨,3.0,170,16,1,1,128,145.0,0.24502440140308068,True,True,정상
002_20200922_163105(5),1호기,20200922,2,2020-09-22,2020-09-22 16:31:05,316,332,255227cffce91a29188dd5ec91d0ebcf,False,False,미라벨,3.0,170,16,1,1,128,144.0,0.2445478114991612,True,True,정상
002_20200922_163110(0),1호기,20200922,2,2020-09-22,2020-09-22 16:31:10,316,332,9dc198f52c54135c4a04833a22d92f2e,False,False,미라벨,5.0,170,16,1,1,128,144.0,0.24429045295104468,True,True,정상
002_20200622_203136(3),2호기,20200622,2,2020-06-22,2020-06-22 20:31:36,316,332,77cf8d53b3175b36be1c21054249e763,True,False,GT,,171,20,3,3,400,104.0,0.2386571602867165,True,True,정상
002_20200622_203140(8),2호기,20200622,2,2020-06-22,2020-06-22 20:31:40,316,332,59f7aad8a5b52d5829d1d59ec23c5f31,True,False,GT,4.0,171,20,3,3,416,105.0,0.23898124142138172,True,True,정상
002_20200622_203145(3),2호기,20200622,2,2020-06-22,2020-06-22 20:31:45,316,332,21c47ebffb7734013c255532716b37ba,True,False,GT,5.0,171,20,3,3,400,105.0,0.23938157694067408,True,True,정상
002_20200622_203149(8),2호기,20200622,2,2020-06-22,2020-06-22 20:31:49,316,332,9d35cdd1cda7383a9fdf47145e5b26ca,True,False,GT,4.0,171,20,3,3,392,105.0,0.23994395302729907,True,True,정상
002_20200622_203154(3),2호기,20200622,2,2020-06-22,2020-06-22 20:31:54,316,332,5b417846b298b95534ae3281ef437a59,True,False,GT,5.0,171,20,3,3,392,105.0,0.23931485435412536,True,True,정상
002_20200622_203158(8),2호기,20200622,2,2020-06-22,2020-06-22 20:31:58,316,332,e3af3e82ffee821dd9992a610218af4d,True,False,GT,4.0,171,20,3,3,416,105.0,0.23898124142138172,True,True,정상
002_20200623_003351(2),2호기,20200623,2,2020-06-23,2020-06-23 00:33:51,316,332,0f114ee46ee87de08950dc3788070cff,True,False,GT,14513.0,172,0,3,3,392,104.0,0.23082202226628032,True,True,정상
002_20200623_003355(7),2호기,20200623,2,2020-06-23,2020-06-23 00:33:55,316,332,ff5e2f9a6fd4c783284f679b9c825e09,True,False,GT,4.0,172,0,3,3,392,105.0,0.23245195973768493,True,True,정상
002_20200623_003400(2),2호기,20200623,2,2020-06-23,2020-06-23 00:34:00,316,332,5b34d831f5e4a163d86f2e20ccfddb65,True,False,GT,5.0,172,0,3,3,392,105.0,0.23434878755528443,True,True,정상
002_20200623_003404(7),2호기,20200623,2,2020-06-23,2020-06-23 00:34:04,316,332,d68d4754f8ea22ee090368643e9ffc1a,True,False,GT,4.0,172,0,3,3,392,105.0,0.23525430837273142,True,True,정상
002_20200623_003409(2),2호기,20200623,2,2020-06-23,2020-06-23 00:34:09,316,332,3feecd7798f499f2e039cda0d927b422,True,False,GT,5.0,172,0,3,3,384,105.0,0.23523524477657465,True,True,정상
002_20200623_003413(7),2호기,20200623,2,2020-06-23,2020-06-23 00:34:13,316,332,72c0e7ac7c42d4889e283529d85b3164,True,False,GT,4.0,172,0,3,3,392,105.0,0.23615982919017844,True,True,정상
002_20200623_043056(0),2호기,20200623,2,2020-06-23,2020-06-23 04:30:56,316,332,2dee2d9cda448bcb48b56b03768812aa,True,False,GT,14203.0,173,4,3,3,384,106.0,0.23727504956535,True,True,정상
002_20200623_043100(6),2호기,20200623,2,2020-06-23,2020-06-23 04:31:00,316,332,e2ce79b5385c2bce9121829519bb21a2,True,False,GT,4.0,173,4,3,3,400,105.0,0.23769444868079914,True,True,정상
002_20200623_043105(0),2호기,20200623,2,2020-06-23,2020-06-23 04:31:05,316,332,97cc5c63c9798e55882be112b8baef61,True,False,GT,5.0,173,4,3,3,392,106.0,0.2372083269788013,True,True,정상
002_20200623_043109(4),2호기,20200623,2,2020-06-23,2020-06-23 04:31:09,316,332,78629673d5c051f4b7263661f8cc3d91,True,False,GT,4.0,173,4,3,3,400,105.0,0.2367508006710386,True,True,정상
002_20200623_043115(4),2호기,20200623,2,2020-06-23,2020-06-23 04:31:15,316,332,a57e637573a09a403e50a99e0a70936c,True,False,GT,6.0,173,4,3,3,400,106.0,0.23737036754613391,True,True,정상
002_20200623_043120(0),2호기,20200623,2,2020-06-23,2020-06-23 04:31:20,316,332,d9a0c99a9969d5693202b9458adfb280,True,False,GT,5.0,173,4,3,3,400,105.0,0.2371892633826445,True,True,정상
002_20200623_082249(3),2호기,20200623,2,2020-06-23,2020-06-23 08:22:49,316,332,d8f9056affe2930df2c1a76876e77b7c,True,False,GT,13889.0,174,8,3,3,392,106.0,0.23944829952722282,True,True,정상
002_20200623_082253(8),2호기,20200623,2,2020-06-23,2020-06-23 08:22:53,316,332,8c7119c72597078fb7bb1f8a6f5db4dc,True,False,GT,4.0,174,8,3,3,392,106.0,0.24011552539271008,True,True,정상
002_20200623_082258(4),2호기,20200623,2,2020-06-23,2020-06-23 08:22:58,316,332,325f516b3aa79e56016e95d57a1c2e9c,True,False,GT,5.0,174,8,3,3,392,106.0,0.23986769864267196,True,True,정상
002_20200623_082302(7),2호기,20200623,2,2020-06-23,2020-06-23 08:23:02,316,332,b93a7a122ab89a4c8bc84a38d5939aca,True,False,GT,4.0,174,8,3,3,400,105.0,0.23842839713283515,True,True,정상
002_20200623_082307(2),2호기,20200623,2,2020-06-23,2020-06-23 08:23:07,316,332,adc6d89be0306ec81cd27d2d9605c110,True,False,GT,5.0,174,8,3,3,384,105.0,0.2376563214884856,True,True,정상
002_20200623_082311(8),2호기,20200623,2,2020-06-23,2020-06-23 08:23:11,316,332,d37dbd0e455f763d3242259a4fcf1272,True,False,GT,4.0,174,8,3,3,400,106.0,0.23727504956535,True,True,정상
002_20200623_123042(0),2호기,20200623,2,2020-06-23,2020-06-23 12:30:42,316,332,003a6d8cec1bc30195fbfa3681367f35,True,False,GT,14851.0,175,12,3,3,392,105.0,0.24105917340247066,True,True,정상
002_20200623_123046(4),2호기,20200623,2,2020-06-23,2020-06-23 12:30:46,316,332,484028f2cb2a83c62900b92a4fb02ff3,True,False,GT,4.0,175,12,3,3,384,105.0,0.24178359005642824,True,True,정상
002_20200623_123051(1),2호기,20200623,2,2020-06-23,2020-06-23 12:30:51,316,332,defbb3b3822f9bf0bf73f52a1f5cd4e1,True,False,GT,5.0,175,12,3,3,400,106.0,0.24179312185450663,True,True,정상
002_20200623_123055(5),2호기,20200623,2,2020-06-23,2020-06-23 12:30:55,316,332,c4e64e2646c2d16dc95ea65f3808b79d,True,False,GT,4.0,175,12,3,3,392,105.0,0.23762772609425042,True,True,정상
002_20200623_123100(0),2호기,20200623,2,2020-06-23,2020-06-23 12:31:00,316,332,e529366590431cf4c2328abbc3cff7ca,True,False,GT,5.0,175,12,3,3,392,106.0,0.23798993442122923,True,True,정상
002_20200623_123104(5),2호기,20200623,2,2020-06-23,2020-06-23 12:31:04,316,332,11645418ac5aeb766e6d372ddfad4674,True,False,GT,4.0,175,12,3,3,408,104.0,0.23739896294036908,True,True,정상
002_20200623_163020(3),2호기,20200623,2,2020-06-23,2020-06-23 16:30:20,316,332,4dc5fa3237dcc465918246ba9f92c386,True,False,GT,14356.0,176,16,3,3,392,106.0,0.24165967668140917,True,True,정상
002_20200623_163023(3),2호기,20200623,2,2020-06-23,2020-06-23 16:30:23,316,332,1b6b97570e9e0390f741144f55ee4982,True,False,GT,3.0,176,16,2,2,424,105.0,0.24052539271008083,True,True,정상
002_20200623_163026(3),2호기,20200623,2,2020-06-23,2020-06-23 16:30:26,316,332,790d876d185d202c87a204b414c3414d,True,False,GT,3.0,176,16,3,3,400,106.0,0.24172639926795791,True,True,정상
002_20200623_163029(6),2호기,20200623,2,2020-06-23,2020-06-23 16:30:29,316,332,c725589c067519b08d0a01103bc09804,True,False,GT,3.0,176,16,3,3,400,105.0,0.23744662193076102,True,True,정상
002_20200623_163032(5),2호기,20200623,2,2020-06-23,2020-06-23 16:30:32,316,332,1c5a3f8bab0ca7de972d69adbd13533f,True,False,GT,3.0,176,16,3,3,392,106.0,0.23748474912307457,True,True,정상
002_20200623_163035(5),2호기,20200623,2,2020-06-23,2020-06-23 16:30:35,316,332,445c7094785a676b958dd5355f8e4311,True,False,GT,3.0,176,16,3,3,392,105.0,0.23775163946926947,True,True,정상
002_20200623_203033(6),2호기,20200623,2,2020-06-23,2020-06-23 20:30:33,316,332,b01557acc2bb931dda441e0f1332ad9a,True,False,GT,14398.0,177,20,3,3,400,106.0,0.23652203751715722,True,True,정상
002_20200623_203038(0),2호기,20200623,2,2020-06-23,2020-06-23 20:30:38,316,332,f893ec8cae0ed6396efbfadae11e5780,True,False,GT,5.0,177,20,3,3,400,106.0,0.23715113619033096,True,True,정상
002_20200623_203042(5),2호기,20200623,2,2020-06-23,2020-06-23 20:30:42,316,332,3fc1ed8dac6251987b6a7026c3676796,True,False,GT,4.0,177,20,3,3,392,106.0,0.2370176910172335,True,True,정상
002_20200623_203047(0),2호기,20200623,2,2020-06-23,2020-06-23 20:30:47,316,332,fe9fcaa579575e4911f6ead9ac7c304d,True,False,GT,5.0,177,20,3,3,408,106.0,0.23697956382491994,True,True,정상
002_20200623_203050(0),2호기,20200623,2,2020-06-23,2020-06-23 20:30:50,316,332,d83e08f8befa911d3990358dc012709f,True,False,GT,3.0,177,20,3,3,392,105.0,0.23680799145950893,True,True,정상
002_20200623_203054(6),2호기,20200623,2,2020-06-23,2020-06-23 20:30:54,316,332,20d4d89bc6b274cefc72d92c47aec629,True,False,GT,4.0,177,20,3,3,400,106.0,0.23716066798840935,True,True,정상
002_20200624_003115(6),2호기,20200624,2,2020-06-24,2020-06-24 00:31:15,316,332,b9fa8a74b91f8ace5149ffb09d132539,True,False,GT,14421.0,178,0,3,3,384,106.0,0.23840933353667837,True,True,정상
002_20200624_003118(6),2호기,20200624,2,2020-06-24,2020-06-24 00:31:18,316,332,d111dbc8070d2a7a8421d50d3d12cc84,True,False,GT,3.0,178,0,3,3,400,106.0,0.23821869757511058,True,True,정상
002_20200624_003123(0),2호기,20200624,2,2020-06-24,2020-06-24 00:31:23,316,332,019fd704edc8e6d40a7c495d8b45c13e,True,False,GT,5.0,178,0,3,3,392,106.0,0.23806618880585634,True,True,정상
002_20200624_003127(5),2호기,20200624,2,2020-06-24,2020-06-24 00:31:27,316,332,b8e55cf20623e4b28d7019cc4467da55,True,False,GT,4.0,178,0,3,3,400,106.0,0.2375514717096233,True,True,정상
002_20200624_003132(0),2호기,20200624,2,2020-06-24,2020-06-24 00:31:32,316,332,a91a2d66f7af0c69f02ff97edea1fedf,True,False,GT,5.0,178,0,3,3,400,106.0,0.2381901021808754,True,True,정상
002_20200624_003136(5),2호기,20200624,2,2020-06-24,2020-06-24 00:31:36,316,332,526d719d32505b5020299114f94d3eba,True,False,GT,4.0,178,0,3,3,408,106.0,0.2382854201616593,True,True,정상
002_20200624_043136(9),2호기,20200624,2,2020-06-24,2020-06-24 04:31:36,316,332,6e30b1c653e268560fce9680268c78be,True,False,GT,14400.0,179,4,3,3,384,107.0,0.23776117126734786,True,True,정상
002_20200624_043141(4),2호기,20200624,2,2020-06-24,2020-06-24 04:31:41,316,332,1cf0585d34e6f0631e9d9175f8165643,True,False,GT,5.0,179,4,3,3,408,106.0,0.23794227543083726,True,True,정상
002_20200624_043145(8),2호기,20200624,2,2020-06-24,2020-06-24 04:31:45,316,332,9ed33be21bee689bc12566b5866d619c,True,False,GT,4.0,179,4,3,3,384,106.0,0.23888592344059784,True,True,정상
002_20200624_043150(3),2호기,20200624,2,2020-06-24,2020-06-24 04:31:50,316,332,340e99d7694d1d11fa04394b5434bf42,True,False,GT,5.0,179,4,3,3,384,106.0,0.23843792893091353,True,True,정상
002_20200624_043154(8),2호기,20200624,2,2020-06-24,2020-06-24 04:31:54,316,332,8b81f35b3299878a6986565122a5fe3a,True,False,GT,4.0,179,4,3,3,400,106.0,0.2384760561232271,True,True,정상
002_20200624_043159(4),2호기,20200624,2,2020-06-24,2020-06-24 04:31:59,316,332,6a9ea1f02d4b0fd1dca87450c367938c,True,False,GT,5.0,179,4,3,3,392,107.0,0.23920047277718468,True,True,정상
002_20200624_083032(4),2호기,20200624,2,2020-06-24,2020-06-24 08:30:32,316,332,fc93fac183808af46749fdd159c53f6c,True,False,GT,14313.0,180,8,3,3,384,106.0,0.24079228305627573,True,True,정상
002_20200624_083036(9),2호기,20200624,2,2020-06-24,2020-06-24 08:30:36,316,332,bb2a94e412326ebb9e53f40ec8f9fcd8,True,False,GT,4.0,180,8,3,3,400,107.0,0.24140231813329266,True,True,정상
002_20200624_083041(3),2호기,20200624,2,2020-06-24,2020-06-24 08:30:41,316,332,5d50cdce933544bd8d5feef72939f13d,True,False,GT,5.0,180,8,3,3,392,107.0,0.24093526002745158,True,True,정상
002_20200624_083045(8),2호기,20200624,2,2020-06-24,2020-06-24 08:30:45,316,332,80dfc59a44a7f9d9f5ec00a8b8394dc7,True,False,GT,4.0,180,8,3,3,392,106.0,0.23804712520969956,True,True,정상
002_20200624_083050(4),2호기,20200624,2,2020-06-24,2020-06-24 08:30:50,316,332,e434af571a348ea9dc6dd7f6061e4555,True,False,GT,5.0,180,8,3,3,400,106.0,0.2376467896904072,True,True,정상
002_20200624_083054(9),2호기,20200624,2,2020-06-24,2020-06-24 08:30:54,316,332,0efb446c700a55dd9fe20cb766c4fba7,True,False,GT,4.0,180,8,3,3,408,106.0,0.23748474912307457,True,True,정상
002_20200624_123144(0),2호기,20200624,2,2020-06-24,2020-06-24 12:31:44,316,332,a6b7d2d27e2dc34c973d88d4b006a9ff,True,False,GT,14450.0,181,12,3,3,400,106.0,0.23976284886380966,True,True,정상
002_20200624_123148(2),2호기,20200624,2,2020-06-24,2020-06-24 12:31:48,316,332,103d56e611e72e5d97d07713a36dace8,True,False,GT,4.0,181,12,3,3,392,106.0,0.23879060545981393,True,True,정상
002_20200624_123152(7),2호기,20200624,2,2020-06-24,2020-06-24 12:31:52,316,332,bcce16eb467dd102b22f4d25cb0d15a5,True,False,GT,4.0,181,12,3,3,392,106.0,0.24001067561384778,True,True,정상
002_20200624_123157(4),2호기,20200624,2,2020-06-24,2020-06-24 12:31:57,316,332,7879f786776139c2eb9f78f6d6dd5064,True,False,GT,5.0,181,12,3,3,408,104.0,0.23598825682476743,True,True,정상
002_20200624_123201(7),2호기,20200624,2,2020-06-24,2020-06-24 12:32:01,316,332,329ec76689545f013fe886103351781d,True,False,GT,4.0,181,12,3,3,392,105.0,0.23625514717096233,True,True,정상
002_20200624_123206(2),2호기,20200624,2,2020-06-24,2020-06-24 12:32:06,316,332,ea63cf505500a45be3133055779a2e9a,True,False,GT,5.0,181,12,3,3,400,105.0,0.2364553149306085,True,True,정상
002_20200624_162708(9),2호기,20200624,2,2020-06-24,2020-06-24 16:27:08,316,332,dd7b3fd52a64acf924e59f4a3e511715,True,False,GT,14102.0,182,16,3,3,392,106.0,0.23950549031569315,True,True,정상
002_20200624_162713(4),2호기,20200624,2,2020-06-24,2020-06-24 16:27:13,316,332,87984fb9c4dbd478d37bcc1e81fe2fb9,True,False,GT,5.0,182,16,3,3,392,106.0,0.23863809669055971,True,True,정상
002_20200624_162717(9),2호기,20200624,2,2020-06-24,2020-06-24 16:27:17,316,332,8bfda38326de2cd1408332c685429fca,True,False,GT,4.0,182,16,3,3,384,105.0,0.2390956229983224,True,True,정상
002_20200624_162722(4),2호기,20200624,2,2020-06-24,2020-06-24 16:27:22,316,332,f5e4869e149b4877858502227135fc26,True,False,GT,5.0,182,16,3,3,384,105.0,0.23521618118041787,True,True,정상
002_20200624_162726(9),2호기,20200624,2,2020-06-24,2020-06-24 16:27:26,316,332,215ae39619613ad6c69e92cae26f7140,False,False,미라벨,4.0,182,16,3,3,408,106.0,0.23488256824767423,True,True,정상
002_20200624_162737(5),2호기,20200624,2,2020-06-24,2020-06-24 16:27:37,316,332,55b537a2c51ccb496545b5bab31dcf28,False,False,미라벨,11.0,182,16,3,3,384,105.0,0.23572136647857253,True,True,정상
002_20200624_203111(4),2호기,20200624,2,2020-06-24,2020-06-24 20:31:11,316,332,bfa35377c4e692d609169381a13ae9d9,True,False,GT,14614.0,183,20,3,3,424,106.0,0.23904796400793046,True,True,정상
002_20200624_203114(3),2호기,20200624,2,2020-06-24,2020-06-24 20:31:14,316,332,7063adbf27a8f57a494d6f5cd21a43c3,True,False,GT,3.0,183,20,2,2,424,105.0,0.23577855726704286,True,True,정상
002_20200624_203117(3),2호기,20200624,2,2020-06-24,2020-06-24 20:31:17,316,332,fd48534bf2ebddc2938db61a22efbda0,True,False,GT,3.0,183,20,3,3,408,105.0,0.2353019673631234,True,True,정상
002_20200624_203120(3),2호기,20200624,2,2020-06-24,2020-06-24 20:31:20,316,332,45e14916252283f75cdd48a7378156f8,True,False,GT,3.0,183,20,3,3,392,104.0,0.23417721518987342,True,True,정상
002_20200624_203123(3),2호기,20200624,2,2020-06-24,2020-06-24 20:31:23,316,332,a9de02107fe01c3c63179e4fc6efc93b,True,False,GT,3.0,183,20,3,3,432,105.0,0.23340513954552386,True,True,정상
002_20200624_203126(3),2호기,20200624,2,2020-06-24,2020-06-24 20:31:26,316,332,3e732989add8e7c689a0c75a14102d44,True,False,GT,3.0,183,20,3,3,408,105.0,0.23727504956535,True,True,정상
002_20200625_003352(9),2호기,20200625,2,2020-06-25,2020-06-25 00:33:52,316,332,1bbdece30cfb9e516b7f67025b273140,True,False,GT,14546.0,184,0,3,3,400,106.0,0.23572136647857253,True,True,정상
002_20200625_003357(4),2호기,20200625,2,2020-06-25,2020-06-25 00:33:57,316,332,3e9529a58fcd5a235818106cbbc31bc1,True,False,GT,5.0,184,0,3,3,384,106.0,0.2360168522190026,True,True,정상
002_20200625_003401(8),2호기,20200625,2,2020-06-25,2020-06-25 00:34:01,316,332,5f04082b4d358fe15af87311a1d2a2c5,True,False,GT,4.0,184,0,3,3,408,106.0,0.23680799145950893,True,True,정상
002_20200625_003406(3),2호기,20200625,2,2020-06-25,2020-06-25 00:34:06,316,332,afa5aa00d0ab95f16fd50845a22c4e44,True,False,GT,5.0,184,0,3,3,392,106.0,0.23689377764221442,True,True,정상
002_20200625_003410(8),2호기,20200625,2,2020-06-25,2020-06-25 00:34:10,316,332,ea7a8cc04b6d56c15890ae1e19db8575,True,False,GT,4.0,184,0,3,3,392,106.0,0.23644578313253012,True,True,정상
002_20200625_003415(4),2호기,20200625,2,2020-06-25,2020-06-25 00:34:15,316,332,0df987acc94d77f57db6249350e6210e,True,False,GT,5.0,184,0,3,3,400,106.0,0.23750381271923135,True,True,정상
002_20200629_082823(5),2호기,20200629,2,2020-06-29,2020-06-29 08:28:23,316,332,94417431de733938e88c2ed77fc79520,True,False,GT,374048.0,185,8,3,3,416,104.0,0.2406588378831783,True,True,정상
002_20200629_082828(5),2호기,20200629,2,2020-06-29,2020-06-29 08:28:28,316,332,cf27249ce3d6713ddad336e4d67ac586,True,False,GT,5.0,185,8,3,3,408,105.0,0.24096385542168675,True,True,정상
002_20200629_082831(3),2호기,20200629,2,2020-06-29,2020-06-29 08:28:31,316,332,378e0935fabefa22a2945015b8c268da,True,False,GT,3.0,185,8,3,3,400,104.0,0.24005833460423975,True,True,정상
002_20200629_082834(2),2호기,20200629,2,2020-06-29,2020-06-29 08:28:34,316,332,13c4cccc72581f7b19333e31eaf39874,True,False,GT,3.0,185,8,3,3,392,103.0,0.23998208021961262,True,True,정상
002_20200629_082837(0),2호기,20200629,2,2020-06-29,2020-06-29 08:28:37,316,332,d9ac2f4b1857403d80a69f84e33ef9c8,True,False,GT,3.0,185,8,3,3,392,103.0,0.23967706268110417,True,True,정상
002_20200629_082839(9),2호기,20200629,2,2020-06-29,2020-06-29 08:28:39,316,332,3c0895bf605321df757e67da97723b76,True,False,GT,2.0,185,8,3,3,384,104.0,0.23961987189263384,True,True,정상
002_20200629_123442(5),2호기,20200629,2,2020-06-29,2020-06-29 12:34:42,316,332,12b38f9e63959d0a92ea416d347f9c11,True,False,GT,14763.0,186,12,3,3,392,105.0,0.23832354735397285,True,True,정상
002_20200629_123447(0),2호기,20200629,2,2020-06-29,2020-06-29 12:34:47,316,332,0096b446b9cb47c5851b39bc4af66c36,True,False,GT,5.0,186,12,3,3,416,105.0,0.23894311422906817,True,True,정상
002_20200629_123451(5),2호기,20200629,2,2020-06-29,2020-06-29 12:34:51,316,332,cf46e3d6020abb763c674980f71397c4,True,False,GT,4.0,186,12,3,3,392,106.0,0.23929579075796859,True,True,정상
002_20200629_123456(0),2호기,20200629,2,2020-06-29,2020-06-29 12:34:56,316,332,c25c210caaef717b1accbed3ea0638a3,True,False,GT,5.0,186,12,3,3,392,105.0,0.23993442122922068,True,True,정상
002_20200629_123500(5),2호기,20200629,2,2020-06-29,2020-06-29 12:35:00,316,332,2cdf382ef888941b72846a51ab70a9df,True,False,GT,4.0,186,12,3,3,408,105.0,0.23989629403690713,True,True,정상
002_20200629_123505(0),2호기,20200629,2,2020-06-29,2020-06-29 12:35:05,316,332,44190eea1695fba057f41bd2bc3b89b4,True,False,GT,5.0,186,12,3,3,392,105.0,0.24005833460423975,True,True,정상
002_20200629_163656(7),2호기,20200629,2,2020-06-29,2020-06-29 16:36:56,316,332,5b3d5cca8484ab93a06f1a56712d1fb2,True,False,GT,14511.0,187,16,3,3,400,106.0,0.23858090590208936,True,True,정상
002_20200629_163659(7),2호기,20200629,2,2020-06-29,2020-06-29 16:36:59,316,332,d2c5cf40e6ae5ab2cafa91884929a86f,True,False,GT,3.0,187,16,3,3,392,105.0,0.23888592344059784,True,True,정상
002_20200629_163702(8),2호기,20200629,2,2020-06-29,2020-06-29 16:37:02,316,332,099ce1e502aa7031ee2fc13806c0fd9a,True,False,GT,3.0,187,16,3,3,384,106.0,0.23861903309440294,True,True,정상
002_20200629_163705(8),2호기,20200629,2,2020-06-29,2020-06-29 16:37:05,316,332,fb5380acb8bb5b1423b680dc98fcffd7,True,False,GT,3.0,187,16,3,3,392,106.0,0.23913375019063596,True,True,정상
002_20200629_163708(9),2호기,20200629,2,2020-06-29,2020-06-29 16:37:08,316,332,df1da1e5fd89da9616916ea91189159a,True,False,GT,3.0,187,16,3,3,384,106.0,0.23876201006557876,True,True,정상
002_20200629_163711(8),2호기,20200629,2,2020-06-29,2020-06-29 16:37:11,316,332,36639f1c74dd77af5a983236f92ab7bc,True,False,GT,3.0,187,16,3,3,400,106.0,0.23916234558487112,True,True,정상
002_20200629_202727(4),2호기,20200629,2,2020-06-29,2020-06-29 20:27:27,316,332,f420566e9c18a6981709a03b272abac7,False,False,미라벨,13816.0,188,20,3,3,440,107.0,0.2414785725179198,True,True,정상
002_20200629_202731(9),2호기,20200629,2,2020-06-29,2020-06-29 20:27:31,316,332,ece9c0510516fed6284a4a70d7397ef3,False,False,미라벨,4.0,188,20,3,3,392,106.0,0.24117355497941131,True,True,정상
002_20200629_202736(4),2호기,20200629,2,2020-06-29,2020-06-29 20:27:36,316,332,c2480ab640eab27be99c602a64119305,False,False,미라벨,5.0,188,20,3,3,392,106.0,0.24138325453713588,True,True,정상
002_20200629_202741(1),2호기,20200629,2,2020-06-29,2020-06-29 20:27:41,316,332,3a1537365ef7bb86fd2029d1ffcce202,False,False,미라벨,5.0,188,20,3,3,400,105.0,0.23922906817141987,True,True,정상
002_20200629_202745(5),2호기,20200629,2,2020-06-29,2020-06-29 20:27:45,316,332,adc58d76e3f749ead84fb7157e6d61d9,False,False,미라벨,4.0,188,20,3,3,392,106.0,0.2391718773829495,True,True,정상
002_20200629_202750(0),2호기,20200629,2,2020-06-29,2020-06-29 20:27:50,316,332,543796a2d01067200cd4f662bf4e7d65,False,False,미라벨,5.0,188,20,3,3,384,104.0,0.23722739057495806,True,True,정상
002_20200630_002937(6),2호기,20200630,2,2020-06-30,2020-06-30 00:29:37,316,332,e28b3a7d5af363efb4b531dc78f5fa0f,False,False,미라벨,14507.0,189,0,3,3,392,104.0,0.2382091657770322,True,True,정상
002_20200630_002942(1),2호기,20200630,2,2020-06-30,2020-06-30 00:29:42,316,332,6f710655e88cfa8cc3e1ddf17ca993fd,False,False,미라벨,5.0,189,0,3,3,384,105.0,0.23907655940216563,True,True,정상
002_20200630_002946(4),2호기,20200630,2,2020-06-30,2020-06-30 00:29:46,316,332,8175bc7e00cee6305b1cb7687714b45c,False,False,미라벨,4.0,189,0,3,3,392,105.0,0.23816150678664022,True,True,정상
002_20200630_002951(2),2호기,20200630,2,2020-06-30,2020-06-30 00:29:51,316,332,b9880f0a23fdef5d4786278e3f2a108e,False,False,미라벨,5.0,189,0,3,3,416,106.0,0.24185984444105535,True,True,정상
002_20200630_002955(6),2호기,20200630,2,2020-06-30,2020-06-30 00:29:55,316,332,951ad088ba9b878d7465d3960eb4fbd2,False,False,미라벨,4.0,189,0,3,3,384,106.0,0.2430894463931676,True,True,정상
002_20200630_003000(0),2호기,20200630,2,2020-06-30,2020-06-30 00:30:00,316,332,45ccf983ed976f06b9aa052aba532951,False,False,미라벨,5.0,189,0,3,3,384,106.0,0.24231737074881807,True,True,정상
002_20200630_043222(4),2호기,20200630,2,2020-06-30,2020-06-30 04:32:22,316,332,5bfab3e31811c73d734cafd4e1f3050c,False,False,미라벨,14542.0,190,4,3,3,384,104.0,0.2381901021808754,True,True,정상
002_20200630_043226(7),2호기,20200630,2,2020-06-30,2020-06-30 04:32:26,316,332,8d21270579bcfd73ccc7179768f04302,False,False,미라벨,4.0,190,4,3,3,408,105.0,0.2389240506329114,True,True,정상
002_20200630_043231(3),2호기,20200630,2,2020-06-30,2020-06-30 04:32:31,316,332,9297603b78cf277bc390488beb967cf6,False,False,미라벨,5.0,190,4,3,3,400,105.0,0.2384665243251487,True,True,정상
002_20200630_043235(6),2호기,20200630,2,2020-06-30,2020-06-30 04:32:35,316,332,e0ecf420cee81b37d59c2d044eebb241,False,False,미라벨,4.0,190,4,3,3,408,106.0,0.24315616897971634,True,True,정상
002_20200630_043240(2),2호기,20200630,2,2020-06-30,2020-06-30 04:32:40,316,332,05702ce6e8dc0a1e4f2720ac53db1414,False,False,미라벨,5.0,190,4,3,3,400,107.0,0.24179312185450663,True,True,정상
002_20200630_043244(6),2호기,20200630,2,2020-06-30,2020-06-30 04:32:44,316,332,1ee0f31862fdc4cf60fe7c5cccb903fe,False,False,미라벨,4.0,190,4,3,3,400,106.0,0.2420123532103096,True,True,정상
002_20200630_083221(8),2호기,20200630,2,2020-06-30,2020-06-30 08:32:21,316,332,f735b7bf64fe4a3ca1391ff5369b9a27,False,False,미라벨,14377.0,191,8,3,3,392,106.0,0.23759913070001526,True,True,정상
002_20200630_083224(8),2호기,20200630,2,2020-06-30,2020-06-30 08:32:24,316,332,70a0bec28b690de1a049ecc2189dc70d,False,False,미라벨,3.0,191,8,3,3,392,106.0,0.23797087082507243,True,True,정상
002_20200630_083227(8),2호기,20200630,2,2020-06-30,2020-06-30 08:32:27,316,332,eac6a797d9d8f9df217ec1c59f076da8,False,False,미라벨,3.0,191,8,3,3,392,106.0,0.2381901021808754,True,True,정상
002_20200630_083230(8),2호기,20200630,2,2020-06-30,2020-06-30 08:32:30,316,332,379a10026df3fa08f78838e54d71d658,False,False,미라벨,3.0,191,8,3,3,400,106.0,0.23850465151746225,True,True,정상
002_20200630_083233(8),2호기,20200630,2,2020-06-30,2020-06-30 08:32:33,316,332,bb098f0da8cc20b88f24c184cf9fe485,False,False,미라벨,3.0,191,8,3,3,392,106.0,0.238352142748208,True,True,정상
002_20200630_083236(8),2호기,20200630,2,2020-06-30,2020-06-30 08:32:36,316,332,34ceb3c97dc9dba36cc8f0bd47cbb444,False,False,미라벨,3.0,191,8,3,3,392,106.0,0.2381901021808754,True,True,정상
002_20200630_123159(3),2호기,20200630,2,2020-06-30,2020-06-30 12:31:59,316,332,81ea04c3923a90d811a9e0e855adc6c1,False,False,미라벨,14363.0,192,12,3,3,392,106.0,0.23808525240201311,True,True,정상
002_20200630_123203(6),2호기,20200630,2,2020-06-30,2020-06-30 12:32:03,316,332,618574aa7b9ae30dfa324add74d824c0,False,False,미라벨,4.0,192,12,3,3,400,106.0,0.2386571602867165,True,True,정상
002_20200630_123232(0),2호기,20200630,2,2020-06-30,2020-06-30 12:32:32,316,332,27e11b31662575cafe2f421bf03eeadd,False,False,미라벨,29.0,192,12,3,3,392,106.0,0.23988676223882874,True,True,정상
002_20200630_123235(0),2호기,20200630,2,2020-06-30,2020-06-30 12:32:35,316,332,d6b04083dfedee09b55fca815a145329,False,False,미라벨,3.0,192,12,3,3,384,106.0,0.23858090590208936,True,True,정상
002_20200630_123238(0),2호기,20200630,2,2020-06-30,2020-06-30 12:32:38,316,332,59b383f3b75db578a41ff821a584a72f,False,False,미라벨,3.0,192,12,3,3,392,106.0,0.2386571602867165,True,True,정상
002_20200630_123241(0),2호기,20200630,2,2020-06-30,2020-06-30 12:32:41,316,332,61c4cee2d0c29ef02b95eac8fdabf694,False,False,미라벨,3.0,192,12,3,3,392,106.0,0.2383902699405216,True,True,정상
002_20200630_163105(7),2호기,20200630,2,2020-06-30,2020-06-30 16:31:05,316,332,9ac847f2c2aa225001bb4214c9358af2,False,False,미라벨,14304.0,193,16,3,3,392,106.0,0.2418217172487418,True,True,정상
002_20200630_163108(9),2호기,20200630,2,2020-06-30,2020-06-30 16:31:08,316,332,5a25902d75c23eb01b29281f1f36c17a,False,False,미라벨,3.0,193,16,2,2,416,106.0,0.24153576330639012,True,True,정상
002_20200630_163112(5),2호기,20200630,2,2020-06-30,2020-06-30 16:31:12,316,332,f275ff494c0c809a186b8a9e5099c1e0,False,False,미라벨,4.0,193,16,3,3,392,105.0,0.24153576330639012,True,True,정상
002_20200630_163116(0),2호기,20200630,2,2020-06-30,2020-06-30 16:31:16,316,332,eada4efc75e96cdf00af71ce70ecaf75,False,False,미라벨,4.0,193,16,3,3,392,106.0,0.24124980936403842,True,True,정상
002_20200630_163119(5),2호기,20200630,2,2020-06-30,2020-06-30 16:31:19,316,332,acfcc9da101582b94ca9b1fb34c4b9c2,False,False,미라벨,3.0,193,16,3,3,392,106.0,0.24185984444105535,True,True,정상
002_20200630_163122(8),2호기,20200630,2,2020-06-30,2020-06-30 16:31:22,316,332,4b86e919973d1163fceef4413f9a5773,False,False,미라벨,3.0,193,16,3,3,392,106.0,0.24185984444105535,True,True,정상
002_20200630_203013(9),2호기,20200630,2,2020-06-30,2020-06-30 20:30:13,316,332,bcd5832965f6a08b19943faa5a967927,False,False,미라벨,14331.0,194,20,3,3,392,106.0,0.23986769864267196,True,True,정상
002_20200630_203018(4),2호기,20200630,2,2020-06-30,2020-06-30 20:30:18,316,332,dd5516512309cbe81e5fbf17034f5efe,False,False,미라벨,5.0,194,20,3,3,384,108.0,0.24060164709470794,True,True,정상
002_20200630_203022(9),2호기,20200630,2,2020-06-30,2020-06-30 20:30:22,316,332,905bfbc20a359be09b379519e49d4c75,False,False,미라벨,4.0,194,20,3,3,392,107.0,0.24107823699862743,True,True,정상
002_20200630_203027(4),2호기,20200630,2,2020-06-30,2020-06-30 20:30:27,316,332,9fffaed519229a1f7ad7ba0e67e84839,False,False,미라벨,5.0,194,20,3,3,392,106.0,0.23806618880585634,True,True,정상
002_20200630_203031(8),2호기,20200630,2,2020-06-30,2020-06-30 20:30:31,316,332,08fbfc1f8058d898272ce80246932862,False,False,미라벨,4.0,194,20,3,3,392,106.0,0.2379041482385237,True,True,정상
002_20200630_203036(4),2호기,20200630,2,2020-06-30,2020-06-30 20:30:36,316,332,29975dc5e6a33724285bd111bad2b2b4,False,False,미라벨,5.0,194,20,3,3,392,106.0,0.2375514717096233,True,True,정상
002_20200701_004107(2),2호기,20200701,2,2020-07-01,2020-07-01 00:41:07,316,332,f909b824a40c614a3b4e56de846812b5,False,False,미라벨,15031.0,195,0,3,3,392,106.0,0.24032522495043465,True,True,정상
002_20200701_004111(5),2호기,20200701,2,2020-07-01,2020-07-01 00:41:11,316,332,154a8c73060802a5a84214d769884f52,False,False,미라벨,4.0,195,0,3,3,392,106.0,0.24023943876772916,True,True,정상
002_20200701_004116(1),2호기,20200701,2,2020-07-01,2020-07-01 00:41:16,316,332,eed834522f736b3d494c671b0df39559,False,False,미라벨,5.0,195,0,3,3,384,106.0,0.2401917797773372,True,True,정상
002_20200701_004120(5),2호기,20200701,2,2020-07-01,2020-07-01 00:41:20,316,332,eff537bfa52086a225d8b744f370c219,False,False,미라벨,4.0,195,0,3,3,392,106.0,0.23713207259417415,True,True,정상
002_20200701_004125(0),2호기,20200701,2,2020-07-01,2020-07-01 00:41:25,316,332,b8bb144c35848651723ab710413c9be5,False,False,미라벨,5.0,195,0,3,3,392,106.0,0.2374561537288394,True,True,정상
002_20200701_004129(6),2호기,20200701,2,2020-07-01,2020-07-01 00:41:29,316,332,31bd49df30e941e5d00afb051ebf9bc1,False,False,미라벨,4.0,195,0,3,3,400,106.0,0.23758959890193687,True,True,정상
002_20200701_043204(8),2호기,20200701,2,2020-07-01,2020-07-01 04:32:04,316,332,246cb16989170f5507663b2b56f5d9b3,False,False,미라벨,13835.0,196,4,3,3,392,106.0,0.23671267347872502,True,True,정상
002_20200701_043209(5),2호기,20200701,2,2020-07-01,2020-07-01 04:32:09,316,332,4838aaa27b24827c49753bf0a2cb2861,False,False,미라벨,5.0,196,4,3,3,392,105.0,0.23803759341162117,True,True,정상
002_20200701_043213(9),2호기,20200701,2,2020-07-01,2020-07-01 04:32:13,316,332,823685ff2804a903e0d3ac5a2a21d4d2,False,False,미라벨,4.0,196,4,3,3,400,106.0,0.23651250571907884,True,True,정상
002_20200701_043218(4),2호기,20200701,2,2020-07-01,2020-07-01 04:32:18,316,332,b964972204da4985190e1957735c677c,False,False,미라벨,5.0,196,4,3,3,440,108.0,0.23944829952722282,True,True,정상
002_20200701_043222(8),2호기,20200701,2,2020-07-01,2020-07-01 04:32:22,316,332,107ec17f07783f7f41336d4a7dbcae6d,False,False,미라벨,4.0,196,4,3,3,392,107.0,0.23952455391184993,True,True,정상
002_20200701_043227(2),2호기,20200701,2,2020-07-01,2020-07-01 04:32:27,316,332,fdaab1f799de46db14af47311d0082d0,False,False,미라벨,5.0,196,4,3,3,392,106.0,0.23920047277718468,True,True,정상
002_20200701_083102(9),2호기,20200701,2,2020-07-01,2020-07-01 08:31:02,316,332,cd65d22fa994c4a686e7501e1b8c50b6,False,False,미라벨,14315.0,197,8,3,3,384,107.0,0.23742755833460424,True,True,정상
002_20200701_083105(7),2호기,20200701,2,2020-07-01,2020-07-01 08:31:05,316,332,61c80200bd618663f4140b85be94d177,False,False,미라벨,3.0,197,8,3,3,400,106.0,0.23607404300747292,True,True,정상
002_20200701_083108(8),2호기,20200701,2,2020-07-01,2020-07-01 08:31:08,316,332,9ffefd6541cb9d92c077985c2dc19784,False,False,미라벨,3.0,197,8,3,3,400,105.0,0.23606451120939453,True,True,정상
002_20200701_083111(8),2호기,20200701,2,2020-07-01,2020-07-01 08:31:11,316,332,46191c3af1ff0ebc93ec7d32516506a9,False,False,미라벨,3.0,197,8,3,3,408,105.0,0.23495882263230136,True,True,정상
002_20200701_083114(8),2호기,20200701,2,2020-07-01,2020-07-01 08:31:14,316,332,9563639e42603275a20837534a4cadc2,False,False,미라벨,3.0,197,8,3,3,392,106.0,0.2344822327283819,True,True,정상
002_20200701_083117(8),2호기,20200701,2,2020-07-01,2020-07-01 08:31:17,316,332,093045af565d82b066c9b2ce7410ef94,False,False,미라벨,3.0,197,8,3,3,384,105.0,0.2347491230745768,True,True,정상
002_20200701_123502(6),2호기,20200701,2,2020-07-01,2020-07-01 12:35:02,316,332,ce1b61f7a0ecd7fdbe8a81df49efc84d,False,False,미라벨,14625.0,198,12,3,3,392,106.0,0.23572136647857253,True,True,정상
002_20200701_123505(9),2호기,20200701,2,2020-07-01,2020-07-01 12:35:05,316,332,44075820ff75a90fdb726904eccc275e,False,False,미라벨,3.0,198,12,3,3,384,105.0,0.23534962635351533,True,True,정상
002_20200701_123508(7),2호기,20200701,2,2020-07-01,2020-07-01 12:35:08,316,332,d2cbd2baa1c7ae3f2f62b00be7f0d950,False,False,미라벨,3.0,198,12,3,3,400,106.0,0.2359120024401403,True,True,정상
002_20200701_123511(5),2호기,20200701,2,2020-07-01,2020-07-01 12:35:11,316,332,3b70f875493eeff5f21126ae252a8633,False,False,미라벨,3.0,198,12,3,3,400,106.0,0.23632186975751104,True,True,정상
002_20200701_123514(1),2호기,20200701,2,2020-07-01,2020-07-01 12:35:14,316,332,c685b7024a72ae8b6dc410ceab151d96,False,False,미라벨,3.0,198,12,3,3,392,107.0,0.2362742107671191,True,True,정상
002_20200701_123516(7),2호기,20200701,2,2020-07-01,2020-07-01 12:35:16,316,332,872028cd960bde6e72b9d20e45c71c86,False,False,미라벨,2.0,198,12,3,3,392,106.0,0.2347395912764984,True,True,정상
002_20200701_163100(6),2호기,20200701,2,2020-07-01,2020-07-01 16:31:00,316,332,71d02c6efeab0bbfa0d634abc128e7b7,False,False,미라벨,14144.0,199,16,3,3,408,106.0,0.24272723806618882,True,True,정상
002_20200701_163104(5),2호기,20200701,2,2020-07-01,2020-07-01 16:31:04,316,332,42d2f2132b6ac04054890fc2714599af,False,False,미라벨,4.0,199,16,3,3,408,107.0,0.2422792435565045,True,True,정상
002_20200701_163108(4),2호기,20200701,2,2020-07-01,2020-07-01 16:31:08,316,332,7e92fa50158c9bbfd5a7bb10b7cda908,False,False,미라벨,4.0,199,16,3,3,384,106.0,0.24170733567180114,True,True,정상
002_20200701_163112(3),2호기,20200701,2,2020-07-01,2020-07-01 16:31:12,316,332,8958e48e383bd38663ee704554cf494f,False,False,미라벨,4.0,199,16,3,3,400,106.0,0.240553988104316,True,True,정상
002_20200701_163116(3),2호기,20200701,2,2020-07-01,2020-07-01 16:31:16,316,332,6300e9f61dcae464d40b65cb395e5e9a,False,False,미라벨,4.0,199,16,3,3,384,106.0,0.24021084337349397,True,True,정상
002_20200701_163120(4),2호기,20200701,2,2020-07-01,2020-07-01 16:31:20,316,332,5e4368506f5c8ab9b3f3d33dfbad3a9a,False,False,미라벨,4.0,199,16,3,3,392,106.0,0.24167874027756597,True,True,정상
002_20200701_203449(7),2호기,20200701,2,2020-07-01,2020-07-01 20:34:49,316,332,3150870fa2ef30033716eb2f64b891ad,False,False,미라벨,14609.0,200,20,3,3,408,106.0,0.24131653195058717,True,True,정상
002_20200701_203454(3),2호기,20200701,2,2020-07-01,2020-07-01 20:34:54,316,332,a136a24008fcdb399a6356e5761c67f8,False,False,미라벨,5.0,200,20,3,3,400,107.0,0.24214579838340705,True,True,정상
002_20200701_203458(5),2호기,20200701,2,2020-07-01,2020-07-01 20:34:58,316,332,39ba3f388434a075d143d8fd7ba26f7b,False,False,미라벨,4.0,200,20,3,3,448,107.0,0.24304178740277566,True,True,정상
002_20200701_203503(2),2호기,20200701,2,2020-07-01,2020-07-01 20:35:03,316,332,fd3f3343b35ab1064f63c1ccc623b76d,False,False,미라벨,5.0,200,20,3,3,384,105.0,0.2387238828732652,True,True,정상
002_20200701_203507(7),2호기,20200701,2,2020-07-01,2020-07-01 20:35:07,316,332,414cf381206db387a8d93447c9b40e5e,False,False,미라벨,4.0,200,20,3,3,400,105.0,0.2390956229983224,True,True,정상
002_20200701_203512(1),2호기,20200701,2,2020-07-01,2020-07-01 20:35:12,316,332,2b5189d81e0c15ace2da87deea8748f4,False,False,미라벨,5.0,200,20,3,3,392,105.0,0.23950549031569315,True,True,정상
002_20200702_002959(7),2호기,20200702,2,2020-07-02,2020-07-02 00:29:59,316,332,bd3996432f698035081b44f51b2d613d,False,False,미라벨,14087.0,201,0,3,3,400,106.0,0.2386571602867165,True,True,정상
002_20200702_003004(2),2호기,20200702,2,2020-07-02,2020-07-02 00:30:04,316,332,1f71288a91929342d7f96e3d4b67703f,False,False,미라벨,5.0,201,0,3,3,384,105.0,0.23832354735397285,True,True,정상
002_20200702_003008(7),2호기,20200702,2,2020-07-02,2020-07-02 00:30:08,316,332,4f01e0ff19179817a1f40523d9a99099,False,False,미라벨,4.0,201,0,3,3,392,105.0,0.23798040262315084,True,True,정상
002_20200702_003011(7),2호기,20200702,2,2020-07-02,2020-07-02 00:30:11,316,332,3d73d371c2f1d0ecde788aa7dcab7e60,False,False,미라벨,3.0,201,0,3,3,392,103.0,0.23441551014183315,True,True,정상
002_20200702_003016(3),2호기,20200702,2,2020-07-02,2020-07-02 00:30:16,316,332,7b86d993dbc8d7cf93252fcc796baefe,False,False,미라벨,5.0,201,0,3,3,400,104.0,0.2345489553149306,True,True,정상
002_20200702_003020(8),2호기,20200702,2,2020-07-02,2020-07-02 00:30:20,316,332,b7ee85cb738e589f11cc18c050116c5a,False,False,미라벨,4.0,201,0,3,3,400,105.0,0.23544494433429922,True,True,정상
002_20200702_043936(2),2호기,20200702,2,2020-07-02,2020-07-02 04:39:36,316,332,d8a2a1a47d1e75f4389427ee785c23a5,False,False,미라벨,14956.0,202,4,3,3,392,105.0,0.23507320420924202,True,True,정상
002_20200702_043940(7),2호기,20200702,2,2020-07-02,2020-07-02 04:39:40,316,332,dc28b03034ddbb8c6a9d59cb0f32e67f,False,False,미라벨,4.0,202,4,3,3,400,105.0,0.23595012963245388,True,True,정상
002_20200702_043945(1),2호기,20200702,2,2020-07-02,2020-07-02 04:39:45,316,332,94702ad18e669f1738b3f88051112d35,False,False,미라벨,5.0,202,4,3,3,384,103.0,0.23486350465151745,True,True,정상
002_20200702_043949(6),2호기,20200702,2,2020-07-02,2020-07-02 04:39:49,316,332,91a62a6851d7c034d89ce51403476bd0,False,False,미라벨,4.0,202,4,3,3,408,106.0,0.2383712063443648,True,True,정상
002_20200702_043954(0),2호기,20200702,2,2020-07-02,2020-07-02 04:39:54,316,332,ac3234411e5cd9f6945bd454ff3be1b1,False,False,미라벨,5.0,202,4,3,3,424,106.0,0.2384665243251487,True,True,정상
002_20200702_043958(5),2호기,20200702,2,2020-07-02,2020-07-02 04:39:58,316,332,0cc019b565a41b7163e3e4127c77c0c7,False,False,미라벨,4.0,202,4,3,3,392,107.0,0.23853324691169742,True,True,정상
002_20200706_083210(1),2호기,20200706,2,2020-07-06,2020-07-06 08:32:10,316,332,a50e5adaf7eedd8616035bb65334a58e,False,False,미라벨,359532.0,203,8,3,3,400,101.0,0.24079228305627573,True,True,정상
002_20200706_083227(7),2호기,20200706,2,2020-07-06,2020-07-06 08:32:27,316,332,d3a3b6a694ee9e22ecd07e4541712f17,False,False,미라벨,17.0,203,8,3,3,392,101.0,0.2408208784505109,True,True,정상
002_20200706_083231(8),2호기,20200706,2,2020-07-06,2020-07-06 08:32:31,316,332,ba7103ed081578c361d213f8d7fc7bef,False,False,미라벨,4.0,203,8,3,3,384,104.0,0.24166920847948756,True,True,정상
002_20200706_083234(7),2호기,20200706,2,2020-07-06,2020-07-06 08:32:34,316,332,e4b959708ee1fc4e7a8a778eb6424854,False,False,미라벨,3.0,203,8,3,3,408,106.0,0.2451959737684917,True,True,정상
002_20200706_083237(9),2호기,20200706,2,2020-07-06,2020-07-06 08:32:37,316,332,aa2c72cc6ce29728e16b1e42aebb4713,False,False,미라벨,3.0,203,8,3,3,400,106.0,0.24470985206649382,True,True,정상
002_20200706_083241(0),2호기,20200706,2,2020-07-06,2020-07-06 08:32:41,316,332,5daccdc7671b3a4f70ced9cff6bd10db,False,False,미라벨,4.0,203,8,3,3,392,104.0,0.24321335976818667,True,True,정상
002_20200706_123239(6),2호기,20200706,2,2020-07-06,2020-07-06 12:32:39,316,332,d601ef83fe5f49e36790f2100905f2d1,False,False,미라벨,14398.0,204,12,3,3,416,103.0,0.23944829952722282,True,True,정상
002_20200706_123242(9),2호기,20200706,2,2020-07-06,2020-07-06 12:32:42,316,332,8dffc6779155c4327ff1552f98c1b60b,False,False,미라벨,3.0,204,12,3,3,384,102.0,0.23920047277718468,True,True,정상
002_20200706_123246(0),2호기,20200706,2,2020-07-06,2020-07-06 12:32:46,316,332,f3320eb0666a4920c7a6234b2102f015,False,False,미라벨,4.0,204,12,3,3,384,103.0,0.2393625133445173,True,True,정상
002_20200706_123251(3),2호기,20200706,2,2020-07-06,2020-07-06 12:32:51,316,332,9f9403130633b816d80654448dafc0f1,False,False,미라벨,5.0,204,12,3,3,384,104.0,0.2412593411621168,True,True,정상
002_20200706_123254(7),2호기,20200706,2,2020-07-06,2020-07-06 12:32:54,316,332,c82e4ef97200bcddeaa74c8b74b8b766,False,False,미라벨,3.0,204,12,3,3,400,105.0,0.24259379289309135,True,True,정상
002_20200706_123258(0),2호기,20200706,2,2020-07-06,2020-07-06 12:32:58,316,332,f22cb92483dcc0b8901aeaa6a9e96873,False,False,미라벨,4.0,204,12,2,2,416,106.0,0.24259379289309135,True,True,정상
002_20200706_163440(6),2호기,20200706,2,2020-07-06,2020-07-06 16:34:40,316,332,eca3f263d016a80dc053fb3f2f95955e,False,False,미라벨,14502.0,205,16,3,3,408,103.0,0.23995348482537746,True,True,정상
002_20200706_163443(7),2호기,20200706,2,2020-07-06,2020-07-06 16:34:43,316,332,f120536576e376f92d4563b27eb0deb0,False,False,미라벨,3.0,205,16,3,3,384,104.0,0.239648467286869,True,True,정상
002_20200706_163446(4),2호기,20200706,2,2020-07-06,2020-07-06 16:34:46,316,332,a23dcdfa27e24f6cd6be9b63e385b88e,False,False,미라벨,3.0,205,16,3,3,392,105.0,0.23967706268110417,True,True,정상
002_20200706_163449(2),2호기,20200706,2,2020-07-06,2020-07-06 16:34:49,316,332,4b003a64ada38bc77322c0fc9a6f80d5,False,False,미라벨,3.0,205,16,3,3,392,104.0,0.24189797163336893,True,True,정상
002_20200706_163452(0),2호기,20200706,2,2020-07-06,2020-07-06 16:34:52,316,332,57e5b8ede3e1ba67df05ca764b3e190e,False,False,미라벨,3.0,205,16,3,3,440,106.0,0.2430894463931676,True,True,정상
002_20200706_163454(6),2호기,20200706,2,2020-07-06,2020-07-06 16:34:54,316,332,e532be2c4041393a7d044d9371e43337,False,False,미라벨,2.0,205,16,3,3,392,106.0,0.24251753850846425,True,True,정상
002_20200706_203227(3),2호기,20200706,2,2020-07-06,2020-07-06 20:32:27,316,332,523994447bdf18550c8ed956372cc0d6,False,False,미라벨,14253.0,206,20,3,3,400,102.0,0.23607404300747292,True,True,정상
002_20200706_203230(6),2호기,20200706,2,2020-07-06,2020-07-06 20:32:30,316,332,9ca870b95697c11b8204c8e9a91d1f7d,False,False,미라벨,3.0,206,20,3,3,392,103.0,0.23568323928625895,True,True,정상
002_20200706_203233(8),2호기,20200706,2,2020-07-06,2020-07-06 20:32:33,316,332,407f59b187812589151da143645c1ff0,False,False,미라벨,3.0,206,20,3,3,384,102.0,0.235120863199634,True,True,정상
002_20200706_203236(9),2호기,20200706,2,2020-07-06,2020-07-06 20:32:36,316,332,a10af9a71a41fb1939b55c9554407d98,False,False,미라벨,3.0,206,20,3,3,400,101.0,0.23313824919932896,True,True,정상
002_20200706_203240(1),2호기,20200706,2,2020-07-06,2020-07-06 20:32:40,316,332,c9bf3581d206179ac428377a1f4fd8d2,False,False,미라벨,4.0,206,20,3,3,384,101.0,0.23316684459356413,True,True,정상
002_20200706_203243(4),2호기,20200706,2,2020-07-06,2020-07-06 20:32:43,316,332,83705273384528799a9df8638829a6ad,False,False,미라벨,3.0,206,20,3,3,392,101.0,0.2333670123532103,True,True,정상
002_20200707_003521(0),2호기,20200707,2,2020-07-07,2020-07-07 00:35:21,316,332,4fe46b40e4ce926c1fdfe1a41c603d8b,False,False,미라벨,14558.0,207,0,3,3,400,105.0,0.23840933353667837,True,True,정상
002_20200707_003525(0),2호기,20200707,2,2020-07-07,2020-07-07 00:35:25,316,332,32e0bdedc20ffaf25c2b9c09025f956c,False,False,미라벨,4.0,207,0,3,3,408,106.0,0.2392100045752631,True,True,정상
002_20200707_003529(0),2호기,20200707,2,2020-07-07,2020-07-07 00:35:29,316,332,fb4a8376ad6259f0f1d255546ab7839f,False,False,미라벨,4.0,207,0,3,3,400,106.0,0.23966753088302578,True,True,정상
002_20200707_003533(0),2호기,20200707,2,2020-07-07,2020-07-07 00:35:33,316,332,bc1f10b40b5190539a12f9e16c55861b,False,False,미라벨,4.0,207,0,3,3,392,106.0,0.23963893548879062,True,True,정상
002_20200707_003537(1),2호기,20200707,2,2020-07-07,2020-07-07 00:35:37,316,332,4e375e822a993026e46ba45b75007ca0,False,False,미라벨,4.0,207,0,3,3,392,106.0,0.2401917797773372,True,True,정상
002_20200707_003541(1),2호기,20200707,2,2020-07-07,2020-07-07 00:35:41,316,332,cf0ae40693e395931c48d3cd2fefb80f,False,False,미라벨,4.0,207,0,3,3,400,106.0,0.24003927100808298,True,True,정상
002_20200707_043655(6),2호기,20200707,2,2020-07-07,2020-07-07 04:36:55,316,332,8e689b5acb6d67af85d1f6a2c9b22d40,False,False,미라벨,14474.0,208,4,3,3,448,107.0,0.24344212292206802,True,True,정상
002_20200707_043659(3),2호기,20200707,2,2020-07-07,2020-07-07 04:36:59,316,332,d207d79c3f168d679b8230aa526b5417,False,False,미라벨,4.0,208,4,2,2,416,106.0,0.24251753850846425,True,True,정상
002_20200707_043703(4),2호기,20200707,2,2020-07-07,2020-07-07 04:37:03,316,332,9ce17e5ac513e0dc32b416fd2ea84abb,False,False,미라벨,4.0,208,4,3,3,384,107.0,0.24397590361445784,True,True,정상
002_20200707_043707(4),2호기,20200707,2,2020-07-07,2020-07-07 04:37:07,316,332,dda789fe320a4fe8bccbc8f105a1015f,False,False,미라벨,4.0,208,4,3,3,416,107.0,0.24376620405673327,True,True,정상
002_20200707_043711(3),2호기,20200707,2,2020-07-07,2020-07-07 04:37:11,316,332,075e6c62000e14cf7734e84620487943,False,False,미라벨,4.0,208,4,3,3,392,106.0,0.24423326216257435,True,True,정상
002_20200707_043715(5),2호기,20200707,2,2020-07-07,2020-07-07 04:37:15,316,332,d7875113342348fb3dd643ab446e193b,False,False,미라벨,4.0,208,4,3,3,400,107.0,0.24432858014335823,True,True,정상
002_20200707_083236(0),2호기,20200707,2,2020-07-07,2020-07-07 08:32:36,316,332,a564b7b639079965955894129122e8b8,False,False,미라벨,14121.0,209,8,3,3,384,105.0,0.23993442122922068,True,True,정상
002_20200707_083240(0),2호기,20200707,2,2020-07-07,2020-07-07 08:32:40,316,332,014a48799bde3f07e88f09985f2c4a6c,False,False,미라벨,4.0,209,8,3,3,384,105.0,0.23944829952722282,True,True,정상
002_20200707_083246(1),2호기,20200707,2,2020-07-07,2020-07-07 08:32:46,316,332,b83b330955fed52fa4b99176a7bd9146,False,False,미라벨,6.0,209,8,3,3,400,105.0,0.2394673631233796,True,True,정상
002_20200707_083250(0),2호기,20200707,2,2020-07-07,2020-07-07 08:32:50,316,332,f73c8b080e6467594e7547e74f690f27,False,False,미라벨,4.0,209,8,2,2,440,106.0,0.24353744090285193,True,True,정상
002_20200707_083254(0),2호기,20200707,2,2020-07-07,2020-07-07 08:32:54,316,332,49adc76bc12ad9591bce707ebdb5825a,False,False,미라벨,4.0,209,8,3,3,408,106.0,0.24405215799908495,True,True,정상
002_20200707_083258(1),2호기,20200707,2,2020-07-07,2020-07-07 08:32:58,316,332,d187a4d46fa019b098699789f9cd4241,False,False,미라벨,4.0,209,8,3,3,448,106.0,0.24333727314320575,True,True,정상
002_20200707_123354(0),2호기,20200707,2,2020-07-07,2020-07-07 12:33:54,316,332,51e5f145bbd7d9ecc47c31d5d2c90095,False,False,미라벨,14456.0,210,12,3,3,408,105.0,0.24045867012353211,True,True,정상
002_20200707_123358(1),2호기,20200707,2,2020-07-07,2020-07-07 12:33:58,316,332,421bf2124e9308eb2261c8463b1b2c05,False,False,미라벨,4.0,210,12,3,3,384,107.0,0.24062071069086471,True,True,정상
002_20200707_123402(0),2호기,20200707,2,2020-07-07,2020-07-07 12:34:02,316,332,7a3b0ef3b93b91fc947ee286a2d6fc20,False,False,미라벨,4.0,210,12,3,3,384,105.0,0.2397342534695745,True,True,정상
002_20200707_123408(2),2호기,20200707,2,2020-07-07,2020-07-07 12:34:08,316,332,70d1bae33e5f50086036b6027b01f2f9,False,False,미라벨,6.0,210,12,3,3,416,102.0,0.23621701997864877,True,True,정상
002_20200707_123412(1),2호기,20200707,2,2020-07-07,2020-07-07 12:34:12,316,332,7a4cadc3964b56d50be2dca5b036e9db,False,False,미라벨,4.0,210,12,3,3,384,104.0,0.23724645417111484,True,True,정상
002_20200707_123416(0),2호기,20200707,2,2020-07-07,2020-07-07 12:34:16,316,332,7b3ff7787d031e4efc256dfb3a3d7324,False,False,미라벨,4.0,210,12,3,3,400,104.0,0.23706535000762544,True,True,정상
002_20200708_092945(9),2호기,20200708,2,2020-07-08,2020-07-08 09:29:45,316,332,46e1c79cfd8f63f191f6cd1ba037b8b6,False,False,미라벨,75329.0,211,9,3,3,400,106.0,0.24359463169132226,True,True,정상
002_20200708_092949(9),2호기,20200708,2,2020-07-08,2020-07-08 09:29:49,316,332,eecbcf0c5f96b8159c1f9c570d35b009,False,False,미라벨,4.0,211,9,3,3,392,105.0,0.24247941131615067,True,True,정상
002_20200708_092953(7),2호기,20200708,2,2020-07-08,2020-07-08 09:29:53,316,332,44bd77bd4dca96dbfe40dd5e10263c52,False,False,미라벨,4.0,211,9,3,3,384,104.0,0.24317523257587312,True,True,정상
002_20200708_092957(7),2호기,20200708,2,2020-07-08,2020-07-08 09:29:57,316,332,83a08df77ac097a52815ad2ab52730c1,False,False,미라벨,4.0,211,9,3,3,384,103.0,0.2388382644502059,True,True,정상
002_20200708_093001(9),2호기,20200708,2,2020-07-08,2020-07-08 09:30:01,316,332,72be2b9d0a19055ba3eab5cc9480b7db,False,False,미라벨,4.0,211,9,3,3,392,102.0,0.23915281378679273,True,True,정상
002_20200708_093005(8),2호기,20200708,2,2020-07-08,2020-07-08 09:30:05,316,332,987916ae8f737409334fc5e8ea695182,False,False,미라벨,4.0,211,9,3,3,400,104.0,0.23924813176757664,True,True,정상
002_20200708_123021(9),2호기,20200708,2,2020-07-08,2020-07-08 12:30:21,316,332,86052f07f0e949891e2fc0dd3d9a3faf,False,False,미라벨,10816.0,212,12,3,3,384,102.0,0.2399153576330639,True,True,정상
002_20200708_123025(7),2호기,20200708,2,2020-07-08,2020-07-08 12:30:25,316,332,e341833440f0515dc3650e8e50017df0,False,False,미라벨,4.0,212,12,3,3,392,105.0,0.2391718773829495,True,True,정상
002_20200708_123029(7),2호기,20200708,2,2020-07-08,2020-07-08 12:30:29,316,332,8d28335e33066125c18f042b63a73638,False,False,미라벨,4.0,212,12,3,3,384,104.0,0.23939110873875247,True,True,정상
002_20200708_123034(0),2호기,20200708,2,2020-07-08,2020-07-08 12:30:34,316,332,a98a3cc1ba2ea62803447d0e1c352402,False,False,미라벨,5.0,212,12,3,3,384,102.0,0.24303225560469727,True,True,정상
002_20200708_123037(8),2호기,20200708,2,2020-07-08,2020-07-08 12:30:37,316,332,44b91e2bfe60fbc36d90be0e22534569,False,False,미라벨,3.0,212,12,3,3,384,103.0,0.2428988104315998,True,True,정상
002_20200708_123041(7),2호기,20200708,2,2020-07-08,2020-07-08 12:30:41,316,332,39e0aaf65b3998527dbe71d49e0deae3,False,False,미라벨,4.0,212,12,3,3,384,106.0,0.24350884550861673,True,True,정상
002_20200708_163937(6),2호기,20200708,2,2020-07-08,2020-07-08 16:39:37,316,332,d3446cba3fede873dfdabec17bbf69e2,False,False,미라벨,14936.0,213,16,3,3,384,103.0,0.2391051547964008,True,True,정상
002_20200708_163941(4),2호기,20200708,2,2020-07-08,2020-07-08 16:39:41,316,332,289485f150a14b27c6cfa96758bb2ffb,False,False,미라벨,4.0,213,16,3,3,384,102.0,0.2389240506329114,True,True,정상
002_20200708_163945(4),2호기,20200708,2,2020-07-08,2020-07-08 16:39:45,316,332,f0a51dc415450baa8cca7668ee7e9690,False,False,미라벨,4.0,213,16,3,3,400,104.0,0.2389049870367546,True,True,정상
002_20200708_163949(4),2호기,20200708,2,2020-07-08,2020-07-08 16:39:49,316,332,0add415bf18a9d90dfac8d28313d21ef,False,False,미라벨,4.0,213,16,3,3,400,105.0,0.24157389049870368,True,True,정상
002_20200708_163953(3),2호기,20200708,2,2020-07-08,2020-07-08 16:39:53,316,332,8adea9fb83c56a8f05e23effc475767e,False,False,미라벨,4.0,213,16,3,3,392,105.0,0.24197422601799604,True,True,정상
002_20200708_163957(5),2호기,20200708,2,2020-07-08,2020-07-08 16:39:57,316,332,2129920e152b3abc9608ac2e5bb7ede9,False,False,미라벨,4.0,213,16,3,3,416,104.0,0.24259379289309135,True,True,정상
002_20200708_203125(0),2호기,20200708,2,2020-07-08,2020-07-08 20:31:25,316,332,db4f44eab531cf5496135d14fa284486,False,False,미라벨,13888.0,214,20,3,3,392,104.0,0.23932438615220375,True,True,정상
002_20200708_203128(9),2호기,20200708,2,2020-07-08,2020-07-08 20:31:28,316,332,2430c0ab2141b684d0bf0e52485f85f4,False,False,미라벨,3.0,214,20,3,3,392,104.0,0.23924813176757664,True,True,정상
002_20200708_203132(7),2호기,20200708,2,2020-07-08,2020-07-08 20:31:32,316,332,12aa570bb322b5be45e941bc01c82e02,False,False,미라벨,4.0,214,20,3,3,400,103.0,0.23970565807533933,True,True,정상
002_20200708_203136(7),2호기,20200708,2,2020-07-08,2020-07-08 20:31:36,316,332,b9717079df5e3a8c48a8020d04e60eab,False,False,미라벨,4.0,214,20,3,3,400,103.0,0.2391718773829495,True,True,정상
002_20200708_203140(7),2호기,20200708,2,2020-07-08,2020-07-08 20:31:40,316,332,a6dc229d91e723bd500b25b5822b97db,False,False,미라벨,4.0,214,20,3,3,400,104.0,0.23924813176757664,True,True,정상
002_20200708_203144(7),2호기,20200708,2,2020-07-08,2020-07-08 20:31:44,316,332,c7a19b415bce203ecce20f9423399fe2,False,False,미라벨,4.0,214,20,3,3,392,104.0,0.23841886533475676,True,True,정상
002_20200713_091056(8),2호기,20200713,2,2020-07-13,2020-07-13 09:10:56,316,332,d86679b09578ca1c3b4bff19ee528356,False,False,미라벨,391152.0,215,9,3,3,400,102.0,0.24148810431599818,True,True,정상
002_20200713_091100(5),2호기,20200713,2,2020-07-13,2020-07-13 09:11:00,316,332,d26211f169f584c1c477016dca91f5b1,False,False,미라벨,4.0,215,9,3,3,384,102.0,0.2384760561232271,True,True,정상
002_20200713_091103(8),2호기,20200713,2,2020-07-13,2020-07-13 09:11:03,316,332,e21464322bd16ede3584c977ea25941d,False,False,미라벨,3.0,215,9,3,3,392,103.0,0.23786602104621016,True,True,정상
002_20200713_091106(9),2호기,20200713,2,2020-07-13,2020-07-13 09:11:06,316,332,6177354a2806c3dd06da6d91e635f5ce,False,False,미라벨,3.0,215,9,3,3,392,102.0,0.23786602104621016,True,True,정상
002_20200713_091109(9),2호기,20200713,2,2020-07-13,2020-07-13 09:11:09,316,332,79c808d46f0ae3cb143228a67b895ebc,False,False,미라벨,3.0,215,9,3,3,400,103.0,0.23834261095012962,True,True,정상
002_20200713_091112(5),2호기,20200713,2,2020-07-13,2020-07-13 09:11:12,316,332,dc78fadb705c5573d9d702d67c518b82,False,False,미라벨,3.0,215,9,3,3,392,103.0,0.23866669208479488,True,True,정상
002_20200713_123358(8),2호기,20200713,2,2020-07-13,2020-07-13 12:33:58,316,332,d961616171ee84f85d46396496b5860a,False,False,미라벨,12166.0,216,12,3,3,408,105.0,0.2402775659600427,True,True,정상
002_20200713_123403(4),2호기,20200713,2,2020-07-13,2020-07-13 12:34:03,316,332,58f99041934476ee1b96cd66a4b92fec,False,False,미라벨,5.0,216,12,3,3,384,105.0,0.2406397742870215,True,True,정상
002_20200713_123408(0),2호기,20200713,2,2020-07-13,2020-07-13 12:34:08,316,332,80549fe0e4f935361eee66a820bd3970,False,False,미라벨,5.0,216,12,3,3,384,105.0,0.2400964617965533,True,True,정상
002_20200713_123412(4),2호기,20200713,2,2020-07-13,2020-07-13 12:34:12,316,332,15225934bb1589eedd9c3e21e2886290,False,False,미라벨,4.0,216,12,3,3,384,105.0,0.240725560469727,True,True,정상
002_20200713_123416(9),2호기,20200713,2,2020-07-13,2020-07-13 12:34:16,316,332,801db22e8bfd2c367b71273c36144a54,False,False,미라벨,4.0,216,12,3,3,392,105.0,0.24056351990239438,True,True,정상
002_20200713_123421(4),2호기,20200713,2,2020-07-13,2020-07-13 12:34:21,316,332,4d548ff6277f2e801c89d7336f16b1f2,False,False,미라벨,5.0,216,12,3,3,400,105.0,0.24075415586396218,True,True,정상
002_20200713_163753(9),2호기,20200713,2,2020-07-13,2020-07-13 16:37:53,316,332,917ed5725db681593aef11a1deef26c4,False,False,미라벨,14612.0,217,16,3,3,392,105.0,0.23770398047887753,True,True,정상
002_20200713_163814(8),2호기,20200713,2,2020-07-13,2020-07-13 16:38:14,316,332,114d97df4707188f204e3fd7748dc6ff,False,False,미라벨,21.0,217,16,3,3,400,105.0,0.2388382644502059,True,True,정상
002_20200713_163819(2),2호기,20200713,2,2020-07-13,2020-07-13 16:38:19,316,332,18a2b57e5173a7bf935ad08fb8e7250d,False,False,미라벨,5.0,217,16,3,3,392,105.0,0.23769444868079914,True,True,정상
002_20200713_163823(7),2호기,20200713,2,2020-07-13,2020-07-13 16:38:23,316,332,763183d30de6a8195a90f2ec420dca8c,False,False,미라벨,4.0,217,16,3,3,392,105.0,0.23654110111331403,True,True,정상
002_20200713_163828(2),2호기,20200713,2,2020-07-13,2020-07-13 16:38:28,316,332,f19638116311fc64ec1a9e8c0cb3fbdb,False,False,미라벨,5.0,217,16,3,3,408,104.0,0.23575949367088608,True,True,정상
002_20200713_163832(8),2호기,20200713,2,2020-07-13,2020-07-13 16:38:32,316,332,540a36216d95a75107034e0114d4c183,False,False,미라벨,4.0,217,16,3,3,392,104.0,0.23497788622845814,True,True,정상
002_20200713_202718(1),2호기,20200713,2,2020-07-13,2020-07-13 20:27:18,316,332,932143b3a7ceb76a5eca09b54bea3829,False,False,미라벨,13726.0,218,20,3,3,400,106.0,0.24331820954704894,True,True,정상
002_20200713_202722(5),2호기,20200713,2,2020-07-13,2020-07-13 20:27:22,316,332,bb043a8782b9870fc096fd6c1dd63ba0,False,False,미라벨,4.0,218,20,3,3,384,106.0,0.2424603477199939,True,True,정상
002_20200713_202726(9),2호기,20200713,2,2020-07-13,2020-07-13 20:27:26,316,332,0fc626b14879242ea8665de44e382394,False,False,미라벨,4.0,218,20,3,3,400,106.0,0.24240315693152356,True,True,정상
002_20200713_202731(4),2호기,20200713,2,2020-07-13,2020-07-13 20:27:31,316,332,2f1bd1d743d620c293091b47a8ba6bfe,False,False,미라벨,5.0,218,20,3,3,400,105.0,0.23961987189263384,True,True,정상
002_20200713_202735(9),2호기,20200713,2,2020-07-13,2020-07-13 20:27:35,316,332,0b4527c8e79cf2c3fd58ebfbf746ec3e,False,False,미라벨,4.0,218,20,3,3,400,106.0,0.23958174470032026,True,True,정상
002_20200713_202743(4),2호기,20200713,2,2020-07-13,2020-07-13 20:27:43,316,332,48abea9d3c4442195b72a790025df1d1,False,False,미라벨,8.0,218,20,3,3,400,105.0,0.23868575568095166,True,True,정상
002_20200714_002857(2),2호기,20200714,2,2020-07-14,2020-07-14 00:28:57,316,332,7b359ab9336a555140771055043badef,False,False,미라벨,14474.0,219,0,3,3,392,105.0,0.24217439377764222,True,True,정상
002_20200714_002901(5),2호기,20200714,2,2020-07-14,2020-07-14 00:29:01,316,332,9c19e22fa57bc302980758ff0760c010,False,False,미라벨,4.0,219,0,3,3,400,106.0,0.2426319200854049,True,True,정상
002_20200714_002904(6),2호기,20200714,2,2020-07-14,2020-07-14 00:29:04,316,332,bddbdb2fa00000575271068ccf0339fd,False,False,미라벨,3.0,219,0,3,3,392,105.0,0.24213626658532866,True,True,정상
002_20200714_002907(5),2호기,20200714,2,2020-07-14,2020-07-14 00:29:07,316,332,52c73e22981f75ac8d73c71e4ae54784,False,False,미라벨,3.0,219,0,3,3,392,106.0,0.23949595851761477,True,True,정상
002_20200714_002910(7),2호기,20200714,2,2020-07-14,2020-07-14 00:29:10,316,332,225783f40495c69ad1b3afa9c1f62842,False,False,미라벨,3.0,219,0,3,3,392,105.0,0.23986769864267196,True,True,정상
002_20200714_002915(0),2호기,20200714,2,2020-07-14,2020-07-14 00:29:15,316,332,7aba3c791f25005e3d7b167a2e4a31a6,False,False,미라벨,5.0,219,0,3,3,392,106.0,0.23935298154643891,True,True,정상
002_20200714_043014(3),2호기,20200714,2,2020-07-14,2020-07-14 04:30:14,316,332,1b1c44cbd5a80e90244f36ef14f7b565,False,False,미라벨,14459.0,220,4,3,3,384,105.0,0.24032522495043465,True,True,정상
002_20200714_043020(0),2호기,20200714,2,2020-07-14,2020-07-14 04:30:20,316,332,6b309381f805d36a28025a327cf22874,False,False,미라벨,6.0,220,4,3,3,392,106.0,0.23963893548879062,True,True,정상
002_20200714_043024(4),2호기,20200714,2,2020-07-14,2020-07-14 04:30:24,316,332,54f49efc3df91725b3aa6e237d009283,False,False,미라벨,4.0,220,4,3,3,408,105.0,0.23985816684459357,True,True,정상
002_20200714_043029(1),2호기,20200714,2,2020-07-14,2020-07-14 04:30:29,316,332,6f533e28700270210f97e5374da248b3,False,True,제외(튜토리얼),5.0,220,4,3,3,424,106.0,0.24334680494128413,True,True,정상
002_20200714_043033(4),2호기,20200714,2,2020-07-14,2020-07-14 04:30:33,316,332,41d6c8ddfeb74f7ef20af9b542d0e87e,False,False,미라벨,4.0,220,4,2,2,424,107.0,0.2430131920085405,True,True,정상
002_20200714_043037(9),2호기,20200714,2,2020-07-14,2020-07-14 04:30:37,316,332,f338c325f7fbf0e3d0804af4bc30b466,False,False,미라벨,4.0,220,4,3,3,416,106.0,0.24285115144120786,True,True,정상
002_20200714_230002(9),2호기,20200714,2,2020-07-14,2020-07-14 23:00:02,316,332,178cf0e4af321e37a13d1b4d5f6f14d8,False,False,미라벨,66565.0,221,23,3,3,400,105.0,0.2404777337196889,True,True,정상
002_20200714_230006(3),2호기,20200714,2,2020-07-14,2020-07-14 23:00:06,316,332,a4c1e1bd9889a81fdd59f0a8ca57d78f,False,False,미라벨,4.0,221,23,3,3,384,105.0,0.2407350922678054,True,True,정상
002_20200714_230010(7),2호기,20200714,2,2020-07-14,2020-07-14 23:00:10,316,332,c14d6c60931e433575432494a0edf946,False,False,미라벨,4.0,221,23,3,3,408,106.0,0.2428130242488943,True,True,정상
002_20200714_230014(1),2호기,20200714,2,2020-07-14,2020-07-14 23:00:14,316,332,7034959653e82e5aa6633c9963bae4a8,False,False,미라벨,4.0,221,23,3,3,400,106.0,0.23941970413298766,True,True,정상
002_20200714_230017(3),2호기,20200714,2,2020-07-14,2020-07-14 23:00:17,316,332,a2d029a221422609bb7c9f57ee38a8a2,False,False,미라벨,3.0,221,23,3,3,392,107.0,0.2391814091810279,True,True,정상
002_20200714_230020(6),2호기,20200714,2,2020-07-14,2020-07-14 23:00:20,316,332,d3e41ef3a3f61432ee4dc85b4512e8b9,False,False,미라벨,3.0,221,23,3,3,384,106.0,0.2381710385847186,True,True,정상
002_20200715_002706(2),2호기,20200715,2,2020-07-15,2020-07-15 00:27:06,316,332,1c9d67a703f3f3d22540387bcd96d435,False,False,미라벨,5206.0,222,0,3,3,384,106.0,0.23961034009455542,True,True,정상
002_20200715_002710(7),2호기,20200715,2,2020-07-15,2020-07-15 00:27:10,316,332,071cb5c0fd61d94ad163632bd4cf3cca,False,False,미라벨,4.0,222,0,3,3,408,106.0,0.23895264602714655,True,True,정상
002_20200715_002715(0),2호기,20200715,2,2020-07-15,2020-07-15 00:27:15,316,332,33c73e7fd7f4d3b29aaa6b4fc3cf6872,False,False,미라벨,5.0,222,0,3,3,408,105.0,0.23877154186365715,True,True,정상
002_20200715_002719(6),2호기,20200715,2,2020-07-15,2020-07-15 00:27:19,316,332,8e2a2a1a3cf2218e2973156b6f703f23,False,False,미라벨,4.0,222,0,3,3,392,108.0,0.24306085099893243,True,True,정상
002_20200715_002728(6),2호기,20200715,2,2020-07-15,2020-07-15 00:27:28,316,332,6679c4d67ef65f2c70fe1f9e65045c1b,False,False,미라벨,9.0,222,0,3,3,392,106.0,0.24309897819124598,True,True,정상
002_20200715_002733(1),2호기,20200715,2,2020-07-15,2020-07-15 00:27:33,316,332,550c4cd409e467011329e44828900a74,False,False,미라벨,5.0,222,0,3,3,392,106.0,0.2433754003355193,True,True,정상
002_20200715_042403(8),2호기,20200715,2,2020-07-15,2020-07-15 04:24:03,316,332,ea92b206c5a416f3671ef43f9b29e147,False,False,미라벨,14190.0,223,4,3,3,384,106.0,0.24365182247979258,True,True,정상
002_20200715_042408(4),2호기,20200715,2,2020-07-15,2020-07-15 04:24:08,316,332,c007e245121f9fa9291bb53f7b173a92,False,False,미라벨,5.0,223,4,3,3,400,108.0,0.24396637181637945,True,True,정상
002_20200715_042412(9),2호기,20200715,2,2020-07-15,2020-07-15 04:24:12,316,332,193f1a032571027bb7c10e63d8e348f4,False,False,미라벨,4.0,223,4,3,3,408,109.0,0.24349931371053835,True,True,정상
002_20200715_042417(3),2호기,20200715,2,2020-07-15,2020-07-15 04:24:17,316,332,583e2075654deacaf25235b2c72fc487,False,False,미라벨,5.0,223,4,3,3,384,107.0,0.23942923593106605,True,True,정상
002_20200715_042421(7),2호기,20200715,2,2020-07-15,2020-07-15 04:24:21,316,332,e51140e04510741828e3b51388955f78,False,False,미라벨,4.0,223,4,3,3,400,106.0,0.23961987189263384,True,True,정상
002_20200715_042426(3),2호기,20200715,2,2020-07-15,2020-07-15 04:24:26,316,332,1dbb4a312e022fbdacf255f9f67cfe5d,False,False,미라벨,5.0,223,4,3,3,400,108.0,0.2398391032484368,True,True,정상
002_20200715_083106(3),2호기,20200715,2,2020-07-15,2020-07-15 08:31:06,316,332,ae06b760c0011504d9a1b2543b52bc33,False,False,미라벨,14800.0,224,8,3,3,400,107.0,0.23884779624828428,True,True,정상
002_20200715_083109(1),2호기,20200715,2,2020-07-15,2020-07-15 08:31:09,316,332,66dd0778b2249e804526f807a7420e8d,False,False,미라벨,3.0,224,8,3,3,400,107.0,0.23813291139240506,True,True,정상
002_20200715_083113(8),2호기,20200715,2,2020-07-15,2020-07-15 08:31:13,316,332,33c041e93b5ad5e95078cbfe6e7eda93,False,False,미라벨,4.0,224,8,3,3,408,108.0,0.2395436175080067,True,True,정상
002_20200715_083118(3),2호기,20200715,2,2020-07-15,2020-07-15 08:31:18,316,332,fdc5cdfd137853fe8d6c260b59d35a7c,False,False,미라벨,5.0,224,8,3,3,400,108.0,0.23935298154643891,True,True,정상
002_20200715_083122(8),2호기,20200715,2,2020-07-15,2020-07-15 08:31:22,316,332,75fba3939e2d4558d2ad9ca65fb7f4fe,False,False,미라벨,4.0,224,8,3,3,400,107.0,0.23874294646942198,True,True,정상
002_20200715_083127(3),2호기,20200715,2,2020-07-15,2020-07-15 08:31:27,316,332,a8ddc5b5cfeddfee1354c312418d6b63,False,False,미라벨,5.0,224,8,3,3,400,107.0,0.2392767271618118,True,True,정상
002_20200721_163536(6),2호기,20200721,2,2020-07-21,2020-07-21 16:35:36,316,332,fb11b096d9ef3847b75768b8e041a08e,False,False,미라벨,547449.0,225,16,1,1,136,105.0,0.25129632453866096,True,True,정상
002_20200721_163539(9),2호기,20200721,2,2020-07-21,2020-07-21 16:35:39,316,332,acd69c8433b85088933e7dbc9de56a28,False,False,미라벨,3.0,225,16,1,1,128,105.0,0.25353629708708253,True,True,정상
002_20200721_163543(2),2호기,20200721,2,2020-07-21,2020-07-21 16:35:43,316,332,7bb89886920ab19bccdcb7dafe8e19c4,False,False,미라벨,4.0,225,16,1,1,128,106.0,0.2528214122312033,True,True,정상
002_20200721_163548(0),2호기,20200721,2,2020-07-21,2020-07-21 16:35:48,316,332,422076e1c00bfdeb9e4d32ef073a4196,False,False,미라벨,5.0,225,16,1,1,128,103.0,0.25069582125972245,True,True,정상
002_20200721_163551(3),2호기,20200721,2,2020-07-21,2020-07-21 16:35:51,316,332,da7f0d39e92abc941e88059b9908f4b0,False,False,미라벨,3.0,225,16,1,1,136,107.0,0.2539938233948452,True,True,정상
002_20200721_163554(6),2호기,20200721,2,2020-07-21,2020-07-21 16:35:54,316,332,be7df5ac85ee80f237ad13b2d08f26bf,False,False,미라벨,3.0,225,16,1,1,128,106.0,0.25332659752935793,True,True,정상
002_20200722_003424(1),2호기,20200722,2,2020-07-22,2020-07-22 00:34:24,316,332,37a67c99249079b9dd10e8aa8937210b,False,False,미라벨,28710.0,226,0,1,1,144,111.0,0.2506100350770169,True,True,정상
002_20200722_003428(4),2호기,20200722,2,2020-07-22,2020-07-22 00:34:28,316,332,b945a90b8e6b9b11f9593ec339d9a004,False,False,미라벨,4.0,226,0,1,1,128,110.0,0.2459108586243709,True,True,정상
002_20200722_043525(6),2호기,20200722,2,2020-07-22,2020-07-22 04:35:25,316,332,cefa8391ef2628c151b2d1601497f69c,False,False,미라벨,14457.0,227,4,1,1,136,111.0,0.24648276650907427,True,True,정상
002_20200722_043529(9),2호기,20200722,2,2020-07-22,2020-07-22 04:35:29,316,332,1c6a5634f5ca06ad4b00d944cc5ea821,False,False,미라벨,4.0,227,4,1,1,128,111.0,0.25247826750038127,True,True,정상
002_20200722_083350(7),2호기,20200722,2,2020-07-22,2020-07-22 08:33:50,316,332,88bf3d33a5b2d83faa8df2c2b40d847d,False,False,미라벨,14301.0,228,8,1,1,136,112.0,0.24958060088455086,True,True,정상
002_20200722_083355(2),2호기,20200722,2,2020-07-22,2020-07-22 08:33:55,316,332,43430bac43a0e8888ce265fb31dce08e,False,False,미라벨,5.0,228,8,1,1,136,112.0,0.24824614915357632,True,True,정상
002_20200722_131101(2),2호기,20200722,2,2020-07-22,2020-07-22 13:11:01,316,332,5e2030bf2d7a9b7f5b61bf3d80f65826,False,False,미라벨,16626.0,229,13,1,1,144,109.0,0.23941017233490924,True,True,정상
002_20200722_131105(7),2호기,20200722,2,2020-07-22,2020-07-22 13:11:05,316,332,ba419114500452e868f8d35a487f8e3c,False,False,미라벨,4.0,229,13,1,1,128,110.0,0.24513878298002134,True,True,정상
002_20200722_163020(9),2호기,20200722,2,2020-07-22,2020-07-22 16:30:20,316,332,f79a1ca896a700c8ee634682a550e0f0,False,False,미라벨,11955.0,230,16,1,1,128,106.0,0.24251753850846425,True,True,정상
002_20200722_163034(4),2호기,20200722,2,2020-07-22,2020-07-22 16:30:34,316,332,b2b972b5a7aa1ac032b5c43a8983de9e,False,False,미라벨,14.0,230,16,1,1,152,106.0,0.2472739057495806,True,True,정상
002_20200723_003123(9),2호기,20200723,2,2020-07-23,2020-07-23 00:31:23,316,332,c23cb1be2ac47b8eeb40cc87d8c56078,False,False,미라벨,28849.0,231,0,1,1,128,110.0,0.24977123684611865,True,True,정상
002_20200723_003128(3),2호기,20200723,2,2020-07-23,2020-07-23 00:31:28,316,332,3fcbe1b9daeb986da302115b416e7644,False,False,미라벨,5.0,231,0,1,1,128,108.0,0.24686403843220986,True,True,정상
002_20200723_043243(7),2호기,20200723,2,2020-07-23,2020-07-23 04:32:43,316,332,5ba55f256f6fd1b5cc86d277846361ff,False,False,미라벨,14475.0,232,4,1,1,144,110.5,0.250514717096233,True,True,정상
002_20200723_043248(3),2호기,20200723,2,2020-07-23,2020-07-23 04:32:48,316,332,dabe42d9cdabf4cab14fcbea2b341512,False,False,미라벨,5.0,232,4,1,1,128,110.0,0.2489133750190636,True,True,정상
002_20200723_082414(2),2호기,20200723,2,2020-07-23,2020-07-23 08:24:14,316,332,7ba34f865c1cf23f149844226f291695,False,False,미라벨,13886.0,233,8,1,1,128,108.0,0.24902775659600426,True,True,정상
002_20200723_082418(9),2호기,20200723,2,2020-07-23,2020-07-23 08:24:18,316,332,247081f7c02210494c6c0a0363a6cb64,False,False,미라벨,4.0,233,8,1,1,128,107.0,0.24882758883635808,True,True,정상
002_20200723_123231(8),2호기,20200723,2,2020-07-23,2020-07-23 12:32:31,316,332,80a56fdf4f350217b28b6f460c685aec,False,False,미라벨,14893.0,234,12,1,1,128,106.0,0.24803644959585175,True,True,정상
002_20200723_123236(1),2호기,20200723,2,2020-07-23,2020-07-23 12:32:36,316,332,f545707e361ec8211c8accbb9083bb51,False,False,미라벨,5.0,234,12,1,1,128,107.0,0.2516490010675614,True,True,정상
002_20200723_163042(4),2호기,20200723,2,2020-07-23,2020-07-23 16:30:42,316,332,346a676b0af2370738b508f604494b24,False,False,미라벨,14286.0,235,16,1,1,136,103.0,0.23920047277718468,True,True,정상
002_20200723_163045(7),2호기,20200723,2,2020-07-23,2020-07-23 16:30:45,316,332,e42a3a4387fdbb2fd0008f83aff68b0b,False,False,미라벨,3.0,235,16,1,1,176,100.0,0.2373513039499771,True,True,정상
002_20200723_203159(2),2호기,20200724,2,2020-07-23,2020-07-23 20:31:59,316,332,52cb6e5c2c89abc75f1ba24d4bf4a0ed,False,False,미라벨,14474.0,236,20,1,1,128,108.0,0.24852257129784963,True,True,정상
002_20200723_203202(3),2호기,20200724,2,2020-07-23,2020-07-23 20:32:02,316,332,7bbe77f878ab7584b5c6c03d6b0d4f05,False,False,미라벨,3.0,236,20,1,1,136,108.0,0.2484653805093793,True,True,정상
002_20200724_003143(3),2호기,20200724,2,2020-07-24,2020-07-24 00:31:43,316,332,5ecf61c9a0efa9f27de1c0452cb12ed0,False,False,미라벨,14381.0,237,0,1,1,128,110.0,0.25457526307762696,True,True,정상
002_20200724_003148(0),2호기,20200724,2,2020-07-24,2020-07-24 00:31:48,316,332,0cc570cd1aef483f3e12a5b1d0a4b203,False,False,미라벨,5.0,237,0,1,1,136,110.0,0.25222090895226473,True,True,정상
002_20200727_091734(5),2호기,20200727,2,2020-07-27,2020-07-27 09:17:34,316,332,23e29a0d092d5ac22e65399ca9d3432f,False,False,미라벨,290746.0,238,9,1,1,136,108.0,0.25269749885618426,True,True,정상
002_20200727_091737(7),2호기,20200727,2,2020-07-27,2020-07-27 09:17:37,316,332,e041796d23c02172899cf3906bfee79f,False,False,미라벨,3.0,238,9,1,1,136,110.0,0.2573490163184383,True,True,정상
002_20200727_123224(5),2호기,20200727,2,2020-07-27,2020-07-27 12:32:24,316,332,0967dde6de8372c1bb0390f11ecda189,False,False,미라벨,11687.0,239,12,1,1,136,110.0,0.25188729601952115,True,True,정상
002_20200727_123227(4),2호기,20200727,2,2020-07-27,2020-07-27 12:32:27,316,332,d334687858197a19136a5540a996a100,False,False,미라벨,3.0,239,12,1,1,136,109.0,0.25023829495195976,True,True,정상
002_20200727_163325(2),2호기,20200727,2,2020-07-27,2020-07-27 16:33:25,316,332,2c48684e8401b708ebce182cc5eed5a1,False,False,미라벨,14458.0,240,16,1,1,128,109.0,0.24933277413451274,True,True,정상
002_20200727_163329(7),2호기,20200727,2,2020-07-27,2020-07-27 16:33:29,316,332,88d8ea3f874953e9b27c7b2f2470f99b,False,False,미라벨,4.0,240,16,1,1,128,110.0,0.25195401860606986,True,True,정상
002_20200727_204743(0),2호기,20200727,2,2020-07-27,2020-07-27 20:47:43,316,332,b203ca030518e1466e6031a72ec79d9f,False,False,미라벨,15254.0,241,20,1,1,136,109.0,0.2500095317980784,True,True,정상
002_20200727_204746(6),2호기,20200727,2,2020-07-27,2020-07-27 20:47:46,316,332,acfff3547a89786ba34c0cc9af7e7cd5,False,False,미라벨,3.0,241,20,1,1,136,111.0,0.2543941589141376,True,True,정상
002_20200728_014158(9),2호기,20200728,2,2020-07-28,2020-07-28 01:41:58,316,332,2290d908b15155d697c79865d5788d33,False,False,미라벨,17652.0,242,1,1,1,136,112.0,0.2521446545676376,True,True,정상
002_20200728_014203(2),2호기,20200728,2,2020-07-28,2020-07-28 01:42:03,316,332,0488db5098bbe3c9729ba77be8b663e5,False,False,미라벨,5.0,242,1,1,1,136,112.0,0.2554998474912307,True,True,정상
002_20200728_043429(7),2호기,20200728,2,2020-07-28,2020-07-28 04:34:29,316,332,577400d6ba536b7f008caa379762b2d4,False,False,미라벨,10346.0,243,4,1,1,128,106.0,0.2489991612017691,True,True,정상
002_20200728_043435(6),2호기,20200728,2,2020-07-28,2020-07-28 04:34:35,316,332,93e7560cfe7ad6af9aba8675bbb0d43e,False,False,미라벨,6.0,243,4,1,1,144,112.0,0.2541558639621778,True,True,정상
002_20200728_083031(3),2호기,20200728,2,2020-07-28,2020-07-28 08:30:31,316,332,cf8d313af1c4363b457d18546fe61571,False,False,미라벨,14156.0,244,8,1,1,128,112.0,0.2519063596156779,True,True,정상
002_20200728_083035(2),2호기,20200728,2,2020-07-28,2020-07-28 08:30:35,316,332,857766a9aa0f6010a7a8557f46f06c6d,False,False,미라벨,4.0,244,8,1,1,128,113.0,0.2529834527985359,True,True,정상
002_20200728_123102(5),2호기,20200728,2,2020-07-28,2020-07-28 12:31:02,316,332,2e88f9400f341fe1056dfff06666411d,False,False,미라벨,14427.0,245,12,1,1,136,113.0,0.2538031874332774,True,True,정상
002_20200728_123106(5),2호기,20200728,2,2020-07-28,2020-07-28 12:31:06,316,332,55a232b04682c39746f4240e82748eda,False,False,미라벨,4.0,245,12,1,1,128,112.0,0.2531836205581821,True,True,정상
002_20200728_163706(6),2호기,20200728,2,2020-07-28,2020-07-28 16:37:06,316,332,5e066d6e6f8d61332adfd05adbc0e35b,False,False,미라벨,14760.0,246,16,1,1,128,113.0,0.25622426414518834,True,True,정상
002_20200728_163710(5),2호기,20200728,2,2020-07-28,2020-07-28 16:37:10,316,332,9a352bfd78ba86704591a3e0bd86c4cc,False,False,미라벨,4.0,246,16,1,1,128,113.0,0.2560908189720909,True,True,정상
002_20200810_084910(4),2호기,20200810,2,2020-08-10,2020-08-10 08:49:10,316,332,2ab9ce1fed559ec9ae19fe74ae0539ac,False,False,미라벨,1095120.0,247,8,1,1,136,113.0,0.2530978343754766,True,True,정상
002_20200810_084913(2),2호기,20200810,2,2020-08-10,2020-08-10 08:49:13,316,332,bea2bf56b3153ee7986fa0767d6e1d3b,False,False,미라벨,3.0,247,8,1,1,128,113.0,0.2512867927405826,True,True,정상
002_20200810_123005(5),2호기,20200810,2,2020-08-10,2020-08-10 12:30:05,316,332,bfd07f5f25fa8cc332d71965fd25f6d7,False,False,미라벨,13252.0,248,12,1,1,136,113.0,0.24695935641299374,True,True,정상
002_20200810_123009(4),2호기,20200810,2,2020-08-10,2020-08-10 12:30:09,316,332,3e9210e8f2a99e349fb8c1615d64b57b,False,False,미라벨,4.0,248,12,1,1,136,114.0,0.24995234100960806,True,True,정상
002_20200810_163043(1),2호기,20200810,2,2020-08-10,2020-08-10 16:30:43,316,332,3eea7c7ae27102df7d0408c337ad0bb9,False,False,미라벨,14434.0,249,16,1,1,128,114.0,0.2506481622693305,True,True,정상
002_20200810_163047(0),2호기,20200810,2,2020-08-10,2020-08-10 16:30:47,316,332,0171a430e32013a0a3cda49f557d5fd0,False,False,미라벨,4.0,249,16,1,1,128,115.0,0.25279281683696814,True,True,정상
002_20200810_203016(8),2호기,20200810,2,2020-08-10,2020-08-10 20:30:16,316,332,db07ce249054d2d75a7bb677a624854a,False,False,미라벨,14369.0,250,20,1,1,136,114.0,0.24986655482690254,True,True,정상
002_20200810_203020(9),2호기,20200810,2,2020-08-10,2020-08-10 20:30:20,316,332,72746ad5edd15d18acdaa27f6fd0e2a8,False,False,미라벨,4.0,250,20,1,1,128,115.0,0.25121053835595547,True,True,정상
002_20200811_002929(3),2호기,20200811,2,2020-08-11,2020-08-11 00:29:29,316,332,1dcdd8d5b083270768d80398cd8467bb,False,False,미라벨,14349.0,251,0,1,1,144,113.0,0.24641604392252556,True,True,정상
002_20200811_002936(8),2호기,20200811,2,2020-08-11,2020-08-11 00:29:36,316,332,230fc1420dbe9832e9b0b56396462d21,False,False,미라벨,7.0,251,0,1,1,128,111.0,0.2480936403843221,True,True,정상
002_20200814_032826(3),2호기,20200814,2,2020-08-14,2020-08-14 03:28:26,316,332,f2b945b9eb8bcc4a2ce39060143a7185,False,False,미라벨,269930.0,252,3,1,1,128,114.0,0.2602848101265823,True,True,정상
002_20200814_032835(5),2호기,20200814,2,2020-08-14,2020-08-14 03:28:35,316,332,e74d4e1ce2b907fe32650aec89b162a3,False,False,미라벨,9.0,252,3,1,1,128,112.0,0.25739667530883026,True,True,정상
002_20200814_043103(6),2호기,20200814,2,2020-08-14,2020-08-14 04:31:03,316,332,2e1c3e876c20038b43e71b34a2bcd29d,False,False,미라벨,3748.0,253,4,1,1,128,113.0,0.2566245996644807,True,True,정상
002_20200814_043115(5),2호기,20200814,2,2020-08-14,2020-08-14 04:31:15,316,332,04fcce5a9a328a42f278fa214c22ebce,False,False,미라벨,12.0,253,4,1,1,128,113.0,0.2525163946926948,True,True,정상
002_20200814_083411(8),2호기,20200814,2,2020-08-14,2020-08-14 08:34:11,316,332,8fb03f1fa49acd2b28842197e17bb8b0,False,False,미라벨,14576.0,254,8,1,1,136,113.0,0.2521446545676376,True,True,정상
002_20200814_083414(7),2호기,20200814,2,2020-08-14,2020-08-14 08:34:14,316,332,2c5ca4f6e5b571eaf1110681d24b3d4d,False,False,미라벨,3.0,254,8,1,1,136,113.0,0.25160134207716944,True,True,정상
002_20200814_123224(3),2호기,20200814,2,2020-08-14,2020-08-14 12:32:24,316,332,78d216056a669466333da40a31a78534,False,False,미라벨,14290.0,255,12,1,1,128,111.0,0.24803644959585175,True,True,정상
002_20200814_123228(8),2호기,20200814,2,2020-08-14,2020-08-14 12:32:28,316,332,b4c0817edbb4bdcc1c1cccaa0ff98ba7,False,False,미라벨,4.0,255,12,1,1,128,113.0,0.2520969955772457,True,True,정상
002_20200814_163309(9),2호기,20200814,2,2020-08-14,2020-08-14 16:33:09,316,332,c3438ef94a78738b0043dc18cf31da02,False,False,미라벨,14441.0,256,16,1,1,136,115.0,0.24983795943266737,True,True,정상
002_20200814_163312(9),2호기,20200814,2,2020-08-14,2020-08-14 16:33:12,316,332,2a90ec851b43bbd3983a4b3235b03403,False,False,미라벨,3.0,256,16,1,1,136,114.0,0.25003812719231355,True,True,정상
002_20200814_203248(3),2호기,20200814,2,2020-08-14,2020-08-14 20:32:48,316,332,f2afa41c9cf69808d23dcd473f8e2d4b,False,False,미라벨,14376.0,257,20,1,1,128,114.0,0.2482938081439683,True,True,정상
002_20200814_203255(7),2호기,20200814,2,2020-08-14,2020-08-14 20:32:55,316,332,22fba6806fbed4adb826fd0d23ff067f,False,False,미라벨,7.0,257,20,1,1,136,115.0,0.25078160744242795,True,True,정상
002_20200815_003211(1),2호기,20200815,2,2020-08-15,2020-08-15 00:32:11,316,332,0b7ccd026938c753a800c973c38f28e4,False,False,미라벨,14356.0,258,0,1,1,128,115.0,0.25010484977886227,True,True,정상
002_20200815_003217(4),2호기,20200815,2,2020-08-15,2020-08-15 00:32:17,316,332,6fac6119964a5b300be8e73d95b3e398,False,False,미라벨,6.0,258,0,1,1,128,115.0,0.2511914747597987,True,True,정상
002_20200818_123445(7),2호기,20200818,2,2020-08-18,2020-08-18 12:34:45,316,332,1a60665d11e003389440fd11315544c2,False,False,미라벨,302548.0,259,12,1,1,136,112.0,0.25630051852981545,True,True,정상
002_20200818_123452(1),2호기,20200818,2,2020-08-18,2020-08-18 12:34:52,316,332,3a2bada69db331fc790ae55618a6daed,False,False,미라벨,7.0,259,12,1,1,128,112.0,0.2550613847796248,True,True,정상
002_20200818_163006(5),2호기,20200818,2,2020-08-18,2020-08-18 16:30:06,316,332,6f4397c907766d4b6ca97a62f8120697,False,False,미라벨,14114.0,260,16,1,1,128,112.0,0.2536411468659448,True,True,정상
002_20200818_163014(5),2호기,20200818,2,2020-08-18,2020-08-18 16:30:14,316,332,bff1a8e8c28f7993014a32a389875413,False,False,미라벨,8.0,260,16,1,1,136,113.0,0.2570821259722434,True,True,정상
002_20200818_203329(0),2호기,20200818,2,2020-08-18,2020-08-18 20:33:29,316,332,a1d5a3e23d9577bbf5026c9f1d7ce42d,False,False,미라벨,14595.0,261,20,1,1,128,113.0,0.25414633216409943,True,True,정상
002_20200818_203333(4),2호기,20200818,2,2020-08-18,2020-08-18 20:33:33,316,332,2c6b49b271806635b00e927d28f2b7b3,False,False,미라벨,4.0,261,20,1,1,136,113.0,0.2552043617508007,True,True,정상
002_20200819_003211(0),2호기,20200819,2,2020-08-19,2020-08-19 00:32:11,316,332,644ee11120e8a691c06a859a9b03c63d,False,False,미라벨,14318.0,262,0,1,1,128,110.0,0.25183963702912915,True,True,정상
002_20200819_003213(8),2호기,20200819,2,2020-08-19,2020-08-19 00:32:13,316,332,b5f51d25d5974c0c47ac3c9f73af5e0f,False,False,미라벨,2.0,262,0,1,1,128,110.0,0.25367927405825835,True,True,정상
002_20200819_043343(8),2호기,20200819,2,2020-08-19,2020-08-19 04:33:43,316,332,afe1632fa0ed4d48096d3e24b3075075,False,False,미라벨,14490.0,263,4,1,1,128,112.0,0.24833193533628184,True,True,정상
002_20200819_043346(8),2호기,20200819,2,2020-08-19,2020-08-19 04:33:46,316,332,9f850cb6b81b8039d2d17ec518d34ca1,False,False,미라벨,3.0,263,4,1,1,128,113.0,0.249094479182553,True,True,정상
002_20200819_083326(7),2호기,20200819,2,2020-08-19,2020-08-19 08:33:26,316,332,8796ef0ddfd10ce8b906adbe93aa93e9,False,False,미라벨,14380.0,264,8,1,1,128,109.0,0.2491897971633369,True,True,정상
002_20200819_083328(5),2호기,20200819,2,2020-08-19,2020-08-19 08:33:28,316,332,f4df97027cd3caeef1d03f5942a9e31f,False,False,미라벨,2.0,264,8,1,1,128,113.0,0.25031454933658687,True,True,정상
002_20200819_124217(5),2호기,20200819,2,2020-08-19,2020-08-19 12:42:17,316,332,76b0bd841737f89a53be2301428c51ca,False,False,미라벨,14929.0,265,12,1,1,128,109.0,0.24457640689339638,True,True,정상
002_20200819_124225(2),2호기,20200819,2,2020-08-19,2020-08-19 12:42:25,316,332,f013c9e50b30fc70e7734fb38ff0b24d,False,False,미라벨,8.0,265,12,1,1,128,113.0,0.2535744242793961,True,True,정상
002_20200819_162523(2),2호기,20200819,2,2020-08-19,2020-08-19 16:25:23,316,332,22a52a28e6473f0c68228d2f2962b7bd,False,False,미라벨,13378.0,266,16,1,1,128,114.0,0.25077207564434956,True,True,정상
002_20200819_162527(8),2호기,20200819,2,2020-08-19,2020-08-19 16:25:27,316,332,2fd6aa4bab90030d3ae50368ccf96be9,False,False,미라벨,4.0,266,16,1,1,136,113.0,0.24912307457678817,True,True,정상
002_20200821_150506(5),2호기,20200821,2,2020-08-21,2020-08-21 15:05:06,316,332,fb3386f368eec2a579d81d2f1875fb30,False,False,미라벨,167979.0,267,15,1,1,128,113.0,0.2546896446545676,True,True,정상
002_20200821_150510(6),2호기,20200821,2,2020-08-21,2020-08-21 15:05:10,316,332,60ad0f35871adcafe00622ff26fe31fc,False,False,미라벨,4.0,267,15,1,1,136,111.0,0.2504575263077627,True,True,정상
002_20200821_163435(4),2호기,20200821,2,2020-08-21,2020-08-21 16:34:35,316,332,3cf0e8f415c223f3ecee65623801eb4e,False,False,미라벨,5365.0,268,16,1,1,128,110.0,0.2504289309135275,True,True,정상
002_20200821_163441(6),2호기,20200821,2,2020-08-21,2020-08-21 16:34:41,316,332,4bf83d3ab040c716eef06890dae054a7,False,False,미라벨,6.0,268,16,1,1,176,113.0,0.25799717858776877,True,True,정상
002_20200821_203925(1),2호기,20200821,2,2020-08-21,2020-08-21 20:39:25,316,332,e19112971a0b788c2ea4199d0b20f021,False,False,미라벨,14684.0,269,20,1,1,136,112.0,0.25710118956840017,True,True,정상
002_20200821_203927(9),2호기,20200821,2,2020-08-21,2020-08-21 20:39:27,316,332,6213a82d56c8bc18678f70bb36452f14,False,False,미라벨,2.0,269,20,1,1,136,112.0,0.25649115449138327,True,True,정상
002_20200826_023149(2),2호기,20200826,2,2020-08-26,2020-08-26 02:31:49,316,332,c64c32f4a74e8afbb0eac78d94905dec,False,False,미라벨,366742.0,270,2,1,1,136,110.0,0.25675804483757814,True,True,정상
002_20200826_023154(4),2호기,20200826,2,2020-08-26,2020-08-26 02:31:54,316,332,63e9e55ad20f0624cf3c830ad9a9648a,False,False,미라벨,5.0,270,2,1,1,128,106.0,0.2516490010675614,True,True,정상
002_20200826_043116(7),2호기,20200826,2,2020-08-26,2020-08-26 04:31:16,316,332,68a2dca4738d5549d378b56223c7c5d3,False,False,미라벨,7162.0,271,4,1,1,136,110.0,0.24650183010523105,True,True,정상
002_20200826_043121(1),2호기,20200826,2,2020-08-26,2020-08-26 04:31:21,316,332,b2959b37bc6c9c75b3893544e1901099,False,False,미라벨,5.0,271,4,1,1,128,112.0,0.25121053835595547,True,True,정상
002_20200826_123512(3),2호기,20200826,2,2020-08-26,2020-08-26 12:35:12,316,332,bb45eb9dd0bfd95178196d70861b1f50,False,False,미라벨,29031.0,272,12,1,1,128,113.0,0.2586929998474912,True,True,정상
002_20200826_123515(1),2호기,20200826,2,2020-08-26,2020-08-26 12:35:15,316,332,8154b1725d8ea565993f443a8512281b,False,False,미라벨,3.0,272,12,1,1,128,114.0,0.2578732652127497,True,True,정상
002_20200826_163123(8),2호기,20200826,2,2020-08-26,2020-08-26 16:31:23,316,332,33a2c0a32575704b12c8506c245255ab,False,False,미라벨,14168.0,273,16,1,1,128,105.0,0.2344822327283819,True,True,정상
002_20200826_163126(9),2호기,20200826,2,2020-08-26,2020-08-26 16:31:26,316,332,2b28fddec141074eee32e8113a97cb3f,False,False,미라벨,3.0,273,16,1,1,128,105.0,0.23516852219002593,True,True,정상
002_20200828_002838(9),2호기,20200828,2,2020-08-28,2020-08-28 00:28:38,316,332,1c7a61655a709b5477a68ea99e542542,False,False,미라벨,115032.0,274,0,1,1,136,100.0,0.2341104926033247,True,True,정상
002_20200828_002842(8),2호기,20200828,2,2020-08-28,2020-08-28 00:28:42,316,332,9a5cb3a2a4fe3d51fe7f9a7d799d504f,False,False,미라벨,4.0,274,0,1,1,128,105.0,0.24573928625895988,True,True,정상
002_20200831_083537(6),2호기,20200831,2,2020-08-31,2020-08-31 08:35:37,316,332,4143bbc4575f838d096015e67b16801e,False,False,미라벨,288415.0,275,8,1,1,136,105.0,0.2402775659600427,True,True,정상
002_20200831_083543(5),2호기,20200831,2,2020-08-31,2020-08-31 08:35:43,316,332,6e9f854c4101031fada15783f825ec7f,False,False,미라벨,6.0,275,8,1,1,128,106.0,0.24816036297087082,True,True,정상
002_20200831_123129(1),2호기,20200831,2,2020-08-31,2020-08-31 12:31:29,316,332,d36611a75514191bea19c119dbdec76e,False,False,미라벨,14146.0,276,12,1,1,128,105.0,0.2367222052768034,True,True,정상
002_20200831_123136(7),2호기,20200831,2,2020-08-31,2020-08-31 12:31:36,316,332,e0f2a83c5606f4ce2c3bc24cef4794d5,False,False,미라벨,7.0,276,12,1,1,136,109.0,0.24784581363428398,True,True,정상
002_20200831_163149(1),2호기,20200831,2,2020-08-31,2020-08-31 16:31:49,316,332,75a648a8fda89c106a68b395be0ba7c1,True,False,GT,14413.0,277,16,1,1,128,105.0,0.24360416348940064,True,True,정상
002_20200831_163150(6),2호기,20200831,2,2020-08-31,2020-08-31 16:31:50,316,332,bcc4ff1c12c16ba0bbc5648cbf704bda,True,False,GT,1.0,277,16,1,1,136,105.0,0.2367412688729602,True,True,정상
002_20200831_203101(4),2호기,20200831,2,2020-08-31,2020-08-31 20:31:01,316,332,b02c097fafd52fb8affe7d35afb49678,True,False,GT,14351.0,278,20,1,1,128,106.0,0.2378278938538966,True,True,정상
002_20200831_203105(9),2호기,20200831,2,2020-08-31,2020-08-31 20:31:05,316,332,42f8121449f8bcbf01344bd7ee6ab55e,True,False,GT,4.0,278,20,1,1,128,106.0,0.23915281378679273,True,True,정상
002_20200901_003133(6),2호기,20200901,2,2020-09-01,2020-09-01 00:31:33,316,332,a62f2aabb437f2efe6210852c0857d8c,True,False,GT,14428.0,279,0,1,1,128,106.0,0.23857137410401097,True,True,정상
002_20200901_003136(6),2호기,20200901,2,2020-09-01,2020-09-01 00:31:36,316,332,71c3e98383010ee0ed2294f8a2e73a32,True,False,GT,3.0,279,0,1,1,144,106.0,0.2391051547964008,True,True,정상
002_20200901_003139(6),2호기,20200901,2,2020-09-01,2020-09-01 00:31:39,316,332,8ab6e960efee7d66d04c84b71dca54ff,True,False,GT,3.0,279,0,1,1,136,106.0,0.23998208021961262,True,True,정상
002_20200901_003142(6),2호기,20200901,2,2020-09-01,2020-09-01 00:31:42,316,332,d1db4c56a888b0b1171348df6c6fb63f,True,False,GT,3.0,279,0,1,1,128,106.0,0.23903843220985208,True,True,정상
002_20200901_003145(6),2호기,20200901,2,2020-09-01,2020-09-01 00:31:45,316,332,e36abdafd333d4de6352fbe1c2e4ee2c,False,False,미라벨,3.0,279,0,1,1,128,106.0,0.23907655940216563,True,True,정상
002_20200901_003148(6),2호기,20200901,2,2020-09-01,2020-09-01 00:31:48,316,332,b0ce63766142a12027f24c01dc05549d,True,False,GT,3.0,279,0,1,1,136,106.0,0.23876201006557876,True,True,정상
002_20200901_043133(6),2호기,20200901,2,2020-09-01,2020-09-01 04:31:33,316,332,f5f0e51f1ae3407fffefa42f433850a1,True,False,GT,14385.0,280,4,1,1,136,107.0,0.23853324691169742,True,True,정상
002_20200901_043136(6),2호기,20200901,2,2020-09-01,2020-09-01 04:31:36,316,332,02f7178e190f11c53f4fa82fc5ded6ca,True,False,GT,3.0,280,4,1,1,128,106.0,0.23898124142138172,True,True,정상
002_20200901_043139(6),2호기,20200901,2,2020-09-01,2020-09-01 04:31:39,316,332,c98e7e89c7a2c4d565ca0ad501a09bb6,True,False,GT,3.0,280,4,1,1,128,107.0,0.2386571602867165,True,True,정상
002_20200901_043142(6),2호기,20200901,2,2020-09-01,2020-09-01 04:31:42,316,332,3698b35d039051e41485a15aff2218c0,True,False,GT,3.0,280,4,1,1,128,107.0,0.23871435107518682,True,True,정상
002_20200901_043145(5),2호기,20200901,2,2020-09-01,2020-09-01 04:31:45,316,332,05efce2abe6becee93ae1c1f92036d4f,True,False,GT,3.0,280,4,1,1,128,107.0,0.23929579075796859,True,True,정상
002_20200901_043148(6),2호기,20200901,2,2020-09-01,2020-09-01 04:31:48,316,332,ae68216e32e284706f45723b4a46df45,True,False,GT,3.0,280,4,1,1,128,106.0,0.2399248894311423,True,True,정상
002_20200901_083204(5),2호기,20200901,2,2020-09-01,2020-09-01 08:32:04,316,332,417dece35c240033eecc9320fd023167,True,False,GT,14416.0,281,8,1,1,144,110.0,0.24656855269177977,True,True,정상
002_20200901_083212(5),2호기,20200901,2,2020-09-01,2020-09-01 08:32:12,316,332,9d004270ae5e0beea3d3ed1b5464c527,False,False,미라벨,8.0,281,8,1,1,128,108.0,0.23905749580600885,True,True,정상
002_20200901_083452(2),2호기,20200901,2,2020-09-01,2020-09-01 08:34:52,316,332,9324409058f7ef55f42e4ab656465c15,True,False,GT,160.0,281,8,1,1,144,108.0,0.23887639164251945,True,True,정상
002_20200901_083456(7),2호기,20200901,2,2020-09-01,2020-09-01 08:34:56,316,332,d1e85024f23bf5d8f0f837594c995bdd,True,False,GT,4.0,281,8,1,1,128,108.0,0.23952455391184993,True,True,정상
002_20200901_083501(2),2호기,20200901,2,2020-09-01,2020-09-01 08:35:01,316,332,099f90a569a35f2ecb0fc2b0cbbe8c4b,True,False,GT,5.0,281,8,1,1,136,106.0,0.2366554826902547,True,True,정상
002_20200901_083505(8),2호기,20200901,2,2020-09-01,2020-09-01 08:35:05,316,332,520391cd2c21044d0177a857d79f33e0,True,False,GT,4.0,281,8,1,1,184,110.0,0.24625400335519293,True,True,정상
002_20200901_083510(2),2호기,20200901,2,2020-09-01,2020-09-01 08:35:10,316,332,74d5e3874e79f217aa7668209598394a,True,False,GT,5.0,281,8,1,1,128,111.0,0.2455486502973921,True,True,정상
002_20200901_083514(7),2호기,20200901,2,2020-09-01,2020-09-01 08:35:14,316,332,1624bab16f937b4d4c885da6e3807b17,True,False,GT,4.0,281,8,1,1,128,111.0,0.246721061461034,True,True,정상
002_20200901_123049(7),2호기,20200901,2,2020-09-01,2020-09-01 12:30:49,316,332,e179e268b6fae9717cde2def1d2bd349,True,False,GT,14135.0,282,12,1,1,136,106.0,0.23269025468964466,True,True,정상
002_20200901_123052(7),2호기,20200901,2,2020-09-01,2020-09-01 12:30:52,316,332,a728d04a73784744fe3301252fbdc1e4,True,False,GT,3.0,282,12,1,1,128,108.0,0.23630280616135427,True,True,정상
002_20200901_123055(9),2호기,20200901,2,2020-09-01,2020-09-01 12:30:55,316,332,8a33bb222904bf32474846150461edf5,False,False,미라벨,3.0,282,12,1,1,136,109.0,0.2342915967668141,True,True,정상
002_20200901_123100(3),2호기,20200901,2,2020-09-01,2020-09-01 12:31:00,316,332,5fd69bb0af83d4e26e2a3ce55e847e5d,True,False,GT,5.0,282,12,1,1,184,111.0,0.24592992222052767,True,True,정상
002_20200901_123104(8),2호기,20200901,2,2020-09-01,2020-09-01 12:31:04,316,332,05977330989759d4c919abb33f21b668,True,False,GT,4.0,282,12,1,1,192,110.0,0.2456535000762544,True,True,정상
002_20200901_123109(2),2호기,20200901,2,2020-09-01,2020-09-01 12:31:09,316,332,97734ea600b4e87e3d7397675fae1ca8,True,False,GT,5.0,282,12,1,1,192,111.0,0.24578694524935185,True,True,정상
002_20200901_191340(2),2호기,20200901,2,2020-09-01,2020-09-01 19:13:40,316,332,58621433bda26bf9dfa57ffd864ce21d,True,False,GT,24151.0,283,19,1,1,136,106.0,0.2376372578923288,True,True,정상
002_20200901_191343(2),2호기,20200901,2,2020-09-01,2020-09-01 19:13:43,316,332,b5782743231bf218b52d08d10b39c80e,True,False,GT,3.0,283,19,1,1,136,110.0,0.24216486197956383,True,True,정상
002_20200901_191346(1),2호기,20200901,2,2020-09-01,2020-09-01 19:13:46,316,332,5068b0f1d4e15f1b127777f2cb1f3a26,True,False,GT,3.0,283,19,1,1,128,111.0,0.24512925118194295,True,True,정상
002_20200901_191348(8),2호기,20200901,2,2020-09-01,2020-09-01 19:13:48,316,332,adf7ff03c337e6e017e6ec6c433d2c08,True,False,GT,2.0,283,19,1,1,128,107.0,0.2375419399115449,True,True,정상
002_20200901_191351(5),2호기,20200901,2,2020-09-01,2020-09-01 19:13:51,316,332,addaeffcbeeadbd509c637b7cb56deba,True,False,GT,3.0,283,19,1,1,136,110.0,0.2384760561232271,True,True,정상
002_20200901_191354(2),2호기,20200901,2,2020-09-01,2020-09-01 19:13:54,316,332,9348e82c6d4e7426bc66a0dd1e00e7da,False,False,미라벨,3.0,283,19,1,1,136,109.0,0.23861903309440294,True,True,정상
002_20200901_203328(4),2호기,20200901,2,2020-09-01,2020-09-01 20:33:28,316,332,acb48e72fefc4073003833909b98a93f,False,False,미라벨,4774.0,284,20,1,1,128,107.0,0.237103477199939,True,True,정상
002_20200901_203332(1),2호기,20200901,2,2020-09-01,2020-09-01 20:33:32,316,332,13d7635fad02278199d4111a3599b6c1,False,False,미라벨,4.0,284,20,1,1,128,110.0,0.2406397742870215,True,True,정상
002_20200901_203335(1),2호기,20200901,2,2020-09-01,2020-09-01 20:33:35,316,332,a993c6f5319c99750f3543c44c27e344,False,False,미라벨,3.0,284,20,1,1,136,109.0,0.2392862589598902,True,True,정상
002_20200901_203338(1),2호기,20200901,2,2020-09-01,2020-09-01 20:33:38,316,332,5dfb87d12532249d279c619f7fc2c5f1,False,False,미라벨,3.0,284,20,1,1,128,109.0,0.2391051547964008,True,True,정상
002_20200901_203341(0),2호기,20200901,2,2020-09-01,2020-09-01 20:33:41,316,332,a36aecf6da66b56d9b949dfa50fb9ff2,False,False,미라벨,3.0,284,20,1,1,136,109.0,0.23897170962330333,True,True,정상
002_20200901_203343(7),2호기,20200901,2,2020-09-01,2020-09-01 20:33:43,316,332,564c3818f34ec047ee8a496a76fd54b9,False,False,미라벨,2.0,284,20,1,1,128,108.0,0.23939110873875247,True,True,정상
002_20200902_003149(5),2호기,20200902,2,2020-09-02,2020-09-02 00:31:49,316,332,3ae19e935bb4082c16f49e80852212e2,False,False,미라벨,14286.0,285,0,1,1,136,108.0,0.2370844136037822,True,True,정상
002_20200902_003152(5),2호기,20200902,2,2020-09-02,2020-09-02 00:31:52,316,332,5c7b90cf5c36c559503523e69c83a5f8,False,False,미라벨,3.0,285,0,1,1,144,109.0,0.23860950129632455,True,True,정상
002_20200902_003155(5),2호기,20200902,2,2020-09-02,2020-09-02 00:31:55,316,332,bb5f5427448fcc4eff4271265aaadf30,False,False,미라벨,3.0,285,0,1,1,136,109.0,0.2391718773829495,True,True,정상
002_20200902_003158(2),2호기,20200902,2,2020-09-02,2020-09-02 00:31:58,316,332,9abc002a0e7bf7de42ddbc2ec2dad8d8,False,False,미라벨,3.0,285,0,1,1,128,109.0,0.23898124142138172,True,True,정상
002_20200902_003200(9),2호기,20200902,2,2020-09-02,2020-09-02 00:32:00,316,332,fa14dc45396b7a86a8328540e44788ff,False,False,미라벨,2.0,285,0,1,1,136,110.0,0.2396579990849474,True,True,정상
002_20200902_003203(7),2호기,20200902,2,2020-09-02,2020-09-02 00:32:03,316,332,47f0d8c66c0316572acf0dcdd2be643a,False,False,미라벨,3.0,285,0,1,1,128,110.0,0.24105917340247066,True,True,정상
002_20200902_043143(0),2호기,20200902,2,2020-09-02,2020-09-02 04:31:43,316,332,aa6b579bc04aacb469f922ad87c25608,False,False,미라벨,14380.0,286,4,1,1,128,109.0,0.2391051547964008,True,True,정상
002_20200902_043145(9),2호기,20200902,2,2020-09-02,2020-09-02 04:31:45,316,332,09c0e0a0091aa909811db16b6657eab8,False,False,미라벨,2.0,286,4,1,1,136,110.0,0.23895264602714655,True,True,정상
002_20200902_043148(8),2호기,20200902,2,2020-09-02,2020-09-02 04:31:48,316,332,181d8e3d7e2fa90d53597c3b2d939acd,False,False,미라벨,3.0,286,4,1,1,128,109.0,0.23867622388287327,True,True,정상
002_20200902_043151(7),2호기,20200902,2,2020-09-02,2020-09-02 04:31:51,316,332,b1edb7be81db6926bb1445111e4f80fe,False,False,미라벨,3.0,286,4,1,1,136,110.0,0.23906702760408724,True,True,정상
002_20200902_043154(5),2호기,20200902,2,2020-09-02,2020-09-02 04:31:54,316,332,faf42dded243e14fe8eeb5ddd5a99208,False,False,미라벨,3.0,286,4,1,1,136,109.0,0.2391909409791063,True,True,정상
002_20200902_043157(3),2호기,20200902,2,2020-09-02,2020-09-02 04:31:57,316,332,68b4570496b006255d2b2f64df3897cc,False,False,미라벨,3.0,286,4,1,1,144,109.0,0.2383902699405216,True,True,정상
002_20200902_082641(4),2호기,20200902,2,2020-09-02,2020-09-02 08:26:41,316,332,a971ac8d85a98829ff6a6a7d2048846d,False,False,미라벨,14084.0,287,8,1,1,128,112.0,0.24613962177825224,True,True,정상
002_20200902_082645(7),2호기,20200902,2,2020-09-02,2020-09-02 08:26:45,316,332,3e0afacc39298cfaf47b8cc739cd6185,False,False,미라벨,4.0,287,8,1,1,136,113.0,0.24648276650907427,True,True,정상
002_20200902_082650(0),2호기,20200902,2,2020-09-02,2020-09-02 08:26:50,316,332,fd893819bb01c216a5b1c242664173c6,False,False,미라벨,5.0,287,8,1,1,144,112.0,0.24652089370138783,True,True,정상
002_20200902_082654(4),2호기,20200902,2,2020-09-02,2020-09-02 08:26:54,316,332,4c3f29c34fc9672903d32a5e90f99497,False,False,미라벨,4.0,287,8,1,1,128,110.0,0.24020131157541558,True,True,정상
002_20200902_082658(4),2호기,20200902,2,2020-09-02,2020-09-02 08:26:58,316,332,24a0ddc507c43286c57d64101135d39e,False,False,미라벨,4.0,287,8,1,1,136,109.0,0.23504460881500686,True,True,정상
002_20200902_082702(8),2호기,20200902,2,2020-09-02,2020-09-02 08:27:02,316,332,1e012456586367aa0d46de0185675e20,False,False,미라벨,4.0,287,8,1,1,136,109.0,0.23679845966143054,True,True,정상
002_20200904_230043(1),2호기,20200904,2,2020-09-04,2020-09-04 23:00:43,316,332,f24656c9d3b9855d97216e50dd0b14fe,False,False,미라벨,225221.0,288,23,1,1,128,102.0,0.23911468659447918,True,True,정상
002_20200904_230047(0),2호기,20200904,2,2020-09-04,2020-09-04 23:00:47,316,332,130beec8564d71e9c32a4a1aad6575be,False,False,미라벨,4.0,288,23,1,1,128,100.0,0.23346233033399422,True,True,정상
002_20200904_230050(7),2호기,20200904,2,2020-09-04,2020-09-04 23:00:50,316,332,8b979226bf14c06595c234b6276ef75c,False,False,미라벨,3.0,288,23,1,1,136,99.0,0.23023105078542017,True,True,정상
002_20200904_230054(2),2호기,20200904,2,2020-09-04,2020-09-04 23:00:54,316,332,7440aa30760e7d3784d708ef5c4ceb14,True,False,GT,4.0,288,23,1,1,136,98.0,0.22717134360225713,True,True,정상
002_20200904_230057(6),2호기,20200904,2,2020-09-04,2020-09-04 23:00:57,316,332,328e3854a6a90096085c4133b4581bcb,True,False,GT,3.0,288,23,1,1,128,99.0,0.22961148391032485,True,True,정상
002_20200904_230105(4),2호기,20200904,2,2020-09-04,2020-09-04 23:01:05,316,332,e6c5df2826584a5d23b73332124d9030,True,False,GT,8.0,288,23,1,1,128,99.0,0.22813405520817448,True,True,정상
002_20200905_003315(2),2호기,20200905,2,2020-09-05,2020-09-05 00:33:15,316,332,ff5eae6adc92843f077620fe24a0e0b2,True,False,GT,5530.0,289,0,1,1,136,102.0,0.2327283818819582,True,True,정상
002_20200905_003319(2),2호기,20200905,2,2020-09-05,2020-09-05 00:33:19,316,332,a06cd42043c62aff1389929019c5dd28,True,False,GT,4.0,289,0,1,1,128,105.0,0.23842839713283515,True,True,정상
002_20200905_003323(3),2호기,20200905,2,2020-09-05,2020-09-05 00:33:23,316,332,e4b36437d4173abec1f06394c9b6945a,True,False,GT,4.0,289,0,1,1,136,106.0,0.24021084337349397,True,True,정상
002_20200905_003327(3),2호기,20200905,2,2020-09-05,2020-09-05 00:33:27,316,332,e1671c91e9831ee7811355a414aa5818,True,False,GT,4.0,289,0,1,1,136,106.0,0.24021084337349397,True,True,정상
002_20200905_003331(2),2호기,20200905,2,2020-09-05,2020-09-05 00:33:31,316,332,b79ca96ed193134e3b3a96fbd39a56b2,True,False,GT,4.0,289,0,1,1,128,105.0,0.2375419399115449,True,True,정상
002_20200905_003335(3),2호기,20200905,2,2020-09-05,2020-09-05 00:33:35,316,332,695c538f6a2fa2552f56ef14f34eb363,True,False,GT,4.0,289,0,1,1,128,105.0,0.23925766356565503,True,True,정상
002_20200905_043156(0),2호기,20200905,2,2020-09-05,2020-09-05 04:31:56,316,332,886a7bbd12ede9a49de19ea2d38a0f7c,True,False,GT,14301.0,290,4,1,1,128,108.0,0.25005719078847033,True,True,정상
002_20200905_043200(0),2호기,20200905,2,2020-09-05,2020-09-05 04:32:00,316,332,552b20c23989829cce349a424cda0405,True,False,GT,4.0,290,4,1,1,128,109.0,0.24986655482690254,True,True,정상
002_20200905_043204(0),2호기,20200905,2,2020-09-05,2020-09-05 04:32:04,316,332,345b51677e78860393d97678a9476a60,True,False,GT,4.0,290,4,1,1,136,109.0,0.2503622083269788,True,True,정상
002_20200905_043208(0),2호기,20200905,2,2020-09-05,2020-09-05 04:32:08,316,332,178a3f069d9e966f047dd734c9ac4e86,True,False,GT,4.0,290,4,1,1,136,110.0,0.2498951502211377,True,True,정상
002_20200905_043212(1),2호기,20200905,2,2020-09-05,2020-09-05 04:32:12,316,332,f7f8984b9dc460170069ecbf36f6c808,True,False,GT,4.0,290,4,1,1,136,110.0,0.25003812719231355,True,True,정상
002_20200905_043216(0),2호기,20200905,2,2020-09-05,2020-09-05 04:32:16,316,332,1ce48599642deff793b60abad4a488df,True,False,GT,4.0,290,4,1,1,144,110.0,0.2498093640384322,True,True,정상
002_20200905_083407(3),2호기,20200905,2,2020-09-05,2020-09-05 08:34:07,316,332,b8d51fa72c6f4dac834cf8cf9fbaafae,True,False,GT,14511.0,291,8,1,1,128,105.0,0.24317523257587312,True,True,정상
002_20200905_083410(5),2호기,20200905,2,2020-09-05,2020-09-05 08:34:10,316,332,f0d057fb201265b6f9cc88c6d155754a,True,False,GT,3.0,291,8,1,1,128,107.0,0.24674012505719078,True,True,정상
002_20200905_083413(6),2호기,20200905,2,2020-09-05,2020-09-05 08:34:13,316,332,49f7c1c8ab9d1c6a7ef371331b9d819f,True,False,GT,3.0,291,8,1,1,128,106.0,0.2479220680189111,True,True,정상
002_20200905_083416(3),2호기,20200905,2,2020-09-05,2020-09-05 08:34:16,316,332,5065e5abe3b5073b417bbd6e856f1bb0,True,False,GT,3.0,291,8,1,1,128,103.0,0.23968659447918256,True,True,정상
002_20200905_083419(3),2호기,20200905,2,2020-09-05,2020-09-05 08:34:19,316,332,651280e6fdf01182062775bc3e5c0dd8,True,False,GT,3.0,291,8,1,1,136,107.0,0.24124980936403842,True,True,정상
002_20200905_083422(4),2호기,20200905,2,2020-09-05,2020-09-05 08:34:22,316,332,54bf239dea8921f69d4eeebb280f96f9,True,False,GT,3.0,291,8,1,1,128,106.0,0.24179312185450663,True,True,정상
002_20200905_123055(0),2호기,20200905,2,2020-09-05,2020-09-05 12:30:55,316,332,ef22b0291fb7149a667ec1fcc276f67a,True,False,GT,14193.0,292,12,1,1,136,106.0,0.24769330486502975,True,True,정상
002_20200905_123058(4),2호기,20200905,2,2020-09-05,2020-09-05 12:30:58,316,332,2145c3a6a5e629ba8c1530aa6bd951fa,True,False,GT,3.0,292,12,1,1,136,109.0,0.2489133750190636,True,True,정상
002_20200905_123102(0),2호기,20200905,2,2020-09-05,2020-09-05 12:31:02,316,332,b0b93420378fdde381e55c400749b29e,True,False,GT,4.0,292,12,1,1,128,108.0,0.24927558334604238,True,True,정상
002_20200905_123105(0),2호기,20200905,2,2020-09-05,2020-09-05 12:31:05,316,332,5232bd7a224847862bb2b12ffd22e249,True,False,GT,3.0,292,12,1,1,136,106.0,0.24086853744090286,True,True,정상
002_20200905_123108(4),2호기,20200905,2,2020-09-05,2020-09-05 12:31:08,316,332,e5d6057b2ac6ab91f94c831cb4a0099e,True,False,GT,3.0,292,12,1,1,128,106.0,0.24090666463321642,True,True,정상
002_20200905_123112(0),2호기,20200905,2,2020-09-05,2020-09-05 12:31:12,316,332,86bd7497df57c8a7a9ad5ec0661c87c5,True,False,GT,4.0,292,12,1,1,128,106.0,0.24157389049870368,True,True,정상
002_20200905_163922(9),2호기,20200905,2,2020-09-05,2020-09-05 16:39:22,316,332,8e64c0901cd327b56abc19b3719cba1e,True,False,GT,14890.0,293,16,1,1,136,106.0,0.24124027756596003,True,True,정상
002_20200905_163926(4),2호기,20200905,2,2020-09-05,2020-09-05 16:39:26,316,332,b050fbb980d7bf6c9eab3b2c41f3ea3f,True,False,GT,4.0,293,16,1,1,128,105.0,0.24172639926795791,True,True,정상
002_20200905_163929(7),2호기,20200905,2,2020-09-05,2020-09-05 16:39:29,316,332,a3d1a3c0159079600eeae281ae39bcd3,True,False,GT,3.0,293,16,1,1,136,105.0,0.2407350922678054,True,True,정상
002_20200905_163932(9),2호기,20200905,2,2020-09-05,2020-09-05 16:39:32,316,332,243a075b1a6a3a3523b8a99a67833f3f,True,False,GT,3.0,293,16,1,1,136,109.0,0.2493709013268263,True,True,정상
002_20200905_163936(2),2호기,20200905,2,2020-09-05,2020-09-05 16:39:36,316,332,5e15f33ee7ff576f823932aa1300284b,True,False,GT,4.0,293,16,1,1,128,108.0,0.24868461186518226,True,True,정상
002_20200905_163939(7),2호기,20200905,2,2020-09-05,2020-09-05 16:39:39,316,332,7a242eef1e8cccb269490d99497a05c2,True,False,GT,3.0,293,16,1,1,128,106.0,0.24650183010523105,True,True,정상
002_20200905_204033(3),2호기,20200905,2,2020-09-05,2020-09-05 20:40:33,316,332,993753654c2a53bc24f8c7bff5336e95,True,False,GT,14454.0,294,20,1,1,128,106.0,0.24204094860454475,True,True,정상
002_20200905_204039(5),2호기,20200905,2,2020-09-05,2020-09-05 20:40:39,316,332,917c9748e22a4aaa46e345bb76468db4,True,False,GT,6.0,294,20,1,1,128,111.0,0.24652089370138783,True,True,정상
002_20200905_204042(9),2호기,20200905,2,2020-09-05,2020-09-05 20:40:42,316,332,74b0ef77cb75b09e62390bd822c7f20f,True,False,GT,3.0,294,20,1,1,128,109.0,0.24626353515327132,True,True,정상
002_20200905_204046(0),2호기,20200905,2,2020-09-05,2020-09-05 20:40:46,316,332,cd1d667d663cad011b4b57eddf5ed29e,True,False,GT,4.0,294,20,1,1,136,109.0,0.24786487723044076,True,True,정상
002_20200905_204049(1),2호기,20200905,2,2020-09-05,2020-09-05 20:40:49,316,332,d83ef43888832656670e5a349f9cf651,True,False,GT,3.0,294,20,1,1,136,107.0,0.24343259112398963,True,True,정상
002_20200905_204052(3),2호기,20200905,2,2020-09-05,2020-09-05 20:40:52,316,332,efeca9ea58f3211c57c2352ec6c4f7b0,True,False,GT,3.0,294,20,1,1,128,109.0,0.2451006557877078,True,True,정상
002_20200906_003114(0),2호기,20200906,2,2020-09-06,2020-09-06 00:31:14,316,332,3f66356dfda0b523834d67687094021e,True,False,GT,13822.0,295,0,1,1,136,109.0,0.2481794265670276,True,True,정상
002_20200906_003117(3),2호기,20200906,2,2020-09-06,2020-09-06 00:31:17,316,332,4772945d26a52d4abcf142e4d2c7af0b,True,False,GT,3.0,295,0,1,1,128,109.0,0.245643968278176,True,True,정상
002_20200906_003120(8),2호기,20200906,2,2020-09-06,2020-09-06 00:31:20,316,332,ea104d6be71c9622504c95476c53f270,True,False,GT,3.0,295,0,1,1,136,110.0,0.24949481470184537,True,True,정상
002_20200906_003124(0),2호기,20200906,2,2020-09-06,2020-09-06 00:31:24,316,332,cce06d05f5f9052c35f2ac110b49bc70,True,False,GT,4.0,295,0,1,1,136,109.0,0.2479887906054598,True,True,정상
002_20200906_003127(3),2호기,20200906,2,2020-09-06,2020-09-06 00:31:27,316,332,11b6f55bc0644a54815e062cee120187,True,False,GT,3.0,295,0,1,1,136,109.0,0.2476551776727162,True,True,정상
002_20200906_003130(7),2호기,20200906,2,2020-09-06,2020-09-06 00:31:30,316,332,44a2cf3ff0cd9785831c9b7f9f38087e,True,False,GT,3.0,295,0,1,1,136,108.0,0.2477314320573433,True,True,정상
002_20200907_184832(7),2호기,20200907,2,2020-09-07,2020-09-07 18:48:32,316,332,acb04444b65354d66b431379931b23d9,False,False,미라벨,152222.0,296,18,1,1,128,106.0,0.24815083117279244,True,True,정상
002_20200907_184835(6),2호기,20200907,2,2020-09-07,2020-09-07 18:48:35,316,332,320b50d324442fbbb4c0f791a4cf10b1,False,False,미라벨,3.0,296,18,1,1,136,106.0,0.24368994967210614,True,True,정상
002_20200907_184838(9),2호기,20200907,2,2020-09-07,2020-09-07 18:48:38,316,332,5e730012bcf843e67e50501860c9d881,False,False,미라벨,3.0,296,18,1,1,136,106.0,0.245081592191551,True,True,정상
002_20200907_184841(6),2호기,20200907,2,2020-09-07,2020-09-07 18:48:41,316,332,5253bac59abfe22dab15fe0e2167d2dc,False,False,미라벨,3.0,296,18,1,1,136,106.0,0.24505299679731585,True,True,정상
002_20200907_184844(1),2호기,20200907,2,2020-09-07,2020-09-07 18:48:44,316,332,e13a05efde76af98dbdc35630d7a1caa,False,False,미라벨,3.0,296,18,1,1,136,106.0,0.2476456458746378,True,True,정상
002_20200907_184846(7),2호기,20200907,2,2020-09-07,2020-09-07 18:48:46,316,332,70883c8fa8824521f804a2ab21eda79f,False,False,미라벨,2.0,296,18,1,1,136,107.0,0.24793159981698948,True,True,정상
002_20200907_204436(3),2호기,20200907,2,2020-09-07,2020-09-07 20:44:36,316,332,cfcc3b42208016b6078ea5a3f0310925,False,False,미라벨,6950.0,297,20,1,1,128,101.0,0.23491116364190942,True,True,정상
002_20200907_204440(8),2호기,20200907,2,2020-09-07,2020-09-07 20:44:40,316,332,d2488dcb57c97d069212d3ac4f927e26,False,False,미라벨,4.0,297,20,1,1,136,105.0,0.23776117126734786,True,True,정상
002_20200907_204445(2),2호기,20200907,2,2020-09-07,2020-09-07 20:44:45,316,332,1e1ac4fe7ee7b2904f29345016a00a40,False,False,미라벨,5.0,297,20,1,1,136,101.0,0.23923859996949826,True,True,정상
002_20200907_204449(9),2호기,20200907,2,2020-09-07,2020-09-07 20:44:49,316,332,0dc7b5d63b7b6d5bef9b0fefc4941f54,False,False,미라벨,4.0,297,20,1,1,128,107.0,0.2492946469421992,True,True,정상
002_20200907_204454(2),2호기,20200907,2,2020-09-07,2020-09-07 20:44:54,316,332,8c8a284c6d5e71171def81e1aab30219,False,False,미라벨,5.0,297,20,1,1,136,107.0,0.2473596919322861,True,True,정상
002_20200907_204458(7),2호기,20200907,2,2020-09-07,2020-09-07 20:44:58,316,332,b1594dd258cec4ffa1a0ab8fd53d1367,False,False,미라벨,4.0,297,20,1,1,128,106.0,0.2459203904224493,True,True,정상
002_20200908_003059(0),2호기,20200908,2,2020-09-08,2020-09-08 00:30:59,316,332,24513e78a4e98de9bc87b30f5dc5811f,False,False,미라벨,13561.0,298,0,1,1,128,105.0,0.24116402318133293,True,True,정상
002_20200908_003103(2),2호기,20200908,2,2020-09-08,2020-09-08 00:31:03,316,332,b1cb58ebd3e9e891d83bb29fdf0dfef6,False,False,미라벨,4.0,298,0,1,1,136,105.0,0.2404682019216105,True,True,정상
002_20200908_003107(5),2호기,20200908,2,2020-09-08,2020-09-08 00:31:07,316,332,e3b837a5ac0be183151da456943c3018,False,False,미라벨,4.0,298,0,1,1,128,103.0,0.24013458898886686,True,True,정상
002_20200908_003111(0),2호기,20200908,2,2020-09-08,2020-09-08 00:31:11,316,332,d0ac414a9629768c2872e4ba336032b5,False,False,미라벨,4.0,298,0,1,1,128,108.0,0.24927558334604238,True,True,정상
002_20200908_003115(3),2호기,20200908,2,2020-09-08,2020-09-08 00:31:15,316,332,3819b4f42b91d0ec79386f5dd04b560a,False,False,미라벨,4.0,298,0,1,1,136,106.0,0.2471023333841696,True,True,정상
002_20200908_003119(9),2호기,20200908,2,2020-09-08,2020-09-08 00:31:19,316,332,e29722074b1cc564f3021e9a07ffdcb8,False,False,미라벨,4.0,298,0,1,1,128,107.0,0.2484558487113009,True,True,정상
002_20200908_043119(7),2호기,20200908,2,2020-09-08,2020-09-08 04:31:19,316,332,2a2c83b988147fa06ca19e4a28df62a9,False,False,미라벨,14400.0,299,4,1,1,128,103.0,0.2404682019216105,True,True,정상
002_20200908_043124(3),2호기,20200908,2,2020-09-08,2020-09-08 04:31:24,316,332,8998368f8f6735e06e603a5575c23442,False,False,미라벨,5.0,299,4,1,1,128,105.0,0.2400964617965533,True,True,정상
002_20200908_043128(8),2호기,20200908,2,2020-09-08,2020-09-08 04:31:28,316,332,77a2dfad1024f899c369ed9bb49db547,False,False,미라벨,4.0,299,4,1,1,136,103.0,0.23942923593106605,True,True,정상
002_20200908_043133(4),2호기,20200908,2,2020-09-08,2020-09-08 04:31:33,316,332,7c525eb7665eb1cc4cf9ed298a70483f,False,False,미라벨,5.0,299,4,1,1,128,108.0,0.2495615372883941,True,True,정상
002_20200908_043137(8),2호기,20200908,2,2020-09-08,2020-09-08 04:31:37,316,332,d5f9c8e3646f9fc64ebdb7e3f7528d75,False,True,제외(튜토리얼),4.0,299,4,1,1,184,108.0,0.24924698795180722,True,True,정상
002_20200908_043142(4),2호기,20200908,2,2020-09-08,2020-09-08 04:31:42,316,332,2232e2376d20ca2312bd00596d182ae1,False,False,미라벨,5.0,299,4,1,1,128,106.0,0.24822708555741954,True,True,정상
002_20200912_021355(2),2호기,20200912,2,2020-09-12,2020-09-12 02:13:55,316,332,103b9ebe3b57c24127db8c4f5538c1ba,False,False,미라벨,337333.0,300,2,1,1,128,106.0,0.25131538813481774,True,True,정상
002_20200912_021400(1),2호기,20200912,2,2020-09-12,2020-09-12 02:14:00,316,332,88de8b83c026327ee21a5e7288f6cb22,False,False,미라벨,5.0,300,2,1,1,136,106.0,0.250905520817447,True,True,정상
002_20200912_021403(1),2호기,20200912,2,2020-09-12,2020-09-12 02:14:03,316,332,7d151e949eb3a2faf51c60c7a0402d61,False,False,미라벨,3.0,300,2,1,1,128,106.0,0.2511724111636419,True,True,정상
002_20200912_021406(0),2호기,20200912,2,2020-09-12,2020-09-12 02:14:06,316,332,7304269d78992159ea13068172850d54,False,False,미라벨,3.0,300,2,1,1,128,105.0,0.24165967668140917,True,True,정상
002_20200912_021409(1),2호기,20200912,2,2020-09-12,2020-09-12 02:14:09,316,332,be97b32f7b60c6459237f1be7672b1a7,False,False,미라벨,3.0,300,2,1,1,136,100.0,0.23940064053683086,True,True,정상
002_20200912_021412(4),2호기,20200912,2,2020-09-12,2020-09-12 02:14:12,316,332,d109cdc213af58311cf6b6a7d2637770,False,False,미라벨,3.0,300,2,1,1,128,99.0,0.23818057038279702,True,True,정상
002_20200912_043058(7),2호기,20200912,2,2020-09-12,2020-09-12 04:30:58,316,332,6215e5b355fb5f7d358e3815afea75d5,False,False,미라벨,8206.0,301,4,1,1,128,105.0,0.23830448375781607,True,True,정상
002_20200912_043103(1),2호기,20200912,2,2020-09-12,2020-09-12 04:31:03,316,332,d50066f2b921512f818f381e5b26e93a,False,False,미라벨,5.0,301,4,1,1,136,103.0,0.23884779624828428,True,True,정상
002_20200912_043107(6),2호기,20200912,2,2020-09-12,2020-09-12 04:31:07,316,332,411a0087a13f3966eb263c995264ffaa,False,False,미라벨,4.0,301,4,1,1,128,104.0,0.23913375019063596,True,True,정상
002_20200912_043112(2),2호기,20200912,2,2020-09-12,2020-09-12 04:31:12,316,332,78a983858b9cd550699f00e0f30e49a8,False,False,미라벨,5.0,301,4,1,1,144,107.0,0.24920886075949367,True,True,정상
002_20200912_043116(6),2호기,20200912,2,2020-09-12,2020-09-12 04:31:16,316,332,ab9f38b35ee187fbdc462c4924259e2e,False,False,미라벨,4.0,301,4,1,1,128,108.0,0.24857976208631996,True,True,정상
002_20200912_043121(1),2호기,20200912,2,2020-09-12,2020-09-12 04:31:21,316,332,6ea979df8e99b40e8042a0aa96603d5f,False,False,미라벨,5.0,301,4,1,1,128,109.0,0.24819849016318438,True,True,정상
002_20200912_122945(7),2호기,20200912,2,2020-09-12,2020-09-12 12:29:45,316,332,6c03788b0b17ba4dc52ce3e5c0ceb64c,False,False,미라벨,28704.0,302,12,1,1,128,106.0,0.2385427787097758,True,True,정상
002_20200912_122948(3),2호기,20200912,2,2020-09-12,2020-09-12 12:29:48,316,332,781e45a0940133233a81aaca08c11737,False,False,미라벨,3.0,302,12,1,1,136,105.0,0.23897170962330333,True,True,정상
002_20200912_122951(2),2호기,20200912,2,2020-09-12,2020-09-12 12:29:51,316,332,92244c4b260c9170e8bec217bd643080,False,False,미라벨,3.0,302,12,1,1,128,106.0,0.24062071069086471,True,True,정상
002_20200912_122954(2),2호기,20200912,2,2020-09-12,2020-09-12 12:29:54,316,332,e8566ceb63404cca7ca749c040dc4cf4,False,False,미라벨,3.0,302,12,1,1,136,106.0,0.24089713283513803,True,True,정상
002_20200912_122957(0),2호기,20200912,2,2020-09-12,2020-09-12 12:29:57,316,332,ea431b092fee713d7c60363ac79aa1a9,False,False,미라벨,3.0,302,12,1,1,128,106.0,0.240553988104316,True,True,정상
002_20200912_122959(9),2호기,20200912,2,2020-09-12,2020-09-12 12:29:59,316,332,ac5838094813313e981c57b29090f1a7,False,False,미라벨,2.0,302,12,1,1,128,106.0,0.2397437852676529,True,True,정상
002_20200912_163155(6),2호기,20200912,2,2020-09-12,2020-09-12 16:31:55,316,332,74bb61f97d7745d07f17a2d1bd0f4de0,False,False,미라벨,14516.0,303,16,1,1,136,106.0,0.23921953637334148,True,True,정상
002_20200912_163158(6),2호기,20200912,2,2020-09-12,2020-09-12 16:31:58,316,332,200099782887a607c2e20b29e691883b,False,False,미라벨,3.0,303,16,1,1,136,106.0,0.23940064053683086,True,True,정상
002_20200912_163201(5),2호기,20200912,2,2020-09-12,2020-09-12 16:32:01,316,332,dd3337757cd7ff60dd682af41ad61cde,False,False,미라벨,3.0,303,16,1,1,128,106.0,0.2401727161811804,True,True,정상
002_20200912_163204(3),2호기,20200912,2,2020-09-12,2020-09-12 16:32:04,316,332,f1e5c9f80d94a78f7756bc3340e924a2,False,False,미라벨,3.0,303,16,1,1,136,106.0,0.24056351990239438,True,True,정상
002_20200912_163207(3),2호기,20200912,2,2020-09-12,2020-09-12 16:32:07,316,332,53ffce252f003aaba7a1f61875d3eaf3,False,False,미라벨,3.0,303,16,1,1,136,106.0,0.2400011438157694,True,True,정상
002_20200912_163210(1),2호기,20200912,2,2020-09-12,2020-09-12 16:32:10,316,332,01962f0e3789507286638a2dad4c9920,False,False,미라벨,3.0,303,16,1,1,136,106.0,0.2401059935946317,True,True,정상
002_20200912_202615(6),2호기,20200912,2,2020-09-12,2020-09-12 20:26:15,316,332,9a02f31c0b31e76f0381929e5cd12479,False,False,미라벨,14045.0,304,20,1,1,144,110.0,0.24233643434497484,True,True,정상
002_20200912_202620(0),2호기,20200912,2,2020-09-12,2020-09-12 20:26:20,316,332,f0916cf9ffad8bc377cd74f39e63e2dd,False,False,미라벨,5.0,304,20,1,1,136,111.0,0.2457297544608815,True,True,정상
002_20200912_202624(4),2호기,20200912,2,2020-09-12,2020-09-12 20:26:24,316,332,47d8ec3ae48edd31086084df294637aa,False,False,미라벨,4.0,304,20,1,1,136,111.0,0.24592992222052767,True,True,정상
002_20200912_202629(0),2호기,20200912,2,2020-09-12,2020-09-12 20:26:29,316,332,ebe7136e2f612c0809dfa743c529b279,False,False,미라벨,5.0,304,20,1,1,136,108.0,0.23732270855574195,True,True,정상
002_20200912_202633(4),2호기,20200912,2,2020-09-12,2020-09-12 20:26:33,316,332,55df8b6440c1d02f9d5bb6de1a580065,False,False,미라벨,4.0,304,20,1,1,128,107.0,0.23753240811346651,True,True,정상
002_20200912_202637(9),2호기,20200912,2,2020-09-12,2020-09-12 20:26:37,316,332,5ec904ccbf77fc780e99dd96c0037de6,False,False,미라벨,4.0,304,20,1,1,128,107.0,0.2381710385847186,True,True,정상
002_20200914_082856(6),2호기,20200914,2,2020-09-14,2020-09-14 08:28:56,316,332,a0e4cd79328e8910c4d36f35013370f3,False,False,미라벨,129739.0,305,8,1,1,128,101.0,0.24060164709470794,True,True,정상
002_20200914_082900(7),2호기,20200914,2,2020-09-14,2020-09-14 08:29:00,316,332,63f1250977c5e5ae05eb3a10bd1a9775,False,False,미라벨,4.0,305,8,1,1,128,105.0,0.24190750343144732,True,True,정상
002_20200914_082903(8),2호기,20200914,2,2020-09-14,2020-09-14 08:29:03,316,332,7094ad1e9b3aabf82dc43a147c7931e0,False,False,미라벨,3.0,305,8,1,1,136,104.0,0.24183124904682018,True,True,정상
002_20200914_082906(7),2호기,20200914,2,2020-09-14,2020-09-14 08:29:06,316,332,69f99f8dc443cbb58906541930b02598,False,False,미라벨,3.0,305,8,1,1,128,106.0,0.24451921610492602,True,True,정상
002_20200914_082909(7),2호기,20200914,2,2020-09-14,2020-09-14 08:29:09,316,332,c1cd0707b7fe8d6771e83df6f9b49f3f,False,False,미라벨,3.0,305,8,1,1,128,109.0,0.2508387982308983,True,True,정상
002_20200914_082913(3),2호기,20200914,2,2020-09-14,2020-09-14 08:29:13,316,332,798176fade1c2eb9138c6fe14675b0f6,False,False,미라벨,4.0,305,8,1,1,128,108.0,0.24987608662498093,True,True,정상
002_20200914_123939(3),2호기,20200914,2,2020-09-14,2020-09-14 12:39:39,316,332,b36ab35889c3cee1d2f05f4e24038ad6,False,False,미라벨,15026.0,306,12,1,1,128,103.0,0.2400964617965533,True,True,정상
002_20200914_123943(9),2호기,20200914,2,2020-09-14,2020-09-14 12:39:43,316,332,9f606abc5f48488537172e8b1b3a5767,False,False,미라벨,4.0,306,12,1,1,128,101.0,0.2388287326521275,True,True,정상
002_20200914_123948(3),2호기,20200914,2,2020-09-14,2020-09-14 12:39:48,316,332,74edf499052296ae4539d4e40e40c324,False,False,미라벨,5.0,306,12,1,1,128,103.0,0.23982003965228,True,True,정상
002_20200914_123952(7),2호기,20200914,2,2020-09-14,2020-09-14 12:39:52,316,332,dddc20b1f31d0d3b60fe63eebd049a63,False,False,미라벨,4.0,306,12,1,1,136,106.0,0.24684497483605308,True,True,정상
002_20200914_123957(3),2호기,20200914,2,2020-09-14,2020-09-14 12:39:57,316,332,3c1d67a0355ac2a5e3116abab2ccc10e,False,False,미라벨,5.0,306,12,1,1,128,106.0,0.2478172182400488,True,True,정상
002_20200914_124001(9),2호기,20200914,2,2020-09-14,2020-09-14 12:40:01,316,332,9e2427a7a367336a8f75e631d517219c,False,False,미라벨,4.0,306,12,1,1,136,107.0,0.24771236846118652,True,True,정상
002_20200914_163059(4),2호기,20200914,2,2020-09-14,2020-09-14 16:30:59,316,332,1c32f2998fa28a6b4ad9e9c6a8a6d0c4,False,False,미라벨,13858.0,307,16,1,1,128,105.0,0.2468259112398963,True,True,정상
002_20200914_163104(0),2호기,20200914,2,2020-09-14,2020-09-14 16:31:04,316,332,ea6ab0e2e3fab50ebe2c1672910b0385,False,False,미라벨,5.0,307,16,1,1,128,106.0,0.24838912612475217,True,True,정상
002_20200914_163108(5),2호기,20200914,2,2020-09-14,2020-09-14 16:31:08,316,332,7baf4c4de1c365cb1ba346ecb3eaee3f,False,False,미라벨,4.0,307,16,1,1,128,106.0,0.24805551319200855,True,True,정상
002_20200914_163113(0),2호기,20200914,2,2020-09-14,2020-09-14 16:31:13,316,332,f851feb451e092e898afad694d348b29,False,False,미라벨,5.0,307,16,1,1,128,103.0,0.2411068323928626,True,True,정상
002_20200914_163117(5),2호기,20200914,2,2020-09-14,2020-09-14 16:31:17,316,332,8ae8872c93f1d1aea9670c8965276c86,False,False,미라벨,4.0,307,16,1,1,128,104.0,0.24031569315235626,True,True,정상
002_20200914_163122(1),2호기,20200914,2,2020-09-14,2020-09-14 16:31:22,316,332,f070492696287cfeb4c8c8016478a401,False,False,미라벨,5.0,307,16,1,1,136,106.0,0.24024897056580755,True,True,정상
002_20200914_203029(2),2호기,20200914,2,2020-09-14,2020-09-14 20:30:29,316,332,1c0f7e33c64d906cb946ce5570104ba6,False,False,미라벨,14347.0,308,20,1,1,136,106.0,0.24093526002745158,True,True,정상
002_20200914_203032(1),2호기,20200914,2,2020-09-14,2020-09-14 20:30:32,316,332,2ee5d8479fd1c32f701c49f36c89dcdf,False,False,미라벨,3.0,308,20,1,1,128,105.0,0.24117355497941131,True,True,정상
002_20200914_203035(2),2호기,20200914,2,2020-09-14,2020-09-14 20:30:35,316,332,d4030bfd10f55db82a87f9f3ea95eeaa,False,False,미라벨,3.0,308,20,1,1,128,106.0,0.2403728839408266,True,True,정상
002_20200914_203038(1),2호기,20200914,2,2020-09-14,2020-09-14 20:30:38,316,332,aae2ce176df921369403c714eec247c5,False,False,미라벨,3.0,308,20,1,1,128,105.0,0.24006786640231814,True,True,정상
002_20200914_203041(1),2호기,20200914,2,2020-09-14,2020-09-14 20:30:41,316,332,4b3b2b03030a65a0fd7d1313ecc9d12e,False,False,미라벨,3.0,308,20,1,1,136,105.0,0.23996301662345584,True,True,정상
002_20200914_203045(7),2호기,20200914,2,2020-09-14,2020-09-14 20:30:45,316,332,407e1611f71a8faddf2de794bd664826,False,False,미라벨,4.0,308,20,1,1,128,106.0,0.2415643587006253,True,True,정상
002_20200915_003459(4),2호기,20200915,2,2020-09-15,2020-09-15 00:34:59,316,332,e50519bdbbced8bc4f72d06ee912f673,False,True,제외(튜토리얼),14654.0,309,0,1,1,128,105.0,0.23921953637334148,True,True,정상
002_20200915_003502(0),2호기,20200915,2,2020-09-15,2020-09-15 00:35:02,316,332,42e8f58994ed4be5f129c46004ba8436,False,False,미라벨,3.0,309,0,1,1,128,106.0,0.24023943876772916,True,True,정상
002_20200915_003504(5),2호기,20200915,2,2020-09-15,2020-09-15 00:35:04,316,332,5949d76324bb3b5d76702084ddbfd621,False,False,미라벨,2.0,309,0,1,1,128,106.0,0.24077321946011895,True,True,정상
002_20200915_003507(2),2호기,20200915,2,2020-09-15,2020-09-15 00:35:07,316,332,7af3da7b6a7bbcb96636d852d0b671d0,False,False,미라벨,3.0,309,0,1,1,128,106.0,0.24124027756596003,True,True,정상
002_20200915_003509(8),2호기,20200915,2,2020-09-15,2020-09-15 00:35:09,316,332,2861fc6277fd29c94530483d836ca264,False,False,미라벨,2.0,309,0,1,1,128,106.0,0.24075415586396218,True,True,정상
002_20200915_003512(4),2호기,20200915,2,2020-09-15,2020-09-15 00:35:12,316,332,d0672971c51219fc48424edca7921aaf,False,False,미라벨,3.0,309,0,1,1,128,106.0,0.24089713283513803,True,True,정상
002_20200915_043405(0),2호기,20200915,2,2020-09-15,2020-09-15 04:34:05,316,332,150fa5a0d94e44867e80181e89550316,False,False,미라벨,14333.0,310,4,1,1,136,106.0,0.24178359005642824,True,True,정상
002_20200915_043410(8),2호기,20200915,2,2020-09-15,2020-09-15 04:34:10,316,332,3b81ba43849cbb340bd8c369a74a8f17,False,False,미라벨,5.0,310,4,1,1,128,106.0,0.24152623150831173,True,True,정상
002_20200915_043413(6),2호기,20200915,2,2020-09-15,2020-09-15 04:34:13,316,332,40be37cbfaa51182f312dce376ccc873,False,False,미라벨,3.0,310,4,1,1,136,106.0,0.24102104621015707,True,True,정상
002_20200915_043416(5),2호기,20200915,2,2020-09-15,2020-09-15 04:34:16,316,332,ed134729de8ff5a85ae7829212e6980c,False,False,미라벨,3.0,310,4,1,1,136,106.0,0.24008692999847492,True,True,정상
002_20200915_043419(5),2호기,20200915,2,2020-09-15,2020-09-15 04:34:19,316,332,0a7af323214c0748246a1292d7d0d130,False,False,미라벨,3.0,310,4,1,1,128,105.0,0.23994395302729907,True,True,정상
002_20200915_043422(4),2호기,20200915,2,2020-09-15,2020-09-15 04:34:22,316,332,ddc76362cc391c5b31557fcbf8a5eb12,False,False,미라벨,3.0,310,4,1,1,136,106.0,0.23924813176757664,True,True,정상
002_20200915_083044(8),2호기,20200915,2,2020-09-15,2020-09-15 08:30:44,316,332,1bf5a6432960c17c5a19ca8606092c80,False,False,미라벨,14182.0,311,8,1,1,136,109.0,0.24657808448985816,True,True,정상
002_20200915_083047(9),2호기,20200915,2,2020-09-15,2020-09-15 08:30:47,316,332,f7672dab94d28d05efa6ca0c7e07f929,False,False,미라벨,3.0,311,8,1,1,136,109.0,0.24700701540338568,True,True,정상
002_20200915_083050(8),2호기,20200915,2,2020-09-15,2020-09-15 08:30:50,316,332,c4af204315a1e454cce7fe9535ef574b,False,False,미라벨,3.0,311,8,1,1,128,110.0,0.2479983224035382,True,True,정상
002_20200915_083053(9),2호기,20200915,2,2020-09-15,2020-09-15 08:30:53,316,332,8db339f426e9676731552f3dfbe5acc1,False,False,미라벨,3.0,311,8,1,1,128,106.0,0.23863809669055971,True,True,정상
002_20200915_083056(9),2호기,20200915,2,2020-09-15,2020-09-15 08:30:56,316,332,d2e9b5f652bcbd3a53db814bf7a8bbf7,False,False,미라벨,3.0,311,8,1,1,136,106.0,0.23816150678664022,True,True,정상
002_20200915_083059(9),2호기,20200915,2,2020-09-15,2020-09-15 08:30:59,316,332,2fe60d7a1d36222c9d875b9e090ca453,False,False,미라벨,3.0,311,8,1,1,128,106.0,0.23805665700777795,True,True,정상
002_20200915_123120(2),2호기,20200915,2,2020-09-15,2020-09-15 12:31:20,316,332,fba9358bde20c45ff30ac7943b47cb0b,False,False,미라벨,14421.0,312,12,1,1,128,102.0,0.2365315693152356,True,True,정상
002_20200915_123124(8),2호기,20200915,2,2020-09-15,2020-09-15 12:31:24,316,332,14ab0445a54e3aac5020bdf8b7086538,False,False,미라벨,4.0,312,12,1,1,136,104.0,0.23774210767119108,True,True,정상
002_20200915_123129(4),2호기,20200915,2,2020-09-15,2020-09-15 12:31:29,316,332,4825f820b66447a80c26dbb485b15e90,False,False,미라벨,5.0,312,12,1,1,136,105.0,0.23802806161354279,True,True,정상
002_20200915_123133(8),2호기,20200915,2,2020-09-15,2020-09-15 12:31:33,316,332,e15a97ba689074bd06ba6c7aca171d0e,False,False,미라벨,4.0,312,12,1,1,128,107.0,0.24743594631691324,True,True,정상
002_20200915_123138(3),2호기,20200915,2,2020-09-15,2020-09-15 12:31:38,316,332,9f589a59e39c2fe5496321468e43b580,False,False,미라벨,5.0,312,12,1,1,136,109.0,0.24767424126887297,True,True,정상
002_20200915_123142(8),2호기,20200915,2,2020-09-15,2020-09-15 12:31:42,316,332,fc6ce4a1e2756a26544e593dbd5a9d5e,False,False,미라벨,4.0,312,12,1,1,144,110.0,0.24731203294189416,True,True,정상
002_20200915_163147(0),2호기,20200915,2,2020-09-15,2020-09-15 16:31:47,316,332,08930be193f42eeb9bbf314b340802c4,False,False,미라벨,14405.0,313,16,1,1,128,104.0,0.23679845966143054,True,True,정상
002_20200915_163150(3),2호기,20200915,2,2020-09-15,2020-09-15 16:31:50,316,332,54683d8471dcf4a7b9169b9a32c820e8,False,False,미라벨,3.0,313,16,1,1,128,105.0,0.23666501448833308,True,True,정상
002_20200915_163153(6),2호기,20200915,2,2020-09-15,2020-09-15 16:31:53,316,332,abc1bc12c8ba89125daff7ea367e7688,False,False,미라벨,3.0,313,16,1,1,128,106.0,0.23880013725789234,True,True,정상
002_20200915_163158(2),2호기,20200915,2,2020-09-15,2020-09-15 16:31:58,316,332,d9194cb6851c86b15f94d55cfba0c4e6,False,False,미라벨,5.0,313,16,1,1,128,110.0,0.24686403843220986,True,True,정상
002_20200915_163204(1),2호기,20200915,2,2020-09-15,2020-09-15 16:32:04,316,332,67759061bf4dad297a24d6a3878d1fa6,False,False,미라벨,6.0,313,16,1,1,128,107.0,0.24394730822022268,True,True,정상
002_20200915_163207(2),2호기,20200915,2,2020-09-15,2020-09-15 16:32:07,316,332,56b780687977cf489476881788cda857,False,False,미라벨,3.0,313,16,1,1,136,109.0,0.2458346042397438,True,True,정상
002_20200915_203221(1),2호기,20200915,2,2020-09-15,2020-09-15 20:32:21,316,332,c033c70376db6f143f85eba8f19f334c,False,False,미라벨,14414.0,314,20,1,1,136,108.0,0.24321335976818667,True,True,정상
002_20200915_203224(0),2호기,20200915,2,2020-09-15,2020-09-15 20:32:24,316,332,954a51bc71abfd2c62f4efd440bb4aba,False,False,미라벨,3.0,314,20,1,1,128,107.0,0.24190750343144732,True,True,정상
002_20200915_203227(0),2호기,20200915,2,2020-09-15,2020-09-15 20:32:27,316,332,eaa2f380173241be9086d07457bb4881,False,False,미라벨,3.0,314,20,1,1,136,107.0,0.24403309440292817,True,True,정상
002_20200915_203230(0),2호기,20200915,2,2020-09-15,2020-09-15 20:32:30,316,332,b15d4d1dee23652cb48f301fbd86be35,False,False,미라벨,3.0,314,20,1,1,128,105.0,0.23861903309440294,True,True,정상
002_20200915_203233(0),2호기,20200915,2,2020-09-15,2020-09-15 20:32:33,316,332,1e90e0c6156ac7eab964c7787014b5e2,False,False,미라벨,3.0,314,20,1,1,128,108.0,0.2430799145950892,True,True,정상
002_20200915_203236(0),2호기,20200915,2,2020-09-15,2020-09-15 20:32:36,316,332,1c173ee49ab681ea9246dc6ab5597531,False,False,미라벨,3.0,314,20,1,1,136,106.0,0.23897170962330333,True,True,정상
002_20200915_215738(0),2호기,20200915,2,2020-09-15,2020-09-15 21:57:38,316,332,a2d5723f00e6e361268f8018bbff0e22,False,False,미라벨,5102.0,315,21,1,1,128,101.0,0.22715228000610035,True,True,정상
002_20200916_003108(4),2호기,20200916,2,2020-09-16,2020-09-16 00:31:08,316,332,fa6c0b383c56fd41b6dd4e7b16df11a9,False,False,미라벨,9210.0,316,0,1,1,136,109.0,0.2468068476437395,True,True,정상
002_20200916_003111(4),2호기,20200916,2,2020-09-16,2020-09-16 00:31:11,316,332,a3f03300d48abcbdf60dca2358daa44a,False,False,미라벨,3.0,316,0,1,1,128,110.0,0.24726437395150222,True,True,정상
002_20200916_003114(5),2호기,20200916,2,2020-09-16,2020-09-16 00:31:14,316,332,d32c0ba9d55bf97d490675fab19d2550,False,False,미라벨,3.0,316,0,1,1,136,110.0,0.2469116974226018,True,True,정상
002_20200916_003117(4),2호기,20200916,2,2020-09-16,2020-09-16 00:31:17,316,332,db7cb5cb3b04de7603f163f2d9bd4e0b,False,False,미라벨,3.0,316,0,1,1,128,110.0,0.24685450663413147,True,True,정상
002_20200916_003120(4),2호기,20200916,2,2020-09-16,2020-09-16 00:31:20,316,332,58a876e09bbbba2b9bac8e9132412aa1,False,False,미라벨,3.0,316,0,1,1,136,111.0,0.24741688272075643,True,True,정상
002_20200916_003123(4),2호기,20200916,2,2020-09-16,2020-09-16 00:31:23,316,332,ceca10aa376cc7fb2685b16adcb326df,False,False,미라벨,3.0,316,0,1,1,136,110.0,0.24715952417263992,True,True,정상
002_20200916_043144(0),2호기,20200916,2,2020-09-16,2020-09-16 04:31:44,316,332,1050a26236c050e6b649f8eb5434f971,False,False,미라벨,14421.0,317,4,1,1,136,110.0,0.24803644959585175,True,True,정상
002_20200916_043146(9),2호기,20200916,2,2020-09-16,2020-09-16 04:31:46,316,332,aed777442edb8c6cee610a777acce524,False,False,미라벨,2.0,317,4,1,1,136,110.0,0.2473692237303645,True,True,정상
002_20200916_043150(0),2호기,20200916,2,2020-09-16,2020-09-16 04:31:50,316,332,39d34fb86f4a0233e03e15db288c4fa7,False,False,미라벨,4.0,317,4,1,1,128,110.0,0.24748360530730518,True,True,정상
002_20200916_043152(7),2호기,20200916,2,2020-09-16,2020-09-16 04:31:52,316,332,2895204e9e31694ffdc321a599a95602,False,False,미라벨,2.0,317,4,1,1,128,110.0,0.24675918865334756,True,True,정상
002_20200916_043155(6),2호기,20200916,2,2020-09-16,2020-09-16 04:31:55,316,332,a7b8567d2e1033a6fc9724775927e231,False,False,미라벨,3.0,317,4,1,1,144,110.0,0.24807457678816533,True,True,정상
002_20200916_043158(6),2호기,20200916,2,2020-09-16,2020-09-16 04:31:58,316,332,b4ce07a2f018950db187619f1a83706f,False,False,미라벨,3.0,317,4,1,1,184,110.0,0.24853210309592802,True,True,정상
002_20200916_083057(9),2호기,20200916,2,2020-09-16,2020-09-16 08:30:57,316,332,4612fb2ac77903659d7895d673f66bd4,False,False,미라벨,14339.0,318,8,1,1,128,106.0,0.23634093335366785,True,True,정상
002_20200916_083102(3),2호기,20200916,2,2020-09-16,2020-09-16 08:31:02,316,332,838713c0c1eb467bea0075592f883bef,False,False,미라벨,5.0,318,8,1,1,128,107.0,0.2380185298154644,True,True,정상
002_20200916_083106(8),2호기,20200916,2,2020-09-16,2020-09-16 08:31:06,316,332,a718f037cfe7b14d5f2cbd39881841fd,False,False,미라벨,4.0,318,8,1,1,128,106.0,0.23794227543083726,True,True,정상
002_20200916_083111(3),2호기,20200916,2,2020-09-16,2020-09-16 08:31:11,316,332,f4974bc9a86994857b4e821338e6606c,False,False,미라벨,5.0,318,8,1,1,128,110.0,0.24597758121091962,True,True,정상
002_20200916_083115(8),2호기,20200916,2,2020-09-16,2020-09-16 08:31:15,316,332,0b0fe2b0b7039a88b0c800415e35e7a7,False,False,미라벨,4.0,318,8,1,1,128,109.0,0.24394730822022268,True,True,정상
002_20200916_083120(2),2호기,20200916,2,2020-09-16,2020-09-16 08:31:20,316,332,93112fb25a54c66cbf024e447e3ebe4f,False,False,미라벨,5.0,318,8,1,1,144,108.0,0.24394730822022268,True,True,정상
002_20200916_122640(9),2호기,20200916,2,2020-09-16,2020-09-16 12:26:40,316,332,cd0aeb051c870ad7d99ac746e2c0aa23,False,False,미라벨,14120.0,319,12,1,1,128,106.0,0.2379232118346805,True,True,정상
002_20200916_122645(5),2호기,20200916,2,2020-09-16,2020-09-16 12:26:45,316,332,e54fd1e91ffe7a6490fbe39e2687ce21,False,False,미라벨,5.0,319,12,1,1,128,106.0,0.2383712063443648,True,True,정상
002_20200916_122650(1),2호기,20200916,2,2020-09-16,2020-09-16 12:26:50,316,332,c199388cf1b8b9e66631e212826d2d50,False,False,미라벨,5.0,319,12,1,1,136,106.0,0.23862856489248133,True,True,정상
002_20200916_122654(5),2호기,20200916,2,2020-09-16,2020-09-16 12:26:54,316,332,a425c5525d3ffdfe37ed5593d5df9921,False,False,미라벨,4.0,319,12,1,1,136,110.0,0.2477219002592649,True,True,정상
002_20200916_122659(0),2호기,20200916,2,2020-09-16,2020-09-16 12:26:59,316,332,2201d645e3c829a3b3aa0278f543cfe4,False,False,미라벨,5.0,319,12,1,1,192,109.0,0.24732156473997255,True,True,정상
002_20200916_122703(5),2호기,20200916,2,2020-09-16,2020-09-16 12:27:03,316,332,7d89b788a3a042e6ad6da2e7fa1277de,False,False,미라벨,4.0,319,12,1,1,128,110.0,0.24660667988409332,True,True,정상
002_20200916_203132(4),2호기,20200916,2,2020-09-16,2020-09-16 20:31:32,316,332,de1042021c111bcb628fad35701814f3,False,False,미라벨,29069.0,320,20,1,1,136,109.0,0.24244128412383711,True,True,정상
002_20200916_203136(3),2호기,20200916,2,2020-09-16,2020-09-16 20:31:36,316,332,41a24e28b4d25d7d66667867dc13ad12,False,False,미라벨,4.0,320,20,1,1,128,109.0,0.24126887296019522,True,True,정상
002_20200916_203140(2),2호기,20200916,2,2020-09-16,2020-09-16 20:31:40,316,332,a1373c59a3148d1fd7d6e8d2bf1213ff,False,False,미라벨,4.0,320,20,1,1,128,108.0,0.24043007472929692,True,True,정상
002_20200916_203144(3),2호기,20200916,2,2020-09-16,2020-09-16 20:31:44,316,332,3ba8c071871237d092e98c1da55ce933,False,False,미라벨,4.0,320,20,1,1,128,108.0,0.24031569315235626,True,True,정상
002_20200916_203148(2),2호기,20200916,2,2020-09-16,2020-09-16 20:31:48,316,332,68e16ed00d5d680a427b71655e5f7685,False,False,미라벨,4.0,320,20,1,1,128,107.0,0.23767538508464237,True,True,정상
002_20200916_203152(3),2호기,20200916,2,2020-09-16,2020-09-16 20:31:52,316,332,9531217fcf5c2c1ce261c007a721d8a6,False,False,미라벨,4.0,320,20,1,1,128,108.0,0.23913375019063596,True,True,정상
002_20200917_003224(9),2호기,20200917,2,2020-09-17,2020-09-17 00:32:24,316,332,f8e62d204b1a109136d05bebebfd3063,False,False,미라벨,14432.0,321,0,1,1,128,110.0,0.2468068476437395,True,True,정상
002_20200917_003228(7),2호기,20200917,2,2020-09-17,2020-09-17 00:32:28,316,332,136b5d9d0b0bb2be1875b7727951e232,False,False,미라벨,4.0,321,0,1,1,128,111.0,0.24877992984596614,True,True,정상
002_20200917_003234(6),2호기,20200917,2,2020-09-17,2020-09-17 00:32:34,316,332,974dbb210e4360f8fcdcd9894f81edd4,False,False,미라벨,6.0,321,0,1,1,144,110.0,0.24666387067256368,True,True,정상
002_20200917_003238(7),2호기,20200917,2,2020-09-17,2020-09-17 00:32:38,316,332,2389454c550b720ef12403d38fdcc1d3,False,False,미라벨,4.0,321,0,1,1,144,111.0,0.24814129937471405,True,True,정상
002_20200917_003242(7),2호기,20200917,2,2020-09-17,2020-09-17 00:32:42,316,332,30b13085340fb28ea64147a4c5fe87df,False,False,미라벨,4.0,321,0,1,1,136,111.0,0.24907541558639623,True,True,정상
002_20200917_003246(7),2호기,20200917,2,2020-09-17,2020-09-17 00:32:46,316,332,726806e52f1d2ffa7e785319ef03b7c9,False,False,미라벨,4.0,321,0,1,1,136,111.0,0.2489991612017691,True,True,정상
002_20200917_043058(6),2호기,20200917,2,2020-09-17,2020-09-17 04:30:58,316,332,dd3e6da0e485b9a131c19dfa0462a0ca,False,False,미라벨,14292.0,322,4,1,1,128,111.0,0.24907541558639623,True,True,정상
002_20200917_043102(6),2호기,20200917,2,2020-09-17,2020-09-17 04:31:02,316,332,0770ab51ce5c3d17af5e4178738d6c74,False,False,미라벨,4.0,322,4,1,1,136,111.0,0.24884665243251486,True,True,정상
002_20200917_043106(5),2호기,20200917,2,2020-09-17,2020-09-17 04:31:06,316,332,8a0f093fcb56a2ceb80a7207ebc2396b,False,False,미라벨,4.0,322,4,1,1,128,109.0,0.24429045295104468,True,True,정상
002_20200917_043110(7),2호기,20200917,2,2020-09-17,2020-09-17 04:31:10,316,332,f8fb395904a7b40a678248c98140700e,False,True,제외(튜토리얼),4.0,322,4,1,1,184,110.0,0.24768377306695136,True,True,정상
002_20200917_043114(6),2호기,20200917,2,2020-09-17,2020-09-17 04:31:14,316,332,938ca39f79e8091024564ca9634688f6,False,False,미라벨,4.0,322,4,1,1,136,110.0,0.24767424126887297,True,True,정상
002_20200917_043118(5),2호기,20200917,2,2020-09-17,2020-09-17 04:31:18,316,332,f436ff852215504f4487b2b810c2dd92,False,False,미라벨,4.0,322,4,1,1,128,106.0,0.23505414061308524,True,True,정상
002_20200917_083825(7),2호기,20200917,2,2020-09-17,2020-09-17 08:38:25,316,332,24e0a1bab18a9a357a4d8650704222e1,False,False,미라벨,14827.0,323,8,1,1,136,110.0,0.24530082354735397,True,True,정상
002_20200917_083829(7),2호기,20200917,2,2020-09-17,2020-09-17 08:38:29,316,332,b4400f01691f568e240bd93b729a7f63,False,False,미라벨,4.0,323,8,1,1,128,111.0,0.24613962177825224,True,True,정상
002_20200917_083833(6),2호기,20200917,2,2020-09-17,2020-09-17 08:38:33,316,332,e3b776edb69f28b55fb1ccf3b6a4083e,False,False,미라벨,4.0,323,8,1,1,128,111.0,0.24632072594174165,True,True,정상
002_20200917_083836(7),2호기,20200917,2,2020-09-17,2020-09-17 08:38:36,316,332,df6eef2f4722f370147b8a082ffc7c69,False,False,미라벨,3.0,323,8,1,1,128,106.0,0.23756100350770168,True,True,정상
002_20200917_083840(1),2호기,20200917,2,2020-09-17,2020-09-17 08:38:40,316,332,de6884505dcd74fca445ae28256b01f6,False,False,미라벨,4.0,323,8,1,1,136,106.0,0.2371892633826445,True,True,정상
002_20200917_083843(4),2호기,20200917,2,2020-09-17,2020-09-17 08:38:43,316,332,8185923e8547e2bbcf4761ad9d9a9036,False,False,미라벨,3.0,323,8,1,1,136,108.0,0.2373798993442123,True,True,정상
002_20200917_123114(9),2호기,20200917,2,2020-09-17,2020-09-17 12:31:14,316,332,7f9f3a761b0675d3db1d14399e2f1339,False,False,미라벨,13951.0,324,12,1,1,136,110.0,0.24744547811499162,True,True,정상
002_20200917_123118(9),2호기,20200917,2,2020-09-17,2020-09-17 12:31:18,316,332,01be08e34773663bd6e4e48a6074a0ff,False,False,미라벨,4.0,324,12,1,1,128,110.0,0.2468354430379747,True,True,정상
002_20200917_123122(9),2호기,20200917,2,2020-09-17,2020-09-17 12:31:22,316,332,15de6743268e3735d484b571bb24e5d1,False,False,미라벨,4.0,324,12,1,1,136,109.0,0.24555818209547048,True,True,정상
002_20200917_123126(9),2호기,20200917,2,2020-09-17,2020-09-17 12:31:26,316,332,8204f345abf1b1da28d5d021edb3ffcd,False,False,미라벨,4.0,324,12,1,1,128,106.0,0.23832354735397285,True,True,정상
002_20200917_123130(9),2호기,20200917,2,2020-09-17,2020-09-17 12:31:30,316,332,e1ecc820d1e900c149203e9136ca9457,False,False,미라벨,4.0,324,12,1,1,128,108.0,0.23842839713283515,True,True,정상
002_20200917_123135(0),2호기,20200917,2,2020-09-17,2020-09-17 12:31:35,316,332,1835677ad31a12a24aebb2bff718f032,False,False,미라벨,5.0,324,12,1,1,144,105.0,0.23742755833460424,True,True,정상
002_20200917_162827(5),2호기,20200917,2,2020-09-17,2020-09-17 16:28:27,316,332,dd7dbe72dfac6083337fd3fdc48a2e20,False,False,미라벨,14212.0,325,16,1,1,136,108.0,0.2462825987494281,True,True,정상
002_20200917_162841(6),2호기,20200917,2,2020-09-17,2020-09-17 16:28:41,316,332,202a8efc49383c66c345826a9d36780e,False,False,미라벨,14.0,325,16,1,1,136,110.0,0.24708326978801282,True,True,정상
002_20200917_162845(6),2호기,20200917,2,2020-09-17,2020-09-17 16:28:45,316,332,f3c38fd9cb0e6acd01698c1ca2908767,False,False,미라벨,4.0,325,16,1,1,136,110.0,0.24571069086472472,True,True,정상
002_20200917_162851(6),2호기,20200917,2,2020-09-17,2020-09-17 16:28:51,316,332,8af60ffc73067efed2ca450f16790790,False,False,미라벨,6.0,325,16,1,1,136,107.0,0.2370081592191551,True,True,정상
002_20200917_162855(9),2호기,20200917,2,2020-09-17,2020-09-17 16:28:55,316,332,9c4903b68ee86b60394d797efc94e8fe,False,False,미라벨,4.0,325,16,1,1,128,106.0,0.23624561537288394,True,True,정상
002_20200917_162859(9),2호기,20200917,2,2020-09-17,2020-09-17 16:28:59,316,332,c2309a6d10d688836d925cce90597706,False,False,미라벨,4.0,325,16,1,1,144,110.0,0.2387238828732652,True,True,정상
002_20200917_203038(6),2호기,20200917,2,2020-09-17,2020-09-17 20:30:38,316,332,2ae7ffcccf67acbc9b8d68cdd55305d4,False,False,미라벨,14499.0,326,20,1,1,128,110.0,0.24015365258502364,True,True,정상
002_20200917_203042(6),2호기,20200917,2,2020-09-17,2020-09-17 20:30:42,316,332,465d457866748adb5f6408af18e4e6b0,False,False,미라벨,4.0,326,20,1,1,128,109.0,0.24076368766204057,True,True,정상
002_20200917_203046(7),2호기,20200917,2,2020-09-17,2020-09-17 20:30:46,316,332,e7c6220d7870bba8c5548734bc444294,False,False,미라벨,4.0,326,20,1,1,136,110.0,0.2401917797773372,True,True,정상
002_20200917_203050(7),2호기,20200917,2,2020-09-17,2020-09-17 20:30:50,316,332,07e50d702f086b57553f1d1ea6209c27,False,False,미라벨,4.0,326,20,1,1,136,110.0,0.2403728839408266,True,True,정상
002_20200917_203054(5),2호기,20200917,2,2020-09-17,2020-09-17 20:30:54,316,332,d06a5cb95772574d8a86d33971a2158b,False,False,미라벨,4.0,326,20,1,1,128,108.0,0.2387334146713436,True,True,정상
002_20200917_203058(6),2호기,20200917,2,2020-09-17,2020-09-17 20:30:58,316,332,945c72bc8264bc81ee0152f2c0afe6aa,False,False,미라벨,4.0,326,20,1,1,136,109.0,0.2395436175080067,True,True,정상
002_20200918_003519(6),2호기,20200918,2,2020-09-18,2020-09-18 00:35:19,316,332,176a71bba4f3877f5fa771a130b4e826,False,False,미라벨,14661.0,327,0,1,1,144,110.0,0.24417607137410402,True,True,정상
002_20200918_003523(4),2호기,20200918,2,2020-09-18,2020-09-18 00:35:23,316,332,72ae0047002287d85f8e217526f24afc,False,False,미라벨,4.0,327,0,1,1,136,111.0,0.24714046057648315,True,True,정상
002_20200918_003527(3),2호기,20200918,2,2020-09-18,2020-09-18 00:35:27,316,332,9727788806fb8f609fb2cd6c9041fe73,False,False,미라벨,4.0,327,0,1,1,144,112.0,0.24707373798993443,True,True,정상
002_20200918_003531(2),2호기,20200918,2,2020-09-18,2020-09-18 00:35:31,316,332,4e3049d2448d40518450bc9835694775,False,False,미라벨,4.0,327,0,1,1,128,112.0,0.24769330486502975,True,True,정상
002_20200918_003535(0),2호기,20200918,2,2020-09-18,2020-09-18 00:35:35,316,332,148b99bf9bb2fc541aec4c3b8d38e090,False,False,미라벨,4.0,327,0,1,1,128,113.0,0.24870367546133904,True,True,정상
002_20200918_003538(9),2호기,20200918,2,2020-09-18,2020-09-18 00:35:38,316,332,cfe8b05006c7b56a6bbb3d7c92c63bbf,False,False,미라벨,3.0,327,0,1,1,128,113.0,0.24912307457678817,True,True,정상
002_20200918_043323(0),2호기,20200918,2,2020-09-18,2020-09-18 04:33:23,316,332,d32f2a9dffca1d55bbe64f9340997b0f,False,False,미라벨,14265.0,328,4,1,1,144,112.0,0.24948528290376695,True,True,정상
002_20200918_043326(6),2호기,20200918,2,2020-09-18,2020-09-18 04:33:26,316,332,a28981b5c072b38248e4899bc60f9052,False,False,미라벨,3.0,328,4,1,1,136,113.0,0.24978076864419704,True,True,정상
002_20200918_043330(5),2호기,20200918,2,2020-09-18,2020-09-18 04:33:30,316,332,ecd339bc6d848a09b8b36574e93b94be,False,False,미라벨,4.0,328,4,1,1,144,113.0,0.24965685526917797,True,True,정상
002_20200918_043334(3),2호기,20200918,2,2020-09-18,2020-09-18 04:33:34,316,332,5aa9e23d4d865e107a170a4ed6de960b,False,False,미라벨,4.0,328,4,1,1,136,113.0,0.2492946469421992,True,True,정상
002_20200918_043338(2),2호기,20200918,2,2020-09-18,2020-09-18 04:33:38,316,332,dfabcaabd495c9aa1418f2aeb00c66af,False,False,미라벨,4.0,328,4,1,1,128,113.0,0.25031454933658687,True,True,정상
002_20200918_043342(2),2호기,20200918,2,2020-09-18,2020-09-18 04:33:42,316,332,683a998d21b110feefa54e00337048c3,False,False,미라벨,4.0,328,4,1,1,184,113.0,0.24871320725941742,True,True,정상
002_20200918_083026(0),2호기,20200918,2,2020-09-18,2020-09-18 08:30:26,316,332,234a1be3390b604a5b7bfc06cc5cad71,False,False,미라벨,14204.0,329,8,1,1,128,105.0,0.23029777337196888,True,True,정상
002_20200918_083029(4),2호기,20200918,2,2020-09-18,2020-09-18 08:30:29,316,332,7a11f2dd63b669ca9eaae1917a1f27e2,False,False,미라벨,3.0,329,8,1,1,136,107.0,0.23453942351685222,True,True,정상
002_20200918_083033(4),2호기,20200918,2,2020-09-18,2020-09-18 08:30:33,316,332,b6945e4b565041772f023d6b663258e7,False,False,미라벨,4.0,329,8,1,1,128,109.0,0.2359215342382187,True,True,정상
002_20200918_083037(6),2호기,20200918,2,2020-09-18,2020-09-18 08:30:37,316,332,ecf8a69312b23e4b36ca435a7d26633a,False,False,미라벨,4.0,329,8,1,1,136,111.0,0.24633978953789842,True,True,정상
002_20200918_083041(4),2호기,20200918,2,2020-09-18,2020-09-18 08:30:41,316,332,528b2541d914952e0b9b4592eda42d79,False,False,미라벨,4.0,329,8,1,1,128,111.0,0.246549489095623,True,True,정상
002_20200918_083045(4),2호기,20200918,2,2020-09-18,2020-09-18 08:30:45,316,332,b738f54b74e7d6de568e1c24d13f4640,False,False,미라벨,4.0,329,8,1,1,136,110.0,0.24543426872045143,True,True,정상
002_20200918_123100(6),2호기,20200918,2,2020-09-18,2020-09-18 12:31:00,316,332,d9b6fb70414829e2a340c40cf4cd9bd6,False,False,미라벨,14415.0,330,12,1,1,128,106.0,0.2375514717096233,True,True,정상
002_20200918_123104(6),2호기,20200918,2,2020-09-18,2020-09-18 12:31:04,316,332,4040a9ca9691bcb638d5a9fdb32459ed,False,False,미라벨,4.0,330,12,1,1,128,106.0,0.23826635656550252,True,True,정상
002_20200918_123108(7),2호기,20200918,2,2020-09-18,2020-09-18 12:31:08,316,332,2b084717920bbf9321a9890a69607378,False,False,미라벨,4.0,330,12,1,1,136,107.0,0.23704628641146866,True,True,정상
002_20200918_123112(8),2호기,20200918,2,2020-09-18,2020-09-18 12:31:12,316,332,e39a6414cf4077ffb9ca4c47e3e5a4f5,False,False,미라벨,4.0,330,12,1,1,128,112.0,0.24832240353820345,True,True,정상
002_20200918_123116(5),2호기,20200918,2,2020-09-18,2020-09-18 12:31:16,316,332,723a07d94ce90673164339412bb557b5,False,False,미라벨,4.0,330,12,1,1,128,110.0,0.24669246606679884,True,True,정상
002_20200918_123120(6),2호기,20200918,2,2020-09-18,2020-09-18 12:31:20,316,332,953b02628d6c39de1977a58eb6f2ebfa,False,False,미라벨,4.0,330,12,1,1,136,110.0,0.24661621168217174,True,True,정상
002_20200918_163058(9),2호기,20200918,2,2020-09-18,2020-09-18 16:30:58,316,332,45774a0045f9f19f5a63847acb3b33b3,False,False,미라벨,14378.0,331,16,1,1,136,107.0,0.23477771846881196,True,True,정상
002_20200918_163102(9),2호기,20200918,2,2020-09-18,2020-09-18 16:31:02,316,332,4cd76012b17878312ce4dbb81d50a52b,False,False,미라벨,4.0,331,16,1,1,136,108.0,0.23716066798840935,True,True,정상
002_20200918_163106(9),2호기,20200918,2,2020-09-18,2020-09-18 16:31:06,316,332,70821b45e01b27a7c76d6dd5adadec1a,False,False,미라벨,4.0,331,16,1,1,136,107.0,0.23595012963245388,True,True,정상
002_20200918_163110(9),2호기,20200918,2,2020-09-18,2020-09-18 16:31:10,316,332,b1f74633b0c74933460e0b73d2276f34,False,False,미라벨,4.0,331,16,1,1,144,112.0,0.2467973158456611,True,True,정상
002_20200918_163114(8),2호기,20200918,2,2020-09-18,2020-09-18 16:31:14,316,332,00ba5a35c79ddbd17d273ef017e68f62,False,False,미라벨,4.0,331,16,1,1,128,112.0,0.24579647704743024,True,True,정상
002_20200918_163118(7),2호기,20200918,2,2020-09-18,2020-09-18 16:31:18,316,332,2af797e6ff3249356a6d5af40523b3d6,False,False,미라벨,4.0,331,16,1,1,128,111.0,0.24542473692237304,True,True,정상
002_20200921_111920(1),2호기,20200921,2,2020-09-21,2020-09-21 11:19:20,316,332,ab00965aaaeba708eb4177f5e69e74c2,False,False,미라벨,240482.0,332,11,1,1,128,103.0,0.24185984444105535,True,True,정상
002_20200921_111923(3),2호기,20200921,2,2020-09-21,2020-09-21 11:19:23,316,332,c406d9c6263cdc37a5228ad84e42a93d,False,False,미라벨,3.0,332,11,1,1,136,100.0,0.23898124142138172,True,True,정상
002_20200921_111926(6),2호기,20200921,2,2020-09-21,2020-09-21 11:19:26,316,332,22ed138474ee7c27df83f8af1104a8ea,False,False,미라벨,3.0,332,11,1,1,136,100.0,0.2384665243251487,True,True,정상
002_20200921_111930(0),2호기,20200921,2,2020-09-21,2020-09-21 11:19:30,316,332,dd5feaf5edb9d9f148f949ca48c01d37,False,False,미라벨,4.0,332,11,1,1,136,101.0,0.2374656855269178,True,True,정상
002_20200921_111933(1),2호기,20200921,2,2020-09-21,2020-09-21 11:19:33,316,332,67338c91a36a0dbfe973747d159ca4dd,False,False,미라벨,3.0,332,11,1,1,136,100.0,0.23623608357480555,True,True,정상
002_20200921_111936(2),2호기,20200921,2,2020-09-21,2020-09-21 11:19:36,316,332,fe4c33e0b3134107e723599af9df41e3,False,False,미라벨,3.0,332,11,1,1,128,101.0,0.235120863199634,True,True,정상
002_20200921_123149(8),2호기,20200921,2,2020-09-21,2020-09-21 12:31:49,316,332,1600982b33d54beab9b290b4322b83b9,False,False,미라벨,4333.0,333,12,1,1,128,106.0,0.24078275125819734,True,True,정상
002_20200921_123152(7),2호기,20200921,2,2020-09-21,2020-09-21 12:31:52,316,332,a49101ae229bf659b902f583117b54bb,False,False,미라벨,3.0,333,12,1,1,128,105.0,0.24094479182552997,True,True,정상
002_20200921_123155(7),2호기,20200921,2,2020-09-21,2020-09-21 12:31:55,316,332,3fd0d3caea1e0485e57fdd442033d02c,False,False,미라벨,3.0,333,12,1,1,128,105.0,0.24098291901784352,True,True,정상
002_20200921_123158(9),2호기,20200921,2,2020-09-21,2020-09-21 12:31:58,316,332,afd1e855bee5b653b66fc7304801d647,False,False,미라벨,3.0,333,12,1,1,128,106.0,0.2420981393930151,True,True,정상
002_20200921_123201(8),2호기,20200921,2,2020-09-21,2020-09-21 12:32:01,316,332,0e4376e90a21c4dee1035450a3671ca1,False,False,미라벨,3.0,333,12,1,1,128,105.0,0.24159295409486045,True,True,정상
002_20200921_123207(6),2호기,20200921,2,2020-09-21,2020-09-21 12:32:07,316,332,8d8aa101623f0663ba5d1e7ffa314426,False,False,미라벨,6.0,333,12,1,1,128,104.0,0.23830448375781607,True,True,정상
002_20200921_163038(3),2호기,20200921,2,2020-09-21,2020-09-21 16:30:38,316,332,f1ef20741f9c16124cd5411a4d9a65ea,False,False,미라벨,14311.0,334,16,1,1,128,104.0,0.24066836968125668,True,True,정상
002_20200921_163042(3),2호기,20200921,2,2020-09-21,2020-09-21 16:30:42,316,332,d76d29e8f62183e4984394cf15a172fc,False,False,미라벨,4.0,334,16,1,1,128,106.0,0.24162154948909562,True,True,정상
002_20200921_163045(4),2호기,20200921,2,2020-09-21,2020-09-21 16:30:45,316,332,d513506e229cd2de2304788d89db8c62,False,False,미라벨,3.0,334,16,1,1,128,106.0,0.24069696507549185,True,True,정상
002_20200921_163049(6),2호기,20200921,2,2020-09-21,2020-09-21 16:30:49,316,332,54d3650b0a586da7bafedb053bab2ed3,False,False,미라벨,4.0,334,16,1,1,136,99.0,0.23406283361293273,True,True,정상
002_20200921_163052(5),2호기,20200921,2,2020-09-21,2020-09-21 16:30:52,316,332,b2efd8dad9b95c1b628a3413ab8f2504,False,False,미라벨,3.0,334,16,1,1,128,105.0,0.23824729296934574,True,True,정상
002_20200921_163055(5),2호기,20200921,2,2020-09-21,2020-09-21 16:30:55,316,332,50b9d236a36c07b29394b72c05c0c394,False,False,미라벨,3.0,334,16,1,1,128,105.0,0.2401727161811804,True,True,정상
002_20200921_202239(4),2호기,20200921,2,2020-09-21,2020-09-21 20:22:39,316,332,208085839c0f79ed49b4f3cca3598a2f,False,False,미라벨,13904.0,335,20,1,1,144,109.0,0.24877039804788775,True,True,정상
002_20200921_202244(0),2호기,20200921,2,2020-09-21,2020-09-21 20:22:44,316,332,2baa50dabefcfcb984710276a81790f2,False,False,미라벨,5.0,335,20,1,1,144,108.0,0.24686403843220986,True,True,정상
002_20200921_202248(6),2호기,20200921,2,2020-09-21,2020-09-21 20:22:48,316,332,139371bca279003068ba9e0d7b4812b0,False,False,미라벨,4.0,335,20,1,1,192,106.0,0.2482842763458899,True,True,정상
002_20200921_202253(0),2호기,20200921,2,2020-09-21,2020-09-21 20:22:53,316,332,a7ea136685e073f12c3bcbecd4dc1b91,False,False,미라벨,5.0,335,20,1,1,128,106.0,0.2415643587006253,True,True,정상
002_20200921_202257(4),2호기,20200921,2,2020-09-21,2020-09-21 20:22:57,316,332,6aca85384bff4c7bd9a9eaffe5c9ca3c,False,False,미라벨,4.0,335,20,1,1,128,106.0,0.24126887296019522,True,True,정상
002_20200921_202303(6),2호기,20200921,2,2020-09-21,2020-09-21 20:23:03,316,332,85eea7823c9f3a6c90759c264f3bec35,False,False,미라벨,6.0,335,20,1,1,136,108.0,0.24208860759493672,True,True,정상
002_20200922_003106(0),2호기,20200922,2,2020-09-22,2020-09-22 00:31:06,316,332,e2131ecab1473d0427a5c4999df39c81,False,False,미라벨,14883.0,336,0,1,1,128,102.0,0.24039194753698337,True,True,정상
002_20200922_003110(6),2호기,20200922,2,2020-09-22,2020-09-22 00:31:10,316,332,e1d27a8d80c5ad1854b63a555a30d045,False,False,미라벨,4.0,336,0,1,1,128,104.0,0.2411830867774897,True,True,정상
002_20200922_003115(1),2호기,20200922,2,2020-09-22,2020-09-22 00:31:15,316,332,b3bbbe0df202f128b32f3979c2c114cf,False,False,미라벨,5.0,336,0,1,1,136,103.0,0.2401059935946317,True,True,정상
002_20200922_003119(6),2호기,20200922,2,2020-09-22,2020-09-22 00:31:19,316,332,a50c636f4ea0b8f2ea19f789d576fb8c,False,False,미라벨,4.0,336,0,1,1,128,106.0,0.24796019521122464,True,True,정상
002_20200922_003124(2),2호기,20200922,2,2020-09-22,2020-09-22 00:31:24,316,332,814fac7879082ea1025da7c8c6d5f41c,False,False,미라벨,5.0,336,0,1,1,128,108.0,0.25093411621168216,True,True,정상
002_20200922_003128(7),2호기,20200922,2,2020-09-22,2020-09-22 00:31:28,316,332,6724832d8bac7fe8701869b097a0872a,False,False,미라벨,4.0,336,0,1,1,128,107.0,0.24711186518224798,True,True,정상
002_20200922_043107(1),2호기,20200922,2,2020-09-22,2020-09-22 04:31:07,316,332,741735a00910d24ac3667e84623ea557,False,False,미라벨,14379.0,337,4,1,1,136,107.0,0.24796019521122464,True,True,정상
002_20200922_043111(6),2호기,20200922,2,2020-09-22,2020-09-22 04:31:11,316,332,e059b9d7fd1efc7901046cdbdb69a5e8,False,False,미라벨,4.0,337,4,1,1,128,106.0,0.2484558487113009,True,True,정상
002_20200922_043116(0),2호기,20200922,2,2020-09-22,2020-09-22 04:31:16,316,332,75c1fb35045b0b011eb94a6fb8fd3c2e,False,False,미라벨,5.0,337,4,1,1,128,106.0,0.24689263382644502,True,True,정상
002_20200922_043120(5),2호기,20200922,2,2020-09-22,2020-09-22 04:31:20,316,332,cbcfdd5670565d8395a9b01fce17b6b7,False,False,미라벨,4.0,337,4,1,1,128,104.0,0.24097338721976513,True,True,정상
002_20200922_043125(0),2호기,20200922,2,2020-09-22,2020-09-22 04:31:25,316,332,46233f8659b0b5c55d34fc1a85d9f16b,False,False,미라벨,5.0,337,4,1,1,136,104.0,0.23960080829647704,True,True,정상
002_20200922_043129(5),2호기,20200922,2,2020-09-22,2020-09-22 04:31:29,316,332,504072e00cad1cffdc60dd4baa59c75f,False,False,미라벨,4.0,337,4,1,1,128,103.0,0.24067790147933507,True,True,정상
002_20200922_083741(5),2호기,20200922,2,2020-09-22,2020-09-22 08:37:41,316,332,ecb2857fdf88d2902c288cacc8df5f68,False,False,미라벨,14772.0,338,8,1,1,128,106.0,0.2404777337196889,True,True,정상
002_20200922_083744(6),2호기,20200922,2,2020-09-22,2020-09-22 08:37:44,316,332,682f946b678e5ca283338b4606a7dd2c,False,False,미라벨,3.0,338,8,1,1,136,105.0,0.24108776879670582,True,True,정상
002_20200922_083747(7),2호기,20200922,2,2020-09-22,2020-09-22 08:37:47,316,332,2e094934d7e4b6ab4ede609dbd117393,False,True,제외(튜토리얼),3.0,338,8,1,1,128,105.0,0.24143091352752782,True,True,정상
002_20200922_083750(6),2호기,20200922,2,2020-09-22,2020-09-22 08:37:50,316,332,fa564f4bd47ff3e7cb3bebda4ef5a4bf,False,False,미라벨,3.0,338,8,1,1,128,104.0,0.24042054293121853,True,True,정상
002_20200922_083753(5),2호기,20200922,2,2020-09-22,2020-09-22 08:37:53,316,332,8f44f66016253524fbcc11565cf98b3f,False,False,미라벨,3.0,338,8,1,1,136,106.0,0.24140231813329266,True,True,정상
002_20200922_083756(6),2호기,20200922,2,2020-09-22,2020-09-22 08:37:56,316,332,aa1b957ed2bc7e025e7951a0f083f2f1,False,False,미라벨,3.0,338,8,1,1,128,105.0,0.2417454628641147,True,True,정상
002_20200922_122726(9),2호기,20200922,2,2020-09-22,2020-09-22 12:27:26,316,332,1882fd92fc187e672b005dcf1dda56ae,False,False,미라벨,13770.0,339,12,1,1,136,110.0,0.2500095317980784,True,True,정상
002_20200922_122730(0),2호기,20200922,2,2020-09-22,2020-09-22 12:27:30,316,332,c86ae72758339db7cc7c582e510df5cc,False,False,미라벨,4.0,339,12,1,1,136,110.0,0.25013344517309744,True,True,정상
002_20200922_122732(8),2호기,20200922,2,2020-09-22,2020-09-22 12:27:32,316,332,f814cd9ee3a10f97ddabd546747afb3c,False,False,미라벨,2.0,339,12,1,1,128,109.0,0.2504289309135275,True,True,정상
002_20200922_122737(2),2호기,20200922,2,2020-09-22,2020-09-22 12:27:37,316,332,3484a42217807b155a9e9045bde8f34b,False,False,미라벨,5.0,339,12,1,1,136,109.0,0.25056237608662496,True,True,정상
002_20200922_122741(6),2호기,20200922,2,2020-09-22,2020-09-22 12:27:41,316,332,ecff8e40e584e7eadee279c7da70a5bd,False,False,미라벨,4.0,339,12,1,1,184,110.0,0.25032408113466526,True,True,정상
002_20200922_122746(0),2호기,20200922,2,2020-09-22,2020-09-22 12:27:46,316,332,7369eb400245e50e97633374144f84b7,False,False,미라벨,5.0,339,12,1,1,128,110.0,0.2507530120481928,True,True,정상
002_20200922_163036(2),2호기,20200922,2,2020-09-22,2020-09-22 16:30:36,316,332,feb5f6ad8801cff7b154f9b2dc86ec66,False,False,미라벨,14570.0,340,16,1,1,136,106.0,0.241459508921763,True,True,정상
002_20200922_163039(5),2호기,20200922,2,2020-09-22,2020-09-22 16:30:39,316,332,8e7f8d396b19312405cc1c8d75449b42,False,False,미라벨,3.0,340,16,1,1,136,106.0,0.241631081287174,True,True,정상
002_20200922_163043(6),2호기,20200922,2,2020-09-22,2020-09-22 16:30:43,316,332,516268e7f3ba6e051d3d92422df5157d,False,False,미라벨,4.0,340,16,1,1,136,106.0,0.24242222052768034,True,True,정상
002_20200922_163047(8),2호기,20200922,2,2020-09-22,2020-09-22 16:30:47,316,332,49c57ccd40456b778b0caf551a6dca1b,False,False,미라벨,4.0,340,16,1,1,136,106.0,0.24277489705658076,True,True,정상
002_20200922_163053(8),2호기,20200922,2,2020-09-22,2020-09-22 16:30:53,316,332,49852ccecd42be2962943be30e0f4a0e,False,False,미라벨,6.0,340,16,1,1,128,106.0,0.2422792435565045,True,True,정상
002_20200922_163059(7),2호기,20200922,2,2020-09-22,2020-09-22 16:30:59,316,332,d62aa8c975281b9c2bd0fb895c157272,False,False,미라벨,6.0,340,16,1,1,136,106.0,0.2418217172487418,True,True,정상
001_20200622_203305(8),3호기,20200622,1,2020-06-22,2020-06-22 20:33:05,576,444,dfef4703952d7efd7898c4e0e5436d7f,True,False,GT,,341,20,3,3,408,117.0,0.17884681556556556,True,True,정상
001_20200622_203309(1),3호기,20200622,1,2020-06-22,2020-06-22 20:33:09,576,444,b3616eb2f75c286f8ac0725fddc0d908,True,False,GT,4.0,341,20,3,3,424,116.0,0.17716935685685686,True,True,정상
001_20200622_203312(6),3호기,20200622,1,2020-06-22,2020-06-22 20:33:12,576,444,00f35c9874619816c5998612dbd1a1e9,True,False,GT,3.0,341,20,3,3,408,116.0,0.17695429804804805,True,True,정상
001_20200622_203316(0),3호기,20200622,1,2020-06-22,2020-06-22 20:33:16,576,444,ed271e21229a3fb8a45408c94a1b7a43,True,False,GT,4.0,341,20,3,3,416,115.0,0.17604323073073072,True,True,정상
001_20200622_203319(4),3호기,20200622,1,2020-06-22,2020-06-22 20:33:19,576,444,babe1d09ecd75bb60bab76d8b2ccae6b,True,False,GT,3.0,341,20,3,3,416,115.0,0.17668840715715717,True,True,정상
001_20200622_203330(3),3호기,20200622,1,2020-06-22,2020-06-22 20:33:30,576,444,322f6ae9d8f5ce8b891bb09330d48bf6,True,False,GT,11.0,341,20,3,3,416,119.0,0.18155655655655656,True,True,정상
001_20200623_003516(8),3호기,20200623,1,2020-06-23,2020-06-23 00:35:16,576,444,8cfbd53c53d4897a593ea5cbdfa7d21e,True,False,GT,14506.0,342,0,3,3,424,120.0,0.18168559184184185,True,True,정상
001_20200623_003520(5),3호기,20200623,1,2020-06-23,2020-06-23 00:35:20,576,444,e8e1a79da323d01b2c1742114c33e411,True,False,GT,4.0,342,0,3,3,424,120.0,0.1812672047047047,True,True,정상
001_20200623_003524(0),3호기,20200623,1,2020-06-23,2020-06-23 00:35:24,576,444,6182c21108e8f5766d3d32c06569c671,True,False,GT,4.0,342,0,3,3,416,120.0,0.18133758758758758,True,True,정상
001_20200623_003529(0),3호기,20200623,1,2020-06-23,2020-06-23 00:35:29,576,444,6b22a2ef23365f84000c897217c86f7f,True,False,GT,5.0,342,0,3,3,424,120.0,0.18197885385385384,True,True,정상
001_20200623_003532(5),3호기,20200623,1,2020-06-23,2020-06-23 00:35:32,576,444,d71f2e24aa679d7566f2c388e632ef8d,True,False,GT,3.0,342,0,3,3,392,121.0,0.18193193193193194,True,True,정상
001_20200623_003536(0),3호기,20200623,1,2020-06-23,2020-06-23 00:35:36,576,444,aea0fada1f2530132c8a410a2916339c,True,False,GT,4.0,342,0,3,3,416,121.0,0.18184199824824826,True,True,정상
001_20200623_043227(1),3호기,20200623,1,2020-06-23,2020-06-23 04:32:27,576,444,7c5af552599b45e01057b0c40154b2eb,True,False,GT,14211.0,343,4,3,3,408,121.0,0.18240506131131132,True,True,정상
001_20200623_043231(6),3호기,20200623,1,2020-06-23,2020-06-23 04:32:31,576,444,97d4713b63a456bd0b1f8b41d2961e18,True,False,GT,4.0,343,4,3,3,416,121.0,0.18294857357357358,True,True,정상
001_20200623_043236(1),3호기,20200623,1,2020-06-23,2020-06-23 04:32:36,576,444,00a45014ddac37f57962b34492d6d48c,True,False,GT,5.0,343,4,3,3,424,122.0,0.18280389764764765,True,True,정상
001_20200623_043240(6),3호기,20200623,1,2020-06-23,2020-06-23 04:32:40,576,444,abf1e0e1027164e114f50dcc60089d2c,True,False,GT,4.0,343,4,3,3,416,121.0,0.18213526026026025,True,True,정상
001_20200623_043245(2),3호기,20200623,1,2020-06-23,2020-06-23 04:32:45,576,444,5e2e4e5ca3fcde0e75b6f240ddac0780,True,False,GT,5.0,343,4,3,3,408,121.0,0.18244025275275275,True,True,정상
001_20200623_043249(6),3호기,20200623,1,2020-06-23,2020-06-23 04:32:49,576,444,af1e3c59882cfd0b74f726c917a809ef,True,False,GT,4.0,343,4,3,3,416,122.0,0.18247153403403404,True,True,정상
001_20200623_082407(9),3호기,20200623,1,2020-06-23,2020-06-23 08:24:07,576,444,738fa87350dfb63a4585d484654e3ae3,True,False,GT,13878.0,344,8,3,3,432,121.0,0.1821704517017017,True,True,정상
001_20200623_082411(0),3호기,20200623,1,2020-06-23,2020-06-23 08:24:11,576,444,65fafe25787d74ed7a083157090b207a,True,False,GT,4.0,344,8,3,3,440,122.0,0.18233076826826827,True,True,정상
001_20200623_082414(1),3호기,20200623,1,2020-06-23,2020-06-23 08:24:14,576,444,5e1e34b59e91a423aa62b178f9246e9c,True,False,GT,3.0,344,8,3,3,416,122.0,0.1824441629129129,True,True,정상
001_20200623_082416(7),3호기,20200623,1,2020-06-23,2020-06-23 08:24:16,576,444,f617fee7515f177e5b711cd9d9804d95,True,False,GT,2.0,344,8,3,3,456,122.0,0.18464558308308307,True,True,정상
001_20200623_082419(6),3호기,20200623,1,2020-06-23,2020-06-23 08:24:19,576,444,e371eb1de3abbdd923ce2ffeb9a4d3e0,True,False,GT,3.0,344,8,3,3,424,122.0,0.18444616491491492,True,True,정상
001_20200623_082422(5),3호기,20200623,1,2020-06-23,2020-06-23 08:24:22,576,444,a671ef7d548db4e9fad06a487185a303,True,False,GT,3.0,344,8,3,3,464,122.0,0.18504050925925927,True,True,정상
001_20200623_123214(3),3호기,20200623,1,2020-06-23,2020-06-23 12:32:14,576,444,c40afa79005a4ca4e51f8a9651576ff8,True,False,GT,14872.0,345,12,3,3,408,120.0,0.18475897772772773,True,True,정상
001_20200623_123223(3),3호기,20200623,1,2020-06-23,2020-06-23 12:32:23,576,444,588d5606ce7f6f4c490f4a606b2c9634,True,False,GT,9.0,345,12,3,3,408,120.0,0.18493102477477477,True,True,정상
001_20200623_123232(3),3호기,20200623,1,2020-06-23,2020-06-23 12:32:32,576,444,76d68ddddfa120594b8fb9623c3f7354,True,False,GT,9.0,345,12,3,3,408,120.0,0.18473160660660662,True,True,정상
001_20200623_123236(9),3호기,20200623,1,2020-06-23,2020-06-23 12:32:36,576,444,a2357cdbc5537699d3fb47c721d527a0,True,False,GT,4.0,345,12,3,3,416,122.0,0.1818576388888889,True,True,정상
001_20200623_123241(3),3호기,20200623,1,2020-06-23,2020-06-23 12:32:41,576,444,f5a137f0e373abf8010891c0dbea3f48,True,False,GT,5.0,345,12,3,3,432,121.0,0.18141970095095095,True,True,정상
001_20200623_123245(8),3호기,20200623,1,2020-06-23,2020-06-23 12:32:45,576,444,21e9886f56222e6bf4881e58a7b93e84,True,False,GT,4.0,345,12,3,3,424,121.0,0.1815213651151151,True,True,정상
001_20200623_163159(5),3호기,20200623,1,2020-06-23,2020-06-23 16:31:59,576,444,65b6081f7a310698c8618e0bbecc02aa,True,False,GT,14354.0,346,16,3,3,496,120.0,0.18465731356356357,True,True,정상
001_20200623_163209(3),3호기,20200623,1,2020-06-23,2020-06-23 16:32:09,576,444,5342994e499d1d2d3dfb835a6d43043f,True,False,GT,10.0,346,16,3,3,408,121.0,0.18407860985985985,True,True,정상
001_20200623_163212(9),3호기,20200623,1,2020-06-23,2020-06-23 16:32:12,576,444,1d47cb730685c4ac2a23d7e87a23c329,True,False,GT,3.0,346,16,3,3,400,121.0,0.18544716591591592,True,True,정상
001_20200623_163216(2),3호기,20200623,1,2020-06-23,2020-06-23 16:32:16,576,444,290e3775c80849a2bedc42b5ee1571f1,True,False,GT,4.0,346,16,3,3,432,121.0,0.18211961961961962,True,True,정상
001_20200623_163219(5),3호기,20200623,1,2020-06-23,2020-06-23 16:32:19,576,444,83e7c4b56b71638cb1095fca8f2b1ba7,True,False,GT,3.0,346,16,3,3,456,121.0,0.1818263576076076,True,True,정상
001_20200623_163222(9),3호기,20200623,1,2020-06-23,2020-06-23 16:32:22,576,444,bba27f3f4a9c65eae27d0b6099492597,True,False,GT,3.0,346,16,3,3,416,121.0,0.18173251376376376,True,True,정상
001_20200623_203217(4),3호기,20200623,1,2020-06-23,2020-06-23 20:32:17,576,444,8e35b129e97508140d4e1eb688f62933,True,False,GT,14395.0,347,20,3,3,408,120.0,0.18080189564564564,True,True,정상
001_20200623_203222(0),3호기,20200623,1,2020-06-23,2020-06-23 20:32:22,576,444,753d09b879a132c868ab2b3b8b7e90de,True,False,GT,5.0,347,20,3,3,432,120.0,0.18003550425425424,True,True,정상
001_20200623_203226(3),3호기,20200623,1,2020-06-23,2020-06-23 20:32:26,576,444,da85a9fa5c72c51050f3de1c6b874e27,True,False,GT,4.0,347,20,3,3,400,120.0,0.18077061436436437,True,True,정상
001_20200623_203230(9),3호기,20200623,1,2020-06-23,2020-06-23 20:32:30,576,444,1a682ba51296dcea63acee413080bfc7,True,False,GT,4.0,347,20,3,3,408,120.0,0.17983999624624625,True,True,정상
001_20200623_203235(3),3호기,20200623,1,2020-06-23,2020-06-23 20:32:35,576,444,ddd25d7f2368d60d1b0e3f7f86775f2b,True,False,GT,5.0,347,20,3,3,408,120.0,0.17911270645645647,True,True,정상
001_20200623_203247(5),3호기,20200623,1,2020-06-23,2020-06-23 20:32:47,576,444,21d2dcdfd49082454d2b6fe982161a0a,True,False,GT,12.0,347,20,3,3,408,120.0,0.17915962837837837,True,True,정상
001_20200624_003240(4),3호기,20200624,1,2020-06-24,2020-06-24 00:32:40,576,444,d5bfa62aca3f181f86a7f264fe4aebca,True,False,GT,14393.0,348,0,3,3,416,122.0,0.18346862487487486,True,True,정상
001_20200624_003244(2),3호기,20200624,1,2020-06-24,2020-06-24 00:32:44,576,444,eca56399e6050b2e9f9ff067428db6ed,True,False,GT,4.0,348,0,3,3,432,122.0,0.1833083083083083,True,True,정상
001_20200624_003247(7),3호기,20200624,1,2020-06-24,2020-06-24 00:32:47,576,444,6d818fc0005643865f70a95f90b5c367,True,False,GT,3.0,348,0,3,3,408,122.0,0.18351163663663664,True,True,정상
001_20200624_003251(1),3호기,20200624,1,2020-06-24,2020-06-24 00:32:51,576,444,656a034b9a9a916053f6bd70364b0750,True,False,GT,4.0,348,0,3,3,424,121.0,0.1826709522022022,True,True,정상
001_20200624_003254(3),3호기,20200624,1,2020-06-24,2020-06-24 00:32:54,576,444,6adf111f4da7afa18a6776be5342332b,True,False,GT,3.0,348,0,3,3,408,122.0,0.182886011011011,True,True,정상
001_20200624_003303(5),3호기,20200624,1,2020-06-24,2020-06-24 00:33:03,576,444,5f8c489c6006636d45b33d9d79167082,True,False,GT,9.0,348,0,3,3,440,121.0,0.18184590840840842,True,True,정상
001_20200624_043315(2),3호기,20200624,1,2020-06-24,2020-06-24 04:33:15,576,444,b196abf7ca182256837187a50f9bbd6a,True,False,GT,14412.0,349,4,3,3,392,122.0,0.1820531468968969,True,True,정상
001_20200624_043324(2),3호기,20200624,1,2020-06-24,2020-06-24 04:33:24,576,444,0d039ea21c186e0914cd0cf5f7723f41,True,False,GT,9.0,349,4,3,3,408,122.0,0.18306587837837837,True,True,정상
001_20200624_043328(7),3호기,20200624,1,2020-06-24,2020-06-24 04:33:28,576,444,c7cb4cced995dd99e7a6ca4793b548b6,True,False,GT,4.0,349,4,3,3,416,122.0,0.1831597222222222,True,True,정상
001_20200624_043333(2),3호기,20200624,1,2020-06-24,2020-06-24 04:33:33,576,444,566137e6c3f6077a919a8153f5046552,True,False,GT,5.0,349,4,3,3,416,121.0,0.1820609672172172,True,True,정상
001_20200624_043337(8),3호기,20200624,1,2020-06-24,2020-06-24 04:33:37,576,444,b90cb66febf0e2043dd94e65f3152c00,True,False,GT,4.0,349,4,3,3,416,121.0,0.1816699512012012,True,True,정상
001_20200624_043349(7),3호기,20200624,1,2020-06-24,2020-06-24 04:33:49,576,444,570fdf2d98531f257eb88501804a39ea,True,False,GT,12.0,349,4,3,3,432,121.0,0.1823464089089089,True,True,정상
001_20200624_083150(7),3호기,20200624,1,2020-06-24,2020-06-24 08:31:50,576,444,1b7cedff385e5a2e1b2ddd100fdfcd86,True,False,GT,14281.0,350,8,3,3,424,122.0,0.1830541478978979,True,True,정상
001_20200624_083153(8),3호기,20200624,1,2020-06-24,2020-06-24 08:31:53,576,444,7d50bfaab2827e8484de4417b7ddcb1c,True,False,GT,3.0,350,8,3,3,424,121.0,0.18291338213213212,True,True,정상
001_20200624_083156(9),3호기,20200624,1,2020-06-24,2020-06-24 08:31:56,576,444,69d99ea1fa7f6f1fcf210541b45a89f2,True,False,GT,3.0,350,8,3,3,416,121.0,0.18245589339339338,True,True,정상
001_20200624_083159(6),3호기,20200624,1,2020-06-24,2020-06-24 08:31:59,576,444,c67019af8c06c6c60e2c44ef8fc6d009,True,False,GT,3.0,350,8,3,3,400,122.0,0.18544325575575576,True,True,정상
001_20200624_083202(6),3호기,20200624,1,2020-06-24,2020-06-24 08:32:02,576,444,1e8d4500bcd4c95b8d7982639f89b3e7,True,False,GT,3.0,350,8,2,2,280,122.0,0.1847707082082082,True,True,정상
001_20200624_083205(7),3호기,20200624,1,2020-06-24,2020-06-24 08:32:05,576,444,085353eaef268baa824042e440107d5a,True,False,GT,3.0,350,8,3,3,392,122.0,0.18513826326326327,True,True,정상
001_20200624_123313(4),3호기,20200624,1,2020-06-24,2020-06-24 12:33:13,576,444,5ca39ec42da4aa745a4eb7e4e97fff3d,True,False,GT,14468.0,351,12,3,3,416,122.0,0.18590856481481483,True,True,정상
001_20200624_123317(8),3호기,20200624,1,2020-06-24,2020-06-24 12:33:17,576,444,85c78dfea2bf1ad1e70bcdc40be4f1ee,True,False,GT,4.0,351,12,3,3,416,122.0,0.1851539039039039,True,True,정상
001_20200624_123322(3),3호기,20200624,1,2020-06-24,2020-06-24 12:33:22,576,444,c7781f6126a967a8929da65664cd0b6c,True,False,GT,5.0,351,12,3,3,456,121.0,0.18450872747747749,True,True,정상
001_20200624_123326(6),3호기,20200624,1,2020-06-24,2020-06-24 12:33:26,576,444,4d0e10d23ffd711a7870d04f9d829912,True,False,GT,4.0,351,12,3,3,424,122.0,0.18268659284284283,True,True,정상
001_20200624_123331(2),3호기,20200624,1,2020-06-24,2020-06-24 12:33:31,576,444,6da6e523cf0a7faee57a62ed80631d0f,True,False,GT,5.0,351,12,3,3,416,121.0,0.1826709522022022,True,True,정상
001_20200624_123335(6),3호기,20200624,1,2020-06-24,2020-06-24 12:33:35,576,444,34063a935f1d93a47f58b634191ca147,True,False,GT,4.0,351,12,3,3,400,121.0,0.18259665915915915,True,True,정상
001_20200624_162816(3),3호기,20200624,1,2020-06-24,2020-06-24 16:28:16,576,444,520fa317e9549b3f480baa8a98f05b18,True,False,GT,14081.0,352,16,3,3,416,121.0,0.18201795545545546,True,True,정상
001_20200624_162821(2),3호기,20200624,1,2020-06-24,2020-06-24 16:28:21,576,444,a0cd7aff519a5a3486e98365bc1da823,True,False,GT,5.0,352,16,3,3,416,122.0,0.18218218218218218,True,True,정상
001_20200624_162831(2),3호기,20200624,1,2020-06-24,2020-06-24 16:28:31,576,444,19e9d7def1b1a6696822a77d27d64721,True,False,GT,10.0,352,16,3,3,424,122.0,0.18541197447447447,True,True,정상
001_20200624_162835(8),3호기,20200624,1,2020-06-24,2020-06-24 16:28:35,576,444,636c2396d82590e7c7d8b1e627b5c62a,True,False,GT,4.0,352,16,3,3,400,122.0,0.18528684934934936,True,True,정상
001_20200624_162846(3),3호기,20200624,1,2020-06-24,2020-06-24 16:28:46,576,444,103acaedbc01587a5dcb15975d0fd70e,False,False,미라벨,11.0,352,16,3,3,528,122.0,0.18530248998999,True,True,정상
001_20200624_162850(9),3호기,20200624,1,2020-06-24,2020-06-24 16:28:50,576,444,41249f99a23ce363cd04cae874950685,False,False,미라벨,4.0,352,16,3,3,400,122.0,0.1850483295795796,True,True,정상
001_20200624_203149(7),3호기,20200624,1,2020-06-24,2020-06-24 20:31:49,576,444,2ac1c7656d45fc575f85cc4986d02f03,True,False,GT,14579.0,353,20,3,3,392,120.0,0.18153700575575576,True,True,정상
001_20200624_203154(3),3호기,20200624,1,2020-06-24,2020-06-24 20:31:54,576,444,d73904bc03d626dfb05e9097572cad9c,True,False,GT,5.0,353,20,3,3,416,117.0,0.17779889264264265,True,True,정상
001_20200624_203203(1),3호기,20200624,1,2020-06-24,2020-06-24 20:32:03,576,444,cd93763a2e9df28871508258b80d7b10,True,False,GT,9.0,353,20,3,3,408,118.0,0.1777715215215215,True,True,정상
001_20200624_203207(8),3호기,20200624,1,2020-06-24,2020-06-24 20:32:07,576,444,dac8b7f3e1636c1014e2eebdc28737f7,True,False,GT,4.0,353,20,3,3,424,116.0,0.1762152777777778,True,True,정상
001_20200624_203212(2),3호기,20200624,1,2020-06-24,2020-06-24 20:32:12,576,444,7f94d70aef45ed86c16e48cc7c1d70bb,True,False,GT,5.0,353,20,3,3,456,116.0,0.17620354729729729,True,True,정상
001_20200624_203225(8),3호기,20200624,1,2020-06-24,2020-06-24 20:32:25,576,444,8045d639706102df51d0dde420d0ce64,True,False,GT,13.0,353,20,3,3,384,119.0,0.17965621871871873,True,True,정상
001_20200625_003507(0),3호기,20200625,1,2020-06-25,2020-06-25 00:35:07,576,444,ba8b4fd6808072c9b7687295cf0a9c7f,True,False,GT,14562.0,354,0,3,3,400,122.0,0.1839769456956957,True,True,정상
001_20200625_003511(4),3호기,20200625,1,2020-06-25,2020-06-25 00:35:11,576,444,d92036b44c37997d40229a23f5eb59e7,True,False,GT,4.0,354,0,3,3,392,122.0,0.18329657782782782,True,True,정상
001_20200625_003515(9),3호기,20200625,1,2020-06-25,2020-06-25 00:35:15,576,444,06c2d8bf1971e71775360734f8aa5a63,True,False,GT,4.0,354,0,3,3,424,122.0,0.18387137137137138,True,True,정상
001_20200625_003520(4),3호기,20200625,1,2020-06-25,2020-06-25 00:35:20,576,444,15d088dd4077fd08123990a46c0f12fc,True,False,GT,5.0,354,0,3,3,392,122.0,0.18296030405405406,True,True,정상
001_20200625_003524(9),3호기,20200625,1,2020-06-25,2020-06-25 00:35:24,576,444,fba37856663ec8d58793e31efd6420a0,True,False,GT,4.0,354,0,3,3,416,122.0,0.18421937562562563,True,True,정상
001_20200625_003529(2),3호기,20200625,1,2020-06-25,2020-06-25 00:35:29,576,444,96bd890e0aa211e944a89858035e44b8,True,False,GT,5.0,354,0,3,3,424,122.0,0.18410989114114115,True,True,정상
001_20200625_043323(7),3호기,20200625,1,2020-06-25,2020-06-25 04:33:23,576,444,ff8003823a31fa55cfd24c70dd13fef7,True,False,GT,14274.0,355,4,3,3,416,121.0,0.1825536473973974,True,True,정상
001_20200625_043328(3),3호기,20200625,1,2020-06-25,2020-06-25 04:33:28,576,444,683a4a180099d4ddf79ab17546710313,True,False,GT,5.0,355,4,3,3,424,122.0,0.18349990615615616,True,True,정상
001_20200625_043337(3),3호기,20200625,1,2020-06-25,2020-06-25 04:33:37,576,444,179b2684b0088675653fbe3ead09797e,True,False,GT,9.0,355,4,3,3,416,121.0,0.18183026776776776,True,True,정상
001_20200625_043341(7),3호기,20200625,1,2020-06-25,2020-06-25 04:33:41,576,444,8d8111eae409318f63b0f1d602c24d93,True,False,GT,4.0,355,4,3,3,408,120.0,0.18152918543543545,True,True,정상
001_20200625_043346(2),3호기,20200625,1,2020-06-25,2020-06-25 04:33:46,576,444,0c528ec991ec8c51c57ab747018195c2,True,False,GT,5.0,355,4,3,3,408,120.0,0.1813180367867868,True,True,정상
001_20200625_043359(8),3호기,20200625,1,2020-06-25,2020-06-25 04:33:59,576,444,1beee15d4513dc7387478c937e5bf74f,True,False,GT,13.0,355,4,3,3,416,120.0,0.18172469344344344,True,True,정상
001_20200629_082825(1),3호기,20200629,1,2020-06-29,2020-06-29 08:28:25,576,444,e7cd1e39d878212612bd05c239aff549,True,False,GT,359666.0,356,8,3,3,424,124.0,0.18255755755755756,True,True,정상
001_20200629_082828(0),3호기,20200629,1,2020-06-29,2020-06-29 08:28:28,576,444,988765dc9ea011bceb3cd8925f501497,True,False,GT,3.0,356,8,3,3,432,124.0,0.1825731981981982,True,True,정상
001_20200629_082831(0),3호기,20200629,1,2020-06-29,2020-06-29 08:28:31,576,444,84dc0ccb164f1ac3a4325758dccbff52,True,False,GT,3.0,356,8,3,3,400,124.0,0.18330439814814814,True,True,정상
001_20200629_082834(2),3호기,20200629,1,2020-06-29,2020-06-29 08:28:34,576,444,774d5e9d87e28615c9e051bb1990dbf2,True,False,GT,3.0,356,8,2,2,280,124.0,0.18351945695695696,True,True,정상
001_20200629_082837(2),3호기,20200629,1,2020-06-29,2020-06-29 08:28:37,576,444,fb14b9dcf31939d4113833d8e69df425,True,False,GT,3.0,356,8,3,3,408,124.0,0.1833669607107107,True,True,정상
001_20200629_082840(2),3호기,20200629,1,2020-06-29,2020-06-29 08:28:40,576,444,aa0e6ffa29191cffc6e323784b52e5de,True,False,GT,3.0,356,8,3,3,408,124.0,0.18281171796796797,True,True,정상
001_20200629_082905(4),3호기,20200629,1,2020-06-29,2020-06-29 08:29:05,576,444,b231e1df11bf1318200e9c7ace98b8ed,True,False,GT,25.0,356,8,3,3,400,124.0,0.18306587837837837,True,True,정상
001_20200629_123107(1),3호기,20200629,1,2020-06-29,2020-06-29 12:31:07,576,444,54f7ca3758c4ebd5971022e357e38bf4,True,False,GT,14522.0,357,12,3,3,424,121.0,0.18223692442442443,True,True,정상
001_20200629_123111(6),3호기,20200629,1,2020-06-29,2020-06-29 12:31:11,576,444,7d885a9eeafd7d4072160b4f639fc28b,True,False,GT,4.0,357,12,3,3,408,121.0,0.18256537787787788,True,True,정상
001_20200629_123116(1),3호기,20200629,1,2020-06-29,2020-06-29 12:31:16,576,444,859cb86494160067dd4c19bc8a435e9d,True,False,GT,5.0,357,12,3,3,432,121.0,0.18266313188188188,True,True,정상
001_20200629_123120(6),3호기,20200629,1,2020-06-29,2020-06-29 12:31:20,576,444,71bd48640f1b0f100ce315f006053533,True,False,GT,4.0,357,12,3,3,424,121.0,0.18294075325325326,True,True,정상
001_20200629_123125(2),3호기,20200629,1,2020-06-29,2020-06-29 12:31:25,576,444,bad0a005c91b71395624cb92fc57aaed,True,False,GT,5.0,357,12,3,3,424,121.0,0.18228384634634634,True,True,정상
001_20200629_123129(6),3호기,20200629,1,2020-06-29,2020-06-29 12:31:29,576,444,af5e73f66af4e454df3d0081308e8d8d,False,False,미라벨,4.0,357,12,3,3,416,122.0,0.18288210085085085,True,True,정상
001_20200629_163728(4),3호기,20200629,1,2020-06-29,2020-06-29 16:37:28,576,444,1377364a669aff2b3ff259a4f8356506,False,False,미라벨,14759.0,358,16,3,3,424,122.0,0.1827687062062062,True,True,정상
001_20200629_163732(9),3호기,20200629,1,2020-06-29,2020-06-29 16:37:32,576,444,b16e6df89a2b31b828f0f6798faff379,False,False,미라벨,4.0,358,16,3,3,408,122.0,0.1831128003003003,True,True,정상
001_20200629_163737(5),3호기,20200629,1,2020-06-29,2020-06-29 16:37:37,576,444,a00545426075ed3c62ce803e17fcdd41,False,False,미라벨,5.0,358,16,3,3,416,122.0,0.1832105543043043,True,True,정상
001_20200629_163741(9),3호기,20200629,1,2020-06-29,2020-06-29 16:37:41,576,444,f7d8820da94ccb0b963cb446b95dde0a,False,False,미라벨,4.0,358,16,3,3,408,122.0,0.183081519019019,True,True,정상
001_20200629_163746(6),3호기,20200629,1,2020-06-29,2020-06-29 16:37:46,576,444,2d2bfe55cbd242448202c0d82aecccf9,False,False,미라벨,5.0,358,16,3,3,432,122.0,0.18258883883883884,True,True,정상
001_20200629_163756(6),3호기,20200629,1,2020-06-29,2020-06-29 16:37:56,576,444,26981911e490ec893d3365226b7029af,False,False,미라벨,10.0,358,16,3,3,416,121.0,0.1827999874874875,True,True,정상
001_20200629_202802(6),3호기,20200629,1,2020-06-29,2020-06-29 20:28:02,576,444,dc82f64511f524eae14ab51ba658b1e9,False,False,미라벨,13806.0,359,20,3,3,440,120.0,0.18259665915915915,True,True,정상
001_20200629_202807(1),3호기,20200629,1,2020-06-29,2020-06-29 20:28:07,576,444,2cc33ce5f0ba93f1faeb1b0eecc0701c,False,False,미라벨,5.0,359,20,3,3,400,121.0,0.18188109984984985,True,True,정상
001_20200629_202811(5),3호기,20200629,1,2020-06-29,2020-06-29 20:28:11,576,444,c39fedd02115c5a5075590a4c635c9cd,False,False,미라벨,4.0,359,20,3,3,416,120.0,0.18115772022022023,True,True,정상
001_20200629_202816(1),3호기,20200629,1,2020-06-29,2020-06-29 20:28:16,576,444,f16250e88f7b4cfa7bb9f4393ae06494,False,False,미라벨,5.0,359,20,3,3,424,123.0,0.18580299049049048,True,True,정상
001_20200629_202820(6),3호기,20200629,1,2020-06-29,2020-06-29 20:28:20,576,444,79321126ce91c5aef4ad7e00cda885bf,False,False,미라벨,4.0,359,20,2,2,272,123.0,0.1859906781781782,True,True,정상
001_20200629_202825(1),3호기,20200629,1,2020-06-29,2020-06-29 20:28:25,576,444,6d5ae1bf099b0ee971534feb6fbcdabd,False,False,미라벨,5.0,359,20,2,2,352,122.0,0.18565831456456455,True,True,정상
001_20200630_003006(2),3호기,20200630,1,2020-06-30,2020-06-30 00:30:06,576,444,28be0c15f267587979f6b61a34168089,False,False,미라벨,14501.0,360,0,3,3,416,124.0,0.18288992117117117,True,True,정상
001_20200630_003010(8),3호기,20200630,1,2020-06-30,2020-06-30 00:30:10,576,444,df22f3aaeade49a0e56f258caec50692,False,False,미라벨,4.0,360,0,3,3,416,124.0,0.1831519019019019,True,True,정상
001_20200630_003015(1),3호기,20200630,1,2020-06-30,2020-06-30 00:30:15,576,444,530ec17705d0ed03520154b1739b7b74,False,False,미라벨,5.0,360,0,3,3,384,124.0,0.18268268268268267,True,True,정상
001_20200630_003019(7),3호기,20200630,1,2020-06-30,2020-06-30 00:30:19,576,444,fb6c22e179d43114e0f616bef2944cd6,False,False,미라벨,4.0,360,0,3,3,384,126.0,0.18579126001001,True,True,정상
001_20200630_003024(2),3호기,20200630,1,2020-06-30,2020-06-30 00:30:24,576,444,f5a6cf659658541db5f1feb8da2bc090,False,False,미라벨,5.0,360,0,3,3,416,125.0,0.18579908033033032,True,True,정상
001_20200630_003033(2),3호기,20200630,1,2020-06-30,2020-06-30 00:30:33,576,444,33343e087e142bbda2e1d5ef2ad47d41,False,False,미라벨,9.0,360,0,3,3,408,125.0,0.1858616428928929,True,True,정상
001_20200630_043339(8),3호기,20200630,1,2020-06-30,2020-06-30 04:33:39,576,444,e2d7c8cd5091a5cbb026495110f98ac0,False,False,미라벨,14586.0,361,4,3,3,408,124.0,0.1833083083083083,True,True,정상
001_20200630_043538(1),3호기,20200630,1,2020-06-30,2020-06-30 04:35:38,576,444,d88a9695f21e4d938e785f3d691edcb1,False,False,미라벨,119.0,361,4,3,3,416,124.0,0.18332785910910912,True,True,정상
001_20200630_043544(2),3호기,20200630,1,2020-06-30,2020-06-30 04:35:44,576,444,4121e9f40bc35757b39531b00755f9e4,False,False,미라벨,6.0,361,4,3,3,416,124.0,0.1832692067067067,True,True,정상
001_20200630_043548(7),3호기,20200630,1,2020-06-30,2020-06-30 04:35:48,576,444,8dffe63637e11f2459a2e8ff0fd2c784,False,False,미라벨,4.0,361,4,3,3,416,126.0,0.18583036161161162,True,True,정상
001_20200630_043600(9),3호기,20200630,1,2020-06-30,2020-06-30 04:36:00,576,444,a20562c43154ed956ca1a11708d2fb11,False,False,미라벨,12.0,361,4,3,3,408,125.0,0.1853298611111111,True,True,정상
001_20200630_043605(5),3호기,20200630,1,2020-06-30,2020-06-30 04:36:05,576,444,9bbe2a23b84d620974eb85f1481c8399,False,False,미라벨,5.0,361,4,3,3,400,125.0,0.18537678303303304,True,True,정상
001_20200630_083235(6),3호기,20200630,1,2020-06-30,2020-06-30 08:32:35,576,444,9b229a131ed849962fa1666e2aa2137c,False,False,미라벨,14190.0,362,8,3,3,440,124.0,0.18233467842842843,True,True,정상
001_20200630_083322(2),3호기,20200630,1,2020-06-30,2020-06-30 08:33:22,576,444,c6ea12a46d350611483e9b6f700b506a,False,False,미라벨,47.0,362,8,3,3,416,125.0,0.18323401526526525,True,True,정상
001_20200630_083331(2),3호기,20200630,1,2020-06-30,2020-06-30 08:33:31,576,444,2307639a0d5eb99de20f12d86c513cda,False,False,미라벨,9.0,362,8,3,3,416,125.0,0.18303068693693694,True,True,정상
001_20200630_083350(7),3호기,20200630,1,2020-06-30,2020-06-30 08:33:50,576,444,7aeda5ffa9718001be631be8715495ad,False,False,미라벨,19.0,362,8,3,3,416,125.0,0.1835741991991992,True,True,정상
001_20200630_083355(1),3호기,20200630,1,2020-06-30,2020-06-30 08:33:55,576,444,99f8e6b17116db7bee8fc3b9afe144c1,False,False,미라벨,5.0,362,8,3,3,400,125.0,0.18333176926926928,True,True,정상
001_20200630_083405(7),3호기,20200630,1,2020-06-30,2020-06-30 08:34:05,576,444,1011f5cde8b2c7eee7c25be80e229e82,False,False,미라벨,10.0,362,8,3,3,432,124.0,0.1830541478978979,True,True,정상
001_20200630_123334(2),3호기,20200630,1,2020-06-30,2020-06-30 12:33:34,576,444,47f1ca12016025dc6ec5a6485f6b2d5d,False,False,미라벨,14369.0,363,12,3,3,416,124.0,0.18375797672672672,True,True,정상
001_20200630_123338(7),3호기,20200630,1,2020-06-30,2020-06-30 12:33:38,576,444,20217784dcfe01fbc94809c92d5d5a57,False,False,미라벨,4.0,363,12,3,3,432,125.0,0.18353118743743743,True,True,정상
001_20200630_123343(2),3호기,20200630,1,2020-06-30,2020-06-30 12:33:43,576,444,369bd6c20c30959e6173c50ced71fa1d,False,False,미라벨,5.0,363,12,3,3,424,125.0,0.18409034034034033,True,True,정상
001_20200630_123347(6),3호기,20200630,1,2020-06-30,2020-06-30 12:33:47,576,444,a7c9e3f6c0536d72bd0450fd4c57b8fe,False,False,미라벨,4.0,363,12,3,3,424,125.0,0.1833395895895896,True,True,정상
001_20200630_123352(1),3호기,20200630,1,2020-06-30,2020-06-30 12:33:52,576,444,e3d9b19539418641244de08d3db1444e,False,False,미라벨,5.0,363,12,3,3,400,125.0,0.1837423360860861,True,True,정상
001_20200630_123423(6),3호기,20200630,1,2020-06-30,2020-06-30 12:34:23,576,444,6a5fbc9c496f8a41bc898a72aa5ad10d,False,False,미라벨,31.0,363,12,3,3,400,124.0,0.18318709334334335,True,True,정상
001_20200630_123426(8),3호기,20200630,1,2020-06-30,2020-06-30 12:34:26,576,444,c85168c4179ebd39b724a1588b9a8f0d,False,False,미라벨,3.0,363,12,3,3,432,124.0,0.18335523023023023,True,True,정상
001_20200630_163111(8),3호기,20200630,1,2020-06-30,2020-06-30 16:31:11,576,444,d8b18307a53b2788c171c6ca135ef0cd,False,False,미라벨,14205.0,364,16,3,3,408,125.0,0.1852829391891892,True,True,정상
001_20200630_163116(2),3호기,20200630,1,2020-06-30,2020-06-30 16:31:16,576,444,397353d3ed0ce67f3e46fe5a9b23d453,False,False,미라벨,5.0,364,16,3,3,384,122.0,0.18140797047047047,True,True,정상
001_20200630_163120(7),3호기,20200630,1,2020-06-30,2020-06-30 16:31:20,576,444,a15eff02a738a9abeff737cc5b406688,False,False,미라벨,4.0,364,16,3,3,424,124.0,0.1839769456956957,True,True,정상
001_20200630_163125(2),3호기,20200630,1,2020-06-30,2020-06-30 16:31:25,576,444,b00c93d419abee4045680fa24979f074,False,False,미라벨,5.0,364,16,3,3,416,123.0,0.1835741991991992,True,True,정상
001_20200630_163129(8),3호기,20200630,1,2020-06-30,2020-06-30 16:31:29,576,444,156615bccd7f3460d793b37bc3b79e1e,False,False,미라벨,4.0,364,16,3,3,384,124.0,0.18461039164164164,True,True,정상
001_20200630_163134(2),3호기,20200630,1,2020-06-30,2020-06-30 16:31:34,576,444,afffd7cefbc88e29fe56ac58385c693a,False,False,미라벨,5.0,364,16,3,3,400,122.0,0.18069241116116116,True,True,정상
001_20200630_163147(8),3호기,20200630,1,2020-06-30,2020-06-30 16:31:47,576,444,8df48a0c9b578f93ef13b14719821dc3,False,False,미라벨,13.0,364,16,3,3,416,122.0,0.18156828703703703,True,True,정상
001_20200630_203200(3),3호기,20200630,1,2020-06-30,2020-06-30 20:32:00,576,444,ffde58f68e9aa071f90e0af8a20f536b,False,False,미라벨,14413.0,365,20,3,3,400,126.0,0.18561921296296297,True,True,정상
001_20200630_203205(0),3호기,20200630,1,2020-06-30,2020-06-30 20:32:05,576,444,b9042e0650379126c57034db0ed8a82b,False,False,미라벨,5.0,365,20,3,3,384,126.0,0.18555274024024024,True,True,정상
001_20200630_203209(3),3호기,20200630,1,2020-06-30,2020-06-30 20:32:09,576,444,e82f93d32faa3d86cc55558c888788e9,False,False,미라벨,4.0,365,20,3,3,400,126.0,0.1854276151151151,True,True,정상
001_20200630_203213(8),3호기,20200630,1,2020-06-30,2020-06-30 20:32:13,576,444,32e964de550f63fc13cab611c7b613e8,False,False,미라벨,4.0,365,20,3,3,400,126.0,0.1852712087087087,True,True,정상
001_20200630_203218(3),3호기,20200630,1,2020-06-30,2020-06-30 20:32:18,576,444,d3ed7e10b8549b16d68c543141457bb8,False,False,미라벨,5.0,365,20,3,3,416,125.0,0.18281562812812813,True,True,정상
001_20200630_203222(8),3호기,20200630,1,2020-06-30,2020-06-30 20:32:22,576,444,fb335976371bcdf305804f9582f379e1,False,False,미라벨,4.0,365,20,3,3,408,124.0,0.18260447947947947,True,True,정상
001_20200701_004132(8),3호기,20200701,1,2020-07-01,2020-07-01 00:41:32,576,444,3fa33e40fb89abfdbbfeb0f82d334a3b,False,False,미라벨,14950.0,366,0,3,3,400,125.0,0.18753128128128127,True,True,정상
001_20200701_004141(6),3호기,20200701,1,2020-07-01,2020-07-01 00:41:41,576,444,eaf051bc5bd524e7298934c1ab68c4e9,False,False,미라벨,9.0,366,0,3,3,408,125.0,0.18602195945945946,True,True,정상
001_20200701_004146(2),3호기,20200701,1,2020-07-01,2020-07-01 00:41:46,576,444,b4856f9d2f55ae76172ec1d9b088e70c,False,False,미라벨,5.0,366,0,3,3,408,125.0,0.18542370495495494,True,True,정상
001_20200701_004150(6),3호기,20200701,1,2020-07-01,2020-07-01 00:41:50,576,444,d3f5322ce1850e2052b2dea540387063,False,False,미라벨,4.0,366,0,3,3,416,125.0,0.18369541416416416,True,True,정상
001_20200701_004155(1),3호기,20200701,1,2020-07-01,2020-07-01 00:41:55,576,444,f26ffcdaed2e478ed9e1df6b9e5133ad,False,False,미라벨,5.0,366,0,3,3,416,125.0,0.18352727727727727,True,True,정상
001_20200701_004159(7),3호기,20200701,1,2020-07-01,2020-07-01 00:41:59,576,444,9d68bd3a804d9e01bb3e0881e8590f60,False,False,미라벨,4.0,366,0,3,3,424,125.0,0.1833669607107107,True,True,정상
001_20200701_043236(2),3호기,20200701,1,2020-07-01,2020-07-01 04:32:36,576,444,ef9b5577a21582562a115014d1a7d5dd,False,False,미라벨,13837.0,367,4,3,3,416,125.0,0.18328484734734735,True,True,정상
001_20200701_043245(3),3호기,20200701,1,2020-07-01,2020-07-01 04:32:45,576,444,ef275cffb0fecfdaeb912668ab685346,False,False,미라벨,9.0,367,4,3,3,424,125.0,0.18348035535535537,True,True,정상
001_20200701_043249(7),3호기,20200701,1,2020-07-01,2020-07-01 04:32:49,576,444,6859588c82696261884b9947d07ac7a9,False,False,미라벨,4.0,367,4,3,3,408,125.0,0.18324183558558557,True,True,정상
001_20200701_043258(7),3호기,20200701,1,2020-07-01,2020-07-01 04:32:58,576,444,a5e2ffa735d916f338754cd462dda65c,False,False,미라벨,9.0,367,4,3,3,408,125.0,0.18591638513513514,True,True,정상
001_20200701_043307(7),3호기,20200701,1,2020-07-01,2020-07-01 04:33:07,576,444,40bf712f5f562c103d2fa261e2ef5fb8,False,False,미라벨,9.0,367,4,3,3,416,125.0,0.18559184184184185,True,True,정상
001_20200701_043312(4),3호기,20200701,1,2020-07-01,2020-07-01 04:33:12,576,444,4926decfd6e15df01256c189fcaa1488,False,False,미라벨,5.0,367,4,3,3,424,125.0,0.18567004504504506,True,True,정상
001_20200701_083251(9),3호기,20200701,1,2020-07-01,2020-07-01 08:32:51,576,444,eddfa7912f86aea3d4bfd9b59b990b5f,False,False,미라벨,14379.0,368,8,3,3,432,122.0,0.180590746996997,True,True,정상
001_20200701_083256(5),3호기,20200701,1,2020-07-01,2020-07-01 08:32:56,576,444,7c75b09c8635ff312a81cb075ad032fb,False,False,미라벨,5.0,368,8,3,3,416,123.0,0.18046171171171171,True,True,정상
001_20200701_083300(7),3호기,20200701,1,2020-07-01,2020-07-01 08:33:00,576,444,69b7598792bcc8ac30c04fdb7fb7b6b8,False,False,미라벨,4.0,368,8,3,3,392,122.0,0.17969532032032032,True,True,정상
001_20200701_083309(8),3호기,20200701,1,2020-07-01,2020-07-01 08:33:09,576,444,e5ac5c044c6ea8d5bc5e5a36d862b350,False,False,미라벨,9.0,368,8,3,3,424,121.0,0.1782329204204204,True,True,정상
001_20200701_083323(2),3호기,20200701,1,2020-07-01,2020-07-01 08:33:23,576,444,2372186ab3cc16f16a20447d98027808,False,False,미라벨,14.0,368,8,3,3,424,121.0,0.17818990865865866,True,True,정상
001_20200701_083327(8),3호기,20200701,1,2020-07-01,2020-07-01 08:33:27,576,444,eddd9e28630ce4d2cb7600d03424007e,False,False,미라벨,4.0,368,8,3,3,408,121.0,0.17830721346346345,True,True,정상
001_20200701_123507(7),3호기,20200701,1,2020-07-01,2020-07-01 12:35:07,576,444,47693cf9cbf42c1a64bd130ff942683e,False,False,미라벨,14500.0,369,12,3,3,416,124.0,0.1815018143143143,True,True,정상
001_20200701_123511(0),3호기,20200701,1,2020-07-01,2020-07-01 12:35:11,576,444,45e4799e20d9c66d75ebc2795c13da98,False,False,미라벨,4.0,369,12,3,3,432,124.0,0.18225647522522523,True,True,정상
001_20200701_123514(1),3호기,20200701,1,2020-07-01,2020-07-01 12:35:14,576,444,12310c4c31c63b32698aa86857905c7f,False,False,미라벨,3.0,369,12,3,3,416,125.0,0.18266313188188188,True,True,정상
001_20200701_123517(3),3호기,20200701,1,2020-07-01,2020-07-01 12:35:17,576,444,d8c55aa8ab6eca9ae34f03f8720d9b36,False,False,미라벨,3.0,369,12,3,3,408,124.0,0.18329657782782782,True,True,정상
001_20200701_123520(6),3호기,20200701,1,2020-07-01,2020-07-01 12:35:20,576,444,1e17523cd0370cde4aaf0dddd5150267,False,False,미라벨,3.0,369,12,3,3,432,124.0,0.18324965590590592,True,True,정상
001_20200701_123523(9),3호기,20200701,1,2020-07-01,2020-07-01 12:35:23,576,444,33a4bda82c2aaff55a1c77ef0c1a5c69,False,False,미라벨,3.0,369,12,3,3,400,125.0,0.18303850725725726,True,True,정상
001_20200701_163109(0),3호기,20200701,1,2020-07-01,2020-07-01 16:31:09,576,444,36f34b177bb774d48338468888b04c85,False,False,미라벨,14146.0,370,16,3,3,488,123.0,0.1810325950950951,True,True,정상
001_20200701_163112(8),3호기,20200701,1,2020-07-01,2020-07-01 16:31:12,576,444,ab4cbea058e542f425b5e091f6bd71bb,False,False,미라벨,3.0,370,16,3,3,416,121.0,0.1794802615115115,True,True,정상
001_20200701_163121(1),3호기,20200701,1,2020-07-01,2020-07-01 16:31:21,576,444,5401846f42721e6a30f944c908a4d1b7,False,False,미라벨,9.0,370,16,3,3,408,124.0,0.18281953828828829,True,True,정상
001_20200701_163140(2),3호기,20200701,1,2020-07-01,2020-07-01 16:31:40,576,444,637e4ddb6277c623d4984904677842e3,False,False,미라벨,19.0,370,16,3,3,416,124.0,0.1829759446946947,True,True,정상
001_20200701_163144(5),3호기,20200701,1,2020-07-01,2020-07-01 16:31:44,576,444,c875a3b3c66793a374d15a3da9277875,False,False,미라벨,4.0,370,16,3,3,416,124.0,0.18304241741741742,True,True,정상
001_20200701_163202(1),3호기,20200701,1,2020-07-01,2020-07-01 16:32:02,576,444,90d99f048e48e82f813300c315365d5a,False,False,미라벨,18.0,370,16,3,3,400,122.0,0.1806572197197197,True,True,정상
001_20200701_203552(7),3호기,20200701,1,2020-07-01,2020-07-01 20:35:52,576,444,3b037028a46d64dea2cbbac476dae82b,False,False,미라벨,14630.0,371,20,2,2,296,125.0,0.1836133008008008,True,True,정상
001_20200701_203557(3),3호기,20200701,1,2020-07-01,2020-07-01 20:35:57,576,444,7976b3bc1199ad7f1dab36c2560a792a,False,False,미라벨,5.0,371,20,3,3,408,125.0,0.18385964089089088,True,True,정상
001_20200701_203601(8),3호기,20200701,1,2020-07-01,2020-07-01 20:36:01,576,444,f69d32e23c2c4cf1f1510ba2b192f1cc,False,False,미라벨,4.0,371,20,3,3,416,125.0,0.18367586336336336,True,True,정상
001_20200701_203606(3),3호기,20200701,1,2020-07-01,2020-07-01 20:36:06,576,444,d9cd9f8df6123b506ce6ce1a8c369704,False,False,미라벨,5.0,371,20,2,2,288,126.0,0.1866163038038038,True,True,정상
001_20200701_203610(7),3호기,20200701,1,2020-07-01,2020-07-01 20:36:10,576,444,e2cfa23b1b0e9309d6ec1bcbd5206749,False,False,미라벨,4.0,371,20,2,2,272,126.0,0.18611189314314314,True,True,정상
001_20200701_203615(2),3호기,20200701,1,2020-07-01,2020-07-01 20:36:15,576,444,7d87153aa0c55c6eb53358f2cbf50b85,False,False,미라벨,5.0,371,20,3,3,416,127.0,0.18646771771771772,True,True,정상
001_20200702_003135(7),3호기,20200702,1,2020-07-02,2020-07-02 00:31:35,576,444,d4ab683451ce580cded491c70f825ff3,False,False,미라벨,14120.0,372,0,3,3,416,126.0,0.18712853478478478,True,True,정상
001_20200702_003140(4),3호기,20200702,1,2020-07-02,2020-07-02 00:31:40,576,444,e2f30bae149adb0d675c0e710dc78316,False,False,미라벨,5.0,372,0,3,3,416,127.0,0.18663976476476477,True,True,정상
001_20200702_003149(3),3호기,20200702,1,2020-07-02,2020-07-02 00:31:49,576,444,67d387af05740e16c74acc3026e582e8,False,False,미라벨,9.0,372,0,3,3,408,126.0,0.18608061186186187,True,True,정상
001_20200702_003154(0),3호기,20200702,1,2020-07-02,2020-07-02 00:31:54,576,444,1d714e27797dc54e123f7f8426560281,False,False,미라벨,5.0,372,0,3,3,432,126.0,0.18346080455455455,True,True,정상
001_20200702_003158(4),3호기,20200702,1,2020-07-02,2020-07-02 00:31:58,576,444,38f8dc37b73ba8e57947395f349ab0bc,False,False,미라벨,4.0,372,0,3,3,400,125.0,0.18342170295295296,True,True,정상
001_20200702_003203(1),3호기,20200702,1,2020-07-02,2020-07-02 00:32:03,576,444,e8c36f0a94d1306bcbf3bda11d260b24,False,False,미라벨,5.0,372,0,3,3,416,125.0,0.18353118743743743,True,True,정상
001_20200702_043956(5),3호기,20200702,1,2020-07-02,2020-07-02 04:39:56,576,444,ba977b35542aafca43a52b77b17b95cb,False,False,미라벨,14873.0,373,4,3,3,408,126.0,0.18385964089089088,True,True,정상
001_20200702_043959(8),3호기,20200702,1,2020-07-02,2020-07-02 04:39:59,576,444,240149e14fb52b1aa83bc62faa48e501,False,False,미라벨,3.0,373,4,3,3,416,125.0,0.18378534784784784,True,True,정상
001_20200702_044003(1),3호기,20200702,1,2020-07-02,2020-07-02 04:40:03,576,444,10d6bcd708c4d0380ea612c967a70245,False,False,미라벨,4.0,373,4,3,3,408,125.0,0.18292902277277276,True,True,정상
001_20200702_044006(3),3호기,20200702,1,2020-07-02,2020-07-02 04:40:06,576,444,f127dc4eb02b3c1cf89368f8ee142777,False,False,미라벨,3.0,373,4,3,3,408,127.0,0.18670232732732733,True,True,정상
001_20200702_044009(8),3호기,20200702,1,2020-07-02,2020-07-02 04:40:09,576,444,170805d96a6991acda6b1bb404239b1e,False,False,미라벨,3.0,373,4,3,3,408,127.0,0.18647553803803804,True,True,정상
001_20200702_044013(2),3호기,20200702,1,2020-07-02,2020-07-02 04:40:13,576,444,11a7e64a680fa062dccbb50eb630c22f,False,False,미라벨,4.0,373,4,3,3,416,127.0,0.18705033158158157,True,True,정상
001_20200706_083233(2),3호기,20200706,1,2020-07-06,2020-07-06 08:32:33,576,444,a03e3417fc782119c0ad586c86855c8f,False,False,미라벨,359540.0,374,8,3,3,416,126.0,0.18613535410410412,True,True,정상
001_20200706_083236(5),3호기,20200706,1,2020-07-06,2020-07-06 08:32:36,576,444,4354f452e92c9435cf69bfdae7cf8648,False,False,미라벨,3.0,374,8,3,3,384,126.0,0.18629176051051052,True,True,정상
001_20200706_083239(5),3호기,20200706,1,2020-07-06,2020-07-06 08:32:39,576,444,b3309a9879f405547a1f3aa7d236ede6,False,False,미라벨,3.0,374,8,3,3,416,126.0,0.1867844406906907,True,True,정상
001_20200706_083242(3),3호기,20200706,1,2020-07-06,2020-07-06 08:32:42,576,444,59a937883d49309f7575dad4c45a75ab,False,False,미라벨,3.0,374,8,3,3,424,124.0,0.18483718093093093,True,True,정상
001_20200706_083245(3),3호기,20200706,1,2020-07-06,2020-07-06 08:32:45,576,444,fb6839261d768a05a745eb3a572a4a39,False,False,미라벨,3.0,374,8,3,3,408,124.0,0.18404732857857858,True,True,정상
001_20200706_083248(4),3호기,20200706,1,2020-07-06,2020-07-06 08:32:48,576,444,debf91c5ef3a017aee6d1813ed198b5d,False,False,미라벨,3.0,374,8,3,3,400,124.0,0.18447353603603603,True,True,정상
001_20200706_123355(3),3호기,20200706,1,2020-07-06,2020-07-06 12:33:55,576,444,cf1de904175aeadab4a3a42f6a12f0a6,False,False,미라벨,14467.0,375,12,3,3,392,122.0,0.1844774461961962,True,True,정상
001_20200706_123359(3),3호기,20200706,1,2020-07-06,2020-07-06 12:33:59,576,444,c32bf976a3144b18d953c95e333dd3b5,False,False,미라벨,4.0,375,12,3,3,392,122.0,0.18371496496496498,True,True,정상
001_20200706_123411(3),3호기,20200706,1,2020-07-06,2020-07-06 12:34:11,576,444,d9c99c35a491c986f4bc480cd2bb85dd,False,False,미라벨,12.0,375,12,3,3,384,122.0,0.18379316816816818,True,True,정상
001_20200706_123437(4),3호기,20200706,1,2020-07-06,2020-07-06 12:34:37,576,444,bd5643a4f0fde1d4fd26919b78dd0028,False,False,미라벨,26.0,375,12,3,3,416,121.0,0.18442661411411412,True,True,정상
001_20200706_123445(4),3호기,20200706,1,2020-07-06,2020-07-06 12:34:45,576,444,ba5b01d6c022b839f6d4023a020745ff,False,False,미라벨,8.0,375,12,3,3,456,121.0,0.1850248686186186,True,True,정상
001_20200706_123449(4),3호기,20200706,1,2020-07-06,2020-07-06 12:34:49,576,444,992950f9b262dc1898c181e6693dbd98,False,False,미라벨,4.0,375,12,3,3,384,121.0,0.18415681306306306,True,True,정상
001_20200706_163108(5),3호기,20200706,1,2020-07-06,2020-07-06 16:31:08,576,444,94570ca1271599e30c1c239aa60f8952,False,False,미라벨,14179.0,376,16,2,2,256,121.0,0.18340997247247248,True,True,정상
001_20200706_163112(5),3호기,20200706,1,2020-07-06,2020-07-06 16:31:12,576,444,0351a56d494464ab9cb20b17bef626e8,False,False,미라벨,4.0,376,16,2,2,256,121.0,0.1830033158158158,True,True,정상
001_20200706_163116(3),3호기,20200706,1,2020-07-06,2020-07-06 16:31:16,576,444,47bc49d85d3471443513dd52ecde4e8d,False,False,미라벨,4.0,376,16,1,1,136,121.0,0.1827999874874875,True,True,정상
001_20200706_163120(5),3호기,20200706,1,2020-07-06,2020-07-06 16:31:20,576,444,f11c2e67b5939706a0d3dff41e5a2473,False,False,미라벨,4.0,376,16,2,2,256,122.0,0.1859672172172172,True,True,정상
001_20200706_163124(3),3호기,20200706,1,2020-07-06,2020-07-06 16:31:24,576,444,87a65ed8b0ea5c07cc1e7f1e49eb6376,False,False,미라벨,4.0,376,16,2,2,264,122.0,0.18547453703703703,True,True,정상
001_20200706_163134(3),3호기,20200706,1,2020-07-06,2020-07-06 16:31:34,576,444,cc13fc2c986316a013b7c2b885e4f87a,False,False,미라벨,10.0,376,16,2,2,256,122.0,0.18601022897897898,True,True,정상
001_20200706_203245(6),3호기,20200706,1,2020-07-06,2020-07-06 20:32:45,576,444,f36c208d675f650277d6de2cf2a28a70,False,False,미라벨,14471.0,377,20,3,3,384,116.0,0.17510870245245244,True,True,정상
001_20200706_203309(2),3호기,20200706,1,2020-07-06,2020-07-06 20:33:09,576,444,6bc0e8c62192c62355049238ebe57edd,False,False,미라벨,24.0,377,20,3,3,384,120.0,0.18073151276276275,True,True,정상
001_20200706_203419(5),3호기,20200706,1,2020-07-06,2020-07-06 20:34:19,576,444,29a6d9314d78324085eec96855f4900f,False,False,미라벨,70.0,377,20,3,3,400,119.0,0.17908924549549549,True,True,정상
001_20200706_203456(7),3호기,20200706,1,2020-07-06,2020-07-06 20:34:56,576,444,5659fd1ee6fd6db50691383b10b26af0,False,False,미라벨,37.0,377,20,3,3,392,120.0,0.18063766891891891,True,True,정상
001_20200706_203500(1),3호기,20200706,1,2020-07-06,2020-07-06 20:35:00,576,444,42ee6493b55fcbd31d2c6d7a4385afef,False,False,미라벨,4.0,377,20,3,3,384,118.0,0.1796601288788789,True,True,정상
001_20200706_203520(0),3호기,20200706,1,2020-07-06,2020-07-06 20:35:20,576,444,7f8a2bc5f011caa5970bbbaca14fad3f,False,False,미라벨,20.0,377,20,3,3,384,117.0,0.17740396646646647,True,True,정상
001_20200707_003223(4),3호기,20200707,1,2020-07-07,2020-07-07 00:32:23,576,444,b362b805eff1a861798a275c755c1099,False,False,미라벨,14223.0,378,0,3,3,384,122.0,0.18457129004004005,True,True,정상
001_20200707_003233(9),3호기,20200707,1,2020-07-07,2020-07-07 00:32:33,576,444,a9eaa1905c8dfc4fb15f50bf7eb27bb3,False,False,미라벨,10.0,378,0,3,3,392,122.0,0.18401213713713713,True,True,정상
001_20200707_003256(1),3호기,20200707,1,2020-07-07,2020-07-07 00:32:56,576,444,e4b6bfadee89f0c7dfc2fb6614564661,False,False,미라벨,23.0,378,0,3,3,384,121.0,0.18383617992992993,True,True,정상
001_20200707_003312(2),3호기,20200707,1,2020-07-07,2020-07-07 00:33:12,576,444,37d2d459ad01cd1b450dbceb4d993a4a,False,False,미라벨,16.0,378,0,3,3,384,122.0,0.18361721096096095,True,True,정상
001_20200707_003315(4),3호기,20200707,1,2020-07-07,2020-07-07 00:33:15,576,444,66b62fc5b9b8971e94da82405877816e,False,False,미라벨,3.0,378,0,3,3,384,121.0,0.18298767517517517,True,True,정상
001_20200707_003402(5),3호기,20200707,1,2020-07-07,2020-07-07 00:34:02,576,444,0c3fb19c0b6297c320ca1841979a550d,False,False,미라벨,47.0,378,0,3,3,392,120.0,0.1830932494994995,True,True,정상
001_20200707_043717(1),3호기,20200707,1,2020-07-07,2020-07-07 04:37:17,576,444,ac23890fcf07196772fc2205196c9e73,False,False,미라벨,14595.0,379,4,3,3,384,122.0,0.18717154654654655,True,True,정상
001_20200707_043827(5),3호기,20200707,1,2020-07-07,2020-07-07 04:38:27,576,444,5d18147d0f269c67164276ca116ed2dc,False,False,미라벨,70.0,379,4,3,3,384,122.0,0.18412944194194195,True,True,정상
001_20200707_043842(1),3호기,20200707,1,2020-07-07,2020-07-07 04:38:42,576,444,c5f6bea4115e2cb8580e11b9069abdc8,False,False,미라벨,15.0,379,4,3,3,384,122.0,0.18439924299299298,True,True,정상
001_20200707_043856(6),3호기,20200707,1,2020-07-07,2020-07-07 04:38:56,576,444,d81cd5bd8ed8e374a6fdef1853d4ed75,False,False,미라벨,14.0,379,4,3,3,384,122.0,0.18380880880880882,True,True,정상
001_20200707_043900(9),3호기,20200707,1,2020-07-07,2020-07-07 04:39:00,576,444,7b638092b85adc7e868658591c7bd898,False,False,미라벨,4.0,379,4,3,3,384,122.0,0.18378143768768768,True,True,정상
001_20200707_044035(7),3호기,20200707,1,2020-07-07,2020-07-07 04:40:35,576,444,25568ac09411192f3577761de9d44c1d,False,False,미라벨,95.0,379,4,3,3,384,122.0,0.18423501626626626,True,True,정상
001_20200707_083252(0),3호기,20200707,1,2020-07-07,2020-07-07 08:32:52,576,444,9a2e96fe3cdc22fafbd14696ae65d1bd,False,False,미라벨,13937.0,380,8,3,3,392,123.0,0.18658893268268267,True,True,정상
001_20200707_083254(7),3호기,20200707,1,2020-07-07,2020-07-07 08:32:54,576,444,61cfb6c1d16524d8940376fc512eabfe,False,False,미라벨,2.0,380,8,2,2,264,123.0,0.18753910160160162,True,True,정상
001_20200707_083257(4),3호기,20200707,1,2020-07-07,2020-07-07 08:32:57,576,444,0e2f340d12d9d867ef9b300be7f971a4,False,False,미라벨,3.0,380,8,1,1,128,123.0,0.1878558245745746,True,True,정상
001_20200707_083259(9),3호기,20200707,1,2020-07-07,2020-07-07 08:32:59,576,444,f7633be9256f5b79a3404d6d2f123361,False,False,미라벨,2.0,380,8,3,3,392,121.0,0.18406296921921922,True,True,정상
001_20200707_083302(4),3호기,20200707,1,2020-07-07,2020-07-07 08:33:02,576,444,f02e5b1f1fda0ce09e1a4abdd8e03890,False,False,미라벨,3.0,380,8,2,2,256,121.0,0.18423892642642642,True,True,정상
001_20200707_083305(1),3호기,20200707,1,2020-07-07,2020-07-07 08:33:05,576,444,510eee0c964904d84b9bba182de83658,False,False,미라벨,3.0,380,8,3,3,384,121.0,0.18414899274274274,True,True,정상
001_20200707_123433(4),3호기,20200707,1,2020-07-07,2020-07-07 12:34:33,576,444,9737c2b1252e83ddd09a468c8d321c41,False,False,미라벨,14488.0,381,12,3,3,384,121.0,0.18329657782782782,True,True,정상
001_20200707_123441(2),3호기,20200707,1,2020-07-07,2020-07-07 12:34:41,576,444,3216cbf97a520a45401c7c08d4c3efe9,False,False,미라벨,8.0,381,12,3,3,384,122.0,0.1830736986986987,True,True,정상
001_20200707_123448(9),3호기,20200707,1,2020-07-07,2020-07-07 12:34:48,576,444,83b2ffabe25393fa884329ca214d6413,False,False,미라벨,7.0,381,12,3,3,384,122.0,0.1832105543043043,True,True,정상
001_20200707_123557(9),3호기,20200707,1,2020-07-07,2020-07-07 12:35:57,576,444,8896321da187dbfa26315a6be086fd7c,False,False,미라벨,69.0,381,12,3,3,384,121.0,0.18704251126126126,True,True,정상
001_20200707_123605(6),3호기,20200707,1,2020-07-07,2020-07-07 12:36:05,576,444,4e3fd88ae5a0512ca4f761dab7cdaa71,False,False,미라벨,8.0,381,12,3,3,384,122.0,0.1859202952952953,True,True,정상
001_20200707_123640(2),3호기,20200707,1,2020-07-07,2020-07-07 12:36:40,576,444,5ca15203d342daeee5f354e5a83c4d23,False,False,미라벨,35.0,381,12,3,3,456,122.0,0.18636214339339338,True,True,정상
001_20200708_041209(1),3호기,20200708,1,2020-07-08,2020-07-08 04:12:09,576,444,2c8549731d1274b1e7a6844a3f34d833,False,False,미라벨,56129.0,382,4,3,3,392,123.0,0.18398867617617617,True,True,정상
001_20200708_041212(4),3호기,20200708,1,2020-07-08,2020-07-08 04:12:12,576,444,d57d773921d00d782ae47f499dbfe55b,False,False,미라벨,3.0,382,4,3,3,384,123.0,0.18398476601601602,True,True,정상
001_20200708_041219(0),3호기,20200708,1,2020-07-08,2020-07-08 04:12:19,576,444,11bbef0ee2df23595d20d081503e6893,False,False,미라벨,7.0,382,4,3,3,392,123.0,0.18393393393393392,True,True,정상
001_20200708_041228(7),3호기,20200708,1,2020-07-08,2020-07-08 04:12:28,576,444,f75d8a859f096f6df6bdc9e9d1f1db4b,False,False,미라벨,9.0,382,4,3,3,384,123.0,0.18330048798798798,True,True,정상
001_20200708_041231(7),3호기,20200708,1,2020-07-08,2020-07-08 04:12:31,576,444,5c9c1f2cf699429c8bb39161f254334e,False,False,미라벨,3.0,382,4,3,3,384,123.0,0.18368368368368368,True,True,정상
001_20200708_093645(7),3호기,20200708,1,2020-07-08,2020-07-08 09:36:45,576,444,1a185772ecb0cc8d3525ebc7277e95a7,False,False,미라벨,19454.0,383,9,3,3,392,123.0,0.1817794356856857,True,True,정상
001_20200708_093653(4),3호기,20200708,1,2020-07-08,2020-07-08 09:36:53,576,444,7b516d37ecae98bd941da5a3a819aae5,False,False,미라벨,8.0,383,9,3,3,384,123.0,0.18325356606606608,True,True,정상
001_20200708_093657(4),3호기,20200708,1,2020-07-08,2020-07-08 09:36:57,576,444,0b5538ccac03adbff9ac7d898cf54570,False,False,미라벨,4.0,383,9,3,3,384,124.0,0.18366022272272273,True,True,정상
001_20200708_093703(5),3호기,20200708,1,2020-07-08,2020-07-08 09:37:03,576,444,f70b352dd516eb82c70479b9067061eb,False,False,미라벨,6.0,383,9,3,3,384,124.0,0.18714808558558557,True,True,정상
001_20200708_093714(9),3호기,20200708,1,2020-07-08,2020-07-08 09:37:14,576,444,2744b8fbb9c873e80578771b24eeb92f,False,False,미라벨,11.0,383,9,3,3,384,123.0,0.18730449199199198,True,True,정상
001_20200708_093723(4),3호기,20200708,1,2020-07-08,2020-07-08 09:37:23,576,444,ff22bc7f2ae3ee35884bf1ec2b729506,False,False,미라벨,9.0,383,9,3,3,400,124.0,0.1861158033033033,True,True,정상
001_20200708_123604(8),3호기,20200708,1,2020-07-08,2020-07-08 12:36:04,576,444,685443cc15df0ae0bd2b8cee937ca6da,False,False,미라벨,10721.0,384,12,3,3,384,123.0,0.18265531156156156,True,True,정상
001_20200708_123620(9),3호기,20200708,1,2020-07-08,2020-07-08 12:36:20,576,444,6beb4e99346683c0816964e9dd5fb763,False,False,미라벨,16.0,384,12,3,3,384,124.0,0.18252627627627627,True,True,정상
001_20200708_123811(1),3호기,20200708,1,2020-07-08,2020-07-08 12:38:11,576,444,7bcc883d289ecb5588f6eaf437424e7c,False,False,미라벨,111.0,384,12,3,3,384,125.0,0.18498185685685686,True,True,정상
001_20200708_123855(3),3호기,20200708,1,2020-07-08,2020-07-08 12:38:55,576,444,c250bb8febb76253b99c730226bc745e,False,False,미라벨,44.0,384,12,3,3,384,123.0,0.18195148273273273,True,True,정상
001_20200708_123935(2),3호기,20200708,1,2020-07-08,2020-07-08 12:39:35,576,444,e1d94dfa762293a0a7f9616e1206d33a,False,False,미라벨,40.0,384,12,3,3,392,123.0,0.18079798548548548,True,True,정상
001_20200708_123946(1),3호기,20200708,1,2020-07-08,2020-07-08 12:39:46,576,444,47ab2a42b295050f0a02803fbc4a86b7,False,False,미라벨,11.0,384,12,3,3,384,125.0,0.18674142892892892,True,True,정상
001_20200708_163845(3),3호기,20200708,1,2020-07-08,2020-07-08 16:38:45,576,444,d0dc41f27f53f14f402c8dae5c0290e4,False,False,미라벨,14339.0,385,16,1,1,128,125.0,0.18310106981981983,True,True,정상
001_20200708_163848(2),3호기,20200708,1,2020-07-08,2020-07-08 16:38:48,576,444,41ecb9c28b6ad200e2add5996e89f84e,False,False,미라벨,3.0,385,16,2,2,256,125.0,0.18463776276276275,True,True,정상
001_20200708_163851(0),3호기,20200708,1,2020-07-08,2020-07-08 16:38:51,576,444,0b511730d0af34265f45ce496b10513b,False,False,미라벨,3.0,385,16,1,1,128,125.0,0.184790259009009,True,True,정상
001_20200708_163853(5),3호기,20200708,1,2020-07-08,2020-07-08 16:38:53,576,444,25a46663a34be487aa06e084e739847e,False,False,미라벨,2.0,385,16,2,2,256,126.0,0.18188501001001,True,True,정상
001_20200708_163856(2),3호기,20200708,1,2020-07-08,2020-07-08 16:38:56,576,444,03939cfec8677c8376b1e452c3676b98,False,False,미라벨,3.0,385,16,3,3,384,126.0,0.18126329454454454,True,True,정상
001_20200708_163858(9),3호기,20200708,1,2020-07-08,2020-07-08 16:38:58,576,444,01f5639deb7acd4202d23c44d973a92c,False,False,미라벨,2.0,385,16,3,3,384,126.0,0.18215872122122123,True,True,정상
001_20200708_203204(7),3호기,20200708,1,2020-07-08,2020-07-08 20:32:04,576,444,ccd847a57a557cced3486ab8b16c056a,False,False,미라벨,13986.0,386,20,3,3,384,122.0,0.1771067942942943,True,True,정상
001_20200708_203208(3),3호기,20200708,1,2020-07-08,2020-07-08 20:32:08,576,444,74d844809f336859e7a887d3f562f44c,False,False,미라벨,4.0,386,20,3,3,392,121.0,0.17577733983983984,True,True,정상
001_20200708_203247(7),3호기,20200708,1,2020-07-08,2020-07-08 20:32:47,576,444,a1ad42843980214a225dea8cc886c0fb,False,False,미라벨,39.0,386,20,3,3,384,120.0,0.1731223410910911,True,True,정상
001_20200708_203804(5),3호기,20200708,1,2020-07-08,2020-07-08 20:38:04,576,444,d845e0c9a70dc90accc8ed204da56b80,False,False,미라벨,317.0,386,20,3,3,392,121.0,0.17540196446446446,True,True,정상
001_20200708_203844(8),3호기,20200708,1,2020-07-08,2020-07-08 20:38:44,576,444,093d6c40867072f8cd9c1af2688c3925,False,False,미라벨,40.0,386,20,3,3,384,120.0,0.17426410785785787,True,True,정상
001_20200708_203917(6),3호기,20200708,1,2020-07-08,2020-07-08 20:39:17,576,444,6affb9fc98410cbcc4e53a61b611e9c9,False,False,미라벨,33.0,386,20,3,3,384,122.0,0.17772068943943944,True,True,정상
001_20200713_091052(5),3호기,20200713,1,2020-07-13,2020-07-13 09:10:52,576,444,6fe46e81dbdd04900a6e6df8c3459844,False,False,미라벨,390695.0,387,9,3,3,384,123.0,0.1818068068068068,True,True,정상
001_20200713_091104(2),3호기,20200713,1,2020-07-13,2020-07-13 09:11:04,576,444,5b278522b00ed2d064d6bb66da8f1ad7,False,False,미라벨,12.0,387,9,3,3,384,123.0,0.1822173736236236,True,True,정상
001_20200713_091113(2),3호기,20200713,1,2020-07-13,2020-07-13 09:11:13,576,444,94143d44edb57a9bbee784c74c2f0118,False,False,미라벨,9.0,387,9,3,3,392,124.0,0.18404732857857858,True,True,정상
001_20200713_091125(7),3호기,20200713,1,2020-07-13,2020-07-13 09:11:25,576,444,6b46ad4cf69778f2f6bfbf5d91925378,False,False,미라벨,12.0,387,9,3,3,384,123.0,0.1830736986986987,True,True,정상
001_20200713_091129(5),3호기,20200713,1,2020-07-13,2020-07-13 09:11:29,576,444,77a28422a390cd465e2606e56c8a2001,False,False,미라벨,4.0,387,9,3,3,392,122.0,0.18212352977977977,True,True,정상
001_20200713_091141(5),3호기,20200713,1,2020-07-13,2020-07-13 09:11:41,576,444,43bed55aaad904aeaccc20912f944b88,False,False,미라벨,12.0,387,9,3,3,384,123.0,0.18493493493493493,True,True,정상
001_20200713_123019(3),3호기,20200713,1,2020-07-13,2020-07-13 12:30:19,576,444,48ceed143be7f9900dea81bada9d4080,False,False,미라벨,11918.0,388,12,3,3,384,123.0,0.18331612862862862,True,True,정상
001_20200713_123032(8),3호기,20200713,1,2020-07-13,2020-07-13 12:30:32,576,444,c8b045fd7c07baf0aac4e0b276be70b9,False,False,미라벨,13.0,388,12,3,3,400,124.0,0.184594751001001,True,True,정상
001_20200713_123043(4),3호기,20200713,1,2020-07-13,2020-07-13 12:30:43,576,444,82a9f2bb85b4d886243d0bcf0fdcda0c,False,False,미라벨,11.0,388,12,3,3,384,123.0,0.1837697072072072,True,True,정상
001_20200713_123049(2),3호기,20200713,1,2020-07-13,2020-07-13 12:30:49,576,444,64b9eafb9562f671a97cfeb7f9977f9a,False,False,미라벨,6.0,388,12,3,3,392,124.0,0.18508743118118118,True,True,정상
001_20200713_123108(0),3호기,20200713,1,2020-07-13,2020-07-13 12:31:08,576,444,f47509a48cd2b17eed972ab3be2a7feb,False,False,미라벨,19.0,388,12,3,3,392,124.0,0.18537287287287288,True,True,정상
001_20200713_123114(3),3호기,20200713,1,2020-07-13,2020-07-13 12:31:14,576,444,caf3a89b1547caf8783cd36403ada6a7,False,False,미라벨,6.0,388,12,3,3,392,123.0,0.18538851351351351,True,True,정상
001_20200713_163743(9),3호기,20200713,1,2020-07-13,2020-07-13 16:37:43,576,444,c9676d00873acd57228dc6ff016b3151,False,False,미라벨,14789.0,389,16,3,3,384,120.0,0.17931994494494494,True,True,정상
001_20200713_163757(3),3호기,20200713,1,2020-07-13,2020-07-13 16:37:57,576,444,a261f7259fbbb975de4c84aba85c7757,False,False,미라벨,14.0,389,16,3,3,400,118.0,0.17460038163163163,True,True,정상
001_20200713_163904(8),3호기,20200713,1,2020-07-13,2020-07-13 16:39:04,576,444,b8107381b41a0fd9db873369fc764053,False,False,미라벨,67.0,389,16,3,3,384,122.0,0.1816816816816817,True,True,정상
001_20200713_163925(9),3호기,20200713,1,2020-07-13,2020-07-13 16:39:25,576,444,a73845315cb31e3cf77626729fc27c24,False,False,미라벨,21.0,389,16,3,3,384,122.0,0.1817559747247247,True,True,정상
001_20200713_163945(4),3호기,20200713,1,2020-07-13,2020-07-13 16:39:45,576,444,1008107818b9c4da911206c81333ae45,False,False,미라벨,20.0,389,16,3,3,392,117.0,0.17438532282282282,True,True,정상
001_20200713_164009(3),3호기,20200713,1,2020-07-13,2020-07-13 16:40:09,576,444,973f33cd483cf9153c84568ee6d105a1,False,False,미라벨,24.0,389,16,3,3,400,117.0,0.17474505755755756,True,True,정상
001_20200713_202630(0),3호기,20200713,1,2020-07-13,2020-07-13 20:26:30,576,444,4ad5315ff35ce3b90fce535a03bd6216,False,False,미라벨,13581.0,390,20,1,1,128,124.0,0.1826122997997998,True,True,정상
001_20200713_202634(5),3호기,20200713,1,2020-07-13,2020-07-13 20:26:34,576,444,bfae2de2947f3d393e808dcfe9903546,False,False,미라벨,4.0,390,20,3,3,400,125.0,0.1835350975975976,True,True,정상
001_20200713_202639(1),3호기,20200713,1,2020-07-13,2020-07-13 20:26:39,576,444,6d9cacd3974127d5828190a212834d28,False,False,미라벨,5.0,390,20,2,2,256,125.0,0.18344125375375375,True,True,정상
001_20200713_202643(6),3호기,20200713,1,2020-07-13,2020-07-13 20:26:43,576,444,593e70f733b58fe95e828b2b2fbab22b,False,False,미라벨,4.0,390,20,2,2,264,125.0,0.18511089214214213,True,True,정상
001_20200713_202648(2),3호기,20200713,1,2020-07-13,2020-07-13 20:26:48,576,444,11ec8dafd97af0049a7303245d2bf63f,False,False,미라벨,5.0,390,20,3,3,400,125.0,0.18539633383383383,True,True,정상
001_20200713_202652(6),3호기,20200713,1,2020-07-13,2020-07-13 20:26:52,576,444,7ea73b8eaf483d08260db8a6f9b9228c,False,False,미라벨,4.0,390,20,3,3,392,125.0,0.1851460835835836,True,True,정상
001_20200714_003045(4),3호기,20200714,1,2020-07-14,2020-07-14 00:30:45,576,444,fc3627b6b1051e1394863d086f3d58db,False,False,미라벨,14633.0,391,0,3,3,392,124.0,0.18631522147147148,True,True,정상
001_20200714_003052(4),3호기,20200714,1,2020-07-14,2020-07-14 00:30:52,576,444,22a2e18985abe75962fcd1019aa57e11,False,False,미라벨,7.0,391,0,3,3,392,124.0,0.18544325575575576,True,True,정상
001_20200714_003110(6),3호기,20200714,1,2020-07-14,2020-07-14 00:31:10,576,444,b7c31dd809303a1c3b8b23bf768fbd1d,False,False,미라벨,18.0,391,0,3,3,384,124.0,0.18476679804804805,True,True,정상
001_20200714_003118(1),3호기,20200714,1,2020-07-14,2020-07-14 00:31:18,576,444,77959355500de1b0db95ced1be7c2f66,False,False,미라벨,8.0,391,0,3,3,392,125.0,0.18289383133133133,True,True,정상
001_20200714_003133(7),3호기,20200714,1,2020-07-14,2020-07-14 00:31:33,576,444,afe12e7c3f3f968d4e4e9a344e429bb8,False,False,미라벨,15.0,391,0,3,3,384,124.0,0.18249108483483484,True,True,정상
001_20200714_003137(8),3호기,20200714,1,2020-07-14,2020-07-14 00:31:37,576,444,d2c897e14a638e144d58f0a38689fad3,False,False,미라벨,4.0,391,0,3,3,384,124.0,0.18253018643643643,True,True,정상
001_20200714_042943(8),3호기,20200714,1,2020-07-14,2020-07-14 04:29:43,576,444,5e25f8827f055f4980944e884987821f,False,False,미라벨,14286.0,392,4,3,3,400,125.0,0.18651072947947947,True,True,정상
001_20200714_042948(4),3호기,20200714,1,2020-07-14,2020-07-14 04:29:48,576,444,c073128fa054df6f0ae36d405f1ae5f6,False,False,미라벨,5.0,392,4,3,3,392,124.0,0.18508743118118118,True,True,정상
001_20200714_042957(3),3호기,20200714,1,2020-07-14,2020-07-14 04:29:57,576,444,5a81d653d39e462249c2b1e9101755ae,False,False,미라벨,9.0,392,4,3,3,384,124.0,0.18557229104104103,True,True,정상
001_20200714_043001(8),3호기,20200714,1,2020-07-14,2020-07-14 04:30:01,576,444,ffe38a67c2ee38a1b477c17411c7693f,False,False,미라벨,4.0,392,4,3,3,384,125.0,0.18351945695695696,True,True,정상
001_20200714_043006(2),3호기,20200714,1,2020-07-14,2020-07-14 04:30:06,576,444,d4f41841580b717c04fa34aa8907ab8a,False,False,미라벨,5.0,392,4,3,3,384,125.0,0.1832613863863864,True,True,정상
001_20200714_043010(8),3호기,20200714,1,2020-07-14,2020-07-14 04:30:10,576,444,64c6bc731de18faeca79d80e3be12267,False,False,미라벨,4.0,392,4,3,3,400,125.0,0.1830932494994995,True,True,정상
001_20200714_084009(9),3호기,20200714,1,2020-07-14,2020-07-14 08:40:09,576,444,822ce2175a648b574e2a4b0b0bfd7509,False,False,미라벨,14999.0,393,8,3,3,400,120.0,0.1744557057057057,True,True,정상
001_20200714_084013(3),3호기,20200714,1,2020-07-14,2020-07-14 08:40:13,576,444,9df8fcea336cf9f52a53cc0ee3d0e2b8,False,False,미라벨,4.0,393,8,3,3,400,120.0,0.17417808433433432,True,True,정상
001_20200714_084020(1),3호기,20200714,1,2020-07-14,2020-07-14 08:40:20,576,444,24332c80573b1cf11b631687caaee9c4,False,False,미라벨,7.0,393,8,3,3,384,119.0,0.17298939564564564,True,True,정상
001_20200714_084027(0),3호기,20200714,1,2020-07-14,2020-07-14 08:40:27,576,444,6c14ccc6300d1c74bfde12325248786c,False,False,미라벨,7.0,393,8,3,3,392,118.0,0.17137840965965967,True,True,정상
001_20200714_084047(6),3호기,20200714,1,2020-07-14,2020-07-14 08:40:47,576,444,15b496c66ddd18f948f3f86248e2e936,False,False,미라벨,20.0,393,8,3,3,392,118.0,0.17221518393393392,True,True,정상
001_20200714_084106(0),3호기,20200714,1,2020-07-14,2020-07-14 08:41:06,576,444,918f6b1ea4e77bee326c6a42183a4856,False,False,미라벨,19.0,393,8,3,3,384,119.0,0.1739943068068068,True,True,정상
001_20200714_123235(9),3호기,20200714,1,2020-07-14,2020-07-14 12:32:35,576,444,37e7709872f89388506209a390c0126c,False,False,미라벨,13889.0,394,12,3,3,384,126.0,0.18354682807807807,True,True,정상
001_20200714_123240(4),3호기,20200714,1,2020-07-14,2020-07-14 12:32:40,576,444,67c4eb9bdb9909a15f6ece0462c07b15,False,False,미라벨,5.0,394,12,3,3,440,126.0,0.18419200450450451,True,True,정상
001_20200714_123244(9),3호기,20200714,1,2020-07-14,2020-07-14 12:32:44,576,444,4adbe9965849a77a8dfd05c515524500,False,False,미라벨,4.0,394,12,3,3,384,126.0,0.18377361736736736,True,True,정상
001_20200714_123249(5),3호기,20200714,1,2020-07-14,2020-07-14 12:32:49,576,444,81274cebc9d15ce3ec86829cc8ebe8e5,False,False,미라벨,5.0,394,12,3,3,384,126.0,0.18289383133133133,True,True,정상
001_20200714_123253(9),3호기,20200714,1,2020-07-14,2020-07-14 12:32:53,576,444,903d976254b5a7fd8379c92ddf51badf,False,False,미라벨,4.0,394,12,3,3,384,125.0,0.18212743993993993,True,True,정상
001_20200714_123258(4),3호기,20200714,1,2020-07-14,2020-07-14 12:32:58,576,444,aff528214391e4ae97d2bed492d346f5,False,False,미라벨,5.0,394,12,3,3,408,124.0,0.18151745495495494,True,True,정상
001_20200714_163058(0),3호기,20200714,1,2020-07-14,2020-07-14 16:30:58,576,444,00c83c9d0682e3ba2741d5e0e281a0ba,False,False,미라벨,14280.0,395,16,3,3,384,121.0,0.18022319194194195,True,True,정상
001_20200714_163100(9),3호기,20200714,1,2020-07-14,2020-07-14 16:31:00,576,444,61ea217182a30451eb4f601c7569bd1e,False,False,미라벨,2.0,395,16,3,3,568,119.0,0.1765476413913914,True,True,정상
001_20200714_163104(1),3호기,20200714,1,2020-07-14,2020-07-14 16:31:04,576,444,5723611a97c269dcf619f39e02115196,False,False,미라벨,4.0,395,16,3,3,536,120.0,0.17609015265265265,True,True,정상
001_20200714_163107(2),3호기,20200714,1,2020-07-14,2020-07-14 16:31:07,576,444,f87a961183102a09bf5dca165174ccf5,False,False,미라벨,3.0,395,16,3,3,512,118.0,0.17381443943943944,True,True,정상
001_20200714_163110(3),3호기,20200714,1,2020-07-14,2020-07-14 16:31:10,576,444,f78971c5b10dec4dd73fbf4dc4646c69,False,False,미라벨,3.0,395,16,3,3,576,117.0,0.1723559496996997,True,True,정상
001_20200714_163113(3),3호기,20200714,1,2020-07-14,2020-07-14 16:31:13,576,444,6e1f0390340755f1566cee16099da794,False,False,미라벨,3.0,395,16,3,3,600,116.0,0.17224646521521522,True,True,정상
001_20200714_225902(4),3호기,20200714,1,2020-07-14,2020-07-14 22:59:02,576,444,3c1384ab8a9edbe5af0efb44645a3d22,False,False,미라벨,23269.0,396,22,3,3,392,126.0,0.182592748998999,True,True,정상
001_20200714_225906(4),3호기,20200714,1,2020-07-14,2020-07-14 22:59:06,576,444,ac1fed2f83e9165b13c8b448a5efacd4,False,False,미라벨,4.0,396,22,3,3,384,126.0,0.18154873623623624,True,True,정상
001_20200714_225909(9),3호기,20200714,1,2020-07-14,2020-07-14 22:59:09,576,444,880fbde3af2e2e7e560aa977b77a6ba8,False,False,미라벨,3.0,396,22,3,3,392,125.0,0.18214308058058057,True,True,정상
001_20200714_225913(0),3호기,20200714,1,2020-07-14,2020-07-14 22:59:13,576,444,978371da8b919870c018215cdf10609a,False,False,미라벨,4.0,396,22,3,3,384,126.0,0.18595157657657657,True,True,정상
001_20200714_225916(1),3호기,20200714,1,2020-07-14,2020-07-14 22:59:16,576,444,25aab2e2d41619e0a7811258cd52e7e0,False,False,미라벨,3.0,396,22,3,3,384,126.0,0.18583818193193194,True,True,정상
001_20200714_225919(2),3호기,20200714,1,2020-07-14,2020-07-14 22:59:19,576,444,2cd4d4eec1911fc9417c954524d1185d,False,False,미라벨,3.0,396,22,3,3,384,126.0,0.1859007444944945,True,True,정상
001_20200715_002651(8),3호기,20200715,1,2020-07-15,2020-07-15 00:26:51,576,444,055abc06698ad01f776b045e05755e41,False,False,미라벨,5252.0,397,0,3,3,400,126.0,0.18387528153153154,True,True,정상
001_20200715_002656(3),3호기,20200715,1,2020-07-15,2020-07-15 00:26:56,576,444,b75c6731e805dd6f100f4bd5c59e3c2f,False,False,미라벨,5.0,397,0,3,3,400,126.0,0.18287428053053054,True,True,정상
001_20200715_002700(8),3호기,20200715,1,2020-07-15,2020-07-15 00:27:00,576,444,3c6ffd438960c9571cb868a50e22e4cd,False,False,미라벨,4.0,397,0,3,3,400,126.0,0.18246762387387389,True,True,정상
001_20200715_002705(1),3호기,20200715,1,2020-07-15,2020-07-15 00:27:05,576,444,868ac60584168c99c50936f6742c9129,False,False,미라벨,5.0,397,0,3,3,392,127.0,0.18620964714714713,True,True,정상
001_20200715_002709(8),3호기,20200715,1,2020-07-15,2020-07-15 00:27:09,576,444,9693993e21a3f066cf3d6cc5b8434022,False,False,미라벨,4.0,397,0,3,3,384,127.0,0.18600240865865866,True,True,정상
001_20200715_002714(2),3호기,20200715,1,2020-07-15,2020-07-15 00:27:14,576,444,69227579ec68206691f0b76171fe78f7,False,False,미라벨,5.0,397,0,3,3,392,127.0,0.18556447072072071,True,True,정상
001_20200715_042104(4),3호기,20200715,1,2020-07-15,2020-07-15 04:21:04,576,444,30f33088114ff471b5927c8b2181b60f,False,False,미라벨,14030.0,398,4,3,3,392,126.0,0.18406687937937938,True,True,정상
001_20200715_042108(8),3호기,20200715,1,2020-07-15,2020-07-15 04:21:08,576,444,f968f6f9c0f9b6c18e663211a71dd785,False,False,미라벨,4.0,398,4,3,3,392,126.0,0.18553318943943944,True,True,정상
001_20200715_042113(4),3호기,20200715,1,2020-07-15,2020-07-15 04:21:13,576,444,2c3fe2ff210f85c5f97936d5cb2b3a38,False,False,미라벨,5.0,398,4,3,3,392,126.0,0.18588510385385384,True,True,정상
001_20200715_042118(0),3호기,20200715,1,2020-07-15,2020-07-15 04:21:18,576,444,622da7f61801fb18e7f57cfc84e36a94,False,False,미라벨,5.0,398,4,3,3,392,126.0,0.18262012012012013,True,True,정상
001_20200715_042122(5),3호기,20200715,1,2020-07-15,2020-07-15 04:21:22,576,444,a94015e98df756e4851bafa404b7776b,False,False,미라벨,4.0,398,4,3,3,400,126.0,0.1824363425925926,True,True,정상
001_20200715_042127(0),3호기,20200715,1,2020-07-15,2020-07-15 04:21:27,576,444,bf1838bfbe21a497985a2864376114e2,False,False,미라벨,5.0,398,4,3,3,408,125.0,0.18245198323323322,True,True,정상
001_20200715_083509(3),3호기,20200715,1,2020-07-15,2020-07-15 08:35:09,576,444,3ec7354e59bd8f558732b802ac172c40,False,False,미라벨,15222.0,399,8,3,3,392,123.0,0.18047735235235235,True,True,정상
001_20200715_083513(8),3호기,20200715,1,2020-07-15,2020-07-15 08:35:13,576,444,9becd3077d3db4be75db890cdf9d51db,False,False,미라벨,4.0,399,8,3,3,400,123.0,0.17935122622622623,True,True,정상
001_20200715_083518(2),3호기,20200715,1,2020-07-15,2020-07-15 08:35:18,576,444,314fdd07b02a233f7156365bf1d338a2,False,False,미라벨,5.0,399,8,3,3,392,123.0,0.17786927552552553,True,True,정상
001_20200715_083522(7),3호기,20200715,1,2020-07-15,2020-07-15 08:35:22,576,444,6a87c42119e6936828f3fb4ba9b2bc47,False,False,미라벨,4.0,399,8,3,3,392,122.0,0.17776761136136135,True,True,정상
001_20200715_083527(3),3호기,20200715,1,2020-07-15,2020-07-15 08:35:27,576,444,2596dd04c9198f3a6d6cdde6979007d0,False,False,미라벨,5.0,399,8,3,3,440,122.0,0.1776933183183183,True,True,정상
001_20200715_083531(8),3호기,20200715,1,2020-07-15,2020-07-15 08:35:31,576,444,33a569bab308f1e4a5b8106f73c69a17,False,False,미라벨,4.0,399,8,3,3,400,121.0,0.17553490990990991,True,True,정상
001_20200721_163828(2),3호기,20200721,1,2020-07-21,2020-07-21 16:38:28,576,444,3b09eab15cd607062778fd328df120cc,False,False,미라벨,547377.0,400,16,1,1,136,127.0,0.19464777277277276,True,True,정상
001_20200721_163831(6),3호기,20200721,1,2020-07-21,2020-07-21 16:38:31,576,444,73c341c173178d9e1d03999d8a566c05,False,False,미라벨,3.0,400,16,1,1,136,127.0,0.19335350975975976,True,True,정상
001_20200721_163835(0),3호기,20200721,1,2020-07-21,2020-07-21 16:38:35,576,444,3d713803504c705880ea392fa0583f57,False,False,미라벨,4.0,400,16,1,1,128,127.0,0.19387356106106107,True,True,정상
001_20200721_163838(2),3호기,20200721,1,2020-07-21,2020-07-21 16:38:38,576,444,194b87ab6f44886e4f3a2b448f603329,False,False,미라벨,3.0,400,16,1,1,128,125.0,0.18958020520520522,True,True,정상
001_20200721_163841(6),3호기,20200721,1,2020-07-21,2020-07-21 16:38:41,576,444,8b7fb6da135c0080cb5f8ec2b1321145,False,False,미라벨,3.0,400,16,1,1,136,126.0,0.1903583270770771,True,True,정상
001_20200721_163845(0),3호기,20200721,1,2020-07-21,2020-07-21 16:38:45,576,444,e6da9b2d75a923dacf7ad3f3c201ee07,False,False,미라벨,4.0,400,16,1,1,136,126.0,0.18970142017017017,True,True,정상
001_20200722_003342(7),3호기,20200722,1,2020-07-22,2020-07-22 00:33:42,576,444,cd7cb961d4047905075e2cdaa42d4824,False,False,미라벨,28497.0,401,0,1,1,128,126.0,0.19069460085085085,True,True,정상
001_20200722_003351(5),3호기,20200722,1,2020-07-22,2020-07-22 00:33:51,576,444,bd1def07b1f7493c312df903fe0e18c3,False,False,미라벨,9.0,401,0,1,1,128,126.0,0.18794575825825827,True,True,정상
001_20200722_043531(1),3호기,20200722,1,2020-07-22,2020-07-22 04:35:31,576,444,52f3e982ce0049119645a9fe680ccc84,False,False,미라벨,14500.0,402,4,1,1,128,126.0,0.18715199574574576,True,True,정상
001_20200722_043535(5),3호기,20200722,1,2020-07-22,2020-07-22 04:35:35,576,444,80e25bcf5d7d99051280f85dfb04e098,False,False,미라벨,4.0,402,4,1,1,128,124.0,0.18713244494494494,True,True,정상
001_20200722_083525(2),3호기,20200722,1,2020-07-22,2020-07-22 08:35:25,576,444,809ebae9023e68bc251635db212a2afa,False,False,미라벨,14390.0,403,8,1,1,136,127.0,0.19067505005005006,True,True,정상
001_20200722_083529(6),3호기,20200722,1,2020-07-22,2020-07-22 08:35:29,576,444,28edcb97cfeaa10dfc3fbe27be4e0c4f,False,False,미라벨,4.0,403,8,1,1,128,127.0,0.19244244244244244,True,True,정상
001_20200722_131315(1),3호기,20200722,1,2020-07-22,2020-07-22 13:13:15,576,444,2da4646322517c08e2a9fed805f0ccea,False,False,미라벨,16666.0,404,13,1,1,128,126.0,0.1884931806806807,True,True,정상
001_20200722_131319(5),3호기,20200722,1,2020-07-22,2020-07-22 13:13:19,576,444,868da73045334f69ff146434a9ea3f10,False,False,미라벨,4.0,404,13,1,1,128,127.0,0.18965449824824826,True,True,정상
001_20200722_163247(7),3호기,20200722,1,2020-07-22,2020-07-22 16:32:47,576,444,486b12d3362fd3b51f54d436ec33767c,False,False,미라벨,11968.0,405,16,1,1,128,127.0,0.1896388576076076,True,True,정상
001_20200722_163255(2),3호기,20200722,1,2020-07-22,2020-07-22 16:32:55,576,444,43e8914dcd447590885a1a3c2c613e8d,False,False,미라벨,8.0,405,16,1,1,136,127.0,0.19152355480480482,True,True,정상
001_20200723_003047(2),3호기,20200723,1,2020-07-23,2020-07-23 00:30:47,576,444,786032c1d1376d0304688d7045def401,False,False,미라벨,28672.0,406,0,1,1,128,127.0,0.1890327827827828,True,True,정상
001_20200723_003051(9),3호기,20200723,1,2020-07-23,2020-07-23 00:30:51,576,444,c25edf3454374a30b8c0f2c0d84552c4,False,False,미라벨,4.0,406,0,1,1,128,127.0,0.19189502002002,True,True,정상
001_20200723_043303(9),3호기,20200723,1,2020-07-23,2020-07-23 04:33:03,576,444,148f1c85bd7ff760d09399b5310681ca,False,False,미라벨,14532.0,407,4,1,1,144,126.0,0.18992038913913914,True,True,정상
001_20200723_043308(5),3호기,20200723,1,2020-07-23,2020-07-23 04:33:08,576,444,d6e0328eb4fb85baedba00c19e666f67,False,False,미라벨,5.0,407,4,1,1,128,127.0,0.18852837212212212,True,True,정상
001_20200723_082647(1),3호기,20200723,1,2020-07-23,2020-07-23 08:26:47,576,444,ef18adde9212faf71618c3e87a0a1d97,False,False,미라벨,14019.0,408,8,1,1,128,127.0,0.18920873998999,True,True,정상
001_20200723_082651(6),3호기,20200723,1,2020-07-23,2020-07-23 08:26:51,576,444,d5ff6afb2175e9b98cfcf611a5ce32ed,False,False,미라벨,4.0,408,8,1,1,128,127.0,0.1907376126126126,True,True,정상
001_20200723_123426(4),3호기,20200723,1,2020-07-23,2020-07-23 12:34:26,576,444,5f6ce8cc3076913badf059cfb0bb6c98,False,False,미라벨,14855.0,409,12,1,1,128,127.0,0.19196149274274274,True,True,정상
001_20200723_123428(2),3호기,20200723,1,2020-07-23,2020-07-23 12:34:28,576,444,0ec62dea150094e0df53769c806c0bfc,False,False,미라벨,2.0,409,12,1,1,128,127.0,0.18980308433433432,True,True,정상
001_20200723_163233(0),3호기,20200723,1,2020-07-23,2020-07-23 16:32:33,576,444,d8e9ec6b8d1b377f40b425b578347884,False,False,미라벨,14285.0,410,16,1,1,128,126.0,0.18712853478478478,True,True,정상
001_20200723_163243(6),3호기,20200723,1,2020-07-23,2020-07-23 16:32:43,576,444,fe26f214c45675b7bbbf0a7de92e1a95,False,False,미라벨,10.0,410,16,1,1,128,127.0,0.18843452827827828,True,True,정상
001_20200723_203353(2),3호기,20200724,1,2020-07-23,2020-07-23 20:33:53,576,444,b879a17907e4b93e4ab98d460487551c,False,False,미라벨,14470.0,411,20,1,1,128,127.0,0.19019019019019018,True,True,정상
001_20200723_203357(7),3호기,20200724,1,2020-07-23,2020-07-23 20:33:57,576,444,266ee417e049a037eb0223d307a53e6e,False,False,미라벨,4.0,411,20,1,1,128,127.0,0.19060075700700702,True,True,정상
001_20200724_003201(1),3호기,20200724,1,2020-07-24,2020-07-24 00:32:01,576,444,7ec6e3f67c0ffb7dc21032d8b3008f44,False,False,미라벨,14284.0,412,0,1,1,128,125.0,0.18672578828828829,True,True,정상
001_20200724_003210(1),3호기,20200724,1,2020-07-24,2020-07-24 00:32:10,576,444,387f987f59335c8541ab8b46dff643a6,False,False,미라벨,9.0,412,0,1,1,128,127.0,0.19072197197197197,True,True,정상
001_20200727_091913(0),3호기,20200727,1,2020-07-27,2020-07-27 09:19:13,576,444,5dc77b984eb85beca05b553ab9de9098,False,False,미라벨,290823.0,413,9,1,1,128,124.0,0.18237769019019018,True,True,정상
001_20200727_091915(2),3호기,20200727,1,2020-07-27,2020-07-27 09:19:15,576,444,d541cceaf033e7bda3ca682272f64f1d,False,False,미라벨,2.0,413,9,1,1,128,131.0,0.19690002502502502,True,True,정상
001_20200727_123118(0),3호기,20200727,1,2020-07-27,2020-07-27 12:31:18,576,444,baf3c490ecba3ef27969aa087cd07e08,False,False,미라벨,11523.0,414,12,1,1,128,127.0,0.1893455955955956,True,True,정상
001_20200727_123121(5),3호기,20200727,1,2020-07-27,2020-07-27 12:31:21,576,444,c666eb0b28da74328c160b9f2f68d99b,False,False,미라벨,3.0,414,12,1,1,136,128.0,0.19189110985985985,True,True,정상
001_20200727_163532(4),3호기,20200727,1,2020-07-27,2020-07-27 16:35:32,576,444,7f5cfff8208a81dcafb12c51e744562d,False,False,미라벨,14651.0,415,16,1,1,128,128.0,0.19038178803803804,True,True,정상
001_20200727_163538(3),3호기,20200727,1,2020-07-27,2020-07-27 16:35:38,576,444,29f5b95af3916d74a4f5216aac5c720f,False,False,미라벨,6.0,415,16,1,1,128,127.0,0.1886183058058058,True,True,정상
001_20200727_204954(7),3호기,20200727,1,2020-07-27,2020-07-27 20:49:54,576,444,e0f8c9e90cec357feb681859040c76f0,True,False,GT,15256.0,416,20,1,1,128,130.0,0.19424893643643643,True,True,정상
001_20200727_204958(2),3호기,20200727,1,2020-07-27,2020-07-27 20:49:58,576,444,41e6e6fb0345f59eeaf2f025b08a7532,True,False,GT,4.0,416,20,1,1,128,129.0,0.19157829704704704,True,True,정상
001_20200728_014351(3),3호기,20200728,1,2020-07-28,2020-07-28 01:43:51,576,444,69a42d508ffe19f38b7bbdea5642d82f,True,False,GT,17633.0,417,1,1,1,136,129.0,0.1934004316816817,True,True,정상
001_20200728_014355(2),3호기,20200728,1,2020-07-28,2020-07-28 01:43:55,576,444,48c3350a7fcb5a1b3d7fa0d43c2b0c48,True,False,GT,4.0,417,1,1,1,128,129.0,0.19178162537537538,True,True,정상
001_20200728_043138(3),3호기,20200728,1,2020-07-28,2020-07-28 04:31:38,576,444,bdc9de173ed334b25f340367ca058cf7,True,False,GT,10063.0,418,4,1,1,136,128.0,0.19140625,True,True,정상
001_20200728_043141(5),3호기,20200728,1,2020-07-28,2020-07-28 04:31:41,576,444,cbf01a30e68d98b8164c45ded5103e55,True,False,GT,3.0,418,4,1,1,128,128.0,0.18945899024024024,True,True,정상
001_20200728_083108(2),3호기,20200728,1,2020-07-28,2020-07-28 08:31:08,576,444,05a9a719fde17f6b3f00f763fc3b55dc,True,False,GT,14367.0,419,8,1,1,128,128.0,0.18974052177177178,True,True,정상
001_20200728_083116(1),3호기,20200728,1,2020-07-28,2020-07-28 08:31:16,576,444,acedca3b0ce8cbca6cb98c0952453956,True,False,GT,8.0,419,8,1,1,128,127.0,0.18525947822822822,True,True,정상
001_20200728_123129(2),3호기,20200728,1,2020-07-28,2020-07-28 12:31:29,576,444,fa33de4e7f2540ac2893082e37e08497,True,False,GT,14413.0,420,12,1,1,128,129.0,0.190209740990991,True,True,정상
001_20200728_123132(4),3호기,20200728,1,2020-07-28,2020-07-28 12:31:32,576,444,66d7fa9a6e3ab6a70c668eb046b3f8ec,True,False,GT,3.0,420,12,1,1,128,128.0,0.18899759134134134,True,True,정상
001_20200728_163910(5),3호기,20200728,1,2020-07-28,2020-07-28 16:39:10,576,444,355e362ebceaef35e461c521c93b3f0b,True,False,GT,14858.0,421,16,1,1,128,128.0,0.1914570820820821,True,True,정상
001_20200728_163913(6),3호기,20200728,1,2020-07-28,2020-07-28 16:39:13,576,444,dc2babf399952947dfa9b5ee23f21afc,True,False,GT,3.0,421,16,1,1,128,129.0,0.19185591841841843,True,True,정상
001_20200810_085043(8),3호기,20200810,1,2020-08-10,2020-08-10 08:50:43,576,444,5e0e3ae1c2f46439fa91b67133fc8e8f,True,False,GT,1095090.0,422,8,1,1,136,127.0,0.18820382882882883,True,True,정상
001_20200810_085047(2),3호기,20200810,1,2020-08-10,2020-08-10 08:50:47,576,444,377a3b4ea48d9b7807af829168be10fc,False,False,미라벨,4.0,422,8,1,1,128,127.0,0.18829767267267267,True,True,정상
001_20200810_123047(8),3호기,20200810,1,2020-08-10,2020-08-10 12:30:47,576,444,50f62095903f2d6c34898e35640ec095,True,False,GT,13200.0,423,12,1,1,136,127.0,0.18822337962962962,True,True,정상
001_20200810_123051(3),3호기,20200810,1,2020-08-10,2020-08-10 12:30:51,576,444,4fe263c19295b640c061055e0666357f,True,False,GT,4.0,423,12,1,1,136,125.0,0.184692505005005,True,True,정상
001_20200810_163112(8),3호기,20200810,1,2020-08-10,2020-08-10 16:31:12,576,444,50e4c5b7b58e58b35e285d1a5b770380,True,False,GT,14421.0,424,16,1,1,144,127.0,0.19049909284284283,True,True,정상
001_20200810_163116(0),3호기,20200810,1,2020-08-10,2020-08-10 16:31:16,576,444,0b9856eed46dbc8b399b5e6d47ea9669,True,False,GT,4.0,424,16,1,1,136,127.0,0.18993602977977977,True,True,정상
001_20200810_203208(7),3호기,20200810,1,2020-08-10,2020-08-10 20:32:08,576,444,6084bfcb352d9f962a1ea17c865470f8,True,False,GT,14452.0,425,20,1,1,136,127.0,0.1895411036036036,True,True,정상
001_20200810_203212(6),3호기,20200810,1,2020-08-10,2020-08-10 20:32:12,576,444,c7aee6ce8fdcb7168e8275ac2df79557,True,False,GT,4.0,425,20,1,1,128,127.0,0.19200841466466467,True,True,정상
001_20200811_003323(2),3호기,20200811,1,2020-08-11,2020-08-11 00:33:23,576,444,4e2cd1d56c6f394809a92eeedf03da2d,True,False,GT,14471.0,426,0,1,1,128,128.0,0.19067896021021022,True,True,정상
001_20200811_003327(0),3호기,20200811,1,2020-08-11,2020-08-11 00:33:27,576,444,e01894c43a63a30e4d39d2348de6f0f6,True,False,GT,4.0,426,0,1,1,128,130.0,0.19439752252252251,True,True,정상
001_20200811_043037(3),3호기,20200811,1,2020-08-11,2020-08-11 04:30:37,576,444,8970285ccf4d7c948f11c3e89dcb2753,True,False,GT,14230.0,427,4,1,1,136,127.0,0.1858616428928929,True,True,정상
001_20200811_043041(6),3호기,20200811,1,2020-08-11,2020-08-11 04:30:41,576,444,2cc089bc58783b8180cf6f22404b58f4,True,False,GT,4.0,427,4,1,1,128,128.0,0.19189502002002,True,True,정상
001_20200814_033012(7),3호기,20200814,1,2020-08-14,2020-08-14 03:30:12,576,444,50844a19d326285bc0509ca05f30d979,True,False,GT,255571.0,428,3,1,1,128,126.0,0.18807479354354353,True,True,정상
001_20200814_033016(6),3호기,20200814,1,2020-08-14,2020-08-14 03:30:16,576,444,6696057a318ab00f20696176b74c44d1,True,False,GT,4.0,428,3,1,1,136,130.0,0.19576216841841843,True,True,정상
001_20200814_043321(6),3호기,20200814,1,2020-08-14,2020-08-14 04:33:21,576,444,1cc2bd9ace77037cbef274d7dd7e10b6,True,False,GT,3785.0,429,4,1,1,128,129.0,0.19497231606606608,True,True,정상
001_20200814_043345(8),3호기,20200814,1,2020-08-14,2020-08-14 04:33:45,576,444,a00b946549a0f11ae48c14fa5f32efbb,False,False,미라벨,24.0,429,4,1,1,128,128.0,0.19272788413413414,True,True,정상
001_20200814_083045(8),3호기,20200814,1,2020-08-14,2020-08-14 08:30:45,576,444,de641aca0073b15491381fd0d0aaa88f,True,False,GT,14220.0,430,8,1,1,128,129.0,0.19328312687687688,True,True,정상
001_20200814_083051(9),3호기,20200814,1,2020-08-14,2020-08-14 08:30:51,576,444,5e6ef722f0c50ddd98f8f43f63f7370f,True,False,GT,6.0,430,8,1,1,136,128.0,0.1920240553053053,True,True,정상
001_20200814_123136(2),3호기,20200814,1,2020-08-14,2020-08-14 12:31:36,576,444,5c419c544d368b4c29e2668c1ce73f67,True,False,GT,14445.0,431,12,1,1,144,126.0,0.18975616241241242,True,True,정상
001_20200814_123143(5),3호기,20200814,1,2020-08-14,2020-08-14 12:31:43,576,444,8b17b699d4480cab24e13d47fa35bc6e,True,False,GT,7.0,431,12,1,1,128,127.0,0.18979135385385384,True,True,정상
001_20200814_163101(7),3호기,20200814,1,2020-08-14,2020-08-14 16:31:01,576,444,a782cabb35967ce7ef2363d0552143d2,True,False,GT,14358.0,432,16,1,1,128,128.0,0.1892282907907908,True,True,정상
001_20200814_163105(1),3호기,20200814,1,2020-08-14,2020-08-14 16:31:05,576,444,cd040de42ebe44e13c044149fa1d02c6,True,False,GT,4.0,432,16,1,1,128,128.0,0.18977180305305305,True,True,정상
001_20200814_203438(9),3호기,20200814,1,2020-08-14,2020-08-14 20:34:38,576,444,20c1977ce01d17dd9275da31e9582076,True,False,GT,14613.0,433,20,1,1,184,130.0,0.19430758883883884,True,True,정상
001_20200814_203442(4),3호기,20200814,1,2020-08-14,2020-08-14 20:34:42,576,444,ad8a5081f960e9985cd774f61a7d8650,True,False,GT,4.0,433,20,1,1,128,127.0,0.18808261386386385,True,True,정상
001_20200815_003438(6),3호기,20200815,1,2020-08-15,2020-08-15 00:34:38,576,444,76d301d13d7692e6ef235d850293b95d,True,False,GT,14396.0,434,0,1,1,128,129.0,0.1947807182182182,True,True,정상
001_20200815_003529(0),3호기,20200815,1,2020-08-15,2020-08-15 00:35:29,576,444,b4ca3aa7372aeadf66591e5b3fe26eda,True,False,GT,51.0,434,0,1,1,128,128.0,0.1919966841841842,True,True,정상
001_20200818_083145(2),3호기,20200818,1,2020-08-18,2020-08-18 08:31:45,576,444,52ab73507397ef64cf8eaf0857f9ce82,True,False,GT,287776.0,435,8,1,1,128,132.0,0.1994533596096096,True,True,정상
001_20200818_083159(7),3호기,20200818,1,2020-08-18,2020-08-18 08:31:59,576,444,8c654b6bd2eed77bd68c9ce6c09cc631,True,False,GT,14.0,435,8,1,1,128,132.0,0.19568005505505506,True,True,정상
001_20200818_123634(4),3호기,20200818,1,2020-08-18,2020-08-18 12:36:34,576,444,70180d7da252b6adf92618434fd71210,True,False,GT,14675.0,436,12,1,1,144,130.0,0.19740052552552553,True,True,정상
001_20200818_123638(1),3호기,20200818,1,2020-08-18,2020-08-18 12:36:38,576,444,8c3b59d48e0b5a1597281e60f29d7200,False,False,미라벨,4.0,436,12,1,1,128,129.0,0.19420983483483484,True,True,정상
001_20200818_163230(6),3호기,20200818,1,2020-08-18,2020-08-18 16:32:30,576,444,418e7f81a271316290b118690d0cd49b,True,False,GT,14152.0,437,16,1,1,128,129.0,0.19404951826826827,True,True,정상
001_20200818_163233(9),3호기,20200818,1,2020-08-18,2020-08-18 16:32:33,576,444,233adf045536186e485a8cfc44184608,True,False,GT,3.0,437,16,1,1,128,128.0,0.19344344344344344,True,True,정상
001_20200818_203601(4),3호기,20200818,1,2020-08-18,2020-08-18 20:36:01,576,444,593e3a07425fcae42c3fba10ef70e498,True,False,GT,14608.0,438,20,1,1,128,127.0,0.19015499874874875,True,True,정상
001_20200818_203607(4),3호기,20200818,1,2020-08-18,2020-08-18 20:36:07,576,444,1f78a7d6a023b64bade562adf95de233,True,False,GT,6.0,438,20,1,1,128,126.0,0.1853103103103103,True,True,정상
001_20200819_003039(4),3호기,20200819,1,2020-08-19,2020-08-19 00:30:39,576,444,4361a2f88993b4510f8d82309c92e671,True,False,GT,14072.0,439,0,1,1,128,131.0,0.19676316941941943,True,True,정상
001_20200819_003044(1),3호기,20200819,1,2020-08-19,2020-08-19 00:30:44,576,444,c138b82e9ee60df4d3cf598d498b6867,True,False,GT,5.0,439,0,1,1,128,130.0,0.19608671171171171,True,True,정상
001_20200819_043209(9),3호기,20200819,1,2020-08-19,2020-08-19 04:32:09,576,444,5bdec00284734a2f56348f4835d56d32,True,False,GT,14485.0,440,4,1,1,136,130.0,0.1954884572072072,True,True,정상
001_20200819_043216(0),3호기,20200819,1,2020-08-19,2020-08-19 04:32:16,576,444,bd798befc59d09cd1eba64b348f00af4,True,False,GT,7.0,440,4,1,1,128,125.0,0.18562703328328328,True,True,정상
001_20200819_083353(5),3호기,20200819,1,2020-08-19,2020-08-19 08:33:53,576,444,095a8eccf64f67dba46323eddbde8357,True,False,GT,14497.0,441,8,1,1,136,129.0,0.19343953328328328,True,True,정상
001_20200819_083401(0),3호기,20200819,1,2020-08-19,2020-08-19 08:34:01,576,444,a570da86d9605cfe753c3f532ecdffa1,True,False,GT,8.0,441,8,1,1,128,129.0,0.19397522522522523,True,True,정상
001_20200819_124414(0),3호기,20200819,1,2020-08-19,2020-08-19 12:44:14,576,444,1c08292147aca17055757e0d67e81c5d,True,False,GT,15013.0,442,12,1,1,128,130.0,0.19452264764764765,True,True,정상
001_20200819_124415(9),3호기,20200819,1,2020-08-19,2020-08-19 12:44:15,576,444,77b13ef7850441967aef1f4a32888d64,True,False,GT,1.0,442,12,1,1,128,131.0,0.19742007632632633,True,True,정상
001_20200819_162723(4),3호기,20200819,1,2020-08-19,2020-08-19 16:27:23,576,444,bebf8e2de11012d54389423a27bf5824,True,False,GT,13388.0,443,16,1,1,128,127.0,0.18947854104104103,True,True,정상
001_20200819_162727(9),3호기,20200819,1,2020-08-19,2020-08-19 16:27:27,576,444,4b3c712aa5056cb184a43bc5ac1a7fdf,False,False,미라벨,4.0,443,16,1,1,128,131.0,0.19701732982982983,True,True,정상
001_20200821_150525(5),3호기,20200821,1,2020-08-21,2020-08-21 15:05:25,576,444,faf8cb164597be494cc7e7b852b22aaa,True,False,GT,167878.0,444,15,1,1,128,130.0,0.19756866241241242,True,True,정상
001_20200821_150529(4),3호기,20200821,1,2020-08-21,2020-08-21 15:05:29,576,444,3c8e4f9ae512e6c9d5e495a0883ad0cc,True,False,GT,4.0,444,15,1,1,128,129.0,0.19482764014014015,True,True,정상
001_20200821_163349(7),3호기,20200821,1,2020-08-21,2020-08-21 16:33:49,576,444,78ede16bedbc4d12a6def8b8cbbc28d5,True,False,GT,5300.0,445,16,1,1,128,127.0,0.19011589714714713,True,True,정상
001_20200821_163353(8),3호기,20200821,1,2020-08-21,2020-08-21 16:33:53,576,444,bc771b7fc796df85cde8c4c0979fbdbf,True,False,GT,4.0,445,16,1,1,128,130.0,0.19765468593593594,True,True,정상
001_20200826_023328(3),3호기,20200826,1,2020-08-26,2020-08-26 02:33:28,576,444,74982c830f3d058dfe37539ceae83ac0,True,False,GT,381575.0,446,2,1,1,128,132.0,0.1991991991991992,True,True,정상
001_20200826_023332(5),3호기,20200826,1,2020-08-26,2020-08-26 02:33:32,576,444,f0e482be3df5d33879bc3d442ecc7492,True,False,GT,4.0,446,2,1,1,200,128.0,0.18962712712712712,True,True,정상
001_20200826_043252(8),3호기,20200826,1,2020-08-26,2020-08-26 04:32:52,576,444,52db15e961f9dc50d2b1c6e4780bd672,True,False,GT,7160.0,447,4,1,1,136,127.0,0.18978353353353353,True,True,정상
001_20200826_043255(8),3호기,20200826,1,2020-08-26,2020-08-26 04:32:55,576,444,64a540c04c42e3d33752ed5da9237ba3,True,False,GT,3.0,447,4,1,1,128,129.0,0.19338088088088087,True,True,정상
001_20200826_123711(3),3호기,20200826,1,2020-08-26,2020-08-26 12:37:11,576,444,7098a42483e0086bae88567cdb1bd69c,True,False,GT,29056.0,448,12,1,1,128,127.0,0.1861470845845846,True,True,정상
001_20200826_123714(5),3호기,20200826,1,2020-08-26,2020-08-26 12:37:14,576,444,afff616f9d7cf33f8027614ed54df597,True,False,GT,3.0,448,12,1,1,136,126.0,0.1856856856856857,True,True,정상
001_20200831_083711(6),3호기,20200831,1,2020-08-31,2020-08-31 08:37:11,576,444,59002defccc7b78958e9e6d9e4af1098,True,False,GT,417597.0,449,8,1,1,128,128.0,0.19068287037037038,True,True,정상
001_20200831_083714(8),3호기,20200831,1,2020-08-31,2020-08-31 08:37:14,576,444,e3bd21478b69840175c0c36c89fe74ad,True,False,GT,3.0,449,8,1,1,136,123.0,0.1820726976976977,True,True,정상
001_20200831_123316(5),3호기,20200831,1,2020-08-31,2020-08-31 12:33:16,576,444,58959b0698969a6f338016fcae7422f7,True,False,GT,14162.0,450,12,1,1,128,122.0,0.1830541478978979,True,True,정상
001_20200831_123324(1),3호기,20200831,1,2020-08-31,2020-08-31 12:33:24,576,444,dc2f02fc806b6610e93fc94b29bdf03d,False,False,미라벨,8.0,450,12,1,1,136,125.0,0.18787928553553554,True,True,정상
001_20200831_163330(7),3호기,20200831,1,2020-08-31,2020-08-31 16:33:30,576,444,5c0ad5229a391ea921d9460bdcb10015,False,False,미라벨,14406.0,451,16,1,1,128,122.0,0.18073151276276275,True,True,정상
001_20200831_163332(1),3호기,20200831,1,2020-08-31,2020-08-31 16:33:32,576,444,db06fc66edb1df99bf594523d3204ea8,False,False,미라벨,2.0,451,16,1,1,136,124.0,0.18666322572572572,True,True,정상
001_20200831_203249(0),3호기,20200831,1,2020-08-31,2020-08-31 20:32:49,576,444,52c9aac06a2cd6a13f21a9be15ad16eb,False,False,미라벨,14357.0,452,20,1,1,128,123.0,0.18192802177177178,True,True,정상
001_20200831_203253(5),3호기,20200831,1,2020-08-31,2020-08-31 20:32:53,576,444,fa1b2953594af735ab8c59320095efd3,False,False,미라벨,4.0,452,20,1,1,128,123.0,0.18238551051051052,True,True,정상
001_20200901_003429(1),3호기,20200901,1,2020-09-01,2020-09-01 00:34:29,576,444,9fcd479ddf2257ad348bd9b70ae1576a,False,True,제외(튜토리얼),14496.0,453,0,1,1,128,122.0,0.18179507632632633,True,True,정상
001_20200901_003433(7),3호기,20200901,1,2020-09-01,2020-09-01 00:34:33,576,444,e2587665501925be74cb44f037904ebe,False,False,미라벨,4.0,453,0,1,1,136,123.0,0.18346862487487486,True,True,정상
001_20200901_003438(1),3호기,20200901,1,2020-09-01,2020-09-01 00:34:38,576,444,720003a4e2d58bf5d28c6dd612a77bd8,False,False,미라벨,5.0,453,0,1,1,128,123.0,0.18360548048048048,True,True,정상
001_20200901_003442(7),3호기,20200901,1,2020-09-01,2020-09-01 00:34:42,576,444,b673cf771e1c41b61341057e3d8f2d63,False,False,미라벨,4.0,453,0,1,1,136,123.0,0.18432103978978978,True,True,정상
001_20200901_003447(1),3호기,20200901,1,2020-09-01,2020-09-01 00:34:47,576,444,86067b16b4fc741e321fecfe9d5062ae,False,False,미라벨,5.0,453,0,1,1,128,124.0,0.18388701201201202,True,True,정상
001_20200901_003451(7),3호기,20200901,1,2020-09-01,2020-09-01 00:34:51,576,444,8a1d2094d3b13454e9a1a6ec7b0b2acf,False,False,미라벨,4.0,453,0,1,1,128,123.0,0.1839769456956957,True,True,정상
001_20200901_043410(8),3호기,20200901,1,2020-09-01,2020-09-01 04:34:10,576,444,81c71bc6efb93dadfb0af92c593859f4,False,False,미라벨,14359.0,454,4,1,1,128,120.0,0.17614880505505506,True,True,정상
001_20200901_043415(3),3호기,20200901,1,2020-09-01,2020-09-01 04:34:15,576,444,bb58ac3a33de80849e44c5cb758394a8,False,False,미라벨,5.0,454,4,1,1,128,122.0,0.18066112987987987,True,True,정상
001_20200901_043419(9),3호기,20200901,1,2020-09-01,2020-09-01 04:34:19,576,444,b64e2dc0a47ba4199241ca51c41d2d42,False,False,미라벨,4.0,454,4,1,1,128,123.0,0.1820726976976977,True,True,정상
001_20200901_043424(4),3호기,20200901,1,2020-09-01,2020-09-01 04:34:24,576,444,5966c096e87eb65a1748ac3a6c2b8ba6,False,False,미라벨,5.0,454,4,1,1,128,123.0,0.1826005693193193,True,True,정상
001_20200901_043428(8),3호기,20200901,1,2020-09-01,2020-09-01 04:34:28,576,444,0499430eeb1f2a34c338b419ea1b3992,False,False,미라벨,4.0,454,4,1,1,128,123.0,0.18283126876876876,True,True,정상
001_20200901_043433(3),3호기,20200901,1,2020-09-01,2020-09-01 04:34:33,576,444,65af6a3e925e78357e6aa87eb629a41a,False,False,미라벨,5.0,454,4,1,1,128,122.0,0.18059856731731733,True,True,정상
001_20200901_083346(7),3호기,20200901,1,2020-09-01,2020-09-01 08:33:46,576,444,7db45db8e766190c0d129f9ca6830c31,False,False,미라벨,14353.0,455,8,1,1,128,127.0,0.1884423485985986,True,True,정상
001_20200901_083356(1),3호기,20200901,1,2020-09-01,2020-09-01 08:33:56,576,444,92128ce0534163181df7a829d9e31499,False,False,미라벨,10.0,455,8,1,1,128,124.0,0.18360548048048048,True,True,정상
001_20200901_083422(0),3호기,20200901,1,2020-09-01,2020-09-01 08:34:22,576,444,945a742413249e629f25db68f5846ec1,False,False,미라벨,26.0,455,8,1,1,128,123.0,0.18258883883883884,True,True,정상
001_20200901_083438(5),3호기,20200901,1,2020-09-01,2020-09-01 08:34:38,576,444,cfd5e5e08025f5eda3685449dc4aa0fd,False,False,미라벨,16.0,455,8,1,1,152,127.0,0.18966231856856858,True,True,정상
001_20200901_083442(9),3호기,20200901,1,2020-09-01,2020-09-01 08:34:42,576,444,d2cecb949af8449e04c6526f70fdefbc,False,False,미라벨,4.0,455,8,1,1,216,127.0,0.18900541166166165,True,True,정상
001_20200901_083502(5),3호기,20200901,1,2020-09-01,2020-09-01 08:35:02,576,444,f4232f6996e755383e6eac51968fa5b9,False,False,미라벨,20.0,455,8,1,1,128,127.0,0.18822728978978978,True,True,정상
001_20200901_123053(8),3호기,20200901,1,2020-09-01,2020-09-01 12:30:53,576,444,d6de80fe8880bb96daed2a4ac15f6bde,False,False,미라벨,14151.0,456,12,1,1,128,121.0,0.1799221096096096,True,True,정상
001_20200901_123056(9),3호기,20200901,1,2020-09-01,2020-09-01 12:30:56,576,444,e9f57fd936ec996703c01326ffff294a,False,False,미라벨,3.0,456,12,1,1,128,126.0,0.1868821946946947,True,True,정상
001_20200901_123100(2),3호기,20200901,1,2020-09-01,2020-09-01 12:31:00,576,444,1124789f3ce2468bc4e86263a90aa2de,False,False,미라벨,4.0,456,12,1,1,128,127.0,0.18759384384384384,True,True,정상
001_20200901_123103(2),3호기,20200901,1,2020-09-01,2020-09-01 12:31:03,576,444,0a13e643902ce87448d889580baca544,False,False,미라벨,3.0,456,12,1,1,128,120.0,0.17574605855855857,True,True,정상
001_20200901_123106(4),3호기,20200901,1,2020-09-01,2020-09-01 12:31:06,576,444,ca077152b921801a6ca18a13fc483b6b,False,False,미라벨,3.0,456,12,1,1,136,122.0,0.1794333395895896,True,True,정상
001_20200901_123109(7),3호기,20200901,1,2020-09-01,2020-09-01 12:31:09,576,444,aebcf70a4b6b91c9f5ad47a54485b51b,False,False,미라벨,3.0,456,12,1,1,136,123.0,0.18028184434434436,True,True,정상
001_20200904_230425(6),3호기,20200904,1,2020-09-04,2020-09-04 23:04:25,576,444,fd4dafac7b9554a33f72a73b23502d9d,False,False,미라벨,297196.0,457,23,1,1,128,122.0,0.18283908908908908,True,True,정상
001_20200904_230429(3),3호기,20200904,1,2020-09-04,2020-09-04 23:04:29,576,444,9c466cede70560351ec81124dedf5854,False,False,미라벨,4.0,457,23,1,1,152,120.0,0.17818208833833835,True,True,정상
001_20200904_230433(1),3호기,20200904,1,2020-09-04,2020-09-04 23:04:33,576,444,d0f97ace8a6855ca7bfe40fee02ae98d,False,False,미라벨,4.0,457,23,1,1,184,118.0,0.17463948323323322,True,True,정상
001_20200904_230437(0),3호기,20200904,1,2020-09-04,2020-09-04 23:04:37,576,444,69dc88944d03668f2f2a7c94a0836b3a,False,False,미라벨,4.0,457,23,1,1,128,119.0,0.17584381256256257,True,True,정상
001_20200904_230440(7),3호기,20200904,1,2020-09-04,2020-09-04 23:04:40,576,444,ea19e4468ec2c4483c1fb0c3b34b4c90,False,False,미라벨,3.0,457,23,1,1,176,117.0,0.17108514764764765,True,True,정상
001_20200904_230444(3),3호기,20200904,1,2020-09-04,2020-09-04 23:04:44,576,444,6d39a1c8b7115dbc161aa0d3d5fafa4b,False,False,미라벨,4.0,457,23,1,1,168,118.0,0.17396302552552553,True,True,정상
001_20200905_003911(9),3호기,20200905,1,2020-09-05,2020-09-05 00:39:11,576,444,a9c3838d86f9a80d50e413bd79ad741c,False,False,미라벨,5667.0,458,0,1,1,184,119.0,0.17592201576576577,True,True,정상
001_20200905_003914(9),3호기,20200905,1,2020-09-05,2020-09-05 00:39:14,576,444,beda421f951f11c97da24e271eafca47,False,False,미라벨,3.0,458,0,1,1,136,120.0,0.17924956206206205,True,True,정상
001_20200905_003918(2),3호기,20200905,1,2020-09-05,2020-09-05 00:39:18,576,444,2e983cfdd948ce6fccc8292528e3dfbe,False,False,미라벨,4.0,458,0,1,1,184,120.0,0.1767235985985986,True,True,정상
001_20200905_003921(2),3호기,20200905,1,2020-09-05,2020-09-05 00:39:21,576,444,2b055419305768bdb8a7c856a5475f2f,False,False,미라벨,3.0,458,0,1,1,160,120.0,0.1800511448948949,True,True,정상
001_20200905_003924(3),3호기,20200905,1,2020-09-05,2020-09-05 00:39:24,576,444,0f8a155152b9ba5d8e489ba3dee5fe6c,False,False,미라벨,3.0,458,0,1,1,184,120.0,0.17942942942942944,True,True,정상
001_20200905_003927(3),3호기,20200905,1,2020-09-05,2020-09-05 00:39:27,576,444,54c313c64a342c4bc47ae16d6838618b,False,False,미라벨,3.0,458,0,1,1,160,121.0,0.18087227852852852,True,True,정상
001_20200905_043356(8),3호기,20200905,1,2020-09-05,2020-09-05 04:33:56,576,444,8774773dd6c24e68f677a1913d0ba72a,False,False,미라벨,14069.0,459,4,1,1,128,126.0,0.1900220533033033,True,True,정상
001_20200905_043359(9),3호기,20200905,1,2020-09-05,2020-09-05 04:33:59,576,444,caa196556943dbedb72b7dc384a0b1a9,False,False,미라벨,3.0,459,4,1,1,128,124.0,0.1859789476976977,True,True,정상
001_20200905_043402(9),3호기,20200905,1,2020-09-05,2020-09-05 04:34:02,576,444,20400c68dda4b7313ae3a01bfcee1ccb,False,False,미라벨,3.0,459,4,1,1,136,124.0,0.18564267392392392,True,True,정상
001_20200905_043406(0),3호기,20200905,1,2020-09-05,2020-09-05 04:34:06,576,444,7975548002a41257da826633cff5c0eb,False,False,미라벨,4.0,459,4,1,1,136,124.0,0.1861940065065065,True,True,정상
001_20200905_043409(3),3호기,20200905,1,2020-09-05,2020-09-05 04:34:09,576,444,adbb890cd689ea83f31217cd127635a5,False,False,미라벨,3.0,459,4,1,1,128,121.0,0.18040696946946946,True,True,정상
001_20200905_043412(3),3호기,20200905,1,2020-09-05,2020-09-05 04:34:12,576,444,db7edc74fe09f5b925f84750fa36c2fd,False,False,미라벨,3.0,459,4,1,1,128,121.0,0.18180289664664664,True,True,정상
001_20200905_083552(0),3호기,20200905,1,2020-09-05,2020-09-05 08:35:52,576,444,ee93878a326d77ba5ea9dc0a344f0614,False,False,미라벨,14500.0,460,8,1,1,128,123.0,0.1816034784784785,True,True,정상
001_20200905_083555(2),3호기,20200905,1,2020-09-05,2020-09-05 08:35:55,576,444,6c91fb48bc95dd76071a11af65046d33,False,False,미라벨,3.0,460,8,1,1,128,124.0,0.18388310185185186,True,True,정상
001_20200905_083558(2),3호기,20200905,1,2020-09-05,2020-09-05 08:35:58,576,444,b720e2c6fe816f023b4a98a65216a82e,False,False,미라벨,3.0,460,8,1,1,128,124.0,0.18433277027027026,True,True,정상
001_20200905_083603(0),3호기,20200905,1,2020-09-05,2020-09-05 08:36:03,576,444,51b21486c1c45ce9d421cc70cf78a272,False,False,미라벨,5.0,460,8,1,1,128,126.0,0.18876689189189189,True,True,정상
001_20200905_083606(6),3호기,20200905,1,2020-09-05,2020-09-05 08:36:06,576,444,1659b166c0e15394221437d09a6fa028,False,False,미라벨,3.0,460,8,1,1,128,126.0,0.18828985235235235,True,True,정상
001_20200905_083609(7),3호기,20200905,1,2020-09-05,2020-09-05 08:36:09,576,444,487a0f004bbe06417dfeff67824c7fd5,False,False,미라벨,3.0,460,8,1,1,128,127.0,0.18925175175175174,True,True,정상
001_20200905_123258(6),3호기,20200905,1,2020-09-05,2020-09-05 12:32:58,576,444,5bc89b4cbac65e093bc96e983c0a2182,False,False,미라벨,14209.0,461,12,1,1,128,127.0,0.19029185435435436,True,True,정상
001_20200905_123303(2),3호기,20200905,1,2020-09-05,2020-09-05 12:33:03,576,444,7b72b74497dd27c65c2a1f9c65927829,False,False,미라벨,5.0,461,12,1,1,128,127.0,0.18912662662662663,True,True,정상
001_20200905_123307(6),3호기,20200905,1,2020-09-05,2020-09-05 12:33:07,576,444,e7b0067e1d1e95f9f795f5deda842ec4,False,False,미라벨,4.0,461,12,1,1,144,127.0,0.18978744369369369,True,True,정상
001_20200905_123312(1),3호기,20200905,1,2020-09-05,2020-09-05 12:33:12,576,444,4bd194de9a27afb7dc5c16f9d3a1e49f,False,False,미라벨,5.0,461,12,1,1,128,124.0,0.18378534784784784,True,True,정상
001_20200905_123316(6),3호기,20200905,1,2020-09-05,2020-09-05 12:33:16,576,444,c7a6a2afe5273bcb803e96d3148d12b9,False,False,미라벨,4.0,461,12,1,1,128,123.0,0.18373842592592593,True,True,정상
001_20200905_123321(0),3호기,20200905,1,2020-09-05,2020-09-05 12:33:21,576,444,91eb8d9501c753bf81fd7d3132b94b69,False,False,미라벨,5.0,461,12,1,1,136,123.0,0.1828781906906907,True,True,정상
001_20200905_164117(6),3호기,20200905,1,2020-09-05,2020-09-05 16:41:17,576,444,9bdaa551c53f15d60c2672698e1993cd,False,False,미라벨,14876.0,462,16,1,1,128,124.0,0.18387528153153154,True,True,정상
001_20200905_164122(0),3호기,20200905,1,2020-09-05,2020-09-05 16:41:22,576,444,cd0826e41bcf99d6a05eeca4fb04261b,False,False,미라벨,5.0,462,16,1,1,192,123.0,0.1833395895895896,True,True,정상
001_20200905_164126(5),3호기,20200905,1,2020-09-05,2020-09-05 16:41:26,576,444,96ae08fe834e461c578a708f81817fa9,False,False,미라벨,4.0,462,16,1,1,136,123.0,0.1831128003003003,True,True,정상
001_20200905_164131(0),3호기,20200905,1,2020-09-05,2020-09-05 16:41:31,576,444,28bd36138661c67e36c8144f9dd44653,False,False,미라벨,5.0,462,16,1,1,128,127.0,0.19126548423423423,True,True,정상
001_20200905_164135(4),3호기,20200905,1,2020-09-05,2020-09-05 16:41:35,576,444,61f45a34f9b5928e4cfacfcf02b45932,False,False,미라벨,4.0,462,16,1,1,128,126.0,0.18756256256256257,True,True,정상
001_20200905_164140(0),3호기,20200905,1,2020-09-05,2020-09-05 16:41:40,576,444,3137624e169d4350ca810611d61e37b3,False,False,미라벨,5.0,462,16,1,1,128,127.0,0.18837978603603603,True,True,정상
001_20200905_204255(4),3호기,20200905,1,2020-09-05,2020-09-05 20:42:55,576,444,ec75f8fc8eee63a4b1b8f75504e36fcc,False,False,미라벨,14475.0,463,20,1,1,128,126.0,0.18836805555555555,True,True,정상
001_20200905_204300(0),3호기,20200905,1,2020-09-05,2020-09-05 20:43:00,576,444,e8187e25dd20ffe1abddc819db66798e,False,False,미라벨,5.0,463,20,1,1,136,126.0,0.18660457332332334,True,True,정상
001_20200905_204304(5),3호기,20200905,1,2020-09-05,2020-09-05 20:43:04,576,444,40361b3c5b80f22a402bc7d6f479d202,False,False,미라벨,4.0,463,20,1,1,128,126.0,0.18545498623623624,True,True,정상
001_20200905_204309(0),3호기,20200905,1,2020-09-05,2020-09-05 20:43:09,576,444,e64cd8e86181c4a59dd134db471fa64f,False,False,미라벨,5.0,463,20,1,1,128,127.0,0.18649117867867868,True,True,정상
001_20200905_204313(4),3호기,20200905,1,2020-09-05,2020-09-05 20:43:13,576,444,e5448fa57ef96d5a105a6783e0048205,False,False,미라벨,4.0,463,20,1,1,128,126.0,0.1862252877877878,True,True,정상
001_20200905_204317(9),3호기,20200905,1,2020-09-05,2020-09-05 20:43:17,576,444,e6d43bd3275caac0d4f2d1327569c9ac,False,False,미라벨,4.0,463,20,1,1,128,126.0,0.18615099474474475,True,True,정상
001_20200907_185040(2),3호기,20200907,1,2020-09-07,2020-09-07 18:50:40,576,444,d234dfb70cd8b5e34d3c894bf0442b07,False,False,미라벨,166043.0,464,18,1,1,136,124.0,0.18814126626626626,True,True,정상
001_20200907_185043(2),3호기,20200907,1,2020-09-07,2020-09-07 18:50:43,576,444,a10f1608a2f10d7334e1cda183a1d1e1,False,False,미라벨,3.0,464,18,1,1,128,125.0,0.18902887262262263,True,True,정상
001_20200907_185046(1),3호기,20200907,1,2020-09-07,2020-09-07 18:50:46,576,444,9414cff117fdf2c98fd1642740a56362,False,False,미라벨,3.0,464,18,1,1,128,125.0,0.19024493243243243,True,True,정상
001_20200907_185049(1),3호기,20200907,1,2020-09-07,2020-09-07 18:50:49,576,444,b80278ed01e26fc7cb8ac0430cc82ce5,False,False,미라벨,3.0,464,18,1,1,128,125.0,0.19044044044044045,True,True,정상
001_20200907_185052(1),3호기,20200907,1,2020-09-07,2020-09-07 18:50:52,576,444,08947014cf04c1f3820411fd2d874196,False,False,미라벨,3.0,464,18,1,1,128,125.0,0.1885792042042042,True,True,정상
001_20200907_185055(2),3호기,20200907,1,2020-09-07,2020-09-07 18:50:55,576,444,648f7a3fc46fa63ef012453cd83491dc,False,False,미라벨,3.0,464,18,1,1,128,126.0,0.189599756006006,True,True,정상
001_20200907_204437(0),3호기,20200907,1,2020-09-07,2020-09-07 20:44:37,576,444,82f750136c05a88ead1024c5afb65c37,False,False,미라벨,6822.0,465,20,1,1,128,125.0,0.18894675925925927,True,True,정상
001_20200907_204440(2),3호기,20200907,1,2020-09-07,2020-09-07 20:44:40,576,444,f60f4be9d54a4f3f6b37d0bdf9f954d6,False,False,미라벨,3.0,465,20,1,1,128,125.0,0.18932213463463463,True,True,정상
001_20200907_204443(2),3호기,20200907,1,2020-09-07,2020-09-07 20:44:43,576,444,419a9a50aecd76913f3ad8c6071786d5,False,False,미라벨,3.0,465,20,1,1,128,125.0,0.1888763763763764,True,True,정상
001_20200907_204446(0),3호기,20200907,1,2020-09-07,2020-09-07 20:44:46,576,444,d59b513b214d2a6f798b116b9ddbc26f,False,False,미라벨,3.0,465,20,1,1,128,123.0,0.18431321946946946,True,True,정상
001_20200907_204448(8),3호기,20200907,1,2020-09-07,2020-09-07 20:44:48,576,444,40d108eb8324792c4a2b0585cc033a1d,False,False,미라벨,2.0,465,20,1,1,128,123.0,0.18233076826826827,True,True,정상
001_20200907_204451(8),3호기,20200907,1,2020-09-07,2020-09-07 20:44:51,576,444,9a7e3bb3dafe18a8c1f1afce597be3d8,False,False,미라벨,3.0,465,20,1,1,136,122.0,0.18416072322322322,True,True,정상
001_20200908_003050(8),3호기,20200908,1,2020-09-08,2020-09-08 00:30:50,576,444,161e71606462ddec8a7808667dea9802,False,False,미라벨,13559.0,466,0,1,1,136,121.0,0.17998467217217218,True,True,정상
001_20200908_003059(1),3호기,20200908,1,2020-09-08,2020-09-08 00:30:59,576,444,9d2d7bd2ec40d5785c161db92835db0f,False,False,미라벨,9.0,466,0,1,1,136,122.0,0.18291338213213212,True,True,정상
001_20200908_003103(1),3호기,20200908,1,2020-09-08,2020-09-08 00:31:03,576,444,c89b772bc48b9edd73b3a1f7f379ab2c,False,False,미라벨,4.0,466,0,1,1,128,122.0,0.18290947197197197,True,True,정상
001_20200908_003107(4),3호기,20200908,1,2020-09-08,2020-09-08 00:31:07,576,444,1ccde2420a424a51f9ab725e627bfe61,False,False,미라벨,4.0,466,0,1,1,128,126.0,0.18947463088088087,True,True,정상
001_20200908_003111(1),3호기,20200908,1,2020-09-08,2020-09-08 00:31:11,576,444,64f3b21114db8389fb6d76ff4dc82589,False,False,미라벨,4.0,466,0,1,1,136,126.0,0.1898734672172172,True,True,정상
001_20200908_003115(2),3호기,20200908,1,2020-09-08,2020-09-08 00:31:15,576,444,4d7523a27c8b6405ed4d0db89831058f,False,False,미라벨,4.0,466,0,1,1,128,126.0,0.18894675925925927,True,True,정상
001_20200908_043328(0),3호기,20200908,1,2020-09-08,2020-09-08 04:33:28,576,444,eb7883db24415e62792ed3e095d47aab,False,False,미라벨,14533.0,467,4,1,1,128,124.0,0.18486455205205204,True,True,정상
001_20200908_043332(2),3호기,20200908,1,2020-09-08,2020-09-08 04:33:32,576,444,2f5454af9f7aa56ae8e39585a01f4265,False,False,미라벨,4.0,467,4,1,1,128,122.0,0.18215481106106107,True,True,정상
001_20200908_043336(7),3호기,20200908,1,2020-09-08,2020-09-08 04:33:36,576,444,573bb21111b741197d7d4bfc300f1288,False,False,미라벨,4.0,467,4,1,1,128,122.0,0.18180289664664664,True,True,정상
001_20200908_043341(4),3호기,20200908,1,2020-09-08,2020-09-08 04:33:41,576,444,f76334693bdae2f110819b97d6cac484,False,False,미라벨,5.0,467,4,1,1,128,127.0,0.19037396771771772,True,True,정상
001_20200908_043345(8),3호기,20200908,1,2020-09-08,2020-09-08 04:33:45,576,444,aeed14408cf1b13daedebc58b55f023c,False,False,미라벨,4.0,467,4,1,1,128,127.0,0.19001032282282282,True,True,정상
001_20200908_043350(5),3호기,20200908,1,2020-09-08,2020-09-08 04:33:50,576,444,33446cc7e33455675155c42a7f27fb20,False,False,미라벨,5.0,467,4,1,1,136,127.0,0.1894902715215215,True,True,정상
001_20200912_021546(2),3호기,20200912,1,2020-09-12,2020-09-12 02:15:46,576,444,aa1eabb61cbee3e7f2317b04a3a89b08,False,False,미라벨,337316.0,468,2,1,1,128,124.0,0.18439533283283283,True,True,정상
001_20200912_021549(3),3호기,20200912,1,2020-09-12,2020-09-12 02:15:49,576,444,96d0f4b4bc276e4e7b4dcfd532b1a39f,False,False,미라벨,3.0,468,2,1,1,128,124.0,0.18462994244244244,True,True,정상
001_20200912_021552(4),3호기,20200912,1,2020-09-12,2020-09-12 02:15:52,576,444,3dd414a48ad6b84ac7c6a0c8a255db48,False,False,미라벨,3.0,468,2,1,1,128,123.0,0.18201013513513514,True,True,정상
001_20200912_021555(0),3호기,20200912,1,2020-09-12,2020-09-12 02:15:55,576,444,28624c6d30f13dbf6f8061efff67d56d,False,False,미라벨,3.0,468,2,1,1,128,128.0,0.19203187562562563,True,True,정상
001_20200912_021601(0),3호기,20200912,1,2020-09-12,2020-09-12 02:16:01,576,444,e0aa96c06fd20553c6348b6903e8dcd1,False,False,미라벨,6.0,468,2,1,1,128,127.0,0.19099177302302303,True,True,정상
001_20200912_021604(3),3호기,20200912,1,2020-09-12,2020-09-12 02:16:04,576,444,d65bbef1c4c8ae2353dba7282cb3bc40,False,False,미라벨,3.0,468,2,1,1,136,127.0,0.18962321696696696,True,True,정상
001_20200912_043256(0),3호기,20200912,1,2020-09-12,2020-09-12 04:32:56,576,444,e7a206a31675928686af8585009bf026,False,False,미라벨,8212.0,469,4,1,1,128,127.0,0.1890210523023023,True,True,정상
001_20200912_043259(2),3호기,20200912,1,2020-09-12,2020-09-12 04:32:59,576,444,de63704f5ef1c75e9bfe9ddf284a6ef3,False,False,미라벨,3.0,469,4,1,1,128,127.0,0.1906906906906907,True,True,정상
001_20200912_043302(3),3호기,20200912,1,2020-09-12,2020-09-12 04:33:02,576,444,c979473601f22506587984f82ab6a59b,False,False,미라벨,3.0,469,4,1,1,152,127.0,0.19124593343343343,True,True,정상
001_20200912_043304(9),3호기,20200912,1,2020-09-12,2020-09-12 04:33:04,576,444,3c60e2eec8e1af9494ab76e39a9a9db1,False,False,미라벨,2.0,469,4,1,1,128,123.0,0.18384400025025024,True,True,정상
001_20200912_043307(9),3호기,20200912,1,2020-09-12,2020-09-12 04:33:07,576,444,eeb0d5d0efa976d96b48c0da944fc3a7,False,False,미라벨,3.0,469,4,1,1,128,123.0,0.1836133008008008,True,True,정상
001_20200912_043310(9),3호기,20200912,1,2020-09-12,2020-09-12 04:33:10,576,444,e44914bd68a2f9b706d4cb4ab789d9f8,False,False,미라벨,3.0,469,4,1,1,136,122.0,0.1830150462962963,True,True,정상
001_20200912_123123(1),3호기,20200912,1,2020-09-12,2020-09-12 12:31:23,576,444,36846c179d9525f4294f3455152f47e9,False,False,미라벨,28693.0,470,12,1,1,136,123.0,0.18340997247247248,True,True,정상
001_20200912_123126(0),3호기,20200912,1,2020-09-12,2020-09-12 12:31:26,576,444,e419f842c347e54b268c746d2af99b3e,False,False,미라벨,3.0,470,12,1,1,144,123.0,0.18267486236236236,True,True,정상
001_20200912_123129(3),3호기,20200912,1,2020-09-12,2020-09-12 12:31:29,576,444,4f765a2f122e10aa87ac13cc42c382e3,False,False,미라벨,3.0,470,12,1,1,128,123.0,0.18316363238238237,True,True,정상
001_20200912_123132(4),3호기,20200912,1,2020-09-12,2020-09-12 12:31:32,576,444,859ffdc6ccbfdca06d087e7bd4c8708e,False,False,미라벨,3.0,470,12,1,1,128,123.0,0.18287428053053054,True,True,정상
001_20200912_123135(5),3호기,20200912,1,2020-09-12,2020-09-12 12:31:35,576,444,27ab8caca0ffeee1430a914dd3c58f33,False,False,미라벨,3.0,470,12,1,1,208,122.0,0.18102868493493493,True,True,정상
001_20200912_123138(5),3호기,20200912,1,2020-09-12,2020-09-12 12:31:38,576,444,e096568290541e67ca235a71499a4830,False,False,미라벨,3.0,470,12,1,1,128,123.0,0.18314408158158157,True,True,정상
001_20200912_163419(0),3호기,20200912,1,2020-09-12,2020-09-12 16:34:19,576,444,7734153bae3fda82d9a6293231e2e177,False,False,미라벨,14561.0,471,16,1,1,128,124.0,0.18405905905905906,True,True,정상
001_20200912_163423(5),3호기,20200912,1,2020-09-12,2020-09-12 16:34:23,576,444,7618765df8c685b01620f1e4fefcb52d,False,False,미라벨,4.0,471,16,1,1,128,125.0,0.18427020770770772,True,True,정상
001_20200912_163427(9),3호기,20200912,1,2020-09-12,2020-09-12 16:34:27,576,444,3469d6a82ea0842a41c0afdafa1a099e,False,False,미라벨,4.0,471,16,1,1,128,124.0,0.1835350975975976,True,True,정상
001_20200912_163432(2),3호기,20200912,1,2020-09-12,2020-09-12 16:34:32,576,444,52134cad6b99fdf2f40b527b4f59eba0,False,False,미라벨,5.0,471,16,1,1,128,122.0,0.18037959834834835,True,True,정상
001_20200912_163436(7),3호기,20200912,1,2020-09-12,2020-09-12 16:34:36,576,444,4872eb76d1ccd7a4717a45baf352cb5d,False,False,미라벨,4.0,471,16,1,1,136,122.0,0.1805008133133133,True,True,정상
001_20200912_163441(0),3호기,20200912,1,2020-09-12,2020-09-12 16:34:41,576,444,e69345f514f38280f4c66526d53f8943,False,False,미라벨,5.0,471,16,1,1,128,123.0,0.18236986986986986,True,True,정상
001_20200912_202811(1),3호기,20200912,1,2020-09-12,2020-09-12 20:28:11,576,444,63fcea1bb316ef79f52e36fde9cbbff1,False,False,미라벨,14010.0,472,20,1,1,128,124.0,0.18357028903903905,True,True,정상
001_20200912_202815(6),3호기,20200912,1,2020-09-12,2020-09-12 20:28:15,576,444,3f35a8b03826cb9e5ccbb29c4da80483,False,False,미라벨,4.0,472,20,1,1,128,124.0,0.1841724537037037,True,True,정상
001_20200912_202820(0),3호기,20200912,1,2020-09-12,2020-09-12 20:28:20,576,444,eb8ea476eadca7c5a509b8c6f89b9320,False,False,미라벨,5.0,472,20,1,1,128,124.0,0.18361721096096095,True,True,정상
001_20200912_202824(6),3호기,20200912,1,2020-09-12,2020-09-12 20:28:24,576,444,f8b8432d2551ba01f2c5600ad9299dc9,False,False,미라벨,4.0,472,20,1,1,128,127.0,0.19055774524524524,True,True,정상
001_20200912_202829(2),3호기,20200912,1,2020-09-12,2020-09-12 20:28:29,576,444,cfc45558e2afc1fb261032fd5c4700f3,False,False,미라벨,5.0,472,20,1,1,128,127.0,0.19018628003003002,True,True,정상
001_20200912_202833(7),3호기,20200912,1,2020-09-12,2020-09-12 20:28:33,576,444,bfa5a0926e70a7e6275bf7f6222918f4,False,False,미라벨,4.0,472,20,1,1,128,127.0,0.19093703078078078,True,True,정상
001_20200914_083101(5),3호기,20200914,1,2020-09-14,2020-09-14 08:31:01,576,444,11bf6842b41fca3a7c2168a5f5ce2077,False,False,미라벨,129748.0,473,8,1,1,128,128.0,0.1917190628128128,True,True,정상
001_20200914_083105(1),3호기,20200914,1,2020-09-14,2020-09-14 08:31:05,576,444,2ea0834f6d24805ea595bfe23db1fa26,False,False,미라벨,4.0,473,8,1,1,128,128.0,0.19089792917917917,True,True,정상
001_20200914_083108(8),3호기,20200914,1,2020-09-14,2020-09-14 08:31:08,576,444,c24caa23a5f84ae2d2256545d8b7b0bb,False,False,미라벨,3.0,473,8,1,1,128,128.0,0.18984218593593594,True,True,정상
001_20200914_083111(5),3호기,20200914,1,2020-09-14,2020-09-14 08:31:11,576,444,ca0ba82995a50e8c9d1c791bb96cb1d8,False,False,미라벨,3.0,473,8,1,1,136,125.0,0.1837501564064064,True,True,정상
001_20200914_083114(5),3호기,20200914,1,2020-09-14,2020-09-14 08:31:14,576,444,57ff4abc856ce505fd344cf95030cb85,False,False,미라벨,3.0,473,8,1,1,128,125.0,0.18405905905905906,True,True,정상
001_20200914_083117(5),3호기,20200914,1,2020-09-14,2020-09-14 08:31:17,576,444,858e84c01562dece5ae0a9f05043d81c,False,False,미라벨,3.0,473,8,1,1,136,125.0,0.18360548048048048,True,True,정상
001_20200914_124151(5),3호기,20200914,1,2020-09-14,2020-09-14 12:41:51,576,444,1e8cb5e027833113df1f61124f926b89,False,False,미라벨,15034.0,474,12,1,1,136,122.0,0.18319491366366367,True,True,정상
001_20200914_124155(9),3호기,20200914,1,2020-09-14,2020-09-14 12:41:55,576,444,edd9aa6a22d69bd7aa4b74d0ccad5727,False,False,미라벨,4.0,474,12,1,1,136,122.0,0.18310889014014015,True,True,정상
001_20200914_124200(5),3호기,20200914,1,2020-09-14,2020-09-14 12:42:00,576,444,e1e756670bbdbdd70bc6c9593c56ac7c,False,False,미라벨,5.0,474,12,1,1,128,122.0,0.18358592967967968,True,True,정상
001_20200914_124205(0),3호기,20200914,1,2020-09-14,2020-09-14 12:42:05,576,444,538959c6ac97679f9f4e0b13eb81af08,False,False,미라벨,5.0,474,12,1,1,128,127.0,0.19091747997998,True,True,정상
001_20200914_124209(5),3호기,20200914,1,2020-09-14,2020-09-14 12:42:09,576,444,56904b156377d1306f576e01914c3c6b,False,False,미라벨,4.0,474,12,1,1,136,125.0,0.1900298736236236,True,True,정상
001_20200914_124214(0),3호기,20200914,1,2020-09-14,2020-09-14 12:42:14,576,444,ad3fee10afafcfac6f6962645c3844ff,False,False,미라벨,5.0,474,12,1,1,128,126.0,0.19034659659659658,True,True,정상
001_20200914_163305(1),3호기,20200914,1,2020-09-14,2020-09-14 16:33:05,576,444,ec5303c137fba9d1f22d2cac8625b5dd,False,False,미라벨,13851.0,475,16,1,1,128,126.0,0.19064767892892892,True,True,정상
001_20200914_163315(7),3호기,20200914,1,2020-09-14,2020-09-14 16:33:15,576,444,df1fc63d7d427d96e4ad8fddd19df02e,False,False,미라벨,10.0,475,16,1,1,128,124.0,0.1879613988988989,True,True,정상
001_20200914_163320(2),3호기,20200914,1,2020-09-14,2020-09-14 16:33:20,576,444,e5b16d7985ce3b7d12e1aa8911abea59,False,False,미라벨,5.0,475,16,1,1,128,125.0,0.18858311436436437,True,True,정상
001_20200914_163324(7),3호기,20200914,1,2020-09-14,2020-09-14 16:33:24,576,444,c9c018a442ec3edd72da736e84eab1e1,False,False,미라벨,4.0,475,16,1,1,128,122.0,0.18427020770770772,True,True,정상
001_20200914_163333(8),3호기,20200914,1,2020-09-14,2020-09-14 16:33:33,576,444,4aa2aab06d9d7d9ac9e2129c976ecfad,False,False,미라벨,9.0,475,16,1,1,136,121.0,0.18387528153153154,True,True,정상
001_20200914_163338(3),3호기,20200914,1,2020-09-14,2020-09-14 16:33:38,576,444,d21bebd44b02a6923c67cbb8133e74bc,False,False,미라벨,5.0,475,16,1,1,128,122.0,0.18366022272272273,True,True,정상
001_20200914_203322(0),3호기,20200914,1,2020-09-14,2020-09-14 20:33:22,576,444,29294e7ead101d5239a45cae9090f229,False,False,미라벨,14384.0,476,20,1,1,128,122.0,0.1835429179179179,True,True,정상
001_20200914_203326(4),3호기,20200914,1,2020-09-14,2020-09-14 20:33:26,576,444,69b3361345716ffa668c45ad9af22d0a,False,False,미라벨,4.0,476,20,1,1,128,123.0,0.18407078953953954,True,True,정상
001_20200914_203330(8),3호기,20200914,1,2020-09-14,2020-09-14 20:33:30,576,444,eb2fa3d84d08b64a011748d26060cbdc,False,False,미라벨,4.0,476,20,1,1,136,122.0,0.18337087087087087,True,True,정상
001_20200914_203335(4),3호기,20200914,1,2020-09-14,2020-09-14 20:33:35,576,444,7a87bc7d035a17e93e4a1cf3a48a2174,False,False,미라벨,5.0,476,20,1,1,128,123.0,0.1828586398898899,True,True,정상
001_20200914_203340(0),3호기,20200914,1,2020-09-14,2020-09-14 20:33:40,576,444,059b838d878a5d7d7563751378a1c158,False,False,미라벨,5.0,476,20,1,1,136,122.0,0.18280389764764765,True,True,정상
001_20200914_203344(4),3호기,20200914,1,2020-09-14,2020-09-14 20:33:44,576,444,230b28a7588ecee2f4bb43f102e29904,False,False,미라벨,4.0,476,20,1,1,192,122.0,0.18263576076076077,True,True,정상
001_20200915_003734(8),3호기,20200915,1,2020-09-15,2020-09-15 00:37:34,576,444,e2a02c54312e5dcb1fffe79cd081bca6,False,False,미라벨,14630.0,477,0,1,1,128,121.0,0.1831519019019019,True,True,정상
001_20200915_003737(5),3호기,20200915,1,2020-09-15,2020-09-15 00:37:37,576,444,f793eb2fe0df6190a7244e1b9515377b,False,False,미라벨,3.0,477,0,1,1,128,121.0,0.18365631256256257,True,True,정상
001_20200915_003740(4),3호기,20200915,1,2020-09-15,2020-09-15 00:37:40,576,444,618f85734850a2f8980ed813343663e1,False,False,미라벨,3.0,477,0,1,1,184,120.0,0.1816034784784785,True,True,정상
001_20200915_003743(5),3호기,20200915,1,2020-09-15,2020-09-15 00:37:43,576,444,600efd985383d7e0fb051a492d5ea9f8,False,False,미라벨,3.0,477,0,1,1,128,123.0,0.1858420920920921,True,True,정상
001_20200915_003746(5),3호기,20200915,1,2020-09-15,2020-09-15 00:37:46,576,444,2c3e14c387a956059d2f112895d6014f,False,False,미라벨,3.0,477,0,1,1,128,120.0,0.17988691816816818,True,True,정상
001_20200915_003749(6),3호기,20200915,1,2020-09-15,2020-09-15 00:37:49,576,444,9856e42c051fb9ebd1a37d8784bd9b0f,False,False,미라벨,3.0,477,0,1,1,136,118.0,0.1738652715215215,True,True,정상
001_20200915_043556(4),3호기,20200915,1,2020-09-15,2020-09-15 04:35:56,576,444,d63340a6f09fbd1c78dcfae4503ab209,False,False,미라벨,14287.0,478,4,1,1,128,123.0,0.18375406656656657,True,True,정상
001_20200915_043601(0),3호기,20200915,1,2020-09-15,2020-09-15 04:36:01,576,444,95057a74c80d41905ba635b1da409c21,False,False,미라벨,5.0,478,4,1,1,128,123.0,0.1839065628128128,True,True,정상
001_20200915_043605(3),3호기,20200915,1,2020-09-15,2020-09-15 04:36:05,576,444,e98e15be506ffa8f485c2e29d6767f2b,False,False,미라벨,4.0,478,4,1,1,136,122.0,0.18166604104104103,True,True,정상
001_20200915_043609(9),3호기,20200915,1,2020-09-15,2020-09-15 04:36:09,576,444,fc9b8d351f0a6cd9253d9dabd27c9c7a,False,False,미라벨,4.0,478,4,1,1,128,121.0,0.18145098223223224,True,True,정상
001_20200915_043614(4),3호기,20200915,1,2020-09-15,2020-09-15 04:36:14,576,444,a5012de35e1281b7c6540e231005a664,False,False,미라벨,5.0,478,4,1,1,128,120.0,0.1786161161161161,True,True,정상
001_20200915_043618(9),3호기,20200915,1,2020-09-15,2020-09-15 04:36:18,576,444,a39ae351763422b00e80cfde44aa05a6,False,False,미라벨,4.0,478,4,1,1,136,121.0,0.18039914914914915,True,True,정상
001_20200915_083241(0),3호기,20200915,1,2020-09-15,2020-09-15 08:32:41,576,444,e6bfef9c781f79803097931b95d8c21c,False,False,미라벨,14183.0,479,8,1,1,128,122.0,0.18347644519519518,True,True,정상
001_20200915_083245(4),3호기,20200915,1,2020-09-15,2020-09-15 08:32:45,576,444,e0ca7aa4e4c8f355275ab704063de444,False,False,미라벨,4.0,479,8,1,1,128,123.0,0.18389092217217218,True,True,정상
001_20200915_083250(0),3호기,20200915,1,2020-09-15,2020-09-15 08:32:50,576,444,1b4b641ce080d3da5f6a143cfd5b7f91,False,False,미라벨,5.0,479,8,1,1,128,122.0,0.18236986986986986,True,True,정상
001_20200915_083254(5),3호기,20200915,1,2020-09-15,2020-09-15 08:32:54,576,444,6560c6595c98b55c96af4cd3525b257e,False,False,미라벨,4.0,479,8,1,1,128,126.0,0.19117555055055055,True,True,정상
001_20200915_083259(0),3호기,20200915,1,2020-09-15,2020-09-15 08:32:59,576,444,42186483a42e370ba63d7a9eaedd87e4,False,False,미라벨,5.0,479,8,1,1,128,126.0,0.19142971096096095,True,True,정상
001_20200915_083303(4),3호기,20200915,1,2020-09-15,2020-09-15 08:33:03,576,444,35b9b5b0e22b2e2852eccdab5dd3ec7e,False,False,미라벨,4.0,479,8,1,1,136,126.0,0.18906406406406406,True,True,정상
001_20200915_123359(7),3호기,20200915,1,2020-09-15,2020-09-15 12:33:59,576,444,ae977aa639f6daabd9e53effdf5f385c,False,False,미라벨,14456.0,480,12,1,1,128,123.0,0.18511089214214213,True,True,정상
001_20200915_123404(4),3호기,20200915,1,2020-09-15,2020-09-15 12:34:04,576,444,3a72eb95a86d07574794161536f378b7,False,False,미라벨,5.0,480,12,1,1,136,122.0,0.18331612862862862,True,True,정상
001_20200915_123409(0),3호기,20200915,1,2020-09-15,2020-09-15 12:34:09,576,444,49aa1059f2ed56bf259b8c895ab99105,False,False,미라벨,5.0,480,12,1,1,128,122.0,0.1832379254254254,True,True,정상
001_20200915_123413(3),3호기,20200915,1,2020-09-15,2020-09-15 12:34:13,576,444,6e5a956d2ff55252fcb4d30612d54052,False,False,미라벨,4.0,480,12,1,1,136,127.0,0.19144926176176177,True,True,정상
001_20200915_123417(9),3호기,20200915,1,2020-09-15,2020-09-15 12:34:17,576,444,9cb683e24b3300700b0b503581747fb2,False,False,미라벨,4.0,480,12,1,1,128,126.0,0.19051864364364365,True,True,정상
001_20200915_123422(2),3호기,20200915,1,2020-09-15,2020-09-15 12:34:22,576,444,632e6ca02d136f903261e82f9f0e8dc2,False,False,미라벨,5.0,480,12,1,1,128,126.0,0.19053037412412413,True,True,정상
001_20200915_164139(8),3호기,20200915,1,2020-09-15,2020-09-15 16:41:39,576,444,98e665ae6c034b80226d1104b236de55,False,False,미라벨,14837.0,481,16,1,1,128,125.0,0.18483327077077077,True,True,정상
001_20200915_164147(9),3호기,20200915,1,2020-09-15,2020-09-15 16:41:47,576,444,721b0c4d1a0b5bf6d34b800cb7e40c43,False,False,미라벨,8.0,481,16,1,1,128,125.0,0.1849192942942943,True,True,정상
001_20200915_164151(3),3호기,20200915,1,2020-09-15,2020-09-15 16:41:51,576,444,9d1b4c31d4277327e96eca4d9f4342a8,False,False,미라벨,4.0,481,16,1,1,136,125.0,0.18583427177177178,True,True,정상
001_20200915_164155(7),3호기,20200915,1,2020-09-15,2020-09-15 16:41:55,576,444,293a00c79452fab49d1878dea007d704,False,False,미라벨,4.0,481,16,1,1,128,127.0,0.1928099974974975,True,True,정상
001_20200915_164159(6),3호기,20200915,1,2020-09-15,2020-09-15 16:41:59,576,444,bc0fef5383d05ad1cc958ce21eb92f0f,False,False,미라벨,4.0,481,16,1,1,128,127.0,0.19252846596596596,True,True,정상
001_20200915_164202(8),3호기,20200915,1,2020-09-15,2020-09-15 16:42:02,576,444,168b16e87f337244557519519f003ba7,False,False,미라벨,3.0,481,16,1,1,128,127.0,0.19102696446446446,True,True,정상
001_20200915_203430(3),3호기,20200915,1,2020-09-15,2020-09-15 20:34:30,576,444,dd8689eb398f02dd940242c4d7e1c534,False,False,미라벨,13948.0,482,20,1,1,128,126.0,0.18724974974974976,True,True,정상
001_20200915_203446(9),3호기,20200915,1,2020-09-15,2020-09-15 20:34:46,576,444,4c1470df86d3d30216997a8bc6332906,False,False,미라벨,16.0,482,20,1,1,128,124.0,0.1826122997997998,True,True,정상
001_20200915_203451(3),3호기,20200915,1,2020-09-15,2020-09-15 20:34:51,576,444,cf95260a031ecd9ab1f5aec0e35955ce,False,False,미라벨,5.0,482,20,1,1,128,122.0,0.17987518768768768,True,True,정상
001_20200915_203455(9),3호기,20200915,1,2020-09-15,2020-09-15 20:34:55,576,444,cfb2082b1e6b879ed888d599fce261d2,False,False,미라벨,4.0,482,20,1,1,128,122.0,0.1795389139139139,True,True,정상
001_20200915_203500(5),3호기,20200915,1,2020-09-15,2020-09-15 20:35:00,576,444,7a671bc6812522941da3eb2b467a769b,False,False,미라벨,5.0,482,20,1,1,128,122.0,0.17952718343343343,True,True,정상
001_20200915_203504(9),3호기,20200915,1,2020-09-15,2020-09-15 20:35:04,576,444,03b3b54da2986f86d569b66248f946ed,False,False,미라벨,4.0,482,20,1,1,128,121.0,0.17803741241241242,True,True,정상
001_20200916_003358(0),3호기,20200916,1,2020-09-16,2020-09-16 00:33:58,576,444,917fdfa62897264a6ea98fbc7e65a213,False,False,미라벨,14334.0,483,0,1,1,128,129.0,0.1919654029029029,True,True,정상
001_20200916_003402(5),3호기,20200916,1,2020-09-16,2020-09-16 00:34:02,576,444,ec45ce6c07ca6bd6af33c1070e4247b2,False,False,미라벨,4.0,483,0,1,1,128,129.0,0.1923877002002002,True,True,정상
001_20200916_003407(1),3호기,20200916,1,2020-09-16,2020-09-16 00:34:07,576,444,97938c3ff8338e967c1d9264b488768b,False,False,미라벨,5.0,483,0,1,1,128,128.0,0.1895606544044044,True,True,정상
001_20200916_003411(6),3호기,20200916,1,2020-09-16,2020-09-16 00:34:11,576,444,bc260e98e293875d2e8a4c4e236a1599,False,False,미라벨,4.0,483,0,1,1,128,127.0,0.18715590590590592,True,True,정상
001_20200916_003416(1),3호기,20200916,1,2020-09-16,2020-09-16 00:34:16,576,444,af67cbe8a4f243b78cb14c3f3234e64c,False,False,미라벨,5.0,483,0,1,1,128,128.0,0.19097613238238237,True,True,정상
001_20200916_003420(6),3호기,20200916,1,2020-09-16,2020-09-16 00:34:20,576,444,884b7fb5762fdbde0f265454f3f97474,False,False,미라벨,4.0,483,0,1,1,128,128.0,0.18845798923923923,True,True,정상
001_20200916_043423(1),3호기,20200916,1,2020-09-16,2020-09-16 04:34:23,576,444,82cbb4a5063844f363648edbaeecc5e2,False,False,미라벨,14403.0,484,4,1,1,136,129.0,0.1914649024024024,True,True,정상
001_20200916_043427(7),3호기,20200916,1,2020-09-16,2020-09-16 04:34:27,576,444,16bd147efcf2b539d13f5db94f5e51bf,False,False,미라벨,4.0,484,4,1,1,128,130.0,0.19218046171171171,True,True,정상
001_20200916_043432(0),3호기,20200916,1,2020-09-16,2020-09-16 04:34:32,576,444,91b5c2b35147ed33b944859335369c5e,False,False,미라벨,5.0,484,4,1,1,128,129.0,0.19254801676676678,True,True,정상
001_20200916_043436(2),3호기,20200916,1,2020-09-16,2020-09-16 04:34:36,576,444,c4d86336d79da0681221997386429889,False,False,미라벨,4.0,484,4,1,1,128,129.0,0.1931423611111111,True,True,정상
001_20200916_043440(6),3호기,20200916,1,2020-09-16,2020-09-16 04:34:40,576,444,411fc55d4d55cc5846a7c1dc34600771,False,False,미라벨,4.0,484,4,1,1,128,129.0,0.19370542417417416,True,True,정상
001_20200916_043445(1),3호기,20200916,1,2020-09-16,2020-09-16 04:34:45,576,444,87a0fb88a895d6f12f2c02c187144db3,False,False,미라벨,5.0,484,4,1,1,128,129.0,0.1922508445945946,True,True,정상
001_20200916_083309(1),3호기,20200916,1,2020-09-16,2020-09-16 08:33:09,576,444,ad89f45df9b6052eae21eace6cb76c35,False,False,미라벨,14304.0,485,8,1,1,128,127.0,0.1882663913913914,True,True,정상
001_20200916_083313(6),3호기,20200916,1,2020-09-16,2020-09-16 08:33:13,576,444,d8259225543e9ef0d372a54f70c3a329,False,False,미라벨,4.0,485,8,1,1,128,127.0,0.1875,True,True,정상
001_20200916_083318(0),3호기,20200916,1,2020-09-16,2020-09-16 08:33:18,576,444,6147d58ba180dc44a49d46edbffd35f2,False,False,미라벨,5.0,485,8,1,1,128,127.0,0.1878636448948949,True,True,정상
001_20200916_083322(4),3호기,20200916,1,2020-09-16,2020-09-16 08:33:22,576,444,1f3a6af882b95d958ee784d307a9aa4d,False,False,미라벨,4.0,485,8,1,1,128,126.0,0.1834568943943944,True,True,정상
001_20200916_083327(0),3호기,20200916,1,2020-09-16,2020-09-16 08:33:27,576,444,de3cb08e57015d5dc0ba776d45de0c2d,False,False,미라벨,5.0,485,8,1,1,128,126.0,0.18361721096096095,True,True,정상
001_20200916_083331(6),3호기,20200916,1,2020-09-16,2020-09-16 08:33:31,576,444,3d9f58f84a928141a7839595ee392f24,False,False,미라벨,4.0,485,8,1,1,128,126.0,0.18412162162162163,True,True,정상
001_20200916_122859(1),3호기,20200916,1,2020-09-16,2020-09-16 12:28:59,576,444,3f558f4e1ec351c8fe497496dcd7e973,False,False,미라벨,14128.0,486,12,1,1,128,125.0,0.18283908908908908,True,True,정상
001_20200916_122903(5),3호기,20200916,1,2020-09-16,2020-09-16 12:29:03,576,444,8c219aae83fdb189a634ebe8ab9d11c4,False,False,미라벨,4.0,486,12,1,1,128,125.0,0.18342952327327328,True,True,정상
001_20200916_122908(1),3호기,20200916,1,2020-09-16,2020-09-16 12:29:08,576,444,9f4c98f7713f5d7cb9030dab91709c09,False,False,미라벨,5.0,486,12,1,1,128,125.0,0.18302677677677678,True,True,정상
001_20200916_122912(6),3호기,20200916,1,2020-09-16,2020-09-16 12:29:12,576,444,888012700b7f03c52a1814f52fd62bc6,False,False,미라벨,4.0,486,12,1,1,128,128.0,0.19126157407407407,True,True,정상
001_20200916_122917(1),3호기,20200916,1,2020-09-16,2020-09-16 12:29:17,576,444,f2cfa83fad51d6d48576b34f1d230a89,False,False,미라벨,5.0,486,12,1,1,128,127.0,0.19081972597597596,True,True,정상
001_20200916_122921(6),3호기,20200916,1,2020-09-16,2020-09-16 12:29:21,576,444,e9bbf3b285bbc79102cc5d44f0c88feb,False,False,미라벨,4.0,486,12,1,1,128,127.0,0.19059684684684686,True,True,정상
001_20200917_003431(4),3호기,20200917,1,2020-09-17,2020-09-17 00:34:31,576,444,c3a8c5c229ceee10307e3e166b9dc6f7,False,False,미라벨,43510.0,487,0,1,1,128,128.0,0.1894824512012012,True,True,정상
001_20200917_003434(7),3호기,20200917,1,2020-09-17,2020-09-17 00:34:34,576,444,8581dbf3cf929eda5e6026a446dc724c,False,False,미라벨,3.0,487,0,1,1,128,128.0,0.18899368118118118,True,True,정상
001_20200917_003438(0),3호기,20200917,1,2020-09-17,2020-09-17 00:34:38,576,444,f9cf8a6969d358dc8a600f46a583b783,False,False,미라벨,4.0,487,0,1,1,208,128.0,0.18894675925925927,True,True,정상
001_20200917_003441(4),3호기,20200917,1,2020-09-17,2020-09-17 00:34:41,576,444,dbc2231304160e0fa02ed4ea24fab4eb,False,False,미라벨,3.0,487,0,1,1,128,128.0,0.189306493993994,True,True,정상
001_20200917_003444(9),3호기,20200917,1,2020-09-17,2020-09-17 00:34:44,576,444,d51e66d1b07424d2a29559d4fea3dae3,False,False,미라벨,3.0,487,0,1,1,136,128.0,0.189306493993994,True,True,정상
001_20200917_003448(2),3호기,20200917,1,2020-09-17,2020-09-17 00:34:48,576,444,84644f5d5f90b3271c44f5a0801ead4d,False,False,미라벨,4.0,487,0,1,1,128,129.0,0.1897287912912913,True,True,정상
001_20200917_084022(3),3호기,20200917,1,2020-09-17,2020-09-17 08:40:22,576,444,6237ef061a3037a31c4909e3530a6863,False,False,미라벨,29134.0,488,8,1,1,128,126.0,0.18096612237237236,True,True,정상
001_20200917_084025(3),3호기,20200917,1,2020-09-17,2020-09-17 08:40:25,576,444,b5544d0f239cc36874da28be62dbfd0a,False,False,미라벨,3.0,488,8,1,1,128,127.0,0.18191238113113112,True,True,정상
001_20200917_084031(1),3호기,20200917,1,2020-09-17,2020-09-17 08:40:31,576,444,cc8d527ab5170ad3f08bb1790dd896e0,False,False,미라벨,6.0,488,8,1,1,128,130.0,0.18921265015015015,True,True,정상
001_20200917_084034(2),3호기,20200917,1,2020-09-17,2020-09-17 08:40:34,576,444,968c54ad2d7f6e98573b7e73c68ece77,False,False,미라벨,3.0,488,8,1,1,136,130.0,0.18925957207207209,True,True,정상
001_20200917_084037(3),3호기,20200917,1,2020-09-17,2020-09-17 08:40:37,576,444,5cbcbb5dd89a76651beb943b1e677216,False,False,미라벨,3.0,488,8,1,1,128,130.0,0.18879817317317318,True,True,정상
001_20200917_084040(4),3호기,20200917,1,2020-09-17,2020-09-17 08:40:40,576,444,f148c401bab1d6e4703ec6fa7b604753,False,False,미라벨,3.0,488,8,1,1,136,130.0,0.188696509009009,True,True,정상
001_20200917_123309(3),3호기,20200917,1,2020-09-17,2020-09-17 12:33:09,576,444,f902e3fcd9091f16c2c4c1ae6ed8a8b9,False,False,미라벨,13949.0,489,12,1,1,128,128.0,0.189795264014014,True,True,정상
001_20200917_123313(1),3호기,20200917,1,2020-09-17,2020-09-17 12:33:13,576,444,998044d61f47ac0030be85c3645c3006,False,False,미라벨,4.0,489,12,1,1,128,128.0,0.18787928553553554,True,True,정상
001_20200917_123316(8),3호기,20200917,1,2020-09-17,2020-09-17 12:33:16,576,444,00e4803ea238d26e9318a3fa855a86de,False,False,미라벨,3.0,489,12,1,1,128,126.0,0.18273742492492492,True,True,정상
001_20200917_123325(3),3호기,20200917,1,2020-09-17,2020-09-17 12:33:25,576,444,3702af50c6234fb438fa576bfe71cd33,False,False,미라벨,9.0,489,12,1,1,128,126.0,0.18269832332332334,True,True,정상
001_20200917_123329(1),3호기,20200917,1,2020-09-17,2020-09-17 12:33:29,576,444,5ae59024a10478730bc5e517d98155c2,False,False,미라벨,4.0,489,12,1,1,136,126.0,0.1818771896896897,True,True,정상
001_20200917_123340(7),3호기,20200917,1,2020-09-17,2020-09-17 12:33:40,576,444,226b4f56be9280503a073488eb52e2de,False,False,미라벨,11.0,489,12,1,1,128,126.0,0.18156046671671672,True,True,정상
001_20200917_163039(1),3호기,20200917,1,2020-09-17,2020-09-17 16:30:39,576,444,4d0dbe92b8e902b672138ca6379399a2,False,False,미라벨,14219.0,490,16,1,1,128,126.0,0.1815330955955956,True,True,정상
001_20200917_163043(0),3호기,20200917,1,2020-09-17,2020-09-17 16:30:43,576,444,9d389e0ce7691918301615e9b5ca537d,False,False,미라벨,4.0,490,16,1,1,128,126.0,0.1812672047047047,True,True,정상
001_20200917_163046(8),3호기,20200917,1,2020-09-17,2020-09-17 16:30:46,576,444,73296d04777342bdf63c1b6c426ae72d,False,False,미라벨,3.0,490,16,1,1,136,125.0,0.17949199199199198,True,True,정상
001_20200917_163049(9),3호기,20200917,1,2020-09-17,2020-09-17 16:30:49,576,444,90e8886abb8b1661064f8834d84835bc,False,False,미라벨,3.0,490,16,1,1,128,128.0,0.18853619244244244,True,True,정상
001_20200917_163052(9),3호기,20200917,1,2020-09-17,2020-09-17 16:30:52,576,444,c88a853ed6da31542692a57c64e11d22,False,False,미라벨,3.0,490,16,1,1,128,129.0,0.18863785660660662,True,True,정상
001_20200917_163109(2),3호기,20200917,1,2020-09-17,2020-09-17 16:31:09,576,444,9eeff0bf709454e789da32742b5aa8a5,False,False,미라벨,17.0,490,16,1,1,128,127.0,0.18706206206206205,True,True,정상
001_20200917_203305(3),3호기,20200917,1,2020-09-17,2020-09-17 20:33:05,576,444,a5e735fd6fb7a068a7989eeb47c94b3e,False,False,미라벨,14516.0,491,20,1,1,128,127.0,0.18304632757757758,True,True,정상
001_20200917_203308(8),3호기,20200917,1,2020-09-17,2020-09-17 20:33:08,576,444,060fbaf5f3b7fffbec3505957fcd13ad,False,False,미라벨,3.0,491,20,1,1,136,127.0,0.18365631256256257,True,True,정상
001_20200917_203312(3),3호기,20200917,1,2020-09-17,2020-09-17 20:33:12,576,444,d4ace19aeaedc058137c24fd6736e549,False,False,미라벨,4.0,491,20,1,1,128,127.0,0.18299158533533533,True,True,정상
001_20200917_203315(7),3호기,20200917,1,2020-09-17,2020-09-17 20:33:15,576,444,53a44a81e36f375e56f166d0869d466a,False,False,미라벨,3.0,491,20,1,1,136,126.0,0.18318709334334335,True,True,정상
001_20200917_203322(3),3호기,20200917,1,2020-09-17,2020-09-17 20:33:22,576,444,d6c8d3f1298d5a0c912bfd2d4864054d,False,False,미라벨,7.0,491,20,1,1,128,126.0,0.1820922484984985,True,True,정상
001_20200917_203325(7),3호기,20200917,1,2020-09-17,2020-09-17 20:33:25,576,444,bb98f12ba4ef5da34022a479b2100fc0,False,False,미라벨,3.0,491,20,1,1,128,126.0,0.18210788913913914,True,True,정상
001_20200918_004019(6),3호기,20200918,1,2020-09-18,2020-09-18 00:40:19,576,444,fec388d96a7bb5cb460d84047ded1496,False,False,미라벨,14814.0,492,0,1,1,144,127.0,0.18704642142142142,True,True,정상
001_20200918_004022(5),3호기,20200918,1,2020-09-18,2020-09-18 00:40:22,576,444,a7d7ead6155267071ef3b7adcd2d116d,False,False,미라벨,3.0,492,0,1,1,128,126.0,0.18504441941941943,True,True,정상
001_20200918_004025(8),3호기,20200918,1,2020-09-18,2020-09-18 00:40:25,576,444,7e393018bfd121073221ffcb341d544c,False,False,미라벨,3.0,492,0,1,1,128,127.0,0.1890601539039039,True,True,정상
001_20200918_004029(0),3호기,20200918,1,2020-09-18,2020-09-18 00:40:29,576,444,674c6b8532ea4199aa3f6fbb9d02836e,False,False,미라벨,4.0,492,0,1,1,128,126.0,0.1852516579079079,True,True,정상
001_20200918_004032(2),3호기,20200918,1,2020-09-18,2020-09-18 00:40:32,576,444,3ac88e60cff9b52d64962c30dd189f9b,False,False,미라벨,3.0,492,0,1,1,128,127.0,0.18697603853853853,True,True,정상
001_20200918_004036(3),3호기,20200918,1,2020-09-18,2020-09-18 00:40:36,576,444,0ff89c757a81518d6cbb9ced15f76454,False,False,미라벨,4.0,492,0,1,1,128,127.0,0.18545107607607608,True,True,정상
001_20200918_043556(8),3호기,20200918,1,2020-09-18,2020-09-18 04:35:56,576,444,4f4a419b2d0658c5103fe3035e8f1429,False,False,미라벨,14120.0,493,4,1,1,128,130.0,0.19359984984984985,True,True,정상
001_20200918_043559(9),3호기,20200918,1,2020-09-18,2020-09-18 04:35:59,576,444,4e38c7042d77393ff90a5fb7009b326d,False,False,미라벨,3.0,493,4,1,1,136,129.0,0.19083145645645647,True,True,정상
001_20200918_043602(9),3호기,20200918,1,2020-09-18,2020-09-18 04:36:02,576,444,61985230de4fe5ee2a210e832bc54211,False,False,미라벨,3.0,493,4,1,1,136,129.0,0.19064376876876876,True,True,정상
001_20200918_043606(0),3호기,20200918,1,2020-09-18,2020-09-18 04:36:06,576,444,5673573d4c9ebd2c1d19479ec88bbbae,False,False,미라벨,4.0,493,4,1,1,128,130.0,0.19031140515515516,True,True,정상
001_20200918_043609(2),3호기,20200918,1,2020-09-18,2020-09-18 04:36:09,576,444,0e3a155cbaae28f68b45887b2b94c402,False,False,미라벨,3.0,493,4,1,1,128,128.0,0.18877862237237236,True,True,정상
001_20200918_043612(4),3호기,20200918,1,2020-09-18,2020-09-18 04:36:12,576,444,d6b8d6d4925111e11dab9b265414ed1e,False,False,미라벨,3.0,493,4,1,1,128,129.0,0.19045999124124124,True,True,정상
001_20200918_083036(8),3호기,20200918,1,2020-09-18,2020-09-18 08:30:36,576,444,63ad55143e9d609f7472b79698692132,False,False,미라벨,14064.0,494,8,1,1,128,128.0,0.18915008758758758,True,True,정상
001_20200918_083039(9),3호기,20200918,1,2020-09-18,2020-09-18 08:30:39,576,444,6bb547ce240341fb5ca4a40891622148,False,False,미라벨,3.0,494,8,1,1,128,128.0,0.18809825450450451,True,True,정상
001_20200918_083042(8),3호기,20200918,1,2020-09-18,2020-09-18 08:30:42,576,444,29dec0a83340c834837586dfe4d4bcdf,False,False,미라벨,3.0,494,8,1,1,144,129.0,0.19085491741741742,True,True,정상
001_20200918_083045(5),3호기,20200918,1,2020-09-18,2020-09-18 08:30:45,576,444,2e0af617ff7ca35cac139bfcd0ac6c17,False,False,미라벨,3.0,494,8,1,1,128,125.0,0.17867867867867868,True,True,정상
001_20200918_083048(5),3호기,20200918,1,2020-09-18,2020-09-18 08:30:48,576,444,74bf3c0c33247000ebd584f0970f4982,False,False,미라벨,3.0,494,8,1,1,128,127.0,0.18229948698698697,True,True,정상
001_20200918_083051(4),3호기,20200918,1,2020-09-18,2020-09-18 08:30:51,576,444,5162a45f1fca73cf07f25bded5804bf0,False,False,미라벨,3.0,494,8,1,1,136,126.0,0.18172078328328328,True,True,정상
001_20200918_123033(2),3호기,20200918,1,2020-09-18,2020-09-18 12:30:33,576,444,c5e52be5f2db9b2436a55b176b292f7a,False,False,미라벨,14382.0,495,12,1,1,136,125.0,0.17941769894894896,True,True,정상
001_20200918_123038(9),3호기,20200918,1,2020-09-18,2020-09-18 12:30:38,576,444,aed4567282e7af48f6c8a863fb948b87,False,False,미라벨,5.0,495,12,1,1,128,125.0,0.17996903153153154,True,True,정상
001_20200918_123042(8),3호기,20200918,1,2020-09-18,2020-09-18 12:30:42,576,444,fb846008e69832ebc38511cb3abf2d89,False,False,미라벨,4.0,495,12,1,1,128,125.0,0.18019582082082083,True,True,정상
001_20200918_123046(4),3호기,20200918,1,2020-09-18,2020-09-18 12:30:46,576,444,da769faf2d1eb2b744a0a4c222d9e3e3,False,False,미라벨,4.0,495,12,1,1,128,130.0,0.19026448323323322,True,True,정상
001_20200918_123050(1),3호기,20200918,1,2020-09-18,2020-09-18 12:30:50,576,444,1160dae02e021aacc00087acf8d559f3,False,False,미라벨,4.0,495,12,1,1,128,129.0,0.19133195695695696,True,True,정상
001_20200918_123054(1),3호기,20200918,1,2020-09-18,2020-09-18 12:30:54,576,444,3c2df75ba7c59a3a56cbc3ed05a76218,False,False,미라벨,4.0,495,12,1,1,128,129.0,0.18971315065065064,True,True,정상
001_20200918_163052(9),3호기,20200918,1,2020-09-18,2020-09-18 16:30:52,576,444,04b75549c9d241c5fce0bc92690ccfc7,False,False,미라벨,14398.0,496,16,1,1,128,127.0,0.1862526589089089,True,True,정상
001_20200918_163056(2),3호기,20200918,1,2020-09-18,2020-09-18 16:30:56,576,444,687a601e40ca5805c28c52becfd562c4,False,False,미라벨,4.0,496,16,1,1,128,128.0,0.19019801051051052,True,True,정상
001_20200918_163059(3),3호기,20200918,1,2020-09-18,2020-09-18 16:30:59,576,444,907780faff8f38e937f6d5862a9a826c,False,False,미라벨,3.0,496,16,1,1,128,130.0,0.190698511011011,True,True,정상
001_20200918_163104(4),3호기,20200918,1,2020-09-18,2020-09-18 16:31:04,576,444,e58ad5eda629d6d20582c5cad99bff94,False,False,미라벨,5.0,496,16,1,1,128,126.0,0.1830345970970971,True,True,정상
001_20200918_163107(6),3호기,20200918,1,2020-09-18,2020-09-18 16:31:07,576,444,0d52a1022bea4d94f1ecf330ee3e85a6,False,False,미라벨,3.0,496,16,1,1,128,127.0,0.18325747622622623,True,True,정상
001_20200918_163110(8),3호기,20200918,1,2020-09-18,2020-09-18 16:31:10,576,444,866fb9d096ebe36dcd0b1caf15a19a92,False,False,미라벨,3.0,496,16,1,1,136,126.0,0.18147835335335336,True,True,정상
001_20200921_112114(8),3호기,20200921,1,2020-09-21,2020-09-21 11:21:14,576,444,471ace9aeff37ee630d2ea4179fc77ae,False,False,미라벨,240604.0,497,11,1,1,128,119.0,0.17623482857857858,True,True,정상
001_20200921_112118(0),3호기,20200921,1,2020-09-21,2020-09-21 11:21:18,576,444,8d54e09f5842dce079b79d37bb52dd96,False,False,미라벨,4.0,497,11,1,1,136,118.0,0.17490537412412413,True,True,정상
001_20200921_112121(3),3호기,20200921,1,2020-09-21,2020-09-21 11:21:21,576,444,154200260ae10eb7a6612a4d5746c138,False,False,미라벨,3.0,497,11,1,1,128,118.0,0.17436186186186187,True,True,정상
001_20200921_112127(9),3호기,20200921,1,2020-09-21,2020-09-21 11:21:27,576,444,229eea1fb07d5f5abcd8ba0467dd9baa,False,False,미라벨,6.0,497,11,1,1,128,116.0,0.17276260635635635,True,True,정상
001_20200921_112145(1),3호기,20200921,1,2020-09-21,2020-09-21 11:21:45,576,444,db0a48b6e33451ccafdbf079bb1e91d3,False,False,미라벨,18.0,497,11,1,1,136,120.0,0.17924174174174173,True,True,정상
001_20200921_112148(7),3호기,20200921,1,2020-09-21,2020-09-21 11:21:48,576,444,63b7e435b674600dc99d4e22a97699f3,False,False,미라벨,3.0,497,11,1,1,128,119.0,0.17706769269269268,True,True,정상
001_20200921_123501(8),3호기,20200921,1,2020-09-21,2020-09-21 12:35:01,576,444,aafa852e43893889779f472e0d0852e0,False,False,미라벨,4393.0,498,12,1,1,128,122.0,0.18405905905905906,True,True,정상
001_20200921_123506(3),3호기,20200921,1,2020-09-21,2020-09-21 12:35:06,576,444,ef3400e4a7377fba223840d61b896888,False,False,미라벨,5.0,498,12,1,1,136,122.0,0.18407078953953954,True,True,정상
001_20200921_123510(8),3호기,20200921,1,2020-09-21,2020-09-21 12:35:10,576,444,c7ac718484e41da7a761269b2b95c734,False,False,미라벨,4.0,498,12,1,1,128,121.0,0.18294075325325326,True,True,정상
001_20200921_123515(3),3호기,20200921,1,2020-09-21,2020-09-21 12:35:15,576,444,737a832f0655dc2e1814e706aa898caa,False,False,미라벨,5.0,498,12,1,1,128,120.0,0.18018409034034033,True,True,정상
001_20200921_123524(3),3호기,20200921,1,2020-09-21,2020-09-21 12:35:24,576,444,fe42a8738a820fa6820013f3c1894ed3,False,False,미라벨,9.0,498,12,1,1,128,121.0,0.18252627627627627,True,True,정상
001_20200921_123528(7),3호기,20200921,1,2020-09-21,2020-09-21 12:35:28,576,444,be931d00f6b2eb3a353bb30f4a3b2d7e,False,False,미라벨,4.0,498,12,1,1,128,120.0,0.18056728603603603,True,True,정상
001_20200921_163325(1),3호기,20200921,1,2020-09-21,2020-09-21 16:33:25,576,444,f1df11e315f7a0dc6228ef728b31fb70,False,False,미라벨,14277.0,499,16,1,1,136,121.0,0.18346862487487486,True,True,정상
001_20200921_163329(4),3호기,20200921,1,2020-09-21,2020-09-21 16:33:29,576,444,6afef904ed70d1e379ffd1cc8eebfeee,False,False,미라벨,4.0,499,16,1,1,128,122.0,0.18490365365365366,True,True,정상
001_20200921_163333(8),3호기,20200921,1,2020-09-21,2020-09-21 16:33:33,576,444,597b6509304c83a66f4222ebcb994ab6,False,False,미라벨,4.0,499,16,1,1,128,123.0,0.18523601726726727,True,True,정상
001_20200921_163338(1),3호기,20200921,1,2020-09-21,2020-09-21 16:33:38,576,444,a0d0e534569d83b3143928a7f51b4503,False,False,미라벨,5.0,499,16,1,1,128,122.0,0.183691504004004,True,True,정상
001_20200921_163342(6),3호기,20200921,1,2020-09-21,2020-09-21 16:33:42,576,444,30d14ff3593b63c88df24c217f23da7a,False,False,미라벨,4.0,499,16,1,1,136,122.0,0.18458302052052053,True,True,정상
001_20200921_163346(9),3호기,20200921,1,2020-09-21,2020-09-21 16:33:46,576,444,129c5391bb9aa954704034283a841e34,False,False,미라벨,4.0,499,16,1,1,128,123.0,0.18450090715715717,True,True,정상
001_20200921_202521(5),3호기,20200921,1,2020-09-21,2020-09-21 20:25:21,576,444,d323f2bf7b3a37cc3c909ac06ccd5242,False,False,미라벨,13895.0,500,20,1,1,136,120.0,0.18023492242242242,True,True,정상
001_20200921_202526(0),3호기,20200921,1,2020-09-21,2020-09-21 20:25:26,576,444,5adde14fa6d792a2d1f269945235326d,False,False,미라벨,5.0,500,20,1,1,136,122.0,0.18375406656656657,True,True,정상
001_20200921_202530(4),3호기,20200921,1,2020-09-21,2020-09-21 20:25:30,576,444,4b5d3f9807621d4d6572041d35b1d3c6,False,False,미라벨,4.0,500,20,1,1,128,122.0,0.18418809434434436,True,True,정상
001_20200921_202534(9),3호기,20200921,1,2020-09-21,2020-09-21 20:25:34,576,444,2a3677dd50a096e6838aad0c206fe212,False,False,미라벨,4.0,500,20,1,1,128,125.0,0.19113644894894896,True,True,정상
001_20200921_202539(4),3호기,20200921,1,2020-09-21,2020-09-21 20:25:39,576,444,0beea8692c139dd3d5a7bf5e7a9547bd,False,False,미라벨,5.0,500,20,1,1,128,125.0,0.19136323823823823,True,True,정상
001_20200921_202547(2),3호기,20200921,1,2020-09-21,2020-09-21 20:25:47,576,444,57ad0e401ab573fe312a5d98f7f1ba5f,False,False,미라벨,8.0,500,20,1,1,128,124.0,0.19004551426426428,True,True,정상
001_20200922_003308(2),3호기,20200922,1,2020-09-22,2020-09-22 00:33:08,576,444,cde5d0e4322048d78752b0c6314075cb,False,False,미라벨,14841.0,501,0,1,1,128,122.0,0.18393393393393392,True,True,정상
001_20200922_003312(7),3호기,20200922,1,2020-09-22,2020-09-22 00:33:12,576,444,f5bae340606da01c3c3af1533daac64a,False,False,미라벨,4.0,501,0,1,1,136,121.0,0.18342170295295296,True,True,정상
001_20200922_003317(2),3호기,20200922,1,2020-09-22,2020-09-22 00:33:17,576,444,d518cd9443f263415ac2d7962f2ce45f,False,False,미라벨,5.0,501,0,1,1,128,121.0,0.18303850725725726,True,True,정상
001_20200922_003321(7),3호기,20200922,1,2020-09-22,2020-09-22 00:33:21,576,444,d4390d0c4ab44853da785d0f6f7fb115,False,False,미라벨,4.0,501,0,1,1,136,125.0,0.19012371746746748,True,True,정상
001_20200922_003326(6),3호기,20200922,1,2020-09-22,2020-09-22 00:33:26,576,444,639cd371345b51b3316eb93b144f2836,False,False,미라벨,5.0,501,0,1,1,128,125.0,0.18996340090090091,True,True,정상
001_20200922_003330(7),3호기,20200922,1,2020-09-22,2020-09-22 00:33:30,576,444,d7aa504ce977ed9eafb44603c609e6d8,False,False,미라벨,4.0,501,0,1,1,128,125.0,0.18960366616616617,True,True,정상
001_20200922_043310(0),3호기,20200922,1,2020-09-22,2020-09-22 04:33:10,576,444,a194905b8ed0f8af0c3d6b32348b30f9,False,False,미라벨,14380.0,502,4,1,1,136,126.0,0.19144535160160162,True,True,정상
001_20200922_043314(4),3호기,20200922,1,2020-09-22,2020-09-22 04:33:14,576,444,00748e9b8ac55dff4347b67713c616e7,False,False,미라벨,4.0,502,4,1,1,128,125.0,0.18990083833833835,True,True,정상
001_20200922_043318(9),3호기,20200922,1,2020-09-22,2020-09-22 04:33:18,576,444,87a9b35ac126b40114ce939b3f4428ef,False,False,미라벨,4.0,502,4,1,1,128,124.0,0.18847362987987987,True,True,정상
001_20200922_043323(4),3호기,20200922,1,2020-09-22,2020-09-22 04:33:23,576,444,0737d89dbb3b7574b8303aabd98997b8,False,False,미라벨,5.0,502,4,1,1,136,121.0,0.18299158533533533,True,True,정상
001_20200922_043327(8),3호기,20200922,1,2020-09-22,2020-09-22 04:33:27,576,444,a10e593010ff6ca56ab1f3ffb3ad4afe,False,False,미라벨,4.0,502,4,1,1,128,121.0,0.18315581206206205,True,True,정상
001_20200922_043332(5),3호기,20200922,1,2020-09-22,2020-09-22 04:33:32,576,444,bf0c76766a073d7ca6b2e86a3dcf77eb,False,False,미라벨,5.0,502,4,1,1,136,120.0,0.18113425925925927,True,True,정상
001_20200922_084020(7),3호기,20200922,1,2020-09-22,2020-09-22 08:40:20,576,444,27be7b0e178eb32f6bd41dfb55c6bb65,False,False,미라벨,14808.0,503,8,1,1,128,121.0,0.18243243243243243,True,True,정상
001_20200922_084025(1),3호기,20200922,1,2020-09-22,2020-09-22 08:40:25,576,444,9629707c043f59f6ccdc1ce982b745c3,False,False,미라벨,5.0,503,8,1,1,136,122.0,0.18403950825825827,True,True,정상
001_20200922_084029(7),3호기,20200922,1,2020-09-22,2020-09-22 08:40:29,576,444,1c989a2e063e018bf952dd44e103410b,False,False,미라벨,4.0,503,8,1,1,128,123.0,0.1845165477977978,True,True,정상
001_20200922_084034(2),3호기,20200922,1,2020-09-22,2020-09-22 08:40:34,576,444,7ed0ef6a198587b8cc0c0eb857558f26,False,False,미라벨,5.0,503,8,1,1,128,122.0,0.1848215402902903,True,True,정상
001_20200922_084038(7),3호기,20200922,1,2020-09-22,2020-09-22 08:40:38,576,444,96655590d409c63df7b9daa86c6e90e5,False,False,미라벨,4.0,503,8,1,1,128,123.0,0.1842311061061061,True,True,정상
001_20200922_084043(2),3호기,20200922,1,2020-09-22,2020-09-22 08:40:43,576,444,a686cfddd88a07aea87bf7dea5074718,False,False,미라벨,5.0,503,8,1,1,144,122.0,0.18447353603603603,True,True,정상
001_20200922_122947(8),3호기,20200922,1,2020-09-22,2020-09-22 12:29:47,576,444,cfe49529393b52fd33bf7bf43468ec89,False,False,미라벨,13744.0,504,12,1,1,128,127.0,0.19222738363363365,True,True,정상
001_20200922_122952(4),3호기,20200922,1,2020-09-22,2020-09-22 12:29:52,576,444,f5fb4729d6042fda2aea6ed5a469d63e,False,False,미라벨,5.0,504,12,1,1,128,127.0,0.19197322322322322,True,True,정상
001_20200922_123001(2),3호기,20200922,1,2020-09-22,2020-09-22 12:30:01,576,444,4743eed508b6bfc511c64d6fa5e30338,False,False,미라벨,9.0,504,12,1,1,128,127.0,0.19157047672672672,True,True,정상
001_20200922_123005(5),3호기,20200922,1,2020-09-22,2020-09-22 12:30:05,576,444,99f9bf7383b67eaabb6a5c023ba96518,False,False,미라벨,4.0,504,12,1,1,128,127.0,0.19151573448448447,True,True,정상
001_20200922_123014(3),3호기,20200922,1,2020-09-22,2020-09-22 12:30:14,576,444,4b17c684b129896956c278d819429093,False,False,미라벨,9.0,504,12,1,1,128,124.0,0.1872927615115115,True,True,정상
001_20200922_123018(6),3호기,20200922,1,2020-09-22,2020-09-22 12:30:18,576,444,157f9fb9a394d4d3a861eac3e22f1a13,False,False,미라벨,4.0,504,12,1,1,136,127.0,0.19167605105105104,True,True,정상
001_20200922_163323(0),3호기,20200922,1,2020-09-22,2020-09-22 16:33:23,576,444,b40295d5548d5ee8a2b606cc9346ca3c,False,False,미라벨,14585.0,505,16,1,1,128,122.0,0.1838479104104104,True,True,정상
001_20200922_163326(0),3호기,20200922,1,2020-09-22,2020-09-22 16:33:26,576,444,636c8356959f333a519c2291f625a13c,False,False,미라벨,3.0,505,16,1,1,136,120.0,0.17954282407407407,True,True,정상
001_20200922_163329(0),3호기,20200922,1,2020-09-22,2020-09-22 16:33:29,576,444,9ff562370755fe15aff1f999322194a3,False,True,제외(튜토리얼),3.0,505,16,1,1,128,119.0,0.17646161786786788,True,True,정상
001_20200922_163332(2),3호기,20200922,1,2020-09-22,2020-09-22 16:33:32,576,444,921beb3c88590cb1ccd12f0c7f103bd0,True,False,GT,3.0,505,16,1,1,136,119.0,0.17601976976976977,True,True,정상
001_20200922_163335(3),3호기,20200922,1,2020-09-22,2020-09-22 16:33:35,576,444,1a7a155bff0ef0cacefdce0df3c1fb89,True,False,GT,3.0,505,16,1,1,152,117.0,0.17369322447447447,True,True,정상
001_20200922_163338(3),3호기,20200922,1,2020-09-22,2020-09-22 16:33:38,576,444,46dfddbd3453048d5a93a0c0db2c03ee,False,False,미라벨,3.0,505,16,1,1,136,117.0,0.17328265765765766,True,True,정상
