seed,model,gt_id,image_id,machine,matched,best_iou_after_nms,leader_iou,leader_score,threshold
20260929,yolov8s,1,1,M1,True,0.5890352095233,0.5890352095233,0.9447742700576782,0.07941053062677383
20260929,yolov8s,2,1,M1,True,0.8011733738046802,0.8011733738046802,0.9482436180114746,0.07941053062677383
20260929,yolov8s,3,1,M1,True,0.508023847240776,0.508023847240776,0.936750590801239,0.07941053062677383
20260929,yolov8s,4,2,M1,True,0.7558963638382212,0.7558963638382212,0.9417822360992432,0.07941053062677383
20260929,yolov8s,5,2,M1,True,0.8322718972702556,0.8322718972702556,0.929192304611206,0.07941053062677383
20260929,yolov8s,6,2,M1,True,0.5706807704702302,0.5706807704702302,0.9258425831794739,0.07941053062677383
20260929,yolov8s,7,3,M1,True,0.6497304979669483,0.6497304979669483,0.9231348633766174,0.07941053062677383
20260929,yolov8s,8,3,M1,True,0.7222777184530916,0.7222777184530916,0.9241839647293091,0.07941053062677383
20260929,yolov8s,9,3,M1,True,0.6163079550811164,0.6163079550811164,0.9268741011619568,0.07941053062677383
20260929,yolov8s,10,4,M1,True,0.7638296440457459,0.7638296440457459,0.9224815368652344,0.07941053062677383
20260929,yolov8s,11,4,M1,True,0.706679431517309,0.706679431517309,0.9234071373939514,0.07941053062677383
20260929,yolov8s,12,4,M1,True,0.7042009673493183,0.7042009673493183,0.9165494441986084,0.07941053062677383
20260929,yolov8s,13,5,M1,True,0.5519619247631539,0.5519619247631539,0.9387889504432678,0.07941053062677383
20260929,yolov8s,14,5,M1,True,0.5979075008145471,0.5979075008145471,0.9427562355995178,0.07941053062677383
20260929,yolov8s,15,5,M1,True,0.7583866949750345,0.7583866949750345,0.8895474076271057,0.07941053062677383
20260929,yolov8s,16,6,M1,True,0.6552090475191399,0.6552090475191399,0.9333321452140808,0.07941053062677383
20260929,yolov8s,17,6,M1,True,0.7150612881503043,0.7150612881503043,0.9555794596672058,0.07941053062677383
20260929,yolov8s,18,6,M1,True,0.5402601728628806,0.5402601728628806,0.924122154712677,0.07941053062677383
20260929,yolov8s,19,7,M1,True,0.7420760696969257,0.7420760696969257,0.9362249374389648,0.07941053062677383
20260929,yolov8s,20,7,M1,True,0.7068051951195662,0.7068051951195662,0.9424379467964172,0.07941053062677383
20260929,yolov8s,21,7,M1,True,0.6940319761605425,0.6940319761605425,0.9417782425880432,0.07941053062677383
20260929,yolov8s,22,8,M1,True,0.8356774282663366,0.8356774282663366,0.9431359767913818,0.07941053062677383
20260929,yolov8s,23,8,M1,True,0.6832928261755472,0.6832928261755472,0.9308885335922241,0.07941053062677383
20260929,yolov8s,24,8,M1,True,0.7893520479642189,0.7893520479642189,0.9211395382881165,0.07941053062677383
20260929,yolov8s,25,9,M1,True,0.7617570049627448,0.7617570049627448,0.9418631196022034,0.07941053062677383
20260929,yolov8s,26,9,M1,True,0.7373585184939627,0.7373585184939627,0.9371674060821533,0.07941053062677383
20260929,yolov8s,27,9,M1,True,0.6116401215395993,0.6116401215395993,0.9366522431373596,0.07941053062677383
20260929,yolov8s,28,10,M1,True,0.709902825029483,0.709902825029483,0.9474774599075317,0.07941053062677383
20260929,yolov8s,29,10,M1,True,0.5161235870424467,0.5161235870424467,0.9233986735343933,0.07941053062677383
20260929,yolov8s,30,10,M1,True,0.642520055296191,0.642520055296191,0.9385908842086792,0.07941053062677383
20260929,yolov8s,31,11,M1,True,0.7120432978517053,0.7120432978517053,0.9350335597991943,0.07941053062677383
20260929,yolov8s,32,11,M1,True,0.7309754047465131,0.7309754047465131,0.9533114433288574,0.07941053062677383
20260929,yolov8s,33,11,M1,True,0.6897582966659772,0.6897582966659772,0.9388831257820129,0.07941053062677383
20260929,yolov8s,34,12,M1,True,0.8293871361791418,0.8293871361791418,0.9475030303001404,0.07941053062677383
20260929,yolov8s,35,12,M1,True,0.8290129565018005,0.8290129565018005,0.9298357367515564,0.07941053062677383
20260929,yolov8s,36,12,M1,True,0.7642566421676431,0.7642566421676431,0.9254501461982727,0.07941053062677383
20260929,yolov8s,37,13,M1,True,0.7418688909202699,0.7418688909202699,0.9430564641952515,0.07941053062677383
20260929,yolov8s,38,13,M1,True,0.6869351863565029,0.6869351863565029,0.9452171921730042,0.07941053062677383
20260929,yolov8s,39,13,M1,True,0.8203673059153661,0.8203673059153661,0.9186424016952515,0.07941053062677383
20260929,yolov8s,40,14,M1,True,0.7495392525693009,0.7495392525693009,0.9545068740844727,0.07941053062677383
20260929,yolov8s,41,14,M1,True,0.5869021821355086,0.5869021821355086,0.9240086674690247,0.07941053062677383
20260929,yolov8s,42,14,M1,True,0.5913347641007971,0.5913347641007971,0.9192254543304443,0.07941053062677383
20260929,yolov8s,43,15,M1,True,0.8119988814663903,0.8119988814663903,0.9315300583839417,0.07941053062677383
20260929,yolov8s,44,15,M1,True,0.7363568562971649,0.7363568562971649,0.9305202960968018,0.07941053062677383
20260929,yolov8s,45,15,M1,True,0.8741048481673983,0.8741048481673983,0.9166092276573181,0.07941053062677383
20260929,yolov8s,46,16,M1,True,0.6763488364230777,0.6763488364230777,0.9469719529151917,0.07941053062677383
20260929,yolov8s,47,17,M1,True,0.6336657344217212,0.6336657344217212,0.9244792461395264,0.07941053062677383
20260929,yolov8s,48,18,M1,True,0.7082222479922119,0.7082222479922119,0.942304253578186,0.07941053062677383
20260929,yolov8s,49,19,M1,True,0.7100202639566121,0.7100202639566121,0.9299594163894653,0.07941053062677383
20260929,yolov8s,50,20,M1,True,0.7069217039030667,0.7069217039030667,0.9430083632469177,0.07941053062677383
20260929,yolov8s,51,21,M1,True,0.7084174235761179,0.7084174235761179,0.9148997664451599,0.07941053062677383
20260929,yolov8s,52,22,M1,True,0.7658471030296632,0.7658471030296632,0.8984103202819824,0.07941053062677383
20260929,yolov8s,53,23,M1,True,0.794502781558875,0.794502781558875,0.9106566309928894,0.07941053062677383
20260929,yolov8s,54,24,M1,True,0.7017652603194412,0.7017652603194412,0.9406425356864929,0.07941053062677383
20260929,yolov8s,55,25,M1,True,0.8372736344107331,0.8372736344107331,0.9556841254234314,0.07941053062677383
20260929,yolov8s,56,26,M1,True,0.8101437482711435,0.8101437482711435,0.928309440612793,0.07941053062677383
20260929,yolov8s,57,27,M2,True,0.6823082929608102,0.6823082929608102,0.9324058294296265,0.07941053062677383
20260929,yolov8s,58,27,M2,True,0.7593098194377071,0.7593098194377071,0.9510045647621155,0.07941053062677383
20260929,yolov8s,59,27,M2,True,0.6501290203601611,0.6501290203601611,0.9300473928451538,0.07941053062677383
20260929,yolov8s,60,28,M2,True,0.7564987732269446,0.7564987732269446,0.9411719441413879,0.07941053062677383
20260929,yolov8s,61,28,M2,True,0.5047033679368581,0.5047033679368581,0.9532374739646912,0.07941053062677383
20260929,yolov8s,62,28,M2,True,0.6167356800294507,0.6167356800294507,0.9360995292663574,0.07941053062677383
20260929,yolov8s,63,29,M2,True,0.7151976956374273,0.7151976956374273,0.9352574348449707,0.07941053062677383
20260929,yolov8s,64,29,M2,True,0.7447131364988449,0.7447131364988449,0.9438149333000183,0.07941053062677383
20260929,yolov8s,65,29,M2,True,0.7986074078559252,0.7986074078559252,0.9479967355728149,0.07941053062677383
20260929,yolov8s,66,30,M2,True,0.7015720651954004,0.7015720651954004,0.9352292418479919,0.07941053062677383
20260929,yolov8s,67,30,M2,True,0.7557984903140101,0.7557984903140101,0.9361090660095215,0.07941053062677383
20260929,yolov8s,68,30,M2,True,0.682468934748614,0.682468934748614,0.9464704394340515,0.07941053062677383
20260929,yolov8s,69,31,M2,True,0.841161679557214,0.841161679557214,0.9130174517631531,0.07941053062677383
20260929,yolov8s,70,31,M2,True,0.7136099044798232,0.7136099044798232,0.9438002705574036,0.07941053062677383
20260929,yolov8s,71,31,M2,True,0.814196965942808,0.814196965942808,0.9354107975959778,0.07941053062677383
20260929,yolov8s,72,32,M2,True,0.7699565310969801,0.7699565310969801,0.9296984672546387,0.07941053062677383
20260929,yolov8s,73,32,M2,True,0.8861027254878332,0.8861027254878332,0.9441967010498047,0.07941053062677383
20260929,yolov8s,74,32,M2,True,0.8402526752512638,0.8402526752512638,0.9323121309280396,0.07941053062677383
20260929,yolov8s,75,33,M2,True,0.6642928221013266,0.6642928221013266,0.9355962872505188,0.07941053062677383
20260929,yolov8s,76,33,M2,True,0.5985807227864296,0.5985807227864296,0.9331033825874329,0.07941053062677383
20260929,yolov8s,77,33,M2,True,0.6404395418670193,0.6404395418670193,0.9540452361106873,0.07941053062677383
20260929,yolov8s,78,34,M2,True,0.7187675832114822,0.7187675832114822,0.9297972917556763,0.07941053062677383
20260929,yolov8s,79,34,M2,True,0.6943104567194216,0.6943104567194216,0.9477282166481018,0.07941053062677383
20260929,yolov8s,80,34,M2,True,0.6497710897131447,0.6497710897131447,0.9365381598472595,0.07941053062677383
20260929,yolov8s,81,35,M2,True,0.7153859309446872,0.7153859309446872,0.9454313516616821,0.07941053062677383
20260929,yolov8s,82,35,M2,True,0.8011266429717374,0.8011266429717374,0.9478573799133301,0.07941053062677383
20260929,yolov8s,83,35,M2,True,0.8657072504499835,0.8657072504499835,0.9377532601356506,0.07941053062677383
20260929,yolov8s,84,36,M2,True,0.6969329937025718,0.6969329937025718,0.9362260699272156,0.07941053062677383
20260929,yolov8s,85,36,M2,True,0.61615266263939,0.61615266263939,0.9560858011245728,0.07941053062677383
20260929,yolov8s,86,36,M2,True,0.7794124375574862,0.7794124375574862,0.9553430080413818,0.07941053062677383
20260929,yolov8s,87,37,M2,True,0.8832309589273961,0.8832309589273961,0.9317532181739807,0.07941053062677383
20260929,yolov8s,88,37,M2,True,0.8302195421147308,0.8302195421147308,0.9408457279205322,0.07941053062677383
20260929,yolov8s,89,37,M2,True,0.8363847078878003,0.8363847078878003,0.9431544542312622,0.07941053062677383
20260929,yolov8s,90,38,M2,True,0.6155891892674751,0.6155891892674751,0.9352058172225952,0.07941053062677383
20260929,yolov8s,91,38,M2,True,0.73896043225914,0.73896043225914,0.9357785582542419,0.07941053062677383
20260929,yolov8s,92,38,M2,True,0.6872679666606192,0.6872679666606192,0.9408144354820251,0.07941053062677383
20260929,yolov8s,93,39,M2,True,0.7837673524243773,0.7837673524243773,0.9486377239227295,0.07941053062677383
20260929,yolov8s,94,40,M2,True,0.7435522427470096,0.7435522427470096,0.9481894373893738,0.07941053062677383
20260929,yolov8s,95,41,M2,True,0.8293073582672034,0.8293073582672034,0.942859947681427,0.07941053062677383
20260929,yolov8s,96,42,M2,True,0.6928050458192693,0.6928050458192693,0.9534004330635071,0.07941053062677383
20260929,yolov8s,97,43,M2,True,0.8060592750708115,0.8060592750708115,0.940420925617218,0.07941053062677383
20260929,yolov8s,98,44,M2,True,0.8325443641897978,0.8325443641897978,0.9469439387321472,0.07941053062677383
20260929,yolov8s,99,45,M3,True,0.8250311821315078,0.8250311821315078,0.9221795201301575,0.07941053062677383
20260929,yolov8s,100,45,M3,True,0.8037686463317715,0.8037686463317715,0.9413939714431763,0.07941053062677383
20260929,yolov8s,101,45,M3,True,0.87821618585208,0.87821618585208,0.9411133527755737,0.07941053062677383
20260929,yolov8s,102,46,M3,True,0.8462137277409225,0.8462137277409225,0.9474238157272339,0.07941053062677383
20260929,yolov8s,103,46,M3,True,0.7653740936974415,0.7653740936974415,0.9309541583061218,0.07941053062677383
20260929,yolov8s,104,46,M3,True,0.779978850910896,0.779978850910896,0.9277860522270203,0.07941053062677383
20260929,yolov8s,105,47,M3,True,0.8098915020533525,0.8098915020533525,0.8921331763267517,0.07941053062677383
20260929,yolov8s,106,47,M3,True,0.8643546753621859,0.8643546753621859,0.9142147898674011,0.07941053062677383
20260929,yolov8s,107,47,M3,True,0.6941486183204424,0.6941486183204424,0.9299338459968567,0.07941053062677383
20260929,yolov8s,108,48,M3,True,0.7001778797601885,0.7001778797601885,0.9103672504425049,0.07941053062677383
20260929,yolov8s,109,48,M3,True,0.7437957225806875,0.7437957225806875,0.9486704468727112,0.07941053062677383
20260929,yolov8s,110,48,M3,False,0.39746044714026496,0.39746044714026496,0.9015125036239624,0.07941053062677383
20260929,yolov8s,111,49,M3,True,0.7824764473988693,0.7824764473988693,0.948352038860321,0.07941053062677383
20260929,yolov8s,112,49,M3,True,0.6578168418575459,0.6578168418575459,0.9386765956878662,0.07941053062677383
20260929,yolov8s,113,49,M3,True,0.9299197487422614,0.9299197487422614,0.9553723931312561,0.07941053062677383
20260929,yolov8s,114,50,M3,True,0.6843791844013473,0.6843791844013473,0.9512916803359985,0.07941053062677383
20260929,yolov8s,115,50,M3,True,0.7318590753584603,0.7318590753584603,0.9396209716796875,0.07941053062677383
20260929,yolov8s,116,50,M3,True,0.8360417495955254,0.8360417495955254,0.9339687824249268,0.07941053062677383
20260929,yolov8s,117,51,M3,True,0.7171492520709671,0.7171492520709671,0.9341510534286499,0.07941053062677383
20260929,yolov8s,118,51,M3,True,0.7092718666121072,0.7092718666121072,0.8655962347984314,0.07941053062677383
20260929,yolov8s,119,51,M3,True,0.6924973501370282,0.6924973501370282,0.9058776497840881,0.07941053062677383
20260929,yolov8s,120,52,M3,True,0.5203919868230455,0.5203919868230455,0.9098303914070129,0.07941053062677383
20260929,yolov8s,121,52,M3,True,0.5607473328206564,0.5607473328206564,0.9466074705123901,0.07941053062677383
20260929,yolov8s,122,52,M3,True,0.5035993482678629,0.5035993482678629,0.9281895756721497,0.07941053062677383
20260929,yolov8s,123,53,M3,True,0.6348144270769005,0.6348144270769005,0.942480206489563,0.07941053062677383
20260929,yolov8s,124,53,M3,True,0.6406395322551206,0.6406395322551206,0.9366971254348755,0.07941053062677383
20260929,yolov8s,125,53,M3,True,0.6561501862205129,0.6561501862205129,0.9353703260421753,0.07941053062677383
20260929,yolov8s,126,54,M3,True,0.8659747785435917,0.8659747785435917,0.9366228580474854,0.07941053062677383
20260929,yolov8s,127,54,M3,True,0.6039105756483975,0.6039105756483975,0.9599544405937195,0.07941053062677383
20260929,yolov8s,128,54,M3,True,0.7567951273354362,0.7567951273354362,0.9164702296257019,0.07941053062677383
20260929,yolov8s,129,55,M3,True,0.6866404087644438,0.6866404087644438,0.8861996531486511,0.07941053062677383
20260929,yolov8s,130,55,M3,True,0.8158812683995276,0.8158812683995276,0.9451701045036316,0.07941053062677383
20260929,yolov8s,131,55,M3,True,0.6308214810003432,0.6308214810003432,0.9384559392929077,0.07941053062677383
20260929,yolov8s,132,56,M3,True,0.6008135785314453,0.6008135785314453,0.9478361010551453,0.07941053062677383
20260929,yolov8s,133,56,M3,True,0.5257793679247701,0.5257793679247701,0.9219146966934204,0.07941053062677383
20260929,yolov8s,134,56,M3,True,0.7170410228544255,0.7170410228544255,0.9391547441482544,0.07941053062677383
20260929,yolov8s,135,57,M3,True,0.5469794566282494,0.5469794566282494,0.9024459719657898,0.07941053062677383
20260929,yolov8s,136,58,M3,False,0.45316107844644554,0.45316107844644554,0.9313982725143433,0.07941053062677383
20260929,yolov8s,137,59,M3,False,0.47687703866604186,0.47687703866604186,0.925025463104248,0.07941053062677383
20260929,yolov8s,138,60,M3,True,0.8404025932396088,0.8404025932396088,0.9394741654396057,0.07941053062677383
20260929,yolov8s,139,61,M3,True,0.8628128534606737,0.8628128534606737,0.960843563079834,0.07941053062677383
20260929,yolov8s,140,62,M3,True,0.7712379728318319,0.7712379728318319,0.9163827300071716,0.07941053062677383
20260929,yolov8s,141,63,M3,True,0.535965472284244,0.535965472284244,0.9346693754196167,0.07941053062677383
20260929,yolov8s,142,64,M3,True,0.6461877470630122,0.6461877470630122,0.9354838132858276,0.07941053062677383
20260929,yolov8s,143,65,M3,False,0.3316399466921641,0.3316399466921641,0.9269434213638306,0.07941053062677383
20260929,yolov8s,144,66,M3,False,0.47639345799570804,0.47639345799570804,0.7402747273445129,0.07941053062677383
20260929,yolov8s_p2,1,1,M1,True,0.5616038730776508,0.5616038730776508,0.9255035519599915,0.1685377061367035
20260929,yolov8s_p2,2,1,M1,True,0.857237143550735,0.857237143550735,0.9097204804420471,0.1685377061367035
20260929,yolov8s_p2,3,1,M1,False,0.4225096800943675,0.4225096800943675,0.9217903017997742,0.1685377061367035
20260929,yolov8s_p2,4,2,M1,True,0.7698582598529529,0.7698582598529529,0.9151170253753662,0.1685377061367035
20260929,yolov8s_p2,5,2,M1,True,0.8030874038934823,0.8030874038934823,0.9300389289855957,0.1685377061367035
20260929,yolov8s_p2,6,2,M1,True,0.6323248593196295,0.6323248593196295,0.9081270098686218,0.1685377061367035
20260929,yolov8s_p2,7,3,M1,True,0.5997444594275481,0.5997444594275481,0.9086930155754089,0.1685377061367035
20260929,yolov8s_p2,8,3,M1,True,0.722053163414013,0.722053163414013,0.9195421934127808,0.1685377061367035
20260929,yolov8s_p2,9,3,M1,True,0.648861993290307,0.648861993290307,0.8935858011245728,0.1685377061367035
20260929,yolov8s_p2,10,4,M1,True,0.6941614084244536,0.6941614084244536,0.9113695621490479,0.1685377061367035
20260929,yolov8s_p2,11,4,M1,True,0.7103580206395784,0.7103580206395784,0.9279167652130127,0.1685377061367035
20260929,yolov8s_p2,12,4,M1,True,0.6258799957054816,0.6258799957054816,0.9136657118797302,0.1685377061367035
20260929,yolov8s_p2,13,5,M1,True,0.623915565128719,0.623915565128719,0.9231332540512085,0.1685377061367035
20260929,yolov8s_p2,14,5,M1,True,0.6007445060819877,0.6007445060819877,0.9129395484924316,0.1685377061367035
20260929,yolov8s_p2,15,5,M1,True,0.8774752163601914,0.8774752163601914,0.8971869349479675,0.1685377061367035
20260929,yolov8s_p2,16,6,M1,True,0.5897593887751841,0.5897593887751841,0.9061828255653381,0.1685377061367035
20260929,yolov8s_p2,17,6,M1,True,0.722509343382317,0.722509343382317,0.9282331466674805,0.1685377061367035
20260929,yolov8s_p2,18,6,M1,True,0.5411969140285501,0.5411969140285501,0.8866042494773865,0.1685377061367035
20260929,yolov8s_p2,19,7,M1,True,0.7015988140108407,0.7015988140108407,0.9395041465759277,0.1685377061367035
20260929,yolov8s_p2,20,7,M1,True,0.7003244740955628,0.7003244740955628,0.9354203343391418,0.1685377061367035
20260929,yolov8s_p2,21,7,M1,True,0.7257779439005835,0.7257779439005835,0.9375519156455994,0.1685377061367035
20260929,yolov8s_p2,22,8,M1,True,0.7942112917448982,0.7942112917448982,0.93841552734375,0.1685377061367035
20260929,yolov8s_p2,23,8,M1,True,0.6478082989072234,0.6478082989072234,0.9177530407905579,0.1685377061367035
20260929,yolov8s_p2,24,8,M1,True,0.8877123392629168,0.8877123392629168,0.895611584186554,0.1685377061367035
20260929,yolov8s_p2,25,9,M1,True,0.6639248816856095,0.6639248816856095,0.9301449656486511,0.1685377061367035
20260929,yolov8s_p2,26,9,M1,True,0.7927975775760948,0.7927975775760948,0.9260008931159973,0.1685377061367035
20260929,yolov8s_p2,27,9,M1,True,0.5582063827876025,0.5582063827876025,0.9047695398330688,0.1685377061367035
20260929,yolov8s_p2,28,10,M1,True,0.6854232650082192,0.6854232650082192,0.9436599016189575,0.1685377061367035
20260929,yolov8s_p2,29,10,M1,True,0.5005276676449002,0.5005276676449002,0.9351319670677185,0.1685377061367035
20260929,yolov8s_p2,30,10,M1,True,0.5882767696360484,0.5882767696360484,0.9139889478683472,0.1685377061367035
20260929,yolov8s_p2,31,11,M1,True,0.6926029057007871,0.6926029057007871,0.9170374870300293,0.1685377061367035
20260929,yolov8s_p2,32,11,M1,True,0.6820256512826351,0.6820256512826351,0.9330738186836243,0.1685377061367035
20260929,yolov8s_p2,33,11,M1,True,0.7921504629663197,0.7921504629663197,0.9188171625137329,0.1685377061367035
20260929,yolov8s_p2,34,12,M1,True,0.8131383281554434,0.8131383281554434,0.9289698600769043,0.1685377061367035
20260929,yolov8s_p2,35,12,M1,True,0.8544944355306067,0.8544944355306067,0.9255825281143188,0.1685377061367035
20260929,yolov8s_p2,36,12,M1,True,0.6988050256222292,0.6988050256222292,0.9101667404174805,0.1685377061367035
20260929,yolov8s_p2,37,13,M1,True,0.7522742592093887,0.7522742592093887,0.9256466627120972,0.1685377061367035
20260929,yolov8s_p2,38,13,M1,True,0.6481463372088349,0.6481463372088349,0.9154655933380127,0.1685377061367035
20260929,yolov8s_p2,39,13,M1,True,0.828949603945789,0.828949603945789,0.9003515839576721,0.1685377061367035
20260929,yolov8s_p2,40,14,M1,True,0.7730303033541659,0.7730303033541659,0.938683807849884,0.1685377061367035
20260929,yolov8s_p2,41,14,M1,True,0.5878394405218726,0.5878394405218726,0.919405996799469,0.1685377061367035
20260929,yolov8s_p2,42,14,M1,True,0.5942721547652059,0.5942721547652059,0.9054102897644043,0.1685377061367035
20260929,yolov8s_p2,43,15,M1,True,0.77200805628765,0.77200805628765,0.9064183235168457,0.1685377061367035
20260929,yolov8s_p2,44,15,M1,True,0.7434723958503104,0.7434723958503104,0.918728232383728,0.1685377061367035
20260929,yolov8s_p2,45,15,M1,True,0.658150436090802,0.658150436090802,0.8749395608901978,0.1685377061367035
20260929,yolov8s_p2,46,16,M1,True,0.6607916626228039,0.6607916626228039,0.9384793639183044,0.1685377061367035
20260929,yolov8s_p2,47,17,M1,True,0.6417560808257505,0.6417560808257505,0.7269366979598999,0.1685377061367035
20260929,yolov8s_p2,48,18,M1,True,0.7479327958207947,0.7479327958207947,0.9459168314933777,0.1685377061367035
20260929,yolov8s_p2,49,19,M1,True,0.6760746457618471,0.6760746457618471,0.91152423620224,0.1685377061367035
20260929,yolov8s_p2,50,20,M1,True,0.6569789357520541,0.6569789357520541,0.925547182559967,0.1685377061367035
20260929,yolov8s_p2,51,21,M1,True,0.6132783911476578,0.6132783911476578,0.9369328618049622,0.1685377061367035
20260929,yolov8s_p2,52,22,M1,True,0.8174811347527783,0.8174811347527783,0.9341604113578796,0.1685377061367035
20260929,yolov8s_p2,53,23,M1,True,0.7569186197723463,0.7569186197723463,0.9481451511383057,0.1685377061367035
20260929,yolov8s_p2,54,24,M1,True,0.7015419265005907,0.7015419265005907,0.9257315397262573,0.1685377061367035
20260929,yolov8s_p2,55,25,M1,True,0.8015887275767121,0.8015887275767121,0.9392371773719788,0.1685377061367035
20260929,yolov8s_p2,56,26,M1,True,0.7527213340608844,0.7527213340608844,0.9328838586807251,0.1685377061367035
20260929,yolov8s_p2,57,27,M2,True,0.5763322561555785,0.5763322561555785,0.924135684967041,0.1685377061367035
20260929,yolov8s_p2,58,27,M2,True,0.7055338306709932,0.7055338306709932,0.9287282824516296,0.1685377061367035
20260929,yolov8s_p2,59,27,M2,True,0.555488163162127,0.555488163162127,0.9248486757278442,0.1685377061367035
20260929,yolov8s_p2,60,28,M2,True,0.724346240569048,0.724346240569048,0.9240662455558777,0.1685377061367035
20260929,yolov8s_p2,61,28,M2,True,0.5783287368692449,0.5783287368692449,0.9404367208480835,0.1685377061367035
20260929,yolov8s_p2,62,28,M2,True,0.6951158691280688,0.6951158691280688,0.9435513019561768,0.1685377061367035
20260929,yolov8s_p2,63,29,M2,True,0.705903342601926,0.705903342601926,0.9379400014877319,0.1685377061367035
20260929,yolov8s_p2,64,29,M2,True,0.7381836058274697,0.7381836058274697,0.9372215270996094,0.1685377061367035
20260929,yolov8s_p2,65,29,M2,True,0.8120270321653721,0.8120270321653721,0.9263488054275513,0.1685377061367035
20260929,yolov8s_p2,66,30,M2,True,0.6650609112683213,0.6650609112683213,0.9323040246963501,0.1685377061367035
20260929,yolov8s_p2,67,30,M2,True,0.8266402564257452,0.8266402564257452,0.9379674792289734,0.1685377061367035
20260929,yolov8s_p2,68,30,M2,True,0.6712335157785309,0.6712335157785309,0.9337193965911865,0.1685377061367035
20260929,yolov8s_p2,69,31,M2,True,0.7975410803217221,0.7975410803217221,0.9343136548995972,0.1685377061367035
20260929,yolov8s_p2,70,31,M2,True,0.64466958582464,0.64466958582464,0.9190992712974548,0.1685377061367035
20260929,yolov8s_p2,71,31,M2,True,0.8306915652246799,0.8306915652246799,0.924906313419342,0.1685377061367035
20260929,yolov8s_p2,72,32,M2,True,0.7570087809852156,0.7570087809852156,0.920709490776062,0.1685377061367035
20260929,yolov8s_p2,73,32,M2,True,0.8637608686534273,0.8637608686534273,0.9364349842071533,0.1685377061367035
20260929,yolov8s_p2,74,32,M2,True,0.7966356292123742,0.7966356292123742,0.9211920499801636,0.1685377061367035
20260929,yolov8s_p2,75,33,M2,True,0.6467616172487161,0.6467616172487161,0.9440910816192627,0.1685377061367035
20260929,yolov8s_p2,76,33,M2,True,0.6529126407449515,0.6529126407449515,0.942901611328125,0.1685377061367035
20260929,yolov8s_p2,77,33,M2,True,0.7291280182576487,0.7291280182576487,0.9313759803771973,0.1685377061367035
20260929,yolov8s_p2,78,34,M2,True,0.7250079131260475,0.7250079131260475,0.936659574508667,0.1685377061367035
20260929,yolov8s_p2,79,34,M2,True,0.7163043537785738,0.7163043537785738,0.9450804591178894,0.1685377061367035
20260929,yolov8s_p2,80,34,M2,True,0.7213410159611409,0.7213410159611409,0.931594729423523,0.1685377061367035
20260929,yolov8s_p2,81,35,M2,True,0.7626437216496543,0.7626437216496543,0.9428828358650208,0.1685377061367035
20260929,yolov8s_p2,82,35,M2,True,0.7317281037162918,0.7317281037162918,0.9086931347846985,0.1685377061367035
20260929,yolov8s_p2,83,35,M2,True,0.8180711707176588,0.8180711707176588,0.9338642954826355,0.1685377061367035
20260929,yolov8s_p2,84,36,M2,True,0.7088371938372999,0.7088371938372999,0.9243364334106445,0.1685377061367035
20260929,yolov8s_p2,85,36,M2,True,0.6089295403869847,0.6089295403869847,0.9422206878662109,0.1685377061367035
20260929,yolov8s_p2,86,36,M2,True,0.7968740906256248,0.7968740906256248,0.929621696472168,0.1685377061367035
20260929,yolov8s_p2,87,37,M2,True,0.8643003559469767,0.8643003559469767,0.9341331124305725,0.1685377061367035
20260929,yolov8s_p2,88,37,M2,True,0.7529297766387263,0.7529297766387263,0.9363817572593689,0.1685377061367035
20260929,yolov8s_p2,89,37,M2,True,0.8554283725746238,0.8554283725746238,0.9298245906829834,0.1685377061367035
20260929,yolov8s_p2,90,38,M2,True,0.6574890067267285,0.6574890067267285,0.9359800815582275,0.1685377061367035
20260929,yolov8s_p2,91,38,M2,True,0.6792193406650459,0.6792193406650459,0.9404715299606323,0.1685377061367035
20260929,yolov8s_p2,92,38,M2,True,0.6595805338807589,0.6595805338807589,0.9232096672058105,0.1685377061367035
20260929,yolov8s_p2,93,39,M2,True,0.7768294981270825,0.7768294981270825,0.9376314878463745,0.1685377061367035
20260929,yolov8s_p2,94,40,M2,True,0.7174340682947542,0.7174340682947542,0.9410369992256165,0.1685377061367035
20260929,yolov8s_p2,95,41,M2,True,0.7585936908173078,0.7585936908173078,0.9304875731468201,0.1685377061367035
20260929,yolov8s_p2,96,42,M2,True,0.6710929075557589,0.6710929075557589,0.9460567831993103,0.1685377061367035
20260929,yolov8s_p2,97,43,M2,True,0.7558854987961291,0.7558854987961291,0.9433010220527649,0.1685377061367035
20260929,yolov8s_p2,98,44,M2,True,0.804405505760647,0.804405505760647,0.9418787956237793,0.1685377061367035
20260929,yolov8s_p2,99,45,M3,True,0.7635821831689003,0.7635821831689003,0.9145147800445557,0.1685377061367035
20260929,yolov8s_p2,100,45,M3,True,0.7784825422721968,0.7784825422721968,0.9322579503059387,0.1685377061367035
20260929,yolov8s_p2,101,45,M3,True,0.9038548858130865,0.9038548858130865,0.9445819854736328,0.1685377061367035
20260929,yolov8s_p2,102,46,M3,True,0.8091844149312889,0.8091844149312889,0.9353699088096619,0.1685377061367035
20260929,yolov8s_p2,103,46,M3,True,0.7155095522757849,0.7155095522757849,0.9227743744850159,0.1685377061367035
20260929,yolov8s_p2,104,46,M3,True,0.854748349883935,0.854748349883935,0.9283121228218079,0.1685377061367035
20260929,yolov8s_p2,105,47,M3,True,0.8107553519869958,0.8107553519869958,0.9323612451553345,0.1685377061367035
20260929,yolov8s_p2,106,47,M3,True,0.8466205973686268,0.8466205973686268,0.9259461164474487,0.1685377061367035
20260929,yolov8s_p2,107,47,M3,True,0.6478853442275685,0.6478853442275685,0.9192915558815002,0.1685377061367035
20260929,yolov8s_p2,108,48,M3,True,0.8752022580694399,0.8752022580694399,0.9234048128128052,0.1685377061367035
20260929,yolov8s_p2,109,48,M3,True,0.7064571496441092,0.7064571496441092,0.9308962821960449,0.1685377061367035
20260929,yolov8s_p2,110,48,M3,False,0.2922959365343587,0.2922959365343587,0.8563287258148193,0.1685377061367035
20260929,yolov8s_p2,111,49,M3,True,0.775154902675885,0.775154902675885,0.9178649187088013,0.1685377061367035
20260929,yolov8s_p2,112,49,M3,True,0.7329983197759632,0.7329983197759632,0.9220501780509949,0.1685377061367035
20260929,yolov8s_p2,113,49,M3,True,0.862955435072655,0.862955435072655,0.9267473816871643,0.1685377061367035
20260929,yolov8s_p2,114,50,M3,True,0.5954480032638164,0.5954480032638164,0.9372687935829163,0.1685377061367035
20260929,yolov8s_p2,115,50,M3,True,0.752713839886073,0.752713839886073,0.920215904712677,0.1685377061367035
20260929,yolov8s_p2,116,50,M3,True,0.7542959141465387,0.7542959141465387,0.9261502623558044,0.1685377061367035
20260929,yolov8s_p2,117,51,M3,True,0.7954108492924518,0.7954108492924518,0.9502167105674744,0.1685377061367035
20260929,yolov8s_p2,118,51,M3,True,0.5789168520600733,0.5789168520600733,0.8770208358764648,0.1685377061367035
20260929,yolov8s_p2,119,51,M3,True,0.7269685619715007,0.7269685619715007,0.9043267369270325,0.1685377061367035
20260929,yolov8s_p2,120,52,M3,True,0.5448702090263015,0.5448702090263015,0.9181778430938721,0.1685377061367035
20260929,yolov8s_p2,121,52,M3,True,0.6801788173779635,0.6801788173779635,0.9382321834564209,0.1685377061367035
20260929,yolov8s_p2,122,52,M3,True,0.5200080456661107,0.5200080456661107,0.9114502668380737,0.1685377061367035
20260929,yolov8s_p2,123,53,M3,True,0.6559691688627768,0.6559691688627768,0.8884747624397278,0.1685377061367035
20260929,yolov8s_p2,124,53,M3,True,0.619621531197885,0.619621531197885,0.9054497480392456,0.1685377061367035
20260929,yolov8s_p2,125,53,M3,True,0.7466433515302723,0.7466433515302723,0.9342483878135681,0.1685377061367035
20260929,yolov8s_p2,126,54,M3,True,0.8227759257593683,0.8227759257593683,0.9110074043273926,0.1685377061367035
20260929,yolov8s_p2,127,54,M3,True,0.5382670561724225,0.5382670561724225,0.9355136752128601,0.1685377061367035
20260929,yolov8s_p2,128,54,M3,True,0.6418951133087242,0.6418951133087242,0.908138632774353,0.1685377061367035
20260929,yolov8s_p2,129,55,M3,True,0.7518743698237835,0.7518743698237835,0.9130579829216003,0.1685377061367035
20260929,yolov8s_p2,130,55,M3,True,0.7818304850213815,0.7818304850213815,0.9310701489448547,0.1685377061367035
20260929,yolov8s_p2,131,55,M3,True,0.5915796234557443,0.5915796234557443,0.9304879903793335,0.1685377061367035
20260929,yolov8s_p2,132,56,M3,True,0.5789031643463043,0.5789031643463043,0.9194697737693787,0.1685377061367035
20260929,yolov8s_p2,133,56,M3,True,0.5621712688106195,0.5621712688106195,0.9363994598388672,0.1685377061367035
20260929,yolov8s_p2,134,56,M3,True,0.793628081023222,0.793628081023222,0.9330770373344421,0.1685377061367035
20260929,yolov8s_p2,135,57,M3,True,0.5639539862862576,0.5639539862862576,0.7763826251029968,0.1685377061367035
20260929,yolov8s_p2,136,58,M3,False,0.47263041850509496,0.47263041850509496,0.9231727123260498,0.1685377061367035
20260929,yolov8s_p2,137,59,M3,False,0.48399793056028095,0.48399793056028095,0.8448953032493591,0.1685377061367035
20260929,yolov8s_p2,138,60,M3,True,0.8323626155269358,0.8323626155269358,0.8942874670028687,0.1685377061367035
20260929,yolov8s_p2,139,61,M3,True,0.8269431007849102,0.8269431007849102,0.9317147731781006,0.1685377061367035
20260929,yolov8s_p2,140,62,M3,True,0.7642598865183922,0.7642598865183922,0.9142154455184937,0.1685377061367035
20260929,yolov8s_p2,141,63,M3,True,0.5142013314425087,0.5142013314425087,0.9099034070968628,0.1685377061367035
20260929,yolov8s_p2,142,64,M3,True,0.7012799640734919,0.7012799640734919,0.8157549500465393,0.1685377061367035
20260929,yolov8s_p2,143,65,M3,False,0.30908257006689116,0.30908257006689116,0.6946004033088684,0.1685377061367035
20260929,yolov8s_p2,144,66,M3,True,0.5065940900308913,0.5065940900308913,0.1685377061367035,0.1685377061367035
20260929,dfine_s,1,1,M1,True,0.5678418190492007,0.5105207981440424,0.7307863831520081,0.31877240538597107
20260929,dfine_s,2,1,M1,True,0.9004748728419163,0.9004748728419163,0.73421311378479,0.31877240538597107
20260929,dfine_s,3,1,M1,True,0.6017407218260211,0.6017407218260211,0.7602971792221069,0.31877240538597107
20260929,dfine_s,4,2,M1,True,0.6833730512072647,0.6833730512072647,0.7941424250602722,0.31877240538597107
20260929,dfine_s,5,2,M1,True,0.8317307331215976,0.8317307331215976,0.7648466229438782,0.31877240538597107
20260929,dfine_s,6,2,M1,True,0.6745952643262879,0.6745952643262879,0.7389052510261536,0.31877240538597107
20260929,dfine_s,7,3,M1,False,0.38186308851508743,0.38186308851508743,0.5556377172470093,0.31877240538597107
20260929,dfine_s,8,3,M1,True,0.5642750658748279,0.5642750658748279,0.7615320682525635,0.31877240538597107
20260929,dfine_s,9,3,M1,True,0.5792270366767602,0.5792270366767602,0.7480167150497437,0.31877240538597107
20260929,dfine_s,10,4,M1,True,0.749596316280858,0.749596316280858,0.7909825444221497,0.31877240538597107
20260929,dfine_s,11,4,M1,True,0.7470938595191157,0.7470938595191157,0.7956083416938782,0.31877240538597107
20260929,dfine_s,12,4,M1,True,0.6626758404886294,0.6626758404886294,0.7706209421157837,0.31877240538597107
20260929,dfine_s,13,5,M1,True,0.7055093085917963,0.6604109772167379,0.7712882161140442,0.31877240538597107
20260929,dfine_s,14,5,M1,True,0.6684572081351204,0.6684572081351204,0.6606394648551941,0.31877240538597107
20260929,dfine_s,15,5,M1,True,0.8464888283772167,0.8464888283772167,0.7538750767707825,0.31877240538597107
20260929,dfine_s,16,6,M1,True,0.7064266527084697,0.7064266527084697,0.782675564289093,0.31877240538597107
20260929,dfine_s,17,6,M1,True,0.6488171552787436,0.6488171552787436,0.763668417930603,0.31877240538597107
20260929,dfine_s,18,6,M1,True,0.7750235596318878,0.7750235596318878,0.8018742799758911,0.31877240538597107
20260929,dfine_s,19,7,M1,True,0.6553494523664064,0.6553494523664064,0.8018383979797363,0.31877240538597107
20260929,dfine_s,20,7,M1,True,0.7378213549920303,0.7378213549920303,0.7751526236534119,0.31877240538597107
20260929,dfine_s,21,7,M1,True,0.7663398449260509,0.6672909146540414,0.7802035808563232,0.31877240538597107
20260929,dfine_s,22,8,M1,True,0.7924958597065651,0.7924958597065651,0.7667744755744934,0.31877240538597107
20260929,dfine_s,23,8,M1,True,0.8161338047880121,0.6480649358407986,0.7643762826919556,0.31877240538597107
20260929,dfine_s,24,8,M1,True,0.8289669003771908,0.8289669003771908,0.753351092338562,0.31877240538597107
20260929,dfine_s,25,9,M1,True,0.7740866630254815,0.7740866630254815,0.7941914796829224,0.31877240538597107
20260929,dfine_s,26,9,M1,True,0.7721869808857303,0.6967228335178256,0.7731856107711792,0.31877240538597107
20260929,dfine_s,27,9,M1,True,0.6330857224552728,0.6330857224552728,0.7416126132011414,0.31877240538597107
20260929,dfine_s,28,10,M1,True,0.7786676427601388,0.7786676427601388,0.8005417585372925,0.31877240538597107
20260929,dfine_s,29,10,M1,True,0.5643078714564482,0.5369060323162842,0.7622003555297852,0.31877240538597107
20260929,dfine_s,30,10,M1,True,0.7717433001883319,0.7717433001883319,0.7873453497886658,0.31877240538597107
20260929,dfine_s,31,11,M1,True,0.8899996673404936,0.7088729093342453,0.6529399156570435,0.31877240538597107
20260929,dfine_s,32,11,M1,True,0.6611714151362041,0.6611714151362041,0.7656770348548889,0.31877240538597107
20260929,dfine_s,33,11,M1,True,0.832093915570924,0.832093915570924,0.7747694849967957,0.31877240538597107
20260929,dfine_s,34,12,M1,True,0.8077756930436075,0.8077756930436075,0.8156918883323669,0.31877240538597107
20260929,dfine_s,35,12,M1,True,0.8206974859598475,0.8206974859598475,0.7730751037597656,0.31877240538597107
20260929,dfine_s,36,12,M1,True,0.7247734892657023,0.7150165822597485,0.7639075517654419,0.31877240538597107
20260929,dfine_s,37,13,M1,True,0.70806047271529,0.70806047271529,0.7849805355072021,0.31877240538597107
20260929,dfine_s,38,13,M1,True,0.6057596742654914,0.6057596742654914,0.7882600426673889,0.31877240538597107
20260929,dfine_s,39,13,M1,True,0.9104033817608377,0.9104033817608377,0.7735857367515564,0.31877240538597107
20260929,dfine_s,40,14,M1,True,0.6752747944355773,0.6752747944355773,0.8011616468429565,0.31877240538597107
20260929,dfine_s,41,14,M1,True,0.6018870072802285,0.6018870072802285,0.6834832429885864,0.31877240538597107
20260929,dfine_s,42,14,M1,True,0.6021045154029281,0.6021045154029281,0.7338106632232666,0.31877240538597107
20260929,dfine_s,43,15,M1,True,0.808553833009498,0.7893176158418448,0.7930042743682861,0.31877240538597107
20260929,dfine_s,44,15,M1,True,0.7881930182923279,0.7881930182923279,0.7083985805511475,0.31877240538597107
20260929,dfine_s,45,15,M1,True,0.7493454877915106,0.7493454877915106,0.7596858739852905,0.31877240538597107
20260929,dfine_s,46,16,M1,True,0.6029212055471614,0.6029212055471614,0.7333928942680359,0.31877240538597107
20260929,dfine_s,47,17,M1,True,0.7102132554978389,0.7102132554978389,0.8029230833053589,0.31877240538597107
20260929,dfine_s,48,18,M1,True,0.6952224110723697,0.5658314917868046,0.5927518606185913,0.31877240538597107
20260929,dfine_s,49,19,M1,True,0.6874094626830175,0.564437073783326,0.7630283236503601,0.31877240538597107
20260929,dfine_s,50,20,M1,True,0.6573658477670219,0.6573658477670219,0.7580069303512573,0.31877240538597107
20260929,dfine_s,51,21,M1,True,0.7088546393987124,0.7088546393987124,0.7561214566230774,0.31877240538597107
20260929,dfine_s,52,22,M1,True,0.7488507224299358,0.7488507224299358,0.6799129247665405,0.31877240538597107
20260929,dfine_s,53,23,M1,True,0.7218985390923427,0.7218985390923427,0.7846816778182983,0.31877240538597107
20260929,dfine_s,54,24,M1,True,0.7660478549983284,0.7660478549983284,0.8003441095352173,0.31877240538597107
20260929,dfine_s,55,25,M1,True,0.7672086090409452,0.7672086090409452,0.691758930683136,0.31877240538597107
20260929,dfine_s,56,26,M1,True,0.7141357198391928,0.7141357198391928,0.6739612817764282,0.31877240538597107
20260929,dfine_s,57,27,M2,True,0.7257535726702515,0.625834462534774,0.7722246050834656,0.31877240538597107
20260929,dfine_s,58,27,M2,True,0.7503104904961985,0.6621405301738463,0.7524870038032532,0.31877240538597107
20260929,dfine_s,59,27,M2,True,0.6708436874838224,0.6708436874838224,0.7258297204971313,0.31877240538597107
20260929,dfine_s,60,28,M2,True,0.7429231429240195,0.6584877076575282,0.6654395461082458,0.31877240538597107
20260929,dfine_s,61,28,M2,True,0.7181506669305583,0.6303988025420539,0.779745876789093,0.31877240538597107
20260929,dfine_s,62,28,M2,True,0.875949532559787,0.6753547660250312,0.7809761166572571,0.31877240538597107
20260929,dfine_s,63,29,M2,True,0.7685513503657586,0.7685513503657586,0.775670051574707,0.31877240538597107
20260929,dfine_s,64,29,M2,True,0.8232544959187258,0.8232544959187258,0.7639906406402588,0.31877240538597107
20260929,dfine_s,65,29,M2,True,0.9070540805152157,0.9070540805152157,0.7728996276855469,0.31877240538597107
20260929,dfine_s,66,30,M2,True,0.6704131280728028,0.6658626974533918,0.7557857632637024,0.31877240538597107
20260929,dfine_s,67,30,M2,True,0.7763731511349183,0.7763731511349183,0.7772568464279175,0.31877240538597107
20260929,dfine_s,68,30,M2,True,0.7246644073426707,0.6432386703374929,0.7824289202690125,0.31877240538597107
20260929,dfine_s,69,31,M2,True,0.8443776847514181,0.7630733608112553,0.7807760834693909,0.31877240538597107
20260929,dfine_s,70,31,M2,True,0.7025852593950017,0.6687347460015123,0.7959414124488831,0.31877240538597107
20260929,dfine_s,71,31,M2,True,0.8084877170702418,0.8084877170702418,0.7755882143974304,0.31877240538597107
20260929,dfine_s,72,32,M2,True,0.8466598600638634,0.8466598600638634,0.7147268652915955,0.31877240538597107
20260929,dfine_s,73,32,M2,True,0.778024076803562,0.778024076803562,0.7783687114715576,0.31877240538597107
20260929,dfine_s,74,32,M2,True,0.7048449770166267,0.7048449770166267,0.7890009880065918,0.31877240538597107
20260929,dfine_s,75,33,M2,True,0.6496129971798604,0.6496129971798604,0.668087363243103,0.31877240538597107
20260929,dfine_s,76,33,M2,True,0.6237280936192022,0.6237280936192022,0.7844823598861694,0.31877240538597107
20260929,dfine_s,77,33,M2,True,0.6483017425981997,0.6483017425981997,0.776627242565155,0.31877240538597107
20260929,dfine_s,78,34,M2,True,0.7059134796897447,0.7059134796897447,0.7967625856399536,0.31877240538597107
20260929,dfine_s,79,34,M2,True,0.7369491069653041,0.7369491069653041,0.7960737943649292,0.31877240538597107
20260929,dfine_s,80,34,M2,True,0.6586897387173032,0.6586897387173032,0.771639347076416,0.31877240538597107
20260929,dfine_s,81,35,M2,True,0.7854123342642915,0.7854123342642915,0.8037632703781128,0.31877240538597107
20260929,dfine_s,82,35,M2,True,0.8916269902896233,0.8916269902896233,0.7975570559501648,0.31877240538597107
20260929,dfine_s,83,35,M2,True,0.8074253759959372,0.8074253759959372,0.7555219531059265,0.31877240538597107
20260929,dfine_s,84,36,M2,True,0.7500434977928011,0.7500434977928011,0.7770553827285767,0.31877240538597107
20260929,dfine_s,85,36,M2,True,0.6708349791991751,0.6708349791991751,0.7666406035423279,0.31877240538597107
20260929,dfine_s,86,36,M2,True,0.8440497823193447,0.8440497823193447,0.7497074604034424,0.31877240538597107
20260929,dfine_s,87,37,M2,True,0.9299294254121971,0.9299294254121971,0.796272873878479,0.31877240538597107
20260929,dfine_s,88,37,M2,True,0.8489576603493133,0.8489576603493133,0.804635763168335,0.31877240538597107
20260929,dfine_s,89,37,M2,True,0.8126775786687455,0.8126775786687455,0.7755072712898254,0.31877240538597107
20260929,dfine_s,90,38,M2,True,0.681480789568155,0.681480789568155,0.7928817272186279,0.31877240538597107
20260929,dfine_s,91,38,M2,True,0.7508663337422169,0.7508663337422169,0.7890893220901489,0.31877240538597107
20260929,dfine_s,92,38,M2,True,0.6745349948596402,0.6745349948596402,0.750167191028595,0.31877240538597107
20260929,dfine_s,93,39,M2,True,0.7412925138893541,0.7412925138893541,0.6588392853736877,0.31877240538597107
20260929,dfine_s,94,40,M2,True,0.7820865711597745,0.6909860383883532,0.7455943822860718,0.31877240538597107
20260929,dfine_s,95,41,M2,True,0.7596521491601036,0.7596521491601036,0.7597326636314392,0.31877240538597107
20260929,dfine_s,96,42,M2,True,0.8516432695800265,0.8516432695800265,0.7228774428367615,0.31877240538597107
20260929,dfine_s,97,43,M2,True,0.7081282506678467,0.7081282506678467,0.6361347436904907,0.31877240538597107
20260929,dfine_s,98,44,M2,True,0.7727026160367377,0.7727026160367377,0.7467833757400513,0.31877240538597107
20260929,dfine_s,99,45,M3,True,0.8769618082621377,0.8769618082621377,0.7757072448730469,0.31877240538597107
20260929,dfine_s,100,45,M3,True,0.7050519144583883,0.7050519144583883,0.7475836873054504,0.31877240538597107
20260929,dfine_s,101,45,M3,True,0.7439721123169918,0.7439721123169918,0.7769311666488647,0.31877240538597107
20260929,dfine_s,102,46,M3,True,0.799119251521013,0.799119251521013,0.7815141677856445,0.31877240538597107
20260929,dfine_s,103,46,M3,True,0.7321975764855282,0.7321975764855282,0.7956052422523499,0.31877240538597107
20260929,dfine_s,104,46,M3,True,0.7228005390151989,0.7159822877450525,0.7246230840682983,0.31877240538597107
20260929,dfine_s,105,47,M3,True,0.7555709617623506,0.7555709617623506,0.7102543115615845,0.31877240538597107
20260929,dfine_s,106,47,M3,True,0.8541925456368068,0.8541925456368068,0.7441397905349731,0.31877240538597107
20260929,dfine_s,107,47,M3,True,0.6778020862219153,0.6778020862219153,0.7539013028144836,0.31877240538597107
20260929,dfine_s,108,48,M3,True,0.7759486926035812,0.7759486926035812,0.7643805742263794,0.31877240538597107
20260929,dfine_s,109,48,M3,True,0.6628888584104138,0.6628888584104138,0.7719161510467529,0.31877240538597107
20260929,dfine_s,110,48,M3,False,0.47987808838909757,0.4302889560283164,0.647498369216919,0.31877240538597107
20260929,dfine_s,111,49,M3,True,0.7546909766887331,0.7546909766887331,0.790948748588562,0.31877240538597107
20260929,dfine_s,112,49,M3,True,0.6285265872878075,0.6285265872878075,0.8049358129501343,0.31877240538597107
20260929,dfine_s,113,49,M3,True,0.8095526962655386,0.8095526962655386,0.7694722414016724,0.31877240538597107
20260929,dfine_s,114,50,M3,True,0.5823964582806349,0.5823964582806349,0.7564166188240051,0.31877240538597107
20260929,dfine_s,115,50,M3,True,0.7235154203342147,0.7235154203342147,0.6243144869804382,0.31877240538597107
20260929,dfine_s,116,50,M3,True,0.707825161981481,0.707825161981481,0.7605921626091003,0.31877240538597107
20260929,dfine_s,117,51,M3,True,0.7521421797227502,0.7521421797227502,0.7774848937988281,0.31877240538597107
20260929,dfine_s,118,51,M3,True,0.5754742396348613,0.5754742396348613,0.5924983620643616,0.31877240538597107
20260929,dfine_s,119,51,M3,True,0.6745651066531908,0.6745651066531908,0.6543859839439392,0.31877240538597107
20260929,dfine_s,120,52,M3,True,0.6034856919816058,0.6034856919816058,0.7871278524398804,0.31877240538597107
20260929,dfine_s,121,52,M3,True,0.6805990703721743,0.6805990703721743,0.7840601801872253,0.31877240538597107
20260929,dfine_s,122,52,M3,True,0.528109632756231,0.528109632756231,0.7753689289093018,0.31877240538597107
20260929,dfine_s,123,53,M3,True,0.6996542250221731,0.6996542250221731,0.7903251647949219,0.31877240538597107
20260929,dfine_s,124,53,M3,True,0.540337097064892,0.540337097064892,0.7791510224342346,0.31877240538597107
20260929,dfine_s,125,53,M3,True,0.7874445328633243,0.7874445328633243,0.7550628185272217,0.31877240538597107
20260929,dfine_s,126,54,M3,True,0.7347354579626252,0.7347354579626252,0.7657099366188049,0.31877240538597107
20260929,dfine_s,127,54,M3,True,0.6666935017105541,0.6666935017105541,0.7836726307868958,0.31877240538597107
20260929,dfine_s,128,54,M3,True,0.7727972711954971,0.7727972711954971,0.7513225078582764,0.31877240538597107
20260929,dfine_s,129,55,M3,True,0.7142535016567315,0.7142535016567315,0.760018527507782,0.31877240538597107
20260929,dfine_s,130,55,M3,True,0.7221174945200182,0.7221174945200182,0.7840189337730408,0.31877240538597107
20260929,dfine_s,131,55,M3,True,0.5977511763087927,0.5977511763087927,0.7694426774978638,0.31877240538597107
20260929,dfine_s,132,56,M3,True,0.7962974688766238,0.7557098788772884,0.7713823318481445,0.31877240538597107
20260929,dfine_s,133,56,M3,True,0.5835480176433044,0.5835480176433044,0.7573989629745483,0.31877240538597107
20260929,dfine_s,134,56,M3,True,0.7857053785737289,0.7857053785737289,0.7706129550933838,0.31877240538597107
20260929,dfine_s,135,57,M3,True,0.7106925377068445,0.7106925377068445,0.7291150093078613,0.31877240538597107
20260929,dfine_s,136,58,M3,False,0.5413447522934255,0.4338601786609858,0.7143463492393494,0.31877240538597107
20260929,dfine_s,137,59,M3,True,0.6517555085480967,0.6517555085480967,0.755715548992157,0.31877240538597107
20260929,dfine_s,138,60,M3,True,0.6309302187689128,0.6309302187689128,0.7310027480125427,0.31877240538597107
20260929,dfine_s,139,61,M3,True,0.6598677053481253,0.6598677053481253,0.7206621170043945,0.31877240538597107
20260929,dfine_s,140,62,M3,True,0.6650267657472061,0.6650267657472061,0.7391303777694702,0.31877240538597107
20260929,dfine_s,141,63,M3,True,0.7811179331975121,0.6485701507685646,0.7365652322769165,0.31877240538597107
20260929,dfine_s,142,64,M3,True,0.694827536334242,0.6660074171246217,0.5808898210525513,0.31877240538597107
20260929,dfine_s,143,65,M3,True,0.5666814954244391,0.5289208682080571,0.7233696579933167,0.31877240538597107
20260929,dfine_s,144,66,M3,True,0.7935656146246266,0.7935656146246266,0.4407370388507843,0.31877240538597107
20260929,dfine_s_p2,1,1,M1,True,0.546992266570151,0.546992266570151,0.2503223717212677,0.2429427206516266
20260929,dfine_s_p2,2,1,M1,True,0.9028273987906078,0.9028273987906078,0.7424800992012024,0.2429427206516266
20260929,dfine_s_p2,3,1,M1,True,0.5848878010716407,0.5848878010716407,0.6990807056427002,0.2429427206516266
20260929,dfine_s_p2,4,2,M1,True,0.6477323957484755,0.6477323957484755,0.7254553437232971,0.2429427206516266
20260929,dfine_s_p2,5,2,M1,True,0.8075867008442663,0.8075867008442663,0.7163518667221069,0.2429427206516266
20260929,dfine_s_p2,6,2,M1,True,0.6627884081678732,0.6627884081678732,0.7258997559547424,0.2429427206516266
20260929,dfine_s_p2,7,3,M1,False,0.7789619314255799,0.4317719476928295,0.716528594493866,0.2429427206516266
20260929,dfine_s_p2,8,3,M1,True,0.5826468173407295,0.5826468173407295,0.7604245543479919,0.2429427206516266
20260929,dfine_s_p2,9,3,M1,True,0.6331689988360304,0.6331689988360304,0.704147219657898,0.2429427206516266
20260929,dfine_s_p2,10,4,M1,True,0.7126311088333843,0.7126311088333843,0.737326979637146,0.2429427206516266
20260929,dfine_s_p2,11,4,M1,True,0.7445438826280116,0.7445438826280116,0.7592992782592773,0.2429427206516266
20260929,dfine_s_p2,12,4,M1,True,0.6779751471184094,0.6779751471184094,0.7154049873352051,0.2429427206516266
20260929,dfine_s_p2,13,5,M1,True,0.7419114747361615,0.5730022301478254,0.7530961632728577,0.2429427206516266
20260929,dfine_s_p2,14,5,M1,True,0.6473560843317758,0.6473560843317758,0.7672946453094482,0.2429427206516266
20260929,dfine_s_p2,15,5,M1,True,0.8272775843359165,0.8272775843359165,0.6972143054008484,0.2429427206516266
20260929,dfine_s_p2,16,6,M1,True,0.7517002702026608,0.7517002702026608,0.7441502809524536,0.2429427206516266
20260929,dfine_s_p2,17,6,M1,True,0.7238632979525625,0.67147546665642,0.7488754987716675,0.2429427206516266
20260929,dfine_s_p2,18,6,M1,True,0.702455106778092,0.702455106778092,0.7233136892318726,0.2429427206516266
20260929,dfine_s_p2,19,7,M1,True,0.6776954887968103,0.6776954887968103,0.7344382405281067,0.2429427206516266
20260929,dfine_s_p2,20,7,M1,True,0.699024588194618,0.699024588194618,0.7504751682281494,0.2429427206516266
20260929,dfine_s_p2,21,7,M1,True,0.6760155984677456,0.6760155984677456,0.772175133228302,0.2429427206516266
20260929,dfine_s_p2,22,8,M1,True,0.8153880192245767,0.8153880192245767,0.7284112572669983,0.2429427206516266
20260929,dfine_s_p2,23,8,M1,True,0.622835739167605,0.622835739167605,0.725439190864563,0.2429427206516266
20260929,dfine_s_p2,24,8,M1,True,0.7647655752941689,0.7647655752941689,0.6501282453536987,0.2429427206516266
20260929,dfine_s_p2,25,9,M1,True,0.8371502627975941,0.7966040617313056,0.7301589846611023,0.2429427206516266
20260929,dfine_s_p2,26,9,M1,True,0.7118467290239481,0.7118467290239481,0.7320945858955383,0.2429427206516266
20260929,dfine_s_p2,27,9,M1,True,0.6834601780419927,0.6834601780419927,0.7481131553649902,0.2429427206516266
20260929,dfine_s_p2,28,10,M1,True,0.753259338003677,0.753259338003677,0.7404334545135498,0.2429427206516266
20260929,dfine_s_p2,29,10,M1,True,0.5661635084029699,0.5661635084029699,0.6709323525428772,0.2429427206516266
20260929,dfine_s_p2,30,10,M1,True,0.7901033866448177,0.7901033866448177,0.7580254077911377,0.2429427206516266
20260929,dfine_s_p2,31,11,M1,True,0.7424987489296409,0.7424987489296409,0.7280694246292114,0.2429427206516266
20260929,dfine_s_p2,32,11,M1,True,0.7279899690989792,0.7279899690989792,0.7342391610145569,0.2429427206516266
20260929,dfine_s_p2,33,11,M1,True,0.8005451391130395,0.8005451391130395,0.7308658957481384,0.2429427206516266
20260929,dfine_s_p2,34,12,M1,True,0.7610136203002037,0.7610136203002037,0.35595235228538513,0.2429427206516266
20260929,dfine_s_p2,35,12,M1,True,0.5120489308740857,0.5120489308740857,0.3070148825645447,0.2429427206516266
20260929,dfine_s_p2,36,12,M1,True,0.7611844282570156,0.7611844282570156,0.7157058715820312,0.2429427206516266
20260929,dfine_s_p2,37,13,M1,True,0.7082505123229207,0.7082505123229207,0.7033907175064087,0.2429427206516266
20260929,dfine_s_p2,38,13,M1,True,0.6216355989115792,0.6216355989115792,0.7349103689193726,0.2429427206516266
20260929,dfine_s_p2,39,13,M1,True,0.8952499199323883,0.8952499199323883,0.7138391733169556,0.2429427206516266
20260929,dfine_s_p2,40,14,M1,True,0.8635264995821184,0.8635264995821184,0.7405784726142883,0.2429427206516266
20260929,dfine_s_p2,41,14,M1,True,0.6426267232378203,0.6426267232378203,0.7216385006904602,0.2429427206516266
20260929,dfine_s_p2,42,14,M1,True,0.5718924153235723,0.5718924153235723,0.6962546110153198,0.2429427206516266
20260929,dfine_s_p2,43,15,M1,True,0.7135187704574047,0.7135187704574047,0.5563910603523254,0.2429427206516266
20260929,dfine_s_p2,44,15,M1,True,0.8224322829730474,0.8224322829730474,0.6938495635986328,0.2429427206516266
20260929,dfine_s_p2,45,15,M1,True,0.8596482263695847,0.8596482263695847,0.6579412817955017,0.2429427206516266
20260929,dfine_s_p2,46,16,M1,True,0.7686484163677779,0.7686484163677779,0.743895411491394,0.2429427206516266
20260929,dfine_s_p2,47,17,M1,True,0.650989013426032,0.650989013426032,0.7133831977844238,0.2429427206516266
20260929,dfine_s_p2,48,18,M1,True,0.6883100361715729,0.6883100361715729,0.7130230665206909,0.2429427206516266
20260929,dfine_s_p2,49,19,M1,True,0.7012161873622701,0.7012161873622701,0.7157144546508789,0.2429427206516266
20260929,dfine_s_p2,50,20,M1,True,0.6484516636890978,0.6484516636890978,0.7519551515579224,0.2429427206516266
20260929,dfine_s_p2,51,21,M1,True,0.7171315598347249,0.7171315598347249,0.7370575070381165,0.2429427206516266
20260929,dfine_s_p2,52,22,M1,True,0.7944906936346182,0.7944906936346182,0.7317981719970703,0.2429427206516266
20260929,dfine_s_p2,53,23,M1,True,0.9029281009592419,0.9029281009592419,0.7462450861930847,0.2429427206516266
20260929,dfine_s_p2,54,24,M1,True,0.7172580767092819,0.7172580767092819,0.783292293548584,0.2429427206516266
20260929,dfine_s_p2,55,25,M1,True,0.8098002024554963,0.8098002024554963,0.6893302202224731,0.2429427206516266
20260929,dfine_s_p2,56,26,M1,True,0.7288353582805547,0.7288353582805547,0.702141284942627,0.2429427206516266
20260929,dfine_s_p2,57,27,M2,True,0.5916652903897732,0.5370413989905933,0.7375946640968323,0.2429427206516266
20260929,dfine_s_p2,58,27,M2,True,0.5948340833391604,0.5948340833391604,0.7559309601783752,0.2429427206516266
20260929,dfine_s_p2,59,27,M2,True,0.5619266393206481,0.5619266393206481,0.6675578951835632,0.2429427206516266
20260929,dfine_s_p2,60,28,M2,True,0.6945685501637331,0.6945685501637331,0.7441164255142212,0.2429427206516266
20260929,dfine_s_p2,61,28,M2,False,0.7176377087618059,0.39995032023302374,0.12271955609321594,0.2429427206516266
20260929,dfine_s_p2,62,28,M2,True,0.6459307812892874,0.6459307812892874,0.7683406472206116,0.2429427206516266
20260929,dfine_s_p2,63,29,M2,True,0.7755175185549149,0.7731240948970772,0.7676035761833191,0.2429427206516266
20260929,dfine_s_p2,64,29,M2,True,0.6785881433688391,0.6785881433688391,0.7278478741645813,0.2429427206516266
20260929,dfine_s_p2,65,29,M2,True,0.891094426185654,0.891094426185654,0.6930102109909058,0.2429427206516266
20260929,dfine_s_p2,66,30,M2,True,0.6961376739394525,0.6961376739394525,0.5927866697311401,0.2429427206516266
20260929,dfine_s_p2,67,30,M2,True,0.7150330814045756,0.7150330814045756,0.7695016264915466,0.2429427206516266
20260929,dfine_s_p2,68,30,M2,True,0.6490747683972017,0.6490747683972017,0.7690251469612122,0.2429427206516266
20260929,dfine_s_p2,69,31,M2,True,0.7368414394340923,0.7368414394340923,0.7827981114387512,0.2429427206516266
20260929,dfine_s_p2,70,31,M2,True,0.6600871177515883,0.6600871177515883,0.6362938284873962,0.2429427206516266
20260929,dfine_s_p2,71,31,M2,True,0.7863655016709541,0.7863655016709541,0.774391770362854,0.2429427206516266
20260929,dfine_s_p2,72,32,M2,True,0.843399609254918,0.843399609254918,0.7520651817321777,0.2429427206516266
20260929,dfine_s_p2,73,32,M2,True,0.8189568592268149,0.8189568592268149,0.7506042718887329,0.2429427206516266
20260929,dfine_s_p2,74,32,M2,True,0.7474444222555995,0.7474444222555995,0.6354382038116455,0.2429427206516266
20260929,dfine_s_p2,75,33,M2,True,0.6519414212883936,0.6519414212883936,0.7548508048057556,0.2429427206516266
20260929,dfine_s_p2,76,33,M2,True,0.6661098002246137,0.6661098002246137,0.7072747349739075,0.2429427206516266
20260929,dfine_s_p2,77,33,M2,True,0.7480588477764274,0.7480588477764274,0.7194713950157166,0.2429427206516266
20260929,dfine_s_p2,78,34,M2,True,0.7097364778087665,0.7097364778087665,0.6239681839942932,0.2429427206516266
20260929,dfine_s_p2,79,34,M2,True,0.776148814280591,0.776148814280591,0.6672816276550293,0.2429427206516266
20260929,dfine_s_p2,80,34,M2,True,0.6285155164929743,0.6285155164929743,0.7997159957885742,0.2429427206516266
20260929,dfine_s_p2,81,35,M2,True,0.7342107255338157,0.7342107255338157,0.7019445300102234,0.2429427206516266
20260929,dfine_s_p2,82,35,M2,True,0.8851281538055751,0.8851281538055751,0.7658870220184326,0.2429427206516266
20260929,dfine_s_p2,83,35,M2,True,0.8531727310852107,0.8531727310852107,0.74540114402771,0.2429427206516266
20260929,dfine_s_p2,84,36,M2,True,0.7647998296052343,0.7647998296052343,0.7460538148880005,0.2429427206516266
20260929,dfine_s_p2,85,36,M2,True,0.6970444361127245,0.6970444361127245,0.7449274659156799,0.2429427206516266
20260929,dfine_s_p2,86,36,M2,True,0.842118822284896,0.842118822284896,0.6524298787117004,0.2429427206516266
20260929,dfine_s_p2,87,37,M2,True,0.8651433946453931,0.8651433946453931,0.7492319345474243,0.2429427206516266
20260929,dfine_s_p2,88,37,M2,True,0.7885714918521348,0.7885714918521348,0.7649110555648804,0.2429427206516266
20260929,dfine_s_p2,89,37,M2,True,0.8537313119764101,0.8537313119764101,0.7514693737030029,0.2429427206516266
20260929,dfine_s_p2,90,38,M2,True,0.6966904425179198,0.6966904425179198,0.7805514931678772,0.2429427206516266
20260929,dfine_s_p2,91,38,M2,True,0.7886260134622087,0.7886260134622087,0.7493758797645569,0.2429427206516266
20260929,dfine_s_p2,92,38,M2,True,0.7124173788282394,0.7124173788282394,0.637796938419342,0.2429427206516266
20260929,dfine_s_p2,93,39,M2,True,0.718500209107948,0.718500209107948,0.7999709844589233,0.2429427206516266
20260929,dfine_s_p2,94,40,M2,True,0.7366724338843749,0.7366724338843749,0.7188719511032104,0.2429427206516266
20260929,dfine_s_p2,95,41,M2,True,0.8579838466122602,0.8579838466122602,0.7787294983863831,0.2429427206516266
20260929,dfine_s_p2,96,42,M2,True,0.7218115981180943,0.7218115981180943,0.8160310387611389,0.2429427206516266
20260929,dfine_s_p2,97,43,M2,True,0.7514565570388461,0.7514565570388461,0.7788306474685669,0.2429427206516266
20260929,dfine_s_p2,98,44,M2,True,0.7708560871248483,0.7708560871248483,0.7407047152519226,0.2429427206516266
20260929,dfine_s_p2,99,45,M3,True,0.8768921615322985,0.8768921615322985,0.7508202195167542,0.2429427206516266
20260929,dfine_s_p2,100,45,M3,True,0.810727231463371,0.810727231463371,0.6920210123062134,0.2429427206516266
20260929,dfine_s_p2,101,45,M3,True,0.7247584654385276,0.7247584654385276,0.7283670902252197,0.2429427206516266
20260929,dfine_s_p2,102,46,M3,True,0.733626259668484,0.733626259668484,0.7322545051574707,0.2429427206516266
20260929,dfine_s_p2,103,46,M3,True,0.6889469009627142,0.6889469009627142,0.7072208523750305,0.2429427206516266
20260929,dfine_s_p2,104,46,M3,True,0.7394714063873438,0.7394714063873438,0.7617965936660767,0.2429427206516266
20260929,dfine_s_p2,105,47,M3,True,0.8681631669739381,0.8681631669739381,0.628757655620575,0.2429427206516266
20260929,dfine_s_p2,106,47,M3,True,0.7970182287263059,0.7970182287263059,0.7382348775863647,0.2429427206516266
20260929,dfine_s_p2,107,47,M3,True,0.723504558659357,0.723504558659357,0.7799327373504639,0.2429427206516266
20260929,dfine_s_p2,108,48,M3,True,0.7874912744056429,0.7874912744056429,0.7531452775001526,0.2429427206516266
20260929,dfine_s_p2,109,48,M3,True,0.698703594497285,0.698703594497285,0.793566882610321,0.2429427206516266
20260929,dfine_s_p2,110,48,M3,False,0.6028679125638872,0.4037004786961035,0.5549157857894897,0.2429427206516266
20260929,dfine_s_p2,111,49,M3,True,0.6980615702514813,0.6980615702514813,0.7159726023674011,0.2429427206516266
20260929,dfine_s_p2,112,49,M3,True,0.702039661507062,0.702039661507062,0.7783845067024231,0.2429427206516266
20260929,dfine_s_p2,113,49,M3,True,0.7988369577420444,0.7988369577420444,0.6501772999763489,0.2429427206516266
20260929,dfine_s_p2,114,50,M3,True,0.5847347705652381,0.5847347705652381,0.7454996705055237,0.2429427206516266
20260929,dfine_s_p2,115,50,M3,True,0.787500857915107,0.787500857915107,0.7510923147201538,0.2429427206516266
20260929,dfine_s_p2,116,50,M3,True,0.7366241499306725,0.7366241499306725,0.7551225423812866,0.2429427206516266
20260929,dfine_s_p2,117,51,M3,True,0.7545355012870526,0.7545355012870526,0.7579100728034973,0.2429427206516266
20260929,dfine_s_p2,118,51,M3,True,0.5629754533654282,0.5629754533654282,0.42291632294654846,0.2429427206516266
20260929,dfine_s_p2,119,51,M3,True,0.5652009250313028,0.5652009250313028,0.6933596730232239,0.2429427206516266
20260929,dfine_s_p2,120,52,M3,True,0.5976432178916765,0.5976432178916765,0.758613109588623,0.2429427206516266
20260929,dfine_s_p2,121,52,M3,True,0.6243744384386503,0.6243744384386503,0.7239887118339539,0.2429427206516266
20260929,dfine_s_p2,122,52,M3,True,0.5200724683143284,0.5200724683143284,0.7472310662269592,0.2429427206516266
20260929,dfine_s_p2,123,53,M3,True,0.780532388688737,0.780532388688737,0.7412233948707581,0.2429427206516266
20260929,dfine_s_p2,124,53,M3,True,0.5587789407287791,0.5587789407287791,0.71000736951828,0.2429427206516266
20260929,dfine_s_p2,125,53,M3,True,0.7486515033534041,0.7486515033534041,0.7412534356117249,0.2429427206516266
20260929,dfine_s_p2,126,54,M3,True,0.7953940368817477,0.7953940368817477,0.7665531039237976,0.2429427206516266
20260929,dfine_s_p2,127,54,M3,True,0.5875704296912893,0.5875704296912893,0.5760203003883362,0.2429427206516266
20260929,dfine_s_p2,128,54,M3,True,0.7600190295725017,0.7600190295725017,0.7601075172424316,0.2429427206516266
20260929,dfine_s_p2,129,55,M3,True,0.698257474055864,0.698257474055864,0.6806475520133972,0.2429427206516266
20260929,dfine_s_p2,130,55,M3,True,0.8742776067640373,0.8742776067640373,0.7198519706726074,0.2429427206516266
20260929,dfine_s_p2,131,55,M3,True,0.642873175697609,0.642873175697609,0.7722737789154053,0.2429427206516266
20260929,dfine_s_p2,132,56,M3,True,0.7668004088647002,0.7668004088647002,0.6609662175178528,0.2429427206516266
20260929,dfine_s_p2,133,56,M3,True,0.6316858248733143,0.6316858248733143,0.7297629714012146,0.2429427206516266
20260929,dfine_s_p2,134,56,M3,True,0.7888915142732494,0.7888915142732494,0.7584533095359802,0.2429427206516266
20260929,dfine_s_p2,135,57,M3,True,0.6077943030727679,0.6077943030727679,0.6982773542404175,0.2429427206516266
20260929,dfine_s_p2,136,58,M3,False,0.42857233972534,0.42857233972534,0.7274749279022217,0.2429427206516266
20260929,dfine_s_p2,137,59,M3,True,0.6389350892835272,0.6389350892835272,0.7311904430389404,0.2429427206516266
20260929,dfine_s_p2,138,60,M3,True,0.7174572606459612,0.7174572606459612,0.6954804062843323,0.2429427206516266
20260929,dfine_s_p2,139,61,M3,True,0.7134887214815823,0.7134887214815823,0.736973762512207,0.2429427206516266
20260929,dfine_s_p2,140,62,M3,True,0.6564554628227769,0.6564554628227769,0.7167345881462097,0.2429427206516266
20260929,dfine_s_p2,141,63,M3,True,0.6233069372098775,0.6233069372098775,0.7379002571105957,0.2429427206516266
20260929,dfine_s_p2,142,64,M3,True,0.6645004143123163,0.6645004143123163,0.7432795166969299,0.2429427206516266
20260929,dfine_s_p2,143,65,M3,True,0.5169497437367488,0.5169497437367488,0.7256197333335876,0.2429427206516266
20260929,dfine_s_p2,144,66,M3,True,0.6588576433849498,0.6588576433849498,0.7262834906578064,0.2429427206516266
20260929,dfine_mal_UQ,1,1,M1,True,0.5187650466620265,0.5187650466620265,0.6909172534942627,0.15639793872833252
20260929,dfine_mal_UQ,2,1,M1,True,0.8298410843481939,0.8298410843481939,0.6702508330345154,0.15639793872833252
20260929,dfine_mal_UQ,3,1,M1,True,0.5645370733444531,0.5645370733444531,0.694662868976593,0.15639793872833252
20260929,dfine_mal_UQ,4,2,M1,True,0.660313772973154,0.660313772973154,0.6583307981491089,0.15639793872833252
20260929,dfine_mal_UQ,5,2,M1,True,0.8014926112729286,0.8014926112729286,0.6294634938240051,0.15639793872833252
20260929,dfine_mal_UQ,6,2,M1,True,0.6454589985755445,0.6454589985755445,0.6810337901115417,0.15639793872833252
20260929,dfine_mal_UQ,7,3,M1,True,0.5082525837150637,0.5082525837150637,0.6414768099784851,0.15639793872833252
20260929,dfine_mal_UQ,8,3,M1,True,0.5820358732163244,0.5820358732163244,0.6600169539451599,0.15639793872833252
20260929,dfine_mal_UQ,9,3,M1,True,0.5907517128051538,0.5907517128051538,0.6421067714691162,0.15639793872833252
20260929,dfine_mal_UQ,10,4,M1,True,0.7705810877923002,0.7705810877923002,0.6714454293251038,0.15639793872833252
20260929,dfine_mal_UQ,11,4,M1,True,0.7269314172117743,0.7269314172117743,0.6816431283950806,0.15639793872833252
20260929,dfine_mal_UQ,12,4,M1,True,0.6198997772866035,0.6198997772866035,0.6622301340103149,0.15639793872833252
20260929,dfine_mal_UQ,13,5,M1,True,0.6158609652409547,0.6158609652409547,0.6891791224479675,0.15639793872833252
20260929,dfine_mal_UQ,14,5,M1,True,0.6544636603216395,0.6544636603216395,0.6698173880577087,0.15639793872833252
20260929,dfine_mal_UQ,15,5,M1,True,0.7989831031829864,0.7989831031829864,0.6467466354370117,0.15639793872833252
20260929,dfine_mal_UQ,16,6,M1,True,0.737743610517549,0.737743610517549,0.6830421686172485,0.15639793872833252
20260929,dfine_mal_UQ,17,6,M1,True,0.6603728519940347,0.6603728519940347,0.6577705144882202,0.15639793872833252
20260929,dfine_mal_UQ,18,6,M1,True,0.7256735862969997,0.7256735862969997,0.6933135390281677,0.15639793872833252
20260929,dfine_mal_UQ,19,7,M1,True,0.83419322355838,0.765047304416341,0.6888094544410706,0.15639793872833252
20260929,dfine_mal_UQ,20,7,M1,True,0.7232751704629049,0.7232751704629049,0.6655571460723877,0.15639793872833252
20260929,dfine_mal_UQ,21,7,M1,True,0.6916416301307902,0.6916416301307902,0.632119357585907,0.15639793872833252
20260929,dfine_mal_UQ,22,8,M1,True,0.7924324491701711,0.7924324491701711,0.6485045552253723,0.15639793872833252
20260929,dfine_mal_UQ,23,8,M1,True,0.6410478833683478,0.6225000893061133,0.6510498523712158,0.15639793872833252
20260929,dfine_mal_UQ,24,8,M1,True,0.796589561610243,0.796589561610243,0.5451798439025879,0.15639793872833252
20260929,dfine_mal_UQ,25,9,M1,True,0.768928006612235,0.768928006612235,0.6766641139984131,0.15639793872833252
20260929,dfine_mal_UQ,26,9,M1,True,0.7122823057018225,0.7122823057018225,0.6541123986244202,0.15639793872833252
20260929,dfine_mal_UQ,27,9,M1,True,0.7423029147098903,0.7423029147098903,0.6523088812828064,0.15639793872833252
20260929,dfine_mal_UQ,28,10,M1,True,0.7611473066759498,0.7611473066759498,0.6777496933937073,0.15639793872833252
20260929,dfine_mal_UQ,29,10,M1,True,0.5998919559842781,0.5474180654847823,0.6649911999702454,0.15639793872833252
20260929,dfine_mal_UQ,30,10,M1,True,0.7645824589822074,0.7645824589822074,0.682015061378479,0.15639793872833252
20260929,dfine_mal_UQ,31,11,M1,True,0.8785341254879399,0.8785341254879399,0.6256547570228577,0.15639793872833252
20260929,dfine_mal_UQ,32,11,M1,True,0.7596380467867602,0.7596380467867602,0.6610532402992249,0.15639793872833252
20260929,dfine_mal_UQ,33,11,M1,True,0.7933487397681145,0.7933487397681145,0.6632949113845825,0.15639793872833252
20260929,dfine_mal_UQ,34,12,M1,True,0.7597168260939479,0.7597168260939479,0.6785755753517151,0.15639793872833252
20260929,dfine_mal_UQ,35,12,M1,True,0.7980245945931174,0.7980245945931174,0.6666487455368042,0.15639793872833252
20260929,dfine_mal_UQ,36,12,M1,True,0.7587502425548843,0.7587502425548843,0.6448910236358643,0.15639793872833252
20260929,dfine_mal_UQ,37,13,M1,True,0.7401442779904088,0.7030058260816582,0.677794337272644,0.15639793872833252
20260929,dfine_mal_UQ,38,13,M1,True,0.6390238577397914,0.6390238577397914,0.6814270615577698,0.15639793872833252
20260929,dfine_mal_UQ,39,13,M1,True,0.7514542302386991,0.7514542302386991,0.6841051578521729,0.15639793872833252
20260929,dfine_mal_UQ,40,14,M1,True,0.7997279042069225,0.7997279042069225,0.6668155789375305,0.15639793872833252
20260929,dfine_mal_UQ,41,14,M1,True,0.758362792455761,0.758362792455761,0.6490811109542847,0.15639793872833252
20260929,dfine_mal_UQ,42,14,M1,True,0.5991919969785828,0.5991919969785828,0.6225281357765198,0.15639793872833252
20260929,dfine_mal_UQ,43,15,M1,True,0.7632058453292232,0.7632058453292232,0.6515640020370483,0.15639793872833252
20260929,dfine_mal_UQ,44,15,M1,True,0.7805478539585287,0.7805478539585287,0.6623570322990417,0.15639793872833252
20260929,dfine_mal_UQ,45,15,M1,True,0.7906873856692713,0.7906873856692713,0.6584675908088684,0.15639793872833252
20260929,dfine_mal_UQ,46,16,M1,True,0.7159439781074899,0.7159439781074899,0.7234325408935547,0.15639793872833252
20260929,dfine_mal_UQ,47,17,M1,True,0.6969599629219771,0.5972332977630647,0.7049676775932312,0.15639793872833252
20260929,dfine_mal_UQ,48,18,M1,True,0.645814998466103,0.645814998466103,0.716185450553894,0.15639793872833252
20260929,dfine_mal_UQ,49,19,M1,True,0.6088612834243354,0.6088612834243354,0.7143716216087341,0.15639793872833252
20260929,dfine_mal_UQ,50,20,M1,True,0.6834665912483161,0.6397517224115276,0.7178734540939331,0.15639793872833252
20260929,dfine_mal_UQ,51,21,M1,True,0.6597097850217424,0.6597097850217424,0.7189803123474121,0.15639793872833252
20260929,dfine_mal_UQ,52,22,M1,True,0.6860485691551995,0.6860485691551995,0.7122868299484253,0.15639793872833252
20260929,dfine_mal_UQ,53,23,M1,True,0.8047629192906964,0.8047629192906964,0.742062509059906,0.15639793872833252
20260929,dfine_mal_UQ,54,24,M1,True,0.8002589624322675,0.8002589624322675,0.7355901002883911,0.15639793872833252
20260929,dfine_mal_UQ,55,25,M1,True,0.7048409363393369,0.7048409363393369,0.7243108749389648,0.15639793872833252
20260929,dfine_mal_UQ,56,26,M1,True,0.8136406543122785,0.8136406543122785,0.7224524021148682,0.15639793872833252
20260929,dfine_mal_UQ,57,27,M2,True,0.8560748041007626,0.5905554861136715,0.7006065845489502,0.15639793872833252
20260929,dfine_mal_UQ,58,27,M2,True,0.6500560147578506,0.6500560147578506,0.709373950958252,0.15639793872833252
20260929,dfine_mal_UQ,59,27,M2,True,0.6307951599853352,0.6307951599853352,0.7015568614006042,0.15639793872833252
20260929,dfine_mal_UQ,60,28,M2,True,0.7622933798865157,0.7434521518698153,0.6936367154121399,0.15639793872833252
20260929,dfine_mal_UQ,61,28,M2,True,0.9563728236728869,0.6203213128324686,0.701535165309906,0.15639793872833252
20260929,dfine_mal_UQ,62,28,M2,True,0.6646383460917058,0.6646383460917058,0.7074639201164246,0.15639793872833252
20260929,dfine_mal_UQ,63,29,M2,True,0.7655609059986591,0.7655609059986591,0.7090502977371216,0.15639793872833252
20260929,dfine_mal_UQ,64,29,M2,True,0.7976996570573719,0.7976996570573719,0.6865701079368591,0.15639793872833252
20260929,dfine_mal_UQ,65,29,M2,True,0.9152750566727812,0.9152750566727812,0.6962829828262329,0.15639793872833252
20260929,dfine_mal_UQ,66,30,M2,True,0.679472378089265,0.679472378089265,0.7018041610717773,0.15639793872833252
20260929,dfine_mal_UQ,67,30,M2,True,0.7441965032947259,0.7441965032947259,0.6971381902694702,0.15639793872833252
20260929,dfine_mal_UQ,68,30,M2,True,0.6747213056548561,0.6747213056548561,0.6745472550392151,0.15639793872833252
20260929,dfine_mal_UQ,69,31,M2,True,0.7674065946966898,0.7674065946966898,0.7153344750404358,0.15639793872833252
20260929,dfine_mal_UQ,70,31,M2,True,0.6912692709975313,0.6819280180615821,0.6973443627357483,0.15639793872833252
20260929,dfine_mal_UQ,71,31,M2,True,0.8181913978140565,0.8181913978140565,0.7133926749229431,0.15639793872833252
20260929,dfine_mal_UQ,72,32,M2,True,0.834160137624948,0.834160137624948,0.7171643376350403,0.15639793872833252
20260929,dfine_mal_UQ,73,32,M2,True,0.769461187058355,0.769461187058355,0.6860262751579285,0.15639793872833252
20260929,dfine_mal_UQ,74,32,M2,True,0.7202677912217001,0.7202677912217001,0.7007645964622498,0.15639793872833252
20260929,dfine_mal_UQ,75,33,M2,True,0.5773788830034707,0.5773788830034707,0.7168312072753906,0.15639793872833252
20260929,dfine_mal_UQ,76,33,M2,True,0.5560624996515076,0.5560624996515076,0.7176473736763,0.15639793872833252
20260929,dfine_mal_UQ,77,33,M2,True,0.652737439504161,0.652737439504161,0.7063763737678528,0.15639793872833252
20260929,dfine_mal_UQ,78,34,M2,True,0.6742409476613628,0.6742409476613628,0.7022358775138855,0.15639793872833252
20260929,dfine_mal_UQ,79,34,M2,True,0.7746951716450576,0.7746951716450576,0.6997929811477661,0.15639793872833252
20260929,dfine_mal_UQ,80,34,M2,True,0.6197537463800036,0.6197537463800036,0.664183497428894,0.15639793872833252
20260929,dfine_mal_UQ,81,35,M2,True,0.76252688665478,0.76252688665478,0.7050184011459351,0.15639793872833252
20260929,dfine_mal_UQ,82,35,M2,True,0.842145555062478,0.842145555062478,0.7033939957618713,0.15639793872833252
20260929,dfine_mal_UQ,83,35,M2,True,0.8062456225908425,0.8062456225908425,0.6939770579338074,0.15639793872833252
20260929,dfine_mal_UQ,84,36,M2,True,0.7956735720800016,0.7956735720800016,0.6990054249763489,0.15639793872833252
20260929,dfine_mal_UQ,85,36,M2,True,0.730509721512721,0.730509721512721,0.7078244090080261,0.15639793872833252
20260929,dfine_mal_UQ,86,36,M2,True,0.8904285571415325,0.8904285571415325,0.6954138875007629,0.15639793872833252
20260929,dfine_mal_UQ,87,37,M2,True,0.9242980499858998,0.9242980499858998,0.7028516530990601,0.15639793872833252
20260929,dfine_mal_UQ,88,37,M2,True,0.8206098102438747,0.8206098102438747,0.7098943591117859,0.15639793872833252
20260929,dfine_mal_UQ,89,37,M2,True,0.789055948678768,0.789055948678768,0.6771727204322815,0.15639793872833252
20260929,dfine_mal_UQ,90,38,M2,True,0.66319840669402,0.66319840669402,0.7049276232719421,0.15639793872833252
20260929,dfine_mal_UQ,91,38,M2,True,0.7860244915599938,0.7860244915599938,0.6961127519607544,0.15639793872833252
20260929,dfine_mal_UQ,92,38,M2,True,0.6612000201041162,0.6612000201041162,0.6907891631126404,0.15639793872833252
20260929,dfine_mal_UQ,93,39,M2,True,0.686006761655506,0.6570737864779235,0.720783531665802,0.15639793872833252
20260929,dfine_mal_UQ,94,40,M2,True,0.6805754495300341,0.6805754495300341,0.7236064672470093,0.15639793872833252
20260929,dfine_mal_UQ,95,41,M2,True,0.8418077312494247,0.8418077312494247,0.7297760844230652,0.15639793872833252
20260929,dfine_mal_UQ,96,42,M2,True,0.7523400065108043,0.7523400065108043,0.7306987643241882,0.15639793872833252
20260929,dfine_mal_UQ,97,43,M2,True,0.716152580401302,0.716152580401302,0.7146931290626526,0.15639793872833252
20260929,dfine_mal_UQ,98,44,M2,True,0.7787014248603243,0.7787014248603243,0.7265484929084778,0.15639793872833252
20260929,dfine_mal_UQ,99,45,M3,True,0.8997120917034275,0.8997120917034275,0.6926001906394958,0.15639793872833252
20260929,dfine_mal_UQ,100,45,M3,True,0.8163775745806592,0.8163775745806592,0.6880720257759094,0.15639793872833252
20260929,dfine_mal_UQ,101,45,M3,True,0.692520478254712,0.692520478254712,0.6739485263824463,0.15639793872833252
20260929,dfine_mal_UQ,102,46,M3,True,0.8443268777148987,0.7236491245028348,0.6928842067718506,0.15639793872833252
20260929,dfine_mal_UQ,103,46,M3,True,0.7041287531353193,0.7041287531353193,0.6930801868438721,0.15639793872833252
20260929,dfine_mal_UQ,104,46,M3,True,0.7918463562801583,0.7918463562801583,0.695954442024231,0.15639793872833252
20260929,dfine_mal_UQ,105,47,M3,True,0.84914634881948,0.84914634881948,0.6862396597862244,0.15639793872833252
20260929,dfine_mal_UQ,106,47,M3,True,0.7737300047357935,0.7737300047357935,0.6628646850585938,0.15639793872833252
20260929,dfine_mal_UQ,107,47,M3,True,0.7550555986529919,0.7550555986529919,0.6597842574119568,0.15639793872833252
20260929,dfine_mal_UQ,108,48,M3,True,0.8998947830910926,0.8998947830910926,0.6539483666419983,0.15639793872833252
20260929,dfine_mal_UQ,109,48,M3,True,0.6664101506493988,0.6664101506493988,0.6862999796867371,0.15639793872833252
20260929,dfine_mal_UQ,110,48,M3,False,0.5482202246868094,0.30867040562415055,0.304558664560318,0.15639793872833252
20260929,dfine_mal_UQ,111,49,M3,True,0.7025334951161865,0.6580056206090983,0.6756350994110107,0.15639793872833252
20260929,dfine_mal_UQ,112,49,M3,True,0.6058433784852046,0.6058433784852046,0.69313645362854,0.15639793872833252
20260929,dfine_mal_UQ,113,49,M3,True,0.9126372823149912,0.9126372823149912,0.690011203289032,0.15639793872833252
20260929,dfine_mal_UQ,114,50,M3,True,0.7122344582600934,0.5269575608270557,0.6623879075050354,0.15639793872833252
20260929,dfine_mal_UQ,115,50,M3,True,0.6644670131923244,0.6644670131923244,0.6750502586364746,0.15639793872833252
20260929,dfine_mal_UQ,116,50,M3,True,0.7321344675530503,0.7321344675530503,0.6904195547103882,0.15639793872833252
20260929,dfine_mal_UQ,117,51,M3,True,0.7599872984957928,0.7599872984957928,0.704082727432251,0.15639793872833252
20260929,dfine_mal_UQ,118,51,M3,True,0.5592662305504944,0.5592662305504944,0.7062484622001648,0.15639793872833252
20260929,dfine_mal_UQ,119,51,M3,True,0.6776367132816751,0.6776367132816751,0.665684163570404,0.15639793872833252
20260929,dfine_mal_UQ,120,52,M3,True,0.6428104933463863,0.5934305092496487,0.7036727666854858,0.15639793872833252
20260929,dfine_mal_UQ,121,52,M3,True,0.6398394812941622,0.6398394812941622,0.7039369940757751,0.15639793872833252
20260929,dfine_mal_UQ,122,52,M3,True,0.5597150935766543,0.5597150935766543,0.6792933344841003,0.15639793872833252
20260929,dfine_mal_UQ,123,53,M3,True,0.6533248465300839,0.6533248465300839,0.7006120681762695,0.15639793872833252
20260929,dfine_mal_UQ,124,53,M3,True,0.5453976975796908,0.5453976975796908,0.6872261166572571,0.15639793872833252
20260929,dfine_mal_UQ,125,53,M3,True,0.7782620662390738,0.7782620662390738,0.6731643080711365,0.15639793872833252
20260929,dfine_mal_UQ,126,54,M3,True,0.7676926164200726,0.7099970804201494,0.6896356344223022,0.15639793872833252
20260929,dfine_mal_UQ,127,54,M3,True,0.6759288491653884,0.6759288491653884,0.6746917366981506,0.15639793872833252
20260929,dfine_mal_UQ,128,54,M3,True,0.6630508848222267,0.6630508848222267,0.6734759211540222,0.15639793872833252
20260929,dfine_mal_UQ,129,55,M3,True,0.7429632462538571,0.7084296432398883,0.6708551645278931,0.15639793872833252
20260929,dfine_mal_UQ,130,55,M3,True,0.8406850311016203,0.8406850311016203,0.6836190819740295,0.15639793872833252
20260929,dfine_mal_UQ,131,55,M3,True,0.7081974775171936,0.5595348802691078,0.6588119268417358,0.15639793872833252
20260929,dfine_mal_UQ,132,56,M3,True,0.7378600527649873,0.7378600527649873,0.6761014461517334,0.15639793872833252
20260929,dfine_mal_UQ,133,56,M3,True,0.571630450964803,0.571630450964803,0.6588364839553833,0.15639793872833252
20260929,dfine_mal_UQ,134,56,M3,True,0.8022559270287375,0.8022559270287375,0.6696478128433228,0.15639793872833252
20260929,dfine_mal_UQ,135,57,M3,True,0.7307931657893256,0.7307931657893256,0.6107057929039001,0.15639793872833252
20260929,dfine_mal_UQ,136,58,M3,False,0.4487764437545745,0.4487764437545745,0.6871570944786072,0.15639793872833252
20260929,dfine_mal_UQ,137,59,M3,True,0.7000658471507333,0.7000658471507333,0.6549149751663208,0.15639793872833252
20260929,dfine_mal_UQ,138,60,M3,True,0.7145097341198675,0.5839466633395167,0.6705538034439087,0.15639793872833252
20260929,dfine_mal_UQ,139,61,M3,True,0.7058202202819049,0.7058202202819049,0.6281439661979675,0.15639793872833252
20260929,dfine_mal_UQ,140,62,M3,True,0.8200114898074116,0.6741125306517333,0.6623024940490723,0.15639793872833252
20260929,dfine_mal_UQ,141,63,M3,True,0.6487222796209896,0.6487222796209896,0.6696919202804565,0.15639793872833252
20260929,dfine_mal_UQ,142,64,M3,True,0.6752584300751672,0.6752584300751672,0.6650340557098389,0.15639793872833252
20260929,dfine_mal_UQ,143,65,M3,False,0.46229637990379446,0.46229637990379446,0.7318867444992065,0.15639793872833252
20260929,dfine_mal_UQ,144,66,M3,True,0.7281034261256343,0.7281034261256343,0.6949459910392761,0.15639793872833252
20260930,yolov8s,1,1,M1,True,0.5933094311593293,0.5933094311593293,0.8867753744125366,0.8020033836364746
20260930,yolov8s,2,1,M1,True,0.776091041345291,0.776091041345291,0.909257709980011,0.8020033836364746
20260930,yolov8s,3,1,M1,True,0.5543275855224317,0.5543275855224317,0.8756605982780457,0.8020033836364746
20260930,yolov8s,4,2,M1,True,0.7163878522030058,0.7163878522030058,0.8873140811920166,0.8020033836364746
20260930,yolov8s,5,2,M1,True,0.7494023761600735,0.7494023761600735,0.9188050031661987,0.8020033836364746
20260930,yolov8s,6,2,M1,True,0.5763020597295953,0.5763020597295953,0.8339829444885254,0.8020033836364746
20260930,yolov8s,7,3,M1,True,0.5484978939385178,0.5484978939385178,0.8416187763214111,0.8020033836364746
20260930,yolov8s,8,3,M1,True,0.6322561855120025,0.6322561855120025,0.8620034456253052,0.8020033836364746
20260930,yolov8s,9,3,M1,True,0.6252247444751885,0.6252247444751885,0.8963271379470825,0.8020033836364746
20260930,yolov8s,10,4,M1,True,0.7378115101364201,0.7378115101364201,0.8702388405799866,0.8020033836364746
20260930,yolov8s,11,4,M1,True,0.7557160537732849,0.7557160537732849,0.8691935539245605,0.8020033836364746
20260930,yolov8s,12,4,M1,True,0.7558890838521837,0.7558890838521837,0.8408021926879883,0.8020033836364746
20260930,yolov8s,13,5,M1,True,0.5463010811756062,0.5463010811756062,0.886055588722229,0.8020033836364746
20260930,yolov8s,14,5,M1,True,0.5789932774111346,0.5789932774111346,0.8683726787567139,0.8020033836364746
20260930,yolov8s,15,5,M1,True,0.8423396476455317,0.8423396476455317,0.8676216006278992,0.8020033836364746
20260930,yolov8s,16,6,M1,True,0.6944254633518738,0.6944254633518738,0.8856725692749023,0.8020033836364746
20260930,yolov8s,17,6,M1,True,0.7080662415860249,0.7080662415860249,0.8959411382675171,0.8020033836364746
20260930,yolov8s,18,6,M1,True,0.6213967307496046,0.6213967307496046,0.8278504610061646,0.8020033836364746
20260930,yolov8s,19,7,M1,True,0.7476384646040507,0.7476384646040507,0.8955504894256592,0.8020033836364746
20260930,yolov8s,20,7,M1,True,0.706306539813471,0.706306539813471,0.8754972219467163,0.8020033836364746
20260930,yolov8s,21,7,M1,True,0.6616870315390369,0.6616870315390369,0.9005919694900513,0.8020033836364746
20260930,yolov8s,22,8,M1,True,0.8378600069671255,0.8378600069671255,0.8825078010559082,0.8020033836364746
20260930,yolov8s,23,8,M1,True,0.679915203758307,0.679915203758307,0.8882619142532349,0.8020033836364746
20260930,yolov8s,24,8,M1,True,0.7444469760687731,0.7444469760687731,0.8893643021583557,0.8020033836364746
20260930,yolov8s,25,9,M1,True,0.6580824838572864,0.6580824838572864,0.8592039346694946,0.8020033836364746
20260930,yolov8s,26,9,M1,True,0.6901624861030855,0.6901624861030855,0.8578585982322693,0.8020033836364746
20260930,yolov8s,27,9,M1,True,0.7760134842386079,0.7760134842386079,0.8957560658454895,0.8020033836364746
20260930,yolov8s,28,10,M1,True,0.7856075528920793,0.7856075528920793,0.922538161277771,0.8020033836364746
20260930,yolov8s,29,10,M1,True,0.5125671934370817,0.5125671934370817,0.8950697183609009,0.8020033836364746
20260930,yolov8s,30,10,M1,True,0.744109757377059,0.744109757377059,0.8608671426773071,0.8020033836364746
20260930,yolov8s,31,11,M1,True,0.6653139079120826,0.6653139079120826,0.9149670004844666,0.8020033836364746
20260930,yolov8s,32,11,M1,True,0.6637888187395203,0.6637888187395203,0.8895130753517151,0.8020033836364746
20260930,yolov8s,33,11,M1,True,0.7619706902370252,0.7619706902370252,0.8585549592971802,0.8020033836364746
20260930,yolov8s,34,12,M1,True,0.8870942471031764,0.8870942471031764,0.9021960496902466,0.8020033836364746
20260930,yolov8s,35,12,M1,True,0.7730598186443025,0.7730598186443025,0.8981841802597046,0.8020033836364746
20260930,yolov8s,36,12,M1,True,0.7127720075356875,0.7127720075356875,0.8766859173774719,0.8020033836364746
20260930,yolov8s,37,13,M1,True,0.7644832453976866,0.7644832453976866,0.8865870237350464,0.8020033836364746
20260930,yolov8s,38,13,M1,True,0.806903586535433,0.806903586535433,0.9034634828567505,0.8020033836364746
20260930,yolov8s,39,13,M1,True,0.857431382117176,0.857431382117176,0.8640586733818054,0.8020033836364746
20260930,yolov8s,40,14,M1,True,0.7149021623652927,0.7149021623652927,0.8931271433830261,0.8020033836364746
20260930,yolov8s,41,14,M1,True,0.6489931188879983,0.6489931188879983,0.8020033836364746,0.8020033836364746
20260930,yolov8s,42,14,M1,True,0.6155012430518747,0.6155012430518747,0.8152311444282532,0.8020033836364746
20260930,yolov8s,43,15,M1,True,0.7824277308679292,0.7824277308679292,0.8519762754440308,0.8020033836364746
20260930,yolov8s,44,15,M1,True,0.7032328886785031,0.7032328886785031,0.9055166244506836,0.8020033836364746
20260930,yolov8s,45,15,M1,True,0.8591752944538988,0.8591752944538988,0.840922474861145,0.8020033836364746
20260930,yolov8s,46,16,M1,True,0.6354727680716606,0.6354727680716606,0.9223317503929138,0.8020033836364746
20260930,yolov8s,47,17,M1,True,0.6733522423348135,0.6733522423348135,0.8790614008903503,0.8020033836364746
20260930,yolov8s,48,18,M1,True,0.7436639881133107,0.7436639881133107,0.9129116535186768,0.8020033836364746
20260930,yolov8s,49,19,M1,True,0.6688963788830334,0.6688963788830334,0.8813450932502747,0.8020033836364746
20260930,yolov8s,50,20,M1,True,0.6703556610256065,0.6703556610256065,0.8648115396499634,0.8020033836364746
20260930,yolov8s,51,21,M1,True,0.648563636755287,0.648563636755287,0.8964545726776123,0.8020033836364746
20260930,yolov8s,52,22,M1,True,0.8384058235930693,0.8384058235930693,0.9013381600379944,0.8020033836364746
20260930,yolov8s,53,23,M1,True,0.8728905863305775,0.8728905863305775,0.9033737778663635,0.8020033836364746
20260930,yolov8s,54,24,M1,True,0.7385893091617108,0.7385893091617108,0.9182789921760559,0.8020033836364746
20260930,yolov8s,55,25,M1,True,0.7827086364176795,0.7827086364176795,0.8980501890182495,0.8020033836364746
20260930,yolov8s,56,26,M1,True,0.70836927147387,0.70836927147387,0.9039733409881592,0.8020033836364746
20260930,yolov8s,57,27,M2,True,0.6901644234433761,0.6901644234433761,0.91907799243927,0.8020033836364746
20260930,yolov8s,58,27,M2,True,0.7019142235135052,0.7019142235135052,0.8799279928207397,0.8020033836364746
20260930,yolov8s,59,27,M2,True,0.6423755861862711,0.6423755861862711,0.8710622191429138,0.8020033836364746
20260930,yolov8s,60,28,M2,True,0.6838690199121512,0.6838690199121512,0.9108527898788452,0.8020033836364746
20260930,yolov8s,61,28,M2,True,0.5323666124281343,0.5323666124281343,0.9033254384994507,0.8020033836364746
20260930,yolov8s,62,28,M2,True,0.6888960401477585,0.6888960401477585,0.898653507232666,0.8020033836364746
20260930,yolov8s,63,29,M2,True,0.7670808832706967,0.7670808832706967,0.9099606871604919,0.8020033836364746
20260930,yolov8s,64,29,M2,True,0.8429666553904915,0.8429666553904915,0.8855600357055664,0.8020033836364746
20260930,yolov8s,65,29,M2,True,0.7885174305826069,0.7885174305826069,0.8928515315055847,0.8020033836364746
20260930,yolov8s,66,30,M2,True,0.7157582516642759,0.7157582516642759,0.9015527963638306,0.8020033836364746
20260930,yolov8s,67,30,M2,True,0.8019466774727217,0.8019466774727217,0.8948174715042114,0.8020033836364746
20260930,yolov8s,68,30,M2,True,0.6529217223210182,0.6529217223210182,0.8659884929656982,0.8020033836364746
20260930,yolov8s,69,31,M2,True,0.8575108011131397,0.8575108011131397,0.9147166013717651,0.8020033836364746
20260930,yolov8s,70,31,M2,True,0.6544710374435667,0.6544710374435667,0.8742973208427429,0.8020033836364746
20260930,yolov8s,71,31,M2,True,0.8656100442229228,0.8656100442229228,0.8947063088417053,0.8020033836364746
20260930,yolov8s,72,32,M2,True,0.746533860512723,0.746533860512723,0.9047713875770569,0.8020033836364746
20260930,yolov8s,73,32,M2,True,0.861685940908311,0.861685940908311,0.9178974628448486,0.8020033836364746
20260930,yolov8s,74,32,M2,True,0.8900876299227437,0.8900876299227437,0.8853086829185486,0.8020033836364746
20260930,yolov8s,75,33,M2,True,0.7086021490471193,0.7086021490471193,0.9184442758560181,0.8020033836364746
20260930,yolov8s,76,33,M2,True,0.6659316359068973,0.6659316359068973,0.8983072638511658,0.8020033836364746
20260930,yolov8s,77,33,M2,True,0.7181112192568881,0.7181112192568881,0.9185048937797546,0.8020033836364746
20260930,yolov8s,78,34,M2,True,0.7270636166659723,0.7270636166659723,0.9259510040283203,0.8020033836364746
20260930,yolov8s,79,34,M2,True,0.7731381398578044,0.7731381398578044,0.905081033706665,0.8020033836364746
20260930,yolov8s,80,34,M2,True,0.653315975552017,0.653315975552017,0.9205554127693176,0.8020033836364746
20260930,yolov8s,81,35,M2,True,0.791231800816317,0.791231800816317,0.9047104120254517,0.8020033836364746
20260930,yolov8s,82,35,M2,True,0.7423641646367631,0.7423641646367631,0.9002166986465454,0.8020033836364746
20260930,yolov8s,83,35,M2,True,0.7770738141394133,0.7770738141394133,0.912308394908905,0.8020033836364746
20260930,yolov8s,84,36,M2,True,0.7485109090913873,0.7485109090913873,0.8938544988632202,0.8020033836364746
20260930,yolov8s,85,36,M2,True,0.5976012430753174,0.5976012430753174,0.9038870930671692,0.8020033836364746
20260930,yolov8s,86,36,M2,True,0.8306885305668156,0.8306885305668156,0.8949097394943237,0.8020033836364746
20260930,yolov8s,87,37,M2,True,0.8048751641335699,0.8048751641335699,0.9137663245201111,0.8020033836364746
20260930,yolov8s,88,37,M2,True,0.7641791104218053,0.7641791104218053,0.888151228427887,0.8020033836364746
20260930,yolov8s,89,37,M2,True,0.8657686980843691,0.8657686980843691,0.9260756373405457,0.8020033836364746
20260930,yolov8s,90,38,M2,True,0.6746008639601762,0.6746008639601762,0.9126383066177368,0.8020033836364746
20260930,yolov8s,91,38,M2,True,0.7169083521513219,0.7169083521513219,0.9092524647712708,0.8020033836364746
20260930,yolov8s,92,38,M2,True,0.6537602183905247,0.6537602183905247,0.9212262630462646,0.8020033836364746
20260930,yolov8s,93,39,M2,True,0.7312270008821876,0.7312270008821876,0.91580730676651,0.8020033836364746
20260930,yolov8s,94,40,M2,True,0.7156996175341711,0.7156996175341711,0.9176181554794312,0.8020033836364746
20260930,yolov8s,95,41,M2,True,0.8025969686024899,0.8025969686024899,0.912230372428894,0.8020033836364746
20260930,yolov8s,96,42,M2,True,0.7328572180570933,0.7328572180570933,0.9214283227920532,0.8020033836364746
20260930,yolov8s,97,43,M2,True,0.7393610027984694,0.7393610027984694,0.8672645092010498,0.8020033836364746
20260930,yolov8s,98,44,M2,True,0.7678999475740261,0.7678999475740261,0.9186126589775085,0.8020033836364746
20260930,yolov8s,99,45,M3,True,0.8159735933856063,0.8159735933856063,0.8628683686256409,0.8020033836364746
20260930,yolov8s,100,45,M3,True,0.7598195928265739,0.7598195928265739,0.8936182260513306,0.8020033836364746
20260930,yolov8s,101,45,M3,True,0.8843161921651032,0.8843161921651032,0.9023704528808594,0.8020033836364746
20260930,yolov8s,102,46,M3,True,0.8516859430826657,0.8516859430826657,0.8901368379592896,0.8020033836364746
20260930,yolov8s,103,46,M3,True,0.7537961480254102,0.7537961480254102,0.8636895418167114,0.8020033836364746
20260930,yolov8s,104,46,M3,True,0.8710452097420979,0.8710452097420979,0.8665792942047119,0.8020033836364746
20260930,yolov8s,105,47,M3,True,0.7754438988176018,0.7754438988176018,0.9072979092597961,0.8020033836364746
20260930,yolov8s,106,47,M3,True,0.8510090340765902,0.8510090340765902,0.8914516568183899,0.8020033836364746
20260930,yolov8s,107,47,M3,True,0.6658175091526499,0.6658175091526499,0.8414065837860107,0.8020033836364746
20260930,yolov8s,108,48,M3,True,0.9049272483163869,0.9049272483163869,0.8083281517028809,0.8020033836364746
20260930,yolov8s,109,48,M3,True,0.7499402560658754,0.7499402560658754,0.8869885206222534,0.8020033836364746
20260930,yolov8s,110,48,M3,False,0.3217247982114622,0.3217247982114622,0.8709598779678345,0.8020033836364746
20260930,yolov8s,111,49,M3,True,0.8301426471896788,0.8301426471896788,0.8721829652786255,0.8020033836364746
20260930,yolov8s,112,49,M3,True,0.6665115357433099,0.6665115357433099,0.8682281970977783,0.8020033836364746
20260930,yolov8s,113,49,M3,True,0.8114457769570362,0.8114457769570362,0.8756347298622131,0.8020033836364746
20260930,yolov8s,114,50,M3,True,0.6218853208258792,0.6218853208258792,0.8438342809677124,0.8020033836364746
20260930,yolov8s,115,50,M3,True,0.7503262373534315,0.7503262373534315,0.8810096383094788,0.8020033836364746
20260930,yolov8s,116,50,M3,True,0.7874097971170908,0.7874097971170908,0.880605161190033,0.8020033836364746
20260930,yolov8s,117,51,M3,True,0.7358149149032959,0.7358149149032959,0.8866522312164307,0.8020033836364746
20260930,yolov8s,118,51,M3,True,0.5378680996775451,0.5378680996775451,0.8029568791389465,0.8020033836364746
20260930,yolov8s,119,51,M3,True,0.6777089659929943,0.6777089659929943,0.8679966926574707,0.8020033836364746
20260930,yolov8s,120,52,M3,True,0.6007226438178915,0.6007226438178915,0.8654857277870178,0.8020033836364746
20260930,yolov8s,121,52,M3,True,0.6031725197931972,0.6031725197931972,0.8876398205757141,0.8020033836364746
20260930,yolov8s,122,52,M3,False,0.4715370636683725,0.4715370636683725,0.8764678239822388,0.8020033836364746
20260930,yolov8s,123,53,M3,True,0.6309402868690037,0.6309402868690037,0.8726622462272644,0.8020033836364746
20260930,yolov8s,124,53,M3,True,0.6079627413766239,0.6079627413766239,0.9004531502723694,0.8020033836364746
20260930,yolov8s,125,53,M3,True,0.6918415567791588,0.6918415567791588,0.892045795917511,0.8020033836364746
20260930,yolov8s,126,54,M3,True,0.8313311662578347,0.8313311662578347,0.885460376739502,0.8020033836364746
20260930,yolov8s,127,54,M3,True,0.5849658155448655,0.5849658155448655,0.9071404337882996,0.8020033836364746
20260930,yolov8s,128,54,M3,True,0.7372616088336812,0.7372616088336812,0.877515971660614,0.8020033836364746
20260930,yolov8s,129,55,M3,True,0.7551621323661454,0.7551621323661454,0.8743335604667664,0.8020033836364746
20260930,yolov8s,130,55,M3,True,0.8422771770355846,0.8422771770355846,0.901262104511261,0.8020033836364746
20260930,yolov8s,131,55,M3,True,0.6824871208572988,0.6824871208572988,0.8467373847961426,0.8020033836364746
20260930,yolov8s,132,56,M3,False,0.496904088477389,0.496904088477389,0.8806830048561096,0.8020033836364746
20260930,yolov8s,133,56,M3,False,0.49419241620575394,0.49419241620575394,0.8766445517539978,0.8020033836364746
20260930,yolov8s,134,56,M3,True,0.7419591934755126,0.7419591934755126,0.8707846403121948,0.8020033836364746
20260930,yolov8s,135,57,M3,True,0.580587770936308,0.580587770936308,0.8795182704925537,0.8020033836364746
20260930,yolov8s,136,58,M3,False,0.4103477876074087,0.4103477876074087,0.8498064875602722,0.8020033836364746
20260930,yolov8s,137,59,M3,False,0.4692125861102887,0.4692125861102887,0.8718668222427368,0.8020033836364746
20260930,yolov8s,138,60,M3,True,0.8665799172696833,0.8665799172696833,0.8621790409088135,0.8020033836364746
20260930,yolov8s,139,61,M3,True,0.876771463536447,0.876771463536447,0.8802968859672546,0.8020033836364746
20260930,yolov8s,140,62,M3,True,0.7570355392247167,0.7570355392247167,0.8771378397941589,0.8020033836364746
20260930,yolov8s,141,63,M3,True,0.572676138883643,0.572676138883643,0.8353173732757568,0.8020033836364746
20260930,yolov8s,142,64,M3,True,0.6275899739871421,0.6275899739871421,0.8907778263092041,0.8020033836364746
20260930,yolov8s,143,65,M3,False,0.369288980233131,0.369288980233131,0.7554414868354797,0.8020033836364746
20260930,yolov8s,144,66,M3,False,0.5163657851391157,0.5163657851391157,0.5129039287567139,0.8020033836364746
20260930,yolov8s_p2,1,1,M1,True,0.5720800202175935,0.5720800202175935,0.9311136603355408,0.47702929377555847
20260930,yolov8s_p2,2,1,M1,True,0.8424224894382882,0.8424224894382882,0.9145131707191467,0.47702929377555847
20260930,yolov8s_p2,3,1,M1,False,0.49392251688524946,0.49392251688524946,0.9212625622749329,0.47702929377555847
20260930,yolov8s_p2,4,2,M1,True,0.7007955875123035,0.7007955875123035,0.9255690574645996,0.47702929377555847
20260930,yolov8s_p2,5,2,M1,True,0.7518312336698555,0.7518312336698555,0.8988398313522339,0.47702929377555847
20260930,yolov8s_p2,6,2,M1,True,0.5896104908137922,0.5896104908137922,0.9138851165771484,0.47702929377555847
20260930,yolov8s_p2,7,3,M1,True,0.5594886398696168,0.5594886398696168,0.8909586071968079,0.47702929377555847
20260930,yolov8s_p2,8,3,M1,True,0.6903749093319665,0.6903749093319665,0.9291264414787292,0.47702929377555847
20260930,yolov8s_p2,9,3,M1,True,0.676776836089572,0.676776836089572,0.888731062412262,0.47702929377555847
20260930,yolov8s_p2,10,4,M1,True,0.6533329273926757,0.6533329273926757,0.9026711583137512,0.47702929377555847
20260930,yolov8s_p2,11,4,M1,True,0.7240376518399928,0.7240376518399928,0.9143585562705994,0.47702929377555847
20260930,yolov8s_p2,12,4,M1,True,0.6835182192348473,0.6835182192348473,0.8663263916969299,0.47702929377555847
20260930,yolov8s_p2,13,5,M1,True,0.6885204635596913,0.6885204635596913,0.9186476469039917,0.47702929377555847
20260930,yolov8s_p2,14,5,M1,True,0.6743665095544675,0.6743665095544675,0.9072085022926331,0.47702929377555847
20260930,yolov8s_p2,15,5,M1,True,0.7438591099430404,0.7438591099430404,0.8801318407058716,0.47702929377555847
20260930,yolov8s_p2,16,6,M1,True,0.5916286881157827,0.5916286881157827,0.8898695707321167,0.47702929377555847
20260930,yolov8s_p2,17,6,M1,True,0.7486553230555831,0.7486553230555831,0.9108442664146423,0.47702929377555847
20260930,yolov8s_p2,18,6,M1,True,0.548564111949594,0.548564111949594,0.9061204195022583,0.47702929377555847
20260930,yolov8s_p2,19,7,M1,True,0.6770260387730792,0.6770260387730792,0.9167380928993225,0.47702929377555847
20260930,yolov8s_p2,20,7,M1,True,0.74239170851156,0.74239170851156,0.9081727266311646,0.47702929377555847
20260930,yolov8s_p2,21,7,M1,True,0.6843770961194735,0.6843770961194735,0.9295275807380676,0.47702929377555847
20260930,yolov8s_p2,22,8,M1,True,0.8216981204857784,0.8216981204857784,0.9208411574363708,0.47702929377555847
20260930,yolov8s_p2,23,8,M1,True,0.6868987314125312,0.6868987314125312,0.9226096868515015,0.47702929377555847
20260930,yolov8s_p2,24,8,M1,True,0.7551767801924809,0.7551767801924809,0.9327182769775391,0.47702929377555847
20260930,yolov8s_p2,25,9,M1,True,0.7054148441524254,0.7054148441524254,0.937617301940918,0.47702929377555847
20260930,yolov8s_p2,26,9,M1,True,0.6818591729769569,0.6818591729769569,0.8904154300689697,0.47702929377555847
20260930,yolov8s_p2,27,9,M1,True,0.544529804771027,0.544529804771027,0.9018487334251404,0.47702929377555847
20260930,yolov8s_p2,28,10,M1,True,0.7060385477369571,0.7060385477369571,0.9483790397644043,0.47702929377555847
20260930,yolov8s_p2,29,10,M1,True,0.5585396638005189,0.5585396638005189,0.9232680797576904,0.47702929377555847
20260930,yolov8s_p2,30,10,M1,True,0.7131383404038315,0.7131383404038315,0.884438693523407,0.47702929377555847
20260930,yolov8s_p2,31,11,M1,True,0.6834400380788951,0.6834400380788951,0.9395375847816467,0.47702929377555847
20260930,yolov8s_p2,32,11,M1,True,0.6666788169100965,0.6666788169100965,0.9493464827537537,0.47702929377555847
20260930,yolov8s_p2,33,11,M1,True,0.7591737140853675,0.7591737140853675,0.9113670587539673,0.47702929377555847
20260930,yolov8s_p2,34,12,M1,True,0.8562089599859316,0.8562089599859316,0.9143704175949097,0.47702929377555847
20260930,yolov8s_p2,35,12,M1,True,0.8162582572963459,0.8162582572963459,0.9207934737205505,0.47702929377555847
20260930,yolov8s_p2,36,12,M1,True,0.7777556941714427,0.7777556941714427,0.9264366626739502,0.47702929377555847
20260930,yolov8s_p2,37,13,M1,True,0.7416774475569281,0.7416774475569281,0.9428354501724243,0.47702929377555847
20260930,yolov8s_p2,38,13,M1,True,0.6571089237946327,0.6571089237946327,0.9291216135025024,0.47702929377555847
20260930,yolov8s_p2,39,13,M1,True,0.6871273990863976,0.6871273990863976,0.8663113713264465,0.47702929377555847
20260930,yolov8s_p2,40,14,M1,True,0.7818694254942054,0.7818694254942054,0.9305179119110107,0.47702929377555847
20260930,yolov8s_p2,41,14,M1,True,0.6113285274202163,0.6113285274202163,0.9103705883026123,0.47702929377555847
20260930,yolov8s_p2,42,14,M1,True,0.5886805931330704,0.5886805931330704,0.8941084742546082,0.47702929377555847
20260930,yolov8s_p2,43,15,M1,True,0.8676630286582341,0.8676630286582341,0.9050872921943665,0.47702929377555847
20260930,yolov8s_p2,44,15,M1,True,0.710790216114827,0.710790216114827,0.9316453337669373,0.47702929377555847
20260930,yolov8s_p2,45,15,M1,True,0.7976884385878583,0.7976884385878583,0.8837929368019104,0.47702929377555847
20260930,yolov8s_p2,46,16,M1,True,0.6629098865141317,0.6629098865141317,0.9254380464553833,0.47702929377555847
20260930,yolov8s_p2,47,17,M1,True,0.7297851740345411,0.7297851740345411,0.9093413949012756,0.47702929377555847
20260930,yolov8s_p2,48,18,M1,True,0.7342570544660308,0.7342570544660308,0.9407138824462891,0.47702929377555847
20260930,yolov8s_p2,49,19,M1,True,0.6359858933043777,0.6359858933043777,0.9315799474716187,0.47702929377555847
20260930,yolov8s_p2,50,20,M1,True,0.7151453519609782,0.7151453519609782,0.9382047653198242,0.47702929377555847
20260930,yolov8s_p2,51,21,M1,True,0.6468660268009712,0.6468660268009712,0.9351372122764587,0.47702929377555847
20260930,yolov8s_p2,52,22,M1,True,0.8690204111686889,0.8690204111686889,0.9420663118362427,0.47702929377555847
20260930,yolov8s_p2,53,23,M1,True,0.8002758371628637,0.8002758371628637,0.9316626191139221,0.47702929377555847
20260930,yolov8s_p2,54,24,M1,True,0.772402625656608,0.772402625656608,0.9396711587905884,0.47702929377555847
20260930,yolov8s_p2,55,25,M1,True,0.8281346981968534,0.8281346981968534,0.9419211149215698,0.47702929377555847
20260930,yolov8s_p2,56,26,M1,True,0.8468570073440194,0.8468570073440194,0.9336400032043457,0.47702929377555847
20260930,yolov8s_p2,57,27,M2,True,0.6499834126974048,0.6499834126974048,0.9399361610412598,0.47702929377555847
20260930,yolov8s_p2,58,27,M2,True,0.7231573224705519,0.7231573224705519,0.9073411226272583,0.47702929377555847
20260930,yolov8s_p2,59,27,M2,True,0.6032648050035335,0.6032648050035335,0.9052886962890625,0.47702929377555847
20260930,yolov8s_p2,60,28,M2,True,0.81847745873667,0.81847745873667,0.9147174954414368,0.47702929377555847
20260930,yolov8s_p2,61,28,M2,True,0.550208912904768,0.550208912904768,0.9401718378067017,0.47702929377555847
20260930,yolov8s_p2,62,28,M2,True,0.677293011839401,0.677293011839401,0.9274242520332336,0.47702929377555847
20260930,yolov8s_p2,63,29,M2,True,0.7599969547719537,0.7599969547719537,0.9394272565841675,0.47702929377555847
20260930,yolov8s_p2,64,29,M2,True,0.8110960920748711,0.8110960920748711,0.9136387705802917,0.47702929377555847
20260930,yolov8s_p2,65,29,M2,True,0.8054221771026442,0.8054221771026442,0.9304006695747375,0.47702929377555847
20260930,yolov8s_p2,66,30,M2,True,0.6530271943137184,0.6530271943137184,0.9253196120262146,0.47702929377555847
20260930,yolov8s_p2,67,30,M2,True,0.8184940440935494,0.8184940440935494,0.9243301153182983,0.47702929377555847
20260930,yolov8s_p2,68,30,M2,True,0.7844464666374062,0.7844464666374062,0.9147626757621765,0.47702929377555847
20260930,yolov8s_p2,69,31,M2,True,0.8470176708599378,0.8470176708599378,0.923099160194397,0.47702929377555847
20260930,yolov8s_p2,70,31,M2,True,0.6354226902758852,0.6354226902758852,0.9157902002334595,0.47702929377555847
20260930,yolov8s_p2,71,31,M2,True,0.8262119551651504,0.8262119551651504,0.9083942174911499,0.47702929377555847
20260930,yolov8s_p2,72,32,M2,True,0.7901155196237339,0.7901155196237339,0.9121535420417786,0.47702929377555847
20260930,yolov8s_p2,73,32,M2,True,0.9071617276354749,0.9071617276354749,0.9374999403953552,0.47702929377555847
20260930,yolov8s_p2,74,32,M2,True,0.8212643370365463,0.8212643370365463,0.9351682662963867,0.47702929377555847
20260930,yolov8s_p2,75,33,M2,True,0.6964841543502078,0.6964841543502078,0.9372947216033936,0.47702929377555847
20260930,yolov8s_p2,76,33,M2,True,0.6068020043382102,0.6068020043382102,0.9261249303817749,0.47702929377555847
20260930,yolov8s_p2,77,33,M2,True,0.7343862869658179,0.7343862869658179,0.936344563961029,0.47702929377555847
20260930,yolov8s_p2,78,34,M2,True,0.7019889914218446,0.7019889914218446,0.9311949014663696,0.47702929377555847
20260930,yolov8s_p2,79,34,M2,True,0.7753804409295931,0.7753804409295931,0.926355242729187,0.47702929377555847
20260930,yolov8s_p2,80,34,M2,True,0.7099426282336949,0.7099426282336949,0.9107147455215454,0.47702929377555847
20260930,yolov8s_p2,81,35,M2,True,0.7726506462079658,0.7726506462079658,0.9411501884460449,0.47702929377555847
20260930,yolov8s_p2,82,35,M2,True,0.8369178776455639,0.8369178776455639,0.9413451552391052,0.47702929377555847
20260930,yolov8s_p2,83,35,M2,True,0.8259599317704279,0.8259599317704279,0.9259851574897766,0.47702929377555847
20260930,yolov8s_p2,84,36,M2,True,0.718662903190109,0.718662903190109,0.8885141015052795,0.47702929377555847
20260930,yolov8s_p2,85,36,M2,True,0.58576680888909,0.58576680888909,0.9554153680801392,0.47702929377555847
20260930,yolov8s_p2,86,36,M2,True,0.8452957296266321,0.8452957296266321,0.9175330400466919,0.47702929377555847
20260930,yolov8s_p2,87,37,M2,True,0.8884135255136081,0.8884135255136081,0.9309241771697998,0.47702929377555847
20260930,yolov8s_p2,88,37,M2,True,0.8274315824505878,0.8274315824505878,0.912437379360199,0.47702929377555847
20260930,yolov8s_p2,89,37,M2,True,0.852653259089977,0.852653259089977,0.9347741603851318,0.47702929377555847
20260930,yolov8s_p2,90,38,M2,True,0.6948556757698765,0.6948556757698765,0.929019570350647,0.47702929377555847
20260930,yolov8s_p2,91,38,M2,True,0.710476655250812,0.710476655250812,0.9175718426704407,0.47702929377555847
20260930,yolov8s_p2,92,38,M2,True,0.7506767330305328,0.7506767330305328,0.906259298324585,0.47702929377555847
20260930,yolov8s_p2,93,39,M2,True,0.7895543389802209,0.7895543389802209,0.9283055663108826,0.47702929377555847
20260930,yolov8s_p2,94,40,M2,True,0.7655776847125076,0.7655776847125076,0.9317293167114258,0.47702929377555847
20260930,yolov8s_p2,95,41,M2,True,0.7627573034246148,0.7627573034246148,0.9162705540657043,0.47702929377555847
20260930,yolov8s_p2,96,42,M2,True,0.7206700541326018,0.7206700541326018,0.9398065209388733,0.47702929377555847
20260930,yolov8s_p2,97,43,M2,True,0.7988170278776378,0.7988170278776378,0.9287599325180054,0.47702929377555847
20260930,yolov8s_p2,98,44,M2,True,0.8277757546107793,0.8277757546107793,0.937920093536377,0.47702929377555847
20260930,yolov8s_p2,99,45,M3,True,0.8215304674933546,0.8215304674933546,0.9333163499832153,0.47702929377555847
20260930,yolov8s_p2,100,45,M3,True,0.7186271396167151,0.7186271396167151,0.9151772260665894,0.47702929377555847
20260930,yolov8s_p2,101,45,M3,True,0.8724326277842969,0.8724326277842969,0.9339125752449036,0.47702929377555847
20260930,yolov8s_p2,102,46,M3,True,0.8178942192944628,0.8178942192944628,0.8997858166694641,0.47702929377555847
20260930,yolov8s_p2,103,46,M3,True,0.7822780269682401,0.7822780269682401,0.9117163419723511,0.47702929377555847
20260930,yolov8s_p2,104,46,M3,True,0.768337764821978,0.768337764821978,0.9119972586631775,0.47702929377555847
20260930,yolov8s_p2,105,47,M3,True,0.8308588822939749,0.8308588822939749,0.9158859848976135,0.47702929377555847
20260930,yolov8s_p2,106,47,M3,True,0.7851983365980236,0.7851983365980236,0.9193292260169983,0.47702929377555847
20260930,yolov8s_p2,107,47,M3,True,0.730424421268446,0.730424421268446,0.9158428907394409,0.47702929377555847
20260930,yolov8s_p2,108,48,M3,True,0.8993711442719335,0.8993711442719335,0.8879371881484985,0.47702929377555847
20260930,yolov8s_p2,109,48,M3,True,0.6813495450259252,0.6813495450259252,0.9263598322868347,0.47702929377555847
20260930,yolov8s_p2,110,48,M3,False,0.3752513116682762,0.3752513116682762,0.893069326877594,0.47702929377555847
20260930,yolov8s_p2,111,49,M3,True,0.783254186404898,0.783254186404898,0.9301075339317322,0.47702929377555847
20260930,yolov8s_p2,112,49,M3,True,0.6167974988806878,0.6167974988806878,0.8992826342582703,0.47702929377555847
20260930,yolov8s_p2,113,49,M3,True,0.8664182459479999,0.8664182459479999,0.9363580346107483,0.47702929377555847
20260930,yolov8s_p2,114,50,M3,True,0.6321741480599432,0.6321741480599432,0.92289137840271,0.47702929377555847
20260930,yolov8s_p2,115,50,M3,True,0.8281452597663713,0.8281452597663713,0.9284208416938782,0.47702929377555847
20260930,yolov8s_p2,116,50,M3,True,0.8029227613291336,0.8029227613291336,0.9273239970207214,0.47702929377555847
20260930,yolov8s_p2,117,51,M3,True,0.8282232820832265,0.8282232820832265,0.9012216329574585,0.47702929377555847
20260930,yolov8s_p2,118,51,M3,True,0.5001451256034177,0.5001451256034177,0.8316969871520996,0.47702929377555847
20260930,yolov8s_p2,119,51,M3,True,0.6974007568596169,0.6974007568596169,0.8507943153381348,0.47702929377555847
20260930,yolov8s_p2,120,52,M3,True,0.583784815086005,0.583784815086005,0.857093334197998,0.47702929377555847
20260930,yolov8s_p2,121,52,M3,True,0.6335256804544143,0.6335256804544143,0.9062416553497314,0.47702929377555847
20260930,yolov8s_p2,122,52,M3,True,0.5388958711110075,0.5388958711110075,0.8973349928855896,0.47702929377555847
20260930,yolov8s_p2,123,53,M3,True,0.6014136666118693,0.6014136666118693,0.9191628098487854,0.47702929377555847
20260930,yolov8s_p2,124,53,M3,True,0.5726590021973377,0.5726590021973377,0.9214583039283752,0.47702929377555847
20260930,yolov8s_p2,125,53,M3,True,0.7565540730576727,0.7565540730576727,0.9290673136711121,0.47702929377555847
20260930,yolov8s_p2,126,54,M3,True,0.8674556561831734,0.8674556561831734,0.9158244132995605,0.47702929377555847
20260930,yolov8s_p2,127,54,M3,True,0.6114943534780422,0.6114943534780422,0.9399494528770447,0.47702929377555847
20260930,yolov8s_p2,128,54,M3,True,0.7188860666115898,0.7188860666115898,0.9081798791885376,0.47702929377555847
20260930,yolov8s_p2,129,55,M3,True,0.6726828702526676,0.6726828702526676,0.8646242022514343,0.47702929377555847
20260930,yolov8s_p2,130,55,M3,True,0.7677853810643602,0.7677853810643602,0.9118965864181519,0.47702929377555847
20260930,yolov8s_p2,131,55,M3,True,0.6767548098818851,0.6767548098818851,0.9084198474884033,0.47702929377555847
20260930,yolov8s_p2,132,56,M3,True,0.5258776057396904,0.5258776057396904,0.9298078417778015,0.47702929377555847
20260930,yolov8s_p2,133,56,M3,True,0.5571959940912584,0.5571959940912584,0.9184975624084473,0.47702929377555847
20260930,yolov8s_p2,134,56,M3,True,0.7275320761247901,0.7275320761247901,0.9208530187606812,0.47702929377555847
20260930,yolov8s_p2,135,57,M3,True,0.6235346681484495,0.6235346681484495,0.8589537739753723,0.47702929377555847
20260930,yolov8s_p2,136,58,M3,False,0.45251968571810736,0.45251968571810736,0.9224480390548706,0.47702929377555847
20260930,yolov8s_p2,137,59,M3,True,0.537217336152662,0.537217336152662,0.9060315489768982,0.47702929377555847
20260930,yolov8s_p2,138,60,M3,True,0.782065038750298,0.782065038750298,0.8889594674110413,0.47702929377555847
20260930,yolov8s_p2,139,61,M3,True,0.7844080532265666,0.7844080532265666,0.9170256853103638,0.47702929377555847
20260930,yolov8s_p2,140,62,M3,True,0.7735554075099684,0.7735554075099684,0.9016497135162354,0.47702929377555847
20260930,yolov8s_p2,141,63,M3,False,0.4939995768148809,0.4939995768148809,0.9259828925132751,0.47702929377555847
20260930,yolov8s_p2,142,64,M3,True,0.752500414423838,0.752500414423838,0.47702929377555847,0.47702929377555847
20260930,yolov8s_p2,143,65,M3,False,0.3716151236470549,0.3716151236470549,0.9151256084442139,0.47702929377555847
20260930,yolov8s_p2,144,66,M3,False,0.4208850164251209,0.4208850164251209,0.486335813999176,0.47702929377555847
20260930,dfine_s,1,1,M1,False,0.7503450162925299,0.4923603837177544,0.7486825585365295,0.4116468131542206
20260930,dfine_s,2,1,M1,True,0.9600220651562009,0.9600220651562009,0.7324088215827942,0.4116468131542206
20260930,dfine_s,3,1,M1,True,0.611635228937911,0.5757665108616714,0.781371533870697,0.4116468131542206
20260930,dfine_s,4,2,M1,True,0.6552982380862136,0.6552982380862136,0.7471008896827698,0.4116468131542206
20260930,dfine_s,5,2,M1,True,0.7771124239021442,0.7771124239021442,0.7453267574310303,0.4116468131542206
20260930,dfine_s,6,2,M1,True,0.6638274781617802,0.6638274781617802,0.764972984790802,0.4116468131542206
20260930,dfine_s,7,3,M1,False,0.5984092837988602,0.48737785829474223,0.770794153213501,0.4116468131542206
20260930,dfine_s,8,3,M1,True,0.6841564990861662,0.5940867386135933,0.7657384276390076,0.4116468131542206
20260930,dfine_s,9,3,M1,True,0.6799373285598691,0.6622994979716585,0.731497585773468,0.4116468131542206
20260930,dfine_s,10,4,M1,True,0.8266700269502147,0.8266700269502147,0.7433812022209167,0.4116468131542206
20260930,dfine_s,11,4,M1,True,0.7887273661752146,0.7887273661752146,0.7213154435157776,0.4116468131542206
20260930,dfine_s,12,4,M1,True,0.6926644287193866,0.6403638208482384,0.6803609132766724,0.4116468131542206
20260930,dfine_s,13,5,M1,True,0.6840315438241835,0.6276604141808314,0.7591170072555542,0.4116468131542206
20260930,dfine_s,14,5,M1,True,0.6617826801415732,0.6617826801415732,0.7402113676071167,0.4116468131542206
20260930,dfine_s,15,5,M1,True,0.805530845803347,0.805530845803347,0.7007960677146912,0.4116468131542206
20260930,dfine_s,16,6,M1,True,0.709683180726056,0.6807468596112819,0.7642483115196228,0.4116468131542206
20260930,dfine_s,17,6,M1,True,0.7086969045582706,0.7086969045582706,0.7531940340995789,0.4116468131542206
20260930,dfine_s,18,6,M1,True,0.7676165386726265,0.7676165386726265,0.7695204615592957,0.4116468131542206
20260930,dfine_s,19,7,M1,True,0.7795529311276549,0.6527312667391604,0.7556891441345215,0.4116468131542206
20260930,dfine_s,20,7,M1,True,0.7124250600430658,0.7124250600430658,0.7794243693351746,0.4116468131542206
20260930,dfine_s,21,7,M1,True,0.6769882613757545,0.6769882613757545,0.7432703971862793,0.4116468131542206
20260930,dfine_s,22,8,M1,True,0.8147119713028288,0.8147119713028288,0.7486246824264526,0.4116468131542206
20260930,dfine_s,23,8,M1,True,0.728031600809491,0.606766995587355,0.7421963810920715,0.4116468131542206
20260930,dfine_s,24,8,M1,True,0.9053524926658063,0.7193856284757083,0.7741755247116089,0.4116468131542206
20260930,dfine_s,25,9,M1,True,0.7287728464917549,0.7073920117706786,0.7475188970565796,0.4116468131542206
20260930,dfine_s,26,9,M1,True,0.7305681686086373,0.6926788337565946,0.7481968402862549,0.4116468131542206
20260930,dfine_s,27,9,M1,True,0.6678065302253177,0.6678065302253177,0.6722846627235413,0.4116468131542206
20260930,dfine_s,28,10,M1,True,0.706779996302069,0.706779996302069,0.7720879316329956,0.4116468131542206
20260930,dfine_s,29,10,M1,True,0.595286704658441,0.5250990917503104,0.7720863223075867,0.4116468131542206
20260930,dfine_s,30,10,M1,True,0.747568475758559,0.747568475758559,0.7507339715957642,0.4116468131542206
20260930,dfine_s,31,11,M1,True,0.8281168700752526,0.7353907377311145,0.7812552452087402,0.4116468131542206
20260930,dfine_s,32,11,M1,True,0.8211955059794798,0.7158260159416638,0.7948563694953918,0.4116468131542206
20260930,dfine_s,33,11,M1,True,0.8583783537840098,0.8583783537840098,0.776299238204956,0.4116468131542206
20260930,dfine_s,34,12,M1,True,0.8628735863951952,0.8628735863951952,0.7732434868812561,0.4116468131542206
20260930,dfine_s,35,12,M1,True,0.8348919631926323,0.8348919631926323,0.7752697467803955,0.4116468131542206
20260930,dfine_s,36,12,M1,True,0.7404704001858887,0.667862930313518,0.7238625884056091,0.4116468131542206
20260930,dfine_s,37,13,M1,True,0.7633982661741772,0.7633982661741772,0.7589362263679504,0.4116468131542206
20260930,dfine_s,38,13,M1,True,0.649081927836974,0.6335587242521213,0.768833339214325,0.4116468131542206
20260930,dfine_s,39,13,M1,True,0.8839155348713618,0.8839155348713618,0.7374448776245117,0.4116468131542206
20260930,dfine_s,40,14,M1,True,0.7629381449535532,0.7629381449535532,0.7699911594390869,0.4116468131542206
20260930,dfine_s,41,14,M1,True,0.6710733483402251,0.5916170117862102,0.7396742105484009,0.4116468131542206
20260930,dfine_s,42,14,M1,True,0.6049335151830667,0.5938243468682617,0.7447677850723267,0.4116468131542206
20260930,dfine_s,43,15,M1,True,0.7789425315845747,0.7789425315845747,0.7848158478736877,0.4116468131542206
20260930,dfine_s,44,15,M1,True,0.807811206089964,0.807811206089964,0.7596792578697205,0.4116468131542206
20260930,dfine_s,45,15,M1,True,0.7626481387292443,0.7626481387292443,0.7135284543037415,0.4116468131542206
20260930,dfine_s,46,16,M1,True,0.7047679773307766,0.7047679773307766,0.7203906774520874,0.4116468131542206
20260930,dfine_s,47,17,M1,True,0.7356259734388699,0.7356259734388699,0.7018163204193115,0.4116468131542206
20260930,dfine_s,48,18,M1,True,0.6661261494253868,0.6299836670054114,0.7509625554084778,0.4116468131542206
20260930,dfine_s,49,19,M1,True,0.6207317160419169,0.6207317160419169,0.7585005760192871,0.4116468131542206
20260930,dfine_s,50,20,M1,True,0.6940377054285104,0.5810834648735158,0.7518126964569092,0.4116468131542206
20260930,dfine_s,51,21,M1,True,0.6628944201685615,0.6628944201685615,0.7748401165008545,0.4116468131542206
20260930,dfine_s,52,22,M1,True,0.8211296909071962,0.7366914627840548,0.7591444253921509,0.4116468131542206
20260930,dfine_s,53,23,M1,True,0.8783477763212993,0.8783477763212993,0.7760159373283386,0.4116468131542206
20260930,dfine_s,54,24,M1,True,0.7479507275946481,0.7479507275946481,0.7572163939476013,0.4116468131542206
20260930,dfine_s,55,25,M1,True,0.7639534255195838,0.7639534255195838,0.7600597739219666,0.4116468131542206
20260930,dfine_s,56,26,M1,True,0.7255841260576751,0.7255841260576751,0.7614372372627258,0.4116468131542206
20260930,dfine_s,57,27,M2,True,0.6313681886488667,0.6031840541538763,0.7545644044876099,0.4116468131542206
20260930,dfine_s,58,27,M2,True,0.6430373521132627,0.6032653133267553,0.7707046866416931,0.4116468131542206
20260930,dfine_s,59,27,M2,True,0.7655350034795709,0.6251437825440954,0.7530982494354248,0.4116468131542206
20260930,dfine_s,60,28,M2,True,0.7149359921850837,0.7149359921850837,0.7880198359489441,0.4116468131542206
20260930,dfine_s,61,28,M2,True,0.8252565086592807,0.745225134660723,0.7748318910598755,0.4116468131542206
20260930,dfine_s,62,28,M2,True,0.7999008591107071,0.6679997434748915,0.7517863512039185,0.4116468131542206
20260930,dfine_s,63,29,M2,True,0.7841174228610953,0.7841174228610953,0.7782742977142334,0.4116468131542206
20260930,dfine_s,64,29,M2,True,0.8120785425980989,0.705837436678656,0.7677059173583984,0.4116468131542206
20260930,dfine_s,65,29,M2,True,0.9403918610550963,0.9403918610550963,0.7567346692085266,0.4116468131542206
20260930,dfine_s,66,30,M2,True,0.6650260468423144,0.6650260468423144,0.7668452262878418,0.4116468131542206
20260930,dfine_s,67,30,M2,True,0.8003227130913942,0.8003227130913942,0.7675634622573853,0.4116468131542206
20260930,dfine_s,68,30,M2,True,0.7294884830075191,0.6186851485576585,0.7853597402572632,0.4116468131542206
20260930,dfine_s,69,31,M2,True,0.8385752724042315,0.8100986026938588,0.7644301652908325,0.4116468131542206
20260930,dfine_s,70,31,M2,True,0.7334215330612074,0.6331453128201959,0.715096116065979,0.4116468131542206
20260930,dfine_s,71,31,M2,True,0.7535664319010094,0.7535664319010094,0.7626699209213257,0.4116468131542206
20260930,dfine_s,72,32,M2,True,0.816947534449237,0.816947534449237,0.7779428958892822,0.4116468131542206
20260930,dfine_s,73,32,M2,True,0.8311151363453102,0.7700800047819474,0.783545196056366,0.4116468131542206
20260930,dfine_s,74,32,M2,True,0.7284244228845478,0.7284244228845478,0.748932957649231,0.4116468131542206
20260930,dfine_s,75,33,M2,True,0.6319833518353726,0.6319833518353726,0.754733681678772,0.4116468131542206
20260930,dfine_s,76,33,M2,True,0.6469346225691073,0.5831598320726782,0.7748332023620605,0.4116468131542206
20260930,dfine_s,77,33,M2,True,0.7086066786785736,0.7086066786785736,0.7513577342033386,0.4116468131542206
20260930,dfine_s,78,34,M2,True,0.7049758328053842,0.6775982927332145,0.7161521315574646,0.4116468131542206
20260930,dfine_s,79,34,M2,True,0.841803806056713,0.729893391576375,0.7269774079322815,0.4116468131542206
20260930,dfine_s,80,34,M2,True,0.7607279145377375,0.5943661363707424,0.7249910831451416,0.4116468131542206
20260930,dfine_s,81,35,M2,True,0.7648722879941096,0.7220705569930712,0.7133456468582153,0.4116468131542206
20260930,dfine_s,82,35,M2,True,0.9058675827479964,0.9058675827479964,0.7764294147491455,0.4116468131542206
20260930,dfine_s,83,35,M2,True,0.8075682859426799,0.8075682859426799,0.7379748225212097,0.4116468131542206
20260930,dfine_s,84,36,M2,True,0.750919197082208,0.750919197082208,0.7596466541290283,0.4116468131542206
20260930,dfine_s,85,36,M2,True,0.6406251316474908,0.6406251316474908,0.7613648772239685,0.4116468131542206
20260930,dfine_s,86,36,M2,True,0.8468342006751471,0.8468342006751471,0.7615358233451843,0.4116468131542206
20260930,dfine_s,87,37,M2,True,0.8714138701331128,0.8714138701331128,0.7037595510482788,0.4116468131542206
20260930,dfine_s,88,37,M2,True,0.8174332620001337,0.7716047035990516,0.7587315440177917,0.4116468131542206
20260930,dfine_s,89,37,M2,True,0.763265284278917,0.763265284278917,0.6957908868789673,0.4116468131542206
20260930,dfine_s,90,38,M2,True,0.7020834771334188,0.5978554791152716,0.6626073122024536,0.4116468131542206
20260930,dfine_s,91,38,M2,True,0.7648813651482367,0.7648813651482367,0.6622361540794373,0.4116468131542206
20260930,dfine_s,92,38,M2,True,0.6931642271127617,0.6931642271127617,0.7474591135978699,0.4116468131542206
20260930,dfine_s,93,39,M2,True,0.7874141342048713,0.6547065665016356,0.7957583665847778,0.4116468131542206
20260930,dfine_s,94,40,M2,True,0.7623998075719177,0.6003273819790679,0.7999016046524048,0.4116468131542206
20260930,dfine_s,95,41,M2,True,0.8167467299557577,0.8167467299557577,0.7533737421035767,0.4116468131542206
20260930,dfine_s,96,42,M2,True,0.6655703365823484,0.6655703365823484,0.6969752907752991,0.4116468131542206
20260930,dfine_s,97,43,M2,True,0.7939900736841065,0.7939900736841065,0.7804436087608337,0.4116468131542206
20260930,dfine_s,98,44,M2,True,0.7275489355559498,0.7275489355559498,0.7936142086982727,0.4116468131542206
20260930,dfine_s,99,45,M3,True,0.8779712807691372,0.8779712807691372,0.7573253512382507,0.4116468131542206
20260930,dfine_s,100,45,M3,True,0.7915936194080464,0.7915936194080464,0.7704401612281799,0.4116468131542206
20260930,dfine_s,101,45,M3,True,0.802717886422538,0.802717886422538,0.7681431174278259,0.4116468131542206
20260930,dfine_s,102,46,M3,True,0.8214200957150702,0.8214200957150702,0.7697651982307434,0.4116468131542206
20260930,dfine_s,103,46,M3,True,0.7246701384965021,0.7246701384965021,0.7515966892242432,0.4116468131542206
20260930,dfine_s,104,46,M3,True,0.7148221315993223,0.7148221315993223,0.7533530592918396,0.4116468131542206
20260930,dfine_s,105,47,M3,True,0.8867273626616626,0.8867273626616626,0.7575629949569702,0.4116468131542206
20260930,dfine_s,106,47,M3,True,0.8181152381585522,0.8181152381585522,0.7349838018417358,0.4116468131542206
20260930,dfine_s,107,47,M3,True,0.645443426472905,0.645443426472905,0.7326342463493347,0.4116468131542206
20260930,dfine_s,108,48,M3,True,0.8128352630795601,0.8128352630795601,0.7091747522354126,0.4116468131542206
20260930,dfine_s,109,48,M3,True,0.7325584590127984,0.7325584590127984,0.7245916724205017,0.4116468131542206
20260930,dfine_s,110,48,M3,False,0.6587633571028324,0.4185866679815898,0.7138782739639282,0.4116468131542206
20260930,dfine_s,111,49,M3,True,0.7451164309039919,0.7451164309039919,0.7591688632965088,0.4116468131542206
20260930,dfine_s,112,49,M3,True,0.7163972925346389,0.6045310729916563,0.747956395149231,0.4116468131542206
20260930,dfine_s,113,49,M3,True,0.793158223573435,0.793158223573435,0.7752076983451843,0.4116468131542206
20260930,dfine_s,114,50,M3,True,0.8809979090246093,0.5935546413414649,0.7047227621078491,0.4116468131542206
20260930,dfine_s,115,50,M3,True,0.7263223719696366,0.7263223719696366,0.7174192667007446,0.4116468131542206
20260930,dfine_s,116,50,M3,True,0.7115911245060642,0.6384473955223336,0.7326411008834839,0.4116468131542206
20260930,dfine_s,117,51,M3,True,0.774465015196422,0.774465015196422,0.7414350509643555,0.4116468131542206
20260930,dfine_s,118,51,M3,True,0.5774796559776909,0.52247693604524,0.7620071768760681,0.4116468131542206
20260930,dfine_s,119,51,M3,True,0.6153718831431636,0.6153718831431636,0.7219611406326294,0.4116468131542206
20260930,dfine_s,120,52,M3,True,0.7045444354481775,0.59670819552005,0.7659406661987305,0.4116468131542206
20260930,dfine_s,121,52,M3,True,0.7878558277442026,0.5993667591743363,0.7481939196586609,0.4116468131542206
20260930,dfine_s,122,52,M3,True,0.5712977392680874,0.5078345370731258,0.7016693949699402,0.4116468131542206
20260930,dfine_s,123,53,M3,True,0.6719126628046203,0.6719126628046203,0.7635943293571472,0.4116468131542206
20260930,dfine_s,124,53,M3,True,0.5826409711225536,0.5392076851007074,0.7174420356750488,0.4116468131542206
20260930,dfine_s,125,53,M3,True,0.8902763436087647,0.6321803199999585,0.7431259155273438,0.4116468131542206
20260930,dfine_s,126,54,M3,True,0.7740245302483719,0.7328685898568041,0.7313223481178284,0.4116468131542206
20260930,dfine_s,127,54,M3,True,0.7670718388581443,0.62958209219786,0.7432517409324646,0.4116468131542206
20260930,dfine_s,128,54,M3,True,0.7175503463705442,0.7175503463705442,0.7310085892677307,0.4116468131542206
20260930,dfine_s,129,55,M3,True,0.7648839763508727,0.7648839763508727,0.6832127571105957,0.4116468131542206
20260930,dfine_s,130,55,M3,True,0.8546927015375496,0.8546927015375496,0.7630638480186462,0.4116468131542206
20260930,dfine_s,131,55,M3,True,0.5600268725517553,0.5600268725517553,0.7372968196868896,0.4116468131542206
20260930,dfine_s,132,56,M3,True,0.7229475824060365,0.6942336385851459,0.7553691267967224,0.4116468131542206
20260930,dfine_s,133,56,M3,True,0.7540662786370965,0.5724606821319377,0.7588775753974915,0.4116468131542206
20260930,dfine_s,134,56,M3,True,0.8032282585757302,0.8032282585757302,0.7555719614028931,0.4116468131542206
20260930,dfine_s,135,57,M3,True,0.6621416086899881,0.6621416086899881,0.6871762871742249,0.4116468131542206
20260930,dfine_s,136,58,M3,False,0.4413132395932149,0.4047651679709426,0.7515788674354553,0.4116468131542206
20260930,dfine_s,137,59,M3,True,0.6675371271145544,0.6675371271145544,0.6971920132637024,0.4116468131542206
20260930,dfine_s,138,60,M3,True,0.7197636680636171,0.7197636680636171,0.7057324051856995,0.4116468131542206
20260930,dfine_s,139,61,M3,True,0.7232890976722283,0.7232890976722283,0.4507618546485901,0.4116468131542206
20260930,dfine_s,140,62,M3,True,0.791690804966154,0.6466354156935306,0.7269027829170227,0.4116468131542206
20260930,dfine_s,141,63,M3,True,0.7177320758301677,0.7177320758301677,0.7083093523979187,0.4116468131542206
20260930,dfine_s,142,64,M3,True,0.7888894448001942,0.7599312155235334,0.7352472543716431,0.4116468131542206
20260930,dfine_s,143,65,M3,False,0.6049217790414418,0.46604803682194024,0.680564820766449,0.4116468131542206
20260930,dfine_s,144,66,M3,True,0.8054044273811181,0.8054044273811181,0.5372757911682129,0.4116468131542206
20260930,dfine_s_p2,1,1,M1,True,0.6345608807369889,0.5772519314403142,0.5588045120239258,0.3616723120212555
20260930,dfine_s_p2,2,1,M1,True,0.8130696562724644,0.8130696562724644,0.7107002139091492,0.3616723120212555
20260930,dfine_s_p2,3,1,M1,True,0.5728379920682897,0.5724610485988866,0.7406527996063232,0.3616723120212555
20260930,dfine_s_p2,4,2,M1,True,0.7457121420784095,0.6659297238265731,0.7052088975906372,0.3616723120212555
20260930,dfine_s_p2,5,2,M1,True,0.8344192198108883,0.8113128480574433,0.7615762948989868,0.3616723120212555
20260930,dfine_s_p2,6,2,M1,True,0.6519305378192556,0.6212413246922247,0.7563517689704895,0.3616723120212555
20260930,dfine_s_p2,7,3,M1,False,0.4801777965477557,0.4801777965477557,0.6271964907646179,0.3616723120212555
20260930,dfine_s_p2,8,3,M1,True,0.5340936289325371,0.5340936289325371,0.6478893160820007,0.3616723120212555
20260930,dfine_s_p2,9,3,M1,True,0.6152993379995981,0.6152993379995981,0.7120854258537292,0.3616723120212555
20260930,dfine_s_p2,10,4,M1,True,0.8099949680522143,0.8099949680522143,0.516864538192749,0.3616723120212555
20260930,dfine_s_p2,11,4,M1,True,0.7922423020124112,0.7587054909349316,0.7792586088180542,0.3616723120212555
20260930,dfine_s_p2,12,4,M1,True,0.6501834950878476,0.6490665042323863,0.7413451671600342,0.3616723120212555
20260930,dfine_s_p2,13,5,M1,True,0.6437540453307133,0.6437540453307133,0.6607311367988586,0.3616723120212555
20260930,dfine_s_p2,14,5,M1,True,0.7476917094944242,0.6294820683257845,0.6659150719642639,0.3616723120212555
20260930,dfine_s_p2,15,5,M1,True,0.8612386275738098,0.8612386275738098,0.642558753490448,0.3616723120212555
20260930,dfine_s_p2,16,6,M1,True,0.7308338036212781,0.7308338036212781,0.6540359854698181,0.3616723120212555
20260930,dfine_s_p2,17,6,M1,True,0.6175379353049217,0.6148710191232184,0.6744992136955261,0.3616723120212555
20260930,dfine_s_p2,18,6,M1,True,0.7981623355480043,0.7148889504753629,0.7538540959358215,0.3616723120212555
20260930,dfine_s_p2,19,7,M1,True,0.6506697366387036,0.6506697366387036,0.6593185067176819,0.3616723120212555
20260930,dfine_s_p2,20,7,M1,True,0.7733025537285997,0.6922903350756071,0.6678199768066406,0.3616723120212555
20260930,dfine_s_p2,21,7,M1,True,0.6646135219262905,0.6646135219262905,0.7173969149589539,0.3616723120212555
20260930,dfine_s_p2,22,8,M1,True,0.8501293895012216,0.8501293895012216,0.5071808695793152,0.3616723120212555
20260930,dfine_s_p2,23,8,M1,True,0.7358906868108998,0.6155110207159584,0.7745576500892639,0.3616723120212555
20260930,dfine_s_p2,24,8,M1,True,0.7407182509434759,0.7407182509434759,0.7624706625938416,0.3616723120212555
20260930,dfine_s_p2,25,9,M1,True,0.776970774924342,0.776970774924342,0.7444853782653809,0.3616723120212555
20260930,dfine_s_p2,26,9,M1,True,0.7234859209128686,0.714545709719459,0.6911269426345825,0.3616723120212555
20260930,dfine_s_p2,27,9,M1,True,0.8091985201170119,0.6351764650465851,0.5623560547828674,0.3616723120212555
20260930,dfine_s_p2,28,10,M1,True,0.7848470338384885,0.7041087709292895,0.7798116207122803,0.3616723120212555
20260930,dfine_s_p2,29,10,M1,False,0.5487408502504111,0.530019390215343,0.2395588904619217,0.3616723120212555
20260930,dfine_s_p2,30,10,M1,True,0.7664273344749205,0.7664273344749205,0.7644439339637756,0.3616723120212555
20260930,dfine_s_p2,31,11,M1,True,0.7538871553647081,0.7538871553647081,0.6144832372665405,0.3616723120212555
20260930,dfine_s_p2,32,11,M1,True,0.7030489228881502,0.7030489228881502,0.6681923866271973,0.3616723120212555
20260930,dfine_s_p2,33,11,M1,True,0.8183067201238734,0.8183067201238734,0.7605153322219849,0.3616723120212555
20260930,dfine_s_p2,34,12,M1,True,0.8024908603141235,0.8024908603141235,0.748525083065033,0.3616723120212555
20260930,dfine_s_p2,35,12,M1,True,0.8368721490473805,0.8368721490473805,0.4188430905342102,0.3616723120212555
20260930,dfine_s_p2,36,12,M1,True,0.7979465189766364,0.7336947026056855,0.738937258720398,0.3616723120212555
20260930,dfine_s_p2,37,13,M1,True,0.7929436443789808,0.7929436443789808,0.7969921231269836,0.3616723120212555
20260930,dfine_s_p2,38,13,M1,True,0.6623707765202336,0.6336293962333863,0.6694865226745605,0.3616723120212555
20260930,dfine_s_p2,39,13,M1,True,0.8662595986298984,0.8662595986298984,0.7671753764152527,0.3616723120212555
20260930,dfine_s_p2,40,14,M1,True,0.810699074011,0.734089092821128,0.7662458419799805,0.3616723120212555
20260930,dfine_s_p2,41,14,M1,True,0.5273403236298884,0.5069698808502386,0.7384912967681885,0.3616723120212555
20260930,dfine_s_p2,42,14,M1,True,0.5979504999419484,0.5979504999419484,0.7185189127922058,0.3616723120212555
20260930,dfine_s_p2,43,15,M1,True,0.7601049991272448,0.7309014544225894,0.718701183795929,0.3616723120212555
20260930,dfine_s_p2,44,15,M1,True,0.8227094701684091,0.8227094701684091,0.7129473090171814,0.3616723120212555
20260930,dfine_s_p2,45,15,M1,True,0.7388754262256757,0.7388754262256757,0.5949302315711975,0.3616723120212555
20260930,dfine_s_p2,46,16,M1,True,0.7965869728349954,0.7965869728349954,0.7352551221847534,0.3616723120212555
20260930,dfine_s_p2,47,17,M1,False,0.7227853127608841,0.4852881712638145,0.43188536167144775,0.3616723120212555
20260930,dfine_s_p2,48,18,M1,True,0.7096678113842985,0.7096678113842985,0.6069437861442566,0.3616723120212555
20260930,dfine_s_p2,49,19,M1,True,0.6763607105836293,0.6763607105836293,0.5644517540931702,0.3616723120212555
20260930,dfine_s_p2,50,20,M1,True,0.5870966196194868,0.5034895297345197,0.4531870186328888,0.3616723120212555
20260930,dfine_s_p2,51,21,M1,True,0.7760448574453723,0.6195863700259878,0.7216484546661377,0.3616723120212555
20260930,dfine_s_p2,52,22,M1,True,0.7413445575319105,0.7413445575319105,0.7371821999549866,0.3616723120212555
20260930,dfine_s_p2,53,23,M1,True,0.8593152801213207,0.8593152801213207,0.7714135050773621,0.3616723120212555
20260930,dfine_s_p2,54,24,M1,True,0.6904170213747144,0.6609247515087852,0.7322778105735779,0.3616723120212555
20260930,dfine_s_p2,55,25,M1,True,0.8364970512712226,0.8364970512712226,0.7192093729972839,0.3616723120212555
20260930,dfine_s_p2,56,26,M1,True,0.7114867190735601,0.696890428760561,0.7572721242904663,0.3616723120212555
20260930,dfine_s_p2,57,27,M2,True,0.5934211109131192,0.567593075300579,0.7612565159797668,0.3616723120212555
20260930,dfine_s_p2,58,27,M2,True,0.7842397436318158,0.6019349323062192,0.7861152291297913,0.3616723120212555
20260930,dfine_s_p2,59,27,M2,True,0.7277621786602749,0.5861530078200098,0.746763288974762,0.3616723120212555
20260930,dfine_s_p2,60,28,M2,True,0.6884247154471352,0.6884247154471352,0.7891455888748169,0.3616723120212555
20260930,dfine_s_p2,61,28,M2,True,0.7221648834328488,0.6993960115925864,0.7856194972991943,0.3616723120212555
20260930,dfine_s_p2,62,28,M2,True,0.824792505301764,0.7539210986809476,0.5838460922241211,0.3616723120212555
20260930,dfine_s_p2,63,29,M2,True,0.7662548367714613,0.7662548367714613,0.736918568611145,0.3616723120212555
20260930,dfine_s_p2,64,29,M2,True,0.6964070340310332,0.6546923970657642,0.7794891595840454,0.3616723120212555
20260930,dfine_s_p2,65,29,M2,True,0.8935013437104732,0.8935013437104732,0.49264371395111084,0.3616723120212555
20260930,dfine_s_p2,66,30,M2,True,0.7064688166382999,0.7064688166382999,0.7334924340248108,0.3616723120212555
20260930,dfine_s_p2,67,30,M2,False,0.6890665904025405,0.538284081208264,0.20530427992343903,0.3616723120212555
20260930,dfine_s_p2,68,30,M2,True,0.851399240995384,0.6687295525947479,0.37217992544174194,0.3616723120212555
20260930,dfine_s_p2,69,31,M2,True,0.7683213375638029,0.7683213375638029,0.7608649730682373,0.3616723120212555
20260930,dfine_s_p2,70,31,M2,True,0.6497524654726556,0.6497524654726556,0.717671811580658,0.3616723120212555
20260930,dfine_s_p2,71,31,M2,False,0.6985451083184036,0.5966892915079252,0.3140074610710144,0.3616723120212555
20260930,dfine_s_p2,72,32,M2,True,0.7863001908541124,0.7863001908541124,0.7614537477493286,0.3616723120212555
20260930,dfine_s_p2,73,32,M2,True,0.8154306140319298,0.8154306140319298,0.7796355485916138,0.3616723120212555
20260930,dfine_s_p2,74,32,M2,False,0.7614958812401317,0.7551142038664721,0.20675887167453766,0.3616723120212555
20260930,dfine_s_p2,75,33,M2,True,0.6271342401474441,0.6271342401474441,0.8161977529525757,0.3616723120212555
20260930,dfine_s_p2,76,33,M2,True,0.6587437459844209,0.6587437459844209,0.795633852481842,0.3616723120212555
20260930,dfine_s_p2,77,33,M2,True,0.7041840779233485,0.7041840779233485,0.5084348917007446,0.3616723120212555
20260930,dfine_s_p2,78,34,M2,True,0.6686079450506366,0.6686079450506366,0.7892082333564758,0.3616723120212555
20260930,dfine_s_p2,79,34,M2,True,0.7240165830648323,0.7240165830648323,0.7585411071777344,0.3616723120212555
20260930,dfine_s_p2,80,34,M2,True,0.6274425921902723,0.5880885047639988,0.6804139018058777,0.3616723120212555
20260930,dfine_s_p2,81,35,M2,True,0.761146919832281,0.761146919832281,0.76310133934021,0.3616723120212555
20260930,dfine_s_p2,82,35,M2,True,0.8387151987831217,0.8387151987831217,0.760452389717102,0.3616723120212555
20260930,dfine_s_p2,83,35,M2,True,0.8593654391174529,0.8593654391174529,0.7292835116386414,0.3616723120212555
20260930,dfine_s_p2,84,36,M2,True,0.7645210521123424,0.7645210521123424,0.7830373644828796,0.3616723120212555
20260930,dfine_s_p2,85,36,M2,True,0.7654529869729425,0.6744362524774145,0.7271392941474915,0.3616723120212555
20260930,dfine_s_p2,86,36,M2,True,0.8554725995367066,0.8554725995367066,0.6424602270126343,0.3616723120212555
20260930,dfine_s_p2,87,37,M2,True,0.8529796599727258,0.8529796599727258,0.7842792868614197,0.3616723120212555
20260930,dfine_s_p2,88,37,M2,True,0.7777039109919615,0.7777039109919615,0.7459215521812439,0.3616723120212555
20260930,dfine_s_p2,89,37,M2,True,0.7617857836064413,0.7617857836064413,0.5536207556724548,0.3616723120212555
20260930,dfine_s_p2,90,38,M2,True,0.6018020279794446,0.6018020279794446,0.774015486240387,0.3616723120212555
20260930,dfine_s_p2,91,38,M2,True,0.8434666918688504,0.7277875132615418,0.7782469391822815,0.3616723120212555
20260930,dfine_s_p2,92,38,M2,True,0.7937331386598347,0.7224321268873655,0.7585152387619019,0.3616723120212555
20260930,dfine_s_p2,93,39,M2,True,0.725865271563503,0.566784664062584,0.7219682335853577,0.3616723120212555
20260930,dfine_s_p2,94,40,M2,True,0.8455392681257058,0.8455392681257058,0.4978261888027191,0.3616723120212555
20260930,dfine_s_p2,95,41,M2,True,0.7798219491015183,0.7798219491015183,0.618736982345581,0.3616723120212555
20260930,dfine_s_p2,96,42,M2,True,0.7099294907692028,0.7099294907692028,0.7834511995315552,0.3616723120212555
20260930,dfine_s_p2,97,43,M2,True,0.7415498262001393,0.7415498262001393,0.7016931176185608,0.3616723120212555
20260930,dfine_s_p2,98,44,M2,True,0.7695735317806328,0.7695735317806328,0.7800909280776978,0.3616723120212555
20260930,dfine_s_p2,99,45,M3,True,0.9179662621474814,0.9179662621474814,0.7832024693489075,0.3616723120212555
20260930,dfine_s_p2,100,45,M3,True,0.8060625268431406,0.8060625268431406,0.7544675469398499,0.3616723120212555
20260930,dfine_s_p2,101,45,M3,True,0.7398972355367924,0.7219602062566656,0.7630469799041748,0.3616723120212555
20260930,dfine_s_p2,102,46,M3,True,0.7988468468929749,0.7988468468929749,0.7932185530662537,0.3616723120212555
20260930,dfine_s_p2,103,46,M3,True,0.7300740465540638,0.7300740465540638,0.7233579158782959,0.3616723120212555
20260930,dfine_s_p2,104,46,M3,True,0.7961993869066749,0.7615294405091906,0.7567901015281677,0.3616723120212555
20260930,dfine_s_p2,105,47,M3,True,0.8948910226026092,0.8948910226026092,0.7694191336631775,0.3616723120212555
20260930,dfine_s_p2,106,47,M3,True,0.857882494616357,0.857882494616357,0.752360999584198,0.3616723120212555
20260930,dfine_s_p2,107,47,M3,True,0.7563297781860909,0.7563297781860909,0.774856448173523,0.3616723120212555
20260930,dfine_s_p2,108,48,M3,True,0.8214096127204144,0.8214096127204144,0.6933597326278687,0.3616723120212555
20260930,dfine_s_p2,109,48,M3,True,0.6938312403133733,0.6706422212285034,0.7428590655326843,0.3616723120212555
20260930,dfine_s_p2,110,48,M3,False,0.6719245114922562,0.4035341763741219,0.6529947519302368,0.3616723120212555
20260930,dfine_s_p2,111,49,M3,True,0.7606313609113411,0.7606313609113411,0.6519089341163635,0.3616723120212555
20260930,dfine_s_p2,112,49,M3,True,0.613979064779765,0.613979064779765,0.7620706558227539,0.3616723120212555
20260930,dfine_s_p2,113,49,M3,True,0.861710275149105,0.861710275149105,0.698938250541687,0.3616723120212555
20260930,dfine_s_p2,114,50,M3,True,0.6243795728918752,0.5872161337400492,0.7198680639266968,0.3616723120212555
20260930,dfine_s_p2,115,50,M3,True,0.7991828915191456,0.7991828915191456,0.7700643539428711,0.3616723120212555
20260930,dfine_s_p2,116,50,M3,True,0.7697024736160222,0.7697024736160222,0.7736594080924988,0.3616723120212555
20260930,dfine_s_p2,117,51,M3,True,0.7859645838841939,0.7859645838841939,0.7637545466423035,0.3616723120212555
20260930,dfine_s_p2,118,51,M3,False,0.629017864076659,0.629017864076659,0.32095274329185486,0.3616723120212555
20260930,dfine_s_p2,119,51,M3,True,0.6229625936458648,0.6229625936458648,0.7481990456581116,0.3616723120212555
20260930,dfine_s_p2,120,52,M3,True,0.6012710842702801,0.6012710842702801,0.7610288858413696,0.3616723120212555
20260930,dfine_s_p2,121,52,M3,True,0.7280404998092695,0.7280404998092695,0.6297338008880615,0.3616723120212555
20260930,dfine_s_p2,122,52,M3,True,0.5250807090648665,0.5091573615598107,0.7693103551864624,0.3616723120212555
20260930,dfine_s_p2,123,53,M3,True,0.7305241013535066,0.7305241013535066,0.7573714256286621,0.3616723120212555
20260930,dfine_s_p2,124,53,M3,True,0.6880768388103387,0.6880768388103387,0.7775078415870667,0.3616723120212555
20260930,dfine_s_p2,125,53,M3,True,0.6866709467880341,0.6866709467880341,0.7813366651535034,0.3616723120212555
20260930,dfine_s_p2,126,54,M3,True,0.8567564869494969,0.7643924011235927,0.7779020667076111,0.3616723120212555
20260930,dfine_s_p2,127,54,M3,True,0.6379525494056884,0.6379525494056884,0.5209425687789917,0.3616723120212555
20260930,dfine_s_p2,128,54,M3,True,0.7096220061730355,0.7096220061730355,0.700808048248291,0.3616723120212555
20260930,dfine_s_p2,129,55,M3,True,0.7389483343429727,0.7389483343429727,0.7455027103424072,0.3616723120212555
20260930,dfine_s_p2,130,55,M3,True,0.8928984276578886,0.8928984276578886,0.7488967180252075,0.3616723120212555
20260930,dfine_s_p2,131,55,M3,True,0.68309972855354,0.6146754181484357,0.7514726519584656,0.3616723120212555
20260930,dfine_s_p2,132,56,M3,True,0.8284402189599409,0.8284402189599409,0.741061270236969,0.3616723120212555
20260930,dfine_s_p2,133,56,M3,True,0.705163324322022,0.6309404962213442,0.7309014201164246,0.3616723120212555
20260930,dfine_s_p2,134,56,M3,True,0.7851626605148208,0.7851626605148208,0.7758619785308838,0.3616723120212555
20260930,dfine_s_p2,135,57,M3,True,0.746595421901209,0.746595421901209,0.6740581393241882,0.3616723120212555
20260930,dfine_s_p2,136,58,M3,False,0.4176248260806261,0.4116455609089804,0.7114742994308472,0.3616723120212555
20260930,dfine_s_p2,137,59,M3,True,0.6476514006402911,0.6476514006402911,0.6912405490875244,0.3616723120212555
20260930,dfine_s_p2,138,60,M3,True,0.7003427303328102,0.6930623102579949,0.6987671852111816,0.3616723120212555
20260930,dfine_s_p2,139,61,M3,True,0.7648094190753021,0.6808266920451999,0.6880434155464172,0.3616723120212555
20260930,dfine_s_p2,140,62,M3,True,0.8136435376593462,0.7091728274876258,0.7449559569358826,0.3616723120212555
20260930,dfine_s_p2,141,63,M3,True,0.7047988111218854,0.7047988111218854,0.6522340774536133,0.3616723120212555
20260930,dfine_s_p2,142,64,M3,True,0.6796700427697295,0.6141833814691662,0.7585558891296387,0.3616723120212555
20260930,dfine_s_p2,143,65,M3,True,0.5683930080866284,0.5683930080866284,0.5036709904670715,0.3616723120212555
20260930,dfine_s_p2,144,66,M3,True,0.7991389175688577,0.7991389175688577,0.5533909201622009,0.3616723120212555
20260930,dfine_mal_UQ,1,1,M1,True,0.5958237938510916,0.5368012032109852,0.6268705725669861,0.19337229430675507
20260930,dfine_mal_UQ,2,1,M1,True,0.8131698319187843,0.8131698319187843,0.6151876449584961,0.19337229430675507
20260930,dfine_mal_UQ,3,1,M1,True,0.5593738568597696,0.5593738568597696,0.6233134865760803,0.19337229430675507
20260930,dfine_mal_UQ,4,2,M1,True,0.6770810438069866,0.6770810438069866,0.6137716174125671,0.19337229430675507
20260930,dfine_mal_UQ,5,2,M1,True,0.8063265741298855,0.8063265741298855,0.6170932054519653,0.19337229430675507
20260930,dfine_mal_UQ,6,2,M1,True,0.6703560896857513,0.6100481376954222,0.6363301873207092,0.19337229430675507
20260930,dfine_mal_UQ,7,3,M1,True,0.5993970142074954,0.547621022154639,0.6299264430999756,0.19337229430675507
20260930,dfine_mal_UQ,8,3,M1,True,0.609152961895296,0.5990316120260151,0.6299059987068176,0.19337229430675507
20260930,dfine_mal_UQ,9,3,M1,True,0.685411841159011,0.685411841159011,0.6308098435401917,0.19337229430675507
20260930,dfine_mal_UQ,10,4,M1,True,0.7720197169631487,0.7720197169631487,0.6199687719345093,0.19337229430675507
20260930,dfine_mal_UQ,11,4,M1,True,0.73574785999774,0.73574785999774,0.6420749425888062,0.19337229430675507
20260930,dfine_mal_UQ,12,4,M1,True,0.6605981944980998,0.6292319383241581,0.6364397406578064,0.19337229430675507
20260930,dfine_mal_UQ,13,5,M1,True,0.6542726672406162,0.6542726672406162,0.6346792578697205,0.19337229430675507
20260930,dfine_mal_UQ,14,5,M1,True,0.7136285857579492,0.6673815246576229,0.6195417642593384,0.19337229430675507
20260930,dfine_mal_UQ,15,5,M1,True,0.7424412946390325,0.7424412946390325,0.6262665390968323,0.19337229430675507
20260930,dfine_mal_UQ,16,6,M1,True,0.7095780378622626,0.7095780378622626,0.636738121509552,0.19337229430675507
20260930,dfine_mal_UQ,17,6,M1,True,0.8655145958169513,0.6638874286786777,0.6212840676307678,0.19337229430675507
20260930,dfine_mal_UQ,18,6,M1,True,0.7510801086556087,0.7510801086556087,0.6438517570495605,0.19337229430675507
20260930,dfine_mal_UQ,19,7,M1,True,0.6582829082810275,0.6582829082810275,0.6466648578643799,0.19337229430675507
20260930,dfine_mal_UQ,20,7,M1,True,0.6323567324824876,0.6323567324824876,0.6353943943977356,0.19337229430675507
20260930,dfine_mal_UQ,21,7,M1,True,0.6413722573959019,0.6413722573959019,0.6364715695381165,0.19337229430675507
20260930,dfine_mal_UQ,22,8,M1,True,0.7903077311710782,0.7903077311710782,0.6600092053413391,0.19337229430675507
20260930,dfine_mal_UQ,23,8,M1,True,0.6256474203978931,0.620575914061118,0.6458526849746704,0.19337229430675507
20260930,dfine_mal_UQ,24,8,M1,True,0.7484012800786277,0.7484012800786277,0.6212405562400818,0.19337229430675507
20260930,dfine_mal_UQ,25,9,M1,True,0.7201091925705472,0.7201091925705472,0.6406943202018738,0.19337229430675507
20260930,dfine_mal_UQ,26,9,M1,True,0.691799472882419,0.691799472882419,0.6265899538993835,0.19337229430675507
20260930,dfine_mal_UQ,27,9,M1,True,0.6832187883317699,0.6832187883317699,0.6209999918937683,0.19337229430675507
20260930,dfine_mal_UQ,28,10,M1,True,0.7663641952377662,0.7663641952377662,0.6365833282470703,0.19337229430675507
20260930,dfine_mal_UQ,29,10,M1,True,0.5705508202760537,0.5606807319549802,0.6245103478431702,0.19337229430675507
20260930,dfine_mal_UQ,30,10,M1,True,0.7667158800224441,0.7587340092162111,0.6360123157501221,0.19337229430675507
20260930,dfine_mal_UQ,31,11,M1,True,0.7655733927869913,0.7404353772407184,0.6498041749000549,0.19337229430675507
20260930,dfine_mal_UQ,32,11,M1,True,0.7321200626427591,0.7321200626427591,0.625802755355835,0.19337229430675507
20260930,dfine_mal_UQ,33,11,M1,True,0.7913093973092086,0.7913093973092086,0.6376760005950928,0.19337229430675507
20260930,dfine_mal_UQ,34,12,M1,True,0.807280229790777,0.807280229790777,0.6228728890419006,0.19337229430675507
20260930,dfine_mal_UQ,35,12,M1,True,0.8768404411577252,0.8768404411577252,0.6341677904129028,0.19337229430675507
20260930,dfine_mal_UQ,36,12,M1,True,0.7290191091991814,0.7290191091991814,0.6207320690155029,0.19337229430675507
20260930,dfine_mal_UQ,37,13,M1,True,0.7440423681417504,0.7175241927315059,0.6348708271980286,0.19337229430675507
20260930,dfine_mal_UQ,38,13,M1,True,0.5962693314653927,0.5962693314653927,0.6368144750595093,0.19337229430675507
20260930,dfine_mal_UQ,39,13,M1,True,0.8377923685390213,0.8377923685390213,0.6390785574913025,0.19337229430675507
20260930,dfine_mal_UQ,40,14,M1,True,0.8238470110617334,0.7500222364703764,0.6368763446807861,0.19337229430675507
20260930,dfine_mal_UQ,41,14,M1,True,0.8170019613669427,0.6213391594264607,0.6325721740722656,0.19337229430675507
20260930,dfine_mal_UQ,42,14,M1,True,0.5924157259783734,0.5924157259783734,0.6413311958312988,0.19337229430675507
20260930,dfine_mal_UQ,43,15,M1,True,0.8221092809632853,0.8221092809632853,0.6332268118858337,0.19337229430675507
20260930,dfine_mal_UQ,44,15,M1,True,0.7609726995576817,0.7609726995576817,0.6060411930084229,0.19337229430675507
20260930,dfine_mal_UQ,45,15,M1,True,0.7445683448598761,0.7445683448598761,0.6249786019325256,0.19337229430675507
20260930,dfine_mal_UQ,46,16,M1,True,0.8007014004445637,0.8007014004445637,0.6440874338150024,0.19337229430675507
20260930,dfine_mal_UQ,47,17,M1,True,0.7348958396896252,0.7348958396896252,0.6244727373123169,0.19337229430675507
20260930,dfine_mal_UQ,48,18,M1,True,0.5945797554994093,0.5945797554994093,0.6212681531906128,0.19337229430675507
20260930,dfine_mal_UQ,49,19,M1,True,0.6468491623258946,0.6468491623258946,0.6230883002281189,0.19337229430675507
20260930,dfine_mal_UQ,50,20,M1,True,0.7425763225479644,0.6123534384427659,0.6304082870483398,0.19337229430675507
20260930,dfine_mal_UQ,51,21,M1,True,0.7852564019617317,0.6446371447133998,0.6438066363334656,0.19337229430675507
20260930,dfine_mal_UQ,52,22,M1,True,0.7038460207558903,0.7038460207558903,0.6158555746078491,0.19337229430675507
20260930,dfine_mal_UQ,53,23,M1,True,0.8007892097531487,0.8007892097531487,0.6353549361228943,0.19337229430675507
20260930,dfine_mal_UQ,54,24,M1,True,0.8450799468004216,0.7018696307556511,0.6452657580375671,0.19337229430675507
20260930,dfine_mal_UQ,55,25,M1,True,0.7000579633986299,0.7000579633986299,0.6230175495147705,0.19337229430675507
20260930,dfine_mal_UQ,56,26,M1,True,0.7156451275308969,0.7156451275308969,0.641829252243042,0.19337229430675507
20260930,dfine_mal_UQ,57,27,M2,True,0.7667220968306906,0.5466078753008788,0.6508360505104065,0.19337229430675507
20260930,dfine_mal_UQ,58,27,M2,True,0.8862046327463599,0.6285051106641815,0.6586054563522339,0.19337229430675507
20260930,dfine_mal_UQ,59,27,M2,True,0.6372692077327612,0.6372692077327612,0.6590635180473328,0.19337229430675507
20260930,dfine_mal_UQ,60,28,M2,True,0.7611010185518061,0.7080500344938068,0.6449637413024902,0.19337229430675507
20260930,dfine_mal_UQ,61,28,M2,True,0.9129711986438367,0.6047564819603042,0.6421881914138794,0.19337229430675507
20260930,dfine_mal_UQ,62,28,M2,True,0.7842941553923045,0.617779019853926,0.655363917350769,0.19337229430675507
20260930,dfine_mal_UQ,63,29,M2,True,0.7953269523780404,0.7953269523780404,0.6468128561973572,0.19337229430675507
20260930,dfine_mal_UQ,64,29,M2,True,0.7619030783163042,0.7619030783163042,0.6473206281661987,0.19337229430675507
20260930,dfine_mal_UQ,65,29,M2,True,0.9468621798994504,0.9468621798994504,0.6362205743789673,0.19337229430675507
20260930,dfine_mal_UQ,66,30,M2,True,0.8914670810811381,0.6652617461634658,0.6519685983657837,0.19337229430675507
20260930,dfine_mal_UQ,67,30,M2,True,0.77471753361696,0.77471753361696,0.6594753861427307,0.19337229430675507
20260930,dfine_mal_UQ,68,30,M2,True,0.6288554378503454,0.6288554378503454,0.6416765451431274,0.19337229430675507
20260930,dfine_mal_UQ,69,31,M2,True,0.8279216853745501,0.8053772707411193,0.6464585065841675,0.19337229430675507
20260930,dfine_mal_UQ,70,31,M2,True,0.6644452161748746,0.6644452161748746,0.6501035094261169,0.19337229430675507
20260930,dfine_mal_UQ,71,31,M2,True,0.8221011581780019,0.8221011581780019,0.6458607316017151,0.19337229430675507
20260930,dfine_mal_UQ,72,32,M2,True,0.7702940667332252,0.7702940667332252,0.6534187197685242,0.19337229430675507
20260930,dfine_mal_UQ,73,32,M2,True,0.8007233565765813,0.8007233565765813,0.6519375443458557,0.19337229430675507
20260930,dfine_mal_UQ,74,32,M2,True,0.7069764906034517,0.7069764906034517,0.6544474363327026,0.19337229430675507
20260930,dfine_mal_UQ,75,33,M2,True,0.6886481160028658,0.5969637410563065,0.6479147672653198,0.19337229430675507
20260930,dfine_mal_UQ,76,33,M2,True,0.6987491123152693,0.6694538127717973,0.6482955813407898,0.19337229430675507
20260930,dfine_mal_UQ,77,33,M2,True,0.7682742967165742,0.7682742967165742,0.6425802707672119,0.19337229430675507
20260930,dfine_mal_UQ,78,34,M2,True,0.7154388411655456,0.7154388411655456,0.6448054313659668,0.19337229430675507
20260930,dfine_mal_UQ,79,34,M2,True,0.7941239668972879,0.7941239668972879,0.6408280730247498,0.19337229430675507
20260930,dfine_mal_UQ,80,34,M2,True,0.7412751986493851,0.735394665151279,0.6266472339630127,0.19337229430675507
20260930,dfine_mal_UQ,81,35,M2,True,0.8188088141981582,0.8188088141981582,0.6511595249176025,0.19337229430675507
20260930,dfine_mal_UQ,82,35,M2,True,0.85117537413432,0.85117537413432,0.6398698091506958,0.19337229430675507
20260930,dfine_mal_UQ,83,35,M2,True,0.8392929783423432,0.8392929783423432,0.6469940543174744,0.19337229430675507
20260930,dfine_mal_UQ,84,36,M2,True,0.7695665794398098,0.7695665794398098,0.6463768482208252,0.19337229430675507
20260930,dfine_mal_UQ,85,36,M2,True,0.6902658322542007,0.6902658322542007,0.6394355297088623,0.19337229430675507
20260930,dfine_mal_UQ,86,36,M2,True,0.8988105716032767,0.8988105716032767,0.6433672904968262,0.19337229430675507
20260930,dfine_mal_UQ,87,37,M2,True,0.9169424137999616,0.9169424137999616,0.64714115858078,0.19337229430675507
20260930,dfine_mal_UQ,88,37,M2,True,0.8501431840408274,0.8501431840408274,0.6477704048156738,0.19337229430675507
20260930,dfine_mal_UQ,89,37,M2,True,0.7817728051646757,0.7817728051646757,0.6360188126564026,0.19337229430675507
20260930,dfine_mal_UQ,90,38,M2,True,0.8138351977907838,0.6983858999417094,0.6469804644584656,0.19337229430675507
20260930,dfine_mal_UQ,91,38,M2,True,0.779711330388281,0.779711330388281,0.6427831649780273,0.19337229430675507
20260930,dfine_mal_UQ,92,38,M2,True,0.7600583785817284,0.7600583785817284,0.6421783566474915,0.19337229430675507
20260930,dfine_mal_UQ,93,39,M2,True,0.6727106695344165,0.6727106695344165,0.6370003819465637,0.19337229430675507
20260930,dfine_mal_UQ,94,40,M2,True,0.6652642721630725,0.630422002883688,0.619832456111908,0.19337229430675507
20260930,dfine_mal_UQ,95,41,M2,True,0.8523558450490376,0.8523558450490376,0.6260985136032104,0.19337229430675507
20260930,dfine_mal_UQ,96,42,M2,True,0.7571902513613228,0.6474158594142233,0.6377590298652649,0.19337229430675507
20260930,dfine_mal_UQ,97,43,M2,True,0.7677372556750097,0.7677372556750097,0.622150182723999,0.19337229430675507
20260930,dfine_mal_UQ,98,44,M2,True,0.7819640081799532,0.7819640081799532,0.6489238739013672,0.19337229430675507
20260930,dfine_mal_UQ,99,45,M3,True,0.9053972368766622,0.9053972368766622,0.6344277262687683,0.19337229430675507
20260930,dfine_mal_UQ,100,45,M3,True,0.7459565481856194,0.7459565481856194,0.6327776312828064,0.19337229430675507
20260930,dfine_mal_UQ,101,45,M3,True,0.7003448860684571,0.7003448860684571,0.6213905811309814,0.19337229430675507
20260930,dfine_mal_UQ,102,46,M3,True,0.7391205600455679,0.7391205600455679,0.6213900446891785,0.19337229430675507
20260930,dfine_mal_UQ,103,46,M3,True,0.7629075539161445,0.7629075539161445,0.6166539192199707,0.19337229430675507
20260930,dfine_mal_UQ,104,46,M3,True,0.7390784120500004,0.7390784120500004,0.6340266466140747,0.19337229430675507
20260930,dfine_mal_UQ,105,47,M3,True,0.8589503337166675,0.8589503337166675,0.6023745536804199,0.19337229430675507
20260930,dfine_mal_UQ,106,47,M3,True,0.8369731030763948,0.8369731030763948,0.6162894368171692,0.19337229430675507
20260930,dfine_mal_UQ,107,47,M3,True,0.7792101045994917,0.7792101045994917,0.5720618963241577,0.19337229430675507
20260930,dfine_mal_UQ,108,48,M3,True,0.7982021484516698,0.7982021484516698,0.6159408688545227,0.19337229430675507
20260930,dfine_mal_UQ,109,48,M3,True,0.7059280103170108,0.7059280103170108,0.637644350528717,0.19337229430675507
20260930,dfine_mal_UQ,110,48,M3,False,0.36608287746717816,0.3499285808896623,0.5974942445755005,0.19337229430675507
20260930,dfine_mal_UQ,111,49,M3,True,0.7882739861377845,0.7882739861377845,0.6245377659797668,0.19337229430675507
20260930,dfine_mal_UQ,112,49,M3,True,0.5934186521159124,0.5934186521159124,0.6440211534500122,0.19337229430675507
20260930,dfine_mal_UQ,113,49,M3,True,0.8408039373088102,0.8408039373088102,0.6403411626815796,0.19337229430675507
20260930,dfine_mal_UQ,114,50,M3,True,0.5297903853219577,0.5263299572660565,0.6083390116691589,0.19337229430675507
20260930,dfine_mal_UQ,115,50,M3,True,0.7476265091113935,0.7476265091113935,0.6405627131462097,0.19337229430675507
20260930,dfine_mal_UQ,116,50,M3,True,0.734894959422955,0.734894959422955,0.6094580888748169,0.19337229430675507
20260930,dfine_mal_UQ,117,51,M3,True,0.7937307956817666,0.7937307956817666,0.6215608716011047,0.19337229430675507
20260930,dfine_mal_UQ,118,51,M3,True,0.717818759905344,0.5372319849847601,0.6283127069473267,0.19337229430675507
20260930,dfine_mal_UQ,119,51,M3,True,0.7163407115019541,0.7163407115019541,0.5917363166809082,0.19337229430675507
20260930,dfine_mal_UQ,120,52,M3,True,0.6629059049259467,0.58945478874467,0.6427620649337769,0.19337229430675507
20260930,dfine_mal_UQ,121,52,M3,True,0.6966655366422221,0.5921341363801591,0.6328095197677612,0.19337229430675507
20260930,dfine_mal_UQ,122,52,M3,True,0.8602054436885687,0.549051009177641,0.6375535726547241,0.19337229430675507
20260930,dfine_mal_UQ,123,53,M3,True,0.8081495750919883,0.7020527161605811,0.6336901187896729,0.19337229430675507
20260930,dfine_mal_UQ,124,53,M3,True,0.8020279684523545,0.5665891338671207,0.6338512301445007,0.19337229430675507
20260930,dfine_mal_UQ,125,53,M3,True,0.7196317062979438,0.7196317062979438,0.62800532579422,0.19337229430675507
20260930,dfine_mal_UQ,126,54,M3,True,0.6745129382498496,0.6745129382498496,0.6155957579612732,0.19337229430675507
20260930,dfine_mal_UQ,127,54,M3,True,0.7079830303754472,0.65048823720351,0.6201491951942444,0.19337229430675507
20260930,dfine_mal_UQ,128,54,M3,True,0.792154396076715,0.7689672713237172,0.6194007992744446,0.19337229430675507
20260930,dfine_mal_UQ,129,55,M3,True,0.6326805936406226,0.6326805936406226,0.5987217426300049,0.19337229430675507
20260930,dfine_mal_UQ,130,55,M3,True,0.871066409361288,0.871066409361288,0.6344929933547974,0.19337229430675507
20260930,dfine_mal_UQ,131,55,M3,True,0.6551278586426817,0.6234910814902577,0.6144645810127258,0.19337229430675507
20260930,dfine_mal_UQ,132,56,M3,True,0.7222114623810585,0.7222114623810585,0.626578152179718,0.19337229430675507
20260930,dfine_mal_UQ,133,56,M3,True,0.6138719461765323,0.6138719461765323,0.6398283839225769,0.19337229430675507
20260930,dfine_mal_UQ,134,56,M3,True,0.8367676339357493,0.8367676339357493,0.6415515542030334,0.19337229430675507
20260930,dfine_mal_UQ,135,57,M3,True,0.739353337675277,0.6341814003959808,0.5692882537841797,0.19337229430675507
20260930,dfine_mal_UQ,136,58,M3,False,0.4420801462961748,0.40856790935498327,0.6163578629493713,0.19337229430675507
20260930,dfine_mal_UQ,137,59,M3,True,0.6101482983400369,0.6101482983400369,0.6133894324302673,0.19337229430675507
20260930,dfine_mal_UQ,138,60,M3,True,0.7495762392654067,0.6853211083985737,0.5953658819198608,0.19337229430675507
20260930,dfine_mal_UQ,139,61,M3,True,0.8316815209783152,0.7007730558057526,0.587012529373169,0.19337229430675507
20260930,dfine_mal_UQ,140,62,M3,True,0.681331542508788,0.681331542508788,0.6115028858184814,0.19337229430675507
20260930,dfine_mal_UQ,141,63,M3,True,0.6230670699741465,0.6230670699741465,0.6112834215164185,0.19337229430675507
20260930,dfine_mal_UQ,142,64,M3,True,0.7837094390138788,0.7837094390138788,0.5939568877220154,0.19337229430675507
20260930,dfine_mal_UQ,143,65,M3,True,0.7469996300500334,0.5200331346161201,0.630917489528656,0.19337229430675507
20260930,dfine_mal_UQ,144,66,M3,True,0.7386182701555638,0.7386182701555638,0.5753422975540161,0.19337229430675507
20261001,yolov8s,1,1,M1,True,0.6069546737633783,0.6069546737633783,0.8930142521858215,0.528835654258728
20261001,yolov8s,2,1,M1,True,0.7421960579771342,0.7421960579771342,0.9296582937240601,0.528835654258728
20261001,yolov8s,3,1,M1,True,0.5118858158708267,0.5118858158708267,0.8801639676094055,0.528835654258728
20261001,yolov8s,4,2,M1,True,0.7142129782991251,0.7142129782991251,0.8670788407325745,0.528835654258728
20261001,yolov8s,5,2,M1,True,0.7505210546897485,0.7505210546897485,0.9173092842102051,0.528835654258728
20261001,yolov8s,6,2,M1,True,0.6507487795968978,0.6507487795968978,0.9038636684417725,0.528835654258728
20261001,yolov8s,7,3,M1,True,0.6130711681488715,0.6130711681488715,0.9217314720153809,0.528835654258728
20261001,yolov8s,8,3,M1,True,0.7435285781183602,0.7435285781183602,0.9188750386238098,0.528835654258728
20261001,yolov8s,9,3,M1,True,0.5851618592111596,0.5851618592111596,0.8669057488441467,0.528835654258728
20261001,yolov8s,10,4,M1,True,0.6855194516122066,0.6855194516122066,0.8701338171958923,0.528835654258728
20261001,yolov8s,11,4,M1,True,0.7261993108616963,0.7261993108616963,0.8881676197052002,0.528835654258728
20261001,yolov8s,12,4,M1,True,0.6809413987520626,0.6809413987520626,0.8800376057624817,0.528835654258728
20261001,yolov8s,13,5,M1,True,0.5987456026766934,0.5987456026766934,0.9060260653495789,0.528835654258728
20261001,yolov8s,14,5,M1,True,0.6156953995181544,0.6156953995181544,0.8889857530593872,0.528835654258728
20261001,yolov8s,15,5,M1,True,0.8163078561561734,0.8163078561561734,0.878077507019043,0.528835654258728
20261001,yolov8s,16,6,M1,True,0.6595115328540242,0.6595115328540242,0.898059606552124,0.528835654258728
20261001,yolov8s,17,6,M1,True,0.702988102720239,0.702988102720239,0.890130341053009,0.528835654258728
20261001,yolov8s,18,6,M1,True,0.6289630975175333,0.6289630975175333,0.899906575679779,0.528835654258728
20261001,yolov8s,19,7,M1,True,0.651287244199392,0.651287244199392,0.8592157959938049,0.528835654258728
20261001,yolov8s,20,7,M1,True,0.7386852037118932,0.7386852037118932,0.9136683940887451,0.528835654258728
20261001,yolov8s,21,7,M1,True,0.6996209888938286,0.6996209888938286,0.871170163154602,0.528835654258728
20261001,yolov8s,22,8,M1,True,0.8992768338959494,0.8992768338959494,0.8878574967384338,0.528835654258728
20261001,yolov8s,23,8,M1,True,0.6474036102760378,0.6474036102760378,0.8949178457260132,0.528835654258728
20261001,yolov8s,24,8,M1,True,0.8477350188442148,0.8477350188442148,0.9257274270057678,0.528835654258728
20261001,yolov8s,25,9,M1,True,0.6203347042258365,0.6203347042258365,0.8972359299659729,0.528835654258728
20261001,yolov8s,26,9,M1,True,0.7711761797575677,0.7711761797575677,0.8846039175987244,0.528835654258728
20261001,yolov8s,27,9,M1,True,0.6087809099640952,0.6087809099640952,0.8781526684761047,0.528835654258728
20261001,yolov8s,28,10,M1,True,0.6817480174156973,0.6817480174156973,0.906369149684906,0.528835654258728
20261001,yolov8s,29,10,M1,True,0.523935355127642,0.523935355127642,0.905769944190979,0.528835654258728
20261001,yolov8s,30,10,M1,True,0.698705920745815,0.698705920745815,0.8635042905807495,0.528835654258728
20261001,yolov8s,31,11,M1,True,0.6586090813222092,0.6586090813222092,0.9094330668449402,0.528835654258728
20261001,yolov8s,32,11,M1,True,0.7095907449800081,0.7095907449800081,0.9159150719642639,0.528835654258728
20261001,yolov8s,33,11,M1,True,0.8188722901167449,0.8188722901167449,0.885121762752533,0.528835654258728
20261001,yolov8s,34,12,M1,True,0.841357996973092,0.841357996973092,0.8986822962760925,0.528835654258728
20261001,yolov8s,35,12,M1,True,0.7956075017501599,0.7956075017501599,0.9170898199081421,0.528835654258728
20261001,yolov8s,36,12,M1,True,0.795096043833414,0.795096043833414,0.902824878692627,0.528835654258728
20261001,yolov8s,37,13,M1,True,0.7223625144647413,0.7223625144647413,0.9032047390937805,0.528835654258728
20261001,yolov8s,38,13,M1,True,0.748496092772328,0.748496092772328,0.8534269332885742,0.528835654258728
20261001,yolov8s,39,13,M1,True,0.7812375859178108,0.7812375859178108,0.857230544090271,0.528835654258728
20261001,yolov8s,40,14,M1,True,0.7585622620877125,0.7585622620877125,0.8956066370010376,0.528835654258728
20261001,yolov8s,41,14,M1,True,0.5909372140963604,0.5909372140963604,0.8830137848854065,0.528835654258728
20261001,yolov8s,42,14,M1,True,0.5870906208220368,0.5870906208220368,0.8528008460998535,0.528835654258728
20261001,yolov8s,43,15,M1,True,0.806822081443076,0.806822081443076,0.8648859262466431,0.528835654258728
20261001,yolov8s,44,15,M1,True,0.7641720278597013,0.7641720278597013,0.8571310043334961,0.528835654258728
20261001,yolov8s,45,15,M1,True,0.8849161535071948,0.8849161535071948,0.8983088135719299,0.528835654258728
20261001,yolov8s,46,16,M1,True,0.714741519854202,0.714741519854202,0.9081705808639526,0.528835654258728
20261001,yolov8s,47,17,M1,True,0.6560308907287403,0.6560308907287403,0.8874940276145935,0.528835654258728
20261001,yolov8s,48,18,M1,True,0.7706844147716672,0.7706844147716672,0.9255626797676086,0.528835654258728
20261001,yolov8s,49,19,M1,True,0.6442568168947438,0.6442568168947438,0.8996762037277222,0.528835654258728
20261001,yolov8s,50,20,M1,True,0.5688621758244569,0.5688621758244569,0.8999202251434326,0.528835654258728
20261001,yolov8s,51,21,M1,True,0.6122668919636167,0.6122668919636167,0.8953928351402283,0.528835654258728
20261001,yolov8s,52,22,M1,True,0.7772877559267943,0.7772877559267943,0.9128681421279907,0.528835654258728
20261001,yolov8s,53,23,M1,True,0.7749425778969525,0.7749425778969525,0.9203052520751953,0.528835654258728
20261001,yolov8s,54,24,M1,True,0.6955898845900121,0.6955898845900121,0.9018890261650085,0.528835654258728
20261001,yolov8s,55,25,M1,True,0.8266135304697759,0.8266135304697759,0.9209985136985779,0.528835654258728
20261001,yolov8s,56,26,M1,True,0.755380476309778,0.755380476309778,0.9334293007850647,0.528835654258728
20261001,yolov8s,57,27,M2,True,0.5401157562130341,0.5401157562130341,0.9104166626930237,0.528835654258728
20261001,yolov8s,58,27,M2,True,0.7472698658317661,0.7472698658317661,0.926452100276947,0.528835654258728
20261001,yolov8s,59,27,M2,True,0.6050172896454881,0.6050172896454881,0.8944686651229858,0.528835654258728
20261001,yolov8s,60,28,M2,True,0.7809099142566911,0.7809099142566911,0.8743076920509338,0.528835654258728
20261001,yolov8s,61,28,M2,True,0.5971634719219147,0.5971634719219147,0.9068708419799805,0.528835654258728
20261001,yolov8s,62,28,M2,True,0.689502906197747,0.689502906197747,0.8901507258415222,0.528835654258728
20261001,yolov8s,63,29,M2,True,0.6690001197891435,0.6690001197891435,0.9066510200500488,0.528835654258728
20261001,yolov8s,64,29,M2,True,0.8375653153429117,0.8375653153429117,0.8898981213569641,0.528835654258728
20261001,yolov8s,65,29,M2,True,0.9098641857927363,0.9098641857927363,0.902732253074646,0.528835654258728
20261001,yolov8s,66,30,M2,True,0.6816214085798533,0.6816214085798533,0.8736315965652466,0.528835654258728
20261001,yolov8s,67,30,M2,True,0.7925489645372551,0.7925489645372551,0.8963056802749634,0.528835654258728
20261001,yolov8s,68,30,M2,True,0.6620965458065547,0.6620965458065547,0.8880485892295837,0.528835654258728
20261001,yolov8s,69,31,M2,True,0.8651648154547718,0.8651648154547718,0.895893931388855,0.528835654258728
20261001,yolov8s,70,31,M2,True,0.68797309906437,0.68797309906437,0.8770482540130615,0.528835654258728
20261001,yolov8s,71,31,M2,True,0.8497270716593003,0.8497270716593003,0.8931578397750854,0.528835654258728
20261001,yolov8s,72,32,M2,True,0.7366792153999384,0.7366792153999384,0.8962029218673706,0.528835654258728
20261001,yolov8s,73,32,M2,True,0.879390697259512,0.879390697259512,0.8839686512947083,0.528835654258728
20261001,yolov8s,74,32,M2,True,0.8000649503821826,0.8000649503821826,0.8817374110221863,0.528835654258728
20261001,yolov8s,75,33,M2,True,0.6346327819246624,0.6346327819246624,0.9098283052444458,0.528835654258728
20261001,yolov8s,76,33,M2,True,0.6087687633369419,0.6087687633369419,0.9026616215705872,0.528835654258728
20261001,yolov8s,77,33,M2,True,0.694881044530133,0.694881044530133,0.8889577388763428,0.528835654258728
20261001,yolov8s,78,34,M2,True,0.7095616176781059,0.7095616176781059,0.8924421072006226,0.528835654258728
20261001,yolov8s,79,34,M2,True,0.7524156301931098,0.7524156301931098,0.8949882984161377,0.528835654258728
20261001,yolov8s,80,34,M2,True,0.6191320141409714,0.6191320141409714,0.8957375288009644,0.528835654258728
20261001,yolov8s,81,35,M2,True,0.7669494820146571,0.7669494820146571,0.9011594653129578,0.528835654258728
20261001,yolov8s,82,35,M2,True,0.7006099108599778,0.7006099108599778,0.8916382193565369,0.528835654258728
20261001,yolov8s,83,35,M2,True,0.831302460761266,0.831302460761266,0.9022436141967773,0.528835654258728
20261001,yolov8s,84,36,M2,True,0.7608930018744015,0.7608930018744015,0.8958434462547302,0.528835654258728
20261001,yolov8s,85,36,M2,True,0.5836372514891381,0.5836372514891381,0.9075171947479248,0.528835654258728
20261001,yolov8s,86,36,M2,True,0.795043605731741,0.795043605731741,0.9048449993133545,0.528835654258728
20261001,yolov8s,87,37,M2,True,0.8865559739029074,0.8865559739029074,0.8868412375450134,0.528835654258728
20261001,yolov8s,88,37,M2,True,0.7655600038793926,0.7655600038793926,0.9017172455787659,0.528835654258728
20261001,yolov8s,89,37,M2,True,0.8569724763861014,0.8569724763861014,0.9066576957702637,0.528835654258728
20261001,yolov8s,90,38,M2,True,0.6775607320589305,0.6775607320589305,0.9091904163360596,0.528835654258728
20261001,yolov8s,91,38,M2,True,0.750789301324585,0.750789301324585,0.923273503780365,0.528835654258728
20261001,yolov8s,92,38,M2,True,0.7003459030103926,0.7003459030103926,0.8870756030082703,0.528835654258728
20261001,yolov8s,93,39,M2,True,0.8083742980182236,0.8083742980182236,0.905266523361206,0.528835654258728
20261001,yolov8s,94,40,M2,True,0.7655687533786064,0.7655687533786064,0.9157097339630127,0.528835654258728
20261001,yolov8s,95,41,M2,True,0.8268557624812471,0.8268557624812471,0.8926734924316406,0.528835654258728
20261001,yolov8s,96,42,M2,True,0.7267352726759608,0.7267352726759608,0.9132062196731567,0.528835654258728
20261001,yolov8s,97,43,M2,True,0.8339515971715559,0.8339515971715559,0.8981180787086487,0.528835654258728
20261001,yolov8s,98,44,M2,True,0.8033655586623356,0.8033655586623356,0.9084246158599854,0.528835654258728
20261001,yolov8s,99,45,M3,True,0.8901015911825336,0.8901015911825336,0.8543493151664734,0.528835654258728
20261001,yolov8s,100,45,M3,True,0.784738816372403,0.784738816372403,0.9060300588607788,0.528835654258728
20261001,yolov8s,101,45,M3,True,0.8616034236725459,0.8616034236725459,0.8846064805984497,0.528835654258728
20261001,yolov8s,102,46,M3,True,0.7732459597377805,0.7732459597377805,0.8886110186576843,0.528835654258728
20261001,yolov8s,103,46,M3,True,0.6883976338296826,0.6883976338296826,0.8708312511444092,0.528835654258728
20261001,yolov8s,104,46,M3,True,0.8043456251837235,0.8043456251837235,0.8691951036453247,0.528835654258728
20261001,yolov8s,105,47,M3,True,0.8169074467585137,0.8169074467585137,0.8877745270729065,0.528835654258728
20261001,yolov8s,106,47,M3,True,0.7044154446016112,0.7044154446016112,0.9012001752853394,0.528835654258728
20261001,yolov8s,107,47,M3,True,0.6709982348716232,0.6709982348716232,0.9001144766807556,0.528835654258728
20261001,yolov8s,108,48,M3,True,0.7612301982975623,0.7612301982975623,0.8936111927032471,0.528835654258728
20261001,yolov8s,109,48,M3,True,0.7278577316569135,0.7278577316569135,0.9119521379470825,0.528835654258728
20261001,yolov8s,110,48,M3,False,0.31198676103132705,0.31198676103132705,0.4957922101020813,0.528835654258728
20261001,yolov8s,111,49,M3,True,0.8019000498573979,0.8019000498573979,0.892877459526062,0.528835654258728
20261001,yolov8s,112,49,M3,True,0.7234710345408969,0.7234710345408969,0.896214485168457,0.528835654258728
20261001,yolov8s,113,49,M3,True,0.8211917168305406,0.8211917168305406,0.8831149339675903,0.528835654258728
20261001,yolov8s,114,50,M3,True,0.7000620756192516,0.7000620756192516,0.8854147791862488,0.528835654258728
20261001,yolov8s,115,50,M3,True,0.7693380127182029,0.7693380127182029,0.8936524987220764,0.528835654258728
20261001,yolov8s,116,50,M3,True,0.7894098075355411,0.7894098075355411,0.8927525877952576,0.528835654258728
20261001,yolov8s,117,51,M3,True,0.8326898379456554,0.8326898379456554,0.888802170753479,0.528835654258728
20261001,yolov8s,118,51,M3,False,0.4950411751999035,0.4950411751999035,0.9020918607711792,0.528835654258728
20261001,yolov8s,119,51,M3,True,0.6725467831862939,0.6725467831862939,0.9021052122116089,0.528835654258728
20261001,yolov8s,120,52,M3,True,0.6059550910029831,0.6059550910029831,0.9070667624473572,0.528835654258728
20261001,yolov8s,121,52,M3,True,0.5952098269505022,0.5952098269505022,0.907878041267395,0.528835654258728
20261001,yolov8s,122,52,M3,False,0.4653306869919996,0.4653306869919996,0.8903132677078247,0.528835654258728
20261001,yolov8s,123,53,M3,True,0.6890476413343133,0.6890476413343133,0.8752509355545044,0.528835654258728
20261001,yolov8s,124,53,M3,True,0.593423677660935,0.593423677660935,0.8374647498130798,0.528835654258728
20261001,yolov8s,125,53,M3,True,0.6790536181661428,0.6790536181661428,0.914056658744812,0.528835654258728
20261001,yolov8s,126,54,M3,True,0.8145926596172919,0.8145926596172919,0.8759356737136841,0.528835654258728
20261001,yolov8s,127,54,M3,True,0.5693277678105049,0.5693277678105049,0.9087066054344177,0.528835654258728
20261001,yolov8s,128,54,M3,True,0.6575032482239274,0.6575032482239274,0.8807892799377441,0.528835654258728
20261001,yolov8s,129,55,M3,True,0.8197448638642439,0.8197448638642439,0.8516200184822083,0.528835654258728
20261001,yolov8s,130,55,M3,True,0.7998914086249723,0.7998914086249723,0.8822669386863708,0.528835654258728
20261001,yolov8s,131,55,M3,True,0.6018711169856277,0.6018711169856277,0.86330246925354,0.528835654258728
20261001,yolov8s,132,56,M3,True,0.5774676456746639,0.5774676456746639,0.9033448100090027,0.528835654258728
20261001,yolov8s,133,56,M3,True,0.5739617942315243,0.5739617942315243,0.8785232305526733,0.528835654258728
20261001,yolov8s,134,56,M3,True,0.6671900750797741,0.6671900750797741,0.9161585569381714,0.528835654258728
20261001,yolov8s,135,57,M3,True,0.6475771091923049,0.6475771091923049,0.8608653545379639,0.528835654258728
20261001,yolov8s,136,58,M3,False,0.4137681842148713,0.4137681842148713,0.8994495868682861,0.528835654258728
20261001,yolov8s,137,59,M3,False,0.47492466588706783,0.47492466588706783,0.8927354216575623,0.528835654258728
20261001,yolov8s,138,60,M3,True,0.8763589483228821,0.8763589483228821,0.8642950057983398,0.528835654258728
20261001,yolov8s,139,61,M3,True,0.7665256172817756,0.7665256172817756,0.8966406583786011,0.528835654258728
20261001,yolov8s,140,62,M3,True,0.7483329036008283,0.7483329036008283,0.8764087557792664,0.528835654258728
20261001,yolov8s,141,63,M3,True,0.5635939789792539,0.5635939789792539,0.8666021227836609,0.528835654258728
20261001,yolov8s,142,64,M3,True,0.728595413860527,0.728595413860527,0.877026379108429,0.528835654258728
20261001,yolov8s,143,65,M3,False,0.3536137283181523,0.3536137283181523,0.6081803441047668,0.528835654258728
20261001,yolov8s,144,66,M3,False,0.4564475866725842,0.3913924229794505,0.528835654258728,0.528835654258728
20261001,yolov8s_p2,1,1,M1,True,0.586954140828151,0.586954140828151,0.9384042024612427,0.01418741699308157
20261001,yolov8s_p2,2,1,M1,True,0.8576253498998351,0.8576253498998351,0.950597882270813,0.01418741699308157
20261001,yolov8s_p2,3,1,M1,False,0.4690680016485987,0.4690680016485987,0.9097906947135925,0.01418741699308157
20261001,yolov8s_p2,4,2,M1,True,0.7210385600159411,0.7210385600159411,0.9270939826965332,0.01418741699308157
20261001,yolov8s_p2,5,2,M1,True,0.7207024795924276,0.7207024795924276,0.9162567257881165,0.01418741699308157
20261001,yolov8s_p2,6,2,M1,True,0.6991885015374281,0.6991885015374281,0.892599880695343,0.01418741699308157
20261001,yolov8s_p2,7,3,M1,True,0.6307600637436055,0.6307600637436055,0.8939599394798279,0.01418741699308157
20261001,yolov8s_p2,8,3,M1,True,0.7499323096179924,0.7499323096179924,0.902770459651947,0.01418741699308157
20261001,yolov8s_p2,9,3,M1,True,0.6470108442223073,0.6470108442223073,0.9246266484260559,0.01418741699308157
20261001,yolov8s_p2,10,4,M1,True,0.7147611585670076,0.6630025172194857,0.9074608683586121,0.01418741699308157
20261001,yolov8s_p2,11,4,M1,True,0.6673907212112234,0.6673907212112234,0.9284406304359436,0.01418741699308157
20261001,yolov8s_p2,12,4,M1,True,0.7033475164353217,0.7033475164353217,0.8651793599128723,0.01418741699308157
20261001,yolov8s_p2,13,5,M1,True,0.6036712347491708,0.6036712347491708,0.9306091070175171,0.01418741699308157
20261001,yolov8s_p2,14,5,M1,True,0.6229331208731267,0.6229331208731267,0.9215550422668457,0.01418741699308157
20261001,yolov8s_p2,15,5,M1,True,0.7810557694713718,0.7810557694713718,0.8738929033279419,0.01418741699308157
20261001,yolov8s_p2,16,6,M1,True,0.653373386905349,0.653373386905349,0.9236308932304382,0.01418741699308157
20261001,yolov8s_p2,17,6,M1,True,0.7078473930227803,0.7078473930227803,0.9346194863319397,0.01418741699308157
20261001,yolov8s_p2,18,6,M1,True,0.6277635449331935,0.6277635449331935,0.918994128704071,0.01418741699308157
20261001,yolov8s_p2,19,7,M1,True,0.6565197380376337,0.6565197380376337,0.9304673671722412,0.01418741699308157
20261001,yolov8s_p2,20,7,M1,True,0.6979802647870029,0.6979802647870029,0.9216745495796204,0.01418741699308157
20261001,yolov8s_p2,21,7,M1,True,0.6748969670802658,0.6748969670802658,0.9218324422836304,0.01418741699308157
20261001,yolov8s_p2,22,8,M1,True,0.8184734642877514,0.8184734642877514,0.9260637760162354,0.01418741699308157
20261001,yolov8s_p2,23,8,M1,True,0.6891359597628203,0.6891359597628203,0.920759916305542,0.01418741699308157
20261001,yolov8s_p2,24,8,M1,True,0.7648048773043948,0.7648048773043948,0.9256159067153931,0.01418741699308157
20261001,yolov8s_p2,25,9,M1,True,0.7174146461531516,0.7174146461531516,0.9049090147018433,0.01418741699308157
20261001,yolov8s_p2,26,9,M1,True,0.6752497388910518,0.6752497388910518,0.9052255153656006,0.01418741699308157
20261001,yolov8s_p2,27,9,M1,True,0.6457064303090838,0.6457064303090838,0.8963209986686707,0.01418741699308157
20261001,yolov8s_p2,28,10,M1,True,0.627916055575501,0.627916055575501,0.9352446794509888,0.01418741699308157
20261001,yolov8s_p2,29,10,M1,True,0.5090877237006349,0.5090877237006349,0.9022805690765381,0.01418741699308157
20261001,yolov8s_p2,30,10,M1,True,0.7301028658547101,0.7301028658547101,0.9263911247253418,0.01418741699308157
20261001,yolov8s_p2,31,11,M1,True,0.6807797224092466,0.6807797224092466,0.9365286827087402,0.01418741699308157
20261001,yolov8s_p2,32,11,M1,True,0.7124396053875263,0.7124396053875263,0.9291970729827881,0.01418741699308157
20261001,yolov8s_p2,33,11,M1,True,0.7414559528246818,0.7414559528246818,0.8899352550506592,0.01418741699308157
20261001,yolov8s_p2,34,12,M1,True,0.8306210137362725,0.8306210137362725,0.923675537109375,0.01418741699308157
20261001,yolov8s_p2,35,12,M1,True,0.7723213562726948,0.7723213562726948,0.9092575907707214,0.01418741699308157
20261001,yolov8s_p2,36,12,M1,True,0.7587796427459782,0.7587796427459782,0.9274750351905823,0.01418741699308157
20261001,yolov8s_p2,37,13,M1,True,0.7484212477305692,0.7484212477305692,0.9149609208106995,0.01418741699308157
20261001,yolov8s_p2,38,13,M1,True,0.71746939431174,0.71746939431174,0.9313814640045166,0.01418741699308157
20261001,yolov8s_p2,39,13,M1,True,0.7781377427385483,0.7781377427385483,0.8994268774986267,0.01418741699308157
20261001,yolov8s_p2,40,14,M1,True,0.7609828788861203,0.7609828788861203,0.9422978758811951,0.01418741699308157
20261001,yolov8s_p2,41,14,M1,True,0.6293241702760376,0.6293241702760376,0.8560774326324463,0.01418741699308157
20261001,yolov8s_p2,42,14,M1,True,0.5399407565972905,0.5399407565972905,0.9033117294311523,0.01418741699308157
20261001,yolov8s_p2,43,15,M1,True,0.7797497110332371,0.7797497110332371,0.9109382629394531,0.01418741699308157
20261001,yolov8s_p2,44,15,M1,True,0.746235313861484,0.746235313861484,0.9105281233787537,0.01418741699308157
20261001,yolov8s_p2,45,15,M1,True,0.7410475851331371,0.7410475851331371,0.91302090883255,0.01418741699308157
20261001,yolov8s_p2,46,16,M1,True,0.6679495885149048,0.6679495885149048,0.9377149939537048,0.01418741699308157
20261001,yolov8s_p2,47,17,M1,True,0.6447323688282784,0.6447323688282784,0.672705352306366,0.01418741699308157
20261001,yolov8s_p2,48,18,M1,True,0.7209098678313899,0.7209098678313899,0.9356366991996765,0.01418741699308157
20261001,yolov8s_p2,49,19,M1,True,0.6042285704779131,0.6042285704779131,0.8782342076301575,0.01418741699308157
20261001,yolov8s_p2,50,20,M1,True,0.6768143539913397,0.6768143539913397,0.9168656468391418,0.01418741699308157
20261001,yolov8s_p2,51,21,M1,True,0.7040931581168366,0.7040931581168366,0.9236400723457336,0.01418741699308157
20261001,yolov8s_p2,52,22,M1,True,0.8212965400350108,0.8212965400350108,0.9266217947006226,0.01418741699308157
20261001,yolov8s_p2,53,23,M1,True,0.8243927187251521,0.8243927187251521,0.9264969229698181,0.01418741699308157
20261001,yolov8s_p2,54,24,M1,True,0.7052113557515951,0.7052113557515951,0.938737690448761,0.01418741699308157
20261001,yolov8s_p2,55,25,M1,True,0.8593169110421229,0.8593169110421229,0.92255699634552,0.01418741699308157
20261001,yolov8s_p2,56,26,M1,True,0.768511949139005,0.768511949139005,0.924572765827179,0.01418741699308157
20261001,yolov8s_p2,57,27,M2,True,0.6488020572968782,0.6488020572968782,0.9217762351036072,0.01418741699308157
20261001,yolov8s_p2,58,27,M2,True,0.7888085032670468,0.7888085032670468,0.9287620782852173,0.01418741699308157
20261001,yolov8s_p2,59,27,M2,True,0.5935340663544508,0.5935340663544508,0.9169411659240723,0.01418741699308157
20261001,yolov8s_p2,60,28,M2,True,0.6716425290589046,0.6716425290589046,0.9198617339134216,0.01418741699308157
20261001,yolov8s_p2,61,28,M2,True,0.5566080914474739,0.5566080914474739,0.9223446846008301,0.01418741699308157
20261001,yolov8s_p2,62,28,M2,True,0.6598096789292114,0.6598096789292114,0.9196081161499023,0.01418741699308157
20261001,yolov8s_p2,63,29,M2,True,0.6605268979826106,0.6605268979826106,0.9246205687522888,0.01418741699308157
20261001,yolov8s_p2,64,29,M2,True,0.8397215580185148,0.8397215580185148,0.9340997338294983,0.01418741699308157
20261001,yolov8s_p2,65,29,M2,True,0.8703199377937099,0.8703199377937099,0.9105255603790283,0.01418741699308157
20261001,yolov8s_p2,66,30,M2,True,0.7085288982851068,0.7085288982851068,0.9348260164260864,0.01418741699308157
20261001,yolov8s_p2,67,30,M2,True,0.8044334882281934,0.8044334882281934,0.9255800843238831,0.01418741699308157
20261001,yolov8s_p2,68,30,M2,True,0.6537020853052551,0.6537020853052551,0.9210048317909241,0.01418741699308157
20261001,yolov8s_p2,69,31,M2,True,0.8735484953279903,0.8735484953279903,0.9126641154289246,0.01418741699308157
20261001,yolov8s_p2,70,31,M2,True,0.7095118991633207,0.7095118991633207,0.942992627620697,0.01418741699308157
20261001,yolov8s_p2,71,31,M2,True,0.8263449934676679,0.8263449934676679,0.9090021252632141,0.01418741699308157
20261001,yolov8s_p2,72,32,M2,True,0.7273901423367886,0.7273901423367886,0.932582676410675,0.01418741699308157
20261001,yolov8s_p2,73,32,M2,True,0.826987372592513,0.826987372592513,0.9190676212310791,0.01418741699308157
20261001,yolov8s_p2,74,32,M2,True,0.8858542739473892,0.8858542739473892,0.9100322127342224,0.01418741699308157
20261001,yolov8s_p2,75,33,M2,True,0.7553033801428749,0.7553033801428749,0.9163162112236023,0.01418741699308157
20261001,yolov8s_p2,76,33,M2,True,0.6725514558970587,0.6725514558970587,0.9062138795852661,0.01418741699308157
20261001,yolov8s_p2,77,33,M2,True,0.743883566744653,0.743883566744653,0.9226488471031189,0.01418741699308157
20261001,yolov8s_p2,78,34,M2,True,0.703028887458055,0.703028887458055,0.9326605200767517,0.01418741699308157
20261001,yolov8s_p2,79,34,M2,True,0.7492976634752619,0.7492976634752619,0.9350424408912659,0.01418741699308157
20261001,yolov8s_p2,80,34,M2,True,0.7134945101602406,0.7134945101602406,0.9280253052711487,0.01418741699308157
20261001,yolov8s_p2,81,35,M2,True,0.7909297189905029,0.7909297189905029,0.9262882471084595,0.01418741699308157
20261001,yolov8s_p2,82,35,M2,True,0.835973667623134,0.835973667623134,0.9282655715942383,0.01418741699308157
20261001,yolov8s_p2,83,35,M2,True,0.8462144038406688,0.8462144038406688,0.9216551184654236,0.01418741699308157
20261001,yolov8s_p2,84,36,M2,True,0.756162997804659,0.756162997804659,0.9201547503471375,0.01418741699308157
20261001,yolov8s_p2,85,36,M2,True,0.6621122841496723,0.6621122841496723,0.9270187020301819,0.01418741699308157
20261001,yolov8s_p2,86,36,M2,True,0.8229369695063006,0.8229369695063006,0.9274493455886841,0.01418741699308157
20261001,yolov8s_p2,87,37,M2,True,0.8188658681060432,0.8188658681060432,0.9315875768661499,0.01418741699308157
20261001,yolov8s_p2,88,37,M2,True,0.7815338735310736,0.7815338735310736,0.9478433728218079,0.01418741699308157
20261001,yolov8s_p2,89,37,M2,True,0.8416724460752476,0.8416724460752476,0.9373231530189514,0.01418741699308157
20261001,yolov8s_p2,90,38,M2,True,0.655279905136344,0.655279905136344,0.9127978682518005,0.01418741699308157
20261001,yolov8s_p2,91,38,M2,True,0.6733239269471694,0.6733239269471694,0.9392971992492676,0.01418741699308157
20261001,yolov8s_p2,92,38,M2,True,0.7312340735778895,0.7312340735778895,0.9299378991127014,0.01418741699308157
20261001,yolov8s_p2,93,39,M2,True,0.7547747079372578,0.7547747079372578,0.9397860169410706,0.01418741699308157
20261001,yolov8s_p2,94,40,M2,True,0.759666454078505,0.759666454078505,0.928576648235321,0.01418741699308157
20261001,yolov8s_p2,95,41,M2,True,0.8802202023652883,0.8802202023652883,0.9239549040794373,0.01418741699308157
20261001,yolov8s_p2,96,42,M2,True,0.7168434457026917,0.7168434457026917,0.9391399025917053,0.01418741699308157
20261001,yolov8s_p2,97,43,M2,True,0.782905837777395,0.782905837777395,0.908638596534729,0.01418741699308157
20261001,yolov8s_p2,98,44,M2,True,0.8031517888135685,0.8031517888135685,0.9385440349578857,0.01418741699308157
20261001,yolov8s_p2,99,45,M3,True,0.8464512053713188,0.8464512053713188,0.9033102989196777,0.01418741699308157
20261001,yolov8s_p2,100,45,M3,True,0.7149378501742377,0.7149378501742377,0.9200237393379211,0.01418741699308157
20261001,yolov8s_p2,101,45,M3,True,0.8619401606736293,0.8619401606736293,0.9312149882316589,0.01418741699308157
20261001,yolov8s_p2,102,46,M3,True,0.7951048738196191,0.7951048738196191,0.9179291725158691,0.01418741699308157
20261001,yolov8s_p2,103,46,M3,True,0.753698061994172,0.753698061994172,0.9075617790222168,0.01418741699308157
20261001,yolov8s_p2,104,46,M3,True,0.8240239227245082,0.8240239227245082,0.9113523364067078,0.01418741699308157
20261001,yolov8s_p2,105,47,M3,True,0.8475381797043895,0.8475381797043895,0.9210774898529053,0.01418741699308157
20261001,yolov8s_p2,106,47,M3,True,0.7127100489971123,0.7127100489971123,0.9222508072853088,0.01418741699308157
20261001,yolov8s_p2,107,47,M3,True,0.6405767480480965,0.6405767480480965,0.8946589827537537,0.01418741699308157
20261001,yolov8s_p2,108,48,M3,True,0.7759805343985606,0.7759805343985606,0.915952205657959,0.01418741699308157
20261001,yolov8s_p2,109,48,M3,True,0.6573240391165943,0.6573240391165943,0.8958832025527954,0.01418741699308157
20261001,yolov8s_p2,110,48,M3,False,0.28665091028501316,0.28665091028501316,0.7772493362426758,0.01418741699308157
20261001,yolov8s_p2,111,49,M3,True,0.796251223755251,0.796251223755251,0.9216235280036926,0.01418741699308157
20261001,yolov8s_p2,112,49,M3,True,0.7169026441839357,0.7169026441839357,0.903170108795166,0.01418741699308157
20261001,yolov8s_p2,113,49,M3,True,0.8117810263693711,0.8117810263693711,0.9145100712776184,0.01418741699308157
20261001,yolov8s_p2,114,50,M3,True,0.5522605967065651,0.5522605967065651,0.9222686290740967,0.01418741699308157
20261001,yolov8s_p2,115,50,M3,True,0.7817022727947099,0.7817022727947099,0.9033106565475464,0.01418741699308157
20261001,yolov8s_p2,116,50,M3,True,0.851583138820108,0.851583138820108,0.9255973100662231,0.01418741699308157
20261001,yolov8s_p2,117,51,M3,True,0.7053672867647963,0.7053672867647963,0.9120506048202515,0.01418741699308157
20261001,yolov8s_p2,118,51,M3,True,0.6452755791566905,0.6452755791566905,0.899841845035553,0.01418741699308157
20261001,yolov8s_p2,119,51,M3,True,0.6719570514876159,0.6719570514876159,0.921795666217804,0.01418741699308157
20261001,yolov8s_p2,120,52,M3,True,0.6708368621909768,0.6708368621909768,0.9071059226989746,0.01418741699308157
20261001,yolov8s_p2,121,52,M3,True,0.589419302558506,0.589419302558506,0.9196844100952148,0.01418741699308157
20261001,yolov8s_p2,122,52,M3,True,0.50767119431331,0.50767119431331,0.9037252068519592,0.01418741699308157
20261001,yolov8s_p2,123,53,M3,True,0.7269425475296539,0.7269425475296539,0.9055967330932617,0.01418741699308157
20261001,yolov8s_p2,124,53,M3,True,0.5499420830266541,0.5499420830266541,0.9255698323249817,0.01418741699308157
20261001,yolov8s_p2,125,53,M3,True,0.7274702046468541,0.7274702046468541,0.9456436634063721,0.01418741699308157
20261001,yolov8s_p2,126,54,M3,True,0.7831591438025427,0.7831591438025427,0.9116008281707764,0.01418741699308157
20261001,yolov8s_p2,127,54,M3,True,0.5998684546776478,0.5998684546776478,0.9167213439941406,0.01418741699308157
20261001,yolov8s_p2,128,54,M3,True,0.6163996372356018,0.6163996372356018,0.9101623892784119,0.01418741699308157
20261001,yolov8s_p2,129,55,M3,True,0.7144544309275924,0.7144544309275924,0.8907927870750427,0.01418741699308157
20261001,yolov8s_p2,130,55,M3,True,0.815876543434115,0.815876543434115,0.9198266267776489,0.01418741699308157
20261001,yolov8s_p2,131,55,M3,True,0.5936752309387148,0.5936752309387148,0.9292779564857483,0.01418741699308157
20261001,yolov8s_p2,132,56,M3,True,0.5939098188029458,0.5939098188029458,0.9182368516921997,0.01418741699308157
20261001,yolov8s_p2,133,56,M3,True,0.571677007554555,0.571677007554555,0.9129337072372437,0.01418741699308157
20261001,yolov8s_p2,134,56,M3,True,0.7500506417462903,0.7500506417462903,0.9336230754852295,0.01418741699308157
20261001,yolov8s_p2,135,57,M3,True,0.6191647449569707,0.6191647449569707,0.9025940299034119,0.01418741699308157
20261001,yolov8s_p2,136,58,M3,True,0.5140170036422339,0.5140170036422339,0.9239283800125122,0.01418741699308157
20261001,yolov8s_p2,137,59,M3,True,0.5363694156462234,0.5363694156462234,0.9354113340377808,0.01418741699308157
20261001,yolov8s_p2,138,60,M3,True,0.8437258239133623,0.8437258239133623,0.872166097164154,0.01418741699308157
20261001,yolov8s_p2,139,61,M3,True,0.8121384314295359,0.8121384314295359,0.919869065284729,0.01418741699308157
20261001,yolov8s_p2,140,62,M3,True,0.751148764279849,0.751148764279849,0.9341990947723389,0.01418741699308157
20261001,yolov8s_p2,141,63,M3,True,0.5237023751396173,0.5237023751396173,0.9189740419387817,0.01418741699308157
20261001,yolov8s_p2,142,64,M3,True,0.6543519227706301,0.6543519227706301,0.923335075378418,0.01418741699308157
20261001,yolov8s_p2,143,65,M3,False,0.3187067066518632,0.3187067066518632,0.8319092988967896,0.01418741699308157
20261001,yolov8s_p2,144,66,M3,False,0.41276142412753664,0.41276142412753664,0.7016717791557312,0.01418741699308157
20261001,dfine_s,1,1,M1,True,0.6411470349835688,0.5508387511237117,0.8027159571647644,0.30556273460388184
20261001,dfine_s,2,1,M1,True,0.8787040433395968,0.8787040433395968,0.8137658834457397,0.30556273460388184
20261001,dfine_s,3,1,M1,True,0.5465484884969211,0.532329884763048,0.7923245429992676,0.30556273460388184
20261001,dfine_s,4,2,M1,True,0.6970727402490021,0.652592929792429,0.738775372505188,0.30556273460388184
20261001,dfine_s,5,2,M1,True,0.7629478607556202,0.7629478607556202,0.7672403454780579,0.30556273460388184
20261001,dfine_s,6,2,M1,True,0.6661743218293622,0.654545071888268,0.7807158827781677,0.30556273460388184
20261001,dfine_s,7,3,M1,False,0.5250384677511275,0.49322831437556,0.6745178699493408,0.30556273460388184
20261001,dfine_s,8,3,M1,True,0.6618201725513091,0.5354403158653348,0.749089241027832,0.30556273460388184
20261001,dfine_s,9,3,M1,True,0.6914097685507159,0.6060969806426798,0.7725715637207031,0.30556273460388184
20261001,dfine_s,10,4,M1,True,0.7564474285413492,0.7564474285413492,0.7461073398590088,0.30556273460388184
20261001,dfine_s,11,4,M1,True,0.8179026981295208,0.8179026981295208,0.7856813073158264,0.30556273460388184
20261001,dfine_s,12,4,M1,True,0.6632359551856369,0.66083400459463,0.7551678419113159,0.30556273460388184
20261001,dfine_s,13,5,M1,True,0.6831930891503069,0.6691089395975238,0.7758217453956604,0.30556273460388184
20261001,dfine_s,14,5,M1,True,0.6408641209326699,0.6408641209326699,0.7894441485404968,0.30556273460388184
20261001,dfine_s,15,5,M1,True,0.7892047616861639,0.7694896909606019,0.7671452164649963,0.30556273460388184
20261001,dfine_s,16,6,M1,True,0.713121075403739,0.707880968789703,0.7519679069519043,0.30556273460388184
20261001,dfine_s,17,6,M1,True,0.6549239314730843,0.6549239314730843,0.7542961835861206,0.30556273460388184
20261001,dfine_s,18,6,M1,True,0.6974699295452377,0.6974699295452377,0.7726281881332397,0.30556273460388184
20261001,dfine_s,19,7,M1,True,0.7016748472349355,0.7016748472349355,0.7352494597434998,0.30556273460388184
20261001,dfine_s,20,7,M1,True,0.8560959007755253,0.6676804279972196,0.7387825846672058,0.30556273460388184
20261001,dfine_s,21,7,M1,True,0.8363117709941706,0.5857008906804597,0.7260582447052002,0.30556273460388184
20261001,dfine_s,22,8,M1,True,0.7583964720566158,0.7583964720566158,0.7765830159187317,0.30556273460388184
20261001,dfine_s,23,8,M1,True,0.6737598455205611,0.6737598455205611,0.7697870135307312,0.30556273460388184
20261001,dfine_s,24,8,M1,True,0.7922840980942988,0.7922840980942988,0.7683851718902588,0.30556273460388184
20261001,dfine_s,25,9,M1,True,0.7595863787154585,0.7595863787154585,0.7738394737243652,0.30556273460388184
20261001,dfine_s,26,9,M1,True,0.6232287840522563,0.6145803527727373,0.7133954763412476,0.30556273460388184
20261001,dfine_s,27,9,M1,True,0.8106025801860529,0.6366134510277291,0.7464095950126648,0.30556273460388184
20261001,dfine_s,28,10,M1,True,0.8027397497227166,0.742360548857118,0.7534573674201965,0.30556273460388184
20261001,dfine_s,29,10,M1,True,0.5564992685318806,0.5564992685318806,0.7690489888191223,0.30556273460388184
20261001,dfine_s,30,10,M1,True,0.7518186771590992,0.7518186771590992,0.7272303104400635,0.30556273460388184
20261001,dfine_s,31,11,M1,True,0.7749597636225961,0.7749597636225961,0.785175085067749,0.30556273460388184
20261001,dfine_s,32,11,M1,True,0.768745675857898,0.768745675857898,0.7519307136535645,0.30556273460388184
20261001,dfine_s,33,11,M1,True,0.832926343129788,0.7950449931015863,0.7734164595603943,0.30556273460388184
20261001,dfine_s,34,12,M1,True,0.8110810517785836,0.8110810517785836,0.7909367084503174,0.30556273460388184
20261001,dfine_s,35,12,M1,True,0.7691622045253255,0.7691622045253255,0.7730147838592529,0.30556273460388184
20261001,dfine_s,36,12,M1,True,0.7309766624022025,0.7309766624022025,0.7716004848480225,0.30556273460388184
20261001,dfine_s,37,13,M1,True,0.7350147362759715,0.7350147362759715,0.7869505286216736,0.30556273460388184
20261001,dfine_s,38,13,M1,True,0.7098381992762187,0.5411832664309957,0.7655219435691833,0.30556273460388184
20261001,dfine_s,39,13,M1,True,0.8505314100813914,0.8505314100813914,0.7433496117591858,0.30556273460388184
20261001,dfine_s,40,14,M1,True,0.7550377304885394,0.7550377304885394,0.7581697106361389,0.30556273460388184
20261001,dfine_s,41,14,M1,True,0.6657537232807659,0.6657537232807659,0.7707467675209045,0.30556273460388184
20261001,dfine_s,42,14,M1,True,0.6171783966497754,0.6171783966497754,0.7833406925201416,0.30556273460388184
20261001,dfine_s,43,15,M1,True,0.7504785478722285,0.7504785478722285,0.7646455764770508,0.30556273460388184
20261001,dfine_s,44,15,M1,True,0.7865694772825618,0.7853315253270704,0.7806105613708496,0.30556273460388184
20261001,dfine_s,45,15,M1,True,0.7648049924058165,0.7648049924058165,0.6470770239830017,0.30556273460388184
20261001,dfine_s,46,16,M1,True,0.7036459828236441,0.7036459828236441,0.8128606677055359,0.30556273460388184
20261001,dfine_s,47,17,M1,True,0.6031364549442936,0.6031364549442936,0.693638801574707,0.30556273460388184
20261001,dfine_s,48,18,M1,True,0.6424641237790699,0.6245159791647493,0.7970390915870667,0.30556273460388184
20261001,dfine_s,49,19,M1,True,0.6055502838388233,0.6040484212398548,0.8021565079689026,0.30556273460388184
20261001,dfine_s,50,20,M1,True,0.7074005264124256,0.7074005264124256,0.7866572141647339,0.30556273460388184
20261001,dfine_s,51,21,M1,True,0.6420389842153567,0.6420389842153567,0.8034173846244812,0.30556273460388184
20261001,dfine_s,52,22,M1,True,0.7742964330449628,0.7742964330449628,0.8084577918052673,0.30556273460388184
20261001,dfine_s,53,23,M1,True,0.7546753531088443,0.7546753531088443,0.7799193263053894,0.30556273460388184
20261001,dfine_s,54,24,M1,True,0.7617130644527857,0.7617130644527857,0.8134682178497314,0.30556273460388184
20261001,dfine_s,55,25,M1,True,0.8431025224993604,0.8431025224993604,0.7784857153892517,0.30556273460388184
20261001,dfine_s,56,26,M1,True,0.7710619834005055,0.7710619834005055,0.8073410987854004,0.30556273460388184
20261001,dfine_s,57,27,M2,True,0.6081116118013052,0.5827251212018876,0.7735183835029602,0.30556273460388184
20261001,dfine_s,58,27,M2,True,0.6920195470297794,0.6614064224717273,0.805626392364502,0.30556273460388184
20261001,dfine_s,59,27,M2,True,0.6612315176337878,0.6612315176337878,0.7824709415435791,0.30556273460388184
20261001,dfine_s,60,28,M2,True,0.7912747873960262,0.7912747873960262,0.7873143553733826,0.30556273460388184
20261001,dfine_s,61,28,M2,True,0.7779963248738613,0.6821641609916083,0.7870830297470093,0.30556273460388184
20261001,dfine_s,62,28,M2,True,0.6573909705807446,0.6573909705807446,0.7866935729980469,0.30556273460388184
20261001,dfine_s,63,29,M2,True,0.7664937530765411,0.7664937530765411,0.740974485874176,0.30556273460388184
20261001,dfine_s,64,29,M2,True,0.7589618528420013,0.7589618528420013,0.764941930770874,0.30556273460388184
20261001,dfine_s,65,29,M2,True,0.854558688221563,0.854558688221563,0.7677983045578003,0.30556273460388184
20261001,dfine_s,66,30,M2,True,0.6432231060052747,0.6100544802506922,0.7808929085731506,0.30556273460388184
20261001,dfine_s,67,30,M2,True,0.7978180413920913,0.7978180413920913,0.7694483995437622,0.30556273460388184
20261001,dfine_s,68,30,M2,True,0.6042044988577848,0.6042044988577848,0.7883635759353638,0.30556273460388184
20261001,dfine_s,69,31,M2,True,0.7247222377387496,0.7247222377387496,0.7817754149436951,0.30556273460388184
20261001,dfine_s,70,31,M2,True,0.6520725958663233,0.6520725958663233,0.7936776280403137,0.30556273460388184
20261001,dfine_s,71,31,M2,True,0.7541818994556972,0.7541818994556972,0.765433132648468,0.30556273460388184
20261001,dfine_s,72,32,M2,True,0.8080778121190958,0.8080778121190958,0.7821648716926575,0.30556273460388184
20261001,dfine_s,73,32,M2,True,0.7955302446905196,0.7955302446905196,0.7912262082099915,0.30556273460388184
20261001,dfine_s,74,32,M2,True,0.7573688101205517,0.7149641045915452,0.7811488509178162,0.30556273460388184
20261001,dfine_s,75,33,M2,True,0.6326066196093831,0.6326066196093831,0.7369046807289124,0.30556273460388184
20261001,dfine_s,76,33,M2,True,0.5764027621984209,0.5764027621984209,0.7794396281242371,0.30556273460388184
20261001,dfine_s,77,33,M2,True,0.6413631831997656,0.6413631831997656,0.794394314289093,0.30556273460388184
20261001,dfine_s,78,34,M2,True,0.7183145306735075,0.7183145306735075,0.779212236404419,0.30556273460388184
20261001,dfine_s,79,34,M2,True,0.7319990349724581,0.7319990349724581,0.7865668535232544,0.30556273460388184
20261001,dfine_s,80,34,M2,True,0.6942218552280874,0.6942218552280874,0.7475833296775818,0.30556273460388184
20261001,dfine_s,81,35,M2,True,0.7694279686601517,0.7694279686601517,0.8023537993431091,0.30556273460388184
20261001,dfine_s,82,35,M2,True,0.8738570268993029,0.8738570268993029,0.777770459651947,0.30556273460388184
20261001,dfine_s,83,35,M2,True,0.8009405860740718,0.8009405860740718,0.7618974447250366,0.30556273460388184
20261001,dfine_s,84,36,M2,True,0.7762621563544772,0.7762621563544772,0.7944051027297974,0.30556273460388184
20261001,dfine_s,85,36,M2,True,0.8259197839679834,0.6718590737115673,0.7789344787597656,0.30556273460388184
20261001,dfine_s,86,36,M2,True,0.9283716902985345,0.9283716902985345,0.7595705389976501,0.30556273460388184
20261001,dfine_s,87,37,M2,True,0.9229940905620772,0.9229940905620772,0.7864499092102051,0.30556273460388184
20261001,dfine_s,88,37,M2,True,0.7804525840418964,0.7804525840418964,0.7685900926589966,0.30556273460388184
20261001,dfine_s,89,37,M2,True,0.8712631049272594,0.8712631049272594,0.7584179639816284,0.30556273460388184
20261001,dfine_s,90,38,M2,True,0.6357843461150939,0.6357843461150939,0.7972915172576904,0.30556273460388184
20261001,dfine_s,91,38,M2,True,0.7023972426892251,0.7023972426892251,0.780204176902771,0.30556273460388184
20261001,dfine_s,92,38,M2,True,0.6787795998205991,0.6787795998205991,0.7908654808998108,0.30556273460388184
20261001,dfine_s,93,39,M2,True,0.673298521675689,0.673298521675689,0.8121074438095093,0.30556273460388184
20261001,dfine_s,94,40,M2,True,0.7111293133903583,0.6302245569742884,0.7644976377487183,0.30556273460388184
20261001,dfine_s,95,41,M2,True,0.8237760916445895,0.8237760916445895,0.6944825053215027,0.30556273460388184
20261001,dfine_s,96,42,M2,True,0.6994023655655005,0.6994023655655005,0.8159790635108948,0.30556273460388184
20261001,dfine_s,97,43,M2,True,0.6873160111800303,0.6836770756236903,0.8039068579673767,0.30556273460388184
20261001,dfine_s,98,44,M2,True,0.7046928703833208,0.7046928703833208,0.806941568851471,0.30556273460388184
20261001,dfine_s,99,45,M3,True,0.9105887927859894,0.9105887927859894,0.7739694714546204,0.30556273460388184
20261001,dfine_s,100,45,M3,True,0.7006117756972682,0.7006117756972682,0.7555347084999084,0.30556273460388184
20261001,dfine_s,101,45,M3,True,0.7997385384275704,0.7997385384275704,0.691218376159668,0.30556273460388184
20261001,dfine_s,102,46,M3,True,0.8254720685947309,0.8254720685947309,0.762951672077179,0.30556273460388184
20261001,dfine_s,103,46,M3,True,0.762164203692596,0.7570258570889951,0.6355417370796204,0.30556273460388184
20261001,dfine_s,104,46,M3,True,0.7674016114886497,0.7674016114886497,0.7542247772216797,0.30556273460388184
20261001,dfine_s,105,47,M3,True,0.8569952652450944,0.8569952652450944,0.7787118554115295,0.30556273460388184
20261001,dfine_s,106,47,M3,True,0.802967489415104,0.802967489415104,0.7339428067207336,0.30556273460388184
20261001,dfine_s,107,47,M3,True,0.6832132055708809,0.6832132055708809,0.7303817272186279,0.30556273460388184
20261001,dfine_s,108,48,M3,True,0.6973623369081163,0.6973623369081163,0.38298675417900085,0.30556273460388184
20261001,dfine_s,109,48,M3,True,0.7990645384415835,0.711551694848097,0.7797520160675049,0.30556273460388184
20261001,dfine_s,110,48,M3,False,0.5863863730070162,0.4557806994596632,0.7316871881484985,0.30556273460388184
20261001,dfine_s,111,49,M3,True,0.718644089652856,0.718644089652856,0.7682371139526367,0.30556273460388184
20261001,dfine_s,112,49,M3,True,0.7177571449062108,0.5945127516520312,0.785515546798706,0.30556273460388184
20261001,dfine_s,113,49,M3,True,0.8302786327488777,0.8302786327488777,0.7553764581680298,0.30556273460388184
20261001,dfine_s,114,50,M3,True,0.9090149950625622,0.5324152801799259,0.7754530906677246,0.30556273460388184
20261001,dfine_s,115,50,M3,True,0.6840544991136113,0.6840544991136113,0.7916829586029053,0.30556273460388184
20261001,dfine_s,116,50,M3,True,0.742599172800965,0.742599172800965,0.7591060400009155,0.30556273460388184
20261001,dfine_s,117,51,M3,True,0.8027005642307491,0.8027005642307491,0.7420991063117981,0.30556273460388184
20261001,dfine_s,118,51,M3,True,0.5852379013521974,0.5852379013521974,0.7924465537071228,0.30556273460388184
20261001,dfine_s,119,51,M3,True,0.6848796711617959,0.6848796711617959,0.7374158501625061,0.30556273460388184
20261001,dfine_s,120,52,M3,True,0.6121680937585364,0.6121680937585364,0.7820401191711426,0.30556273460388184
20261001,dfine_s,121,52,M3,True,0.5783624063273302,0.5783624063273302,0.7919329404830933,0.30556273460388184
20261001,dfine_s,122,52,M3,True,0.5227846257074303,0.5227846257074303,0.781982958316803,0.30556273460388184
20261001,dfine_s,123,53,M3,True,0.781359189789075,0.781359189789075,0.7780585289001465,0.30556273460388184
20261001,dfine_s,124,53,M3,True,0.5563394471176849,0.5563394471176849,0.797146201133728,0.30556273460388184
20261001,dfine_s,125,53,M3,True,0.7993904764808331,0.7993904764808331,0.7251286506652832,0.30556273460388184
20261001,dfine_s,126,54,M3,True,0.8248196235707629,0.7510430547410561,0.7442386150360107,0.30556273460388184
20261001,dfine_s,127,54,M3,True,0.633233835132845,0.633233835132845,0.7666898965835571,0.30556273460388184
20261001,dfine_s,128,54,M3,True,0.6918432730191315,0.6918432730191315,0.7601245641708374,0.30556273460388184
20261001,dfine_s,129,55,M3,True,0.6320782579511534,0.6320782579511534,0.5076309442520142,0.30556273460388184
20261001,dfine_s,130,55,M3,True,0.8584492923678841,0.8584492923678841,0.8004728555679321,0.30556273460388184
20261001,dfine_s,131,55,M3,True,0.5191312619496596,0.5191312619496596,0.7505197525024414,0.30556273460388184
20261001,dfine_s,132,56,M3,True,0.7478171876870662,0.7478171876870662,0.7463278770446777,0.30556273460388184
20261001,dfine_s,133,56,M3,True,0.6971673865033148,0.60177269973763,0.7544507384300232,0.30556273460388184
20261001,dfine_s,134,56,M3,True,0.8350268529740107,0.8350268529740107,0.746078610420227,0.30556273460388184
20261001,dfine_s,135,57,M3,True,0.6900841788341144,0.6900841788341144,0.4893004596233368,0.30556273460388184
20261001,dfine_s,136,58,M3,False,0.4679910488874739,0.4135665530576239,0.7210181951522827,0.30556273460388184
20261001,dfine_s,137,59,M3,True,0.6338764149853134,0.6174185943643616,0.7451092004776001,0.30556273460388184
20261001,dfine_s,138,60,M3,True,0.6875497829587521,0.6875497829587521,0.7624015212059021,0.30556273460388184
20261001,dfine_s,139,61,M3,True,0.6097059120613452,0.5467120795637573,0.44627395272254944,0.30556273460388184
20261001,dfine_s,140,62,M3,True,0.7031931608005842,0.7031931608005842,0.7654991745948792,0.30556273460388184
20261001,dfine_s,141,63,M3,True,0.6984141046408455,0.6984141046408455,0.5959612727165222,0.30556273460388184
20261001,dfine_s,142,64,M3,True,0.6417649228460508,0.6417649228460508,0.5023542642593384,0.30556273460388184
20261001,dfine_s,143,65,M3,True,0.6451836039090635,0.6451836039090635,0.7754179835319519,0.30556273460388184
20261001,dfine_s,144,66,M3,True,0.8066081553318033,0.8066081553318033,0.43853774666786194,0.30556273460388184
20261001,dfine_s_p2,1,1,M1,True,0.5630745034263845,0.5630745034263845,0.7766457200050354,0.2016734480857849
20261001,dfine_s_p2,2,1,M1,True,0.8662055504914575,0.8662055504914575,0.7725202441215515,0.2016734480857849
20261001,dfine_s_p2,3,1,M1,True,0.5754464187565193,0.5684601161092065,0.7676013708114624,0.2016734480857849
20261001,dfine_s_p2,4,2,M1,True,0.6626579678781201,0.6626579678781201,0.769232988357544,0.2016734480857849
20261001,dfine_s_p2,5,2,M1,True,0.8421541310599555,0.8421541310599555,0.7884019613265991,0.2016734480857849
20261001,dfine_s_p2,6,2,M1,True,0.6731865741256916,0.6731865741256916,0.7430217266082764,0.2016734480857849
20261001,dfine_s_p2,7,3,M1,False,0.4815628440468436,0.4815628440468436,0.785723865032196,0.2016734480857849
20261001,dfine_s_p2,8,3,M1,True,0.7758901849509576,0.6083437966698662,0.7990503311157227,0.2016734480857849
20261001,dfine_s_p2,9,3,M1,True,0.7641995238210676,0.6709255947946147,0.7631001472473145,0.2016734480857849
20261001,dfine_s_p2,10,4,M1,True,0.7957516923738395,0.7957516923738395,0.7542681097984314,0.2016734480857849
20261001,dfine_s_p2,11,4,M1,True,0.7722224240440179,0.7722224240440179,0.7883149981498718,0.2016734480857849
20261001,dfine_s_p2,12,4,M1,True,0.6119209817226159,0.5697644841847813,0.7627594470977783,0.2016734480857849
20261001,dfine_s_p2,13,5,M1,True,0.7060158644680773,0.5196062452066873,0.8051875233650208,0.2016734480857849
20261001,dfine_s_p2,14,5,M1,True,0.6282171633411118,0.6282171633411118,0.7985001802444458,0.2016734480857849
20261001,dfine_s_p2,15,5,M1,True,0.8130980179984523,0.8130980179984523,0.7756211757659912,0.2016734480857849
20261001,dfine_s_p2,16,6,M1,True,0.7600967322507146,0.7600967322507146,0.7517169117927551,0.2016734480857849
20261001,dfine_s_p2,17,6,M1,True,0.658422965744431,0.658422965744431,0.7495145201683044,0.2016734480857849
20261001,dfine_s_p2,18,6,M1,True,0.7038911306669835,0.7038911306669835,0.771111249923706,0.2016734480857849
20261001,dfine_s_p2,19,7,M1,True,0.7512061046285315,0.7512061046285315,0.7989963889122009,0.2016734480857849
20261001,dfine_s_p2,20,7,M1,True,0.7103674846031238,0.7103674846031238,0.7795719504356384,0.2016734480857849
20261001,dfine_s_p2,21,7,M1,True,0.640225109190222,0.640225109190222,0.7520188689231873,0.2016734480857849
20261001,dfine_s_p2,22,8,M1,True,0.781306762417718,0.781306762417718,0.7891250848770142,0.2016734480857849
20261001,dfine_s_p2,23,8,M1,True,0.6604270358360746,0.5950772214684728,0.7811235189437866,0.2016734480857849
20261001,dfine_s_p2,24,8,M1,True,0.7687377331702581,0.7325378378669078,0.7535990476608276,0.2016734480857849
20261001,dfine_s_p2,25,9,M1,True,0.79172392268699,0.79172392268699,0.7875708937644958,0.2016734480857849
20261001,dfine_s_p2,26,9,M1,True,0.7565040365717084,0.7565040365717084,0.7498458027839661,0.2016734480857849
20261001,dfine_s_p2,27,9,M1,True,0.6649523865329009,0.6649523865329009,0.777975857257843,0.2016734480857849
20261001,dfine_s_p2,28,10,M1,True,0.723260372765279,0.723260372765279,0.8033945560455322,0.2016734480857849
20261001,dfine_s_p2,29,10,M1,True,0.5616283208656375,0.5021935903185716,0.7617262601852417,0.2016734480857849
20261001,dfine_s_p2,30,10,M1,True,0.7735871472809298,0.7735871472809298,0.7842739224433899,0.2016734480857849
20261001,dfine_s_p2,31,11,M1,True,0.747317158400113,0.747317158400113,0.7849048972129822,0.2016734480857849
20261001,dfine_s_p2,32,11,M1,True,0.7007661761768886,0.7007661761768886,0.7747358083724976,0.2016734480857849
20261001,dfine_s_p2,33,11,M1,True,0.8160865621704454,0.8160865621704454,0.8023573756217957,0.2016734480857849
20261001,dfine_s_p2,34,12,M1,True,0.8111253183919541,0.8111253183919541,0.7997143268585205,0.2016734480857849
20261001,dfine_s_p2,35,12,M1,True,0.8563380498814871,0.8563380498814871,0.6988975405693054,0.2016734480857849
20261001,dfine_s_p2,36,12,M1,True,0.7735619999781672,0.7735619999781672,0.7770816683769226,0.2016734480857849
20261001,dfine_s_p2,37,13,M1,True,0.7426976466124238,0.7426976466124238,0.7780810594558716,0.2016734480857849
20261001,dfine_s_p2,38,13,M1,True,0.6654750643957225,0.6629129461125488,0.7719496488571167,0.2016734480857849
20261001,dfine_s_p2,39,13,M1,True,0.8806614286065451,0.8806614286065451,0.7477174401283264,0.2016734480857849
20261001,dfine_s_p2,40,14,M1,True,0.6669283521342609,0.6669283521342609,0.8028103113174438,0.2016734480857849
20261001,dfine_s_p2,41,14,M1,True,0.550587481341381,0.550587481341381,0.7055497169494629,0.2016734480857849
20261001,dfine_s_p2,42,14,M1,True,0.5668162082345355,0.5668162082345355,0.7592419385910034,0.2016734480857849
20261001,dfine_s_p2,43,15,M1,True,0.7735636283382867,0.7215443927507266,0.7733656764030457,0.2016734480857849
20261001,dfine_s_p2,44,15,M1,True,0.7612954968035296,0.7244111047079097,0.7587500810623169,0.2016734480857849
20261001,dfine_s_p2,45,15,M1,True,0.7883503778860202,0.7883503778860202,0.7641881704330444,0.2016734480857849
20261001,dfine_s_p2,46,16,M1,True,0.6799481020159346,0.6799481020159346,0.7586860060691833,0.2016734480857849
20261001,dfine_s_p2,47,17,M1,True,0.6942744859732342,0.6942744859732342,0.6524993777275085,0.2016734480857849
20261001,dfine_s_p2,48,18,M1,True,0.6163499582119284,0.6163499582119284,0.7817145586013794,0.2016734480857849
20261001,dfine_s_p2,49,19,M1,True,0.6477799065119337,0.6477799065119337,0.7657754421234131,0.2016734480857849
20261001,dfine_s_p2,50,20,M1,True,0.6881286621985753,0.6536542213407107,0.5780477523803711,0.2016734480857849
20261001,dfine_s_p2,51,21,M1,True,0.6792136571823026,0.6792136571823026,0.7386183142662048,0.2016734480857849
20261001,dfine_s_p2,52,22,M1,True,0.8110970979785032,0.8110970979785032,0.7838608026504517,0.2016734480857849
20261001,dfine_s_p2,53,23,M1,True,0.8554597785086507,0.8554597785086507,0.7617500424385071,0.2016734480857849
20261001,dfine_s_p2,54,24,M1,True,0.6976295945639528,0.6976295945639528,0.720849871635437,0.2016734480857849
20261001,dfine_s_p2,55,25,M1,True,0.8172327244418075,0.8172327244418075,0.6563141942024231,0.2016734480857849
20261001,dfine_s_p2,56,26,M1,True,0.7571826778282139,0.7571826778282139,0.8049470782279968,0.2016734480857849
20261001,dfine_s_p2,57,27,M2,True,0.6790761457088806,0.6093462688837811,0.790730893611908,0.2016734480857849
20261001,dfine_s_p2,58,27,M2,True,0.6707776880228059,0.6102852197699238,0.7818189859390259,0.2016734480857849
20261001,dfine_s_p2,59,27,M2,True,0.6309003840558126,0.6078042321945863,0.7454430460929871,0.2016734480857849
20261001,dfine_s_p2,60,28,M2,True,0.6951975547167867,0.6951975547167867,0.7933171987533569,0.2016734480857849
20261001,dfine_s_p2,61,28,M2,True,0.7342282005177729,0.6909078157025591,0.8107732534408569,0.2016734480857849
20261001,dfine_s_p2,62,28,M2,True,0.7022972384782229,0.7022972384782229,0.8078937530517578,0.2016734480857849
20261001,dfine_s_p2,63,29,M2,True,0.7096152934364549,0.7096152934364549,0.7900434136390686,0.2016734480857849
20261001,dfine_s_p2,64,29,M2,True,0.6722280274006877,0.6722280274006877,0.8056285381317139,0.2016734480857849
20261001,dfine_s_p2,65,29,M2,True,0.7783016465399938,0.7783016465399938,0.7879385352134705,0.2016734480857849
20261001,dfine_s_p2,66,30,M2,True,0.6494349330048277,0.6494349330048277,0.7752618789672852,0.2016734480857849
20261001,dfine_s_p2,67,30,M2,True,0.8175293363742279,0.8175293363742279,0.7913633584976196,0.2016734480857849
20261001,dfine_s_p2,68,30,M2,True,0.6923547834568896,0.6495938737148196,0.7779621481895447,0.2016734480857849
20261001,dfine_s_p2,69,31,M2,True,0.7609478888386358,0.7609478888386358,0.7749773263931274,0.2016734480857849
20261001,dfine_s_p2,70,31,M2,True,0.6320814203522661,0.6320814203522661,0.7892515063285828,0.2016734480857849
20261001,dfine_s_p2,71,31,M2,True,0.7694531972600951,0.7694531972600951,0.770380973815918,0.2016734480857849
20261001,dfine_s_p2,72,32,M2,True,0.8261745474486673,0.8261745474486673,0.7890300154685974,0.2016734480857849
20261001,dfine_s_p2,73,32,M2,True,0.8802817371540873,0.8802817371540873,0.7863684296607971,0.2016734480857849
20261001,dfine_s_p2,74,32,M2,True,0.7556723742063813,0.7556723742063813,0.5664035677909851,0.2016734480857849
20261001,dfine_s_p2,75,33,M2,True,0.6310189501207666,0.6310189501207666,0.7850231528282166,0.2016734480857849
20261001,dfine_s_p2,76,33,M2,True,0.6388221053688605,0.6388221053688605,0.8053337335586548,0.2016734480857849
20261001,dfine_s_p2,77,33,M2,True,0.6871386567492888,0.6871386567492888,0.7892345190048218,0.2016734480857849
20261001,dfine_s_p2,78,34,M2,True,0.7441649133008242,0.7441649133008242,0.788600504398346,0.2016734480857849
20261001,dfine_s_p2,79,34,M2,True,0.7587824841894679,0.7587824841894679,0.7919467687606812,0.2016734480857849
20261001,dfine_s_p2,80,34,M2,True,0.7217329079216808,0.6506296110098724,0.7790372371673584,0.2016734480857849
20261001,dfine_s_p2,81,35,M2,True,0.7802520291668633,0.7802520291668633,0.7591599822044373,0.2016734480857849
20261001,dfine_s_p2,82,35,M2,True,0.8762366823630224,0.8762366823630224,0.7794587016105652,0.2016734480857849
20261001,dfine_s_p2,83,35,M2,True,0.8265660734110499,0.8265660734110499,0.8034080266952515,0.2016734480857849
20261001,dfine_s_p2,84,36,M2,True,0.7756723860250372,0.7756723860250372,0.7828409075737,0.2016734480857849
20261001,dfine_s_p2,85,36,M2,True,0.8141158811064245,0.7013458669063963,0.7783335447311401,0.2016734480857849
20261001,dfine_s_p2,86,36,M2,True,0.9060857870522263,0.9060857870522263,0.7885999083518982,0.2016734480857849
20261001,dfine_s_p2,87,37,M2,True,0.879960086920775,0.879960086920775,0.7610250115394592,0.2016734480857849
20261001,dfine_s_p2,88,37,M2,True,0.7683373287907834,0.7683373287907834,0.8043190240859985,0.2016734480857849
20261001,dfine_s_p2,89,37,M2,True,0.8324839925007456,0.8324839925007456,0.7981805801391602,0.2016734480857849
20261001,dfine_s_p2,90,38,M2,True,0.6827603268902707,0.6827603268902707,0.7973690629005432,0.2016734480857849
20261001,dfine_s_p2,91,38,M2,True,0.7638640139412572,0.7638640139412572,0.7978416681289673,0.2016734480857849
20261001,dfine_s_p2,92,38,M2,True,0.6605460870532827,0.6605460870532827,0.8078736662864685,0.2016734480857849
20261001,dfine_s_p2,93,39,M2,True,0.6697914260268332,0.6697914260268332,0.777361273765564,0.2016734480857849
20261001,dfine_s_p2,94,40,M2,True,0.6695213476399658,0.6695213476399658,0.7664703130722046,0.2016734480857849
20261001,dfine_s_p2,95,41,M2,True,0.9204719595990788,0.9204719595990788,0.7659529447555542,0.2016734480857849
20261001,dfine_s_p2,96,42,M2,True,0.7681647031793917,0.7071277984403159,0.7986328601837158,0.2016734480857849
20261001,dfine_s_p2,97,43,M2,True,0.7337445069159604,0.7337445069159604,0.7490325570106506,0.2016734480857849
20261001,dfine_s_p2,98,44,M2,True,0.80789218627548,0.80789218627548,0.8006399273872375,0.2016734480857849
20261001,dfine_s_p2,99,45,M3,True,0.8756083147423743,0.8756083147423743,0.8100089430809021,0.2016734480857849
20261001,dfine_s_p2,100,45,M3,True,0.915391521449704,0.915391521449704,0.7752352356910706,0.2016734480857849
20261001,dfine_s_p2,101,45,M3,True,0.7400143452455317,0.7400143452455317,0.785875678062439,0.2016734480857849
20261001,dfine_s_p2,102,46,M3,True,0.810483896174971,0.810483896174971,0.7963498830795288,0.2016734480857849
20261001,dfine_s_p2,103,46,M3,True,0.7674173961010056,0.762652378506816,0.7868362069129944,0.2016734480857849
20261001,dfine_s_p2,104,46,M3,True,0.8335906520590335,0.8335906520590335,0.7749806642532349,0.2016734480857849
20261001,dfine_s_p2,105,47,M3,True,0.8693531073901508,0.8693531073901508,0.764570951461792,0.2016734480857849
20261001,dfine_s_p2,106,47,M3,True,0.8252659345804607,0.8252659345804607,0.7976658344268799,0.2016734480857849
20261001,dfine_s_p2,107,47,M3,True,0.6796435674229577,0.6796435674229577,0.7859483957290649,0.2016734480857849
20261001,dfine_s_p2,108,48,M3,True,0.8520097224274935,0.8520097224274935,0.772458016872406,0.2016734480857849
20261001,dfine_s_p2,109,48,M3,True,0.6786078115390107,0.6731886841553456,0.7946352362632751,0.2016734480857849
20261001,dfine_s_p2,110,48,M3,False,0.728379614616822,0.4126420762714809,0.7615154981613159,0.2016734480857849
20261001,dfine_s_p2,111,49,M3,True,0.6302303711779725,0.6302303711779725,0.7859259247779846,0.2016734480857849
20261001,dfine_s_p2,112,49,M3,True,0.7010256873131331,0.6289889671757658,0.7948136329650879,0.2016734480857849
20261001,dfine_s_p2,113,49,M3,True,0.8420908631130422,0.8420908631130422,0.7914031744003296,0.2016734480857849
20261001,dfine_s_p2,114,50,M3,False,0.642310222399751,0.48601754782348994,0.773623526096344,0.2016734480857849
20261001,dfine_s_p2,115,50,M3,True,0.8124614191366248,0.7094132940627624,0.7945900559425354,0.2016734480857849
20261001,dfine_s_p2,116,50,M3,True,0.8041237322313511,0.8041237322313511,0.7823713421821594,0.2016734480857849
20261001,dfine_s_p2,117,51,M3,True,0.7608267746266296,0.7035078082103902,0.7488476037979126,0.2016734480857849
20261001,dfine_s_p2,118,51,M3,True,0.6425001016592744,0.6425001016592744,0.7469655275344849,0.2016734480857849
20261001,dfine_s_p2,119,51,M3,True,0.6462496981865987,0.6462496981865987,0.7720014452934265,0.2016734480857849
20261001,dfine_s_p2,120,52,M3,True,0.5777773955628833,0.5777773955628833,0.795280933380127,0.2016734480857849
20261001,dfine_s_p2,121,52,M3,True,0.6919407250877581,0.5779442541956762,0.7432244420051575,0.2016734480857849
20261001,dfine_s_p2,122,52,M3,True,0.5832053347773546,0.5071835385074857,0.7973288893699646,0.2016734480857849
20261001,dfine_s_p2,123,53,M3,True,0.7159856936107474,0.7159856936107474,0.8070104122161865,0.2016734480857849
20261001,dfine_s_p2,124,53,M3,True,0.608491121403053,0.5958497679027321,0.771584689617157,0.2016734480857849
20261001,dfine_s_p2,125,53,M3,True,0.7889029986792147,0.7889029986792147,0.7970356941223145,0.2016734480857849
20261001,dfine_s_p2,126,54,M3,True,0.8317858189529509,0.8317858189529509,0.7897996306419373,0.2016734480857849
20261001,dfine_s_p2,127,54,M3,True,0.8009599412284744,0.6122585729156296,0.7630186676979065,0.2016734480857849
20261001,dfine_s_p2,128,54,M3,True,0.7964391057518031,0.7412429218557243,0.7613185048103333,0.2016734480857849
20261001,dfine_s_p2,129,55,M3,True,0.7644693398082968,0.634919424512465,0.7555902004241943,0.2016734480857849
20261001,dfine_s_p2,130,55,M3,True,0.8197777348475067,0.8197777348475067,0.786567211151123,0.2016734480857849
20261001,dfine_s_p2,131,55,M3,True,0.5523789473131325,0.5523789473131325,0.77958083152771,0.2016734480857849
20261001,dfine_s_p2,132,56,M3,True,0.7735866469039134,0.7735866469039134,0.7945048809051514,0.2016734480857849
20261001,dfine_s_p2,133,56,M3,True,0.6088164944106164,0.5617451542092332,0.7802070379257202,0.2016734480857849
20261001,dfine_s_p2,134,56,M3,True,0.7668042195137854,0.7668042195137854,0.7884126901626587,0.2016734480857849
20261001,dfine_s_p2,135,57,M3,True,0.7163052847136643,0.6458855544139206,0.7108668088912964,0.2016734480857849
20261001,dfine_s_p2,136,58,M3,False,0.5569863016713905,0.4193384549004349,0.7496253252029419,0.2016734480857849
20261001,dfine_s_p2,137,59,M3,True,0.6462019670172422,0.6462019670172422,0.7458943128585815,0.2016734480857849
20261001,dfine_s_p2,138,60,M3,True,0.6919807617615737,0.6367840703025859,0.7446051239967346,0.2016734480857849
20261001,dfine_s_p2,139,61,M3,True,0.7254828803360812,0.7254828803360812,0.736132800579071,0.2016734480857849
20261001,dfine_s_p2,140,62,M3,True,0.8622066472209652,0.7022893980507542,0.7810882329940796,0.2016734480857849
20261001,dfine_s_p2,141,63,M3,True,0.6682594582188729,0.6156145001883783,0.7453396916389465,0.2016734480857849
20261001,dfine_s_p2,142,64,M3,True,0.6837731477807412,0.6837731477807412,0.7574818730354309,0.2016734480857849
20261001,dfine_s_p2,143,65,M3,True,0.5859755212061177,0.5859755212061177,0.7055798172950745,0.2016734480857849
20261001,dfine_s_p2,144,66,M3,True,0.8291894821968189,0.8291894821968189,0.7073976993560791,0.2016734480857849
20261001,dfine_mal_UQ,1,1,M1,True,0.6206786762044914,0.5353709629220954,0.6581724286079407,0.17760604619979858
20261001,dfine_mal_UQ,2,1,M1,True,0.8743743078908424,0.8743743078908424,0.6291497945785522,0.17760604619979858
20261001,dfine_mal_UQ,3,1,M1,True,0.5987934165785762,0.5357815420961514,0.6386451721191406,0.17760604619979858
20261001,dfine_mal_UQ,4,2,M1,True,0.6594384213885778,0.6594384213885778,0.6572028398513794,0.17760604619979858
20261001,dfine_mal_UQ,5,2,M1,True,0.8078494188066423,0.8078494188066423,0.6492106318473816,0.17760604619979858
20261001,dfine_mal_UQ,6,2,M1,True,0.6564478769975616,0.6564478769975616,0.6591994166374207,0.17760604619979858
20261001,dfine_mal_UQ,7,3,M1,True,0.5614633952424719,0.5614633952424719,0.6653643846511841,0.17760604619979858
20261001,dfine_mal_UQ,8,3,M1,True,0.5703482494458105,0.5703482494458105,0.6378934979438782,0.17760604619979858
20261001,dfine_mal_UQ,9,3,M1,True,0.6924628000668843,0.6924628000668843,0.6355603933334351,0.17760604619979858
20261001,dfine_mal_UQ,10,4,M1,True,0.7799731253284347,0.7799731253284347,0.6595499515533447,0.17760604619979858
20261001,dfine_mal_UQ,11,4,M1,True,0.7889628573369533,0.7889628573369533,0.6510026454925537,0.17760604619979858
20261001,dfine_mal_UQ,12,4,M1,True,0.698295190069855,0.6669967766862992,0.6368656158447266,0.17760604619979858
20261001,dfine_mal_UQ,13,5,M1,True,0.7696704399708937,0.6130441817648907,0.6843156814575195,0.17760604619979858
20261001,dfine_mal_UQ,14,5,M1,True,0.6571868460504205,0.6571868460504205,0.6486971378326416,0.17760604619979858
20261001,dfine_mal_UQ,15,5,M1,True,0.74760058438511,0.74760058438511,0.6514446139335632,0.17760604619979858
20261001,dfine_mal_UQ,16,6,M1,True,0.6451013275295456,0.6451013275295456,0.6682577729225159,0.17760604619979858
20261001,dfine_mal_UQ,17,6,M1,True,0.8396997732083633,0.6850801256042459,0.6331878304481506,0.17760604619979858
20261001,dfine_mal_UQ,18,6,M1,True,0.7701564336906972,0.7701564336906972,0.6690841913223267,0.17760604619979858
20261001,dfine_mal_UQ,19,7,M1,True,0.7994937812965704,0.7048263323002163,0.6811784505844116,0.17760604619979858
20261001,dfine_mal_UQ,20,7,M1,True,0.737136528920525,0.737136528920525,0.651990532875061,0.17760604619979858
20261001,dfine_mal_UQ,21,7,M1,True,0.6794508184458486,0.6794508184458486,0.655552864074707,0.17760604619979858
20261001,dfine_mal_UQ,22,8,M1,True,0.8052286299565233,0.8052286299565233,0.6596870422363281,0.17760604619979858
20261001,dfine_mal_UQ,23,8,M1,True,0.6014682149545191,0.6014682149545191,0.6560289859771729,0.17760604619979858
20261001,dfine_mal_UQ,24,8,M1,True,0.7409375954857329,0.7409375954857329,0.6353337168693542,0.17760604619979858
20261001,dfine_mal_UQ,25,9,M1,True,0.77346518183292,0.77346518183292,0.6354910731315613,0.17760604619979858
20261001,dfine_mal_UQ,26,9,M1,True,0.7348728208681303,0.7348728208681303,0.618830144405365,0.17760604619979858
20261001,dfine_mal_UQ,27,9,M1,True,0.7443897484069433,0.6978858846870237,0.6472645998001099,0.17760604619979858
20261001,dfine_mal_UQ,28,10,M1,True,0.7260754707628163,0.7260754707628163,0.6872950792312622,0.17760604619979858
20261001,dfine_mal_UQ,29,10,M1,True,0.6656486492165391,0.5461395492184009,0.6451326608657837,0.17760604619979858
20261001,dfine_mal_UQ,30,10,M1,True,0.7267824476708246,0.7267824476708246,0.6629075407981873,0.17760604619979858
20261001,dfine_mal_UQ,31,11,M1,True,0.7981180451732446,0.7981180451732446,0.6854590177536011,0.17760604619979858
20261001,dfine_mal_UQ,32,11,M1,True,0.7373981053402384,0.7373981053402384,0.6409832239151001,0.17760604619979858
20261001,dfine_mal_UQ,33,11,M1,True,0.7732675033350677,0.7732675033350677,0.6688260436058044,0.17760604619979858
20261001,dfine_mal_UQ,34,12,M1,True,0.7341255137998014,0.7341255137998014,0.6756814122200012,0.17760604619979858
20261001,dfine_mal_UQ,35,12,M1,True,0.7883414399287743,0.7883414399287743,0.6578630208969116,0.17760604619979858
20261001,dfine_mal_UQ,36,12,M1,True,0.8035212378098456,0.6888010424605845,0.6550244688987732,0.17760604619979858
20261001,dfine_mal_UQ,37,13,M1,True,0.7733288297848006,0.7218380253324398,0.6647142767906189,0.17760604619979858
20261001,dfine_mal_UQ,38,13,M1,True,0.5713636138184292,0.5713636138184292,0.6609760522842407,0.17760604619979858
20261001,dfine_mal_UQ,39,13,M1,True,0.8609652164472591,0.8609652164472591,0.661365270614624,0.17760604619979858
20261001,dfine_mal_UQ,40,14,M1,True,0.7636207925936114,0.7636207925936114,0.6643033623695374,0.17760604619979858
20261001,dfine_mal_UQ,41,14,M1,True,0.5712462372002819,0.5505108172751199,0.6402524709701538,0.17760604619979858
20261001,dfine_mal_UQ,42,14,M1,True,0.6002274806107942,0.5869593324343245,0.6511880159378052,0.17760604619979858
20261001,dfine_mal_UQ,43,15,M1,True,0.757261320607146,0.7364324533617288,0.6597075462341309,0.17760604619979858
20261001,dfine_mal_UQ,44,15,M1,True,0.7940909530316581,0.7940909530316581,0.6347194910049438,0.17760604619979858
20261001,dfine_mal_UQ,45,15,M1,True,0.75595599596688,0.75595599596688,0.6258335113525391,0.17760604619979858
20261001,dfine_mal_UQ,46,16,M1,True,0.7953072990329471,0.7537407893987186,0.6991706490516663,0.17760604619979858
20261001,dfine_mal_UQ,47,17,M1,True,0.7218981908231794,0.6766907899258904,0.6747281551361084,0.17760604619979858
20261001,dfine_mal_UQ,48,18,M1,True,0.660791200267495,0.660791200267495,0.6718782186508179,0.17760604619979858
20261001,dfine_mal_UQ,49,19,M1,True,0.8382064414323773,0.6298463080558684,0.6799667477607727,0.17760604619979858
20261001,dfine_mal_UQ,50,20,M1,True,0.7149904044831151,0.7149904044831151,0.6735111474990845,0.17760604619979858
20261001,dfine_mal_UQ,51,21,M1,True,0.6421909978482617,0.6421909978482617,0.6771363615989685,0.17760604619979858
20261001,dfine_mal_UQ,52,22,M1,True,0.737828576398968,0.7342168148458933,0.6607493162155151,0.17760604619979858
20261001,dfine_mal_UQ,53,23,M1,True,0.8099179444583899,0.8099179444583899,0.6784171462059021,0.17760604619979858
20261001,dfine_mal_UQ,54,24,M1,True,0.7105921533014165,0.7105921533014165,0.6813982725143433,0.17760604619979858
20261001,dfine_mal_UQ,55,25,M1,True,0.7881700816283257,0.7881700816283257,0.6845666170120239,0.17760604619979858
20261001,dfine_mal_UQ,56,26,M1,True,0.8250765115719105,0.8250765115719105,0.6737918853759766,0.17760604619979858
20261001,dfine_mal_UQ,57,27,M2,True,0.6596844854329464,0.5139301130970357,0.6793660521507263,0.17760604619979858
20261001,dfine_mal_UQ,58,27,M2,True,0.9073797243165412,0.5998658447609699,0.6782686114311218,0.17760604619979858
20261001,dfine_mal_UQ,59,27,M2,True,0.8811307783940017,0.6071591794522726,0.6756848096847534,0.17760604619979858
20261001,dfine_mal_UQ,60,28,M2,True,0.8357930150306779,0.7353261364251221,0.6671530604362488,0.17760604619979858
20261001,dfine_mal_UQ,61,28,M2,True,0.8205003500088554,0.6551893373189384,0.6612613201141357,0.17760604619979858
20261001,dfine_mal_UQ,62,28,M2,True,0.6982417117076504,0.6982417117076504,0.6708434820175171,0.17760604619979858
20261001,dfine_mal_UQ,63,29,M2,True,0.8030196576410001,0.8030196576410001,0.6641858816146851,0.17760604619979858
20261001,dfine_mal_UQ,64,29,M2,True,0.8248631721577394,0.7408059434229929,0.6550074219703674,0.17760604619979858
20261001,dfine_mal_UQ,65,29,M2,True,0.8755465205299906,0.8755465205299906,0.6496728658676147,0.17760604619979858
20261001,dfine_mal_UQ,66,30,M2,True,0.62457157599279,0.62457157599279,0.6765217781066895,0.17760604619979858
20261001,dfine_mal_UQ,67,30,M2,True,0.7159530310362265,0.7159530310362265,0.6539402008056641,0.17760604619979858
20261001,dfine_mal_UQ,68,30,M2,True,0.6168429244397909,0.6168429244397909,0.656327486038208,0.17760604619979858
20261001,dfine_mal_UQ,69,31,M2,True,0.7449878216273994,0.7449878216273994,0.6790896058082581,0.17760604619979858
20261001,dfine_mal_UQ,70,31,M2,True,0.6511793448692659,0.6511793448692659,0.6309191584587097,0.17760604619979858
20261001,dfine_mal_UQ,71,31,M2,True,0.820165331372912,0.820165331372912,0.669169008731842,0.17760604619979858
20261001,dfine_mal_UQ,72,32,M2,True,0.7851892849807226,0.7851892849807226,0.6689091920852661,0.17760604619979858
20261001,dfine_mal_UQ,73,32,M2,True,0.8073315848847038,0.8073315848847038,0.6443945169448853,0.17760604619979858
20261001,dfine_mal_UQ,74,32,M2,True,0.8127139024860499,0.8127139024860499,0.6596522331237793,0.17760604619979858
20261001,dfine_mal_UQ,75,33,M2,True,0.6360984032303431,0.6360984032303431,0.6603889465332031,0.17760604619979858
20261001,dfine_mal_UQ,76,33,M2,True,0.6619391126245074,0.6217429301865524,0.6569083333015442,0.17760604619979858
20261001,dfine_mal_UQ,77,33,M2,True,0.7838627008792146,0.7096830573754384,0.6510657668113708,0.17760604619979858
20261001,dfine_mal_UQ,78,34,M2,True,0.7406438701351498,0.6693665156183485,0.6704040765762329,0.17760604619979858
20261001,dfine_mal_UQ,79,34,M2,True,0.7534691317706244,0.7534691317706244,0.655044436454773,0.17760604619979858
20261001,dfine_mal_UQ,80,34,M2,True,0.6796881759195449,0.6796881759195449,0.6566966772079468,0.17760604619979858
20261001,dfine_mal_UQ,81,35,M2,True,0.7860691495517586,0.7860691495517586,0.6695044040679932,0.17760604619979858
20261001,dfine_mal_UQ,82,35,M2,True,0.7894192810396918,0.7894192810396918,0.6379349827766418,0.17760604619979858
20261001,dfine_mal_UQ,83,35,M2,True,0.7997789589718244,0.7997789589718244,0.6707539558410645,0.17760604619979858
20261001,dfine_mal_UQ,84,36,M2,True,0.7687722476187583,0.7687722476187583,0.6695627570152283,0.17760604619979858
20261001,dfine_mal_UQ,85,36,M2,True,0.8692522122992623,0.6706157252063906,0.6501233577728271,0.17760604619979858
20261001,dfine_mal_UQ,86,36,M2,True,0.8814903780116241,0.8814903780116241,0.6592149138450623,0.17760604619979858
20261001,dfine_mal_UQ,87,37,M2,True,0.8628319600906028,0.8628319600906028,0.6607311367988586,0.17760604619979858
20261001,dfine_mal_UQ,88,37,M2,True,0.804472121858165,0.804472121858165,0.6619210839271545,0.17760604619979858
20261001,dfine_mal_UQ,89,37,M2,True,0.7633134943843725,0.7633134943843725,0.6594910025596619,0.17760604619979858
20261001,dfine_mal_UQ,90,38,M2,True,0.8271591900570915,0.589052156828513,0.6754972338676453,0.17760604619979858
20261001,dfine_mal_UQ,91,38,M2,True,0.7517583000249319,0.7517583000249319,0.6552143692970276,0.17760604619979858
20261001,dfine_mal_UQ,92,38,M2,True,0.752232450929627,0.752232450929627,0.6568178534507751,0.17760604619979858
20261001,dfine_mal_UQ,93,39,M2,True,0.6765652214351107,0.6765652214351107,0.6931218504905701,0.17760604619979858
20261001,dfine_mal_UQ,94,40,M2,True,0.7021137099383744,0.7021137099383744,0.6887617111206055,0.17760604619979858
20261001,dfine_mal_UQ,95,41,M2,True,0.8574630079434801,0.8574630079434801,0.6860345602035522,0.17760604619979858
20261001,dfine_mal_UQ,96,42,M2,True,0.7299199090006194,0.6571957042688753,0.6907534599304199,0.17760604619979858
20261001,dfine_mal_UQ,97,43,M2,True,0.7244126923341909,0.7244126923341909,0.6667900085449219,0.17760604619979858
20261001,dfine_mal_UQ,98,44,M2,True,0.7840319959091492,0.7840319959091492,0.6811454892158508,0.17760604619979858
20261001,dfine_mal_UQ,99,45,M3,True,0.892483369472522,0.892483369472522,0.6612886786460876,0.17760604619979858
20261001,dfine_mal_UQ,100,45,M3,True,0.7054908440810518,0.7054908440810518,0.6586424112319946,0.17760604619979858
20261001,dfine_mal_UQ,101,45,M3,True,0.7457976682503415,0.7457976682503415,0.6168717741966248,0.17760604619979858
20261001,dfine_mal_UQ,102,46,M3,True,0.8144673995254484,0.6997195234006123,0.6461424827575684,0.17760604619979858
20261001,dfine_mal_UQ,103,46,M3,True,0.7501513574206387,0.7130387300164964,0.6439389586448669,0.17760604619979858
20261001,dfine_mal_UQ,104,46,M3,True,0.7790580782209846,0.7790580782209846,0.6516618728637695,0.17760604619979858
20261001,dfine_mal_UQ,105,47,M3,True,0.8105934234621979,0.8105934234621979,0.6429072022438049,0.17760604619979858
20261001,dfine_mal_UQ,106,47,M3,True,0.808173956166497,0.808173956166497,0.6190441846847534,0.17760604619979858
20261001,dfine_mal_UQ,107,47,M3,True,0.7186821077065507,0.7186821077065507,0.6317526698112488,0.17760604619979858
20261001,dfine_mal_UQ,108,48,M3,True,0.832924008709765,0.832924008709765,0.655982494354248,0.17760604619979858
20261001,dfine_mal_UQ,109,48,M3,True,0.739027798300811,0.6599395092000401,0.653138279914856,0.17760604619979858
20261001,dfine_mal_UQ,110,48,M3,False,0.3344729479574202,0.3326538801333019,0.43391701579093933,0.17760604619979858
20261001,dfine_mal_UQ,111,49,M3,True,0.8652886245714319,0.6299296238207351,0.6669280529022217,0.17760604619979858
20261001,dfine_mal_UQ,112,49,M3,True,0.6024716495425179,0.6024716495425179,0.6746311783790588,0.17760604619979858
20261001,dfine_mal_UQ,113,49,M3,True,0.8108776436008561,0.8108776436008561,0.6635860204696655,0.17760604619979858
20261001,dfine_mal_UQ,114,50,M3,True,0.7215918344797926,0.6308571285577897,0.6385052800178528,0.17760604619979858
20261001,dfine_mal_UQ,115,50,M3,True,0.7747190388607069,0.7747190388607069,0.6520915031433105,0.17760604619979858
20261001,dfine_mal_UQ,116,50,M3,True,0.6642126814785703,0.6642126814785703,0.6504790782928467,0.17760604619979858
20261001,dfine_mal_UQ,117,51,M3,True,0.7645721037095675,0.7645721037095675,0.6495322585105896,0.17760604619979858
20261001,dfine_mal_UQ,118,51,M3,True,0.7784563166029819,0.6652836895793106,0.6400126218795776,0.17760604619979858
20261001,dfine_mal_UQ,119,51,M3,True,0.6139071360854198,0.6139071360854198,0.6205150485038757,0.17760604619979858
20261001,dfine_mal_UQ,120,52,M3,True,0.6764082196728586,0.5831933639161957,0.6677160859107971,0.17760604619979858
20261001,dfine_mal_UQ,121,52,M3,True,0.7566072090619638,0.6136936945340089,0.6560872793197632,0.17760604619979858
20261001,dfine_mal_UQ,122,52,M3,True,0.8484656301871764,0.5562958764445889,0.6543599367141724,0.17760604619979858
20261001,dfine_mal_UQ,123,53,M3,True,0.7005752438809086,0.7005752438809086,0.6533783078193665,0.17760604619979858
20261001,dfine_mal_UQ,124,53,M3,True,0.6548177814006678,0.5886898270197204,0.6441512107849121,0.17760604619979858
20261001,dfine_mal_UQ,125,53,M3,True,0.7619329805625972,0.7619329805625972,0.6471731662750244,0.17760604619979858
20261001,dfine_mal_UQ,126,54,M3,True,0.7490136094234796,0.7490136094234796,0.6531529426574707,0.17760604619979858
20261001,dfine_mal_UQ,127,54,M3,True,0.7220424928121506,0.642583654691098,0.6406476497650146,0.17760604619979858
20261001,dfine_mal_UQ,128,54,M3,True,0.6659768572580389,0.664652422230445,0.6095293164253235,0.17760604619979858
20261001,dfine_mal_UQ,129,55,M3,True,0.8038985874177494,0.8015599805968646,0.5999258756637573,0.17760604619979858
20261001,dfine_mal_UQ,130,55,M3,True,0.8137991002524839,0.8137991002524839,0.6509640216827393,0.17760604619979858
20261001,dfine_mal_UQ,131,55,M3,True,0.8331152195893655,0.6041006878631275,0.5687023401260376,0.17760604619979858
20261001,dfine_mal_UQ,132,56,M3,True,0.7869461430943818,0.7869461430943818,0.6489053964614868,0.17760604619979858
20261001,dfine_mal_UQ,133,56,M3,True,0.6437311438520564,0.56112494412307,0.632070004940033,0.17760604619979858
20261001,dfine_mal_UQ,134,56,M3,True,0.7872517157540061,0.7872517157540061,0.6479306817054749,0.17760604619979858
20261001,dfine_mal_UQ,135,57,M3,True,0.771589335510763,0.771589335510763,0.6256198883056641,0.17760604619979858
20261001,dfine_mal_UQ,136,58,M3,False,0.8443458961207765,0.4660887636565894,0.6523551940917969,0.17760604619979858
20261001,dfine_mal_UQ,137,59,M3,True,0.6760261518542715,0.6601742490076287,0.6012879014015198,0.17760604619979858
20261001,dfine_mal_UQ,138,60,M3,True,0.6113068081081363,0.5620668865538064,0.6066488027572632,0.17760604619979858
20261001,dfine_mal_UQ,139,61,M3,True,0.7312869334177748,0.6805068446763382,0.6031023263931274,0.17760604619979858
20261001,dfine_mal_UQ,140,62,M3,True,0.614340388179569,0.614340388179569,0.6318193078041077,0.17760604619979858
20261001,dfine_mal_UQ,141,63,M3,True,0.711667794488314,0.6251871020620912,0.6458180546760559,0.17760604619979858
20261001,dfine_mal_UQ,142,64,M3,True,0.7009316784105033,0.6786824008231982,0.6393468379974365,0.17760604619979858
20261001,dfine_mal_UQ,143,65,M3,True,0.6647142621912914,0.5795933689942857,0.6585909128189087,0.17760604619979858
20261001,dfine_mal_UQ,144,66,M3,True,0.7369575169384075,0.7369575169384075,0.6176071763038635,0.17760604619979858
