Not init distributed mode.
cfg: 
{'_collate_fn': None,
 '_criterion': None,
 '_ema': None,
 '_evaluator': None,
 '_lr_scheduler': None,
 '_lr_warmup_scheduler': None,
 '_model': None,
 '_optimizer': None,
 '_postprocessor': None,
 '_scaler': None,
 '_train_batch_size': None,
 '_train_dataloader': None,
 '_train_dataset': None,
 '_train_shuffle': None,
 '_val_batch_size': None,
 '_val_dataloader': None,
 '_val_dataset': None,
 '_val_shuffle': None,
 '_writer': None,
 'batch_size': None,
 'checkpoint_freq': 30,
 'clip_max_norm': 0.1,
 'device': 'cuda:0',
 'ema_decay': 0.9999,
 'ema_warmups': 2000,
 'epochs': 30,
 'find_unused_parameters': False,
 'last_epoch': -1,
 'num_workers': 0,
 'output_dir': '/home/viplab/contest/experiments/kamp_ablation_v3/retry_failed_v1/dfine_GM01_seed20261001',
 'print_freq': 45,
 'resume': None,
 'seed': 20261001,
 'summary_dir': None,
 'sync_bn': False,
 'task': 'detection',
 'tuning': '/home/viplab/contest/experiments/kamp_pilot_v1/dfine_s_init.pth',
 'use_amp': False,
 'use_ema': True,
 'yaml_cfg': {'DFINE': {'backbone': 'HGNetv2',
                        'decoder': 'DFINETransformer',
                        'encoder': 'HybridEncoder'},
              'DFINECriterion': {'alpha': 0.75,
                                 'gamma': 2.0,
                                 'losses': ['vfl', 'boxes', 'local'],
                                 'matcher': {'alpha': 0.25,
                                             'gamma': 2.0,
                                             'type': 'HungarianMatcher',
                                             'weight_dict': {'cost_bbox': 5,
                                                             'cost_class': 2,
                                                             'cost_giou': 2}},
                                 'reg_max': 32,
                                 'weight_dict': {'loss_bbox': 5,
                                                 'loss_ddf': 1.5,
                                                 'loss_fgl': 0.15,
                                                 'loss_giou': 2,
                                                 'loss_vfl': 1}},
              'DFINEPostProcessor': {'num_top_queries': 300},
              'DFINETransformer': {'box_noise_scale': 1.0,
                                   'cross_attn_method': 'default',
                                   'eval_idx': -1,
                                   'feat_channels': [256, 256, 256],
                                   'feat_strides': [8, 16, 32],
                                   'hidden_dim': 256,
                                   'label_noise_ratio': 0.5,
                                   'layer_scale': 1,
                                   'num_denoising': 100,
                                   'num_layers': 3,
                                   'num_levels': 3,
                                   'num_points': [3, 6, 3],
                                   'num_queries': 300,
                                   'query_select_method': 'default',
                                   'reg_max': 32,
                                   'reg_scale': 4},
              'HGNetv2': {'freeze_at': -1,
                          'freeze_norm': False,
                          'local_model_dir': 'weight/hgnetv2/',
                          'name': 'B0',
                          'pretrained': False,
                          'return_idx': [1, 2, 3],
                          'use_lab': True},
              'HybridEncoder': {'act': 'silu',
                                'depth_mult': 0.34,
                                'dim_feedforward': 1024,
                                'dropout': 0.0,
                                'enc_act': 'gelu',
                                'expansion': 0.5,
                                'feat_strides': [8, 16, 32],
                                'hidden_dim': 256,
                                'in_channels': [256, 512, 1024],
                                'nhead': 8,
                                'num_encoder_layers': 1,
                                'use_encoder_idx': [2]},
              '__include__': ['/home/viplab/contest/experiments/kamp_pilot_v1/dfine_s.yml'],
              'checkpoint_freq': 30,
              'clip_max_norm': 0.1,
              'config': '/home/viplab/contest/experiments/kamp_ablation_v3/configs/dfine_GM01_seed20261001.yml',
              'criterion': 'DFINECriterion',
              'device': 'cuda:0',
              'ema': {'decay': 0.9999,
                      'start': 0,
                      'type': 'ModelEMA',
                      'warmups': 100},
              'epochs': 30,
              'eval_spatial_size': [640, 640],
              'evaluator': {'iou_types': ['bbox'], 'type': 'CocoEvaluator'},
              'exp_name': 'baseline',
              'find_unused_parameters': False,
              'lr_scheduler': {'gamma': 0.1,
                               'milestones': [24],
                               'type': 'MultiStepLR'},
              'lr_warmup_scheduler': {'type': 'LinearWarmup',
                                      'warmup_duration': 45},
              'model': 'DFINE',
              'num_classes': 1,
              'optimizer': {'betas': [0.9, 0.999],
                            'lr': 0.0002,
                            'params': [{'lr': 0.0001,
                                        'params': '^(?=.*backbone)(?!.*norm|bn).*$'},
                                       {'lr': 0.0001,
                                        'params': '^(?=.*backbone)(?=.*norm|bn).*$',
                                        'weight_decay': 0.0},
                                       {'params': '^(?=.*(?:encoder|decoder))(?=.*(?:norm|bn|bias)).*$',
                                        'weight_decay': 0.0}],
                            'type': 'AdamW',
                            'weight_decay': 0.0001},
              'output_dir': '/home/viplab/contest/experiments/kamp_ablation_v3/retry_failed_v1/dfine_GM01_seed20261001',
              'postprocessor': 'DFINEPostProcessor',
              'print_freq': 45,
              'print_method': 'builtin',
              'print_rank': 0,
              'project_name': 'D-FINE',
              'remap_mscoco_category': False,
              'scaler': {'enabled': True, 'type': 'GradScaler'},
              'seed': 20261001,
              'sync_bn': False,
              'task': 'detection',
              'test_only': False,
              'train_dataloader': {'collate_fn': {'base_size': 640,
                                                  'base_size_repeat': None,
                                                  'ema_restart_decay': 0.9999,
                                                  'stop_epoch': 1000,
                                                  'type': 'BatchImageCollateFunction'},
                                   'dataset': {'ann_file': '/home/viplab/contest/data/processed/kamp500_telea_v1_640/annotations/train.json',
                                               'img_folder': '/home/viplab/contest/data/processed/kamp500_telea_v1_640/images/train',
                                               'return_masks': False,
                                               'transforms': {'ops': [{'dtype': 'float32',
                                                                       'scale': True,
                                                                       'type': 'ConvertPILImage'},
                                                                      {'fmt': 'cxcywh',
                                                                       'normalize': True,
                                                                       'type': 'ConvertBoxes'}],
                                                              'policy': {'epoch': 1000,
                                                                         'name': 'stop_epoch',
                                                                         'ops': ['RandomPhotometricDistort',
                                                                                 'RandomZoomOut',
                                                                                 'RandomIoUCrop']},
                                                              'type': 'Compose'},
                                               'type': 'CocoDetection'},
                                   'drop_last': False,
                                   'num_workers': 2,
                                   'shuffle': True,
                                   'total_batch_size': 8,
                                   'type': 'DataLoader'},
              'tuning': '/home/viplab/contest/experiments/kamp_pilot_v1/dfine_s_init.pth',
              'use_amp': False,
              'use_ema': True,
              'use_focal_loss': True,
              'use_wandb': False,
              'val_dataloader': {'collate_fn': {'type': 'BatchImageCollateFunction'},
                                 'dataset': {'ann_file': '/home/viplab/contest/data/processed/kamp500_telea_v1_640/annotations/val.json',
                                             'img_folder': '/home/viplab/contest/data/processed/kamp500_telea_v1_640/images/val',
                                             'return_masks': False,
                                             'transforms': {'ops': [{'dtype': 'float32',
                                                                     'scale': True,
                                                                     'type': 'ConvertPILImage'}],
                                                            'type': 'Compose'},
                                             'type': 'CocoDetection'},
                                 'drop_last': False,
                                 'num_workers': 2,
                                 'shuffle': False,
                                 'total_batch_size': 8,
                                 'type': 'DataLoader'}}}
Tuning checkpoint from /home/viplab/contest/experiments/kamp_pilot_v1/dfine_s_init.pth
/home/viplab/contest/models/D-FINE/src/solver/_solver.py:254: UserWarning: Environment variable TORCH_FORCE_NO_WEIGHTS_ONLY_LOAD detected, since the`weights_only` argument was not explicitly passed to `torch.load`, forcing weights_only=False.
  state = torch.load(path, map_location="cpu")
Load model.state_dict, {'missed': [], 'unmatched': []}
Initial lr: [0.0001, 0.0001, 0.0002, 0.0002]
building train_dataloader with batch_size=8...
building val_dataloader with batch_size=8...

------------------------------------- Calculate Flops Results -------------------------------------
Notations:
number of parameters (Params), number of multiply-accumulate operations(MACs),
number of floating-point operations (FLOPs), floating-point operations per second (FLOPS),
fwd FLOPs (model forward propagation FLOPs), bwd FLOPs (model backward propagation FLOPs),
default model backpropagation takes 2.00 times as much computation as forward propagation.

Total Training Params:                                                  10.18 M 
fwd MACs:                                                               12.3563 GMACs
fwd FLOPs:                                                              24.8195 GFLOPS
fwd+bwd MACs:                                                           37.069 GMACs
fwd+bwd FLOPs:                                                          74.4584 GFLOPS
---------------------------------------------------------------------------------------------------
{'Model FLOPs:24.8195 GFLOPS   MACs:12.3563 GMACs   Params:10176661'}
------------------------------------------Start training-------------------------------------------
/home/viplab/contest/models/D-FINE/src/solver/det_engine.py:125: UserWarning: Converting a tensor with requires_grad=True to a scalar may lead to unexpected behavior.
Consider using tensor.detach() first. (Triggered internally at /pytorch/torch/csrc/autograd/generated/python_variable_methods.cpp:836.)
  if not math.isfinite(loss_value):
Epoch: [0/30]  [ 0/45]  eta: 0:00:52  lr: 0.000004  loss: 33.6426 (33.6426)  loss_mal: 0.1098 (0.1098)  loss_bbox: 1.4918 (1.4918)  loss_giou: 2.6995 (2.6995)  loss_fgl: 0.0994 (0.0994)  loss_mal_aux_0: 0.1090 (0.1090)  loss_bbox_aux_0: 1.4508 (1.4508)  loss_giou_aux_0: 2.7359 (2.7359)  loss_fgl_aux_0: 0.0945 (0.0945)  loss_ddf_aux_0: 0.0233 (0.0233)  loss_mal_aux_1: 0.1246 (0.1246)  loss_bbox_aux_1: 1.5062 (1.5062)  loss_giou_aux_1: 2.7062 (2.7062)  loss_fgl_aux_1: 0.0981 (0.0981)  loss_ddf_aux_1: 0.0019 (0.0019)  loss_mal_pre: 0.1102 (0.1102)  loss_bbox_pre: 1.4563 (1.4563)  loss_giou_pre: 2.7506 (2.7506)  loss_mal_enc_0: 0.0988 (0.0988)  loss_bbox_enc_0: 1.4352 (1.4352)  loss_giou_enc_0: 2.8077 (2.8077)  loss_mal_dn_0: 0.5168 (0.5168)  loss_bbox_dn_0: 0.2866 (0.2866)  loss_giou_dn_0: 1.4774 (1.4774)  loss_fgl_dn_0: 0.7441 (0.7441)  loss_ddf_dn_0: 0.1169 (0.1169)  loss_mal_dn_1: 0.7550 (0.7550)  loss_bbox_dn_1: 0.2000 (0.2000)  loss_giou_dn_1: 1.2899 (1.2899)  loss_fgl_dn_1: 0.8444 (0.8444)  loss_ddf_dn_1: 0.0065 (0.0065)  loss_mal_dn_2: 0.7520 (0.7520)  loss_bbox_dn_2: 0.1907 (0.1907)  loss_giou_dn_2: 1.2718 (1.2718)  loss_fgl_dn_2: 0.8531 (0.8531)  loss_ddf_dn_2: -0.0000 (0.0000)  loss_mal_dn_pre: 0.5224 (0.5224)  loss_bbox_dn_pre: 0.2826 (0.2826)  loss_giou_dn_pre: 1.4704 (1.4704)  loss_size: 0.1520 (0.1520)  time: 1.1715  data: 0.2364  max mem: 5074
Epoch: [0/30]  [44/45]  eta: 0:00:00  lr: 0.000100  loss: 28.8467 (31.3688)  loss_mal: 0.5279 (0.3538)  loss_bbox: 0.3990 (0.8856)  loss_giou: 1.7283 (2.2195)  loss_fgl: 0.5537 (0.3628)  loss_mal_aux_0: 0.5104 (0.3738)  loss_bbox_aux_0: 0.4544 (0.9263)  loss_giou_aux_0: 1.8961 (2.2915)  loss_fgl_aux_0: 0.4886 (0.3248)  loss_ddf_aux_0: 0.0694 (0.0563)  loss_mal_aux_1: 0.6737 (0.4168)  loss_bbox_aux_1: 0.4207 (0.9098)  loss_giou_aux_1: 1.7548 (2.2261)  loss_fgl_aux_1: 0.5336 (0.3562)  loss_ddf_aux_1: 0.0094 (0.0061)  loss_mal_pre: 0.5342 (0.3715)  loss_bbox_pre: 0.4745 (0.9454)  loss_giou_pre: 1.8740 (2.2871)  loss_mal_enc_0: 0.3517 (0.2698)  loss_bbox_enc_0: 0.8072 (1.1009)  loss_giou_enc_0: 2.0033 (2.3737)  loss_mal_dn_0: 1.2035 (0.9501)  loss_bbox_dn_0: 0.0942 (0.1706)  loss_giou_dn_0: 1.0613 (1.2077)  loss_fgl_dn_0: 1.0152 (0.8960)  loss_ddf_dn_0: 0.2822 (0.2334)  loss_mal_dn_1: 1.4288 (1.1992)  loss_bbox_dn_1: 0.0733 (0.1107)  loss_giou_dn_1: 0.8371 (1.0178)  loss_fgl_dn_1: 1.1146 (0.9772)  loss_ddf_dn_1: 0.0124 (0.0098)  loss_mal_dn_2: 1.1270 (1.0421)  loss_bbox_dn_2: 0.0730 (0.1077)  loss_giou_dn_2: 0.8143 (0.9993)  loss_fgl_dn_2: 1.1182 (0.9830)  loss_ddf_dn_2: -0.0000 (0.0000)  loss_mal_dn_pre: 1.2129 (0.9478)  loss_bbox_dn_pre: 0.0937 (0.1706)  loss_giou_dn_pre: 1.0527 (1.2063)  loss_size: 0.0364 (0.0817)  time: 0.2438  data: 0.0115  max mem: 5227
Epoch: [0/30] Total time: 0:00:11 (0.2659 s / it)
Averaged stats: lr: 0.000100  loss: 28.8467 (31.3688)  loss_mal: 0.5279 (0.3538)  loss_bbox: 0.3990 (0.8856)  loss_giou: 1.7283 (2.2195)  loss_fgl: 0.5537 (0.3628)  loss_mal_aux_0: 0.5104 (0.3738)  loss_bbox_aux_0: 0.4544 (0.9263)  loss_giou_aux_0: 1.8961 (2.2915)  loss_fgl_aux_0: 0.4886 (0.3248)  loss_ddf_aux_0: 0.0694 (0.0563)  loss_mal_aux_1: 0.6737 (0.4168)  loss_bbox_aux_1: 0.4207 (0.9098)  loss_giou_aux_1: 1.7548 (2.2261)  loss_fgl_aux_1: 0.5336 (0.3562)  loss_ddf_aux_1: 0.0094 (0.0061)  loss_mal_pre: 0.5342 (0.3715)  loss_bbox_pre: 0.4745 (0.9454)  loss_giou_pre: 1.8740 (2.2871)  loss_mal_enc_0: 0.3517 (0.2698)  loss_bbox_enc_0: 0.8072 (1.1009)  loss_giou_enc_0: 2.0033 (2.3737)  loss_mal_dn_0: 1.2035 (0.9501)  loss_bbox_dn_0: 0.0942 (0.1706)  loss_giou_dn_0: 1.0613 (1.2077)  loss_fgl_dn_0: 1.0152 (0.8960)  loss_ddf_dn_0: 0.2822 (0.2334)  loss_mal_dn_1: 1.4288 (1.1992)  loss_bbox_dn_1: 0.0733 (0.1107)  loss_giou_dn_1: 0.8371 (1.0178)  loss_fgl_dn_1: 1.1146 (0.9772)  loss_ddf_dn_1: 0.0124 (0.0098)  loss_mal_dn_2: 1.1270 (1.0421)  loss_bbox_dn_2: 0.0730 (0.1077)  loss_giou_dn_2: 0.8143 (0.9993)  loss_fgl_dn_2: 1.1182 (0.9830)  loss_ddf_dn_2: -0.0000 (0.0000)  loss_mal_dn_pre: 1.2129 (0.9478)  loss_bbox_dn_pre: 0.0937 (0.1706)  loss_giou_dn_pre: 1.0527 (1.2063)  loss_size: 0.0364 (0.0817)
Test:  [0/8]  eta: 0:00:04    time: 0.5316  data: 0.2325  max mem: 5227
Test:  [7/8]  eta: 0:00:00    time: 0.1257  data: 0.0413  max mem: 5227
Test: Total time: 0:00:01 (0.1300 s / it)
Metrics: {'f1': 0, 'precision': 0, 'recall': 0.0, 'iou': 0.0, 'TPs': 0, 'FPs': 0, 'FNs': 142}
Averaged stats: 
Accumulating evaluation results...
COCOeval_opt.accumulate() finished...
DONE (t=0.01s).
IoU metric: bbox
 Average Precision  (AP) @[ IoU=0.50:0.95 | area=   all | maxDets=100 ] = 0.037
 Average Precision  (AP) @[ IoU=0.50      | area=   all | maxDets=100 ] = 0.142
 Average Precision  (AP) @[ IoU=0.75      | area=   all | maxDets=100 ] = 0.007
 Average Precision  (AP) @[ IoU=0.50:0.95 | area= small | maxDets=100 ] = 0.042
 Average Precision  (AP) @[ IoU=0.50:0.95 | area=medium | maxDets=100 ] = -1.000
 Average Precision  (AP) @[ IoU=0.50:0.95 | area= large | maxDets=100 ] = -1.000
 Average Recall     (AR) @[ IoU=0.50:0.95 | area=   all | maxDets=  1 ] = 0.041
 Average Recall     (AR) @[ IoU=0.50:0.95 | area=   all | maxDets= 10 ] = 0.187
 Average Recall     (AR) @[ IoU=0.50:0.95 | area=   all | maxDets=100 ] = 0.219
 Average Recall     (AR) @[ IoU=0.50:0.95 | area= small | maxDets=100 ] = 0.219
 Average Recall     (AR) @[ IoU=0.50:0.95 | area=medium | maxDets=100 ] = -1.000
 Average Recall     (AR) @[ IoU=0.50:0.95 | area= large | maxDets=100 ] = -1.000
 Average Recall     (AR) @[ IoU=0.50      | area=   all | maxDets=100 ] = 0.563
 Average Recall     (AR) @[ IoU=0.75      | area=   all | maxDets=100 ] = 0.127
best_stat: {'epoch': 0, 'coco_eval_bbox': 0.03745266952276564}
Epoch: [1/30]  [ 0/45]  eta: 0:00:23  lr: 0.000100  loss: 27.5167 (27.5167)  loss_mal: 0.9203 (0.9203)  loss_bbox: 0.1190 (0.1190)  loss_giou: 0.9883 (0.9883)  loss_fgl: 0.9429 (0.9429)  loss_mal_aux_0: 1.0031 (1.0031)  loss_bbox_aux_0: 0.1791 (0.1791)  loss_giou_aux_0: 1.3414 (1.3414)  loss_fgl_aux_0: 0.7581 (0.7581)  loss_ddf_aux_0: 0.2146 (0.2146)  loss_mal_aux_1: 1.1541 (1.1541)  loss_bbox_aux_1: 0.1372 (0.1372)  loss_giou_aux_1: 1.0482 (1.0482)  loss_fgl_aux_1: 0.9146 (0.9146)  loss_ddf_aux_1: 0.0257 (0.0257)  loss_mal_pre: 0.9699 (0.9699)  loss_bbox_pre: 0.1922 (0.1922)  loss_giou_pre: 1.3477 (1.3477)  loss_mal_enc_0: 0.4291 (0.4291)  loss_bbox_enc_0: 0.4051 (0.4051)  loss_giou_enc_0: 1.8682 (1.8682)  loss_mal_dn_0: 1.4603 (1.4603)  loss_bbox_dn_0: 0.0746 (0.0746)  loss_giou_dn_0: 0.8074 (0.8074)  loss_fgl_dn_0: 1.1600 (1.1600)  loss_ddf_dn_0: 0.7501 (0.7501)  loss_mal_dn_1: 1.2162 (1.2162)  loss_bbox_dn_1: 0.0522 (0.0522)  loss_giou_dn_1: 0.6492 (0.6492)  loss_fgl_dn_1: 1.1931 (1.1931)  loss_ddf_dn_1: 0.0329 (0.0329)  loss_mal_dn_2: 0.9263 (0.9263)  loss_bbox_dn_2: 0.0513 (0.0513)  loss_giou_dn_2: 0.6399 (0.6399)  loss_fgl_dn_2: 1.1991 (1.1991)  loss_ddf_dn_2: -0.0000 (0.0000)  loss_mal_dn_pre: 1.4533 (1.4533)  loss_bbox_dn_pre: 0.0750 (0.0750)  loss_giou_dn_pre: 0.8106 (0.8106)  loss_size: 0.0068 (0.0068)  time: 0.5117  data: 0.2637  max mem: 5227
Epoch: [1/30]  [44/45]  eta: 0:00:00  lr: 0.000100  loss: 23.8765 (25.4098)  loss_mal: 0.9728 (0.9501)  loss_bbox: 0.0618 (0.0832)  loss_giou: 0.6863 (0.8214)  loss_fgl: 1.1696 (1.1063)  loss_mal_aux_0: 1.0785 (1.0998)  loss_bbox_aux_0: 0.0812 (0.1121)  loss_giou_aux_0: 0.9129 (1.0616)  loss_fgl_aux_0: 1.1115 (1.0117)  loss_ddf_aux_0: 0.1740 (0.2304)  loss_mal_aux_1: 1.0074 (0.9942)  loss_bbox_aux_1: 0.0629 (0.0873)  loss_giou_aux_1: 0.6772 (0.8474)  loss_fgl_aux_1: 1.1620 (1.0933)  loss_ddf_aux_1: 0.0143 (0.0213)  loss_mal_pre: 1.0711 (1.0975)  loss_bbox_pre: 0.0826 (0.1188)  loss_giou_pre: 0.9120 (1.0538)  loss_mal_enc_0: 0.5222 (0.5950)  loss_bbox_enc_0: 0.2929 (0.3068)  loss_giou_enc_0: 1.7124 (1.7626)  loss_mal_dn_0: 0.7937 (1.0089)  loss_bbox_dn_0: 0.0617 (0.0666)  loss_giou_dn_0: 0.7053 (0.7565)  loss_fgl_dn_0: 1.2179 (1.1923)  loss_ddf_dn_0: 0.3838 (0.6469)  loss_mal_dn_1: 0.7588 (0.8051)  loss_bbox_dn_1: 0.0502 (0.0536)  loss_giou_dn_1: 0.6001 (0.6436)  loss_fgl_dn_1: 1.2233 (1.2189)  loss_ddf_dn_1: 0.0247 (0.0397)  loss_mal_dn_2: 0.7504 (0.7612)  loss_bbox_dn_2: 0.0498 (0.0537)  loss_giou_dn_2: 0.5989 (0.6438)  loss_fgl_dn_2: 1.2242 (1.2257)  loss_ddf_dn_2: -0.0000 (0.0000)  loss_mal_dn_pre: 0.7945 (1.0118)  loss_bbox_dn_pre: 0.0612 (0.0665)  loss_giou_dn_pre: 0.7059 (0.7558)  loss_size: 0.0029 (0.0048)  time: 0.2458  data: 0.0119  max mem: 5227
Epoch: [1/30] Total time: 0:00:11 (0.2505 s / it)
Averaged stats: lr: 0.000100  loss: 23.8765 (25.4098)  loss_mal: 0.9728 (0.9501)  loss_bbox: 0.0618 (0.0832)  loss_giou: 0.6863 (0.8214)  loss_fgl: 1.1696 (1.1063)  loss_mal_aux_0: 1.0785 (1.0998)  loss_bbox_aux_0: 0.0812 (0.1121)  loss_giou_aux_0: 0.9129 (1.0616)  loss_fgl_aux_0: 1.1115 (1.0117)  loss_ddf_aux_0: 0.1740 (0.2304)  loss_mal_aux_1: 1.0074 (0.9942)  loss_bbox_aux_1: 0.0629 (0.0873)  loss_giou_aux_1: 0.6772 (0.8474)  loss_fgl_aux_1: 1.1620 (1.0933)  loss_ddf_aux_1: 0.0143 (0.0213)  loss_mal_pre: 1.0711 (1.0975)  loss_bbox_pre: 0.0826 (0.1188)  loss_giou_pre: 0.9120 (1.0538)  loss_mal_enc_0: 0.5222 (0.5950)  loss_bbox_enc_0: 0.2929 (0.3068)  loss_giou_enc_0: 1.7124 (1.7626)  loss_mal_dn_0: 0.7937 (1.0089)  loss_bbox_dn_0: 0.0617 (0.0666)  loss_giou_dn_0: 0.7053 (0.7565)  loss_fgl_dn_0: 1.2179 (1.1923)  loss_ddf_dn_0: 0.3838 (0.6469)  loss_mal_dn_1: 0.7588 (0.8051)  loss_bbox_dn_1: 0.0502 (0.0536)  loss_giou_dn_1: 0.6001 (0.6436)  loss_fgl_dn_1: 1.2233 (1.2189)  loss_ddf_dn_1: 0.0247 (0.0397)  loss_mal_dn_2: 0.7504 (0.7612)  loss_bbox_dn_2: 0.0498 (0.0537)  loss_giou_dn_2: 0.5989 (0.6438)  loss_fgl_dn_2: 1.2242 (1.2257)  loss_ddf_dn_2: -0.0000 (0.0000)  loss_mal_dn_pre: 0.7945 (1.0118)  loss_bbox_dn_pre: 0.0612 (0.0665)  loss_giou_dn_pre: 0.7059 (0.7558)  loss_size: 0.0029 (0.0048)
Test:  [0/8]  eta: 0:00:02    time: 0.3010  data: 0.2413  max mem: 5227
Test:  [7/8]  eta: 0:00:00    time: 0.0985  data: 0.0427  max mem: 5227
Test: Total time: 0:00:00 (0.1025 s / it)
Metrics: {'f1': 0.013986013986013986, 'precision': 1.0, 'recall': 0.007042253521126761, 'iou': 0.0051191256079875245, 'TPs': 1, 'FPs': 0, 'FNs': 141}
Averaged stats: 
Accumulating evaluation results...
COCOeval_opt.accumulate() finished...
DONE (t=0.01s).
IoU metric: bbox
 Average Precision  (AP) @[ IoU=0.50:0.95 | area=   all | maxDets=100 ] = 0.182
 Average Precision  (AP) @[ IoU=0.50      | area=   all | maxDets=100 ] = 0.504
 Average Precision  (AP) @[ IoU=0.75      | area=   all | maxDets=100 ] = 0.062
 Average Precision  (AP) @[ IoU=0.50:0.95 | area= small | maxDets=100 ] = 0.182
 Average Precision  (AP) @[ IoU=0.50:0.95 | area=medium | maxDets=100 ] = -1.000
 Average Precision  (AP) @[ IoU=0.50:0.95 | area= large | maxDets=100 ] = -1.000
 Average Recall     (AR) @[ IoU=0.50:0.95 | area=   all | maxDets=  1 ] = 0.152
 Average Recall     (AR) @[ IoU=0.50:0.95 | area=   all | maxDets= 10 ] = 0.425
 Average Recall     (AR) @[ IoU=0.50:0.95 | area=   all | maxDets=100 ] = 0.537
 Average Recall     (AR) @[ IoU=0.50:0.95 | area= small | maxDets=100 ] = 0.537
 Average Recall     (AR) @[ IoU=0.50:0.95 | area=medium | maxDets=100 ] = -1.000
 Average Recall     (AR) @[ IoU=0.50:0.95 | area= large | maxDets=100 ] = -1.000
 Average Recall     (AR) @[ IoU=0.50      | area=   all | maxDets=100 ] = 0.979
 Average Recall     (AR) @[ IoU=0.75      | area=   all | maxDets=100 ] = 0.549
best_stat: {'epoch': 1, 'coco_eval_bbox': 0.18227680054143475}
Epoch: [2/30]  [ 0/45]  eta: 0:00:21  lr: 0.000100  loss: 23.0588 (23.0588)  loss_mal: 0.8971 (0.8971)  loss_bbox: 0.0587 (0.0587)  loss_giou: 0.6453 (0.6453)  loss_fgl: 1.1625 (1.1625)  loss_mal_aux_0: 1.1528 (1.1528)  loss_bbox_aux_0: 0.0757 (0.0757)  loss_giou_aux_0: 0.7642 (0.7642)  loss_fgl_aux_0: 1.1650 (1.1650)  loss_ddf_aux_0: 0.1353 (0.1353)  loss_mal_aux_1: 1.1671 (1.1671)  loss_bbox_aux_1: 0.0569 (0.0569)  loss_giou_aux_1: 0.6335 (0.6335)  loss_fgl_aux_1: 1.1744 (1.1744)  loss_ddf_aux_1: 0.0126 (0.0126)  loss_mal_pre: 1.0707 (1.0707)  loss_bbox_pre: 0.0769 (0.0769)  loss_giou_pre: 0.7661 (0.7661)  loss_mal_enc_0: 0.6139 (0.6139)  loss_bbox_enc_0: 0.2658 (0.2658)  loss_giou_enc_0: 1.5660 (1.5660)  loss_mal_dn_0: 0.7541 (0.7541)  loss_bbox_dn_0: 0.0562 (0.0562)  loss_giou_dn_0: 0.6547 (0.6547)  loss_fgl_dn_0: 1.2251 (1.2251)  loss_ddf_dn_0: 0.3231 (0.3231)  loss_mal_dn_1: 0.7539 (0.7539)  loss_bbox_dn_1: 0.0447 (0.0447)  loss_giou_dn_1: 0.5356 (0.5356)  loss_fgl_dn_1: 1.2227 (1.2227)  loss_ddf_dn_1: 0.0197 (0.0197)  loss_mal_dn_2: 0.7373 (0.7373)  loss_bbox_dn_2: 0.0451 (0.0451)  loss_giou_dn_2: 0.5319 (0.5319)  loss_fgl_dn_2: 1.2282 (1.2282)  loss_ddf_dn_2: -0.0000 (0.0000)  loss_mal_dn_pre: 0.7569 (0.7569)  loss_bbox_dn_pre: 0.0563 (0.0563)  loss_giou_dn_pre: 0.6511 (0.6511)  loss_size: 0.0015 (0.0015)  time: 0.4732  data: 0.2323  max mem: 5227
Epoch: [2/30]  [44/45]  eta: 0:00:00  lr: 0.000100  loss: 22.4095 (22.7751)  loss_mal: 0.8487 (0.8738)  loss_bbox: 0.0538 (0.0582)  loss_giou: 0.6559 (0.6557)  loss_fgl: 1.1924 (1.1971)  loss_mal_aux_0: 0.9986 (1.0249)  loss_bbox_aux_0: 0.0655 (0.0711)  loss_giou_aux_0: 0.7292 (0.7865)  loss_fgl_aux_0: 1.1820 (1.1690)  loss_ddf_aux_0: 0.1062 (0.1210)  loss_mal_aux_1: 0.9176 (0.9449)  loss_bbox_aux_1: 0.0558 (0.0594)  loss_giou_aux_1: 0.6689 (0.6699)  loss_fgl_aux_1: 1.1841 (1.1936)  loss_ddf_aux_1: 0.0098 (0.0103)  loss_mal_pre: 0.9980 (1.0169)  loss_bbox_pre: 0.0662 (0.0718)  loss_giou_pre: 0.7363 (0.7793)  loss_mal_enc_0: 0.6133 (0.6144)  loss_bbox_enc_0: 0.1634 (0.2013)  loss_giou_enc_0: 1.4959 (1.5825)  loss_mal_dn_0: 0.7500 (0.7517)  loss_bbox_dn_0: 0.0537 (0.0564)  loss_giou_dn_0: 0.6561 (0.6644)  loss_fgl_dn_0: 1.2385 (1.2336)  loss_ddf_dn_0: 0.2465 (0.3483)  loss_mal_dn_1: 0.7285 (0.7388)  loss_bbox_dn_1: 0.0423 (0.0456)  loss_giou_dn_1: 0.5406 (0.5531)  loss_fgl_dn_1: 1.2345 (1.2318)  loss_ddf_dn_1: 0.0115 (0.0168)  loss_mal_dn_2: 0.7195 (0.7320)  loss_bbox_dn_2: 0.0417 (0.0454)  loss_giou_dn_2: 0.5351 (0.5499)  loss_fgl_dn_2: 1.2348 (1.2325)  loss_ddf_dn_2: -0.0000 (0.0000)  loss_mal_dn_pre: 0.7508 (0.7507)  loss_bbox_dn_pre: 0.0532 (0.0561)  loss_giou_dn_pre: 0.6458 (0.6626)  loss_size: 0.0035 (0.0036)  time: 0.2393  data: 0.0115  max mem: 5227
Epoch: [2/30] Total time: 0:00:11 (0.2461 s / it)
Averaged stats: lr: 0.000100  loss: 22.4095 (22.7751)  loss_mal: 0.8487 (0.8738)  loss_bbox: 0.0538 (0.0582)  loss_giou: 0.6559 (0.6557)  loss_fgl: 1.1924 (1.1971)  loss_mal_aux_0: 0.9986 (1.0249)  loss_bbox_aux_0: 0.0655 (0.0711)  loss_giou_aux_0: 0.7292 (0.7865)  loss_fgl_aux_0: 1.1820 (1.1690)  loss_ddf_aux_0: 0.1062 (0.1210)  loss_mal_aux_1: 0.9176 (0.9449)  loss_bbox_aux_1: 0.0558 (0.0594)  loss_giou_aux_1: 0.6689 (0.6699)  loss_fgl_aux_1: 1.1841 (1.1936)  loss_ddf_aux_1: 0.0098 (0.0103)  loss_mal_pre: 0.9980 (1.0169)  loss_bbox_pre: 0.0662 (0.0718)  loss_giou_pre: 0.7363 (0.7793)  loss_mal_enc_0: 0.6133 (0.6144)  loss_bbox_enc_0: 0.1634 (0.2013)  loss_giou_enc_0: 1.4959 (1.5825)  loss_mal_dn_0: 0.7500 (0.7517)  loss_bbox_dn_0: 0.0537 (0.0564)  loss_giou_dn_0: 0.6561 (0.6644)  loss_fgl_dn_0: 1.2385 (1.2336)  loss_ddf_dn_0: 0.2465 (0.3483)  loss_mal_dn_1: 0.7285 (0.7388)  loss_bbox_dn_1: 0.0423 (0.0456)  loss_giou_dn_1: 0.5406 (0.5531)  loss_fgl_dn_1: 1.2345 (1.2318)  loss_ddf_dn_1: 0.0115 (0.0168)  loss_mal_dn_2: 0.7195 (0.7320)  loss_bbox_dn_2: 0.0417 (0.0454)  loss_giou_dn_2: 0.5351 (0.5499)  loss_fgl_dn_2: 1.2348 (1.2325)  loss_ddf_dn_2: -0.0000 (0.0000)  loss_mal_dn_pre: 0.7508 (0.7507)  loss_bbox_dn_pre: 0.0532 (0.0561)  loss_giou_dn_pre: 0.6458 (0.6626)  loss_size: 0.0035 (0.0036)
Test:  [0/8]  eta: 0:00:02    time: 0.2886  data: 0.2322  max mem: 5227
Test:  [7/8]  eta: 0:00:00    time: 0.0948  data: 0.0406  max mem: 5227
Test: Total time: 0:00:00 (0.0993 s / it)
Metrics: {'f1': 0.3218390804597701, 'precision': 0.875, 'recall': 0.19718309859154928, 'iou': 0.13908384434164386, 'TPs': 28, 'FPs': 4, 'FNs': 114}
Averaged stats: 
Accumulating evaluation results...
COCOeval_opt.accumulate() finished...
DONE (t=0.01s).
IoU metric: bbox
 Average Precision  (AP) @[ IoU=0.50:0.95 | area=   all | maxDets=100 ] = 0.260
 Average Precision  (AP) @[ IoU=0.50      | area=   all | maxDets=100 ] = 0.664
 Average Precision  (AP) @[ IoU=0.75      | area=   all | maxDets=100 ] = 0.133
 Average Precision  (AP) @[ IoU=0.50:0.95 | area= small | maxDets=100 ] = 0.260
 Average Precision  (AP) @[ IoU=0.50:0.95 | area=medium | maxDets=100 ] = -1.000
 Average Precision  (AP) @[ IoU=0.50:0.95 | area= large | maxDets=100 ] = -1.000
 Average Recall     (AR) @[ IoU=0.50:0.95 | area=   all | maxDets=  1 ] = 0.182
 Average Recall     (AR) @[ IoU=0.50:0.95 | area=   all | maxDets= 10 ] = 0.459
 Average Recall     (AR) @[ IoU=0.50:0.95 | area=   all | maxDets=100 ] = 0.569
 Average Recall     (AR) @[ IoU=0.50:0.95 | area= small | maxDets=100 ] = 0.569
 Average Recall     (AR) @[ IoU=0.50:0.95 | area=medium | maxDets=100 ] = -1.000
 Average Recall     (AR) @[ IoU=0.50:0.95 | area= large | maxDets=100 ] = -1.000
 Average Recall     (AR) @[ IoU=0.50      | area=   all | maxDets=100 ] = 0.951
 Average Recall     (AR) @[ IoU=0.75      | area=   all | maxDets=100 ] = 0.620
best_stat: {'epoch': 2, 'coco_eval_bbox': 0.2600227139597086}
Epoch: [3/30]  [ 0/45]  eta: 0:00:21  lr: 0.000100  loss: 22.0270 (22.0270)  loss_mal: 0.8140 (0.8140)  loss_bbox: 0.0667 (0.0667)  loss_giou: 0.7222 (0.7222)  loss_fgl: 1.1479 (1.1479)  loss_mal_aux_0: 1.0364 (1.0364)  loss_bbox_aux_0: 0.0804 (0.0804)  loss_giou_aux_0: 0.7885 (0.7885)  loss_fgl_aux_0: 1.1352 (1.1352)  loss_ddf_aux_0: 0.0789 (0.0789)  loss_mal_aux_1: 0.8371 (0.8371)  loss_bbox_aux_1: 0.0656 (0.0656)  loss_giou_aux_1: 0.7300 (0.7300)  loss_fgl_aux_1: 1.1427 (1.1427)  loss_ddf_aux_1: 0.0085 (0.0085)  loss_mal_pre: 1.0236 (1.0236)  loss_bbox_pre: 0.0804 (0.0804)  loss_giou_pre: 0.7757 (0.7757)  loss_mal_enc_0: 0.7461 (0.7461)  loss_bbox_enc_0: 0.1571 (0.1571)  loss_giou_enc_0: 1.3671 (1.3671)  loss_mal_dn_0: 0.7637 (0.7637)  loss_bbox_dn_0: 0.0465 (0.0465)  loss_giou_dn_0: 0.6012 (0.6012)  loss_fgl_dn_0: 1.2307 (1.2307)  loss_ddf_dn_0: 0.2162 (0.2162)  loss_mal_dn_1: 0.7199 (0.7199)  loss_bbox_dn_1: 0.0377 (0.0377)  loss_giou_dn_1: 0.4882 (0.4882)  loss_fgl_dn_1: 1.2218 (1.2218)  loss_ddf_dn_1: 0.0136 (0.0136)  loss_mal_dn_2: 0.7076 (0.7076)  loss_bbox_dn_2: 0.0393 (0.0393)  loss_giou_dn_2: 0.5034 (0.5034)  loss_fgl_dn_2: 1.2216 (1.2216)  loss_ddf_dn_2: -0.0000 (0.0000)  loss_mal_dn_pre: 0.7655 (0.7655)  loss_bbox_dn_pre: 0.0461 (0.0461)  loss_giou_dn_pre: 0.5971 (0.5971)  loss_size: 0.0029 (0.0029)  time: 0.4712  data: 0.2344  max mem: 5227
Epoch: [3/30]  [44/45]  eta: 0:00:00  lr: 0.000100  loss: 21.6599 (21.9695)  loss_mal: 0.8131 (0.8149)  loss_bbox: 0.0541 (0.0611)  loss_giou: 0.5993 (0.6380)  loss_fgl: 1.2162 (1.2106)  loss_mal_aux_0: 0.9534 (1.0118)  loss_bbox_aux_0: 0.0628 (0.0684)  loss_giou_aux_0: 0.6910 (0.7189)  loss_fgl_aux_0: 1.1990 (1.1904)  loss_ddf_aux_0: 0.1467 (0.1235)  loss_mal_aux_1: 0.8447 (0.8461)  loss_bbox_aux_1: 0.0547 (0.0625)  loss_giou_aux_1: 0.6163 (0.6494)  loss_fgl_aux_1: 1.2144 (1.2059)  loss_ddf_aux_1: 0.0116 (0.0106)  loss_mal_pre: 0.9595 (0.9981)  loss_bbox_pre: 0.0635 (0.0692)  loss_giou_pre: 0.6816 (0.7151)  loss_mal_enc_0: 0.9231 (0.8835)  loss_bbox_enc_0: 0.1268 (0.1411)  loss_giou_enc_0: 1.2601 (1.3071)  loss_mal_dn_0: 0.7478 (0.7477)  loss_bbox_dn_0: 0.0475 (0.0516)  loss_giou_dn_0: 0.5859 (0.6074)  loss_fgl_dn_0: 1.2485 (1.2451)  loss_ddf_dn_0: 0.1381 (0.1964)  loss_mal_dn_1: 0.7075 (0.7120)  loss_bbox_dn_1: 0.0404 (0.0416)  loss_giou_dn_1: 0.4866 (0.5051)  loss_fgl_dn_1: 1.2337 (1.2327)  loss_ddf_dn_1: 0.0075 (0.0097)  loss_mal_dn_2: 0.6991 (0.7048)  loss_bbox_dn_2: 0.0403 (0.0417)  loss_giou_dn_2: 0.4921 (0.5052)  loss_fgl_dn_2: 1.2348 (1.2335)  loss_ddf_dn_2: -0.0000 (0.0000)  loss_mal_dn_pre: 0.7472 (0.7478)  loss_bbox_dn_pre: 0.0471 (0.0514)  loss_giou_dn_pre: 0.5826 (0.6061)  loss_size: 0.0027 (0.0036)  time: 0.2393  data: 0.0115  max mem: 5227
Epoch: [3/30] Total time: 0:00:11 (0.2464 s / it)
Averaged stats: lr: 0.000100  loss: 21.6599 (21.9695)  loss_mal: 0.8131 (0.8149)  loss_bbox: 0.0541 (0.0611)  loss_giou: 0.5993 (0.6380)  loss_fgl: 1.2162 (1.2106)  loss_mal_aux_0: 0.9534 (1.0118)  loss_bbox_aux_0: 0.0628 (0.0684)  loss_giou_aux_0: 0.6910 (0.7189)  loss_fgl_aux_0: 1.1990 (1.1904)  loss_ddf_aux_0: 0.1467 (0.1235)  loss_mal_aux_1: 0.8447 (0.8461)  loss_bbox_aux_1: 0.0547 (0.0625)  loss_giou_aux_1: 0.6163 (0.6494)  loss_fgl_aux_1: 1.2144 (1.2059)  loss_ddf_aux_1: 0.0116 (0.0106)  loss_mal_pre: 0.9595 (0.9981)  loss_bbox_pre: 0.0635 (0.0692)  loss_giou_pre: 0.6816 (0.7151)  loss_mal_enc_0: 0.9231 (0.8835)  loss_bbox_enc_0: 0.1268 (0.1411)  loss_giou_enc_0: 1.2601 (1.3071)  loss_mal_dn_0: 0.7478 (0.7477)  loss_bbox_dn_0: 0.0475 (0.0516)  loss_giou_dn_0: 0.5859 (0.6074)  loss_fgl_dn_0: 1.2485 (1.2451)  loss_ddf_dn_0: 0.1381 (0.1964)  loss_mal_dn_1: 0.7075 (0.7120)  loss_bbox_dn_1: 0.0404 (0.0416)  loss_giou_dn_1: 0.4866 (0.5051)  loss_fgl_dn_1: 1.2337 (1.2327)  loss_ddf_dn_1: 0.0075 (0.0097)  loss_mal_dn_2: 0.6991 (0.7048)  loss_bbox_dn_2: 0.0403 (0.0417)  loss_giou_dn_2: 0.4921 (0.5052)  loss_fgl_dn_2: 1.2348 (1.2335)  loss_ddf_dn_2: -0.0000 (0.0000)  loss_mal_dn_pre: 0.7472 (0.7478)  loss_bbox_dn_pre: 0.0471 (0.0514)  loss_giou_dn_pre: 0.5826 (0.6061)  loss_size: 0.0027 (0.0036)
Test:  [0/8]  eta: 0:00:02    time: 0.2964  data: 0.2414  max mem: 5227
Test:  [7/8]  eta: 0:00:00    time: 0.1216  data: 0.0431  max mem: 5227
Test: Total time: 0:00:01 (0.1265 s / it)
Metrics: {'f1': 0.41711229946524064, 'precision': 0.8666666666666667, 'recall': 0.2746478873239437, 'iou': 0.1813006388979989, 'TPs': 39, 'FPs': 6, 'FNs': 103}
Averaged stats: 
Accumulating evaluation results...
COCOeval_opt.accumulate() finished...
DONE (t=0.01s).
IoU metric: bbox
 Average Precision  (AP) @[ IoU=0.50:0.95 | area=   all | maxDets=100 ] = 0.311
 Average Precision  (AP) @[ IoU=0.50      | area=   all | maxDets=100 ] = 0.810
 Average Precision  (AP) @[ IoU=0.75      | area=   all | maxDets=100 ] = 0.136
 Average Precision  (AP) @[ IoU=0.50:0.95 | area= small | maxDets=100 ] = 0.312
 Average Precision  (AP) @[ IoU=0.50:0.95 | area=medium | maxDets=100 ] = -1.000
 Average Precision  (AP) @[ IoU=0.50:0.95 | area= large | maxDets=100 ] = -1.000
 Average Recall     (AR) @[ IoU=0.50:0.95 | area=   all | maxDets=  1 ] = 0.162
 Average Recall     (AR) @[ IoU=0.50:0.95 | area=   all | maxDets= 10 ] = 0.491
 Average Recall     (AR) @[ IoU=0.50:0.95 | area=   all | maxDets=100 ] = 0.632
 Average Recall     (AR) @[ IoU=0.50:0.95 | area= small | maxDets=100 ] = 0.632
 Average Recall     (AR) @[ IoU=0.50:0.95 | area=medium | maxDets=100 ] = -1.000
 Average Recall     (AR) @[ IoU=0.50:0.95 | area= large | maxDets=100 ] = -1.000
 Average Recall     (AR) @[ IoU=0.50      | area=   all | maxDets=100 ] = 0.972
 Average Recall     (AR) @[ IoU=0.75      | area=   all | maxDets=100 ] = 0.761
best_stat: {'epoch': 3, 'coco_eval_bbox': 0.31146666833039166}
Epoch: [4/30]  [ 0/45]  eta: 0:00:21  lr: 0.000100  loss: 21.3163 (21.3163)  loss_mal: 0.8067 (0.8067)  loss_bbox: 0.0564 (0.0564)  loss_giou: 0.5537 (0.5537)  loss_fgl: 1.2661 (1.2661)  loss_mal_aux_0: 1.0252 (1.0252)  loss_bbox_aux_0: 0.0624 (0.0624)  loss_giou_aux_0: 0.6105 (0.6105)  loss_fgl_aux_0: 1.2517 (1.2517)  loss_ddf_aux_0: 0.1897 (0.1897)  loss_mal_aux_1: 0.8229 (0.8229)  loss_bbox_aux_1: 0.0574 (0.0574)  loss_giou_aux_1: 0.5624 (0.5624)  loss_fgl_aux_1: 1.2650 (1.2650)  loss_ddf_aux_1: 0.0120 (0.0120)  loss_mal_pre: 0.9925 (0.9925)  loss_bbox_pre: 0.0619 (0.0619)  loss_giou_pre: 0.6153 (0.6153)  loss_mal_enc_0: 0.9325 (0.9325)  loss_bbox_enc_0: 0.1327 (0.1327)  loss_giou_enc_0: 1.1366 (1.1366)  loss_mal_dn_0: 0.7444 (0.7444)  loss_bbox_dn_0: 0.0509 (0.0509)  loss_giou_dn_0: 0.5358 (0.5358)  loss_fgl_dn_0: 1.2657 (1.2657)  loss_ddf_dn_0: 0.1441 (0.1441)  loss_mal_dn_1: 0.6944 (0.6944)  loss_bbox_dn_1: 0.0400 (0.0400)  loss_giou_dn_1: 0.4441 (0.4441)  loss_fgl_dn_1: 1.2406 (1.2406)  loss_ddf_dn_1: 0.0070 (0.0070)  loss_mal_dn_2: 0.6811 (0.6811)  loss_bbox_dn_2: 0.0394 (0.0394)  loss_giou_dn_2: 0.4411 (0.4411)  loss_fgl_dn_2: 1.2402 (1.2402)  loss_ddf_dn_2: -0.0000 (0.0000)  loss_mal_dn_pre: 0.7460 (0.7460)  loss_bbox_dn_pre: 0.0506 (0.0506)  loss_giou_dn_pre: 0.5347 (0.5347)  loss_size: 0.0030 (0.0030)  time: 0.4832  data: 0.2431  max mem: 5227
Epoch: [4/30]  [44/45]  eta: 0:00:00  lr: 0.000100  loss: 21.1311 (21.3969)  loss_mal: 0.7718 (0.7799)  loss_bbox: 0.0524 (0.0570)  loss_giou: 0.5785 (0.6073)  loss_fgl: 1.2103 (1.2169)  loss_mal_aux_0: 0.9034 (0.9335)  loss_bbox_aux_0: 0.0639 (0.0731)  loss_giou_aux_0: 0.7065 (0.7127)  loss_fgl_aux_0: 1.1748 (1.1856)  loss_ddf_aux_0: 0.1135 (0.1603)  loss_mal_aux_1: 0.7790 (0.8091)  loss_bbox_aux_1: 0.0537 (0.0596)  loss_giou_aux_1: 0.6008 (0.6220)  loss_fgl_aux_1: 1.2038 (1.2108)  loss_ddf_aux_1: 0.0082 (0.0100)  loss_mal_pre: 0.8959 (0.9254)  loss_bbox_pre: 0.0636 (0.0685)  loss_giou_pre: 0.6985 (0.7165)  loss_mal_enc_0: 0.8579 (0.8579)  loss_bbox_enc_0: 0.1385 (0.1353)  loss_giou_enc_0: 1.2938 (1.2829)  loss_mal_dn_0: 0.7467 (0.7482)  loss_bbox_dn_0: 0.0484 (0.0486)  loss_giou_dn_0: 0.5570 (0.5754)  loss_fgl_dn_0: 1.2516 (1.2461)  loss_ddf_dn_0: 0.1767 (0.1708)  loss_mal_dn_1: 0.6852 (0.6903)  loss_bbox_dn_1: 0.0366 (0.0366)  loss_giou_dn_1: 0.4474 (0.4590)  loss_fgl_dn_1: 1.2252 (1.2209)  loss_ddf_dn_1: 0.0043 (0.0054)  loss_mal_dn_2: 0.6784 (0.6840)  loss_bbox_dn_2: 0.0360 (0.0365)  loss_giou_dn_2: 0.4454 (0.4569)  loss_fgl_dn_2: 1.2235 (1.2206)  loss_ddf_dn_2: -0.0000 (0.0000)  loss_mal_dn_pre: 0.7456 (0.7470)  loss_bbox_dn_pre: 0.0480 (0.0485)  loss_giou_dn_pre: 0.5608 (0.5745)  loss_size: 0.0029 (0.0032)  time: 0.2389  data: 0.0115  max mem: 5227
Epoch: [4/30] Total time: 0:00:11 (0.2461 s / it)
Averaged stats: lr: 0.000100  loss: 21.1311 (21.3969)  loss_mal: 0.7718 (0.7799)  loss_bbox: 0.0524 (0.0570)  loss_giou: 0.5785 (0.6073)  loss_fgl: 1.2103 (1.2169)  loss_mal_aux_0: 0.9034 (0.9335)  loss_bbox_aux_0: 0.0639 (0.0731)  loss_giou_aux_0: 0.7065 (0.7127)  loss_fgl_aux_0: 1.1748 (1.1856)  loss_ddf_aux_0: 0.1135 (0.1603)  loss_mal_aux_1: 0.7790 (0.8091)  loss_bbox_aux_1: 0.0537 (0.0596)  loss_giou_aux_1: 0.6008 (0.6220)  loss_fgl_aux_1: 1.2038 (1.2108)  loss_ddf_aux_1: 0.0082 (0.0100)  loss_mal_pre: 0.8959 (0.9254)  loss_bbox_pre: 0.0636 (0.0685)  loss_giou_pre: 0.6985 (0.7165)  loss_mal_enc_0: 0.8579 (0.8579)  loss_bbox_enc_0: 0.1385 (0.1353)  loss_giou_enc_0: 1.2938 (1.2829)  loss_mal_dn_0: 0.7467 (0.7482)  loss_bbox_dn_0: 0.0484 (0.0486)  loss_giou_dn_0: 0.5570 (0.5754)  loss_fgl_dn_0: 1.2516 (1.2461)  loss_ddf_dn_0: 0.1767 (0.1708)  loss_mal_dn_1: 0.6852 (0.6903)  loss_bbox_dn_1: 0.0366 (0.0366)  loss_giou_dn_1: 0.4474 (0.4590)  loss_fgl_dn_1: 1.2252 (1.2209)  loss_ddf_dn_1: 0.0043 (0.0054)  loss_mal_dn_2: 0.6784 (0.6840)  loss_bbox_dn_2: 0.0360 (0.0365)  loss_giou_dn_2: 0.4454 (0.4569)  loss_fgl_dn_2: 1.2235 (1.2206)  loss_ddf_dn_2: -0.0000 (0.0000)  loss_mal_dn_pre: 0.7456 (0.7470)  loss_bbox_dn_pre: 0.0480 (0.0485)  loss_giou_dn_pre: 0.5608 (0.5745)  loss_size: 0.0029 (0.0032)
Test:  [0/8]  eta: 0:00:02    time: 0.2933  data: 0.2372  max mem: 5227
Test:  [7/8]  eta: 0:00:00    time: 0.0978  data: 0.0424  max mem: 5227
Test: Total time: 0:00:00 (0.1017 s / it)
Metrics: {'f1': 0.7068965517241379, 'precision': 0.9111111111111111, 'recall': 0.5774647887323944, 'iou': 0.3875506309668223, 'TPs': 82, 'FPs': 8, 'FNs': 60}
Averaged stats: 
Accumulating evaluation results...
COCOeval_opt.accumulate() finished...
DONE (t=0.01s).
IoU metric: bbox
 Average Precision  (AP) @[ IoU=0.50:0.95 | area=   all | maxDets=100 ] = 0.340
 Average Precision  (AP) @[ IoU=0.50      | area=   all | maxDets=100 ] = 0.880
 Average Precision  (AP) @[ IoU=0.75      | area=   all | maxDets=100 ] = 0.168
 Average Precision  (AP) @[ IoU=0.50:0.95 | area= small | maxDets=100 ] = 0.341
 Average Precision  (AP) @[ IoU=0.50:0.95 | area=medium | maxDets=100 ] = -1.000
 Average Precision  (AP) @[ IoU=0.50:0.95 | area= large | maxDets=100 ] = -1.000
 Average Recall     (AR) @[ IoU=0.50:0.95 | area=   all | maxDets=  1 ] = 0.182
 Average Recall     (AR) @[ IoU=0.50:0.95 | area=   all | maxDets= 10 ] = 0.485
 Average Recall     (AR) @[ IoU=0.50:0.95 | area=   all | maxDets=100 ] = 0.632
 Average Recall     (AR) @[ IoU=0.50:0.95 | area= small | maxDets=100 ] = 0.632
 Average Recall     (AR) @[ IoU=0.50:0.95 | area=medium | maxDets=100 ] = -1.000
 Average Recall     (AR) @[ IoU=0.50:0.95 | area= large | maxDets=100 ] = -1.000
 Average Recall     (AR) @[ IoU=0.50      | area=   all | maxDets=100 ] = 1.000
 Average Recall     (AR) @[ IoU=0.75      | area=   all | maxDets=100 ] = 0.711
best_stat: {'epoch': 4, 'coco_eval_bbox': 0.34002888922485364}
Epoch: [5/30]  [ 0/45]  eta: 0:00:21  lr: 0.000100  loss: 21.3442 (21.3442)  loss_mal: 0.7459 (0.7459)  loss_bbox: 0.0469 (0.0469)  loss_giou: 0.5662 (0.5662)  loss_fgl: 1.2355 (1.2355)  loss_mal_aux_0: 1.0173 (1.0173)  loss_bbox_aux_0: 0.0486 (0.0486)  loss_giou_aux_0: 0.5964 (0.5964)  loss_fgl_aux_0: 1.2667 (1.2667)  loss_ddf_aux_0: 0.1193 (0.1193)  loss_mal_aux_1: 0.7990 (0.7990)  loss_bbox_aux_1: 0.0463 (0.0463)  loss_giou_aux_1: 0.5659 (0.5659)  loss_fgl_aux_1: 1.2341 (1.2341)  loss_ddf_aux_1: 0.0089 (0.0089)  loss_mal_pre: 1.0222 (1.0222)  loss_bbox_pre: 0.0479 (0.0479)  loss_giou_pre: 0.5886 (0.5886)  loss_mal_enc_0: 0.5791 (0.5791)  loss_bbox_enc_0: 0.1467 (0.1467)  loss_giou_enc_0: 1.6106 (1.6106)  loss_mal_dn_0: 0.7405 (0.7405)  loss_bbox_dn_0: 0.0461 (0.0461)  loss_giou_dn_0: 0.5696 (0.5696)  loss_fgl_dn_0: 1.2673 (1.2673)  loss_ddf_dn_0: 0.1530 (0.1530)  loss_mal_dn_1: 0.6895 (0.6895)  loss_bbox_dn_1: 0.0378 (0.0378)  loss_giou_dn_1: 0.4787 (0.4787)  loss_fgl_dn_1: 1.2503 (1.2503)  loss_ddf_dn_1: 0.0055 (0.0055)  loss_mal_dn_2: 0.6862 (0.6862)  loss_bbox_dn_2: 0.0386 (0.0386)  loss_giou_dn_2: 0.4848 (0.4848)  loss_fgl_dn_2: 1.2542 (1.2542)  loss_ddf_dn_2: -0.0000 (0.0000)  loss_mal_dn_pre: 0.7390 (0.7390)  loss_bbox_dn_pre: 0.0455 (0.0455)  loss_giou_dn_pre: 0.5630 (0.5630)  loss_size: 0.0026 (0.0026)  time: 0.4720  data: 0.2335  max mem: 5227
Epoch: [5/30]  [44/45]  eta: 0:00:00  lr: 0.000100  loss: 21.5614 (21.2368)  loss_mal: 0.7561 (0.7478)  loss_bbox: 0.0552 (0.0582)  loss_giou: 0.6257 (0.6150)  loss_fgl: 1.2087 (1.2143)  loss_mal_aux_0: 0.9532 (0.9643)  loss_bbox_aux_0: 0.0638 (0.0744)  loss_giou_aux_0: 0.6679 (0.7009)  loss_fgl_aux_0: 1.1844 (1.1896)  loss_ddf_aux_0: 0.0932 (0.0878)  loss_mal_aux_1: 0.7869 (0.7739)  loss_bbox_aux_1: 0.0578 (0.0613)  loss_giou_aux_1: 0.6341 (0.6321)  loss_fgl_aux_1: 1.2207 (1.2078)  loss_ddf_aux_1: 0.0082 (0.0093)  loss_mal_pre: 0.9588 (0.9568)  loss_bbox_pre: 0.0636 (0.0697)  loss_giou_pre: 0.6625 (0.7027)  loss_mal_enc_0: 0.8208 (0.8182)  loss_bbox_enc_0: 0.1425 (0.1532)  loss_giou_enc_0: 1.3409 (1.2870)  loss_mal_dn_0: 0.7357 (0.7406)  loss_bbox_dn_0: 0.0486 (0.0476)  loss_giou_dn_0: 0.5906 (0.5657)  loss_fgl_dn_0: 1.2333 (1.2465)  loss_ddf_dn_0: 0.1657 (0.1552)  loss_mal_dn_1: 0.6874 (0.6865)  loss_bbox_dn_1: 0.0374 (0.0369)  loss_giou_dn_1: 0.4735 (0.4560)  loss_fgl_dn_1: 1.2143 (1.2220)  loss_ddf_dn_1: 0.0052 (0.0049)  loss_mal_dn_2: 0.6859 (0.6828)  loss_bbox_dn_2: 0.0374 (0.0367)  loss_giou_dn_2: 0.4736 (0.4547)  loss_fgl_dn_2: 1.2137 (1.2220)  loss_ddf_dn_2: -0.0000 (0.0000)  loss_mal_dn_pre: 0.7371 (0.7396)  loss_bbox_dn_pre: 0.0484 (0.0475)  loss_giou_dn_pre: 0.5871 (0.5639)  loss_size: 0.0031 (0.0033)  time: 0.2388  data: 0.0115  max mem: 5227
Epoch: [5/30] Total time: 0:00:11 (0.2468 s / it)
Averaged stats: lr: 0.000100  loss: 21.5614 (21.2368)  loss_mal: 0.7561 (0.7478)  loss_bbox: 0.0552 (0.0582)  loss_giou: 0.6257 (0.6150)  loss_fgl: 1.2087 (1.2143)  loss_mal_aux_0: 0.9532 (0.9643)  loss_bbox_aux_0: 0.0638 (0.0744)  loss_giou_aux_0: 0.6679 (0.7009)  loss_fgl_aux_0: 1.1844 (1.1896)  loss_ddf_aux_0: 0.0932 (0.0878)  loss_mal_aux_1: 0.7869 (0.7739)  loss_bbox_aux_1: 0.0578 (0.0613)  loss_giou_aux_1: 0.6341 (0.6321)  loss_fgl_aux_1: 1.2207 (1.2078)  loss_ddf_aux_1: 0.0082 (0.0093)  loss_mal_pre: 0.9588 (0.9568)  loss_bbox_pre: 0.0636 (0.0697)  loss_giou_pre: 0.6625 (0.7027)  loss_mal_enc_0: 0.8208 (0.8182)  loss_bbox_enc_0: 0.1425 (0.1532)  loss_giou_enc_0: 1.3409 (1.2870)  loss_mal_dn_0: 0.7357 (0.7406)  loss_bbox_dn_0: 0.0486 (0.0476)  loss_giou_dn_0: 0.5906 (0.5657)  loss_fgl_dn_0: 1.2333 (1.2465)  loss_ddf_dn_0: 0.1657 (0.1552)  loss_mal_dn_1: 0.6874 (0.6865)  loss_bbox_dn_1: 0.0374 (0.0369)  loss_giou_dn_1: 0.4735 (0.4560)  loss_fgl_dn_1: 1.2143 (1.2220)  loss_ddf_dn_1: 0.0052 (0.0049)  loss_mal_dn_2: 0.6859 (0.6828)  loss_bbox_dn_2: 0.0374 (0.0367)  loss_giou_dn_2: 0.4736 (0.4547)  loss_fgl_dn_2: 1.2137 (1.2220)  loss_ddf_dn_2: -0.0000 (0.0000)  loss_mal_dn_pre: 0.7371 (0.7396)  loss_bbox_dn_pre: 0.0484 (0.0475)  loss_giou_dn_pre: 0.5871 (0.5639)  loss_size: 0.0031 (0.0033)
Test:  [0/8]  eta: 0:00:02    time: 0.2911  data: 0.2354  max mem: 5227
Test:  [7/8]  eta: 0:00:00    time: 0.1194  data: 0.0412  max mem: 5227
Test: Total time: 0:00:00 (0.1240 s / it)
Metrics: {'f1': 0.6666666666666667, 'precision': 0.8651685393258427, 'recall': 0.5422535211267606, 'iou': 0.3467721211445796, 'TPs': 77, 'FPs': 12, 'FNs': 65}
Averaged stats: 
Accumulating evaluation results...
COCOeval_opt.accumulate() finished...
DONE (t=0.01s).
IoU metric: bbox
 Average Precision  (AP) @[ IoU=0.50:0.95 | area=   all | maxDets=100 ] = 0.302
 Average Precision  (AP) @[ IoU=0.50      | area=   all | maxDets=100 ] = 0.832
 Average Precision  (AP) @[ IoU=0.75      | area=   all | maxDets=100 ] = 0.123
 Average Precision  (AP) @[ IoU=0.50:0.95 | area= small | maxDets=100 ] = 0.303
 Average Precision  (AP) @[ IoU=0.50:0.95 | area=medium | maxDets=100 ] = -1.000
 Average Precision  (AP) @[ IoU=0.50:0.95 | area= large | maxDets=100 ] = -1.000
 Average Recall     (AR) @[ IoU=0.50:0.95 | area=   all | maxDets=  1 ] = 0.196
 Average Recall     (AR) @[ IoU=0.50:0.95 | area=   all | maxDets= 10 ] = 0.482
 Average Recall     (AR) @[ IoU=0.50:0.95 | area=   all | maxDets=100 ] = 0.650
 Average Recall     (AR) @[ IoU=0.50:0.95 | area= small | maxDets=100 ] = 0.650
 Average Recall     (AR) @[ IoU=0.50:0.95 | area=medium | maxDets=100 ] = -1.000
 Average Recall     (AR) @[ IoU=0.50:0.95 | area= large | maxDets=100 ] = -1.000
 Average Recall     (AR) @[ IoU=0.50      | area=   all | maxDets=100 ] = 1.000
 Average Recall     (AR) @[ IoU=0.75      | area=   all | maxDets=100 ] = 0.746
best_stat: {'epoch': 4, 'coco_eval_bbox': 0.34002888922485364}
Epoch: [6/30]  [ 0/45]  eta: 0:00:21  lr: 0.000100  loss: 20.7002 (20.7002)  loss_mal: 0.7633 (0.7633)  loss_bbox: 0.0509 (0.0509)  loss_giou: 0.5889 (0.5889)  loss_fgl: 1.2182 (1.2182)  loss_mal_aux_0: 0.9933 (0.9933)  loss_bbox_aux_0: 0.0551 (0.0551)  loss_giou_aux_0: 0.6209 (0.6209)  loss_fgl_aux_0: 1.2100 (1.2100)  loss_ddf_aux_0: 0.0616 (0.0616)  loss_mal_aux_1: 0.7931 (0.7931)  loss_bbox_aux_1: 0.0514 (0.0514)  loss_giou_aux_1: 0.5962 (0.5962)  loss_fgl_aux_1: 1.2153 (1.2153)  loss_ddf_aux_1: 0.0040 (0.0040)  loss_mal_pre: 0.9705 (0.9705)  loss_bbox_pre: 0.0561 (0.0561)  loss_giou_pre: 0.6290 (0.6290)  loss_mal_enc_0: 0.6838 (0.6838)  loss_bbox_enc_0: 0.1368 (0.1368)  loss_giou_enc_0: 1.1969 (1.1969)  loss_mal_dn_0: 0.7373 (0.7373)  loss_bbox_dn_0: 0.0482 (0.0482)  loss_giou_dn_0: 0.5841 (0.5841)  loss_fgl_dn_0: 1.2107 (1.2107)  loss_ddf_dn_0: 0.1497 (0.1497)  loss_mal_dn_1: 0.6856 (0.6856)  loss_bbox_dn_1: 0.0334 (0.0334)  loss_giou_dn_1: 0.4503 (0.4503)  loss_fgl_dn_1: 1.1814 (1.1814)  loss_ddf_dn_1: 0.0039 (0.0039)  loss_mal_dn_2: 0.6819 (0.6819)  loss_bbox_dn_2: 0.0334 (0.0334)  loss_giou_dn_2: 0.4496 (0.4496)  loss_fgl_dn_2: 1.1804 (1.1804)  loss_ddf_dn_2: -0.0000 (0.0000)  loss_mal_dn_pre: 0.7364 (0.7364)  loss_bbox_dn_pre: 0.0485 (0.0485)  loss_giou_dn_pre: 0.5867 (0.5867)  loss_size: 0.0032 (0.0032)  time: 0.4828  data: 0.2308  max mem: 5227
Epoch: [6/30]  [44/45]  eta: 0:00:00  lr: 0.000100  loss: 20.8055 (20.7942)  loss_mal: 0.7266 (0.7373)  loss_bbox: 0.0479 (0.0494)  loss_giou: 0.5525 (0.5603)  loss_fgl: 1.2365 (1.2442)  loss_mal_aux_0: 0.9540 (0.9754)  loss_bbox_aux_0: 0.0535 (0.0570)  loss_giou_aux_0: 0.6171 (0.6280)  loss_fgl_aux_0: 1.2332 (1.2284)  loss_ddf_aux_0: 0.0757 (0.0774)  loss_mal_aux_1: 0.7503 (0.7667)  loss_bbox_aux_1: 0.0487 (0.0503)  loss_giou_aux_1: 0.5515 (0.5682)  loss_fgl_aux_1: 1.2366 (1.2412)  loss_ddf_aux_1: 0.0040 (0.0053)  loss_mal_pre: 0.9441 (0.9683)  loss_bbox_pre: 0.0526 (0.0562)  loss_giou_pre: 0.6209 (0.6252)  loss_mal_enc_0: 0.9363 (0.9028)  loss_bbox_enc_0: 0.1137 (0.1216)  loss_giou_enc_0: 1.1574 (1.1611)  loss_mal_dn_0: 0.7391 (0.7377)  loss_bbox_dn_0: 0.0445 (0.0454)  loss_giou_dn_0: 0.5528 (0.5397)  loss_fgl_dn_0: 1.2561 (1.2544)  loss_ddf_dn_0: 0.1607 (0.1578)  loss_mal_dn_1: 0.6751 (0.6733)  loss_bbox_dn_1: 0.0335 (0.0343)  loss_giou_dn_1: 0.4381 (0.4310)  loss_fgl_dn_1: 1.2182 (1.2186)  loss_ddf_dn_1: 0.0034 (0.0036)  loss_mal_dn_2: 0.6686 (0.6689)  loss_bbox_dn_2: 0.0335 (0.0342)  loss_giou_dn_2: 0.4343 (0.4297)  loss_fgl_dn_2: 1.2182 (1.2186)  loss_ddf_dn_2: -0.0000 (0.0000)  loss_mal_dn_pre: 0.7372 (0.7361)  loss_bbox_dn_pre: 0.0443 (0.0453)  loss_giou_dn_pre: 0.5504 (0.5385)  loss_size: 0.0026 (0.0028)  time: 0.2418  data: 0.0124  max mem: 5227
Epoch: [6/30] Total time: 0:00:11 (0.2494 s / it)
Averaged stats: lr: 0.000100  loss: 20.8055 (20.7942)  loss_mal: 0.7266 (0.7373)  loss_bbox: 0.0479 (0.0494)  loss_giou: 0.5525 (0.5603)  loss_fgl: 1.2365 (1.2442)  loss_mal_aux_0: 0.9540 (0.9754)  loss_bbox_aux_0: 0.0535 (0.0570)  loss_giou_aux_0: 0.6171 (0.6280)  loss_fgl_aux_0: 1.2332 (1.2284)  loss_ddf_aux_0: 0.0757 (0.0774)  loss_mal_aux_1: 0.7503 (0.7667)  loss_bbox_aux_1: 0.0487 (0.0503)  loss_giou_aux_1: 0.5515 (0.5682)  loss_fgl_aux_1: 1.2366 (1.2412)  loss_ddf_aux_1: 0.0040 (0.0053)  loss_mal_pre: 0.9441 (0.9683)  loss_bbox_pre: 0.0526 (0.0562)  loss_giou_pre: 0.6209 (0.6252)  loss_mal_enc_0: 0.9363 (0.9028)  loss_bbox_enc_0: 0.1137 (0.1216)  loss_giou_enc_0: 1.1574 (1.1611)  loss_mal_dn_0: 0.7391 (0.7377)  loss_bbox_dn_0: 0.0445 (0.0454)  loss_giou_dn_0: 0.5528 (0.5397)  loss_fgl_dn_0: 1.2561 (1.2544)  loss_ddf_dn_0: 0.1607 (0.1578)  loss_mal_dn_1: 0.6751 (0.6733)  loss_bbox_dn_1: 0.0335 (0.0343)  loss_giou_dn_1: 0.4381 (0.4310)  loss_fgl_dn_1: 1.2182 (1.2186)  loss_ddf_dn_1: 0.0034 (0.0036)  loss_mal_dn_2: 0.6686 (0.6689)  loss_bbox_dn_2: 0.0335 (0.0342)  loss_giou_dn_2: 0.4343 (0.4297)  loss_fgl_dn_2: 1.2182 (1.2186)  loss_ddf_dn_2: -0.0000 (0.0000)  loss_mal_dn_pre: 0.7372 (0.7361)  loss_bbox_dn_pre: 0.0443 (0.0453)  loss_giou_dn_pre: 0.5504 (0.5385)  loss_size: 0.0026 (0.0028)
Test:  [0/8]  eta: 0:00:02    time: 0.2922  data: 0.2359  max mem: 5227
Test:  [7/8]  eta: 0:00:00    time: 0.0980  data: 0.0429  max mem: 5227
Test: Total time: 0:00:00 (0.1024 s / it)
Metrics: {'f1': 0.8978102189781022, 'precision': 0.9318181818181818, 'recall': 0.8661971830985915, 'iou': 0.5716592515541228, 'TPs': 123, 'FPs': 9, 'FNs': 19}
Averaged stats: 
Accumulating evaluation results...
COCOeval_opt.accumulate() finished...
DONE (t=0.01s).
IoU metric: bbox
 Average Precision  (AP) @[ IoU=0.50:0.95 | area=   all | maxDets=100 ] = 0.352
 Average Precision  (AP) @[ IoU=0.50      | area=   all | maxDets=100 ] = 0.918
 Average Precision  (AP) @[ IoU=0.75      | area=   all | maxDets=100 ] = 0.114
 Average Precision  (AP) @[ IoU=0.50:0.95 | area= small | maxDets=100 ] = 0.353
 Average Precision  (AP) @[ IoU=0.50:0.95 | area=medium | maxDets=100 ] = -1.000
 Average Precision  (AP) @[ IoU=0.50:0.95 | area= large | maxDets=100 ] = -1.000
 Average Recall     (AR) @[ IoU=0.50:0.95 | area=   all | maxDets=  1 ] = 0.197
 Average Recall     (AR) @[ IoU=0.50:0.95 | area=   all | maxDets= 10 ] = 0.507
 Average Recall     (AR) @[ IoU=0.50:0.95 | area=   all | maxDets=100 ] = 0.656
 Average Recall     (AR) @[ IoU=0.50:0.95 | area= small | maxDets=100 ] = 0.656
 Average Recall     (AR) @[ IoU=0.50:0.95 | area=medium | maxDets=100 ] = -1.000
 Average Recall     (AR) @[ IoU=0.50:0.95 | area= large | maxDets=100 ] = -1.000
 Average Recall     (AR) @[ IoU=0.50      | area=   all | maxDets=100 ] = 1.000
 Average Recall     (AR) @[ IoU=0.75      | area=   all | maxDets=100 ] = 0.789
best_stat: {'epoch': 6, 'coco_eval_bbox': 0.3520949641627755}
Epoch: [7/30]  [ 0/45]  eta: 0:00:20  lr: 0.000100  loss: 20.1145 (20.1145)  loss_mal: 0.6980 (0.6980)  loss_bbox: 0.0382 (0.0382)  loss_giou: 0.4921 (0.4921)  loss_fgl: 1.2481 (1.2481)  loss_mal_aux_0: 0.9551 (0.9551)  loss_bbox_aux_0: 0.0419 (0.0419)  loss_giou_aux_0: 0.5525 (0.5525)  loss_fgl_aux_0: 1.2497 (1.2497)  loss_ddf_aux_0: 0.0587 (0.0587)  loss_mal_aux_1: 0.7349 (0.7349)  loss_bbox_aux_1: 0.0389 (0.0389)  loss_giou_aux_1: 0.5070 (0.5070)  loss_fgl_aux_1: 1.2455 (1.2455)  loss_ddf_aux_1: 0.0037 (0.0037)  loss_mal_pre: 0.9455 (0.9455)  loss_bbox_pre: 0.0419 (0.0419)  loss_giou_pre: 0.5488 (0.5488)  loss_mal_enc_0: 1.0621 (1.0621)  loss_bbox_enc_0: 0.0860 (0.0860)  loss_giou_enc_0: 0.9256 (0.9256)  loss_mal_dn_0: 0.7298 (0.7298)  loss_bbox_dn_0: 0.0405 (0.0405)  loss_giou_dn_0: 0.5195 (0.5195)  loss_fgl_dn_0: 1.2433 (1.2433)  loss_ddf_dn_0: 0.1632 (0.1632)  loss_mal_dn_1: 0.6679 (0.6679)  loss_bbox_dn_1: 0.0323 (0.0323)  loss_giou_dn_1: 0.4276 (0.4276)  loss_fgl_dn_1: 1.2063 (1.2063)  loss_ddf_dn_1: 0.0045 (0.0045)  loss_mal_dn_2: 0.6621 (0.6621)  loss_bbox_dn_2: 0.0318 (0.0318)  loss_giou_dn_2: 0.4213 (0.4213)  loss_fgl_dn_2: 1.2034 (1.2034)  loss_ddf_dn_2: -0.0000 (0.0000)  loss_mal_dn_pre: 0.7297 (0.7297)  loss_bbox_dn_pre: 0.0397 (0.0397)  loss_giou_dn_pre: 0.5148 (0.5148)  loss_size: 0.0025 (0.0025)  time: 0.4555  data: 0.2196  max mem: 5227
Epoch: [7/30]  [44/45]  eta: 0:00:00  lr: 0.000100  loss: 20.3254 (20.4866)  loss_mal: 0.7084 (0.7237)  loss_bbox: 0.0483 (0.0465)  loss_giou: 0.5427 (0.5391)  loss_fgl: 1.2344 (1.2363)  loss_mal_aux_0: 0.9178 (0.9423)  loss_bbox_aux_0: 0.0509 (0.0525)  loss_giou_aux_0: 0.5881 (0.6007)  loss_fgl_aux_0: 1.2364 (1.2318)  loss_ddf_aux_0: 0.0606 (0.0619)  loss_mal_aux_1: 0.7328 (0.7521)  loss_bbox_aux_1: 0.0490 (0.0472)  loss_giou_aux_1: 0.5425 (0.5434)  loss_fgl_aux_1: 1.2364 (1.2364)  loss_ddf_aux_1: 0.0035 (0.0043)  loss_mal_pre: 0.9123 (0.9420)  loss_bbox_pre: 0.0506 (0.0522)  loss_giou_pre: 0.5845 (0.5967)  loss_mal_enc_0: 0.9432 (0.9653)  loss_bbox_enc_0: 0.1017 (0.1099)  loss_giou_enc_0: 1.0977 (1.0947)  loss_mal_dn_0: 0.7330 (0.7341)  loss_bbox_dn_0: 0.0433 (0.0443)  loss_giou_dn_0: 0.5321 (0.5316)  loss_fgl_dn_0: 1.2498 (1.2523)  loss_ddf_dn_0: 0.1597 (0.1651)  loss_mal_dn_1: 0.6663 (0.6681)  loss_bbox_dn_1: 0.0328 (0.0333)  loss_giou_dn_1: 0.4220 (0.4203)  loss_fgl_dn_1: 1.2117 (1.2150)  loss_ddf_dn_1: 0.0041 (0.0041)  loss_mal_dn_2: 0.6630 (0.6634)  loss_bbox_dn_2: 0.0325 (0.0331)  loss_giou_dn_2: 0.4187 (0.4183)  loss_fgl_dn_2: 1.2091 (1.2143)  loss_ddf_dn_2: -0.0000 (0.0000)  loss_mal_dn_pre: 0.7326 (0.7331)  loss_bbox_dn_pre: 0.0435 (0.0442)  loss_giou_dn_pre: 0.5306 (0.5309)  loss_size: 0.0025 (0.0026)  time: 0.2392  data: 0.0116  max mem: 5227
Epoch: [7/30] Total time: 0:00:11 (0.2458 s / it)
Averaged stats: lr: 0.000100  loss: 20.3254 (20.4866)  loss_mal: 0.7084 (0.7237)  loss_bbox: 0.0483 (0.0465)  loss_giou: 0.5427 (0.5391)  loss_fgl: 1.2344 (1.2363)  loss_mal_aux_0: 0.9178 (0.9423)  loss_bbox_aux_0: 0.0509 (0.0525)  loss_giou_aux_0: 0.5881 (0.6007)  loss_fgl_aux_0: 1.2364 (1.2318)  loss_ddf_aux_0: 0.0606 (0.0619)  loss_mal_aux_1: 0.7328 (0.7521)  loss_bbox_aux_1: 0.0490 (0.0472)  loss_giou_aux_1: 0.5425 (0.5434)  loss_fgl_aux_1: 1.2364 (1.2364)  loss_ddf_aux_1: 0.0035 (0.0043)  loss_mal_pre: 0.9123 (0.9420)  loss_bbox_pre: 0.0506 (0.0522)  loss_giou_pre: 0.5845 (0.5967)  loss_mal_enc_0: 0.9432 (0.9653)  loss_bbox_enc_0: 0.1017 (0.1099)  loss_giou_enc_0: 1.0977 (1.0947)  loss_mal_dn_0: 0.7330 (0.7341)  loss_bbox_dn_0: 0.0433 (0.0443)  loss_giou_dn_0: 0.5321 (0.5316)  loss_fgl_dn_0: 1.2498 (1.2523)  loss_ddf_dn_0: 0.1597 (0.1651)  loss_mal_dn_1: 0.6663 (0.6681)  loss_bbox_dn_1: 0.0328 (0.0333)  loss_giou_dn_1: 0.4220 (0.4203)  loss_fgl_dn_1: 1.2117 (1.2150)  loss_ddf_dn_1: 0.0041 (0.0041)  loss_mal_dn_2: 0.6630 (0.6634)  loss_bbox_dn_2: 0.0325 (0.0331)  loss_giou_dn_2: 0.4187 (0.4183)  loss_fgl_dn_2: 1.2091 (1.2143)  loss_ddf_dn_2: -0.0000 (0.0000)  loss_mal_dn_pre: 0.7326 (0.7331)  loss_bbox_dn_pre: 0.0435 (0.0442)  loss_giou_dn_pre: 0.5306 (0.5309)  loss_size: 0.0025 (0.0026)
Test:  [0/8]  eta: 0:00:02    time: 0.2996  data: 0.2441  max mem: 5227
Test:  [7/8]  eta: 0:00:00    time: 0.1203  data: 0.0425  max mem: 5227
Test: Total time: 0:00:01 (0.1250 s / it)
Metrics: {'f1': 0.8794326241134751, 'precision': 0.8857142857142857, 'recall': 0.8732394366197183, 'iou': 0.5552309762827957, 'TPs': 124, 'FPs': 16, 'FNs': 18}
Averaged stats: 
Accumulating evaluation results...
COCOeval_opt.accumulate() finished...
DONE (t=0.01s).
IoU metric: bbox
 Average Precision  (AP) @[ IoU=0.50:0.95 | area=   all | maxDets=100 ] = 0.344
 Average Precision  (AP) @[ IoU=0.50      | area=   all | maxDets=100 ] = 0.889
 Average Precision  (AP) @[ IoU=0.75      | area=   all | maxDets=100 ] = 0.139
 Average Precision  (AP) @[ IoU=0.50:0.95 | area= small | maxDets=100 ] = 0.344
 Average Precision  (AP) @[ IoU=0.50:0.95 | area=medium | maxDets=100 ] = -1.000
 Average Precision  (AP) @[ IoU=0.50:0.95 | area= large | maxDets=100 ] = -1.000
 Average Recall     (AR) @[ IoU=0.50:0.95 | area=   all | maxDets=  1 ] = 0.204
 Average Recall     (AR) @[ IoU=0.50:0.95 | area=   all | maxDets= 10 ] = 0.524
 Average Recall     (AR) @[ IoU=0.50:0.95 | area=   all | maxDets=100 ] = 0.635
 Average Recall     (AR) @[ IoU=0.50:0.95 | area= small | maxDets=100 ] = 0.635
 Average Recall     (AR) @[ IoU=0.50:0.95 | area=medium | maxDets=100 ] = -1.000
 Average Recall     (AR) @[ IoU=0.50:0.95 | area= large | maxDets=100 ] = -1.000
 Average Recall     (AR) @[ IoU=0.50      | area=   all | maxDets=100 ] = 1.000
 Average Recall     (AR) @[ IoU=0.75      | area=   all | maxDets=100 ] = 0.725
best_stat: {'epoch': 6, 'coco_eval_bbox': 0.3520949641627755}
Epoch: [8/30]  [ 0/45]  eta: 0:00:20  lr: 0.000100  loss: 19.9596 (19.9596)  loss_mal: 0.7313 (0.7313)  loss_bbox: 0.0379 (0.0379)  loss_giou: 0.4501 (0.4501)  loss_fgl: 1.2591 (1.2591)  loss_mal_aux_0: 0.9508 (0.9508)  loss_bbox_aux_0: 0.0440 (0.0440)  loss_giou_aux_0: 0.5082 (0.5082)  loss_fgl_aux_0: 1.2700 (1.2700)  loss_ddf_aux_0: 0.0555 (0.0555)  loss_mal_aux_1: 0.7670 (0.7670)  loss_bbox_aux_1: 0.0376 (0.0376)  loss_giou_aux_1: 0.4482 (0.4482)  loss_fgl_aux_1: 1.2600 (1.2600)  loss_ddf_aux_1: 0.0034 (0.0034)  loss_mal_pre: 0.9534 (0.9534)  loss_bbox_pre: 0.0438 (0.0438)  loss_giou_pre: 0.5033 (0.5033)  loss_mal_enc_0: 0.9440 (0.9440)  loss_bbox_enc_0: 0.1039 (0.1039)  loss_giou_enc_0: 1.1198 (1.1198)  loss_mal_dn_0: 0.7188 (0.7188)  loss_bbox_dn_0: 0.0395 (0.0395)  loss_giou_dn_0: 0.4867 (0.4867)  loss_fgl_dn_0: 1.2538 (1.2538)  loss_ddf_dn_0: 0.1647 (0.1647)  loss_mal_dn_1: 0.6537 (0.6537)  loss_bbox_dn_1: 0.0300 (0.0300)  loss_giou_dn_1: 0.3794 (0.3794)  loss_fgl_dn_1: 1.2175 (1.2175)  loss_ddf_dn_1: 0.0051 (0.0051)  loss_mal_dn_2: 0.6492 (0.6492)  loss_bbox_dn_2: 0.0301 (0.0301)  loss_giou_dn_2: 0.3791 (0.3791)  loss_fgl_dn_2: 1.2175 (1.2175)  loss_ddf_dn_2: -0.0000 (0.0000)  loss_mal_dn_pre: 0.7191 (0.7191)  loss_bbox_dn_pre: 0.0390 (0.0390)  loss_giou_dn_pre: 0.4835 (0.4835)  loss_size: 0.0016 (0.0016)  time: 0.4637  data: 0.2232  max mem: 5227
Epoch: [8/30]  [44/45]  eta: 0:00:00  lr: 0.000100  loss: 20.7066 (20.5134)  loss_mal: 0.7294 (0.7264)  loss_bbox: 0.0467 (0.0496)  loss_giou: 0.5496 (0.5513)  loss_fgl: 1.2236 (1.2374)  loss_mal_aux_0: 0.9444 (0.9439)  loss_bbox_aux_0: 0.0612 (0.0610)  loss_giou_aux_0: 0.6615 (0.6421)  loss_fgl_aux_0: 1.1957 (1.2085)  loss_ddf_aux_0: 0.0756 (0.0690)  loss_mal_aux_1: 0.7522 (0.7454)  loss_bbox_aux_1: 0.0507 (0.0514)  loss_giou_aux_1: 0.5838 (0.5636)  loss_fgl_aux_1: 1.2043 (1.2275)  loss_ddf_aux_1: 0.0057 (0.0054)  loss_mal_pre: 0.9329 (0.9380)  loss_bbox_pre: 0.0583 (0.0592)  loss_giou_pre: 0.6622 (0.6366)  loss_mal_enc_0: 0.8168 (0.7972)  loss_bbox_enc_0: 0.1352 (0.1385)  loss_giou_enc_0: 1.3045 (1.2605)  loss_mal_dn_0: 0.7266 (0.7267)  loss_bbox_dn_0: 0.0415 (0.0424)  loss_giou_dn_0: 0.5058 (0.5113)  loss_fgl_dn_0: 1.2533 (1.2503)  loss_ddf_dn_0: 0.1760 (0.1739)  loss_mal_dn_1: 0.6598 (0.6618)  loss_bbox_dn_1: 0.0312 (0.0319)  loss_giou_dn_1: 0.4022 (0.4054)  loss_fgl_dn_1: 1.2052 (1.2071)  loss_ddf_dn_1: 0.0041 (0.0044)  loss_mal_dn_2: 0.6570 (0.6595)  loss_bbox_dn_2: 0.0311 (0.0319)  loss_giou_dn_2: 0.3985 (0.4051)  loss_fgl_dn_2: 1.2037 (1.2075)  loss_ddf_dn_2: -0.0000 (0.0000)  loss_mal_dn_pre: 0.7256 (0.7262)  loss_bbox_dn_pre: 0.0416 (0.0424)  loss_giou_dn_pre: 0.5058 (0.5108)  loss_size: 0.0024 (0.0024)  time: 0.2391  data: 0.0114  max mem: 5227
Epoch: [8/30] Total time: 0:00:11 (0.2463 s / it)
Averaged stats: lr: 0.000100  loss: 20.7066 (20.5134)  loss_mal: 0.7294 (0.7264)  loss_bbox: 0.0467 (0.0496)  loss_giou: 0.5496 (0.5513)  loss_fgl: 1.2236 (1.2374)  loss_mal_aux_0: 0.9444 (0.9439)  loss_bbox_aux_0: 0.0612 (0.0610)  loss_giou_aux_0: 0.6615 (0.6421)  loss_fgl_aux_0: 1.1957 (1.2085)  loss_ddf_aux_0: 0.0756 (0.0690)  loss_mal_aux_1: 0.7522 (0.7454)  loss_bbox_aux_1: 0.0507 (0.0514)  loss_giou_aux_1: 0.5838 (0.5636)  loss_fgl_aux_1: 1.2043 (1.2275)  loss_ddf_aux_1: 0.0057 (0.0054)  loss_mal_pre: 0.9329 (0.9380)  loss_bbox_pre: 0.0583 (0.0592)  loss_giou_pre: 0.6622 (0.6366)  loss_mal_enc_0: 0.8168 (0.7972)  loss_bbox_enc_0: 0.1352 (0.1385)  loss_giou_enc_0: 1.3045 (1.2605)  loss_mal_dn_0: 0.7266 (0.7267)  loss_bbox_dn_0: 0.0415 (0.0424)  loss_giou_dn_0: 0.5058 (0.5113)  loss_fgl_dn_0: 1.2533 (1.2503)  loss_ddf_dn_0: 0.1760 (0.1739)  loss_mal_dn_1: 0.6598 (0.6618)  loss_bbox_dn_1: 0.0312 (0.0319)  loss_giou_dn_1: 0.4022 (0.4054)  loss_fgl_dn_1: 1.2052 (1.2071)  loss_ddf_dn_1: 0.0041 (0.0044)  loss_mal_dn_2: 0.6570 (0.6595)  loss_bbox_dn_2: 0.0311 (0.0319)  loss_giou_dn_2: 0.3985 (0.4051)  loss_fgl_dn_2: 1.2037 (1.2075)  loss_ddf_dn_2: -0.0000 (0.0000)  loss_mal_dn_pre: 0.7256 (0.7262)  loss_bbox_dn_pre: 0.0416 (0.0424)  loss_giou_dn_pre: 0.5058 (0.5108)  loss_size: 0.0024 (0.0024)
Test:  [0/8]  eta: 0:00:02    time: 0.3212  data: 0.2657  max mem: 5227
Test:  [7/8]  eta: 0:00:00    time: 0.1004  data: 0.0452  max mem: 5227
Test: Total time: 0:00:00 (0.1049 s / it)
Metrics: {'f1': 0.9078014184397163, 'precision': 0.9142857142857143, 'recall': 0.9014084507042254, 'iou': 0.5886778459920512, 'TPs': 128, 'FPs': 12, 'FNs': 14}
Averaged stats: 
Accumulating evaluation results...
COCOeval_opt.accumulate() finished...
DONE (t=0.01s).
IoU metric: bbox
 Average Precision  (AP) @[ IoU=0.50:0.95 | area=   all | maxDets=100 ] = 0.353
 Average Precision  (AP) @[ IoU=0.50      | area=   all | maxDets=100 ] = 0.911
 Average Precision  (AP) @[ IoU=0.75      | area=   all | maxDets=100 ] = 0.153
 Average Precision  (AP) @[ IoU=0.50:0.95 | area= small | maxDets=100 ] = 0.353
 Average Precision  (AP) @[ IoU=0.50:0.95 | area=medium | maxDets=100 ] = -1.000
 Average Precision  (AP) @[ IoU=0.50:0.95 | area= large | maxDets=100 ] = -1.000
 Average Recall     (AR) @[ IoU=0.50:0.95 | area=   all | maxDets=  1 ] = 0.213
 Average Recall     (AR) @[ IoU=0.50:0.95 | area=   all | maxDets= 10 ] = 0.497
 Average Recall     (AR) @[ IoU=0.50:0.95 | area=   all | maxDets=100 ] = 0.623
 Average Recall     (AR) @[ IoU=0.50:0.95 | area= small | maxDets=100 ] = 0.623
 Average Recall     (AR) @[ IoU=0.50:0.95 | area=medium | maxDets=100 ] = -1.000
 Average Recall     (AR) @[ IoU=0.50:0.95 | area= large | maxDets=100 ] = -1.000
 Average Recall     (AR) @[ IoU=0.50      | area=   all | maxDets=100 ] = 1.000
 Average Recall     (AR) @[ IoU=0.75      | area=   all | maxDets=100 ] = 0.697
best_stat: {'epoch': 8, 'coco_eval_bbox': 0.35285754703685374}
Epoch: [9/30]  [ 0/45]  eta: 0:00:21  lr: 0.000100  loss: 19.8416 (19.8416)  loss_mal: 0.8149 (0.8149)  loss_bbox: 0.0351 (0.0351)  loss_giou: 0.4126 (0.4126)  loss_fgl: 1.2670 (1.2670)  loss_mal_aux_0: 0.9759 (0.9759)  loss_bbox_aux_0: 0.0395 (0.0395)  loss_giou_aux_0: 0.4554 (0.4554)  loss_fgl_aux_0: 1.2849 (1.2849)  loss_ddf_aux_0: 0.0688 (0.0688)  loss_mal_aux_1: 0.9082 (0.9082)  loss_bbox_aux_1: 0.0349 (0.0349)  loss_giou_aux_1: 0.4146 (0.4146)  loss_fgl_aux_1: 1.2673 (1.2673)  loss_ddf_aux_1: 0.0032 (0.0032)  loss_mal_pre: 0.9740 (0.9740)  loss_bbox_pre: 0.0404 (0.0404)  loss_giou_pre: 0.4574 (0.4574)  loss_mal_enc_0: 0.8176 (0.8176)  loss_bbox_enc_0: 0.1098 (0.1098)  loss_giou_enc_0: 1.1795 (1.1795)  loss_mal_dn_0: 0.7191 (0.7191)  loss_bbox_dn_0: 0.0367 (0.0367)  loss_giou_dn_0: 0.4350 (0.4350)  loss_fgl_dn_0: 1.2688 (1.2688)  loss_ddf_dn_0: 0.1668 (0.1668)  loss_mal_dn_1: 0.6373 (0.6373)  loss_bbox_dn_1: 0.0290 (0.0290)  loss_giou_dn_1: 0.3551 (0.3551)  loss_fgl_dn_1: 1.2144 (1.2144)  loss_ddf_dn_1: 0.0029 (0.0029)  loss_mal_dn_2: 0.6323 (0.6323)  loss_bbox_dn_2: 0.0287 (0.0287)  loss_giou_dn_2: 0.3513 (0.3513)  loss_fgl_dn_2: 1.2131 (1.2131)  loss_ddf_dn_2: -0.0000 (0.0000)  loss_mal_dn_pre: 0.7207 (0.7207)  loss_bbox_dn_pre: 0.0363 (0.0363)  loss_giou_dn_pre: 0.4319 (0.4319)  loss_size: 0.0013 (0.0013)  time: 0.4766  data: 0.2366  max mem: 5227
Epoch: [9/30]  [44/45]  eta: 0:00:00  lr: 0.000100  loss: 20.2146 (20.4983)  loss_mal: 0.7136 (0.7322)  loss_bbox: 0.0432 (0.0467)  loss_giou: 0.5080 (0.5281)  loss_fgl: 1.2503 (1.2364)  loss_mal_aux_0: 0.9173 (0.9219)  loss_bbox_aux_0: 0.0498 (0.0544)  loss_giou_aux_0: 0.5691 (0.6082)  loss_fgl_aux_0: 1.2435 (1.2367)  loss_ddf_aux_0: 0.0819 (0.0852)  loss_mal_aux_1: 0.7369 (0.7591)  loss_bbox_aux_1: 0.0430 (0.0473)  loss_giou_aux_1: 0.5086 (0.5336)  loss_fgl_aux_1: 1.2509 (1.2347)  loss_ddf_aux_1: 0.0046 (0.0046)  loss_mal_pre: 0.9153 (0.9176)  loss_bbox_pre: 0.0494 (0.0544)  loss_giou_pre: 0.5698 (0.6092)  loss_mal_enc_0: 0.7351 (0.7011)  loss_bbox_enc_0: 0.1161 (0.1387)  loss_giou_enc_0: 1.2747 (1.3712)  loss_mal_dn_0: 0.7246 (0.7311)  loss_bbox_dn_0: 0.0425 (0.0442)  loss_giou_dn_0: 0.5209 (0.5285)  loss_fgl_dn_0: 1.2543 (1.2550)  loss_ddf_dn_0: 0.1913 (0.1855)  loss_mal_dn_1: 0.6541 (0.6638)  loss_bbox_dn_1: 0.0308 (0.0324)  loss_giou_dn_1: 0.3927 (0.4082)  loss_fgl_dn_1: 1.2138 (1.2109)  loss_ddf_dn_1: 0.0045 (0.0042)  loss_mal_dn_2: 0.6516 (0.6592)  loss_bbox_dn_2: 0.0307 (0.0323)  loss_giou_dn_2: 0.3951 (0.4070)  loss_fgl_dn_2: 1.2120 (1.2110)  loss_ddf_dn_2: -0.0000 (0.0000)  loss_mal_dn_pre: 0.7247 (0.7299)  loss_bbox_dn_pre: 0.0423 (0.0441)  loss_giou_dn_pre: 0.5207 (0.5271)  loss_size: 0.0021 (0.0024)  time: 0.2398  data: 0.0115  max mem: 5227
Epoch: [9/30] Total time: 0:00:11 (0.2472 s / it)
Averaged stats: lr: 0.000100  loss: 20.2146 (20.4983)  loss_mal: 0.7136 (0.7322)  loss_bbox: 0.0432 (0.0467)  loss_giou: 0.5080 (0.5281)  loss_fgl: 1.2503 (1.2364)  loss_mal_aux_0: 0.9173 (0.9219)  loss_bbox_aux_0: 0.0498 (0.0544)  loss_giou_aux_0: 0.5691 (0.6082)  loss_fgl_aux_0: 1.2435 (1.2367)  loss_ddf_aux_0: 0.0819 (0.0852)  loss_mal_aux_1: 0.7369 (0.7591)  loss_bbox_aux_1: 0.0430 (0.0473)  loss_giou_aux_1: 0.5086 (0.5336)  loss_fgl_aux_1: 1.2509 (1.2347)  loss_ddf_aux_1: 0.0046 (0.0046)  loss_mal_pre: 0.9153 (0.9176)  loss_bbox_pre: 0.0494 (0.0544)  loss_giou_pre: 0.5698 (0.6092)  loss_mal_enc_0: 0.7351 (0.7011)  loss_bbox_enc_0: 0.1161 (0.1387)  loss_giou_enc_0: 1.2747 (1.3712)  loss_mal_dn_0: 0.7246 (0.7311)  loss_bbox_dn_0: 0.0425 (0.0442)  loss_giou_dn_0: 0.5209 (0.5285)  loss_fgl_dn_0: 1.2543 (1.2550)  loss_ddf_dn_0: 0.1913 (0.1855)  loss_mal_dn_1: 0.6541 (0.6638)  loss_bbox_dn_1: 0.0308 (0.0324)  loss_giou_dn_1: 0.3927 (0.4082)  loss_fgl_dn_1: 1.2138 (1.2109)  loss_ddf_dn_1: 0.0045 (0.0042)  loss_mal_dn_2: 0.6516 (0.6592)  loss_bbox_dn_2: 0.0307 (0.0323)  loss_giou_dn_2: 0.3951 (0.4070)  loss_fgl_dn_2: 1.2120 (1.2110)  loss_ddf_dn_2: -0.0000 (0.0000)  loss_mal_dn_pre: 0.7247 (0.7299)  loss_bbox_dn_pre: 0.0423 (0.0441)  loss_giou_dn_pre: 0.5207 (0.5271)  loss_size: 0.0021 (0.0024)
Test:  [0/8]  eta: 0:00:02    time: 0.2908  data: 0.2343  max mem: 5227
Test:  [7/8]  eta: 0:00:00    time: 0.1200  data: 0.0410  max mem: 5227
Test: Total time: 0:00:00 (0.1247 s / it)
Metrics: {'f1': 0.9241379310344827, 'precision': 0.9054054054054054, 'recall': 0.9436619718309859, 'iou': 0.6113768384242669, 'TPs': 134, 'FPs': 14, 'FNs': 8}
Averaged stats: 
Accumulating evaluation results...
COCOeval_opt.accumulate() finished...
DONE (t=0.01s).
IoU metric: bbox
 Average Precision  (AP) @[ IoU=0.50:0.95 | area=   all | maxDets=100 ] = 0.366
 Average Precision  (AP) @[ IoU=0.50      | area=   all | maxDets=100 ] = 0.926
 Average Precision  (AP) @[ IoU=0.75      | area=   all | maxDets=100 ] = 0.149
 Average Precision  (AP) @[ IoU=0.50:0.95 | area= small | maxDets=100 ] = 0.367
 Average Precision  (AP) @[ IoU=0.50:0.95 | area=medium | maxDets=100 ] = -1.000
 Average Precision  (AP) @[ IoU=0.50:0.95 | area= large | maxDets=100 ] = -1.000
 Average Recall     (AR) @[ IoU=0.50:0.95 | area=   all | maxDets=  1 ] = 0.215
 Average Recall     (AR) @[ IoU=0.50:0.95 | area=   all | maxDets= 10 ] = 0.506
 Average Recall     (AR) @[ IoU=0.50:0.95 | area=   all | maxDets=100 ] = 0.618
 Average Recall     (AR) @[ IoU=0.50:0.95 | area= small | maxDets=100 ] = 0.618
 Average Recall     (AR) @[ IoU=0.50:0.95 | area=medium | maxDets=100 ] = -1.000
 Average Recall     (AR) @[ IoU=0.50:0.95 | area= large | maxDets=100 ] = -1.000
 Average Recall     (AR) @[ IoU=0.50      | area=   all | maxDets=100 ] = 1.000
 Average Recall     (AR) @[ IoU=0.75      | area=   all | maxDets=100 ] = 0.690
best_stat: {'epoch': 9, 'coco_eval_bbox': 0.36634818409327785}
Epoch: [10/30]  [ 0/45]  eta: 0:00:21  lr: 0.000100  loss: 20.5614 (20.5614)  loss_mal: 0.7228 (0.7228)  loss_bbox: 0.0463 (0.0463)  loss_giou: 0.4645 (0.4645)  loss_fgl: 1.2785 (1.2785)  loss_mal_aux_0: 1.0951 (1.0951)  loss_bbox_aux_0: 0.0574 (0.0574)  loss_giou_aux_0: 0.5956 (0.5956)  loss_fgl_aux_0: 1.2643 (1.2643)  loss_ddf_aux_0: 0.0916 (0.0916)  loss_mal_aux_1: 0.7309 (0.7309)  loss_bbox_aux_1: 0.0473 (0.0473)  loss_giou_aux_1: 0.4744 (0.4744)  loss_fgl_aux_1: 1.2774 (1.2774)  loss_ddf_aux_1: 0.0050 (0.0050)  loss_mal_pre: 1.0852 (1.0852)  loss_bbox_pre: 0.0579 (0.0579)  loss_giou_pre: 0.5909 (0.5909)  loss_mal_enc_0: 0.8346 (0.8346)  loss_bbox_enc_0: 0.1273 (0.1273)  loss_giou_enc_0: 1.2597 (1.2597)  loss_mal_dn_0: 0.7103 (0.7103)  loss_bbox_dn_0: 0.0425 (0.0425)  loss_giou_dn_0: 0.4597 (0.4597)  loss_fgl_dn_0: 1.2601 (1.2601)  loss_ddf_dn_0: 0.1986 (0.1986)  loss_mal_dn_1: 0.6499 (0.6499)  loss_bbox_dn_1: 0.0338 (0.0338)  loss_giou_dn_1: 0.3866 (0.3866)  loss_fgl_dn_1: 1.2174 (1.2174)  loss_ddf_dn_1: 0.0051 (0.0051)  loss_mal_dn_2: 0.6460 (0.6460)  loss_bbox_dn_2: 0.0333 (0.0333)  loss_giou_dn_2: 0.3824 (0.3824)  loss_fgl_dn_2: 1.2143 (1.2143)  loss_ddf_dn_2: -0.0000 (0.0000)  loss_mal_dn_pre: 0.7104 (0.7104)  loss_bbox_dn_pre: 0.0427 (0.0427)  loss_giou_dn_pre: 0.4586 (0.4586)  loss_size: 0.0025 (0.0025)  time: 0.4713  data: 0.2296  max mem: 5227
Epoch: [10/30]  [44/45]  eta: 0:00:00  lr: 0.000100  loss: 21.0501 (20.9532)  loss_mal: 0.7611 (0.7417)  loss_bbox: 0.0506 (0.0613)  loss_giou: 0.5679 (0.6202)  loss_fgl: 1.2329 (1.1828)  loss_mal_aux_0: 0.9054 (0.9010)  loss_bbox_aux_0: 0.0568 (0.0752)  loss_giou_aux_0: 0.6892 (0.7415)  loss_fgl_aux_0: 1.2293 (1.1681)  loss_ddf_aux_0: 0.1205 (0.1130)  loss_mal_aux_1: 0.7564 (0.7565)  loss_bbox_aux_1: 0.0507 (0.0638)  loss_giou_aux_1: 0.5859 (0.6359)  loss_fgl_aux_1: 1.2283 (1.1769)  loss_ddf_aux_1: 0.0080 (0.0084)  loss_mal_pre: 0.9241 (0.9009)  loss_bbox_pre: 0.0574 (0.0736)  loss_giou_pre: 0.6851 (0.7335)  loss_mal_enc_0: 0.5887 (0.6184)  loss_bbox_enc_0: 0.1672 (0.1908)  loss_giou_enc_0: 1.5246 (1.5378)  loss_mal_dn_0: 0.7302 (0.7265)  loss_bbox_dn_0: 0.0442 (0.0438)  loss_giou_dn_0: 0.5280 (0.5215)  loss_fgl_dn_0: 1.2479 (1.2528)  loss_ddf_dn_0: 0.1908 (0.1987)  loss_mal_dn_1: 0.6652 (0.6611)  loss_bbox_dn_1: 0.0324 (0.0323)  loss_giou_dn_1: 0.4143 (0.4054)  loss_fgl_dn_1: 1.2067 (1.2078)  loss_ddf_dn_1: 0.0061 (0.0068)  loss_mal_dn_2: 0.6640 (0.6587)  loss_bbox_dn_2: 0.0324 (0.0322)  loss_giou_dn_2: 0.4151 (0.4047)  loss_fgl_dn_2: 1.2070 (1.2079)  loss_ddf_dn_2: -0.0000 (0.0000)  loss_mal_dn_pre: 0.7276 (0.7253)  loss_bbox_dn_pre: 0.0437 (0.0437)  loss_giou_dn_pre: 0.5269 (0.5199)  loss_size: 0.0022 (0.0026)  time: 0.2415  data: 0.0123  max mem: 5227
Epoch: [10/30] Total time: 0:00:11 (0.2480 s / it)
Averaged stats: lr: 0.000100  loss: 21.0501 (20.9532)  loss_mal: 0.7611 (0.7417)  loss_bbox: 0.0506 (0.0613)  loss_giou: 0.5679 (0.6202)  loss_fgl: 1.2329 (1.1828)  loss_mal_aux_0: 0.9054 (0.9010)  loss_bbox_aux_0: 0.0568 (0.0752)  loss_giou_aux_0: 0.6892 (0.7415)  loss_fgl_aux_0: 1.2293 (1.1681)  loss_ddf_aux_0: 0.1205 (0.1130)  loss_mal_aux_1: 0.7564 (0.7565)  loss_bbox_aux_1: 0.0507 (0.0638)  loss_giou_aux_1: 0.5859 (0.6359)  loss_fgl_aux_1: 1.2283 (1.1769)  loss_ddf_aux_1: 0.0080 (0.0084)  loss_mal_pre: 0.9241 (0.9009)  loss_bbox_pre: 0.0574 (0.0736)  loss_giou_pre: 0.6851 (0.7335)  loss_mal_enc_0: 0.5887 (0.6184)  loss_bbox_enc_0: 0.1672 (0.1908)  loss_giou_enc_0: 1.5246 (1.5378)  loss_mal_dn_0: 0.7302 (0.7265)  loss_bbox_dn_0: 0.0442 (0.0438)  loss_giou_dn_0: 0.5280 (0.5215)  loss_fgl_dn_0: 1.2479 (1.2528)  loss_ddf_dn_0: 0.1908 (0.1987)  loss_mal_dn_1: 0.6652 (0.6611)  loss_bbox_dn_1: 0.0324 (0.0323)  loss_giou_dn_1: 0.4143 (0.4054)  loss_fgl_dn_1: 1.2067 (1.2078)  loss_ddf_dn_1: 0.0061 (0.0068)  loss_mal_dn_2: 0.6640 (0.6587)  loss_bbox_dn_2: 0.0324 (0.0322)  loss_giou_dn_2: 0.4151 (0.4047)  loss_fgl_dn_2: 1.2070 (1.2079)  loss_ddf_dn_2: -0.0000 (0.0000)  loss_mal_dn_pre: 0.7276 (0.7253)  loss_bbox_dn_pre: 0.0437 (0.0437)  loss_giou_dn_pre: 0.5269 (0.5199)  loss_size: 0.0022 (0.0026)
Test:  [0/8]  eta: 0:00:02    time: 0.2732  data: 0.2168  max mem: 5227
Test:  [7/8]  eta: 0:00:00    time: 0.0951  data: 0.0397  max mem: 5227
Test: Total time: 0:00:00 (0.1000 s / it)
Metrics: {'f1': 0.903448275862069, 'precision': 0.8851351351351351, 'recall': 0.9225352112676056, 'iou': 0.5915698405331785, 'TPs': 131, 'FPs': 17, 'FNs': 11}
Averaged stats: 
Accumulating evaluation results...
COCOeval_opt.accumulate() finished...
DONE (t=0.01s).
IoU metric: bbox
 Average Precision  (AP) @[ IoU=0.50:0.95 | area=   all | maxDets=100 ] = 0.373
 Average Precision  (AP) @[ IoU=0.50      | area=   all | maxDets=100 ] = 0.908
 Average Precision  (AP) @[ IoU=0.75      | area=   all | maxDets=100 ] = 0.181
 Average Precision  (AP) @[ IoU=0.50:0.95 | area= small | maxDets=100 ] = 0.373
 Average Precision  (AP) @[ IoU=0.50:0.95 | area=medium | maxDets=100 ] = -1.000
 Average Precision  (AP) @[ IoU=0.50:0.95 | area= large | maxDets=100 ] = -1.000
 Average Recall     (AR) @[ IoU=0.50:0.95 | area=   all | maxDets=  1 ] = 0.207
 Average Recall     (AR) @[ IoU=0.50:0.95 | area=   all | maxDets= 10 ] = 0.506
 Average Recall     (AR) @[ IoU=0.50:0.95 | area=   all | maxDets=100 ] = 0.624
 Average Recall     (AR) @[ IoU=0.50:0.95 | area= small | maxDets=100 ] = 0.624
 Average Recall     (AR) @[ IoU=0.50:0.95 | area=medium | maxDets=100 ] = -1.000
 Average Recall     (AR) @[ IoU=0.50:0.95 | area= large | maxDets=100 ] = -1.000
 Average Recall     (AR) @[ IoU=0.50      | area=   all | maxDets=100 ] = 1.000
 Average Recall     (AR) @[ IoU=0.75      | area=   all | maxDets=100 ] = 0.711
best_stat: {'epoch': 10, 'coco_eval_bbox': 0.3732148168999866}
Epoch: [11/30]  [ 0/45]  eta: 0:00:21  lr: 0.000100  loss: 20.4402 (20.4402)  loss_mal: 0.7412 (0.7412)  loss_bbox: 0.0517 (0.0517)  loss_giou: 0.5313 (0.5313)  loss_fgl: 1.2704 (1.2704)  loss_mal_aux_0: 0.9622 (0.9622)  loss_bbox_aux_0: 0.0548 (0.0548)  loss_giou_aux_0: 0.5622 (0.5622)  loss_fgl_aux_0: 1.2679 (1.2679)  loss_ddf_aux_0: 0.0882 (0.0882)  loss_mal_aux_1: 0.7885 (0.7885)  loss_bbox_aux_1: 0.0519 (0.0519)  loss_giou_aux_1: 0.5303 (0.5303)  loss_fgl_aux_1: 1.2736 (1.2736)  loss_ddf_aux_1: 0.0066 (0.0066)  loss_mal_pre: 0.9559 (0.9559)  loss_bbox_pre: 0.0549 (0.0549)  loss_giou_pre: 0.5616 (0.5616)  loss_mal_enc_0: 1.0246 (1.0246)  loss_bbox_enc_0: 0.1098 (0.1098)  loss_giou_enc_0: 0.9813 (0.9813)  loss_mal_dn_0: 0.7215 (0.7215)  loss_bbox_dn_0: 0.0460 (0.0460)  loss_giou_dn_0: 0.4992 (0.4992)  loss_fgl_dn_0: 1.2584 (1.2584)  loss_ddf_dn_0: 0.1695 (0.1695)  loss_mal_dn_1: 0.6533 (0.6533)  loss_bbox_dn_1: 0.0355 (0.0355)  loss_giou_dn_1: 0.3994 (0.3994)  loss_fgl_dn_1: 1.2140 (1.2140)  loss_ddf_dn_1: 0.0058 (0.0058)  loss_mal_dn_2: 0.6546 (0.6546)  loss_bbox_dn_2: 0.0353 (0.0353)  loss_giou_dn_2: 0.3967 (0.3967)  loss_fgl_dn_2: 1.2123 (1.2123)  loss_ddf_dn_2: -0.0000 (0.0000)  loss_mal_dn_pre: 0.7226 (0.7226)  loss_bbox_dn_pre: 0.0459 (0.0459)  loss_giou_dn_pre: 0.4989 (0.4989)  loss_size: 0.0025 (0.0025)  time: 0.4865  data: 0.2493  max mem: 5227
Epoch: [11/30]  [44/45]  eta: 0:00:00  lr: 0.000100  loss: 19.6320 (19.9018)  loss_mal: 0.6975 (0.7093)  loss_bbox: 0.0416 (0.0446)  loss_giou: 0.5066 (0.5091)  loss_fgl: 1.2523 (1.2435)  loss_mal_aux_0: 0.8845 (0.9165)  loss_bbox_aux_0: 0.0432 (0.0476)  loss_giou_aux_0: 0.5272 (0.5411)  loss_fgl_aux_0: 1.2595 (1.2442)  loss_ddf_aux_0: 0.0455 (0.0673)  loss_mal_aux_1: 0.7187 (0.7373)  loss_bbox_aux_1: 0.0418 (0.0450)  loss_giou_aux_1: 0.5133 (0.5123)  loss_fgl_aux_1: 1.2542 (1.2435)  loss_ddf_aux_1: 0.0044 (0.0065)  loss_mal_pre: 0.8809 (0.9119)  loss_bbox_pre: 0.0432 (0.0478)  loss_giou_pre: 0.5250 (0.5412)  loss_mal_enc_0: 1.1151 (1.1595)  loss_bbox_enc_0: 0.0528 (0.0710)  loss_giou_enc_0: 0.6325 (0.7500)  loss_mal_dn_0: 0.7193 (0.7228)  loss_bbox_dn_0: 0.0398 (0.0421)  loss_giou_dn_0: 0.5191 (0.5036)  loss_fgl_dn_0: 1.2517 (1.2495)  loss_ddf_dn_0: 0.1703 (0.1837)  loss_mal_dn_1: 0.6633 (0.6587)  loss_bbox_dn_1: 0.0316 (0.0315)  loss_giou_dn_1: 0.4004 (0.3978)  loss_fgl_dn_1: 1.2016 (1.2035)  loss_ddf_dn_1: 0.0045 (0.0053)  loss_mal_dn_2: 0.6579 (0.6538)  loss_bbox_dn_2: 0.0312 (0.0314)  loss_giou_dn_2: 0.3999 (0.3959)  loss_fgl_dn_2: 1.2014 (1.2029)  loss_ddf_dn_2: -0.0000 (0.0000)  loss_mal_dn_pre: 0.7187 (0.7224)  loss_bbox_dn_pre: 0.0404 (0.0421)  loss_giou_dn_pre: 0.5188 (0.5032)  loss_size: 0.0023 (0.0023)  time: 0.2399  data: 0.0114  max mem: 5227
Epoch: [11/30] Total time: 0:00:11 (0.2466 s / it)
Averaged stats: lr: 0.000100  loss: 19.6320 (19.9018)  loss_mal: 0.6975 (0.7093)  loss_bbox: 0.0416 (0.0446)  loss_giou: 0.5066 (0.5091)  loss_fgl: 1.2523 (1.2435)  loss_mal_aux_0: 0.8845 (0.9165)  loss_bbox_aux_0: 0.0432 (0.0476)  loss_giou_aux_0: 0.5272 (0.5411)  loss_fgl_aux_0: 1.2595 (1.2442)  loss_ddf_aux_0: 0.0455 (0.0673)  loss_mal_aux_1: 0.7187 (0.7373)  loss_bbox_aux_1: 0.0418 (0.0450)  loss_giou_aux_1: 0.5133 (0.5123)  loss_fgl_aux_1: 1.2542 (1.2435)  loss_ddf_aux_1: 0.0044 (0.0065)  loss_mal_pre: 0.8809 (0.9119)  loss_bbox_pre: 0.0432 (0.0478)  loss_giou_pre: 0.5250 (0.5412)  loss_mal_enc_0: 1.1151 (1.1595)  loss_bbox_enc_0: 0.0528 (0.0710)  loss_giou_enc_0: 0.6325 (0.7500)  loss_mal_dn_0: 0.7193 (0.7228)  loss_bbox_dn_0: 0.0398 (0.0421)  loss_giou_dn_0: 0.5191 (0.5036)  loss_fgl_dn_0: 1.2517 (1.2495)  loss_ddf_dn_0: 0.1703 (0.1837)  loss_mal_dn_1: 0.6633 (0.6587)  loss_bbox_dn_1: 0.0316 (0.0315)  loss_giou_dn_1: 0.4004 (0.3978)  loss_fgl_dn_1: 1.2016 (1.2035)  loss_ddf_dn_1: 0.0045 (0.0053)  loss_mal_dn_2: 0.6579 (0.6538)  loss_bbox_dn_2: 0.0312 (0.0314)  loss_giou_dn_2: 0.3999 (0.3959)  loss_fgl_dn_2: 1.2014 (1.2029)  loss_ddf_dn_2: -0.0000 (0.0000)  loss_mal_dn_pre: 0.7187 (0.7224)  loss_bbox_dn_pre: 0.0404 (0.0421)  loss_giou_dn_pre: 0.5188 (0.5032)  loss_size: 0.0023 (0.0023)
Test:  [0/8]  eta: 0:00:03    time: 0.4795  data: 0.2379  max mem: 5227
Test:  [7/8]  eta: 0:00:00    time: 0.1191  data: 0.0414  max mem: 5227
Test: Total time: 0:00:00 (0.1236 s / it)
Metrics: {'f1': 0.9010238907849828, 'precision': 0.8741721854304636, 'recall': 0.9295774647887324, 'iou': 0.5847631611439011, 'TPs': 132, 'FPs': 19, 'FNs': 10}
Averaged stats: 
Accumulating evaluation results...
COCOeval_opt.accumulate() finished...
DONE (t=0.01s).
IoU metric: bbox
 Average Precision  (AP) @[ IoU=0.50:0.95 | area=   all | maxDets=100 ] = 0.368
 Average Precision  (AP) @[ IoU=0.50      | area=   all | maxDets=100 ] = 0.924
 Average Precision  (AP) @[ IoU=0.75      | area=   all | maxDets=100 ] = 0.183
 Average Precision  (AP) @[ IoU=0.50:0.95 | area= small | maxDets=100 ] = 0.368
 Average Precision  (AP) @[ IoU=0.50:0.95 | area=medium | maxDets=100 ] = -1.000
 Average Precision  (AP) @[ IoU=0.50:0.95 | area= large | maxDets=100 ] = -1.000
 Average Recall     (AR) @[ IoU=0.50:0.95 | area=   all | maxDets=  1 ] = 0.209
 Average Recall     (AR) @[ IoU=0.50:0.95 | area=   all | maxDets= 10 ] = 0.518
 Average Recall     (AR) @[ IoU=0.50:0.95 | area=   all | maxDets=100 ] = 0.618
 Average Recall     (AR) @[ IoU=0.50:0.95 | area= small | maxDets=100 ] = 0.618
 Average Recall     (AR) @[ IoU=0.50:0.95 | area=medium | maxDets=100 ] = -1.000
 Average Recall     (AR) @[ IoU=0.50:0.95 | area= large | maxDets=100 ] = -1.000
 Average Recall     (AR) @[ IoU=0.50      | area=   all | maxDets=100 ] = 1.000
 Average Recall     (AR) @[ IoU=0.75      | area=   all | maxDets=100 ] = 0.683
best_stat: {'epoch': 10, 'coco_eval_bbox': 0.3732148168999866}
Epoch: [12/30]  [ 0/45]  eta: 0:00:22  lr: 0.000100  loss: 19.1290 (19.1290)  loss_mal: 0.7060 (0.7060)  loss_bbox: 0.0395 (0.0395)  loss_giou: 0.4815 (0.4815)  loss_fgl: 1.2672 (1.2672)  loss_mal_aux_0: 0.8131 (0.8131)  loss_bbox_aux_0: 0.0402 (0.0402)  loss_giou_aux_0: 0.4759 (0.4759)  loss_fgl_aux_0: 1.2745 (1.2745)  loss_ddf_aux_0: 0.0388 (0.0388)  loss_mal_aux_1: 0.7289 (0.7289)  loss_bbox_aux_1: 0.0396 (0.0396)  loss_giou_aux_1: 0.4788 (0.4788)  loss_fgl_aux_1: 1.2678 (1.2678)  loss_ddf_aux_1: 0.0032 (0.0032)  loss_mal_pre: 0.8089 (0.8089)  loss_bbox_pre: 0.0402 (0.0402)  loss_giou_pre: 0.4764 (0.4764)  loss_mal_enc_0: 1.1237 (1.1237)  loss_bbox_enc_0: 0.0448 (0.0448)  loss_giou_enc_0: 0.5441 (0.5441)  loss_mal_dn_0: 0.7145 (0.7145)  loss_bbox_dn_0: 0.0376 (0.0376)  loss_giou_dn_0: 0.4722 (0.4722)  loss_fgl_dn_0: 1.2577 (1.2577)  loss_ddf_dn_0: 0.1513 (0.1513)  loss_mal_dn_1: 0.6481 (0.6481)  loss_bbox_dn_1: 0.0295 (0.0295)  loss_giou_dn_1: 0.3882 (0.3882)  loss_fgl_dn_1: 1.2210 (1.2210)  loss_ddf_dn_1: 0.0054 (0.0054)  loss_mal_dn_2: 0.6492 (0.6492)  loss_bbox_dn_2: 0.0294 (0.0294)  loss_giou_dn_2: 0.3880 (0.3880)  loss_fgl_dn_2: 1.2196 (1.2196)  loss_ddf_dn_2: -0.0000 (0.0000)  loss_mal_dn_pre: 0.7144 (0.7144)  loss_bbox_dn_pre: 0.0373 (0.0373)  loss_giou_dn_pre: 0.4700 (0.4700)  loss_size: 0.0022 (0.0022)  time: 0.4918  data: 0.2508  max mem: 5227
Epoch: [12/30]  [44/45]  eta: 0:00:00  lr: 0.000100  loss: 18.7183 (18.9466)  loss_mal: 0.6776 (0.6878)  loss_bbox: 0.0412 (0.0422)  loss_giou: 0.4765 (0.4896)  loss_fgl: 1.2526 (1.2556)  loss_mal_aux_0: 0.7708 (0.7797)  loss_bbox_aux_0: 0.0421 (0.0431)  loss_giou_aux_0: 0.4859 (0.5016)  loss_fgl_aux_0: 1.2629 (1.2590)  loss_ddf_aux_0: 0.0298 (0.0321)  loss_mal_aux_1: 0.6940 (0.7003)  loss_bbox_aux_1: 0.0414 (0.0423)  loss_giou_aux_1: 0.4802 (0.4902)  loss_fgl_aux_1: 1.2543 (1.2554)  loss_ddf_aux_1: 0.0029 (0.0030)  loss_mal_pre: 0.7694 (0.7777)  loss_bbox_pre: 0.0419 (0.0429)  loss_giou_pre: 0.4809 (0.4998)  loss_mal_enc_0: 0.9334 (0.9754)  loss_bbox_enc_0: 0.0452 (0.0485)  loss_giou_enc_0: 0.5391 (0.5680)  loss_mal_dn_0: 0.7119 (0.7141)  loss_bbox_dn_0: 0.0394 (0.0408)  loss_giou_dn_0: 0.4786 (0.4873)  loss_fgl_dn_0: 1.2546 (1.2529)  loss_ddf_dn_0: 0.1636 (0.1676)  loss_mal_dn_1: 0.6425 (0.6502)  loss_bbox_dn_1: 0.0303 (0.0307)  loss_giou_dn_1: 0.3763 (0.3876)  loss_fgl_dn_1: 1.1998 (1.2044)  loss_ddf_dn_1: 0.0041 (0.0045)  loss_mal_dn_2: 0.6418 (0.6485)  loss_bbox_dn_2: 0.0302 (0.0307)  loss_giou_dn_2: 0.3727 (0.3870)  loss_fgl_dn_2: 1.2003 (1.2045)  loss_ddf_dn_2: -0.0000 (0.0000)  loss_mal_dn_pre: 0.7120 (0.7135)  loss_bbox_dn_pre: 0.0392 (0.0406)  loss_giou_dn_pre: 0.4773 (0.4856)  loss_size: 0.0019 (0.0022)  time: 0.2397  data: 0.0118  max mem: 5227
Epoch: [12/30] Total time: 0:00:11 (0.2477 s / it)
Averaged stats: lr: 0.000100  loss: 18.7183 (18.9466)  loss_mal: 0.6776 (0.6878)  loss_bbox: 0.0412 (0.0422)  loss_giou: 0.4765 (0.4896)  loss_fgl: 1.2526 (1.2556)  loss_mal_aux_0: 0.7708 (0.7797)  loss_bbox_aux_0: 0.0421 (0.0431)  loss_giou_aux_0: 0.4859 (0.5016)  loss_fgl_aux_0: 1.2629 (1.2590)  loss_ddf_aux_0: 0.0298 (0.0321)  loss_mal_aux_1: 0.6940 (0.7003)  loss_bbox_aux_1: 0.0414 (0.0423)  loss_giou_aux_1: 0.4802 (0.4902)  loss_fgl_aux_1: 1.2543 (1.2554)  loss_ddf_aux_1: 0.0029 (0.0030)  loss_mal_pre: 0.7694 (0.7777)  loss_bbox_pre: 0.0419 (0.0429)  loss_giou_pre: 0.4809 (0.4998)  loss_mal_enc_0: 0.9334 (0.9754)  loss_bbox_enc_0: 0.0452 (0.0485)  loss_giou_enc_0: 0.5391 (0.5680)  loss_mal_dn_0: 0.7119 (0.7141)  loss_bbox_dn_0: 0.0394 (0.0408)  loss_giou_dn_0: 0.4786 (0.4873)  loss_fgl_dn_0: 1.2546 (1.2529)  loss_ddf_dn_0: 0.1636 (0.1676)  loss_mal_dn_1: 0.6425 (0.6502)  loss_bbox_dn_1: 0.0303 (0.0307)  loss_giou_dn_1: 0.3763 (0.3876)  loss_fgl_dn_1: 1.1998 (1.2044)  loss_ddf_dn_1: 0.0041 (0.0045)  loss_mal_dn_2: 0.6418 (0.6485)  loss_bbox_dn_2: 0.0302 (0.0307)  loss_giou_dn_2: 0.3727 (0.3870)  loss_fgl_dn_2: 1.2003 (1.2045)  loss_ddf_dn_2: -0.0000 (0.0000)  loss_mal_dn_pre: 0.7120 (0.7135)  loss_bbox_dn_pre: 0.0392 (0.0406)  loss_giou_dn_pre: 0.4773 (0.4856)  loss_size: 0.0019 (0.0022)
Test:  [0/8]  eta: 0:00:02    time: 0.2918  data: 0.2361  max mem: 5227
Test:  [7/8]  eta: 0:00:00    time: 0.0977  data: 0.0419  max mem: 5227
Test: Total time: 0:00:00 (0.1018 s / it)
Metrics: {'f1': 0.9215017064846417, 'precision': 0.8940397350993378, 'recall': 0.9507042253521126, 'iou': 0.6067319142667553, 'TPs': 135, 'FPs': 16, 'FNs': 7}
Averaged stats: 
Accumulating evaluation results...
COCOeval_opt.accumulate() finished...
DONE (t=0.01s).
IoU metric: bbox
 Average Precision  (AP) @[ IoU=0.50:0.95 | area=   all | maxDets=100 ] = 0.356
 Average Precision  (AP) @[ IoU=0.50      | area=   all | maxDets=100 ] = 0.917
 Average Precision  (AP) @[ IoU=0.75      | area=   all | maxDets=100 ] = 0.150
 Average Precision  (AP) @[ IoU=0.50:0.95 | area= small | maxDets=100 ] = 0.357
 Average Precision  (AP) @[ IoU=0.50:0.95 | area=medium | maxDets=100 ] = -1.000
 Average Precision  (AP) @[ IoU=0.50:0.95 | area= large | maxDets=100 ] = -1.000
 Average Recall     (AR) @[ IoU=0.50:0.95 | area=   all | maxDets=  1 ] = 0.204
 Average Recall     (AR) @[ IoU=0.50:0.95 | area=   all | maxDets= 10 ] = 0.510
 Average Recall     (AR) @[ IoU=0.50:0.95 | area=   all | maxDets=100 ] = 0.634
 Average Recall     (AR) @[ IoU=0.50:0.95 | area= small | maxDets=100 ] = 0.634
 Average Recall     (AR) @[ IoU=0.50:0.95 | area=medium | maxDets=100 ] = -1.000
 Average Recall     (AR) @[ IoU=0.50:0.95 | area= large | maxDets=100 ] = -1.000
 Average Recall     (AR) @[ IoU=0.50      | area=   all | maxDets=100 ] = 0.993
 Average Recall     (AR) @[ IoU=0.75      | area=   all | maxDets=100 ] = 0.725
best_stat: {'epoch': 10, 'coco_eval_bbox': 0.3732148168999866}
Epoch: [13/30]  [ 0/45]  eta: 0:00:21  lr: 0.000100  loss: 18.3430 (18.3430)  loss_mal: 0.6880 (0.6880)  loss_bbox: 0.0391 (0.0391)  loss_giou: 0.4322 (0.4322)  loss_fgl: 1.2420 (1.2420)  loss_mal_aux_0: 0.7700 (0.7700)  loss_bbox_aux_0: 0.0424 (0.0424)  loss_giou_aux_0: 0.4605 (0.4605)  loss_fgl_aux_0: 1.2512 (1.2512)  loss_ddf_aux_0: 0.0324 (0.0324)  loss_mal_aux_1: 0.7288 (0.7288)  loss_bbox_aux_1: 0.0406 (0.0406)  loss_giou_aux_1: 0.4415 (0.4415)  loss_fgl_aux_1: 1.2420 (1.2420)  loss_ddf_aux_1: 0.0030 (0.0030)  loss_mal_pre: 0.7681 (0.7681)  loss_bbox_pre: 0.0423 (0.0423)  loss_giou_pre: 0.4578 (0.4578)  loss_mal_enc_0: 0.9747 (0.9747)  loss_bbox_enc_0: 0.0452 (0.0452)  loss_giou_enc_0: 0.4963 (0.4963)  loss_mal_dn_0: 0.7115 (0.7115)  loss_bbox_dn_0: 0.0425 (0.0425)  loss_giou_dn_0: 0.4693 (0.4693)  loss_fgl_dn_0: 1.2278 (1.2278)  loss_ddf_dn_0: 0.1498 (0.1498)  loss_mal_dn_1: 0.6258 (0.6258)  loss_bbox_dn_1: 0.0293 (0.0293)  loss_giou_dn_1: 0.3509 (0.3509)  loss_fgl_dn_1: 1.1647 (1.1647)  loss_ddf_dn_1: 0.0026 (0.0026)  loss_mal_dn_2: 0.6194 (0.6194)  loss_bbox_dn_2: 0.0285 (0.0285)  loss_giou_dn_2: 0.3437 (0.3437)  loss_fgl_dn_2: 1.1624 (1.1624)  loss_ddf_dn_2: -0.0000 (0.0000)  loss_mal_dn_pre: 0.7099 (0.7099)  loss_bbox_dn_pre: 0.0419 (0.0419)  loss_giou_dn_pre: 0.4631 (0.4631)  loss_size: 0.0019 (0.0019)  time: 0.4836  data: 0.2474  max mem: 5227
Epoch: [13/30]  [44/45]  eta: 0:00:00  lr: 0.000100  loss: 18.7207 (18.5745)  loss_mal: 0.6795 (0.6769)  loss_bbox: 0.0411 (0.0399)  loss_giou: 0.4722 (0.4677)  loss_fgl: 1.2515 (1.2489)  loss_mal_aux_0: 0.7514 (0.7590)  loss_bbox_aux_0: 0.0423 (0.0413)  loss_giou_aux_0: 0.4783 (0.4828)  loss_fgl_aux_0: 1.2572 (1.2561)  loss_ddf_aux_0: 0.0309 (0.0315)  loss_mal_aux_1: 0.6851 (0.6901)  loss_bbox_aux_1: 0.0412 (0.0399)  loss_giou_aux_1: 0.4738 (0.4678)  loss_fgl_aux_1: 1.2506 (1.2488)  loss_ddf_aux_1: 0.0026 (0.0028)  loss_mal_pre: 0.7483 (0.7569)  loss_bbox_pre: 0.0421 (0.0413)  loss_giou_pre: 0.4759 (0.4821)  loss_mal_enc_0: 0.8697 (0.8871)  loss_bbox_enc_0: 0.0479 (0.0454)  loss_giou_enc_0: 0.5357 (0.5351)  loss_mal_dn_0: 0.7122 (0.7117)  loss_bbox_dn_0: 0.0419 (0.0402)  loss_giou_dn_0: 0.4856 (0.4831)  loss_fgl_dn_0: 1.2466 (1.2537)  loss_ddf_dn_0: 0.1698 (0.1706)  loss_mal_dn_1: 0.6485 (0.6408)  loss_bbox_dn_1: 0.0301 (0.0296)  loss_giou_dn_1: 0.3837 (0.3737)  loss_fgl_dn_1: 1.1962 (1.1959)  loss_ddf_dn_1: 0.0033 (0.0035)  loss_mal_dn_2: 0.6467 (0.6385)  loss_bbox_dn_2: 0.0301 (0.0295)  loss_giou_dn_2: 0.3860 (0.3725)  loss_fgl_dn_2: 1.1935 (1.1957)  loss_ddf_dn_2: -0.0000 (0.0000)  loss_mal_dn_pre: 0.7111 (0.7106)  loss_bbox_dn_pre: 0.0415 (0.0400)  loss_giou_dn_pre: 0.4812 (0.4816)  loss_size: 0.0019 (0.0020)  time: 0.2493  data: 0.0116  max mem: 5227
Epoch: [13/30] Total time: 0:00:11 (0.2520 s / it)
Averaged stats: lr: 0.000100  loss: 18.7207 (18.5745)  loss_mal: 0.6795 (0.6769)  loss_bbox: 0.0411 (0.0399)  loss_giou: 0.4722 (0.4677)  loss_fgl: 1.2515 (1.2489)  loss_mal_aux_0: 0.7514 (0.7590)  loss_bbox_aux_0: 0.0423 (0.0413)  loss_giou_aux_0: 0.4783 (0.4828)  loss_fgl_aux_0: 1.2572 (1.2561)  loss_ddf_aux_0: 0.0309 (0.0315)  loss_mal_aux_1: 0.6851 (0.6901)  loss_bbox_aux_1: 0.0412 (0.0399)  loss_giou_aux_1: 0.4738 (0.4678)  loss_fgl_aux_1: 1.2506 (1.2488)  loss_ddf_aux_1: 0.0026 (0.0028)  loss_mal_pre: 0.7483 (0.7569)  loss_bbox_pre: 0.0421 (0.0413)  loss_giou_pre: 0.4759 (0.4821)  loss_mal_enc_0: 0.8697 (0.8871)  loss_bbox_enc_0: 0.0479 (0.0454)  loss_giou_enc_0: 0.5357 (0.5351)  loss_mal_dn_0: 0.7122 (0.7117)  loss_bbox_dn_0: 0.0419 (0.0402)  loss_giou_dn_0: 0.4856 (0.4831)  loss_fgl_dn_0: 1.2466 (1.2537)  loss_ddf_dn_0: 0.1698 (0.1706)  loss_mal_dn_1: 0.6485 (0.6408)  loss_bbox_dn_1: 0.0301 (0.0296)  loss_giou_dn_1: 0.3837 (0.3737)  loss_fgl_dn_1: 1.1962 (1.1959)  loss_ddf_dn_1: 0.0033 (0.0035)  loss_mal_dn_2: 0.6467 (0.6385)  loss_bbox_dn_2: 0.0301 (0.0295)  loss_giou_dn_2: 0.3860 (0.3725)  loss_fgl_dn_2: 1.1935 (1.1957)  loss_ddf_dn_2: -0.0000 (0.0000)  loss_mal_dn_pre: 0.7111 (0.7106)  loss_bbox_dn_pre: 0.0415 (0.0400)  loss_giou_dn_pre: 0.4812 (0.4816)  loss_size: 0.0019 (0.0020)
Test:  [0/8]  eta: 0:00:02    time: 0.3028  data: 0.2478  max mem: 5227
Test:  [7/8]  eta: 0:00:00    time: 0.0979  data: 0.0424  max mem: 5227
Test: Total time: 0:00:00 (0.1023 s / it)
Metrics: {'f1': 0.9411764705882353, 'precision': 0.9251700680272109, 'recall': 0.9577464788732394, 'iou': 0.6322674272107143, 'TPs': 136, 'FPs': 11, 'FNs': 6}
Averaged stats: 
Accumulating evaluation results...
COCOeval_opt.accumulate() finished...
DONE (t=0.01s).
IoU metric: bbox
 Average Precision  (AP) @[ IoU=0.50:0.95 | area=   all | maxDets=100 ] = 0.369
 Average Precision  (AP) @[ IoU=0.50      | area=   all | maxDets=100 ] = 0.924
 Average Precision  (AP) @[ IoU=0.75      | area=   all | maxDets=100 ] = 0.164
 Average Precision  (AP) @[ IoU=0.50:0.95 | area= small | maxDets=100 ] = 0.370
 Average Precision  (AP) @[ IoU=0.50:0.95 | area=medium | maxDets=100 ] = -1.000
 Average Precision  (AP) @[ IoU=0.50:0.95 | area= large | maxDets=100 ] = -1.000
 Average Recall     (AR) @[ IoU=0.50:0.95 | area=   all | maxDets=  1 ] = 0.212
 Average Recall     (AR) @[ IoU=0.50:0.95 | area=   all | maxDets= 10 ] = 0.505
 Average Recall     (AR) @[ IoU=0.50:0.95 | area=   all | maxDets=100 ] = 0.611
 Average Recall     (AR) @[ IoU=0.50:0.95 | area= small | maxDets=100 ] = 0.611
 Average Recall     (AR) @[ IoU=0.50:0.95 | area=medium | maxDets=100 ] = -1.000
 Average Recall     (AR) @[ IoU=0.50:0.95 | area= large | maxDets=100 ] = -1.000
 Average Recall     (AR) @[ IoU=0.50      | area=   all | maxDets=100 ] = 1.000
 Average Recall     (AR) @[ IoU=0.75      | area=   all | maxDets=100 ] = 0.662
best_stat: {'epoch': 10, 'coco_eval_bbox': 0.3732148168999866}
Epoch: [14/30]  [ 0/45]  eta: 0:00:22  lr: 0.000100  loss: 18.2452 (18.2452)  loss_mal: 0.6559 (0.6559)  loss_bbox: 0.0403 (0.0403)  loss_giou: 0.4307 (0.4307)  loss_fgl: 1.2603 (1.2603)  loss_mal_aux_0: 0.7570 (0.7570)  loss_bbox_aux_0: 0.0427 (0.0427)  loss_giou_aux_0: 0.4685 (0.4685)  loss_fgl_aux_0: 1.2706 (1.2706)  loss_ddf_aux_0: 0.0359 (0.0359)  loss_mal_aux_1: 0.6670 (0.6670)  loss_bbox_aux_1: 0.0403 (0.0403)  loss_giou_aux_1: 0.4345 (0.4345)  loss_fgl_aux_1: 1.2602 (1.2602)  loss_ddf_aux_1: 0.0030 (0.0030)  loss_mal_pre: 0.7543 (0.7543)  loss_bbox_pre: 0.0426 (0.0426)  loss_giou_pre: 0.4674 (0.4674)  loss_mal_enc_0: 0.8659 (0.8659)  loss_bbox_enc_0: 0.0444 (0.0444)  loss_giou_enc_0: 0.4689 (0.4689)  loss_mal_dn_0: 0.6972 (0.6972)  loss_bbox_dn_0: 0.0400 (0.0400)  loss_giou_dn_0: 0.4541 (0.4541)  loss_fgl_dn_0: 1.2563 (1.2563)  loss_ddf_dn_0: 0.1982 (0.1982)  loss_mal_dn_1: 0.6271 (0.6271)  loss_bbox_dn_1: 0.0293 (0.0293)  loss_giou_dn_1: 0.3452 (0.3452)  loss_fgl_dn_1: 1.2010 (1.2010)  loss_ddf_dn_1: 0.0049 (0.0049)  loss_mal_dn_2: 0.6198 (0.6198)  loss_bbox_dn_2: 0.0291 (0.0291)  loss_giou_dn_2: 0.3416 (0.3416)  loss_fgl_dn_2: 1.1998 (1.1998)  loss_ddf_dn_2: -0.0000 (0.0000)  loss_mal_dn_pre: 0.6968 (0.6968)  loss_bbox_dn_pre: 0.0399 (0.0399)  loss_giou_dn_pre: 0.4532 (0.4532)  loss_size: 0.0015 (0.0015)  time: 0.4895  data: 0.2478  max mem: 5227
Epoch: [14/30]  [44/45]  eta: 0:00:00  lr: 0.000100  loss: 18.0975 (18.1413)  loss_mal: 0.6657 (0.6633)  loss_bbox: 0.0370 (0.0371)  loss_giou: 0.4470 (0.4418)  loss_fgl: 1.2397 (1.2393)  loss_mal_aux_0: 0.7389 (0.7371)  loss_bbox_aux_0: 0.0386 (0.0387)  loss_giou_aux_0: 0.4698 (0.4609)  loss_fgl_aux_0: 1.2463 (1.2489)  loss_ddf_aux_0: 0.0333 (0.0343)  loss_mal_aux_1: 0.6739 (0.6710)  loss_bbox_aux_1: 0.0373 (0.0372)  loss_giou_aux_1: 0.4430 (0.4423)  loss_fgl_aux_1: 1.2399 (1.2397)  loss_ddf_aux_1: 0.0027 (0.0028)  loss_mal_pre: 0.7372 (0.7362)  loss_bbox_pre: 0.0382 (0.0388)  loss_giou_pre: 0.4693 (0.4606)  loss_mal_enc_0: 0.8611 (0.8661)  loss_bbox_enc_0: 0.0434 (0.0424)  loss_giou_enc_0: 0.5009 (0.5040)  loss_mal_dn_0: 0.7091 (0.7021)  loss_bbox_dn_0: 0.0375 (0.0377)  loss_giou_dn_0: 0.4628 (0.4574)  loss_fgl_dn_0: 1.2432 (1.2474)  loss_ddf_dn_0: 0.1779 (0.1721)  loss_mal_dn_1: 0.6332 (0.6282)  loss_bbox_dn_1: 0.0278 (0.0278)  loss_giou_dn_1: 0.3595 (0.3523)  loss_fgl_dn_1: 1.1848 (1.1844)  loss_ddf_dn_1: 0.0027 (0.0032)  loss_mal_dn_2: 0.6328 (0.6260)  loss_bbox_dn_2: 0.0273 (0.0277)  loss_giou_dn_2: 0.3577 (0.3510)  loss_fgl_dn_2: 1.1836 (1.1836)  loss_ddf_dn_2: -0.0000 (0.0000)  loss_mal_dn_pre: 0.7081 (0.7018)  loss_bbox_dn_pre: 0.0376 (0.0376)  loss_giou_dn_pre: 0.4612 (0.4566)  loss_size: 0.0018 (0.0018)  time: 0.2389  data: 0.0115  max mem: 5227
Epoch: [14/30] Total time: 0:00:11 (0.2473 s / it)
Averaged stats: lr: 0.000100  loss: 18.0975 (18.1413)  loss_mal: 0.6657 (0.6633)  loss_bbox: 0.0370 (0.0371)  loss_giou: 0.4470 (0.4418)  loss_fgl: 1.2397 (1.2393)  loss_mal_aux_0: 0.7389 (0.7371)  loss_bbox_aux_0: 0.0386 (0.0387)  loss_giou_aux_0: 0.4698 (0.4609)  loss_fgl_aux_0: 1.2463 (1.2489)  loss_ddf_aux_0: 0.0333 (0.0343)  loss_mal_aux_1: 0.6739 (0.6710)  loss_bbox_aux_1: 0.0373 (0.0372)  loss_giou_aux_1: 0.4430 (0.4423)  loss_fgl_aux_1: 1.2399 (1.2397)  loss_ddf_aux_1: 0.0027 (0.0028)  loss_mal_pre: 0.7372 (0.7362)  loss_bbox_pre: 0.0382 (0.0388)  loss_giou_pre: 0.4693 (0.4606)  loss_mal_enc_0: 0.8611 (0.8661)  loss_bbox_enc_0: 0.0434 (0.0424)  loss_giou_enc_0: 0.5009 (0.5040)  loss_mal_dn_0: 0.7091 (0.7021)  loss_bbox_dn_0: 0.0375 (0.0377)  loss_giou_dn_0: 0.4628 (0.4574)  loss_fgl_dn_0: 1.2432 (1.2474)  loss_ddf_dn_0: 0.1779 (0.1721)  loss_mal_dn_1: 0.6332 (0.6282)  loss_bbox_dn_1: 0.0278 (0.0278)  loss_giou_dn_1: 0.3595 (0.3523)  loss_fgl_dn_1: 1.1848 (1.1844)  loss_ddf_dn_1: 0.0027 (0.0032)  loss_mal_dn_2: 0.6328 (0.6260)  loss_bbox_dn_2: 0.0273 (0.0277)  loss_giou_dn_2: 0.3577 (0.3510)  loss_fgl_dn_2: 1.1836 (1.1836)  loss_ddf_dn_2: -0.0000 (0.0000)  loss_mal_dn_pre: 0.7081 (0.7018)  loss_bbox_dn_pre: 0.0376 (0.0376)  loss_giou_dn_pre: 0.4612 (0.4566)  loss_size: 0.0018 (0.0018)
Test:  [0/8]  eta: 0:00:02    time: 0.3021  data: 0.2463  max mem: 5227
Test:  [7/8]  eta: 0:00:00    time: 0.0989  data: 0.0431  max mem: 5227
Test: Total time: 0:00:00 (0.1033 s / it)
Metrics: {'f1': 0.9580419580419581, 'precision': 0.9513888888888888, 'recall': 0.9647887323943662, 'iou': 0.653335394475284, 'TPs': 137, 'FPs': 7, 'FNs': 5}
Averaged stats: 
Accumulating evaluation results...
COCOeval_opt.accumulate() finished...
DONE (t=0.01s).
IoU metric: bbox
 Average Precision  (AP) @[ IoU=0.50:0.95 | area=   all | maxDets=100 ] = 0.368
 Average Precision  (AP) @[ IoU=0.50      | area=   all | maxDets=100 ] = 0.937
 Average Precision  (AP) @[ IoU=0.75      | area=   all | maxDets=100 ] = 0.143
 Average Precision  (AP) @[ IoU=0.50:0.95 | area= small | maxDets=100 ] = 0.369
 Average Precision  (AP) @[ IoU=0.50:0.95 | area=medium | maxDets=100 ] = -1.000
 Average Precision  (AP) @[ IoU=0.50:0.95 | area= large | maxDets=100 ] = -1.000
 Average Recall     (AR) @[ IoU=0.50:0.95 | area=   all | maxDets=  1 ] = 0.208
 Average Recall     (AR) @[ IoU=0.50:0.95 | area=   all | maxDets= 10 ] = 0.506
 Average Recall     (AR) @[ IoU=0.50:0.95 | area=   all | maxDets=100 ] = 0.628
 Average Recall     (AR) @[ IoU=0.50:0.95 | area= small | maxDets=100 ] = 0.628
 Average Recall     (AR) @[ IoU=0.50:0.95 | area=medium | maxDets=100 ] = -1.000
 Average Recall     (AR) @[ IoU=0.50:0.95 | area= large | maxDets=100 ] = -1.000
 Average Recall     (AR) @[ IoU=0.50      | area=   all | maxDets=100 ] = 0.993
 Average Recall     (AR) @[ IoU=0.75      | area=   all | maxDets=100 ] = 0.697
best_stat: {'epoch': 10, 'coco_eval_bbox': 0.3732148168999866}
Epoch: [15/30]  [ 0/45]  eta: 0:00:21  lr: 0.000100  loss: 17.6219 (17.6219)  loss_mal: 0.6354 (0.6354)  loss_bbox: 0.0312 (0.0312)  loss_giou: 0.3769 (0.3769)  loss_fgl: 1.2241 (1.2241)  loss_mal_aux_0: 0.7321 (0.7321)  loss_bbox_aux_0: 0.0327 (0.0327)  loss_giou_aux_0: 0.3914 (0.3914)  loss_fgl_aux_0: 1.2440 (1.2440)  loss_ddf_aux_0: 0.0334 (0.0334)  loss_mal_aux_1: 0.6510 (0.6510)  loss_bbox_aux_1: 0.0310 (0.0310)  loss_giou_aux_1: 0.3749 (0.3749)  loss_fgl_aux_1: 1.2229 (1.2229)  loss_ddf_aux_1: 0.0026 (0.0026)  loss_mal_pre: 0.7344 (0.7344)  loss_bbox_pre: 0.0331 (0.0331)  loss_giou_pre: 0.3932 (0.3932)  loss_mal_enc_0: 0.9037 (0.9037)  loss_bbox_enc_0: 0.0371 (0.0371)  loss_giou_enc_0: 0.4832 (0.4832)  loss_mal_dn_0: 0.6923 (0.6923)  loss_bbox_dn_0: 0.0353 (0.0353)  loss_giou_dn_0: 0.4275 (0.4275)  loss_fgl_dn_0: 1.2344 (1.2344)  loss_ddf_dn_0: 0.1565 (0.1565)  loss_mal_dn_1: 0.6263 (0.6263)  loss_bbox_dn_1: 0.0279 (0.0279)  loss_giou_dn_1: 0.3476 (0.3476)  loss_fgl_dn_1: 1.1767 (1.1767)  loss_ddf_dn_1: 0.0026 (0.0026)  loss_mal_dn_2: 0.6199 (0.6199)  loss_bbox_dn_2: 0.0277 (0.0277)  loss_giou_dn_2: 0.3464 (0.3464)  loss_fgl_dn_2: 1.1751 (1.1751)  loss_ddf_dn_2: -0.0000 (0.0000)  loss_mal_dn_pre: 0.6926 (0.6926)  loss_bbox_dn_pre: 0.0357 (0.0357)  loss_giou_dn_pre: 0.4283 (0.4283)  loss_size: 0.0010 (0.0010)  time: 0.4880  data: 0.2493  max mem: 5227
Epoch: [15/30]  [44/45]  eta: 0:00:00  lr: 0.000100  loss: 17.7609 (17.9834)  loss_mal: 0.6537 (0.6606)  loss_bbox: 0.0341 (0.0368)  loss_giou: 0.4317 (0.4318)  loss_fgl: 1.2314 (1.2453)  loss_mal_aux_0: 0.7313 (0.7329)  loss_bbox_aux_0: 0.0356 (0.0379)  loss_giou_aux_0: 0.4477 (0.4447)  loss_fgl_aux_0: 1.2420 (1.2516)  loss_ddf_aux_0: 0.0282 (0.0290)  loss_mal_aux_1: 0.6703 (0.6709)  loss_bbox_aux_1: 0.0343 (0.0369)  loss_giou_aux_1: 0.4341 (0.4326)  loss_fgl_aux_1: 1.2322 (1.2455)  loss_ddf_aux_1: 0.0025 (0.0025)  loss_mal_pre: 0.7310 (0.7315)  loss_bbox_pre: 0.0359 (0.0379)  loss_giou_pre: 0.4517 (0.4446)  loss_mal_enc_0: 0.8321 (0.8495)  loss_bbox_enc_0: 0.0399 (0.0417)  loss_giou_enc_0: 0.4931 (0.4901)  loss_mal_dn_0: 0.6965 (0.6987)  loss_bbox_dn_0: 0.0349 (0.0362)  loss_giou_dn_0: 0.4363 (0.4368)  loss_fgl_dn_0: 1.2327 (1.2453)  loss_ddf_dn_0: 0.1508 (0.1578)  loss_mal_dn_1: 0.6202 (0.6265)  loss_bbox_dn_1: 0.0267 (0.0277)  loss_giou_dn_1: 0.3378 (0.3490)  loss_fgl_dn_1: 1.1755 (1.1879)  loss_ddf_dn_1: 0.0028 (0.0028)  loss_mal_dn_2: 0.6170 (0.6250)  loss_bbox_dn_2: 0.0267 (0.0276)  loss_giou_dn_2: 0.3404 (0.3479)  loss_fgl_dn_2: 1.1749 (1.1874)  loss_ddf_dn_2: -0.0000 (0.0000)  loss_mal_dn_pre: 0.6967 (0.6984)  loss_bbox_dn_pre: 0.0346 (0.0361)  loss_giou_dn_pre: 0.4393 (0.4363)  loss_size: 0.0018 (0.0017)  time: 0.2535  data: 0.0118  max mem: 5227
Epoch: [15/30] Total time: 0:00:11 (0.2640 s / it)
Averaged stats: lr: 0.000100  loss: 17.7609 (17.9834)  loss_mal: 0.6537 (0.6606)  loss_bbox: 0.0341 (0.0368)  loss_giou: 0.4317 (0.4318)  loss_fgl: 1.2314 (1.2453)  loss_mal_aux_0: 0.7313 (0.7329)  loss_bbox_aux_0: 0.0356 (0.0379)  loss_giou_aux_0: 0.4477 (0.4447)  loss_fgl_aux_0: 1.2420 (1.2516)  loss_ddf_aux_0: 0.0282 (0.0290)  loss_mal_aux_1: 0.6703 (0.6709)  loss_bbox_aux_1: 0.0343 (0.0369)  loss_giou_aux_1: 0.4341 (0.4326)  loss_fgl_aux_1: 1.2322 (1.2455)  loss_ddf_aux_1: 0.0025 (0.0025)  loss_mal_pre: 0.7310 (0.7315)  loss_bbox_pre: 0.0359 (0.0379)  loss_giou_pre: 0.4517 (0.4446)  loss_mal_enc_0: 0.8321 (0.8495)  loss_bbox_enc_0: 0.0399 (0.0417)  loss_giou_enc_0: 0.4931 (0.4901)  loss_mal_dn_0: 0.6965 (0.6987)  loss_bbox_dn_0: 0.0349 (0.0362)  loss_giou_dn_0: 0.4363 (0.4368)  loss_fgl_dn_0: 1.2327 (1.2453)  loss_ddf_dn_0: 0.1508 (0.1578)  loss_mal_dn_1: 0.6202 (0.6265)  loss_bbox_dn_1: 0.0267 (0.0277)  loss_giou_dn_1: 0.3378 (0.3490)  loss_fgl_dn_1: 1.1755 (1.1879)  loss_ddf_dn_1: 0.0028 (0.0028)  loss_mal_dn_2: 0.6170 (0.6250)  loss_bbox_dn_2: 0.0267 (0.0276)  loss_giou_dn_2: 0.3404 (0.3479)  loss_fgl_dn_2: 1.1749 (1.1874)  loss_ddf_dn_2: -0.0000 (0.0000)  loss_mal_dn_pre: 0.6967 (0.6984)  loss_bbox_dn_pre: 0.0346 (0.0361)  loss_giou_dn_pre: 0.4393 (0.4363)  loss_size: 0.0018 (0.0017)
Test:  [0/8]  eta: 0:00:02    time: 0.2910  data: 0.2328  max mem: 5227
Test:  [7/8]  eta: 0:00:00    time: 0.0999  data: 0.0410  max mem: 5227
Test: Total time: 0:00:00 (0.1041 s / it)
Metrics: {'f1': 0.951048951048951, 'precision': 0.9444444444444444, 'recall': 0.9577464788732394, 'iou': 0.6460174429416656, 'TPs': 136, 'FPs': 8, 'FNs': 6}
Averaged stats: 
Accumulating evaluation results...
COCOeval_opt.accumulate() finished...
DONE (t=0.01s).
IoU metric: bbox
 Average Precision  (AP) @[ IoU=0.50:0.95 | area=   all | maxDets=100 ] = 0.370
 Average Precision  (AP) @[ IoU=0.50      | area=   all | maxDets=100 ] = 0.932
 Average Precision  (AP) @[ IoU=0.75      | area=   all | maxDets=100 ] = 0.151
 Average Precision  (AP) @[ IoU=0.50:0.95 | area= small | maxDets=100 ] = 0.371
 Average Precision  (AP) @[ IoU=0.50:0.95 | area=medium | maxDets=100 ] = -1.000
 Average Precision  (AP) @[ IoU=0.50:0.95 | area= large | maxDets=100 ] = -1.000
 Average Recall     (AR) @[ IoU=0.50:0.95 | area=   all | maxDets=  1 ] = 0.210
 Average Recall     (AR) @[ IoU=0.50:0.95 | area=   all | maxDets= 10 ] = 0.503
 Average Recall     (AR) @[ IoU=0.50:0.95 | area=   all | maxDets=100 ] = 0.620
 Average Recall     (AR) @[ IoU=0.50:0.95 | area= small | maxDets=100 ] = 0.620
 Average Recall     (AR) @[ IoU=0.50:0.95 | area=medium | maxDets=100 ] = -1.000
 Average Recall     (AR) @[ IoU=0.50:0.95 | area= large | maxDets=100 ] = -1.000
 Average Recall     (AR) @[ IoU=0.50      | area=   all | maxDets=100 ] = 0.993
 Average Recall     (AR) @[ IoU=0.75      | area=   all | maxDets=100 ] = 0.697
best_stat: {'epoch': 10, 'coco_eval_bbox': 0.3732148168999866}
Epoch: [16/30]  [ 0/45]  eta: 0:00:23  lr: 0.000100  loss: 17.4777 (17.4777)  loss_mal: 0.6443 (0.6443)  loss_bbox: 0.0310 (0.0310)  loss_giou: 0.4000 (0.4000)  loss_fgl: 1.2290 (1.2290)  loss_mal_aux_0: 0.7188 (0.7188)  loss_bbox_aux_0: 0.0333 (0.0333)  loss_giou_aux_0: 0.4192 (0.4192)  loss_fgl_aux_0: 1.2382 (1.2382)  loss_ddf_aux_0: 0.0265 (0.0265)  loss_mal_aux_1: 0.6667 (0.6667)  loss_bbox_aux_1: 0.0313 (0.0313)  loss_giou_aux_1: 0.4028 (0.4028)  loss_fgl_aux_1: 1.2311 (1.2311)  loss_ddf_aux_1: 0.0026 (0.0026)  loss_mal_pre: 0.7189 (0.7189)  loss_bbox_pre: 0.0332 (0.0332)  loss_giou_pre: 0.4172 (0.4172)  loss_mal_enc_0: 0.8117 (0.8117)  loss_bbox_enc_0: 0.0357 (0.0357)  loss_giou_enc_0: 0.4588 (0.4588)  loss_mal_dn_0: 0.7003 (0.7003)  loss_bbox_dn_0: 0.0342 (0.0342)  loss_giou_dn_0: 0.4457 (0.4457)  loss_fgl_dn_0: 1.2221 (1.2221)  loss_ddf_dn_0: 0.1605 (0.1605)  loss_mal_dn_1: 0.6116 (0.6116)  loss_bbox_dn_1: 0.0226 (0.0226)  loss_giou_dn_1: 0.3199 (0.3199)  loss_fgl_dn_1: 1.1416 (1.1416)  loss_ddf_dn_1: 0.0025 (0.0025)  loss_mal_dn_2: 0.6065 (0.6065)  loss_bbox_dn_2: 0.0225 (0.0225)  loss_giou_dn_2: 0.3184 (0.3184)  loss_fgl_dn_2: 1.1397 (1.1397)  loss_ddf_dn_2: -0.0000 (0.0000)  loss_mal_dn_pre: 0.6998 (0.6998)  loss_bbox_dn_pre: 0.0339 (0.0339)  loss_giou_dn_pre: 0.4437 (0.4437)  loss_size: 0.0019 (0.0019)  time: 0.5190  data: 0.2413  max mem: 5227
Epoch: [16/30]  [44/45]  eta: 0:00:00  lr: 0.000100  loss: 17.3766 (17.5339)  loss_mal: 0.6385 (0.6458)  loss_bbox: 0.0348 (0.0335)  loss_giou: 0.4018 (0.4011)  loss_fgl: 1.2264 (1.2299)  loss_mal_aux_0: 0.7110 (0.7200)  loss_bbox_aux_0: 0.0354 (0.0351)  loss_giou_aux_0: 0.4198 (0.4172)  loss_fgl_aux_0: 1.2374 (1.2411)  loss_ddf_aux_0: 0.0261 (0.0286)  loss_mal_aux_1: 0.6481 (0.6540)  loss_bbox_aux_1: 0.0347 (0.0336)  loss_giou_aux_1: 0.4006 (0.4021)  loss_fgl_aux_1: 1.2258 (1.2303)  loss_ddf_aux_1: 0.0024 (0.0026)  loss_mal_pre: 0.7068 (0.7190)  loss_bbox_pre: 0.0358 (0.0351)  loss_giou_pre: 0.4178 (0.4170)  loss_mal_enc_0: 0.8378 (0.8324)  loss_bbox_enc_0: 0.0400 (0.0389)  loss_giou_enc_0: 0.4644 (0.4655)  loss_mal_dn_0: 0.6810 (0.6886)  loss_bbox_dn_0: 0.0343 (0.0348)  loss_giou_dn_0: 0.4105 (0.4204)  loss_fgl_dn_0: 1.2348 (1.2391)  loss_ddf_dn_0: 0.1582 (0.1595)  loss_mal_dn_1: 0.6067 (0.6101)  loss_bbox_dn_1: 0.0261 (0.0258)  loss_giou_dn_1: 0.3229 (0.3279)  loss_fgl_dn_1: 1.1696 (1.1694)  loss_ddf_dn_1: 0.0026 (0.0027)  loss_mal_dn_2: 0.6023 (0.6081)  loss_bbox_dn_2: 0.0262 (0.0257)  loss_giou_dn_2: 0.3215 (0.3266)  loss_fgl_dn_2: 1.1682 (1.1686)  loss_ddf_dn_2: -0.0000 (0.0000)  loss_mal_dn_pre: 0.6815 (0.6882)  loss_bbox_dn_pre: 0.0343 (0.0347)  loss_giou_dn_pre: 0.4102 (0.4194)  loss_size: 0.0014 (0.0015)  time: 0.2413  data: 0.0116  max mem: 5227
Epoch: [16/30] Total time: 0:00:11 (0.2577 s / it)
Averaged stats: lr: 0.000100  loss: 17.3766 (17.5339)  loss_mal: 0.6385 (0.6458)  loss_bbox: 0.0348 (0.0335)  loss_giou: 0.4018 (0.4011)  loss_fgl: 1.2264 (1.2299)  loss_mal_aux_0: 0.7110 (0.7200)  loss_bbox_aux_0: 0.0354 (0.0351)  loss_giou_aux_0: 0.4198 (0.4172)  loss_fgl_aux_0: 1.2374 (1.2411)  loss_ddf_aux_0: 0.0261 (0.0286)  loss_mal_aux_1: 0.6481 (0.6540)  loss_bbox_aux_1: 0.0347 (0.0336)  loss_giou_aux_1: 0.4006 (0.4021)  loss_fgl_aux_1: 1.2258 (1.2303)  loss_ddf_aux_1: 0.0024 (0.0026)  loss_mal_pre: 0.7068 (0.7190)  loss_bbox_pre: 0.0358 (0.0351)  loss_giou_pre: 0.4178 (0.4170)  loss_mal_enc_0: 0.8378 (0.8324)  loss_bbox_enc_0: 0.0400 (0.0389)  loss_giou_enc_0: 0.4644 (0.4655)  loss_mal_dn_0: 0.6810 (0.6886)  loss_bbox_dn_0: 0.0343 (0.0348)  loss_giou_dn_0: 0.4105 (0.4204)  loss_fgl_dn_0: 1.2348 (1.2391)  loss_ddf_dn_0: 0.1582 (0.1595)  loss_mal_dn_1: 0.6067 (0.6101)  loss_bbox_dn_1: 0.0261 (0.0258)  loss_giou_dn_1: 0.3229 (0.3279)  loss_fgl_dn_1: 1.1696 (1.1694)  loss_ddf_dn_1: 0.0026 (0.0027)  loss_mal_dn_2: 0.6023 (0.6081)  loss_bbox_dn_2: 0.0262 (0.0257)  loss_giou_dn_2: 0.3215 (0.3266)  loss_fgl_dn_2: 1.1682 (1.1686)  loss_ddf_dn_2: -0.0000 (0.0000)  loss_mal_dn_pre: 0.6815 (0.6882)  loss_bbox_dn_pre: 0.0343 (0.0347)  loss_giou_dn_pre: 0.4102 (0.4194)  loss_size: 0.0014 (0.0015)
Test:  [0/8]  eta: 0:00:02    time: 0.2835  data: 0.2270  max mem: 5227
Test:  [7/8]  eta: 0:00:00    time: 0.1202  data: 0.0417  max mem: 5227
Test: Total time: 0:00:00 (0.1247 s / it)
Metrics: {'f1': 0.9477351916376306, 'precision': 0.9379310344827586, 'recall': 0.9577464788732394, 'iou': 0.6413500676091933, 'TPs': 136, 'FPs': 9, 'FNs': 6}
Averaged stats: 
Accumulating evaluation results...
COCOeval_opt.accumulate() finished...
DONE (t=0.01s).
IoU metric: bbox
 Average Precision  (AP) @[ IoU=0.50:0.95 | area=   all | maxDets=100 ] = 0.368
 Average Precision  (AP) @[ IoU=0.50      | area=   all | maxDets=100 ] = 0.926
 Average Precision  (AP) @[ IoU=0.75      | area=   all | maxDets=100 ] = 0.155
 Average Precision  (AP) @[ IoU=0.50:0.95 | area= small | maxDets=100 ] = 0.368
 Average Precision  (AP) @[ IoU=0.50:0.95 | area=medium | maxDets=100 ] = -1.000
 Average Precision  (AP) @[ IoU=0.50:0.95 | area= large | maxDets=100 ] = -1.000
 Average Recall     (AR) @[ IoU=0.50:0.95 | area=   all | maxDets=  1 ] = 0.206
 Average Recall     (AR) @[ IoU=0.50:0.95 | area=   all | maxDets= 10 ] = 0.510
 Average Recall     (AR) @[ IoU=0.50:0.95 | area=   all | maxDets=100 ] = 0.623
 Average Recall     (AR) @[ IoU=0.50:0.95 | area= small | maxDets=100 ] = 0.623
 Average Recall     (AR) @[ IoU=0.50:0.95 | area=medium | maxDets=100 ] = -1.000
 Average Recall     (AR) @[ IoU=0.50:0.95 | area= large | maxDets=100 ] = -1.000
 Average Recall     (AR) @[ IoU=0.50      | area=   all | maxDets=100 ] = 0.993
 Average Recall     (AR) @[ IoU=0.75      | area=   all | maxDets=100 ] = 0.725
best_stat: {'epoch': 10, 'coco_eval_bbox': 0.3732148168999866}
Epoch: [17/30]  [ 0/45]  eta: 0:00:22  lr: 0.000100  loss: 16.7420 (16.7420)  loss_mal: 0.6077 (0.6077)  loss_bbox: 0.0251 (0.0251)  loss_giou: 0.3389 (0.3389)  loss_fgl: 1.2066 (1.2066)  loss_mal_aux_0: 0.6830 (0.6830)  loss_bbox_aux_0: 0.0283 (0.0283)  loss_giou_aux_0: 0.3678 (0.3678)  loss_fgl_aux_0: 1.2246 (1.2246)  loss_ddf_aux_0: 0.0252 (0.0252)  loss_mal_aux_1: 0.6048 (0.6048)  loss_bbox_aux_1: 0.0254 (0.0254)  loss_giou_aux_1: 0.3402 (0.3402)  loss_fgl_aux_1: 1.2089 (1.2089)  loss_ddf_aux_1: 0.0019 (0.0019)  loss_mal_pre: 0.6841 (0.6841)  loss_bbox_pre: 0.0282 (0.0282)  loss_giou_pre: 0.3661 (0.3661)  loss_mal_enc_0: 0.8382 (0.8382)  loss_bbox_enc_0: 0.0349 (0.0349)  loss_giou_enc_0: 0.4493 (0.4493)  loss_mal_dn_0: 0.6844 (0.6844)  loss_bbox_dn_0: 0.0270 (0.0270)  loss_giou_dn_0: 0.3700 (0.3700)  loss_fgl_dn_0: 1.2218 (1.2218)  loss_ddf_dn_0: 0.1403 (0.1403)  loss_mal_dn_1: 0.5916 (0.5916)  loss_bbox_dn_1: 0.0204 (0.0204)  loss_giou_dn_1: 0.2972 (0.2972)  loss_fgl_dn_1: 1.1552 (1.1552)  loss_ddf_dn_1: 0.0017 (0.0017)  loss_mal_dn_2: 0.5933 (0.5933)  loss_bbox_dn_2: 0.0203 (0.0203)  loss_giou_dn_2: 0.2953 (0.2953)  loss_fgl_dn_2: 1.1539 (1.1539)  loss_ddf_dn_2: -0.0000 (0.0000)  loss_mal_dn_pre: 0.6838 (0.6838)  loss_bbox_dn_pre: 0.0269 (0.0269)  loss_giou_dn_pre: 0.3689 (0.3689)  loss_size: 0.0009 (0.0009)  time: 0.4920  data: 0.2433  max mem: 5227
Epoch: [17/30]  [44/45]  eta: 0:00:00  lr: 0.000100  loss: 17.2473 (17.3798)  loss_mal: 0.6357 (0.6383)  loss_bbox: 0.0308 (0.0327)  loss_giou: 0.3890 (0.3912)  loss_fgl: 1.2147 (1.2264)  loss_mal_aux_0: 0.6929 (0.7110)  loss_bbox_aux_0: 0.0322 (0.0343)  loss_giou_aux_0: 0.4044 (0.4084)  loss_fgl_aux_0: 1.2247 (1.2385)  loss_ddf_aux_0: 0.0293 (0.0312)  loss_mal_aux_1: 0.6439 (0.6472)  loss_bbox_aux_1: 0.0308 (0.0326)  loss_giou_aux_1: 0.3904 (0.3911)  loss_fgl_aux_1: 1.2141 (1.2264)  loss_ddf_aux_1: 0.0026 (0.0029)  loss_mal_pre: 0.6944 (0.7099)  loss_bbox_pre: 0.0322 (0.0343)  loss_giou_pre: 0.4055 (0.4085)  loss_mal_enc_0: 0.8215 (0.8200)  loss_bbox_enc_0: 0.0371 (0.0391)  loss_giou_enc_0: 0.4510 (0.4663)  loss_mal_dn_0: 0.6804 (0.6859)  loss_bbox_dn_0: 0.0321 (0.0337)  loss_giou_dn_0: 0.4000 (0.4091)  loss_fgl_dn_0: 1.2250 (1.2379)  loss_ddf_dn_0: 0.1654 (0.1660)  loss_mal_dn_1: 0.6022 (0.6041)  loss_bbox_dn_1: 0.0244 (0.0252)  loss_giou_dn_1: 0.3183 (0.3202)  loss_fgl_dn_1: 1.1553 (1.1647)  loss_ddf_dn_1: 0.0031 (0.0033)  loss_mal_dn_2: 0.5983 (0.6015)  loss_bbox_dn_2: 0.0242 (0.0251)  loss_giou_dn_2: 0.3164 (0.3189)  loss_fgl_dn_2: 1.1533 (1.1640)  loss_ddf_dn_2: -0.0000 (0.0000)  loss_mal_dn_pre: 0.6801 (0.6858)  loss_bbox_dn_pre: 0.0319 (0.0337)  loss_giou_dn_pre: 0.3993 (0.4089)  loss_size: 0.0013 (0.0014)  time: 0.2390  data: 0.0114  max mem: 5227
Epoch: [17/30] Total time: 0:00:11 (0.2483 s / it)
Averaged stats: lr: 0.000100  loss: 17.2473 (17.3798)  loss_mal: 0.6357 (0.6383)  loss_bbox: 0.0308 (0.0327)  loss_giou: 0.3890 (0.3912)  loss_fgl: 1.2147 (1.2264)  loss_mal_aux_0: 0.6929 (0.7110)  loss_bbox_aux_0: 0.0322 (0.0343)  loss_giou_aux_0: 0.4044 (0.4084)  loss_fgl_aux_0: 1.2247 (1.2385)  loss_ddf_aux_0: 0.0293 (0.0312)  loss_mal_aux_1: 0.6439 (0.6472)  loss_bbox_aux_1: 0.0308 (0.0326)  loss_giou_aux_1: 0.3904 (0.3911)  loss_fgl_aux_1: 1.2141 (1.2264)  loss_ddf_aux_1: 0.0026 (0.0029)  loss_mal_pre: 0.6944 (0.7099)  loss_bbox_pre: 0.0322 (0.0343)  loss_giou_pre: 0.4055 (0.4085)  loss_mal_enc_0: 0.8215 (0.8200)  loss_bbox_enc_0: 0.0371 (0.0391)  loss_giou_enc_0: 0.4510 (0.4663)  loss_mal_dn_0: 0.6804 (0.6859)  loss_bbox_dn_0: 0.0321 (0.0337)  loss_giou_dn_0: 0.4000 (0.4091)  loss_fgl_dn_0: 1.2250 (1.2379)  loss_ddf_dn_0: 0.1654 (0.1660)  loss_mal_dn_1: 0.6022 (0.6041)  loss_bbox_dn_1: 0.0244 (0.0252)  loss_giou_dn_1: 0.3183 (0.3202)  loss_fgl_dn_1: 1.1553 (1.1647)  loss_ddf_dn_1: 0.0031 (0.0033)  loss_mal_dn_2: 0.5983 (0.6015)  loss_bbox_dn_2: 0.0242 (0.0251)  loss_giou_dn_2: 0.3164 (0.3189)  loss_fgl_dn_2: 1.1533 (1.1640)  loss_ddf_dn_2: -0.0000 (0.0000)  loss_mal_dn_pre: 0.6801 (0.6858)  loss_bbox_dn_pre: 0.0319 (0.0337)  loss_giou_dn_pre: 0.3993 (0.4089)  loss_size: 0.0013 (0.0014)
Test:  [0/8]  eta: 0:00:02    time: 0.2859  data: 0.2302  max mem: 5227
Test:  [7/8]  eta: 0:00:00    time: 0.0954  data: 0.0400  max mem: 5227
Test: Total time: 0:00:00 (0.1002 s / it)
Metrics: {'f1': 0.9480968858131488, 'precision': 0.9319727891156463, 'recall': 0.9647887323943662, 'iou': 0.6403994556320342, 'TPs': 137, 'FPs': 10, 'FNs': 5}
Averaged stats: 
Accumulating evaluation results...
COCOeval_opt.accumulate() finished...
DONE (t=0.01s).
IoU metric: bbox
 Average Precision  (AP) @[ IoU=0.50:0.95 | area=   all | maxDets=100 ] = 0.367
 Average Precision  (AP) @[ IoU=0.50      | area=   all | maxDets=100 ] = 0.929
 Average Precision  (AP) @[ IoU=0.75      | area=   all | maxDets=100 ] = 0.156
 Average Precision  (AP) @[ IoU=0.50:0.95 | area= small | maxDets=100 ] = 0.367
 Average Precision  (AP) @[ IoU=0.50:0.95 | area=medium | maxDets=100 ] = -1.000
 Average Precision  (AP) @[ IoU=0.50:0.95 | area= large | maxDets=100 ] = -1.000
 Average Recall     (AR) @[ IoU=0.50:0.95 | area=   all | maxDets=  1 ] = 0.206
 Average Recall     (AR) @[ IoU=0.50:0.95 | area=   all | maxDets= 10 ] = 0.499
 Average Recall     (AR) @[ IoU=0.50:0.95 | area=   all | maxDets=100 ] = 0.621
 Average Recall     (AR) @[ IoU=0.50:0.95 | area= small | maxDets=100 ] = 0.621
 Average Recall     (AR) @[ IoU=0.50:0.95 | area=medium | maxDets=100 ] = -1.000
 Average Recall     (AR) @[ IoU=0.50:0.95 | area= large | maxDets=100 ] = -1.000
 Average Recall     (AR) @[ IoU=0.50      | area=   all | maxDets=100 ] = 0.993
 Average Recall     (AR) @[ IoU=0.75      | area=   all | maxDets=100 ] = 0.718
best_stat: {'epoch': 10, 'coco_eval_bbox': 0.3732148168999866}
Epoch: [18/30]  [ 0/45]  eta: 0:00:21  lr: 0.000100  loss: 18.1270 (18.1270)  loss_mal: 0.6657 (0.6657)  loss_bbox: 0.0364 (0.0364)  loss_giou: 0.4131 (0.4131)  loss_fgl: 1.2780 (1.2780)  loss_mal_aux_0: 0.7271 (0.7271)  loss_bbox_aux_0: 0.0360 (0.0360)  loss_giou_aux_0: 0.4183 (0.4183)  loss_fgl_aux_0: 1.2725 (1.2725)  loss_ddf_aux_0: 0.0310 (0.0310)  loss_mal_aux_1: 0.6874 (0.6874)  loss_bbox_aux_1: 0.0365 (0.0365)  loss_giou_aux_1: 0.4120 (0.4120)  loss_fgl_aux_1: 1.2803 (1.2803)  loss_ddf_aux_1: 0.0026 (0.0026)  loss_mal_pre: 0.7245 (0.7245)  loss_bbox_pre: 0.0357 (0.0357)  loss_giou_pre: 0.4142 (0.4142)  loss_mal_enc_0: 0.8017 (0.8017)  loss_bbox_enc_0: 0.0417 (0.0417)  loss_giou_enc_0: 0.4825 (0.4825)  loss_mal_dn_0: 0.7112 (0.7112)  loss_bbox_dn_0: 0.0377 (0.0377)  loss_giou_dn_0: 0.4593 (0.4593)  loss_fgl_dn_0: 1.2838 (1.2838)  loss_ddf_dn_0: 0.1875 (0.1875)  loss_mal_dn_1: 0.6320 (0.6320)  loss_bbox_dn_1: 0.0288 (0.0288)  loss_giou_dn_1: 0.3550 (0.3550)  loss_fgl_dn_1: 1.2039 (1.2039)  loss_ddf_dn_1: 0.0035 (0.0035)  loss_mal_dn_2: 0.6296 (0.6296)  loss_bbox_dn_2: 0.0288 (0.0288)  loss_giou_dn_2: 0.3551 (0.3551)  loss_fgl_dn_2: 1.2024 (1.2024)  loss_ddf_dn_2: -0.0000 (0.0000)  loss_mal_dn_pre: 0.7105 (0.7105)  loss_bbox_dn_pre: 0.0379 (0.0379)  loss_giou_dn_pre: 0.4614 (0.4614)  loss_size: 0.0018 (0.0018)  time: 0.4778  data: 0.2382  max mem: 5227
Epoch: [18/30]  [44/45]  eta: 0:00:00  lr: 0.000100  loss: 17.1522 (16.9307)  loss_mal: 0.6339 (0.6202)  loss_bbox: 0.0303 (0.0296)  loss_giou: 0.3623 (0.3571)  loss_fgl: 1.2088 (1.2121)  loss_mal_aux_0: 0.6887 (0.6919)  loss_bbox_aux_0: 0.0315 (0.0315)  loss_giou_aux_0: 0.3944 (0.3776)  loss_fgl_aux_0: 1.2241 (1.2272)  loss_ddf_aux_0: 0.0330 (0.0337)  loss_mal_aux_1: 0.6347 (0.6284)  loss_bbox_aux_1: 0.0303 (0.0296)  loss_giou_aux_1: 0.3614 (0.3575)  loss_fgl_aux_1: 1.2088 (1.2128)  loss_ddf_aux_1: 0.0026 (0.0027)  loss_mal_pre: 0.6899 (0.6908)  loss_bbox_pre: 0.0319 (0.0315)  loss_giou_pre: 0.3957 (0.3770)  loss_mal_enc_0: 0.8019 (0.8028)  loss_bbox_enc_0: 0.0339 (0.0356)  loss_giou_enc_0: 0.4341 (0.4322)  loss_mal_dn_0: 0.6827 (0.6773)  loss_bbox_dn_0: 0.0321 (0.0317)  loss_giou_dn_0: 0.4034 (0.3888)  loss_fgl_dn_0: 1.2309 (1.2323)  loss_ddf_dn_0: 0.1773 (0.1745)  loss_mal_dn_1: 0.6006 (0.5916)  loss_bbox_dn_1: 0.0240 (0.0238)  loss_giou_dn_1: 0.3142 (0.3033)  loss_fgl_dn_1: 1.1566 (1.1557)  loss_ddf_dn_1: 0.0037 (0.0036)  loss_mal_dn_2: 0.6001 (0.5891)  loss_bbox_dn_2: 0.0239 (0.0237)  loss_giou_dn_2: 0.3105 (0.3017)  loss_fgl_dn_2: 1.1539 (1.1541)  loss_ddf_dn_2: -0.0000 (0.0000)  loss_mal_dn_pre: 0.6833 (0.6766)  loss_bbox_dn_pre: 0.0324 (0.0316)  loss_giou_dn_pre: 0.4021 (0.3880)  loss_size: 0.0013 (0.0012)  time: 0.2391  data: 0.0116  max mem: 5227
Epoch: [18/30] Total time: 0:00:11 (0.2459 s / it)
Averaged stats: lr: 0.000100  loss: 17.1522 (16.9307)  loss_mal: 0.6339 (0.6202)  loss_bbox: 0.0303 (0.0296)  loss_giou: 0.3623 (0.3571)  loss_fgl: 1.2088 (1.2121)  loss_mal_aux_0: 0.6887 (0.6919)  loss_bbox_aux_0: 0.0315 (0.0315)  loss_giou_aux_0: 0.3944 (0.3776)  loss_fgl_aux_0: 1.2241 (1.2272)  loss_ddf_aux_0: 0.0330 (0.0337)  loss_mal_aux_1: 0.6347 (0.6284)  loss_bbox_aux_1: 0.0303 (0.0296)  loss_giou_aux_1: 0.3614 (0.3575)  loss_fgl_aux_1: 1.2088 (1.2128)  loss_ddf_aux_1: 0.0026 (0.0027)  loss_mal_pre: 0.6899 (0.6908)  loss_bbox_pre: 0.0319 (0.0315)  loss_giou_pre: 0.3957 (0.3770)  loss_mal_enc_0: 0.8019 (0.8028)  loss_bbox_enc_0: 0.0339 (0.0356)  loss_giou_enc_0: 0.4341 (0.4322)  loss_mal_dn_0: 0.6827 (0.6773)  loss_bbox_dn_0: 0.0321 (0.0317)  loss_giou_dn_0: 0.4034 (0.3888)  loss_fgl_dn_0: 1.2309 (1.2323)  loss_ddf_dn_0: 0.1773 (0.1745)  loss_mal_dn_1: 0.6006 (0.5916)  loss_bbox_dn_1: 0.0240 (0.0238)  loss_giou_dn_1: 0.3142 (0.3033)  loss_fgl_dn_1: 1.1566 (1.1557)  loss_ddf_dn_1: 0.0037 (0.0036)  loss_mal_dn_2: 0.6001 (0.5891)  loss_bbox_dn_2: 0.0239 (0.0237)  loss_giou_dn_2: 0.3105 (0.3017)  loss_fgl_dn_2: 1.1539 (1.1541)  loss_ddf_dn_2: -0.0000 (0.0000)  loss_mal_dn_pre: 0.6833 (0.6766)  loss_bbox_dn_pre: 0.0324 (0.0316)  loss_giou_dn_pre: 0.4021 (0.3880)  loss_size: 0.0013 (0.0012)
Test:  [0/8]  eta: 0:00:02    time: 0.2837  data: 0.2272  max mem: 5227
Test:  [7/8]  eta: 0:00:00    time: 0.1207  data: 0.0413  max mem: 5227
Test: Total time: 0:00:00 (0.1245 s / it)
Metrics: {'f1': 0.9411764705882353, 'precision': 0.9251700680272109, 'recall': 0.9577464788732394, 'iou': 0.632396087537404, 'TPs': 136, 'FPs': 11, 'FNs': 6}
Averaged stats: 
Accumulating evaluation results...
COCOeval_opt.accumulate() finished...
DONE (t=0.01s).
IoU metric: bbox
 Average Precision  (AP) @[ IoU=0.50:0.95 | area=   all | maxDets=100 ] = 0.364
 Average Precision  (AP) @[ IoU=0.50      | area=   all | maxDets=100 ] = 0.919
 Average Precision  (AP) @[ IoU=0.75      | area=   all | maxDets=100 ] = 0.160
 Average Precision  (AP) @[ IoU=0.50:0.95 | area= small | maxDets=100 ] = 0.365
 Average Precision  (AP) @[ IoU=0.50:0.95 | area=medium | maxDets=100 ] = -1.000
 Average Precision  (AP) @[ IoU=0.50:0.95 | area= large | maxDets=100 ] = -1.000
 Average Recall     (AR) @[ IoU=0.50:0.95 | area=   all | maxDets=  1 ] = 0.208
 Average Recall     (AR) @[ IoU=0.50:0.95 | area=   all | maxDets= 10 ] = 0.499
 Average Recall     (AR) @[ IoU=0.50:0.95 | area=   all | maxDets=100 ] = 0.614
 Average Recall     (AR) @[ IoU=0.50:0.95 | area= small | maxDets=100 ] = 0.614
 Average Recall     (AR) @[ IoU=0.50:0.95 | area=medium | maxDets=100 ] = -1.000
 Average Recall     (AR) @[ IoU=0.50:0.95 | area= large | maxDets=100 ] = -1.000
 Average Recall     (AR) @[ IoU=0.50      | area=   all | maxDets=100 ] = 0.993
 Average Recall     (AR) @[ IoU=0.75      | area=   all | maxDets=100 ] = 0.690
best_stat: {'epoch': 10, 'coco_eval_bbox': 0.3732148168999866}
Epoch: [19/30]  [ 0/45]  eta: 0:00:21  lr: 0.000100  loss: 15.9614 (15.9614)  loss_mal: 0.5806 (0.5806)  loss_bbox: 0.0268 (0.0268)  loss_giou: 0.2949 (0.2949)  loss_fgl: 1.1837 (1.1837)  loss_mal_aux_0: 0.6580 (0.6580)  loss_bbox_aux_0: 0.0275 (0.0275)  loss_giou_aux_0: 0.3111 (0.3111)  loss_fgl_aux_0: 1.1983 (1.1983)  loss_ddf_aux_0: 0.0362 (0.0362)  loss_mal_aux_1: 0.6087 (0.6087)  loss_bbox_aux_1: 0.0268 (0.0268)  loss_giou_aux_1: 0.2962 (0.2962)  loss_fgl_aux_1: 1.1830 (1.1830)  loss_ddf_aux_1: 0.0032 (0.0032)  loss_mal_pre: 0.6590 (0.6590)  loss_bbox_pre: 0.0275 (0.0275)  loss_giou_pre: 0.3112 (0.3112)  loss_mal_enc_0: 0.7837 (0.7837)  loss_bbox_enc_0: 0.0334 (0.0334)  loss_giou_enc_0: 0.3836 (0.3836)  loss_mal_dn_0: 0.6387 (0.6387)  loss_bbox_dn_0: 0.0282 (0.0282)  loss_giou_dn_0: 0.3300 (0.3300)  loss_fgl_dn_0: 1.2101 (1.2101)  loss_ddf_dn_0: 0.1428 (0.1428)  loss_mal_dn_1: 0.5612 (0.5612)  loss_bbox_dn_1: 0.0231 (0.0231)  loss_giou_dn_1: 0.2692 (0.2692)  loss_fgl_dn_1: 1.1415 (1.1415)  loss_ddf_dn_1: 0.0036 (0.0036)  loss_mal_dn_2: 0.5556 (0.5556)  loss_bbox_dn_2: 0.0228 (0.0228)  loss_giou_dn_2: 0.2665 (0.2665)  loss_fgl_dn_2: 1.1378 (1.1378)  loss_ddf_dn_2: -0.0000 (0.0000)  loss_mal_dn_pre: 0.6395 (0.6395)  loss_bbox_dn_pre: 0.0280 (0.0280)  loss_giou_dn_pre: 0.3288 (0.3288)  loss_size: 0.0008 (0.0008)  time: 0.4735  data: 0.2275  max mem: 5227
Epoch: [19/30]  [44/45]  eta: 0:00:00  lr: 0.000100  loss: 16.9268 (16.7088)  loss_mal: 0.6220 (0.6146)  loss_bbox: 0.0294 (0.0286)  loss_giou: 0.3538 (0.3468)  loss_fgl: 1.2063 (1.2019)  loss_mal_aux_0: 0.6893 (0.6838)  loss_bbox_aux_0: 0.0294 (0.0302)  loss_giou_aux_0: 0.3728 (0.3670)  loss_fgl_aux_0: 1.2163 (1.2163)  loss_ddf_aux_0: 0.0359 (0.0354)  loss_mal_aux_1: 0.6356 (0.6232)  loss_bbox_aux_1: 0.0297 (0.0287)  loss_giou_aux_1: 0.3519 (0.3475)  loss_fgl_aux_1: 1.2073 (1.2018)  loss_ddf_aux_1: 0.0034 (0.0030)  loss_mal_pre: 0.6867 (0.6834)  loss_bbox_pre: 0.0293 (0.0303)  loss_giou_pre: 0.3683 (0.3671)  loss_mal_enc_0: 0.8024 (0.7976)  loss_bbox_enc_0: 0.0359 (0.0353)  loss_giou_enc_0: 0.4345 (0.4258)  loss_mal_dn_0: 0.6751 (0.6714)  loss_bbox_dn_0: 0.0315 (0.0309)  loss_giou_dn_0: 0.3833 (0.3802)  loss_fgl_dn_0: 1.2341 (1.2244)  loss_ddf_dn_0: 0.1798 (0.1679)  loss_mal_dn_1: 0.5930 (0.5823)  loss_bbox_dn_1: 0.0241 (0.0231)  loss_giou_dn_1: 0.2977 (0.2927)  loss_fgl_dn_1: 1.1497 (1.1435)  loss_ddf_dn_1: 0.0050 (0.0045)  loss_mal_dn_2: 0.5846 (0.5798)  loss_bbox_dn_2: 0.0240 (0.0230)  loss_giou_dn_2: 0.2947 (0.2920)  loss_fgl_dn_2: 1.1496 (1.1429)  loss_ddf_dn_2: -0.0000 (0.0000)  loss_mal_dn_pre: 0.6732 (0.6710)  loss_bbox_dn_pre: 0.0317 (0.0308)  loss_giou_dn_pre: 0.3824 (0.3791)  loss_size: 0.0012 (0.0011)  time: 0.2409  data: 0.0121  max mem: 5227
Epoch: [19/30] Total time: 0:00:11 (0.2473 s / it)
Averaged stats: lr: 0.000100  loss: 16.9268 (16.7088)  loss_mal: 0.6220 (0.6146)  loss_bbox: 0.0294 (0.0286)  loss_giou: 0.3538 (0.3468)  loss_fgl: 1.2063 (1.2019)  loss_mal_aux_0: 0.6893 (0.6838)  loss_bbox_aux_0: 0.0294 (0.0302)  loss_giou_aux_0: 0.3728 (0.3670)  loss_fgl_aux_0: 1.2163 (1.2163)  loss_ddf_aux_0: 0.0359 (0.0354)  loss_mal_aux_1: 0.6356 (0.6232)  loss_bbox_aux_1: 0.0297 (0.0287)  loss_giou_aux_1: 0.3519 (0.3475)  loss_fgl_aux_1: 1.2073 (1.2018)  loss_ddf_aux_1: 0.0034 (0.0030)  loss_mal_pre: 0.6867 (0.6834)  loss_bbox_pre: 0.0293 (0.0303)  loss_giou_pre: 0.3683 (0.3671)  loss_mal_enc_0: 0.8024 (0.7976)  loss_bbox_enc_0: 0.0359 (0.0353)  loss_giou_enc_0: 0.4345 (0.4258)  loss_mal_dn_0: 0.6751 (0.6714)  loss_bbox_dn_0: 0.0315 (0.0309)  loss_giou_dn_0: 0.3833 (0.3802)  loss_fgl_dn_0: 1.2341 (1.2244)  loss_ddf_dn_0: 0.1798 (0.1679)  loss_mal_dn_1: 0.5930 (0.5823)  loss_bbox_dn_1: 0.0241 (0.0231)  loss_giou_dn_1: 0.2977 (0.2927)  loss_fgl_dn_1: 1.1497 (1.1435)  loss_ddf_dn_1: 0.0050 (0.0045)  loss_mal_dn_2: 0.5846 (0.5798)  loss_bbox_dn_2: 0.0240 (0.0230)  loss_giou_dn_2: 0.2947 (0.2920)  loss_fgl_dn_2: 1.1496 (1.1429)  loss_ddf_dn_2: -0.0000 (0.0000)  loss_mal_dn_pre: 0.6732 (0.6710)  loss_bbox_dn_pre: 0.0317 (0.0308)  loss_giou_dn_pre: 0.3824 (0.3791)  loss_size: 0.0012 (0.0011)
Test:  [0/8]  eta: 0:00:02    time: 0.2971  data: 0.2408  max mem: 5227
Test:  [7/8]  eta: 0:00:00    time: 0.0985  data: 0.0432  max mem: 5227
Test: Total time: 0:00:00 (0.1026 s / it)
Metrics: {'f1': 0.9347079037800687, 'precision': 0.912751677852349, 'recall': 0.9577464788732394, 'iou': 0.6238403900977104, 'TPs': 136, 'FPs': 13, 'FNs': 6}
Averaged stats: 
Accumulating evaluation results...
COCOeval_opt.accumulate() finished...
DONE (t=0.01s).
IoU metric: bbox
 Average Precision  (AP) @[ IoU=0.50:0.95 | area=   all | maxDets=100 ] = 0.363
 Average Precision  (AP) @[ IoU=0.50      | area=   all | maxDets=100 ] = 0.919
 Average Precision  (AP) @[ IoU=0.75      | area=   all | maxDets=100 ] = 0.154
 Average Precision  (AP) @[ IoU=0.50:0.95 | area= small | maxDets=100 ] = 0.363
 Average Precision  (AP) @[ IoU=0.50:0.95 | area=medium | maxDets=100 ] = -1.000
 Average Precision  (AP) @[ IoU=0.50:0.95 | area= large | maxDets=100 ] = -1.000
 Average Recall     (AR) @[ IoU=0.50:0.95 | area=   all | maxDets=  1 ] = 0.206
 Average Recall     (AR) @[ IoU=0.50:0.95 | area=   all | maxDets= 10 ] = 0.503
 Average Recall     (AR) @[ IoU=0.50:0.95 | area=   all | maxDets=100 ] = 0.613
 Average Recall     (AR) @[ IoU=0.50:0.95 | area= small | maxDets=100 ] = 0.613
 Average Recall     (AR) @[ IoU=0.50:0.95 | area=medium | maxDets=100 ] = -1.000
 Average Recall     (AR) @[ IoU=0.50:0.95 | area= large | maxDets=100 ] = -1.000
 Average Recall     (AR) @[ IoU=0.50      | area=   all | maxDets=100 ] = 0.993
 Average Recall     (AR) @[ IoU=0.75      | area=   all | maxDets=100 ] = 0.662
best_stat: {'epoch': 10, 'coco_eval_bbox': 0.3732148168999866}
Epoch: [20/30]  [ 0/45]  eta: 0:00:21  lr: 0.000100  loss: 16.5062 (16.5062)  loss_mal: 0.6167 (0.6167)  loss_bbox: 0.0265 (0.0265)  loss_giou: 0.3033 (0.3033)  loss_fgl: 1.1731 (1.1731)  loss_mal_aux_0: 0.7535 (0.7535)  loss_bbox_aux_0: 0.0306 (0.0306)  loss_giou_aux_0: 0.3361 (0.3361)  loss_fgl_aux_0: 1.1979 (1.1979)  loss_ddf_aux_0: 0.0358 (0.0358)  loss_mal_aux_1: 0.6225 (0.6225)  loss_bbox_aux_1: 0.0261 (0.0261)  loss_giou_aux_1: 0.3005 (0.3005)  loss_fgl_aux_1: 1.1719 (1.1719)  loss_ddf_aux_1: 0.0029 (0.0029)  loss_mal_pre: 0.7542 (0.7542)  loss_bbox_pre: 0.0305 (0.0305)  loss_giou_pre: 0.3359 (0.3359)  loss_mal_enc_0: 0.8094 (0.8094)  loss_bbox_enc_0: 0.0356 (0.0356)  loss_giou_enc_0: 0.4178 (0.4178)  loss_mal_dn_0: 0.6797 (0.6797)  loss_bbox_dn_0: 0.0321 (0.0321)  loss_giou_dn_0: 0.3723 (0.3723)  loss_fgl_dn_0: 1.2014 (1.2014)  loss_ddf_dn_0: 0.1789 (0.1789)  loss_mal_dn_1: 0.5782 (0.5782)  loss_bbox_dn_1: 0.0222 (0.0222)  loss_giou_dn_1: 0.2767 (0.2767)  loss_fgl_dn_1: 1.1083 (1.1083)  loss_ddf_dn_1: 0.0044 (0.0044)  loss_mal_dn_2: 0.5804 (0.5804)  loss_bbox_dn_2: 0.0223 (0.0223)  loss_giou_dn_2: 0.2775 (0.2775)  loss_fgl_dn_2: 1.1083 (1.1083)  loss_ddf_dn_2: -0.0000 (0.0000)  loss_mal_dn_pre: 0.6788 (0.6788)  loss_bbox_dn_pre: 0.0320 (0.0320)  loss_giou_dn_pre: 0.3710 (0.3710)  loss_size: 0.0010 (0.0010)  time: 0.4715  data: 0.2314  max mem: 5227
Epoch: [20/30]  [44/45]  eta: 0:00:00  lr: 0.000100  loss: 16.8397 (16.7797)  loss_mal: 0.6235 (0.6182)  loss_bbox: 0.0285 (0.0295)  loss_giou: 0.3537 (0.3547)  loss_fgl: 1.2152 (1.2049)  loss_mal_aux_0: 0.6859 (0.6842)  loss_bbox_aux_0: 0.0291 (0.0311)  loss_giou_aux_0: 0.3752 (0.3723)  loss_fgl_aux_0: 1.2242 (1.2214)  loss_ddf_aux_0: 0.0321 (0.0344)  loss_mal_aux_1: 0.6376 (0.6285)  loss_bbox_aux_1: 0.0286 (0.0295)  loss_giou_aux_1: 0.3546 (0.3549)  loss_fgl_aux_1: 1.2147 (1.2053)  loss_ddf_aux_1: 0.0026 (0.0027)  loss_mal_pre: 0.6827 (0.6830)  loss_bbox_pre: 0.0291 (0.0310)  loss_giou_pre: 0.3730 (0.3711)  loss_mal_enc_0: 0.7879 (0.7911)  loss_bbox_enc_0: 0.0333 (0.0359)  loss_giou_enc_0: 0.4177 (0.4305)  loss_mal_dn_0: 0.6728 (0.6696)  loss_bbox_dn_0: 0.0303 (0.0312)  loss_giou_dn_0: 0.3882 (0.3798)  loss_fgl_dn_0: 1.2286 (1.2282)  loss_ddf_dn_0: 0.1721 (0.1671)  loss_mal_dn_1: 0.5898 (0.5867)  loss_bbox_dn_1: 0.0230 (0.0235)  loss_giou_dn_1: 0.2959 (0.2961)  loss_fgl_dn_1: 1.1580 (1.1487)  loss_ddf_dn_1: 0.0043 (0.0044)  loss_mal_dn_2: 0.5849 (0.5842)  loss_bbox_dn_2: 0.0228 (0.0234)  loss_giou_dn_2: 0.2935 (0.2951)  loss_fgl_dn_2: 1.1600 (1.1478)  loss_ddf_dn_2: -0.0000 (0.0000)  loss_mal_dn_pre: 0.6731 (0.6693)  loss_bbox_dn_pre: 0.0301 (0.0310)  loss_giou_dn_pre: 0.3850 (0.3785)  loss_size: 0.0011 (0.0012)  time: 0.2386  data: 0.0115  max mem: 5227
Epoch: [20/30] Total time: 0:00:11 (0.2457 s / it)
Averaged stats: lr: 0.000100  loss: 16.8397 (16.7797)  loss_mal: 0.6235 (0.6182)  loss_bbox: 0.0285 (0.0295)  loss_giou: 0.3537 (0.3547)  loss_fgl: 1.2152 (1.2049)  loss_mal_aux_0: 0.6859 (0.6842)  loss_bbox_aux_0: 0.0291 (0.0311)  loss_giou_aux_0: 0.3752 (0.3723)  loss_fgl_aux_0: 1.2242 (1.2214)  loss_ddf_aux_0: 0.0321 (0.0344)  loss_mal_aux_1: 0.6376 (0.6285)  loss_bbox_aux_1: 0.0286 (0.0295)  loss_giou_aux_1: 0.3546 (0.3549)  loss_fgl_aux_1: 1.2147 (1.2053)  loss_ddf_aux_1: 0.0026 (0.0027)  loss_mal_pre: 0.6827 (0.6830)  loss_bbox_pre: 0.0291 (0.0310)  loss_giou_pre: 0.3730 (0.3711)  loss_mal_enc_0: 0.7879 (0.7911)  loss_bbox_enc_0: 0.0333 (0.0359)  loss_giou_enc_0: 0.4177 (0.4305)  loss_mal_dn_0: 0.6728 (0.6696)  loss_bbox_dn_0: 0.0303 (0.0312)  loss_giou_dn_0: 0.3882 (0.3798)  loss_fgl_dn_0: 1.2286 (1.2282)  loss_ddf_dn_0: 0.1721 (0.1671)  loss_mal_dn_1: 0.5898 (0.5867)  loss_bbox_dn_1: 0.0230 (0.0235)  loss_giou_dn_1: 0.2959 (0.2961)  loss_fgl_dn_1: 1.1580 (1.1487)  loss_ddf_dn_1: 0.0043 (0.0044)  loss_mal_dn_2: 0.5849 (0.5842)  loss_bbox_dn_2: 0.0228 (0.0234)  loss_giou_dn_2: 0.2935 (0.2951)  loss_fgl_dn_2: 1.1600 (1.1478)  loss_ddf_dn_2: -0.0000 (0.0000)  loss_mal_dn_pre: 0.6731 (0.6693)  loss_bbox_dn_pre: 0.0301 (0.0310)  loss_giou_dn_pre: 0.3850 (0.3785)  loss_size: 0.0011 (0.0012)
Test:  [0/8]  eta: 0:00:02    time: 0.2949  data: 0.2335  max mem: 5227
Test:  [7/8]  eta: 0:00:00    time: 0.1227  data: 0.0416  max mem: 5227
Test: Total time: 0:00:01 (0.1272 s / it)
Metrics: {'f1': 0.9347079037800687, 'precision': 0.912751677852349, 'recall': 0.9577464788732394, 'iou': 0.6233421079574093, 'TPs': 136, 'FPs': 13, 'FNs': 6}
Averaged stats: 
Accumulating evaluation results...
COCOeval_opt.accumulate() finished...
DONE (t=0.01s).
IoU metric: bbox
 Average Precision  (AP) @[ IoU=0.50:0.95 | area=   all | maxDets=100 ] = 0.363
 Average Precision  (AP) @[ IoU=0.50      | area=   all | maxDets=100 ] = 0.919
 Average Precision  (AP) @[ IoU=0.75      | area=   all | maxDets=100 ] = 0.154
 Average Precision  (AP) @[ IoU=0.50:0.95 | area= small | maxDets=100 ] = 0.364
 Average Precision  (AP) @[ IoU=0.50:0.95 | area=medium | maxDets=100 ] = -1.000
 Average Precision  (AP) @[ IoU=0.50:0.95 | area= large | maxDets=100 ] = -1.000
 Average Recall     (AR) @[ IoU=0.50:0.95 | area=   all | maxDets=  1 ] = 0.204
 Average Recall     (AR) @[ IoU=0.50:0.95 | area=   all | maxDets= 10 ] = 0.504
 Average Recall     (AR) @[ IoU=0.50:0.95 | area=   all | maxDets=100 ] = 0.608
 Average Recall     (AR) @[ IoU=0.50:0.95 | area= small | maxDets=100 ] = 0.608
 Average Recall     (AR) @[ IoU=0.50:0.95 | area=medium | maxDets=100 ] = -1.000
 Average Recall     (AR) @[ IoU=0.50:0.95 | area= large | maxDets=100 ] = -1.000
 Average Recall     (AR) @[ IoU=0.50      | area=   all | maxDets=100 ] = 0.993
 Average Recall     (AR) @[ IoU=0.75      | area=   all | maxDets=100 ] = 0.676
best_stat: {'epoch': 10, 'coco_eval_bbox': 0.3732148168999866}
Epoch: [21/30]  [ 0/45]  eta: 0:00:21  lr: 0.000100  loss: 16.7427 (16.7427)  loss_mal: 0.6171 (0.6171)  loss_bbox: 0.0256 (0.0256)  loss_giou: 0.3445 (0.3445)  loss_fgl: 1.2059 (1.2059)  loss_mal_aux_0: 0.7071 (0.7071)  loss_bbox_aux_0: 0.0282 (0.0282)  loss_giou_aux_0: 0.3824 (0.3824)  loss_fgl_aux_0: 1.2274 (1.2274)  loss_ddf_aux_0: 0.0374 (0.0374)  loss_mal_aux_1: 0.6344 (0.6344)  loss_bbox_aux_1: 0.0256 (0.0256)  loss_giou_aux_1: 0.3466 (0.3466)  loss_fgl_aux_1: 1.2056 (1.2056)  loss_ddf_aux_1: 0.0029 (0.0029)  loss_mal_pre: 0.7071 (0.7071)  loss_bbox_pre: 0.0282 (0.0282)  loss_giou_pre: 0.3808 (0.3808)  loss_mal_enc_0: 0.7616 (0.7616)  loss_bbox_enc_0: 0.0325 (0.0325)  loss_giou_enc_0: 0.4390 (0.4390)  loss_mal_dn_0: 0.6765 (0.6765)  loss_bbox_dn_0: 0.0297 (0.0297)  loss_giou_dn_0: 0.3989 (0.3989)  loss_fgl_dn_0: 1.2207 (1.2207)  loss_ddf_dn_0: 0.1548 (0.1548)  loss_mal_dn_1: 0.5777 (0.5777)  loss_bbox_dn_1: 0.0203 (0.0203)  loss_giou_dn_1: 0.2825 (0.2825)  loss_fgl_dn_1: 1.1323 (1.1323)  loss_ddf_dn_1: 0.0044 (0.0044)  loss_mal_dn_2: 0.5747 (0.5747)  loss_bbox_dn_2: 0.0201 (0.0201)  loss_giou_dn_2: 0.2801 (0.2801)  loss_fgl_dn_2: 1.1308 (1.1308)  loss_ddf_dn_2: -0.0000 (0.0000)  loss_mal_dn_pre: 0.6756 (0.6756)  loss_bbox_dn_pre: 0.0292 (0.0292)  loss_giou_dn_pre: 0.3938 (0.3938)  loss_size: 0.0011 (0.0011)  time: 0.4815  data: 0.2400  max mem: 5227
Epoch: [21/30]  [44/45]  eta: 0:00:00  lr: 0.000100  loss: 16.0895 (16.2201)  loss_mal: 0.5934 (0.5941)  loss_bbox: 0.0247 (0.0254)  loss_giou: 0.2992 (0.3130)  loss_fgl: 1.1701 (1.1799)  loss_mal_aux_0: 0.6918 (0.6801)  loss_bbox_aux_0: 0.0260 (0.0275)  loss_giou_aux_0: 0.3199 (0.3372)  loss_fgl_aux_0: 1.1917 (1.2030)  loss_ddf_aux_0: 0.0369 (0.0369)  loss_mal_aux_1: 0.6029 (0.6023)  loss_bbox_aux_1: 0.0245 (0.0254)  loss_giou_aux_1: 0.3020 (0.3136)  loss_fgl_aux_1: 1.1734 (1.1809)  loss_ddf_aux_1: 0.0025 (0.0026)  loss_mal_pre: 0.6927 (0.6785)  loss_bbox_pre: 0.0259 (0.0275)  loss_giou_pre: 0.3162 (0.3366)  loss_mal_enc_0: 0.7798 (0.7821)  loss_bbox_enc_0: 0.0307 (0.0327)  loss_giou_enc_0: 0.3809 (0.3989)  loss_mal_dn_0: 0.6515 (0.6591)  loss_bbox_dn_0: 0.0277 (0.0289)  loss_giou_dn_0: 0.3411 (0.3571)  loss_fgl_dn_0: 1.2068 (1.2153)  loss_ddf_dn_0: 0.1875 (0.1754)  loss_mal_dn_1: 0.5619 (0.5646)  loss_bbox_dn_1: 0.0206 (0.0212)  loss_giou_dn_1: 0.2645 (0.2715)  loss_fgl_dn_1: 1.1214 (1.1245)  loss_ddf_dn_1: 0.0054 (0.0049)  loss_mal_dn_2: 0.5600 (0.5617)  loss_bbox_dn_2: 0.0207 (0.0211)  loss_giou_dn_2: 0.2650 (0.2695)  loss_fgl_dn_2: 1.1223 (1.1223)  loss_ddf_dn_2: -0.0000 (0.0000)  loss_mal_dn_pre: 0.6524 (0.6590)  loss_bbox_dn_pre: 0.0275 (0.0288)  loss_giou_dn_pre: 0.3405 (0.3563)  loss_size: 0.0009 (0.0009)  time: 0.2407  data: 0.0116  max mem: 5227
Epoch: [21/30] Total time: 0:00:11 (0.2467 s / it)
Averaged stats: lr: 0.000100  loss: 16.0895 (16.2201)  loss_mal: 0.5934 (0.5941)  loss_bbox: 0.0247 (0.0254)  loss_giou: 0.2992 (0.3130)  loss_fgl: 1.1701 (1.1799)  loss_mal_aux_0: 0.6918 (0.6801)  loss_bbox_aux_0: 0.0260 (0.0275)  loss_giou_aux_0: 0.3199 (0.3372)  loss_fgl_aux_0: 1.1917 (1.2030)  loss_ddf_aux_0: 0.0369 (0.0369)  loss_mal_aux_1: 0.6029 (0.6023)  loss_bbox_aux_1: 0.0245 (0.0254)  loss_giou_aux_1: 0.3020 (0.3136)  loss_fgl_aux_1: 1.1734 (1.1809)  loss_ddf_aux_1: 0.0025 (0.0026)  loss_mal_pre: 0.6927 (0.6785)  loss_bbox_pre: 0.0259 (0.0275)  loss_giou_pre: 0.3162 (0.3366)  loss_mal_enc_0: 0.7798 (0.7821)  loss_bbox_enc_0: 0.0307 (0.0327)  loss_giou_enc_0: 0.3809 (0.3989)  loss_mal_dn_0: 0.6515 (0.6591)  loss_bbox_dn_0: 0.0277 (0.0289)  loss_giou_dn_0: 0.3411 (0.3571)  loss_fgl_dn_0: 1.2068 (1.2153)  loss_ddf_dn_0: 0.1875 (0.1754)  loss_mal_dn_1: 0.5619 (0.5646)  loss_bbox_dn_1: 0.0206 (0.0212)  loss_giou_dn_1: 0.2645 (0.2715)  loss_fgl_dn_1: 1.1214 (1.1245)  loss_ddf_dn_1: 0.0054 (0.0049)  loss_mal_dn_2: 0.5600 (0.5617)  loss_bbox_dn_2: 0.0207 (0.0211)  loss_giou_dn_2: 0.2650 (0.2695)  loss_fgl_dn_2: 1.1223 (1.1223)  loss_ddf_dn_2: -0.0000 (0.0000)  loss_mal_dn_pre: 0.6524 (0.6590)  loss_bbox_dn_pre: 0.0275 (0.0288)  loss_giou_dn_pre: 0.3405 (0.3563)  loss_size: 0.0009 (0.0009)
Test:  [0/8]  eta: 0:00:02    time: 0.3165  data: 0.2592  max mem: 5227
Test:  [7/8]  eta: 0:00:00    time: 0.0982  data: 0.0426  max mem: 5227
Test: Total time: 0:00:00 (0.1026 s / it)
Metrics: {'f1': 0.9283276450511946, 'precision': 0.9006622516556292, 'recall': 0.9577464788732394, 'iou': 0.61577369073394, 'TPs': 136, 'FPs': 15, 'FNs': 6}
Averaged stats: 
Accumulating evaluation results...
COCOeval_opt.accumulate() finished...
DONE (t=0.01s).
IoU metric: bbox
 Average Precision  (AP) @[ IoU=0.50:0.95 | area=   all | maxDets=100 ] = 0.366
 Average Precision  (AP) @[ IoU=0.50      | area=   all | maxDets=100 ] = 0.924
 Average Precision  (AP) @[ IoU=0.75      | area=   all | maxDets=100 ] = 0.162
 Average Precision  (AP) @[ IoU=0.50:0.95 | area= small | maxDets=100 ] = 0.366
 Average Precision  (AP) @[ IoU=0.50:0.95 | area=medium | maxDets=100 ] = -1.000
 Average Precision  (AP) @[ IoU=0.50:0.95 | area= large | maxDets=100 ] = -1.000
 Average Recall     (AR) @[ IoU=0.50:0.95 | area=   all | maxDets=  1 ] = 0.204
 Average Recall     (AR) @[ IoU=0.50:0.95 | area=   all | maxDets= 10 ] = 0.505
 Average Recall     (AR) @[ IoU=0.50:0.95 | area=   all | maxDets=100 ] = 0.618
 Average Recall     (AR) @[ IoU=0.50:0.95 | area= small | maxDets=100 ] = 0.618
 Average Recall     (AR) @[ IoU=0.50:0.95 | area=medium | maxDets=100 ] = -1.000
 Average Recall     (AR) @[ IoU=0.50:0.95 | area= large | maxDets=100 ] = -1.000
 Average Recall     (AR) @[ IoU=0.50      | area=   all | maxDets=100 ] = 1.000
 Average Recall     (AR) @[ IoU=0.75      | area=   all | maxDets=100 ] = 0.704
best_stat: {'epoch': 10, 'coco_eval_bbox': 0.3732148168999866}
Epoch: [22/30]  [ 0/45]  eta: 0:00:21  lr: 0.000100  loss: 16.4855 (16.4855)  loss_mal: 0.5904 (0.5904)  loss_bbox: 0.0272 (0.0272)  loss_giou: 0.3094 (0.3094)  loss_fgl: 1.1645 (1.1645)  loss_mal_aux_0: 0.7401 (0.7401)  loss_bbox_aux_0: 0.0317 (0.0317)  loss_giou_aux_0: 0.3648 (0.3648)  loss_fgl_aux_0: 1.2115 (1.2115)  loss_ddf_aux_0: 0.0466 (0.0466)  loss_mal_aux_1: 0.5927 (0.5927)  loss_bbox_aux_1: 0.0272 (0.0272)  loss_giou_aux_1: 0.3093 (0.3093)  loss_fgl_aux_1: 1.1671 (1.1671)  loss_ddf_aux_1: 0.0034 (0.0034)  loss_mal_pre: 0.7358 (0.7358)  loss_bbox_pre: 0.0315 (0.0315)  loss_giou_pre: 0.3640 (0.3640)  loss_mal_enc_0: 0.7769 (0.7769)  loss_bbox_enc_0: 0.0326 (0.0326)  loss_giou_enc_0: 0.3828 (0.3828)  loss_mal_dn_0: 0.6730 (0.6730)  loss_bbox_dn_0: 0.0333 (0.0333)  loss_giou_dn_0: 0.3863 (0.3863)  loss_fgl_dn_0: 1.2338 (1.2338)  loss_ddf_dn_0: 0.1999 (0.1999)  loss_mal_dn_1: 0.5729 (0.5729)  loss_bbox_dn_1: 0.0226 (0.0226)  loss_giou_dn_1: 0.2754 (0.2754)  loss_fgl_dn_1: 1.1056 (1.1056)  loss_ddf_dn_1: 0.0064 (0.0064)  loss_mal_dn_2: 0.5708 (0.5708)  loss_bbox_dn_2: 0.0225 (0.0225)  loss_giou_dn_2: 0.2745 (0.2745)  loss_fgl_dn_2: 1.1032 (1.1032)  loss_ddf_dn_2: -0.0000 (0.0000)  loss_mal_dn_pre: 0.6737 (0.6737)  loss_bbox_dn_pre: 0.0333 (0.0333)  loss_giou_dn_pre: 0.3878 (0.3878)  loss_size: 0.0010 (0.0010)  time: 0.4719  data: 0.2269  max mem: 5227
Epoch: [22/30]  [44/45]  eta: 0:00:00  lr: 0.000100  loss: 15.8613 (15.9150)  loss_mal: 0.5791 (0.5863)  loss_bbox: 0.0242 (0.0247)  loss_giou: 0.2995 (0.3014)  loss_fgl: 1.1611 (1.1669)  loss_mal_aux_0: 0.6480 (0.6617)  loss_bbox_aux_0: 0.0260 (0.0262)  loss_giou_aux_0: 0.3249 (0.3211)  loss_fgl_aux_0: 1.1832 (1.1867)  loss_ddf_aux_0: 0.0323 (0.0344)  loss_mal_aux_1: 0.5827 (0.5954)  loss_bbox_aux_1: 0.0244 (0.0247)  loss_giou_aux_1: 0.2996 (0.3014)  loss_fgl_aux_1: 1.1641 (1.1676)  loss_ddf_aux_1: 0.0029 (0.0029)  loss_mal_pre: 0.6465 (0.6609)  loss_bbox_pre: 0.0261 (0.0262)  loss_giou_pre: 0.3187 (0.3206)  loss_mal_enc_0: 0.7786 (0.7731)  loss_bbox_enc_0: 0.0319 (0.0320)  loss_giou_enc_0: 0.3967 (0.3905)  loss_mal_dn_0: 0.6483 (0.6491)  loss_bbox_dn_0: 0.0269 (0.0277)  loss_giou_dn_0: 0.3418 (0.3434)  loss_fgl_dn_0: 1.1959 (1.2029)  loss_ddf_dn_0: 0.1702 (0.1696)  loss_mal_dn_1: 0.5515 (0.5543)  loss_bbox_dn_1: 0.0200 (0.0205)  loss_giou_dn_1: 0.2519 (0.2616)  loss_fgl_dn_1: 1.1013 (1.1113)  loss_ddf_dn_1: 0.0062 (0.0055)  loss_mal_dn_2: 0.5486 (0.5521)  loss_bbox_dn_2: 0.0200 (0.0204)  loss_giou_dn_2: 0.2507 (0.2607)  loss_fgl_dn_2: 1.1008 (1.1103)  loss_ddf_dn_2: -0.0000 (0.0000)  loss_mal_dn_pre: 0.6490 (0.6494)  loss_bbox_dn_pre: 0.0266 (0.0277)  loss_giou_dn_pre: 0.3428 (0.3429)  loss_size: 0.0007 (0.0009)  time: 0.2410  data: 0.0117  max mem: 5227
Epoch: [22/30] Total time: 0:00:11 (0.2479 s / it)
Averaged stats: lr: 0.000100  loss: 15.8613 (15.9150)  loss_mal: 0.5791 (0.5863)  loss_bbox: 0.0242 (0.0247)  loss_giou: 0.2995 (0.3014)  loss_fgl: 1.1611 (1.1669)  loss_mal_aux_0: 0.6480 (0.6617)  loss_bbox_aux_0: 0.0260 (0.0262)  loss_giou_aux_0: 0.3249 (0.3211)  loss_fgl_aux_0: 1.1832 (1.1867)  loss_ddf_aux_0: 0.0323 (0.0344)  loss_mal_aux_1: 0.5827 (0.5954)  loss_bbox_aux_1: 0.0244 (0.0247)  loss_giou_aux_1: 0.2996 (0.3014)  loss_fgl_aux_1: 1.1641 (1.1676)  loss_ddf_aux_1: 0.0029 (0.0029)  loss_mal_pre: 0.6465 (0.6609)  loss_bbox_pre: 0.0261 (0.0262)  loss_giou_pre: 0.3187 (0.3206)  loss_mal_enc_0: 0.7786 (0.7731)  loss_bbox_enc_0: 0.0319 (0.0320)  loss_giou_enc_0: 0.3967 (0.3905)  loss_mal_dn_0: 0.6483 (0.6491)  loss_bbox_dn_0: 0.0269 (0.0277)  loss_giou_dn_0: 0.3418 (0.3434)  loss_fgl_dn_0: 1.1959 (1.2029)  loss_ddf_dn_0: 0.1702 (0.1696)  loss_mal_dn_1: 0.5515 (0.5543)  loss_bbox_dn_1: 0.0200 (0.0205)  loss_giou_dn_1: 0.2519 (0.2616)  loss_fgl_dn_1: 1.1013 (1.1113)  loss_ddf_dn_1: 0.0062 (0.0055)  loss_mal_dn_2: 0.5486 (0.5521)  loss_bbox_dn_2: 0.0200 (0.0204)  loss_giou_dn_2: 0.2507 (0.2607)  loss_fgl_dn_2: 1.1008 (1.1103)  loss_ddf_dn_2: -0.0000 (0.0000)  loss_mal_dn_pre: 0.6490 (0.6494)  loss_bbox_dn_pre: 0.0266 (0.0277)  loss_giou_dn_pre: 0.3428 (0.3429)  loss_size: 0.0007 (0.0009)
Test:  [0/8]  eta: 0:00:02    time: 0.2938  data: 0.2385  max mem: 5227
Test:  [7/8]  eta: 0:00:00    time: 0.1223  data: 0.0417  max mem: 5227
Test: Total time: 0:00:01 (0.1274 s / it)
Metrics: {'f1': 0.9347079037800687, 'precision': 0.912751677852349, 'recall': 0.9577464788732394, 'iou': 0.6225965838278493, 'TPs': 136, 'FPs': 13, 'FNs': 6}
Averaged stats: 
Accumulating evaluation results...
COCOeval_opt.accumulate() finished...
DONE (t=0.01s).
IoU metric: bbox
 Average Precision  (AP) @[ IoU=0.50:0.95 | area=   all | maxDets=100 ] = 0.362
 Average Precision  (AP) @[ IoU=0.50      | area=   all | maxDets=100 ] = 0.925
 Average Precision  (AP) @[ IoU=0.75      | area=   all | maxDets=100 ] = 0.158
 Average Precision  (AP) @[ IoU=0.50:0.95 | area= small | maxDets=100 ] = 0.363
 Average Precision  (AP) @[ IoU=0.50:0.95 | area=medium | maxDets=100 ] = -1.000
 Average Precision  (AP) @[ IoU=0.50:0.95 | area= large | maxDets=100 ] = -1.000
 Average Recall     (AR) @[ IoU=0.50:0.95 | area=   all | maxDets=  1 ] = 0.204
 Average Recall     (AR) @[ IoU=0.50:0.95 | area=   all | maxDets= 10 ] = 0.502
 Average Recall     (AR) @[ IoU=0.50:0.95 | area=   all | maxDets=100 ] = 0.615
 Average Recall     (AR) @[ IoU=0.50:0.95 | area= small | maxDets=100 ] = 0.615
 Average Recall     (AR) @[ IoU=0.50:0.95 | area=medium | maxDets=100 ] = -1.000
 Average Recall     (AR) @[ IoU=0.50:0.95 | area= large | maxDets=100 ] = -1.000
 Average Recall     (AR) @[ IoU=0.50      | area=   all | maxDets=100 ] = 0.993
 Average Recall     (AR) @[ IoU=0.75      | area=   all | maxDets=100 ] = 0.690
best_stat: {'epoch': 10, 'coco_eval_bbox': 0.3732148168999866}
Epoch: [23/30]  [ 0/45]  eta: 0:00:21  lr: 0.000100  loss: 14.8426 (14.8426)  loss_mal: 0.5309 (0.5309)  loss_bbox: 0.0165 (0.0165)  loss_giou: 0.2363 (0.2363)  loss_fgl: 1.1075 (1.1075)  loss_mal_aux_0: 0.6250 (0.6250)  loss_bbox_aux_0: 0.0195 (0.0195)  loss_giou_aux_0: 0.2916 (0.2916)  loss_fgl_aux_0: 1.1475 (1.1475)  loss_ddf_aux_0: 0.0395 (0.0395)  loss_mal_aux_1: 0.5560 (0.5560)  loss_bbox_aux_1: 0.0167 (0.0167)  loss_giou_aux_1: 0.2396 (0.2396)  loss_fgl_aux_1: 1.1124 (1.1124)  loss_ddf_aux_1: 0.0025 (0.0025)  loss_mal_pre: 0.6219 (0.6219)  loss_bbox_pre: 0.0193 (0.0193)  loss_giou_pre: 0.2872 (0.2872)  loss_mal_enc_0: 0.7814 (0.7814)  loss_bbox_enc_0: 0.0252 (0.0252)  loss_giou_enc_0: 0.3499 (0.3499)  loss_mal_dn_0: 0.6207 (0.6207)  loss_bbox_dn_0: 0.0202 (0.0202)  loss_giou_dn_0: 0.2984 (0.2984)  loss_fgl_dn_0: 1.1659 (1.1659)  loss_ddf_dn_0: 0.1453 (0.1453)  loss_mal_dn_1: 0.5143 (0.5143)  loss_bbox_dn_1: 0.0149 (0.0149)  loss_giou_dn_1: 0.2198 (0.2198)  loss_fgl_dn_1: 1.0680 (1.0680)  loss_ddf_dn_1: 0.0049 (0.0049)  loss_mal_dn_2: 0.5092 (0.5092)  loss_bbox_dn_2: 0.0147 (0.0147)  loss_giou_dn_2: 0.2158 (0.2158)  loss_fgl_dn_2: 1.0627 (1.0627)  loss_ddf_dn_2: -0.0000 (0.0000)  loss_mal_dn_pre: 0.6221 (0.6221)  loss_bbox_dn_pre: 0.0202 (0.0202)  loss_giou_dn_pre: 0.2985 (0.2985)  loss_size: 0.0004 (0.0004)  time: 0.4882  data: 0.2448  max mem: 5227
Epoch: [23/30]  [44/45]  eta: 0:00:00  lr: 0.000100  loss: 15.4953 (15.7301)  loss_mal: 0.5708 (0.5738)  loss_bbox: 0.0242 (0.0233)  loss_giou: 0.2859 (0.2905)  loss_fgl: 1.1405 (1.1553)  loss_mal_aux_0: 0.6601 (0.6599)  loss_bbox_aux_0: 0.0249 (0.0251)  loss_giou_aux_0: 0.3005 (0.3115)  loss_fgl_aux_0: 1.1691 (1.1787)  loss_ddf_aux_0: 0.0365 (0.0380)  loss_mal_aux_1: 0.5702 (0.5841)  loss_bbox_aux_1: 0.0243 (0.0233)  loss_giou_aux_1: 0.2865 (0.2909)  loss_fgl_aux_1: 1.1456 (1.1561)  loss_ddf_aux_1: 0.0029 (0.0031)  loss_mal_pre: 0.6523 (0.6579)  loss_bbox_pre: 0.0247 (0.0251)  loss_giou_pre: 0.3011 (0.3115)  loss_mal_enc_0: 0.7620 (0.7694)  loss_bbox_enc_0: 0.0296 (0.0311)  loss_giou_enc_0: 0.3666 (0.3801)  loss_mal_dn_0: 0.6340 (0.6443)  loss_bbox_dn_0: 0.0268 (0.0268)  loss_giou_dn_0: 0.3259 (0.3342)  loss_fgl_dn_0: 1.1949 (1.2007)  loss_ddf_dn_0: 0.1685 (0.1688)  loss_mal_dn_1: 0.5417 (0.5499)  loss_bbox_dn_1: 0.0195 (0.0200)  loss_giou_dn_1: 0.2460 (0.2558)  loss_fgl_dn_1: 1.0960 (1.1057)  loss_ddf_dn_1: 0.0055 (0.0055)  loss_mal_dn_2: 0.5365 (0.5464)  loss_bbox_dn_2: 0.0196 (0.0198)  loss_giou_dn_2: 0.2444 (0.2544)  loss_fgl_dn_2: 1.0963 (1.1039)  loss_ddf_dn_2: -0.0000 (0.0000)  loss_mal_dn_pre: 0.6342 (0.6443)  loss_bbox_dn_pre: 0.0268 (0.0268)  loss_giou_dn_pre: 0.3271 (0.3336)  loss_size: 0.0007 (0.0007)  time: 0.2415  data: 0.0117  max mem: 5227
Epoch: [23/30] Total time: 0:00:11 (0.2489 s / it)
Averaged stats: lr: 0.000100  loss: 15.4953 (15.7301)  loss_mal: 0.5708 (0.5738)  loss_bbox: 0.0242 (0.0233)  loss_giou: 0.2859 (0.2905)  loss_fgl: 1.1405 (1.1553)  loss_mal_aux_0: 0.6601 (0.6599)  loss_bbox_aux_0: 0.0249 (0.0251)  loss_giou_aux_0: 0.3005 (0.3115)  loss_fgl_aux_0: 1.1691 (1.1787)  loss_ddf_aux_0: 0.0365 (0.0380)  loss_mal_aux_1: 0.5702 (0.5841)  loss_bbox_aux_1: 0.0243 (0.0233)  loss_giou_aux_1: 0.2865 (0.2909)  loss_fgl_aux_1: 1.1456 (1.1561)  loss_ddf_aux_1: 0.0029 (0.0031)  loss_mal_pre: 0.6523 (0.6579)  loss_bbox_pre: 0.0247 (0.0251)  loss_giou_pre: 0.3011 (0.3115)  loss_mal_enc_0: 0.7620 (0.7694)  loss_bbox_enc_0: 0.0296 (0.0311)  loss_giou_enc_0: 0.3666 (0.3801)  loss_mal_dn_0: 0.6340 (0.6443)  loss_bbox_dn_0: 0.0268 (0.0268)  loss_giou_dn_0: 0.3259 (0.3342)  loss_fgl_dn_0: 1.1949 (1.2007)  loss_ddf_dn_0: 0.1685 (0.1688)  loss_mal_dn_1: 0.5417 (0.5499)  loss_bbox_dn_1: 0.0195 (0.0200)  loss_giou_dn_1: 0.2460 (0.2558)  loss_fgl_dn_1: 1.0960 (1.1057)  loss_ddf_dn_1: 0.0055 (0.0055)  loss_mal_dn_2: 0.5365 (0.5464)  loss_bbox_dn_2: 0.0196 (0.0198)  loss_giou_dn_2: 0.2444 (0.2544)  loss_fgl_dn_2: 1.0963 (1.1039)  loss_ddf_dn_2: -0.0000 (0.0000)  loss_mal_dn_pre: 0.6342 (0.6443)  loss_bbox_dn_pre: 0.0268 (0.0268)  loss_giou_dn_pre: 0.3271 (0.3336)  loss_size: 0.0007 (0.0007)
Test:  [0/8]  eta: 0:00:02    time: 0.2871  data: 0.2305  max mem: 5227
Test:  [7/8]  eta: 0:00:00    time: 0.0969  data: 0.0410  max mem: 5227
Test: Total time: 0:00:00 (0.1014 s / it)
Metrics: {'f1': 0.9347079037800687, 'precision': 0.912751677852349, 'recall': 0.9577464788732394, 'iou': 0.6225113891786145, 'TPs': 136, 'FPs': 13, 'FNs': 6}
Averaged stats: 
Accumulating evaluation results...
COCOeval_opt.accumulate() finished...
DONE (t=0.01s).
IoU metric: bbox
 Average Precision  (AP) @[ IoU=0.50:0.95 | area=   all | maxDets=100 ] = 0.363
 Average Precision  (AP) @[ IoU=0.50      | area=   all | maxDets=100 ] = 0.928
 Average Precision  (AP) @[ IoU=0.75      | area=   all | maxDets=100 ] = 0.159
 Average Precision  (AP) @[ IoU=0.50:0.95 | area= small | maxDets=100 ] = 0.363
 Average Precision  (AP) @[ IoU=0.50:0.95 | area=medium | maxDets=100 ] = -1.000
 Average Precision  (AP) @[ IoU=0.50:0.95 | area= large | maxDets=100 ] = -1.000
 Average Recall     (AR) @[ IoU=0.50:0.95 | area=   all | maxDets=  1 ] = 0.206
 Average Recall     (AR) @[ IoU=0.50:0.95 | area=   all | maxDets= 10 ] = 0.505
 Average Recall     (AR) @[ IoU=0.50:0.95 | area=   all | maxDets=100 ] = 0.606
 Average Recall     (AR) @[ IoU=0.50:0.95 | area= small | maxDets=100 ] = 0.606
 Average Recall     (AR) @[ IoU=0.50:0.95 | area=medium | maxDets=100 ] = -1.000
 Average Recall     (AR) @[ IoU=0.50:0.95 | area= large | maxDets=100 ] = -1.000
 Average Recall     (AR) @[ IoU=0.50      | area=   all | maxDets=100 ] = 0.993
 Average Recall     (AR) @[ IoU=0.75      | area=   all | maxDets=100 ] = 0.669
best_stat: {'epoch': 10, 'coco_eval_bbox': 0.3732148168999866}
Epoch: [24/30]  [ 0/45]  eta: 0:00:21  lr: 0.000010  loss: 15.0603 (15.0603)  loss_mal: 0.5615 (0.5615)  loss_bbox: 0.0223 (0.0223)  loss_giou: 0.2650 (0.2650)  loss_fgl: 1.1217 (1.1217)  loss_mal_aux_0: 0.5938 (0.5938)  loss_bbox_aux_0: 0.0240 (0.0240)  loss_giou_aux_0: 0.2782 (0.2782)  loss_fgl_aux_0: 1.1420 (1.1420)  loss_ddf_aux_0: 0.0357 (0.0357)  loss_mal_aux_1: 0.5651 (0.5651)  loss_bbox_aux_1: 0.0223 (0.0223)  loss_giou_aux_1: 0.2640 (0.2640)  loss_fgl_aux_1: 1.1216 (1.1216)  loss_ddf_aux_1: 0.0030 (0.0030)  loss_mal_pre: 0.5933 (0.5933)  loss_bbox_pre: 0.0237 (0.0237)  loss_giou_pre: 0.2763 (0.2763)  loss_mal_enc_0: 0.7478 (0.7478)  loss_bbox_enc_0: 0.0274 (0.0274)  loss_giou_enc_0: 0.3358 (0.3358)  loss_mal_dn_0: 0.6282 (0.6282)  loss_bbox_dn_0: 0.0268 (0.0268)  loss_giou_dn_0: 0.3198 (0.3198)  loss_fgl_dn_0: 1.1758 (1.1758)  loss_ddf_dn_0: 0.1746 (0.1746)  loss_mal_dn_1: 0.5323 (0.5323)  loss_bbox_dn_1: 0.0192 (0.0192)  loss_giou_dn_1: 0.2370 (0.2370)  loss_fgl_dn_1: 1.0761 (1.0761)  loss_ddf_dn_1: 0.0054 (0.0054)  loss_mal_dn_2: 0.5328 (0.5328)  loss_bbox_dn_2: 0.0192 (0.0192)  loss_giou_dn_2: 0.2378 (0.2378)  loss_fgl_dn_2: 1.0765 (1.0765)  loss_ddf_dn_2: -0.0000 (0.0000)  loss_mal_dn_pre: 0.6287 (0.6287)  loss_bbox_dn_pre: 0.0265 (0.0265)  loss_giou_dn_pre: 0.3182 (0.3182)  loss_size: 0.0007 (0.0007)  time: 0.4731  data: 0.2325  max mem: 5227
Epoch: [24/30]  [44/45]  eta: 0:00:00  lr: 0.000010  loss: 14.4244 (14.7794)  loss_mal: 0.5173 (0.5294)  loss_bbox: 0.0191 (0.0194)  loss_giou: 0.2273 (0.2449)  loss_fgl: 1.0971 (1.1034)  loss_mal_aux_0: 0.6077 (0.6188)  loss_bbox_aux_0: 0.0212 (0.0213)  loss_giou_aux_0: 0.2491 (0.2689)  loss_fgl_aux_0: 1.1293 (1.1364)  loss_ddf_aux_0: 0.0385 (0.0386)  loss_mal_aux_1: 0.5267 (0.5426)  loss_bbox_aux_1: 0.0188 (0.0194)  loss_giou_aux_1: 0.2275 (0.2454)  loss_fgl_aux_1: 1.0949 (1.1046)  loss_ddf_aux_1: 0.0032 (0.0032)  loss_mal_pre: 0.6047 (0.6191)  loss_bbox_pre: 0.0208 (0.0214)  loss_giou_pre: 0.2503 (0.2694)  loss_mal_enc_0: 0.7421 (0.7470)  loss_bbox_enc_0: 0.0259 (0.0280)  loss_giou_enc_0: 0.3184 (0.3460)  loss_mal_dn_0: 0.6080 (0.6182)  loss_bbox_dn_0: 0.0234 (0.0235)  loss_giou_dn_0: 0.2810 (0.2974)  loss_fgl_dn_0: 1.1621 (1.1681)  loss_ddf_dn_0: 0.1661 (0.1721)  loss_mal_dn_1: 0.5006 (0.5138)  loss_bbox_dn_1: 0.0164 (0.0172)  loss_giou_dn_1: 0.2153 (0.2232)  loss_fgl_dn_1: 1.0503 (1.0626)  loss_ddf_dn_1: 0.0053 (0.0054)  loss_mal_dn_2: 0.5005 (0.5102)  loss_bbox_dn_2: 0.0164 (0.0170)  loss_giou_dn_2: 0.2137 (0.2218)  loss_fgl_dn_2: 1.0469 (1.0602)  loss_ddf_dn_2: -0.0000 (0.0000)  loss_mal_dn_pre: 0.6093 (0.6197)  loss_bbox_dn_pre: 0.0234 (0.0235)  loss_giou_dn_pre: 0.2811 (0.2979)  loss_size: 0.0005 (0.0005)  time: 0.2391  data: 0.0117  max mem: 5227
Epoch: [24/30] Total time: 0:00:11 (0.2464 s / it)
Averaged stats: lr: 0.000010  loss: 14.4244 (14.7794)  loss_mal: 0.5173 (0.5294)  loss_bbox: 0.0191 (0.0194)  loss_giou: 0.2273 (0.2449)  loss_fgl: 1.0971 (1.1034)  loss_mal_aux_0: 0.6077 (0.6188)  loss_bbox_aux_0: 0.0212 (0.0213)  loss_giou_aux_0: 0.2491 (0.2689)  loss_fgl_aux_0: 1.1293 (1.1364)  loss_ddf_aux_0: 0.0385 (0.0386)  loss_mal_aux_1: 0.5267 (0.5426)  loss_bbox_aux_1: 0.0188 (0.0194)  loss_giou_aux_1: 0.2275 (0.2454)  loss_fgl_aux_1: 1.0949 (1.1046)  loss_ddf_aux_1: 0.0032 (0.0032)  loss_mal_pre: 0.6047 (0.6191)  loss_bbox_pre: 0.0208 (0.0214)  loss_giou_pre: 0.2503 (0.2694)  loss_mal_enc_0: 0.7421 (0.7470)  loss_bbox_enc_0: 0.0259 (0.0280)  loss_giou_enc_0: 0.3184 (0.3460)  loss_mal_dn_0: 0.6080 (0.6182)  loss_bbox_dn_0: 0.0234 (0.0235)  loss_giou_dn_0: 0.2810 (0.2974)  loss_fgl_dn_0: 1.1621 (1.1681)  loss_ddf_dn_0: 0.1661 (0.1721)  loss_mal_dn_1: 0.5006 (0.5138)  loss_bbox_dn_1: 0.0164 (0.0172)  loss_giou_dn_1: 0.2153 (0.2232)  loss_fgl_dn_1: 1.0503 (1.0626)  loss_ddf_dn_1: 0.0053 (0.0054)  loss_mal_dn_2: 0.5005 (0.5102)  loss_bbox_dn_2: 0.0164 (0.0170)  loss_giou_dn_2: 0.2137 (0.2218)  loss_fgl_dn_2: 1.0469 (1.0602)  loss_ddf_dn_2: -0.0000 (0.0000)  loss_mal_dn_pre: 0.6093 (0.6197)  loss_bbox_dn_pre: 0.0234 (0.0235)  loss_giou_dn_pre: 0.2811 (0.2979)  loss_size: 0.0005 (0.0005)
Test:  [0/8]  eta: 0:00:02    time: 0.2941  data: 0.2354  max mem: 5227
Test:  [7/8]  eta: 0:00:00    time: 0.1217  data: 0.0417  max mem: 5227
Test: Total time: 0:00:01 (0.1258 s / it)
Metrics: {'f1': 0.9347079037800687, 'precision': 0.912751677852349, 'recall': 0.9577464788732394, 'iou': 0.6224379954799529, 'TPs': 136, 'FPs': 13, 'FNs': 6}
Averaged stats: 
Accumulating evaluation results...
COCOeval_opt.accumulate() finished...
DONE (t=0.01s).
IoU metric: bbox
 Average Precision  (AP) @[ IoU=0.50:0.95 | area=   all | maxDets=100 ] = 0.361
 Average Precision  (AP) @[ IoU=0.50      | area=   all | maxDets=100 ] = 0.927
 Average Precision  (AP) @[ IoU=0.75      | area=   all | maxDets=100 ] = 0.160
 Average Precision  (AP) @[ IoU=0.50:0.95 | area= small | maxDets=100 ] = 0.362
 Average Precision  (AP) @[ IoU=0.50:0.95 | area=medium | maxDets=100 ] = -1.000
 Average Precision  (AP) @[ IoU=0.50:0.95 | area= large | maxDets=100 ] = -1.000
 Average Recall     (AR) @[ IoU=0.50:0.95 | area=   all | maxDets=  1 ] = 0.204
 Average Recall     (AR) @[ IoU=0.50:0.95 | area=   all | maxDets= 10 ] = 0.502
 Average Recall     (AR) @[ IoU=0.50:0.95 | area=   all | maxDets=100 ] = 0.609
 Average Recall     (AR) @[ IoU=0.50:0.95 | area= small | maxDets=100 ] = 0.609
 Average Recall     (AR) @[ IoU=0.50:0.95 | area=medium | maxDets=100 ] = -1.000
 Average Recall     (AR) @[ IoU=0.50:0.95 | area= large | maxDets=100 ] = -1.000
 Average Recall     (AR) @[ IoU=0.50      | area=   all | maxDets=100 ] = 0.993
 Average Recall     (AR) @[ IoU=0.75      | area=   all | maxDets=100 ] = 0.683
best_stat: {'epoch': 10, 'coco_eval_bbox': 0.3732148168999866}
Epoch: [25/30]  [ 0/45]  eta: 0:00:21  lr: 0.000010  loss: 15.4423 (15.4423)  loss_mal: 0.5337 (0.5337)  loss_bbox: 0.0304 (0.0304)  loss_giou: 0.2936 (0.2936)  loss_fgl: 1.1637 (1.1637)  loss_mal_aux_0: 0.6153 (0.6153)  loss_bbox_aux_0: 0.0324 (0.0324)  loss_giou_aux_0: 0.3202 (0.3202)  loss_fgl_aux_0: 1.1925 (1.1925)  loss_ddf_aux_0: 0.0413 (0.0413)  loss_mal_aux_1: 0.5504 (0.5504)  loss_bbox_aux_1: 0.0302 (0.0302)  loss_giou_aux_1: 0.2958 (0.2958)  loss_fgl_aux_1: 1.1662 (1.1662)  loss_ddf_aux_1: 0.0031 (0.0031)  loss_mal_pre: 0.6155 (0.6155)  loss_bbox_pre: 0.0330 (0.0330)  loss_giou_pre: 0.3242 (0.3242)  loss_mal_enc_0: 0.7698 (0.7698)  loss_bbox_enc_0: 0.0410 (0.0410)  loss_giou_enc_0: 0.4026 (0.4026)  loss_mal_dn_0: 0.6283 (0.6283)  loss_bbox_dn_0: 0.0278 (0.0278)  loss_giou_dn_0: 0.3018 (0.3018)  loss_fgl_dn_0: 1.1873 (1.1873)  loss_ddf_dn_0: 0.1476 (0.1476)  loss_mal_dn_1: 0.5264 (0.5264)  loss_bbox_dn_1: 0.0208 (0.0208)  loss_giou_dn_1: 0.2327 (0.2327)  loss_fgl_dn_1: 1.0880 (1.0880)  loss_ddf_dn_1: 0.0044 (0.0044)  loss_mal_dn_2: 0.5234 (0.5234)  loss_bbox_dn_2: 0.0207 (0.0207)  loss_giou_dn_2: 0.2306 (0.2306)  loss_fgl_dn_2: 1.0865 (1.0865)  loss_ddf_dn_2: -0.0000 (0.0000)  loss_mal_dn_pre: 0.6291 (0.6291)  loss_bbox_dn_pre: 0.0280 (0.0280)  loss_giou_dn_pre: 0.3036 (0.3036)  loss_size: 0.0006 (0.0006)  time: 0.4826  data: 0.2376  max mem: 5227
Epoch: [25/30]  [44/45]  eta: 0:00:00  lr: 0.000010  loss: 14.3777 (14.5615)  loss_mal: 0.5002 (0.5153)  loss_bbox: 0.0167 (0.0183)  loss_giou: 0.2198 (0.2341)  loss_fgl: 1.0716 (1.0892)  loss_mal_aux_0: 0.6124 (0.6110)  loss_bbox_aux_0: 0.0187 (0.0203)  loss_giou_aux_0: 0.2442 (0.2580)  loss_fgl_aux_0: 1.1083 (1.1276)  loss_ddf_aux_0: 0.0403 (0.0413)  loss_mal_aux_1: 0.5119 (0.5255)  loss_bbox_aux_1: 0.0166 (0.0183)  loss_giou_aux_1: 0.2196 (0.2350)  loss_fgl_aux_1: 1.0682 (1.0906)  loss_ddf_aux_1: 0.0031 (0.0033)  loss_mal_pre: 0.6089 (0.6108)  loss_bbox_pre: 0.0186 (0.0204)  loss_giou_pre: 0.2431 (0.2590)  loss_mal_enc_0: 0.7386 (0.7455)  loss_bbox_enc_0: 0.0248 (0.0273)  loss_giou_enc_0: 0.3221 (0.3367)  loss_mal_dn_0: 0.6067 (0.6147)  loss_bbox_dn_0: 0.0211 (0.0230)  loss_giou_dn_0: 0.2805 (0.2918)  loss_fgl_dn_0: 1.1499 (1.1650)  loss_ddf_dn_0: 0.1763 (0.1776)  loss_mal_dn_1: 0.4857 (0.5038)  loss_bbox_dn_1: 0.0158 (0.0165)  loss_giou_dn_1: 0.1996 (0.2156)  loss_fgl_dn_1: 1.0294 (1.0497)  loss_ddf_dn_1: 0.0057 (0.0056)  loss_mal_dn_2: 0.4852 (0.5001)  loss_bbox_dn_2: 0.0157 (0.0164)  loss_giou_dn_2: 0.1976 (0.2141)  loss_fgl_dn_2: 1.0281 (1.0473)  loss_ddf_dn_2: -0.0000 (0.0000)  loss_mal_dn_pre: 0.6084 (0.6162)  loss_bbox_dn_pre: 0.0212 (0.0231)  loss_giou_dn_pre: 0.2819 (0.2926)  loss_size: 0.0004 (0.0005)  time: 0.2414  data: 0.0116  max mem: 5227
Epoch: [25/30] Total time: 0:00:11 (0.2488 s / it)
Averaged stats: lr: 0.000010  loss: 14.3777 (14.5615)  loss_mal: 0.5002 (0.5153)  loss_bbox: 0.0167 (0.0183)  loss_giou: 0.2198 (0.2341)  loss_fgl: 1.0716 (1.0892)  loss_mal_aux_0: 0.6124 (0.6110)  loss_bbox_aux_0: 0.0187 (0.0203)  loss_giou_aux_0: 0.2442 (0.2580)  loss_fgl_aux_0: 1.1083 (1.1276)  loss_ddf_aux_0: 0.0403 (0.0413)  loss_mal_aux_1: 0.5119 (0.5255)  loss_bbox_aux_1: 0.0166 (0.0183)  loss_giou_aux_1: 0.2196 (0.2350)  loss_fgl_aux_1: 1.0682 (1.0906)  loss_ddf_aux_1: 0.0031 (0.0033)  loss_mal_pre: 0.6089 (0.6108)  loss_bbox_pre: 0.0186 (0.0204)  loss_giou_pre: 0.2431 (0.2590)  loss_mal_enc_0: 0.7386 (0.7455)  loss_bbox_enc_0: 0.0248 (0.0273)  loss_giou_enc_0: 0.3221 (0.3367)  loss_mal_dn_0: 0.6067 (0.6147)  loss_bbox_dn_0: 0.0211 (0.0230)  loss_giou_dn_0: 0.2805 (0.2918)  loss_fgl_dn_0: 1.1499 (1.1650)  loss_ddf_dn_0: 0.1763 (0.1776)  loss_mal_dn_1: 0.4857 (0.5038)  loss_bbox_dn_1: 0.0158 (0.0165)  loss_giou_dn_1: 0.1996 (0.2156)  loss_fgl_dn_1: 1.0294 (1.0497)  loss_ddf_dn_1: 0.0057 (0.0056)  loss_mal_dn_2: 0.4852 (0.5001)  loss_bbox_dn_2: 0.0157 (0.0164)  loss_giou_dn_2: 0.1976 (0.2141)  loss_fgl_dn_2: 1.0281 (1.0473)  loss_ddf_dn_2: -0.0000 (0.0000)  loss_mal_dn_pre: 0.6084 (0.6162)  loss_bbox_dn_pre: 0.0212 (0.0231)  loss_giou_dn_pre: 0.2819 (0.2926)  loss_size: 0.0004 (0.0005)
Test:  [0/8]  eta: 0:00:02    time: 0.2883  data: 0.2328  max mem: 5227
Test:  [7/8]  eta: 0:00:00    time: 0.0975  data: 0.0420  max mem: 5227
Test: Total time: 0:00:00 (0.1014 s / it)
Metrics: {'f1': 0.9383561643835617, 'precision': 0.9133333333333333, 'recall': 0.9647887323943662, 'iou': 0.6271014625026333, 'TPs': 137, 'FPs': 13, 'FNs': 5}
Averaged stats: 
Accumulating evaluation results...
COCOeval_opt.accumulate() finished...
DONE (t=0.01s).
IoU metric: bbox
 Average Precision  (AP) @[ IoU=0.50:0.95 | area=   all | maxDets=100 ] = 0.362
 Average Precision  (AP) @[ IoU=0.50      | area=   all | maxDets=100 ] = 0.926
 Average Precision  (AP) @[ IoU=0.75      | area=   all | maxDets=100 ] = 0.156
 Average Precision  (AP) @[ IoU=0.50:0.95 | area= small | maxDets=100 ] = 0.363
 Average Precision  (AP) @[ IoU=0.50:0.95 | area=medium | maxDets=100 ] = -1.000
 Average Precision  (AP) @[ IoU=0.50:0.95 | area= large | maxDets=100 ] = -1.000
 Average Recall     (AR) @[ IoU=0.50:0.95 | area=   all | maxDets=  1 ] = 0.201
 Average Recall     (AR) @[ IoU=0.50:0.95 | area=   all | maxDets= 10 ] = 0.502
 Average Recall     (AR) @[ IoU=0.50:0.95 | area=   all | maxDets=100 ] = 0.603
 Average Recall     (AR) @[ IoU=0.50:0.95 | area= small | maxDets=100 ] = 0.603
 Average Recall     (AR) @[ IoU=0.50:0.95 | area=medium | maxDets=100 ] = -1.000
 Average Recall     (AR) @[ IoU=0.50:0.95 | area= large | maxDets=100 ] = -1.000
 Average Recall     (AR) @[ IoU=0.50      | area=   all | maxDets=100 ] = 0.993
 Average Recall     (AR) @[ IoU=0.75      | area=   all | maxDets=100 ] = 0.662
best_stat: {'epoch': 10, 'coco_eval_bbox': 0.3732148168999866}
Epoch: [26/30]  [ 0/45]  eta: 0:00:21  lr: 0.000010  loss: 15.4937 (15.4937)  loss_mal: 0.5686 (0.5686)  loss_bbox: 0.0184 (0.0184)  loss_giou: 0.2898 (0.2898)  loss_fgl: 1.1265 (1.1265)  loss_mal_aux_0: 0.6068 (0.6068)  loss_bbox_aux_0: 0.0214 (0.0214)  loss_giou_aux_0: 0.3288 (0.3288)  loss_fgl_aux_0: 1.1605 (1.1605)  loss_ddf_aux_0: 0.0381 (0.0381)  loss_mal_aux_1: 0.5740 (0.5740)  loss_bbox_aux_1: 0.0189 (0.0189)  loss_giou_aux_1: 0.2959 (0.2959)  loss_fgl_aux_1: 1.1248 (1.1248)  loss_ddf_aux_1: 0.0029 (0.0029)  loss_mal_pre: 0.6060 (0.6060)  loss_bbox_pre: 0.0216 (0.0216)  loss_giou_pre: 0.3317 (0.3317)  loss_mal_enc_0: 0.7481 (0.7481)  loss_bbox_enc_0: 0.0260 (0.0260)  loss_giou_enc_0: 0.3850 (0.3850)  loss_mal_dn_0: 0.6456 (0.6456)  loss_bbox_dn_0: 0.0235 (0.0235)  loss_giou_dn_0: 0.3512 (0.3512)  loss_fgl_dn_0: 1.1788 (1.1788)  loss_ddf_dn_0: 0.1811 (0.1811)  loss_mal_dn_1: 0.5461 (0.5461)  loss_bbox_dn_1: 0.0163 (0.0163)  loss_giou_dn_1: 0.2569 (0.2569)  loss_fgl_dn_1: 1.0792 (1.0792)  loss_ddf_dn_1: 0.0053 (0.0053)  loss_mal_dn_2: 0.5428 (0.5428)  loss_bbox_dn_2: 0.0162 (0.0162)  loss_giou_dn_2: 0.2552 (0.2552)  loss_fgl_dn_2: 1.0762 (1.0762)  loss_ddf_dn_2: -0.0000 (0.0000)  loss_mal_dn_pre: 0.6468 (0.6468)  loss_bbox_dn_pre: 0.0236 (0.0236)  loss_giou_dn_pre: 0.3538 (0.3538)  loss_size: 0.0011 (0.0011)  time: 0.4732  data: 0.2263  max mem: 5227
Epoch: [26/30]  [44/45]  eta: 0:00:00  lr: 0.000010  loss: 13.9042 (14.0653)  loss_mal: 0.4890 (0.4937)  loss_bbox: 0.0158 (0.0165)  loss_giou: 0.2006 (0.2111)  loss_fgl: 1.0357 (1.0529)  loss_mal_aux_0: 0.5769 (0.5946)  loss_bbox_aux_0: 0.0182 (0.0188)  loss_giou_aux_0: 0.2300 (0.2375)  loss_fgl_aux_0: 1.0851 (1.0994)  loss_ddf_aux_0: 0.0452 (0.0454)  loss_mal_aux_1: 0.5018 (0.5066)  loss_bbox_aux_1: 0.0160 (0.0166)  loss_giou_aux_1: 0.2020 (0.2120)  loss_fgl_aux_1: 1.0339 (1.0545)  loss_ddf_aux_1: 0.0033 (0.0033)  loss_mal_pre: 0.5772 (0.5937)  loss_bbox_pre: 0.0179 (0.0188)  loss_giou_pre: 0.2324 (0.2377)  loss_mal_enc_0: 0.7415 (0.7385)  loss_bbox_enc_0: 0.0257 (0.0259)  loss_giou_enc_0: 0.3319 (0.3219)  loss_mal_dn_0: 0.5953 (0.6011)  loss_bbox_dn_0: 0.0207 (0.0216)  loss_giou_dn_0: 0.2685 (0.2743)  loss_fgl_dn_0: 1.1375 (1.1457)  loss_ddf_dn_0: 0.1742 (0.1838)  loss_mal_dn_1: 0.4778 (0.4842)  loss_bbox_dn_1: 0.0153 (0.0153)  loss_giou_dn_1: 0.1930 (0.1991)  loss_fgl_dn_1: 1.0175 (1.0225)  loss_ddf_dn_1: 0.0055 (0.0058)  loss_mal_dn_2: 0.4698 (0.4800)  loss_bbox_dn_2: 0.0153 (0.0152)  loss_giou_dn_2: 0.1913 (0.1977)  loss_fgl_dn_2: 1.0149 (1.0197)  loss_ddf_dn_2: -0.0000 (0.0000)  loss_mal_dn_pre: 0.5964 (0.6028)  loss_bbox_dn_pre: 0.0205 (0.0217)  loss_giou_dn_pre: 0.2694 (0.2749)  loss_size: 0.0004 (0.0004)  time: 0.2405  data: 0.0115  max mem: 5227
Epoch: [26/30] Total time: 0:00:11 (0.2478 s / it)
Averaged stats: lr: 0.000010  loss: 13.9042 (14.0653)  loss_mal: 0.4890 (0.4937)  loss_bbox: 0.0158 (0.0165)  loss_giou: 0.2006 (0.2111)  loss_fgl: 1.0357 (1.0529)  loss_mal_aux_0: 0.5769 (0.5946)  loss_bbox_aux_0: 0.0182 (0.0188)  loss_giou_aux_0: 0.2300 (0.2375)  loss_fgl_aux_0: 1.0851 (1.0994)  loss_ddf_aux_0: 0.0452 (0.0454)  loss_mal_aux_1: 0.5018 (0.5066)  loss_bbox_aux_1: 0.0160 (0.0166)  loss_giou_aux_1: 0.2020 (0.2120)  loss_fgl_aux_1: 1.0339 (1.0545)  loss_ddf_aux_1: 0.0033 (0.0033)  loss_mal_pre: 0.5772 (0.5937)  loss_bbox_pre: 0.0179 (0.0188)  loss_giou_pre: 0.2324 (0.2377)  loss_mal_enc_0: 0.7415 (0.7385)  loss_bbox_enc_0: 0.0257 (0.0259)  loss_giou_enc_0: 0.3319 (0.3219)  loss_mal_dn_0: 0.5953 (0.6011)  loss_bbox_dn_0: 0.0207 (0.0216)  loss_giou_dn_0: 0.2685 (0.2743)  loss_fgl_dn_0: 1.1375 (1.1457)  loss_ddf_dn_0: 0.1742 (0.1838)  loss_mal_dn_1: 0.4778 (0.4842)  loss_bbox_dn_1: 0.0153 (0.0153)  loss_giou_dn_1: 0.1930 (0.1991)  loss_fgl_dn_1: 1.0175 (1.0225)  loss_ddf_dn_1: 0.0055 (0.0058)  loss_mal_dn_2: 0.4698 (0.4800)  loss_bbox_dn_2: 0.0153 (0.0152)  loss_giou_dn_2: 0.1913 (0.1977)  loss_fgl_dn_2: 1.0149 (1.0197)  loss_ddf_dn_2: -0.0000 (0.0000)  loss_mal_dn_pre: 0.5964 (0.6028)  loss_bbox_dn_pre: 0.0205 (0.0217)  loss_giou_dn_pre: 0.2694 (0.2749)  loss_size: 0.0004 (0.0004)
Test:  [0/8]  eta: 0:00:02    time: 0.2975  data: 0.2425  max mem: 5227
Test:  [7/8]  eta: 0:00:00    time: 0.1221  data: 0.0417  max mem: 5227
Test: Total time: 0:00:01 (0.1273 s / it)
Metrics: {'f1': 0.9383561643835617, 'precision': 0.9133333333333333, 'recall': 0.9647887323943662, 'iou': 0.627008221995446, 'TPs': 137, 'FPs': 13, 'FNs': 5}
Averaged stats: 
Accumulating evaluation results...
COCOeval_opt.accumulate() finished...
DONE (t=0.01s).
IoU metric: bbox
 Average Precision  (AP) @[ IoU=0.50:0.95 | area=   all | maxDets=100 ] = 0.362
 Average Precision  (AP) @[ IoU=0.50      | area=   all | maxDets=100 ] = 0.925
 Average Precision  (AP) @[ IoU=0.75      | area=   all | maxDets=100 ] = 0.155
 Average Precision  (AP) @[ IoU=0.50:0.95 | area= small | maxDets=100 ] = 0.363
 Average Precision  (AP) @[ IoU=0.50:0.95 | area=medium | maxDets=100 ] = -1.000
 Average Precision  (AP) @[ IoU=0.50:0.95 | area= large | maxDets=100 ] = -1.000
 Average Recall     (AR) @[ IoU=0.50:0.95 | area=   all | maxDets=  1 ] = 0.201
 Average Recall     (AR) @[ IoU=0.50:0.95 | area=   all | maxDets= 10 ] = 0.506
 Average Recall     (AR) @[ IoU=0.50:0.95 | area=   all | maxDets=100 ] = 0.611
 Average Recall     (AR) @[ IoU=0.50:0.95 | area= small | maxDets=100 ] = 0.611
 Average Recall     (AR) @[ IoU=0.50:0.95 | area=medium | maxDets=100 ] = -1.000
 Average Recall     (AR) @[ IoU=0.50:0.95 | area= large | maxDets=100 ] = -1.000
 Average Recall     (AR) @[ IoU=0.50      | area=   all | maxDets=100 ] = 0.993
 Average Recall     (AR) @[ IoU=0.75      | area=   all | maxDets=100 ] = 0.662
best_stat: {'epoch': 10, 'coco_eval_bbox': 0.3732148168999866}
Epoch: [27/30]  [ 0/45]  eta: 0:00:21  lr: 0.000010  loss: 13.7250 (13.7250)  loss_mal: 0.4671 (0.4671)  loss_bbox: 0.0158 (0.0158)  loss_giou: 0.1873 (0.1873)  loss_fgl: 1.0094 (1.0094)  loss_mal_aux_0: 0.6083 (0.6083)  loss_bbox_aux_0: 0.0192 (0.0192)  loss_giou_aux_0: 0.2201 (0.2201)  loss_fgl_aux_0: 1.0790 (1.0790)  loss_ddf_aux_0: 0.0525 (0.0525)  loss_mal_aux_1: 0.4945 (0.4945)  loss_bbox_aux_1: 0.0158 (0.0158)  loss_giou_aux_1: 0.1879 (0.1879)  loss_fgl_aux_1: 1.0109 (1.0109)  loss_ddf_aux_1: 0.0032 (0.0032)  loss_mal_pre: 0.6058 (0.6058)  loss_bbox_pre: 0.0191 (0.0191)  loss_giou_pre: 0.2180 (0.2180)  loss_mal_enc_0: 0.7722 (0.7722)  loss_bbox_enc_0: 0.0258 (0.0258)  loss_giou_enc_0: 0.2845 (0.2845)  loss_mal_dn_0: 0.5886 (0.5886)  loss_bbox_dn_0: 0.0223 (0.0223)  loss_giou_dn_0: 0.2670 (0.2670)  loss_fgl_dn_0: 1.1417 (1.1417)  loss_ddf_dn_0: 0.2130 (0.2130)  loss_mal_dn_1: 0.4665 (0.4665)  loss_bbox_dn_1: 0.0149 (0.0149)  loss_giou_dn_1: 0.1863 (0.1863)  loss_fgl_dn_1: 0.9914 (0.9914)  loss_ddf_dn_1: 0.0065 (0.0065)  loss_mal_dn_2: 0.4633 (0.4633)  loss_bbox_dn_2: 0.0148 (0.0148)  loss_giou_dn_2: 0.1853 (0.1853)  loss_fgl_dn_2: 0.9905 (0.9905)  loss_ddf_dn_2: -0.0000 (0.0000)  loss_mal_dn_pre: 0.5888 (0.5888)  loss_bbox_dn_pre: 0.0222 (0.0222)  loss_giou_dn_pre: 0.2653 (0.2653)  loss_size: 0.0003 (0.0003)  time: 0.4883  data: 0.2444  max mem: 5227
Epoch: [27/30]  [44/45]  eta: 0:00:00  lr: 0.000010  loss: 14.1203 (13.9830)  loss_mal: 0.4869 (0.4886)  loss_bbox: 0.0166 (0.0162)  loss_giou: 0.2047 (0.2073)  loss_fgl: 1.0493 (1.0419)  loss_mal_aux_0: 0.6094 (0.5903)  loss_bbox_aux_0: 0.0191 (0.0184)  loss_giou_aux_0: 0.2310 (0.2336)  loss_fgl_aux_0: 1.0847 (1.0889)  loss_ddf_aux_0: 0.0487 (0.0508)  loss_mal_aux_1: 0.5019 (0.4995)  loss_bbox_aux_1: 0.0164 (0.0162)  loss_giou_aux_1: 0.2039 (0.2078)  loss_fgl_aux_1: 1.0466 (1.0433)  loss_ddf_aux_1: 0.0033 (0.0033)  loss_mal_pre: 0.6105 (0.5898)  loss_bbox_pre: 0.0191 (0.0185)  loss_giou_pre: 0.2308 (0.2346)  loss_mal_enc_0: 0.7375 (0.7415)  loss_bbox_enc_0: 0.0244 (0.0260)  loss_giou_enc_0: 0.3066 (0.3213)  loss_mal_dn_0: 0.5968 (0.5991)  loss_bbox_dn_0: 0.0209 (0.0214)  loss_giou_dn_0: 0.2661 (0.2723)  loss_fgl_dn_0: 1.1383 (1.1445)  loss_ddf_dn_0: 0.1984 (0.1973)  loss_mal_dn_1: 0.4799 (0.4806)  loss_bbox_dn_1: 0.0157 (0.0151)  loss_giou_dn_1: 0.1971 (0.1970)  loss_fgl_dn_1: 1.0291 (1.0155)  loss_ddf_dn_1: 0.0062 (0.0062)  loss_mal_dn_2: 0.4762 (0.4769)  loss_bbox_dn_2: 0.0155 (0.0150)  loss_giou_dn_2: 0.1954 (0.1956)  loss_fgl_dn_2: 1.0262 (1.0124)  loss_ddf_dn_2: -0.0000 (0.0000)  loss_mal_dn_pre: 0.5991 (0.6011)  loss_bbox_dn_pre: 0.0211 (0.0215)  loss_giou_dn_pre: 0.2662 (0.2735)  loss_size: 0.0004 (0.0004)  time: 0.2390  data: 0.0115  max mem: 5227
Epoch: [27/30] Total time: 0:00:11 (0.2460 s / it)
Averaged stats: lr: 0.000010  loss: 14.1203 (13.9830)  loss_mal: 0.4869 (0.4886)  loss_bbox: 0.0166 (0.0162)  loss_giou: 0.2047 (0.2073)  loss_fgl: 1.0493 (1.0419)  loss_mal_aux_0: 0.6094 (0.5903)  loss_bbox_aux_0: 0.0191 (0.0184)  loss_giou_aux_0: 0.2310 (0.2336)  loss_fgl_aux_0: 1.0847 (1.0889)  loss_ddf_aux_0: 0.0487 (0.0508)  loss_mal_aux_1: 0.5019 (0.4995)  loss_bbox_aux_1: 0.0164 (0.0162)  loss_giou_aux_1: 0.2039 (0.2078)  loss_fgl_aux_1: 1.0466 (1.0433)  loss_ddf_aux_1: 0.0033 (0.0033)  loss_mal_pre: 0.6105 (0.5898)  loss_bbox_pre: 0.0191 (0.0185)  loss_giou_pre: 0.2308 (0.2346)  loss_mal_enc_0: 0.7375 (0.7415)  loss_bbox_enc_0: 0.0244 (0.0260)  loss_giou_enc_0: 0.3066 (0.3213)  loss_mal_dn_0: 0.5968 (0.5991)  loss_bbox_dn_0: 0.0209 (0.0214)  loss_giou_dn_0: 0.2661 (0.2723)  loss_fgl_dn_0: 1.1383 (1.1445)  loss_ddf_dn_0: 0.1984 (0.1973)  loss_mal_dn_1: 0.4799 (0.4806)  loss_bbox_dn_1: 0.0157 (0.0151)  loss_giou_dn_1: 0.1971 (0.1970)  loss_fgl_dn_1: 1.0291 (1.0155)  loss_ddf_dn_1: 0.0062 (0.0062)  loss_mal_dn_2: 0.4762 (0.4769)  loss_bbox_dn_2: 0.0155 (0.0150)  loss_giou_dn_2: 0.1954 (0.1956)  loss_fgl_dn_2: 1.0262 (1.0124)  loss_ddf_dn_2: -0.0000 (0.0000)  loss_mal_dn_pre: 0.5991 (0.6011)  loss_bbox_dn_pre: 0.0211 (0.0215)  loss_giou_dn_pre: 0.2662 (0.2735)  loss_size: 0.0004 (0.0004)
Test:  [0/8]  eta: 0:00:02    time: 0.2983  data: 0.2406  max mem: 5227
Test:  [7/8]  eta: 0:00:00    time: 0.0959  data: 0.0403  max mem: 5227
Test: Total time: 0:00:00 (0.0998 s / it)
Metrics: {'f1': 0.9415807560137458, 'precision': 0.9194630872483222, 'recall': 0.9647887323943662, 'iou': 0.6308950882453424, 'TPs': 137, 'FPs': 12, 'FNs': 5}
Averaged stats: 
Accumulating evaluation results...
COCOeval_opt.accumulate() finished...
DONE (t=0.01s).
IoU metric: bbox
 Average Precision  (AP) @[ IoU=0.50:0.95 | area=   all | maxDets=100 ] = 0.360
 Average Precision  (AP) @[ IoU=0.50      | area=   all | maxDets=100 ] = 0.922
 Average Precision  (AP) @[ IoU=0.75      | area=   all | maxDets=100 ] = 0.157
 Average Precision  (AP) @[ IoU=0.50:0.95 | area= small | maxDets=100 ] = 0.360
 Average Precision  (AP) @[ IoU=0.50:0.95 | area=medium | maxDets=100 ] = -1.000
 Average Precision  (AP) @[ IoU=0.50:0.95 | area= large | maxDets=100 ] = -1.000
 Average Recall     (AR) @[ IoU=0.50:0.95 | area=   all | maxDets=  1 ] = 0.200
 Average Recall     (AR) @[ IoU=0.50:0.95 | area=   all | maxDets= 10 ] = 0.500
 Average Recall     (AR) @[ IoU=0.50:0.95 | area=   all | maxDets=100 ] = 0.613
 Average Recall     (AR) @[ IoU=0.50:0.95 | area= small | maxDets=100 ] = 0.613
 Average Recall     (AR) @[ IoU=0.50:0.95 | area=medium | maxDets=100 ] = -1.000
 Average Recall     (AR) @[ IoU=0.50:0.95 | area= large | maxDets=100 ] = -1.000
 Average Recall     (AR) @[ IoU=0.50      | area=   all | maxDets=100 ] = 0.993
 Average Recall     (AR) @[ IoU=0.75      | area=   all | maxDets=100 ] = 0.697
best_stat: {'epoch': 10, 'coco_eval_bbox': 0.3732148168999866}
Epoch: [28/30]  [ 0/45]  eta: 0:00:21  lr: 0.000010  loss: 12.7182 (12.7182)  loss_mal: 0.4110 (0.4110)  loss_bbox: 0.0135 (0.0135)  loss_giou: 0.1645 (0.1645)  loss_fgl: 0.9549 (0.9549)  loss_mal_aux_0: 0.5061 (0.5061)  loss_bbox_aux_0: 0.0163 (0.0163)  loss_giou_aux_0: 0.1923 (0.1923)  loss_fgl_aux_0: 1.0159 (1.0159)  loss_ddf_aux_0: 0.0562 (0.0562)  loss_mal_aux_1: 0.4172 (0.4172)  loss_bbox_aux_1: 0.0137 (0.0137)  loss_giou_aux_1: 0.1676 (0.1676)  loss_fgl_aux_1: 0.9525 (0.9525)  loss_ddf_aux_1: 0.0041 (0.0041)  loss_mal_pre: 0.5088 (0.5088)  loss_bbox_pre: 0.0165 (0.0165)  loss_giou_pre: 0.1939 (0.1939)  loss_mal_enc_0: 0.7266 (0.7266)  loss_bbox_enc_0: 0.0303 (0.0303)  loss_giou_enc_0: 0.3267 (0.3267)  loss_mal_dn_0: 0.5676 (0.5676)  loss_bbox_dn_0: 0.0212 (0.0212)  loss_giou_dn_0: 0.2473 (0.2473)  loss_fgl_dn_0: 1.0920 (1.0920)  loss_ddf_dn_0: 0.2071 (0.2071)  loss_mal_dn_1: 0.4311 (0.4311)  loss_bbox_dn_1: 0.0132 (0.0132)  loss_giou_dn_1: 0.1565 (0.1565)  loss_fgl_dn_1: 0.9267 (0.9267)  loss_ddf_dn_1: 0.0068 (0.0068)  loss_mal_dn_2: 0.4266 (0.4266)  loss_bbox_dn_2: 0.0131 (0.0131)  loss_giou_dn_2: 0.1557 (0.1557)  loss_fgl_dn_2: 0.9251 (0.9251)  loss_ddf_dn_2: -0.0000 (0.0000)  loss_mal_dn_pre: 0.5700 (0.5700)  loss_bbox_dn_pre: 0.0213 (0.0213)  loss_giou_dn_pre: 0.2482 (0.2482)  loss_size: 0.0002 (0.0002)  time: 0.4768  data: 0.2384  max mem: 5227
Epoch: [28/30]  [44/45]  eta: 0:00:00  lr: 0.000010  loss: 13.6441 (13.7550)  loss_mal: 0.4772 (0.4763)  loss_bbox: 0.0149 (0.0155)  loss_giou: 0.1953 (0.1972)  loss_fgl: 1.0129 (1.0283)  loss_mal_aux_0: 0.5708 (0.5828)  loss_bbox_aux_0: 0.0172 (0.0178)  loss_giou_aux_0: 0.2150 (0.2237)  loss_fgl_aux_0: 1.0625 (1.0777)  loss_ddf_aux_0: 0.0519 (0.0521)  loss_mal_aux_1: 0.4824 (0.4872)  loss_bbox_aux_1: 0.0151 (0.0155)  loss_giou_aux_1: 0.1968 (0.1972)  loss_fgl_aux_1: 1.0136 (1.0293)  loss_ddf_aux_1: 0.0033 (0.0034)  loss_mal_pre: 0.5715 (0.5818)  loss_bbox_pre: 0.0171 (0.0179)  loss_giou_pre: 0.2167 (0.2244)  loss_mal_enc_0: 0.7224 (0.7335)  loss_bbox_enc_0: 0.0254 (0.0257)  loss_giou_enc_0: 0.3105 (0.3154)  loss_mal_dn_0: 0.5897 (0.5919)  loss_bbox_dn_0: 0.0207 (0.0209)  loss_giou_dn_0: 0.2588 (0.2656)  loss_fgl_dn_0: 1.1361 (1.1384)  loss_ddf_dn_0: 0.2081 (0.2040)  loss_mal_dn_1: 0.4712 (0.4698)  loss_bbox_dn_1: 0.0141 (0.0145)  loss_giou_dn_1: 0.1887 (0.1887)  loss_fgl_dn_1: 0.9885 (1.0031)  loss_ddf_dn_1: 0.0062 (0.0064)  loss_mal_dn_2: 0.4640 (0.4660)  loss_bbox_dn_2: 0.0141 (0.0144)  loss_giou_dn_2: 0.1856 (0.1873)  loss_fgl_dn_2: 0.9853 (0.9998)  loss_ddf_dn_2: -0.0000 (0.0000)  loss_mal_dn_pre: 0.5925 (0.5938)  loss_bbox_dn_pre: 0.0209 (0.0210)  loss_giou_dn_pre: 0.2603 (0.2665)  loss_size: 0.0003 (0.0004)  time: 0.2408  data: 0.0116  max mem: 5227
Epoch: [28/30] Total time: 0:00:11 (0.2463 s / it)
Averaged stats: lr: 0.000010  loss: 13.6441 (13.7550)  loss_mal: 0.4772 (0.4763)  loss_bbox: 0.0149 (0.0155)  loss_giou: 0.1953 (0.1972)  loss_fgl: 1.0129 (1.0283)  loss_mal_aux_0: 0.5708 (0.5828)  loss_bbox_aux_0: 0.0172 (0.0178)  loss_giou_aux_0: 0.2150 (0.2237)  loss_fgl_aux_0: 1.0625 (1.0777)  loss_ddf_aux_0: 0.0519 (0.0521)  loss_mal_aux_1: 0.4824 (0.4872)  loss_bbox_aux_1: 0.0151 (0.0155)  loss_giou_aux_1: 0.1968 (0.1972)  loss_fgl_aux_1: 1.0136 (1.0293)  loss_ddf_aux_1: 0.0033 (0.0034)  loss_mal_pre: 0.5715 (0.5818)  loss_bbox_pre: 0.0171 (0.0179)  loss_giou_pre: 0.2167 (0.2244)  loss_mal_enc_0: 0.7224 (0.7335)  loss_bbox_enc_0: 0.0254 (0.0257)  loss_giou_enc_0: 0.3105 (0.3154)  loss_mal_dn_0: 0.5897 (0.5919)  loss_bbox_dn_0: 0.0207 (0.0209)  loss_giou_dn_0: 0.2588 (0.2656)  loss_fgl_dn_0: 1.1361 (1.1384)  loss_ddf_dn_0: 0.2081 (0.2040)  loss_mal_dn_1: 0.4712 (0.4698)  loss_bbox_dn_1: 0.0141 (0.0145)  loss_giou_dn_1: 0.1887 (0.1887)  loss_fgl_dn_1: 0.9885 (1.0031)  loss_ddf_dn_1: 0.0062 (0.0064)  loss_mal_dn_2: 0.4640 (0.4660)  loss_bbox_dn_2: 0.0141 (0.0144)  loss_giou_dn_2: 0.1856 (0.1873)  loss_fgl_dn_2: 0.9853 (0.9998)  loss_ddf_dn_2: -0.0000 (0.0000)  loss_mal_dn_pre: 0.5925 (0.5938)  loss_bbox_dn_pre: 0.0209 (0.0210)  loss_giou_dn_pre: 0.2603 (0.2665)  loss_size: 0.0003 (0.0004)
Test:  [0/8]  eta: 0:00:02    time: 0.2980  data: 0.2410  max mem: 5227
Test:  [7/8]  eta: 0:00:00    time: 0.1211  data: 0.0434  max mem: 5227
Test: Total time: 0:00:01 (0.1252 s / it)
Metrics: {'f1': 0.9383561643835617, 'precision': 0.9133333333333333, 'recall': 0.9647887323943662, 'iou': 0.6266376406915726, 'TPs': 137, 'FPs': 13, 'FNs': 5}
Averaged stats: 
Accumulating evaluation results...
COCOeval_opt.accumulate() finished...
DONE (t=0.01s).
IoU metric: bbox
 Average Precision  (AP) @[ IoU=0.50:0.95 | area=   all | maxDets=100 ] = 0.361
 Average Precision  (AP) @[ IoU=0.50      | area=   all | maxDets=100 ] = 0.923
 Average Precision  (AP) @[ IoU=0.75      | area=   all | maxDets=100 ] = 0.156
 Average Precision  (AP) @[ IoU=0.50:0.95 | area= small | maxDets=100 ] = 0.361
 Average Precision  (AP) @[ IoU=0.50:0.95 | area=medium | maxDets=100 ] = -1.000
 Average Precision  (AP) @[ IoU=0.50:0.95 | area= large | maxDets=100 ] = -1.000
 Average Recall     (AR) @[ IoU=0.50:0.95 | area=   all | maxDets=  1 ] = 0.202
 Average Recall     (AR) @[ IoU=0.50:0.95 | area=   all | maxDets= 10 ] = 0.502
 Average Recall     (AR) @[ IoU=0.50:0.95 | area=   all | maxDets=100 ] = 0.616
 Average Recall     (AR) @[ IoU=0.50:0.95 | area= small | maxDets=100 ] = 0.616
 Average Recall     (AR) @[ IoU=0.50:0.95 | area=medium | maxDets=100 ] = -1.000
 Average Recall     (AR) @[ IoU=0.50:0.95 | area= large | maxDets=100 ] = -1.000
 Average Recall     (AR) @[ IoU=0.50      | area=   all | maxDets=100 ] = 1.000
 Average Recall     (AR) @[ IoU=0.75      | area=   all | maxDets=100 ] = 0.676
best_stat: {'epoch': 10, 'coco_eval_bbox': 0.3732148168999866}
Epoch: [29/30]  [ 0/45]  eta: 0:00:21  lr: 0.000010  loss: 13.7226 (13.7226)  loss_mal: 0.4724 (0.4724)  loss_bbox: 0.0141 (0.0141)  loss_giou: 0.1889 (0.1889)  loss_fgl: 1.0232 (1.0232)  loss_mal_aux_0: 0.5277 (0.5277)  loss_bbox_aux_0: 0.0160 (0.0160)  loss_giou_aux_0: 0.2070 (0.2070)  loss_fgl_aux_0: 1.0836 (1.0836)  loss_ddf_aux_0: 0.0489 (0.0489)  loss_mal_aux_1: 0.4759 (0.4759)  loss_bbox_aux_1: 0.0142 (0.0142)  loss_giou_aux_1: 0.1890 (0.1890)  loss_fgl_aux_1: 1.0234 (1.0234)  loss_ddf_aux_1: 0.0024 (0.0024)  loss_mal_pre: 0.5287 (0.5287)  loss_bbox_pre: 0.0160 (0.0160)  loss_giou_pre: 0.2080 (0.2080)  loss_mal_enc_0: 0.7310 (0.7310)  loss_bbox_enc_0: 0.0249 (0.0249)  loss_giou_enc_0: 0.3071 (0.3071)  loss_mal_dn_0: 0.6144 (0.6144)  loss_bbox_dn_0: 0.0201 (0.0201)  loss_giou_dn_0: 0.2767 (0.2767)  loss_fgl_dn_0: 1.1727 (1.1727)  loss_ddf_dn_0: 0.1944 (0.1944)  loss_mal_dn_1: 0.4788 (0.4788)  loss_bbox_dn_1: 0.0143 (0.0143)  loss_giou_dn_1: 0.1957 (0.1957)  loss_fgl_dn_1: 1.0249 (1.0249)  loss_ddf_dn_1: 0.0062 (0.0062)  loss_mal_dn_2: 0.4774 (0.4774)  loss_bbox_dn_2: 0.0143 (0.0143)  loss_giou_dn_2: 0.1948 (0.1948)  loss_fgl_dn_2: 1.0229 (1.0229)  loss_ddf_dn_2: -0.0000 (0.0000)  loss_mal_dn_pre: 0.6148 (0.6148)  loss_bbox_dn_pre: 0.0201 (0.0201)  loss_giou_dn_pre: 0.2776 (0.2776)  loss_size: 0.0003 (0.0003)  time: 0.4764  data: 0.2369  max mem: 5227
Epoch: [29/30]  [44/45]  eta: 0:00:00  lr: 0.000010  loss: 13.4398 (13.5894)  loss_mal: 0.4611 (0.4668)  loss_bbox: 0.0146 (0.0147)  loss_giou: 0.1800 (0.1905)  loss_fgl: 0.9885 (1.0096)  loss_mal_aux_0: 0.5720 (0.5806)  loss_bbox_aux_0: 0.0168 (0.0167)  loss_giou_aux_0: 0.2065 (0.2143)  loss_fgl_aux_0: 1.0501 (1.0606)  loss_ddf_aux_0: 0.0571 (0.0543)  loss_mal_aux_1: 0.4729 (0.4811)  loss_bbox_aux_1: 0.0147 (0.0147)  loss_giou_aux_1: 0.1794 (0.1907)  loss_fgl_aux_1: 0.9929 (1.0112)  loss_ddf_aux_1: 0.0034 (0.0034)  loss_mal_pre: 0.5698 (0.5799)  loss_bbox_pre: 0.0170 (0.0168)  loss_giou_pre: 0.2069 (0.2155)  loss_mal_enc_0: 0.7240 (0.7270)  loss_bbox_enc_0: 0.0256 (0.0250)  loss_giou_enc_0: 0.3036 (0.3114)  loss_mal_dn_0: 0.5850 (0.5894)  loss_bbox_dn_0: 0.0202 (0.0204)  loss_giou_dn_0: 0.2535 (0.2616)  loss_fgl_dn_0: 1.1216 (1.1337)  loss_ddf_dn_0: 0.2124 (0.2133)  loss_mal_dn_1: 0.4559 (0.4642)  loss_bbox_dn_1: 0.0140 (0.0142)  loss_giou_dn_1: 0.1762 (0.1857)  loss_fgl_dn_1: 0.9822 (0.9931)  loss_ddf_dn_1: 0.0064 (0.0065)  loss_mal_dn_2: 0.4485 (0.4603)  loss_bbox_dn_2: 0.0139 (0.0141)  loss_giou_dn_2: 0.1733 (0.1843)  loss_fgl_dn_2: 0.9778 (0.9895)  loss_ddf_dn_2: -0.0000 (0.0000)  loss_mal_dn_pre: 0.5868 (0.5912)  loss_bbox_dn_pre: 0.0201 (0.0205)  loss_giou_dn_pre: 0.2535 (0.2623)  loss_size: 0.0003 (0.0003)  time: 0.2391  data: 0.0115  max mem: 5227
Epoch: [29/30] Total time: 0:00:11 (0.2473 s / it)
Averaged stats: lr: 0.000010  loss: 13.4398 (13.5894)  loss_mal: 0.4611 (0.4668)  loss_bbox: 0.0146 (0.0147)  loss_giou: 0.1800 (0.1905)  loss_fgl: 0.9885 (1.0096)  loss_mal_aux_0: 0.5720 (0.5806)  loss_bbox_aux_0: 0.0168 (0.0167)  loss_giou_aux_0: 0.2065 (0.2143)  loss_fgl_aux_0: 1.0501 (1.0606)  loss_ddf_aux_0: 0.0571 (0.0543)  loss_mal_aux_1: 0.4729 (0.4811)  loss_bbox_aux_1: 0.0147 (0.0147)  loss_giou_aux_1: 0.1794 (0.1907)  loss_fgl_aux_1: 0.9929 (1.0112)  loss_ddf_aux_1: 0.0034 (0.0034)  loss_mal_pre: 0.5698 (0.5799)  loss_bbox_pre: 0.0170 (0.0168)  loss_giou_pre: 0.2069 (0.2155)  loss_mal_enc_0: 0.7240 (0.7270)  loss_bbox_enc_0: 0.0256 (0.0250)  loss_giou_enc_0: 0.3036 (0.3114)  loss_mal_dn_0: 0.5850 (0.5894)  loss_bbox_dn_0: 0.0202 (0.0204)  loss_giou_dn_0: 0.2535 (0.2616)  loss_fgl_dn_0: 1.1216 (1.1337)  loss_ddf_dn_0: 0.2124 (0.2133)  loss_mal_dn_1: 0.4559 (0.4642)  loss_bbox_dn_1: 0.0140 (0.0142)  loss_giou_dn_1: 0.1762 (0.1857)  loss_fgl_dn_1: 0.9822 (0.9931)  loss_ddf_dn_1: 0.0064 (0.0065)  loss_mal_dn_2: 0.4485 (0.4603)  loss_bbox_dn_2: 0.0139 (0.0141)  loss_giou_dn_2: 0.1733 (0.1843)  loss_fgl_dn_2: 0.9778 (0.9895)  loss_ddf_dn_2: -0.0000 (0.0000)  loss_mal_dn_pre: 0.5868 (0.5912)  loss_bbox_dn_pre: 0.0201 (0.0205)  loss_giou_dn_pre: 0.2535 (0.2623)  loss_size: 0.0003 (0.0003)
Test:  [0/8]  eta: 0:00:02    time: 0.2860  data: 0.2303  max mem: 5227
Test:  [7/8]  eta: 0:00:00    time: 0.0970  data: 0.0418  max mem: 5227
Test: Total time: 0:00:00 (0.1011 s / it)
Metrics: {'f1': 0.9415807560137458, 'precision': 0.9194630872483222, 'recall': 0.9647887323943662, 'iou': 0.6305966899766551, 'TPs': 137, 'FPs': 12, 'FNs': 5}
Averaged stats: 
Accumulating evaluation results...
COCOeval_opt.accumulate() finished...
DONE (t=0.01s).
IoU metric: bbox
 Average Precision  (AP) @[ IoU=0.50:0.95 | area=   all | maxDets=100 ] = 0.361
 Average Precision  (AP) @[ IoU=0.50      | area=   all | maxDets=100 ] = 0.925
 Average Precision  (AP) @[ IoU=0.75      | area=   all | maxDets=100 ] = 0.159
 Average Precision  (AP) @[ IoU=0.50:0.95 | area= small | maxDets=100 ] = 0.362
 Average Precision  (AP) @[ IoU=0.50:0.95 | area=medium | maxDets=100 ] = -1.000
 Average Precision  (AP) @[ IoU=0.50:0.95 | area= large | maxDets=100 ] = -1.000
 Average Recall     (AR) @[ IoU=0.50:0.95 | area=   all | maxDets=  1 ] = 0.201
 Average Recall     (AR) @[ IoU=0.50:0.95 | area=   all | maxDets= 10 ] = 0.501
 Average Recall     (AR) @[ IoU=0.50:0.95 | area=   all | maxDets=100 ] = 0.612
 Average Recall     (AR) @[ IoU=0.50:0.95 | area= small | maxDets=100 ] = 0.612
 Average Recall     (AR) @[ IoU=0.50:0.95 | area=medium | maxDets=100 ] = -1.000
 Average Recall     (AR) @[ IoU=0.50:0.95 | area= large | maxDets=100 ] = -1.000
 Average Recall     (AR) @[ IoU=0.50      | area=   all | maxDets=100 ] = 1.000
 Average Recall     (AR) @[ IoU=0.75      | area=   all | maxDets=100 ] = 0.690
best_stat: {'epoch': 10, 'coco_eval_bbox': 0.3732148168999866}
Training time 0:06:24
