image_id,gt_id,short_side_original_px,stage,candidates,best_iou,best_query,leader_query,leader_iou,best_score,leader_score,best_iou_score_ge_0,count_iou50_score_ge_0,best_iou_score_ge_0.001,count_iou50_score_ge_0.001,best_iou_score_ge_0.05,count_iou50_score_ge_0.05,best_width_relative_error,best_height_relative_error,best_center_error_input_px
1,1,8.000000000000002,encoder_all_counterfactual,8400,0.8437843322753906,2529,2449,0.5056915879249573,0.1972014158964157,0.4735147953033447,0.8437843322753906,17,0.8437843322753906,17,0.8437843322753906,12,0.05578935146331787,-0.11453328281641006,0.8941612839698792
1,2,8.000000000000002,encoder_all_counterfactual,8400,0.8337178826332092,2689,2849,0.6531428694725037,0.04883445426821709,0.43832775950431824,0.8337178826332092,15,0.8337178826332092,15,0.7815932631492615,9,0.001045829034410417,0.1449342519044876,0.6232637763023376
1,3,7.0,encoder_all_counterfactual,8400,0.620231032371521,3251,3330,0.5451762080192566,0.16085804998874664,0.5438412427902222,0.620231032371521,13,0.620231032371521,13,0.620231032371521,10,0.28678950667381287,-0.24557596445083618,1.7229290008544922
1,1,8.000000000000002,topk,300,0.8437843322753906,17,1,0.5056915879249573,0.1972014158964157,0.4735147953033447,0.8437843322753906,12,0.8437843322753906,12,0.8437843322753906,12,0.05578935146331787,-0.11453328281641006,0.8941612839698792
1,2,8.000000000000002,topk,300,0.8337178826332092,272,2,0.6531428694725037,0.04883445426821709,0.43832775950431824,0.8337178826332092,10,0.8337178826332092,10,0.7815932631492615,9,0.001045829034410417,0.1449342519044876,0.6232637763023376
1,3,7.0,topk,300,0.620231032371521,21,0,0.5451762080192566,0.16085804998874664,0.5438412427902222,0.620231032371521,10,0.620231032371521,10,0.620231032371521,10,0.28678950667381287,-0.24557596445083618,1.7229290008544922
1,1,8.000000000000002,pre_bbox,300,0.7316632270812988,231,10,0.5795066952705383,0.0520971342921257,0.45770442485809326,0.7316632270812988,17,0.7316632270812988,17,0.7316632270812988,9,0.14604240655899048,-0.1414424479007721,1.9777156114578247
1,2,8.000000000000002,pre_bbox,300,0.9130879044532776,5,15,0.7510637044906616,0.04899520054459572,0.5082917809486389,0.9130879044532776,21,0.9130879044532776,21,0.8565610647201538,10,0.06974298506975174,0.023780301213264465,0.091392882168293
1,3,7.0,pre_bbox,300,0.61350017786026,21,6,0.5578280687332153,0.06529615074396133,0.4712228775024414,0.61350017786026,11,0.61350017786026,11,0.61350017786026,7,0.30370140075683594,-0.24601855874061584,1.7615119218826294
1,1,8.000000000000002,decoder_1,300,0.7241464257240295,231,10,0.5820402503013611,0.05382009968161583,0.46808555722236633,0.7241464257240295,16,0.7241464257240295,16,0.7241464257240295,10,0.14600202441215515,-0.1342267096042633,2.0757663249969482
1,2,8.000000000000002,decoder_1,300,0.9119155406951904,5,15,0.7603456377983093,0.05069996044039726,0.5180191397666931,0.9119155406951904,22,0.9119155406951904,22,0.9119155406951904,11,0.06914922595024109,0.025663573294878006,0.1231907531619072
1,3,7.0,decoder_1,300,0.6151260733604431,21,6,0.5639572739601135,0.06780576705932617,0.48145389556884766,0.6151260733604431,12,0.6151260733604431,12,0.6151260733604431,7,0.31985634565353394,-0.23420168459415436,1.7037644386291504
1,1,8.000000000000002,decoder_2,300,0.6749520897865295,231,10,0.5356773734092712,0.045411188155412674,0.5818944573402405,0.6749520897865295,17,0.6749520897865295,17,0.59496009349823,5,0.13448616862297058,-0.1348300278186798,2.5424704551696777
1,2,8.000000000000002,decoder_2,300,0.9049520492553711,5,15,0.8051589131355286,0.016151463612914085,0.5557739734649658,0.9049520492553711,21,0.9049520492553711,21,0.8275626301765442,3,0.04022452235221863,0.06229895353317261,0.2388683706521988
1,3,7.0,decoder_2,300,0.615600049495697,21,6,0.5588997006416321,0.018960652872920036,0.5364871025085449,0.615600049495697,15,0.615600049495697,15,0.5781584978103638,3,0.3002302646636963,-0.24482934176921844,1.9209994077682495
1,1,8.000000000000002,decoder_3,300,0.6752256155014038,231,10,0.536800742149353,0.01756221614778042,0.5376878976821899,0.6752256155014038,16,0.6752256155014038,16,0.5919430255889893,3,0.1381368339061737,-0.12991108000278473,2.5225253105163574
1,2,8.000000000000002,decoder_3,300,0.9106079339981079,5,15,0.8131692409515381,0.023139091208577156,0.5188679099082947,0.9106079339981079,23,0.9106079339981079,23,0.8131692409515381,2,0.037077397108078,0.058904726058244705,0.2245754450559616
1,3,7.0,decoder_3,300,0.6089261174201965,21,6,0.5593724846839905,0.018949294462800026,0.521714448928833,0.6089261174201965,15,0.6089261174201965,15,0.5593724846839905,2,0.3071269690990448,-0.2509972155094147,1.9141700267791748
1,1,8.000000000000002,final_nms07,232,0.5958236455917358,65,0,0.536800742149353,0.01773497834801674,0.5376878976821899,0.5958236455917358,3,0.5958236455917358,3,0.536800742149353,1,-0.02264454960823059,-0.3270474374294281,1.1015255451202393
1,2,8.000000000000002,final_nms07,232,0.8131692409515381,2,2,0.8131692409515381,0.5188679099082947,0.5188679099082947,0.8131692409515381,4,0.8131692409515381,4,0.8131692409515381,2,0.09018513560295105,0.12802378833293915,0.6053236722946167
1,3,7.0,final_nms07,232,0.5593724846839905,1,1,0.5593724846839905,0.521714448928833,0.521714448928833,0.5593724846839905,1,0.5593724846839905,1,0.5593724846839905,1,0.2877466678619385,-0.3136744201183319,2.624023675918579
2,4,7.0,encoder_all_counterfactual,8400,0.7111086845397949,2286,2447,0.6003739237785339,0.05159641429781914,0.4133738875389099,0.7111086845397949,16,0.7111086845397949,16,0.7111086845397949,11,0.24552513659000397,-0.13847430050373077,0.915019690990448
2,5,8.000000000000002,encoder_all_counterfactual,8400,0.7956698536872864,2687,2847,0.7569438815116882,0.05269532650709152,0.47100630402565,0.7956698536872864,14,0.7956698536872864,14,0.7956698536872864,10,0.018548106774687767,-0.008251920342445374,1.4753453731536865
2,6,7.0,encoder_all_counterfactual,8400,0.6490256190299988,3328,3328,0.6490256190299988,0.5078160166740417,0.5078160166740417,0.6490256190299988,15,0.6490256190299988,15,0.6490256190299988,8,0.2388065606355667,-0.23193086683750153,1.1251806020736694
2,4,7.0,topk,300,0.7111086845397949,171,2,0.6003739237785339,0.05159641429781914,0.4133738875389099,0.7111086845397949,11,0.7111086845397949,11,0.7111086845397949,11,0.24552513659000397,-0.13847430050373077,0.915019690990448
2,5,8.000000000000002,topk,300,0.7956698536872864,157,1,0.7569438815116882,0.05269532650709152,0.47100630402565,0.7956698536872864,11,0.7956698536872864,11,0.7956698536872864,10,0.018548106774687767,-0.008251920342445374,1.4753453731536865
2,6,7.0,topk,300,0.6490256190299988,0,0,0.6490256190299988,0.5078160166740417,0.5078160166740417,0.6490256190299988,8,0.6490256190299988,8,0.6490256190299988,8,0.2388065606355667,-0.23193086683750153,1.1251806020736694
2,4,7.0,pre_bbox,300,0.7748963832855225,151,12,0.6612746715545654,0.03591940551996231,0.4361591041088104,0.7748963832855225,20,0.7748963832855225,20,0.7158447504043579,5,-0.004128878470510244,-0.15409532189369202,1.0984898805618286
2,5,8.000000000000002,pre_bbox,300,0.8166486620903015,253,10,0.8071656227111816,0.04313238337635994,0.48751646280288696,0.8166486620903015,16,0.8166486620903015,16,0.8071656227111816,6,-0.11705627292394638,-0.044161949306726456,1.111631155014038
2,6,7.0,pre_bbox,300,0.6399422287940979,0,5,0.6155762076377869,0.07031350582838058,0.5214009881019592,0.6399422287940979,11,0.6399422287940979,11,0.6399422287940979,8,0.26105546951293945,-0.23170633614063263,1.2275309562683105
2,4,7.0,decoder_1,300,0.7222449779510498,171,12,0.6647073030471802,0.11954692751169205,0.44552209973335266,0.7222449779510498,18,0.7222449779510498,18,0.7222449779510498,5,0.23141613602638245,-0.13281135261058807,0.5205373167991638
2,5,8.000000000000002,decoder_1,300,0.844763457775116,253,10,0.8060714602470398,0.04430317133665085,0.4977050721645355,0.844763457775116,17,0.844763457775116,17,0.8069523572921753,6,-0.11886528134346008,-0.025007613003253937,0.9852765798568726
2,6,7.0,decoder_1,300,0.6491644382476807,0,5,0.6244561076164246,0.07283959537744522,0.5308629274368286,0.6491644382476807,11,0.6491644382476807,11,0.6491644382476807,7,0.2792794108390808,-0.20708127319812775,1.1978386640548706
2,4,7.0,decoder_2,300,0.7012029886245728,171,12,0.6714140772819519,0.050046831369400024,0.5024657249450684,0.7012029886245728,20,0.7012029886245728,20,0.7012029886245728,3,0.23450031876564026,-0.1608058214187622,0.7388873100280762
2,5,8.000000000000002,decoder_2,300,0.8773937225341797,253,10,0.8052058815956116,0.020926829427480698,0.5466712117195129,0.8773937225341797,17,0.8773937225341797,17,0.8164511919021606,3,-0.10068538784980774,-0.02437274158000946,0.5256997346878052
2,6,7.0,decoder_2,300,0.6771382689476013,31,5,0.608119010925293,0.0734810009598732,0.5877197980880737,0.6771382689476013,15,0.6771382689476013,15,0.6771382689476013,4,-0.05394419655203819,-0.09087025374174118,3.1447761058807373
2,4,7.0,decoder_3,300,0.6988725066184998,171,12,0.6770817637443542,0.02881433442234993,0.5129465460777283,0.6988725066184998,20,0.6988725066184998,20,0.6828202605247498,2,0.24282370507717133,-0.15828867256641388,0.7405668497085571
2,5,8.000000000000002,decoder_3,300,0.8580238819122314,253,10,0.8063266277313232,0.0177512988448143,0.5271012187004089,0.8580238819122314,17,0.8580238819122314,17,0.8168553113937378,2,-0.1041891872882843,-0.0421794056892395,0.5755112171173096
2,6,7.0,decoder_3,300,0.6703574061393738,31,5,0.6100478768348694,0.0386539027094841,0.5470098853111267,0.6703574061393738,15,0.6703574061393738,15,0.6100478768348694,2,-0.053935207426548004,-0.20970666408538818,3.023601770401001
2,4,7.0,final_nms07,225,0.6770817637443542,2,2,0.6770817637443542,0.5129465460777283,0.5129465460777283,0.6770817637443542,4,0.6770817637443542,4,0.6770817637443542,1,0.20709934830665588,-0.2124914824962616,1.0601454973220825
2,5,8.000000000000002,final_nms07,225,0.8063266277313232,1,1,0.8063266277313232,0.5271012187004089,0.5271012187004089,0.8063266277313232,3,0.8063266277313232,3,0.8063266277313232,1,0.015640228986740112,-0.03469259291887283,1.3388956785202026
2,6,7.0,final_nms07,225,0.6703574061393738,12,0,0.6100478768348694,0.0386539027094841,0.5470098853111267,0.6703574061393738,2,0.6703574061393738,2,0.6100478768348694,1,-0.053935207426548004,-0.20970666408538818,3.023601770401001
3,7,5.999999999999999,encoder_all_counterfactual,8400,0.6770532131195068,2449,2528,0.4684912860393524,0.2748207151889801,0.44768714904785156,0.6770532131195068,8,0.6770532131195068,8,0.6770532131195068,5,0.08714981377124786,0.35858526825904846,0.9431442618370056
3,8,7.0,encoder_all_counterfactual,8400,0.7586585879325867,3009,2849,0.45357978343963623,0.11405868828296661,0.37908709049224854,0.7586585879325867,13,0.7586585879325867,13,0.7586585879325867,8,0.0521034300327301,0.1563122570514679,1.2062619924545288
3,9,7.0,encoder_all_counterfactual,8400,0.8365577459335327,3169,3409,0.7653088569641113,0.03684394806623459,0.4354642331600189,0.8365577459335327,14,0.8365577459335327,14,0.7653088569641113,10,0.08672847598791122,-0.06800804287195206,0.7864639163017273
3,7,5.999999999999999,topk,300,0.6770532131195068,10,0,0.4684912860393524,0.2748207151889801,0.44768714904785156,0.6770532131195068,5,0.6770532131195068,5,0.6770532131195068,5,0.08714981377124786,0.35858526825904846,0.9431442618370056
3,8,7.0,topk,300,0.7586585879325867,27,2,0.45357978343963623,0.11405868828296661,0.37908709049224854,0.7586585879325867,9,0.7586585879325867,9,0.7586585879325867,8,0.0521034300327301,0.1563122570514679,1.2062619924545288
3,9,7.0,topk,300,0.7653088569641113,1,1,0.7653088569641113,0.4354642331600189,0.4354642331600189,0.7653088569641113,10,0.7653088569641113,10,0.7653088569641113,10,0.2602085769176483,0.03313430771231651,0.3964459300041199
3,7,5.999999999999999,pre_bbox,300,0.6626895666122437,10,42,0.5245158672332764,0.09287955611944199,0.4410436451435089,0.6626895666122437,9,0.6626895666122437,9,0.6626895666122437,5,0.10824664682149887,0.3616061806678772,1.0337684154510498
3,8,7.0,pre_bbox,300,0.8394206166267395,21,30,0.5759652256965637,0.029509149491786957,0.4675930440425873,0.8394206166267395,16,0.8394206166267395,16,0.5759652256965637,6,-0.05426190793514252,-0.11241865903139114,0.6471760272979736
3,9,7.0,pre_bbox,300,0.7393122315406799,19,34,0.6707298159599304,0.03966414928436279,0.46195951104164124,0.7393122315406799,13,0.7393122315406799,13,0.69863361120224,6,0.2694888412952423,-0.0745544284582138,1.7299574613571167
3,7,5.999999999999999,decoder_1,300,0.6569365859031677,10,42,0.5282143950462341,0.09626016765832901,0.45087310671806335,0.6569365859031677,9,0.6569365859031677,9,0.6569365859031677,5,0.11010794341564178,0.3712313771247864,0.9797483682632446
3,8,7.0,decoder_1,300,0.8742178082466125,296,30,0.5774092078208923,0.04544465243816376,0.4780505895614624,0.8742178082466125,12,0.8742178082466125,12,0.5774092078208923,5,-0.03642819821834564,0.10607925057411194,0.0792340561747551
3,9,7.0,decoder_1,300,0.7263022661209106,19,34,0.6709537506103516,0.04114824905991554,0.47185012698173523,0.7263022661209106,15,0.7263022661209106,15,0.6943671703338623,6,0.2542133033275604,-0.09072895348072052,1.7472776174545288
3,7,5.999999999999999,decoder_2,300,0.6419022083282471,10,42,0.5441042184829712,0.035870928317308426,0.5492303371429443,0.6419022083282471,10,0.6419022083282471,10,0.578331470489502,5,0.10462595522403717,0.4103161096572876,0.8872575163841248
3,8,7.0,decoder_2,300,0.8204377889633179,296,30,0.5923111438751221,0.03369970992207527,0.5349007844924927,0.8204377889633179,15,0.8204377889633179,14,0.5923111438751221,3,-0.021600743755698204,0.11711376905441284,0.6245271563529968
3,9,7.0,decoder_2,300,0.7823988199234009,19,34,0.6901549100875854,0.033114273101091385,0.5858506560325623,0.7823988199234009,21,0.7823988199234009,21,0.6991108655929565,4,0.22330553829669952,-0.028352040797472,1.2726705074310303
3,7,5.999999999999999,decoder_3,300,0.6469372510910034,10,42,0.547619640827179,0.02612159587442875,0.5433785915374756,0.6469372510910034,10,0.6469372510910034,10,0.547619640827179,2,0.09793606400489807,0.4078645706176758,0.7894285321235657
3,8,7.0,decoder_3,300,0.7824041843414307,296,30,0.5990317463874817,0.02838415652513504,0.5435943603515625,0.7824041843414307,16,0.7824041843414307,16,0.5990317463874817,2,0.024338291957974434,0.09375257045030594,1.0434904098510742
3,9,7.0,decoder_3,300,0.7922350764274597,19,34,0.6854128241539001,0.013235962018370628,0.5395162105560303,0.7922350764274597,21,0.7922350764274597,21,0.6854128241539001,1,0.22032925486564636,-0.03215893357992172,1.1465649604797363
3,7,5.999999999999999,final_nms07,223,0.5993955731391907,7,1,0.547619640827179,0.0348372645676136,0.5433785915374756,0.5993955731391907,3,0.5993955731391907,3,0.547619640827179,1,0.5125203728675842,0.10302185267210007,1.20973801612854
3,8,7.0,final_nms07,223,0.609153151512146,167,0,0.5990317463874817,0.004435183946043253,0.5435943603515625,0.609153151512146,4,0.609153151512146,4,0.5990317463874817,1,-0.021588753908872604,0.430085152387619,3.0006320476531982
3,9,7.0,final_nms07,223,0.6854128241539001,2,2,0.6854128241539001,0.5395162105560303,0.5395162105560303,0.6854128241539001,4,0.6854128241539001,4,0.6854128241539001,1,0.22437556087970734,0.004788205958902836,1.6404064893722534
4,10,9.0,encoder_all_counterfactual,8400,0.8262587189674377,2608,2688,0.6550489068031311,0.26372891664505005,0.4956507980823517,0.8262587189674377,23,0.8262587189674377,23,0.8262587189674377,11,0.016873953863978386,-0.06510655581951141,1.2821587324142456
4,11,7.0,encoder_all_counterfactual,8400,0.8623311519622803,3168,3088,0.6720421314239502,0.18474160134792328,0.3997906744480133,0.8623311519622803,14,0.8623311519622803,14,0.8623311519622803,8,-0.049330588430166245,0.018036384135484695,0.7768309116363525
4,12,6.0,encoder_all_counterfactual,8400,0.6845488548278809,3487,3569,0.5214309692382812,0.10328356921672821,0.4321499466896057,0.6845488548278809,17,0.6845488548278809,17,0.6845488548278809,11,0.3103494644165039,-0.1307825893163681,0.9830096960067749
4,10,9.0,topk,300,0.8262587189674377,7,0,0.6550489068031311,0.26372891664505005,0.4956507980823517,0.8262587189674377,11,0.8262587189674377,11,0.8262587189674377,11,0.016873953863978386,-0.06510655581951141,1.2821587324142456
4,11,7.0,topk,300,0.8623311519622803,15,4,0.6720421314239502,0.18474160134792328,0.3997906744480133,0.8623311519622803,9,0.8623311519622803,9,0.8623311519622803,8,-0.049330588430166245,0.018036384135484695,0.7768309116363525
4,12,6.0,topk,300,0.6845488548278809,32,2,0.5214309692382812,0.10328356921672821,0.4321499466896057,0.6845488548278809,12,0.6845488548278809,12,0.6845488548278809,11,0.3103494644165039,-0.1307825893163681,0.9830096960067749
4,10,9.0,pre_bbox,300,0.8274676203727722,99,10,0.7373857498168945,0.19090469181537628,0.4619714021682739,0.8274676203727722,14,0.8274676203727722,14,0.8274676203727722,6,-0.012518332339823246,-0.09030337631702423,1.6894426345825195
4,11,7.0,pre_bbox,300,0.878017246723175,37,9,0.7003601789474487,0.040143467485904694,0.5639384388923645,0.878017246723175,16,0.878017246723175,16,0.7538050413131714,5,0.11605414003133774,0.02049560472369194,0.503900408744812
4,12,6.0,pre_bbox,300,0.7323399186134338,224,43,0.613993763923645,0.034482311457395554,0.39105352759361267,0.7323399186134338,16,0.7323399186134338,16,0.613993763923645,4,0.22692233324050903,-0.05150175467133522,1.291358470916748
4,10,9.0,decoder_1,300,0.8211767077445984,99,10,0.7388479709625244,0.19742482900619507,0.4718424677848816,0.8211767077445984,15,0.8211767077445984,15,0.8211767077445984,7,-0.013390202075242996,-0.07980945706367493,1.7647509574890137
4,11,7.0,decoder_1,300,0.8494753837585449,37,9,0.7067593336105347,0.04109824448823929,0.5740493535995483,0.8494753837585449,17,0.8494753837585449,17,0.769832968711853,5,0.15240830183029175,0.02150452509522438,0.22071950137615204
4,12,6.0,decoder_1,300,0.7229717969894409,224,43,0.6194846034049988,0.03532397374510765,0.4007601737976074,0.7229717969894409,15,0.7229717969894409,15,0.6194846034049988,4,0.2635428011417389,-0.008565045893192291,1.1336063146591187
4,10,9.0,decoder_2,300,0.8235164284706116,22,10,0.7707432508468628,0.016484549269080162,0.5254855155944824,0.8235164284706116,17,0.8235164284706116,17,0.8170124888420105,3,0.026184314861893654,-0.05260607600212097,1.586627721786499
4,11,7.0,decoder_2,300,0.8913800716400146,15,9,0.7276986241340637,0.028061669319868088,0.5811523199081421,0.8913800716400146,19,0.8913800716400146,19,0.8011830449104309,4,0.10160471498966217,0.013210434466600418,0.6812893152236938
4,12,6.0,decoder_2,300,0.731856107711792,17,43,0.6269222497940063,0.023402240127325058,0.5551753044128418,0.731856107711792,16,0.731856107711792,16,0.6269222497940063,3,0.26393795013427734,-0.09292478859424591,1.4745439291000366
4,10,9.0,decoder_3,300,0.8241460919380188,99,10,0.7720226049423218,0.034035034477710724,0.5288045406341553,0.8241460919380188,17,0.8241460919380188,17,0.7980904579162598,2,0.005644077900797129,-0.09360558539628983,1.7555714845657349
4,11,7.0,decoder_3,300,0.8869057297706604,15,9,0.7357463240623474,0.013237835839390755,0.5673338770866394,0.8869057297706604,19,0.8869057297706604,19,0.7357463240623474,2,0.11709755659103394,0.005530247464776039,0.7429067492485046
4,12,6.0,decoder_3,300,0.7288429737091064,17,43,0.629229724407196,0.02028125524520874,0.5510181188583374,0.7288429737091064,16,0.7288429737091064,16,0.629229724407196,3,0.2666829228401184,-0.09530817717313766,1.4652398824691772
4,10,9.0,final_nms07,227,0.7720226049423218,2,2,0.7720226049423218,0.5288045406341553,0.5288045406341553,0.7720226049423218,4,0.7720226049423218,4,0.7720226049423218,1,0.010308817028999329,-0.11435934156179428,2.0253124237060547
4,11,7.0,final_nms07,227,0.7357463240623474,0,0,0.7357463240623474,0.5673338770866394,0.5673338770866394,0.7357463240623474,3,0.7357463240623474,3,0.7357463240623474,1,0.29501503705978394,0.049532026052474976,1.0030298233032227
4,12,6.0,final_nms07,227,0.6605967879295349,15,1,0.629229724407196,0.02896917797625065,0.5510181188583374,0.6605967879295349,2,0.6605967879295349,2,0.629229724407196,1,0.27977147698402405,-0.18962782621383667,1.6435426473617554
5,13,8.000000000000002,encoder_all_counterfactual,8400,0.6921262145042419,2525,2527,0.5556319952011108,0.17318391799926758,0.40299347043037415,0.6921262145042419,14,0.6921262145042419,14,0.6921262145042419,12,0.25098487734794617,0.15494892001152039,0.17271149158477783
5,14,6.0,encoder_all_counterfactual,8400,0.6572354435920715,2845,2927,0.636639416217804,0.057921603322029114,0.4526485204696655,0.6572354435920715,17,0.6572354435920715,17,0.6572354435920715,12,0.3913007080554962,-0.10033683478832245,1.18437659740448
5,15,8.000000000000002,encoder_all_counterfactual,8400,0.8165419101715088,3244,3407,0.6598419547080994,0.024364754557609558,0.4413374066352844,0.8165419101715088,17,0.8165419101715088,17,0.7963654398918152,11,-0.09464094042778015,0.12014642357826233,0.41293656826019287
5,13,8.000000000000002,topk,300,0.6921262145042419,16,4,0.5556319952011108,0.17318391799926758,0.40299347043037415,0.6921262145042419,12,0.6921262145042419,12,0.6921262145042419,12,0.25098487734794617,0.15494892001152039,0.17271149158477783
5,14,6.0,topk,300,0.6572354435920715,144,0,0.636639416217804,0.057921603322029114,0.4526485204696655,0.6572354435920715,12,0.6572354435920715,12,0.6572354435920715,12,0.3913007080554962,-0.10033683478832245,1.18437659740448
5,15,8.000000000000002,topk,300,0.7963654398918152,49,2,0.6598419547080994,0.08089449256658554,0.4413374066352844,0.7963654398918152,11,0.7963654398918152,11,0.7963654398918152,11,0.12572260200977325,0.06795499473810196,1.3196938037872314
5,13,8.000000000000002,pre_bbox,300,0.9303749203681946,154,24,0.6450236439704895,0.03529423475265503,0.4527513086795807,0.9303749203681946,20,0.9303749203681946,20,0.6450236439704895,6,0.03441086411476135,0.03907693177461624,0.21509671211242676
5,14,6.0,pre_bbox,300,0.679937481880188,113,26,0.6281667947769165,0.04497439041733742,0.4772270917892456,0.679937481880188,20,0.679937481880188,20,0.6514948010444641,6,0.32406559586524963,-0.12173960357904434,1.6068466901779175
5,15,8.000000000000002,pre_bbox,300,0.8612381219863892,12,22,0.739666759967804,0.03727368637919426,0.5392822623252869,0.8612381219863892,16,0.8612381219863892,16,0.7688835263252258,7,0.03558395430445671,-0.015168987214565277,0.906818687915802
5,13,8.000000000000002,decoder_1,300,0.8527000546455383,154,24,0.6496819257736206,0.03617984429001808,0.46343305706977844,0.8527000546455383,17,0.8527000546455383,17,0.6496819257736206,8,0.08998581767082214,0.07592566311359406,0.39966073632240295
5,14,6.0,decoder_1,300,0.6865573525428772,113,26,0.6336693167686462,0.04646587744355202,0.48787927627563477,0.6865573525428772,17,0.6865573525428772,17,0.6589652299880981,6,0.3066444396972656,-0.13036057353019714,1.5200198888778687
5,15,8.000000000000002,decoder_1,300,0.8617938160896301,12,22,0.7403266429901123,0.038459472358226776,0.5494546294212341,0.8617938160896301,16,0.8617938160896301,16,0.7672060132026672,8,0.05187937617301941,0.0029353518038988113,0.9511630535125732
5,13,8.000000000000002,decoder_2,300,0.8205363750457764,264,24,0.6488795876502991,0.0918845683336258,0.5639746785163879,0.8205363750457764,18,0.8205363750457764,18,0.8205363750457764,6,0.00562712550163269,0.21189266443252563,1.5109803676605225
5,14,6.0,decoder_2,300,0.7063801288604736,113,26,0.6716739535331726,0.021321337670087814,0.5279881358146667,0.7063801288604736,22,0.7063801288604736,22,0.6716739535331726,1,0.2877931594848633,-0.10774321854114532,1.1968441009521484
5,15,8.000000000000002,decoder_2,300,0.8373716473579407,12,22,0.737865686416626,0.019845997914671898,0.5658085942268372,0.8373716473579407,20,0.8373716473579407,20,0.737865686416626,2,-0.005172759294509888,0.04826860502362251,0.9656952023506165
5,13,8.000000000000002,decoder_3,300,0.8219345808029175,92,24,0.65427166223526,0.03131388500332832,0.5582613348960876,0.8219345808029175,17,0.8219345808029175,17,0.65427166223526,2,0.050615280866622925,0.15802666544914246,1.0844594240188599
5,14,6.0,decoder_3,300,0.7136316895484924,32,26,0.6673822999000549,0.032349295914173126,0.5211158990859985,0.7136316895484924,22,0.7136316895484924,22,0.6673822999000549,1,0.2025025635957718,-0.04848603159189224,1.802052617073059
5,15,8.000000000000002,decoder_3,300,0.8340954780578613,12,22,0.7424408793449402,0.018872356042265892,0.5309600234031677,0.8340954780578613,20,0.8340954780578613,20,0.7424408793449402,1,-0.011220484972000122,0.05017409101128578,0.9887904524803162
5,13,8.000000000000002,final_nms07,227,0.65427166223526,0,0,0.65427166223526,0.5582613348960876,0.5582613348960876,0.65427166223526,2,0.65427166223526,2,0.65427166223526,1,0.20938250422477722,0.26379814743995667,2.0143871307373047
5,14,6.0,final_nms07,227,0.7136316895484924,14,2,0.6673822999000549,0.032349295914173126,0.5211158990859985,0.7136316895484924,5,0.7136316895484924,5,0.6673822999000549,1,0.2025025635957718,-0.04848603159189224,1.802052617073059
5,15,8.000000000000002,final_nms07,227,0.7424408793449402,1,1,0.7424408793449402,0.5309600234031677,0.5309600234031677,0.7424408793449402,5,0.7424408793449402,5,0.7424408793449402,1,0.034056156873703,0.13832572102546692,1.6712751388549805
6,16,10.0,encoder_all_counterfactual,8400,0.7640135288238525,2448,2529,0.6773552894592285,0.14645284414291382,0.44054779410362244,0.7640135288238525,22,0.7640135288238525,22,0.7640135288238525,11,-0.03724675253033638,-0.20632170140743256,2.1228456497192383
6,17,7.0,encoder_all_counterfactual,8400,0.7782604694366455,2850,2929,0.6955982446670532,0.07851914316415787,0.43110302090644836,0.7782604694366455,14,0.7782604694366455,14,0.7782604694366455,10,0.1537027508020401,0.06982050836086273,1.2878520488739014
6,18,10.0,encoder_all_counterfactual,8400,0.7562220692634583,3330,3410,0.6447821855545044,0.164306178689003,0.5020608901977539,0.7562220692634583,19,0.7562220692634583,19,0.7562220692634583,12,-0.1253279745578766,-0.11255709826946259,1.51799738407135
6,16,10.0,topk,300,0.7640135288238525,20,1,0.6773552894592285,0.14645284414291382,0.44054779410362244,0.7640135288238525,12,0.7640135288238525,12,0.7640135288238525,11,-0.03724675253033638,-0.20632170140743256,2.1228456497192383
6,17,7.0,topk,300,0.7782604694366455,44,2,0.6955982446670532,0.07851914316415787,0.43110302090644836,0.7782604694366455,11,0.7782604694366455,11,0.7782604694366455,10,0.1537027508020401,0.06982050836086273,1.2878520488739014
6,18,10.0,topk,300,0.7562220692634583,18,0,0.6447821855545044,0.164306178689003,0.5020608901977539,0.7562220692634583,13,0.7562220692634583,13,0.7562220692634583,12,-0.1253279745578766,-0.11255709826946259,1.51799738407135
6,16,10.0,pre_bbox,300,0.7178582549095154,19,19,0.7178582549095154,0.44871699810028076,0.44871699810028076,0.7178582549095154,16,0.7178582549095154,16,0.7178582549095154,5,-0.04390208423137665,-0.14608381688594818,2.706317186355591
6,17,7.0,pre_bbox,300,0.8211060762405396,54,28,0.6229525804519653,0.04721766337752342,0.5310330390930176,0.8211060762405396,17,0.8211060762405396,17,0.7165716290473938,5,0.036497585475444794,-0.00549693126231432,1.241497278213501
6,18,10.0,pre_bbox,300,0.7807674407958984,11,18,0.7749067544937134,0.027092959731817245,0.5599837303161621,0.7807674407958984,16,0.7807674407958984,16,0.7749067544937134,6,-0.11971455067396164,-0.11304953694343567,0.6044945120811462
6,16,10.0,decoder_1,300,0.7191104888916016,7,19,0.7163036465644836,0.030399639159440994,0.45886147022247314,0.7191104888916016,15,0.7191104888916016,15,0.7163036465644836,6,-0.02170981466770172,-0.1298038363456726,2.2978031635284424
6,17,7.0,decoder_1,300,0.7932581305503845,54,28,0.6144953966140747,0.04855239763855934,0.5410692691802979,0.7932581305503845,16,0.7932581305503845,16,0.7252376675605774,5,0.03468184545636177,-0.032931264489889145,1.320568561553955
6,18,10.0,decoder_1,300,0.829717755317688,11,18,0.7668994069099426,0.027938447892665863,0.5698167085647583,0.829717755317688,17,0.829717755317688,17,0.7668994069099426,6,-0.08367041498422623,-0.09451962262392044,0.7209386229515076
6,16,10.0,decoder_2,300,0.7223477959632874,20,19,0.7182219624519348,0.09628082811832428,0.5571626424789429,0.7223477959632874,17,0.7223477959632874,17,0.7223477959632874,3,-0.06741446256637573,-0.18462084233760834,2.6009883880615234
6,17,7.0,decoder_2,300,0.8696509003639221,54,28,0.6769603490829468,0.014709360897541046,0.5799847841262817,0.8696509003639221,16,0.8696509003639221,16,0.6974303126335144,5,0.08553639054298401,-0.02088037133216858,0.5812796950340271
6,18,10.0,decoder_2,300,0.8001687526702881,11,18,0.7489299178123474,0.02024121955037117,0.5829645991325378,0.8001687526702881,18,0.8001687526702881,18,0.7489299178123474,4,-0.10641154646873474,-0.04859716445207596,1.0095033645629883
6,16,10.0,decoder_3,300,0.7228377461433411,20,19,0.7095767259597778,0.09054090082645416,0.556597888469696,0.7228377461433411,16,0.7228377461433411,16,0.7228377461433411,2,-0.06821173429489136,-0.18069541454315186,2.5680954456329346
6,17,7.0,decoder_3,300,0.8655155897140503,54,28,0.6638887524604797,0.013482620939612389,0.5259003639221191,0.8655155897140503,18,0.8655155897140503,18,0.6849008202552795,2,0.08835681527853012,-0.022826919332146645,0.6973704695701599
6,18,10.0,decoder_3,300,0.8100710511207581,11,18,0.7510827779769897,0.016241712495684624,0.5583811402320862,0.8100710511207581,18,0.8100710511207581,18,0.7510827779769897,2,-0.10413302481174469,-0.052375633269548416,0.9141495227813721
6,16,10.0,final_nms07,240,0.7095767259597778,1,1,0.7095767259597778,0.556597888469696,0.556597888469696,0.7095767259597778,2,0.7095767259597778,2,0.7095767259597778,1,-0.08885268121957779,-0.1805276721715927,2.513115644454956
6,17,7.0,final_nms07,240,0.8655155897140503,106,2,0.6638887524604797,0.013482620939612389,0.5259003639221191,0.8655155897140503,6,0.8655155897140503,6,0.6638887524604797,1,0.08835681527853012,-0.022826919332146645,0.6973704695701599
6,18,10.0,final_nms07,240,0.7510827779769897,0,0,0.7510827779769897,0.5583811402320862,0.5583811402320862,0.7510827779769897,2,0.7510827779769897,2,0.7510827779769897,1,-0.1250886768102646,-0.09904036670923233,1.7576628923416138
7,19,11.0,encoder_all_counterfactual,8400,0.7746847867965698,2842,2843,0.5789564847946167,0.35056743025779724,0.4805404245853424,0.7746847867965698,16,0.7746847867965698,16,0.7746847867965698,9,-0.0004756927373819053,-0.20624655485153198,0.6577668786048889
7,20,9.0,encoder_all_counterfactual,8400,0.8113996386528015,7182,3244,0.5334517359733582,0.03642354533076286,0.44045618176460266,0.8113996386528015,12,0.8113996386528015,12,0.6490991115570068,9,0.04833751171827316,-0.08238634467124939,1.0884921550750732
7,21,8.000000000000002,encoder_all_counterfactual,8400,0.686406672000885,3727,3806,0.6272827982902527,0.09194392710924149,0.46050959825515747,0.686406672000885,21,0.686406672000885,21,0.686406672000885,11,0.016233082860708237,0.3224863111972809,2.0441102981567383
7,19,11.0,topk,300,0.7746847867965698,3,0,0.5789564847946167,0.35056743025779724,0.4805404245853424,0.7746847867965698,10,0.7746847867965698,10,0.7746847867965698,9,-0.0004756927373819053,-0.20624655485153198,0.6577668786048889
7,20,9.0,topk,300,0.6490991115570068,24,2,0.5334517359733582,0.1201176568865776,0.44045618176460266,0.6490991115570068,9,0.6490991115570068,9,0.6490991115570068,9,-0.04051515832543373,-0.31930944323539734,0.39610791206359863
7,21,8.000000000000002,topk,300,0.686406672000885,36,1,0.6272827982902527,0.09194392710924149,0.46050959825515747,0.686406672000885,11,0.686406672000885,11,0.686406672000885,11,0.016233082860708237,0.3224863111972809,2.0441102981567383
7,19,11.0,pre_bbox,300,0.7757421135902405,30,5,0.7532874941825867,0.0591527596116066,0.4952836334705353,0.7757421135902405,10,0.7757421135902405,10,0.7757421135902405,7,-0.03488864749670029,-0.19345183670520782,0.7464444041252136
7,20,9.0,pre_bbox,300,0.6771659255027771,6,12,0.644321620464325,0.030895181000232697,0.5247851014137268,0.6771659255027771,14,0.6771659255027771,14,0.6561218500137329,5,-0.06381845474243164,-0.27213260531425476,0.6914500594139099
7,21,8.000000000000002,pre_bbox,300,0.7470752596855164,36,15,0.6441702842712402,0.05076470598578453,0.48110684752464294,0.7470752596855164,15,0.7470752596855164,15,0.7470752596855164,6,-0.007023019716143608,0.33148193359375,2.137000322341919
7,19,11.0,decoder_1,300,0.781744122505188,3,5,0.7479958534240723,0.05788404121994972,0.5053213834762573,0.781744122505188,11,0.781744122505188,11,0.781744122505188,7,-0.014642715454101562,-0.18660548329353333,0.5048350691795349
7,20,9.0,decoder_1,300,0.6769567728042603,6,12,0.6376898884773254,0.03203235939145088,0.5354923605918884,0.6769567728042603,14,0.6769567728042603,14,0.6598144173622131,5,-0.06509863585233688,-0.26992297172546387,0.66984623670578
7,21,8.000000000000002,decoder_1,300,0.7482956051826477,36,15,0.6423622369766235,0.05276641622185707,0.491341233253479,0.7482956051826477,13,0.7482956051826477,13,0.7482956051826477,6,-0.007233038078993559,0.32908526062965393,2.249793767929077
7,19,11.0,decoder_2,300,0.7624699473381042,3,5,0.6680959463119507,0.02086106687784195,0.5822314023971558,0.7624699473381042,10,0.7624699473381042,10,0.6908841133117676,4,-0.04064750671386719,-0.18776437640190125,0.6607260704040527
7,20,9.0,decoder_2,300,0.6887757182121277,6,12,0.6331161260604858,0.018625648692250252,0.501818835735321,0.6887757182121277,16,0.6887757182121277,16,0.6668882369995117,2,-0.08561322838068008,-0.24673564732074738,0.3125043511390686
7,21,8.000000000000002,decoder_2,300,0.7241392731666565,36,15,0.6416374444961548,0.020027456805109978,0.557584285736084,0.7241392731666565,15,0.7241392731666565,15,0.6553411483764648,3,-0.018113698810338974,0.34107646346092224,2.0776255130767822
7,19,11.0,decoder_3,300,0.7622319459915161,3,5,0.6582827568054199,0.020290888845920563,0.5782517790794373,0.7622319459915161,10,0.7622319459915161,10,0.6796079874038696,2,-0.037235260009765625,-0.19349272549152374,0.6100879907608032
7,20,9.0,decoder_3,300,0.7074169516563416,27,12,0.6323553323745728,0.011682363227009773,0.5533313751220703,0.7074169516563416,16,0.7074169516563416,16,0.6323553323745728,1,-0.03492586314678192,-0.22438178956508636,1.607048511505127
7,21,8.000000000000002,decoder_3,300,0.7205027341842651,37,15,0.641374945640564,0.013925486244261265,0.5574422478675842,0.7205027341842651,15,0.7205027341842651,15,0.641374945640564,2,-0.09162215143442154,0.20152781903743744,2.06451678276062
7,19,11.0,final_nms07,224,0.6582827568054199,0,0,0.6582827568054199,0.5782517790794373,0.5782517790794373,0.6582827568054199,1,0.6582827568054199,1,0.6582827568054199,1,-0.11165046691894531,-0.2589845061302185,1.0911082029342651
7,20,9.0,final_nms07,224,0.6323553323745728,2,2,0.6323553323745728,0.5533313751220703,0.5533313751220703,0.6323553323745728,2,0.6323553323745728,2,0.6323553323745728,1,-0.1031508818268776,-0.29491621255874634,0.4012005031108856
7,21,8.000000000000002,final_nms07,224,0.641374945640564,1,1,0.641374945640564,0.5574422478675842,0.5574422478675842,0.641374945640564,2,0.641374945640564,2,0.641374945640564,1,-0.09097594022750854,0.19886748492717743,2.7737743854522705
8,22,9.0,encoder_all_counterfactual,8400,0.8225785493850708,3326,3406,0.6779202222824097,0.4313667416572571,0.45704561471939087,0.8225785493850708,19,0.8225785493850708,19,0.8225785493850708,9,0.07256746292114258,-0.12012216448783875,0.9974003434181213
8,23,6.999999999999999,encoder_all_counterfactual,8400,0.7673370838165283,3803,3806,0.6526830196380615,0.08791210502386093,0.4416634738445282,0.7673370838165283,12,0.7673370838165283,12,0.7673370838165283,10,-0.04539070278406143,0.17098267376422882,1.171129584312439
8,24,8.000000000000002,encoder_all_counterfactual,8400,0.7783282995223999,4287,4446,0.7442756295204163,0.07603564113378525,0.4859599769115448,0.7783282995223999,15,0.7783282995223999,15,0.7783282995223999,9,-0.1191382184624672,0.13243824243545532,1.0966159105300903
8,22,9.0,topk,300,0.8225785493850708,3,1,0.6779202222824097,0.4313667416572571,0.45704561471939087,0.8225785493850708,9,0.8225785493850708,9,0.8225785493850708,9,0.07256746292114258,-0.12012216448783875,0.9974003434181213
8,23,6.999999999999999,topk,300,0.7673370838165283,44,2,0.6526830196380615,0.08791210502386093,0.4416634738445282,0.7673370838165283,11,0.7673370838165283,11,0.7673370838165283,10,-0.04539070278406143,0.17098267376422882,1.171129584312439
8,24,8.000000000000002,topk,300,0.7783282995223999,53,0,0.7442756295204163,0.07603564113378525,0.4859599769115448,0.7783282995223999,9,0.7783282995223999,9,0.7783282995223999,9,-0.1191382184624672,0.13243824243545532,1.0966159105300903
8,22,9.0,pre_bbox,300,0.829573392868042,142,3,0.7817067503929138,0.047535642981529236,0.42752236127853394,0.829573392868042,18,0.829573392868042,18,0.7984827160835266,5,-0.09330416470766068,-0.06582004576921463,1.1520787477493286
8,23,6.999999999999999,pre_bbox,300,0.7177024483680725,44,15,0.6197173595428467,0.026453692466020584,0.5157791376113892,0.7177024483680725,14,0.7177024483680725,14,0.6659656763076782,7,-0.12561139464378357,0.24968308210372925,1.2073040008544922
8,24,8.000000000000002,pre_bbox,300,0.8041521310806274,13,37,0.7417590022087097,0.04971039667725563,0.4358758330345154,0.8041521310806274,16,0.8041521310806274,16,0.7790175080299377,5,-0.05662144720554352,0.10350579768419266,1.0142905712127686
8,22,9.0,decoder_1,300,0.8137750029563904,142,3,0.7886949777603149,0.048905275762081146,0.4378894567489624,0.8137750029563904,18,0.8137750029563904,18,0.7957455515861511,5,-0.05935921147465706,-0.07212270796298981,1.2916580438613892
8,23,6.999999999999999,decoder_1,300,0.7590914368629456,110,15,0.6218835711479187,0.0278015099465847,0.5267618894577026,0.7590914368629456,15,0.7590914368629456,15,0.669416069984436,7,-0.1303882598876953,0.1579241305589676,1.5486114025115967
8,24,8.000000000000002,decoder_1,300,0.8187384009361267,298,37,0.7429096698760986,0.05069635808467865,0.44536498188972473,0.8187384009361267,17,0.8187384009361267,17,0.8187384009361267,7,0.022694503888487816,0.15367314219474792,0.7787275910377502
8,22,9.0,decoder_2,300,0.851466715335846,142,3,0.7907325625419617,0.026160212233662605,0.5452804565429688,0.851466715335846,19,0.851466715335846,19,0.8033944964408875,6,-0.013126776553690434,-0.1372080147266388,0.773212194442749
8,23,6.999999999999999,decoder_2,300,0.6639773845672607,110,15,0.6227777600288391,0.017159538343548775,0.595947802066803,0.6639773845672607,16,0.6639773845672607,16,0.6326629519462585,4,-0.22557640075683594,0.2147928923368454,0.8118277192115784
8,24,8.000000000000002,decoder_2,300,0.7968775033950806,14,37,0.7445614337921143,0.021873226389288902,0.5795867443084717,0.7968775033950806,18,0.7968775033950806,18,0.7598737478256226,6,-0.13443563878536224,0.09736565500497818,1.1641758680343628
8,22,9.0,decoder_3,300,0.8461708426475525,142,3,0.7903087735176086,0.011817173101007938,0.5872691869735718,0.8461708426475525,19,0.8461708426475525,19,0.799325704574585,3,-0.004207590129226446,-0.13920380175113678,0.7689169049263
8,23,6.999999999999999,decoder_3,300,0.6642440557479858,110,15,0.6205767393112183,0.012498471885919571,0.5718070268630981,0.6642440557479858,16,0.6642440557479858,16,0.6262649893760681,3,-0.2260761260986328,0.2133580595254898,0.8111705183982849
8,24,8.000000000000002,decoder_3,300,0.794520914554596,14,37,0.7484046816825867,0.014889148063957691,0.5233426690101624,0.794520914554596,18,0.794520914554596,18,0.7484046816825867,2,-0.1361304223537445,0.10104033350944519,1.1682523488998413
8,22,9.0,final_nms07,204,0.7903087735176086,0,0,0.7903087735176086,0.5872691869735718,0.5872691869735718,0.7903087735176086,4,0.7903087735176086,4,0.7903087735176086,1,0.10946424305438995,-0.13484622538089752,0.971490204334259
8,23,6.999999999999999,final_nms07,204,0.6256490349769592,27,1,0.6205767393112183,0.022297950461506844,0.5718070268630981,0.6256490349769592,3,0.6256490349769592,3,0.6205767393112183,1,-0.17205429077148438,0.04112523794174194,3.2615747451782227
8,24,8.000000000000002,final_nms07,204,0.7484046816825867,2,2,0.7484046816825867,0.5233426690101624,0.5233426690101624,0.7484046816825867,3,0.7484046816825867,3,0.7484046816825867,1,-0.055109426379203796,0.21214821934700012,1.0693738460540771
9,25,9.0,encoder_all_counterfactual,8400,0.7551286816596985,3245,3404,0.6553534865379333,0.0451798178255558,0.486956924200058,0.7551286816596985,17,0.7551286816596985,17,0.736952543258667,13,0.11975464224815369,0.18264809250831604,0.2645990550518036
9,26,10.0,encoder_all_counterfactual,8400,0.7548255920410156,3644,3804,0.7138960361480713,0.049933068454265594,0.46981337666511536,0.7548255920410156,19,0.7548255920410156,19,0.7488576173782349,9,-0.14973382651805878,-0.08384502679109573,1.7719944715499878
9,27,10.0,encoder_all_counterfactual,8400,0.7607970237731934,7463,4446,0.50444495677948,0.038173992186784744,0.39708876609802246,0.7607970237731934,12,0.7607970237731934,12,0.6925552487373352,8,-0.08171626180410385,-0.01886804774403572,2.0018458366394043
9,25,9.0,topk,300,0.736952543258667,22,0,0.6553534865379333,0.15682895481586456,0.486956924200058,0.736952543258667,13,0.736952543258667,13,0.736952543258667,13,-0.16882450878620148,-0.11336226761341095,0.3887888491153717
9,26,10.0,topk,300,0.7548255920410156,226,1,0.7138960361480713,0.049933068454265594,0.46981337666511536,0.7548255920410156,10,0.7548255920410156,10,0.7488576173782349,9,-0.14973382651805878,-0.08384502679109573,1.7719944715499878
9,27,10.0,topk,300,0.6925552487373352,8,3,0.50444495677948,0.32965707778930664,0.39708876609802246,0.6925552487373352,9,0.6925552487373352,9,0.6925552487373352,8,0.013196630403399467,-0.15627840161323547,2.6650068759918213
9,25,9.0,pre_bbox,300,0.8429422378540039,22,6,0.7061409950256348,0.025258667767047882,0.4508771300315857,0.8429422378540039,16,0.8429422378540039,16,0.7382261157035828,5,-0.0536503866314888,-0.05030348151922226,0.9632126092910767
9,26,10.0,pre_bbox,300,0.747176468372345,226,13,0.704791247844696,0.11577992886304855,0.5190467238426208,0.747176468372345,16,0.747176468372345,16,0.747176468372345,6,-0.13414527475833893,-0.0860019251704216,1.684973120689392
9,27,10.0,pre_bbox,300,0.7719307541847229,270,27,0.7055577039718628,0.0241298396140337,0.466079443693161,0.7719307541847229,17,0.7719307541847229,17,0.7055577039718628,4,-0.04922785982489586,-0.18810108304023743,1.473648190498352
9,25,9.0,decoder_1,300,0.8834830522537231,22,6,0.7143679261207581,0.025963645428419113,0.46178504824638367,0.8834830522537231,16,0.8834830522537231,16,0.7408660650253296,5,0.04452156648039818,-0.025315146893262863,0.8513696789741516
9,26,10.0,decoder_1,300,0.7362602353096008,226,13,0.7039636969566345,0.120201475918293,0.5297476053237915,0.7362602353096008,15,0.7362602353096008,15,0.7362602353096008,6,-0.1347063034772873,-0.07771360874176025,1.784854531288147
9,27,10.0,decoder_1,300,0.7824826240539551,270,27,0.70118647813797,0.02501155249774456,0.47565317153930664,0.7824826240539551,17,0.7824826240539551,17,0.70118647813797,5,-0.016116322949528694,-0.20469893515110016,1.66873300075531
9,25,9.0,decoder_2,300,0.7932093739509583,22,6,0.7279729247093201,0.01892947033047676,0.571785569190979,0.7932093739509583,17,0.7932093739509583,17,0.7445858120918274,4,-0.005286937579512596,-0.007485182955861092,1.4106292724609375
9,26,10.0,decoder_2,300,0.7193717360496521,143,13,0.693366289138794,0.0229385606944561,0.5464327931404114,0.7193717360496521,18,0.7193717360496521,18,0.693366289138794,2,-0.12408789992332458,-0.0889924094080925,2.0636682510375977
9,27,10.0,decoder_2,300,0.7818495631217957,270,27,0.6776506304740906,0.01707594469189644,0.5577589273452759,0.7818495631217957,17,0.7818495631217957,17,0.6776506304740906,4,-0.07801607996225357,-0.1438930481672287,1.5324991941452026
9,25,9.0,decoder_3,300,0.7926918864250183,22,6,0.7201122045516968,0.019903574138879776,0.5613572001457214,0.7926918864250183,17,0.7926918864250183,17,0.7388016581535339,3,-0.003631782718002796,-0.010972894728183746,1.4322874546051025
9,26,10.0,decoder_3,300,0.7232961058616638,226,13,0.691801130771637,0.02882194146513939,0.5414295792579651,0.7232961058616638,18,0.7232961058616638,18,0.691801130771637,2,-0.13628195226192474,-0.08305421471595764,1.8899331092834473
9,27,10.0,decoder_3,300,0.785256564617157,270,27,0.6832204461097717,0.015253354795277119,0.527866542339325,0.785256564617157,17,0.785256564617157,17,0.6832204461097717,2,-0.0793546587228775,-0.14705733954906464,1.4653621912002563
9,25,9.0,final_nms07,229,0.7201122045516968,0,0,0.7201122045516968,0.5613572001457214,0.5613572001457214,0.7201122045516968,2,0.7201122045516968,2,0.7201122045516968,1,0.1660122573375702,0.10859246551990509,2.169957160949707
9,26,10.0,final_nms07,229,0.691801130771637,1,1,0.691801130771637,0.5414295792579651,0.5414295792579651,0.691801130771637,3,0.691801130771637,3,0.691801130771637,1,-0.07926443964242935,-0.03651109337806702,2.5193536281585693
9,27,10.0,final_nms07,229,0.6832204461097717,2,2,0.6832204461097717,0.527866542339325,0.527866542339325,0.6832204461097717,1,0.6832204461097717,1,0.6832204461097717,1,-0.1754678636789322,-0.13594038784503937,1.7881629467010498
10,28,10.0,encoder_all_counterfactual,8400,0.7916590571403503,2846,3005,0.6663926243782043,0.140193372964859,0.4157301187515259,0.7916590571403503,21,0.7916590571403503,21,0.7916590571403503,11,-0.1737024337053299,0.005213114432990551,0.7282902002334595
10,29,5.999999999999999,encoder_all_counterfactual,8400,0.6652989983558655,7263,3406,0.6048164367675781,0.030850684270262718,0.46721261739730835,0.6652989983558655,15,0.6652989983558655,15,0.6405022740364075,10,-0.0696653351187706,0.4281992018222809,1.625133752822876
10,30,8.000000000000002,encoder_all_counterfactual,8400,0.9007148146629333,4049,3968,0.8399959802627563,0.08768027275800705,0.44176167249679565,0.9007148146629333,24,0.9007148146629333,24,0.9007148146629333,13,-0.04578438028693199,-0.008358712308108807,0.6270498037338257
10,28,10.0,topk,300,0.7916590571403503,23,2,0.6663926243782043,0.140193372964859,0.4157301187515259,0.7916590571403503,13,0.7916590571403503,13,0.7916590571403503,11,-0.1737024337053299,0.005213114432990551,0.7282902002334595
10,29,5.999999999999999,topk,300,0.6405022740364075,7,0,0.6048164367675781,0.35719671845436096,0.46721261739730835,0.6405022740364075,11,0.6405022740364075,11,0.6405022740364075,10,-0.2558538317680359,0.2174467295408249,1.8270642757415771
10,30,8.000000000000002,topk,300,0.9007148146629333,40,1,0.8399959802627563,0.08768027275800705,0.44176167249679565,0.9007148146629333,14,0.9007148146629333,14,0.9007148146629333,13,-0.04578438028693199,-0.008358712308108807,0.6270498037338257
10,28,10.0,pre_bbox,300,0.8281841278076172,23,27,0.802050769329071,0.21136969327926636,0.4624103307723999,0.8281841278076172,17,0.8281841278076172,17,0.8281841278076172,5,-0.1509321928024292,0.005269623827189207,0.3095201551914215
10,29,5.999999999999999,pre_bbox,300,0.6308508515357971,7,35,0.5450881123542786,0.03467686101794243,0.5215855240821838,0.6308508515357971,21,0.6308508515357971,21,0.5880303978919983,7,-0.2349521666765213,0.27805095911026,0.8240056037902832
10,30,8.000000000000002,pre_bbox,300,0.8624851703643799,40,16,0.7640107870101929,0.0317794494330883,0.47333866357803345,0.8624851703643799,20,0.8624851703643799,20,0.7956268787384033,5,-0.045943621546030045,0.08006662130355835,0.7106581926345825
10,28,10.0,decoder_1,300,0.8182477951049805,23,27,0.7916487455368042,0.21883365511894226,0.4732648432254791,0.8182477951049805,16,0.8182477951049805,16,0.8182477951049805,6,-0.15047726035118103,0.011486171744763851,0.4279412627220154
10,29,5.999999999999999,decoder_1,300,0.633195161819458,7,35,0.540739893913269,0.03583115339279175,0.5315602421760559,0.633195161819458,19,0.633195161819458,19,0.587581217288971,7,-0.23412513732910156,0.27359819412231445,0.8056157827377319
10,30,8.000000000000002,decoder_1,300,0.8766202926635742,40,16,0.766913890838623,0.032959528267383575,0.4839300513267517,0.8766202926635742,19,0.8766202926635742,19,0.7899671792984009,5,-0.0486324205994606,0.0616803914308548,0.7378248572349548
10,28,10.0,decoder_2,300,0.8080621361732483,23,27,0.7702374458312988,0.0666532963514328,0.6256958842277527,0.8080621361732483,22,0.8080621361732483,21,0.8080621361732483,2,-0.15735022723674774,0.02056959643959999,0.4412577152252197
10,29,5.999999999999999,decoder_2,300,0.6019226312637329,81,35,0.5620691180229187,0.018375687301158905,0.5356197357177734,0.6019226312637329,19,0.6019226312637329,19,0.563942015171051,3,-0.22280120849609375,0.37466666102409363,0.12281685322523117
10,30,8.000000000000002,decoder_2,300,0.8339083194732666,40,16,0.7545620203018188,0.02605433762073517,0.5558285117149353,0.8339083194732666,22,0.8339083194732666,22,0.7670392990112305,5,-0.09611624479293823,0.09283652156591415,0.3470180928707123
10,28,10.0,decoder_3,300,0.809819757938385,23,27,0.7663649916648865,0.03302620351314545,0.5511584877967834,0.809819757938385,21,0.809819757938385,21,0.7663649916648865,1,-0.15408945083618164,0.018482211977243423,0.44678089022636414
10,29,5.999999999999999,decoder_3,300,0.5991695523262024,81,35,0.5606797337532043,0.017810778692364693,0.5318805575370789,0.5991695523262024,20,0.5991695523262024,20,0.5625296235084534,2,-0.22816848754882812,0.37335440516471863,0.06984803080558777
10,30,8.000000000000002,decoder_3,300,0.8345198631286621,40,16,0.7587357759475708,0.019100695848464966,0.5531061887741089,0.8345198631286621,21,0.8345198631286621,21,0.7587357759475708,2,-0.09738139063119888,0.09040682762861252,0.42945408821105957
10,28,10.0,final_nms07,230,0.7663649916648865,1,1,0.7663649916648865,0.5511584877967834,0.5511584877967834,0.7663649916648865,3,0.7663649916648865,3,0.7663649916648865,1,-0.17854785919189453,0.004637956619262695,0.703457236289978
10,29,5.999999999999999,final_nms07,230,0.5705503225326538,19,2,0.5606797337532043,0.024102943018078804,0.5318805575370789,0.5705503225326538,3,0.5705503225326538,3,0.5606797337532043,1,-0.05772590637207031,0.3829159140586853,2.692897319793701
10,30,8.000000000000002,final_nms07,230,0.7667157053947449,5,0,0.7587357759475708,0.04343436285853386,0.5531061887741089,0.7667157053947449,2,0.7667157053947449,2,0.7587357759475708,1,0.11651192605495453,-0.03391888737678528,2.206637382507324
11,31,8.000000000000002,encoder_all_counterfactual,8400,0.7541377544403076,2925,2924,0.6432225108146667,0.19646236300468445,0.46603885293006897,0.7541377544403076,20,0.7541377544403076,20,0.7541377544403076,13,0.2184963971376419,0.08824258297681808,0.5853618383407593
11,32,9.0,encoder_all_counterfactual,8400,0.8347689509391785,3086,3324,0.6550610065460205,0.01932864636182785,0.47413870692253113,0.8347689509391785,19,0.8347689509391785,19,0.8106299638748169,9,-0.03628816083073616,-0.027491996064782143,1.183038592338562
11,33,9.0,encoder_all_counterfactual,8400,0.8534274101257324,3803,3965,0.740658700466156,0.04536546394228935,0.4698526859283447,0.8534274101257324,21,0.8534274101257324,21,0.849986732006073,14,0.14520171284675598,0.023176854476332664,0.14865140616893768
11,31,8.000000000000002,topk,300,0.7541377544403076,16,2,0.6432225108146667,0.19646236300468445,0.46603885293006897,0.7541377544403076,13,0.7541377544403076,13,0.7541377544403076,13,0.2184963971376419,0.08824258297681808,0.5853618383407593
11,32,9.0,topk,300,0.8106299638748169,92,0,0.6550610065460205,0.06277313828468323,0.47413870692253113,0.8106299638748169,9,0.8106299638748169,9,0.8106299638748169,9,-0.15424609184265137,0.015309118665754795,1.0697904825210571
11,33,9.0,topk,300,0.849986732006073,5,1,0.740658700466156,0.3447834849357605,0.4698526859283447,0.849986732006073,14,0.849986732006073,14,0.849986732006073,14,0.10519581288099289,0.06450984627008438,0.8224024772644043
11,31,8.000000000000002,pre_bbox,300,0.7659670114517212,16,24,0.6849237680435181,0.0269745122641325,0.42549601197242737,0.7659670114517212,16,0.7659670114517212,16,0.7482461929321289,4,0.1634521335363388,0.12212569266557693,0.6441282033920288
11,32,9.0,pre_bbox,300,0.8943480253219604,23,11,0.7295942306518555,0.03624759614467621,0.49910783767700195,0.8943480253219604,12,0.8943480253219604,12,0.8144357800483704,6,-0.00045831469469703734,-0.08422071486711502,0.7880165576934814
11,33,9.0,pre_bbox,300,0.9022760391235352,5,32,0.7961345314979553,0.03277845308184624,0.5007919073104858,0.9022760391235352,17,0.9022760391235352,17,0.8338747024536133,6,0.04213627800345421,0.06349964439868927,0.2641284465789795
11,31,8.000000000000002,decoder_1,300,0.7670556902885437,126,24,0.6875588297843933,0.030302638188004494,0.4359857439994812,0.7670556902885437,16,0.7670556902885437,16,0.7448078393936157,4,0.1614430993795395,0.12247245758771896,0.6447669267654419
11,32,9.0,decoder_1,300,0.8836562037467957,23,11,0.7280418872833252,0.03744947165250778,0.5097844004631042,0.8836562037467957,13,0.8836562037467957,13,0.8067484498023987,6,-0.012907642871141434,-0.10152524709701538,0.8654181361198425
11,33,9.0,decoder_1,300,0.8803945183753967,18,32,0.7957634329795837,0.03403439000248909,0.5100142955780029,0.8803945183753967,16,0.8803945183753967,16,0.8205081224441528,6,-0.1097714975476265,0.005856419447809458,0.523959755897522
11,31,8.000000000000002,decoder_2,300,0.7921497821807861,20,24,0.7250605821609497,0.018463898450136185,0.6006428599357605,0.7921497821807861,18,0.7921497821807861,18,0.762793242931366,3,-0.042744722217321396,0.15579354763031006,1.1353628635406494
11,32,9.0,decoder_2,300,0.8612202405929565,23,11,0.7309170961380005,0.01874493435025215,0.5305295586585999,0.8612202405929565,14,0.8612202405929565,14,0.776684045791626,3,-0.046560902148485184,-0.04332916438579559,0.8469510674476624
11,33,9.0,decoder_2,300,0.8991846442222595,22,32,0.7855638265609741,0.023510422557592392,0.5935800671577454,0.8991846442222595,16,0.8991846442222595,16,0.8105214238166809,3,-0.038175564259290695,-0.04761483147740364,0.604641318321228
11,31,8.000000000000002,decoder_3,300,0.8031849265098572,20,24,0.7404367327690125,0.015079113654792309,0.5857436656951904,0.8031849265098572,18,0.8031849265098572,18,0.7404367327690125,2,-0.04470992833375931,0.14983989298343658,1.0684579610824585
11,32,9.0,decoder_3,300,0.8611339926719666,23,11,0.7321269512176514,0.01741824671626091,0.5403146743774414,0.8611339926719666,14,0.8611339926719666,14,0.7508799433708191,2,-0.051370177417993546,-0.04694850742816925,0.8126161694526672
11,33,9.0,decoder_3,300,0.8979359865188599,22,32,0.7913084030151367,0.013575112447142601,0.5537333488464355,0.8979359865188599,16,0.8979359865188599,16,0.7913084030151367,1,-0.03919662907719612,-0.048008568584918976,0.611858606338501
11,31,8.000000000000002,final_nms07,208,0.7655739188194275,10,0,0.7404367327690125,0.024996398016810417,0.5857436656951904,0.7655739188194275,3,0.7655739188194275,3,0.7404367327690125,1,-0.17094461619853973,0.018326012417674065,1.6400585174560547
11,32,9.0,final_nms07,208,0.7321269512176514,2,2,0.7321269512176514,0.5403146743774414,0.5403146743774414,0.7321269512176514,4,0.7321269512176514,4,0.7321269512176514,1,-0.043947622179985046,0.0646454393863678,1.9595345258712769
11,33,9.0,final_nms07,208,0.7913084030151367,1,1,0.7913084030151367,0.5537333488464355,0.5537333488464355,0.7913084030151367,1,0.7913084030151367,1,0.7913084030151367,1,-0.11233349144458771,0.01796439290046692,1.398433804512024
12,34,8.000000000000002,encoder_all_counterfactual,8400,0.8634608387947083,2685,2845,0.781593382358551,0.11283022910356522,0.36594918370246887,0.8634608387947083,16,0.8634608387947083,16,0.8634608387947083,10,0.153299018740654,0.0007610408938489854,1.0244946479797363
12,35,8.000000000000002,encoder_all_counterfactual,8400,0.8901429176330566,3166,3246,0.5421509146690369,0.3424054682254791,0.4170568883419037,0.8901429176330566,17,0.8901429176330566,17,0.8901429176330566,12,0.03740318864583969,0.0009383271681144834,0.6941081285476685
12,36,10.0,encoder_all_counterfactual,8400,0.8133336901664734,3806,3808,0.6116198301315308,0.23882833123207092,0.4779765009880066,0.8133336901664734,26,0.8133336901664734,26,0.8133336901664734,15,0.1706749051809311,-0.05556230619549751,0.3308437764644623
12,34,8.000000000000002,topk,300,0.8634608387947083,29,3,0.781593382358551,0.11283022910356522,0.36594918370246887,0.8634608387947083,10,0.8634608387947083,10,0.8634608387947083,10,0.153299018740654,0.0007610408938489854,1.0244946479797363
12,35,8.000000000000002,topk,300,0.8901429176330566,4,2,0.5421509146690369,0.3424054682254791,0.4170568883419037,0.8901429176330566,12,0.8901429176330566,12,0.8901429176330566,12,0.03740318864583969,0.0009383271681144834,0.6941081285476685
12,36,10.0,topk,300,0.8133336901664734,12,0,0.6116198301315308,0.23882833123207092,0.4779765009880066,0.8133336901664734,15,0.8133336901664734,15,0.8133336901664734,15,0.1706749051809311,-0.05556230619549751,0.3308437764644623
12,34,8.000000000000002,pre_bbox,300,0.8330390453338623,5,29,0.7871027588844299,0.09891092032194138,0.44585317373275757,0.8330390453338623,14,0.8330390453338623,14,0.8330390453338623,6,0.14039266109466553,-0.056629978120326996,0.42276209592819214
12,35,8.000000000000002,pre_bbox,300,0.8992964029312134,107,37,0.8183378577232361,0.04035448655486107,0.465952068567276,0.8992964029312134,21,0.8992964029312134,21,0.8672764301300049,8,-0.019633404910564423,0.0004599026287905872,0.59453284740448
12,36,10.0,pre_bbox,300,0.875653862953186,12,14,0.7309903502464294,0.02991611137986183,0.42998433113098145,0.875653862953186,21,0.875653862953186,21,0.7644443511962891,5,0.058879777789115906,-0.05891779065132141,0.7125194668769836
12,34,8.000000000000002,decoder_1,300,0.8358278274536133,5,29,0.7945399880409241,0.10280730575323105,0.4564345180988312,0.8358278274536133,15,0.8358278274536133,15,0.8358278274536133,6,0.14331123232841492,-0.05043083429336548,0.3218647241592407
12,35,8.000000000000002,decoder_1,300,0.8914726376533508,107,37,0.8272216320037842,0.041143640875816345,0.47652316093444824,0.8914726376533508,16,0.8914726376533508,16,0.8700876832008362,9,0.0701431930065155,-0.01635473407804966,0.6562873721122742
12,36,10.0,decoder_1,300,0.8944272994995117,12,14,0.7285866141319275,0.030814984813332558,0.43928176164627075,0.8944272994995117,21,0.8944272994995117,21,0.7996636629104614,5,0.0828041210770607,-0.014151345007121563,0.7944820523262024
12,34,8.000000000000002,decoder_2,300,0.8606204390525818,22,29,0.8077660799026489,0.0371900349855423,0.6019841432571411,0.8606204390525818,15,0.8606204390525818,15,0.8077660799026489,2,0.10853025317192078,-0.05070866271853447,0.8501197695732117
12,35,8.000000000000002,decoder_2,300,0.8848089575767517,107,37,0.8722889423370361,0.01864868588745594,0.5460996031761169,0.8848089575767517,19,0.8848089575767517,19,0.8722889423370361,4,0.01711675524711609,-0.003123796544969082,0.776085615158081
12,36,10.0,decoder_2,300,0.9173377156257629,12,14,0.7145324349403381,0.024572299793362617,0.48857176303863525,0.9173377156257629,22,0.9173377156257629,22,0.734261691570282,3,0.03189412131905556,-0.042426012456417084,0.4410686492919922
12,34,8.000000000000002,decoder_3,300,0.8598632216453552,22,29,0.8072805404663086,0.019307954236865044,0.5457035899162292,0.8598632216453552,15,0.8598632216453552,15,0.8072805404663086,1,0.10895773768424988,-0.05124754458665848,0.7728284597396851
12,35,8.000000000000002,decoder_3,300,0.8989800810813904,107,37,0.8768393397331238,0.011920035816729069,0.5537948608398438,0.8989800810813904,19,0.8989800810813904,19,0.8768393397331238,1,0.01544615626335144,-0.002957215765491128,0.7292894124984741
12,36,10.0,decoder_3,300,0.9057573676109314,12,13,0.7290209531784058,0.014010903425514698,0.5272578597068787,0.9057573676109314,22,0.9057573676109314,22,0.7290209531784058,2,0.037298783659935,-0.04496697708964348,0.53349369764328
12,34,8.000000000000002,final_nms07,231,0.8072805404663086,1,1,0.8072805404663086,0.5457035899162292,0.5457035899162292,0.8072805404663086,3,0.8072805404663086,3,0.8072805404663086,1,0.17389342188835144,0.010601313784718513,1.0249207019805908
12,35,8.000000000000002,final_nms07,231,0.8768393397331238,0,0,0.8768393397331238,0.5537948608398438,0.5537948608398438,0.8768393397331238,4,0.8768393397331238,4,0.8768393397331238,1,0.06462261080741882,0.019180549308657646,0.7419294714927673
12,36,10.0,final_nms07,231,0.7290209531784058,2,2,0.7290209531784058,0.5272578597068787,0.5272578597068787,0.7290209531784058,3,0.7290209531784058,3,0.7290209531784058,1,-0.13900317251682281,-0.1532810926437378,0.8821613192558289
13,37,10.0,encoder_all_counterfactual,8400,0.8224098682403564,2685,2843,0.6504185199737549,0.0758664682507515,0.4681851863861084,0.8224098682403564,26,0.8224098682403564,26,0.8224098682403564,15,-0.0961325615644455,0.10957971960306168,0.6925392150878906
13,38,11.0,encoder_all_counterfactual,8400,0.8591474890708923,7182,3244,0.5646374225616455,0.04341408982872963,0.4661693871021271,0.8591474890708923,14,0.8591474890708923,14,0.6959658265113831,10,-0.05079059675335884,-0.016832035034894943,1.0216481685638428
13,39,8.000000000000002,encoder_all_counterfactual,8400,0.8695393204689026,3647,3805,0.8265168070793152,0.020834585651755333,0.4584101140499115,0.8695393204689026,19,0.8695393204689026,19,0.8286088109016418,13,-0.05474443733692169,0.00011881982209160924,0.7284520268440247
13,37,10.0,topk,300,0.8224098682403564,78,0,0.6504185199737549,0.0758664682507515,0.4681851863861084,0.8224098682403564,15,0.8224098682403564,15,0.8224098682403564,15,-0.0961325615644455,0.10957971960306168,0.6925392150878906
13,38,11.0,topk,300,0.6959658265113831,29,1,0.5646374225616455,0.12517227232456207,0.4661693871021271,0.6959658265113831,10,0.6959658265113831,10,0.6959658265113831,10,-0.19202403724193573,-0.13862936198711395,1.463632345199585
13,39,8.000000000000002,topk,300,0.8286088109016418,191,2,0.8265168070793152,0.0540408231317997,0.4584101140499115,0.8286088109016418,13,0.8286088109016418,13,0.8286088109016418,13,0.04868871346116066,0.12027595192193985,1.2252906560897827
13,37,10.0,pre_bbox,300,0.8567017316818237,78,4,0.7609492540359497,0.05924104526638985,0.5015435218811035,0.8567017316818237,20,0.8567017316818237,20,0.8567017316818237,7,-0.09971246868371964,0.05651203170418739,0.4566400647163391
13,38,11.0,pre_bbox,300,0.7551360130310059,171,9,0.6052470207214355,0.038835588842630386,0.5427523851394653,0.7551360130310059,13,0.7551360130310059,13,0.6957224607467651,6,-0.09657392650842667,-0.16414234042167664,1.1208714246749878
13,39,8.000000000000002,pre_bbox,300,0.8614571690559387,5,16,0.7665238380432129,0.02709260769188404,0.5112038254737854,0.8614571690559387,25,0.8614571690559387,25,0.8178457617759705,6,0.1256878525018692,0.03121245466172695,0.28191888332366943
13,37,10.0,decoder_1,300,0.8630307912826538,36,4,0.7541524171829224,0.03795350715517998,0.5119485259056091,0.8630307912826538,20,0.8630307912826538,20,0.8526186347007751,7,0.002590179443359375,0.0007693233783356845,1.3839117288589478
13,38,11.0,decoder_1,300,0.7125207185745239,171,9,0.6036458611488342,0.04025620222091675,0.5530388355255127,0.7125207185745239,13,0.7125207185745239,13,0.7048932313919067,6,-0.11296272277832031,-0.1967415064573288,0.9270102381706238
13,39,8.000000000000002,decoder_1,300,0.8740217089653015,77,16,0.783922016620636,0.025599965825676918,0.521744966506958,0.8740217089653015,23,0.8740217089653015,23,0.8141368627548218,6,0.11631938815116882,-0.0026263841427862644,0.9814594984054565
13,37,10.0,decoder_2,300,0.8805245161056519,36,4,0.7214124798774719,0.01932639069855213,0.5790338516235352,0.8805245161056519,22,0.8805245161056519,21,0.7487978935241699,2,-0.046779632568359375,-0.01682509481906891,0.853824257850647
13,38,11.0,decoder_2,300,0.7073892951011658,24,9,0.5981335043907166,0.018002333119511604,0.5431426763534546,0.7073892951011658,17,0.7073892951011658,16,0.655498743057251,3,-0.1721649169921875,-0.13834601640701294,1.8094782829284668
13,39,8.000000000000002,decoder_2,300,0.8944987058639526,127,16,0.8441454172134399,0.018521515652537346,0.6288741230964661,0.8944987058639526,24,0.8944987058639526,24,0.8609175682067871,4,-0.03038385510444641,0.08661429584026337,0.1688138097524643
13,37,10.0,decoder_3,300,0.881607174873352,36,4,0.7175232172012329,0.010843138210475445,0.5513235330581665,0.881607174873352,24,0.881607174873352,24,0.7516522407531738,3,-0.03884315490722656,-0.019640076905488968,0.8492417335510254
13,38,11.0,decoder_3,300,0.7135292291641235,24,9,0.5962685942649841,0.012676654383540154,0.5522300601005554,0.7135292291641235,17,0.7135292291641235,17,0.6218762993812561,2,-0.16902732849121094,-0.14077261090278625,1.7112393379211426
13,39,8.000000000000002,decoder_3,300,0.8872286081314087,127,16,0.8377928137779236,0.014094471000134945,0.5494536757469177,0.8872286081314087,24,0.8872286081314087,24,0.8377928137779236,3,-0.0029907524585723877,0.07708773761987686,0.34316107630729675
13,37,10.0,final_nms07,226,0.744043231010437,131,1,0.7175232172012329,0.004527198150753975,0.5513235330581665,0.744043231010437,5,0.744043231010437,5,0.7175232172012329,2,-0.015241622924804688,-0.02387145906686783,2.4103164672851562
13,38,11.0,final_nms07,226,0.5962685942649841,0,0,0.5962685942649841,0.5522300601005554,0.5522300601005554,0.5962685942649841,2,0.5962685942649841,2,0.5962685942649841,1,-0.22801589965820312,-0.22761432826519012,0.656225323677063
13,39,8.000000000000002,final_nms07,226,0.8377928137779236,2,2,0.8377928137779236,0.5494536757469177,0.5494536757469177,0.8377928137779236,4,0.8377928137779236,4,0.8377928137779236,1,0.11013790965080261,0.0751936137676239,0.637692928314209
14,40,8.000000000000002,encoder_all_counterfactual,8400,0.8623473644256592,2768,2768,0.8623473644256592,0.4578927457332611,0.4578927457332611,0.8623473644256592,22,0.8623473644256592,22,0.8623473644256592,15,-0.03511807322502136,0.12322783470153809,0.44979962706565857
14,41,6.999999999999999,encoder_all_counterfactual,8400,0.7955065369606018,2928,3168,0.5656812787055969,0.03712940216064453,0.3776317834854126,0.7955065369606018,11,0.7955065369606018,11,0.7106067538261414,8,-0.1454879194498062,0.01604359596967697,0.70829176902771
14,42,5.999999999999999,encoder_all_counterfactual,8400,0.6598191261291504,3649,3649,0.6598191261291504,0.46269211173057556,0.46269211173057556,0.6598191261291504,12,0.6598191261291504,12,0.6598191261291504,10,-0.09043978154659271,0.41613486409187317,0.8256545066833496
14,40,8.000000000000002,topk,300,0.8623473644256592,1,1,0.8623473644256592,0.4578927457332611,0.4578927457332611,0.8623473644256592,15,0.8623473644256592,15,0.8623473644256592,15,-0.03511807322502136,0.12322783470153809,0.44979962706565857
14,41,6.999999999999999,topk,300,0.7106067538261414,31,4,0.5656812787055969,0.09452412277460098,0.3776317834854126,0.7106067538261414,8,0.7106067538261414,8,0.7106067538261414,8,-0.12485185265541077,0.1877138763666153,1.6221544742584229
14,42,5.999999999999999,topk,300,0.6598191261291504,0,0,0.6598191261291504,0.46269211173057556,0.46269211173057556,0.6598191261291504,11,0.6598191261291504,11,0.6598191261291504,10,-0.09043978154659271,0.41613486409187317,0.8256545066833496
14,40,8.000000000000002,pre_bbox,300,0.8371285200119019,1,29,0.7027093172073364,0.062279485166072845,0.4593868553638458,0.8371285200119019,22,0.8371285200119019,22,0.8371285200119019,7,0.037824951112270355,0.15102432668209076,0.2795129716396332
14,41,6.999999999999999,pre_bbox,300,0.7955952286720276,31,11,0.5770654082298279,0.041950806975364685,0.43416011333465576,0.7955952286720276,14,0.7955952286720276,14,0.631074070930481,5,-0.023924745619297028,0.18217429518699646,0.43098312616348267
14,42,5.999999999999999,pre_bbox,300,0.6462503671646118,14,28,0.5712181329727173,0.03198937699198723,0.5077424049377441,0.6462503671646118,17,0.6462503671646118,17,0.6105497479438782,5,-0.10309384763240814,0.36119094491004944,1.4847259521484375
14,40,8.000000000000002,decoder_1,300,0.8326917290687561,1,29,0.6999409794807434,0.06465189903974533,0.4694291055202484,0.8326917290687561,20,0.8326917290687561,20,0.8326917290687561,8,0.040068965405225754,0.15465733408927917,0.24030806124210358
14,41,6.999999999999999,decoder_1,300,0.7975637316703796,81,11,0.5731045603752136,0.0425700768828392,0.444223016500473,0.7975637316703796,14,0.7975637316703796,14,0.6182655096054077,5,-0.059546079486608505,0.1905072182416916,0.20570233464241028
14,42,5.999999999999999,decoder_1,300,0.6497433185577393,80,28,0.568111002445221,0.03173818439245224,0.5180787444114685,0.6497433185577393,16,0.6497433185577393,16,0.6056071519851685,5,-0.11785449087619781,0.331466943025589,1.5738952159881592
14,40,8.000000000000002,decoder_2,300,0.8334864974021912,13,29,0.74758380651474,0.02215425856411457,0.539638876914978,0.8334864974021912,22,0.8334864974021912,21,0.74758380651474,3,-0.015898577868938446,0.14532385766506195,0.943994402885437
14,41,6.999999999999999,decoder_2,300,0.8443094491958618,81,11,0.6181890368461609,0.025269536301493645,0.5403968095779419,0.8443094491958618,19,0.8443094491958618,19,0.6354759931564331,2,-0.03774399682879448,0.14517545700073242,0.6613488793373108
14,42,5.999999999999999,decoder_2,300,0.6229609847068787,80,28,0.5899509787559509,0.016593286767601967,0.6019645929336548,0.6229609847068787,17,0.6229609847068787,17,0.6035830974578857,4,-0.14542120695114136,0.43507081270217896,0.7902570366859436
14,40,8.000000000000002,decoder_3,300,0.8400833010673523,13,29,0.7500215768814087,0.023764370009303093,0.546606183052063,0.8400833010673523,22,0.8400833010673523,22,0.7500215768814087,2,-0.012856356799602509,0.14260978996753693,1.0128233432769775
14,41,6.999999999999999,decoder_3,300,0.8564577102661133,81,11,0.6213389039039612,0.01797463372349739,0.5505003333091736,0.8564577102661133,18,0.8564577102661133,18,0.6368926763534546,2,-0.02299746684730053,0.1440611481666565,0.6463921070098877
14,42,5.999999999999999,decoder_3,300,0.6242520213127136,80,28,0.5924166440963745,0.015253397636115551,0.558134913444519,0.6242520213127136,17,0.6242520213127136,17,0.5924166440963745,1,-0.14265593886375427,0.43552863597869873,0.8021443486213684
14,40,8.000000000000002,final_nms07,225,0.8238459229469299,10,2,0.7500215768814087,0.031643517315387726,0.546606183052063,0.8238459229469299,4,0.8238459229469299,4,0.7500215768814087,1,-0.14286060631275177,0.03259880468249321,0.6218951940536499
14,41,6.999999999999999,final_nms07,225,0.8170010447502136,9,1,0.6213389039039612,0.033274997025728226,0.5505003333091736,0.8170010447502136,4,0.8170010447502136,4,0.6213389039039612,1,0.012801830656826496,-0.11392264813184738,0.8521681427955627
14,42,5.999999999999999,final_nms07,225,0.5924166440963745,0,0,0.5924166440963745,0.558134913444519,0.558134913444519,0.5924166440963745,3,0.5924166440963745,3,0.5924166440963745,1,-0.11372126638889313,0.559691846370697,1.0495232343673706
15,43,7.0,encoder_all_counterfactual,8400,0.8690745830535889,2768,2927,0.7580780982971191,0.057299643754959106,0.44653451442718506,0.8690745830535889,13,0.8690745830535889,13,0.8690745830535889,10,0.08223670721054077,-0.04484155401587486,0.653044581413269
15,44,9.0,encoder_all_counterfactual,8400,0.940064549446106,3167,3328,0.8128438591957092,0.051240142434835434,0.45915332436561584,0.940064549446106,14,0.940064549446106,14,0.940064549446106,10,-0.041650280356407166,0.008834370411932468,0.22946631908416748
15,45,8.000000000000002,encoder_all_counterfactual,8400,0.8403109312057495,3727,3809,0.7263221144676208,0.10792750120162964,0.4395894408226013,0.8403109312057495,19,0.8403109312057495,19,0.8403109312057495,11,-0.010983794927597046,-0.07737188041210175,0.752249538898468
15,43,7.0,topk,300,0.8690745830535889,123,1,0.7580780982971191,0.057299643754959106,0.44653451442718506,0.8690745830535889,11,0.8690745830535889,11,0.8690745830535889,10,0.08223670721054077,-0.04484155401587486,0.653044581413269
15,44,9.0,topk,300,0.940064549446106,164,0,0.8128438591957092,0.051240142434835434,0.45915332436561584,0.940064549446106,11,0.940064549446106,11,0.940064549446106,10,-0.041650280356407166,0.008834370411932468,0.22946631908416748
15,45,8.000000000000002,topk,300,0.8403109312057495,29,2,0.7263221144676208,0.10792750120162964,0.4395894408226013,0.8403109312057495,12,0.8403109312057495,12,0.8403109312057495,11,-0.010983794927597046,-0.07737188041210175,0.752249538898468
15,43,7.0,pre_bbox,300,0.8475952744483948,123,10,0.7983788251876831,0.1055242270231247,0.46794527769088745,0.8475952744483948,17,0.8475952744483948,17,0.8475952744483948,7,0.1356382519006729,-0.04229851812124252,0.7264702320098877
15,44,9.0,pre_bbox,300,0.8909524083137512,21,8,0.7287858724594116,0.12506167590618134,0.516750156879425,0.8909524083137512,16,0.8909524083137512,16,0.8909524083137512,8,-0.04323660582304001,0.00433307932689786,0.7449812293052673
15,45,8.000000000000002,pre_bbox,300,0.878028154373169,27,30,0.7783612012863159,0.025847667828202248,0.47922152280807495,0.878028154373169,16,0.878028154373169,16,0.7783612012863159,5,0.08760678768157959,0.02145787514746189,0.5221822261810303
15,43,7.0,decoder_1,300,0.8561835885047913,123,10,0.8033024668693542,0.10902968794107437,0.47796157002449036,0.8561835885047913,17,0.8561835885047913,17,0.8561835885047913,7,0.13310593366622925,-0.03368844836950302,0.7222736477851868
15,44,9.0,decoder_1,300,0.889972448348999,21,8,0.7269889116287231,0.12936943769454956,0.525913417339325,0.889972448348999,15,0.889972448348999,15,0.889972448348999,8,-0.03491653874516487,0.03232528269290924,0.7040699124336243
15,45,8.000000000000002,decoder_1,300,0.8926632404327393,27,30,0.7814217805862427,0.026686251163482666,0.4893486201763153,0.8926632404327393,16,0.8926632404327393,16,0.7814217805862427,5,0.0843629539012909,0.024370096623897552,0.4351026713848114
15,43,7.0,decoder_2,300,0.8579766154289246,123,10,0.8186594247817993,0.024595016613602638,0.5387951135635376,0.8579766154289246,17,0.8579766154289246,17,0.8186594247817993,2,0.12012479454278946,-0.04343283921480179,0.6935824155807495
15,44,9.0,decoder_2,300,0.8886770606040955,150,8,0.7595465183258057,0.017903119325637817,0.5357781648635864,0.8886770606040955,15,0.8886770606040955,15,0.7595465183258057,2,-0.06940437108278275,0.038421206176280975,0.6941748857498169
15,45,8.000000000000002,decoder_2,300,0.8411902785301208,27,30,0.7376905679702759,0.023883070796728134,0.5891562104225159,0.8411902785301208,16,0.8411902785301208,16,0.7376905679702759,2,0.057609766721725464,0.12402934581041336,0.4812581539154053
15,43,7.0,decoder_3,300,0.8572986721992493,123,10,0.8221057653427124,0.017195692285895348,0.5489895343780518,0.8572986721992493,17,0.8572986721992493,17,0.8221057653427124,2,0.11720546334981918,-0.04693569615483284,0.7082213163375854
15,44,9.0,decoder_3,300,0.8888996243476868,150,8,0.7609666585922241,0.015777302905917168,0.513832688331604,0.8888996243476868,16,0.8888996243476868,16,0.7609666585922241,2,-0.06633883714675903,0.03297879174351692,0.7208422422409058
15,45,8.000000000000002,decoder_3,300,0.8404631614685059,27,30,0.7445695996284485,0.01571640558540821,0.5315442681312561,0.8404631614685059,16,0.8404631614685059,16,0.7445695996284485,1,0.05915972590446472,0.12336360663175583,0.495132714509964
15,43,7.0,final_nms07,242,0.8221057653427124,0,0,0.8221057653427124,0.5489895343780518,0.5489895343780518,0.8221057653427124,2,0.8221057653427124,2,0.8221057653427124,1,0.18060654401779175,-0.03454115614295006,0.5758033394813538
15,44,9.0,final_nms07,242,0.7609666585922241,2,2,0.7609666585922241,0.513832688331604,0.513832688331604,0.7609666585922241,4,0.7609666585922241,4,0.7609666585922241,1,-0.11483953148126602,-0.051491618156433105,1.419541597366333
15,45,8.000000000000002,final_nms07,242,0.7445695996284485,1,1,0.7445695996284485,0.5315442681312561,0.5315442681312561,0.7445695996284485,3,0.7445695996284485,3,0.7445695996284485,1,0.046251267194747925,0.12130872160196304,1.4408279657363892
16,46,6.999999999999999,encoder_all_counterfactual,8400,0.7889156937599182,2142,2303,0.7043623924255371,0.06039663031697273,0.3881393373012543,0.7889156937599182,12,0.7889156937599182,12,0.7889156937599182,9,0.1702413707971573,-0.06899905204772949,1.3320525884628296
16,46,6.999999999999999,topk,300,0.7889156937599182,60,0,0.7043623924255371,0.06039663031697273,0.3881393373012543,0.7889156937599182,9,0.7889156937599182,9,0.7889156937599182,9,0.1702413707971573,-0.06899905204772949,1.3320525884628296
16,46,6.999999999999999,pre_bbox,300,0.8330570459365845,8,14,0.7792108058929443,0.05013561248779297,0.5221255421638489,0.8330570459365845,23,0.8330570459365845,23,0.8330570459365845,19,0.15499792993068695,0.039303191006183624,1.0488667488098145
16,46,6.999999999999999,decoder_1,300,0.8281795382499695,8,14,0.7824539542198181,0.05154392868280411,0.5324116945266724,0.8281795382499695,22,0.8281795382499695,22,0.8281795382499695,17,0.16602635383605957,0.03553607314825058,0.9073864221572876
16,46,6.999999999999999,decoder_2,300,0.8303949236869812,8,14,0.8233791589736938,0.039318352937698364,0.5798678398132324,0.8303949236869812,22,0.8303949236869812,22,0.8233791589736938,3,0.1760052740573883,0.024012429639697075,0.5767002701759338
16,46,6.999999999999999,decoder_3,300,0.8249083161354065,8,14,0.800696074962616,0.014035516418516636,0.5599768161773682,0.8249083161354065,25,0.8249083161354065,25,0.8110204935073853,2,0.19661064445972443,0.010795747861266136,0.5269678235054016
16,46,6.999999999999999,final_nms07,193,0.800696074962616,0,0,0.800696074962616,0.5599768161773682,0.5599768161773682,0.800696074962616,3,0.800696074962616,3,0.800696074962616,1,0.21905967593193054,-0.009210670366883278,0.23839883506298065
17,47,8.999999999999998,encoder_all_counterfactual,8400,0.7548124194145203,4700,4860,0.5483841896057129,0.07177223265171051,0.38727959990501404,0.7548124194145203,11,0.7548124194145203,11,0.7548124194145203,8,0.027207281440496445,-0.025972943753004074,1.816719889640808
17,47,8.999999999999998,topk,300,0.7548124194145203,26,0,0.5483841896057129,0.07177223265171051,0.38727959990501404,0.7548124194145203,8,0.7548124194145203,8,0.7548124194145203,8,0.027207281440496445,-0.025972943753004074,1.816719889640808
17,47,8.999999999999998,pre_bbox,300,0.8009330034255981,151,26,0.7528524398803711,0.03820248693227768,0.3418460488319397,0.8009330034255981,12,0.8009330034255981,12,0.7528524398803711,7,0.09737289696931839,0.07867025583982468,1.4303160905838013
17,47,8.999999999999998,decoder_1,300,0.7962031960487366,151,26,0.750268816947937,0.03944951295852661,0.3508244454860687,0.7962031960487366,10,0.7962031960487366,10,0.750268816947937,7,0.13574367761611938,0.09067630022764206,1.4310424327850342
17,47,8.999999999999998,decoder_2,300,0.7736107707023621,151,26,0.7300674915313721,0.054545026272535324,0.4272611439228058,0.7736107707023621,11,0.7736107707023621,11,0.7736107707023621,5,0.08565648645162582,0.09220443665981293,1.6649483442306519
17,47,8.999999999999998,decoder_3,300,0.7833568453788757,151,26,0.7348955869674683,0.022653372958302498,0.5234450101852417,0.7833568453788757,11,0.7833568453788757,11,0.7348955869674683,3,0.10292770713567734,0.07594028860330582,1.468139410018921
17,47,8.999999999999998,final_nms07,196,0.7348955869674683,0,0,0.7348955869674683,0.5234450101852417,0.5234450101852417,0.7348955869674683,1,0.7348955869674683,1,0.7348955869674683,1,0.09239958971738815,0.03880341351032257,2.0828559398651123
18,48,8.0,encoder_all_counterfactual,8400,0.719667375087738,3179,3341,0.33672016859054565,0.03630547598004341,0.40654289722442627,0.719667375087738,10,0.719667375087738,10,0.659315288066864,6,0.2370041012763977,-0.13234153389930725,1.192030429840088
18,48,8.0,topk,300,0.659315288066864,6,0,0.33672016859054565,0.16763894259929657,0.40654289722442627,0.659315288066864,6,0.659315288066864,6,0.659315288066864,6,0.3714403212070465,-0.11566951870918274,1.349131464958191
18,48,8.0,pre_bbox,300,0.7531813979148865,6,9,0.6099120378494263,0.05364213138818741,0.3377969264984131,0.7531813979148865,11,0.7531813979148865,11,0.7531813979148865,5,0.1657361537218094,-0.1393885761499405,1.617980718612671
18,48,8.0,decoder_1,300,0.7550966739654541,6,9,0.6185780167579651,0.05511825159192085,0.346528559923172,0.7550966739654541,9,0.7550966739654541,9,0.7550966739654541,5,0.16134366393089294,-0.13334661722183228,1.8052273988723755
18,48,8.0,decoder_2,300,0.7228056788444519,44,113,0.5795717239379883,0.03999722748994827,0.5080189108848572,0.7228056788444519,12,0.7228056788444519,12,0.6116747856140137,3,0.16771233081817627,-0.15582753717899323,1.600351095199585
18,48,8.0,decoder_3,300,0.7254757285118103,44,113,0.5945804715156555,0.022283101454377174,0.5214895009994507,0.7254757285118103,13,0.7254757285118103,13,0.6151707172393799,4,0.17746078968048096,-0.16524697840213776,1.46534264087677
18,48,8.0,final_nms07,193,0.5945804715156555,0,0,0.5945804715156555,0.5214895009994507,0.5214895009994507,0.5945804715156555,2,0.5945804715156555,2,0.5945804715156555,2,0.09186236560344696,-0.22887857258319855,2.393723487854004
19,49,8.0,encoder_all_counterfactual,8400,0.6864842176437378,3742,3822,0.6591386795043945,0.21090389788150787,0.39756685495376587,0.6864842176437378,8,0.6864842176437378,8,0.6864842176437378,5,0.18243102729320526,-0.2152385115623474,1.0749915838241577
19,49,8.0,topk,300,0.6864842176437378,3,0,0.6591386795043945,0.21090389788150787,0.39756685495376587,0.6864842176437378,6,0.6864842176437378,6,0.6864842176437378,5,0.18243102729320526,-0.2152385115623474,1.0749915838241577
19,49,8.0,pre_bbox,300,0.7850640416145325,9,2,0.6023861765861511,0.03612610325217247,0.40490812063217163,0.7850640416145325,17,0.7850640416145325,17,0.7001515626907349,10,-0.022429317235946655,-0.11299651861190796,1.341530203819275
19,49,8.0,decoder_1,300,0.699272632598877,0,2,0.5999838709831238,0.0872650220990181,0.4156748056411743,0.699272632598877,14,0.699272632598877,14,0.699272632598877,11,0.39113765954971313,-0.037462398409843445,1.1437784433364868
19,49,8.0,decoder_2,300,0.6903286576271057,7,103,0.6489139795303345,0.035410452634096146,0.5122291445732117,0.6903286576271057,16,0.6903286576271057,15,0.67447429895401,7,0.26959118247032166,-0.1518198847770691,1.0386981964111328
19,49,8.0,decoder_3,300,0.6846286058425903,20,103,0.6468512415885925,0.08074143528938293,0.5211600065231323,0.6846286058425903,17,0.6846286058425903,17,0.6846286058425903,4,0.05852213129401207,-0.06838725507259369,2.5439395904541016
19,49,8.0,final_nms07,203,0.6468512415885925,0,0,0.6468512415885925,0.5211600065231323,0.5211600065231323,0.6468512415885925,5,0.6468512415885925,5,0.6468512415885925,2,0.1654360294342041,-0.22218535840511322,1.870866298675537
20,50,6.999999999999999,encoder_all_counterfactual,8400,0.6446598172187805,3981,3902,0.5531058311462402,0.10856213420629501,0.34813192486763,0.6446598172187805,13,0.6446598172187805,13,0.6446598172187805,9,-0.2859293520450592,-0.030701173469424248,2.4529051780700684
20,50,6.999999999999999,topk,300,0.6446598172187805,16,0,0.5531058311462402,0.10856213420629501,0.34813192486763,0.6446598172187805,9,0.6446598172187805,9,0.6446598172187805,9,-0.2859293520450592,-0.030701173469424248,2.4529051780700684
20,50,6.999999999999999,pre_bbox,300,0.8328186869621277,6,24,0.6201846599578857,0.041711125522851944,0.41317060589790344,0.8328186869621277,21,0.8328186869621277,21,0.629571259021759,12,0.010939852334558964,0.17903108894824982,1.1561967134475708
20,50,6.999999999999999,decoder_1,300,0.8369579911231995,6,24,0.6208816170692444,0.04273463040590286,0.42365217208862305,0.8369579911231995,19,0.8369579911231995,19,0.6409851312637329,13,0.026797086000442505,0.16362328827381134,0.9073121547698975
20,50,6.999999999999999,decoder_2,300,0.7735158801078796,6,24,0.6060125231742859,0.020165476948022842,0.5350383520126343,0.7735158801078796,21,0.7735158801078796,21,0.6747901439666748,6,-0.02290126495063305,0.2232213318347931,0.6782070994377136
20,50,6.999999999999999,decoder_3,300,0.7755057215690613,6,24,0.6123542189598083,0.018046023324131966,0.5390565395355225,0.7755057215690613,22,0.7755057215690613,22,0.6710469126701355,3,-0.009005995467305183,0.21830523014068604,0.6601620316505432
20,50,6.999999999999999,final_nms07,233,0.7425744533538818,38,0,0.6123542189598083,0.017590003088116646,0.5390565395355225,0.7425744533538818,5,0.7425744533538818,5,0.6123542189598083,2,-0.11720699816942215,0.13479673862457275,1.9220929145812988
21,51,9.999999999999998,encoder_all_counterfactual,8400,0.8544614911079407,3339,3501,0.612572193145752,0.01528770662844181,0.3678400218486786,0.8544614911079407,11,0.8544614911079407,11,0.8022060990333557,7,0.06639079004526138,0.03243909031152725,1.0570411682128906
21,51,9.999999999999998,topk,300,0.8022060990333557,1,0,0.612572193145752,0.2881748378276825,0.3678400218486786,0.8022060990333557,7,0.8022060990333557,7,0.8022060990333557,7,-0.0028992025181651115,-0.08506734669208527,1.3264137506484985
21,51,9.999999999999998,pre_bbox,300,0.7762611508369446,45,8,0.6390870809555054,0.08521632105112076,0.4099805951118469,0.7762611508369446,16,0.7762611508369446,16,0.7762611508369446,14,-0.04419655725359917,-0.04194639250636101,2.024778127670288
21,51,9.999999999999998,decoder_1,300,0.7681897282600403,1,8,0.6418911218643188,0.18355022370815277,0.4203796088695526,0.7681897282600403,13,0.7681897282600403,13,0.7681897282600403,12,-0.000546111783478409,-0.06581111997365952,1.9596426486968994
21,51,9.999999999999998,decoder_2,300,0.7794468402862549,92,8,0.6609048247337341,0.0387289859354496,0.5885761380195618,0.7794468402862549,17,0.7794468402862549,17,0.6609048247337341,3,0.20950405299663544,0.06073194369673729,1.1797387599945068
21,51,9.999999999999998,decoder_3,300,0.7852573990821838,92,8,0.6446376442909241,0.014783434569835663,0.5643847584724426,0.7852573990821838,16,0.7852573990821838,16,0.6504794359207153,2,0.2168099582195282,0.04656320437788963,1.1805431842803955
21,51,9.999999999999998,final_nms07,200,0.7852573990821838,73,0,0.6446376442909241,0.014783434569835663,0.5643847584724426,0.7852573990821838,4,0.7852573990821838,4,0.6446376442909241,1,0.2168099582195282,0.04656320437788963,1.1805431842803955
22,52,9.999999999999998,encoder_all_counterfactual,8400,0.8017410039901733,2458,2380,0.7015742063522339,0.0417465940117836,0.4290081262588501,0.8017410039901733,26,0.8017410039901733,26,0.7015742063522339,10,0.2113654613494873,-0.015255437232553959,1.7912715673446655
22,52,9.999999999999998,topk,300,0.8017410039901733,228,0,0.7015742063522339,0.0417465940117836,0.4290081262588501,0.8017410039901733,14,0.8017410039901733,14,0.7015742063522339,10,0.2113654613494873,-0.015255437232553959,1.7912715673446655
22,52,9.999999999999998,pre_bbox,300,0.9095377326011658,228,6,0.685642421245575,0.051440540701150894,0.4432584345340729,0.9095377326011658,17,0.9095377326011658,17,0.9095377326011658,10,-0.0040166182443499565,-0.03978180140256882,0.7237643599510193
22,52,9.999999999999998,decoder_1,300,0.9024001359939575,228,6,0.6925703883171082,0.05327548459172249,0.45278313755989075,0.9024001359939575,15,0.9024001359939575,15,0.9024001359939575,10,0.0005961541901342571,-0.03166564553976059,0.8081943988800049
22,52,9.999999999999998,decoder_2,300,0.8671744465827942,228,6,0.6990188360214233,0.024519363418221474,0.5094616413116455,0.8671744465827942,19,0.8671744465827942,19,0.8437150120735168,5,-0.009815401397645473,-0.041535280644893646,1.0353527069091797
22,52,9.999999999999998,decoder_3,300,0.8828862309455872,228,6,0.7038454413414001,0.015904825180768967,0.5168173313140869,0.8828862309455872,20,0.8828862309455872,20,0.7948996424674988,2,-0.00416876096278429,-0.05268524959683418,0.8957315683364868
22,52,9.999999999999998,final_nms07,182,0.7038454413414001,0,0,0.7038454413414001,0.5168173313140869,0.5168173313140869,0.7038454413414001,5,0.7038454413414001,5,0.7038454413414001,1,-0.17805936932563782,-0.14367684721946716,1.2021985054016113
23,53,9.999999999999998,encoder_all_counterfactual,8400,0.867778480052948,3422,3583,0.5507159233093262,0.061254750937223434,0.4909874498844147,0.867778480052948,22,0.867778480052948,22,0.867778480052948,11,-0.012440323829650879,-0.010071083903312683,1.0577625036239624
23,53,9.999999999999998,topk,300,0.867778480052948,56,0,0.5507159233093262,0.061254750937223434,0.4909874498844147,0.867778480052948,12,0.867778480052948,12,0.867778480052948,11,-0.012440323829650879,-0.010071083903312683,1.0577625036239624
23,53,9.999999999999998,pre_bbox,300,0.836150586605072,12,3,0.7570177316665649,0.020299188792705536,0.5069699883460999,0.836150586605072,27,0.836150586605072,27,0.825940728187561,12,0.12555533647537231,0.04848756268620491,1.424781322479248
23,53,9.999999999999998,decoder_1,300,0.8371158838272095,56,3,0.7587359547615051,0.19840897619724274,0.5178154110908508,0.8371158838272095,21,0.8371158838272095,21,0.8371158838272095,11,-0.037010308355093,0.013211260549724102,1.3162996768951416
23,53,9.999999999999998,decoder_2,300,0.8747305274009705,65,3,0.8148410320281982,0.032200876623392105,0.5722330212593079,0.8747305274009705,26,0.8747305274009705,25,0.8491633534431458,8,0.05608205869793892,0.0011500227265059948,0.8848578333854675
23,53,9.999999999999998,decoder_3,300,0.861303985118866,65,3,0.8007878065109253,0.019424065947532654,0.5525588989257812,0.861303985118866,25,0.861303985118866,25,0.8336891531944275,4,0.0661294087767601,-0.0015471827937290072,0.9157836437225342
23,53,9.999999999999998,final_nms07,211,0.8007878065109253,0,0,0.8007878065109253,0.5525588989257812,0.5525588989257812,0.8007878065109253,5,0.8007878065109253,5,0.8007878065109253,1,-0.07675038278102875,-0.028831899166107178,1.7964129447937012
24,54,10.000000000000002,encoder_all_counterfactual,8400,0.671944260597229,2782,2942,0.6339329481124878,0.06449032574892044,0.4511595368385315,0.671944260597229,13,0.671944260597229,13,0.671944260597229,10,-0.10202354192733765,-0.13917899131774902,2.904864549636841
24,54,10.000000000000002,topk,300,0.671944260597229,62,0,0.6339329481124878,0.06449032574892044,0.4511595368385315,0.671944260597229,10,0.671944260597229,10,0.671944260597229,10,-0.10202354192733765,-0.13917899131774902,2.904864549636841
24,54,10.000000000000002,pre_bbox,300,0.8332329988479614,18,4,0.675300657749176,0.04517316445708275,0.49104228615760803,0.8332329988479614,30,0.8332329988479614,30,0.675300657749176,12,0.12684105336666107,-0.00866630021482706,0.8510981798171997
24,54,10.000000000000002,decoder_1,300,0.8491509556770325,218,4,0.6760050058364868,0.014243165031075478,0.5017750859260559,0.8491509556770325,30,0.8491509556770325,30,0.6760050058364868,13,-0.08982618898153305,0.024984007701277733,1.3028357028961182
24,54,10.000000000000002,decoder_2,300,0.8424282073974609,218,4,0.7023604512214661,0.11157744377851486,0.5769028663635254,0.8424282073974609,34,0.8424282073974609,34,0.8424282073974609,6,-0.08677397668361664,0.030707450583577156,1.3573100566864014
24,54,10.000000000000002,decoder_3,300,0.8450833559036255,218,4,0.7018696069717407,0.04624173790216446,0.5752079486846924,0.8450833559036255,34,0.8450833559036255,34,0.7018696069717407,2,-0.08747666329145432,0.027875861153006554,1.3460752964019775
24,54,10.000000000000002,final_nms07,178,0.8450833559036255,3,0,0.7018696069717407,0.04624173790216446,0.5752079486846924,0.8450833559036255,6,0.8450833559036255,6,0.7018696069717407,1,-0.08747666329145432,0.027875861153006554,1.3460752964019775
25,55,9.999999999999998,encoder_all_counterfactual,8400,0.8250378370285034,2219,2300,0.560990035533905,0.09175316244363785,0.42535844445228577,0.8250378370285034,14,0.8250378370285034,14,0.8250378370285034,8,-0.030156495049595833,-0.1063009649515152,1.478920340538025
25,55,9.999999999999998,topk,300,0.8250378370285034,12,0,0.560990035533905,0.09175316244363785,0.42535844445228577,0.8250378370285034,9,0.8250378370285034,9,0.8250378370285034,8,-0.030156495049595833,-0.1063009649515152,1.478920340538025
25,55,9.999999999999998,pre_bbox,300,0.827451229095459,12,2,0.7189147472381592,0.10929557681083679,0.46799227595329285,0.827451229095459,12,0.827451229095459,12,0.827451229095459,7,-0.03841804713010788,-0.08069264888763428,1.4437628984451294
25,55,9.999999999999998,decoder_1,300,0.8209283947944641,12,2,0.7186495065689087,0.11329381167888641,0.4781482517719269,0.8209283947944641,12,0.8209283947944641,12,0.8209283947944641,7,-0.035913728177547455,-0.06824414432048798,1.5326679944992065
25,55,9.999999999999998,decoder_2,300,0.7885746955871582,12,2,0.7003415822982788,0.03728562593460083,0.5551199316978455,0.7885746955871582,15,0.7885746955871582,15,0.716824471950531,2,-0.03941129893064499,-0.05262884870171547,1.7158445119857788
25,55,9.999999999999998,decoder_3,300,0.7969720363616943,12,2,0.7000591158866882,0.02244165539741516,0.5292219519615173,0.7969720363616943,15,0.7969720363616943,15,0.7000591158866882,1,-0.03539513051509857,-0.05963406339287758,1.6236933469772339
25,55,9.999999999999998,final_nms07,236,0.7000591158866882,0,0,0.7000591158866882,0.5292219519615173,0.5292219519615173,0.7000591158866882,2,0.7000591158866882,2,0.7000591158866882,1,-0.09450346976518631,-0.012738705612719059,2.4496967792510986
26,56,10.000000000000002,encoder_all_counterfactual,8400,0.7015073299407959,2621,2622,0.4532392919063568,0.379202276468277,0.41634872555732727,0.7015073299407959,17,0.7015073299407959,17,0.7015073299407959,9,-0.018428057432174683,-0.21762190759181976,1.1678175926208496
26,56,10.000000000000002,topk,300,0.7015073299407959,1,0,0.4532392919063568,0.379202276468277,0.41634872555732727,0.7015073299407959,10,0.7015073299407959,10,0.7015073299407959,9,-0.018428057432174683,-0.21762190759181976,1.1678175926208496
26,56,10.000000000000002,pre_bbox,300,0.7130281925201416,66,6,0.6604147553443909,0.031540270894765854,0.35420942306518555,0.7130281925201416,14,0.7130281925201416,14,0.7112601399421692,8,0.23671838641166687,-0.14218218624591827,1.5538535118103027
26,56,10.000000000000002,decoder_1,300,0.7324471473693848,10,6,0.658179521560669,0.036414984613657,0.3645685315132141,0.7324471473693848,14,0.7324471473693848,14,0.7175971865653992,8,-0.07021445780992508,-0.2122415155172348,0.2714743912220001
26,56,10.000000000000002,decoder_2,300,0.7698214054107666,66,5,0.7158660888671875,0.033591579645872116,0.5818931460380554,0.7698214054107666,17,0.7698214054107666,16,0.7158660888671875,4,0.14162902534008026,-0.1359732300043106,1.2872724533081055
26,56,10.000000000000002,decoder_3,300,0.7664604187011719,66,5,0.7156446576118469,0.022907448932528496,0.556779146194458,0.7664604187011719,17,0.7664604187011719,17,0.7156446576118469,3,0.14759686589241028,-0.13577039539813995,1.3179714679718018
26,56,10.000000000000002,final_nms07,195,0.7156446576118469,0,0,0.7156446576118469,0.556779146194458,0.556779146194458,0.7156446576118469,3,0.7156446576118469,3,0.7156446576118469,1,-0.07569735497236252,-0.1816035956144333,1.2894617319107056
27,57,13.999999999999998,encoder_all_counterfactual,8400,0.7358577847480774,7102,3002,0.6431143879890442,0.025785665959119797,0.4241359233856201,0.7358577847480774,20,0.7358577847480774,20,0.7190249562263489,12,-0.07362321764230728,0.10785620659589767,3.597846746444702
27,58,12.999999999999998,encoder_all_counterfactual,8400,0.72160804271698,7221,3403,0.5535314083099365,0.04869210347533226,0.4974803924560547,0.72160804271698,18,0.72160804271698,18,0.6826416254043579,13,0.14970843493938446,0.09728994220495224,2.9344992637634277
27,59,12.999999999999998,encoder_all_counterfactual,8400,0.7529066205024719,3963,3883,0.6039682626724243,0.3103891909122467,0.5098243355751038,0.7529066205024719,22,0.7529066205024719,22,0.7529066205024719,13,-0.1954297572374344,-0.04334289953112602,0.8568109273910522
27,57,13.999999999999998,topk,300,0.7190249562263489,14,2,0.6431143879890442,0.24843445420265198,0.4241359233856201,0.7190249562263489,12,0.7190249562263489,12,0.7190249562263489,12,-0.23664192855358124,-0.006247235462069511,0.9836973547935486
27,58,12.999999999999998,topk,300,0.72160804271698,263,1,0.5535314083099365,0.04869210347533226,0.4974803924560547,0.72160804271698,14,0.72160804271698,14,0.6826416254043579,13,0.14970843493938446,0.09728994220495224,2.9344992637634277
27,59,12.999999999999998,topk,300,0.7529066205024719,8,0,0.6039682626724243,0.3103891909122467,0.5098243355751038,0.7529066205024719,13,0.7529066205024719,13,0.7529066205024719,13,-0.1954297572374344,-0.04334289953112602,0.8568109273910522
27,57,13.999999999999998,pre_bbox,300,0.7688094973564148,6,25,0.5270044207572937,0.04439163580536842,0.5111236572265625,0.7688094973564148,13,0.7688094973564148,13,0.6099663972854614,6,-0.1878785341978073,0.05157052353024483,2.0308542251586914
27,58,12.999999999999998,pre_bbox,300,0.8027693629264832,263,3,0.6588705778121948,0.14254306256771088,0.5037642121315002,0.8027693629264832,17,0.8027693629264832,17,0.8027693629264832,8,0.08048362284898758,0.012611153535544872,2.127589464187622
27,59,12.999999999999998,pre_bbox,300,0.7265140414237976,8,9,0.620191752910614,0.02957216277718544,0.528008759021759,0.7265140414237976,15,0.7265140414237976,15,0.648946225643158,6,-0.17693805694580078,-0.05952560156583786,1.8199845552444458
27,57,13.999999999999998,decoder_1,300,0.7881197333335876,6,25,0.5257852673530579,0.045860640704631805,0.5220945477485657,0.7881197333335876,13,0.7881197333335876,13,0.6350144147872925,6,-0.17156259715557098,0.06174801290035248,1.8335719108581543
27,58,12.999999999999998,decoder_1,300,0.8104361295700073,263,3,0.6522935032844543,0.14792826771736145,0.5152179598808289,0.8104361295700073,20,0.8104361295700073,20,0.8104361295700073,8,0.08819941431283951,0.024009469896554947,1.9210851192474365
27,59,12.999999999999998,decoder_1,300,0.7941638827323914,8,9,0.6193097233772278,0.030617939308285713,0.5389819145202637,0.7941638827323914,16,0.7941638827323914,16,0.7258635759353638,8,-0.1132439374923706,-0.01753465086221695,1.71961510181427
27,57,13.999999999999998,decoder_2,300,0.7474969029426575,24,25,0.5449801683425903,0.022404491901397705,0.547252893447876,0.7474969029426575,14,0.7474969029426575,14,0.5542277097702026,3,-0.19961293041706085,0.08840344846248627,1.6814159154891968
27,58,12.999999999999998,decoder_2,300,0.8952733278274536,263,3,0.6366559863090515,0.07268475741147995,0.5817729234695435,0.8952733278274536,22,0.8952733278274536,22,0.8952733278274536,6,0.031149020418524742,-0.05520416051149368,1.1152929067611694
27,59,12.999999999999998,decoder_2,300,0.7291251420974731,22,9,0.6349111795425415,0.017329629510641098,0.6027266979217529,0.7291251420974731,16,0.7291251420974731,16,0.646845817565918,3,-0.13016462326049805,-0.1617671698331833,1.5731028318405151
27,57,13.999999999999998,decoder_3,300,0.7667213678359985,24,25,0.5466073751449585,0.02225625328719616,0.5794408321380615,0.7667213678359985,14,0.7667213678359985,14,0.5587537288665771,3,-0.20376469194889069,0.048344675451517105,1.2780009508132935
27,58,12.999999999999998,decoder_3,300,0.8862033486366272,263,3,0.6285058856010437,0.021230019629001617,0.58641517162323,0.8862033486366272,22,0.8862033486366272,22,0.6285058856010437,3,0.039492882788181305,-0.05584234744310379,1.1134734153747559
27,59,12.999999999999998,decoder_3,300,0.7321071624755859,22,9,0.6372697353363037,0.010778251104056835,0.5912070274353027,0.7321071624755859,16,0.7321071624755859,16,0.6474120616912842,3,-0.12239325791597366,-0.16579341888427734,1.6168932914733887
27,57,13.999999999999998,final_nms07,207,0.7667213678359985,24,2,0.5466073751449585,0.02225625328719616,0.5794408321380615,0.7667213678359985,2,0.7667213678359985,2,0.5466073751449585,1,-0.20376469194889069,0.048344675451517105,1.2780009508132935
27,58,12.999999999999998,final_nms07,207,0.8862033486366272,26,1,0.6285058856010437,0.021230019629001617,0.58641517162323,0.8862033486366272,4,0.8862033486366272,4,0.6285058856010437,1,0.039492882788181305,-0.05584234744310379,1.1134734153747559
27,59,12.999999999999998,final_nms07,207,0.6372697353363037,0,0,0.6372697353363037,0.5912070274353027,0.5912070274353027,0.6372697353363037,2,0.6372697353363037,2,0.6372697353363037,1,-0.2116192877292633,-0.18661117553710938,2.5585765838623047
28,60,12.999999999999998,encoder_all_counterfactual,8400,0.8276639580726624,3000,3001,0.7399044632911682,0.32545486092567444,0.40307193994522095,0.8276639580726624,22,0.8276639580726624,22,0.8276639580726624,16,-0.10244807600975037,-0.0778651237487793,0.9618298411369324
28,61,13.0,encoder_all_counterfactual,8400,0.7906928062438965,7221,3481,0.7005483508110046,0.03867175802588463,0.44833701848983765,0.7906928062438965,20,0.7906928062438965,20,0.7316908240318298,11,-0.040753379464149475,0.0868925154209137,2.3955090045928955
28,62,13.999999999999998,encoder_all_counterfactual,8400,0.7944409251213074,7341,3962,0.5881569981575012,0.0395718552172184,0.4533618986606598,0.7944409251213074,28,0.7944409251213074,28,0.793900191783905,13,-0.09899814426898956,0.0030012454371899366,2.199005603790283
28,60,12.999999999999998,topk,300,0.8276639580726624,9,2,0.7399044632911682,0.32545486092567444,0.40307193994522095,0.8276639580726624,16,0.8276639580726624,16,0.8276639580726624,16,-0.10244807600975037,-0.0778651237487793,0.9618298411369324
28,61,13.0,topk,300,0.7316908240318298,7,1,0.7005483508110046,0.3387465178966522,0.44833701848983765,0.7316908240318298,12,0.7316908240318298,12,0.7316908240318298,11,-0.18286149203777313,-0.10456819832324982,0.3677991032600403
28,62,13.999999999999998,topk,300,0.793900191783905,170,0,0.5881569981575012,0.0547034852206707,0.4533618986606598,0.793900191783905,13,0.793900191783905,13,0.793900191783905,13,0.04720029979944229,0.07399152219295502,2.6481354236602783
28,60,12.999999999999998,pre_bbox,300,0.8036250472068787,9,22,0.7264777421951294,0.05806969478726387,0.4831414818763733,0.8036250472068787,19,0.8036250472068787,19,0.8036250472068787,8,-0.10679731518030167,-0.07583540678024292,1.4730110168457031
28,61,13.0,pre_bbox,300,0.8474705219268799,260,8,0.6174370050430298,0.07271488755941391,0.4335784614086151,0.8474705219268799,18,0.8474705219268799,18,0.8474705219268799,7,0.06326872110366821,0.1097690612077713,0.5661811828613281
28,62,13.999999999999998,pre_bbox,300,0.8004042506217957,29,6,0.6254572868347168,0.05644012242555618,0.4536837637424469,0.8004042506217957,18,0.8004042506217957,18,0.8004042506217957,8,-0.06883905827999115,-0.12303043156862259,2.1070938110351562
28,60,12.999999999999998,decoder_1,300,0.8429276943206787,32,22,0.7230151295661926,0.02915128320455551,0.49417319893836975,0.8429276943206787,18,0.8429276943206787,18,0.8303955793380737,9,-0.05122529715299606,-0.08749470114707947,1.2962212562561035
28,61,13.0,decoder_1,300,0.8195379972457886,260,8,0.6156582832336426,0.07570355385541916,0.4446071684360504,0.8195379972457886,19,0.8195379972457886,19,0.8195379972457886,7,0.07823009788990021,0.13166941702365875,0.483795166015625
28,62,13.999999999999998,decoder_1,300,0.7951042056083679,29,6,0.625610888004303,0.05880949646234512,0.4645867347717285,0.7951042056083679,19,0.7951042056083679,19,0.7951042056083679,8,-0.0622318759560585,-0.11780231446027756,2.2594830989837646
28,60,12.999999999999998,decoder_2,300,0.8343886137008667,30,22,0.7118354439735413,0.02123061567544937,0.5832154154777527,0.8343886137008667,19,0.8343886137008667,19,0.7440345883369446,2,-0.10215330123901367,0.07449289411306381,1.562731385231018
28,61,13.0,decoder_2,300,0.9223448038101196,260,8,0.6081291437149048,0.04825296252965927,0.578261137008667,0.9223448038101196,19,0.9223448038101196,19,0.6138124465942383,2,0.025994177907705307,0.056724123656749725,0.36710304021835327
28,62,13.999999999999998,decoder_2,300,0.7903935313224792,170,6,0.6212752461433411,0.042722783982753754,0.5957412123680115,0.7903935313224792,21,0.7903935313224792,21,0.6571169495582581,4,-0.03140864148736,0.005721844267100096,2.652506113052368
28,60,12.999999999999998,decoder_3,300,0.8111382722854614,30,22,0.7080499529838562,0.017320990562438965,0.5647158622741699,0.8111382722854614,20,0.8111382722854614,20,0.7390477657318115,2,-0.12525726854801178,0.04457687959074974,1.2465161085128784
28,61,13.0,decoder_3,300,0.9129709601402283,260,8,0.6047558188438416,0.027037326246500015,0.5661110281944275,0.9129709601402283,19,0.9129709601402283,19,0.6155954599380493,2,0.03617174178361893,0.05708793178200722,0.2657402753829956
28,62,13.999999999999998,decoder_3,300,0.7848809957504272,29,6,0.6177798509597778,0.014922231435775757,0.5833080410957336,0.7848809957504272,21,0.7848809957504272,21,0.6590045094490051,2,-0.08725976198911667,-0.11364384740591049,1.9526396989822388
28,60,12.999999999999998,final_nms07,210,0.7610998153686523,51,2,0.7080499529838562,0.01765010878443718,0.5647158622741699,0.7610998153686523,3,0.7610998153686523,3,0.7080499529838562,1,0.055892832577228546,0.10281362384557724,2.5751821994781494
28,61,13.0,final_nms07,210,0.9129709601402283,15,1,0.6047558188438416,0.027037326246500015,0.5661110281944275,0.9129709601402283,3,0.9129709601402283,3,0.6047558188438416,1,0.03617174178361893,0.05708793178200722,0.2657402753829956
28,62,13.999999999999998,final_nms07,210,0.7842953205108643,28,0,0.6177798509597778,0.022222362458705902,0.5833080410957336,0.7842953205108643,2,0.7842953205108643,2,0.6177798509597778,1,-0.02054465375840664,0.0043479399755597115,2.658144235610962
29,63,9.0,encoder_all_counterfactual,8400,0.8157564997673035,2921,3080,0.6250326037406921,0.1436922252178192,0.39353784918785095,0.8157564997673035,19,0.8157564997673035,19,0.8157564997673035,14,0.024805989116430283,0.19618327915668488,1.3740105628967285
29,64,8.999999999999998,encoder_all_counterfactual,8400,0.8885562419891357,3561,3481,0.6641006469726562,0.2684493660926819,0.4430166184902191,0.8885562419891357,24,0.8885562419891357,24,0.8885562419891357,17,-0.04847784340381622,0.03882531076669693,0.722480297088623
29,65,9.999999999999998,encoder_all_counterfactual,8400,0.8444706797599792,7421,3961,0.8436716794967651,0.02823667600750923,0.42032721638679504,0.8444706797599792,28,0.8444706797599792,28,0.8436716794967651,16,0.06706653535366058,0.040304817259311676,1.4755197763442993
29,63,9.0,topk,300,0.8157564997673035,26,3,0.6250326037406921,0.1436922252178192,0.39353784918785095,0.8157564997673035,15,0.8157564997673035,15,0.8157564997673035,14,0.024805989116430283,0.19618327915668488,1.3740105628967285
29,64,8.999999999999998,topk,300,0.8885562419891357,11,0,0.6641006469726562,0.2684493660926819,0.4430166184902191,0.8885562419891357,17,0.8885562419891357,17,0.8885562419891357,17,-0.04847784340381622,0.03882531076669693,0.722480297088623
29,65,9.999999999999998,topk,300,0.8436716794967651,1,1,0.8436716794967651,0.42032721638679504,0.42032721638679504,0.8436716794967651,17,0.8436716794967651,17,0.8436716794967651,16,-0.004925425164401531,0.09849420189857483,0.8580452799797058
29,63,9.0,pre_bbox,300,0.8233948945999146,51,29,0.7460023164749146,0.06787820905447006,0.547783613204956,0.8233948945999146,21,0.8233948945999146,21,0.8233948945999146,8,0.017355410382151604,0.1850978434085846,1.6749998331069946
29,64,8.999999999999998,pre_bbox,300,0.8660097122192383,11,7,0.7009235620498657,0.026783647015690804,0.5109458565711975,0.8660097122192383,23,0.8660097122192383,23,0.7733181715011597,7,0.021483564749360085,0.04902670532464981,0.9157974720001221
29,65,9.999999999999998,pre_bbox,300,0.9118297696113586,18,18,0.9118297696113586,0.5354458093643188,0.5354458093643188,0.9118297696113586,22,0.9118297696113586,22,0.9118297696113586,11,-0.025943053886294365,0.045461565256118774,0.519515872001648
29,63,9.0,decoder_1,300,0.8153058886528015,32,29,0.7456284165382385,0.03619333356618881,0.5583837628364563,0.8153058886528015,19,0.8153058886528015,19,0.7952622771263123,8,0.08794362843036652,0.09093905240297318,1.4552074670791626
29,64,8.999999999999998,decoder_1,300,0.8477599620819092,11,7,0.7080259323120117,0.02768152393400669,0.5219035744667053,0.8477599620819092,22,0.8477599620819092,22,0.7787631750106812,7,0.08909071981906891,0.07531031221151352,0.8556644320487976
29,65,9.999999999999998,decoder_1,300,0.9110701680183411,280,18,0.9094852209091187,0.05332517623901367,0.5453293323516846,0.9110701680183411,22,0.9110701680183411,22,0.9110701680183411,10,-0.00014701418695040047,0.08651865273714066,0.8008288741111755
29,63,9.0,decoder_2,300,0.8150084018707275,32,29,0.782309353351593,0.015378382988274097,0.5556990504264832,0.8150084018707275,22,0.8150084018707275,22,0.782309353351593,2,0.024660954251885414,0.14701375365257263,1.271575689315796
29,64,8.999999999999998,decoder_2,300,0.8949683904647827,128,7,0.7594377398490906,0.017149128019809723,0.564170241355896,0.8949683904647827,22,0.8949683904647827,22,0.7913942337036133,3,0.006936418358236551,-0.042980849742889404,0.5977762937545776
29,65,9.999999999999998,decoder_2,300,0.9419293403625488,18,18,0.9419293403625488,0.5808519124984741,0.5808519124984741,0.9419293403625488,23,0.9419293403625488,23,0.9419293403625488,4,-0.03279424086213112,0.02774411253631115,0.18200169503688812
29,63,9.0,decoder_3,300,0.8137843608856201,32,29,0.795327365398407,0.014309732243418694,0.5693537592887878,0.8137843608856201,22,0.8137843608856201,22,0.795327365398407,1,0.0285666361451149,0.14345838129520416,1.298722505569458
29,64,8.999999999999998,decoder_3,300,0.8912813067436218,54,7,0.7619020938873291,0.01243004109710455,0.5771592259407043,0.8912813067436218,22,0.8912813067436218,22,0.7858158349990845,3,0.08090046793222427,0.019737588241696358,0.5804811120033264
29,65,9.999999999999998,decoder_3,300,0.9468632340431213,18,18,0.9468632340431213,0.5550084710121155,0.5550084710121155,0.9468632340431213,23,0.9468632340431213,23,0.9468632340431213,2,-0.02862313948571682,0.0266517736017704,0.10198678076267242
29,63,9.0,final_nms07,191,0.795327365398407,1,1,0.795327365398407,0.5693537592887878,0.5693537592887878,0.795327365398407,6,0.795327365398407,6,0.795327365398407,1,0.013370373286306858,0.20688238739967346,1.7153784036636353
29,64,8.999999999999998,final_nms07,191,0.7619020938873291,0,0,0.7619020938873291,0.5771592259407043,0.5771592259407043,0.7619020938873291,1,0.7619020938873291,1,0.7619020938873291,1,0.20145919919013977,0.09242559224367142,0.6719898581504822
29,65,9.999999999999998,final_nms07,191,0.9468632340431213,2,2,0.9468632340431213,0.5550084710121155,0.5550084710121155,0.9468632340431213,3,0.9468632340431213,3,0.9468632340431213,1,-0.02862313948571682,0.0266517736017704,0.10198678076267242
30,66,9.0,encoder_all_counterfactual,8400,0.8070616126060486,2841,3000,0.5681628584861755,0.06515611708164215,0.45616382360458374,0.8070616126060486,19,0.8070616126060486,19,0.8070616126060486,13,-0.038913141936063766,0.11051550507545471,1.5345492362976074
30,67,9.0,encoder_all_counterfactual,8400,0.7973636984825134,3801,3961,0.6591100096702576,0.09926260262727737,0.48250389099121094,0.7973636984825134,20,0.7973636984825134,20,0.7973636984825134,12,0.05130590870976448,0.19018201529979706,1.1818015575408936
30,68,8.0,encoder_all_counterfactual,8400,0.6625887155532837,3319,3481,0.5249258279800415,0.05225428193807602,0.4217931032180786,0.6625887155532837,18,0.6625887155532837,18,0.6625887155532837,10,-0.09584618359804153,0.26935315132141113,3.019044876098633
30,66,9.0,topk,300,0.8070616126060486,93,1,0.5681628584861755,0.06515611708164215,0.45616382360458374,0.8070616126060486,13,0.8070616126060486,13,0.8070616126060486,13,-0.038913141936063766,0.11051550507545471,1.5345492362976074
30,67,9.0,topk,300,0.7973636984825134,39,0,0.6591100096702576,0.09926260262727737,0.48250389099121094,0.7973636984825134,12,0.7973636984825134,12,0.7973636984825134,12,0.05130590870976448,0.19018201529979706,1.1818015575408936
30,68,8.0,topk,300,0.6625887155532837,227,2,0.5249258279800415,0.05225428193807602,0.4217931032180786,0.6625887155532837,10,0.6625887155532837,10,0.6625887155532837,10,-0.09584618359804153,0.26935315132141113,3.019044876098633
30,66,9.0,pre_bbox,300,0.8344564437866211,24,16,0.6506422758102417,0.04985233023762703,0.5935023427009583,0.8344564437866211,21,0.8344564437866211,21,0.764000654220581,14,-0.06380730122327805,0.08023246377706528,1.1165258884429932
30,67,9.0,pre_bbox,300,0.8747665286064148,288,39,0.7825756669044495,0.03777014836668968,0.5604609251022339,0.8747665286064148,16,0.8747665286064148,16,0.8166167736053467,8,0.03353213518857956,0.05815812200307846,0.9525668621063232
30,68,8.0,pre_bbox,300,0.6782523989677429,175,25,0.6234015822410583,0.025993380695581436,0.5555493235588074,0.6782523989677429,15,0.6782523989677429,15,0.6504009962081909,7,-0.20189625024795532,0.21554559469223022,1.7542619705200195
30,66,9.0,decoder_1,300,0.8215389847755432,24,16,0.6548089981079102,0.051882073283195496,0.6035830974578857,0.8215389847755432,17,0.8215389847755432,17,0.8215389847755432,13,-0.0712185651063919,0.06434298306703568,1.1833009719848633
30,67,9.0,decoder_1,300,0.899998128414154,288,39,0.7775495648384094,0.03911500796675682,0.570536732673645,0.899998128414154,17,0.899998128414154,17,0.7934837937355042,8,0.010831382125616074,0.019949140027165413,0.7097743153572083
30,68,8.0,decoder_1,300,0.7152578234672546,175,25,0.6305657625198364,0.026595713570713997,0.5665784478187561,0.7152578234672546,14,0.7152578234672546,14,0.6355884075164795,7,-0.10086853802204132,0.2859095335006714,1.965746283531189
30,66,9.0,decoder_2,300,0.8872306942939758,290,16,0.663396418094635,0.03190777450799942,0.6099840402603149,0.8872306942939758,19,0.8872306942939758,19,0.663396418094635,5,0.07739982008934021,-0.024977900087833405,0.7232208251953125
30,67,9.0,decoder_2,300,0.9252092838287354,288,6,0.7761133313179016,0.02896771766245365,0.6267902851104736,0.9252092838287354,19,0.9252092838287354,19,0.8183927536010742,6,-0.010656801052391529,0.06724203377962112,0.21878822147846222
30,68,8.0,decoder_2,300,0.6932064294815063,175,31,0.629552960395813,0.01990359276533127,0.5726479887962341,0.6932064294815063,16,0.6932064294815063,16,0.629552960395813,3,-0.13270774483680725,0.289558082818985,1.042447566986084
30,66,9.0,decoder_3,300,0.8914667963981628,290,16,0.6652610301971436,0.022123990580439568,0.5760242938995361,0.8914667963981628,19,0.8914667963981628,19,0.6652610301971436,3,0.07358770817518234,-0.045945171266794205,0.39850497245788574
30,67,9.0,decoder_3,300,0.9285191297531128,288,6,0.774718701839447,0.011158394627273083,0.592848539352417,0.9285191297531128,19,0.9285191297531128,19,0.7836965322494507,2,-0.009617624804377556,0.058710888028144836,0.4001777172088623
30,68,8.0,decoder_3,300,0.6959890723228455,175,31,0.6288551688194275,0.011480197310447693,0.5632625818252563,0.6959890723228455,17,0.6959890723228455,17,0.6288551688194275,3,-0.1322673261165619,0.2843734323978424,1.011777400970459
30,66,9.0,final_nms07,223,0.8914667963981628,16,1,0.6652610301971436,0.022123990580439568,0.5760242938995361,0.8914667963981628,3,0.8914667963981628,3,0.6652610301971436,1,0.07358770817518234,-0.045945171266794205,0.39850497245788574
30,67,9.0,final_nms07,223,0.774718701839447,0,0,0.774718701839447,0.592848539352417,0.592848539352417,0.774718701839447,2,0.774718701839447,2,0.774718701839447,1,0.05738251656293869,0.2066163420677185,1.5860592126846313
30,68,8.0,final_nms07,223,0.6288551688194275,2,2,0.6288551688194275,0.5632625818252563,0.5632625818252563,0.6288551688194275,2,0.6288551688194275,2,0.6288551688194275,1,-0.03294188156723976,0.3614419102668762,2.1180031299591064
31,69,9.999999999999998,encoder_all_counterfactual,8400,0.8559590578079224,2998,3080,0.3972157835960388,0.07281182706356049,0.3671278953552246,0.8559590578079224,17,0.8559590578079224,17,0.8559590578079224,10,0.13614028692245483,0.028288401663303375,0.7189886569976807
31,70,8.999999999999998,encoder_all_counterfactual,8400,0.7636405229568481,3399,3481,0.6951401829719543,0.0812971219420433,0.49785399436950684,0.7636405229568481,18,0.7636405229568481,18,0.7636405229568481,12,0.22565925121307373,-0.006715039722621441,1.7573738098144531
31,71,9.999999999999998,encoder_all_counterfactual,8400,0.882388710975647,3801,3961,0.7813125252723694,0.07065831869840622,0.44797375798225403,0.882388710975647,25,0.882388710975647,25,0.882388710975647,17,-0.04379088431596756,0.08749107271432877,0.5401142835617065
31,69,9.999999999999998,topk,300,0.8559590578079224,76,4,0.3972157835960388,0.07281182706356049,0.3671278953552246,0.8559590578079224,11,0.8559590578079224,11,0.8559590578079224,10,0.13614028692245483,0.028288401663303375,0.7189886569976807
31,70,8.999999999999998,topk,300,0.7636405229568481,61,0,0.6951401829719543,0.0812971219420433,0.49785399436950684,0.7636405229568481,13,0.7636405229568481,13,0.7636405229568481,12,0.22565925121307373,-0.006715039722621441,1.7573738098144531
31,71,9.999999999999998,topk,300,0.882388710975647,81,1,0.7813125252723694,0.07065831869840622,0.44797375798225403,0.882388710975647,17,0.882388710975647,17,0.882388710975647,17,-0.04379088431596756,0.08749107271432877,0.5401142835617065
31,69,9.999999999999998,pre_bbox,300,0.8184122443199158,76,25,0.7551924586296082,0.03350694850087166,0.4916858971118927,0.8184122443199158,20,0.8184122443199158,20,0.7591666579246521,9,0.12979468703269958,0.07289420068264008,1.1309369802474976
31,70,8.999999999999998,pre_bbox,300,0.756076991558075,18,3,0.651910126209259,0.02521665021777153,0.445438951253891,0.756076991558075,19,0.756076991558075,19,0.7145834565162659,8,0.2296750843524933,-0.08503852039575577,1.50984787940979
31,71,9.999999999999998,pre_bbox,300,0.8950164318084717,81,11,0.7938989400863647,0.19098977744579315,0.5100052356719971,0.8950164318084717,21,0.8950164318084717,21,0.8950164318084717,9,-0.025962479412555695,0.0906452015042305,0.3520267605781555
31,69,9.999999999999998,decoder_1,300,0.767591118812561,76,25,0.7592061758041382,0.034740570932626724,0.5027057528495789,0.767591118812561,18,0.767591118812561,18,0.7592061758041382,9,0.16927209496498108,0.114178366959095,1.025942087173462
31,70,8.999999999999998,decoder_1,300,0.7618004679679871,84,3,0.6557149291038513,0.02695610746741295,0.4569731056690216,0.7618004679679871,17,0.7618004679679871,17,0.7189441323280334,8,0.11843506991863251,-0.15594176948070526,1.907191514968872
31,71,9.999999999999998,decoder_1,300,0.8908222317695618,81,11,0.7910292744636536,0.19784122705459595,0.5208091139793396,0.8908222317695618,21,0.8908222317695618,21,0.8908222317695618,10,-0.020500272512435913,0.101629339158535,0.46945470571517944
31,69,9.999999999999998,decoder_2,300,0.8273116946220398,91,25,0.8103073835372925,0.021075990051031113,0.564626932144165,0.8273116946220398,20,0.8273116946220398,20,0.8103073835372925,7,-0.14261336624622345,-0.02509479597210884,0.3620859682559967
31,70,8.999999999999998,decoder_2,300,0.8266048431396484,50,3,0.6572160124778748,0.01416560634970665,0.5964730978012085,0.8266048431396484,18,0.8266048431396484,18,0.6997861862182617,4,0.19608408212661743,0.0071966261602938175,1.4170395135879517
31,71,9.999999999999998,decoder_2,300,0.8929182291030884,81,11,0.8245853185653687,0.05791139230132103,0.5947736501693726,0.8929182291030884,23,0.8929182291030884,23,0.8929182291030884,4,-0.022885430604219437,0.09650009125471115,0.590735673904419
31,69,9.999999999999998,decoder_3,300,0.8279227614402771,91,25,0.8053788542747498,0.014534151181578636,0.5692625641822815,0.8279227614402771,21,0.8279227614402771,21,0.8053788542747498,4,-0.140276700258255,-0.02804628573358059,0.3872641623020172
31,70,8.999999999999998,decoder_3,300,0.8160556554794312,50,3,0.6644459366798401,0.01602429710328579,0.5803702473640442,0.8160556554794312,18,0.8160556554794312,18,0.6693211197853088,2,0.20835955440998077,0.005430031102150679,1.5458083152770996
31,71,9.999999999999998,decoder_3,300,0.898002564907074,81,11,0.8221015930175781,0.03923380374908447,0.5791610479354858,0.898002564907074,23,0.898002564907074,23,0.8221015930175781,1,-0.012826205231249332,0.08826995640993118,0.618867039680481
31,69,9.999999999999998,final_nms07,205,0.8279227614402771,97,2,0.8053788542747498,0.014534151181578636,0.5692625641822815,0.8279227614402771,5,0.8279227614402771,5,0.8053788542747498,1,-0.140276700258255,-0.02804628573358059,0.3872641623020172
31,70,8.999999999999998,final_nms07,205,0.6644459366798401,0,0,0.6644459366798401,0.5803702473640442,0.5803702473640442,0.6644459366798401,2,0.6644459366798401,2,0.6644459366798401,1,0.2397635579109192,0.03284823149442673,2.2512338161468506
31,71,9.999999999999998,final_nms07,205,0.8221015930175781,1,1,0.8221015930175781,0.5791610479354858,0.5791610479354858,0.8221015930175781,2,0.8221015930175781,2,0.8221015930175781,1,0.07121246308088303,0.13553141057491302,1.343444585800171
32,72,9.999999999999998,encoder_all_counterfactual,8400,0.8457831144332886,2922,3002,0.795207142829895,0.1709906905889511,0.43915826082229614,0.8457831144332886,22,0.8457831144332886,22,0.8457831144332886,12,-0.06128520891070366,0.0769447609782219,1.2655503749847412
32,73,10.000000000000002,encoder_all_counterfactual,8400,0.8950486779212952,3402,3482,0.7323682904243469,0.3377314805984497,0.4705475866794586,0.8950486779212952,21,0.8950486779212952,21,0.8950486779212952,15,0.007108657620847225,-0.012111070565879345,0.9463761448860168
32,74,9.999999999999998,encoder_all_counterfactual,8400,0.8817722201347351,7421,3963,0.8300772309303284,0.03367531672120094,0.4786456525325775,0.8817722201347351,25,0.8817722201347351,25,0.8300772309303284,16,-0.09635265916585922,0.027449259534478188,0.2126993089914322
32,72,9.999999999999998,topk,300,0.8457831144332886,20,2,0.795207142829895,0.1709906905889511,0.43915826082229614,0.8457831144332886,12,0.8457831144332886,12,0.8457831144332886,12,-0.06128520891070366,0.0769447609782219,1.2655503749847412
32,73,10.000000000000002,topk,300,0.8950486779212952,7,1,0.7323682904243469,0.3377314805984497,0.4705475866794586,0.8950486779212952,16,0.8950486779212952,16,0.8950486779212952,15,0.007108657620847225,-0.012111070565879345,0.9463761448860168
32,74,9.999999999999998,topk,300,0.8300772309303284,0,0,0.8300772309303284,0.4786456525325775,0.4786456525325775,0.8300772309303284,17,0.8300772309303284,17,0.8300772309303284,16,-0.12480702996253967,0.03495344892144203,1.106811285018921
32,72,9.999999999999998,pre_bbox,300,0.8166391253471375,20,20,0.8166391253471375,0.5310555100440979,0.5310555100440979,0.8166391253471375,18,0.8166391253471375,18,0.8166391253471375,7,-0.043632350862026215,0.0747438594698906,1.6528900861740112
32,73,10.000000000000002,pre_bbox,300,0.8793883323669434,284,44,0.8332508206367493,0.039466120302677155,0.4131799042224884,0.8793883323669434,21,0.8793883323669434,21,0.841786801815033,7,-0.05982101708650589,-0.0646597146987915,0.6385154724121094
32,74,9.999999999999998,pre_bbox,300,0.8920063376426697,24,8,0.6841772794723511,0.025936700403690338,0.49827468395233154,0.8920063376426697,21,0.8920063376426697,21,0.803687572479248,8,-0.08898737281560898,-0.004033044446259737,0.6732829809188843
32,72,9.999999999999998,decoder_1,300,0.8174569010734558,184,20,0.8148624300956726,0.07412000000476837,0.5416738986968994,0.8174569010734558,17,0.8174569010734558,17,0.8174569010734558,7,-0.09296748787164688,0.0736628994345665,1.12092125415802
32,73,10.000000000000002,decoder_1,300,0.9002382755279541,284,44,0.8231309056282043,0.04089464992284775,0.4236454963684082,0.9002382755279541,18,0.9002382755279541,18,0.8265658020973206,7,-0.05232083797454834,-0.050059400498867035,0.446144700050354
32,74,9.999999999999998,decoder_1,300,0.9154543876647949,24,8,0.6825671792030334,0.027002692222595215,0.5089111328125,0.9154543876647949,21,0.9154543876647949,21,0.8193198442459106,8,-0.0535794273018837,-0.015306294895708561,0.7284476161003113
32,72,9.999999999999998,decoder_2,300,0.7989568114280701,2,20,0.777651846408844,0.023205867037177086,0.5672212839126587,0.7989568114280701,18,0.7989568114280701,18,0.7784689664840698,2,-0.026238882914185524,0.10367845743894577,1.8899357318878174
32,73,10.000000000000002,decoder_2,300,0.8751556873321533,284,44,0.7998126149177551,0.026654059067368507,0.5198619365692139,0.8751556873321533,22,0.8751556873321533,22,0.7998126149177551,1,-0.0498802587389946,-0.07889879494905472,0.23140789568424225
32,74,9.999999999999998,decoder_2,300,0.8434995412826538,24,8,0.7034446001052856,0.01589139550924301,0.6078993082046509,0.8434995412826538,21,0.8434995412826538,21,0.7089987993240356,4,-0.1331506222486496,0.027712449431419373,0.34084734320640564
32,72,9.999999999999998,decoder_3,300,0.7955683469772339,2,20,0.7702932953834534,0.02549007721245289,0.5811726450920105,0.7955683469772339,18,0.7955683469772339,18,0.7832080125808716,2,-0.02439805679023266,0.09818906337022781,1.9803516864776611
32,73,10.000000000000002,decoder_3,300,0.8723966479301453,284,44,0.8007241487503052,0.01300096232444048,0.5786425471305847,0.8723966479301453,23,0.8723966479301453,23,0.8007241487503052,1,-0.041717279702425,-0.08962249755859375,0.19835907220840454
32,74,9.999999999999998,decoder_3,300,0.8432294130325317,15,8,0.7069772481918335,0.016327913850545883,0.5871999263763428,0.8432294130325317,21,0.8432294130325317,21,0.7135362029075623,3,-0.07400500774383545,0.0526205375790596,1.4340442419052124
32,72,9.999999999999998,final_nms07,187,0.7702932953834534,1,1,0.7702932953834534,0.5811726450920105,0.5811726450920105,0.7702932953834534,2,0.7702932953834534,2,0.7702932953834534,1,-0.06526871770620346,0.09012316912412643,2.0493009090423584
32,73,10.000000000000002,final_nms07,187,0.8007241487503052,2,2,0.8007241487503052,0.5786425471305847,0.5786425471305847,0.8007241487503052,5,0.8007241487503052,5,0.8007241487503052,1,0.12235576659440994,0.021307798102498055,1.204115629196167
32,74,9.999999999999998,final_nms07,187,0.7069772481918335,0,0,0.7069772481918335,0.5871999263763428,0.5871999263763428,0.7069772481918335,2,0.7069772481918335,2,0.7069772481918335,2,-0.1067027673125267,0.09528110921382904,2.7056288719177246
33,75,8.999999999999998,encoder_all_counterfactual,8400,0.8050569295883179,2841,3000,0.4966984987258911,0.04274436831474304,0.4528389573097229,0.8050569295883179,18,0.8050569295883179,18,0.6755640506744385,8,-0.013700190931558609,-0.03143603727221489,1.5387128591537476
33,76,8.0,encoder_all_counterfactual,8400,0.7357386350631714,3319,3480,0.6946772933006287,0.0934259444475174,0.49677979946136475,0.7357386350631714,23,0.7357386350631714,23,0.7357386350631714,18,0.006433391012251377,0.2799592912197113,1.539721965789795
33,77,9.0,encoder_all_counterfactual,8400,0.8746595978736877,4197,4120,0.7014374136924744,0.027962656691670418,0.4809347987174988,0.8746595978736877,29,0.8746595978736877,29,0.8088746666908264,16,0.010434227995574474,0.0692569687962532,0.7327205538749695
33,75,8.999999999999998,topk,300,0.6755640506744385,8,2,0.4966984987258911,0.31972968578338623,0.4528389573097229,0.6755640506744385,7,0.6755640506744385,7,0.6755640506744385,7,0.2861061990261078,0.05189894512295723,3.121445655822754
33,76,8.0,topk,300,0.7357386350631714,45,0,0.6946772933006287,0.0934259444475174,0.49677979946136475,0.7357386350631714,16,0.7357386350631714,16,0.7357386350631714,16,0.006433391012251377,0.2799592912197113,1.539721965789795
33,77,9.0,topk,300,0.8088746666908264,54,1,0.7014374136924744,0.0825808197259903,0.4809347987174988,0.8088746666908264,16,0.8088746666908264,16,0.8088746666908264,16,-0.014333432540297508,0.09407029300928116,1.592041254043579
33,75,8.999999999999998,pre_bbox,300,0.8216737508773804,109,14,0.6197437644004822,0.04560248181223869,0.4487752914428711,0.8216737508773804,15,0.8216737508773804,15,0.6439900398254395,8,0.15502353012561798,-0.05838470533490181,1.0483607053756714
33,76,8.0,pre_bbox,300,0.8815863132476807,209,38,0.6232618689537048,0.028023023158311844,0.4809495806694031,0.8815863132476807,25,0.8815863132476807,25,0.6873807311058044,8,-0.05908834934234619,-0.021040132269263268,0.7578592896461487
33,77,9.0,pre_bbox,300,0.842315137386322,150,26,0.7434715032577515,0.026410508900880814,0.41200798749923706,0.842315137386322,22,0.842315137386322,22,0.785092830657959,6,0.0016847249353304505,0.01424800418317318,1.1852467060089111
33,75,8.999999999999998,decoder_1,300,0.8016955852508545,109,14,0.617665708065033,0.04728081822395325,0.4598882794380188,0.8016955852508545,14,0.8016955852508545,14,0.6391410231590271,8,0.12072016298770905,-0.1124020367860794,1.1844770908355713
33,76,8.0,decoder_1,300,0.7532783150672913,31,38,0.6243177056312561,0.0284164696931839,0.49207234382629395,0.7532783150672913,23,0.7532783150672913,23,0.6864910125732422,8,0.06570582091808319,0.24567902088165283,1.2290469408035278
33,77,9.0,decoder_1,300,0.8421534895896912,150,26,0.7501860857009888,0.02714269980788231,0.42243701219558716,0.8421534895896912,22,0.8421534895896912,22,0.8016796708106995,7,0.06220625340938568,0.015617605298757553,1.1771615743637085
33,75,8.999999999999998,decoder_2,300,0.8056280612945557,109,14,0.6057273745536804,0.02672649919986725,0.5533891916275024,0.8056280612945557,24,0.8056280612945557,24,0.6299896836280823,3,0.14970272779464722,-0.05806124955415726,1.6124353408813477
33,76,8.0,decoder_2,300,0.7431002259254456,31,38,0.660914957523346,0.01609339565038681,0.5786638855934143,0.7431002259254456,23,0.7431002259254456,23,0.6920701861381531,4,-0.03459645062685013,0.30987370014190674,0.623552143573761
33,77,9.0,decoder_2,300,0.8697988390922546,150,26,0.7537373900413513,0.0164285097271204,0.532049298286438,0.8697988390922546,24,0.8697988390922546,24,0.7834670543670654,4,-0.036766503006219864,0.11152264475822449,0.3513992726802826
33,75,8.999999999999998,decoder_3,300,0.7971358895301819,109,14,0.596966028213501,0.011023091152310371,0.5765643119812012,0.7971358895301819,20,0.7971358895301819,20,0.6173065304756165,3,0.15141598880290985,-0.06467249244451523,1.7130935192108154
33,76,8.0,decoder_3,300,0.7498427033424377,31,38,0.6694530844688416,0.01546113658696413,0.580959677696228,0.7498427033424377,23,0.7498427033424377,23,0.6759650707244873,2,-0.027843784540891647,0.30496856570243835,0.5976262092590332
33,77,9.0,decoder_3,300,0.8709649443626404,150,26,0.7682732343673706,0.01753336936235428,0.5721807479858398,0.8709649443626404,24,0.8709649443626404,24,0.7682732343673706,1,-0.03633373603224754,0.1104496568441391,0.3722423315048218
33,75,8.999999999999998,final_nms07,202,0.688647985458374,13,1,0.596966028213501,0.028361482545733452,0.5765643119812012,0.688647985458374,3,0.688647985458374,3,0.596966028213501,1,0.07262884825468063,0.02250591665506363,2.716834306716919
33,76,8.0,final_nms07,202,0.6987467408180237,31,0,0.6694530844688416,0.02073626220226288,0.580959677696228,0.6987467408180237,3,0.6987467408180237,3,0.6694530844688416,1,-0.1332637518644333,0.1779545247554779,2.360456943511963
33,77,9.0,final_nms07,202,0.7682732343673706,2,2,0.7682732343673706,0.5721807479858398,0.5721807479858398,0.7682732343673706,3,0.7682732343673706,3,0.7682732343673706,1,-0.017578180879354477,0.2457672655582428,1.6431595087051392
34,78,8.999999999999998,encoder_all_counterfactual,8400,0.9173288941383362,2760,3000,0.6061704754829407,0.04952942207455635,0.44526275992393494,0.9173288941383362,25,0.9173288941383362,25,0.7785048484802246,13,-0.025347981601953506,-0.0482538565993309,0.4486660063266754
34,79,9.0,encoder_all_counterfactual,8400,0.7851744890213013,3400,3401,0.7785860300064087,0.3953925371170044,0.47945696115493774,0.7851744890213013,20,0.7851744890213013,20,0.7851744890213013,15,0.10877996683120728,0.14865247905254364,1.3561835289001465
34,80,8.999999999999998,encoder_all_counterfactual,8400,0.8411644101142883,3961,4041,0.8042418360710144,0.17213211953639984,0.4261592924594879,0.8411644101142883,22,0.8411644101142883,22,0.8411644101142883,16,0.08777585625648499,0.09289626777172089,0.19616247713565826
34,78,8.999999999999998,topk,300,0.9173288941383362,218,2,0.6061704754829407,0.04952942207455635,0.44526275992393494,0.9173288941383362,14,0.9173288941383362,14,0.7785048484802246,13,-0.025347981601953506,-0.0482538565993309,0.4486660063266754
34,79,9.0,topk,300,0.7851744890213013,4,0,0.7785860300064087,0.3953925371170044,0.47945696115493774,0.7851744890213013,16,0.7851744890213013,16,0.7851744890213013,15,0.10877996683120728,0.14865247905254364,1.3561835289001465
34,80,8.999999999999998,topk,300,0.8411644101142883,21,3,0.8042418360710144,0.17213211953639984,0.4261592924594879,0.8411644101142883,16,0.8411644101142883,16,0.8411644101142883,16,0.08777585625648499,0.09289626777172089,0.19616247713565826
34,78,8.999999999999998,pre_bbox,300,0.9279460310935974,218,42,0.7344770431518555,0.05382535979151726,0.4876531660556793,0.9279460310935974,24,0.9279460310935974,24,0.9279460310935974,11,0.030424989759922028,-0.03097185306251049,0.43578824400901794
34,79,9.0,pre_bbox,300,0.9036927819252014,16,22,0.7475488781929016,0.03593222051858902,0.46639543771743774,0.9036927819252014,28,0.9036927819252014,28,0.7854282259941101,14,-0.03354282304644585,0.07186446338891983,0.5505386590957642
34,80,8.999999999999998,pre_bbox,300,0.806348443031311,40,21,0.741123378276825,0.02710261568427086,0.46266496181488037,0.806348443031311,25,0.806348443031311,25,0.800520658493042,8,0.11030838638544083,0.11695146560668945,0.48573094606399536
34,78,8.999999999999998,decoder_1,300,0.9082650542259216,218,42,0.7297214865684509,0.05594341829419136,0.4987581968307495,0.9082650542259216,20,0.9082650542259216,20,0.9082650542259216,11,0.03406166657805443,-0.017691826447844505,0.6138365864753723
34,79,9.0,decoder_1,300,0.9263516068458557,16,22,0.7456786036491394,0.036917611956596375,0.4771822392940521,0.9263516068458557,25,0.9263516068458557,25,0.775788426399231,15,-0.005942899733781815,0.0735238641500473,0.45140230655670166
34,80,8.999999999999998,decoder_1,300,0.7751380205154419,38,21,0.7436718940734863,0.10885335505008698,0.4733178913593292,0.7751380205154419,22,0.7751380205154419,22,0.7751380205154419,8,0.14596609771251678,0.12576614320278168,0.37577930092811584
34,78,8.999999999999998,decoder_2,300,0.8026978969573975,218,42,0.7147259712219238,0.0750085785984993,0.5688380599021912,0.8026978969573975,22,0.8026978969573975,22,0.8026978969573975,4,0.03706702962517738,-0.03711744397878647,1.7850358486175537
34,79,9.0,decoder_2,300,0.8888305425643921,17,22,0.7933710217475891,0.018371624872088432,0.5305631756782532,0.8888305425643921,27,0.8888305425643921,27,0.7933710217475891,4,-0.06521354615688324,0.055313821882009506,0.7347489595413208
34,80,8.999999999999998,decoder_2,300,0.8101274371147156,19,21,0.7284805774688721,0.019337063655257225,0.5824308395385742,0.8101274371147156,24,0.8101274371147156,24,0.7284805774688721,2,0.08928095549345016,0.13320231437683105,0.9494667053222656
34,78,8.999999999999998,decoder_3,300,0.8037508130073547,218,42,0.7154390811920166,0.03363705798983574,0.5699747800827026,0.8037508130073547,22,0.8037508130073547,22,0.7154390811920166,1,0.0443599559366703,-0.03898550197482109,1.7042949199676514
34,79,9.0,decoder_3,300,0.8882337212562561,17,22,0.7941229939460754,0.020148927345871925,0.55610191822052,0.8882337212562561,27,0.8882337212562561,27,0.7941229939460754,1,-0.06611713767051697,0.05502798408269882,0.6828660368919373
34,80,8.999999999999998,decoder_3,300,0.8119221329689026,19,21,0.735395073890686,0.0182353463023901,0.5429073572158813,0.8119221329689026,24,0.8119221329689026,24,0.735395073890686,1,0.0880955308675766,0.1319226324558258,0.9836500287055969
34,78,8.999999999999998,final_nms07,214,0.7154390811920166,0,0,0.7154390811920166,0.5699747800827026,0.5699747800827026,0.7154390811920166,3,0.7154390811920166,3,0.7154390811920166,1,0.14862506091594696,0.021840142086148262,2.0252039432525635
34,79,9.0,final_nms07,214,0.7941229939460754,1,1,0.7941229939460754,0.55610191822052,0.55610191822052,0.7941229939460754,3,0.7941229939460754,3,0.7941229939460754,1,0.007127956487238407,0.18288853764533997,1.6643131971359253
34,80,8.999999999999998,final_nms07,214,0.7412757277488708,81,2,0.735395073890686,0.015792742371559143,0.5429073572158813,0.7412757277488708,4,0.7412757277488708,4,0.735395073890686,1,-0.21426625549793243,0.07285764068365097,1.2811040878295898
35,81,9.0,encoder_all_counterfactual,8400,0.7985669374465942,2840,3000,0.7569230794906616,0.08995988219976425,0.5310977101325989,0.7985669374465942,21,0.7985669374465942,21,0.7985669374465942,11,-0.08090512454509735,0.16421522200107574,0.7136987447738647
35,82,11.0,encoder_all_counterfactual,8400,0.8908682465553284,3401,3480,0.7980055212974548,0.2609042227268219,0.4614737033843994,0.8908682465553284,21,0.8908682465553284,21,0.8908682465553284,15,-0.013813934288918972,-0.026927441358566284,1.0261859893798828
35,83,9.999999999999998,encoder_all_counterfactual,8400,0.8304222226142883,3962,4121,0.6090661287307739,0.05838637799024582,0.4090377390384674,0.8304222226142883,23,0.8304222226142883,23,0.8304222226142883,15,-0.12421033531427383,-0.023289963603019714,1.6138447523117065
35,81,9.0,topk,300,0.7985669374465942,45,0,0.7569230794906616,0.08995988219976425,0.5310977101325989,0.7985669374465942,12,0.7985669374465942,12,0.7985669374465942,11,-0.08090512454509735,0.16421522200107574,0.7136987447738647
35,82,11.0,topk,300,0.8908682465553284,13,1,0.7980055212974548,0.2609042227268219,0.4614737033843994,0.8908682465553284,15,0.8908682465553284,15,0.8908682465553284,15,-0.013813934288918972,-0.026927441358566284,1.0261859893798828
35,83,9.999999999999998,topk,300,0.8304222226142883,150,2,0.6090661287307739,0.05838637799024582,0.4090377390384674,0.8304222226142883,15,0.8304222226142883,15,0.8304222226142883,15,-0.12421033531427383,-0.023289963603019714,1.6138447523117065
35,81,9.0,pre_bbox,300,0.8204214572906494,45,4,0.8127632141113281,0.2981492578983307,0.5050029754638672,0.8204214572906494,17,0.8204214572906494,17,0.8204214572906494,5,-0.050338950008153915,0.16587704420089722,0.7947325110435486
35,82,11.0,pre_bbox,300,0.8990509510040283,13,39,0.8552799224853516,0.10203072428703308,0.36831483244895935,0.8990509510040283,18,0.8990509510040283,18,0.8990509510040283,9,-0.02244071662425995,-0.01705034077167511,0.9018421769142151
35,83,9.999999999999998,pre_bbox,300,0.8796605467796326,150,28,0.8502368927001953,0.04032767191529274,0.49110570549964905,0.8796605467796326,22,0.8796605467796326,22,0.8550360798835754,4,-0.11658089607954025,0.0048375558108091354,1.1864784955978394
35,81,9.0,decoder_1,300,0.8142017722129822,45,4,0.8101784586906433,0.30743125081062317,0.5159054398536682,0.8142017722129822,16,0.8142017722129822,16,0.8142017722129822,6,-0.04879485443234444,0.17689915001392365,0.8878726363182068
35,82,11.0,decoder_1,300,0.8842148780822754,13,39,0.8495935797691345,0.10611781477928162,0.37845513224601746,0.8842148780822754,17,0.8842148780822754,17,0.8842148780822754,10,-0.016746841371059418,-0.00926041230559349,1.0510320663452148
35,83,9.999999999999998,decoder_1,300,0.8819663524627686,150,28,0.857397198677063,0.0419306643307209,0.5022098422050476,0.8819663524627686,20,0.8819663524627686,20,0.8594238758087158,4,-0.1154622733592987,-0.0011850487207993865,1.1431444883346558
35,81,9.0,decoder_2,300,0.8200790882110596,15,4,0.8154181838035583,0.06645020842552185,0.6034972667694092,0.8200790882110596,18,0.8200790882110596,17,0.8200790882110596,3,-0.037265844643116,0.18068648874759674,0.9473860859870911
35,82,11.0,decoder_2,300,0.9043787121772766,13,39,0.8452979922294617,0.027970975264906883,0.5114706158638,0.9043787121772766,22,0.9043787121772766,22,0.8452979922294617,3,-0.030862541869282722,0.0009451822843402624,0.800818145275116
35,83,9.999999999999998,decoder_2,300,0.8516079187393188,25,28,0.8345180749893188,0.07302685081958771,0.6115819811820984,0.8516079187393188,22,0.8516079187393188,22,0.8516079187393188,5,-0.12758149206638336,-0.0021250140853226185,0.9152658581733704
35,81,9.0,decoder_3,300,0.8243632912635803,15,4,0.8188074231147766,0.05500199273228645,0.5859296321868896,0.8243632912635803,19,0.8243632912635803,19,0.8243632912635803,3,-0.03943327069282532,0.17200253903865814,0.9818981289863586
35,82,11.0,decoder_3,300,0.9004424810409546,13,39,0.8511775135993958,0.014478329569101334,0.5556928515434265,0.9004424810409546,23,0.9004424810409546,23,0.8511775135993958,2,-0.02599146030843258,-0.001145228510722518,0.8305723667144775
35,83,9.999999999999998,decoder_3,300,0.8571756482124329,25,28,0.8392934203147888,0.03862585499882698,0.5781263113021851,0.8571756482124329,21,0.8571756482124329,21,0.8392934203147888,1,-0.12386565655469894,-0.003256930038332939,0.8247493505477905
35,81,9.0,final_nms07,215,0.8188074231147766,0,0,0.8188074231147766,0.5859296321868896,0.5859296321868896,0.8188074231147766,5,0.8188074231147766,5,0.8188074231147766,1,-0.059598684310913086,0.15791185200214386,1.0554546117782593
35,82,11.0,final_nms07,215,0.8511775135993958,2,2,0.8511775135993958,0.5556928515434265,0.5556928515434265,0.8511775135993958,5,0.8511775135993958,5,0.8511775135993958,1,-0.10086072236299515,-0.023490317165851593,0.6028244495391846
35,83,9.999999999999998,final_nms07,215,0.8392934203147888,1,1,0.8392934203147888,0.5781263113021851,0.5781263113021851,0.8392934203147888,3,0.8392934203147888,3,0.8392934203147888,1,-0.119439035654068,0.055836208164691925,0.683193564414978
36,84,9.0,encoder_all_counterfactual,8400,0.8122321963310242,2999,2999,0.8122321963310242,0.4809592366218567,0.4809592366218567,0.8122321963310242,20,0.8122321963310242,20,0.8122321963310242,12,-0.03677621856331825,0.10459823161363602,1.198852300643921
36,85,9.0,encoder_all_counterfactual,8400,0.8120111227035522,3320,3480,0.5511828064918518,0.06566627323627472,0.4328216314315796,0.8120111227035522,23,0.8120111227035522,23,0.8120111227035522,18,0.009306762367486954,0.13238075375556946,1.0451509952545166
36,86,10.000000000000002,encoder_all_counterfactual,8400,0.8705418705940247,4040,4120,0.8030587434768677,0.31790637969970703,0.48056042194366455,0.8705418705940247,28,0.8705418705940247,28,0.8705418705940247,12,0.004278238862752914,0.04943470656871796,1.0821609497070312
36,84,9.0,topk,300,0.8122321963310242,0,0,0.8122321963310242,0.4809592366218567,0.4809592366218567,0.8122321963310242,12,0.8122321963310242,12,0.8122321963310242,12,-0.03677621856331825,0.10459823161363602,1.198852300643921
36,85,9.0,topk,300,0.8120111227035522,90,2,0.5511828064918518,0.06566627323627472,0.4328216314315796,0.8120111227035522,18,0.8120111227035522,18,0.8120111227035522,18,0.009306762367486954,0.13238075375556946,1.0451509952545166
36,86,10.000000000000002,topk,300,0.8705418705940247,6,1,0.8030587434768677,0.31790637969970703,0.48056042194366455,0.8705418705940247,13,0.8705418705940247,13,0.8705418705940247,12,0.004278238862752914,0.04943470656871796,1.0821609497070312
36,84,9.0,pre_bbox,300,0.8191172480583191,146,14,0.7214258909225464,0.02935607172548771,0.46726423501968384,0.8191172480583191,23,0.8191172480583191,23,0.8126664757728577,9,-0.012346401810646057,0.1379403918981552,1.2745977640151978
36,85,9.0,pre_bbox,300,0.7996150255203247,201,9,0.7077962756156921,0.06653512269258499,0.41969195008277893,0.7996150255203247,23,0.7996150255203247,23,0.7996150255203247,14,-0.05558493733406067,0.15071050822734833,1.6832756996154785
36,86,10.000000000000002,pre_bbox,300,0.9280543327331543,33,33,0.9280543327331543,0.49001064896583557,0.49001064896583557,0.9280543327331543,17,0.9280543327331543,17,0.9280543327331543,7,-0.04577392712235451,-0.02401561848819256,0.3622933626174927
36,84,9.0,decoder_1,300,0.7927229404449463,12,14,0.7307673096656799,0.07854322344064713,0.47845304012298584,0.7927229404449463,20,0.7927229404449463,20,0.7927229404449463,9,0.06026465818285942,0.18977393209934235,0.09531408548355103
36,85,9.0,decoder_1,300,0.8117333054542542,201,9,0.7074208855628967,0.06897374987602234,0.4302455186843872,0.8117333054542542,22,0.8117333054542542,22,0.8117333054542542,14,-0.05844801664352417,0.15861324965953827,1.5225874185562134
36,86,10.000000000000002,decoder_1,300,0.9285208582878113,33,33,0.9285208582878113,0.5004596710205078,0.5004596710205078,0.9285208582878113,18,0.9285208582878113,18,0.9285208582878113,7,-0.04523266479372978,-0.021094080060720444,0.35467207431793213
36,84,9.0,decoder_2,300,0.7948729991912842,215,14,0.7563902735710144,0.030042089521884918,0.6074969172477722,0.7948729991912842,21,0.7948729991912842,20,0.7563902735710144,3,-0.11843135207891464,0.1237180083990097,1.1724356412887573
36,85,9.0,decoder_2,300,0.8853862285614014,103,9,0.6885504126548767,0.03400103747844696,0.5464648604393005,0.8853862285614014,26,0.8853862285614014,26,0.7754091024398804,5,0.017399964854121208,0.05482789874076843,0.8833467364311218
36,86,10.000000000000002,decoder_2,300,0.9193340539932251,72,33,0.8996798396110535,0.0558563657104969,0.6076864004135132,0.9193340539932251,18,0.9193340539932251,18,0.9193340539932251,3,-0.003169784089550376,0.023826366290450096,0.7734029293060303
36,84,9.0,decoder_3,300,0.8016405701637268,215,14,0.7695674896240234,0.017079683020710945,0.5727918148040771,0.8016405701637268,22,0.8016405701637268,22,0.7695674896240234,3,-0.11639528721570969,0.11571235954761505,1.2085213661193848
36,85,9.0,decoder_3,300,0.8946760892868042,103,9,0.6902647018432617,0.015164467506110668,0.5579130053520203,0.8946760892868042,27,0.8946760892868042,27,0.7441866397857666,4,0.015648212283849716,0.05425402522087097,0.8666942119598389
36,86,10.000000000000002,decoder_3,300,0.9222624897956848,6,33,0.898811399936676,0.04154351353645325,0.5619085431098938,0.9222624897956848,18,0.9222624897956848,18,0.898811399936676,1,0.007245730143040419,0.07649320363998413,0.6773344874382019
36,84,9.0,final_nms07,197,0.7695674896240234,0,0,0.7695674896240234,0.5727918148040771,0.5727918148040771,0.7695674896240234,3,0.7695674896240234,3,0.7695674896240234,1,-0.08238138258457184,0.16892428696155548,1.8454334735870361
36,85,9.0,final_nms07,197,0.6902647018432617,2,2,0.6902647018432617,0.5579130053520203,0.5579130053520203,0.6902647018432617,4,0.6902647018432617,4,0.6902647018432617,1,0.046334587037563324,0.17555022239685059,2.2087039947509766
36,86,10.000000000000002,final_nms07,197,0.898811399936676,1,1,0.898811399936676,0.5619085431098938,0.5619085431098938,0.898811399936676,2,0.898811399936676,2,0.898811399936676,1,-0.02994094043970108,0.038599561899900436,0.8664237856864929
37,87,10.000000000000002,encoder_all_counterfactual,8400,0.9141080975532532,2840,3000,0.7165266871452332,0.11058162897825241,0.41785159707069397,0.9141080975532532,24,0.9141080975532532,24,0.9141080975532532,13,-0.02478167973458767,-0.06266231089830399,0.4730002284049988
37,88,9.0,encoder_all_counterfactual,8400,0.8502212166786194,3321,3400,0.8331605195999146,0.14576801657676697,0.45366132259368896,0.8502212166786194,21,0.8502212166786194,21,0.8502212166786194,15,-0.007389036938548088,0.15375885367393494,0.7410510182380676
37,89,10.000000000000002,encoder_all_counterfactual,8400,0.8432598114013672,3962,4041,0.7031878232955933,0.1481809914112091,0.4316237270832062,0.8432598114013672,20,0.8432598114013672,20,0.8432598114013672,10,-0.02032490074634552,-0.03506043553352356,1.3135267496109009
37,87,10.000000000000002,topk,300,0.9141080975532532,38,2,0.7165266871452332,0.11058162897825241,0.41785159707069397,0.9141080975532532,13,0.9141080975532532,13,0.9141080975532532,13,-0.02478167973458767,-0.06266231089830399,0.4730002284049988
37,88,9.0,topk,300,0.8502212166786194,27,0,0.8331605195999146,0.14576801657676697,0.45366132259368896,0.8502212166786194,15,0.8502212166786194,15,0.8502212166786194,15,-0.007389036938548088,0.15375885367393494,0.7410510182380676
37,89,10.000000000000002,topk,300,0.8432598114013672,25,1,0.7031878232955933,0.1481809914112091,0.4316237270832062,0.8432598114013672,10,0.8432598114013672,10,0.8432598114013672,10,-0.02032490074634552,-0.03506043553352356,1.3135267496109009
37,87,10.000000000000002,pre_bbox,300,0.9198933839797974,38,38,0.9198933839797974,0.45878472924232483,0.45878472924232483,0.9198933839797974,23,0.9198933839797974,23,0.9198933839797974,12,0.02132834866642952,-0.06169968098402023,0.34674301743507385
37,88,9.0,pre_bbox,300,0.876511812210083,0,21,0.860880970954895,0.18613335490226746,0.4196336567401886,0.876511812210083,21,0.876511812210083,21,0.876511812210083,12,-0.03335755318403244,0.10637690871953964,0.44394999742507935
37,89,10.000000000000002,pre_bbox,300,0.8252851366996765,25,18,0.8068121671676636,0.18542449176311493,0.47528955340385437,0.8252851366996765,19,0.8252851366996765,19,0.8252851366996765,8,-0.027933945879340172,-0.03186086565256119,1.406949758529663
37,87,10.000000000000002,decoder_1,300,0.9194685816764832,38,38,0.9194685816764832,0.4698805809020996,0.4698805809020996,0.9194685816764832,20,0.9194685816764832,20,0.9194685816764832,12,0.02169126830995083,-0.061822012066841125,0.23909267783164978
37,88,9.0,decoder_1,300,0.8719002604484558,0,21,0.8579961657524109,0.19297254085540771,0.43042296171188354,0.8719002604484558,22,0.8719002604484558,22,0.8719002604484558,13,-0.031162148341536522,0.11475810408592224,0.583245575428009
37,89,10.000000000000002,decoder_1,300,0.8200476765632629,25,18,0.8047981858253479,0.19202618300914764,0.4861549735069275,0.8200476765632629,19,0.8200476765632629,19,0.8200476765632629,9,-0.019362127408385277,-0.019701672717928886,1.4712682962417603
37,87,10.000000000000002,decoder_2,300,0.9330714344978333,38,38,0.9330714344978333,0.5809720754623413,0.5809720754623413,0.9330714344978333,21,0.9330714344978333,21,0.9330714344978333,5,0.012211012654006481,-0.05617682263255119,0.13373395800590515
37,88,9.0,decoder_2,300,0.856678307056427,0,21,0.8477495312690735,0.035458583384752274,0.5666663646697998,0.856678307056427,23,0.856678307056427,23,0.8477495312690735,2,-0.04243743419647217,0.12298142164945602,0.46764543652534485
37,89,10.000000000000002,decoder_2,300,0.8032975792884827,7,18,0.784822404384613,0.04035899043083191,0.6010849475860596,0.8032975792884827,22,0.8032975792884827,22,0.7958956956863403,5,0.04504897817969322,0.0022116617765277624,1.6707998514175415
37,87,10.000000000000002,decoder_3,300,0.9183174967765808,76,38,0.9169436097145081,0.014044050127267838,0.5751888751983643,0.9183174967765808,21,0.9183174967765808,21,0.9169436097145081,1,0.036168474704027176,-0.03857923299074173,0.534545361995697
37,88,9.0,decoder_3,300,0.8607396483421326,0,21,0.8501433730125427,0.023375120013952255,0.566459059715271,0.8607396483421326,22,0.8607396483421326,22,0.8501433730125427,2,-0.038042303174734116,0.12224484235048294,0.46643391251564026
37,89,10.000000000000002,decoder_3,300,0.8031419515609741,7,18,0.7817757725715637,0.016570255160331726,0.5483346581459045,0.8031419515609741,22,0.8031419515609741,22,0.793976366519928,3,0.04937195032835007,0.0021702854428440332,1.6648598909378052
37,87,10.000000000000002,final_nms07,213,0.9169436097145081,0,0,0.9169436097145081,0.5751888751983643,0.5751888751983643,0.9169436097145081,3,0.9169436097145081,3,0.9169436097145081,1,0.0027792518958449364,-0.07315826416015625,0.1588292419910431
37,88,9.0,final_nms07,213,0.8501433730125427,1,1,0.8501433730125427,0.566459059715271,0.566459059715271,0.8501433730125427,4,0.8501433730125427,4,0.8501433730125427,1,-0.03309204801917076,0.14204567670822144,0.7995790839195251
37,89,10.000000000000002,final_nms07,213,0.7817757725715637,2,2,0.7817757725715637,0.5483346581459045,0.5483346581459045,0.7817757725715637,2,0.7817757725715637,2,0.7817757725715637,1,-0.08166321367025375,-0.0741746798157692,1.716689944267273
38,90,8.999999999999998,encoder_all_counterfactual,8400,0.7914444804191589,2918,2998,0.6294882297515869,0.33384475111961365,0.4723665416240692,0.7914444804191589,23,0.7914444804191589,23,0.7914444804191589,12,0.12832769751548767,0.11980906873941422,1.1207032203674316
38,91,9.0,encoder_all_counterfactual,8400,0.86809903383255,3398,3479,0.6208769679069519,0.38248690962791443,0.4439188241958618,0.86809903383255,18,0.86809903383255,18,0.86809903383255,13,-0.0285323578864336,0.10636382550001144,0.7534665465354919
38,92,9.999999999999998,encoder_all_counterfactual,8400,0.8613346219062805,4038,4120,0.5112074017524719,0.22838856279850006,0.4204442501068115,0.8613346219062805,27,0.8613346219062805,27,0.8613346219062805,14,-0.02953478693962097,-0.008999226614832878,1.1254205703735352
38,90,8.999999999999998,topk,300,0.7914444804191589,10,0,0.6294882297515869,0.33384475111961365,0.4723665416240692,0.7914444804191589,13,0.7914444804191589,13,0.7914444804191589,12,0.12832769751548767,0.11980906873941422,1.1207032203674316
38,91,9.0,topk,300,0.86809903383255,6,2,0.6208769679069519,0.38248690962791443,0.4439188241958618,0.86809903383255,13,0.86809903383255,13,0.86809903383255,13,-0.0285323578864336,0.10636382550001144,0.7534665465354919
38,92,9.999999999999998,topk,300,0.8613346219062805,15,4,0.5112074017524719,0.22838856279850006,0.4204442501068115,0.8613346219062805,14,0.8613346219062805,14,0.8613346219062805,14,-0.02953478693962097,-0.008999226614832878,1.1254205703735352
38,90,8.999999999999998,pre_bbox,300,0.7934364080429077,297,10,0.7092176675796509,0.0264813881367445,0.517525315284729,0.7934364080429077,22,0.7934364080429077,22,0.7092176675796509,6,0.06225787103176117,-0.16533240675926208,1.2604864835739136
38,91,9.0,pre_bbox,300,0.8616553544998169,6,28,0.7856807112693787,0.14477968215942383,0.5582056045532227,0.8616553544998169,17,0.8616553544998169,17,0.8616553544998169,9,-0.030001599341630936,0.11061236262321472,0.7906654477119446
38,92,9.999999999999998,pre_bbox,300,0.8782956600189209,15,25,0.7696412205696106,0.039597347378730774,0.468095064163208,0.8782956600189209,19,0.8782956600189209,19,0.874042272567749,6,-0.05315542593598366,0.040928855538368225,1.076097011566162
38,90,8.999999999999998,decoder_1,300,0.7617617249488831,297,10,0.7138324975967407,0.027130598202347755,0.5284391641616821,0.7617617249488831,20,0.7617617249488831,20,0.7138324975967407,6,0.15029104053974152,-0.13975150883197784,1.2506849765777588
38,91,9.0,decoder_1,300,0.847693920135498,6,28,0.7835453152656555,0.15025000274181366,0.5685521960258484,0.847693920135498,18,0.847693920135498,17,0.847693920135498,9,-0.024066058918833733,0.12744158506393433,0.715499222278595
38,92,9.999999999999998,decoder_1,300,0.866808295249939,44,25,0.7685470581054688,0.0901026651263237,0.47888293862342834,0.866808295249939,20,0.866808295249939,20,0.866808295249939,6,-0.10864586383104324,0.03177111968398094,1.0710161924362183
38,90,8.999999999999998,decoder_2,300,0.8771491646766663,297,10,0.6868155002593994,0.026095835492014885,0.5647572875022888,0.8771491646766663,24,0.8771491646766663,23,0.6868155002593994,4,0.05965398997068405,-0.031144291162490845,0.6592795252799988
38,91,9.0,decoder_2,300,0.8181898593902588,26,28,0.7772896885871887,0.07978486269712448,0.6086198091506958,0.8181898593902588,19,0.8181898593902588,19,0.8181898593902588,4,-0.07644233852624893,0.1394401639699936,0.9467062950134277
38,92,9.999999999999998,decoder_2,300,0.8329471349716187,44,25,0.7598372101783752,0.057956352829933167,0.5580185651779175,0.8329471349716187,20,0.8329471349716187,20,0.8329471349716187,4,-0.11928999423980713,0.06510921567678452,1.208539605140686
38,90,8.999999999999998,decoder_3,300,0.8766344785690308,297,10,0.6983846426010132,0.018908850848674774,0.5724347829818726,0.8766344785690308,24,0.8766344785690308,24,0.6983846426010132,2,0.057567939162254333,-0.03603430837392807,0.6759970784187317
38,91,9.0,decoder_3,300,0.8205589056015015,26,28,0.7797117829322815,0.02665875293314457,0.5634587407112122,0.8205589056015015,19,0.8205589056015015,19,0.7797117829322815,1,-0.07111689448356628,0.14212043583393097,0.9908751845359802
38,92,9.999999999999998,decoder_3,300,0.8308956623077393,44,25,0.7600582838058472,0.01239124033600092,0.564810574054718,0.8308956623077393,20,0.8308956623077393,20,0.7600582838058472,2,-0.11944010108709335,0.06787963956594467,1.2420073747634888
38,90,8.999999999999998,final_nms07,226,0.714211106300354,16,0,0.6983846426010132,0.027754470705986023,0.5724347829818726,0.714211106300354,5,0.714211106300354,5,0.6983846426010132,1,0.06023130938410759,0.21735502779483795,2.5306620597839355
38,91,9.0,final_nms07,226,0.7797117829322815,2,2,0.7797117829322815,0.5634587407112122,0.5634587407112122,0.7797117829322815,3,0.7797117829322815,3,0.7797117829322815,1,-0.08156803995370865,0.16591310501098633,1.1977664232254028
38,92,9.999999999999998,final_nms07,226,0.7600582838058472,1,1,0.7600582838058472,0.564810574054718,0.564810574054718,0.7600582838058472,3,0.7600582838058472,3,0.7600582838058472,1,-0.14874733984470367,0.12317927181720734,1.9687745571136475
39,93,10.000000000000002,encoder_all_counterfactual,8400,0.850740373134613,3261,3262,0.6788291335105896,0.30768081545829773,0.4190721809864044,0.850740373134613,14,0.850740373134613,14,0.850740373134613,10,0.06167391687631607,-0.06844035536050797,0.9950658082962036
39,93,10.000000000000002,topk,300,0.850740373134613,2,0,0.6788291335105896,0.30768081545829773,0.4190721809864044,0.850740373134613,10,0.850740373134613,10,0.850740373134613,10,0.06167391687631607,-0.06844035536050797,0.9950658082962036
39,93,10.000000000000002,pre_bbox,300,0.8642681837081909,2,27,0.6784080862998962,0.07091180235147476,0.5459179282188416,0.8642681837081909,19,0.8642681837081909,19,0.8642681837081909,11,0.02737734280526638,-0.1147848442196846,0.23060041666030884
39,93,10.000000000000002,decoder_1,300,0.8770397305488586,2,27,0.6849318742752075,0.07333587855100632,0.5557258725166321,0.8770397305488586,16,0.8770397305488586,16,0.8770397305488586,9,0.04516378417611122,-0.08678995817899704,0.07813436537981033
39,93,10.000000000000002,decoder_2,300,0.8618071675300598,2,27,0.6646480560302734,0.025675950571894646,0.5373052954673767,0.8618071675300598,17,0.8618071675300598,17,0.6867896318435669,3,0.03028080053627491,-0.11510022729635239,0.15628977119922638
39,93,10.000000000000002,decoder_3,300,0.8557011485099792,2,27,0.6727102398872375,0.011700240895152092,0.548649251461029,0.8557011485099792,17,0.8557011485099792,17,0.6794627904891968,3,0.03536583483219147,-0.11759360879659653,0.16069050133228302
39,93,10.000000000000002,final_nms07,238,0.6727102398872375,0,0,0.6727102398872375,0.548649251461029,0.548649251461029,0.6727102398872375,2,0.6727102398872375,2,0.6727102398872375,1,-0.08440268039703369,-0.2652786374092102,0.9325771927833557
40,94,11.0,encoder_all_counterfactual,8400,0.8093644380569458,3502,3502,0.8093644380569458,0.3920036554336548,0.3920036554336548,0.8093644380569458,14,0.8093644380569458,14,0.8093644380569458,7,-0.07277373224496841,-0.11805452406406403,0.892341136932373
40,94,11.0,topk,300,0.8093644380569458,0,0,0.8093644380569458,0.3920036554336548,0.3920036554336548,0.8093644380569458,7,0.8093644380569458,7,0.8093644380569458,7,-0.07277373224496841,-0.11805452406406403,0.892341136932373
40,94,11.0,pre_bbox,300,0.7749519348144531,0,11,0.6336217522621155,0.07508978247642517,0.5577213168144226,0.7749519348144531,18,0.7749519348144531,18,0.7749519348144531,11,-0.11349081248044968,-0.12583719193935394,1.099836826324463
40,94,11.0,decoder_1,300,0.8045716881752014,0,11,0.6303120851516724,0.07788311690092087,0.5674393773078918,0.8045716881752014,18,0.8045716881752014,18,0.8045716881752014,12,-0.10004287958145142,-0.10598833858966827,1.2128705978393555
40,94,11.0,decoder_2,300,0.737412691116333,5,11,0.6216257810592651,0.06725430488586426,0.6265712380409241,0.737412691116333,20,0.737412691116333,20,0.737412691116333,9,-0.0957404226064682,-0.18451088666915894,1.7561763525009155
40,94,11.0,decoder_3,300,0.7430303692817688,5,11,0.6304193735122681,0.05651351809501648,0.5448678135871887,0.7430303692817688,22,0.7430303692817688,22,0.7430303692817688,3,-0.09013696759939194,-0.18335655331611633,1.7297078371047974
40,94,11.0,final_nms07,230,0.6652677655220032,94,0,0.6304193735122681,0.013809793628752232,0.5448678135871887,0.6652677655220032,6,0.6652677655220032,6,0.6304193735122681,1,0.2931399941444397,-0.14578020572662354,2.5715742111206055
41,95,9.0,encoder_all_counterfactual,8400,0.8443498611450195,3662,3742,0.7530558109283447,0.34669625759124756,0.4371498227119446,0.8443498611450195,18,0.8443498611450195,18,0.8443498611450195,12,0.041299235075712204,0.05335572361946106,1.2492846250534058
41,95,9.0,topk,300,0.8443498611450195,2,0,0.7530558109283447,0.34669625759124756,0.4371498227119446,0.8443498611450195,14,0.8443498611450195,14,0.8443498611450195,12,0.041299235075712204,0.05335572361946106,1.2492846250534058
41,95,9.0,pre_bbox,300,0.8825838565826416,2,24,0.8492026329040527,0.4641292989253998,0.4691924750804901,0.8825838565826416,29,0.8825838565826416,29,0.8825838565826416,9,0.06502976268529892,0.06385277211666107,0.30083850026130676
41,95,9.0,decoder_1,300,0.8809755444526672,2,24,0.8492942452430725,0.4741382896900177,0.47942596673965454,0.8809755444526672,25,0.8809755444526672,25,0.8809755444526672,10,0.06371456384658813,0.06711450964212418,0.25832194089889526
41,95,9.0,decoder_2,300,0.8846572041511536,117,2,0.8719475865364075,0.023335522040724754,0.5047551989555359,0.8846572041511536,30,0.8846572041511536,30,0.8719475865364075,5,0.1260354369878769,-0.0021263002417981625,0.9605289101600647
41,95,9.0,decoder_3,300,0.869073748588562,117,2,0.8523541688919067,0.01520484872162342,0.52983158826828,0.869073748588562,31,0.869073748588562,31,0.8523541688919067,3,0.1330622434616089,-0.01728447712957859,0.9919983148574829
41,95,9.0,final_nms07,229,0.8523541688919067,0,0,0.8523541688919067,0.52983158826828,0.52983158826828,0.8523541688919067,7,0.8523541688919067,7,0.8523541688919067,1,0.09587953984737396,0.07057314366102219,0.5430941581726074
42,96,9.0,encoder_all_counterfactual,8400,0.8333439230918884,3176,3182,0.6711227297782898,0.033983830362558365,0.3703221380710602,0.8333439230918884,16,0.8333439230918884,16,0.7647974491119385,10,0.11467836052179337,-0.03474397212266922,1.5203728675842285
42,96,9.0,topk,300,0.7647974491119385,1,0,0.6711227297782898,0.31278344988822937,0.3703221380710602,0.7647974491119385,11,0.7647974491119385,11,0.7647974491119385,10,-0.13398262858390808,0.152825266122818,0.9880449771881104
42,96,9.0,pre_bbox,300,0.7647638320922852,1,27,0.683663010597229,0.39767351746559143,0.6011767983436584,0.7647638320922852,24,0.7647638320922852,24,0.7647638320922852,18,-0.16885259747505188,0.10443926602602005,1.1984411478042603
42,96,9.0,decoder_1,300,0.7570922374725342,1,27,0.6826468706130981,0.40734484791755676,0.6105252504348755,0.7570922374725342,19,0.7570922374725342,19,0.7570922374725342,17,-0.1653057038784027,0.12280002981424332,1.211220383644104
42,96,9.0,decoder_2,300,0.7933228611946106,115,27,0.6325193047523499,0.023558378219604492,0.5924726128578186,0.7933228611946106,25,0.7933228611946106,25,0.7577623724937439,7,-0.16675889492034912,0.060391832143068314,1.186782956123352
42,96,9.0,decoder_3,300,0.8080434799194336,115,27,0.6474186182022095,0.010295689105987549,0.552106499671936,0.8080434799194336,25,0.8080434799194336,25,0.7572579383850098,2,-0.15361414849758148,0.05606359615921974,1.2524527311325073
42,96,9.0,final_nms07,225,0.7571926116943359,100,0,0.6474186182022095,0.012635206803679466,0.552106499671936,0.7571926116943359,6,0.7571926116943359,6,0.6474186182022095,1,-0.2081906944513321,0.03550199419260025,0.6644647121429443
43,97,8.999999999999998,encoder_all_counterfactual,8400,0.8391644954681396,3422,3422,0.8391644954681396,0.43261754512786865,0.43261754512786865,0.8391644954681396,22,0.8391644954681396,22,0.8391644954681396,13,0.11356689035892487,-0.049508463591337204,0.8398604393005371
43,97,8.999999999999998,topk,300,0.8391644954681396,0,0,0.8391644954681396,0.43261754512786865,0.43261754512786865,0.8391644954681396,13,0.8391644954681396,13,0.8391644954681396,13,0.11356689035892487,-0.049508463591337204,0.8398604393005371
43,97,8.999999999999998,pre_bbox,300,0.7984018325805664,0,10,0.7597479820251465,0.13889485597610474,0.41014647483825684,0.7984018325805664,23,0.7984018325805664,23,0.7984018325805664,10,0.19355112314224243,-0.04725444316864014,0.7037568092346191
43,97,8.999999999999998,decoder_1,300,0.7826785445213318,6,10,0.759218156337738,0.04017004370689392,0.42073702812194824,0.7826785445213318,17,0.7826785445213318,17,0.7796376347541809,10,0.0745917335152626,-0.16879203915596008,1.9213006496429443
43,97,8.999999999999998,decoder_2,300,0.7863475680351257,6,10,0.7766910791397095,0.031960636377334595,0.4944111108779907,0.7863475680351257,21,0.7863475680351257,21,0.7766910791397095,5,0.0627308338880539,-0.1728503704071045,1.4347306489944458
43,97,8.999999999999998,decoder_3,300,0.7716400623321533,6,10,0.7677386403083801,0.017619948834180832,0.5256327390670776,0.7716400623321533,21,0.7716400623321533,21,0.7677386403083801,2,0.06995777785778046,-0.18432867527008057,1.3876622915267944
43,97,8.999999999999998,final_nms07,217,0.7677386403083801,0,0,0.7677386403083801,0.5256327390670776,0.5256327390670776,0.7677386403083801,2,0.7677386403083801,2,0.7677386403083801,1,0.16773271560668945,-0.11878505349159241,1.0591392517089844
44,98,10.000000000000002,encoder_all_counterfactual,8400,0.841524600982666,3021,3101,0.6847228407859802,0.26158446073532104,0.4631451964378357,0.841524600982666,19,0.841524600982666,19,0.841524600982666,11,0.005250907503068447,0.022457163780927658,1.2991106510162354
44,98,10.000000000000002,topk,300,0.841524600982666,3,0,0.6847228407859802,0.26158446073532104,0.4631451964378357,0.841524600982666,13,0.841524600982666,13,0.841524600982666,11,0.005250907503068447,0.022457163780927658,1.2991106510162354
44,98,10.000000000000002,pre_bbox,300,0.8784637451171875,3,3,0.8784637451171875,0.5503597259521484,0.5503597259521484,0.8784637451171875,26,0.8784637451171875,26,0.8784637451171875,16,-0.00799789559096098,-0.04802655801177025,0.7886786460876465
44,98,10.000000000000002,decoder_1,300,0.8767275214195251,3,3,0.8767275214195251,0.5602976679801941,0.5602976679801941,0.8767275214195251,21,0.8767275214195251,21,0.8767275214195251,15,-0.013325009495019913,-0.0481255017220974,0.8024759292602539
44,98,10.000000000000002,decoder_2,300,0.8462185859680176,1,3,0.804126501083374,0.04285116121172905,0.587611973285675,0.8462185859680176,25,0.8462185859680176,25,0.8417012691497803,6,0.09209100157022476,-0.02113545686006546,0.8752825856208801
44,98,10.000000000000002,decoder_3,300,0.8451043367385864,1,3,0.7819673418998718,0.015383661724627018,0.5754033923149109,0.8451043367385864,25,0.8451043367385864,25,0.7819673418998718,2,0.09784110635519028,-0.030252669006586075,0.8327578902244568
44,98,10.000000000000002,final_nms07,192,0.7819673418998718,0,0,0.7819673418998718,0.5754033923149109,0.5754033923149109,0.7819673418998718,4,0.7819673418998718,4,0.7819673418998718,1,-0.03911043331027031,-0.1204722449183464,1.1550095081329346
45,99,11.0,encoder_all_counterfactual,8400,0.8440574407577515,2928,3008,0.842345118522644,0.2642097771167755,0.31202054023742676,0.8440574407577515,17,0.8440574407577515,17,0.8440574407577515,10,0.07276197522878647,0.10439720004796982,0.38860830664634705
45,100,12.0,encoder_all_counterfactual,8400,0.8694426417350769,3329,3328,0.6136203408241272,0.2465147227048874,0.3755604922771454,0.8694426417350769,14,0.8694426417350769,14,0.8694426417350769,10,0.02298092283308506,0.0832914412021637,0.8157946467399597
45,101,13.999999999999996,encoder_all_counterfactual,8400,0.8914046287536621,3727,3888,0.6356686353683472,0.07028967142105103,0.3644481599330902,0.8914046287536621,14,0.8914046287536621,14,0.8914046287536621,8,-0.03196500241756439,-0.07916222512722015,0.2502327859401703
45,99,11.0,topk,300,0.8440574407577515,5,2,0.842345118522644,0.2642097771167755,0.31202054023742676,0.8440574407577515,10,0.8440574407577515,10,0.8440574407577515,10,0.07276197522878647,0.10439720004796982,0.38860830664634705
45,100,12.0,topk,300,0.8694426417350769,6,0,0.6136203408241272,0.2465147227048874,0.3755604922771454,0.8694426417350769,10,0.8694426417350769,10,0.8694426417350769,10,0.02298092283308506,0.0832914412021637,0.8157946467399597
45,101,13.999999999999996,topk,300,0.8914046287536621,55,1,0.6356686353683472,0.07028967142105103,0.3644481599330902,0.8914046287536621,8,0.8914046287536621,8,0.8914046287536621,8,-0.03196500241756439,-0.07916222512722015,0.2502327859401703
45,99,11.0,pre_bbox,300,0.8827317953109741,5,5,0.8827317953109741,0.4297195076942444,0.4297195076942444,0.8827317953109741,12,0.8827317953109741,12,0.8827317953109741,7,-0.020261455327272415,0.04907291382551193,0.6023534536361694
45,100,12.0,pre_bbox,300,0.8295695781707764,25,21,0.7146721482276917,0.11617768555879593,0.5427683591842651,0.8295695781707764,18,0.8295695781707764,18,0.8295695781707764,5,-0.044961608946323395,0.03488735482096672,0.9747511148452759
45,101,13.999999999999996,pre_bbox,300,0.8344347476959229,55,11,0.6693527698516846,0.07860766351222992,0.4331146478652954,0.8344347476959229,15,0.8344347476959229,15,0.8344347476959229,6,-0.08904033154249191,-0.08400647342205048,0.5001221299171448
45,99,11.0,decoder_1,300,0.8769720196723938,5,5,0.8769720196723938,0.4384523928165436,0.4384523928165436,0.8769720196723938,13,0.8769720196723938,13,0.8769720196723938,7,-0.024622712284326553,0.05382029712200165,0.6216514706611633
45,100,12.0,decoder_1,300,0.8380718231201172,25,21,0.7186791300773621,0.12044160068035126,0.5528312921524048,0.8380718231201172,18,0.8380718231201172,18,0.8380718231201172,5,-0.04222514480352402,0.04845075681805611,0.9319189190864563
45,101,13.999999999999996,decoder_1,300,0.8523113131523132,55,11,0.6679826378822327,0.0814146175980568,0.4419156014919281,0.8523113131523132,15,0.8523113131523132,15,0.8523113131523132,6,-0.08533912152051926,-0.06646811962127686,0.5678601861000061
45,99,11.0,decoder_2,300,0.9136805534362793,19,5,0.9072147607803345,0.11707644909620285,0.5510545372962952,0.9136805534362793,15,0.9136805534362793,15,0.9136805534362793,4,-0.008914374746382236,0.07902316749095917,0.45645424723625183
45,100,12.0,decoder_2,300,0.8312398195266724,32,21,0.7494145035743713,0.01779579371213913,0.5579013228416443,0.8312398195266724,20,0.8312398195266724,20,0.8222631216049194,5,-0.008157716132700443,0.04564935341477394,1.112126350402832
45,101,13.999999999999996,decoder_2,300,0.818498432636261,55,11,0.6962321400642395,0.025958169251680374,0.5670503377914429,0.818498432636261,16,0.818498432636261,16,0.6962321400642395,2,-0.08846335858106613,-0.06979569047689438,0.8528023958206177
45,99,11.0,decoder_3,300,0.9167801737785339,19,5,0.9053981900215149,0.03631968796253204,0.5482127666473389,0.9167801737785339,15,0.9167801737785339,15,0.9053981900215149,2,-0.007250580471009016,0.07839852571487427,0.43979188799858093
45,100,12.0,decoder_3,300,0.8267385959625244,25,21,0.745958685874939,0.052512276917696,0.5436233282089233,0.8267385959625244,20,0.8267385959625244,20,0.8267385959625244,4,-0.044601429253816605,0.04210071638226509,1.0009211301803589
45,101,13.999999999999996,decoder_3,300,0.8288478255271912,55,11,0.7003469467163086,0.01629611663520336,0.5223487615585327,0.8288478255271912,16,0.8288478255271912,16,0.7003469467163086,2,-0.0863298550248146,-0.06671596318483353,0.7874995470046997
45,99,11.0,final_nms07,249,0.9053981900215149,0,0,0.9053981900215149,0.5482127666473389,0.5482127666473389,0.9053981900215149,4,0.9053981900215149,4,0.9053981900215149,1,-0.06082213297486305,0.029480991885066032,0.28598594665527344
45,100,12.0,final_nms07,249,0.745958685874939,1,1,0.745958685874939,0.5436233282089233,0.5436233282089233,0.745958685874939,4,0.745958685874939,4,0.745958685874939,1,0.025240231305360794,0.11026916652917862,1.5857561826705933
45,101,13.999999999999996,final_nms07,249,0.7003469467163086,2,2,0.7003469467163086,0.5223487615585327,0.5223487615585327,0.7003469467163086,1,0.7003469467163086,1,0.7003469467163086,1,-0.12141253799200058,-0.1424894481897354,1.6738853454589844
46,102,15.0,encoder_all_counterfactual,8400,0.7962400913238525,3169,3169,0.7962400913238525,0.4721931219100952,0.4721931219100952,0.7962400913238525,13,0.7962400913238525,13,0.7962400913238525,9,-0.0273264329880476,-0.11359693855047226,1.3215768337249756
46,103,12.0,encoder_all_counterfactual,8400,0.771314799785614,3408,3569,0.7303013801574707,0.06546895951032639,0.43327099084854126,0.771314799785614,12,0.771314799785614,12,0.771314799785614,9,-0.16637596487998962,0.09690452367067337,0.529931366443634
46,104,12.0,encoder_all_counterfactual,8400,0.8168567419052124,3971,4050,0.7851276993751526,0.08758977055549622,0.40992602705955505,0.8168567419052124,17,0.8168567419052124,17,0.8168567419052124,9,-0.0473145954310894,0.17453868687152863,0.9534403681755066
46,102,15.0,topk,300,0.7962400913238525,0,0,0.7962400913238525,0.4721931219100952,0.4721931219100952,0.7962400913238525,9,0.7962400913238525,9,0.7962400913238525,9,-0.0273264329880476,-0.11359693855047226,1.3215768337249756
46,103,12.0,topk,300,0.771314799785614,73,1,0.7303013801574707,0.06546895951032639,0.43327099084854126,0.771314799785614,9,0.771314799785614,9,0.771314799785614,9,-0.16637596487998962,0.09690452367067337,0.529931366443634
46,104,12.0,topk,300,0.8168567419052124,38,2,0.7851276993751526,0.08758977055549622,0.40992602705955505,0.8168567419052124,9,0.8168567419052124,9,0.8168567419052124,9,-0.0473145954310894,0.17453868687152863,0.9534403681755066
46,102,15.0,pre_bbox,300,0.8287872076034546,0,9,0.7427514791488647,0.04680873826146126,0.49027836322784424,0.8287872076034546,16,0.8287872076034546,16,0.79552161693573,6,-0.02372303046286106,-0.11189433932304382,0.9922301173210144
46,103,12.0,pre_bbox,300,0.7648036479949951,1,6,0.7456032633781433,0.04107782244682312,0.48606550693511963,0.7648036479949951,12,0.7648036479949951,12,0.7456032633781433,5,-0.1432378888130188,0.1403406709432602,0.8769511580467224
46,104,12.0,pre_bbox,300,0.7802067399024963,188,12,0.746228039264679,0.24063600599765778,0.45514199137687683,0.7802067399024963,14,0.7802067399024963,14,0.7802067399024963,5,-0.09079605340957642,0.10280758142471313,1.3006541728973389
46,102,15.0,decoder_1,300,0.8422830104827881,0,9,0.7363320589065552,0.048501092940568924,0.499019056558609,0.8422830104827881,15,0.8422830104827881,15,0.808330237865448,6,-0.015441857278347015,-0.10103365033864975,0.9068011045455933
46,103,12.0,decoder_1,300,0.7568207383155823,1,6,0.7421666979789734,0.04234573245048523,0.49500271677970886,0.7568207383155823,14,0.7568207383155823,14,0.7421666979789734,5,-0.13286976516246796,0.16808372735977173,1.0390009880065918
46,104,12.0,decoder_1,300,0.8362997770309448,76,12,0.7476526498794556,0.0012786246370524168,0.4637390971183777,0.8362997770309448,16,0.8362997770309448,16,0.7761330604553223,5,-0.083897165954113,0.08008787035942078,0.863283634185791
46,102,15.0,decoder_2,300,0.8391472101211548,0,9,0.743241012096405,0.02234085462987423,0.572607696056366,0.8391472101211548,15,0.8391472101211548,15,0.743241012096405,1,-0.04725414514541626,-0.1011241227388382,1.0064220428466797
46,103,12.0,decoder_2,300,0.7638627290725708,6,6,0.7638627290725708,0.4637921154499054,0.4637921154499054,0.7638627290725708,15,0.7638627290725708,15,0.7638627290725708,2,-0.17900805175304413,0.0910959392786026,0.26212266087532043
46,104,12.0,decoder_2,300,0.7687864303588867,38,12,0.7409240007400513,0.015522328205406666,0.5377538800239563,0.7687864303588867,17,0.7687864303588867,17,0.7659780979156494,4,-0.05072974041104317,0.23101724684238434,1.0916635990142822
46,102,15.0,decoder_3,300,0.8471934199333191,0,9,0.7391220927238464,0.013317099772393703,0.5446024537086487,0.8471934199333191,15,0.8471934199333191,15,0.7391220927238464,1,-0.05176311731338501,-0.10135086625814438,0.9741631746292114
46,103,12.0,decoder_3,300,0.7629076242446899,6,6,0.7629076242446899,0.5220043063163757,0.5220043063163757,0.7629076242446899,15,0.7629076242446899,15,0.7629076242446899,2,-0.18059591948986053,0.0903773382306099,0.2519931495189667
46,104,12.0,decoder_3,300,0.7779525518417358,38,12,0.7390792965888977,0.01618974283337593,0.5442644357681274,0.7779525518417358,16,0.7779525518417358,16,0.7390792965888977,2,-0.048152364790439606,0.22521689534187317,1.0864765644073486
46,102,15.0,final_nms07,246,0.7391220927238464,0,0,0.7391220927238464,0.5446024537086487,0.5446024537086487,0.7391220927238464,2,0.7391220927238464,2,0.7391220927238464,1,-0.11522518843412399,-0.16462337970733643,1.0621628761291504
46,103,12.0,final_nms07,246,0.7629076242446899,2,2,0.7629076242446899,0.5220043063163757,0.5220043063163757,0.7629076242446899,2,0.7629076242446899,2,0.7629076242446899,1,-0.18059591948986053,0.0903773382306099,0.2519931495189667
46,104,12.0,final_nms07,246,0.7390792965888977,1,1,0.7390792965888977,0.5442644357681274,0.5442644357681274,0.7390792965888977,3,0.7390792965888977,3,0.7390792965888977,2,-0.014337526634335518,0.19278818368911743,1.0715614557266235
47,105,12.0,encoder_all_counterfactual,8400,0.8358682990074158,3250,3329,0.747286319732666,0.1742563545703888,0.34117430448532104,0.8358682990074158,16,0.8358682990074158,16,0.8358682990074158,11,-0.09601952880620956,0.09014185518026352,0.33286604285240173
47,106,12.0,encoder_all_counterfactual,8400,0.8797762393951416,3729,3809,0.8437490463256836,0.16620156168937683,0.3818250000476837,0.8797762393951416,15,0.8797762393951416,15,0.8797762393951416,9,-0.10005908459424973,0.021306199952960014,0.5049693584442139
47,107,9.999999999999998,encoder_all_counterfactual,8400,0.7746192812919617,2770,2929,0.6503958702087402,0.03513212502002716,0.36331626772880554,0.7746192812919617,14,0.7746192812919617,14,0.7539620995521545,9,-0.16205012798309326,0.060449257493019104,1.1123321056365967
47,105,12.0,topk,300,0.8358682990074158,10,2,0.747286319732666,0.1742563545703888,0.34117430448532104,0.8358682990074158,11,0.8358682990074158,11,0.8358682990074158,11,-0.09601952880620956,0.09014185518026352,0.33286604285240173
47,106,12.0,topk,300,0.8797762393951416,12,0,0.8437490463256836,0.16620156168937683,0.3818250000476837,0.8797762393951416,9,0.8797762393951416,9,0.8797762393951416,9,-0.10005908459424973,0.021306199952960014,0.5049693584442139
47,107,9.999999999999998,topk,300,0.7539620995521545,21,1,0.6503958702087402,0.11940181255340576,0.36331626772880554,0.7539620995521545,9,0.7539620995521545,9,0.7539620995521545,9,0.07899786531925201,0.22922256588935852,0.8235551118850708
47,105,12.0,pre_bbox,300,0.8632845282554626,5,31,0.7796473503112793,0.04525873810052872,0.5513549447059631,0.8632845282554626,17,0.8632845282554626,17,0.8422122597694397,9,-0.09364667534828186,0.05504472181200981,0.4736977219581604
47,106,12.0,pre_bbox,300,0.881942868232727,22,12,0.8412994146347046,0.08162442594766617,0.46953678131103516,0.881942868232727,11,0.881942868232727,11,0.881942868232727,5,-0.06576138734817505,0.05144669860601425,0.5934094786643982
47,107,9.999999999999998,pre_bbox,300,0.7841880321502686,24,21,0.7827363014221191,0.45453011989593506,0.4666147530078888,0.7841880321502686,11,0.7841880321502686,11,0.7841880321502686,5,0.04485901817679405,0.21914593875408173,0.6401792168617249
47,105,12.0,decoder_1,300,0.8604179620742798,5,31,0.7819029688835144,0.04679371416568756,0.5596383810043335,0.8604179620742798,17,0.8604179620742798,17,0.8351859450340271,9,-0.0955309048295021,0.05660589039325714,0.5068563222885132
47,106,12.0,decoder_1,300,0.8665551543235779,22,12,0.8370340466499329,0.08455248922109604,0.4789217710494995,0.8665551543235779,12,0.8665551543235779,12,0.8665551543235779,5,-0.06189998984336853,0.07131290435791016,0.5975889563560486
47,107,9.999999999999998,decoder_1,300,0.7901859283447266,21,21,0.7901859283447266,0.47469666600227356,0.47469666600227356,0.7901859283447266,10,0.7901859283447266,10,0.7901859283447266,5,0.01552997063845396,0.2461715042591095,0.8087105751037598
47,105,12.0,decoder_2,300,0.8465650677680969,31,31,0.8465650677680969,0.5190600156784058,0.5190600156784058,0.8465650677680969,21,0.8465650677680969,21,0.8465650677680969,2,-0.07088278234004974,0.03663390129804611,0.8831506371498108
47,106,12.0,decoder_2,300,0.8500051498413086,22,12,0.8407559990882874,0.10535789281129837,0.5037161111831665,0.8500051498413086,12,0.8500051498413086,12,0.8500051498413086,4,-0.0897630825638771,0.07784903794527054,0.7537028193473816
47,107,9.999999999999998,decoder_2,300,0.7871530652046204,24,21,0.7746255993843079,0.303650826215744,0.47748449444770813,0.7871530652046204,12,0.7871530652046204,12,0.7871530652046204,4,0.03160683810710907,0.23147939145565033,0.8299005627632141
47,105,12.0,decoder_3,300,0.8589521050453186,31,31,0.8589521050453186,0.512121856212616,0.512121856212616,0.8589521050453186,20,0.8589521050453186,20,0.8589521050453186,2,-0.07628276199102402,0.05474497005343437,0.8111969232559204
47,106,12.0,decoder_3,300,0.8456265330314636,22,12,0.8369753956794739,0.026665305718779564,0.5229753851890564,0.8456265330314636,12,0.8456265330314636,12,0.8369753956794739,2,-0.0931374579668045,0.0798531025648117,0.7312532663345337
47,107,9.999999999999998,decoder_3,300,0.7822551131248474,24,21,0.7792083621025085,0.24248024821281433,0.4591485261917114,0.7822551131248474,12,0.7822551131248474,12,0.7822551131248474,3,0.025080585852265358,0.24357423186302185,0.8324877619743347
47,105,12.0,final_nms07,250,0.8589521050453186,1,1,0.8589521050453186,0.512121856212616,0.512121856212616,0.8589521050453186,4,0.8589521050453186,4,0.8589521050453186,1,-0.07628276199102402,0.05474497005343437,0.8111969232559204
47,106,12.0,final_nms07,250,0.8369753956794739,0,0,0.8369753956794739,0.5229753851890564,0.5229753851890564,0.8369753956794739,2,0.8369753956794739,2,0.8369753956794739,1,-0.11701065301895142,0.049975283443927765,0.6957433819770813
47,107,9.999999999999998,final_nms07,250,0.7792083621025085,2,2,0.7792083621025085,0.4591485261917114,0.4591485261917114,0.7792083621025085,4,0.7792083621025085,4,0.7792083621025085,1,0.02588583342730999,0.250969260931015,0.8306961059570312
48,108,11.0,encoder_all_counterfactual,8400,0.8565136790275574,2769,2930,0.5888006687164307,0.05107307434082031,0.2864719331264496,0.8565136790275574,11,0.8565136790275574,11,0.8565136790275574,6,-0.05711188539862633,0.0741799846291542,0.5857557654380798
48,109,13.999999999999996,encoder_all_counterfactual,8400,0.852310836315155,3408,3249,0.6657065749168396,0.05016149953007698,0.42204803228378296,0.852310836315155,12,0.852310836315155,12,0.852310836315155,10,0.06673164665699005,-0.0962863489985466,0.36656469106674194
48,110,18.0,encoder_all_counterfactual,8400,0.6567580699920654,7422,3809,0.40611952543258667,0.028103282675147057,0.29869335889816284,0.6567580699920654,3,0.6567580699920654,3,0.4618798792362213,0,-0.23932017385959625,0.04150610789656639,2.654731035232544
48,108,11.0,topk,300,0.7950953841209412,5,2,0.5888006687164307,0.18668143451213837,0.2864719331264496,0.7950953841209412,5,0.7950953841209412,5,0.7950953841209412,5,0.022309470921754837,0.16713032126426697,0.9100322723388672
48,109,13.999999999999996,topk,300,0.6699057221412659,28,0,0.6657065749168396,0.09264791756868362,0.42204803228378296,0.6699057221412659,9,0.6699057221412659,9,0.6699057221412659,9,-0.0914810448884964,-0.03643234074115753,2.39780330657959
48,110,18.0,topk,300,0.4618798792362213,6,1,0.40611952543258667,0.18344323337078094,0.29869335889816284,0.4618798792362213,0,0.4618798792362213,0,0.4618798792362213,0,-0.3173255920410156,-0.32342562079429626,3.5327439308166504
48,108,11.0,pre_bbox,300,0.8158249855041504,31,52,0.809211254119873,0.04590699449181557,0.47711026668548584,0.8158249855041504,7,0.8158249855041504,7,0.809211254119873,5,-0.030325986444950104,0.10560502856969833,0.9221014380455017
48,109,13.999999999999996,pre_bbox,300,0.7249976396560669,13,15,0.6758773922920227,0.039400555193424225,0.548194408416748,0.7249976396560669,13,0.7249976396560669,13,0.699974536895752,6,-0.01739499904215336,-0.06421095877885818,1.8868141174316406
48,110,18.0,pre_bbox,300,0.4280468821525574,6,191,0.3142395615577698,0.21814972162246704,0.431831032037735,0.4280468821525574,0,0.4280468821525574,0,0.4280468821525574,0,-0.36913707852363586,-0.3214917778968811,3.529204845428467
48,108,11.0,decoder_1,300,0.8164287805557251,31,52,0.8034757375717163,0.04715283587574959,0.4860471487045288,0.8164287805557251,7,0.8164287805557251,7,0.8159489631652832,5,-0.029961563646793365,0.11927375197410583,0.8892594575881958
48,109,13.999999999999996,decoder_1,300,0.7256940007209778,13,15,0.6777228116989136,0.040762245655059814,0.5584505796432495,0.7256940007209778,13,0.7256940007209778,13,0.7035318613052368,6,-0.01910235546529293,-0.06600063294172287,1.8551336526870728
48,110,18.0,decoder_1,300,0.48443302512168884,139,191,0.320867121219635,0.0582691915333271,0.4402731955051422,0.48443302512168884,0,0.48443302512168884,0,0.48443302512168884,0,-0.36522024869918823,-0.23684817552566528,2.3147902488708496
48,108,11.0,decoder_2,300,0.8496888875961304,31,52,0.8076321482658386,0.023416541516780853,0.45879366993904114,0.8496888875961304,9,0.8496888875961304,9,0.8321881890296936,2,-0.06579015403985977,0.10371539741754532,0.559502124786377
48,109,13.999999999999996,decoder_2,300,0.7539346814155579,13,15,0.7074511051177979,0.013135443441569805,0.5212661623954773,0.7539346814155579,13,0.7539346814155579,13,0.7074511051177979,3,-0.04399815946817398,-0.06407181918621063,1.8333348035812378
48,110,18.0,decoder_2,300,0.43583449721336365,6,191,0.3431120216846466,0.049160294234752655,0.45103734731674194,0.43583449721336365,0,0.43583449721336365,0,0.422259658575058,0,-0.36688536405563354,-0.3116038143634796,3.7617568969726562
48,108,11.0,decoder_3,300,0.8468693494796753,31,52,0.798204779624939,0.012666565366089344,0.5170922875404358,0.8468693494796753,9,0.8468693494796753,9,0.8259623646736145,3,-0.06725499778985977,0.10871411859989166,0.5589659214019775
48,109,13.999999999999996,decoder_3,300,0.7466797828674316,13,15,0.7059271931648254,0.014870990067720413,0.5602502822875977,0.7466797828674316,13,0.7466797828674316,13,0.7059271931648254,1,-0.05303000286221504,-0.06556260585784912,1.8540751934051514
48,110,18.0,decoder_3,300,0.44124871492385864,6,191,0.3499287962913513,0.029026389122009277,0.4822016656398773,0.44124871492385864,0,0.44124871492385864,0,0.3499287962913513,0,-0.36337316036224365,-0.3068971037864685,3.761939764022827
48,108,11.0,final_nms07,239,0.798204779624939,1,1,0.798204779624939,0.5170922875404358,0.5170922875404358,0.798204779624939,2,0.798204779624939,2,0.798204779624939,1,0.0038156749214977026,0.13413874804973602,0.7231319546699524
48,109,13.999999999999996,final_nms07,239,0.7059271931648254,0,0,0.7059271931648254,0.5602502822875977,0.5602502822875977,0.7059271931648254,2,0.7059271931648254,2,0.7059271931648254,1,-0.005857454147189856,-0.03220956027507782,2.4596526622772217
48,110,18.0,final_nms07,239,0.36608487367630005,3,2,0.3499287962913513,0.04285470023751259,0.4822016656398773,0.36608487367630005,0,0.36608487367630005,0,0.3499287962913513,0,-0.3958171606063843,-0.39408180117607117,4.17507791519165
49,111,12.0,encoder_all_counterfactual,8400,0.7748210430145264,2689,2688,0.6806864142417908,0.15072385966777802,0.32478123903274536,0.7748210430145264,15,0.7748210430145264,15,0.7748210430145264,12,-0.16328606009483337,0.09546846151351929,0.5180284976959229
49,112,13.999999999999996,encoder_all_counterfactual,8400,0.721031665802002,3086,3087,0.5992960333824158,0.11577709019184113,0.39734598994255066,0.721031665802002,13,0.721031665802002,13,0.721031665802002,10,-0.10202108323574066,-0.1596098393201828,1.8616735935211182
49,113,13.999999999999996,encoder_all_counterfactual,8400,0.8846805691719055,3487,3568,0.8354465365409851,0.08509846776723862,0.3332209289073944,0.8846805691719055,17,0.8846805691719055,17,0.8846805691719055,10,0.00126465386711061,-0.06502769887447357,0.5118984580039978
49,111,12.0,topk,300,0.7748210430145264,16,3,0.6806864142417908,0.15072385966777802,0.32478123903274536,0.7748210430145264,12,0.7748210430145264,12,0.7748210430145264,12,-0.16328606009483337,0.09546846151351929,0.5180284976959229
49,112,13.999999999999996,topk,300,0.721031665802002,19,0,0.5992960333824158,0.11577709019184113,0.39734598994255066,0.721031665802002,10,0.721031665802002,10,0.721031665802002,10,-0.10202108323574066,-0.1596098393201828,1.8616735935211182
49,113,13.999999999999996,topk,300,0.8846805691719055,33,2,0.8354465365409851,0.08509846776723862,0.3332209289073944,0.8846805691719055,10,0.8846805691719055,10,0.8846805691719055,10,0.00126465386711061,-0.06502769887447357,0.5118984580039978
49,111,12.0,pre_bbox,300,0.7731302976608276,16,23,0.7434704303741455,0.07314855605363846,0.4479643404483795,0.7731302976608276,14,0.7731302976608276,14,0.7731302976608276,12,-0.17402568459510803,0.08275213837623596,0.44645246863365173
49,112,13.999999999999996,pre_bbox,300,0.6668416261672974,7,17,0.5759831666946411,0.05622537434101105,0.5756856203079224,0.6668416261672974,15,0.6668416261672974,15,0.6668416261672974,11,-0.15386216342449188,-0.02802358753979206,1.9996581077575684
49,113,13.999999999999996,pre_bbox,300,0.9416142702102661,8,25,0.815961480140686,0.04721000790596008,0.46696728467941284,0.9416142702102661,14,0.9416142702102661,14,0.8779176473617554,5,-0.0027173382695764303,-0.020951878279447556,0.33100828528404236
49,111,12.0,decoder_1,300,0.7711994647979736,6,23,0.7448001503944397,0.05635084584355354,0.4565843939781189,0.7711994647979736,13,0.7711994647979736,13,0.7711994647979736,12,-0.1628289669752121,0.06601642817258835,1.1200934648513794
49,112,13.999999999999996,decoder_1,300,0.678083062171936,19,17,0.5773736238479614,0.03732732683420181,0.5853251218795776,0.678083062171936,15,0.678083062171936,15,0.670113742351532,11,-0.10978835076093674,-0.100688636302948,2.207200288772583
49,113,13.999999999999996,decoder_1,300,0.9513787627220154,8,25,0.8236984610557556,0.04893549159169197,0.4756219983100891,0.9513787627220154,14,0.9513787627220154,14,0.8787822723388672,5,0.006068107206374407,-0.0008442247635684907,0.27832910418510437
49,111,12.0,decoder_2,300,0.7854136228561401,23,23,0.7854136228561401,0.5108596086502075,0.5108596086502075,0.7854136228561401,15,0.7854136228561401,15,0.7854136228561401,3,-0.17292051017284393,0.02118108794093132,1.7174664735794067
49,112,13.999999999999996,decoder_2,300,0.6487075090408325,0,17,0.5958079099655151,0.03149811550974846,0.5453581213951111,0.6487075090408325,16,0.6487075090408325,16,0.610535204410553,3,-0.0834110677242279,0.07348387688398361,2.900607109069824
49,113,13.999999999999996,decoder_2,300,0.936141848564148,8,25,0.8482820391654968,0.027245236560702324,0.5290212035179138,0.936141848564148,15,0.936141848564148,15,0.8482820391654968,1,-0.03536849841475487,-0.005977916531264782,0.42560049891471863
49,111,12.0,decoder_3,300,0.788273811340332,23,23,0.788273811340332,0.5303887724876404,0.5303887724876404,0.788273811340332,15,0.788273811340332,15,0.788273811340332,1,-0.17711977660655975,0.024022573605179787,1.6841120719909668
49,112,13.999999999999996,decoder_3,300,0.6431781649589539,0,17,0.5934175252914429,0.011795788072049618,0.5602805614471436,0.6431781649589539,18,0.6431781649589539,18,0.5934175252914429,1,-0.08502064645290375,0.07738935947418213,2.9584577083587646
49,113,13.999999999999996,decoder_3,300,0.9300584197044373,8,25,0.8408052325248718,0.009950787760317326,0.5536825656890869,0.9300584197044373,14,0.9300584197044373,14,0.8408052325248718,1,-0.03634696826338768,-0.0012613985454663634,0.447179913520813
49,111,12.0,final_nms07,241,0.788273811340332,2,2,0.788273811340332,0.5303887724876404,0.5303887724876404,0.788273811340332,3,0.788273811340332,3,0.788273811340332,1,-0.17711977660655975,0.024022573605179787,1.6841120719909668
49,112,13.999999999999996,final_nms07,241,0.5934175252914429,0,0,0.5934175252914429,0.5602805614471436,0.5602805614471436,0.5934175252914429,4,0.5934175252914429,4,0.5934175252914429,1,-0.18497200310230255,-0.048125967383384705,2.5609748363494873
49,113,13.999999999999996,final_nms07,241,0.8408052325248718,1,1,0.8408052325248718,0.5536825656890869,0.5536825656890869,0.8408052325248718,2,0.8408052325248718,2,0.8408052325248718,1,-0.090488962829113,-0.07554041594266891,0.6503561735153198
50,114,13.999999999999996,encoder_all_counterfactual,8400,0.7748854160308838,7184,3089,0.5914114713668823,0.03647081181406975,0.285597026348114,0.7748854160308838,11,0.7748854160308838,11,0.7146922945976257,8,0.053495582193136215,0.061309024691581726,1.6776056289672852
50,115,11.999999999999998,encoder_all_counterfactual,8400,0.8224866986274719,3648,3489,0.7838250398635864,0.0587257444858551,0.371512770652771,0.8224866986274719,16,0.8224866986274719,16,0.8224866986274719,13,0.07104885578155518,-0.08077845722436905,1.0869555473327637
50,116,11.0,encoder_all_counterfactual,8400,0.8780975937843323,3968,4049,0.6400969624519348,0.14408497512340546,0.39655542373657227,0.8780975937843323,15,0.8780975937843323,15,0.8780975937843323,11,0.03236193209886551,0.10313104093074799,0.33632802963256836
50,114,13.999999999999996,topk,300,0.7146922945976257,5,3,0.5914114713668823,0.2544565796852112,0.285597026348114,0.7146922945976257,8,0.7146922945976257,8,0.7146922945976257,8,-0.21638651192188263,-0.07712064683437347,0.7283847332000732
50,115,11.999999999999998,topk,300,0.8224866986274719,137,1,0.7838250398635864,0.0587257444858551,0.371512770652771,0.8224866986274719,12,0.8224866986274719,12,0.8224866986274719,12,0.07104885578155518,-0.08077845722436905,1.0869555473327637
50,116,11.0,topk,300,0.8780975937843323,16,0,0.6400969624519348,0.14408497512340546,0.39655542373657227,0.8780975937843323,11,0.8780975937843323,11,0.8780975937843323,11,0.03236193209886551,0.10313104093074799,0.33632802963256836
50,114,13.999999999999996,pre_bbox,300,0.7130816578865051,158,42,0.542876660823822,0.048541437834501266,0.40256720781326294,0.7130816578865051,9,0.7130816578865051,9,0.6450377702713013,5,-0.1970718652009964,-0.08965978771448135,1.2339974641799927
50,115,11.999999999999998,pre_bbox,300,0.8174889087677002,137,18,0.7626079320907593,0.03692333400249481,0.542879045009613,0.8174889087677002,13,0.8174889087677002,13,0.7797134518623352,5,0.10628364235162735,-0.07132331281900406,0.9023257493972778
50,116,11.0,pre_bbox,300,0.8542948961257935,16,10,0.7530794739723206,0.04468607157468796,0.4604586362838745,0.8542948961257935,16,0.8542948961257935,16,0.8109041452407837,6,0.025045527145266533,0.1419568806886673,0.7871972322463989
50,114,13.999999999999996,decoder_1,300,0.7143281102180481,158,42,0.5434018969535828,0.05024583637714386,0.4109875559806824,0.7143281102180481,10,0.7143281102180481,10,0.7143281102180481,6,-0.20333032310009003,-0.09421876072883606,1.1458364725112915
50,115,11.999999999999998,decoder_1,300,0.8016324639320374,137,18,0.7629888653755188,0.03819447383284569,0.5527899265289307,0.8016324639320374,14,0.8016324639320374,14,0.7723504304885864,6,0.12078288197517395,-0.04947293549776077,0.9688698053359985
50,116,11.0,decoder_1,300,0.8357324600219727,16,10,0.7513785362243652,0.046155862510204315,0.46859458088874817,0.8357324600219727,15,0.8357324600219727,15,0.8029690384864807,6,0.027142437174916267,0.16493532061576843,0.846710741519928
50,114,13.999999999999996,decoder_2,300,0.7051731944084167,158,42,0.5254083275794983,0.024183625355362892,0.5045754313468933,0.7051731944084167,9,0.7051731944084167,9,0.5415987968444824,2,-0.21326951682567596,-0.10367143154144287,1.0045548677444458
50,115,11.999999999999998,decoder_2,300,0.821640133857727,21,18,0.744301438331604,0.031149040907621384,0.5462056398391724,0.821640133857727,18,0.821640133857727,18,0.7590287327766418,4,0.11713507771492004,-0.09086214005947113,0.5966944694519043
50,116,11.0,decoder_2,300,0.824763298034668,212,10,0.7423329949378967,0.023454230278730392,0.49046286940574646,0.824763298034668,18,0.824763298034668,18,0.7423329949378967,2,-0.043434157967567444,0.1670653522014618,0.8667653799057007
50,114,13.999999999999996,decoder_3,300,0.7077732682228088,158,42,0.5263311266899109,0.011122426949441433,0.5096322298049927,0.7077732682228088,9,0.7077732682228088,9,0.5263311266899109,1,-0.215640589594841,-0.09764449298381805,1.0008147954940796
50,115,11.999999999999998,decoder_3,300,0.8261417746543884,21,18,0.7476286292076111,0.010445126332342625,0.5529633164405823,0.8261417746543884,17,0.8261417746543884,17,0.7476286292076111,1,0.12134936451911926,-0.08180832117795944,0.6682117581367493
50,116,11.0,decoder_3,300,0.8245293498039246,212,10,0.7348946332931519,0.012296430766582489,0.502747654914856,0.8245293498039246,18,0.8245293498039246,18,0.7348946332931519,1,-0.03894719108939171,0.17228738963603973,0.8272306323051453
50,114,13.999999999999996,final_nms07,244,0.5297895669937134,10,1,0.5263311266899109,0.030789092183113098,0.5096322298049927,0.5297895669937134,2,0.5297895669937134,2,0.5263311266899109,1,-0.33010438084602356,-0.06726565212011337,3.7317605018615723
50,115,11.999999999999998,final_nms07,244,0.7476286292076111,0,0,0.7476286292076111,0.5529633164405823,0.5529633164405823,0.7476286292076111,3,0.7476286292076111,3,0.7476286292076111,1,0.17158034443855286,-0.09645979106426239,1.6459490060806274
50,116,11.0,final_nms07,244,0.7348946332931519,2,2,0.7348946332931519,0.502747654914856,0.502747654914856,0.7348946332931519,2,0.7348946332931519,2,0.7348946332931519,1,0.06090426817536354,0.25230446457862854,0.9967358112335205
51,117,13.999999999999996,encoder_all_counterfactual,8400,0.8578877449035645,3008,3089,0.6804705262184143,0.12869836390018463,0.3546403646469116,0.8578877449035645,12,0.8578877449035645,12,0.8578877449035645,6,0.030407238751649857,-0.05241647735238075,0.8733161091804504
51,118,11.0,encoder_all_counterfactual,8400,0.606677770614624,3329,3408,0.35600510239601135,0.09754833579063416,0.4072902202606201,0.606677770614624,2,0.606677770614624,2,0.606677770614624,2,0.19923347234725952,0.22973774373531342,2.35605788230896
51,119,10.0,encoder_all_counterfactual,8400,0.7830923795700073,3808,3967,0.6277055144309998,0.057227861136198044,0.32805147767066956,0.7830923795700073,13,0.7830923795700073,13,0.7830923795700073,12,0.07416338473558426,0.015606840141117573,1.0941658020019531
51,117,13.999999999999996,topk,300,0.8578877449035645,17,1,0.6804705262184143,0.12869836390018463,0.3546403646469116,0.8578877449035645,6,0.8578877449035645,6,0.8578877449035645,6,0.030407238751649857,-0.05241647735238075,0.8733161091804504
51,118,11.0,topk,300,0.606677770614624,27,0,0.35600510239601135,0.09754833579063416,0.4072902202606201,0.606677770614624,2,0.606677770614624,2,0.606677770614624,2,0.19923347234725952,0.22973774373531342,2.35605788230896
51,119,10.0,topk,300,0.7830923795700073,128,2,0.6277055144309998,0.057227861136198044,0.32805147767066956,0.7830923795700073,12,0.7830923795700073,12,0.7830923795700073,12,0.07416338473558426,0.015606840141117573,1.0941658020019531
51,117,13.999999999999996,pre_bbox,300,0.8587073087692261,18,11,0.787000834941864,0.06592472642660141,0.5331910848617554,0.8587073087692261,9,0.8587073087692261,9,0.8587073087692261,8,0.02473192848265171,0.1222778707742691,0.39755135774612427
51,118,11.0,pre_bbox,300,0.7439688444137573,5,13,0.5119745135307312,0.04029027372598648,0.5172505974769592,0.7439688444137573,10,0.7439688444137573,10,0.7058470845222473,4,0.19106948375701904,0.1285124123096466,0.6545376181602478
51,119,10.0,pre_bbox,300,0.7798545956611633,9,9,0.7798545956611633,0.4804147183895111,0.4804147183895111,0.7798545956611633,17,0.7798545956611633,17,0.7798545956611633,7,0.1465107649564743,0.1184280589222908,0.7291339039802551
51,117,13.999999999999996,decoder_1,300,0.8516533970832825,18,11,0.7844887375831604,0.06811755150556564,0.5422560572624207,0.8516533970832825,9,0.8516533970832825,9,0.8516533970832825,8,0.03578269109129906,0.13361825048923492,0.31337031722068787
51,118,11.0,decoder_1,300,0.7466369867324829,32,13,0.5142807364463806,0.04140376299619675,0.526642382144928,0.7466369867324829,10,0.7466369867324829,10,0.7138276696205139,4,0.10689439624547958,0.07622632384300232,1.3891890048980713
51,119,10.0,decoder_1,300,0.7912898659706116,128,9,0.7812756896018982,0.2527213990688324,0.48825421929359436,0.7912898659706116,18,0.7912898659706116,18,0.7912898659706116,8,0.0686916783452034,0.03727031871676445,1.101696252822876
51,117,13.999999999999996,decoder_2,300,0.8666250705718994,18,11,0.7922049164772034,0.030619202181696892,0.5608060956001282,0.8666250705718994,12,0.8666250705718994,12,0.8203467130661011,4,-0.004977076314389706,0.08513038605451584,0.5745421648025513
51,118,11.0,decoder_2,300,0.7286760807037354,5,13,0.5320130586624146,0.011592618189752102,0.4743540585041046,0.7286760807037354,9,0.7286760807037354,9,0.5719813704490662,2,0.15269365906715393,0.05495090410113335,1.1499091386795044
51,119,10.0,decoder_2,300,0.7834355235099792,128,9,0.717458188533783,0.038474105298519135,0.4746527373790741,0.7834355235099792,20,0.7834355235099792,20,0.717458188533783,2,0.07915615290403366,0.025989225134253502,1.0722006559371948
51,117,13.999999999999996,decoder_3,300,0.8780691623687744,18,11,0.7937309145927429,0.014809299260377884,0.5347514152526855,0.8780691623687744,12,0.8780691623687744,12,0.7937309145927429,4,-0.0042585511691868305,0.08478069305419922,0.5042911767959595
51,118,11.0,decoder_3,300,0.7304656505584717,5,13,0.5372300744056702,0.014565484598279,0.5387521386146545,0.7304656505584717,9,0.7304656505584717,9,0.5372300744056702,1,0.1525188684463501,0.05414511263370514,1.127159595489502
51,119,10.0,decoder_3,300,0.7846434116363525,128,9,0.7163414359092712,0.025938838720321655,0.4918676018714905,0.7846434116363525,19,0.7846434116363525,19,0.7163414359092712,2,0.07772106677293777,0.02883136086165905,1.071237325668335
51,117,13.999999999999996,final_nms07,246,0.7937309145927429,1,1,0.7937309145927429,0.5347514152526855,0.5347514152526855,0.7937309145927429,3,0.7937309145927429,3,0.7937309145927429,2,-0.05635042116045952,-0.07526680082082748,1.2771621942520142
51,118,11.0,final_nms07,246,0.7178168892860413,145,0,0.5372300744056702,0.014200962148606777,0.5387521386146545,0.7178168892860413,2,0.7178168892860413,2,0.5372300744056702,1,0.1546911597251892,-0.012295283377170563,1.4853863716125488
51,119,10.0,final_nms07,246,0.7163414359092712,2,2,0.7163414359092712,0.4918676018714905,0.4918676018714905,0.7163414359092712,4,0.7163414359092712,4,0.7163414359092712,1,0.17097096145153046,0.09559657424688339,1.1625263690948486
52,120,11.0,encoder_all_counterfactual,8400,0.7367258071899414,2605,2688,0.625968337059021,0.02698039449751377,0.41336899995803833,0.7367258071899414,17,0.7367258071899414,17,0.625968337059021,10,-0.07984501123428345,-0.03397950902581215,1.377131700515747
52,121,11.0,encoder_all_counterfactual,8400,0.7934754490852356,3168,3088,0.620633065700531,0.19404855370521545,0.3919525146484375,0.7934754490852356,14,0.7934754490852356,14,0.7934754490852356,12,-0.07489952445030212,0.09155324101448059,0.9133697748184204
52,122,8.0,encoder_all_counterfactual,8400,0.64578777551651,3408,3568,0.5382949709892273,0.04397168010473251,0.3918692171573639,0.64578777551651,8,0.64578777551651,8,0.5820132493972778,5,0.031330130994319916,-0.11882010102272034,2.4542877674102783
52,120,11.0,topk,300,0.625968337059021,0,0,0.625968337059021,0.41336899995803833,0.41336899995803833,0.625968337059021,10,0.625968337059021,10,0.625968337059021,10,0.30344823002815247,0.20652665197849274,2.0126712322235107
52,121,11.0,topk,300,0.7934754490852356,12,1,0.620633065700531,0.19404855370521545,0.3919525146484375,0.7934754490852356,12,0.7934754490852356,12,0.7934754490852356,12,-0.07489952445030212,0.09155324101448059,0.9133697748184204
52,122,8.0,topk,300,0.5820132493972778,6,2,0.5382949709892273,0.261843204498291,0.3918692171573639,0.5820132493972778,5,0.5820132493972778,5,0.5820132493972778,5,0.5597679615020752,0.008964707143604755,1.756579041481018
52,120,11.0,pre_bbox,300,0.7474257946014404,40,20,0.6053040027618408,0.0252327062189579,0.4354608356952667,0.7474257946014404,13,0.7474257946014404,13,0.6145150661468506,5,0.17625144124031067,-0.0465078130364418,1.2646902799606323
52,121,11.0,pre_bbox,300,0.7931070327758789,12,13,0.612665057182312,0.03622889518737793,0.5185708403587341,0.7931070327758789,22,0.7931070327758789,22,0.6832556128501892,8,0.05619889125227928,0.15882354974746704,0.7616780400276184
52,122,8.0,pre_bbox,300,0.8242794275283813,43,24,0.5332843065261841,0.04225526005029678,0.45205679535865784,0.8242794275283813,11,0.8242794275283813,11,0.558927595615387,4,0.10799817740917206,-0.032345619052648544,0.7577442526817322
52,120,11.0,decoder_1,300,0.6928163766860962,88,20,0.6091541051864624,0.02286173403263092,0.4458736479282379,0.6928163766860962,13,0.6928163766860962,13,0.6098393201828003,5,0.19570887088775635,-0.18343304097652435,1.5903265476226807
52,121,11.0,decoder_1,300,0.7999917268753052,235,13,0.6142316460609436,0.03181656450033188,0.5285812616348267,0.7999917268753052,20,0.7999917268753052,20,0.6988433003425598,8,0.030261637642979622,0.2089618742465973,0.33162030577659607
52,122,8.0,decoder_1,300,0.8366913795471191,43,24,0.5385335087776184,0.0433703288435936,0.46180111169815063,0.8366913795471191,13,0.8366913795471191,13,0.5581728219985962,4,0.1069755032658577,-0.025572435930371284,0.7164136171340942
52,120,11.0,decoder_2,300,0.6854362487792969,55,20,0.5814348459243774,0.06212020292878151,0.5611549615859985,0.6854362487792969,15,0.6854362487792969,15,0.6854362487792969,3,-0.2388971596956253,-0.09941669553518295,0.43851006031036377
52,121,11.0,decoder_2,300,0.7968992590904236,12,13,0.5912501215934753,0.02291136607527733,0.5465207099914551,0.7968992590904236,23,0.7968992590904236,23,0.6654065251350403,3,0.05852958559989929,0.1854752153158188,0.6273566484451294
52,122,8.0,decoder_2,300,0.8527659773826599,43,24,0.544582188129425,0.015699323266744614,0.5375956892967224,0.8527659773826599,12,0.8527659773826599,12,0.5673039555549622,2,0.11206097155809402,-0.05713367834687233,0.2883080840110779
52,120,11.0,decoder_3,300,0.6760592460632324,40,20,0.5894561409950256,0.020337771624326706,0.560696005821228,0.6760592460632324,15,0.6760592460632324,15,0.5894561409950256,1,0.19001595675945282,0.07080616056919098,2.1681065559387207
52,121,11.0,decoder_3,300,0.8014121055603027,12,13,0.5921342372894287,0.019618896767497063,0.543876588344574,0.8014121055603027,22,0.8014121055603027,22,0.5921342372894287,1,0.05691596865653992,0.18060298264026642,0.6407079100608826
52,122,8.0,decoder_3,300,0.8602073192596436,43,24,0.549049437046051,0.013320471160113811,0.5561313033103943,0.8602073192596436,12,0.8602073192596436,12,0.549049437046051,1,0.10317320376634598,-0.05601712316274643,0.3193468749523163
52,120,11.0,final_nms07,235,0.6629027128219604,14,0,0.5894561409950256,0.029616229236125946,0.560696005821228,0.6629027128219604,4,0.6629027128219604,4,0.5894561409950256,1,-0.23860689997673035,-0.12935034930706024,0.4758494794368744
52,121,11.0,final_nms07,235,0.6966637372970581,104,2,0.5921342372894287,0.017708217725157738,0.543876588344574,0.6966637372970581,4,0.6966637372970581,4,0.5921342372894287,1,0.07748724520206451,0.06374434381723404,1.8053594827651978
52,122,8.0,final_nms07,235,0.8602073192596436,149,1,0.549049437046051,0.013320471160113811,0.5561313033103943,0.8602073192596436,2,0.8602073192596436,2,0.549049437046051,1,0.10317320376634598,-0.05601712316274643,0.3193468749523163
53,123,9.999999999999998,encoder_all_counterfactual,8400,0.728108823299408,2767,2689,0.6608514189720154,0.04641828313469887,0.44604718685150146,0.728108823299408,13,0.728108823299408,13,0.7172935009002686,9,-0.019852494820952415,-0.12841549515724182,1.351041555404663
53,124,9.0,encoder_all_counterfactual,8400,0.7244625091552734,3169,3089,0.5617835521697998,0.17633171379566193,0.4587531089782715,0.7244625091552734,11,0.7244625091552734,11,0.7244625091552734,9,-0.03605879843235016,0.3429332375526428,0.9267554879188538
53,125,11.0,encoder_all_counterfactual,8400,0.8226348161697388,3649,3569,0.7779279947280884,0.29162532091140747,0.3823677599430084,0.8226348161697388,18,0.8226348161697388,18,0.8226348161697388,10,0.03972486034035683,0.12519241869449615,0.8149699568748474
53,123,9.999999999999998,topk,300,0.7172935009002686,5,1,0.6608514189720154,0.26869824528694153,0.44604718685150146,0.7172935009002686,9,0.7172935009002686,9,0.7172935009002686,9,0.10573597252368927,0.26081690192222595,0.4842953383922577
53,124,9.0,topk,300,0.7244625091552734,10,0,0.5617835521697998,0.17633171379566193,0.4587531089782715,0.7244625091552734,9,0.7244625091552734,9,0.7244625091552734,9,-0.03605879843235016,0.3429332375526428,0.9267554879188538
53,125,11.0,topk,300,0.8226348161697388,4,2,0.7779279947280884,0.29162532091140747,0.3823677599430084,0.8226348161697388,10,0.8226348161697388,10,0.8226348161697388,10,0.03972486034035683,0.12519241869449615,0.8149699568748474
53,123,9.999999999999998,pre_bbox,300,0.8337449431419373,45,13,0.7121941447257996,0.03658575564622879,0.4614737033843994,0.8337449431419373,13,0.8337449431419373,13,0.7121941447257996,4,-0.02017343044281006,-0.08945808559656143,0.6061830520629883
53,124,9.0,pre_bbox,300,0.7425426244735718,41,8,0.5746354460716248,0.0523734986782074,0.5371233224868774,0.7425426244735718,15,0.7425426244735718,15,0.7425426244735718,7,-0.06894849240779877,0.27182626724243164,1.3710201978683472
53,125,11.0,pre_bbox,300,0.8085989356040955,63,16,0.7298524379730225,0.0246694628149271,0.5001798868179321,0.8085989356040955,11,0.8085989356040955,11,0.7733380198478699,4,0.07757791131734848,-0.0031988085247576237,1.0044785737991333
53,123,9.999999999999998,decoder_1,300,0.7573307752609253,72,13,0.7152115702629089,0.05042319372296333,0.4706602692604065,0.7573307752609253,14,0.7573307752609253,14,0.7573307752609253,5,-0.08052728325128555,0.11427047848701477,1.3013731241226196
53,124,9.0,decoder_1,300,0.7599095702171326,41,8,0.5793906450271606,0.05398321524262428,0.5470637083053589,0.7599095702171326,14,0.7599095702171326,14,0.7599095702171326,7,-0.0773950144648552,0.21953777968883514,1.1564029455184937
53,125,11.0,decoder_1,300,0.7919601798057556,63,16,0.7334789037704468,0.02531946636736393,0.5100172758102417,0.7919601798057556,12,0.7919601798057556,12,0.7543261051177979,4,0.12879526615142822,0.04921041429042816,1.0868452787399292
53,123,9.999999999999998,decoder_2,300,0.8640329241752625,45,13,0.7016178965568542,0.0280373003333807,0.5421963334083557,0.8640329241752625,15,0.8640329241752625,15,0.7016178965568542,4,-0.010764098726212978,-0.07748468220233917,0.7244705557823181
53,124,9.0,decoder_2,300,0.824407160282135,89,8,0.5686004757881165,0.015236474573612213,0.536237359046936,0.824407160282135,18,0.824407160282135,18,0.6704418659210205,3,0.052949029952287674,0.11966827511787415,0.7732602953910828
53,125,11.0,decoder_2,300,0.8060563802719116,63,16,0.7178107500076294,0.02280622161924839,0.5533055067062378,0.8060563802719116,15,0.8060563802719116,15,0.756206750869751,4,0.08834872394800186,0.09260763972997665,0.8730403184890747
53,123,9.999999999999998,decoder_3,300,0.8081491589546204,45,13,0.7020511627197266,0.020953468978405,0.5490184426307678,0.8081491589546204,15,0.8081491589546204,15,0.7020511627197266,2,-0.00860688742250204,-0.09465727210044861,0.8993791341781616
53,124,9.0,decoder_3,300,0.802031397819519,89,8,0.5665900111198425,0.017440589144825935,0.5405318737030029,0.802031397819519,18,0.802031397819519,18,0.5665900111198425,1,0.06400714069604874,0.15131540596485138,0.8440672755241394
53,125,11.0,decoder_3,300,0.8061782717704773,63,16,0.719631016254425,0.012699250131845474,0.5383046865463257,0.8061782717704773,15,0.8061782717704773,15,0.7451568841934204,3,0.08773386478424072,0.09229844063520432,0.866541862487793
53,123,9.999999999999998,final_nms07,246,0.8081491589546204,32,0,0.7020511627197266,0.020953468978405,0.5490184426307678,0.8081491589546204,3,0.8081491589546204,3,0.7020511627197266,1,-0.00860688742250204,-0.09465727210044861,0.8993791341781616
53,124,9.0,final_nms07,246,0.802031397819519,67,1,0.5665900111198425,0.017440589144825935,0.5405318737030029,0.802031397819519,6,0.802031397819519,6,0.5665900111198425,1,0.06400714069604874,0.15131540596485138,0.8440672755241394
53,125,11.0,final_nms07,246,0.719631016254425,2,2,0.719631016254425,0.5383046865463257,0.5383046865463257,0.719631016254425,4,0.719631016254425,4,0.719631016254425,1,0.1571037918329239,0.20093050599098206,0.6462433338165283
54,126,15.0,encoder_all_counterfactual,8400,0.7310600280761719,2528,2528,0.7310600280761719,0.44972383975982666,0.44972383975982666,0.7310600280761719,17,0.7310600280761719,17,0.7310600280761719,12,-0.12482517957687378,-0.16467095911502838,0.8335943222045898
54,127,11.0,encoder_all_counterfactual,8400,0.7619460821151733,3009,2928,0.49493208527565,0.09085020422935486,0.38888803124427795,0.7619460821151733,11,0.7619460821151733,11,0.7619460821151733,9,0.2658848166465759,-0.014064205810427666,0.49573633074760437
54,128,11.0,encoder_all_counterfactual,8400,0.7643465399742126,3409,3408,0.6757866740226746,0.325176477432251,0.39321547746658325,0.7643465399742126,17,0.7643465399742126,17,0.7643465399742126,10,0.15982937812805176,-0.12927822768688202,0.9325258731842041
54,126,15.0,topk,300,0.7310600280761719,0,0,0.7310600280761719,0.44972383975982666,0.44972383975982666,0.7310600280761719,12,0.7310600280761719,12,0.7310600280761719,12,-0.12482517957687378,-0.16467095911502838,0.8335943222045898
54,127,11.0,topk,300,0.7619460821151733,28,2,0.49493208527565,0.09085020422935486,0.38888803124427795,0.7619460821151733,10,0.7619460821151733,10,0.7619460821151733,9,0.2658848166465759,-0.014064205810427666,0.49573633074760437
54,128,11.0,topk,300,0.7643465399742126,3,1,0.6757866740226746,0.325176477432251,0.39321547746658325,0.7643465399742126,10,0.7643465399742126,10,0.7643465399742126,10,0.15982937812805176,-0.12927822768688202,0.9325258731842041
54,126,15.0,pre_bbox,300,0.7608222365379333,36,9,0.6845866441726685,0.04618227109313011,0.4510531425476074,0.7608222365379333,14,0.7608222365379333,14,0.7308578491210938,5,-0.11637869477272034,-0.1389746516942978,0.7957868576049805
54,127,11.0,pre_bbox,300,0.7082875967025757,29,10,0.6570237874984741,0.03450853005051613,0.5198801755905151,0.7082875967025757,14,0.7082875967025757,14,0.6787430047988892,8,0.059186890721321106,-0.057588957250118256,1.6306506395339966
54,128,11.0,pre_bbox,300,0.8049815893173218,22,15,0.7798148989677429,0.03783490136265755,0.42811256647109985,0.8049815893173218,16,0.8049815893173218,16,0.7798148989677429,5,0.16457800567150116,-0.07208781689405441,0.42897674441337585
54,126,15.0,decoder_1,300,0.7543299198150635,0,9,0.6785424947738647,0.08145968616008759,0.459868460893631,0.7543299198150635,14,0.7543299198150635,14,0.7543299198150635,5,-0.11866756528615952,-0.14410513639450073,1.2462207078933716
54,127,11.0,decoder_1,300,0.6980177164077759,29,10,0.6613698601722717,0.035590555518865585,0.5295134782791138,0.6980177164077759,14,0.6980177164077759,14,0.6929871439933777,8,0.03220297023653984,-0.09377094358205795,1.6638363599777222
54,128,11.0,decoder_1,300,0.8349865078926086,35,15,0.7743921875953674,0.028909355401992798,0.4367145001888275,0.8349865078926086,16,0.8349865078926086,16,0.7743921875953674,5,0.03685031458735466,-0.13408708572387695,1.0915342569351196
54,126,15.0,decoder_2,300,0.7283298969268799,4,9,0.6797632575035095,0.02156696654856205,0.5178703665733337,0.7283298969268799,16,0.7283298969268799,16,0.683225154876709,3,-0.13280102610588074,-0.08223547786474228,1.440012812614441
54,127,11.0,decoder_2,300,0.768294632434845,118,10,0.6466535329818726,0.03820044919848442,0.5386532545089722,0.768294632434845,18,0.768294632434845,18,0.7600783705711365,3,0.023145493119955063,0.015044339932501316,1.42680025100708
54,128,11.0,decoder_2,300,0.8100955486297607,24,15,0.7721125483512878,0.0196777805685997,0.4969819486141205,0.8100955486297607,16,0.8100955486297607,16,0.7923644781112671,2,0.01250873040407896,-0.15123537182807922,0.3832298517227173
54,126,15.0,decoder_3,300,0.7258037328720093,4,9,0.6745138764381409,0.014077512547373772,0.5227583050727844,0.7258037328720093,14,0.7258037328720093,14,0.6745138764381409,1,-0.1321212500333786,-0.08391202241182327,1.4755171537399292
54,127,11.0,decoder_3,300,0.7221717238426208,242,10,0.6504907011985779,0.022172367200255394,0.5221697688102722,0.7221717238426208,18,0.7221717238426208,18,0.6504907011985779,1,0.10845495760440826,0.036463554948568344,1.5705970525741577
54,128,11.0,decoder_3,300,0.8132676482200623,22,15,0.7689641714096069,0.014834707602858543,0.5205027461051941,0.8132676482200623,17,0.8132676482200623,17,0.8002994060516357,2,0.08910715579986572,-0.09409729391336441,0.7751736044883728
54,126,15.0,final_nms07,228,0.6745138764381409,0,0,0.6745138764381409,0.5227583050727844,0.5227583050727844,0.6745138764381409,1,0.6745138764381409,1,0.6745138764381409,1,-0.1778930276632309,-0.17953021824359894,1.3837709426879883
54,127,11.0,final_nms07,228,0.7079818844795227,73,1,0.6504907011985779,0.01618621125817299,0.5221697688102722,0.7079818844795227,4,0.7079818844795227,4,0.6504907011985779,1,0.07780247181653976,-0.07009857892990112,1.6933180093765259
54,128,11.0,final_nms07,228,0.7921573519706726,112,2,0.7689641714096069,0.012619862332940102,0.5205027461051941,0.7921573519706726,5,0.7921573519706726,5,0.7689641714096069,1,0.00624777190387249,-0.15225377678871155,0.5066510438919067
55,129,12.999999999999998,encoder_all_counterfactual,8400,0.759391188621521,2447,2449,0.6665540337562561,0.11643178015947342,0.23674392700195312,0.759391188621521,11,0.759391188621521,11,0.759391188621521,7,-0.13633781671524048,-0.1207323893904686,1.1671464443206787
55,130,15.0,encoder_all_counterfactual,8400,0.849532425403595,2767,2848,0.8005856275558472,0.10551014542579651,0.382674902677536,0.849532425403595,19,0.849532425403595,19,0.849532425403595,11,-0.011722183786332607,-0.11065634340047836,0.9189921021461487
55,131,9.0,encoder_all_counterfactual,8400,0.699527382850647,3248,3408,0.6357479095458984,0.06963367015123367,0.37993791699409485,0.699527382850647,12,0.699527382850647,12,0.699527382850647,9,0.05702286586165428,0.3524242341518402,0.06289372593164444
55,129,12.999999999999998,topk,300,0.759391188621521,21,4,0.6665540337562561,0.11643178015947342,0.23674392700195312,0.759391188621521,7,0.759391188621521,7,0.759391188621521,7,-0.13633781671524048,-0.1207323893904686,1.1671464443206787
55,130,15.0,topk,300,0.849532425403595,23,0,0.8005856275558472,0.10551014542579651,0.382674902677536,0.849532425403595,12,0.849532425403595,12,0.849532425403595,11,-0.011722183786332607,-0.11065634340047836,0.9189921021461487
55,131,9.0,topk,300,0.699527382850647,64,1,0.6357479095458984,0.06963367015123367,0.37993791699409485,0.699527382850647,9,0.699527382850647,9,0.699527382850647,9,0.05702286586165428,0.3524242341518402,0.06289372593164444
55,129,12.999999999999998,pre_bbox,300,0.7343918085098267,21,8,0.6401876211166382,0.04798022657632828,0.37075507640838623,0.7343918085098267,10,0.7343918085098267,10,0.7036247253417969,6,-0.16112884879112244,-0.1119336187839508,1.3604140281677246
55,130,15.0,pre_bbox,300,0.8934856057167053,2,19,0.8484693169593811,0.05640053749084473,0.5632234811782837,0.8934856057167053,16,0.8934856057167053,16,0.8934856057167053,7,-0.05860748514533043,-0.02869393303990364,0.6889009475708008
55,131,9.0,pre_bbox,300,0.7046269774436951,272,12,0.6536769866943359,0.03114217519760132,0.3842095136642456,0.7046269774436951,19,0.7046269774436951,19,0.6866843104362488,10,0.11118437349796295,0.13782133162021637,1.4814304113388062
55,129,12.999999999999998,decoder_1,300,0.7445712089538574,21,8,0.6452073454856873,0.04929264262318611,0.37884312868118286,0.7445712089538574,10,0.7445712089538574,10,0.7056354880332947,6,-0.15966850519180298,-0.09153781831264496,1.4325013160705566
55,130,15.0,decoder_1,300,0.9011632204055786,2,19,0.8469634056091309,0.05817599594593048,0.5728482604026794,0.9011632204055786,16,0.9011632204055786,16,0.9011632204055786,8,-0.040531884878873825,0.00773582560941577,0.6802346110343933
55,131,9.0,decoder_1,300,0.6782202124595642,64,12,0.6422442197799683,0.31120845675468445,0.39238929748535156,0.6782202124595642,19,0.6782202124595642,19,0.6782202124595642,10,0.06294908374547958,0.3791419267654419,0.6624443531036377
55,129,12.999999999999998,decoder_2,300,0.6936838626861572,4,8,0.6334167122840881,0.02197379805147648,0.48222556710243225,0.6936838626861572,11,0.6936838626861572,11,0.6334167122840881,3,-0.17530685663223267,-0.05584775283932686,2.190718173980713
55,130,15.0,decoder_2,300,0.8879182934761047,2,19,0.8766027688980103,0.029817108064889908,0.5362107753753662,0.8879182934761047,18,0.8879182934761047,18,0.8766027688980103,4,-0.07493969053030014,-0.0013958634808659554,0.5599867701530457
55,131,9.0,decoder_2,300,0.6788852214813232,6,12,0.6206828951835632,0.01679183356463909,0.48228850960731506,0.6788852214813232,22,0.6788852214813232,22,0.640683114528656,3,0.05928177386522293,0.3804817795753479,0.8799076676368713
55,129,12.999999999999998,decoder_3,300,0.690021276473999,4,8,0.6326793432235718,0.017353037372231483,0.4993600845336914,0.690021276473999,9,0.690021276473999,9,0.6326793432235718,1,-0.17113058269023895,-0.05867018923163414,2.2390737533569336
55,130,15.0,decoder_3,300,0.8950307369232178,2,19,0.8710685968399048,0.014195375144481659,0.5470895171165466,0.8950307369232178,19,0.8950307369232178,19,0.8710685968399048,1,-0.07366710901260376,0.005128243938088417,0.5213795900344849
55,131,9.0,decoder_3,300,0.6760032176971436,6,12,0.6234922409057617,0.012891867198050022,0.5257251858711243,0.6760032176971436,22,0.6760032176971436,22,0.6422601938247681,2,0.06557706743478775,0.3858049809932709,0.8763086795806885
55,129,12.999999999999998,final_nms07,228,0.6326793432235718,2,2,0.6326793432235718,0.4993600845336914,0.4993600845336914,0.6326793432235718,2,0.6326793432235718,2,0.6326793432235718,1,-0.22889217734336853,-0.13646158576011658,2.230813980102539
55,130,15.0,final_nms07,228,0.8710685968399048,0,0,0.8710685968399048,0.5470895171165466,0.5470895171165466,0.8710685968399048,3,0.8710685968399048,3,0.8710685968399048,1,-0.07334667444229126,-0.05998113378882408,0.503669798374176
55,131,9.0,final_nms07,228,0.6551238894462585,59,1,0.6234922409057617,0.022572720423340797,0.5257251858711243,0.6551238894462585,4,0.6551238894462585,4,0.6234922409057617,1,-0.26184049248695374,0.02809944935142994,0.708398699760437
56,132,11.0,encoder_all_counterfactual,8400,0.7751503586769104,2529,2528,0.732010006904602,0.26514074206352234,0.3268273174762726,0.7751503586769104,15,0.7751503586769104,15,0.7751503586769104,11,-0.029756641015410423,0.21492770314216614,1.1694008111953735
56,133,11.999999999999998,encoder_all_counterfactual,8400,0.6030699014663696,2849,2929,0.46434256434440613,0.15894554555416107,0.41703030467033386,0.6030699014663696,12,0.6030699014663696,12,0.6030699014663696,10,0.12922675907611847,-0.1506757140159607,3.440347909927368
56,134,11.0,encoder_all_counterfactual,8400,0.9296360015869141,3330,3489,0.6324514150619507,0.05539492517709732,0.356558233499527,0.9296360015869141,14,0.9296360015869141,14,0.9296360015869141,10,0.04276701435446739,-0.03130478411912918,0.2800081968307495
56,132,11.0,topk,300,0.7751503586769104,7,4,0.732010006904602,0.26514074206352234,0.3268273174762726,0.7751503586769104,11,0.7751503586769104,11,0.7751503586769104,11,-0.029756641015410423,0.21492770314216614,1.1694008111953735
56,133,11.999999999999998,topk,300,0.6030699014663696,15,0,0.46434256434440613,0.15894554555416107,0.41703030467033386,0.6030699014663696,10,0.6030699014663696,10,0.6030699014663696,10,0.12922675907611847,-0.1506757140159607,3.440347909927368
56,134,11.0,topk,300,0.9296360015869141,117,2,0.6324514150619507,0.05539492517709732,0.356558233499527,0.9296360015869141,10,0.9296360015869141,10,0.9296360015869141,10,0.04276701435446739,-0.03130478411912918,0.2800081968307495
56,132,11.0,pre_bbox,300,0.8448963165283203,11,20,0.6823139190673828,0.04009684547781944,0.43281495571136475,0.8448963165283203,14,0.8448963165283203,14,0.7512935996055603,6,-0.05305207148194313,0.12755271792411804,0.3422335088253021
56,133,11.999999999999998,pre_bbox,300,0.605285108089447,27,14,0.5854655504226685,0.04668588563799858,0.45268914103507996,0.605285108089447,13,0.605285108089447,13,0.5854655504226685,5,0.09832177311182022,-0.10638633370399475,3.228414297103882
56,134,11.0,pre_bbox,300,0.8889692425727844,117,23,0.846067488193512,0.08581968396902084,0.4499674439430237,0.8889692425727844,16,0.8889692425727844,16,0.8889692425727844,8,0.09618085622787476,-0.027917884290218353,0.061196282505989075
56,132,11.0,decoder_1,300,0.8416919708251953,11,20,0.6869914531707764,0.04141172021627426,0.44246262311935425,0.8416919708251953,13,0.8416919708251953,13,0.7456458806991577,6,-0.06413649022579193,0.11955327540636063,0.3117208778858185
56,133,11.999999999999998,decoder_1,300,0.6076304316520691,27,14,0.5911741256713867,0.048313628882169724,0.4633004069328308,0.6076304316520691,14,0.6076304316520691,14,0.5911741256713867,5,0.1006641685962677,-0.10573631525039673,3.1788008213043213
56,134,11.0,decoder_1,300,0.8928282260894775,117,23,0.8502041101455688,0.08900228142738342,0.45850667357444763,0.8928282260894775,18,0.8928282260894775,18,0.8928282260894775,9,0.0920940637588501,-0.027185069397091866,0.04120352491736412
56,132,11.0,decoder_2,300,0.8087581396102905,11,20,0.720844030380249,0.02021428756415844,0.5408118367195129,0.8087581396102905,14,0.8087581396102905,14,0.7431302666664124,4,-0.0737544372677803,0.15683679282665253,0.2634482681751251
56,133,11.999999999999998,decoder_2,300,0.6157137751579285,237,14,0.6154386401176453,0.05323955789208412,0.5266228914260864,0.6157137751579285,18,0.6157137751579285,18,0.6157137751579285,8,-0.09556768089532852,-0.217754527926445,2.6191678047180176
56,134,11.0,decoder_2,300,0.8905935287475586,59,23,0.8471193313598633,0.02493719942867756,0.5290762782096863,0.8905935287475586,18,0.8905935287475586,18,0.8471193313598633,1,0.00024274479073937982,-0.10642109811306,0.24665133655071259
56,132,11.0,decoder_3,300,0.8065668940544128,11,20,0.7222098112106323,0.012642871588468552,0.5391255021095276,0.8065668940544128,14,0.8065668940544128,14,0.7222098112106323,1,-0.075932078063488,0.15765196084976196,0.2543441951274872
56,133,11.999999999999998,decoder_3,300,0.6397848129272461,69,14,0.6138720512390137,0.020325496792793274,0.5540608763694763,0.6397848129272461,16,0.6397848129272461,16,0.6138720512390137,3,0.10291579365730286,-0.26775678992271423,2.8598973751068115
56,134,11.0,decoder_3,300,0.8891974091529846,117,23,0.8367688655853271,0.011653522029519081,0.5579866170883179,0.8891974091529846,18,0.8891974091529846,18,0.8367688655853271,1,0.0844317227602005,-0.03862544521689415,0.08757009357213974
56,132,11.0,final_nms07,231,0.7222098112106323,2,2,0.7222098112106323,0.5391255021095276,0.5391255021095276,0.7222098112106323,3,0.7222098112106323,3,0.7222098112106323,1,-0.09818185120820999,0.19011633098125458,1.2778702974319458
56,133,11.999999999999998,final_nms07,231,0.6138720512390137,1,1,0.6138720512390137,0.5540608763694763,0.5540608763694763,0.6138720512390137,4,0.6138720512390137,4,0.6138720512390137,2,0.1789703667163849,-0.14201785624027252,3.0995049476623535
56,134,11.0,final_nms07,231,0.8367688655853271,0,0,0.8367688655853271,0.5579866170883179,0.5579866170883179,0.8367688655853271,3,0.8367688655853271,3,0.8367688655853271,1,0.14675728976726532,-0.04608549550175667,0.31306660175323486
57,135,8.0,encoder_all_counterfactual,8400,0.6777178645133972,2445,2605,0.629993200302124,0.0650240033864975,0.40120095014572144,0.6777178645133972,12,0.6777178645133972,12,0.6777178645133972,10,0.02642282098531723,0.2943500876426697,0.9010695815086365
57,135,8.0,topk,300,0.6777178645133972,35,0,0.629993200302124,0.0650240033864975,0.40120095014572144,0.6777178645133972,10,0.6777178645133972,10,0.6777178645133972,10,0.02642282098531723,0.2943500876426697,0.9010695815086365
57,135,8.0,pre_bbox,300,0.7304210066795349,17,4,0.6155235171318054,0.041458919644355774,0.4482221305370331,0.7304210066795349,15,0.7304210066795349,15,0.643096387386322,6,-0.04138248413801193,0.16814112663269043,1.2569642066955566
57,135,8.0,decoder_1,300,0.7408672571182251,7,4,0.6150052547454834,0.045996420085430145,0.45578181743621826,0.7408672571182251,15,0.7408672571182251,15,0.6363812685012817,6,0.018579300493001938,0.3064747750759125,0.8937575817108154
57,135,8.0,decoder_2,300,0.76278156042099,24,4,0.641132116317749,0.02942914329469204,0.4129998981952667,0.76278156042099,16,0.76278156042099,16,0.720495879650116,4,-0.04781932011246681,0.2574860155582428,0.4485679566860199
57,135,8.0,decoder_3,300,0.7640377879142761,24,4,0.6341824531555176,0.00979369692504406,0.4454912841320038,0.7640377879142761,16,0.7640377879142761,16,0.6536386609077454,3,-0.04644602909684181,0.26012709736824036,0.392583429813385
57,135,8.0,final_nms07,260,0.7393516898155212,20,0,0.6341824531555176,0.021383805200457573,0.4454912841320038,0.7393516898155212,2,0.7393516898155212,2,0.6341824531555176,1,-0.09542570263147354,0.16442129015922546,1.073062777519226
58,136,8.0,encoder_all_counterfactual,8400,0.5991286635398865,2366,2525,0.40506798028945923,0.02363511174917221,0.4212985932826996,0.5991286635398865,2,0.5991286635398865,2,0.46450871229171753,0,0.04654061421751976,0.31544971466064453,1.622183084487915
58,136,8.0,topk,300,0.46450871229171753,1,0,0.40506798028945923,0.25608932971954346,0.4212985932826996,0.46450871229171753,0,0.46450871229171753,0,0.46450871229171753,0,0.45092320442199707,0.4262000024318695,2.245377540588379
58,136,8.0,pre_bbox,300,0.4925593435764313,137,4,0.395872563123703,0.05750638246536255,0.5480937957763672,0.4925593435764313,0,0.4925593435764313,0,0.4925593435764313,0,0.4028519093990326,0.44719743728637695,1.3811100721359253
58,136,8.0,decoder_1,300,0.5312818288803101,137,4,0.3955495059490204,0.059259071946144104,0.5562282204627991,0.5312818288803101,1,0.5312818288803101,1,0.5312818288803101,1,0.3567599654197693,0.38729822635650635,1.469382882118225
58,136,8.0,decoder_2,300,0.47935500741004944,137,4,0.40415987372398376,0.018723927438259125,0.5100644826889038,0.47935500741004944,0,0.47935500741004944,0,0.40415987372398376,0,0.3582105040550232,0.5359415411949158,1.4600627422332764
58,136,8.0,decoder_3,300,0.4806569516658783,117,4,0.4085673391819,0.09349959343671799,0.5194756984710693,0.4806569516658783,0,0.4806569516658783,0,0.4806569516658783,0,0.540562093257904,0.3108143210411072,2.641942262649536
58,136,8.0,final_nms07,261,0.44208091497421265,31,0,0.4085673391819,0.021294202655553818,0.5194756984710693,0.44208091497421265,0,0.44208091497421265,0,0.4085673391819,0,0.04778237268328667,0.10894361138343811,3.141723394393921
59,137,9.999999999999998,encoder_all_counterfactual,8400,0.6859796643257141,3003,3164,0.5015610456466675,0.02944500558078289,0.41882744431495667,0.6859796643257141,11,0.6859796643257141,11,0.6717984676361084,8,0.23273970186710358,0.1825481504201889,1.0503007173538208
59,137,9.999999999999998,topk,300,0.6717984676361084,183,0,0.5015610456466675,0.05510948598384857,0.41882744431495667,0.6717984676361084,8,0.6717984676361084,8,0.6717984676361084,8,-0.08997940272092819,-0.1861286759376526,1.5842468738555908
59,137,9.999999999999998,pre_bbox,300,0.7881821393966675,183,4,0.5742412209510803,0.061148811131715775,0.5004819631576538,0.7881821393966675,12,0.7881821393966675,12,0.7881821393966675,7,0.1379317194223404,-0.07632175087928772,0.7638233304023743
59,137,9.999999999999998,decoder_1,300,0.7721002101898193,183,4,0.5736278295516968,0.06297646462917328,0.507426381111145,0.7721002101898193,12,0.7721002101898193,12,0.7721002101898193,8,0.14240650832653046,-0.07316619902849197,0.8574674129486084
59,137,9.999999999999998,decoder_2,300,0.7484644651412964,183,4,0.6020047068595886,0.028056388720870018,0.4844711422920227,0.7484644651412964,17,0.7484644651412964,17,0.6251162886619568,2,0.0839558094739914,-0.08807991445064545,1.1823174953460693
59,137,9.999999999999998,decoder_3,300,0.752948522567749,183,4,0.610150933265686,0.03329053148627281,0.5165184140205383,0.752948522567749,17,0.752948522567749,17,0.6254410743713379,3,0.08636249601840973,-0.08201273530721664,1.1600663661956787
59,137,9.999999999999998,final_nms07,250,0.610150933265686,0,0,0.610150933265686,0.5165184140205383,0.5165184140205383,0.610150933265686,3,0.610150933265686,3,0.610150933265686,1,0.24656376242637634,0.1311819702386856,1.983661413192749
60,138,11.0,encoder_all_counterfactual,8400,0.8740710020065308,2926,2844,0.607056736946106,0.05890381336212158,0.32482337951660156,0.8740710020065308,15,0.8740710020065308,15,0.8740710020065308,11,-0.09937141090631485,-0.018926361575722694,0.450111985206604
60,138,11.0,topk,300,0.8740710020065308,126,0,0.607056736946106,0.05890381336212158,0.32482337951660156,0.8740710020065308,11,0.8740710020065308,11,0.8740710020065308,11,-0.09937141090631485,-0.018926361575722694,0.450111985206604
60,138,11.0,pre_bbox,300,0.8102277517318726,1,4,0.7285117506980896,0.05087985470890999,0.4676419496536255,0.8102277517318726,18,0.8102277517318726,18,0.8102277517318726,9,-0.014463687315583229,0.009028701111674309,1.206479549407959
60,138,11.0,decoder_1,300,0.8132013082504272,1,4,0.7326354384422302,0.05242884159088135,0.47556543350219727,0.8132013082504272,17,0.8132013082504272,17,0.8132013082504272,10,-0.010223365388810635,0.023236101493239403,1.2015175819396973
60,138,11.0,decoder_2,300,0.7897774577140808,68,4,0.689237117767334,0.02087259665131569,0.49619802832603455,0.7897774577140808,20,0.7897774577140808,20,0.7312435507774353,2,-0.03507135063409805,-0.18152262270450592,0.24279583990573883
60,138,11.0,decoder_3,300,0.7745162844657898,1,4,0.6853165626525879,0.013272775337100029,0.4963049590587616,0.7745162844657898,19,0.7745162844657898,19,0.7350051403045654,2,-0.05139348655939102,-0.014322257600724697,1.287026047706604
60,138,11.0,final_nms07,230,0.7495788335800171,112,0,0.6853165626525879,0.013477008789777756,0.4963049590587616,0.7495788335800171,4,0.7495788335800171,4,0.6853165626525879,1,-0.03183267265558243,-0.20300886034965515,0.5912057757377625
61,139,11.0,encoder_all_counterfactual,8400,0.7996052503585815,3003,3003,0.7996052503585815,0.2560707628726959,0.2560707628726959,0.7996052503585815,15,0.7996052503585815,15,0.7996052503585815,8,-0.0597819983959198,0.18703222274780273,1.0876374244689941
61,139,11.0,topk,300,0.7996052503585815,0,0,0.7996052503585815,0.2560707628726959,0.2560707628726959,0.7996052503585815,8,0.7996052503585815,8,0.7996052503585815,8,-0.0597819983959198,0.18703222274780273,1.0876374244689941
61,139,11.0,pre_bbox,300,0.7876712083816528,1,10,0.6797215342521667,0.08805064857006073,0.48794227838516235,0.7876712083816528,12,0.7876712083816528,12,0.7876712083816528,4,-0.0862777978181839,0.1580047309398651,1.0582032203674316
61,139,11.0,decoder_1,300,0.7904322147369385,1,10,0.6737467050552368,0.09099147468805313,0.49655333161354065,0.7904322147369385,11,0.7904322147369385,11,0.7904322147369385,5,-0.08554664999246597,0.16749167442321777,1.0466450452804565
61,139,11.0,decoder_2,300,0.7606043815612793,0,10,0.7054731845855713,0.042875729501247406,0.46465256810188293,0.7606043815612793,13,0.7606043815612793,13,0.7560378909111023,3,-0.09340610355138779,0.21171344816684723,0.7733109593391418
61,139,11.0,decoder_3,300,0.8316870927810669,277,10,0.7007717490196228,0.04191530495882034,0.48458486795425415,0.8316870927810669,13,0.8316870927810669,13,0.7007717490196228,2,0.044731125235557556,-0.10602486878633499,0.8294564485549927
61,139,11.0,final_nms07,249,0.8316870927810669,5,0,0.7007717490196228,0.04191530495882034,0.48458486795425415,0.8316870927810669,4,0.8316870927810669,4,0.7007717490196228,1,0.044731125235557556,-0.10602486878633499,0.8294564485549927
62,140,11.999999999999998,encoder_all_counterfactual,8400,0.8998131155967712,3407,3486,0.5319491028785706,0.14847761392593384,0.3841477930545807,0.8998131155967712,13,0.8998131155967712,13,0.8998131155967712,6,0.0031618596985936165,0.0025220506358891726,0.5044862627983093
62,140,11.999999999999998,topk,300,0.8998131155967712,4,0,0.5319491028785706,0.14847761392593384,0.3841477930545807,0.8998131155967712,7,0.8998131155967712,7,0.8998131155967712,6,0.0031618596985936165,0.0025220506358891726,0.5044862627983093
62,140,11.999999999999998,pre_bbox,300,0.7356593608856201,4,8,0.6845393776893616,0.06350728124380112,0.5220005512237549,0.7356593608856201,10,0.7356593608856201,10,0.7356593608856201,6,-0.045777298510074615,-0.06968094408512115,1.5323516130447388
62,140,11.999999999999998,decoder_1,300,0.7457143664360046,4,8,0.6890048384666443,0.06572005152702332,0.5307115316390991,0.7457143664360046,12,0.7457143664360046,12,0.7457143664360046,6,-0.04424092918634415,-0.060720961540937424,1.488304615020752
62,140,11.999999999999998,decoder_2,300,0.7367763519287109,24,8,0.6807883977890015,0.1453687697649002,0.5026378035545349,0.7367763519287109,16,0.7367763519287109,16,0.7367763519287109,5,-0.06286618858575821,-0.01144946739077568,1.8767348527908325
62,140,11.999999999999998,decoder_3,300,0.7375960946083069,24,8,0.681333065032959,0.11249417811632156,0.5095860362052917,0.7375960946083069,14,0.7375960946083069,14,0.7375960946083069,4,-0.05461785942316055,-0.012961109168827534,1.8861583471298218
62,140,11.999999999999998,final_nms07,256,0.681333065032959,0,0,0.681333065032959,0.5095860362052917,0.5095860362052917,0.681333065032959,4,0.681333065032959,4,0.681333065032959,1,-0.09985063225030899,-0.08008314669132233,1.9600918292999268
63,141,9.0,encoder_all_counterfactual,8400,0.7468911409378052,2845,3005,0.6024264693260193,0.036095764487981796,0.3806564211845398,0.7468911409378052,12,0.7468911409378052,12,0.6714240908622742,8,-0.14528007805347443,-0.10489285737276077,1.0713483095169067
63,141,9.0,topk,300,0.6714240908622742,2,0,0.6024264693260193,0.2568984031677246,0.3806564211845398,0.6714240908622742,8,0.6714240908622742,8,0.6714240908622742,8,0.0976167693734169,0.2328127920627594,1.4394901990890503
63,141,9.0,pre_bbox,300,0.6850417256355286,2,9,0.6365282535552979,0.03752632811665535,0.5086187720298767,0.6850417256355286,14,0.6850417256355286,14,0.6365282535552979,8,0.1913905143737793,0.18744276463985443,1.4006340503692627
63,141,9.0,decoder_1,300,0.6646913886070251,2,9,0.641263484954834,0.03845981881022453,0.5167486667633057,0.6646913886070251,14,0.6646913886070251,14,0.641263484954834,8,0.21087265014648438,0.22858667373657227,1.4948464632034302
63,141,9.0,decoder_2,300,0.7126617431640625,2,9,0.6228514909744263,0.02688027359545231,0.5039042830467224,0.7126617431640625,16,0.7126617431640625,16,0.6228514909744263,3,0.14333724975585938,0.1494050770998001,1.4641386270523071
63,141,9.0,decoder_3,300,0.7146544456481934,2,9,0.623066246509552,0.013998196460306644,0.5108843445777893,0.7146544456481934,16,0.7146544456481934,16,0.623066246509552,3,0.15084075927734375,0.15326382219791412,1.4039944410324097
63,141,9.0,final_nms07,262,0.623066246509552,0,0,0.623066246509552,0.5108843445777893,0.5108843445777893,0.623066246509552,2,0.623066246509552,2,0.623066246509552,1,0.22689056396484375,0.08037552982568741,2.083630084991455
64,142,9.999999999999998,encoder_all_counterfactual,8400,0.7769690155982971,2925,3085,0.6416863203048706,0.076808862388134,0.4033879339694977,0.7769690155982971,12,0.7769690155982971,12,0.7769690155982971,11,-0.12367039918899536,0.14592699706554413,0.5333283543586731
64,142,9.999999999999998,topk,300,0.7769690155982971,15,0,0.6416863203048706,0.076808862388134,0.4033879339694977,0.7769690155982971,11,0.7769690155982971,11,0.7769690155982971,11,-0.12367039918899536,0.14592699706554413,0.5333283543586731
64,142,9.999999999999998,pre_bbox,300,0.7865897417068481,21,1,0.7551426291465759,0.043867580592632294,0.4439912736415863,0.7865897417068481,19,0.7865897417068481,19,0.7595111131668091,8,-0.09533914178609848,0.15671274065971375,0.9231112599372864
64,142,9.999999999999998,decoder_1,300,0.7791100144386292,21,1,0.7494533061981201,0.04533284530043602,0.4517146646976471,0.7791100144386292,17,0.7791100144386292,17,0.7530003786087036,8,-0.10867340117692947,0.1406365931034088,0.8950483202934265
64,142,9.999999999999998,decoder_2,300,0.7897100448608398,1,1,0.7897100448608398,0.4275765120983124,0.4275765120983124,0.7897100448608398,18,0.7897100448608398,18,0.7897100448608398,2,-0.11545534431934357,0.13576671481132507,0.96823650598526
64,142,9.999999999999998,decoder_3,300,0.7837075591087341,1,1,0.7837075591087341,0.4865599572658539,0.4865599572658539,0.7837075591087341,19,0.7837075591087341,19,0.7837075591087341,2,-0.11843696981668472,0.14163634181022644,0.986729085445404
64,142,9.999999999999998,final_nms07,272,0.7837075591087341,0,0,0.7837075591087341,0.4865599572658539,0.4865599572658539,0.7837075591087341,5,0.7837075591087341,5,0.7837075591087341,1,-0.11843696981668472,0.14163634181022644,0.986729085445404
65,143,9.0,encoder_all_counterfactual,8400,0.5758810043334961,3026,2946,0.5328823328018188,0.14425797760486603,0.39461952447891235,0.5758810043334961,6,0.5758810043334961,6,0.5758810043334961,5,0.2411227822303772,0.39910292625427246,1.8396214246749878
65,143,9.0,topk,300,0.5758810043334961,5,0,0.5328823328018188,0.14425797760486603,0.39461952447891235,0.5758810043334961,5,0.5758810043334961,5,0.5758810043334961,5,0.2411227822303772,0.39910292625427246,1.8396214246749878
65,143,9.0,pre_bbox,300,0.5711826682090759,47,2,0.536472737789154,0.32708272337913513,0.5048871040344238,0.5711826682090759,11,0.5711826682090759,11,0.5711826682090759,4,0.17857341468334198,0.44466403126716614,2.3737235069274902
65,143,9.0,decoder_1,300,0.5756335854530334,10,2,0.5323439240455627,0.04985431954264641,0.5132129192352295,0.5756335854530334,9,0.5756335854530334,9,0.5664636492729187,4,0.0628654882311821,0.3581869900226593,2.483064889907837
65,143,9.0,decoder_2,300,0.7442825436592102,69,2,0.5397891402244568,0.017502380535006523,0.5260515213012695,0.7442825436592102,9,0.7442825436592102,9,0.5794038772583008,3,0.07706188410520554,0.03193390369415283,1.1897597312927246
65,143,9.0,decoder_3,300,0.7470026612281799,69,2,0.5200313925743103,0.014105063863098621,0.5345564484596252,0.7470026612281799,11,0.7470026612281799,11,0.5709924697875977,2,0.08010029047727585,-0.02642843686044216,1.1409558057785034
65,143,9.0,final_nms07,264,0.7470026612281799,86,0,0.5200313925743103,0.014105063863098621,0.5345564484596252,0.7470026612281799,3,0.7470026612281799,3,0.5200313925743103,1,0.08010029047727585,-0.02642843686044216,1.1409558057785034
66,144,9.999999999999998,encoder_all_counterfactual,8400,0.7284999489784241,2626,2787,0.4147201478481293,0.05072733759880066,0.3504834771156311,0.7284999489784241,5,0.7284999489784241,5,0.7284999489784241,5,-0.13155296444892883,0.22120417654514313,0.7593896985054016
66,144,9.999999999999998,topk,300,0.7284999489784241,287,0,0.4147201478481293,0.05072733759880066,0.3504834771156311,0.7284999489784241,5,0.7284999489784241,5,0.7284999489784241,5,-0.13155296444892883,0.22120417654514313,0.7593896985054016
66,144,9.999999999999998,pre_bbox,300,0.8085781335830688,9,2,0.6549392938613892,0.34711673855781555,0.37308529019355774,0.8085781335830688,11,0.8085781335830688,11,0.8085781335830688,4,0.013331618160009384,0.15691405534744263,0.7606009840965271
66,144,9.999999999999998,decoder_1,300,0.7898820638656616,9,2,0.6434942483901978,0.3551640212535858,0.38197529315948486,0.7898820638656616,10,0.7898820638656616,10,0.7898820638656616,4,0.01689557358622551,0.17952872812747955,0.7840709686279297
66,144,9.999999999999998,decoder_2,300,0.7733294367790222,9,287,0.751787543296814,0.329635888338089,0.34256941080093384,0.7733294367790222,13,0.7733294367790222,13,0.7733294367790222,8,0.03503885865211487,0.24933908879756927,0.7282111048698425
66,144,9.999999999999998,decoder_3,300,0.7524410486221313,5,9,0.7386228442192078,0.017197690904140472,0.4436030387878418,0.7524410486221313,13,0.7524410486221313,13,0.7386228442192078,5,-0.003384237876161933,0.30637091398239136,0.6496694684028625
66,144,9.999999999999998,final_nms07,253,0.7386228442192078,0,0,0.7386228442192078,0.4436030387878418,0.4436030387878418,0.7386228442192078,2,0.7386228442192078,2,0.7386228442192078,1,0.06458046287298203,0.2717440128326416,0.7026776075363159
