Not init distributed mode.
cfg: 
{'_collate_fn': None,
 '_criterion': None,
 '_ema': None,
 '_evaluator': None,
 '_lr_scheduler': None,
 '_lr_warmup_scheduler': None,
 '_model': None,
 '_optimizer': None,
 '_postprocessor': None,
 '_scaler': None,
 '_train_batch_size': None,
 '_train_dataloader': None,
 '_train_dataset': None,
 '_train_shuffle': None,
 '_val_batch_size': None,
 '_val_dataloader': None,
 '_val_dataset': None,
 '_val_shuffle': None,
 '_writer': None,
 'batch_size': None,
 'checkpoint_freq': 30,
 'clip_max_norm': 0.1,
 'device': 'cuda:0',
 'ema_decay': 0.9999,
 'ema_warmups': 2000,
 'epochs': 30,
 'find_unused_parameters': False,
 'last_epoch': -1,
 'num_workers': 0,
 'output_dir': '/home/viplab/contest/experiments/kamp_ablation_v3/runs/dfine_GM03_seed20261001',
 'print_freq': 45,
 'resume': None,
 'seed': 20261001,
 'summary_dir': None,
 'sync_bn': False,
 'task': 'detection',
 'tuning': '/home/viplab/contest/experiments/kamp_pilot_v1/dfine_s_init.pth',
 'use_amp': False,
 'use_ema': True,
 'yaml_cfg': {'DFINE': {'backbone': 'HGNetv2',
                        'decoder': 'DFINETransformer',
                        'encoder': 'HybridEncoder'},
              'DFINECriterion': {'alpha': 0.75,
                                 'gamma': 2.0,
                                 'losses': ['vfl', 'boxes', 'local'],
                                 'matcher': {'alpha': 0.25,
                                             'gamma': 2.0,
                                             'type': 'HungarianMatcher',
                                             'weight_dict': {'cost_bbox': 5,
                                                             'cost_class': 2,
                                                             'cost_giou': 2}},
                                 'reg_max': 32,
                                 'weight_dict': {'loss_bbox': 5,
                                                 'loss_ddf': 1.5,
                                                 'loss_fgl': 0.15,
                                                 'loss_giou': 2,
                                                 'loss_vfl': 1}},
              'DFINEPostProcessor': {'num_top_queries': 300},
              'DFINETransformer': {'box_noise_scale': 1.0,
                                   'cross_attn_method': 'default',
                                   'eval_idx': -1,
                                   'feat_channels': [256, 256, 256],
                                   'feat_strides': [8, 16, 32],
                                   'hidden_dim': 256,
                                   'label_noise_ratio': 0.5,
                                   'layer_scale': 1,
                                   'num_denoising': 100,
                                   'num_layers': 3,
                                   'num_levels': 3,
                                   'num_points': [3, 6, 3],
                                   'num_queries': 300,
                                   'query_select_method': 'default',
                                   'reg_max': 32,
                                   'reg_scale': 4},
              'HGNetv2': {'freeze_at': -1,
                          'freeze_norm': False,
                          'local_model_dir': 'weight/hgnetv2/',
                          'name': 'B0',
                          'pretrained': False,
                          'return_idx': [1, 2, 3],
                          'use_lab': True},
              'HybridEncoder': {'act': 'silu',
                                'depth_mult': 0.34,
                                'dim_feedforward': 1024,
                                'dropout': 0.0,
                                'enc_act': 'gelu',
                                'expansion': 0.5,
                                'feat_strides': [8, 16, 32],
                                'hidden_dim': 256,
                                'in_channels': [256, 512, 1024],
                                'nhead': 8,
                                'num_encoder_layers': 1,
                                'use_encoder_idx': [2]},
              '__include__': ['/home/viplab/contest/experiments/kamp_pilot_v1/dfine_s.yml'],
              'checkpoint_freq': 30,
              'clip_max_norm': 0.1,
              'config': '/home/viplab/contest/experiments/kamp_ablation_v3/configs/dfine_GM03_seed20261001.yml',
              'criterion': 'DFINECriterion',
              'device': 'cuda:0',
              'ema': {'decay': 0.9999,
                      'start': 0,
                      'type': 'ModelEMA',
                      'warmups': 100},
              'epochs': 30,
              'eval_spatial_size': [640, 640],
              'evaluator': {'iou_types': ['bbox'], 'type': 'CocoEvaluator'},
              'exp_name': 'baseline',
              'find_unused_parameters': False,
              'lr_scheduler': {'gamma': 0.1,
                               'milestones': [24],
                               'type': 'MultiStepLR'},
              'lr_warmup_scheduler': {'type': 'LinearWarmup',
                                      'warmup_duration': 45},
              'model': 'DFINE',
              'num_classes': 1,
              'optimizer': {'betas': [0.9, 0.999],
                            'lr': 0.0002,
                            'params': [{'lr': 0.0001,
                                        'params': '^(?=.*backbone)(?!.*norm|bn).*$'},
                                       {'lr': 0.0001,
                                        'params': '^(?=.*backbone)(?=.*norm|bn).*$',
                                        'weight_decay': 0.0},
                                       {'params': '^(?=.*(?:encoder|decoder))(?=.*(?:norm|bn|bias)).*$',
                                        'weight_decay': 0.0}],
                            'type': 'AdamW',
                            'weight_decay': 0.0001},
              'output_dir': '/home/viplab/contest/experiments/kamp_ablation_v3/runs/dfine_GM03_seed20261001',
              'postprocessor': 'DFINEPostProcessor',
              'print_freq': 45,
              'print_method': 'builtin',
              'print_rank': 0,
              'project_name': 'D-FINE',
              'remap_mscoco_category': False,
              'scaler': {'enabled': True, 'type': 'GradScaler'},
              'seed': 20261001,
              'sync_bn': False,
              'task': 'detection',
              'test_only': False,
              'train_dataloader': {'collate_fn': {'base_size': 640,
                                                  'base_size_repeat': None,
                                                  'ema_restart_decay': 0.9999,
                                                  'stop_epoch': 1000,
                                                  'type': 'BatchImageCollateFunction'},
                                   'dataset': {'ann_file': '/home/viplab/contest/data/processed/kamp500_telea_v1_640/annotations/train.json',
                                               'img_folder': '/home/viplab/contest/data/processed/kamp500_telea_v1_640/images/train',
                                               'return_masks': False,
                                               'transforms': {'ops': [{'dtype': 'float32',
                                                                       'scale': True,
                                                                       'type': 'ConvertPILImage'},
                                                                      {'fmt': 'cxcywh',
                                                                       'normalize': True,
                                                                       'type': 'ConvertBoxes'}],
                                                              'policy': {'epoch': 1000,
                                                                         'name': 'stop_epoch',
                                                                         'ops': ['RandomPhotometricDistort',
                                                                                 'RandomZoomOut',
                                                                                 'RandomIoUCrop']},
                                                              'type': 'Compose'},
                                               'type': 'CocoDetection'},
                                   'drop_last': False,
                                   'num_workers': 2,
                                   'shuffle': True,
                                   'total_batch_size': 8,
                                   'type': 'DataLoader'},
              'tuning': '/home/viplab/contest/experiments/kamp_pilot_v1/dfine_s_init.pth',
              'use_amp': False,
              'use_ema': True,
              'use_focal_loss': True,
              'use_wandb': False,
              'val_dataloader': {'collate_fn': {'type': 'BatchImageCollateFunction'},
                                 'dataset': {'ann_file': '/home/viplab/contest/data/processed/kamp500_telea_v1_640/annotations/val.json',
                                             'img_folder': '/home/viplab/contest/data/processed/kamp500_telea_v1_640/images/val',
                                             'return_masks': False,
                                             'transforms': {'ops': [{'dtype': 'float32',
                                                                     'scale': True,
                                                                     'type': 'ConvertPILImage'}],
                                                            'type': 'Compose'},
                                             'type': 'CocoDetection'},
                                 'drop_last': False,
                                 'num_workers': 2,
                                 'shuffle': False,
                                 'total_batch_size': 8,
                                 'type': 'DataLoader'}}}
Tuning checkpoint from /home/viplab/contest/experiments/kamp_pilot_v1/dfine_s_init.pth
/home/viplab/contest/models/D-FINE/src/solver/_solver.py:254: UserWarning: Environment variable TORCH_FORCE_NO_WEIGHTS_ONLY_LOAD detected, since the`weights_only` argument was not explicitly passed to `torch.load`, forcing weights_only=False.
  state = torch.load(path, map_location="cpu")
Load model.state_dict, {'missed': [], 'unmatched': []}
Initial lr: [0.0001, 0.0001, 0.0002, 0.0002]
building train_dataloader with batch_size=8...
building val_dataloader with batch_size=8...

------------------------------------- Calculate Flops Results -------------------------------------
Notations:
number of parameters (Params), number of multiply-accumulate operations(MACs),
number of floating-point operations (FLOPs), floating-point operations per second (FLOPS),
fwd FLOPs (model forward propagation FLOPs), bwd FLOPs (model backward propagation FLOPs),
default model backpropagation takes 2.00 times as much computation as forward propagation.

Total Training Params:                                                  10.18 M 
fwd MACs:                                                               12.3563 GMACs
fwd FLOPs:                                                              24.8195 GFLOPS
fwd+bwd MACs:                                                           37.069 GMACs
fwd+bwd FLOPs:                                                          74.4584 GFLOPS
---------------------------------------------------------------------------------------------------
{'Model FLOPs:24.8195 GFLOPS   MACs:12.3563 GMACs   Params:10176661'}
------------------------------------------Start training-------------------------------------------
/home/viplab/contest/models/D-FINE/src/solver/det_engine.py:125: UserWarning: Converting a tensor with requires_grad=True to a scalar may lead to unexpected behavior.
Consider using tensor.detach() first. (Triggered internally at /pytorch/torch/csrc/autograd/generated/python_variable_methods.cpp:836.)
  if not math.isfinite(loss_value):
Epoch: [0/30]  [ 0/45]  eta: 0:00:52  lr: 0.000004  loss: 33.9465 (33.9465)  loss_mal: 0.1098 (0.1098)  loss_bbox: 1.4918 (1.4918)  loss_giou: 2.6995 (2.6995)  loss_fgl: 0.0994 (0.0994)  loss_mal_aux_0: 0.1090 (0.1090)  loss_bbox_aux_0: 1.4508 (1.4508)  loss_giou_aux_0: 2.7359 (2.7359)  loss_fgl_aux_0: 0.0945 (0.0945)  loss_ddf_aux_0: 0.0233 (0.0233)  loss_mal_aux_1: 0.1246 (0.1246)  loss_bbox_aux_1: 1.5062 (1.5062)  loss_giou_aux_1: 2.7062 (2.7062)  loss_fgl_aux_1: 0.0981 (0.0981)  loss_ddf_aux_1: 0.0019 (0.0019)  loss_mal_pre: 0.1102 (0.1102)  loss_bbox_pre: 1.4563 (1.4563)  loss_giou_pre: 2.7506 (2.7506)  loss_mal_enc_0: 0.0988 (0.0988)  loss_bbox_enc_0: 1.4352 (1.4352)  loss_giou_enc_0: 2.8077 (2.8077)  loss_mal_dn_0: 0.5168 (0.5168)  loss_bbox_dn_0: 0.2866 (0.2866)  loss_giou_dn_0: 1.4774 (1.4774)  loss_fgl_dn_0: 0.7441 (0.7441)  loss_ddf_dn_0: 0.1169 (0.1169)  loss_mal_dn_1: 0.7550 (0.7550)  loss_bbox_dn_1: 0.2000 (0.2000)  loss_giou_dn_1: 1.2899 (1.2899)  loss_fgl_dn_1: 0.8444 (0.8444)  loss_ddf_dn_1: 0.0065 (0.0065)  loss_mal_dn_2: 0.7520 (0.7520)  loss_bbox_dn_2: 0.1907 (0.1907)  loss_giou_dn_2: 1.2718 (1.2718)  loss_fgl_dn_2: 0.8531 (0.8531)  loss_ddf_dn_2: -0.0000 (0.0000)  loss_mal_dn_pre: 0.5224 (0.5224)  loss_bbox_dn_pre: 0.2826 (0.2826)  loss_giou_dn_pre: 1.4704 (1.4704)  loss_size: 0.4559 (0.4559)  time: 1.1673  data: 0.2416  max mem: 5074
Epoch: [0/30]  [44/45]  eta: 0:00:00  lr: 0.000100  loss: 28.5931 (31.4935)  loss_mal: 0.5712 (0.3777)  loss_bbox: 0.3146 (0.8592)  loss_giou: 1.5874 (2.1927)  loss_fgl: 0.6004 (0.3837)  loss_mal_aux_0: 0.5527 (0.3891)  loss_bbox_aux_0: 0.3647 (0.9086)  loss_giou_aux_0: 1.7823 (2.2704)  loss_fgl_aux_0: 0.5162 (0.3380)  loss_ddf_aux_0: 0.0723 (0.0636)  loss_mal_aux_1: 0.7153 (0.4402)  loss_bbox_aux_1: 0.3381 (0.8853)  loss_giou_aux_1: 1.6065 (2.2041)  loss_fgl_aux_1: 0.5858 (0.3751)  loss_ddf_aux_1: 0.0094 (0.0071)  loss_mal_pre: 0.5682 (0.3908)  loss_bbox_pre: 0.3834 (0.9249)  loss_giou_pre: 1.7488 (2.2654)  loss_mal_enc_0: 0.3245 (0.2525)  loss_bbox_enc_0: 0.6964 (1.0885)  loss_giou_enc_0: 1.9894 (2.3750)  loss_mal_dn_0: 1.2191 (0.9695)  loss_bbox_dn_0: 0.0922 (0.1678)  loss_giou_dn_0: 1.0475 (1.1993)  loss_fgl_dn_0: 1.0263 (0.9042)  loss_ddf_dn_0: 0.2358 (0.2160)  loss_mal_dn_1: 1.4407 (1.2067)  loss_bbox_dn_1: 0.0738 (0.1109)  loss_giou_dn_1: 0.8269 (1.0180)  loss_fgl_dn_1: 1.1191 (0.9809)  loss_ddf_dn_1: 0.0114 (0.0096)  loss_mal_dn_2: 1.1623 (1.0486)  loss_bbox_dn_2: 0.0725 (0.1078)  loss_giou_dn_2: 0.8108 (0.9995)  loss_fgl_dn_2: 1.1239 (0.9860)  loss_ddf_dn_2: -0.0000 (0.0000)  loss_mal_dn_pre: 1.2317 (0.9677)  loss_bbox_dn_pre: 0.0914 (0.1678)  loss_giou_dn_pre: 1.0428 (1.1977)  loss_size: 0.0892 (0.2436)  time: 0.2572  data: 0.0120  max mem: 5227
Epoch: [0/30] Total time: 0:00:12 (0.2703 s / it)
Averaged stats: lr: 0.000100  loss: 28.5931 (31.4935)  loss_mal: 0.5712 (0.3777)  loss_bbox: 0.3146 (0.8592)  loss_giou: 1.5874 (2.1927)  loss_fgl: 0.6004 (0.3837)  loss_mal_aux_0: 0.5527 (0.3891)  loss_bbox_aux_0: 0.3647 (0.9086)  loss_giou_aux_0: 1.7823 (2.2704)  loss_fgl_aux_0: 0.5162 (0.3380)  loss_ddf_aux_0: 0.0723 (0.0636)  loss_mal_aux_1: 0.7153 (0.4402)  loss_bbox_aux_1: 0.3381 (0.8853)  loss_giou_aux_1: 1.6065 (2.2041)  loss_fgl_aux_1: 0.5858 (0.3751)  loss_ddf_aux_1: 0.0094 (0.0071)  loss_mal_pre: 0.5682 (0.3908)  loss_bbox_pre: 0.3834 (0.9249)  loss_giou_pre: 1.7488 (2.2654)  loss_mal_enc_0: 0.3245 (0.2525)  loss_bbox_enc_0: 0.6964 (1.0885)  loss_giou_enc_0: 1.9894 (2.3750)  loss_mal_dn_0: 1.2191 (0.9695)  loss_bbox_dn_0: 0.0922 (0.1678)  loss_giou_dn_0: 1.0475 (1.1993)  loss_fgl_dn_0: 1.0263 (0.9042)  loss_ddf_dn_0: 0.2358 (0.2160)  loss_mal_dn_1: 1.4407 (1.2067)  loss_bbox_dn_1: 0.0738 (0.1109)  loss_giou_dn_1: 0.8269 (1.0180)  loss_fgl_dn_1: 1.1191 (0.9809)  loss_ddf_dn_1: 0.0114 (0.0096)  loss_mal_dn_2: 1.1623 (1.0486)  loss_bbox_dn_2: 0.0725 (0.1078)  loss_giou_dn_2: 0.8108 (0.9995)  loss_fgl_dn_2: 1.1239 (0.9860)  loss_ddf_dn_2: -0.0000 (0.0000)  loss_mal_dn_pre: 1.2317 (0.9677)  loss_bbox_dn_pre: 0.0914 (0.1678)  loss_giou_dn_pre: 1.0428 (1.1977)  loss_size: 0.0892 (0.2436)
Test:  [0/8]  eta: 0:00:04    time: 0.5401  data: 0.2365  max mem: 5227
Test:  [7/8]  eta: 0:00:00    time: 0.1260  data: 0.0411  max mem: 5227
Test: Total time: 0:00:01 (0.1300 s / it)
Metrics: {'f1': 0, 'precision': 0, 'recall': 0.0, 'iou': 0.0, 'TPs': 0, 'FPs': 0, 'FNs': 142}
Averaged stats: 
Accumulating evaluation results...
COCOeval_opt.accumulate() finished...
DONE (t=0.00s).
IoU metric: bbox
 Average Precision  (AP) @[ IoU=0.50:0.95 | area=   all | maxDets=100 ] = 0.017
 Average Precision  (AP) @[ IoU=0.50      | area=   all | maxDets=100 ] = 0.053
 Average Precision  (AP) @[ IoU=0.75      | area=   all | maxDets=100 ] = 0.004
 Average Precision  (AP) @[ IoU=0.50:0.95 | area= small | maxDets=100 ] = 0.022
 Average Precision  (AP) @[ IoU=0.50:0.95 | area=medium | maxDets=100 ] = -1.000
 Average Precision  (AP) @[ IoU=0.50:0.95 | area= large | maxDets=100 ] = -1.000
 Average Recall     (AR) @[ IoU=0.50:0.95 | area=   all | maxDets=  1 ] = 0.035
 Average Recall     (AR) @[ IoU=0.50:0.95 | area=   all | maxDets= 10 ] = 0.085
 Average Recall     (AR) @[ IoU=0.50:0.95 | area=   all | maxDets=100 ] = 0.107
 Average Recall     (AR) @[ IoU=0.50:0.95 | area= small | maxDets=100 ] = 0.107
 Average Recall     (AR) @[ IoU=0.50:0.95 | area=medium | maxDets=100 ] = -1.000
 Average Recall     (AR) @[ IoU=0.50:0.95 | area= large | maxDets=100 ] = -1.000
 Average Recall     (AR) @[ IoU=0.50      | area=   all | maxDets=100 ] = 0.310
 Average Recall     (AR) @[ IoU=0.75      | area=   all | maxDets=100 ] = 0.042
best_stat: {'epoch': 0, 'coco_eval_bbox': 0.017156423318703245}
Epoch: [1/30]  [ 0/45]  eta: 0:00:22  lr: 0.000100  loss: 27.7951 (27.7951)  loss_mal: 1.0429 (1.0429)  loss_bbox: 0.0941 (0.0941)  loss_giou: 0.9240 (0.9240)  loss_fgl: 1.0344 (1.0344)  loss_mal_aux_0: 1.0968 (1.0968)  loss_bbox_aux_0: 0.1457 (0.1457)  loss_giou_aux_0: 1.2073 (1.2073)  loss_fgl_aux_0: 0.8732 (0.8732)  loss_ddf_aux_0: 0.2630 (0.2630)  loss_mal_aux_1: 1.3050 (1.3050)  loss_bbox_aux_1: 0.1041 (0.1041)  loss_giou_aux_1: 0.9774 (0.9774)  loss_fgl_aux_1: 1.0200 (1.0200)  loss_ddf_aux_1: 0.0355 (0.0355)  loss_mal_pre: 1.1503 (1.1503)  loss_bbox_pre: 0.1540 (0.1540)  loss_giou_pre: 1.1860 (1.1860)  loss_mal_enc_0: 0.5704 (0.5704)  loss_bbox_enc_0: 0.4115 (0.4115)  loss_giou_enc_0: 1.6680 (1.6680)  loss_mal_dn_0: 1.4593 (1.4593)  loss_bbox_dn_0: 0.0725 (0.0725)  loss_giou_dn_0: 0.8212 (0.8212)  loss_fgl_dn_0: 1.1586 (1.1586)  loss_ddf_dn_0: 0.5897 (0.5897)  loss_mal_dn_1: 1.2390 (1.2390)  loss_bbox_dn_1: 0.0549 (0.0549)  loss_giou_dn_1: 0.6964 (0.6964)  loss_fgl_dn_1: 1.1942 (1.1942)  loss_ddf_dn_1: 0.0289 (0.0289)  loss_mal_dn_2: 0.9020 (0.9020)  loss_bbox_dn_2: 0.0543 (0.0543)  loss_giou_dn_2: 0.6937 (0.6937)  loss_fgl_dn_2: 1.2059 (1.2059)  loss_ddf_dn_2: -0.0000 (0.0000)  loss_mal_dn_pre: 1.4513 (1.4513)  loss_bbox_dn_pre: 0.0725 (0.0725)  loss_giou_dn_pre: 0.8240 (0.8240)  loss_size: 0.0133 (0.0133)  time: 0.4895  data: 0.2484  max mem: 5227
Epoch: [1/30]  [44/45]  eta: 0:00:00  lr: 0.000100  loss: 24.2555 (25.6345)  loss_mal: 0.9713 (0.9877)  loss_bbox: 0.0699 (0.0851)  loss_giou: 0.7015 (0.8297)  loss_fgl: 1.1633 (1.0999)  loss_mal_aux_0: 1.0091 (1.0817)  loss_bbox_aux_0: 0.0944 (0.1162)  loss_giou_aux_0: 0.9287 (1.0645)  loss_fgl_aux_0: 1.1065 (1.0080)  loss_ddf_aux_0: 0.2067 (0.2741)  loss_mal_aux_1: 1.0033 (1.0316)  loss_bbox_aux_1: 0.0716 (0.0902)  loss_giou_aux_1: 0.7124 (0.8575)  loss_fgl_aux_1: 1.1489 (1.0886)  loss_ddf_aux_1: 0.0159 (0.0266)  loss_mal_pre: 0.9994 (1.0692)  loss_bbox_pre: 0.0971 (0.1226)  loss_giou_pre: 0.9174 (1.0594)  loss_mal_enc_0: 0.4732 (0.5757)  loss_bbox_enc_0: 0.2836 (0.2964)  loss_giou_enc_0: 1.7565 (1.7690)  loss_mal_dn_0: 0.8376 (1.0133)  loss_bbox_dn_0: 0.0601 (0.0686)  loss_giou_dn_0: 0.7067 (0.7746)  loss_fgl_dn_0: 1.2213 (1.1836)  loss_ddf_dn_0: 0.5771 (0.7267)  loss_mal_dn_1: 0.7647 (0.8234)  loss_bbox_dn_1: 0.0501 (0.0534)  loss_giou_dn_1: 0.5974 (0.6429)  loss_fgl_dn_1: 1.2265 (1.2120)  loss_ddf_dn_1: 0.0292 (0.0466)  loss_mal_dn_2: 0.7522 (0.7666)  loss_bbox_dn_2: 0.0497 (0.0534)  loss_giou_dn_2: 0.5975 (0.6431)  loss_fgl_dn_2: 1.2338 (1.2192)  loss_ddf_dn_2: -0.0000 (0.0000)  loss_mal_dn_pre: 0.8452 (1.0163)  loss_bbox_dn_pre: 0.0621 (0.0684)  loss_giou_dn_pre: 0.7098 (0.7737)  loss_size: 0.0103 (0.0149)  time: 0.2371  data: 0.0116  max mem: 5227
Epoch: [1/30] Total time: 0:00:11 (0.2464 s / it)
Averaged stats: lr: 0.000100  loss: 24.2555 (25.6345)  loss_mal: 0.9713 (0.9877)  loss_bbox: 0.0699 (0.0851)  loss_giou: 0.7015 (0.8297)  loss_fgl: 1.1633 (1.0999)  loss_mal_aux_0: 1.0091 (1.0817)  loss_bbox_aux_0: 0.0944 (0.1162)  loss_giou_aux_0: 0.9287 (1.0645)  loss_fgl_aux_0: 1.1065 (1.0080)  loss_ddf_aux_0: 0.2067 (0.2741)  loss_mal_aux_1: 1.0033 (1.0316)  loss_bbox_aux_1: 0.0716 (0.0902)  loss_giou_aux_1: 0.7124 (0.8575)  loss_fgl_aux_1: 1.1489 (1.0886)  loss_ddf_aux_1: 0.0159 (0.0266)  loss_mal_pre: 0.9994 (1.0692)  loss_bbox_pre: 0.0971 (0.1226)  loss_giou_pre: 0.9174 (1.0594)  loss_mal_enc_0: 0.4732 (0.5757)  loss_bbox_enc_0: 0.2836 (0.2964)  loss_giou_enc_0: 1.7565 (1.7690)  loss_mal_dn_0: 0.8376 (1.0133)  loss_bbox_dn_0: 0.0601 (0.0686)  loss_giou_dn_0: 0.7067 (0.7746)  loss_fgl_dn_0: 1.2213 (1.1836)  loss_ddf_dn_0: 0.5771 (0.7267)  loss_mal_dn_1: 0.7647 (0.8234)  loss_bbox_dn_1: 0.0501 (0.0534)  loss_giou_dn_1: 0.5974 (0.6429)  loss_fgl_dn_1: 1.2265 (1.2120)  loss_ddf_dn_1: 0.0292 (0.0466)  loss_mal_dn_2: 0.7522 (0.7666)  loss_bbox_dn_2: 0.0497 (0.0534)  loss_giou_dn_2: 0.5975 (0.6431)  loss_fgl_dn_2: 1.2338 (1.2192)  loss_ddf_dn_2: -0.0000 (0.0000)  loss_mal_dn_pre: 0.8452 (1.0163)  loss_bbox_dn_pre: 0.0621 (0.0684)  loss_giou_dn_pre: 0.7098 (0.7737)  loss_size: 0.0103 (0.0149)
Test:  [0/8]  eta: 0:00:02    time: 0.3060  data: 0.2507  max mem: 5227
Test:  [7/8]  eta: 0:00:00    time: 0.1198  data: 0.0424  max mem: 5227
Test: Total time: 0:00:00 (0.1242 s / it)
Metrics: {'f1': 0, 'precision': 0, 'recall': 0.0, 'iou': 0.0, 'TPs': 0, 'FPs': 0, 'FNs': 142}
Averaged stats: 
Accumulating evaluation results...
COCOeval_opt.accumulate() finished...
DONE (t=0.01s).
IoU metric: bbox
 Average Precision  (AP) @[ IoU=0.50:0.95 | area=   all | maxDets=100 ] = 0.165
 Average Precision  (AP) @[ IoU=0.50      | area=   all | maxDets=100 ] = 0.463
 Average Precision  (AP) @[ IoU=0.75      | area=   all | maxDets=100 ] = 0.092
 Average Precision  (AP) @[ IoU=0.50:0.95 | area= small | maxDets=100 ] = 0.165
 Average Precision  (AP) @[ IoU=0.50:0.95 | area=medium | maxDets=100 ] = -1.000
 Average Precision  (AP) @[ IoU=0.50:0.95 | area= large | maxDets=100 ] = -1.000
 Average Recall     (AR) @[ IoU=0.50:0.95 | area=   all | maxDets=  1 ] = 0.153
 Average Recall     (AR) @[ IoU=0.50:0.95 | area=   all | maxDets= 10 ] = 0.414
 Average Recall     (AR) @[ IoU=0.50:0.95 | area=   all | maxDets=100 ] = 0.502
 Average Recall     (AR) @[ IoU=0.50:0.95 | area= small | maxDets=100 ] = 0.502
 Average Recall     (AR) @[ IoU=0.50:0.95 | area=medium | maxDets=100 ] = -1.000
 Average Recall     (AR) @[ IoU=0.50:0.95 | area= large | maxDets=100 ] = -1.000
 Average Recall     (AR) @[ IoU=0.50      | area=   all | maxDets=100 ] = 0.915
 Average Recall     (AR) @[ IoU=0.75      | area=   all | maxDets=100 ] = 0.535
best_stat: {'epoch': 1, 'coco_eval_bbox': 0.1649551476667006}
Epoch: [2/30]  [ 0/45]  eta: 0:00:21  lr: 0.000100  loss: 23.5772 (23.5772)  loss_mal: 0.9709 (0.9709)  loss_bbox: 0.0642 (0.0642)  loss_giou: 0.6485 (0.6485)  loss_fgl: 1.1590 (1.1590)  loss_mal_aux_0: 1.0646 (1.0646)  loss_bbox_aux_0: 0.0838 (0.0838)  loss_giou_aux_0: 0.8435 (0.8435)  loss_fgl_aux_0: 1.1180 (1.1180)  loss_ddf_aux_0: 0.1419 (0.1419)  loss_mal_aux_1: 1.1377 (1.1377)  loss_bbox_aux_1: 0.0651 (0.0651)  loss_giou_aux_1: 0.6533 (0.6533)  loss_fgl_aux_1: 1.1632 (1.1632)  loss_ddf_aux_1: 0.0130 (0.0130)  loss_mal_pre: 1.0532 (1.0532)  loss_bbox_pre: 0.0877 (0.0877)  loss_giou_pre: 0.8301 (0.8301)  loss_mal_enc_0: 0.5498 (0.5498)  loss_bbox_enc_0: 0.2671 (0.2671)  loss_giou_enc_0: 1.6801 (1.6801)  loss_mal_dn_0: 0.7475 (0.7475)  loss_bbox_dn_0: 0.0606 (0.0606)  loss_giou_dn_0: 0.6801 (0.6801)  loss_fgl_dn_0: 1.2568 (1.2568)  loss_ddf_dn_0: 0.5128 (0.5128)  loss_mal_dn_1: 0.7687 (0.7687)  loss_bbox_dn_1: 0.0452 (0.0452)  loss_giou_dn_1: 0.5377 (0.5377)  loss_fgl_dn_1: 1.2604 (1.2604)  loss_ddf_dn_1: 0.0213 (0.0213)  loss_mal_dn_2: 0.7466 (0.7466)  loss_bbox_dn_2: 0.0459 (0.0459)  loss_giou_dn_2: 0.5435 (0.5435)  loss_fgl_dn_2: 1.2651 (1.2651)  loss_ddf_dn_2: -0.0000 (0.0000)  loss_mal_dn_pre: 0.7518 (0.7518)  loss_bbox_dn_pre: 0.0597 (0.0597)  loss_giou_dn_pre: 0.6720 (0.6720)  loss_size: 0.0068 (0.0068)  time: 0.4767  data: 0.2349  max mem: 5227
Epoch: [2/30]  [44/45]  eta: 0:00:00  lr: 0.000100  loss: 22.4644 (23.0105)  loss_mal: 0.8445 (0.8746)  loss_bbox: 0.0627 (0.0716)  loss_giou: 0.6657 (0.7303)  loss_fgl: 1.1678 (1.1614)  loss_mal_aux_0: 0.8840 (0.9539)  loss_bbox_aux_0: 0.0818 (0.0870)  loss_giou_aux_0: 0.8389 (0.8748)  loss_fgl_aux_0: 1.1266 (1.1256)  loss_ddf_aux_0: 0.1089 (0.1205)  loss_mal_aux_1: 0.8505 (0.9255)  loss_bbox_aux_1: 0.0663 (0.0737)  loss_giou_aux_1: 0.7087 (0.7456)  loss_fgl_aux_1: 1.1598 (1.1557)  loss_ddf_aux_1: 0.0103 (0.0106)  loss_mal_pre: 0.9170 (0.9502)  loss_bbox_pre: 0.0862 (0.0890)  loss_giou_pre: 0.8323 (0.8684)  loss_mal_enc_0: 0.5278 (0.5552)  loss_bbox_enc_0: 0.2024 (0.2290)  loss_giou_enc_0: 1.6747 (1.6713)  loss_mal_dn_0: 0.7519 (0.7508)  loss_bbox_dn_0: 0.0529 (0.0566)  loss_giou_dn_0: 0.6567 (0.6595)  loss_fgl_dn_0: 1.2374 (1.2356)  loss_ddf_dn_0: 0.3283 (0.3946)  loss_mal_dn_1: 0.7343 (0.7459)  loss_bbox_dn_1: 0.0411 (0.0458)  loss_giou_dn_1: 0.5207 (0.5507)  loss_fgl_dn_1: 1.2340 (1.2354)  loss_ddf_dn_1: 0.0147 (0.0182)  loss_mal_dn_2: 0.7228 (0.7347)  loss_bbox_dn_2: 0.0406 (0.0460)  loss_giou_dn_2: 0.5212 (0.5509)  loss_fgl_dn_2: 1.2344 (1.2370)  loss_ddf_dn_2: -0.0000 (0.0000)  loss_mal_dn_pre: 0.7510 (0.7505)  loss_bbox_dn_pre: 0.0518 (0.0560)  loss_giou_dn_pre: 0.6562 (0.6567)  loss_size: 0.0099 (0.0114)  time: 0.2374  data: 0.0115  max mem: 5227
Epoch: [2/30] Total time: 0:00:11 (0.2449 s / it)
Averaged stats: lr: 0.000100  loss: 22.4644 (23.0105)  loss_mal: 0.8445 (0.8746)  loss_bbox: 0.0627 (0.0716)  loss_giou: 0.6657 (0.7303)  loss_fgl: 1.1678 (1.1614)  loss_mal_aux_0: 0.8840 (0.9539)  loss_bbox_aux_0: 0.0818 (0.0870)  loss_giou_aux_0: 0.8389 (0.8748)  loss_fgl_aux_0: 1.1266 (1.1256)  loss_ddf_aux_0: 0.1089 (0.1205)  loss_mal_aux_1: 0.8505 (0.9255)  loss_bbox_aux_1: 0.0663 (0.0737)  loss_giou_aux_1: 0.7087 (0.7456)  loss_fgl_aux_1: 1.1598 (1.1557)  loss_ddf_aux_1: 0.0103 (0.0106)  loss_mal_pre: 0.9170 (0.9502)  loss_bbox_pre: 0.0862 (0.0890)  loss_giou_pre: 0.8323 (0.8684)  loss_mal_enc_0: 0.5278 (0.5552)  loss_bbox_enc_0: 0.2024 (0.2290)  loss_giou_enc_0: 1.6747 (1.6713)  loss_mal_dn_0: 0.7519 (0.7508)  loss_bbox_dn_0: 0.0529 (0.0566)  loss_giou_dn_0: 0.6567 (0.6595)  loss_fgl_dn_0: 1.2374 (1.2356)  loss_ddf_dn_0: 0.3283 (0.3946)  loss_mal_dn_1: 0.7343 (0.7459)  loss_bbox_dn_1: 0.0411 (0.0458)  loss_giou_dn_1: 0.5207 (0.5507)  loss_fgl_dn_1: 1.2340 (1.2354)  loss_ddf_dn_1: 0.0147 (0.0182)  loss_mal_dn_2: 0.7228 (0.7347)  loss_bbox_dn_2: 0.0406 (0.0460)  loss_giou_dn_2: 0.5212 (0.5509)  loss_fgl_dn_2: 1.2344 (1.2370)  loss_ddf_dn_2: -0.0000 (0.0000)  loss_mal_dn_pre: 0.7510 (0.7505)  loss_bbox_dn_pre: 0.0518 (0.0560)  loss_giou_dn_pre: 0.6562 (0.6567)  loss_size: 0.0099 (0.0114)
Test:  [0/8]  eta: 0:00:02    time: 0.3105  data: 0.2560  max mem: 5227
Test:  [7/8]  eta: 0:00:00    time: 0.0984  data: 0.0435  max mem: 5227
Test: Total time: 0:00:00 (0.1028 s / it)
Metrics: {'f1': 0.054421768707483, 'precision': 0.8, 'recall': 0.028169014084507043, 'iou': 0.01928268029139592, 'TPs': 4, 'FPs': 1, 'FNs': 138}
Averaged stats: 
Accumulating evaluation results...
COCOeval_opt.accumulate() finished...
DONE (t=0.01s).
IoU metric: bbox
 Average Precision  (AP) @[ IoU=0.50:0.95 | area=   all | maxDets=100 ] = 0.243
 Average Precision  (AP) @[ IoU=0.50      | area=   all | maxDets=100 ] = 0.660
 Average Precision  (AP) @[ IoU=0.75      | area=   all | maxDets=100 ] = 0.072
 Average Precision  (AP) @[ IoU=0.50:0.95 | area= small | maxDets=100 ] = 0.243
 Average Precision  (AP) @[ IoU=0.50:0.95 | area=medium | maxDets=100 ] = -1.000
 Average Precision  (AP) @[ IoU=0.50:0.95 | area= large | maxDets=100 ] = -1.000
 Average Recall     (AR) @[ IoU=0.50:0.95 | area=   all | maxDets=  1 ] = 0.164
 Average Recall     (AR) @[ IoU=0.50:0.95 | area=   all | maxDets= 10 ] = 0.435
 Average Recall     (AR) @[ IoU=0.50:0.95 | area=   all | maxDets=100 ] = 0.545
 Average Recall     (AR) @[ IoU=0.50:0.95 | area= small | maxDets=100 ] = 0.545
 Average Recall     (AR) @[ IoU=0.50:0.95 | area=medium | maxDets=100 ] = -1.000
 Average Recall     (AR) @[ IoU=0.50:0.95 | area= large | maxDets=100 ] = -1.000
 Average Recall     (AR) @[ IoU=0.50      | area=   all | maxDets=100 ] = 0.930
 Average Recall     (AR) @[ IoU=0.75      | area=   all | maxDets=100 ] = 0.556
best_stat: {'epoch': 2, 'coco_eval_bbox': 0.2434547378068959}
Epoch: [3/30]  [ 0/45]  eta: 0:00:22  lr: 0.000100  loss: 22.7209 (22.7209)  loss_mal: 0.8794 (0.8794)  loss_bbox: 0.0510 (0.0510)  loss_giou: 0.6040 (0.6040)  loss_fgl: 1.1916 (1.1916)  loss_mal_aux_0: 1.0451 (1.0451)  loss_bbox_aux_0: 0.0670 (0.0670)  loss_giou_aux_0: 0.8294 (0.8294)  loss_fgl_aux_0: 1.1513 (1.1513)  loss_ddf_aux_0: 0.1161 (0.1161)  loss_mal_aux_1: 0.9298 (0.9298)  loss_bbox_aux_1: 0.0507 (0.0507)  loss_giou_aux_1: 0.6183 (0.6183)  loss_fgl_aux_1: 1.1835 (1.1835)  loss_ddf_aux_1: 0.0158 (0.0158)  loss_mal_pre: 0.9593 (0.9593)  loss_bbox_pre: 0.0685 (0.0685)  loss_giou_pre: 0.8393 (0.8393)  loss_mal_enc_0: 0.5941 (0.5941)  loss_bbox_enc_0: 0.2124 (0.2124)  loss_giou_enc_0: 1.7456 (1.7456)  loss_mal_dn_0: 0.7402 (0.7402)  loss_bbox_dn_0: 0.0522 (0.0522)  loss_giou_dn_0: 0.6577 (0.6577)  loss_fgl_dn_0: 1.2189 (1.2189)  loss_ddf_dn_0: 0.3193 (0.3193)  loss_mal_dn_1: 0.7373 (0.7373)  loss_bbox_dn_1: 0.0461 (0.0461)  loss_giou_dn_1: 0.5494 (0.5494)  loss_fgl_dn_1: 1.2187 (1.2187)  loss_ddf_dn_1: 0.0231 (0.0231)  loss_mal_dn_2: 0.7180 (0.7180)  loss_bbox_dn_2: 0.0475 (0.0475)  loss_giou_dn_2: 0.5696 (0.5696)  loss_fgl_dn_2: 1.2176 (1.2176)  loss_ddf_dn_2: -0.0000 (0.0000)  loss_mal_dn_pre: 0.7420 (0.7420)  loss_bbox_dn_pre: 0.0515 (0.0515)  loss_giou_dn_pre: 0.6492 (0.6492)  loss_size: 0.0103 (0.0103)  time: 0.5067  data: 0.2590  max mem: 5227
Epoch: [3/30]  [44/45]  eta: 0:00:00  lr: 0.000100  loss: 22.3886 (22.9039)  loss_mal: 0.7997 (0.8288)  loss_bbox: 0.0807 (0.1058)  loss_giou: 0.7134 (0.8170)  loss_fgl: 1.1305 (1.1015)  loss_mal_aux_0: 0.9623 (0.8812)  loss_bbox_aux_0: 0.1164 (0.1269)  loss_giou_aux_0: 0.8877 (0.9916)  loss_fgl_aux_0: 1.1057 (1.0593)  loss_ddf_aux_0: 0.1833 (0.1689)  loss_mal_aux_1: 0.8511 (0.8493)  loss_bbox_aux_1: 0.0893 (0.1091)  loss_giou_aux_1: 0.7461 (0.8364)  loss_fgl_aux_1: 1.1262 (1.0958)  loss_ddf_aux_1: 0.0137 (0.0148)  loss_mal_pre: 0.9357 (0.8762)  loss_bbox_pre: 0.1223 (0.1281)  loss_giou_pre: 0.8871 (0.9850)  loss_mal_enc_0: 0.6370 (0.5590)  loss_bbox_enc_0: 0.2115 (0.2498)  loss_giou_enc_0: 1.5757 (1.7482)  loss_mal_dn_0: 0.7501 (0.7485)  loss_bbox_dn_0: 0.0513 (0.0530)  loss_giou_dn_0: 0.6047 (0.6213)  loss_fgl_dn_0: 1.2472 (1.2399)  loss_ddf_dn_0: 0.2233 (0.2958)  loss_mal_dn_1: 0.7088 (0.7194)  loss_bbox_dn_1: 0.0388 (0.0408)  loss_giou_dn_1: 0.4873 (0.5014)  loss_fgl_dn_1: 1.2210 (1.2265)  loss_ddf_dn_1: 0.0057 (0.0105)  loss_mal_dn_2: 0.7000 (0.7087)  loss_bbox_dn_2: 0.0383 (0.0410)  loss_giou_dn_2: 0.4830 (0.5026)  loss_fgl_dn_2: 1.2264 (1.2275)  loss_ddf_dn_2: -0.0000 (0.0000)  loss_mal_dn_pre: 0.7490 (0.7487)  loss_bbox_dn_pre: 0.0514 (0.0529)  loss_giou_dn_pre: 0.6017 (0.6202)  loss_size: 0.0121 (0.0124)  time: 0.2411  data: 0.0120  max mem: 5227
Epoch: [3/30] Total time: 0:00:11 (0.2498 s / it)
Averaged stats: lr: 0.000100  loss: 22.3886 (22.9039)  loss_mal: 0.7997 (0.8288)  loss_bbox: 0.0807 (0.1058)  loss_giou: 0.7134 (0.8170)  loss_fgl: 1.1305 (1.1015)  loss_mal_aux_0: 0.9623 (0.8812)  loss_bbox_aux_0: 0.1164 (0.1269)  loss_giou_aux_0: 0.8877 (0.9916)  loss_fgl_aux_0: 1.1057 (1.0593)  loss_ddf_aux_0: 0.1833 (0.1689)  loss_mal_aux_1: 0.8511 (0.8493)  loss_bbox_aux_1: 0.0893 (0.1091)  loss_giou_aux_1: 0.7461 (0.8364)  loss_fgl_aux_1: 1.1262 (1.0958)  loss_ddf_aux_1: 0.0137 (0.0148)  loss_mal_pre: 0.9357 (0.8762)  loss_bbox_pre: 0.1223 (0.1281)  loss_giou_pre: 0.8871 (0.9850)  loss_mal_enc_0: 0.6370 (0.5590)  loss_bbox_enc_0: 0.2115 (0.2498)  loss_giou_enc_0: 1.5757 (1.7482)  loss_mal_dn_0: 0.7501 (0.7485)  loss_bbox_dn_0: 0.0513 (0.0530)  loss_giou_dn_0: 0.6047 (0.6213)  loss_fgl_dn_0: 1.2472 (1.2399)  loss_ddf_dn_0: 0.2233 (0.2958)  loss_mal_dn_1: 0.7088 (0.7194)  loss_bbox_dn_1: 0.0388 (0.0408)  loss_giou_dn_1: 0.4873 (0.5014)  loss_fgl_dn_1: 1.2210 (1.2265)  loss_ddf_dn_1: 0.0057 (0.0105)  loss_mal_dn_2: 0.7000 (0.7087)  loss_bbox_dn_2: 0.0383 (0.0410)  loss_giou_dn_2: 0.4830 (0.5026)  loss_fgl_dn_2: 1.2264 (1.2275)  loss_ddf_dn_2: -0.0000 (0.0000)  loss_mal_dn_pre: 0.7490 (0.7487)  loss_bbox_dn_pre: 0.0514 (0.0529)  loss_giou_dn_pre: 0.6017 (0.6202)  loss_size: 0.0121 (0.0124)
Test:  [0/8]  eta: 0:00:02    time: 0.2912  data: 0.2350  max mem: 5227
Test:  [7/8]  eta: 0:00:00    time: 0.1205  data: 0.0409  max mem: 5227
Test: Total time: 0:00:00 (0.1249 s / it)
Metrics: {'f1': 0.36363636363636365, 'precision': 0.9411764705882353, 'recall': 0.22535211267605634, 'iou': 0.15617790321509042, 'TPs': 32, 'FPs': 2, 'FNs': 110}
Averaged stats: 
Accumulating evaluation results...
COCOeval_opt.accumulate() finished...
DONE (t=0.01s).
IoU metric: bbox
 Average Precision  (AP) @[ IoU=0.50:0.95 | area=   all | maxDets=100 ] = 0.286
 Average Precision  (AP) @[ IoU=0.50      | area=   all | maxDets=100 ] = 0.746
 Average Precision  (AP) @[ IoU=0.75      | area=   all | maxDets=100 ] = 0.116
 Average Precision  (AP) @[ IoU=0.50:0.95 | area= small | maxDets=100 ] = 0.286
 Average Precision  (AP) @[ IoU=0.50:0.95 | area=medium | maxDets=100 ] = -1.000
 Average Precision  (AP) @[ IoU=0.50:0.95 | area= large | maxDets=100 ] = -1.000
 Average Recall     (AR) @[ IoU=0.50:0.95 | area=   all | maxDets=  1 ] = 0.155
 Average Recall     (AR) @[ IoU=0.50:0.95 | area=   all | maxDets= 10 ] = 0.442
 Average Recall     (AR) @[ IoU=0.50:0.95 | area=   all | maxDets=100 ] = 0.535
 Average Recall     (AR) @[ IoU=0.50:0.95 | area= small | maxDets=100 ] = 0.535
 Average Recall     (AR) @[ IoU=0.50:0.95 | area=medium | maxDets=100 ] = -1.000
 Average Recall     (AR) @[ IoU=0.50:0.95 | area= large | maxDets=100 ] = -1.000
 Average Recall     (AR) @[ IoU=0.50      | area=   all | maxDets=100 ] = 0.908
 Average Recall     (AR) @[ IoU=0.75      | area=   all | maxDets=100 ] = 0.528
best_stat: {'epoch': 3, 'coco_eval_bbox': 0.28630564143165876}
Epoch: [4/30]  [ 0/45]  eta: 0:00:21  lr: 0.000100  loss: 22.2885 (22.2885)  loss_mal: 0.8774 (0.8774)  loss_bbox: 0.0590 (0.0590)  loss_giou: 0.5906 (0.5906)  loss_fgl: 1.1939 (1.1939)  loss_mal_aux_0: 0.9381 (0.9381)  loss_bbox_aux_0: 0.0882 (0.0882)  loss_giou_aux_0: 0.8769 (0.8769)  loss_fgl_aux_0: 1.1198 (1.1198)  loss_ddf_aux_0: 0.2246 (0.2246)  loss_mal_aux_1: 0.8738 (0.8738)  loss_bbox_aux_1: 0.0719 (0.0719)  loss_giou_aux_1: 0.6650 (0.6650)  loss_fgl_aux_1: 1.1709 (1.1709)  loss_ddf_aux_1: 0.0194 (0.0194)  loss_mal_pre: 0.9627 (0.9627)  loss_bbox_pre: 0.0900 (0.0900)  loss_giou_pre: 0.8650 (0.8650)  loss_mal_enc_0: 0.5757 (0.5757)  loss_bbox_enc_0: 0.2129 (0.2129)  loss_giou_enc_0: 1.7472 (1.7472)  loss_mal_dn_0: 0.7531 (0.7531)  loss_bbox_dn_0: 0.0509 (0.0509)  loss_giou_dn_0: 0.5366 (0.5366)  loss_fgl_dn_0: 1.2851 (1.2851)  loss_ddf_dn_0: 0.1947 (0.1947)  loss_mal_dn_1: 0.6946 (0.6946)  loss_bbox_dn_1: 0.0409 (0.0409)  loss_giou_dn_1: 0.4520 (0.4520)  loss_fgl_dn_1: 1.2619 (1.2619)  loss_ddf_dn_1: 0.0051 (0.0051)  loss_mal_dn_2: 0.6874 (0.6874)  loss_bbox_dn_2: 0.0405 (0.0405)  loss_giou_dn_2: 0.4485 (0.4485)  loss_fgl_dn_2: 1.2616 (1.2616)  loss_ddf_dn_2: -0.0000 (0.0000)  loss_mal_dn_pre: 0.7542 (0.7542)  loss_bbox_dn_pre: 0.0506 (0.0506)  loss_giou_dn_pre: 0.5367 (0.5367)  loss_size: 0.0107 (0.0107)  time: 0.4879  data: 0.2480  max mem: 5227
Epoch: [4/30]  [44/45]  eta: 0:00:00  lr: 0.000100  loss: 21.8420 (22.0163)  loss_mal: 0.8277 (0.8096)  loss_bbox: 0.0551 (0.0688)  loss_giou: 0.6190 (0.6638)  loss_fgl: 1.2094 (1.1866)  loss_mal_aux_0: 0.9548 (0.9338)  loss_bbox_aux_0: 0.0692 (0.0881)  loss_giou_aux_0: 0.7139 (0.7874)  loss_fgl_aux_0: 1.1907 (1.1594)  loss_ddf_aux_0: 0.1580 (0.1935)  loss_mal_aux_1: 0.8663 (0.8466)  loss_bbox_aux_1: 0.0572 (0.0714)  loss_giou_aux_1: 0.6236 (0.6810)  loss_fgl_aux_1: 1.2038 (1.1807)  loss_ddf_aux_1: 0.0117 (0.0138)  loss_mal_pre: 0.9462 (0.9264)  loss_bbox_pre: 0.0652 (0.0873)  loss_giou_pre: 0.7143 (0.7859)  loss_mal_enc_0: 0.6527 (0.6750)  loss_bbox_enc_0: 0.1963 (0.1989)  loss_giou_enc_0: 1.5378 (1.5383)  loss_mal_dn_0: 0.7499 (0.7471)  loss_bbox_dn_0: 0.0507 (0.0508)  loss_giou_dn_0: 0.5832 (0.5954)  loss_fgl_dn_0: 1.2460 (1.2464)  loss_ddf_dn_0: 0.1633 (0.1955)  loss_mal_dn_1: 0.6993 (0.7006)  loss_bbox_dn_1: 0.0385 (0.0386)  loss_giou_dn_1: 0.4746 (0.4788)  loss_fgl_dn_1: 1.2283 (1.2269)  loss_ddf_dn_1: 0.0047 (0.0052)  loss_mal_dn_2: 0.6927 (0.6931)  loss_bbox_dn_2: 0.0388 (0.0384)  loss_giou_dn_2: 0.4729 (0.4763)  loss_fgl_dn_2: 1.2290 (1.2268)  loss_ddf_dn_2: -0.0000 (0.0000)  loss_mal_dn_pre: 0.7484 (0.7460)  loss_bbox_dn_pre: 0.0508 (0.0506)  loss_giou_dn_pre: 0.5825 (0.5940)  loss_size: 0.0090 (0.0099)  time: 0.2378  data: 0.0117  max mem: 5227
Epoch: [4/30] Total time: 0:00:11 (0.2449 s / it)
Averaged stats: lr: 0.000100  loss: 21.8420 (22.0163)  loss_mal: 0.8277 (0.8096)  loss_bbox: 0.0551 (0.0688)  loss_giou: 0.6190 (0.6638)  loss_fgl: 1.2094 (1.1866)  loss_mal_aux_0: 0.9548 (0.9338)  loss_bbox_aux_0: 0.0692 (0.0881)  loss_giou_aux_0: 0.7139 (0.7874)  loss_fgl_aux_0: 1.1907 (1.1594)  loss_ddf_aux_0: 0.1580 (0.1935)  loss_mal_aux_1: 0.8663 (0.8466)  loss_bbox_aux_1: 0.0572 (0.0714)  loss_giou_aux_1: 0.6236 (0.6810)  loss_fgl_aux_1: 1.2038 (1.1807)  loss_ddf_aux_1: 0.0117 (0.0138)  loss_mal_pre: 0.9462 (0.9264)  loss_bbox_pre: 0.0652 (0.0873)  loss_giou_pre: 0.7143 (0.7859)  loss_mal_enc_0: 0.6527 (0.6750)  loss_bbox_enc_0: 0.1963 (0.1989)  loss_giou_enc_0: 1.5378 (1.5383)  loss_mal_dn_0: 0.7499 (0.7471)  loss_bbox_dn_0: 0.0507 (0.0508)  loss_giou_dn_0: 0.5832 (0.5954)  loss_fgl_dn_0: 1.2460 (1.2464)  loss_ddf_dn_0: 0.1633 (0.1955)  loss_mal_dn_1: 0.6993 (0.7006)  loss_bbox_dn_1: 0.0385 (0.0386)  loss_giou_dn_1: 0.4746 (0.4788)  loss_fgl_dn_1: 1.2283 (1.2269)  loss_ddf_dn_1: 0.0047 (0.0052)  loss_mal_dn_2: 0.6927 (0.6931)  loss_bbox_dn_2: 0.0388 (0.0384)  loss_giou_dn_2: 0.4729 (0.4763)  loss_fgl_dn_2: 1.2290 (1.2268)  loss_ddf_dn_2: -0.0000 (0.0000)  loss_mal_dn_pre: 0.7484 (0.7460)  loss_bbox_dn_pre: 0.0508 (0.0506)  loss_giou_dn_pre: 0.5825 (0.5940)  loss_size: 0.0090 (0.0099)
Test:  [0/8]  eta: 0:00:02    time: 0.2892  data: 0.2334  max mem: 5227
Test:  [7/8]  eta: 0:00:00    time: 0.0964  data: 0.0418  max mem: 5227
Test: Total time: 0:00:00 (0.1005 s / it)
Metrics: {'f1': 0.728, 'precision': 0.8425925925925926, 'recall': 0.6408450704225352, 'iou': 0.4051995269907346, 'TPs': 91, 'FPs': 17, 'FNs': 51}
Averaged stats: 
Accumulating evaluation results...
COCOeval_opt.accumulate() finished...
DONE (t=0.01s).
IoU metric: bbox
 Average Precision  (AP) @[ IoU=0.50:0.95 | area=   all | maxDets=100 ] = 0.343
 Average Precision  (AP) @[ IoU=0.50      | area=   all | maxDets=100 ] = 0.841
 Average Precision  (AP) @[ IoU=0.75      | area=   all | maxDets=100 ] = 0.175
 Average Precision  (AP) @[ IoU=0.50:0.95 | area= small | maxDets=100 ] = 0.343
 Average Precision  (AP) @[ IoU=0.50:0.95 | area=medium | maxDets=100 ] = -1.000
 Average Precision  (AP) @[ IoU=0.50:0.95 | area= large | maxDets=100 ] = -1.000
 Average Recall     (AR) @[ IoU=0.50:0.95 | area=   all | maxDets=  1 ] = 0.196
 Average Recall     (AR) @[ IoU=0.50:0.95 | area=   all | maxDets= 10 ] = 0.508
 Average Recall     (AR) @[ IoU=0.50:0.95 | area=   all | maxDets=100 ] = 0.629
 Average Recall     (AR) @[ IoU=0.50:0.95 | area= small | maxDets=100 ] = 0.629
 Average Recall     (AR) @[ IoU=0.50:0.95 | area=medium | maxDets=100 ] = -1.000
 Average Recall     (AR) @[ IoU=0.50:0.95 | area= large | maxDets=100 ] = -1.000
 Average Recall     (AR) @[ IoU=0.50      | area=   all | maxDets=100 ] = 0.986
 Average Recall     (AR) @[ IoU=0.75      | area=   all | maxDets=100 ] = 0.732
best_stat: {'epoch': 4, 'coco_eval_bbox': 0.34252753465809727}
Epoch: [5/30]  [ 0/45]  eta: 0:00:22  lr: 0.000100  loss: 21.4709 (21.4709)  loss_mal: 0.7914 (0.7914)  loss_bbox: 0.0518 (0.0518)  loss_giou: 0.6347 (0.6347)  loss_fgl: 1.2528 (1.2528)  loss_mal_aux_0: 0.9821 (0.9821)  loss_bbox_aux_0: 0.0497 (0.0497)  loss_giou_aux_0: 0.6314 (0.6314)  loss_fgl_aux_0: 1.2536 (1.2536)  loss_ddf_aux_0: 0.1162 (0.1162)  loss_mal_aux_1: 0.8196 (0.8196)  loss_bbox_aux_1: 0.0519 (0.0519)  loss_giou_aux_1: 0.6382 (0.6382)  loss_fgl_aux_1: 1.2496 (1.2496)  loss_ddf_aux_1: 0.0070 (0.0070)  loss_mal_pre: 0.9801 (0.9801)  loss_bbox_pre: 0.0491 (0.0491)  loss_giou_pre: 0.6258 (0.6258)  loss_mal_enc_0: 0.8018 (0.8018)  loss_bbox_enc_0: 0.1091 (0.1091)  loss_giou_enc_0: 1.2339 (1.2339)  loss_mal_dn_0: 0.7391 (0.7391)  loss_bbox_dn_0: 0.0460 (0.0460)  loss_giou_dn_0: 0.5850 (0.5850)  loss_fgl_dn_0: 1.2596 (1.2596)  loss_ddf_dn_0: 0.1738 (0.1738)  loss_mal_dn_1: 0.6963 (0.6963)  loss_bbox_dn_1: 0.0387 (0.0387)  loss_giou_dn_1: 0.5006 (0.5006)  loss_fgl_dn_1: 1.2474 (1.2474)  loss_ddf_dn_1: 0.0048 (0.0048)  loss_mal_dn_2: 0.6888 (0.6888)  loss_bbox_dn_2: 0.0393 (0.0393)  loss_giou_dn_2: 0.5041 (0.5041)  loss_fgl_dn_2: 1.2489 (1.2489)  loss_ddf_dn_2: -0.0000 (0.0000)  loss_mal_dn_pre: 0.7380 (0.7380)  loss_bbox_dn_pre: 0.0452 (0.0452)  loss_giou_dn_pre: 0.5762 (0.5762)  loss_size: 0.0092 (0.0092)  time: 0.4893  data: 0.2359  max mem: 5227
Epoch: [5/30]  [44/45]  eta: 0:00:00  lr: 0.000100  loss: 21.1669 (21.3054)  loss_mal: 0.7619 (0.7755)  loss_bbox: 0.0534 (0.0546)  loss_giou: 0.6115 (0.6098)  loss_fgl: 1.2218 (1.2233)  loss_mal_aux_0: 0.9439 (0.9573)  loss_bbox_aux_0: 0.0597 (0.0631)  loss_giou_aux_0: 0.6575 (0.6831)  loss_fgl_aux_0: 1.2081 (1.2125)  loss_ddf_aux_0: 0.1011 (0.1200)  loss_mal_aux_1: 0.7841 (0.7969)  loss_bbox_aux_1: 0.0560 (0.0551)  loss_giou_aux_1: 0.6068 (0.6134)  loss_fgl_aux_1: 1.2123 (1.2215)  loss_ddf_aux_1: 0.0055 (0.0081)  loss_mal_pre: 0.9349 (0.9561)  loss_bbox_pre: 0.0592 (0.0626)  loss_giou_pre: 0.6554 (0.6790)  loss_mal_enc_0: 0.7687 (0.7391)  loss_bbox_enc_0: 0.1325 (0.1468)  loss_giou_enc_0: 1.2722 (1.3640)  loss_mal_dn_0: 0.7387 (0.7416)  loss_bbox_dn_0: 0.0506 (0.0486)  loss_giou_dn_0: 0.5863 (0.5725)  loss_fgl_dn_0: 1.2371 (1.2505)  loss_ddf_dn_0: 0.1493 (0.1458)  loss_mal_dn_1: 0.6869 (0.6895)  loss_bbox_dn_1: 0.0365 (0.0375)  loss_giou_dn_1: 0.4596 (0.4627)  loss_fgl_dn_1: 1.2100 (1.2256)  loss_ddf_dn_1: 0.0032 (0.0032)  loss_mal_dn_2: 0.6858 (0.6881)  loss_bbox_dn_2: 0.0363 (0.0376)  loss_giou_dn_2: 0.4653 (0.4639)  loss_fgl_dn_2: 1.2100 (1.2266)  loss_ddf_dn_2: -0.0000 (0.0000)  loss_mal_dn_pre: 0.7375 (0.7406)  loss_bbox_dn_pre: 0.0497 (0.0484)  loss_giou_dn_pre: 0.5854 (0.5708)  loss_size: 0.0094 (0.0101)  time: 0.2385  data: 0.0117  max mem: 5227
Epoch: [5/30] Total time: 0:00:11 (0.2455 s / it)
Averaged stats: lr: 0.000100  loss: 21.1669 (21.3054)  loss_mal: 0.7619 (0.7755)  loss_bbox: 0.0534 (0.0546)  loss_giou: 0.6115 (0.6098)  loss_fgl: 1.2218 (1.2233)  loss_mal_aux_0: 0.9439 (0.9573)  loss_bbox_aux_0: 0.0597 (0.0631)  loss_giou_aux_0: 0.6575 (0.6831)  loss_fgl_aux_0: 1.2081 (1.2125)  loss_ddf_aux_0: 0.1011 (0.1200)  loss_mal_aux_1: 0.7841 (0.7969)  loss_bbox_aux_1: 0.0560 (0.0551)  loss_giou_aux_1: 0.6068 (0.6134)  loss_fgl_aux_1: 1.2123 (1.2215)  loss_ddf_aux_1: 0.0055 (0.0081)  loss_mal_pre: 0.9349 (0.9561)  loss_bbox_pre: 0.0592 (0.0626)  loss_giou_pre: 0.6554 (0.6790)  loss_mal_enc_0: 0.7687 (0.7391)  loss_bbox_enc_0: 0.1325 (0.1468)  loss_giou_enc_0: 1.2722 (1.3640)  loss_mal_dn_0: 0.7387 (0.7416)  loss_bbox_dn_0: 0.0506 (0.0486)  loss_giou_dn_0: 0.5863 (0.5725)  loss_fgl_dn_0: 1.2371 (1.2505)  loss_ddf_dn_0: 0.1493 (0.1458)  loss_mal_dn_1: 0.6869 (0.6895)  loss_bbox_dn_1: 0.0365 (0.0375)  loss_giou_dn_1: 0.4596 (0.4627)  loss_fgl_dn_1: 1.2100 (1.2256)  loss_ddf_dn_1: 0.0032 (0.0032)  loss_mal_dn_2: 0.6858 (0.6881)  loss_bbox_dn_2: 0.0363 (0.0376)  loss_giou_dn_2: 0.4653 (0.4639)  loss_fgl_dn_2: 1.2100 (1.2266)  loss_ddf_dn_2: -0.0000 (0.0000)  loss_mal_dn_pre: 0.7375 (0.7406)  loss_bbox_dn_pre: 0.0497 (0.0484)  loss_giou_dn_pre: 0.5854 (0.5708)  loss_size: 0.0094 (0.0101)
Test:  [0/8]  eta: 0:00:02    time: 0.2823  data: 0.2274  max mem: 5227
Test:  [7/8]  eta: 0:00:00    time: 0.0958  data: 0.0412  max mem: 5227
Test: Total time: 0:00:00 (0.1003 s / it)
Metrics: {'f1': 0.583732057416268, 'precision': 0.9104477611940298, 'recall': 0.4295774647887324, 'iou': 0.28563706858738047, 'TPs': 61, 'FPs': 6, 'FNs': 81}
Averaged stats: 
Accumulating evaluation results...
COCOeval_opt.accumulate() finished...
DONE (t=0.01s).
IoU metric: bbox
 Average Precision  (AP) @[ IoU=0.50:0.95 | area=   all | maxDets=100 ] = 0.309
 Average Precision  (AP) @[ IoU=0.50      | area=   all | maxDets=100 ] = 0.860
 Average Precision  (AP) @[ IoU=0.75      | area=   all | maxDets=100 ] = 0.103
 Average Precision  (AP) @[ IoU=0.50:0.95 | area= small | maxDets=100 ] = 0.310
 Average Precision  (AP) @[ IoU=0.50:0.95 | area=medium | maxDets=100 ] = -1.000
 Average Precision  (AP) @[ IoU=0.50:0.95 | area= large | maxDets=100 ] = -1.000
 Average Recall     (AR) @[ IoU=0.50:0.95 | area=   all | maxDets=  1 ] = 0.200
 Average Recall     (AR) @[ IoU=0.50:0.95 | area=   all | maxDets= 10 ] = 0.470
 Average Recall     (AR) @[ IoU=0.50:0.95 | area=   all | maxDets=100 ] = 0.593
 Average Recall     (AR) @[ IoU=0.50:0.95 | area= small | maxDets=100 ] = 0.593
 Average Recall     (AR) @[ IoU=0.50:0.95 | area=medium | maxDets=100 ] = -1.000
 Average Recall     (AR) @[ IoU=0.50:0.95 | area= large | maxDets=100 ] = -1.000
 Average Recall     (AR) @[ IoU=0.50      | area=   all | maxDets=100 ] = 1.000
 Average Recall     (AR) @[ IoU=0.75      | area=   all | maxDets=100 ] = 0.606
best_stat: {'epoch': 4, 'coco_eval_bbox': 0.34252753465809727}
Epoch: [6/30]  [ 0/45]  eta: 0:00:21  lr: 0.000100  loss: 21.5342 (21.5342)  loss_mal: 0.7370 (0.7370)  loss_bbox: 0.0485 (0.0485)  loss_giou: 0.5926 (0.5926)  loss_fgl: 1.2123 (1.2123)  loss_mal_aux_0: 1.2829 (1.2829)  loss_bbox_aux_0: 0.0519 (0.0519)  loss_giou_aux_0: 0.6217 (0.6217)  loss_fgl_aux_0: 1.2087 (1.2087)  loss_ddf_aux_0: 0.0843 (0.0843)  loss_mal_aux_1: 0.7741 (0.7741)  loss_bbox_aux_1: 0.0485 (0.0485)  loss_giou_aux_1: 0.5955 (0.5955)  loss_fgl_aux_1: 1.2112 (1.2112)  loss_ddf_aux_1: 0.0055 (0.0055)  loss_mal_pre: 1.2434 (1.2434)  loss_bbox_pre: 0.0521 (0.0521)  loss_giou_pre: 0.6230 (0.6230)  loss_mal_enc_0: 0.8099 (0.8099)  loss_bbox_enc_0: 0.1177 (0.1177)  loss_giou_enc_0: 1.1677 (1.1677)  loss_mal_dn_0: 0.7435 (0.7435)  loss_bbox_dn_0: 0.0551 (0.0551)  loss_giou_dn_0: 0.6469 (0.6469)  loss_fgl_dn_0: 1.2049 (1.2049)  loss_ddf_dn_0: 0.1934 (0.1934)  loss_mal_dn_1: 0.6942 (0.6942)  loss_bbox_dn_1: 0.0350 (0.0350)  loss_giou_dn_1: 0.4736 (0.4736)  loss_fgl_dn_1: 1.1757 (1.1757)  loss_ddf_dn_1: 0.0027 (0.0027)  loss_mal_dn_2: 0.6880 (0.6880)  loss_bbox_dn_2: 0.0351 (0.0351)  loss_giou_dn_2: 0.4730 (0.4730)  loss_fgl_dn_2: 1.1764 (1.1764)  loss_ddf_dn_2: -0.0000 (0.0000)  loss_mal_dn_pre: 0.7407 (0.7407)  loss_bbox_dn_pre: 0.0544 (0.0544)  loss_giou_dn_pre: 0.6440 (0.6440)  loss_size: 0.0089 (0.0089)  time: 0.4691  data: 0.2253  max mem: 5227
Epoch: [6/30]  [44/45]  eta: 0:00:00  lr: 0.000100  loss: 21.4087 (21.5196)  loss_mal: 0.7534 (0.7501)  loss_bbox: 0.0508 (0.0595)  loss_giou: 0.5896 (0.6132)  loss_fgl: 1.2368 (1.2269)  loss_mal_aux_0: 0.9313 (0.9687)  loss_bbox_aux_0: 0.0616 (0.0703)  loss_giou_aux_0: 0.7060 (0.7148)  loss_fgl_aux_0: 1.2032 (1.1979)  loss_ddf_aux_0: 0.1259 (0.1490)  loss_mal_aux_1: 0.7690 (0.7665)  loss_bbox_aux_1: 0.0518 (0.0613)  loss_giou_aux_1: 0.6091 (0.6272)  loss_fgl_aux_1: 1.2320 (1.2188)  loss_ddf_aux_1: 0.0064 (0.0077)  loss_mal_pre: 0.9387 (0.9662)  loss_bbox_pre: 0.0617 (0.0689)  loss_giou_pre: 0.6874 (0.7068)  loss_mal_enc_0: 0.8356 (0.8959)  loss_bbox_enc_0: 0.1444 (0.1706)  loss_giou_enc_0: 1.3988 (1.3098)  loss_mal_dn_0: 0.7361 (0.7360)  loss_bbox_dn_0: 0.0483 (0.0495)  loss_giou_dn_0: 0.5733 (0.5828)  loss_fgl_dn_0: 1.2462 (1.2545)  loss_ddf_dn_0: 0.1371 (0.1545)  loss_mal_dn_1: 0.6818 (0.6851)  loss_bbox_dn_1: 0.0362 (0.0374)  loss_giou_dn_1: 0.4581 (0.4616)  loss_fgl_dn_1: 1.2197 (1.2270)  loss_ddf_dn_1: 0.0030 (0.0030)  loss_mal_dn_2: 0.6788 (0.6814)  loss_bbox_dn_2: 0.0362 (0.0373)  loss_giou_dn_2: 0.4543 (0.4600)  loss_fgl_dn_2: 1.2187 (1.2264)  loss_ddf_dn_2: -0.0000 (0.0000)  loss_mal_dn_pre: 0.7351 (0.7350)  loss_bbox_dn_pre: 0.0477 (0.0492)  loss_giou_dn_pre: 0.5709 (0.5800)  loss_size: 0.0088 (0.0090)  time: 0.2391  data: 0.0121  max mem: 5227
Epoch: [6/30] Total time: 0:00:11 (0.2455 s / it)
Averaged stats: lr: 0.000100  loss: 21.4087 (21.5196)  loss_mal: 0.7534 (0.7501)  loss_bbox: 0.0508 (0.0595)  loss_giou: 0.5896 (0.6132)  loss_fgl: 1.2368 (1.2269)  loss_mal_aux_0: 0.9313 (0.9687)  loss_bbox_aux_0: 0.0616 (0.0703)  loss_giou_aux_0: 0.7060 (0.7148)  loss_fgl_aux_0: 1.2032 (1.1979)  loss_ddf_aux_0: 0.1259 (0.1490)  loss_mal_aux_1: 0.7690 (0.7665)  loss_bbox_aux_1: 0.0518 (0.0613)  loss_giou_aux_1: 0.6091 (0.6272)  loss_fgl_aux_1: 1.2320 (1.2188)  loss_ddf_aux_1: 0.0064 (0.0077)  loss_mal_pre: 0.9387 (0.9662)  loss_bbox_pre: 0.0617 (0.0689)  loss_giou_pre: 0.6874 (0.7068)  loss_mal_enc_0: 0.8356 (0.8959)  loss_bbox_enc_0: 0.1444 (0.1706)  loss_giou_enc_0: 1.3988 (1.3098)  loss_mal_dn_0: 0.7361 (0.7360)  loss_bbox_dn_0: 0.0483 (0.0495)  loss_giou_dn_0: 0.5733 (0.5828)  loss_fgl_dn_0: 1.2462 (1.2545)  loss_ddf_dn_0: 0.1371 (0.1545)  loss_mal_dn_1: 0.6818 (0.6851)  loss_bbox_dn_1: 0.0362 (0.0374)  loss_giou_dn_1: 0.4581 (0.4616)  loss_fgl_dn_1: 1.2197 (1.2270)  loss_ddf_dn_1: 0.0030 (0.0030)  loss_mal_dn_2: 0.6788 (0.6814)  loss_bbox_dn_2: 0.0362 (0.0373)  loss_giou_dn_2: 0.4543 (0.4600)  loss_fgl_dn_2: 1.2187 (1.2264)  loss_ddf_dn_2: -0.0000 (0.0000)  loss_mal_dn_pre: 0.7351 (0.7350)  loss_bbox_dn_pre: 0.0477 (0.0492)  loss_giou_dn_pre: 0.5709 (0.5800)  loss_size: 0.0088 (0.0090)
Test:  [0/8]  eta: 0:00:02    time: 0.3020  data: 0.2437  max mem: 5227
Test:  [7/8]  eta: 0:00:00    time: 0.1225  data: 0.0439  max mem: 5227
Test: Total time: 0:00:01 (0.1273 s / it)
Metrics: {'f1': 0.7898550724637681, 'precision': 0.8134328358208955, 'recall': 0.7676056338028169, 'iou': 0.4622835495514784, 'TPs': 109, 'FPs': 25, 'FNs': 33}
Averaged stats: 
Accumulating evaluation results...
COCOeval_opt.accumulate() finished...
DONE (t=0.01s).
IoU metric: bbox
 Average Precision  (AP) @[ IoU=0.50:0.95 | area=   all | maxDets=100 ] = 0.316
 Average Precision  (AP) @[ IoU=0.50      | area=   all | maxDets=100 ] = 0.806
 Average Precision  (AP) @[ IoU=0.75      | area=   all | maxDets=100 ] = 0.139
 Average Precision  (AP) @[ IoU=0.50:0.95 | area= small | maxDets=100 ] = 0.316
 Average Precision  (AP) @[ IoU=0.50:0.95 | area=medium | maxDets=100 ] = -1.000
 Average Precision  (AP) @[ IoU=0.50:0.95 | area= large | maxDets=100 ] = -1.000
 Average Recall     (AR) @[ IoU=0.50:0.95 | area=   all | maxDets=  1 ] = 0.202
 Average Recall     (AR) @[ IoU=0.50:0.95 | area=   all | maxDets= 10 ] = 0.506
 Average Recall     (AR) @[ IoU=0.50:0.95 | area=   all | maxDets=100 ] = 0.648
 Average Recall     (AR) @[ IoU=0.50:0.95 | area= small | maxDets=100 ] = 0.648
 Average Recall     (AR) @[ IoU=0.50:0.95 | area=medium | maxDets=100 ] = -1.000
 Average Recall     (AR) @[ IoU=0.50:0.95 | area= large | maxDets=100 ] = -1.000
 Average Recall     (AR) @[ IoU=0.50      | area=   all | maxDets=100 ] = 1.000
 Average Recall     (AR) @[ IoU=0.75      | area=   all | maxDets=100 ] = 0.761
best_stat: {'epoch': 4, 'coco_eval_bbox': 0.34252753465809727}
Epoch: [7/30]  [ 0/45]  eta: 0:00:21  lr: 0.000100  loss: 20.8653 (20.8653)  loss_mal: 0.7482 (0.7482)  loss_bbox: 0.0491 (0.0491)  loss_giou: 0.5572 (0.5572)  loss_fgl: 1.2816 (1.2816)  loss_mal_aux_0: 0.9418 (0.9418)  loss_bbox_aux_0: 0.0485 (0.0485)  loss_giou_aux_0: 0.5979 (0.5979)  loss_fgl_aux_0: 1.2622 (1.2622)  loss_ddf_aux_0: 0.1092 (0.1092)  loss_mal_aux_1: 0.7730 (0.7730)  loss_bbox_aux_1: 0.0478 (0.0478)  loss_giou_aux_1: 0.5522 (0.5522)  loss_fgl_aux_1: 1.2771 (1.2771)  loss_ddf_aux_1: 0.0056 (0.0056)  loss_mal_pre: 0.9313 (0.9313)  loss_bbox_pre: 0.0486 (0.0486)  loss_giou_pre: 0.6004 (0.6004)  loss_mal_enc_0: 0.7528 (0.7528)  loss_bbox_enc_0: 0.1100 (0.1100)  loss_giou_enc_0: 1.2523 (1.2523)  loss_mal_dn_0: 0.7358 (0.7358)  loss_bbox_dn_0: 0.0446 (0.0446)  loss_giou_dn_0: 0.5587 (0.5587)  loss_fgl_dn_0: 1.2581 (1.2581)  loss_ddf_dn_0: 0.1308 (0.1308)  loss_mal_dn_1: 0.6817 (0.6817)  loss_bbox_dn_1: 0.0371 (0.0371)  loss_giou_dn_1: 0.4675 (0.4675)  loss_fgl_dn_1: 1.2317 (1.2317)  loss_ddf_dn_1: 0.0041 (0.0041)  loss_mal_dn_2: 0.6773 (0.6773)  loss_bbox_dn_2: 0.0378 (0.0378)  loss_giou_dn_2: 0.4721 (0.4721)  loss_fgl_dn_2: 1.2343 (1.2343)  loss_ddf_dn_2: -0.0000 (0.0000)  loss_mal_dn_pre: 0.7364 (0.7364)  loss_bbox_dn_pre: 0.0442 (0.0442)  loss_giou_dn_pre: 0.5565 (0.5565)  loss_size: 0.0102 (0.0102)  time: 0.4778  data: 0.2361  max mem: 5227
Epoch: [7/30]  [44/45]  eta: 0:00:00  lr: 0.000100  loss: 20.5094 (20.7953)  loss_mal: 0.7465 (0.7617)  loss_bbox: 0.0490 (0.0525)  loss_giou: 0.5593 (0.5743)  loss_fgl: 1.2336 (1.2260)  loss_mal_aux_0: 0.9419 (0.9524)  loss_bbox_aux_0: 0.0519 (0.0588)  loss_giou_aux_0: 0.5953 (0.6411)  loss_fgl_aux_0: 1.2362 (1.2199)  loss_ddf_aux_0: 0.0915 (0.1061)  loss_mal_aux_1: 0.7595 (0.7862)  loss_bbox_aux_1: 0.0497 (0.0529)  loss_giou_aux_1: 0.5637 (0.5778)  loss_fgl_aux_1: 1.2312 (1.2246)  loss_ddf_aux_1: 0.0042 (0.0050)  loss_mal_pre: 0.9380 (0.9475)  loss_bbox_pre: 0.0521 (0.0587)  loss_giou_pre: 0.5939 (0.6384)  loss_mal_enc_0: 0.8161 (0.7486)  loss_bbox_enc_0: 0.1186 (0.1334)  loss_giou_enc_0: 1.1936 (1.2889)  loss_mal_dn_0: 0.7324 (0.7328)  loss_bbox_dn_0: 0.0455 (0.0457)  loss_giou_dn_0: 0.5386 (0.5446)  loss_fgl_dn_0: 1.2358 (1.2455)  loss_ddf_dn_0: 0.1294 (0.1313)  loss_mal_dn_1: 0.6707 (0.6751)  loss_bbox_dn_1: 0.0343 (0.0346)  loss_giou_dn_1: 0.4289 (0.4318)  loss_fgl_dn_1: 1.2102 (1.2139)  loss_ddf_dn_1: 0.0019 (0.0026)  loss_mal_dn_2: 0.6677 (0.6723)  loss_bbox_dn_2: 0.0342 (0.0345)  loss_giou_dn_2: 0.4270 (0.4313)  loss_fgl_dn_2: 1.2091 (1.2140)  loss_ddf_dn_2: -0.0000 (0.0000)  loss_mal_dn_pre: 0.7325 (0.7325)  loss_bbox_dn_pre: 0.0456 (0.0456)  loss_giou_dn_pre: 0.5405 (0.5442)  loss_size: 0.0078 (0.0084)  time: 0.2370  data: 0.0116  max mem: 5227
Epoch: [7/30] Total time: 0:00:11 (0.2446 s / it)
Averaged stats: lr: 0.000100  loss: 20.5094 (20.7953)  loss_mal: 0.7465 (0.7617)  loss_bbox: 0.0490 (0.0525)  loss_giou: 0.5593 (0.5743)  loss_fgl: 1.2336 (1.2260)  loss_mal_aux_0: 0.9419 (0.9524)  loss_bbox_aux_0: 0.0519 (0.0588)  loss_giou_aux_0: 0.5953 (0.6411)  loss_fgl_aux_0: 1.2362 (1.2199)  loss_ddf_aux_0: 0.0915 (0.1061)  loss_mal_aux_1: 0.7595 (0.7862)  loss_bbox_aux_1: 0.0497 (0.0529)  loss_giou_aux_1: 0.5637 (0.5778)  loss_fgl_aux_1: 1.2312 (1.2246)  loss_ddf_aux_1: 0.0042 (0.0050)  loss_mal_pre: 0.9380 (0.9475)  loss_bbox_pre: 0.0521 (0.0587)  loss_giou_pre: 0.5939 (0.6384)  loss_mal_enc_0: 0.8161 (0.7486)  loss_bbox_enc_0: 0.1186 (0.1334)  loss_giou_enc_0: 1.1936 (1.2889)  loss_mal_dn_0: 0.7324 (0.7328)  loss_bbox_dn_0: 0.0455 (0.0457)  loss_giou_dn_0: 0.5386 (0.5446)  loss_fgl_dn_0: 1.2358 (1.2455)  loss_ddf_dn_0: 0.1294 (0.1313)  loss_mal_dn_1: 0.6707 (0.6751)  loss_bbox_dn_1: 0.0343 (0.0346)  loss_giou_dn_1: 0.4289 (0.4318)  loss_fgl_dn_1: 1.2102 (1.2139)  loss_ddf_dn_1: 0.0019 (0.0026)  loss_mal_dn_2: 0.6677 (0.6723)  loss_bbox_dn_2: 0.0342 (0.0345)  loss_giou_dn_2: 0.4270 (0.4313)  loss_fgl_dn_2: 1.2091 (1.2140)  loss_ddf_dn_2: -0.0000 (0.0000)  loss_mal_dn_pre: 0.7325 (0.7325)  loss_bbox_dn_pre: 0.0456 (0.0456)  loss_giou_dn_pre: 0.5405 (0.5442)  loss_size: 0.0078 (0.0084)
Test:  [0/8]  eta: 0:00:02    time: 0.3110  data: 0.2554  max mem: 5227
Test:  [7/8]  eta: 0:00:00    time: 0.0989  data: 0.0436  max mem: 5227
Test: Total time: 0:00:00 (0.1058 s / it)
Metrics: {'f1': 0.8561151079136691, 'precision': 0.875, 'recall': 0.8380281690140845, 'iou': 0.526924802822137, 'TPs': 119, 'FPs': 17, 'FNs': 23}
Averaged stats: 
Accumulating evaluation results...
COCOeval_opt.accumulate() finished...
DONE (t=0.01s).
IoU metric: bbox
 Average Precision  (AP) @[ IoU=0.50:0.95 | area=   all | maxDets=100 ] = 0.343
 Average Precision  (AP) @[ IoU=0.50      | area=   all | maxDets=100 ] = 0.895
 Average Precision  (AP) @[ IoU=0.75      | area=   all | maxDets=100 ] = 0.147
 Average Precision  (AP) @[ IoU=0.50:0.95 | area= small | maxDets=100 ] = 0.343
 Average Precision  (AP) @[ IoU=0.50:0.95 | area=medium | maxDets=100 ] = -1.000
 Average Precision  (AP) @[ IoU=0.50:0.95 | area= large | maxDets=100 ] = -1.000
 Average Recall     (AR) @[ IoU=0.50:0.95 | area=   all | maxDets=  1 ] = 0.192
 Average Recall     (AR) @[ IoU=0.50:0.95 | area=   all | maxDets= 10 ] = 0.510
 Average Recall     (AR) @[ IoU=0.50:0.95 | area=   all | maxDets=100 ] = 0.643
 Average Recall     (AR) @[ IoU=0.50:0.95 | area= small | maxDets=100 ] = 0.643
 Average Recall     (AR) @[ IoU=0.50:0.95 | area=medium | maxDets=100 ] = -1.000
 Average Recall     (AR) @[ IoU=0.50:0.95 | area= large | maxDets=100 ] = -1.000
 Average Recall     (AR) @[ IoU=0.50      | area=   all | maxDets=100 ] = 1.000
 Average Recall     (AR) @[ IoU=0.75      | area=   all | maxDets=100 ] = 0.761
best_stat: {'epoch': 7, 'coco_eval_bbox': 0.34309877299178176}
Epoch: [8/30]  [ 0/45]  eta: 0:00:21  lr: 0.000100  loss: 20.4276 (20.4276)  loss_mal: 0.7336 (0.7336)  loss_bbox: 0.0402 (0.0402)  loss_giou: 0.4781 (0.4781)  loss_fgl: 1.2522 (1.2522)  loss_mal_aux_0: 0.9960 (0.9960)  loss_bbox_aux_0: 0.0444 (0.0444)  loss_giou_aux_0: 0.5283 (0.5283)  loss_fgl_aux_0: 1.2666 (1.2666)  loss_ddf_aux_0: 0.0937 (0.0937)  loss_mal_aux_1: 0.7659 (0.7659)  loss_bbox_aux_1: 0.0403 (0.0403)  loss_giou_aux_1: 0.4782 (0.4782)  loss_fgl_aux_1: 1.2530 (1.2530)  loss_ddf_aux_1: 0.0042 (0.0042)  loss_mal_pre: 1.0048 (1.0048)  loss_bbox_pre: 0.0444 (0.0444)  loss_giou_pre: 0.5319 (0.5319)  loss_mal_enc_0: 0.6893 (0.6893)  loss_bbox_enc_0: 0.1395 (0.1395)  loss_giou_enc_0: 1.5491 (1.5491)  loss_mal_dn_0: 0.7218 (0.7218)  loss_bbox_dn_0: 0.0389 (0.0389)  loss_giou_dn_0: 0.4803 (0.4803)  loss_fgl_dn_0: 1.2478 (1.2478)  loss_ddf_dn_0: 0.1494 (0.1494)  loss_mal_dn_1: 0.6605 (0.6605)  loss_bbox_dn_1: 0.0317 (0.0317)  loss_giou_dn_1: 0.4009 (0.4009)  loss_fgl_dn_1: 1.2132 (1.2132)  loss_ddf_dn_1: 0.0022 (0.0022)  loss_mal_dn_2: 0.6566 (0.6566)  loss_bbox_dn_2: 0.0315 (0.0315)  loss_giou_dn_2: 0.3993 (0.3993)  loss_fgl_dn_2: 1.2120 (1.2120)  loss_ddf_dn_2: -0.0000 (0.0000)  loss_mal_dn_pre: 0.7225 (0.7225)  loss_bbox_dn_pre: 0.0389 (0.0389)  loss_giou_dn_pre: 0.4813 (0.4813)  loss_size: 0.0052 (0.0052)  time: 0.4814  data: 0.2295  max mem: 5227
Epoch: [8/30]  [44/45]  eta: 0:00:00  lr: 0.000100  loss: 20.7509 (20.8801)  loss_mal: 0.7429 (0.7488)  loss_bbox: 0.0503 (0.0514)  loss_giou: 0.5532 (0.5762)  loss_fgl: 1.2247 (1.2293)  loss_mal_aux_0: 0.9675 (0.9671)  loss_bbox_aux_0: 0.0559 (0.0610)  loss_giou_aux_0: 0.6317 (0.6610)  loss_fgl_aux_0: 1.2130 (1.2130)  loss_ddf_aux_0: 0.0936 (0.0984)  loss_mal_aux_1: 0.7637 (0.7712)  loss_bbox_aux_1: 0.0492 (0.0525)  loss_giou_aux_1: 0.5588 (0.5848)  loss_fgl_aux_1: 1.2220 (1.2254)  loss_ddf_aux_1: 0.0046 (0.0054)  loss_mal_pre: 0.9664 (0.9608)  loss_bbox_pre: 0.0564 (0.0613)  loss_giou_pre: 0.6331 (0.6584)  loss_mal_enc_0: 0.6981 (0.7337)  loss_bbox_enc_0: 0.1582 (0.1557)  loss_giou_enc_0: 1.3832 (1.3751)  loss_mal_dn_0: 0.7300 (0.7294)  loss_bbox_dn_0: 0.0413 (0.0443)  loss_giou_dn_0: 0.5205 (0.5332)  loss_fgl_dn_0: 1.2472 (1.2513)  loss_ddf_dn_0: 0.1379 (0.1473)  loss_mal_dn_1: 0.6669 (0.6698)  loss_bbox_dn_1: 0.0318 (0.0333)  loss_giou_dn_1: 0.4083 (0.4217)  loss_fgl_dn_1: 1.2072 (1.2133)  loss_ddf_dn_1: 0.0028 (0.0025)  loss_mal_dn_2: 0.6659 (0.6654)  loss_bbox_dn_2: 0.0314 (0.0332)  loss_giou_dn_2: 0.4066 (0.4202)  loss_fgl_dn_2: 1.2075 (1.2130)  loss_ddf_dn_2: -0.0000 (0.0000)  loss_mal_dn_pre: 0.7281 (0.7283)  loss_bbox_dn_pre: 0.0413 (0.0442)  loss_giou_dn_pre: 0.5199 (0.5315)  loss_size: 0.0075 (0.0076)  time: 0.2358  data: 0.0116  max mem: 5227
Epoch: [8/30] Total time: 0:00:10 (0.2433 s / it)
Averaged stats: lr: 0.000100  loss: 20.7509 (20.8801)  loss_mal: 0.7429 (0.7488)  loss_bbox: 0.0503 (0.0514)  loss_giou: 0.5532 (0.5762)  loss_fgl: 1.2247 (1.2293)  loss_mal_aux_0: 0.9675 (0.9671)  loss_bbox_aux_0: 0.0559 (0.0610)  loss_giou_aux_0: 0.6317 (0.6610)  loss_fgl_aux_0: 1.2130 (1.2130)  loss_ddf_aux_0: 0.0936 (0.0984)  loss_mal_aux_1: 0.7637 (0.7712)  loss_bbox_aux_1: 0.0492 (0.0525)  loss_giou_aux_1: 0.5588 (0.5848)  loss_fgl_aux_1: 1.2220 (1.2254)  loss_ddf_aux_1: 0.0046 (0.0054)  loss_mal_pre: 0.9664 (0.9608)  loss_bbox_pre: 0.0564 (0.0613)  loss_giou_pre: 0.6331 (0.6584)  loss_mal_enc_0: 0.6981 (0.7337)  loss_bbox_enc_0: 0.1582 (0.1557)  loss_giou_enc_0: 1.3832 (1.3751)  loss_mal_dn_0: 0.7300 (0.7294)  loss_bbox_dn_0: 0.0413 (0.0443)  loss_giou_dn_0: 0.5205 (0.5332)  loss_fgl_dn_0: 1.2472 (1.2513)  loss_ddf_dn_0: 0.1379 (0.1473)  loss_mal_dn_1: 0.6669 (0.6698)  loss_bbox_dn_1: 0.0318 (0.0333)  loss_giou_dn_1: 0.4083 (0.4217)  loss_fgl_dn_1: 1.2072 (1.2133)  loss_ddf_dn_1: 0.0028 (0.0025)  loss_mal_dn_2: 0.6659 (0.6654)  loss_bbox_dn_2: 0.0314 (0.0332)  loss_giou_dn_2: 0.4066 (0.4202)  loss_fgl_dn_2: 1.2075 (1.2130)  loss_ddf_dn_2: -0.0000 (0.0000)  loss_mal_dn_pre: 0.7281 (0.7283)  loss_bbox_dn_pre: 0.0413 (0.0442)  loss_giou_dn_pre: 0.5199 (0.5315)  loss_size: 0.0075 (0.0076)
Test:  [0/8]  eta: 0:00:02    time: 0.2878  data: 0.2314  max mem: 5227
Test:  [7/8]  eta: 0:00:00    time: 0.1214  data: 0.0426  max mem: 5227
Test: Total time: 0:00:01 (0.1265 s / it)
Metrics: {'f1': 0.8808664259927798, 'precision': 0.9037037037037037, 'recall': 0.8591549295774648, 'iou': 0.5577190564524743, 'TPs': 122, 'FPs': 13, 'FNs': 20}
Averaged stats: 
Accumulating evaluation results...
COCOeval_opt.accumulate() finished...
DONE (t=0.01s).
IoU metric: bbox
 Average Precision  (AP) @[ IoU=0.50:0.95 | area=   all | maxDets=100 ] = 0.347
 Average Precision  (AP) @[ IoU=0.50      | area=   all | maxDets=100 ] = 0.904
 Average Precision  (AP) @[ IoU=0.75      | area=   all | maxDets=100 ] = 0.148
 Average Precision  (AP) @[ IoU=0.50:0.95 | area= small | maxDets=100 ] = 0.347
 Average Precision  (AP) @[ IoU=0.50:0.95 | area=medium | maxDets=100 ] = -1.000
 Average Precision  (AP) @[ IoU=0.50:0.95 | area= large | maxDets=100 ] = -1.000
 Average Recall     (AR) @[ IoU=0.50:0.95 | area=   all | maxDets=  1 ] = 0.201
 Average Recall     (AR) @[ IoU=0.50:0.95 | area=   all | maxDets= 10 ] = 0.481
 Average Recall     (AR) @[ IoU=0.50:0.95 | area=   all | maxDets=100 ] = 0.627
 Average Recall     (AR) @[ IoU=0.50:0.95 | area= small | maxDets=100 ] = 0.627
 Average Recall     (AR) @[ IoU=0.50:0.95 | area=medium | maxDets=100 ] = -1.000
 Average Recall     (AR) @[ IoU=0.50:0.95 | area= large | maxDets=100 ] = -1.000
 Average Recall     (AR) @[ IoU=0.50      | area=   all | maxDets=100 ] = 0.979
 Average Recall     (AR) @[ IoU=0.75      | area=   all | maxDets=100 ] = 0.704
best_stat: {'epoch': 8, 'coco_eval_bbox': 0.34718816555100407}
Epoch: [9/30]  [ 0/45]  eta: 0:00:23  lr: 0.000100  loss: 19.8822 (19.8822)  loss_mal: 0.7395 (0.7395)  loss_bbox: 0.0371 (0.0371)  loss_giou: 0.4123 (0.4123)  loss_fgl: 1.2646 (1.2646)  loss_mal_aux_0: 0.9849 (0.9849)  loss_bbox_aux_0: 0.0430 (0.0430)  loss_giou_aux_0: 0.5078 (0.5078)  loss_fgl_aux_0: 1.2697 (1.2697)  loss_ddf_aux_0: 0.0940 (0.0940)  loss_mal_aux_1: 0.8155 (0.8155)  loss_bbox_aux_1: 0.0374 (0.0374)  loss_giou_aux_1: 0.4167 (0.4167)  loss_fgl_aux_1: 1.2627 (1.2627)  loss_ddf_aux_1: 0.0031 (0.0031)  loss_mal_pre: 1.0080 (1.0080)  loss_bbox_pre: 0.0421 (0.0421)  loss_giou_pre: 0.5054 (0.5054)  loss_mal_enc_0: 0.6783 (0.6783)  loss_bbox_enc_0: 0.1415 (0.1415)  loss_giou_enc_0: 1.4168 (1.4168)  loss_mal_dn_0: 0.7226 (0.7226)  loss_bbox_dn_0: 0.0358 (0.0358)  loss_giou_dn_0: 0.4269 (0.4269)  loss_fgl_dn_0: 1.2536 (1.2536)  loss_ddf_dn_0: 0.1423 (0.1423)  loss_mal_dn_1: 0.6312 (0.6312)  loss_bbox_dn_1: 0.0289 (0.0289)  loss_giou_dn_1: 0.3455 (0.3455)  loss_fgl_dn_1: 1.2130 (1.2130)  loss_ddf_dn_1: 0.0021 (0.0021)  loss_mal_dn_2: 0.6259 (0.6259)  loss_bbox_dn_2: 0.0286 (0.0286)  loss_giou_dn_2: 0.3420 (0.3420)  loss_fgl_dn_2: 1.2111 (1.2111)  loss_ddf_dn_2: -0.0000 (0.0000)  loss_mal_dn_pre: 0.7259 (0.7259)  loss_bbox_dn_pre: 0.0357 (0.0357)  loss_giou_dn_pre: 0.4268 (0.4268)  loss_size: 0.0040 (0.0040)  time: 0.5141  data: 0.2649  max mem: 5227
Epoch: [9/30]  [44/45]  eta: 0:00:00  lr: 0.000100  loss: 20.2899 (20.5574)  loss_mal: 0.7222 (0.7334)  loss_bbox: 0.0437 (0.0517)  loss_giou: 0.5261 (0.5531)  loss_fgl: 1.2430 (1.2376)  loss_mal_aux_0: 0.9728 (0.9550)  loss_bbox_aux_0: 0.0525 (0.0579)  loss_giou_aux_0: 0.6052 (0.6172)  loss_fgl_aux_0: 1.2493 (1.2312)  loss_ddf_aux_0: 0.1037 (0.0928)  loss_mal_aux_1: 0.7527 (0.7611)  loss_bbox_aux_1: 0.0440 (0.0528)  loss_giou_aux_1: 0.5213 (0.5596)  loss_fgl_aux_1: 1.2432 (1.2350)  loss_ddf_aux_1: 0.0034 (0.0036)  loss_mal_pre: 0.9619 (0.9455)  loss_bbox_pre: 0.0523 (0.0575)  loss_giou_pre: 0.6007 (0.6145)  loss_mal_enc_0: 0.8602 (0.8260)  loss_bbox_enc_0: 0.1217 (0.1362)  loss_giou_enc_0: 1.1452 (1.2192)  loss_mal_dn_0: 0.7248 (0.7270)  loss_bbox_dn_0: 0.0412 (0.0428)  loss_giou_dn_0: 0.5044 (0.5148)  loss_fgl_dn_0: 1.2503 (1.2541)  loss_ddf_dn_0: 0.1526 (0.1559)  loss_mal_dn_1: 0.6588 (0.6636)  loss_bbox_dn_1: 0.0313 (0.0323)  loss_giou_dn_1: 0.4015 (0.4087)  loss_fgl_dn_1: 1.2051 (1.2120)  loss_ddf_dn_1: 0.0025 (0.0025)  loss_mal_dn_2: 0.6553 (0.6606)  loss_bbox_dn_2: 0.0311 (0.0322)  loss_giou_dn_2: 0.3994 (0.4076)  loss_fgl_dn_2: 1.2056 (1.2117)  loss_ddf_dn_2: -0.0000 (0.0000)  loss_mal_dn_pre: 0.7243 (0.7265)  loss_bbox_dn_pre: 0.0412 (0.0427)  loss_giou_dn_pre: 0.5023 (0.5140)  loss_size: 0.0068 (0.0074)  time: 0.2417  data: 0.0118  max mem: 5227
Epoch: [9/30] Total time: 0:00:11 (0.2475 s / it)
Averaged stats: lr: 0.000100  loss: 20.2899 (20.5574)  loss_mal: 0.7222 (0.7334)  loss_bbox: 0.0437 (0.0517)  loss_giou: 0.5261 (0.5531)  loss_fgl: 1.2430 (1.2376)  loss_mal_aux_0: 0.9728 (0.9550)  loss_bbox_aux_0: 0.0525 (0.0579)  loss_giou_aux_0: 0.6052 (0.6172)  loss_fgl_aux_0: 1.2493 (1.2312)  loss_ddf_aux_0: 0.1037 (0.0928)  loss_mal_aux_1: 0.7527 (0.7611)  loss_bbox_aux_1: 0.0440 (0.0528)  loss_giou_aux_1: 0.5213 (0.5596)  loss_fgl_aux_1: 1.2432 (1.2350)  loss_ddf_aux_1: 0.0034 (0.0036)  loss_mal_pre: 0.9619 (0.9455)  loss_bbox_pre: 0.0523 (0.0575)  loss_giou_pre: 0.6007 (0.6145)  loss_mal_enc_0: 0.8602 (0.8260)  loss_bbox_enc_0: 0.1217 (0.1362)  loss_giou_enc_0: 1.1452 (1.2192)  loss_mal_dn_0: 0.7248 (0.7270)  loss_bbox_dn_0: 0.0412 (0.0428)  loss_giou_dn_0: 0.5044 (0.5148)  loss_fgl_dn_0: 1.2503 (1.2541)  loss_ddf_dn_0: 0.1526 (0.1559)  loss_mal_dn_1: 0.6588 (0.6636)  loss_bbox_dn_1: 0.0313 (0.0323)  loss_giou_dn_1: 0.4015 (0.4087)  loss_fgl_dn_1: 1.2051 (1.2120)  loss_ddf_dn_1: 0.0025 (0.0025)  loss_mal_dn_2: 0.6553 (0.6606)  loss_bbox_dn_2: 0.0311 (0.0322)  loss_giou_dn_2: 0.3994 (0.4076)  loss_fgl_dn_2: 1.2056 (1.2117)  loss_ddf_dn_2: -0.0000 (0.0000)  loss_mal_dn_pre: 0.7243 (0.7265)  loss_bbox_dn_pre: 0.0412 (0.0427)  loss_giou_dn_pre: 0.5023 (0.5140)  loss_size: 0.0068 (0.0074)
Test:  [0/8]  eta: 0:00:02    time: 0.3073  data: 0.2500  max mem: 5227
Test:  [7/8]  eta: 0:00:00    time: 0.1001  data: 0.0445  max mem: 5227
Test: Total time: 0:00:00 (0.1049 s / it)
Metrics: {'f1': 0.8741258741258742, 'precision': 0.8680555555555556, 'recall': 0.8802816901408451, 'iou': 0.5506232943594086, 'TPs': 125, 'FPs': 19, 'FNs': 17}
Averaged stats: 
Accumulating evaluation results...
COCOeval_opt.accumulate() finished...
DONE (t=0.01s).
IoU metric: bbox
 Average Precision  (AP) @[ IoU=0.50:0.95 | area=   all | maxDets=100 ] = 0.345
 Average Precision  (AP) @[ IoU=0.50      | area=   all | maxDets=100 ] = 0.892
 Average Precision  (AP) @[ IoU=0.75      | area=   all | maxDets=100 ] = 0.139
 Average Precision  (AP) @[ IoU=0.50:0.95 | area= small | maxDets=100 ] = 0.345
 Average Precision  (AP) @[ IoU=0.50:0.95 | area=medium | maxDets=100 ] = -1.000
 Average Precision  (AP) @[ IoU=0.50:0.95 | area= large | maxDets=100 ] = -1.000
 Average Recall     (AR) @[ IoU=0.50:0.95 | area=   all | maxDets=  1 ] = 0.197
 Average Recall     (AR) @[ IoU=0.50:0.95 | area=   all | maxDets= 10 ] = 0.490
 Average Recall     (AR) @[ IoU=0.50:0.95 | area=   all | maxDets=100 ] = 0.634
 Average Recall     (AR) @[ IoU=0.50:0.95 | area= small | maxDets=100 ] = 0.634
 Average Recall     (AR) @[ IoU=0.50:0.95 | area=medium | maxDets=100 ] = -1.000
 Average Recall     (AR) @[ IoU=0.50:0.95 | area= large | maxDets=100 ] = -1.000
 Average Recall     (AR) @[ IoU=0.50      | area=   all | maxDets=100 ] = 1.000
 Average Recall     (AR) @[ IoU=0.75      | area=   all | maxDets=100 ] = 0.697
best_stat: {'epoch': 8, 'coco_eval_bbox': 0.34718816555100407}
Epoch: [10/30]  [ 0/45]  eta: 0:00:22  lr: 0.000100  loss: 20.0552 (20.0552)  loss_mal: 0.7467 (0.7467)  loss_bbox: 0.0452 (0.0452)  loss_giou: 0.4609 (0.4609)  loss_fgl: 1.2702 (1.2702)  loss_mal_aux_0: 0.9668 (0.9668)  loss_bbox_aux_0: 0.0488 (0.0488)  loss_giou_aux_0: 0.5063 (0.5063)  loss_fgl_aux_0: 1.2821 (1.2821)  loss_ddf_aux_0: 0.0901 (0.0901)  loss_mal_aux_1: 0.7645 (0.7645)  loss_bbox_aux_1: 0.0457 (0.0457)  loss_giou_aux_1: 0.4637 (0.4637)  loss_fgl_aux_1: 1.2733 (1.2733)  loss_ddf_aux_1: 0.0036 (0.0036)  loss_mal_pre: 1.0186 (1.0186)  loss_bbox_pre: 0.0482 (0.0482)  loss_giou_pre: 0.4988 (0.4988)  loss_mal_enc_0: 0.9317 (0.9317)  loss_bbox_enc_0: 0.1138 (0.1138)  loss_giou_enc_0: 1.1106 (1.1106)  loss_mal_dn_0: 0.7045 (0.7045)  loss_bbox_dn_0: 0.0427 (0.0427)  loss_giou_dn_0: 0.4668 (0.4668)  loss_fgl_dn_0: 1.2701 (1.2701)  loss_ddf_dn_0: 0.1420 (0.1420)  loss_mal_dn_1: 0.6380 (0.6380)  loss_bbox_dn_1: 0.0327 (0.0327)  loss_giou_dn_1: 0.3723 (0.3723)  loss_fgl_dn_1: 1.2189 (1.2189)  loss_ddf_dn_1: 0.0022 (0.0022)  loss_mal_dn_2: 0.6366 (0.6366)  loss_bbox_dn_2: 0.0325 (0.0325)  loss_giou_dn_2: 0.3695 (0.3695)  loss_fgl_dn_2: 1.2174 (1.2174)  loss_ddf_dn_2: -0.0000 (0.0000)  loss_mal_dn_pre: 0.7047 (0.7047)  loss_bbox_dn_pre: 0.0426 (0.0426)  loss_giou_dn_pre: 0.4656 (0.4656)  loss_size: 0.0066 (0.0066)  time: 0.4907  data: 0.2467  max mem: 5227
Epoch: [10/30]  [44/45]  eta: 0:00:00  lr: 0.000100  loss: 20.3715 (20.3248)  loss_mal: 0.7104 (0.7263)  loss_bbox: 0.0467 (0.0463)  loss_giou: 0.5395 (0.5274)  loss_fgl: 1.2509 (1.2393)  loss_mal_aux_0: 0.9380 (0.9652)  loss_bbox_aux_0: 0.0493 (0.0512)  loss_giou_aux_0: 0.5776 (0.5802)  loss_fgl_aux_0: 1.2543 (1.2374)  loss_ddf_aux_0: 0.0572 (0.0671)  loss_mal_aux_1: 0.7393 (0.7489)  loss_bbox_aux_1: 0.0467 (0.0470)  loss_giou_aux_1: 0.5462 (0.5311)  loss_fgl_aux_1: 1.2504 (1.2378)  loss_ddf_aux_1: 0.0024 (0.0032)  loss_mal_pre: 0.9411 (0.9621)  loss_bbox_pre: 0.0491 (0.0505)  loss_giou_pre: 0.5754 (0.5767)  loss_mal_enc_0: 0.7614 (0.8262)  loss_bbox_enc_0: 0.1163 (0.1243)  loss_giou_enc_0: 1.2010 (1.2044)  loss_mal_dn_0: 0.7269 (0.7262)  loss_bbox_dn_0: 0.0433 (0.0425)  loss_giou_dn_0: 0.5029 (0.5088)  loss_fgl_dn_0: 1.2455 (1.2509)  loss_ddf_dn_0: 0.1513 (0.1629)  loss_mal_dn_1: 0.6599 (0.6588)  loss_bbox_dn_1: 0.0321 (0.0320)  loss_giou_dn_1: 0.4014 (0.4022)  loss_fgl_dn_1: 1.1984 (1.2060)  loss_ddf_dn_1: 0.0027 (0.0028)  loss_mal_dn_2: 0.6582 (0.6558)  loss_bbox_dn_2: 0.0321 (0.0319)  loss_giou_dn_2: 0.4022 (0.4020)  loss_fgl_dn_2: 1.1975 (1.2062)  loss_ddf_dn_2: -0.0000 (0.0000)  loss_mal_dn_pre: 0.7244 (0.7256)  loss_bbox_dn_pre: 0.0428 (0.0424)  loss_giou_dn_pre: 0.5060 (0.5076)  loss_size: 0.0071 (0.0076)  time: 0.2393  data: 0.0117  max mem: 5227
Epoch: [10/30] Total time: 0:00:11 (0.2462 s / it)
Averaged stats: lr: 0.000100  loss: 20.3715 (20.3248)  loss_mal: 0.7104 (0.7263)  loss_bbox: 0.0467 (0.0463)  loss_giou: 0.5395 (0.5274)  loss_fgl: 1.2509 (1.2393)  loss_mal_aux_0: 0.9380 (0.9652)  loss_bbox_aux_0: 0.0493 (0.0512)  loss_giou_aux_0: 0.5776 (0.5802)  loss_fgl_aux_0: 1.2543 (1.2374)  loss_ddf_aux_0: 0.0572 (0.0671)  loss_mal_aux_1: 0.7393 (0.7489)  loss_bbox_aux_1: 0.0467 (0.0470)  loss_giou_aux_1: 0.5462 (0.5311)  loss_fgl_aux_1: 1.2504 (1.2378)  loss_ddf_aux_1: 0.0024 (0.0032)  loss_mal_pre: 0.9411 (0.9621)  loss_bbox_pre: 0.0491 (0.0505)  loss_giou_pre: 0.5754 (0.5767)  loss_mal_enc_0: 0.7614 (0.8262)  loss_bbox_enc_0: 0.1163 (0.1243)  loss_giou_enc_0: 1.2010 (1.2044)  loss_mal_dn_0: 0.7269 (0.7262)  loss_bbox_dn_0: 0.0433 (0.0425)  loss_giou_dn_0: 0.5029 (0.5088)  loss_fgl_dn_0: 1.2455 (1.2509)  loss_ddf_dn_0: 0.1513 (0.1629)  loss_mal_dn_1: 0.6599 (0.6588)  loss_bbox_dn_1: 0.0321 (0.0320)  loss_giou_dn_1: 0.4014 (0.4022)  loss_fgl_dn_1: 1.1984 (1.2060)  loss_ddf_dn_1: 0.0027 (0.0028)  loss_mal_dn_2: 0.6582 (0.6558)  loss_bbox_dn_2: 0.0321 (0.0319)  loss_giou_dn_2: 0.4022 (0.4020)  loss_fgl_dn_2: 1.1975 (1.2062)  loss_ddf_dn_2: -0.0000 (0.0000)  loss_mal_dn_pre: 0.7244 (0.7256)  loss_bbox_dn_pre: 0.0428 (0.0424)  loss_giou_dn_pre: 0.5060 (0.5076)  loss_size: 0.0071 (0.0076)
Test:  [0/8]  eta: 0:00:02    time: 0.3100  data: 0.2530  max mem: 5227
Test:  [7/8]  eta: 0:00:00    time: 0.1224  data: 0.0443  max mem: 5227
Test: Total time: 0:00:01 (0.1273 s / it)
Metrics: {'f1': 0.9103448275862069, 'precision': 0.8918918918918919, 'recall': 0.9295774647887324, 'iou': 0.593677518111241, 'TPs': 132, 'FPs': 16, 'FNs': 10}
Averaged stats: 
Accumulating evaluation results...
COCOeval_opt.accumulate() finished...
DONE (t=0.01s).
IoU metric: bbox
 Average Precision  (AP) @[ IoU=0.50:0.95 | area=   all | maxDets=100 ] = 0.357
 Average Precision  (AP) @[ IoU=0.50      | area=   all | maxDets=100 ] = 0.902
 Average Precision  (AP) @[ IoU=0.75      | area=   all | maxDets=100 ] = 0.149
 Average Precision  (AP) @[ IoU=0.50:0.95 | area= small | maxDets=100 ] = 0.357
 Average Precision  (AP) @[ IoU=0.50:0.95 | area=medium | maxDets=100 ] = -1.000
 Average Precision  (AP) @[ IoU=0.50:0.95 | area= large | maxDets=100 ] = -1.000
 Average Recall     (AR) @[ IoU=0.50:0.95 | area=   all | maxDets=  1 ] = 0.215
 Average Recall     (AR) @[ IoU=0.50:0.95 | area=   all | maxDets= 10 ] = 0.497
 Average Recall     (AR) @[ IoU=0.50:0.95 | area=   all | maxDets=100 ] = 0.646
 Average Recall     (AR) @[ IoU=0.50:0.95 | area= small | maxDets=100 ] = 0.646
 Average Recall     (AR) @[ IoU=0.50:0.95 | area=medium | maxDets=100 ] = -1.000
 Average Recall     (AR) @[ IoU=0.50:0.95 | area= large | maxDets=100 ] = -1.000
 Average Recall     (AR) @[ IoU=0.50      | area=   all | maxDets=100 ] = 0.993
 Average Recall     (AR) @[ IoU=0.75      | area=   all | maxDets=100 ] = 0.732
best_stat: {'epoch': 10, 'coco_eval_bbox': 0.35710104075507537}
Epoch: [11/30]  [ 0/45]  eta: 0:00:22  lr: 0.000100  loss: 20.1282 (20.1282)  loss_mal: 0.7056 (0.7056)  loss_bbox: 0.0478 (0.0478)  loss_giou: 0.5006 (0.5006)  loss_fgl: 1.2587 (1.2587)  loss_mal_aux_0: 0.9707 (0.9707)  loss_bbox_aux_0: 0.0518 (0.0518)  loss_giou_aux_0: 0.5469 (0.5469)  loss_fgl_aux_0: 1.2639 (1.2639)  loss_ddf_aux_0: 0.0475 (0.0475)  loss_mal_aux_1: 0.7465 (0.7465)  loss_bbox_aux_1: 0.0480 (0.0480)  loss_giou_aux_1: 0.5020 (0.5020)  loss_fgl_aux_1: 1.2582 (1.2582)  loss_ddf_aux_1: 0.0020 (0.0020)  loss_mal_pre: 0.9633 (0.9633)  loss_bbox_pre: 0.0519 (0.0519)  loss_giou_pre: 0.5444 (0.5444)  loss_mal_enc_0: 0.8530 (0.8530)  loss_bbox_enc_0: 0.0998 (0.0998)  loss_giou_enc_0: 1.0571 (1.0571)  loss_mal_dn_0: 0.7211 (0.7211)  loss_bbox_dn_0: 0.0462 (0.0462)  loss_giou_dn_0: 0.5191 (0.5191)  loss_fgl_dn_0: 1.2667 (1.2667)  loss_ddf_dn_0: 0.1554 (0.1554)  loss_mal_dn_1: 0.6530 (0.6530)  loss_bbox_dn_1: 0.0337 (0.0337)  loss_giou_dn_1: 0.3971 (0.3971)  loss_fgl_dn_1: 1.2166 (1.2166)  loss_ddf_dn_1: 0.0031 (0.0031)  loss_mal_dn_2: 0.6561 (0.6561)  loss_bbox_dn_2: 0.0338 (0.0338)  loss_giou_dn_2: 0.3987 (0.3987)  loss_fgl_dn_2: 1.2193 (1.2193)  loss_ddf_dn_2: -0.0000 (0.0000)  loss_mal_dn_pre: 0.7212 (0.7212)  loss_bbox_dn_pre: 0.0458 (0.0458)  loss_giou_dn_pre: 0.5157 (0.5157)  loss_size: 0.0057 (0.0057)  time: 0.4960  data: 0.2545  max mem: 5227
Epoch: [11/30]  [44/45]  eta: 0:00:00  lr: 0.000100  loss: 20.1303 (20.0362)  loss_mal: 0.7028 (0.7027)  loss_bbox: 0.0428 (0.0495)  loss_giou: 0.5070 (0.5136)  loss_fgl: 1.2545 (1.2446)  loss_mal_aux_0: 0.9537 (0.9661)  loss_bbox_aux_0: 0.0454 (0.0530)  loss_giou_aux_0: 0.5538 (0.5487)  loss_fgl_aux_0: 1.2529 (1.2439)  loss_ddf_aux_0: 0.0498 (0.0509)  loss_mal_aux_1: 0.7209 (0.7304)  loss_bbox_aux_1: 0.0431 (0.0495)  loss_giou_aux_1: 0.5116 (0.5155)  loss_fgl_aux_1: 1.2521 (1.2439)  loss_ddf_aux_1: 0.0022 (0.0024)  loss_mal_pre: 0.9390 (0.9588)  loss_bbox_pre: 0.0454 (0.0518)  loss_giou_pre: 0.5508 (0.5469)  loss_mal_enc_0: 0.9712 (0.9371)  loss_bbox_enc_0: 0.0857 (0.1001)  loss_giou_enc_0: 1.0066 (1.0647)  loss_mal_dn_0: 0.7185 (0.7189)  loss_bbox_dn_0: 0.0404 (0.0407)  loss_giou_dn_0: 0.4908 (0.4904)  loss_fgl_dn_0: 1.2520 (1.2538)  loss_ddf_dn_0: 0.1416 (0.1502)  loss_mal_dn_1: 0.6607 (0.6521)  loss_bbox_dn_1: 0.0307 (0.0307)  loss_giou_dn_1: 0.4018 (0.3895)  loss_fgl_dn_1: 1.2069 (1.2056)  loss_ddf_dn_1: 0.0022 (0.0025)  loss_mal_dn_2: 0.6541 (0.6489)  loss_bbox_dn_2: 0.0305 (0.0306)  loss_giou_dn_2: 0.3988 (0.3883)  loss_fgl_dn_2: 1.2069 (1.2054)  loss_ddf_dn_2: -0.0000 (0.0000)  loss_mal_dn_pre: 0.7168 (0.7178)  loss_bbox_dn_pre: 0.0406 (0.0406)  loss_giou_dn_pre: 0.4925 (0.4892)  loss_size: 0.0069 (0.0070)  time: 0.2374  data: 0.0117  max mem: 5227
Epoch: [11/30] Total time: 0:00:11 (0.2458 s / it)
Averaged stats: lr: 0.000100  loss: 20.1303 (20.0362)  loss_mal: 0.7028 (0.7027)  loss_bbox: 0.0428 (0.0495)  loss_giou: 0.5070 (0.5136)  loss_fgl: 1.2545 (1.2446)  loss_mal_aux_0: 0.9537 (0.9661)  loss_bbox_aux_0: 0.0454 (0.0530)  loss_giou_aux_0: 0.5538 (0.5487)  loss_fgl_aux_0: 1.2529 (1.2439)  loss_ddf_aux_0: 0.0498 (0.0509)  loss_mal_aux_1: 0.7209 (0.7304)  loss_bbox_aux_1: 0.0431 (0.0495)  loss_giou_aux_1: 0.5116 (0.5155)  loss_fgl_aux_1: 1.2521 (1.2439)  loss_ddf_aux_1: 0.0022 (0.0024)  loss_mal_pre: 0.9390 (0.9588)  loss_bbox_pre: 0.0454 (0.0518)  loss_giou_pre: 0.5508 (0.5469)  loss_mal_enc_0: 0.9712 (0.9371)  loss_bbox_enc_0: 0.0857 (0.1001)  loss_giou_enc_0: 1.0066 (1.0647)  loss_mal_dn_0: 0.7185 (0.7189)  loss_bbox_dn_0: 0.0404 (0.0407)  loss_giou_dn_0: 0.4908 (0.4904)  loss_fgl_dn_0: 1.2520 (1.2538)  loss_ddf_dn_0: 0.1416 (0.1502)  loss_mal_dn_1: 0.6607 (0.6521)  loss_bbox_dn_1: 0.0307 (0.0307)  loss_giou_dn_1: 0.4018 (0.3895)  loss_fgl_dn_1: 1.2069 (1.2056)  loss_ddf_dn_1: 0.0022 (0.0025)  loss_mal_dn_2: 0.6541 (0.6489)  loss_bbox_dn_2: 0.0305 (0.0306)  loss_giou_dn_2: 0.3988 (0.3883)  loss_fgl_dn_2: 1.2069 (1.2054)  loss_ddf_dn_2: -0.0000 (0.0000)  loss_mal_dn_pre: 0.7168 (0.7178)  loss_bbox_dn_pre: 0.0406 (0.0406)  loss_giou_dn_pre: 0.4925 (0.4892)  loss_size: 0.0069 (0.0070)
Test:  [0/8]  eta: 0:00:02    time: 0.3046  data: 0.2476  max mem: 5227
Test:  [7/8]  eta: 0:00:00    time: 0.0984  data: 0.0432  max mem: 5227
Test: Total time: 0:00:00 (0.1031 s / it)
Metrics: {'f1': 0.926829268292683, 'precision': 0.9172413793103448, 'recall': 0.9366197183098591, 'iou': 0.6106791070529393, 'TPs': 133, 'FPs': 12, 'FNs': 9}
Averaged stats: 
Accumulating evaluation results...
COCOeval_opt.accumulate() finished...
DONE (t=0.01s).
IoU metric: bbox
 Average Precision  (AP) @[ IoU=0.50:0.95 | area=   all | maxDets=100 ] = 0.351
 Average Precision  (AP) @[ IoU=0.50      | area=   all | maxDets=100 ] = 0.908
 Average Precision  (AP) @[ IoU=0.75      | area=   all | maxDets=100 ] = 0.132
 Average Precision  (AP) @[ IoU=0.50:0.95 | area= small | maxDets=100 ] = 0.351
 Average Precision  (AP) @[ IoU=0.50:0.95 | area=medium | maxDets=100 ] = -1.000
 Average Precision  (AP) @[ IoU=0.50:0.95 | area= large | maxDets=100 ] = -1.000
 Average Recall     (AR) @[ IoU=0.50:0.95 | area=   all | maxDets=  1 ] = 0.191
 Average Recall     (AR) @[ IoU=0.50:0.95 | area=   all | maxDets= 10 ] = 0.488
 Average Recall     (AR) @[ IoU=0.50:0.95 | area=   all | maxDets=100 ] = 0.621
 Average Recall     (AR) @[ IoU=0.50:0.95 | area= small | maxDets=100 ] = 0.621
 Average Recall     (AR) @[ IoU=0.50:0.95 | area=medium | maxDets=100 ] = -1.000
 Average Recall     (AR) @[ IoU=0.50:0.95 | area= large | maxDets=100 ] = -1.000
 Average Recall     (AR) @[ IoU=0.50      | area=   all | maxDets=100 ] = 0.986
 Average Recall     (AR) @[ IoU=0.75      | area=   all | maxDets=100 ] = 0.655
best_stat: {'epoch': 10, 'coco_eval_bbox': 0.35710104075507537}
Epoch: [12/30]  [ 0/45]  eta: 0:00:21  lr: 0.000100  loss: 19.7164 (19.7164)  loss_mal: 0.7076 (0.7076)  loss_bbox: 0.0453 (0.0453)  loss_giou: 0.5321 (0.5321)  loss_fgl: 1.2520 (1.2520)  loss_mal_aux_0: 0.8775 (0.8775)  loss_bbox_aux_0: 0.0464 (0.0464)  loss_giou_aux_0: 0.5477 (0.5477)  loss_fgl_aux_0: 1.2472 (1.2472)  loss_ddf_aux_0: 0.0415 (0.0415)  loss_mal_aux_1: 0.7107 (0.7107)  loss_bbox_aux_1: 0.0452 (0.0452)  loss_giou_aux_1: 0.5310 (0.5310)  loss_fgl_aux_1: 1.2517 (1.2517)  loss_ddf_aux_1: 0.0016 (0.0016)  loss_mal_pre: 0.8684 (0.8684)  loss_bbox_pre: 0.0467 (0.0467)  loss_giou_pre: 0.5495 (0.5495)  loss_mal_enc_0: 0.9467 (0.9467)  loss_bbox_enc_0: 0.0821 (0.0821)  loss_giou_enc_0: 0.9294 (0.9294)  loss_mal_dn_0: 0.7203 (0.7203)  loss_bbox_dn_0: 0.0389 (0.0389)  loss_giou_dn_0: 0.4806 (0.4806)  loss_fgl_dn_0: 1.2547 (1.2547)  loss_ddf_dn_0: 0.1580 (0.1580)  loss_mal_dn_1: 0.6527 (0.6527)  loss_bbox_dn_1: 0.0294 (0.0294)  loss_giou_dn_1: 0.3834 (0.3834)  loss_fgl_dn_1: 1.2096 (1.2096)  loss_ddf_dn_1: 0.0034 (0.0034)  loss_mal_dn_2: 0.6509 (0.6509)  loss_bbox_dn_2: 0.0297 (0.0297)  loss_giou_dn_2: 0.3854 (0.3854)  loss_fgl_dn_2: 1.2115 (1.2115)  loss_ddf_dn_2: -0.0000 (0.0000)  loss_mal_dn_pre: 0.7204 (0.7204)  loss_bbox_dn_pre: 0.0389 (0.0389)  loss_giou_dn_pre: 0.4807 (0.4807)  loss_size: 0.0074 (0.0074)  time: 0.4849  data: 0.2439  max mem: 5227
Epoch: [12/30]  [44/45]  eta: 0:00:00  lr: 0.000100  loss: 19.7403 (19.8292)  loss_mal: 0.6951 (0.7045)  loss_bbox: 0.0415 (0.0423)  loss_giou: 0.4854 (0.4927)  loss_fgl: 1.2514 (1.2449)  loss_mal_aux_0: 0.9341 (0.9331)  loss_bbox_aux_0: 0.0458 (0.0458)  loss_giou_aux_0: 0.5221 (0.5347)  loss_fgl_aux_0: 1.2557 (1.2484)  loss_ddf_aux_0: 0.0463 (0.0524)  loss_mal_aux_1: 0.7215 (0.7336)  loss_bbox_aux_1: 0.0408 (0.0425)  loss_giou_aux_1: 0.4865 (0.4953)  loss_fgl_aux_1: 1.2493 (1.2444)  loss_ddf_aux_1: 0.0023 (0.0027)  loss_mal_pre: 0.9344 (0.9296)  loss_bbox_pre: 0.0454 (0.0457)  loss_giou_pre: 0.5241 (0.5328)  loss_mal_enc_0: 0.9975 (0.9828)  loss_bbox_enc_0: 0.0814 (0.0893)  loss_giou_enc_0: 0.9339 (1.0033)  loss_mal_dn_0: 0.7103 (0.7139)  loss_bbox_dn_0: 0.0412 (0.0405)  loss_giou_dn_0: 0.4796 (0.4892)  loss_fgl_dn_0: 1.2534 (1.2524)  loss_ddf_dn_0: 0.1652 (0.1612)  loss_mal_dn_1: 0.6419 (0.6482)  loss_bbox_dn_1: 0.0303 (0.0301)  loss_giou_dn_1: 0.3712 (0.3829)  loss_fgl_dn_1: 1.1962 (1.2007)  loss_ddf_dn_1: 0.0030 (0.0030)  loss_mal_dn_2: 0.6401 (0.6454)  loss_bbox_dn_2: 0.0298 (0.0301)  loss_giou_dn_2: 0.3720 (0.3819)  loss_fgl_dn_2: 1.1955 (1.2006)  loss_ddf_dn_2: -0.0000 (0.0000)  loss_mal_dn_pre: 0.7092 (0.7135)  loss_bbox_dn_pre: 0.0409 (0.0404)  loss_giou_dn_pre: 0.4800 (0.4881)  loss_size: 0.0056 (0.0063)  time: 0.2367  data: 0.0116  max mem: 5227
Epoch: [12/30] Total time: 0:00:11 (0.2451 s / it)
Averaged stats: lr: 0.000100  loss: 19.7403 (19.8292)  loss_mal: 0.6951 (0.7045)  loss_bbox: 0.0415 (0.0423)  loss_giou: 0.4854 (0.4927)  loss_fgl: 1.2514 (1.2449)  loss_mal_aux_0: 0.9341 (0.9331)  loss_bbox_aux_0: 0.0458 (0.0458)  loss_giou_aux_0: 0.5221 (0.5347)  loss_fgl_aux_0: 1.2557 (1.2484)  loss_ddf_aux_0: 0.0463 (0.0524)  loss_mal_aux_1: 0.7215 (0.7336)  loss_bbox_aux_1: 0.0408 (0.0425)  loss_giou_aux_1: 0.4865 (0.4953)  loss_fgl_aux_1: 1.2493 (1.2444)  loss_ddf_aux_1: 0.0023 (0.0027)  loss_mal_pre: 0.9344 (0.9296)  loss_bbox_pre: 0.0454 (0.0457)  loss_giou_pre: 0.5241 (0.5328)  loss_mal_enc_0: 0.9975 (0.9828)  loss_bbox_enc_0: 0.0814 (0.0893)  loss_giou_enc_0: 0.9339 (1.0033)  loss_mal_dn_0: 0.7103 (0.7139)  loss_bbox_dn_0: 0.0412 (0.0405)  loss_giou_dn_0: 0.4796 (0.4892)  loss_fgl_dn_0: 1.2534 (1.2524)  loss_ddf_dn_0: 0.1652 (0.1612)  loss_mal_dn_1: 0.6419 (0.6482)  loss_bbox_dn_1: 0.0303 (0.0301)  loss_giou_dn_1: 0.3712 (0.3829)  loss_fgl_dn_1: 1.1962 (1.2007)  loss_ddf_dn_1: 0.0030 (0.0030)  loss_mal_dn_2: 0.6401 (0.6454)  loss_bbox_dn_2: 0.0298 (0.0301)  loss_giou_dn_2: 0.3720 (0.3819)  loss_fgl_dn_2: 1.1955 (1.2006)  loss_ddf_dn_2: -0.0000 (0.0000)  loss_mal_dn_pre: 0.7092 (0.7135)  loss_bbox_dn_pre: 0.0409 (0.0404)  loss_giou_dn_pre: 0.4800 (0.4881)  loss_size: 0.0056 (0.0063)
Test:  [0/8]  eta: 0:00:02    time: 0.3011  data: 0.2459  max mem: 5227
Test:  [7/8]  eta: 0:00:00    time: 0.1224  data: 0.0427  max mem: 5227
Test: Total time: 0:00:01 (0.1268 s / it)
Metrics: {'f1': 0.9146757679180887, 'precision': 0.8874172185430463, 'recall': 0.9436619718309859, 'iou': 0.5993491868552921, 'TPs': 134, 'FPs': 17, 'FNs': 8}
Averaged stats: 
Accumulating evaluation results...
COCOeval_opt.accumulate() finished...
DONE (t=0.01s).
IoU metric: bbox
 Average Precision  (AP) @[ IoU=0.50:0.95 | area=   all | maxDets=100 ] = 0.362
 Average Precision  (AP) @[ IoU=0.50      | area=   all | maxDets=100 ] = 0.919
 Average Precision  (AP) @[ IoU=0.75      | area=   all | maxDets=100 ] = 0.154
 Average Precision  (AP) @[ IoU=0.50:0.95 | area= small | maxDets=100 ] = 0.362
 Average Precision  (AP) @[ IoU=0.50:0.95 | area=medium | maxDets=100 ] = -1.000
 Average Precision  (AP) @[ IoU=0.50:0.95 | area= large | maxDets=100 ] = -1.000
 Average Recall     (AR) @[ IoU=0.50:0.95 | area=   all | maxDets=  1 ] = 0.211
 Average Recall     (AR) @[ IoU=0.50:0.95 | area=   all | maxDets= 10 ] = 0.515
 Average Recall     (AR) @[ IoU=0.50:0.95 | area=   all | maxDets=100 ] = 0.654
 Average Recall     (AR) @[ IoU=0.50:0.95 | area= small | maxDets=100 ] = 0.654
 Average Recall     (AR) @[ IoU=0.50:0.95 | area=medium | maxDets=100 ] = -1.000
 Average Recall     (AR) @[ IoU=0.50:0.95 | area= large | maxDets=100 ] = -1.000
 Average Recall     (AR) @[ IoU=0.50      | area=   all | maxDets=100 ] = 0.993
 Average Recall     (AR) @[ IoU=0.75      | area=   all | maxDets=100 ] = 0.775
best_stat: {'epoch': 12, 'coco_eval_bbox': 0.3619741788958278}
Epoch: [13/30]  [ 0/45]  eta: 0:00:22  lr: 0.000100  loss: 20.0606 (20.0606)  loss_mal: 0.7535 (0.7535)  loss_bbox: 0.0543 (0.0543)  loss_giou: 0.5150 (0.5150)  loss_fgl: 1.1870 (1.1870)  loss_mal_aux_0: 0.9140 (0.9140)  loss_bbox_aux_0: 0.0616 (0.0616)  loss_giou_aux_0: 0.6248 (0.6248)  loss_fgl_aux_0: 1.1522 (1.1522)  loss_ddf_aux_0: 0.0644 (0.0644)  loss_mal_aux_1: 0.7598 (0.7598)  loss_bbox_aux_1: 0.0560 (0.0560)  loss_giou_aux_1: 0.5517 (0.5517)  loss_fgl_aux_1: 1.1764 (1.1764)  loss_ddf_aux_1: 0.0094 (0.0094)  loss_mal_pre: 0.9045 (0.9045)  loss_bbox_pre: 0.0607 (0.0607)  loss_giou_pre: 0.6181 (0.6181)  loss_mal_enc_0: 1.1022 (1.1022)  loss_bbox_enc_0: 0.0890 (0.0890)  loss_giou_enc_0: 0.9757 (0.9757)  loss_mal_dn_0: 0.7209 (0.7209)  loss_bbox_dn_0: 0.0486 (0.0486)  loss_giou_dn_0: 0.5026 (0.5026)  loss_fgl_dn_0: 1.2121 (1.2121)  loss_ddf_dn_0: 0.1393 (0.1393)  loss_mal_dn_1: 0.6589 (0.6589)  loss_bbox_dn_1: 0.0364 (0.0364)  loss_giou_dn_1: 0.4024 (0.4024)  loss_fgl_dn_1: 1.1688 (1.1688)  loss_ddf_dn_1: 0.0026 (0.0026)  loss_mal_dn_2: 0.6587 (0.6587)  loss_bbox_dn_2: 0.0368 (0.0368)  loss_giou_dn_2: 0.4038 (0.4038)  loss_fgl_dn_2: 1.1700 (1.1700)  loss_ddf_dn_2: -0.0000 (0.0000)  loss_mal_dn_pre: 0.7188 (0.7188)  loss_bbox_dn_pre: 0.0475 (0.0475)  loss_giou_dn_pre: 0.4945 (0.4945)  loss_size: 0.0076 (0.0076)  time: 0.4917  data: 0.2537  max mem: 5227
Epoch: [13/30]  [44/45]  eta: 0:00:00  lr: 0.000100  loss: 19.3392 (19.5629)  loss_mal: 0.6866 (0.6931)  loss_bbox: 0.0419 (0.0413)  loss_giou: 0.4757 (0.4774)  loss_fgl: 1.2495 (1.2476)  loss_mal_aux_0: 0.8716 (0.9168)  loss_bbox_aux_0: 0.0434 (0.0438)  loss_giou_aux_0: 0.4962 (0.5081)  loss_fgl_aux_0: 1.2509 (1.2515)  loss_ddf_aux_0: 0.0330 (0.0431)  loss_mal_aux_1: 0.7053 (0.7120)  loss_bbox_aux_1: 0.0423 (0.0414)  loss_giou_aux_1: 0.4792 (0.4790)  loss_fgl_aux_1: 1.2499 (1.2477)  loss_ddf_aux_1: 0.0023 (0.0025)  loss_mal_pre: 0.8674 (0.9124)  loss_bbox_pre: 0.0436 (0.0436)  loss_giou_pre: 0.4979 (0.5062)  loss_mal_enc_0: 1.0563 (1.1412)  loss_bbox_enc_0: 0.0542 (0.0647)  loss_giou_enc_0: 0.6287 (0.7583)  loss_mal_dn_0: 0.7089 (0.7145)  loss_bbox_dn_0: 0.0415 (0.0414)  loss_giou_dn_0: 0.4917 (0.4948)  loss_fgl_dn_0: 1.2501 (1.2491)  loss_ddf_dn_0: 0.1657 (0.1744)  loss_mal_dn_1: 0.6439 (0.6456)  loss_bbox_dn_1: 0.0296 (0.0302)  loss_giou_dn_1: 0.3789 (0.3806)  loss_fgl_dn_1: 1.1966 (1.1950)  loss_ddf_dn_1: 0.0032 (0.0034)  loss_mal_dn_2: 0.6408 (0.6426)  loss_bbox_dn_2: 0.0296 (0.0301)  loss_giou_dn_2: 0.3786 (0.3798)  loss_fgl_dn_2: 1.1954 (1.1951)  loss_ddf_dn_2: -0.0000 (0.0000)  loss_mal_dn_pre: 0.7081 (0.7142)  loss_bbox_dn_pre: 0.0414 (0.0412)  loss_giou_dn_pre: 0.4867 (0.4929)  loss_size: 0.0055 (0.0062)  time: 0.2376  data: 0.0116  max mem: 5227
Epoch: [13/30] Total time: 0:00:11 (0.2455 s / it)
Averaged stats: lr: 0.000100  loss: 19.3392 (19.5629)  loss_mal: 0.6866 (0.6931)  loss_bbox: 0.0419 (0.0413)  loss_giou: 0.4757 (0.4774)  loss_fgl: 1.2495 (1.2476)  loss_mal_aux_0: 0.8716 (0.9168)  loss_bbox_aux_0: 0.0434 (0.0438)  loss_giou_aux_0: 0.4962 (0.5081)  loss_fgl_aux_0: 1.2509 (1.2515)  loss_ddf_aux_0: 0.0330 (0.0431)  loss_mal_aux_1: 0.7053 (0.7120)  loss_bbox_aux_1: 0.0423 (0.0414)  loss_giou_aux_1: 0.4792 (0.4790)  loss_fgl_aux_1: 1.2499 (1.2477)  loss_ddf_aux_1: 0.0023 (0.0025)  loss_mal_pre: 0.8674 (0.9124)  loss_bbox_pre: 0.0436 (0.0436)  loss_giou_pre: 0.4979 (0.5062)  loss_mal_enc_0: 1.0563 (1.1412)  loss_bbox_enc_0: 0.0542 (0.0647)  loss_giou_enc_0: 0.6287 (0.7583)  loss_mal_dn_0: 0.7089 (0.7145)  loss_bbox_dn_0: 0.0415 (0.0414)  loss_giou_dn_0: 0.4917 (0.4948)  loss_fgl_dn_0: 1.2501 (1.2491)  loss_ddf_dn_0: 0.1657 (0.1744)  loss_mal_dn_1: 0.6439 (0.6456)  loss_bbox_dn_1: 0.0296 (0.0302)  loss_giou_dn_1: 0.3789 (0.3806)  loss_fgl_dn_1: 1.1966 (1.1950)  loss_ddf_dn_1: 0.0032 (0.0034)  loss_mal_dn_2: 0.6408 (0.6426)  loss_bbox_dn_2: 0.0296 (0.0301)  loss_giou_dn_2: 0.3786 (0.3798)  loss_fgl_dn_2: 1.1954 (1.1951)  loss_ddf_dn_2: -0.0000 (0.0000)  loss_mal_dn_pre: 0.7081 (0.7142)  loss_bbox_dn_pre: 0.0414 (0.0412)  loss_giou_dn_pre: 0.4867 (0.4929)  loss_size: 0.0055 (0.0062)
Test:  [0/8]  eta: 0:00:02    time: 0.2945  data: 0.2373  max mem: 5227
Test:  [7/8]  eta: 0:00:00    time: 0.0984  data: 0.0431  max mem: 5227
Test: Total time: 0:00:00 (0.1030 s / it)
Metrics: {'f1': 0.9310344827586207, 'precision': 0.9121621621621622, 'recall': 0.9507042253521126, 'iou': 0.6183320237744239, 'TPs': 135, 'FPs': 13, 'FNs': 7}
Averaged stats: 
Accumulating evaluation results...
COCOeval_opt.accumulate() finished...
DONE (t=0.01s).
IoU metric: bbox
 Average Precision  (AP) @[ IoU=0.50:0.95 | area=   all | maxDets=100 ] = 0.365
 Average Precision  (AP) @[ IoU=0.50      | area=   all | maxDets=100 ] = 0.922
 Average Precision  (AP) @[ IoU=0.75      | area=   all | maxDets=100 ] = 0.130
 Average Precision  (AP) @[ IoU=0.50:0.95 | area= small | maxDets=100 ] = 0.365
 Average Precision  (AP) @[ IoU=0.50:0.95 | area=medium | maxDets=100 ] = -1.000
 Average Precision  (AP) @[ IoU=0.50:0.95 | area= large | maxDets=100 ] = -1.000
 Average Recall     (AR) @[ IoU=0.50:0.95 | area=   all | maxDets=  1 ] = 0.211
 Average Recall     (AR) @[ IoU=0.50:0.95 | area=   all | maxDets= 10 ] = 0.499
 Average Recall     (AR) @[ IoU=0.50:0.95 | area=   all | maxDets=100 ] = 0.635
 Average Recall     (AR) @[ IoU=0.50:0.95 | area= small | maxDets=100 ] = 0.635
 Average Recall     (AR) @[ IoU=0.50:0.95 | area=medium | maxDets=100 ] = -1.000
 Average Recall     (AR) @[ IoU=0.50:0.95 | area= large | maxDets=100 ] = -1.000
 Average Recall     (AR) @[ IoU=0.50      | area=   all | maxDets=100 ] = 1.000
 Average Recall     (AR) @[ IoU=0.75      | area=   all | maxDets=100 ] = 0.697
best_stat: {'epoch': 13, 'coco_eval_bbox': 0.36480115833722176}
Epoch: [14/30]  [ 0/45]  eta: 0:00:21  lr: 0.000100  loss: 18.6651 (18.6651)  loss_mal: 0.6664 (0.6664)  loss_bbox: 0.0389 (0.0389)  loss_giou: 0.4181 (0.4181)  loss_fgl: 1.2789 (1.2789)  loss_mal_aux_0: 0.8414 (0.8414)  loss_bbox_aux_0: 0.0411 (0.0411)  loss_giou_aux_0: 0.4378 (0.4378)  loss_fgl_aux_0: 1.2843 (1.2843)  loss_ddf_aux_0: 0.0293 (0.0293)  loss_mal_aux_1: 0.6893 (0.6893)  loss_bbox_aux_1: 0.0389 (0.0389)  loss_giou_aux_1: 0.4152 (0.4152)  loss_fgl_aux_1: 1.2784 (1.2784)  loss_ddf_aux_1: 0.0018 (0.0018)  loss_mal_pre: 0.8400 (0.8400)  loss_bbox_pre: 0.0418 (0.0418)  loss_giou_pre: 0.4421 (0.4421)  loss_mal_enc_0: 1.0637 (1.0637)  loss_bbox_enc_0: 0.0490 (0.0490)  loss_giou_enc_0: 0.5299 (0.5299)  loss_mal_dn_0: 0.6983 (0.6983)  loss_bbox_dn_0: 0.0390 (0.0390)  loss_giou_dn_0: 0.4408 (0.4408)  loss_fgl_dn_0: 1.2754 (1.2754)  loss_ddf_dn_0: 0.1949 (0.1949)  loss_mal_dn_1: 0.6291 (0.6291)  loss_bbox_dn_1: 0.0284 (0.0284)  loss_giou_dn_1: 0.3403 (0.3403)  loss_fgl_dn_1: 1.2079 (1.2079)  loss_ddf_dn_1: 0.0047 (0.0047)  loss_mal_dn_2: 0.6254 (0.6254)  loss_bbox_dn_2: 0.0283 (0.0283)  loss_giou_dn_2: 0.3402 (0.3402)  loss_fgl_dn_2: 1.2082 (1.2082)  loss_ddf_dn_2: -0.0000 (0.0000)  loss_mal_dn_pre: 0.6968 (0.6968)  loss_bbox_dn_pre: 0.0387 (0.0387)  loss_giou_dn_pre: 0.4381 (0.4381)  loss_size: 0.0041 (0.0041)  time: 0.4735  data: 0.2351  max mem: 5227
Epoch: [14/30]  [44/45]  eta: 0:00:00  lr: 0.000100  loss: 18.6217 (18.5293)  loss_mal: 0.6816 (0.6771)  loss_bbox: 0.0394 (0.0391)  loss_giou: 0.4874 (0.4630)  loss_fgl: 1.2493 (1.2525)  loss_mal_aux_0: 0.7506 (0.7622)  loss_bbox_aux_0: 0.0405 (0.0401)  loss_giou_aux_0: 0.4798 (0.4736)  loss_fgl_aux_0: 1.2547 (1.2578)  loss_ddf_aux_0: 0.0235 (0.0276)  loss_mal_aux_1: 0.6859 (0.6849)  loss_bbox_aux_1: 0.0390 (0.0392)  loss_giou_aux_1: 0.4853 (0.4627)  loss_fgl_aux_1: 1.2507 (1.2526)  loss_ddf_aux_1: 0.0015 (0.0019)  loss_mal_pre: 0.7516 (0.7608)  loss_bbox_pre: 0.0404 (0.0400)  loss_giou_pre: 0.4801 (0.4726)  loss_mal_enc_0: 0.8998 (0.9417)  loss_bbox_enc_0: 0.0440 (0.0456)  loss_giou_enc_0: 0.5290 (0.5357)  loss_mal_dn_0: 0.7059 (0.7039)  loss_bbox_dn_0: 0.0392 (0.0385)  loss_giou_dn_0: 0.4792 (0.4648)  loss_fgl_dn_0: 1.2464 (1.2540)  loss_ddf_dn_0: 0.1508 (0.1584)  loss_mal_dn_1: 0.6434 (0.6383)  loss_bbox_dn_1: 0.0295 (0.0289)  loss_giou_dn_1: 0.3790 (0.3682)  loss_fgl_dn_1: 1.1948 (1.1986)  loss_ddf_dn_1: 0.0028 (0.0031)  loss_mal_dn_2: 0.6417 (0.6367)  loss_bbox_dn_2: 0.0296 (0.0289)  loss_giou_dn_2: 0.3775 (0.3675)  loss_fgl_dn_2: 1.1944 (1.1984)  loss_ddf_dn_2: -0.0000 (0.0000)  loss_mal_dn_pre: 0.7056 (0.7034)  loss_bbox_dn_pre: 0.0389 (0.0383)  loss_giou_dn_pre: 0.4760 (0.4631)  loss_size: 0.0057 (0.0058)  time: 0.2379  data: 0.0116  max mem: 5227
Epoch: [14/30] Total time: 0:00:10 (0.2444 s / it)
Averaged stats: lr: 0.000100  loss: 18.6217 (18.5293)  loss_mal: 0.6816 (0.6771)  loss_bbox: 0.0394 (0.0391)  loss_giou: 0.4874 (0.4630)  loss_fgl: 1.2493 (1.2525)  loss_mal_aux_0: 0.7506 (0.7622)  loss_bbox_aux_0: 0.0405 (0.0401)  loss_giou_aux_0: 0.4798 (0.4736)  loss_fgl_aux_0: 1.2547 (1.2578)  loss_ddf_aux_0: 0.0235 (0.0276)  loss_mal_aux_1: 0.6859 (0.6849)  loss_bbox_aux_1: 0.0390 (0.0392)  loss_giou_aux_1: 0.4853 (0.4627)  loss_fgl_aux_1: 1.2507 (1.2526)  loss_ddf_aux_1: 0.0015 (0.0019)  loss_mal_pre: 0.7516 (0.7608)  loss_bbox_pre: 0.0404 (0.0400)  loss_giou_pre: 0.4801 (0.4726)  loss_mal_enc_0: 0.8998 (0.9417)  loss_bbox_enc_0: 0.0440 (0.0456)  loss_giou_enc_0: 0.5290 (0.5357)  loss_mal_dn_0: 0.7059 (0.7039)  loss_bbox_dn_0: 0.0392 (0.0385)  loss_giou_dn_0: 0.4792 (0.4648)  loss_fgl_dn_0: 1.2464 (1.2540)  loss_ddf_dn_0: 0.1508 (0.1584)  loss_mal_dn_1: 0.6434 (0.6383)  loss_bbox_dn_1: 0.0295 (0.0289)  loss_giou_dn_1: 0.3790 (0.3682)  loss_fgl_dn_1: 1.1948 (1.1986)  loss_ddf_dn_1: 0.0028 (0.0031)  loss_mal_dn_2: 0.6417 (0.6367)  loss_bbox_dn_2: 0.0296 (0.0289)  loss_giou_dn_2: 0.3775 (0.3675)  loss_fgl_dn_2: 1.1944 (1.1984)  loss_ddf_dn_2: -0.0000 (0.0000)  loss_mal_dn_pre: 0.7056 (0.7034)  loss_bbox_dn_pre: 0.0389 (0.0383)  loss_giou_dn_pre: 0.4760 (0.4631)  loss_size: 0.0057 (0.0058)
Test:  [0/8]  eta: 0:00:02    time: 0.2892  data: 0.2339  max mem: 5227
Test:  [7/8]  eta: 0:00:00    time: 0.1184  data: 0.0412  max mem: 5227
Test: Total time: 0:00:00 (0.1227 s / it)
Metrics: {'f1': 0.918918918918919, 'precision': 0.8831168831168831, 'recall': 0.9577464788732394, 'iou': 0.6023510925471782, 'TPs': 136, 'FPs': 18, 'FNs': 6}
Averaged stats: 
Accumulating evaluation results...
COCOeval_opt.accumulate() finished...
DONE (t=0.01s).
IoU metric: bbox
 Average Precision  (AP) @[ IoU=0.50:0.95 | area=   all | maxDets=100 ] = 0.362
 Average Precision  (AP) @[ IoU=0.50      | area=   all | maxDets=100 ] = 0.915
 Average Precision  (AP) @[ IoU=0.75      | area=   all | maxDets=100 ] = 0.144
 Average Precision  (AP) @[ IoU=0.50:0.95 | area= small | maxDets=100 ] = 0.362
 Average Precision  (AP) @[ IoU=0.50:0.95 | area=medium | maxDets=100 ] = -1.000
 Average Precision  (AP) @[ IoU=0.50:0.95 | area= large | maxDets=100 ] = -1.000
 Average Recall     (AR) @[ IoU=0.50:0.95 | area=   all | maxDets=  1 ] = 0.207
 Average Recall     (AR) @[ IoU=0.50:0.95 | area=   all | maxDets= 10 ] = 0.506
 Average Recall     (AR) @[ IoU=0.50:0.95 | area=   all | maxDets=100 ] = 0.640
 Average Recall     (AR) @[ IoU=0.50:0.95 | area= small | maxDets=100 ] = 0.640
 Average Recall     (AR) @[ IoU=0.50:0.95 | area=medium | maxDets=100 ] = -1.000
 Average Recall     (AR) @[ IoU=0.50:0.95 | area= large | maxDets=100 ] = -1.000
 Average Recall     (AR) @[ IoU=0.50      | area=   all | maxDets=100 ] = 1.000
 Average Recall     (AR) @[ IoU=0.75      | area=   all | maxDets=100 ] = 0.711
best_stat: {'epoch': 13, 'coco_eval_bbox': 0.36480115833722176}
Epoch: [15/30]  [ 0/45]  eta: 0:00:22  lr: 0.000100  loss: 18.4030 (18.4030)  loss_mal: 0.6705 (0.6705)  loss_bbox: 0.0388 (0.0388)  loss_giou: 0.4505 (0.4505)  loss_fgl: 1.2657 (1.2657)  loss_mal_aux_0: 0.7510 (0.7510)  loss_bbox_aux_0: 0.0362 (0.0362)  loss_giou_aux_0: 0.4358 (0.4358)  loss_fgl_aux_0: 1.2675 (1.2675)  loss_ddf_aux_0: 0.0241 (0.0241)  loss_mal_aux_1: 0.6774 (0.6774)  loss_bbox_aux_1: 0.0385 (0.0385)  loss_giou_aux_1: 0.4465 (0.4465)  loss_fgl_aux_1: 1.2632 (1.2632)  loss_ddf_aux_1: 0.0015 (0.0015)  loss_mal_pre: 0.7498 (0.7498)  loss_bbox_pre: 0.0367 (0.0367)  loss_giou_pre: 0.4384 (0.4384)  loss_mal_enc_0: 0.8696 (0.8696)  loss_bbox_enc_0: 0.0440 (0.0440)  loss_giou_enc_0: 0.5337 (0.5337)  loss_mal_dn_0: 0.7012 (0.7012)  loss_bbox_dn_0: 0.0372 (0.0372)  loss_giou_dn_0: 0.4583 (0.4583)  loss_fgl_dn_0: 1.2635 (1.2635)  loss_ddf_dn_0: 0.1360 (0.1360)  loss_mal_dn_1: 0.6512 (0.6512)  loss_bbox_dn_1: 0.0309 (0.0309)  loss_giou_dn_1: 0.3832 (0.3832)  loss_fgl_dn_1: 1.2195 (1.2195)  loss_ddf_dn_1: 0.0027 (0.0027)  loss_mal_dn_2: 0.6461 (0.6461)  loss_bbox_dn_2: 0.0309 (0.0309)  loss_giou_dn_2: 0.3841 (0.3841)  loss_fgl_dn_2: 1.2212 (1.2212)  loss_ddf_dn_2: -0.0000 (0.0000)  loss_mal_dn_pre: 0.7004 (0.7004)  loss_bbox_dn_pre: 0.0370 (0.0370)  loss_giou_dn_pre: 0.4566 (0.4566)  loss_size: 0.0034 (0.0034)  time: 0.4938  data: 0.2480  max mem: 5227
Epoch: [15/30]  [44/45]  eta: 0:00:00  lr: 0.000100  loss: 18.2013 (18.2783)  loss_mal: 0.6719 (0.6728)  loss_bbox: 0.0364 (0.0388)  loss_giou: 0.4456 (0.4528)  loss_fgl: 1.2500 (1.2511)  loss_mal_aux_0: 0.7189 (0.7357)  loss_bbox_aux_0: 0.0374 (0.0397)  loss_giou_aux_0: 0.4584 (0.4640)  loss_fgl_aux_0: 1.2532 (1.2557)  loss_ddf_aux_0: 0.0235 (0.0242)  loss_mal_aux_1: 0.6756 (0.6814)  loss_bbox_aux_1: 0.0365 (0.0388)  loss_giou_aux_1: 0.4458 (0.4525)  loss_fgl_aux_1: 1.2478 (1.2512)  loss_ddf_aux_1: 0.0017 (0.0016)  loss_mal_pre: 0.7191 (0.7345)  loss_bbox_pre: 0.0373 (0.0396)  loss_giou_pre: 0.4559 (0.4629)  loss_mal_enc_0: 0.8406 (0.8575)  loss_bbox_enc_0: 0.0414 (0.0434)  loss_giou_enc_0: 0.5157 (0.5133)  loss_mal_dn_0: 0.6975 (0.7027)  loss_bbox_dn_0: 0.0356 (0.0381)  loss_giou_dn_0: 0.4504 (0.4618)  loss_fgl_dn_0: 1.2529 (1.2536)  loss_ddf_dn_0: 0.1398 (0.1418)  loss_mal_dn_1: 0.6394 (0.6376)  loss_bbox_dn_1: 0.0285 (0.0290)  loss_giou_dn_1: 0.3645 (0.3664)  loss_fgl_dn_1: 1.1874 (1.1988)  loss_ddf_dn_1: 0.0028 (0.0029)  loss_mal_dn_2: 0.6326 (0.6354)  loss_bbox_dn_2: 0.0284 (0.0289)  loss_giou_dn_2: 0.3633 (0.3656)  loss_fgl_dn_2: 1.1873 (1.1987)  loss_ddf_dn_2: -0.0000 (0.0000)  loss_mal_dn_pre: 0.6983 (0.7022)  loss_bbox_dn_pre: 0.0358 (0.0380)  loss_giou_dn_pre: 0.4507 (0.4600)  loss_size: 0.0056 (0.0055)  time: 0.2377  data: 0.0117  max mem: 5227
Epoch: [15/30] Total time: 0:00:11 (0.2454 s / it)
Averaged stats: lr: 0.000100  loss: 18.2013 (18.2783)  loss_mal: 0.6719 (0.6728)  loss_bbox: 0.0364 (0.0388)  loss_giou: 0.4456 (0.4528)  loss_fgl: 1.2500 (1.2511)  loss_mal_aux_0: 0.7189 (0.7357)  loss_bbox_aux_0: 0.0374 (0.0397)  loss_giou_aux_0: 0.4584 (0.4640)  loss_fgl_aux_0: 1.2532 (1.2557)  loss_ddf_aux_0: 0.0235 (0.0242)  loss_mal_aux_1: 0.6756 (0.6814)  loss_bbox_aux_1: 0.0365 (0.0388)  loss_giou_aux_1: 0.4458 (0.4525)  loss_fgl_aux_1: 1.2478 (1.2512)  loss_ddf_aux_1: 0.0017 (0.0016)  loss_mal_pre: 0.7191 (0.7345)  loss_bbox_pre: 0.0373 (0.0396)  loss_giou_pre: 0.4559 (0.4629)  loss_mal_enc_0: 0.8406 (0.8575)  loss_bbox_enc_0: 0.0414 (0.0434)  loss_giou_enc_0: 0.5157 (0.5133)  loss_mal_dn_0: 0.6975 (0.7027)  loss_bbox_dn_0: 0.0356 (0.0381)  loss_giou_dn_0: 0.4504 (0.4618)  loss_fgl_dn_0: 1.2529 (1.2536)  loss_ddf_dn_0: 0.1398 (0.1418)  loss_mal_dn_1: 0.6394 (0.6376)  loss_bbox_dn_1: 0.0285 (0.0290)  loss_giou_dn_1: 0.3645 (0.3664)  loss_fgl_dn_1: 1.1874 (1.1988)  loss_ddf_dn_1: 0.0028 (0.0029)  loss_mal_dn_2: 0.6326 (0.6354)  loss_bbox_dn_2: 0.0284 (0.0289)  loss_giou_dn_2: 0.3633 (0.3656)  loss_fgl_dn_2: 1.1873 (1.1987)  loss_ddf_dn_2: -0.0000 (0.0000)  loss_mal_dn_pre: 0.6983 (0.7022)  loss_bbox_dn_pre: 0.0358 (0.0380)  loss_giou_dn_pre: 0.4507 (0.4600)  loss_size: 0.0056 (0.0055)
Test:  [0/8]  eta: 0:00:02    time: 0.2924  data: 0.2357  max mem: 5227
Test:  [7/8]  eta: 0:00:00    time: 0.0972  data: 0.0416  max mem: 5227
Test: Total time: 0:00:00 (0.1016 s / it)
Metrics: {'f1': 0.9246575342465754, 'precision': 0.9, 'recall': 0.9507042253521126, 'iou': 0.6083302592775625, 'TPs': 135, 'FPs': 15, 'FNs': 7}
Averaged stats: 
Accumulating evaluation results...
COCOeval_opt.accumulate() finished...
DONE (t=0.01s).
IoU metric: bbox
 Average Precision  (AP) @[ IoU=0.50:0.95 | area=   all | maxDets=100 ] = 0.364
 Average Precision  (AP) @[ IoU=0.50      | area=   all | maxDets=100 ] = 0.930
 Average Precision  (AP) @[ IoU=0.75      | area=   all | maxDets=100 ] = 0.166
 Average Precision  (AP) @[ IoU=0.50:0.95 | area= small | maxDets=100 ] = 0.364
 Average Precision  (AP) @[ IoU=0.50:0.95 | area=medium | maxDets=100 ] = -1.000
 Average Precision  (AP) @[ IoU=0.50:0.95 | area= large | maxDets=100 ] = -1.000
 Average Recall     (AR) @[ IoU=0.50:0.95 | area=   all | maxDets=  1 ] = 0.215
 Average Recall     (AR) @[ IoU=0.50:0.95 | area=   all | maxDets= 10 ] = 0.511
 Average Recall     (AR) @[ IoU=0.50:0.95 | area=   all | maxDets=100 ] = 0.647
 Average Recall     (AR) @[ IoU=0.50:0.95 | area= small | maxDets=100 ] = 0.647
 Average Recall     (AR) @[ IoU=0.50:0.95 | area=medium | maxDets=100 ] = -1.000
 Average Recall     (AR) @[ IoU=0.50:0.95 | area= large | maxDets=100 ] = -1.000
 Average Recall     (AR) @[ IoU=0.50      | area=   all | maxDets=100 ] = 1.000
 Average Recall     (AR) @[ IoU=0.75      | area=   all | maxDets=100 ] = 0.725
best_stat: {'epoch': 13, 'coco_eval_bbox': 0.36480115833722176}
Epoch: [16/30]  [ 0/45]  eta: 0:00:21  lr: 0.000100  loss: 17.4626 (17.4626)  loss_mal: 0.6557 (0.6557)  loss_bbox: 0.0322 (0.0322)  loss_giou: 0.4073 (0.4073)  loss_fgl: 1.2133 (1.2133)  loss_mal_aux_0: 0.7425 (0.7425)  loss_bbox_aux_0: 0.0329 (0.0329)  loss_giou_aux_0: 0.4175 (0.4175)  loss_fgl_aux_0: 1.2243 (1.2243)  loss_ddf_aux_0: 0.0209 (0.0209)  loss_mal_aux_1: 0.6630 (0.6630)  loss_bbox_aux_1: 0.0321 (0.0321)  loss_giou_aux_1: 0.4065 (0.4065)  loss_fgl_aux_1: 1.2135 (1.2135)  loss_ddf_aux_1: 0.0016 (0.0016)  loss_mal_pre: 0.7397 (0.7397)  loss_bbox_pre: 0.0327 (0.0327)  loss_giou_pre: 0.4168 (0.4168)  loss_mal_enc_0: 0.8411 (0.8411)  loss_bbox_enc_0: 0.0371 (0.0371)  loss_giou_enc_0: 0.4642 (0.4642)  loss_mal_dn_0: 0.6938 (0.6938)  loss_bbox_dn_0: 0.0325 (0.0325)  loss_giou_dn_0: 0.4210 (0.4210)  loss_fgl_dn_0: 1.2197 (1.2197)  loss_ddf_dn_0: 0.1390 (0.1390)  loss_mal_dn_1: 0.6122 (0.6122)  loss_bbox_dn_1: 0.0229 (0.0229)  loss_giou_dn_1: 0.3166 (0.3166)  loss_fgl_dn_1: 1.1483 (1.1483)  loss_ddf_dn_1: 0.0023 (0.0023)  loss_mal_dn_2: 0.6122 (0.6122)  loss_bbox_dn_2: 0.0231 (0.0231)  loss_giou_dn_2: 0.3192 (0.3192)  loss_fgl_dn_2: 1.1482 (1.1482)  loss_ddf_dn_2: -0.0000 (0.0000)  loss_mal_dn_pre: 0.6947 (0.6947)  loss_bbox_dn_pre: 0.0326 (0.0326)  loss_giou_dn_pre: 0.4234 (0.4234)  loss_size: 0.0058 (0.0058)  time: 0.4678  data: 0.2309  max mem: 5227
Epoch: [16/30]  [44/45]  eta: 0:00:00  lr: 0.000100  loss: 17.6071 (17.7666)  loss_mal: 0.6523 (0.6562)  loss_bbox: 0.0361 (0.0357)  loss_giou: 0.4182 (0.4254)  loss_fgl: 1.2364 (1.2388)  loss_mal_aux_0: 0.7251 (0.7214)  loss_bbox_aux_0: 0.0371 (0.0367)  loss_giou_aux_0: 0.4405 (0.4383)  loss_fgl_aux_0: 1.2409 (1.2453)  loss_ddf_aux_0: 0.0237 (0.0241)  loss_mal_aux_1: 0.6627 (0.6639)  loss_bbox_aux_1: 0.0363 (0.0357)  loss_giou_aux_1: 0.4180 (0.4256)  loss_fgl_aux_1: 1.2353 (1.2389)  loss_ddf_aux_1: 0.0017 (0.0016)  loss_mal_pre: 0.7229 (0.7209)  loss_bbox_pre: 0.0367 (0.0367)  loss_giou_pre: 0.4415 (0.4379)  loss_mal_enc_0: 0.8153 (0.8287)  loss_bbox_enc_0: 0.0408 (0.0401)  loss_giou_enc_0: 0.4712 (0.4790)  loss_mal_dn_0: 0.6876 (0.6899)  loss_bbox_dn_0: 0.0351 (0.0353)  loss_giou_dn_0: 0.4224 (0.4289)  loss_fgl_dn_0: 1.2382 (1.2424)  loss_ddf_dn_0: 0.1532 (0.1547)  loss_mal_dn_1: 0.6163 (0.6185)  loss_bbox_dn_1: 0.0272 (0.0267)  loss_giou_dn_1: 0.3332 (0.3389)  loss_fgl_dn_1: 1.1789 (1.1794)  loss_ddf_dn_1: 0.0038 (0.0035)  loss_mal_dn_2: 0.6148 (0.6167)  loss_bbox_dn_2: 0.0270 (0.0266)  loss_giou_dn_2: 0.3310 (0.3380)  loss_fgl_dn_2: 1.1777 (1.1789)  loss_ddf_dn_2: -0.0000 (0.0000)  loss_mal_dn_pre: 0.6874 (0.6898)  loss_bbox_dn_pre: 0.0351 (0.0351)  loss_giou_dn_pre: 0.4195 (0.4275)  loss_size: 0.0042 (0.0048)  time: 0.2376  data: 0.0116  max mem: 5227
Epoch: [16/30] Total time: 0:00:11 (0.2445 s / it)
Averaged stats: lr: 0.000100  loss: 17.6071 (17.7666)  loss_mal: 0.6523 (0.6562)  loss_bbox: 0.0361 (0.0357)  loss_giou: 0.4182 (0.4254)  loss_fgl: 1.2364 (1.2388)  loss_mal_aux_0: 0.7251 (0.7214)  loss_bbox_aux_0: 0.0371 (0.0367)  loss_giou_aux_0: 0.4405 (0.4383)  loss_fgl_aux_0: 1.2409 (1.2453)  loss_ddf_aux_0: 0.0237 (0.0241)  loss_mal_aux_1: 0.6627 (0.6639)  loss_bbox_aux_1: 0.0363 (0.0357)  loss_giou_aux_1: 0.4180 (0.4256)  loss_fgl_aux_1: 1.2353 (1.2389)  loss_ddf_aux_1: 0.0017 (0.0016)  loss_mal_pre: 0.7229 (0.7209)  loss_bbox_pre: 0.0367 (0.0367)  loss_giou_pre: 0.4415 (0.4379)  loss_mal_enc_0: 0.8153 (0.8287)  loss_bbox_enc_0: 0.0408 (0.0401)  loss_giou_enc_0: 0.4712 (0.4790)  loss_mal_dn_0: 0.6876 (0.6899)  loss_bbox_dn_0: 0.0351 (0.0353)  loss_giou_dn_0: 0.4224 (0.4289)  loss_fgl_dn_0: 1.2382 (1.2424)  loss_ddf_dn_0: 0.1532 (0.1547)  loss_mal_dn_1: 0.6163 (0.6185)  loss_bbox_dn_1: 0.0272 (0.0267)  loss_giou_dn_1: 0.3332 (0.3389)  loss_fgl_dn_1: 1.1789 (1.1794)  loss_ddf_dn_1: 0.0038 (0.0035)  loss_mal_dn_2: 0.6148 (0.6167)  loss_bbox_dn_2: 0.0270 (0.0266)  loss_giou_dn_2: 0.3310 (0.3380)  loss_fgl_dn_2: 1.1777 (1.1789)  loss_ddf_dn_2: -0.0000 (0.0000)  loss_mal_dn_pre: 0.6874 (0.6898)  loss_bbox_dn_pre: 0.0351 (0.0351)  loss_giou_dn_pre: 0.4195 (0.4275)  loss_size: 0.0042 (0.0048)
Test:  [0/8]  eta: 0:00:02    time: 0.2899  data: 0.2344  max mem: 5227
Test:  [7/8]  eta: 0:00:00    time: 0.1212  data: 0.0429  max mem: 5227
Test: Total time: 0:00:01 (0.1258 s / it)
Metrics: {'f1': 0.9220338983050845, 'precision': 0.8888888888888888, 'recall': 0.9577464788732394, 'iou': 0.6053383545305744, 'TPs': 136, 'FPs': 17, 'FNs': 6}
Averaged stats: 
Accumulating evaluation results...
COCOeval_opt.accumulate() finished...
DONE (t=0.01s).
IoU metric: bbox
 Average Precision  (AP) @[ IoU=0.50:0.95 | area=   all | maxDets=100 ] = 0.363
 Average Precision  (AP) @[ IoU=0.50      | area=   all | maxDets=100 ] = 0.913
 Average Precision  (AP) @[ IoU=0.75      | area=   all | maxDets=100 ] = 0.130
 Average Precision  (AP) @[ IoU=0.50:0.95 | area= small | maxDets=100 ] = 0.364
 Average Precision  (AP) @[ IoU=0.50:0.95 | area=medium | maxDets=100 ] = -1.000
 Average Precision  (AP) @[ IoU=0.50:0.95 | area= large | maxDets=100 ] = -1.000
 Average Recall     (AR) @[ IoU=0.50:0.95 | area=   all | maxDets=  1 ] = 0.206
 Average Recall     (AR) @[ IoU=0.50:0.95 | area=   all | maxDets= 10 ] = 0.502
 Average Recall     (AR) @[ IoU=0.50:0.95 | area=   all | maxDets=100 ] = 0.632
 Average Recall     (AR) @[ IoU=0.50:0.95 | area= small | maxDets=100 ] = 0.632
 Average Recall     (AR) @[ IoU=0.50:0.95 | area=medium | maxDets=100 ] = -1.000
 Average Recall     (AR) @[ IoU=0.50:0.95 | area= large | maxDets=100 ] = -1.000
 Average Recall     (AR) @[ IoU=0.50      | area=   all | maxDets=100 ] = 0.993
 Average Recall     (AR) @[ IoU=0.75      | area=   all | maxDets=100 ] = 0.718
best_stat: {'epoch': 13, 'coco_eval_bbox': 0.36480115833722176}
Epoch: [17/30]  [ 0/45]  eta: 0:00:21  lr: 0.000100  loss: 17.1284 (17.1284)  loss_mal: 0.6463 (0.6463)  loss_bbox: 0.0315 (0.0315)  loss_giou: 0.3887 (0.3887)  loss_fgl: 1.2108 (1.2108)  loss_mal_aux_0: 0.7063 (0.7063)  loss_bbox_aux_0: 0.0318 (0.0318)  loss_giou_aux_0: 0.4054 (0.4054)  loss_fgl_aux_0: 1.2151 (1.2151)  loss_ddf_aux_0: 0.0232 (0.0232)  loss_mal_aux_1: 0.6470 (0.6470)  loss_bbox_aux_1: 0.0313 (0.0313)  loss_giou_aux_1: 0.3892 (0.3892)  loss_fgl_aux_1: 1.2101 (1.2101)  loss_ddf_aux_1: 0.0017 (0.0017)  loss_mal_pre: 0.7060 (0.7060)  loss_bbox_pre: 0.0317 (0.0317)  loss_giou_pre: 0.4050 (0.4050)  loss_mal_enc_0: 0.7997 (0.7997)  loss_bbox_enc_0: 0.0331 (0.0331)  loss_giou_enc_0: 0.4368 (0.4368)  loss_mal_dn_0: 0.6808 (0.6808)  loss_bbox_dn_0: 0.0282 (0.0282)  loss_giou_dn_0: 0.3881 (0.3881)  loss_fgl_dn_0: 1.2211 (1.2211)  loss_ddf_dn_0: 0.1159 (0.1159)  loss_mal_dn_1: 0.6131 (0.6131)  loss_bbox_dn_1: 0.0229 (0.0229)  loss_giou_dn_1: 0.3186 (0.3186)  loss_fgl_dn_1: 1.1667 (1.1667)  loss_ddf_dn_1: 0.0029 (0.0029)  loss_mal_dn_2: 0.6124 (0.6124)  loss_bbox_dn_2: 0.0229 (0.0229)  loss_giou_dn_2: 0.3167 (0.3167)  loss_fgl_dn_2: 1.1675 (1.1675)  loss_ddf_dn_2: -0.0000 (0.0000)  loss_mal_dn_pre: 0.6818 (0.6818)  loss_bbox_dn_pre: 0.0280 (0.0280)  loss_giou_dn_pre: 0.3854 (0.3854)  loss_size: 0.0048 (0.0048)  time: 0.4770  data: 0.2416  max mem: 5227
Epoch: [17/30]  [44/45]  eta: 0:00:00  lr: 0.000100  loss: 17.2291 (17.3468)  loss_mal: 0.6352 (0.6416)  loss_bbox: 0.0306 (0.0329)  loss_giou: 0.3806 (0.3915)  loss_fgl: 1.2237 (1.2301)  loss_mal_aux_0: 0.7085 (0.7153)  loss_bbox_aux_0: 0.0324 (0.0344)  loss_giou_aux_0: 0.4039 (0.4083)  loss_fgl_aux_0: 1.2389 (1.2422)  loss_ddf_aux_0: 0.0238 (0.0241)  loss_mal_aux_1: 0.6374 (0.6481)  loss_bbox_aux_1: 0.0309 (0.0329)  loss_giou_aux_1: 0.3814 (0.3924)  loss_fgl_aux_1: 1.2234 (1.2301)  loss_ddf_aux_1: 0.0014 (0.0016)  loss_mal_pre: 0.7094 (0.7146)  loss_bbox_pre: 0.0323 (0.0344)  loss_giou_pre: 0.4036 (0.4084)  loss_mal_enc_0: 0.8109 (0.8044)  loss_bbox_enc_0: 0.0361 (0.0383)  loss_giou_enc_0: 0.4359 (0.4553)  loss_mal_dn_0: 0.6730 (0.6803)  loss_bbox_dn_0: 0.0324 (0.0335)  loss_giou_dn_0: 0.3999 (0.4065)  loss_fgl_dn_0: 1.2273 (1.2373)  loss_ddf_dn_0: 0.1564 (0.1490)  loss_mal_dn_1: 0.6017 (0.6032)  loss_bbox_dn_1: 0.0246 (0.0253)  loss_giou_dn_1: 0.3219 (0.3200)  loss_fgl_dn_1: 1.1627 (1.1688)  loss_ddf_dn_1: 0.0043 (0.0043)  loss_mal_dn_2: 0.5990 (0.6018)  loss_bbox_dn_2: 0.0243 (0.0252)  loss_giou_dn_2: 0.3225 (0.3190)  loss_fgl_dn_2: 1.1637 (1.1678)  loss_ddf_dn_2: -0.0000 (0.0000)  loss_mal_dn_pre: 0.6756 (0.6815)  loss_bbox_dn_pre: 0.0322 (0.0333)  loss_giou_dn_pre: 0.4001 (0.4048)  loss_size: 0.0040 (0.0043)  time: 0.2399  data: 0.0118  max mem: 5227
Epoch: [17/30] Total time: 0:00:11 (0.2484 s / it)
Averaged stats: lr: 0.000100  loss: 17.2291 (17.3468)  loss_mal: 0.6352 (0.6416)  loss_bbox: 0.0306 (0.0329)  loss_giou: 0.3806 (0.3915)  loss_fgl: 1.2237 (1.2301)  loss_mal_aux_0: 0.7085 (0.7153)  loss_bbox_aux_0: 0.0324 (0.0344)  loss_giou_aux_0: 0.4039 (0.4083)  loss_fgl_aux_0: 1.2389 (1.2422)  loss_ddf_aux_0: 0.0238 (0.0241)  loss_mal_aux_1: 0.6374 (0.6481)  loss_bbox_aux_1: 0.0309 (0.0329)  loss_giou_aux_1: 0.3814 (0.3924)  loss_fgl_aux_1: 1.2234 (1.2301)  loss_ddf_aux_1: 0.0014 (0.0016)  loss_mal_pre: 0.7094 (0.7146)  loss_bbox_pre: 0.0323 (0.0344)  loss_giou_pre: 0.4036 (0.4084)  loss_mal_enc_0: 0.8109 (0.8044)  loss_bbox_enc_0: 0.0361 (0.0383)  loss_giou_enc_0: 0.4359 (0.4553)  loss_mal_dn_0: 0.6730 (0.6803)  loss_bbox_dn_0: 0.0324 (0.0335)  loss_giou_dn_0: 0.3999 (0.4065)  loss_fgl_dn_0: 1.2273 (1.2373)  loss_ddf_dn_0: 0.1564 (0.1490)  loss_mal_dn_1: 0.6017 (0.6032)  loss_bbox_dn_1: 0.0246 (0.0253)  loss_giou_dn_1: 0.3219 (0.3200)  loss_fgl_dn_1: 1.1627 (1.1688)  loss_ddf_dn_1: 0.0043 (0.0043)  loss_mal_dn_2: 0.5990 (0.6018)  loss_bbox_dn_2: 0.0243 (0.0252)  loss_giou_dn_2: 0.3225 (0.3190)  loss_fgl_dn_2: 1.1637 (1.1678)  loss_ddf_dn_2: -0.0000 (0.0000)  loss_mal_dn_pre: 0.6756 (0.6815)  loss_bbox_dn_pre: 0.0322 (0.0333)  loss_giou_dn_pre: 0.4001 (0.4048)  loss_size: 0.0040 (0.0043)
Test:  [0/8]  eta: 0:00:02    time: 0.3042  data: 0.2488  max mem: 5227
Test:  [7/8]  eta: 0:00:00    time: 0.0990  data: 0.0442  max mem: 5227
Test: Total time: 0:00:00 (0.1042 s / it)
Metrics: {'f1': 0.9251700680272109, 'precision': 0.8947368421052632, 'recall': 0.9577464788732394, 'iou': 0.6092815983899033, 'TPs': 136, 'FPs': 16, 'FNs': 6}
Averaged stats: 
Accumulating evaluation results...
COCOeval_opt.accumulate() finished...
DONE (t=0.01s).
IoU metric: bbox
 Average Precision  (AP) @[ IoU=0.50:0.95 | area=   all | maxDets=100 ] = 0.369
 Average Precision  (AP) @[ IoU=0.50      | area=   all | maxDets=100 ] = 0.926
 Average Precision  (AP) @[ IoU=0.75      | area=   all | maxDets=100 ] = 0.130
 Average Precision  (AP) @[ IoU=0.50:0.95 | area= small | maxDets=100 ] = 0.369
 Average Precision  (AP) @[ IoU=0.50:0.95 | area=medium | maxDets=100 ] = -1.000
 Average Precision  (AP) @[ IoU=0.50:0.95 | area= large | maxDets=100 ] = -1.000
 Average Recall     (AR) @[ IoU=0.50:0.95 | area=   all | maxDets=  1 ] = 0.207
 Average Recall     (AR) @[ IoU=0.50:0.95 | area=   all | maxDets= 10 ] = 0.512
 Average Recall     (AR) @[ IoU=0.50:0.95 | area=   all | maxDets=100 ] = 0.639
 Average Recall     (AR) @[ IoU=0.50:0.95 | area= small | maxDets=100 ] = 0.639
 Average Recall     (AR) @[ IoU=0.50:0.95 | area=medium | maxDets=100 ] = -1.000
 Average Recall     (AR) @[ IoU=0.50:0.95 | area= large | maxDets=100 ] = -1.000
 Average Recall     (AR) @[ IoU=0.50      | area=   all | maxDets=100 ] = 0.993
 Average Recall     (AR) @[ IoU=0.75      | area=   all | maxDets=100 ] = 0.732
best_stat: {'epoch': 17, 'coco_eval_bbox': 0.3687131804677677}
Epoch: [18/30]  [ 0/45]  eta: 0:00:21  lr: 0.000100  loss: 18.2536 (18.2536)  loss_mal: 0.6688 (0.6688)  loss_bbox: 0.0380 (0.0380)  loss_giou: 0.4532 (0.4532)  loss_fgl: 1.2555 (1.2555)  loss_mal_aux_0: 0.7337 (0.7337)  loss_bbox_aux_0: 0.0373 (0.0373)  loss_giou_aux_0: 0.4616 (0.4616)  loss_fgl_aux_0: 1.2503 (1.2503)  loss_ddf_aux_0: 0.0206 (0.0206)  loss_mal_aux_1: 0.6841 (0.6841)  loss_bbox_aux_1: 0.0380 (0.0380)  loss_giou_aux_1: 0.4527 (0.4527)  loss_fgl_aux_1: 1.2562 (1.2562)  loss_ddf_aux_1: 0.0013 (0.0013)  loss_mal_pre: 0.7315 (0.7315)  loss_bbox_pre: 0.0373 (0.0373)  loss_giou_pre: 0.4570 (0.4570)  loss_mal_enc_0: 0.8151 (0.8151)  loss_bbox_enc_0: 0.0420 (0.0420)  loss_giou_enc_0: 0.5044 (0.5044)  loss_mal_dn_0: 0.7108 (0.7108)  loss_bbox_dn_0: 0.0367 (0.0367)  loss_giou_dn_0: 0.4616 (0.4616)  loss_fgl_dn_0: 1.2547 (1.2547)  loss_ddf_dn_0: 0.1890 (0.1890)  loss_mal_dn_1: 0.6399 (0.6399)  loss_bbox_dn_1: 0.0279 (0.0279)  loss_giou_dn_1: 0.3650 (0.3650)  loss_fgl_dn_1: 1.1949 (1.1949)  loss_ddf_dn_1: 0.0052 (0.0052)  loss_mal_dn_2: 0.6366 (0.6366)  loss_bbox_dn_2: 0.0277 (0.0277)  loss_giou_dn_2: 0.3633 (0.3633)  loss_fgl_dn_2: 1.1936 (1.1936)  loss_ddf_dn_2: -0.0000 (0.0000)  loss_mal_dn_pre: 0.7091 (0.7091)  loss_bbox_dn_pre: 0.0365 (0.0365)  loss_giou_dn_pre: 0.4578 (0.4578)  loss_size: 0.0048 (0.0048)  time: 0.4720  data: 0.2321  max mem: 5227
Epoch: [18/30]  [44/45]  eta: 0:00:00  lr: 0.000100  loss: 16.9874 (17.1585)  loss_mal: 0.6324 (0.6329)  loss_bbox: 0.0296 (0.0315)  loss_giou: 0.3582 (0.3785)  loss_fgl: 1.2238 (1.2259)  loss_mal_aux_0: 0.6961 (0.7004)  loss_bbox_aux_0: 0.0297 (0.0326)  loss_giou_aux_0: 0.3697 (0.3929)  loss_fgl_aux_0: 1.2367 (1.2338)  loss_ddf_aux_0: 0.0222 (0.0223)  loss_mal_aux_1: 0.6410 (0.6424)  loss_bbox_aux_1: 0.0296 (0.0316)  loss_giou_aux_1: 0.3591 (0.3788)  loss_fgl_aux_1: 1.2234 (1.2263)  loss_ddf_aux_1: 0.0014 (0.0014)  loss_mal_pre: 0.6935 (0.6989)  loss_bbox_pre: 0.0294 (0.0326)  loss_giou_pre: 0.3671 (0.3921)  loss_mal_enc_0: 0.7683 (0.7814)  loss_bbox_enc_0: 0.0331 (0.0365)  loss_giou_enc_0: 0.4160 (0.4392)  loss_mal_dn_0: 0.6710 (0.6791)  loss_bbox_dn_0: 0.0308 (0.0329)  loss_giou_dn_0: 0.3892 (0.4030)  loss_fgl_dn_0: 1.2373 (1.2369)  loss_ddf_dn_0: 0.1435 (0.1527)  loss_mal_dn_1: 0.6030 (0.6029)  loss_bbox_dn_1: 0.0243 (0.0249)  loss_giou_dn_1: 0.3130 (0.3163)  loss_fgl_dn_1: 1.1689 (1.1680)  loss_ddf_dn_1: 0.0037 (0.0043)  loss_mal_dn_2: 0.5974 (0.6006)  loss_bbox_dn_2: 0.0242 (0.0249)  loss_giou_dn_2: 0.3123 (0.3155)  loss_fgl_dn_2: 1.1693 (1.1672)  loss_ddf_dn_2: -0.0000 (0.0000)  loss_mal_dn_pre: 0.6738 (0.6805)  loss_bbox_dn_pre: 0.0307 (0.0326)  loss_giou_dn_pre: 0.3839 (0.4006)  loss_size: 0.0032 (0.0038)  time: 0.2369  data: 0.0116  max mem: 5227
Epoch: [18/30] Total time: 0:00:11 (0.2450 s / it)
Averaged stats: lr: 0.000100  loss: 16.9874 (17.1585)  loss_mal: 0.6324 (0.6329)  loss_bbox: 0.0296 (0.0315)  loss_giou: 0.3582 (0.3785)  loss_fgl: 1.2238 (1.2259)  loss_mal_aux_0: 0.6961 (0.7004)  loss_bbox_aux_0: 0.0297 (0.0326)  loss_giou_aux_0: 0.3697 (0.3929)  loss_fgl_aux_0: 1.2367 (1.2338)  loss_ddf_aux_0: 0.0222 (0.0223)  loss_mal_aux_1: 0.6410 (0.6424)  loss_bbox_aux_1: 0.0296 (0.0316)  loss_giou_aux_1: 0.3591 (0.3788)  loss_fgl_aux_1: 1.2234 (1.2263)  loss_ddf_aux_1: 0.0014 (0.0014)  loss_mal_pre: 0.6935 (0.6989)  loss_bbox_pre: 0.0294 (0.0326)  loss_giou_pre: 0.3671 (0.3921)  loss_mal_enc_0: 0.7683 (0.7814)  loss_bbox_enc_0: 0.0331 (0.0365)  loss_giou_enc_0: 0.4160 (0.4392)  loss_mal_dn_0: 0.6710 (0.6791)  loss_bbox_dn_0: 0.0308 (0.0329)  loss_giou_dn_0: 0.3892 (0.4030)  loss_fgl_dn_0: 1.2373 (1.2369)  loss_ddf_dn_0: 0.1435 (0.1527)  loss_mal_dn_1: 0.6030 (0.6029)  loss_bbox_dn_1: 0.0243 (0.0249)  loss_giou_dn_1: 0.3130 (0.3163)  loss_fgl_dn_1: 1.1689 (1.1680)  loss_ddf_dn_1: 0.0037 (0.0043)  loss_mal_dn_2: 0.5974 (0.6006)  loss_bbox_dn_2: 0.0242 (0.0249)  loss_giou_dn_2: 0.3123 (0.3155)  loss_fgl_dn_2: 1.1693 (1.1672)  loss_ddf_dn_2: -0.0000 (0.0000)  loss_mal_dn_pre: 0.6738 (0.6805)  loss_bbox_dn_pre: 0.0307 (0.0326)  loss_giou_dn_pre: 0.3839 (0.4006)  loss_size: 0.0032 (0.0038)
Test:  [0/8]  eta: 0:00:02    time: 0.3147  data: 0.2467  max mem: 5227
Test:  [7/8]  eta: 0:00:00    time: 0.1221  data: 0.0433  max mem: 5227
Test: Total time: 0:00:01 (0.1269 s / it)
Metrics: {'f1': 0.8961038961038961, 'precision': 0.8313253012048193, 'recall': 0.971830985915493, 'iou': 0.5739031202652876, 'TPs': 138, 'FPs': 28, 'FNs': 4}
Averaged stats: 
Accumulating evaluation results...
COCOeval_opt.accumulate() finished...
DONE (t=0.01s).
IoU metric: bbox
 Average Precision  (AP) @[ IoU=0.50:0.95 | area=   all | maxDets=100 ] = 0.353
 Average Precision  (AP) @[ IoU=0.50      | area=   all | maxDets=100 ] = 0.895
 Average Precision  (AP) @[ IoU=0.75      | area=   all | maxDets=100 ] = 0.125
 Average Precision  (AP) @[ IoU=0.50:0.95 | area= small | maxDets=100 ] = 0.353
 Average Precision  (AP) @[ IoU=0.50:0.95 | area=medium | maxDets=100 ] = -1.000
 Average Precision  (AP) @[ IoU=0.50:0.95 | area= large | maxDets=100 ] = -1.000
 Average Recall     (AR) @[ IoU=0.50:0.95 | area=   all | maxDets=  1 ] = 0.205
 Average Recall     (AR) @[ IoU=0.50:0.95 | area=   all | maxDets= 10 ] = 0.503
 Average Recall     (AR) @[ IoU=0.50:0.95 | area=   all | maxDets=100 ] = 0.632
 Average Recall     (AR) @[ IoU=0.50:0.95 | area= small | maxDets=100 ] = 0.632
 Average Recall     (AR) @[ IoU=0.50:0.95 | area=medium | maxDets=100 ] = -1.000
 Average Recall     (AR) @[ IoU=0.50:0.95 | area= large | maxDets=100 ] = -1.000
 Average Recall     (AR) @[ IoU=0.50      | area=   all | maxDets=100 ] = 1.000
 Average Recall     (AR) @[ IoU=0.75      | area=   all | maxDets=100 ] = 0.761
best_stat: {'epoch': 17, 'coco_eval_bbox': 0.3687131804677677}
Epoch: [19/30]  [ 0/45]  eta: 0:00:20  lr: 0.000100  loss: 16.3192 (16.3192)  loss_mal: 0.5995 (0.5995)  loss_bbox: 0.0280 (0.0280)  loss_giou: 0.3358 (0.3358)  loss_fgl: 1.1938 (1.1938)  loss_mal_aux_0: 0.6383 (0.6383)  loss_bbox_aux_0: 0.0298 (0.0298)  loss_giou_aux_0: 0.3530 (0.3530)  loss_fgl_aux_0: 1.2088 (1.2088)  loss_ddf_aux_0: 0.0256 (0.0256)  loss_mal_aux_1: 0.6014 (0.6014)  loss_bbox_aux_1: 0.0278 (0.0278)  loss_giou_aux_1: 0.3312 (0.3312)  loss_fgl_aux_1: 1.1927 (1.1927)  loss_ddf_aux_1: 0.0015 (0.0015)  loss_mal_pre: 0.6366 (0.6366)  loss_bbox_pre: 0.0294 (0.0294)  loss_giou_pre: 0.3476 (0.3476)  loss_mal_enc_0: 0.7775 (0.7775)  loss_bbox_enc_0: 0.0357 (0.0357)  loss_giou_enc_0: 0.4171 (0.4171)  loss_mal_dn_0: 0.6515 (0.6515)  loss_bbox_dn_0: 0.0313 (0.0313)  loss_giou_dn_0: 0.3722 (0.3722)  loss_fgl_dn_0: 1.2241 (1.2241)  loss_ddf_dn_0: 0.1351 (0.1351)  loss_mal_dn_1: 0.5681 (0.5681)  loss_bbox_dn_1: 0.0225 (0.0225)  loss_giou_dn_1: 0.2790 (0.2790)  loss_fgl_dn_1: 1.1430 (1.1430)  loss_ddf_dn_1: 0.0045 (0.0045)  loss_mal_dn_2: 0.5680 (0.5680)  loss_bbox_dn_2: 0.0225 (0.0225)  loss_giou_dn_2: 0.2820 (0.2820)  loss_fgl_dn_2: 1.1461 (1.1461)  loss_ddf_dn_2: -0.0000 (0.0000)  loss_mal_dn_pre: 0.6536 (0.6536)  loss_bbox_dn_pre: 0.0311 (0.0311)  loss_giou_dn_pre: 0.3709 (0.3709)  loss_size: 0.0026 (0.0026)  time: 0.4630  data: 0.2274  max mem: 5227
Epoch: [19/30]  [44/45]  eta: 0:00:00  lr: 0.000100  loss: 16.6549 (16.7279)  loss_mal: 0.6191 (0.6182)  loss_bbox: 0.0291 (0.0291)  loss_giou: 0.3547 (0.3533)  loss_fgl: 1.2144 (1.2095)  loss_mal_aux_0: 0.6781 (0.6860)  loss_bbox_aux_0: 0.0300 (0.0309)  loss_giou_aux_0: 0.3663 (0.3711)  loss_fgl_aux_0: 1.2235 (1.2251)  loss_ddf_aux_0: 0.0239 (0.0249)  loss_mal_aux_1: 0.6266 (0.6241)  loss_bbox_aux_1: 0.0291 (0.0292)  loss_giou_aux_1: 0.3539 (0.3530)  loss_fgl_aux_1: 1.2146 (1.2100)  loss_ddf_aux_1: 0.0015 (0.0015)  loss_mal_pre: 0.6761 (0.6846)  loss_bbox_pre: 0.0298 (0.0309)  loss_giou_pre: 0.3655 (0.3709)  loss_mal_enc_0: 0.7747 (0.7792)  loss_bbox_enc_0: 0.0335 (0.0348)  loss_giou_enc_0: 0.4062 (0.4178)  loss_mal_dn_0: 0.6643 (0.6665)  loss_bbox_dn_0: 0.0309 (0.0309)  loss_giou_dn_0: 0.3769 (0.3803)  loss_fgl_dn_0: 1.2308 (1.2275)  loss_ddf_dn_0: 0.1392 (0.1440)  loss_mal_dn_1: 0.5886 (0.5848)  loss_bbox_dn_1: 0.0236 (0.0234)  loss_giou_dn_1: 0.3064 (0.2979)  loss_fgl_dn_1: 1.1562 (1.1505)  loss_ddf_dn_1: 0.0036 (0.0038)  loss_mal_dn_2: 0.5867 (0.5825)  loss_bbox_dn_2: 0.0235 (0.0233)  loss_giou_dn_2: 0.3044 (0.2972)  loss_fgl_dn_2: 1.1534 (1.1498)  loss_ddf_dn_2: -0.0000 (0.0000)  loss_mal_dn_pre: 0.6666 (0.6687)  loss_bbox_dn_pre: 0.0308 (0.0307)  loss_giou_dn_pre: 0.3772 (0.3787)  loss_size: 0.0032 (0.0035)  time: 0.2376  data: 0.0116  max mem: 5227
Epoch: [19/30] Total time: 0:00:10 (0.2440 s / it)
Averaged stats: lr: 0.000100  loss: 16.6549 (16.7279)  loss_mal: 0.6191 (0.6182)  loss_bbox: 0.0291 (0.0291)  loss_giou: 0.3547 (0.3533)  loss_fgl: 1.2144 (1.2095)  loss_mal_aux_0: 0.6781 (0.6860)  loss_bbox_aux_0: 0.0300 (0.0309)  loss_giou_aux_0: 0.3663 (0.3711)  loss_fgl_aux_0: 1.2235 (1.2251)  loss_ddf_aux_0: 0.0239 (0.0249)  loss_mal_aux_1: 0.6266 (0.6241)  loss_bbox_aux_1: 0.0291 (0.0292)  loss_giou_aux_1: 0.3539 (0.3530)  loss_fgl_aux_1: 1.2146 (1.2100)  loss_ddf_aux_1: 0.0015 (0.0015)  loss_mal_pre: 0.6761 (0.6846)  loss_bbox_pre: 0.0298 (0.0309)  loss_giou_pre: 0.3655 (0.3709)  loss_mal_enc_0: 0.7747 (0.7792)  loss_bbox_enc_0: 0.0335 (0.0348)  loss_giou_enc_0: 0.4062 (0.4178)  loss_mal_dn_0: 0.6643 (0.6665)  loss_bbox_dn_0: 0.0309 (0.0309)  loss_giou_dn_0: 0.3769 (0.3803)  loss_fgl_dn_0: 1.2308 (1.2275)  loss_ddf_dn_0: 0.1392 (0.1440)  loss_mal_dn_1: 0.5886 (0.5848)  loss_bbox_dn_1: 0.0236 (0.0234)  loss_giou_dn_1: 0.3064 (0.2979)  loss_fgl_dn_1: 1.1562 (1.1505)  loss_ddf_dn_1: 0.0036 (0.0038)  loss_mal_dn_2: 0.5867 (0.5825)  loss_bbox_dn_2: 0.0235 (0.0233)  loss_giou_dn_2: 0.3044 (0.2972)  loss_fgl_dn_2: 1.1534 (1.1498)  loss_ddf_dn_2: -0.0000 (0.0000)  loss_mal_dn_pre: 0.6666 (0.6687)  loss_bbox_dn_pre: 0.0308 (0.0307)  loss_giou_dn_pre: 0.3772 (0.3787)  loss_size: 0.0032 (0.0035)
Test:  [0/8]  eta: 0:00:02    time: 0.2917  data: 0.2365  max mem: 5227
Test:  [7/8]  eta: 0:00:00    time: 0.0967  data: 0.0419  max mem: 5227
Test: Total time: 0:00:00 (0.1013 s / it)
Metrics: {'f1': 0.92, 'precision': 0.8734177215189873, 'recall': 0.971830985915493, 'iou': 0.602173356362331, 'TPs': 138, 'FPs': 20, 'FNs': 4}
Averaged stats: 
Accumulating evaluation results...
COCOeval_opt.accumulate() finished...
DONE (t=0.01s).
IoU metric: bbox
 Average Precision  (AP) @[ IoU=0.50:0.95 | area=   all | maxDets=100 ] = 0.367
 Average Precision  (AP) @[ IoU=0.50      | area=   all | maxDets=100 ] = 0.930
 Average Precision  (AP) @[ IoU=0.75      | area=   all | maxDets=100 ] = 0.125
 Average Precision  (AP) @[ IoU=0.50:0.95 | area= small | maxDets=100 ] = 0.367
 Average Precision  (AP) @[ IoU=0.50:0.95 | area=medium | maxDets=100 ] = -1.000
 Average Precision  (AP) @[ IoU=0.50:0.95 | area= large | maxDets=100 ] = -1.000
 Average Recall     (AR) @[ IoU=0.50:0.95 | area=   all | maxDets=  1 ] = 0.214
 Average Recall     (AR) @[ IoU=0.50:0.95 | area=   all | maxDets= 10 ] = 0.502
 Average Recall     (AR) @[ IoU=0.50:0.95 | area=   all | maxDets=100 ] = 0.637
 Average Recall     (AR) @[ IoU=0.50:0.95 | area= small | maxDets=100 ] = 0.637
 Average Recall     (AR) @[ IoU=0.50:0.95 | area=medium | maxDets=100 ] = -1.000
 Average Recall     (AR) @[ IoU=0.50:0.95 | area= large | maxDets=100 ] = -1.000
 Average Recall     (AR) @[ IoU=0.50      | area=   all | maxDets=100 ] = 1.000
 Average Recall     (AR) @[ IoU=0.75      | area=   all | maxDets=100 ] = 0.732
best_stat: {'epoch': 17, 'coco_eval_bbox': 0.3687131804677677}
Epoch: [20/30]  [ 0/45]  eta: 0:00:20  lr: 0.000100  loss: 16.2394 (16.2394)  loss_mal: 0.6132 (0.6132)  loss_bbox: 0.0260 (0.0260)  loss_giou: 0.3309 (0.3309)  loss_fgl: 1.2201 (1.2201)  loss_mal_aux_0: 0.7091 (0.7091)  loss_bbox_aux_0: 0.0250 (0.0250)  loss_giou_aux_0: 0.3177 (0.3177)  loss_fgl_aux_0: 1.2125 (1.2125)  loss_ddf_aux_0: 0.0241 (0.0241)  loss_mal_aux_1: 0.6353 (0.6353)  loss_bbox_aux_1: 0.0259 (0.0259)  loss_giou_aux_1: 0.3302 (0.3302)  loss_fgl_aux_1: 1.2216 (1.2216)  loss_ddf_aux_1: 0.0014 (0.0014)  loss_mal_pre: 0.7128 (0.7128)  loss_bbox_pre: 0.0254 (0.0254)  loss_giou_pre: 0.3209 (0.3209)  loss_mal_enc_0: 0.7559 (0.7559)  loss_bbox_enc_0: 0.0293 (0.0293)  loss_giou_enc_0: 0.3574 (0.3574)  loss_mal_dn_0: 0.6401 (0.6401)  loss_bbox_dn_0: 0.0246 (0.0246)  loss_giou_dn_0: 0.3203 (0.3203)  loss_fgl_dn_0: 1.2024 (1.2024)  loss_ddf_dn_0: 0.1307 (0.1307)  loss_mal_dn_1: 0.5732 (0.5732)  loss_bbox_dn_1: 0.0206 (0.0206)  loss_giou_dn_1: 0.2743 (0.2743)  loss_fgl_dn_1: 1.1497 (1.1497)  loss_ddf_dn_1: 0.0029 (0.0029)  loss_mal_dn_2: 0.5735 (0.5735)  loss_bbox_dn_2: 0.0205 (0.0205)  loss_giou_dn_2: 0.2735 (0.2735)  loss_fgl_dn_2: 1.1482 (1.1482)  loss_ddf_dn_2: -0.0000 (0.0000)  loss_mal_dn_pre: 0.6428 (0.6428)  loss_bbox_dn_pre: 0.0246 (0.0246)  loss_giou_dn_pre: 0.3201 (0.3201)  loss_size: 0.0029 (0.0029)  time: 0.4659  data: 0.2269  max mem: 5227
Epoch: [20/30]  [44/45]  eta: 0:00:00  lr: 0.000100  loss: 16.4804 (16.4235)  loss_mal: 0.6123 (0.6093)  loss_bbox: 0.0275 (0.0275)  loss_giou: 0.3508 (0.3354)  loss_fgl: 1.2015 (1.1991)  loss_mal_aux_0: 0.6687 (0.6766)  loss_bbox_aux_0: 0.0280 (0.0288)  loss_giou_aux_0: 0.3503 (0.3496)  loss_fgl_aux_0: 1.2220 (1.2131)  loss_ddf_aux_0: 0.0242 (0.0246)  loss_mal_aux_1: 0.6149 (0.6152)  loss_bbox_aux_1: 0.0278 (0.0276)  loss_giou_aux_1: 0.3517 (0.3360)  loss_fgl_aux_1: 1.2043 (1.1997)  loss_ddf_aux_1: 0.0015 (0.0015)  loss_mal_pre: 0.6688 (0.6754)  loss_bbox_pre: 0.0281 (0.0288)  loss_giou_pre: 0.3489 (0.3496)  loss_mal_enc_0: 0.7605 (0.7616)  loss_bbox_enc_0: 0.0315 (0.0325)  loss_giou_enc_0: 0.3993 (0.3953)  loss_mal_dn_0: 0.6547 (0.6578)  loss_bbox_dn_0: 0.0287 (0.0298)  loss_giou_dn_0: 0.3594 (0.3660)  loss_fgl_dn_0: 1.2245 (1.2204)  loss_ddf_dn_0: 0.1473 (0.1446)  loss_mal_dn_1: 0.5792 (0.5773)  loss_bbox_dn_1: 0.0223 (0.0226)  loss_giou_dn_1: 0.2920 (0.2876)  loss_fgl_dn_1: 1.1483 (1.1424)  loss_ddf_dn_1: 0.0045 (0.0041)  loss_mal_dn_2: 0.5772 (0.5757)  loss_bbox_dn_2: 0.0221 (0.0225)  loss_giou_dn_2: 0.2906 (0.2863)  loss_fgl_dn_2: 1.1474 (1.1413)  loss_ddf_dn_2: -0.0000 (0.0000)  loss_mal_dn_pre: 0.6592 (0.6603)  loss_bbox_dn_pre: 0.0286 (0.0297)  loss_giou_dn_pre: 0.3587 (0.3647)  loss_size: 0.0032 (0.0032)  time: 0.2357  data: 0.0117  max mem: 5227
Epoch: [20/30] Total time: 0:00:10 (0.2420 s / it)
Averaged stats: lr: 0.000100  loss: 16.4804 (16.4235)  loss_mal: 0.6123 (0.6093)  loss_bbox: 0.0275 (0.0275)  loss_giou: 0.3508 (0.3354)  loss_fgl: 1.2015 (1.1991)  loss_mal_aux_0: 0.6687 (0.6766)  loss_bbox_aux_0: 0.0280 (0.0288)  loss_giou_aux_0: 0.3503 (0.3496)  loss_fgl_aux_0: 1.2220 (1.2131)  loss_ddf_aux_0: 0.0242 (0.0246)  loss_mal_aux_1: 0.6149 (0.6152)  loss_bbox_aux_1: 0.0278 (0.0276)  loss_giou_aux_1: 0.3517 (0.3360)  loss_fgl_aux_1: 1.2043 (1.1997)  loss_ddf_aux_1: 0.0015 (0.0015)  loss_mal_pre: 0.6688 (0.6754)  loss_bbox_pre: 0.0281 (0.0288)  loss_giou_pre: 0.3489 (0.3496)  loss_mal_enc_0: 0.7605 (0.7616)  loss_bbox_enc_0: 0.0315 (0.0325)  loss_giou_enc_0: 0.3993 (0.3953)  loss_mal_dn_0: 0.6547 (0.6578)  loss_bbox_dn_0: 0.0287 (0.0298)  loss_giou_dn_0: 0.3594 (0.3660)  loss_fgl_dn_0: 1.2245 (1.2204)  loss_ddf_dn_0: 0.1473 (0.1446)  loss_mal_dn_1: 0.5792 (0.5773)  loss_bbox_dn_1: 0.0223 (0.0226)  loss_giou_dn_1: 0.2920 (0.2876)  loss_fgl_dn_1: 1.1483 (1.1424)  loss_ddf_dn_1: 0.0045 (0.0041)  loss_mal_dn_2: 0.5772 (0.5757)  loss_bbox_dn_2: 0.0221 (0.0225)  loss_giou_dn_2: 0.2906 (0.2863)  loss_fgl_dn_2: 1.1474 (1.1413)  loss_ddf_dn_2: -0.0000 (0.0000)  loss_mal_dn_pre: 0.6592 (0.6603)  loss_bbox_dn_pre: 0.0286 (0.0297)  loss_giou_dn_pre: 0.3587 (0.3647)  loss_size: 0.0032 (0.0032)
Test:  [0/8]  eta: 0:00:02    time: 0.2871  data: 0.2312  max mem: 5227
Test:  [7/8]  eta: 0:00:00    time: 0.1186  data: 0.0404  max mem: 5227
Test: Total time: 0:00:00 (0.1233 s / it)
Metrics: {'f1': 0.9169435215946844, 'precision': 0.8679245283018868, 'recall': 0.971830985915493, 'iou': 0.5982443979181395, 'TPs': 138, 'FPs': 21, 'FNs': 4}
Averaged stats: 
Accumulating evaluation results...
COCOeval_opt.accumulate() finished...
DONE (t=0.01s).
IoU metric: bbox
 Average Precision  (AP) @[ IoU=0.50:0.95 | area=   all | maxDets=100 ] = 0.362
 Average Precision  (AP) @[ IoU=0.50      | area=   all | maxDets=100 ] = 0.919
 Average Precision  (AP) @[ IoU=0.75      | area=   all | maxDets=100 ] = 0.127
 Average Precision  (AP) @[ IoU=0.50:0.95 | area= small | maxDets=100 ] = 0.362
 Average Precision  (AP) @[ IoU=0.50:0.95 | area=medium | maxDets=100 ] = -1.000
 Average Precision  (AP) @[ IoU=0.50:0.95 | area= large | maxDets=100 ] = -1.000
 Average Recall     (AR) @[ IoU=0.50:0.95 | area=   all | maxDets=  1 ] = 0.211
 Average Recall     (AR) @[ IoU=0.50:0.95 | area=   all | maxDets= 10 ] = 0.501
 Average Recall     (AR) @[ IoU=0.50:0.95 | area=   all | maxDets=100 ] = 0.639
 Average Recall     (AR) @[ IoU=0.50:0.95 | area= small | maxDets=100 ] = 0.639
 Average Recall     (AR) @[ IoU=0.50:0.95 | area=medium | maxDets=100 ] = -1.000
 Average Recall     (AR) @[ IoU=0.50:0.95 | area= large | maxDets=100 ] = -1.000
 Average Recall     (AR) @[ IoU=0.50      | area=   all | maxDets=100 ] = 0.993
 Average Recall     (AR) @[ IoU=0.75      | area=   all | maxDets=100 ] = 0.768
best_stat: {'epoch': 17, 'coco_eval_bbox': 0.3687131804677677}
Epoch: [21/30]  [ 0/45]  eta: 0:00:22  lr: 0.000100  loss: 16.2707 (16.2707)  loss_mal: 0.5932 (0.5932)  loss_bbox: 0.0227 (0.0227)  loss_giou: 0.3202 (0.3202)  loss_fgl: 1.1918 (1.1918)  loss_mal_aux_0: 0.7124 (0.7124)  loss_bbox_aux_0: 0.0257 (0.0257)  loss_giou_aux_0: 0.3595 (0.3595)  loss_fgl_aux_0: 1.2183 (1.2183)  loss_ddf_aux_0: 0.0233 (0.0233)  loss_mal_aux_1: 0.6005 (0.6005)  loss_bbox_aux_1: 0.0228 (0.0228)  loss_giou_aux_1: 0.3232 (0.3232)  loss_fgl_aux_1: 1.1937 (1.1937)  loss_ddf_aux_1: 0.0014 (0.0014)  loss_mal_pre: 0.7102 (0.7102)  loss_bbox_pre: 0.0256 (0.0256)  loss_giou_pre: 0.3586 (0.3586)  loss_mal_enc_0: 0.7497 (0.7497)  loss_bbox_enc_0: 0.0275 (0.0275)  loss_giou_enc_0: 0.3857 (0.3857)  loss_mal_dn_0: 0.6521 (0.6521)  loss_bbox_dn_0: 0.0256 (0.0256)  loss_giou_dn_0: 0.3536 (0.3536)  loss_fgl_dn_0: 1.1988 (1.1988)  loss_ddf_dn_0: 0.1441 (0.1441)  loss_mal_dn_1: 0.5687 (0.5687)  loss_bbox_dn_1: 0.0196 (0.0196)  loss_giou_dn_1: 0.2814 (0.2814)  loss_fgl_dn_1: 1.1296 (1.1296)  loss_ddf_dn_1: 0.0029 (0.0029)  loss_mal_dn_2: 0.5673 (0.5673)  loss_bbox_dn_2: 0.0195 (0.0195)  loss_giou_dn_2: 0.2801 (0.2801)  loss_fgl_dn_2: 1.1284 (1.1284)  loss_ddf_dn_2: -0.0000 (0.0000)  loss_mal_dn_pre: 0.6534 (0.6534)  loss_bbox_dn_pre: 0.0254 (0.0254)  loss_giou_dn_pre: 0.3509 (0.3509)  loss_size: 0.0032 (0.0032)  time: 0.4947  data: 0.2605  max mem: 5227
Epoch: [21/30]  [44/45]  eta: 0:00:00  lr: 0.000100  loss: 16.0887 (16.2204)  loss_mal: 0.5968 (0.5999)  loss_bbox: 0.0253 (0.0263)  loss_giou: 0.3218 (0.3243)  loss_fgl: 1.1854 (1.1903)  loss_mal_aux_0: 0.6657 (0.6701)  loss_bbox_aux_0: 0.0264 (0.0277)  loss_giou_aux_0: 0.3184 (0.3398)  loss_fgl_aux_0: 1.2006 (1.2063)  loss_ddf_aux_0: 0.0280 (0.0266)  loss_mal_aux_1: 0.6020 (0.6062)  loss_bbox_aux_1: 0.0254 (0.0263)  loss_giou_aux_1: 0.3206 (0.3242)  loss_fgl_aux_1: 1.1842 (1.1905)  loss_ddf_aux_1: 0.0017 (0.0016)  loss_mal_pre: 0.6610 (0.6693)  loss_bbox_pre: 0.0266 (0.0277)  loss_giou_pre: 0.3194 (0.3402)  loss_mal_enc_0: 0.7521 (0.7521)  loss_bbox_enc_0: 0.0299 (0.0313)  loss_giou_enc_0: 0.3800 (0.3825)  loss_mal_dn_0: 0.6504 (0.6550)  loss_bbox_dn_0: 0.0277 (0.0286)  loss_giou_dn_0: 0.3473 (0.3556)  loss_fgl_dn_0: 1.2045 (1.2163)  loss_ddf_dn_0: 0.1534 (0.1487)  loss_mal_dn_1: 0.5669 (0.5703)  loss_bbox_dn_1: 0.0216 (0.0217)  loss_giou_dn_1: 0.2712 (0.2783)  loss_fgl_dn_1: 1.1260 (1.1348)  loss_ddf_dn_1: 0.0045 (0.0044)  loss_mal_dn_2: 0.5625 (0.5680)  loss_bbox_dn_2: 0.0216 (0.0216)  loss_giou_dn_2: 0.2704 (0.2774)  loss_fgl_dn_2: 1.1247 (1.1340)  loss_ddf_dn_2: -0.0000 (0.0000)  loss_mal_dn_pre: 0.6524 (0.6569)  loss_bbox_dn_pre: 0.0274 (0.0284)  loss_giou_dn_pre: 0.3432 (0.3543)  loss_size: 0.0026 (0.0029)  time: 0.2436  data: 0.0120  max mem: 5227
Epoch: [21/30] Total time: 0:00:11 (0.2489 s / it)
Averaged stats: lr: 0.000100  loss: 16.0887 (16.2204)  loss_mal: 0.5968 (0.5999)  loss_bbox: 0.0253 (0.0263)  loss_giou: 0.3218 (0.3243)  loss_fgl: 1.1854 (1.1903)  loss_mal_aux_0: 0.6657 (0.6701)  loss_bbox_aux_0: 0.0264 (0.0277)  loss_giou_aux_0: 0.3184 (0.3398)  loss_fgl_aux_0: 1.2006 (1.2063)  loss_ddf_aux_0: 0.0280 (0.0266)  loss_mal_aux_1: 0.6020 (0.6062)  loss_bbox_aux_1: 0.0254 (0.0263)  loss_giou_aux_1: 0.3206 (0.3242)  loss_fgl_aux_1: 1.1842 (1.1905)  loss_ddf_aux_1: 0.0017 (0.0016)  loss_mal_pre: 0.6610 (0.6693)  loss_bbox_pre: 0.0266 (0.0277)  loss_giou_pre: 0.3194 (0.3402)  loss_mal_enc_0: 0.7521 (0.7521)  loss_bbox_enc_0: 0.0299 (0.0313)  loss_giou_enc_0: 0.3800 (0.3825)  loss_mal_dn_0: 0.6504 (0.6550)  loss_bbox_dn_0: 0.0277 (0.0286)  loss_giou_dn_0: 0.3473 (0.3556)  loss_fgl_dn_0: 1.2045 (1.2163)  loss_ddf_dn_0: 0.1534 (0.1487)  loss_mal_dn_1: 0.5669 (0.5703)  loss_bbox_dn_1: 0.0216 (0.0217)  loss_giou_dn_1: 0.2712 (0.2783)  loss_fgl_dn_1: 1.1260 (1.1348)  loss_ddf_dn_1: 0.0045 (0.0044)  loss_mal_dn_2: 0.5625 (0.5680)  loss_bbox_dn_2: 0.0216 (0.0216)  loss_giou_dn_2: 0.2704 (0.2774)  loss_fgl_dn_2: 1.1247 (1.1340)  loss_ddf_dn_2: -0.0000 (0.0000)  loss_mal_dn_pre: 0.6524 (0.6569)  loss_bbox_dn_pre: 0.0274 (0.0284)  loss_giou_dn_pre: 0.3432 (0.3543)  loss_size: 0.0026 (0.0029)
Test:  [0/8]  eta: 0:00:02    time: 0.2959  data: 0.2393  max mem: 5227
Test:  [7/8]  eta: 0:00:00    time: 0.0987  data: 0.0431  max mem: 5227
Test: Total time: 0:00:00 (0.1030 s / it)
Metrics: {'f1': 0.9261744966442953, 'precision': 0.8846153846153846, 'recall': 0.971830985915493, 'iou': 0.6095490038394928, 'TPs': 138, 'FPs': 18, 'FNs': 4}
Averaged stats: 
Accumulating evaluation results...
COCOeval_opt.accumulate() finished...
DONE (t=0.01s).
IoU metric: bbox
 Average Precision  (AP) @[ IoU=0.50:0.95 | area=   all | maxDets=100 ] = 0.359
 Average Precision  (AP) @[ IoU=0.50      | area=   all | maxDets=100 ] = 0.916
 Average Precision  (AP) @[ IoU=0.75      | area=   all | maxDets=100 ] = 0.133
 Average Precision  (AP) @[ IoU=0.50:0.95 | area= small | maxDets=100 ] = 0.360
 Average Precision  (AP) @[ IoU=0.50:0.95 | area=medium | maxDets=100 ] = -1.000
 Average Precision  (AP) @[ IoU=0.50:0.95 | area= large | maxDets=100 ] = -1.000
 Average Recall     (AR) @[ IoU=0.50:0.95 | area=   all | maxDets=  1 ] = 0.211
 Average Recall     (AR) @[ IoU=0.50:0.95 | area=   all | maxDets= 10 ] = 0.504
 Average Recall     (AR) @[ IoU=0.50:0.95 | area=   all | maxDets=100 ] = 0.637
 Average Recall     (AR) @[ IoU=0.50:0.95 | area= small | maxDets=100 ] = 0.637
 Average Recall     (AR) @[ IoU=0.50:0.95 | area=medium | maxDets=100 ] = -1.000
 Average Recall     (AR) @[ IoU=0.50:0.95 | area= large | maxDets=100 ] = -1.000
 Average Recall     (AR) @[ IoU=0.50      | area=   all | maxDets=100 ] = 1.000
 Average Recall     (AR) @[ IoU=0.75      | area=   all | maxDets=100 ] = 0.732
best_stat: {'epoch': 17, 'coco_eval_bbox': 0.3687131804677677}
Epoch: [22/30]  [ 0/45]  eta: 0:00:21  lr: 0.000100  loss: 16.9502 (16.9502)  loss_mal: 0.6327 (0.6327)  loss_bbox: 0.0332 (0.0332)  loss_giou: 0.3802 (0.3802)  loss_fgl: 1.2130 (1.2130)  loss_mal_aux_0: 0.6491 (0.6491)  loss_bbox_aux_0: 0.0321 (0.0321)  loss_giou_aux_0: 0.3765 (0.3765)  loss_fgl_aux_0: 1.1968 (1.1968)  loss_ddf_aux_0: 0.0237 (0.0237)  loss_mal_aux_1: 0.6341 (0.6341)  loss_bbox_aux_1: 0.0329 (0.0329)  loss_giou_aux_1: 0.3771 (0.3771)  loss_fgl_aux_1: 1.2105 (1.2105)  loss_ddf_aux_1: 0.0016 (0.0016)  loss_mal_pre: 0.6511 (0.6511)  loss_bbox_pre: 0.0323 (0.0323)  loss_giou_pre: 0.3782 (0.3782)  loss_mal_enc_0: 0.8066 (0.8066)  loss_bbox_enc_0: 0.0381 (0.0381)  loss_giou_enc_0: 0.4233 (0.4233)  loss_mal_dn_0: 0.6774 (0.6774)  loss_bbox_dn_0: 0.0369 (0.0369)  loss_giou_dn_0: 0.4148 (0.4148)  loss_fgl_dn_0: 1.2346 (1.2346)  loss_ddf_dn_0: 0.1638 (0.1638)  loss_mal_dn_1: 0.6018 (0.6018)  loss_bbox_dn_1: 0.0259 (0.0259)  loss_giou_dn_1: 0.3124 (0.3124)  loss_fgl_dn_1: 1.1345 (1.1345)  loss_ddf_dn_1: 0.0050 (0.0050)  loss_mal_dn_2: 0.6017 (0.6017)  loss_bbox_dn_2: 0.0261 (0.0261)  loss_giou_dn_2: 0.3149 (0.3149)  loss_fgl_dn_2: 1.1377 (1.1377)  loss_ddf_dn_2: -0.0000 (0.0000)  loss_mal_dn_pre: 0.6801 (0.6801)  loss_bbox_dn_pre: 0.0372 (0.0372)  loss_giou_dn_pre: 0.4178 (0.4178)  loss_size: 0.0043 (0.0043)  time: 0.4693  data: 0.2319  max mem: 5227
Epoch: [22/30]  [44/45]  eta: 0:00:00  lr: 0.000100  loss: 15.8310 (16.0086)  loss_mal: 0.5774 (0.5878)  loss_bbox: 0.0246 (0.0252)  loss_giou: 0.2984 (0.3104)  loss_fgl: 1.1683 (1.1773)  loss_mal_aux_0: 0.6446 (0.6540)  loss_bbox_aux_0: 0.0266 (0.0269)  loss_giou_aux_0: 0.3315 (0.3320)  loss_fgl_aux_0: 1.1856 (1.1977)  loss_ddf_aux_0: 0.0285 (0.0253)  loss_mal_aux_1: 0.5871 (0.5924)  loss_bbox_aux_1: 0.0244 (0.0252)  loss_giou_aux_1: 0.2993 (0.3099)  loss_fgl_aux_1: 1.1672 (1.1770)  loss_ddf_aux_1: 0.0017 (0.0016)  loss_mal_pre: 0.6357 (0.6527)  loss_bbox_pre: 0.0265 (0.0268)  loss_giou_pre: 0.3279 (0.3310)  loss_mal_enc_0: 0.7403 (0.7447)  loss_bbox_enc_0: 0.0303 (0.0308)  loss_giou_enc_0: 0.3603 (0.3759)  loss_mal_dn_0: 0.6546 (0.6535)  loss_bbox_dn_0: 0.0281 (0.0288)  loss_giou_dn_0: 0.3533 (0.3579)  loss_fgl_dn_0: 1.2101 (1.2147)  loss_ddf_dn_0: 0.1517 (0.1482)  loss_mal_dn_1: 0.5537 (0.5624)  loss_bbox_dn_1: 0.0201 (0.0213)  loss_giou_dn_1: 0.2627 (0.2717)  loss_fgl_dn_1: 1.1125 (1.1231)  loss_ddf_dn_1: 0.0043 (0.0043)  loss_mal_dn_2: 0.5532 (0.5605)  loss_bbox_dn_2: 0.0203 (0.0213)  loss_giou_dn_2: 0.2626 (0.2712)  loss_fgl_dn_2: 1.1097 (1.1229)  loss_ddf_dn_2: -0.0000 (0.0000)  loss_mal_dn_pre: 0.6549 (0.6550)  loss_bbox_dn_pre: 0.0278 (0.0287)  loss_giou_dn_pre: 0.3512 (0.3562)  loss_size: 0.0023 (0.0027)  time: 0.2365  data: 0.0116  max mem: 5227
Epoch: [22/30] Total time: 0:00:10 (0.2437 s / it)
Averaged stats: lr: 0.000100  loss: 15.8310 (16.0086)  loss_mal: 0.5774 (0.5878)  loss_bbox: 0.0246 (0.0252)  loss_giou: 0.2984 (0.3104)  loss_fgl: 1.1683 (1.1773)  loss_mal_aux_0: 0.6446 (0.6540)  loss_bbox_aux_0: 0.0266 (0.0269)  loss_giou_aux_0: 0.3315 (0.3320)  loss_fgl_aux_0: 1.1856 (1.1977)  loss_ddf_aux_0: 0.0285 (0.0253)  loss_mal_aux_1: 0.5871 (0.5924)  loss_bbox_aux_1: 0.0244 (0.0252)  loss_giou_aux_1: 0.2993 (0.3099)  loss_fgl_aux_1: 1.1672 (1.1770)  loss_ddf_aux_1: 0.0017 (0.0016)  loss_mal_pre: 0.6357 (0.6527)  loss_bbox_pre: 0.0265 (0.0268)  loss_giou_pre: 0.3279 (0.3310)  loss_mal_enc_0: 0.7403 (0.7447)  loss_bbox_enc_0: 0.0303 (0.0308)  loss_giou_enc_0: 0.3603 (0.3759)  loss_mal_dn_0: 0.6546 (0.6535)  loss_bbox_dn_0: 0.0281 (0.0288)  loss_giou_dn_0: 0.3533 (0.3579)  loss_fgl_dn_0: 1.2101 (1.2147)  loss_ddf_dn_0: 0.1517 (0.1482)  loss_mal_dn_1: 0.5537 (0.5624)  loss_bbox_dn_1: 0.0201 (0.0213)  loss_giou_dn_1: 0.2627 (0.2717)  loss_fgl_dn_1: 1.1125 (1.1231)  loss_ddf_dn_1: 0.0043 (0.0043)  loss_mal_dn_2: 0.5532 (0.5605)  loss_bbox_dn_2: 0.0203 (0.0213)  loss_giou_dn_2: 0.2626 (0.2712)  loss_fgl_dn_2: 1.1097 (1.1229)  loss_ddf_dn_2: -0.0000 (0.0000)  loss_mal_dn_pre: 0.6549 (0.6550)  loss_bbox_dn_pre: 0.0278 (0.0287)  loss_giou_dn_pre: 0.3512 (0.3562)  loss_size: 0.0023 (0.0027)
Test:  [0/8]  eta: 0:00:02    time: 0.2846  data: 0.2296  max mem: 5227
Test:  [7/8]  eta: 0:00:00    time: 0.1207  data: 0.0410  max mem: 5227
Test: Total time: 0:00:01 (0.1251 s / it)
Metrics: {'f1': 0.9078947368421053, 'precision': 0.8518518518518519, 'recall': 0.971830985915493, 'iou': 0.5875657383935997, 'TPs': 138, 'FPs': 24, 'FNs': 4}
Averaged stats: 
Accumulating evaluation results...
COCOeval_opt.accumulate() finished...
DONE (t=0.01s).
IoU metric: bbox
 Average Precision  (AP) @[ IoU=0.50:0.95 | area=   all | maxDets=100 ] = 0.359
 Average Precision  (AP) @[ IoU=0.50      | area=   all | maxDets=100 ] = 0.920
 Average Precision  (AP) @[ IoU=0.75      | area=   all | maxDets=100 ] = 0.132
 Average Precision  (AP) @[ IoU=0.50:0.95 | area= small | maxDets=100 ] = 0.359
 Average Precision  (AP) @[ IoU=0.50:0.95 | area=medium | maxDets=100 ] = -1.000
 Average Precision  (AP) @[ IoU=0.50:0.95 | area= large | maxDets=100 ] = -1.000
 Average Recall     (AR) @[ IoU=0.50:0.95 | area=   all | maxDets=  1 ] = 0.205
 Average Recall     (AR) @[ IoU=0.50:0.95 | area=   all | maxDets= 10 ] = 0.500
 Average Recall     (AR) @[ IoU=0.50:0.95 | area=   all | maxDets=100 ] = 0.639
 Average Recall     (AR) @[ IoU=0.50:0.95 | area= small | maxDets=100 ] = 0.639
 Average Recall     (AR) @[ IoU=0.50:0.95 | area=medium | maxDets=100 ] = -1.000
 Average Recall     (AR) @[ IoU=0.50:0.95 | area= large | maxDets=100 ] = -1.000
 Average Recall     (AR) @[ IoU=0.50      | area=   all | maxDets=100 ] = 1.000
 Average Recall     (AR) @[ IoU=0.75      | area=   all | maxDets=100 ] = 0.704
best_stat: {'epoch': 17, 'coco_eval_bbox': 0.3687131804677677}
Epoch: [23/30]  [ 0/45]  eta: 0:00:22  lr: 0.000100  loss: 14.6954 (14.6954)  loss_mal: 0.5323 (0.5323)  loss_bbox: 0.0166 (0.0166)  loss_giou: 0.2321 (0.2321)  loss_fgl: 1.1057 (1.1057)  loss_mal_aux_0: 0.6031 (0.6031)  loss_bbox_aux_0: 0.0199 (0.0199)  loss_giou_aux_0: 0.2666 (0.2666)  loss_fgl_aux_0: 1.1564 (1.1564)  loss_ddf_aux_0: 0.0286 (0.0286)  loss_mal_aux_1: 0.5352 (0.5352)  loss_bbox_aux_1: 0.0168 (0.0168)  loss_giou_aux_1: 0.2345 (0.2345)  loss_fgl_aux_1: 1.1102 (1.1102)  loss_ddf_aux_1: 0.0016 (0.0016)  loss_mal_pre: 0.6001 (0.6001)  loss_bbox_pre: 0.0195 (0.0195)  loss_giou_pre: 0.2626 (0.2626)  loss_mal_enc_0: 0.6993 (0.6993)  loss_bbox_enc_0: 0.0243 (0.0243)  loss_giou_enc_0: 0.3253 (0.3253)  loss_mal_dn_0: 0.6220 (0.6220)  loss_bbox_dn_0: 0.0221 (0.0221)  loss_giou_dn_0: 0.3087 (0.3087)  loss_fgl_dn_0: 1.1796 (1.1796)  loss_ddf_dn_0: 0.1439 (0.1439)  loss_mal_dn_1: 0.5194 (0.5194)  loss_bbox_dn_1: 0.0160 (0.0160)  loss_giou_dn_1: 0.2303 (0.2303)  loss_fgl_dn_1: 1.0709 (1.0709)  loss_ddf_dn_1: 0.0043 (0.0043)  loss_mal_dn_2: 0.5182 (0.5182)  loss_bbox_dn_2: 0.0158 (0.0158)  loss_giou_dn_2: 0.2282 (0.2282)  loss_fgl_dn_2: 1.0672 (1.0672)  loss_ddf_dn_2: -0.0000 (0.0000)  loss_mal_dn_pre: 0.6261 (0.6261)  loss_bbox_dn_pre: 0.0219 (0.0219)  loss_giou_dn_pre: 0.3083 (0.3083)  loss_size: 0.0015 (0.0015)  time: 0.4984  data: 0.2551  max mem: 5227
Epoch: [23/30]  [44/45]  eta: 0:00:00  lr: 0.000100  loss: 15.5148 (15.7241)  loss_mal: 0.5728 (0.5783)  loss_bbox: 0.0234 (0.0240)  loss_giou: 0.2930 (0.2962)  loss_fgl: 1.1542 (1.1664)  loss_mal_aux_0: 0.6359 (0.6484)  loss_bbox_aux_0: 0.0242 (0.0256)  loss_giou_aux_0: 0.3009 (0.3126)  loss_fgl_aux_0: 1.1883 (1.1895)  loss_ddf_aux_0: 0.0283 (0.0295)  loss_mal_aux_1: 0.5795 (0.5865)  loss_bbox_aux_1: 0.0234 (0.0241)  loss_giou_aux_1: 0.2940 (0.2965)  loss_fgl_aux_1: 1.1535 (1.1674)  loss_ddf_aux_1: 0.0015 (0.0016)  loss_mal_pre: 0.6382 (0.6475)  loss_bbox_pre: 0.0243 (0.0256)  loss_giou_pre: 0.3024 (0.3125)  loss_mal_enc_0: 0.7351 (0.7384)  loss_bbox_enc_0: 0.0282 (0.0290)  loss_giou_enc_0: 0.3453 (0.3549)  loss_mal_dn_0: 0.6410 (0.6421)  loss_bbox_dn_0: 0.0259 (0.0271)  loss_giou_dn_0: 0.3233 (0.3351)  loss_fgl_dn_0: 1.1997 (1.2056)  loss_ddf_dn_0: 0.1487 (0.1585)  loss_mal_dn_1: 0.5525 (0.5519)  loss_bbox_dn_1: 0.0198 (0.0204)  loss_giou_dn_1: 0.2572 (0.2591)  loss_fgl_dn_1: 1.1046 (1.1154)  loss_ddf_dn_1: 0.0057 (0.0054)  loss_mal_dn_2: 0.5502 (0.5493)  loss_bbox_dn_2: 0.0197 (0.0203)  loss_giou_dn_2: 0.2565 (0.2578)  loss_fgl_dn_2: 1.1027 (1.1139)  loss_ddf_dn_2: -0.0000 (0.0000)  loss_mal_dn_pre: 0.6436 (0.6440)  loss_bbox_dn_pre: 0.0261 (0.0270)  loss_giou_dn_pre: 0.3250 (0.3343)  loss_size: 0.0024 (0.0025)  time: 0.2365  data: 0.0116  max mem: 5227
Epoch: [23/30] Total time: 0:00:11 (0.2452 s / it)
Averaged stats: lr: 0.000100  loss: 15.5148 (15.7241)  loss_mal: 0.5728 (0.5783)  loss_bbox: 0.0234 (0.0240)  loss_giou: 0.2930 (0.2962)  loss_fgl: 1.1542 (1.1664)  loss_mal_aux_0: 0.6359 (0.6484)  loss_bbox_aux_0: 0.0242 (0.0256)  loss_giou_aux_0: 0.3009 (0.3126)  loss_fgl_aux_0: 1.1883 (1.1895)  loss_ddf_aux_0: 0.0283 (0.0295)  loss_mal_aux_1: 0.5795 (0.5865)  loss_bbox_aux_1: 0.0234 (0.0241)  loss_giou_aux_1: 0.2940 (0.2965)  loss_fgl_aux_1: 1.1535 (1.1674)  loss_ddf_aux_1: 0.0015 (0.0016)  loss_mal_pre: 0.6382 (0.6475)  loss_bbox_pre: 0.0243 (0.0256)  loss_giou_pre: 0.3024 (0.3125)  loss_mal_enc_0: 0.7351 (0.7384)  loss_bbox_enc_0: 0.0282 (0.0290)  loss_giou_enc_0: 0.3453 (0.3549)  loss_mal_dn_0: 0.6410 (0.6421)  loss_bbox_dn_0: 0.0259 (0.0271)  loss_giou_dn_0: 0.3233 (0.3351)  loss_fgl_dn_0: 1.1997 (1.2056)  loss_ddf_dn_0: 0.1487 (0.1585)  loss_mal_dn_1: 0.5525 (0.5519)  loss_bbox_dn_1: 0.0198 (0.0204)  loss_giou_dn_1: 0.2572 (0.2591)  loss_fgl_dn_1: 1.1046 (1.1154)  loss_ddf_dn_1: 0.0057 (0.0054)  loss_mal_dn_2: 0.5502 (0.5493)  loss_bbox_dn_2: 0.0197 (0.0203)  loss_giou_dn_2: 0.2565 (0.2578)  loss_fgl_dn_2: 1.1027 (1.1139)  loss_ddf_dn_2: -0.0000 (0.0000)  loss_mal_dn_pre: 0.6436 (0.6440)  loss_bbox_dn_pre: 0.0261 (0.0270)  loss_giou_dn_pre: 0.3250 (0.3343)  loss_size: 0.0024 (0.0025)
Test:  [0/8]  eta: 0:00:02    time: 0.2945  data: 0.2387  max mem: 5227
Test:  [7/8]  eta: 0:00:00    time: 0.0978  data: 0.0425  max mem: 5227
Test: Total time: 0:00:00 (0.1026 s / it)
Metrics: {'f1': 0.9108910891089108, 'precision': 0.8571428571428571, 'recall': 0.971830985915493, 'iou': 0.5914365432479165, 'TPs': 138, 'FPs': 23, 'FNs': 4}
Averaged stats: 
Accumulating evaluation results...
COCOeval_opt.accumulate() finished...
DONE (t=0.01s).
IoU metric: bbox
 Average Precision  (AP) @[ IoU=0.50:0.95 | area=   all | maxDets=100 ] = 0.358
 Average Precision  (AP) @[ IoU=0.50      | area=   all | maxDets=100 ] = 0.918
 Average Precision  (AP) @[ IoU=0.75      | area=   all | maxDets=100 ] = 0.124
 Average Precision  (AP) @[ IoU=0.50:0.95 | area= small | maxDets=100 ] = 0.358
 Average Precision  (AP) @[ IoU=0.50:0.95 | area=medium | maxDets=100 ] = -1.000
 Average Precision  (AP) @[ IoU=0.50:0.95 | area= large | maxDets=100 ] = -1.000
 Average Recall     (AR) @[ IoU=0.50:0.95 | area=   all | maxDets=  1 ] = 0.205
 Average Recall     (AR) @[ IoU=0.50:0.95 | area=   all | maxDets= 10 ] = 0.502
 Average Recall     (AR) @[ IoU=0.50:0.95 | area=   all | maxDets=100 ] = 0.635
 Average Recall     (AR) @[ IoU=0.50:0.95 | area= small | maxDets=100 ] = 0.635
 Average Recall     (AR) @[ IoU=0.50:0.95 | area=medium | maxDets=100 ] = -1.000
 Average Recall     (AR) @[ IoU=0.50:0.95 | area= large | maxDets=100 ] = -1.000
 Average Recall     (AR) @[ IoU=0.50      | area=   all | maxDets=100 ] = 1.000
 Average Recall     (AR) @[ IoU=0.75      | area=   all | maxDets=100 ] = 0.732
best_stat: {'epoch': 17, 'coco_eval_bbox': 0.3687131804677677}
Epoch: [24/30]  [ 0/45]  eta: 0:00:21  lr: 0.000010  loss: 15.6187 (15.6187)  loss_mal: 0.5773 (0.5773)  loss_bbox: 0.0234 (0.0234)  loss_giou: 0.2754 (0.2754)  loss_fgl: 1.1659 (1.1659)  loss_mal_aux_0: 0.6631 (0.6631)  loss_bbox_aux_0: 0.0240 (0.0240)  loss_giou_aux_0: 0.2944 (0.2944)  loss_fgl_aux_0: 1.1651 (1.1651)  loss_ddf_aux_0: 0.0314 (0.0314)  loss_mal_aux_1: 0.5814 (0.5814)  loss_bbox_aux_1: 0.0231 (0.0231)  loss_giou_aux_1: 0.2737 (0.2737)  loss_fgl_aux_1: 1.1632 (1.1632)  loss_ddf_aux_1: 0.0014 (0.0014)  loss_mal_pre: 0.6596 (0.6596)  loss_bbox_pre: 0.0241 (0.0241)  loss_giou_pre: 0.2941 (0.2941)  loss_mal_enc_0: 0.7461 (0.7461)  loss_bbox_enc_0: 0.0290 (0.0290)  loss_giou_enc_0: 0.3371 (0.3371)  loss_mal_dn_0: 0.6560 (0.6560)  loss_bbox_dn_0: 0.0273 (0.0273)  loss_giou_dn_0: 0.3314 (0.3314)  loss_fgl_dn_0: 1.2055 (1.2055)  loss_ddf_dn_0: 0.1605 (0.1605)  loss_mal_dn_1: 0.5532 (0.5532)  loss_bbox_dn_1: 0.0206 (0.0206)  loss_giou_dn_1: 0.2488 (0.2488)  loss_fgl_dn_1: 1.1120 (1.1120)  loss_ddf_dn_1: 0.0048 (0.0048)  loss_mal_dn_2: 0.5513 (0.5513)  loss_bbox_dn_2: 0.0205 (0.0205)  loss_giou_dn_2: 0.2473 (0.2473)  loss_fgl_dn_2: 1.1088 (1.1088)  loss_ddf_dn_2: -0.0000 (0.0000)  loss_mal_dn_pre: 0.6572 (0.6572)  loss_bbox_dn_pre: 0.0272 (0.0272)  loss_giou_dn_pre: 0.3305 (0.3305)  loss_size: 0.0031 (0.0031)  time: 0.4769  data: 0.2384  max mem: 5227
Epoch: [24/30]  [44/45]  eta: 0:00:00  lr: 0.000010  loss: 14.4812 (14.9594)  loss_mal: 0.5138 (0.5504)  loss_bbox: 0.0186 (0.0208)  loss_giou: 0.2304 (0.2618)  loss_fgl: 1.0958 (1.1219)  loss_mal_aux_0: 0.6150 (0.6369)  loss_bbox_aux_0: 0.0211 (0.0222)  loss_giou_aux_0: 0.2567 (0.2779)  loss_fgl_aux_0: 1.1302 (1.1475)  loss_ddf_aux_0: 0.0282 (0.0286)  loss_mal_aux_1: 0.5252 (0.5551)  loss_bbox_aux_1: 0.0187 (0.0208)  loss_giou_aux_1: 0.2287 (0.2623)  loss_fgl_aux_1: 1.0977 (1.1227)  loss_ddf_aux_1: 0.0016 (0.0016)  loss_mal_pre: 0.6169 (0.6351)  loss_bbox_pre: 0.0208 (0.0222)  loss_giou_pre: 0.2567 (0.2781)  loss_mal_enc_0: 0.7205 (0.7246)  loss_bbox_enc_0: 0.0252 (0.0269)  loss_giou_enc_0: 0.3032 (0.3311)  loss_mal_dn_0: 0.6058 (0.6214)  loss_bbox_dn_0: 0.0224 (0.0236)  loss_giou_dn_0: 0.2807 (0.2983)  loss_fgl_dn_0: 1.1572 (1.1716)  loss_ddf_dn_0: 0.1344 (0.1411)  loss_mal_dn_1: 0.5013 (0.5241)  loss_bbox_dn_1: 0.0171 (0.0180)  loss_giou_dn_1: 0.2150 (0.2324)  loss_fgl_dn_1: 1.0571 (1.0787)  loss_ddf_dn_1: 0.0048 (0.0049)  loss_mal_dn_2: 0.5030 (0.5221)  loss_bbox_dn_2: 0.0169 (0.0179)  loss_giou_dn_2: 0.2145 (0.2312)  loss_fgl_dn_2: 1.0569 (1.0767)  loss_ddf_dn_2: -0.0000 (0.0000)  loss_mal_dn_pre: 0.6090 (0.6251)  loss_bbox_dn_pre: 0.0225 (0.0236)  loss_giou_dn_pre: 0.2811 (0.2986)  loss_size: 0.0015 (0.0019)  time: 0.2395  data: 0.0118  max mem: 5227
Epoch: [24/30] Total time: 0:00:11 (0.2459 s / it)
Averaged stats: lr: 0.000010  loss: 14.4812 (14.9594)  loss_mal: 0.5138 (0.5504)  loss_bbox: 0.0186 (0.0208)  loss_giou: 0.2304 (0.2618)  loss_fgl: 1.0958 (1.1219)  loss_mal_aux_0: 0.6150 (0.6369)  loss_bbox_aux_0: 0.0211 (0.0222)  loss_giou_aux_0: 0.2567 (0.2779)  loss_fgl_aux_0: 1.1302 (1.1475)  loss_ddf_aux_0: 0.0282 (0.0286)  loss_mal_aux_1: 0.5252 (0.5551)  loss_bbox_aux_1: 0.0187 (0.0208)  loss_giou_aux_1: 0.2287 (0.2623)  loss_fgl_aux_1: 1.0977 (1.1227)  loss_ddf_aux_1: 0.0016 (0.0016)  loss_mal_pre: 0.6169 (0.6351)  loss_bbox_pre: 0.0208 (0.0222)  loss_giou_pre: 0.2567 (0.2781)  loss_mal_enc_0: 0.7205 (0.7246)  loss_bbox_enc_0: 0.0252 (0.0269)  loss_giou_enc_0: 0.3032 (0.3311)  loss_mal_dn_0: 0.6058 (0.6214)  loss_bbox_dn_0: 0.0224 (0.0236)  loss_giou_dn_0: 0.2807 (0.2983)  loss_fgl_dn_0: 1.1572 (1.1716)  loss_ddf_dn_0: 0.1344 (0.1411)  loss_mal_dn_1: 0.5013 (0.5241)  loss_bbox_dn_1: 0.0171 (0.0180)  loss_giou_dn_1: 0.2150 (0.2324)  loss_fgl_dn_1: 1.0571 (1.0787)  loss_ddf_dn_1: 0.0048 (0.0049)  loss_mal_dn_2: 0.5030 (0.5221)  loss_bbox_dn_2: 0.0169 (0.0179)  loss_giou_dn_2: 0.2145 (0.2312)  loss_fgl_dn_2: 1.0569 (1.0767)  loss_ddf_dn_2: -0.0000 (0.0000)  loss_mal_dn_pre: 0.6090 (0.6251)  loss_bbox_dn_pre: 0.0225 (0.0236)  loss_giou_dn_pre: 0.2811 (0.2986)  loss_size: 0.0015 (0.0019)
Test:  [0/8]  eta: 0:00:02    time: 0.3069  data: 0.2508  max mem: 5227
Test:  [7/8]  eta: 0:00:00    time: 0.1231  data: 0.0431  max mem: 5227
Test: Total time: 0:00:01 (0.1284 s / it)
Metrics: {'f1': 0.906040268456376, 'precision': 0.8653846153846154, 'recall': 0.9507042253521126, 'iou': 0.5853208990916152, 'TPs': 135, 'FPs': 21, 'FNs': 7}
Averaged stats: 
Accumulating evaluation results...
COCOeval_opt.accumulate() finished...
DONE (t=0.01s).
IoU metric: bbox
 Average Precision  (AP) @[ IoU=0.50:0.95 | area=   all | maxDets=100 ] = 0.352
 Average Precision  (AP) @[ IoU=0.50      | area=   all | maxDets=100 ] = 0.907
 Average Precision  (AP) @[ IoU=0.75      | area=   all | maxDets=100 ] = 0.125
 Average Precision  (AP) @[ IoU=0.50:0.95 | area= small | maxDets=100 ] = 0.352
 Average Precision  (AP) @[ IoU=0.50:0.95 | area=medium | maxDets=100 ] = -1.000
 Average Precision  (AP) @[ IoU=0.50:0.95 | area= large | maxDets=100 ] = -1.000
 Average Recall     (AR) @[ IoU=0.50:0.95 | area=   all | maxDets=  1 ] = 0.208
 Average Recall     (AR) @[ IoU=0.50:0.95 | area=   all | maxDets= 10 ] = 0.502
 Average Recall     (AR) @[ IoU=0.50:0.95 | area=   all | maxDets=100 ] = 0.635
 Average Recall     (AR) @[ IoU=0.50:0.95 | area= small | maxDets=100 ] = 0.635
 Average Recall     (AR) @[ IoU=0.50:0.95 | area=medium | maxDets=100 ] = -1.000
 Average Recall     (AR) @[ IoU=0.50:0.95 | area= large | maxDets=100 ] = -1.000
 Average Recall     (AR) @[ IoU=0.50      | area=   all | maxDets=100 ] = 1.000
 Average Recall     (AR) @[ IoU=0.75      | area=   all | maxDets=100 ] = 0.704
best_stat: {'epoch': 17, 'coco_eval_bbox': 0.3687131804677677}
Epoch: [25/30]  [ 0/45]  eta: 0:00:21  lr: 0.000010  loss: 14.1995 (14.1995)  loss_mal: 0.5158 (0.5158)  loss_bbox: 0.0196 (0.0196)  loss_giou: 0.2312 (0.2312)  loss_fgl: 1.0977 (1.0977)  loss_mal_aux_0: 0.5884 (0.5884)  loss_bbox_aux_0: 0.0210 (0.0210)  loss_giou_aux_0: 0.2477 (0.2477)  loss_fgl_aux_0: 1.1300 (1.1300)  loss_ddf_aux_0: 0.0312 (0.0312)  loss_mal_aux_1: 0.5267 (0.5267)  loss_bbox_aux_1: 0.0199 (0.0199)  loss_giou_aux_1: 0.2339 (0.2339)  loss_fgl_aux_1: 1.0974 (1.0974)  loss_ddf_aux_1: 0.0018 (0.0018)  loss_mal_pre: 0.5907 (0.5907)  loss_bbox_pre: 0.0210 (0.0210)  loss_giou_pre: 0.2505 (0.2505)  loss_mal_enc_0: 0.6517 (0.6517)  loss_bbox_enc_0: 0.0229 (0.0229)  loss_giou_enc_0: 0.2637 (0.2637)  loss_mal_dn_0: 0.5912 (0.5912)  loss_bbox_dn_0: 0.0224 (0.0224)  loss_giou_dn_0: 0.2621 (0.2621)  loss_fgl_dn_0: 1.1533 (1.1533)  loss_ddf_dn_0: 0.1130 (0.1130)  loss_mal_dn_1: 0.5018 (0.5018)  loss_bbox_dn_1: 0.0179 (0.0179)  loss_giou_dn_1: 0.2129 (0.2129)  loss_fgl_dn_1: 1.0732 (1.0732)  loss_ddf_dn_1: 0.0035 (0.0035)  loss_mal_dn_2: 0.4996 (0.4996)  loss_bbox_dn_2: 0.0177 (0.0177)  loss_giou_dn_2: 0.2119 (0.2119)  loss_fgl_dn_2: 1.0725 (1.0725)  loss_ddf_dn_2: -0.0000 (0.0000)  loss_mal_dn_pre: 0.5965 (0.5965)  loss_bbox_dn_pre: 0.0225 (0.0225)  loss_giou_dn_pre: 0.2634 (0.2634)  loss_size: 0.0011 (0.0011)  time: 0.4844  data: 0.2491  max mem: 5227
Epoch: [25/30]  [44/45]  eta: 0:00:00  lr: 0.000010  loss: 14.2788 (14.6150)  loss_mal: 0.5240 (0.5292)  loss_bbox: 0.0191 (0.0196)  loss_giou: 0.2342 (0.2452)  loss_fgl: 1.0851 (1.1097)  loss_mal_aux_0: 0.6019 (0.6126)  loss_bbox_aux_0: 0.0208 (0.0212)  loss_giou_aux_0: 0.2554 (0.2623)  loss_fgl_aux_0: 1.1137 (1.1377)  loss_ddf_aux_0: 0.0269 (0.0283)  loss_mal_aux_1: 0.5330 (0.5362)  loss_bbox_aux_1: 0.0191 (0.0196)  loss_giou_aux_1: 0.2344 (0.2454)  loss_fgl_aux_1: 1.0849 (1.1104)  loss_ddf_aux_1: 0.0015 (0.0017)  loss_mal_pre: 0.5994 (0.6117)  loss_bbox_pre: 0.0210 (0.0212)  loss_giou_pre: 0.2560 (0.2625)  loss_mal_enc_0: 0.7134 (0.7185)  loss_bbox_enc_0: 0.0250 (0.0259)  loss_giou_enc_0: 0.3116 (0.3195)  loss_mal_dn_0: 0.6007 (0.6097)  loss_bbox_dn_0: 0.0212 (0.0228)  loss_giou_dn_0: 0.2740 (0.2871)  loss_fgl_dn_0: 1.1537 (1.1640)  loss_ddf_dn_0: 0.1393 (0.1444)  loss_mal_dn_1: 0.4961 (0.5092)  loss_bbox_dn_1: 0.0164 (0.0172)  loss_giou_dn_1: 0.2094 (0.2208)  loss_fgl_dn_1: 1.0556 (1.0639)  loss_ddf_dn_1: 0.0050 (0.0049)  loss_mal_dn_2: 0.4926 (0.5071)  loss_bbox_dn_2: 0.0162 (0.0172)  loss_giou_dn_2: 0.2084 (0.2200)  loss_fgl_dn_2: 1.0535 (1.0624)  loss_ddf_dn_2: -0.0000 (0.0000)  loss_mal_dn_pre: 0.6044 (0.6138)  loss_bbox_dn_pre: 0.0213 (0.0228)  loss_giou_dn_pre: 0.2747 (0.2876)  loss_size: 0.0014 (0.0017)  time: 0.2384  data: 0.0118  max mem: 5227
Epoch: [25/30] Total time: 0:00:11 (0.2446 s / it)
Averaged stats: lr: 0.000010  loss: 14.2788 (14.6150)  loss_mal: 0.5240 (0.5292)  loss_bbox: 0.0191 (0.0196)  loss_giou: 0.2342 (0.2452)  loss_fgl: 1.0851 (1.1097)  loss_mal_aux_0: 0.6019 (0.6126)  loss_bbox_aux_0: 0.0208 (0.0212)  loss_giou_aux_0: 0.2554 (0.2623)  loss_fgl_aux_0: 1.1137 (1.1377)  loss_ddf_aux_0: 0.0269 (0.0283)  loss_mal_aux_1: 0.5330 (0.5362)  loss_bbox_aux_1: 0.0191 (0.0196)  loss_giou_aux_1: 0.2344 (0.2454)  loss_fgl_aux_1: 1.0849 (1.1104)  loss_ddf_aux_1: 0.0015 (0.0017)  loss_mal_pre: 0.5994 (0.6117)  loss_bbox_pre: 0.0210 (0.0212)  loss_giou_pre: 0.2560 (0.2625)  loss_mal_enc_0: 0.7134 (0.7185)  loss_bbox_enc_0: 0.0250 (0.0259)  loss_giou_enc_0: 0.3116 (0.3195)  loss_mal_dn_0: 0.6007 (0.6097)  loss_bbox_dn_0: 0.0212 (0.0228)  loss_giou_dn_0: 0.2740 (0.2871)  loss_fgl_dn_0: 1.1537 (1.1640)  loss_ddf_dn_0: 0.1393 (0.1444)  loss_mal_dn_1: 0.4961 (0.5092)  loss_bbox_dn_1: 0.0164 (0.0172)  loss_giou_dn_1: 0.2094 (0.2208)  loss_fgl_dn_1: 1.0556 (1.0639)  loss_ddf_dn_1: 0.0050 (0.0049)  loss_mal_dn_2: 0.4926 (0.5071)  loss_bbox_dn_2: 0.0162 (0.0172)  loss_giou_dn_2: 0.2084 (0.2200)  loss_fgl_dn_2: 1.0535 (1.0624)  loss_ddf_dn_2: -0.0000 (0.0000)  loss_mal_dn_pre: 0.6044 (0.6138)  loss_bbox_dn_pre: 0.0213 (0.0228)  loss_giou_dn_pre: 0.2747 (0.2876)  loss_size: 0.0014 (0.0017)
Test:  [0/8]  eta: 0:00:02    time: 0.3014  data: 0.2465  max mem: 5227
Test:  [7/8]  eta: 0:00:00    time: 0.1007  data: 0.0436  max mem: 5227
Test: Total time: 0:00:00 (0.1051 s / it)
Metrics: {'f1': 0.898360655737705, 'precision': 0.8404907975460123, 'recall': 0.9647887323943662, 'iou': 0.5767664260097912, 'TPs': 137, 'FPs': 26, 'FNs': 5}
Averaged stats: 
Accumulating evaluation results...
COCOeval_opt.accumulate() finished...
DONE (t=0.01s).
IoU metric: bbox
 Average Precision  (AP) @[ IoU=0.50:0.95 | area=   all | maxDets=100 ] = 0.364
 Average Precision  (AP) @[ IoU=0.50      | area=   all | maxDets=100 ] = 0.937
 Average Precision  (AP) @[ IoU=0.75      | area=   all | maxDets=100 ] = 0.127
 Average Precision  (AP) @[ IoU=0.50:0.95 | area= small | maxDets=100 ] = 0.364
 Average Precision  (AP) @[ IoU=0.50:0.95 | area=medium | maxDets=100 ] = -1.000
 Average Precision  (AP) @[ IoU=0.50:0.95 | area= large | maxDets=100 ] = -1.000
 Average Recall     (AR) @[ IoU=0.50:0.95 | area=   all | maxDets=  1 ] = 0.214
 Average Recall     (AR) @[ IoU=0.50:0.95 | area=   all | maxDets= 10 ] = 0.505
 Average Recall     (AR) @[ IoU=0.50:0.95 | area=   all | maxDets=100 ] = 0.638
 Average Recall     (AR) @[ IoU=0.50:0.95 | area= small | maxDets=100 ] = 0.638
 Average Recall     (AR) @[ IoU=0.50:0.95 | area=medium | maxDets=100 ] = -1.000
 Average Recall     (AR) @[ IoU=0.50:0.95 | area= large | maxDets=100 ] = -1.000
 Average Recall     (AR) @[ IoU=0.50      | area=   all | maxDets=100 ] = 1.000
 Average Recall     (AR) @[ IoU=0.75      | area=   all | maxDets=100 ] = 0.732
best_stat: {'epoch': 17, 'coco_eval_bbox': 0.3687131804677677}
Epoch: [26/30]  [ 0/45]  eta: 0:00:21  lr: 0.000010  loss: 15.8163 (15.8163)  loss_mal: 0.5765 (0.5765)  loss_bbox: 0.0218 (0.0218)  loss_giou: 0.3306 (0.3306)  loss_fgl: 1.1245 (1.1245)  loss_mal_aux_0: 0.6536 (0.6536)  loss_bbox_aux_0: 0.0241 (0.0241)  loss_giou_aux_0: 0.3592 (0.3592)  loss_fgl_aux_0: 1.1428 (1.1428)  loss_ddf_aux_0: 0.0290 (0.0290)  loss_mal_aux_1: 0.5735 (0.5735)  loss_bbox_aux_1: 0.0222 (0.0222)  loss_giou_aux_1: 0.3342 (0.3342)  loss_fgl_aux_1: 1.1258 (1.1258)  loss_ddf_aux_1: 0.0016 (0.0016)  loss_mal_pre: 0.6504 (0.6504)  loss_bbox_pre: 0.0242 (0.0242)  loss_giou_pre: 0.3589 (0.3589)  loss_mal_enc_0: 0.7201 (0.7201)  loss_bbox_enc_0: 0.0257 (0.0257)  loss_giou_enc_0: 0.4020 (0.4020)  loss_mal_dn_0: 0.6580 (0.6580)  loss_bbox_dn_0: 0.0248 (0.0248)  loss_giou_dn_0: 0.3716 (0.3716)  loss_fgl_dn_0: 1.1841 (1.1841)  loss_ddf_dn_0: 0.1697 (0.1697)  loss_mal_dn_1: 0.5555 (0.5555)  loss_bbox_dn_1: 0.0172 (0.0172)  loss_giou_dn_1: 0.2713 (0.2713)  loss_fgl_dn_1: 1.0780 (1.0780)  loss_ddf_dn_1: 0.0049 (0.0049)  loss_mal_dn_2: 0.5544 (0.5544)  loss_bbox_dn_2: 0.0172 (0.0172)  loss_giou_dn_2: 0.2708 (0.2708)  loss_fgl_dn_2: 1.0772 (1.0772)  loss_ddf_dn_2: -0.0000 (0.0000)  loss_mal_dn_pre: 0.6609 (0.6609)  loss_bbox_dn_pre: 0.0248 (0.0248)  loss_giou_dn_pre: 0.3713 (0.3713)  loss_size: 0.0041 (0.0041)  time: 0.4760  data: 0.2360  max mem: 5227
Epoch: [26/30]  [44/45]  eta: 0:00:00  lr: 0.000010  loss: 13.8127 (14.1295)  loss_mal: 0.5024 (0.5060)  loss_bbox: 0.0169 (0.0177)  loss_giou: 0.2146 (0.2240)  loss_fgl: 1.0619 (1.0749)  loss_mal_aux_0: 0.6017 (0.6008)  loss_bbox_aux_0: 0.0178 (0.0193)  loss_giou_aux_0: 0.2319 (0.2437)  loss_fgl_aux_0: 1.0851 (1.1085)  loss_ddf_aux_0: 0.0304 (0.0303)  loss_mal_aux_1: 0.5111 (0.5113)  loss_bbox_aux_1: 0.0168 (0.0178)  loss_giou_aux_1: 0.2132 (0.2245)  loss_fgl_aux_1: 1.0602 (1.0755)  loss_ddf_aux_1: 0.0016 (0.0017)  loss_mal_pre: 0.6000 (0.6000)  loss_bbox_pre: 0.0177 (0.0194)  loss_giou_pre: 0.2317 (0.2442)  loss_mal_enc_0: 0.7108 (0.7135)  loss_bbox_enc_0: 0.0235 (0.0245)  loss_giou_enc_0: 0.2848 (0.3058)  loss_mal_dn_0: 0.5906 (0.5947)  loss_bbox_dn_0: 0.0212 (0.0214)  loss_giou_dn_0: 0.2666 (0.2713)  loss_fgl_dn_0: 1.1422 (1.1433)  loss_ddf_dn_0: 0.1420 (0.1479)  loss_mal_dn_1: 0.4824 (0.4898)  loss_bbox_dn_1: 0.0155 (0.0159)  loss_giou_dn_1: 0.1982 (0.2055)  loss_fgl_dn_1: 1.0229 (1.0354)  loss_ddf_dn_1: 0.0050 (0.0052)  loss_mal_dn_2: 0.4787 (0.4874)  loss_bbox_dn_2: 0.0154 (0.0159)  loss_giou_dn_2: 0.1976 (0.2045)  loss_fgl_dn_2: 1.0203 (1.0337)  loss_ddf_dn_2: -0.0000 (0.0000)  loss_mal_dn_pre: 0.5951 (0.5996)  loss_bbox_dn_pre: 0.0212 (0.0214)  loss_giou_dn_pre: 0.2661 (0.2716)  loss_size: 0.0013 (0.0015)  time: 0.2460  data: 0.0116  max mem: 5227
Epoch: [26/30] Total time: 0:00:11 (0.2477 s / it)
Averaged stats: lr: 0.000010  loss: 13.8127 (14.1295)  loss_mal: 0.5024 (0.5060)  loss_bbox: 0.0169 (0.0177)  loss_giou: 0.2146 (0.2240)  loss_fgl: 1.0619 (1.0749)  loss_mal_aux_0: 0.6017 (0.6008)  loss_bbox_aux_0: 0.0178 (0.0193)  loss_giou_aux_0: 0.2319 (0.2437)  loss_fgl_aux_0: 1.0851 (1.1085)  loss_ddf_aux_0: 0.0304 (0.0303)  loss_mal_aux_1: 0.5111 (0.5113)  loss_bbox_aux_1: 0.0168 (0.0178)  loss_giou_aux_1: 0.2132 (0.2245)  loss_fgl_aux_1: 1.0602 (1.0755)  loss_ddf_aux_1: 0.0016 (0.0017)  loss_mal_pre: 0.6000 (0.6000)  loss_bbox_pre: 0.0177 (0.0194)  loss_giou_pre: 0.2317 (0.2442)  loss_mal_enc_0: 0.7108 (0.7135)  loss_bbox_enc_0: 0.0235 (0.0245)  loss_giou_enc_0: 0.2848 (0.3058)  loss_mal_dn_0: 0.5906 (0.5947)  loss_bbox_dn_0: 0.0212 (0.0214)  loss_giou_dn_0: 0.2666 (0.2713)  loss_fgl_dn_0: 1.1422 (1.1433)  loss_ddf_dn_0: 0.1420 (0.1479)  loss_mal_dn_1: 0.4824 (0.4898)  loss_bbox_dn_1: 0.0155 (0.0159)  loss_giou_dn_1: 0.1982 (0.2055)  loss_fgl_dn_1: 1.0229 (1.0354)  loss_ddf_dn_1: 0.0050 (0.0052)  loss_mal_dn_2: 0.4787 (0.4874)  loss_bbox_dn_2: 0.0154 (0.0159)  loss_giou_dn_2: 0.1976 (0.2045)  loss_fgl_dn_2: 1.0203 (1.0337)  loss_ddf_dn_2: -0.0000 (0.0000)  loss_mal_dn_pre: 0.5951 (0.5996)  loss_bbox_dn_pre: 0.0212 (0.0214)  loss_giou_dn_pre: 0.2661 (0.2716)  loss_size: 0.0013 (0.0015)
Test:  [0/8]  eta: 0:00:02    time: 0.2840  data: 0.2270  max mem: 5227
Test:  [7/8]  eta: 0:00:00    time: 0.0998  data: 0.0411  max mem: 5227
Test: Total time: 0:00:00 (0.1041 s / it)
Metrics: {'f1': 0.9194630872483222, 'precision': 0.8782051282051282, 'recall': 0.9647887323943662, 'iou': 0.6021662073105759, 'TPs': 137, 'FPs': 19, 'FNs': 5}
Averaged stats: 
Accumulating evaluation results...
COCOeval_opt.accumulate() finished...
DONE (t=0.01s).
IoU metric: bbox
 Average Precision  (AP) @[ IoU=0.50:0.95 | area=   all | maxDets=100 ] = 0.362
 Average Precision  (AP) @[ IoU=0.50      | area=   all | maxDets=100 ] = 0.930
 Average Precision  (AP) @[ IoU=0.75      | area=   all | maxDets=100 ] = 0.124
 Average Precision  (AP) @[ IoU=0.50:0.95 | area= small | maxDets=100 ] = 0.363
 Average Precision  (AP) @[ IoU=0.50:0.95 | area=medium | maxDets=100 ] = -1.000
 Average Precision  (AP) @[ IoU=0.50:0.95 | area= large | maxDets=100 ] = -1.000
 Average Recall     (AR) @[ IoU=0.50:0.95 | area=   all | maxDets=  1 ] = 0.211
 Average Recall     (AR) @[ IoU=0.50:0.95 | area=   all | maxDets= 10 ] = 0.500
 Average Recall     (AR) @[ IoU=0.50:0.95 | area=   all | maxDets=100 ] = 0.638
 Average Recall     (AR) @[ IoU=0.50:0.95 | area= small | maxDets=100 ] = 0.638
 Average Recall     (AR) @[ IoU=0.50:0.95 | area=medium | maxDets=100 ] = -1.000
 Average Recall     (AR) @[ IoU=0.50:0.95 | area= large | maxDets=100 ] = -1.000
 Average Recall     (AR) @[ IoU=0.50      | area=   all | maxDets=100 ] = 1.000
 Average Recall     (AR) @[ IoU=0.75      | area=   all | maxDets=100 ] = 0.711
best_stat: {'epoch': 17, 'coco_eval_bbox': 0.3687131804677677}
Epoch: [27/30]  [ 0/45]  eta: 0:00:22  lr: 0.000010  loss: 13.0465 (13.0465)  loss_mal: 0.4459 (0.4459)  loss_bbox: 0.0143 (0.0143)  loss_giou: 0.1897 (0.1897)  loss_fgl: 1.0323 (1.0323)  loss_mal_aux_0: 0.5151 (0.5151)  loss_bbox_aux_0: 0.0154 (0.0154)  loss_giou_aux_0: 0.2011 (0.2011)  loss_fgl_aux_0: 1.0643 (1.0643)  loss_ddf_aux_0: 0.0283 (0.0283)  loss_mal_aux_1: 0.4508 (0.4508)  loss_bbox_aux_1: 0.0144 (0.0144)  loss_giou_aux_1: 0.1919 (0.1919)  loss_fgl_aux_1: 1.0362 (1.0362)  loss_ddf_aux_1: 0.0017 (0.0017)  loss_mal_pre: 0.5170 (0.5170)  loss_bbox_pre: 0.0154 (0.0154)  loss_giou_pre: 0.1999 (0.1999)  loss_mal_enc_0: 0.6929 (0.6929)  loss_bbox_enc_0: 0.0216 (0.0216)  loss_giou_enc_0: 0.2784 (0.2784)  loss_mal_dn_0: 0.5516 (0.5516)  loss_bbox_dn_0: 0.0187 (0.0187)  loss_giou_dn_0: 0.2336 (0.2336)  loss_fgl_dn_0: 1.0964 (1.0964)  loss_ddf_dn_0: 0.1542 (0.1542)  loss_mal_dn_1: 0.4523 (0.4523)  loss_bbox_dn_1: 0.0141 (0.0141)  loss_giou_dn_1: 0.1810 (0.1810)  loss_fgl_dn_1: 0.9810 (0.9810)  loss_ddf_dn_1: 0.0059 (0.0059)  loss_mal_dn_2: 0.4496 (0.4496)  loss_bbox_dn_2: 0.0140 (0.0140)  loss_giou_dn_2: 0.1796 (0.1796)  loss_fgl_dn_2: 0.9773 (0.9773)  loss_ddf_dn_2: -0.0000 (0.0000)  loss_mal_dn_pre: 0.5576 (0.5576)  loss_bbox_dn_pre: 0.0187 (0.0187)  loss_giou_dn_pre: 0.2333 (0.2333)  loss_size: 0.0012 (0.0012)  time: 0.4941  data: 0.2545  max mem: 5227
Epoch: [27/30]  [44/45]  eta: 0:00:00  lr: 0.000010  loss: 14.2827 (14.0538)  loss_mal: 0.5116 (0.5028)  loss_bbox: 0.0183 (0.0173)  loss_giou: 0.2260 (0.2198)  loss_fgl: 1.0657 (1.0659)  loss_mal_aux_0: 0.6039 (0.5974)  loss_bbox_aux_0: 0.0191 (0.0189)  loss_giou_aux_0: 0.2413 (0.2395)  loss_fgl_aux_0: 1.0999 (1.1001)  loss_ddf_aux_0: 0.0324 (0.0333)  loss_mal_aux_1: 0.5244 (0.5118)  loss_bbox_aux_1: 0.0183 (0.0173)  loss_giou_aux_1: 0.2267 (0.2204)  loss_fgl_aux_1: 1.0652 (1.0664)  loss_ddf_aux_1: 0.0017 (0.0017)  loss_mal_pre: 0.5993 (0.5963)  loss_bbox_pre: 0.0190 (0.0189)  loss_giou_pre: 0.2421 (0.2397)  loss_mal_enc_0: 0.7080 (0.7106)  loss_bbox_enc_0: 0.0242 (0.0242)  loss_giou_enc_0: 0.3047 (0.3040)  loss_mal_dn_0: 0.5909 (0.5934)  loss_bbox_dn_0: 0.0214 (0.0212)  loss_giou_dn_0: 0.2636 (0.2689)  loss_fgl_dn_0: 1.1396 (1.1431)  loss_ddf_dn_0: 0.1586 (0.1582)  loss_mal_dn_1: 0.4920 (0.4871)  loss_bbox_dn_1: 0.0161 (0.0157)  loss_giou_dn_1: 0.2081 (0.2028)  loss_fgl_dn_1: 1.0313 (1.0301)  loss_ddf_dn_1: 0.0056 (0.0056)  loss_mal_dn_2: 0.4897 (0.4847)  loss_bbox_dn_2: 0.0161 (0.0156)  loss_giou_dn_2: 0.2068 (0.2018)  loss_fgl_dn_2: 1.0280 (1.0283)  loss_ddf_dn_2: -0.0000 (0.0000)  loss_mal_dn_pre: 0.5946 (0.5987)  loss_bbox_dn_pre: 0.0216 (0.0213)  loss_giou_dn_pre: 0.2633 (0.2694)  loss_size: 0.0012 (0.0014)  time: 0.2364  data: 0.0117  max mem: 5227
Epoch: [27/30] Total time: 0:00:10 (0.2444 s / it)
Averaged stats: lr: 0.000010  loss: 14.2827 (14.0538)  loss_mal: 0.5116 (0.5028)  loss_bbox: 0.0183 (0.0173)  loss_giou: 0.2260 (0.2198)  loss_fgl: 1.0657 (1.0659)  loss_mal_aux_0: 0.6039 (0.5974)  loss_bbox_aux_0: 0.0191 (0.0189)  loss_giou_aux_0: 0.2413 (0.2395)  loss_fgl_aux_0: 1.0999 (1.1001)  loss_ddf_aux_0: 0.0324 (0.0333)  loss_mal_aux_1: 0.5244 (0.5118)  loss_bbox_aux_1: 0.0183 (0.0173)  loss_giou_aux_1: 0.2267 (0.2204)  loss_fgl_aux_1: 1.0652 (1.0664)  loss_ddf_aux_1: 0.0017 (0.0017)  loss_mal_pre: 0.5993 (0.5963)  loss_bbox_pre: 0.0190 (0.0189)  loss_giou_pre: 0.2421 (0.2397)  loss_mal_enc_0: 0.7080 (0.7106)  loss_bbox_enc_0: 0.0242 (0.0242)  loss_giou_enc_0: 0.3047 (0.3040)  loss_mal_dn_0: 0.5909 (0.5934)  loss_bbox_dn_0: 0.0214 (0.0212)  loss_giou_dn_0: 0.2636 (0.2689)  loss_fgl_dn_0: 1.1396 (1.1431)  loss_ddf_dn_0: 0.1586 (0.1582)  loss_mal_dn_1: 0.4920 (0.4871)  loss_bbox_dn_1: 0.0161 (0.0157)  loss_giou_dn_1: 0.2081 (0.2028)  loss_fgl_dn_1: 1.0313 (1.0301)  loss_ddf_dn_1: 0.0056 (0.0056)  loss_mal_dn_2: 0.4897 (0.4847)  loss_bbox_dn_2: 0.0161 (0.0156)  loss_giou_dn_2: 0.2068 (0.2018)  loss_fgl_dn_2: 1.0280 (1.0283)  loss_ddf_dn_2: -0.0000 (0.0000)  loss_mal_dn_pre: 0.5946 (0.5987)  loss_bbox_dn_pre: 0.0216 (0.0213)  loss_giou_dn_pre: 0.2633 (0.2694)  loss_size: 0.0012 (0.0014)
Test:  [0/8]  eta: 0:00:02    time: 0.2968  data: 0.2401  max mem: 5227
Test:  [7/8]  eta: 0:00:00    time: 0.0981  data: 0.0430  max mem: 5227
Test: Total time: 0:00:00 (0.1024 s / it)
Metrics: {'f1': 0.9163879598662208, 'precision': 0.8726114649681529, 'recall': 0.9647887323943662, 'iou': 0.5984851217564241, 'TPs': 137, 'FPs': 20, 'FNs': 5}
Averaged stats: 
Accumulating evaluation results...
COCOeval_opt.accumulate() finished...
DONE (t=0.01s).
IoU metric: bbox
 Average Precision  (AP) @[ IoU=0.50:0.95 | area=   all | maxDets=100 ] = 0.368
 Average Precision  (AP) @[ IoU=0.50      | area=   all | maxDets=100 ] = 0.937
 Average Precision  (AP) @[ IoU=0.75      | area=   all | maxDets=100 ] = 0.135
 Average Precision  (AP) @[ IoU=0.50:0.95 | area= small | maxDets=100 ] = 0.368
 Average Precision  (AP) @[ IoU=0.50:0.95 | area=medium | maxDets=100 ] = -1.000
 Average Precision  (AP) @[ IoU=0.50:0.95 | area= large | maxDets=100 ] = -1.000
 Average Recall     (AR) @[ IoU=0.50:0.95 | area=   all | maxDets=  1 ] = 0.212
 Average Recall     (AR) @[ IoU=0.50:0.95 | area=   all | maxDets= 10 ] = 0.510
 Average Recall     (AR) @[ IoU=0.50:0.95 | area=   all | maxDets=100 ] = 0.631
 Average Recall     (AR) @[ IoU=0.50:0.95 | area= small | maxDets=100 ] = 0.631
 Average Recall     (AR) @[ IoU=0.50:0.95 | area=medium | maxDets=100 ] = -1.000
 Average Recall     (AR) @[ IoU=0.50:0.95 | area= large | maxDets=100 ] = -1.000
 Average Recall     (AR) @[ IoU=0.50      | area=   all | maxDets=100 ] = 0.993
 Average Recall     (AR) @[ IoU=0.75      | area=   all | maxDets=100 ] = 0.704
best_stat: {'epoch': 17, 'coco_eval_bbox': 0.3687131804677677}
Epoch: [28/30]  [ 0/45]  eta: 0:00:20  lr: 0.000010  loss: 13.5092 (13.5092)  loss_mal: 0.4643 (0.4643)  loss_bbox: 0.0182 (0.0182)  loss_giou: 0.1997 (0.1997)  loss_fgl: 1.0518 (1.0518)  loss_mal_aux_0: 0.5254 (0.5254)  loss_bbox_aux_0: 0.0204 (0.0204)  loss_giou_aux_0: 0.2130 (0.2130)  loss_fgl_aux_0: 1.0899 (1.0899)  loss_ddf_aux_0: 0.0314 (0.0314)  loss_mal_aux_1: 0.4692 (0.4692)  loss_bbox_aux_1: 0.0182 (0.0182)  loss_giou_aux_1: 0.1985 (0.1985)  loss_fgl_aux_1: 1.0502 (1.0502)  loss_ddf_aux_1: 0.0017 (0.0017)  loss_mal_pre: 0.5297 (0.5297)  loss_bbox_pre: 0.0209 (0.0209)  loss_giou_pre: 0.2170 (0.2170)  loss_mal_enc_0: 0.6831 (0.6831)  loss_bbox_enc_0: 0.0269 (0.0269)  loss_giou_enc_0: 0.2929 (0.2929)  loss_mal_dn_0: 0.5705 (0.5705)  loss_bbox_dn_0: 0.0231 (0.0231)  loss_giou_dn_0: 0.2559 (0.2559)  loss_fgl_dn_0: 1.1388 (1.1388)  loss_ddf_dn_0: 0.1680 (0.1680)  loss_mal_dn_1: 0.4677 (0.4677)  loss_bbox_dn_1: 0.0166 (0.0166)  loss_giou_dn_1: 0.1875 (0.1875)  loss_fgl_dn_1: 1.0146 (1.0146)  loss_ddf_dn_1: 0.0068 (0.0068)  loss_mal_dn_2: 0.4665 (0.4665)  loss_bbox_dn_2: 0.0166 (0.0166)  loss_giou_dn_2: 0.1865 (0.1865)  loss_fgl_dn_2: 1.0065 (1.0065)  loss_ddf_dn_2: -0.0000 (0.0000)  loss_mal_dn_pre: 0.5792 (0.5792)  loss_bbox_dn_pre: 0.0232 (0.0232)  loss_giou_dn_pre: 0.2579 (0.2579)  loss_size: 0.0009 (0.0009)  time: 0.4653  data: 0.2288  max mem: 5227
Epoch: [28/30]  [44/45]  eta: 0:00:00  lr: 0.000010  loss: 13.4277 (13.8198)  loss_mal: 0.4700 (0.4879)  loss_bbox: 0.0148 (0.0165)  loss_giou: 0.1892 (0.2091)  loss_fgl: 1.0343 (1.0546)  loss_mal_aux_0: 0.5864 (0.5895)  loss_bbox_aux_0: 0.0168 (0.0183)  loss_giou_aux_0: 0.2133 (0.2296)  loss_fgl_aux_0: 1.0731 (1.0947)  loss_ddf_aux_0: 0.0357 (0.0351)  loss_mal_aux_1: 0.4754 (0.4961)  loss_bbox_aux_1: 0.0147 (0.0165)  loss_giou_aux_1: 0.1939 (0.2094)  loss_fgl_aux_1: 1.0340 (1.0553)  loss_ddf_aux_1: 0.0017 (0.0017)  loss_mal_pre: 0.5820 (0.5885)  loss_bbox_pre: 0.0161 (0.0184)  loss_giou_pre: 0.2142 (0.2298)  loss_mal_enc_0: 0.7237 (0.7095)  loss_bbox_enc_0: 0.0234 (0.0239)  loss_giou_enc_0: 0.2868 (0.2972)  loss_mal_dn_0: 0.5823 (0.5833)  loss_bbox_dn_0: 0.0205 (0.0206)  loss_giou_dn_0: 0.2532 (0.2595)  loss_fgl_dn_0: 1.1261 (1.1357)  loss_ddf_dn_0: 0.1640 (0.1611)  loss_mal_dn_1: 0.4697 (0.4764)  loss_bbox_dn_1: 0.0147 (0.0151)  loss_giou_dn_1: 0.1843 (0.1938)  loss_fgl_dn_1: 1.0005 (1.0185)  loss_ddf_dn_1: 0.0058 (0.0058)  loss_mal_dn_2: 0.4591 (0.4733)  loss_bbox_dn_2: 0.0145 (0.0150)  loss_giou_dn_2: 0.1800 (0.1929)  loss_fgl_dn_2: 0.9953 (1.0165)  loss_ddf_dn_2: -0.0000 (0.0000)  loss_mal_dn_pre: 0.5884 (0.5891)  loss_bbox_dn_pre: 0.0205 (0.0206)  loss_giou_dn_pre: 0.2556 (0.2599)  loss_size: 0.0010 (0.0013)  time: 0.2355  data: 0.0114  max mem: 5227
Epoch: [28/30] Total time: 0:00:10 (0.2436 s / it)
Averaged stats: lr: 0.000010  loss: 13.4277 (13.8198)  loss_mal: 0.4700 (0.4879)  loss_bbox: 0.0148 (0.0165)  loss_giou: 0.1892 (0.2091)  loss_fgl: 1.0343 (1.0546)  loss_mal_aux_0: 0.5864 (0.5895)  loss_bbox_aux_0: 0.0168 (0.0183)  loss_giou_aux_0: 0.2133 (0.2296)  loss_fgl_aux_0: 1.0731 (1.0947)  loss_ddf_aux_0: 0.0357 (0.0351)  loss_mal_aux_1: 0.4754 (0.4961)  loss_bbox_aux_1: 0.0147 (0.0165)  loss_giou_aux_1: 0.1939 (0.2094)  loss_fgl_aux_1: 1.0340 (1.0553)  loss_ddf_aux_1: 0.0017 (0.0017)  loss_mal_pre: 0.5820 (0.5885)  loss_bbox_pre: 0.0161 (0.0184)  loss_giou_pre: 0.2142 (0.2298)  loss_mal_enc_0: 0.7237 (0.7095)  loss_bbox_enc_0: 0.0234 (0.0239)  loss_giou_enc_0: 0.2868 (0.2972)  loss_mal_dn_0: 0.5823 (0.5833)  loss_bbox_dn_0: 0.0205 (0.0206)  loss_giou_dn_0: 0.2532 (0.2595)  loss_fgl_dn_0: 1.1261 (1.1357)  loss_ddf_dn_0: 0.1640 (0.1611)  loss_mal_dn_1: 0.4697 (0.4764)  loss_bbox_dn_1: 0.0147 (0.0151)  loss_giou_dn_1: 0.1843 (0.1938)  loss_fgl_dn_1: 1.0005 (1.0185)  loss_ddf_dn_1: 0.0058 (0.0058)  loss_mal_dn_2: 0.4591 (0.4733)  loss_bbox_dn_2: 0.0145 (0.0150)  loss_giou_dn_2: 0.1800 (0.1929)  loss_fgl_dn_2: 0.9953 (1.0165)  loss_ddf_dn_2: -0.0000 (0.0000)  loss_mal_dn_pre: 0.5884 (0.5891)  loss_bbox_dn_pre: 0.0205 (0.0206)  loss_giou_dn_pre: 0.2556 (0.2599)  loss_size: 0.0010 (0.0013)
Test:  [0/8]  eta: 0:00:03    time: 0.4874  data: 0.2496  max mem: 5227
Test:  [7/8]  eta: 0:00:00    time: 0.1193  data: 0.0424  max mem: 5227
Test: Total time: 0:00:00 (0.1242 s / it)
Metrics: {'f1': 0.9078947368421053, 'precision': 0.8518518518518519, 'recall': 0.971830985915493, 'iou': 0.5876712655446615, 'TPs': 138, 'FPs': 24, 'FNs': 4}
Averaged stats: 
Accumulating evaluation results...
COCOeval_opt.accumulate() finished...
DONE (t=0.01s).
IoU metric: bbox
 Average Precision  (AP) @[ IoU=0.50:0.95 | area=   all | maxDets=100 ] = 0.363
 Average Precision  (AP) @[ IoU=0.50      | area=   all | maxDets=100 ] = 0.918
 Average Precision  (AP) @[ IoU=0.75      | area=   all | maxDets=100 ] = 0.136
 Average Precision  (AP) @[ IoU=0.50:0.95 | area= small | maxDets=100 ] = 0.364
 Average Precision  (AP) @[ IoU=0.50:0.95 | area=medium | maxDets=100 ] = -1.000
 Average Precision  (AP) @[ IoU=0.50:0.95 | area= large | maxDets=100 ] = -1.000
 Average Recall     (AR) @[ IoU=0.50:0.95 | area=   all | maxDets=  1 ] = 0.209
 Average Recall     (AR) @[ IoU=0.50:0.95 | area=   all | maxDets= 10 ] = 0.508
 Average Recall     (AR) @[ IoU=0.50:0.95 | area=   all | maxDets=100 ] = 0.641
 Average Recall     (AR) @[ IoU=0.50:0.95 | area= small | maxDets=100 ] = 0.641
 Average Recall     (AR) @[ IoU=0.50:0.95 | area=medium | maxDets=100 ] = -1.000
 Average Recall     (AR) @[ IoU=0.50:0.95 | area= large | maxDets=100 ] = -1.000
 Average Recall     (AR) @[ IoU=0.50      | area=   all | maxDets=100 ] = 0.986
 Average Recall     (AR) @[ IoU=0.75      | area=   all | maxDets=100 ] = 0.739
best_stat: {'epoch': 17, 'coco_eval_bbox': 0.3687131804677677}
Epoch: [29/30]  [ 0/45]  eta: 0:00:22  lr: 0.000010  loss: 12.7776 (12.7776)  loss_mal: 0.4342 (0.4342)  loss_bbox: 0.0123 (0.0123)  loss_giou: 0.1744 (0.1744)  loss_fgl: 0.9911 (0.9911)  loss_mal_aux_0: 0.5117 (0.5117)  loss_bbox_aux_0: 0.0142 (0.0142)  loss_giou_aux_0: 0.1990 (0.1990)  loss_fgl_aux_0: 1.0396 (1.0396)  loss_ddf_aux_0: 0.0346 (0.0346)  loss_mal_aux_1: 0.4375 (0.4375)  loss_bbox_aux_1: 0.0123 (0.0123)  loss_giou_aux_1: 0.1743 (0.1743)  loss_fgl_aux_1: 0.9908 (0.9908)  loss_ddf_aux_1: 0.0014 (0.0014)  loss_mal_pre: 0.5129 (0.5129)  loss_bbox_pre: 0.0144 (0.0144)  loss_giou_pre: 0.2004 (0.2004)  loss_mal_enc_0: 0.6789 (0.6789)  loss_bbox_enc_0: 0.0204 (0.0204)  loss_giou_enc_0: 0.2919 (0.2919)  loss_mal_dn_0: 0.5615 (0.5615)  loss_bbox_dn_0: 0.0167 (0.0167)  loss_giou_dn_0: 0.2277 (0.2277)  loss_fgl_dn_0: 1.0886 (1.0886)  loss_ddf_dn_0: 0.1551 (0.1551)  loss_mal_dn_1: 0.4370 (0.4370)  loss_bbox_dn_1: 0.0118 (0.0118)  loss_giou_dn_1: 0.1660 (0.1660)  loss_fgl_dn_1: 0.9660 (0.9660)  loss_ddf_dn_1: 0.0063 (0.0063)  loss_mal_dn_2: 0.4343 (0.4343)  loss_bbox_dn_2: 0.0118 (0.0118)  loss_giou_dn_2: 0.1664 (0.1664)  loss_fgl_dn_2: 0.9657 (0.9657)  loss_ddf_dn_2: -0.0000 (0.0000)  loss_mal_dn_pre: 0.5696 (0.5696)  loss_bbox_dn_pre: 0.0168 (0.0168)  loss_giou_dn_pre: 0.2294 (0.2294)  loss_size: 0.0006 (0.0006)  time: 0.4977  data: 0.2601  max mem: 5227
Epoch: [29/30]  [44/45]  eta: 0:00:00  lr: 0.000010  loss: 13.4828 (13.6494)  loss_mal: 0.4707 (0.4810)  loss_bbox: 0.0144 (0.0159)  loss_giou: 0.1898 (0.2030)  loss_fgl: 1.0174 (1.0416)  loss_mal_aux_0: 0.5682 (0.5735)  loss_bbox_aux_0: 0.0165 (0.0176)  loss_giou_aux_0: 0.2195 (0.2247)  loss_fgl_aux_0: 1.0673 (1.0790)  loss_ddf_aux_0: 0.0368 (0.0356)  loss_mal_aux_1: 0.4696 (0.4873)  loss_bbox_aux_1: 0.0146 (0.0159)  loss_giou_aux_1: 0.1892 (0.2036)  loss_fgl_aux_1: 1.0158 (1.0423)  loss_ddf_aux_1: 0.0017 (0.0017)  loss_mal_pre: 0.5696 (0.5734)  loss_bbox_pre: 0.0164 (0.0176)  loss_giou_pre: 0.2204 (0.2254)  loss_mal_enc_0: 0.6937 (0.7016)  loss_bbox_enc_0: 0.0218 (0.0234)  loss_giou_enc_0: 0.2959 (0.2958)  loss_mal_dn_0: 0.5774 (0.5809)  loss_bbox_dn_0: 0.0194 (0.0202)  loss_giou_dn_0: 0.2554 (0.2568)  loss_fgl_dn_0: 1.1238 (1.1313)  loss_ddf_dn_0: 0.1666 (0.1667)  loss_mal_dn_1: 0.4629 (0.4701)  loss_bbox_dn_1: 0.0141 (0.0147)  loss_giou_dn_1: 0.1844 (0.1912)  loss_fgl_dn_1: 0.9979 (1.0084)  loss_ddf_dn_1: 0.0062 (0.0060)  loss_mal_dn_2: 0.4603 (0.4672)  loss_bbox_dn_2: 0.0141 (0.0146)  loss_giou_dn_2: 0.1854 (0.1902)  loss_fgl_dn_2: 0.9948 (1.0062)  loss_ddf_dn_2: -0.0000 (0.0000)  loss_mal_dn_pre: 0.5842 (0.5865)  loss_bbox_dn_pre: 0.0195 (0.0202)  loss_giou_dn_pre: 0.2558 (0.2570)  loss_size: 0.0009 (0.0012)  time: 0.2389  data: 0.0118  max mem: 5227
Epoch: [29/30] Total time: 0:00:11 (0.2466 s / it)
Averaged stats: lr: 0.000010  loss: 13.4828 (13.6494)  loss_mal: 0.4707 (0.4810)  loss_bbox: 0.0144 (0.0159)  loss_giou: 0.1898 (0.2030)  loss_fgl: 1.0174 (1.0416)  loss_mal_aux_0: 0.5682 (0.5735)  loss_bbox_aux_0: 0.0165 (0.0176)  loss_giou_aux_0: 0.2195 (0.2247)  loss_fgl_aux_0: 1.0673 (1.0790)  loss_ddf_aux_0: 0.0368 (0.0356)  loss_mal_aux_1: 0.4696 (0.4873)  loss_bbox_aux_1: 0.0146 (0.0159)  loss_giou_aux_1: 0.1892 (0.2036)  loss_fgl_aux_1: 1.0158 (1.0423)  loss_ddf_aux_1: 0.0017 (0.0017)  loss_mal_pre: 0.5696 (0.5734)  loss_bbox_pre: 0.0164 (0.0176)  loss_giou_pre: 0.2204 (0.2254)  loss_mal_enc_0: 0.6937 (0.7016)  loss_bbox_enc_0: 0.0218 (0.0234)  loss_giou_enc_0: 0.2959 (0.2958)  loss_mal_dn_0: 0.5774 (0.5809)  loss_bbox_dn_0: 0.0194 (0.0202)  loss_giou_dn_0: 0.2554 (0.2568)  loss_fgl_dn_0: 1.1238 (1.1313)  loss_ddf_dn_0: 0.1666 (0.1667)  loss_mal_dn_1: 0.4629 (0.4701)  loss_bbox_dn_1: 0.0141 (0.0147)  loss_giou_dn_1: 0.1844 (0.1912)  loss_fgl_dn_1: 0.9979 (1.0084)  loss_ddf_dn_1: 0.0062 (0.0060)  loss_mal_dn_2: 0.4603 (0.4672)  loss_bbox_dn_2: 0.0141 (0.0146)  loss_giou_dn_2: 0.1854 (0.1902)  loss_fgl_dn_2: 0.9948 (1.0062)  loss_ddf_dn_2: -0.0000 (0.0000)  loss_mal_dn_pre: 0.5842 (0.5865)  loss_bbox_dn_pre: 0.0195 (0.0202)  loss_giou_dn_pre: 0.2558 (0.2570)  loss_size: 0.0009 (0.0012)
Test:  [0/8]  eta: 0:00:02    time: 0.2917  data: 0.2352  max mem: 5227
Test:  [7/8]  eta: 0:00:00    time: 0.0960  data: 0.0411  max mem: 5227
Test: Total time: 0:00:00 (0.1005 s / it)
Metrics: {'f1': 0.8990228013029316, 'precision': 0.8363636363636363, 'recall': 0.971830985915493, 'iou': 0.5774494667025007, 'TPs': 138, 'FPs': 27, 'FNs': 4}
Averaged stats: 
Accumulating evaluation results...
COCOeval_opt.accumulate() finished...
DONE (t=0.01s).
IoU metric: bbox
 Average Precision  (AP) @[ IoU=0.50:0.95 | area=   all | maxDets=100 ] = 0.358
 Average Precision  (AP) @[ IoU=0.50      | area=   all | maxDets=100 ] = 0.910
 Average Precision  (AP) @[ IoU=0.75      | area=   all | maxDets=100 ] = 0.129
 Average Precision  (AP) @[ IoU=0.50:0.95 | area= small | maxDets=100 ] = 0.358
 Average Precision  (AP) @[ IoU=0.50:0.95 | area=medium | maxDets=100 ] = -1.000
 Average Precision  (AP) @[ IoU=0.50:0.95 | area= large | maxDets=100 ] = -1.000
 Average Recall     (AR) @[ IoU=0.50:0.95 | area=   all | maxDets=  1 ] = 0.217
 Average Recall     (AR) @[ IoU=0.50:0.95 | area=   all | maxDets= 10 ] = 0.506
 Average Recall     (AR) @[ IoU=0.50:0.95 | area=   all | maxDets=100 ] = 0.627
 Average Recall     (AR) @[ IoU=0.50:0.95 | area= small | maxDets=100 ] = 0.627
 Average Recall     (AR) @[ IoU=0.50:0.95 | area=medium | maxDets=100 ] = -1.000
 Average Recall     (AR) @[ IoU=0.50:0.95 | area= large | maxDets=100 ] = -1.000
 Average Recall     (AR) @[ IoU=0.50      | area=   all | maxDets=100 ] = 0.986
 Average Recall     (AR) @[ IoU=0.75      | area=   all | maxDets=100 ] = 0.704
best_stat: {'epoch': 17, 'coco_eval_bbox': 0.3687131804677677}
Training time 0:06:23
