Not init distributed mode.
cfg: 
{'_collate_fn': None,
 '_criterion': None,
 '_ema': None,
 '_evaluator': None,
 '_lr_scheduler': None,
 '_lr_warmup_scheduler': None,
 '_model': None,
 '_optimizer': None,
 '_postprocessor': None,
 '_scaler': None,
 '_train_batch_size': None,
 '_train_dataloader': None,
 '_train_dataset': None,
 '_train_shuffle': None,
 '_val_batch_size': None,
 '_val_dataloader': None,
 '_val_dataset': None,
 '_val_shuffle': None,
 '_writer': None,
 'batch_size': None,
 'checkpoint_freq': 30,
 'clip_max_norm': 0.1,
 'device': 'cuda:0',
 'ema_decay': 0.9999,
 'ema_warmups': 2000,
 'epochs': 30,
 'find_unused_parameters': False,
 'last_epoch': -1,
 'num_workers': 0,
 'output_dir': '/home/viplab/contest/experiments/kamp_ablation_v3/runs/dfine_s_p2_seed20260930',
 'print_freq': 45,
 'resume': None,
 'seed': 20260930,
 'summary_dir': None,
 'sync_bn': False,
 'task': 'detection',
 'tuning': '/home/viplab/contest/experiments/kamp_pilot_v1/dfine_s_p2_init.pth',
 'use_amp': False,
 'use_ema': True,
 'yaml_cfg': {'DFINE': {'backbone': 'HGNetv2',
                        'decoder': 'DFINETransformer',
                        'encoder': 'HybridEncoder'},
              'DFINECriterion': {'alpha': 0.75,
                                 'gamma': 2.0,
                                 'losses': ['vfl', 'boxes', 'local'],
                                 'matcher': {'alpha': 0.25,
                                             'gamma': 2.0,
                                             'type': 'HungarianMatcher',
                                             'weight_dict': {'cost_bbox': 5,
                                                             'cost_class': 2,
                                                             'cost_giou': 2}},
                                 'reg_max': 32,
                                 'weight_dict': {'loss_bbox': 5,
                                                 'loss_ddf': 1.5,
                                                 'loss_fgl': 0.15,
                                                 'loss_giou': 2,
                                                 'loss_vfl': 1}},
              'DFINEPostProcessor': {'num_top_queries': 300},
              'DFINETransformer': {'box_noise_scale': 1.0,
                                   'cross_attn_method': 'default',
                                   'eval_idx': -1,
                                   'feat_channels': [256, 256, 256, 256],
                                   'feat_strides': [8, 16, 32, 4],
                                   'hidden_dim': 256,
                                   'label_noise_ratio': 0.5,
                                   'layer_scale': 1,
                                   'num_denoising': 100,
                                   'num_layers': 3,
                                   'num_levels': 4,
                                   'num_points': [3, 6, 3, 3],
                                   'num_queries': 300,
                                   'query_select_method': 'default',
                                   'reg_max': 32,
                                   'reg_scale': 4},
              'HGNetv2': {'freeze_at': -1,
                          'freeze_norm': False,
                          'local_model_dir': 'weight/hgnetv2/',
                          'name': 'B0',
                          'pretrained': False,
                          'return_idx': [0, 1, 2, 3],
                          'use_lab': True},
              'HybridEncoder': {'act': 'silu',
                                'depth_mult': 0.34,
                                'dim_feedforward': 1024,
                                'dropout': 0.0,
                                'enc_act': 'gelu',
                                'expansion': 0.5,
                                'feat_strides': [8, 16, 32],
                                'hidden_dim': 256,
                                'in_channels': [256, 512, 1024],
                                'nhead': 8,
                                'num_encoder_layers': 1,
                                'use_encoder_idx': [2]},
              '__include__': ['/home/viplab/contest/experiments/kamp_pilot_v1/dfine_s_p2.yml'],
              'checkpoint_freq': 30,
              'clip_max_norm': 0.1,
              'config': '/home/viplab/contest/experiments/kamp_ablation_v3/configs/dfine_s_p2_seed20260930.yml',
              'criterion': 'DFINECriterion',
              'device': 'cuda:0',
              'ema': {'decay': 0.9999,
                      'start': 0,
                      'type': 'ModelEMA',
                      'warmups': 100},
              'epochs': 30,
              'eval_spatial_size': [640, 640],
              'evaluator': {'iou_types': ['bbox'], 'type': 'CocoEvaluator'},
              'exp_name': 'baseline',
              'find_unused_parameters': False,
              'lr_scheduler': {'gamma': 0.1,
                               'milestones': [24],
                               'type': 'MultiStepLR'},
              'lr_warmup_scheduler': {'type': 'LinearWarmup',
                                      'warmup_duration': 45},
              'model': 'DFINE',
              'num_classes': 1,
              'optimizer': {'betas': [0.9, 0.999],
                            'lr': 0.0002,
                            'params': [{'lr': 0.0001,
                                        'params': '^(?=.*backbone)(?!.*norm|bn).*$'},
                                       {'lr': 0.0001,
                                        'params': '^(?=.*backbone)(?=.*norm|bn).*$',
                                        'weight_decay': 0.0},
                                       {'params': '^(?=.*(?:encoder|decoder))(?=.*(?:norm|bn|bias)).*$',
                                        'weight_decay': 0.0}],
                            'type': 'AdamW',
                            'weight_decay': 0.0001},
              'output_dir': '/home/viplab/contest/experiments/kamp_ablation_v3/runs/dfine_s_p2_seed20260930',
              'postprocessor': 'DFINEPostProcessor',
              'print_freq': 45,
              'print_method': 'builtin',
              'print_rank': 0,
              'project_name': 'D-FINE',
              'remap_mscoco_category': False,
              'scaler': {'enabled': True, 'type': 'GradScaler'},
              'seed': 20260930,
              'sync_bn': False,
              'task': 'detection',
              'test_only': False,
              'train_dataloader': {'collate_fn': {'base_size': 640,
                                                  'base_size_repeat': None,
                                                  'ema_restart_decay': 0.9999,
                                                  'stop_epoch': 1000,
                                                  'type': 'BatchImageCollateFunction'},
                                   'dataset': {'ann_file': '/home/viplab/contest/data/processed/kamp500_telea_v1_640/annotations/train.json',
                                               'img_folder': '/home/viplab/contest/data/processed/kamp500_telea_v1_640/images/train',
                                               'return_masks': False,
                                               'transforms': {'ops': [{'dtype': 'float32',
                                                                       'scale': True,
                                                                       'type': 'ConvertPILImage'},
                                                                      {'fmt': 'cxcywh',
                                                                       'normalize': True,
                                                                       'type': 'ConvertBoxes'}],
                                                              'policy': {'epoch': 1000,
                                                                         'name': 'stop_epoch',
                                                                         'ops': ['RandomPhotometricDistort',
                                                                                 'RandomZoomOut',
                                                                                 'RandomIoUCrop']},
                                                              'type': 'Compose'},
                                               'type': 'CocoDetection'},
                                   'drop_last': False,
                                   'num_workers': 2,
                                   'shuffle': True,
                                   'total_batch_size': 8,
                                   'type': 'DataLoader'},
              'tuning': '/home/viplab/contest/experiments/kamp_pilot_v1/dfine_s_p2_init.pth',
              'use_amp': False,
              'use_ema': True,
              'use_focal_loss': True,
              'use_wandb': False,
              'val_dataloader': {'collate_fn': {'type': 'BatchImageCollateFunction'},
                                 'dataset': {'ann_file': '/home/viplab/contest/data/processed/kamp500_telea_v1_640/annotations/val.json',
                                             'img_folder': '/home/viplab/contest/data/processed/kamp500_telea_v1_640/images/val',
                                             'return_masks': False,
                                             'transforms': {'ops': [{'dtype': 'float32',
                                                                     'scale': True,
                                                                     'type': 'ConvertPILImage'}],
                                                            'type': 'Compose'},
                                             'type': 'CocoDetection'},
                                 'drop_last': False,
                                 'num_workers': 2,
                                 'shuffle': False,
                                 'total_batch_size': 8,
                                 'type': 'DataLoader'}}}
Tuning checkpoint from /home/viplab/contest/experiments/kamp_pilot_v1/dfine_s_p2_init.pth
/home/viplab/contest/models/D-FINE/src/solver/_solver.py:254: UserWarning: Environment variable TORCH_FORCE_NO_WEIGHTS_ONLY_LOAD detected, since the`weights_only` argument was not explicitly passed to `torch.load`, forcing weights_only=False.
  state = torch.load(path, map_location="cpu")
Load model.state_dict, {'missed': [], 'unmatched': []}
Initial lr: [0.0001, 0.0001, 0.0002, 0.0002]
building train_dataloader with batch_size=8...
building val_dataloader with batch_size=8...

------------------------------------- Calculate Flops Results -------------------------------------
Notations:
number of parameters (Params), number of multiply-accumulate operations(MACs),
number of floating-point operations (FLOPs), floating-point operations per second (FLOPS),
fwd FLOPs (model forward propagation FLOPs), bwd FLOPs (model backward propagation FLOPs),
default model backpropagation takes 2.00 times as much computation as forward propagation.

Total Training Params:                                                  10.97 M 
fwd MACs:                                                               32.9316 GMACs
fwd FLOPs:                                                              66.0617 GFLOPS
fwd+bwd MACs:                                                           98.7947 GMACs
fwd+bwd FLOPs:                                                          198.185 GFLOPS
---------------------------------------------------------------------------------------------------
{'Model FLOPs:66.0617 GFLOPS   MACs:32.9316 GMACs   Params:10970989'}
------------------------------------------Start training-------------------------------------------
/home/viplab/contest/models/D-FINE/src/solver/det_engine.py:125: UserWarning: Converting a tensor with requires_grad=True to a scalar may lead to unexpected behavior.
Consider using tensor.detach() first. (Triggered internally at /pytorch/torch/csrc/autograd/generated/python_variable_methods.cpp:836.)
  if not math.isfinite(loss_value):
Epoch: [0/30]  [ 0/45]  eta: 0:00:56  lr: 0.000004  loss: 29.8372 (29.8372)  loss_vfl: 0.2290 (0.2290)  loss_bbox: 0.7625 (0.7625)  loss_giou: 2.4944 (2.4944)  loss_fgl: 0.2691 (0.2691)  loss_vfl_aux_0: 0.1928 (0.1928)  loss_bbox_aux_0: 0.7277 (0.7277)  loss_giou_aux_0: 2.5263 (2.5263)  loss_fgl_aux_0: 0.2344 (0.2344)  loss_ddf_aux_0: 0.0257 (0.0257)  loss_vfl_aux_1: 0.2158 (0.2158)  loss_bbox_aux_1: 0.7495 (0.7495)  loss_giou_aux_1: 2.5105 (2.5105)  loss_fgl_aux_1: 0.2590 (0.2590)  loss_ddf_aux_1: 0.0022 (0.0022)  loss_vfl_pre: 0.1860 (0.1860)  loss_bbox_pre: 0.7206 (0.7206)  loss_giou_pre: 2.5467 (2.5467)  loss_vfl_enc_0: 0.0868 (0.0868)  loss_bbox_enc_0: 0.6923 (0.6923)  loss_giou_enc_0: 2.8448 (2.8448)  loss_vfl_dn_0: 0.3938 (0.3938)  loss_bbox_dn_0: 0.3352 (0.3352)  loss_giou_dn_0: 1.5645 (1.5645)  loss_fgl_dn_0: 0.6726 (0.6726)  loss_ddf_dn_0: 0.1427 (0.1427)  loss_vfl_dn_1: 0.7678 (0.7678)  loss_bbox_dn_1: 0.1902 (0.1902)  loss_giou_dn_1: 1.3237 (1.3237)  loss_fgl_dn_1: 0.8115 (0.8115)  loss_ddf_dn_1: 0.0079 (0.0079)  loss_vfl_dn_2: 0.8015 (0.8015)  loss_bbox_dn_2: 0.1752 (0.1752)  loss_giou_dn_2: 1.2579 (1.2579)  loss_fgl_dn_2: 0.8285 (0.8285)  loss_ddf_dn_2: -0.0000 (0.0000)  loss_vfl_dn_pre: 0.3990 (0.3990)  loss_bbox_dn_pre: 0.3314 (0.3314)  loss_giou_dn_pre: 1.5576 (1.5576)  time: 1.2558  data: 0.2849  max mem: 8555
Epoch: [0/30]  [44/45]  eta: 0:00:00  lr: 0.000100  loss: 29.6873 (31.0691)  loss_vfl: 0.3408 (0.2225)  loss_bbox: 0.5384 (0.7565)  loss_giou: 2.0691 (2.4515)  loss_fgl: 0.4151 (0.2550)  loss_vfl_aux_0: 0.2365 (0.1700)  loss_bbox_aux_0: 0.6524 (0.8487)  loss_giou_aux_0: 2.3167 (2.5417)  loss_fgl_aux_0: 0.2857 (0.1952)  loss_ddf_aux_0: 0.0856 (0.0623)  loss_vfl_aux_1: 0.3913 (0.2489)  loss_bbox_aux_1: 0.5115 (0.7465)  loss_giou_aux_1: 2.1407 (2.5030)  loss_fgl_aux_1: 0.3976 (0.2452)  loss_ddf_aux_1: 0.0105 (0.0062)  loss_vfl_pre: 0.2502 (0.1697)  loss_bbox_pre: 0.6273 (0.8467)  loss_giou_pre: 2.3118 (2.5515)  loss_vfl_enc_0: 0.0385 (0.0487)  loss_bbox_enc_0: 0.6689 (0.7914)  loss_giou_enc_0: 2.8432 (2.9931)  loss_vfl_dn_0: 1.3389 (1.0394)  loss_bbox_dn_0: 0.0866 (0.1553)  loss_giou_dn_0: 0.9680 (1.1573)  loss_fgl_dn_0: 1.0815 (0.9399)  loss_ddf_dn_0: 0.3011 (0.2115)  loss_vfl_dn_1: 1.4818 (1.2882)  loss_bbox_dn_1: 0.0679 (0.0966)  loss_giou_dn_1: 0.7638 (0.9703)  loss_fgl_dn_1: 1.1544 (1.0102)  loss_ddf_dn_1: 0.0108 (0.0107)  loss_vfl_dn_2: 1.1867 (1.1345)  loss_bbox_dn_2: 0.0666 (0.0925)  loss_giou_dn_2: 0.7408 (0.9413)  loss_fgl_dn_2: 1.1556 (1.0207)  loss_ddf_dn_2: -0.0000 (0.0000)  loss_vfl_dn_pre: 1.3275 (1.0327)  loss_bbox_dn_pre: 0.0862 (0.1562)  loss_giou_dn_pre: 0.9627 (1.1575)  time: 0.3088  data: 0.0112  max mem: 8696
Epoch: [0/30] Total time: 0:00:14 (0.3256 s / it)
Averaged stats: lr: 0.000100  loss: 29.6873 (31.0691)  loss_vfl: 0.3408 (0.2225)  loss_bbox: 0.5384 (0.7565)  loss_giou: 2.0691 (2.4515)  loss_fgl: 0.4151 (0.2550)  loss_vfl_aux_0: 0.2365 (0.1700)  loss_bbox_aux_0: 0.6524 (0.8487)  loss_giou_aux_0: 2.3167 (2.5417)  loss_fgl_aux_0: 0.2857 (0.1952)  loss_ddf_aux_0: 0.0856 (0.0623)  loss_vfl_aux_1: 0.3913 (0.2489)  loss_bbox_aux_1: 0.5115 (0.7465)  loss_giou_aux_1: 2.1407 (2.5030)  loss_fgl_aux_1: 0.3976 (0.2452)  loss_ddf_aux_1: 0.0105 (0.0062)  loss_vfl_pre: 0.2502 (0.1697)  loss_bbox_pre: 0.6273 (0.8467)  loss_giou_pre: 2.3118 (2.5515)  loss_vfl_enc_0: 0.0385 (0.0487)  loss_bbox_enc_0: 0.6689 (0.7914)  loss_giou_enc_0: 2.8432 (2.9931)  loss_vfl_dn_0: 1.3389 (1.0394)  loss_bbox_dn_0: 0.0866 (0.1553)  loss_giou_dn_0: 0.9680 (1.1573)  loss_fgl_dn_0: 1.0815 (0.9399)  loss_ddf_dn_0: 0.3011 (0.2115)  loss_vfl_dn_1: 1.4818 (1.2882)  loss_bbox_dn_1: 0.0679 (0.0966)  loss_giou_dn_1: 0.7638 (0.9703)  loss_fgl_dn_1: 1.1544 (1.0102)  loss_ddf_dn_1: 0.0108 (0.0107)  loss_vfl_dn_2: 1.1867 (1.1345)  loss_bbox_dn_2: 0.0666 (0.0925)  loss_giou_dn_2: 0.7408 (0.9413)  loss_fgl_dn_2: 1.1556 (1.0207)  loss_ddf_dn_2: -0.0000 (0.0000)  loss_vfl_dn_pre: 1.3275 (1.0327)  loss_bbox_dn_pre: 0.0862 (0.1562)  loss_giou_dn_pre: 0.9627 (1.1575)
Test:  [0/8]  eta: 0:00:04    time: 0.5528  data: 0.2402  max mem: 8696
Test:  [7/8]  eta: 0:00:00    time: 0.1460  data: 0.0406  max mem: 8696
Test: Total time: 0:00:01 (0.1501 s / it)
Metrics: {'f1': 0, 'precision': 0, 'recall': 0.0, 'iou': 0.0, 'TPs': 0, 'FPs': 0, 'FNs': 142}
Averaged stats: 
Accumulating evaluation results...
COCOeval_opt.accumulate() finished...
DONE (t=0.01s).
IoU metric: bbox
 Average Precision  (AP) @[ IoU=0.50:0.95 | area=   all | maxDets=100 ] = 0.030
 Average Precision  (AP) @[ IoU=0.50      | area=   all | maxDets=100 ] = 0.107
 Average Precision  (AP) @[ IoU=0.75      | area=   all | maxDets=100 ] = 0.008
 Average Precision  (AP) @[ IoU=0.50:0.95 | area= small | maxDets=100 ] = 0.046
 Average Precision  (AP) @[ IoU=0.50:0.95 | area=medium | maxDets=100 ] = -1.000
 Average Precision  (AP) @[ IoU=0.50:0.95 | area= large | maxDets=100 ] = -1.000
 Average Recall     (AR) @[ IoU=0.50:0.95 | area=   all | maxDets=  1 ] = 0.041
 Average Recall     (AR) @[ IoU=0.50:0.95 | area=   all | maxDets= 10 ] = 0.163
 Average Recall     (AR) @[ IoU=0.50:0.95 | area=   all | maxDets=100 ] = 0.183
 Average Recall     (AR) @[ IoU=0.50:0.95 | area= small | maxDets=100 ] = 0.183
 Average Recall     (AR) @[ IoU=0.50:0.95 | area=medium | maxDets=100 ] = -1.000
 Average Recall     (AR) @[ IoU=0.50:0.95 | area= large | maxDets=100 ] = -1.000
 Average Recall     (AR) @[ IoU=0.50      | area=   all | maxDets=100 ] = 0.451
 Average Recall     (AR) @[ IoU=0.75      | area=   all | maxDets=100 ] = 0.134
best_stat: {'epoch': 0, 'coco_eval_bbox': 0.029673130434103693}
Epoch: [1/30]  [ 0/45]  eta: 0:00:24  lr: 0.000100  loss: 27.9309 (27.9309)  loss_vfl: 0.6024 (0.6024)  loss_bbox: 0.2556 (0.2556)  loss_giou: 1.2791 (1.2791)  loss_fgl: 0.6873 (0.6873)  loss_vfl_aux_0: 0.4812 (0.4812)  loss_bbox_aux_0: 0.4042 (0.4042)  loss_giou_aux_0: 1.8406 (1.8406)  loss_fgl_aux_0: 0.4675 (0.4675)  loss_ddf_aux_0: 0.2941 (0.2941)  loss_vfl_aux_1: 0.8124 (0.8124)  loss_bbox_aux_1: 0.2839 (0.2839)  loss_giou_aux_1: 1.3075 (1.3075)  loss_fgl_aux_1: 0.6863 (0.6863)  loss_ddf_aux_1: 0.0331 (0.0331)  loss_vfl_pre: 0.4849 (0.4849)  loss_bbox_pre: 0.4082 (0.4082)  loss_giou_pre: 1.8465 (1.8465)  loss_vfl_enc_0: 0.2058 (0.2058)  loss_bbox_enc_0: 0.5476 (0.5476)  loss_giou_enc_0: 2.4045 (2.4045)  loss_vfl_dn_0: 1.5659 (1.5659)  loss_bbox_dn_0: 0.0720 (0.0720)  loss_giou_dn_0: 0.7391 (0.7391)  loss_fgl_dn_0: 1.2051 (1.2051)  loss_ddf_dn_0: 0.6667 (0.6667)  loss_vfl_dn_1: 1.1946 (1.1946)  loss_bbox_dn_1: 0.0628 (0.0628)  loss_giou_dn_1: 0.6224 (0.6224)  loss_fgl_dn_1: 1.2364 (1.2364)  loss_ddf_dn_1: 0.0571 (0.0571)  loss_vfl_dn_2: 0.8485 (0.8485)  loss_bbox_dn_2: 0.0632 (0.0632)  loss_giou_dn_2: 0.6395 (0.6395)  loss_fgl_dn_2: 1.2552 (1.2552)  loss_ddf_dn_2: -0.0000 (0.0000)  loss_vfl_dn_pre: 1.5513 (1.5513)  loss_bbox_dn_pre: 0.0729 (0.0729)  loss_giou_dn_pre: 0.7458 (0.7458)  time: 0.5381  data: 0.2438  max mem: 8696
Epoch: [1/30]  [44/45]  eta: 0:00:00  lr: 0.000100  loss: 25.7882 (26.4569)  loss_vfl: 0.5082 (0.5285)  loss_bbox: 0.2348 (0.2621)  loss_giou: 1.3626 (1.3911)  loss_fgl: 0.6702 (0.6862)  loss_vfl_aux_0: 0.3600 (0.3911)  loss_bbox_aux_0: 0.3901 (0.4114)  loss_giou_aux_0: 1.9292 (1.8718)  loss_fgl_aux_0: 0.4628 (0.4931)  loss_ddf_aux_0: 0.2590 (0.3369)  loss_vfl_aux_1: 0.4424 (0.4816)  loss_bbox_aux_1: 0.2906 (0.2966)  loss_giou_aux_1: 1.5466 (1.5085)  loss_fgl_aux_1: 0.6274 (0.6505)  loss_ddf_aux_1: 0.0424 (0.0459)  loss_vfl_pre: 0.3030 (0.3671)  loss_bbox_pre: 0.4356 (0.4488)  loss_giou_pre: 1.8577 (1.8590)  loss_vfl_enc_0: 0.0500 (0.0720)  loss_bbox_enc_0: 0.9643 (0.7943)  loss_giou_enc_0: 2.5455 (2.5442)  loss_vfl_dn_0: 0.6303 (0.9347)  loss_bbox_dn_0: 0.0593 (0.0651)  loss_giou_dn_0: 0.7194 (0.7489)  loss_fgl_dn_0: 1.2351 (1.2119)  loss_ddf_dn_0: 1.0944 (1.1204)  loss_vfl_dn_1: 0.5548 (0.6420)  loss_bbox_dn_1: 0.0480 (0.0532)  loss_giou_dn_1: 0.5940 (0.6265)  loss_fgl_dn_1: 1.2469 (1.2400)  loss_ddf_dn_1: 0.0673 (0.0801)  loss_vfl_dn_2: 0.5801 (0.6096)  loss_bbox_dn_2: 0.0497 (0.0538)  loss_giou_dn_2: 0.6029 (0.6317)  loss_fgl_dn_2: 1.2544 (1.2491)  loss_ddf_dn_2: -0.0000 (0.0000)  loss_vfl_dn_pre: 0.6527 (0.9412)  loss_bbox_dn_pre: 0.0585 (0.0646)  loss_giou_dn_pre: 0.7063 (0.7434)  time: 0.2971  data: 0.0116  max mem: 8696
Epoch: [1/30] Total time: 0:00:13 (0.3057 s / it)
Averaged stats: lr: 0.000100  loss: 25.7882 (26.4569)  loss_vfl: 0.5082 (0.5285)  loss_bbox: 0.2348 (0.2621)  loss_giou: 1.3626 (1.3911)  loss_fgl: 0.6702 (0.6862)  loss_vfl_aux_0: 0.3600 (0.3911)  loss_bbox_aux_0: 0.3901 (0.4114)  loss_giou_aux_0: 1.9292 (1.8718)  loss_fgl_aux_0: 0.4628 (0.4931)  loss_ddf_aux_0: 0.2590 (0.3369)  loss_vfl_aux_1: 0.4424 (0.4816)  loss_bbox_aux_1: 0.2906 (0.2966)  loss_giou_aux_1: 1.5466 (1.5085)  loss_fgl_aux_1: 0.6274 (0.6505)  loss_ddf_aux_1: 0.0424 (0.0459)  loss_vfl_pre: 0.3030 (0.3671)  loss_bbox_pre: 0.4356 (0.4488)  loss_giou_pre: 1.8577 (1.8590)  loss_vfl_enc_0: 0.0500 (0.0720)  loss_bbox_enc_0: 0.9643 (0.7943)  loss_giou_enc_0: 2.5455 (2.5442)  loss_vfl_dn_0: 0.6303 (0.9347)  loss_bbox_dn_0: 0.0593 (0.0651)  loss_giou_dn_0: 0.7194 (0.7489)  loss_fgl_dn_0: 1.2351 (1.2119)  loss_ddf_dn_0: 1.0944 (1.1204)  loss_vfl_dn_1: 0.5548 (0.6420)  loss_bbox_dn_1: 0.0480 (0.0532)  loss_giou_dn_1: 0.5940 (0.6265)  loss_fgl_dn_1: 1.2469 (1.2400)  loss_ddf_dn_1: 0.0673 (0.0801)  loss_vfl_dn_2: 0.5801 (0.6096)  loss_bbox_dn_2: 0.0497 (0.0538)  loss_giou_dn_2: 0.6029 (0.6317)  loss_fgl_dn_2: 1.2544 (1.2491)  loss_ddf_dn_2: -0.0000 (0.0000)  loss_vfl_dn_pre: 0.6527 (0.9412)  loss_bbox_dn_pre: 0.0585 (0.0646)  loss_giou_dn_pre: 0.7063 (0.7434)
Test:  [0/8]  eta: 0:00:02    time: 0.3132  data: 0.2373  max mem: 8696
Test:  [7/8]  eta: 0:00:00    time: 0.1398  data: 0.0419  max mem: 8696
Test: Total time: 0:00:01 (0.1438 s / it)
Metrics: {'f1': 0.3548387096774193, 'precision': 0.75, 'recall': 0.2323943661971831, 'iou': 0.14923935855915343, 'TPs': 33, 'FPs': 11, 'FNs': 109}
Averaged stats: 
Accumulating evaluation results...
COCOeval_opt.accumulate() finished...
DONE (t=0.01s).
IoU metric: bbox
 Average Precision  (AP) @[ IoU=0.50:0.95 | area=   all | maxDets=100 ] = 0.161
 Average Precision  (AP) @[ IoU=0.50      | area=   all | maxDets=100 ] = 0.487
 Average Precision  (AP) @[ IoU=0.75      | area=   all | maxDets=100 ] = 0.033
 Average Precision  (AP) @[ IoU=0.50:0.95 | area= small | maxDets=100 ] = 0.161
 Average Precision  (AP) @[ IoU=0.50:0.95 | area=medium | maxDets=100 ] = -1.000
 Average Precision  (AP) @[ IoU=0.50:0.95 | area= large | maxDets=100 ] = -1.000
 Average Recall     (AR) @[ IoU=0.50:0.95 | area=   all | maxDets=  1 ] = 0.147
 Average Recall     (AR) @[ IoU=0.50:0.95 | area=   all | maxDets= 10 ] = 0.280
 Average Recall     (AR) @[ IoU=0.50:0.95 | area=   all | maxDets=100 ] = 0.284
 Average Recall     (AR) @[ IoU=0.50:0.95 | area= small | maxDets=100 ] = 0.284
 Average Recall     (AR) @[ IoU=0.50:0.95 | area=medium | maxDets=100 ] = -1.000
 Average Recall     (AR) @[ IoU=0.50:0.95 | area= large | maxDets=100 ] = -1.000
 Average Recall     (AR) @[ IoU=0.50      | area=   all | maxDets=100 ] = 0.690
 Average Recall     (AR) @[ IoU=0.75      | area=   all | maxDets=100 ] = 0.148
best_stat: {'epoch': 1, 'coco_eval_bbox': 0.1607284260187795}
Epoch: [2/30]  [ 0/45]  eta: 0:00:23  lr: 0.000100  loss: 25.9753 (25.9753)  loss_vfl: 0.4967 (0.4967)  loss_bbox: 0.3169 (0.3169)  loss_giou: 1.4022 (1.4022)  loss_fgl: 0.6913 (0.6913)  loss_vfl_aux_0: 0.3502 (0.3502)  loss_bbox_aux_0: 0.4243 (0.4243)  loss_giou_aux_0: 1.9239 (1.9239)  loss_fgl_aux_0: 0.5118 (0.5118)  loss_ddf_aux_0: 0.2921 (0.2921)  loss_vfl_aux_1: 0.4444 (0.4444)  loss_bbox_aux_1: 0.3669 (0.3669)  loss_giou_aux_1: 1.4930 (1.4930)  loss_fgl_aux_1: 0.6682 (0.6682)  loss_ddf_aux_1: 0.0402 (0.0402)  loss_vfl_pre: 0.3545 (0.3545)  loss_bbox_pre: 0.4855 (0.4855)  loss_giou_pre: 1.8983 (1.8983)  loss_vfl_enc_0: 0.0836 (0.0836)  loss_bbox_enc_0: 1.3064 (1.3064)  loss_giou_enc_0: 2.5627 (2.5627)  loss_vfl_dn_0: 0.5421 (0.5421)  loss_bbox_dn_0: 0.0525 (0.0525)  loss_giou_dn_0: 0.6739 (0.6739)  loss_fgl_dn_0: 1.2522 (1.2522)  loss_ddf_dn_0: 1.1142 (1.1142)  loss_vfl_dn_1: 0.5457 (0.5457)  loss_bbox_dn_1: 0.0471 (0.0471)  loss_giou_dn_1: 0.5801 (0.5801)  loss_fgl_dn_1: 1.2784 (1.2784)  loss_ddf_dn_1: 0.0632 (0.0632)  loss_vfl_dn_2: 0.5442 (0.5442)  loss_bbox_dn_2: 0.0467 (0.0467)  loss_giou_dn_2: 0.5788 (0.5788)  loss_fgl_dn_2: 1.2792 (1.2792)  loss_ddf_dn_2: -0.0000 (0.0000)  loss_vfl_dn_pre: 0.5439 (0.5439)  loss_bbox_dn_pre: 0.0517 (0.0517)  loss_giou_dn_pre: 0.6685 (0.6685)  time: 0.5330  data: 0.2319  max mem: 8696
Epoch: [2/30]  [44/45]  eta: 0:00:00  lr: 0.000100  loss: 22.2327 (23.0576)  loss_vfl: 0.6768 (0.6603)  loss_bbox: 0.0867 (0.1360)  loss_giou: 0.8161 (0.9661)  loss_fgl: 1.0350 (0.9717)  loss_vfl_aux_0: 0.5430 (0.5055)  loss_bbox_aux_0: 0.1541 (0.1987)  loss_giou_aux_0: 1.2070 (1.4027)  loss_fgl_aux_0: 0.9110 (0.8354)  loss_ddf_aux_0: 0.3707 (0.3240)  loss_vfl_aux_1: 0.6696 (0.6378)  loss_bbox_aux_1: 0.0969 (0.1509)  loss_giou_aux_1: 0.8983 (1.0386)  loss_fgl_aux_1: 1.0196 (0.9534)  loss_ddf_aux_1: 0.0385 (0.0393)  loss_vfl_pre: 0.5194 (0.4934)  loss_bbox_pre: 0.1618 (0.2115)  loss_giou_pre: 1.1955 (1.3862)  loss_vfl_enc_0: 0.1516 (0.1276)  loss_bbox_enc_0: 0.5047 (0.6459)  loss_giou_enc_0: 2.1384 (2.2864)  loss_vfl_dn_0: 0.5436 (0.5381)  loss_bbox_dn_0: 0.0573 (0.0593)  loss_giou_dn_0: 0.6802 (0.6905)  loss_fgl_dn_0: 1.2279 (1.2267)  loss_ddf_dn_0: 0.4736 (0.5368)  loss_vfl_dn_1: 0.4931 (0.5137)  loss_bbox_dn_1: 0.0463 (0.0478)  loss_giou_dn_1: 0.5420 (0.5671)  loss_fgl_dn_1: 1.2341 (1.2358)  loss_ddf_dn_1: 0.0282 (0.0382)  loss_vfl_dn_2: 0.4815 (0.4984)  loss_bbox_dn_2: 0.0457 (0.0482)  loss_giou_dn_2: 0.5394 (0.5680)  loss_fgl_dn_2: 1.2426 (1.2388)  loss_ddf_dn_2: -0.0000 (0.0000)  loss_vfl_dn_pre: 0.5400 (0.5368)  loss_bbox_dn_pre: 0.0562 (0.0583)  loss_giou_dn_pre: 0.6790 (0.6839)  time: 0.2952  data: 0.0113  max mem: 8696
Epoch: [2/30] Total time: 0:00:13 (0.3030 s / it)
Averaged stats: lr: 0.000100  loss: 22.2327 (23.0576)  loss_vfl: 0.6768 (0.6603)  loss_bbox: 0.0867 (0.1360)  loss_giou: 0.8161 (0.9661)  loss_fgl: 1.0350 (0.9717)  loss_vfl_aux_0: 0.5430 (0.5055)  loss_bbox_aux_0: 0.1541 (0.1987)  loss_giou_aux_0: 1.2070 (1.4027)  loss_fgl_aux_0: 0.9110 (0.8354)  loss_ddf_aux_0: 0.3707 (0.3240)  loss_vfl_aux_1: 0.6696 (0.6378)  loss_bbox_aux_1: 0.0969 (0.1509)  loss_giou_aux_1: 0.8983 (1.0386)  loss_fgl_aux_1: 1.0196 (0.9534)  loss_ddf_aux_1: 0.0385 (0.0393)  loss_vfl_pre: 0.5194 (0.4934)  loss_bbox_pre: 0.1618 (0.2115)  loss_giou_pre: 1.1955 (1.3862)  loss_vfl_enc_0: 0.1516 (0.1276)  loss_bbox_enc_0: 0.5047 (0.6459)  loss_giou_enc_0: 2.1384 (2.2864)  loss_vfl_dn_0: 0.5436 (0.5381)  loss_bbox_dn_0: 0.0573 (0.0593)  loss_giou_dn_0: 0.6802 (0.6905)  loss_fgl_dn_0: 1.2279 (1.2267)  loss_ddf_dn_0: 0.4736 (0.5368)  loss_vfl_dn_1: 0.4931 (0.5137)  loss_bbox_dn_1: 0.0463 (0.0478)  loss_giou_dn_1: 0.5420 (0.5671)  loss_fgl_dn_1: 1.2341 (1.2358)  loss_ddf_dn_1: 0.0282 (0.0382)  loss_vfl_dn_2: 0.4815 (0.4984)  loss_bbox_dn_2: 0.0457 (0.0482)  loss_giou_dn_2: 0.5394 (0.5680)  loss_fgl_dn_2: 1.2426 (1.2388)  loss_ddf_dn_2: -0.0000 (0.0000)  loss_vfl_dn_pre: 0.5400 (0.5368)  loss_bbox_dn_pre: 0.0562 (0.0583)  loss_giou_dn_pre: 0.6790 (0.6839)
Test:  [0/8]  eta: 0:00:02    time: 0.3025  data: 0.2259  max mem: 8696
Test:  [7/8]  eta: 0:00:00    time: 0.1172  data: 0.0405  max mem: 8696
Test: Total time: 0:00:00 (0.1219 s / it)
Metrics: {'f1': 0.610441767068273, 'precision': 0.7102803738317757, 'recall': 0.5352112676056338, 'iou': 0.3195039829766819, 'TPs': 76, 'FPs': 31, 'FNs': 66}
Averaged stats: 
Accumulating evaluation results...
COCOeval_opt.accumulate() finished...
DONE (t=0.01s).
IoU metric: bbox
 Average Precision  (AP) @[ IoU=0.50:0.95 | area=   all | maxDets=100 ] = 0.257
 Average Precision  (AP) @[ IoU=0.50      | area=   all | maxDets=100 ] = 0.612
 Average Precision  (AP) @[ IoU=0.75      | area=   all | maxDets=100 ] = 0.166
 Average Precision  (AP) @[ IoU=0.50:0.95 | area= small | maxDets=100 ] = 0.257
 Average Precision  (AP) @[ IoU=0.50:0.95 | area=medium | maxDets=100 ] = -1.000
 Average Precision  (AP) @[ IoU=0.50:0.95 | area= large | maxDets=100 ] = -1.000
 Average Recall     (AR) @[ IoU=0.50:0.95 | area=   all | maxDets=  1 ] = 0.173
 Average Recall     (AR) @[ IoU=0.50:0.95 | area=   all | maxDets= 10 ] = 0.427
 Average Recall     (AR) @[ IoU=0.50:0.95 | area=   all | maxDets=100 ] = 0.440
 Average Recall     (AR) @[ IoU=0.50:0.95 | area= small | maxDets=100 ] = 0.440
 Average Recall     (AR) @[ IoU=0.50:0.95 | area=medium | maxDets=100 ] = -1.000
 Average Recall     (AR) @[ IoU=0.50:0.95 | area= large | maxDets=100 ] = -1.000
 Average Recall     (AR) @[ IoU=0.50      | area=   all | maxDets=100 ] = 0.831
 Average Recall     (AR) @[ IoU=0.75      | area=   all | maxDets=100 ] = 0.423
best_stat: {'epoch': 2, 'coco_eval_bbox': 0.25661111905416417}
Epoch: [3/30]  [ 0/45]  eta: 0:00:23  lr: 0.000100  loss: 21.9454 (21.9454)  loss_vfl: 0.7230 (0.7230)  loss_bbox: 0.0651 (0.0651)  loss_giou: 0.7203 (0.7203)  loss_fgl: 1.0134 (1.0134)  loss_vfl_aux_0: 0.5178 (0.5178)  loss_bbox_aux_0: 0.1459 (0.1459)  loss_giou_aux_0: 1.2887 (1.2887)  loss_fgl_aux_0: 0.8319 (0.8319)  loss_ddf_aux_0: 0.3868 (0.3868)  loss_vfl_aux_1: 0.7352 (0.7352)  loss_bbox_aux_1: 0.0762 (0.0762)  loss_giou_aux_1: 0.7636 (0.7636)  loss_fgl_aux_1: 1.0068 (1.0068)  loss_ddf_aux_1: 0.0485 (0.0485)  loss_vfl_pre: 0.5019 (0.5019)  loss_bbox_pre: 0.1536 (0.1536)  loss_giou_pre: 1.2611 (1.2611)  loss_vfl_enc_0: 0.1520 (0.1520)  loss_bbox_enc_0: 0.5030 (0.5030)  loss_giou_enc_0: 2.3187 (2.3187)  loss_vfl_dn_0: 0.5414 (0.5414)  loss_bbox_dn_0: 0.0512 (0.0512)  loss_giou_dn_0: 0.6142 (0.6142)  loss_fgl_dn_0: 1.2333 (1.2333)  loss_ddf_dn_0: 0.5679 (0.5679)  loss_vfl_dn_1: 0.4817 (0.4817)  loss_bbox_dn_1: 0.0404 (0.0404)  loss_giou_dn_1: 0.5042 (0.5042)  loss_fgl_dn_1: 1.2188 (1.2188)  loss_ddf_dn_1: 0.0305 (0.0305)  loss_vfl_dn_2: 0.4714 (0.4714)  loss_bbox_dn_2: 0.0405 (0.0405)  loss_giou_dn_2: 0.5074 (0.5074)  loss_fgl_dn_2: 1.2196 (1.2196)  loss_ddf_dn_2: -0.0000 (0.0000)  loss_vfl_dn_pre: 0.5382 (0.5382)  loss_bbox_dn_pre: 0.0512 (0.0512)  loss_giou_dn_pre: 0.6199 (0.6199)  time: 0.5278  data: 0.2364  max mem: 8696
Epoch: [3/30]  [44/45]  eta: 0:00:00  lr: 0.000100  loss: 22.4180 (22.6690)  loss_vfl: 0.5986 (0.6527)  loss_bbox: 0.1030 (0.1327)  loss_giou: 0.8927 (0.9203)  loss_fgl: 0.9563 (0.9569)  loss_vfl_aux_0: 0.5099 (0.5274)  loss_bbox_aux_0: 0.1813 (0.1934)  loss_giou_aux_0: 1.3891 (1.3945)  loss_fgl_aux_0: 0.7947 (0.8231)  loss_ddf_aux_0: 0.4133 (0.4699)  loss_vfl_aux_1: 0.6158 (0.6664)  loss_bbox_aux_1: 0.1133 (0.1438)  loss_giou_aux_1: 0.9550 (0.9934)  loss_fgl_aux_1: 0.9174 (0.9392)  loss_ddf_aux_1: 0.0390 (0.0436)  loss_vfl_pre: 0.5029 (0.5185)  loss_bbox_pre: 0.1771 (0.1981)  loss_giou_pre: 1.3982 (1.3862)  loss_vfl_enc_0: 0.1393 (0.1569)  loss_bbox_enc_0: 0.4995 (0.6111)  loss_giou_enc_0: 2.4641 (2.3675)  loss_vfl_dn_0: 0.5311 (0.5338)  loss_bbox_dn_0: 0.0511 (0.0531)  loss_giou_dn_0: 0.6304 (0.6248)  loss_fgl_dn_0: 1.2368 (1.2460)  loss_ddf_dn_0: 0.2879 (0.3782)  loss_vfl_dn_1: 0.4623 (0.4708)  loss_bbox_dn_1: 0.0409 (0.0422)  loss_giou_dn_1: 0.5158 (0.5100)  loss_fgl_dn_1: 1.2192 (1.2375)  loss_ddf_dn_1: 0.0156 (0.0213)  loss_vfl_dn_2: 0.4554 (0.4609)  loss_bbox_dn_2: 0.0411 (0.0421)  loss_giou_dn_2: 0.5183 (0.5092)  loss_fgl_dn_2: 1.2185 (1.2387)  loss_ddf_dn_2: -0.0000 (0.0000)  loss_vfl_dn_pre: 0.5286 (0.5311)  loss_bbox_dn_pre: 0.0512 (0.0527)  loss_giou_dn_pre: 0.6317 (0.6209)  time: 0.3007  data: 0.0117  max mem: 8696
Epoch: [3/30] Total time: 0:00:13 (0.3051 s / it)
Averaged stats: lr: 0.000100  loss: 22.4180 (22.6690)  loss_vfl: 0.5986 (0.6527)  loss_bbox: 0.1030 (0.1327)  loss_giou: 0.8927 (0.9203)  loss_fgl: 0.9563 (0.9569)  loss_vfl_aux_0: 0.5099 (0.5274)  loss_bbox_aux_0: 0.1813 (0.1934)  loss_giou_aux_0: 1.3891 (1.3945)  loss_fgl_aux_0: 0.7947 (0.8231)  loss_ddf_aux_0: 0.4133 (0.4699)  loss_vfl_aux_1: 0.6158 (0.6664)  loss_bbox_aux_1: 0.1133 (0.1438)  loss_giou_aux_1: 0.9550 (0.9934)  loss_fgl_aux_1: 0.9174 (0.9392)  loss_ddf_aux_1: 0.0390 (0.0436)  loss_vfl_pre: 0.5029 (0.5185)  loss_bbox_pre: 0.1771 (0.1981)  loss_giou_pre: 1.3982 (1.3862)  loss_vfl_enc_0: 0.1393 (0.1569)  loss_bbox_enc_0: 0.4995 (0.6111)  loss_giou_enc_0: 2.4641 (2.3675)  loss_vfl_dn_0: 0.5311 (0.5338)  loss_bbox_dn_0: 0.0511 (0.0531)  loss_giou_dn_0: 0.6304 (0.6248)  loss_fgl_dn_0: 1.2368 (1.2460)  loss_ddf_dn_0: 0.2879 (0.3782)  loss_vfl_dn_1: 0.4623 (0.4708)  loss_bbox_dn_1: 0.0409 (0.0422)  loss_giou_dn_1: 0.5158 (0.5100)  loss_fgl_dn_1: 1.2192 (1.2375)  loss_ddf_dn_1: 0.0156 (0.0213)  loss_vfl_dn_2: 0.4554 (0.4609)  loss_bbox_dn_2: 0.0411 (0.0421)  loss_giou_dn_2: 0.5183 (0.5092)  loss_fgl_dn_2: 1.2185 (1.2387)  loss_ddf_dn_2: -0.0000 (0.0000)  loss_vfl_dn_pre: 0.5286 (0.5311)  loss_bbox_dn_pre: 0.0512 (0.0527)  loss_giou_dn_pre: 0.6317 (0.6209)
Test:  [0/8]  eta: 0:00:02    time: 0.3031  data: 0.2250  max mem: 8696
Test:  [7/8]  eta: 0:00:00    time: 0.1409  data: 0.0408  max mem: 8696
Test: Total time: 0:00:01 (0.1451 s / it)
Metrics: {'f1': 0.5896414342629481, 'precision': 0.6788990825688074, 'recall': 0.5211267605633803, 'iou': 0.2966434053108517, 'TPs': 74, 'FPs': 35, 'FNs': 68}
Averaged stats: 
Accumulating evaluation results...
COCOeval_opt.accumulate() finished...
DONE (t=0.01s).
IoU metric: bbox
 Average Precision  (AP) @[ IoU=0.50:0.95 | area=   all | maxDets=100 ] = 0.220
 Average Precision  (AP) @[ IoU=0.50      | area=   all | maxDets=100 ] = 0.600
 Average Precision  (AP) @[ IoU=0.75      | area=   all | maxDets=100 ] = 0.087
 Average Precision  (AP) @[ IoU=0.50:0.95 | area= small | maxDets=100 ] = 0.220
 Average Precision  (AP) @[ IoU=0.50:0.95 | area=medium | maxDets=100 ] = -1.000
 Average Precision  (AP) @[ IoU=0.50:0.95 | area= large | maxDets=100 ] = -1.000
 Average Recall     (AR) @[ IoU=0.50:0.95 | area=   all | maxDets=  1 ] = 0.164
 Average Recall     (AR) @[ IoU=0.50:0.95 | area=   all | maxDets= 10 ] = 0.387
 Average Recall     (AR) @[ IoU=0.50:0.95 | area=   all | maxDets=100 ] = 0.432
 Average Recall     (AR) @[ IoU=0.50:0.95 | area= small | maxDets=100 ] = 0.432
 Average Recall     (AR) @[ IoU=0.50:0.95 | area=medium | maxDets=100 ] = -1.000
 Average Recall     (AR) @[ IoU=0.50:0.95 | area= large | maxDets=100 ] = -1.000
 Average Recall     (AR) @[ IoU=0.50      | area=   all | maxDets=100 ] = 0.859
 Average Recall     (AR) @[ IoU=0.75      | area=   all | maxDets=100 ] = 0.359
best_stat: {'epoch': 2, 'coco_eval_bbox': 0.25661111905416417}
Epoch: [4/30]  [ 0/45]  eta: 0:00:24  lr: 0.000100  loss: 23.4750 (23.4750)  loss_vfl: 0.6840 (0.6840)  loss_bbox: 0.1568 (0.1568)  loss_giou: 1.0513 (1.0513)  loss_fgl: 0.8339 (0.8339)  loss_vfl_aux_0: 0.4892 (0.4892)  loss_bbox_aux_0: 0.2359 (0.2359)  loss_giou_aux_0: 1.6152 (1.6152)  loss_fgl_aux_0: 0.7025 (0.7025)  loss_ddf_aux_0: 0.5091 (0.5091)  loss_vfl_aux_1: 0.6138 (0.6138)  loss_bbox_aux_1: 0.1787 (0.1787)  loss_giou_aux_1: 1.2164 (1.2164)  loss_fgl_aux_1: 0.8106 (0.8106)  loss_ddf_aux_1: 0.0656 (0.0656)  loss_vfl_pre: 0.4760 (0.4760)  loss_bbox_pre: 0.2450 (0.2450)  loss_giou_pre: 1.6392 (1.6392)  loss_vfl_enc_0: 0.0941 (0.0941)  loss_bbox_enc_0: 0.8204 (0.8204)  loss_giou_enc_0: 2.8735 (2.8735)  loss_vfl_dn_0: 0.5284 (0.5284)  loss_bbox_dn_0: 0.0474 (0.0474)  loss_giou_dn_0: 0.5735 (0.5735)  loss_fgl_dn_0: 1.2577 (1.2577)  loss_ddf_dn_0: 0.2344 (0.2344)  loss_vfl_dn_1: 0.4511 (0.4511)  loss_bbox_dn_1: 0.0369 (0.0369)  loss_giou_dn_1: 0.4732 (0.4732)  loss_fgl_dn_1: 1.2285 (1.2285)  loss_ddf_dn_1: 0.0129 (0.0129)  loss_vfl_dn_2: 0.4407 (0.4407)  loss_bbox_dn_2: 0.0364 (0.0364)  loss_giou_dn_2: 0.4664 (0.4664)  loss_fgl_dn_2: 1.2287 (1.2287)  loss_ddf_dn_2: -0.0000 (0.0000)  loss_vfl_dn_pre: 0.5269 (0.5269)  loss_bbox_dn_pre: 0.0478 (0.0478)  loss_giou_dn_pre: 0.5730 (0.5730)  time: 0.5461  data: 0.2468  max mem: 8696
Epoch: [4/30]  [44/45]  eta: 0:00:00  lr: 0.000100  loss: 21.8452 (22.1347)  loss_vfl: 0.6368 (0.6477)  loss_bbox: 0.0932 (0.1209)  loss_giou: 0.7922 (0.8828)  loss_fgl: 1.0367 (0.9980)  loss_vfl_aux_0: 0.5981 (0.5811)  loss_bbox_aux_0: 0.1307 (0.1750)  loss_giou_aux_0: 1.0881 (1.2674)  loss_fgl_aux_0: 0.9887 (0.9029)  loss_ddf_aux_0: 0.5390 (0.4934)  loss_vfl_aux_1: 0.6308 (0.6677)  loss_bbox_aux_1: 0.0962 (0.1287)  loss_giou_aux_1: 0.8417 (0.9371)  loss_fgl_aux_1: 1.0279 (0.9860)  loss_ddf_aux_1: 0.0345 (0.0403)  loss_vfl_pre: 0.5954 (0.5772)  loss_bbox_pre: 0.1288 (0.1781)  loss_giou_pre: 1.1159 (1.2621)  loss_vfl_enc_0: 0.1408 (0.1656)  loss_bbox_enc_0: 0.5094 (0.5392)  loss_giou_enc_0: 2.4041 (2.3903)  loss_vfl_dn_0: 0.5223 (0.5221)  loss_bbox_dn_0: 0.0491 (0.0490)  loss_giou_dn_0: 0.5850 (0.5865)  loss_fgl_dn_0: 1.2539 (1.2533)  loss_ddf_dn_0: 0.2444 (0.2431)  loss_vfl_dn_1: 0.4412 (0.4458)  loss_bbox_dn_1: 0.0359 (0.0378)  loss_giou_dn_1: 0.4710 (0.4726)  loss_fgl_dn_1: 1.2332 (1.2328)  loss_ddf_dn_1: 0.0094 (0.0113)  loss_vfl_dn_2: 0.4410 (0.4407)  loss_bbox_dn_2: 0.0362 (0.0379)  loss_giou_dn_2: 0.4723 (0.4732)  loss_fgl_dn_2: 1.2338 (1.2337)  loss_ddf_dn_2: -0.0000 (0.0000)  loss_vfl_dn_pre: 0.5220 (0.5197)  loss_bbox_dn_pre: 0.0491 (0.0489)  loss_giou_dn_pre: 0.5898 (0.5851)  time: 0.2984  data: 0.0117  max mem: 8696
Epoch: [4/30] Total time: 0:00:13 (0.3076 s / it)
Averaged stats: lr: 0.000100  loss: 21.8452 (22.1347)  loss_vfl: 0.6368 (0.6477)  loss_bbox: 0.0932 (0.1209)  loss_giou: 0.7922 (0.8828)  loss_fgl: 1.0367 (0.9980)  loss_vfl_aux_0: 0.5981 (0.5811)  loss_bbox_aux_0: 0.1307 (0.1750)  loss_giou_aux_0: 1.0881 (1.2674)  loss_fgl_aux_0: 0.9887 (0.9029)  loss_ddf_aux_0: 0.5390 (0.4934)  loss_vfl_aux_1: 0.6308 (0.6677)  loss_bbox_aux_1: 0.0962 (0.1287)  loss_giou_aux_1: 0.8417 (0.9371)  loss_fgl_aux_1: 1.0279 (0.9860)  loss_ddf_aux_1: 0.0345 (0.0403)  loss_vfl_pre: 0.5954 (0.5772)  loss_bbox_pre: 0.1288 (0.1781)  loss_giou_pre: 1.1159 (1.2621)  loss_vfl_enc_0: 0.1408 (0.1656)  loss_bbox_enc_0: 0.5094 (0.5392)  loss_giou_enc_0: 2.4041 (2.3903)  loss_vfl_dn_0: 0.5223 (0.5221)  loss_bbox_dn_0: 0.0491 (0.0490)  loss_giou_dn_0: 0.5850 (0.5865)  loss_fgl_dn_0: 1.2539 (1.2533)  loss_ddf_dn_0: 0.2444 (0.2431)  loss_vfl_dn_1: 0.4412 (0.4458)  loss_bbox_dn_1: 0.0359 (0.0378)  loss_giou_dn_1: 0.4710 (0.4726)  loss_fgl_dn_1: 1.2332 (1.2328)  loss_ddf_dn_1: 0.0094 (0.0113)  loss_vfl_dn_2: 0.4410 (0.4407)  loss_bbox_dn_2: 0.0362 (0.0379)  loss_giou_dn_2: 0.4723 (0.4732)  loss_fgl_dn_2: 1.2338 (1.2337)  loss_ddf_dn_2: -0.0000 (0.0000)  loss_vfl_dn_pre: 0.5220 (0.5197)  loss_bbox_dn_pre: 0.0491 (0.0489)  loss_giou_dn_pre: 0.5898 (0.5851)
Test:  [0/8]  eta: 0:00:02    time: 0.2950  data: 0.2183  max mem: 8696
Test:  [7/8]  eta: 0:00:00    time: 0.1159  data: 0.0392  max mem: 8696
Test: Total time: 0:00:00 (0.1198 s / it)
Metrics: {'f1': 0.6555183946488294, 'precision': 0.6242038216560509, 'recall': 0.6901408450704225, 'iou': 0.35217314217221085, 'TPs': 98, 'FPs': 59, 'FNs': 44}
Averaged stats: 
Accumulating evaluation results...
COCOeval_opt.accumulate() finished...
DONE (t=0.01s).
IoU metric: bbox
 Average Precision  (AP) @[ IoU=0.50:0.95 | area=   all | maxDets=100 ] = 0.289
 Average Precision  (AP) @[ IoU=0.50      | area=   all | maxDets=100 ] = 0.719
 Average Precision  (AP) @[ IoU=0.75      | area=   all | maxDets=100 ] = 0.131
 Average Precision  (AP) @[ IoU=0.50:0.95 | area= small | maxDets=100 ] = 0.289
 Average Precision  (AP) @[ IoU=0.50:0.95 | area=medium | maxDets=100 ] = -1.000
 Average Precision  (AP) @[ IoU=0.50:0.95 | area= large | maxDets=100 ] = -1.000
 Average Recall     (AR) @[ IoU=0.50:0.95 | area=   all | maxDets=  1 ] = 0.205
 Average Recall     (AR) @[ IoU=0.50:0.95 | area=   all | maxDets= 10 ] = 0.497
 Average Recall     (AR) @[ IoU=0.50:0.95 | area=   all | maxDets=100 ] = 0.559
 Average Recall     (AR) @[ IoU=0.50:0.95 | area= small | maxDets=100 ] = 0.559
 Average Recall     (AR) @[ IoU=0.50:0.95 | area=medium | maxDets=100 ] = -1.000
 Average Recall     (AR) @[ IoU=0.50:0.95 | area= large | maxDets=100 ] = -1.000
 Average Recall     (AR) @[ IoU=0.50      | area=   all | maxDets=100 ] = 0.930
 Average Recall     (AR) @[ IoU=0.75      | area=   all | maxDets=100 ] = 0.634
best_stat: {'epoch': 4, 'coco_eval_bbox': 0.28893120930865407}
Epoch: [5/30]  [ 0/45]  eta: 0:00:24  lr: 0.000100  loss: 20.6126 (20.6126)  loss_vfl: 0.6104 (0.6104)  loss_bbox: 0.0487 (0.0487)  loss_giou: 0.5680 (0.5680)  loss_fgl: 1.1578 (1.1578)  loss_vfl_aux_0: 0.6655 (0.6655)  loss_bbox_aux_0: 0.0813 (0.0813)  loss_giou_aux_0: 0.8326 (0.8326)  loss_fgl_aux_0: 1.1206 (1.1206)  loss_ddf_aux_0: 0.5036 (0.5036)  loss_vfl_aux_1: 0.7408 (0.7408)  loss_bbox_aux_1: 0.0532 (0.0532)  loss_giou_aux_1: 0.6135 (0.6135)  loss_fgl_aux_1: 1.1543 (1.1543)  loss_ddf_aux_1: 0.0246 (0.0246)  loss_vfl_pre: 0.6373 (0.6373)  loss_bbox_pre: 0.0831 (0.0831)  loss_giou_pre: 0.8595 (0.8595)  loss_vfl_enc_0: 0.1597 (0.1597)  loss_bbox_enc_0: 0.4216 (0.4216)  loss_giou_enc_0: 2.1639 (2.1639)  loss_vfl_dn_0: 0.5087 (0.5087)  loss_bbox_dn_0: 0.0482 (0.0482)  loss_giou_dn_0: 0.5809 (0.5809)  loss_fgl_dn_0: 1.2790 (1.2790)  loss_ddf_dn_0: 0.1959 (0.1959)  loss_vfl_dn_1: 0.4401 (0.4401)  loss_bbox_dn_1: 0.0356 (0.0356)  loss_giou_dn_1: 0.4576 (0.4576)  loss_fgl_dn_1: 1.2569 (1.2569)  loss_ddf_dn_1: 0.0077 (0.0077)  loss_vfl_dn_2: 0.4279 (0.4279)  loss_bbox_dn_2: 0.0354 (0.0354)  loss_giou_dn_2: 0.4531 (0.4531)  loss_fgl_dn_2: 1.2566 (1.2566)  loss_ddf_dn_2: -0.0000 (0.0000)  loss_vfl_dn_pre: 0.5070 (0.5070)  loss_bbox_dn_pre: 0.0476 (0.0476)  loss_giou_dn_pre: 0.5747 (0.5747)  time: 0.5381  data: 0.2414  max mem: 8696
Epoch: [5/30]  [44/45]  eta: 0:00:00  lr: 0.000100  loss: 21.7101 (21.9509)  loss_vfl: 0.5815 (0.6144)  loss_bbox: 0.0894 (0.1247)  loss_giou: 0.8456 (0.9072)  loss_fgl: 0.9858 (0.9969)  loss_vfl_aux_0: 0.5517 (0.5860)  loss_bbox_aux_0: 0.1746 (0.1810)  loss_giou_aux_0: 1.2617 (1.2826)  loss_fgl_aux_0: 0.8792 (0.8946)  loss_ddf_aux_0: 0.4089 (0.4482)  loss_vfl_aux_1: 0.6132 (0.6168)  loss_bbox_aux_1: 0.0980 (0.1324)  loss_giou_aux_1: 0.9466 (0.9568)  loss_fgl_aux_1: 0.9833 (0.9831)  loss_ddf_aux_1: 0.0334 (0.0330)  loss_vfl_pre: 0.5350 (0.5748)  loss_bbox_pre: 0.1628 (0.1761)  loss_giou_pre: 1.2993 (1.2813)  loss_vfl_enc_0: 0.1281 (0.1523)  loss_bbox_enc_0: 0.5241 (0.5243)  loss_giou_enc_0: 2.3943 (2.4043)  loss_vfl_dn_0: 0.5127 (0.5167)  loss_bbox_dn_0: 0.0467 (0.0480)  loss_giou_dn_0: 0.5709 (0.5736)  loss_fgl_dn_0: 1.2537 (1.2547)  loss_ddf_dn_0: 0.2163 (0.2357)  loss_vfl_dn_1: 0.4322 (0.4369)  loss_bbox_dn_1: 0.0348 (0.0363)  loss_giou_dn_1: 0.4504 (0.4537)  loss_fgl_dn_1: 1.2244 (1.2276)  loss_ddf_dn_1: 0.0096 (0.0103)  loss_vfl_dn_2: 0.4291 (0.4349)  loss_bbox_dn_2: 0.0346 (0.0363)  loss_giou_dn_2: 0.4466 (0.4530)  loss_fgl_dn_2: 1.2258 (1.2280)  loss_ddf_dn_2: -0.0000 (0.0000)  loss_vfl_dn_pre: 0.5096 (0.5141)  loss_bbox_dn_pre: 0.0466 (0.0479)  loss_giou_dn_pre: 0.5673 (0.5728)  time: 0.2979  data: 0.0113  max mem: 8696
Epoch: [5/30] Total time: 0:00:13 (0.3056 s / it)
Averaged stats: lr: 0.000100  loss: 21.7101 (21.9509)  loss_vfl: 0.5815 (0.6144)  loss_bbox: 0.0894 (0.1247)  loss_giou: 0.8456 (0.9072)  loss_fgl: 0.9858 (0.9969)  loss_vfl_aux_0: 0.5517 (0.5860)  loss_bbox_aux_0: 0.1746 (0.1810)  loss_giou_aux_0: 1.2617 (1.2826)  loss_fgl_aux_0: 0.8792 (0.8946)  loss_ddf_aux_0: 0.4089 (0.4482)  loss_vfl_aux_1: 0.6132 (0.6168)  loss_bbox_aux_1: 0.0980 (0.1324)  loss_giou_aux_1: 0.9466 (0.9568)  loss_fgl_aux_1: 0.9833 (0.9831)  loss_ddf_aux_1: 0.0334 (0.0330)  loss_vfl_pre: 0.5350 (0.5748)  loss_bbox_pre: 0.1628 (0.1761)  loss_giou_pre: 1.2993 (1.2813)  loss_vfl_enc_0: 0.1281 (0.1523)  loss_bbox_enc_0: 0.5241 (0.5243)  loss_giou_enc_0: 2.3943 (2.4043)  loss_vfl_dn_0: 0.5127 (0.5167)  loss_bbox_dn_0: 0.0467 (0.0480)  loss_giou_dn_0: 0.5709 (0.5736)  loss_fgl_dn_0: 1.2537 (1.2547)  loss_ddf_dn_0: 0.2163 (0.2357)  loss_vfl_dn_1: 0.4322 (0.4369)  loss_bbox_dn_1: 0.0348 (0.0363)  loss_giou_dn_1: 0.4504 (0.4537)  loss_fgl_dn_1: 1.2244 (1.2276)  loss_ddf_dn_1: 0.0096 (0.0103)  loss_vfl_dn_2: 0.4291 (0.4349)  loss_bbox_dn_2: 0.0346 (0.0363)  loss_giou_dn_2: 0.4466 (0.4530)  loss_fgl_dn_2: 1.2258 (1.2280)  loss_ddf_dn_2: -0.0000 (0.0000)  loss_vfl_dn_pre: 0.5096 (0.5141)  loss_bbox_dn_pre: 0.0466 (0.0479)  loss_giou_dn_pre: 0.5673 (0.5728)
Test:  [0/8]  eta: 0:00:02    time: 0.3129  data: 0.2370  max mem: 8696
Test:  [7/8]  eta: 0:00:00    time: 0.1409  data: 0.0420  max mem: 8696
Test: Total time: 0:00:01 (0.1452 s / it)
Metrics: {'f1': 0.7404580152671755, 'precision': 0.8083333333333333, 'recall': 0.6830985915492958, 'iou': 0.4268589847015612, 'TPs': 97, 'FPs': 23, 'FNs': 45}
Averaged stats: 
Accumulating evaluation results...
COCOeval_opt.accumulate() finished...
DONE (t=0.01s).
IoU metric: bbox
 Average Precision  (AP) @[ IoU=0.50:0.95 | area=   all | maxDets=100 ] = 0.312
 Average Precision  (AP) @[ IoU=0.50      | area=   all | maxDets=100 ] = 0.747
 Average Precision  (AP) @[ IoU=0.75      | area=   all | maxDets=100 ] = 0.171
 Average Precision  (AP) @[ IoU=0.50:0.95 | area= small | maxDets=100 ] = 0.312
 Average Precision  (AP) @[ IoU=0.50:0.95 | area=medium | maxDets=100 ] = -1.000
 Average Precision  (AP) @[ IoU=0.50:0.95 | area= large | maxDets=100 ] = -1.000
 Average Recall     (AR) @[ IoU=0.50:0.95 | area=   all | maxDets=  1 ] = 0.192
 Average Recall     (AR) @[ IoU=0.50:0.95 | area=   all | maxDets= 10 ] = 0.456
 Average Recall     (AR) @[ IoU=0.50:0.95 | area=   all | maxDets=100 ] = 0.482
 Average Recall     (AR) @[ IoU=0.50:0.95 | area= small | maxDets=100 ] = 0.482
 Average Recall     (AR) @[ IoU=0.50:0.95 | area=medium | maxDets=100 ] = -1.000
 Average Recall     (AR) @[ IoU=0.50:0.95 | area= large | maxDets=100 ] = -1.000
 Average Recall     (AR) @[ IoU=0.50      | area=   all | maxDets=100 ] = 0.866
 Average Recall     (AR) @[ IoU=0.75      | area=   all | maxDets=100 ] = 0.486
best_stat: {'epoch': 5, 'coco_eval_bbox': 0.3121471394679819}
Epoch: [6/30]  [ 0/45]  eta: 0:00:24  lr: 0.000100  loss: 20.3339 (20.3339)  loss_vfl: 0.5914 (0.5914)  loss_bbox: 0.0571 (0.0571)  loss_giou: 0.6117 (0.6117)  loss_fgl: 1.1538 (1.1538)  loss_vfl_aux_0: 0.7936 (0.7936)  loss_bbox_aux_0: 0.0782 (0.0782)  loss_giou_aux_0: 0.8499 (0.8499)  loss_fgl_aux_0: 1.1272 (1.1272)  loss_ddf_aux_0: 0.4088 (0.4088)  loss_vfl_aux_1: 0.6576 (0.6576)  loss_bbox_aux_1: 0.0596 (0.0596)  loss_giou_aux_1: 0.6348 (0.6348)  loss_fgl_aux_1: 1.1500 (1.1500)  loss_ddf_aux_1: 0.0311 (0.0311)  loss_vfl_pre: 0.8120 (0.8120)  loss_bbox_pre: 0.0808 (0.0808)  loss_giou_pre: 0.8481 (0.8481)  loss_vfl_enc_0: 0.1077 (0.1077)  loss_bbox_enc_0: 0.3629 (0.3629)  loss_giou_enc_0: 2.0621 (2.0621)  loss_vfl_dn_0: 0.4999 (0.4999)  loss_bbox_dn_0: 0.0452 (0.0452)  loss_giou_dn_0: 0.5404 (0.5404)  loss_fgl_dn_0: 1.2608 (1.2608)  loss_ddf_dn_0: 0.2225 (0.2225)  loss_vfl_dn_1: 0.4191 (0.4191)  loss_bbox_dn_1: 0.0328 (0.0328)  loss_giou_dn_1: 0.4216 (0.4216)  loss_fgl_dn_1: 1.2231 (1.2231)  loss_ddf_dn_1: 0.0124 (0.0124)  loss_vfl_dn_2: 0.4158 (0.4158)  loss_bbox_dn_2: 0.0329 (0.0329)  loss_giou_dn_2: 0.4218 (0.4218)  loss_fgl_dn_2: 1.2234 (1.2234)  loss_ddf_dn_2: -0.0000 (0.0000)  loss_vfl_dn_pre: 0.4988 (0.4988)  loss_bbox_dn_pre: 0.0454 (0.0454)  loss_giou_dn_pre: 0.5395 (0.5395)  time: 0.5389  data: 0.2305  max mem: 8696
Epoch: [6/30]  [44/45]  eta: 0:00:00  lr: 0.000100  loss: 21.1055 (21.1606)  loss_vfl: 0.6106 (0.6223)  loss_bbox: 0.0706 (0.0777)  loss_giou: 0.6769 (0.7116)  loss_fgl: 1.0884 (1.0909)  loss_vfl_aux_0: 0.6474 (0.6822)  loss_bbox_aux_0: 0.1153 (0.1255)  loss_giou_aux_0: 1.0283 (1.0473)  loss_fgl_aux_0: 1.0116 (1.0166)  loss_ddf_aux_0: 0.4449 (0.4447)  loss_vfl_aux_1: 0.6301 (0.6546)  loss_bbox_aux_1: 0.0738 (0.0831)  loss_giou_aux_1: 0.7251 (0.7471)  loss_fgl_aux_1: 1.0739 (1.0873)  loss_ddf_aux_1: 0.0376 (0.0394)  loss_vfl_pre: 0.6327 (0.6791)  loss_bbox_pre: 0.1175 (0.1244)  loss_giou_pre: 1.0144 (1.0419)  loss_vfl_enc_0: 0.1439 (0.1682)  loss_bbox_enc_0: 0.5419 (0.5052)  loss_giou_enc_0: 2.1792 (2.1699)  loss_vfl_dn_0: 0.5032 (0.5009)  loss_bbox_dn_0: 0.0464 (0.0486)  loss_giou_dn_0: 0.5573 (0.5774)  loss_fgl_dn_0: 1.2508 (1.2519)  loss_ddf_dn_0: 0.2003 (0.2185)  loss_vfl_dn_1: 0.4279 (0.4298)  loss_bbox_dn_1: 0.0356 (0.0374)  loss_giou_dn_1: 0.4479 (0.4616)  loss_fgl_dn_1: 1.2224 (1.2260)  loss_ddf_dn_1: 0.0099 (0.0115)  loss_vfl_dn_2: 0.4224 (0.4283)  loss_bbox_dn_2: 0.0356 (0.0374)  loss_giou_dn_2: 0.4441 (0.4611)  loss_fgl_dn_2: 1.2239 (1.2265)  loss_ddf_dn_2: -0.0000 (0.0000)  loss_vfl_dn_pre: 0.5016 (0.5003)  loss_bbox_dn_pre: 0.0468 (0.0484)  loss_giou_dn_pre: 0.5510 (0.5757)  time: 0.2963  data: 0.0113  max mem: 8696
Epoch: [6/30] Total time: 0:00:13 (0.3047 s / it)
Averaged stats: lr: 0.000100  loss: 21.1055 (21.1606)  loss_vfl: 0.6106 (0.6223)  loss_bbox: 0.0706 (0.0777)  loss_giou: 0.6769 (0.7116)  loss_fgl: 1.0884 (1.0909)  loss_vfl_aux_0: 0.6474 (0.6822)  loss_bbox_aux_0: 0.1153 (0.1255)  loss_giou_aux_0: 1.0283 (1.0473)  loss_fgl_aux_0: 1.0116 (1.0166)  loss_ddf_aux_0: 0.4449 (0.4447)  loss_vfl_aux_1: 0.6301 (0.6546)  loss_bbox_aux_1: 0.0738 (0.0831)  loss_giou_aux_1: 0.7251 (0.7471)  loss_fgl_aux_1: 1.0739 (1.0873)  loss_ddf_aux_1: 0.0376 (0.0394)  loss_vfl_pre: 0.6327 (0.6791)  loss_bbox_pre: 0.1175 (0.1244)  loss_giou_pre: 1.0144 (1.0419)  loss_vfl_enc_0: 0.1439 (0.1682)  loss_bbox_enc_0: 0.5419 (0.5052)  loss_giou_enc_0: 2.1792 (2.1699)  loss_vfl_dn_0: 0.5032 (0.5009)  loss_bbox_dn_0: 0.0464 (0.0486)  loss_giou_dn_0: 0.5573 (0.5774)  loss_fgl_dn_0: 1.2508 (1.2519)  loss_ddf_dn_0: 0.2003 (0.2185)  loss_vfl_dn_1: 0.4279 (0.4298)  loss_bbox_dn_1: 0.0356 (0.0374)  loss_giou_dn_1: 0.4479 (0.4616)  loss_fgl_dn_1: 1.2224 (1.2260)  loss_ddf_dn_1: 0.0099 (0.0115)  loss_vfl_dn_2: 0.4224 (0.4283)  loss_bbox_dn_2: 0.0356 (0.0374)  loss_giou_dn_2: 0.4441 (0.4611)  loss_fgl_dn_2: 1.2239 (1.2265)  loss_ddf_dn_2: -0.0000 (0.0000)  loss_vfl_dn_pre: 0.5016 (0.5003)  loss_bbox_dn_pre: 0.0468 (0.0484)  loss_giou_dn_pre: 0.5510 (0.5757)
Test:  [0/8]  eta: 0:00:02    time: 0.3240  data: 0.2458  max mem: 8696
Test:  [7/8]  eta: 0:00:00    time: 0.1181  data: 0.0410  max mem: 8696
Test: Total time: 0:00:00 (0.1225 s / it)
Metrics: {'f1': 0.749090909090909, 'precision': 0.7744360902255639, 'recall': 0.7253521126760564, 'iou': 0.4232673284619354, 'TPs': 103, 'FPs': 30, 'FNs': 39}
Averaged stats: 
Accumulating evaluation results...
COCOeval_opt.accumulate() finished...
DONE (t=0.01s).
IoU metric: bbox
 Average Precision  (AP) @[ IoU=0.50:0.95 | area=   all | maxDets=100 ] = 0.309
 Average Precision  (AP) @[ IoU=0.50      | area=   all | maxDets=100 ] = 0.808
 Average Precision  (AP) @[ IoU=0.75      | area=   all | maxDets=100 ] = 0.148
 Average Precision  (AP) @[ IoU=0.50:0.95 | area= small | maxDets=100 ] = 0.309
 Average Precision  (AP) @[ IoU=0.50:0.95 | area=medium | maxDets=100 ] = -1.000
 Average Precision  (AP) @[ IoU=0.50:0.95 | area= large | maxDets=100 ] = -1.000
 Average Recall     (AR) @[ IoU=0.50:0.95 | area=   all | maxDets=  1 ] = 0.199
 Average Recall     (AR) @[ IoU=0.50:0.95 | area=   all | maxDets= 10 ] = 0.483
 Average Recall     (AR) @[ IoU=0.50:0.95 | area=   all | maxDets=100 ] = 0.546
 Average Recall     (AR) @[ IoU=0.50:0.95 | area= small | maxDets=100 ] = 0.546
 Average Recall     (AR) @[ IoU=0.50:0.95 | area=medium | maxDets=100 ] = -1.000
 Average Recall     (AR) @[ IoU=0.50:0.95 | area= large | maxDets=100 ] = -1.000
 Average Recall     (AR) @[ IoU=0.50      | area=   all | maxDets=100 ] = 0.965
 Average Recall     (AR) @[ IoU=0.75      | area=   all | maxDets=100 ] = 0.563
best_stat: {'epoch': 5, 'coco_eval_bbox': 0.3121471394679819}
Epoch: [7/30]  [ 0/45]  eta: 0:00:24  lr: 0.000100  loss: 21.7637 (21.7637)  loss_vfl: 0.6765 (0.6765)  loss_bbox: 0.0877 (0.0877)  loss_giou: 0.9027 (0.9027)  loss_fgl: 0.9255 (0.9255)  loss_vfl_aux_0: 0.4836 (0.4836)  loss_bbox_aux_0: 0.1616 (0.1616)  loss_giou_aux_0: 1.3799 (1.3799)  loss_fgl_aux_0: 0.8182 (0.8182)  loss_ddf_aux_0: 0.4438 (0.4438)  loss_vfl_aux_1: 0.6379 (0.6379)  loss_bbox_aux_1: 0.0975 (0.0975)  loss_giou_aux_1: 0.9706 (0.9706)  loss_fgl_aux_1: 0.9114 (0.9114)  loss_ddf_aux_1: 0.0412 (0.0412)  loss_vfl_pre: 0.4802 (0.4802)  loss_bbox_pre: 0.1502 (0.1502)  loss_giou_pre: 1.3673 (1.3673)  loss_vfl_enc_0: 0.1457 (0.1457)  loss_bbox_enc_0: 0.6669 (0.6669)  loss_giou_enc_0: 2.4228 (2.4228)  loss_vfl_dn_0: 0.4896 (0.4896)  loss_bbox_dn_0: 0.0480 (0.0480)  loss_giou_dn_0: 0.5810 (0.5810)  loss_fgl_dn_0: 1.2332 (1.2332)  loss_ddf_dn_0: 0.2390 (0.2390)  loss_vfl_dn_1: 0.4309 (0.4309)  loss_bbox_dn_1: 0.0384 (0.0384)  loss_giou_dn_1: 0.4665 (0.4665)  loss_fgl_dn_1: 1.2147 (1.2147)  loss_ddf_dn_1: 0.0131 (0.0131)  loss_vfl_dn_2: 0.4290 (0.4290)  loss_bbox_dn_2: 0.0378 (0.0378)  loss_giou_dn_2: 0.4588 (0.4588)  loss_fgl_dn_2: 1.2100 (1.2100)  loss_ddf_dn_2: -0.0000 (0.0000)  loss_vfl_dn_pre: 0.4901 (0.4901)  loss_bbox_dn_pre: 0.0464 (0.0464)  loss_giou_dn_pre: 0.5661 (0.5661)  time: 0.5386  data: 0.2445  max mem: 8696
Epoch: [7/30]  [44/45]  eta: 0:00:00  lr: 0.000100  loss: 21.9367 (21.5980)  loss_vfl: 0.5201 (0.5656)  loss_bbox: 0.1359 (0.1155)  loss_giou: 1.0051 (0.8771)  loss_fgl: 0.8909 (1.0117)  loss_vfl_aux_0: 0.5799 (0.6311)  loss_bbox_aux_0: 0.2266 (0.1700)  loss_giou_aux_0: 1.3401 (1.2027)  loss_fgl_aux_0: 0.8269 (0.9366)  loss_ddf_aux_0: 0.3705 (0.4335)  loss_vfl_aux_1: 0.5080 (0.5817)  loss_bbox_aux_1: 0.1385 (0.1206)  loss_giou_aux_1: 1.0385 (0.9111)  loss_fgl_aux_1: 0.8925 (1.0064)  loss_ddf_aux_1: 0.0341 (0.0383)  loss_vfl_pre: 0.5702 (0.6313)  loss_bbox_pre: 0.1908 (0.1585)  loss_giou_pre: 1.3238 (1.2045)  loss_vfl_enc_0: 0.1195 (0.1554)  loss_bbox_enc_0: 0.4908 (0.5326)  loss_giou_enc_0: 2.5340 (2.3668)  loss_vfl_dn_0: 0.5004 (0.4978)  loss_bbox_dn_0: 0.0452 (0.0475)  loss_giou_dn_0: 0.5455 (0.5629)  loss_fgl_dn_0: 1.2547 (1.2594)  loss_ddf_dn_0: 0.1955 (0.2071)  loss_vfl_dn_1: 0.4221 (0.4239)  loss_bbox_dn_1: 0.0338 (0.0356)  loss_giou_dn_1: 0.4364 (0.4430)  loss_fgl_dn_1: 1.2156 (1.2261)  loss_ddf_dn_1: 0.0074 (0.0100)  loss_vfl_dn_2: 0.4198 (0.4223)  loss_bbox_dn_2: 0.0335 (0.0357)  loss_giou_dn_2: 0.4353 (0.4431)  loss_fgl_dn_2: 1.2161 (1.2268)  loss_ddf_dn_2: -0.0000 (0.0000)  loss_vfl_dn_pre: 0.5004 (0.4976)  loss_bbox_dn_pre: 0.0451 (0.0473)  loss_giou_dn_pre: 0.5448 (0.5611)  time: 0.2964  data: 0.0111  max mem: 8696
Epoch: [7/30] Total time: 0:00:13 (0.3036 s / it)
Averaged stats: lr: 0.000100  loss: 21.9367 (21.5980)  loss_vfl: 0.5201 (0.5656)  loss_bbox: 0.1359 (0.1155)  loss_giou: 1.0051 (0.8771)  loss_fgl: 0.8909 (1.0117)  loss_vfl_aux_0: 0.5799 (0.6311)  loss_bbox_aux_0: 0.2266 (0.1700)  loss_giou_aux_0: 1.3401 (1.2027)  loss_fgl_aux_0: 0.8269 (0.9366)  loss_ddf_aux_0: 0.3705 (0.4335)  loss_vfl_aux_1: 0.5080 (0.5817)  loss_bbox_aux_1: 0.1385 (0.1206)  loss_giou_aux_1: 1.0385 (0.9111)  loss_fgl_aux_1: 0.8925 (1.0064)  loss_ddf_aux_1: 0.0341 (0.0383)  loss_vfl_pre: 0.5702 (0.6313)  loss_bbox_pre: 0.1908 (0.1585)  loss_giou_pre: 1.3238 (1.2045)  loss_vfl_enc_0: 0.1195 (0.1554)  loss_bbox_enc_0: 0.4908 (0.5326)  loss_giou_enc_0: 2.5340 (2.3668)  loss_vfl_dn_0: 0.5004 (0.4978)  loss_bbox_dn_0: 0.0452 (0.0475)  loss_giou_dn_0: 0.5455 (0.5629)  loss_fgl_dn_0: 1.2547 (1.2594)  loss_ddf_dn_0: 0.1955 (0.2071)  loss_vfl_dn_1: 0.4221 (0.4239)  loss_bbox_dn_1: 0.0338 (0.0356)  loss_giou_dn_1: 0.4364 (0.4430)  loss_fgl_dn_1: 1.2156 (1.2261)  loss_ddf_dn_1: 0.0074 (0.0100)  loss_vfl_dn_2: 0.4198 (0.4223)  loss_bbox_dn_2: 0.0335 (0.0357)  loss_giou_dn_2: 0.4353 (0.4431)  loss_fgl_dn_2: 1.2161 (1.2268)  loss_ddf_dn_2: -0.0000 (0.0000)  loss_vfl_dn_pre: 0.5004 (0.4976)  loss_bbox_dn_pre: 0.0451 (0.0473)  loss_giou_dn_pre: 0.5448 (0.5611)
Test:  [0/8]  eta: 0:00:02    time: 0.3005  data: 0.2223  max mem: 8696
Test:  [7/8]  eta: 0:00:00    time: 0.1407  data: 0.0403  max mem: 8696
Test: Total time: 0:00:01 (0.1457 s / it)
Metrics: {'f1': 0.7828947368421053, 'precision': 0.7345679012345679, 'recall': 0.8380281690140845, 'iou': 0.4627275969531085, 'TPs': 119, 'FPs': 43, 'FNs': 23}
Averaged stats: 
Accumulating evaluation results...
COCOeval_opt.accumulate() finished...
DONE (t=0.01s).
IoU metric: bbox
 Average Precision  (AP) @[ IoU=0.50:0.95 | area=   all | maxDets=100 ] = 0.338
 Average Precision  (AP) @[ IoU=0.50      | area=   all | maxDets=100 ] = 0.831
 Average Precision  (AP) @[ IoU=0.75      | area=   all | maxDets=100 ] = 0.160
 Average Precision  (AP) @[ IoU=0.50:0.95 | area= small | maxDets=100 ] = 0.338
 Average Precision  (AP) @[ IoU=0.50:0.95 | area=medium | maxDets=100 ] = -1.000
 Average Precision  (AP) @[ IoU=0.50:0.95 | area= large | maxDets=100 ] = -1.000
 Average Recall     (AR) @[ IoU=0.50:0.95 | area=   all | maxDets=  1 ] = 0.203
 Average Recall     (AR) @[ IoU=0.50:0.95 | area=   all | maxDets= 10 ] = 0.501
 Average Recall     (AR) @[ IoU=0.50:0.95 | area=   all | maxDets=100 ] = 0.570
 Average Recall     (AR) @[ IoU=0.50:0.95 | area= small | maxDets=100 ] = 0.570
 Average Recall     (AR) @[ IoU=0.50:0.95 | area=medium | maxDets=100 ] = -1.000
 Average Recall     (AR) @[ IoU=0.50:0.95 | area= large | maxDets=100 ] = -1.000
 Average Recall     (AR) @[ IoU=0.50      | area=   all | maxDets=100 ] = 0.972
 Average Recall     (AR) @[ IoU=0.75      | area=   all | maxDets=100 ] = 0.613
best_stat: {'epoch': 7, 'coco_eval_bbox': 0.33819895428539826}
Epoch: [8/30]  [ 0/45]  eta: 0:00:23  lr: 0.000100  loss: 21.8480 (21.8480)  loss_vfl: 0.5563 (0.5563)  loss_bbox: 0.0835 (0.0835)  loss_giou: 0.8136 (0.8136)  loss_fgl: 0.9135 (0.9135)  loss_vfl_aux_0: 0.2489 (0.2489)  loss_bbox_aux_0: 0.1493 (0.1493)  loss_giou_aux_0: 1.6341 (1.6341)  loss_fgl_aux_0: 0.7091 (0.7091)  loss_ddf_aux_0: 0.4206 (0.4206)  loss_vfl_aux_1: 0.5815 (0.5815)  loss_bbox_aux_1: 0.0942 (0.0942)  loss_giou_aux_1: 0.9476 (0.9476)  loss_fgl_aux_1: 0.9027 (0.9027)  loss_ddf_aux_1: 0.0541 (0.0541)  loss_vfl_pre: 0.2657 (0.2657)  loss_bbox_pre: 0.1489 (0.1489)  loss_giou_pre: 1.6186 (1.6186)  loss_vfl_enc_0: 0.0830 (0.0830)  loss_bbox_enc_0: 0.5094 (0.5094)  loss_giou_enc_0: 2.6935 (2.6935)  loss_vfl_dn_0: 0.4811 (0.4811)  loss_bbox_dn_0: 0.0626 (0.0626)  loss_giou_dn_0: 0.6802 (0.6802)  loss_fgl_dn_0: 1.3168 (1.3168)  loss_ddf_dn_0: 0.2833 (0.2833)  loss_vfl_dn_1: 0.4343 (0.4343)  loss_bbox_dn_1: 0.0373 (0.0373)  loss_giou_dn_1: 0.4446 (0.4446)  loss_fgl_dn_1: 1.2635 (1.2635)  loss_ddf_dn_1: 0.0188 (0.0188)  loss_vfl_dn_2: 0.4336 (0.4336)  loss_bbox_dn_2: 0.0376 (0.0376)  loss_giou_dn_2: 0.4442 (0.4442)  loss_fgl_dn_2: 1.2630 (1.2630)  loss_ddf_dn_2: -0.0000 (0.0000)  loss_vfl_dn_pre: 0.4812 (0.4812)  loss_bbox_dn_pre: 0.0621 (0.0621)  loss_giou_dn_pre: 0.6758 (0.6758)  time: 0.5203  data: 0.2174  max mem: 8696
Epoch: [8/30]  [44/45]  eta: 0:00:00  lr: 0.000100  loss: 21.3708 (22.1003)  loss_vfl: 0.5908 (0.5692)  loss_bbox: 0.0849 (0.1486)  loss_giou: 0.7874 (0.9522)  loss_fgl: 1.0341 (0.9672)  loss_vfl_aux_0: 0.6605 (0.5997)  loss_bbox_aux_0: 0.1248 (0.2114)  loss_giou_aux_0: 1.0730 (1.3082)  loss_fgl_aux_0: 0.9652 (0.8892)  loss_ddf_aux_0: 0.4984 (0.4906)  loss_vfl_aux_1: 0.5803 (0.5857)  loss_bbox_aux_1: 0.0914 (0.1568)  loss_giou_aux_1: 0.8298 (1.0007)  loss_fgl_aux_1: 1.0423 (0.9603)  loss_ddf_aux_1: 0.0393 (0.0388)  loss_vfl_pre: 0.6502 (0.5967)  loss_bbox_pre: 0.1265 (0.2009)  loss_giou_pre: 1.0585 (1.3098)  loss_vfl_enc_0: 0.1556 (0.1886)  loss_bbox_enc_0: 0.4667 (0.5385)  loss_giou_enc_0: 2.2758 (2.4429)  loss_vfl_dn_0: 0.4909 (0.4919)  loss_bbox_dn_0: 0.0432 (0.0476)  loss_giou_dn_0: 0.5407 (0.5655)  loss_fgl_dn_0: 1.2542 (1.2549)  loss_ddf_dn_0: 0.2033 (0.2406)  loss_vfl_dn_1: 0.4187 (0.4228)  loss_bbox_dn_1: 0.0325 (0.0351)  loss_giou_dn_1: 0.4183 (0.4365)  loss_fgl_dn_1: 1.2234 (1.2211)  loss_ddf_dn_1: 0.0100 (0.0124)  loss_vfl_dn_2: 0.4173 (0.4215)  loss_bbox_dn_2: 0.0324 (0.0351)  loss_giou_dn_2: 0.4219 (0.4352)  loss_fgl_dn_2: 1.2209 (1.2211)  loss_ddf_dn_2: -0.0000 (0.0000)  loss_vfl_dn_pre: 0.4910 (0.4922)  loss_bbox_dn_pre: 0.0429 (0.0474)  loss_giou_dn_pre: 0.5358 (0.5634)  time: 0.2962  data: 0.0114  max mem: 8696
Epoch: [8/30] Total time: 0:00:13 (0.3039 s / it)
Averaged stats: lr: 0.000100  loss: 21.3708 (22.1003)  loss_vfl: 0.5908 (0.5692)  loss_bbox: 0.0849 (0.1486)  loss_giou: 0.7874 (0.9522)  loss_fgl: 1.0341 (0.9672)  loss_vfl_aux_0: 0.6605 (0.5997)  loss_bbox_aux_0: 0.1248 (0.2114)  loss_giou_aux_0: 1.0730 (1.3082)  loss_fgl_aux_0: 0.9652 (0.8892)  loss_ddf_aux_0: 0.4984 (0.4906)  loss_vfl_aux_1: 0.5803 (0.5857)  loss_bbox_aux_1: 0.0914 (0.1568)  loss_giou_aux_1: 0.8298 (1.0007)  loss_fgl_aux_1: 1.0423 (0.9603)  loss_ddf_aux_1: 0.0393 (0.0388)  loss_vfl_pre: 0.6502 (0.5967)  loss_bbox_pre: 0.1265 (0.2009)  loss_giou_pre: 1.0585 (1.3098)  loss_vfl_enc_0: 0.1556 (0.1886)  loss_bbox_enc_0: 0.4667 (0.5385)  loss_giou_enc_0: 2.2758 (2.4429)  loss_vfl_dn_0: 0.4909 (0.4919)  loss_bbox_dn_0: 0.0432 (0.0476)  loss_giou_dn_0: 0.5407 (0.5655)  loss_fgl_dn_0: 1.2542 (1.2549)  loss_ddf_dn_0: 0.2033 (0.2406)  loss_vfl_dn_1: 0.4187 (0.4228)  loss_bbox_dn_1: 0.0325 (0.0351)  loss_giou_dn_1: 0.4183 (0.4365)  loss_fgl_dn_1: 1.2234 (1.2211)  loss_ddf_dn_1: 0.0100 (0.0124)  loss_vfl_dn_2: 0.4173 (0.4215)  loss_bbox_dn_2: 0.0324 (0.0351)  loss_giou_dn_2: 0.4219 (0.4352)  loss_fgl_dn_2: 1.2209 (1.2211)  loss_ddf_dn_2: -0.0000 (0.0000)  loss_vfl_dn_pre: 0.4910 (0.4922)  loss_bbox_dn_pre: 0.0429 (0.0474)  loss_giou_dn_pre: 0.5358 (0.5634)
Test:  [0/8]  eta: 0:00:02    time: 0.3006  data: 0.2241  max mem: 8696
Test:  [7/8]  eta: 0:00:00    time: 0.1161  data: 0.0402  max mem: 8696
Test: Total time: 0:00:00 (0.1202 s / it)
Metrics: {'f1': 0.7862068965517242, 'precision': 0.7702702702702703, 'recall': 0.8028169014084507, 'iou': 0.46338867294517433, 'TPs': 114, 'FPs': 34, 'FNs': 28}
Averaged stats: 
Accumulating evaluation results...
COCOeval_opt.accumulate() finished...
DONE (t=0.01s).
IoU metric: bbox
 Average Precision  (AP) @[ IoU=0.50:0.95 | area=   all | maxDets=100 ] = 0.327
 Average Precision  (AP) @[ IoU=0.50      | area=   all | maxDets=100 ] = 0.813
 Average Precision  (AP) @[ IoU=0.75      | area=   all | maxDets=100 ] = 0.139
 Average Precision  (AP) @[ IoU=0.50:0.95 | area= small | maxDets=100 ] = 0.327
 Average Precision  (AP) @[ IoU=0.50:0.95 | area=medium | maxDets=100 ] = -1.000
 Average Precision  (AP) @[ IoU=0.50:0.95 | area= large | maxDets=100 ] = -1.000
 Average Recall     (AR) @[ IoU=0.50:0.95 | area=   all | maxDets=  1 ] = 0.181
 Average Recall     (AR) @[ IoU=0.50:0.95 | area=   all | maxDets= 10 ] = 0.488
 Average Recall     (AR) @[ IoU=0.50:0.95 | area=   all | maxDets=100 ] = 0.541
 Average Recall     (AR) @[ IoU=0.50:0.95 | area= small | maxDets=100 ] = 0.541
 Average Recall     (AR) @[ IoU=0.50:0.95 | area=medium | maxDets=100 ] = -1.000
 Average Recall     (AR) @[ IoU=0.50:0.95 | area= large | maxDets=100 ] = -1.000
 Average Recall     (AR) @[ IoU=0.50      | area=   all | maxDets=100 ] = 0.937
 Average Recall     (AR) @[ IoU=0.75      | area=   all | maxDets=100 ] = 0.563
best_stat: {'epoch': 7, 'coco_eval_bbox': 0.33819895428539826}
Epoch: [9/30]  [ 0/45]  eta: 0:00:24  lr: 0.000100  loss: 20.8913 (20.8913)  loss_vfl: 0.6099 (0.6099)  loss_bbox: 0.0639 (0.0639)  loss_giou: 0.6897 (0.6897)  loss_fgl: 1.0011 (1.0011)  loss_vfl_aux_0: 0.5899 (0.5899)  loss_bbox_aux_0: 0.1596 (0.1596)  loss_giou_aux_0: 1.2498 (1.2498)  loss_fgl_aux_0: 0.8819 (0.8819)  loss_ddf_aux_0: 0.3710 (0.3710)  loss_vfl_aux_1: 0.5651 (0.5651)  loss_bbox_aux_1: 0.0807 (0.0807)  loss_giou_aux_1: 0.7872 (0.7872)  loss_fgl_aux_1: 0.9749 (0.9749)  loss_ddf_aux_1: 0.0370 (0.0370)  loss_vfl_pre: 0.5579 (0.5579)  loss_bbox_pre: 0.1690 (0.1690)  loss_giou_pre: 1.2747 (1.2747)  loss_vfl_enc_0: 0.1389 (0.1389)  loss_bbox_enc_0: 0.7179 (0.7179)  loss_giou_enc_0: 2.5156 (2.5156)  loss_vfl_dn_0: 0.4777 (0.4777)  loss_bbox_dn_0: 0.0375 (0.0375)  loss_giou_dn_0: 0.4788 (0.4788)  loss_fgl_dn_0: 1.2740 (1.2740)  loss_ddf_dn_0: 0.1755 (0.1755)  loss_vfl_dn_1: 0.4016 (0.4016)  loss_bbox_dn_1: 0.0280 (0.0280)  loss_giou_dn_1: 0.3662 (0.3662)  loss_fgl_dn_1: 1.2181 (1.2181)  loss_ddf_dn_1: 0.0093 (0.0093)  loss_vfl_dn_2: 0.3932 (0.3932)  loss_bbox_dn_2: 0.0276 (0.0276)  loss_giou_dn_2: 0.3599 (0.3599)  loss_fgl_dn_2: 1.2168 (1.2168)  loss_ddf_dn_2: -0.0000 (0.0000)  loss_vfl_dn_pre: 0.4794 (0.4794)  loss_bbox_dn_pre: 0.0369 (0.0369)  loss_giou_dn_pre: 0.4751 (0.4751)  time: 0.5394  data: 0.2320  max mem: 8696
Epoch: [9/30]  [44/45]  eta: 0:00:00  lr: 0.000100  loss: 21.8266 (23.3924)  loss_vfl: 0.5854 (0.5494)  loss_bbox: 0.1162 (0.2527)  loss_giou: 0.8611 (1.1528)  loss_fgl: 0.9956 (0.8530)  loss_vfl_aux_0: 0.5873 (0.5335)  loss_bbox_aux_0: 0.1965 (0.3736)  loss_giou_aux_0: 1.1829 (1.5428)  loss_fgl_aux_0: 0.8952 (0.7606)  loss_ddf_aux_0: 0.7538 (0.5978)  loss_vfl_aux_1: 0.5774 (0.5429)  loss_bbox_aux_1: 0.1227 (0.2671)  loss_giou_aux_1: 0.9240 (1.2179)  loss_fgl_aux_1: 0.9738 (0.8423)  loss_ddf_aux_1: 0.0484 (0.0459)  loss_vfl_pre: 0.5936 (0.5308)  loss_bbox_pre: 0.1961 (0.3412)  loss_giou_pre: 1.1998 (1.5515)  loss_vfl_enc_0: 0.1310 (0.1310)  loss_bbox_enc_0: 0.5198 (0.7850)  loss_giou_enc_0: 2.5385 (2.6905)  loss_vfl_dn_0: 0.4826 (0.4878)  loss_bbox_dn_0: 0.0445 (0.0453)  loss_giou_dn_0: 0.5390 (0.5414)  loss_fgl_dn_0: 1.2608 (1.2583)  loss_ddf_dn_0: 0.2638 (0.2567)  loss_vfl_dn_1: 0.4134 (0.4163)  loss_bbox_dn_1: 0.0323 (0.0330)  loss_giou_dn_1: 0.4196 (0.4158)  loss_fgl_dn_1: 1.2143 (1.2143)  loss_ddf_dn_1: 0.0086 (0.0107)  loss_vfl_dn_2: 0.4121 (0.4137)  loss_bbox_dn_2: 0.0322 (0.0329)  loss_giou_dn_2: 0.4181 (0.4147)  loss_fgl_dn_2: 1.2145 (1.2145)  loss_ddf_dn_2: -0.0000 (0.0000)  loss_vfl_dn_pre: 0.4846 (0.4882)  loss_bbox_dn_pre: 0.0443 (0.0453)  loss_giou_dn_pre: 0.5359 (0.5412)  time: 0.2999  data: 0.0115  max mem: 8696
Epoch: [9/30] Total time: 0:00:13 (0.3084 s / it)
Averaged stats: lr: 0.000100  loss: 21.8266 (23.3924)  loss_vfl: 0.5854 (0.5494)  loss_bbox: 0.1162 (0.2527)  loss_giou: 0.8611 (1.1528)  loss_fgl: 0.9956 (0.8530)  loss_vfl_aux_0: 0.5873 (0.5335)  loss_bbox_aux_0: 0.1965 (0.3736)  loss_giou_aux_0: 1.1829 (1.5428)  loss_fgl_aux_0: 0.8952 (0.7606)  loss_ddf_aux_0: 0.7538 (0.5978)  loss_vfl_aux_1: 0.5774 (0.5429)  loss_bbox_aux_1: 0.1227 (0.2671)  loss_giou_aux_1: 0.9240 (1.2179)  loss_fgl_aux_1: 0.9738 (0.8423)  loss_ddf_aux_1: 0.0484 (0.0459)  loss_vfl_pre: 0.5936 (0.5308)  loss_bbox_pre: 0.1961 (0.3412)  loss_giou_pre: 1.1998 (1.5515)  loss_vfl_enc_0: 0.1310 (0.1310)  loss_bbox_enc_0: 0.5198 (0.7850)  loss_giou_enc_0: 2.5385 (2.6905)  loss_vfl_dn_0: 0.4826 (0.4878)  loss_bbox_dn_0: 0.0445 (0.0453)  loss_giou_dn_0: 0.5390 (0.5414)  loss_fgl_dn_0: 1.2608 (1.2583)  loss_ddf_dn_0: 0.2638 (0.2567)  loss_vfl_dn_1: 0.4134 (0.4163)  loss_bbox_dn_1: 0.0323 (0.0330)  loss_giou_dn_1: 0.4196 (0.4158)  loss_fgl_dn_1: 1.2143 (1.2143)  loss_ddf_dn_1: 0.0086 (0.0107)  loss_vfl_dn_2: 0.4121 (0.4137)  loss_bbox_dn_2: 0.0322 (0.0329)  loss_giou_dn_2: 0.4181 (0.4147)  loss_fgl_dn_2: 1.2145 (1.2145)  loss_ddf_dn_2: -0.0000 (0.0000)  loss_vfl_dn_pre: 0.4846 (0.4882)  loss_bbox_dn_pre: 0.0443 (0.0453)  loss_giou_dn_pre: 0.5359 (0.5412)
Test:  [0/8]  eta: 0:00:02    time: 0.3160  data: 0.2382  max mem: 8696
Test:  [7/8]  eta: 0:00:00    time: 0.1429  data: 0.0418  max mem: 8696
Test: Total time: 0:00:01 (0.1480 s / it)
Metrics: {'f1': 0.7647058823529411, 'precision': 0.7134146341463414, 'recall': 0.823943661971831, 'iou': 0.442109813135137, 'TPs': 117, 'FPs': 47, 'FNs': 25}
Averaged stats: 
Accumulating evaluation results...
COCOeval_opt.accumulate() finished...
DONE (t=0.01s).
IoU metric: bbox
 Average Precision  (AP) @[ IoU=0.50:0.95 | area=   all | maxDets=100 ] = 0.302
 Average Precision  (AP) @[ IoU=0.50      | area=   all | maxDets=100 ] = 0.773
 Average Precision  (AP) @[ IoU=0.75      | area=   all | maxDets=100 ] = 0.158
 Average Precision  (AP) @[ IoU=0.50:0.95 | area= small | maxDets=100 ] = 0.302
 Average Precision  (AP) @[ IoU=0.50:0.95 | area=medium | maxDets=100 ] = -1.000
 Average Precision  (AP) @[ IoU=0.50:0.95 | area= large | maxDets=100 ] = -1.000
 Average Recall     (AR) @[ IoU=0.50:0.95 | area=   all | maxDets=  1 ] = 0.180
 Average Recall     (AR) @[ IoU=0.50:0.95 | area=   all | maxDets= 10 ] = 0.462
 Average Recall     (AR) @[ IoU=0.50:0.95 | area=   all | maxDets=100 ] = 0.515
 Average Recall     (AR) @[ IoU=0.50:0.95 | area= small | maxDets=100 ] = 0.515
 Average Recall     (AR) @[ IoU=0.50:0.95 | area=medium | maxDets=100 ] = -1.000
 Average Recall     (AR) @[ IoU=0.50:0.95 | area= large | maxDets=100 ] = -1.000
 Average Recall     (AR) @[ IoU=0.50      | area=   all | maxDets=100 ] = 0.937
 Average Recall     (AR) @[ IoU=0.75      | area=   all | maxDets=100 ] = 0.514
best_stat: {'epoch': 7, 'coco_eval_bbox': 0.33819895428539826}
Epoch: [10/30]  [ 0/45]  eta: 0:00:24  lr: 0.000100  loss: 23.3202 (23.3202)  loss_vfl: 0.5474 (0.5474)  loss_bbox: 0.1942 (0.1942)  loss_giou: 1.2405 (1.2405)  loss_fgl: 0.8621 (0.8621)  loss_vfl_aux_0: 0.7079 (0.7079)  loss_bbox_aux_0: 0.2851 (0.2851)  loss_giou_aux_0: 1.3765 (1.3765)  loss_fgl_aux_0: 0.8186 (0.8186)  loss_ddf_aux_0: 0.5091 (0.5091)  loss_vfl_aux_1: 0.5142 (0.5142)  loss_bbox_aux_1: 0.2051 (0.2051)  loss_giou_aux_1: 1.3668 (1.3668)  loss_fgl_aux_1: 0.8009 (0.8009)  loss_ddf_aux_1: 0.0312 (0.0312)  loss_vfl_pre: 0.7082 (0.7082)  loss_bbox_pre: 0.2421 (0.2421)  loss_giou_pre: 1.4804 (1.4804)  loss_vfl_enc_0: 0.1516 (0.1516)  loss_bbox_enc_0: 0.8111 (0.8111)  loss_giou_enc_0: 2.7813 (2.7813)  loss_vfl_dn_0: 0.4837 (0.4837)  loss_bbox_dn_0: 0.0425 (0.0425)  loss_giou_dn_0: 0.5463 (0.5463)  loss_fgl_dn_0: 1.2478 (1.2478)  loss_ddf_dn_0: 0.2562 (0.2562)  loss_vfl_dn_1: 0.4030 (0.4030)  loss_bbox_dn_1: 0.0297 (0.0297)  loss_giou_dn_1: 0.3908 (0.3908)  loss_fgl_dn_1: 1.1945 (1.1945)  loss_ddf_dn_1: 0.0080 (0.0080)  loss_vfl_dn_2: 0.4012 (0.4012)  loss_bbox_dn_2: 0.0297 (0.0297)  loss_giou_dn_2: 0.3905 (0.3905)  loss_fgl_dn_2: 1.1938 (1.1938)  loss_ddf_dn_2: -0.0000 (0.0000)  loss_vfl_dn_pre: 0.4842 (0.4842)  loss_bbox_dn_pre: 0.0423 (0.0423)  loss_giou_dn_pre: 0.5417 (0.5417)  time: 0.5479  data: 0.2393  max mem: 8696
Epoch: [10/30]  [44/45]  eta: 0:00:00  lr: 0.000100  loss: 21.0513 (21.8266)  loss_vfl: 0.5766 (0.5527)  loss_bbox: 0.0760 (0.1336)  loss_giou: 0.6766 (0.9261)  loss_fgl: 1.0843 (0.9859)  loss_vfl_aux_0: 0.7122 (0.6671)  loss_bbox_aux_0: 0.1331 (0.1989)  loss_giou_aux_0: 1.0141 (1.2343)  loss_fgl_aux_0: 1.0173 (0.9136)  loss_ddf_aux_0: 0.5004 (0.5226)  loss_vfl_aux_1: 0.5792 (0.5569)  loss_bbox_aux_1: 0.0810 (0.1416)  loss_giou_aux_1: 0.7269 (0.9728)  loss_fgl_aux_1: 1.0686 (0.9754)  loss_ddf_aux_1: 0.0419 (0.0422)  loss_vfl_pre: 0.7083 (0.6626)  loss_bbox_pre: 0.1324 (0.1927)  loss_giou_pre: 1.0186 (1.2334)  loss_vfl_enc_0: 0.2063 (0.2054)  loss_bbox_enc_0: 0.4643 (0.5781)  loss_giou_enc_0: 2.2114 (2.3422)  loss_vfl_dn_0: 0.4859 (0.4857)  loss_bbox_dn_0: 0.0450 (0.0456)  loss_giou_dn_0: 0.5230 (0.5427)  loss_fgl_dn_0: 1.2525 (1.2523)  loss_ddf_dn_0: 0.2063 (0.2320)  loss_vfl_dn_1: 0.4132 (0.4156)  loss_bbox_dn_1: 0.0335 (0.0334)  loss_giou_dn_1: 0.4218 (0.4187)  loss_fgl_dn_1: 1.2112 (1.2099)  loss_ddf_dn_1: 0.0069 (0.0089)  loss_vfl_dn_2: 0.4104 (0.4111)  loss_bbox_dn_2: 0.0331 (0.0333)  loss_giou_dn_2: 0.4201 (0.4171)  loss_fgl_dn_2: 1.2078 (1.2097)  loss_ddf_dn_2: -0.0000 (0.0000)  loss_vfl_dn_pre: 0.4863 (0.4860)  loss_bbox_dn_pre: 0.0441 (0.0454)  loss_giou_dn_pre: 0.5249 (0.5413)  time: 0.2992  data: 0.0117  max mem: 8696
Epoch: [10/30] Total time: 0:00:13 (0.3080 s / it)
Averaged stats: lr: 0.000100  loss: 21.0513 (21.8266)  loss_vfl: 0.5766 (0.5527)  loss_bbox: 0.0760 (0.1336)  loss_giou: 0.6766 (0.9261)  loss_fgl: 1.0843 (0.9859)  loss_vfl_aux_0: 0.7122 (0.6671)  loss_bbox_aux_0: 0.1331 (0.1989)  loss_giou_aux_0: 1.0141 (1.2343)  loss_fgl_aux_0: 1.0173 (0.9136)  loss_ddf_aux_0: 0.5004 (0.5226)  loss_vfl_aux_1: 0.5792 (0.5569)  loss_bbox_aux_1: 0.0810 (0.1416)  loss_giou_aux_1: 0.7269 (0.9728)  loss_fgl_aux_1: 1.0686 (0.9754)  loss_ddf_aux_1: 0.0419 (0.0422)  loss_vfl_pre: 0.7083 (0.6626)  loss_bbox_pre: 0.1324 (0.1927)  loss_giou_pre: 1.0186 (1.2334)  loss_vfl_enc_0: 0.2063 (0.2054)  loss_bbox_enc_0: 0.4643 (0.5781)  loss_giou_enc_0: 2.2114 (2.3422)  loss_vfl_dn_0: 0.4859 (0.4857)  loss_bbox_dn_0: 0.0450 (0.0456)  loss_giou_dn_0: 0.5230 (0.5427)  loss_fgl_dn_0: 1.2525 (1.2523)  loss_ddf_dn_0: 0.2063 (0.2320)  loss_vfl_dn_1: 0.4132 (0.4156)  loss_bbox_dn_1: 0.0335 (0.0334)  loss_giou_dn_1: 0.4218 (0.4187)  loss_fgl_dn_1: 1.2112 (1.2099)  loss_ddf_dn_1: 0.0069 (0.0089)  loss_vfl_dn_2: 0.4104 (0.4111)  loss_bbox_dn_2: 0.0331 (0.0333)  loss_giou_dn_2: 0.4201 (0.4171)  loss_fgl_dn_2: 1.2078 (1.2097)  loss_ddf_dn_2: -0.0000 (0.0000)  loss_vfl_dn_pre: 0.4863 (0.4860)  loss_bbox_dn_pre: 0.0441 (0.0454)  loss_giou_dn_pre: 0.5249 (0.5413)
Test:  [0/8]  eta: 0:00:02    time: 0.3054  data: 0.2276  max mem: 8696
Test:  [7/8]  eta: 0:00:00    time: 0.1160  data: 0.0395  max mem: 8696
Test: Total time: 0:00:00 (0.1206 s / it)
Metrics: {'f1': 0.8143322475570032, 'precision': 0.7575757575757576, 'recall': 0.8802816901408451, 'iou': 0.4907542097044515, 'TPs': 125, 'FPs': 40, 'FNs': 17}
Averaged stats: 
Accumulating evaluation results...
COCOeval_opt.accumulate() finished...
DONE (t=0.01s).
IoU metric: bbox
 Average Precision  (AP) @[ IoU=0.50:0.95 | area=   all | maxDets=100 ] = 0.337
 Average Precision  (AP) @[ IoU=0.50      | area=   all | maxDets=100 ] = 0.853
 Average Precision  (AP) @[ IoU=0.75      | area=   all | maxDets=100 ] = 0.137
 Average Precision  (AP) @[ IoU=0.50:0.95 | area= small | maxDets=100 ] = 0.337
 Average Precision  (AP) @[ IoU=0.50:0.95 | area=medium | maxDets=100 ] = -1.000
 Average Precision  (AP) @[ IoU=0.50:0.95 | area= large | maxDets=100 ] = -1.000
 Average Recall     (AR) @[ IoU=0.50:0.95 | area=   all | maxDets=  1 ] = 0.206
 Average Recall     (AR) @[ IoU=0.50:0.95 | area=   all | maxDets= 10 ] = 0.487
 Average Recall     (AR) @[ IoU=0.50:0.95 | area=   all | maxDets=100 ] = 0.567
 Average Recall     (AR) @[ IoU=0.50:0.95 | area= small | maxDets=100 ] = 0.567
 Average Recall     (AR) @[ IoU=0.50:0.95 | area=medium | maxDets=100 ] = -1.000
 Average Recall     (AR) @[ IoU=0.50:0.95 | area= large | maxDets=100 ] = -1.000
 Average Recall     (AR) @[ IoU=0.50      | area=   all | maxDets=100 ] = 0.986
 Average Recall     (AR) @[ IoU=0.75      | area=   all | maxDets=100 ] = 0.570
best_stat: {'epoch': 7, 'coco_eval_bbox': 0.33819895428539826}
Epoch: [11/30]  [ 0/45]  eta: 0:00:23  lr: 0.000100  loss: 23.1035 (23.1035)  loss_vfl: 0.5582 (0.5582)  loss_bbox: 0.1988 (0.1988)  loss_giou: 1.2535 (1.2535)  loss_fgl: 0.6577 (0.6577)  loss_vfl_aux_0: 0.2724 (0.2724)  loss_bbox_aux_0: 0.3602 (0.3602)  loss_giou_aux_0: 1.9361 (1.9361)  loss_fgl_aux_0: 0.4593 (0.4593)  loss_ddf_aux_0: 0.4469 (0.4469)  loss_vfl_aux_1: 0.4897 (0.4897)  loss_bbox_aux_1: 0.2248 (0.2248)  loss_giou_aux_1: 1.3988 (1.3988)  loss_fgl_aux_1: 0.6292 (0.6292)  loss_ddf_aux_1: 0.0746 (0.0746)  loss_vfl_pre: 0.2650 (0.2650)  loss_bbox_pre: 0.3744 (0.3744)  loss_giou_pre: 1.9189 (1.9189)  loss_vfl_enc_0: 0.0529 (0.0529)  loss_bbox_enc_0: 1.0846 (1.0846)  loss_giou_enc_0: 2.8115 (2.8115)  loss_vfl_dn_0: 0.4896 (0.4896)  loss_bbox_dn_0: 0.0463 (0.0463)  loss_giou_dn_0: 0.5094 (0.5094)  loss_fgl_dn_0: 1.2551 (1.2551)  loss_ddf_dn_0: 0.1988 (0.1988)  loss_vfl_dn_1: 0.4117 (0.4117)  loss_bbox_dn_1: 0.0329 (0.0329)  loss_giou_dn_1: 0.3957 (0.3957)  loss_fgl_dn_1: 1.2046 (1.2046)  loss_ddf_dn_1: 0.0074 (0.0074)  loss_vfl_dn_2: 0.4089 (0.4089)  loss_bbox_dn_2: 0.0328 (0.0328)  loss_giou_dn_2: 0.3924 (0.3924)  loss_fgl_dn_2: 1.2034 (1.2034)  loss_ddf_dn_2: -0.0000 (0.0000)  loss_vfl_dn_pre: 0.4896 (0.4896)  loss_bbox_dn_pre: 0.0466 (0.0466)  loss_giou_dn_pre: 0.5106 (0.5106)  time: 0.5177  data: 0.2273  max mem: 8696
Epoch: [11/30]  [44/45]  eta: 0:00:00  lr: 0.000100  loss: 20.5050 (21.2107)  loss_vfl: 0.5127 (0.5415)  loss_bbox: 0.0648 (0.1022)  loss_giou: 0.6220 (0.7910)  loss_fgl: 1.1235 (1.0382)  loss_vfl_aux_0: 0.7507 (0.6621)  loss_bbox_aux_0: 0.0996 (0.1574)  loss_giou_aux_0: 0.8635 (1.1221)  loss_fgl_aux_0: 1.0891 (0.9711)  loss_ddf_aux_0: 0.5770 (0.5558)  loss_vfl_aux_1: 0.5599 (0.5593)  loss_bbox_aux_1: 0.0723 (0.1065)  loss_giou_aux_1: 0.6774 (0.8380)  loss_fgl_aux_1: 1.1143 (1.0305)  loss_ddf_aux_1: 0.0363 (0.0428)  loss_vfl_pre: 0.7470 (0.6572)  loss_bbox_pre: 0.1023 (0.1545)  loss_giou_pre: 0.8533 (1.1217)  loss_vfl_enc_0: 0.2055 (0.2035)  loss_bbox_enc_0: 0.3851 (0.5083)  loss_giou_enc_0: 2.1861 (2.3173)  loss_vfl_dn_0: 0.4837 (0.4859)  loss_bbox_dn_0: 0.0434 (0.0446)  loss_giou_dn_0: 0.5377 (0.5283)  loss_fgl_dn_0: 1.2420 (1.2554)  loss_ddf_dn_0: 0.2033 (0.1971)  loss_vfl_dn_1: 0.4132 (0.4137)  loss_bbox_dn_1: 0.0331 (0.0334)  loss_giou_dn_1: 0.4149 (0.4164)  loss_fgl_dn_1: 1.1999 (1.2138)  loss_ddf_dn_1: 0.0066 (0.0071)  loss_vfl_dn_2: 0.4124 (0.4123)  loss_bbox_dn_2: 0.0332 (0.0335)  loss_giou_dn_2: 0.4136 (0.4158)  loss_fgl_dn_2: 1.1997 (1.2144)  loss_ddf_dn_2: -0.0000 (0.0000)  loss_vfl_dn_pre: 0.4838 (0.4856)  loss_bbox_dn_pre: 0.0431 (0.0445)  loss_giou_dn_pre: 0.5375 (0.5279)  time: 0.2959  data: 0.0113  max mem: 8696
Epoch: [11/30] Total time: 0:00:13 (0.3032 s / it)
Averaged stats: lr: 0.000100  loss: 20.5050 (21.2107)  loss_vfl: 0.5127 (0.5415)  loss_bbox: 0.0648 (0.1022)  loss_giou: 0.6220 (0.7910)  loss_fgl: 1.1235 (1.0382)  loss_vfl_aux_0: 0.7507 (0.6621)  loss_bbox_aux_0: 0.0996 (0.1574)  loss_giou_aux_0: 0.8635 (1.1221)  loss_fgl_aux_0: 1.0891 (0.9711)  loss_ddf_aux_0: 0.5770 (0.5558)  loss_vfl_aux_1: 0.5599 (0.5593)  loss_bbox_aux_1: 0.0723 (0.1065)  loss_giou_aux_1: 0.6774 (0.8380)  loss_fgl_aux_1: 1.1143 (1.0305)  loss_ddf_aux_1: 0.0363 (0.0428)  loss_vfl_pre: 0.7470 (0.6572)  loss_bbox_pre: 0.1023 (0.1545)  loss_giou_pre: 0.8533 (1.1217)  loss_vfl_enc_0: 0.2055 (0.2035)  loss_bbox_enc_0: 0.3851 (0.5083)  loss_giou_enc_0: 2.1861 (2.3173)  loss_vfl_dn_0: 0.4837 (0.4859)  loss_bbox_dn_0: 0.0434 (0.0446)  loss_giou_dn_0: 0.5377 (0.5283)  loss_fgl_dn_0: 1.2420 (1.2554)  loss_ddf_dn_0: 0.2033 (0.1971)  loss_vfl_dn_1: 0.4132 (0.4137)  loss_bbox_dn_1: 0.0331 (0.0334)  loss_giou_dn_1: 0.4149 (0.4164)  loss_fgl_dn_1: 1.1999 (1.2138)  loss_ddf_dn_1: 0.0066 (0.0071)  loss_vfl_dn_2: 0.4124 (0.4123)  loss_bbox_dn_2: 0.0332 (0.0335)  loss_giou_dn_2: 0.4136 (0.4158)  loss_fgl_dn_2: 1.1997 (1.2144)  loss_ddf_dn_2: -0.0000 (0.0000)  loss_vfl_dn_pre: 0.4838 (0.4856)  loss_bbox_dn_pre: 0.0431 (0.0445)  loss_giou_dn_pre: 0.5375 (0.5279)
Test:  [0/8]  eta: 0:00:02    time: 0.3331  data: 0.2563  max mem: 8696
Test:  [7/8]  eta: 0:00:00    time: 0.1445  data: 0.0450  max mem: 8696
Test: Total time: 0:00:01 (0.1488 s / it)
Metrics: {'f1': 0.8104575163398693, 'precision': 0.7560975609756098, 'recall': 0.8732394366197183, 'iou': 0.4860650150330512, 'TPs': 124, 'FPs': 40, 'FNs': 18}
Averaged stats: 
Accumulating evaluation results...
COCOeval_opt.accumulate() finished...
DONE (t=0.01s).
IoU metric: bbox
 Average Precision  (AP) @[ IoU=0.50:0.95 | area=   all | maxDets=100 ] = 0.349
 Average Precision  (AP) @[ IoU=0.50      | area=   all | maxDets=100 ] = 0.870
 Average Precision  (AP) @[ IoU=0.75      | area=   all | maxDets=100 ] = 0.150
 Average Precision  (AP) @[ IoU=0.50:0.95 | area= small | maxDets=100 ] = 0.349
 Average Precision  (AP) @[ IoU=0.50:0.95 | area=medium | maxDets=100 ] = -1.000
 Average Precision  (AP) @[ IoU=0.50:0.95 | area= large | maxDets=100 ] = -1.000
 Average Recall     (AR) @[ IoU=0.50:0.95 | area=   all | maxDets=  1 ] = 0.204
 Average Recall     (AR) @[ IoU=0.50:0.95 | area=   all | maxDets= 10 ] = 0.492
 Average Recall     (AR) @[ IoU=0.50:0.95 | area=   all | maxDets=100 ] = 0.562
 Average Recall     (AR) @[ IoU=0.50:0.95 | area= small | maxDets=100 ] = 0.562
 Average Recall     (AR) @[ IoU=0.50:0.95 | area=medium | maxDets=100 ] = -1.000
 Average Recall     (AR) @[ IoU=0.50:0.95 | area= large | maxDets=100 ] = -1.000
 Average Recall     (AR) @[ IoU=0.50      | area=   all | maxDets=100 ] = 0.972
 Average Recall     (AR) @[ IoU=0.75      | area=   all | maxDets=100 ] = 0.592
best_stat: {'epoch': 11, 'coco_eval_bbox': 0.3490667403627601}
Epoch: [12/30]  [ 0/45]  eta: 0:00:23  lr: 0.000100  loss: 20.4219 (20.4219)  loss_vfl: 0.5252 (0.5252)  loss_bbox: 0.0583 (0.0583)  loss_giou: 0.6666 (0.6666)  loss_fgl: 1.1006 (1.1006)  loss_vfl_aux_0: 0.7366 (0.7366)  loss_bbox_aux_0: 0.1054 (0.1054)  loss_giou_aux_0: 1.0054 (1.0054)  loss_fgl_aux_0: 1.0237 (1.0237)  loss_ddf_aux_0: 0.5737 (0.5737)  loss_vfl_aux_1: 0.5270 (0.5270)  loss_bbox_aux_1: 0.0625 (0.0625)  loss_giou_aux_1: 0.6855 (0.6855)  loss_fgl_aux_1: 1.0998 (1.0998)  loss_ddf_aux_1: 0.0293 (0.0293)  loss_vfl_pre: 0.7292 (0.7292)  loss_bbox_pre: 0.1058 (0.1058)  loss_giou_pre: 0.9982 (0.9982)  loss_vfl_enc_0: 0.1925 (0.1925)  loss_bbox_enc_0: 0.3764 (0.3764)  loss_giou_enc_0: 2.2259 (2.2259)  loss_vfl_dn_0: 0.4777 (0.4777)  loss_bbox_dn_0: 0.0412 (0.0412)  loss_giou_dn_0: 0.5010 (0.5010)  loss_fgl_dn_0: 1.2405 (1.2405)  loss_ddf_dn_0: 0.1552 (0.1552)  loss_vfl_dn_1: 0.4134 (0.4134)  loss_bbox_dn_1: 0.0325 (0.0325)  loss_giou_dn_1: 0.4242 (0.4242)  loss_fgl_dn_1: 1.2070 (1.2070)  loss_ddf_dn_1: 0.0044 (0.0044)  loss_vfl_dn_2: 0.4123 (0.4123)  loss_bbox_dn_2: 0.0325 (0.0325)  loss_giou_dn_2: 0.4260 (0.4260)  loss_fgl_dn_2: 1.2084 (1.2084)  loss_ddf_dn_2: -0.0000 (0.0000)  loss_vfl_dn_pre: 0.4787 (0.4787)  loss_bbox_dn_pre: 0.0406 (0.0406)  loss_giou_dn_pre: 0.4987 (0.4987)  time: 0.5297  data: 0.2359  max mem: 8696
Epoch: [12/30]  [44/45]  eta: 0:00:00  lr: 0.000100  loss: 21.5686 (21.6186)  loss_vfl: 0.5698 (0.5722)  loss_bbox: 0.0978 (0.1081)  loss_giou: 0.8235 (0.8051)  loss_fgl: 1.0422 (1.0349)  loss_vfl_aux_0: 0.6674 (0.7237)  loss_bbox_aux_0: 0.1555 (0.1763)  loss_giou_aux_0: 1.1034 (1.1596)  loss_fgl_aux_0: 0.8953 (0.9530)  loss_ddf_aux_0: 0.5543 (0.5617)  loss_vfl_aux_1: 0.5676 (0.5947)  loss_bbox_aux_1: 0.1124 (0.1144)  loss_giou_aux_1: 0.8546 (0.8539)  loss_fgl_aux_1: 1.0291 (1.0279)  loss_ddf_aux_1: 0.0363 (0.0380)  loss_vfl_pre: 0.6567 (0.7154)  loss_bbox_pre: 0.1554 (0.1652)  loss_giou_pre: 1.1050 (1.1619)  loss_vfl_enc_0: 0.2022 (0.2308)  loss_bbox_enc_0: 0.4795 (0.5402)  loss_giou_enc_0: 2.3821 (2.3674)  loss_vfl_dn_0: 0.4829 (0.4835)  loss_bbox_dn_0: 0.0449 (0.0450)  loss_giou_dn_0: 0.5302 (0.5371)  loss_fgl_dn_0: 1.2505 (1.2520)  loss_ddf_dn_0: 0.2001 (0.1998)  loss_vfl_dn_1: 0.4136 (0.4136)  loss_bbox_dn_1: 0.0324 (0.0328)  loss_giou_dn_1: 0.4050 (0.4117)  loss_fgl_dn_1: 1.2040 (1.2077)  loss_ddf_dn_1: 0.0060 (0.0059)  loss_vfl_dn_2: 0.4081 (0.4098)  loss_bbox_dn_2: 0.0322 (0.0327)  loss_giou_dn_2: 0.4043 (0.4107)  loss_fgl_dn_2: 1.2042 (1.2076)  loss_ddf_dn_2: -0.0000 (0.0000)  loss_vfl_dn_pre: 0.4824 (0.4838)  loss_bbox_dn_pre: 0.0447 (0.0448)  loss_giou_dn_pre: 0.5247 (0.5355)  time: 0.2974  data: 0.0113  max mem: 8696
Epoch: [12/30] Total time: 0:00:13 (0.3051 s / it)
Averaged stats: lr: 0.000100  loss: 21.5686 (21.6186)  loss_vfl: 0.5698 (0.5722)  loss_bbox: 0.0978 (0.1081)  loss_giou: 0.8235 (0.8051)  loss_fgl: 1.0422 (1.0349)  loss_vfl_aux_0: 0.6674 (0.7237)  loss_bbox_aux_0: 0.1555 (0.1763)  loss_giou_aux_0: 1.1034 (1.1596)  loss_fgl_aux_0: 0.8953 (0.9530)  loss_ddf_aux_0: 0.5543 (0.5617)  loss_vfl_aux_1: 0.5676 (0.5947)  loss_bbox_aux_1: 0.1124 (0.1144)  loss_giou_aux_1: 0.8546 (0.8539)  loss_fgl_aux_1: 1.0291 (1.0279)  loss_ddf_aux_1: 0.0363 (0.0380)  loss_vfl_pre: 0.6567 (0.7154)  loss_bbox_pre: 0.1554 (0.1652)  loss_giou_pre: 1.1050 (1.1619)  loss_vfl_enc_0: 0.2022 (0.2308)  loss_bbox_enc_0: 0.4795 (0.5402)  loss_giou_enc_0: 2.3821 (2.3674)  loss_vfl_dn_0: 0.4829 (0.4835)  loss_bbox_dn_0: 0.0449 (0.0450)  loss_giou_dn_0: 0.5302 (0.5371)  loss_fgl_dn_0: 1.2505 (1.2520)  loss_ddf_dn_0: 0.2001 (0.1998)  loss_vfl_dn_1: 0.4136 (0.4136)  loss_bbox_dn_1: 0.0324 (0.0328)  loss_giou_dn_1: 0.4050 (0.4117)  loss_fgl_dn_1: 1.2040 (1.2077)  loss_ddf_dn_1: 0.0060 (0.0059)  loss_vfl_dn_2: 0.4081 (0.4098)  loss_bbox_dn_2: 0.0322 (0.0327)  loss_giou_dn_2: 0.4043 (0.4107)  loss_fgl_dn_2: 1.2042 (1.2076)  loss_ddf_dn_2: -0.0000 (0.0000)  loss_vfl_dn_pre: 0.4824 (0.4838)  loss_bbox_dn_pre: 0.0447 (0.0448)  loss_giou_dn_pre: 0.5247 (0.5355)
Test:  [0/8]  eta: 0:00:02    time: 0.3154  data: 0.2352  max mem: 8696
Test:  [7/8]  eta: 0:00:00    time: 0.1204  data: 0.0422  max mem: 8696
Test: Total time: 0:00:00 (0.1244 s / it)
Metrics: {'f1': 0.8524590163934426, 'precision': 0.7975460122699386, 'recall': 0.9154929577464789, 'iou': 0.5299805215426854, 'TPs': 130, 'FPs': 33, 'FNs': 12}
Averaged stats: 
Accumulating evaluation results...
COCOeval_opt.accumulate() finished...
DONE (t=0.01s).
IoU metric: bbox
 Average Precision  (AP) @[ IoU=0.50:0.95 | area=   all | maxDets=100 ] = 0.350
 Average Precision  (AP) @[ IoU=0.50      | area=   all | maxDets=100 ] = 0.887
 Average Precision  (AP) @[ IoU=0.75      | area=   all | maxDets=100 ] = 0.155
 Average Precision  (AP) @[ IoU=0.50:0.95 | area= small | maxDets=100 ] = 0.351
 Average Precision  (AP) @[ IoU=0.50:0.95 | area=medium | maxDets=100 ] = -1.000
 Average Precision  (AP) @[ IoU=0.50:0.95 | area= large | maxDets=100 ] = -1.000
 Average Recall     (AR) @[ IoU=0.50:0.95 | area=   all | maxDets=  1 ] = 0.215
 Average Recall     (AR) @[ IoU=0.50:0.95 | area=   all | maxDets= 10 ] = 0.494
 Average Recall     (AR) @[ IoU=0.50:0.95 | area=   all | maxDets=100 ] = 0.578
 Average Recall     (AR) @[ IoU=0.50:0.95 | area= small | maxDets=100 ] = 0.578
 Average Recall     (AR) @[ IoU=0.50:0.95 | area=medium | maxDets=100 ] = -1.000
 Average Recall     (AR) @[ IoU=0.50:0.95 | area= large | maxDets=100 ] = -1.000
 Average Recall     (AR) @[ IoU=0.50      | area=   all | maxDets=100 ] = 0.993
 Average Recall     (AR) @[ IoU=0.75      | area=   all | maxDets=100 ] = 0.577
best_stat: {'epoch': 12, 'coco_eval_bbox': 0.3504865636124387}
Epoch: [13/30]  [ 0/45]  eta: 0:00:22  lr: 0.000100  loss: 20.2222 (20.2222)  loss_vfl: 0.5699 (0.5699)  loss_bbox: 0.0559 (0.0559)  loss_giou: 0.5554 (0.5554)  loss_fgl: 1.0939 (1.0939)  loss_vfl_aux_0: 0.7395 (0.7395)  loss_bbox_aux_0: 0.0889 (0.0889)  loss_giou_aux_0: 0.9543 (0.9543)  loss_fgl_aux_0: 1.0444 (1.0444)  loss_ddf_aux_0: 0.6352 (0.6352)  loss_vfl_aux_1: 0.5835 (0.5835)  loss_bbox_aux_1: 0.0600 (0.0600)  loss_giou_aux_1: 0.6037 (0.6037)  loss_fgl_aux_1: 1.0955 (1.0955)  loss_ddf_aux_1: 0.0355 (0.0355)  loss_vfl_pre: 0.7122 (0.7122)  loss_bbox_pre: 0.0963 (0.0963)  loss_giou_pre: 0.9654 (0.9654)  loss_vfl_enc_0: 0.1232 (0.1232)  loss_bbox_enc_0: 0.4463 (0.4463)  loss_giou_enc_0: 2.4119 (2.4119)  loss_vfl_dn_0: 0.4588 (0.4588)  loss_bbox_dn_0: 0.0407 (0.0407)  loss_giou_dn_0: 0.4514 (0.4514)  loss_fgl_dn_0: 1.2531 (1.2531)  loss_ddf_dn_0: 0.1862 (0.1862)  loss_vfl_dn_1: 0.3936 (0.3936)  loss_bbox_dn_1: 0.0312 (0.0312)  loss_giou_dn_1: 0.3745 (0.3745)  loss_fgl_dn_1: 1.2040 (1.2040)  loss_ddf_dn_1: 0.0048 (0.0048)  loss_vfl_dn_2: 0.3901 (0.3901)  loss_bbox_dn_2: 0.0310 (0.0310)  loss_giou_dn_2: 0.3725 (0.3725)  loss_fgl_dn_2: 1.2042 (1.2042)  loss_ddf_dn_2: -0.0000 (0.0000)  loss_vfl_dn_pre: 0.4614 (0.4614)  loss_bbox_dn_pre: 0.0408 (0.0408)  loss_giou_dn_pre: 0.4525 (0.4525)  time: 0.5111  data: 0.2195  max mem: 8696
Epoch: [13/30]  [44/45]  eta: 0:00:00  lr: 0.000100  loss: 20.9529 (21.5545)  loss_vfl: 0.5285 (0.5778)  loss_bbox: 0.0897 (0.1084)  loss_giou: 0.7168 (0.7964)  loss_fgl: 1.0808 (1.0127)  loss_vfl_aux_0: 0.6555 (0.6553)  loss_bbox_aux_0: 0.1365 (0.1624)  loss_giou_aux_0: 1.0344 (1.2111)  loss_fgl_aux_0: 1.0301 (0.9294)  loss_ddf_aux_0: 0.5102 (0.6240)  loss_vfl_aux_1: 0.5820 (0.6007)  loss_bbox_aux_1: 0.0922 (0.1144)  loss_giou_aux_1: 0.7485 (0.8535)  loss_fgl_aux_1: 1.0789 (1.0045)  loss_ddf_aux_1: 0.0406 (0.0486)  loss_vfl_pre: 0.6475 (0.6502)  loss_bbox_pre: 0.1362 (0.1625)  loss_giou_pre: 1.0461 (1.2026)  loss_vfl_enc_0: 0.1994 (0.2023)  loss_bbox_enc_0: 0.3448 (0.5390)  loss_giou_enc_0: 2.2348 (2.3983)  loss_vfl_dn_0: 0.4814 (0.4825)  loss_bbox_dn_0: 0.0433 (0.0444)  loss_giou_dn_0: 0.5213 (0.5278)  loss_fgl_dn_0: 1.2576 (1.2597)  loss_ddf_dn_0: 0.2120 (0.2242)  loss_vfl_dn_1: 0.4065 (0.4084)  loss_bbox_dn_1: 0.0316 (0.0319)  loss_giou_dn_1: 0.3989 (0.4023)  loss_fgl_dn_1: 1.2123 (1.2095)  loss_ddf_dn_1: 0.0079 (0.0082)  loss_vfl_dn_2: 0.4055 (0.4060)  loss_bbox_dn_2: 0.0313 (0.0319)  loss_giou_dn_2: 0.3971 (0.4018)  loss_fgl_dn_2: 1.2126 (1.2101)  loss_ddf_dn_2: -0.0000 (0.0000)  loss_vfl_dn_pre: 0.4821 (0.4822)  loss_bbox_dn_pre: 0.0426 (0.0441)  loss_giou_dn_pre: 0.5200 (0.5256)  time: 0.2965  data: 0.0115  max mem: 8696
Epoch: [13/30] Total time: 0:00:13 (0.3032 s / it)
Averaged stats: lr: 0.000100  loss: 20.9529 (21.5545)  loss_vfl: 0.5285 (0.5778)  loss_bbox: 0.0897 (0.1084)  loss_giou: 0.7168 (0.7964)  loss_fgl: 1.0808 (1.0127)  loss_vfl_aux_0: 0.6555 (0.6553)  loss_bbox_aux_0: 0.1365 (0.1624)  loss_giou_aux_0: 1.0344 (1.2111)  loss_fgl_aux_0: 1.0301 (0.9294)  loss_ddf_aux_0: 0.5102 (0.6240)  loss_vfl_aux_1: 0.5820 (0.6007)  loss_bbox_aux_1: 0.0922 (0.1144)  loss_giou_aux_1: 0.7485 (0.8535)  loss_fgl_aux_1: 1.0789 (1.0045)  loss_ddf_aux_1: 0.0406 (0.0486)  loss_vfl_pre: 0.6475 (0.6502)  loss_bbox_pre: 0.1362 (0.1625)  loss_giou_pre: 1.0461 (1.2026)  loss_vfl_enc_0: 0.1994 (0.2023)  loss_bbox_enc_0: 0.3448 (0.5390)  loss_giou_enc_0: 2.2348 (2.3983)  loss_vfl_dn_0: 0.4814 (0.4825)  loss_bbox_dn_0: 0.0433 (0.0444)  loss_giou_dn_0: 0.5213 (0.5278)  loss_fgl_dn_0: 1.2576 (1.2597)  loss_ddf_dn_0: 0.2120 (0.2242)  loss_vfl_dn_1: 0.4065 (0.4084)  loss_bbox_dn_1: 0.0316 (0.0319)  loss_giou_dn_1: 0.3989 (0.4023)  loss_fgl_dn_1: 1.2123 (1.2095)  loss_ddf_dn_1: 0.0079 (0.0082)  loss_vfl_dn_2: 0.4055 (0.4060)  loss_bbox_dn_2: 0.0313 (0.0319)  loss_giou_dn_2: 0.3971 (0.4018)  loss_fgl_dn_2: 1.2126 (1.2101)  loss_ddf_dn_2: -0.0000 (0.0000)  loss_vfl_dn_pre: 0.4821 (0.4822)  loss_bbox_dn_pre: 0.0426 (0.0441)  loss_giou_dn_pre: 0.5200 (0.5256)
Test:  [0/8]  eta: 0:00:02    time: 0.3081  data: 0.2254  max mem: 8696
Test:  [7/8]  eta: 0:00:00    time: 0.1183  data: 0.0404  max mem: 8696
Test: Total time: 0:00:00 (0.1220 s / it)
Metrics: {'f1': 0.8543689320388349, 'precision': 0.7904191616766467, 'recall': 0.9295774647887324, 'iou': 0.5326232863011333, 'TPs': 132, 'FPs': 35, 'FNs': 10}
Averaged stats: 
Accumulating evaluation results...
COCOeval_opt.accumulate() finished...
DONE (t=0.01s).
IoU metric: bbox
 Average Precision  (AP) @[ IoU=0.50:0.95 | area=   all | maxDets=100 ] = 0.355
 Average Precision  (AP) @[ IoU=0.50      | area=   all | maxDets=100 ] = 0.902
 Average Precision  (AP) @[ IoU=0.75      | area=   all | maxDets=100 ] = 0.140
 Average Precision  (AP) @[ IoU=0.50:0.95 | area= small | maxDets=100 ] = 0.356
 Average Precision  (AP) @[ IoU=0.50:0.95 | area=medium | maxDets=100 ] = -1.000
 Average Precision  (AP) @[ IoU=0.50:0.95 | area= large | maxDets=100 ] = -1.000
 Average Recall     (AR) @[ IoU=0.50:0.95 | area=   all | maxDets=  1 ] = 0.206
 Average Recall     (AR) @[ IoU=0.50:0.95 | area=   all | maxDets= 10 ] = 0.496
 Average Recall     (AR) @[ IoU=0.50:0.95 | area=   all | maxDets=100 ] = 0.573
 Average Recall     (AR) @[ IoU=0.50:0.95 | area= small | maxDets=100 ] = 0.573
 Average Recall     (AR) @[ IoU=0.50:0.95 | area=medium | maxDets=100 ] = -1.000
 Average Recall     (AR) @[ IoU=0.50:0.95 | area= large | maxDets=100 ] = -1.000
 Average Recall     (AR) @[ IoU=0.50      | area=   all | maxDets=100 ] = 0.986
 Average Recall     (AR) @[ IoU=0.75      | area=   all | maxDets=100 ] = 0.634
best_stat: {'epoch': 13, 'coco_eval_bbox': 0.3554894456716521}
Epoch: [14/30]  [ 0/45]  eta: 0:00:23  lr: 0.000100  loss: 20.0302 (20.0302)  loss_vfl: 0.4818 (0.4818)  loss_bbox: 0.0549 (0.0549)  loss_giou: 0.6602 (0.6602)  loss_fgl: 1.2073 (1.2073)  loss_vfl_aux_0: 0.7733 (0.7733)  loss_bbox_aux_0: 0.0641 (0.0641)  loss_giou_aux_0: 0.7758 (0.7758)  loss_fgl_aux_0: 1.1890 (1.1890)  loss_ddf_aux_0: 0.4152 (0.4152)  loss_vfl_aux_1: 0.5241 (0.5241)  loss_bbox_aux_1: 0.0560 (0.0560)  loss_giou_aux_1: 0.6676 (0.6676)  loss_fgl_aux_1: 1.2089 (1.2089)  loss_ddf_aux_1: 0.0210 (0.0210)  loss_vfl_pre: 0.7664 (0.7664)  loss_bbox_pre: 0.0647 (0.0647)  loss_giou_pre: 0.7805 (0.7805)  loss_vfl_enc_0: 0.2160 (0.2160)  loss_bbox_enc_0: 0.2747 (0.2747)  loss_giou_enc_0: 1.9560 (1.9560)  loss_vfl_dn_0: 0.4799 (0.4799)  loss_bbox_dn_0: 0.0430 (0.0430)  loss_giou_dn_0: 0.5662 (0.5662)  loss_fgl_dn_0: 1.2792 (1.2792)  loss_ddf_dn_0: 0.2040 (0.2040)  loss_vfl_dn_1: 0.4118 (0.4118)  loss_bbox_dn_1: 0.0313 (0.0313)  loss_giou_dn_1: 0.4251 (0.4251)  loss_fgl_dn_1: 1.2313 (1.2313)  loss_ddf_dn_1: 0.0071 (0.0071)  loss_vfl_dn_2: 0.4129 (0.4129)  loss_bbox_dn_2: 0.0313 (0.0313)  loss_giou_dn_2: 0.4305 (0.4305)  loss_fgl_dn_2: 1.2341 (1.2341)  loss_ddf_dn_2: -0.0000 (0.0000)  loss_vfl_dn_pre: 0.4790 (0.4790)  loss_bbox_dn_pre: 0.0429 (0.0429)  loss_giou_dn_pre: 0.5630 (0.5630)  time: 0.5205  data: 0.2205  max mem: 8696
Epoch: [14/30]  [44/45]  eta: 0:00:00  lr: 0.000100  loss: 20.9454 (21.0114)  loss_vfl: 0.5065 (0.5172)  loss_bbox: 0.0695 (0.1154)  loss_giou: 0.7136 (0.7650)  loss_fgl: 1.0911 (1.0654)  loss_vfl_aux_0: 0.6871 (0.7181)  loss_bbox_aux_0: 0.1032 (0.1573)  loss_giou_aux_0: 0.9795 (1.0556)  loss_fgl_aux_0: 1.0506 (1.0233)  loss_ddf_aux_0: 0.4504 (0.4440)  loss_vfl_aux_1: 0.5285 (0.5323)  loss_bbox_aux_1: 0.0757 (0.1197)  loss_giou_aux_1: 0.7408 (0.8013)  loss_fgl_aux_1: 1.0944 (1.0622)  loss_ddf_aux_1: 0.0278 (0.0299)  loss_vfl_pre: 0.6827 (0.7128)  loss_bbox_pre: 0.1041 (0.1595)  loss_giou_pre: 0.9822 (1.0511)  loss_vfl_enc_0: 0.2179 (0.2082)  loss_bbox_enc_0: 0.3773 (0.4893)  loss_giou_enc_0: 2.1667 (2.2392)  loss_vfl_dn_0: 0.4689 (0.4741)  loss_bbox_dn_0: 0.0449 (0.0444)  loss_giou_dn_0: 0.5212 (0.5297)  loss_fgl_dn_0: 1.2762 (1.2644)  loss_ddf_dn_0: 0.2952 (0.2590)  loss_vfl_dn_1: 0.4137 (0.4105)  loss_bbox_dn_1: 0.0334 (0.0323)  loss_giou_dn_1: 0.4193 (0.4050)  loss_fgl_dn_1: 1.2283 (1.2128)  loss_ddf_dn_1: 0.0081 (0.0078)  loss_vfl_dn_2: 0.4128 (0.4082)  loss_bbox_dn_2: 0.0334 (0.0323)  loss_giou_dn_2: 0.4231 (0.4053)  loss_fgl_dn_2: 1.2230 (1.2132)  loss_ddf_dn_2: -0.0000 (0.0000)  loss_vfl_dn_pre: 0.4700 (0.4743)  loss_bbox_dn_pre: 0.0448 (0.0441)  loss_giou_dn_pre: 0.5164 (0.5270)  time: 0.2999  data: 0.0124  max mem: 8696
Epoch: [14/30] Total time: 0:00:13 (0.3068 s / it)
Averaged stats: lr: 0.000100  loss: 20.9454 (21.0114)  loss_vfl: 0.5065 (0.5172)  loss_bbox: 0.0695 (0.1154)  loss_giou: 0.7136 (0.7650)  loss_fgl: 1.0911 (1.0654)  loss_vfl_aux_0: 0.6871 (0.7181)  loss_bbox_aux_0: 0.1032 (0.1573)  loss_giou_aux_0: 0.9795 (1.0556)  loss_fgl_aux_0: 1.0506 (1.0233)  loss_ddf_aux_0: 0.4504 (0.4440)  loss_vfl_aux_1: 0.5285 (0.5323)  loss_bbox_aux_1: 0.0757 (0.1197)  loss_giou_aux_1: 0.7408 (0.8013)  loss_fgl_aux_1: 1.0944 (1.0622)  loss_ddf_aux_1: 0.0278 (0.0299)  loss_vfl_pre: 0.6827 (0.7128)  loss_bbox_pre: 0.1041 (0.1595)  loss_giou_pre: 0.9822 (1.0511)  loss_vfl_enc_0: 0.2179 (0.2082)  loss_bbox_enc_0: 0.3773 (0.4893)  loss_giou_enc_0: 2.1667 (2.2392)  loss_vfl_dn_0: 0.4689 (0.4741)  loss_bbox_dn_0: 0.0449 (0.0444)  loss_giou_dn_0: 0.5212 (0.5297)  loss_fgl_dn_0: 1.2762 (1.2644)  loss_ddf_dn_0: 0.2952 (0.2590)  loss_vfl_dn_1: 0.4137 (0.4105)  loss_bbox_dn_1: 0.0334 (0.0323)  loss_giou_dn_1: 0.4193 (0.4050)  loss_fgl_dn_1: 1.2283 (1.2128)  loss_ddf_dn_1: 0.0081 (0.0078)  loss_vfl_dn_2: 0.4128 (0.4082)  loss_bbox_dn_2: 0.0334 (0.0323)  loss_giou_dn_2: 0.4231 (0.4053)  loss_fgl_dn_2: 1.2230 (1.2132)  loss_ddf_dn_2: -0.0000 (0.0000)  loss_vfl_dn_pre: 0.4700 (0.4743)  loss_bbox_dn_pre: 0.0448 (0.0441)  loss_giou_dn_pre: 0.5164 (0.5270)
Test:  [0/8]  eta: 0:00:02    time: 0.3102  data: 0.2318  max mem: 8696
Test:  [7/8]  eta: 0:00:00    time: 0.1424  data: 0.0419  max mem: 8696
Test: Total time: 0:00:01 (0.1462 s / it)
Metrics: {'f1': 0.8571428571428572, 'precision': 0.8113207547169812, 'recall': 0.9084507042253521, 'iou': 0.5361943366222603, 'TPs': 129, 'FPs': 30, 'FNs': 13}
Averaged stats: 
Accumulating evaluation results...
COCOeval_opt.accumulate() finished...
DONE (t=0.01s).
IoU metric: bbox
 Average Precision  (AP) @[ IoU=0.50:0.95 | area=   all | maxDets=100 ] = 0.355
 Average Precision  (AP) @[ IoU=0.50      | area=   all | maxDets=100 ] = 0.892
 Average Precision  (AP) @[ IoU=0.75      | area=   all | maxDets=100 ] = 0.133
 Average Precision  (AP) @[ IoU=0.50:0.95 | area= small | maxDets=100 ] = 0.356
 Average Precision  (AP) @[ IoU=0.50:0.95 | area=medium | maxDets=100 ] = -1.000
 Average Precision  (AP) @[ IoU=0.50:0.95 | area= large | maxDets=100 ] = -1.000
 Average Recall     (AR) @[ IoU=0.50:0.95 | area=   all | maxDets=  1 ] = 0.211
 Average Recall     (AR) @[ IoU=0.50:0.95 | area=   all | maxDets= 10 ] = 0.492
 Average Recall     (AR) @[ IoU=0.50:0.95 | area=   all | maxDets=100 ] = 0.574
 Average Recall     (AR) @[ IoU=0.50:0.95 | area= small | maxDets=100 ] = 0.574
 Average Recall     (AR) @[ IoU=0.50:0.95 | area=medium | maxDets=100 ] = -1.000
 Average Recall     (AR) @[ IoU=0.50:0.95 | area= large | maxDets=100 ] = -1.000
 Average Recall     (AR) @[ IoU=0.50      | area=   all | maxDets=100 ] = 0.993
 Average Recall     (AR) @[ IoU=0.75      | area=   all | maxDets=100 ] = 0.627
best_stat: {'epoch': 13, 'coco_eval_bbox': 0.3554894456716521}
Epoch: [15/30]  [ 0/45]  eta: 0:00:23  lr: 0.000100  loss: 19.1289 (19.1289)  loss_vfl: 0.4720 (0.4720)  loss_bbox: 0.0448 (0.0448)  loss_giou: 0.5001 (0.5001)  loss_fgl: 1.2350 (1.2350)  loss_vfl_aux_0: 0.8660 (0.8660)  loss_bbox_aux_0: 0.0529 (0.0529)  loss_giou_aux_0: 0.6114 (0.6114)  loss_fgl_aux_0: 1.2306 (1.2306)  loss_ddf_aux_0: 0.3069 (0.3069)  loss_vfl_aux_1: 0.5293 (0.5293)  loss_bbox_aux_1: 0.0450 (0.0450)  loss_giou_aux_1: 0.5074 (0.5074)  loss_fgl_aux_1: 1.2330 (1.2330)  loss_ddf_aux_1: 0.0151 (0.0151)  loss_vfl_pre: 0.8583 (0.8583)  loss_bbox_pre: 0.0536 (0.0536)  loss_giou_pre: 0.6159 (0.6159)  loss_vfl_enc_0: 0.3327 (0.3327)  loss_bbox_enc_0: 0.2179 (0.2179)  loss_giou_enc_0: 1.7214 (1.7214)  loss_vfl_dn_0: 0.4718 (0.4718)  loss_bbox_dn_0: 0.0425 (0.0425)  loss_giou_dn_0: 0.5095 (0.5095)  loss_fgl_dn_0: 1.2618 (1.2618)  loss_ddf_dn_0: 0.2364 (0.2364)  loss_vfl_dn_1: 0.4125 (0.4125)  loss_bbox_dn_1: 0.0345 (0.0345)  loss_giou_dn_1: 0.4102 (0.4102)  loss_fgl_dn_1: 1.2122 (1.2122)  loss_ddf_dn_1: 0.0068 (0.0068)  loss_vfl_dn_2: 0.4094 (0.4094)  loss_bbox_dn_2: 0.0344 (0.0344)  loss_giou_dn_2: 0.4060 (0.4060)  loss_fgl_dn_2: 1.2108 (1.2108)  loss_ddf_dn_2: -0.0000 (0.0000)  loss_vfl_dn_pre: 0.4729 (0.4729)  loss_bbox_dn_pre: 0.0424 (0.0424)  loss_giou_dn_pre: 0.5054 (0.5054)  time: 0.5140  data: 0.2175  max mem: 8696
Epoch: [15/30]  [44/45]  eta: 0:00:00  lr: 0.000100  loss: 19.7042 (19.8230)  loss_vfl: 0.5083 (0.4987)  loss_bbox: 0.0563 (0.0670)  loss_giou: 0.5917 (0.6155)  loss_fgl: 1.1482 (1.1468)  loss_vfl_aux_0: 0.7305 (0.7777)  loss_bbox_aux_0: 0.0756 (0.0893)  loss_giou_aux_0: 0.7875 (0.8110)  loss_fgl_aux_0: 1.1276 (1.1345)  loss_ddf_aux_0: 0.4053 (0.4002)  loss_vfl_aux_1: 0.5347 (0.5286)  loss_bbox_aux_1: 0.0585 (0.0691)  loss_giou_aux_1: 0.5818 (0.6455)  loss_fgl_aux_1: 1.1502 (1.1436)  loss_ddf_aux_1: 0.0333 (0.0266)  loss_vfl_pre: 0.7205 (0.7718)  loss_bbox_pre: 0.0752 (0.0914)  loss_giou_pre: 0.7896 (0.8121)  loss_vfl_enc_0: 0.2817 (0.2795)  loss_bbox_enc_0: 0.3105 (0.3260)  loss_giou_enc_0: 1.9437 (1.9953)  loss_vfl_dn_0: 0.4693 (0.4717)  loss_bbox_dn_0: 0.0426 (0.0424)  loss_giou_dn_0: 0.5070 (0.5069)  loss_fgl_dn_0: 1.2515 (1.2514)  loss_ddf_dn_0: 0.2293 (0.2360)  loss_vfl_dn_1: 0.4049 (0.4045)  loss_bbox_dn_1: 0.0310 (0.0315)  loss_giou_dn_1: 0.3941 (0.3927)  loss_fgl_dn_1: 1.2024 (1.2030)  loss_ddf_dn_1: 0.0063 (0.0060)  loss_vfl_dn_2: 0.4019 (0.4014)  loss_bbox_dn_2: 0.0306 (0.0314)  loss_giou_dn_2: 0.3910 (0.3911)  loss_fgl_dn_2: 1.2004 (1.2028)  loss_ddf_dn_2: -0.0000 (0.0000)  loss_vfl_dn_pre: 0.4699 (0.4724)  loss_bbox_dn_pre: 0.0421 (0.0423)  loss_giou_dn_pre: 0.5013 (0.5054)  time: 0.2993  data: 0.0116  max mem: 8696
Epoch: [15/30] Total time: 0:00:13 (0.3068 s / it)
Averaged stats: lr: 0.000100  loss: 19.7042 (19.8230)  loss_vfl: 0.5083 (0.4987)  loss_bbox: 0.0563 (0.0670)  loss_giou: 0.5917 (0.6155)  loss_fgl: 1.1482 (1.1468)  loss_vfl_aux_0: 0.7305 (0.7777)  loss_bbox_aux_0: 0.0756 (0.0893)  loss_giou_aux_0: 0.7875 (0.8110)  loss_fgl_aux_0: 1.1276 (1.1345)  loss_ddf_aux_0: 0.4053 (0.4002)  loss_vfl_aux_1: 0.5347 (0.5286)  loss_bbox_aux_1: 0.0585 (0.0691)  loss_giou_aux_1: 0.5818 (0.6455)  loss_fgl_aux_1: 1.1502 (1.1436)  loss_ddf_aux_1: 0.0333 (0.0266)  loss_vfl_pre: 0.7205 (0.7718)  loss_bbox_pre: 0.0752 (0.0914)  loss_giou_pre: 0.7896 (0.8121)  loss_vfl_enc_0: 0.2817 (0.2795)  loss_bbox_enc_0: 0.3105 (0.3260)  loss_giou_enc_0: 1.9437 (1.9953)  loss_vfl_dn_0: 0.4693 (0.4717)  loss_bbox_dn_0: 0.0426 (0.0424)  loss_giou_dn_0: 0.5070 (0.5069)  loss_fgl_dn_0: 1.2515 (1.2514)  loss_ddf_dn_0: 0.2293 (0.2360)  loss_vfl_dn_1: 0.4049 (0.4045)  loss_bbox_dn_1: 0.0310 (0.0315)  loss_giou_dn_1: 0.3941 (0.3927)  loss_fgl_dn_1: 1.2024 (1.2030)  loss_ddf_dn_1: 0.0063 (0.0060)  loss_vfl_dn_2: 0.4019 (0.4014)  loss_bbox_dn_2: 0.0306 (0.0314)  loss_giou_dn_2: 0.3910 (0.3911)  loss_fgl_dn_2: 1.2004 (1.2028)  loss_ddf_dn_2: -0.0000 (0.0000)  loss_vfl_dn_pre: 0.4699 (0.4724)  loss_bbox_dn_pre: 0.0421 (0.0423)  loss_giou_dn_pre: 0.5013 (0.5054)
Test:  [0/8]  eta: 0:00:02    time: 0.3084  data: 0.2314  max mem: 8696
Test:  [7/8]  eta: 0:00:00    time: 0.1176  data: 0.0410  max mem: 8696
Test: Total time: 0:00:00 (0.1215 s / it)
Metrics: {'f1': 0.850498338870432, 'precision': 0.8050314465408805, 'recall': 0.9014084507042254, 'iou': 0.5263233784306256, 'TPs': 128, 'FPs': 31, 'FNs': 14}
Averaged stats: 
Accumulating evaluation results...
COCOeval_opt.accumulate() finished...
DONE (t=0.01s).
IoU metric: bbox
 Average Precision  (AP) @[ IoU=0.50:0.95 | area=   all | maxDets=100 ] = 0.346
 Average Precision  (AP) @[ IoU=0.50      | area=   all | maxDets=100 ] = 0.890
 Average Precision  (AP) @[ IoU=0.75      | area=   all | maxDets=100 ] = 0.135
 Average Precision  (AP) @[ IoU=0.50:0.95 | area= small | maxDets=100 ] = 0.346
 Average Precision  (AP) @[ IoU=0.50:0.95 | area=medium | maxDets=100 ] = -1.000
 Average Precision  (AP) @[ IoU=0.50:0.95 | area= large | maxDets=100 ] = -1.000
 Average Recall     (AR) @[ IoU=0.50:0.95 | area=   all | maxDets=  1 ] = 0.202
 Average Recall     (AR) @[ IoU=0.50:0.95 | area=   all | maxDets= 10 ] = 0.486
 Average Recall     (AR) @[ IoU=0.50:0.95 | area=   all | maxDets=100 ] = 0.558
 Average Recall     (AR) @[ IoU=0.50:0.95 | area= small | maxDets=100 ] = 0.558
 Average Recall     (AR) @[ IoU=0.50:0.95 | area=medium | maxDets=100 ] = -1.000
 Average Recall     (AR) @[ IoU=0.50:0.95 | area= large | maxDets=100 ] = -1.000
 Average Recall     (AR) @[ IoU=0.50      | area=   all | maxDets=100 ] = 0.972
 Average Recall     (AR) @[ IoU=0.75      | area=   all | maxDets=100 ] = 0.592
best_stat: {'epoch': 13, 'coco_eval_bbox': 0.3554894456716521}
Epoch: [16/30]  [ 0/45]  eta: 0:00:23  lr: 0.000100  loss: 19.1038 (19.1038)  loss_vfl: 0.6035 (0.6035)  loss_bbox: 0.0490 (0.0490)  loss_giou: 0.4882 (0.4882)  loss_fgl: 1.1566 (1.1566)  loss_vfl_aux_0: 0.8284 (0.8284)  loss_bbox_aux_0: 0.0671 (0.0671)  loss_giou_aux_0: 0.6660 (0.6660)  loss_fgl_aux_0: 1.1790 (1.1790)  loss_ddf_aux_0: 0.4042 (0.4042)  loss_vfl_aux_1: 0.6113 (0.6113)  loss_bbox_aux_1: 0.0516 (0.0516)  loss_giou_aux_1: 0.5120 (0.5120)  loss_fgl_aux_1: 1.1556 (1.1556)  loss_ddf_aux_1: 0.0325 (0.0325)  loss_vfl_pre: 0.8199 (0.8199)  loss_bbox_pre: 0.0713 (0.0713)  loss_giou_pre: 0.6724 (0.6724)  loss_vfl_enc_0: 0.2421 (0.2421)  loss_bbox_enc_0: 0.3673 (0.3673)  loss_giou_enc_0: 1.9699 (1.9699)  loss_vfl_dn_0: 0.4497 (0.4497)  loss_bbox_dn_0: 0.0392 (0.0392)  loss_giou_dn_0: 0.4430 (0.4430)  loss_fgl_dn_0: 1.2221 (1.2221)  loss_ddf_dn_0: 0.1709 (0.1709)  loss_vfl_dn_1: 0.3934 (0.3934)  loss_bbox_dn_1: 0.0301 (0.0301)  loss_giou_dn_1: 0.3576 (0.3576)  loss_fgl_dn_1: 1.1694 (1.1694)  loss_ddf_dn_1: 0.0066 (0.0066)  loss_vfl_dn_2: 0.3898 (0.3898)  loss_bbox_dn_2: 0.0299 (0.0299)  loss_giou_dn_2: 0.3544 (0.3544)  loss_fgl_dn_2: 1.1692 (1.1692)  loss_ddf_dn_2: -0.0000 (0.0000)  loss_vfl_dn_pre: 0.4514 (0.4514)  loss_bbox_dn_pre: 0.0390 (0.0390)  loss_giou_dn_pre: 0.4405 (0.4405)  time: 0.5233  data: 0.2147  max mem: 8696
Epoch: [16/30]  [44/45]  eta: 0:00:00  lr: 0.000100  loss: 19.6033 (19.5479)  loss_vfl: 0.4737 (0.4938)  loss_bbox: 0.0527 (0.0540)  loss_giou: 0.5668 (0.5661)  loss_fgl: 1.1723 (1.1609)  loss_vfl_aux_0: 0.7441 (0.7861)  loss_bbox_aux_0: 0.0717 (0.0770)  loss_giou_aux_0: 0.7907 (0.8045)  loss_fgl_aux_0: 1.1672 (1.1472)  loss_ddf_aux_0: 0.3297 (0.3372)  loss_vfl_aux_1: 0.4972 (0.5177)  loss_bbox_aux_1: 0.0561 (0.0583)  loss_giou_aux_1: 0.6030 (0.6066)  loss_fgl_aux_1: 1.1687 (1.1562)  loss_ddf_aux_1: 0.0265 (0.0297)  loss_vfl_pre: 0.7611 (0.7771)  loss_bbox_pre: 0.0722 (0.0802)  loss_giou_pre: 0.7934 (0.8035)  loss_vfl_enc_0: 0.2293 (0.2733)  loss_bbox_enc_0: 0.2886 (0.3140)  loss_giou_enc_0: 2.0862 (2.0405)  loss_vfl_dn_0: 0.4767 (0.4731)  loss_bbox_dn_0: 0.0402 (0.0406)  loss_giou_dn_0: 0.4905 (0.4877)  loss_fgl_dn_0: 1.2549 (1.2531)  loss_ddf_dn_0: 0.2152 (0.2111)  loss_vfl_dn_1: 0.3976 (0.3974)  loss_bbox_dn_1: 0.0302 (0.0298)  loss_giou_dn_1: 0.3691 (0.3745)  loss_fgl_dn_1: 1.1976 (1.1954)  loss_ddf_dn_1: 0.0070 (0.0072)  loss_vfl_dn_2: 0.3947 (0.3950)  loss_bbox_dn_2: 0.0299 (0.0297)  loss_giou_dn_2: 0.3684 (0.3735)  loss_fgl_dn_2: 1.1985 (1.1952)  loss_ddf_dn_2: -0.0000 (0.0000)  loss_vfl_dn_pre: 0.4771 (0.4733)  loss_bbox_dn_pre: 0.0402 (0.0406)  loss_giou_dn_pre: 0.4923 (0.4871)  time: 0.3015  data: 0.0119  max mem: 8696
Epoch: [16/30] Total time: 0:00:13 (0.3074 s / it)
Averaged stats: lr: 0.000100  loss: 19.6033 (19.5479)  loss_vfl: 0.4737 (0.4938)  loss_bbox: 0.0527 (0.0540)  loss_giou: 0.5668 (0.5661)  loss_fgl: 1.1723 (1.1609)  loss_vfl_aux_0: 0.7441 (0.7861)  loss_bbox_aux_0: 0.0717 (0.0770)  loss_giou_aux_0: 0.7907 (0.8045)  loss_fgl_aux_0: 1.1672 (1.1472)  loss_ddf_aux_0: 0.3297 (0.3372)  loss_vfl_aux_1: 0.4972 (0.5177)  loss_bbox_aux_1: 0.0561 (0.0583)  loss_giou_aux_1: 0.6030 (0.6066)  loss_fgl_aux_1: 1.1687 (1.1562)  loss_ddf_aux_1: 0.0265 (0.0297)  loss_vfl_pre: 0.7611 (0.7771)  loss_bbox_pre: 0.0722 (0.0802)  loss_giou_pre: 0.7934 (0.8035)  loss_vfl_enc_0: 0.2293 (0.2733)  loss_bbox_enc_0: 0.2886 (0.3140)  loss_giou_enc_0: 2.0862 (2.0405)  loss_vfl_dn_0: 0.4767 (0.4731)  loss_bbox_dn_0: 0.0402 (0.0406)  loss_giou_dn_0: 0.4905 (0.4877)  loss_fgl_dn_0: 1.2549 (1.2531)  loss_ddf_dn_0: 0.2152 (0.2111)  loss_vfl_dn_1: 0.3976 (0.3974)  loss_bbox_dn_1: 0.0302 (0.0298)  loss_giou_dn_1: 0.3691 (0.3745)  loss_fgl_dn_1: 1.1976 (1.1954)  loss_ddf_dn_1: 0.0070 (0.0072)  loss_vfl_dn_2: 0.3947 (0.3950)  loss_bbox_dn_2: 0.0299 (0.0297)  loss_giou_dn_2: 0.3684 (0.3735)  loss_fgl_dn_2: 1.1985 (1.1952)  loss_ddf_dn_2: -0.0000 (0.0000)  loss_vfl_dn_pre: 0.4771 (0.4733)  loss_bbox_dn_pre: 0.0402 (0.0406)  loss_giou_dn_pre: 0.4923 (0.4871)
Test:  [0/8]  eta: 0:00:02    time: 0.3398  data: 0.2626  max mem: 8696
Test:  [7/8]  eta: 0:00:00    time: 0.1429  data: 0.0425  max mem: 8696
Test: Total time: 0:00:01 (0.1474 s / it)
Metrics: {'f1': 0.8476821192052981, 'precision': 0.8, 'recall': 0.9014084507042254, 'iou': 0.5252617885326517, 'TPs': 128, 'FPs': 32, 'FNs': 14}
Averaged stats: 
Accumulating evaluation results...
COCOeval_opt.accumulate() finished...
DONE (t=0.01s).
IoU metric: bbox
 Average Precision  (AP) @[ IoU=0.50:0.95 | area=   all | maxDets=100 ] = 0.338
 Average Precision  (AP) @[ IoU=0.50      | area=   all | maxDets=100 ] = 0.868
 Average Precision  (AP) @[ IoU=0.75      | area=   all | maxDets=100 ] = 0.124
 Average Precision  (AP) @[ IoU=0.50:0.95 | area= small | maxDets=100 ] = 0.338
 Average Precision  (AP) @[ IoU=0.50:0.95 | area=medium | maxDets=100 ] = -1.000
 Average Precision  (AP) @[ IoU=0.50:0.95 | area= large | maxDets=100 ] = -1.000
 Average Recall     (AR) @[ IoU=0.50:0.95 | area=   all | maxDets=  1 ] = 0.202
 Average Recall     (AR) @[ IoU=0.50:0.95 | area=   all | maxDets= 10 ] = 0.487
 Average Recall     (AR) @[ IoU=0.50:0.95 | area=   all | maxDets=100 ] = 0.568
 Average Recall     (AR) @[ IoU=0.50:0.95 | area= small | maxDets=100 ] = 0.568
 Average Recall     (AR) @[ IoU=0.50:0.95 | area=medium | maxDets=100 ] = -1.000
 Average Recall     (AR) @[ IoU=0.50:0.95 | area= large | maxDets=100 ] = -1.000
 Average Recall     (AR) @[ IoU=0.50      | area=   all | maxDets=100 ] = 0.979
 Average Recall     (AR) @[ IoU=0.75      | area=   all | maxDets=100 ] = 0.599
best_stat: {'epoch': 13, 'coco_eval_bbox': 0.3554894456716521}
Epoch: [17/30]  [ 0/45]  eta: 0:00:25  lr: 0.000100  loss: 19.5612 (19.5612)  loss_vfl: 0.4518 (0.4518)  loss_bbox: 0.0947 (0.0947)  loss_giou: 0.7197 (0.7197)  loss_fgl: 1.1002 (1.1002)  loss_vfl_aux_0: 0.7079 (0.7079)  loss_bbox_aux_0: 0.1233 (0.1233)  loss_giou_aux_0: 0.9411 (0.9411)  loss_fgl_aux_0: 1.0913 (1.0913)  loss_ddf_aux_0: 0.3221 (0.3221)  loss_vfl_aux_1: 0.4729 (0.4729)  loss_bbox_aux_1: 0.0946 (0.0946)  loss_giou_aux_1: 0.7297 (0.7297)  loss_fgl_aux_1: 1.1011 (1.1011)  loss_ddf_aux_1: 0.0264 (0.0264)  loss_vfl_pre: 0.6778 (0.6778)  loss_bbox_pre: 0.1127 (0.1127)  loss_giou_pre: 0.9080 (0.9080)  loss_vfl_enc_0: 0.1700 (0.1700)  loss_bbox_enc_0: 0.3333 (0.3333)  loss_giou_enc_0: 2.1974 (2.1974)  loss_vfl_dn_0: 0.4630 (0.4630)  loss_bbox_dn_0: 0.0378 (0.0378)  loss_giou_dn_0: 0.4175 (0.4175)  loss_fgl_dn_0: 1.2519 (1.2519)  loss_ddf_dn_0: 0.2178 (0.2178)  loss_vfl_dn_1: 0.3811 (0.3811)  loss_bbox_dn_1: 0.0286 (0.0286)  loss_giou_dn_1: 0.3334 (0.3334)  loss_fgl_dn_1: 1.1911 (1.1911)  loss_ddf_dn_1: 0.0084 (0.0084)  loss_vfl_dn_2: 0.3815 (0.3815)  loss_bbox_dn_2: 0.0285 (0.0285)  loss_giou_dn_2: 0.3327 (0.3327)  loss_fgl_dn_2: 1.1911 (1.1911)  loss_ddf_dn_2: -0.0000 (0.0000)  loss_vfl_dn_pre: 0.4636 (0.4636)  loss_bbox_dn_pre: 0.0380 (0.0380)  loss_giou_dn_pre: 0.4195 (0.4195)  time: 0.5698  data: 0.2559  max mem: 8696
Epoch: [17/30]  [44/45]  eta: 0:00:00  lr: 0.000100  loss: 19.2060 (19.2714)  loss_vfl: 0.4741 (0.4848)  loss_bbox: 0.0513 (0.0529)  loss_giou: 0.5503 (0.5530)  loss_fgl: 1.1829 (1.1709)  loss_vfl_aux_0: 0.7613 (0.8090)  loss_bbox_aux_0: 0.0696 (0.0708)  loss_giou_aux_0: 0.7337 (0.7478)  loss_fgl_aux_0: 1.1847 (1.1711)  loss_ddf_aux_0: 0.3022 (0.3101)  loss_vfl_aux_1: 0.4997 (0.5065)  loss_bbox_aux_1: 0.0534 (0.0548)  loss_giou_aux_1: 0.5844 (0.5829)  loss_fgl_aux_1: 1.1818 (1.1688)  loss_ddf_aux_1: 0.0287 (0.0268)  loss_vfl_pre: 0.7673 (0.8036)  loss_bbox_pre: 0.0701 (0.0736)  loss_giou_pre: 0.7490 (0.7449)  loss_vfl_enc_0: 0.4188 (0.3716)  loss_bbox_enc_0: 0.2061 (0.2538)  loss_giou_enc_0: 1.8557 (1.8954)  loss_vfl_dn_0: 0.4703 (0.4690)  loss_bbox_dn_0: 0.0388 (0.0395)  loss_giou_dn_0: 0.4693 (0.4750)  loss_fgl_dn_0: 1.2526 (1.2555)  loss_ddf_dn_0: 0.1991 (0.2059)  loss_vfl_dn_1: 0.3987 (0.3953)  loss_bbox_dn_1: 0.0297 (0.0292)  loss_giou_dn_1: 0.3685 (0.3708)  loss_fgl_dn_1: 1.2009 (1.1982)  loss_ddf_dn_1: 0.0062 (0.0064)  loss_vfl_dn_2: 0.3967 (0.3928)  loss_bbox_dn_2: 0.0297 (0.0292)  loss_giou_dn_2: 0.3649 (0.3697)  loss_fgl_dn_2: 1.2016 (1.1983)  loss_ddf_dn_2: -0.0000 (0.0000)  loss_vfl_dn_pre: 0.4704 (0.4694)  loss_bbox_dn_pre: 0.0390 (0.0395)  loss_giou_dn_pre: 0.4713 (0.4748)  time: 0.3010  data: 0.0119  max mem: 8696
Epoch: [17/30] Total time: 0:00:13 (0.3080 s / it)
Averaged stats: lr: 0.000100  loss: 19.2060 (19.2714)  loss_vfl: 0.4741 (0.4848)  loss_bbox: 0.0513 (0.0529)  loss_giou: 0.5503 (0.5530)  loss_fgl: 1.1829 (1.1709)  loss_vfl_aux_0: 0.7613 (0.8090)  loss_bbox_aux_0: 0.0696 (0.0708)  loss_giou_aux_0: 0.7337 (0.7478)  loss_fgl_aux_0: 1.1847 (1.1711)  loss_ddf_aux_0: 0.3022 (0.3101)  loss_vfl_aux_1: 0.4997 (0.5065)  loss_bbox_aux_1: 0.0534 (0.0548)  loss_giou_aux_1: 0.5844 (0.5829)  loss_fgl_aux_1: 1.1818 (1.1688)  loss_ddf_aux_1: 0.0287 (0.0268)  loss_vfl_pre: 0.7673 (0.8036)  loss_bbox_pre: 0.0701 (0.0736)  loss_giou_pre: 0.7490 (0.7449)  loss_vfl_enc_0: 0.4188 (0.3716)  loss_bbox_enc_0: 0.2061 (0.2538)  loss_giou_enc_0: 1.8557 (1.8954)  loss_vfl_dn_0: 0.4703 (0.4690)  loss_bbox_dn_0: 0.0388 (0.0395)  loss_giou_dn_0: 0.4693 (0.4750)  loss_fgl_dn_0: 1.2526 (1.2555)  loss_ddf_dn_0: 0.1991 (0.2059)  loss_vfl_dn_1: 0.3987 (0.3953)  loss_bbox_dn_1: 0.0297 (0.0292)  loss_giou_dn_1: 0.3685 (0.3708)  loss_fgl_dn_1: 1.2009 (1.1982)  loss_ddf_dn_1: 0.0062 (0.0064)  loss_vfl_dn_2: 0.3967 (0.3928)  loss_bbox_dn_2: 0.0297 (0.0292)  loss_giou_dn_2: 0.3649 (0.3697)  loss_fgl_dn_2: 1.2016 (1.1983)  loss_ddf_dn_2: -0.0000 (0.0000)  loss_vfl_dn_pre: 0.4704 (0.4694)  loss_bbox_dn_pre: 0.0390 (0.0395)  loss_giou_dn_pre: 0.4713 (0.4748)
Test:  [0/8]  eta: 0:00:02    time: 0.3140  data: 0.2357  max mem: 8696
Test:  [7/8]  eta: 0:00:00    time: 0.1200  data: 0.0418  max mem: 8696
Test: Total time: 0:00:01 (0.1266 s / it)
Metrics: {'f1': 0.8469055374592833, 'precision': 0.7878787878787878, 'recall': 0.9154929577464789, 'iou': 0.5269281086275133, 'TPs': 130, 'FPs': 35, 'FNs': 12}
Averaged stats: 
Accumulating evaluation results...
COCOeval_opt.accumulate() finished...
DONE (t=0.01s).
IoU metric: bbox
 Average Precision  (AP) @[ IoU=0.50:0.95 | area=   all | maxDets=100 ] = 0.354
 Average Precision  (AP) @[ IoU=0.50      | area=   all | maxDets=100 ] = 0.889
 Average Precision  (AP) @[ IoU=0.75      | area=   all | maxDets=100 ] = 0.129
 Average Precision  (AP) @[ IoU=0.50:0.95 | area= small | maxDets=100 ] = 0.354
 Average Precision  (AP) @[ IoU=0.50:0.95 | area=medium | maxDets=100 ] = -1.000
 Average Precision  (AP) @[ IoU=0.50:0.95 | area= large | maxDets=100 ] = -1.000
 Average Recall     (AR) @[ IoU=0.50:0.95 | area=   all | maxDets=  1 ] = 0.210
 Average Recall     (AR) @[ IoU=0.50:0.95 | area=   all | maxDets= 10 ] = 0.489
 Average Recall     (AR) @[ IoU=0.50:0.95 | area=   all | maxDets=100 ] = 0.569
 Average Recall     (AR) @[ IoU=0.50:0.95 | area= small | maxDets=100 ] = 0.569
 Average Recall     (AR) @[ IoU=0.50:0.95 | area=medium | maxDets=100 ] = -1.000
 Average Recall     (AR) @[ IoU=0.50:0.95 | area= large | maxDets=100 ] = -1.000
 Average Recall     (AR) @[ IoU=0.50      | area=   all | maxDets=100 ] = 0.993
 Average Recall     (AR) @[ IoU=0.75      | area=   all | maxDets=100 ] = 0.585
best_stat: {'epoch': 13, 'coco_eval_bbox': 0.3554894456716521}
Epoch: [18/30]  [ 0/45]  eta: 0:00:24  lr: 0.000100  loss: 18.7766 (18.7766)  loss_vfl: 0.5303 (0.5303)  loss_bbox: 0.0501 (0.0501)  loss_giou: 0.5383 (0.5383)  loss_fgl: 1.1356 (1.1356)  loss_vfl_aux_0: 0.7272 (0.7272)  loss_bbox_aux_0: 0.0660 (0.0660)  loss_giou_aux_0: 0.7504 (0.7504)  loss_fgl_aux_0: 1.1444 (1.1444)  loss_ddf_aux_0: 0.2770 (0.2770)  loss_vfl_aux_1: 0.5301 (0.5301)  loss_bbox_aux_1: 0.0519 (0.0519)  loss_giou_aux_1: 0.5670 (0.5670)  loss_fgl_aux_1: 1.1414 (1.1414)  loss_ddf_aux_1: 0.0307 (0.0307)  loss_vfl_pre: 0.7363 (0.7363)  loss_bbox_pre: 0.0656 (0.0656)  loss_giou_pre: 0.7426 (0.7426)  loss_vfl_enc_0: 0.2699 (0.2699)  loss_bbox_enc_0: 0.3094 (0.3094)  loss_giou_enc_0: 2.0383 (2.0383)  loss_vfl_dn_0: 0.4542 (0.4542)  loss_bbox_dn_0: 0.0317 (0.0317)  loss_giou_dn_0: 0.3981 (0.3981)  loss_fgl_dn_0: 1.2373 (1.2373)  loss_ddf_dn_0: 0.2473 (0.2473)  loss_vfl_dn_1: 0.3765 (0.3765)  loss_bbox_dn_1: 0.0255 (0.0255)  loss_giou_dn_1: 0.3245 (0.3245)  loss_fgl_dn_1: 1.1834 (1.1834)  loss_ddf_dn_1: 0.0092 (0.0092)  loss_vfl_dn_2: 0.3748 (0.3748)  loss_bbox_dn_2: 0.0252 (0.0252)  loss_giou_dn_2: 0.3206 (0.3206)  loss_fgl_dn_2: 1.1834 (1.1834)  loss_ddf_dn_2: -0.0000 (0.0000)  loss_vfl_dn_pre: 0.4544 (0.4544)  loss_bbox_dn_pre: 0.0316 (0.0316)  loss_giou_dn_pre: 0.3967 (0.3967)  time: 0.5405  data: 0.2355  max mem: 8696
Epoch: [18/30]  [44/45]  eta: 0:00:00  lr: 0.000100  loss: 18.8251 (19.2766)  loss_vfl: 0.4787 (0.4883)  loss_bbox: 0.0460 (0.0593)  loss_giou: 0.5160 (0.5626)  loss_fgl: 1.1847 (1.1722)  loss_vfl_aux_0: 0.7950 (0.8069)  loss_bbox_aux_0: 0.0582 (0.0759)  loss_giou_aux_0: 0.6711 (0.7448)  loss_fgl_aux_0: 1.1906 (1.1720)  loss_ddf_aux_0: 0.2167 (0.2753)  loss_vfl_aux_1: 0.4989 (0.5045)  loss_bbox_aux_1: 0.0481 (0.0624)  loss_giou_aux_1: 0.5290 (0.5927)  loss_fgl_aux_1: 1.1879 (1.1710)  loss_ddf_aux_1: 0.0223 (0.0306)  loss_vfl_pre: 0.8048 (0.8141)  loss_bbox_pre: 0.0565 (0.0732)  loss_giou_pre: 0.6460 (0.7207)  loss_vfl_enc_0: 0.3175 (0.3078)  loss_bbox_enc_0: 0.2714 (0.2866)  loss_giou_enc_0: 1.9162 (1.9342)  loss_vfl_dn_0: 0.4659 (0.4704)  loss_bbox_dn_0: 0.0401 (0.0402)  loss_giou_dn_0: 0.4793 (0.4812)  loss_fgl_dn_0: 1.2497 (1.2541)  loss_ddf_dn_0: 0.1936 (0.2073)  loss_vfl_dn_1: 0.3932 (0.3948)  loss_bbox_dn_1: 0.0296 (0.0292)  loss_giou_dn_1: 0.3725 (0.3696)  loss_fgl_dn_1: 1.1941 (1.1928)  loss_ddf_dn_1: 0.0062 (0.0073)  loss_vfl_dn_2: 0.3917 (0.3937)  loss_bbox_dn_2: 0.0299 (0.0292)  loss_giou_dn_2: 0.3703 (0.3683)  loss_fgl_dn_2: 1.1937 (1.1925)  loss_ddf_dn_2: -0.0000 (0.0000)  loss_vfl_dn_pre: 0.4677 (0.4709)  loss_bbox_dn_pre: 0.0400 (0.0401)  loss_giou_dn_pre: 0.4790 (0.4799)  time: 0.3026  data: 0.0120  max mem: 8696
Epoch: [18/30] Total time: 0:00:13 (0.3096 s / it)
Averaged stats: lr: 0.000100  loss: 18.8251 (19.2766)  loss_vfl: 0.4787 (0.4883)  loss_bbox: 0.0460 (0.0593)  loss_giou: 0.5160 (0.5626)  loss_fgl: 1.1847 (1.1722)  loss_vfl_aux_0: 0.7950 (0.8069)  loss_bbox_aux_0: 0.0582 (0.0759)  loss_giou_aux_0: 0.6711 (0.7448)  loss_fgl_aux_0: 1.1906 (1.1720)  loss_ddf_aux_0: 0.2167 (0.2753)  loss_vfl_aux_1: 0.4989 (0.5045)  loss_bbox_aux_1: 0.0481 (0.0624)  loss_giou_aux_1: 0.5290 (0.5927)  loss_fgl_aux_1: 1.1879 (1.1710)  loss_ddf_aux_1: 0.0223 (0.0306)  loss_vfl_pre: 0.8048 (0.8141)  loss_bbox_pre: 0.0565 (0.0732)  loss_giou_pre: 0.6460 (0.7207)  loss_vfl_enc_0: 0.3175 (0.3078)  loss_bbox_enc_0: 0.2714 (0.2866)  loss_giou_enc_0: 1.9162 (1.9342)  loss_vfl_dn_0: 0.4659 (0.4704)  loss_bbox_dn_0: 0.0401 (0.0402)  loss_giou_dn_0: 0.4793 (0.4812)  loss_fgl_dn_0: 1.2497 (1.2541)  loss_ddf_dn_0: 0.1936 (0.2073)  loss_vfl_dn_1: 0.3932 (0.3948)  loss_bbox_dn_1: 0.0296 (0.0292)  loss_giou_dn_1: 0.3725 (0.3696)  loss_fgl_dn_1: 1.1941 (1.1928)  loss_ddf_dn_1: 0.0062 (0.0073)  loss_vfl_dn_2: 0.3917 (0.3937)  loss_bbox_dn_2: 0.0299 (0.0292)  loss_giou_dn_2: 0.3703 (0.3683)  loss_fgl_dn_2: 1.1937 (1.1925)  loss_ddf_dn_2: -0.0000 (0.0000)  loss_vfl_dn_pre: 0.4677 (0.4709)  loss_bbox_dn_pre: 0.0400 (0.0401)  loss_giou_dn_pre: 0.4790 (0.4799)
Test:  [0/8]  eta: 0:00:02    time: 0.3288  data: 0.2499  max mem: 8696
Test:  [7/8]  eta: 0:00:00    time: 0.1451  data: 0.0442  max mem: 8696
Test: Total time: 0:00:01 (0.1492 s / it)
Metrics: {'f1': 0.8421052631578947, 'precision': 0.7901234567901234, 'recall': 0.9014084507042254, 'iou': 0.5221151475879279, 'TPs': 128, 'FPs': 34, 'FNs': 14}
Averaged stats: 
Accumulating evaluation results...
COCOeval_opt.accumulate() finished...
DONE (t=0.01s).
IoU metric: bbox
 Average Precision  (AP) @[ IoU=0.50:0.95 | area=   all | maxDets=100 ] = 0.358
 Average Precision  (AP) @[ IoU=0.50      | area=   all | maxDets=100 ] = 0.886
 Average Precision  (AP) @[ IoU=0.75      | area=   all | maxDets=100 ] = 0.154
 Average Precision  (AP) @[ IoU=0.50:0.95 | area= small | maxDets=100 ] = 0.358
 Average Precision  (AP) @[ IoU=0.50:0.95 | area=medium | maxDets=100 ] = -1.000
 Average Precision  (AP) @[ IoU=0.50:0.95 | area= large | maxDets=100 ] = -1.000
 Average Recall     (AR) @[ IoU=0.50:0.95 | area=   all | maxDets=  1 ] = 0.218
 Average Recall     (AR) @[ IoU=0.50:0.95 | area=   all | maxDets= 10 ] = 0.503
 Average Recall     (AR) @[ IoU=0.50:0.95 | area=   all | maxDets=100 ] = 0.575
 Average Recall     (AR) @[ IoU=0.50:0.95 | area= small | maxDets=100 ] = 0.575
 Average Recall     (AR) @[ IoU=0.50:0.95 | area=medium | maxDets=100 ] = -1.000
 Average Recall     (AR) @[ IoU=0.50:0.95 | area= large | maxDets=100 ] = -1.000
 Average Recall     (AR) @[ IoU=0.50      | area=   all | maxDets=100 ] = 0.986
 Average Recall     (AR) @[ IoU=0.75      | area=   all | maxDets=100 ] = 0.613
best_stat: {'epoch': 18, 'coco_eval_bbox': 0.35807567198485696}
Epoch: [19/30]  [ 0/45]  eta: 0:00:24  lr: 0.000100  loss: 18.2876 (18.2876)  loss_vfl: 0.4696 (0.4696)  loss_bbox: 0.0346 (0.0346)  loss_giou: 0.4146 (0.4146)  loss_fgl: 1.1722 (1.1722)  loss_vfl_aux_0: 0.6749 (0.6749)  loss_bbox_aux_0: 0.0542 (0.0542)  loss_giou_aux_0: 0.7024 (0.7024)  loss_fgl_aux_0: 1.2224 (1.2224)  loss_ddf_aux_0: 0.2316 (0.2316)  loss_vfl_aux_1: 0.5044 (0.5044)  loss_bbox_aux_1: 0.0356 (0.0356)  loss_giou_aux_1: 0.4428 (0.4428)  loss_fgl_aux_1: 1.1800 (1.1800)  loss_ddf_aux_1: 0.0218 (0.0218)  loss_vfl_pre: 0.6780 (0.6780)  loss_bbox_pre: 0.0543 (0.0543)  loss_giou_pre: 0.6933 (0.6933)  loss_vfl_enc_0: 0.2606 (0.2606)  loss_bbox_enc_0: 0.2730 (0.2730)  loss_giou_enc_0: 2.1260 (2.1260)  loss_vfl_dn_0: 0.4640 (0.4640)  loss_bbox_dn_0: 0.0348 (0.0348)  loss_giou_dn_0: 0.4269 (0.4269)  loss_fgl_dn_0: 1.2425 (1.2425)  loss_ddf_dn_0: 0.1765 (0.1765)  loss_vfl_dn_1: 0.3699 (0.3699)  loss_bbox_dn_1: 0.0253 (0.0253)  loss_giou_dn_1: 0.3163 (0.3163)  loss_fgl_dn_1: 1.1717 (1.1717)  loss_ddf_dn_1: 0.0049 (0.0049)  loss_vfl_dn_2: 0.3697 (0.3697)  loss_bbox_dn_2: 0.0253 (0.0253)  loss_giou_dn_2: 0.3164 (0.3164)  loss_fgl_dn_2: 1.1716 (1.1716)  loss_ddf_dn_2: -0.0000 (0.0000)  loss_vfl_dn_pre: 0.4644 (0.4644)  loss_bbox_dn_pre: 0.0350 (0.0350)  loss_giou_dn_pre: 0.4259 (0.4259)  time: 0.5495  data: 0.2519  max mem: 8696
Epoch: [19/30]  [44/45]  eta: 0:00:00  lr: 0.000100  loss: 18.5813 (18.8283)  loss_vfl: 0.4393 (0.4575)  loss_bbox: 0.0398 (0.0440)  loss_giou: 0.4523 (0.4890)  loss_fgl: 1.2184 (1.1970)  loss_vfl_aux_0: 0.7677 (0.8220)  loss_bbox_aux_0: 0.0518 (0.0601)  loss_giou_aux_0: 0.6043 (0.6771)  loss_fgl_aux_0: 1.2310 (1.2064)  loss_ddf_aux_0: 0.2324 (0.2464)  loss_vfl_aux_1: 0.4897 (0.4921)  loss_bbox_aux_1: 0.0406 (0.0457)  loss_giou_aux_1: 0.4688 (0.5109)  loss_fgl_aux_1: 1.2280 (1.1983)  loss_ddf_aux_1: 0.0223 (0.0246)  loss_vfl_pre: 0.7793 (0.8220)  loss_bbox_pre: 0.0518 (0.0594)  loss_giou_pre: 0.6010 (0.6673)  loss_vfl_enc_0: 0.3485 (0.3136)  loss_bbox_enc_0: 0.2245 (0.2571)  loss_giou_enc_0: 1.6713 (1.8641)  loss_vfl_dn_0: 0.4618 (0.4700)  loss_bbox_dn_0: 0.0383 (0.0396)  loss_giou_dn_0: 0.4647 (0.4780)  loss_fgl_dn_0: 1.2459 (1.2562)  loss_ddf_dn_0: 0.1846 (0.1999)  loss_vfl_dn_1: 0.3895 (0.3924)  loss_bbox_dn_1: 0.0272 (0.0283)  loss_giou_dn_1: 0.3516 (0.3592)  loss_fgl_dn_1: 1.1919 (1.1911)  loss_ddf_dn_1: 0.0068 (0.0069)  loss_vfl_dn_2: 0.3846 (0.3888)  loss_bbox_dn_2: 0.0274 (0.0282)  loss_giou_dn_2: 0.3485 (0.3579)  loss_fgl_dn_2: 1.1925 (1.1906)  loss_ddf_dn_2: -0.0000 (0.0000)  loss_vfl_dn_pre: 0.4636 (0.4704)  loss_bbox_dn_pre: 0.0383 (0.0396)  loss_giou_dn_pre: 0.4619 (0.4767)  time: 0.3021  data: 0.0119  max mem: 8696
Epoch: [19/30] Total time: 0:00:13 (0.3095 s / it)
Averaged stats: lr: 0.000100  loss: 18.5813 (18.8283)  loss_vfl: 0.4393 (0.4575)  loss_bbox: 0.0398 (0.0440)  loss_giou: 0.4523 (0.4890)  loss_fgl: 1.2184 (1.1970)  loss_vfl_aux_0: 0.7677 (0.8220)  loss_bbox_aux_0: 0.0518 (0.0601)  loss_giou_aux_0: 0.6043 (0.6771)  loss_fgl_aux_0: 1.2310 (1.2064)  loss_ddf_aux_0: 0.2324 (0.2464)  loss_vfl_aux_1: 0.4897 (0.4921)  loss_bbox_aux_1: 0.0406 (0.0457)  loss_giou_aux_1: 0.4688 (0.5109)  loss_fgl_aux_1: 1.2280 (1.1983)  loss_ddf_aux_1: 0.0223 (0.0246)  loss_vfl_pre: 0.7793 (0.8220)  loss_bbox_pre: 0.0518 (0.0594)  loss_giou_pre: 0.6010 (0.6673)  loss_vfl_enc_0: 0.3485 (0.3136)  loss_bbox_enc_0: 0.2245 (0.2571)  loss_giou_enc_0: 1.6713 (1.8641)  loss_vfl_dn_0: 0.4618 (0.4700)  loss_bbox_dn_0: 0.0383 (0.0396)  loss_giou_dn_0: 0.4647 (0.4780)  loss_fgl_dn_0: 1.2459 (1.2562)  loss_ddf_dn_0: 0.1846 (0.1999)  loss_vfl_dn_1: 0.3895 (0.3924)  loss_bbox_dn_1: 0.0272 (0.0283)  loss_giou_dn_1: 0.3516 (0.3592)  loss_fgl_dn_1: 1.1919 (1.1911)  loss_ddf_dn_1: 0.0068 (0.0069)  loss_vfl_dn_2: 0.3846 (0.3888)  loss_bbox_dn_2: 0.0274 (0.0282)  loss_giou_dn_2: 0.3485 (0.3579)  loss_fgl_dn_2: 1.1925 (1.1906)  loss_ddf_dn_2: -0.0000 (0.0000)  loss_vfl_dn_pre: 0.4636 (0.4704)  loss_bbox_dn_pre: 0.0383 (0.0396)  loss_giou_dn_pre: 0.4619 (0.4767)
Test:  [0/8]  eta: 0:00:02    time: 0.3049  data: 0.2284  max mem: 8696
Test:  [7/8]  eta: 0:00:00    time: 0.1170  data: 0.0405  max mem: 8696
Test: Total time: 0:00:00 (0.1212 s / it)
Metrics: {'f1': 0.8295819935691319, 'precision': 0.7633136094674556, 'recall': 0.9084507042253521, 'iou': 0.50957978950752, 'TPs': 129, 'FPs': 40, 'FNs': 13}
Averaged stats: 
Accumulating evaluation results...
COCOeval_opt.accumulate() finished...
DONE (t=0.01s).
IoU metric: bbox
 Average Precision  (AP) @[ IoU=0.50:0.95 | area=   all | maxDets=100 ] = 0.341
 Average Precision  (AP) @[ IoU=0.50      | area=   all | maxDets=100 ] = 0.865
 Average Precision  (AP) @[ IoU=0.75      | area=   all | maxDets=100 ] = 0.162
 Average Precision  (AP) @[ IoU=0.50:0.95 | area= small | maxDets=100 ] = 0.341
 Average Precision  (AP) @[ IoU=0.50:0.95 | area=medium | maxDets=100 ] = -1.000
 Average Precision  (AP) @[ IoU=0.50:0.95 | area= large | maxDets=100 ] = -1.000
 Average Recall     (AR) @[ IoU=0.50:0.95 | area=   all | maxDets=  1 ] = 0.225
 Average Recall     (AR) @[ IoU=0.50:0.95 | area=   all | maxDets= 10 ] = 0.499
 Average Recall     (AR) @[ IoU=0.50:0.95 | area=   all | maxDets=100 ] = 0.574
 Average Recall     (AR) @[ IoU=0.50:0.95 | area= small | maxDets=100 ] = 0.574
 Average Recall     (AR) @[ IoU=0.50:0.95 | area=medium | maxDets=100 ] = -1.000
 Average Recall     (AR) @[ IoU=0.50:0.95 | area= large | maxDets=100 ] = -1.000
 Average Recall     (AR) @[ IoU=0.50      | area=   all | maxDets=100 ] = 0.986
 Average Recall     (AR) @[ IoU=0.75      | area=   all | maxDets=100 ] = 0.599
best_stat: {'epoch': 18, 'coco_eval_bbox': 0.35807567198485696}
Epoch: [20/30]  [ 0/45]  eta: 0:00:24  lr: 0.000100  loss: 19.1265 (19.1265)  loss_vfl: 0.4527 (0.4527)  loss_bbox: 0.0510 (0.0510)  loss_giou: 0.5134 (0.5134)  loss_fgl: 1.2061 (1.2061)  loss_vfl_aux_0: 1.0527 (1.0527)  loss_bbox_aux_0: 0.0638 (0.0638)  loss_giou_aux_0: 0.6525 (0.6525)  loss_fgl_aux_0: 1.2113 (1.2113)  loss_ddf_aux_0: 0.2039 (0.2039)  loss_vfl_aux_1: 0.4575 (0.4575)  loss_bbox_aux_1: 0.0563 (0.0563)  loss_giou_aux_1: 0.5396 (0.5396)  loss_fgl_aux_1: 1.1897 (1.1897)  loss_ddf_aux_1: 0.0175 (0.0175)  loss_vfl_pre: 1.0460 (1.0460)  loss_bbox_pre: 0.0586 (0.0586)  loss_giou_pre: 0.6197 (0.6197)  loss_vfl_enc_0: 0.4664 (0.4664)  loss_bbox_enc_0: 0.2083 (0.2083)  loss_giou_enc_0: 1.7124 (1.7124)  loss_vfl_dn_0: 0.4606 (0.4606)  loss_bbox_dn_0: 0.0407 (0.0407)  loss_giou_dn_0: 0.4489 (0.4489)  loss_fgl_dn_0: 1.2648 (1.2648)  loss_ddf_dn_0: 0.2010 (0.2010)  loss_vfl_dn_1: 0.3936 (0.3936)  loss_bbox_dn_1: 0.0304 (0.0304)  loss_giou_dn_1: 0.3544 (0.3544)  loss_fgl_dn_1: 1.2101 (1.2101)  loss_ddf_dn_1: 0.0075 (0.0075)  loss_vfl_dn_2: 0.3917 (0.3917)  loss_bbox_dn_2: 0.0307 (0.0307)  loss_giou_dn_2: 0.3548 (0.3548)  loss_fgl_dn_2: 1.2122 (1.2122)  loss_ddf_dn_2: -0.0000 (0.0000)  loss_vfl_dn_pre: 0.4596 (0.4596)  loss_bbox_dn_pre: 0.0405 (0.0405)  loss_giou_dn_pre: 0.4455 (0.4455)  time: 0.5431  data: 0.2436  max mem: 8696
Epoch: [20/30]  [44/45]  eta: 0:00:00  lr: 0.000100  loss: 18.4431 (18.4478)  loss_vfl: 0.4761 (0.4709)  loss_bbox: 0.0381 (0.0388)  loss_giou: 0.4294 (0.4510)  loss_fgl: 1.2101 (1.2201)  loss_vfl_aux_0: 0.8379 (0.8632)  loss_bbox_aux_0: 0.0481 (0.0487)  loss_giou_aux_0: 0.5444 (0.5700)  loss_fgl_aux_0: 1.2411 (1.2410)  loss_ddf_aux_0: 0.1942 (0.1966)  loss_vfl_aux_1: 0.5182 (0.5319)  loss_bbox_aux_1: 0.0397 (0.0398)  loss_giou_aux_1: 0.4398 (0.4616)  loss_fgl_aux_1: 1.2072 (1.2224)  loss_ddf_aux_1: 0.0222 (0.0217)  loss_vfl_pre: 0.8348 (0.8633)  loss_bbox_pre: 0.0478 (0.0486)  loss_giou_pre: 0.5499 (0.5687)  loss_vfl_enc_0: 0.5027 (0.5086)  loss_bbox_enc_0: 0.1608 (0.1812)  loss_giou_enc_0: 1.5724 (1.5872)  loss_vfl_dn_0: 0.4658 (0.4658)  loss_bbox_dn_0: 0.0393 (0.0383)  loss_giou_dn_0: 0.4580 (0.4637)  loss_fgl_dn_0: 1.2387 (1.2576)  loss_ddf_dn_0: 0.2050 (0.1955)  loss_vfl_dn_1: 0.3875 (0.3895)  loss_bbox_dn_1: 0.0282 (0.0280)  loss_giou_dn_1: 0.3530 (0.3542)  loss_fgl_dn_1: 1.1750 (1.1889)  loss_ddf_dn_1: 0.0074 (0.0066)  loss_vfl_dn_2: 0.3834 (0.3871)  loss_bbox_dn_2: 0.0283 (0.0280)  loss_giou_dn_2: 0.3503 (0.3532)  loss_fgl_dn_2: 1.1745 (1.1888)  loss_ddf_dn_2: -0.0000 (0.0000)  loss_vfl_dn_pre: 0.4661 (0.4662)  loss_bbox_dn_pre: 0.0392 (0.0382)  loss_giou_dn_pre: 0.4589 (0.4629)  time: 0.3017  data: 0.0123  max mem: 8696
Epoch: [20/30] Total time: 0:00:13 (0.3077 s / it)
Averaged stats: lr: 0.000100  loss: 18.4431 (18.4478)  loss_vfl: 0.4761 (0.4709)  loss_bbox: 0.0381 (0.0388)  loss_giou: 0.4294 (0.4510)  loss_fgl: 1.2101 (1.2201)  loss_vfl_aux_0: 0.8379 (0.8632)  loss_bbox_aux_0: 0.0481 (0.0487)  loss_giou_aux_0: 0.5444 (0.5700)  loss_fgl_aux_0: 1.2411 (1.2410)  loss_ddf_aux_0: 0.1942 (0.1966)  loss_vfl_aux_1: 0.5182 (0.5319)  loss_bbox_aux_1: 0.0397 (0.0398)  loss_giou_aux_1: 0.4398 (0.4616)  loss_fgl_aux_1: 1.2072 (1.2224)  loss_ddf_aux_1: 0.0222 (0.0217)  loss_vfl_pre: 0.8348 (0.8633)  loss_bbox_pre: 0.0478 (0.0486)  loss_giou_pre: 0.5499 (0.5687)  loss_vfl_enc_0: 0.5027 (0.5086)  loss_bbox_enc_0: 0.1608 (0.1812)  loss_giou_enc_0: 1.5724 (1.5872)  loss_vfl_dn_0: 0.4658 (0.4658)  loss_bbox_dn_0: 0.0393 (0.0383)  loss_giou_dn_0: 0.4580 (0.4637)  loss_fgl_dn_0: 1.2387 (1.2576)  loss_ddf_dn_0: 0.2050 (0.1955)  loss_vfl_dn_1: 0.3875 (0.3895)  loss_bbox_dn_1: 0.0282 (0.0280)  loss_giou_dn_1: 0.3530 (0.3542)  loss_fgl_dn_1: 1.1750 (1.1889)  loss_ddf_dn_1: 0.0074 (0.0066)  loss_vfl_dn_2: 0.3834 (0.3871)  loss_bbox_dn_2: 0.0283 (0.0280)  loss_giou_dn_2: 0.3503 (0.3532)  loss_fgl_dn_2: 1.1745 (1.1888)  loss_ddf_dn_2: -0.0000 (0.0000)  loss_vfl_dn_pre: 0.4661 (0.4662)  loss_bbox_dn_pre: 0.0392 (0.0382)  loss_giou_dn_pre: 0.4589 (0.4629)
Test:  [0/8]  eta: 0:00:04    time: 0.5019  data: 0.2276  max mem: 8696
Test:  [7/8]  eta: 0:00:00    time: 0.1410  data: 0.0397  max mem: 8696
Test: Total time: 0:00:01 (0.1457 s / it)
Metrics: {'f1': 0.8220064724919094, 'precision': 0.7604790419161677, 'recall': 0.8943661971830986, 'iou': 0.5015037102358681, 'TPs': 127, 'FPs': 40, 'FNs': 15}
Averaged stats: 
Accumulating evaluation results...
COCOeval_opt.accumulate() finished...
DONE (t=0.01s).
IoU metric: bbox
 Average Precision  (AP) @[ IoU=0.50:0.95 | area=   all | maxDets=100 ] = 0.342
 Average Precision  (AP) @[ IoU=0.50      | area=   all | maxDets=100 ] = 0.862
 Average Precision  (AP) @[ IoU=0.75      | area=   all | maxDets=100 ] = 0.146
 Average Precision  (AP) @[ IoU=0.50:0.95 | area= small | maxDets=100 ] = 0.342
 Average Precision  (AP) @[ IoU=0.50:0.95 | area=medium | maxDets=100 ] = -1.000
 Average Precision  (AP) @[ IoU=0.50:0.95 | area= large | maxDets=100 ] = -1.000
 Average Recall     (AR) @[ IoU=0.50:0.95 | area=   all | maxDets=  1 ] = 0.217
 Average Recall     (AR) @[ IoU=0.50:0.95 | area=   all | maxDets= 10 ] = 0.493
 Average Recall     (AR) @[ IoU=0.50:0.95 | area=   all | maxDets=100 ] = 0.566
 Average Recall     (AR) @[ IoU=0.50:0.95 | area= small | maxDets=100 ] = 0.566
 Average Recall     (AR) @[ IoU=0.50:0.95 | area=medium | maxDets=100 ] = -1.000
 Average Recall     (AR) @[ IoU=0.50:0.95 | area= large | maxDets=100 ] = -1.000
 Average Recall     (AR) @[ IoU=0.50      | area=   all | maxDets=100 ] = 0.993
 Average Recall     (AR) @[ IoU=0.75      | area=   all | maxDets=100 ] = 0.592
best_stat: {'epoch': 18, 'coco_eval_bbox': 0.35807567198485696}
Epoch: [21/30]  [ 0/45]  eta: 0:00:23  lr: 0.000100  loss: 18.8891 (18.8891)  loss_vfl: 0.5635 (0.5635)  loss_bbox: 0.0416 (0.0416)  loss_giou: 0.4886 (0.4886)  loss_fgl: 1.2530 (1.2530)  loss_vfl_aux_0: 0.7901 (0.7901)  loss_bbox_aux_0: 0.0455 (0.0455)  loss_giou_aux_0: 0.5555 (0.5555)  loss_fgl_aux_0: 1.2724 (1.2724)  loss_ddf_aux_0: 0.2508 (0.2508)  loss_vfl_aux_1: 0.5212 (0.5212)  loss_bbox_aux_1: 0.0411 (0.0411)  loss_giou_aux_1: 0.4804 (0.4804)  loss_fgl_aux_1: 1.2585 (1.2585)  loss_ddf_aux_1: 0.0307 (0.0307)  loss_vfl_pre: 0.8132 (0.8132)  loss_bbox_pre: 0.0454 (0.0454)  loss_giou_pre: 0.5516 (0.5516)  loss_vfl_enc_0: 0.3693 (0.3693)  loss_bbox_enc_0: 0.1835 (0.1835)  loss_giou_enc_0: 1.6894 (1.6894)  loss_vfl_dn_0: 0.4794 (0.4794)  loss_bbox_dn_0: 0.0433 (0.0433)  loss_giou_dn_0: 0.5339 (0.5339)  loss_fgl_dn_0: 1.3036 (1.3036)  loss_ddf_dn_0: 0.1839 (0.1839)  loss_vfl_dn_1: 0.3939 (0.3939)  loss_bbox_dn_1: 0.0291 (0.0291)  loss_giou_dn_1: 0.3695 (0.3695)  loss_fgl_dn_1: 1.2247 (1.2247)  loss_ddf_dn_1: 0.0080 (0.0080)  loss_vfl_dn_2: 0.3935 (0.3935)  loss_bbox_dn_2: 0.0295 (0.0295)  loss_giou_dn_2: 0.3714 (0.3714)  loss_fgl_dn_2: 1.2294 (1.2294)  loss_ddf_dn_2: -0.0000 (0.0000)  loss_vfl_dn_pre: 0.4778 (0.4778)  loss_bbox_dn_pre: 0.0430 (0.0430)  loss_giou_dn_pre: 0.5299 (0.5299)  time: 0.5228  data: 0.2264  max mem: 8696
Epoch: [21/30]  [44/45]  eta: 0:00:00  lr: 0.000100  loss: 18.8401 (18.9708)  loss_vfl: 0.4495 (0.4646)  loss_bbox: 0.0444 (0.0564)  loss_giou: 0.4770 (0.5302)  loss_fgl: 1.1825 (1.1829)  loss_vfl_aux_0: 0.8892 (0.8869)  loss_bbox_aux_0: 0.0568 (0.0721)  loss_giou_aux_0: 0.6190 (0.6767)  loss_fgl_aux_0: 1.2096 (1.1972)  loss_ddf_aux_0: 0.2009 (0.2288)  loss_vfl_aux_1: 0.4779 (0.5002)  loss_bbox_aux_1: 0.0455 (0.0588)  loss_giou_aux_1: 0.4895 (0.5511)  loss_fgl_aux_1: 1.1819 (1.1806)  loss_ddf_aux_1: 0.0269 (0.0291)  loss_vfl_pre: 0.8986 (0.8847)  loss_bbox_pre: 0.0562 (0.0720)  loss_giou_pre: 0.6165 (0.6640)  loss_vfl_enc_0: 0.6729 (0.5474)  loss_bbox_enc_0: 0.1380 (0.2007)  loss_giou_enc_0: 1.3070 (1.6137)  loss_vfl_dn_0: 0.4606 (0.4661)  loss_bbox_dn_0: 0.0383 (0.0390)  loss_giou_dn_0: 0.4584 (0.4714)  loss_fgl_dn_0: 1.2550 (1.2599)  loss_ddf_dn_0: 0.2372 (0.2358)  loss_vfl_dn_1: 0.3841 (0.3893)  loss_bbox_dn_1: 0.0271 (0.0280)  loss_giou_dn_1: 0.3466 (0.3539)  loss_fgl_dn_1: 1.1787 (1.1886)  loss_ddf_dn_1: 0.0078 (0.0094)  loss_vfl_dn_2: 0.3823 (0.3874)  loss_bbox_dn_2: 0.0270 (0.0280)  loss_giou_dn_2: 0.3441 (0.3526)  loss_fgl_dn_2: 1.1796 (1.1886)  loss_ddf_dn_2: -0.0000 (0.0000)  loss_vfl_dn_pre: 0.4604 (0.4661)  loss_bbox_dn_pre: 0.0384 (0.0388)  loss_giou_dn_pre: 0.4581 (0.4695)  time: 0.3007  data: 0.0119  max mem: 8696
Epoch: [21/30] Total time: 0:00:13 (0.3081 s / it)
Averaged stats: lr: 0.000100  loss: 18.8401 (18.9708)  loss_vfl: 0.4495 (0.4646)  loss_bbox: 0.0444 (0.0564)  loss_giou: 0.4770 (0.5302)  loss_fgl: 1.1825 (1.1829)  loss_vfl_aux_0: 0.8892 (0.8869)  loss_bbox_aux_0: 0.0568 (0.0721)  loss_giou_aux_0: 0.6190 (0.6767)  loss_fgl_aux_0: 1.2096 (1.1972)  loss_ddf_aux_0: 0.2009 (0.2288)  loss_vfl_aux_1: 0.4779 (0.5002)  loss_bbox_aux_1: 0.0455 (0.0588)  loss_giou_aux_1: 0.4895 (0.5511)  loss_fgl_aux_1: 1.1819 (1.1806)  loss_ddf_aux_1: 0.0269 (0.0291)  loss_vfl_pre: 0.8986 (0.8847)  loss_bbox_pre: 0.0562 (0.0720)  loss_giou_pre: 0.6165 (0.6640)  loss_vfl_enc_0: 0.6729 (0.5474)  loss_bbox_enc_0: 0.1380 (0.2007)  loss_giou_enc_0: 1.3070 (1.6137)  loss_vfl_dn_0: 0.4606 (0.4661)  loss_bbox_dn_0: 0.0383 (0.0390)  loss_giou_dn_0: 0.4584 (0.4714)  loss_fgl_dn_0: 1.2550 (1.2599)  loss_ddf_dn_0: 0.2372 (0.2358)  loss_vfl_dn_1: 0.3841 (0.3893)  loss_bbox_dn_1: 0.0271 (0.0280)  loss_giou_dn_1: 0.3466 (0.3539)  loss_fgl_dn_1: 1.1787 (1.1886)  loss_ddf_dn_1: 0.0078 (0.0094)  loss_vfl_dn_2: 0.3823 (0.3874)  loss_bbox_dn_2: 0.0270 (0.0280)  loss_giou_dn_2: 0.3441 (0.3526)  loss_fgl_dn_2: 1.1796 (1.1886)  loss_ddf_dn_2: -0.0000 (0.0000)  loss_vfl_dn_pre: 0.4604 (0.4661)  loss_bbox_dn_pre: 0.0384 (0.0388)  loss_giou_dn_pre: 0.4581 (0.4695)
Test:  [0/8]  eta: 0:00:02    time: 0.3022  data: 0.2248  max mem: 8696
Test:  [7/8]  eta: 0:00:00    time: 0.1195  data: 0.0409  max mem: 8696
Test: Total time: 0:00:00 (0.1234 s / it)
Metrics: {'f1': 0.8284789644012946, 'precision': 0.7664670658682635, 'recall': 0.9014084507042254, 'iou': 0.5099344283177708, 'TPs': 128, 'FPs': 39, 'FNs': 14}
Averaged stats: 
Accumulating evaluation results...
COCOeval_opt.accumulate() finished...
DONE (t=0.01s).
IoU metric: bbox
 Average Precision  (AP) @[ IoU=0.50:0.95 | area=   all | maxDets=100 ] = 0.350
 Average Precision  (AP) @[ IoU=0.50      | area=   all | maxDets=100 ] = 0.873
 Average Precision  (AP) @[ IoU=0.75      | area=   all | maxDets=100 ] = 0.135
 Average Precision  (AP) @[ IoU=0.50:0.95 | area= small | maxDets=100 ] = 0.350
 Average Precision  (AP) @[ IoU=0.50:0.95 | area=medium | maxDets=100 ] = -1.000
 Average Precision  (AP) @[ IoU=0.50:0.95 | area= large | maxDets=100 ] = -1.000
 Average Recall     (AR) @[ IoU=0.50:0.95 | area=   all | maxDets=  1 ] = 0.212
 Average Recall     (AR) @[ IoU=0.50:0.95 | area=   all | maxDets= 10 ] = 0.501
 Average Recall     (AR) @[ IoU=0.50:0.95 | area=   all | maxDets=100 ] = 0.567
 Average Recall     (AR) @[ IoU=0.50:0.95 | area= small | maxDets=100 ] = 0.567
 Average Recall     (AR) @[ IoU=0.50:0.95 | area=medium | maxDets=100 ] = -1.000
 Average Recall     (AR) @[ IoU=0.50:0.95 | area= large | maxDets=100 ] = -1.000
 Average Recall     (AR) @[ IoU=0.50      | area=   all | maxDets=100 ] = 0.986
 Average Recall     (AR) @[ IoU=0.75      | area=   all | maxDets=100 ] = 0.599
best_stat: {'epoch': 18, 'coco_eval_bbox': 0.35807567198485696}
Epoch: [22/30]  [ 0/45]  eta: 0:00:23  lr: 0.000100  loss: 17.8119 (17.8119)  loss_vfl: 0.4406 (0.4406)  loss_bbox: 0.0376 (0.0376)  loss_giou: 0.4404 (0.4404)  loss_fgl: 1.1995 (1.1995)  loss_vfl_aux_0: 0.9179 (0.9179)  loss_bbox_aux_0: 0.0456 (0.0456)  loss_giou_aux_0: 0.5138 (0.5138)  loss_fgl_aux_0: 1.2149 (1.2149)  loss_ddf_aux_0: 0.1428 (0.1428)  loss_vfl_aux_1: 0.5305 (0.5305)  loss_bbox_aux_1: 0.0362 (0.0362)  loss_giou_aux_1: 0.4314 (0.4314)  loss_fgl_aux_1: 1.1994 (1.1994)  loss_ddf_aux_1: 0.0170 (0.0170)  loss_vfl_pre: 0.9147 (0.9147)  loss_bbox_pre: 0.0443 (0.0443)  loss_giou_pre: 0.5094 (0.5094)  loss_vfl_enc_0: 0.7185 (0.7185)  loss_bbox_enc_0: 0.1214 (0.1214)  loss_giou_enc_0: 1.1713 (1.1713)  loss_vfl_dn_0: 0.4614 (0.4614)  loss_bbox_dn_0: 0.0392 (0.0392)  loss_giou_dn_0: 0.4627 (0.4627)  loss_fgl_dn_0: 1.2232 (1.2232)  loss_ddf_dn_0: 0.2599 (0.2599)  loss_vfl_dn_1: 0.3789 (0.3789)  loss_bbox_dn_1: 0.0259 (0.0259)  loss_giou_dn_1: 0.3338 (0.3338)  loss_fgl_dn_1: 1.1380 (1.1380)  loss_ddf_dn_1: 0.0074 (0.0074)  loss_vfl_dn_2: 0.3766 (0.3766)  loss_bbox_dn_2: 0.0260 (0.0260)  loss_giou_dn_2: 0.3334 (0.3334)  loss_fgl_dn_2: 1.1373 (1.1373)  loss_ddf_dn_2: -0.0000 (0.0000)  loss_vfl_dn_pre: 0.4609 (0.4609)  loss_bbox_dn_pre: 0.0391 (0.0391)  loss_giou_dn_pre: 0.4611 (0.4611)  time: 0.5242  data: 0.2141  max mem: 8696
Epoch: [22/30]  [44/45]  eta: 0:00:00  lr: 0.000100  loss: 18.2504 (18.6646)  loss_vfl: 0.4636 (0.4629)  loss_bbox: 0.0367 (0.0555)  loss_giou: 0.4469 (0.5019)  loss_fgl: 1.1982 (1.1839)  loss_vfl_aux_0: 0.8223 (0.8422)  loss_bbox_aux_0: 0.0533 (0.0732)  loss_giou_aux_0: 0.5852 (0.6608)  loss_fgl_aux_0: 1.1971 (1.1859)  loss_ddf_aux_0: 0.2021 (0.2148)  loss_vfl_aux_1: 0.5301 (0.5237)  loss_bbox_aux_1: 0.0391 (0.0599)  loss_giou_aux_1: 0.4594 (0.5295)  loss_fgl_aux_1: 1.1922 (1.1762)  loss_ddf_aux_1: 0.0245 (0.0308)  loss_vfl_pre: 0.8193 (0.8362)  loss_bbox_pre: 0.0538 (0.0743)  loss_giou_pre: 0.5878 (0.6487)  loss_vfl_enc_0: 0.7410 (0.7991)  loss_bbox_enc_0: 0.1605 (0.1731)  loss_giou_enc_0: 1.3037 (1.3331)  loss_vfl_dn_0: 0.4617 (0.4623)  loss_bbox_dn_0: 0.0370 (0.0382)  loss_giou_dn_0: 0.4465 (0.4631)  loss_fgl_dn_0: 1.2510 (1.2538)  loss_ddf_dn_0: 0.2031 (0.2273)  loss_vfl_dn_1: 0.3811 (0.3877)  loss_bbox_dn_1: 0.0259 (0.0274)  loss_giou_dn_1: 0.3284 (0.3469)  loss_fgl_dn_1: 1.1762 (1.1834)  loss_ddf_dn_1: 0.0082 (0.0096)  loss_vfl_dn_2: 0.3766 (0.3824)  loss_bbox_dn_2: 0.0259 (0.0272)  loss_giou_dn_2: 0.3263 (0.3447)  loss_fgl_dn_2: 1.1759 (1.1823)  loss_ddf_dn_2: -0.0000 (0.0000)  loss_vfl_dn_pre: 0.4612 (0.4625)  loss_bbox_dn_pre: 0.0368 (0.0381)  loss_giou_dn_pre: 0.4464 (0.4619)  time: 0.2987  data: 0.0117  max mem: 8696
Epoch: [22/30] Total time: 0:00:13 (0.3086 s / it)
Averaged stats: lr: 0.000100  loss: 18.2504 (18.6646)  loss_vfl: 0.4636 (0.4629)  loss_bbox: 0.0367 (0.0555)  loss_giou: 0.4469 (0.5019)  loss_fgl: 1.1982 (1.1839)  loss_vfl_aux_0: 0.8223 (0.8422)  loss_bbox_aux_0: 0.0533 (0.0732)  loss_giou_aux_0: 0.5852 (0.6608)  loss_fgl_aux_0: 1.1971 (1.1859)  loss_ddf_aux_0: 0.2021 (0.2148)  loss_vfl_aux_1: 0.5301 (0.5237)  loss_bbox_aux_1: 0.0391 (0.0599)  loss_giou_aux_1: 0.4594 (0.5295)  loss_fgl_aux_1: 1.1922 (1.1762)  loss_ddf_aux_1: 0.0245 (0.0308)  loss_vfl_pre: 0.8193 (0.8362)  loss_bbox_pre: 0.0538 (0.0743)  loss_giou_pre: 0.5878 (0.6487)  loss_vfl_enc_0: 0.7410 (0.7991)  loss_bbox_enc_0: 0.1605 (0.1731)  loss_giou_enc_0: 1.3037 (1.3331)  loss_vfl_dn_0: 0.4617 (0.4623)  loss_bbox_dn_0: 0.0370 (0.0382)  loss_giou_dn_0: 0.4465 (0.4631)  loss_fgl_dn_0: 1.2510 (1.2538)  loss_ddf_dn_0: 0.2031 (0.2273)  loss_vfl_dn_1: 0.3811 (0.3877)  loss_bbox_dn_1: 0.0259 (0.0274)  loss_giou_dn_1: 0.3284 (0.3469)  loss_fgl_dn_1: 1.1762 (1.1834)  loss_ddf_dn_1: 0.0082 (0.0096)  loss_vfl_dn_2: 0.3766 (0.3824)  loss_bbox_dn_2: 0.0259 (0.0272)  loss_giou_dn_2: 0.3263 (0.3447)  loss_fgl_dn_2: 1.1759 (1.1823)  loss_ddf_dn_2: -0.0000 (0.0000)  loss_vfl_dn_pre: 0.4612 (0.4625)  loss_bbox_dn_pre: 0.0368 (0.0381)  loss_giou_dn_pre: 0.4464 (0.4619)
Test:  [0/8]  eta: 0:00:02    time: 0.3109  data: 0.2326  max mem: 8696
Test:  [7/8]  eta: 0:00:00    time: 0.1182  data: 0.0413  max mem: 8696
Test: Total time: 0:00:00 (0.1225 s / it)
Metrics: {'f1': 0.823529411764706, 'precision': 0.7682926829268293, 'recall': 0.8873239436619719, 'iou': 0.50360050631894, 'TPs': 126, 'FPs': 38, 'FNs': 16}
Averaged stats: 
Accumulating evaluation results...
COCOeval_opt.accumulate() finished...
DONE (t=0.01s).
IoU metric: bbox
 Average Precision  (AP) @[ IoU=0.50:0.95 | area=   all | maxDets=100 ] = 0.347
 Average Precision  (AP) @[ IoU=0.50      | area=   all | maxDets=100 ] = 0.880
 Average Precision  (AP) @[ IoU=0.75      | area=   all | maxDets=100 ] = 0.154
 Average Precision  (AP) @[ IoU=0.50:0.95 | area= small | maxDets=100 ] = 0.347
 Average Precision  (AP) @[ IoU=0.50:0.95 | area=medium | maxDets=100 ] = -1.000
 Average Precision  (AP) @[ IoU=0.50:0.95 | area= large | maxDets=100 ] = -1.000
 Average Recall     (AR) @[ IoU=0.50:0.95 | area=   all | maxDets=  1 ] = 0.215
 Average Recall     (AR) @[ IoU=0.50:0.95 | area=   all | maxDets= 10 ] = 0.499
 Average Recall     (AR) @[ IoU=0.50:0.95 | area=   all | maxDets=100 ] = 0.562
 Average Recall     (AR) @[ IoU=0.50:0.95 | area= small | maxDets=100 ] = 0.562
 Average Recall     (AR) @[ IoU=0.50:0.95 | area=medium | maxDets=100 ] = -1.000
 Average Recall     (AR) @[ IoU=0.50:0.95 | area= large | maxDets=100 ] = -1.000
 Average Recall     (AR) @[ IoU=0.50      | area=   all | maxDets=100 ] = 0.986
 Average Recall     (AR) @[ IoU=0.75      | area=   all | maxDets=100 ] = 0.599
best_stat: {'epoch': 18, 'coco_eval_bbox': 0.35807567198485696}
Epoch: [23/30]  [ 0/45]  eta: 0:00:23  lr: 0.000100  loss: 18.4183 (18.4183)  loss_vfl: 0.4431 (0.4431)  loss_bbox: 0.0377 (0.0377)  loss_giou: 0.4129 (0.4129)  loss_fgl: 1.1787 (1.1787)  loss_vfl_aux_0: 0.7882 (0.7882)  loss_bbox_aux_0: 0.0673 (0.0673)  loss_giou_aux_0: 0.6396 (0.6396)  loss_fgl_aux_0: 1.1761 (1.1761)  loss_ddf_aux_0: 0.2502 (0.2502)  loss_vfl_aux_1: 0.5147 (0.5147)  loss_bbox_aux_1: 0.0435 (0.0435)  loss_giou_aux_1: 0.4533 (0.4533)  loss_fgl_aux_1: 1.1823 (1.1823)  loss_ddf_aux_1: 0.0341 (0.0341)  loss_vfl_pre: 0.7870 (0.7870)  loss_bbox_pre: 0.0683 (0.0683)  loss_giou_pre: 0.6323 (0.6323)  loss_vfl_enc_0: 0.9011 (0.9011)  loss_bbox_enc_0: 0.2177 (0.2177)  loss_giou_enc_0: 1.3342 (1.3342)  loss_vfl_dn_0: 0.4644 (0.4644)  loss_bbox_dn_0: 0.0411 (0.0411)  loss_giou_dn_0: 0.4512 (0.4512)  loss_fgl_dn_0: 1.2486 (1.2486)  loss_ddf_dn_0: 0.1788 (0.1788)  loss_vfl_dn_1: 0.3892 (0.3892)  loss_bbox_dn_1: 0.0320 (0.0320)  loss_giou_dn_1: 0.3566 (0.3566)  loss_fgl_dn_1: 1.1851 (1.1851)  loss_ddf_dn_1: 0.0060 (0.0060)  loss_vfl_dn_2: 0.3804 (0.3804)  loss_bbox_dn_2: 0.0315 (0.0315)  loss_giou_dn_2: 0.3521 (0.3521)  loss_fgl_dn_2: 1.1801 (1.1801)  loss_ddf_dn_2: -0.0000 (0.0000)  loss_vfl_dn_pre: 0.4644 (0.4644)  loss_bbox_dn_pre: 0.0413 (0.0413)  loss_giou_dn_pre: 0.4534 (0.4534)  time: 0.5228  data: 0.2291  max mem: 8696
Epoch: [23/30]  [44/45]  eta: 0:00:00  lr: 0.000100  loss: 17.8420 (17.9002)  loss_vfl: 0.4374 (0.4450)  loss_bbox: 0.0332 (0.0361)  loss_giou: 0.4051 (0.4119)  loss_fgl: 1.2142 (1.2115)  loss_vfl_aux_0: 0.8468 (0.8020)  loss_bbox_aux_0: 0.0446 (0.0471)  loss_giou_aux_0: 0.5315 (0.5379)  loss_fgl_aux_0: 1.2465 (1.2422)  loss_ddf_aux_0: 0.2308 (0.2436)  loss_vfl_aux_1: 0.4673 (0.4796)  loss_bbox_aux_1: 0.0339 (0.0375)  loss_giou_aux_1: 0.4203 (0.4250)  loss_fgl_aux_1: 1.2157 (1.2136)  loss_ddf_aux_1: 0.0330 (0.0316)  loss_vfl_pre: 0.8364 (0.7971)  loss_bbox_pre: 0.0444 (0.0475)  loss_giou_pre: 0.5258 (0.5362)  loss_vfl_enc_0: 0.6878 (0.7368)  loss_bbox_enc_0: 0.1318 (0.1448)  loss_giou_enc_0: 1.2643 (1.2619)  loss_vfl_dn_0: 0.4576 (0.4627)  loss_bbox_dn_0: 0.0369 (0.0370)  loss_giou_dn_0: 0.4510 (0.4515)  loss_fgl_dn_0: 1.2537 (1.2571)  loss_ddf_dn_0: 0.2220 (0.2243)  loss_vfl_dn_1: 0.3772 (0.3799)  loss_bbox_dn_1: 0.0261 (0.0264)  loss_giou_dn_1: 0.3266 (0.3319)  loss_fgl_dn_1: 1.1754 (1.1753)  loss_ddf_dn_1: 0.0087 (0.0086)  loss_vfl_dn_2: 0.3753 (0.3770)  loss_bbox_dn_2: 0.0259 (0.0262)  loss_giou_dn_2: 0.3268 (0.3297)  loss_fgl_dn_2: 1.1736 (1.1736)  loss_ddf_dn_2: -0.0000 (0.0000)  loss_vfl_dn_pre: 0.4587 (0.4625)  loss_bbox_dn_pre: 0.0368 (0.0370)  loss_giou_dn_pre: 0.4496 (0.4506)  time: 0.2951  data: 0.0114  max mem: 8696
Epoch: [23/30] Total time: 0:00:13 (0.3030 s / it)
Averaged stats: lr: 0.000100  loss: 17.8420 (17.9002)  loss_vfl: 0.4374 (0.4450)  loss_bbox: 0.0332 (0.0361)  loss_giou: 0.4051 (0.4119)  loss_fgl: 1.2142 (1.2115)  loss_vfl_aux_0: 0.8468 (0.8020)  loss_bbox_aux_0: 0.0446 (0.0471)  loss_giou_aux_0: 0.5315 (0.5379)  loss_fgl_aux_0: 1.2465 (1.2422)  loss_ddf_aux_0: 0.2308 (0.2436)  loss_vfl_aux_1: 0.4673 (0.4796)  loss_bbox_aux_1: 0.0339 (0.0375)  loss_giou_aux_1: 0.4203 (0.4250)  loss_fgl_aux_1: 1.2157 (1.2136)  loss_ddf_aux_1: 0.0330 (0.0316)  loss_vfl_pre: 0.8364 (0.7971)  loss_bbox_pre: 0.0444 (0.0475)  loss_giou_pre: 0.5258 (0.5362)  loss_vfl_enc_0: 0.6878 (0.7368)  loss_bbox_enc_0: 0.1318 (0.1448)  loss_giou_enc_0: 1.2643 (1.2619)  loss_vfl_dn_0: 0.4576 (0.4627)  loss_bbox_dn_0: 0.0369 (0.0370)  loss_giou_dn_0: 0.4510 (0.4515)  loss_fgl_dn_0: 1.2537 (1.2571)  loss_ddf_dn_0: 0.2220 (0.2243)  loss_vfl_dn_1: 0.3772 (0.3799)  loss_bbox_dn_1: 0.0261 (0.0264)  loss_giou_dn_1: 0.3266 (0.3319)  loss_fgl_dn_1: 1.1754 (1.1753)  loss_ddf_dn_1: 0.0087 (0.0086)  loss_vfl_dn_2: 0.3753 (0.3770)  loss_bbox_dn_2: 0.0259 (0.0262)  loss_giou_dn_2: 0.3268 (0.3297)  loss_fgl_dn_2: 1.1736 (1.1736)  loss_ddf_dn_2: -0.0000 (0.0000)  loss_vfl_dn_pre: 0.4587 (0.4625)  loss_bbox_dn_pre: 0.0368 (0.0370)  loss_giou_dn_pre: 0.4496 (0.4506)
Test:  [0/8]  eta: 0:00:02    time: 0.3075  data: 0.2310  max mem: 8696
Test:  [7/8]  eta: 0:00:00    time: 0.1401  data: 0.0407  max mem: 8696
Test: Total time: 0:00:01 (0.1454 s / it)
Metrics: {'f1': 0.8129032258064516, 'precision': 0.75, 'recall': 0.8873239436619719, 'iou': 0.4932937809954519, 'TPs': 126, 'FPs': 42, 'FNs': 16}
Averaged stats: 
Accumulating evaluation results...
COCOeval_opt.accumulate() finished...
DONE (t=0.01s).
IoU metric: bbox
 Average Precision  (AP) @[ IoU=0.50:0.95 | area=   all | maxDets=100 ] = 0.348
 Average Precision  (AP) @[ IoU=0.50      | area=   all | maxDets=100 ] = 0.884
 Average Precision  (AP) @[ IoU=0.75      | area=   all | maxDets=100 ] = 0.155
 Average Precision  (AP) @[ IoU=0.50:0.95 | area= small | maxDets=100 ] = 0.348
 Average Precision  (AP) @[ IoU=0.50:0.95 | area=medium | maxDets=100 ] = -1.000
 Average Precision  (AP) @[ IoU=0.50:0.95 | area= large | maxDets=100 ] = -1.000
 Average Recall     (AR) @[ IoU=0.50:0.95 | area=   all | maxDets=  1 ] = 0.213
 Average Recall     (AR) @[ IoU=0.50:0.95 | area=   all | maxDets= 10 ] = 0.496
 Average Recall     (AR) @[ IoU=0.50:0.95 | area=   all | maxDets=100 ] = 0.564
 Average Recall     (AR) @[ IoU=0.50:0.95 | area= small | maxDets=100 ] = 0.564
 Average Recall     (AR) @[ IoU=0.50:0.95 | area=medium | maxDets=100 ] = -1.000
 Average Recall     (AR) @[ IoU=0.50:0.95 | area= large | maxDets=100 ] = -1.000
 Average Recall     (AR) @[ IoU=0.50      | area=   all | maxDets=100 ] = 0.986
 Average Recall     (AR) @[ IoU=0.75      | area=   all | maxDets=100 ] = 0.599
best_stat: {'epoch': 18, 'coco_eval_bbox': 0.35807567198485696}
Epoch: [24/30]  [ 0/45]  eta: 0:00:23  lr: 0.000010  loss: 16.9236 (16.9236)  loss_vfl: 0.3842 (0.3842)  loss_bbox: 0.0305 (0.0305)  loss_giou: 0.3361 (0.3361)  loss_fgl: 1.2077 (1.2077)  loss_vfl_aux_0: 0.8139 (0.8139)  loss_bbox_aux_0: 0.0359 (0.0359)  loss_giou_aux_0: 0.4051 (0.4051)  loss_fgl_aux_0: 1.2584 (1.2584)  loss_ddf_aux_0: 0.2129 (0.2129)  loss_vfl_aux_1: 0.4051 (0.4051)  loss_bbox_aux_1: 0.0303 (0.0303)  loss_giou_aux_1: 0.3374 (0.3374)  loss_fgl_aux_1: 1.2111 (1.2111)  loss_ddf_aux_1: 0.0328 (0.0328)  loss_vfl_pre: 0.8167 (0.8167)  loss_bbox_pre: 0.0364 (0.0364)  loss_giou_pre: 0.4070 (0.4070)  loss_vfl_enc_0: 0.7007 (0.7007)  loss_bbox_enc_0: 0.1244 (0.1244)  loss_giou_enc_0: 1.3209 (1.3209)  loss_vfl_dn_0: 0.4477 (0.4477)  loss_bbox_dn_0: 0.0329 (0.0329)  loss_giou_dn_0: 0.3840 (0.3840)  loss_fgl_dn_0: 1.2447 (1.2447)  loss_ddf_dn_0: 0.2492 (0.2492)  loss_vfl_dn_1: 0.3489 (0.3489)  loss_bbox_dn_1: 0.0237 (0.0237)  loss_giou_dn_1: 0.2783 (0.2783)  loss_fgl_dn_1: 1.1414 (1.1414)  loss_ddf_dn_1: 0.0101 (0.0101)  loss_vfl_dn_2: 0.3472 (0.3472)  loss_bbox_dn_2: 0.0237 (0.0237)  loss_giou_dn_2: 0.2769 (0.2769)  loss_fgl_dn_2: 1.1426 (1.1426)  loss_ddf_dn_2: -0.0000 (0.0000)  loss_vfl_dn_pre: 0.4486 (0.4486)  loss_bbox_dn_pre: 0.0329 (0.0329)  loss_giou_dn_pre: 0.3835 (0.3835)  time: 0.5235  data: 0.2267  max mem: 8696
Epoch: [24/30]  [44/45]  eta: 0:00:00  lr: 0.000010  loss: 17.0959 (17.4118)  loss_vfl: 0.3943 (0.4183)  loss_bbox: 0.0287 (0.0342)  loss_giou: 0.3301 (0.3756)  loss_fgl: 1.1797 (1.1836)  loss_vfl_aux_0: 0.8439 (0.8695)  loss_bbox_aux_0: 0.0374 (0.0450)  loss_giou_aux_0: 0.4377 (0.4870)  loss_fgl_aux_0: 1.2416 (1.2351)  loss_ddf_aux_0: 0.2083 (0.2127)  loss_vfl_aux_1: 0.4595 (0.4696)  loss_bbox_aux_1: 0.0294 (0.0351)  loss_giou_aux_1: 0.3390 (0.3826)  loss_fgl_aux_1: 1.1852 (1.1880)  loss_ddf_aux_1: 0.0307 (0.0319)  loss_vfl_pre: 0.8419 (0.8637)  loss_bbox_pre: 0.0374 (0.0455)  loss_giou_pre: 0.4319 (0.4859)  loss_vfl_enc_0: 0.8363 (0.8284)  loss_bbox_enc_0: 0.1171 (0.1319)  loss_giou_enc_0: 1.1805 (1.2213)  loss_vfl_dn_0: 0.4468 (0.4509)  loss_bbox_dn_0: 0.0312 (0.0334)  loss_giou_dn_0: 0.3983 (0.4066)  loss_fgl_dn_0: 1.2274 (1.2364)  loss_ddf_dn_0: 0.2070 (0.2200)  loss_vfl_dn_1: 0.3543 (0.3608)  loss_bbox_dn_1: 0.0219 (0.0229)  loss_giou_dn_1: 0.2798 (0.2913)  loss_fgl_dn_1: 1.1276 (1.1403)  loss_ddf_dn_1: 0.0074 (0.0083)  loss_vfl_dn_2: 0.3504 (0.3556)  loss_bbox_dn_2: 0.0216 (0.0226)  loss_giou_dn_2: 0.2749 (0.2883)  loss_fgl_dn_2: 1.1236 (1.1377)  loss_ddf_dn_2: -0.0000 (0.0000)  loss_vfl_dn_pre: 0.4477 (0.4516)  loss_bbox_dn_pre: 0.0312 (0.0334)  loss_giou_dn_pre: 0.3978 (0.4069)  time: 0.2961  data: 0.0114  max mem: 8696
Epoch: [24/30] Total time: 0:00:13 (0.3034 s / it)
Averaged stats: lr: 0.000010  loss: 17.0959 (17.4118)  loss_vfl: 0.3943 (0.4183)  loss_bbox: 0.0287 (0.0342)  loss_giou: 0.3301 (0.3756)  loss_fgl: 1.1797 (1.1836)  loss_vfl_aux_0: 0.8439 (0.8695)  loss_bbox_aux_0: 0.0374 (0.0450)  loss_giou_aux_0: 0.4377 (0.4870)  loss_fgl_aux_0: 1.2416 (1.2351)  loss_ddf_aux_0: 0.2083 (0.2127)  loss_vfl_aux_1: 0.4595 (0.4696)  loss_bbox_aux_1: 0.0294 (0.0351)  loss_giou_aux_1: 0.3390 (0.3826)  loss_fgl_aux_1: 1.1852 (1.1880)  loss_ddf_aux_1: 0.0307 (0.0319)  loss_vfl_pre: 0.8419 (0.8637)  loss_bbox_pre: 0.0374 (0.0455)  loss_giou_pre: 0.4319 (0.4859)  loss_vfl_enc_0: 0.8363 (0.8284)  loss_bbox_enc_0: 0.1171 (0.1319)  loss_giou_enc_0: 1.1805 (1.2213)  loss_vfl_dn_0: 0.4468 (0.4509)  loss_bbox_dn_0: 0.0312 (0.0334)  loss_giou_dn_0: 0.3983 (0.4066)  loss_fgl_dn_0: 1.2274 (1.2364)  loss_ddf_dn_0: 0.2070 (0.2200)  loss_vfl_dn_1: 0.3543 (0.3608)  loss_bbox_dn_1: 0.0219 (0.0229)  loss_giou_dn_1: 0.2798 (0.2913)  loss_fgl_dn_1: 1.1276 (1.1403)  loss_ddf_dn_1: 0.0074 (0.0083)  loss_vfl_dn_2: 0.3504 (0.3556)  loss_bbox_dn_2: 0.0216 (0.0226)  loss_giou_dn_2: 0.2749 (0.2883)  loss_fgl_dn_2: 1.1236 (1.1377)  loss_ddf_dn_2: -0.0000 (0.0000)  loss_vfl_dn_pre: 0.4477 (0.4516)  loss_bbox_dn_pre: 0.0312 (0.0334)  loss_giou_dn_pre: 0.3978 (0.4069)
Test:  [0/8]  eta: 0:00:02    time: 0.3375  data: 0.2598  max mem: 8696
Test:  [7/8]  eta: 0:00:00    time: 0.1214  data: 0.0445  max mem: 8696
Test: Total time: 0:00:01 (0.1258 s / it)
Metrics: {'f1': 0.8143322475570032, 'precision': 0.7575757575757576, 'recall': 0.8802816901408451, 'iou': 0.4939018943152585, 'TPs': 125, 'FPs': 40, 'FNs': 17}
Averaged stats: 
Accumulating evaluation results...
COCOeval_opt.accumulate() finished...
DONE (t=0.01s).
IoU metric: bbox
 Average Precision  (AP) @[ IoU=0.50:0.95 | area=   all | maxDets=100 ] = 0.337
 Average Precision  (AP) @[ IoU=0.50      | area=   all | maxDets=100 ] = 0.853
 Average Precision  (AP) @[ IoU=0.75      | area=   all | maxDets=100 ] = 0.127
 Average Precision  (AP) @[ IoU=0.50:0.95 | area= small | maxDets=100 ] = 0.337
 Average Precision  (AP) @[ IoU=0.50:0.95 | area=medium | maxDets=100 ] = -1.000
 Average Precision  (AP) @[ IoU=0.50:0.95 | area= large | maxDets=100 ] = -1.000
 Average Recall     (AR) @[ IoU=0.50:0.95 | area=   all | maxDets=  1 ] = 0.213
 Average Recall     (AR) @[ IoU=0.50:0.95 | area=   all | maxDets= 10 ] = 0.492
 Average Recall     (AR) @[ IoU=0.50:0.95 | area=   all | maxDets=100 ] = 0.556
 Average Recall     (AR) @[ IoU=0.50:0.95 | area= small | maxDets=100 ] = 0.556
 Average Recall     (AR) @[ IoU=0.50:0.95 | area=medium | maxDets=100 ] = -1.000
 Average Recall     (AR) @[ IoU=0.50:0.95 | area= large | maxDets=100 ] = -1.000
 Average Recall     (AR) @[ IoU=0.50      | area=   all | maxDets=100 ] = 0.972
 Average Recall     (AR) @[ IoU=0.75      | area=   all | maxDets=100 ] = 0.563
best_stat: {'epoch': 18, 'coco_eval_bbox': 0.35807567198485696}
Epoch: [25/30]  [ 0/45]  eta: 0:00:23  lr: 0.000010  loss: 16.9571 (16.9571)  loss_vfl: 0.4099 (0.4099)  loss_bbox: 0.0244 (0.0244)  loss_giou: 0.2905 (0.2905)  loss_fgl: 1.1674 (1.1674)  loss_vfl_aux_0: 1.0133 (1.0133)  loss_bbox_aux_0: 0.0335 (0.0335)  loss_giou_aux_0: 0.3921 (0.3921)  loss_fgl_aux_0: 1.2423 (1.2423)  loss_ddf_aux_0: 0.2098 (0.2098)  loss_vfl_aux_1: 0.4205 (0.4205)  loss_bbox_aux_1: 0.0249 (0.0249)  loss_giou_aux_1: 0.2972 (0.2972)  loss_fgl_aux_1: 1.1726 (1.1726)  loss_ddf_aux_1: 0.0273 (0.0273)  loss_vfl_pre: 1.0037 (1.0037)  loss_bbox_pre: 0.0333 (0.0333)  loss_giou_pre: 0.3918 (0.3918)  loss_vfl_enc_0: 0.8208 (0.8208)  loss_bbox_enc_0: 0.1104 (0.1104)  loss_giou_enc_0: 1.1423 (1.1423)  loss_vfl_dn_0: 0.4462 (0.4462)  loss_bbox_dn_0: 0.0312 (0.0312)  loss_giou_dn_0: 0.3801 (0.3801)  loss_fgl_dn_0: 1.2283 (1.2283)  loss_ddf_dn_0: 0.2559 (0.2559)  loss_vfl_dn_1: 0.3519 (0.3519)  loss_bbox_dn_1: 0.0214 (0.0214)  loss_giou_dn_1: 0.2717 (0.2717)  loss_fgl_dn_1: 1.1232 (1.1232)  loss_ddf_dn_1: 0.0092 (0.0092)  loss_vfl_dn_2: 0.3466 (0.3466)  loss_bbox_dn_2: 0.0210 (0.0210)  loss_giou_dn_2: 0.2663 (0.2663)  loss_fgl_dn_2: 1.1201 (1.1201)  loss_ddf_dn_2: -0.0000 (0.0000)  loss_vfl_dn_pre: 0.4467 (0.4467)  loss_bbox_dn_pre: 0.0312 (0.0312)  loss_giou_dn_pre: 0.3785 (0.3785)  time: 0.5283  data: 0.2343  max mem: 8696
Epoch: [25/30]  [44/45]  eta: 0:00:00  lr: 0.000010  loss: 17.1568 (17.1114)  loss_vfl: 0.3832 (0.4022)  loss_bbox: 0.0284 (0.0314)  loss_giou: 0.3582 (0.3477)  loss_fgl: 1.1756 (1.1712)  loss_vfl_aux_0: 0.8312 (0.8717)  loss_bbox_aux_0: 0.0392 (0.0427)  loss_giou_aux_0: 0.4685 (0.4698)  loss_fgl_aux_0: 1.2445 (1.2340)  loss_ddf_aux_0: 0.2189 (0.2123)  loss_vfl_aux_1: 0.4407 (0.4454)  loss_bbox_aux_1: 0.0287 (0.0323)  loss_giou_aux_1: 0.3532 (0.3573)  loss_fgl_aux_1: 1.1787 (1.1755)  loss_ddf_aux_1: 0.0263 (0.0287)  loss_vfl_pre: 0.8182 (0.8655)  loss_bbox_pre: 0.0397 (0.0431)  loss_giou_pre: 0.4647 (0.4665)  loss_vfl_enc_0: 0.7597 (0.8026)  loss_bbox_enc_0: 0.1398 (0.1391)  loss_giou_enc_0: 1.2748 (1.2415)  loss_vfl_dn_0: 0.4518 (0.4470)  loss_bbox_dn_0: 0.0310 (0.0318)  loss_giou_dn_0: 0.3906 (0.3891)  loss_fgl_dn_0: 1.2338 (1.2354)  loss_ddf_dn_0: 0.2152 (0.2189)  loss_vfl_dn_1: 0.3472 (0.3492)  loss_bbox_dn_1: 0.0207 (0.0215)  loss_giou_dn_1: 0.2712 (0.2740)  loss_fgl_dn_1: 1.1162 (1.1263)  loss_ddf_dn_1: 0.0070 (0.0077)  loss_vfl_dn_2: 0.3431 (0.3449)  loss_bbox_dn_2: 0.0204 (0.0213)  loss_giou_dn_2: 0.2696 (0.2707)  loss_fgl_dn_2: 1.1134 (1.1235)  loss_ddf_dn_2: -0.0000 (0.0000)  loss_vfl_dn_pre: 0.4526 (0.4477)  loss_bbox_dn_pre: 0.0311 (0.0319)  loss_giou_dn_pre: 0.3921 (0.3897)  time: 0.2958  data: 0.0114  max mem: 8696
Epoch: [25/30] Total time: 0:00:13 (0.3039 s / it)
Averaged stats: lr: 0.000010  loss: 17.1568 (17.1114)  loss_vfl: 0.3832 (0.4022)  loss_bbox: 0.0284 (0.0314)  loss_giou: 0.3582 (0.3477)  loss_fgl: 1.1756 (1.1712)  loss_vfl_aux_0: 0.8312 (0.8717)  loss_bbox_aux_0: 0.0392 (0.0427)  loss_giou_aux_0: 0.4685 (0.4698)  loss_fgl_aux_0: 1.2445 (1.2340)  loss_ddf_aux_0: 0.2189 (0.2123)  loss_vfl_aux_1: 0.4407 (0.4454)  loss_bbox_aux_1: 0.0287 (0.0323)  loss_giou_aux_1: 0.3532 (0.3573)  loss_fgl_aux_1: 1.1787 (1.1755)  loss_ddf_aux_1: 0.0263 (0.0287)  loss_vfl_pre: 0.8182 (0.8655)  loss_bbox_pre: 0.0397 (0.0431)  loss_giou_pre: 0.4647 (0.4665)  loss_vfl_enc_0: 0.7597 (0.8026)  loss_bbox_enc_0: 0.1398 (0.1391)  loss_giou_enc_0: 1.2748 (1.2415)  loss_vfl_dn_0: 0.4518 (0.4470)  loss_bbox_dn_0: 0.0310 (0.0318)  loss_giou_dn_0: 0.3906 (0.3891)  loss_fgl_dn_0: 1.2338 (1.2354)  loss_ddf_dn_0: 0.2152 (0.2189)  loss_vfl_dn_1: 0.3472 (0.3492)  loss_bbox_dn_1: 0.0207 (0.0215)  loss_giou_dn_1: 0.2712 (0.2740)  loss_fgl_dn_1: 1.1162 (1.1263)  loss_ddf_dn_1: 0.0070 (0.0077)  loss_vfl_dn_2: 0.3431 (0.3449)  loss_bbox_dn_2: 0.0204 (0.0213)  loss_giou_dn_2: 0.2696 (0.2707)  loss_fgl_dn_2: 1.1134 (1.1235)  loss_ddf_dn_2: -0.0000 (0.0000)  loss_vfl_dn_pre: 0.4526 (0.4477)  loss_bbox_dn_pre: 0.0311 (0.0319)  loss_giou_dn_pre: 0.3921 (0.3897)
Test:  [0/8]  eta: 0:00:02    time: 0.3205  data: 0.2428  max mem: 8696
Test:  [7/8]  eta: 0:00:00    time: 0.1404  data: 0.0406  max mem: 8696
Test: Total time: 0:00:01 (0.1443 s / it)
Metrics: {'f1': 0.8262295081967213, 'precision': 0.7730061349693251, 'recall': 0.8873239436619719, 'iou': 0.5056339855300648, 'TPs': 126, 'FPs': 37, 'FNs': 16}
Averaged stats: 
Accumulating evaluation results...
COCOeval_opt.accumulate() finished...
DONE (t=0.01s).
IoU metric: bbox
 Average Precision  (AP) @[ IoU=0.50:0.95 | area=   all | maxDets=100 ] = 0.347
 Average Precision  (AP) @[ IoU=0.50      | area=   all | maxDets=100 ] = 0.865
 Average Precision  (AP) @[ IoU=0.75      | area=   all | maxDets=100 ] = 0.135
 Average Precision  (AP) @[ IoU=0.50:0.95 | area= small | maxDets=100 ] = 0.347
 Average Precision  (AP) @[ IoU=0.50:0.95 | area=medium | maxDets=100 ] = -1.000
 Average Precision  (AP) @[ IoU=0.50:0.95 | area= large | maxDets=100 ] = -1.000
 Average Recall     (AR) @[ IoU=0.50:0.95 | area=   all | maxDets=  1 ] = 0.225
 Average Recall     (AR) @[ IoU=0.50:0.95 | area=   all | maxDets= 10 ] = 0.489
 Average Recall     (AR) @[ IoU=0.50:0.95 | area=   all | maxDets=100 ] = 0.568
 Average Recall     (AR) @[ IoU=0.50:0.95 | area= small | maxDets=100 ] = 0.568
 Average Recall     (AR) @[ IoU=0.50:0.95 | area=medium | maxDets=100 ] = -1.000
 Average Recall     (AR) @[ IoU=0.50:0.95 | area= large | maxDets=100 ] = -1.000
 Average Recall     (AR) @[ IoU=0.50      | area=   all | maxDets=100 ] = 0.979
 Average Recall     (AR) @[ IoU=0.75      | area=   all | maxDets=100 ] = 0.577
best_stat: {'epoch': 18, 'coco_eval_bbox': 0.35807567198485696}
Epoch: [26/30]  [ 0/45]  eta: 0:00:23  lr: 0.000010  loss: 16.3735 (16.3735)  loss_vfl: 0.3806 (0.3806)  loss_bbox: 0.0264 (0.0264)  loss_giou: 0.3039 (0.3039)  loss_fgl: 1.1738 (1.1738)  loss_vfl_aux_0: 0.7409 (0.7409)  loss_bbox_aux_0: 0.0373 (0.0373)  loss_giou_aux_0: 0.4333 (0.4333)  loss_fgl_aux_0: 1.2621 (1.2621)  loss_ddf_aux_0: 0.2329 (0.2329)  loss_vfl_aux_1: 0.4087 (0.4087)  loss_bbox_aux_1: 0.0253 (0.0253)  loss_giou_aux_1: 0.2868 (0.2868)  loss_fgl_aux_1: 1.1769 (1.1769)  loss_ddf_aux_1: 0.0295 (0.0295)  loss_vfl_pre: 0.7377 (0.7377)  loss_bbox_pre: 0.0374 (0.0374)  loss_giou_pre: 0.4341 (0.4341)  loss_vfl_enc_0: 0.6462 (0.6462)  loss_bbox_enc_0: 0.1326 (0.1326)  loss_giou_enc_0: 1.3447 (1.3447)  loss_vfl_dn_0: 0.4390 (0.4390)  loss_bbox_dn_0: 0.0293 (0.0293)  loss_giou_dn_0: 0.3717 (0.3717)  loss_fgl_dn_0: 1.2303 (1.2303)  loss_ddf_dn_0: 0.2264 (0.2264)  loss_vfl_dn_1: 0.3242 (0.3242)  loss_bbox_dn_1: 0.0189 (0.0189)  loss_giou_dn_1: 0.2458 (0.2458)  loss_fgl_dn_1: 1.1054 (1.1054)  loss_ddf_dn_1: 0.0077 (0.0077)  loss_vfl_dn_2: 0.3225 (0.3225)  loss_bbox_dn_2: 0.0185 (0.0185)  loss_giou_dn_2: 0.2409 (0.2409)  loss_fgl_dn_2: 1.1003 (1.1003)  loss_ddf_dn_2: -0.0000 (0.0000)  loss_vfl_dn_pre: 0.4397 (0.4397)  loss_bbox_dn_pre: 0.0295 (0.0295)  loss_giou_dn_pre: 0.3722 (0.3722)  time: 0.5328  data: 0.2362  max mem: 8696
Epoch: [26/30]  [44/45]  eta: 0:00:00  lr: 0.000010  loss: 17.3637 (17.4744)  loss_vfl: 0.3769 (0.4053)  loss_bbox: 0.0314 (0.0428)  loss_giou: 0.3509 (0.4069)  loss_fgl: 1.1407 (1.1291)  loss_vfl_aux_0: 0.8453 (0.8358)  loss_bbox_aux_0: 0.0472 (0.0579)  loss_giou_aux_0: 0.5295 (0.5762)  loss_fgl_aux_0: 1.2110 (1.1992)  loss_ddf_aux_0: 0.2363 (0.2400)  loss_vfl_aux_1: 0.4052 (0.4478)  loss_bbox_aux_1: 0.0303 (0.0436)  loss_giou_aux_1: 0.3744 (0.4240)  loss_fgl_aux_1: 1.1440 (1.1312)  loss_ddf_aux_1: 0.0296 (0.0296)  loss_vfl_pre: 0.8393 (0.8380)  loss_bbox_pre: 0.0487 (0.0580)  loss_giou_pre: 0.5330 (0.5685)  loss_vfl_enc_0: 0.5542 (0.6167)  loss_bbox_enc_0: 0.1624 (0.1804)  loss_giou_enc_0: 1.5743 (1.5271)  loss_vfl_dn_0: 0.4452 (0.4483)  loss_bbox_dn_0: 0.0312 (0.0318)  loss_giou_dn_0: 0.3799 (0.3865)  loss_fgl_dn_0: 1.2310 (1.2388)  loss_ddf_dn_0: 0.2417 (0.2367)  loss_vfl_dn_1: 0.3429 (0.3456)  loss_bbox_dn_1: 0.0210 (0.0212)  loss_giou_dn_1: 0.2682 (0.2674)  loss_fgl_dn_1: 1.1197 (1.1200)  loss_ddf_dn_1: 0.0092 (0.0086)  loss_vfl_dn_2: 0.3408 (0.3418)  loss_bbox_dn_2: 0.0212 (0.0210)  loss_giou_dn_2: 0.2634 (0.2644)  loss_fgl_dn_2: 1.1144 (1.1169)  loss_ddf_dn_2: -0.0000 (0.0000)  loss_vfl_dn_pre: 0.4450 (0.4486)  loss_bbox_dn_pre: 0.0312 (0.0318)  loss_giou_dn_pre: 0.3791 (0.3868)  time: 0.2964  data: 0.0121  max mem: 8696
Epoch: [26/30] Total time: 0:00:13 (0.3032 s / it)
Averaged stats: lr: 0.000010  loss: 17.3637 (17.4744)  loss_vfl: 0.3769 (0.4053)  loss_bbox: 0.0314 (0.0428)  loss_giou: 0.3509 (0.4069)  loss_fgl: 1.1407 (1.1291)  loss_vfl_aux_0: 0.8453 (0.8358)  loss_bbox_aux_0: 0.0472 (0.0579)  loss_giou_aux_0: 0.5295 (0.5762)  loss_fgl_aux_0: 1.2110 (1.1992)  loss_ddf_aux_0: 0.2363 (0.2400)  loss_vfl_aux_1: 0.4052 (0.4478)  loss_bbox_aux_1: 0.0303 (0.0436)  loss_giou_aux_1: 0.3744 (0.4240)  loss_fgl_aux_1: 1.1440 (1.1312)  loss_ddf_aux_1: 0.0296 (0.0296)  loss_vfl_pre: 0.8393 (0.8380)  loss_bbox_pre: 0.0487 (0.0580)  loss_giou_pre: 0.5330 (0.5685)  loss_vfl_enc_0: 0.5542 (0.6167)  loss_bbox_enc_0: 0.1624 (0.1804)  loss_giou_enc_0: 1.5743 (1.5271)  loss_vfl_dn_0: 0.4452 (0.4483)  loss_bbox_dn_0: 0.0312 (0.0318)  loss_giou_dn_0: 0.3799 (0.3865)  loss_fgl_dn_0: 1.2310 (1.2388)  loss_ddf_dn_0: 0.2417 (0.2367)  loss_vfl_dn_1: 0.3429 (0.3456)  loss_bbox_dn_1: 0.0210 (0.0212)  loss_giou_dn_1: 0.2682 (0.2674)  loss_fgl_dn_1: 1.1197 (1.1200)  loss_ddf_dn_1: 0.0092 (0.0086)  loss_vfl_dn_2: 0.3408 (0.3418)  loss_bbox_dn_2: 0.0212 (0.0210)  loss_giou_dn_2: 0.2634 (0.2644)  loss_fgl_dn_2: 1.1144 (1.1169)  loss_ddf_dn_2: -0.0000 (0.0000)  loss_vfl_dn_pre: 0.4450 (0.4486)  loss_bbox_dn_pre: 0.0312 (0.0318)  loss_giou_dn_pre: 0.3791 (0.3868)
Test:  [0/8]  eta: 0:00:02    time: 0.3159  data: 0.2388  max mem: 8696
Test:  [7/8]  eta: 0:00:00    time: 0.1205  data: 0.0425  max mem: 8696
Test: Total time: 0:00:01 (0.1264 s / it)
Metrics: {'f1': 0.7987220447284346, 'precision': 0.7309941520467836, 'recall': 0.8802816901408451, 'iou': 0.4767567445623114, 'TPs': 125, 'FPs': 46, 'FNs': 17}
Averaged stats: 
Accumulating evaluation results...
COCOeval_opt.accumulate() finished...
DONE (t=0.01s).
IoU metric: bbox
 Average Precision  (AP) @[ IoU=0.50:0.95 | area=   all | maxDets=100 ] = 0.356
 Average Precision  (AP) @[ IoU=0.50      | area=   all | maxDets=100 ] = 0.885
 Average Precision  (AP) @[ IoU=0.75      | area=   all | maxDets=100 ] = 0.138
 Average Precision  (AP) @[ IoU=0.50:0.95 | area= small | maxDets=100 ] = 0.356
 Average Precision  (AP) @[ IoU=0.50:0.95 | area=medium | maxDets=100 ] = -1.000
 Average Precision  (AP) @[ IoU=0.50:0.95 | area= large | maxDets=100 ] = -1.000
 Average Recall     (AR) @[ IoU=0.50:0.95 | area=   all | maxDets=  1 ] = 0.217
 Average Recall     (AR) @[ IoU=0.50:0.95 | area=   all | maxDets= 10 ] = 0.483
 Average Recall     (AR) @[ IoU=0.50:0.95 | area=   all | maxDets=100 ] = 0.546
 Average Recall     (AR) @[ IoU=0.50:0.95 | area= small | maxDets=100 ] = 0.546
 Average Recall     (AR) @[ IoU=0.50:0.95 | area=medium | maxDets=100 ] = -1.000
 Average Recall     (AR) @[ IoU=0.50:0.95 | area= large | maxDets=100 ] = -1.000
 Average Recall     (AR) @[ IoU=0.50      | area=   all | maxDets=100 ] = 0.965
 Average Recall     (AR) @[ IoU=0.75      | area=   all | maxDets=100 ] = 0.570
best_stat: {'epoch': 18, 'coco_eval_bbox': 0.35807567198485696}
Epoch: [27/30]  [ 0/45]  eta: 0:00:23  lr: 0.000010  loss: 17.7369 (17.7369)  loss_vfl: 0.3558 (0.3558)  loss_bbox: 0.0529 (0.0529)  loss_giou: 0.4831 (0.4831)  loss_fgl: 1.0983 (1.0983)  loss_vfl_aux_0: 0.9456 (0.9456)  loss_bbox_aux_0: 0.0643 (0.0643)  loss_giou_aux_0: 0.6227 (0.6227)  loss_fgl_aux_0: 1.1525 (1.1525)  loss_ddf_aux_0: 0.2065 (0.2065)  loss_vfl_aux_1: 0.3904 (0.3904)  loss_bbox_aux_1: 0.0506 (0.0506)  loss_giou_aux_1: 0.4810 (0.4810)  loss_fgl_aux_1: 1.1109 (1.1109)  loss_ddf_aux_1: 0.0302 (0.0302)  loss_vfl_pre: 0.9460 (0.9460)  loss_bbox_pre: 0.0636 (0.0636)  loss_giou_pre: 0.6222 (0.6222)  loss_vfl_enc_0: 0.5336 (0.5336)  loss_bbox_enc_0: 0.1691 (0.1691)  loss_giou_enc_0: 1.6666 (1.6666)  loss_vfl_dn_0: 0.4460 (0.4460)  loss_bbox_dn_0: 0.0338 (0.0338)  loss_giou_dn_0: 0.3822 (0.3822)  loss_fgl_dn_0: 1.2278 (1.2278)  loss_ddf_dn_0: 0.2678 (0.2678)  loss_vfl_dn_1: 0.3468 (0.3468)  loss_bbox_dn_1: 0.0222 (0.0222)  loss_giou_dn_1: 0.2684 (0.2684)  loss_fgl_dn_1: 1.0988 (1.0988)  loss_ddf_dn_1: 0.0114 (0.0114)  loss_vfl_dn_2: 0.3441 (0.3441)  loss_bbox_dn_2: 0.0220 (0.0220)  loss_giou_dn_2: 0.2650 (0.2650)  loss_fgl_dn_2: 1.0943 (1.0943)  loss_ddf_dn_2: -0.0000 (0.0000)  loss_vfl_dn_pre: 0.4454 (0.4454)  loss_bbox_dn_pre: 0.0337 (0.0337)  loss_giou_dn_pre: 0.3811 (0.3811)  time: 0.5243  data: 0.2277  max mem: 8696
Epoch: [27/30]  [44/45]  eta: 0:00:00  lr: 0.000010  loss: 17.7873 (18.1305)  loss_vfl: 0.4041 (0.4167)  loss_bbox: 0.0370 (0.0624)  loss_giou: 0.4218 (0.5199)  loss_fgl: 1.0546 (1.0567)  loss_vfl_aux_0: 0.8027 (0.7893)  loss_bbox_aux_0: 0.0702 (0.0899)  loss_giou_aux_0: 0.7037 (0.7514)  loss_fgl_aux_0: 1.1296 (1.1230)  loss_ddf_aux_0: 0.3072 (0.2829)  loss_vfl_aux_1: 0.4469 (0.4525)  loss_bbox_aux_1: 0.0466 (0.0643)  loss_giou_aux_1: 0.4493 (0.5417)  loss_fgl_aux_1: 1.0533 (1.0633)  loss_ddf_aux_1: 0.0375 (0.0360)  loss_vfl_pre: 0.7971 (0.7876)  loss_bbox_pre: 0.0723 (0.0932)  loss_giou_pre: 0.6696 (0.7357)  loss_vfl_enc_0: 0.4174 (0.4644)  loss_bbox_enc_0: 0.2241 (0.2607)  loss_giou_enc_0: 1.8320 (1.8282)  loss_vfl_dn_0: 0.4498 (0.4538)  loss_bbox_dn_0: 0.0291 (0.0316)  loss_giou_dn_0: 0.3774 (0.3854)  loss_fgl_dn_0: 1.2340 (1.2346)  loss_ddf_dn_0: 0.2686 (0.2594)  loss_vfl_dn_1: 0.3407 (0.3426)  loss_bbox_dn_1: 0.0189 (0.0209)  loss_giou_dn_1: 0.2573 (0.2637)  loss_fgl_dn_1: 1.1112 (1.1103)  loss_ddf_dn_1: 0.0115 (0.0102)  loss_vfl_dn_2: 0.3357 (0.3389)  loss_bbox_dn_2: 0.0187 (0.0206)  loss_giou_dn_2: 0.2524 (0.2605)  loss_fgl_dn_2: 1.1034 (1.1068)  loss_ddf_dn_2: -0.0000 (0.0000)  loss_vfl_dn_pre: 0.4511 (0.4539)  loss_bbox_dn_pre: 0.0292 (0.0317)  loss_giou_dn_pre: 0.3771 (0.3858)  time: 0.2972  data: 0.0116  max mem: 8696
Epoch: [27/30] Total time: 0:00:13 (0.3059 s / it)
Averaged stats: lr: 0.000010  loss: 17.7873 (18.1305)  loss_vfl: 0.4041 (0.4167)  loss_bbox: 0.0370 (0.0624)  loss_giou: 0.4218 (0.5199)  loss_fgl: 1.0546 (1.0567)  loss_vfl_aux_0: 0.8027 (0.7893)  loss_bbox_aux_0: 0.0702 (0.0899)  loss_giou_aux_0: 0.7037 (0.7514)  loss_fgl_aux_0: 1.1296 (1.1230)  loss_ddf_aux_0: 0.3072 (0.2829)  loss_vfl_aux_1: 0.4469 (0.4525)  loss_bbox_aux_1: 0.0466 (0.0643)  loss_giou_aux_1: 0.4493 (0.5417)  loss_fgl_aux_1: 1.0533 (1.0633)  loss_ddf_aux_1: 0.0375 (0.0360)  loss_vfl_pre: 0.7971 (0.7876)  loss_bbox_pre: 0.0723 (0.0932)  loss_giou_pre: 0.6696 (0.7357)  loss_vfl_enc_0: 0.4174 (0.4644)  loss_bbox_enc_0: 0.2241 (0.2607)  loss_giou_enc_0: 1.8320 (1.8282)  loss_vfl_dn_0: 0.4498 (0.4538)  loss_bbox_dn_0: 0.0291 (0.0316)  loss_giou_dn_0: 0.3774 (0.3854)  loss_fgl_dn_0: 1.2340 (1.2346)  loss_ddf_dn_0: 0.2686 (0.2594)  loss_vfl_dn_1: 0.3407 (0.3426)  loss_bbox_dn_1: 0.0189 (0.0209)  loss_giou_dn_1: 0.2573 (0.2637)  loss_fgl_dn_1: 1.1112 (1.1103)  loss_ddf_dn_1: 0.0115 (0.0102)  loss_vfl_dn_2: 0.3357 (0.3389)  loss_bbox_dn_2: 0.0187 (0.0206)  loss_giou_dn_2: 0.2524 (0.2605)  loss_fgl_dn_2: 1.1034 (1.1068)  loss_ddf_dn_2: -0.0000 (0.0000)  loss_vfl_dn_pre: 0.4511 (0.4539)  loss_bbox_dn_pre: 0.0292 (0.0317)  loss_giou_dn_pre: 0.3771 (0.3858)
Test:  [0/8]  eta: 0:00:02    time: 0.3069  data: 0.2303  max mem: 8696
Test:  [7/8]  eta: 0:00:00    time: 0.1400  data: 0.0410  max mem: 8696
Test: Total time: 0:00:01 (0.1442 s / it)
Metrics: {'f1': 0.8220064724919094, 'precision': 0.7604790419161677, 'recall': 0.8943661971830986, 'iou': 0.5023617089449705, 'TPs': 127, 'FPs': 40, 'FNs': 15}
Averaged stats: 
Accumulating evaluation results...
COCOeval_opt.accumulate() finished...
DONE (t=0.01s).
IoU metric: bbox
 Average Precision  (AP) @[ IoU=0.50:0.95 | area=   all | maxDets=100 ] = 0.350
 Average Precision  (AP) @[ IoU=0.50      | area=   all | maxDets=100 ] = 0.872
 Average Precision  (AP) @[ IoU=0.75      | area=   all | maxDets=100 ] = 0.141
 Average Precision  (AP) @[ IoU=0.50:0.95 | area= small | maxDets=100 ] = 0.350
 Average Precision  (AP) @[ IoU=0.50:0.95 | area=medium | maxDets=100 ] = -1.000
 Average Precision  (AP) @[ IoU=0.50:0.95 | area= large | maxDets=100 ] = -1.000
 Average Recall     (AR) @[ IoU=0.50:0.95 | area=   all | maxDets=  1 ] = 0.211
 Average Recall     (AR) @[ IoU=0.50:0.95 | area=   all | maxDets= 10 ] = 0.492
 Average Recall     (AR) @[ IoU=0.50:0.95 | area=   all | maxDets=100 ] = 0.551
 Average Recall     (AR) @[ IoU=0.50:0.95 | area= small | maxDets=100 ] = 0.551
 Average Recall     (AR) @[ IoU=0.50:0.95 | area=medium | maxDets=100 ] = -1.000
 Average Recall     (AR) @[ IoU=0.50:0.95 | area= large | maxDets=100 ] = -1.000
 Average Recall     (AR) @[ IoU=0.50      | area=   all | maxDets=100 ] = 0.958
 Average Recall     (AR) @[ IoU=0.75      | area=   all | maxDets=100 ] = 0.563
best_stat: {'epoch': 18, 'coco_eval_bbox': 0.35807567198485696}
Epoch: [28/30]  [ 0/45]  eta: 0:00:23  lr: 0.000010  loss: 19.4423 (19.4423)  loss_vfl: 0.4390 (0.4390)  loss_bbox: 0.0959 (0.0959)  loss_giou: 0.6308 (0.6308)  loss_fgl: 1.0128 (1.0128)  loss_vfl_aux_0: 0.9148 (0.9148)  loss_bbox_aux_0: 0.1246 (0.1246)  loss_giou_aux_0: 0.8844 (0.8844)  loss_fgl_aux_0: 1.0983 (1.0983)  loss_ddf_aux_0: 0.2738 (0.2738)  loss_vfl_aux_1: 0.4643 (0.4643)  loss_bbox_aux_1: 0.0965 (0.0965)  loss_giou_aux_1: 0.6427 (0.6427)  loss_fgl_aux_1: 0.9926 (0.9926)  loss_ddf_aux_1: 0.0267 (0.0267)  loss_vfl_pre: 0.9435 (0.9435)  loss_bbox_pre: 0.1385 (0.1385)  loss_giou_pre: 0.8733 (0.8733)  loss_vfl_enc_0: 0.4621 (0.4621)  loss_bbox_enc_0: 0.3450 (0.3450)  loss_giou_enc_0: 1.9684 (1.9684)  loss_vfl_dn_0: 0.4723 (0.4723)  loss_bbox_dn_0: 0.0358 (0.0358)  loss_giou_dn_0: 0.4148 (0.4148)  loss_fgl_dn_0: 1.2731 (1.2731)  loss_ddf_dn_0: 0.2933 (0.2933)  loss_vfl_dn_1: 0.3579 (0.3579)  loss_bbox_dn_1: 0.0227 (0.0227)  loss_giou_dn_1: 0.2836 (0.2836)  loss_fgl_dn_1: 1.1246 (1.1246)  loss_ddf_dn_1: 0.0105 (0.0105)  loss_vfl_dn_2: 0.3585 (0.3585)  loss_bbox_dn_2: 0.0231 (0.0231)  loss_giou_dn_2: 0.2880 (0.2880)  loss_fgl_dn_2: 1.1299 (1.1299)  loss_ddf_dn_2: -0.0000 (0.0000)  loss_vfl_dn_pre: 0.4721 (0.4721)  loss_bbox_dn_pre: 0.0360 (0.0360)  loss_giou_dn_pre: 0.4182 (0.4182)  time: 0.5188  data: 0.2253  max mem: 8696
Epoch: [28/30]  [44/45]  eta: 0:00:00  lr: 0.000010  loss: 18.0442 (18.2504)  loss_vfl: 0.4275 (0.4319)  loss_bbox: 0.0467 (0.0616)  loss_giou: 0.4191 (0.4984)  loss_fgl: 1.0180 (1.0485)  loss_vfl_aux_0: 0.7781 (0.7760)  loss_bbox_aux_0: 0.0907 (0.0962)  loss_giou_aux_0: 0.6660 (0.7626)  loss_fgl_aux_0: 1.0675 (1.1156)  loss_ddf_aux_0: 0.3987 (0.3601)  loss_vfl_aux_1: 0.4700 (0.4515)  loss_bbox_aux_1: 0.0573 (0.0633)  loss_giou_aux_1: 0.4685 (0.5390)  loss_fgl_aux_1: 0.9894 (1.0492)  loss_ddf_aux_1: 0.0443 (0.0426)  loss_vfl_pre: 0.7754 (0.7714)  loss_bbox_pre: 0.0972 (0.0969)  loss_giou_pre: 0.6460 (0.7589)  loss_vfl_enc_0: 0.3860 (0.4152)  loss_bbox_enc_0: 0.2853 (0.3068)  loss_giou_enc_0: 1.8636 (1.9188)  loss_vfl_dn_0: 0.4442 (0.4503)  loss_bbox_dn_0: 0.0295 (0.0311)  loss_giou_dn_0: 0.3728 (0.3796)  loss_fgl_dn_0: 1.2236 (1.2352)  loss_ddf_dn_0: 0.2825 (0.2849)  loss_vfl_dn_1: 0.3357 (0.3381)  loss_bbox_dn_1: 0.0199 (0.0202)  loss_giou_dn_1: 0.2560 (0.2568)  loss_fgl_dn_1: 1.1070 (1.1051)  loss_ddf_dn_1: 0.0115 (0.0123)  loss_vfl_dn_2: 0.3354 (0.3361)  loss_bbox_dn_2: 0.0198 (0.0200)  loss_giou_dn_2: 0.2520 (0.2535)  loss_fgl_dn_2: 1.1038 (1.1012)  loss_ddf_dn_2: -0.0000 (0.0000)  loss_vfl_dn_pre: 0.4450 (0.4506)  loss_bbox_dn_pre: 0.0294 (0.0311)  loss_giou_dn_pre: 0.3745 (0.3798)  time: 0.2956  data: 0.0122  max mem: 8696
Epoch: [28/30] Total time: 0:00:13 (0.3032 s / it)
Averaged stats: lr: 0.000010  loss: 18.0442 (18.2504)  loss_vfl: 0.4275 (0.4319)  loss_bbox: 0.0467 (0.0616)  loss_giou: 0.4191 (0.4984)  loss_fgl: 1.0180 (1.0485)  loss_vfl_aux_0: 0.7781 (0.7760)  loss_bbox_aux_0: 0.0907 (0.0962)  loss_giou_aux_0: 0.6660 (0.7626)  loss_fgl_aux_0: 1.0675 (1.1156)  loss_ddf_aux_0: 0.3987 (0.3601)  loss_vfl_aux_1: 0.4700 (0.4515)  loss_bbox_aux_1: 0.0573 (0.0633)  loss_giou_aux_1: 0.4685 (0.5390)  loss_fgl_aux_1: 0.9894 (1.0492)  loss_ddf_aux_1: 0.0443 (0.0426)  loss_vfl_pre: 0.7754 (0.7714)  loss_bbox_pre: 0.0972 (0.0969)  loss_giou_pre: 0.6460 (0.7589)  loss_vfl_enc_0: 0.3860 (0.4152)  loss_bbox_enc_0: 0.2853 (0.3068)  loss_giou_enc_0: 1.8636 (1.9188)  loss_vfl_dn_0: 0.4442 (0.4503)  loss_bbox_dn_0: 0.0295 (0.0311)  loss_giou_dn_0: 0.3728 (0.3796)  loss_fgl_dn_0: 1.2236 (1.2352)  loss_ddf_dn_0: 0.2825 (0.2849)  loss_vfl_dn_1: 0.3357 (0.3381)  loss_bbox_dn_1: 0.0199 (0.0202)  loss_giou_dn_1: 0.2560 (0.2568)  loss_fgl_dn_1: 1.1070 (1.1051)  loss_ddf_dn_1: 0.0115 (0.0123)  loss_vfl_dn_2: 0.3354 (0.3361)  loss_bbox_dn_2: 0.0198 (0.0200)  loss_giou_dn_2: 0.2520 (0.2535)  loss_fgl_dn_2: 1.1038 (1.1012)  loss_ddf_dn_2: -0.0000 (0.0000)  loss_vfl_dn_pre: 0.4450 (0.4506)  loss_bbox_dn_pre: 0.0294 (0.0311)  loss_giou_dn_pre: 0.3745 (0.3798)
Test:  [0/8]  eta: 0:00:02    time: 0.3204  data: 0.2431  max mem: 8696
Test:  [7/8]  eta: 0:00:00    time: 0.1211  data: 0.0438  max mem: 8696
Test: Total time: 0:00:01 (0.1260 s / it)
Metrics: {'f1': 0.8273615635179152, 'precision': 0.7696969696969697, 'recall': 0.8943661971830986, 'iou': 0.5089594893985324, 'TPs': 127, 'FPs': 38, 'FNs': 15}
Averaged stats: 
Accumulating evaluation results...
COCOeval_opt.accumulate() finished...
DONE (t=0.01s).
IoU metric: bbox
 Average Precision  (AP) @[ IoU=0.50:0.95 | area=   all | maxDets=100 ] = 0.351
 Average Precision  (AP) @[ IoU=0.50      | area=   all | maxDets=100 ] = 0.869
 Average Precision  (AP) @[ IoU=0.75      | area=   all | maxDets=100 ] = 0.147
 Average Precision  (AP) @[ IoU=0.50:0.95 | area= small | maxDets=100 ] = 0.351
 Average Precision  (AP) @[ IoU=0.50:0.95 | area=medium | maxDets=100 ] = -1.000
 Average Precision  (AP) @[ IoU=0.50:0.95 | area= large | maxDets=100 ] = -1.000
 Average Recall     (AR) @[ IoU=0.50:0.95 | area=   all | maxDets=  1 ] = 0.216
 Average Recall     (AR) @[ IoU=0.50:0.95 | area=   all | maxDets= 10 ] = 0.494
 Average Recall     (AR) @[ IoU=0.50:0.95 | area=   all | maxDets=100 ] = 0.563
 Average Recall     (AR) @[ IoU=0.50:0.95 | area= small | maxDets=100 ] = 0.563
 Average Recall     (AR) @[ IoU=0.50:0.95 | area=medium | maxDets=100 ] = -1.000
 Average Recall     (AR) @[ IoU=0.50:0.95 | area= large | maxDets=100 ] = -1.000
 Average Recall     (AR) @[ IoU=0.50      | area=   all | maxDets=100 ] = 0.965
 Average Recall     (AR) @[ IoU=0.75      | area=   all | maxDets=100 ] = 0.577
best_stat: {'epoch': 18, 'coco_eval_bbox': 0.35807567198485696}
Epoch: [29/30]  [ 0/45]  eta: 0:00:23  lr: 0.000010  loss: 18.0737 (18.0737)  loss_vfl: 0.3984 (0.3984)  loss_bbox: 0.0612 (0.0612)  loss_giou: 0.4641 (0.4641)  loss_fgl: 1.0771 (1.0771)  loss_vfl_aux_0: 0.9918 (0.9918)  loss_bbox_aux_0: 0.0977 (0.0977)  loss_giou_aux_0: 0.6764 (0.6764)  loss_fgl_aux_0: 1.1128 (1.1128)  loss_ddf_aux_0: 0.2989 (0.2989)  loss_vfl_aux_1: 0.4389 (0.4389)  loss_bbox_aux_1: 0.0688 (0.0688)  loss_giou_aux_1: 0.5186 (0.5186)  loss_fgl_aux_1: 1.0601 (1.0601)  loss_ddf_aux_1: 0.0350 (0.0350)  loss_vfl_pre: 0.9936 (0.9936)  loss_bbox_pre: 0.0800 (0.0800)  loss_giou_pre: 0.6425 (0.6425)  loss_vfl_enc_0: 0.4922 (0.4922)  loss_bbox_enc_0: 0.3053 (0.3053)  loss_giou_enc_0: 1.8370 (1.8370)  loss_vfl_dn_0: 0.4485 (0.4485)  loss_bbox_dn_0: 0.0291 (0.0291)  loss_giou_dn_0: 0.3441 (0.3441)  loss_fgl_dn_0: 1.1974 (1.1974)  loss_ddf_dn_0: 0.2478 (0.2478)  loss_vfl_dn_1: 0.3255 (0.3255)  loss_bbox_dn_1: 0.0196 (0.0196)  loss_giou_dn_1: 0.2401 (0.2401)  loss_fgl_dn_1: 1.0791 (1.0791)  loss_ddf_dn_1: 0.0107 (0.0107)  loss_vfl_dn_2: 0.3244 (0.3244)  loss_bbox_dn_2: 0.0195 (0.0195)  loss_giou_dn_2: 0.2387 (0.2387)  loss_fgl_dn_2: 1.0774 (1.0774)  loss_ddf_dn_2: -0.0000 (0.0000)  loss_vfl_dn_pre: 0.4485 (0.4485)  loss_bbox_dn_pre: 0.0291 (0.0291)  loss_giou_dn_pre: 0.3442 (0.3442)  time: 0.5326  data: 0.2309  max mem: 8696
Epoch: [29/30]  [44/45]  eta: 0:00:00  lr: 0.000010  loss: 17.0449 (17.4702)  loss_vfl: 0.3737 (0.4015)  loss_bbox: 0.0311 (0.0386)  loss_giou: 0.3558 (0.3764)  loss_fgl: 1.0975 (1.0961)  loss_vfl_aux_0: 0.8426 (0.8460)  loss_bbox_aux_0: 0.0485 (0.0597)  loss_giou_aux_0: 0.5594 (0.5812)  loss_fgl_aux_0: 1.2053 (1.1861)  loss_ddf_aux_0: 0.3819 (0.3785)  loss_vfl_aux_1: 0.4133 (0.4312)  loss_bbox_aux_1: 0.0336 (0.0406)  loss_giou_aux_1: 0.3698 (0.4031)  loss_fgl_aux_1: 1.1127 (1.0975)  loss_ddf_aux_1: 0.0389 (0.0395)  loss_vfl_pre: 0.8323 (0.8376)  loss_bbox_pre: 0.0505 (0.0604)  loss_giou_pre: 0.5528 (0.5852)  loss_vfl_enc_0: 0.5087 (0.4688)  loss_bbox_enc_0: 0.1864 (0.2318)  loss_giou_enc_0: 1.6080 (1.6891)  loss_vfl_dn_0: 0.4453 (0.4481)  loss_bbox_dn_0: 0.0300 (0.0308)  loss_giou_dn_0: 0.3634 (0.3757)  loss_fgl_dn_0: 1.2283 (1.2311)  loss_ddf_dn_0: 0.2915 (0.2850)  loss_vfl_dn_1: 0.3273 (0.3329)  loss_bbox_dn_1: 0.0191 (0.0197)  loss_giou_dn_1: 0.2430 (0.2499)  loss_fgl_dn_1: 1.0865 (1.0937)  loss_ddf_dn_1: 0.0122 (0.0120)  loss_vfl_dn_2: 0.3254 (0.3306)  loss_bbox_dn_2: 0.0189 (0.0195)  loss_giou_dn_2: 0.2367 (0.2467)  loss_fgl_dn_2: 1.0823 (1.0898)  loss_ddf_dn_2: -0.0000 (0.0000)  loss_vfl_dn_pre: 0.4472 (0.4487)  loss_bbox_dn_pre: 0.0303 (0.0308)  loss_giou_dn_pre: 0.3633 (0.3761)  time: 0.3006  data: 0.0118  max mem: 8696
Epoch: [29/30] Total time: 0:00:13 (0.3064 s / it)
Averaged stats: lr: 0.000010  loss: 17.0449 (17.4702)  loss_vfl: 0.3737 (0.4015)  loss_bbox: 0.0311 (0.0386)  loss_giou: 0.3558 (0.3764)  loss_fgl: 1.0975 (1.0961)  loss_vfl_aux_0: 0.8426 (0.8460)  loss_bbox_aux_0: 0.0485 (0.0597)  loss_giou_aux_0: 0.5594 (0.5812)  loss_fgl_aux_0: 1.2053 (1.1861)  loss_ddf_aux_0: 0.3819 (0.3785)  loss_vfl_aux_1: 0.4133 (0.4312)  loss_bbox_aux_1: 0.0336 (0.0406)  loss_giou_aux_1: 0.3698 (0.4031)  loss_fgl_aux_1: 1.1127 (1.0975)  loss_ddf_aux_1: 0.0389 (0.0395)  loss_vfl_pre: 0.8323 (0.8376)  loss_bbox_pre: 0.0505 (0.0604)  loss_giou_pre: 0.5528 (0.5852)  loss_vfl_enc_0: 0.5087 (0.4688)  loss_bbox_enc_0: 0.1864 (0.2318)  loss_giou_enc_0: 1.6080 (1.6891)  loss_vfl_dn_0: 0.4453 (0.4481)  loss_bbox_dn_0: 0.0300 (0.0308)  loss_giou_dn_0: 0.3634 (0.3757)  loss_fgl_dn_0: 1.2283 (1.2311)  loss_ddf_dn_0: 0.2915 (0.2850)  loss_vfl_dn_1: 0.3273 (0.3329)  loss_bbox_dn_1: 0.0191 (0.0197)  loss_giou_dn_1: 0.2430 (0.2499)  loss_fgl_dn_1: 1.0865 (1.0937)  loss_ddf_dn_1: 0.0122 (0.0120)  loss_vfl_dn_2: 0.3254 (0.3306)  loss_bbox_dn_2: 0.0189 (0.0195)  loss_giou_dn_2: 0.2367 (0.2467)  loss_fgl_dn_2: 1.0823 (1.0898)  loss_ddf_dn_2: -0.0000 (0.0000)  loss_vfl_dn_pre: 0.4472 (0.4487)  loss_bbox_dn_pre: 0.0303 (0.0308)  loss_giou_dn_pre: 0.3633 (0.3761)
Test:  [0/8]  eta: 0:00:02    time: 0.3056  data: 0.2270  max mem: 8696
Test:  [7/8]  eta: 0:00:00    time: 0.1400  data: 0.0407  max mem: 8696
Test: Total time: 0:00:01 (0.1445 s / it)
Metrics: {'f1': 0.8193548387096774, 'precision': 0.7559523809523809, 'recall': 0.8943661971830986, 'iou': 0.49901042023643116, 'TPs': 127, 'FPs': 41, 'FNs': 15}
Averaged stats: 
Accumulating evaluation results...
COCOeval_opt.accumulate() finished...
DONE (t=0.01s).
IoU metric: bbox
 Average Precision  (AP) @[ IoU=0.50:0.95 | area=   all | maxDets=100 ] = 0.349
 Average Precision  (AP) @[ IoU=0.50      | area=   all | maxDets=100 ] = 0.863
 Average Precision  (AP) @[ IoU=0.75      | area=   all | maxDets=100 ] = 0.167
 Average Precision  (AP) @[ IoU=0.50:0.95 | area= small | maxDets=100 ] = 0.350
 Average Precision  (AP) @[ IoU=0.50:0.95 | area=medium | maxDets=100 ] = -1.000
 Average Precision  (AP) @[ IoU=0.50:0.95 | area= large | maxDets=100 ] = -1.000
 Average Recall     (AR) @[ IoU=0.50:0.95 | area=   all | maxDets=  1 ] = 0.211
 Average Recall     (AR) @[ IoU=0.50:0.95 | area=   all | maxDets= 10 ] = 0.487
 Average Recall     (AR) @[ IoU=0.50:0.95 | area=   all | maxDets=100 ] = 0.549
 Average Recall     (AR) @[ IoU=0.50:0.95 | area= small | maxDets=100 ] = 0.549
 Average Recall     (AR) @[ IoU=0.50:0.95 | area=medium | maxDets=100 ] = -1.000
 Average Recall     (AR) @[ IoU=0.50:0.95 | area= large | maxDets=100 ] = -1.000
 Average Recall     (AR) @[ IoU=0.50      | area=   all | maxDets=100 ] = 0.958
 Average Recall     (AR) @[ IoU=0.75      | area=   all | maxDets=100 ] = 0.585
best_stat: {'epoch': 18, 'coco_eval_bbox': 0.35807567198485696}
Training time 0:07:50
