Not init distributed mode.
cfg: 
{'_collate_fn': None,
 '_criterion': None,
 '_ema': None,
 '_evaluator': None,
 '_lr_scheduler': None,
 '_lr_warmup_scheduler': None,
 '_model': None,
 '_optimizer': None,
 '_postprocessor': None,
 '_scaler': None,
 '_train_batch_size': None,
 '_train_dataloader': None,
 '_train_dataset': None,
 '_train_shuffle': None,
 '_val_batch_size': None,
 '_val_dataloader': None,
 '_val_dataset': None,
 '_val_shuffle': None,
 '_writer': None,
 'batch_size': None,
 'checkpoint_freq': 30,
 'clip_max_norm': 0.1,
 'device': 'cuda:0',
 'ema_decay': 0.9999,
 'ema_warmups': 2000,
 'epochs': 30,
 'find_unused_parameters': False,
 'last_epoch': -1,
 'num_workers': 0,
 'output_dir': '/home/viplab/contest/experiments/kamp_ablation_v3/runs/dfine_G01_seed20260929',
 'print_freq': 45,
 'resume': None,
 'seed': 20260929,
 'summary_dir': None,
 'sync_bn': False,
 'task': 'detection',
 'tuning': '/home/viplab/contest/experiments/kamp_pilot_v1/dfine_s_init.pth',
 'use_amp': False,
 'use_ema': True,
 'yaml_cfg': {'DFINE': {'backbone': 'HGNetv2',
                        'decoder': 'DFINETransformer',
                        'encoder': 'HybridEncoder'},
              'DFINECriterion': {'alpha': 0.75,
                                 'gamma': 2.0,
                                 'losses': ['vfl', 'boxes', 'local'],
                                 'matcher': {'alpha': 0.25,
                                             'gamma': 2.0,
                                             'type': 'HungarianMatcher',
                                             'weight_dict': {'cost_bbox': 5,
                                                             'cost_class': 2,
                                                             'cost_giou': 2}},
                                 'reg_max': 32,
                                 'weight_dict': {'loss_bbox': 5,
                                                 'loss_ddf': 1.5,
                                                 'loss_fgl': 0.15,
                                                 'loss_giou': 2,
                                                 'loss_vfl': 1}},
              'DFINEPostProcessor': {'num_top_queries': 300},
              'DFINETransformer': {'box_noise_scale': 1.0,
                                   'cross_attn_method': 'default',
                                   'eval_idx': -1,
                                   'feat_channels': [256, 256, 256],
                                   'feat_strides': [8, 16, 32],
                                   'hidden_dim': 256,
                                   'label_noise_ratio': 0.5,
                                   'layer_scale': 1,
                                   'num_denoising': 100,
                                   'num_layers': 3,
                                   'num_levels': 3,
                                   'num_points': [3, 6, 3],
                                   'num_queries': 300,
                                   'query_select_method': 'default',
                                   'reg_max': 32,
                                   'reg_scale': 4},
              'HGNetv2': {'freeze_at': -1,
                          'freeze_norm': False,
                          'local_model_dir': 'weight/hgnetv2/',
                          'name': 'B0',
                          'pretrained': False,
                          'return_idx': [1, 2, 3],
                          'use_lab': True},
              'HybridEncoder': {'act': 'silu',
                                'depth_mult': 0.34,
                                'dim_feedforward': 1024,
                                'dropout': 0.0,
                                'enc_act': 'gelu',
                                'expansion': 0.5,
                                'feat_strides': [8, 16, 32],
                                'hidden_dim': 256,
                                'in_channels': [256, 512, 1024],
                                'nhead': 8,
                                'num_encoder_layers': 1,
                                'use_encoder_idx': [2]},
              '__include__': ['/home/viplab/contest/experiments/kamp_pilot_v1/dfine_s.yml'],
              'checkpoint_freq': 30,
              'clip_max_norm': 0.1,
              'config': '/home/viplab/contest/experiments/kamp_ablation_v3/configs/dfine_G01_seed20260929.yml',
              'criterion': 'DFINECriterion',
              'device': 'cuda:0',
              'ema': {'decay': 0.9999,
                      'start': 0,
                      'type': 'ModelEMA',
                      'warmups': 100},
              'epochs': 30,
              'eval_spatial_size': [640, 640],
              'evaluator': {'iou_types': ['bbox'], 'type': 'CocoEvaluator'},
              'exp_name': 'baseline',
              'find_unused_parameters': False,
              'lr_scheduler': {'gamma': 0.1,
                               'milestones': [24],
                               'type': 'MultiStepLR'},
              'lr_warmup_scheduler': {'type': 'LinearWarmup',
                                      'warmup_duration': 45},
              'model': 'DFINE',
              'num_classes': 1,
              'optimizer': {'betas': [0.9, 0.999],
                            'lr': 0.0002,
                            'params': [{'lr': 0.0001,
                                        'params': '^(?=.*backbone)(?!.*norm|bn).*$'},
                                       {'lr': 0.0001,
                                        'params': '^(?=.*backbone)(?=.*norm|bn).*$',
                                        'weight_decay': 0.0},
                                       {'params': '^(?=.*(?:encoder|decoder))(?=.*(?:norm|bn|bias)).*$',
                                        'weight_decay': 0.0}],
                            'type': 'AdamW',
                            'weight_decay': 0.0001},
              'output_dir': '/home/viplab/contest/experiments/kamp_ablation_v3/runs/dfine_G01_seed20260929',
              'postprocessor': 'DFINEPostProcessor',
              'print_freq': 45,
              'print_method': 'builtin',
              'print_rank': 0,
              'project_name': 'D-FINE',
              'remap_mscoco_category': False,
              'scaler': {'enabled': True, 'type': 'GradScaler'},
              'seed': 20260929,
              'sync_bn': False,
              'task': 'detection',
              'test_only': False,
              'train_dataloader': {'collate_fn': {'base_size': 640,
                                                  'base_size_repeat': None,
                                                  'ema_restart_decay': 0.9999,
                                                  'stop_epoch': 1000,
                                                  'type': 'BatchImageCollateFunction'},
                                   'dataset': {'ann_file': '/home/viplab/contest/data/processed/kamp500_telea_v1_640/annotations/train.json',
                                               'img_folder': '/home/viplab/contest/data/processed/kamp500_telea_v1_640/images/train',
                                               'return_masks': False,
                                               'transforms': {'ops': [{'dtype': 'float32',
                                                                       'scale': True,
                                                                       'type': 'ConvertPILImage'},
                                                                      {'fmt': 'cxcywh',
                                                                       'normalize': True,
                                                                       'type': 'ConvertBoxes'}],
                                                              'policy': {'epoch': 1000,
                                                                         'name': 'stop_epoch',
                                                                         'ops': ['RandomPhotometricDistort',
                                                                                 'RandomZoomOut',
                                                                                 'RandomIoUCrop']},
                                                              'type': 'Compose'},
                                               'type': 'CocoDetection'},
                                   'drop_last': False,
                                   'num_workers': 2,
                                   'shuffle': True,
                                   'total_batch_size': 8,
                                   'type': 'DataLoader'},
              'tuning': '/home/viplab/contest/experiments/kamp_pilot_v1/dfine_s_init.pth',
              'use_amp': False,
              'use_ema': True,
              'use_focal_loss': True,
              'use_wandb': False,
              'val_dataloader': {'collate_fn': {'type': 'BatchImageCollateFunction'},
                                 'dataset': {'ann_file': '/home/viplab/contest/data/processed/kamp500_telea_v1_640/annotations/val.json',
                                             'img_folder': '/home/viplab/contest/data/processed/kamp500_telea_v1_640/images/val',
                                             'return_masks': False,
                                             'transforms': {'ops': [{'dtype': 'float32',
                                                                     'scale': True,
                                                                     'type': 'ConvertPILImage'}],
                                                            'type': 'Compose'},
                                             'type': 'CocoDetection'},
                                 'drop_last': False,
                                 'num_workers': 2,
                                 'shuffle': False,
                                 'total_batch_size': 8,
                                 'type': 'DataLoader'}}}
Tuning checkpoint from /home/viplab/contest/experiments/kamp_pilot_v1/dfine_s_init.pth
/home/viplab/contest/models/D-FINE/src/solver/_solver.py:254: UserWarning: Environment variable TORCH_FORCE_NO_WEIGHTS_ONLY_LOAD detected, since the`weights_only` argument was not explicitly passed to `torch.load`, forcing weights_only=False.
  state = torch.load(path, map_location="cpu")
Load model.state_dict, {'missed': [], 'unmatched': []}
Initial lr: [0.0001, 0.0001, 0.0002, 0.0002]
building train_dataloader with batch_size=8...
building val_dataloader with batch_size=8...

------------------------------------- Calculate Flops Results -------------------------------------
Notations:
number of parameters (Params), number of multiply-accumulate operations(MACs),
number of floating-point operations (FLOPs), floating-point operations per second (FLOPS),
fwd FLOPs (model forward propagation FLOPs), bwd FLOPs (model backward propagation FLOPs),
default model backpropagation takes 2.00 times as much computation as forward propagation.

Total Training Params:                                                  10.18 M 
fwd MACs:                                                               12.3563 GMACs
fwd FLOPs:                                                              24.8195 GFLOPS
fwd+bwd MACs:                                                           37.069 GMACs
fwd+bwd FLOPs:                                                          74.4584 GFLOPS
---------------------------------------------------------------------------------------------------
{'Model FLOPs:24.8195 GFLOPS   MACs:12.3563 GMACs   Params:10176661'}
------------------------------------------Start training-------------------------------------------
/home/viplab/contest/models/D-FINE/src/solver/det_engine.py:125: UserWarning: Converting a tensor with requires_grad=True to a scalar may lead to unexpected behavior.
Consider using tensor.detach() first. (Triggered internally at /pytorch/torch/csrc/autograd/generated/python_variable_methods.cpp:836.)
  if not math.isfinite(loss_value):
Epoch: [0/30]  [ 0/45]  eta: 0:00:54  lr: 0.000004  loss: 31.5089 (31.5089)  loss_vfl: 0.0410 (0.0410)  loss_bbox: 1.3735 (1.3735)  loss_giou: 2.5869 (2.5869)  loss_fgl: 0.1037 (0.1037)  loss_vfl_aux_0: 0.0485 (0.0485)  loss_bbox_aux_0: 1.3467 (1.3467)  loss_giou_aux_0: 2.6151 (2.6151)  loss_fgl_aux_0: 0.1066 (0.1066)  loss_ddf_aux_0: 0.0210 (0.0210)  loss_vfl_aux_1: 0.0410 (0.0410)  loss_bbox_aux_1: 1.3718 (1.3718)  loss_giou_aux_1: 2.6027 (2.6027)  loss_fgl_aux_1: 0.1013 (0.1013)  loss_ddf_aux_1: 0.0015 (0.0015)  loss_vfl_pre: 0.0485 (0.0485)  loss_bbox_pre: 1.3485 (1.3485)  loss_giou_pre: 2.6196 (2.6196)  loss_vfl_enc_0: 0.0325 (0.0325)  loss_bbox_enc_0: 1.4201 (1.4201)  loss_giou_enc_0: 2.6133 (2.6133)  loss_vfl_dn_0: 0.2937 (0.2937)  loss_bbox_dn_0: 0.3485 (0.3485)  loss_giou_dn_0: 1.6225 (1.6225)  loss_fgl_dn_0: 0.5715 (0.5715)  loss_ddf_dn_0: 0.0653 (0.0653)  loss_vfl_dn_1: 0.5191 (0.5191)  loss_bbox_dn_1: 0.2160 (0.2160)  loss_giou_dn_1: 1.4458 (1.4458)  loss_fgl_dn_1: 0.7072 (0.7072)  loss_ddf_dn_1: 0.0055 (0.0055)  loss_vfl_dn_2: 0.5024 (0.5024)  loss_bbox_dn_2: 0.2122 (0.2122)  loss_giou_dn_2: 1.4341 (1.4341)  loss_fgl_dn_2: 0.7046 (0.7046)  loss_ddf_dn_2: -0.0000 (0.0000)  loss_vfl_dn_pre: 0.2983 (0.2983)  loss_bbox_dn_pre: 0.3439 (0.3439)  loss_giou_dn_pre: 1.6175 (1.6175)  loss_size: 0.1571 (0.1571)  time: 1.2219  data: 0.2646  max mem: 5094
Epoch: [0/30]  [44/45]  eta: 0:00:00  lr: 0.000100  loss: 29.4039 (31.7780)  loss_vfl: 0.3667 (0.2863)  loss_bbox: 0.4153 (0.9076)  loss_giou: 2.0173 (2.3587)  loss_fgl: 0.5010 (0.3205)  loss_vfl_aux_0: 0.3889 (0.2929)  loss_bbox_aux_0: 0.4762 (0.9591)  loss_giou_aux_0: 2.1689 (2.4494)  loss_fgl_aux_0: 0.3765 (0.2745)  loss_ddf_aux_0: 0.0861 (0.0678)  loss_vfl_aux_1: 0.4922 (0.3565)  loss_bbox_aux_1: 0.4310 (0.9297)  loss_giou_aux_1: 2.0558 (2.3698)  loss_fgl_aux_1: 0.4712 (0.3103)  loss_ddf_aux_1: 0.0099 (0.0069)  loss_vfl_pre: 0.3875 (0.2915)  loss_bbox_pre: 0.5259 (0.9761)  loss_giou_pre: 2.1464 (2.4404)  loss_vfl_enc_0: 0.1368 (0.1373)  loss_bbox_enc_0: 0.8889 (1.1864)  loss_giou_enc_0: 2.2643 (2.5518)  loss_vfl_dn_0: 1.1813 (0.9814)  loss_bbox_dn_0: 0.0887 (0.1610)  loss_giou_dn_0: 1.0193 (1.1754)  loss_fgl_dn_0: 1.0426 (0.9174)  loss_ddf_dn_0: 0.3822 (0.2656)  loss_vfl_dn_1: 1.3876 (1.2175)  loss_bbox_dn_1: 0.0678 (0.1041)  loss_giou_dn_1: 0.7786 (0.9795)  loss_fgl_dn_1: 1.1261 (0.9992)  loss_ddf_dn_1: 0.0140 (0.0111)  loss_vfl_dn_2: 1.0458 (1.0316)  loss_bbox_dn_2: 0.0682 (0.1015)  loss_giou_dn_2: 0.7714 (0.9612)  loss_fgl_dn_2: 1.1309 (1.0057)  loss_ddf_dn_2: -0.0000 (0.0000)  loss_vfl_dn_pre: 1.1948 (0.9772)  loss_bbox_dn_pre: 0.0876 (0.1615)  loss_giou_dn_pre: 1.0147 (1.1747)  loss_size: 0.0362 (0.0790)  time: 0.2700  data: 0.0121  max mem: 5225
Epoch: [0/30] Total time: 0:00:12 (0.2850 s / it)
Averaged stats: lr: 0.000100  loss: 29.4039 (31.7780)  loss_vfl: 0.3667 (0.2863)  loss_bbox: 0.4153 (0.9076)  loss_giou: 2.0173 (2.3587)  loss_fgl: 0.5010 (0.3205)  loss_vfl_aux_0: 0.3889 (0.2929)  loss_bbox_aux_0: 0.4762 (0.9591)  loss_giou_aux_0: 2.1689 (2.4494)  loss_fgl_aux_0: 0.3765 (0.2745)  loss_ddf_aux_0: 0.0861 (0.0678)  loss_vfl_aux_1: 0.4922 (0.3565)  loss_bbox_aux_1: 0.4310 (0.9297)  loss_giou_aux_1: 2.0558 (2.3698)  loss_fgl_aux_1: 0.4712 (0.3103)  loss_ddf_aux_1: 0.0099 (0.0069)  loss_vfl_pre: 0.3875 (0.2915)  loss_bbox_pre: 0.5259 (0.9761)  loss_giou_pre: 2.1464 (2.4404)  loss_vfl_enc_0: 0.1368 (0.1373)  loss_bbox_enc_0: 0.8889 (1.1864)  loss_giou_enc_0: 2.2643 (2.5518)  loss_vfl_dn_0: 1.1813 (0.9814)  loss_bbox_dn_0: 0.0887 (0.1610)  loss_giou_dn_0: 1.0193 (1.1754)  loss_fgl_dn_0: 1.0426 (0.9174)  loss_ddf_dn_0: 0.3822 (0.2656)  loss_vfl_dn_1: 1.3876 (1.2175)  loss_bbox_dn_1: 0.0678 (0.1041)  loss_giou_dn_1: 0.7786 (0.9795)  loss_fgl_dn_1: 1.1261 (0.9992)  loss_ddf_dn_1: 0.0140 (0.0111)  loss_vfl_dn_2: 1.0458 (1.0316)  loss_bbox_dn_2: 0.0682 (0.1015)  loss_giou_dn_2: 0.7714 (0.9612)  loss_fgl_dn_2: 1.1309 (1.0057)  loss_ddf_dn_2: -0.0000 (0.0000)  loss_vfl_dn_pre: 1.1948 (0.9772)  loss_bbox_dn_pre: 0.0876 (0.1615)  loss_giou_dn_pre: 1.0147 (1.1747)  loss_size: 0.0362 (0.0790)
Test:  [0/8]  eta: 0:00:04    time: 0.5512  data: 0.2469  max mem: 5225
Test:  [7/8]  eta: 0:00:00    time: 0.1294  data: 0.0423  max mem: 5225
Test: Total time: 0:00:01 (0.1342 s / it)
Metrics: {'f1': 0, 'precision': 0, 'recall': 0.0, 'iou': 0.0, 'TPs': 0, 'FPs': 0, 'FNs': 142}
Averaged stats: 
Accumulating evaluation results...
COCOeval_opt.accumulate() finished...
DONE (t=0.00s).
IoU metric: bbox
 Average Precision  (AP) @[ IoU=0.50:0.95 | area=   all | maxDets=100 ] = 0.004
 Average Precision  (AP) @[ IoU=0.50      | area=   all | maxDets=100 ] = 0.018
 Average Precision  (AP) @[ IoU=0.75      | area=   all | maxDets=100 ] = 0.001
 Average Precision  (AP) @[ IoU=0.50:0.95 | area= small | maxDets=100 ] = 0.005
 Average Precision  (AP) @[ IoU=0.50:0.95 | area=medium | maxDets=100 ] = -1.000
 Average Precision  (AP) @[ IoU=0.50:0.95 | area= large | maxDets=100 ] = -1.000
 Average Recall     (AR) @[ IoU=0.50:0.95 | area=   all | maxDets=  1 ] = 0.016
 Average Recall     (AR) @[ IoU=0.50:0.95 | area=   all | maxDets= 10 ] = 0.076
 Average Recall     (AR) @[ IoU=0.50:0.95 | area=   all | maxDets=100 ] = 0.091
 Average Recall     (AR) @[ IoU=0.50:0.95 | area= small | maxDets=100 ] = 0.091
 Average Recall     (AR) @[ IoU=0.50:0.95 | area=medium | maxDets=100 ] = -1.000
 Average Recall     (AR) @[ IoU=0.50:0.95 | area= large | maxDets=100 ] = -1.000
 Average Recall     (AR) @[ IoU=0.50      | area=   all | maxDets=100 ] = 0.303
 Average Recall     (AR) @[ IoU=0.75      | area=   all | maxDets=100 ] = 0.035
best_stat: {'epoch': 0, 'coco_eval_bbox': 0.004237548095088689}
Epoch: [1/30]  [ 0/45]  eta: 0:00:23  lr: 0.000100  loss: 27.2833 (27.2833)  loss_vfl: 0.5613 (0.5613)  loss_bbox: 0.2404 (0.2404)  loss_giou: 1.5206 (1.5206)  loss_fgl: 0.6174 (0.6174)  loss_vfl_aux_0: 0.5129 (0.5129)  loss_bbox_aux_0: 0.3311 (0.3311)  loss_giou_aux_0: 1.8195 (1.8195)  loss_fgl_aux_0: 0.4652 (0.4652)  loss_ddf_aux_0: 0.2102 (0.2102)  loss_vfl_aux_1: 0.7100 (0.7100)  loss_bbox_aux_1: 0.2690 (0.2690)  loss_giou_aux_1: 1.5458 (1.5458)  loss_fgl_aux_1: 0.6032 (0.6032)  loss_ddf_aux_1: 0.0246 (0.0246)  loss_vfl_pre: 0.4772 (0.4772)  loss_bbox_pre: 0.3809 (0.3809)  loss_giou_pre: 1.7832 (1.7832)  loss_vfl_enc_0: 0.1971 (0.1971)  loss_bbox_enc_0: 0.7306 (0.7306)  loss_giou_enc_0: 2.0009 (2.0009)  loss_vfl_dn_0: 1.3341 (1.3341)  loss_bbox_dn_0: 0.0781 (0.0781)  loss_giou_dn_0: 0.8524 (0.8524)  loss_fgl_dn_0: 1.1396 (1.1396)  loss_ddf_dn_0: 0.7596 (0.7596)  loss_vfl_dn_1: 1.1080 (1.1080)  loss_bbox_dn_1: 0.0575 (0.0575)  loss_giou_dn_1: 0.7030 (0.7030)  loss_fgl_dn_1: 1.1938 (1.1938)  loss_ddf_dn_1: 0.0339 (0.0339)  loss_vfl_dn_2: 0.7614 (0.7614)  loss_bbox_dn_2: 0.0590 (0.0590)  loss_giou_dn_2: 0.7132 (0.7132)  loss_fgl_dn_2: 1.2037 (1.2037)  loss_ddf_dn_2: -0.0000 (0.0000)  loss_vfl_dn_pre: 1.3314 (1.3314)  loss_bbox_dn_pre: 0.0778 (0.0778)  loss_giou_dn_pre: 0.8532 (0.8532)  loss_size: 0.0224 (0.0224)  time: 0.5297  data: 0.2730  max mem: 5225
Epoch: [1/30]  [44/45]  eta: 0:00:00  lr: 0.000100  loss: 24.5810 (26.5294)  loss_vfl: 0.5712 (0.5342)  loss_bbox: 0.1557 (0.2948)  loss_giou: 1.1768 (1.4949)  loss_fgl: 0.8342 (0.6963)  loss_vfl_aux_0: 0.5561 (0.5005)  loss_bbox_aux_0: 0.2184 (0.3657)  loss_giou_aux_0: 1.5853 (1.8311)  loss_fgl_aux_0: 0.7057 (0.5570)  loss_ddf_aux_0: 0.1920 (0.2676)  loss_vfl_aux_1: 0.5423 (0.5622)  loss_bbox_aux_1: 0.1685 (0.3104)  loss_giou_aux_1: 1.2859 (1.5555)  loss_fgl_aux_1: 0.8248 (0.6784)  loss_ddf_aux_1: 0.0239 (0.0304)  loss_vfl_pre: 0.5222 (0.4806)  loss_bbox_pre: 0.2364 (0.4040)  loss_giou_pre: 1.6006 (1.8176)  loss_vfl_enc_0: 0.1181 (0.1349)  loss_bbox_enc_0: 0.3909 (0.6269)  loss_giou_enc_0: 2.3808 (2.3534)  loss_vfl_dn_0: 0.7755 (1.0091)  loss_bbox_dn_0: 0.0628 (0.0672)  loss_giou_dn_0: 0.7335 (0.7640)  loss_fgl_dn_0: 1.2069 (1.1931)  loss_ddf_dn_0: 0.8187 (1.0103)  loss_vfl_dn_1: 0.5454 (0.6231)  loss_bbox_dn_1: 0.0513 (0.0544)  loss_giou_dn_1: 0.6349 (0.6552)  loss_fgl_dn_1: 1.2186 (1.2189)  loss_ddf_dn_1: 0.0622 (0.0687)  loss_vfl_dn_2: 0.5388 (0.5716)  loss_bbox_dn_2: 0.0530 (0.0550)  loss_giou_dn_2: 0.6366 (0.6564)  loss_fgl_dn_2: 1.2250 (1.2265)  loss_ddf_dn_2: -0.0000 (0.0000)  loss_vfl_dn_pre: 0.7889 (1.0129)  loss_bbox_dn_pre: 0.0626 (0.0673)  loss_giou_dn_pre: 0.7276 (0.7618)  loss_size: 0.0084 (0.0174)  time: 0.2413  data: 0.0116  max mem: 5225
Epoch: [1/30] Total time: 0:00:11 (0.2557 s / it)
Averaged stats: lr: 0.000100  loss: 24.5810 (26.5294)  loss_vfl: 0.5712 (0.5342)  loss_bbox: 0.1557 (0.2948)  loss_giou: 1.1768 (1.4949)  loss_fgl: 0.8342 (0.6963)  loss_vfl_aux_0: 0.5561 (0.5005)  loss_bbox_aux_0: 0.2184 (0.3657)  loss_giou_aux_0: 1.5853 (1.8311)  loss_fgl_aux_0: 0.7057 (0.5570)  loss_ddf_aux_0: 0.1920 (0.2676)  loss_vfl_aux_1: 0.5423 (0.5622)  loss_bbox_aux_1: 0.1685 (0.3104)  loss_giou_aux_1: 1.2859 (1.5555)  loss_fgl_aux_1: 0.8248 (0.6784)  loss_ddf_aux_1: 0.0239 (0.0304)  loss_vfl_pre: 0.5222 (0.4806)  loss_bbox_pre: 0.2364 (0.4040)  loss_giou_pre: 1.6006 (1.8176)  loss_vfl_enc_0: 0.1181 (0.1349)  loss_bbox_enc_0: 0.3909 (0.6269)  loss_giou_enc_0: 2.3808 (2.3534)  loss_vfl_dn_0: 0.7755 (1.0091)  loss_bbox_dn_0: 0.0628 (0.0672)  loss_giou_dn_0: 0.7335 (0.7640)  loss_fgl_dn_0: 1.2069 (1.1931)  loss_ddf_dn_0: 0.8187 (1.0103)  loss_vfl_dn_1: 0.5454 (0.6231)  loss_bbox_dn_1: 0.0513 (0.0544)  loss_giou_dn_1: 0.6349 (0.6552)  loss_fgl_dn_1: 1.2186 (1.2189)  loss_ddf_dn_1: 0.0622 (0.0687)  loss_vfl_dn_2: 0.5388 (0.5716)  loss_bbox_dn_2: 0.0530 (0.0550)  loss_giou_dn_2: 0.6366 (0.6564)  loss_fgl_dn_2: 1.2250 (1.2265)  loss_ddf_dn_2: -0.0000 (0.0000)  loss_vfl_dn_pre: 0.7889 (1.0129)  loss_bbox_dn_pre: 0.0626 (0.0673)  loss_giou_dn_pre: 0.7276 (0.7618)  loss_size: 0.0084 (0.0174)
Test:  [0/8]  eta: 0:00:02    time: 0.2933  data: 0.2376  max mem: 5225
Test:  [7/8]  eta: 0:00:00    time: 0.1217  data: 0.0420  max mem: 5225
Test: Total time: 0:00:01 (0.1270 s / it)
Metrics: {'f1': 0.33636363636363636, 'precision': 0.47435897435897434, 'recall': 0.2605633802816901, 'iou': 0.14195730158540068, 'TPs': 37, 'FPs': 41, 'FNs': 105}
Averaged stats: 
Accumulating evaluation results...
COCOeval_opt.accumulate() finished...
DONE (t=0.01s).
IoU metric: bbox
 Average Precision  (AP) @[ IoU=0.50:0.95 | area=   all | maxDets=100 ] = 0.108
 Average Precision  (AP) @[ IoU=0.50      | area=   all | maxDets=100 ] = 0.283
 Average Precision  (AP) @[ IoU=0.75      | area=   all | maxDets=100 ] = 0.039
 Average Precision  (AP) @[ IoU=0.50:0.95 | area= small | maxDets=100 ] = 0.108
 Average Precision  (AP) @[ IoU=0.50:0.95 | area=medium | maxDets=100 ] = -1.000
 Average Precision  (AP) @[ IoU=0.50:0.95 | area= large | maxDets=100 ] = -1.000
 Average Recall     (AR) @[ IoU=0.50:0.95 | area=   all | maxDets=  1 ] = 0.123
 Average Recall     (AR) @[ IoU=0.50:0.95 | area=   all | maxDets= 10 ] = 0.236
 Average Recall     (AR) @[ IoU=0.50:0.95 | area=   all | maxDets=100 ] = 0.257
 Average Recall     (AR) @[ IoU=0.50:0.95 | area= small | maxDets=100 ] = 0.257
 Average Recall     (AR) @[ IoU=0.50:0.95 | area=medium | maxDets=100 ] = -1.000
 Average Recall     (AR) @[ IoU=0.50:0.95 | area= large | maxDets=100 ] = -1.000
 Average Recall     (AR) @[ IoU=0.50      | area=   all | maxDets=100 ] = 0.535
 Average Recall     (AR) @[ IoU=0.75      | area=   all | maxDets=100 ] = 0.211
best_stat: {'epoch': 1, 'coco_eval_bbox': 0.10788448407020991}
Epoch: [2/30]  [ 0/45]  eta: 0:00:22  lr: 0.000100  loss: 24.3558 (24.3558)  loss_vfl: 0.4123 (0.4123)  loss_bbox: 0.2143 (0.2143)  loss_giou: 1.4205 (1.4205)  loss_fgl: 0.7051 (0.7051)  loss_vfl_aux_0: 0.4326 (0.4326)  loss_bbox_aux_0: 0.2955 (0.2955)  loss_giou_aux_0: 1.7739 (1.7739)  loss_fgl_aux_0: 0.5938 (0.5938)  loss_ddf_aux_0: 0.1589 (0.1589)  loss_vfl_aux_1: 0.3981 (0.3981)  loss_bbox_aux_1: 0.2434 (0.2434)  loss_giou_aux_1: 1.5500 (1.5500)  loss_fgl_aux_1: 0.6493 (0.6493)  loss_ddf_aux_1: 0.0249 (0.0249)  loss_vfl_pre: 0.3481 (0.3481)  loss_bbox_pre: 0.3427 (0.3427)  loss_giou_pre: 1.7627 (1.7627)  loss_vfl_enc_0: 0.0935 (0.0935)  loss_bbox_enc_0: 0.6330 (0.6330)  loss_giou_enc_0: 2.3177 (2.3177)  loss_vfl_dn_0: 0.5959 (0.5959)  loss_bbox_dn_0: 0.0635 (0.0635)  loss_giou_dn_0: 0.7260 (0.7260)  loss_fgl_dn_0: 1.2665 (1.2665)  loss_ddf_dn_0: 0.8484 (0.8484)  loss_vfl_dn_1: 0.5359 (0.5359)  loss_bbox_dn_1: 0.0546 (0.0546)  loss_giou_dn_1: 0.6379 (0.6379)  loss_fgl_dn_1: 1.2820 (1.2820)  loss_ddf_dn_1: 0.0735 (0.0735)  loss_vfl_dn_2: 0.5171 (0.5171)  loss_bbox_dn_2: 0.0565 (0.0565)  loss_giou_dn_2: 0.6496 (0.6496)  loss_fgl_dn_2: 1.2876 (1.2876)  loss_ddf_dn_2: -0.0000 (0.0000)  loss_vfl_dn_pre: 0.6100 (0.6100)  loss_bbox_dn_pre: 0.0619 (0.0619)  loss_giou_dn_pre: 0.7113 (0.7113)  loss_size: 0.0074 (0.0074)  time: 0.4978  data: 0.2554  max mem: 5225
Epoch: [2/30]  [44/45]  eta: 0:00:00  lr: 0.000100  loss: 23.4748 (23.9286)  loss_vfl: 0.5779 (0.5927)  loss_bbox: 0.1837 (0.2257)  loss_giou: 1.2467 (1.2960)  loss_fgl: 0.8232 (0.8055)  loss_vfl_aux_0: 0.4285 (0.4248)  loss_bbox_aux_0: 0.2721 (0.2922)  loss_giou_aux_0: 1.6433 (1.7179)  loss_fgl_aux_0: 0.6709 (0.6670)  loss_ddf_aux_0: 0.2014 (0.2006)  loss_vfl_aux_1: 0.5964 (0.5768)  loss_bbox_aux_1: 0.2217 (0.2447)  loss_giou_aux_1: 1.2907 (1.3674)  loss_fgl_aux_1: 0.7969 (0.7836)  loss_ddf_aux_1: 0.0274 (0.0279)  loss_vfl_pre: 0.4353 (0.4218)  loss_bbox_pre: 0.2871 (0.3134)  loss_giou_pre: 1.6450 (1.6854)  loss_vfl_enc_0: 0.1401 (0.1279)  loss_bbox_enc_0: 0.6070 (0.6356)  loss_giou_enc_0: 2.5531 (2.4484)  loss_vfl_dn_0: 0.5497 (0.5511)  loss_bbox_dn_0: 0.0586 (0.0593)  loss_giou_dn_0: 0.6619 (0.6900)  loss_fgl_dn_0: 1.2332 (1.2273)  loss_ddf_dn_0: 0.3978 (0.4735)  loss_vfl_dn_1: 0.5038 (0.5182)  loss_bbox_dn_1: 0.0470 (0.0477)  loss_giou_dn_1: 0.5589 (0.5792)  loss_fgl_dn_1: 1.2385 (1.2338)  loss_ddf_dn_1: 0.0177 (0.0263)  loss_vfl_dn_2: 0.4785 (0.5003)  loss_bbox_dn_2: 0.0475 (0.0477)  loss_giou_dn_2: 0.5618 (0.5782)  loss_fgl_dn_2: 1.2397 (1.2354)  loss_ddf_dn_2: -0.0000 (0.0000)  loss_vfl_dn_pre: 0.5515 (0.5513)  loss_bbox_dn_pre: 0.0584 (0.0586)  loss_giou_dn_pre: 0.6604 (0.6860)  loss_size: 0.0081 (0.0091)  time: 0.2449  data: 0.0129  max mem: 5225
Epoch: [2/30] Total time: 0:00:11 (0.2513 s / it)
Averaged stats: lr: 0.000100  loss: 23.4748 (23.9286)  loss_vfl: 0.5779 (0.5927)  loss_bbox: 0.1837 (0.2257)  loss_giou: 1.2467 (1.2960)  loss_fgl: 0.8232 (0.8055)  loss_vfl_aux_0: 0.4285 (0.4248)  loss_bbox_aux_0: 0.2721 (0.2922)  loss_giou_aux_0: 1.6433 (1.7179)  loss_fgl_aux_0: 0.6709 (0.6670)  loss_ddf_aux_0: 0.2014 (0.2006)  loss_vfl_aux_1: 0.5964 (0.5768)  loss_bbox_aux_1: 0.2217 (0.2447)  loss_giou_aux_1: 1.2907 (1.3674)  loss_fgl_aux_1: 0.7969 (0.7836)  loss_ddf_aux_1: 0.0274 (0.0279)  loss_vfl_pre: 0.4353 (0.4218)  loss_bbox_pre: 0.2871 (0.3134)  loss_giou_pre: 1.6450 (1.6854)  loss_vfl_enc_0: 0.1401 (0.1279)  loss_bbox_enc_0: 0.6070 (0.6356)  loss_giou_enc_0: 2.5531 (2.4484)  loss_vfl_dn_0: 0.5497 (0.5511)  loss_bbox_dn_0: 0.0586 (0.0593)  loss_giou_dn_0: 0.6619 (0.6900)  loss_fgl_dn_0: 1.2332 (1.2273)  loss_ddf_dn_0: 0.3978 (0.4735)  loss_vfl_dn_1: 0.5038 (0.5182)  loss_bbox_dn_1: 0.0470 (0.0477)  loss_giou_dn_1: 0.5589 (0.5792)  loss_fgl_dn_1: 1.2385 (1.2338)  loss_ddf_dn_1: 0.0177 (0.0263)  loss_vfl_dn_2: 0.4785 (0.5003)  loss_bbox_dn_2: 0.0475 (0.0477)  loss_giou_dn_2: 0.5618 (0.5782)  loss_fgl_dn_2: 1.2397 (1.2354)  loss_ddf_dn_2: -0.0000 (0.0000)  loss_vfl_dn_pre: 0.5515 (0.5513)  loss_bbox_dn_pre: 0.0584 (0.0586)  loss_giou_dn_pre: 0.6604 (0.6860)  loss_size: 0.0081 (0.0091)
Test:  [0/8]  eta: 0:00:02    time: 0.3040  data: 0.2455  max mem: 5225
Test:  [7/8]  eta: 0:00:00    time: 0.0966  data: 0.0411  max mem: 5225
Test: Total time: 0:00:00 (0.1010 s / it)
Metrics: {'f1': 0.4593301435406699, 'precision': 0.7164179104477612, 'recall': 0.3380281690140845, 'iou': 0.20940656062238705, 'TPs': 48, 'FPs': 19, 'FNs': 94}
Averaged stats: 
Accumulating evaluation results...
COCOeval_opt.accumulate() finished...
DONE (t=0.01s).
IoU metric: bbox
 Average Precision  (AP) @[ IoU=0.50:0.95 | area=   all | maxDets=100 ] = 0.185
 Average Precision  (AP) @[ IoU=0.50      | area=   all | maxDets=100 ] = 0.495
 Average Precision  (AP) @[ IoU=0.75      | area=   all | maxDets=100 ] = 0.089
 Average Precision  (AP) @[ IoU=0.50:0.95 | area= small | maxDets=100 ] = 0.185
 Average Precision  (AP) @[ IoU=0.50:0.95 | area=medium | maxDets=100 ] = -1.000
 Average Precision  (AP) @[ IoU=0.50:0.95 | area= large | maxDets=100 ] = -1.000
 Average Recall     (AR) @[ IoU=0.50:0.95 | area=   all | maxDets=  1 ] = 0.118
 Average Recall     (AR) @[ IoU=0.50:0.95 | area=   all | maxDets= 10 ] = 0.329
 Average Recall     (AR) @[ IoU=0.50:0.95 | area=   all | maxDets=100 ] = 0.392
 Average Recall     (AR) @[ IoU=0.50:0.95 | area= small | maxDets=100 ] = 0.392
 Average Recall     (AR) @[ IoU=0.50:0.95 | area=medium | maxDets=100 ] = -1.000
 Average Recall     (AR) @[ IoU=0.50:0.95 | area= large | maxDets=100 ] = -1.000
 Average Recall     (AR) @[ IoU=0.50      | area=   all | maxDets=100 ] = 0.704
 Average Recall     (AR) @[ IoU=0.75      | area=   all | maxDets=100 ] = 0.394
best_stat: {'epoch': 2, 'coco_eval_bbox': 0.18474121983050482}
Epoch: [3/30]  [ 0/45]  eta: 0:00:23  lr: 0.000100  loss: 21.7732 (21.7732)  loss_vfl: 0.7777 (0.7777)  loss_bbox: 0.0936 (0.0936)  loss_giou: 0.9172 (0.9172)  loss_fgl: 0.9760 (0.9760)  loss_vfl_aux_0: 0.5429 (0.5429)  loss_bbox_aux_0: 0.1662 (0.1662)  loss_giou_aux_0: 1.2667 (1.2667)  loss_fgl_aux_0: 0.8678 (0.8678)  loss_ddf_aux_0: 0.2308 (0.2308)  loss_vfl_aux_1: 0.6484 (0.6484)  loss_bbox_aux_1: 0.1071 (0.1071)  loss_giou_aux_1: 0.9310 (0.9310)  loss_fgl_aux_1: 0.9720 (0.9720)  loss_ddf_aux_1: 0.0219 (0.0219)  loss_vfl_pre: 0.5383 (0.5383)  loss_bbox_pre: 0.1764 (0.1764)  loss_giou_pre: 1.2377 (1.2377)  loss_vfl_enc_0: 0.2199 (0.2199)  loss_bbox_enc_0: 0.4355 (0.4355)  loss_giou_enc_0: 2.0517 (2.0517)  loss_vfl_dn_0: 0.5686 (0.5686)  loss_bbox_dn_0: 0.0539 (0.0539)  loss_giou_dn_0: 0.6153 (0.6153)  loss_fgl_dn_0: 1.2432 (1.2432)  loss_ddf_dn_0: 0.3069 (0.3069)  loss_vfl_dn_1: 0.4864 (0.4864)  loss_bbox_dn_1: 0.0425 (0.0425)  loss_giou_dn_1: 0.5250 (0.5250)  loss_fgl_dn_1: 1.2321 (1.2321)  loss_ddf_dn_1: 0.0096 (0.0096)  loss_vfl_dn_2: 0.4690 (0.4690)  loss_bbox_dn_2: 0.0428 (0.0428)  loss_giou_dn_2: 0.5328 (0.5328)  loss_fgl_dn_2: 1.2309 (1.2309)  loss_ddf_dn_2: -0.0000 (0.0000)  loss_vfl_dn_pre: 0.5671 (0.5671)  loss_bbox_dn_pre: 0.0533 (0.0533)  loss_giou_dn_pre: 0.6111 (0.6111)  loss_size: 0.0038 (0.0038)  time: 0.5201  data: 0.2635  max mem: 5225
Epoch: [3/30]  [44/45]  eta: 0:00:00  lr: 0.000100  loss: 22.0520 (22.6338)  loss_vfl: 0.6868 (0.6672)  loss_bbox: 0.0878 (0.1230)  loss_giou: 0.8057 (0.9436)  loss_fgl: 1.0397 (0.9631)  loss_vfl_aux_0: 0.6271 (0.5621)  loss_bbox_aux_0: 0.1423 (0.1987)  loss_giou_aux_0: 1.1807 (1.3645)  loss_fgl_aux_0: 0.9181 (0.8284)  loss_ddf_aux_0: 0.3691 (0.3315)  loss_vfl_aux_1: 0.7315 (0.6942)  loss_bbox_aux_1: 0.0957 (0.1368)  loss_giou_aux_1: 0.8448 (1.0100)  loss_fgl_aux_1: 1.0275 (0.9444)  loss_ddf_aux_1: 0.0406 (0.0386)  loss_vfl_pre: 0.6223 (0.5563)  loss_bbox_pre: 0.1566 (0.2137)  loss_giou_pre: 1.1603 (1.3444)  loss_vfl_enc_0: 0.1655 (0.1529)  loss_bbox_enc_0: 0.5160 (0.5721)  loss_giou_enc_0: 2.2705 (2.4098)  loss_vfl_dn_0: 0.5429 (0.5482)  loss_bbox_dn_0: 0.0504 (0.0539)  loss_giou_dn_0: 0.6254 (0.6350)  loss_fgl_dn_0: 1.2400 (1.2449)  loss_ddf_dn_0: 0.2504 (0.2613)  loss_vfl_dn_1: 0.4663 (0.4735)  loss_bbox_dn_1: 0.0420 (0.0448)  loss_giou_dn_1: 0.5156 (0.5403)  loss_fgl_dn_1: 1.2298 (1.2424)  loss_ddf_dn_1: 0.0093 (0.0102)  loss_vfl_dn_2: 0.4534 (0.4593)  loss_bbox_dn_2: 0.0420 (0.0450)  loss_giou_dn_2: 0.5148 (0.5410)  loss_fgl_dn_2: 1.2292 (1.2433)  loss_ddf_dn_2: -0.0000 (0.0000)  loss_vfl_dn_pre: 0.5422 (0.5458)  loss_bbox_dn_pre: 0.0504 (0.0534)  loss_giou_dn_pre: 0.6216 (0.6308)  loss_size: 0.0039 (0.0055)  time: 0.2431  data: 0.0119  max mem: 5225
Epoch: [3/30] Total time: 0:00:11 (0.2520 s / it)
Averaged stats: lr: 0.000100  loss: 22.0520 (22.6338)  loss_vfl: 0.6868 (0.6672)  loss_bbox: 0.0878 (0.1230)  loss_giou: 0.8057 (0.9436)  loss_fgl: 1.0397 (0.9631)  loss_vfl_aux_0: 0.6271 (0.5621)  loss_bbox_aux_0: 0.1423 (0.1987)  loss_giou_aux_0: 1.1807 (1.3645)  loss_fgl_aux_0: 0.9181 (0.8284)  loss_ddf_aux_0: 0.3691 (0.3315)  loss_vfl_aux_1: 0.7315 (0.6942)  loss_bbox_aux_1: 0.0957 (0.1368)  loss_giou_aux_1: 0.8448 (1.0100)  loss_fgl_aux_1: 1.0275 (0.9444)  loss_ddf_aux_1: 0.0406 (0.0386)  loss_vfl_pre: 0.6223 (0.5563)  loss_bbox_pre: 0.1566 (0.2137)  loss_giou_pre: 1.1603 (1.3444)  loss_vfl_enc_0: 0.1655 (0.1529)  loss_bbox_enc_0: 0.5160 (0.5721)  loss_giou_enc_0: 2.2705 (2.4098)  loss_vfl_dn_0: 0.5429 (0.5482)  loss_bbox_dn_0: 0.0504 (0.0539)  loss_giou_dn_0: 0.6254 (0.6350)  loss_fgl_dn_0: 1.2400 (1.2449)  loss_ddf_dn_0: 0.2504 (0.2613)  loss_vfl_dn_1: 0.4663 (0.4735)  loss_bbox_dn_1: 0.0420 (0.0448)  loss_giou_dn_1: 0.5156 (0.5403)  loss_fgl_dn_1: 1.2298 (1.2424)  loss_ddf_dn_1: 0.0093 (0.0102)  loss_vfl_dn_2: 0.4534 (0.4593)  loss_bbox_dn_2: 0.0420 (0.0450)  loss_giou_dn_2: 0.5148 (0.5410)  loss_fgl_dn_2: 1.2292 (1.2433)  loss_ddf_dn_2: -0.0000 (0.0000)  loss_vfl_dn_pre: 0.5422 (0.5458)  loss_bbox_dn_pre: 0.0504 (0.0534)  loss_giou_dn_pre: 0.6216 (0.6308)  loss_size: 0.0039 (0.0055)
Test:  [0/8]  eta: 0:00:02    time: 0.2984  data: 0.2409  max mem: 5225
Test:  [7/8]  eta: 0:00:00    time: 0.1229  data: 0.0436  max mem: 5225
Test: Total time: 0:00:01 (0.1276 s / it)
Metrics: {'f1': 0.5868725868725868, 'precision': 0.6495726495726496, 'recall': 0.5352112676056338, 'iou': 0.2974992202279346, 'TPs': 76, 'FPs': 41, 'FNs': 66}
Averaged stats: 
Accumulating evaluation results...
COCOeval_opt.accumulate() finished...
DONE (t=0.01s).
IoU metric: bbox
 Average Precision  (AP) @[ IoU=0.50:0.95 | area=   all | maxDets=100 ] = 0.248
 Average Precision  (AP) @[ IoU=0.50      | area=   all | maxDets=100 ] = 0.610
 Average Precision  (AP) @[ IoU=0.75      | area=   all | maxDets=100 ] = 0.135
 Average Precision  (AP) @[ IoU=0.50:0.95 | area= small | maxDets=100 ] = 0.248
 Average Precision  (AP) @[ IoU=0.50:0.95 | area=medium | maxDets=100 ] = -1.000
 Average Precision  (AP) @[ IoU=0.50:0.95 | area= large | maxDets=100 ] = -1.000
 Average Recall     (AR) @[ IoU=0.50:0.95 | area=   all | maxDets=  1 ] = 0.192
 Average Recall     (AR) @[ IoU=0.50:0.95 | area=   all | maxDets= 10 ] = 0.449
 Average Recall     (AR) @[ IoU=0.50:0.95 | area=   all | maxDets=100 ] = 0.580
 Average Recall     (AR) @[ IoU=0.50:0.95 | area= small | maxDets=100 ] = 0.580
 Average Recall     (AR) @[ IoU=0.50:0.95 | area=medium | maxDets=100 ] = -1.000
 Average Recall     (AR) @[ IoU=0.50:0.95 | area= large | maxDets=100 ] = -1.000
 Average Recall     (AR) @[ IoU=0.50      | area=   all | maxDets=100 ] = 0.915
 Average Recall     (AR) @[ IoU=0.75      | area=   all | maxDets=100 ] = 0.641
best_stat: {'epoch': 3, 'coco_eval_bbox': 0.24753480608826592}
Epoch: [4/30]  [ 0/45]  eta: 0:00:23  lr: 0.000100  loss: 23.0056 (23.0056)  loss_vfl: 0.6279 (0.6279)  loss_bbox: 0.2008 (0.2008)  loss_giou: 1.2306 (1.2306)  loss_fgl: 0.8102 (0.8102)  loss_vfl_aux_0: 0.5858 (0.5858)  loss_bbox_aux_0: 0.2656 (0.2656)  loss_giou_aux_0: 1.6322 (1.6322)  loss_fgl_aux_0: 0.7324 (0.7324)  loss_ddf_aux_0: 0.2508 (0.2508)  loss_vfl_aux_1: 0.5973 (0.5973)  loss_bbox_aux_1: 0.2253 (0.2253)  loss_giou_aux_1: 1.2942 (1.2942)  loss_fgl_aux_1: 0.7878 (0.7878)  loss_ddf_aux_1: 0.0253 (0.0253)  loss_vfl_pre: 0.5927 (0.5927)  loss_bbox_pre: 0.2850 (0.2850)  loss_giou_pre: 1.6162 (1.6162)  loss_vfl_enc_0: 0.1342 (0.1342)  loss_bbox_enc_0: 0.7751 (0.7751)  loss_giou_enc_0: 2.5011 (2.5011)  loss_vfl_dn_0: 0.5475 (0.5475)  loss_bbox_dn_0: 0.0398 (0.0398)  loss_giou_dn_0: 0.4947 (0.4947)  loss_fgl_dn_0: 1.2516 (1.2516)  loss_ddf_dn_0: 0.2390 (0.2390)  loss_vfl_dn_1: 0.4338 (0.4338)  loss_bbox_dn_1: 0.0312 (0.0312)  loss_giou_dn_1: 0.3998 (0.3998)  loss_fgl_dn_1: 1.2304 (1.2304)  loss_ddf_dn_1: 0.0083 (0.0083)  loss_vfl_dn_2: 0.4217 (0.4217)  loss_bbox_dn_2: 0.0305 (0.0305)  loss_giou_dn_2: 0.3968 (0.3968)  loss_fgl_dn_2: 1.2276 (1.2276)  loss_ddf_dn_2: -0.0000 (0.0000)  loss_vfl_dn_pre: 0.5477 (0.5477)  loss_bbox_dn_pre: 0.0394 (0.0394)  loss_giou_dn_pre: 0.4919 (0.4919)  loss_size: 0.0034 (0.0034)  time: 0.5208  data: 0.2724  max mem: 5225
Epoch: [4/30]  [44/45]  eta: 0:00:00  lr: 0.000100  loss: 21.9048 (22.4572)  loss_vfl: 0.6544 (0.6495)  loss_bbox: 0.0812 (0.1235)  loss_giou: 0.7547 (0.9224)  loss_fgl: 1.0561 (0.9916)  loss_vfl_aux_0: 0.6919 (0.6126)  loss_bbox_aux_0: 0.1245 (0.1758)  loss_giou_aux_0: 1.1022 (1.3166)  loss_fgl_aux_0: 0.9897 (0.8786)  loss_ddf_aux_0: 0.5027 (0.4631)  loss_vfl_aux_1: 0.6955 (0.6737)  loss_bbox_aux_1: 0.0897 (0.1333)  loss_giou_aux_1: 0.7958 (0.9705)  loss_fgl_aux_1: 1.0407 (0.9800)  loss_ddf_aux_1: 0.0365 (0.0381)  loss_vfl_pre: 0.6795 (0.6006)  loss_bbox_pre: 0.1199 (0.1817)  loss_giou_pre: 1.0962 (1.2976)  loss_vfl_enc_0: 0.2767 (0.2233)  loss_bbox_enc_0: 0.4071 (0.5440)  loss_giou_enc_0: 2.0891 (2.3372)  loss_vfl_dn_0: 0.5301 (0.5369)  loss_bbox_dn_0: 0.0521 (0.0527)  loss_giou_dn_0: 0.6215 (0.6187)  loss_fgl_dn_0: 1.2394 (1.2406)  loss_ddf_dn_0: 0.2434 (0.2566)  loss_vfl_dn_1: 0.4432 (0.4493)  loss_bbox_dn_1: 0.0394 (0.0403)  loss_giou_dn_1: 0.4804 (0.4968)  loss_fgl_dn_1: 1.2186 (1.2248)  loss_ddf_dn_1: 0.0093 (0.0096)  loss_vfl_dn_2: 0.4409 (0.4438)  loss_bbox_dn_2: 0.0393 (0.0404)  loss_giou_dn_2: 0.4857 (0.4971)  loss_fgl_dn_2: 1.2218 (1.2261)  loss_ddf_dn_2: -0.0000 (0.0000)  loss_vfl_dn_pre: 0.5282 (0.5343)  loss_bbox_dn_pre: 0.0524 (0.0528)  loss_giou_dn_pre: 0.6187 (0.6176)  loss_size: 0.0036 (0.0049)  time: 0.2469  data: 0.0121  max mem: 5225
Epoch: [4/30] Total time: 0:00:11 (0.2542 s / it)
Averaged stats: lr: 0.000100  loss: 21.9048 (22.4572)  loss_vfl: 0.6544 (0.6495)  loss_bbox: 0.0812 (0.1235)  loss_giou: 0.7547 (0.9224)  loss_fgl: 1.0561 (0.9916)  loss_vfl_aux_0: 0.6919 (0.6126)  loss_bbox_aux_0: 0.1245 (0.1758)  loss_giou_aux_0: 1.1022 (1.3166)  loss_fgl_aux_0: 0.9897 (0.8786)  loss_ddf_aux_0: 0.5027 (0.4631)  loss_vfl_aux_1: 0.6955 (0.6737)  loss_bbox_aux_1: 0.0897 (0.1333)  loss_giou_aux_1: 0.7958 (0.9705)  loss_fgl_aux_1: 1.0407 (0.9800)  loss_ddf_aux_1: 0.0365 (0.0381)  loss_vfl_pre: 0.6795 (0.6006)  loss_bbox_pre: 0.1199 (0.1817)  loss_giou_pre: 1.0962 (1.2976)  loss_vfl_enc_0: 0.2767 (0.2233)  loss_bbox_enc_0: 0.4071 (0.5440)  loss_giou_enc_0: 2.0891 (2.3372)  loss_vfl_dn_0: 0.5301 (0.5369)  loss_bbox_dn_0: 0.0521 (0.0527)  loss_giou_dn_0: 0.6215 (0.6187)  loss_fgl_dn_0: 1.2394 (1.2406)  loss_ddf_dn_0: 0.2434 (0.2566)  loss_vfl_dn_1: 0.4432 (0.4493)  loss_bbox_dn_1: 0.0394 (0.0403)  loss_giou_dn_1: 0.4804 (0.4968)  loss_fgl_dn_1: 1.2186 (1.2248)  loss_ddf_dn_1: 0.0093 (0.0096)  loss_vfl_dn_2: 0.4409 (0.4438)  loss_bbox_dn_2: 0.0393 (0.0404)  loss_giou_dn_2: 0.4857 (0.4971)  loss_fgl_dn_2: 1.2218 (1.2261)  loss_ddf_dn_2: -0.0000 (0.0000)  loss_vfl_dn_pre: 0.5282 (0.5343)  loss_bbox_dn_pre: 0.0524 (0.0528)  loss_giou_dn_pre: 0.6187 (0.6176)  loss_size: 0.0036 (0.0049)
Test:  [0/8]  eta: 0:00:02    time: 0.3081  data: 0.2507  max mem: 5225
Test:  [7/8]  eta: 0:00:00    time: 0.0996  data: 0.0434  max mem: 5225
Test: Total time: 0:00:00 (0.1042 s / it)
Metrics: {'f1': 0.597609561752988, 'precision': 0.6880733944954128, 'recall': 0.528169014084507, 'iou': 0.304049861702052, 'TPs': 75, 'FPs': 34, 'FNs': 67}
Averaged stats: 
Accumulating evaluation results...
COCOeval_opt.accumulate() finished...
DONE (t=0.01s).
IoU metric: bbox
 Average Precision  (AP) @[ IoU=0.50:0.95 | area=   all | maxDets=100 ] = 0.234
 Average Precision  (AP) @[ IoU=0.50      | area=   all | maxDets=100 ] = 0.587
 Average Precision  (AP) @[ IoU=0.75      | area=   all | maxDets=100 ] = 0.104
 Average Precision  (AP) @[ IoU=0.50:0.95 | area= small | maxDets=100 ] = 0.234
 Average Precision  (AP) @[ IoU=0.50:0.95 | area=medium | maxDets=100 ] = -1.000
 Average Precision  (AP) @[ IoU=0.50:0.95 | area= large | maxDets=100 ] = -1.000
 Average Recall     (AR) @[ IoU=0.50:0.95 | area=   all | maxDets=  1 ] = 0.154
 Average Recall     (AR) @[ IoU=0.50:0.95 | area=   all | maxDets= 10 ] = 0.406
 Average Recall     (AR) @[ IoU=0.50:0.95 | area=   all | maxDets=100 ] = 0.492
 Average Recall     (AR) @[ IoU=0.50:0.95 | area= small | maxDets=100 ] = 0.492
 Average Recall     (AR) @[ IoU=0.50:0.95 | area=medium | maxDets=100 ] = -1.000
 Average Recall     (AR) @[ IoU=0.50:0.95 | area= large | maxDets=100 ] = -1.000
 Average Recall     (AR) @[ IoU=0.50      | area=   all | maxDets=100 ] = 0.838
 Average Recall     (AR) @[ IoU=0.75      | area=   all | maxDets=100 ] = 0.535
best_stat: {'epoch': 3, 'coco_eval_bbox': 0.24753480608826592}
Epoch: [5/30]  [ 0/45]  eta: 0:00:22  lr: 0.000100  loss: 22.3337 (22.3337)  loss_vfl: 0.5504 (0.5504)  loss_bbox: 0.1365 (0.1365)  loss_giou: 1.0257 (1.0257)  loss_fgl: 1.0307 (1.0307)  loss_vfl_aux_0: 0.7799 (0.7799)  loss_bbox_aux_0: 0.1648 (0.1648)  loss_giou_aux_0: 1.2028 (1.2028)  loss_fgl_aux_0: 0.9726 (0.9726)  loss_ddf_aux_0: 0.4032 (0.4032)  loss_vfl_aux_1: 0.6387 (0.6387)  loss_bbox_aux_1: 0.1485 (0.1485)  loss_giou_aux_1: 1.0767 (1.0767)  loss_fgl_aux_1: 1.0143 (1.0143)  loss_ddf_aux_1: 0.0338 (0.0338)  loss_vfl_pre: 0.7831 (0.7831)  loss_bbox_pre: 0.1691 (0.1691)  loss_giou_pre: 1.1931 (1.1931)  loss_vfl_enc_0: 0.3147 (0.3147)  loss_bbox_enc_0: 0.3883 (0.3883)  loss_giou_enc_0: 1.9438 (1.9438)  loss_vfl_dn_0: 0.5380 (0.5380)  loss_bbox_dn_0: 0.0521 (0.0521)  loss_giou_dn_0: 0.5633 (0.5633)  loss_fgl_dn_0: 1.2742 (1.2742)  loss_ddf_dn_0: 0.2396 (0.2396)  loss_vfl_dn_1: 0.4454 (0.4454)  loss_bbox_dn_1: 0.0438 (0.0438)  loss_giou_dn_1: 0.5002 (0.5002)  loss_fgl_dn_1: 1.2734 (1.2734)  loss_ddf_dn_1: 0.0106 (0.0106)  loss_vfl_dn_2: 0.4512 (0.4512)  loss_bbox_dn_2: 0.0436 (0.0436)  loss_giou_dn_2: 0.4951 (0.4951)  loss_fgl_dn_2: 1.2765 (1.2765)  loss_ddf_dn_2: -0.0000 (0.0000)  loss_vfl_dn_pre: 0.5377 (0.5377)  loss_bbox_dn_pre: 0.0524 (0.0524)  loss_giou_dn_pre: 0.5613 (0.5613)  loss_size: 0.0042 (0.0042)  time: 0.4927  data: 0.2451  max mem: 5225
Epoch: [5/30]  [44/45]  eta: 0:00:00  lr: 0.000100  loss: 21.3075 (21.4252)  loss_vfl: 0.6017 (0.6061)  loss_bbox: 0.0902 (0.0994)  loss_giou: 0.7679 (0.8005)  loss_fgl: 1.0388 (1.0845)  loss_vfl_aux_0: 0.6906 (0.6962)  loss_bbox_aux_0: 0.1197 (0.1271)  loss_giou_aux_0: 1.0199 (1.0592)  loss_fgl_aux_0: 1.0104 (1.0215)  loss_ddf_aux_0: 0.4248 (0.4301)  loss_vfl_aux_1: 0.6317 (0.6428)  loss_bbox_aux_1: 0.0970 (0.1040)  loss_giou_aux_1: 0.8136 (0.8320)  loss_fgl_aux_1: 1.0428 (1.0765)  loss_ddf_aux_1: 0.0281 (0.0309)  loss_vfl_pre: 0.6772 (0.6838)  loss_bbox_pre: 0.1238 (0.1301)  loss_giou_pre: 1.0188 (1.0559)  loss_vfl_enc_0: 0.2514 (0.2774)  loss_bbox_enc_0: 0.3783 (0.3988)  loss_giou_enc_0: 2.0672 (2.0755)  loss_vfl_dn_0: 0.5172 (0.5221)  loss_bbox_dn_0: 0.0492 (0.0506)  loss_giou_dn_0: 0.5947 (0.5982)  loss_fgl_dn_0: 1.2397 (1.2474)  loss_ddf_dn_0: 0.2092 (0.2144)  loss_vfl_dn_1: 0.4385 (0.4421)  loss_bbox_dn_1: 0.0367 (0.0388)  loss_giou_dn_1: 0.4642 (0.4814)  loss_fgl_dn_1: 1.2200 (1.2300)  loss_ddf_dn_1: 0.0083 (0.0081)  loss_vfl_dn_2: 0.4347 (0.4377)  loss_bbox_dn_2: 0.0362 (0.0388)  loss_giou_dn_2: 0.4572 (0.4810)  loss_fgl_dn_2: 1.2217 (1.2306)  loss_ddf_dn_2: -0.0000 (0.0000)  loss_vfl_dn_pre: 0.5158 (0.5210)  loss_bbox_dn_pre: 0.0496 (0.0504)  loss_giou_dn_pre: 0.5865 (0.5962)  loss_size: 0.0033 (0.0040)  time: 0.2461  data: 0.0121  max mem: 5225
Epoch: [5/30] Total time: 0:00:11 (0.2536 s / it)
Averaged stats: lr: 0.000100  loss: 21.3075 (21.4252)  loss_vfl: 0.6017 (0.6061)  loss_bbox: 0.0902 (0.0994)  loss_giou: 0.7679 (0.8005)  loss_fgl: 1.0388 (1.0845)  loss_vfl_aux_0: 0.6906 (0.6962)  loss_bbox_aux_0: 0.1197 (0.1271)  loss_giou_aux_0: 1.0199 (1.0592)  loss_fgl_aux_0: 1.0104 (1.0215)  loss_ddf_aux_0: 0.4248 (0.4301)  loss_vfl_aux_1: 0.6317 (0.6428)  loss_bbox_aux_1: 0.0970 (0.1040)  loss_giou_aux_1: 0.8136 (0.8320)  loss_fgl_aux_1: 1.0428 (1.0765)  loss_ddf_aux_1: 0.0281 (0.0309)  loss_vfl_pre: 0.6772 (0.6838)  loss_bbox_pre: 0.1238 (0.1301)  loss_giou_pre: 1.0188 (1.0559)  loss_vfl_enc_0: 0.2514 (0.2774)  loss_bbox_enc_0: 0.3783 (0.3988)  loss_giou_enc_0: 2.0672 (2.0755)  loss_vfl_dn_0: 0.5172 (0.5221)  loss_bbox_dn_0: 0.0492 (0.0506)  loss_giou_dn_0: 0.5947 (0.5982)  loss_fgl_dn_0: 1.2397 (1.2474)  loss_ddf_dn_0: 0.2092 (0.2144)  loss_vfl_dn_1: 0.4385 (0.4421)  loss_bbox_dn_1: 0.0367 (0.0388)  loss_giou_dn_1: 0.4642 (0.4814)  loss_fgl_dn_1: 1.2200 (1.2300)  loss_ddf_dn_1: 0.0083 (0.0081)  loss_vfl_dn_2: 0.4347 (0.4377)  loss_bbox_dn_2: 0.0362 (0.0388)  loss_giou_dn_2: 0.4572 (0.4810)  loss_fgl_dn_2: 1.2217 (1.2306)  loss_ddf_dn_2: -0.0000 (0.0000)  loss_vfl_dn_pre: 0.5158 (0.5210)  loss_bbox_dn_pre: 0.0496 (0.0504)  loss_giou_dn_pre: 0.5865 (0.5962)  loss_size: 0.0033 (0.0040)
Test:  [0/8]  eta: 0:00:02    time: 0.2927  data: 0.2355  max mem: 5225
Test:  [7/8]  eta: 0:00:00    time: 0.1238  data: 0.0436  max mem: 5225
Test: Total time: 0:00:01 (0.1289 s / it)
Metrics: {'f1': 0.6690909090909091, 'precision': 0.6917293233082706, 'recall': 0.647887323943662, 'iou': 0.357464064014414, 'TPs': 92, 'FPs': 41, 'FNs': 50}
Averaged stats: 
Accumulating evaluation results...
COCOeval_opt.accumulate() finished...
DONE (t=0.01s).
IoU metric: bbox
 Average Precision  (AP) @[ IoU=0.50:0.95 | area=   all | maxDets=100 ] = 0.267
 Average Precision  (AP) @[ IoU=0.50      | area=   all | maxDets=100 ] = 0.661
 Average Precision  (AP) @[ IoU=0.75      | area=   all | maxDets=100 ] = 0.142
 Average Precision  (AP) @[ IoU=0.50:0.95 | area= small | maxDets=100 ] = 0.267
 Average Precision  (AP) @[ IoU=0.50:0.95 | area=medium | maxDets=100 ] = -1.000
 Average Precision  (AP) @[ IoU=0.50:0.95 | area= large | maxDets=100 ] = -1.000
 Average Recall     (AR) @[ IoU=0.50:0.95 | area=   all | maxDets=  1 ] = 0.182
 Average Recall     (AR) @[ IoU=0.50:0.95 | area=   all | maxDets= 10 ] = 0.413
 Average Recall     (AR) @[ IoU=0.50:0.95 | area=   all | maxDets=100 ] = 0.536
 Average Recall     (AR) @[ IoU=0.50:0.95 | area= small | maxDets=100 ] = 0.536
 Average Recall     (AR) @[ IoU=0.50:0.95 | area=medium | maxDets=100 ] = -1.000
 Average Recall     (AR) @[ IoU=0.50:0.95 | area= large | maxDets=100 ] = -1.000
 Average Recall     (AR) @[ IoU=0.50      | area=   all | maxDets=100 ] = 0.866
 Average Recall     (AR) @[ IoU=0.75      | area=   all | maxDets=100 ] = 0.577
best_stat: {'epoch': 5, 'coco_eval_bbox': 0.2668809744529537}
Epoch: [6/30]  [ 0/45]  eta: 0:00:23  lr: 0.000100  loss: 22.1527 (22.1527)  loss_vfl: 0.6834 (0.6834)  loss_bbox: 0.0806 (0.0806)  loss_giou: 0.7516 (0.7516)  loss_fgl: 1.0676 (1.0676)  loss_vfl_aux_0: 0.6431 (0.6431)  loss_bbox_aux_0: 0.1266 (0.1266)  loss_giou_aux_0: 1.1740 (1.1740)  loss_fgl_aux_0: 0.9718 (0.9718)  loss_ddf_aux_0: 0.6037 (0.6037)  loss_vfl_aux_1: 0.7845 (0.7845)  loss_bbox_aux_1: 0.0897 (0.0897)  loss_giou_aux_1: 0.7854 (0.7854)  loss_fgl_aux_1: 1.0602 (1.0602)  loss_ddf_aux_1: 0.0501 (0.0501)  loss_vfl_pre: 0.6790 (0.6790)  loss_bbox_pre: 0.1289 (0.1289)  loss_giou_pre: 1.1419 (1.1419)  loss_vfl_enc_0: 0.1541 (0.1541)  loss_bbox_enc_0: 0.4544 (0.4544)  loss_giou_enc_0: 2.4120 (2.4120)  loss_vfl_dn_0: 0.5163 (0.5163)  loss_bbox_dn_0: 0.0506 (0.0506)  loss_giou_dn_0: 0.6704 (0.6704)  loss_fgl_dn_0: 1.2361 (1.2361)  loss_ddf_dn_0: 0.2032 (0.2032)  loss_vfl_dn_1: 0.4395 (0.4395)  loss_bbox_dn_1: 0.0364 (0.0364)  loss_giou_dn_1: 0.5097 (0.5097)  loss_fgl_dn_1: 1.2188 (1.2188)  loss_ddf_dn_1: 0.0079 (0.0079)  loss_vfl_dn_2: 0.4343 (0.4343)  loss_bbox_dn_2: 0.0358 (0.0358)  loss_giou_dn_2: 0.4980 (0.4980)  loss_fgl_dn_2: 1.2198 (1.2198)  loss_ddf_dn_2: -0.0000 (0.0000)  loss_vfl_dn_pre: 0.5134 (0.5134)  loss_bbox_dn_pre: 0.0505 (0.0505)  loss_giou_dn_pre: 0.6667 (0.6667)  loss_size: 0.0030 (0.0030)  time: 0.5300  data: 0.2668  max mem: 5225
Epoch: [6/30]  [44/45]  eta: 0:00:00  lr: 0.000100  loss: 21.1818 (21.4850)  loss_vfl: 0.5628 (0.5832)  loss_bbox: 0.0753 (0.0993)  loss_giou: 0.7264 (0.7598)  loss_fgl: 1.0643 (1.0942)  loss_vfl_aux_0: 0.6972 (0.6812)  loss_bbox_aux_0: 0.1122 (0.1309)  loss_giou_aux_0: 0.9918 (1.0580)  loss_fgl_aux_0: 1.0291 (1.0265)  loss_ddf_aux_0: 0.5342 (0.5709)  loss_vfl_aux_1: 0.6062 (0.6167)  loss_bbox_aux_1: 0.0794 (0.1041)  loss_giou_aux_1: 0.7473 (0.7909)  loss_fgl_aux_1: 1.0667 (1.0892)  loss_ddf_aux_1: 0.0351 (0.0348)  loss_vfl_pre: 0.6777 (0.6760)  loss_bbox_pre: 0.1160 (0.1309)  loss_giou_pre: 1.0033 (1.0536)  loss_vfl_enc_0: 0.2714 (0.2723)  loss_bbox_enc_0: 0.3716 (0.3946)  loss_giou_enc_0: 2.0436 (2.1214)  loss_vfl_dn_0: 0.5069 (0.5092)  loss_bbox_dn_0: 0.0515 (0.0511)  loss_giou_dn_0: 0.5999 (0.6065)  loss_fgl_dn_0: 1.2417 (1.2501)  loss_ddf_dn_0: 0.2170 (0.2365)  loss_vfl_dn_1: 0.4418 (0.4405)  loss_bbox_dn_1: 0.0398 (0.0385)  loss_giou_dn_1: 0.4771 (0.4778)  loss_fgl_dn_1: 1.2241 (1.2293)  loss_ddf_dn_1: 0.0076 (0.0081)  loss_vfl_dn_2: 0.4345 (0.4353)  loss_bbox_dn_2: 0.0394 (0.0386)  loss_giou_dn_2: 0.4765 (0.4770)  loss_fgl_dn_2: 1.2257 (1.2299)  loss_ddf_dn_2: -0.0000 (0.0000)  loss_vfl_dn_pre: 0.5062 (0.5080)  loss_bbox_dn_pre: 0.0512 (0.0510)  loss_giou_dn_pre: 0.5972 (0.6051)  loss_size: 0.0039 (0.0042)  time: 0.2465  data: 0.0121  max mem: 5225
Epoch: [6/30] Total time: 0:00:11 (0.2554 s / it)
Averaged stats: lr: 0.000100  loss: 21.1818 (21.4850)  loss_vfl: 0.5628 (0.5832)  loss_bbox: 0.0753 (0.0993)  loss_giou: 0.7264 (0.7598)  loss_fgl: 1.0643 (1.0942)  loss_vfl_aux_0: 0.6972 (0.6812)  loss_bbox_aux_0: 0.1122 (0.1309)  loss_giou_aux_0: 0.9918 (1.0580)  loss_fgl_aux_0: 1.0291 (1.0265)  loss_ddf_aux_0: 0.5342 (0.5709)  loss_vfl_aux_1: 0.6062 (0.6167)  loss_bbox_aux_1: 0.0794 (0.1041)  loss_giou_aux_1: 0.7473 (0.7909)  loss_fgl_aux_1: 1.0667 (1.0892)  loss_ddf_aux_1: 0.0351 (0.0348)  loss_vfl_pre: 0.6777 (0.6760)  loss_bbox_pre: 0.1160 (0.1309)  loss_giou_pre: 1.0033 (1.0536)  loss_vfl_enc_0: 0.2714 (0.2723)  loss_bbox_enc_0: 0.3716 (0.3946)  loss_giou_enc_0: 2.0436 (2.1214)  loss_vfl_dn_0: 0.5069 (0.5092)  loss_bbox_dn_0: 0.0515 (0.0511)  loss_giou_dn_0: 0.5999 (0.6065)  loss_fgl_dn_0: 1.2417 (1.2501)  loss_ddf_dn_0: 0.2170 (0.2365)  loss_vfl_dn_1: 0.4418 (0.4405)  loss_bbox_dn_1: 0.0398 (0.0385)  loss_giou_dn_1: 0.4771 (0.4778)  loss_fgl_dn_1: 1.2241 (1.2293)  loss_ddf_dn_1: 0.0076 (0.0081)  loss_vfl_dn_2: 0.4345 (0.4353)  loss_bbox_dn_2: 0.0394 (0.0386)  loss_giou_dn_2: 0.4765 (0.4770)  loss_fgl_dn_2: 1.2257 (1.2299)  loss_ddf_dn_2: -0.0000 (0.0000)  loss_vfl_dn_pre: 0.5062 (0.5080)  loss_bbox_dn_pre: 0.0512 (0.0510)  loss_giou_dn_pre: 0.5972 (0.6051)  loss_size: 0.0039 (0.0042)
Test:  [0/8]  eta: 0:00:02    time: 0.3251  data: 0.2662  max mem: 5225
Test:  [7/8]  eta: 0:00:00    time: 0.1029  data: 0.0466  max mem: 5225
Test: Total time: 0:00:00 (0.1098 s / it)
Metrics: {'f1': 0.6829268292682927, 'precision': 0.6758620689655173, 'recall': 0.6901408450704225, 'iou': 0.36718481053750984, 'TPs': 98, 'FPs': 47, 'FNs': 44}
Averaged stats: 
Accumulating evaluation results...
COCOeval_opt.accumulate() finished...
DONE (t=0.01s).
IoU metric: bbox
 Average Precision  (AP) @[ IoU=0.50:0.95 | area=   all | maxDets=100 ] = 0.276
 Average Precision  (AP) @[ IoU=0.50      | area=   all | maxDets=100 ] = 0.727
 Average Precision  (AP) @[ IoU=0.75      | area=   all | maxDets=100 ] = 0.105
 Average Precision  (AP) @[ IoU=0.50:0.95 | area= small | maxDets=100 ] = 0.276
 Average Precision  (AP) @[ IoU=0.50:0.95 | area=medium | maxDets=100 ] = -1.000
 Average Precision  (AP) @[ IoU=0.50:0.95 | area= large | maxDets=100 ] = -1.000
 Average Recall     (AR) @[ IoU=0.50:0.95 | area=   all | maxDets=  1 ] = 0.182
 Average Recall     (AR) @[ IoU=0.50:0.95 | area=   all | maxDets= 10 ] = 0.428
 Average Recall     (AR) @[ IoU=0.50:0.95 | area=   all | maxDets=100 ] = 0.509
 Average Recall     (AR) @[ IoU=0.50:0.95 | area= small | maxDets=100 ] = 0.509
 Average Recall     (AR) @[ IoU=0.50:0.95 | area=medium | maxDets=100 ] = -1.000
 Average Recall     (AR) @[ IoU=0.50:0.95 | area= large | maxDets=100 ] = -1.000
 Average Recall     (AR) @[ IoU=0.50      | area=   all | maxDets=100 ] = 0.915
 Average Recall     (AR) @[ IoU=0.75      | area=   all | maxDets=100 ] = 0.542
best_stat: {'epoch': 6, 'coco_eval_bbox': 0.2761836591085224}
Epoch: [7/30]  [ 0/45]  eta: 0:00:22  lr: 0.000100  loss: 20.7904 (20.7904)  loss_vfl: 0.5480 (0.5480)  loss_bbox: 0.0557 (0.0557)  loss_giou: 0.6575 (0.6575)  loss_fgl: 1.1116 (1.1116)  loss_vfl_aux_0: 0.6189 (0.6189)  loss_bbox_aux_0: 0.0907 (0.0907)  loss_giou_aux_0: 0.9711 (0.9711)  loss_fgl_aux_0: 1.0240 (1.0240)  loss_ddf_aux_0: 0.5152 (0.5152)  loss_vfl_aux_1: 0.5706 (0.5706)  loss_bbox_aux_1: 0.0627 (0.0627)  loss_giou_aux_1: 0.7156 (0.7156)  loss_fgl_aux_1: 1.1040 (1.1040)  loss_ddf_aux_1: 0.0357 (0.0357)  loss_vfl_pre: 0.6277 (0.6277)  loss_bbox_pre: 0.1009 (0.1009)  loss_giou_pre: 0.9649 (0.9649)  loss_vfl_enc_0: 0.1379 (0.1379)  loss_bbox_enc_0: 0.5144 (0.5144)  loss_giou_enc_0: 2.2516 (2.2516)  loss_vfl_dn_0: 0.5100 (0.5100)  loss_bbox_dn_0: 0.0430 (0.0430)  loss_giou_dn_0: 0.5748 (0.5748)  loss_fgl_dn_0: 1.2510 (1.2510)  loss_ddf_dn_0: 0.2248 (0.2248)  loss_vfl_dn_1: 0.4443 (0.4443)  loss_bbox_dn_1: 0.0355 (0.0355)  loss_giou_dn_1: 0.4778 (0.4778)  loss_fgl_dn_1: 1.2264 (1.2264)  loss_ddf_dn_1: 0.0075 (0.0075)  loss_vfl_dn_2: 0.4409 (0.4409)  loss_bbox_dn_2: 0.0358 (0.0358)  loss_giou_dn_2: 0.4789 (0.4789)  loss_fgl_dn_2: 1.2276 (1.2276)  loss_ddf_dn_2: -0.0000 (0.0000)  loss_vfl_dn_pre: 0.5083 (0.5083)  loss_bbox_dn_pre: 0.0434 (0.0434)  loss_giou_dn_pre: 0.5776 (0.5776)  loss_size: 0.0038 (0.0038)  time: 0.5048  data: 0.2580  max mem: 5225
Epoch: [7/30]  [44/45]  eta: 0:00:00  lr: 0.000100  loss: 20.6964 (20.8036)  loss_vfl: 0.5639 (0.5813)  loss_bbox: 0.0635 (0.0721)  loss_giou: 0.6958 (0.6899)  loss_fgl: 1.1592 (1.1446)  loss_vfl_aux_0: 0.6945 (0.7435)  loss_bbox_aux_0: 0.0880 (0.0950)  loss_giou_aux_0: 0.8843 (0.9175)  loss_fgl_aux_0: 1.0996 (1.0979)  loss_ddf_aux_0: 0.5347 (0.5308)  loss_vfl_aux_1: 0.5804 (0.6077)  loss_bbox_aux_1: 0.0664 (0.0751)  loss_giou_aux_1: 0.7125 (0.7228)  loss_fgl_aux_1: 1.1493 (1.1369)  loss_ddf_aux_1: 0.0282 (0.0288)  loss_vfl_pre: 0.7113 (0.7367)  loss_bbox_pre: 0.0852 (0.0951)  loss_giou_pre: 0.8914 (0.9152)  loss_vfl_enc_0: 0.3140 (0.3035)  loss_bbox_enc_0: 0.2680 (0.3176)  loss_giou_enc_0: 2.0001 (1.9997)  loss_vfl_dn_0: 0.4994 (0.5034)  loss_bbox_dn_0: 0.0497 (0.0494)  loss_giou_dn_0: 0.5832 (0.5809)  loss_fgl_dn_0: 1.2526 (1.2487)  loss_ddf_dn_0: 0.2047 (0.1846)  loss_vfl_dn_1: 0.4286 (0.4291)  loss_bbox_dn_1: 0.0366 (0.0366)  loss_giou_dn_1: 0.4506 (0.4571)  loss_fgl_dn_1: 1.2156 (1.2202)  loss_ddf_dn_1: 0.0081 (0.0071)  loss_vfl_dn_2: 0.4268 (0.4268)  loss_bbox_dn_2: 0.0362 (0.0366)  loss_giou_dn_2: 0.4505 (0.4562)  loss_fgl_dn_2: 1.2134 (1.2208)  loss_ddf_dn_2: -0.0000 (0.0000)  loss_vfl_dn_pre: 0.4992 (0.5025)  loss_bbox_dn_pre: 0.0491 (0.0493)  loss_giou_dn_pre: 0.5797 (0.5795)  loss_size: 0.0033 (0.0034)  time: 0.2456  data: 0.0120  max mem: 5225
Epoch: [7/30] Total time: 0:00:11 (0.2536 s / it)
Averaged stats: lr: 0.000100  loss: 20.6964 (20.8036)  loss_vfl: 0.5639 (0.5813)  loss_bbox: 0.0635 (0.0721)  loss_giou: 0.6958 (0.6899)  loss_fgl: 1.1592 (1.1446)  loss_vfl_aux_0: 0.6945 (0.7435)  loss_bbox_aux_0: 0.0880 (0.0950)  loss_giou_aux_0: 0.8843 (0.9175)  loss_fgl_aux_0: 1.0996 (1.0979)  loss_ddf_aux_0: 0.5347 (0.5308)  loss_vfl_aux_1: 0.5804 (0.6077)  loss_bbox_aux_1: 0.0664 (0.0751)  loss_giou_aux_1: 0.7125 (0.7228)  loss_fgl_aux_1: 1.1493 (1.1369)  loss_ddf_aux_1: 0.0282 (0.0288)  loss_vfl_pre: 0.7113 (0.7367)  loss_bbox_pre: 0.0852 (0.0951)  loss_giou_pre: 0.8914 (0.9152)  loss_vfl_enc_0: 0.3140 (0.3035)  loss_bbox_enc_0: 0.2680 (0.3176)  loss_giou_enc_0: 2.0001 (1.9997)  loss_vfl_dn_0: 0.4994 (0.5034)  loss_bbox_dn_0: 0.0497 (0.0494)  loss_giou_dn_0: 0.5832 (0.5809)  loss_fgl_dn_0: 1.2526 (1.2487)  loss_ddf_dn_0: 0.2047 (0.1846)  loss_vfl_dn_1: 0.4286 (0.4291)  loss_bbox_dn_1: 0.0366 (0.0366)  loss_giou_dn_1: 0.4506 (0.4571)  loss_fgl_dn_1: 1.2156 (1.2202)  loss_ddf_dn_1: 0.0081 (0.0071)  loss_vfl_dn_2: 0.4268 (0.4268)  loss_bbox_dn_2: 0.0362 (0.0366)  loss_giou_dn_2: 0.4505 (0.4562)  loss_fgl_dn_2: 1.2134 (1.2208)  loss_ddf_dn_2: -0.0000 (0.0000)  loss_vfl_dn_pre: 0.4992 (0.5025)  loss_bbox_dn_pre: 0.0491 (0.0493)  loss_giou_dn_pre: 0.5797 (0.5795)  loss_size: 0.0033 (0.0034)
Test:  [0/8]  eta: 0:00:02    time: 0.3011  data: 0.2424  max mem: 5225
Test:  [7/8]  eta: 0:00:00    time: 0.1242  data: 0.0431  max mem: 5225
Test: Total time: 0:00:01 (0.1294 s / it)
Metrics: {'f1': 0.7605633802816902, 'precision': 0.7605633802816901, 'recall': 0.7605633802816901, 'iou': 0.43202958526936447, 'TPs': 108, 'FPs': 34, 'FNs': 34}
Averaged stats: 
Accumulating evaluation results...
COCOeval_opt.accumulate() finished...
DONE (t=0.01s).
IoU metric: bbox
 Average Precision  (AP) @[ IoU=0.50:0.95 | area=   all | maxDets=100 ] = 0.309
 Average Precision  (AP) @[ IoU=0.50      | area=   all | maxDets=100 ] = 0.812
 Average Precision  (AP) @[ IoU=0.75      | area=   all | maxDets=100 ] = 0.126
 Average Precision  (AP) @[ IoU=0.50:0.95 | area= small | maxDets=100 ] = 0.309
 Average Precision  (AP) @[ IoU=0.50:0.95 | area=medium | maxDets=100 ] = -1.000
 Average Precision  (AP) @[ IoU=0.50:0.95 | area= large | maxDets=100 ] = -1.000
 Average Recall     (AR) @[ IoU=0.50:0.95 | area=   all | maxDets=  1 ] = 0.169
 Average Recall     (AR) @[ IoU=0.50:0.95 | area=   all | maxDets= 10 ] = 0.473
 Average Recall     (AR) @[ IoU=0.50:0.95 | area=   all | maxDets=100 ] = 0.591
 Average Recall     (AR) @[ IoU=0.50:0.95 | area= small | maxDets=100 ] = 0.591
 Average Recall     (AR) @[ IoU=0.50:0.95 | area=medium | maxDets=100 ] = -1.000
 Average Recall     (AR) @[ IoU=0.50:0.95 | area= large | maxDets=100 ] = -1.000
 Average Recall     (AR) @[ IoU=0.50      | area=   all | maxDets=100 ] = 0.965
 Average Recall     (AR) @[ IoU=0.75      | area=   all | maxDets=100 ] = 0.634
best_stat: {'epoch': 7, 'coco_eval_bbox': 0.30940238423370897}
Epoch: [8/30]  [ 0/45]  eta: 0:00:21  lr: 0.000100  loss: 22.9961 (22.9961)  loss_vfl: 0.6444 (0.6444)  loss_bbox: 0.1876 (0.1876)  loss_giou: 1.2287 (1.2287)  loss_fgl: 0.9214 (0.9214)  loss_vfl_aux_0: 0.6086 (0.6086)  loss_bbox_aux_0: 0.1919 (0.1919)  loss_giou_aux_0: 1.3881 (1.3881)  loss_fgl_aux_0: 0.8655 (0.8655)  loss_ddf_aux_0: 0.6241 (0.6241)  loss_vfl_aux_1: 0.5936 (0.5936)  loss_bbox_aux_1: 0.1941 (0.1941)  loss_giou_aux_1: 1.2424 (1.2424)  loss_fgl_aux_1: 0.9259 (0.9259)  loss_ddf_aux_1: 0.0314 (0.0314)  loss_vfl_pre: 0.6109 (0.6109)  loss_bbox_pre: 0.1853 (0.1853)  loss_giou_pre: 1.3808 (1.3808)  loss_vfl_enc_0: 0.2213 (0.2213)  loss_bbox_enc_0: 0.4139 (0.4139)  loss_giou_enc_0: 2.4944 (2.4944)  loss_vfl_dn_0: 0.5120 (0.5120)  loss_bbox_dn_0: 0.0449 (0.0449)  loss_giou_dn_0: 0.5955 (0.5955)  loss_fgl_dn_0: 1.2385 (1.2385)  loss_ddf_dn_0: 0.1904 (0.1904)  loss_vfl_dn_1: 0.4403 (0.4403)  loss_bbox_dn_1: 0.0336 (0.0336)  loss_giou_dn_1: 0.4663 (0.4663)  loss_fgl_dn_1: 1.2161 (1.2161)  loss_ddf_dn_1: 0.0071 (0.0071)  loss_vfl_dn_2: 0.4390 (0.4390)  loss_bbox_dn_2: 0.0331 (0.0331)  loss_giou_dn_2: 0.4631 (0.4631)  loss_fgl_dn_2: 1.2119 (1.2119)  loss_ddf_dn_2: -0.0000 (0.0000)  loss_vfl_dn_pre: 0.5105 (0.5105)  loss_bbox_dn_pre: 0.0449 (0.0449)  loss_giou_dn_pre: 0.5904 (0.5904)  loss_size: 0.0044 (0.0044)  time: 0.4866  data: 0.2366  max mem: 5225
Epoch: [8/30]  [44/45]  eta: 0:00:00  lr: 0.000100  loss: 20.7215 (21.1565)  loss_vfl: 0.5531 (0.5765)  loss_bbox: 0.0546 (0.0899)  loss_giou: 0.6017 (0.7314)  loss_fgl: 1.1695 (1.1312)  loss_vfl_aux_0: 0.7947 (0.7611)  loss_bbox_aux_0: 0.0879 (0.1216)  loss_giou_aux_0: 0.8727 (0.9840)  loss_fgl_aux_0: 1.1133 (1.0680)  loss_ddf_aux_0: 0.4471 (0.5001)  loss_vfl_aux_1: 0.5916 (0.6020)  loss_bbox_aux_1: 0.0560 (0.0940)  loss_giou_aux_1: 0.6322 (0.7612)  loss_fgl_aux_1: 1.1646 (1.1248)  loss_ddf_aux_1: 0.0281 (0.0293)  loss_vfl_pre: 0.8020 (0.7629)  loss_bbox_pre: 0.0823 (0.1130)  loss_giou_pre: 0.8707 (0.9786)  loss_vfl_enc_0: 0.2954 (0.2660)  loss_bbox_enc_0: 0.3625 (0.3799)  loss_giou_enc_0: 2.0702 (2.1504)  loss_vfl_dn_0: 0.4935 (0.5000)  loss_bbox_dn_0: 0.0475 (0.0479)  loss_giou_dn_0: 0.5557 (0.5695)  loss_fgl_dn_0: 1.2488 (1.2530)  loss_ddf_dn_0: 0.1794 (0.1843)  loss_vfl_dn_1: 0.4215 (0.4266)  loss_bbox_dn_1: 0.0346 (0.0353)  loss_giou_dn_1: 0.4416 (0.4442)  loss_fgl_dn_1: 1.2082 (1.2212)  loss_ddf_dn_1: 0.0053 (0.0062)  loss_vfl_dn_2: 0.4210 (0.4239)  loss_bbox_dn_2: 0.0340 (0.0352)  loss_giou_dn_2: 0.4343 (0.4436)  loss_fgl_dn_2: 1.2085 (1.2214)  loss_ddf_dn_2: -0.0000 (0.0000)  loss_vfl_dn_pre: 0.4941 (0.4993)  loss_bbox_dn_pre: 0.0479 (0.0479)  loss_giou_dn_pre: 0.5552 (0.5680)  loss_size: 0.0028 (0.0032)  time: 0.2453  data: 0.0119  max mem: 5225
Epoch: [8/30] Total time: 0:00:11 (0.2525 s / it)
Averaged stats: lr: 0.000100  loss: 20.7215 (21.1565)  loss_vfl: 0.5531 (0.5765)  loss_bbox: 0.0546 (0.0899)  loss_giou: 0.6017 (0.7314)  loss_fgl: 1.1695 (1.1312)  loss_vfl_aux_0: 0.7947 (0.7611)  loss_bbox_aux_0: 0.0879 (0.1216)  loss_giou_aux_0: 0.8727 (0.9840)  loss_fgl_aux_0: 1.1133 (1.0680)  loss_ddf_aux_0: 0.4471 (0.5001)  loss_vfl_aux_1: 0.5916 (0.6020)  loss_bbox_aux_1: 0.0560 (0.0940)  loss_giou_aux_1: 0.6322 (0.7612)  loss_fgl_aux_1: 1.1646 (1.1248)  loss_ddf_aux_1: 0.0281 (0.0293)  loss_vfl_pre: 0.8020 (0.7629)  loss_bbox_pre: 0.0823 (0.1130)  loss_giou_pre: 0.8707 (0.9786)  loss_vfl_enc_0: 0.2954 (0.2660)  loss_bbox_enc_0: 0.3625 (0.3799)  loss_giou_enc_0: 2.0702 (2.1504)  loss_vfl_dn_0: 0.4935 (0.5000)  loss_bbox_dn_0: 0.0475 (0.0479)  loss_giou_dn_0: 0.5557 (0.5695)  loss_fgl_dn_0: 1.2488 (1.2530)  loss_ddf_dn_0: 0.1794 (0.1843)  loss_vfl_dn_1: 0.4215 (0.4266)  loss_bbox_dn_1: 0.0346 (0.0353)  loss_giou_dn_1: 0.4416 (0.4442)  loss_fgl_dn_1: 1.2082 (1.2212)  loss_ddf_dn_1: 0.0053 (0.0062)  loss_vfl_dn_2: 0.4210 (0.4239)  loss_bbox_dn_2: 0.0340 (0.0352)  loss_giou_dn_2: 0.4343 (0.4436)  loss_fgl_dn_2: 1.2085 (1.2214)  loss_ddf_dn_2: -0.0000 (0.0000)  loss_vfl_dn_pre: 0.4941 (0.4993)  loss_bbox_dn_pre: 0.0479 (0.0479)  loss_giou_dn_pre: 0.5552 (0.5680)  loss_size: 0.0028 (0.0032)
Test:  [0/8]  eta: 0:00:02    time: 0.3134  data: 0.2563  max mem: 5225
Test:  [7/8]  eta: 0:00:00    time: 0.0994  data: 0.0440  max mem: 5225
Test: Total time: 0:00:00 (0.1045 s / it)
Metrics: {'f1': 0.8172757475083057, 'precision': 0.7735849056603774, 'recall': 0.8661971830985915, 'iou': 0.49471156483285883, 'TPs': 123, 'FPs': 36, 'FNs': 19}
Averaged stats: 
Accumulating evaluation results...
COCOeval_opt.accumulate() finished...
DONE (t=0.01s).
IoU metric: bbox
 Average Precision  (AP) @[ IoU=0.50:0.95 | area=   all | maxDets=100 ] = 0.336
 Average Precision  (AP) @[ IoU=0.50      | area=   all | maxDets=100 ] = 0.868
 Average Precision  (AP) @[ IoU=0.75      | area=   all | maxDets=100 ] = 0.143
 Average Precision  (AP) @[ IoU=0.50:0.95 | area= small | maxDets=100 ] = 0.336
 Average Precision  (AP) @[ IoU=0.50:0.95 | area=medium | maxDets=100 ] = -1.000
 Average Precision  (AP) @[ IoU=0.50:0.95 | area= large | maxDets=100 ] = -1.000
 Average Recall     (AR) @[ IoU=0.50:0.95 | area=   all | maxDets=  1 ] = 0.211
 Average Recall     (AR) @[ IoU=0.50:0.95 | area=   all | maxDets= 10 ] = 0.520
 Average Recall     (AR) @[ IoU=0.50:0.95 | area=   all | maxDets=100 ] = 0.601
 Average Recall     (AR) @[ IoU=0.50:0.95 | area= small | maxDets=100 ] = 0.601
 Average Recall     (AR) @[ IoU=0.50:0.95 | area=medium | maxDets=100 ] = -1.000
 Average Recall     (AR) @[ IoU=0.50:0.95 | area= large | maxDets=100 ] = -1.000
 Average Recall     (AR) @[ IoU=0.50      | area=   all | maxDets=100 ] = 0.993
 Average Recall     (AR) @[ IoU=0.75      | area=   all | maxDets=100 ] = 0.620
best_stat: {'epoch': 8, 'coco_eval_bbox': 0.3358378074749391}
Epoch: [9/30]  [ 0/45]  eta: 0:00:21  lr: 0.000100  loss: 21.0561 (21.0561)  loss_vfl: 0.5301 (0.5301)  loss_bbox: 0.0674 (0.0674)  loss_giou: 0.6776 (0.6776)  loss_fgl: 1.0772 (1.0772)  loss_vfl_aux_0: 1.0990 (1.0990)  loss_bbox_aux_0: 0.0991 (0.0991)  loss_giou_aux_0: 0.9045 (0.9045)  loss_fgl_aux_0: 1.0696 (1.0696)  loss_ddf_aux_0: 0.4369 (0.4369)  loss_vfl_aux_1: 0.6031 (0.6031)  loss_bbox_aux_1: 0.0688 (0.0688)  loss_giou_aux_1: 0.6856 (0.6856)  loss_fgl_aux_1: 1.0894 (1.0894)  loss_ddf_aux_1: 0.0237 (0.0237)  loss_vfl_pre: 1.0807 (1.0807)  loss_bbox_pre: 0.0975 (0.0975)  loss_giou_pre: 0.9082 (0.9082)  loss_vfl_enc_0: 0.5769 (0.5769)  loss_bbox_enc_0: 0.3272 (0.3272)  loss_giou_enc_0: 1.9344 (1.9344)  loss_vfl_dn_0: 0.4933 (0.4933)  loss_bbox_dn_0: 0.0420 (0.0420)  loss_giou_dn_0: 0.5356 (0.5356)  loss_fgl_dn_0: 1.2562 (1.2562)  loss_ddf_dn_0: 0.1630 (0.1630)  loss_vfl_dn_1: 0.4100 (0.4100)  loss_bbox_dn_1: 0.0316 (0.0316)  loss_giou_dn_1: 0.4200 (0.4200)  loss_fgl_dn_1: 1.2097 (1.2097)  loss_ddf_dn_1: 0.0035 (0.0035)  loss_vfl_dn_2: 0.4020 (0.4020)  loss_bbox_dn_2: 0.0314 (0.0314)  loss_giou_dn_2: 0.4182 (0.4182)  loss_fgl_dn_2: 1.2093 (1.2093)  loss_ddf_dn_2: -0.0000 (0.0000)  loss_vfl_dn_pre: 0.4944 (0.4944)  loss_bbox_dn_pre: 0.0420 (0.0420)  loss_giou_dn_pre: 0.5334 (0.5334)  loss_size: 0.0033 (0.0033)  time: 0.4855  data: 0.2435  max mem: 5225
Epoch: [9/30]  [44/45]  eta: 0:00:00  lr: 0.000100  loss: 20.2223 (20.1495)  loss_vfl: 0.4836 (0.5107)  loss_bbox: 0.0568 (0.0649)  loss_giou: 0.6337 (0.6295)  loss_fgl: 1.1914 (1.1996)  loss_vfl_aux_0: 0.8294 (0.8745)  loss_bbox_aux_0: 0.0717 (0.0841)  loss_giou_aux_0: 0.7704 (0.7444)  loss_fgl_aux_0: 1.1690 (1.1799)  loss_ddf_aux_0: 0.3893 (0.3918)  loss_vfl_aux_1: 0.5180 (0.5426)  loss_bbox_aux_1: 0.0599 (0.0661)  loss_giou_aux_1: 0.6385 (0.6410)  loss_fgl_aux_1: 1.1877 (1.1965)  loss_ddf_aux_1: 0.0116 (0.0173)  loss_vfl_pre: 0.8187 (0.8742)  loss_bbox_pre: 0.0711 (0.0794)  loss_giou_pre: 0.7643 (0.7449)  loss_vfl_enc_0: 0.7545 (0.6902)  loss_bbox_enc_0: 0.1494 (0.1989)  loss_giou_enc_0: 1.3791 (1.4899)  loss_vfl_dn_0: 0.4861 (0.4909)  loss_bbox_dn_0: 0.0489 (0.0486)  loss_giou_dn_0: 0.5740 (0.5698)  loss_fgl_dn_0: 1.2525 (1.2584)  loss_ddf_dn_0: 0.1883 (0.1971)  loss_vfl_dn_1: 0.4250 (0.4248)  loss_bbox_dn_1: 0.0370 (0.0355)  loss_giou_dn_1: 0.4396 (0.4438)  loss_fgl_dn_1: 1.2176 (1.2223)  loss_ddf_dn_1: 0.0049 (0.0049)  loss_vfl_dn_2: 0.4228 (0.4213)  loss_bbox_dn_2: 0.0364 (0.0355)  loss_giou_dn_2: 0.4419 (0.4431)  loss_fgl_dn_2: 1.2165 (1.2231)  loss_ddf_dn_2: -0.0000 (0.0000)  loss_vfl_dn_pre: 0.4873 (0.4911)  loss_bbox_dn_pre: 0.0488 (0.0483)  loss_giou_dn_pre: 0.5724 (0.5675)  loss_size: 0.0032 (0.0033)  time: 0.2423  data: 0.0118  max mem: 5225
Epoch: [9/30] Total time: 0:00:11 (0.2494 s / it)
Averaged stats: lr: 0.000100  loss: 20.2223 (20.1495)  loss_vfl: 0.4836 (0.5107)  loss_bbox: 0.0568 (0.0649)  loss_giou: 0.6337 (0.6295)  loss_fgl: 1.1914 (1.1996)  loss_vfl_aux_0: 0.8294 (0.8745)  loss_bbox_aux_0: 0.0717 (0.0841)  loss_giou_aux_0: 0.7704 (0.7444)  loss_fgl_aux_0: 1.1690 (1.1799)  loss_ddf_aux_0: 0.3893 (0.3918)  loss_vfl_aux_1: 0.5180 (0.5426)  loss_bbox_aux_1: 0.0599 (0.0661)  loss_giou_aux_1: 0.6385 (0.6410)  loss_fgl_aux_1: 1.1877 (1.1965)  loss_ddf_aux_1: 0.0116 (0.0173)  loss_vfl_pre: 0.8187 (0.8742)  loss_bbox_pre: 0.0711 (0.0794)  loss_giou_pre: 0.7643 (0.7449)  loss_vfl_enc_0: 0.7545 (0.6902)  loss_bbox_enc_0: 0.1494 (0.1989)  loss_giou_enc_0: 1.3791 (1.4899)  loss_vfl_dn_0: 0.4861 (0.4909)  loss_bbox_dn_0: 0.0489 (0.0486)  loss_giou_dn_0: 0.5740 (0.5698)  loss_fgl_dn_0: 1.2525 (1.2584)  loss_ddf_dn_0: 0.1883 (0.1971)  loss_vfl_dn_1: 0.4250 (0.4248)  loss_bbox_dn_1: 0.0370 (0.0355)  loss_giou_dn_1: 0.4396 (0.4438)  loss_fgl_dn_1: 1.2176 (1.2223)  loss_ddf_dn_1: 0.0049 (0.0049)  loss_vfl_dn_2: 0.4228 (0.4213)  loss_bbox_dn_2: 0.0364 (0.0355)  loss_giou_dn_2: 0.4419 (0.4431)  loss_fgl_dn_2: 1.2165 (1.2231)  loss_ddf_dn_2: -0.0000 (0.0000)  loss_vfl_dn_pre: 0.4873 (0.4911)  loss_bbox_dn_pre: 0.0488 (0.0483)  loss_giou_dn_pre: 0.5724 (0.5675)  loss_size: 0.0032 (0.0033)
Test:  [0/8]  eta: 0:00:02    time: 0.2931  data: 0.2358  max mem: 5225
Test:  [7/8]  eta: 0:00:00    time: 0.0980  data: 0.0420  max mem: 5225
Test: Total time: 0:00:00 (0.1057 s / it)
Metrics: {'f1': 0.8389261744966443, 'precision': 0.8012820512820513, 'recall': 0.8802816901408451, 'iou': 0.5128219713365412, 'TPs': 125, 'FPs': 31, 'FNs': 17}
Averaged stats: 
Accumulating evaluation results...
COCOeval_opt.accumulate() finished...
DONE (t=0.01s).
IoU metric: bbox
 Average Precision  (AP) @[ IoU=0.50:0.95 | area=   all | maxDets=100 ] = 0.346
 Average Precision  (AP) @[ IoU=0.50      | area=   all | maxDets=100 ] = 0.895
 Average Precision  (AP) @[ IoU=0.75      | area=   all | maxDets=100 ] = 0.135
 Average Precision  (AP) @[ IoU=0.50:0.95 | area= small | maxDets=100 ] = 0.346
 Average Precision  (AP) @[ IoU=0.50:0.95 | area=medium | maxDets=100 ] = -1.000
 Average Precision  (AP) @[ IoU=0.50:0.95 | area= large | maxDets=100 ] = -1.000
 Average Recall     (AR) @[ IoU=0.50:0.95 | area=   all | maxDets=  1 ] = 0.203
 Average Recall     (AR) @[ IoU=0.50:0.95 | area=   all | maxDets= 10 ] = 0.508
 Average Recall     (AR) @[ IoU=0.50:0.95 | area=   all | maxDets=100 ] = 0.623
 Average Recall     (AR) @[ IoU=0.50:0.95 | area= small | maxDets=100 ] = 0.623
 Average Recall     (AR) @[ IoU=0.50:0.95 | area=medium | maxDets=100 ] = -1.000
 Average Recall     (AR) @[ IoU=0.50:0.95 | area= large | maxDets=100 ] = -1.000
 Average Recall     (AR) @[ IoU=0.50      | area=   all | maxDets=100 ] = 0.993
 Average Recall     (AR) @[ IoU=0.75      | area=   all | maxDets=100 ] = 0.732
best_stat: {'epoch': 9, 'coco_eval_bbox': 0.34559059889799626}
Epoch: [10/30]  [ 0/45]  eta: 0:00:22  lr: 0.000100  loss: 20.5318 (20.5318)  loss_vfl: 0.4761 (0.4761)  loss_bbox: 0.1022 (0.1022)  loss_giou: 0.7203 (0.7203)  loss_fgl: 1.1808 (1.1808)  loss_vfl_aux_0: 0.8485 (0.8485)  loss_bbox_aux_0: 0.1748 (0.1748)  loss_giou_aux_0: 0.7969 (0.7969)  loss_fgl_aux_0: 1.1393 (1.1393)  loss_ddf_aux_0: 0.3812 (0.3812)  loss_vfl_aux_1: 0.5054 (0.5054)  loss_bbox_aux_1: 0.1061 (0.1061)  loss_giou_aux_1: 0.7694 (0.7694)  loss_fgl_aux_1: 1.1641 (1.1641)  loss_ddf_aux_1: 0.0138 (0.0138)  loss_vfl_pre: 0.8533 (0.8533)  loss_bbox_pre: 0.1600 (0.1600)  loss_giou_pre: 0.8140 (0.8140)  loss_vfl_enc_0: 0.8861 (0.8861)  loss_bbox_enc_0: 0.2124 (0.2124)  loss_giou_enc_0: 1.4302 (1.4302)  loss_vfl_dn_0: 0.4843 (0.4843)  loss_bbox_dn_0: 0.0438 (0.0438)  loss_giou_dn_0: 0.5227 (0.5227)  loss_fgl_dn_0: 1.2632 (1.2632)  loss_ddf_dn_0: 0.1378 (0.1378)  loss_vfl_dn_1: 0.4141 (0.4141)  loss_bbox_dn_1: 0.0362 (0.0362)  loss_giou_dn_1: 0.4498 (0.4498)  loss_fgl_dn_1: 1.2426 (1.2426)  loss_ddf_dn_1: 0.0031 (0.0031)  loss_vfl_dn_2: 0.4143 (0.4143)  loss_bbox_dn_2: 0.0366 (0.0366)  loss_giou_dn_2: 0.4531 (0.4531)  loss_fgl_dn_2: 1.2434 (1.2434)  loss_ddf_dn_2: -0.0000 (0.0000)  loss_vfl_dn_pre: 0.4830 (0.4830)  loss_bbox_dn_pre: 0.0438 (0.0438)  loss_giou_dn_pre: 0.5226 (0.5226)  loss_size: 0.0024 (0.0024)  time: 0.4910  data: 0.2474  max mem: 5225
Epoch: [10/30]  [44/45]  eta: 0:00:00  lr: 0.000100  loss: 20.0065 (20.3310)  loss_vfl: 0.5191 (0.5146)  loss_bbox: 0.0915 (0.0910)  loss_giou: 0.6672 (0.7104)  loss_fgl: 1.1653 (1.1736)  loss_vfl_aux_0: 0.7969 (0.8072)  loss_bbox_aux_0: 0.1217 (0.1160)  loss_giou_aux_0: 0.8217 (0.8417)  loss_fgl_aux_0: 1.1254 (1.1271)  loss_ddf_aux_0: 0.2099 (0.2564)  loss_vfl_aux_1: 0.5456 (0.5362)  loss_bbox_aux_1: 0.0948 (0.0957)  loss_giou_aux_1: 0.6912 (0.7435)  loss_fgl_aux_1: 1.1445 (1.1561)  loss_ddf_aux_1: 0.0134 (0.0148)  loss_vfl_pre: 0.7850 (0.8073)  loss_bbox_pre: 0.0998 (0.1045)  loss_giou_pre: 0.7984 (0.8295)  loss_vfl_enc_0: 0.8368 (0.8141)  loss_bbox_enc_0: 0.2509 (0.2661)  loss_giou_enc_0: 1.5079 (1.4280)  loss_vfl_dn_0: 0.4797 (0.4837)  loss_bbox_dn_0: 0.0478 (0.0483)  loss_giou_dn_0: 0.5539 (0.5751)  loss_fgl_dn_0: 1.2457 (1.2516)  loss_ddf_dn_0: 0.2060 (0.2059)  loss_vfl_dn_1: 0.4174 (0.4219)  loss_bbox_dn_1: 0.0343 (0.0348)  loss_giou_dn_1: 0.4206 (0.4378)  loss_fgl_dn_1: 1.2087 (1.2173)  loss_ddf_dn_1: 0.0055 (0.0055)  loss_vfl_dn_2: 0.4172 (0.4204)  loss_bbox_dn_2: 0.0341 (0.0347)  loss_giou_dn_2: 0.4183 (0.4358)  loss_fgl_dn_2: 1.2078 (1.2175)  loss_ddf_dn_2: -0.0000 (0.0000)  loss_vfl_dn_pre: 0.4805 (0.4838)  loss_bbox_dn_pre: 0.0474 (0.0480)  loss_giou_dn_pre: 0.5556 (0.5719)  loss_size: 0.0026 (0.0033)  time: 0.2419  data: 0.0118  max mem: 5225
Epoch: [10/30] Total time: 0:00:11 (0.2495 s / it)
Averaged stats: lr: 0.000100  loss: 20.0065 (20.3310)  loss_vfl: 0.5191 (0.5146)  loss_bbox: 0.0915 (0.0910)  loss_giou: 0.6672 (0.7104)  loss_fgl: 1.1653 (1.1736)  loss_vfl_aux_0: 0.7969 (0.8072)  loss_bbox_aux_0: 0.1217 (0.1160)  loss_giou_aux_0: 0.8217 (0.8417)  loss_fgl_aux_0: 1.1254 (1.1271)  loss_ddf_aux_0: 0.2099 (0.2564)  loss_vfl_aux_1: 0.5456 (0.5362)  loss_bbox_aux_1: 0.0948 (0.0957)  loss_giou_aux_1: 0.6912 (0.7435)  loss_fgl_aux_1: 1.1445 (1.1561)  loss_ddf_aux_1: 0.0134 (0.0148)  loss_vfl_pre: 0.7850 (0.8073)  loss_bbox_pre: 0.0998 (0.1045)  loss_giou_pre: 0.7984 (0.8295)  loss_vfl_enc_0: 0.8368 (0.8141)  loss_bbox_enc_0: 0.2509 (0.2661)  loss_giou_enc_0: 1.5079 (1.4280)  loss_vfl_dn_0: 0.4797 (0.4837)  loss_bbox_dn_0: 0.0478 (0.0483)  loss_giou_dn_0: 0.5539 (0.5751)  loss_fgl_dn_0: 1.2457 (1.2516)  loss_ddf_dn_0: 0.2060 (0.2059)  loss_vfl_dn_1: 0.4174 (0.4219)  loss_bbox_dn_1: 0.0343 (0.0348)  loss_giou_dn_1: 0.4206 (0.4378)  loss_fgl_dn_1: 1.2087 (1.2173)  loss_ddf_dn_1: 0.0055 (0.0055)  loss_vfl_dn_2: 0.4172 (0.4204)  loss_bbox_dn_2: 0.0341 (0.0347)  loss_giou_dn_2: 0.4183 (0.4358)  loss_fgl_dn_2: 1.2078 (1.2175)  loss_ddf_dn_2: -0.0000 (0.0000)  loss_vfl_dn_pre: 0.4805 (0.4838)  loss_bbox_dn_pre: 0.0474 (0.0480)  loss_giou_dn_pre: 0.5556 (0.5719)  loss_size: 0.0026 (0.0033)
Test:  [0/8]  eta: 0:00:02    time: 0.2910  data: 0.2337  max mem: 5225
Test:  [7/8]  eta: 0:00:00    time: 0.1222  data: 0.0427  max mem: 5225
Test: Total time: 0:00:01 (0.1269 s / it)
Metrics: {'f1': 0.8815789473684211, 'precision': 0.8271604938271605, 'recall': 0.9436619718309859, 'iou': 0.5663167494184831, 'TPs': 134, 'FPs': 28, 'FNs': 8}
Averaged stats: 
Accumulating evaluation results...
COCOeval_opt.accumulate() finished...
DONE (t=0.01s).
IoU metric: bbox
 Average Precision  (AP) @[ IoU=0.50:0.95 | area=   all | maxDets=100 ] = 0.387
 Average Precision  (AP) @[ IoU=0.50      | area=   all | maxDets=100 ] = 0.936
 Average Precision  (AP) @[ IoU=0.75      | area=   all | maxDets=100 ] = 0.156
 Average Precision  (AP) @[ IoU=0.50:0.95 | area= small | maxDets=100 ] = 0.387
 Average Precision  (AP) @[ IoU=0.50:0.95 | area=medium | maxDets=100 ] = -1.000
 Average Precision  (AP) @[ IoU=0.50:0.95 | area= large | maxDets=100 ] = -1.000
 Average Recall     (AR) @[ IoU=0.50:0.95 | area=   all | maxDets=  1 ] = 0.223
 Average Recall     (AR) @[ IoU=0.50:0.95 | area=   all | maxDets= 10 ] = 0.521
 Average Recall     (AR) @[ IoU=0.50:0.95 | area=   all | maxDets=100 ] = 0.635
 Average Recall     (AR) @[ IoU=0.50:0.95 | area= small | maxDets=100 ] = 0.635
 Average Recall     (AR) @[ IoU=0.50:0.95 | area=medium | maxDets=100 ] = -1.000
 Average Recall     (AR) @[ IoU=0.50:0.95 | area= large | maxDets=100 ] = -1.000
 Average Recall     (AR) @[ IoU=0.50      | area=   all | maxDets=100 ] = 1.000
 Average Recall     (AR) @[ IoU=0.75      | area=   all | maxDets=100 ] = 0.725
best_stat: {'epoch': 10, 'coco_eval_bbox': 0.38651277206874896}
Epoch: [11/30]  [ 0/45]  eta: 0:00:21  lr: 0.000100  loss: 19.8183 (19.8183)  loss_vfl: 0.4377 (0.4377)  loss_bbox: 0.1156 (0.1156)  loss_giou: 0.7655 (0.7655)  loss_fgl: 1.1252 (1.1252)  loss_vfl_aux_0: 0.7340 (0.7340)  loss_bbox_aux_0: 0.1552 (0.1552)  loss_giou_aux_0: 0.8567 (0.8567)  loss_fgl_aux_0: 1.1145 (1.1145)  loss_ddf_aux_0: 0.1431 (0.1431)  loss_vfl_aux_1: 0.5502 (0.5502)  loss_bbox_aux_1: 0.1165 (0.1165)  loss_giou_aux_1: 0.7890 (0.7890)  loss_fgl_aux_1: 1.1213 (1.1213)  loss_ddf_aux_1: 0.0101 (0.0101)  loss_vfl_pre: 0.7630 (0.7630)  loss_bbox_pre: 0.1206 (0.1206)  loss_giou_pre: 0.8150 (0.8150)  loss_vfl_enc_0: 0.8002 (0.8002)  loss_bbox_enc_0: 0.2750 (0.2750)  loss_giou_enc_0: 1.3963 (1.3963)  loss_vfl_dn_0: 0.4877 (0.4877)  loss_bbox_dn_0: 0.0415 (0.0415)  loss_giou_dn_0: 0.4854 (0.4854)  loss_fgl_dn_0: 1.2499 (1.2499)  loss_ddf_dn_0: 0.1992 (0.1992)  loss_vfl_dn_1: 0.4189 (0.4189)  loss_bbox_dn_1: 0.0331 (0.0331)  loss_giou_dn_1: 0.4097 (0.4097)  loss_fgl_dn_1: 1.2053 (1.2053)  loss_ddf_dn_1: 0.0041 (0.0041)  loss_vfl_dn_2: 0.4132 (0.4132)  loss_bbox_dn_2: 0.0335 (0.0335)  loss_giou_dn_2: 0.4117 (0.4117)  loss_fgl_dn_2: 1.2059 (1.2059)  loss_ddf_dn_2: -0.0000 (0.0000)  loss_vfl_dn_pre: 0.4883 (0.4883)  loss_bbox_dn_pre: 0.0412 (0.0412)  loss_giou_dn_pre: 0.4824 (0.4824)  loss_size: 0.0027 (0.0027)  time: 0.4836  data: 0.2433  max mem: 5225
Epoch: [11/30]  [44/45]  eta: 0:00:00  lr: 0.000100  loss: 18.9923 (19.6594)  loss_vfl: 0.4669 (0.4886)  loss_bbox: 0.0486 (0.0794)  loss_giou: 0.5611 (0.6510)  loss_fgl: 1.2381 (1.1796)  loss_vfl_aux_0: 0.7448 (0.7393)  loss_bbox_aux_0: 0.0618 (0.1133)  loss_giou_aux_0: 0.6853 (0.7795)  loss_fgl_aux_0: 1.2252 (1.1540)  loss_ddf_aux_0: 0.1823 (0.1901)  loss_vfl_aux_1: 0.5022 (0.5243)  loss_bbox_aux_1: 0.0523 (0.0823)  loss_giou_aux_1: 0.5942 (0.6800)  loss_fgl_aux_1: 1.2340 (1.1737)  loss_ddf_aux_1: 0.0122 (0.0173)  loss_vfl_pre: 0.7445 (0.7404)  loss_bbox_pre: 0.0616 (0.0953)  loss_giou_pre: 0.6911 (0.7845)  loss_vfl_enc_0: 0.8870 (0.7845)  loss_bbox_enc_0: 0.1023 (0.1898)  loss_giou_enc_0: 1.0454 (1.3575)  loss_vfl_dn_0: 0.4786 (0.4844)  loss_bbox_dn_0: 0.0475 (0.0475)  loss_giou_dn_0: 0.5699 (0.5627)  loss_fgl_dn_0: 1.2398 (1.2469)  loss_ddf_dn_0: 0.2211 (0.2074)  loss_vfl_dn_1: 0.4216 (0.4219)  loss_bbox_dn_1: 0.0349 (0.0347)  loss_giou_dn_1: 0.4383 (0.4353)  loss_fgl_dn_1: 1.2098 (1.2124)  loss_ddf_dn_1: 0.0060 (0.0057)  loss_vfl_dn_2: 0.4189 (0.4183)  loss_bbox_dn_2: 0.0350 (0.0346)  loss_giou_dn_2: 0.4353 (0.4347)  loss_fgl_dn_2: 1.2085 (1.2128)  loss_ddf_dn_2: -0.0000 (0.0000)  loss_vfl_dn_pre: 0.4793 (0.4839)  loss_bbox_dn_pre: 0.0479 (0.0474)  loss_giou_dn_pre: 0.5712 (0.5610)  loss_size: 0.0025 (0.0034)  time: 0.2401  data: 0.0116  max mem: 5225
Epoch: [11/30] Total time: 0:00:11 (0.2480 s / it)
Averaged stats: lr: 0.000100  loss: 18.9923 (19.6594)  loss_vfl: 0.4669 (0.4886)  loss_bbox: 0.0486 (0.0794)  loss_giou: 0.5611 (0.6510)  loss_fgl: 1.2381 (1.1796)  loss_vfl_aux_0: 0.7448 (0.7393)  loss_bbox_aux_0: 0.0618 (0.1133)  loss_giou_aux_0: 0.6853 (0.7795)  loss_fgl_aux_0: 1.2252 (1.1540)  loss_ddf_aux_0: 0.1823 (0.1901)  loss_vfl_aux_1: 0.5022 (0.5243)  loss_bbox_aux_1: 0.0523 (0.0823)  loss_giou_aux_1: 0.5942 (0.6800)  loss_fgl_aux_1: 1.2340 (1.1737)  loss_ddf_aux_1: 0.0122 (0.0173)  loss_vfl_pre: 0.7445 (0.7404)  loss_bbox_pre: 0.0616 (0.0953)  loss_giou_pre: 0.6911 (0.7845)  loss_vfl_enc_0: 0.8870 (0.7845)  loss_bbox_enc_0: 0.1023 (0.1898)  loss_giou_enc_0: 1.0454 (1.3575)  loss_vfl_dn_0: 0.4786 (0.4844)  loss_bbox_dn_0: 0.0475 (0.0475)  loss_giou_dn_0: 0.5699 (0.5627)  loss_fgl_dn_0: 1.2398 (1.2469)  loss_ddf_dn_0: 0.2211 (0.2074)  loss_vfl_dn_1: 0.4216 (0.4219)  loss_bbox_dn_1: 0.0349 (0.0347)  loss_giou_dn_1: 0.4383 (0.4353)  loss_fgl_dn_1: 1.2098 (1.2124)  loss_ddf_dn_1: 0.0060 (0.0057)  loss_vfl_dn_2: 0.4189 (0.4183)  loss_bbox_dn_2: 0.0350 (0.0346)  loss_giou_dn_2: 0.4353 (0.4347)  loss_fgl_dn_2: 1.2085 (1.2128)  loss_ddf_dn_2: -0.0000 (0.0000)  loss_vfl_dn_pre: 0.4793 (0.4839)  loss_bbox_dn_pre: 0.0479 (0.0474)  loss_giou_dn_pre: 0.5712 (0.5610)  loss_size: 0.0025 (0.0034)
Test:  [0/8]  eta: 0:00:02    time: 0.3047  data: 0.2457  max mem: 5225
Test:  [7/8]  eta: 0:00:00    time: 0.1026  data: 0.0458  max mem: 5225
Test: Total time: 0:00:00 (0.1075 s / it)
Metrics: {'f1': 0.8673139158576052, 'precision': 0.8023952095808383, 'recall': 0.9436619718309859, 'iou': 0.550234979561397, 'TPs': 134, 'FPs': 33, 'FNs': 8}
Averaged stats: 
Accumulating evaluation results...
COCOeval_opt.accumulate() finished...
DONE (t=0.01s).
IoU metric: bbox
 Average Precision  (AP) @[ IoU=0.50:0.95 | area=   all | maxDets=100 ] = 0.377
 Average Precision  (AP) @[ IoU=0.50      | area=   all | maxDets=100 ] = 0.923
 Average Precision  (AP) @[ IoU=0.75      | area=   all | maxDets=100 ] = 0.156
 Average Precision  (AP) @[ IoU=0.50:0.95 | area= small | maxDets=100 ] = 0.377
 Average Precision  (AP) @[ IoU=0.50:0.95 | area=medium | maxDets=100 ] = -1.000
 Average Precision  (AP) @[ IoU=0.50:0.95 | area= large | maxDets=100 ] = -1.000
 Average Recall     (AR) @[ IoU=0.50:0.95 | area=   all | maxDets=  1 ] = 0.221
 Average Recall     (AR) @[ IoU=0.50:0.95 | area=   all | maxDets= 10 ] = 0.518
 Average Recall     (AR) @[ IoU=0.50:0.95 | area=   all | maxDets=100 ] = 0.630
 Average Recall     (AR) @[ IoU=0.50:0.95 | area= small | maxDets=100 ] = 0.630
 Average Recall     (AR) @[ IoU=0.50:0.95 | area=medium | maxDets=100 ] = -1.000
 Average Recall     (AR) @[ IoU=0.50:0.95 | area= large | maxDets=100 ] = -1.000
 Average Recall     (AR) @[ IoU=0.50      | area=   all | maxDets=100 ] = 1.000
 Average Recall     (AR) @[ IoU=0.75      | area=   all | maxDets=100 ] = 0.725
best_stat: {'epoch': 10, 'coco_eval_bbox': 0.38651277206874896}
Epoch: [12/30]  [ 0/45]  eta: 0:00:22  lr: 0.000100  loss: 19.0125 (19.0125)  loss_vfl: 0.4481 (0.4481)  loss_bbox: 0.0458 (0.0458)  loss_giou: 0.5605 (0.5605)  loss_fgl: 1.2016 (1.2016)  loss_vfl_aux_0: 0.8241 (0.8241)  loss_bbox_aux_0: 0.0653 (0.0653)  loss_giou_aux_0: 0.6406 (0.6406)  loss_fgl_aux_0: 1.1780 (1.1780)  loss_ddf_aux_0: 0.1800 (0.1800)  loss_vfl_aux_1: 0.5191 (0.5191)  loss_bbox_aux_1: 0.0464 (0.0464)  loss_giou_aux_1: 0.5654 (0.5654)  loss_fgl_aux_1: 1.2018 (1.2018)  loss_ddf_aux_1: 0.0155 (0.0155)  loss_vfl_pre: 0.7836 (0.7836)  loss_bbox_pre: 0.0636 (0.0636)  loss_giou_pre: 0.6410 (0.6410)  loss_vfl_enc_0: 0.9844 (0.9844)  loss_bbox_enc_0: 0.1256 (0.1256)  loss_giou_enc_0: 1.1200 (1.1200)  loss_vfl_dn_0: 0.4909 (0.4909)  loss_bbox_dn_0: 0.0434 (0.0434)  loss_giou_dn_0: 0.5459 (0.5459)  loss_fgl_dn_0: 1.2233 (1.2233)  loss_ddf_dn_0: 0.1917 (0.1917)  loss_vfl_dn_1: 0.4233 (0.4233)  loss_bbox_dn_1: 0.0344 (0.0344)  loss_giou_dn_1: 0.4528 (0.4528)  loss_fgl_dn_1: 1.2059 (1.2059)  loss_ddf_dn_1: 0.0056 (0.0056)  loss_vfl_dn_2: 0.4158 (0.4158)  loss_bbox_dn_2: 0.0341 (0.0341)  loss_giou_dn_2: 0.4485 (0.4485)  loss_fgl_dn_2: 1.2024 (1.2024)  loss_ddf_dn_2: -0.0000 (0.0000)  loss_vfl_dn_pre: 0.4894 (0.4894)  loss_bbox_dn_pre: 0.0437 (0.0437)  loss_giou_dn_pre: 0.5471 (0.5471)  loss_size: 0.0039 (0.0039)  time: 0.4976  data: 0.2553  max mem: 5225
Epoch: [12/30]  [44/45]  eta: 0:00:00  lr: 0.000100  loss: 19.1888 (19.0147)  loss_vfl: 0.4808 (0.4710)  loss_bbox: 0.0484 (0.0564)  loss_giou: 0.5730 (0.5650)  loss_fgl: 1.2205 (1.2179)  loss_vfl_aux_0: 0.7192 (0.7275)  loss_bbox_aux_0: 0.0647 (0.0767)  loss_giou_aux_0: 0.7018 (0.6685)  loss_fgl_aux_0: 1.1989 (1.1972)  loss_ddf_aux_0: 0.1671 (0.1924)  loss_vfl_aux_1: 0.4989 (0.5075)  loss_bbox_aux_1: 0.0499 (0.0582)  loss_giou_aux_1: 0.5879 (0.5840)  loss_fgl_aux_1: 1.2179 (1.2120)  loss_ddf_aux_1: 0.0114 (0.0150)  loss_vfl_pre: 0.7195 (0.7295)  loss_bbox_pre: 0.0647 (0.0699)  loss_giou_pre: 0.7223 (0.6682)  loss_vfl_enc_0: 0.9687 (0.9643)  loss_bbox_enc_0: 0.1165 (0.1441)  loss_giou_enc_0: 1.1624 (1.1537)  loss_vfl_dn_0: 0.4781 (0.4808)  loss_bbox_dn_0: 0.0433 (0.0448)  loss_giou_dn_0: 0.5289 (0.5325)  loss_fgl_dn_0: 1.2553 (1.2563)  loss_ddf_dn_0: 0.2082 (0.2121)  loss_vfl_dn_1: 0.4127 (0.4125)  loss_bbox_dn_1: 0.0332 (0.0332)  loss_giou_dn_1: 0.4156 (0.4161)  loss_fgl_dn_1: 1.2101 (1.2137)  loss_ddf_dn_1: 0.0050 (0.0054)  loss_vfl_dn_2: 0.4128 (0.4094)  loss_bbox_dn_2: 0.0326 (0.0331)  loss_giou_dn_2: 0.4096 (0.4149)  loss_fgl_dn_2: 1.2114 (1.2138)  loss_ddf_dn_2: -0.0000 (0.0000)  loss_vfl_dn_pre: 0.4775 (0.4802)  loss_bbox_dn_pre: 0.0436 (0.0446)  loss_giou_dn_pre: 0.5249 (0.5299)  loss_size: 0.0024 (0.0026)  time: 0.2430  data: 0.0118  max mem: 5225
Epoch: [12/30] Total time: 0:00:11 (0.2505 s / it)
Averaged stats: lr: 0.000100  loss: 19.1888 (19.0147)  loss_vfl: 0.4808 (0.4710)  loss_bbox: 0.0484 (0.0564)  loss_giou: 0.5730 (0.5650)  loss_fgl: 1.2205 (1.2179)  loss_vfl_aux_0: 0.7192 (0.7275)  loss_bbox_aux_0: 0.0647 (0.0767)  loss_giou_aux_0: 0.7018 (0.6685)  loss_fgl_aux_0: 1.1989 (1.1972)  loss_ddf_aux_0: 0.1671 (0.1924)  loss_vfl_aux_1: 0.4989 (0.5075)  loss_bbox_aux_1: 0.0499 (0.0582)  loss_giou_aux_1: 0.5879 (0.5840)  loss_fgl_aux_1: 1.2179 (1.2120)  loss_ddf_aux_1: 0.0114 (0.0150)  loss_vfl_pre: 0.7195 (0.7295)  loss_bbox_pre: 0.0647 (0.0699)  loss_giou_pre: 0.7223 (0.6682)  loss_vfl_enc_0: 0.9687 (0.9643)  loss_bbox_enc_0: 0.1165 (0.1441)  loss_giou_enc_0: 1.1624 (1.1537)  loss_vfl_dn_0: 0.4781 (0.4808)  loss_bbox_dn_0: 0.0433 (0.0448)  loss_giou_dn_0: 0.5289 (0.5325)  loss_fgl_dn_0: 1.2553 (1.2563)  loss_ddf_dn_0: 0.2082 (0.2121)  loss_vfl_dn_1: 0.4127 (0.4125)  loss_bbox_dn_1: 0.0332 (0.0332)  loss_giou_dn_1: 0.4156 (0.4161)  loss_fgl_dn_1: 1.2101 (1.2137)  loss_ddf_dn_1: 0.0050 (0.0054)  loss_vfl_dn_2: 0.4128 (0.4094)  loss_bbox_dn_2: 0.0326 (0.0331)  loss_giou_dn_2: 0.4096 (0.4149)  loss_fgl_dn_2: 1.2114 (1.2138)  loss_ddf_dn_2: -0.0000 (0.0000)  loss_vfl_dn_pre: 0.4775 (0.4802)  loss_bbox_dn_pre: 0.0436 (0.0446)  loss_giou_dn_pre: 0.5249 (0.5299)  loss_size: 0.0024 (0.0026)
Test:  [0/8]  eta: 0:00:02    time: 0.3060  data: 0.2480  max mem: 5225
Test:  [7/8]  eta: 0:00:00    time: 0.1231  data: 0.0423  max mem: 5225
Test: Total time: 0:00:01 (0.1281 s / it)
Metrics: {'f1': 0.8903654485049834, 'precision': 0.8427672955974843, 'recall': 0.9436619718309859, 'iou': 0.5737628715480872, 'TPs': 134, 'FPs': 25, 'FNs': 8}
Averaged stats: 
Accumulating evaluation results...
COCOeval_opt.accumulate() finished...
DONE (t=0.01s).
IoU metric: bbox
 Average Precision  (AP) @[ IoU=0.50:0.95 | area=   all | maxDets=100 ] = 0.366
 Average Precision  (AP) @[ IoU=0.50      | area=   all | maxDets=100 ] = 0.916
 Average Precision  (AP) @[ IoU=0.75      | area=   all | maxDets=100 ] = 0.144
 Average Precision  (AP) @[ IoU=0.50:0.95 | area= small | maxDets=100 ] = 0.366
 Average Precision  (AP) @[ IoU=0.50:0.95 | area=medium | maxDets=100 ] = -1.000
 Average Precision  (AP) @[ IoU=0.50:0.95 | area= large | maxDets=100 ] = -1.000
 Average Recall     (AR) @[ IoU=0.50:0.95 | area=   all | maxDets=  1 ] = 0.215
 Average Recall     (AR) @[ IoU=0.50:0.95 | area=   all | maxDets= 10 ] = 0.505
 Average Recall     (AR) @[ IoU=0.50:0.95 | area=   all | maxDets=100 ] = 0.620
 Average Recall     (AR) @[ IoU=0.50:0.95 | area= small | maxDets=100 ] = 0.620
 Average Recall     (AR) @[ IoU=0.50:0.95 | area=medium | maxDets=100 ] = -1.000
 Average Recall     (AR) @[ IoU=0.50:0.95 | area= large | maxDets=100 ] = -1.000
 Average Recall     (AR) @[ IoU=0.50      | area=   all | maxDets=100 ] = 0.986
 Average Recall     (AR) @[ IoU=0.75      | area=   all | maxDets=100 ] = 0.676
best_stat: {'epoch': 10, 'coco_eval_bbox': 0.38651277206874896}
Epoch: [13/30]  [ 0/45]  eta: 0:00:22  lr: 0.000100  loss: 18.2019 (18.2019)  loss_vfl: 0.4502 (0.4502)  loss_bbox: 0.0385 (0.0385)  loss_giou: 0.5226 (0.5226)  loss_fgl: 1.2294 (1.2294)  loss_vfl_aux_0: 0.8204 (0.8204)  loss_bbox_aux_0: 0.0407 (0.0407)  loss_giou_aux_0: 0.5437 (0.5437)  loss_fgl_aux_0: 1.2397 (1.2397)  loss_ddf_aux_0: 0.1271 (0.1271)  loss_vfl_aux_1: 0.4856 (0.4856)  loss_bbox_aux_1: 0.0392 (0.0392)  loss_giou_aux_1: 0.5302 (0.5302)  loss_fgl_aux_1: 1.2319 (1.2319)  loss_ddf_aux_1: 0.0068 (0.0068)  loss_vfl_pre: 0.8176 (0.8176)  loss_bbox_pre: 0.0408 (0.0408)  loss_giou_pre: 0.5429 (0.5429)  loss_vfl_enc_0: 0.9243 (0.9243)  loss_bbox_enc_0: 0.0820 (0.0820)  loss_giou_enc_0: 0.9127 (0.9127)  loss_vfl_dn_0: 0.4791 (0.4791)  loss_bbox_dn_0: 0.0355 (0.0355)  loss_giou_dn_0: 0.5037 (0.5037)  loss_fgl_dn_0: 1.2465 (1.2465)  loss_ddf_dn_0: 0.1844 (0.1844)  loss_vfl_dn_1: 0.4110 (0.4110)  loss_bbox_dn_1: 0.0277 (0.0277)  loss_giou_dn_1: 0.4166 (0.4166)  loss_fgl_dn_1: 1.2024 (1.2024)  loss_ddf_dn_1: 0.0041 (0.0041)  loss_vfl_dn_2: 0.4017 (0.4017)  loss_bbox_dn_2: 0.0273 (0.0273)  loss_giou_dn_2: 0.4093 (0.4093)  loss_fgl_dn_2: 1.2006 (1.2006)  loss_ddf_dn_2: -0.0000 (0.0000)  loss_vfl_dn_pre: 0.4789 (0.4789)  loss_bbox_dn_pre: 0.0359 (0.0359)  loss_giou_dn_pre: 0.5086 (0.5086)  loss_size: 0.0024 (0.0024)  time: 0.5049  data: 0.2640  max mem: 5225
Epoch: [13/30]  [44/45]  eta: 0:00:00  lr: 0.000100  loss: 18.3775 (18.6584)  loss_vfl: 0.4646 (0.4574)  loss_bbox: 0.0435 (0.0464)  loss_giou: 0.5469 (0.5314)  loss_fgl: 1.2340 (1.2371)  loss_vfl_aux_0: 0.7672 (0.8186)  loss_bbox_aux_0: 0.0492 (0.0533)  loss_giou_aux_0: 0.5786 (0.5957)  loss_fgl_aux_0: 1.2345 (1.2379)  loss_ddf_aux_0: 0.0968 (0.1240)  loss_vfl_aux_1: 0.4751 (0.4871)  loss_bbox_aux_1: 0.0439 (0.0468)  loss_giou_aux_1: 0.5535 (0.5392)  loss_fgl_aux_1: 1.2338 (1.2348)  loss_ddf_aux_1: 0.0084 (0.0095)  loss_vfl_pre: 0.7670 (0.8153)  loss_bbox_pre: 0.0491 (0.0526)  loss_giou_pre: 0.5774 (0.5940)  loss_vfl_enc_0: 0.9161 (0.9805)  loss_bbox_enc_0: 0.0935 (0.1033)  loss_giou_enc_0: 1.0065 (1.0228)  loss_vfl_dn_0: 0.4730 (0.4775)  loss_bbox_dn_0: 0.0416 (0.0440)  loss_giou_dn_0: 0.5287 (0.5293)  loss_fgl_dn_0: 1.2534 (1.2557)  loss_ddf_dn_0: 0.1946 (0.1956)  loss_vfl_dn_1: 0.4071 (0.4101)  loss_bbox_dn_1: 0.0312 (0.0321)  loss_giou_dn_1: 0.4085 (0.4067)  loss_fgl_dn_1: 1.2078 (1.2085)  loss_ddf_dn_1: 0.0062 (0.0059)  loss_vfl_dn_2: 0.4046 (0.4076)  loss_bbox_dn_2: 0.0312 (0.0320)  loss_giou_dn_2: 0.4093 (0.4057)  loss_fgl_dn_2: 1.2088 (1.2085)  loss_ddf_dn_2: -0.0000 (0.0000)  loss_vfl_dn_pre: 0.4728 (0.4771)  loss_bbox_dn_pre: 0.0411 (0.0440)  loss_giou_dn_pre: 0.5295 (0.5281)  loss_size: 0.0025 (0.0024)  time: 0.2433  data: 0.0119  max mem: 5225
Epoch: [13/30] Total time: 0:00:11 (0.2520 s / it)
Averaged stats: lr: 0.000100  loss: 18.3775 (18.6584)  loss_vfl: 0.4646 (0.4574)  loss_bbox: 0.0435 (0.0464)  loss_giou: 0.5469 (0.5314)  loss_fgl: 1.2340 (1.2371)  loss_vfl_aux_0: 0.7672 (0.8186)  loss_bbox_aux_0: 0.0492 (0.0533)  loss_giou_aux_0: 0.5786 (0.5957)  loss_fgl_aux_0: 1.2345 (1.2379)  loss_ddf_aux_0: 0.0968 (0.1240)  loss_vfl_aux_1: 0.4751 (0.4871)  loss_bbox_aux_1: 0.0439 (0.0468)  loss_giou_aux_1: 0.5535 (0.5392)  loss_fgl_aux_1: 1.2338 (1.2348)  loss_ddf_aux_1: 0.0084 (0.0095)  loss_vfl_pre: 0.7670 (0.8153)  loss_bbox_pre: 0.0491 (0.0526)  loss_giou_pre: 0.5774 (0.5940)  loss_vfl_enc_0: 0.9161 (0.9805)  loss_bbox_enc_0: 0.0935 (0.1033)  loss_giou_enc_0: 1.0065 (1.0228)  loss_vfl_dn_0: 0.4730 (0.4775)  loss_bbox_dn_0: 0.0416 (0.0440)  loss_giou_dn_0: 0.5287 (0.5293)  loss_fgl_dn_0: 1.2534 (1.2557)  loss_ddf_dn_0: 0.1946 (0.1956)  loss_vfl_dn_1: 0.4071 (0.4101)  loss_bbox_dn_1: 0.0312 (0.0321)  loss_giou_dn_1: 0.4085 (0.4067)  loss_fgl_dn_1: 1.2078 (1.2085)  loss_ddf_dn_1: 0.0062 (0.0059)  loss_vfl_dn_2: 0.4046 (0.4076)  loss_bbox_dn_2: 0.0312 (0.0320)  loss_giou_dn_2: 0.4093 (0.4057)  loss_fgl_dn_2: 1.2088 (1.2085)  loss_ddf_dn_2: -0.0000 (0.0000)  loss_vfl_dn_pre: 0.4728 (0.4771)  loss_bbox_dn_pre: 0.0411 (0.0440)  loss_giou_dn_pre: 0.5295 (0.5281)  loss_size: 0.0025 (0.0024)
Test:  [0/8]  eta: 0:00:02    time: 0.2901  data: 0.2337  max mem: 5225
Test:  [7/8]  eta: 0:00:00    time: 0.0970  data: 0.0413  max mem: 5225
Test: Total time: 0:00:00 (0.1021 s / it)
Metrics: {'f1': 0.8778877887788779, 'precision': 0.8260869565217391, 'recall': 0.9366197183098591, 'iou': 0.5585647036047543, 'TPs': 133, 'FPs': 28, 'FNs': 9}
Averaged stats: 
Accumulating evaluation results...
COCOeval_opt.accumulate() finished...
DONE (t=0.01s).
IoU metric: bbox
 Average Precision  (AP) @[ IoU=0.50:0.95 | area=   all | maxDets=100 ] = 0.364
 Average Precision  (AP) @[ IoU=0.50      | area=   all | maxDets=100 ] = 0.925
 Average Precision  (AP) @[ IoU=0.75      | area=   all | maxDets=100 ] = 0.140
 Average Precision  (AP) @[ IoU=0.50:0.95 | area= small | maxDets=100 ] = 0.364
 Average Precision  (AP) @[ IoU=0.50:0.95 | area=medium | maxDets=100 ] = -1.000
 Average Precision  (AP) @[ IoU=0.50:0.95 | area= large | maxDets=100 ] = -1.000
 Average Recall     (AR) @[ IoU=0.50:0.95 | area=   all | maxDets=  1 ] = 0.221
 Average Recall     (AR) @[ IoU=0.50:0.95 | area=   all | maxDets= 10 ] = 0.506
 Average Recall     (AR) @[ IoU=0.50:0.95 | area=   all | maxDets=100 ] = 0.620
 Average Recall     (AR) @[ IoU=0.50:0.95 | area= small | maxDets=100 ] = 0.620
 Average Recall     (AR) @[ IoU=0.50:0.95 | area=medium | maxDets=100 ] = -1.000
 Average Recall     (AR) @[ IoU=0.50:0.95 | area= large | maxDets=100 ] = -1.000
 Average Recall     (AR) @[ IoU=0.50      | area=   all | maxDets=100 ] = 0.993
 Average Recall     (AR) @[ IoU=0.75      | area=   all | maxDets=100 ] = 0.725
best_stat: {'epoch': 10, 'coco_eval_bbox': 0.38651277206874896}
Epoch: [14/30]  [ 0/45]  eta: 0:00:22  lr: 0.000100  loss: 18.5906 (18.5906)  loss_vfl: 0.5063 (0.5063)  loss_bbox: 0.0538 (0.0538)  loss_giou: 0.5339 (0.5339)  loss_fgl: 1.2274 (1.2274)  loss_vfl_aux_0: 0.8486 (0.8486)  loss_bbox_aux_0: 0.0601 (0.0601)  loss_giou_aux_0: 0.5903 (0.5903)  loss_fgl_aux_0: 1.2148 (1.2148)  loss_ddf_aux_0: 0.1003 (0.1003)  loss_vfl_aux_1: 0.4858 (0.4858)  loss_bbox_aux_1: 0.0539 (0.0539)  loss_giou_aux_1: 0.5318 (0.5318)  loss_fgl_aux_1: 1.2289 (1.2289)  loss_ddf_aux_1: 0.0113 (0.0113)  loss_vfl_pre: 0.8487 (0.8487)  loss_bbox_pre: 0.0603 (0.0603)  loss_giou_pre: 0.5899 (0.5899)  loss_vfl_enc_0: 0.9291 (0.9291)  loss_bbox_enc_0: 0.1295 (0.1295)  loss_giou_enc_0: 1.0674 (1.0674)  loss_vfl_dn_0: 0.4741 (0.4741)  loss_bbox_dn_0: 0.0451 (0.0451)  loss_giou_dn_0: 0.4839 (0.4839)  loss_fgl_dn_0: 1.2500 (1.2500)  loss_ddf_dn_0: 0.2166 (0.2166)  loss_vfl_dn_1: 0.4051 (0.4051)  loss_bbox_dn_1: 0.0331 (0.0331)  loss_giou_dn_1: 0.3803 (0.3803)  loss_fgl_dn_1: 1.1972 (1.1972)  loss_ddf_dn_1: 0.0104 (0.0104)  loss_vfl_dn_2: 0.4048 (0.4048)  loss_bbox_dn_2: 0.0334 (0.0334)  loss_giou_dn_2: 0.3825 (0.3825)  loss_fgl_dn_2: 1.1990 (1.1990)  loss_ddf_dn_2: -0.0000 (0.0000)  loss_vfl_dn_pre: 0.4746 (0.4746)  loss_bbox_dn_pre: 0.0449 (0.0449)  loss_giou_dn_pre: 0.4810 (0.4810)  loss_size: 0.0025 (0.0025)  time: 0.4922  data: 0.2493  max mem: 5225
Epoch: [14/30]  [44/45]  eta: 0:00:00  lr: 0.000100  loss: 18.4247 (18.2713)  loss_vfl: 0.4532 (0.4445)  loss_bbox: 0.0433 (0.0456)  loss_giou: 0.5234 (0.5066)  loss_fgl: 1.2279 (1.2345)  loss_vfl_aux_0: 0.8075 (0.7847)  loss_bbox_aux_0: 0.0503 (0.0537)  loss_giou_aux_0: 0.5634 (0.5740)  loss_fgl_aux_0: 1.2244 (1.2309)  loss_ddf_aux_0: 0.0733 (0.0803)  loss_vfl_aux_1: 0.4785 (0.4802)  loss_bbox_aux_1: 0.0436 (0.0466)  loss_giou_aux_1: 0.5229 (0.5154)  loss_fgl_aux_1: 1.2237 (1.2305)  loss_ddf_aux_1: 0.0065 (0.0090)  loss_vfl_pre: 0.8255 (0.7938)  loss_bbox_pre: 0.0492 (0.0513)  loss_giou_pre: 0.5618 (0.5647)  loss_vfl_enc_0: 0.8251 (0.9093)  loss_bbox_enc_0: 0.1043 (0.1114)  loss_giou_enc_0: 1.1236 (1.0819)  loss_vfl_dn_0: 0.4759 (0.4775)  loss_bbox_dn_0: 0.0397 (0.0409)  loss_giou_dn_0: 0.4962 (0.4928)  loss_fgl_dn_0: 1.2567 (1.2567)  loss_ddf_dn_0: 0.1887 (0.1977)  loss_vfl_dn_1: 0.3994 (0.4024)  loss_bbox_dn_1: 0.0301 (0.0302)  loss_giou_dn_1: 0.3920 (0.3844)  loss_fgl_dn_1: 1.2063 (1.2035)  loss_ddf_dn_1: 0.0070 (0.0083)  loss_vfl_dn_2: 0.3984 (0.3998)  loss_bbox_dn_2: 0.0297 (0.0301)  loss_giou_dn_2: 0.3900 (0.3834)  loss_fgl_dn_2: 1.2070 (1.2034)  loss_ddf_dn_2: -0.0000 (0.0000)  loss_vfl_dn_pre: 0.4755 (0.4767)  loss_bbox_dn_pre: 0.0402 (0.0409)  loss_giou_dn_pre: 0.4997 (0.4915)  loss_size: 0.0022 (0.0022)  time: 0.2423  data: 0.0117  max mem: 5225
Epoch: [14/30] Total time: 0:00:11 (0.2490 s / it)
Averaged stats: lr: 0.000100  loss: 18.4247 (18.2713)  loss_vfl: 0.4532 (0.4445)  loss_bbox: 0.0433 (0.0456)  loss_giou: 0.5234 (0.5066)  loss_fgl: 1.2279 (1.2345)  loss_vfl_aux_0: 0.8075 (0.7847)  loss_bbox_aux_0: 0.0503 (0.0537)  loss_giou_aux_0: 0.5634 (0.5740)  loss_fgl_aux_0: 1.2244 (1.2309)  loss_ddf_aux_0: 0.0733 (0.0803)  loss_vfl_aux_1: 0.4785 (0.4802)  loss_bbox_aux_1: 0.0436 (0.0466)  loss_giou_aux_1: 0.5229 (0.5154)  loss_fgl_aux_1: 1.2237 (1.2305)  loss_ddf_aux_1: 0.0065 (0.0090)  loss_vfl_pre: 0.8255 (0.7938)  loss_bbox_pre: 0.0492 (0.0513)  loss_giou_pre: 0.5618 (0.5647)  loss_vfl_enc_0: 0.8251 (0.9093)  loss_bbox_enc_0: 0.1043 (0.1114)  loss_giou_enc_0: 1.1236 (1.0819)  loss_vfl_dn_0: 0.4759 (0.4775)  loss_bbox_dn_0: 0.0397 (0.0409)  loss_giou_dn_0: 0.4962 (0.4928)  loss_fgl_dn_0: 1.2567 (1.2567)  loss_ddf_dn_0: 0.1887 (0.1977)  loss_vfl_dn_1: 0.3994 (0.4024)  loss_bbox_dn_1: 0.0301 (0.0302)  loss_giou_dn_1: 0.3920 (0.3844)  loss_fgl_dn_1: 1.2063 (1.2035)  loss_ddf_dn_1: 0.0070 (0.0083)  loss_vfl_dn_2: 0.3984 (0.3998)  loss_bbox_dn_2: 0.0297 (0.0301)  loss_giou_dn_2: 0.3900 (0.3834)  loss_fgl_dn_2: 1.2070 (1.2034)  loss_ddf_dn_2: -0.0000 (0.0000)  loss_vfl_dn_pre: 0.4755 (0.4767)  loss_bbox_dn_pre: 0.0402 (0.0409)  loss_giou_dn_pre: 0.4997 (0.4915)  loss_size: 0.0022 (0.0022)
Test:  [0/8]  eta: 0:00:02    time: 0.3106  data: 0.2536  max mem: 5225
Test:  [7/8]  eta: 0:00:00    time: 0.0979  data: 0.0422  max mem: 5225
Test: Total time: 0:00:00 (0.1024 s / it)
Metrics: {'f1': 0.8963210702341138, 'precision': 0.8535031847133758, 'recall': 0.9436619718309859, 'iou': 0.5794499726006479, 'TPs': 134, 'FPs': 23, 'FNs': 8}
Averaged stats: 
Accumulating evaluation results...
COCOeval_opt.accumulate() finished...
DONE (t=0.01s).
IoU metric: bbox
 Average Precision  (AP) @[ IoU=0.50:0.95 | area=   all | maxDets=100 ] = 0.358
 Average Precision  (AP) @[ IoU=0.50      | area=   all | maxDets=100 ] = 0.909
 Average Precision  (AP) @[ IoU=0.75      | area=   all | maxDets=100 ] = 0.149
 Average Precision  (AP) @[ IoU=0.50:0.95 | area= small | maxDets=100 ] = 0.358
 Average Precision  (AP) @[ IoU=0.50:0.95 | area=medium | maxDets=100 ] = -1.000
 Average Precision  (AP) @[ IoU=0.50:0.95 | area= large | maxDets=100 ] = -1.000
 Average Recall     (AR) @[ IoU=0.50:0.95 | area=   all | maxDets=  1 ] = 0.211
 Average Recall     (AR) @[ IoU=0.50:0.95 | area=   all | maxDets= 10 ] = 0.508
 Average Recall     (AR) @[ IoU=0.50:0.95 | area=   all | maxDets=100 ] = 0.616
 Average Recall     (AR) @[ IoU=0.50:0.95 | area= small | maxDets=100 ] = 0.616
 Average Recall     (AR) @[ IoU=0.50:0.95 | area=medium | maxDets=100 ] = -1.000
 Average Recall     (AR) @[ IoU=0.50:0.95 | area= large | maxDets=100 ] = -1.000
 Average Recall     (AR) @[ IoU=0.50      | area=   all | maxDets=100 ] = 0.986
 Average Recall     (AR) @[ IoU=0.75      | area=   all | maxDets=100 ] = 0.690
best_stat: {'epoch': 10, 'coco_eval_bbox': 0.38651277206874896}
Epoch: [15/30]  [ 0/45]  eta: 0:00:22  lr: 0.000100  loss: 17.8996 (17.8996)  loss_vfl: 0.4517 (0.4517)  loss_bbox: 0.0307 (0.0307)  loss_giou: 0.4548 (0.4548)  loss_fgl: 1.2225 (1.2225)  loss_vfl_aux_0: 0.7287 (0.7287)  loss_bbox_aux_0: 0.0381 (0.0381)  loss_giou_aux_0: 0.5694 (0.5694)  loss_fgl_aux_0: 1.2266 (1.2266)  loss_ddf_aux_0: 0.0806 (0.0806)  loss_vfl_aux_1: 0.5166 (0.5166)  loss_bbox_aux_1: 0.0312 (0.0312)  loss_giou_aux_1: 0.4611 (0.4611)  loss_fgl_aux_1: 1.2224 (1.2224)  loss_ddf_aux_1: 0.0061 (0.0061)  loss_vfl_pre: 0.7329 (0.7329)  loss_bbox_pre: 0.0378 (0.0378)  loss_giou_pre: 0.5624 (0.5624)  loss_vfl_enc_0: 0.7551 (0.7551)  loss_bbox_enc_0: 0.1014 (0.1014)  loss_giou_enc_0: 1.1530 (1.1530)  loss_vfl_dn_0: 0.4828 (0.4828)  loss_bbox_dn_0: 0.0335 (0.0335)  loss_giou_dn_0: 0.5063 (0.5063)  loss_fgl_dn_0: 1.2529 (1.2529)  loss_ddf_dn_0: 0.2380 (0.2380)  loss_vfl_dn_1: 0.3958 (0.3958)  loss_bbox_dn_1: 0.0242 (0.0242)  loss_giou_dn_1: 0.3816 (0.3816)  loss_fgl_dn_1: 1.1912 (1.1912)  loss_ddf_dn_1: 0.0053 (0.0053)  loss_vfl_dn_2: 0.3934 (0.3934)  loss_bbox_dn_2: 0.0242 (0.0242)  loss_giou_dn_2: 0.3806 (0.3806)  loss_fgl_dn_2: 1.1906 (1.1906)  loss_ddf_dn_2: -0.0000 (0.0000)  loss_vfl_dn_pre: 0.4818 (0.4818)  loss_bbox_dn_pre: 0.0334 (0.0334)  loss_giou_dn_pre: 0.4999 (0.4999)  loss_size: 0.0015 (0.0015)  time: 0.4904  data: 0.2507  max mem: 5225
Epoch: [15/30]  [44/45]  eta: 0:00:00  lr: 0.000100  loss: 18.3389 (18.3818)  loss_vfl: 0.4621 (0.4772)  loss_bbox: 0.0431 (0.0432)  loss_giou: 0.5068 (0.4919)  loss_fgl: 1.2250 (1.2314)  loss_vfl_aux_0: 0.6798 (0.7401)  loss_bbox_aux_0: 0.0539 (0.0547)  loss_giou_aux_0: 0.6139 (0.6120)  loss_fgl_aux_0: 1.2225 (1.2201)  loss_ddf_aux_0: 0.1160 (0.1183)  loss_vfl_aux_1: 0.4803 (0.5096)  loss_bbox_aux_1: 0.0446 (0.0447)  loss_giou_aux_1: 0.5114 (0.5083)  loss_fgl_aux_1: 1.2220 (1.2281)  loss_ddf_aux_1: 0.0093 (0.0118)  loss_vfl_pre: 0.6860 (0.7455)  loss_bbox_pre: 0.0526 (0.0539)  loss_giou_pre: 0.6187 (0.6080)  loss_vfl_enc_0: 0.5602 (0.6820)  loss_bbox_enc_0: 0.1413 (0.1416)  loss_giou_enc_0: 1.4752 (1.3746)  loss_vfl_dn_0: 0.4843 (0.4772)  loss_bbox_dn_0: 0.0404 (0.0402)  loss_giou_dn_0: 0.4921 (0.4871)  loss_fgl_dn_0: 1.2527 (1.2549)  loss_ddf_dn_0: 0.1784 (0.1910)  loss_vfl_dn_1: 0.3995 (0.4008)  loss_bbox_dn_1: 0.0297 (0.0302)  loss_giou_dn_1: 0.3790 (0.3804)  loss_fgl_dn_1: 1.1972 (1.2013)  loss_ddf_dn_1: 0.0079 (0.0079)  loss_vfl_dn_2: 0.3989 (0.3989)  loss_bbox_dn_2: 0.0298 (0.0301)  loss_giou_dn_2: 0.3782 (0.3802)  loss_fgl_dn_2: 1.1975 (1.2016)  loss_ddf_dn_2: -0.0000 (0.0000)  loss_vfl_dn_pre: 0.4823 (0.4761)  loss_bbox_dn_pre: 0.0404 (0.0401)  loss_giou_dn_pre: 0.4899 (0.4844)  loss_size: 0.0021 (0.0021)  time: 0.2411  data: 0.0122  max mem: 5225
Epoch: [15/30] Total time: 0:00:11 (0.2488 s / it)
Averaged stats: lr: 0.000100  loss: 18.3389 (18.3818)  loss_vfl: 0.4621 (0.4772)  loss_bbox: 0.0431 (0.0432)  loss_giou: 0.5068 (0.4919)  loss_fgl: 1.2250 (1.2314)  loss_vfl_aux_0: 0.6798 (0.7401)  loss_bbox_aux_0: 0.0539 (0.0547)  loss_giou_aux_0: 0.6139 (0.6120)  loss_fgl_aux_0: 1.2225 (1.2201)  loss_ddf_aux_0: 0.1160 (0.1183)  loss_vfl_aux_1: 0.4803 (0.5096)  loss_bbox_aux_1: 0.0446 (0.0447)  loss_giou_aux_1: 0.5114 (0.5083)  loss_fgl_aux_1: 1.2220 (1.2281)  loss_ddf_aux_1: 0.0093 (0.0118)  loss_vfl_pre: 0.6860 (0.7455)  loss_bbox_pre: 0.0526 (0.0539)  loss_giou_pre: 0.6187 (0.6080)  loss_vfl_enc_0: 0.5602 (0.6820)  loss_bbox_enc_0: 0.1413 (0.1416)  loss_giou_enc_0: 1.4752 (1.3746)  loss_vfl_dn_0: 0.4843 (0.4772)  loss_bbox_dn_0: 0.0404 (0.0402)  loss_giou_dn_0: 0.4921 (0.4871)  loss_fgl_dn_0: 1.2527 (1.2549)  loss_ddf_dn_0: 0.1784 (0.1910)  loss_vfl_dn_1: 0.3995 (0.4008)  loss_bbox_dn_1: 0.0297 (0.0302)  loss_giou_dn_1: 0.3790 (0.3804)  loss_fgl_dn_1: 1.1972 (1.2013)  loss_ddf_dn_1: 0.0079 (0.0079)  loss_vfl_dn_2: 0.3989 (0.3989)  loss_bbox_dn_2: 0.0298 (0.0301)  loss_giou_dn_2: 0.3782 (0.3802)  loss_fgl_dn_2: 1.1975 (1.2016)  loss_ddf_dn_2: -0.0000 (0.0000)  loss_vfl_dn_pre: 0.4823 (0.4761)  loss_bbox_dn_pre: 0.0404 (0.0401)  loss_giou_dn_pre: 0.4899 (0.4844)  loss_size: 0.0021 (0.0021)
Test:  [0/8]  eta: 0:00:02    time: 0.2964  data: 0.2398  max mem: 5225
Test:  [7/8]  eta: 0:00:00    time: 0.0983  data: 0.0432  max mem: 5225
Test: Total time: 0:00:00 (0.1033 s / it)
Metrics: {'f1': 0.8903654485049834, 'precision': 0.8427672955974843, 'recall': 0.9436619718309859, 'iou': 0.5736713298780476, 'TPs': 134, 'FPs': 25, 'FNs': 8}
Averaged stats: 
Accumulating evaluation results...
COCOeval_opt.accumulate() finished...
DONE (t=0.01s).
IoU metric: bbox
 Average Precision  (AP) @[ IoU=0.50:0.95 | area=   all | maxDets=100 ] = 0.356
 Average Precision  (AP) @[ IoU=0.50      | area=   all | maxDets=100 ] = 0.896
 Average Precision  (AP) @[ IoU=0.75      | area=   all | maxDets=100 ] = 0.141
 Average Precision  (AP) @[ IoU=0.50:0.95 | area= small | maxDets=100 ] = 0.356
 Average Precision  (AP) @[ IoU=0.50:0.95 | area=medium | maxDets=100 ] = -1.000
 Average Precision  (AP) @[ IoU=0.50:0.95 | area= large | maxDets=100 ] = -1.000
 Average Recall     (AR) @[ IoU=0.50:0.95 | area=   all | maxDets=  1 ] = 0.218
 Average Recall     (AR) @[ IoU=0.50:0.95 | area=   all | maxDets= 10 ] = 0.506
 Average Recall     (AR) @[ IoU=0.50:0.95 | area=   all | maxDets=100 ] = 0.616
 Average Recall     (AR) @[ IoU=0.50:0.95 | area= small | maxDets=100 ] = 0.616
 Average Recall     (AR) @[ IoU=0.50:0.95 | area=medium | maxDets=100 ] = -1.000
 Average Recall     (AR) @[ IoU=0.50:0.95 | area= large | maxDets=100 ] = -1.000
 Average Recall     (AR) @[ IoU=0.50      | area=   all | maxDets=100 ] = 0.993
 Average Recall     (AR) @[ IoU=0.75      | area=   all | maxDets=100 ] = 0.711
best_stat: {'epoch': 10, 'coco_eval_bbox': 0.38651277206874896}
Epoch: [16/30]  [ 0/45]  eta: 0:00:21  lr: 0.000100  loss: 17.3659 (17.3659)  loss_vfl: 0.4144 (0.4144)  loss_bbox: 0.0306 (0.0306)  loss_giou: 0.3962 (0.3962)  loss_fgl: 1.2253 (1.2253)  loss_vfl_aux_0: 0.6949 (0.6949)  loss_bbox_aux_0: 0.0416 (0.0416)  loss_giou_aux_0: 0.5071 (0.5071)  loss_fgl_aux_0: 1.2540 (1.2540)  loss_ddf_aux_0: 0.1247 (0.1247)  loss_vfl_aux_1: 0.4880 (0.4880)  loss_bbox_aux_1: 0.0314 (0.0314)  loss_giou_aux_1: 0.3991 (0.3991)  loss_fgl_aux_1: 1.2265 (1.2265)  loss_ddf_aux_1: 0.0094 (0.0094)  loss_vfl_pre: 0.7081 (0.7081)  loss_bbox_pre: 0.0413 (0.0413)  loss_giou_pre: 0.5006 (0.5006)  loss_vfl_enc_0: 0.5312 (0.5312)  loss_bbox_enc_0: 0.1407 (0.1407)  loss_giou_enc_0: 1.4721 (1.4721)  loss_vfl_dn_0: 0.4642 (0.4642)  loss_bbox_dn_0: 0.0329 (0.0329)  loss_giou_dn_0: 0.3990 (0.3990)  loss_fgl_dn_0: 1.2506 (1.2506)  loss_ddf_dn_0: 0.2198 (0.2198)  loss_vfl_dn_1: 0.3829 (0.3829)  loss_bbox_dn_1: 0.0256 (0.0256)  loss_giou_dn_1: 0.3282 (0.3282)  loss_fgl_dn_1: 1.1928 (1.1928)  loss_ddf_dn_1: 0.0108 (0.0108)  loss_vfl_dn_2: 0.3822 (0.3822)  loss_bbox_dn_2: 0.0254 (0.0254)  loss_giou_dn_2: 0.3261 (0.3261)  loss_fgl_dn_2: 1.1926 (1.1926)  loss_ddf_dn_2: -0.0000 (0.0000)  loss_vfl_dn_pre: 0.4629 (0.4629)  loss_bbox_dn_pre: 0.0329 (0.0329)  loss_giou_dn_pre: 0.3989 (0.3989)  loss_size: 0.0007 (0.0007)  time: 0.4790  data: 0.2371  max mem: 5225
Epoch: [16/30]  [44/45]  eta: 0:00:00  lr: 0.000100  loss: 18.5280 (18.9489)  loss_vfl: 0.4803 (0.4842)  loss_bbox: 0.0428 (0.0548)  loss_giou: 0.5047 (0.5556)  loss_fgl: 1.2120 (1.1988)  loss_vfl_aux_0: 0.7200 (0.7273)  loss_bbox_aux_0: 0.0551 (0.0755)  loss_giou_aux_0: 0.6161 (0.7231)  loss_fgl_aux_0: 1.2136 (1.1699)  loss_ddf_aux_0: 0.2379 (0.2481)  loss_vfl_aux_1: 0.5006 (0.5160)  loss_bbox_aux_1: 0.0429 (0.0572)  loss_giou_aux_1: 0.5182 (0.5775)  loss_fgl_aux_1: 1.2191 (1.1904)  loss_ddf_aux_1: 0.0287 (0.0320)  loss_vfl_pre: 0.7071 (0.7334)  loss_bbox_pre: 0.0544 (0.0719)  loss_giou_pre: 0.6156 (0.7227)  loss_vfl_enc_0: 0.4839 (0.4525)  loss_bbox_enc_0: 0.1706 (0.2124)  loss_giou_enc_0: 1.5946 (1.6988)  loss_vfl_dn_0: 0.4713 (0.4729)  loss_bbox_dn_0: 0.0403 (0.0395)  loss_giou_dn_0: 0.4806 (0.4787)  loss_fgl_dn_0: 1.2508 (1.2533)  loss_ddf_dn_0: 0.2005 (0.2048)  loss_vfl_dn_1: 0.3964 (0.3960)  loss_bbox_dn_1: 0.0306 (0.0294)  loss_giou_dn_1: 0.3751 (0.3734)  loss_fgl_dn_1: 1.1966 (1.1990)  loss_ddf_dn_1: 0.0072 (0.0095)  loss_vfl_dn_2: 0.3998 (0.3968)  loss_bbox_dn_2: 0.0305 (0.0294)  loss_giou_dn_2: 0.3740 (0.3724)  loss_fgl_dn_2: 1.1982 (1.1989)  loss_ddf_dn_2: -0.0000 (0.0000)  loss_vfl_dn_pre: 0.4713 (0.4728)  loss_bbox_dn_pre: 0.0405 (0.0396)  loss_giou_dn_pre: 0.4825 (0.4784)  loss_size: 0.0020 (0.0022)  time: 0.2430  data: 0.0120  max mem: 5225
Epoch: [16/30] Total time: 0:00:11 (0.2491 s / it)
Averaged stats: lr: 0.000100  loss: 18.5280 (18.9489)  loss_vfl: 0.4803 (0.4842)  loss_bbox: 0.0428 (0.0548)  loss_giou: 0.5047 (0.5556)  loss_fgl: 1.2120 (1.1988)  loss_vfl_aux_0: 0.7200 (0.7273)  loss_bbox_aux_0: 0.0551 (0.0755)  loss_giou_aux_0: 0.6161 (0.7231)  loss_fgl_aux_0: 1.2136 (1.1699)  loss_ddf_aux_0: 0.2379 (0.2481)  loss_vfl_aux_1: 0.5006 (0.5160)  loss_bbox_aux_1: 0.0429 (0.0572)  loss_giou_aux_1: 0.5182 (0.5775)  loss_fgl_aux_1: 1.2191 (1.1904)  loss_ddf_aux_1: 0.0287 (0.0320)  loss_vfl_pre: 0.7071 (0.7334)  loss_bbox_pre: 0.0544 (0.0719)  loss_giou_pre: 0.6156 (0.7227)  loss_vfl_enc_0: 0.4839 (0.4525)  loss_bbox_enc_0: 0.1706 (0.2124)  loss_giou_enc_0: 1.5946 (1.6988)  loss_vfl_dn_0: 0.4713 (0.4729)  loss_bbox_dn_0: 0.0403 (0.0395)  loss_giou_dn_0: 0.4806 (0.4787)  loss_fgl_dn_0: 1.2508 (1.2533)  loss_ddf_dn_0: 0.2005 (0.2048)  loss_vfl_dn_1: 0.3964 (0.3960)  loss_bbox_dn_1: 0.0306 (0.0294)  loss_giou_dn_1: 0.3751 (0.3734)  loss_fgl_dn_1: 1.1966 (1.1990)  loss_ddf_dn_1: 0.0072 (0.0095)  loss_vfl_dn_2: 0.3998 (0.3968)  loss_bbox_dn_2: 0.0305 (0.0294)  loss_giou_dn_2: 0.3740 (0.3724)  loss_fgl_dn_2: 1.1982 (1.1989)  loss_ddf_dn_2: -0.0000 (0.0000)  loss_vfl_dn_pre: 0.4713 (0.4728)  loss_bbox_dn_pre: 0.0405 (0.0396)  loss_giou_dn_pre: 0.4825 (0.4784)  loss_size: 0.0020 (0.0022)
Test:  [0/8]  eta: 0:00:02    time: 0.2954  data: 0.2389  max mem: 5225
Test:  [7/8]  eta: 0:00:00    time: 0.1185  data: 0.0412  max mem: 5225
Test: Total time: 0:00:00 (0.1239 s / it)
Metrics: {'f1': 0.8766233766233766, 'precision': 0.8132530120481928, 'recall': 0.9507042253521126, 'iou': 0.5581573723368563, 'TPs': 135, 'FPs': 31, 'FNs': 7}
Averaged stats: 
Accumulating evaluation results...
COCOeval_opt.accumulate() finished...
DONE (t=0.01s).
IoU metric: bbox
 Average Precision  (AP) @[ IoU=0.50:0.95 | area=   all | maxDets=100 ] = 0.349
 Average Precision  (AP) @[ IoU=0.50      | area=   all | maxDets=100 ] = 0.887
 Average Precision  (AP) @[ IoU=0.75      | area=   all | maxDets=100 ] = 0.145
 Average Precision  (AP) @[ IoU=0.50:0.95 | area= small | maxDets=100 ] = 0.349
 Average Precision  (AP) @[ IoU=0.50:0.95 | area=medium | maxDets=100 ] = -1.000
 Average Precision  (AP) @[ IoU=0.50:0.95 | area= large | maxDets=100 ] = -1.000
 Average Recall     (AR) @[ IoU=0.50:0.95 | area=   all | maxDets=  1 ] = 0.220
 Average Recall     (AR) @[ IoU=0.50:0.95 | area=   all | maxDets= 10 ] = 0.499
 Average Recall     (AR) @[ IoU=0.50:0.95 | area=   all | maxDets=100 ] = 0.611
 Average Recall     (AR) @[ IoU=0.50:0.95 | area= small | maxDets=100 ] = 0.611
 Average Recall     (AR) @[ IoU=0.50:0.95 | area=medium | maxDets=100 ] = -1.000
 Average Recall     (AR) @[ IoU=0.50:0.95 | area= large | maxDets=100 ] = -1.000
 Average Recall     (AR) @[ IoU=0.50      | area=   all | maxDets=100 ] = 0.986
 Average Recall     (AR) @[ IoU=0.75      | area=   all | maxDets=100 ] = 0.690
best_stat: {'epoch': 10, 'coco_eval_bbox': 0.38651277206874896}
Epoch: [17/30]  [ 0/45]  eta: 0:00:22  lr: 0.000100  loss: 18.4379 (18.4379)  loss_vfl: 0.5004 (0.5004)  loss_bbox: 0.0532 (0.0532)  loss_giou: 0.5639 (0.5639)  loss_fgl: 1.0813 (1.0813)  loss_vfl_aux_0: 0.5472 (0.5472)  loss_bbox_aux_0: 0.0848 (0.0848)  loss_giou_aux_0: 0.8557 (0.8557)  loss_fgl_aux_0: 1.0587 (1.0587)  loss_ddf_aux_0: 0.2866 (0.2866)  loss_vfl_aux_1: 0.5135 (0.5135)  loss_bbox_aux_1: 0.0543 (0.0543)  loss_giou_aux_1: 0.6355 (0.6355)  loss_fgl_aux_1: 1.0527 (1.0527)  loss_ddf_aux_1: 0.0431 (0.0431)  loss_vfl_pre: 0.5806 (0.5806)  loss_bbox_pre: 0.0777 (0.0777)  loss_giou_pre: 0.8504 (0.8504)  loss_vfl_enc_0: 0.4993 (0.4993)  loss_bbox_enc_0: 0.2218 (0.2218)  loss_giou_enc_0: 1.6652 (1.6652)  loss_vfl_dn_0: 0.4710 (0.4710)  loss_bbox_dn_0: 0.0325 (0.0325)  loss_giou_dn_0: 0.4415 (0.4415)  loss_fgl_dn_0: 1.2304 (1.2304)  loss_ddf_dn_0: 0.1794 (0.1794)  loss_vfl_dn_1: 0.3851 (0.3851)  loss_bbox_dn_1: 0.0257 (0.0257)  loss_giou_dn_1: 0.3586 (0.3586)  loss_fgl_dn_1: 1.1808 (1.1808)  loss_ddf_dn_1: 0.0060 (0.0060)  loss_vfl_dn_2: 0.3898 (0.3898)  loss_bbox_dn_2: 0.0255 (0.0255)  loss_giou_dn_2: 0.3569 (0.3569)  loss_fgl_dn_2: 1.1809 (1.1809)  loss_ddf_dn_2: -0.0000 (0.0000)  loss_vfl_dn_pre: 0.4706 (0.4706)  loss_bbox_dn_pre: 0.0327 (0.0327)  loss_giou_dn_pre: 0.4426 (0.4426)  loss_size: 0.0020 (0.0020)  time: 0.5083  data: 0.2517  max mem: 5225
Epoch: [17/30]  [44/45]  eta: 0:00:00  lr: 0.000100  loss: 18.8995 (18.7843)  loss_vfl: 0.4589 (0.4724)  loss_bbox: 0.0460 (0.0538)  loss_giou: 0.5304 (0.5408)  loss_fgl: 1.1970 (1.1734)  loss_vfl_aux_0: 0.7543 (0.7539)  loss_bbox_aux_0: 0.0542 (0.0765)  loss_giou_aux_0: 0.6491 (0.7099)  loss_fgl_aux_0: 1.2105 (1.1717)  loss_ddf_aux_0: 0.2249 (0.2210)  loss_vfl_aux_1: 0.5184 (0.5210)  loss_bbox_aux_1: 0.0468 (0.0556)  loss_giou_aux_1: 0.5345 (0.5616)  loss_fgl_aux_1: 1.1989 (1.1697)  loss_ddf_aux_1: 0.0230 (0.0249)  loss_vfl_pre: 0.7600 (0.7601)  loss_bbox_pre: 0.0545 (0.0706)  loss_giou_pre: 0.6557 (0.7120)  loss_vfl_enc_0: 0.3273 (0.3685)  loss_bbox_enc_0: 0.2289 (0.2301)  loss_giou_enc_0: 1.8900 (1.8042)  loss_vfl_dn_0: 0.4705 (0.4716)  loss_bbox_dn_0: 0.0360 (0.0378)  loss_giou_dn_0: 0.4542 (0.4589)  loss_fgl_dn_0: 1.2421 (1.2520)  loss_ddf_dn_0: 0.1831 (0.1951)  loss_vfl_dn_1: 0.3911 (0.3918)  loss_bbox_dn_1: 0.0270 (0.0283)  loss_giou_dn_1: 0.3576 (0.3594)  loss_fgl_dn_1: 1.1788 (1.1919)  loss_ddf_dn_1: 0.0051 (0.0063)  loss_vfl_dn_2: 0.3882 (0.3910)  loss_bbox_dn_2: 0.0268 (0.0283)  loss_giou_dn_2: 0.3565 (0.3588)  loss_fgl_dn_2: 1.1801 (1.1919)  loss_ddf_dn_2: -0.0000 (0.0000)  loss_vfl_dn_pre: 0.4705 (0.4710)  loss_bbox_dn_pre: 0.0361 (0.0378)  loss_giou_dn_pre: 0.4569 (0.4586)  loss_size: 0.0022 (0.0020)  time: 0.2401  data: 0.0118  max mem: 5225
Epoch: [17/30] Total time: 0:00:11 (0.2486 s / it)
Averaged stats: lr: 0.000100  loss: 18.8995 (18.7843)  loss_vfl: 0.4589 (0.4724)  loss_bbox: 0.0460 (0.0538)  loss_giou: 0.5304 (0.5408)  loss_fgl: 1.1970 (1.1734)  loss_vfl_aux_0: 0.7543 (0.7539)  loss_bbox_aux_0: 0.0542 (0.0765)  loss_giou_aux_0: 0.6491 (0.7099)  loss_fgl_aux_0: 1.2105 (1.1717)  loss_ddf_aux_0: 0.2249 (0.2210)  loss_vfl_aux_1: 0.5184 (0.5210)  loss_bbox_aux_1: 0.0468 (0.0556)  loss_giou_aux_1: 0.5345 (0.5616)  loss_fgl_aux_1: 1.1989 (1.1697)  loss_ddf_aux_1: 0.0230 (0.0249)  loss_vfl_pre: 0.7600 (0.7601)  loss_bbox_pre: 0.0545 (0.0706)  loss_giou_pre: 0.6557 (0.7120)  loss_vfl_enc_0: 0.3273 (0.3685)  loss_bbox_enc_0: 0.2289 (0.2301)  loss_giou_enc_0: 1.8900 (1.8042)  loss_vfl_dn_0: 0.4705 (0.4716)  loss_bbox_dn_0: 0.0360 (0.0378)  loss_giou_dn_0: 0.4542 (0.4589)  loss_fgl_dn_0: 1.2421 (1.2520)  loss_ddf_dn_0: 0.1831 (0.1951)  loss_vfl_dn_1: 0.3911 (0.3918)  loss_bbox_dn_1: 0.0270 (0.0283)  loss_giou_dn_1: 0.3576 (0.3594)  loss_fgl_dn_1: 1.1788 (1.1919)  loss_ddf_dn_1: 0.0051 (0.0063)  loss_vfl_dn_2: 0.3882 (0.3910)  loss_bbox_dn_2: 0.0268 (0.0283)  loss_giou_dn_2: 0.3565 (0.3588)  loss_fgl_dn_2: 1.1801 (1.1919)  loss_ddf_dn_2: -0.0000 (0.0000)  loss_vfl_dn_pre: 0.4705 (0.4710)  loss_bbox_dn_pre: 0.0361 (0.0378)  loss_giou_dn_pre: 0.4569 (0.4586)  loss_size: 0.0022 (0.0020)
Test:  [0/8]  eta: 0:00:02    time: 0.3029  data: 0.2466  max mem: 5225
Test:  [7/8]  eta: 0:00:00    time: 0.0985  data: 0.0435  max mem: 5225
Test: Total time: 0:00:00 (0.1031 s / it)
Metrics: {'f1': 0.8844884488448845, 'precision': 0.8322981366459627, 'recall': 0.9436619718309859, 'iou': 0.5673344734857774, 'TPs': 134, 'FPs': 27, 'FNs': 8}
Averaged stats: 
Accumulating evaluation results...
COCOeval_opt.accumulate() finished...
DONE (t=0.01s).
IoU metric: bbox
 Average Precision  (AP) @[ IoU=0.50:0.95 | area=   all | maxDets=100 ] = 0.354
 Average Precision  (AP) @[ IoU=0.50      | area=   all | maxDets=100 ] = 0.891
 Average Precision  (AP) @[ IoU=0.75      | area=   all | maxDets=100 ] = 0.152
 Average Precision  (AP) @[ IoU=0.50:0.95 | area= small | maxDets=100 ] = 0.354
 Average Precision  (AP) @[ IoU=0.50:0.95 | area=medium | maxDets=100 ] = -1.000
 Average Precision  (AP) @[ IoU=0.50:0.95 | area= large | maxDets=100 ] = -1.000
 Average Recall     (AR) @[ IoU=0.50:0.95 | area=   all | maxDets=  1 ] = 0.224
 Average Recall     (AR) @[ IoU=0.50:0.95 | area=   all | maxDets= 10 ] = 0.501
 Average Recall     (AR) @[ IoU=0.50:0.95 | area=   all | maxDets=100 ] = 0.610
 Average Recall     (AR) @[ IoU=0.50:0.95 | area= small | maxDets=100 ] = 0.610
 Average Recall     (AR) @[ IoU=0.50:0.95 | area=medium | maxDets=100 ] = -1.000
 Average Recall     (AR) @[ IoU=0.50:0.95 | area= large | maxDets=100 ] = -1.000
 Average Recall     (AR) @[ IoU=0.50      | area=   all | maxDets=100 ] = 0.979
 Average Recall     (AR) @[ IoU=0.75      | area=   all | maxDets=100 ] = 0.676
best_stat: {'epoch': 10, 'coco_eval_bbox': 0.38651277206874896}
Epoch: [18/30]  [ 0/45]  eta: 0:00:21  lr: 0.000100  loss: 18.3516 (18.3516)  loss_vfl: 0.4832 (0.4832)  loss_bbox: 0.0322 (0.0322)  loss_giou: 0.4508 (0.4508)  loss_fgl: 1.1986 (1.1986)  loss_vfl_aux_0: 0.6473 (0.6473)  loss_bbox_aux_0: 0.0487 (0.0487)  loss_giou_aux_0: 0.6565 (0.6565)  loss_fgl_aux_0: 1.2223 (1.2223)  loss_ddf_aux_0: 0.2875 (0.2875)  loss_vfl_aux_1: 0.4799 (0.4799)  loss_bbox_aux_1: 0.0342 (0.0342)  loss_giou_aux_1: 0.4714 (0.4714)  loss_fgl_aux_1: 1.1994 (1.1994)  loss_ddf_aux_1: 0.0276 (0.0276)  loss_vfl_pre: 0.6494 (0.6494)  loss_bbox_pre: 0.0490 (0.0490)  loss_giou_pre: 0.6582 (0.6582)  loss_vfl_enc_0: 0.2572 (0.2572)  loss_bbox_enc_0: 0.2499 (0.2499)  loss_giou_enc_0: 1.9248 (1.9248)  loss_vfl_dn_0: 0.4858 (0.4858)  loss_bbox_dn_0: 0.0318 (0.0318)  loss_giou_dn_0: 0.4608 (0.4608)  loss_fgl_dn_0: 1.2749 (1.2749)  loss_ddf_dn_0: 0.1800 (0.1800)  loss_vfl_dn_1: 0.3891 (0.3891)  loss_bbox_dn_1: 0.0229 (0.0229)  loss_giou_dn_1: 0.3485 (0.3485)  loss_fgl_dn_1: 1.2007 (1.2007)  loss_ddf_dn_1: 0.0048 (0.0048)  loss_vfl_dn_2: 0.3839 (0.3839)  loss_bbox_dn_2: 0.0226 (0.0226)  loss_giou_dn_2: 0.3439 (0.3439)  loss_fgl_dn_2: 1.1974 (1.1974)  loss_ddf_dn_2: -0.0000 (0.0000)  loss_vfl_dn_pre: 0.4846 (0.4846)  loss_bbox_dn_pre: 0.0316 (0.0316)  loss_giou_dn_pre: 0.4582 (0.4582)  loss_size: 0.0016 (0.0016)  time: 0.4777  data: 0.2369  max mem: 5225
Epoch: [18/30]  [44/45]  eta: 0:00:00  lr: 0.000100  loss: 18.0429 (18.6584)  loss_vfl: 0.4444 (0.4666)  loss_bbox: 0.0425 (0.0499)  loss_giou: 0.4659 (0.5113)  loss_fgl: 1.2279 (1.1900)  loss_vfl_aux_0: 0.7513 (0.7286)  loss_bbox_aux_0: 0.0464 (0.0715)  loss_giou_aux_0: 0.5553 (0.6815)  loss_fgl_aux_0: 1.2458 (1.1903)  loss_ddf_aux_0: 0.2213 (0.2695)  loss_vfl_aux_1: 0.4756 (0.4907)  loss_bbox_aux_1: 0.0419 (0.0525)  loss_giou_aux_1: 0.4763 (0.5297)  loss_fgl_aux_1: 1.2277 (1.1883)  loss_ddf_aux_1: 0.0194 (0.0278)  loss_vfl_pre: 0.7453 (0.7319)  loss_bbox_pre: 0.0469 (0.0670)  loss_giou_pre: 0.5542 (0.6850)  loss_vfl_enc_0: 0.4588 (0.3642)  loss_bbox_enc_0: 0.1551 (0.2445)  loss_giou_enc_0: 1.4830 (1.7862)  loss_vfl_dn_0: 0.4656 (0.4695)  loss_bbox_dn_0: 0.0392 (0.0381)  loss_giou_dn_0: 0.4701 (0.4629)  loss_fgl_dn_0: 1.2480 (1.2578)  loss_ddf_dn_0: 0.1863 (0.1856)  loss_vfl_dn_1: 0.3905 (0.3912)  loss_bbox_dn_1: 0.0295 (0.0283)  loss_giou_dn_1: 0.3588 (0.3603)  loss_fgl_dn_1: 1.1895 (1.1934)  loss_ddf_dn_1: 0.0049 (0.0053)  loss_vfl_dn_2: 0.3868 (0.3876)  loss_bbox_dn_2: 0.0294 (0.0282)  loss_giou_dn_2: 0.3573 (0.3593)  loss_fgl_dn_2: 1.1903 (1.1932)  loss_ddf_dn_2: -0.0000 (0.0000)  loss_vfl_dn_pre: 0.4664 (0.4690)  loss_bbox_dn_pre: 0.0392 (0.0380)  loss_giou_dn_pre: 0.4690 (0.4616)  loss_size: 0.0020 (0.0021)  time: 0.2417  data: 0.0116  max mem: 5225
Epoch: [18/30] Total time: 0:00:11 (0.2482 s / it)
Averaged stats: lr: 0.000100  loss: 18.0429 (18.6584)  loss_vfl: 0.4444 (0.4666)  loss_bbox: 0.0425 (0.0499)  loss_giou: 0.4659 (0.5113)  loss_fgl: 1.2279 (1.1900)  loss_vfl_aux_0: 0.7513 (0.7286)  loss_bbox_aux_0: 0.0464 (0.0715)  loss_giou_aux_0: 0.5553 (0.6815)  loss_fgl_aux_0: 1.2458 (1.1903)  loss_ddf_aux_0: 0.2213 (0.2695)  loss_vfl_aux_1: 0.4756 (0.4907)  loss_bbox_aux_1: 0.0419 (0.0525)  loss_giou_aux_1: 0.4763 (0.5297)  loss_fgl_aux_1: 1.2277 (1.1883)  loss_ddf_aux_1: 0.0194 (0.0278)  loss_vfl_pre: 0.7453 (0.7319)  loss_bbox_pre: 0.0469 (0.0670)  loss_giou_pre: 0.5542 (0.6850)  loss_vfl_enc_0: 0.4588 (0.3642)  loss_bbox_enc_0: 0.1551 (0.2445)  loss_giou_enc_0: 1.4830 (1.7862)  loss_vfl_dn_0: 0.4656 (0.4695)  loss_bbox_dn_0: 0.0392 (0.0381)  loss_giou_dn_0: 0.4701 (0.4629)  loss_fgl_dn_0: 1.2480 (1.2578)  loss_ddf_dn_0: 0.1863 (0.1856)  loss_vfl_dn_1: 0.3905 (0.3912)  loss_bbox_dn_1: 0.0295 (0.0283)  loss_giou_dn_1: 0.3588 (0.3603)  loss_fgl_dn_1: 1.1895 (1.1934)  loss_ddf_dn_1: 0.0049 (0.0053)  loss_vfl_dn_2: 0.3868 (0.3876)  loss_bbox_dn_2: 0.0294 (0.0282)  loss_giou_dn_2: 0.3573 (0.3593)  loss_fgl_dn_2: 1.1903 (1.1932)  loss_ddf_dn_2: -0.0000 (0.0000)  loss_vfl_dn_pre: 0.4664 (0.4690)  loss_bbox_dn_pre: 0.0392 (0.0380)  loss_giou_dn_pre: 0.4690 (0.4616)  loss_size: 0.0020 (0.0021)
Test:  [0/8]  eta: 0:00:02    time: 0.3002  data: 0.2435  max mem: 5225
Test:  [7/8]  eta: 0:00:00    time: 0.1222  data: 0.0428  max mem: 5225
Test: Total time: 0:00:01 (0.1270 s / it)
Metrics: {'f1': 0.8653846153846154, 'precision': 0.7941176470588235, 'recall': 0.9507042253521126, 'iou': 0.5445286513721875, 'TPs': 135, 'FPs': 35, 'FNs': 7}
Averaged stats: 
Accumulating evaluation results...
COCOeval_opt.accumulate() finished...
DONE (t=0.01s).
IoU metric: bbox
 Average Precision  (AP) @[ IoU=0.50:0.95 | area=   all | maxDets=100 ] = 0.353
 Average Precision  (AP) @[ IoU=0.50      | area=   all | maxDets=100 ] = 0.900
 Average Precision  (AP) @[ IoU=0.75      | area=   all | maxDets=100 ] = 0.150
 Average Precision  (AP) @[ IoU=0.50:0.95 | area= small | maxDets=100 ] = 0.353
 Average Precision  (AP) @[ IoU=0.50:0.95 | area=medium | maxDets=100 ] = -1.000
 Average Precision  (AP) @[ IoU=0.50:0.95 | area= large | maxDets=100 ] = -1.000
 Average Recall     (AR) @[ IoU=0.50:0.95 | area=   all | maxDets=  1 ] = 0.213
 Average Recall     (AR) @[ IoU=0.50:0.95 | area=   all | maxDets= 10 ] = 0.507
 Average Recall     (AR) @[ IoU=0.50:0.95 | area=   all | maxDets=100 ] = 0.599
 Average Recall     (AR) @[ IoU=0.50:0.95 | area= small | maxDets=100 ] = 0.599
 Average Recall     (AR) @[ IoU=0.50:0.95 | area=medium | maxDets=100 ] = -1.000
 Average Recall     (AR) @[ IoU=0.50:0.95 | area= large | maxDets=100 ] = -1.000
 Average Recall     (AR) @[ IoU=0.50      | area=   all | maxDets=100 ] = 0.986
 Average Recall     (AR) @[ IoU=0.75      | area=   all | maxDets=100 ] = 0.648
best_stat: {'epoch': 10, 'coco_eval_bbox': 0.38651277206874896}
Epoch: [19/30]  [ 0/45]  eta: 0:00:21  lr: 0.000100  loss: 17.4658 (17.4658)  loss_vfl: 0.4048 (0.4048)  loss_bbox: 0.0388 (0.0388)  loss_giou: 0.4449 (0.4449)  loss_fgl: 1.2478 (1.2478)  loss_vfl_aux_0: 0.7308 (0.7308)  loss_bbox_aux_0: 0.0430 (0.0430)  loss_giou_aux_0: 0.4829 (0.4829)  loss_fgl_aux_0: 1.2691 (1.2691)  loss_ddf_aux_0: 0.1581 (0.1581)  loss_vfl_aux_1: 0.4430 (0.4430)  loss_bbox_aux_1: 0.0386 (0.0386)  loss_giou_aux_1: 0.4460 (0.4460)  loss_fgl_aux_1: 1.2503 (1.2503)  loss_ddf_aux_1: 0.0139 (0.0139)  loss_vfl_pre: 0.7261 (0.7261)  loss_bbox_pre: 0.0431 (0.0431)  loss_giou_pre: 0.4850 (0.4850)  loss_vfl_enc_0: 0.6156 (0.6156)  loss_bbox_enc_0: 0.1024 (0.1024)  loss_giou_enc_0: 1.1989 (1.1989)  loss_vfl_dn_0: 0.4588 (0.4588)  loss_bbox_dn_0: 0.0386 (0.0386)  loss_giou_dn_0: 0.4496 (0.4496)  loss_fgl_dn_0: 1.2482 (1.2482)  loss_ddf_dn_0: 0.2029 (0.2029)  loss_vfl_dn_1: 0.3865 (0.3865)  loss_bbox_dn_1: 0.0286 (0.0286)  loss_giou_dn_1: 0.3635 (0.3635)  loss_fgl_dn_1: 1.1903 (1.1903)  loss_ddf_dn_1: 0.0056 (0.0056)  loss_vfl_dn_2: 0.3823 (0.3823)  loss_bbox_dn_2: 0.0284 (0.0284)  loss_giou_dn_2: 0.3612 (0.3612)  loss_fgl_dn_2: 1.1887 (1.1887)  loss_ddf_dn_2: -0.0000 (0.0000)  loss_vfl_dn_pre: 0.4587 (0.4587)  loss_bbox_dn_pre: 0.0388 (0.0388)  loss_giou_dn_pre: 0.4500 (0.4500)  loss_size: 0.0019 (0.0019)  time: 0.4819  data: 0.2387  max mem: 5225
Epoch: [19/30]  [44/45]  eta: 0:00:00  lr: 0.000100  loss: 17.6570 (18.4236)  loss_vfl: 0.4327 (0.4781)  loss_bbox: 0.0358 (0.0512)  loss_giou: 0.4252 (0.5040)  loss_fgl: 1.2170 (1.1906)  loss_vfl_aux_0: 0.7522 (0.7507)  loss_bbox_aux_0: 0.0446 (0.0806)  loss_giou_aux_0: 0.5119 (0.6427)  loss_fgl_aux_0: 1.2481 (1.1835)  loss_ddf_aux_0: 0.1902 (0.2353)  loss_vfl_aux_1: 0.4855 (0.5129)  loss_bbox_aux_1: 0.0359 (0.0519)  loss_giou_aux_1: 0.4325 (0.5239)  loss_fgl_aux_1: 1.2183 (1.1848)  loss_ddf_aux_1: 0.0134 (0.0217)  loss_vfl_pre: 0.7579 (0.7600)  loss_bbox_pre: 0.0446 (0.0636)  loss_giou_pre: 0.5135 (0.6421)  loss_vfl_enc_0: 0.5112 (0.4859)  loss_bbox_enc_0: 0.1366 (0.2189)  loss_giou_enc_0: 1.4332 (1.5963)  loss_vfl_dn_0: 0.4616 (0.4634)  loss_bbox_dn_0: 0.0366 (0.0370)  loss_giou_dn_0: 0.4513 (0.4508)  loss_fgl_dn_0: 1.2475 (1.2531)  loss_ddf_dn_0: 0.1801 (0.1905)  loss_vfl_dn_1: 0.3837 (0.3855)  loss_bbox_dn_1: 0.0272 (0.0274)  loss_giou_dn_1: 0.3543 (0.3485)  loss_fgl_dn_1: 1.1846 (1.1876)  loss_ddf_dn_1: 0.0034 (0.0045)  loss_vfl_dn_2: 0.3817 (0.3835)  loss_bbox_dn_2: 0.0272 (0.0274)  loss_giou_dn_2: 0.3518 (0.3472)  loss_fgl_dn_2: 1.1873 (1.1872)  loss_ddf_dn_2: -0.0000 (0.0000)  loss_vfl_dn_pre: 0.4610 (0.4627)  loss_bbox_dn_pre: 0.0365 (0.0370)  loss_giou_dn_pre: 0.4502 (0.4496)  loss_size: 0.0015 (0.0019)  time: 0.2406  data: 0.0117  max mem: 5225
Epoch: [19/30] Total time: 0:00:11 (0.2480 s / it)
Averaged stats: lr: 0.000100  loss: 17.6570 (18.4236)  loss_vfl: 0.4327 (0.4781)  loss_bbox: 0.0358 (0.0512)  loss_giou: 0.4252 (0.5040)  loss_fgl: 1.2170 (1.1906)  loss_vfl_aux_0: 0.7522 (0.7507)  loss_bbox_aux_0: 0.0446 (0.0806)  loss_giou_aux_0: 0.5119 (0.6427)  loss_fgl_aux_0: 1.2481 (1.1835)  loss_ddf_aux_0: 0.1902 (0.2353)  loss_vfl_aux_1: 0.4855 (0.5129)  loss_bbox_aux_1: 0.0359 (0.0519)  loss_giou_aux_1: 0.4325 (0.5239)  loss_fgl_aux_1: 1.2183 (1.1848)  loss_ddf_aux_1: 0.0134 (0.0217)  loss_vfl_pre: 0.7579 (0.7600)  loss_bbox_pre: 0.0446 (0.0636)  loss_giou_pre: 0.5135 (0.6421)  loss_vfl_enc_0: 0.5112 (0.4859)  loss_bbox_enc_0: 0.1366 (0.2189)  loss_giou_enc_0: 1.4332 (1.5963)  loss_vfl_dn_0: 0.4616 (0.4634)  loss_bbox_dn_0: 0.0366 (0.0370)  loss_giou_dn_0: 0.4513 (0.4508)  loss_fgl_dn_0: 1.2475 (1.2531)  loss_ddf_dn_0: 0.1801 (0.1905)  loss_vfl_dn_1: 0.3837 (0.3855)  loss_bbox_dn_1: 0.0272 (0.0274)  loss_giou_dn_1: 0.3543 (0.3485)  loss_fgl_dn_1: 1.1846 (1.1876)  loss_ddf_dn_1: 0.0034 (0.0045)  loss_vfl_dn_2: 0.3817 (0.3835)  loss_bbox_dn_2: 0.0272 (0.0274)  loss_giou_dn_2: 0.3518 (0.3472)  loss_fgl_dn_2: 1.1873 (1.1872)  loss_ddf_dn_2: -0.0000 (0.0000)  loss_vfl_dn_pre: 0.4610 (0.4627)  loss_bbox_dn_pre: 0.0365 (0.0370)  loss_giou_dn_pre: 0.4502 (0.4496)  loss_size: 0.0015 (0.0019)
Test:  [0/8]  eta: 0:00:02    time: 0.2952  data: 0.2389  max mem: 5225
Test:  [7/8]  eta: 0:00:00    time: 0.0985  data: 0.0429  max mem: 5225
Test: Total time: 0:00:00 (0.1033 s / it)
Metrics: {'f1': 0.8758169934640523, 'precision': 0.8170731707317073, 'recall': 0.9436619718309859, 'iou': 0.5565992209107377, 'TPs': 134, 'FPs': 30, 'FNs': 8}
Averaged stats: 
Accumulating evaluation results...
COCOeval_opt.accumulate() finished...
DONE (t=0.01s).
IoU metric: bbox
 Average Precision  (AP) @[ IoU=0.50:0.95 | area=   all | maxDets=100 ] = 0.348
 Average Precision  (AP) @[ IoU=0.50      | area=   all | maxDets=100 ] = 0.882
 Average Precision  (AP) @[ IoU=0.75      | area=   all | maxDets=100 ] = 0.151
 Average Precision  (AP) @[ IoU=0.50:0.95 | area= small | maxDets=100 ] = 0.349
 Average Precision  (AP) @[ IoU=0.50:0.95 | area=medium | maxDets=100 ] = -1.000
 Average Precision  (AP) @[ IoU=0.50:0.95 | area= large | maxDets=100 ] = -1.000
 Average Recall     (AR) @[ IoU=0.50:0.95 | area=   all | maxDets=  1 ] = 0.217
 Average Recall     (AR) @[ IoU=0.50:0.95 | area=   all | maxDets= 10 ] = 0.495
 Average Recall     (AR) @[ IoU=0.50:0.95 | area=   all | maxDets=100 ] = 0.609
 Average Recall     (AR) @[ IoU=0.50:0.95 | area= small | maxDets=100 ] = 0.609
 Average Recall     (AR) @[ IoU=0.50:0.95 | area=medium | maxDets=100 ] = -1.000
 Average Recall     (AR) @[ IoU=0.50:0.95 | area= large | maxDets=100 ] = -1.000
 Average Recall     (AR) @[ IoU=0.50      | area=   all | maxDets=100 ] = 0.979
 Average Recall     (AR) @[ IoU=0.75      | area=   all | maxDets=100 ] = 0.669
best_stat: {'epoch': 10, 'coco_eval_bbox': 0.38651277206874896}
Epoch: [20/30]  [ 0/45]  eta: 0:00:21  lr: 0.000100  loss: 18.1537 (18.1537)  loss_vfl: 0.4171 (0.4171)  loss_bbox: 0.0374 (0.0374)  loss_giou: 0.4136 (0.4136)  loss_fgl: 1.2598 (1.2598)  loss_vfl_aux_0: 0.8378 (0.8378)  loss_bbox_aux_0: 0.0453 (0.0453)  loss_giou_aux_0: 0.4958 (0.4958)  loss_fgl_aux_0: 1.2627 (1.2627)  loss_ddf_aux_0: 0.1917 (0.1917)  loss_vfl_aux_1: 0.4492 (0.4492)  loss_bbox_aux_1: 0.0383 (0.0383)  loss_giou_aux_1: 0.4144 (0.4144)  loss_fgl_aux_1: 1.2642 (1.2642)  loss_ddf_aux_1: 0.0104 (0.0104)  loss_vfl_pre: 0.8304 (0.8304)  loss_bbox_pre: 0.0453 (0.0453)  loss_giou_pre: 0.4967 (0.4967)  loss_vfl_enc_0: 0.5449 (0.5449)  loss_bbox_enc_0: 0.1604 (0.1604)  loss_giou_enc_0: 1.6099 (1.6099)  loss_vfl_dn_0: 0.4596 (0.4596)  loss_bbox_dn_0: 0.0408 (0.0408)  loss_giou_dn_0: 0.4803 (0.4803)  loss_fgl_dn_0: 1.2942 (1.2942)  loss_ddf_dn_0: 0.1119 (0.1119)  loss_vfl_dn_1: 0.3833 (0.3833)  loss_bbox_dn_1: 0.0292 (0.0292)  loss_giou_dn_1: 0.3584 (0.3584)  loss_fgl_dn_1: 1.2169 (1.2169)  loss_ddf_dn_1: 0.0016 (0.0016)  loss_vfl_dn_2: 0.3792 (0.3792)  loss_bbox_dn_2: 0.0289 (0.0289)  loss_giou_dn_2: 0.3549 (0.3549)  loss_fgl_dn_2: 1.2136 (1.2136)  loss_ddf_dn_2: -0.0000 (0.0000)  loss_vfl_dn_pre: 0.4582 (0.4582)  loss_bbox_dn_pre: 0.0403 (0.0403)  loss_giou_dn_pre: 0.4755 (0.4755)  loss_size: 0.0015 (0.0015)  time: 0.4798  data: 0.2397  max mem: 5225
Epoch: [20/30]  [44/45]  eta: 0:00:00  lr: 0.000100  loss: 18.3429 (18.3315)  loss_vfl: 0.4422 (0.4545)  loss_bbox: 0.0408 (0.0444)  loss_giou: 0.4596 (0.4781)  loss_fgl: 1.2331 (1.1961)  loss_vfl_aux_0: 0.9104 (0.8296)  loss_bbox_aux_0: 0.0471 (0.0597)  loss_giou_aux_0: 0.5308 (0.6159)  loss_fgl_aux_0: 1.2484 (1.2014)  loss_ddf_aux_0: 0.1741 (0.1854)  loss_vfl_aux_1: 0.4955 (0.4941)  loss_bbox_aux_1: 0.0414 (0.0458)  loss_giou_aux_1: 0.4692 (0.4897)  loss_fgl_aux_1: 1.2307 (1.1952)  loss_ddf_aux_1: 0.0099 (0.0121)  loss_vfl_pre: 0.9243 (0.8271)  loss_bbox_pre: 0.0468 (0.0576)  loss_giou_pre: 0.5276 (0.6146)  loss_vfl_enc_0: 0.5124 (0.4640)  loss_bbox_enc_0: 0.1391 (0.1977)  loss_giou_enc_0: 1.4134 (1.6018)  loss_vfl_dn_0: 0.4647 (0.4628)  loss_bbox_dn_0: 0.0391 (0.0369)  loss_giou_dn_0: 0.4673 (0.4493)  loss_fgl_dn_0: 1.2438 (1.2538)  loss_ddf_dn_0: 0.2206 (0.2077)  loss_vfl_dn_1: 0.3877 (0.3864)  loss_bbox_dn_1: 0.0279 (0.0276)  loss_giou_dn_1: 0.3524 (0.3490)  loss_fgl_dn_1: 1.1850 (1.1896)  loss_ddf_dn_1: 0.0071 (0.0062)  loss_vfl_dn_2: 0.3869 (0.3838)  loss_bbox_dn_2: 0.0279 (0.0275)  loss_giou_dn_2: 0.3509 (0.3480)  loss_fgl_dn_2: 1.1833 (1.1896)  loss_ddf_dn_2: -0.0000 (0.0000)  loss_vfl_dn_pre: 0.4656 (0.4624)  loss_bbox_dn_pre: 0.0391 (0.0368)  loss_giou_dn_pre: 0.4652 (0.4476)  loss_size: 0.0016 (0.0017)  time: 0.2413  data: 0.0118  max mem: 5225
Epoch: [20/30] Total time: 0:00:11 (0.2480 s / it)
Averaged stats: lr: 0.000100  loss: 18.3429 (18.3315)  loss_vfl: 0.4422 (0.4545)  loss_bbox: 0.0408 (0.0444)  loss_giou: 0.4596 (0.4781)  loss_fgl: 1.2331 (1.1961)  loss_vfl_aux_0: 0.9104 (0.8296)  loss_bbox_aux_0: 0.0471 (0.0597)  loss_giou_aux_0: 0.5308 (0.6159)  loss_fgl_aux_0: 1.2484 (1.2014)  loss_ddf_aux_0: 0.1741 (0.1854)  loss_vfl_aux_1: 0.4955 (0.4941)  loss_bbox_aux_1: 0.0414 (0.0458)  loss_giou_aux_1: 0.4692 (0.4897)  loss_fgl_aux_1: 1.2307 (1.1952)  loss_ddf_aux_1: 0.0099 (0.0121)  loss_vfl_pre: 0.9243 (0.8271)  loss_bbox_pre: 0.0468 (0.0576)  loss_giou_pre: 0.5276 (0.6146)  loss_vfl_enc_0: 0.5124 (0.4640)  loss_bbox_enc_0: 0.1391 (0.1977)  loss_giou_enc_0: 1.4134 (1.6018)  loss_vfl_dn_0: 0.4647 (0.4628)  loss_bbox_dn_0: 0.0391 (0.0369)  loss_giou_dn_0: 0.4673 (0.4493)  loss_fgl_dn_0: 1.2438 (1.2538)  loss_ddf_dn_0: 0.2206 (0.2077)  loss_vfl_dn_1: 0.3877 (0.3864)  loss_bbox_dn_1: 0.0279 (0.0276)  loss_giou_dn_1: 0.3524 (0.3490)  loss_fgl_dn_1: 1.1850 (1.1896)  loss_ddf_dn_1: 0.0071 (0.0062)  loss_vfl_dn_2: 0.3869 (0.3838)  loss_bbox_dn_2: 0.0279 (0.0275)  loss_giou_dn_2: 0.3509 (0.3480)  loss_fgl_dn_2: 1.1833 (1.1896)  loss_ddf_dn_2: -0.0000 (0.0000)  loss_vfl_dn_pre: 0.4656 (0.4624)  loss_bbox_dn_pre: 0.0391 (0.0368)  loss_giou_dn_pre: 0.4652 (0.4476)  loss_size: 0.0016 (0.0017)
Test:  [0/8]  eta: 0:00:02    time: 0.3213  data: 0.2625  max mem: 5225
Test:  [7/8]  eta: 0:00:00    time: 0.1217  data: 0.0427  max mem: 5225
Test: Total time: 0:00:01 (0.1267 s / it)
Metrics: {'f1': 0.891089108910891, 'precision': 0.8385093167701864, 'recall': 0.9507042253521126, 'iou': 0.5731845416483425, 'TPs': 135, 'FPs': 26, 'FNs': 7}
Averaged stats: 
Accumulating evaluation results...
COCOeval_opt.accumulate() finished...
DONE (t=0.01s).
IoU metric: bbox
 Average Precision  (AP) @[ IoU=0.50:0.95 | area=   all | maxDets=100 ] = 0.353
 Average Precision  (AP) @[ IoU=0.50      | area=   all | maxDets=100 ] = 0.906
 Average Precision  (AP) @[ IoU=0.75      | area=   all | maxDets=100 ] = 0.146
 Average Precision  (AP) @[ IoU=0.50:0.95 | area= small | maxDets=100 ] = 0.354
 Average Precision  (AP) @[ IoU=0.50:0.95 | area=medium | maxDets=100 ] = -1.000
 Average Precision  (AP) @[ IoU=0.50:0.95 | area= large | maxDets=100 ] = -1.000
 Average Recall     (AR) @[ IoU=0.50:0.95 | area=   all | maxDets=  1 ] = 0.215
 Average Recall     (AR) @[ IoU=0.50:0.95 | area=   all | maxDets= 10 ] = 0.490
 Average Recall     (AR) @[ IoU=0.50:0.95 | area=   all | maxDets=100 ] = 0.609
 Average Recall     (AR) @[ IoU=0.50:0.95 | area= small | maxDets=100 ] = 0.609
 Average Recall     (AR) @[ IoU=0.50:0.95 | area=medium | maxDets=100 ] = -1.000
 Average Recall     (AR) @[ IoU=0.50:0.95 | area= large | maxDets=100 ] = -1.000
 Average Recall     (AR) @[ IoU=0.50      | area=   all | maxDets=100 ] = 0.979
 Average Recall     (AR) @[ IoU=0.75      | area=   all | maxDets=100 ] = 0.690
best_stat: {'epoch': 10, 'coco_eval_bbox': 0.38651277206874896}
Epoch: [21/30]  [ 0/45]  eta: 0:00:23  lr: 0.000100  loss: 17.3549 (17.3549)  loss_vfl: 0.4549 (0.4549)  loss_bbox: 0.0290 (0.0290)  loss_giou: 0.3963 (0.3963)  loss_fgl: 1.2173 (1.2173)  loss_vfl_aux_0: 0.9170 (0.9170)  loss_bbox_aux_0: 0.0317 (0.0317)  loss_giou_aux_0: 0.4171 (0.4171)  loss_fgl_aux_0: 1.2575 (1.2575)  loss_ddf_aux_0: 0.1873 (0.1873)  loss_vfl_aux_1: 0.5214 (0.5214)  loss_bbox_aux_1: 0.0292 (0.0292)  loss_giou_aux_1: 0.4000 (0.4000)  loss_fgl_aux_1: 1.2186 (1.2186)  loss_ddf_aux_1: 0.0141 (0.0141)  loss_vfl_pre: 0.9066 (0.9066)  loss_bbox_pre: 0.0318 (0.0318)  loss_giou_pre: 0.4170 (0.4170)  loss_vfl_enc_0: 0.7278 (0.7278)  loss_bbox_enc_0: 0.1284 (0.1284)  loss_giou_enc_0: 1.2210 (1.2210)  loss_vfl_dn_0: 0.4442 (0.4442)  loss_bbox_dn_0: 0.0265 (0.0265)  loss_giou_dn_0: 0.3606 (0.3606)  loss_fgl_dn_0: 1.2383 (1.2383)  loss_ddf_dn_0: 0.1888 (0.1888)  loss_vfl_dn_1: 0.3628 (0.3628)  loss_bbox_dn_1: 0.0225 (0.0225)  loss_giou_dn_1: 0.3048 (0.3048)  loss_fgl_dn_1: 1.1765 (1.1765)  loss_ddf_dn_1: 0.0058 (0.0058)  loss_vfl_dn_2: 0.3623 (0.3623)  loss_bbox_dn_2: 0.0227 (0.0227)  loss_giou_dn_2: 0.3063 (0.3063)  loss_fgl_dn_2: 1.1776 (1.1776)  loss_ddf_dn_2: -0.0000 (0.0000)  loss_vfl_dn_pre: 0.4451 (0.4451)  loss_bbox_dn_pre: 0.0264 (0.0264)  loss_giou_dn_pre: 0.3585 (0.3585)  loss_size: 0.0012 (0.0012)  time: 0.5187  data: 0.2706  max mem: 5225
Epoch: [21/30]  [44/45]  eta: 0:00:00  lr: 0.000100  loss: 17.6545 (17.6808)  loss_vfl: 0.4177 (0.4268)  loss_bbox: 0.0367 (0.0365)  loss_giou: 0.4273 (0.4258)  loss_fgl: 1.2416 (1.2342)  loss_vfl_aux_0: 0.8021 (0.8252)  loss_bbox_aux_0: 0.0430 (0.0419)  loss_giou_aux_0: 0.4757 (0.4873)  loss_fgl_aux_0: 1.2522 (1.2563)  loss_ddf_aux_0: 0.1160 (0.1288)  loss_vfl_aux_1: 0.4761 (0.4824)  loss_bbox_aux_1: 0.0372 (0.0367)  loss_giou_aux_1: 0.4239 (0.4286)  loss_fgl_aux_1: 1.2417 (1.2340)  loss_ddf_aux_1: 0.0071 (0.0087)  loss_vfl_pre: 0.7984 (0.8239)  loss_bbox_pre: 0.0430 (0.0416)  loss_giou_pre: 0.4770 (0.4850)  loss_vfl_enc_0: 0.7599 (0.7619)  loss_bbox_enc_0: 0.1073 (0.1138)  loss_giou_enc_0: 1.1634 (1.1916)  loss_vfl_dn_0: 0.4546 (0.4599)  loss_bbox_dn_0: 0.0378 (0.0366)  loss_giou_dn_0: 0.4395 (0.4431)  loss_fgl_dn_0: 1.2594 (1.2544)  loss_ddf_dn_0: 0.2027 (0.2016)  loss_vfl_dn_1: 0.3805 (0.3822)  loss_bbox_dn_1: 0.0280 (0.0271)  loss_giou_dn_1: 0.3433 (0.3416)  loss_fgl_dn_1: 1.1872 (1.1854)  loss_ddf_dn_1: 0.0062 (0.0057)  loss_vfl_dn_2: 0.3786 (0.3797)  loss_bbox_dn_2: 0.0279 (0.0270)  loss_giou_dn_2: 0.3416 (0.3405)  loss_fgl_dn_2: 1.1874 (1.1850)  loss_ddf_dn_2: -0.0000 (0.0000)  loss_vfl_dn_pre: 0.4571 (0.4602)  loss_bbox_dn_pre: 0.0379 (0.0366)  loss_giou_dn_pre: 0.4401 (0.4416)  loss_size: 0.0015 (0.0016)  time: 0.2419  data: 0.0117  max mem: 5225
Epoch: [21/30] Total time: 0:00:11 (0.2505 s / it)
Averaged stats: lr: 0.000100  loss: 17.6545 (17.6808)  loss_vfl: 0.4177 (0.4268)  loss_bbox: 0.0367 (0.0365)  loss_giou: 0.4273 (0.4258)  loss_fgl: 1.2416 (1.2342)  loss_vfl_aux_0: 0.8021 (0.8252)  loss_bbox_aux_0: 0.0430 (0.0419)  loss_giou_aux_0: 0.4757 (0.4873)  loss_fgl_aux_0: 1.2522 (1.2563)  loss_ddf_aux_0: 0.1160 (0.1288)  loss_vfl_aux_1: 0.4761 (0.4824)  loss_bbox_aux_1: 0.0372 (0.0367)  loss_giou_aux_1: 0.4239 (0.4286)  loss_fgl_aux_1: 1.2417 (1.2340)  loss_ddf_aux_1: 0.0071 (0.0087)  loss_vfl_pre: 0.7984 (0.8239)  loss_bbox_pre: 0.0430 (0.0416)  loss_giou_pre: 0.4770 (0.4850)  loss_vfl_enc_0: 0.7599 (0.7619)  loss_bbox_enc_0: 0.1073 (0.1138)  loss_giou_enc_0: 1.1634 (1.1916)  loss_vfl_dn_0: 0.4546 (0.4599)  loss_bbox_dn_0: 0.0378 (0.0366)  loss_giou_dn_0: 0.4395 (0.4431)  loss_fgl_dn_0: 1.2594 (1.2544)  loss_ddf_dn_0: 0.2027 (0.2016)  loss_vfl_dn_1: 0.3805 (0.3822)  loss_bbox_dn_1: 0.0280 (0.0271)  loss_giou_dn_1: 0.3433 (0.3416)  loss_fgl_dn_1: 1.1872 (1.1854)  loss_ddf_dn_1: 0.0062 (0.0057)  loss_vfl_dn_2: 0.3786 (0.3797)  loss_bbox_dn_2: 0.0279 (0.0270)  loss_giou_dn_2: 0.3416 (0.3405)  loss_fgl_dn_2: 1.1874 (1.1850)  loss_ddf_dn_2: -0.0000 (0.0000)  loss_vfl_dn_pre: 0.4571 (0.4602)  loss_bbox_dn_pre: 0.0379 (0.0366)  loss_giou_dn_pre: 0.4401 (0.4416)  loss_size: 0.0015 (0.0016)
Test:  [0/8]  eta: 0:00:02    time: 0.3048  data: 0.2461  max mem: 5225
Test:  [7/8]  eta: 0:00:00    time: 0.0991  data: 0.0434  max mem: 5225
Test: Total time: 0:00:00 (0.1043 s / it)
Metrics: {'f1': 0.8701298701298701, 'precision': 0.8072289156626506, 'recall': 0.9436619718309859, 'iou': 0.5508501142605968, 'TPs': 134, 'FPs': 32, 'FNs': 8}
Averaged stats: 
Accumulating evaluation results...
COCOeval_opt.accumulate() finished...
DONE (t=0.01s).
IoU metric: bbox
 Average Precision  (AP) @[ IoU=0.50:0.95 | area=   all | maxDets=100 ] = 0.349
 Average Precision  (AP) @[ IoU=0.50      | area=   all | maxDets=100 ] = 0.906
 Average Precision  (AP) @[ IoU=0.75      | area=   all | maxDets=100 ] = 0.141
 Average Precision  (AP) @[ IoU=0.50:0.95 | area= small | maxDets=100 ] = 0.349
 Average Precision  (AP) @[ IoU=0.50:0.95 | area=medium | maxDets=100 ] = -1.000
 Average Precision  (AP) @[ IoU=0.50:0.95 | area= large | maxDets=100 ] = -1.000
 Average Recall     (AR) @[ IoU=0.50:0.95 | area=   all | maxDets=  1 ] = 0.213
 Average Recall     (AR) @[ IoU=0.50:0.95 | area=   all | maxDets= 10 ] = 0.501
 Average Recall     (AR) @[ IoU=0.50:0.95 | area=   all | maxDets=100 ] = 0.607
 Average Recall     (AR) @[ IoU=0.50:0.95 | area= small | maxDets=100 ] = 0.607
 Average Recall     (AR) @[ IoU=0.50:0.95 | area=medium | maxDets=100 ] = -1.000
 Average Recall     (AR) @[ IoU=0.50:0.95 | area= large | maxDets=100 ] = -1.000
 Average Recall     (AR) @[ IoU=0.50      | area=   all | maxDets=100 ] = 0.986
 Average Recall     (AR) @[ IoU=0.75      | area=   all | maxDets=100 ] = 0.676
best_stat: {'epoch': 10, 'coco_eval_bbox': 0.38651277206874896}
Epoch: [22/30]  [ 0/45]  eta: 0:00:22  lr: 0.000100  loss: 18.6049 (18.6049)  loss_vfl: 0.4626 (0.4626)  loss_bbox: 0.0459 (0.0459)  loss_giou: 0.5726 (0.5726)  loss_fgl: 1.2405 (1.2405)  loss_vfl_aux_0: 0.6525 (0.6525)  loss_bbox_aux_0: 0.0565 (0.0565)  loss_giou_aux_0: 0.6781 (0.6781)  loss_fgl_aux_0: 1.2374 (1.2374)  loss_ddf_aux_0: 0.0977 (0.0977)  loss_vfl_aux_1: 0.4626 (0.4626)  loss_bbox_aux_1: 0.0473 (0.0473)  loss_giou_aux_1: 0.5814 (0.5814)  loss_fgl_aux_1: 1.2431 (1.2431)  loss_ddf_aux_1: 0.0046 (0.0046)  loss_vfl_pre: 0.6473 (0.6473)  loss_bbox_pre: 0.0565 (0.0565)  loss_giou_pre: 0.6748 (0.6748)  loss_vfl_enc_0: 0.4620 (0.4620)  loss_bbox_enc_0: 0.1562 (0.1562)  loss_giou_enc_0: 1.5435 (1.5435)  loss_vfl_dn_0: 0.4687 (0.4687)  loss_bbox_dn_0: 0.0420 (0.0420)  loss_giou_dn_0: 0.5350 (0.5350)  loss_fgl_dn_0: 1.2597 (1.2597)  loss_ddf_dn_0: 0.1770 (0.1770)  loss_vfl_dn_1: 0.4059 (0.4059)  loss_bbox_dn_1: 0.0316 (0.0316)  loss_giou_dn_1: 0.4229 (0.4229)  loss_fgl_dn_1: 1.2150 (1.2150)  loss_ddf_dn_1: 0.0043 (0.0043)  loss_vfl_dn_2: 0.4053 (0.4053)  loss_bbox_dn_2: 0.0314 (0.0314)  loss_giou_dn_2: 0.4211 (0.4211)  loss_fgl_dn_2: 1.2133 (1.2133)  loss_ddf_dn_2: -0.0000 (0.0000)  loss_vfl_dn_pre: 0.4686 (0.4686)  loss_bbox_dn_pre: 0.0423 (0.0423)  loss_giou_dn_pre: 0.5344 (0.5344)  loss_size: 0.0033 (0.0033)  time: 0.4970  data: 0.2545  max mem: 5225
Epoch: [22/30]  [44/45]  eta: 0:00:00  lr: 0.000100  loss: 17.5162 (17.4338)  loss_vfl: 0.4194 (0.4274)  loss_bbox: 0.0347 (0.0369)  loss_giou: 0.4220 (0.4226)  loss_fgl: 1.2142 (1.2169)  loss_vfl_aux_0: 0.7263 (0.7465)  loss_bbox_aux_0: 0.0434 (0.0452)  loss_giou_aux_0: 0.5443 (0.5168)  loss_fgl_aux_0: 1.2372 (1.2432)  loss_ddf_aux_0: 0.0942 (0.1014)  loss_vfl_aux_1: 0.4520 (0.4639)  loss_bbox_aux_1: 0.0350 (0.0372)  loss_giou_aux_1: 0.4265 (0.4266)  loss_fgl_aux_1: 1.2127 (1.2186)  loss_ddf_aux_1: 0.0039 (0.0047)  loss_vfl_pre: 0.7235 (0.7436)  loss_bbox_pre: 0.0434 (0.0451)  loss_giou_pre: 0.5402 (0.5161)  loss_vfl_enc_0: 0.4244 (0.4946)  loss_bbox_enc_0: 0.1672 (0.1600)  loss_giou_enc_0: 1.5203 (1.4722)  loss_vfl_dn_0: 0.4563 (0.4578)  loss_bbox_dn_0: 0.0344 (0.0351)  loss_giou_dn_0: 0.4372 (0.4239)  loss_fgl_dn_0: 1.2458 (1.2438)  loss_ddf_dn_0: 0.1828 (0.1905)  loss_vfl_dn_1: 0.3790 (0.3778)  loss_bbox_dn_1: 0.0266 (0.0265)  loss_giou_dn_1: 0.3302 (0.3325)  loss_fgl_dn_1: 1.1781 (1.1754)  loss_ddf_dn_1: 0.0050 (0.0053)  loss_vfl_dn_2: 0.3780 (0.3753)  loss_bbox_dn_2: 0.0262 (0.0265)  loss_giou_dn_2: 0.3305 (0.3317)  loss_fgl_dn_2: 1.1771 (1.1752)  loss_ddf_dn_2: -0.0000 (0.0000)  loss_vfl_dn_pre: 0.4582 (0.4579)  loss_bbox_dn_pre: 0.0344 (0.0349)  loss_giou_dn_pre: 0.4322 (0.4225)  loss_size: 0.0016 (0.0016)  time: 0.2417  data: 0.0118  max mem: 5225
Epoch: [22/30] Total time: 0:00:11 (0.2491 s / it)
Averaged stats: lr: 0.000100  loss: 17.5162 (17.4338)  loss_vfl: 0.4194 (0.4274)  loss_bbox: 0.0347 (0.0369)  loss_giou: 0.4220 (0.4226)  loss_fgl: 1.2142 (1.2169)  loss_vfl_aux_0: 0.7263 (0.7465)  loss_bbox_aux_0: 0.0434 (0.0452)  loss_giou_aux_0: 0.5443 (0.5168)  loss_fgl_aux_0: 1.2372 (1.2432)  loss_ddf_aux_0: 0.0942 (0.1014)  loss_vfl_aux_1: 0.4520 (0.4639)  loss_bbox_aux_1: 0.0350 (0.0372)  loss_giou_aux_1: 0.4265 (0.4266)  loss_fgl_aux_1: 1.2127 (1.2186)  loss_ddf_aux_1: 0.0039 (0.0047)  loss_vfl_pre: 0.7235 (0.7436)  loss_bbox_pre: 0.0434 (0.0451)  loss_giou_pre: 0.5402 (0.5161)  loss_vfl_enc_0: 0.4244 (0.4946)  loss_bbox_enc_0: 0.1672 (0.1600)  loss_giou_enc_0: 1.5203 (1.4722)  loss_vfl_dn_0: 0.4563 (0.4578)  loss_bbox_dn_0: 0.0344 (0.0351)  loss_giou_dn_0: 0.4372 (0.4239)  loss_fgl_dn_0: 1.2458 (1.2438)  loss_ddf_dn_0: 0.1828 (0.1905)  loss_vfl_dn_1: 0.3790 (0.3778)  loss_bbox_dn_1: 0.0266 (0.0265)  loss_giou_dn_1: 0.3302 (0.3325)  loss_fgl_dn_1: 1.1781 (1.1754)  loss_ddf_dn_1: 0.0050 (0.0053)  loss_vfl_dn_2: 0.3780 (0.3753)  loss_bbox_dn_2: 0.0262 (0.0265)  loss_giou_dn_2: 0.3305 (0.3317)  loss_fgl_dn_2: 1.1771 (1.1752)  loss_ddf_dn_2: -0.0000 (0.0000)  loss_vfl_dn_pre: 0.4582 (0.4579)  loss_bbox_dn_pre: 0.0344 (0.0349)  loss_giou_dn_pre: 0.4322 (0.4225)  loss_size: 0.0016 (0.0016)
Test:  [0/8]  eta: 0:00:02    time: 0.3152  data: 0.2587  max mem: 5225
Test:  [7/8]  eta: 0:00:00    time: 0.1232  data: 0.0444  max mem: 5225
Test: Total time: 0:00:01 (0.1310 s / it)
Metrics: {'f1': 0.8815789473684211, 'precision': 0.8271604938271605, 'recall': 0.9436619718309859, 'iou': 0.5628521628239576, 'TPs': 134, 'FPs': 28, 'FNs': 8}
Averaged stats: 
Accumulating evaluation results...
COCOeval_opt.accumulate() finished...
DONE (t=0.01s).
IoU metric: bbox
 Average Precision  (AP) @[ IoU=0.50:0.95 | area=   all | maxDets=100 ] = 0.348
 Average Precision  (AP) @[ IoU=0.50      | area=   all | maxDets=100 ] = 0.903
 Average Precision  (AP) @[ IoU=0.75      | area=   all | maxDets=100 ] = 0.145
 Average Precision  (AP) @[ IoU=0.50:0.95 | area= small | maxDets=100 ] = 0.348
 Average Precision  (AP) @[ IoU=0.50:0.95 | area=medium | maxDets=100 ] = -1.000
 Average Precision  (AP) @[ IoU=0.50:0.95 | area= large | maxDets=100 ] = -1.000
 Average Recall     (AR) @[ IoU=0.50:0.95 | area=   all | maxDets=  1 ] = 0.209
 Average Recall     (AR) @[ IoU=0.50:0.95 | area=   all | maxDets= 10 ] = 0.495
 Average Recall     (AR) @[ IoU=0.50:0.95 | area=   all | maxDets=100 ] = 0.603
 Average Recall     (AR) @[ IoU=0.50:0.95 | area= small | maxDets=100 ] = 0.603
 Average Recall     (AR) @[ IoU=0.50:0.95 | area=medium | maxDets=100 ] = -1.000
 Average Recall     (AR) @[ IoU=0.50:0.95 | area= large | maxDets=100 ] = -1.000
 Average Recall     (AR) @[ IoU=0.50      | area=   all | maxDets=100 ] = 0.986
 Average Recall     (AR) @[ IoU=0.75      | area=   all | maxDets=100 ] = 0.669
best_stat: {'epoch': 10, 'coco_eval_bbox': 0.38651277206874896}
Epoch: [23/30]  [ 0/45]  eta: 0:00:22  lr: 0.000100  loss: 18.4288 (18.4288)  loss_vfl: 0.4482 (0.4482)  loss_bbox: 0.0615 (0.0615)  loss_giou: 0.5334 (0.5334)  loss_fgl: 1.1175 (1.1175)  loss_vfl_aux_0: 0.7551 (0.7551)  loss_bbox_aux_0: 0.0937 (0.0937)  loss_giou_aux_0: 0.7727 (0.7727)  loss_fgl_aux_0: 1.1242 (1.1242)  loss_ddf_aux_0: 0.1249 (0.1249)  loss_vfl_aux_1: 0.4682 (0.4682)  loss_bbox_aux_1: 0.0646 (0.0646)  loss_giou_aux_1: 0.5677 (0.5677)  loss_fgl_aux_1: 1.1144 (1.1144)  loss_ddf_aux_1: 0.0095 (0.0095)  loss_vfl_pre: 0.7446 (0.7446)  loss_bbox_pre: 0.0807 (0.0807)  loss_giou_pre: 0.7919 (0.7919)  loss_vfl_enc_0: 0.3855 (0.3855)  loss_bbox_enc_0: 0.2120 (0.2120)  loss_giou_enc_0: 1.9158 (1.9158)  loss_vfl_dn_0: 0.4811 (0.4811)  loss_bbox_dn_0: 0.0318 (0.0318)  loss_giou_dn_0: 0.4198 (0.4198)  loss_fgl_dn_0: 1.2199 (1.2199)  loss_ddf_dn_0: 0.1496 (0.1496)  loss_vfl_dn_1: 0.3959 (0.3959)  loss_bbox_dn_1: 0.0241 (0.0241)  loss_giou_dn_1: 0.3287 (0.3287)  loss_fgl_dn_1: 1.1560 (1.1560)  loss_ddf_dn_1: 0.0044 (0.0044)  loss_vfl_dn_2: 0.3917 (0.3917)  loss_bbox_dn_2: 0.0239 (0.0239)  loss_giou_dn_2: 0.3265 (0.3265)  loss_fgl_dn_2: 1.1534 (1.1534)  loss_ddf_dn_2: -0.0000 (0.0000)  loss_vfl_dn_pre: 0.4804 (0.4804)  loss_bbox_dn_pre: 0.0319 (0.0319)  loss_giou_dn_pre: 0.4215 (0.4215)  loss_size: 0.0021 (0.0021)  time: 0.4973  data: 0.2502  max mem: 5225
Epoch: [23/30]  [44/45]  eta: 0:00:00  lr: 0.000100  loss: 17.2107 (17.3534)  loss_vfl: 0.4059 (0.4196)  loss_bbox: 0.0320 (0.0342)  loss_giou: 0.3844 (0.4047)  loss_fgl: 1.2013 (1.2141)  loss_vfl_aux_0: 0.7629 (0.7744)  loss_bbox_aux_0: 0.0417 (0.0430)  loss_giou_aux_0: 0.4825 (0.5042)  loss_fgl_aux_0: 1.2443 (1.2495)  loss_ddf_aux_0: 0.1182 (0.1154)  loss_vfl_aux_1: 0.4630 (0.4543)  loss_bbox_aux_1: 0.0318 (0.0346)  loss_giou_aux_1: 0.3878 (0.4097)  loss_fgl_aux_1: 1.2008 (1.2149)  loss_ddf_aux_1: 0.0059 (0.0058)  loss_vfl_pre: 0.7556 (0.7701)  loss_bbox_pre: 0.0415 (0.0422)  loss_giou_pre: 0.4879 (0.5029)  loss_vfl_enc_0: 0.4626 (0.4986)  loss_bbox_enc_0: 0.1611 (0.1460)  loss_giou_enc_0: 1.4771 (1.4683)  loss_vfl_dn_0: 0.4520 (0.4515)  loss_bbox_dn_0: 0.0327 (0.0340)  loss_giou_dn_0: 0.3988 (0.4186)  loss_fgl_dn_0: 1.2428 (1.2464)  loss_ddf_dn_0: 0.1998 (0.1988)  loss_vfl_dn_1: 0.3690 (0.3741)  loss_bbox_dn_1: 0.0242 (0.0254)  loss_giou_dn_1: 0.3104 (0.3230)  loss_fgl_dn_1: 1.1632 (1.1729)  loss_ddf_dn_1: 0.0067 (0.0066)  loss_vfl_dn_2: 0.3657 (0.3715)  loss_bbox_dn_2: 0.0241 (0.0253)  loss_giou_dn_2: 0.3104 (0.3224)  loss_fgl_dn_2: 1.1599 (1.1725)  loss_ddf_dn_2: -0.0000 (0.0000)  loss_vfl_dn_pre: 0.4517 (0.4517)  loss_bbox_dn_pre: 0.0326 (0.0339)  loss_giou_dn_pre: 0.3976 (0.4169)  loss_size: 0.0012 (0.0014)  time: 0.2425  data: 0.0124  max mem: 5225
Epoch: [23/30] Total time: 0:00:11 (0.2505 s / it)
Averaged stats: lr: 0.000100  loss: 17.2107 (17.3534)  loss_vfl: 0.4059 (0.4196)  loss_bbox: 0.0320 (0.0342)  loss_giou: 0.3844 (0.4047)  loss_fgl: 1.2013 (1.2141)  loss_vfl_aux_0: 0.7629 (0.7744)  loss_bbox_aux_0: 0.0417 (0.0430)  loss_giou_aux_0: 0.4825 (0.5042)  loss_fgl_aux_0: 1.2443 (1.2495)  loss_ddf_aux_0: 0.1182 (0.1154)  loss_vfl_aux_1: 0.4630 (0.4543)  loss_bbox_aux_1: 0.0318 (0.0346)  loss_giou_aux_1: 0.3878 (0.4097)  loss_fgl_aux_1: 1.2008 (1.2149)  loss_ddf_aux_1: 0.0059 (0.0058)  loss_vfl_pre: 0.7556 (0.7701)  loss_bbox_pre: 0.0415 (0.0422)  loss_giou_pre: 0.4879 (0.5029)  loss_vfl_enc_0: 0.4626 (0.4986)  loss_bbox_enc_0: 0.1611 (0.1460)  loss_giou_enc_0: 1.4771 (1.4683)  loss_vfl_dn_0: 0.4520 (0.4515)  loss_bbox_dn_0: 0.0327 (0.0340)  loss_giou_dn_0: 0.3988 (0.4186)  loss_fgl_dn_0: 1.2428 (1.2464)  loss_ddf_dn_0: 0.1998 (0.1988)  loss_vfl_dn_1: 0.3690 (0.3741)  loss_bbox_dn_1: 0.0242 (0.0254)  loss_giou_dn_1: 0.3104 (0.3230)  loss_fgl_dn_1: 1.1632 (1.1729)  loss_ddf_dn_1: 0.0067 (0.0066)  loss_vfl_dn_2: 0.3657 (0.3715)  loss_bbox_dn_2: 0.0241 (0.0253)  loss_giou_dn_2: 0.3104 (0.3224)  loss_fgl_dn_2: 1.1599 (1.1725)  loss_ddf_dn_2: -0.0000 (0.0000)  loss_vfl_dn_pre: 0.4517 (0.4517)  loss_bbox_dn_pre: 0.0326 (0.0339)  loss_giou_dn_pre: 0.3976 (0.4169)  loss_size: 0.0012 (0.0014)
Test:  [0/8]  eta: 0:00:02    time: 0.3071  data: 0.2501  max mem: 5225
Test:  [7/8]  eta: 0:00:00    time: 0.0988  data: 0.0436  max mem: 5225
Test: Total time: 0:00:00 (0.1039 s / it)
Metrics: {'f1': 0.891089108910891, 'precision': 0.8385093167701864, 'recall': 0.9507042253521126, 'iou': 0.5725165378479731, 'TPs': 135, 'FPs': 26, 'FNs': 7}
Averaged stats: 
Accumulating evaluation results...
COCOeval_opt.accumulate() finished...
DONE (t=0.01s).
IoU metric: bbox
 Average Precision  (AP) @[ IoU=0.50:0.95 | area=   all | maxDets=100 ] = 0.346
 Average Precision  (AP) @[ IoU=0.50      | area=   all | maxDets=100 ] = 0.893
 Average Precision  (AP) @[ IoU=0.75      | area=   all | maxDets=100 ] = 0.145
 Average Precision  (AP) @[ IoU=0.50:0.95 | area= small | maxDets=100 ] = 0.346
 Average Precision  (AP) @[ IoU=0.50:0.95 | area=medium | maxDets=100 ] = -1.000
 Average Precision  (AP) @[ IoU=0.50:0.95 | area= large | maxDets=100 ] = -1.000
 Average Recall     (AR) @[ IoU=0.50:0.95 | area=   all | maxDets=  1 ] = 0.214
 Average Recall     (AR) @[ IoU=0.50:0.95 | area=   all | maxDets= 10 ] = 0.496
 Average Recall     (AR) @[ IoU=0.50:0.95 | area=   all | maxDets=100 ] = 0.595
 Average Recall     (AR) @[ IoU=0.50:0.95 | area= small | maxDets=100 ] = 0.595
 Average Recall     (AR) @[ IoU=0.50:0.95 | area=medium | maxDets=100 ] = -1.000
 Average Recall     (AR) @[ IoU=0.50:0.95 | area= large | maxDets=100 ] = -1.000
 Average Recall     (AR) @[ IoU=0.50      | area=   all | maxDets=100 ] = 0.993
 Average Recall     (AR) @[ IoU=0.75      | area=   all | maxDets=100 ] = 0.641
best_stat: {'epoch': 10, 'coco_eval_bbox': 0.38651277206874896}
Epoch: [24/30]  [ 0/45]  eta: 0:00:21  lr: 0.000010  loss: 17.5027 (17.5027)  loss_vfl: 0.3863 (0.3863)  loss_bbox: 0.0295 (0.0295)  loss_giou: 0.3683 (0.3683)  loss_fgl: 1.2082 (1.2082)  loss_vfl_aux_0: 0.9684 (0.9684)  loss_bbox_aux_0: 0.0382 (0.0382)  loss_giou_aux_0: 0.4827 (0.4827)  loss_fgl_aux_0: 1.2434 (1.2434)  loss_ddf_aux_0: 0.1356 (0.1356)  loss_vfl_aux_1: 0.4094 (0.4094)  loss_bbox_aux_1: 0.0301 (0.0301)  loss_giou_aux_1: 0.3714 (0.3714)  loss_fgl_aux_1: 1.2155 (1.2155)  loss_ddf_aux_1: 0.0075 (0.0075)  loss_vfl_pre: 0.9472 (0.9472)  loss_bbox_pre: 0.0388 (0.0388)  loss_giou_pre: 0.4844 (0.4844)  loss_vfl_enc_0: 0.5686 (0.5686)  loss_bbox_enc_0: 0.1346 (0.1346)  loss_giou_enc_0: 1.3974 (1.3974)  loss_vfl_dn_0: 0.4590 (0.4590)  loss_bbox_dn_0: 0.0330 (0.0330)  loss_giou_dn_0: 0.4258 (0.4258)  loss_fgl_dn_0: 1.2361 (1.2361)  loss_ddf_dn_0: 0.2042 (0.2042)  loss_vfl_dn_1: 0.3791 (0.3791)  loss_bbox_dn_1: 0.0234 (0.0234)  loss_giou_dn_1: 0.3209 (0.3209)  loss_fgl_dn_1: 1.1587 (1.1587)  loss_ddf_dn_1: 0.0048 (0.0048)  loss_vfl_dn_2: 0.3742 (0.3742)  loss_bbox_dn_2: 0.0232 (0.0232)  loss_giou_dn_2: 0.3179 (0.3179)  loss_fgl_dn_2: 1.1572 (1.1572)  loss_ddf_dn_2: -0.0000 (0.0000)  loss_vfl_dn_pre: 0.4587 (0.4587)  loss_bbox_dn_pre: 0.0331 (0.0331)  loss_giou_dn_pre: 0.4266 (0.4266)  loss_size: 0.0014 (0.0014)  time: 0.4888  data: 0.2474  max mem: 5225
Epoch: [24/30]  [44/45]  eta: 0:00:00  lr: 0.000010  loss: 17.0156 (17.0742)  loss_vfl: 0.4165 (0.4123)  loss_bbox: 0.0321 (0.0293)  loss_giou: 0.3733 (0.3523)  loss_fgl: 1.2127 (1.2067)  loss_vfl_aux_0: 0.8684 (0.9096)  loss_bbox_aux_0: 0.0369 (0.0359)  loss_giou_aux_0: 0.4463 (0.4349)  loss_fgl_aux_0: 1.2532 (1.2504)  loss_ddf_aux_0: 0.1386 (0.1362)  loss_vfl_aux_1: 0.4597 (0.4755)  loss_bbox_aux_1: 0.0324 (0.0295)  loss_giou_aux_1: 0.3699 (0.3553)  loss_fgl_aux_1: 1.2170 (1.2090)  loss_ddf_aux_1: 0.0085 (0.0084)  loss_vfl_pre: 0.8648 (0.9017)  loss_bbox_pre: 0.0368 (0.0359)  loss_giou_pre: 0.4469 (0.4347)  loss_vfl_enc_0: 0.6076 (0.6318)  loss_bbox_enc_0: 0.1209 (0.1265)  loss_giou_enc_0: 1.2851 (1.3076)  loss_vfl_dn_0: 0.4396 (0.4395)  loss_bbox_dn_0: 0.0316 (0.0312)  loss_giou_dn_0: 0.3819 (0.3825)  loss_fgl_dn_0: 1.2295 (1.2306)  loss_ddf_dn_0: 0.1925 (0.2036)  loss_vfl_dn_1: 0.3610 (0.3582)  loss_bbox_dn_1: 0.0241 (0.0232)  loss_giou_dn_1: 0.2976 (0.2940)  loss_fgl_dn_1: 1.1503 (1.1483)  loss_ddf_dn_1: 0.0060 (0.0062)  loss_vfl_dn_2: 0.3577 (0.3557)  loss_bbox_dn_2: 0.0240 (0.0231)  loss_giou_dn_2: 0.2940 (0.2927)  loss_fgl_dn_2: 1.1507 (1.1470)  loss_ddf_dn_2: -0.0000 (0.0000)  loss_vfl_dn_pre: 0.4410 (0.4407)  loss_bbox_dn_pre: 0.0317 (0.0311)  loss_giou_dn_pre: 0.3830 (0.3822)  loss_size: 0.0013 (0.0012)  time: 0.2422  data: 0.0117  max mem: 5225
Epoch: [24/30] Total time: 0:00:11 (0.2488 s / it)
Averaged stats: lr: 0.000010  loss: 17.0156 (17.0742)  loss_vfl: 0.4165 (0.4123)  loss_bbox: 0.0321 (0.0293)  loss_giou: 0.3733 (0.3523)  loss_fgl: 1.2127 (1.2067)  loss_vfl_aux_0: 0.8684 (0.9096)  loss_bbox_aux_0: 0.0369 (0.0359)  loss_giou_aux_0: 0.4463 (0.4349)  loss_fgl_aux_0: 1.2532 (1.2504)  loss_ddf_aux_0: 0.1386 (0.1362)  loss_vfl_aux_1: 0.4597 (0.4755)  loss_bbox_aux_1: 0.0324 (0.0295)  loss_giou_aux_1: 0.3699 (0.3553)  loss_fgl_aux_1: 1.2170 (1.2090)  loss_ddf_aux_1: 0.0085 (0.0084)  loss_vfl_pre: 0.8648 (0.9017)  loss_bbox_pre: 0.0368 (0.0359)  loss_giou_pre: 0.4469 (0.4347)  loss_vfl_enc_0: 0.6076 (0.6318)  loss_bbox_enc_0: 0.1209 (0.1265)  loss_giou_enc_0: 1.2851 (1.3076)  loss_vfl_dn_0: 0.4396 (0.4395)  loss_bbox_dn_0: 0.0316 (0.0312)  loss_giou_dn_0: 0.3819 (0.3825)  loss_fgl_dn_0: 1.2295 (1.2306)  loss_ddf_dn_0: 0.1925 (0.2036)  loss_vfl_dn_1: 0.3610 (0.3582)  loss_bbox_dn_1: 0.0241 (0.0232)  loss_giou_dn_1: 0.2976 (0.2940)  loss_fgl_dn_1: 1.1503 (1.1483)  loss_ddf_dn_1: 0.0060 (0.0062)  loss_vfl_dn_2: 0.3577 (0.3557)  loss_bbox_dn_2: 0.0240 (0.0231)  loss_giou_dn_2: 0.2940 (0.2927)  loss_fgl_dn_2: 1.1507 (1.1470)  loss_ddf_dn_2: -0.0000 (0.0000)  loss_vfl_dn_pre: 0.4410 (0.4407)  loss_bbox_dn_pre: 0.0317 (0.0311)  loss_giou_dn_pre: 0.3830 (0.3822)  loss_size: 0.0013 (0.0012)
Test:  [0/8]  eta: 0:00:02    time: 0.2993  data: 0.2436  max mem: 5225
Test:  [7/8]  eta: 0:00:00    time: 0.1203  data: 0.0425  max mem: 5225
Test: Total time: 0:00:01 (0.1254 s / it)
Metrics: {'f1': 0.8933333333333333, 'precision': 0.8481012658227848, 'recall': 0.9436619718309859, 'iou': 0.576430265802935, 'TPs': 134, 'FPs': 24, 'FNs': 8}
Averaged stats: 
Accumulating evaluation results...
COCOeval_opt.accumulate() finished...
DONE (t=0.01s).
IoU metric: bbox
 Average Precision  (AP) @[ IoU=0.50:0.95 | area=   all | maxDets=100 ] = 0.350
 Average Precision  (AP) @[ IoU=0.50      | area=   all | maxDets=100 ] = 0.901
 Average Precision  (AP) @[ IoU=0.75      | area=   all | maxDets=100 ] = 0.154
 Average Precision  (AP) @[ IoU=0.50:0.95 | area= small | maxDets=100 ] = 0.350
 Average Precision  (AP) @[ IoU=0.50:0.95 | area=medium | maxDets=100 ] = -1.000
 Average Precision  (AP) @[ IoU=0.50:0.95 | area= large | maxDets=100 ] = -1.000
 Average Recall     (AR) @[ IoU=0.50:0.95 | area=   all | maxDets=  1 ] = 0.214
 Average Recall     (AR) @[ IoU=0.50:0.95 | area=   all | maxDets= 10 ] = 0.496
 Average Recall     (AR) @[ IoU=0.50:0.95 | area=   all | maxDets=100 ] = 0.599
 Average Recall     (AR) @[ IoU=0.50:0.95 | area= small | maxDets=100 ] = 0.599
 Average Recall     (AR) @[ IoU=0.50:0.95 | area=medium | maxDets=100 ] = -1.000
 Average Recall     (AR) @[ IoU=0.50:0.95 | area= large | maxDets=100 ] = -1.000
 Average Recall     (AR) @[ IoU=0.50      | area=   all | maxDets=100 ] = 0.986
 Average Recall     (AR) @[ IoU=0.75      | area=   all | maxDets=100 ] = 0.648
best_stat: {'epoch': 10, 'coco_eval_bbox': 0.38651277206874896}
Epoch: [25/30]  [ 0/45]  eta: 0:00:22  lr: 0.000010  loss: 16.8449 (16.8449)  loss_vfl: 0.3804 (0.3804)  loss_bbox: 0.0301 (0.0301)  loss_giou: 0.3941 (0.3941)  loss_fgl: 1.1975 (1.1975)  loss_vfl_aux_0: 0.7907 (0.7907)  loss_bbox_aux_0: 0.0349 (0.0349)  loss_giou_aux_0: 0.4511 (0.4511)  loss_fgl_aux_0: 1.2507 (1.2507)  loss_ddf_aux_0: 0.1275 (0.1275)  loss_vfl_aux_1: 0.3976 (0.3976)  loss_bbox_aux_1: 0.0302 (0.0302)  loss_giou_aux_1: 0.3967 (0.3967)  loss_fgl_aux_1: 1.2018 (1.2018)  loss_ddf_aux_1: 0.0078 (0.0078)  loss_vfl_pre: 0.7869 (0.7869)  loss_bbox_pre: 0.0345 (0.0345)  loss_giou_pre: 0.4479 (0.4479)  loss_vfl_enc_0: 0.6253 (0.6253)  loss_bbox_enc_0: 0.1203 (0.1203)  loss_giou_enc_0: 1.2394 (1.2394)  loss_vfl_dn_0: 0.4466 (0.4466)  loss_bbox_dn_0: 0.0311 (0.0311)  loss_giou_dn_0: 0.4158 (0.4158)  loss_fgl_dn_0: 1.2202 (1.2202)  loss_ddf_dn_0: 0.1802 (0.1802)  loss_vfl_dn_1: 0.3701 (0.3701)  loss_bbox_dn_1: 0.0234 (0.0234)  loss_giou_dn_1: 0.3269 (0.3269)  loss_fgl_dn_1: 1.1322 (1.1322)  loss_ddf_dn_1: 0.0053 (0.0053)  loss_vfl_dn_2: 0.3701 (0.3701)  loss_bbox_dn_2: 0.0233 (0.0233)  loss_giou_dn_2: 0.3258 (0.3258)  loss_fgl_dn_2: 1.1311 (1.1311)  loss_ddf_dn_2: -0.0000 (0.0000)  loss_vfl_dn_pre: 0.4471 (0.4471)  loss_bbox_dn_pre: 0.0312 (0.0312)  loss_giou_dn_pre: 0.4164 (0.4164)  loss_size: 0.0024 (0.0024)  time: 0.4937  data: 0.2542  max mem: 5225
Epoch: [25/30]  [44/45]  eta: 0:00:00  lr: 0.000010  loss: 16.5791 (16.6881)  loss_vfl: 0.3972 (0.3992)  loss_bbox: 0.0277 (0.0280)  loss_giou: 0.3343 (0.3365)  loss_fgl: 1.1937 (1.1974)  loss_vfl_aux_0: 0.8848 (0.8757)  loss_bbox_aux_0: 0.0327 (0.0338)  loss_giou_aux_0: 0.3887 (0.4065)  loss_fgl_aux_0: 1.2367 (1.2428)  loss_ddf_aux_0: 0.1319 (0.1319)  loss_vfl_aux_1: 0.4498 (0.4601)  loss_bbox_aux_1: 0.0280 (0.0282)  loss_giou_aux_1: 0.3321 (0.3386)  loss_fgl_aux_1: 1.1944 (1.1999)  loss_ddf_aux_1: 0.0080 (0.0083)  loss_vfl_pre: 0.8823 (0.8706)  loss_bbox_pre: 0.0327 (0.0338)  loss_giou_pre: 0.3881 (0.4062)  loss_vfl_enc_0: 0.6657 (0.6894)  loss_bbox_enc_0: 0.1129 (0.1152)  loss_giou_enc_0: 1.2059 (1.2224)  loss_vfl_dn_0: 0.4319 (0.4337)  loss_bbox_dn_0: 0.0286 (0.0297)  loss_giou_dn_0: 0.3569 (0.3651)  loss_fgl_dn_0: 1.2191 (1.2235)  loss_ddf_dn_0: 0.1989 (0.1968)  loss_vfl_dn_1: 0.3460 (0.3496)  loss_bbox_dn_1: 0.0220 (0.0221)  loss_giou_dn_1: 0.2786 (0.2816)  loss_fgl_dn_1: 1.1327 (1.1380)  loss_ddf_dn_1: 0.0058 (0.0059)  loss_vfl_dn_2: 0.3428 (0.3476)  loss_bbox_dn_2: 0.0217 (0.0220)  loss_giou_dn_2: 0.2753 (0.2803)  loss_fgl_dn_2: 1.1310 (1.1368)  loss_ddf_dn_2: -0.0000 (0.0000)  loss_vfl_dn_pre: 0.4330 (0.4351)  loss_bbox_dn_pre: 0.0287 (0.0297)  loss_giou_dn_pre: 0.3582 (0.3653)  loss_size: 0.0011 (0.0010)  time: 0.2415  data: 0.0118  max mem: 5225
Epoch: [25/30] Total time: 0:00:11 (0.2483 s / it)
Averaged stats: lr: 0.000010  loss: 16.5791 (16.6881)  loss_vfl: 0.3972 (0.3992)  loss_bbox: 0.0277 (0.0280)  loss_giou: 0.3343 (0.3365)  loss_fgl: 1.1937 (1.1974)  loss_vfl_aux_0: 0.8848 (0.8757)  loss_bbox_aux_0: 0.0327 (0.0338)  loss_giou_aux_0: 0.3887 (0.4065)  loss_fgl_aux_0: 1.2367 (1.2428)  loss_ddf_aux_0: 0.1319 (0.1319)  loss_vfl_aux_1: 0.4498 (0.4601)  loss_bbox_aux_1: 0.0280 (0.0282)  loss_giou_aux_1: 0.3321 (0.3386)  loss_fgl_aux_1: 1.1944 (1.1999)  loss_ddf_aux_1: 0.0080 (0.0083)  loss_vfl_pre: 0.8823 (0.8706)  loss_bbox_pre: 0.0327 (0.0338)  loss_giou_pre: 0.3881 (0.4062)  loss_vfl_enc_0: 0.6657 (0.6894)  loss_bbox_enc_0: 0.1129 (0.1152)  loss_giou_enc_0: 1.2059 (1.2224)  loss_vfl_dn_0: 0.4319 (0.4337)  loss_bbox_dn_0: 0.0286 (0.0297)  loss_giou_dn_0: 0.3569 (0.3651)  loss_fgl_dn_0: 1.2191 (1.2235)  loss_ddf_dn_0: 0.1989 (0.1968)  loss_vfl_dn_1: 0.3460 (0.3496)  loss_bbox_dn_1: 0.0220 (0.0221)  loss_giou_dn_1: 0.2786 (0.2816)  loss_fgl_dn_1: 1.1327 (1.1380)  loss_ddf_dn_1: 0.0058 (0.0059)  loss_vfl_dn_2: 0.3428 (0.3476)  loss_bbox_dn_2: 0.0217 (0.0220)  loss_giou_dn_2: 0.2753 (0.2803)  loss_fgl_dn_2: 1.1310 (1.1368)  loss_ddf_dn_2: -0.0000 (0.0000)  loss_vfl_dn_pre: 0.4330 (0.4351)  loss_bbox_dn_pre: 0.0287 (0.0297)  loss_giou_dn_pre: 0.3582 (0.3653)  loss_size: 0.0011 (0.0010)
Test:  [0/8]  eta: 0:00:02    time: 0.3094  data: 0.2524  max mem: 5225
Test:  [7/8]  eta: 0:00:00    time: 0.1005  data: 0.0443  max mem: 5225
Test: Total time: 0:00:00 (0.1058 s / it)
Metrics: {'f1': 0.8896321070234114, 'precision': 0.8471337579617835, 'recall': 0.9366197183098591, 'iou': 0.5723616768078632, 'TPs': 133, 'FPs': 24, 'FNs': 9}
Averaged stats: 
Accumulating evaluation results...
COCOeval_opt.accumulate() finished...
DONE (t=0.01s).
IoU metric: bbox
 Average Precision  (AP) @[ IoU=0.50:0.95 | area=   all | maxDets=100 ] = 0.350
 Average Precision  (AP) @[ IoU=0.50      | area=   all | maxDets=100 ] = 0.899
 Average Precision  (AP) @[ IoU=0.75      | area=   all | maxDets=100 ] = 0.157
 Average Precision  (AP) @[ IoU=0.50:0.95 | area= small | maxDets=100 ] = 0.350
 Average Precision  (AP) @[ IoU=0.50:0.95 | area=medium | maxDets=100 ] = -1.000
 Average Precision  (AP) @[ IoU=0.50:0.95 | area= large | maxDets=100 ] = -1.000
 Average Recall     (AR) @[ IoU=0.50:0.95 | area=   all | maxDets=  1 ] = 0.215
 Average Recall     (AR) @[ IoU=0.50:0.95 | area=   all | maxDets= 10 ] = 0.496
 Average Recall     (AR) @[ IoU=0.50:0.95 | area=   all | maxDets=100 ] = 0.606
 Average Recall     (AR) @[ IoU=0.50:0.95 | area= small | maxDets=100 ] = 0.606
 Average Recall     (AR) @[ IoU=0.50:0.95 | area=medium | maxDets=100 ] = -1.000
 Average Recall     (AR) @[ IoU=0.50:0.95 | area= large | maxDets=100 ] = -1.000
 Average Recall     (AR) @[ IoU=0.50      | area=   all | maxDets=100 ] = 0.986
 Average Recall     (AR) @[ IoU=0.75      | area=   all | maxDets=100 ] = 0.683
best_stat: {'epoch': 10, 'coco_eval_bbox': 0.38651277206874896}
Epoch: [26/30]  [ 0/45]  eta: 0:00:22  lr: 0.000010  loss: 17.4854 (17.4854)  loss_vfl: 0.4065 (0.4065)  loss_bbox: 0.0358 (0.0358)  loss_giou: 0.4102 (0.4102)  loss_fgl: 1.2484 (1.2484)  loss_vfl_aux_0: 0.9172 (0.9172)  loss_bbox_aux_0: 0.0378 (0.0378)  loss_giou_aux_0: 0.4446 (0.4446)  loss_fgl_aux_0: 1.2594 (1.2594)  loss_ddf_aux_0: 0.1396 (0.1396)  loss_vfl_aux_1: 0.4456 (0.4456)  loss_bbox_aux_1: 0.0365 (0.0365)  loss_giou_aux_1: 0.4157 (0.4157)  loss_fgl_aux_1: 1.2512 (1.2512)  loss_ddf_aux_1: 0.0090 (0.0090)  loss_vfl_pre: 0.9115 (0.9115)  loss_bbox_pre: 0.0380 (0.0380)  loss_giou_pre: 0.4463 (0.4463)  loss_vfl_enc_0: 0.7465 (0.7465)  loss_bbox_enc_0: 0.1300 (0.1300)  loss_giou_enc_0: 1.2304 (1.2304)  loss_vfl_dn_0: 0.4470 (0.4470)  loss_bbox_dn_0: 0.0322 (0.0322)  loss_giou_dn_0: 0.3864 (0.3864)  loss_fgl_dn_0: 1.2301 (1.2301)  loss_ddf_dn_0: 0.2301 (0.2301)  loss_vfl_dn_1: 0.3707 (0.3707)  loss_bbox_dn_1: 0.0243 (0.0243)  loss_giou_dn_1: 0.3094 (0.3094)  loss_fgl_dn_1: 1.1601 (1.1601)  loss_ddf_dn_1: 0.0058 (0.0058)  loss_vfl_dn_2: 0.3692 (0.3692)  loss_bbox_dn_2: 0.0242 (0.0242)  loss_giou_dn_2: 0.3085 (0.3085)  loss_fgl_dn_2: 1.1599 (1.1599)  loss_ddf_dn_2: -0.0000 (0.0000)  loss_vfl_dn_pre: 0.4472 (0.4472)  loss_bbox_dn_pre: 0.0321 (0.0321)  loss_giou_dn_pre: 0.3865 (0.3865)  loss_size: 0.0014 (0.0014)  time: 0.4941  data: 0.2529  max mem: 5225
Epoch: [26/30]  [44/45]  eta: 0:00:00  lr: 0.000010  loss: 16.7571 (16.7648)  loss_vfl: 0.3724 (0.3858)  loss_bbox: 0.0276 (0.0279)  loss_giou: 0.3322 (0.3340)  loss_fgl: 1.2014 (1.1965)  loss_vfl_aux_0: 0.9433 (0.9412)  loss_bbox_aux_0: 0.0332 (0.0332)  loss_giou_aux_0: 0.3986 (0.3972)  loss_fgl_aux_0: 1.2437 (1.2423)  loss_ddf_aux_0: 0.1233 (0.1274)  loss_vfl_aux_1: 0.4291 (0.4493)  loss_bbox_aux_1: 0.0273 (0.0281)  loss_giou_aux_1: 0.3312 (0.3368)  loss_fgl_aux_1: 1.2003 (1.1989)  loss_ddf_aux_1: 0.0079 (0.0082)  loss_vfl_pre: 0.9359 (0.9351)  loss_bbox_pre: 0.0330 (0.0332)  loss_giou_pre: 0.3985 (0.3970)  loss_vfl_enc_0: 0.8277 (0.7824)  loss_bbox_enc_0: 0.1024 (0.1081)  loss_giou_enc_0: 1.0966 (1.1470)  loss_vfl_dn_0: 0.4295 (0.4332)  loss_bbox_dn_0: 0.0286 (0.0295)  loss_giou_dn_0: 0.3547 (0.3609)  loss_fgl_dn_0: 1.2210 (1.2246)  loss_ddf_dn_0: 0.2127 (0.2058)  loss_vfl_dn_1: 0.3460 (0.3490)  loss_bbox_dn_1: 0.0220 (0.0221)  loss_giou_dn_1: 0.2760 (0.2792)  loss_fgl_dn_1: 1.1371 (1.1368)  loss_ddf_dn_1: 0.0058 (0.0056)  loss_vfl_dn_2: 0.3428 (0.3469)  loss_bbox_dn_2: 0.0220 (0.0220)  loss_giou_dn_2: 0.2749 (0.2780)  loss_fgl_dn_2: 1.1369 (1.1355)  loss_ddf_dn_2: -0.0000 (0.0000)  loss_vfl_dn_pre: 0.4310 (0.4344)  loss_bbox_dn_pre: 0.0287 (0.0295)  loss_giou_dn_pre: 0.3544 (0.3612)  loss_size: 0.0009 (0.0010)  time: 0.2416  data: 0.0116  max mem: 5225
Epoch: [26/30] Total time: 0:00:11 (0.2497 s / it)
Averaged stats: lr: 0.000010  loss: 16.7571 (16.7648)  loss_vfl: 0.3724 (0.3858)  loss_bbox: 0.0276 (0.0279)  loss_giou: 0.3322 (0.3340)  loss_fgl: 1.2014 (1.1965)  loss_vfl_aux_0: 0.9433 (0.9412)  loss_bbox_aux_0: 0.0332 (0.0332)  loss_giou_aux_0: 0.3986 (0.3972)  loss_fgl_aux_0: 1.2437 (1.2423)  loss_ddf_aux_0: 0.1233 (0.1274)  loss_vfl_aux_1: 0.4291 (0.4493)  loss_bbox_aux_1: 0.0273 (0.0281)  loss_giou_aux_1: 0.3312 (0.3368)  loss_fgl_aux_1: 1.2003 (1.1989)  loss_ddf_aux_1: 0.0079 (0.0082)  loss_vfl_pre: 0.9359 (0.9351)  loss_bbox_pre: 0.0330 (0.0332)  loss_giou_pre: 0.3985 (0.3970)  loss_vfl_enc_0: 0.8277 (0.7824)  loss_bbox_enc_0: 0.1024 (0.1081)  loss_giou_enc_0: 1.0966 (1.1470)  loss_vfl_dn_0: 0.4295 (0.4332)  loss_bbox_dn_0: 0.0286 (0.0295)  loss_giou_dn_0: 0.3547 (0.3609)  loss_fgl_dn_0: 1.2210 (1.2246)  loss_ddf_dn_0: 0.2127 (0.2058)  loss_vfl_dn_1: 0.3460 (0.3490)  loss_bbox_dn_1: 0.0220 (0.0221)  loss_giou_dn_1: 0.2760 (0.2792)  loss_fgl_dn_1: 1.1371 (1.1368)  loss_ddf_dn_1: 0.0058 (0.0056)  loss_vfl_dn_2: 0.3428 (0.3469)  loss_bbox_dn_2: 0.0220 (0.0220)  loss_giou_dn_2: 0.2749 (0.2780)  loss_fgl_dn_2: 1.1369 (1.1355)  loss_ddf_dn_2: -0.0000 (0.0000)  loss_vfl_dn_pre: 0.4310 (0.4344)  loss_bbox_dn_pre: 0.0287 (0.0295)  loss_giou_dn_pre: 0.3544 (0.3612)  loss_size: 0.0009 (0.0010)
Test:  [0/8]  eta: 0:00:02    time: 0.3285  data: 0.2695  max mem: 5225
Test:  [7/8]  eta: 0:00:00    time: 0.1229  data: 0.0440  max mem: 5225
Test: Total time: 0:00:01 (0.1284 s / it)
Metrics: {'f1': 0.8729641693811074, 'precision': 0.8121212121212121, 'recall': 0.9436619718309859, 'iou': 0.5531707736798105, 'TPs': 134, 'FPs': 31, 'FNs': 8}
Averaged stats: 
Accumulating evaluation results...
COCOeval_opt.accumulate() finished...
DONE (t=0.01s).
IoU metric: bbox
 Average Precision  (AP) @[ IoU=0.50:0.95 | area=   all | maxDets=100 ] = 0.341
 Average Precision  (AP) @[ IoU=0.50      | area=   all | maxDets=100 ] = 0.895
 Average Precision  (AP) @[ IoU=0.75      | area=   all | maxDets=100 ] = 0.140
 Average Precision  (AP) @[ IoU=0.50:0.95 | area= small | maxDets=100 ] = 0.342
 Average Precision  (AP) @[ IoU=0.50:0.95 | area=medium | maxDets=100 ] = -1.000
 Average Precision  (AP) @[ IoU=0.50:0.95 | area= large | maxDets=100 ] = -1.000
 Average Recall     (AR) @[ IoU=0.50:0.95 | area=   all | maxDets=  1 ] = 0.210
 Average Recall     (AR) @[ IoU=0.50:0.95 | area=   all | maxDets= 10 ] = 0.491
 Average Recall     (AR) @[ IoU=0.50:0.95 | area=   all | maxDets=100 ] = 0.604
 Average Recall     (AR) @[ IoU=0.50:0.95 | area= small | maxDets=100 ] = 0.604
 Average Recall     (AR) @[ IoU=0.50:0.95 | area=medium | maxDets=100 ] = -1.000
 Average Recall     (AR) @[ IoU=0.50:0.95 | area= large | maxDets=100 ] = -1.000
 Average Recall     (AR) @[ IoU=0.50      | area=   all | maxDets=100 ] = 0.986
 Average Recall     (AR) @[ IoU=0.75      | area=   all | maxDets=100 ] = 0.676
best_stat: {'epoch': 10, 'coco_eval_bbox': 0.38651277206874896}
Epoch: [27/30]  [ 0/45]  eta: 0:00:22  lr: 0.000010  loss: 16.0198 (16.0198)  loss_vfl: 0.3796 (0.3796)  loss_bbox: 0.0202 (0.0202)  loss_giou: 0.2660 (0.2660)  loss_fgl: 1.1617 (1.1617)  loss_vfl_aux_0: 0.8500 (0.8500)  loss_bbox_aux_0: 0.0295 (0.0295)  loss_giou_aux_0: 0.3907 (0.3907)  loss_fgl_aux_0: 1.2401 (1.2401)  loss_ddf_aux_0: 0.1074 (0.1074)  loss_vfl_aux_1: 0.4764 (0.4764)  loss_bbox_aux_1: 0.0203 (0.0203)  loss_giou_aux_1: 0.2727 (0.2727)  loss_fgl_aux_1: 1.1642 (1.1642)  loss_ddf_aux_1: 0.0065 (0.0065)  loss_vfl_pre: 0.8431 (0.8431)  loss_bbox_pre: 0.0297 (0.0297)  loss_giou_pre: 0.3942 (0.3942)  loss_vfl_enc_0: 0.8902 (0.8902)  loss_bbox_enc_0: 0.0978 (0.0978)  loss_giou_enc_0: 1.0558 (1.0558)  loss_vfl_dn_0: 0.4240 (0.4240)  loss_bbox_dn_0: 0.0235 (0.0235)  loss_giou_dn_0: 0.3246 (0.3246)  loss_fgl_dn_0: 1.1995 (1.1995)  loss_ddf_dn_0: 0.1739 (0.1739)  loss_vfl_dn_1: 0.3280 (0.3280)  loss_bbox_dn_1: 0.0170 (0.0170)  loss_giou_dn_1: 0.2492 (0.2492)  loss_fgl_dn_1: 1.1057 (1.1057)  loss_ddf_dn_1: 0.0031 (0.0031)  loss_vfl_dn_2: 0.3278 (0.3278)  loss_bbox_dn_2: 0.0171 (0.0171)  loss_giou_dn_2: 0.2490 (0.2490)  loss_fgl_dn_2: 1.1050 (1.1050)  loss_ddf_dn_2: -0.0000 (0.0000)  loss_vfl_dn_pre: 0.4256 (0.4256)  loss_bbox_dn_pre: 0.0236 (0.0236)  loss_giou_dn_pre: 0.3265 (0.3265)  loss_size: 0.0005 (0.0005)  time: 0.4921  data: 0.2489  max mem: 5225
Epoch: [27/30]  [44/45]  eta: 0:00:00  lr: 0.000010  loss: 16.6818 (16.6938)  loss_vfl: 0.3854 (0.3914)  loss_bbox: 0.0274 (0.0277)  loss_giou: 0.3373 (0.3331)  loss_fgl: 1.1984 (1.1942)  loss_vfl_aux_0: 0.8943 (0.9271)  loss_bbox_aux_0: 0.0312 (0.0327)  loss_giou_aux_0: 0.3881 (0.3940)  loss_fgl_aux_0: 1.2342 (1.2352)  loss_ddf_aux_0: 0.1178 (0.1216)  loss_vfl_aux_1: 0.4381 (0.4549)  loss_bbox_aux_1: 0.0273 (0.0279)  loss_giou_aux_1: 0.3409 (0.3355)  loss_fgl_aux_1: 1.2004 (1.1962)  loss_ddf_aux_1: 0.0075 (0.0079)  loss_vfl_pre: 0.8962 (0.9238)  loss_bbox_pre: 0.0312 (0.0327)  loss_giou_pre: 0.3867 (0.3941)  loss_vfl_enc_0: 0.8386 (0.8421)  loss_bbox_enc_0: 0.0971 (0.0995)  loss_giou_enc_0: 1.0452 (1.0749)  loss_vfl_dn_0: 0.4327 (0.4320)  loss_bbox_dn_0: 0.0295 (0.0294)  loss_giou_dn_0: 0.3702 (0.3582)  loss_fgl_dn_0: 1.2296 (1.2261)  loss_ddf_dn_0: 0.2112 (0.2084)  loss_vfl_dn_1: 0.3531 (0.3482)  loss_bbox_dn_1: 0.0217 (0.0219)  loss_giou_dn_1: 0.2823 (0.2775)  loss_fgl_dn_1: 1.1377 (1.1376)  loss_ddf_dn_1: 0.0052 (0.0054)  loss_vfl_dn_2: 0.3489 (0.3461)  loss_bbox_dn_2: 0.0216 (0.0218)  loss_giou_dn_2: 0.2799 (0.2762)  loss_fgl_dn_2: 1.1338 (1.1360)  loss_ddf_dn_2: -0.0000 (0.0000)  loss_vfl_dn_pre: 0.4335 (0.4331)  loss_bbox_dn_pre: 0.0295 (0.0294)  loss_giou_dn_pre: 0.3713 (0.3590)  loss_size: 0.0011 (0.0010)  time: 0.2418  data: 0.0118  max mem: 5225
Epoch: [27/30] Total time: 0:00:11 (0.2502 s / it)
Averaged stats: lr: 0.000010  loss: 16.6818 (16.6938)  loss_vfl: 0.3854 (0.3914)  loss_bbox: 0.0274 (0.0277)  loss_giou: 0.3373 (0.3331)  loss_fgl: 1.1984 (1.1942)  loss_vfl_aux_0: 0.8943 (0.9271)  loss_bbox_aux_0: 0.0312 (0.0327)  loss_giou_aux_0: 0.3881 (0.3940)  loss_fgl_aux_0: 1.2342 (1.2352)  loss_ddf_aux_0: 0.1178 (0.1216)  loss_vfl_aux_1: 0.4381 (0.4549)  loss_bbox_aux_1: 0.0273 (0.0279)  loss_giou_aux_1: 0.3409 (0.3355)  loss_fgl_aux_1: 1.2004 (1.1962)  loss_ddf_aux_1: 0.0075 (0.0079)  loss_vfl_pre: 0.8962 (0.9238)  loss_bbox_pre: 0.0312 (0.0327)  loss_giou_pre: 0.3867 (0.3941)  loss_vfl_enc_0: 0.8386 (0.8421)  loss_bbox_enc_0: 0.0971 (0.0995)  loss_giou_enc_0: 1.0452 (1.0749)  loss_vfl_dn_0: 0.4327 (0.4320)  loss_bbox_dn_0: 0.0295 (0.0294)  loss_giou_dn_0: 0.3702 (0.3582)  loss_fgl_dn_0: 1.2296 (1.2261)  loss_ddf_dn_0: 0.2112 (0.2084)  loss_vfl_dn_1: 0.3531 (0.3482)  loss_bbox_dn_1: 0.0217 (0.0219)  loss_giou_dn_1: 0.2823 (0.2775)  loss_fgl_dn_1: 1.1377 (1.1376)  loss_ddf_dn_1: 0.0052 (0.0054)  loss_vfl_dn_2: 0.3489 (0.3461)  loss_bbox_dn_2: 0.0216 (0.0218)  loss_giou_dn_2: 0.2799 (0.2762)  loss_fgl_dn_2: 1.1338 (1.1360)  loss_ddf_dn_2: -0.0000 (0.0000)  loss_vfl_dn_pre: 0.4335 (0.4331)  loss_bbox_dn_pre: 0.0295 (0.0294)  loss_giou_dn_pre: 0.3713 (0.3590)  loss_size: 0.0011 (0.0010)
Test:  [0/8]  eta: 0:00:02    time: 0.2953  data: 0.2378  max mem: 5225
Test:  [7/8]  eta: 0:00:00    time: 0.0993  data: 0.0439  max mem: 5225
Test: Total time: 0:00:00 (0.1037 s / it)
Metrics: {'f1': 0.8963210702341138, 'precision': 0.8535031847133758, 'recall': 0.9436619718309859, 'iou': 0.5791639851801323, 'TPs': 134, 'FPs': 23, 'FNs': 8}
Averaged stats: 
Accumulating evaluation results...
COCOeval_opt.accumulate() finished...
DONE (t=0.01s).
IoU metric: bbox
 Average Precision  (AP) @[ IoU=0.50:0.95 | area=   all | maxDets=100 ] = 0.353
 Average Precision  (AP) @[ IoU=0.50      | area=   all | maxDets=100 ] = 0.904
 Average Precision  (AP) @[ IoU=0.75      | area=   all | maxDets=100 ] = 0.160
 Average Precision  (AP) @[ IoU=0.50:0.95 | area= small | maxDets=100 ] = 0.353
 Average Precision  (AP) @[ IoU=0.50:0.95 | area=medium | maxDets=100 ] = -1.000
 Average Precision  (AP) @[ IoU=0.50:0.95 | area= large | maxDets=100 ] = -1.000
 Average Recall     (AR) @[ IoU=0.50:0.95 | area=   all | maxDets=  1 ] = 0.215
 Average Recall     (AR) @[ IoU=0.50:0.95 | area=   all | maxDets= 10 ] = 0.495
 Average Recall     (AR) @[ IoU=0.50:0.95 | area=   all | maxDets=100 ] = 0.607
 Average Recall     (AR) @[ IoU=0.50:0.95 | area= small | maxDets=100 ] = 0.607
 Average Recall     (AR) @[ IoU=0.50:0.95 | area=medium | maxDets=100 ] = -1.000
 Average Recall     (AR) @[ IoU=0.50:0.95 | area= large | maxDets=100 ] = -1.000
 Average Recall     (AR) @[ IoU=0.50      | area=   all | maxDets=100 ] = 0.993
 Average Recall     (AR) @[ IoU=0.75      | area=   all | maxDets=100 ] = 0.655
best_stat: {'epoch': 10, 'coco_eval_bbox': 0.38651277206874896}
Epoch: [28/30]  [ 0/45]  eta: 0:00:22  lr: 0.000010  loss: 16.0653 (16.0653)  loss_vfl: 0.3646 (0.3646)  loss_bbox: 0.0215 (0.0215)  loss_giou: 0.3035 (0.3035)  loss_fgl: 1.1454 (1.1454)  loss_vfl_aux_0: 0.9065 (0.9065)  loss_bbox_aux_0: 0.0285 (0.0285)  loss_giou_aux_0: 0.3731 (0.3731)  loss_fgl_aux_0: 1.2272 (1.2272)  loss_ddf_aux_0: 0.1257 (0.1257)  loss_vfl_aux_1: 0.4407 (0.4407)  loss_bbox_aux_1: 0.0216 (0.0216)  loss_giou_aux_1: 0.3009 (0.3009)  loss_fgl_aux_1: 1.1430 (1.1430)  loss_ddf_aux_1: 0.0076 (0.0076)  loss_vfl_pre: 0.9009 (0.9009)  loss_bbox_pre: 0.0287 (0.0287)  loss_giou_pre: 0.3743 (0.3743)  loss_vfl_enc_0: 0.7933 (0.7933)  loss_bbox_enc_0: 0.0944 (0.0944)  loss_giou_enc_0: 1.0552 (1.0552)  loss_vfl_dn_0: 0.4317 (0.4317)  loss_bbox_dn_0: 0.0276 (0.0276)  loss_giou_dn_0: 0.3598 (0.3598)  loss_fgl_dn_0: 1.1987 (1.1987)  loss_ddf_dn_0: 0.2059 (0.2059)  loss_vfl_dn_1: 0.3280 (0.3280)  loss_bbox_dn_1: 0.0185 (0.0185)  loss_giou_dn_1: 0.2504 (0.2504)  loss_fgl_dn_1: 1.0843 (1.0843)  loss_ddf_dn_1: 0.0050 (0.0050)  loss_vfl_dn_2: 0.3264 (0.3264)  loss_bbox_dn_2: 0.0184 (0.0184)  loss_giou_dn_2: 0.2491 (0.2491)  loss_fgl_dn_2: 1.0819 (1.0819)  loss_ddf_dn_2: -0.0000 (0.0000)  loss_vfl_dn_pre: 0.4330 (0.4330)  loss_bbox_dn_pre: 0.0277 (0.0277)  loss_giou_dn_pre: 0.3615 (0.3615)  loss_size: 0.0009 (0.0009)  time: 0.4892  data: 0.2425  max mem: 5225
Epoch: [28/30]  [44/45]  eta: 0:00:00  lr: 0.000010  loss: 16.5474 (16.5115)  loss_vfl: 0.3951 (0.3867)  loss_bbox: 0.0269 (0.0267)  loss_giou: 0.3166 (0.3213)  loss_fgl: 1.1929 (1.1909)  loss_vfl_aux_0: 0.8773 (0.9103)  loss_bbox_aux_0: 0.0332 (0.0319)  loss_giou_aux_0: 0.3870 (0.3820)  loss_fgl_aux_0: 1.2338 (1.2319)  loss_ddf_aux_0: 0.1184 (0.1174)  loss_vfl_aux_1: 0.4510 (0.4552)  loss_bbox_aux_1: 0.0270 (0.0270)  loss_giou_aux_1: 0.3246 (0.3244)  loss_fgl_aux_1: 1.1945 (1.1925)  loss_ddf_aux_1: 0.0075 (0.0075)  loss_vfl_pre: 0.8717 (0.9093)  loss_bbox_pre: 0.0330 (0.0317)  loss_giou_pre: 0.3880 (0.3815)  loss_vfl_enc_0: 0.8631 (0.8610)  loss_bbox_enc_0: 0.0909 (0.0938)  loss_giou_enc_0: 0.9822 (1.0287)  loss_vfl_dn_0: 0.4327 (0.4303)  loss_bbox_dn_0: 0.0292 (0.0286)  loss_giou_dn_0: 0.3569 (0.3521)  loss_fgl_dn_0: 1.2292 (1.2238)  loss_ddf_dn_0: 0.2277 (0.2157)  loss_vfl_dn_1: 0.3445 (0.3437)  loss_bbox_dn_1: 0.0221 (0.0213)  loss_giou_dn_1: 0.2767 (0.2709)  loss_fgl_dn_1: 1.1348 (1.1314)  loss_ddf_dn_1: 0.0058 (0.0054)  loss_vfl_dn_2: 0.3449 (0.3415)  loss_bbox_dn_2: 0.0218 (0.0212)  loss_giou_dn_2: 0.2743 (0.2697)  loss_fgl_dn_2: 1.1324 (1.1300)  loss_ddf_dn_2: -0.0000 (0.0000)  loss_vfl_dn_pre: 0.4333 (0.4315)  loss_bbox_dn_pre: 0.0291 (0.0287)  loss_giou_dn_pre: 0.3585 (0.3530)  loss_size: 0.0010 (0.0009)  time: 0.2406  data: 0.0117  max mem: 5225
Epoch: [28/30] Total time: 0:00:11 (0.2484 s / it)
Averaged stats: lr: 0.000010  loss: 16.5474 (16.5115)  loss_vfl: 0.3951 (0.3867)  loss_bbox: 0.0269 (0.0267)  loss_giou: 0.3166 (0.3213)  loss_fgl: 1.1929 (1.1909)  loss_vfl_aux_0: 0.8773 (0.9103)  loss_bbox_aux_0: 0.0332 (0.0319)  loss_giou_aux_0: 0.3870 (0.3820)  loss_fgl_aux_0: 1.2338 (1.2319)  loss_ddf_aux_0: 0.1184 (0.1174)  loss_vfl_aux_1: 0.4510 (0.4552)  loss_bbox_aux_1: 0.0270 (0.0270)  loss_giou_aux_1: 0.3246 (0.3244)  loss_fgl_aux_1: 1.1945 (1.1925)  loss_ddf_aux_1: 0.0075 (0.0075)  loss_vfl_pre: 0.8717 (0.9093)  loss_bbox_pre: 0.0330 (0.0317)  loss_giou_pre: 0.3880 (0.3815)  loss_vfl_enc_0: 0.8631 (0.8610)  loss_bbox_enc_0: 0.0909 (0.0938)  loss_giou_enc_0: 0.9822 (1.0287)  loss_vfl_dn_0: 0.4327 (0.4303)  loss_bbox_dn_0: 0.0292 (0.0286)  loss_giou_dn_0: 0.3569 (0.3521)  loss_fgl_dn_0: 1.2292 (1.2238)  loss_ddf_dn_0: 0.2277 (0.2157)  loss_vfl_dn_1: 0.3445 (0.3437)  loss_bbox_dn_1: 0.0221 (0.0213)  loss_giou_dn_1: 0.2767 (0.2709)  loss_fgl_dn_1: 1.1348 (1.1314)  loss_ddf_dn_1: 0.0058 (0.0054)  loss_vfl_dn_2: 0.3449 (0.3415)  loss_bbox_dn_2: 0.0218 (0.0212)  loss_giou_dn_2: 0.2743 (0.2697)  loss_fgl_dn_2: 1.1324 (1.1300)  loss_ddf_dn_2: -0.0000 (0.0000)  loss_vfl_dn_pre: 0.4333 (0.4315)  loss_bbox_dn_pre: 0.0291 (0.0287)  loss_giou_dn_pre: 0.3585 (0.3530)  loss_size: 0.0010 (0.0009)
Test:  [0/8]  eta: 0:00:02    time: 0.3160  data: 0.2587  max mem: 5225
Test:  [7/8]  eta: 0:00:00    time: 0.1248  data: 0.0450  max mem: 5225
Test: Total time: 0:00:01 (0.1299 s / it)
Metrics: {'f1': 0.8729641693811074, 'precision': 0.8121212121212121, 'recall': 0.9436619718309859, 'iou': 0.5529253165845927, 'TPs': 134, 'FPs': 31, 'FNs': 8}
Averaged stats: 
Accumulating evaluation results...
COCOeval_opt.accumulate() finished...
DONE (t=0.01s).
IoU metric: bbox
 Average Precision  (AP) @[ IoU=0.50:0.95 | area=   all | maxDets=100 ] = 0.352
 Average Precision  (AP) @[ IoU=0.50      | area=   all | maxDets=100 ] = 0.895
 Average Precision  (AP) @[ IoU=0.75      | area=   all | maxDets=100 ] = 0.150
 Average Precision  (AP) @[ IoU=0.50:0.95 | area= small | maxDets=100 ] = 0.352
 Average Precision  (AP) @[ IoU=0.50:0.95 | area=medium | maxDets=100 ] = -1.000
 Average Precision  (AP) @[ IoU=0.50:0.95 | area= large | maxDets=100 ] = -1.000
 Average Recall     (AR) @[ IoU=0.50:0.95 | area=   all | maxDets=  1 ] = 0.214
 Average Recall     (AR) @[ IoU=0.50:0.95 | area=   all | maxDets= 10 ] = 0.498
 Average Recall     (AR) @[ IoU=0.50:0.95 | area=   all | maxDets=100 ] = 0.611
 Average Recall     (AR) @[ IoU=0.50:0.95 | area= small | maxDets=100 ] = 0.611
 Average Recall     (AR) @[ IoU=0.50:0.95 | area=medium | maxDets=100 ] = -1.000
 Average Recall     (AR) @[ IoU=0.50:0.95 | area= large | maxDets=100 ] = -1.000
 Average Recall     (AR) @[ IoU=0.50      | area=   all | maxDets=100 ] = 0.979
 Average Recall     (AR) @[ IoU=0.75      | area=   all | maxDets=100 ] = 0.676
best_stat: {'epoch': 10, 'coco_eval_bbox': 0.38651277206874896}
Epoch: [29/30]  [ 0/45]  eta: 0:00:21  lr: 0.000010  loss: 17.1711 (17.1711)  loss_vfl: 0.4569 (0.4569)  loss_bbox: 0.0301 (0.0301)  loss_giou: 0.3693 (0.3693)  loss_fgl: 1.2214 (1.2214)  loss_vfl_aux_0: 0.8523 (0.8523)  loss_bbox_aux_0: 0.0370 (0.0370)  loss_giou_aux_0: 0.4406 (0.4406)  loss_fgl_aux_0: 1.2640 (1.2640)  loss_ddf_aux_0: 0.1293 (0.1293)  loss_vfl_aux_1: 0.4964 (0.4964)  loss_bbox_aux_1: 0.0306 (0.0306)  loss_giou_aux_1: 0.3743 (0.3743)  loss_fgl_aux_1: 1.2278 (1.2278)  loss_ddf_aux_1: 0.0081 (0.0081)  loss_vfl_pre: 0.8535 (0.8535)  loss_bbox_pre: 0.0372 (0.0372)  loss_giou_pre: 0.4412 (0.4412)  loss_vfl_enc_0: 0.9048 (0.9048)  loss_bbox_enc_0: 0.0869 (0.0869)  loss_giou_enc_0: 1.0017 (1.0017)  loss_vfl_dn_0: 0.4453 (0.4453)  loss_bbox_dn_0: 0.0313 (0.0313)  loss_giou_dn_0: 0.3887 (0.3887)  loss_fgl_dn_0: 1.2428 (1.2428)  loss_ddf_dn_0: 0.2366 (0.2366)  loss_vfl_dn_1: 0.3693 (0.3693)  loss_bbox_dn_1: 0.0226 (0.0226)  loss_giou_dn_1: 0.2940 (0.2940)  loss_fgl_dn_1: 1.1611 (1.1611)  loss_ddf_dn_1: 0.0055 (0.0055)  loss_vfl_dn_2: 0.3653 (0.3653)  loss_bbox_dn_2: 0.0226 (0.0226)  loss_giou_dn_2: 0.2923 (0.2923)  loss_fgl_dn_2: 1.1594 (1.1594)  loss_ddf_dn_2: -0.0000 (0.0000)  loss_vfl_dn_pre: 0.4465 (0.4465)  loss_bbox_dn_pre: 0.0316 (0.0316)  loss_giou_dn_pre: 0.3914 (0.3914)  loss_size: 0.0011 (0.0011)  time: 0.4808  data: 0.2419  max mem: 5225
Epoch: [29/30]  [44/45]  eta: 0:00:00  lr: 0.000010  loss: 16.1271 (16.2879)  loss_vfl: 0.3733 (0.3818)  loss_bbox: 0.0250 (0.0255)  loss_giou: 0.3008 (0.3081)  loss_fgl: 1.1769 (1.1818)  loss_vfl_aux_0: 0.8847 (0.8981)  loss_bbox_aux_0: 0.0295 (0.0304)  loss_giou_aux_0: 0.3624 (0.3666)  loss_fgl_aux_0: 1.2175 (1.2262)  loss_ddf_aux_0: 0.1090 (0.1162)  loss_vfl_aux_1: 0.4404 (0.4433)  loss_bbox_aux_1: 0.0250 (0.0257)  loss_giou_aux_1: 0.2993 (0.3096)  loss_fgl_aux_1: 1.1794 (1.1839)  loss_ddf_aux_1: 0.0067 (0.0069)  loss_vfl_pre: 0.8829 (0.8955)  loss_bbox_pre: 0.0294 (0.0303)  loss_giou_pre: 0.3606 (0.3670)  loss_vfl_enc_0: 0.8745 (0.8613)  loss_bbox_enc_0: 0.0888 (0.0918)  loss_giou_enc_0: 1.0273 (1.0240)  loss_vfl_dn_0: 0.4245 (0.4274)  loss_bbox_dn_0: 0.0277 (0.0280)  loss_giou_dn_0: 0.3427 (0.3434)  loss_fgl_dn_0: 1.2043 (1.2150)  loss_ddf_dn_0: 0.2030 (0.2123)  loss_vfl_dn_1: 0.3358 (0.3387)  loss_bbox_dn_1: 0.0201 (0.0207)  loss_giou_dn_1: 0.2572 (0.2625)  loss_fgl_dn_1: 1.1100 (1.1213)  loss_ddf_dn_1: 0.0054 (0.0053)  loss_vfl_dn_2: 0.3348 (0.3361)  loss_bbox_dn_2: 0.0201 (0.0206)  loss_giou_dn_2: 0.2552 (0.2614)  loss_fgl_dn_2: 1.1072 (1.1200)  loss_ddf_dn_2: -0.0000 (0.0000)  loss_vfl_dn_pre: 0.4280 (0.4284)  loss_bbox_dn_pre: 0.0278 (0.0280)  loss_giou_dn_pre: 0.3451 (0.3438)  loss_size: 0.0008 (0.0009)  time: 0.2418  data: 0.0117  max mem: 5225
Epoch: [29/30] Total time: 0:00:11 (0.2482 s / it)
Averaged stats: lr: 0.000010  loss: 16.1271 (16.2879)  loss_vfl: 0.3733 (0.3818)  loss_bbox: 0.0250 (0.0255)  loss_giou: 0.3008 (0.3081)  loss_fgl: 1.1769 (1.1818)  loss_vfl_aux_0: 0.8847 (0.8981)  loss_bbox_aux_0: 0.0295 (0.0304)  loss_giou_aux_0: 0.3624 (0.3666)  loss_fgl_aux_0: 1.2175 (1.2262)  loss_ddf_aux_0: 0.1090 (0.1162)  loss_vfl_aux_1: 0.4404 (0.4433)  loss_bbox_aux_1: 0.0250 (0.0257)  loss_giou_aux_1: 0.2993 (0.3096)  loss_fgl_aux_1: 1.1794 (1.1839)  loss_ddf_aux_1: 0.0067 (0.0069)  loss_vfl_pre: 0.8829 (0.8955)  loss_bbox_pre: 0.0294 (0.0303)  loss_giou_pre: 0.3606 (0.3670)  loss_vfl_enc_0: 0.8745 (0.8613)  loss_bbox_enc_0: 0.0888 (0.0918)  loss_giou_enc_0: 1.0273 (1.0240)  loss_vfl_dn_0: 0.4245 (0.4274)  loss_bbox_dn_0: 0.0277 (0.0280)  loss_giou_dn_0: 0.3427 (0.3434)  loss_fgl_dn_0: 1.2043 (1.2150)  loss_ddf_dn_0: 0.2030 (0.2123)  loss_vfl_dn_1: 0.3358 (0.3387)  loss_bbox_dn_1: 0.0201 (0.0207)  loss_giou_dn_1: 0.2572 (0.2625)  loss_fgl_dn_1: 1.1100 (1.1213)  loss_ddf_dn_1: 0.0054 (0.0053)  loss_vfl_dn_2: 0.3348 (0.3361)  loss_bbox_dn_2: 0.0201 (0.0206)  loss_giou_dn_2: 0.2552 (0.2614)  loss_fgl_dn_2: 1.1072 (1.1200)  loss_ddf_dn_2: -0.0000 (0.0000)  loss_vfl_dn_pre: 0.4280 (0.4284)  loss_bbox_dn_pre: 0.0278 (0.0280)  loss_giou_dn_pre: 0.3451 (0.3438)  loss_size: 0.0008 (0.0009)
Test:  [0/8]  eta: 0:00:02    time: 0.3012  data: 0.2449  max mem: 5225
Test:  [7/8]  eta: 0:00:00    time: 0.0989  data: 0.0432  max mem: 5225
Test: Total time: 0:00:00 (0.1034 s / it)
Metrics: {'f1': 0.8852459016393442, 'precision': 0.8282208588957055, 'recall': 0.9507042253521126, 'iou': 0.5662175736006568, 'TPs': 135, 'FPs': 28, 'FNs': 7}
Averaged stats: 
Accumulating evaluation results...
COCOeval_opt.accumulate() finished...
DONE (t=0.01s).
IoU metric: bbox
 Average Precision  (AP) @[ IoU=0.50:0.95 | area=   all | maxDets=100 ] = 0.347
 Average Precision  (AP) @[ IoU=0.50      | area=   all | maxDets=100 ] = 0.899
 Average Precision  (AP) @[ IoU=0.75      | area=   all | maxDets=100 ] = 0.142
 Average Precision  (AP) @[ IoU=0.50:0.95 | area= small | maxDets=100 ] = 0.347
 Average Precision  (AP) @[ IoU=0.50:0.95 | area=medium | maxDets=100 ] = -1.000
 Average Precision  (AP) @[ IoU=0.50:0.95 | area= large | maxDets=100 ] = -1.000
 Average Recall     (AR) @[ IoU=0.50:0.95 | area=   all | maxDets=  1 ] = 0.215
 Average Recall     (AR) @[ IoU=0.50:0.95 | area=   all | maxDets= 10 ] = 0.493
 Average Recall     (AR) @[ IoU=0.50:0.95 | area=   all | maxDets=100 ] = 0.602
 Average Recall     (AR) @[ IoU=0.50:0.95 | area= small | maxDets=100 ] = 0.602
 Average Recall     (AR) @[ IoU=0.50:0.95 | area=medium | maxDets=100 ] = -1.000
 Average Recall     (AR) @[ IoU=0.50:0.95 | area= large | maxDets=100 ] = -1.000
 Average Recall     (AR) @[ IoU=0.50      | area=   all | maxDets=100 ] = 0.979
 Average Recall     (AR) @[ IoU=0.75      | area=   all | maxDets=100 ] = 0.669
best_stat: {'epoch': 10, 'coco_eval_bbox': 0.38651277206874896}
Training time 0:06:30
