Not init distributed mode.
cfg: 
{'_collate_fn': None,
 '_criterion': None,
 '_ema': None,
 '_evaluator': None,
 '_lr_scheduler': None,
 '_lr_warmup_scheduler': None,
 '_model': None,
 '_optimizer': None,
 '_postprocessor': None,
 '_scaler': None,
 '_train_batch_size': None,
 '_train_dataloader': None,
 '_train_dataset': None,
 '_train_shuffle': None,
 '_val_batch_size': None,
 '_val_dataloader': None,
 '_val_dataset': None,
 '_val_shuffle': None,
 '_writer': None,
 'batch_size': None,
 'checkpoint_freq': 30,
 'clip_max_norm': 0.1,
 'device': 'cuda:0',
 'ema_decay': 0.9999,
 'ema_warmups': 2000,
 'epochs': 30,
 'find_unused_parameters': False,
 'last_epoch': -1,
 'num_workers': 0,
 'output_dir': '/home/viplab/contest/experiments/kamp_ablation_v3/runs/dfine_C0_seed20260929',
 'print_freq': 45,
 'resume': None,
 'seed': 20260929,
 'summary_dir': None,
 'sync_bn': False,
 'task': 'detection',
 'tuning': '/home/viplab/contest/experiments/kamp_pilot_v1/dfine_s_init.pth',
 'use_amp': False,
 'use_ema': True,
 'yaml_cfg': {'DFINE': {'backbone': 'HGNetv2',
                        'decoder': 'DFINETransformer',
                        'encoder': 'HybridEncoder'},
              'DFINECriterion': {'alpha': 0.75,
                                 'gamma': 2.0,
                                 'losses': ['vfl', 'boxes', 'local'],
                                 'matcher': {'alpha': 0.25,
                                             'gamma': 2.0,
                                             'type': 'HungarianMatcher',
                                             'weight_dict': {'cost_bbox': 5,
                                                             'cost_class': 2,
                                                             'cost_giou': 2}},
                                 'reg_max': 32,
                                 'weight_dict': {'loss_bbox': 7.5,
                                                 'loss_ddf': 1.5,
                                                 'loss_fgl': 0.15,
                                                 'loss_giou': 2,
                                                 'loss_vfl': 1}},
              'DFINEPostProcessor': {'num_top_queries': 300},
              'DFINETransformer': {'box_noise_scale': 1.0,
                                   'cross_attn_method': 'default',
                                   'eval_idx': -1,
                                   'feat_channels': [256, 256, 256],
                                   'feat_strides': [8, 16, 32],
                                   'hidden_dim': 256,
                                   'label_noise_ratio': 0.5,
                                   'layer_scale': 1,
                                   'num_denoising': 100,
                                   'num_layers': 3,
                                   'num_levels': 3,
                                   'num_points': [3, 6, 3],
                                   'num_queries': 300,
                                   'query_select_method': 'default',
                                   'reg_max': 32,
                                   'reg_scale': 4},
              'HGNetv2': {'freeze_at': -1,
                          'freeze_norm': False,
                          'local_model_dir': 'weight/hgnetv2/',
                          'name': 'B0',
                          'pretrained': False,
                          'return_idx': [1, 2, 3],
                          'use_lab': True},
              'HybridEncoder': {'act': 'silu',
                                'depth_mult': 0.34,
                                'dim_feedforward': 1024,
                                'dropout': 0.0,
                                'enc_act': 'gelu',
                                'expansion': 0.5,
                                'feat_strides': [8, 16, 32],
                                'hidden_dim': 256,
                                'in_channels': [256, 512, 1024],
                                'nhead': 8,
                                'num_encoder_layers': 1,
                                'use_encoder_idx': [2]},
              '__include__': ['/home/viplab/contest/experiments/kamp_pilot_v1/dfine_s.yml'],
              'checkpoint_freq': 30,
              'clip_max_norm': 0.1,
              'config': '/home/viplab/contest/experiments/kamp_ablation_v3/configs/dfine_C0_seed20260929.yml',
              'criterion': 'DFINECriterion',
              'device': 'cuda:0',
              'ema': {'decay': 0.9999,
                      'start': 0,
                      'type': 'ModelEMA',
                      'warmups': 100},
              'epochs': 30,
              'eval_spatial_size': [640, 640],
              'evaluator': {'iou_types': ['bbox'], 'type': 'CocoEvaluator'},
              'exp_name': 'baseline',
              'find_unused_parameters': False,
              'lr_scheduler': {'gamma': 0.1,
                               'milestones': [24],
                               'type': 'MultiStepLR'},
              'lr_warmup_scheduler': {'type': 'LinearWarmup',
                                      'warmup_duration': 45},
              'model': 'DFINE',
              'num_classes': 1,
              'optimizer': {'betas': [0.9, 0.999],
                            'lr': 0.0002,
                            'params': [{'lr': 0.0001,
                                        'params': '^(?=.*backbone)(?!.*norm|bn).*$'},
                                       {'lr': 0.0001,
                                        'params': '^(?=.*backbone)(?=.*norm|bn).*$',
                                        'weight_decay': 0.0},
                                       {'params': '^(?=.*(?:encoder|decoder))(?=.*(?:norm|bn|bias)).*$',
                                        'weight_decay': 0.0}],
                            'type': 'AdamW',
                            'weight_decay': 0.0001},
              'output_dir': '/home/viplab/contest/experiments/kamp_ablation_v3/runs/dfine_C0_seed20260929',
              'postprocessor': 'DFINEPostProcessor',
              'print_freq': 45,
              'print_method': 'builtin',
              'print_rank': 0,
              'project_name': 'D-FINE',
              'remap_mscoco_category': False,
              'scaler': {'enabled': True, 'type': 'GradScaler'},
              'seed': 20260929,
              'sync_bn': False,
              'task': 'detection',
              'test_only': False,
              'train_dataloader': {'collate_fn': {'base_size': 640,
                                                  'base_size_repeat': None,
                                                  'ema_restart_decay': 0.9999,
                                                  'stop_epoch': 1000,
                                                  'type': 'BatchImageCollateFunction'},
                                   'dataset': {'ann_file': '/home/viplab/contest/data/processed/kamp500_telea_v1_640/annotations/train.json',
                                               'img_folder': '/home/viplab/contest/data/processed/kamp500_telea_v1_640/images/train',
                                               'return_masks': False,
                                               'transforms': {'ops': [{'dtype': 'float32',
                                                                       'scale': True,
                                                                       'type': 'ConvertPILImage'},
                                                                      {'fmt': 'cxcywh',
                                                                       'normalize': True,
                                                                       'type': 'ConvertBoxes'}],
                                                              'policy': {'epoch': 1000,
                                                                         'name': 'stop_epoch',
                                                                         'ops': ['RandomPhotometricDistort',
                                                                                 'RandomZoomOut',
                                                                                 'RandomIoUCrop']},
                                                              'type': 'Compose'},
                                               'type': 'CocoDetection'},
                                   'drop_last': False,
                                   'num_workers': 2,
                                   'shuffle': True,
                                   'total_batch_size': 8,
                                   'type': 'DataLoader'},
              'tuning': '/home/viplab/contest/experiments/kamp_pilot_v1/dfine_s_init.pth',
              'use_amp': False,
              'use_ema': True,
              'use_focal_loss': True,
              'use_wandb': False,
              'val_dataloader': {'collate_fn': {'type': 'BatchImageCollateFunction'},
                                 'dataset': {'ann_file': '/home/viplab/contest/data/processed/kamp500_telea_v1_640/annotations/val.json',
                                             'img_folder': '/home/viplab/contest/data/processed/kamp500_telea_v1_640/images/val',
                                             'return_masks': False,
                                             'transforms': {'ops': [{'dtype': 'float32',
                                                                     'scale': True,
                                                                     'type': 'ConvertPILImage'}],
                                                            'type': 'Compose'},
                                             'type': 'CocoDetection'},
                                 'drop_last': False,
                                 'num_workers': 2,
                                 'shuffle': False,
                                 'total_batch_size': 8,
                                 'type': 'DataLoader'}}}
Tuning checkpoint from /home/viplab/contest/experiments/kamp_pilot_v1/dfine_s_init.pth
/home/viplab/contest/models/D-FINE/src/solver/_solver.py:254: UserWarning: Environment variable TORCH_FORCE_NO_WEIGHTS_ONLY_LOAD detected, since the`weights_only` argument was not explicitly passed to `torch.load`, forcing weights_only=False.
  state = torch.load(path, map_location="cpu")
Load model.state_dict, {'missed': [], 'unmatched': []}
Initial lr: [0.0001, 0.0001, 0.0002, 0.0002]
building train_dataloader with batch_size=8...
building val_dataloader with batch_size=8...

------------------------------------- Calculate Flops Results -------------------------------------
Notations:
number of parameters (Params), number of multiply-accumulate operations(MACs),
number of floating-point operations (FLOPs), floating-point operations per second (FLOPS),
fwd FLOPs (model forward propagation FLOPs), bwd FLOPs (model backward propagation FLOPs),
default model backpropagation takes 2.00 times as much computation as forward propagation.

Total Training Params:                                                  10.18 M 
fwd MACs:                                                               12.3563 GMACs
fwd FLOPs:                                                              24.8195 GFLOPS
fwd+bwd MACs:                                                           37.069 GMACs
fwd+bwd FLOPs:                                                          74.4584 GFLOPS
---------------------------------------------------------------------------------------------------
{'Model FLOPs:24.8195 GFLOPS   MACs:12.3563 GMACs   Params:10176661'}
------------------------------------------Start training-------------------------------------------
/home/viplab/contest/models/D-FINE/src/solver/det_engine.py:125: UserWarning: Converting a tensor with requires_grad=True to a scalar may lead to unexpected behavior.
Consider using tensor.detach() first. (Triggered internally at /pytorch/torch/csrc/autograd/generated/python_variable_methods.cpp:836.)
  if not math.isfinite(loss_value):
Epoch: [0/30]  [ 0/45]  eta: 0:00:51  lr: 0.000004  loss: 35.3424 (35.3424)  loss_vfl: 0.0410 (0.0410)  loss_bbox: 2.0602 (2.0602)  loss_giou: 2.5869 (2.5869)  loss_fgl: 0.1037 (0.1037)  loss_vfl_aux_0: 0.0485 (0.0485)  loss_bbox_aux_0: 2.0200 (2.0200)  loss_giou_aux_0: 2.6151 (2.6151)  loss_fgl_aux_0: 0.1066 (0.1066)  loss_ddf_aux_0: 0.0210 (0.0210)  loss_vfl_aux_1: 0.0410 (0.0410)  loss_bbox_aux_1: 2.0578 (2.0578)  loss_giou_aux_1: 2.6027 (2.6027)  loss_fgl_aux_1: 0.1013 (0.1013)  loss_ddf_aux_1: 0.0015 (0.0015)  loss_vfl_pre: 0.0485 (0.0485)  loss_bbox_pre: 2.0227 (2.0227)  loss_giou_pre: 2.6196 (2.6196)  loss_vfl_enc_0: 0.0325 (0.0325)  loss_bbox_enc_0: 2.1301 (2.1301)  loss_giou_enc_0: 2.6133 (2.6133)  loss_vfl_dn_0: 0.2937 (0.2937)  loss_bbox_dn_0: 0.5227 (0.5227)  loss_giou_dn_0: 1.6225 (1.6225)  loss_fgl_dn_0: 0.5715 (0.5715)  loss_ddf_dn_0: 0.0653 (0.0653)  loss_vfl_dn_1: 0.5191 (0.5191)  loss_bbox_dn_1: 0.3240 (0.3240)  loss_giou_dn_1: 1.4458 (1.4458)  loss_fgl_dn_1: 0.7072 (0.7072)  loss_ddf_dn_1: 0.0055 (0.0055)  loss_vfl_dn_2: 0.5024 (0.5024)  loss_bbox_dn_2: 0.3182 (0.3182)  loss_giou_dn_2: 1.4341 (1.4341)  loss_fgl_dn_2: 0.7046 (0.7046)  loss_ddf_dn_2: -0.0000 (0.0000)  loss_vfl_dn_pre: 0.2983 (0.2983)  loss_bbox_dn_pre: 0.5158 (0.5158)  loss_giou_dn_pre: 1.6175 (1.6175)  time: 1.1545  data: 0.2457  max mem: 5094
Epoch: [0/30]  [44/45]  eta: 0:00:00  lr: 0.000100  loss: 33.7886 (35.4899)  loss_vfl: 0.2210 (0.2072)  loss_bbox: 0.9641 (1.4805)  loss_giou: 2.6962 (2.6376)  loss_fgl: 0.2119 (0.2171)  loss_vfl_aux_0: 0.1562 (0.1781)  loss_bbox_aux_0: 1.0288 (1.5387)  loss_giou_aux_0: 2.7052 (2.7151)  loss_fgl_aux_0: 0.1942 (0.1812)  loss_ddf_aux_0: 0.0860 (0.0660)  loss_vfl_aux_1: 0.2208 (0.2351)  loss_bbox_aux_1: 0.9727 (1.5056)  loss_giou_aux_1: 2.6882 (2.6483)  loss_fgl_aux_1: 0.2103 (0.2120)  loss_ddf_aux_1: 0.0072 (0.0055)  loss_vfl_pre: 0.1555 (0.1762)  loss_bbox_pre: 1.0552 (1.5618)  loss_giou_pre: 2.6954 (2.7081)  loss_vfl_enc_0: 0.0611 (0.1020)  loss_bbox_enc_0: 1.5924 (1.8672)  loss_giou_enc_0: 2.8345 (2.7652)  loss_vfl_dn_0: 1.1680 (0.9670)  loss_bbox_dn_0: 0.1396 (0.2460)  loss_giou_dn_0: 1.0577 (1.1925)  loss_fgl_dn_0: 1.0192 (0.9077)  loss_ddf_dn_0: 0.2915 (0.2332)  loss_vfl_dn_1: 1.4355 (1.2123)  loss_bbox_dn_1: 0.1070 (0.1601)  loss_giou_dn_1: 0.8127 (1.0001)  loss_fgl_dn_1: 1.1186 (0.9875)  loss_ddf_dn_1: 0.0127 (0.0097)  loss_vfl_dn_2: 1.0519 (1.0311)  loss_bbox_dn_2: 0.1065 (0.1568)  loss_giou_dn_2: 0.8022 (0.9838)  loss_fgl_dn_2: 1.1235 (0.9925)  loss_ddf_dn_2: -0.0000 (0.0000)  loss_vfl_dn_pre: 1.1812 (0.9623)  loss_bbox_dn_pre: 0.1384 (0.2469)  loss_giou_dn_pre: 1.0534 (1.1922)  time: 0.2513  data: 0.0120  max mem: 5225
Epoch: [0/30] Total time: 0:00:11 (0.2643 s / it)
Averaged stats: lr: 0.000100  loss: 33.7886 (35.4899)  loss_vfl: 0.2210 (0.2072)  loss_bbox: 0.9641 (1.4805)  loss_giou: 2.6962 (2.6376)  loss_fgl: 0.2119 (0.2171)  loss_vfl_aux_0: 0.1562 (0.1781)  loss_bbox_aux_0: 1.0288 (1.5387)  loss_giou_aux_0: 2.7052 (2.7151)  loss_fgl_aux_0: 0.1942 (0.1812)  loss_ddf_aux_0: 0.0860 (0.0660)  loss_vfl_aux_1: 0.2208 (0.2351)  loss_bbox_aux_1: 0.9727 (1.5056)  loss_giou_aux_1: 2.6882 (2.6483)  loss_fgl_aux_1: 0.2103 (0.2120)  loss_ddf_aux_1: 0.0072 (0.0055)  loss_vfl_pre: 0.1555 (0.1762)  loss_bbox_pre: 1.0552 (1.5618)  loss_giou_pre: 2.6954 (2.7081)  loss_vfl_enc_0: 0.0611 (0.1020)  loss_bbox_enc_0: 1.5924 (1.8672)  loss_giou_enc_0: 2.8345 (2.7652)  loss_vfl_dn_0: 1.1680 (0.9670)  loss_bbox_dn_0: 0.1396 (0.2460)  loss_giou_dn_0: 1.0577 (1.1925)  loss_fgl_dn_0: 1.0192 (0.9077)  loss_ddf_dn_0: 0.2915 (0.2332)  loss_vfl_dn_1: 1.4355 (1.2123)  loss_bbox_dn_1: 0.1070 (0.1601)  loss_giou_dn_1: 0.8127 (1.0001)  loss_fgl_dn_1: 1.1186 (0.9875)  loss_ddf_dn_1: 0.0127 (0.0097)  loss_vfl_dn_2: 1.0519 (1.0311)  loss_bbox_dn_2: 0.1065 (0.1568)  loss_giou_dn_2: 0.8022 (0.9838)  loss_fgl_dn_2: 1.1235 (0.9925)  loss_ddf_dn_2: -0.0000 (0.0000)  loss_vfl_dn_pre: 1.1812 (0.9623)  loss_bbox_dn_pre: 0.1384 (0.2469)  loss_giou_dn_pre: 1.0534 (1.1922)
Test:  [0/8]  eta: 0:00:04    time: 0.5414  data: 0.2322  max mem: 5225
Test:  [7/8]  eta: 0:00:00    time: 0.1255  data: 0.0399  max mem: 5225
Test: Total time: 0:00:01 (0.1302 s / it)
Metrics: {'f1': 0, 'precision': 0, 'recall': 0.0, 'iou': 0.0, 'TPs': 0, 'FPs': 0, 'FNs': 142}
Averaged stats: 
Accumulating evaluation results...
COCOeval_opt.accumulate() finished...
DONE (t=0.01s).
IoU metric: bbox
 Average Precision  (AP) @[ IoU=0.50:0.95 | area=   all | maxDets=100 ] = 0.007
 Average Precision  (AP) @[ IoU=0.50      | area=   all | maxDets=100 ] = 0.038
 Average Precision  (AP) @[ IoU=0.75      | area=   all | maxDets=100 ] = 0.001
 Average Precision  (AP) @[ IoU=0.50:0.95 | area= small | maxDets=100 ] = 0.008
 Average Precision  (AP) @[ IoU=0.50:0.95 | area=medium | maxDets=100 ] = -1.000
 Average Precision  (AP) @[ IoU=0.50:0.95 | area= large | maxDets=100 ] = -1.000
 Average Recall     (AR) @[ IoU=0.50:0.95 | area=   all | maxDets=  1 ] = 0.011
 Average Recall     (AR) @[ IoU=0.50:0.95 | area=   all | maxDets= 10 ] = 0.085
 Average Recall     (AR) @[ IoU=0.50:0.95 | area=   all | maxDets=100 ] = 0.173
 Average Recall     (AR) @[ IoU=0.50:0.95 | area= small | maxDets=100 ] = 0.173
 Average Recall     (AR) @[ IoU=0.50:0.95 | area=medium | maxDets=100 ] = -1.000
 Average Recall     (AR) @[ IoU=0.50:0.95 | area= large | maxDets=100 ] = -1.000
 Average Recall     (AR) @[ IoU=0.50      | area=   all | maxDets=100 ] = 0.500
 Average Recall     (AR) @[ IoU=0.75      | area=   all | maxDets=100 ] = 0.063
best_stat: {'epoch': 0, 'coco_eval_bbox': 0.007170259701233121}
Epoch: [1/30]  [ 0/45]  eta: 0:00:23  lr: 0.000100  loss: 28.3939 (28.3939)  loss_vfl: 0.5568 (0.5568)  loss_bbox: 0.3493 (0.3493)  loss_giou: 1.4404 (1.4404)  loss_fgl: 0.7138 (0.7138)  loss_vfl_aux_0: 0.4770 (0.4770)  loss_bbox_aux_0: 0.4160 (0.4160)  loss_giou_aux_0: 1.7686 (1.7686)  loss_fgl_aux_0: 0.5315 (0.5315)  loss_ddf_aux_0: 0.3040 (0.3040)  loss_vfl_aux_1: 0.7961 (0.7961)  loss_bbox_aux_1: 0.3649 (0.3649)  loss_giou_aux_1: 1.4623 (1.4623)  loss_fgl_aux_1: 0.7085 (0.7085)  loss_ddf_aux_1: 0.0211 (0.0211)  loss_vfl_pre: 0.5167 (0.5167)  loss_bbox_pre: 0.4253 (0.4253)  loss_giou_pre: 1.7396 (1.7396)  loss_vfl_enc_0: 0.2783 (0.2783)  loss_bbox_enc_0: 0.7911 (0.7911)  loss_giou_enc_0: 2.0308 (2.0308)  loss_vfl_dn_0: 1.3671 (1.3671)  loss_bbox_dn_0: 0.1210 (0.1210)  loss_giou_dn_0: 0.8646 (0.8646)  loss_fgl_dn_0: 1.1405 (1.1405)  loss_ddf_dn_0: 0.8474 (0.8474)  loss_vfl_dn_1: 1.2243 (1.2243)  loss_bbox_dn_1: 0.0862 (0.0862)  loss_giou_dn_1: 0.6933 (0.6933)  loss_fgl_dn_1: 1.1825 (1.1825)  loss_ddf_dn_1: 0.0211 (0.0211)  loss_vfl_dn_2: 0.8413 (0.8413)  loss_bbox_dn_2: 0.0858 (0.0858)  loss_giou_dn_2: 0.6806 (0.6806)  loss_fgl_dn_2: 1.1949 (1.1949)  loss_ddf_dn_2: -0.0000 (0.0000)  loss_vfl_dn_pre: 1.3692 (1.3692)  loss_bbox_dn_pre: 0.1197 (0.1197)  loss_giou_dn_pre: 0.8623 (0.8623)  time: 0.5174  data: 0.2779  max mem: 5225
Epoch: [1/30]  [44/45]  eta: 0:00:00  lr: 0.000100  loss: 28.3223 (28.7570)  loss_vfl: 0.3502 (0.4569)  loss_bbox: 0.5177 (0.4836)  loss_giou: 1.7511 (1.7454)  loss_fgl: 0.5415 (0.5848)  loss_vfl_aux_0: 0.2825 (0.4139)  loss_bbox_aux_0: 0.7478 (0.6406)  loss_giou_aux_0: 2.2173 (2.1202)  loss_fgl_aux_0: 0.3881 (0.4312)  loss_ddf_aux_0: 0.1635 (0.2533)  loss_vfl_aux_1: 0.3731 (0.4828)  loss_bbox_aux_1: 0.5640 (0.5231)  loss_giou_aux_1: 1.8136 (1.8093)  loss_fgl_aux_1: 0.5010 (0.5633)  loss_ddf_aux_1: 0.0246 (0.0268)  loss_vfl_pre: 0.2812 (0.4077)  loss_bbox_pre: 0.7488 (0.6450)  loss_giou_pre: 2.2012 (2.1141)  loss_vfl_enc_0: 0.0620 (0.1236)  loss_bbox_enc_0: 1.1651 (1.0068)  loss_giou_enc_0: 2.8263 (2.6334)  loss_vfl_dn_0: 0.8543 (1.0390)  loss_bbox_dn_0: 0.0933 (0.1049)  loss_giou_dn_0: 0.7352 (0.7845)  loss_fgl_dn_0: 1.2002 (1.1805)  loss_ddf_dn_0: 0.8999 (1.0229)  loss_vfl_dn_1: 0.5531 (0.6674)  loss_bbox_dn_1: 0.0786 (0.0827)  loss_giou_dn_1: 0.6310 (0.6594)  loss_fgl_dn_1: 1.2252 (1.2137)  loss_ddf_dn_1: 0.0660 (0.0646)  loss_vfl_dn_2: 0.5440 (0.5792)  loss_bbox_dn_2: 0.0786 (0.0828)  loss_giou_dn_2: 0.6291 (0.6588)  loss_fgl_dn_2: 1.2314 (1.2212)  loss_ddf_dn_2: -0.0000 (0.0000)  loss_vfl_dn_pre: 0.8719 (1.0423)  loss_bbox_dn_pre: 0.0918 (0.1047)  loss_giou_dn_pre: 0.7225 (0.7827)  time: 0.2353  data: 0.0121  max mem: 5225
Epoch: [1/30] Total time: 0:00:10 (0.2427 s / it)
Averaged stats: lr: 0.000100  loss: 28.3223 (28.7570)  loss_vfl: 0.3502 (0.4569)  loss_bbox: 0.5177 (0.4836)  loss_giou: 1.7511 (1.7454)  loss_fgl: 0.5415 (0.5848)  loss_vfl_aux_0: 0.2825 (0.4139)  loss_bbox_aux_0: 0.7478 (0.6406)  loss_giou_aux_0: 2.2173 (2.1202)  loss_fgl_aux_0: 0.3881 (0.4312)  loss_ddf_aux_0: 0.1635 (0.2533)  loss_vfl_aux_1: 0.3731 (0.4828)  loss_bbox_aux_1: 0.5640 (0.5231)  loss_giou_aux_1: 1.8136 (1.8093)  loss_fgl_aux_1: 0.5010 (0.5633)  loss_ddf_aux_1: 0.0246 (0.0268)  loss_vfl_pre: 0.2812 (0.4077)  loss_bbox_pre: 0.7488 (0.6450)  loss_giou_pre: 2.2012 (2.1141)  loss_vfl_enc_0: 0.0620 (0.1236)  loss_bbox_enc_0: 1.1651 (1.0068)  loss_giou_enc_0: 2.8263 (2.6334)  loss_vfl_dn_0: 0.8543 (1.0390)  loss_bbox_dn_0: 0.0933 (0.1049)  loss_giou_dn_0: 0.7352 (0.7845)  loss_fgl_dn_0: 1.2002 (1.1805)  loss_ddf_dn_0: 0.8999 (1.0229)  loss_vfl_dn_1: 0.5531 (0.6674)  loss_bbox_dn_1: 0.0786 (0.0827)  loss_giou_dn_1: 0.6310 (0.6594)  loss_fgl_dn_1: 1.2252 (1.2137)  loss_ddf_dn_1: 0.0660 (0.0646)  loss_vfl_dn_2: 0.5440 (0.5792)  loss_bbox_dn_2: 0.0786 (0.0828)  loss_giou_dn_2: 0.6291 (0.6588)  loss_fgl_dn_2: 1.2314 (1.2212)  loss_ddf_dn_2: -0.0000 (0.0000)  loss_vfl_dn_pre: 0.8719 (1.0423)  loss_bbox_dn_pre: 0.0918 (0.1047)  loss_giou_dn_pre: 0.7225 (0.7827)
Test:  [0/8]  eta: 0:00:02    time: 0.2936  data: 0.2376  max mem: 5225
Test:  [7/8]  eta: 0:00:00    time: 0.1228  data: 0.0421  max mem: 5225
Test: Total time: 0:00:01 (0.1301 s / it)
Metrics: {'f1': 0.45132743362831856, 'precision': 0.6071428571428571, 'recall': 0.3591549295774648, 'iou': 0.1993881835256304, 'TPs': 51, 'FPs': 33, 'FNs': 91}
Averaged stats: 
Accumulating evaluation results...
COCOeval_opt.accumulate() finished...
DONE (t=0.01s).
IoU metric: bbox
 Average Precision  (AP) @[ IoU=0.50:0.95 | area=   all | maxDets=100 ] = 0.136
 Average Precision  (AP) @[ IoU=0.50      | area=   all | maxDets=100 ] = 0.413
 Average Precision  (AP) @[ IoU=0.75      | area=   all | maxDets=100 ] = 0.048
 Average Precision  (AP) @[ IoU=0.50:0.95 | area= small | maxDets=100 ] = 0.136
 Average Precision  (AP) @[ IoU=0.50:0.95 | area=medium | maxDets=100 ] = -1.000
 Average Precision  (AP) @[ IoU=0.50:0.95 | area= large | maxDets=100 ] = -1.000
 Average Recall     (AR) @[ IoU=0.50:0.95 | area=   all | maxDets=  1 ] = 0.109
 Average Recall     (AR) @[ IoU=0.50:0.95 | area=   all | maxDets= 10 ] = 0.253
 Average Recall     (AR) @[ IoU=0.50:0.95 | area=   all | maxDets=100 ] = 0.273
 Average Recall     (AR) @[ IoU=0.50:0.95 | area= small | maxDets=100 ] = 0.273
 Average Recall     (AR) @[ IoU=0.50:0.95 | area=medium | maxDets=100 ] = -1.000
 Average Recall     (AR) @[ IoU=0.50:0.95 | area= large | maxDets=100 ] = -1.000
 Average Recall     (AR) @[ IoU=0.50      | area=   all | maxDets=100 ] = 0.648
 Average Recall     (AR) @[ IoU=0.75      | area=   all | maxDets=100 ] = 0.183
best_stat: {'epoch': 1, 'coco_eval_bbox': 0.13578300201585322}
Epoch: [2/30]  [ 0/45]  eta: 0:00:21  lr: 0.000100  loss: 26.0000 (26.0000)  loss_vfl: 0.5851 (0.5851)  loss_bbox: 0.2941 (0.2941)  loss_giou: 1.3155 (1.3155)  loss_fgl: 0.7864 (0.7864)  loss_vfl_aux_0: 0.3843 (0.3843)  loss_bbox_aux_0: 0.4789 (0.4789)  loss_giou_aux_0: 1.8973 (1.8973)  loss_fgl_aux_0: 0.5099 (0.5099)  loss_ddf_aux_0: 0.3019 (0.3019)  loss_vfl_aux_1: 0.4909 (0.4909)  loss_bbox_aux_1: 0.3565 (0.3565)  loss_giou_aux_1: 1.4335 (1.4335)  loss_fgl_aux_1: 0.7372 (0.7372)  loss_ddf_aux_1: 0.0435 (0.0435)  loss_vfl_pre: 0.3514 (0.3514)  loss_bbox_pre: 0.4966 (0.4966)  loss_giou_pre: 1.8578 (1.8578)  loss_vfl_enc_0: 0.0991 (0.0991)  loss_bbox_enc_0: 1.2325 (1.2325)  loss_giou_enc_0: 2.5834 (2.5834)  loss_vfl_dn_0: 0.6199 (0.6199)  loss_bbox_dn_0: 0.0949 (0.0949)  loss_giou_dn_0: 0.7135 (0.7135)  loss_fgl_dn_0: 1.2373 (1.2373)  loss_ddf_dn_0: 0.7725 (0.7725)  loss_vfl_dn_1: 0.5351 (0.5351)  loss_bbox_dn_1: 0.0703 (0.0703)  loss_giou_dn_1: 0.5638 (0.5638)  loss_fgl_dn_1: 1.2516 (1.2516)  loss_ddf_dn_1: 0.0576 (0.0576)  loss_vfl_dn_2: 0.5197 (0.5197)  loss_bbox_dn_2: 0.0713 (0.0713)  loss_giou_dn_2: 0.5738 (0.5738)  loss_fgl_dn_2: 1.2530 (1.2530)  loss_ddf_dn_2: -0.0000 (0.0000)  loss_vfl_dn_pre: 0.6332 (0.6332)  loss_bbox_dn_pre: 0.0932 (0.0932)  loss_giou_dn_pre: 0.7038 (0.7038)  time: 0.4743  data: 0.2355  max mem: 5225
Epoch: [2/30]  [44/45]  eta: 0:00:00  lr: 0.000100  loss: 25.6037 (25.8272)  loss_vfl: 0.5851 (0.6145)  loss_bbox: 0.3093 (0.3703)  loss_giou: 1.3449 (1.3436)  loss_fgl: 0.7099 (0.7440)  loss_vfl_aux_0: 0.3760 (0.4121)  loss_bbox_aux_0: 0.4639 (0.4925)  loss_giou_aux_0: 1.8901 (1.8528)  loss_fgl_aux_0: 0.5519 (0.5772)  loss_ddf_aux_0: 0.2414 (0.2493)  loss_vfl_aux_1: 0.6092 (0.6115)  loss_bbox_aux_1: 0.3484 (0.4023)  loss_giou_aux_1: 1.4398 (1.4401)  loss_fgl_aux_1: 0.6872 (0.7185)  loss_ddf_aux_1: 0.0342 (0.0368)  loss_vfl_pre: 0.3566 (0.4138)  loss_bbox_pre: 0.4801 (0.5155)  loss_giou_pre: 1.8915 (1.8232)  loss_vfl_enc_0: 0.1266 (0.1444)  loss_bbox_enc_0: 0.9707 (1.0519)  loss_giou_enc_0: 2.7638 (2.6759)  loss_vfl_dn_0: 0.5373 (0.5427)  loss_bbox_dn_0: 0.0827 (0.0895)  loss_giou_dn_0: 0.6761 (0.6992)  loss_fgl_dn_0: 1.2327 (1.2256)  loss_ddf_dn_0: 0.5136 (0.6080)  loss_vfl_dn_1: 0.5085 (0.5192)  loss_bbox_dn_1: 0.0683 (0.0720)  loss_giou_dn_1: 0.5750 (0.5891)  loss_fgl_dn_1: 1.2345 (1.2332)  loss_ddf_dn_1: 0.0288 (0.0338)  loss_vfl_dn_2: 0.4909 (0.5020)  loss_bbox_dn_2: 0.0680 (0.0723)  loss_giou_dn_2: 0.5663 (0.5872)  loss_fgl_dn_2: 1.2352 (1.2351)  loss_ddf_dn_2: -0.0000 (0.0000)  loss_vfl_dn_pre: 0.5351 (0.5450)  loss_bbox_dn_pre: 0.0825 (0.0886)  loss_giou_dn_pre: 0.6710 (0.6943)  time: 0.2309  data: 0.0117  max mem: 5225
Epoch: [2/30] Total time: 0:00:10 (0.2403 s / it)
Averaged stats: lr: 0.000100  loss: 25.6037 (25.8272)  loss_vfl: 0.5851 (0.6145)  loss_bbox: 0.3093 (0.3703)  loss_giou: 1.3449 (1.3436)  loss_fgl: 0.7099 (0.7440)  loss_vfl_aux_0: 0.3760 (0.4121)  loss_bbox_aux_0: 0.4639 (0.4925)  loss_giou_aux_0: 1.8901 (1.8528)  loss_fgl_aux_0: 0.5519 (0.5772)  loss_ddf_aux_0: 0.2414 (0.2493)  loss_vfl_aux_1: 0.6092 (0.6115)  loss_bbox_aux_1: 0.3484 (0.4023)  loss_giou_aux_1: 1.4398 (1.4401)  loss_fgl_aux_1: 0.6872 (0.7185)  loss_ddf_aux_1: 0.0342 (0.0368)  loss_vfl_pre: 0.3566 (0.4138)  loss_bbox_pre: 0.4801 (0.5155)  loss_giou_pre: 1.8915 (1.8232)  loss_vfl_enc_0: 0.1266 (0.1444)  loss_bbox_enc_0: 0.9707 (1.0519)  loss_giou_enc_0: 2.7638 (2.6759)  loss_vfl_dn_0: 0.5373 (0.5427)  loss_bbox_dn_0: 0.0827 (0.0895)  loss_giou_dn_0: 0.6761 (0.6992)  loss_fgl_dn_0: 1.2327 (1.2256)  loss_ddf_dn_0: 0.5136 (0.6080)  loss_vfl_dn_1: 0.5085 (0.5192)  loss_bbox_dn_1: 0.0683 (0.0720)  loss_giou_dn_1: 0.5750 (0.5891)  loss_fgl_dn_1: 1.2345 (1.2332)  loss_ddf_dn_1: 0.0288 (0.0338)  loss_vfl_dn_2: 0.4909 (0.5020)  loss_bbox_dn_2: 0.0680 (0.0723)  loss_giou_dn_2: 0.5663 (0.5872)  loss_fgl_dn_2: 1.2352 (1.2351)  loss_ddf_dn_2: -0.0000 (0.0000)  loss_vfl_dn_pre: 0.5351 (0.5450)  loss_bbox_dn_pre: 0.0825 (0.0886)  loss_giou_dn_pre: 0.6710 (0.6943)
Test:  [0/8]  eta: 0:00:02    time: 0.2832  data: 0.2289  max mem: 5225
Test:  [7/8]  eta: 0:00:00    time: 0.0944  data: 0.0404  max mem: 5225
Test: Total time: 0:00:00 (0.0987 s / it)
Metrics: {'f1': 0.431924882629108, 'precision': 0.647887323943662, 'recall': 0.323943661971831, 'iou': 0.1877868671617108, 'TPs': 46, 'FPs': 25, 'FNs': 96}
Averaged stats: 
Accumulating evaluation results...
COCOeval_opt.accumulate() finished...
DONE (t=0.01s).
IoU metric: bbox
 Average Precision  (AP) @[ IoU=0.50:0.95 | area=   all | maxDets=100 ] = 0.132
 Average Precision  (AP) @[ IoU=0.50      | area=   all | maxDets=100 ] = 0.409
 Average Precision  (AP) @[ IoU=0.75      | area=   all | maxDets=100 ] = 0.041
 Average Precision  (AP) @[ IoU=0.50:0.95 | area= small | maxDets=100 ] = 0.132
 Average Precision  (AP) @[ IoU=0.50:0.95 | area=medium | maxDets=100 ] = -1.000
 Average Precision  (AP) @[ IoU=0.50:0.95 | area= large | maxDets=100 ] = -1.000
 Average Recall     (AR) @[ IoU=0.50:0.95 | area=   all | maxDets=  1 ] = 0.126
 Average Recall     (AR) @[ IoU=0.50:0.95 | area=   all | maxDets= 10 ] = 0.264
 Average Recall     (AR) @[ IoU=0.50:0.95 | area=   all | maxDets=100 ] = 0.301
 Average Recall     (AR) @[ IoU=0.50:0.95 | area= small | maxDets=100 ] = 0.301
 Average Recall     (AR) @[ IoU=0.50:0.95 | area=medium | maxDets=100 ] = -1.000
 Average Recall     (AR) @[ IoU=0.50:0.95 | area= large | maxDets=100 ] = -1.000
 Average Recall     (AR) @[ IoU=0.50      | area=   all | maxDets=100 ] = 0.641
 Average Recall     (AR) @[ IoU=0.75      | area=   all | maxDets=100 ] = 0.254
best_stat: {'epoch': 1, 'coco_eval_bbox': 0.13578300201585322}
Epoch: [3/30]  [ 0/45]  eta: 0:00:21  lr: 0.000100  loss: 26.6753 (26.6753)  loss_vfl: 0.4665 (0.4665)  loss_bbox: 0.3969 (0.3969)  loss_giou: 1.6732 (1.6732)  loss_fgl: 0.5526 (0.5526)  loss_vfl_aux_0: 0.2926 (0.2926)  loss_bbox_aux_0: 0.5616 (0.5616)  loss_giou_aux_0: 2.2067 (2.2067)  loss_fgl_aux_0: 0.4145 (0.4145)  loss_ddf_aux_0: 0.2405 (0.2405)  loss_vfl_aux_1: 0.4082 (0.4082)  loss_bbox_aux_1: 0.4320 (0.4320)  loss_giou_aux_1: 1.8057 (1.8057)  loss_fgl_aux_1: 0.5256 (0.5256)  loss_ddf_aux_1: 0.0348 (0.0348)  loss_vfl_pre: 0.3490 (0.3490)  loss_bbox_pre: 0.5778 (0.5778)  loss_giou_pre: 2.1597 (2.1597)  loss_vfl_enc_0: 0.0912 (0.0912)  loss_bbox_enc_0: 1.0702 (1.0702)  loss_giou_enc_0: 3.1092 (3.1092)  loss_vfl_dn_0: 0.5355 (0.5355)  loss_bbox_dn_0: 0.0925 (0.0925)  loss_giou_dn_0: 0.6998 (0.6998)  loss_fgl_dn_0: 1.2573 (1.2573)  loss_ddf_dn_0: 0.5066 (0.5066)  loss_vfl_dn_1: 0.5284 (0.5284)  loss_bbox_dn_1: 0.0754 (0.0754)  loss_giou_dn_1: 0.6036 (0.6036)  loss_fgl_dn_1: 1.2540 (1.2540)  loss_ddf_dn_1: 0.0223 (0.0223)  loss_vfl_dn_2: 0.4893 (0.4893)  loss_bbox_dn_2: 0.0752 (0.0752)  loss_giou_dn_2: 0.6023 (0.6023)  loss_fgl_dn_2: 1.2566 (1.2566)  loss_ddf_dn_2: -0.0000 (0.0000)  loss_vfl_dn_pre: 0.5366 (0.5366)  loss_bbox_dn_pre: 0.0893 (0.0893)  loss_giou_dn_pre: 0.6820 (0.6820)  time: 0.4732  data: 0.2350  max mem: 5225
Epoch: [3/30]  [44/45]  eta: 0:00:00  lr: 0.000100  loss: 24.0076 (24.3767)  loss_vfl: 0.6327 (0.6399)  loss_bbox: 0.2253 (0.2444)  loss_giou: 1.1415 (1.1456)  loss_fgl: 0.8406 (0.8482)  loss_vfl_aux_0: 0.4633 (0.4459)  loss_bbox_aux_0: 0.3198 (0.3561)  loss_giou_aux_0: 1.6639 (1.6742)  loss_fgl_aux_0: 0.6394 (0.6683)  loss_ddf_aux_0: 0.3544 (0.3531)  loss_vfl_aux_1: 0.6033 (0.6340)  loss_bbox_aux_1: 0.2482 (0.2687)  loss_giou_aux_1: 1.2338 (1.2319)  loss_fgl_aux_1: 0.8117 (0.8266)  loss_ddf_aux_1: 0.0422 (0.0394)  loss_vfl_pre: 0.4295 (0.4375)  loss_bbox_pre: 0.3350 (0.3773)  loss_giou_pre: 1.6561 (1.6505)  loss_vfl_enc_0: 0.1412 (0.1466)  loss_bbox_enc_0: 0.7874 (0.8674)  loss_giou_enc_0: 2.5784 (2.6236)  loss_vfl_dn_0: 0.5463 (0.5418)  loss_bbox_dn_0: 0.0779 (0.0837)  loss_giou_dn_0: 0.6254 (0.6599)  loss_fgl_dn_0: 1.2336 (1.2412)  loss_ddf_dn_0: 0.3487 (0.3977)  loss_vfl_dn_1: 0.4791 (0.4874)  loss_bbox_dn_1: 0.0652 (0.0678)  loss_giou_dn_1: 0.5288 (0.5500)  loss_fgl_dn_1: 1.2362 (1.2420)  loss_ddf_dn_1: 0.0176 (0.0182)  loss_vfl_dn_2: 0.4643 (0.4698)  loss_bbox_dn_2: 0.0649 (0.0682)  loss_giou_dn_2: 0.5312 (0.5506)  loss_fgl_dn_2: 1.2397 (1.2437)  loss_ddf_dn_2: -0.0000 (0.0000)  loss_vfl_dn_pre: 0.5407 (0.5389)  loss_bbox_dn_pre: 0.0776 (0.0827)  loss_giou_dn_pre: 0.6257 (0.6538)  time: 0.2286  data: 0.0114  max mem: 5225
Epoch: [3/30] Total time: 0:00:10 (0.2361 s / it)
Averaged stats: lr: 0.000100  loss: 24.0076 (24.3767)  loss_vfl: 0.6327 (0.6399)  loss_bbox: 0.2253 (0.2444)  loss_giou: 1.1415 (1.1456)  loss_fgl: 0.8406 (0.8482)  loss_vfl_aux_0: 0.4633 (0.4459)  loss_bbox_aux_0: 0.3198 (0.3561)  loss_giou_aux_0: 1.6639 (1.6742)  loss_fgl_aux_0: 0.6394 (0.6683)  loss_ddf_aux_0: 0.3544 (0.3531)  loss_vfl_aux_1: 0.6033 (0.6340)  loss_bbox_aux_1: 0.2482 (0.2687)  loss_giou_aux_1: 1.2338 (1.2319)  loss_fgl_aux_1: 0.8117 (0.8266)  loss_ddf_aux_1: 0.0422 (0.0394)  loss_vfl_pre: 0.4295 (0.4375)  loss_bbox_pre: 0.3350 (0.3773)  loss_giou_pre: 1.6561 (1.6505)  loss_vfl_enc_0: 0.1412 (0.1466)  loss_bbox_enc_0: 0.7874 (0.8674)  loss_giou_enc_0: 2.5784 (2.6236)  loss_vfl_dn_0: 0.5463 (0.5418)  loss_bbox_dn_0: 0.0779 (0.0837)  loss_giou_dn_0: 0.6254 (0.6599)  loss_fgl_dn_0: 1.2336 (1.2412)  loss_ddf_dn_0: 0.3487 (0.3977)  loss_vfl_dn_1: 0.4791 (0.4874)  loss_bbox_dn_1: 0.0652 (0.0678)  loss_giou_dn_1: 0.5288 (0.5500)  loss_fgl_dn_1: 1.2362 (1.2420)  loss_ddf_dn_1: 0.0176 (0.0182)  loss_vfl_dn_2: 0.4643 (0.4698)  loss_bbox_dn_2: 0.0649 (0.0682)  loss_giou_dn_2: 0.5312 (0.5506)  loss_fgl_dn_2: 1.2397 (1.2437)  loss_ddf_dn_2: -0.0000 (0.0000)  loss_vfl_dn_pre: 0.5407 (0.5389)  loss_bbox_dn_pre: 0.0776 (0.0827)  loss_giou_dn_pre: 0.6257 (0.6538)
Test:  [0/8]  eta: 0:00:02    time: 0.3113  data: 0.2556  max mem: 5225
Test:  [7/8]  eta: 0:00:00    time: 0.1234  data: 0.0467  max mem: 5225
Test: Total time: 0:00:01 (0.1281 s / it)
Metrics: {'f1': 0.5966101694915253, 'precision': 0.5751633986928104, 'recall': 0.6197183098591549, 'iou': 0.2991779222004656, 'TPs': 88, 'FPs': 65, 'FNs': 54}
Averaged stats: 
Accumulating evaluation results...
COCOeval_opt.accumulate() finished...
DONE (t=0.01s).
IoU metric: bbox
 Average Precision  (AP) @[ IoU=0.50:0.95 | area=   all | maxDets=100 ] = 0.262
 Average Precision  (AP) @[ IoU=0.50      | area=   all | maxDets=100 ] = 0.650
 Average Precision  (AP) @[ IoU=0.75      | area=   all | maxDets=100 ] = 0.135
 Average Precision  (AP) @[ IoU=0.50:0.95 | area= small | maxDets=100 ] = 0.262
 Average Precision  (AP) @[ IoU=0.50:0.95 | area=medium | maxDets=100 ] = -1.000
 Average Precision  (AP) @[ IoU=0.50:0.95 | area= large | maxDets=100 ] = -1.000
 Average Recall     (AR) @[ IoU=0.50:0.95 | area=   all | maxDets=  1 ] = 0.178
 Average Recall     (AR) @[ IoU=0.50:0.95 | area=   all | maxDets= 10 ] = 0.470
 Average Recall     (AR) @[ IoU=0.50:0.95 | area=   all | maxDets=100 ] = 0.537
 Average Recall     (AR) @[ IoU=0.50:0.95 | area= small | maxDets=100 ] = 0.537
 Average Recall     (AR) @[ IoU=0.50:0.95 | area=medium | maxDets=100 ] = -1.000
 Average Recall     (AR) @[ IoU=0.50:0.95 | area= large | maxDets=100 ] = -1.000
 Average Recall     (AR) @[ IoU=0.50      | area=   all | maxDets=100 ] = 0.965
 Average Recall     (AR) @[ IoU=0.75      | area=   all | maxDets=100 ] = 0.507
best_stat: {'epoch': 3, 'coco_eval_bbox': 0.2618675548080809}
Epoch: [4/30]  [ 0/45]  eta: 0:00:21  lr: 0.000100  loss: 23.5592 (23.5592)  loss_vfl: 0.7330 (0.7330)  loss_bbox: 0.2122 (0.2122)  loss_giou: 1.1132 (1.1132)  loss_fgl: 0.8840 (0.8840)  loss_vfl_aux_0: 0.5184 (0.5184)  loss_bbox_aux_0: 0.3084 (0.3084)  loss_giou_aux_0: 1.5021 (1.5021)  loss_fgl_aux_0: 0.7672 (0.7672)  loss_ddf_aux_0: 0.4796 (0.4796)  loss_vfl_aux_1: 0.7148 (0.7148)  loss_bbox_aux_1: 0.2149 (0.2149)  loss_giou_aux_1: 1.1637 (1.1637)  loss_fgl_aux_1: 0.8610 (0.8610)  loss_ddf_aux_1: 0.0480 (0.0480)  loss_vfl_pre: 0.5692 (0.5692)  loss_bbox_pre: 0.3039 (0.3039)  loss_giou_pre: 1.4564 (1.4564)  loss_vfl_enc_0: 0.2296 (0.2296)  loss_bbox_enc_0: 0.6779 (0.6779)  loss_giou_enc_0: 2.5399 (2.5399)  loss_vfl_dn_0: 0.5461 (0.5461)  loss_bbox_dn_0: 0.0625 (0.0625)  loss_giou_dn_0: 0.5470 (0.5470)  loss_fgl_dn_0: 1.2655 (1.2655)  loss_ddf_dn_0: 0.2628 (0.2628)  loss_vfl_dn_1: 0.4693 (0.4693)  loss_bbox_dn_1: 0.0501 (0.0501)  loss_giou_dn_1: 0.4553 (0.4553)  loss_fgl_dn_1: 1.2503 (1.2503)  loss_ddf_dn_1: 0.0128 (0.0128)  loss_vfl_dn_2: 0.4481 (0.4481)  loss_bbox_dn_2: 0.0489 (0.0489)  loss_giou_dn_2: 0.4498 (0.4498)  loss_fgl_dn_2: 1.2477 (1.2477)  loss_ddf_dn_2: -0.0000 (0.0000)  loss_vfl_dn_pre: 0.5447 (0.5447)  loss_bbox_dn_pre: 0.0621 (0.0621)  loss_giou_dn_pre: 0.5389 (0.5389)  time: 0.4691  data: 0.2345  max mem: 5225
Epoch: [4/30]  [44/45]  eta: 0:00:00  lr: 0.000100  loss: 23.5765 (23.1052)  loss_vfl: 0.6747 (0.6654)  loss_bbox: 0.1656 (0.1689)  loss_giou: 1.0174 (0.9410)  loss_fgl: 0.9002 (0.9568)  loss_vfl_aux_0: 0.4925 (0.5364)  loss_bbox_aux_0: 0.2762 (0.2486)  loss_giou_aux_0: 1.4995 (1.3950)  loss_fgl_aux_0: 0.7782 (0.8292)  loss_ddf_aux_0: 0.5010 (0.4755)  loss_vfl_aux_1: 0.6466 (0.6777)  loss_bbox_aux_1: 0.1902 (0.1822)  loss_giou_aux_1: 1.0708 (1.0042)  loss_fgl_aux_1: 0.8888 (0.9441)  loss_ddf_aux_1: 0.0488 (0.0437)  loss_vfl_pre: 0.4751 (0.5346)  loss_bbox_pre: 0.3081 (0.2572)  loss_giou_pre: 1.4936 (1.3818)  loss_vfl_enc_0: 0.1467 (0.1878)  loss_bbox_enc_0: 0.7119 (0.6497)  loss_giou_enc_0: 2.5223 (2.4499)  loss_vfl_dn_0: 0.5314 (0.5351)  loss_bbox_dn_0: 0.0780 (0.0791)  loss_giou_dn_0: 0.6117 (0.6266)  loss_fgl_dn_0: 1.2448 (1.2438)  loss_ddf_dn_0: 0.3287 (0.3000)  loss_vfl_dn_1: 0.4644 (0.4653)  loss_bbox_dn_1: 0.0604 (0.0624)  loss_giou_dn_1: 0.4864 (0.5150)  loss_fgl_dn_1: 1.2282 (1.2334)  loss_ddf_dn_1: 0.0129 (0.0124)  loss_vfl_dn_2: 0.4519 (0.4557)  loss_bbox_dn_2: 0.0596 (0.0628)  loss_giou_dn_2: 0.4916 (0.5155)  loss_fgl_dn_2: 1.2292 (1.2344)  loss_ddf_dn_2: -0.0000 (0.0000)  loss_vfl_dn_pre: 0.5281 (0.5319)  loss_bbox_dn_pre: 0.0773 (0.0785)  loss_giou_dn_pre: 0.6090 (0.6236)  time: 0.2353  data: 0.0125  max mem: 5225
Epoch: [4/30] Total time: 0:00:10 (0.2415 s / it)
Averaged stats: lr: 0.000100  loss: 23.5765 (23.1052)  loss_vfl: 0.6747 (0.6654)  loss_bbox: 0.1656 (0.1689)  loss_giou: 1.0174 (0.9410)  loss_fgl: 0.9002 (0.9568)  loss_vfl_aux_0: 0.4925 (0.5364)  loss_bbox_aux_0: 0.2762 (0.2486)  loss_giou_aux_0: 1.4995 (1.3950)  loss_fgl_aux_0: 0.7782 (0.8292)  loss_ddf_aux_0: 0.5010 (0.4755)  loss_vfl_aux_1: 0.6466 (0.6777)  loss_bbox_aux_1: 0.1902 (0.1822)  loss_giou_aux_1: 1.0708 (1.0042)  loss_fgl_aux_1: 0.8888 (0.9441)  loss_ddf_aux_1: 0.0488 (0.0437)  loss_vfl_pre: 0.4751 (0.5346)  loss_bbox_pre: 0.3081 (0.2572)  loss_giou_pre: 1.4936 (1.3818)  loss_vfl_enc_0: 0.1467 (0.1878)  loss_bbox_enc_0: 0.7119 (0.6497)  loss_giou_enc_0: 2.5223 (2.4499)  loss_vfl_dn_0: 0.5314 (0.5351)  loss_bbox_dn_0: 0.0780 (0.0791)  loss_giou_dn_0: 0.6117 (0.6266)  loss_fgl_dn_0: 1.2448 (1.2438)  loss_ddf_dn_0: 0.3287 (0.3000)  loss_vfl_dn_1: 0.4644 (0.4653)  loss_bbox_dn_1: 0.0604 (0.0624)  loss_giou_dn_1: 0.4864 (0.5150)  loss_fgl_dn_1: 1.2282 (1.2334)  loss_ddf_dn_1: 0.0129 (0.0124)  loss_vfl_dn_2: 0.4519 (0.4557)  loss_bbox_dn_2: 0.0596 (0.0628)  loss_giou_dn_2: 0.4916 (0.5155)  loss_fgl_dn_2: 1.2292 (1.2344)  loss_ddf_dn_2: -0.0000 (0.0000)  loss_vfl_dn_pre: 0.5281 (0.5319)  loss_bbox_dn_pre: 0.0773 (0.0785)  loss_giou_dn_pre: 0.6090 (0.6236)
Test:  [0/8]  eta: 0:00:02    time: 0.3265  data: 0.2689  max mem: 5225
Test:  [7/8]  eta: 0:00:00    time: 0.1009  data: 0.0450  max mem: 5225
Test: Total time: 0:00:00 (0.1057 s / it)
Metrics: {'f1': 0.595890410958904, 'precision': 0.58, 'recall': 0.6126760563380281, 'iou': 0.2985605923140921, 'TPs': 87, 'FPs': 63, 'FNs': 55}
Averaged stats: 
Accumulating evaluation results...
COCOeval_opt.accumulate() finished...
DONE (t=0.01s).
IoU metric: bbox
 Average Precision  (AP) @[ IoU=0.50:0.95 | area=   all | maxDets=100 ] = 0.227
 Average Precision  (AP) @[ IoU=0.50      | area=   all | maxDets=100 ] = 0.582
 Average Precision  (AP) @[ IoU=0.75      | area=   all | maxDets=100 ] = 0.109
 Average Precision  (AP) @[ IoU=0.50:0.95 | area= small | maxDets=100 ] = 0.227
 Average Precision  (AP) @[ IoU=0.50:0.95 | area=medium | maxDets=100 ] = -1.000
 Average Precision  (AP) @[ IoU=0.50:0.95 | area= large | maxDets=100 ] = -1.000
 Average Recall     (AR) @[ IoU=0.50:0.95 | area=   all | maxDets=  1 ] = 0.160
 Average Recall     (AR) @[ IoU=0.50:0.95 | area=   all | maxDets= 10 ] = 0.425
 Average Recall     (AR) @[ IoU=0.50:0.95 | area=   all | maxDets=100 ] = 0.527
 Average Recall     (AR) @[ IoU=0.50:0.95 | area= small | maxDets=100 ] = 0.527
 Average Recall     (AR) @[ IoU=0.50:0.95 | area=medium | maxDets=100 ] = -1.000
 Average Recall     (AR) @[ IoU=0.50:0.95 | area= large | maxDets=100 ] = -1.000
 Average Recall     (AR) @[ IoU=0.50      | area=   all | maxDets=100 ] = 0.951
 Average Recall     (AR) @[ IoU=0.75      | area=   all | maxDets=100 ] = 0.549
best_stat: {'epoch': 3, 'coco_eval_bbox': 0.2618675548080809}
Epoch: [5/30]  [ 0/45]  eta: 0:00:21  lr: 0.000100  loss: 22.7340 (22.7340)  loss_vfl: 0.7194 (0.7194)  loss_bbox: 0.1092 (0.1092)  loss_giou: 0.7101 (0.7101)  loss_fgl: 1.0762 (1.0762)  loss_vfl_aux_0: 0.6033 (0.6033)  loss_bbox_aux_0: 0.2056 (0.2056)  loss_giou_aux_0: 1.1861 (1.1861)  loss_fgl_aux_0: 0.9228 (0.9228)  loss_ddf_aux_0: 0.6491 (0.6491)  loss_vfl_aux_1: 0.8381 (0.8381)  loss_bbox_aux_1: 0.1235 (0.1235)  loss_giou_aux_1: 0.7665 (0.7665)  loss_fgl_aux_1: 1.0662 (1.0662)  loss_ddf_aux_1: 0.0553 (0.0553)  loss_vfl_pre: 0.6144 (0.6144)  loss_bbox_pre: 0.2093 (0.2093)  loss_giou_pre: 1.1652 (1.1652)  loss_vfl_enc_0: 0.1789 (0.1789)  loss_bbox_enc_0: 0.7244 (0.7244)  loss_giou_enc_0: 2.3454 (2.3454)  loss_vfl_dn_0: 0.5365 (0.5365)  loss_bbox_dn_0: 0.0804 (0.0804)  loss_giou_dn_0: 0.5900 (0.5900)  loss_fgl_dn_0: 1.2551 (1.2551)  loss_ddf_dn_0: 0.3747 (0.3747)  loss_vfl_dn_1: 0.4541 (0.4541)  loss_bbox_dn_1: 0.0599 (0.0599)  loss_giou_dn_1: 0.4539 (0.4539)  loss_fgl_dn_1: 1.2373 (1.2373)  loss_ddf_dn_1: 0.0166 (0.0166)  loss_vfl_dn_2: 0.4464 (0.4464)  loss_bbox_dn_2: 0.0600 (0.0600)  loss_giou_dn_2: 0.4520 (0.4520)  loss_fgl_dn_2: 1.2411 (1.2411)  loss_ddf_dn_2: -0.0000 (0.0000)  loss_vfl_dn_pre: 0.5336 (0.5336)  loss_bbox_dn_pre: 0.0807 (0.0807)  loss_giou_dn_pre: 0.5926 (0.5926)  time: 0.4860  data: 0.2397  max mem: 5225
Epoch: [5/30]  [44/45]  eta: 0:00:00  lr: 0.000100  loss: 23.2373 (23.6054)  loss_vfl: 0.6817 (0.6601)  loss_bbox: 0.1298 (0.1976)  loss_giou: 0.8597 (0.9892)  loss_fgl: 0.9668 (0.9389)  loss_vfl_aux_0: 0.6042 (0.5918)  loss_bbox_aux_0: 0.2177 (0.2776)  loss_giou_aux_0: 1.2813 (1.4344)  loss_fgl_aux_0: 0.8631 (0.8197)  loss_ddf_aux_0: 0.6037 (0.6257)  loss_vfl_aux_1: 0.6810 (0.7018)  loss_bbox_aux_1: 0.1319 (0.2080)  loss_giou_aux_1: 0.8990 (1.0384)  loss_fgl_aux_1: 0.9547 (0.9319)  loss_ddf_aux_1: 0.0512 (0.0498)  loss_vfl_pre: 0.5985 (0.5789)  loss_bbox_pre: 0.2200 (0.2854)  loss_giou_pre: 1.2744 (1.4251)  loss_vfl_enc_0: 0.1805 (0.1887)  loss_bbox_enc_0: 0.7307 (0.7525)  loss_giou_enc_0: 2.3548 (2.5171)  loss_vfl_dn_0: 0.5199 (0.5270)  loss_bbox_dn_0: 0.0750 (0.0774)  loss_giou_dn_0: 0.5988 (0.6092)  loss_fgl_dn_0: 1.2494 (1.2387)  loss_ddf_dn_0: 0.2668 (0.2912)  loss_vfl_dn_1: 0.4439 (0.4515)  loss_bbox_dn_1: 0.0555 (0.0584)  loss_giou_dn_1: 0.4753 (0.4845)  loss_fgl_dn_1: 1.2254 (1.2226)  loss_ddf_dn_1: 0.0101 (0.0118)  loss_vfl_dn_2: 0.4374 (0.4447)  loss_bbox_dn_2: 0.0553 (0.0584)  loss_giou_dn_2: 0.4748 (0.4838)  loss_fgl_dn_2: 1.2251 (1.2227)  loss_ddf_dn_2: -0.0000 (0.0000)  loss_vfl_dn_pre: 0.5188 (0.5246)  loss_bbox_dn_pre: 0.0756 (0.0774)  loss_giou_dn_pre: 0.5976 (0.6091)  time: 0.2344  data: 0.0120  max mem: 5225
Epoch: [5/30] Total time: 0:00:10 (0.2424 s / it)
Averaged stats: lr: 0.000100  loss: 23.2373 (23.6054)  loss_vfl: 0.6817 (0.6601)  loss_bbox: 0.1298 (0.1976)  loss_giou: 0.8597 (0.9892)  loss_fgl: 0.9668 (0.9389)  loss_vfl_aux_0: 0.6042 (0.5918)  loss_bbox_aux_0: 0.2177 (0.2776)  loss_giou_aux_0: 1.2813 (1.4344)  loss_fgl_aux_0: 0.8631 (0.8197)  loss_ddf_aux_0: 0.6037 (0.6257)  loss_vfl_aux_1: 0.6810 (0.7018)  loss_bbox_aux_1: 0.1319 (0.2080)  loss_giou_aux_1: 0.8990 (1.0384)  loss_fgl_aux_1: 0.9547 (0.9319)  loss_ddf_aux_1: 0.0512 (0.0498)  loss_vfl_pre: 0.5985 (0.5789)  loss_bbox_pre: 0.2200 (0.2854)  loss_giou_pre: 1.2744 (1.4251)  loss_vfl_enc_0: 0.1805 (0.1887)  loss_bbox_enc_0: 0.7307 (0.7525)  loss_giou_enc_0: 2.3548 (2.5171)  loss_vfl_dn_0: 0.5199 (0.5270)  loss_bbox_dn_0: 0.0750 (0.0774)  loss_giou_dn_0: 0.5988 (0.6092)  loss_fgl_dn_0: 1.2494 (1.2387)  loss_ddf_dn_0: 0.2668 (0.2912)  loss_vfl_dn_1: 0.4439 (0.4515)  loss_bbox_dn_1: 0.0555 (0.0584)  loss_giou_dn_1: 0.4753 (0.4845)  loss_fgl_dn_1: 1.2254 (1.2226)  loss_ddf_dn_1: 0.0101 (0.0118)  loss_vfl_dn_2: 0.4374 (0.4447)  loss_bbox_dn_2: 0.0553 (0.0584)  loss_giou_dn_2: 0.4748 (0.4838)  loss_fgl_dn_2: 1.2251 (1.2227)  loss_ddf_dn_2: -0.0000 (0.0000)  loss_vfl_dn_pre: 0.5188 (0.5246)  loss_bbox_dn_pre: 0.0756 (0.0774)  loss_giou_dn_pre: 0.5976 (0.6091)
Test:  [0/8]  eta: 0:00:02    time: 0.3007  data: 0.2424  max mem: 5225
Test:  [7/8]  eta: 0:00:00    time: 0.1220  data: 0.0449  max mem: 5225
Test: Total time: 0:00:01 (0.1266 s / it)
Metrics: {'f1': 0.639676113360324, 'precision': 0.7523809523809524, 'recall': 0.5563380281690141, 'iou': 0.33018380332560765, 'TPs': 79, 'FPs': 26, 'FNs': 63}
Averaged stats: 
Accumulating evaluation results...
COCOeval_opt.accumulate() finished...
DONE (t=0.01s).
IoU metric: bbox
 Average Precision  (AP) @[ IoU=0.50:0.95 | area=   all | maxDets=100 ] = 0.248
 Average Precision  (AP) @[ IoU=0.50      | area=   all | maxDets=100 ] = 0.638
 Average Precision  (AP) @[ IoU=0.75      | area=   all | maxDets=100 ] = 0.110
 Average Precision  (AP) @[ IoU=0.50:0.95 | area= small | maxDets=100 ] = 0.248
 Average Precision  (AP) @[ IoU=0.50:0.95 | area=medium | maxDets=100 ] = -1.000
 Average Precision  (AP) @[ IoU=0.50:0.95 | area= large | maxDets=100 ] = -1.000
 Average Recall     (AR) @[ IoU=0.50:0.95 | area=   all | maxDets=  1 ] = 0.182
 Average Recall     (AR) @[ IoU=0.50:0.95 | area=   all | maxDets= 10 ] = 0.446
 Average Recall     (AR) @[ IoU=0.50:0.95 | area=   all | maxDets=100 ] = 0.497
 Average Recall     (AR) @[ IoU=0.50:0.95 | area= small | maxDets=100 ] = 0.497
 Average Recall     (AR) @[ IoU=0.50:0.95 | area=medium | maxDets=100 ] = -1.000
 Average Recall     (AR) @[ IoU=0.50:0.95 | area= large | maxDets=100 ] = -1.000
 Average Recall     (AR) @[ IoU=0.50      | area=   all | maxDets=100 ] = 0.887
 Average Recall     (AR) @[ IoU=0.75      | area=   all | maxDets=100 ] = 0.472
best_stat: {'epoch': 3, 'coco_eval_bbox': 0.2618675548080809}
Epoch: [6/30]  [ 0/45]  eta: 0:00:21  lr: 0.000100  loss: 24.2686 (24.2686)  loss_vfl: 0.6743 (0.6743)  loss_bbox: 0.2808 (0.2808)  loss_giou: 0.9252 (0.9252)  loss_fgl: 0.9949 (0.9949)  loss_vfl_aux_0: 0.6205 (0.6205)  loss_bbox_aux_0: 0.3693 (0.3693)  loss_giou_aux_0: 1.4136 (1.4136)  loss_fgl_aux_0: 0.8580 (0.8580)  loss_ddf_aux_0: 0.6268 (0.6268)  loss_vfl_aux_1: 0.6062 (0.6062)  loss_bbox_aux_1: 0.2911 (0.2911)  loss_giou_aux_1: 0.9862 (0.9862)  loss_fgl_aux_1: 0.9940 (0.9940)  loss_ddf_aux_1: 0.0414 (0.0414)  loss_vfl_pre: 0.6316 (0.6316)  loss_bbox_pre: 0.3700 (0.3700)  loss_giou_pre: 1.3676 (1.3676)  loss_vfl_enc_0: 0.1881 (0.1881)  loss_bbox_enc_0: 1.0491 (1.0491)  loss_giou_enc_0: 2.5649 (2.5649)  loss_vfl_dn_0: 0.5178 (0.5178)  loss_bbox_dn_0: 0.0709 (0.0709)  loss_giou_dn_0: 0.6333 (0.6333)  loss_fgl_dn_0: 1.2495 (1.2495)  loss_ddf_dn_0: 0.2697 (0.2697)  loss_vfl_dn_1: 0.4427 (0.4427)  loss_bbox_dn_1: 0.0524 (0.0524)  loss_giou_dn_1: 0.4939 (0.4939)  loss_fgl_dn_1: 1.2379 (1.2379)  loss_ddf_dn_1: 0.0109 (0.0109)  loss_vfl_dn_2: 0.4411 (0.4411)  loss_bbox_dn_2: 0.0520 (0.0520)  loss_giou_dn_2: 0.4893 (0.4893)  loss_fgl_dn_2: 1.2384 (1.2384)  loss_ddf_dn_2: -0.0000 (0.0000)  loss_vfl_dn_pre: 0.5150 (0.5150)  loss_bbox_dn_pre: 0.0708 (0.0708)  loss_giou_dn_pre: 0.6294 (0.6294)  time: 0.4698  data: 0.2420  max mem: 5225
Epoch: [6/30]  [44/45]  eta: 0:00:00  lr: 0.000100  loss: 22.4608 (23.2413)  loss_vfl: 0.6232 (0.6227)  loss_bbox: 0.1283 (0.2075)  loss_giou: 0.8244 (0.9690)  loss_fgl: 1.0929 (0.9991)  loss_vfl_aux_0: 0.5914 (0.6005)  loss_bbox_aux_0: 0.1838 (0.2764)  loss_giou_aux_0: 1.1617 (1.3104)  loss_fgl_aux_0: 0.9813 (0.8982)  loss_ddf_aux_0: 0.5611 (0.6095)  loss_vfl_aux_1: 0.6293 (0.6277)  loss_bbox_aux_1: 0.1344 (0.2155)  loss_giou_aux_1: 0.8834 (1.0162)  loss_fgl_aux_1: 1.0735 (0.9858)  loss_ddf_aux_1: 0.0435 (0.0463)  loss_vfl_pre: 0.5974 (0.5960)  loss_bbox_pre: 0.1587 (0.2688)  loss_giou_pre: 1.0995 (1.3068)  loss_vfl_enc_0: 0.2286 (0.2325)  loss_bbox_enc_0: 0.5112 (0.6986)  loss_giou_enc_0: 2.2746 (2.3543)  loss_vfl_dn_0: 0.5092 (0.5094)  loss_bbox_dn_0: 0.0803 (0.0791)  loss_giou_dn_0: 0.6017 (0.6221)  loss_fgl_dn_0: 1.2616 (1.2515)  loss_ddf_dn_0: 0.2433 (0.2679)  loss_vfl_dn_1: 0.4388 (0.4437)  loss_bbox_dn_1: 0.0632 (0.0594)  loss_giou_dn_1: 0.4773 (0.4879)  loss_fgl_dn_1: 1.2514 (1.2357)  loss_ddf_dn_1: 0.0123 (0.0140)  loss_vfl_dn_2: 0.4367 (0.4399)  loss_bbox_dn_2: 0.0629 (0.0593)  loss_giou_dn_2: 0.4774 (0.4871)  loss_fgl_dn_2: 1.2533 (1.2365)  loss_ddf_dn_2: -0.0000 (0.0000)  loss_vfl_dn_pre: 0.5083 (0.5083)  loss_bbox_dn_pre: 0.0792 (0.0785)  loss_giou_dn_pre: 0.5996 (0.6193)  time: 0.2301  data: 0.0117  max mem: 5225
Epoch: [6/30] Total time: 0:00:10 (0.2374 s / it)
Averaged stats: lr: 0.000100  loss: 22.4608 (23.2413)  loss_vfl: 0.6232 (0.6227)  loss_bbox: 0.1283 (0.2075)  loss_giou: 0.8244 (0.9690)  loss_fgl: 1.0929 (0.9991)  loss_vfl_aux_0: 0.5914 (0.6005)  loss_bbox_aux_0: 0.1838 (0.2764)  loss_giou_aux_0: 1.1617 (1.3104)  loss_fgl_aux_0: 0.9813 (0.8982)  loss_ddf_aux_0: 0.5611 (0.6095)  loss_vfl_aux_1: 0.6293 (0.6277)  loss_bbox_aux_1: 0.1344 (0.2155)  loss_giou_aux_1: 0.8834 (1.0162)  loss_fgl_aux_1: 1.0735 (0.9858)  loss_ddf_aux_1: 0.0435 (0.0463)  loss_vfl_pre: 0.5974 (0.5960)  loss_bbox_pre: 0.1587 (0.2688)  loss_giou_pre: 1.0995 (1.3068)  loss_vfl_enc_0: 0.2286 (0.2325)  loss_bbox_enc_0: 0.5112 (0.6986)  loss_giou_enc_0: 2.2746 (2.3543)  loss_vfl_dn_0: 0.5092 (0.5094)  loss_bbox_dn_0: 0.0803 (0.0791)  loss_giou_dn_0: 0.6017 (0.6221)  loss_fgl_dn_0: 1.2616 (1.2515)  loss_ddf_dn_0: 0.2433 (0.2679)  loss_vfl_dn_1: 0.4388 (0.4437)  loss_bbox_dn_1: 0.0632 (0.0594)  loss_giou_dn_1: 0.4773 (0.4879)  loss_fgl_dn_1: 1.2514 (1.2357)  loss_ddf_dn_1: 0.0123 (0.0140)  loss_vfl_dn_2: 0.4367 (0.4399)  loss_bbox_dn_2: 0.0629 (0.0593)  loss_giou_dn_2: 0.4774 (0.4871)  loss_fgl_dn_2: 1.2533 (1.2365)  loss_ddf_dn_2: -0.0000 (0.0000)  loss_vfl_dn_pre: 0.5083 (0.5083)  loss_bbox_dn_pre: 0.0792 (0.0785)  loss_giou_dn_pre: 0.5996 (0.6193)
Test:  [0/8]  eta: 0:00:02    time: 0.3124  data: 0.2539  max mem: 5225
Test:  [7/8]  eta: 0:00:00    time: 0.1012  data: 0.0456  max mem: 5225
Test: Total time: 0:00:00 (0.1055 s / it)
Metrics: {'f1': 0.7025089605734767, 'precision': 0.7153284671532847, 'recall': 0.6901408450704225, 'iou': 0.38320149604786824, 'TPs': 98, 'FPs': 39, 'FNs': 44}
Averaged stats: 
Accumulating evaluation results...
COCOeval_opt.accumulate() finished...
DONE (t=0.01s).
IoU metric: bbox
 Average Precision  (AP) @[ IoU=0.50:0.95 | area=   all | maxDets=100 ] = 0.294
 Average Precision  (AP) @[ IoU=0.50      | area=   all | maxDets=100 ] = 0.745
 Average Precision  (AP) @[ IoU=0.75      | area=   all | maxDets=100 ] = 0.114
 Average Precision  (AP) @[ IoU=0.50:0.95 | area= small | maxDets=100 ] = 0.294
 Average Precision  (AP) @[ IoU=0.50:0.95 | area=medium | maxDets=100 ] = -1.000
 Average Precision  (AP) @[ IoU=0.50:0.95 | area= large | maxDets=100 ] = -1.000
 Average Recall     (AR) @[ IoU=0.50:0.95 | area=   all | maxDets=  1 ] = 0.185
 Average Recall     (AR) @[ IoU=0.50:0.95 | area=   all | maxDets= 10 ] = 0.479
 Average Recall     (AR) @[ IoU=0.50:0.95 | area=   all | maxDets=100 ] = 0.535
 Average Recall     (AR) @[ IoU=0.50:0.95 | area= small | maxDets=100 ] = 0.535
 Average Recall     (AR) @[ IoU=0.50:0.95 | area=medium | maxDets=100 ] = -1.000
 Average Recall     (AR) @[ IoU=0.50:0.95 | area= large | maxDets=100 ] = -1.000
 Average Recall     (AR) @[ IoU=0.50      | area=   all | maxDets=100 ] = 0.951
 Average Recall     (AR) @[ IoU=0.75      | area=   all | maxDets=100 ] = 0.549
best_stat: {'epoch': 6, 'coco_eval_bbox': 0.29442532475392885}
Epoch: [7/30]  [ 0/45]  eta: 0:00:21  lr: 0.000100  loss: 22.2475 (22.2475)  loss_vfl: 0.6501 (0.6501)  loss_bbox: 0.1849 (0.1849)  loss_giou: 0.8676 (0.8676)  loss_fgl: 1.0541 (1.0541)  loss_vfl_aux_0: 0.6598 (0.6598)  loss_bbox_aux_0: 0.2306 (0.2306)  loss_giou_aux_0: 1.1271 (1.1271)  loss_fgl_aux_0: 0.9823 (0.9823)  loss_ddf_aux_0: 0.4837 (0.4837)  loss_vfl_aux_1: 0.6734 (0.6734)  loss_bbox_aux_1: 0.1918 (0.1918)  loss_giou_aux_1: 0.9037 (0.9037)  loss_fgl_aux_1: 1.0464 (1.0464)  loss_ddf_aux_1: 0.0430 (0.0430)  loss_vfl_pre: 0.6511 (0.6511)  loss_bbox_pre: 0.2210 (0.2210)  loss_giou_pre: 1.1379 (1.1379)  loss_vfl_enc_0: 0.1757 (0.1757)  loss_bbox_enc_0: 0.4735 (0.4735)  loss_giou_enc_0: 2.2371 (2.2371)  loss_vfl_dn_0: 0.5299 (0.5299)  loss_bbox_dn_0: 0.0719 (0.0719)  loss_giou_dn_0: 0.6125 (0.6125)  loss_fgl_dn_0: 1.2144 (1.2144)  loss_ddf_dn_0: 0.2314 (0.2314)  loss_vfl_dn_1: 0.4406 (0.4406)  loss_bbox_dn_1: 0.0569 (0.0569)  loss_giou_dn_1: 0.4880 (0.4880)  loss_fgl_dn_1: 1.2003 (1.2003)  loss_ddf_dn_1: 0.0111 (0.0111)  loss_vfl_dn_2: 0.4392 (0.4392)  loss_bbox_dn_2: 0.0578 (0.0578)  loss_giou_dn_2: 0.4952 (0.4952)  loss_fgl_dn_2: 1.2001 (1.2001)  loss_ddf_dn_2: -0.0000 (0.0000)  loss_vfl_dn_pre: 0.5265 (0.5265)  loss_bbox_dn_pre: 0.0705 (0.0705)  loss_giou_dn_pre: 0.6063 (0.6063)  time: 0.4796  data: 0.2443  max mem: 5225
Epoch: [7/30]  [44/45]  eta: 0:00:00  lr: 0.000100  loss: 22.2995 (22.1872)  loss_vfl: 0.5007 (0.5720)  loss_bbox: 0.1841 (0.1848)  loss_giou: 1.0242 (0.8995)  loss_fgl: 1.0138 (1.0592)  loss_vfl_aux_0: 0.5554 (0.5778)  loss_bbox_aux_0: 0.2331 (0.2368)  loss_giou_aux_0: 1.2435 (1.1933)  loss_fgl_aux_0: 0.9195 (0.9686)  loss_ddf_aux_0: 0.3927 (0.4383)  loss_vfl_aux_1: 0.5327 (0.5904)  loss_bbox_aux_1: 0.1883 (0.1898)  loss_giou_aux_1: 1.0634 (0.9350)  loss_fgl_aux_1: 1.0089 (1.0496)  loss_ddf_aux_1: 0.0203 (0.0293)  loss_vfl_pre: 0.5466 (0.5795)  loss_bbox_pre: 0.2312 (0.2265)  loss_giou_pre: 1.2626 (1.1933)  loss_vfl_enc_0: 0.1894 (0.2088)  loss_bbox_enc_0: 0.6349 (0.6181)  loss_giou_enc_0: 2.2652 (2.2335)  loss_vfl_dn_0: 0.4966 (0.5070)  loss_bbox_dn_0: 0.0733 (0.0752)  loss_giou_dn_0: 0.5919 (0.5931)  loss_fgl_dn_0: 1.2554 (1.2483)  loss_ddf_dn_0: 0.2476 (0.2345)  loss_vfl_dn_1: 0.4327 (0.4339)  loss_bbox_dn_1: 0.0556 (0.0563)  loss_giou_dn_1: 0.4686 (0.4678)  loss_fgl_dn_1: 1.2232 (1.2237)  loss_ddf_dn_1: 0.0092 (0.0106)  loss_vfl_dn_2: 0.4291 (0.4313)  loss_bbox_dn_2: 0.0548 (0.0565)  loss_giou_dn_2: 0.4666 (0.4684)  loss_fgl_dn_2: 1.2238 (1.2245)  loss_ddf_dn_2: -0.0000 (0.0000)  loss_vfl_dn_pre: 0.4986 (0.5055)  loss_bbox_dn_pre: 0.0725 (0.0749)  loss_giou_dn_pre: 0.5869 (0.5917)  time: 0.2358  data: 0.0121  max mem: 5225
Epoch: [7/30] Total time: 0:00:10 (0.2420 s / it)
Averaged stats: lr: 0.000100  loss: 22.2995 (22.1872)  loss_vfl: 0.5007 (0.5720)  loss_bbox: 0.1841 (0.1848)  loss_giou: 1.0242 (0.8995)  loss_fgl: 1.0138 (1.0592)  loss_vfl_aux_0: 0.5554 (0.5778)  loss_bbox_aux_0: 0.2331 (0.2368)  loss_giou_aux_0: 1.2435 (1.1933)  loss_fgl_aux_0: 0.9195 (0.9686)  loss_ddf_aux_0: 0.3927 (0.4383)  loss_vfl_aux_1: 0.5327 (0.5904)  loss_bbox_aux_1: 0.1883 (0.1898)  loss_giou_aux_1: 1.0634 (0.9350)  loss_fgl_aux_1: 1.0089 (1.0496)  loss_ddf_aux_1: 0.0203 (0.0293)  loss_vfl_pre: 0.5466 (0.5795)  loss_bbox_pre: 0.2312 (0.2265)  loss_giou_pre: 1.2626 (1.1933)  loss_vfl_enc_0: 0.1894 (0.2088)  loss_bbox_enc_0: 0.6349 (0.6181)  loss_giou_enc_0: 2.2652 (2.2335)  loss_vfl_dn_0: 0.4966 (0.5070)  loss_bbox_dn_0: 0.0733 (0.0752)  loss_giou_dn_0: 0.5919 (0.5931)  loss_fgl_dn_0: 1.2554 (1.2483)  loss_ddf_dn_0: 0.2476 (0.2345)  loss_vfl_dn_1: 0.4327 (0.4339)  loss_bbox_dn_1: 0.0556 (0.0563)  loss_giou_dn_1: 0.4686 (0.4678)  loss_fgl_dn_1: 1.2232 (1.2237)  loss_ddf_dn_1: 0.0092 (0.0106)  loss_vfl_dn_2: 0.4291 (0.4313)  loss_bbox_dn_2: 0.0548 (0.0565)  loss_giou_dn_2: 0.4666 (0.4684)  loss_fgl_dn_2: 1.2238 (1.2245)  loss_ddf_dn_2: -0.0000 (0.0000)  loss_vfl_dn_pre: 0.4986 (0.5055)  loss_bbox_dn_pre: 0.0725 (0.0749)  loss_giou_dn_pre: 0.5869 (0.5917)
Test:  [0/8]  eta: 0:00:02    time: 0.3094  data: 0.2510  max mem: 5225
Test:  [7/8]  eta: 0:00:00    time: 0.1231  data: 0.0433  max mem: 5225
Test: Total time: 0:00:01 (0.1281 s / it)
Metrics: {'f1': 0.738255033557047, 'precision': 0.7051282051282052, 'recall': 0.7746478873239436, 'iou': 0.4151460347657508, 'TPs': 110, 'FPs': 46, 'FNs': 32}
Averaged stats: 
Accumulating evaluation results...
COCOeval_opt.accumulate() finished...
DONE (t=0.01s).
IoU metric: bbox
 Average Precision  (AP) @[ IoU=0.50:0.95 | area=   all | maxDets=100 ] = 0.302
 Average Precision  (AP) @[ IoU=0.50      | area=   all | maxDets=100 ] = 0.776
 Average Precision  (AP) @[ IoU=0.75      | area=   all | maxDets=100 ] = 0.133
 Average Precision  (AP) @[ IoU=0.50:0.95 | area= small | maxDets=100 ] = 0.302
 Average Precision  (AP) @[ IoU=0.50:0.95 | area=medium | maxDets=100 ] = -1.000
 Average Precision  (AP) @[ IoU=0.50:0.95 | area= large | maxDets=100 ] = -1.000
 Average Recall     (AR) @[ IoU=0.50:0.95 | area=   all | maxDets=  1 ] = 0.203
 Average Recall     (AR) @[ IoU=0.50:0.95 | area=   all | maxDets= 10 ] = 0.461
 Average Recall     (AR) @[ IoU=0.50:0.95 | area=   all | maxDets=100 ] = 0.501
 Average Recall     (AR) @[ IoU=0.50:0.95 | area= small | maxDets=100 ] = 0.501
 Average Recall     (AR) @[ IoU=0.50:0.95 | area=medium | maxDets=100 ] = -1.000
 Average Recall     (AR) @[ IoU=0.50:0.95 | area= large | maxDets=100 ] = -1.000
 Average Recall     (AR) @[ IoU=0.50      | area=   all | maxDets=100 ] = 0.901
 Average Recall     (AR) @[ IoU=0.75      | area=   all | maxDets=100 ] = 0.458
best_stat: {'epoch': 7, 'coco_eval_bbox': 0.30208809441403695}
Epoch: [8/30]  [ 0/45]  eta: 0:00:20  lr: 0.000100  loss: 21.6959 (21.6959)  loss_vfl: 0.6921 (0.6921)  loss_bbox: 0.1000 (0.1000)  loss_giou: 0.7278 (0.7278)  loss_fgl: 1.0129 (1.0129)  loss_vfl_aux_0: 0.5499 (0.5499)  loss_bbox_aux_0: 0.1844 (0.1844)  loss_giou_aux_0: 1.2482 (1.2482)  loss_fgl_aux_0: 0.8797 (0.8797)  loss_ddf_aux_0: 0.5345 (0.5345)  loss_vfl_aux_1: 0.6003 (0.6003)  loss_bbox_aux_1: 0.1119 (0.1119)  loss_giou_aux_1: 0.7941 (0.7941)  loss_fgl_aux_1: 1.0137 (1.0137)  loss_ddf_aux_1: 0.0345 (0.0345)  loss_vfl_pre: 0.5360 (0.5360)  loss_bbox_pre: 0.1921 (0.1921)  loss_giou_pre: 1.2673 (1.2673)  loss_vfl_enc_0: 0.1351 (0.1351)  loss_bbox_enc_0: 0.5613 (0.5613)  loss_giou_enc_0: 2.3347 (2.3347)  loss_vfl_dn_0: 0.5343 (0.5343)  loss_bbox_dn_0: 0.0673 (0.0673)  loss_giou_dn_0: 0.5893 (0.5893)  loss_fgl_dn_0: 1.2260 (1.2260)  loss_ddf_dn_0: 0.1963 (0.1963)  loss_vfl_dn_1: 0.4311 (0.4311)  loss_bbox_dn_1: 0.0554 (0.0554)  loss_giou_dn_1: 0.4812 (0.4812)  loss_fgl_dn_1: 1.2194 (1.2194)  loss_ddf_dn_1: 0.0064 (0.0064)  loss_vfl_dn_2: 0.4314 (0.4314)  loss_bbox_dn_2: 0.0575 (0.0575)  loss_giou_dn_2: 0.4903 (0.4903)  loss_fgl_dn_2: 1.2211 (1.2211)  loss_ddf_dn_2: -0.0000 (0.0000)  loss_vfl_dn_pre: 0.5303 (0.5303)  loss_bbox_dn_pre: 0.0659 (0.0659)  loss_giou_dn_pre: 0.5821 (0.5821)  time: 0.4661  data: 0.2275  max mem: 5225
Epoch: [8/30]  [44/45]  eta: 0:00:00  lr: 0.000100  loss: 21.5567 (21.9202)  loss_vfl: 0.5802 (0.5981)  loss_bbox: 0.1150 (0.1411)  loss_giou: 0.6648 (0.8012)  loss_fgl: 1.0789 (1.0443)  loss_vfl_aux_0: 0.6366 (0.5998)  loss_bbox_aux_0: 0.1763 (0.2153)  loss_giou_aux_0: 1.0758 (1.1878)  loss_fgl_aux_0: 0.9964 (0.9363)  loss_ddf_aux_0: 0.4961 (0.4509)  loss_vfl_aux_1: 0.6261 (0.6256)  loss_bbox_aux_1: 0.1235 (0.1532)  loss_giou_aux_1: 0.7220 (0.8565)  loss_fgl_aux_1: 1.0734 (1.0312)  loss_ddf_aux_1: 0.0462 (0.0404)  loss_vfl_pre: 0.6263 (0.6016)  loss_bbox_pre: 0.1788 (0.2093)  loss_giou_pre: 1.0658 (1.1865)  loss_vfl_enc_0: 0.1705 (0.1779)  loss_bbox_enc_0: 0.6677 (0.6470)  loss_giou_enc_0: 2.2365 (2.3100)  loss_vfl_dn_0: 0.4999 (0.5014)  loss_bbox_dn_0: 0.0697 (0.0732)  loss_giou_dn_0: 0.5546 (0.5822)  loss_fgl_dn_0: 1.2511 (1.2496)  loss_ddf_dn_0: 0.2019 (0.2092)  loss_vfl_dn_1: 0.4260 (0.4335)  loss_bbox_dn_1: 0.0523 (0.0549)  loss_giou_dn_1: 0.4359 (0.4554)  loss_fgl_dn_1: 1.2156 (1.2220)  loss_ddf_dn_1: 0.0084 (0.0086)  loss_vfl_dn_2: 0.4263 (0.4293)  loss_bbox_dn_2: 0.0517 (0.0550)  loss_giou_dn_2: 0.4312 (0.4551)  loss_fgl_dn_2: 1.2150 (1.2220)  loss_ddf_dn_2: -0.0000 (0.0000)  loss_vfl_dn_pre: 0.4987 (0.5004)  loss_bbox_dn_pre: 0.0702 (0.0731)  loss_giou_dn_pre: 0.5511 (0.5814)  time: 0.2298  data: 0.0115  max mem: 5225
Epoch: [8/30] Total time: 0:00:10 (0.2400 s / it)
Averaged stats: lr: 0.000100  loss: 21.5567 (21.9202)  loss_vfl: 0.5802 (0.5981)  loss_bbox: 0.1150 (0.1411)  loss_giou: 0.6648 (0.8012)  loss_fgl: 1.0789 (1.0443)  loss_vfl_aux_0: 0.6366 (0.5998)  loss_bbox_aux_0: 0.1763 (0.2153)  loss_giou_aux_0: 1.0758 (1.1878)  loss_fgl_aux_0: 0.9964 (0.9363)  loss_ddf_aux_0: 0.4961 (0.4509)  loss_vfl_aux_1: 0.6261 (0.6256)  loss_bbox_aux_1: 0.1235 (0.1532)  loss_giou_aux_1: 0.7220 (0.8565)  loss_fgl_aux_1: 1.0734 (1.0312)  loss_ddf_aux_1: 0.0462 (0.0404)  loss_vfl_pre: 0.6263 (0.6016)  loss_bbox_pre: 0.1788 (0.2093)  loss_giou_pre: 1.0658 (1.1865)  loss_vfl_enc_0: 0.1705 (0.1779)  loss_bbox_enc_0: 0.6677 (0.6470)  loss_giou_enc_0: 2.2365 (2.3100)  loss_vfl_dn_0: 0.4999 (0.5014)  loss_bbox_dn_0: 0.0697 (0.0732)  loss_giou_dn_0: 0.5546 (0.5822)  loss_fgl_dn_0: 1.2511 (1.2496)  loss_ddf_dn_0: 0.2019 (0.2092)  loss_vfl_dn_1: 0.4260 (0.4335)  loss_bbox_dn_1: 0.0523 (0.0549)  loss_giou_dn_1: 0.4359 (0.4554)  loss_fgl_dn_1: 1.2156 (1.2220)  loss_ddf_dn_1: 0.0084 (0.0086)  loss_vfl_dn_2: 0.4263 (0.4293)  loss_bbox_dn_2: 0.0517 (0.0550)  loss_giou_dn_2: 0.4312 (0.4551)  loss_fgl_dn_2: 1.2150 (1.2220)  loss_ddf_dn_2: -0.0000 (0.0000)  loss_vfl_dn_pre: 0.4987 (0.5004)  loss_bbox_dn_pre: 0.0702 (0.0731)  loss_giou_dn_pre: 0.5511 (0.5814)
Test:  [0/8]  eta: 0:00:02    time: 0.2961  data: 0.2403  max mem: 5225
Test:  [7/8]  eta: 0:00:00    time: 0.0980  data: 0.0419  max mem: 5225
Test: Total time: 0:00:00 (0.1028 s / it)
Metrics: {'f1': 0.7475409836065574, 'precision': 0.6993865030674846, 'recall': 0.8028169014084507, 'iou': 0.421821738412867, 'TPs': 114, 'FPs': 49, 'FNs': 28}
Averaged stats: 
Accumulating evaluation results...
COCOeval_opt.accumulate() finished...
DONE (t=0.01s).
IoU metric: bbox
 Average Precision  (AP) @[ IoU=0.50:0.95 | area=   all | maxDets=100 ] = 0.310
 Average Precision  (AP) @[ IoU=0.50      | area=   all | maxDets=100 ] = 0.796
 Average Precision  (AP) @[ IoU=0.75      | area=   all | maxDets=100 ] = 0.131
 Average Precision  (AP) @[ IoU=0.50:0.95 | area= small | maxDets=100 ] = 0.310
 Average Precision  (AP) @[ IoU=0.50:0.95 | area=medium | maxDets=100 ] = -1.000
 Average Precision  (AP) @[ IoU=0.50:0.95 | area= large | maxDets=100 ] = -1.000
 Average Recall     (AR) @[ IoU=0.50:0.95 | area=   all | maxDets=  1 ] = 0.199
 Average Recall     (AR) @[ IoU=0.50:0.95 | area=   all | maxDets= 10 ] = 0.480
 Average Recall     (AR) @[ IoU=0.50:0.95 | area=   all | maxDets=100 ] = 0.551
 Average Recall     (AR) @[ IoU=0.50:0.95 | area= small | maxDets=100 ] = 0.551
 Average Recall     (AR) @[ IoU=0.50:0.95 | area=medium | maxDets=100 ] = -1.000
 Average Recall     (AR) @[ IoU=0.50:0.95 | area= large | maxDets=100 ] = -1.000
 Average Recall     (AR) @[ IoU=0.50      | area=   all | maxDets=100 ] = 0.951
 Average Recall     (AR) @[ IoU=0.75      | area=   all | maxDets=100 ] = 0.556
best_stat: {'epoch': 8, 'coco_eval_bbox': 0.31018340282139983}
Epoch: [9/30]  [ 0/45]  eta: 0:00:20  lr: 0.000100  loss: 20.6014 (20.6014)  loss_vfl: 0.6510 (0.6510)  loss_bbox: 0.0779 (0.0779)  loss_giou: 0.5875 (0.5875)  loss_fgl: 1.1143 (1.1143)  loss_vfl_aux_0: 0.6374 (0.6374)  loss_bbox_aux_0: 0.1475 (0.1475)  loss_giou_aux_0: 0.9432 (0.9432)  loss_fgl_aux_0: 1.0386 (1.0386)  loss_ddf_aux_0: 0.3930 (0.3930)  loss_vfl_aux_1: 0.5780 (0.5780)  loss_bbox_aux_1: 0.0889 (0.0889)  loss_giou_aux_1: 0.6514 (0.6514)  loss_fgl_aux_1: 1.1216 (1.1216)  loss_ddf_aux_1: 0.0506 (0.0506)  loss_vfl_pre: 0.6182 (0.6182)  loss_bbox_pre: 0.1450 (0.1450)  loss_giou_pre: 0.9525 (0.9525)  loss_vfl_enc_0: 0.1989 (0.1989)  loss_bbox_enc_0: 0.6087 (0.6087)  loss_giou_enc_0: 1.9989 (1.9989)  loss_vfl_dn_0: 0.5022 (0.5022)  loss_bbox_dn_0: 0.0694 (0.0694)  loss_giou_dn_0: 0.5532 (0.5532)  loss_fgl_dn_0: 1.2462 (1.2462)  loss_ddf_dn_0: 0.2222 (0.2222)  loss_vfl_dn_1: 0.4323 (0.4323)  loss_bbox_dn_1: 0.0513 (0.0513)  loss_giou_dn_1: 0.4487 (0.4487)  loss_fgl_dn_1: 1.2048 (1.2048)  loss_ddf_dn_1: 0.0096 (0.0096)  loss_vfl_dn_2: 0.4248 (0.4248)  loss_bbox_dn_2: 0.0513 (0.0513)  loss_giou_dn_2: 0.4470 (0.4470)  loss_fgl_dn_2: 1.2062 (1.2062)  loss_ddf_dn_2: -0.0000 (0.0000)  loss_vfl_dn_pre: 0.5021 (0.5021)  loss_bbox_dn_pre: 0.0700 (0.0700)  loss_giou_dn_pre: 0.5568 (0.5568)  time: 0.4600  data: 0.2291  max mem: 5225
Epoch: [9/30]  [44/45]  eta: 0:00:00  lr: 0.000100  loss: 22.1053 (22.2061)  loss_vfl: 0.6013 (0.6011)  loss_bbox: 0.1323 (0.1402)  loss_giou: 0.7989 (0.8488)  loss_fgl: 1.0173 (1.0109)  loss_vfl_aux_0: 0.6020 (0.6052)  loss_bbox_aux_0: 0.1959 (0.2104)  loss_giou_aux_0: 1.1932 (1.2753)  loss_fgl_aux_0: 0.9207 (0.8961)  loss_ddf_aux_0: 0.4749 (0.4767)  loss_vfl_aux_1: 0.6342 (0.6160)  loss_bbox_aux_1: 0.1377 (0.1476)  loss_giou_aux_1: 0.8470 (0.8941)  loss_fgl_aux_1: 1.0138 (1.0017)  loss_ddf_aux_1: 0.0349 (0.0456)  loss_vfl_pre: 0.6042 (0.6089)  loss_bbox_pre: 0.1954 (0.2044)  loss_giou_pre: 1.1921 (1.2599)  loss_vfl_enc_0: 0.1861 (0.2071)  loss_bbox_enc_0: 0.6766 (0.6678)  loss_giou_enc_0: 2.3848 (2.4449)  loss_vfl_dn_0: 0.4911 (0.4948)  loss_bbox_dn_0: 0.0718 (0.0710)  loss_giou_dn_0: 0.5570 (0.5675)  loss_fgl_dn_0: 1.2525 (1.2546)  loss_ddf_dn_0: 0.1992 (0.2307)  loss_vfl_dn_1: 0.4168 (0.4245)  loss_bbox_dn_1: 0.0519 (0.0526)  loss_giou_dn_1: 0.4328 (0.4430)  loss_fgl_dn_1: 1.2162 (1.2225)  loss_ddf_dn_1: 0.0069 (0.0100)  loss_vfl_dn_2: 0.4140 (0.4214)  loss_bbox_dn_2: 0.0523 (0.0528)  loss_giou_dn_2: 0.4276 (0.4432)  loss_fgl_dn_2: 1.2170 (1.2231)  loss_ddf_dn_2: -0.0000 (0.0000)  loss_vfl_dn_pre: 0.4900 (0.4942)  loss_bbox_dn_pre: 0.0714 (0.0710)  loss_giou_dn_pre: 0.5551 (0.5666)  time: 0.2415  data: 0.0118  max mem: 5225
Epoch: [9/30] Total time: 0:00:10 (0.2435 s / it)
Averaged stats: lr: 0.000100  loss: 22.1053 (22.2061)  loss_vfl: 0.6013 (0.6011)  loss_bbox: 0.1323 (0.1402)  loss_giou: 0.7989 (0.8488)  loss_fgl: 1.0173 (1.0109)  loss_vfl_aux_0: 0.6020 (0.6052)  loss_bbox_aux_0: 0.1959 (0.2104)  loss_giou_aux_0: 1.1932 (1.2753)  loss_fgl_aux_0: 0.9207 (0.8961)  loss_ddf_aux_0: 0.4749 (0.4767)  loss_vfl_aux_1: 0.6342 (0.6160)  loss_bbox_aux_1: 0.1377 (0.1476)  loss_giou_aux_1: 0.8470 (0.8941)  loss_fgl_aux_1: 1.0138 (1.0017)  loss_ddf_aux_1: 0.0349 (0.0456)  loss_vfl_pre: 0.6042 (0.6089)  loss_bbox_pre: 0.1954 (0.2044)  loss_giou_pre: 1.1921 (1.2599)  loss_vfl_enc_0: 0.1861 (0.2071)  loss_bbox_enc_0: 0.6766 (0.6678)  loss_giou_enc_0: 2.3848 (2.4449)  loss_vfl_dn_0: 0.4911 (0.4948)  loss_bbox_dn_0: 0.0718 (0.0710)  loss_giou_dn_0: 0.5570 (0.5675)  loss_fgl_dn_0: 1.2525 (1.2546)  loss_ddf_dn_0: 0.1992 (0.2307)  loss_vfl_dn_1: 0.4168 (0.4245)  loss_bbox_dn_1: 0.0519 (0.0526)  loss_giou_dn_1: 0.4328 (0.4430)  loss_fgl_dn_1: 1.2162 (1.2225)  loss_ddf_dn_1: 0.0069 (0.0100)  loss_vfl_dn_2: 0.4140 (0.4214)  loss_bbox_dn_2: 0.0523 (0.0528)  loss_giou_dn_2: 0.4276 (0.4432)  loss_fgl_dn_2: 1.2170 (1.2231)  loss_ddf_dn_2: -0.0000 (0.0000)  loss_vfl_dn_pre: 0.4900 (0.4942)  loss_bbox_dn_pre: 0.0714 (0.0710)  loss_giou_dn_pre: 0.5551 (0.5666)
Test:  [0/8]  eta: 0:00:02    time: 0.3094  data: 0.2517  max mem: 5225
Test:  [7/8]  eta: 0:00:00    time: 0.1005  data: 0.0449  max mem: 5225
Test: Total time: 0:00:00 (0.1049 s / it)
Metrics: {'f1': 0.8076923076923077, 'precision': 0.7411764705882353, 'recall': 0.8873239436619719, 'iou': 0.4763535642495719, 'TPs': 126, 'FPs': 44, 'FNs': 16}
Averaged stats: 
Accumulating evaluation results...
COCOeval_opt.accumulate() finished...
DONE (t=0.01s).
IoU metric: bbox
 Average Precision  (AP) @[ IoU=0.50:0.95 | area=   all | maxDets=100 ] = 0.334
 Average Precision  (AP) @[ IoU=0.50      | area=   all | maxDets=100 ] = 0.880
 Average Precision  (AP) @[ IoU=0.75      | area=   all | maxDets=100 ] = 0.116
 Average Precision  (AP) @[ IoU=0.50:0.95 | area= small | maxDets=100 ] = 0.334
 Average Precision  (AP) @[ IoU=0.50:0.95 | area=medium | maxDets=100 ] = -1.000
 Average Precision  (AP) @[ IoU=0.50:0.95 | area= large | maxDets=100 ] = -1.000
 Average Recall     (AR) @[ IoU=0.50:0.95 | area=   all | maxDets=  1 ] = 0.197
 Average Recall     (AR) @[ IoU=0.50:0.95 | area=   all | maxDets= 10 ] = 0.482
 Average Recall     (AR) @[ IoU=0.50:0.95 | area=   all | maxDets=100 ] = 0.556
 Average Recall     (AR) @[ IoU=0.50:0.95 | area= small | maxDets=100 ] = 0.556
 Average Recall     (AR) @[ IoU=0.50:0.95 | area=medium | maxDets=100 ] = -1.000
 Average Recall     (AR) @[ IoU=0.50:0.95 | area= large | maxDets=100 ] = -1.000
 Average Recall     (AR) @[ IoU=0.50      | area=   all | maxDets=100 ] = 0.972
 Average Recall     (AR) @[ IoU=0.75      | area=   all | maxDets=100 ] = 0.556
best_stat: {'epoch': 9, 'coco_eval_bbox': 0.33438530945994854}
Epoch: [10/30]  [ 0/45]  eta: 0:00:22  lr: 0.000100  loss: 21.2269 (21.2269)  loss_vfl: 0.6642 (0.6642)  loss_bbox: 0.0761 (0.0761)  loss_giou: 0.5934 (0.5934)  loss_fgl: 1.1188 (1.1188)  loss_vfl_aux_0: 0.7502 (0.7502)  loss_bbox_aux_0: 0.1248 (0.1248)  loss_giou_aux_0: 1.0054 (1.0054)  loss_fgl_aux_0: 1.0433 (1.0433)  loss_ddf_aux_0: 0.5067 (0.5067)  loss_vfl_aux_1: 0.7364 (0.7364)  loss_bbox_aux_1: 0.0856 (0.0856)  loss_giou_aux_1: 0.6735 (0.6735)  loss_fgl_aux_1: 1.1130 (1.1130)  loss_ddf_aux_1: 0.0382 (0.0382)  loss_vfl_pre: 0.7807 (0.7807)  loss_bbox_pre: 0.1275 (0.1275)  loss_giou_pre: 1.0052 (1.0052)  loss_vfl_enc_0: 0.2426 (0.2426)  loss_bbox_enc_0: 0.6862 (0.6862)  loss_giou_enc_0: 2.3429 (2.3429)  loss_vfl_dn_0: 0.4796 (0.4796)  loss_bbox_dn_0: 0.0574 (0.0574)  loss_giou_dn_0: 0.4753 (0.4753)  loss_fgl_dn_0: 1.2511 (1.2511)  loss_ddf_dn_0: 0.1560 (0.1560)  loss_vfl_dn_1: 0.3979 (0.3979)  loss_bbox_dn_1: 0.0449 (0.0449)  loss_giou_dn_1: 0.3849 (0.3849)  loss_fgl_dn_1: 1.2079 (1.2079)  loss_ddf_dn_1: 0.0057 (0.0057)  loss_vfl_dn_2: 0.3978 (0.3978)  loss_bbox_dn_2: 0.0447 (0.0447)  loss_giou_dn_2: 0.3855 (0.3855)  loss_fgl_dn_2: 1.2082 (1.2082)  loss_ddf_dn_2: -0.0000 (0.0000)  loss_vfl_dn_pre: 0.4802 (0.4802)  loss_bbox_dn_pre: 0.0576 (0.0576)  loss_giou_dn_pre: 0.4776 (0.4776)  time: 0.5083  data: 0.2709  max mem: 5225
Epoch: [10/30]  [44/45]  eta: 0:00:00  lr: 0.000100  loss: 20.7032 (21.0492)  loss_vfl: 0.5532 (0.5547)  loss_bbox: 0.0939 (0.1070)  loss_giou: 0.6720 (0.7000)  loss_fgl: 1.1045 (1.0962)  loss_vfl_aux_0: 0.6560 (0.6102)  loss_bbox_aux_0: 0.1493 (0.1663)  loss_giou_aux_0: 0.9370 (1.0343)  loss_fgl_aux_0: 1.0647 (1.0190)  loss_ddf_aux_0: 0.4904 (0.4502)  loss_vfl_aux_1: 0.5538 (0.5771)  loss_bbox_aux_1: 0.0999 (0.1122)  loss_giou_aux_1: 0.6761 (0.7364)  loss_fgl_aux_1: 1.1135 (1.0912)  loss_ddf_aux_1: 0.0288 (0.0329)  loss_vfl_pre: 0.6409 (0.6071)  loss_bbox_pre: 0.1544 (0.1664)  loss_giou_pre: 0.9227 (1.0253)  loss_vfl_enc_0: 0.2069 (0.2306)  loss_bbox_enc_0: 0.5435 (0.6085)  loss_giou_enc_0: 2.0572 (2.1764)  loss_vfl_dn_0: 0.4849 (0.4906)  loss_bbox_dn_0: 0.0729 (0.0696)  loss_giou_dn_0: 0.5594 (0.5570)  loss_fgl_dn_0: 1.2478 (1.2519)  loss_ddf_dn_0: 0.1988 (0.2058)  loss_vfl_dn_1: 0.4194 (0.4214)  loss_bbox_dn_1: 0.0517 (0.0519)  loss_giou_dn_1: 0.4300 (0.4358)  loss_fgl_dn_1: 1.2101 (1.2162)  loss_ddf_dn_1: 0.0069 (0.0070)  loss_vfl_dn_2: 0.4157 (0.4198)  loss_bbox_dn_2: 0.0514 (0.0519)  loss_giou_dn_2: 0.4270 (0.4356)  loss_fgl_dn_2: 1.2104 (1.2166)  loss_ddf_dn_2: -0.0000 (0.0000)  loss_vfl_dn_pre: 0.4838 (0.4895)  loss_bbox_dn_pre: 0.0729 (0.0697)  loss_giou_dn_pre: 0.5582 (0.5565)  time: 0.2348  data: 0.0124  max mem: 5225
Epoch: [10/30] Total time: 0:00:10 (0.2427 s / it)
Averaged stats: lr: 0.000100  loss: 20.7032 (21.0492)  loss_vfl: 0.5532 (0.5547)  loss_bbox: 0.0939 (0.1070)  loss_giou: 0.6720 (0.7000)  loss_fgl: 1.1045 (1.0962)  loss_vfl_aux_0: 0.6560 (0.6102)  loss_bbox_aux_0: 0.1493 (0.1663)  loss_giou_aux_0: 0.9370 (1.0343)  loss_fgl_aux_0: 1.0647 (1.0190)  loss_ddf_aux_0: 0.4904 (0.4502)  loss_vfl_aux_1: 0.5538 (0.5771)  loss_bbox_aux_1: 0.0999 (0.1122)  loss_giou_aux_1: 0.6761 (0.7364)  loss_fgl_aux_1: 1.1135 (1.0912)  loss_ddf_aux_1: 0.0288 (0.0329)  loss_vfl_pre: 0.6409 (0.6071)  loss_bbox_pre: 0.1544 (0.1664)  loss_giou_pre: 0.9227 (1.0253)  loss_vfl_enc_0: 0.2069 (0.2306)  loss_bbox_enc_0: 0.5435 (0.6085)  loss_giou_enc_0: 2.0572 (2.1764)  loss_vfl_dn_0: 0.4849 (0.4906)  loss_bbox_dn_0: 0.0729 (0.0696)  loss_giou_dn_0: 0.5594 (0.5570)  loss_fgl_dn_0: 1.2478 (1.2519)  loss_ddf_dn_0: 0.1988 (0.2058)  loss_vfl_dn_1: 0.4194 (0.4214)  loss_bbox_dn_1: 0.0517 (0.0519)  loss_giou_dn_1: 0.4300 (0.4358)  loss_fgl_dn_1: 1.2101 (1.2162)  loss_ddf_dn_1: 0.0069 (0.0070)  loss_vfl_dn_2: 0.4157 (0.4198)  loss_bbox_dn_2: 0.0514 (0.0519)  loss_giou_dn_2: 0.4270 (0.4356)  loss_fgl_dn_2: 1.2104 (1.2166)  loss_ddf_dn_2: -0.0000 (0.0000)  loss_vfl_dn_pre: 0.4838 (0.4895)  loss_bbox_dn_pre: 0.0729 (0.0697)  loss_giou_dn_pre: 0.5582 (0.5565)
Test:  [0/8]  eta: 0:00:02    time: 0.2979  data: 0.2404  max mem: 5225
Test:  [7/8]  eta: 0:00:00    time: 0.0992  data: 0.0420  max mem: 5225
Test: Total time: 0:00:00 (0.1037 s / it)
Metrics: {'f1': 0.855305466237942, 'precision': 0.7869822485207101, 'recall': 0.9366197183098591, 'iou': 0.5295524788036775, 'TPs': 133, 'FPs': 36, 'FNs': 9}
Averaged stats: 
Accumulating evaluation results...
COCOeval_opt.accumulate() finished...
DONE (t=0.01s).
IoU metric: bbox
 Average Precision  (AP) @[ IoU=0.50:0.95 | area=   all | maxDets=100 ] = 0.339
 Average Precision  (AP) @[ IoU=0.50      | area=   all | maxDets=100 ] = 0.906
 Average Precision  (AP) @[ IoU=0.75      | area=   all | maxDets=100 ] = 0.117
 Average Precision  (AP) @[ IoU=0.50:0.95 | area= small | maxDets=100 ] = 0.339
 Average Precision  (AP) @[ IoU=0.50:0.95 | area=medium | maxDets=100 ] = -1.000
 Average Precision  (AP) @[ IoU=0.50:0.95 | area= large | maxDets=100 ] = -1.000
 Average Recall     (AR) @[ IoU=0.50:0.95 | area=   all | maxDets=  1 ] = 0.199
 Average Recall     (AR) @[ IoU=0.50:0.95 | area=   all | maxDets= 10 ] = 0.494
 Average Recall     (AR) @[ IoU=0.50:0.95 | area=   all | maxDets=100 ] = 0.587
 Average Recall     (AR) @[ IoU=0.50:0.95 | area= small | maxDets=100 ] = 0.587
 Average Recall     (AR) @[ IoU=0.50:0.95 | area=medium | maxDets=100 ] = -1.000
 Average Recall     (AR) @[ IoU=0.50:0.95 | area= large | maxDets=100 ] = -1.000
 Average Recall     (AR) @[ IoU=0.50      | area=   all | maxDets=100 ] = 0.993
 Average Recall     (AR) @[ IoU=0.75      | area=   all | maxDets=100 ] = 0.634
best_stat: {'epoch': 10, 'coco_eval_bbox': 0.33922847231137854}
Epoch: [11/30]  [ 0/45]  eta: 0:00:22  lr: 0.000100  loss: 21.9994 (21.9994)  loss_vfl: 0.5611 (0.5611)  loss_bbox: 0.1727 (0.1727)  loss_giou: 0.9056 (0.9056)  loss_fgl: 0.9739 (0.9739)  loss_vfl_aux_0: 0.6288 (0.6288)  loss_bbox_aux_0: 0.2106 (0.2106)  loss_giou_aux_0: 1.2762 (1.2762)  loss_fgl_aux_0: 0.8788 (0.8788)  loss_ddf_aux_0: 0.3491 (0.3491)  loss_vfl_aux_1: 0.6079 (0.6079)  loss_bbox_aux_1: 0.1773 (0.1773)  loss_giou_aux_1: 0.9509 (0.9509)  loss_fgl_aux_1: 0.9785 (0.9785)  loss_ddf_aux_1: 0.0281 (0.0281)  loss_vfl_pre: 0.6221 (0.6221)  loss_bbox_pre: 0.2128 (0.2128)  loss_giou_pre: 1.2565 (1.2565)  loss_vfl_enc_0: 0.2828 (0.2828)  loss_bbox_enc_0: 0.7374 (0.7374)  loss_giou_enc_0: 2.2694 (2.2694)  loss_vfl_dn_0: 0.4902 (0.4902)  loss_bbox_dn_0: 0.0700 (0.0700)  loss_giou_dn_0: 0.5441 (0.5441)  loss_fgl_dn_0: 1.2450 (1.2450)  loss_ddf_dn_0: 0.1664 (0.1664)  loss_vfl_dn_1: 0.4286 (0.4286)  loss_bbox_dn_1: 0.0536 (0.0536)  loss_giou_dn_1: 0.4538 (0.4538)  loss_fgl_dn_1: 1.2136 (1.2136)  loss_ddf_dn_1: 0.0059 (0.0059)  loss_vfl_dn_2: 0.4197 (0.4197)  loss_bbox_dn_2: 0.0537 (0.0537)  loss_giou_dn_2: 0.4523 (0.4523)  loss_fgl_dn_2: 1.2152 (1.2152)  loss_ddf_dn_2: -0.0000 (0.0000)  loss_vfl_dn_pre: 0.4907 (0.4907)  loss_bbox_dn_pre: 0.0707 (0.0707)  loss_giou_dn_pre: 0.5453 (0.5453)  time: 0.4912  data: 0.2585  max mem: 5225
Epoch: [11/30]  [44/45]  eta: 0:00:00  lr: 0.000100  loss: 21.4569 (21.8278)  loss_vfl: 0.5422 (0.5597)  loss_bbox: 0.1211 (0.1477)  loss_giou: 0.7725 (0.8269)  loss_fgl: 1.0643 (1.0445)  loss_vfl_aux_0: 0.5989 (0.5936)  loss_bbox_aux_0: 0.1836 (0.2161)  loss_giou_aux_0: 1.1504 (1.1911)  loss_fgl_aux_0: 0.9615 (0.9470)  loss_ddf_aux_0: 0.4530 (0.4364)  loss_vfl_aux_1: 0.5504 (0.5737)  loss_bbox_aux_1: 0.1300 (0.1540)  loss_giou_aux_1: 0.8924 (0.8761)  loss_fgl_aux_1: 1.0462 (1.0309)  loss_ddf_aux_1: 0.0466 (0.0407)  loss_vfl_pre: 0.6030 (0.6042)  loss_bbox_pre: 0.1754 (0.2042)  loss_giou_pre: 1.1117 (1.1794)  loss_vfl_enc_0: 0.2173 (0.2199)  loss_bbox_enc_0: 0.6897 (0.7124)  loss_giou_enc_0: 2.2970 (2.3540)  loss_vfl_dn_0: 0.4810 (0.4869)  loss_bbox_dn_0: 0.0719 (0.0691)  loss_giou_dn_0: 0.5698 (0.5534)  loss_fgl_dn_0: 1.2561 (1.2562)  loss_ddf_dn_0: 0.2093 (0.1987)  loss_vfl_dn_1: 0.4200 (0.4195)  loss_bbox_dn_1: 0.0500 (0.0510)  loss_giou_dn_1: 0.4279 (0.4292)  loss_fgl_dn_1: 1.2178 (1.2178)  loss_ddf_dn_1: 0.0082 (0.0081)  loss_vfl_dn_2: 0.4210 (0.4184)  loss_bbox_dn_2: 0.0496 (0.0511)  loss_giou_dn_2: 0.4294 (0.4292)  loss_fgl_dn_2: 1.2161 (1.2186)  loss_ddf_dn_2: -0.0000 (0.0000)  loss_vfl_dn_pre: 0.4807 (0.4864)  loss_bbox_dn_pre: 0.0716 (0.0691)  loss_giou_dn_pre: 0.5695 (0.5528)  time: 0.2362  data: 0.0122  max mem: 5225
Epoch: [11/30] Total time: 0:00:10 (0.2430 s / it)
Averaged stats: lr: 0.000100  loss: 21.4569 (21.8278)  loss_vfl: 0.5422 (0.5597)  loss_bbox: 0.1211 (0.1477)  loss_giou: 0.7725 (0.8269)  loss_fgl: 1.0643 (1.0445)  loss_vfl_aux_0: 0.5989 (0.5936)  loss_bbox_aux_0: 0.1836 (0.2161)  loss_giou_aux_0: 1.1504 (1.1911)  loss_fgl_aux_0: 0.9615 (0.9470)  loss_ddf_aux_0: 0.4530 (0.4364)  loss_vfl_aux_1: 0.5504 (0.5737)  loss_bbox_aux_1: 0.1300 (0.1540)  loss_giou_aux_1: 0.8924 (0.8761)  loss_fgl_aux_1: 1.0462 (1.0309)  loss_ddf_aux_1: 0.0466 (0.0407)  loss_vfl_pre: 0.6030 (0.6042)  loss_bbox_pre: 0.1754 (0.2042)  loss_giou_pre: 1.1117 (1.1794)  loss_vfl_enc_0: 0.2173 (0.2199)  loss_bbox_enc_0: 0.6897 (0.7124)  loss_giou_enc_0: 2.2970 (2.3540)  loss_vfl_dn_0: 0.4810 (0.4869)  loss_bbox_dn_0: 0.0719 (0.0691)  loss_giou_dn_0: 0.5698 (0.5534)  loss_fgl_dn_0: 1.2561 (1.2562)  loss_ddf_dn_0: 0.2093 (0.1987)  loss_vfl_dn_1: 0.4200 (0.4195)  loss_bbox_dn_1: 0.0500 (0.0510)  loss_giou_dn_1: 0.4279 (0.4292)  loss_fgl_dn_1: 1.2178 (1.2178)  loss_ddf_dn_1: 0.0082 (0.0081)  loss_vfl_dn_2: 0.4210 (0.4184)  loss_bbox_dn_2: 0.0496 (0.0511)  loss_giou_dn_2: 0.4294 (0.4292)  loss_fgl_dn_2: 1.2161 (1.2186)  loss_ddf_dn_2: -0.0000 (0.0000)  loss_vfl_dn_pre: 0.4807 (0.4864)  loss_bbox_dn_pre: 0.0716 (0.0691)  loss_giou_dn_pre: 0.5695 (0.5528)
Test:  [0/8]  eta: 0:00:02    time: 0.2988  data: 0.2423  max mem: 5225
Test:  [7/8]  eta: 0:00:00    time: 0.0989  data: 0.0433  max mem: 5225
Test: Total time: 0:00:00 (0.1034 s / it)
Metrics: {'f1': 0.8717948717948718, 'precision': 0.8, 'recall': 0.9577464788732394, 'iou': 0.5489529550752856, 'TPs': 136, 'FPs': 34, 'FNs': 6}
Averaged stats: 
Accumulating evaluation results...
COCOeval_opt.accumulate() finished...
DONE (t=0.01s).
IoU metric: bbox
 Average Precision  (AP) @[ IoU=0.50:0.95 | area=   all | maxDets=100 ] = 0.354
 Average Precision  (AP) @[ IoU=0.50      | area=   all | maxDets=100 ] = 0.900
 Average Precision  (AP) @[ IoU=0.75      | area=   all | maxDets=100 ] = 0.157
 Average Precision  (AP) @[ IoU=0.50:0.95 | area= small | maxDets=100 ] = 0.354
 Average Precision  (AP) @[ IoU=0.50:0.95 | area=medium | maxDets=100 ] = -1.000
 Average Precision  (AP) @[ IoU=0.50:0.95 | area= large | maxDets=100 ] = -1.000
 Average Recall     (AR) @[ IoU=0.50:0.95 | area=   all | maxDets=  1 ] = 0.196
 Average Recall     (AR) @[ IoU=0.50:0.95 | area=   all | maxDets= 10 ] = 0.504
 Average Recall     (AR) @[ IoU=0.50:0.95 | area=   all | maxDets=100 ] = 0.594
 Average Recall     (AR) @[ IoU=0.50:0.95 | area= small | maxDets=100 ] = 0.594
 Average Recall     (AR) @[ IoU=0.50:0.95 | area=medium | maxDets=100 ] = -1.000
 Average Recall     (AR) @[ IoU=0.50:0.95 | area= large | maxDets=100 ] = -1.000
 Average Recall     (AR) @[ IoU=0.50      | area=   all | maxDets=100 ] = 1.000
 Average Recall     (AR) @[ IoU=0.75      | area=   all | maxDets=100 ] = 0.655
best_stat: {'epoch': 11, 'coco_eval_bbox': 0.3538577172785968}
Epoch: [12/30]  [ 0/45]  eta: 0:00:21  lr: 0.000100  loss: 21.2420 (21.2420)  loss_vfl: 0.4714 (0.4714)  loss_bbox: 0.1439 (0.1439)  loss_giou: 0.8697 (0.8697)  loss_fgl: 1.1303 (1.1303)  loss_vfl_aux_0: 0.5469 (0.5469)  loss_bbox_aux_0: 0.1915 (0.1915)  loss_giou_aux_0: 1.1138 (1.1138)  loss_fgl_aux_0: 0.9709 (0.9709)  loss_ddf_aux_0: 0.4220 (0.4220)  loss_vfl_aux_1: 0.5310 (0.5310)  loss_bbox_aux_1: 0.1461 (0.1461)  loss_giou_aux_1: 0.9007 (0.9007)  loss_fgl_aux_1: 1.1293 (1.1293)  loss_ddf_aux_1: 0.0372 (0.0372)  loss_vfl_pre: 0.5681 (0.5681)  loss_bbox_pre: 0.1903 (0.1903)  loss_giou_pre: 1.1043 (1.1043)  loss_vfl_enc_0: 0.2621 (0.2621)  loss_bbox_enc_0: 0.5501 (0.5501)  loss_giou_enc_0: 2.1744 (2.1744)  loss_vfl_dn_0: 0.4813 (0.4813)  loss_bbox_dn_0: 0.0671 (0.0671)  loss_giou_dn_0: 0.5536 (0.5536)  loss_fgl_dn_0: 1.2376 (1.2376)  loss_ddf_dn_0: 0.2039 (0.2039)  loss_vfl_dn_1: 0.4142 (0.4142)  loss_bbox_dn_1: 0.0477 (0.0477)  loss_giou_dn_1: 0.4113 (0.4113)  loss_fgl_dn_1: 1.2000 (1.2000)  loss_ddf_dn_1: 0.0078 (0.0078)  loss_vfl_dn_2: 0.4084 (0.4084)  loss_bbox_dn_2: 0.0475 (0.0475)  loss_giou_dn_2: 0.4105 (0.4105)  loss_fgl_dn_2: 1.1986 (1.1986)  loss_ddf_dn_2: -0.0000 (0.0000)  loss_vfl_dn_pre: 0.4798 (0.4798)  loss_bbox_dn_pre: 0.0668 (0.0668)  loss_giou_dn_pre: 0.5520 (0.5520)  time: 0.4742  data: 0.2317  max mem: 5225
Epoch: [12/30]  [44/45]  eta: 0:00:00  lr: 0.000100  loss: 20.2531 (20.4011)  loss_vfl: 0.5295 (0.5208)  loss_bbox: 0.0974 (0.0988)  loss_giou: 0.6755 (0.6601)  loss_fgl: 1.1042 (1.1406)  loss_vfl_aux_0: 0.6338 (0.6767)  loss_bbox_aux_0: 0.1245 (0.1313)  loss_giou_aux_0: 0.8634 (0.8831)  loss_fgl_aux_0: 1.0981 (1.1053)  loss_ddf_aux_0: 0.3729 (0.4268)  loss_vfl_aux_1: 0.5436 (0.5483)  loss_bbox_aux_1: 0.0975 (0.1011)  loss_giou_aux_1: 0.6891 (0.6784)  loss_fgl_aux_1: 1.1019 (1.1386)  loss_ddf_aux_1: 0.0329 (0.0340)  loss_vfl_pre: 0.6333 (0.6797)  loss_bbox_pre: 0.1257 (0.1306)  loss_giou_pre: 0.8647 (0.8756)  loss_vfl_enc_0: 0.2868 (0.2903)  loss_bbox_enc_0: 0.3897 (0.4424)  loss_giou_enc_0: 2.0042 (2.0091)  loss_vfl_dn_0: 0.4751 (0.4796)  loss_bbox_dn_0: 0.0661 (0.0676)  loss_giou_dn_0: 0.5288 (0.5353)  loss_fgl_dn_0: 1.2612 (1.2571)  loss_ddf_dn_0: 0.1952 (0.1965)  loss_vfl_dn_1: 0.4145 (0.4154)  loss_bbox_dn_1: 0.0506 (0.0504)  loss_giou_dn_1: 0.4296 (0.4208)  loss_fgl_dn_1: 1.2243 (1.2181)  loss_ddf_dn_1: 0.0070 (0.0070)  loss_vfl_dn_2: 0.4124 (0.4123)  loss_bbox_dn_2: 0.0505 (0.0504)  loss_giou_dn_2: 0.4282 (0.4197)  loss_fgl_dn_2: 1.2261 (1.2182)  loss_ddf_dn_2: -0.0000 (0.0000)  loss_vfl_dn_pre: 0.4747 (0.4797)  loss_bbox_dn_pre: 0.0667 (0.0675)  loss_giou_dn_pre: 0.5271 (0.5341)  time: 0.2364  data: 0.0125  max mem: 5225
Epoch: [12/30] Total time: 0:00:10 (0.2425 s / it)
Averaged stats: lr: 0.000100  loss: 20.2531 (20.4011)  loss_vfl: 0.5295 (0.5208)  loss_bbox: 0.0974 (0.0988)  loss_giou: 0.6755 (0.6601)  loss_fgl: 1.1042 (1.1406)  loss_vfl_aux_0: 0.6338 (0.6767)  loss_bbox_aux_0: 0.1245 (0.1313)  loss_giou_aux_0: 0.8634 (0.8831)  loss_fgl_aux_0: 1.0981 (1.1053)  loss_ddf_aux_0: 0.3729 (0.4268)  loss_vfl_aux_1: 0.5436 (0.5483)  loss_bbox_aux_1: 0.0975 (0.1011)  loss_giou_aux_1: 0.6891 (0.6784)  loss_fgl_aux_1: 1.1019 (1.1386)  loss_ddf_aux_1: 0.0329 (0.0340)  loss_vfl_pre: 0.6333 (0.6797)  loss_bbox_pre: 0.1257 (0.1306)  loss_giou_pre: 0.8647 (0.8756)  loss_vfl_enc_0: 0.2868 (0.2903)  loss_bbox_enc_0: 0.3897 (0.4424)  loss_giou_enc_0: 2.0042 (2.0091)  loss_vfl_dn_0: 0.4751 (0.4796)  loss_bbox_dn_0: 0.0661 (0.0676)  loss_giou_dn_0: 0.5288 (0.5353)  loss_fgl_dn_0: 1.2612 (1.2571)  loss_ddf_dn_0: 0.1952 (0.1965)  loss_vfl_dn_1: 0.4145 (0.4154)  loss_bbox_dn_1: 0.0506 (0.0504)  loss_giou_dn_1: 0.4296 (0.4208)  loss_fgl_dn_1: 1.2243 (1.2181)  loss_ddf_dn_1: 0.0070 (0.0070)  loss_vfl_dn_2: 0.4124 (0.4123)  loss_bbox_dn_2: 0.0505 (0.0504)  loss_giou_dn_2: 0.4282 (0.4197)  loss_fgl_dn_2: 1.2261 (1.2182)  loss_ddf_dn_2: -0.0000 (0.0000)  loss_vfl_dn_pre: 0.4747 (0.4797)  loss_bbox_dn_pre: 0.0667 (0.0675)  loss_giou_dn_pre: 0.5271 (0.5341)
Test:  [0/8]  eta: 0:00:02    time: 0.3139  data: 0.2569  max mem: 5225
Test:  [7/8]  eta: 0:00:00    time: 0.1239  data: 0.0446  max mem: 5225
Test: Total time: 0:00:01 (0.1289 s / it)
Metrics: {'f1': 0.8867313915857606, 'precision': 0.8203592814371258, 'recall': 0.9647887323943662, 'iou': 0.5671072640391284, 'TPs': 137, 'FPs': 30, 'FNs': 5}
Averaged stats: 
Accumulating evaluation results...
COCOeval_opt.accumulate() finished...
DONE (t=0.01s).
IoU metric: bbox
 Average Precision  (AP) @[ IoU=0.50:0.95 | area=   all | maxDets=100 ] = 0.368
 Average Precision  (AP) @[ IoU=0.50      | area=   all | maxDets=100 ] = 0.919
 Average Precision  (AP) @[ IoU=0.75      | area=   all | maxDets=100 ] = 0.164
 Average Precision  (AP) @[ IoU=0.50:0.95 | area= small | maxDets=100 ] = 0.368
 Average Precision  (AP) @[ IoU=0.50:0.95 | area=medium | maxDets=100 ] = -1.000
 Average Precision  (AP) @[ IoU=0.50:0.95 | area= large | maxDets=100 ] = -1.000
 Average Recall     (AR) @[ IoU=0.50:0.95 | area=   all | maxDets=  1 ] = 0.206
 Average Recall     (AR) @[ IoU=0.50:0.95 | area=   all | maxDets= 10 ] = 0.529
 Average Recall     (AR) @[ IoU=0.50:0.95 | area=   all | maxDets=100 ] = 0.614
 Average Recall     (AR) @[ IoU=0.50:0.95 | area= small | maxDets=100 ] = 0.614
 Average Recall     (AR) @[ IoU=0.50:0.95 | area=medium | maxDets=100 ] = -1.000
 Average Recall     (AR) @[ IoU=0.50:0.95 | area= large | maxDets=100 ] = -1.000
 Average Recall     (AR) @[ IoU=0.50      | area=   all | maxDets=100 ] = 1.000
 Average Recall     (AR) @[ IoU=0.75      | area=   all | maxDets=100 ] = 0.655
best_stat: {'epoch': 12, 'coco_eval_bbox': 0.36801392174479997}
Epoch: [13/30]  [ 0/45]  eta: 0:00:21  lr: 0.000100  loss: 21.0653 (21.0653)  loss_vfl: 0.5502 (0.5502)  loss_bbox: 0.0977 (0.0977)  loss_giou: 0.7205 (0.7205)  loss_fgl: 1.0180 (1.0180)  loss_vfl_aux_0: 0.6316 (0.6316)  loss_bbox_aux_0: 0.1608 (0.1608)  loss_giou_aux_0: 1.1604 (1.1604)  loss_fgl_aux_0: 0.9232 (0.9232)  loss_ddf_aux_0: 0.4640 (0.4640)  loss_vfl_aux_1: 0.5484 (0.5484)  loss_bbox_aux_1: 0.1065 (0.1065)  loss_giou_aux_1: 0.7957 (0.7957)  loss_fgl_aux_1: 1.0118 (1.0118)  loss_ddf_aux_1: 0.0406 (0.0406)  loss_vfl_pre: 0.6267 (0.6267)  loss_bbox_pre: 0.1622 (0.1622)  loss_giou_pre: 1.1551 (1.1551)  loss_vfl_enc_0: 0.2554 (0.2554)  loss_bbox_enc_0: 0.4610 (0.4610)  loss_giou_enc_0: 2.3360 (2.3360)  loss_vfl_dn_0: 0.4944 (0.4944)  loss_bbox_dn_0: 0.0601 (0.0601)  loss_giou_dn_0: 0.5541 (0.5541)  loss_fgl_dn_0: 1.2467 (1.2467)  loss_ddf_dn_0: 0.2091 (0.2091)  loss_vfl_dn_1: 0.4133 (0.4133)  loss_bbox_dn_1: 0.0424 (0.0424)  loss_giou_dn_1: 0.4178 (0.4178)  loss_fgl_dn_1: 1.2092 (1.2092)  loss_ddf_dn_1: 0.0079 (0.0079)  loss_vfl_dn_2: 0.4133 (0.4133)  loss_bbox_dn_2: 0.0420 (0.0420)  loss_giou_dn_2: 0.4139 (0.4139)  loss_fgl_dn_2: 1.2082 (1.2082)  loss_ddf_dn_2: -0.0000 (0.0000)  loss_vfl_dn_pre: 0.4934 (0.4934)  loss_bbox_dn_pre: 0.0600 (0.0600)  loss_giou_dn_pre: 0.5536 (0.5536)  time: 0.4847  data: 0.2502  max mem: 5225
Epoch: [13/30]  [44/45]  eta: 0:00:00  lr: 0.000100  loss: 20.3543 (20.1829)  loss_vfl: 0.5251 (0.5321)  loss_bbox: 0.0942 (0.0935)  loss_giou: 0.6734 (0.6386)  loss_fgl: 1.1057 (1.1347)  loss_vfl_aux_0: 0.6014 (0.6366)  loss_bbox_aux_0: 0.1326 (0.1321)  loss_giou_aux_0: 0.9385 (0.9016)  loss_fgl_aux_0: 1.0663 (1.0879)  loss_ddf_aux_0: 0.3210 (0.3440)  loss_vfl_aux_1: 0.5333 (0.5398)  loss_bbox_aux_1: 0.0971 (0.0987)  loss_giou_aux_1: 0.7040 (0.6730)  loss_fgl_aux_1: 1.1013 (1.1245)  loss_ddf_aux_1: 0.0246 (0.0290)  loss_vfl_pre: 0.6094 (0.6415)  loss_bbox_pre: 0.1303 (0.1298)  loss_giou_pre: 0.9268 (0.8907)  loss_vfl_enc_0: 0.2287 (0.2719)  loss_bbox_enc_0: 0.4333 (0.4677)  loss_giou_enc_0: 2.0598 (2.0795)  loss_vfl_dn_0: 0.4750 (0.4769)  loss_bbox_dn_0: 0.0650 (0.0664)  loss_giou_dn_0: 0.5317 (0.5269)  loss_fgl_dn_0: 1.2397 (1.2517)  loss_ddf_dn_0: 0.2007 (0.1932)  loss_vfl_dn_1: 0.4141 (0.4100)  loss_bbox_dn_1: 0.0474 (0.0488)  loss_giou_dn_1: 0.4075 (0.4073)  loss_fgl_dn_1: 1.2057 (1.2056)  loss_ddf_dn_1: 0.0099 (0.0097)  loss_vfl_dn_2: 0.4106 (0.4077)  loss_bbox_dn_2: 0.0471 (0.0489)  loss_giou_dn_2: 0.4073 (0.4070)  loss_fgl_dn_2: 1.2045 (1.2059)  loss_ddf_dn_2: -0.0000 (0.0000)  loss_vfl_dn_pre: 0.4764 (0.4772)  loss_bbox_dn_pre: 0.0645 (0.0663)  loss_giou_dn_pre: 0.5320 (0.5260)  time: 0.2345  data: 0.0119  max mem: 5225
Epoch: [13/30] Total time: 0:00:10 (0.2430 s / it)
Averaged stats: lr: 0.000100  loss: 20.3543 (20.1829)  loss_vfl: 0.5251 (0.5321)  loss_bbox: 0.0942 (0.0935)  loss_giou: 0.6734 (0.6386)  loss_fgl: 1.1057 (1.1347)  loss_vfl_aux_0: 0.6014 (0.6366)  loss_bbox_aux_0: 0.1326 (0.1321)  loss_giou_aux_0: 0.9385 (0.9016)  loss_fgl_aux_0: 1.0663 (1.0879)  loss_ddf_aux_0: 0.3210 (0.3440)  loss_vfl_aux_1: 0.5333 (0.5398)  loss_bbox_aux_1: 0.0971 (0.0987)  loss_giou_aux_1: 0.7040 (0.6730)  loss_fgl_aux_1: 1.1013 (1.1245)  loss_ddf_aux_1: 0.0246 (0.0290)  loss_vfl_pre: 0.6094 (0.6415)  loss_bbox_pre: 0.1303 (0.1298)  loss_giou_pre: 0.9268 (0.8907)  loss_vfl_enc_0: 0.2287 (0.2719)  loss_bbox_enc_0: 0.4333 (0.4677)  loss_giou_enc_0: 2.0598 (2.0795)  loss_vfl_dn_0: 0.4750 (0.4769)  loss_bbox_dn_0: 0.0650 (0.0664)  loss_giou_dn_0: 0.5317 (0.5269)  loss_fgl_dn_0: 1.2397 (1.2517)  loss_ddf_dn_0: 0.2007 (0.1932)  loss_vfl_dn_1: 0.4141 (0.4100)  loss_bbox_dn_1: 0.0474 (0.0488)  loss_giou_dn_1: 0.4075 (0.4073)  loss_fgl_dn_1: 1.2057 (1.2056)  loss_ddf_dn_1: 0.0099 (0.0097)  loss_vfl_dn_2: 0.4106 (0.4077)  loss_bbox_dn_2: 0.0471 (0.0489)  loss_giou_dn_2: 0.4073 (0.4070)  loss_fgl_dn_2: 1.2045 (1.2059)  loss_ddf_dn_2: -0.0000 (0.0000)  loss_vfl_dn_pre: 0.4764 (0.4772)  loss_bbox_dn_pre: 0.0645 (0.0663)  loss_giou_dn_pre: 0.5320 (0.5260)
Test:  [0/8]  eta: 0:00:02    time: 0.3076  data: 0.2503  max mem: 5225
Test:  [7/8]  eta: 0:00:00    time: 0.1008  data: 0.0448  max mem: 5225
Test: Total time: 0:00:00 (0.1055 s / it)
Metrics: {'f1': 0.8831168831168831, 'precision': 0.8192771084337349, 'recall': 0.9577464788732394, 'iou': 0.5607273072697395, 'TPs': 136, 'FPs': 30, 'FNs': 6}
Averaged stats: 
Accumulating evaluation results...
COCOeval_opt.accumulate() finished...
DONE (t=0.01s).
IoU metric: bbox
 Average Precision  (AP) @[ IoU=0.50:0.95 | area=   all | maxDets=100 ] = 0.353
 Average Precision  (AP) @[ IoU=0.50      | area=   all | maxDets=100 ] = 0.927
 Average Precision  (AP) @[ IoU=0.75      | area=   all | maxDets=100 ] = 0.139
 Average Precision  (AP) @[ IoU=0.50:0.95 | area= small | maxDets=100 ] = 0.353
 Average Precision  (AP) @[ IoU=0.50:0.95 | area=medium | maxDets=100 ] = -1.000
 Average Precision  (AP) @[ IoU=0.50:0.95 | area= large | maxDets=100 ] = -1.000
 Average Recall     (AR) @[ IoU=0.50:0.95 | area=   all | maxDets=  1 ] = 0.202
 Average Recall     (AR) @[ IoU=0.50:0.95 | area=   all | maxDets= 10 ] = 0.501
 Average Recall     (AR) @[ IoU=0.50:0.95 | area=   all | maxDets=100 ] = 0.602
 Average Recall     (AR) @[ IoU=0.50:0.95 | area= small | maxDets=100 ] = 0.602
 Average Recall     (AR) @[ IoU=0.50:0.95 | area=medium | maxDets=100 ] = -1.000
 Average Recall     (AR) @[ IoU=0.50:0.95 | area= large | maxDets=100 ] = -1.000
 Average Recall     (AR) @[ IoU=0.50      | area=   all | maxDets=100 ] = 0.993
 Average Recall     (AR) @[ IoU=0.75      | area=   all | maxDets=100 ] = 0.627
best_stat: {'epoch': 12, 'coco_eval_bbox': 0.36801392174479997}
Epoch: [14/30]  [ 0/45]  eta: 0:00:21  lr: 0.000100  loss: 20.1138 (20.1138)  loss_vfl: 0.5177 (0.5177)  loss_bbox: 0.0983 (0.0983)  loss_giou: 0.6349 (0.6349)  loss_fgl: 1.0966 (1.0966)  loss_vfl_aux_0: 0.5827 (0.5827)  loss_bbox_aux_0: 0.1369 (0.1369)  loss_giou_aux_0: 0.9061 (0.9061)  loss_fgl_aux_0: 1.0427 (1.0427)  loss_ddf_aux_0: 0.2812 (0.2812)  loss_vfl_aux_1: 0.5417 (0.5417)  loss_bbox_aux_1: 0.1052 (0.1052)  loss_giou_aux_1: 0.6764 (0.6764)  loss_fgl_aux_1: 1.0857 (1.0857)  loss_ddf_aux_1: 0.0233 (0.0233)  loss_vfl_pre: 0.5834 (0.5834)  loss_bbox_pre: 0.1421 (0.1421)  loss_giou_pre: 0.9118 (0.9118)  loss_vfl_enc_0: 0.2657 (0.2657)  loss_bbox_enc_0: 0.5188 (0.5188)  loss_giou_enc_0: 2.1413 (2.1413)  loss_vfl_dn_0: 0.4827 (0.4827)  loss_bbox_dn_0: 0.0725 (0.0725)  loss_giou_dn_0: 0.5151 (0.5151)  loss_fgl_dn_0: 1.2575 (1.2575)  loss_ddf_dn_0: 0.1998 (0.1998)  loss_vfl_dn_1: 0.4174 (0.4174)  loss_bbox_dn_1: 0.0549 (0.0549)  loss_giou_dn_1: 0.4174 (0.4174)  loss_fgl_dn_1: 1.2105 (1.2105)  loss_ddf_dn_1: 0.0112 (0.0112)  loss_vfl_dn_2: 0.4144 (0.4144)  loss_bbox_dn_2: 0.0560 (0.0560)  loss_giou_dn_2: 0.4213 (0.4213)  loss_fgl_dn_2: 1.2142 (1.2142)  loss_ddf_dn_2: -0.0000 (0.0000)  loss_vfl_dn_pre: 0.4836 (0.4836)  loss_bbox_dn_pre: 0.0731 (0.0731)  loss_giou_dn_pre: 0.5199 (0.5199)  time: 0.4763  data: 0.2403  max mem: 5225
Epoch: [14/30]  [44/45]  eta: 0:00:00  lr: 0.000100  loss: 19.2765 (19.6759)  loss_vfl: 0.4883 (0.5046)  loss_bbox: 0.0730 (0.0893)  loss_giou: 0.5471 (0.6105)  loss_fgl: 1.1863 (1.1548)  loss_vfl_aux_0: 0.6666 (0.6437)  loss_bbox_aux_0: 0.0955 (0.1214)  loss_giou_aux_0: 0.6906 (0.8268)  loss_fgl_aux_0: 1.1899 (1.1293)  loss_ddf_aux_0: 0.2588 (0.2933)  loss_vfl_aux_1: 0.5050 (0.5178)  loss_bbox_aux_1: 0.0747 (0.0913)  loss_giou_aux_1: 0.5472 (0.6288)  loss_fgl_aux_1: 1.1846 (1.1511)  loss_ddf_aux_1: 0.0170 (0.0214)  loss_vfl_pre: 0.6723 (0.6456)  loss_bbox_pre: 0.0954 (0.1189)  loss_giou_pre: 0.7000 (0.8220)  loss_vfl_enc_0: 0.3021 (0.2915)  loss_bbox_enc_0: 0.3465 (0.4146)  loss_giou_enc_0: 1.8508 (1.9289)  loss_vfl_dn_0: 0.4731 (0.4767)  loss_bbox_dn_0: 0.0603 (0.0637)  loss_giou_dn_0: 0.5188 (0.5124)  loss_fgl_dn_0: 1.2545 (1.2567)  loss_ddf_dn_0: 0.1946 (0.1852)  loss_vfl_dn_1: 0.4073 (0.4082)  loss_bbox_dn_1: 0.0449 (0.0469)  loss_giou_dn_1: 0.3869 (0.3955)  loss_fgl_dn_1: 1.2010 (1.2082)  loss_ddf_dn_1: 0.0062 (0.0084)  loss_vfl_dn_2: 0.4038 (0.4057)  loss_bbox_dn_2: 0.0448 (0.0470)  loss_giou_dn_2: 0.3845 (0.3952)  loss_fgl_dn_2: 1.1999 (1.2085)  loss_ddf_dn_2: -0.0000 (0.0000)  loss_vfl_dn_pre: 0.4740 (0.4768)  loss_bbox_dn_pre: 0.0599 (0.0636)  loss_giou_dn_pre: 0.5166 (0.5118)  time: 0.2338  data: 0.0120  max mem: 5225
Epoch: [14/30] Total time: 0:00:10 (0.2420 s / it)
Averaged stats: lr: 0.000100  loss: 19.2765 (19.6759)  loss_vfl: 0.4883 (0.5046)  loss_bbox: 0.0730 (0.0893)  loss_giou: 0.5471 (0.6105)  loss_fgl: 1.1863 (1.1548)  loss_vfl_aux_0: 0.6666 (0.6437)  loss_bbox_aux_0: 0.0955 (0.1214)  loss_giou_aux_0: 0.6906 (0.8268)  loss_fgl_aux_0: 1.1899 (1.1293)  loss_ddf_aux_0: 0.2588 (0.2933)  loss_vfl_aux_1: 0.5050 (0.5178)  loss_bbox_aux_1: 0.0747 (0.0913)  loss_giou_aux_1: 0.5472 (0.6288)  loss_fgl_aux_1: 1.1846 (1.1511)  loss_ddf_aux_1: 0.0170 (0.0214)  loss_vfl_pre: 0.6723 (0.6456)  loss_bbox_pre: 0.0954 (0.1189)  loss_giou_pre: 0.7000 (0.8220)  loss_vfl_enc_0: 0.3021 (0.2915)  loss_bbox_enc_0: 0.3465 (0.4146)  loss_giou_enc_0: 1.8508 (1.9289)  loss_vfl_dn_0: 0.4731 (0.4767)  loss_bbox_dn_0: 0.0603 (0.0637)  loss_giou_dn_0: 0.5188 (0.5124)  loss_fgl_dn_0: 1.2545 (1.2567)  loss_ddf_dn_0: 0.1946 (0.1852)  loss_vfl_dn_1: 0.4073 (0.4082)  loss_bbox_dn_1: 0.0449 (0.0469)  loss_giou_dn_1: 0.3869 (0.3955)  loss_fgl_dn_1: 1.2010 (1.2082)  loss_ddf_dn_1: 0.0062 (0.0084)  loss_vfl_dn_2: 0.4038 (0.4057)  loss_bbox_dn_2: 0.0448 (0.0470)  loss_giou_dn_2: 0.3845 (0.3952)  loss_fgl_dn_2: 1.1999 (1.2085)  loss_ddf_dn_2: -0.0000 (0.0000)  loss_vfl_dn_pre: 0.4740 (0.4768)  loss_bbox_dn_pre: 0.0599 (0.0636)  loss_giou_dn_pre: 0.5166 (0.5118)
Test:  [0/8]  eta: 0:00:02    time: 0.3207  data: 0.2644  max mem: 5225
Test:  [7/8]  eta: 0:00:00    time: 0.1212  data: 0.0427  max mem: 5225
Test: Total time: 0:00:01 (0.1260 s / it)
Metrics: {'f1': 0.8498402555910542, 'precision': 0.7777777777777778, 'recall': 0.9366197183098591, 'iou': 0.5239160825808843, 'TPs': 133, 'FPs': 38, 'FNs': 9}
Averaged stats: 
Accumulating evaluation results...
COCOeval_opt.accumulate() finished...
DONE (t=0.01s).
IoU metric: bbox
 Average Precision  (AP) @[ IoU=0.50:0.95 | area=   all | maxDets=100 ] = 0.347
 Average Precision  (AP) @[ IoU=0.50      | area=   all | maxDets=100 ] = 0.900
 Average Precision  (AP) @[ IoU=0.75      | area=   all | maxDets=100 ] = 0.156
 Average Precision  (AP) @[ IoU=0.50:0.95 | area= small | maxDets=100 ] = 0.347
 Average Precision  (AP) @[ IoU=0.50:0.95 | area=medium | maxDets=100 ] = -1.000
 Average Precision  (AP) @[ IoU=0.50:0.95 | area= large | maxDets=100 ] = -1.000
 Average Recall     (AR) @[ IoU=0.50:0.95 | area=   all | maxDets=  1 ] = 0.211
 Average Recall     (AR) @[ IoU=0.50:0.95 | area=   all | maxDets= 10 ] = 0.505
 Average Recall     (AR) @[ IoU=0.50:0.95 | area=   all | maxDets=100 ] = 0.605
 Average Recall     (AR) @[ IoU=0.50:0.95 | area= small | maxDets=100 ] = 0.605
 Average Recall     (AR) @[ IoU=0.50:0.95 | area=medium | maxDets=100 ] = -1.000
 Average Recall     (AR) @[ IoU=0.50:0.95 | area= large | maxDets=100 ] = -1.000
 Average Recall     (AR) @[ IoU=0.50      | area=   all | maxDets=100 ] = 1.000
 Average Recall     (AR) @[ IoU=0.75      | area=   all | maxDets=100 ] = 0.648
best_stat: {'epoch': 12, 'coco_eval_bbox': 0.36801392174479997}
Epoch: [15/30]  [ 0/45]  eta: 0:00:21  lr: 0.000100  loss: 19.4954 (19.4954)  loss_vfl: 0.4894 (0.4894)  loss_bbox: 0.0696 (0.0696)  loss_giou: 0.6204 (0.6204)  loss_fgl: 1.1601 (1.1601)  loss_vfl_aux_0: 0.5764 (0.5764)  loss_bbox_aux_0: 0.0839 (0.0839)  loss_giou_aux_0: 0.7704 (0.7704)  loss_fgl_aux_0: 1.1469 (1.1469)  loss_ddf_aux_0: 0.3431 (0.3431)  loss_vfl_aux_1: 0.4948 (0.4948)  loss_bbox_aux_1: 0.0711 (0.0711)  loss_giou_aux_1: 0.6314 (0.6314)  loss_fgl_aux_1: 1.1465 (1.1465)  loss_ddf_aux_1: 0.0283 (0.0283)  loss_vfl_pre: 0.5751 (0.5751)  loss_bbox_pre: 0.0859 (0.0859)  loss_giou_pre: 0.7767 (0.7767)  loss_vfl_enc_0: 0.3135 (0.3135)  loss_bbox_enc_0: 0.3365 (0.3365)  loss_giou_enc_0: 1.8008 (1.8008)  loss_vfl_dn_0: 0.4788 (0.4788)  loss_bbox_dn_0: 0.0539 (0.0539)  loss_giou_dn_0: 0.5476 (0.5476)  loss_fgl_dn_0: 1.2735 (1.2735)  loss_ddf_dn_0: 0.2018 (0.2018)  loss_vfl_dn_1: 0.4193 (0.4193)  loss_bbox_dn_1: 0.0443 (0.0443)  loss_giou_dn_1: 0.4530 (0.4530)  loss_fgl_dn_1: 1.2558 (1.2558)  loss_ddf_dn_1: 0.0063 (0.0063)  loss_vfl_dn_2: 0.4170 (0.4170)  loss_bbox_dn_2: 0.0441 (0.0441)  loss_giou_dn_2: 0.4534 (0.4534)  loss_fgl_dn_2: 1.2550 (1.2550)  loss_ddf_dn_2: -0.0000 (0.0000)  loss_vfl_dn_pre: 0.4787 (0.4787)  loss_bbox_dn_pre: 0.0531 (0.0531)  loss_giou_dn_pre: 0.5391 (0.5391)  time: 0.4769  data: 0.2462  max mem: 5225
Epoch: [15/30]  [44/45]  eta: 0:00:00  lr: 0.000100  loss: 19.5998 (19.7385)  loss_vfl: 0.4800 (0.4973)  loss_bbox: 0.0803 (0.0933)  loss_giou: 0.6262 (0.6253)  loss_fgl: 1.1748 (1.1507)  loss_vfl_aux_0: 0.5944 (0.6167)  loss_bbox_aux_0: 0.1148 (0.1387)  loss_giou_aux_0: 0.7664 (0.8573)  loss_fgl_aux_0: 1.1324 (1.1055)  loss_ddf_aux_0: 0.2250 (0.2576)  loss_vfl_aux_1: 0.4719 (0.5141)  loss_bbox_aux_1: 0.0829 (0.0977)  loss_giou_aux_1: 0.6387 (0.6531)  loss_fgl_aux_1: 1.1650 (1.1358)  loss_ddf_aux_1: 0.0258 (0.0266)  loss_vfl_pre: 0.6071 (0.6236)  loss_bbox_pre: 0.1140 (0.1282)  loss_giou_pre: 0.7983 (0.8468)  loss_vfl_enc_0: 0.2899 (0.3003)  loss_bbox_enc_0: 0.4037 (0.4666)  loss_giou_enc_0: 1.9325 (1.9822)  loss_vfl_dn_0: 0.4694 (0.4721)  loss_bbox_dn_0: 0.0591 (0.0622)  loss_giou_dn_0: 0.4910 (0.4984)  loss_fgl_dn_0: 1.2498 (1.2576)  loss_ddf_dn_0: 0.1768 (0.1792)  loss_vfl_dn_1: 0.3997 (0.4051)  loss_bbox_dn_1: 0.0453 (0.0471)  loss_giou_dn_1: 0.3897 (0.3930)  loss_fgl_dn_1: 1.2002 (1.2110)  loss_ddf_dn_1: 0.0072 (0.0066)  loss_vfl_dn_2: 0.4034 (0.4053)  loss_bbox_dn_2: 0.0456 (0.0471)  loss_giou_dn_2: 0.3888 (0.3929)  loss_fgl_dn_2: 1.2005 (1.2116)  loss_ddf_dn_2: -0.0000 (0.0000)  loss_vfl_dn_pre: 0.4694 (0.4721)  loss_bbox_dn_pre: 0.0586 (0.0622)  loss_giou_dn_pre: 0.4919 (0.4975)  time: 0.2322  data: 0.0120  max mem: 5225
Epoch: [15/30] Total time: 0:00:10 (0.2397 s / it)
Averaged stats: lr: 0.000100  loss: 19.5998 (19.7385)  loss_vfl: 0.4800 (0.4973)  loss_bbox: 0.0803 (0.0933)  loss_giou: 0.6262 (0.6253)  loss_fgl: 1.1748 (1.1507)  loss_vfl_aux_0: 0.5944 (0.6167)  loss_bbox_aux_0: 0.1148 (0.1387)  loss_giou_aux_0: 0.7664 (0.8573)  loss_fgl_aux_0: 1.1324 (1.1055)  loss_ddf_aux_0: 0.2250 (0.2576)  loss_vfl_aux_1: 0.4719 (0.5141)  loss_bbox_aux_1: 0.0829 (0.0977)  loss_giou_aux_1: 0.6387 (0.6531)  loss_fgl_aux_1: 1.1650 (1.1358)  loss_ddf_aux_1: 0.0258 (0.0266)  loss_vfl_pre: 0.6071 (0.6236)  loss_bbox_pre: 0.1140 (0.1282)  loss_giou_pre: 0.7983 (0.8468)  loss_vfl_enc_0: 0.2899 (0.3003)  loss_bbox_enc_0: 0.4037 (0.4666)  loss_giou_enc_0: 1.9325 (1.9822)  loss_vfl_dn_0: 0.4694 (0.4721)  loss_bbox_dn_0: 0.0591 (0.0622)  loss_giou_dn_0: 0.4910 (0.4984)  loss_fgl_dn_0: 1.2498 (1.2576)  loss_ddf_dn_0: 0.1768 (0.1792)  loss_vfl_dn_1: 0.3997 (0.4051)  loss_bbox_dn_1: 0.0453 (0.0471)  loss_giou_dn_1: 0.3897 (0.3930)  loss_fgl_dn_1: 1.2002 (1.2110)  loss_ddf_dn_1: 0.0072 (0.0066)  loss_vfl_dn_2: 0.4034 (0.4053)  loss_bbox_dn_2: 0.0456 (0.0471)  loss_giou_dn_2: 0.3888 (0.3929)  loss_fgl_dn_2: 1.2005 (1.2116)  loss_ddf_dn_2: -0.0000 (0.0000)  loss_vfl_dn_pre: 0.4694 (0.4721)  loss_bbox_dn_pre: 0.0586 (0.0622)  loss_giou_dn_pre: 0.4919 (0.4975)
Test:  [0/8]  eta: 0:00:02    time: 0.2875  data: 0.2288  max mem: 5225
Test:  [7/8]  eta: 0:00:00    time: 0.0997  data: 0.0431  max mem: 5225
Test: Total time: 0:00:00 (0.1043 s / it)
Metrics: {'f1': 0.8844884488448845, 'precision': 0.8322981366459627, 'recall': 0.9436619718309859, 'iou': 0.5611535370702574, 'TPs': 134, 'FPs': 27, 'FNs': 8}
Averaged stats: 
Accumulating evaluation results...
COCOeval_opt.accumulate() finished...
DONE (t=0.01s).
IoU metric: bbox
 Average Precision  (AP) @[ IoU=0.50:0.95 | area=   all | maxDets=100 ] = 0.349
 Average Precision  (AP) @[ IoU=0.50      | area=   all | maxDets=100 ] = 0.915
 Average Precision  (AP) @[ IoU=0.75      | area=   all | maxDets=100 ] = 0.140
 Average Precision  (AP) @[ IoU=0.50:0.95 | area= small | maxDets=100 ] = 0.349
 Average Precision  (AP) @[ IoU=0.50:0.95 | area=medium | maxDets=100 ] = -1.000
 Average Precision  (AP) @[ IoU=0.50:0.95 | area= large | maxDets=100 ] = -1.000
 Average Recall     (AR) @[ IoU=0.50:0.95 | area=   all | maxDets=  1 ] = 0.219
 Average Recall     (AR) @[ IoU=0.50:0.95 | area=   all | maxDets= 10 ] = 0.508
 Average Recall     (AR) @[ IoU=0.50:0.95 | area=   all | maxDets=100 ] = 0.606
 Average Recall     (AR) @[ IoU=0.50:0.95 | area= small | maxDets=100 ] = 0.606
 Average Recall     (AR) @[ IoU=0.50:0.95 | area=medium | maxDets=100 ] = -1.000
 Average Recall     (AR) @[ IoU=0.50:0.95 | area= large | maxDets=100 ] = -1.000
 Average Recall     (AR) @[ IoU=0.50      | area=   all | maxDets=100 ] = 0.993
 Average Recall     (AR) @[ IoU=0.75      | area=   all | maxDets=100 ] = 0.641
best_stat: {'epoch': 12, 'coco_eval_bbox': 0.36801392174479997}
Epoch: [16/30]  [ 0/45]  eta: 0:00:21  lr: 0.000100  loss: 21.2980 (21.2980)  loss_vfl: 0.4886 (0.4886)  loss_bbox: 0.2194 (0.2194)  loss_giou: 1.0256 (1.0256)  loss_fgl: 0.8908 (0.8908)  loss_vfl_aux_0: 0.4879 (0.4879)  loss_bbox_aux_0: 0.2854 (0.2854)  loss_giou_aux_0: 1.2943 (1.2943)  loss_fgl_aux_0: 0.8562 (0.8562)  loss_ddf_aux_0: 0.2872 (0.2872)  loss_vfl_aux_1: 0.4777 (0.4777)  loss_bbox_aux_1: 0.2038 (0.2038)  loss_giou_aux_1: 1.0669 (1.0669)  loss_fgl_aux_1: 0.8654 (0.8654)  loss_ddf_aux_1: 0.0351 (0.0351)  loss_vfl_pre: 0.5374 (0.5374)  loss_bbox_pre: 0.2868 (0.2868)  loss_giou_pre: 1.2908 (1.2908)  loss_vfl_enc_0: 0.2331 (0.2331)  loss_bbox_enc_0: 0.7996 (0.7996)  loss_giou_enc_0: 2.4881 (2.4881)  loss_vfl_dn_0: 0.4545 (0.4545)  loss_bbox_dn_0: 0.0493 (0.0493)  loss_giou_dn_0: 0.3953 (0.3953)  loss_fgl_dn_0: 1.2498 (1.2498)  loss_ddf_dn_0: 0.2314 (0.2314)  loss_vfl_dn_1: 0.3833 (0.3833)  loss_bbox_dn_1: 0.0389 (0.0389)  loss_giou_dn_1: 0.3303 (0.3303)  loss_fgl_dn_1: 1.1926 (1.1926)  loss_ddf_dn_1: 0.0112 (0.0112)  loss_vfl_dn_2: 0.3840 (0.3840)  loss_bbox_dn_2: 0.0384 (0.0384)  loss_giou_dn_2: 0.3262 (0.3262)  loss_fgl_dn_2: 1.1931 (1.1931)  loss_ddf_dn_2: -0.0000 (0.0000)  loss_vfl_dn_pre: 0.4543 (0.4543)  loss_bbox_dn_pre: 0.0495 (0.0495)  loss_giou_dn_pre: 0.3961 (0.3961)  time: 0.4680  data: 0.2254  max mem: 5225
Epoch: [16/30]  [44/45]  eta: 0:00:00  lr: 0.000100  loss: 21.0739 (21.0854)  loss_vfl: 0.5114 (0.5095)  loss_bbox: 0.1753 (0.1598)  loss_giou: 0.7446 (0.8044)  loss_fgl: 1.0579 (1.0336)  loss_vfl_aux_0: 0.5791 (0.5674)  loss_bbox_aux_0: 0.2087 (0.2325)  loss_giou_aux_0: 1.0849 (1.1160)  loss_fgl_aux_0: 0.9715 (0.9734)  loss_ddf_aux_0: 0.4346 (0.3901)  loss_vfl_aux_1: 0.4749 (0.4972)  loss_bbox_aux_1: 0.1801 (0.1706)  loss_giou_aux_1: 0.8277 (0.8670)  loss_fgl_aux_1: 1.0506 (1.0160)  loss_ddf_aux_1: 0.0416 (0.0438)  loss_vfl_pre: 0.5703 (0.5717)  loss_bbox_pre: 0.2050 (0.2180)  loss_giou_pre: 1.0958 (1.1109)  loss_vfl_enc_0: 0.2126 (0.2438)  loss_bbox_enc_0: 0.7302 (0.7452)  loss_giou_enc_0: 2.3218 (2.3202)  loss_vfl_dn_0: 0.4681 (0.4697)  loss_bbox_dn_0: 0.0600 (0.0603)  loss_giou_dn_0: 0.4865 (0.4828)  loss_fgl_dn_0: 1.2558 (1.2544)  loss_ddf_dn_0: 0.1607 (0.1809)  loss_vfl_dn_1: 0.4003 (0.3980)  loss_bbox_dn_1: 0.0456 (0.0445)  loss_giou_dn_1: 0.3758 (0.3750)  loss_fgl_dn_1: 1.1978 (1.1989)  loss_ddf_dn_1: 0.0055 (0.0058)  loss_vfl_dn_2: 0.3930 (0.3953)  loss_bbox_dn_2: 0.0453 (0.0444)  loss_giou_dn_2: 0.3720 (0.3738)  loss_fgl_dn_2: 1.1996 (1.1986)  loss_ddf_dn_2: -0.0000 (0.0000)  loss_vfl_dn_pre: 0.4681 (0.4696)  loss_bbox_dn_pre: 0.0602 (0.0602)  loss_giou_dn_pre: 0.4868 (0.4820)  time: 0.2429  data: 0.0119  max mem: 5225
Epoch: [16/30] Total time: 0:00:11 (0.2448 s / it)
Averaged stats: lr: 0.000100  loss: 21.0739 (21.0854)  loss_vfl: 0.5114 (0.5095)  loss_bbox: 0.1753 (0.1598)  loss_giou: 0.7446 (0.8044)  loss_fgl: 1.0579 (1.0336)  loss_vfl_aux_0: 0.5791 (0.5674)  loss_bbox_aux_0: 0.2087 (0.2325)  loss_giou_aux_0: 1.0849 (1.1160)  loss_fgl_aux_0: 0.9715 (0.9734)  loss_ddf_aux_0: 0.4346 (0.3901)  loss_vfl_aux_1: 0.4749 (0.4972)  loss_bbox_aux_1: 0.1801 (0.1706)  loss_giou_aux_1: 0.8277 (0.8670)  loss_fgl_aux_1: 1.0506 (1.0160)  loss_ddf_aux_1: 0.0416 (0.0438)  loss_vfl_pre: 0.5703 (0.5717)  loss_bbox_pre: 0.2050 (0.2180)  loss_giou_pre: 1.0958 (1.1109)  loss_vfl_enc_0: 0.2126 (0.2438)  loss_bbox_enc_0: 0.7302 (0.7452)  loss_giou_enc_0: 2.3218 (2.3202)  loss_vfl_dn_0: 0.4681 (0.4697)  loss_bbox_dn_0: 0.0600 (0.0603)  loss_giou_dn_0: 0.4865 (0.4828)  loss_fgl_dn_0: 1.2558 (1.2544)  loss_ddf_dn_0: 0.1607 (0.1809)  loss_vfl_dn_1: 0.4003 (0.3980)  loss_bbox_dn_1: 0.0456 (0.0445)  loss_giou_dn_1: 0.3758 (0.3750)  loss_fgl_dn_1: 1.1978 (1.1989)  loss_ddf_dn_1: 0.0055 (0.0058)  loss_vfl_dn_2: 0.3930 (0.3953)  loss_bbox_dn_2: 0.0453 (0.0444)  loss_giou_dn_2: 0.3720 (0.3738)  loss_fgl_dn_2: 1.1996 (1.1986)  loss_ddf_dn_2: -0.0000 (0.0000)  loss_vfl_dn_pre: 0.4681 (0.4696)  loss_bbox_dn_pre: 0.0602 (0.0602)  loss_giou_dn_pre: 0.4868 (0.4820)
Test:  [0/8]  eta: 0:00:02    time: 0.3135  data: 0.2568  max mem: 5225
Test:  [7/8]  eta: 0:00:00    time: 0.1031  data: 0.0455  max mem: 5225
Test: Total time: 0:00:00 (0.1076 s / it)
Metrics: {'f1': 0.8729641693811074, 'precision': 0.8121212121212121, 'recall': 0.9436619718309859, 'iou': 0.5490705932495911, 'TPs': 134, 'FPs': 31, 'FNs': 8}
Averaged stats: 
Accumulating evaluation results...
COCOeval_opt.accumulate() finished...
DONE (t=0.01s).
IoU metric: bbox
 Average Precision  (AP) @[ IoU=0.50:0.95 | area=   all | maxDets=100 ] = 0.353
 Average Precision  (AP) @[ IoU=0.50      | area=   all | maxDets=100 ] = 0.904
 Average Precision  (AP) @[ IoU=0.75      | area=   all | maxDets=100 ] = 0.131
 Average Precision  (AP) @[ IoU=0.50:0.95 | area= small | maxDets=100 ] = 0.353
 Average Precision  (AP) @[ IoU=0.50:0.95 | area=medium | maxDets=100 ] = -1.000
 Average Precision  (AP) @[ IoU=0.50:0.95 | area= large | maxDets=100 ] = -1.000
 Average Recall     (AR) @[ IoU=0.50:0.95 | area=   all | maxDets=  1 ] = 0.216
 Average Recall     (AR) @[ IoU=0.50:0.95 | area=   all | maxDets= 10 ] = 0.515
 Average Recall     (AR) @[ IoU=0.50:0.95 | area=   all | maxDets=100 ] = 0.605
 Average Recall     (AR) @[ IoU=0.50:0.95 | area= small | maxDets=100 ] = 0.605
 Average Recall     (AR) @[ IoU=0.50:0.95 | area=medium | maxDets=100 ] = -1.000
 Average Recall     (AR) @[ IoU=0.50:0.95 | area= large | maxDets=100 ] = -1.000
 Average Recall     (AR) @[ IoU=0.50      | area=   all | maxDets=100 ] = 1.000
 Average Recall     (AR) @[ IoU=0.75      | area=   all | maxDets=100 ] = 0.662
best_stat: {'epoch': 12, 'coco_eval_bbox': 0.36801392174479997}
Epoch: [17/30]  [ 0/45]  eta: 0:00:21  lr: 0.000100  loss: 19.3435 (19.3435)  loss_vfl: 0.5661 (0.5661)  loss_bbox: 0.0501 (0.0501)  loss_giou: 0.4202 (0.4202)  loss_fgl: 1.0789 (1.0789)  loss_vfl_aux_0: 0.6721 (0.6721)  loss_bbox_aux_0: 0.1231 (0.1231)  loss_giou_aux_0: 0.8702 (0.8702)  loss_fgl_aux_0: 1.0836 (1.0836)  loss_ddf_aux_0: 0.5545 (0.5545)  loss_vfl_aux_1: 0.5347 (0.5347)  loss_bbox_aux_1: 0.0543 (0.0543)  loss_giou_aux_1: 0.4473 (0.4473)  loss_fgl_aux_1: 1.0858 (1.0858)  loss_ddf_aux_1: 0.0547 (0.0547)  loss_vfl_pre: 0.6874 (0.6874)  loss_bbox_pre: 0.1242 (0.1242)  loss_giou_pre: 0.8654 (0.8654)  loss_vfl_enc_0: 0.2793 (0.2793)  loss_bbox_enc_0: 0.4918 (0.4918)  loss_giou_enc_0: 2.1542 (2.1542)  loss_vfl_dn_0: 0.4633 (0.4633)  loss_bbox_dn_0: 0.0535 (0.0535)  loss_giou_dn_0: 0.4546 (0.4546)  loss_fgl_dn_0: 1.2332 (1.2332)  loss_ddf_dn_0: 0.1486 (0.1486)  loss_vfl_dn_1: 0.3777 (0.3777)  loss_bbox_dn_1: 0.0375 (0.0375)  loss_giou_dn_1: 0.3389 (0.3389)  loss_fgl_dn_1: 1.1584 (1.1584)  loss_ddf_dn_1: 0.0033 (0.0033)  loss_vfl_dn_2: 0.3744 (0.3744)  loss_bbox_dn_2: 0.0369 (0.0369)  loss_giou_dn_2: 0.3345 (0.3345)  loss_fgl_dn_2: 1.1573 (1.1573)  loss_ddf_dn_2: -0.0000 (0.0000)  loss_vfl_dn_pre: 0.4636 (0.4636)  loss_bbox_dn_pre: 0.0540 (0.0540)  loss_giou_dn_pre: 0.4559 (0.4559)  time: 0.4683  data: 0.2310  max mem: 5225
Epoch: [17/30]  [44/45]  eta: 0:00:00  lr: 0.000100  loss: 19.4485 (19.9844)  loss_vfl: 0.4779 (0.5076)  loss_bbox: 0.0722 (0.1045)  loss_giou: 0.5808 (0.6494)  loss_fgl: 1.1318 (1.0857)  loss_vfl_aux_0: 0.6131 (0.5955)  loss_bbox_aux_0: 0.1109 (0.1510)  loss_giou_aux_0: 0.8212 (0.9298)  loss_fgl_aux_0: 1.1291 (1.0631)  loss_ddf_aux_0: 0.3797 (0.5063)  loss_vfl_aux_1: 0.4770 (0.5021)  loss_bbox_aux_1: 0.0839 (0.1102)  loss_giou_aux_1: 0.6380 (0.6862)  loss_fgl_aux_1: 1.1330 (1.0819)  loss_ddf_aux_1: 0.0288 (0.0423)  loss_vfl_pre: 0.6127 (0.5975)  loss_bbox_pre: 0.1089 (0.1486)  loss_giou_pre: 0.8533 (0.9319)  loss_vfl_enc_0: 0.2892 (0.2759)  loss_bbox_enc_0: 0.3536 (0.4970)  loss_giou_enc_0: 1.9762 (2.0849)  loss_vfl_dn_0: 0.4662 (0.4683)  loss_bbox_dn_0: 0.0568 (0.0585)  loss_giou_dn_0: 0.4655 (0.4749)  loss_fgl_dn_0: 1.2515 (1.2580)  loss_ddf_dn_0: 0.1868 (0.1920)  loss_vfl_dn_1: 0.3917 (0.3925)  loss_bbox_dn_1: 0.0405 (0.0426)  loss_giou_dn_1: 0.3539 (0.3611)  loss_fgl_dn_1: 1.1864 (1.1936)  loss_ddf_dn_1: 0.0045 (0.0047)  loss_vfl_dn_2: 0.3905 (0.3899)  loss_bbox_dn_2: 0.0406 (0.0426)  loss_giou_dn_2: 0.3522 (0.3602)  loss_fgl_dn_2: 1.1867 (1.1935)  loss_ddf_dn_2: -0.0000 (0.0000)  loss_vfl_dn_pre: 0.4663 (0.4679)  loss_bbox_dn_pre: 0.0567 (0.0585)  loss_giou_dn_pre: 0.4675 (0.4743)  time: 0.2341  data: 0.0128  max mem: 5225
Epoch: [17/30] Total time: 0:00:10 (0.2408 s / it)
Averaged stats: lr: 0.000100  loss: 19.4485 (19.9844)  loss_vfl: 0.4779 (0.5076)  loss_bbox: 0.0722 (0.1045)  loss_giou: 0.5808 (0.6494)  loss_fgl: 1.1318 (1.0857)  loss_vfl_aux_0: 0.6131 (0.5955)  loss_bbox_aux_0: 0.1109 (0.1510)  loss_giou_aux_0: 0.8212 (0.9298)  loss_fgl_aux_0: 1.1291 (1.0631)  loss_ddf_aux_0: 0.3797 (0.5063)  loss_vfl_aux_1: 0.4770 (0.5021)  loss_bbox_aux_1: 0.0839 (0.1102)  loss_giou_aux_1: 0.6380 (0.6862)  loss_fgl_aux_1: 1.1330 (1.0819)  loss_ddf_aux_1: 0.0288 (0.0423)  loss_vfl_pre: 0.6127 (0.5975)  loss_bbox_pre: 0.1089 (0.1486)  loss_giou_pre: 0.8533 (0.9319)  loss_vfl_enc_0: 0.2892 (0.2759)  loss_bbox_enc_0: 0.3536 (0.4970)  loss_giou_enc_0: 1.9762 (2.0849)  loss_vfl_dn_0: 0.4662 (0.4683)  loss_bbox_dn_0: 0.0568 (0.0585)  loss_giou_dn_0: 0.4655 (0.4749)  loss_fgl_dn_0: 1.2515 (1.2580)  loss_ddf_dn_0: 0.1868 (0.1920)  loss_vfl_dn_1: 0.3917 (0.3925)  loss_bbox_dn_1: 0.0405 (0.0426)  loss_giou_dn_1: 0.3539 (0.3611)  loss_fgl_dn_1: 1.1864 (1.1936)  loss_ddf_dn_1: 0.0045 (0.0047)  loss_vfl_dn_2: 0.3905 (0.3899)  loss_bbox_dn_2: 0.0406 (0.0426)  loss_giou_dn_2: 0.3522 (0.3602)  loss_fgl_dn_2: 1.1867 (1.1935)  loss_ddf_dn_2: -0.0000 (0.0000)  loss_vfl_dn_pre: 0.4663 (0.4679)  loss_bbox_dn_pre: 0.0567 (0.0585)  loss_giou_dn_pre: 0.4675 (0.4743)
Test:  [0/8]  eta: 0:00:02    time: 0.2932  data: 0.2369  max mem: 5225
Test:  [7/8]  eta: 0:00:00    time: 0.0981  data: 0.0427  max mem: 5225
Test: Total time: 0:00:00 (0.1025 s / it)
Metrics: {'f1': 0.8837209302325582, 'precision': 0.8364779874213837, 'recall': 0.9366197183098591, 'iou': 0.5619036817834491, 'TPs': 133, 'FPs': 26, 'FNs': 9}
Averaged stats: 
Accumulating evaluation results...
COCOeval_opt.accumulate() finished...
DONE (t=0.01s).
IoU metric: bbox
 Average Precision  (AP) @[ IoU=0.50:0.95 | area=   all | maxDets=100 ] = 0.365
 Average Precision  (AP) @[ IoU=0.50      | area=   all | maxDets=100 ] = 0.923
 Average Precision  (AP) @[ IoU=0.75      | area=   all | maxDets=100 ] = 0.136
 Average Precision  (AP) @[ IoU=0.50:0.95 | area= small | maxDets=100 ] = 0.365
 Average Precision  (AP) @[ IoU=0.50:0.95 | area=medium | maxDets=100 ] = -1.000
 Average Precision  (AP) @[ IoU=0.50:0.95 | area= large | maxDets=100 ] = -1.000
 Average Recall     (AR) @[ IoU=0.50:0.95 | area=   all | maxDets=  1 ] = 0.217
 Average Recall     (AR) @[ IoU=0.50:0.95 | area=   all | maxDets= 10 ] = 0.512
 Average Recall     (AR) @[ IoU=0.50:0.95 | area=   all | maxDets=100 ] = 0.610
 Average Recall     (AR) @[ IoU=0.50:0.95 | area= small | maxDets=100 ] = 0.610
 Average Recall     (AR) @[ IoU=0.50:0.95 | area=medium | maxDets=100 ] = -1.000
 Average Recall     (AR) @[ IoU=0.50:0.95 | area= large | maxDets=100 ] = -1.000
 Average Recall     (AR) @[ IoU=0.50      | area=   all | maxDets=100 ] = 1.000
 Average Recall     (AR) @[ IoU=0.75      | area=   all | maxDets=100 ] = 0.676
best_stat: {'epoch': 12, 'coco_eval_bbox': 0.36801392174479997}
Epoch: [18/30]  [ 0/45]  eta: 0:00:21  lr: 0.000100  loss: 19.8395 (19.8395)  loss_vfl: 0.5213 (0.5213)  loss_bbox: 0.0909 (0.0909)  loss_giou: 0.6624 (0.6624)  loss_fgl: 1.0991 (1.0991)  loss_vfl_aux_0: 0.6927 (0.6927)  loss_bbox_aux_0: 0.1173 (0.1173)  loss_giou_aux_0: 0.8240 (0.8240)  loss_fgl_aux_0: 1.1048 (1.1048)  loss_ddf_aux_0: 0.5964 (0.5964)  loss_vfl_aux_1: 0.5022 (0.5022)  loss_bbox_aux_1: 0.0921 (0.0921)  loss_giou_aux_1: 0.6649 (0.6649)  loss_fgl_aux_1: 1.0981 (1.0981)  loss_ddf_aux_1: 0.0410 (0.0410)  loss_vfl_pre: 0.6676 (0.6676)  loss_bbox_pre: 0.1187 (0.1187)  loss_giou_pre: 0.8219 (0.8219)  loss_vfl_enc_0: 0.2427 (0.2427)  loss_bbox_enc_0: 0.3582 (0.3582)  loss_giou_enc_0: 1.9985 (1.9985)  loss_vfl_dn_0: 0.4717 (0.4717)  loss_bbox_dn_0: 0.0525 (0.0525)  loss_giou_dn_0: 0.4881 (0.4881)  loss_fgl_dn_0: 1.3170 (1.3170)  loss_ddf_dn_0: 0.1771 (0.1771)  loss_vfl_dn_1: 0.3882 (0.3882)  loss_bbox_dn_1: 0.0359 (0.0359)  loss_giou_dn_1: 0.3630 (0.3630)  loss_fgl_dn_1: 1.2224 (1.2224)  loss_ddf_dn_1: 0.0038 (0.0038)  loss_vfl_dn_2: 0.3874 (0.3874)  loss_bbox_dn_2: 0.0357 (0.0357)  loss_giou_dn_2: 0.3602 (0.3602)  loss_fgl_dn_2: 1.2200 (1.2200)  loss_ddf_dn_2: -0.0000 (0.0000)  loss_vfl_dn_pre: 0.4698 (0.4698)  loss_bbox_dn_pre: 0.0515 (0.0515)  loss_giou_dn_pre: 0.4804 (0.4804)  time: 0.4756  data: 0.2438  max mem: 5225
Epoch: [18/30]  [44/45]  eta: 0:00:00  lr: 0.000100  loss: 19.7756 (19.8647)  loss_vfl: 0.4461 (0.5050)  loss_bbox: 0.0978 (0.1045)  loss_giou: 0.6267 (0.6405)  loss_fgl: 1.1232 (1.1009)  loss_vfl_aux_0: 0.6086 (0.6312)  loss_bbox_aux_0: 0.1406 (0.1468)  loss_giou_aux_0: 0.8625 (0.9088)  loss_fgl_aux_0: 1.0998 (1.0741)  loss_ddf_aux_0: 0.2864 (0.3864)  loss_vfl_aux_1: 0.4875 (0.5136)  loss_bbox_aux_1: 0.1074 (0.1122)  loss_giou_aux_1: 0.6635 (0.6766)  loss_fgl_aux_1: 1.1186 (1.0947)  loss_ddf_aux_1: 0.0250 (0.0352)  loss_vfl_pre: 0.6084 (0.6310)  loss_bbox_pre: 0.1352 (0.1453)  loss_giou_pre: 0.8338 (0.8986)  loss_vfl_enc_0: 0.2601 (0.2574)  loss_bbox_enc_0: 0.4112 (0.5280)  loss_giou_enc_0: 2.0836 (2.0993)  loss_vfl_dn_0: 0.4609 (0.4635)  loss_bbox_dn_0: 0.0569 (0.0564)  loss_giou_dn_0: 0.4559 (0.4584)  loss_fgl_dn_0: 1.2499 (1.2575)  loss_ddf_dn_0: 0.1924 (0.1970)  loss_vfl_dn_1: 0.3882 (0.3890)  loss_bbox_dn_1: 0.0422 (0.0418)  loss_giou_dn_1: 0.3634 (0.3562)  loss_fgl_dn_1: 1.1879 (1.1935)  loss_ddf_dn_1: 0.0061 (0.0063)  loss_vfl_dn_2: 0.3853 (0.3878)  loss_bbox_dn_2: 0.0421 (0.0418)  loss_giou_dn_2: 0.3635 (0.3552)  loss_fgl_dn_2: 1.1886 (1.1938)  loss_ddf_dn_2: -0.0000 (0.0000)  loss_vfl_dn_pre: 0.4612 (0.4631)  loss_bbox_dn_pre: 0.0567 (0.0563)  loss_giou_dn_pre: 0.4570 (0.4572)  time: 0.2349  data: 0.0121  max mem: 5225
Epoch: [18/30] Total time: 0:00:10 (0.2409 s / it)
Averaged stats: lr: 0.000100  loss: 19.7756 (19.8647)  loss_vfl: 0.4461 (0.5050)  loss_bbox: 0.0978 (0.1045)  loss_giou: 0.6267 (0.6405)  loss_fgl: 1.1232 (1.1009)  loss_vfl_aux_0: 0.6086 (0.6312)  loss_bbox_aux_0: 0.1406 (0.1468)  loss_giou_aux_0: 0.8625 (0.9088)  loss_fgl_aux_0: 1.0998 (1.0741)  loss_ddf_aux_0: 0.2864 (0.3864)  loss_vfl_aux_1: 0.4875 (0.5136)  loss_bbox_aux_1: 0.1074 (0.1122)  loss_giou_aux_1: 0.6635 (0.6766)  loss_fgl_aux_1: 1.1186 (1.0947)  loss_ddf_aux_1: 0.0250 (0.0352)  loss_vfl_pre: 0.6084 (0.6310)  loss_bbox_pre: 0.1352 (0.1453)  loss_giou_pre: 0.8338 (0.8986)  loss_vfl_enc_0: 0.2601 (0.2574)  loss_bbox_enc_0: 0.4112 (0.5280)  loss_giou_enc_0: 2.0836 (2.0993)  loss_vfl_dn_0: 0.4609 (0.4635)  loss_bbox_dn_0: 0.0569 (0.0564)  loss_giou_dn_0: 0.4559 (0.4584)  loss_fgl_dn_0: 1.2499 (1.2575)  loss_ddf_dn_0: 0.1924 (0.1970)  loss_vfl_dn_1: 0.3882 (0.3890)  loss_bbox_dn_1: 0.0422 (0.0418)  loss_giou_dn_1: 0.3634 (0.3562)  loss_fgl_dn_1: 1.1879 (1.1935)  loss_ddf_dn_1: 0.0061 (0.0063)  loss_vfl_dn_2: 0.3853 (0.3878)  loss_bbox_dn_2: 0.0421 (0.0418)  loss_giou_dn_2: 0.3635 (0.3552)  loss_fgl_dn_2: 1.1886 (1.1938)  loss_ddf_dn_2: -0.0000 (0.0000)  loss_vfl_dn_pre: 0.4612 (0.4631)  loss_bbox_dn_pre: 0.0567 (0.0563)  loss_giou_dn_pre: 0.4570 (0.4572)
Test:  [0/8]  eta: 0:00:03    time: 0.4998  data: 0.2612  max mem: 5225
Test:  [7/8]  eta: 0:00:00    time: 0.1210  data: 0.0435  max mem: 5225
Test: Total time: 0:00:01 (0.1255 s / it)
Metrics: {'f1': 0.8758169934640523, 'precision': 0.8170731707317073, 'recall': 0.9436619718309859, 'iou': 0.5521988636532495, 'TPs': 134, 'FPs': 30, 'FNs': 8}
Averaged stats: 
Accumulating evaluation results...
COCOeval_opt.accumulate() finished...
DONE (t=0.01s).
IoU metric: bbox
 Average Precision  (AP) @[ IoU=0.50:0.95 | area=   all | maxDets=100 ] = 0.359
 Average Precision  (AP) @[ IoU=0.50      | area=   all | maxDets=100 ] = 0.928
 Average Precision  (AP) @[ IoU=0.75      | area=   all | maxDets=100 ] = 0.143
 Average Precision  (AP) @[ IoU=0.50:0.95 | area= small | maxDets=100 ] = 0.359
 Average Precision  (AP) @[ IoU=0.50:0.95 | area=medium | maxDets=100 ] = -1.000
 Average Precision  (AP) @[ IoU=0.50:0.95 | area= large | maxDets=100 ] = -1.000
 Average Recall     (AR) @[ IoU=0.50:0.95 | area=   all | maxDets=  1 ] = 0.208
 Average Recall     (AR) @[ IoU=0.50:0.95 | area=   all | maxDets= 10 ] = 0.508
 Average Recall     (AR) @[ IoU=0.50:0.95 | area=   all | maxDets=100 ] = 0.600
 Average Recall     (AR) @[ IoU=0.50:0.95 | area= small | maxDets=100 ] = 0.600
 Average Recall     (AR) @[ IoU=0.50:0.95 | area=medium | maxDets=100 ] = -1.000
 Average Recall     (AR) @[ IoU=0.50:0.95 | area= large | maxDets=100 ] = -1.000
 Average Recall     (AR) @[ IoU=0.50      | area=   all | maxDets=100 ] = 1.000
 Average Recall     (AR) @[ IoU=0.75      | area=   all | maxDets=100 ] = 0.669
best_stat: {'epoch': 12, 'coco_eval_bbox': 0.36801392174479997}
Epoch: [19/30]  [ 0/45]  eta: 0:00:20  lr: 0.000100  loss: 19.2018 (19.2018)  loss_vfl: 0.4997 (0.4997)  loss_bbox: 0.0983 (0.0983)  loss_giou: 0.6220 (0.6220)  loss_fgl: 1.1235 (1.1235)  loss_vfl_aux_0: 0.5370 (0.5370)  loss_bbox_aux_0: 0.1249 (0.1249)  loss_giou_aux_0: 0.8388 (0.8388)  loss_fgl_aux_0: 1.1201 (1.1201)  loss_ddf_aux_0: 0.2240 (0.2240)  loss_vfl_aux_1: 0.5009 (0.5009)  loss_bbox_aux_1: 0.1002 (0.1002)  loss_giou_aux_1: 0.6454 (0.6454)  loss_fgl_aux_1: 1.1216 (1.1216)  loss_ddf_aux_1: 0.0173 (0.0173)  loss_vfl_pre: 0.5397 (0.5397)  loss_bbox_pre: 0.1287 (0.1287)  loss_giou_pre: 0.8610 (0.8610)  loss_vfl_enc_0: 0.2660 (0.2660)  loss_bbox_enc_0: 0.3418 (0.3418)  loss_giou_enc_0: 1.9605 (1.9605)  loss_vfl_dn_0: 0.4605 (0.4605)  loss_bbox_dn_0: 0.0625 (0.0625)  loss_giou_dn_0: 0.5059 (0.5059)  loss_fgl_dn_0: 1.2651 (1.2651)  loss_ddf_dn_0: 0.2694 (0.2694)  loss_vfl_dn_1: 0.3846 (0.3846)  loss_bbox_dn_1: 0.0435 (0.0435)  loss_giou_dn_1: 0.3570 (0.3570)  loss_fgl_dn_1: 1.1821 (1.1821)  loss_ddf_dn_1: 0.0111 (0.0111)  loss_vfl_dn_2: 0.3837 (0.3837)  loss_bbox_dn_2: 0.0432 (0.0432)  loss_giou_dn_2: 0.3535 (0.3535)  loss_fgl_dn_2: 1.1803 (1.1803)  loss_ddf_dn_2: -0.0000 (0.0000)  loss_vfl_dn_pre: 0.4604 (0.4604)  loss_bbox_dn_pre: 0.0626 (0.0626)  loss_giou_dn_pre: 0.5053 (0.5053)  time: 0.4637  data: 0.2282  max mem: 5225
Epoch: [19/30]  [44/45]  eta: 0:00:00  lr: 0.000100  loss: 19.6500 (19.5874)  loss_vfl: 0.5191 (0.4959)  loss_bbox: 0.0890 (0.1151)  loss_giou: 0.5712 (0.6114)  loss_fgl: 1.0745 (1.0983)  loss_vfl_aux_0: 0.6113 (0.6107)  loss_bbox_aux_0: 0.1447 (0.1602)  loss_giou_aux_0: 0.8821 (0.8870)  loss_fgl_aux_0: 1.0707 (1.0900)  loss_ddf_aux_0: 0.3569 (0.3216)  loss_vfl_aux_1: 0.5292 (0.5074)  loss_bbox_aux_1: 0.0939 (0.1219)  loss_giou_aux_1: 0.5870 (0.6473)  loss_fgl_aux_1: 1.0804 (1.0941)  loss_ddf_aux_1: 0.0366 (0.0303)  loss_vfl_pre: 0.6141 (0.6120)  loss_bbox_pre: 0.1533 (0.1563)  loss_giou_pre: 0.8804 (0.8847)  loss_vfl_enc_0: 0.1845 (0.2446)  loss_bbox_enc_0: 0.5230 (0.5007)  loss_giou_enc_0: 2.1795 (2.1211)  loss_vfl_dn_0: 0.4569 (0.4584)  loss_bbox_dn_0: 0.0536 (0.0550)  loss_giou_dn_0: 0.4403 (0.4488)  loss_fgl_dn_0: 1.2494 (1.2525)  loss_ddf_dn_0: 0.1878 (0.1972)  loss_vfl_dn_1: 0.3782 (0.3832)  loss_bbox_dn_1: 0.0397 (0.0405)  loss_giou_dn_1: 0.3307 (0.3428)  loss_fgl_dn_1: 1.1771 (1.1838)  loss_ddf_dn_1: 0.0061 (0.0072)  loss_vfl_dn_2: 0.3752 (0.3808)  loss_bbox_dn_2: 0.0401 (0.0404)  loss_giou_dn_2: 0.3302 (0.3414)  loss_fgl_dn_2: 1.1783 (1.1832)  loss_ddf_dn_2: -0.0000 (0.0000)  loss_vfl_dn_pre: 0.4569 (0.4584)  loss_bbox_dn_pre: 0.0532 (0.0550)  loss_giou_dn_pre: 0.4383 (0.4484)  time: 0.2349  data: 0.0122  max mem: 5225
Epoch: [19/30] Total time: 0:00:10 (0.2420 s / it)
Averaged stats: lr: 0.000100  loss: 19.6500 (19.5874)  loss_vfl: 0.5191 (0.4959)  loss_bbox: 0.0890 (0.1151)  loss_giou: 0.5712 (0.6114)  loss_fgl: 1.0745 (1.0983)  loss_vfl_aux_0: 0.6113 (0.6107)  loss_bbox_aux_0: 0.1447 (0.1602)  loss_giou_aux_0: 0.8821 (0.8870)  loss_fgl_aux_0: 1.0707 (1.0900)  loss_ddf_aux_0: 0.3569 (0.3216)  loss_vfl_aux_1: 0.5292 (0.5074)  loss_bbox_aux_1: 0.0939 (0.1219)  loss_giou_aux_1: 0.5870 (0.6473)  loss_fgl_aux_1: 1.0804 (1.0941)  loss_ddf_aux_1: 0.0366 (0.0303)  loss_vfl_pre: 0.6141 (0.6120)  loss_bbox_pre: 0.1533 (0.1563)  loss_giou_pre: 0.8804 (0.8847)  loss_vfl_enc_0: 0.1845 (0.2446)  loss_bbox_enc_0: 0.5230 (0.5007)  loss_giou_enc_0: 2.1795 (2.1211)  loss_vfl_dn_0: 0.4569 (0.4584)  loss_bbox_dn_0: 0.0536 (0.0550)  loss_giou_dn_0: 0.4403 (0.4488)  loss_fgl_dn_0: 1.2494 (1.2525)  loss_ddf_dn_0: 0.1878 (0.1972)  loss_vfl_dn_1: 0.3782 (0.3832)  loss_bbox_dn_1: 0.0397 (0.0405)  loss_giou_dn_1: 0.3307 (0.3428)  loss_fgl_dn_1: 1.1771 (1.1838)  loss_ddf_dn_1: 0.0061 (0.0072)  loss_vfl_dn_2: 0.3752 (0.3808)  loss_bbox_dn_2: 0.0401 (0.0404)  loss_giou_dn_2: 0.3302 (0.3414)  loss_fgl_dn_2: 1.1783 (1.1832)  loss_ddf_dn_2: -0.0000 (0.0000)  loss_vfl_dn_pre: 0.4569 (0.4584)  loss_bbox_dn_pre: 0.0532 (0.0550)  loss_giou_dn_pre: 0.4383 (0.4484)
Test:  [0/8]  eta: 0:00:02    time: 0.3092  data: 0.2522  max mem: 5225
Test:  [7/8]  eta: 0:00:00    time: 0.1003  data: 0.0448  max mem: 5225
Test: Total time: 0:00:00 (0.1047 s / it)
Metrics: {'f1': 0.8844884488448845, 'precision': 0.8322981366459627, 'recall': 0.9436619718309859, 'iou': 0.5630643060926855, 'TPs': 134, 'FPs': 27, 'FNs': 8}
Averaged stats: 
Accumulating evaluation results...
COCOeval_opt.accumulate() finished...
DONE (t=0.01s).
IoU metric: bbox
 Average Precision  (AP) @[ IoU=0.50:0.95 | area=   all | maxDets=100 ] = 0.360
 Average Precision  (AP) @[ IoU=0.50      | area=   all | maxDets=100 ] = 0.931
 Average Precision  (AP) @[ IoU=0.75      | area=   all | maxDets=100 ] = 0.132
 Average Precision  (AP) @[ IoU=0.50:0.95 | area= small | maxDets=100 ] = 0.360
 Average Precision  (AP) @[ IoU=0.50:0.95 | area=medium | maxDets=100 ] = -1.000
 Average Precision  (AP) @[ IoU=0.50:0.95 | area= large | maxDets=100 ] = -1.000
 Average Recall     (AR) @[ IoU=0.50:0.95 | area=   all | maxDets=  1 ] = 0.211
 Average Recall     (AR) @[ IoU=0.50:0.95 | area=   all | maxDets= 10 ] = 0.508
 Average Recall     (AR) @[ IoU=0.50:0.95 | area=   all | maxDets=100 ] = 0.592
 Average Recall     (AR) @[ IoU=0.50:0.95 | area= small | maxDets=100 ] = 0.592
 Average Recall     (AR) @[ IoU=0.50:0.95 | area=medium | maxDets=100 ] = -1.000
 Average Recall     (AR) @[ IoU=0.50:0.95 | area= large | maxDets=100 ] = -1.000
 Average Recall     (AR) @[ IoU=0.50      | area=   all | maxDets=100 ] = 1.000
 Average Recall     (AR) @[ IoU=0.75      | area=   all | maxDets=100 ] = 0.620
best_stat: {'epoch': 12, 'coco_eval_bbox': 0.36801392174479997}
Epoch: [20/30]  [ 0/45]  eta: 0:00:20  lr: 0.000100  loss: 22.4263 (22.4263)  loss_vfl: 0.4748 (0.4748)  loss_bbox: 0.2994 (0.2994)  loss_giou: 0.9917 (0.9917)  loss_fgl: 0.8167 (0.8167)  loss_vfl_aux_0: 0.4023 (0.4023)  loss_bbox_aux_0: 0.4751 (0.4751)  loss_giou_aux_0: 1.7592 (1.7592)  loss_fgl_aux_0: 0.6033 (0.6033)  loss_ddf_aux_0: 0.3345 (0.3345)  loss_vfl_aux_1: 0.4768 (0.4768)  loss_bbox_aux_1: 0.3307 (0.3307)  loss_giou_aux_1: 1.1340 (1.1340)  loss_fgl_aux_1: 0.7897 (0.7897)  loss_ddf_aux_1: 0.0528 (0.0528)  loss_vfl_pre: 0.3970 (0.3970)  loss_bbox_pre: 0.4460 (0.4460)  loss_giou_pre: 1.7047 (1.7047)  loss_vfl_enc_0: 0.1488 (0.1488)  loss_bbox_enc_0: 0.8366 (0.8366)  loss_giou_enc_0: 2.6653 (2.6653)  loss_vfl_dn_0: 0.4535 (0.4535)  loss_bbox_dn_0: 0.0591 (0.0591)  loss_giou_dn_0: 0.4545 (0.4545)  loss_fgl_dn_0: 1.2642 (1.2642)  loss_ddf_dn_0: 0.1004 (0.1004)  loss_vfl_dn_1: 0.3815 (0.3815)  loss_bbox_dn_1: 0.0449 (0.0449)  loss_giou_dn_1: 0.3506 (0.3506)  loss_fgl_dn_1: 1.2181 (1.2181)  loss_ddf_dn_1: 0.0037 (0.0037)  loss_vfl_dn_2: 0.3770 (0.3770)  loss_bbox_dn_2: 0.0445 (0.0445)  loss_giou_dn_2: 0.3476 (0.3476)  loss_fgl_dn_2: 1.2172 (1.2172)  loss_ddf_dn_2: -0.0000 (0.0000)  loss_vfl_dn_pre: 0.4546 (0.4546)  loss_bbox_dn_pre: 0.0593 (0.0593)  loss_giou_dn_pre: 0.4562 (0.4562)  time: 0.4635  data: 0.2281  max mem: 5225
Epoch: [20/30]  [44/45]  eta: 0:00:00  lr: 0.000100  loss: 18.8431 (19.2510)  loss_vfl: 0.4744 (0.4975)  loss_bbox: 0.0659 (0.0825)  loss_giou: 0.4989 (0.5411)  loss_fgl: 1.1793 (1.1377)  loss_vfl_aux_0: 0.6803 (0.6653)  loss_bbox_aux_0: 0.0906 (0.1195)  loss_giou_aux_0: 0.6856 (0.7761)  loss_fgl_aux_0: 1.1826 (1.1320)  loss_ddf_aux_0: 0.3333 (0.3664)  loss_vfl_aux_1: 0.4950 (0.5227)  loss_bbox_aux_1: 0.0670 (0.0867)  loss_giou_aux_1: 0.5066 (0.5686)  loss_fgl_aux_1: 1.1759 (1.1359)  loss_ddf_aux_1: 0.0250 (0.0341)  loss_vfl_pre: 0.6918 (0.6644)  loss_bbox_pre: 0.0909 (0.1185)  loss_giou_pre: 0.6767 (0.7673)  loss_vfl_enc_0: 0.2816 (0.2612)  loss_bbox_enc_0: 0.3315 (0.4509)  loss_giou_enc_0: 1.9262 (2.0076)  loss_vfl_dn_0: 0.4585 (0.4590)  loss_bbox_dn_0: 0.0560 (0.0559)  loss_giou_dn_0: 0.4622 (0.4529)  loss_fgl_dn_0: 1.2424 (1.2545)  loss_ddf_dn_0: 0.2076 (0.1999)  loss_vfl_dn_1: 0.3877 (0.3840)  loss_bbox_dn_1: 0.0419 (0.0411)  loss_giou_dn_1: 0.3544 (0.3476)  loss_fgl_dn_1: 1.1887 (1.1886)  loss_ddf_dn_1: 0.0059 (0.0064)  loss_vfl_dn_2: 0.3846 (0.3816)  loss_bbox_dn_2: 0.0421 (0.0411)  loss_giou_dn_2: 0.3548 (0.3467)  loss_fgl_dn_2: 1.1883 (1.1891)  loss_ddf_dn_2: -0.0000 (0.0000)  loss_vfl_dn_pre: 0.4585 (0.4589)  loss_bbox_dn_pre: 0.0561 (0.0558)  loss_giou_dn_pre: 0.4601 (0.4517)  time: 0.2371  data: 0.0126  max mem: 5225
Epoch: [20/30] Total time: 0:00:11 (0.2497 s / it)
Averaged stats: lr: 0.000100  loss: 18.8431 (19.2510)  loss_vfl: 0.4744 (0.4975)  loss_bbox: 0.0659 (0.0825)  loss_giou: 0.4989 (0.5411)  loss_fgl: 1.1793 (1.1377)  loss_vfl_aux_0: 0.6803 (0.6653)  loss_bbox_aux_0: 0.0906 (0.1195)  loss_giou_aux_0: 0.6856 (0.7761)  loss_fgl_aux_0: 1.1826 (1.1320)  loss_ddf_aux_0: 0.3333 (0.3664)  loss_vfl_aux_1: 0.4950 (0.5227)  loss_bbox_aux_1: 0.0670 (0.0867)  loss_giou_aux_1: 0.5066 (0.5686)  loss_fgl_aux_1: 1.1759 (1.1359)  loss_ddf_aux_1: 0.0250 (0.0341)  loss_vfl_pre: 0.6918 (0.6644)  loss_bbox_pre: 0.0909 (0.1185)  loss_giou_pre: 0.6767 (0.7673)  loss_vfl_enc_0: 0.2816 (0.2612)  loss_bbox_enc_0: 0.3315 (0.4509)  loss_giou_enc_0: 1.9262 (2.0076)  loss_vfl_dn_0: 0.4585 (0.4590)  loss_bbox_dn_0: 0.0560 (0.0559)  loss_giou_dn_0: 0.4622 (0.4529)  loss_fgl_dn_0: 1.2424 (1.2545)  loss_ddf_dn_0: 0.2076 (0.1999)  loss_vfl_dn_1: 0.3877 (0.3840)  loss_bbox_dn_1: 0.0419 (0.0411)  loss_giou_dn_1: 0.3544 (0.3476)  loss_fgl_dn_1: 1.1887 (1.1886)  loss_ddf_dn_1: 0.0059 (0.0064)  loss_vfl_dn_2: 0.3846 (0.3816)  loss_bbox_dn_2: 0.0421 (0.0411)  loss_giou_dn_2: 0.3548 (0.3467)  loss_fgl_dn_2: 1.1883 (1.1891)  loss_ddf_dn_2: -0.0000 (0.0000)  loss_vfl_dn_pre: 0.4585 (0.4589)  loss_bbox_dn_pre: 0.0561 (0.0558)  loss_giou_dn_pre: 0.4601 (0.4517)
Test:  [0/8]  eta: 0:00:02    time: 0.3060  data: 0.2485  max mem: 5225
Test:  [7/8]  eta: 0:00:00    time: 0.1002  data: 0.0443  max mem: 5225
Test: Total time: 0:00:00 (0.1048 s / it)
Metrics: {'f1': 0.8823529411764706, 'precision': 0.823170731707317, 'recall': 0.9507042253521126, 'iou': 0.5614818609945955, 'TPs': 135, 'FPs': 29, 'FNs': 7}
Averaged stats: 
Accumulating evaluation results...
COCOeval_opt.accumulate() finished...
DONE (t=0.01s).
IoU metric: bbox
 Average Precision  (AP) @[ IoU=0.50:0.95 | area=   all | maxDets=100 ] = 0.369
 Average Precision  (AP) @[ IoU=0.50      | area=   all | maxDets=100 ] = 0.923
 Average Precision  (AP) @[ IoU=0.75      | area=   all | maxDets=100 ] = 0.138
 Average Precision  (AP) @[ IoU=0.50:0.95 | area= small | maxDets=100 ] = 0.369
 Average Precision  (AP) @[ IoU=0.50:0.95 | area=medium | maxDets=100 ] = -1.000
 Average Precision  (AP) @[ IoU=0.50:0.95 | area= large | maxDets=100 ] = -1.000
 Average Recall     (AR) @[ IoU=0.50:0.95 | area=   all | maxDets=  1 ] = 0.209
 Average Recall     (AR) @[ IoU=0.50:0.95 | area=   all | maxDets= 10 ] = 0.509
 Average Recall     (AR) @[ IoU=0.50:0.95 | area=   all | maxDets=100 ] = 0.604
 Average Recall     (AR) @[ IoU=0.50:0.95 | area= small | maxDets=100 ] = 0.604
 Average Recall     (AR) @[ IoU=0.50:0.95 | area=medium | maxDets=100 ] = -1.000
 Average Recall     (AR) @[ IoU=0.50:0.95 | area= large | maxDets=100 ] = -1.000
 Average Recall     (AR) @[ IoU=0.50      | area=   all | maxDets=100 ] = 1.000
 Average Recall     (AR) @[ IoU=0.75      | area=   all | maxDets=100 ] = 0.655
best_stat: {'epoch': 20, 'coco_eval_bbox': 0.36904310025408665}
Epoch: [21/30]  [ 0/45]  eta: 0:00:21  lr: 0.000100  loss: 16.9061 (16.9061)  loss_vfl: 0.4099 (0.4099)  loss_bbox: 0.0401 (0.0401)  loss_giou: 0.3231 (0.3231)  loss_fgl: 1.1794 (1.1794)  loss_vfl_aux_0: 0.6526 (0.6526)  loss_bbox_aux_0: 0.0568 (0.0568)  loss_giou_aux_0: 0.4686 (0.4686)  loss_fgl_aux_0: 1.2458 (1.2458)  loss_ddf_aux_0: 0.2832 (0.2832)  loss_vfl_aux_1: 0.4307 (0.4307)  loss_bbox_aux_1: 0.0406 (0.0406)  loss_giou_aux_1: 0.3277 (0.3277)  loss_fgl_aux_1: 1.1834 (1.1834)  loss_ddf_aux_1: 0.0192 (0.0192)  loss_vfl_pre: 0.6520 (0.6520)  loss_bbox_pre: 0.0567 (0.0567)  loss_giou_pre: 0.4714 (0.4714)  loss_vfl_enc_0: 0.2533 (0.2533)  loss_bbox_enc_0: 0.2734 (0.2734)  loss_giou_enc_0: 1.8127 (1.8127)  loss_vfl_dn_0: 0.4356 (0.4356)  loss_bbox_dn_0: 0.0397 (0.0397)  loss_giou_dn_0: 0.3534 (0.3534)  loss_fgl_dn_0: 1.2283 (1.2283)  loss_ddf_dn_0: 0.1621 (0.1621)  loss_vfl_dn_1: 0.3587 (0.3587)  loss_bbox_dn_1: 0.0331 (0.0331)  loss_giou_dn_1: 0.2914 (0.2914)  loss_fgl_dn_1: 1.1562 (1.1562)  loss_ddf_dn_1: 0.0040 (0.0040)  loss_vfl_dn_2: 0.3595 (0.3595)  loss_bbox_dn_2: 0.0327 (0.0327)  loss_giou_dn_2: 0.2874 (0.2874)  loss_fgl_dn_2: 1.1531 (1.1531)  loss_ddf_dn_2: -0.0000 (0.0000)  loss_vfl_dn_pre: 0.4366 (0.4366)  loss_bbox_dn_pre: 0.0397 (0.0397)  loss_giou_dn_pre: 0.3542 (0.3542)  time: 0.4749  data: 0.2425  max mem: 5225
Epoch: [21/30]  [44/45]  eta: 0:00:00  lr: 0.000100  loss: 18.7873 (19.0295)  loss_vfl: 0.4923 (0.4897)  loss_bbox: 0.0681 (0.0839)  loss_giou: 0.4828 (0.5379)  loss_fgl: 1.1445 (1.1437)  loss_vfl_aux_0: 0.6597 (0.6633)  loss_bbox_aux_0: 0.0987 (0.1149)  loss_giou_aux_0: 0.7335 (0.7533)  loss_fgl_aux_0: 1.1704 (1.1561)  loss_ddf_aux_0: 0.2511 (0.2694)  loss_vfl_aux_1: 0.4933 (0.5013)  loss_bbox_aux_1: 0.0707 (0.0875)  loss_giou_aux_1: 0.4928 (0.5583)  loss_fgl_aux_1: 1.1426 (1.1438)  loss_ddf_aux_1: 0.0202 (0.0219)  loss_vfl_pre: 0.6657 (0.6622)  loss_bbox_pre: 0.0989 (0.1134)  loss_giou_pre: 0.7202 (0.7510)  loss_vfl_enc_0: 0.2051 (0.2472)  loss_bbox_enc_0: 0.4492 (0.4363)  loss_giou_enc_0: 2.0913 (2.0514)  loss_vfl_dn_0: 0.4527 (0.4586)  loss_bbox_dn_0: 0.0553 (0.0545)  loss_giou_dn_0: 0.4222 (0.4414)  loss_fgl_dn_0: 1.2432 (1.2540)  loss_ddf_dn_0: 0.1824 (0.1893)  loss_vfl_dn_1: 0.3748 (0.3824)  loss_bbox_dn_1: 0.0405 (0.0399)  loss_giou_dn_1: 0.3266 (0.3385)  loss_fgl_dn_1: 1.1706 (1.1849)  loss_ddf_dn_1: 0.0060 (0.0057)  loss_vfl_dn_2: 0.3726 (0.3795)  loss_bbox_dn_2: 0.0398 (0.0398)  loss_giou_dn_2: 0.3265 (0.3368)  loss_fgl_dn_2: 1.1698 (1.1843)  loss_ddf_dn_2: -0.0000 (0.0000)  loss_vfl_dn_pre: 0.4531 (0.4585)  loss_bbox_dn_pre: 0.0550 (0.0544)  loss_giou_dn_pre: 0.4220 (0.4408)  time: 0.2346  data: 0.0121  max mem: 5225
Epoch: [21/30] Total time: 0:00:10 (0.2416 s / it)
Averaged stats: lr: 0.000100  loss: 18.7873 (19.0295)  loss_vfl: 0.4923 (0.4897)  loss_bbox: 0.0681 (0.0839)  loss_giou: 0.4828 (0.5379)  loss_fgl: 1.1445 (1.1437)  loss_vfl_aux_0: 0.6597 (0.6633)  loss_bbox_aux_0: 0.0987 (0.1149)  loss_giou_aux_0: 0.7335 (0.7533)  loss_fgl_aux_0: 1.1704 (1.1561)  loss_ddf_aux_0: 0.2511 (0.2694)  loss_vfl_aux_1: 0.4933 (0.5013)  loss_bbox_aux_1: 0.0707 (0.0875)  loss_giou_aux_1: 0.4928 (0.5583)  loss_fgl_aux_1: 1.1426 (1.1438)  loss_ddf_aux_1: 0.0202 (0.0219)  loss_vfl_pre: 0.6657 (0.6622)  loss_bbox_pre: 0.0989 (0.1134)  loss_giou_pre: 0.7202 (0.7510)  loss_vfl_enc_0: 0.2051 (0.2472)  loss_bbox_enc_0: 0.4492 (0.4363)  loss_giou_enc_0: 2.0913 (2.0514)  loss_vfl_dn_0: 0.4527 (0.4586)  loss_bbox_dn_0: 0.0553 (0.0545)  loss_giou_dn_0: 0.4222 (0.4414)  loss_fgl_dn_0: 1.2432 (1.2540)  loss_ddf_dn_0: 0.1824 (0.1893)  loss_vfl_dn_1: 0.3748 (0.3824)  loss_bbox_dn_1: 0.0405 (0.0399)  loss_giou_dn_1: 0.3266 (0.3385)  loss_fgl_dn_1: 1.1706 (1.1849)  loss_ddf_dn_1: 0.0060 (0.0057)  loss_vfl_dn_2: 0.3726 (0.3795)  loss_bbox_dn_2: 0.0398 (0.0398)  loss_giou_dn_2: 0.3265 (0.3368)  loss_fgl_dn_2: 1.1698 (1.1843)  loss_ddf_dn_2: -0.0000 (0.0000)  loss_vfl_dn_pre: 0.4531 (0.4585)  loss_bbox_dn_pre: 0.0550 (0.0544)  loss_giou_dn_pre: 0.4220 (0.4408)
Test:  [0/8]  eta: 0:00:02    time: 0.3087  data: 0.2499  max mem: 5225
Test:  [7/8]  eta: 0:00:00    time: 0.1043  data: 0.0443  max mem: 5225
Test: Total time: 0:00:00 (0.1087 s / it)
Metrics: {'f1': 0.8802588996763754, 'precision': 0.8143712574850299, 'recall': 0.9577464788732394, 'iou': 0.5563972240927592, 'TPs': 136, 'FPs': 31, 'FNs': 6}
Averaged stats: 
Accumulating evaluation results...
COCOeval_opt.accumulate() finished...
DONE (t=0.01s).
IoU metric: bbox
 Average Precision  (AP) @[ IoU=0.50:0.95 | area=   all | maxDets=100 ] = 0.366
 Average Precision  (AP) @[ IoU=0.50      | area=   all | maxDets=100 ] = 0.936
 Average Precision  (AP) @[ IoU=0.75      | area=   all | maxDets=100 ] = 0.140
 Average Precision  (AP) @[ IoU=0.50:0.95 | area= small | maxDets=100 ] = 0.366
 Average Precision  (AP) @[ IoU=0.50:0.95 | area=medium | maxDets=100 ] = -1.000
 Average Precision  (AP) @[ IoU=0.50:0.95 | area= large | maxDets=100 ] = -1.000
 Average Recall     (AR) @[ IoU=0.50:0.95 | area=   all | maxDets=  1 ] = 0.213
 Average Recall     (AR) @[ IoU=0.50:0.95 | area=   all | maxDets= 10 ] = 0.504
 Average Recall     (AR) @[ IoU=0.50:0.95 | area=   all | maxDets=100 ] = 0.599
 Average Recall     (AR) @[ IoU=0.50:0.95 | area= small | maxDets=100 ] = 0.599
 Average Recall     (AR) @[ IoU=0.50:0.95 | area=medium | maxDets=100 ] = -1.000
 Average Recall     (AR) @[ IoU=0.50:0.95 | area= large | maxDets=100 ] = -1.000
 Average Recall     (AR) @[ IoU=0.50      | area=   all | maxDets=100 ] = 1.000
 Average Recall     (AR) @[ IoU=0.75      | area=   all | maxDets=100 ] = 0.620
best_stat: {'epoch': 20, 'coco_eval_bbox': 0.36904310025408665}
Epoch: [22/30]  [ 0/45]  eta: 0:00:21  lr: 0.000100  loss: 20.7221 (20.7221)  loss_vfl: 0.6771 (0.6771)  loss_bbox: 0.0870 (0.0870)  loss_giou: 0.6348 (0.6348)  loss_fgl: 1.1670 (1.1670)  loss_vfl_aux_0: 0.7391 (0.7391)  loss_bbox_aux_0: 0.1275 (0.1275)  loss_giou_aux_0: 0.9305 (0.9305)  loss_fgl_aux_0: 1.1203 (1.1203)  loss_ddf_aux_0: 0.2611 (0.2611)  loss_vfl_aux_1: 0.6654 (0.6654)  loss_bbox_aux_1: 0.0981 (0.0981)  loss_giou_aux_1: 0.7236 (0.7236)  loss_fgl_aux_1: 1.1446 (1.1446)  loss_ddf_aux_1: 0.0337 (0.0337)  loss_vfl_pre: 0.7358 (0.7358)  loss_bbox_pre: 0.1300 (0.1300)  loss_giou_pre: 0.9196 (0.9196)  loss_vfl_enc_0: 0.2800 (0.2800)  loss_bbox_enc_0: 0.4773 (0.4773)  loss_giou_enc_0: 2.1475 (2.1475)  loss_vfl_dn_0: 0.4725 (0.4725)  loss_bbox_dn_0: 0.0585 (0.0585)  loss_giou_dn_0: 0.5094 (0.5094)  loss_fgl_dn_0: 1.2601 (1.2601)  loss_ddf_dn_0: 0.1693 (0.1693)  loss_vfl_dn_1: 0.4114 (0.4114)  loss_bbox_dn_1: 0.0429 (0.0429)  loss_giou_dn_1: 0.4022 (0.4022)  loss_fgl_dn_1: 1.2011 (1.2011)  loss_ddf_dn_1: 0.0041 (0.0041)  loss_vfl_dn_2: 0.4048 (0.4048)  loss_bbox_dn_2: 0.0430 (0.0430)  loss_giou_dn_2: 0.4017 (0.4017)  loss_fgl_dn_2: 1.2009 (1.2009)  loss_ddf_dn_2: -0.0000 (0.0000)  loss_vfl_dn_pre: 0.4714 (0.4714)  loss_bbox_dn_pre: 0.0587 (0.0587)  loss_giou_dn_pre: 0.5101 (0.5101)  time: 0.4678  data: 0.2266  max mem: 5225
Epoch: [22/30]  [44/45]  eta: 0:00:00  lr: 0.000100  loss: 19.4624 (19.4122)  loss_vfl: 0.4884 (0.4938)  loss_bbox: 0.0783 (0.0968)  loss_giou: 0.5525 (0.5818)  loss_fgl: 1.1014 (1.1051)  loss_vfl_aux_0: 0.6538 (0.6306)  loss_bbox_aux_0: 0.1263 (0.1372)  loss_giou_aux_0: 0.8471 (0.8696)  loss_fgl_aux_0: 1.0976 (1.1018)  loss_ddf_aux_0: 0.3455 (0.3175)  loss_vfl_aux_1: 0.5266 (0.5154)  loss_bbox_aux_1: 0.0848 (0.1016)  loss_giou_aux_1: 0.5875 (0.6101)  loss_fgl_aux_1: 1.1012 (1.1014)  loss_ddf_aux_1: 0.0318 (0.0293)  loss_vfl_pre: 0.6405 (0.6278)  loss_bbox_pre: 0.1285 (0.1388)  loss_giou_pre: 0.8433 (0.8650)  loss_vfl_enc_0: 0.1740 (0.1951)  loss_bbox_enc_0: 0.5165 (0.4994)  loss_giou_enc_0: 2.2352 (2.2167)  loss_vfl_dn_0: 0.4532 (0.4545)  loss_bbox_dn_0: 0.0509 (0.0534)  loss_giou_dn_0: 0.4342 (0.4307)  loss_fgl_dn_0: 1.2420 (1.2487)  loss_ddf_dn_0: 0.2050 (0.2063)  loss_vfl_dn_1: 0.3749 (0.3778)  loss_bbox_dn_1: 0.0372 (0.0392)  loss_giou_dn_1: 0.3269 (0.3292)  loss_fgl_dn_1: 1.1726 (1.1752)  loss_ddf_dn_1: 0.0069 (0.0067)  loss_vfl_dn_2: 0.3747 (0.3751)  loss_bbox_dn_2: 0.0370 (0.0392)  loss_giou_dn_2: 0.3238 (0.3285)  loss_fgl_dn_2: 1.1713 (1.1757)  loss_ddf_dn_2: -0.0000 (0.0000)  loss_vfl_dn_pre: 0.4529 (0.4541)  loss_bbox_dn_pre: 0.0504 (0.0533)  loss_giou_dn_pre: 0.4302 (0.4297)  time: 0.2323  data: 0.0118  max mem: 5225
Epoch: [22/30] Total time: 0:00:10 (0.2421 s / it)
Averaged stats: lr: 0.000100  loss: 19.4624 (19.4122)  loss_vfl: 0.4884 (0.4938)  loss_bbox: 0.0783 (0.0968)  loss_giou: 0.5525 (0.5818)  loss_fgl: 1.1014 (1.1051)  loss_vfl_aux_0: 0.6538 (0.6306)  loss_bbox_aux_0: 0.1263 (0.1372)  loss_giou_aux_0: 0.8471 (0.8696)  loss_fgl_aux_0: 1.0976 (1.1018)  loss_ddf_aux_0: 0.3455 (0.3175)  loss_vfl_aux_1: 0.5266 (0.5154)  loss_bbox_aux_1: 0.0848 (0.1016)  loss_giou_aux_1: 0.5875 (0.6101)  loss_fgl_aux_1: 1.1012 (1.1014)  loss_ddf_aux_1: 0.0318 (0.0293)  loss_vfl_pre: 0.6405 (0.6278)  loss_bbox_pre: 0.1285 (0.1388)  loss_giou_pre: 0.8433 (0.8650)  loss_vfl_enc_0: 0.1740 (0.1951)  loss_bbox_enc_0: 0.5165 (0.4994)  loss_giou_enc_0: 2.2352 (2.2167)  loss_vfl_dn_0: 0.4532 (0.4545)  loss_bbox_dn_0: 0.0509 (0.0534)  loss_giou_dn_0: 0.4342 (0.4307)  loss_fgl_dn_0: 1.2420 (1.2487)  loss_ddf_dn_0: 0.2050 (0.2063)  loss_vfl_dn_1: 0.3749 (0.3778)  loss_bbox_dn_1: 0.0372 (0.0392)  loss_giou_dn_1: 0.3269 (0.3292)  loss_fgl_dn_1: 1.1726 (1.1752)  loss_ddf_dn_1: 0.0069 (0.0067)  loss_vfl_dn_2: 0.3747 (0.3751)  loss_bbox_dn_2: 0.0370 (0.0392)  loss_giou_dn_2: 0.3238 (0.3285)  loss_fgl_dn_2: 1.1713 (1.1757)  loss_ddf_dn_2: -0.0000 (0.0000)  loss_vfl_dn_pre: 0.4529 (0.4541)  loss_bbox_dn_pre: 0.0504 (0.0533)  loss_giou_dn_pre: 0.4302 (0.4297)
Test:  [0/8]  eta: 0:00:02    time: 0.2965  data: 0.2388  max mem: 5225
Test:  [7/8]  eta: 0:00:00    time: 0.0986  data: 0.0426  max mem: 5225
Test: Total time: 0:00:00 (0.1029 s / it)
Metrics: {'f1': 0.8802588996763754, 'precision': 0.8143712574850299, 'recall': 0.9577464788732394, 'iou': 0.5566491298592848, 'TPs': 136, 'FPs': 31, 'FNs': 6}
Averaged stats: 
Accumulating evaluation results...
COCOeval_opt.accumulate() finished...
DONE (t=0.01s).
IoU metric: bbox
 Average Precision  (AP) @[ IoU=0.50:0.95 | area=   all | maxDets=100 ] = 0.369
 Average Precision  (AP) @[ IoU=0.50      | area=   all | maxDets=100 ] = 0.941
 Average Precision  (AP) @[ IoU=0.75      | area=   all | maxDets=100 ] = 0.134
 Average Precision  (AP) @[ IoU=0.50:0.95 | area= small | maxDets=100 ] = 0.369
 Average Precision  (AP) @[ IoU=0.50:0.95 | area=medium | maxDets=100 ] = -1.000
 Average Precision  (AP) @[ IoU=0.50:0.95 | area= large | maxDets=100 ] = -1.000
 Average Recall     (AR) @[ IoU=0.50:0.95 | area=   all | maxDets=  1 ] = 0.208
 Average Recall     (AR) @[ IoU=0.50:0.95 | area=   all | maxDets= 10 ] = 0.504
 Average Recall     (AR) @[ IoU=0.50:0.95 | area=   all | maxDets=100 ] = 0.596
 Average Recall     (AR) @[ IoU=0.50:0.95 | area= small | maxDets=100 ] = 0.596
 Average Recall     (AR) @[ IoU=0.50:0.95 | area=medium | maxDets=100 ] = -1.000
 Average Recall     (AR) @[ IoU=0.50:0.95 | area= large | maxDets=100 ] = -1.000
 Average Recall     (AR) @[ IoU=0.50      | area=   all | maxDets=100 ] = 1.000
 Average Recall     (AR) @[ IoU=0.75      | area=   all | maxDets=100 ] = 0.627
best_stat: {'epoch': 22, 'coco_eval_bbox': 0.3692279586322113}
Epoch: [23/30]  [ 0/45]  eta: 0:00:21  lr: 0.000100  loss: 18.2414 (18.2414)  loss_vfl: 0.4606 (0.4606)  loss_bbox: 0.0486 (0.0486)  loss_giou: 0.4199 (0.4199)  loss_fgl: 1.1706 (1.1706)  loss_vfl_aux_0: 0.7501 (0.7501)  loss_bbox_aux_0: 0.0758 (0.0758)  loss_giou_aux_0: 0.5940 (0.5940)  loss_fgl_aux_0: 1.1904 (1.1904)  loss_ddf_aux_0: 0.2832 (0.2832)  loss_vfl_aux_1: 0.5254 (0.5254)  loss_bbox_aux_1: 0.0491 (0.0491)  loss_giou_aux_1: 0.4202 (0.4202)  loss_fgl_aux_1: 1.1668 (1.1668)  loss_ddf_aux_1: 0.0268 (0.0268)  loss_vfl_pre: 0.7442 (0.7442)  loss_bbox_pre: 0.0762 (0.0762)  loss_giou_pre: 0.5949 (0.5949)  loss_vfl_enc_0: 0.1653 (0.1653)  loss_bbox_enc_0: 0.4606 (0.4606)  loss_giou_enc_0: 2.0956 (2.0956)  loss_vfl_dn_0: 0.4557 (0.4557)  loss_bbox_dn_0: 0.0463 (0.0463)  loss_giou_dn_0: 0.4123 (0.4123)  loss_fgl_dn_0: 1.2129 (1.2129)  loss_ddf_dn_0: 0.1593 (0.1593)  loss_vfl_dn_1: 0.3760 (0.3760)  loss_bbox_dn_1: 0.0328 (0.0328)  loss_giou_dn_1: 0.3079 (0.3079)  loss_fgl_dn_1: 1.1417 (1.1417)  loss_ddf_dn_1: 0.0052 (0.0052)  loss_vfl_dn_2: 0.3765 (0.3765)  loss_bbox_dn_2: 0.0331 (0.0331)  loss_giou_dn_2: 0.3090 (0.3090)  loss_fgl_dn_2: 1.1425 (1.1425)  loss_ddf_dn_2: -0.0000 (0.0000)  loss_vfl_dn_pre: 0.4553 (0.4553)  loss_bbox_dn_pre: 0.0459 (0.0459)  loss_giou_dn_pre: 0.4105 (0.4105)  time: 0.4728  data: 0.2410  max mem: 5225
Epoch: [23/30]  [44/45]  eta: 0:00:00  lr: 0.000100  loss: 18.5173 (18.8266)  loss_vfl: 0.4532 (0.4798)  loss_bbox: 0.0792 (0.0860)  loss_giou: 0.5095 (0.5387)  loss_fgl: 1.1210 (1.1080)  loss_vfl_aux_0: 0.6112 (0.6268)  loss_bbox_aux_0: 0.1155 (0.1211)  loss_giou_aux_0: 0.7481 (0.7880)  loss_fgl_aux_0: 1.1472 (1.1245)  loss_ddf_aux_0: 0.2480 (0.3169)  loss_vfl_aux_1: 0.4711 (0.5060)  loss_bbox_aux_1: 0.0853 (0.0900)  loss_giou_aux_1: 0.5605 (0.5651)  loss_fgl_aux_1: 1.1219 (1.1069)  loss_ddf_aux_1: 0.0219 (0.0277)  loss_vfl_pre: 0.6168 (0.6298)  loss_bbox_pre: 0.1095 (0.1190)  loss_giou_pre: 0.7518 (0.7816)  loss_vfl_enc_0: 0.2956 (0.2563)  loss_bbox_enc_0: 0.4126 (0.4536)  loss_giou_enc_0: 1.9185 (2.0553)  loss_vfl_dn_0: 0.4472 (0.4487)  loss_bbox_dn_0: 0.0513 (0.0503)  loss_giou_dn_0: 0.4075 (0.4116)  loss_fgl_dn_0: 1.2454 (1.2446)  loss_ddf_dn_0: 0.1934 (0.1974)  loss_vfl_dn_1: 0.3709 (0.3704)  loss_bbox_dn_1: 0.0385 (0.0374)  loss_giou_dn_1: 0.3226 (0.3151)  loss_fgl_dn_1: 1.1719 (1.1673)  loss_ddf_dn_1: 0.0060 (0.0073)  loss_vfl_dn_2: 0.3706 (0.3685)  loss_bbox_dn_2: 0.0381 (0.0373)  loss_giou_dn_2: 0.3243 (0.3141)  loss_fgl_dn_2: 1.1712 (1.1666)  loss_ddf_dn_2: -0.0000 (0.0000)  loss_vfl_dn_pre: 0.4475 (0.4482)  loss_bbox_dn_pre: 0.0509 (0.0502)  loss_giou_dn_pre: 0.4064 (0.4106)  time: 0.2322  data: 0.0120  max mem: 5225
Epoch: [23/30] Total time: 0:00:10 (0.2406 s / it)
Averaged stats: lr: 0.000100  loss: 18.5173 (18.8266)  loss_vfl: 0.4532 (0.4798)  loss_bbox: 0.0792 (0.0860)  loss_giou: 0.5095 (0.5387)  loss_fgl: 1.1210 (1.1080)  loss_vfl_aux_0: 0.6112 (0.6268)  loss_bbox_aux_0: 0.1155 (0.1211)  loss_giou_aux_0: 0.7481 (0.7880)  loss_fgl_aux_0: 1.1472 (1.1245)  loss_ddf_aux_0: 0.2480 (0.3169)  loss_vfl_aux_1: 0.4711 (0.5060)  loss_bbox_aux_1: 0.0853 (0.0900)  loss_giou_aux_1: 0.5605 (0.5651)  loss_fgl_aux_1: 1.1219 (1.1069)  loss_ddf_aux_1: 0.0219 (0.0277)  loss_vfl_pre: 0.6168 (0.6298)  loss_bbox_pre: 0.1095 (0.1190)  loss_giou_pre: 0.7518 (0.7816)  loss_vfl_enc_0: 0.2956 (0.2563)  loss_bbox_enc_0: 0.4126 (0.4536)  loss_giou_enc_0: 1.9185 (2.0553)  loss_vfl_dn_0: 0.4472 (0.4487)  loss_bbox_dn_0: 0.0513 (0.0503)  loss_giou_dn_0: 0.4075 (0.4116)  loss_fgl_dn_0: 1.2454 (1.2446)  loss_ddf_dn_0: 0.1934 (0.1974)  loss_vfl_dn_1: 0.3709 (0.3704)  loss_bbox_dn_1: 0.0385 (0.0374)  loss_giou_dn_1: 0.3226 (0.3151)  loss_fgl_dn_1: 1.1719 (1.1673)  loss_ddf_dn_1: 0.0060 (0.0073)  loss_vfl_dn_2: 0.3706 (0.3685)  loss_bbox_dn_2: 0.0381 (0.0373)  loss_giou_dn_2: 0.3243 (0.3141)  loss_fgl_dn_2: 1.1712 (1.1666)  loss_ddf_dn_2: -0.0000 (0.0000)  loss_vfl_dn_pre: 0.4475 (0.4482)  loss_bbox_dn_pre: 0.0509 (0.0502)  loss_giou_dn_pre: 0.4064 (0.4106)
Test:  [0/8]  eta: 0:00:02    time: 0.2948  data: 0.2389  max mem: 5225
Test:  [7/8]  eta: 0:00:00    time: 0.1185  data: 0.0407  max mem: 5225
Test: Total time: 0:00:00 (0.1232 s / it)
Metrics: {'f1': 0.8766233766233766, 'precision': 0.8132530120481928, 'recall': 0.9507042253521126, 'iou': 0.5548645885004474, 'TPs': 135, 'FPs': 31, 'FNs': 7}
Averaged stats: 
Accumulating evaluation results...
COCOeval_opt.accumulate() finished...
DONE (t=0.01s).
IoU metric: bbox
 Average Precision  (AP) @[ IoU=0.50:0.95 | area=   all | maxDets=100 ] = 0.357
 Average Precision  (AP) @[ IoU=0.50      | area=   all | maxDets=100 ] = 0.908
 Average Precision  (AP) @[ IoU=0.75      | area=   all | maxDets=100 ] = 0.107
 Average Precision  (AP) @[ IoU=0.50:0.95 | area= small | maxDets=100 ] = 0.357
 Average Precision  (AP) @[ IoU=0.50:0.95 | area=medium | maxDets=100 ] = -1.000
 Average Precision  (AP) @[ IoU=0.50:0.95 | area= large | maxDets=100 ] = -1.000
 Average Recall     (AR) @[ IoU=0.50:0.95 | area=   all | maxDets=  1 ] = 0.202
 Average Recall     (AR) @[ IoU=0.50:0.95 | area=   all | maxDets= 10 ] = 0.499
 Average Recall     (AR) @[ IoU=0.50:0.95 | area=   all | maxDets=100 ] = 0.604
 Average Recall     (AR) @[ IoU=0.50:0.95 | area= small | maxDets=100 ] = 0.604
 Average Recall     (AR) @[ IoU=0.50:0.95 | area=medium | maxDets=100 ] = -1.000
 Average Recall     (AR) @[ IoU=0.50:0.95 | area= large | maxDets=100 ] = -1.000
 Average Recall     (AR) @[ IoU=0.50      | area=   all | maxDets=100 ] = 1.000
 Average Recall     (AR) @[ IoU=0.75      | area=   all | maxDets=100 ] = 0.620
best_stat: {'epoch': 22, 'coco_eval_bbox': 0.3692279586322113}
Epoch: [24/30]  [ 0/45]  eta: 0:00:20  lr: 0.000010  loss: 18.4435 (18.4435)  loss_vfl: 0.5081 (0.5081)  loss_bbox: 0.0422 (0.0422)  loss_giou: 0.3935 (0.3935)  loss_fgl: 1.1787 (1.1787)  loss_vfl_aux_0: 0.5829 (0.5829)  loss_bbox_aux_0: 0.0863 (0.0863)  loss_giou_aux_0: 0.7141 (0.7141)  loss_fgl_aux_0: 1.1897 (1.1897)  loss_ddf_aux_0: 0.2780 (0.2780)  loss_vfl_aux_1: 0.5228 (0.5228)  loss_bbox_aux_1: 0.0486 (0.0486)  loss_giou_aux_1: 0.4633 (0.4633)  loss_fgl_aux_1: 1.1668 (1.1668)  loss_ddf_aux_1: 0.0283 (0.0283)  loss_vfl_pre: 0.6311 (0.6311)  loss_bbox_pre: 0.0813 (0.0813)  loss_giou_pre: 0.6688 (0.6688)  loss_vfl_enc_0: 0.1816 (0.1816)  loss_bbox_enc_0: 0.3852 (0.3852)  loss_giou_enc_0: 2.1980 (2.1980)  loss_vfl_dn_0: 0.4491 (0.4491)  loss_bbox_dn_0: 0.0481 (0.0481)  loss_giou_dn_0: 0.4353 (0.4353)  loss_fgl_dn_0: 1.2550 (1.2550)  loss_ddf_dn_0: 0.1998 (0.1998)  loss_vfl_dn_1: 0.3722 (0.3722)  loss_bbox_dn_1: 0.0337 (0.0337)  loss_giou_dn_1: 0.3169 (0.3169)  loss_fgl_dn_1: 1.1744 (1.1744)  loss_ddf_dn_1: 0.0036 (0.0036)  loss_vfl_dn_2: 0.3655 (0.3655)  loss_bbox_dn_2: 0.0326 (0.0326)  loss_giou_dn_2: 0.3089 (0.3089)  loss_fgl_dn_2: 1.1689 (1.1689)  loss_ddf_dn_2: -0.0000 (0.0000)  loss_vfl_dn_pre: 0.4488 (0.4488)  loss_bbox_dn_pre: 0.0479 (0.0479)  loss_giou_dn_pre: 0.4339 (0.4339)  time: 0.4610  data: 0.2335  max mem: 5225
Epoch: [24/30]  [44/45]  eta: 0:00:00  lr: 0.000010  loss: 17.5692 (17.6487)  loss_vfl: 0.4429 (0.4497)  loss_bbox: 0.0471 (0.0573)  loss_giou: 0.3629 (0.4065)  loss_fgl: 1.1669 (1.1622)  loss_vfl_aux_0: 0.6764 (0.6642)  loss_bbox_aux_0: 0.0681 (0.0795)  loss_giou_aux_0: 0.5314 (0.5903)  loss_fgl_aux_0: 1.2113 (1.2145)  loss_ddf_aux_0: 0.2152 (0.2268)  loss_vfl_aux_1: 0.4596 (0.4658)  loss_bbox_aux_1: 0.0483 (0.0586)  loss_giou_aux_1: 0.3725 (0.4198)  loss_fgl_aux_1: 1.1720 (1.1646)  loss_ddf_aux_1: 0.0159 (0.0180)  loss_vfl_pre: 0.6750 (0.6645)  loss_bbox_pre: 0.0689 (0.0789)  loss_giou_pre: 0.5320 (0.5869)  loss_vfl_enc_0: 0.2865 (0.2822)  loss_bbox_enc_0: 0.3479 (0.3504)  loss_giou_enc_0: 1.9196 (1.9114)  loss_vfl_dn_0: 0.4386 (0.4397)  loss_bbox_dn_0: 0.0470 (0.0459)  loss_giou_dn_0: 0.3778 (0.3763)  loss_fgl_dn_0: 1.2271 (1.2333)  loss_ddf_dn_0: 0.1710 (0.1770)  loss_vfl_dn_1: 0.3562 (0.3552)  loss_bbox_dn_1: 0.0343 (0.0341)  loss_giou_dn_1: 0.2945 (0.2891)  loss_fgl_dn_1: 1.1462 (1.1521)  loss_ddf_dn_1: 0.0057 (0.0057)  loss_vfl_dn_2: 0.3538 (0.3534)  loss_bbox_dn_2: 0.0341 (0.0338)  loss_giou_dn_2: 0.2924 (0.2868)  loss_fgl_dn_2: 1.1445 (1.1506)  loss_ddf_dn_2: -0.0000 (0.0000)  loss_vfl_dn_pre: 0.4394 (0.4400)  loss_bbox_dn_pre: 0.0472 (0.0460)  loss_giou_dn_pre: 0.3799 (0.3774)  time: 0.2301  data: 0.0118  max mem: 5225
Epoch: [24/30] Total time: 0:00:10 (0.2365 s / it)
Averaged stats: lr: 0.000010  loss: 17.5692 (17.6487)  loss_vfl: 0.4429 (0.4497)  loss_bbox: 0.0471 (0.0573)  loss_giou: 0.3629 (0.4065)  loss_fgl: 1.1669 (1.1622)  loss_vfl_aux_0: 0.6764 (0.6642)  loss_bbox_aux_0: 0.0681 (0.0795)  loss_giou_aux_0: 0.5314 (0.5903)  loss_fgl_aux_0: 1.2113 (1.2145)  loss_ddf_aux_0: 0.2152 (0.2268)  loss_vfl_aux_1: 0.4596 (0.4658)  loss_bbox_aux_1: 0.0483 (0.0586)  loss_giou_aux_1: 0.3725 (0.4198)  loss_fgl_aux_1: 1.1720 (1.1646)  loss_ddf_aux_1: 0.0159 (0.0180)  loss_vfl_pre: 0.6750 (0.6645)  loss_bbox_pre: 0.0689 (0.0789)  loss_giou_pre: 0.5320 (0.5869)  loss_vfl_enc_0: 0.2865 (0.2822)  loss_bbox_enc_0: 0.3479 (0.3504)  loss_giou_enc_0: 1.9196 (1.9114)  loss_vfl_dn_0: 0.4386 (0.4397)  loss_bbox_dn_0: 0.0470 (0.0459)  loss_giou_dn_0: 0.3778 (0.3763)  loss_fgl_dn_0: 1.2271 (1.2333)  loss_ddf_dn_0: 0.1710 (0.1770)  loss_vfl_dn_1: 0.3562 (0.3552)  loss_bbox_dn_1: 0.0343 (0.0341)  loss_giou_dn_1: 0.2945 (0.2891)  loss_fgl_dn_1: 1.1462 (1.1521)  loss_ddf_dn_1: 0.0057 (0.0057)  loss_vfl_dn_2: 0.3538 (0.3534)  loss_bbox_dn_2: 0.0341 (0.0338)  loss_giou_dn_2: 0.2924 (0.2868)  loss_fgl_dn_2: 1.1445 (1.1506)  loss_ddf_dn_2: -0.0000 (0.0000)  loss_vfl_dn_pre: 0.4394 (0.4400)  loss_bbox_dn_pre: 0.0472 (0.0460)  loss_giou_dn_pre: 0.3799 (0.3774)
Test:  [0/8]  eta: 0:00:02    time: 0.2982  data: 0.2431  max mem: 5225
Test:  [7/8]  eta: 0:00:00    time: 0.0989  data: 0.0439  max mem: 5225
Test: Total time: 0:00:00 (0.1032 s / it)
Metrics: {'f1': 0.8823529411764706, 'precision': 0.823170731707317, 'recall': 0.9507042253521126, 'iou': 0.5615075889386629, 'TPs': 135, 'FPs': 29, 'FNs': 7}
Averaged stats: 
Accumulating evaluation results...
COCOeval_opt.accumulate() finished...
DONE (t=0.01s).
IoU metric: bbox
 Average Precision  (AP) @[ IoU=0.50:0.95 | area=   all | maxDets=100 ] = 0.360
 Average Precision  (AP) @[ IoU=0.50      | area=   all | maxDets=100 ] = 0.916
 Average Precision  (AP) @[ IoU=0.75      | area=   all | maxDets=100 ] = 0.134
 Average Precision  (AP) @[ IoU=0.50:0.95 | area= small | maxDets=100 ] = 0.360
 Average Precision  (AP) @[ IoU=0.50:0.95 | area=medium | maxDets=100 ] = -1.000
 Average Precision  (AP) @[ IoU=0.50:0.95 | area= large | maxDets=100 ] = -1.000
 Average Recall     (AR) @[ IoU=0.50:0.95 | area=   all | maxDets=  1 ] = 0.200
 Average Recall     (AR) @[ IoU=0.50:0.95 | area=   all | maxDets= 10 ] = 0.497
 Average Recall     (AR) @[ IoU=0.50:0.95 | area=   all | maxDets=100 ] = 0.588
 Average Recall     (AR) @[ IoU=0.50:0.95 | area= small | maxDets=100 ] = 0.588
 Average Recall     (AR) @[ IoU=0.50:0.95 | area=medium | maxDets=100 ] = -1.000
 Average Recall     (AR) @[ IoU=0.50:0.95 | area= large | maxDets=100 ] = -1.000
 Average Recall     (AR) @[ IoU=0.50      | area=   all | maxDets=100 ] = 1.000
 Average Recall     (AR) @[ IoU=0.75      | area=   all | maxDets=100 ] = 0.592
best_stat: {'epoch': 22, 'coco_eval_bbox': 0.3692279586322113}
Epoch: [25/30]  [ 0/45]  eta: 0:00:20  lr: 0.000010  loss: 18.1241 (18.1241)  loss_vfl: 0.4909 (0.4909)  loss_bbox: 0.0364 (0.0364)  loss_giou: 0.3577 (0.3577)  loss_fgl: 1.1607 (1.1607)  loss_vfl_aux_0: 0.7925 (0.7925)  loss_bbox_aux_0: 0.0675 (0.0675)  loss_giou_aux_0: 0.5958 (0.5958)  loss_fgl_aux_0: 1.2239 (1.2239)  loss_ddf_aux_0: 0.3021 (0.3021)  loss_vfl_aux_1: 0.4668 (0.4668)  loss_bbox_aux_1: 0.0389 (0.0389)  loss_giou_aux_1: 0.3793 (0.3793)  loss_fgl_aux_1: 1.1684 (1.1684)  loss_ddf_aux_1: 0.0209 (0.0209)  loss_vfl_pre: 0.7740 (0.7740)  loss_bbox_pre: 0.0695 (0.0695)  loss_giou_pre: 0.6013 (0.6013)  loss_vfl_enc_0: 0.2620 (0.2620)  loss_bbox_enc_0: 0.3791 (0.3791)  loss_giou_enc_0: 2.0040 (2.0040)  loss_vfl_dn_0: 0.4485 (0.4485)  loss_bbox_dn_0: 0.0434 (0.0434)  loss_giou_dn_0: 0.4124 (0.4124)  loss_fgl_dn_0: 1.2403 (1.2403)  loss_ddf_dn_0: 0.1719 (0.1719)  loss_vfl_dn_1: 0.3633 (0.3633)  loss_bbox_dn_1: 0.0310 (0.0310)  loss_giou_dn_1: 0.3087 (0.3087)  loss_fgl_dn_1: 1.1521 (1.1521)  loss_ddf_dn_1: 0.0043 (0.0043)  loss_vfl_dn_2: 0.3614 (0.3614)  loss_bbox_dn_2: 0.0308 (0.0308)  loss_giou_dn_2: 0.3060 (0.3060)  loss_fgl_dn_2: 1.1509 (1.1509)  loss_ddf_dn_2: -0.0000 (0.0000)  loss_vfl_dn_pre: 0.4490 (0.4490)  loss_bbox_dn_pre: 0.0436 (0.0436)  loss_giou_dn_pre: 0.4148 (0.4148)  time: 0.4600  data: 0.2318  max mem: 5225
Epoch: [25/30]  [44/45]  eta: 0:00:00  lr: 0.000010  loss: 16.9796 (17.2256)  loss_vfl: 0.4063 (0.4275)  loss_bbox: 0.0411 (0.0525)  loss_giou: 0.3399 (0.3713)  loss_fgl: 1.1494 (1.1558)  loss_vfl_aux_0: 0.6828 (0.6852)  loss_bbox_aux_0: 0.0621 (0.0739)  loss_giou_aux_0: 0.5007 (0.5340)  loss_fgl_aux_0: 1.2092 (1.2188)  loss_ddf_aux_0: 0.2256 (0.2243)  loss_vfl_aux_1: 0.4351 (0.4487)  loss_bbox_aux_1: 0.0415 (0.0544)  loss_giou_aux_1: 0.3391 (0.3792)  loss_fgl_aux_1: 1.1508 (1.1597)  loss_ddf_aux_1: 0.0156 (0.0175)  loss_vfl_pre: 0.6834 (0.6824)  loss_bbox_pre: 0.0644 (0.0736)  loss_giou_pre: 0.5000 (0.5336)  loss_vfl_enc_0: 0.2987 (0.3003)  loss_bbox_enc_0: 0.3174 (0.3455)  loss_giou_enc_0: 1.8615 (1.8530)  loss_vfl_dn_0: 0.4281 (0.4323)  loss_bbox_dn_0: 0.0418 (0.0434)  loss_giou_dn_0: 0.3440 (0.3548)  loss_fgl_dn_0: 1.2112 (1.2216)  loss_ddf_dn_0: 0.1679 (0.1687)  loss_vfl_dn_1: 0.3384 (0.3458)  loss_bbox_dn_1: 0.0318 (0.0324)  loss_giou_dn_1: 0.2660 (0.2748)  loss_fgl_dn_1: 1.1277 (1.1373)  loss_ddf_dn_1: 0.0057 (0.0055)  loss_vfl_dn_2: 0.3373 (0.3436)  loss_bbox_dn_2: 0.0317 (0.0323)  loss_giou_dn_2: 0.2662 (0.2734)  loss_fgl_dn_2: 1.1258 (1.1362)  loss_ddf_dn_2: -0.0000 (0.0000)  loss_vfl_dn_pre: 0.4279 (0.4326)  loss_bbox_dn_pre: 0.0418 (0.0435)  loss_giou_dn_pre: 0.3458 (0.3557)  time: 0.2318  data: 0.0115  max mem: 5225
Epoch: [25/30] Total time: 0:00:10 (0.2392 s / it)
Averaged stats: lr: 0.000010  loss: 16.9796 (17.2256)  loss_vfl: 0.4063 (0.4275)  loss_bbox: 0.0411 (0.0525)  loss_giou: 0.3399 (0.3713)  loss_fgl: 1.1494 (1.1558)  loss_vfl_aux_0: 0.6828 (0.6852)  loss_bbox_aux_0: 0.0621 (0.0739)  loss_giou_aux_0: 0.5007 (0.5340)  loss_fgl_aux_0: 1.2092 (1.2188)  loss_ddf_aux_0: 0.2256 (0.2243)  loss_vfl_aux_1: 0.4351 (0.4487)  loss_bbox_aux_1: 0.0415 (0.0544)  loss_giou_aux_1: 0.3391 (0.3792)  loss_fgl_aux_1: 1.1508 (1.1597)  loss_ddf_aux_1: 0.0156 (0.0175)  loss_vfl_pre: 0.6834 (0.6824)  loss_bbox_pre: 0.0644 (0.0736)  loss_giou_pre: 0.5000 (0.5336)  loss_vfl_enc_0: 0.2987 (0.3003)  loss_bbox_enc_0: 0.3174 (0.3455)  loss_giou_enc_0: 1.8615 (1.8530)  loss_vfl_dn_0: 0.4281 (0.4323)  loss_bbox_dn_0: 0.0418 (0.0434)  loss_giou_dn_0: 0.3440 (0.3548)  loss_fgl_dn_0: 1.2112 (1.2216)  loss_ddf_dn_0: 0.1679 (0.1687)  loss_vfl_dn_1: 0.3384 (0.3458)  loss_bbox_dn_1: 0.0318 (0.0324)  loss_giou_dn_1: 0.2660 (0.2748)  loss_fgl_dn_1: 1.1277 (1.1373)  loss_ddf_dn_1: 0.0057 (0.0055)  loss_vfl_dn_2: 0.3373 (0.3436)  loss_bbox_dn_2: 0.0317 (0.0323)  loss_giou_dn_2: 0.2662 (0.2734)  loss_fgl_dn_2: 1.1258 (1.1362)  loss_ddf_dn_2: -0.0000 (0.0000)  loss_vfl_dn_pre: 0.4279 (0.4326)  loss_bbox_dn_pre: 0.0418 (0.0435)  loss_giou_dn_pre: 0.3458 (0.3557)
Test:  [0/8]  eta: 0:00:02    time: 0.2880  data: 0.2333  max mem: 5225
Test:  [7/8]  eta: 0:00:00    time: 0.1183  data: 0.0407  max mem: 5225
Test: Total time: 0:00:00 (0.1231 s / it)
Metrics: {'f1': 0.875, 'precision': 0.8209876543209876, 'recall': 0.9366197183098591, 'iou': 0.5530523438202707, 'TPs': 133, 'FPs': 29, 'FNs': 9}
Averaged stats: 
Accumulating evaluation results...
COCOeval_opt.accumulate() finished...
DONE (t=0.01s).
IoU metric: bbox
 Average Precision  (AP) @[ IoU=0.50:0.95 | area=   all | maxDets=100 ] = 0.358
 Average Precision  (AP) @[ IoU=0.50      | area=   all | maxDets=100 ] = 0.892
 Average Precision  (AP) @[ IoU=0.75      | area=   all | maxDets=100 ] = 0.133
 Average Precision  (AP) @[ IoU=0.50:0.95 | area= small | maxDets=100 ] = 0.358
 Average Precision  (AP) @[ IoU=0.50:0.95 | area=medium | maxDets=100 ] = -1.000
 Average Precision  (AP) @[ IoU=0.50:0.95 | area= large | maxDets=100 ] = -1.000
 Average Recall     (AR) @[ IoU=0.50:0.95 | area=   all | maxDets=  1 ] = 0.204
 Average Recall     (AR) @[ IoU=0.50:0.95 | area=   all | maxDets= 10 ] = 0.499
 Average Recall     (AR) @[ IoU=0.50:0.95 | area=   all | maxDets=100 ] = 0.586
 Average Recall     (AR) @[ IoU=0.50:0.95 | area= small | maxDets=100 ] = 0.586
 Average Recall     (AR) @[ IoU=0.50:0.95 | area=medium | maxDets=100 ] = -1.000
 Average Recall     (AR) @[ IoU=0.50:0.95 | area= large | maxDets=100 ] = -1.000
 Average Recall     (AR) @[ IoU=0.50      | area=   all | maxDets=100 ] = 1.000
 Average Recall     (AR) @[ IoU=0.75      | area=   all | maxDets=100 ] = 0.599
best_stat: {'epoch': 22, 'coco_eval_bbox': 0.3692279586322113}
Epoch: [26/30]  [ 0/45]  eta: 0:00:21  lr: 0.000010  loss: 17.4073 (17.4073)  loss_vfl: 0.4271 (0.4271)  loss_bbox: 0.0428 (0.0428)  loss_giou: 0.3602 (0.3602)  loss_fgl: 1.1600 (1.1600)  loss_vfl_aux_0: 0.6828 (0.6828)  loss_bbox_aux_0: 0.0633 (0.0633)  loss_giou_aux_0: 0.5354 (0.5354)  loss_fgl_aux_0: 1.2104 (1.2104)  loss_ddf_aux_0: 0.2786 (0.2786)  loss_vfl_aux_1: 0.4836 (0.4836)  loss_bbox_aux_1: 0.0441 (0.0441)  loss_giou_aux_1: 0.3780 (0.3780)  loss_fgl_aux_1: 1.1617 (1.1617)  loss_ddf_aux_1: 0.0189 (0.0189)  loss_vfl_pre: 0.6803 (0.6803)  loss_bbox_pre: 0.0647 (0.0647)  loss_giou_pre: 0.5337 (0.5337)  loss_vfl_enc_0: 0.2790 (0.2790)  loss_bbox_enc_0: 0.3330 (0.3330)  loss_giou_enc_0: 1.8500 (1.8500)  loss_vfl_dn_0: 0.4540 (0.4540)  loss_bbox_dn_0: 0.0441 (0.0441)  loss_giou_dn_0: 0.3686 (0.3686)  loss_fgl_dn_0: 1.2268 (1.2268)  loss_ddf_dn_0: 0.1834 (0.1834)  loss_vfl_dn_1: 0.3613 (0.3613)  loss_bbox_dn_1: 0.0330 (0.0330)  loss_giou_dn_1: 0.2897 (0.2897)  loss_fgl_dn_1: 1.1512 (1.1512)  loss_ddf_dn_1: 0.0060 (0.0060)  loss_vfl_dn_2: 0.3588 (0.3588)  loss_bbox_dn_2: 0.0331 (0.0331)  loss_giou_dn_2: 0.2911 (0.2911)  loss_fgl_dn_2: 1.1536 (1.1536)  loss_ddf_dn_2: -0.0000 (0.0000)  loss_vfl_dn_pre: 0.4536 (0.4536)  loss_bbox_dn_pre: 0.0439 (0.0439)  loss_giou_dn_pre: 0.3676 (0.3676)  time: 0.4817  data: 0.2526  max mem: 5225
Epoch: [26/30]  [44/45]  eta: 0:00:00  lr: 0.000010  loss: 16.8661 (17.1458)  loss_vfl: 0.4214 (0.4154)  loss_bbox: 0.0432 (0.0508)  loss_giou: 0.3408 (0.3669)  loss_fgl: 1.1465 (1.1532)  loss_vfl_aux_0: 0.6879 (0.6660)  loss_bbox_aux_0: 0.0753 (0.0718)  loss_giou_aux_0: 0.5482 (0.5335)  loss_fgl_aux_0: 1.2102 (1.2151)  loss_ddf_aux_0: 0.2347 (0.2345)  loss_vfl_aux_1: 0.4319 (0.4470)  loss_bbox_aux_1: 0.0454 (0.0525)  loss_giou_aux_1: 0.3479 (0.3784)  loss_fgl_aux_1: 1.1511 (1.1577)  loss_ddf_aux_1: 0.0175 (0.0190)  loss_vfl_pre: 0.6921 (0.6668)  loss_bbox_pre: 0.0750 (0.0711)  loss_giou_pre: 0.5507 (0.5316)  loss_vfl_enc_0: 0.2975 (0.3117)  loss_bbox_enc_0: 0.3300 (0.3360)  loss_giou_enc_0: 1.8436 (1.8335)  loss_vfl_dn_0: 0.4300 (0.4322)  loss_bbox_dn_0: 0.0419 (0.0431)  loss_giou_dn_0: 0.3482 (0.3532)  loss_fgl_dn_0: 1.2127 (1.2252)  loss_ddf_dn_0: 0.1795 (0.1750)  loss_vfl_dn_1: 0.3414 (0.3450)  loss_bbox_dn_1: 0.0312 (0.0322)  loss_giou_dn_1: 0.2651 (0.2728)  loss_fgl_dn_1: 1.1255 (1.1370)  loss_ddf_dn_1: 0.0060 (0.0058)  loss_vfl_dn_2: 0.3363 (0.3427)  loss_bbox_dn_2: 0.0311 (0.0321)  loss_giou_dn_2: 0.2647 (0.2713)  loss_fgl_dn_2: 1.1231 (1.1357)  loss_ddf_dn_2: -0.0000 (0.0000)  loss_vfl_dn_pre: 0.4311 (0.4326)  loss_bbox_dn_pre: 0.0419 (0.0432)  loss_giou_dn_pre: 0.3482 (0.3543)  time: 0.2299  data: 0.0117  max mem: 5225
Epoch: [26/30] Total time: 0:00:10 (0.2377 s / it)
Averaged stats: lr: 0.000010  loss: 16.8661 (17.1458)  loss_vfl: 0.4214 (0.4154)  loss_bbox: 0.0432 (0.0508)  loss_giou: 0.3408 (0.3669)  loss_fgl: 1.1465 (1.1532)  loss_vfl_aux_0: 0.6879 (0.6660)  loss_bbox_aux_0: 0.0753 (0.0718)  loss_giou_aux_0: 0.5482 (0.5335)  loss_fgl_aux_0: 1.2102 (1.2151)  loss_ddf_aux_0: 0.2347 (0.2345)  loss_vfl_aux_1: 0.4319 (0.4470)  loss_bbox_aux_1: 0.0454 (0.0525)  loss_giou_aux_1: 0.3479 (0.3784)  loss_fgl_aux_1: 1.1511 (1.1577)  loss_ddf_aux_1: 0.0175 (0.0190)  loss_vfl_pre: 0.6921 (0.6668)  loss_bbox_pre: 0.0750 (0.0711)  loss_giou_pre: 0.5507 (0.5316)  loss_vfl_enc_0: 0.2975 (0.3117)  loss_bbox_enc_0: 0.3300 (0.3360)  loss_giou_enc_0: 1.8436 (1.8335)  loss_vfl_dn_0: 0.4300 (0.4322)  loss_bbox_dn_0: 0.0419 (0.0431)  loss_giou_dn_0: 0.3482 (0.3532)  loss_fgl_dn_0: 1.2127 (1.2252)  loss_ddf_dn_0: 0.1795 (0.1750)  loss_vfl_dn_1: 0.3414 (0.3450)  loss_bbox_dn_1: 0.0312 (0.0322)  loss_giou_dn_1: 0.2651 (0.2728)  loss_fgl_dn_1: 1.1255 (1.1370)  loss_ddf_dn_1: 0.0060 (0.0058)  loss_vfl_dn_2: 0.3363 (0.3427)  loss_bbox_dn_2: 0.0311 (0.0321)  loss_giou_dn_2: 0.2647 (0.2713)  loss_fgl_dn_2: 1.1231 (1.1357)  loss_ddf_dn_2: -0.0000 (0.0000)  loss_vfl_dn_pre: 0.4311 (0.4326)  loss_bbox_dn_pre: 0.0419 (0.0432)  loss_giou_dn_pre: 0.3482 (0.3543)
Test:  [0/8]  eta: 0:00:02    time: 0.2896  data: 0.2327  max mem: 5225
Test:  [7/8]  eta: 0:00:00    time: 0.0977  data: 0.0418  max mem: 5225
Test: Total time: 0:00:00 (0.1022 s / it)
Metrics: {'f1': 0.8896321070234114, 'precision': 0.8471337579617835, 'recall': 0.9366197183098591, 'iou': 0.5680978402315852, 'TPs': 133, 'FPs': 24, 'FNs': 9}
Averaged stats: 
Accumulating evaluation results...
COCOeval_opt.accumulate() finished...
DONE (t=0.01s).
IoU metric: bbox
 Average Precision  (AP) @[ IoU=0.50:0.95 | area=   all | maxDets=100 ] = 0.366
 Average Precision  (AP) @[ IoU=0.50      | area=   all | maxDets=100 ] = 0.919
 Average Precision  (AP) @[ IoU=0.75      | area=   all | maxDets=100 ] = 0.153
 Average Precision  (AP) @[ IoU=0.50:0.95 | area= small | maxDets=100 ] = 0.366
 Average Precision  (AP) @[ IoU=0.50:0.95 | area=medium | maxDets=100 ] = -1.000
 Average Precision  (AP) @[ IoU=0.50:0.95 | area= large | maxDets=100 ] = -1.000
 Average Recall     (AR) @[ IoU=0.50:0.95 | area=   all | maxDets=  1 ] = 0.204
 Average Recall     (AR) @[ IoU=0.50:0.95 | area=   all | maxDets= 10 ] = 0.504
 Average Recall     (AR) @[ IoU=0.50:0.95 | area=   all | maxDets=100 ] = 0.590
 Average Recall     (AR) @[ IoU=0.50:0.95 | area= small | maxDets=100 ] = 0.590
 Average Recall     (AR) @[ IoU=0.50:0.95 | area=medium | maxDets=100 ] = -1.000
 Average Recall     (AR) @[ IoU=0.50:0.95 | area= large | maxDets=100 ] = -1.000
 Average Recall     (AR) @[ IoU=0.50      | area=   all | maxDets=100 ] = 0.993
 Average Recall     (AR) @[ IoU=0.75      | area=   all | maxDets=100 ] = 0.613
best_stat: {'epoch': 22, 'coco_eval_bbox': 0.3692279586322113}
Epoch: [27/30]  [ 0/45]  eta: 0:00:20  lr: 0.000010  loss: 16.4248 (16.4248)  loss_vfl: 0.4414 (0.4414)  loss_bbox: 0.0303 (0.0303)  loss_giou: 0.2685 (0.2685)  loss_fgl: 1.1509 (1.1509)  loss_vfl_aux_0: 0.7383 (0.7383)  loss_bbox_aux_0: 0.0487 (0.0487)  loss_giou_aux_0: 0.4402 (0.4402)  loss_fgl_aux_0: 1.2413 (1.2413)  loss_ddf_aux_0: 0.2191 (0.2191)  loss_vfl_aux_1: 0.4477 (0.4477)  loss_bbox_aux_1: 0.0310 (0.0310)  loss_giou_aux_1: 0.2711 (0.2711)  loss_fgl_aux_1: 1.1586 (1.1586)  loss_ddf_aux_1: 0.0169 (0.0169)  loss_vfl_pre: 0.7349 (0.7349)  loss_bbox_pre: 0.0493 (0.0493)  loss_giou_pre: 0.4415 (0.4415)  loss_vfl_enc_0: 0.2905 (0.2905)  loss_bbox_enc_0: 0.3272 (0.3272)  loss_giou_enc_0: 1.8132 (1.8132)  loss_vfl_dn_0: 0.4252 (0.4252)  loss_bbox_dn_0: 0.0352 (0.0352)  loss_giou_dn_0: 0.3258 (0.3258)  loss_fgl_dn_0: 1.1982 (1.1982)  loss_ddf_dn_0: 0.1442 (0.1442)  loss_vfl_dn_1: 0.3176 (0.3176)  loss_bbox_dn_1: 0.0244 (0.0244)  loss_giou_dn_1: 0.2322 (0.2322)  loss_fgl_dn_1: 1.0940 (1.0940)  loss_ddf_dn_1: 0.0029 (0.0029)  loss_vfl_dn_2: 0.3206 (0.3206)  loss_bbox_dn_2: 0.0246 (0.0246)  loss_giou_dn_2: 0.2347 (0.2347)  loss_fgl_dn_2: 1.0962 (1.0962)  loss_ddf_dn_2: -0.0000 (0.0000)  loss_vfl_dn_pre: 0.4260 (0.4260)  loss_bbox_dn_pre: 0.0355 (0.0355)  loss_giou_dn_pre: 0.3267 (0.3267)  time: 0.4649  data: 0.2400  max mem: 5225
Epoch: [27/30]  [44/45]  eta: 0:00:00  lr: 0.000010  loss: 16.9452 (17.0783)  loss_vfl: 0.3921 (0.4074)  loss_bbox: 0.0395 (0.0505)  loss_giou: 0.3435 (0.3623)  loss_fgl: 1.1490 (1.1527)  loss_vfl_aux_0: 0.6475 (0.6695)  loss_bbox_aux_0: 0.0682 (0.0729)  loss_giou_aux_0: 0.5029 (0.5288)  loss_fgl_aux_0: 1.2289 (1.2140)  loss_ddf_aux_0: 0.2358 (0.2345)  loss_vfl_aux_1: 0.4213 (0.4361)  loss_bbox_aux_1: 0.0420 (0.0523)  loss_giou_aux_1: 0.3408 (0.3726)  loss_fgl_aux_1: 1.1533 (1.1568)  loss_ddf_aux_1: 0.0171 (0.0191)  loss_vfl_pre: 0.6436 (0.6713)  loss_bbox_pre: 0.0684 (0.0720)  loss_giou_pre: 0.5028 (0.5274)  loss_vfl_enc_0: 0.2741 (0.2985)  loss_bbox_enc_0: 0.3316 (0.3368)  loss_giou_enc_0: 1.8379 (1.8502)  loss_vfl_dn_0: 0.4337 (0.4312)  loss_bbox_dn_0: 0.0424 (0.0427)  loss_giou_dn_0: 0.3610 (0.3501)  loss_fgl_dn_0: 1.2157 (1.2202)  loss_ddf_dn_0: 0.1710 (0.1783)  loss_vfl_dn_1: 0.3453 (0.3431)  loss_bbox_dn_1: 0.0312 (0.0317)  loss_giou_dn_1: 0.2685 (0.2681)  loss_fgl_dn_1: 1.1203 (1.1289)  loss_ddf_dn_1: 0.0054 (0.0058)  loss_vfl_dn_2: 0.3421 (0.3409)  loss_bbox_dn_2: 0.0312 (0.0316)  loss_giou_dn_2: 0.2679 (0.2668)  loss_fgl_dn_2: 1.1185 (1.1278)  loss_ddf_dn_2: -0.0000 (0.0000)  loss_vfl_dn_pre: 0.4343 (0.4314)  loss_bbox_dn_pre: 0.0425 (0.0428)  loss_giou_dn_pre: 0.3656 (0.3510)  time: 0.2290  data: 0.0116  max mem: 5225
Epoch: [27/30] Total time: 0:00:10 (0.2373 s / it)
Averaged stats: lr: 0.000010  loss: 16.9452 (17.0783)  loss_vfl: 0.3921 (0.4074)  loss_bbox: 0.0395 (0.0505)  loss_giou: 0.3435 (0.3623)  loss_fgl: 1.1490 (1.1527)  loss_vfl_aux_0: 0.6475 (0.6695)  loss_bbox_aux_0: 0.0682 (0.0729)  loss_giou_aux_0: 0.5029 (0.5288)  loss_fgl_aux_0: 1.2289 (1.2140)  loss_ddf_aux_0: 0.2358 (0.2345)  loss_vfl_aux_1: 0.4213 (0.4361)  loss_bbox_aux_1: 0.0420 (0.0523)  loss_giou_aux_1: 0.3408 (0.3726)  loss_fgl_aux_1: 1.1533 (1.1568)  loss_ddf_aux_1: 0.0171 (0.0191)  loss_vfl_pre: 0.6436 (0.6713)  loss_bbox_pre: 0.0684 (0.0720)  loss_giou_pre: 0.5028 (0.5274)  loss_vfl_enc_0: 0.2741 (0.2985)  loss_bbox_enc_0: 0.3316 (0.3368)  loss_giou_enc_0: 1.8379 (1.8502)  loss_vfl_dn_0: 0.4337 (0.4312)  loss_bbox_dn_0: 0.0424 (0.0427)  loss_giou_dn_0: 0.3610 (0.3501)  loss_fgl_dn_0: 1.2157 (1.2202)  loss_ddf_dn_0: 0.1710 (0.1783)  loss_vfl_dn_1: 0.3453 (0.3431)  loss_bbox_dn_1: 0.0312 (0.0317)  loss_giou_dn_1: 0.2685 (0.2681)  loss_fgl_dn_1: 1.1203 (1.1289)  loss_ddf_dn_1: 0.0054 (0.0058)  loss_vfl_dn_2: 0.3421 (0.3409)  loss_bbox_dn_2: 0.0312 (0.0316)  loss_giou_dn_2: 0.2679 (0.2668)  loss_fgl_dn_2: 1.1185 (1.1278)  loss_ddf_dn_2: -0.0000 (0.0000)  loss_vfl_dn_pre: 0.4343 (0.4314)  loss_bbox_dn_pre: 0.0425 (0.0428)  loss_giou_dn_pre: 0.3656 (0.3510)
Test:  [0/8]  eta: 0:00:02    time: 0.3087  data: 0.2531  max mem: 5225
Test:  [7/8]  eta: 0:00:00    time: 0.1225  data: 0.0443  max mem: 5225
Test: Total time: 0:00:01 (0.1271 s / it)
Metrics: {'f1': 0.8762541806020068, 'precision': 0.8343949044585988, 'recall': 0.9225352112676056, 'iou': 0.5544096760097004, 'TPs': 131, 'FPs': 26, 'FNs': 11}
Averaged stats: 
Accumulating evaluation results...
COCOeval_opt.accumulate() finished...
DONE (t=0.01s).
IoU metric: bbox
 Average Precision  (AP) @[ IoU=0.50:0.95 | area=   all | maxDets=100 ] = 0.358
 Average Precision  (AP) @[ IoU=0.50      | area=   all | maxDets=100 ] = 0.905
 Average Precision  (AP) @[ IoU=0.75      | area=   all | maxDets=100 ] = 0.159
 Average Precision  (AP) @[ IoU=0.50:0.95 | area= small | maxDets=100 ] = 0.358
 Average Precision  (AP) @[ IoU=0.50:0.95 | area=medium | maxDets=100 ] = -1.000
 Average Precision  (AP) @[ IoU=0.50:0.95 | area= large | maxDets=100 ] = -1.000
 Average Recall     (AR) @[ IoU=0.50:0.95 | area=   all | maxDets=  1 ] = 0.199
 Average Recall     (AR) @[ IoU=0.50:0.95 | area=   all | maxDets= 10 ] = 0.502
 Average Recall     (AR) @[ IoU=0.50:0.95 | area=   all | maxDets=100 ] = 0.591
 Average Recall     (AR) @[ IoU=0.50:0.95 | area= small | maxDets=100 ] = 0.591
 Average Recall     (AR) @[ IoU=0.50:0.95 | area=medium | maxDets=100 ] = -1.000
 Average Recall     (AR) @[ IoU=0.50:0.95 | area= large | maxDets=100 ] = -1.000
 Average Recall     (AR) @[ IoU=0.50      | area=   all | maxDets=100 ] = 1.000
 Average Recall     (AR) @[ IoU=0.75      | area=   all | maxDets=100 ] = 0.627
best_stat: {'epoch': 22, 'coco_eval_bbox': 0.3692279586322113}
Epoch: [28/30]  [ 0/45]  eta: 0:00:21  lr: 0.000010  loss: 16.3301 (16.3301)  loss_vfl: 0.3552 (0.3552)  loss_bbox: 0.0320 (0.0320)  loss_giou: 0.2730 (0.2730)  loss_fgl: 1.1178 (1.1178)  loss_vfl_aux_0: 0.5982 (0.5982)  loss_bbox_aux_0: 0.0578 (0.0578)  loss_giou_aux_0: 0.4760 (0.4760)  loss_fgl_aux_0: 1.2129 (1.2129)  loss_ddf_aux_0: 0.2336 (0.2336)  loss_vfl_aux_1: 0.3983 (0.3983)  loss_bbox_aux_1: 0.0333 (0.0333)  loss_giou_aux_1: 0.2862 (0.2862)  loss_fgl_aux_1: 1.1228 (1.1228)  loss_ddf_aux_1: 0.0153 (0.0153)  loss_vfl_pre: 0.5990 (0.5990)  loss_bbox_pre: 0.0592 (0.0592)  loss_giou_pre: 0.4806 (0.4806)  loss_vfl_enc_0: 0.2316 (0.2316)  loss_bbox_enc_0: 0.3417 (0.3417)  loss_giou_enc_0: 1.9494 (1.9494)  loss_vfl_dn_0: 0.4377 (0.4377)  loss_bbox_dn_0: 0.0413 (0.0413)  loss_giou_dn_0: 0.3464 (0.3464)  loss_fgl_dn_0: 1.2189 (1.2189)  loss_ddf_dn_0: 0.1676 (0.1676)  loss_vfl_dn_1: 0.3273 (0.3273)  loss_bbox_dn_1: 0.0281 (0.0281)  loss_giou_dn_1: 0.2534 (0.2534)  loss_fgl_dn_1: 1.1017 (1.1017)  loss_ddf_dn_1: 0.0045 (0.0045)  loss_vfl_dn_2: 0.3256 (0.3256)  loss_bbox_dn_2: 0.0277 (0.0277)  loss_giou_dn_2: 0.2511 (0.2511)  loss_fgl_dn_2: 1.0963 (1.0963)  loss_ddf_dn_2: -0.0000 (0.0000)  loss_vfl_dn_pre: 0.4385 (0.4385)  loss_bbox_dn_pre: 0.0417 (0.0417)  loss_giou_dn_pre: 0.3483 (0.3483)  time: 0.4752  data: 0.2478  max mem: 5225
Epoch: [28/30]  [44/45]  eta: 0:00:00  lr: 0.000010  loss: 16.4202 (16.8356)  loss_vfl: 0.3864 (0.4013)  loss_bbox: 0.0381 (0.0449)  loss_giou: 0.2964 (0.3347)  loss_fgl: 1.1492 (1.1490)  loss_vfl_aux_0: 0.6474 (0.6685)  loss_bbox_aux_0: 0.0576 (0.0658)  loss_giou_aux_0: 0.4490 (0.4977)  loss_fgl_aux_0: 1.2384 (1.2255)  loss_ddf_aux_0: 0.2393 (0.2431)  loss_vfl_aux_1: 0.4114 (0.4257)  loss_bbox_aux_1: 0.0385 (0.0465)  loss_giou_aux_1: 0.3136 (0.3449)  loss_fgl_aux_1: 1.1551 (1.1523)  loss_ddf_aux_1: 0.0160 (0.0185)  loss_vfl_pre: 0.6538 (0.6680)  loss_bbox_pre: 0.0573 (0.0664)  loss_giou_pre: 0.4522 (0.4980)  loss_vfl_enc_0: 0.3073 (0.3274)  loss_bbox_enc_0: 0.3181 (0.3192)  loss_giou_enc_0: 1.8407 (1.7876)  loss_vfl_dn_0: 0.4261 (0.4288)  loss_bbox_dn_0: 0.0411 (0.0420)  loss_giou_dn_0: 0.3360 (0.3455)  loss_fgl_dn_0: 1.2118 (1.2181)  loss_ddf_dn_0: 0.1918 (0.1834)  loss_vfl_dn_1: 0.3335 (0.3389)  loss_bbox_dn_1: 0.0312 (0.0310)  loss_giou_dn_1: 0.2539 (0.2634)  loss_fgl_dn_1: 1.1136 (1.1242)  loss_ddf_dn_1: 0.0051 (0.0059)  loss_vfl_dn_2: 0.3307 (0.3366)  loss_bbox_dn_2: 0.0306 (0.0308)  loss_giou_dn_2: 0.2520 (0.2618)  loss_fgl_dn_2: 1.1117 (1.1225)  loss_ddf_dn_2: -0.0000 (0.0000)  loss_vfl_dn_pre: 0.4267 (0.4291)  loss_bbox_dn_pre: 0.0413 (0.0421)  loss_giou_dn_pre: 0.3374 (0.3466)  time: 0.2283  data: 0.0114  max mem: 5225
Epoch: [28/30] Total time: 0:00:10 (0.2358 s / it)
Averaged stats: lr: 0.000010  loss: 16.4202 (16.8356)  loss_vfl: 0.3864 (0.4013)  loss_bbox: 0.0381 (0.0449)  loss_giou: 0.2964 (0.3347)  loss_fgl: 1.1492 (1.1490)  loss_vfl_aux_0: 0.6474 (0.6685)  loss_bbox_aux_0: 0.0576 (0.0658)  loss_giou_aux_0: 0.4490 (0.4977)  loss_fgl_aux_0: 1.2384 (1.2255)  loss_ddf_aux_0: 0.2393 (0.2431)  loss_vfl_aux_1: 0.4114 (0.4257)  loss_bbox_aux_1: 0.0385 (0.0465)  loss_giou_aux_1: 0.3136 (0.3449)  loss_fgl_aux_1: 1.1551 (1.1523)  loss_ddf_aux_1: 0.0160 (0.0185)  loss_vfl_pre: 0.6538 (0.6680)  loss_bbox_pre: 0.0573 (0.0664)  loss_giou_pre: 0.4522 (0.4980)  loss_vfl_enc_0: 0.3073 (0.3274)  loss_bbox_enc_0: 0.3181 (0.3192)  loss_giou_enc_0: 1.8407 (1.7876)  loss_vfl_dn_0: 0.4261 (0.4288)  loss_bbox_dn_0: 0.0411 (0.0420)  loss_giou_dn_0: 0.3360 (0.3455)  loss_fgl_dn_0: 1.2118 (1.2181)  loss_ddf_dn_0: 0.1918 (0.1834)  loss_vfl_dn_1: 0.3335 (0.3389)  loss_bbox_dn_1: 0.0312 (0.0310)  loss_giou_dn_1: 0.2539 (0.2634)  loss_fgl_dn_1: 1.1136 (1.1242)  loss_ddf_dn_1: 0.0051 (0.0059)  loss_vfl_dn_2: 0.3307 (0.3366)  loss_bbox_dn_2: 0.0306 (0.0308)  loss_giou_dn_2: 0.2520 (0.2618)  loss_fgl_dn_2: 1.1117 (1.1225)  loss_ddf_dn_2: -0.0000 (0.0000)  loss_vfl_dn_pre: 0.4267 (0.4291)  loss_bbox_dn_pre: 0.0413 (0.0421)  loss_giou_dn_pre: 0.3374 (0.3466)
Test:  [0/8]  eta: 0:00:02    time: 0.3019  data: 0.2457  max mem: 5225
Test:  [7/8]  eta: 0:00:00    time: 0.0985  data: 0.0433  max mem: 5225
Test: Total time: 0:00:00 (0.1037 s / it)
Metrics: {'f1': 0.8851351351351352, 'precision': 0.8506493506493507, 'recall': 0.9225352112676056, 'iou': 0.563065829782775, 'TPs': 131, 'FPs': 23, 'FNs': 11}
Averaged stats: 
Accumulating evaluation results...
COCOeval_opt.accumulate() finished...
DONE (t=0.01s).
IoU metric: bbox
 Average Precision  (AP) @[ IoU=0.50:0.95 | area=   all | maxDets=100 ] = 0.354
 Average Precision  (AP) @[ IoU=0.50      | area=   all | maxDets=100 ] = 0.913
 Average Precision  (AP) @[ IoU=0.75      | area=   all | maxDets=100 ] = 0.147
 Average Precision  (AP) @[ IoU=0.50:0.95 | area= small | maxDets=100 ] = 0.354
 Average Precision  (AP) @[ IoU=0.50:0.95 | area=medium | maxDets=100 ] = -1.000
 Average Precision  (AP) @[ IoU=0.50:0.95 | area= large | maxDets=100 ] = -1.000
 Average Recall     (AR) @[ IoU=0.50:0.95 | area=   all | maxDets=  1 ] = 0.195
 Average Recall     (AR) @[ IoU=0.50:0.95 | area=   all | maxDets= 10 ] = 0.508
 Average Recall     (AR) @[ IoU=0.50:0.95 | area=   all | maxDets=100 ] = 0.602
 Average Recall     (AR) @[ IoU=0.50:0.95 | area= small | maxDets=100 ] = 0.602
 Average Recall     (AR) @[ IoU=0.50:0.95 | area=medium | maxDets=100 ] = -1.000
 Average Recall     (AR) @[ IoU=0.50:0.95 | area= large | maxDets=100 ] = -1.000
 Average Recall     (AR) @[ IoU=0.50      | area=   all | maxDets=100 ] = 1.000
 Average Recall     (AR) @[ IoU=0.75      | area=   all | maxDets=100 ] = 0.662
best_stat: {'epoch': 22, 'coco_eval_bbox': 0.3692279586322113}
Epoch: [29/30]  [ 0/45]  eta: 0:00:21  lr: 0.000010  loss: 17.7317 (17.7317)  loss_vfl: 0.4463 (0.4463)  loss_bbox: 0.0472 (0.0472)  loss_giou: 0.3827 (0.3827)  loss_fgl: 1.2050 (1.2050)  loss_vfl_aux_0: 0.8147 (0.8147)  loss_bbox_aux_0: 0.0594 (0.0594)  loss_giou_aux_0: 0.4925 (0.4925)  loss_fgl_aux_0: 1.2742 (1.2742)  loss_ddf_aux_0: 0.2234 (0.2234)  loss_vfl_aux_1: 0.4831 (0.4831)  loss_bbox_aux_1: 0.0488 (0.0488)  loss_giou_aux_1: 0.3934 (0.3934)  loss_fgl_aux_1: 1.2126 (1.2126)  loss_ddf_aux_1: 0.0159 (0.0159)  loss_vfl_pre: 0.8091 (0.8091)  loss_bbox_pre: 0.0594 (0.0594)  loss_giou_pre: 0.4943 (0.4943)  loss_vfl_enc_0: 0.2383 (0.2383)  loss_bbox_enc_0: 0.2927 (0.2927)  loss_giou_enc_0: 1.8129 (1.8129)  loss_vfl_dn_0: 0.4525 (0.4525)  loss_bbox_dn_0: 0.0472 (0.0472)  loss_giou_dn_0: 0.3895 (0.3895)  loss_fgl_dn_0: 1.2373 (1.2373)  loss_ddf_dn_0: 0.1994 (0.1994)  loss_vfl_dn_1: 0.3699 (0.3699)  loss_bbox_dn_1: 0.0349 (0.0349)  loss_giou_dn_1: 0.2953 (0.2953)  loss_fgl_dn_1: 1.1566 (1.1566)  loss_ddf_dn_1: 0.0059 (0.0059)  loss_vfl_dn_2: 0.3664 (0.3664)  loss_bbox_dn_2: 0.0346 (0.0346)  loss_giou_dn_2: 0.2928 (0.2928)  loss_fgl_dn_2: 1.1531 (1.1531)  loss_ddf_dn_2: -0.0000 (0.0000)  loss_vfl_dn_pre: 0.4523 (0.4523)  loss_bbox_dn_pre: 0.0475 (0.0475)  loss_giou_dn_pre: 0.3906 (0.3906)  time: 0.4802  data: 0.2409  max mem: 5225
Epoch: [29/30]  [44/45]  eta: 0:00:00  lr: 0.000010  loss: 16.5399 (16.8261)  loss_vfl: 0.3800 (0.3920)  loss_bbox: 0.0427 (0.0525)  loss_giou: 0.3309 (0.3647)  loss_fgl: 1.1369 (1.1311)  loss_vfl_aux_0: 0.6623 (0.6699)  loss_bbox_aux_0: 0.0626 (0.0724)  loss_giou_aux_0: 0.4944 (0.5121)  loss_fgl_aux_0: 1.2077 (1.2078)  loss_ddf_aux_0: 0.2398 (0.2370)  loss_vfl_aux_1: 0.4047 (0.4172)  loss_bbox_aux_1: 0.0437 (0.0535)  loss_giou_aux_1: 0.3384 (0.3734)  loss_fgl_aux_1: 1.1415 (1.1353)  loss_ddf_aux_1: 0.0165 (0.0182)  loss_vfl_pre: 0.6566 (0.6682)  loss_bbox_pre: 0.0632 (0.0720)  loss_giou_pre: 0.4947 (0.5111)  loss_vfl_enc_0: 0.3201 (0.3335)  loss_bbox_enc_0: 0.3014 (0.3112)  loss_giou_enc_0: 1.8152 (1.7986)  loss_vfl_dn_0: 0.4226 (0.4263)  loss_bbox_dn_0: 0.0397 (0.0412)  loss_giou_dn_0: 0.3246 (0.3384)  loss_fgl_dn_0: 1.2018 (1.2122)  loss_ddf_dn_0: 0.1764 (0.1866)  loss_vfl_dn_1: 0.3314 (0.3350)  loss_bbox_dn_1: 0.0295 (0.0303)  loss_giou_dn_1: 0.2538 (0.2580)  loss_fgl_dn_1: 1.1018 (1.1179)  loss_ddf_dn_1: 0.0059 (0.0061)  loss_vfl_dn_2: 0.3286 (0.3326)  loss_bbox_dn_2: 0.0295 (0.0301)  loss_giou_dn_2: 0.2518 (0.2566)  loss_fgl_dn_2: 1.1004 (1.1163)  loss_ddf_dn_2: -0.0000 (0.0000)  loss_vfl_dn_pre: 0.4240 (0.4266)  loss_bbox_dn_pre: 0.0400 (0.0413)  loss_giou_dn_pre: 0.3253 (0.3392)  time: 0.2280  data: 0.0116  max mem: 5225
Epoch: [29/30] Total time: 0:00:10 (0.2362 s / it)
Averaged stats: lr: 0.000010  loss: 16.5399 (16.8261)  loss_vfl: 0.3800 (0.3920)  loss_bbox: 0.0427 (0.0525)  loss_giou: 0.3309 (0.3647)  loss_fgl: 1.1369 (1.1311)  loss_vfl_aux_0: 0.6623 (0.6699)  loss_bbox_aux_0: 0.0626 (0.0724)  loss_giou_aux_0: 0.4944 (0.5121)  loss_fgl_aux_0: 1.2077 (1.2078)  loss_ddf_aux_0: 0.2398 (0.2370)  loss_vfl_aux_1: 0.4047 (0.4172)  loss_bbox_aux_1: 0.0437 (0.0535)  loss_giou_aux_1: 0.3384 (0.3734)  loss_fgl_aux_1: 1.1415 (1.1353)  loss_ddf_aux_1: 0.0165 (0.0182)  loss_vfl_pre: 0.6566 (0.6682)  loss_bbox_pre: 0.0632 (0.0720)  loss_giou_pre: 0.4947 (0.5111)  loss_vfl_enc_0: 0.3201 (0.3335)  loss_bbox_enc_0: 0.3014 (0.3112)  loss_giou_enc_0: 1.8152 (1.7986)  loss_vfl_dn_0: 0.4226 (0.4263)  loss_bbox_dn_0: 0.0397 (0.0412)  loss_giou_dn_0: 0.3246 (0.3384)  loss_fgl_dn_0: 1.2018 (1.2122)  loss_ddf_dn_0: 0.1764 (0.1866)  loss_vfl_dn_1: 0.3314 (0.3350)  loss_bbox_dn_1: 0.0295 (0.0303)  loss_giou_dn_1: 0.2538 (0.2580)  loss_fgl_dn_1: 1.1018 (1.1179)  loss_ddf_dn_1: 0.0059 (0.0061)  loss_vfl_dn_2: 0.3286 (0.3326)  loss_bbox_dn_2: 0.0295 (0.0301)  loss_giou_dn_2: 0.2518 (0.2566)  loss_fgl_dn_2: 1.1004 (1.1163)  loss_ddf_dn_2: -0.0000 (0.0000)  loss_vfl_dn_pre: 0.4240 (0.4266)  loss_bbox_dn_pre: 0.0400 (0.0413)  loss_giou_dn_pre: 0.3253 (0.3392)
Test:  [0/8]  eta: 0:00:02    time: 0.3007  data: 0.2446  max mem: 5225
Test:  [7/8]  eta: 0:00:00    time: 0.1221  data: 0.0425  max mem: 5225
Test: Total time: 0:00:01 (0.1276 s / it)
Metrics: {'f1': 0.87248322147651, 'precision': 0.8333333333333334, 'recall': 0.9154929577464789, 'iou': 0.5504561155324891, 'TPs': 130, 'FPs': 26, 'FNs': 12}
Averaged stats: 
Accumulating evaluation results...
COCOeval_opt.accumulate() finished...
DONE (t=0.01s).
IoU metric: bbox
 Average Precision  (AP) @[ IoU=0.50:0.95 | area=   all | maxDets=100 ] = 0.346
 Average Precision  (AP) @[ IoU=0.50      | area=   all | maxDets=100 ] = 0.877
 Average Precision  (AP) @[ IoU=0.75      | area=   all | maxDets=100 ] = 0.132
 Average Precision  (AP) @[ IoU=0.50:0.95 | area= small | maxDets=100 ] = 0.346
 Average Precision  (AP) @[ IoU=0.50:0.95 | area=medium | maxDets=100 ] = -1.000
 Average Precision  (AP) @[ IoU=0.50:0.95 | area= large | maxDets=100 ] = -1.000
 Average Recall     (AR) @[ IoU=0.50:0.95 | area=   all | maxDets=  1 ] = 0.194
 Average Recall     (AR) @[ IoU=0.50:0.95 | area=   all | maxDets= 10 ] = 0.507
 Average Recall     (AR) @[ IoU=0.50:0.95 | area=   all | maxDets=100 ] = 0.594
 Average Recall     (AR) @[ IoU=0.50:0.95 | area= small | maxDets=100 ] = 0.594
 Average Recall     (AR) @[ IoU=0.50:0.95 | area=medium | maxDets=100 ] = -1.000
 Average Recall     (AR) @[ IoU=0.50:0.95 | area= large | maxDets=100 ] = -1.000
 Average Recall     (AR) @[ IoU=0.50      | area=   all | maxDets=100 ] = 1.000
 Average Recall     (AR) @[ IoU=0.75      | area=   all | maxDets=100 ] = 0.655
best_stat: {'epoch': 22, 'coco_eval_bbox': 0.3692279586322113}
Training time 0:06:17
