image_id,gt_id,short_side_original_px,stage,candidates,best_iou,best_query,leader_query,leader_iou,best_score,leader_score,best_iou_score_ge_0,count_iou50_score_ge_0,best_iou_score_ge_0.001,count_iou50_score_ge_0.001,best_iou_score_ge_0.05,count_iou50_score_ge_0.05,best_width_relative_error,best_height_relative_error,best_center_error_input_px
1,1,8.000000000000002,encoder_all_counterfactual,8400,0.6282763481140137,2368,2531,0.3923448324203491,0.018252654001116753,0.07448889315128326,0.6282763481140137,4,0.6282763481140137,4,0.47838494181632996,0,0.47432440519332886,-0.10500961542129517,2.674819231033325
1,2,8.000000000000002,encoder_all_counterfactual,8400,0.5189045071601868,2928,2931,0.2692188024520874,0.040130920708179474,0.07674568891525269,0.5189045071601868,2,0.5189045071601868,2,0.47841084003448486,0,0.336873322725296,0.3648444414138794,3.9993622303009033
1,3,7.0,encoder_all_counterfactual,8400,0.629973828792572,3889,5960,0.17496277391910553,0.0460343211889267,0.07966049760580063,0.629973828792572,5,0.629973828792572,5,0.4156626760959625,0,0.31885841488838196,-0.21167199313640594,0.5644047260284424
1,1,8.000000000000002,topk,300,0.3923448324203491,137,137,0.3923448324203491,0.07448889315128326,0.07448889315128326,0.3923448324203491,0,0.3923448324203491,0,0.3923448324203491,0,0.6122106909751892,-0.29703107476234436,5.123917579650879
1,2,8.000000000000002,topk,300,0.2692188024520874,97,97,0.2692188024520874,0.07674568891525269,0.07674568891525269,0.2692188024520874,0,0.2692188024520874,0,0.2692188024520874,0,0.38444724678993225,0.17887167632579803,8.079034805297852
1,3,7.0,topk,300,0.4156626760959625,297,59,0.17496277391910553,0.06569145619869232,0.07966049760580063,0.4156626760959625,0,0.4156626760959625,0,0.4156626760959625,0,0.4586643576622009,-0.34966036677360535,5.337813854217529
1,1,8.000000000000002,pre_bbox,300,0.6736811399459839,275,137,0.6110996007919312,0.6227806210517883,0.6691172122955322,0.6736811399459839,2,0.6736811399459839,2,0.6736811399459839,2,0.14121419191360474,-0.20681634545326233,2.4992332458496094
1,2,8.000000000000002,pre_bbox,300,0.8520416021347046,291,237,0.8194438219070435,0.2834243178367615,0.6392006278038025,0.8520416021347046,11,0.8520416021347046,11,0.8520416021347046,11,0.08620309829711914,0.006912626791745424,0.8728543519973755
1,3,7.0,pre_bbox,300,0.6028229594230652,68,68,0.6028229594230652,0.6207175850868225,0.6207175850868225,0.6028229594230652,8,0.6028229594230652,8,0.6028229594230652,8,0.35704681277275085,-0.21618089079856873,3.4185280799865723
1,1,8.000000000000002,decoder_1,300,0.6717821359634399,275,137,0.6104297041893005,0.6308972835540771,0.6774773001670837,0.6717821359634399,2,0.6717821359634399,2,0.6717821359634399,2,0.13477203249931335,-0.20682530105113983,2.5216453075408936
1,2,8.000000000000002,decoder_1,300,0.8543481826782227,251,237,0.8276848793029785,0.19680148363113403,0.6480376720428467,0.8543481826782227,9,0.8543481826782227,9,0.8543481826782227,9,0.14426061511039734,-0.015690965577960014,0.896191418170929
1,3,7.0,decoder_1,300,0.6036538481712341,68,68,0.6036538481712341,0.6304472088813782,0.6304472088813782,0.6036538481712341,7,0.6036538481712341,7,0.6036538481712341,7,0.3501916229724884,-0.215660959482193,3.416287660598755
1,1,8.000000000000002,decoder_2,300,0.6403226256370544,188,137,0.5497108101844788,0.110565185546875,0.7744691371917725,0.6403226256370544,6,0.6403226256370544,6,0.6403226256370544,5,0.29259511828422546,-0.2024858444929123,2.466883420944214
1,2,8.000000000000002,decoder_2,300,0.8946470618247986,291,237,0.8808972835540771,0.03757672756910324,0.804233729839325,0.8946470618247986,22,0.8946470618247986,22,0.8808972835540771,13,0.07261893153190613,0.04208298772573471,0.3635979890823364
1,3,7.0,decoder_2,300,0.6078547835350037,4,68,0.5348943471908569,0.0517149418592453,0.7969264984130859,0.6078547835350037,17,0.6078547835350037,17,0.6078547835350037,11,0.3153604567050934,-0.23821306228637695,2.643831253051758
1,1,8.000000000000002,decoder_3,300,0.6990727782249451,132,137,0.550838053226471,0.076925128698349,0.8027159571647644,0.6990727782249451,20,0.6990727782249451,20,0.6990727782249451,15,0.10058638453483582,0.2712354362010956,2.1524479389190674
1,2,8.000000000000002,decoder_3,300,0.8884522318840027,291,237,0.8787018060684204,0.03815711662173271,0.8137658834457397,0.8884522318840027,26,0.8884522318840027,26,0.8787018060684204,17,0.06975242495536804,0.05216214060783386,0.3998897671699524
1,3,7.0,decoder_3,300,0.58608478307724,296,68,0.5323297381401062,0.032549817115068436,0.7923245429992676,0.58608478307724,23,0.58608478307724,23,0.5817763209342957,13,0.2999425232410431,-0.2862778306007385,2.1749799251556396
1,1,8.000000000000002,final_nms07,181,0.6411449909210205,22,1,0.550838053226471,0.05370582640171051,0.8027159571647644,0.6411449909210205,9,0.6411449909210205,9,0.6411449909210205,8,0.04801627993583679,0.02644023671746254,2.9362735748291016
1,2,8.000000000000002,final_nms07,181,0.8787018060684204,0,0,0.8787018060684204,0.8137658834457397,0.8137658834457397,0.8787018060684204,4,0.8787018060684204,4,0.8787018060684204,4,0.06289169192314148,0.06227143481373787,0.685714840888977
1,3,7.0,final_nms07,181,0.5465487241744995,19,2,0.5323297381401062,0.056138042360544205,0.7923245429992676,0.5465487241744995,2,0.5465487241744995,2,0.5465487241744995,2,0.6751607656478882,-0.13382931053638458,4.338237285614014
2,4,7.0,encoder_all_counterfactual,8400,0.6565477848052979,3163,2929,0.4743506908416748,0.023110616952180862,0.06893161684274673,0.6565477848052979,7,0.6565477848052979,7,0.5306315422058105,1,0.21598248183727264,0.08180096000432968,2.6492841243743896
2,5,8.000000000000002,encoder_all_counterfactual,8400,0.8495404124259949,3006,2848,0.48352715373039246,0.032213423401117325,0.0706748440861702,0.8495404124259949,4,0.8495404124259949,4,0.5152502059936523,1,0.06992236524820328,-0.08757848292589188,0.8167674541473389
2,6,7.0,encoder_all_counterfactual,8400,0.49162450432777405,3328,5739,0.31528541445732117,0.05223953723907471,0.08896886557340622,0.49162450432777405,0,0.49162450432777405,0,0.49162450432777405,0,0.21772809326648712,-0.22326382994651794,4.502976417541504
2,4,7.0,topk,300,0.476949542760849,290,254,0.4743506908416748,0.06704672425985336,0.06893161684274673,0.476949542760849,0,0.476949542760849,0,0.476949542760849,0,0.8258901238441467,-0.12863582372665405,5.365474224090576
2,5,8.000000000000002,topk,300,0.48352715373039246,218,218,0.48352715373039246,0.0706748440861702,0.0706748440861702,0.48352715373039246,0,0.48352715373039246,0,0.48352715373039246,0,0.22201165556907654,-0.06736862659454346,4.3959431648254395
2,6,7.0,topk,300,0.3729478120803833,42,7,0.31528541445732117,0.08205793052911758,0.08896886557340622,0.3729478120803833,0,0.3729478120803833,0,0.3729478120803833,0,0.2784869372844696,0.08923927694559097,8.26077938079834
2,4,7.0,pre_bbox,300,0.6501498222351074,254,254,0.6501498222351074,0.682377815246582,0.682377815246582,0.6501498222351074,6,0.6501498222351074,6,0.6501498222351074,4,0.2655940651893616,-0.21415454149246216,1.741178274154663
2,5,8.000000000000002,pre_bbox,300,0.8518698811531067,294,218,0.6940035820007324,0.20209811627864838,0.639625608921051,0.8518698811531067,6,0.8518698811531067,6,0.8518698811531067,5,0.049250278621912,-0.0946066752076149,0.5747379660606384
2,6,7.0,pre_bbox,300,0.6976204514503479,298,42,0.6884286999702454,0.15052677690982819,0.6100502610206604,0.6976204514503479,16,0.6976204514503479,16,0.6976204514503479,16,0.24448014795780182,-0.10070617496967316,1.7425414323806763
2,4,7.0,decoder_1,300,0.6539539694786072,254,254,0.6539539694786072,0.6913288235664368,0.6913288235664368,0.6539539694786072,4,0.6539539694786072,4,0.6539539694786072,4,0.2526397407054901,-0.2166203111410141,1.7417815923690796
2,5,8.000000000000002,decoder_1,300,0.845247209072113,294,218,0.6930715441703796,0.20759433507919312,0.6493260264396667,0.845247209072113,7,0.845247209072113,7,0.845247209072113,6,-0.03520682454109192,-0.11888925731182098,0.49728530645370483
2,6,7.0,decoder_1,300,0.7393631935119629,298,42,0.6893660426139832,0.15497131645679474,0.6202204823493958,0.7393631935119629,15,0.7393631935119629,15,0.7393631935119629,15,0.16895319521427155,-0.1281997710466385,1.997930884361267
2,4,7.0,decoder_2,300,0.76981121301651,222,254,0.6495645642280579,0.07611540704965591,0.691616952419281,0.76981121301651,10,0.76981121301651,10,0.76981121301651,6,0.21316580474376678,0.040538493543863297,1.4383366107940674
2,5,8.000000000000002,decoder_2,300,0.8991187214851379,152,218,0.7385786771774292,0.07613465934991837,0.7287916541099548,0.8991187214851379,19,0.8991187214851379,19,0.8991187214851379,15,-0.011873513460159302,-0.09007544815540314,0.4787556827068329
2,6,7.0,decoder_2,300,0.7512302398681641,177,42,0.6480116248130798,0.06530016660690308,0.7540313005447388,0.7512302398681641,55,0.7512302398681641,55,0.7512302398681641,39,0.26305222511291504,0.0018100801389664412,0.6517837643623352
2,4,7.0,decoder_3,300,0.7430940270423889,124,254,0.6525939106941223,0.05978715047240257,0.738775372505188,0.7430940270423889,23,0.7430940270423889,23,0.7430940270423889,19,0.029745353385806084,-0.10325857996940613,2.106769561767578
2,5,8.000000000000002,decoder_3,300,0.8968863487243652,54,218,0.7629467248916626,0.1294717639684677,0.7672403454780579,0.8968863487243652,26,0.8968863487243652,26,0.8968863487243652,23,0.043660134077072144,-0.04035284370183945,0.6018736362457275
2,6,7.0,decoder_3,300,0.783061683177948,128,42,0.6545455455780029,0.09932468086481094,0.7807158827781677,0.783061683177948,68,0.783061683177948,68,0.783061683177948,58,0.12674275040626526,-0.10886970907449722,1.5607728958129883
2,4,7.0,final_nms07,170,0.6970711946487427,40,2,0.6525939106941223,0.06136945262551308,0.738775372505188,0.6970711946487427,10,0.6970711946487427,10,0.6970711946487427,8,0.1287059485912323,-0.14140260219573975,1.6638387441635132
2,5,8.000000000000002,final_nms07,170,0.7629467248916626,1,1,0.7629467248916626,0.7672403454780579,0.7672403454780579,0.7629467248916626,6,0.7629467248916626,6,0.7629467248916626,6,0.054709166288375854,-0.10862415283918381,1.3110014200210571
2,6,7.0,final_nms07,170,0.6661739945411682,7,0,0.6545455455780029,0.13133969902992249,0.7807158827781677,0.6661739945411682,7,0.6661739945411682,7,0.6661739945411682,7,0.20014868676662445,-0.2313353717327118,1.8369388580322266
3,7,5.999999999999999,encoder_all_counterfactual,8400,0.4792618453502655,2368,2530,0.2389555275440216,0.021246470510959625,0.08604191988706589,0.4792618453502655,0,0.4792618453502655,0,0.3064621388912201,0,0.12924785912036896,0.4548054039478302,3.865410566329956
3,8,7.0,encoder_all_counterfactual,8400,0.47218233346939087,2767,5957,0.18994022905826569,0.020994557067751884,0.07459317892789841,0.47218233346939087,0,0.47218233346939087,0,0.34928789734840393,0,0.0846153274178505,0.21126008033752441,4.665294170379639
3,9,7.0,encoder_all_counterfactual,8400,0.6756299138069153,3409,3410,0.3165866434574127,0.060075029730796814,0.07368543744087219,0.6756299138069153,4,0.6756299138069153,4,0.6756299138069153,1,0.2936425805091858,0.04178205877542496,2.2518959045410156
3,7,5.999999999999999,topk,300,0.3064621388912201,230,12,0.2389555275440216,0.06885720789432526,0.08604191988706589,0.3064621388912201,0,0.3064621388912201,0,0.3064621388912201,0,0.9393682479858398,0.631312906742096,3.7334892749786377
3,8,7.0,topk,300,0.20017777383327484,277,112,0.18994022905826569,0.06672761589288712,0.07459317892789841,0.20017777383327484,0,0.20017777383327484,0,0.20017777383327484,0,1.4446173906326294,0.47694018483161926,9.703641891479492
3,9,7.0,topk,300,0.3165866434574127,128,128,0.3165866434574127,0.07368543744087219,0.07368543744087219,0.3165866434574127,0,0.3165866434574127,0,0.3165866434574127,0,0.20207330584526062,0.10257948189973831,6.532782554626465
3,7,5.999999999999999,pre_bbox,300,0.572637140750885,210,230,0.5315364599227905,0.3496907949447632,0.6586236953735352,0.572637140750885,6,0.572637140750885,6,0.572637140750885,6,0.3198409080505371,0.323117733001709,1.1798574924468994
3,8,7.0,pre_bbox,300,0.5371582508087158,146,277,0.44697123765945435,0.29546236991882324,0.4436412453651428,0.5371582508087158,2,0.5371582508087158,2,0.5371582508087158,2,0.38707685470581055,0.1103057861328125,3.9076666831970215
3,9,7.0,pre_bbox,300,0.6555837392807007,128,128,0.6555837392807007,0.4493086040019989,0.4493086040019989,0.6555837392807007,8,0.6555837392807007,8,0.6555837392807007,8,0.14624159038066864,-0.046739932149648666,2.505523204803467
3,7,5.999999999999999,decoder_1,300,0.5660095810890198,210,230,0.5372766256332397,0.3583194613456726,0.667839765548706,0.5660095810890198,6,0.5660095810890198,6,0.5660095810890198,6,0.32396557927131653,0.3344409167766571,1.1702295541763306
3,8,7.0,decoder_1,300,0.53370201587677,146,277,0.4475102126598358,0.29975253343582153,0.4528965651988983,0.53370201587677,3,0.53370201587677,3,0.53370201587677,3,0.36204880475997925,0.04732634872198105,3.9955344200134277
3,9,7.0,decoder_1,300,0.6540864706039429,128,128,0.6540864706039429,0.4583112299442291,0.4583112299442291,0.6540864706039429,8,0.6540864706039429,8,0.6540864706039429,8,0.14556854963302612,-0.0395362488925457,2.530545473098755
3,7,5.999999999999999,decoder_2,300,0.5493142604827881,219,230,0.49398884177207947,0.08445635437965393,0.7052432894706726,0.5493142604827881,5,0.5493142604827881,5,0.5493142604827881,1,0.49482452869415283,0.21783149242401123,1.9511439800262451
3,8,7.0,decoder_2,300,0.7370654940605164,118,277,0.529787540435791,0.07603125274181366,0.651305079460144,0.7370654940605164,13,0.7370654940605164,13,0.7370654940605164,7,0.19974705576896667,0.13084925711154938,0.7857241630554199
3,9,7.0,decoder_2,300,0.6691382527351379,293,128,0.6064571142196655,0.1174873486161232,0.7762756943702698,0.6691382527351379,21,0.6691382527351379,21,0.6691382527351379,19,0.2923264801502228,-0.16814357042312622,0.6711702346801758
3,7,5.999999999999999,decoder_3,300,0.6058678030967712,219,51,0.4932272434234619,0.15699636936187744,0.6745178699493408,0.6058678030967712,9,0.6058678030967712,9,0.6058678030967712,8,0.23815397918224335,0.3330465257167816,0.9272931814193726
3,8,7.0,decoder_3,300,0.661820650100708,129,277,0.5354405045509338,0.08201219886541367,0.749089241027832,0.661820650100708,22,0.661820650100708,22,0.661820650100708,16,0.22972866892814636,-0.0738108903169632,2.269604444503784
3,9,7.0,decoder_3,300,0.6940932869911194,116,128,0.6060969829559326,0.15560711920261383,0.7725715637207031,0.6940932869911194,31,0.6940932869911194,31,0.6940932869911194,28,0.15712299942970276,-0.1898934245109558,1.9722851514816284
3,7,5.999999999999999,final_nms07,186,0.525037944316864,17,2,0.4932272434234619,0.08185258507728577,0.6745178699493408,0.525037944316864,2,0.525037944316864,2,0.525037944316864,2,0.3327685594558716,0.41552844643592834,2.612358331680298
3,8,7.0,final_nms07,186,0.661820650100708,16,1,0.5354405045509338,0.08201219886541367,0.749089241027832,0.661820650100708,4,0.661820650100708,4,0.661820650100708,4,0.22972866892814636,-0.0738108903169632,2.269604444503784
3,9,7.0,final_nms07,186,0.6914077997207642,6,0,0.6060969829559326,0.12456374615430832,0.7725715637207031,0.6914077997207642,4,0.6914077997207642,4,0.6914077997207642,4,0.16112734377384186,-0.22190837562084198,1.8466713428497314
4,10,9.0,encoder_all_counterfactual,8400,0.7807649374008179,2687,2689,0.4078667461872101,0.03921974077820778,0.076986163854599,0.7807649374008179,9,0.7807649374008179,9,0.586728036403656,2,0.08444413542747498,-0.16412508487701416,1.1106830835342407
4,11,7.0,encoder_all_counterfactual,8400,0.5096047520637512,3087,5958,0.25296321511268616,0.02299818955361843,0.07731872797012329,0.5096047520637512,1,0.5096047520637512,1,0.4286861717700958,0,0.5034398436546326,0.08217672258615494,3.0198166370391846
4,12,6.0,encoder_all_counterfactual,8400,0.5393619537353516,3808,3569,0.34552857279777527,0.03648732230067253,0.06651332974433899,0.5393619537353516,2,0.5393619537353516,2,0.3675610423088074,0,0.5413038730621338,-0.018136681988835335,3.5548458099365234
4,10,9.0,topk,300,0.586728036403656,284,64,0.4078667461872101,0.06492695957422256,0.076986163854599,0.586728036403656,1,0.586728036403656,1,0.586728036403656,1,-0.043848197907209396,-0.3087836802005768,1.6638562679290771
4,11,7.0,topk,300,0.36388030648231506,76,57,0.25296321511268616,0.07627438008785248,0.07731872797012329,0.36388030648231506,0,0.36388030648231506,0,0.36388030648231506,0,0.7172874212265015,0.5952515602111816,4.920809745788574
4,12,6.0,topk,300,0.3565976917743683,280,259,0.34552857279777527,0.06511691957712173,0.06651332974433899,0.3565976917743683,0,0.3565976917743683,0,0.3565976917743683,0,0.5815181732177734,-0.10388196259737015,5.893548011779785
4,10,9.0,pre_bbox,300,0.6919646859169006,168,284,0.5969899296760559,0.29013267159461975,0.5439903140068054,0.6919646859169006,6,0.6919646859169006,6,0.6919646859169006,5,0.007193629164248705,-0.09290868043899536,2.605567455291748
4,11,7.0,pre_bbox,300,0.845585286617279,76,76,0.845585286617279,0.638810396194458,0.638810396194458,0.845585286617279,10,0.845585286617279,10,0.845585286617279,10,0.17586863040924072,-0.006695730146020651,1.0916297435760498
4,12,6.0,pre_bbox,300,0.731327474117279,142,280,0.7099549770355225,0.13556930422782898,0.5974738597869873,0.731327474117279,11,0.731327474117279,11,0.731327474117279,11,0.2552376985549927,0.08934062719345093,1.2685610055923462
4,10,9.0,decoder_1,300,0.6922407150268555,168,284,0.5942469239234924,0.29739534854888916,0.555100679397583,0.6922407150268555,6,0.6922407150268555,6,0.6922407150268555,6,0.002193896099925041,-0.095453642308712,2.579094171524048
4,11,7.0,decoder_1,300,0.8462084531784058,76,76,0.8462084531784058,0.6494761109352112,0.6494761109352112,0.8462084531784058,10,0.8462084531784058,10,0.8462084531784058,10,0.16766436398029327,-0.006760614924132824,1.1096693277359009
4,12,6.0,decoder_1,300,0.7359941601753235,142,280,0.7146576642990112,0.1376362442970276,0.6065590381622314,0.7359941601753235,11,0.7359941601753235,11,0.7359941601753235,11,0.22032926976680756,0.03578503802418709,1.617734670639038
4,10,9.0,decoder_2,300,0.7521526217460632,284,284,0.7521526217460632,0.6402188539505005,0.6402188539505005,0.7521526217460632,18,0.7521526217460632,18,0.7521526217460632,10,-0.10204122215509415,-0.15797224640846252,1.7244998216629028
4,11,7.0,decoder_2,300,0.8368873596191406,123,76,0.8132246136665344,0.07066459208726883,0.76615309715271,0.8368873596191406,16,0.8368873596191406,16,0.8368873596191406,11,0.11864115297794342,-0.023275405168533325,1.0640395879745483
4,12,6.0,decoder_2,300,0.7374563217163086,42,280,0.6648837924003601,0.1496667116880417,0.7277781367301941,0.7374563217163086,23,0.7374563217163086,23,0.7374563217163086,11,0.3215618133544922,-0.03329820930957794,1.4193000793457031
4,10,9.0,decoder_3,300,0.7564480900764465,284,284,0.7564480900764465,0.7461073398590088,0.7461073398590088,0.7564480900764465,30,0.7564480900764465,30,0.7564480900764465,26,-0.09523877501487732,-0.15349362790584564,1.732642412185669
4,11,7.0,decoder_3,300,0.894951343536377,32,76,0.8178997039794922,0.08908120542764664,0.7856813073158264,0.894951343536377,24,0.894951343536377,24,0.894951343536377,19,0.07001656293869019,-0.030311403796076775,0.5455735325813293
4,12,6.0,decoder_3,300,0.8038033843040466,6,280,0.6608336567878723,0.07122095674276352,0.7551678419113159,0.8038033843040466,34,0.8038033843040466,34,0.8038033843040466,25,0.23534105718135834,-0.005999935325235128,0.8480526804924011
4,10,9.0,final_nms07,191,0.7564480900764465,2,2,0.7564480900764465,0.7461073398590088,0.7461073398590088,0.7564480900764465,10,0.7564480900764465,10,0.7564480900764465,9,-0.09523877501487732,-0.15349362790584564,1.732642412185669
4,11,7.0,final_nms07,191,0.8178997039794922,0,0,0.8178997039794922,0.7856813073158264,0.7856813073158264,0.8178997039794922,6,0.8178997039794922,6,0.8178997039794922,6,0.14398899674415588,-0.07291646301746368,0.7140271067619324
4,12,6.0,final_nms07,191,0.6632322669029236,6,1,0.6608336567878723,0.12111437320709229,0.7551678419113159,0.6632322669029236,3,0.6632322669029236,3,0.6632322669029236,2,0.11473972350358963,-0.0491967648267746,2.5193259716033936
5,13,8.000000000000002,encoder_all_counterfactual,8400,0.8132575750350952,3003,5955,0.18115204572677612,0.02723749540746212,0.06576690077781677,0.8132575750350952,4,0.8132575750350952,4,0.5224851965904236,2,0.03406428545713425,0.18911176919937134,0.3763699233531952
5,14,6.0,encoder_all_counterfactual,8400,0.4107389450073242,3005,4050,0.28469225764274597,0.028253847733139992,0.06292684376239777,0.4107389450073242,0,0.4107389450073242,0,0.3387988209724426,0,0.8375471234321594,0.039217352867126465,5.651216506958008
5,15,8.000000000000002,encoder_all_counterfactual,8400,0.6427968144416809,3807,5961,0.2466646432876587,0.03699878603219986,0.07719355076551437,0.6427968144416809,3,0.6427968144416809,3,0.502570629119873,1,0.1594947874546051,0.32471904158592224,2.2759342193603516
5,13,8.000000000000002,topk,300,0.06387903541326523,18,-1,0,0.08293105661869049,,0.06387903541326523,0,0.06387903541326523,0,0.06387903541326523,0,0.5886569619178772,0.2438732385635376,14.139433860778809
5,14,6.0,topk,300,0.07321169972419739,106,-1,0,0.07521191239356995,,0.07321169972419739,0,0.07321169972419739,0,0.07321169972419739,0,1.1633776426315308,0.36809679865837097,14.473342895507812
5,15,8.000000000000002,topk,300,0.2466646432876587,80,80,0.2466646432876587,0.07719355076551437,0.07719355076551437,0.2466646432876587,0,0.2466646432876587,0,0.2466646432876587,0,0.4868101179599762,0.7236196994781494,9.849496841430664
5,13,8.000000000000002,pre_bbox,300,0.7113969326019287,18,18,0.7113969326019287,0.48603564500808716,0.48603564500808716,0.7113969326019287,2,0.7113969326019287,2,0.7113969326019287,1,0.14191363751888275,0.07443312555551529,1.926991581916809
5,14,6.0,pre_bbox,300,0.647406280040741,82,106,0.6162542700767517,0.2365635484457016,0.2536662220954895,0.647406280040741,4,0.647406280040741,4,0.647406280040741,4,0.38307061791419983,-0.13908764719963074,1.1305906772613525
5,15,8.000000000000002,pre_bbox,300,0.9247152209281921,45,274,0.7899984121322632,0.20220032334327698,0.5123270750045776,0.9247152209281921,8,0.9247152209281921,8,0.9247152209281921,8,0.030637264251708984,0.0492723286151886,0.13003990054130554
5,13,8.000000000000002,decoder_1,300,0.7095310688018799,18,18,0.7095310688018799,0.4951358735561371,0.4951358735561371,0.7095310688018799,1,0.7095310688018799,1,0.7095310688018799,1,0.1344573199748993,0.07777348905801773,1.9501162767410278
5,14,6.0,decoder_1,300,0.646232008934021,82,106,0.630386471748352,0.24258801341056824,0.2602267861366272,0.646232008934021,4,0.646232008934021,4,0.646232008934021,4,0.35900211334228516,-0.15855756402015686,0.9556381702423096
5,15,8.000000000000002,decoder_1,300,0.9071594476699829,45,274,0.7921645641326904,0.2049839049577713,0.5208867192268372,0.9071594476699829,7,0.9071594476699829,7,0.9071594476699829,7,0.014326304197311401,-0.013142017647624016,0.6059549450874329
5,13,8.000000000000002,decoder_2,300,0.7070210576057434,200,18,0.6653985977172852,0.0858343169093132,0.6781537532806396,0.7070210576057434,6,0.7070210576057434,6,0.7070210576057434,6,0.2024666965007782,0.176237553358078,0.626198947429657
5,14,6.0,decoder_2,300,0.6758115887641907,244,106,0.6478231549263,0.21963906288146973,0.7343395352363586,0.6758115887641907,12,0.6758115887641907,12,0.6758115887641907,12,0.3289540410041809,-0.09548311680555344,1.342073678970337
5,15,8.000000000000002,decoder_2,300,0.8988125324249268,93,274,0.7719833254814148,0.07516580820083618,0.7590426206588745,0.8988125324249268,21,0.8988125324249268,21,0.8988125324249268,16,-0.03402140736579895,-0.050858572125434875,0.4642373025417328
5,13,8.000000000000002,decoder_3,300,0.7837822437286377,101,18,0.6691105365753174,0.15425322949886322,0.7758217453956604,0.7837822437286377,13,0.7837822437286377,13,0.7837822437286377,13,0.015933960676193237,0.17583522200584412,1.3069604635238647
5,14,6.0,decoder_3,300,0.7103694677352905,157,106,0.6408671140670776,0.051581576466560364,0.7894441485404968,0.7103694677352905,23,0.7103694677352905,23,0.7103694677352905,22,0.22824254631996155,0.038364261388778687,1.7691564559936523
5,15,8.000000000000002,decoder_3,300,0.8960529565811157,97,274,0.7694920301437378,0.10844020545482635,0.7671452164649963,0.8960529565811157,25,0.8960529565811157,25,0.8960529565811157,17,-0.06565788388252258,0.02359689399600029,0.3242335021495819
5,13,8.000000000000002,final_nms07,214,0.6831926107406616,9,1,0.6691105365753174,0.0843883752822876,0.7758217453956604,0.6831926107406616,2,0.6831926107406616,2,0.6831926107406616,2,0.21991226077079773,0.034010227769613266,2.19035267829895
5,14,6.0,final_nms07,214,0.6408671140670776,0,0,0.6408671140670776,0.7894441485404968,0.7894441485404968,0.6408671140670776,5,0.6408671140670776,5,0.6408671140670776,5,0.3487739562988281,-0.17465589940547943,1.1446585655212402
5,15,8.000000000000002,final_nms07,214,0.7892049551010132,17,2,0.7694920301437378,0.07104090601205826,0.7671452164649963,0.7892049551010132,4,0.7892049551010132,4,0.7892049551010132,3,-0.015198975801467896,0.15028415620326996,1.030466914176941
6,16,10.0,encoder_all_counterfactual,8400,0.7318942546844482,2608,2611,0.33946681022644043,0.038853518664836884,0.06697946786880493,0.7318942546844482,4,0.7318942546844482,4,0.5208473205566406,2,0.09455527365207672,-0.10209383070468903,2.0899276733398438
6,17,7.0,encoder_all_counterfactual,8400,0.8417443037033081,3486,5344,0.18188808858394623,0.02747289463877678,0.07713238894939423,0.8417443037033081,2,0.8417443037033081,2,0.47634947299957275,0,0.0244065560400486,0.0011653662659227848,0.9248227477073669
6,18,10.0,encoder_all_counterfactual,8400,0.8282051682472229,3489,5961,0.5840392708778381,0.044115711003541946,0.07795067876577377,0.8282051682472229,11,0.8282051682472229,11,0.5840392708778381,2,0.15271079540252686,-0.051878899335861206,0.4782346487045288
6,16,10.0,topk,300,0.33946681022644043,259,259,0.33946681022644043,0.06697946786880493,0.06697946786880493,0.33946681022644043,0,0.33946681022644043,0,0.33946681022644043,0,0.32796287536621094,-0.297321617603302,8.256239891052246
6,17,7.0,topk,300,0.44224587082862854,283,87,0.18188808858394623,0.06586459279060364,0.07713238894939423,0.44224587082862854,0,0.44224587082862854,0,0.44224587082862854,0,0.7286679148674011,-0.023598723113536835,3.3144338130950928
6,18,10.0,topk,300,0.5840392708778381,74,74,0.5840392708778381,0.07795067876577377,0.07795067876577377,0.5840392708778381,1,0.5840392708778381,1,0.5840392708778381,1,0.19427822530269623,0.3531346321105957,2.5184390544891357
6,16,10.0,pre_bbox,300,0.6597488522529602,259,259,0.6597488522529602,0.4101705551147461,0.4101705551147461,0.6597488522529602,3,0.6597488522529602,3,0.6597488522529602,2,-0.05300724133849144,-0.2367880642414093,2.560511589050293
6,17,7.0,pre_bbox,300,0.8010817766189575,20,283,0.6884021162986755,0.1956542581319809,0.705425500869751,0.8010817766189575,7,0.8010817766189575,7,0.8010817766189575,7,0.008965634740889072,0.12098024785518646,1.3034145832061768
6,18,10.0,pre_bbox,300,0.7087664008140564,74,74,0.7087664008140564,0.6283567547798157,0.6283567547798157,0.7087664008140564,16,0.7087664008140564,16,0.7087664008140564,16,-0.07534773647785187,0.0009413674706593156,2.2502694129943848
6,16,10.0,decoder_1,300,0.6630330681800842,259,259,0.6630330681800842,0.417976438999176,0.417976438999176,0.6630330681800842,3,0.6630330681800842,3,0.6630330681800842,2,-0.055707160383462906,-0.23384369909763336,2.557668924331665
6,17,7.0,decoder_1,300,0.8415675759315491,20,283,0.685756504535675,0.20144616067409515,0.7143481373786926,0.8415675759315491,8,0.8415675759315491,8,0.8415675759315491,7,-0.03211214020848274,0.11079180240631104,1.2546281814575195
6,18,10.0,decoder_1,300,0.7107739448547363,127,74,0.7066256403923035,0.5222702026367188,0.6388117074966431,0.7107739448547363,17,0.7107739448547363,17,0.7107739448547363,17,-0.06249236315488815,-0.09251087158918381,2.2082786560058594
6,16,10.0,decoder_2,300,0.7733414173126221,43,259,0.7109822034835815,0.032307080924510956,0.6548097133636475,0.7733414173126221,13,0.7733414173126221,13,0.7109822034835815,8,0.21575337648391724,0.06361123919487,1.7903438806533813
6,17,7.0,decoder_2,300,0.7660077214241028,20,283,0.6826109886169434,0.02635994926095009,0.7344596982002258,0.7660077214241028,16,0.7660077214241028,16,0.7353450059890747,11,0.09135707467794418,0.07510042190551758,1.4888103008270264
6,18,10.0,decoder_2,300,0.7395992875099182,75,74,0.6852401494979858,0.03496260568499565,0.8075481057167053,0.7395992875099182,27,0.7395992875099182,27,0.7261760830879211,13,-0.16925963759422302,-0.07017029821872711,1.864743947982788
6,16,10.0,decoder_3,300,0.7475845813751221,140,259,0.7078804969787598,0.049280934035778046,0.7519679069519043,0.7475845813751221,15,0.7475845813751221,15,0.7413469552993774,12,-0.12234019488096237,-0.09443659335374832,1.827042818069458
6,17,7.0,decoder_3,300,0.7237781286239624,87,283,0.6549238562583923,0.038120463490486145,0.7542961835861206,0.7237781286239624,26,0.7237781286239624,26,0.7042552828788757,19,0.1888580024242401,0.0779159814119339,1.82310152053833
6,18,10.0,decoder_3,300,0.734693169593811,75,74,0.6974718570709229,0.02931683324277401,0.7726281881332397,0.734693169593811,32,0.734693169593811,32,0.7288472652435303,14,-0.14462393522262573,-0.07197041809558868,1.9108163118362427
6,16,10.0,final_nms07,180,0.7131200432777405,4,2,0.7078804969787598,0.12036659568548203,0.7519679069519043,0.7131200432777405,4,0.7131200432777405,4,0.7131200432777405,4,-0.08539503812789917,-0.1414053738117218,1.7318178415298462
6,17,7.0,final_nms07,180,0.6549238562583923,1,1,0.6549238562583923,0.7542961835861206,0.7542961835861206,0.6549238562583923,3,0.6549238562583923,3,0.6549238562583923,3,0.2079445719718933,0.009097171947360039,2.3496243953704834
6,18,10.0,final_nms07,180,0.6974718570709229,0,0,0.6974718570709229,0.7726281881332397,0.7726281881332397,0.6974718570709229,6,0.6974718570709229,6,0.6974718570709229,2,-0.11328066885471344,-0.08664187043905258,2.254242181777954
7,19,11.0,encoder_all_counterfactual,8400,0.6913384795188904,2845,2844,0.4752700924873352,0.07017511129379272,0.0720573142170906,0.6913384795188904,8,0.6913384795188904,8,0.6913384795188904,1,0.03729066997766495,-0.2887009382247925,2.6866812705993652
7,20,9.0,encoder_all_counterfactual,8400,0.5968431234359741,3084,5959,0.11678051203489304,0.019949501380324364,0.07814601063728333,0.5968431234359741,3,0.5968431234359741,3,0.37095630168914795,0,-0.0727522149682045,-0.30509868264198303,4.0672478675842285
7,21,8.000000000000002,encoder_all_counterfactual,8400,0.7638601660728455,3807,3807,0.7638601660728455,0.07271148264408112,0.07271148264408112,0.7638601660728455,6,0.7638601660728455,6,0.7638601660728455,1,-0.06423775851726532,-0.012509433552622795,1.95212721824646
7,19,11.0,topk,300,0.6913384795188904,245,205,0.4752700924873352,0.07017511129379272,0.0720573142170906,0.6913384795188904,1,0.6913384795188904,1,0.6913384795188904,1,0.03729066997766495,-0.2887009382247925,2.6866812705993652
7,20,9.0,topk,300,0.37095630168914795,261,98,0.11678051203489304,0.06905978173017502,0.07814601063728333,0.37095630168914795,0,0.37095630168914795,0,0.37095630168914795,0,0.07555501908063889,-0.2750575840473175,6.711036682128906
7,21,8.000000000000002,topk,300,0.7638601660728455,195,195,0.7638601660728455,0.07271148264408112,0.07271148264408112,0.7638601660728455,1,0.7638601660728455,1,0.7638601660728455,1,-0.06423775851726532,-0.012509433552622795,1.95212721824646
7,19,11.0,pre_bbox,300,0.630463719367981,245,245,0.630463719367981,0.5688945055007935,0.5688945055007935,0.630463719367981,3,0.630463719367981,3,0.630463719367981,2,-0.1238798126578331,-0.280391663312912,0.7199666500091553
7,20,9.0,pre_bbox,300,0.8288337588310242,116,169,0.540126621723175,0.2455689013004303,0.5285521149635315,0.8288337588310242,10,0.8288337588310242,10,0.8288337588310242,9,-0.005953195504844189,-0.12221518158912659,1.4905208349227905
7,21,8.000000000000002,pre_bbox,300,0.7668613195419312,158,195,0.553987979888916,0.07715074717998505,0.5932019948959351,0.7668613195419312,11,0.7668613195419312,11,0.7668613195419312,11,-0.06990373879671097,-0.012829722836613655,1.570696473121643
7,19,11.0,decoder_1,300,0.8411113023757935,174,245,0.6210391521453857,0.04138163849711418,0.579433023929596,0.8411113023757935,3,0.8411113023757935,3,0.6210391521453857,2,0.0040721893310546875,0.019289376214146614,1.6782890558242798
7,20,9.0,decoder_1,300,0.8162100911140442,116,169,0.54055255651474,0.250527024269104,0.5400822162628174,0.8162100911140442,9,0.8162100911140442,9,0.8162100911140442,9,-0.010893482714891434,-0.1549088954925537,0.8568264842033386
7,21,8.000000000000002,decoder_1,300,0.6527445912361145,158,195,0.5581651926040649,0.07588741928339005,0.6026474237442017,0.6527445912361145,12,0.6527445912361145,12,0.6527445912361145,12,-0.09350623190402985,0.3797365725040436,3.1379644870758057
7,19,11.0,decoder_2,300,0.7070810198783875,254,245,0.6956157088279724,0.06523612886667252,0.678566575050354,0.7070810198783875,6,0.7070810198783875,6,0.7070810198783875,6,0.06267738342285156,-0.2530093491077423,1.2918068170547485
7,20,9.0,decoder_2,300,0.8315864205360413,229,169,0.6583368182182312,0.022527746856212616,0.6929777264595032,0.8315864205360413,26,0.8315864205360413,26,0.6988464593887329,16,0.0017999225528910756,-0.1639767736196518,0.05401239171624184
7,21,8.000000000000002,decoder_2,300,0.7759957909584045,160,195,0.5905360579490662,0.0729050412774086,0.7339001893997192,0.7759957909584045,57,0.7759957909584045,57,0.7759957909584045,39,-0.11446818709373474,0.11671406030654907,1.3511215448379517
7,19,11.0,decoder_3,300,0.7016763091087341,245,245,0.7016763091087341,0.7352494597434998,0.7352494597434998,0.7016763091087341,7,0.7016763091087341,7,0.7016763091087341,7,-0.081390380859375,-0.23247584700584412,1.0695680379867554
7,20,9.0,decoder_3,300,0.8560963273048401,25,169,0.6676797270774841,0.06063450500369072,0.7387825846672058,0.8560963273048401,49,0.8560963273048401,49,0.8560963273048401,39,-0.05997231975197792,0.05681492015719414,1.1005781888961792
7,21,8.000000000000002,decoder_3,300,0.8363118767738342,216,195,0.5857027173042297,0.08374358713626862,0.7260582447052002,0.8363118767738342,61,0.8363118767738342,61,0.8363118767738342,46,-0.14086207747459412,0.005359800066798925,0.6807438135147095
7,19,11.0,final_nms07,145,0.7016763091087341,1,1,0.7016763091087341,0.7352494597434998,0.7352494597434998,0.7016763091087341,2,0.7016763091087341,2,0.7016763091087341,2,-0.081390380859375,-0.23247584700584412,1.0695680379867554
7,20,9.0,final_nms07,145,0.8560963273048401,26,0,0.6676797270774841,0.06063450500369072,0.7387825846672058,0.8560963273048401,12,0.8560963273048401,12,0.8560963273048401,10,-0.05997231975197792,0.05681492015719414,1.1005781888961792
7,21,8.000000000000002,final_nms07,145,0.8363118767738342,13,2,0.5857027173042297,0.08374358713626862,0.7260582447052002,0.8363118767738342,7,0.8363118767738342,7,0.8363118767738342,5,-0.14086207747459412,0.005359800066798925,0.6807438135147095
8,22,9.0,encoder_all_counterfactual,8400,0.6744455695152283,3966,3407,0.378475546836853,0.06308915466070175,0.06874944269657135,0.6744455695152283,7,0.6744455695152283,7,0.6744455695152283,1,0.144015371799469,-0.04020852968096733,2.720456838607788
8,23,6.999999999999999,encoder_all_counterfactual,8400,0.41868510842323303,3884,5960,0.27062126994132996,0.03150979056954384,0.0760786160826683,0.41868510842323303,0,0.41868510842323303,0,0.34075045585632324,0,-0.05640573427081108,0.5774278044700623,5.945720195770264
8,24,8.000000000000002,encoder_all_counterfactual,8400,0.8033509254455566,4526,5962,0.181037038564682,0.04994722083210945,0.07678533345460892,0.8033509254455566,9,0.8033509254455566,9,0.5206229090690613,2,0.15118417143821716,0.010660824365913868,0.6871512532234192
8,22,9.0,topk,300,0.6744455695152283,246,131,0.378475546836853,0.06308915466070175,0.06874944269657135,0.6744455695152283,1,0.6744455695152283,1,0.6744455695152283,1,0.144015371799469,-0.04020852968096733,2.720456838607788
8,23,6.999999999999999,topk,300,0.34075045585632324,285,40,0.27062126994132996,0.06179337576031685,0.0760786160826683,0.34075045585632324,0,0.34075045585632324,0,0.34075045585632324,0,-0.22357682883739471,0.18706850707530975,7.196794509887695
8,24,8.000000000000002,topk,300,0.5206229090690613,224,32,0.181037038564682,0.06407324969768524,0.07678533345460892,0.5206229090690613,2,0.5206229090690613,2,0.5206229090690613,2,0.47434672713279724,0.30279991030693054,2.1209986209869385
8,22,9.0,pre_bbox,300,0.8359917998313904,162,246,0.7398552894592285,0.13095460832118988,0.6439104676246643,0.8359917998313904,10,0.8359917998313904,10,0.8359917998313904,10,0.003917355090379715,-0.1209917739033699,1.3290494680404663
8,23,6.999999999999999,pre_bbox,300,0.686658501625061,99,210,0.6227853298187256,0.20658741891384125,0.5565172433853149,0.686658501625061,9,0.686658501625061,9,0.686658501625061,9,-0.1582232415676117,0.2683693468570709,1.6995681524276733
8,24,8.000000000000002,pre_bbox,300,0.9318866729736328,92,224,0.7098387479782104,0.30231422185897827,0.6538177728652954,0.9318866729736328,36,0.9318866729736328,36,0.9318866729736328,36,0.01815914548933506,0.05391370505094528,0.39109164476394653
8,22,9.0,decoder_1,300,0.824539303779602,256,246,0.7406884431838989,0.36442795395851135,0.6531774401664734,0.824539303779602,11,0.824539303779602,11,0.824539303779602,11,0.017745357006788254,-0.16321715712547302,0.8143614530563354
8,23,6.999999999999999,decoder_1,300,0.6899105906486511,96,210,0.6206865310668945,0.16410282254219055,0.5667893290519714,0.6899105906486511,9,0.6899105906486511,9,0.6899105906486511,9,-0.16921234130859375,0.24578389525413513,1.4529011249542236
8,24,8.000000000000002,decoder_1,300,0.9688560366630554,92,224,0.709266722202301,0.30922532081604004,0.6626057028770447,0.9688560366630554,36,0.9688560366630554,36,0.9688560366630554,36,0.010390409268438816,0.005275927484035492,0.1832074075937271
8,22,9.0,decoder_2,300,0.8320437669754028,248,246,0.7579256296157837,0.06633390486240387,0.7479056119918823,0.8320437669754028,22,0.8320437669754028,22,0.8320437669754028,16,0.010350778698921204,-0.12291055172681808,1.5049641132354736
8,23,6.999999999999999,decoder_2,300,0.7275353670120239,34,210,0.669174075126648,0.06897781044244766,0.7889607548713684,0.7275353670120239,23,0.7275353670120239,23,0.7275353670120239,11,-0.22074317932128906,0.09123025834560394,1.789119005203247
8,24,8.000000000000002,decoder_2,300,0.9340701699256897,24,224,0.7910325527191162,0.04249336197972298,0.7585121989250183,0.9340701699256897,51,0.9340701699256897,51,0.8922806978225708,13,-0.005161052569746971,0.059801116585731506,0.29970502853393555
8,22,9.0,decoder_3,300,0.8456478118896484,248,246,0.758396327495575,0.06906511634588242,0.7765830159187317,0.8456478118896484,29,0.8456478118896484,29,0.8456478118896484,19,0.024326346814632416,-0.12430017441511154,1.3813848495483398
8,23,6.999999999999999,decoder_3,300,0.720918595790863,36,210,0.673760175704956,0.08024059236049652,0.7697870135307312,0.720918595790863,28,0.720918595790863,28,0.720918595790863,14,-0.18209266662597656,0.16449016332626343,1.5053786039352417
8,24,8.000000000000002,decoder_3,300,0.8868447542190552,7,224,0.7922857999801636,0.08951085805892944,0.7683851718902588,0.8868447542190552,56,0.8868447542190552,56,0.8868447542190552,13,-0.08590929210186005,-0.02980649657547474,0.28695541620254517
8,22,9.0,final_nms07,177,0.758396327495575,0,0,0.758396327495575,0.7765830159187317,0.7765830159187317,0.758396327495575,6,0.758396327495575,6,0.758396327495575,5,0.06882203370332718,-0.1998419314622879,0.7813422679901123
8,23,6.999999999999999,final_nms07,177,0.673760175704956,1,1,0.673760175704956,0.7697870135307312,0.7697870135307312,0.673760175704956,3,0.673760175704956,3,0.673760175704956,1,-0.20739173889160156,0.22255711257457733,1.6095991134643555
8,24,8.000000000000002,final_nms07,177,0.7922857999801636,2,2,0.7922857999801636,0.7683851718902588,0.7683851718902588,0.7922857999801636,3,0.7922857999801636,3,0.7922857999801636,2,-0.06826440989971161,0.18890757858753204,0.5979800224304199
9,25,9.0,encoder_all_counterfactual,8400,0.5553649663925171,3405,3406,0.24117879569530487,0.07357848435640335,0.07492830604314804,0.5553649663925171,2,0.5553649663925171,2,0.5553649663925171,1,0.26326438784599304,-0.11356204748153687,3.504824161529541
9,26,10.0,encoder_all_counterfactual,8400,0.8423661589622498,3724,3885,0.5331937074661255,0.023562228307127953,0.06403448432683945,0.8423661589622498,10,0.8423661589622498,10,0.5672644376754761,3,0.09760168939828873,0.022387854754924774,1.1786673069000244
9,27,10.0,encoder_all_counterfactual,8400,0.7212268114089966,4845,4923,0.14988161623477936,0.06250495463609695,0.06942400336265564,0.7212268114089966,9,0.7212268114089966,9,0.7212268114089966,5,0.0664028748869896,-0.15086182951927185,2.2624688148498535
9,25,9.0,topk,300,0.5553649663925171,89,72,0.24117879569530487,0.07357848435640335,0.07492830604314804,0.5553649663925171,1,0.5553649663925171,1,0.5553649663925171,1,0.26326438784599304,-0.11356204748153687,3.504824161529541
9,26,10.0,topk,300,0.5331937074661255,240,240,0.5331937074661255,0.06403448432683945,0.06403448432683945,0.5331937074661255,1,0.5331937074661255,1,0.5331937074661255,1,-0.11854780465364456,-0.17514754831790924,3.908782958984375
9,27,10.0,topk,300,0.7212268114089966,281,148,0.14988161623477936,0.06250495463609695,0.06942400336265564,0.7212268114089966,2,0.7212268114089966,2,0.7212268114089966,2,0.0664028748869896,-0.15086182951927185,2.2624688148498535
9,25,9.0,pre_bbox,300,0.7267460227012634,72,89,0.6822378635406494,0.4749460220336914,0.6311595439910889,0.7267460227012634,2,0.7267460227012634,2,0.7267460227012634,2,0.03497039154171944,-0.053807441145181656,2.263892650604248
9,26,10.0,pre_bbox,300,0.5811585187911987,160,240,0.544270932674408,0.05439368635416031,0.6405041813850403,0.5811585187911987,3,0.5811585187911987,3,0.5811585187911987,3,-0.05532835051417351,-0.088630810379982,3.5311362743377686
9,27,10.0,pre_bbox,300,0.7315940856933594,194,281,0.6564194560050964,0.5393301248550415,0.6127376556396484,0.7315940856933594,14,0.7315940856933594,14,0.7315940856933594,14,-0.1594361960887909,-0.12491901963949203,1.5642085075378418
9,25,9.0,decoder_1,300,0.7302130460739136,72,89,0.6843198537826538,0.48481428623199463,0.6419021487236023,0.7302130460739136,2,0.7302130460739136,2,0.7302130460739136,2,0.026053767651319504,-0.04943440482020378,2.2461774349212646
9,26,10.0,decoder_1,300,0.7586565613746643,248,240,0.5429354906082153,0.08139736205339432,0.6512489914894104,0.7586565613746643,3,0.7586565613746643,3,0.7586565613746643,2,-0.11915949732065201,-0.0724547877907753,1.733804702758789
9,27,10.0,decoder_1,300,0.7222357392311096,194,281,0.6529831290245056,0.5490239262580872,0.6211643815040588,0.7222357392311096,14,0.7222357392311096,14,0.7222357392311096,14,-0.170545756816864,-0.12308306246995926,1.5852723121643066
9,25,9.0,decoder_2,300,0.8327882289886475,250,89,0.750523567199707,0.12450998276472092,0.7631348371505737,0.8327882289886475,7,0.8327882289886475,7,0.8327882289886475,6,0.013367356732487679,-0.15538091957569122,0.7083449959754944
9,26,10.0,decoder_2,300,0.7886233925819397,249,240,0.5956887006759644,0.06158031150698662,0.7190034985542297,0.7886233925819397,10,0.7886233925819397,10,0.7886233925819397,7,-0.03439692407846451,-0.16997580230236053,1.5698508024215698
9,27,10.0,decoder_2,300,0.7126898169517517,157,281,0.6299734711647034,0.02708471566438675,0.7431287169456482,0.7126898169517517,23,0.7126898169517517,23,0.6546041369438171,5,-0.04349001869559288,-0.1671525090932846,2.7128641605377197
9,25,9.0,decoder_3,300,0.8225685358047485,81,89,0.7595858573913574,0.10962800681591034,0.7738394737243652,0.8225685358047485,18,0.8225685358047485,18,0.8225685358047485,11,0.06621108949184418,0.054895225912332535,1.2034279108047485
9,26,10.0,decoder_3,300,0.6545683145523071,160,240,0.6145819425582886,0.039110373705625534,0.7133954763412476,0.6545683145523071,15,0.6545683145523071,15,0.6232272982597351,11,-0.12550410628318787,-0.21353304386138916,2.601468086242676
9,27,10.0,decoder_3,300,0.8106021285057068,60,281,0.6366148591041565,0.039658647030591965,0.7464095950126648,0.8106021285057068,26,0.8106021285057068,26,0.6422368884086609,9,-0.09374121576547623,-0.10554792732000351,0.2722700536251068
9,25,9.0,final_nms07,229,0.7595858573913574,0,0,0.7595858573913574,0.7738394737243652,0.7738394737243652,0.7595858573913574,8,0.7595858573913574,8,0.7595858573913574,4,-0.0031235802453011274,-0.012707430869340897,2.084508180618286
9,26,10.0,final_nms07,229,0.6232272982597351,10,2,0.6145819425582886,0.06550587713718414,0.7133954763412476,0.6232272982597351,5,0.6232272982597351,5,0.6232272982597351,5,-0.10096072405576706,0.048657551407814026,3.5479624271392822
9,27,10.0,final_nms07,229,0.8106021285057068,37,1,0.6366148591041565,0.039658647030591965,0.7464095950126648,0.8106021285057068,5,0.8106021285057068,5,0.6366148591041565,4,-0.09374121576547623,-0.10554792732000351,0.2722700536251068
10,28,10.0,encoder_all_counterfactual,8400,0.8749857544898987,3005,3007,0.465802401304245,0.05434824526309967,0.0937032699584961,0.8749857544898987,10,0.8749857544898987,10,0.8749857544898987,2,-0.0897587239742279,0.044263456016778946,0.40939250588417053
10,29,5.999999999999999,encoder_all_counterfactual,8400,0.48533716797828674,3326,5960,0.11244016885757446,0.02789824642241001,0.08120555430650711,0.48533716797828674,0,0.48533716797828674,0,0.42467501759529114,0,-0.12447414547204971,0.5414816737174988,4.376201629638672
10,30,8.000000000000002,encoder_all_counterfactual,8400,0.8078309297561646,4367,4049,0.4856320917606354,0.04886965826153755,0.07218427956104279,0.8078309297561646,13,0.8078309297561646,13,0.576553225517273,3,-0.11527636647224426,0.10758738964796066,0.4742877185344696
10,28,10.0,topk,300,0.6813084483146667,132,1,0.465802401304245,0.07457360625267029,0.0937032699584961,0.6813084483146667,1,0.6813084483146667,1,0.6813084483146667,1,-0.0548616498708725,-0.11690276116132736,2.6722612380981445
10,29,5.999999999999999,topk,300,0.42467501759529114,202,58,0.11244016885757446,0.07021604478359222,0.08120555430650711,0.42467501759529114,0,0.42467501759529114,0,0.42467501759529114,0,-0.20651936531066895,0.25600576400756836,5.504766464233398
10,30,8.000000000000002,topk,300,0.4856320917606354,166,166,0.4856320917606354,0.07218427956104279,0.07218427956104279,0.4856320917606354,0,0.4856320917606354,0,0.4856320917606354,0,0.04317709058523178,0.009104263037443161,5.504561901092529
10,28,10.0,pre_bbox,300,0.7638903856277466,222,132,0.5889207124710083,0.08403657376766205,0.564422070980072,0.7638903856277466,7,0.7638903856277466,7,0.7638903856277466,7,-0.13418975472450256,0.1540980488061905,1.5872738361358643
10,29,5.999999999999999,pre_bbox,300,0.590452253818512,92,123,0.5771506428718567,0.053400833159685135,0.7167205810546875,0.590452253818512,8,0.590452253818512,8,0.590452253818512,8,-0.08703889697790146,0.35959935188293457,3.0419390201568604
10,30,8.000000000000002,pre_bbox,300,0.7605923414230347,166,166,0.7605923414230347,0.4539904296398163,0.4539904296398163,0.7605923414230347,7,0.7605923414230347,7,0.7605923414230347,7,-0.09143730998039246,0.2008977234363556,0.9440613389015198
10,28,10.0,decoder_1,300,0.7040263414382935,222,132,0.5810403823852539,0.08517993986606598,0.5746780633926392,0.7040263414382935,7,0.7040263414382935,7,0.7040263414382935,7,-0.15740267932415009,0.09955262392759323,2.0752100944519043
10,29,5.999999999999999,decoder_1,300,0.5931315422058105,82,123,0.5718574523925781,0.21288058161735535,0.7255436778068542,0.5931315422058105,7,0.5931315422058105,7,0.5931315422058105,7,-0.2406330108642578,0.3516313433647156,2.2072970867156982
10,30,8.000000000000002,decoder_1,300,0.7596222758293152,166,166,0.7596222758293152,0.46391257643699646,0.46391257643699646,0.7596222758293152,7,0.7596222758293152,7,0.7596222758293152,7,-0.09371604025363922,0.19994209706783295,0.9624900221824646
10,28,10.0,decoder_2,300,0.7503288984298706,88,132,0.7302493453025818,0.03717227280139923,0.6303998231887817,0.7503288984298706,24,0.7503288984298706,24,0.7469140291213989,16,-0.1897883415222168,0.06364142894744873,0.8812536597251892
10,29,5.999999999999999,decoder_2,300,0.6161097884178162,191,123,0.5596883296966553,0.1359993815422058,0.7703651785850525,0.6161097884178162,24,0.6161097884178162,24,0.6161097884178162,16,-0.17746543884277344,0.07541371881961823,3.6478359699249268
10,30,8.000000000000002,decoder_2,300,0.8280087113380432,210,166,0.749695897102356,0.05255567282438278,0.6689871549606323,0.8280087113380432,27,0.8280087113380432,27,0.8280087113380432,22,-0.07022169977426529,0.100115105509758,0.9976935982704163
10,28,10.0,decoder_3,300,0.8027395009994507,127,132,0.7423608899116516,0.11680247634649277,0.7534573674201965,0.8027395009994507,28,0.8027395009994507,28,0.8027395009994507,26,-0.07577849179506302,-0.047372620552778244,1.5014177560806274
10,29,5.999999999999999,decoder_3,300,0.6394186615943909,65,123,0.5564990639686584,0.04869721829891205,0.7690489888191223,0.6394186615943909,30,0.6394186615943909,30,0.6261851191520691,23,-0.16678428649902344,0.3637474775314331,0.8822821974754333
10,30,8.000000000000002,decoder_3,300,0.8196039795875549,259,166,0.7518190145492554,0.13674713671207428,0.7272303104400635,0.8196039795875549,33,0.8196039795875549,33,0.8196039795875549,30,-0.09033183008432388,0.12080024182796478,0.16984401643276215
10,28,10.0,final_nms07,173,0.8027395009994507,5,1,0.7423608899116516,0.11680247634649277,0.7534573674201965,0.8027395009994507,7,0.8027395009994507,7,0.8027395009994507,7,-0.07577849179506302,-0.047372620552778244,1.5014177560806274
10,29,5.999999999999999,final_nms07,173,0.5564990639686584,0,0,0.5564990639686584,0.7690489888191223,0.7690489888191223,0.5564990639686584,1,0.5564990639686584,1,0.5564990639686584,1,-0.18239784240722656,0.5738593339920044,0.5860800743103027
10,30,8.000000000000002,final_nms07,173,0.7518190145492554,2,2,0.7518190145492554,0.7272303104400635,0.7272303104400635,0.7518190145492554,3,0.7518190145492554,3,0.7518190145492554,3,-0.09069269895553589,0.23037482798099518,0.3088582456111908
11,31,8.000000000000002,encoder_all_counterfactual,8400,0.539815366268158,2763,2925,0.3862840235233307,0.01693292148411274,0.0879518911242485,0.539815366268158,5,0.539815366268158,5,0.5320678353309631,1,0.19925184547901154,0.18419091403484344,3.771292209625244
11,32,9.0,encoder_all_counterfactual,8400,0.734832227230072,3403,6041,0.1387338787317276,0.0353325791656971,0.07408390939235687,0.734832227230072,5,0.734832227230072,5,0.3959384858608246,0,0.011094432324171066,0.20546312630176544,2.2585043907165527
11,33,9.0,encoder_all_counterfactual,8400,0.6932718753814697,4044,5962,0.47979310154914856,0.03502998128533363,0.07712428271770477,0.6932718753814697,4,0.6932718753814697,4,0.47979310154914856,0,0.251870721578598,-0.018415674567222595,2.863497257232666
11,31,8.000000000000002,topk,300,0.3862840235233307,3,3,0.3862840235233307,0.0879518911242485,0.0879518911242485,0.3862840235233307,0,0.3862840235233307,0,0.3862840235233307,0,0.20941846072673798,0.03198954835534096,5.715733528137207
11,32,9.0,topk,300,0.3959384858608246,163,72,0.1387338787317276,0.06752821058034897,0.07408390939235687,0.3959384858608246,0,0.3959384858608246,0,0.3959384858608246,0,-0.1507444977760315,-0.16423846781253815,5.641175746917725
11,33,9.0,topk,300,0.47979310154914856,44,44,0.47979310154914856,0.07712428271770477,0.07712428271770477,0.47979310154914856,0,0.47979310154914856,0,0.47979310154914856,0,0.23660752177238464,0.4286929666996002,5.108765602111816
11,31,8.000000000000002,pre_bbox,300,0.9299886226654053,210,3,0.817042350769043,0.16498351097106934,0.6405218243598938,0.9299886226654053,12,0.9299886226654053,12,0.9299886226654053,12,0.008420891128480434,0.055727455765008926,0.45035409927368164
11,32,9.0,pre_bbox,300,0.7988396883010864,37,163,0.6746820211410522,0.16138343513011932,0.4973049759864807,0.7988396883010864,14,0.7988396883010864,14,0.7988396883010864,14,-0.020040195435285568,0.10144323855638504,1.1493996381759644
11,33,9.0,pre_bbox,300,0.8904668092727661,241,44,0.7464987635612488,0.07367049157619476,0.5860801935195923,0.8904668092727661,17,0.8904668092727661,17,0.8904668092727661,17,-0.024161413311958313,-0.04621997848153114,0.5719611048698425
11,31,8.000000000000002,decoder_1,300,0.8830633759498596,210,3,0.8144958019256592,0.16943857073783875,0.650137722492218,0.8830633759498596,11,0.8830633759498596,11,0.8830633759498596,11,-0.02341904118657112,0.0413910374045372,0.7086374759674072
11,32,9.0,decoder_1,300,0.8537705540657043,37,163,0.6725785136222839,0.1664658933877945,0.5080731511116028,0.8537705540657043,13,0.8537705540657043,13,0.8537705540657043,13,-0.06189556419849396,0.06586742401123047,0.9425057768821716
11,33,9.0,decoder_1,300,0.8877803087234497,236,44,0.7429590821266174,0.23159044981002808,0.5968778133392334,0.8877803087234497,16,0.8877803087234497,16,0.8877803087234497,16,-0.03694235533475876,-0.07816317677497864,0.6267176866531372
11,31,8.000000000000002,decoder_2,300,0.8368725776672363,260,3,0.7788824439048767,0.05061882734298706,0.725232720375061,0.8368725776672363,18,0.8368725776672363,18,0.8368725776672363,12,0.03519441932439804,0.10480019450187683,0.7669577598571777
11,32,9.0,decoder_2,300,0.9085124731063843,50,163,0.7707038521766663,0.089322030544281,0.7016167640686035,0.9085124731063843,25,0.9085124731063843,25,0.9085124731063843,17,0.045792073011398315,0.052504848688840866,0.41819435358047485
11,33,9.0,decoder_2,300,0.8963854908943176,259,44,0.8084296584129333,0.03446227312088013,0.7696542739868164,0.8963854908943176,33,0.8963854908943176,33,0.8278149366378784,13,-0.02247956581413746,-0.04167383909225464,0.5477325320243835
11,31,8.000000000000002,decoder_3,300,0.8161004185676575,260,3,0.7749621272087097,0.05202466621994972,0.785175085067749,0.8161004185676575,23,0.8161004185676575,23,0.8161004185676575,18,0.044759348034858704,0.1476539522409439,0.7859109044075012
11,32,9.0,decoder_3,300,0.823944628238678,112,163,0.76875239610672,0.030651219189167023,0.7519307136535645,0.823944628238678,34,0.823944628238678,34,0.8185055255889893,24,0.033287495374679565,0.0850253701210022,1.2056174278259277
11,33,9.0,decoder_3,300,0.8627516627311707,259,44,0.7950418591499329,0.03133479878306389,0.7734164595603943,0.8627516627311707,43,0.8627516627311707,43,0.85838383436203,25,-0.04778478667140007,-0.03088686428964138,0.9391078948974609
11,31,8.000000000000002,final_nms07,175,0.7749621272087097,0,0,0.7749621272087097,0.785175085067749,0.785175085067749,0.7749621272087097,2,0.7749621272087097,2,0.7749621272087097,1,0.07981832325458527,0.195005401968956,0.669381856918335
11,32,9.0,final_nms07,175,0.76875239610672,2,2,0.76875239610672,0.7519307136535645,0.7519307136535645,0.76875239610672,6,0.76875239610672,6,0.76875239610672,5,-0.06954657286405563,-0.00786960031837225,1.5378338098526
11,33,9.0,final_nms07,175,0.8329285383224487,10,1,0.7950418591499329,0.08234939724206924,0.7734164595603943,0.8329285383224487,9,0.8329285383224487,9,0.8329285383224487,9,0.069059818983078,0.016233351081609726,0.9899489879608154
12,34,8.000000000000002,encoder_all_counterfactual,8400,0.7183454036712646,2845,2847,0.3296206593513489,0.054357852786779404,0.09397143870592117,0.7183454036712646,7,0.7183454036712646,7,0.7183454036712646,3,0.28280937671661377,0.07133854180574417,0.9734451174736023
12,35,8.000000000000002,encoder_all_counterfactual,8400,0.5034425854682922,6128,3247,0.306155264377594,0.042809005826711655,0.07685616612434387,0.5034425854682922,1,0.5034425854682922,1,0.41988605260849,0,0.3148910403251648,0.5106379985809326,3.4653704166412354
12,36,10.0,encoder_all_counterfactual,8400,0.8077511787414551,4367,5663,0.6463320255279541,0.043797094374895096,0.08911887556314468,0.8077511787414551,9,0.8077511787414551,9,0.6463320255279541,2,-0.05316438898444176,-0.134894460439682,0.6716887950897217
12,34,8.000000000000002,topk,300,0.5349833369255066,199,1,0.3296206593513489,0.07161930948495865,0.09397143870592117,0.5349833369255066,1,0.5349833369255066,1,0.5349833369255066,1,0.20383687317371368,-0.09995950758457184,3.95194149017334
12,35,8.000000000000002,topk,300,0.41988605260849,128,98,0.306155264377594,0.07525555789470673,0.07685616612434387,0.41988605260849,0,0.41988605260849,0,0.41988605260849,0,0.4115224778652191,-0.027587343007326126,4.821943283081055
12,36,10.0,topk,300,0.6463320255279541,9,9,0.6463320255279541,0.08911887556314468,0.08911887556314468,0.6463320255279541,1,0.6463320255279541,1,0.6463320255279541,1,-0.1895083487033844,-0.1266004741191864,2.7528297901153564
12,34,8.000000000000002,pre_bbox,300,0.8781938552856445,1,1,0.8781938552856445,0.6042158007621765,0.6042158007621765,0.8781938552856445,8,0.8781938552856445,8,0.8781938552856445,8,0.0730506107211113,-0.03750341385602951,0.7671309113502502
12,35,8.000000000000002,pre_bbox,300,0.8788642287254333,45,128,0.8168553709983826,0.2379823625087738,0.6748324036598206,0.8788642287254333,11,0.8788642287254333,11,0.8788642287254333,10,0.10431992262601852,0.030344020575284958,0.642657458782196
12,36,10.0,pre_bbox,300,0.743028461933136,39,9,0.6040616631507874,0.5559682846069336,0.6255590319633484,0.743028461933136,8,0.743028461933136,8,0.743028461933136,8,-0.16373926401138306,-0.11148974299430847,0.9763568639755249
12,34,8.000000000000002,decoder_1,300,0.87811279296875,1,1,0.87811279296875,0.6130138039588928,0.6130138039588928,0.87811279296875,8,0.87811279296875,8,0.87811279296875,8,0.06389352679252625,-0.03790128603577614,0.7688315510749817
12,35,8.000000000000002,decoder_1,300,0.8982437252998352,45,128,0.8156319856643677,0.2447652965784073,0.6839227676391602,0.8982437252998352,8,0.8982437252998352,8,0.8982437252998352,8,0.08882924914360046,0.022457413375377655,0.5231383442878723
12,36,10.0,decoder_1,300,0.7280574440956116,39,9,0.5962525606155396,0.5668221116065979,0.6364898681640625,0.7280574440956116,8,0.7280574440956116,8,0.7280574440956116,8,-0.17254523932933807,-0.12012464553117752,0.9878461956977844
12,34,8.000000000000002,decoder_2,300,0.93743896484375,85,199,0.8246986269950867,0.0910181924700737,0.7535759210586548,0.93743896484375,16,0.93743896484375,16,0.93743896484375,9,0.019721001386642456,0.046105723828077316,0.13255789875984192
12,35,8.000000000000002,decoder_2,300,0.8323697447776794,45,128,0.7737874388694763,0.02401859126985073,0.7369632720947266,0.8323697447776794,19,0.8323697447776794,19,0.7997470498085022,9,0.13159605860710144,0.061676111072301865,0.980925977230072
12,36,10.0,decoder_2,300,0.8714960217475891,0,9,0.7319492101669312,0.10698655992746353,0.7032845616340637,0.8714960217475891,48,0.8714960217475891,48,0.8714960217475891,35,-0.08322562277317047,-0.04938936233520508,0.48466718196868896
12,34,8.000000000000002,decoder_3,300,0.8592144250869751,123,199,0.811080813407898,0.04657904803752899,0.7909367084503174,0.8592144250869751,22,0.8592144250869751,22,0.836122989654541,15,0.12737628817558289,-0.03519533947110176,0.22682896256446838
12,35,8.000000000000002,decoder_3,300,0.8842664361000061,285,128,0.7691631317138672,0.09149274230003357,0.7730147838592529,0.8842664361000061,30,0.8842664361000061,30,0.8842664361000061,22,0.09475371241569519,-0.03486616164445877,0.291926771402359
12,36,10.0,decoder_3,300,0.900681734085083,269,9,0.7309750318527222,0.07292061299085617,0.7716004848480225,0.900681734085083,51,0.900681734085083,51,0.900681734085083,33,-0.06125239282846451,0.045026641339063644,0.5907696485519409
12,34,8.000000000000002,final_nms07,176,0.811080813407898,0,0,0.811080813407898,0.7909367084503174,0.7909367084503174,0.811080813407898,5,0.811080813407898,5,0.811080813407898,4,0.1459784209728241,-0.02711733803153038,0.8538543581962585
12,35,8.000000000000002,final_nms07,176,0.7691631317138672,1,1,0.7691631317138672,0.7730147838592529,0.7730147838592529,0.7691631317138672,7,0.7691631317138672,7,0.7691631317138672,7,0.1561567485332489,0.021332118660211563,1.2447985410690308
12,36,10.0,final_nms07,176,0.7309750318527222,2,2,0.7309750318527222,0.7716004848480225,0.7716004848480225,0.7309750318527222,3,0.7309750318527222,3,0.7309750318527222,2,-0.1321886032819748,-0.136443629860878,1.6627132892608643
13,37,10.0,encoder_all_counterfactual,8400,0.9015381932258606,2843,2845,0.3960222601890564,0.05247452110052109,0.08030254393815994,0.9015381932258606,11,0.9015381932258606,11,0.9015381932258606,3,0.0006669998401775956,-0.050006017088890076,0.88089919090271
13,38,11.0,encoder_all_counterfactual,8400,0.6025333404541016,3243,3325,0.10213603079319,0.030519697815179825,0.07363326847553253,0.6025333404541016,5,0.6025333404541016,5,0.4197697639465332,0,-0.10339975357055664,-0.11230655014514923,3.8922605514526367
13,39,8.000000000000002,encoder_all_counterfactual,8400,0.704528272151947,3885,5962,0.28599658608436584,0.0583207868039608,0.07788248360157013,0.704528272151947,5,0.704528272151947,5,0.704528272151947,2,0.17399819195270538,-0.1663508415222168,1.7125821113586426
13,37,10.0,topk,300,0.593611478805542,72,32,0.3960222601890564,0.07635094970464706,0.08030254393815994,0.593611478805542,1,0.593611478805542,1,0.593611478805542,1,-0.05284824222326279,-0.08301636576652527,3.552666425704956
13,38,11.0,topk,300,0.4197697639465332,178,107,0.10213603079319,0.06966282427310944,0.07363326847553253,0.4197697639465332,0,0.4197697639465332,0,0.4197697639465332,0,-0.22952404618263245,-0.30424052476882935,5.102721691131592
13,39,8.000000000000002,topk,300,0.28599658608436584,51,51,0.28599658608436584,0.07788248360157013,0.07788248360157013,0.28599658608436584,0,0.28599658608436584,0,0.28599658608436584,0,0.4437836706638336,0.5472075939178467,7.3202595710754395
13,37,10.0,pre_bbox,300,0.676715075969696,32,72,0.6159504055976868,0.4045741856098175,0.577521800994873,0.676715075969696,6,0.676715075969696,6,0.676715075969696,6,-0.15512819588184357,-0.15766212344169617,1.8970261812210083
13,38,11.0,pre_bbox,300,0.7143388986587524,163,178,0.4482731819152832,0.295063853263855,0.49400976300239563,0.7143388986587524,9,0.7143388986587524,9,0.7143388986587524,9,-0.19977645576000214,-0.10732574760913849,0.27935904264450073
13,39,8.000000000000002,pre_bbox,300,0.8324044346809387,95,95,0.8324044346809387,0.4677788019180298,0.4677788019180298,0.8324044346809387,12,0.8324044346809387,12,0.8324044346809387,12,0.07079372555017471,0.12191461771726608,0.1773659884929657
13,37,10.0,decoder_1,300,0.6722617149353027,32,72,0.6090083122253418,0.4148790240287781,0.5874764323234558,0.6722617149353027,6,0.6722617149353027,6,0.6722617149353027,6,-0.15937423706054688,-0.15652678906917572,1.913773536682129
13,38,11.0,decoder_1,300,0.6825423836708069,163,178,0.450763076543808,0.30351153016090393,0.5049766898155212,0.6825423836708069,5,0.6825423836708069,5,0.6825423836708069,5,-0.22269058227539062,-0.12191742658615112,0.11312994360923767
13,39,8.000000000000002,decoder_1,300,0.8929228782653809,156,95,0.8448416590690613,0.08884818106889725,0.4787045419216156,0.8929228782653809,14,0.8929228782653809,14,0.8929228782653809,14,0.09972617030143738,0.010425157845020294,0.7152861952781677
13,37,10.0,decoder_2,300,0.8033581972122192,197,72,0.7250654697418213,0.10463271290063858,0.6952072381973267,0.8033581972122192,17,0.8033581972122192,16,0.8033581972122192,9,-0.10284805297851562,-0.017327284440398216,1.1080833673477173
13,38,11.0,decoder_2,300,0.7104417085647583,224,178,0.5348453521728516,0.05805707350373268,0.7623530030250549,0.7104417085647583,16,0.7104417085647583,16,0.7104417085647583,7,-0.1821918487548828,-0.1312863975763321,0.1907663494348526
13,39,8.000000000000002,decoder_2,300,0.8923241496086121,71,95,0.8636221885681152,0.04611818492412567,0.7081191539764404,0.8923241496086121,34,0.8923241496086121,34,0.8684861063957214,22,0.04302021861076355,0.020869653671979904,0.6544817686080933
13,37,10.0,decoder_3,300,0.762432873249054,260,72,0.7350127696990967,0.060800760984420776,0.7869505286216736,0.762432873249054,26,0.762432873249054,26,0.762432873249054,22,0.03190422058105469,0.27103686332702637,0.26483073830604553
13,38,11.0,decoder_3,300,0.7098386287689209,133,178,0.5411831140518188,0.06623072177171707,0.7655219435691833,0.7098386287689209,26,0.7098386287689209,26,0.7098386287689209,17,-0.09469795227050781,-0.047753844410181046,2.481492519378662
13,39,8.000000000000002,decoder_3,300,0.9187906384468079,140,95,0.8505319952964783,0.07845638692378998,0.7433496117591858,0.9187906384468079,36,0.9187906384468079,36,0.9187906384468079,32,0.07259795069694519,0.01472363993525505,0.42489898204803467
13,37,10.0,final_nms07,181,0.7350127696990967,0,0,0.7350127696990967,0.7869505286216736,0.7869505286216736,0.7350127696990967,7,0.7350127696990967,7,0.7350127696990967,7,-0.13861465454101562,-0.08768923580646515,1.4908920526504517
13,38,11.0,final_nms07,181,0.7098386287689209,26,1,0.5411831140518188,0.06623072177171707,0.7655219435691833,0.7098386287689209,8,0.7098386287689209,8,0.7098386287689209,7,-0.09469795227050781,-0.047753844410181046,2.481492519378662
13,39,8.000000000000002,final_nms07,181,0.8505319952964783,2,2,0.8505319952964783,0.7433496117591858,0.7433496117591858,0.8505319952964783,6,0.8505319952964783,6,0.8505319952964783,6,0.09459897875785828,0.07412190735340118,0.5537365078926086
14,40,8.000000000000002,encoder_all_counterfactual,8400,0.6459895968437195,2608,2769,0.47237080335617065,0.022164361551404,0.08035816997289658,0.6459895968437195,3,0.6459895968437195,3,0.47237080335617065,0,-0.042005497962236404,0.06577417254447937,2.870015859603882
14,41,6.999999999999999,encoder_all_counterfactual,8400,0.4803571403026581,3008,5960,0.12258613109588623,0.019294848665595055,0.07284640520811081,0.4803571403026581,0,0.4803571403026581,0,0.3789043724536896,0,0.16452713310718536,0.115203358232975,3.7634809017181396
14,42,5.999999999999999,encoder_all_counterfactual,8400,0.6865758895874023,3729,5743,0.27469244599342346,0.06395746767520905,0.09165994077920914,0.6865758895874023,4,0.6865758895874023,4,0.6865758895874023,2,-0.05534482002258301,0.39791175723075867,1.5547536611557007
14,40,8.000000000000002,topk,300,0.47237080335617065,19,19,0.47237080335617065,0.08035816997289658,0.08035816997289658,0.47237080335617065,0,0.47237080335617065,0,0.47237080335617065,0,0.14008286595344543,0.12839622795581818,4.829555988311768
14,41,6.999999999999999,topk,300,0.3789043724536896,172,81,0.12258613109588623,0.06758785247802734,0.07284640520811081,0.3789043724536896,0,0.3789043724536896,0,0.3789043724536896,0,0.3479872941970825,0.14697954058647156,6.086528778076172
14,42,5.999999999999999,topk,300,0.6865758895874023,252,1,0.27469244599342346,0.06395746767520905,0.09165994077920914,0.6865758895874023,2,0.6865758895874023,2,0.6865758895874023,2,-0.05534482002258301,0.39791175723075867,1.5547536611557007
14,40,8.000000000000002,pre_bbox,300,0.7979171872138977,19,19,0.7979171872138977,0.584574282169342,0.584574282169342,0.7979171872138977,11,0.7979171872138977,11,0.7979171872138977,9,0.04902929812669754,0.04379720240831375,1.3603262901306152
14,41,6.999999999999999,pre_bbox,300,0.6002673506736755,86,172,0.5423420071601868,0.38004428148269653,0.5237854719161987,0.6002673506736755,7,0.6002673506736755,7,0.6002673506736755,7,0.274615079164505,0.30699771642684937,2.1686301231384277
14,42,5.999999999999999,pre_bbox,300,0.7748406529426575,278,252,0.6198245882987976,0.07392565160989761,0.6792843341827393,0.7748406529426575,18,0.7748406529426575,18,0.7748406529426575,18,-0.11568381637334824,0.15977299213409424,0.8724591135978699
14,40,8.000000000000002,decoder_1,300,0.7951146960258484,19,19,0.7951146960258484,0.5945572257041931,0.5945572257041931,0.7951146960258484,9,0.7951146960258484,9,0.7951146960258484,9,0.038509391248226166,0.045585986226797104,1.3859783411026
14,41,6.999999999999999,decoder_1,300,0.6158268451690674,134,172,0.5408458709716797,0.19258248805999756,0.5345513820648193,0.6158268451690674,9,0.6158268451690674,9,0.6158268451690674,9,0.10460497438907623,0.2659223675727844,1.971350908279419
14,42,5.999999999999999,decoder_1,300,0.7090989351272583,278,252,0.6153005361557007,0.0752740278840065,0.6879457235336304,0.7090989351272583,16,0.7090989351272583,16,0.7090989351272583,16,-0.19168394804000854,0.17309758067131042,0.9699837565422058
14,40,8.000000000000002,decoder_2,300,0.9193866848945618,34,19,0.7754417657852173,0.05699007585644722,0.7505348324775696,0.9193866848945618,19,0.9193866848945618,19,0.9193866848945618,9,-0.053645431995391846,0.01886463351547718,0.5370854735374451
14,41,6.999999999999999,decoder_2,300,0.7477970123291016,184,172,0.652742862701416,0.1281500607728958,0.7367920279502869,0.7477970123291016,19,0.7477970123291016,19,0.7477970123291016,10,0.2968883216381073,0.02606557495892048,1.9282082319259644
14,42,5.999999999999999,decoder_2,300,0.704719066619873,4,252,0.6213650107383728,0.0386149100959301,0.7869049310684204,0.704719066619873,32,0.704719066619873,32,0.6895034313201904,13,-0.09752406179904938,0.3109460473060608,0.8763960599899292
14,40,8.000000000000002,decoder_3,300,0.8389487266540527,28,19,0.755037784576416,0.06772869825363159,0.7581697106361389,0.8389487266540527,26,0.8389487266540527,26,0.8389487266540527,20,0.026314863935112953,0.1359274834394455,0.7282917499542236
14,41,6.999999999999999,decoder_3,300,0.7246100306510925,115,172,0.6657537221908569,0.13662059605121613,0.7707467675209045,0.7246100306510925,21,0.7246100306510925,21,0.7246100306510925,13,0.15703608095645905,0.11700017750263214,1.2189278602600098
14,42,5.999999999999999,decoder_3,300,0.6456785798072815,284,252,0.6171787977218628,0.04206216707825661,0.7833406925201416,0.6456785798072815,37,0.6456785798072815,37,0.6443156003952026,23,-0.11742228269577026,0.415720671415329,0.5784633159637451
14,40,8.000000000000002,final_nms07,172,0.755037784576416,2,2,0.755037784576416,0.7581697106361389,0.7581697106361389,0.755037784576416,3,0.755037784576416,3,0.755037784576416,3,0.07144463807344437,0.23612143099308014,0.7357521057128906
14,41,6.999999999999999,final_nms07,172,0.6657537221908569,1,1,0.6657537221908569,0.7707467675209045,0.7707467675209045,0.6657537221908569,2,0.6657537221908569,2,0.6657537221908569,2,0.23829784989356995,0.2058769017457962,1.6136550903320312
14,42,5.999999999999999,final_nms07,172,0.6171787977218628,0,0,0.6171787977218628,0.7833406925201416,0.7833406925201416,0.6171787977218628,2,0.6171787977218628,2,0.6171787977218628,2,-0.08381518721580505,0.5287951827049255,0.45990896224975586
15,43,7.0,encoder_all_counterfactual,8400,0.5959131121635437,2927,2929,0.18449023365974426,0.04980478063225746,0.08196103572845459,0.5959131121635437,3,0.5959131121635437,3,0.30283263325691223,0,0.27880749106407166,-0.06264146417379379,2.9430766105651855
15,44,9.0,encoder_all_counterfactual,8400,0.637250542640686,3966,3329,0.5840916633605957,0.028606416657567024,0.06721774488687515,0.637250542640686,4,0.637250542640686,4,0.5840916633605957,2,-0.2743288576602936,0.1912088245153427,1.4353798627853394
15,45,8.000000000000002,encoder_all_counterfactual,8400,0.6964640617370605,3888,7946,0.12393791973590851,0.038066402077674866,0.06379380077123642,0.6964640617370605,3,0.6964640617370605,3,0.5369195342063904,1,0.370262086391449,0.04784400016069412,0.3792623281478882
15,43,7.0,topk,300,0.2996298372745514,174,44,0.18449023365974426,0.07217700034379959,0.08196103572845459,0.2996298372745514,0,0.2996298372745514,0,0.2996298372745514,0,0.28125521540641785,-0.020875129848718643,7.881036758422852
15,44,9.0,topk,300,0.5840916633605957,241,241,0.5840916633605957,0.06721774488687515,0.06721774488687515,0.5840916633605957,1,0.5840916633605957,1,0.5840916633605957,1,0.06499466300010681,-0.10505105555057526,3.479560375213623
15,45,8.000000000000002,topk,300,0.005449580028653145,251,-1,0,0.06665650010108948,,0.005449580028653145,0,0.005449580028653145,0,0.005449580028653145,0,0.36537525057792664,2.4672701358795166,33.33290100097656
15,43,7.0,pre_bbox,300,0.7779130935668945,174,174,0.7779130935668945,0.5735859274864197,0.5735859274864197,0.7779130935668945,3,0.7779130935668945,3,0.7779130935668945,3,0.11792322993278503,-0.13153156638145447,1.1823055744171143
15,44,9.0,pre_bbox,300,0.8003906607627869,241,241,0.8003906607627869,0.6072834134101868,0.6072834134101868,0.8003906607627869,8,0.8003906607627869,8,0.8003906607627869,8,-0.07897227257490158,-0.1025790199637413,1.1507312059402466
15,45,8.000000000000002,pre_bbox,300,0.7885004281997681,148,100,0.733996570110321,0.13074393570423126,0.16235771775245667,0.7885004281997681,7,0.7885004281997681,7,0.7885004281997681,7,0.05146664381027222,0.20615392923355103,1.2284904718399048
15,43,7.0,decoder_1,300,0.7843263149261475,174,174,0.7843263149261475,0.5837448835372925,0.5837448835372925,0.7843263149261475,3,0.7843263149261475,3,0.7843263149261475,3,0.10660114884376526,-0.12807215750217438,1.1923037767410278
15,44,9.0,decoder_1,300,0.7945400476455688,241,241,0.7945400476455688,0.6162011623382568,0.6162011623382568,0.7945400476455688,6,0.7945400476455688,6,0.7945400476455688,6,-0.08555961400270462,-0.09560639411211014,1.1563223600387573
15,45,8.000000000000002,decoder_1,300,0.817857027053833,148,100,0.6836245656013489,0.13315841555595398,0.16649071872234344,0.817857027053833,7,0.817857027053833,7,0.817857027053833,7,0.00040289759635925293,0.17366370558738708,0.9991141557693481
15,43,7.0,decoder_2,300,0.7579942345619202,174,174,0.7579942345619202,0.7303893566131592,0.7303893566131592,0.7579942345619202,14,0.7579942345619202,14,0.7579942345619202,12,0.20310698449611664,-0.03729498013854027,0.9326875805854797
15,44,9.0,decoder_2,300,0.9053627252578735,2,241,0.7911797761917114,0.21106930077075958,0.7367097735404968,0.9053627252578735,33,0.9053627252578735,33,0.9053627252578735,26,-0.015187560580670834,0.02184467576444149,0.6393073201179504
15,45,8.000000000000002,decoder_2,300,0.8341026306152344,298,148,0.7563656568527222,0.056976914405822754,0.6199825406074524,0.8341026306152344,13,0.8341026306152344,13,0.8341026306152344,13,0.056975096464157104,0.13426968455314636,0.16592569649219513
15,43,7.0,decoder_3,300,0.8030930757522583,101,174,0.7504761815071106,0.1802380532026291,0.7646455764770508,0.8030930757522583,23,0.8030930757522583,23,0.8030930757522583,22,0.23800711333751678,-0.004098818171769381,0.6168375611305237
15,44,9.0,decoder_3,300,0.9230345487594604,41,241,0.7853264808654785,0.15132935345172882,0.7806105613708496,0.9230345487594604,44,0.9230345487594604,44,0.9230345487594604,39,-0.023831665515899658,0.032212287187576294,0.45490387082099915
15,45,8.000000000000002,decoder_3,300,0.8365970849990845,29,148,0.7648056149482727,0.05879390612244606,0.6470770239830017,0.8365970849990845,22,0.8365970849990845,22,0.8365970849990845,21,-0.012049227952957153,0.006222117692232132,1.2222137451171875
15,43,7.0,final_nms07,177,0.7504761815071106,1,1,0.7504761815071106,0.7646455764770508,0.7646455764770508,0.7504761815071106,7,0.7504761815071106,7,0.7504761815071106,7,0.21827612817287445,-0.01392358634620905,0.8648983836174011
15,44,9.0,final_nms07,177,0.7865695953369141,11,0,0.7853264808654785,0.12069792300462723,0.7806105613708496,0.7865695953369141,8,0.7865695953369141,8,0.7865695953369141,8,0.13860195875167847,0.11658484488725662,1.0902734994888306
15,45,8.000000000000002,final_nms07,177,0.7648056149482727,2,2,0.7648056149482727,0.6470770239830017,0.6470770239830017,0.7648056149482727,3,0.7648056149482727,3,0.7648056149482727,3,0.03667089343070984,0.07735936343669891,1.4769480228424072
16,46,6.999999999999999,encoder_all_counterfactual,8400,0.5144349932670593,2143,2304,0.2741404175758362,0.025270802900195122,0.06792019307613373,0.5144349932670593,1,0.5144349932670593,1,0.2741404175758362,0,0.31582537293434143,0.06001639738678932,4.195451259613037
16,46,6.999999999999999,topk,300,0.2741404175758362,157,157,0.2741404175758362,0.06792019307613373,0.06792019307613373,0.2741404175758362,0,0.2741404175758362,0,0.2741404175758362,0,0.37448281049728394,-0.12490934133529663,8.231043815612793
16,46,6.999999999999999,pre_bbox,300,0.7086341977119446,157,157,0.7086341977119446,0.43786609172821045,0.43786609172821045,0.7086341977119446,1,0.7086341977119446,1,0.7086341977119446,1,0.2749348282814026,-0.04602872207760811,1.2898478507995605
16,46,6.999999999999999,decoder_1,300,0.7081170082092285,157,157,0.7081170082092285,0.4491131007671356,0.4491131007671356,0.7081170082092285,1,0.7081170082092285,1,0.7081170082092285,1,0.27759286761283875,-0.04357931762933731,1.2888906002044678
16,46,6.999999999999999,decoder_2,300,0.7001128792762756,157,157,0.7001128792762756,0.7720866799354553,0.7720866799354553,0.7001128792762756,2,0.7001128792762756,2,0.7001128792762756,1,0.3176244795322418,0.06536540389060974,0.8366337418556213
16,46,6.999999999999999,decoder_3,300,0.7036421895027161,157,157,0.7036421895027161,0.8128606677055359,0.8128606677055359,0.7036421895027161,5,0.7036421895027161,5,0.7036421895027161,5,0.30370092391967773,0.05680127441883087,0.8666285872459412
16,46,6.999999999999999,final_nms07,220,0.7036421895027161,0,0,0.7036421895027161,0.8128606677055359,0.8128606677055359,0.7036421895027161,3,0.7036421895027161,3,0.7036421895027161,3,0.30370092391967773,0.05680127441883087,0.8666285872459412
17,47,8.999999999999998,encoder_all_counterfactual,8400,0.712087094783783,4780,5022,0.19212442636489868,0.026643292978405952,0.056839894503355026,0.712087094783783,8,0.712087094783783,8,0.19212442636489868,0,0.22075951099395752,0.09158636629581451,2.439800262451172
17,47,8.999999999999998,topk,300,0.05318671837449074,222,-1,0,0.05895005539059639,,0.05318671837449074,0,0.05318671837449074,0,0.05318671837449074,0,0.39095863699913025,0.4417406916618347,19.6368350982666
17,47,8.999999999999998,pre_bbox,300,0.5778108239173889,222,222,0.5778108239173889,0.19527551531791687,0.19527551531791687,0.5778108239173889,1,0.5778108239173889,1,0.5778108239173889,1,0.007827251218259335,0.16088126599788666,3.735947370529175
17,47,8.999999999999998,decoder_1,300,0.5795579552650452,222,222,0.5795579552650452,0.201582670211792,0.201582670211792,0.5795579552650452,1,0.5795579552650452,1,0.5795579552650452,1,-0.0023182975128293037,0.14710940420627594,3.8155014514923096
17,47,8.999999999999998,decoder_2,300,0.6352711915969849,262,222,0.6111842393875122,0.4633105397224426,0.5951018333435059,0.6352711915969849,9,0.6352711915969849,9,0.6352711915969849,9,0.12904895842075348,0.0811535194516182,3.09600830078125
17,47,8.999999999999998,decoder_3,300,0.7305281162261963,75,169,0.6031357645988464,0.1829318106174469,0.693638801574707,0.7305281162261963,14,0.7305281162261963,14,0.7305281162261963,14,0.16197051107883453,0.12102783471345901,2.0808897018432617
17,47,8.999999999999998,final_nms07,225,0.6031357645988464,0,0,0.6031357645988464,0.693638801574707,0.693638801574707,0.6031357645988464,2,0.6031357645988464,2,0.6031357645988464,2,0.17133519053459167,0.11801555007696152,3.552055835723877
18,48,8.0,encoder_all_counterfactual,8400,0.5153254866600037,3179,5736,0.387212336063385,0.011866118758916855,0.07571009546518326,0.5153254866600037,2,0.5153254866600037,2,0.3975273072719574,0,0.3429311513900757,-0.08275436609983444,4.305291175842285
18,48,8.0,topk,300,0.387212336063385,160,160,0.387212336063385,0.07571009546518326,0.07571009546518326,0.387212336063385,0,0.387212336063385,0,0.387212336063385,0,0.705165684223175,0.1310739815235138,5.773231029510498
18,48,8.0,pre_bbox,300,0.6521235704421997,162,160,0.6058527231216431,0.06717046350240707,0.6145275235176086,0.6521235704421997,8,0.6521235704421997,8,0.6521235704421997,8,0.10594580322504044,-0.21241676807403564,3.0726287364959717
18,48,8.0,decoder_1,300,0.6085304617881775,162,160,0.6056696772575378,0.06939926743507385,0.6257877945899963,0.6085304617881775,8,0.6085304617881775,8,0.6085304617881775,8,0.020230965688824654,-0.22828760743141174,4.0597381591796875
18,48,8.0,decoder_2,300,0.7484809160232544,209,160,0.6419808864593506,0.08451654762029648,0.7379027605056763,0.7484809160232544,17,0.7484809160232544,17,0.7484809160232544,14,0.1877090483903885,0.11357010900974274,1.6542500257492065
18,48,8.0,decoder_3,300,0.6810341477394104,67,160,0.6245172023773193,0.10014907270669937,0.7970390915870667,0.6810341477394104,21,0.6810341477394104,21,0.6810341477394104,14,0.10572299361228943,-0.18104468286037445,1.7287193536758423
18,48,8.0,final_nms07,224,0.642465353012085,21,0,0.6245172023773193,0.05235104262828827,0.7970390915870667,0.642465353012085,3,0.642465353012085,3,0.642465353012085,3,0.11516959965229034,-0.3061985969543457,2.3744611740112305
19,49,8.0,encoder_all_counterfactual,8400,0.6073789596557617,3822,5344,0.19455118477344513,0.039870504289865494,0.05175833776593208,0.6073789596557617,5,0.6073789596557617,5,0.2613130509853363,0,0.24719086289405823,-0.2237284630537033,3.0579349994659424
19,49,8.0,topk,300,0.058028124272823334,106,-1,0,0.07734797894954681,,0.058028124272823334,0,0.058028124272823334,0,0.058028124272823334,0,0.10025729984045029,0.12458661943674088,20.218036651611328
19,49,8.0,pre_bbox,300,0.7335253357887268,79,156,0.6003763675689697,0.0793527364730835,0.22866225242614746,0.7335253357887268,13,0.7335253357887268,13,0.7335253357887268,13,-0.1114611029624939,-0.12534016370773315,1.9843049049377441
19,49,8.0,decoder_1,300,0.790964663028717,268,156,0.6171192526817322,0.08211752027273178,0.23658175766468048,0.790964663028717,14,0.790964663028717,14,0.790964663028717,14,0.003534869058057666,-0.07700525224208832,2.225332021713257
19,49,8.0,decoder_2,300,0.7505866289138794,84,106,0.6059964299201965,0.1800549179315567,0.701270580291748,0.7505866289138794,19,0.7505866289138794,19,0.7505866289138794,19,0.13396136462688446,-0.16550874710083008,0.8297799825668335
19,49,8.0,decoder_3,300,0.6898835897445679,82,106,0.604049563407898,0.17502310872077942,0.8021565079689026,0.6898835897445679,23,0.6898835897445679,23,0.6898835897445679,18,0.015732817351818085,0.02205059491097927,2.537386178970337
19,49,8.0,final_nms07,222,0.6055509448051453,3,0,0.604049563407898,0.13745298981666565,0.8021565079689026,0.6055509448051453,2,0.6055509448051453,2,0.6055509448051453,2,0.36189475655555725,0.21256835758686066,1.9343596696853638
20,50,6.999999999999999,encoder_all_counterfactual,8400,0.6208727359771729,3581,5588,0.3091397285461426,0.01964753493666649,0.07484249770641327,0.6208727359771729,3,0.6208727359771729,3,0.3985487222671509,0,-0.019833320751786232,0.382003515958786,2.8224146366119385
20,50,6.999999999999999,topk,300,0.3091397285461426,89,89,0.3091397285461426,0.07484249770641327,0.07484249770641327,0.3091397285461426,0,0.3091397285461426,0,0.3091397285461426,0,-5.651138781104237e-05,0.7617169618606567,8.433942794799805
20,50,6.999999999999999,pre_bbox,300,0.6822065711021423,180,89,0.6821473240852356,0.29301661252975464,0.47727400064468384,0.6822065711021423,6,0.6822065711021423,6,0.6822065711021423,6,-0.02210446447134018,0.4247168004512787,0.38188436627388
20,50,6.999999999999999,decoder_1,300,0.6867474317550659,180,89,0.6796273589134216,0.30209797620773315,0.4885440468788147,0.6867474317550659,6,0.6867474317550659,6,0.6867474317550659,6,-0.029908280819654465,0.4168994128704071,0.4088269770145416
20,50,6.999999999999999,decoder_2,300,0.6996400952339172,89,89,0.6996400952339172,0.6997941136360168,0.6997941136360168,0.6996400952339172,12,0.6996400952339172,12,0.6996400952339172,7,-0.003794279647991061,0.31219151616096497,0.9906122088432312
20,50,6.999999999999999,decoder_3,300,0.7425369620323181,93,89,0.707400918006897,0.13557885587215424,0.7866572141647339,0.7425369620323181,14,0.7425369620323181,14,0.7425369620323181,9,-0.12200304120779037,0.11583913117647171,1.8949544429779053
20,50,6.999999999999999,final_nms07,213,0.707400918006897,0,0,0.707400918006897,0.7866572141647339,0.7866572141647339,0.707400918006897,3,0.707400918006897,3,0.707400918006897,3,0.022418690845370293,0.3127710521221161,0.8506466150283813
21,51,9.999999999999998,encoder_all_counterfactual,8400,0.5770900249481201,3420,5816,0.5613356828689575,0.01746583916246891,0.0747263953089714,0.5770900249481201,3,0.5770900249481201,3,0.5613356828689575,1,0.05964772030711174,-0.10597355663776398,3.901907205581665
21,51,9.999999999999998,topk,300,0.5613356828689575,144,144,0.5613356828689575,0.0747263953089714,0.0747263953089714,0.5613356828689575,1,0.5613356828689575,1,0.5613356828689575,1,0.30204614996910095,0.17530401051044464,4.9137187004089355
21,51,9.999999999999998,pre_bbox,300,0.7422308921813965,253,154,0.6393806338310242,0.2260914146900177,0.6449321508407593,0.7422308921813965,17,0.7422308921813965,17,0.7422308921813965,16,0.0013655764050781727,-0.001041778246872127,2.2089807987213135
21,51,9.999999999999998,decoder_1,300,0.7293034791946411,253,154,0.6409139037132263,0.23283950984477997,0.6547167301177979,0.7293034791946411,16,0.7293034791946411,16,0.7293034791946411,16,-0.004702816251665354,-0.013802350498735905,2.2762036323547363
21,51,9.999999999999998,decoder_2,300,0.8145419955253601,104,154,0.6386493444442749,0.08198931068181992,0.7461189031600952,0.8145419955253601,24,0.8145419955253601,24,0.8145419955253601,7,0.16699086129665375,0.012473140843212605,1.6167758703231812
21,51,9.999999999999998,decoder_3,300,0.6832058429718018,186,154,0.6420384049415588,0.033962760120630264,0.8034173846244812,0.6832058429718018,27,0.6832058429718018,27,0.6684355735778809,4,-0.1197504997253418,-0.044926080852746964,2.8319950103759766
21,51,9.999999999999998,final_nms07,228,0.6420384049415588,0,0,0.6420384049415588,0.8034173846244812,0.8034173846244812,0.6420384049415588,4,0.6420384049415588,4,0.6420384049415588,2,-0.048435308039188385,-0.10392819344997406,3.273658514022827
22,52,9.999999999999998,encoder_all_counterfactual,8400,0.8193616271018982,2300,5575,0.26178255677223206,0.020466718822717667,0.07312649488449097,0.8193616271018982,10,0.8193616271018982,10,0.48177438974380493,0,-0.019488826394081116,-0.07661943137645721,1.4840947389602661
22,52,9.999999999999998,topk,300,0.32283931970596313,251,243,0.26178255677223206,0.07289891690015793,0.07312649488449097,0.32283931970596313,0,0.32283931970596313,0,0.32283931970596313,0,0.14848072826862335,0.5121815800666809,9.883617401123047
22,52,9.999999999999998,pre_bbox,300,0.8486164808273315,239,243,0.7993032932281494,0.08674490451812744,0.5114356875419617,0.8486164808273315,26,0.8486164808273315,26,0.8486164808273315,25,-0.01171695813536644,0.09009190648794174,1.45034921169281
22,52,9.999999999999998,decoder_1,300,0.8928781151771545,239,243,0.7928080558776855,0.08866474032402039,0.5190361142158508,0.8928781151771545,21,0.8928781151771545,21,0.8928781151771545,21,-0.0821564570069313,0.022383341565728188,0.5303828716278076
22,52,9.999999999999998,decoder_2,300,0.9009270071983337,234,251,0.7768904566764832,0.03768925741314888,0.7427819967269897,0.9009270071983337,39,0.9009270071983337,39,0.8542546629905701,14,-0.09839639067649841,0.0007305013714358211,0.3279000520706177
22,52,9.999999999999998,decoder_3,300,0.872721254825592,271,251,0.7742952704429626,0.027397440746426582,0.8084577918052673,0.872721254825592,40,0.872721254825592,40,0.7882299423217773,7,-0.07069222629070282,0.06977342069149017,0.5759302973747253
22,52,9.999999999999998,final_nms07,172,0.7742952704429626,0,0,0.7742952704429626,0.8084577918052673,0.8084577918052673,0.7742952704429626,5,0.7742952704429626,5,0.7742952704429626,4,-0.10829690843820572,-0.05984382703900337,1.4178135395050049
23,53,9.999999999999998,encoder_all_counterfactual,8400,0.657153844833374,3422,6056,0.10081779211759567,0.016501441597938538,0.0708380863070488,0.657153844833374,8,0.657153844833374,8,0.41885775327682495,0,-0.0012232587905600667,-0.027540288865566254,3.3401544094085693
23,53,9.999999999999998,topk,300,0.10081779211759567,188,188,0.10081779211759567,0.0708380863070488,0.0708380863070488,0.10081779211759567,0,0.10081779211759567,0,0.10081779211759567,0,0.20280343294143677,0.5109556913375854,18.625524520874023
23,53,9.999999999999998,pre_bbox,300,0.8670197129249573,188,178,0.6998047828674316,0.25417831540107727,0.27142855525016785,0.8670197129249573,9,0.8670197129249573,9,0.8670197129249573,9,0.029126722365617752,-0.010397598147392273,1.2992571592330933
23,53,9.999999999999998,decoder_1,300,0.8599859476089478,188,178,0.7234191298484802,0.2608356773853302,0.27748438715934753,0.8599859476089478,9,0.8599859476089478,9,0.8599859476089478,9,0.0215279683470726,-0.02588139846920967,1.2467014789581299
23,53,9.999999999999998,decoder_2,300,0.8924126029014587,188,178,0.7577257752418518,0.14875686168670654,0.6696470379829407,0.8924126029014587,18,0.8924126029014587,18,0.8924126029014587,17,-0.02700650505721569,-0.0006626260001212358,1.0478307008743286
23,53,9.999999999999998,decoder_3,300,0.8533362150192261,188,178,0.7546737194061279,0.07874443382024765,0.7799193263053894,0.8533362150192261,22,0.8533362150192261,22,0.8533362150192261,20,-0.005779600702226162,0.0022799598518759012,1.3530349731445312
23,53,9.999999999999998,final_nms07,216,0.7546737194061279,0,0,0.7546737194061279,0.7799193263053894,0.7799193263053894,0.7546737194061279,3,0.7546737194061279,3,0.7546737194061279,3,0.020039472728967667,0.0162587258964777,2.0315444469451904
24,54,10.000000000000002,encoder_all_counterfactual,8400,0.4851590692996979,4542,5736,0.45898738503456116,0.030561141669750214,0.07595996558666229,0.4851590692996979,0,0.4851590692996979,0,0.45898738503456116,0,0.48199185729026794,-0.0045638238079845905,7.537522315979004
24,54,10.000000000000002,topk,300,0.45898738503456116,170,170,0.45898738503456116,0.07595996558666229,0.07595996558666229,0.45898738503456116,0,0.45898738503456116,0,0.45898738503456116,0,0.3933447003364563,0.23172320425510406,6.607959270477295
24,54,10.000000000000002,pre_bbox,300,0.8073551058769226,233,170,0.7337419986724854,0.3405042290687561,0.6818682551383972,0.8073551058769226,17,0.8073551058769226,17,0.8073551058769226,17,0.059175342321395874,-0.10157525539398193,1.7359278202056885
24,54,10.000000000000002,decoder_1,300,0.8106359839439392,227,170,0.7399206757545471,0.2025313377380371,0.6917983889579773,0.8106359839439392,17,0.8106359839439392,17,0.8106359839439392,17,-0.009150490164756775,-0.09940443187952042,1.7185938358306885
24,54,10.000000000000002,decoder_2,300,0.9220889210700989,189,170,0.7637740969657898,0.06681208312511444,0.7636292576789856,0.9220889210700989,23,0.9220889210700989,23,0.9220889210700989,5,-0.05796603858470917,0.00047564940177835524,0.6256078481674194
24,54,10.000000000000002,decoder_3,300,0.8979536294937134,83,170,0.7617126107215881,0.029018787667155266,0.8134682178497314,0.8979536294937134,27,0.8979536294937134,27,0.891680121421814,8,0.0042875418439507484,-0.02930370904505253,0.7927916049957275
24,54,10.000000000000002,final_nms07,212,0.7617126107215881,0,0,0.7617126107215881,0.8134682178497314,0.8134682178497314,0.7617126107215881,4,0.7617126107215881,4,0.7617126107215881,4,-0.05986030772328377,-0.14147619903087616,2.105074405670166
25,55,9.999999999999998,encoder_all_counterfactual,8400,0.621323823928833,3660,5739,0.10455319285392761,0.032575443387031555,0.06979697197675705,0.621323823928833,8,0.621323823928833,8,0.5095708966255188,1,0.12671931087970734,0.07694386690855026,3.7735702991485596
25,55,9.999999999999998,topk,300,0.10455319285392761,281,281,0.10455319285392761,0.06979697197675705,0.06979697197675705,0.10455319285392761,0,0.10455319285392761,0,0.10455319285392761,0,0.11936075985431671,0.37656816840171814,17.760557174682617
25,55,9.999999999999998,pre_bbox,300,0.6656049489974976,251,281,0.6618720293045044,0.2978529930114746,0.38284873962402344,0.6656049489974976,2,0.6656049489974976,2,0.6656049489974976,2,-0.0805281326174736,0.07338051497936249,3.190420389175415
25,55,9.999999999999998,decoder_1,300,0.6870791912078857,251,281,0.6851872801780701,0.3052554428577423,0.38985171914100647,0.6870791912078857,2,0.6870791912078857,2,0.6870791912078857,2,-0.08005397021770477,0.04152696952223778,2.7880606651306152
25,55,9.999999999999998,decoder_2,300,0.8228181004524231,281,281,0.8228181004524231,0.7151053547859192,0.7151053547859192,0.8228181004524231,3,0.8228181004524231,3,0.8228181004524231,3,-0.036768823862075806,0.020547935739159584,1.3845903873443604
25,55,9.999999999999998,decoder_3,300,0.843104362487793,281,281,0.843104362487793,0.7784857153892517,0.7784857153892517,0.843104362487793,3,0.843104362487793,3,0.843104362487793,3,-0.025072649121284485,0.01941898837685585,1.2422255277633667
25,55,9.999999999999998,final_nms07,197,0.843104362487793,0,0,0.843104362487793,0.7784857153892517,0.7784857153892517,0.843104362487793,1,0.843104362487793,1,0.843104362487793,1,-0.025072649121284485,0.01941898837685585,1.2422255277633667
26,56,10.000000000000002,encoder_all_counterfactual,8400,0.6579614877700806,2541,5734,0.19694389402866364,0.020106209442019463,0.07217556238174438,0.6579614877700806,6,0.6579614877700806,6,0.3919677734375,0,0.1585911512374878,-0.12043296545743942,3.3893518447875977
26,56,10.000000000000002,topk,300,0.23306956887245178,285,260,0.19694389402866364,0.07145628333091736,0.07217556238174438,0.23306956887245178,0,0.23306956887245178,0,0.23306956887245178,0,0.49124598503112793,0.2785811126232147,14.03835391998291
26,56,10.000000000000002,pre_bbox,300,0.8899795413017273,263,285,0.8127514123916626,0.1706855446100235,0.46460670232772827,0.8899795413017273,17,0.8899795413017273,17,0.8899795413017273,17,0.02109517715871334,-0.08969683945178986,0.49971768260002136
26,56,10.000000000000002,decoder_1,300,0.8549490571022034,263,285,0.8084333539009094,0.17526286840438843,0.4731490910053253,0.8549490571022034,15,0.8549490571022034,15,0.8549490571022034,15,-0.004289125557988882,-0.12913045287132263,0.9593654274940491
26,56,10.000000000000002,decoder_2,300,0.8858500123023987,244,260,0.8074087500572205,0.056090597063302994,0.7833002805709839,0.8858500123023987,25,0.8858500123023987,25,0.8858500123023987,18,0.030456965789198875,-0.07744389772415161,1.0460597276687622
26,56,10.000000000000002,decoder_3,300,0.8810551762580872,169,260,0.77106112241745,0.054691463708877563,0.8073410987854004,0.8810551762580872,31,0.8810551762580872,31,0.8810551762580872,14,0.02072433941066265,-0.09177177399396896,0.3208048939704895
26,56,10.000000000000002,final_nms07,186,0.77106112241745,0,0,0.77106112241745,0.8073410987854004,0.8073410987854004,0.77106112241745,5,0.77106112241745,5,0.77106112241745,3,-0.007865870371460915,-0.16562336683273315,0.8179209232330322
27,57,13.999999999999998,encoder_all_counterfactual,8400,0.658893346786499,5390,3483,0.43961748480796814,0.06226430460810661,0.08533545583486557,0.658893346786499,12,0.658893346786499,12,0.658893346786499,5,-0.2023072987794876,-0.17400170862674713,3.225294589996338
27,58,12.999999999999998,encoder_all_counterfactual,8400,0.8222972750663757,5013,3485,0.4639827609062195,0.05208227410912514,0.08483201265335083,0.8222972750663757,16,0.8222972750663757,16,0.8222972750663757,6,0.009919222444295883,0.12050050497055054,1.3781912326812744
27,59,12.999999999999998,encoder_all_counterfactual,8400,0.7557523846626282,3962,5797,0.25536710023880005,0.04219174012541771,0.07920879125595093,0.7557523846626282,5,0.7557523846626282,5,0.540349006652832,1,-0.07117214798927307,-0.1698938012123108,1.4544082880020142
27,57,13.999999999999998,topk,300,0.5974493622779846,159,5,0.43961748480796814,0.07246463000774384,0.08533545583486557,0.5974493622779846,2,0.5974493622779846,2,0.5974493622779846,2,-0.3591069281101227,-0.06778492033481598,3.6405951976776123
27,58,12.999999999999998,topk,300,0.4656939208507538,204,6,0.4639827609062195,0.07042449712753296,0.08483201265335083,0.4656939208507538,0,0.4656939208507538,0,0.4656939208507538,0,-0.2723326086997986,-0.22620701789855957,5.8611626625061035
27,59,12.999999999999998,topk,300,0.25536710023880005,42,42,0.25536710023880005,0.07920879125595093,0.07920879125595093,0.25536710023880005,0,0.25536710023880005,0,0.25536710023880005,0,-0.21298399567604065,-0.13054320216178894,12.045207977294922
27,57,13.999999999999998,pre_bbox,300,0.7120774388313293,13,289,0.5437095165252686,0.17402371764183044,0.6050509810447693,0.7120774388313293,21,0.7120774388313293,21,0.7120774388313293,20,-0.28038686513900757,-0.010232971049845219,0.48185449838638306
27,58,12.999999999999998,pre_bbox,300,0.7192184925079346,24,182,0.6427395343780518,0.6577768921852112,0.6646420359611511,0.7192184925079346,33,0.7192184925079346,33,0.7192184925079346,32,-0.13284043967723846,-0.1706039011478424,2.0638797283172607
27,59,12.999999999999998,pre_bbox,300,0.692206621170044,259,42,0.6611310839653015,0.13830895721912384,0.5415852665901184,0.692206621170044,11,0.692206621170044,11,0.692206621170044,11,-0.1317284107208252,-0.20277568697929382,2.593471050262451
27,57,13.999999999999998,decoder_1,300,0.6788262724876404,13,289,0.5421877503395081,0.17559993267059326,0.6125895977020264,0.6788262724876404,21,0.6788262724876404,21,0.6788262724876404,21,-0.2872822880744934,-0.041700463742017746,0.714972734451294
27,58,12.999999999999998,decoder_1,300,0.7262101173400879,24,182,0.6458770036697388,0.6646104454994202,0.6705979704856873,0.7262101173400879,32,0.7262101173400879,32,0.7262101173400879,31,-0.12902115285396576,-0.16621264815330505,2.019171714782715
27,59,12.999999999999998,decoder_1,300,0.6987719535827637,259,42,0.6639384031295776,0.13997259736061096,0.550204873085022,0.6987719535827637,9,0.6987719535827637,9,0.6987719535827637,9,-0.14734718203544617,-0.18047058582305908,2.080535411834717
27,57,13.999999999999998,decoder_2,300,0.68144291639328,13,36,0.5697805285453796,0.02979937568306923,0.7386671304702759,0.68144291639328,47,0.68144291639328,47,0.6098672747612,19,-0.24109585583209991,-0.05665721744298935,2.199636459350586
27,58,12.999999999999998,decoder_2,300,0.8115084171295166,129,24,0.6670215725898743,0.05957277864217758,0.8032264113426208,0.8115084171295166,64,0.8115084171295166,64,0.8115084171295166,30,-0.13248658180236816,-0.04047497361898422,1.9623161554336548
27,59,12.999999999999998,decoder_2,300,0.7248002290725708,45,42,0.6626301407814026,0.08642889559268951,0.7620616555213928,0.7248002290725708,29,0.7248002290725708,29,0.7248002290725708,21,-0.15671880543231964,-0.13152237236499786,1.8628953695297241
27,57,13.999999999999998,decoder_3,300,0.7115508317947388,207,289,0.5827261209487915,0.11730687320232391,0.7735183835029602,0.7115508317947388,66,0.7115508317947388,66,0.7115508317947388,18,-0.2775140404701233,-0.015134076587855816,3.292804002761841
27,58,12.999999999999998,decoder_3,300,0.7814748287200928,129,24,0.6614062190055847,0.03466471657156944,0.805626392364502,0.7814748287200928,76,0.7814748287200928,76,0.7466971278190613,24,-0.14397309720516205,-0.08709018677473068,1.2558761835098267
27,59,12.999999999999998,decoder_3,300,0.688002347946167,259,42,0.6612319946289062,0.02752465382218361,0.7824709415435791,0.688002347946167,28,0.688002347946167,28,0.6746483445167542,10,-0.17712624371051788,-0.16244152188301086,2.2108941078186035
27,57,13.999999999999998,final_nms07,113,0.6081110239028931,6,2,0.5827261209487915,0.07835713773965836,0.7735183835029602,0.6081110239028931,5,0.6081110239028931,5,0.6081110239028931,3,-0.2654002010822296,0.28314658999443054,4.01464319229126
27,58,12.999999999999998,final_nms07,113,0.6920202970504761,3,0,0.6614062190055847,0.19605642557144165,0.805626392364502,0.6920202970504761,6,0.6920202970504761,6,0.6920202970504761,4,-0.18990544974803925,-0.1457539051771164,1.7745393514633179
27,59,12.999999999999998,final_nms07,113,0.6612319946289062,1,1,0.6612319946289062,0.7824709415435791,0.7824709415435791,0.6612319946289062,1,0.6612319946289062,1,0.6612319946289062,1,-0.20568418502807617,-0.14440332353115082,2.1619322299957275
28,60,12.999999999999998,encoder_all_counterfactual,8400,0.7858332395553589,4440,5556,0.3041054308414459,0.05340525507926941,0.08531618118286133,0.7858332395553589,14,0.7858332395553589,14,0.7858332395553589,8,-0.14926064014434814,-0.057557303458452225,2.1600465774536133
28,61,13.0,encoder_all_counterfactual,8400,0.7429249286651611,3480,5476,0.18755164742469788,0.025926955044269562,0.08229437470436096,0.7429249286651611,16,0.7429249286651611,16,0.7341659665107727,9,0.005617065355181694,-0.11203388124704361,2.998150587081909
28,62,13.999999999999998,encoder_all_counterfactual,8400,0.8523975014686584,3881,5322,0.1480298936367035,0.018503328785300255,0.0856018215417862,0.8523975014686584,18,0.8523975014686584,18,0.7287002205848694,4,0.045146405696868896,-0.08722418546676636,1.353484869003296
28,60,12.999999999999998,topk,300,0.6843945384025574,35,11,0.3041054308414459,0.08127457648515701,0.08531618118286133,0.6843945384025574,3,0.6843945384025574,3,0.6843945384025574,3,-0.1329910308122635,-0.2106252759695053,1.42526376247406
28,61,13.0,topk,300,0.6952185034751892,185,23,0.18755164742469788,0.07274448126554489,0.08229437470436096,0.6952185034751892,4,0.6952185034751892,4,0.6952185034751892,4,-0.27288293838500977,-0.024293648079037666,1.3996655941009521
28,62,13.999999999999998,topk,300,0.28527095913887024,213,8,0.1480298936367035,0.0716562271118164,0.0856018215417862,0.28527095913887024,0,0.28527095913887024,0,0.28527095913887024,0,-0.2999226450920105,-0.19278857111930847,11.154617309570312
28,60,12.999999999999998,pre_bbox,300,0.8075840473175049,41,14,0.7487401366233826,0.21847335994243622,0.6432095766067505,0.8075840473175049,32,0.8075840473175049,32,0.8075840473175049,32,-0.1513293981552124,-0.04841338470578194,0.9401354789733887
28,61,13.0,pre_bbox,300,0.7911773920059204,27,53,0.7315928936004639,0.32835057377815247,0.6774206757545471,0.7911773920059204,35,0.7911773920059204,35,0.7911773920059204,35,-0.14760535955429077,-0.07181988656520844,0.7971403002738953
28,62,13.999999999999998,pre_bbox,300,0.6798332333564758,84,213,0.6557562947273254,0.17398904263973236,0.43394583463668823,0.6798332333564758,29,0.6798332333564758,29,0.6798332333564758,29,-0.21281705796718597,-0.13637347519397736,0.8845602869987488
28,60,12.999999999999998,decoder_1,300,0.792229413986206,280,14,0.747510552406311,0.11692161858081818,0.6515499949455261,0.792229413986206,31,0.792229413986206,31,0.792229413986206,31,-0.08354253321886063,-0.13555242121219635,1.0040205717086792
28,61,13.0,decoder_1,300,0.8003238439559937,27,53,0.7348246574401855,0.33589068055152893,0.6852279901504517,0.8003238439559937,33,0.8003238439559937,33,0.8003238439559937,33,-0.14366793632507324,-0.06540513783693314,0.7976678609848022
28,62,13.999999999999998,decoder_1,300,0.7368171811103821,153,213,0.6608505845069885,0.14770108461380005,0.4389830231666565,0.7368171811103821,24,0.7368171811103821,24,0.7368171811103821,24,-0.19962935149669647,-0.07940791547298431,1.0471959114074707
28,60,12.999999999999998,decoder_2,300,0.844112753868103,41,14,0.7815064787864685,0.01841440238058567,0.7845026254653931,0.844112753868103,43,0.844112753868103,43,0.7815064787864685,8,-0.1204192042350769,-0.04032214730978012,0.8663977384567261
28,61,13.0,decoder_2,300,0.8111391663551331,182,53,0.6884527206420898,0.03974161669611931,0.7689663767814636,0.8111391663551331,47,0.8111391663551331,47,0.7452100515365601,22,-0.09197352081537247,-0.10670272260904312,1.218032717704773
28,62,13.999999999999998,decoder_2,300,0.7322091460227966,42,213,0.659631609916687,0.11416471749544144,0.7771192193031311,0.7322091460227966,45,0.7322091460227966,45,0.7322091460227966,37,-0.16077688336372375,-0.1228979155421257,2.505082607269287
28,60,12.999999999999998,decoder_3,300,0.8414103984832764,41,14,0.7912734746932983,0.023420827463269234,0.7873143553733826,0.8414103984832764,47,0.8414103984832764,47,0.8311670422554016,6,-0.11326449364423752,-0.05111462250351906,0.8052903413772583
28,61,13.0,decoder_3,300,0.7883617281913757,27,53,0.6821643710136414,0.034601207822561264,0.7870830297470093,0.7883617281913757,51,0.7883617281913757,51,0.7779954671859741,13,-0.15761835873126984,-0.0641249567270279,0.41641998291015625
28,62,13.999999999999998,decoder_3,300,0.7056490778923035,8,213,0.6573908925056458,0.018190447241067886,0.7866935729980469,0.7056490778923035,47,0.7056490778923035,47,0.6946491599082947,23,-0.1578502207994461,-0.15388143062591553,2.5440962314605713
28,60,12.999999999999998,final_nms07,134,0.7912734746932983,0,0,0.7912734746932983,0.7873143553733826,0.7873143553733826,0.7912734746932983,1,0.7912734746932983,1,0.7912734746932983,1,-0.08969537168741226,-0.11697155237197876,1.992836594581604
28,61,13.0,final_nms07,134,0.7779954671859741,7,1,0.6821643710136414,0.05478031188249588,0.7870830297470093,0.7779954671859741,3,0.7779954671859741,3,0.7779954671859741,3,0.16630840301513672,-0.10160331428050995,2.3138720989227295
28,62,13.999999999999998,final_nms07,134,0.6573908925056458,2,2,0.6573908925056458,0.7866935729980469,0.7866935729980469,0.6573908925056458,2,0.6573908925056458,2,0.6573908925056458,2,-0.19813066720962524,-0.17393873631954193,2.475182294845581
29,63,9.0,encoder_all_counterfactual,8400,0.6801126599311829,5553,3563,0.6302193999290466,0.07855933904647827,0.08696452528238297,0.6801126599311829,11,0.6801126599311829,11,0.6801126599311829,8,-0.0523514449596405,0.3385049104690552,1.3953535556793213
29,64,8.999999999999998,encoder_all_counterfactual,8400,0.7637398838996887,3241,5319,0.28786683082580566,0.0288263950496912,0.09642361104488373,0.7637398838996887,9,0.7637398838996887,9,0.5645036697387695,2,-0.1321084350347519,-0.07888435572385788,1.2101755142211914
29,65,9.999999999999998,encoder_all_counterfactual,8400,0.7220646739006042,4040,5562,0.16921699047088623,0.02923836000263691,0.07985509932041168,0.7220646739006042,9,0.7220646739006042,9,0.45023876428604126,0,0.21666596829891205,-0.08870620280504227,2.970351457595825
29,63,9.0,topk,300,0.6801126599311829,47,4,0.6302193999290466,0.07855933904647827,0.08696452528238297,0.6801126599311829,5,0.6801126599311829,5,0.6801126599311829,5,-0.0523514449596405,0.3385049104690552,1.3953535556793213
29,64,8.999999999999998,topk,300,0.5645036697387695,147,0,0.28786683082580566,0.07310432195663452,0.09642361104488373,0.5645036697387695,2,0.5645036697387695,2,0.5645036697387695,2,0.4561554491519928,0.15159057080745697,2.454960584640503
29,65,9.999999999999998,topk,300,0.4483572840690613,40,37,0.16921699047088623,0.07935252785682678,0.07985509932041168,0.4483572840690613,0,0.4483572840690613,0,0.4483572840690613,0,0.044583626091480255,0.22848764061927795,6.531869411468506
29,63,9.0,pre_bbox,300,0.916776180267334,248,243,0.7372145056724548,0.40073081851005554,0.6736090779304504,0.916776180267334,43,0.916776180267334,43,0.916776180267334,42,-0.023181095719337463,0.03331731632351875,0.6270914673805237
29,64,8.999999999999998,pre_bbox,300,0.8055518865585327,216,147,0.7133473753929138,0.10102073848247528,0.6607950329780579,0.8055518865585327,46,0.8055518865585327,46,0.8055518865585327,46,-0.09423590451478958,0.10087815672159195,1.4442814588546753
29,65,9.999999999999998,pre_bbox,300,0.9141675233840942,120,40,0.7912671566009521,0.17551496624946594,0.6243919730186462,0.9141675233840942,28,0.9141675233840942,28,0.9141675233840942,28,0.04222303256392479,0.001232145936228335,0.8998891115188599
29,63,9.0,decoder_1,300,0.9164734482765198,248,243,0.7400987148284912,0.40872499346733093,0.6825060248374939,0.9164734482765198,40,0.9164734482765198,40,0.9164734482765198,40,-0.02815978415310383,0.03553057461977005,0.5944087505340576
29,64,8.999999999999998,decoder_1,300,0.8387249708175659,163,147,0.7111374139785767,0.09035273641347885,0.6660805344581604,0.8387249708175659,44,0.8387249708175659,44,0.8387249708175659,44,-0.06200769543647766,0.06272269040346146,1.1863064765930176
29,65,9.999999999999998,decoder_1,300,0.8836624026298523,120,40,0.7861029505729675,0.17538610100746155,0.6314997673034668,0.8836624026298523,26,0.8836624026298523,26,0.8836624026298523,26,0.03347010910511017,-0.01913541555404663,0.9787554740905762
29,63,9.0,decoder_2,300,0.8359166383743286,87,38,0.7664584517478943,0.06000287085771561,0.7450287342071533,0.8359166383743286,49,0.8359166383743286,49,0.8359166383743286,10,0.022014878690242767,0.020869316533207893,1.2604832649230957
29,64,8.999999999999998,decoder_2,300,0.8182408809661865,263,147,0.761293888092041,0.041685063391923904,0.7564690113067627,0.8182408809661865,57,0.8182408809661865,57,0.8174424171447754,27,0.18428365886211395,-0.036468375474214554,1.4982833862304688
29,65,9.999999999999998,decoder_2,300,0.8910315036773682,266,40,0.844437837600708,0.03856133297085762,0.7702620625495911,0.8910315036773682,43,0.8910315036773682,43,0.8868907690048218,16,-0.03740260377526283,0.0048148976638913155,1.1100045442581177
29,63,9.0,decoder_3,300,0.87099289894104,87,38,0.7664937973022461,0.03733763098716736,0.740974485874176,0.87099289894104,53,0.87099289894104,53,0.7690597772598267,7,0.059382934123277664,0.08375684171915054,0.8276019096374512
29,64,8.999999999999998,decoder_3,300,0.8360005617141724,263,147,0.7589625120162964,0.02387152425944805,0.764941930770874,0.8360005617141724,60,0.8360005617141724,60,0.7640113234519958,12,0.17903168499469757,0.0036513195373117924,1.1414704322814941
29,65,9.999999999999998,decoder_3,300,0.9172417521476746,152,40,0.8545570373535156,0.03019692376255989,0.7677983045578003,0.9172417521476746,43,0.9172417521476746,43,0.8961403369903564,9,-0.06468749791383743,-0.017540443688631058,0.7105024456977844
29,63,9.0,final_nms07,121,0.7664937973022461,2,2,0.7664937973022461,0.740974485874176,0.740974485874176,0.7664937973022461,2,0.7664937973022461,2,0.7664937973022461,2,0.053904540836811066,0.2379133403301239,1.4355744123458862
29,64,8.999999999999998,final_nms07,121,0.7589625120162964,1,1,0.7589625120162964,0.764941930770874,0.764941930770874,0.7589625120162964,4,0.7589625120162964,4,0.7589625120162964,3,0.20943722128868103,0.08942165970802307,0.6421136856079102
29,65,9.999999999999998,final_nms07,121,0.8545570373535156,0,0,0.8545570373535156,0.7677983045578003,0.7677983045578003,0.8545570373535156,1,0.8545570373535156,1,0.8545570373535156,1,0.022549312561750412,0.08700941503047943,0.849484384059906
30,66,9.0,encoder_all_counterfactual,8400,0.7223542332649231,4357,3561,0.10687577724456787,0.03539848327636719,0.09074833244085312,0.7223542332649231,7,0.7223542332649231,7,0.6298843026161194,4,-0.030448850244283676,0.16380801796913147,2.3983662128448486
30,67,9.0,encoder_all_counterfactual,8400,0.8244161605834961,3881,5954,0.1707259863615036,0.03760366514325142,0.08204799890518188,0.8244161605834961,7,0.8244161605834961,7,0.6721845269203186,1,0.04221252351999283,0.16385243833065033,1.4287068843841553
30,68,8.0,encoder_all_counterfactual,8400,0.5990294218063354,3479,5479,0.1756228655576706,0.03185898810625076,0.07562554627656937,0.5990294218063354,5,0.5990294218063354,5,0.5158764719963074,1,0.13948102295398712,0.4294964075088501,3.628450870513916
30,66,9.0,topk,300,0.6298843026161194,42,0,0.10687577724456787,0.07805105298757553,0.09074833244085312,0.6298843026161194,2,0.6298843026161194,2,0.6298843026161194,2,0.21366603672504425,0.02158786915242672,4.405978679656982
30,67,9.0,topk,300,0.6721845269203186,145,11,0.1707259863615036,0.07228699326515198,0.08204799890518188,0.6721845269203186,1,0.6721845269203186,1,0.6721845269203186,1,0.06535131484270096,0.36740636825561523,1.1541067361831665
30,68,8.0,topk,300,0.390029639005661,203,74,0.1756228655576706,0.0704924538731575,0.07562554627656937,0.390029639005661,0,0.390029639005661,0,0.390029639005661,0,-0.048010844737291336,0.28583940863609314,8.156259536743164
30,66,9.0,pre_bbox,300,0.8146340250968933,267,42,0.6427304148674011,0.2906504273414612,0.6823554635047913,0.8146340250968933,32,0.8146340250968933,32,0.8146340250968933,31,-0.08257275819778442,0.13753999769687653,0.39447152614593506
30,67,9.0,pre_bbox,300,0.7912721037864685,49,145,0.7607176303863525,0.5860400795936584,0.6158320307731628,0.7912721037864685,23,0.7912721037864685,23,0.7912721037864685,23,0.06822577118873596,0.1830722540616989,1.5562539100646973
30,68,8.0,pre_bbox,300,0.7236217260360718,57,241,0.6150534152984619,0.15476015210151672,0.5056136846542358,0.7236217260360718,28,0.7236217260360718,28,0.7236217260360718,28,-0.08320906013250351,0.1984095275402069,2.15665602684021
30,66,9.0,decoder_1,300,0.8138117790222168,267,42,0.6411975026130676,0.297446608543396,0.6899139285087585,0.8138117790222168,29,0.8138117790222168,29,0.8138117790222168,29,-0.08068631589412689,0.1410166621208191,0.42434218525886536
30,67,9.0,decoder_1,300,0.7871943712234497,49,145,0.7585521936416626,0.5927993059158325,0.6230496764183044,0.7871943712234497,23,0.7871943712234497,23,0.7871943712234497,23,0.0697002187371254,0.18746744096279144,1.6333383321762085
30,68,8.0,decoder_1,300,0.733550488948822,57,241,0.6163985133171082,0.15313100814819336,0.5109586715698242,0.733550488948822,25,0.733550488948822,25,0.733550488948822,25,-0.1129213273525238,0.16493600606918335,2.000340700149536
30,66,9.0,decoder_2,300,0.9289333820343018,192,42,0.6083611249923706,0.09352269768714905,0.7843464612960815,0.9289333820343018,45,0.9289333820343018,45,0.9289333820343018,17,0.017025934532284737,0.0584811195731163,0.33007141947746277
30,67,9.0,decoder_2,300,0.8721163868904114,286,145,0.785481870174408,0.08160306513309479,0.7645136117935181,0.8721163868904114,45,0.8721163868904114,45,0.8721163868904114,20,0.018503472208976746,0.03762708231806755,1.0172916650772095
30,68,8.0,decoder_2,300,0.665863573551178,132,241,0.6074215769767761,0.07140160351991653,0.7167252898216248,0.665863573551178,50,0.665863573551178,50,0.665863573551178,21,-0.12262608110904694,0.23558923602104187,2.9535531997680664
30,66,9.0,decoder_3,300,0.689842939376831,181,42,0.6100532412528992,0.03102555125951767,0.7808929085731506,0.689842939376831,47,0.689842939376831,47,0.6580145359039307,10,-0.06089248135685921,0.2700018882751465,1.9008694887161255
30,67,9.0,decoder_3,300,0.8611525893211365,173,145,0.7978178262710571,0.08419227600097656,0.7694483995437622,0.8611525893211365,45,0.8611525893211365,45,0.8611525893211365,11,0.042497552931308746,0.07358982414007187,0.9770172834396362
30,68,8.0,decoder_3,300,0.7328333258628845,95,241,0.6042045950889587,0.10320348292589188,0.7883635759353638,0.7328333258628845,56,0.7328333258628845,56,0.7328333258628845,18,0.007306397892534733,0.06979915499687195,2.203767776489258
30,66,9.0,final_nms07,131,0.6432225108146667,3,1,0.6100532412528992,0.09852913022041321,0.7808929085731506,0.6432225108146667,4,0.6432225108146667,4,0.6432225108146667,3,-0.2264498919248581,0.17773687839508057,3.183988571166992
30,67,9.0,final_nms07,131,0.7978178262710571,2,2,0.7978178262710571,0.7694483995437622,0.7694483995437622,0.7978178262710571,1,0.7978178262710571,1,0.7978178262710571,1,0.01606091298162937,0.2071528434753418,1.4817101955413818
30,68,8.0,final_nms07,131,0.6042045950889587,0,0,0.6042045950889587,0.7883635759353638,0.7883635759353638,0.6042045950889587,3,0.6042045950889587,3,0.6042045950889587,3,0.04747055470943451,0.4396643340587616,1.9884566068649292
31,69,9.999999999999998,encoder_all_counterfactual,8400,0.7356902956962585,3477,3562,0.22073732316493988,0.027451535686850548,0.08744053542613983,0.7356902956962585,6,0.7356902956962585,6,0.6587024331092834,2,0.1944318413734436,0.09476937353610992,1.8404386043548584
31,70,8.999999999999998,encoder_all_counterfactual,8400,0.6088079214096069,5168,5636,0.12184126675128937,0.07699841260910034,0.0825456976890564,0.6088079214096069,9,0.6088079214096069,9,0.6088079214096069,6,0.2891891896724701,0.20837707817554474,2.9006049633026123
31,71,9.999999999999998,encoder_all_counterfactual,8400,0.7063894271850586,3801,5719,0.10400702804327011,0.02300652675330639,0.08098480105400085,0.7063894271850586,16,0.7063894271850586,16,0.6706162691116333,6,-0.06091393157839775,0.033197492361068726,2.5725932121276855
31,69,9.999999999999998,topk,300,0.25775274634361267,215,5,0.22073732316493988,0.06966067105531693,0.08744053542613983,0.25775274634361267,0,0.25775274634361267,0,0.25775274634361267,0,0.24723069369792938,0.325942724943161,11.197151184082031
31,70,8.999999999999998,topk,300,0.6088079214096069,72,17,0.12184126675128937,0.07699841260910034,0.0825456976890564,0.6088079214096069,2,0.6088079214096069,2,0.6088079214096069,2,0.2891891896724701,0.20837707817554474,2.9006049633026123
31,71,9.999999999999998,topk,300,0.6706162691116333,108,28,0.10400702804327011,0.07477839291095734,0.08098480105400085,0.6706162691116333,2,0.6706162691116333,2,0.6706162691116333,2,0.24637411534786224,0.19640296697616577,1.6044199466705322
31,69,9.999999999999998,pre_bbox,300,0.8094403147697449,12,270,0.648807168006897,0.07319696247577667,0.5849454402923584,0.8094403147697449,26,0.8094403147697449,26,0.8094403147697449,26,-0.031513065099716187,0.121219202876091,1.0454413890838623
31,70,8.999999999999998,pre_bbox,300,0.7446682453155518,100,239,0.6118100881576538,0.1960849016904831,0.6657043099403381,0.7446682453155518,36,0.7446682453155518,36,0.7446682453155518,36,0.2582706809043884,0.06724457442760468,1.1036489009857178
31,71,9.999999999999998,pre_bbox,300,0.7983721494674683,276,53,0.7365794777870178,0.4498586058616638,0.655944287776947,0.7983721494674683,24,0.7983721494674683,24,0.7983721494674683,24,0.12631374597549438,0.11208095401525497,1.2120567560195923
31,69,9.999999999999998,decoder_1,300,0.7919450402259827,280,270,0.6552822589874268,0.25986772775650024,0.592147171497345,0.7919450402259827,26,0.7919450402259827,26,0.7919450402259827,26,0.20006437599658966,0.0431278795003891,1.450120210647583
31,70,8.999999999999998,decoder_1,300,0.7733311057090759,100,239,0.6143447160720825,0.19931107759475708,0.6731107831001282,0.7733311057090759,37,0.7733311057090759,37,0.7733311057090759,36,0.254773885011673,0.01239027176052332,1.194219708442688
31,71,9.999999999999998,decoder_1,300,0.8221263885498047,19,53,0.7378267049789429,0.13593360781669617,0.6634559035301208,0.8221263885498047,23,0.8221263885498047,23,0.8221263885498047,23,0.037107694894075394,0.17283515632152557,0.8006665110588074
31,69,9.999999999999998,decoder_2,300,0.7700141072273254,162,270,0.7311310172080994,0.03344081714749336,0.8050718307495117,0.7700141072273254,39,0.7700141072273254,39,0.7572078704833984,11,0.10598231106996536,0.08528680354356766,1.9214041233062744
31,70,8.999999999999998,decoder_2,300,0.7715321779251099,57,72,0.6466004252433777,0.061016976833343506,0.7589884400367737,0.7715321779251099,51,0.7715321779251099,51,0.7715321779251099,22,0.2847219407558441,-0.011271667666733265,0.1405019462108612
31,71,9.999999999999998,decoder_2,300,0.919938325881958,145,108,0.7427371144294739,0.05846473574638367,0.7556232810020447,0.919938325881958,35,0.919938325881958,35,0.919938325881958,17,-0.021486006677150726,0.06507161259651184,0.5150657892227173
31,69,9.999999999999998,decoder_3,300,0.835476815700531,207,270,0.7247224450111389,0.050862979143857956,0.7817754149436951,0.835476815700531,43,0.835476815700531,43,0.835476815700531,13,0.15888825058937073,-0.03663954883813858,1.1588367223739624
31,70,8.999999999999998,decoder_3,300,0.8049126863479614,4,72,0.6520745158195496,0.04162668064236641,0.7936776280403137,0.8049126863479614,56,0.8049126863479614,56,0.7790278792381287,16,0.05195419117808342,0.027372147887945175,1.8298282623291016
31,71,9.999999999999998,decoder_3,300,0.8330644369125366,241,108,0.754182755947113,0.020804153755307198,0.765433132648468,0.8330644369125366,35,0.8330644369125366,35,0.8222073316574097,7,0.0387030765414238,0.15566249191761017,0.6034735441207886
31,69,9.999999999999998,final_nms07,129,0.7247224450111389,1,1,0.7247224450111389,0.7817754149436951,0.7817754149436951,0.7247224450111389,3,0.7247224450111389,3,0.7247224450111389,2,0.15825584530830383,0.1913079470396042,1.8382436037063599
31,70,8.999999999999998,final_nms07,129,0.6520745158195496,0,0,0.6520745158195496,0.7936776280403137,0.7936776280403137,0.6520745158195496,3,0.6520745158195496,3,0.6520745158195496,2,0.2936401665210724,0.0806686282157898,1.9944583177566528
31,71,9.999999999999998,final_nms07,129,0.754182755947113,2,2,0.754182755947113,0.765433132648468,0.765433132648468,0.754182755947113,1,0.754182755947113,1,0.754182755947113,1,0.1167006716132164,0.18737395107746124,1.1389247179031372
32,72,9.999999999999998,encoder_all_counterfactual,8400,0.7083750367164612,2842,5557,0.15358586609363556,0.02517266944050789,0.08943233639001846,0.7083750367164612,14,0.7083750367164612,14,0.5784465670585632,5,-0.015248897485435009,0.12013240158557892,3.1919591426849365
32,73,10.000000000000002,encoder_all_counterfactual,8400,0.7163292169570923,3402,5244,0.18765820562839508,0.03410809114575386,0.09186053276062012,0.7163292169570923,16,0.7163292169570923,16,0.6555870175361633,6,0.13010406494140625,-0.04465428739786148,2.5587918758392334
32,74,9.999999999999998,encoder_all_counterfactual,8400,0.640203058719635,3962,5720,0.20090065896511078,0.03125400096178055,0.0843772292137146,0.640203058719635,6,0.640203058719635,6,0.417018324136734,0,0.0756860002875328,0.1419207900762558,3.7323358058929443
32,72,9.999999999999998,topk,300,0.5784465670585632,13,4,0.15358586609363556,0.08561131358146667,0.08943233639001846,0.5784465670585632,2,0.5784465670585632,2,0.5784465670585632,2,-0.03388487920165062,0.3076029121875763,5.656495571136475
32,73,10.000000000000002,topk,300,0.6555870175361633,115,0,0.18765820562839508,0.07446690648794174,0.09186053276062012,0.6555870175361633,1,0.6555870175361633,1,0.6555870175361633,1,0.11016781628131866,0.1363801509141922,3.7620811462402344
32,74,9.999999999999998,topk,300,0.38969674706459045,66,15,0.20090065896511078,0.0774126648902893,0.0843772292137146,0.38969674706459045,0,0.38969674706459045,0,0.38969674706459045,0,-0.1109435111284256,0.19634537398815155,8.016092300415039
32,72,9.999999999999998,pre_bbox,300,0.8917816877365112,267,167,0.784755527973175,0.27142977714538574,0.6737499237060547,0.8917816877365112,39,0.8917816877365112,39,0.8917816877365112,39,0.041527096182107925,0.04717378690838814,0.7879129648208618
32,73,10.000000000000002,pre_bbox,300,0.9350188374519348,12,115,0.7845091223716736,0.10181978344917297,0.605512261390686,0.9350188374519348,41,0.9350188374519348,41,0.9350188374519348,41,-0.00362266693264246,0.012591577135026455,0.5758064389228821
32,74,9.999999999999998,pre_bbox,300,0.7655081152915955,65,66,0.6984719038009644,0.1688787043094635,0.5157859325408936,0.7655081152915955,25,0.7655081152915955,25,0.7655081152915955,25,-0.1856994479894638,-0.04003044590353966,2.23330020904541
32,72,9.999999999999998,decoder_1,300,0.8829318881034851,267,167,0.7840272784233093,0.2789083421230316,0.6838374137878418,0.8829318881034851,37,0.8829318881034851,37,0.8829318881034851,37,0.04320507496595383,0.05475475639104843,0.8045668005943298
32,73,10.000000000000002,decoder_1,300,0.9196375012397766,60,115,0.7827247977256775,0.20609408617019653,0.6112849116325378,0.9196375012397766,42,0.9196375012397766,42,0.9196375012397766,42,-0.01835264265537262,-0.033568184822797775,0.5935799479484558
32,74,9.999999999999998,decoder_1,300,0.7477322220802307,15,66,0.7034765481948853,0.34584200382232666,0.5234131813049316,0.7477322220802307,24,0.7477322220802307,24,0.7477322220802307,24,-0.11401329189538956,0.09662674367427826,2.4321272373199463
32,72,9.999999999999998,decoder_2,300,0.9075821042060852,240,167,0.7909731268882751,0.048050880432128906,0.807362973690033,0.9075821042060852,50,0.9075821042060852,50,0.8446300625801086,13,0.006527105811983347,0.014980373904109001,0.7097355723381042
32,73,10.000000000000002,decoder_2,300,0.9004523158073425,60,115,0.7864994406700134,0.03435844928026199,0.7619464993476868,0.9004523158073425,60,0.9004523158073425,60,0.8989511132240295,24,0.08653289079666138,-0.023456135764718056,0.40143656730651855
32,74,9.999999999999998,decoder_2,300,0.7995986342430115,54,66,0.7058612108230591,0.052522577345371246,0.7559711337089539,0.7995986342430115,32,0.7995986342430115,32,0.7995986342430115,10,-0.07553572952747345,0.1689170002937317,1.0369826555252075
32,72,9.999999999999998,decoder_3,300,0.8748580813407898,240,167,0.8080768585205078,0.036860015243291855,0.7821648716926575,0.8748580813407898,55,0.8748580813407898,55,0.8584566116333008,21,0.003863935824483633,0.03169790282845497,1.0099382400512695
32,73,10.000000000000002,decoder_3,300,0.8855662941932678,60,115,0.7955307960510254,0.03804156556725502,0.7912262082099915,0.8855662941932678,62,0.8855662941932678,62,0.869611918926239,19,0.10188894718885422,-0.026604345068335533,0.346039354801178
32,74,9.999999999999998,decoder_3,300,0.7947202920913696,54,66,0.7149623036384583,0.03668380528688431,0.7811488509178162,0.7947202920913696,33,0.7947202920913696,33,0.7573685050010681,7,-0.048357151448726654,0.18109102547168732,1.2851331233978271
32,72,9.999999999999998,final_nms07,140,0.8080768585205078,1,1,0.8080768585205078,0.7821648716926575,0.7821648716926575,0.8080768585205078,3,0.8080768585205078,3,0.8080768585205078,3,0.02881675958633423,0.1348833292722702,1.3344000577926636
32,73,10.000000000000002,final_nms07,140,0.7955307960510254,0,0,0.7955307960510254,0.7912262082099915,0.7912262082099915,0.7955307960510254,2,0.7955307960510254,2,0.7955307960510254,1,0.16726796329021454,0.04963088780641556,0.8819815516471863
32,74,9.999999999999998,final_nms07,140,0.7573685050010681,12,2,0.7149623036384583,0.058984097093343735,0.7811488509178162,0.7573685050010681,2,0.7573685050010681,2,0.7573685050010681,2,-0.19169418513774872,0.04828284680843353,1.0139782428741455
33,75,8.999999999999998,encoder_all_counterfactual,8400,0.6547278165817261,2838,3001,0.14703676104545593,0.026022518053650856,0.07974177598953247,0.6547278165817261,5,0.6547278165817261,5,0.4801725149154663,0,-0.07968771457672119,-0.09003059566020966,3.522347927093506
33,76,8.0,encoder_all_counterfactual,8400,0.602325975894928,3320,5326,0.10885228216648102,0.023050539195537567,0.07846541702747345,0.602325975894928,3,0.602325975894928,3,0.5367997884750366,1,0.11421377211809158,0.4900452494621277,2.6544084548950195
33,77,9.0,encoder_all_counterfactual,8400,0.7186972498893738,4200,5406,0.11032993346452713,0.046124476939439774,0.07490251958370209,0.7186972498893738,9,0.7186972498893738,9,0.5562336444854736,2,0.07028429210186005,0.2485343962907791,1.4582186937332153
33,75,8.999999999999998,topk,300,0.46858271956443787,189,75,0.14703676104545593,0.07200983911752701,0.07974177598953247,0.46858271956443787,0,0.46858271956443787,0,0.46858271956443787,0,0.6164873838424683,-0.03582697734236717,6.772804260253906
33,76,8.0,topk,300,0.442024290561676,292,84,0.10885228216648102,0.06872570514678955,0.07846541702747345,0.442024290561676,0,0.442024290561676,0,0.442024290561676,0,0.2930355966091156,0.4850066602230072,5.677060604095459
33,77,9.0,topk,300,0.3974636197090149,250,131,0.11032993346452713,0.06998509168624878,0.07490251958370209,0.3974636197090149,0,0.3974636197090149,0,0.3974636197090149,0,0.21230341494083405,0.693276584148407,5.215404987335205
33,75,8.999999999999998,pre_bbox,300,0.7531365752220154,169,251,0.604971706867218,0.21688614785671234,0.6192108988761902,0.7531365752220154,18,0.7531365752220154,18,0.7531365752220154,18,0.24042952060699463,-0.028575483709573746,1.7943793535232544
33,76,8.0,pre_bbox,300,0.7472167015075684,121,292,0.5774825215339661,0.18988941609859467,0.5823453664779663,0.7472167015075684,19,0.7472167015075684,19,0.7472167015075684,19,0.0377039834856987,0.28209081292152405,0.6021550893783569
33,77,9.0,pre_bbox,300,0.8888778686523438,153,250,0.5888583660125732,0.11055424064397812,0.5333389639854431,0.8888778686523438,23,0.8888778686523438,23,0.8888778686523438,23,-0.03491631895303726,-0.005467739421874285,0.8059505820274353
33,75,8.999999999999998,decoder_1,300,0.747384250164032,177,251,0.608883798122406,0.17616583406925201,0.6267290711402893,0.747384250164032,19,0.747384250164032,19,0.747384250164032,19,0.21283955872058868,0.0982707142829895,2.151137351989746
33,76,8.0,decoder_1,300,0.726839542388916,121,292,0.5797369480133057,0.19599390029907227,0.5911862850189209,0.726839542388916,18,0.726839542388916,18,0.726839542388916,18,0.03219090774655342,0.29397591948509216,0.8106206059455872
33,77,9.0,decoder_1,300,0.8418347835540771,32,250,0.5888221859931946,0.10908610373735428,0.5401582717895508,0.8418347835540771,23,0.8418347835540771,23,0.8418347835540771,23,-0.06120198592543602,0.013319912366569042,1.1449518203735352
33,75,8.999999999999998,decoder_2,300,0.772930920124054,234,77,0.6369500160217285,0.049483250826597214,0.6725539565086365,0.772930920124054,29,0.772930920124054,29,0.7239488959312439,15,0.27073100209236145,-0.022527864202857018,1.918660044670105
33,76,8.0,decoder_2,300,0.6679519414901733,215,292,0.5793538093566895,0.14634785056114197,0.708463191986084,0.6679519414901733,32,0.6679519414901733,32,0.6679519414901733,14,0.21195057034492493,0.2352948784828186,0.9018966555595398
33,77,9.0,decoder_2,300,0.7495217323303223,53,250,0.6318076848983765,0.06004726141691208,0.8067508339881897,0.7495217323303223,39,0.7495217323303223,39,0.7495217323303223,21,0.00784609466791153,0.2908328175544739,1.2486556768417358
33,75,8.999999999999998,decoder_3,300,0.7346039414405823,116,77,0.6326075792312622,0.02669616974890232,0.7369046807289124,0.7346039414405823,42,0.7346039414405823,42,0.6764332056045532,16,0.19524943828582764,-0.04906546697020531,2.5765368938446045
33,76,8.0,decoder_3,300,0.6863669753074646,74,292,0.5764033198356628,0.0708870217204094,0.7794396281242371,0.6863669753074646,31,0.6863669753074646,31,0.6863669753074646,10,-0.014293917454779148,0.38924139738082886,1.6286488771438599
33,77,9.0,decoder_3,300,0.8160114884376526,21,250,0.641363263130188,0.09843853116035461,0.794394314289093,0.8160114884376526,40,0.8160114884376526,40,0.8160114884376526,12,-0.02261301316320896,0.18147364258766174,0.6153104901313782
33,75,8.999999999999998,final_nms07,164,0.6326075792312622,2,2,0.6326075792312622,0.7369046807289124,0.7369046807289124,0.6326075792312622,4,0.6326075792312622,4,0.6326075792312622,3,0.2860371470451355,0.0025147893466055393,3.497229814529419
33,76,8.0,final_nms07,164,0.5764033198356628,1,1,0.5764033198356628,0.7794396281242371,0.7794396281242371,0.5764033198356628,1,0.5764033198356628,1,0.5764033198356628,1,0.13357886672019958,0.5304588079452515,0.9315055012702942
33,77,9.0,final_nms07,164,0.641363263130188,0,0,0.641363263130188,0.794394314289093,0.794394314289093,0.641363263130188,2,0.641363263130188,2,0.641363263130188,2,0.0884636715054512,0.43246084451675415,0.8684394955635071
34,78,8.999999999999998,encoder_all_counterfactual,8400,0.7413129806518555,2840,4686,0.1482744663953781,0.02602251060307026,0.07588277012109756,0.7413129806518555,6,0.7413129806518555,6,0.5770561695098877,1,0.12085849791765213,0.054390642791986465,2.0030088424682617
34,79,9.0,encoder_all_counterfactual,8400,0.6492589116096497,4841,5958,0.14614151418209076,0.051604002714157104,0.08823733031749725,0.6492589116096497,5,0.6492589116096497,5,0.6492589116096497,1,0.12138280272483826,0.07411455363035202,3.051603078842163
34,80,8.999999999999998,encoder_all_counterfactual,8400,0.624091386795044,3961,6038,0.17120793461799622,0.021827422082424164,0.09010092914104462,0.624091386795044,7,0.624091386795044,7,0.5497063994407654,1,0.19416725635528564,0.23573218286037445,3.1006267070770264
34,78,8.999999999999998,topk,300,0.29277217388153076,235,125,0.1482744663953781,0.07091578841209412,0.07588277012109756,0.29277217388153076,0,0.29277217388153076,0,0.29277217388153076,0,0.39363542199134827,0.15719492733478546,9.84929370880127
34,79,9.0,topk,300,0.43355658650398254,94,29,0.14614151418209076,0.07808302342891693,0.08823733031749725,0.43355658650398254,0,0.43355658650398254,0,0.43355658650398254,0,-0.020595084875822067,0.09179898351430893,6.873359680175781
34,80,8.999999999999998,topk,300,0.3350088894367218,156,21,0.17120793461799622,0.0743546336889267,0.09010092914104462,0.3350088894367218,0,0.3350088894367218,0,0.3350088894367218,0,0.043332986533641815,-0.020239155739545822,8.578035354614258
34,78,8.999999999999998,pre_bbox,300,0.8027082681655884,266,235,0.5916551351547241,0.1276293694972992,0.4747792184352875,0.8027082681655884,16,0.8027082681655884,16,0.8027082681655884,16,0.10770956426858902,0.006954060401767492,1.4941726922988892
34,79,9.0,pre_bbox,300,0.86847323179245,71,94,0.7878082394599915,0.08119332045316696,0.617477297782898,0.86847323179245,28,0.86847323179245,28,0.86847323179245,28,0.10452340543270111,-0.0011689650127664208,1.2658976316452026
34,80,8.999999999999998,pre_bbox,300,0.8419502973556519,282,21,0.6975842118263245,0.15035457909107208,0.3454548418521881,0.8419502973556519,24,0.8419502973556519,24,0.8419502973556519,24,0.008847513236105442,-0.08450661599636078,0.7715259194374084
34,78,8.999999999999998,decoder_1,300,0.797266960144043,117,235,0.5898933410644531,0.1114538162946701,0.4832603931427002,0.797266960144043,16,0.797266960144043,16,0.797266960144043,16,0.17941546440124512,-0.052866313606500626,0.7817571759223938
34,79,9.0,decoder_1,300,0.7927928566932678,61,94,0.7839208841323853,0.2418183833360672,0.6255236864089966,0.7927928566932678,27,0.7927928566932678,27,0.7927928566932678,27,0.009365648962557316,0.10243961215019226,1.4506522417068481
34,80,8.999999999999998,decoder_1,300,0.8576427102088928,282,156,0.7699652314186096,0.15329943597316742,0.35311710834503174,0.8576427102088928,25,0.8576427102088928,25,0.8576427102088928,25,-0.025006428360939026,-0.10780477523803711,0.49569329619407654
34,78,8.999999999999998,decoder_2,300,0.8062567114830017,33,235,0.7119457125663757,0.0730401948094368,0.7225805521011353,0.8062567114830017,27,0.8062567114830017,27,0.8062567114830017,18,0.14523261785507202,-0.003938652109354734,1.39539635181427
34,79,9.0,decoder_2,300,0.8680042624473572,279,94,0.7327667474746704,0.1436919867992401,0.7554271817207336,0.8680042624473572,42,0.8680042624473572,42,0.8680042624473572,31,0.042029429227113724,-0.09891083836555481,0.5539590716362
34,80,8.999999999999998,decoder_2,300,0.8358816504478455,104,156,0.6857894062995911,0.07547973841428757,0.7150248289108276,0.8358816504478455,36,0.8358816504478455,36,0.8358816504478455,21,0.13163535296916962,0.051070235669612885,0.7815269827842712
34,78,8.999999999999998,decoder_3,300,0.898951530456543,183,235,0.7183147072792053,0.1425679326057434,0.779212236404419,0.898951530456543,30,0.898951530456543,30,0.898951530456543,13,0.018468525260686874,0.02909865230321884,0.8552338480949402
34,79,9.0,decoder_3,300,0.8126037120819092,71,94,0.7319985628128052,0.03318202495574951,0.7865668535232544,0.8126037120819092,45,0.8126037120819092,45,0.7867066860198975,19,0.05488453432917595,0.16658371686935425,1.2934563159942627
34,80,8.999999999999998,decoder_3,300,0.8220627307891846,206,156,0.6942206621170044,0.12138664722442627,0.7475833296775818,0.8220627307891846,36,0.8220627307891846,36,0.8220627307891846,12,0.08195284008979797,0.11225922405719757,1.0303139686584473
34,78,8.999999999999998,final_nms07,165,0.7183147072792053,1,1,0.7183147072792053,0.779212236404419,0.779212236404419,0.7183147072792053,4,0.7183147072792053,4,0.7183147072792053,4,0.20573687553405762,0.0865592211484909,1.6954513788223267
34,79,9.0,final_nms07,165,0.7319985628128052,0,0,0.7319985628128052,0.7865668535232544,0.7865668535232544,0.7319985628128052,2,0.7319985628128052,2,0.7319985628128052,2,0.04283998906612396,0.2715432047843933,1.7556582689285278
34,80,8.999999999999998,final_nms07,165,0.6942206621170044,2,2,0.6942206621170044,0.7475833296775818,0.7475833296775818,0.6942206621170044,1,0.6942206621170044,1,0.6942206621170044,1,0.17150673270225525,0.2295866757631302,0.6913205981254578
35,81,9.0,encoder_all_counterfactual,8400,0.7064494490623474,2840,5556,0.6111606359481812,0.024513350799679756,0.08189060539007187,0.7064494490623474,8,0.7064494490623474,8,0.6111606359481812,3,-0.13526798784732819,0.17910240590572357,2.535844087600708
35,82,11.0,encoder_all_counterfactual,8400,0.7752307653427124,3400,5718,0.14956937730312347,0.03290177136659622,0.08421551436185837,0.7752307653427124,5,0.7752307653427124,5,0.46536025404930115,0,0.04741990193724632,0.02058011293411255,1.9944536685943604
35,83,9.999999999999998,encoder_all_counterfactual,8400,0.7663718461990356,4120,4123,0.2345527857542038,0.038475893437862396,0.08161637932062149,0.7663718461990356,12,0.7663718461990356,12,0.68541020154953,4,0.0892564132809639,0.12305806577205658,1.7239099740982056
35,81,9.0,topk,300,0.6111606359481812,61,61,0.6111606359481812,0.08189060539007187,0.08189060539007187,0.6111606359481812,2,0.6111606359481812,2,0.6111606359481812,2,-0.06948750466108322,0.5306787490844727,0.9685282707214355
35,82,11.0,topk,300,0.4497607946395874,84,44,0.14956937730312347,0.07938811182975769,0.08421551436185837,0.4497607946395874,0,0.4497607946395874,0,0.4497607946395874,0,-0.12535469233989716,0.0530589260160923,7.358898162841797
35,83,9.999999999999998,topk,300,0.6725783348083496,257,63,0.2345527857542038,0.06961085647344589,0.08161637932062149,0.6725783348083496,2,0.6725783348083496,2,0.6725783348083496,2,-0.08740478754043579,-0.13613328337669373,2.6929333209991455
35,81,9.0,pre_bbox,300,0.8865859508514404,111,61,0.6996282935142517,0.24492008984088898,0.6593495011329651,0.8865859508514404,19,0.8865859508514404,19,0.8865859508514404,19,0.03620174899697304,-0.06054849177598953,0.7560440897941589
35,82,11.0,pre_bbox,300,0.92635577917099,177,84,0.8817422389984131,0.1630384922027588,0.5621172189712524,0.92635577917099,33,0.92635577917099,33,0.92635577917099,33,-0.03374200314283371,-0.002376448130235076,0.48764610290527344
35,83,9.999999999999998,pre_bbox,300,0.8844596743583679,263,257,0.8441492319107056,0.2753843069076538,0.6084234714508057,0.8844596743583679,31,0.8844596743583679,31,0.8844596743583679,31,-0.061783745884895325,-0.027618058025836945,0.9785354733467102
35,81,9.0,decoder_1,300,0.867572009563446,111,61,0.7060233950614929,0.24906234443187714,0.6672435402870178,0.867572009563446,20,0.867572009563446,20,0.867572009563446,20,0.02501814253628254,-0.07815684378147125,0.764517068862915
35,82,11.0,decoder_1,300,0.9223130345344543,177,84,0.8748311996459961,0.16803276538848877,0.569674551486969,0.9223130345344543,33,0.9223130345344543,33,0.9223130345344543,33,-0.045083507895469666,-0.003820306621491909,0.5497193932533264
35,83,9.999999999999998,decoder_1,300,0.8855688571929932,263,257,0.8379120230674744,0.2799387574195862,0.615799605846405,0.8855688571929932,31,0.8855688571929932,31,0.8855688571929932,31,-0.05852711945772171,-0.03013993427157402,0.9476444721221924
35,81,9.0,decoder_2,300,0.8941437602043152,111,61,0.762010931968689,0.037991613149642944,0.7776115536689758,0.8941437602043152,32,0.8941437602043152,32,0.8327323198318481,16,-0.016412144526839256,0.08796194940805435,0.6696219444274902
35,82,11.0,decoder_2,300,0.9319100975990295,260,84,0.8742831945419312,0.08527643978595734,0.7700702548027039,0.9319100975990295,41,0.9319100975990295,41,0.9319100975990295,22,-0.011035420931875706,0.03390513360500336,0.5413799285888672
35,83,9.999999999999998,decoder_2,300,0.9007871150970459,265,257,0.806825578212738,0.022242164239287376,0.7559673190116882,0.9007871150970459,39,0.9007871150970459,39,0.8888869881629944,11,-0.05878264084458351,0.04768720641732216,0.6308807134628296
35,81,9.0,decoder_3,300,0.8593831062316895,111,61,0.7694278955459595,0.03039943240582943,0.8023537993431091,0.8593831062316895,35,0.8593831062316895,35,0.8075991868972778,10,-0.01381735410541296,0.13974907994270325,0.3521225154399872
35,82,11.0,decoder_3,300,0.9331083297729492,23,84,0.8738574385643005,0.0841364935040474,0.777770459651947,0.9331083297729492,45,0.9331083297729492,45,0.9331083297729492,12,-0.004086886066943407,-0.05027887597680092,0.19393064081668854
35,83,9.999999999999998,decoder_3,300,0.8777773380279541,265,257,0.800940990447998,0.029915401712059975,0.7618974447250366,0.8777773380279541,39,0.8777773380279541,39,0.8456323146820068,5,-0.07269950211048126,0.06084473803639412,0.7202841639518738
35,81,9.0,final_nms07,151,0.7694278955459595,0,0,0.7694278955459595,0.8023537993431091,0.8023537993431091,0.7694278955459595,4,0.7694278955459595,4,0.7694278955459595,3,0.011765273287892342,0.28455209732055664,0.4159947335720062
35,82,11.0,final_nms07,151,0.8738574385643005,1,1,0.8738574385643005,0.777770459651947,0.777770459651947,0.8738574385643005,4,0.8738574385643005,4,0.8738574385643005,2,-0.07839922606945038,0.05928419530391693,0.1962893158197403
35,83,9.999999999999998,final_nms07,151,0.800940990447998,2,2,0.800940990447998,0.7618974447250366,0.7618974447250366,0.800940990447998,1,0.800940990447998,1,0.800940990447998,1,-0.050226304680109024,0.15627199411392212,0.88765949010849
36,84,9.0,encoder_all_counterfactual,8400,0.6465363502502441,5467,3081,0.21747314929962158,0.04724932834506035,0.08899610489606857,0.6465363502502441,6,0.6465363502502441,6,0.5883451104164124,1,0.07403765618801117,0.44008445739746094,2.3749334812164307
36,85,9.0,encoder_all_counterfactual,8400,0.6231204867362976,4605,5878,0.19817887246608734,0.06028065085411072,0.07505813241004944,0.6231204867362976,6,0.6231204867362976,6,0.6231204867362976,1,-0.2110995352268219,0.13342976570129395,3.4216175079345703
36,86,10.000000000000002,encoder_all_counterfactual,8400,0.8469434380531311,4040,5321,0.12152529507875443,0.030017415061593056,0.07699035853147507,0.8469434380531311,15,0.8469434380531311,15,0.7122049331665039,4,0.09571535140275955,0.0017806270625442266,1.1521652936935425
36,84,9.0,topk,300,0.4401806592941284,86,1,0.21747314929962158,0.07543731480836868,0.08899610489606857,0.4401806592941284,0,0.4401806592941284,0,0.4401806592941284,0,0.08760704845190048,0.09233570098876953,7.926947593688965
36,85,9.0,topk,300,0.2113369256258011,122,94,0.19817887246608734,0.07324180006980896,0.07505813241004944,0.2113369256258011,0,0.2113369256258011,0,0.2113369256258011,0,-0.025016434490680695,0.5369232296943665,14.052306175231934
36,86,10.000000000000002,topk,300,0.7009151577949524,105,62,0.12152529507875443,0.07421745359897614,0.07699035853147507,0.7009151577949524,2,0.7009151577949524,2,0.7009151577949524,2,0.2403300702571869,0.15026473999023438,1.2908248901367188
36,84,9.0,pre_bbox,300,0.8962860107421875,100,130,0.7465767860412598,0.1171606108546257,0.6647776961326599,0.8962860107421875,19,0.8962860107421875,19,0.8962860107421875,19,0.049567800015211105,-0.025625212118029594,0.5594711303710938
36,85,9.0,pre_bbox,300,0.8171771764755249,54,192,0.678288459777832,0.2056514024734497,0.42562735080718994,0.8171771764755249,15,0.8171771764755249,15,0.8171771764755249,15,-0.0286517683416605,0.14833970367908478,1.6502127647399902
36,86,10.000000000000002,pre_bbox,300,0.940220057964325,250,212,0.9155179858207703,0.6136230230331421,0.6469823718070984,0.940220057964325,29,0.940220057964325,29,0.940220057964325,29,-0.009671959094703197,0.05311271548271179,0.10092803090810776
36,84,9.0,decoder_1,300,0.9213698506355286,100,130,0.7497411370277405,0.11758444458246231,0.6718534231185913,0.9213698506355286,20,0.9213698506355286,20,0.9213698506355286,20,0.049013663083314896,-0.0350547656416893,0.2579120695590973
36,85,9.0,decoder_1,300,0.8327826857566833,54,192,0.6751822829246521,0.21226590871810913,0.43367624282836914,0.8327826857566833,15,0.8327826857566833,15,0.8327826857566833,15,-0.009106944315135479,0.15713569521903992,1.5975300073623657
36,86,10.000000000000002,decoder_1,300,0.9343657493591309,250,212,0.9188719987869263,0.6223777532577515,0.6549330949783325,0.9343657493591309,28,0.9343657493591309,28,0.9343657493591309,28,-0.01083692442625761,0.059289589524269104,0.05475698038935661
36,84,9.0,decoder_2,300,0.8061560988426208,248,130,0.7793562412261963,0.08014646172523499,0.8107846975326538,0.8061560988426208,31,0.8061560988426208,31,0.8061560988426208,20,-0.021238241344690323,-0.050087615847587585,1.8031117916107178
36,85,9.0,decoder_2,300,0.8585283160209656,39,94,0.6710959076881409,0.0767335444688797,0.6903387308120728,0.8585283160209656,30,0.8585283160209656,30,0.8585283160209656,22,0.09164366126060486,0.06700237095355988,0.7076736688613892
36,86,10.000000000000002,decoder_2,300,0.9300905466079712,250,105,0.9170930981636047,0.25312140583992004,0.7148736715316772,0.9300905466079712,41,0.9300905466079712,41,0.9300905466079712,9,-0.017023487016558647,0.0559866689145565,0.1866239607334137
36,84,9.0,decoder_3,300,0.8136237263679504,46,130,0.7762631773948669,0.0710446834564209,0.7944051027297974,0.8136237263679504,36,0.8136237263679504,36,0.8136237263679504,12,-0.0337587371468544,0.11282540112733841,1.636162281036377
36,85,9.0,decoder_3,300,0.8259187340736389,72,94,0.6718583703041077,0.05890582501888275,0.7789344787597656,0.8259187340736389,34,0.8259187340736389,34,0.8259187340736389,17,0.11316747218370438,-0.018364062532782555,0.7670969367027283
36,86,10.000000000000002,decoder_3,300,0.9546217322349548,282,105,0.9283719658851624,0.047063663601875305,0.7595705389976501,0.9546217322349548,41,0.9546217322349548,41,0.9283743500709534,9,-0.031100859865546227,-0.006160775199532509,0.34144988656044006
36,84,9.0,final_nms07,158,0.7762631773948669,0,0,0.7762631773948669,0.7944051027297974,0.7944051027297974,0.7762631773948669,3,0.7762631773948669,3,0.7762631773948669,2,-0.01409176830202341,0.20509150624275208,1.9431021213531494
36,85,9.0,final_nms07,158,0.8259187340736389,10,1,0.6718583703041077,0.05890582501888275,0.7789344787597656,0.8259187340736389,4,0.8259187340736389,4,0.8259187340736389,4,0.11316747218370438,-0.018364062532782555,0.7670969367027283
36,86,10.000000000000002,final_nms07,158,0.9283719658851624,2,2,0.9283719658851624,0.7595705389976501,0.7595705389976501,0.9283719658851624,1,0.9283719658851624,1,0.9283719658851624,1,0.003147417213767767,0.07377675175666809,0.3584696352481842
37,87,10.000000000000002,encoder_all_counterfactual,8400,0.7719554305076599,2920,3002,0.41232702136039734,0.034939877688884735,0.08032038062810898,0.7719554305076599,6,0.7719554305076599,6,0.5154595375061035,1,0.07489609718322754,-0.08471164852380753,1.9993071556091309
37,88,9.0,encoder_all_counterfactual,8400,0.7408987879753113,3400,3483,0.4943864941596985,0.03326966241002083,0.07803933322429657,0.7408987879753113,9,0.7408987879753113,9,0.7227145433425903,2,0.1052936464548111,0.2211342453956604,1.2036091089248657
37,89,10.000000000000002,encoder_all_counterfactual,8400,0.8056454658508301,4439,4675,0.13643531501293182,0.0457569919526577,0.07699345052242279,0.8056454658508301,12,0.8056454658508301,12,0.7169809341430664,5,-0.1063595786690712,-0.07371702045202255,1.0751030445098877
37,87,10.000000000000002,topk,300,0.4359724521636963,88,50,0.41232702136039734,0.07623632252216339,0.08032038062810898,0.4359724521636963,0,0.4359724521636963,0,0.4359724521636963,0,0.11664247512817383,0.002766825957223773,6.703698635101318
37,88,9.0,topk,300,0.4943864941596985,64,64,0.4943864941596985,0.07803933322429657,0.07803933322429657,0.4943864941596985,0,0.4943864941596985,0,0.4943864941596985,0,0.05296343192458153,0.10082429647445679,5.332877159118652
37,89,10.000000000000002,topk,300,0.5040915012359619,207,74,0.13643531501293182,0.06938424706459045,0.07699345052242279,0.5040915012359619,1,0.5040915012359619,1,0.5040915012359619,1,-0.041491732001304626,-0.18744894862174988,5.089719295501709
37,87,10.000000000000002,pre_bbox,300,0.8583462834358215,50,50,0.8583462834358215,0.5807622671127319,0.5807622671127319,0.8583462834358215,14,0.8583462834358215,14,0.8583462834358215,13,0.07394351810216904,-0.045738618820905685,0.9470615386962891
37,88,9.0,pre_bbox,300,0.8729436993598938,202,64,0.8197046518325806,0.26490381360054016,0.5228692889213562,0.8729436993598938,17,0.8729436993598938,17,0.8729436993598938,17,0.0036947885528206825,0.1398555040359497,1.131818175315857
37,89,10.000000000000002,pre_bbox,300,0.8149537444114685,29,207,0.7565730214118958,0.14159247279167175,0.5026166439056396,0.8149537444114685,24,0.8149537444114685,24,0.8149537444114685,24,-0.10336893051862717,0.03542886674404144,1.151620864868164
37,87,10.000000000000002,decoder_1,300,0.8608230948448181,50,50,0.8608230948448181,0.5897849202156067,0.5897849202156067,0.8608230948448181,15,0.8608230948448181,15,0.8608230948448181,14,0.0677831843495369,-0.046207793056964874,0.9792054891586304
37,88,9.0,decoder_1,300,0.8713716864585876,202,64,0.8213097453117371,0.26977264881134033,0.53069007396698,0.8713716864585876,16,0.8713716864585876,16,0.8713716864585876,16,0.0073350537568330765,0.13925985991954803,0.9121471643447876
37,89,10.000000000000002,decoder_1,300,0.8096495270729065,74,207,0.7565935254096985,0.3172861635684967,0.5097726583480835,0.8096495270729065,24,0.8096495270729065,24,0.8096495270729065,24,0.06406095623970032,-0.04669351875782013,1.6760516166687012
37,87,10.000000000000002,decoder_2,300,0.9184231758117676,50,50,0.9184231758117676,0.7542950510978699,0.7542950510978699,0.9184231758117676,28,0.9184231758117676,28,0.9184231758117676,18,0.059540044516325,0.025807039812207222,0.5919389724731445
37,88,9.0,decoder_2,300,0.8752568960189819,246,64,0.7751408815383911,0.13961057364940643,0.7424662113189697,0.8752568960189819,28,0.8752568960189819,28,0.8752568960189819,16,0.017754707485437393,-0.06495115906000137,0.7554857134819031
37,89,10.000000000000002,decoder_2,300,0.887175977230072,2,207,0.886971652507782,0.0820828378200531,0.7354662418365479,0.887175977230072,36,0.887175977230072,36,0.887175977230072,20,0.0028366539627313614,-0.08599036186933517,0.9276731610298157
37,87,10.000000000000002,decoder_3,300,0.9370818138122559,30,50,0.9229905605316162,0.05696023255586624,0.7864499092102051,0.9370818138122559,29,0.9370818138122559,29,0.9370818138122559,16,0.03857738524675369,0.006039883941411972,0.5805606245994568
37,88,9.0,decoder_3,300,0.816325306892395,100,64,0.7804527282714844,0.04627003148198128,0.7685900926589966,0.816325306892395,30,0.816325306892395,30,0.8144159913063049,16,-0.006122052203863859,0.21884138882160187,0.4630436897277832
37,89,10.000000000000002,decoder_3,300,0.8712628483772278,207,207,0.8712628483772278,0.7584179639816284,0.7584179639816284,0.8712628483772278,38,0.8712628483772278,38,0.8712628483772278,12,-0.033833399415016174,0.00038749954546801746,1.1490751504898071
37,87,10.000000000000002,final_nms07,182,0.9229905605316162,0,0,0.9229905605316162,0.7864499092102051,0.7864499092102051,0.9229905605316162,3,0.9229905605316162,3,0.9229905605316162,3,0.052880410104990005,0.02441283129155636,0.5560753345489502
37,88,9.0,final_nms07,182,0.7804527282714844,1,1,0.7804527282714844,0.7685900926589966,0.7685900926589966,0.7804527282714844,1,0.7804527282714844,1,0.7804527282714844,1,0.02916405163705349,0.24499660730361938,0.3979896903038025
37,89,10.000000000000002,final_nms07,182,0.8712628483772278,2,2,0.8712628483772278,0.7584179639816284,0.7584179639816284,0.8712628483772278,2,0.8712628483772278,2,0.8712628483772278,2,-0.033833399415016174,0.00038749954546801746,1.1490751504898071
38,90,8.999999999999998,encoder_all_counterfactual,8400,0.6664247512817383,2838,5876,0.11323775351047516,0.02095777727663517,0.07878273725509644,0.6664247512817383,5,0.6664247512817383,5,0.4934293329715729,0,0.11048631370067596,0.14213065803050995,2.9930856227874756
38,91,9.0,encoder_all_counterfactual,8400,0.6734094619750977,5477,3481,0.15728306770324707,0.07681112736463547,0.08246875554323196,0.6734094619750977,9,0.6734094619750977,9,0.6734094619750977,5,-0.1303149312734604,0.33513882756233215,2.381530284881592
38,92,9.999999999999998,encoder_all_counterfactual,8400,0.7752043604850769,4200,4121,0.31464436650276184,0.05257221683859825,0.07895727455615997,0.7752043604850769,16,0.7752043604850769,16,0.7752043604850769,8,0.07366587221622467,-0.04811939224600792,2.5600650310516357
38,90,8.999999999999998,topk,300,0.21787315607070923,230,92,0.11323775351047516,0.07052335888147354,0.07878273725509644,0.21787315607070923,0,0.21787315607070923,0,0.21787315607070923,0,0.1978459507226944,0.17829777300357819,11.246133804321289
38,91,9.0,topk,300,0.6734094619750977,115,53,0.15728306770324707,0.07681112736463547,0.08246875554323196,0.6734094619750977,2,0.6734094619750977,2,0.6734094619750977,2,-0.1303149312734604,0.33513882756233215,2.381530284881592
38,92,9.999999999999998,topk,300,0.4800831377506256,246,89,0.31464436650276184,0.06988510489463806,0.07895727455615997,0.4800831377506256,0,0.4800831377506256,0,0.4800831377506256,0,0.09627463668584824,0.3888140320777893,5.518786907196045
38,90,8.999999999999998,pre_bbox,300,0.7288065552711487,230,106,0.7268585562705994,0.3431065082550049,0.4525129795074463,0.7288065552711487,24,0.7288065552711487,24,0.7288065552711487,24,0.2121451199054718,0.1319645196199417,0.8573706746101379
38,91,9.0,pre_bbox,300,0.843021035194397,53,115,0.6984272599220276,0.3583029806613922,0.644473135471344,0.843021035194397,34,0.843021035194397,34,0.843021035194397,34,0.004692127462476492,0.18067286908626556,0.8439522385597229
38,92,9.999999999999998,pre_bbox,300,0.8335930109024048,67,246,0.6718346476554871,0.20525063574314117,0.5710920095443726,0.8335930109024048,30,0.8335930109024048,30,0.8335930109024048,30,-0.08048666268587112,0.11209560185670853,0.5668764114379883
38,90,8.999999999999998,decoder_1,300,0.7347611784934998,106,106,0.7347611784934998,0.4589475393295288,0.4589475393295288,0.7347611784934998,24,0.7347611784934998,24,0.7347611784934998,24,0.18442881107330322,0.14906738698482513,1.2684826850891113
38,91,9.0,decoder_1,300,0.8309377431869507,53,115,0.6985130906105042,0.36583614349365234,0.6525357365608215,0.8309377431869507,32,0.8309377431869507,32,0.8309377431869507,32,0.0057542468421161175,0.19657465815544128,0.9238806962966919
38,92,9.999999999999998,decoder_1,300,0.8354296088218689,67,246,0.6691577434539795,0.21184851229190826,0.5806843042373657,0.8354296088218689,30,0.8354296088218689,30,0.8354296088218689,30,-0.07278438657522202,0.1184893399477005,0.5927943587303162
38,90,8.999999999999998,decoder_2,300,0.780184805393219,294,106,0.6413907408714294,0.2068440318107605,0.7624396681785583,0.780184805393219,42,0.780184805393219,42,0.780184805393219,20,0.151661217212677,0.1129540279507637,0.4024120271205902
38,91,9.0,decoder_2,300,0.7762460112571716,96,218,0.695118248462677,0.06937704235315323,0.7638991475105286,0.7762460112571716,45,0.7762460112571716,45,0.7762460112571716,24,-0.01957915723323822,0.1597609966993332,1.2720420360565186
38,92,9.999999999999998,decoder_2,300,0.7754265069961548,54,246,0.6729973554611206,0.06542671471834183,0.754688560962677,0.7754265069961548,41,0.7754265069961548,41,0.7754265069961548,15,-0.06495015323162079,0.18522094190120697,1.1078895330429077
38,90,8.999999999999998,decoder_3,300,0.7349004745483398,3,106,0.6357839107513428,0.03895174339413643,0.7972915172576904,0.7349004745483398,44,0.7349004745483398,44,0.7104810476303101,14,0.21607474982738495,0.1189500167965889,1.7451355457305908
38,91,9.0,decoder_3,300,0.803065299987793,20,218,0.7023985981941223,0.03225782513618469,0.780204176902771,0.803065299987793,46,0.803065299987793,46,0.786056637763977,11,0.09850364178419113,0.01767563447356224,1.157832145690918
38,92,9.999999999999998,decoder_3,300,0.8475212454795837,5,246,0.6787805557250977,0.08477424085140228,0.7908654808998108,0.8475212454795837,41,0.8475212454795837,41,0.8475212454795837,9,-0.09982028603553772,0.06902342289686203,1.0683351755142212
38,90,8.999999999999998,final_nms07,146,0.6357839107513428,0,0,0.6357839107513428,0.7972915172576904,0.7972915172576904,0.6357839107513428,2,0.6357839107513428,2,0.6357839107513428,2,0.29371386766433716,0.21577192842960358,0.5957659482955933
38,91,9.0,final_nms07,146,0.7023985981941223,2,2,0.7023985981941223,0.780204176902771,0.780204176902771,0.7023985981941223,1,0.7023985981941223,1,0.7023985981941223,1,-0.014097166247665882,0.321250319480896,1.215646743774414
38,92,9.999999999999998,final_nms07,146,0.6787805557250977,1,1,0.6787805557250977,0.7908654808998108,0.7908654808998108,0.6787805557250977,2,0.6787805557250977,2,0.6787805557250977,2,-0.005355055909603834,0.2497975379228592,2.2213361263275146
39,93,10.000000000000002,encoder_all_counterfactual,8400,0.6386407017707825,5734,5178,0.3209642171859741,0.05858277902007103,0.08240668475627899,0.6386407017707825,7,0.6386407017707825,7,0.6386407017707825,3,0.41612502932548523,-0.0526227168738842,3.466459274291992
39,93,10.000000000000002,topk,300,0.5530666708946228,44,34,0.3209642171859741,0.08075029402971268,0.08240668475627899,0.5530666708946228,1,0.5530666708946228,1,0.5530666708946228,1,0.086153045296669,-0.01308002881705761,4.7391743659973145
39,93,10.000000000000002,pre_bbox,300,0.7476465702056885,229,44,0.6681748628616333,0.3721989393234253,0.6519895195960999,0.7476465702056885,24,0.7476465702056885,24,0.7476465702056885,21,-0.07032669335603714,-0.18183158338069916,0.8671030402183533
39,93,10.000000000000002,decoder_1,300,0.7424849271774292,229,44,0.6707476377487183,0.383107453584671,0.6631093621253967,0.7424849271774292,18,0.7424849271774292,18,0.7424849271774292,18,-0.07313800603151321,-0.17956040799617767,0.9542095065116882
39,93,10.000000000000002,decoder_2,300,0.7418537139892578,42,44,0.6782775521278381,0.04043259471654892,0.783741295337677,0.7418537139892578,30,0.7418537139892578,30,0.7044642567634583,13,-0.02895025908946991,-0.20372988283634186,1.2825664281845093
39,93,10.000000000000002,decoder_3,300,0.7361987829208374,208,44,0.6732993125915527,0.038576047867536545,0.8121074438095093,0.7361987829208374,37,0.7361987829208374,37,0.6967421770095825,20,-0.05824116989970207,-0.21827131509780884,0.42096370458602905
39,93,10.000000000000002,final_nms07,216,0.6732993125915527,0,0,0.6732993125915527,0.8121074438095093,0.8121074438095093,0.6732993125915527,6,0.6732993125915527,6,0.6732993125915527,5,-0.006199229974299669,-0.24229814112186432,1.3098162412643433
40,94,11.0,encoder_all_counterfactual,8400,0.7251281142234802,3341,5581,0.3457588255405426,0.011155926622450352,0.06315619498491287,0.7251281142234802,7,0.7251281142234802,7,0.5789771676063538,1,0.20073562860488892,-0.15134117007255554,1.7799723148345947
40,94,11.0,topk,300,0.010070019401609898,136,-1,0,0.06931177526712418,,0.010070019401609898,0,0.010070019401609898,0,0.010070019401609898,0,-0.00039569666841998696,0.014816490933299065,26.513853073120117
40,94,11.0,pre_bbox,300,0.6198026537895203,96,288,0.5280594229698181,0.09593787044286728,0.21457229554653168,0.6198026537895203,3,0.6198026537895203,3,0.6198026537895203,3,-0.14108431339263916,-0.0769537165760994,3.6611058712005615
40,94,11.0,decoder_1,300,0.5960208177566528,96,288,0.5057941675186157,0.09850200265645981,0.21772617101669312,0.5960208177566528,2,0.5960208177566528,2,0.5960208177566528,2,-0.17263765633106232,-0.10049201548099518,3.879824161529541
40,94,11.0,decoder_2,300,0.705735445022583,96,288,0.6316207647323608,0.6350021958351135,0.6936957240104675,0.705735445022583,9,0.705735445022583,9,0.705735445022583,9,-0.12970302999019623,-0.18908539414405823,2.1739485263824463
40,94,11.0,decoder_3,300,0.71113121509552,224,288,0.630222499370575,0.10392259061336517,0.7644976377487183,0.71113121509552,13,0.71113121509552,13,0.71113121509552,11,0.2834068238735199,-0.022692574188113213,2.312643051147461
40,94,11.0,final_nms07,226,0.71113121509552,4,0,0.630222499370575,0.10392259061336517,0.7644976377487183,0.71113121509552,5,0.71113121509552,5,0.71113121509552,3,0.2834068238735199,-0.022692574188113213,2.312643051147461
41,95,9.0,encoder_all_counterfactual,8400,0.7532529234886169,3422,5739,0.41250288486480713,0.019678886979818344,0.060308318585157394,0.7532529234886169,6,0.7532529234886169,6,0.41250288486480713,0,-0.0787714347243309,0.11235179007053375,1.7642202377319336
41,95,9.0,topk,300,0.0020974804647266865,160,-1,0,0.06908880174160004,,0.0020974804647266865,0,0.0020974804647266865,0,0.0020974804647266865,0,0.06721816956996918,0.31416794657707214,26.443016052246094
41,95,9.0,pre_bbox,300,0.7167197465896606,247,160,0.5626464486122131,0.1591820865869522,0.1681954562664032,0.7167197465896606,3,0.7167197465896606,3,0.7167197465896606,3,-0.046927809715270996,0.051386523991823196,2.2420287132263184
41,95,9.0,decoder_1,300,0.6693947911262512,247,160,0.5835504531860352,0.16236035525798798,0.1714107245206833,0.6693947911262512,3,0.6693947911262512,3,0.6693947911262512,3,-0.07626543194055557,-0.026860028505325317,2.653337001800537
41,95,9.0,decoder_2,300,0.9237237572669983,53,160,0.8913469314575195,0.24435436725616455,0.6242808103561401,0.9237237572669983,6,0.9237237572669983,6,0.9237237572669983,6,-0.022539038211107254,0.05951783061027527,0.16187343001365662
41,95,9.0,decoder_3,300,0.8336683511734009,53,160,0.8237748146057129,0.10005798935890198,0.6944825053215027,0.8336683511734009,8,0.8336683511734009,8,0.8336683511734009,8,0.01369159109890461,0.06855469197034836,1.210351586341858
41,95,9.0,final_nms07,244,0.8237748146057129,0,0,0.8237748146057129,0.6944825053215027,0.6944825053215027,0.8237748146057129,3,0.8237748146057129,3,0.8237748146057129,3,0.02821432612836361,0.05346467345952988,1.410487174987793
42,96,9.0,encoder_all_counterfactual,8400,0.690331220626831,3102,5181,0.4285306930541992,0.034263938665390015,0.08803770691156387,0.690331220626831,6,0.690331220626831,6,0.4285306930541992,0,-0.1440146416425705,0.0783274695277214,2.122650146484375
42,96,9.0,topk,300,0.4285306930541992,11,11,0.4285306930541992,0.08803770691156387,0.08803770691156387,0.4285306930541992,0,0.4285306930541992,0,0.4285306930541992,0,-0.08006357401609421,0.39933231472969055,7.369666576385498
42,96,9.0,pre_bbox,300,0.792482316493988,28,78,0.7436221837997437,0.37024518847465515,0.5990252494812012,0.792482316493988,10,0.792482316493988,10,0.792482316493988,10,-0.1908860057592392,0.02593853324651718,0.5223411321640015
42,96,9.0,decoder_1,300,0.7882884740829468,28,78,0.7459208965301514,0.3807220160961151,0.6089350581169128,0.7882884740829468,10,0.7882884740829468,10,0.7882884740829468,10,-0.1894228309392929,0.034884143620729446,0.5219773054122925
42,96,9.0,decoder_2,300,0.773327112197876,28,78,0.6932386159896851,0.04444453492760658,0.8021903038024902,0.773327112197876,17,0.773327112197876,17,0.7286983132362366,8,-0.15577661991119385,0.05972671136260033,1.0906695127487183
42,96,9.0,decoder_3,300,0.7569133639335632,167,78,0.6994034647941589,0.026517486199736595,0.8159790635108948,0.7569133639335632,16,0.7569133639335632,16,0.735759973526001,4,-0.135568767786026,0.14330226182937622,1.7785598039627075
42,96,9.0,final_nms07,235,0.6994034647941589,0,0,0.6994034647941589,0.8159790635108948,0.8159790635108948,0.6994034647941589,1,0.6994034647941589,1,0.6994034647941589,1,-0.19165293872356415,0.06727611273527145,2.2326529026031494
43,97,8.999999999999998,encoder_all_counterfactual,8400,0.7647358179092407,5421,5182,0.10328750312328339,0.06107139214873314,0.06965669989585876,0.7647358179092407,6,0.7647358179092407,6,0.7647358179092407,2,0.19756431877613068,-0.0005428711301647127,1.8301653861999512
43,97,8.999999999999998,topk,300,0.3780219256877899,254,189,0.10328750312328339,0.06751639395952225,0.06965669989585876,0.3780219256877899,0,0.3780219256877899,0,0.3780219256877899,0,0.150149405002594,0.08455342054367065,7.520196914672852
43,97,8.999999999999998,pre_bbox,300,0.805014967918396,266,254,0.7320566177368164,0.11260176450014114,0.5343800783157349,0.805014967918396,16,0.805014967918396,16,0.805014967918396,16,0.18472802639007568,-0.04786022752523422,0.8028672337532043
43,97,8.999999999999998,decoder_1,300,0.817561686038971,266,254,0.7345649003982544,0.11573970317840576,0.5455014109611511,0.817561686038971,15,0.817561686038971,15,0.817561686038971,15,0.14903414249420166,-0.06899987906217575,0.7464120388031006
43,97,8.999999999999998,decoder_2,300,0.7894986867904663,266,254,0.6825763583183289,0.048729538917541504,0.756613552570343,0.7894986867904663,22,0.7894986867904663,22,0.7737587094306946,14,0.06869757175445557,-0.16522346436977386,0.9261707067489624
43,97,8.999999999999998,decoder_3,300,0.789074718952179,67,254,0.6836764812469482,0.03571971878409386,0.8039068579673767,0.789074718952179,24,0.789074718952179,24,0.6873168349266052,6,0.004717309959232807,-0.19934338331222534,1.1857150793075562
43,97,8.999999999999998,final_nms07,206,0.6873168349266052,8,0,0.6836764812469482,0.061411309987306595,0.8039068579673767,0.6873168349266052,4,0.6873168349266052,4,0.6873168349266052,4,-0.20912425220012665,-0.1151101216673851,1.5593253374099731
44,98,10.000000000000002,encoder_all_counterfactual,8400,0.6678178310394287,2860,5180,0.2412831336259842,0.01287770550698042,0.06846331804990768,0.6678178310394287,6,0.6678178310394287,6,0.44416990876197815,0,-0.15540948510169983,-0.165885791182518,2.436025857925415
44,98,10.000000000000002,topk,300,0.2412831336259842,229,229,0.2412831336259842,0.06846331804990768,0.06846331804990768,0.2412831336259842,0,0.2412831336259842,0,0.2412831336259842,0,0.11518426239490509,0.11407436430454254,11.773991584777832
44,98,10.000000000000002,pre_bbox,300,0.7716355323791504,105,229,0.6854920387268066,0.06913397461175919,0.37074342370033264,0.7716355323791504,19,0.7716355323791504,19,0.7716355323791504,19,0.18994972109794617,-0.05056419596076012,1.1348294019699097
44,98,10.000000000000002,decoder_1,300,0.7482759952545166,105,229,0.6896615028381348,0.06942827254533768,0.3811566233634949,0.7482759952545166,15,0.7482759952545166,15,0.7482759952545166,15,0.1308433562517166,-0.026337197050452232,2.038299560546875
44,98,10.000000000000002,decoder_2,300,0.7487427592277527,208,229,0.7072784900665283,0.06760979443788528,0.7971649169921875,0.7487427592277527,29,0.7487427592277527,29,0.7487427592277527,28,-0.16369478404521942,-0.10470151901245117,1.5289591550827026
44,98,10.000000000000002,decoder_3,300,0.7689069509506226,126,229,0.7046952247619629,0.09779219329357147,0.806941568851471,0.7689069509506226,32,0.7689069509506226,32,0.7689069509506226,16,0.03975808620452881,-0.05777701362967491,1.9449608325958252
44,98,10.000000000000002,final_nms07,220,0.7046952247619629,0,0,0.7046952247619629,0.806941568851471,0.806941568851471,0.7046952247619629,7,0.7046952247619629,7,0.7046952247619629,6,-0.10160945355892181,-0.21333542466163635,1.0124245882034302
45,99,11.0,encoder_all_counterfactual,8400,0.5682838559150696,3090,5807,0.10849009454250336,0.045090481638908386,0.07205846160650253,0.5682838559150696,2,0.5682838559150696,2,0.5132508873939514,1,0.4297611117362976,0.10593273490667343,3.083735704421997
45,100,12.0,encoder_all_counterfactual,8400,0.4838390052318573,3328,5885,0.21671393513679504,0.03420415148139,0.08442478626966476,0.4838390052318573,0,0.4838390052318573,0,0.34733229875564575,0,0.08856476843357086,0.22417894005775452,4.4265241622924805
45,101,13.999999999999996,encoder_all_counterfactual,8400,0.704545259475708,3969,5494,0.1155715137720108,0.0638316348195076,0.09201589226722717,0.704545259475708,9,0.704545259475708,9,0.704545259475708,4,-0.028434235602617264,-0.10398320853710175,1.9834870100021362
45,99,11.0,topk,300,0.10849009454250336,122,122,0.10849009454250336,0.07205846160650253,0.07205846160650253,0.10849009454250336,0,0.10849009454250336,0,0.10849009454250336,0,0.203478142619133,0.7580716013908386,12.712947845458984
45,100,12.0,topk,300,0.21671393513679504,12,12,0.21671393513679504,0.08442478626966476,0.08442478626966476,0.21671393513679504,0,0.21671393513679504,0,0.21671393513679504,0,0.26694348454475403,0.9815984964370728,10.984251976013184
45,101,13.999999999999996,topk,300,0.2944687008857727,94,0,0.1155715137720108,0.07458186894655228,0.09201589226722717,0.2944687008857727,0,0.2944687008857727,0,0.2944687008857727,0,0.2128126621246338,0.3296971619129181,7.9984588623046875
45,99,11.0,pre_bbox,300,0.8732178211212158,1,1,0.8732178211212158,0.3713477849960327,0.3713477849960327,0.8732178211212158,7,0.8732178211212158,7,0.8732178211212158,7,0.07408984005451202,0.030635884031653404,0.7874236702919006
45,100,12.0,pre_bbox,300,0.7616576552391052,20,97,0.6743481755256653,0.36709100008010864,0.5300509929656982,0.7616576552391052,16,0.7616576552391052,16,0.7616576552391052,16,0.028534289449453354,0.1251554638147354,1.328620433807373
45,101,13.999999999999996,pre_bbox,300,0.9636635184288025,224,40,0.8909673690795898,0.3721870481967926,0.45297613739967346,0.9636635184288025,26,0.9636635184288025,26,0.9636635184288025,26,-0.022860759869217873,0.0019797964487224817,0.11252880096435547
45,99,11.0,decoder_1,300,0.8749263286590576,1,1,0.8749263286590576,0.3800675868988037,0.3800675868988037,0.8749263286590576,6,0.8749263286590576,6,0.8749263286590576,6,0.04476281628012657,0.03912863880395889,0.7404983043670654
45,100,12.0,decoder_1,300,0.7978975176811218,20,97,0.6731895208358765,0.3724808394908905,0.5377342700958252,0.7978975176811218,14,0.7978975176811218,14,0.7978975176811218,14,0.013989053666591644,0.07412432879209518,1.2420302629470825
45,101,13.999999999999996,decoder_1,300,0.9435502290725708,224,40,0.874626100063324,0.3801077902317047,0.46066224575042725,0.9435502290725708,26,0.9435502290725708,26,0.9435502290725708,26,-0.026935018599033356,-0.0030282523948699236,0.24261824786663055
45,99,11.0,decoder_2,300,0.9061310291290283,3,1,0.9022164940834045,0.08114093542098999,0.7161400318145752,0.9061310291290283,17,0.9061310291290283,17,0.9061310291290283,12,-0.029981186613440514,0.07268458604812622,0.43553024530410767
45,100,12.0,decoder_2,300,0.7740313410758972,13,128,0.7136651873588562,0.07348977774381638,0.7340540289878845,0.7740313410758972,31,0.7740313410758972,31,0.7740313410758972,29,0.12602262198925018,0.14734876155853271,1.3185888528823853
45,101,13.999999999999996,decoder_2,300,0.8496549129486084,153,119,0.7773850560188293,0.05048185586929321,0.6952358484268188,0.8496549129486084,45,0.8496549129486084,45,0.8496549129486084,33,-0.0043615479953587055,-0.04794805496931076,1.1446492671966553
45,99,11.0,decoder_3,300,0.9105889201164246,1,1,0.9105889201164246,0.7739694714546204,0.7739694714546204,0.9105889201164246,23,0.9105889201164246,23,0.9105889201164246,16,-0.019750168547034264,0.024070002138614655,0.5255792140960693
45,100,12.0,decoder_3,300,0.7428110241889954,102,97,0.7006108164787292,0.06719083338975906,0.7555347084999084,0.7428110241889954,40,0.7428110241889954,40,0.7428110241889954,28,0.1673930138349533,0.06713584810495377,1.9914783239364624
45,101,13.999999999999996,decoder_3,300,0.8376268744468689,224,119,0.7997417449951172,0.02974030002951622,0.691218376159668,0.8376268744468689,46,0.8376268744468689,46,0.7997417449951172,11,-0.11228015273809433,-0.05141550302505493,0.7713403105735779
45,99,11.0,final_nms07,181,0.9105889201164246,0,0,0.9105889201164246,0.7739694714546204,0.7739694714546204,0.9105889201164246,4,0.9105889201164246,4,0.9105889201164246,4,-0.019750168547034264,0.024070002138614655,0.5255792140960693
45,100,12.0,final_nms07,181,0.7006108164787292,1,1,0.7006108164787292,0.7555347084999084,0.7555347084999084,0.7006108164787292,3,0.7006108164787292,3,0.7006108164787292,3,0.09691376239061356,0.17778915166854858,1.819711446762085
45,101,13.999999999999996,final_nms07,181,0.7997417449951172,2,2,0.7997417449951172,0.691218376159668,0.691218376159668,0.7997417449951172,3,0.7997417449951172,3,0.7997417449951172,3,-0.10922212898731232,-0.09853405505418777,1.1406867504119873
46,102,15.0,encoder_all_counterfactual,8400,0.5607151985168457,3171,5888,0.1892179697751999,0.06798092275857925,0.08675575256347656,0.5607151985168457,2,0.5607151985168457,2,0.5607151985168457,1,0.26121506094932556,-0.1061948761343956,3.2085368633270264
46,103,12.0,encoder_all_counterfactual,8400,0.6880509257316589,3569,5885,0.11837697774171829,0.03689957782626152,0.08411194384098053,0.6880509257316589,6,0.6880509257316589,6,0.5834779739379883,2,-0.01594390720129013,0.2590802311897278,1.5826516151428223
46,104,12.0,encoder_all_counterfactual,8400,0.7046448588371277,4130,6128,0.1801014095544815,0.0568394809961319,0.07319381088018417,0.7046448588371277,6,0.7046448588371277,6,0.7046448588371277,2,-0.07611165195703506,0.26721635460853577,1.0071839094161987
46,102,15.0,topk,300,0.5607151985168457,277,4,0.1892179697751999,0.06798092275857925,0.08675575256347656,0.5607151985168457,1,0.5607151985168457,1,0.5607151985168457,1,0.26121506094932556,-0.1061948761343956,3.2085368633270264
46,103,12.0,topk,300,0.3167833089828491,52,25,0.11837697774171829,0.0813416838645935,0.08411194384098053,0.3167833089828491,0,0.3167833089828491,0,0.3167833089828491,0,0.1780882626771927,0.9619803428649902,5.829416751861572
46,104,12.0,topk,300,0.31897252798080444,190,150,0.1801014095544815,0.07128037512302399,0.07319381088018417,0.31897252798080444,0,0.31897252798080444,0,0.31897252798080444,0,0.44041576981544495,0.4892995059490204,7.584224700927734
46,102,15.0,pre_bbox,300,0.8212389945983887,216,277,0.7560900449752808,0.5668691396713257,0.5972870588302612,0.8212389945983887,14,0.8212389945983887,14,0.8212389945983887,14,-0.02095768041908741,-0.1611822098493576,1.1604784727096558
46,103,12.0,pre_bbox,300,0.7283098101615906,21,46,0.696652889251709,0.2598056495189667,0.4969881772994995,0.7283098101615906,15,0.7283098101615906,15,0.7283098101615906,15,-0.13989152014255524,0.14339858293533325,1.6389766931533813
46,104,12.0,pre_bbox,300,0.8546097278594971,190,190,0.8546097278594971,0.48711323738098145,0.48711323738098145,0.8546097278594971,24,0.8546097278594971,24,0.8546097278594971,24,-0.0050274101085960865,0.06581516563892365,0.7886520028114319
46,102,15.0,decoder_1,300,0.8167386054992676,216,277,0.758770227432251,0.5763559937477112,0.6047716736793518,0.8167386054992676,14,0.8167386054992676,14,0.8167386054992676,14,-0.03293987363576889,-0.1554458737373352,1.1595364809036255
46,103,12.0,decoder_1,300,0.7213202118873596,79,46,0.6891956329345703,0.31663164496421814,0.5051538944244385,0.7213202118873596,15,0.7213202118873596,15,0.7213202118873596,15,-0.15043286979198456,0.20927882194519043,1.7767130136489868
46,104,12.0,decoder_1,300,0.8612480759620667,162,190,0.8597745299339294,0.34606263041496277,0.49496036767959595,0.8612480759620667,24,0.8612480759620667,24,0.8612480759620667,24,0.032734476029872894,0.06721314787864685,0.7962694764137268
46,102,15.0,decoder_2,300,0.8958989381790161,122,277,0.8137016892433167,0.0763356015086174,0.7905629873275757,0.8958989381790161,23,0.8958989381790161,23,0.8958989381790161,17,-0.01530223898589611,-0.0426316112279892,0.5638261437416077
46,103,12.0,decoder_2,300,0.8515045046806335,173,52,0.76166832447052,0.0837981179356575,0.6479933261871338,0.8515045046806335,28,0.8515045046806335,28,0.8515045046806335,22,-0.06417517364025116,-0.06052055582404137,0.8569279313087463
46,104,12.0,decoder_2,300,0.8941819071769714,150,190,0.7924637198448181,0.053912870585918427,0.7144923806190491,0.8941819071769714,44,0.8941819071769714,44,0.8941819071769714,27,0.012694236822426319,0.10432566702365875,0.177789106965065
46,102,15.0,decoder_3,300,0.9032286405563354,147,277,0.8254715204238892,0.052098944783210754,0.762951672077179,0.9032286405563354,28,0.9032286405563354,28,0.9032286405563354,21,-0.006172142457216978,-0.07040000706911087,0.5745952129364014
46,103,12.0,decoder_3,300,0.8916073441505432,174,52,0.7570236921310425,0.08165043592453003,0.6355417370796204,0.8916073441505432,35,0.8916073441505432,35,0.8916073441505432,25,0.0660213902592659,0.05210818350315094,0.5363839268684387
46,104,12.0,decoder_3,300,0.839383065700531,101,190,0.7674025893211365,0.0247721578925848,0.7542247772216797,0.839383065700531,48,0.839383065700531,48,0.7705582976341248,21,-0.04464311525225639,0.13095688819885254,0.7557517886161804
46,102,15.0,final_nms07,181,0.8254715204238892,0,0,0.8254715204238892,0.762951672077179,0.762951672077179,0.8254715204238892,5,0.8254715204238892,5,0.8254715204238892,5,-0.031335413455963135,-0.11242479085922241,1.1634141206741333
46,103,12.0,final_nms07,181,0.7621599435806274,4,2,0.7570236921310425,0.11291712522506714,0.6355417370796204,0.7621599435806274,5,0.7621599435806274,5,0.7621599435806274,5,-0.02296571619808674,0.13797113299369812,1.6261769533157349
46,104,12.0,final_nms07,181,0.7674025893211365,1,1,0.7674025893211365,0.7542247772216797,0.7542247772216797,0.7674025893211365,3,0.7674025893211365,3,0.7674025893211365,3,-0.05686540529131889,0.12968574464321136,1.261437177658081
47,105,12.0,encoder_all_counterfactual,8400,0.6094486713409424,3409,5886,0.3698848783969879,0.03833223879337311,0.08050031214952469,0.6094486713409424,5,0.6094486713409424,5,0.5626434087753296,3,0.1901789754629135,0.3786376416683197,1.3376470804214478
47,106,12.0,encoder_all_counterfactual,8400,0.5964152812957764,3569,5576,0.1037883311510086,0.03115551546216011,0.09125594049692154,0.5964152812957764,5,0.5964152812957764,5,0.5399079322814941,1,-0.12300285696983337,0.2066269963979721,3.1255111694335938
47,107,9.999999999999998,encoder_all_counterfactual,8400,0.4766555428504944,2849,3011,0.25353947281837463,0.018296098336577415,0.06889519095420837,0.4766555428504944,0,0.4766555428504944,0,0.37369829416275024,0,0.294599711894989,0.4087129235267639,3.253877878189087
47,105,12.0,topk,300,0.3698848783969879,25,25,0.3698848783969879,0.08050031214952469,0.08050031214952469,0.3698848783969879,0,0.3698848783969879,0,0.3698848783969879,0,0.2004724144935608,0.9202543497085571,7.567707061767578
47,106,12.0,topk,300,0.11842454969882965,201,0,0.1037883311510086,0.06735134869813919,0.09125594049692154,0.11842454969882965,0,0.11842454969882965,0,0.11842454969882965,0,0.6588217616081238,0.5751521587371826,13.98806381225586
47,107,9.999999999999998,topk,300,0.33143728971481323,213,160,0.25353947281837463,0.06700937449932098,0.06889519095420837,0.33143728971481323,0,0.33143728971481323,0,0.33143728971481323,0,0.5319455862045288,0.7012738585472107,5.032071113586426
47,105,12.0,pre_bbox,300,0.9071987271308899,245,25,0.8543276190757751,0.425359308719635,0.544914186000824,0.9071987271308899,18,0.9071987271308899,18,0.9071987271308899,18,0.04735659435391426,0.05245238542556763,0.4540002942085266
47,106,12.0,pre_bbox,300,0.9066053628921509,296,224,0.7300946116447449,0.25046584010124207,0.3244405686855316,0.9066053628921509,20,0.9066053628921509,20,0.9066053628921509,20,-0.018337849527597427,0.08433134108781815,0.33618617057800293
47,107,9.999999999999998,pre_bbox,300,0.682887613773346,160,213,0.6436230540275574,0.4453366994857788,0.5953655242919922,0.682887613773346,7,0.682887613773346,7,0.682887613773346,7,0.12760993838310242,0.2986477017402649,1.2951226234436035
47,105,12.0,decoder_1,300,0.8968960642814636,245,25,0.850095272064209,0.43078386783599854,0.552759051322937,0.8968960642814636,20,0.8968960642814636,20,0.8968960642814636,20,0.047369834035634995,0.06452769041061401,0.45361170172691345
47,106,12.0,decoder_1,300,0.8842614889144897,296,224,0.7648899555206299,0.2570536136627197,0.3296109437942505,0.8842614889144897,21,0.8842614889144897,21,0.8842614889144897,21,-0.045445021241903305,0.08145636320114136,0.5297819972038269
47,107,9.999999999999998,decoder_1,300,0.6769726872444153,160,213,0.6401112079620361,0.4515588581562042,0.6045016646385193,0.6769726872444153,7,0.6769726872444153,7,0.6769726872444153,7,0.12408550083637238,0.31409746408462524,1.3360906839370728
47,105,12.0,decoder_2,300,0.9027485847473145,26,25,0.856306791305542,0.08541728556156158,0.770785927772522,0.9027485847473145,39,0.9027485847473145,39,0.9027485847473145,32,-0.03574860468506813,0.06364303827285767,0.4826720654964447
47,106,12.0,decoder_2,300,0.8579820990562439,37,249,0.8028709292411804,0.04433427378535271,0.6477752327919006,0.8579820990562439,50,0.8579820990562439,50,0.8547267317771912,37,-0.04474120959639549,0.11868911981582642,0.3052870035171509
47,107,9.999999999999998,decoder_2,300,0.6998934745788574,213,213,0.6998934745788574,0.6969074010848999,0.6969074010848999,0.6998934745788574,18,0.6998934745788574,18,0.6998934745788574,12,0.024665476754307747,0.31774431467056274,0.8026485443115234
47,105,12.0,decoder_3,300,0.8969776034355164,274,25,0.8569977283477783,0.0879979208111763,0.7787118554115295,0.8969776034355164,41,0.8969776034355164,41,0.8969776034355164,21,0.010283620096743107,0.003688419470563531,0.6425672173500061
47,106,12.0,decoder_3,300,0.8694313168525696,1,249,0.8029652833938599,0.061840564012527466,0.7339428067207336,0.8694313168525696,50,0.8694313168525696,50,0.8694313168525696,19,-0.08336011320352554,0.059239812195301056,0.5793448686599731
47,107,9.999999999999998,decoder_3,300,0.7125983834266663,23,213,0.6832094192504883,0.03890182077884674,0.7303817272186279,0.7125983834266663,24,0.7125983834266663,24,0.6832094192504883,8,-0.0003908417420461774,0.38190317153930664,1.3681834936141968
47,105,12.0,final_nms07,171,0.8569977283477783,0,0,0.8569977283477783,0.7787118554115295,0.7787118554115295,0.8569977283477783,4,0.8569977283477783,4,0.8569977283477783,4,-0.03887039050459862,0.08198171108961105,0.6090440154075623
47,106,12.0,final_nms07,171,0.8029652833938599,1,1,0.8029652833938599,0.7339428067207336,0.7339428067207336,0.8029652833938599,3,0.8029652833938599,3,0.8029652833938599,2,-0.1142469048500061,0.11639875173568726,0.8139227032661438
47,107,9.999999999999998,final_nms07,171,0.6832094192504883,2,2,0.6832094192504883,0.7303817272186279,0.7303817272186279,0.6832094192504883,3,0.6832094192504883,3,0.6832094192504883,3,0.04486221820116043,0.35450810194015503,0.7321644425392151
48,108,11.0,encoder_all_counterfactual,8400,0.5316322445869446,2850,3410,0.22517193853855133,0.02506566233932972,0.05971679091453552,0.5316322445869446,2,0.5316322445869446,2,0.4258022904396057,0,0.14807961881160736,0.18221910297870636,3.4484665393829346
48,109,13.999999999999996,encoder_all_counterfactual,8400,0.4628746211528778,5887,5888,0.13466449081897736,0.08146355301141739,0.08420789986848831,0.4628746211528778,0,0.4628746211528778,0,0.4628746211528778,0,0.27576273679733276,0.6934267282485962,2.2312705516815186
48,110,18.0,encoder_all_counterfactual,8400,0.6598649621009827,5488,5488,0.6598649621009827,0.07786877453327179,0.07786877453327179,0.6598649621009827,3,0.6598649621009827,3,0.6598649621009827,2,-0.017378397285938263,0.1332225650548935,3.5571773052215576
48,108,11.0,topk,300,0.0,0,-1,0,0.0864209309220314,,0.0,0,0.0,0,0.0,0,0.5395241975784302,1.185687780380249,25.042505264282227
48,109,13.999999999999996,topk,300,0.4628746211528778,12,5,0.13466449081897736,0.08146355301141739,0.08420789986848831,0.4628746211528778,0,0.4628746211528778,0,0.4628746211528778,0,0.27576273679733276,0.6934267282485962,2.2312705516815186
48,110,18.0,topk,300,0.6598649621009827,44,44,0.6598649621009827,0.07786877453327179,0.07786877453327179,0.6598649621009827,2,0.6598649621009827,2,0.6598649621009827,2,-0.017378397285938263,0.1332225650548935,3.5571773052215576
48,108,11.0,pre_bbox,300,0.39295318722724915,80,138,0.2509304881095886,0.046050067991018295,0.1464812159538269,0.39295318722724915,0,0.39295318722724915,0,0.335058331489563,0,0.2879248559474945,0.9009721875190735,2.282869577407837
48,109,13.999999999999996,pre_bbox,300,0.8494289517402649,113,12,0.6838942170143127,0.15186892449855804,0.598624587059021,0.8494289517402649,21,0.8494289517402649,21,0.8494289517402649,21,-0.009743683971464634,-0.10160740464925766,0.9578630328178406
48,110,18.0,pre_bbox,300,0.7361149787902832,128,44,0.43713635206222534,0.06843627989292145,0.6249409317970276,0.7361149787902832,10,0.7361149787902832,10,0.7361149787902832,10,-0.1776355355978012,0.14247745275497437,0.2786295413970947
48,108,11.0,decoder_1,300,0.30928170680999756,8,138,0.224808007478714,0.042612917721271515,0.14962327480316162,0.30928170680999756,0,0.30928170680999756,0,0.24212537705898285,0,0.12319472432136536,1.8786778450012207,8.31782054901123
48,109,13.999999999999996,decoder_1,300,0.8323113322257996,113,12,0.6762688755989075,0.15421882271766663,0.6062377691268921,0.8323113322257996,18,0.8323113322257996,18,0.8323113322257996,18,-0.029997948557138443,-0.11218790709972382,0.8540962934494019
48,110,18.0,decoder_1,300,0.6156282424926758,64,44,0.43599656224250793,0.13068349659442902,0.6335735321044922,0.6156282424926758,6,0.6156282424926758,6,0.6156282424926758,6,-0.27520444989204407,-0.06164281442761421,4.048693656921387
48,108,11.0,decoder_2,300,0.7306891083717346,80,138,0.7232983112335205,0.07057791948318481,0.3508586287498474,0.7306891083717346,6,0.7306891083717346,6,0.7306891083717346,6,0.03376486524939537,0.17763279378414154,1.2762398719787598
48,109,13.999999999999996,decoder_2,300,0.7840747237205505,105,12,0.7092245817184448,0.03839419409632683,0.6671780943870544,0.7840747237205505,35,0.7840747237205505,35,0.7830813527107239,28,0.05973435938358307,0.1089424192905426,1.5326560735702515
48,110,18.0,decoder_2,300,0.6990516185760498,137,44,0.4493700861930847,0.08632766455411911,0.6945469379425049,0.6990516185760498,12,0.6990516185760498,12,0.6990516185760498,8,-0.17870670557022095,-0.03313157334923744,1.6981412172317505
48,108,11.0,decoder_3,300,0.7959866523742676,104,4,0.6973639130592346,0.21019911766052246,0.38298675417900085,0.7959866523742676,10,0.7959866523742676,10,0.7959866523742676,10,0.15981009602546692,-0.023812180384993553,1.4974716901779175
48,109,13.999999999999996,decoder_3,300,0.8389301300048828,223,12,0.7115523219108582,0.10664664953947067,0.7797520160675049,0.8389301300048828,40,0.8389301300048828,40,0.8389301300048828,35,0.02776365354657173,-0.14106246829032898,0.4344688653945923
48,110,18.0,decoder_3,300,0.586388349533081,29,44,0.4557819664478302,0.09662406146526337,0.7316871881484985,0.586388349533081,10,0.586388349533081,10,0.586388349533081,4,-0.38161903619766235,-0.05173316225409508,3.076991081237793
48,108,11.0,final_nms07,193,0.6973639130592346,2,2,0.6973639130592346,0.38298675417900085,0.38298675417900085,0.6973639130592346,2,0.6973639130592346,2,0.6973639130592346,2,0.05552580580115318,0.1725606769323349,1.5018631219863892
48,109,13.999999999999996,final_nms07,193,0.799065351486206,11,0,0.7115523219108582,0.08482378721237183,0.7797520160675049,0.799065351486206,4,0.799065351486206,4,0.799065351486206,4,0.07913454622030258,-0.008590160869061947,1.1964033842086792
48,110,18.0,final_nms07,193,0.586388349533081,8,1,0.4557819664478302,0.09662406146526337,0.7316871881484985,0.586388349533081,2,0.586388349533081,2,0.586388349533081,2,-0.38161903619766235,-0.05173316225409508,3.076991081237793
49,111,12.0,encoder_all_counterfactual,8400,0.5100012421607971,3245,2769,0.3352283835411072,0.025908034294843674,0.06965753436088562,0.5100012421607971,1,0.5100012421607971,1,0.4924819767475128,0,0.11743000149726868,0.6744694709777832,4.919456958770752
49,112,13.999999999999996,encoder_all_counterfactual,8400,0.5406635403633118,5885,5885,0.5406635403633118,0.08712883293628693,0.08712883293628693,0.5406635403633118,2,0.5406635403633118,2,0.5406635403633118,2,0.02294587530195713,0.6977490186691284,4.0440778732299805
49,113,13.999999999999996,encoder_all_counterfactual,8400,0.6315954923629761,3488,4131,0.3265606760978699,0.022266054525971413,0.07480684667825699,0.6315954923629761,7,0.6315954923629761,7,0.6188815236091614,5,0.020848704501986504,-0.1113017201423645,3.064243793487549
49,111,12.0,topk,300,0.3352283835411072,221,221,0.3352283835411072,0.06965753436088562,0.06965753436088562,0.3352283835411072,0,0.3352283835411072,0,0.3352283835411072,0,-0.10984288901090622,0.4181736409664154,7.248147487640381
49,112,13.999999999999996,topk,300,0.5406635403633118,1,1,0.5406635403633118,0.08712883293628693,0.08712883293628693,0.5406635403633118,2,0.5406635403633118,2,0.5406635403633118,2,0.02294587530195713,0.6977490186691284,4.0440778732299805
49,113,13.999999999999996,topk,300,0.614410400390625,295,113,0.3265606760978699,0.06743355095386505,0.07480684667825699,0.614410400390625,1,0.614410400390625,1,0.614410400390625,1,0.03241003677248955,-0.021390892565250397,3.1884915828704834
49,111,12.0,pre_bbox,300,0.7353740334510803,50,221,0.671619713306427,0.1494617611169815,0.4789581000804901,0.7353740334510803,4,0.7353740334510803,4,0.7353740334510803,4,-0.12102679163217545,0.14294810593128204,1.860142707824707
49,112,13.999999999999996,pre_bbox,300,0.8784552812576294,293,148,0.5367773175239563,0.10400684177875519,0.6486889719963074,0.8784552812576294,19,0.8784552812576294,19,0.8784552812576294,19,-0.054575998336076736,0.05005686730146408,0.8432070016860962
49,113,13.999999999999996,pre_bbox,300,0.8941329717636108,209,295,0.7138482332229614,0.35199084877967834,0.5388075113296509,0.8941329717636108,18,0.8941329717636108,18,0.8941329717636108,18,0.019498402252793312,-0.04713296890258789,0.6235079169273376
49,111,12.0,decoder_1,300,0.6836197972297668,50,221,0.6733325719833374,0.15058349072933197,0.48953956365585327,0.6836197972297668,4,0.6836197972297668,4,0.6836197972297668,4,-0.13700465857982635,0.06709576398134232,2.139970302581787
49,112,13.999999999999996,decoder_1,300,0.7884670495986938,293,148,0.5349565744400024,0.10495491325855255,0.6572384834289551,0.7884670495986938,18,0.7884670495986938,18,0.7884670495986938,18,-0.14829906821250916,0.0615747906267643,1.0136044025421143
49,113,13.999999999999996,decoder_1,300,0.9236721992492676,209,295,0.7121348977088928,0.36007577180862427,0.5480382442474365,0.9236721992492676,17,0.9236721992492676,17,0.9236721992492676,17,-0.012956878170371056,-0.05295168608427048,0.4210922420024872
49,111,12.0,decoder_2,300,0.776244580745697,261,221,0.7228533625602722,0.061428312212228775,0.7213520407676697,0.776244580745697,12,0.776244580745697,12,0.776244580745697,10,-0.1802225559949875,0.05066955089569092,1.717506766319275
49,112,13.999999999999996,decoder_2,300,0.7919787764549255,170,148,0.5843226909637451,0.02890101820230484,0.8202095627784729,0.7919787764549255,37,0.7919787764549255,37,0.781701922416687,26,-0.027037473395466805,0.13139495253562927,1.3934670686721802
49,113,13.999999999999996,decoder_2,300,0.9117327332496643,18,157,0.8290333151817322,0.06988359987735748,0.7047392129898071,0.9117327332496643,41,0.9117327332496643,41,0.9117327332496643,27,-0.042825959622859955,-0.03516535833477974,0.4400654137134552
49,111,12.0,decoder_3,300,0.7901138067245483,130,221,0.7186437845230103,0.11050166189670563,0.7682371139526367,0.7901138067245483,17,0.7901138067245483,17,0.7901138067245483,12,-0.10981564223766327,0.015614068135619164,1.5132769346237183
49,112,13.999999999999996,decoder_3,300,0.8459187150001526,45,148,0.5945125222206116,0.02733588218688965,0.785515546798706,0.8459187150001526,42,0.8459187150001526,42,0.798342764377594,24,0.044844210147857666,0.13140968978405,0.7224168181419373
49,113,13.999999999999996,decoder_3,300,0.9203034043312073,292,157,0.8302805423736572,0.04089595377445221,0.7553764581680298,0.9203034043312073,44,0.9203034043312073,44,0.8854365944862366,27,-0.04533957317471504,-0.03274329751729965,0.29119622707366943
49,111,12.0,final_nms07,190,0.7186437845230103,1,1,0.7186437845230103,0.7682371139526367,0.7682371139526367,0.7186437845230103,4,0.7186437845230103,4,0.7186437845230103,4,-0.12226323783397675,0.0754355639219284,2.023364543914795
49,112,13.999999999999996,final_nms07,190,0.7177576422691345,29,0,0.5945125222206116,0.04574904590845108,0.785515546798706,0.7177576422691345,4,0.7177576422691345,4,0.7002642154693604,3,-0.019157206639647484,0.30191105604171753,2.812955856323242
49,113,13.999999999999996,final_nms07,190,0.8302805423736572,2,2,0.8302805423736572,0.7553764581680298,0.7553764581680298,0.8302805423736572,3,0.8302805423736572,3,0.8302805423736572,3,-0.028779152780771255,-0.04156038537621498,1.1876262426376343
50,114,13.999999999999996,encoder_all_counterfactual,8400,0.7563275694847107,3091,5808,0.2748745381832123,0.055791232734918594,0.07054983824491501,0.7563275694847107,4,0.7563275694847107,4,0.7563275694847107,4,0.04802119359374046,-0.19998514652252197,1.6968047618865967
50,115,11.999999999999998,encoder_all_counterfactual,8400,0.7236296534538269,3569,5887,0.2600562870502472,0.04569347947835922,0.0852893590927124,0.7236296534538269,2,0.7236296534538269,2,0.48286211490631104,0,0.20032475888729095,0.05258966609835625,1.8416833877563477
50,116,11.0,encoder_all_counterfactual,8400,0.5851715207099915,3969,4131,0.15227675437927246,0.02506886050105095,0.08346837759017944,0.5851715207099915,3,0.5851715207099915,3,0.5125455856323242,1,0.2510593831539154,0.36596614122390747,2.2025246620178223
50,114,13.999999999999996,topk,300,0.5036160349845886,249,169,0.2748745381832123,0.06760111451148987,0.07054983824491501,0.5036160349845886,1,0.5036160349845886,1,0.5036160349845886,1,-0.027763543650507927,0.03368328511714935,4.587702751159668
50,115,11.999999999999998,topk,300,0.4068445861339569,12,10,0.2600562870502472,0.0851539671421051,0.0852893590927124,0.4068445861339569,0,0.4068445861339569,0,0.4068445861339569,0,0.34961608052253723,0.4782360792160034,6.362062454223633
50,116,11.0,topk,300,0.24692821502685547,159,21,0.15227675437927246,0.0711202472448349,0.08346837759017944,0.24692821502685547,0,0.24692821502685547,0,0.24692821502685547,0,0.0159761942923069,0.3537348210811615,7.785033226013184
50,114,13.999999999999996,pre_bbox,300,0.7715073823928833,201,249,0.5290674567222595,0.2520553469657898,0.4610743522644043,0.7715073823928833,8,0.7715073823928833,8,0.7715073823928833,8,-0.18804804980754852,-0.0352427177131176,0.5882135033607483
50,115,11.999999999999998,pre_bbox,300,0.7431970238685608,4,12,0.69471675157547,0.14627668261528015,0.6608834266662598,0.7431970238685608,21,0.7431970238685608,21,0.7431970238685608,21,0.14821214973926544,0.0685034692287445,1.5232033729553223
50,116,11.0,pre_bbox,300,0.7630902528762817,159,116,0.7408775687217712,0.37740689516067505,0.5187737345695496,0.7630902528762817,23,0.7630902528762817,23,0.7630902528762817,23,0.014783081598579884,0.20696285367012024,1.4016159772872925
50,114,13.999999999999996,decoder_1,300,0.7516767382621765,201,249,0.529907763004303,0.2586551606655121,0.4680773913860321,0.7516767382621765,7,0.7516767382621765,7,0.7516767382621765,7,-0.1882198303937912,-0.04720327630639076,0.7092927694320679
50,115,11.999999999999998,decoder_1,300,0.7703542113304138,32,12,0.6984347105026245,0.1614951640367508,0.6688651442527771,0.7703542113304138,21,0.7703542113304138,21,0.7703542113304138,21,0.08268263190984726,0.0926305279135704,1.6061030626296997
50,116,11.0,decoder_1,300,0.7587471008300781,159,116,0.7367412447929382,0.3873642086982727,0.5283990502357483,0.7587471008300781,23,0.7587471008300781,23,0.7587471008300781,23,0.019586695358157158,0.21319541335105896,1.4154798984527588
50,114,13.999999999999996,decoder_2,300,0.824531614780426,11,249,0.5251267552375793,0.07252833992242813,0.7534245848655701,0.824531614780426,18,0.824531614780426,18,0.824531614780426,11,-0.07376675307750702,-0.06367918848991394,1.1474013328552246
50,115,11.999999999999998,decoder_2,300,0.8261598944664001,183,12,0.6806004047393799,0.0980306938290596,0.7878575325012207,0.8261598944664001,40,0.8261598944664001,40,0.8261598944664001,34,0.1213865578174591,-0.053964342921972275,0.836829423904419
50,116,11.0,decoder_2,300,0.7801316976547241,126,99,0.7317923307418823,0.11372802406549454,0.7334467768669128,0.7801316976547241,55,0.7801316976547241,55,0.7801316976547241,32,0.08871077001094818,0.17738762497901917,0.9113679528236389
50,114,13.999999999999996,decoder_3,300,0.9090169668197632,274,249,0.5324171781539917,0.051630616188049316,0.7754530906677246,0.9090169668197632,22,0.9090169668197632,22,0.9090169668197632,10,-0.014406250789761543,0.08050098270177841,0.3439914286136627
50,115,11.999999999999998,decoder_3,300,0.8443236351013184,63,12,0.684055745601654,0.06019707769155502,0.7916829586029053,0.8443236351013184,48,0.8443236351013184,48,0.8443236351013184,33,0.08819296211004257,-0.08774953335523605,0.669642448425293
50,116,11.0,decoder_3,300,0.7426015138626099,99,99,0.7426015138626099,0.7591060400009155,0.7591060400009155,0.7426015138626099,59,0.7426015138626099,59,0.7426015138626099,14,0.05227101966738701,0.22402675449848175,1.5706461668014526
50,114,13.999999999999996,final_nms07,161,0.9090169668197632,17,1,0.5324171781539917,0.051630616188049316,0.7754530906677246,0.9090169668197632,7,0.9090169668197632,7,0.9090169668197632,4,-0.014406250789761543,0.08050098270177841,0.3439914286136627
50,115,11.999999999999998,final_nms07,161,0.684055745601654,0,0,0.684055745601654,0.7916829586029053,0.7916829586029053,0.684055745601654,4,0.684055745601654,4,0.684055745601654,4,0.17111113667488098,-0.06749582290649414,2.023056745529175
50,116,11.0,final_nms07,161,0.7426015138626099,2,2,0.7426015138626099,0.7591060400009155,0.7591060400009155,0.7426015138626099,2,0.7426015138626099,2,0.7426015138626099,2,0.05227101966738701,0.22402675449848175,1.5706461668014526
51,117,13.999999999999996,encoder_all_counterfactual,8400,0.7385287284851074,3092,5888,0.19552837312221527,0.045356519520282745,0.0834677591919899,0.7385287284851074,6,0.7385287284851074,6,0.630005419254303,1,0.21832826733589172,-0.011861600913107395,2.3504016399383545
51,118,11.0,encoder_all_counterfactual,8400,0.3631772994995117,3408,5495,0.3089791536331177,0.029124654829502106,0.08642503619194031,0.3631772994995117,0,0.3631772994995117,0,0.3089791536331177,0,0.5391328930854797,0.7889723181724548,3.2086970806121826
51,119,10.0,encoder_all_counterfactual,8400,0.41543930768966675,4046,5573,0.20769429206848145,0.025660410523414612,0.07039787620306015,0.41543930768966675,0,0.41543930768966675,0,0.20769429206848145,0,0.793018102645874,0.3424820005893707,2.817049741744995
51,117,13.999999999999996,topk,300,0.2967528998851776,126,7,0.19552837312221527,0.07018481940031052,0.0834677591919899,0.2967528998851776,0,0.2967528998851776,0,0.2967528998851776,0,0.18469169735908508,0.37194105982780457,7.980216979980469
51,118,11.0,topk,300,0.3089791536331177,0,0,0.3089791536331177,0.08642503619194031,0.08642503619194031,0.3089791536331177,0,0.3089791536331177,0,0.3089791536331177,0,0.059819307178258896,0.6460692882537842,4.708350658416748
51,119,10.0,topk,300,0.20769429206848145,125,125,0.20769429206848145,0.07039787620306015,0.07039787620306015,0.20769429206848145,0,0.20769429206848145,0,0.20769429206848145,0,0.9647799134254456,1.0109598636627197,8.362886428833008
51,117,13.999999999999996,pre_bbox,300,0.9268872141838074,7,126,0.7653757333755493,0.2592872977256775,0.42442142963409424,0.9268872141838074,10,0.9268872141838074,10,0.9268872141838074,10,-0.0113443648442626,0.03713834658265114,0.5154818892478943
51,118,11.0,pre_bbox,300,0.6008359789848328,0,17,0.5451302528381348,0.5432880520820618,0.5579372644424438,0.6008359789848328,5,0.6008359789848328,5,0.6008359789848328,5,0.13383930921554565,0.2347080409526825,2.674071788787842
51,119,10.0,pre_bbox,300,0.5574066638946533,125,125,0.5574066638946533,0.41732367873191833,0.41732367873191833,0.5574066638946533,4,0.5574066638946533,4,0.5574066638946533,4,0.32860255241394043,0.31209972500801086,2.072448253631592
51,117,13.999999999999996,decoder_1,300,0.9170261025428772,7,126,0.7774254679679871,0.260981023311615,0.4328838586807251,0.9170261025428772,9,0.9170261025428772,9,0.9170261025428772,9,-0.003998606465756893,0.04014432802796364,0.6240324378013611
51,118,11.0,decoder_1,300,0.5976383090019226,0,17,0.5465359091758728,0.5527944564819336,0.5665281414985657,0.5976383090019226,6,0.5976383090019226,6,0.5976383090019226,6,0.1361517310142517,0.2530602812767029,2.7157843112945557
51,119,10.0,decoder_1,300,0.5654213428497314,141,125,0.5541990399360657,0.08894837647676468,0.4242350459098816,0.5654213428497314,3,0.5654213428497314,3,0.5654213428497314,3,0.2611309587955475,0.28938028216362,2.104783773422241
51,117,13.999999999999996,decoder_2,300,0.9469307661056519,7,126,0.7911211848258972,0.05152583122253418,0.7330990433692932,0.9469307661056519,15,0.9469307661056519,15,0.9469307661056519,10,-0.022856835275888443,0.005418289918452501,0.31637895107269287
51,118,11.0,decoder_2,300,0.6731173992156982,47,0,0.5826643109321594,0.11818341910839081,0.7742360234260559,0.6731173992156982,36,0.6731173992156982,36,0.6731173992156982,33,0.20554038882255554,0.18965566158294678,1.4794360399246216
51,119,10.0,decoder_2,300,0.6904077529907227,125,125,0.6904077529907227,0.678363561630249,0.678363561630249,0.6904077529907227,29,0.6904077529907227,29,0.6904077529907227,28,0.2291092425584793,0.17842765152454376,0.5505090355873108
51,117,13.999999999999996,decoder_3,300,0.9309588670730591,7,126,0.8027024269104004,0.03629136458039284,0.7420991063117981,0.9309588670730591,19,0.9309588670730591,19,0.895024299621582,9,-0.03967965021729469,-0.00881960615515709,0.48300400376319885
51,118,11.0,decoder_3,300,0.6211062073707581,173,0,0.5852369666099548,0.09735125303268433,0.7924465537071228,0.6211062073707581,41,0.6211062073707581,41,0.6211062073707581,28,0.3156439960002899,0.22375504672527313,1.311623215675354
51,119,10.0,decoder_3,300,0.6848800182342529,125,125,0.6848800182342529,0.7374158501625061,0.7374158501625061,0.6848800182342529,41,0.6848800182342529,41,0.6848800182342529,21,0.2593800127506256,0.1593915969133377,0.6908448934555054
51,117,13.999999999999996,final_nms07,171,0.8027024269104004,1,1,0.8027024269104004,0.7420991063117981,0.7420991063117981,0.8027024269104004,3,0.8027024269104004,3,0.8027024269104004,3,-0.09566578269004822,-0.1097719818353653,0.7706161737442017
51,118,11.0,final_nms07,171,0.5852369666099548,0,0,0.5852369666099548,0.7924465537071228,0.7924465537071228,0.5852369666099548,1,0.5852369666099548,1,0.5852369666099548,1,0.31150227785110474,0.254375159740448,1.9099223613739014
51,119,10.0,final_nms07,171,0.6848800182342529,2,2,0.6848800182342529,0.7374158501625061,0.7374158501625061,0.6848800182342529,2,0.6848800182342529,2,0.6848800182342529,2,0.2593800127506256,0.1593915969133377,0.6908448934555054
52,120,11.0,encoder_all_counterfactual,8400,0.47383978962898254,2852,3169,0.3243541717529297,0.04177955910563469,0.07735320925712585,0.47383978962898254,0,0.47383978962898254,0,0.35744282603263855,0,0.5268372893333435,0.0711686834692955,4.003548622131348
52,121,11.0,encoder_all_counterfactual,8400,0.3860313296318054,4534,5885,0.2898971140384674,0.05631135404109955,0.08920986205339432,0.3860313296318054,0,0.3860313296318054,0,0.3860313296318054,0,0.26293787360191345,0.7146097421646118,5.56294059753418
52,122,8.0,encoder_all_counterfactual,8400,0.31620514392852783,3807,5343,0.14600081741809845,0.03404126316308975,0.06872440874576569,0.31620514392852783,0,0.31620514392852783,0,0.3077992796897888,0,0.7902165055274963,0.38651448488235474,5.724902153015137
52,120,11.0,topk,300,0.35744282603263855,247,83,0.3243541717529297,0.07004253566265106,0.07735320925712585,0.35744282603263855,0,0.35744282603263855,0,0.35744282603263855,0,0.509012758731842,0.29055845737457275,5.733457565307617
52,121,11.0,topk,300,0.33802708983421326,287,1,0.2898971140384674,0.0686427429318428,0.08920986205339432,0.33802708983421326,0,0.33802708983421326,0,0.33802708983421326,0,0.8933488130569458,0.5624937415122986,1.1600030660629272
52,122,8.0,topk,300,0.14600081741809845,285,285,0.14600081741809845,0.06872440874576569,0.06872440874576569,0.14600081741809845,0,0.14600081741809845,0,0.14600081741809845,0,2.5665838718414307,0.920403778553009,9.068214416503906
52,120,11.0,pre_bbox,300,0.7062039375305176,83,247,0.6662498712539673,0.5207606554031372,0.6029953360557556,0.7062039375305176,3,0.7062039375305176,3,0.7062039375305176,3,0.2811683118343353,0.06701839715242386,1.9796892404556274
52,121,11.0,pre_bbox,300,0.6850069165229797,3,287,0.6005426049232483,0.6071635484695435,0.6826358437538147,0.6850069165229797,13,0.6850069165229797,13,0.6850069165229797,13,0.2456708401441574,0.17193517088890076,0.8778284192085266
52,122,8.0,pre_bbox,300,0.6016981601715088,113,272,0.5642943978309631,0.15690042078495026,0.4759410619735718,0.6016981601715088,4,0.6016981601715088,4,0.6016981601715088,4,0.4888126254081726,0.1055409163236618,0.8996720314025879
52,120,11.0,decoder_1,300,0.6994845867156982,83,247,0.6643456220626831,0.5279555916786194,0.6120299696922302,0.6994845867156982,3,0.6994845867156982,3,0.6994845867156982,3,0.27126485109329224,0.07352883368730545,2.006406307220459
52,121,11.0,decoder_1,300,0.7115870714187622,133,287,0.6044203042984009,0.22824814915657043,0.690284252166748,0.7115870714187622,13,0.7115870714187622,13,0.7115870714187622,13,0.17002832889556885,0.09278879314661026,1.2631748914718628
52,122,8.0,decoder_1,300,0.6453365087509155,113,272,0.5632376670837402,0.1598646640777588,0.4850461781024933,0.6453365087509155,5,0.6453365087509155,5,0.6453365087509155,5,0.45309633016586304,0.06310766935348511,0.9053828716278076
52,120,11.0,decoder_2,300,0.7385298609733582,8,247,0.6040114760398865,0.07414723187685013,0.7512531280517578,0.7385298609733582,11,0.7385298609733582,11,0.7385298609733582,7,0.2529563903808594,-0.040564313530921936,1.2432761192321777
52,121,11.0,decoder_2,300,0.7222634553909302,150,287,0.5808355808258057,0.13979464769363403,0.8281567096710205,0.7222634553909302,25,0.7222634553909302,25,0.7222634553909302,20,0.26769116520881653,0.09217195212841034,0.522961437702179
52,122,8.0,decoder_2,300,0.6253288984298706,97,285,0.5369880795478821,0.11501927673816681,0.6641762256622314,0.6253288984298706,17,0.6253288984298706,17,0.6253288984298706,12,0.521061360836029,0.05134950205683708,2.0293521881103516
52,120,11.0,decoder_3,300,0.6313301920890808,110,247,0.6121692657470703,0.15599843859672546,0.7820401191711426,0.6313301920890808,13,0.6313301920890808,13,0.6313301920890808,6,0.3335935175418854,0.1444271057844162,2.438276767730713
52,121,11.0,decoder_3,300,0.6901376247406006,258,287,0.5783639550209045,0.059857483953237534,0.7919329404830933,0.6901376247406006,31,0.6901376247406006,31,0.6901376247406006,20,0.2793048322200775,0.13263490796089172,0.6599674820899963
52,122,8.0,decoder_3,300,0.5944575667381287,281,285,0.5227835774421692,0.030561156570911407,0.781982958316803,0.5944575667381287,21,0.5944575667381287,21,0.5818948149681091,12,0.561062753200531,0.012619415298104286,1.5443471670150757
52,120,11.0,final_nms07,193,0.6121692657470703,1,1,0.6121692657470703,0.7820401191711426,0.7820401191711426,0.6121692657470703,2,0.6121692657470703,2,0.6121692657470703,1,0.2914178967475891,0.1734546273946762,2.3293585777282715
52,121,11.0,final_nms07,193,0.5783639550209045,0,0,0.5783639550209045,0.7919329404830933,0.7919329404830933,0.5783639550209045,2,0.5783639550209045,2,0.5783639550209045,2,0.3508501946926117,0.27994656562805176,0.8742857575416565
52,122,8.0,final_nms07,193,0.5227835774421692,2,2,0.5227835774421692,0.781982958316803,0.781982958316803,0.5227835774421692,1,0.5227835774421692,1,0.5227835774421692,1,0.5776366591453552,0.09512984752655029,2.4497528076171875
53,123,9.999999999999998,encoder_all_counterfactual,8400,0.5775530338287354,2770,2690,0.4679773151874542,0.0487186536192894,0.06428254395723343,0.5775530338287354,1,0.5775530338287354,1,0.4760647416114807,0,0.18792901933193207,0.38212424516677856,2.490370273590088
53,124,9.0,encoder_all_counterfactual,8400,0.36966463923454285,3009,3090,0.2055446207523346,0.026816491037607193,0.06534630060195923,0.36966463923454285,0,0.36966463923454285,0,0.257589727640152,0,0.34447842836380005,0.5059138536453247,4.539068222045898
53,125,11.0,encoder_all_counterfactual,8400,0.5363777279853821,3729,5968,0.15215006470680237,0.044240809977054596,0.08568353205919266,0.5363777279853821,3,0.5363777279853821,3,0.5351333618164062,1,0.1892726570367813,0.2785208225250244,3.110372304916382
53,123,9.999999999999998,topk,300,0.08322537690401077,176,-1,0,0.06956976652145386,,0.08322537690401077,0,0.08322537690401077,0,0.08322537690401077,0,0.18108215928077698,0.9834475517272949,11.151001930236816
53,124,9.0,topk,300,0.2055446207523346,281,281,0.2055446207523346,0.06534630060195923,0.06534630060195923,0.2055446207523346,0,0.2055446207523346,0,0.2055446207523346,0,0.062122926115989685,0.45088228583335876,7.388041019439697
53,125,11.0,topk,300,0.28036046028137207,20,15,0.15215006470680237,0.08527510613203049,0.08568353205919266,0.28036046028137207,0,0.28036046028137207,0,0.28036046028137207,0,0.5710945129394531,1.044837236404419,4.853853702545166
53,123,9.999999999999998,pre_bbox,300,0.8332338333129883,176,176,0.8332338333129883,0.38559821248054504,0.38559821248054504,0.8332338333129883,2,0.8332338333129883,2,0.8332338333129883,2,0.0568617582321167,0.11956775188446045,0.4996282458305359
53,124,9.0,pre_bbox,300,0.6956060528755188,281,281,0.6956060528755188,0.42907634377479553,0.42907634377479553,0.6956060528755188,5,0.6956060528755188,5,0.6956060528755188,5,0.09772136062383652,0.30961892008781433,0.44361552596092224
53,125,11.0,pre_bbox,300,0.8141267895698547,45,20,0.6936658024787903,0.34603869915008545,0.5221995711326599,0.8141267895698547,14,0.8141267895698547,14,0.8141267895698547,14,0.05638701468706131,0.07353652268648148,0.861532986164093
53,123,9.999999999999998,decoder_1,300,0.8266541361808777,176,176,0.8266541361808777,0.39554688334465027,0.39554688334465027,0.8266541361808777,2,0.8266541361808777,2,0.8266541361808777,2,0.02763083018362522,0.1267346441745758,0.5177351832389832
53,124,9.0,decoder_1,300,0.6900845170021057,281,281,0.6900845170021057,0.43791598081588745,0.43791598081588745,0.6900845170021057,5,0.6900845170021057,5,0.6900845170021057,5,0.09842681139707565,0.3192526698112488,0.46504414081573486
53,125,11.0,decoder_1,300,0.8265385031700134,45,20,0.6912100315093994,0.35164859890937805,0.5315786600112915,0.8265385031700134,14,0.8265385031700134,14,0.8265385031700134,14,0.04772428050637245,0.040865153074264526,0.951809287071228
53,123,9.999999999999998,decoder_2,300,0.8285346627235413,293,176,0.7936925292015076,0.04210662841796875,0.735156774520874,0.8285346627235413,7,0.8285346627235413,7,0.7936925292015076,6,-0.03654763847589493,0.1402483880519867,0.422169953584671
53,124,9.0,decoder_2,300,0.612701416015625,171,281,0.5555254220962524,0.22444644570350647,0.7860267758369446,0.612701416015625,15,0.612701416015625,15,0.612701416015625,12,0.2559339106082916,0.29952308535575867,1.3178609609603882
53,125,11.0,decoder_2,300,0.8843449354171753,81,20,0.7864187955856323,0.08163473755121231,0.6066242456436157,0.8843449354171753,35,0.8843449354171753,35,0.8843449354171753,19,0.10599551349878311,0.022406885400414467,0.19751131534576416
53,123,9.999999999999998,decoder_3,300,0.9038993120193481,222,176,0.7813606262207031,0.03934963792562485,0.7780585289001465,0.9038993120193481,11,0.9038993120193481,11,0.8513721823692322,9,-0.00027844906435348094,0.0716439038515091,0.21949328482151031
53,124,9.0,decoder_3,300,0.5876240134239197,171,281,0.5563403367996216,0.15371716022491455,0.797146201133728,0.5876240134239197,16,0.5876240134239197,16,0.5876240134239197,14,0.2066858410835266,0.410287082195282,0.5003072023391724
53,125,11.0,decoder_3,300,0.8286519050598145,45,20,0.7993925213813782,0.03426649421453476,0.7251286506652832,0.8286519050598145,37,0.8286519050598145,37,0.824931800365448,9,0.05378860980272293,0.08636119216680527,0.8969423770904541
53,123,9.999999999999998,final_nms07,211,0.7813606262207031,1,1,0.7813606262207031,0.7780585289001465,0.7780585289001465,0.7813606262207031,2,0.7813606262207031,2,0.7813606262207031,2,0.01701071299612522,0.22016268968582153,0.4943007230758667
53,124,9.0,final_nms07,211,0.5563403367996216,0,0,0.5563403367996216,0.797146201133728,0.797146201133728,0.5563403367996216,1,0.5563403367996216,1,0.5563403367996216,1,0.19709151983261108,0.5015276074409485,0.6102250814437866
53,125,11.0,final_nms07,211,0.7993925213813782,2,2,0.7993925213813782,0.7251286506652832,0.7251286506652832,0.7993925213813782,1,0.7993925213813782,1,0.7993925213813782,1,0.08499976992607117,0.13424649834632874,0.9321531653404236
54,126,15.0,encoder_all_counterfactual,8400,0.6485264897346497,4536,4537,0.3767586946487427,0.060903072357177734,0.06651924550533295,0.6485264897346497,4,0.6485264897346497,4,0.6485264897346497,1,0.10299888998270035,0.33097460865974426,1.726585030555725
54,127,11.0,encoder_all_counterfactual,8400,0.36170899868011475,2768,4375,0.17622628808021545,0.01751912385225296,0.0695822685956955,0.36170899868011475,0,0.36170899868011475,0,0.24971763789653778,0,0.2529125213623047,0.12810073792934418,5.6774582862854
54,128,11.0,encoder_all_counterfactual,8400,0.6433712244033813,3648,5885,0.10060887783765793,0.040321361273527145,0.08958450704813004,0.6433712244033813,1,0.6433712244033813,1,0.36006054282188416,0,0.2082439810037613,0.025127973407506943,2.1253087520599365
54,126,15.0,topk,300,0.04497334733605385,170,-1,0,0.07332372665405273,,0.04497334733605385,0,0.04497334733605385,0,0.04497334733605385,0,0.13825367391109467,0.2241850346326828,16.320993423461914
54,127,11.0,topk,300,0.17622628808021545,263,263,0.17622628808021545,0.0695822685956955,0.0695822685956955,0.17622628808021545,0,0.17622628808021545,0,0.17622628808021545,0,0.3174024224281311,0.5659533143043518,11.02175521850586
54,128,11.0,topk,300,0.36006054282188416,44,2,0.10060887783765793,0.08215927332639694,0.08958450704813004,0.36006054282188416,0,0.36006054282188416,0,0.36006054282188416,0,0.7477342486381531,0.5890946388244629,5.2800092697143555
54,126,15.0,pre_bbox,300,0.7443581223487854,170,170,0.7443581223487854,0.23594379425048828,0.23594379425048828,0.7443581223487854,3,0.7443581223487854,3,0.7443581223487854,3,-0.07466932386159897,-0.06477922201156616,1.7467598915100098
54,127,11.0,pre_bbox,300,0.8227182030677795,9,263,0.5701353549957275,0.12109149992465973,0.5845009684562683,0.8227182030677795,11,0.8227182030677795,11,0.8227182030677795,11,0.09254053980112076,0.036734964698553085,0.9297253489494324
54,128,11.0,pre_bbox,300,0.8952171802520752,13,44,0.7274631857872009,0.21811066567897797,0.5853391289710999,0.8952171802520752,27,0.8952171802520752,27,0.8952171802520752,27,-1.279657499253517e-05,-0.06230441480875015,0.30300480127334595
54,126,15.0,decoder_1,300,0.7200656533241272,170,170,0.7200656533241272,0.24245750904083252,0.24245750904083252,0.7200656533241272,2,0.7200656533241272,2,0.7200656533241272,2,-0.09102550894021988,-0.06865245848894119,1.9442049264907837
54,127,11.0,decoder_1,300,0.782385528087616,142,263,0.5717581510543823,0.18630342185497284,0.5951673984527588,0.782385528087616,12,0.782385528087616,12,0.782385528087616,12,0.22720716893672943,-0.025389205664396286,0.6477779746055603
54,128,11.0,decoder_1,300,0.8854489326477051,106,44,0.7322522401809692,0.1693689525127411,0.5927658677101135,0.8854489326477051,27,0.8854489326477051,27,0.8854489326477051,27,0.08553347736597061,-0.013158213347196579,0.3775005638599396
54,126,15.0,decoder_2,300,0.7898268699645996,109,170,0.7465698719024658,0.09633492678403854,0.6943799257278442,0.7898268699645996,7,0.7898268699645996,7,0.7898268699645996,6,0.07011417299509048,0.18314464390277863,1.0644975900650024
54,127,11.0,decoder_2,300,0.7764780521392822,132,263,0.6263390183448792,0.14601902663707733,0.7331978678703308,0.7764780521392822,15,0.7764780521392822,15,0.7764780521392822,10,0.23992884159088135,0.03866087645292282,0.6681849360466003
54,128,11.0,decoder_2,300,0.7674602270126343,31,44,0.6937935948371887,0.08553387224674225,0.7555903792381287,0.7674602270126343,47,0.7674602270126343,47,0.7674602270126343,35,0.17802463471889496,0.02471625804901123,1.317322015762329
54,126,15.0,decoder_3,300,0.8248223662376404,109,170,0.7510437369346619,0.22988057136535645,0.7442386150360107,0.8248223662376404,12,0.8248223662376404,12,0.8248223662376404,11,-0.06495815515518188,-0.06300900131464005,1.0389928817749023
54,127,11.0,decoder_3,300,0.7259567975997925,132,263,0.6332359910011292,0.10866757482290268,0.7666898965835571,0.7259567975997925,23,0.7259567975997925,23,0.7259567975997925,16,0.2535899579524994,0.09884023666381836,0.6678687334060669
54,128,11.0,decoder_3,300,0.7432353496551514,120,44,0.6918403506278992,0.044267281889915466,0.7601245641708374,0.7432353496551514,50,0.7432353496551514,50,0.7351164221763611,25,0.2614707946777344,-0.007249069400131702,1.7519925832748413
54,126,15.0,final_nms07,214,0.8248223662376404,3,2,0.7510437369346619,0.22988057136535645,0.7442386150360107,0.8248223662376404,8,0.8248223662376404,8,0.8248223662376404,7,-0.06495815515518188,-0.06300900131464005,1.0389928817749023
54,127,11.0,final_nms07,214,0.6332359910011292,0,0,0.6332359910011292,0.7666898965835571,0.7666898965835571,0.6332359910011292,3,0.6332359910011292,3,0.6332359910011292,3,0.27110567688941956,0.10521174967288971,1.6440963745117188
54,128,11.0,final_nms07,214,0.6918403506278992,1,1,0.6918403506278992,0.7601245641708374,0.7601245641708374,0.6918403506278992,1,0.6918403506278992,1,0.6918403506278992,1,0.27190154790878296,0.025315025821328163,2.1012918949127197
55,129,12.999999999999998,encoder_all_counterfactual,8400,0.6542299389839172,2209,4541,0.21577268838882446,0.027775682508945465,0.07095727324485779,0.6542299389839172,3,0.6542299389839172,3,0.5685501098632812,1,0.03335932269692421,-0.01827269233763218,2.4422364234924316
55,130,15.0,encoder_all_counterfactual,8400,0.6725816130638123,2928,3970,0.163551464676857,0.04596412554383278,0.07452230155467987,0.6725816130638123,3,0.6725816130638123,3,0.3610474765300751,0,0.06459789723157883,0.0869022086262703,2.884812593460083
55,131,9.0,encoder_all_counterfactual,8400,0.4687252342700958,3329,4453,0.2726336121559143,0.04700041934847832,0.061853375285863876,0.4687252342700958,0,0.4687252342700958,0,0.3473140001296997,0,0.3475048243999481,0.40947744250297546,3.44909930229187
55,129,12.999999999999998,topk,300,0.21577268838882446,234,234,0.21577268838882446,0.07095727324485779,0.07095727324485779,0.21577268838882446,0,0.21577268838882446,0,0.21577268838882446,0,0.17744587361812592,0.5962653756141663,9.985147476196289
55,130,15.0,topk,300,0.2460590898990631,237,148,0.163551464676857,0.07087311893701553,0.07452230155467987,0.2460590898990631,0,0.2460590898990631,0,0.2460590898990631,0,-0.14193569123744965,0.29975348711013794,8.79420280456543
55,131,9.0,topk,300,0.054824259132146835,55,-1,0,0.08085518330335617,,0.054824259132146835,0,0.054824259132146835,0,0.054824259132146835,0,0.6015335321426392,1.5020045042037964,15.682165145874023
55,129,12.999999999999998,pre_bbox,300,0.6786006689071655,234,234,0.6786006689071655,0.30382511019706726,0.30382511019706726,0.6786006689071655,2,0.6786006689071655,2,0.6786006689071655,2,-0.2110537439584732,-0.11690512299537659,1.3532235622406006
55,130,15.0,pre_bbox,300,0.8718526363372803,121,237,0.8045414090156555,0.26951444149017334,0.5570770502090454,0.8718526363372803,18,0.8718526363372803,18,0.8718526363372803,18,-0.013671685010194778,-0.06537838280200958,0.9710325002670288
55,131,9.0,pre_bbox,300,0.49399372935295105,86,55,0.45239219069480896,0.26858535408973694,0.35453879833221436,0.49399372935295105,0,0.49399372935295105,0,0.49399372935295105,0,0.24032841622829437,0.6320815086364746,0.7676676511764526
55,129,12.999999999999998,decoder_1,300,0.666565477848053,234,234,0.666565477848053,0.30941593647003174,0.30941593647003174,0.666565477848053,2,0.666565477848053,2,0.666565477848053,2,-0.21411213278770447,-0.11555758863687515,1.4120858907699585
55,130,15.0,decoder_1,300,0.8733253479003906,121,237,0.804466962814331,0.2767448425292969,0.5670452117919922,0.8733253479003906,20,0.8733253479003906,20,0.8733253479003906,20,-0.02876506932079792,-0.06879331916570663,0.8583945035934448
55,131,9.0,decoder_1,300,0.5205305218696594,18,55,0.46793296933174133,0.15154288709163666,0.36256635189056396,0.5205305218696594,2,0.5205305218696594,2,0.5205305218696594,2,0.4099297821521759,0.22176897525787354,3.349349021911621
55,129,12.999999999999998,decoder_2,300,0.7438891530036926,291,234,0.6086716055870056,0.13712547719478607,0.44325730204582214,0.7438891530036926,7,0.7438891530036926,7,0.7438891530036926,7,0.025767477229237556,-0.10643357038497925,1.5578031539916992
55,130,15.0,decoder_2,300,0.8924205303192139,121,237,0.8476423025131226,0.03467986732721329,0.8391768336296082,0.8924205303192139,30,0.8924205303192139,30,0.8756355047225952,24,-0.031513940542936325,-0.07853882759809494,0.431791216135025
55,131,9.0,decoder_2,300,0.6782207489013672,266,55,0.5179972648620605,0.10511352121829987,0.6938815116882324,0.6782207489013672,14,0.6782207489013672,14,0.6782207489013672,13,0.10862349718809128,0.3299887776374817,0.43038666248321533
55,129,12.999999999999998,decoder_3,300,0.7886426448822021,291,234,0.6320784687995911,0.10104222595691681,0.5076309442520142,0.7886426448822021,9,0.7886426448822021,9,0.7886426448822021,7,-0.1134621649980545,-0.09654182940721512,1.0049664974212646
55,130,15.0,decoder_3,300,0.9534215927124023,4,237,0.8584492802619934,0.21536552906036377,0.8004728555679321,0.9534215927124023,36,0.9534215927124023,36,0.9534215927124023,24,0.021316567435860634,-0.026686083525419235,0.28331080079078674
55,131,9.0,decoder_3,300,0.610435962677002,156,55,0.5191331505775452,0.06291785836219788,0.7505197525024414,0.610435962677002,17,0.610435962677002,17,0.610435962677002,15,0.13440078496932983,0.44409286975860596,2.1535885334014893
55,129,12.999999999999998,final_nms07,208,0.6320784687995911,2,2,0.6320784687995911,0.5076309442520142,0.5076309442520142,0.6320784687995911,3,0.6320784687995911,3,0.6320784687995911,1,-0.21372221410274506,-0.19611196219921112,1.4955775737762451
55,130,15.0,final_nms07,208,0.8584492802619934,0,0,0.8584492802619934,0.8004728555679321,0.8004728555679321,0.8584492802619934,5,0.8584492802619934,5,0.8584492802619934,4,-0.06885601580142975,-0.06278454512357712,0.7488419413566589
55,131,9.0,final_nms07,208,0.5191331505775452,1,1,0.5191331505775452,0.7505197525024414,0.7505197525024414,0.5191331505775452,3,0.5191331505775452,3,0.5191331505775452,3,0.20332439243793488,0.6008073687553406,0.6234455704689026
56,132,11.0,encoder_all_counterfactual,8400,0.5107571482658386,2448,2610,0.24675288796424866,0.017995743080973625,0.06615383923053741,0.5107571482658386,1,0.5107571482658386,1,0.3784955143928528,0,-0.011232172138988972,0.22696922719478607,3.643969774246216
56,133,11.999999999999998,encoder_all_counterfactual,8400,0.5601013898849487,5806,5885,0.20796841382980347,0.07527940720319748,0.09014511853456497,0.5601013898849487,2,0.5601013898849487,2,0.5601013898849487,2,0.3308486342430115,0.21385067701339722,3.1405389308929443
56,134,11.0,encoder_all_counterfactual,8400,0.6155653595924377,3809,5968,0.1785658746957779,0.04607927054166794,0.08397171646356583,0.6155653595924377,3,0.6155653595924377,3,0.44201532006263733,0,0.24190856516361237,0.024071358144283295,2.6268231868743896
56,132,11.0,topk,300,0.03697365149855614,197,-1,0,0.07115323096513748,,0.03697365149855614,0,0.03697365149855614,0,0.03697365149855614,0,0.33201077580451965,0.9094751477241516,17.103897094726562
56,133,11.999999999999998,topk,300,0.5601013898849487,121,5,0.20796841382980347,0.07527940720319748,0.09014511853456497,0.5601013898849487,2,0.5601013898849487,2,0.5601013898849487,2,0.3308486342430115,0.21385067701339722,3.1405389308929443
56,134,11.0,topk,300,0.4212115406990051,66,22,0.1785658746957779,0.07915283739566803,0.08397171646356583,0.4212115406990051,0,0.4212115406990051,0,0.4212115406990051,0,0.6616499423980713,0.22349907457828522,5.3400115966796875
56,132,11.0,pre_bbox,300,0.7917706966400146,197,232,0.6975507140159607,0.20706868171691895,0.2161482870578766,0.7917706966400146,2,0.7917706966400146,2,0.7917706966400146,2,0.02272195927798748,0.23492752015590668,0.8920238614082336
56,133,11.999999999999998,pre_bbox,300,0.7066254019737244,11,121,0.6021780371665955,0.0772748664021492,0.6572960615158081,0.7066254019737244,15,0.7066254019737244,15,0.7066254019737244,15,0.3105303645133972,0.0387144461274147,1.4002506732940674
56,134,11.0,pre_bbox,300,0.8913969993591309,24,24,0.8913969993591309,0.5360968112945557,0.5360968112945557,0.8913969993591309,17,0.8913969993591309,17,0.8913969993591309,17,0.10174720734357834,-0.01968827098608017,0.4570153057575226
56,132,11.0,decoder_1,300,0.7983100414276123,197,232,0.6706588864326477,0.2127169817686081,0.22187107801437378,0.7983100414276123,2,0.7983100414276123,2,0.7983100414276123,2,-0.037401460111141205,0.2137903869152069,1.0006717443466187
56,133,11.999999999999998,decoder_1,300,0.7664655447006226,11,121,0.5977545976638794,0.07675930857658386,0.6667962074279785,0.7664655447006226,15,0.7664655447006226,15,0.7664655447006226,15,0.19811347126960754,0.03023197129368782,0.8509393334388733
56,134,11.0,decoder_1,300,0.9073545932769775,24,24,0.9073545932769775,0.5466108918190002,0.5466108918190002,0.9073545932769775,16,0.9073545932769775,16,0.9073545932769775,16,0.09208782017230988,-0.00991652812808752,0.5074272155761719
56,132,11.0,decoder_2,300,0.8117692470550537,232,197,0.7323997020721436,0.09955831617116928,0.6184252500534058,0.8117692470550537,14,0.8117692470550537,14,0.8117692470550537,13,-0.030927373096346855,0.09935693442821503,1.0841044187545776
56,133,11.999999999999998,decoder_2,300,0.6900604367256165,71,121,0.5995709896087646,0.057034146040678024,0.7724465131759644,0.6900604367256165,24,0.6900604367256165,24,0.6900604367256165,12,0.38579657673835754,0.04571126401424408,0.9314350485801697
56,134,11.0,decoder_2,300,0.8556358814239502,22,24,0.8346861004829407,0.029579520225524902,0.6820785403251648,0.8556358814239502,29,0.8556358814239502,29,0.83780837059021,16,0.15810878574848175,0.00916303787380457,0.08138266950845718
56,132,11.0,decoder_3,300,0.7877107858657837,255,197,0.7478154897689819,0.16884523630142212,0.7463278770446777,0.7877107858657837,17,0.7877107858657837,17,0.7877107858657837,13,0.04888536036014557,0.2103329747915268,1.0175960063934326
56,133,11.999999999999998,decoder_3,300,0.7450222373008728,19,121,0.6017730236053467,0.09943148493766785,0.7544507384300232,0.7450222373008728,30,0.7450222373008728,30,0.7450222373008728,15,0.07966997474431992,-0.10356762260198593,1.9258424043655396
56,134,11.0,decoder_3,300,0.8805447220802307,69,24,0.8350277543067932,0.13205116987228394,0.746078610420227,0.8805447220802307,29,0.8805447220802307,29,0.8805447220802307,11,0.10308975726366043,0.018603436648845673,0.7025510668754578
56,132,11.0,final_nms07,216,0.7478154897689819,1,1,0.7478154897689819,0.7463278770446777,0.7463278770446777,0.7478154897689819,3,0.7478154897689819,3,0.7478154897689819,3,-0.03581972047686577,0.1482120007276535,1.2904058694839478
56,133,11.999999999999998,final_nms07,216,0.6971651911735535,9,0,0.6017730236053467,0.08352614939212799,0.7544507384300232,0.6971651911735535,5,0.6971651911735535,5,0.6971651911735535,5,-0.031792618334293365,0.19757647812366486,1.593286156654358
56,134,11.0,final_nms07,216,0.8350277543067932,2,2,0.8350277543067932,0.746078610420227,0.746078610420227,0.8350277543067932,2,0.8350277543067932,2,0.8350277543067932,2,0.1402435153722763,-0.05421547591686249,0.2012120634317398
57,135,8.0,encoder_all_counterfactual,8400,0.47275876998901367,2684,2605,0.30839186906814575,0.038629449903964996,0.05636707693338394,0.47275876998901367,0,0.47275876998901367,0,0.30839186906814575,0,0.09984699636697769,0.7827106714248657,3.472015619277954
57,135,8.0,topk,300,0.0,0,-1,0,0.08981581777334213,,0.0,0,0.0,0,0.0,0,0.9511734247207642,1.5937923192977905,229.94216918945312
57,135,8.0,pre_bbox,300,0.3620699942111969,125,207,0.29631519317626953,0.06842190772294998,0.10042621940374374,0.3620699942111969,0,0.3620699942111969,0,0.3620699942111969,0,0.45248228311538696,0.9015047550201416,3.302208185195923
57,135,8.0,decoder_1,300,0.27654674649238586,151,80,0.24812102317810059,0.09395277500152588,0.10214430093765259,0.27654674649238586,0,0.27654674649238586,0,0.27654674649238586,0,0.21416090428829193,1.9781978130340576,8.015304565429688
57,135,8.0,decoder_2,300,0.6419147849082947,151,207,0.40891775488853455,0.23378920555114746,0.2817842662334442,0.6419147849082947,4,0.6419147849082947,4,0.6419147849082947,4,-0.03762887418270111,0.459859162569046,1.5504082441329956
57,135,8.0,decoder_3,300,0.6900866627693176,190,190,0.6900866627693176,0.4893004596233368,0.4893004596233368,0.6900866627693176,6,0.6900866627693176,6,0.6900866627693176,6,-0.020749880000948906,0.3922475576400757,0.7453785538673401
57,135,8.0,final_nms07,260,0.6900866627693176,0,0,0.6900866627693176,0.4893004596233368,0.4893004596233368,0.6900866627693176,2,0.6900866627693176,2,0.6900866627693176,2,-0.020749880000948906,0.3922475576400757,0.7453785538673401
58,136,8.0,encoder_all_counterfactual,8400,0.24941441416740417,2761,2526,0.11787459999322891,0.03990473970770836,0.063009113073349,0.24941441416740417,0,0.24941441416740417,0,0.16754867136478424,0,1.193589448928833,0.827766478061676,2.803222179412842
58,136,8.0,topk,300,0.02524859830737114,273,-1,0,0.06411123275756836,,0.02524859830737114,0,0.02524859830737114,0,0.02524859830737114,0,0.8559759259223938,1.636322259902954,15.85218334197998
58,136,8.0,pre_bbox,300,0.3171558380126953,273,273,0.3171558380126953,0.26165109872817993,0.26165109872817993,0.3171558380126953,0,0.3171558380126953,0,0.3171558380126953,0,0.4368656277656555,0.879355788230896,2.9670560359954834
58,136,8.0,decoder_1,300,0.3277677893638611,283,273,0.31784573197364807,0.20241622626781464,0.2682318687438965,0.3277677893638611,0,0.3277677893638611,0,0.3277677893638611,0,0.6313108801841736,0.8702290058135986,2.2531330585479736
58,136,8.0,decoder_2,300,0.5479651093482971,105,273,0.40761199593544006,0.11732127517461777,0.6659900546073914,0.5479651093482971,1,0.5479651093482971,1,0.5479651093482971,1,0.42069095373153687,0.28453880548477173,1.2296630144119263
58,136,8.0,decoder_3,300,0.467989444732666,182,273,0.4135661721229553,0.045798078179359436,0.7210181951522827,0.467989444732666,0,0.467989444732666,0,0.4670698046684265,0,0.2326015830039978,0.733569324016571,3.24967098236084
58,136,8.0,final_nms07,253,0.467989444732666,7,0,0.4135661721229553,0.045798078179359436,0.7210181951522827,0.467989444732666,0,0.467989444732666,0,0.4135661721229553,0,0.2326015830039978,0.733569324016571,3.24967098236084
59,137,9.999999999999998,encoder_all_counterfactual,8400,0.5015918612480164,3084,5882,0.18281340599060059,0.021938886493444443,0.07415132224559784,0.5015918612480164,1,0.5015918612480164,1,0.4744570553302765,0,0.3394610583782196,0.12563373148441315,3.048731803894043
59,137,9.999999999999998,topk,300,0.24961690604686737,223,120,0.18281340599060059,0.06905650347471237,0.07415132224559784,0.24961690604686737,0,0.24961690604686737,0,0.24961690604686737,0,0.6809148192405701,1.2682654857635498,5.337688446044922
59,137,9.999999999999998,pre_bbox,300,0.5739369988441467,120,223,0.5390928387641907,0.4500293731689453,0.541180431842804,0.5739369988441467,5,0.5739369988441467,5,0.5739369988441467,5,0.15337909758090973,0.29018768668174744,2.604241371154785
59,137,9.999999999999998,decoder_1,300,0.5737419128417969,120,223,0.5314322710037231,0.4592170715332031,0.5462973117828369,0.5737419128417969,6,0.5737419128417969,6,0.5737419128417969,6,0.1466362476348877,0.29909956455230713,2.5948143005371094
59,137,9.999999999999998,decoder_2,300,0.6963357925415039,171,223,0.6054555177688599,0.03910020366311073,0.7472389936447144,0.6963357925415039,22,0.6963357925415039,22,0.6109715104103088,9,0.17398877441883087,0.1894025057554245,1.5607540607452393
59,137,9.999999999999998,decoder_3,300,0.6628499031066895,25,223,0.6174218058586121,0.032405078411102295,0.7451092004776001,0.6628499031066895,27,0.6628499031066895,27,0.6338794231414795,8,0.19386716187000275,0.2213805913925171,1.795385718345642
59,137,9.999999999999998,final_nms07,249,0.6338794231414795,1,0,0.6174218058586121,0.07665251940488815,0.7451092004776001,0.6338794231414795,4,0.6338794231414795,4,0.6338794231414795,2,0.3488808274269104,0.16955876350402832,0.9523537755012512
60,138,11.0,encoder_all_counterfactual,8400,0.5995134115219116,3404,4856,0.1475229263305664,0.049480948597192764,0.06858286261558533,0.5995134115219116,2,0.5995134115219116,2,0.4777286946773529,0,0.4093954563140869,0.18349696695804596,0.7235504984855652
60,138,11.0,topk,300,0.1475229263305664,223,223,0.1475229263305664,0.06858286261558533,0.06858286261558533,0.1475229263305664,0,0.1475229263305664,0,0.1475229263305664,0,0.4922522306442261,1.0569484233856201,9.772515296936035
60,138,11.0,pre_bbox,300,0.7525791525840759,223,223,0.7525791525840759,0.45615339279174805,0.45615339279174805,0.7525791525840759,8,0.7525791525840759,8,0.7525791525840759,8,-0.0030914784874767065,-0.0018252915469929576,1.357871651649475
60,138,11.0,decoder_1,300,0.7470976114273071,223,223,0.7470976114273071,0.46662622690200806,0.46662622690200806,0.7470976114273071,11,0.7470976114273071,11,0.7470976114273071,11,-0.026362396776676178,0.0013032442657276988,1.3738471269607544
60,138,11.0,decoder_2,300,0.8659601807594299,92,223,0.6947051286697388,0.1241009384393692,0.7677320837974548,0.8659601807594299,24,0.8659601807594299,24,0.8659601807594299,24,-0.06441114097833633,0.07226138561964035,0.67193603515625
60,138,11.0,decoder_3,300,0.8245319128036499,92,223,0.6875452995300293,0.0528707429766655,0.7624015212059021,0.8245319128036499,28,0.8245319128036499,28,0.8245319128036499,22,-0.042186714708805084,0.06488900631666183,0.9031577110290527
60,138,11.0,final_nms07,237,0.6875452995300293,0,0,0.6875452995300293,0.7624015212059021,0.7624015212059021,0.6875452995300293,4,0.6875452995300293,4,0.6875452995300293,4,0.02814009226858616,0.0047309850342571735,1.7653855085372925
61,139,11.0,encoder_all_counterfactual,8400,0.5656395554542542,3084,3967,0.18627996742725372,0.049637630581855774,0.05686940252780914,0.5656395554542542,3,0.5656395554542542,3,0.31323015689849854,0,-0.07700854539871216,0.18599757552146912,3.151482582092285
61,139,11.0,topk,300,0.0,0,-1,0,0.10112021863460541,,0.0,0,0.0,0,0.0,0,0.15140269696712494,0.9029755592346191,111.1983871459961
61,139,11.0,pre_bbox,300,0.648195743560791,210,289,0.3766273856163025,0.11273502558469772,0.12459363043308258,0.648195743560791,1,0.648195743560791,1,0.648195743560791,1,-0.03829481452703476,0.5029200911521912,1.0748556852340698
61,139,11.0,decoder_1,300,0.6349920034408569,210,289,0.4264996647834778,0.11600816249847412,0.12818558514118195,0.6349920034408569,1,0.6349920034408569,1,0.6349920034408569,1,-0.06421046704053879,0.5062055587768555,1.4270826578140259
61,139,11.0,decoder_2,300,0.7488551735877991,124,220,0.5258054733276367,0.26518356800079346,0.3880404829978943,0.7488551735877991,11,0.7488551735877991,11,0.7488551735877991,11,-0.13288557529449463,0.18212087452411652,0.5969358682632446
61,139,11.0,decoder_3,300,0.69207364320755,73,220,0.5467091202735901,0.062188245356082916,0.44627395272254944,0.69207364320755,14,0.69207364320755,14,0.69207364320755,14,-0.0037513291463255882,0.04284527897834778,1.9770991802215576
61,139,11.0,final_nms07,251,0.6097044348716736,2,0,0.5467091202735901,0.143755704164505,0.44627395272254944,0.6097044348716736,4,0.6097044348716736,4,0.6097044348716736,4,-0.13895975053310394,0.4787539839744568,0.9412632584571838
62,140,11.999999999999998,encoder_all_counterfactual,8400,0.6641502380371094,3486,5883,0.22576497495174408,0.05199829488992691,0.07818062603473663,0.6641502380371094,5,0.6641502380371094,5,0.6641502380371094,1,0.33158203959465027,0.054853618144989014,1.4288949966430664
62,140,11.999999999999998,topk,300,0.35376185178756714,264,67,0.22576497495174408,0.06750988215208054,0.07818062603473663,0.35376185178756714,0,0.35376185178756714,0,0.35376185178756714,0,0.22698433697223663,0.4243483245372772,6.686720371246338
62,140,11.999999999999998,pre_bbox,300,0.6825584173202515,179,264,0.6545952558517456,0.14252161979675293,0.590229868888855,0.6825584173202515,14,0.6825584173202515,14,0.6825584173202515,14,-0.14761054515838623,0.014578106813132763,1.8533482551574707
62,140,11.999999999999998,decoder_1,300,0.6554966568946838,264,264,0.6554966568946838,0.5992356538772583,0.5992356538772583,0.6554966568946838,14,0.6554966568946838,14,0.6554966568946838,14,-0.0984172597527504,-0.024381445720791817,2.163473606109619
62,140,11.999999999999998,decoder_2,300,0.8263208270072937,56,264,0.7134526371955872,0.08705520629882812,0.7613685727119446,0.8263208270072937,28,0.8263208270072937,27,0.8263208270072937,23,0.11690619587898254,0.06317923963069916,0.9722109436988831
62,140,11.999999999999998,decoder_3,300,0.8554880023002625,145,264,0.7031922340393066,0.044749826192855835,0.7654991745948792,0.8554880023002625,29,0.8554880023002625,29,0.7739183306694031,21,0.11709216237068176,-0.03238054737448692,0.48465657234191895
62,140,11.999999999999998,final_nms07,232,0.7031922340393066,0,0,0.7031922340393066,0.7654991745948792,0.7654991745948792,0.7031922340393066,2,0.7031922340393066,2,0.7031922340393066,2,-0.09369943290948868,0.0018461064901202917,1.8327925205230713
63,141,9.0,encoder_all_counterfactual,8400,0.5610583424568176,3085,5882,0.1094888299703598,0.05185619369149208,0.07602798193693161,0.5610583424568176,1,0.5610583424568176,1,0.5610583424568176,1,0.5774474143981934,0.1298927217721939,2.1467511653900146
63,141,9.0,topk,300,0.1094888299703598,65,65,0.1094888299703598,0.07602798193693161,0.07602798193693161,0.1094888299703598,0,0.1094888299703598,0,0.1094888299703598,0,0.9018211364746094,1.1264280080795288,13.69133472442627
63,141,9.0,pre_bbox,300,0.6369865536689758,147,65,0.47103646397590637,0.1483451873064041,0.3807638883590698,0.6369865536689758,10,0.6369865536689758,10,0.6369865536689758,10,0.27554646134376526,0.02944445051252842,1.4003076553344727
63,141,9.0,decoder_1,300,0.6353070139884949,147,65,0.4728880524635315,0.15125934779644012,0.3911013603210449,0.6353070139884949,10,0.6353070139884949,10,0.6353070139884949,10,0.11008834838867188,-0.026801107451319695,1.8862038850784302
63,141,9.0,decoder_2,300,0.7228361964225769,196,65,0.7142331600189209,0.05350302904844284,0.5985757112503052,0.7228361964225769,20,0.7228361964225769,20,0.7228361964225769,18,0.189239501953125,0.10572519153356552,1.2703442573547363
63,141,9.0,decoder_3,300,0.7193385362625122,196,65,0.6984157562255859,0.036814939230680466,0.5959612727165222,0.7193385362625122,27,0.7193385362625122,27,0.6984157562255859,12,0.14290237426757812,0.09440818428993225,1.4217382669448853
63,141,9.0,final_nms07,239,0.6984157562255859,0,0,0.6984157562255859,0.5959612727165222,0.5959612727165222,0.6984157562255859,3,0.6984157562255859,3,0.6984157562255859,3,0.13361358642578125,0.01110392902046442,1.5976208448410034
64,142,9.999999999999998,encoder_all_counterfactual,8400,0.4869794249534607,3804,3087,0.17379318177700043,0.03646969795227051,0.05609085410833359,0.4869794249534607,0,0.4869794249534607,0,0.17379318177700043,0,0.1599637120962143,0.6637951135635376,1.9116181135177612
64,142,9.999999999999998,topk,300,0.0,0,-1,0,0.08678551018238068,,0.0,0,0.0,0,0.0,0,0.3912070393562317,1.4352209568023682,48.396697998046875
64,142,9.999999999999998,pre_bbox,300,0.5030926465988159,117,60,0.502356767654419,0.11724743992090225,0.13578413426876068,0.5030926465988159,3,0.5030926465988159,3,0.5030926465988159,3,-0.08782830089330673,0.8238202333450317,2.073153018951416
64,142,9.999999999999998,decoder_1,300,0.513815701007843,60,60,0.513815701007843,0.13675662875175476,0.13675662875175476,0.513815701007843,2,0.513815701007843,2,0.513815701007843,2,-0.049540020525455475,0.8941022753715515,3.1162972450256348
64,142,9.999999999999998,decoder_2,300,0.7853535413742065,76,117,0.6315088868141174,0.08483382314443588,0.444098562002182,0.7853535413742065,21,0.7853535413742065,21,0.7853535413742065,21,-0.05759754031896591,0.023566834628582,1.2535409927368164
64,142,9.999999999999998,decoder_3,300,0.7473181486129761,289,60,0.6417628526687622,0.12377270311117172,0.5023542642593384,0.7473181486129761,23,0.7473181486129761,23,0.7473181486129761,23,-0.14363686740398407,0.17039017379283905,1.2245748043060303
64,142,9.999999999999998,final_nms07,244,0.6417628526687622,0,0,0.6417628526687622,0.5023542642593384,0.5023542642593384,0.6417628526687622,3,0.6417628526687622,3,0.6417628526687622,3,-0.18244817852973938,0.1289299726486206,2.109135389328003
65,143,9.0,encoder_all_counterfactual,8400,0.5107011795043945,2626,5982,0.1144770160317421,0.01979915425181389,0.07698279619216919,0.5107011795043945,1,0.5107011795043945,1,0.1144770160317421,0,0.2861206531524658,0.04845030605792999,3.0305941104888916
65,143,9.0,topk,300,0.1144770160317421,75,75,0.1144770160317421,0.07698279619216919,0.07698279619216919,0.1144770160317421,0,0.1144770160317421,0,0.1144770160317421,0,1.2282195091247559,1.534665822982788,11.378138542175293
65,143,9.0,pre_bbox,300,0.5532768964767456,98,75,0.4958887994289398,0.2714689373970032,0.28436437249183655,0.5532768964767456,1,0.5532768964767456,1,0.5532768964767456,1,0.2374417632818222,0.4171610474586487,2.4709880352020264
65,143,9.0,decoder_1,300,0.5413719415664673,98,75,0.4872260093688965,0.2760303020477295,0.28933945298194885,0.5413719415664673,1,0.5413719415664673,1,0.5413719415664673,1,0.22653087973594666,0.39117589592933655,2.6083900928497314
65,143,9.0,decoder_2,300,0.6570616960525513,98,75,0.652452826499939,0.5045902729034424,0.7142017483711243,0.6570616960525513,9,0.6570616960525513,9,0.6570616960525513,9,0.17126965522766113,0.2993818521499634,1.5394642353057861
65,143,9.0,decoder_3,300,0.6462797522544861,98,75,0.6451815366744995,0.19916734099388123,0.7754179835319519,0.6462797522544861,11,0.6462797522544861,11,0.6462797522544861,8,0.1840687245130539,0.3067797124385834,1.4605557918548584
65,143,9.0,final_nms07,261,0.6451815366744995,0,0,0.6451815366744995,0.7754179835319519,0.7754179835319519,0.6451815366744995,2,0.6451815366744995,2,0.6451815366744995,2,0.18421979248523712,0.30883723497390747,1.4731770753860474
66,144,9.999999999999998,encoder_all_counterfactual,8400,0.49147436022758484,2546,5906,0.1594381183385849,0.016938703134655952,0.06480232626199722,0.49147436022758484,0,0.49147436022758484,0,0.27766168117523193,0,-0.2562645375728607,0.06320516765117645,2.9672646522521973
66,144,9.999999999999998,topk,300,0.0,0,-1,0,0.09189265966415405,,0.0,0,0.0,0,0.0,0,0.4050694704055786,1.182718276977539,214.36483764648438
66,144,9.999999999999998,pre_bbox,300,0.3566327393054962,144,162,0.20780490338802338,0.11045096069574356,0.1348031908273697,0.3566327393054962,0,0.3566327393054962,0,0.3566327393054962,0,0.03755244240164757,0.618415117263794,5.657407760620117
66,144,9.999999999999998,decoder_1,300,0.3545215129852295,73,162,0.19874973595142365,0.12018981575965881,0.13907815515995026,0.3545215129852295,0,0.3545215129852295,0,0.3545215129852295,0,0.1601298302412033,0.8734512329101562,5.264711380004883
66,144,9.999999999999998,decoder_2,300,0.7537875771522522,45,73,0.6961334943771362,0.3062193691730499,0.40775206685066223,0.7537875771522522,11,0.7537875771522522,11,0.7537875771522522,11,0.027316737920045853,0.25427940487861633,0.8861034512519836
66,144,9.999999999999998,decoder_3,300,0.8163532614707947,45,100,0.8066107630729675,0.13688050210475922,0.43853774666786194,0.8163532614707947,15,0.8163532614707947,15,0.8163532614707947,15,0.012477273121476173,0.20986978709697723,0.3374357521533966
66,144,9.999999999999998,final_nms07,250,0.8066107630729675,0,0,0.8066107630729675,0.43853774666786194,0.43853774666786194,0.8066107630729675,2,0.8066107630729675,2,0.8066107630729675,2,0.034230731427669525,0.1987248659133911,0.2809505760669708
