Not init distributed mode.
cfg: 
{'_collate_fn': None,
 '_criterion': None,
 '_ema': None,
 '_evaluator': None,
 '_lr_scheduler': None,
 '_lr_warmup_scheduler': None,
 '_model': None,
 '_optimizer': None,
 '_postprocessor': None,
 '_scaler': None,
 '_train_batch_size': None,
 '_train_dataloader': None,
 '_train_dataset': None,
 '_train_shuffle': None,
 '_val_batch_size': None,
 '_val_dataloader': None,
 '_val_dataset': None,
 '_val_shuffle': None,
 '_writer': None,
 'batch_size': None,
 'checkpoint_freq': 30,
 'clip_max_norm': 0.1,
 'device': 'cuda:0',
 'ema_decay': 0.9999,
 'ema_warmups': 2000,
 'epochs': 30,
 'find_unused_parameters': False,
 'last_epoch': -1,
 'num_workers': 0,
 'output_dir': '/home/viplab/contest/experiments/kamp_v2_baselines/runs/dfine_s_p2_seed20261001',
 'print_freq': 10,
 'resume': None,
 'seed': 20261001,
 'summary_dir': None,
 'sync_bn': False,
 'task': 'detection',
 'tuning': '/home/viplab/contest/experiments/kamp_pilot_v1/dfine_s_p2_init.pth',
 'use_amp': False,
 'use_ema': True,
 'yaml_cfg': {'DFINE': {'backbone': 'HGNetv2',
                        'decoder': 'DFINETransformer',
                        'encoder': 'HybridEncoder'},
              'DFINECriterion': {'alpha': 0.75,
                                 'gamma': 2.0,
                                 'losses': ['vfl', 'boxes', 'local'],
                                 'matcher': {'alpha': 0.25,
                                             'gamma': 2.0,
                                             'type': 'HungarianMatcher',
                                             'weight_dict': {'cost_bbox': 5,
                                                             'cost_class': 2,
                                                             'cost_giou': 2}},
                                 'reg_max': 32,
                                 'weight_dict': {'loss_bbox': 5,
                                                 'loss_ddf': 1.5,
                                                 'loss_fgl': 0.15,
                                                 'loss_giou': 2,
                                                 'loss_vfl': 1}},
              'DFINEPostProcessor': {'num_top_queries': 300},
              'DFINETransformer': {'box_noise_scale': 1.0,
                                   'cross_attn_method': 'default',
                                   'eval_idx': -1,
                                   'feat_channels': [256, 256, 256, 256],
                                   'feat_strides': [8, 16, 32, 4],
                                   'hidden_dim': 256,
                                   'label_noise_ratio': 0.5,
                                   'layer_scale': 1,
                                   'num_denoising': 100,
                                   'num_layers': 3,
                                   'num_levels': 4,
                                   'num_points': [3, 6, 3, 3],
                                   'num_queries': 300,
                                   'query_select_method': 'default',
                                   'reg_max': 32,
                                   'reg_scale': 4},
              'HGNetv2': {'freeze_at': -1,
                          'freeze_norm': False,
                          'local_model_dir': 'weight/hgnetv2/',
                          'name': 'B0',
                          'pretrained': False,
                          'return_idx': [0, 1, 2, 3],
                          'use_lab': True},
              'HybridEncoder': {'act': 'silu',
                                'depth_mult': 0.34,
                                'dim_feedforward': 1024,
                                'dropout': 0.0,
                                'enc_act': 'gelu',
                                'expansion': 0.5,
                                'feat_strides': [8, 16, 32],
                                'hidden_dim': 256,
                                'in_channels': [256, 512, 1024],
                                'nhead': 8,
                                'num_encoder_layers': 1,
                                'use_encoder_idx': [2]},
              '__include__': ['/home/viplab/contest/models/D-FINE/configs/dfine/dfine_hgnetv2_s_coco.yml'],
              'checkpoint_freq': 30,
              'clip_max_norm': 0.1,
              'config': '/home/viplab/contest/experiments/kamp_v2_baselines/configs/dfine_s_p2_seed20261001.yml',
              'criterion': 'DFINECriterion',
              'device': 'cuda:0',
              'ema': {'decay': 0.9999,
                      'start': 0,
                      'type': 'ModelEMA',
                      'warmups': 100},
              'epochs': 30,
              'eval_spatial_size': [640, 640],
              'evaluator': {'iou_types': ['bbox'], 'type': 'CocoEvaluator'},
              'exp_name': 'baseline',
              'find_unused_parameters': False,
              'lr_scheduler': {'gamma': 0.1,
                               'milestones': [24],
                               'type': 'MultiStepLR'},
              'lr_warmup_scheduler': {'type': 'LinearWarmup',
                                      'warmup_duration': 45},
              'model': 'DFINE',
              'num_classes': 1,
              'optimizer': {'betas': [0.9, 0.999],
                            'lr': 0.0002,
                            'params': [{'lr': 0.0001,
                                        'params': '^(?=.*backbone)(?!.*norm|bn).*$'},
                                       {'lr': 0.0001,
                                        'params': '^(?=.*backbone)(?=.*norm|bn).*$',
                                        'weight_decay': 0.0},
                                       {'params': '^(?=.*(?:encoder|decoder))(?=.*(?:norm|bn|bias)).*$',
                                        'weight_decay': 0.0}],
                            'type': 'AdamW',
                            'weight_decay': 0.0001},
              'output_dir': '/home/viplab/contest/experiments/kamp_v2_baselines/runs/dfine_s_p2_seed20261001',
              'postprocessor': 'DFINEPostProcessor',
              'print_freq': 10,
              'print_method': 'builtin',
              'print_rank': 0,
              'project_name': 'D-FINE',
              'remap_mscoco_category': False,
              'scaler': {'enabled': True, 'type': 'GradScaler'},
              'seed': 20261001,
              'sync_bn': False,
              'task': 'detection',
              'test_only': False,
              'train_dataloader': {'collate_fn': {'base_size': 640,
                                                  'base_size_repeat': None,
                                                  'ema_restart_decay': 0.9999,
                                                  'stop_epoch': 1000,
                                                  'type': 'BatchImageCollateFunction'},
                                   'dataset': {'ann_file': '/home/viplab/contest/experiments/kamp_v2_baselines/data640/annotations/train.json',
                                               'img_folder': '/home/viplab/contest/experiments/kamp_v2_baselines/data640/images/train',
                                               'return_masks': False,
                                               'transforms': {'ops': [{'dtype': 'float32',
                                                                       'scale': True,
                                                                       'type': 'ConvertPILImage'},
                                                                      {'fmt': 'cxcywh',
                                                                       'normalize': True,
                                                                       'type': 'ConvertBoxes'}],
                                                              'policy': {'epoch': 1000,
                                                                         'name': 'stop_epoch',
                                                                         'ops': ['RandomPhotometricDistort',
                                                                                 'RandomZoomOut',
                                                                                 'RandomIoUCrop']},
                                                              'type': 'Compose'},
                                               'type': 'CocoDetection'},
                                   'drop_last': False,
                                   'num_workers': 2,
                                   'shuffle': True,
                                   'total_batch_size': 8,
                                   'type': 'DataLoader'},
              'tuning': '/home/viplab/contest/experiments/kamp_pilot_v1/dfine_s_p2_init.pth',
              'use_amp': False,
              'use_ema': True,
              'use_focal_loss': True,
              'use_wandb': False,
              'val_dataloader': {'collate_fn': {'type': 'BatchImageCollateFunction'},
                                 'dataset': {'ann_file': '/home/viplab/contest/experiments/kamp_v2_baselines/data640/annotations/val.json',
                                             'img_folder': '/home/viplab/contest/experiments/kamp_v2_baselines/data640/images/val',
                                             'return_masks': False,
                                             'transforms': {'ops': [{'dtype': 'float32',
                                                                     'scale': True,
                                                                     'type': 'ConvertPILImage'}],
                                                            'type': 'Compose'},
                                             'type': 'CocoDetection'},
                                 'drop_last': False,
                                 'num_workers': 2,
                                 'shuffle': False,
                                 'total_batch_size': 8,
                                 'type': 'DataLoader'}}}
Tuning checkpoint from /home/viplab/contest/experiments/kamp_pilot_v1/dfine_s_p2_init.pth
/home/viplab/contest/models/D-FINE/src/solver/_solver.py:254: UserWarning: Environment variable TORCH_FORCE_NO_WEIGHTS_ONLY_LOAD detected, since the`weights_only` argument was not explicitly passed to `torch.load`, forcing weights_only=False.
  state = torch.load(path, map_location="cpu")
Load model.state_dict, {'missed': [], 'unmatched': []}
Initial lr: [0.0001, 0.0001, 0.0002, 0.0002]
building train_dataloader with batch_size=8...
building val_dataloader with batch_size=8...

------------------------------------- Calculate Flops Results -------------------------------------
Notations:
number of parameters (Params), number of multiply-accumulate operations(MACs),
number of floating-point operations (FLOPs), floating-point operations per second (FLOPS),
fwd FLOPs (model forward propagation FLOPs), bwd FLOPs (model backward propagation FLOPs),
default model backpropagation takes 2.00 times as much computation as forward propagation.

Total Training Params:                                                  10.97 M 
fwd MACs:                                                               32.9316 GMACs
fwd FLOPs:                                                              66.0617 GFLOPS
fwd+bwd MACs:                                                           98.7947 GMACs
fwd+bwd FLOPs:                                                          198.185 GFLOPS
---------------------------------------------------------------------------------------------------
{'Model FLOPs:66.0617 GFLOPS   MACs:32.9316 GMACs   Params:10970989'}
------------------------------------------Start training-------------------------------------------
/home/viplab/contest/models/D-FINE/src/solver/det_engine.py:125: UserWarning: Converting a tensor with requires_grad=True to a scalar may lead to unexpected behavior.
Consider using tensor.detach() first. (Triggered internally at /pytorch/torch/csrc/autograd/generated/python_variable_methods.cpp:836.)
  if not math.isfinite(loss_value):
Epoch: [0/30]  [ 0/44]  eta: 0:00:52  lr: 0.000004  loss: 34.7154 (34.7154)  loss_vfl: 0.1739 (0.1739)  loss_bbox: 1.6286 (1.6286)  loss_giou: 2.7846 (2.7846)  loss_fgl: 0.1200 (0.1200)  loss_vfl_aux_0: 0.1928 (0.1928)  loss_bbox_aux_0: 1.7354 (1.7354)  loss_giou_aux_0: 2.7062 (2.7062)  loss_fgl_aux_0: 0.1207 (0.1207)  loss_ddf_aux_0: 0.0186 (0.0186)  loss_vfl_aux_1: 0.1807 (0.1807)  loss_bbox_aux_1: 1.5829 (1.5829)  loss_giou_aux_1: 2.8502 (2.8502)  loss_fgl_aux_1: 0.1108 (0.1108)  loss_ddf_aux_1: 0.0016 (0.0016)  loss_vfl_pre: 0.1787 (0.1787)  loss_bbox_pre: 1.6463 (1.6463)  loss_giou_pre: 2.7457 (2.7457)  loss_vfl_enc_0: 0.0502 (0.0502)  loss_bbox_enc_0: 1.2445 (1.2445)  loss_giou_enc_0: 3.2952 (3.2952)  loss_vfl_dn_0: 0.2817 (0.2817)  loss_bbox_dn_0: 0.3910 (0.3910)  loss_giou_dn_0: 1.6958 (1.6958)  loss_fgl_dn_0: 0.5828 (0.5828)  loss_ddf_dn_0: 0.1151 (0.1151)  loss_vfl_dn_1: 0.5835 (0.5835)  loss_bbox_dn_1: 0.2209 (0.2209)  loss_giou_dn_1: 1.4446 (1.4446)  loss_fgl_dn_1: 0.7225 (0.7225)  loss_ddf_dn_1: 0.0080 (0.0080)  loss_vfl_dn_2: 0.6287 (0.6287)  loss_bbox_dn_2: 0.2041 (0.2041)  loss_giou_dn_2: 1.3624 (1.3624)  loss_fgl_dn_2: 0.7459 (0.7459)  loss_ddf_dn_2: -0.0000 (0.0000)  loss_vfl_dn_pre: 0.2857 (0.2857)  loss_bbox_dn_pre: 0.3861 (0.3861)  loss_giou_dn_pre: 1.6893 (1.6893)  time: 1.2009  data: 0.2370  max mem: 8555
Epoch: [0/30]  [10/44]  eta: 0:00:13  lr: 0.000027  loss: 32.6271 (33.1131)  loss_vfl: 0.1352 (0.1286)  loss_bbox: 1.1995 (1.1957)  loss_giou: 2.7846 (2.8371)  loss_fgl: 0.0867 (0.1163)  loss_vfl_aux_0: 0.0940 (0.1100)  loss_bbox_aux_0: 1.3937 (1.3195)  loss_giou_aux_0: 2.7062 (2.7563)  loss_fgl_aux_0: 0.0876 (0.1116)  loss_ddf_aux_0: 0.0221 (0.0230)  loss_vfl_aux_1: 0.1348 (0.1293)  loss_bbox_aux_1: 1.1969 (1.1841)  loss_giou_aux_1: 2.8502 (2.8653)  loss_fgl_aux_1: 0.0846 (0.1128)  loss_ddf_aux_1: 0.0018 (0.0019)  loss_vfl_pre: 0.0985 (0.1102)  loss_bbox_pre: 1.3448 (1.2855)  loss_giou_pre: 2.7457 (2.7730)  loss_vfl_enc_0: 0.0213 (0.0413)  loss_bbox_enc_0: 1.0044 (1.0527)  loss_giou_enc_0: 3.2383 (3.1922)  loss_vfl_dn_0: 0.4359 (0.4521)  loss_bbox_dn_0: 0.3378 (0.3391)  loss_giou_dn_0: 1.5166 (1.5176)  loss_fgl_dn_0: 0.6860 (0.6802)  loss_ddf_dn_0: 0.1798 (0.1859)  loss_vfl_dn_1: 0.9604 (0.9398)  loss_bbox_dn_1: 0.1574 (0.1612)  loss_giou_dn_1: 1.2313 (1.2367)  loss_fgl_dn_1: 0.8200 (0.8183)  loss_ddf_dn_1: 0.0096 (0.0099)  loss_vfl_dn_2: 0.9924 (0.9680)  loss_bbox_dn_2: 0.1361 (0.1493)  loss_giou_dn_2: 1.1556 (1.1704)  loss_fgl_dn_2: 0.8435 (0.8359)  loss_ddf_dn_2: -0.0000 (0.0000)  loss_vfl_dn_pre: 0.4318 (0.4477)  loss_bbox_dn_pre: 0.3345 (0.3384)  loss_giou_dn_pre: 1.5175 (1.5163)  time: 0.3827  data: 0.0331  max mem: 8695
Epoch: [0/30]  [20/44]  eta: 0:00:08  lr: 0.000049  loss: 32.0033 (32.6553)  loss_vfl: 0.1275 (0.1458)  loss_bbox: 1.0128 (1.0952)  loss_giou: 2.6558 (2.7207)  loss_fgl: 0.1371 (0.1399)  loss_vfl_aux_0: 0.0972 (0.1245)  loss_bbox_aux_0: 1.2690 (1.2199)  loss_giou_aux_0: 2.5246 (2.6730)  loss_fgl_aux_0: 0.1188 (0.1266)  loss_ddf_aux_0: 0.0235 (0.0234)  loss_vfl_aux_1: 0.1348 (0.1451)  loss_bbox_aux_1: 1.0220 (1.0853)  loss_giou_aux_1: 2.6957 (2.7495)  loss_fgl_aux_1: 0.1227 (0.1351)  loss_ddf_aux_1: 0.0021 (0.0021)  loss_vfl_pre: 0.0985 (0.1232)  loss_bbox_pre: 1.2776 (1.2065)  loss_giou_pre: 2.5616 (2.6850)  loss_vfl_enc_0: 0.0307 (0.0444)  loss_bbox_enc_0: 0.9940 (1.0619)  loss_giou_enc_0: 3.0564 (3.0591)  loss_vfl_dn_0: 0.6111 (0.7265)  loss_bbox_dn_0: 0.2134 (0.2473)  loss_giou_dn_0: 1.3369 (1.3537)  loss_fgl_dn_0: 0.7639 (0.7977)  loss_ddf_dn_0: 0.1736 (0.1802)  loss_vfl_dn_1: 1.1237 (1.0975)  loss_bbox_dn_1: 0.1130 (0.1297)  loss_giou_dn_1: 1.1119 (1.1454)  loss_fgl_dn_1: 0.8825 (0.8791)  loss_ddf_dn_1: 0.0083 (0.0089)  loss_vfl_dn_2: 1.1423 (1.0954)  loss_bbox_dn_2: 0.0991 (0.1214)  loss_giou_dn_2: 1.0632 (1.0906)  loss_fgl_dn_2: 0.8931 (0.8967)  loss_ddf_dn_2: -0.0000 (0.0000)  loss_vfl_dn_pre: 0.6006 (0.7139)  loss_bbox_dn_pre: 0.2194 (0.2491)  loss_giou_dn_pre: 1.3435 (1.3558)  time: 0.3006  data: 0.0124  max mem: 8695
Epoch: [0/30]  [30/44]  eta: 0:00:04  lr: 0.000071  loss: 30.0120 (31.6112)  loss_vfl: 0.2052 (0.2420)  loss_bbox: 0.5836 (0.8797)  loss_giou: 2.3324 (2.5120)  loss_fgl: 0.2001 (0.2185)  loss_vfl_aux_0: 0.1883 (0.1835)  loss_bbox_aux_0: 0.5964 (0.9831)  loss_giou_aux_0: 2.3007 (2.5429)  loss_fgl_aux_0: 0.1845 (0.1801)  loss_ddf_aux_0: 0.0254 (0.0282)  loss_vfl_aux_1: 0.1991 (0.2354)  loss_bbox_aux_1: 0.5790 (0.8756)  loss_giou_aux_1: 2.3482 (2.5537)  loss_fgl_aux_1: 0.1768 (0.2086)  loss_ddf_aux_1: 0.0029 (0.0032)  loss_vfl_pre: 0.1793 (0.1794)  loss_bbox_pre: 0.6190 (0.9735)  loss_giou_pre: 2.3012 (2.5500)  loss_vfl_enc_0: 0.0463 (0.0594)  loss_bbox_enc_0: 0.7069 (0.9097)  loss_giou_enc_0: 2.5898 (2.9224)  loss_vfl_dn_0: 1.1611 (0.8932)  loss_bbox_dn_0: 0.1061 (0.1984)  loss_giou_dn_0: 1.1087 (1.2606)  loss_fgl_dn_0: 0.9829 (0.8690)  loss_ddf_dn_0: 0.1539 (0.1727)  loss_vfl_dn_1: 1.4065 (1.2423)  loss_bbox_dn_1: 0.0843 (0.1129)  loss_giou_dn_1: 0.9606 (1.0576)  loss_fgl_dn_1: 1.0212 (0.9454)  loss_ddf_dn_1: 0.0078 (0.0087)  loss_vfl_dn_2: 1.2800 (1.1836)  loss_bbox_dn_2: 0.0821 (0.1067)  loss_giou_dn_2: 0.9329 (1.0145)  loss_fgl_dn_2: 1.0333 (0.9590)  loss_ddf_dn_2: -0.0000 (0.0000)  loss_vfl_dn_pre: 1.1576 (0.8850)  loss_bbox_dn_pre: 0.1077 (0.1997)  loss_giou_dn_pre: 1.1019 (1.2609)  time: 0.3003  data: 0.0121  max mem: 8695
Epoch: [0/30]  [40/44]  eta: 0:00:01  lr: 0.000093  loss: 28.5448 (30.7741)  loss_vfl: 0.4884 (0.3040)  loss_bbox: 0.3630 (0.7402)  loss_giou: 1.7377 (2.2914)  loss_fgl: 0.5183 (0.3073)  loss_vfl_aux_0: 0.3560 (0.2320)  loss_bbox_aux_0: 0.4188 (0.8424)  loss_giou_aux_0: 2.0130 (2.3926)  loss_fgl_aux_0: 0.3964 (0.2385)  loss_ddf_aux_0: 0.0586 (0.0462)  loss_vfl_aux_1: 0.4988 (0.3179)  loss_bbox_aux_1: 0.3612 (0.7396)  loss_giou_aux_1: 1.8123 (2.3454)  loss_fgl_aux_1: 0.4839 (0.2924)  loss_ddf_aux_1: 0.0081 (0.0059)  loss_vfl_pre: 0.3436 (0.2278)  loss_bbox_pre: 0.4219 (0.8364)  loss_giou_pre: 2.0101 (2.3990)  loss_vfl_enc_0: 0.0879 (0.0637)  loss_bbox_enc_0: 0.6006 (0.8304)  loss_giou_enc_0: 2.5269 (2.8138)  loss_vfl_dn_0: 1.3073 (1.0147)  loss_bbox_dn_0: 0.0828 (0.1692)  loss_giou_dn_0: 1.0069 (1.1807)  loss_fgl_dn_0: 1.0545 (0.9263)  loss_ddf_dn_0: 0.1882 (0.2043)  loss_vfl_dn_1: 1.5018 (1.3103)  loss_bbox_dn_1: 0.0666 (0.1008)  loss_giou_dn_1: 0.7963 (0.9821)  loss_fgl_dn_1: 1.1111 (1.0012)  loss_ddf_dn_1: 0.0094 (0.0094)  loss_vfl_dn_2: 1.2817 (1.1956)  loss_bbox_dn_2: 0.0643 (0.0957)  loss_giou_dn_2: 0.7832 (0.9460)  loss_fgl_dn_2: 1.1161 (1.0122)  loss_ddf_dn_2: -0.0000 (0.0000)  loss_vfl_dn_pre: 1.3022 (1.0078)  loss_bbox_dn_pre: 0.0830 (0.1701)  loss_giou_dn_pre: 1.0029 (1.1808)  time: 0.3005  data: 0.0121  max mem: 8696
Epoch: [0/30]  [43/44]  eta: 0:00:00  lr: 0.000100  loss: 28.5069 (30.5741)  loss_vfl: 0.5039 (0.3198)  loss_bbox: 0.3222 (0.7077)  loss_giou: 1.6821 (2.2374)  loss_fgl: 0.5297 (0.3265)  loss_vfl_aux_0: 0.3596 (0.2445)  loss_bbox_aux_0: 0.4091 (0.8157)  loss_giou_aux_0: 1.9612 (2.3548)  loss_fgl_aux_0: 0.4066 (0.2508)  loss_ddf_aux_0: 0.0780 (0.0564)  loss_vfl_aux_1: 0.5424 (0.3398)  loss_bbox_aux_1: 0.3358 (0.7087)  loss_giou_aux_1: 1.7565 (2.2920)  loss_fgl_aux_1: 0.5162 (0.3111)  loss_ddf_aux_1: 0.0109 (0.0071)  loss_vfl_pre: 0.3554 (0.2392)  loss_bbox_pre: 0.4083 (0.8107)  loss_giou_pre: 1.9433 (2.3605)  loss_vfl_enc_0: 0.0879 (0.0641)  loss_bbox_enc_0: 0.5452 (0.8185)  loss_giou_enc_0: 2.4657 (2.7838)  loss_vfl_dn_0: 1.3498 (1.0460)  loss_bbox_dn_0: 0.0810 (0.1624)  loss_giou_dn_0: 0.9424 (1.1568)  loss_fgl_dn_0: 1.0862 (0.9427)  loss_ddf_dn_0: 0.2451 (0.2301)  loss_vfl_dn_1: 1.4823 (1.3131)  loss_bbox_dn_1: 0.0646 (0.0977)  loss_giou_dn_1: 0.7654 (0.9613)  loss_fgl_dn_1: 1.1610 (1.0151)  loss_ddf_dn_1: 0.0096 (0.0101)  loss_vfl_dn_2: 1.2526 (1.1835)  loss_bbox_dn_2: 0.0624 (0.0929)  loss_giou_dn_2: 0.7633 (0.9278)  loss_fgl_dn_2: 1.1649 (1.0258)  loss_ddf_dn_2: -0.0000 (0.0000)  loss_vfl_dn_pre: 1.3476 (1.0394)  loss_bbox_dn_pre: 0.0807 (0.1633)  loss_giou_dn_pre: 0.9446 (1.1569)  time: 0.3030  data: 0.0120  max mem: 8696
Epoch: [0/30] Total time: 0:00:14 (0.3230 s / it)
Averaged stats: lr: 0.000100  loss: 28.5069 (30.5741)  loss_vfl: 0.5039 (0.3198)  loss_bbox: 0.3222 (0.7077)  loss_giou: 1.6821 (2.2374)  loss_fgl: 0.5297 (0.3265)  loss_vfl_aux_0: 0.3596 (0.2445)  loss_bbox_aux_0: 0.4091 (0.8157)  loss_giou_aux_0: 1.9612 (2.3548)  loss_fgl_aux_0: 0.4066 (0.2508)  loss_ddf_aux_0: 0.0780 (0.0564)  loss_vfl_aux_1: 0.5424 (0.3398)  loss_bbox_aux_1: 0.3358 (0.7087)  loss_giou_aux_1: 1.7565 (2.2920)  loss_fgl_aux_1: 0.5162 (0.3111)  loss_ddf_aux_1: 0.0109 (0.0071)  loss_vfl_pre: 0.3554 (0.2392)  loss_bbox_pre: 0.4083 (0.8107)  loss_giou_pre: 1.9433 (2.3605)  loss_vfl_enc_0: 0.0879 (0.0641)  loss_bbox_enc_0: 0.5452 (0.8185)  loss_giou_enc_0: 2.4657 (2.7838)  loss_vfl_dn_0: 1.3498 (1.0460)  loss_bbox_dn_0: 0.0810 (0.1624)  loss_giou_dn_0: 0.9424 (1.1568)  loss_fgl_dn_0: 1.0862 (0.9427)  loss_ddf_dn_0: 0.2451 (0.2301)  loss_vfl_dn_1: 1.4823 (1.3131)  loss_bbox_dn_1: 0.0646 (0.0977)  loss_giou_dn_1: 0.7654 (0.9613)  loss_fgl_dn_1: 1.1610 (1.0151)  loss_ddf_dn_1: 0.0096 (0.0101)  loss_vfl_dn_2: 1.2526 (1.1835)  loss_bbox_dn_2: 0.0624 (0.0929)  loss_giou_dn_2: 0.7633 (0.9278)  loss_fgl_dn_2: 1.1649 (1.0258)  loss_ddf_dn_2: -0.0000 (0.0000)  loss_vfl_dn_pre: 1.3476 (1.0394)  loss_bbox_dn_pre: 0.0807 (0.1633)  loss_giou_dn_pre: 0.9446 (1.1569)
Test:  [0/9]  eta: 0:00:04    time: 0.5275  data: 0.2456  max mem: 8696
Test:  [8/9]  eta: 0:00:00    time: 0.1378  data: 0.0369  max mem: 8696
Test: Total time: 0:00:01 (0.1417 s / it)
Metrics: {'f1': 0, 'precision': 0, 'recall': 0.0, 'iou': 0.0, 'TPs': 0, 'FPs': 0, 'FNs': 144}
Averaged stats: 
Accumulating evaluation results...
COCOeval_opt.accumulate() finished...
DONE (t=0.01s).
IoU metric: bbox
 Average Precision  (AP) @[ IoU=0.50:0.95 | area=   all | maxDets=100 ] = 0.017
 Average Precision  (AP) @[ IoU=0.50      | area=   all | maxDets=100 ] = 0.068
 Average Precision  (AP) @[ IoU=0.75      | area=   all | maxDets=100 ] = 0.002
 Average Precision  (AP) @[ IoU=0.50:0.95 | area= small | maxDets=100 ] = 0.031
 Average Precision  (AP) @[ IoU=0.50:0.95 | area=medium | maxDets=100 ] = -1.000
 Average Precision  (AP) @[ IoU=0.50:0.95 | area= large | maxDets=100 ] = -1.000
 Average Recall     (AR) @[ IoU=0.50:0.95 | area=   all | maxDets=  1 ] = 0.028
 Average Recall     (AR) @[ IoU=0.50:0.95 | area=   all | maxDets= 10 ] = 0.123
 Average Recall     (AR) @[ IoU=0.50:0.95 | area=   all | maxDets=100 ] = 0.171
 Average Recall     (AR) @[ IoU=0.50:0.95 | area= small | maxDets=100 ] = 0.171
 Average Recall     (AR) @[ IoU=0.50:0.95 | area=medium | maxDets=100 ] = -1.000
 Average Recall     (AR) @[ IoU=0.50:0.95 | area= large | maxDets=100 ] = -1.000
 Average Recall     (AR) @[ IoU=0.50      | area=   all | maxDets=100 ] = 0.486
 Average Recall     (AR) @[ IoU=0.75      | area=   all | maxDets=100 ] = 0.076
best_stat: {'epoch': 0, 'coco_eval_bbox': 0.016617797062701917}
Epoch: [1/30]  [ 0/44]  eta: 0:00:24  lr: 0.000100  loss: 27.3576 (27.3576)  loss_vfl: 0.5144 (0.5144)  loss_bbox: 0.2538 (0.2538)  loss_giou: 1.4790 (1.4790)  loss_fgl: 0.5621 (0.5621)  loss_vfl_aux_0: 0.2461 (0.2461)  loss_bbox_aux_0: 0.4744 (0.4744)  loss_giou_aux_0: 1.8762 (1.8762)  loss_fgl_aux_0: 0.3309 (0.3309)  loss_ddf_aux_0: 0.2895 (0.2895)  loss_vfl_aux_1: 0.6484 (0.6484)  loss_bbox_aux_1: 0.2881 (0.2881)  loss_giou_aux_1: 1.5662 (1.5662)  loss_fgl_aux_1: 0.5404 (0.5404)  loss_ddf_aux_1: 0.0438 (0.0438)  loss_vfl_pre: 0.2467 (0.2467)  loss_bbox_pre: 0.4931 (0.4931)  loss_giou_pre: 1.8989 (1.8989)  loss_vfl_enc_0: 0.0616 (0.0616)  loss_bbox_enc_0: 0.6896 (0.6896)  loss_giou_enc_0: 2.2994 (2.2994)  loss_vfl_dn_0: 1.5018 (1.5018)  loss_bbox_dn_0: 0.0734 (0.0734)  loss_giou_dn_0: 0.7806 (0.7806)  loss_fgl_dn_0: 1.1798 (1.1798)  loss_ddf_dn_0: 0.5287 (0.5287)  loss_vfl_dn_1: 1.2227 (1.2227)  loss_bbox_dn_1: 0.0606 (0.0606)  loss_giou_dn_1: 0.6729 (0.6729)  loss_fgl_dn_1: 1.2446 (1.2446)  loss_ddf_dn_1: 0.0406 (0.0406)  loss_vfl_dn_2: 0.8911 (0.8911)  loss_bbox_dn_2: 0.0621 (0.0621)  loss_giou_dn_2: 0.6914 (0.6914)  loss_fgl_dn_2: 1.2517 (1.2517)  loss_ddf_dn_2: -0.0000 (0.0000)  loss_vfl_dn_pre: 1.4970 (1.4970)  loss_bbox_dn_pre: 0.0736 (0.0736)  loss_giou_dn_pre: 0.7825 (0.7825)  time: 0.5661  data: 0.2783  max mem: 8696
Epoch: [1/30]  [10/44]  eta: 0:00:10  lr: 0.000100  loss: 27.0708 (27.1983)  loss_vfl: 0.6883 (0.6684)  loss_bbox: 0.1937 (0.1998)  loss_giou: 1.2163 (1.2526)  loss_fgl: 0.7898 (0.7566)  loss_vfl_aux_0: 0.5993 (0.5952)  loss_bbox_aux_0: 0.3307 (0.3510)  loss_giou_aux_0: 1.6364 (1.6486)  loss_fgl_aux_0: 0.5721 (0.5628)  loss_ddf_aux_0: 0.5237 (0.4792)  loss_vfl_aux_1: 0.6342 (0.6620)  loss_bbox_aux_1: 0.2074 (0.2304)  loss_giou_aux_1: 1.2928 (1.3360)  loss_fgl_aux_1: 0.7671 (0.7304)  loss_ddf_aux_1: 0.0610 (0.0616)  loss_vfl_pre: 0.5862 (0.5736)  loss_bbox_pre: 0.3497 (0.3657)  loss_giou_pre: 1.6295 (1.6346)  loss_vfl_enc_0: 0.1057 (0.1319)  loss_bbox_enc_0: 0.5694 (0.5839)  loss_giou_enc_0: 2.2952 (2.2738)  loss_vfl_dn_0: 1.2715 (1.3217)  loss_bbox_dn_0: 0.0735 (0.0735)  loss_giou_dn_0: 0.7806 (0.7990)  loss_fgl_dn_0: 1.1702 (1.1645)  loss_ddf_dn_0: 1.0298 (0.9592)  loss_vfl_dn_1: 0.9145 (0.9382)  loss_bbox_dn_1: 0.0578 (0.0571)  loss_giou_dn_1: 0.6636 (0.6564)  loss_fgl_dn_1: 1.2041 (1.2081)  loss_ddf_dn_1: 0.0502 (0.0637)  loss_vfl_dn_2: 0.7029 (0.7291)  loss_bbox_dn_2: 0.0565 (0.0573)  loss_giou_dn_2: 0.6704 (0.6589)  loss_fgl_dn_2: 1.2131 (1.2189)  loss_ddf_dn_2: -0.0000 (0.0000)  loss_vfl_dn_pre: 1.2677 (1.3220)  loss_bbox_dn_pre: 0.0736 (0.0733)  loss_giou_dn_pre: 0.7825 (0.7992)  time: 0.3185  data: 0.0347  max mem: 8696
Epoch: [1/30]  [20/44]  eta: 0:00:07  lr: 0.000100  loss: 26.6625 (26.7702)  loss_vfl: 0.6940 (0.6886)  loss_bbox: 0.1383 (0.1695)  loss_giou: 1.1222 (1.1533)  loss_fgl: 0.8111 (0.8106)  loss_vfl_aux_0: 0.6091 (0.6485)  loss_bbox_aux_0: 0.2566 (0.2873)  loss_giou_aux_0: 1.6043 (1.6193)  loss_fgl_aux_0: 0.6081 (0.6112)  loss_ddf_aux_0: 0.4993 (0.4752)  loss_vfl_aux_1: 0.6724 (0.6663)  loss_bbox_aux_1: 0.1626 (0.1907)  loss_giou_aux_1: 1.2219 (1.2519)  loss_fgl_aux_1: 0.7833 (0.7820)  loss_ddf_aux_1: 0.0600 (0.0592)  loss_vfl_pre: 0.6231 (0.6396)  loss_bbox_pre: 0.2545 (0.3039)  loss_giou_pre: 1.5632 (1.5998)  loss_vfl_enc_0: 0.1127 (0.1260)  loss_bbox_enc_0: 0.5684 (0.5687)  loss_giou_enc_0: 2.2161 (2.2519)  loss_vfl_dn_0: 1.2049 (1.2163)  loss_bbox_dn_0: 0.0658 (0.0678)  loss_giou_dn_0: 0.7697 (0.7649)  loss_fgl_dn_0: 1.1906 (1.1877)  loss_ddf_dn_0: 1.2125 (1.2111)  loss_vfl_dn_1: 0.6105 (0.7698)  loss_bbox_dn_1: 0.0542 (0.0553)  loss_giou_dn_1: 0.6338 (0.6423)  loss_fgl_dn_1: 1.2225 (1.2215)  loss_ddf_dn_1: 0.0741 (0.0789)  loss_vfl_dn_2: 0.6000 (0.6615)  loss_bbox_dn_2: 0.0551 (0.0562)  loss_giou_dn_2: 0.6335 (0.6473)  loss_fgl_dn_2: 1.2404 (1.2350)  loss_ddf_dn_2: -0.0000 (0.0000)  loss_vfl_dn_pre: 1.2148 (1.2211)  loss_bbox_dn_pre: 0.0660 (0.0675)  loss_giou_dn_pre: 0.7642 (0.7625)  time: 0.2947  data: 0.0110  max mem: 8696
Epoch: [1/30]  [30/44]  eta: 0:00:04  lr: 0.000100  loss: 25.2104 (25.8957)  loss_vfl: 0.7175 (0.7179)  loss_bbox: 0.0948 (0.1414)  loss_giou: 0.9107 (1.0403)  loss_fgl: 0.9619 (0.8879)  loss_vfl_aux_0: 0.7788 (0.6952)  loss_bbox_aux_0: 0.1660 (0.2355)  loss_giou_aux_0: 1.3597 (1.4773)  loss_fgl_aux_0: 0.7814 (0.7153)  loss_ddf_aux_0: 0.3930 (0.4278)  loss_vfl_aux_1: 0.7077 (0.6907)  loss_bbox_aux_1: 0.1090 (0.1583)  loss_giou_aux_1: 0.9853 (1.1297)  loss_fgl_aux_1: 0.9572 (0.8654)  loss_ddf_aux_1: 0.0473 (0.0529)  loss_vfl_pre: 0.7591 (0.6902)  loss_bbox_pre: 0.1748 (0.2510)  loss_giou_pre: 1.3630 (1.4622)  loss_vfl_enc_0: 0.1183 (0.1462)  loss_bbox_enc_0: 0.5034 (0.5319)  loss_giou_enc_0: 2.1217 (2.1664)  loss_vfl_dn_0: 0.9537 (1.0751)  loss_bbox_dn_0: 0.0591 (0.0658)  loss_giou_dn_0: 0.7219 (0.7494)  loss_fgl_dn_0: 1.2179 (1.2017)  loss_ddf_dn_0: 1.3145 (1.1561)  loss_vfl_dn_1: 0.5729 (0.7060)  loss_bbox_dn_1: 0.0510 (0.0545)  loss_giou_dn_1: 0.6136 (0.6314)  loss_fgl_dn_1: 1.2446 (1.2368)  loss_ddf_dn_1: 0.0826 (0.0763)  loss_vfl_dn_2: 0.5668 (0.6270)  loss_bbox_dn_2: 0.0512 (0.0552)  loss_giou_dn_2: 0.6157 (0.6361)  loss_fgl_dn_2: 1.2599 (1.2471)  loss_ddf_dn_2: -0.0000 (0.0000)  loss_vfl_dn_pre: 0.9583 (1.0816)  loss_bbox_dn_pre: 0.0590 (0.0655)  loss_giou_dn_pre: 0.7185 (0.7465)  time: 0.2960  data: 0.0117  max mem: 8696
Epoch: [1/30]  [40/44]  eta: 0:00:01  lr: 0.000100  loss: 22.8641 (25.0777)  loss_vfl: 0.8029 (0.7438)  loss_bbox: 0.0770 (0.1259)  loss_giou: 0.7463 (0.9644)  loss_fgl: 1.1115 (0.9498)  loss_vfl_aux_0: 0.7956 (0.7218)  loss_bbox_aux_0: 0.1023 (0.2018)  loss_giou_aux_0: 0.9986 (1.3417)  loss_fgl_aux_0: 1.0355 (0.8110)  loss_ddf_aux_0: 0.2625 (0.3860)  loss_vfl_aux_1: 0.7834 (0.7415)  loss_bbox_aux_1: 0.0864 (0.1388)  loss_giou_aux_1: 0.7730 (1.0353)  loss_fgl_aux_1: 1.0912 (0.9331)  loss_ddf_aux_1: 0.0286 (0.0461)  loss_vfl_pre: 0.7930 (0.7211)  loss_bbox_pre: 0.1073 (0.2142)  loss_giou_pre: 1.0018 (1.3288)  loss_vfl_enc_0: 0.3569 (0.2341)  loss_bbox_enc_0: 0.3396 (0.4648)  loss_giou_enc_0: 1.8177 (2.0598)  loss_vfl_dn_0: 0.6220 (0.9544)  loss_bbox_dn_0: 0.0591 (0.0642)  loss_giou_dn_0: 0.6983 (0.7333)  loss_fgl_dn_0: 1.2300 (1.2095)  loss_ddf_dn_0: 0.7190 (1.0303)  loss_vfl_dn_1: 0.5650 (0.6687)  loss_bbox_dn_1: 0.0503 (0.0531)  loss_giou_dn_1: 0.5899 (0.6160)  loss_fgl_dn_1: 1.2447 (1.2371)  loss_ddf_dn_1: 0.0455 (0.0670)  loss_vfl_dn_2: 0.5493 (0.6069)  loss_bbox_dn_2: 0.0509 (0.0537)  loss_giou_dn_2: 0.5922 (0.6197)  loss_fgl_dn_2: 1.2449 (1.2454)  loss_ddf_dn_2: -0.0000 (0.0000)  loss_vfl_dn_pre: 0.6288 (0.9606)  loss_bbox_dn_pre: 0.0590 (0.0638)  loss_giou_dn_pre: 0.6950 (0.7302)  time: 0.2966  data: 0.0117  max mem: 8696
Epoch: [1/30]  [43/44]  eta: 0:00:00  lr: 0.000100  loss: 22.8243 (24.8711)  loss_vfl: 0.7998 (0.7350)  loss_bbox: 0.0707 (0.1237)  loss_giou: 0.7446 (0.9556)  loss_fgl: 1.1196 (0.9604)  loss_vfl_aux_0: 0.7952 (0.7194)  loss_bbox_aux_0: 0.1021 (0.1960)  loss_giou_aux_0: 0.9822 (1.3214)  loss_fgl_aux_0: 1.0595 (0.8263)  loss_ddf_aux_0: 0.2499 (0.3749)  loss_vfl_aux_1: 0.7834 (0.7423)  loss_bbox_aux_1: 0.0751 (0.1358)  loss_giou_aux_1: 0.7677 (1.0226)  loss_fgl_aux_1: 1.1201 (0.9444)  loss_ddf_aux_1: 0.0262 (0.0443)  loss_vfl_pre: 0.7809 (0.7209)  loss_bbox_pre: 0.1065 (0.2077)  loss_giou_pre: 0.9654 (1.3080)  loss_vfl_enc_0: 0.3999 (0.2501)  loss_bbox_enc_0: 0.3027 (0.4510)  loss_giou_enc_0: 1.8094 (2.0384)  loss_vfl_dn_0: 0.5873 (0.9264)  loss_bbox_dn_0: 0.0594 (0.0639)  loss_giou_dn_0: 0.6983 (0.7305)  loss_fgl_dn_0: 1.2300 (1.2113)  loss_ddf_dn_0: 0.6914 (0.9903)  loss_vfl_dn_1: 0.5558 (0.6590)  loss_bbox_dn_1: 0.0510 (0.0530)  loss_giou_dn_1: 0.5924 (0.6154)  loss_fgl_dn_1: 1.2447 (1.2378)  loss_ddf_dn_1: 0.0396 (0.0640)  loss_vfl_dn_2: 0.5417 (0.6002)  loss_bbox_dn_2: 0.0512 (0.0536)  loss_giou_dn_2: 0.5970 (0.6187)  loss_fgl_dn_2: 1.2434 (1.2458)  loss_ddf_dn_2: -0.0000 (0.0000)  loss_vfl_dn_pre: 0.5901 (0.9322)  loss_bbox_dn_pre: 0.0593 (0.0635)  loss_giou_dn_pre: 0.6950 (0.7274)  time: 0.2943  data: 0.0116  max mem: 8696
Epoch: [1/30] Total time: 0:00:13 (0.3017 s / it)
Averaged stats: lr: 0.000100  loss: 22.8243 (24.8711)  loss_vfl: 0.7998 (0.7350)  loss_bbox: 0.0707 (0.1237)  loss_giou: 0.7446 (0.9556)  loss_fgl: 1.1196 (0.9604)  loss_vfl_aux_0: 0.7952 (0.7194)  loss_bbox_aux_0: 0.1021 (0.1960)  loss_giou_aux_0: 0.9822 (1.3214)  loss_fgl_aux_0: 1.0595 (0.8263)  loss_ddf_aux_0: 0.2499 (0.3749)  loss_vfl_aux_1: 0.7834 (0.7423)  loss_bbox_aux_1: 0.0751 (0.1358)  loss_giou_aux_1: 0.7677 (1.0226)  loss_fgl_aux_1: 1.1201 (0.9444)  loss_ddf_aux_1: 0.0262 (0.0443)  loss_vfl_pre: 0.7809 (0.7209)  loss_bbox_pre: 0.1065 (0.2077)  loss_giou_pre: 0.9654 (1.3080)  loss_vfl_enc_0: 0.3999 (0.2501)  loss_bbox_enc_0: 0.3027 (0.4510)  loss_giou_enc_0: 1.8094 (2.0384)  loss_vfl_dn_0: 0.5873 (0.9264)  loss_bbox_dn_0: 0.0594 (0.0639)  loss_giou_dn_0: 0.6983 (0.7305)  loss_fgl_dn_0: 1.2300 (1.2113)  loss_ddf_dn_0: 0.6914 (0.9903)  loss_vfl_dn_1: 0.5558 (0.6590)  loss_bbox_dn_1: 0.0510 (0.0530)  loss_giou_dn_1: 0.5924 (0.6154)  loss_fgl_dn_1: 1.2447 (1.2378)  loss_ddf_dn_1: 0.0396 (0.0640)  loss_vfl_dn_2: 0.5417 (0.6002)  loss_bbox_dn_2: 0.0512 (0.0536)  loss_giou_dn_2: 0.5970 (0.6187)  loss_fgl_dn_2: 1.2434 (1.2458)  loss_ddf_dn_2: -0.0000 (0.0000)  loss_vfl_dn_pre: 0.5901 (0.9322)  loss_bbox_dn_pre: 0.0593 (0.0635)  loss_giou_dn_pre: 0.6950 (0.7274)
Test:  [0/9]  eta: 0:00:02    time: 0.2979  data: 0.2196  max mem: 8696
Test:  [8/9]  eta: 0:00:00    time: 0.1280  data: 0.0358  max mem: 8696
Test: Total time: 0:00:01 (0.1322 s / it)
Metrics: {'f1': 0.514792899408284, 'precision': 0.4484536082474227, 'recall': 0.6041666666666666, 'iou': 0.2504585183474172, 'TPs': 87, 'FPs': 107, 'FNs': 57}
Averaged stats: 
Accumulating evaluation results...
COCOeval_opt.accumulate() finished...
DONE (t=0.01s).
IoU metric: bbox
 Average Precision  (AP) @[ IoU=0.50:0.95 | area=   all | maxDets=100 ] = 0.195
 Average Precision  (AP) @[ IoU=0.50      | area=   all | maxDets=100 ] = 0.472
 Average Precision  (AP) @[ IoU=0.75      | area=   all | maxDets=100 ] = 0.120
 Average Precision  (AP) @[ IoU=0.50:0.95 | area= small | maxDets=100 ] = 0.195
 Average Precision  (AP) @[ IoU=0.50:0.95 | area=medium | maxDets=100 ] = -1.000
 Average Precision  (AP) @[ IoU=0.50:0.95 | area= large | maxDets=100 ] = -1.000
 Average Recall     (AR) @[ IoU=0.50:0.95 | area=   all | maxDets=  1 ] = 0.144
 Average Recall     (AR) @[ IoU=0.50:0.95 | area=   all | maxDets= 10 ] = 0.447
 Average Recall     (AR) @[ IoU=0.50:0.95 | area=   all | maxDets=100 ] = 0.539
 Average Recall     (AR) @[ IoU=0.50:0.95 | area= small | maxDets=100 ] = 0.539
 Average Recall     (AR) @[ IoU=0.50:0.95 | area=medium | maxDets=100 ] = -1.000
 Average Recall     (AR) @[ IoU=0.50:0.95 | area= large | maxDets=100 ] = -1.000
 Average Recall     (AR) @[ IoU=0.50      | area=   all | maxDets=100 ] = 0.882
 Average Recall     (AR) @[ IoU=0.75      | area=   all | maxDets=100 ] = 0.590
best_stat: {'epoch': 1, 'coco_eval_bbox': 0.19474097562363205}
Epoch: [2/30]  [ 0/44]  eta: 0:00:23  lr: 0.000100  loss: 21.5236 (21.5236)  loss_vfl: 0.7760 (0.7760)  loss_bbox: 0.0594 (0.0594)  loss_giou: 0.5567 (0.5567)  loss_fgl: 1.2260 (1.2260)  loss_vfl_aux_0: 1.0629 (1.0629)  loss_bbox_aux_0: 0.0708 (0.0708)  loss_giou_aux_0: 0.6347 (0.6347)  loss_fgl_aux_0: 1.2399 (1.2399)  loss_ddf_aux_0: 0.1855 (0.1855)  loss_vfl_aux_1: 0.9102 (0.9102)  loss_bbox_aux_1: 0.0615 (0.0615)  loss_giou_aux_1: 0.5824 (0.5824)  loss_fgl_aux_1: 1.2338 (1.2338)  loss_ddf_aux_1: 0.0142 (0.0142)  loss_vfl_pre: 1.0757 (1.0757)  loss_bbox_pre: 0.0719 (0.0719)  loss_giou_pre: 0.6434 (0.6434)  loss_vfl_enc_0: 0.6104 (0.6104)  loss_bbox_enc_0: 0.2009 (0.2009)  loss_giou_enc_0: 1.4410 (1.4410)  loss_vfl_dn_0: 0.5574 (0.5574)  loss_bbox_dn_0: 0.0621 (0.0621)  loss_giou_dn_0: 0.6253 (0.6253)  loss_fgl_dn_0: 1.2300 (1.2300)  loss_ddf_dn_0: 0.4011 (0.4011)  loss_vfl_dn_1: 0.5372 (0.5372)  loss_bbox_dn_1: 0.0532 (0.0532)  loss_giou_dn_1: 0.5519 (0.5519)  loss_fgl_dn_1: 1.2199 (1.2199)  loss_ddf_dn_1: 0.0170 (0.0170)  loss_vfl_dn_2: 0.5399 (0.5399)  loss_bbox_dn_2: 0.0524 (0.0524)  loss_giou_dn_2: 0.5498 (0.5498)  loss_fgl_dn_2: 1.2207 (1.2207)  loss_ddf_dn_2: -0.0000 (0.0000)  loss_vfl_dn_pre: 0.5565 (0.5565)  loss_bbox_dn_pre: 0.0623 (0.0623)  loss_giou_dn_pre: 0.6298 (0.6298)  time: 0.5232  data: 0.2295  max mem: 8696
Epoch: [2/30]  [10/44]  eta: 0:00:10  lr: 0.000100  loss: 21.7356 (21.8779)  loss_vfl: 0.7245 (0.7310)  loss_bbox: 0.0594 (0.0673)  loss_giou: 0.6494 (0.6615)  loss_fgl: 1.2110 (1.2213)  loss_vfl_aux_0: 0.9979 (0.9988)  loss_bbox_aux_0: 0.0714 (0.0781)  loss_giou_aux_0: 0.7660 (0.7799)  loss_fgl_aux_0: 1.1798 (1.2004)  loss_ddf_aux_0: 0.1855 (0.1820)  loss_vfl_aux_1: 0.7812 (0.7831)  loss_bbox_aux_1: 0.0632 (0.0695)  loss_giou_aux_1: 0.6659 (0.6863)  loss_fgl_aux_1: 1.2134 (1.2153)  loss_ddf_aux_1: 0.0163 (0.0167)  loss_vfl_pre: 0.9878 (0.9717)  loss_bbox_pre: 0.0722 (0.0791)  loss_giou_pre: 0.7794 (0.7730)  loss_vfl_enc_0: 0.6104 (0.5910)  loss_bbox_enc_0: 0.2009 (0.2107)  loss_giou_enc_0: 1.5091 (1.5247)  loss_vfl_dn_0: 0.5493 (0.5519)  loss_bbox_dn_0: 0.0572 (0.0567)  loss_giou_dn_0: 0.6578 (0.6529)  loss_fgl_dn_0: 1.2522 (1.2480)  loss_ddf_dn_0: 0.4761 (0.4980)  loss_vfl_dn_1: 0.5312 (0.5306)  loss_bbox_dn_1: 0.0487 (0.0478)  loss_giou_dn_1: 0.5519 (0.5562)  loss_fgl_dn_1: 1.2448 (1.2490)  loss_ddf_dn_1: 0.0253 (0.0239)  loss_vfl_dn_2: 0.5035 (0.5066)  loss_bbox_dn_2: 0.0479 (0.0480)  loss_giou_dn_2: 0.5613 (0.5573)  loss_fgl_dn_2: 1.2501 (1.2531)  loss_ddf_dn_2: -0.0000 (0.0000)  loss_vfl_dn_pre: 0.5467 (0.5513)  loss_bbox_dn_pre: 0.0563 (0.0565)  loss_giou_dn_pre: 0.6465 (0.6488)  time: 0.3179  data: 0.0317  max mem: 8696
Epoch: [2/30]  [20/44]  eta: 0:00:07  lr: 0.000100  loss: 21.5974 (21.6335)  loss_vfl: 0.7088 (0.7057)  loss_bbox: 0.0577 (0.0640)  loss_giou: 0.6500 (0.6788)  loss_fgl: 1.1901 (1.1953)  loss_vfl_aux_0: 0.8428 (0.8977)  loss_bbox_aux_0: 0.0710 (0.0754)  loss_giou_aux_0: 0.7765 (0.8004)  loss_fgl_aux_0: 1.1665 (1.1707)  loss_ddf_aux_0: 0.1848 (0.1885)  loss_vfl_aux_1: 0.7285 (0.7356)  loss_bbox_aux_1: 0.0618 (0.0664)  loss_giou_aux_1: 0.6659 (0.7036)  loss_fgl_aux_1: 1.1794 (1.1898)  loss_ddf_aux_1: 0.0173 (0.0189)  loss_vfl_pre: 0.8584 (0.8949)  loss_bbox_pre: 0.0722 (0.0768)  loss_giou_pre: 0.7665 (0.7881)  loss_vfl_enc_0: 0.5012 (0.5457)  loss_bbox_enc_0: 0.2113 (0.2115)  loss_giou_enc_0: 1.5412 (1.5852)  loss_vfl_dn_0: 0.5424 (0.5452)  loss_bbox_dn_0: 0.0555 (0.0568)  loss_giou_dn_0: 0.6561 (0.6632)  loss_fgl_dn_0: 1.2241 (1.2309)  loss_ddf_dn_0: 0.4761 (0.5157)  loss_vfl_dn_1: 0.5308 (0.5319)  loss_bbox_dn_1: 0.0464 (0.0473)  loss_giou_dn_1: 0.5514 (0.5662)  loss_fgl_dn_1: 1.2253 (1.2360)  loss_ddf_dn_1: 0.0265 (0.0277)  loss_vfl_dn_2: 0.5033 (0.5045)  loss_bbox_dn_2: 0.0462 (0.0474)  loss_giou_dn_2: 0.5613 (0.5673)  loss_fgl_dn_2: 1.2263 (1.2387)  loss_ddf_dn_2: -0.0000 (0.0000)  loss_vfl_dn_pre: 0.5435 (0.5438)  loss_bbox_dn_pre: 0.0552 (0.0566)  loss_giou_dn_pre: 0.6583 (0.6614)  time: 0.2982  data: 0.0121  max mem: 8696
Epoch: [2/30]  [30/44]  eta: 0:00:04  lr: 0.000100  loss: 21.1000 (21.4179)  loss_vfl: 0.6206 (0.6715)  loss_bbox: 0.0561 (0.0680)  loss_giou: 0.6436 (0.6821)  loss_fgl: 1.2070 (1.1947)  loss_vfl_aux_0: 0.7833 (0.8713)  loss_bbox_aux_0: 0.0667 (0.0778)  loss_giou_aux_0: 0.7765 (0.7949)  loss_fgl_aux_0: 1.1659 (1.1713)  loss_ddf_aux_0: 0.1499 (0.1710)  loss_vfl_aux_1: 0.6778 (0.7195)  loss_bbox_aux_1: 0.0592 (0.0700)  loss_giou_aux_1: 0.6615 (0.6995)  loss_fgl_aux_1: 1.1994 (1.1903)  loss_ddf_aux_1: 0.0137 (0.0165)  loss_vfl_pre: 0.7893 (0.8647)  loss_bbox_pre: 0.0667 (0.0792)  loss_giou_pre: 0.7566 (0.7839)  loss_vfl_enc_0: 0.6047 (0.5782)  loss_bbox_enc_0: 0.1749 (0.2043)  loss_giou_enc_0: 1.4913 (1.5470)  loss_vfl_dn_0: 0.5262 (0.5365)  loss_bbox_dn_0: 0.0560 (0.0567)  loss_giou_dn_0: 0.6561 (0.6632)  loss_fgl_dn_0: 1.2343 (1.2370)  loss_ddf_dn_0: 0.4009 (0.4737)  loss_vfl_dn_1: 0.5248 (0.5254)  loss_bbox_dn_1: 0.0457 (0.0468)  loss_giou_dn_1: 0.5403 (0.5558)  loss_fgl_dn_1: 1.2411 (1.2418)  loss_ddf_dn_1: 0.0201 (0.0245)  loss_vfl_dn_2: 0.4896 (0.4986)  loss_bbox_dn_2: 0.0453 (0.0470)  loss_giou_dn_2: 0.5385 (0.5581)  loss_fgl_dn_2: 1.2436 (1.2445)  loss_ddf_dn_2: -0.0000 (0.0000)  loss_vfl_dn_pre: 0.5264 (0.5356)  loss_bbox_dn_pre: 0.0555 (0.0564)  loss_giou_dn_pre: 0.6598 (0.6604)  time: 0.2979  data: 0.0121  max mem: 8696
Epoch: [2/30]  [40/44]  eta: 0:00:01  lr: 0.000100  loss: 20.6177 (21.1917)  loss_vfl: 0.5761 (0.6520)  loss_bbox: 0.0586 (0.0664)  loss_giou: 0.6237 (0.6727)  loss_fgl: 1.2144 (1.1954)  loss_vfl_aux_0: 0.8243 (0.8840)  loss_bbox_aux_0: 0.0669 (0.0764)  loss_giou_aux_0: 0.7060 (0.7802)  loss_fgl_aux_0: 1.2098 (1.1755)  loss_ddf_aux_0: 0.1264 (0.1584)  loss_vfl_aux_1: 0.6395 (0.6978)  loss_bbox_aux_1: 0.0602 (0.0685)  loss_giou_aux_1: 0.6262 (0.6881)  loss_fgl_aux_1: 1.2141 (1.1913)  loss_ddf_aux_1: 0.0094 (0.0147)  loss_vfl_pre: 0.8314 (0.8727)  loss_bbox_pre: 0.0660 (0.0779)  loss_giou_pre: 0.7134 (0.7704)  loss_vfl_enc_0: 0.6950 (0.6189)  loss_bbox_enc_0: 0.1508 (0.1935)  loss_giou_enc_0: 1.3396 (1.4850)  loss_vfl_dn_0: 0.5259 (0.5346)  loss_bbox_dn_0: 0.0547 (0.0562)  loss_giou_dn_0: 0.6458 (0.6571)  loss_fgl_dn_0: 1.2448 (1.2383)  loss_ddf_dn_0: 0.3099 (0.4188)  loss_vfl_dn_1: 0.4892 (0.5151)  loss_bbox_dn_1: 0.0441 (0.0460)  loss_giou_dn_1: 0.5332 (0.5494)  loss_fgl_dn_1: 1.2434 (1.2397)  loss_ddf_dn_1: 0.0126 (0.0214)  loss_vfl_dn_2: 0.4760 (0.4913)  loss_bbox_dn_2: 0.0446 (0.0462)  loss_giou_dn_2: 0.5375 (0.5512)  loss_fgl_dn_2: 1.2441 (1.2421)  loss_ddf_dn_2: -0.0000 (0.0000)  loss_vfl_dn_pre: 0.5253 (0.5332)  loss_bbox_dn_pre: 0.0543 (0.0559)  loss_giou_dn_pre: 0.6442 (0.6553)  time: 0.2971  data: 0.0119  max mem: 8696
Epoch: [2/30]  [43/44]  eta: 0:00:00  lr: 0.000100  loss: 20.6177 (21.1536)  loss_vfl: 0.5779 (0.6469)  loss_bbox: 0.0586 (0.0690)  loss_giou: 0.6237 (0.6768)  loss_fgl: 1.2144 (1.1927)  loss_vfl_aux_0: 0.8381 (0.8792)  loss_bbox_aux_0: 0.0669 (0.0793)  loss_giou_aux_0: 0.7060 (0.7827)  loss_fgl_aux_0: 1.1984 (1.1738)  loss_ddf_aux_0: 0.1240 (0.1569)  loss_vfl_aux_1: 0.6395 (0.6920)  loss_bbox_aux_1: 0.0602 (0.0709)  loss_giou_aux_1: 0.6262 (0.6920)  loss_fgl_aux_1: 1.2141 (1.1887)  loss_ddf_aux_1: 0.0092 (0.0143)  loss_vfl_pre: 0.8458 (0.8667)  loss_bbox_pre: 0.0660 (0.0810)  loss_giou_pre: 0.7134 (0.7734)  loss_vfl_enc_0: 0.6950 (0.6268)  loss_bbox_enc_0: 0.1380 (0.1974)  loss_giou_enc_0: 1.3391 (1.4763)  loss_vfl_dn_0: 0.5263 (0.5336)  loss_bbox_dn_0: 0.0547 (0.0563)  loss_giou_dn_0: 0.6422 (0.6544)  loss_fgl_dn_0: 1.2443 (1.2393)  loss_ddf_dn_0: 0.2623 (0.4066)  loss_vfl_dn_1: 0.4875 (0.5127)  loss_bbox_dn_1: 0.0427 (0.0458)  loss_giou_dn_1: 0.5221 (0.5445)  loss_fgl_dn_1: 1.2398 (1.2395)  loss_ddf_dn_1: 0.0122 (0.0206)  loss_vfl_dn_2: 0.4731 (0.4894)  loss_bbox_dn_2: 0.0428 (0.0460)  loss_giou_dn_2: 0.5265 (0.5462)  loss_fgl_dn_2: 1.2406 (1.2419)  loss_ddf_dn_2: -0.0000 (0.0000)  loss_vfl_dn_pre: 0.5254 (0.5327)  loss_bbox_dn_pre: 0.0543 (0.0559)  loss_giou_dn_pre: 0.6350 (0.6516)  time: 0.2949  data: 0.0118  max mem: 8696
Epoch: [2/30] Total time: 0:00:13 (0.3028 s / it)
Averaged stats: lr: 0.000100  loss: 20.6177 (21.1536)  loss_vfl: 0.5779 (0.6469)  loss_bbox: 0.0586 (0.0690)  loss_giou: 0.6237 (0.6768)  loss_fgl: 1.2144 (1.1927)  loss_vfl_aux_0: 0.8381 (0.8792)  loss_bbox_aux_0: 0.0669 (0.0793)  loss_giou_aux_0: 0.7060 (0.7827)  loss_fgl_aux_0: 1.1984 (1.1738)  loss_ddf_aux_0: 0.1240 (0.1569)  loss_vfl_aux_1: 0.6395 (0.6920)  loss_bbox_aux_1: 0.0602 (0.0709)  loss_giou_aux_1: 0.6262 (0.6920)  loss_fgl_aux_1: 1.2141 (1.1887)  loss_ddf_aux_1: 0.0092 (0.0143)  loss_vfl_pre: 0.8458 (0.8667)  loss_bbox_pre: 0.0660 (0.0810)  loss_giou_pre: 0.7134 (0.7734)  loss_vfl_enc_0: 0.6950 (0.6268)  loss_bbox_enc_0: 0.1380 (0.1974)  loss_giou_enc_0: 1.3391 (1.4763)  loss_vfl_dn_0: 0.5263 (0.5336)  loss_bbox_dn_0: 0.0547 (0.0563)  loss_giou_dn_0: 0.6422 (0.6544)  loss_fgl_dn_0: 1.2443 (1.2393)  loss_ddf_dn_0: 0.2623 (0.4066)  loss_vfl_dn_1: 0.4875 (0.5127)  loss_bbox_dn_1: 0.0427 (0.0458)  loss_giou_dn_1: 0.5221 (0.5445)  loss_fgl_dn_1: 1.2398 (1.2395)  loss_ddf_dn_1: 0.0122 (0.0206)  loss_vfl_dn_2: 0.4731 (0.4894)  loss_bbox_dn_2: 0.0428 (0.0460)  loss_giou_dn_2: 0.5265 (0.5462)  loss_fgl_dn_2: 1.2406 (1.2419)  loss_ddf_dn_2: -0.0000 (0.0000)  loss_vfl_dn_pre: 0.5254 (0.5327)  loss_bbox_dn_pre: 0.0543 (0.0559)  loss_giou_dn_pre: 0.6350 (0.6516)
Test:  [0/9]  eta: 0:00:02    time: 0.3304  data: 0.2523  max mem: 8696
Test:  [8/9]  eta: 0:00:00    time: 0.1114  data: 0.0391  max mem: 8696
Test: Total time: 0:00:01 (0.1155 s / it)
Metrics: {'f1': 0.6889632107023412, 'precision': 0.6645161290322581, 'recall': 0.7152777777777778, 'iou': 0.37779309281281065, 'TPs': 103, 'FPs': 52, 'FNs': 41}
Averaged stats: 
Accumulating evaluation results...
COCOeval_opt.accumulate() finished...
DONE (t=0.01s).
IoU metric: bbox
 Average Precision  (AP) @[ IoU=0.50:0.95 | area=   all | maxDets=100 ] = 0.280
 Average Precision  (AP) @[ IoU=0.50      | area=   all | maxDets=100 ] = 0.695
 Average Precision  (AP) @[ IoU=0.75      | area=   all | maxDets=100 ] = 0.134
 Average Precision  (AP) @[ IoU=0.50:0.95 | area= small | maxDets=100 ] = 0.280
 Average Precision  (AP) @[ IoU=0.50:0.95 | area=medium | maxDets=100 ] = -1.000
 Average Precision  (AP) @[ IoU=0.50:0.95 | area= large | maxDets=100 ] = -1.000
 Average Recall     (AR) @[ IoU=0.50:0.95 | area=   all | maxDets=  1 ] = 0.159
 Average Recall     (AR) @[ IoU=0.50:0.95 | area=   all | maxDets= 10 ] = 0.428
 Average Recall     (AR) @[ IoU=0.50:0.95 | area=   all | maxDets=100 ] = 0.555
 Average Recall     (AR) @[ IoU=0.50:0.95 | area= small | maxDets=100 ] = 0.555
 Average Recall     (AR) @[ IoU=0.50:0.95 | area=medium | maxDets=100 ] = -1.000
 Average Recall     (AR) @[ IoU=0.50:0.95 | area= large | maxDets=100 ] = -1.000
 Average Recall     (AR) @[ IoU=0.50      | area=   all | maxDets=100 ] = 0.882
 Average Recall     (AR) @[ IoU=0.75      | area=   all | maxDets=100 ] = 0.604
best_stat: {'epoch': 2, 'coco_eval_bbox': 0.2804927260415885}
Epoch: [3/30]  [ 0/44]  eta: 0:00:23  lr: 0.000100  loss: 20.2757 (20.2757)  loss_vfl: 0.7020 (0.7020)  loss_bbox: 0.0504 (0.0504)  loss_giou: 0.5717 (0.5717)  loss_fgl: 1.2133 (1.2133)  loss_vfl_aux_0: 0.8616 (0.8616)  loss_bbox_aux_0: 0.0613 (0.0613)  loss_giou_aux_0: 0.6615 (0.6615)  loss_fgl_aux_0: 1.2060 (1.2060)  loss_ddf_aux_0: 0.1770 (0.1770)  loss_vfl_aux_1: 0.7035 (0.7035)  loss_bbox_aux_1: 0.0525 (0.0525)  loss_giou_aux_1: 0.5922 (0.5922)  loss_fgl_aux_1: 1.2064 (1.2064)  loss_ddf_aux_1: 0.0122 (0.0122)  loss_vfl_pre: 0.8073 (0.8073)  loss_bbox_pre: 0.0651 (0.0651)  loss_giou_pre: 0.6735 (0.6735)  loss_vfl_enc_0: 0.6719 (0.6719)  loss_bbox_enc_0: 0.2148 (0.2148)  loss_giou_enc_0: 1.4124 (1.4124)  loss_vfl_dn_0: 0.5446 (0.5446)  loss_bbox_dn_0: 0.0519 (0.0519)  loss_giou_dn_0: 0.6039 (0.6039)  loss_fgl_dn_0: 1.2280 (1.2280)  loss_ddf_dn_0: 0.2543 (0.2543)  loss_vfl_dn_1: 0.4994 (0.4994)  loss_bbox_dn_1: 0.0405 (0.0405)  loss_giou_dn_1: 0.4965 (0.4965)  loss_fgl_dn_1: 1.2101 (1.2101)  loss_ddf_dn_1: 0.0090 (0.0090)  loss_vfl_dn_2: 0.4888 (0.4888)  loss_bbox_dn_2: 0.0401 (0.0401)  loss_giou_dn_2: 0.4935 (0.4935)  loss_fgl_dn_2: 1.2088 (1.2088)  loss_ddf_dn_2: -0.0000 (0.0000)  loss_vfl_dn_pre: 0.5467 (0.5467)  loss_bbox_dn_pre: 0.0498 (0.0498)  loss_giou_dn_pre: 0.5932 (0.5932)  time: 0.5287  data: 0.2350  max mem: 8696
Epoch: [3/30]  [10/44]  eta: 0:00:10  lr: 0.000100  loss: 20.2757 (20.4631)  loss_vfl: 0.6078 (0.6087)  loss_bbox: 0.0511 (0.0614)  loss_giou: 0.5752 (0.6314)  loss_fgl: 1.2133 (1.1961)  loss_vfl_aux_0: 0.7564 (0.7877)  loss_bbox_aux_0: 0.0653 (0.0751)  loss_giou_aux_0: 0.7173 (0.7504)  loss_fgl_aux_0: 1.2044 (1.1756)  loss_ddf_aux_0: 0.1810 (0.1862)  loss_vfl_aux_1: 0.6433 (0.6405)  loss_bbox_aux_1: 0.0527 (0.0633)  loss_giou_aux_1: 0.6324 (0.6477)  loss_fgl_aux_1: 1.2064 (1.1946)  loss_ddf_aux_1: 0.0142 (0.0149)  loss_vfl_pre: 0.7735 (0.7661)  loss_bbox_pre: 0.0653 (0.0765)  loss_giou_pre: 0.7065 (0.7418)  loss_vfl_enc_0: 0.6862 (0.6975)  loss_bbox_enc_0: 0.2148 (0.2150)  loss_giou_enc_0: 1.4124 (1.4744)  loss_vfl_dn_0: 0.5244 (0.5262)  loss_bbox_dn_0: 0.0509 (0.0524)  loss_giou_dn_0: 0.6039 (0.6176)  loss_fgl_dn_0: 1.2681 (1.2707)  loss_ddf_dn_0: 0.2543 (0.2572)  loss_vfl_dn_1: 0.4793 (0.4790)  loss_bbox_dn_1: 0.0407 (0.0416)  loss_giou_dn_1: 0.5143 (0.5004)  loss_fgl_dn_1: 1.2507 (1.2559)  loss_ddf_dn_1: 0.0089 (0.0089)  loss_vfl_dn_2: 0.4637 (0.4641)  loss_bbox_dn_2: 0.0401 (0.0414)  loss_giou_dn_2: 0.5128 (0.4970)  loss_fgl_dn_2: 1.2499 (1.2563)  loss_ddf_dn_2: -0.0000 (0.0000)  loss_vfl_dn_pre: 0.5196 (0.5238)  loss_bbox_dn_pre: 0.0498 (0.0518)  loss_giou_dn_pre: 0.5957 (0.6137)  time: 0.3199  data: 0.0324  max mem: 8696
Epoch: [3/30]  [20/44]  eta: 0:00:07  lr: 0.000100  loss: 20.2794 (20.3736)  loss_vfl: 0.5999 (0.6048)  loss_bbox: 0.0556 (0.0627)  loss_giou: 0.6052 (0.6376)  loss_fgl: 1.1896 (1.1887)  loss_vfl_aux_0: 0.7623 (0.8010)  loss_bbox_aux_0: 0.0706 (0.0773)  loss_giou_aux_0: 0.7668 (0.7692)  loss_fgl_aux_0: 1.1581 (1.1659)  loss_ddf_aux_0: 0.1874 (0.2015)  loss_vfl_aux_1: 0.6282 (0.6331)  loss_bbox_aux_1: 0.0579 (0.0648)  loss_giou_aux_1: 0.6324 (0.6525)  loss_fgl_aux_1: 1.1907 (1.1864)  loss_ddf_aux_1: 0.0151 (0.0157)  loss_vfl_pre: 0.7790 (0.7827)  loss_bbox_pre: 0.0717 (0.0788)  loss_giou_pre: 0.7301 (0.7617)  loss_vfl_enc_0: 0.6232 (0.6507)  loss_bbox_enc_0: 0.2059 (0.2160)  loss_giou_enc_0: 1.4769 (1.4685)  loss_vfl_dn_0: 0.5247 (0.5250)  loss_bbox_dn_0: 0.0532 (0.0535)  loss_giou_dn_0: 0.6069 (0.6197)  loss_fgl_dn_0: 1.2441 (1.2525)  loss_ddf_dn_0: 0.2094 (0.2294)  loss_vfl_dn_1: 0.4587 (0.4673)  loss_bbox_dn_1: 0.0413 (0.0413)  loss_giou_dn_1: 0.5006 (0.5001)  loss_fgl_dn_1: 1.2284 (1.2389)  loss_ddf_dn_1: 0.0081 (0.0085)  loss_vfl_dn_2: 0.4497 (0.4559)  loss_bbox_dn_2: 0.0403 (0.0409)  loss_giou_dn_2: 0.4981 (0.4949)  loss_fgl_dn_2: 1.2291 (1.2385)  loss_ddf_dn_2: -0.0000 (0.0000)  loss_vfl_dn_pre: 0.5238 (0.5250)  loss_bbox_dn_pre: 0.0518 (0.0520)  loss_giou_dn_pre: 0.6000 (0.6105)  time: 0.2993  data: 0.0120  max mem: 8696
Epoch: [3/30]  [30/44]  eta: 0:00:04  lr: 0.000100  loss: 20.2630 (20.3498)  loss_vfl: 0.5994 (0.6006)  loss_bbox: 0.0570 (0.0626)  loss_giou: 0.6052 (0.6402)  loss_fgl: 1.1896 (1.1854)  loss_vfl_aux_0: 0.7240 (0.7646)  loss_bbox_aux_0: 0.0719 (0.0789)  loss_giou_aux_0: 0.7998 (0.7931)  loss_fgl_aux_0: 1.1461 (1.1550)  loss_ddf_aux_0: 0.2383 (0.2329)  loss_vfl_aux_1: 0.6205 (0.6289)  loss_bbox_aux_1: 0.0599 (0.0648)  loss_giou_aux_1: 0.6563 (0.6564)  loss_fgl_aux_1: 1.1806 (1.1815)  loss_ddf_aux_1: 0.0168 (0.0170)  loss_vfl_pre: 0.7310 (0.7518)  loss_bbox_pre: 0.0730 (0.0804)  loss_giou_pre: 0.7802 (0.7845)  loss_vfl_enc_0: 0.5348 (0.6056)  loss_bbox_enc_0: 0.2063 (0.2315)  loss_giou_enc_0: 1.5581 (1.5230)  loss_vfl_dn_0: 0.5253 (0.5250)  loss_bbox_dn_0: 0.0532 (0.0527)  loss_giou_dn_0: 0.6156 (0.6119)  loss_fgl_dn_0: 1.2471 (1.2551)  loss_ddf_dn_0: 0.1930 (0.2215)  loss_vfl_dn_1: 0.4523 (0.4620)  loss_bbox_dn_1: 0.0402 (0.0408)  loss_giou_dn_1: 0.4805 (0.4919)  loss_fgl_dn_1: 1.2269 (1.2392)  loss_ddf_dn_1: 0.0078 (0.0085)  loss_vfl_dn_2: 0.4442 (0.4520)  loss_bbox_dn_2: 0.0402 (0.0405)  loss_giou_dn_2: 0.4892 (0.4890)  loss_fgl_dn_2: 1.2264 (1.2392)  loss_ddf_dn_2: -0.0000 (0.0000)  loss_vfl_dn_pre: 0.5238 (0.5245)  loss_bbox_dn_pre: 0.0518 (0.0516)  loss_giou_dn_pre: 0.6024 (0.6059)  time: 0.2999  data: 0.0121  max mem: 8696
Epoch: [3/30]  [40/44]  eta: 0:00:01  lr: 0.000100  loss: 20.2469 (20.4013)  loss_vfl: 0.5794 (0.5916)  loss_bbox: 0.0602 (0.0647)  loss_giou: 0.6425 (0.6474)  loss_fgl: 1.1773 (1.1815)  loss_vfl_aux_0: 0.6933 (0.7457)  loss_bbox_aux_0: 0.0793 (0.0831)  loss_giou_aux_0: 0.8162 (0.8137)  loss_fgl_aux_0: 1.1302 (1.1466)  loss_ddf_aux_0: 0.3186 (0.2702)  loss_vfl_aux_1: 0.6039 (0.6162)  loss_bbox_aux_1: 0.0622 (0.0672)  loss_giou_aux_1: 0.6748 (0.6658)  loss_fgl_aux_1: 1.1665 (1.1768)  loss_ddf_aux_1: 0.0192 (0.0178)  loss_vfl_pre: 0.6947 (0.7351)  loss_bbox_pre: 0.0780 (0.0844)  loss_giou_pre: 0.7985 (0.8042)  loss_vfl_enc_0: 0.4581 (0.5599)  loss_bbox_enc_0: 0.2519 (0.2484)  loss_giou_enc_0: 1.6388 (1.5880)  loss_vfl_dn_0: 0.5331 (0.5278)  loss_bbox_dn_0: 0.0503 (0.0523)  loss_giou_dn_0: 0.5994 (0.6100)  loss_fgl_dn_0: 1.2516 (1.2517)  loss_ddf_dn_0: 0.1952 (0.2176)  loss_vfl_dn_1: 0.4494 (0.4599)  loss_bbox_dn_1: 0.0393 (0.0405)  loss_giou_dn_1: 0.4776 (0.4913)  loss_fgl_dn_1: 1.2335 (1.2349)  loss_ddf_dn_1: 0.0078 (0.0084)  loss_vfl_dn_2: 0.4442 (0.4506)  loss_bbox_dn_2: 0.0392 (0.0403)  loss_giou_dn_2: 0.4762 (0.4893)  loss_fgl_dn_2: 1.2346 (1.2352)  loss_ddf_dn_2: -0.0000 (0.0000)  loss_vfl_dn_pre: 0.5307 (0.5263)  loss_bbox_dn_pre: 0.0502 (0.0514)  loss_giou_dn_pre: 0.5965 (0.6053)  time: 0.2997  data: 0.0121  max mem: 8696
Epoch: [3/30]  [43/44]  eta: 0:00:00  lr: 0.000100  loss: 20.2469 (20.3644)  loss_vfl: 0.5763 (0.5899)  loss_bbox: 0.0602 (0.0640)  loss_giou: 0.6425 (0.6442)  loss_fgl: 1.1751 (1.1814)  loss_vfl_aux_0: 0.6933 (0.7431)  loss_bbox_aux_0: 0.0805 (0.0827)  loss_giou_aux_0: 0.8396 (0.8128)  loss_fgl_aux_0: 1.1175 (1.1469)  loss_ddf_aux_0: 0.3548 (0.2769)  loss_vfl_aux_1: 0.5986 (0.6133)  loss_bbox_aux_1: 0.0622 (0.0666)  loss_giou_aux_1: 0.6613 (0.6630)  loss_fgl_aux_1: 1.1664 (1.1772)  loss_ddf_aux_1: 0.0192 (0.0178)  loss_vfl_pre: 0.6921 (0.7317)  loss_bbox_pre: 0.0797 (0.0840)  loss_giou_pre: 0.8312 (0.8037)  loss_vfl_enc_0: 0.4489 (0.5532)  loss_bbox_enc_0: 0.2519 (0.2455)  loss_giou_enc_0: 1.6553 (1.5915)  loss_vfl_dn_0: 0.5331 (0.5276)  loss_bbox_dn_0: 0.0500 (0.0522)  loss_giou_dn_0: 0.5893 (0.6080)  loss_fgl_dn_0: 1.2483 (1.2510)  loss_ddf_dn_0: 0.1952 (0.2152)  loss_vfl_dn_1: 0.4490 (0.4581)  loss_bbox_dn_1: 0.0386 (0.0402)  loss_giou_dn_1: 0.4744 (0.4893)  loss_fgl_dn_1: 1.2315 (1.2338)  loss_ddf_dn_1: 0.0078 (0.0083)  loss_vfl_dn_2: 0.4428 (0.4491)  loss_bbox_dn_2: 0.0387 (0.0401)  loss_giou_dn_2: 0.4725 (0.4873)  loss_fgl_dn_2: 1.2308 (1.2341)  loss_ddf_dn_2: -0.0000 (0.0000)  loss_vfl_dn_pre: 0.5295 (0.5259)  loss_bbox_dn_pre: 0.0495 (0.0513)  loss_giou_dn_pre: 0.5896 (0.6034)  time: 0.2969  data: 0.0119  max mem: 8696
Epoch: [3/30] Total time: 0:00:13 (0.3045 s / it)
Averaged stats: lr: 0.000100  loss: 20.2469 (20.3644)  loss_vfl: 0.5763 (0.5899)  loss_bbox: 0.0602 (0.0640)  loss_giou: 0.6425 (0.6442)  loss_fgl: 1.1751 (1.1814)  loss_vfl_aux_0: 0.6933 (0.7431)  loss_bbox_aux_0: 0.0805 (0.0827)  loss_giou_aux_0: 0.8396 (0.8128)  loss_fgl_aux_0: 1.1175 (1.1469)  loss_ddf_aux_0: 0.3548 (0.2769)  loss_vfl_aux_1: 0.5986 (0.6133)  loss_bbox_aux_1: 0.0622 (0.0666)  loss_giou_aux_1: 0.6613 (0.6630)  loss_fgl_aux_1: 1.1664 (1.1772)  loss_ddf_aux_1: 0.0192 (0.0178)  loss_vfl_pre: 0.6921 (0.7317)  loss_bbox_pre: 0.0797 (0.0840)  loss_giou_pre: 0.8312 (0.8037)  loss_vfl_enc_0: 0.4489 (0.5532)  loss_bbox_enc_0: 0.2519 (0.2455)  loss_giou_enc_0: 1.6553 (1.5915)  loss_vfl_dn_0: 0.5331 (0.5276)  loss_bbox_dn_0: 0.0500 (0.0522)  loss_giou_dn_0: 0.5893 (0.6080)  loss_fgl_dn_0: 1.2483 (1.2510)  loss_ddf_dn_0: 0.1952 (0.2152)  loss_vfl_dn_1: 0.4490 (0.4581)  loss_bbox_dn_1: 0.0386 (0.0402)  loss_giou_dn_1: 0.4744 (0.4893)  loss_fgl_dn_1: 1.2315 (1.2338)  loss_ddf_dn_1: 0.0078 (0.0083)  loss_vfl_dn_2: 0.4428 (0.4491)  loss_bbox_dn_2: 0.0387 (0.0401)  loss_giou_dn_2: 0.4725 (0.4873)  loss_fgl_dn_2: 1.2308 (1.2341)  loss_ddf_dn_2: -0.0000 (0.0000)  loss_vfl_dn_pre: 0.5295 (0.5259)  loss_bbox_dn_pre: 0.0495 (0.0513)  loss_giou_dn_pre: 0.5896 (0.6034)
Test:  [0/9]  eta: 0:00:02    time: 0.3195  data: 0.2409  max mem: 8696
Test:  [8/9]  eta: 0:00:00    time: 0.1316  data: 0.0382  max mem: 8696
Test: Total time: 0:00:01 (0.1358 s / it)
Metrics: {'f1': 0.8356164383561645, 'precision': 0.8243243243243243, 'recall': 0.8472222222222222, 'iou': 0.5147347576477949, 'TPs': 122, 'FPs': 26, 'FNs': 22}
Averaged stats: 
Accumulating evaluation results...
COCOeval_opt.accumulate() finished...
DONE (t=0.01s).
IoU metric: bbox
 Average Precision  (AP) @[ IoU=0.50:0.95 | area=   all | maxDets=100 ] = 0.362
 Average Precision  (AP) @[ IoU=0.50      | area=   all | maxDets=100 ] = 0.886
 Average Precision  (AP) @[ IoU=0.75      | area=   all | maxDets=100 ] = 0.170
 Average Precision  (AP) @[ IoU=0.50:0.95 | area= small | maxDets=100 ] = 0.362
 Average Precision  (AP) @[ IoU=0.50:0.95 | area=medium | maxDets=100 ] = -1.000
 Average Precision  (AP) @[ IoU=0.50:0.95 | area= large | maxDets=100 ] = -1.000
 Average Recall     (AR) @[ IoU=0.50:0.95 | area=   all | maxDets=  1 ] = 0.212
 Average Recall     (AR) @[ IoU=0.50:0.95 | area=   all | maxDets= 10 ] = 0.508
 Average Recall     (AR) @[ IoU=0.50:0.95 | area=   all | maxDets=100 ] = 0.601
 Average Recall     (AR) @[ IoU=0.50:0.95 | area= small | maxDets=100 ] = 0.601
 Average Recall     (AR) @[ IoU=0.50:0.95 | area=medium | maxDets=100 ] = -1.000
 Average Recall     (AR) @[ IoU=0.50:0.95 | area= large | maxDets=100 ] = -1.000
 Average Recall     (AR) @[ IoU=0.50      | area=   all | maxDets=100 ] = 0.986
 Average Recall     (AR) @[ IoU=0.75      | area=   all | maxDets=100 ] = 0.667
best_stat: {'epoch': 3, 'coco_eval_bbox': 0.3620834618256108}
Epoch: [4/30]  [ 0/44]  eta: 0:00:23  lr: 0.000100  loss: 19.6633 (19.6633)  loss_vfl: 0.5544 (0.5544)  loss_bbox: 0.0534 (0.0534)  loss_giou: 0.5913 (0.5913)  loss_fgl: 1.1839 (1.1839)  loss_vfl_aux_0: 0.7431 (0.7431)  loss_bbox_aux_0: 0.0670 (0.0670)  loss_giou_aux_0: 0.7057 (0.7057)  loss_fgl_aux_0: 1.1829 (1.1829)  loss_ddf_aux_0: 0.4003 (0.4003)  loss_vfl_aux_1: 0.6332 (0.6332)  loss_bbox_aux_1: 0.0531 (0.0531)  loss_giou_aux_1: 0.5998 (0.5998)  loss_fgl_aux_1: 1.1797 (1.1797)  loss_ddf_aux_1: 0.0185 (0.0185)  loss_vfl_pre: 0.7311 (0.7311)  loss_bbox_pre: 0.0691 (0.0691)  loss_giou_pre: 0.7096 (0.7096)  loss_vfl_enc_0: 0.4286 (0.4286)  loss_bbox_enc_0: 0.2123 (0.2123)  loss_giou_enc_0: 1.7033 (1.7033)  loss_vfl_dn_0: 0.5335 (0.5335)  loss_bbox_dn_0: 0.0468 (0.0468)  loss_giou_dn_0: 0.5327 (0.5327)  loss_fgl_dn_0: 1.2228 (1.2228)  loss_ddf_dn_0: 0.1947 (0.1947)  loss_vfl_dn_1: 0.4386 (0.4386)  loss_bbox_dn_1: 0.0347 (0.0347)  loss_giou_dn_1: 0.4333 (0.4333)  loss_fgl_dn_1: 1.1926 (1.1926)  loss_ddf_dn_1: 0.0085 (0.0085)  loss_vfl_dn_2: 0.4322 (0.4322)  loss_bbox_dn_2: 0.0351 (0.0351)  loss_giou_dn_2: 0.4376 (0.4376)  loss_fgl_dn_2: 1.1930 (1.1930)  loss_ddf_dn_2: -0.0000 (0.0000)  loss_vfl_dn_pre: 0.5295 (0.5295)  loss_bbox_dn_pre: 0.0465 (0.0465)  loss_giou_dn_pre: 0.5309 (0.5309)  time: 0.5419  data: 0.2411  max mem: 8696
Epoch: [4/30]  [10/44]  eta: 0:00:10  lr: 0.000100  loss: 20.3845 (20.2162)  loss_vfl: 0.5933 (0.5889)  loss_bbox: 0.0534 (0.0601)  loss_giou: 0.6003 (0.6226)  loss_fgl: 1.1813 (1.1933)  loss_vfl_aux_0: 0.6733 (0.6850)  loss_bbox_aux_0: 0.0768 (0.0800)  loss_giou_aux_0: 0.8484 (0.8375)  loss_fgl_aux_0: 1.1299 (1.1397)  loss_ddf_aux_0: 0.3229 (0.3227)  loss_vfl_aux_1: 0.6299 (0.6366)  loss_bbox_aux_1: 0.0557 (0.0635)  loss_giou_aux_1: 0.6546 (0.6543)  loss_fgl_aux_1: 1.1797 (1.1847)  loss_ddf_aux_1: 0.0183 (0.0170)  loss_vfl_pre: 0.6810 (0.7003)  loss_bbox_pre: 0.0775 (0.0810)  loss_giou_pre: 0.7999 (0.8329)  loss_vfl_enc_0: 0.3560 (0.3756)  loss_bbox_enc_0: 0.2650 (0.2611)  loss_giou_enc_0: 1.7912 (1.8012)  loss_vfl_dn_0: 0.5194 (0.5216)  loss_bbox_dn_0: 0.0480 (0.0487)  loss_giou_dn_0: 0.5792 (0.5737)  loss_fgl_dn_0: 1.2566 (1.2549)  loss_ddf_dn_0: 0.1947 (0.1965)  loss_vfl_dn_1: 0.4420 (0.4419)  loss_bbox_dn_1: 0.0386 (0.0380)  loss_giou_dn_1: 0.4628 (0.4626)  loss_fgl_dn_1: 1.2323 (1.2301)  loss_ddf_dn_1: 0.0092 (0.0090)  loss_vfl_dn_2: 0.4322 (0.4340)  loss_bbox_dn_2: 0.0379 (0.0377)  loss_giou_dn_2: 0.4609 (0.4598)  loss_fgl_dn_2: 1.2335 (1.2301)  loss_ddf_dn_2: -0.0000 (0.0000)  loss_vfl_dn_pre: 0.5174 (0.5188)  loss_bbox_dn_pre: 0.0479 (0.0485)  loss_giou_dn_pre: 0.5759 (0.5722)  time: 0.3226  data: 0.0330  max mem: 8696
Epoch: [4/30]  [20/44]  eta: 0:00:07  lr: 0.000100  loss: 19.9535 (19.8728)  loss_vfl: 0.5535 (0.5586)  loss_bbox: 0.0512 (0.0592)  loss_giou: 0.5961 (0.6149)  loss_fgl: 1.2048 (1.1970)  loss_vfl_aux_0: 0.6733 (0.7017)  loss_bbox_aux_0: 0.0735 (0.0783)  loss_giou_aux_0: 0.7880 (0.7979)  loss_fgl_aux_0: 1.1502 (1.1551)  loss_ddf_aux_0: 0.2446 (0.2608)  loss_vfl_aux_1: 0.5812 (0.5979)  loss_bbox_aux_1: 0.0557 (0.0618)  loss_giou_aux_1: 0.6177 (0.6410)  loss_fgl_aux_1: 1.1819 (1.1849)  loss_ddf_aux_1: 0.0115 (0.0137)  loss_vfl_pre: 0.6925 (0.7091)  loss_bbox_pre: 0.0737 (0.0777)  loss_giou_pre: 0.7814 (0.7940)  loss_vfl_enc_0: 0.3581 (0.3927)  loss_bbox_enc_0: 0.2496 (0.2554)  loss_giou_enc_0: 1.7329 (1.7020)  loss_vfl_dn_0: 0.5194 (0.5225)  loss_bbox_dn_0: 0.0480 (0.0484)  loss_giou_dn_0: 0.5773 (0.5710)  loss_fgl_dn_0: 1.2486 (1.2482)  loss_ddf_dn_0: 0.1731 (0.1833)  loss_vfl_dn_1: 0.4382 (0.4384)  loss_bbox_dn_1: 0.0383 (0.0373)  loss_giou_dn_1: 0.4547 (0.4567)  loss_fgl_dn_1: 1.2222 (1.2210)  loss_ddf_dn_1: 0.0086 (0.0082)  loss_vfl_dn_2: 0.4321 (0.4313)  loss_bbox_dn_2: 0.0378 (0.0372)  loss_giou_dn_2: 0.4594 (0.4565)  loss_fgl_dn_2: 1.2212 (1.2214)  loss_ddf_dn_2: -0.0000 (0.0000)  loss_vfl_dn_pre: 0.5175 (0.5200)  loss_bbox_dn_pre: 0.0479 (0.0482)  loss_giou_dn_pre: 0.5759 (0.5696)  time: 0.2999  data: 0.0120  max mem: 8696
Epoch: [4/30]  [30/44]  eta: 0:00:04  lr: 0.000100  loss: 19.4833 (19.7779)  loss_vfl: 0.5533 (0.5662)  loss_bbox: 0.0470 (0.0555)  loss_giou: 0.5615 (0.5952)  loss_fgl: 1.2111 (1.2064)  loss_vfl_aux_0: 0.7433 (0.7245)  loss_bbox_aux_0: 0.0625 (0.0734)  loss_giou_aux_0: 0.7352 (0.7780)  loss_fgl_aux_0: 1.1825 (1.1674)  loss_ddf_aux_0: 0.1704 (0.2301)  loss_vfl_aux_1: 0.5666 (0.5968)  loss_bbox_aux_1: 0.0481 (0.0581)  loss_giou_aux_1: 0.5870 (0.6168)  loss_fgl_aux_1: 1.2145 (1.1985)  loss_ddf_aux_1: 0.0108 (0.0133)  loss_vfl_pre: 0.7483 (0.7290)  loss_bbox_pre: 0.0642 (0.0723)  loss_giou_pre: 0.6979 (0.7687)  loss_vfl_enc_0: 0.4500 (0.4205)  loss_bbox_enc_0: 0.2181 (0.2369)  loss_giou_enc_0: 1.5237 (1.6623)  loss_vfl_dn_0: 0.5177 (0.5201)  loss_bbox_dn_0: 0.0468 (0.0478)  loss_giou_dn_0: 0.5632 (0.5708)  loss_fgl_dn_0: 1.2476 (1.2519)  loss_ddf_dn_0: 0.1731 (0.1862)  loss_vfl_dn_1: 0.4321 (0.4359)  loss_bbox_dn_1: 0.0360 (0.0364)  loss_giou_dn_1: 0.4463 (0.4513)  loss_fgl_dn_1: 1.2174 (1.2239)  loss_ddf_dn_1: 0.0078 (0.0083)  loss_vfl_dn_2: 0.4279 (0.4296)  loss_bbox_dn_2: 0.0360 (0.0364)  loss_giou_dn_2: 0.4490 (0.4508)  loss_fgl_dn_2: 1.2173 (1.2240)  loss_ddf_dn_2: -0.0000 (0.0000)  loss_vfl_dn_pre: 0.5175 (0.5178)  loss_bbox_dn_pre: 0.0469 (0.0476)  loss_giou_dn_pre: 0.5607 (0.5692)  time: 0.2986  data: 0.0119  max mem: 8696
Epoch: [4/30]  [40/44]  eta: 0:00:01  lr: 0.000100  loss: 19.5081 (19.8087)  loss_vfl: 0.5623 (0.5637)  loss_bbox: 0.0470 (0.0598)  loss_giou: 0.5611 (0.6065)  loss_fgl: 1.2323 (1.2071)  loss_vfl_aux_0: 0.7585 (0.7422)  loss_bbox_aux_0: 0.0603 (0.0759)  loss_giou_aux_0: 0.6991 (0.7737)  loss_fgl_aux_0: 1.1883 (1.1718)  loss_ddf_aux_0: 0.1584 (0.2109)  loss_vfl_aux_1: 0.5755 (0.5915)  loss_bbox_aux_1: 0.0506 (0.0622)  loss_giou_aux_1: 0.5955 (0.6290)  loss_fgl_aux_1: 1.2226 (1.1982)  loss_ddf_aux_1: 0.0124 (0.0130)  loss_vfl_pre: 0.7576 (0.7435)  loss_bbox_pre: 0.0603 (0.0736)  loss_giou_pre: 0.6943 (0.7649)  loss_vfl_enc_0: 0.4708 (0.4361)  loss_bbox_enc_0: 0.1876 (0.2270)  loss_giou_enc_0: 1.5589 (1.6514)  loss_vfl_dn_0: 0.5138 (0.5189)  loss_bbox_dn_0: 0.0472 (0.0482)  loss_giou_dn_0: 0.5711 (0.5743)  loss_fgl_dn_0: 1.2514 (1.2491)  loss_ddf_dn_0: 0.1936 (0.1906)  loss_vfl_dn_1: 0.4321 (0.4353)  loss_bbox_dn_1: 0.0339 (0.0362)  loss_giou_dn_1: 0.4458 (0.4511)  loss_fgl_dn_1: 1.2247 (1.2205)  loss_ddf_dn_1: 0.0080 (0.0082)  loss_vfl_dn_2: 0.4288 (0.4295)  loss_bbox_dn_2: 0.0336 (0.0362)  loss_giou_dn_2: 0.4490 (0.4505)  loss_fgl_dn_2: 1.2214 (1.2206)  loss_ddf_dn_2: -0.0000 (0.0000)  loss_vfl_dn_pre: 0.5126 (0.5166)  loss_bbox_dn_pre: 0.0471 (0.0480)  loss_giou_dn_pre: 0.5738 (0.5728)  time: 0.2979  data: 0.0119  max mem: 8696
Epoch: [4/30]  [43/44]  eta: 0:00:00  lr: 0.000100  loss: 19.5309 (19.8533)  loss_vfl: 0.5548 (0.5593)  loss_bbox: 0.0507 (0.0648)  loss_giou: 0.5732 (0.6181)  loss_fgl: 1.2107 (1.2013)  loss_vfl_aux_0: 0.7807 (0.7487)  loss_bbox_aux_0: 0.0625 (0.0804)  loss_giou_aux_0: 0.7159 (0.7811)  loss_fgl_aux_0: 1.1847 (1.1672)  loss_ddf_aux_0: 0.1567 (0.2063)  loss_vfl_aux_1: 0.5714 (0.5885)  loss_bbox_aux_1: 0.0515 (0.0672)  loss_giou_aux_1: 0.6004 (0.6399)  loss_fgl_aux_1: 1.2015 (1.1932)  loss_ddf_aux_1: 0.0122 (0.0131)  loss_vfl_pre: 0.7729 (0.7482)  loss_bbox_pre: 0.0642 (0.0783)  loss_giou_pre: 0.7115 (0.7738)  loss_vfl_enc_0: 0.4708 (0.4403)  loss_bbox_enc_0: 0.1829 (0.2281)  loss_giou_enc_0: 1.5662 (1.6491)  loss_vfl_dn_0: 0.5149 (0.5188)  loss_bbox_dn_0: 0.0474 (0.0482)  loss_giou_dn_0: 0.5828 (0.5740)  loss_fgl_dn_0: 1.2444 (1.2489)  loss_ddf_dn_0: 0.1970 (0.1910)  loss_vfl_dn_1: 0.4322 (0.4352)  loss_bbox_dn_1: 0.0354 (0.0364)  loss_giou_dn_1: 0.4475 (0.4514)  loss_fgl_dn_1: 1.2181 (1.2200)  loss_ddf_dn_1: 0.0078 (0.0081)  loss_vfl_dn_2: 0.4290 (0.4296)  loss_bbox_dn_2: 0.0360 (0.0364)  loss_giou_dn_2: 0.4490 (0.4512)  loss_fgl_dn_2: 1.2168 (1.2202)  loss_ddf_dn_2: -0.0000 (0.0000)  loss_vfl_dn_pre: 0.5126 (0.5166)  loss_bbox_dn_pre: 0.0475 (0.0481)  loss_giou_dn_pre: 0.5785 (0.5725)  time: 0.2953  data: 0.0118  max mem: 8696
Epoch: [4/30] Total time: 0:00:13 (0.3043 s / it)
Averaged stats: lr: 0.000100  loss: 19.5309 (19.8533)  loss_vfl: 0.5548 (0.5593)  loss_bbox: 0.0507 (0.0648)  loss_giou: 0.5732 (0.6181)  loss_fgl: 1.2107 (1.2013)  loss_vfl_aux_0: 0.7807 (0.7487)  loss_bbox_aux_0: 0.0625 (0.0804)  loss_giou_aux_0: 0.7159 (0.7811)  loss_fgl_aux_0: 1.1847 (1.1672)  loss_ddf_aux_0: 0.1567 (0.2063)  loss_vfl_aux_1: 0.5714 (0.5885)  loss_bbox_aux_1: 0.0515 (0.0672)  loss_giou_aux_1: 0.6004 (0.6399)  loss_fgl_aux_1: 1.2015 (1.1932)  loss_ddf_aux_1: 0.0122 (0.0131)  loss_vfl_pre: 0.7729 (0.7482)  loss_bbox_pre: 0.0642 (0.0783)  loss_giou_pre: 0.7115 (0.7738)  loss_vfl_enc_0: 0.4708 (0.4403)  loss_bbox_enc_0: 0.1829 (0.2281)  loss_giou_enc_0: 1.5662 (1.6491)  loss_vfl_dn_0: 0.5149 (0.5188)  loss_bbox_dn_0: 0.0474 (0.0482)  loss_giou_dn_0: 0.5828 (0.5740)  loss_fgl_dn_0: 1.2444 (1.2489)  loss_ddf_dn_0: 0.1970 (0.1910)  loss_vfl_dn_1: 0.4322 (0.4352)  loss_bbox_dn_1: 0.0354 (0.0364)  loss_giou_dn_1: 0.4475 (0.4514)  loss_fgl_dn_1: 1.2181 (1.2200)  loss_ddf_dn_1: 0.0078 (0.0081)  loss_vfl_dn_2: 0.4290 (0.4296)  loss_bbox_dn_2: 0.0360 (0.0364)  loss_giou_dn_2: 0.4490 (0.4512)  loss_fgl_dn_2: 1.2168 (1.2202)  loss_ddf_dn_2: -0.0000 (0.0000)  loss_vfl_dn_pre: 0.5126 (0.5166)  loss_bbox_dn_pre: 0.0475 (0.0481)  loss_giou_dn_pre: 0.5785 (0.5725)
Test:  [0/9]  eta: 0:00:02    time: 0.3116  data: 0.2345  max mem: 8696
Test:  [8/9]  eta: 0:00:00    time: 0.1096  data: 0.0374  max mem: 8696
Test: Total time: 0:00:01 (0.1137 s / it)
Metrics: {'f1': 0.8409893992932862, 'precision': 0.8561151079136691, 'recall': 0.8263888888888888, 'iou': 0.523835391533084, 'TPs': 119, 'FPs': 20, 'FNs': 25}
Averaged stats: 
Accumulating evaluation results...
COCOeval_opt.accumulate() finished...
DONE (t=0.01s).
IoU metric: bbox
 Average Precision  (AP) @[ IoU=0.50:0.95 | area=   all | maxDets=100 ] = 0.361
 Average Precision  (AP) @[ IoU=0.50      | area=   all | maxDets=100 ] = 0.842
 Average Precision  (AP) @[ IoU=0.75      | area=   all | maxDets=100 ] = 0.240
 Average Precision  (AP) @[ IoU=0.50:0.95 | area= small | maxDets=100 ] = 0.361
 Average Precision  (AP) @[ IoU=0.50:0.95 | area=medium | maxDets=100 ] = -1.000
 Average Precision  (AP) @[ IoU=0.50:0.95 | area= large | maxDets=100 ] = -1.000
 Average Recall     (AR) @[ IoU=0.50:0.95 | area=   all | maxDets=  1 ] = 0.181
 Average Recall     (AR) @[ IoU=0.50:0.95 | area=   all | maxDets= 10 ] = 0.471
 Average Recall     (AR) @[ IoU=0.50:0.95 | area=   all | maxDets=100 ] = 0.563
 Average Recall     (AR) @[ IoU=0.50:0.95 | area= small | maxDets=100 ] = 0.563
 Average Recall     (AR) @[ IoU=0.50:0.95 | area=medium | maxDets=100 ] = -1.000
 Average Recall     (AR) @[ IoU=0.50:0.95 | area= large | maxDets=100 ] = -1.000
 Average Recall     (AR) @[ IoU=0.50      | area=   all | maxDets=100 ] = 0.896
 Average Recall     (AR) @[ IoU=0.75      | area=   all | maxDets=100 ] = 0.653
best_stat: {'epoch': 3, 'coco_eval_bbox': 0.3620834618256108}
Epoch: [5/30]  [ 0/44]  eta: 0:00:23  lr: 0.000100  loss: 20.6472 (20.6472)  loss_vfl: 0.5392 (0.5392)  loss_bbox: 0.1029 (0.1029)  loss_giou: 0.7785 (0.7785)  loss_fgl: 1.1111 (1.1111)  loss_vfl_aux_0: 0.9038 (0.9038)  loss_bbox_aux_0: 0.1269 (0.1269)  loss_giou_aux_0: 0.9615 (0.9615)  loss_fgl_aux_0: 1.0338 (1.0338)  loss_ddf_aux_0: 0.1643 (0.1643)  loss_vfl_aux_1: 0.6300 (0.6300)  loss_bbox_aux_1: 0.1101 (0.1101)  loss_giou_aux_1: 0.8072 (0.8072)  loss_fgl_aux_1: 1.0920 (1.0920)  loss_ddf_aux_1: 0.0119 (0.0119)  loss_vfl_pre: 0.9873 (0.9873)  loss_bbox_pre: 0.1128 (0.1128)  loss_giou_pre: 0.8742 (0.8742)  loss_vfl_enc_0: 0.4887 (0.4887)  loss_bbox_enc_0: 0.3086 (0.3086)  loss_giou_enc_0: 1.8311 (1.8311)  loss_vfl_dn_0: 0.5160 (0.5160)  loss_bbox_dn_0: 0.0477 (0.0477)  loss_giou_dn_0: 0.5460 (0.5460)  loss_fgl_dn_0: 1.2205 (1.2205)  loss_ddf_dn_0: 0.1553 (0.1553)  loss_vfl_dn_1: 0.4257 (0.4257)  loss_bbox_dn_1: 0.0323 (0.0323)  loss_giou_dn_1: 0.4099 (0.4099)  loss_fgl_dn_1: 1.1734 (1.1734)  loss_ddf_dn_1: 0.0046 (0.0046)  loss_vfl_dn_2: 0.4186 (0.4186)  loss_bbox_dn_2: 0.0324 (0.0324)  loss_giou_dn_2: 0.4109 (0.4109)  loss_fgl_dn_2: 1.1731 (1.1731)  loss_ddf_dn_2: -0.0000 (0.0000)  loss_vfl_dn_pre: 0.5150 (0.5150)  loss_bbox_dn_pre: 0.0475 (0.0475)  loss_giou_dn_pre: 0.5425 (0.5425)  time: 0.5293  data: 0.2361  max mem: 8696
Epoch: [5/30]  [10/44]  eta: 0:00:10  lr: 0.000100  loss: 19.4327 (19.4534)  loss_vfl: 0.5392 (0.5462)  loss_bbox: 0.0520 (0.0557)  loss_giou: 0.5803 (0.5881)  loss_fgl: 1.2395 (1.2339)  loss_vfl_aux_0: 0.8246 (0.8199)  loss_bbox_aux_0: 0.0580 (0.0649)  loss_giou_aux_0: 0.6549 (0.6865)  loss_fgl_aux_0: 1.2278 (1.2123)  loss_ddf_aux_0: 0.1189 (0.1265)  loss_vfl_aux_1: 0.5932 (0.5826)  loss_bbox_aux_1: 0.0499 (0.0567)  loss_giou_aux_1: 0.5853 (0.5964)  loss_fgl_aux_1: 1.2415 (1.2347)  loss_ddf_aux_1: 0.0094 (0.0094)  loss_vfl_pre: 0.8283 (0.8292)  loss_bbox_pre: 0.0595 (0.0633)  loss_giou_pre: 0.6434 (0.6763)  loss_vfl_enc_0: 0.5841 (0.5793)  loss_bbox_enc_0: 0.1618 (0.1710)  loss_giou_enc_0: 1.4361 (1.4424)  loss_vfl_dn_0: 0.5070 (0.5056)  loss_bbox_dn_0: 0.0468 (0.0463)  loss_giou_dn_0: 0.5547 (0.5541)  loss_fgl_dn_0: 1.2392 (1.2434)  loss_ddf_dn_0: 0.1719 (0.1697)  loss_vfl_dn_1: 0.4323 (0.4305)  loss_bbox_dn_1: 0.0347 (0.0357)  loss_giou_dn_1: 0.4405 (0.4470)  loss_fgl_dn_1: 1.2123 (1.2140)  loss_ddf_dn_1: 0.0054 (0.0053)  loss_vfl_dn_2: 0.4287 (0.4265)  loss_bbox_dn_2: 0.0345 (0.0356)  loss_giou_dn_2: 0.4417 (0.4459)  loss_fgl_dn_2: 1.2104 (1.2135)  loss_ddf_dn_2: -0.0000 (0.0000)  loss_vfl_dn_pre: 0.5083 (0.5054)  loss_bbox_dn_pre: 0.0469 (0.0463)  loss_giou_dn_pre: 0.5549 (0.5533)  time: 0.3189  data: 0.0321  max mem: 8696
Epoch: [5/30]  [20/44]  eta: 0:00:07  lr: 0.000100  loss: 19.4327 (19.4769)  loss_vfl: 0.5444 (0.5563)  loss_bbox: 0.0477 (0.0523)  loss_giou: 0.5758 (0.5748)  loss_fgl: 1.2360 (1.2338)  loss_vfl_aux_0: 0.8028 (0.8211)  loss_bbox_aux_0: 0.0572 (0.0616)  loss_giou_aux_0: 0.6549 (0.6765)  loss_fgl_aux_0: 1.2278 (1.2203)  loss_ddf_aux_0: 0.1263 (0.1327)  loss_vfl_aux_1: 0.5769 (0.5872)  loss_bbox_aux_1: 0.0482 (0.0531)  loss_giou_aux_1: 0.5807 (0.5809)  loss_fgl_aux_1: 1.2342 (1.2340)  loss_ddf_aux_1: 0.0092 (0.0093)  loss_vfl_pre: 0.8050 (0.8238)  loss_bbox_pre: 0.0592 (0.0610)  loss_giou_pre: 0.6510 (0.6713)  loss_vfl_enc_0: 0.5841 (0.5792)  loss_bbox_enc_0: 0.1618 (0.1715)  loss_giou_enc_0: 1.3739 (1.4424)  loss_vfl_dn_0: 0.5054 (0.5074)  loss_bbox_dn_0: 0.0468 (0.0469)  loss_giou_dn_0: 0.5563 (0.5611)  loss_fgl_dn_0: 1.2526 (1.2531)  loss_ddf_dn_0: 0.1736 (0.1793)  loss_vfl_dn_1: 0.4334 (0.4323)  loss_bbox_dn_1: 0.0347 (0.0356)  loss_giou_dn_1: 0.4405 (0.4464)  loss_fgl_dn_1: 1.2255 (1.2214)  loss_ddf_dn_1: 0.0057 (0.0060)  loss_vfl_dn_2: 0.4291 (0.4291)  loss_bbox_dn_2: 0.0345 (0.0356)  loss_giou_dn_2: 0.4417 (0.4456)  loss_fgl_dn_2: 1.2242 (1.2213)  loss_ddf_dn_2: -0.0000 (0.0000)  loss_vfl_dn_pre: 0.5037 (0.5059)  loss_bbox_dn_pre: 0.0468 (0.0468)  loss_giou_dn_pre: 0.5549 (0.5598)  time: 0.2980  data: 0.0118  max mem: 8696
Epoch: [5/30]  [30/44]  eta: 0:00:04  lr: 0.000100  loss: 19.2381 (19.2959)  loss_vfl: 0.5430 (0.5445)  loss_bbox: 0.0471 (0.0506)  loss_giou: 0.5443 (0.5573)  loss_fgl: 1.2220 (1.2362)  loss_vfl_aux_0: 0.8104 (0.8327)  loss_bbox_aux_0: 0.0540 (0.0588)  loss_giou_aux_0: 0.6298 (0.6483)  loss_fgl_aux_0: 1.2369 (1.2281)  loss_ddf_aux_0: 0.1225 (0.1273)  loss_vfl_aux_1: 0.5691 (0.5785)  loss_bbox_aux_1: 0.0467 (0.0513)  loss_giou_aux_1: 0.5549 (0.5639)  loss_fgl_aux_1: 1.2255 (1.2362)  loss_ddf_aux_1: 0.0073 (0.0084)  loss_vfl_pre: 0.8113 (0.8315)  loss_bbox_pre: 0.0538 (0.0584)  loss_giou_pre: 0.6251 (0.6434)  loss_vfl_enc_0: 0.6909 (0.6236)  loss_bbox_enc_0: 0.1500 (0.1590)  loss_giou_enc_0: 1.2508 (1.3694)  loss_vfl_dn_0: 0.5059 (0.5070)  loss_bbox_dn_0: 0.0466 (0.0470)  loss_giou_dn_0: 0.5541 (0.5538)  loss_fgl_dn_0: 1.2518 (1.2500)  loss_ddf_dn_0: 0.1802 (0.1784)  loss_vfl_dn_1: 0.4304 (0.4295)  loss_bbox_dn_1: 0.0348 (0.0357)  loss_giou_dn_1: 0.4360 (0.4407)  loss_fgl_dn_1: 1.2131 (1.2179)  loss_ddf_dn_1: 0.0057 (0.0057)  loss_vfl_dn_2: 0.4267 (0.4255)  loss_bbox_dn_2: 0.0345 (0.0356)  loss_giou_dn_2: 0.4369 (0.4395)  loss_fgl_dn_2: 1.2126 (1.2176)  loss_ddf_dn_2: -0.0000 (0.0000)  loss_vfl_dn_pre: 0.5046 (0.5056)  loss_bbox_dn_pre: 0.0464 (0.0469)  loss_giou_dn_pre: 0.5520 (0.5520)  time: 0.2979  data: 0.0118  max mem: 8696
Epoch: [5/30]  [40/44]  eta: 0:00:01  lr: 0.000100  loss: 18.9956 (19.2901)  loss_vfl: 0.5139 (0.5354)  loss_bbox: 0.0471 (0.0506)  loss_giou: 0.5433 (0.5606)  loss_fgl: 1.2412 (1.2403)  loss_vfl_aux_0: 0.7805 (0.8150)  loss_bbox_aux_0: 0.0533 (0.0582)  loss_giou_aux_0: 0.5915 (0.6442)  loss_fgl_aux_0: 1.2406 (1.2332)  loss_ddf_aux_0: 0.1081 (0.1216)  loss_vfl_aux_1: 0.5302 (0.5674)  loss_bbox_aux_1: 0.0491 (0.0513)  loss_giou_aux_1: 0.5549 (0.5680)  loss_fgl_aux_1: 1.2417 (1.2405)  loss_ddf_aux_1: 0.0065 (0.0082)  loss_vfl_pre: 0.7674 (0.8160)  loss_bbox_pre: 0.0538 (0.0575)  loss_giou_pre: 0.5886 (0.6390)  loss_vfl_enc_0: 0.7218 (0.6494)  loss_bbox_enc_0: 0.1205 (0.1504)  loss_giou_enc_0: 1.2193 (1.3389)  loss_vfl_dn_0: 0.4984 (0.5048)  loss_bbox_dn_0: 0.0489 (0.0474)  loss_giou_dn_0: 0.5672 (0.5622)  loss_fgl_dn_0: 1.2673 (1.2572)  loss_ddf_dn_0: 0.1880 (0.1811)  loss_vfl_dn_1: 0.4283 (0.4305)  loss_bbox_dn_1: 0.0360 (0.0361)  loss_giou_dn_1: 0.4413 (0.4466)  loss_fgl_dn_1: 1.2357 (1.2274)  loss_ddf_dn_1: 0.0056 (0.0058)  loss_vfl_dn_2: 0.4223 (0.4263)  loss_bbox_dn_2: 0.0357 (0.0360)  loss_giou_dn_2: 0.4413 (0.4450)  loss_fgl_dn_2: 1.2319 (1.2274)  loss_ddf_dn_2: -0.0000 (0.0000)  loss_vfl_dn_pre: 0.4965 (0.5032)  loss_bbox_dn_pre: 0.0485 (0.0472)  loss_giou_dn_pre: 0.5629 (0.5602)  time: 0.2976  data: 0.0119  max mem: 8696
Epoch: [5/30]  [43/44]  eta: 0:00:00  lr: 0.000100  loss: 18.9115 (19.2499)  loss_vfl: 0.5046 (0.5328)  loss_bbox: 0.0469 (0.0503)  loss_giou: 0.5443 (0.5565)  loss_fgl: 1.2412 (1.2406)  loss_vfl_aux_0: 0.7805 (0.8167)  loss_bbox_aux_0: 0.0533 (0.0577)  loss_giou_aux_0: 0.6056 (0.6394)  loss_fgl_aux_0: 1.2388 (1.2343)  loss_ddf_aux_0: 0.1023 (0.1200)  loss_vfl_aux_1: 0.5287 (0.5659)  loss_bbox_aux_1: 0.0479 (0.0510)  loss_giou_aux_1: 0.5630 (0.5640)  loss_fgl_aux_1: 1.2357 (1.2403)  loss_ddf_aux_1: 0.0065 (0.0081)  loss_vfl_pre: 0.7674 (0.8171)  loss_bbox_pre: 0.0538 (0.0571)  loss_giou_pre: 0.5991 (0.6347)  loss_vfl_enc_0: 0.7244 (0.6538)  loss_bbox_enc_0: 0.1201 (0.1482)  loss_giou_enc_0: 1.2193 (1.3285)  loss_vfl_dn_0: 0.4984 (0.5045)  loss_bbox_dn_0: 0.0489 (0.0474)  loss_giou_dn_0: 0.5672 (0.5607)  loss_fgl_dn_0: 1.2552 (1.2557)  loss_ddf_dn_0: 0.1802 (0.1804)  loss_vfl_dn_1: 0.4283 (0.4299)  loss_bbox_dn_1: 0.0360 (0.0362)  loss_giou_dn_1: 0.4420 (0.4454)  loss_fgl_dn_1: 1.2260 (1.2259)  loss_ddf_dn_1: 0.0056 (0.0059)  loss_vfl_dn_2: 0.4233 (0.4257)  loss_bbox_dn_2: 0.0357 (0.0361)  loss_giou_dn_2: 0.4413 (0.4441)  loss_fgl_dn_2: 1.2311 (1.2260)  loss_ddf_dn_2: -0.0000 (0.0000)  loss_vfl_dn_pre: 0.4965 (0.5029)  loss_bbox_dn_pre: 0.0485 (0.0472)  loss_giou_dn_pre: 0.5629 (0.5589)  time: 0.2951  data: 0.0118  max mem: 8696
Epoch: [5/30] Total time: 0:00:13 (0.3030 s / it)
Averaged stats: lr: 0.000100  loss: 18.9115 (19.2499)  loss_vfl: 0.5046 (0.5328)  loss_bbox: 0.0469 (0.0503)  loss_giou: 0.5443 (0.5565)  loss_fgl: 1.2412 (1.2406)  loss_vfl_aux_0: 0.7805 (0.8167)  loss_bbox_aux_0: 0.0533 (0.0577)  loss_giou_aux_0: 0.6056 (0.6394)  loss_fgl_aux_0: 1.2388 (1.2343)  loss_ddf_aux_0: 0.1023 (0.1200)  loss_vfl_aux_1: 0.5287 (0.5659)  loss_bbox_aux_1: 0.0479 (0.0510)  loss_giou_aux_1: 0.5630 (0.5640)  loss_fgl_aux_1: 1.2357 (1.2403)  loss_ddf_aux_1: 0.0065 (0.0081)  loss_vfl_pre: 0.7674 (0.8171)  loss_bbox_pre: 0.0538 (0.0571)  loss_giou_pre: 0.5991 (0.6347)  loss_vfl_enc_0: 0.7244 (0.6538)  loss_bbox_enc_0: 0.1201 (0.1482)  loss_giou_enc_0: 1.2193 (1.3285)  loss_vfl_dn_0: 0.4984 (0.5045)  loss_bbox_dn_0: 0.0489 (0.0474)  loss_giou_dn_0: 0.5672 (0.5607)  loss_fgl_dn_0: 1.2552 (1.2557)  loss_ddf_dn_0: 0.1802 (0.1804)  loss_vfl_dn_1: 0.4283 (0.4299)  loss_bbox_dn_1: 0.0360 (0.0362)  loss_giou_dn_1: 0.4420 (0.4454)  loss_fgl_dn_1: 1.2260 (1.2259)  loss_ddf_dn_1: 0.0056 (0.0059)  loss_vfl_dn_2: 0.4233 (0.4257)  loss_bbox_dn_2: 0.0357 (0.0361)  loss_giou_dn_2: 0.4413 (0.4441)  loss_fgl_dn_2: 1.2311 (1.2260)  loss_ddf_dn_2: -0.0000 (0.0000)  loss_vfl_dn_pre: 0.4965 (0.5029)  loss_bbox_dn_pre: 0.0485 (0.0472)  loss_giou_dn_pre: 0.5629 (0.5589)
Test:  [0/9]  eta: 0:00:02    time: 0.3111  data: 0.2356  max mem: 8696
Test:  [8/9]  eta: 0:00:00    time: 0.1281  data: 0.0359  max mem: 8696
Test: Total time: 0:00:01 (0.1320 s / it)
Metrics: {'f1': 0.9245901639344262, 'precision': 0.8757763975155279, 'recall': 0.9791666666666666, 'iou': 0.6200617559072448, 'TPs': 141, 'FPs': 20, 'FNs': 3}
Averaged stats: 
Accumulating evaluation results...
COCOeval_opt.accumulate() finished...
DONE (t=0.01s).
IoU metric: bbox
 Average Precision  (AP) @[ IoU=0.50:0.95 | area=   all | maxDets=100 ] = 0.371
 Average Precision  (AP) @[ IoU=0.50      | area=   all | maxDets=100 ] = 0.935
 Average Precision  (AP) @[ IoU=0.75      | area=   all | maxDets=100 ] = 0.183
 Average Precision  (AP) @[ IoU=0.50:0.95 | area= small | maxDets=100 ] = 0.372
 Average Precision  (AP) @[ IoU=0.50:0.95 | area=medium | maxDets=100 ] = -1.000
 Average Precision  (AP) @[ IoU=0.50:0.95 | area= large | maxDets=100 ] = -1.000
 Average Recall     (AR) @[ IoU=0.50:0.95 | area=   all | maxDets=  1 ] = 0.222
 Average Recall     (AR) @[ IoU=0.50:0.95 | area=   all | maxDets= 10 ] = 0.510
 Average Recall     (AR) @[ IoU=0.50:0.95 | area=   all | maxDets=100 ] = 0.599
 Average Recall     (AR) @[ IoU=0.50:0.95 | area= small | maxDets=100 ] = 0.599
 Average Recall     (AR) @[ IoU=0.50:0.95 | area=medium | maxDets=100 ] = -1.000
 Average Recall     (AR) @[ IoU=0.50:0.95 | area= large | maxDets=100 ] = -1.000
 Average Recall     (AR) @[ IoU=0.50      | area=   all | maxDets=100 ] = 0.993
 Average Recall     (AR) @[ IoU=0.75      | area=   all | maxDets=100 ] = 0.653
best_stat: {'epoch': 5, 'coco_eval_bbox': 0.37142727851354}
Epoch: [6/30]  [ 0/44]  eta: 0:00:24  lr: 0.000100  loss: 19.0715 (19.0715)  loss_vfl: 0.5210 (0.5210)  loss_bbox: 0.0492 (0.0492)  loss_giou: 0.5540 (0.5540)  loss_fgl: 1.2136 (1.2136)  loss_vfl_aux_0: 0.7846 (0.7846)  loss_bbox_aux_0: 0.0598 (0.0598)  loss_giou_aux_0: 0.6437 (0.6437)  loss_fgl_aux_0: 1.2064 (1.2064)  loss_ddf_aux_0: 0.1140 (0.1140)  loss_vfl_aux_1: 0.5993 (0.5993)  loss_bbox_aux_1: 0.0513 (0.0513)  loss_giou_aux_1: 0.5615 (0.5615)  loss_fgl_aux_1: 1.2153 (1.2153)  loss_ddf_aux_1: 0.0073 (0.0073)  loss_vfl_pre: 0.7753 (0.7753)  loss_bbox_pre: 0.0595 (0.0595)  loss_giou_pre: 0.6426 (0.6426)  loss_vfl_enc_0: 0.6157 (0.6157)  loss_bbox_enc_0: 0.1509 (0.1509)  loss_giou_enc_0: 1.4738 (1.4738)  loss_vfl_dn_0: 0.4974 (0.4974)  loss_bbox_dn_0: 0.0555 (0.0555)  loss_giou_dn_0: 0.5874 (0.5874)  loss_fgl_dn_0: 1.2029 (1.2029)  loss_ddf_dn_0: 0.1539 (0.1539)  loss_vfl_dn_1: 0.4308 (0.4308)  loss_bbox_dn_1: 0.0360 (0.0360)  loss_giou_dn_1: 0.4354 (0.4354)  loss_fgl_dn_1: 1.1722 (1.1722)  loss_ddf_dn_1: 0.0043 (0.0043)  loss_vfl_dn_2: 0.4216 (0.4216)  loss_bbox_dn_2: 0.0362 (0.0362)  loss_giou_dn_2: 0.4389 (0.4389)  loss_fgl_dn_2: 1.1741 (1.1741)  loss_ddf_dn_2: -0.0000 (0.0000)  loss_vfl_dn_pre: 0.4955 (0.4955)  loss_bbox_dn_pre: 0.0537 (0.0537)  loss_giou_dn_pre: 0.5766 (0.5766)  time: 0.5659  data: 0.2648  max mem: 8696
Epoch: [6/30]  [10/44]  eta: 0:00:10  lr: 0.000100  loss: 18.7193 (18.7148)  loss_vfl: 0.4672 (0.4907)  loss_bbox: 0.0462 (0.0462)  loss_giou: 0.5229 (0.5215)  loss_fgl: 1.2480 (1.2433)  loss_vfl_aux_0: 0.8452 (0.8241)  loss_bbox_aux_0: 0.0522 (0.0511)  loss_giou_aux_0: 0.5641 (0.5781)  loss_fgl_aux_0: 1.2539 (1.2465)  loss_ddf_aux_0: 0.0946 (0.0951)  loss_vfl_aux_1: 0.5196 (0.5306)  loss_bbox_aux_1: 0.0467 (0.0465)  loss_giou_aux_1: 0.5226 (0.5208)  loss_fgl_aux_1: 1.2510 (1.2447)  loss_ddf_aux_1: 0.0067 (0.0067)  loss_vfl_pre: 0.8353 (0.8190)  loss_bbox_pre: 0.0517 (0.0511)  loss_giou_pre: 0.5609 (0.5774)  loss_vfl_enc_0: 0.7122 (0.7144)  loss_bbox_enc_0: 0.1217 (0.1266)  loss_giou_enc_0: 1.2624 (1.2420)  loss_vfl_dn_0: 0.4999 (0.5008)  loss_bbox_dn_0: 0.0466 (0.0467)  loss_giou_dn_0: 0.5255 (0.5404)  loss_fgl_dn_0: 1.2474 (1.2423)  loss_ddf_dn_0: 0.1580 (0.1655)  loss_vfl_dn_1: 0.4221 (0.4220)  loss_bbox_dn_1: 0.0329 (0.0338)  loss_giou_dn_1: 0.4177 (0.4174)  loss_fgl_dn_1: 1.2099 (1.2062)  loss_ddf_dn_1: 0.0047 (0.0055)  loss_vfl_dn_2: 0.4164 (0.4167)  loss_bbox_dn_2: 0.0328 (0.0339)  loss_giou_dn_2: 0.4177 (0.4185)  loss_fgl_dn_2: 1.2079 (1.2066)  loss_ddf_dn_2: -0.0000 (0.0000)  loss_vfl_dn_pre: 0.4990 (0.4993)  loss_bbox_dn_pre: 0.0464 (0.0461)  loss_giou_dn_pre: 0.5228 (0.5367)  time: 0.3221  data: 0.0339  max mem: 8696
Epoch: [6/30]  [20/44]  eta: 0:00:07  lr: 0.000100  loss: 18.5627 (18.6548)  loss_vfl: 0.4887 (0.4910)  loss_bbox: 0.0460 (0.0463)  loss_giou: 0.5208 (0.5210)  loss_fgl: 1.2407 (1.2383)  loss_vfl_aux_0: 0.7776 (0.7936)  loss_bbox_aux_0: 0.0499 (0.0517)  loss_giou_aux_0: 0.5789 (0.5810)  loss_fgl_aux_0: 1.2481 (1.2438)  loss_ddf_aux_0: 0.0852 (0.0884)  loss_vfl_aux_1: 0.5363 (0.5452)  loss_bbox_aux_1: 0.0462 (0.0467)  loss_giou_aux_1: 0.5226 (0.5235)  loss_fgl_aux_1: 1.2358 (1.2387)  loss_ddf_aux_1: 0.0050 (0.0058)  loss_vfl_pre: 0.7724 (0.7898)  loss_bbox_pre: 0.0501 (0.0517)  loss_giou_pre: 0.5773 (0.5803)  loss_vfl_enc_0: 0.7093 (0.7133)  loss_bbox_enc_0: 0.1217 (0.1261)  loss_giou_enc_0: 1.2419 (1.2293)  loss_vfl_dn_0: 0.4999 (0.4997)  loss_bbox_dn_0: 0.0457 (0.0470)  loss_giou_dn_0: 0.5349 (0.5455)  loss_fgl_dn_0: 1.2447 (1.2449)  loss_ddf_dn_0: 0.1621 (0.1657)  loss_vfl_dn_1: 0.4220 (0.4210)  loss_bbox_dn_1: 0.0330 (0.0342)  loss_giou_dn_1: 0.4169 (0.4179)  loss_fgl_dn_1: 1.2052 (1.2058)  loss_ddf_dn_1: 0.0051 (0.0054)  loss_vfl_dn_2: 0.4155 (0.4156)  loss_bbox_dn_2: 0.0328 (0.0342)  loss_giou_dn_2: 0.4148 (0.4183)  loss_fgl_dn_2: 1.2052 (1.2066)  loss_ddf_dn_2: -0.0000 (0.0000)  loss_vfl_dn_pre: 0.4994 (0.4983)  loss_bbox_dn_pre: 0.0455 (0.0466)  loss_giou_dn_pre: 0.5297 (0.5427)  time: 0.2974  data: 0.0113  max mem: 8696
Epoch: [6/30]  [30/44]  eta: 0:00:04  lr: 0.000100  loss: 18.5315 (18.6439)  loss_vfl: 0.4686 (0.4795)  loss_bbox: 0.0450 (0.0460)  loss_giou: 0.5232 (0.5230)  loss_fgl: 1.2325 (1.2413)  loss_vfl_aux_0: 0.7735 (0.7906)  loss_bbox_aux_0: 0.0490 (0.0509)  loss_giou_aux_0: 0.5789 (0.5794)  loss_fgl_aux_0: 1.2488 (1.2483)  loss_ddf_aux_0: 0.0852 (0.0898)  loss_vfl_aux_1: 0.5363 (0.5300)  loss_bbox_aux_1: 0.0453 (0.0464)  loss_giou_aux_1: 0.5293 (0.5255)  loss_fgl_aux_1: 1.2300 (1.2414)  loss_ddf_aux_1: 0.0049 (0.0059)  loss_vfl_pre: 0.7639 (0.7869)  loss_bbox_pre: 0.0487 (0.0509)  loss_giou_pre: 0.5799 (0.5784)  loss_vfl_enc_0: 0.6810 (0.7040)  loss_bbox_enc_0: 0.1222 (0.1259)  loss_giou_enc_0: 1.2419 (1.2400)  loss_vfl_dn_0: 0.4994 (0.5002)  loss_bbox_dn_0: 0.0454 (0.0458)  loss_giou_dn_0: 0.5368 (0.5398)  loss_fgl_dn_0: 1.2521 (1.2503)  loss_ddf_dn_0: 0.1644 (0.1642)  loss_vfl_dn_1: 0.4199 (0.4207)  loss_bbox_dn_1: 0.0334 (0.0340)  loss_giou_dn_1: 0.4184 (0.4208)  loss_fgl_dn_1: 1.2124 (1.2126)  loss_ddf_dn_1: 0.0057 (0.0055)  loss_vfl_dn_2: 0.4154 (0.4155)  loss_bbox_dn_2: 0.0339 (0.0341)  loss_giou_dn_2: 0.4156 (0.4212)  loss_fgl_dn_2: 1.2106 (1.2133)  loss_ddf_dn_2: -0.0000 (0.0000)  loss_vfl_dn_pre: 0.4981 (0.4985)  loss_bbox_dn_pre: 0.0452 (0.0455)  loss_giou_dn_pre: 0.5392 (0.5380)  time: 0.2978  data: 0.0118  max mem: 8696
Epoch: [6/30]  [40/44]  eta: 0:00:01  lr: 0.000100  loss: 18.7326 (18.7754)  loss_vfl: 0.4640 (0.4824)  loss_bbox: 0.0456 (0.0468)  loss_giou: 0.5469 (0.5316)  loss_fgl: 1.2426 (1.2426)  loss_vfl_aux_0: 0.8189 (0.8226)  loss_bbox_aux_0: 0.0494 (0.0514)  loss_giou_aux_0: 0.5924 (0.5874)  loss_fgl_aux_0: 1.2488 (1.2472)  loss_ddf_aux_0: 0.0871 (0.0877)  loss_vfl_aux_1: 0.4955 (0.5287)  loss_bbox_aux_1: 0.0453 (0.0472)  loss_giou_aux_1: 0.5452 (0.5344)  loss_fgl_aux_1: 1.2453 (1.2426)  loss_ddf_aux_1: 0.0054 (0.0057)  loss_vfl_pre: 0.8194 (0.8180)  loss_bbox_pre: 0.0492 (0.0514)  loss_giou_pre: 0.5798 (0.5854)  loss_vfl_enc_0: 0.7522 (0.7391)  loss_bbox_enc_0: 0.1204 (0.1231)  loss_giou_enc_0: 1.1907 (1.2167)  loss_vfl_dn_0: 0.4967 (0.4994)  loss_bbox_dn_0: 0.0448 (0.0460)  loss_giou_dn_0: 0.5415 (0.5424)  loss_fgl_dn_0: 1.2567 (1.2517)  loss_ddf_dn_0: 0.1678 (0.1673)  loss_vfl_dn_1: 0.4191 (0.4207)  loss_bbox_dn_1: 0.0344 (0.0344)  loss_giou_dn_1: 0.4403 (0.4250)  loss_fgl_dn_1: 1.2168 (1.2152)  loss_ddf_dn_1: 0.0046 (0.0052)  loss_vfl_dn_2: 0.4146 (0.4159)  loss_bbox_dn_2: 0.0348 (0.0345)  loss_giou_dn_2: 0.4400 (0.4254)  loss_fgl_dn_2: 1.2185 (1.2161)  loss_ddf_dn_2: -0.0000 (0.0000)  loss_vfl_dn_pre: 0.4949 (0.4978)  loss_bbox_dn_pre: 0.0448 (0.0458)  loss_giou_dn_pre: 0.5383 (0.5406)  time: 0.2984  data: 0.0118  max mem: 8696
Epoch: [6/30]  [43/44]  eta: 0:00:00  lr: 0.000100  loss: 18.7272 (18.7724)  loss_vfl: 0.4651 (0.4812)  loss_bbox: 0.0448 (0.0463)  loss_giou: 0.5435 (0.5281)  loss_fgl: 1.2401 (1.2454)  loss_vfl_aux_0: 0.7986 (0.8188)  loss_bbox_aux_0: 0.0490 (0.0513)  loss_giou_aux_0: 0.6024 (0.5880)  loss_fgl_aux_0: 1.2465 (1.2473)  loss_ddf_aux_0: 0.0871 (0.0871)  loss_vfl_aux_1: 0.5049 (0.5278)  loss_bbox_aux_1: 0.0445 (0.0467)  loss_giou_aux_1: 0.5401 (0.5317)  loss_fgl_aux_1: 1.2390 (1.2446)  loss_ddf_aux_1: 0.0057 (0.0057)  loss_vfl_pre: 0.8039 (0.8176)  loss_bbox_pre: 0.0489 (0.0510)  loss_giou_pre: 0.5935 (0.5841)  loss_vfl_enc_0: 0.7999 (0.7494)  loss_bbox_enc_0: 0.1204 (0.1243)  loss_giou_enc_0: 1.1907 (1.2140)  loss_vfl_dn_0: 0.4965 (0.4995)  loss_bbox_dn_0: 0.0433 (0.0457)  loss_giou_dn_0: 0.5415 (0.5419)  loss_fgl_dn_0: 1.2566 (1.2518)  loss_ddf_dn_0: 0.1678 (0.1654)  loss_vfl_dn_1: 0.4191 (0.4206)  loss_bbox_dn_1: 0.0341 (0.0343)  loss_giou_dn_1: 0.4359 (0.4257)  loss_fgl_dn_1: 1.2166 (1.2157)  loss_ddf_dn_1: 0.0044 (0.0051)  loss_vfl_dn_2: 0.4146 (0.4160)  loss_bbox_dn_2: 0.0336 (0.0344)  loss_giou_dn_2: 0.4341 (0.4257)  loss_fgl_dn_2: 1.2174 (1.2164)  loss_ddf_dn_2: -0.0000 (0.0000)  loss_vfl_dn_pre: 0.4947 (0.4980)  loss_bbox_dn_pre: 0.0434 (0.0454)  loss_giou_dn_pre: 0.5393 (0.5402)  time: 0.2955  data: 0.0116  max mem: 8696
Epoch: [6/30] Total time: 0:00:13 (0.3039 s / it)
Averaged stats: lr: 0.000100  loss: 18.7272 (18.7724)  loss_vfl: 0.4651 (0.4812)  loss_bbox: 0.0448 (0.0463)  loss_giou: 0.5435 (0.5281)  loss_fgl: 1.2401 (1.2454)  loss_vfl_aux_0: 0.7986 (0.8188)  loss_bbox_aux_0: 0.0490 (0.0513)  loss_giou_aux_0: 0.6024 (0.5880)  loss_fgl_aux_0: 1.2465 (1.2473)  loss_ddf_aux_0: 0.0871 (0.0871)  loss_vfl_aux_1: 0.5049 (0.5278)  loss_bbox_aux_1: 0.0445 (0.0467)  loss_giou_aux_1: 0.5401 (0.5317)  loss_fgl_aux_1: 1.2390 (1.2446)  loss_ddf_aux_1: 0.0057 (0.0057)  loss_vfl_pre: 0.8039 (0.8176)  loss_bbox_pre: 0.0489 (0.0510)  loss_giou_pre: 0.5935 (0.5841)  loss_vfl_enc_0: 0.7999 (0.7494)  loss_bbox_enc_0: 0.1204 (0.1243)  loss_giou_enc_0: 1.1907 (1.2140)  loss_vfl_dn_0: 0.4965 (0.4995)  loss_bbox_dn_0: 0.0433 (0.0457)  loss_giou_dn_0: 0.5415 (0.5419)  loss_fgl_dn_0: 1.2566 (1.2518)  loss_ddf_dn_0: 0.1678 (0.1654)  loss_vfl_dn_1: 0.4191 (0.4206)  loss_bbox_dn_1: 0.0341 (0.0343)  loss_giou_dn_1: 0.4359 (0.4257)  loss_fgl_dn_1: 1.2166 (1.2157)  loss_ddf_dn_1: 0.0044 (0.0051)  loss_vfl_dn_2: 0.4146 (0.4160)  loss_bbox_dn_2: 0.0336 (0.0344)  loss_giou_dn_2: 0.4341 (0.4257)  loss_fgl_dn_2: 1.2174 (1.2164)  loss_ddf_dn_2: -0.0000 (0.0000)  loss_vfl_dn_pre: 0.4947 (0.4980)  loss_bbox_dn_pre: 0.0434 (0.0454)  loss_giou_dn_pre: 0.5393 (0.5402)
Test:  [0/9]  eta: 0:00:02    time: 0.2998  data: 0.2232  max mem: 8696
Test:  [8/9]  eta: 0:00:00    time: 0.1091  data: 0.0372  max mem: 8696
Test: Total time: 0:00:01 (0.1131 s / it)
Metrics: {'f1': 0.9154929577464788, 'precision': 0.9285714285714286, 'recall': 0.9027777777777778, 'iou': 0.6086630345164955, 'TPs': 130, 'FPs': 10, 'FNs': 14}
Averaged stats: 
Accumulating evaluation results...
COCOeval_opt.accumulate() finished...
DONE (t=0.01s).
IoU metric: bbox
 Average Precision  (AP) @[ IoU=0.50:0.95 | area=   all | maxDets=100 ] = 0.385
 Average Precision  (AP) @[ IoU=0.50      | area=   all | maxDets=100 ] = 0.922
 Average Precision  (AP) @[ IoU=0.75      | area=   all | maxDets=100 ] = 0.181
 Average Precision  (AP) @[ IoU=0.50:0.95 | area= small | maxDets=100 ] = 0.385
 Average Precision  (AP) @[ IoU=0.50:0.95 | area=medium | maxDets=100 ] = -1.000
 Average Precision  (AP) @[ IoU=0.50:0.95 | area= large | maxDets=100 ] = -1.000
 Average Recall     (AR) @[ IoU=0.50:0.95 | area=   all | maxDets=  1 ] = 0.208
 Average Recall     (AR) @[ IoU=0.50:0.95 | area=   all | maxDets= 10 ] = 0.502
 Average Recall     (AR) @[ IoU=0.50:0.95 | area=   all | maxDets=100 ] = 0.606
 Average Recall     (AR) @[ IoU=0.50:0.95 | area= small | maxDets=100 ] = 0.606
 Average Recall     (AR) @[ IoU=0.50:0.95 | area=medium | maxDets=100 ] = -1.000
 Average Recall     (AR) @[ IoU=0.50:0.95 | area= large | maxDets=100 ] = -1.000
 Average Recall     (AR) @[ IoU=0.50      | area=   all | maxDets=100 ] = 0.958
 Average Recall     (AR) @[ IoU=0.75      | area=   all | maxDets=100 ] = 0.674
best_stat: {'epoch': 6, 'coco_eval_bbox': 0.38464329645561957}
Epoch: [7/30]  [ 0/44]  eta: 0:00:23  lr: 0.000100  loss: 18.6966 (18.6966)  loss_vfl: 0.4944 (0.4944)  loss_bbox: 0.0426 (0.0426)  loss_giou: 0.5012 (0.5012)  loss_fgl: 1.2552 (1.2552)  loss_vfl_aux_0: 0.7936 (0.7936)  loss_bbox_aux_0: 0.0451 (0.0451)  loss_giou_aux_0: 0.5826 (0.5826)  loss_fgl_aux_0: 1.2487 (1.2487)  loss_ddf_aux_0: 0.0916 (0.0916)  loss_vfl_aux_1: 0.5716 (0.5716)  loss_bbox_aux_1: 0.0424 (0.0424)  loss_giou_aux_1: 0.5037 (0.5037)  loss_fgl_aux_1: 1.2518 (1.2518)  loss_ddf_aux_1: 0.0065 (0.0065)  loss_vfl_pre: 0.8005 (0.8005)  loss_bbox_pre: 0.0448 (0.0448)  loss_giou_pre: 0.5818 (0.5818)  loss_vfl_enc_0: 0.7731 (0.7731)  loss_bbox_enc_0: 0.1187 (0.1187)  loss_giou_enc_0: 1.2324 (1.2324)  loss_vfl_dn_0: 0.4992 (0.4992)  loss_bbox_dn_0: 0.0411 (0.0411)  loss_giou_dn_0: 0.5263 (0.5263)  loss_fgl_dn_0: 1.2611 (1.2611)  loss_ddf_dn_0: 0.1544 (0.1544)  loss_vfl_dn_1: 0.4119 (0.4119)  loss_bbox_dn_1: 0.0312 (0.0312)  loss_giou_dn_1: 0.4185 (0.4185)  loss_fgl_dn_1: 1.2255 (1.2255)  loss_ddf_dn_1: 0.0042 (0.0042)  loss_vfl_dn_2: 0.4042 (0.4042)  loss_bbox_dn_2: 0.0309 (0.0309)  loss_giou_dn_2: 0.4130 (0.4130)  loss_fgl_dn_2: 1.2243 (1.2243)  loss_ddf_dn_2: -0.0000 (0.0000)  loss_vfl_dn_pre: 0.4997 (0.4997)  loss_bbox_dn_pre: 0.0412 (0.0412)  loss_giou_dn_pre: 0.5276 (0.5276)  time: 0.5323  data: 0.2419  max mem: 8696
Epoch: [7/30]  [10/44]  eta: 0:00:10  lr: 0.000100  loss: 18.8186 (18.7725)  loss_vfl: 0.4944 (0.5021)  loss_bbox: 0.0439 (0.0460)  loss_giou: 0.5008 (0.5044)  loss_fgl: 1.2517 (1.2412)  loss_vfl_aux_0: 0.8544 (0.8718)  loss_bbox_aux_0: 0.0510 (0.0550)  loss_giou_aux_0: 0.5874 (0.5878)  loss_fgl_aux_0: 1.2487 (1.2371)  loss_ddf_aux_0: 0.0916 (0.0914)  loss_vfl_aux_1: 0.5543 (0.5603)  loss_bbox_aux_1: 0.0437 (0.0471)  loss_giou_aux_1: 0.5054 (0.5143)  loss_fgl_aux_1: 1.2467 (1.2360)  loss_ddf_aux_1: 0.0068 (0.0074)  loss_vfl_pre: 0.8383 (0.8589)  loss_bbox_pre: 0.0511 (0.0538)  loss_giou_pre: 0.5835 (0.5942)  loss_vfl_enc_0: 0.7731 (0.8121)  loss_bbox_enc_0: 0.1177 (0.1231)  loss_giou_enc_0: 1.2107 (1.2070)  loss_vfl_dn_0: 0.4992 (0.4967)  loss_bbox_dn_0: 0.0411 (0.0420)  loss_giou_dn_0: 0.4992 (0.4994)  loss_fgl_dn_0: 1.2541 (1.2519)  loss_ddf_dn_0: 0.1544 (0.1582)  loss_vfl_dn_1: 0.4139 (0.4159)  loss_bbox_dn_1: 0.0332 (0.0334)  loss_giou_dn_1: 0.4132 (0.4066)  loss_fgl_dn_1: 1.2167 (1.2155)  loss_ddf_dn_1: 0.0040 (0.0039)  loss_vfl_dn_2: 0.4083 (0.4087)  loss_bbox_dn_2: 0.0327 (0.0330)  loss_giou_dn_2: 0.4079 (0.4034)  loss_fgl_dn_2: 1.2161 (1.2145)  loss_ddf_dn_2: -0.0000 (0.0000)  loss_vfl_dn_pre: 0.4990 (0.4959)  loss_bbox_dn_pre: 0.0412 (0.0421)  loss_giou_dn_pre: 0.4985 (0.5004)  time: 0.3189  data: 0.0328  max mem: 8696
Epoch: [7/30]  [20/44]  eta: 0:00:07  lr: 0.000100  loss: 18.8520 (18.9292)  loss_vfl: 0.4942 (0.4995)  loss_bbox: 0.0440 (0.0472)  loss_giou: 0.5264 (0.5278)  loss_fgl: 1.2478 (1.2383)  loss_vfl_aux_0: 0.8236 (0.8191)  loss_bbox_aux_0: 0.0510 (0.0587)  loss_giou_aux_0: 0.5966 (0.6387)  loss_fgl_aux_0: 1.2370 (1.2216)  loss_ddf_aux_0: 0.0928 (0.0938)  loss_vfl_aux_1: 0.5080 (0.5366)  loss_bbox_aux_1: 0.0449 (0.0493)  loss_giou_aux_1: 0.5422 (0.5506)  loss_fgl_aux_1: 1.2323 (1.2255)  loss_ddf_aux_1: 0.0072 (0.0086)  loss_vfl_pre: 0.8066 (0.8135)  loss_bbox_pre: 0.0511 (0.0579)  loss_giou_pre: 0.6089 (0.6403)  loss_vfl_enc_0: 0.7260 (0.7569)  loss_bbox_enc_0: 0.1253 (0.1386)  loss_giou_enc_0: 1.2309 (1.2861)  loss_vfl_dn_0: 0.4996 (0.5018)  loss_bbox_dn_0: 0.0422 (0.0430)  loss_giou_dn_0: 0.5234 (0.5204)  loss_fgl_dn_0: 1.2563 (1.2608)  loss_ddf_dn_0: 0.1423 (0.1556)  loss_vfl_dn_1: 0.4139 (0.4191)  loss_bbox_dn_1: 0.0328 (0.0335)  loss_giou_dn_1: 0.4132 (0.4146)  loss_fgl_dn_1: 1.2176 (1.2230)  loss_ddf_dn_1: 0.0037 (0.0039)  loss_vfl_dn_2: 0.4084 (0.4133)  loss_bbox_dn_2: 0.0326 (0.0333)  loss_giou_dn_2: 0.4087 (0.4137)  loss_fgl_dn_2: 1.2166 (1.2230)  loss_ddf_dn_2: -0.0000 (0.0000)  loss_vfl_dn_pre: 0.4990 (0.4997)  loss_bbox_dn_pre: 0.0419 (0.0430)  loss_giou_dn_pre: 0.5230 (0.5190)  time: 0.2975  data: 0.0119  max mem: 8696
Epoch: [7/30]  [30/44]  eta: 0:00:04  lr: 0.000100  loss: 18.8958 (18.9075)  loss_vfl: 0.5100 (0.5050)  loss_bbox: 0.0470 (0.0490)  loss_giou: 0.5459 (0.5311)  loss_fgl: 1.2406 (1.2362)  loss_vfl_aux_0: 0.8105 (0.8342)  loss_bbox_aux_0: 0.0508 (0.0587)  loss_giou_aux_0: 0.6145 (0.6254)  loss_fgl_aux_0: 1.2370 (1.2261)  loss_ddf_aux_0: 0.0910 (0.0897)  loss_vfl_aux_1: 0.5107 (0.5353)  loss_bbox_aux_1: 0.0475 (0.0507)  loss_giou_aux_1: 0.5558 (0.5486)  loss_fgl_aux_1: 1.2400 (1.2281)  loss_ddf_aux_1: 0.0064 (0.0078)  loss_vfl_pre: 0.8066 (0.8263)  loss_bbox_pre: 0.0506 (0.0574)  loss_giou_pre: 0.6089 (0.6261)  loss_vfl_enc_0: 0.6977 (0.7505)  loss_bbox_enc_0: 0.1253 (0.1339)  loss_giou_enc_0: 1.2429 (1.2631)  loss_vfl_dn_0: 0.4990 (0.5008)  loss_bbox_dn_0: 0.0462 (0.0441)  loss_giou_dn_0: 0.5385 (0.5237)  loss_fgl_dn_0: 1.2544 (1.2581)  loss_ddf_dn_0: 0.1475 (0.1565)  loss_vfl_dn_1: 0.4213 (0.4191)  loss_bbox_dn_1: 0.0346 (0.0339)  loss_giou_dn_1: 0.4156 (0.4155)  loss_fgl_dn_1: 1.2184 (1.2205)  loss_ddf_dn_1: 0.0040 (0.0040)  loss_vfl_dn_2: 0.4171 (0.4140)  loss_bbox_dn_2: 0.0340 (0.0338)  loss_giou_dn_2: 0.4206 (0.4146)  loss_fgl_dn_2: 1.2164 (1.2204)  loss_ddf_dn_2: -0.0000 (0.0000)  loss_vfl_dn_pre: 0.4969 (0.4986)  loss_bbox_dn_pre: 0.0460 (0.0441)  loss_giou_dn_pre: 0.5363 (0.5225)  time: 0.2976  data: 0.0120  max mem: 8696
Epoch: [7/30]  [40/44]  eta: 0:00:01  lr: 0.000100  loss: 18.6514 (18.8376)  loss_vfl: 0.4805 (0.4949)  loss_bbox: 0.0470 (0.0488)  loss_giou: 0.5280 (0.5335)  loss_fgl: 1.2369 (1.2339)  loss_vfl_aux_0: 0.8105 (0.8237)  loss_bbox_aux_0: 0.0531 (0.0581)  loss_giou_aux_0: 0.5834 (0.6243)  loss_fgl_aux_0: 1.2371 (1.2257)  loss_ddf_aux_0: 0.0703 (0.0848)  loss_vfl_aux_1: 0.5140 (0.5275)  loss_bbox_aux_1: 0.0475 (0.0503)  loss_giou_aux_1: 0.5336 (0.5489)  loss_fgl_aux_1: 1.2322 (1.2278)  loss_ddf_aux_1: 0.0053 (0.0072)  loss_vfl_pre: 0.8145 (0.8146)  loss_bbox_pre: 0.0536 (0.0573)  loss_giou_pre: 0.5839 (0.6253)  loss_vfl_enc_0: 0.7784 (0.7669)  loss_bbox_enc_0: 0.1120 (0.1327)  loss_giou_enc_0: 1.1369 (1.2342)  loss_vfl_dn_0: 0.4920 (0.4988)  loss_bbox_dn_0: 0.0449 (0.0441)  loss_giou_dn_0: 0.5372 (0.5251)  loss_fgl_dn_0: 1.2500 (1.2571)  loss_ddf_dn_0: 0.1685 (0.1608)  loss_vfl_dn_1: 0.4155 (0.4178)  loss_bbox_dn_1: 0.0336 (0.0336)  loss_giou_dn_1: 0.4102 (0.4154)  loss_fgl_dn_1: 1.2107 (1.2177)  loss_ddf_dn_1: 0.0045 (0.0043)  loss_vfl_dn_2: 0.4109 (0.4129)  loss_bbox_dn_2: 0.0336 (0.0335)  loss_giou_dn_2: 0.4085 (0.4140)  loss_fgl_dn_2: 1.2123 (1.2174)  loss_ddf_dn_2: -0.0000 (0.0000)  loss_vfl_dn_pre: 0.4891 (0.4969)  loss_bbox_dn_pre: 0.0451 (0.0441)  loss_giou_dn_pre: 0.5363 (0.5240)  time: 0.2977  data: 0.0120  max mem: 8696
Epoch: [7/30]  [43/44]  eta: 0:00:00  lr: 0.000100  loss: 18.6514 (18.8061)  loss_vfl: 0.4696 (0.4935)  loss_bbox: 0.0468 (0.0481)  loss_giou: 0.5301 (0.5309)  loss_fgl: 1.2315 (1.2338)  loss_vfl_aux_0: 0.8067 (0.8221)  loss_bbox_aux_0: 0.0531 (0.0573)  loss_giou_aux_0: 0.5934 (0.6217)  loss_fgl_aux_0: 1.2345 (1.2267)  loss_ddf_aux_0: 0.0671 (0.0842)  loss_vfl_aux_1: 0.5052 (0.5252)  loss_bbox_aux_1: 0.0475 (0.0495)  loss_giou_aux_1: 0.5410 (0.5453)  loss_fgl_aux_1: 1.2311 (1.2281)  loss_ddf_aux_1: 0.0049 (0.0070)  loss_vfl_pre: 0.7812 (0.8136)  loss_bbox_pre: 0.0536 (0.0565)  loss_giou_pre: 0.5950 (0.6226)  loss_vfl_enc_0: 0.8235 (0.7719)  loss_bbox_enc_0: 0.1252 (0.1332)  loss_giou_enc_0: 1.1911 (1.2331)  loss_vfl_dn_0: 0.4883 (0.4980)  loss_bbox_dn_0: 0.0446 (0.0438)  loss_giou_dn_0: 0.5385 (0.5243)  loss_fgl_dn_0: 1.2497 (1.2558)  loss_ddf_dn_0: 0.1685 (0.1596)  loss_vfl_dn_1: 0.4133 (0.4168)  loss_bbox_dn_1: 0.0333 (0.0334)  loss_giou_dn_1: 0.4102 (0.4136)  loss_fgl_dn_1: 1.2107 (1.2161)  loss_ddf_dn_1: 0.0045 (0.0043)  loss_vfl_dn_2: 0.4099 (0.4120)  loss_bbox_dn_2: 0.0331 (0.0332)  loss_giou_dn_2: 0.4085 (0.4121)  loss_fgl_dn_2: 1.2123 (1.2157)  loss_ddf_dn_2: -0.0000 (0.0000)  loss_vfl_dn_pre: 0.4882 (0.4962)  loss_bbox_dn_pre: 0.0441 (0.0438)  loss_giou_dn_pre: 0.5394 (0.5231)  time: 0.2949  data: 0.0119  max mem: 8696
Epoch: [7/30] Total time: 0:00:13 (0.3028 s / it)
Averaged stats: lr: 0.000100  loss: 18.6514 (18.8061)  loss_vfl: 0.4696 (0.4935)  loss_bbox: 0.0468 (0.0481)  loss_giou: 0.5301 (0.5309)  loss_fgl: 1.2315 (1.2338)  loss_vfl_aux_0: 0.8067 (0.8221)  loss_bbox_aux_0: 0.0531 (0.0573)  loss_giou_aux_0: 0.5934 (0.6217)  loss_fgl_aux_0: 1.2345 (1.2267)  loss_ddf_aux_0: 0.0671 (0.0842)  loss_vfl_aux_1: 0.5052 (0.5252)  loss_bbox_aux_1: 0.0475 (0.0495)  loss_giou_aux_1: 0.5410 (0.5453)  loss_fgl_aux_1: 1.2311 (1.2281)  loss_ddf_aux_1: 0.0049 (0.0070)  loss_vfl_pre: 0.7812 (0.8136)  loss_bbox_pre: 0.0536 (0.0565)  loss_giou_pre: 0.5950 (0.6226)  loss_vfl_enc_0: 0.8235 (0.7719)  loss_bbox_enc_0: 0.1252 (0.1332)  loss_giou_enc_0: 1.1911 (1.2331)  loss_vfl_dn_0: 0.4883 (0.4980)  loss_bbox_dn_0: 0.0446 (0.0438)  loss_giou_dn_0: 0.5385 (0.5243)  loss_fgl_dn_0: 1.2497 (1.2558)  loss_ddf_dn_0: 0.1685 (0.1596)  loss_vfl_dn_1: 0.4133 (0.4168)  loss_bbox_dn_1: 0.0333 (0.0334)  loss_giou_dn_1: 0.4102 (0.4136)  loss_fgl_dn_1: 1.2107 (1.2161)  loss_ddf_dn_1: 0.0045 (0.0043)  loss_vfl_dn_2: 0.4099 (0.4120)  loss_bbox_dn_2: 0.0331 (0.0332)  loss_giou_dn_2: 0.4085 (0.4121)  loss_fgl_dn_2: 1.2123 (1.2157)  loss_ddf_dn_2: -0.0000 (0.0000)  loss_vfl_dn_pre: 0.4882 (0.4962)  loss_bbox_dn_pre: 0.0441 (0.0438)  loss_giou_dn_pre: 0.5394 (0.5231)
Test:  [0/9]  eta: 0:00:02    time: 0.3193  data: 0.2427  max mem: 8696
Test:  [8/9]  eta: 0:00:00    time: 0.1308  data: 0.0384  max mem: 8696
Test: Total time: 0:00:01 (0.1350 s / it)
Metrics: {'f1': 0.8531468531468532, 'precision': 0.8591549295774648, 'recall': 0.8472222222222222, 'iou': 0.5419016487714721, 'TPs': 122, 'FPs': 20, 'FNs': 22}
Averaged stats: 
Accumulating evaluation results...
COCOeval_opt.accumulate() finished...
DONE (t=0.01s).
IoU metric: bbox
 Average Precision  (AP) @[ IoU=0.50:0.95 | area=   all | maxDets=100 ] = 0.351
 Average Precision  (AP) @[ IoU=0.50      | area=   all | maxDets=100 ] = 0.829
 Average Precision  (AP) @[ IoU=0.75      | area=   all | maxDets=100 ] = 0.172
 Average Precision  (AP) @[ IoU=0.50:0.95 | area= small | maxDets=100 ] = 0.352
 Average Precision  (AP) @[ IoU=0.50:0.95 | area=medium | maxDets=100 ] = -1.000
 Average Precision  (AP) @[ IoU=0.50:0.95 | area= large | maxDets=100 ] = -1.000
 Average Recall     (AR) @[ IoU=0.50:0.95 | area=   all | maxDets=  1 ] = 0.170
 Average Recall     (AR) @[ IoU=0.50:0.95 | area=   all | maxDets= 10 ] = 0.454
 Average Recall     (AR) @[ IoU=0.50:0.95 | area=   all | maxDets=100 ] = 0.564
 Average Recall     (AR) @[ IoU=0.50:0.95 | area= small | maxDets=100 ] = 0.564
 Average Recall     (AR) @[ IoU=0.50:0.95 | area=medium | maxDets=100 ] = -1.000
 Average Recall     (AR) @[ IoU=0.50:0.95 | area= large | maxDets=100 ] = -1.000
 Average Recall     (AR) @[ IoU=0.50      | area=   all | maxDets=100 ] = 0.882
 Average Recall     (AR) @[ IoU=0.75      | area=   all | maxDets=100 ] = 0.632
best_stat: {'epoch': 6, 'coco_eval_bbox': 0.38464329645561957}
Epoch: [8/30]  [ 0/44]  eta: 0:00:23  lr: 0.000100  loss: 19.3949 (19.3949)  loss_vfl: 0.4130 (0.4130)  loss_bbox: 0.0791 (0.0791)  loss_giou: 0.6303 (0.6303)  loss_fgl: 1.1441 (1.1441)  loss_vfl_aux_0: 0.7840 (0.7840)  loss_bbox_aux_0: 0.1287 (0.1287)  loss_giou_aux_0: 0.7911 (0.7911)  loss_fgl_aux_0: 1.1103 (1.1103)  loss_ddf_aux_0: 0.0820 (0.0820)  loss_vfl_aux_1: 0.5044 (0.5044)  loss_bbox_aux_1: 0.0818 (0.0818)  loss_giou_aux_1: 0.6879 (0.6879)  loss_fgl_aux_1: 1.1124 (1.1124)  loss_ddf_aux_1: 0.0099 (0.0099)  loss_vfl_pre: 0.7737 (0.7737)  loss_bbox_pre: 0.1129 (0.1129)  loss_giou_pre: 0.7955 (0.7955)  loss_vfl_enc_0: 0.7540 (0.7540)  loss_bbox_enc_0: 0.2646 (0.2646)  loss_giou_enc_0: 1.6137 (1.6137)  loss_vfl_dn_0: 0.4840 (0.4840)  loss_bbox_dn_0: 0.0499 (0.0499)  loss_giou_dn_0: 0.5228 (0.5228)  loss_fgl_dn_0: 1.2513 (1.2513)  loss_ddf_dn_0: 0.1469 (0.1469)  loss_vfl_dn_1: 0.4098 (0.4098)  loss_bbox_dn_1: 0.0337 (0.0337)  loss_giou_dn_1: 0.3857 (0.3857)  loss_fgl_dn_1: 1.1874 (1.1874)  loss_ddf_dn_1: 0.0039 (0.0039)  loss_vfl_dn_2: 0.3948 (0.3948)  loss_bbox_dn_2: 0.0334 (0.0334)  loss_giou_dn_2: 0.3788 (0.3788)  loss_fgl_dn_2: 1.1852 (1.1852)  loss_ddf_dn_2: -0.0000 (0.0000)  loss_vfl_dn_pre: 0.4826 (0.4826)  loss_bbox_dn_pre: 0.0498 (0.0498)  loss_giou_dn_pre: 0.5213 (0.5213)  time: 0.5290  data: 0.2367  max mem: 8696
Epoch: [8/30]  [10/44]  eta: 0:00:10  lr: 0.000100  loss: 18.2440 (18.3989)  loss_vfl: 0.4673 (0.4575)  loss_bbox: 0.0433 (0.0485)  loss_giou: 0.4808 (0.4810)  loss_fgl: 1.2408 (1.2264)  loss_vfl_aux_0: 0.8563 (0.8456)  loss_bbox_aux_0: 0.0479 (0.0592)  loss_giou_aux_0: 0.5411 (0.5764)  loss_fgl_aux_0: 1.2605 (1.2341)  loss_ddf_aux_0: 0.0820 (0.0832)  loss_vfl_aux_1: 0.5036 (0.4937)  loss_bbox_aux_1: 0.0447 (0.0493)  loss_giou_aux_1: 0.4909 (0.4938)  loss_fgl_aux_1: 1.2462 (1.2260)  loss_ddf_aux_1: 0.0054 (0.0062)  loss_vfl_pre: 0.8404 (0.8301)  loss_bbox_pre: 0.0481 (0.0559)  loss_giou_pre: 0.5412 (0.5735)  loss_vfl_enc_0: 0.8297 (0.8380)  loss_bbox_enc_0: 0.1200 (0.1457)  loss_giou_enc_0: 1.1201 (1.1877)  loss_vfl_dn_0: 0.4928 (0.4936)  loss_bbox_dn_0: 0.0427 (0.0434)  loss_giou_dn_0: 0.4865 (0.4933)  loss_fgl_dn_0: 1.2556 (1.2606)  loss_ddf_dn_0: 0.1488 (0.1576)  loss_vfl_dn_1: 0.4071 (0.4030)  loss_bbox_dn_1: 0.0313 (0.0316)  loss_giou_dn_1: 0.3806 (0.3725)  loss_fgl_dn_1: 1.2033 (1.2025)  loss_ddf_dn_1: 0.0038 (0.0039)  loss_vfl_dn_2: 0.3948 (0.3951)  loss_bbox_dn_2: 0.0307 (0.0315)  loss_giou_dn_2: 0.3736 (0.3705)  loss_fgl_dn_2: 1.2024 (1.2016)  loss_ddf_dn_2: -0.0000 (0.0000)  loss_vfl_dn_pre: 0.4894 (0.4914)  loss_bbox_dn_pre: 0.0429 (0.0433)  loss_giou_dn_pre: 0.4859 (0.4920)  time: 0.3235  data: 0.0331  max mem: 8696
Epoch: [8/30]  [20/44]  eta: 0:00:07  lr: 0.000100  loss: 18.2440 (18.3692)  loss_vfl: 0.4673 (0.4617)  loss_bbox: 0.0433 (0.0461)  loss_giou: 0.4819 (0.4930)  loss_fgl: 1.2444 (1.2320)  loss_vfl_aux_0: 0.7431 (0.7854)  loss_bbox_aux_0: 0.0501 (0.0560)  loss_giou_aux_0: 0.5638 (0.5848)  loss_fgl_aux_0: 1.2560 (1.2383)  loss_ddf_aux_0: 0.0836 (0.0848)  loss_vfl_aux_1: 0.4996 (0.4964)  loss_bbox_aux_1: 0.0447 (0.0468)  loss_giou_aux_1: 0.4909 (0.5026)  loss_fgl_aux_1: 1.2462 (1.2327)  loss_ddf_aux_1: 0.0051 (0.0058)  loss_vfl_pre: 0.7305 (0.7738)  loss_bbox_pre: 0.0495 (0.0544)  loss_giou_pre: 0.5548 (0.5833)  loss_vfl_enc_0: 0.8145 (0.8185)  loss_bbox_enc_0: 0.1277 (0.1484)  loss_giou_enc_0: 1.1201 (1.1743)  loss_vfl_dn_0: 0.4936 (0.4949)  loss_bbox_dn_0: 0.0427 (0.0429)  loss_giou_dn_0: 0.5038 (0.5038)  loss_fgl_dn_0: 1.2579 (1.2593)  loss_ddf_dn_0: 0.1534 (0.1561)  loss_vfl_dn_1: 0.4067 (0.4062)  loss_bbox_dn_1: 0.0316 (0.0315)  loss_giou_dn_1: 0.3841 (0.3858)  loss_fgl_dn_1: 1.2043 (1.2054)  loss_ddf_dn_1: 0.0038 (0.0041)  loss_vfl_dn_2: 0.4021 (0.4007)  loss_bbox_dn_2: 0.0315 (0.0314)  loss_giou_dn_2: 0.3857 (0.3841)  loss_fgl_dn_2: 1.2037 (1.2048)  loss_ddf_dn_2: -0.0000 (0.0000)  loss_vfl_dn_pre: 0.4918 (0.4925)  loss_bbox_dn_pre: 0.0429 (0.0429)  loss_giou_dn_pre: 0.5076 (0.5038)  time: 0.3012  data: 0.0123  max mem: 8696
Epoch: [8/30]  [30/44]  eta: 0:00:04  lr: 0.000100  loss: 18.3042 (18.3495)  loss_vfl: 0.4630 (0.4634)  loss_bbox: 0.0453 (0.0456)  loss_giou: 0.5046 (0.4956)  loss_fgl: 1.2449 (1.2381)  loss_vfl_aux_0: 0.7208 (0.7572)  loss_bbox_aux_0: 0.0502 (0.0549)  loss_giou_aux_0: 0.5756 (0.5827)  loss_fgl_aux_0: 1.2560 (1.2425)  loss_ddf_aux_0: 0.0849 (0.0850)  loss_vfl_aux_1: 0.5060 (0.4990)  loss_bbox_aux_1: 0.0453 (0.0462)  loss_giou_aux_1: 0.5049 (0.5033)  loss_fgl_aux_1: 1.2474 (1.2386)  loss_ddf_aux_1: 0.0041 (0.0054)  loss_vfl_pre: 0.7098 (0.7475)  loss_bbox_pre: 0.0511 (0.0539)  loss_giou_pre: 0.5771 (0.5813)  loss_vfl_enc_0: 0.7665 (0.8016)  loss_bbox_enc_0: 0.1436 (0.1497)  loss_giou_enc_0: 1.1577 (1.1900)  loss_vfl_dn_0: 0.4936 (0.4951)  loss_bbox_dn_0: 0.0427 (0.0427)  loss_giou_dn_0: 0.5078 (0.5047)  loss_fgl_dn_0: 1.2529 (1.2566)  loss_ddf_dn_0: 0.1585 (0.1621)  loss_vfl_dn_1: 0.4068 (0.4075)  loss_bbox_dn_1: 0.0320 (0.0317)  loss_giou_dn_1: 0.3939 (0.3897)  loss_fgl_dn_1: 1.2067 (1.2053)  loss_ddf_dn_1: 0.0043 (0.0043)  loss_vfl_dn_2: 0.4070 (0.4033)  loss_bbox_dn_2: 0.0318 (0.0316)  loss_giou_dn_2: 0.3935 (0.3886)  loss_fgl_dn_2: 1.2073 (1.2050)  loss_ddf_dn_2: -0.0000 (0.0000)  loss_vfl_dn_pre: 0.4918 (0.4926)  loss_bbox_dn_pre: 0.0427 (0.0427)  loss_giou_dn_pre: 0.5076 (0.5043)  time: 0.2988  data: 0.0119  max mem: 8696
Epoch: [8/30]  [40/44]  eta: 0:00:01  lr: 0.000100  loss: 18.1930 (18.3668)  loss_vfl: 0.4524 (0.4579)  loss_bbox: 0.0449 (0.0464)  loss_giou: 0.5046 (0.5048)  loss_fgl: 1.2462 (1.2369)  loss_vfl_aux_0: 0.7185 (0.7513)  loss_bbox_aux_0: 0.0487 (0.0554)  loss_giou_aux_0: 0.5699 (0.5918)  loss_fgl_aux_0: 1.2459 (1.2388)  loss_ddf_aux_0: 0.0760 (0.0818)  loss_vfl_aux_1: 0.4714 (0.4893)  loss_bbox_aux_1: 0.0453 (0.0472)  loss_giou_aux_1: 0.5049 (0.5131)  loss_fgl_aux_1: 1.2474 (1.2370)  loss_ddf_aux_1: 0.0040 (0.0051)  loss_vfl_pre: 0.7089 (0.7409)  loss_bbox_pre: 0.0491 (0.0541)  loss_giou_pre: 0.5563 (0.5906)  loss_vfl_enc_0: 0.7783 (0.8013)  loss_bbox_enc_0: 0.1069 (0.1419)  loss_giou_enc_0: 1.1404 (1.1800)  loss_vfl_dn_0: 0.4907 (0.4952)  loss_bbox_dn_0: 0.0414 (0.0427)  loss_giou_dn_0: 0.5030 (0.5105)  loss_fgl_dn_0: 1.2480 (1.2579)  loss_ddf_dn_0: 0.1591 (0.1615)  loss_vfl_dn_1: 0.4111 (0.4091)  loss_bbox_dn_1: 0.0323 (0.0317)  loss_giou_dn_1: 0.4010 (0.3955)  loss_fgl_dn_1: 1.2069 (1.2081)  loss_ddf_dn_1: 0.0039 (0.0043)  loss_vfl_dn_2: 0.4094 (0.4055)  loss_bbox_dn_2: 0.0323 (0.0316)  loss_giou_dn_2: 0.4003 (0.3944)  loss_fgl_dn_2: 1.2077 (1.2079)  loss_ddf_dn_2: -0.0000 (0.0000)  loss_vfl_dn_pre: 0.4874 (0.4928)  loss_bbox_dn_pre: 0.0414 (0.0427)  loss_giou_dn_pre: 0.5003 (0.5102)  time: 0.2988  data: 0.0120  max mem: 8696
Epoch: [8/30]  [43/44]  eta: 0:00:00  lr: 0.000100  loss: 18.0787 (18.3522)  loss_vfl: 0.4428 (0.4571)  loss_bbox: 0.0429 (0.0461)  loss_giou: 0.5046 (0.5063)  loss_fgl: 1.2438 (1.2360)  loss_vfl_aux_0: 0.7185 (0.7479)  loss_bbox_aux_0: 0.0471 (0.0548)  loss_giou_aux_0: 0.5455 (0.5908)  loss_fgl_aux_0: 1.2459 (1.2383)  loss_ddf_aux_0: 0.0679 (0.0802)  loss_vfl_aux_1: 0.4714 (0.4886)  loss_bbox_aux_1: 0.0435 (0.0468)  loss_giou_aux_1: 0.5049 (0.5143)  loss_fgl_aux_1: 1.2454 (1.2361)  loss_ddf_aux_1: 0.0036 (0.0050)  loss_vfl_pre: 0.6924 (0.7371)  loss_bbox_pre: 0.0464 (0.0535)  loss_giou_pre: 0.5477 (0.5897)  loss_vfl_enc_0: 0.7783 (0.8036)  loss_bbox_enc_0: 0.1050 (0.1392)  loss_giou_enc_0: 1.1294 (1.1732)  loss_vfl_dn_0: 0.4907 (0.4946)  loss_bbox_dn_0: 0.0414 (0.0426)  loss_giou_dn_0: 0.5048 (0.5124)  loss_fgl_dn_0: 1.2471 (1.2570)  loss_ddf_dn_0: 0.1591 (0.1628)  loss_vfl_dn_1: 0.4111 (0.4095)  loss_bbox_dn_1: 0.0316 (0.0316)  loss_giou_dn_1: 0.4016 (0.3970)  loss_fgl_dn_1: 1.2046 (1.2076)  loss_ddf_dn_1: 0.0039 (0.0043)  loss_vfl_dn_2: 0.4089 (0.4060)  loss_bbox_dn_2: 0.0318 (0.0316)  loss_giou_dn_2: 0.4010 (0.3959)  loss_fgl_dn_2: 1.2047 (1.2074)  loss_ddf_dn_2: -0.0000 (0.0000)  loss_vfl_dn_pre: 0.4874 (0.4924)  loss_bbox_dn_pre: 0.0410 (0.0426)  loss_giou_dn_pre: 0.5034 (0.5120)  time: 0.2963  data: 0.0118  max mem: 8696
Epoch: [8/30] Total time: 0:00:13 (0.3050 s / it)
Averaged stats: lr: 0.000100  loss: 18.0787 (18.3522)  loss_vfl: 0.4428 (0.4571)  loss_bbox: 0.0429 (0.0461)  loss_giou: 0.5046 (0.5063)  loss_fgl: 1.2438 (1.2360)  loss_vfl_aux_0: 0.7185 (0.7479)  loss_bbox_aux_0: 0.0471 (0.0548)  loss_giou_aux_0: 0.5455 (0.5908)  loss_fgl_aux_0: 1.2459 (1.2383)  loss_ddf_aux_0: 0.0679 (0.0802)  loss_vfl_aux_1: 0.4714 (0.4886)  loss_bbox_aux_1: 0.0435 (0.0468)  loss_giou_aux_1: 0.5049 (0.5143)  loss_fgl_aux_1: 1.2454 (1.2361)  loss_ddf_aux_1: 0.0036 (0.0050)  loss_vfl_pre: 0.6924 (0.7371)  loss_bbox_pre: 0.0464 (0.0535)  loss_giou_pre: 0.5477 (0.5897)  loss_vfl_enc_0: 0.7783 (0.8036)  loss_bbox_enc_0: 0.1050 (0.1392)  loss_giou_enc_0: 1.1294 (1.1732)  loss_vfl_dn_0: 0.4907 (0.4946)  loss_bbox_dn_0: 0.0414 (0.0426)  loss_giou_dn_0: 0.5048 (0.5124)  loss_fgl_dn_0: 1.2471 (1.2570)  loss_ddf_dn_0: 0.1591 (0.1628)  loss_vfl_dn_1: 0.4111 (0.4095)  loss_bbox_dn_1: 0.0316 (0.0316)  loss_giou_dn_1: 0.4016 (0.3970)  loss_fgl_dn_1: 1.2046 (1.2076)  loss_ddf_dn_1: 0.0039 (0.0043)  loss_vfl_dn_2: 0.4089 (0.4060)  loss_bbox_dn_2: 0.0318 (0.0316)  loss_giou_dn_2: 0.4010 (0.3959)  loss_fgl_dn_2: 1.2047 (1.2074)  loss_ddf_dn_2: -0.0000 (0.0000)  loss_vfl_dn_pre: 0.4874 (0.4924)  loss_bbox_dn_pre: 0.0410 (0.0426)  loss_giou_dn_pre: 0.5034 (0.5120)
Test:  [0/9]  eta: 0:00:02    time: 0.3163  data: 0.2375  max mem: 8696
Test:  [8/9]  eta: 0:00:00    time: 0.1101  data: 0.0377  max mem: 8696
Test: Total time: 0:00:01 (0.1143 s / it)
Metrics: {'f1': 0.9194630872483223, 'precision': 0.8896103896103896, 'recall': 0.9513888888888888, 'iou': 0.6131985024635837, 'TPs': 137, 'FPs': 17, 'FNs': 7}
Averaged stats: 
Accumulating evaluation results...
COCOeval_opt.accumulate() finished...
DONE (t=0.01s).
IoU metric: bbox
 Average Precision  (AP) @[ IoU=0.50:0.95 | area=   all | maxDets=100 ] = 0.393
 Average Precision  (AP) @[ IoU=0.50      | area=   all | maxDets=100 ] = 0.951
 Average Precision  (AP) @[ IoU=0.75      | area=   all | maxDets=100 ] = 0.176
 Average Precision  (AP) @[ IoU=0.50:0.95 | area= small | maxDets=100 ] = 0.394
 Average Precision  (AP) @[ IoU=0.50:0.95 | area=medium | maxDets=100 ] = -1.000
 Average Precision  (AP) @[ IoU=0.50:0.95 | area= large | maxDets=100 ] = -1.000
 Average Recall     (AR) @[ IoU=0.50:0.95 | area=   all | maxDets=  1 ] = 0.216
 Average Recall     (AR) @[ IoU=0.50:0.95 | area=   all | maxDets= 10 ] = 0.514
 Average Recall     (AR) @[ IoU=0.50:0.95 | area=   all | maxDets=100 ] = 0.618
 Average Recall     (AR) @[ IoU=0.50:0.95 | area= small | maxDets=100 ] = 0.618
 Average Recall     (AR) @[ IoU=0.50:0.95 | area=medium | maxDets=100 ] = -1.000
 Average Recall     (AR) @[ IoU=0.50:0.95 | area= large | maxDets=100 ] = -1.000
 Average Recall     (AR) @[ IoU=0.50      | area=   all | maxDets=100 ] = 0.993
 Average Recall     (AR) @[ IoU=0.75      | area=   all | maxDets=100 ] = 0.688
best_stat: {'epoch': 8, 'coco_eval_bbox': 0.39332309982599273}
Epoch: [9/30]  [ 0/44]  eta: 0:00:23  lr: 0.000100  loss: 18.3164 (18.3164)  loss_vfl: 0.4206 (0.4206)  loss_bbox: 0.0446 (0.0446)  loss_giou: 0.5414 (0.5414)  loss_fgl: 1.2774 (1.2774)  loss_vfl_aux_0: 0.7504 (0.7504)  loss_bbox_aux_0: 0.0449 (0.0449)  loss_giou_aux_0: 0.5461 (0.5461)  loss_fgl_aux_0: 1.2658 (1.2658)  loss_ddf_aux_0: 0.0728 (0.0728)  loss_vfl_aux_1: 0.4834 (0.4834)  loss_bbox_aux_1: 0.0438 (0.0438)  loss_giou_aux_1: 0.5353 (0.5353)  loss_fgl_aux_1: 1.2750 (1.2750)  loss_ddf_aux_1: 0.0036 (0.0036)  loss_vfl_pre: 0.7405 (0.7405)  loss_bbox_pre: 0.0451 (0.0451)  loss_giou_pre: 0.5482 (0.5482)  loss_vfl_enc_0: 0.9120 (0.9120)  loss_bbox_enc_0: 0.1453 (0.1453)  loss_giou_enc_0: 1.1636 (1.1636)  loss_vfl_dn_0: 0.4791 (0.4791)  loss_bbox_dn_0: 0.0376 (0.0376)  loss_giou_dn_0: 0.4650 (0.4650)  loss_fgl_dn_0: 1.2612 (1.2612)  loss_ddf_dn_0: 0.1239 (0.1239)  loss_vfl_dn_1: 0.4073 (0.4073)  loss_bbox_dn_1: 0.0293 (0.0293)  loss_giou_dn_1: 0.3981 (0.3981)  loss_fgl_dn_1: 1.2157 (1.2157)  loss_ddf_dn_1: 0.0029 (0.0029)  loss_vfl_dn_2: 0.4098 (0.4098)  loss_bbox_dn_2: 0.0294 (0.0294)  loss_giou_dn_2: 0.4017 (0.4017)  loss_fgl_dn_2: 1.2184 (1.2184)  loss_ddf_dn_2: -0.0000 (0.0000)  loss_vfl_dn_pre: 0.4794 (0.4794)  loss_bbox_dn_pre: 0.0373 (0.0373)  loss_giou_dn_pre: 0.4606 (0.4606)  time: 0.5275  data: 0.2351  max mem: 8696
Epoch: [9/30]  [10/44]  eta: 0:00:10  lr: 0.000100  loss: 18.2682 (18.2174)  loss_vfl: 0.4618 (0.4637)  loss_bbox: 0.0391 (0.0407)  loss_giou: 0.4880 (0.4885)  loss_fgl: 1.2435 (1.2409)  loss_vfl_aux_0: 0.7984 (0.8108)  loss_bbox_aux_0: 0.0449 (0.0460)  loss_giou_aux_0: 0.5461 (0.5438)  loss_fgl_aux_0: 1.2643 (1.2514)  loss_ddf_aux_0: 0.0649 (0.0645)  loss_vfl_aux_1: 0.4866 (0.5037)  loss_bbox_aux_1: 0.0401 (0.0409)  loss_giou_aux_1: 0.4857 (0.4884)  loss_fgl_aux_1: 1.2425 (1.2395)  loss_ddf_aux_1: 0.0038 (0.0039)  loss_vfl_pre: 0.7848 (0.7962)  loss_bbox_pre: 0.0451 (0.0459)  loss_giou_pre: 0.5482 (0.5414)  loss_vfl_enc_0: 0.8326 (0.8346)  loss_bbox_enc_0: 0.1095 (0.1138)  loss_giou_enc_0: 1.0529 (1.0872)  loss_vfl_dn_0: 0.4911 (0.4863)  loss_bbox_dn_0: 0.0397 (0.0415)  loss_giou_dn_0: 0.5062 (0.5121)  loss_fgl_dn_0: 1.2612 (1.2617)  loss_ddf_dn_0: 0.1667 (0.1670)  loss_vfl_dn_1: 0.4073 (0.4063)  loss_bbox_dn_1: 0.0295 (0.0302)  loss_giou_dn_1: 0.3845 (0.3885)  loss_fgl_dn_1: 1.2063 (1.2077)  loss_ddf_dn_1: 0.0046 (0.0050)  loss_vfl_dn_2: 0.4065 (0.4039)  loss_bbox_dn_2: 0.0294 (0.0301)  loss_giou_dn_2: 0.3846 (0.3878)  loss_fgl_dn_2: 1.2067 (1.2080)  loss_ddf_dn_2: -0.0000 (0.0000)  loss_vfl_dn_pre: 0.4899 (0.4849)  loss_bbox_dn_pre: 0.0396 (0.0413)  loss_giou_dn_pre: 0.5093 (0.5096)  time: 0.3188  data: 0.0323  max mem: 8696
Epoch: [9/30]  [20/44]  eta: 0:00:07  lr: 0.000100  loss: 18.0955 (18.2336)  loss_vfl: 0.4529 (0.4590)  loss_bbox: 0.0436 (0.0430)  loss_giou: 0.4880 (0.4921)  loss_fgl: 1.2400 (1.2470)  loss_vfl_aux_0: 0.7492 (0.7640)  loss_bbox_aux_0: 0.0507 (0.0501)  loss_giou_aux_0: 0.5613 (0.5558)  loss_fgl_aux_0: 1.2456 (1.2502)  loss_ddf_aux_0: 0.0655 (0.0666)  loss_vfl_aux_1: 0.4842 (0.4930)  loss_bbox_aux_1: 0.0438 (0.0435)  loss_giou_aux_1: 0.4902 (0.4948)  loss_fgl_aux_1: 1.2425 (1.2450)  loss_ddf_aux_1: 0.0040 (0.0046)  loss_vfl_pre: 0.7424 (0.7542)  loss_bbox_pre: 0.0502 (0.0493)  loss_giou_pre: 0.5608 (0.5548)  loss_vfl_enc_0: 0.8481 (0.8571)  loss_bbox_enc_0: 0.1051 (0.1117)  loss_giou_enc_0: 1.0661 (1.1001)  loss_vfl_dn_0: 0.4833 (0.4825)  loss_bbox_dn_0: 0.0452 (0.0445)  loss_giou_dn_0: 0.5290 (0.5203)  loss_fgl_dn_0: 1.2498 (1.2526)  loss_ddf_dn_0: 0.1678 (0.1699)  loss_vfl_dn_1: 0.4078 (0.4086)  loss_bbox_dn_1: 0.0325 (0.0324)  loss_giou_dn_1: 0.3857 (0.3983)  loss_fgl_dn_1: 1.1995 (1.2023)  loss_ddf_dn_1: 0.0053 (0.0054)  loss_vfl_dn_2: 0.4054 (0.4050)  loss_bbox_dn_2: 0.0325 (0.0322)  loss_giou_dn_2: 0.3880 (0.3965)  loss_fgl_dn_2: 1.1980 (1.2026)  loss_ddf_dn_2: -0.0000 (0.0000)  loss_vfl_dn_pre: 0.4827 (0.4819)  loss_bbox_dn_pre: 0.0452 (0.0443)  loss_giou_dn_pre: 0.5269 (0.5186)  time: 0.2992  data: 0.0121  max mem: 8696
Epoch: [9/30]  [30/44]  eta: 0:00:04  lr: 0.000100  loss: 18.3565 (18.3609)  loss_vfl: 0.4538 (0.4611)  loss_bbox: 0.0466 (0.0437)  loss_giou: 0.5059 (0.4971)  loss_fgl: 1.2400 (1.2427)  loss_vfl_aux_0: 0.7223 (0.7693)  loss_bbox_aux_0: 0.0518 (0.0512)  loss_giou_aux_0: 0.5769 (0.5678)  loss_fgl_aux_0: 1.2446 (1.2467)  loss_ddf_aux_0: 0.0755 (0.0757)  loss_vfl_aux_1: 0.4833 (0.4944)  loss_bbox_aux_1: 0.0468 (0.0444)  loss_giou_aux_1: 0.5175 (0.5026)  loss_fgl_aux_1: 1.2433 (1.2396)  loss_ddf_aux_1: 0.0061 (0.0057)  loss_vfl_pre: 0.7269 (0.7580)  loss_bbox_pre: 0.0526 (0.0504)  loss_giou_pre: 0.5762 (0.5680)  loss_vfl_enc_0: 0.8277 (0.8308)  loss_bbox_enc_0: 0.1111 (0.1181)  loss_giou_enc_0: 1.1431 (1.1658)  loss_vfl_dn_0: 0.4828 (0.4851)  loss_bbox_dn_0: 0.0452 (0.0439)  loss_giou_dn_0: 0.5194 (0.5188)  loss_fgl_dn_0: 1.2521 (1.2574)  loss_ddf_dn_0: 0.1776 (0.1781)  loss_vfl_dn_1: 0.4078 (0.4087)  loss_bbox_dn_1: 0.0329 (0.0322)  loss_giou_dn_1: 0.4017 (0.3990)  loss_fgl_dn_1: 1.2139 (1.2090)  loss_ddf_dn_1: 0.0056 (0.0059)  loss_vfl_dn_2: 0.4054 (0.4052)  loss_bbox_dn_2: 0.0330 (0.0321)  loss_giou_dn_2: 0.3995 (0.3974)  loss_fgl_dn_2: 1.2118 (1.2090)  loss_ddf_dn_2: -0.0000 (0.0000)  loss_vfl_dn_pre: 0.4818 (0.4841)  loss_bbox_dn_pre: 0.0452 (0.0438)  loss_giou_dn_pre: 0.5198 (0.5181)  time: 0.3005  data: 0.0121  max mem: 8696
Epoch: [9/30]  [40/44]  eta: 0:00:01  lr: 0.000100  loss: 18.3083 (18.3521)  loss_vfl: 0.4437 (0.4549)  loss_bbox: 0.0426 (0.0440)  loss_giou: 0.5039 (0.4980)  loss_fgl: 1.2384 (1.2436)  loss_vfl_aux_0: 0.7565 (0.7683)  loss_bbox_aux_0: 0.0515 (0.0515)  loss_giou_aux_0: 0.5863 (0.5735)  loss_fgl_aux_0: 1.2495 (1.2483)  loss_ddf_aux_0: 0.0778 (0.0744)  loss_vfl_aux_1: 0.4748 (0.4870)  loss_bbox_aux_1: 0.0438 (0.0444)  loss_giou_aux_1: 0.5008 (0.5017)  loss_fgl_aux_1: 1.2393 (1.2421)  loss_ddf_aux_1: 0.0051 (0.0053)  loss_vfl_pre: 0.7311 (0.7556)  loss_bbox_pre: 0.0524 (0.0509)  loss_giou_pre: 0.5827 (0.5742)  loss_vfl_enc_0: 0.7664 (0.8201)  loss_bbox_enc_0: 0.1150 (0.1198)  loss_giou_enc_0: 1.1675 (1.1723)  loss_vfl_dn_0: 0.4874 (0.4854)  loss_bbox_dn_0: 0.0441 (0.0443)  loss_giou_dn_0: 0.5113 (0.5206)  loss_fgl_dn_0: 1.2579 (1.2553)  loss_ddf_dn_0: 0.1805 (0.1765)  loss_vfl_dn_1: 0.4058 (0.4088)  loss_bbox_dn_1: 0.0317 (0.0321)  loss_giou_dn_1: 0.3898 (0.3988)  loss_fgl_dn_1: 1.2139 (1.2062)  loss_ddf_dn_1: 0.0065 (0.0059)  loss_vfl_dn_2: 0.4015 (0.4052)  loss_bbox_dn_2: 0.0316 (0.0320)  loss_giou_dn_2: 0.3904 (0.3972)  loss_fgl_dn_2: 1.2118 (1.2062)  loss_ddf_dn_2: -0.0000 (0.0000)  loss_vfl_dn_pre: 0.4875 (0.4844)  loss_bbox_dn_pre: 0.0445 (0.0441)  loss_giou_dn_pre: 0.5104 (0.5193)  time: 0.2999  data: 0.0120  max mem: 8696
Epoch: [9/30]  [43/44]  eta: 0:00:00  lr: 0.000100  loss: 18.2836 (18.3398)  loss_vfl: 0.4437 (0.4552)  loss_bbox: 0.0426 (0.0439)  loss_giou: 0.5039 (0.4998)  loss_fgl: 1.2380 (1.2430)  loss_vfl_aux_0: 0.7246 (0.7636)  loss_bbox_aux_0: 0.0515 (0.0514)  loss_giou_aux_0: 0.5943 (0.5755)  loss_fgl_aux_0: 1.2473 (1.2474)  loss_ddf_aux_0: 0.0778 (0.0742)  loss_vfl_aux_1: 0.4660 (0.4845)  loss_bbox_aux_1: 0.0438 (0.0443)  loss_giou_aux_1: 0.5008 (0.5033)  loss_fgl_aux_1: 1.2374 (1.2417)  loss_ddf_aux_1: 0.0041 (0.0052)  loss_vfl_pre: 0.7231 (0.7519)  loss_bbox_pre: 0.0524 (0.0508)  loss_giou_pre: 0.5931 (0.5758)  loss_vfl_enc_0: 0.7496 (0.8105)  loss_bbox_enc_0: 0.1180 (0.1204)  loss_giou_enc_0: 1.2002 (1.1785)  loss_vfl_dn_0: 0.4830 (0.4853)  loss_bbox_dn_0: 0.0441 (0.0441)  loss_giou_dn_0: 0.5054 (0.5202)  loss_fgl_dn_0: 1.2523 (1.2545)  loss_ddf_dn_0: 0.1776 (0.1758)  loss_vfl_dn_1: 0.4058 (0.4088)  loss_bbox_dn_1: 0.0317 (0.0321)  loss_giou_dn_1: 0.3876 (0.3990)  loss_fgl_dn_1: 1.2019 (1.2056)  loss_ddf_dn_1: 0.0064 (0.0059)  loss_vfl_dn_2: 0.4015 (0.4054)  loss_bbox_dn_2: 0.0316 (0.0320)  loss_giou_dn_2: 0.3890 (0.3975)  loss_fgl_dn_2: 1.2028 (1.2056)  loss_ddf_dn_2: -0.0000 (0.0000)  loss_vfl_dn_pre: 0.4828 (0.4843)  loss_bbox_dn_pre: 0.0445 (0.0439)  loss_giou_dn_pre: 0.5062 (0.5189)  time: 0.2972  data: 0.0119  max mem: 8696
Epoch: [9/30] Total time: 0:00:13 (0.3046 s / it)
Averaged stats: lr: 0.000100  loss: 18.2836 (18.3398)  loss_vfl: 0.4437 (0.4552)  loss_bbox: 0.0426 (0.0439)  loss_giou: 0.5039 (0.4998)  loss_fgl: 1.2380 (1.2430)  loss_vfl_aux_0: 0.7246 (0.7636)  loss_bbox_aux_0: 0.0515 (0.0514)  loss_giou_aux_0: 0.5943 (0.5755)  loss_fgl_aux_0: 1.2473 (1.2474)  loss_ddf_aux_0: 0.0778 (0.0742)  loss_vfl_aux_1: 0.4660 (0.4845)  loss_bbox_aux_1: 0.0438 (0.0443)  loss_giou_aux_1: 0.5008 (0.5033)  loss_fgl_aux_1: 1.2374 (1.2417)  loss_ddf_aux_1: 0.0041 (0.0052)  loss_vfl_pre: 0.7231 (0.7519)  loss_bbox_pre: 0.0524 (0.0508)  loss_giou_pre: 0.5931 (0.5758)  loss_vfl_enc_0: 0.7496 (0.8105)  loss_bbox_enc_0: 0.1180 (0.1204)  loss_giou_enc_0: 1.2002 (1.1785)  loss_vfl_dn_0: 0.4830 (0.4853)  loss_bbox_dn_0: 0.0441 (0.0441)  loss_giou_dn_0: 0.5054 (0.5202)  loss_fgl_dn_0: 1.2523 (1.2545)  loss_ddf_dn_0: 0.1776 (0.1758)  loss_vfl_dn_1: 0.4058 (0.4088)  loss_bbox_dn_1: 0.0317 (0.0321)  loss_giou_dn_1: 0.3876 (0.3990)  loss_fgl_dn_1: 1.2019 (1.2056)  loss_ddf_dn_1: 0.0064 (0.0059)  loss_vfl_dn_2: 0.4015 (0.4054)  loss_bbox_dn_2: 0.0316 (0.0320)  loss_giou_dn_2: 0.3890 (0.3975)  loss_fgl_dn_2: 1.2028 (1.2056)  loss_ddf_dn_2: -0.0000 (0.0000)  loss_vfl_dn_pre: 0.4828 (0.4843)  loss_bbox_dn_pre: 0.0445 (0.0439)  loss_giou_dn_pre: 0.5062 (0.5189)
Test:  [0/9]  eta: 0:00:03    time: 0.3355  data: 0.2545  max mem: 8696
Test:  [8/9]  eta: 0:00:00    time: 0.1341  data: 0.0396  max mem: 8696
Test: Total time: 0:00:01 (0.1382 s / it)
Metrics: {'f1': 0.9452054794520548, 'precision': 0.9324324324324325, 'recall': 0.9583333333333334, 'iou': 0.6438240350840928, 'TPs': 138, 'FPs': 10, 'FNs': 6}
Averaged stats: 
Accumulating evaluation results...
COCOeval_opt.accumulate() finished...
DONE (t=0.01s).
IoU metric: bbox
 Average Precision  (AP) @[ IoU=0.50:0.95 | area=   all | maxDets=100 ] = 0.378
 Average Precision  (AP) @[ IoU=0.50      | area=   all | maxDets=100 ] = 0.952
 Average Precision  (AP) @[ IoU=0.75      | area=   all | maxDets=100 ] = 0.172
 Average Precision  (AP) @[ IoU=0.50:0.95 | area= small | maxDets=100 ] = 0.378
 Average Precision  (AP) @[ IoU=0.50:0.95 | area=medium | maxDets=100 ] = -1.000
 Average Precision  (AP) @[ IoU=0.50:0.95 | area= large | maxDets=100 ] = -1.000
 Average Recall     (AR) @[ IoU=0.50:0.95 | area=   all | maxDets=  1 ] = 0.220
 Average Recall     (AR) @[ IoU=0.50:0.95 | area=   all | maxDets= 10 ] = 0.511
 Average Recall     (AR) @[ IoU=0.50:0.95 | area=   all | maxDets=100 ] = 0.618
 Average Recall     (AR) @[ IoU=0.50:0.95 | area= small | maxDets=100 ] = 0.618
 Average Recall     (AR) @[ IoU=0.50:0.95 | area=medium | maxDets=100 ] = -1.000
 Average Recall     (AR) @[ IoU=0.50:0.95 | area= large | maxDets=100 ] = -1.000
 Average Recall     (AR) @[ IoU=0.50      | area=   all | maxDets=100 ] = 0.993
 Average Recall     (AR) @[ IoU=0.75      | area=   all | maxDets=100 ] = 0.674
best_stat: {'epoch': 8, 'coco_eval_bbox': 0.39332309982599273}
Epoch: [10/30]  [ 0/44]  eta: 0:00:24  lr: 0.000100  loss: 17.1570 (17.1570)  loss_vfl: 0.4412 (0.4412)  loss_bbox: 0.0288 (0.0288)  loss_giou: 0.3521 (0.3521)  loss_fgl: 1.2469 (1.2469)  loss_vfl_aux_0: 0.7599 (0.7599)  loss_bbox_aux_0: 0.0360 (0.0360)  loss_giou_aux_0: 0.4330 (0.4330)  loss_fgl_aux_0: 1.2790 (1.2790)  loss_ddf_aux_0: 0.0528 (0.0528)  loss_vfl_aux_1: 0.4747 (0.4747)  loss_bbox_aux_1: 0.0295 (0.0295)  loss_giou_aux_1: 0.3627 (0.3627)  loss_fgl_aux_1: 1.2476 (1.2476)  loss_ddf_aux_1: 0.0026 (0.0026)  loss_vfl_pre: 0.7568 (0.7568)  loss_bbox_pre: 0.0363 (0.0363)  loss_giou_pre: 0.4338 (0.4338)  loss_vfl_enc_0: 0.7693 (0.7693)  loss_bbox_enc_0: 0.1066 (0.1066)  loss_giou_enc_0: 1.1340 (1.1340)  loss_vfl_dn_0: 0.4833 (0.4833)  loss_bbox_dn_0: 0.0339 (0.0339)  loss_giou_dn_0: 0.4432 (0.4432)  loss_fgl_dn_0: 1.2528 (1.2528)  loss_ddf_dn_0: 0.1881 (0.1881)  loss_vfl_dn_1: 0.3863 (0.3863)  loss_bbox_dn_1: 0.0235 (0.0235)  loss_giou_dn_1: 0.3187 (0.3187)  loss_fgl_dn_1: 1.1823 (1.1823)  loss_ddf_dn_1: 0.0055 (0.0055)  loss_vfl_dn_2: 0.3809 (0.3809)  loss_bbox_dn_2: 0.0230 (0.0230)  loss_giou_dn_2: 0.3121 (0.3121)  loss_fgl_dn_2: 1.1789 (1.1789)  loss_ddf_dn_2: -0.0000 (0.0000)  loss_vfl_dn_pre: 0.4832 (0.4832)  loss_bbox_dn_pre: 0.0339 (0.0339)  loss_giou_dn_pre: 0.4439 (0.4439)  time: 0.5521  data: 0.2558  max mem: 8696
Epoch: [10/30]  [10/44]  eta: 0:00:10  lr: 0.000100  loss: 18.6383 (18.4024)  loss_vfl: 0.4972 (0.5011)  loss_bbox: 0.0407 (0.0436)  loss_giou: 0.4830 (0.4799)  loss_fgl: 1.2099 (1.2079)  loss_vfl_aux_0: 0.7905 (0.8089)  loss_bbox_aux_0: 0.0598 (0.0587)  loss_giou_aux_0: 0.6512 (0.6271)  loss_fgl_aux_0: 1.2205 (1.2183)  loss_ddf_aux_0: 0.0882 (0.0865)  loss_vfl_aux_1: 0.5297 (0.5351)  loss_bbox_aux_1: 0.0430 (0.0450)  loss_giou_aux_1: 0.4895 (0.4918)  loss_fgl_aux_1: 1.2066 (1.2086)  loss_ddf_aux_1: 0.0057 (0.0069)  loss_vfl_pre: 0.7849 (0.8008)  loss_bbox_pre: 0.0591 (0.0581)  loss_giou_pre: 0.6483 (0.6265)  loss_vfl_enc_0: 0.7175 (0.7137)  loss_bbox_enc_0: 0.1400 (0.1348)  loss_giou_enc_0: 1.3864 (1.3304)  loss_vfl_dn_0: 0.4833 (0.4810)  loss_bbox_dn_0: 0.0396 (0.0405)  loss_giou_dn_0: 0.4961 (0.4838)  loss_fgl_dn_0: 1.2545 (1.2569)  loss_ddf_dn_0: 0.1849 (0.1816)  loss_vfl_dn_1: 0.3953 (0.3965)  loss_bbox_dn_1: 0.0289 (0.0289)  loss_giou_dn_1: 0.3671 (0.3628)  loss_fgl_dn_1: 1.1963 (1.1970)  loss_ddf_dn_1: 0.0057 (0.0066)  loss_vfl_dn_2: 0.3931 (0.3941)  loss_bbox_dn_2: 0.0287 (0.0287)  loss_giou_dn_2: 0.3675 (0.3599)  loss_fgl_dn_2: 1.1931 (1.1956)  loss_ddf_dn_2: -0.0000 (0.0000)  loss_vfl_dn_pre: 0.4826 (0.4803)  loss_bbox_dn_pre: 0.0395 (0.0405)  loss_giou_dn_pre: 0.4988 (0.4838)  time: 0.3216  data: 0.0331  max mem: 8696
Epoch: [10/30]  [20/44]  eta: 0:00:07  lr: 0.000100  loss: 18.6631 (18.4825)  loss_vfl: 0.4805 (0.4832)  loss_bbox: 0.0425 (0.0474)  loss_giou: 0.4830 (0.4945)  loss_fgl: 1.1985 (1.1950)  loss_vfl_aux_0: 0.7905 (0.8056)  loss_bbox_aux_0: 0.0598 (0.0622)  loss_giou_aux_0: 0.6538 (0.6519)  loss_fgl_aux_0: 1.2006 (1.2004)  loss_ddf_aux_0: 0.1029 (0.0994)  loss_vfl_aux_1: 0.5263 (0.5304)  loss_bbox_aux_1: 0.0431 (0.0486)  loss_giou_aux_1: 0.4895 (0.5077)  loss_fgl_aux_1: 1.1992 (1.1954)  loss_ddf_aux_1: 0.0084 (0.0085)  loss_vfl_pre: 0.7672 (0.7937)  loss_bbox_pre: 0.0591 (0.0613)  loss_giou_pre: 0.6538 (0.6529)  loss_vfl_enc_0: 0.6938 (0.6973)  loss_bbox_enc_0: 0.1493 (0.1504)  loss_giou_enc_0: 1.3836 (1.3583)  loss_vfl_dn_0: 0.4843 (0.4833)  loss_bbox_dn_0: 0.0407 (0.0411)  loss_giou_dn_0: 0.4961 (0.4881)  loss_fgl_dn_0: 1.2544 (1.2555)  loss_ddf_dn_0: 0.1783 (0.1821)  loss_vfl_dn_1: 0.3987 (0.3975)  loss_bbox_dn_1: 0.0289 (0.0293)  loss_giou_dn_1: 0.3758 (0.3679)  loss_fgl_dn_1: 1.1952 (1.1928)  loss_ddf_dn_1: 0.0068 (0.0066)  loss_vfl_dn_2: 0.3958 (0.3950)  loss_bbox_dn_2: 0.0288 (0.0292)  loss_giou_dn_2: 0.3746 (0.3663)  loss_fgl_dn_2: 1.1919 (1.1922)  loss_ddf_dn_2: -0.0000 (0.0000)  loss_vfl_dn_pre: 0.4834 (0.4827)  loss_bbox_dn_pre: 0.0406 (0.0410)  loss_giou_dn_pre: 0.4988 (0.4875)  time: 0.2992  data: 0.0114  max mem: 8696
Epoch: [10/30]  [30/44]  eta: 0:00:04  lr: 0.000100  loss: 18.5218 (18.4522)  loss_vfl: 0.4617 (0.4772)  loss_bbox: 0.0434 (0.0452)  loss_giou: 0.4721 (0.4851)  loss_fgl: 1.2102 (1.2022)  loss_vfl_aux_0: 0.7763 (0.8007)  loss_bbox_aux_0: 0.0576 (0.0593)  loss_giou_aux_0: 0.6263 (0.6357)  loss_fgl_aux_0: 1.2009 (1.2081)  loss_ddf_aux_0: 0.1165 (0.1068)  loss_vfl_aux_1: 0.5140 (0.5261)  loss_bbox_aux_1: 0.0461 (0.0463)  loss_giou_aux_1: 0.4826 (0.4980)  loss_fgl_aux_1: 1.2073 (1.2030)  loss_ddf_aux_1: 0.0099 (0.0094)  loss_vfl_pre: 0.7717 (0.7922)  loss_bbox_pre: 0.0578 (0.0588)  loss_giou_pre: 0.6362 (0.6357)  loss_vfl_enc_0: 0.6912 (0.6980)  loss_bbox_enc_0: 0.1518 (0.1485)  loss_giou_enc_0: 1.3714 (1.3525)  loss_vfl_dn_0: 0.4813 (0.4831)  loss_bbox_dn_0: 0.0407 (0.0409)  loss_giou_dn_0: 0.4926 (0.4925)  loss_fgl_dn_0: 1.2571 (1.2600)  loss_ddf_dn_0: 0.1819 (0.1895)  loss_vfl_dn_1: 0.3987 (0.3974)  loss_bbox_dn_1: 0.0285 (0.0291)  loss_giou_dn_1: 0.3750 (0.3672)  loss_fgl_dn_1: 1.1917 (1.1965)  loss_ddf_dn_1: 0.0069 (0.0070)  loss_vfl_dn_2: 0.3958 (0.3949)  loss_bbox_dn_2: 0.0283 (0.0290)  loss_giou_dn_2: 0.3696 (0.3657)  loss_fgl_dn_2: 1.1924 (1.1961)  loss_ddf_dn_2: -0.0000 (0.0000)  loss_vfl_dn_pre: 0.4808 (0.4822)  loss_bbox_dn_pre: 0.0409 (0.0407)  loss_giou_dn_pre: 0.4920 (0.4916)  time: 0.3000  data: 0.0121  max mem: 8696
Epoch: [10/30]  [40/44]  eta: 0:00:01  lr: 0.000100  loss: 18.3263 (18.4490)  loss_vfl: 0.4476 (0.4701)  loss_bbox: 0.0419 (0.0453)  loss_giou: 0.4670 (0.4855)  loss_fgl: 1.2158 (1.2099)  loss_vfl_aux_0: 0.7785 (0.8111)  loss_bbox_aux_0: 0.0497 (0.0578)  loss_giou_aux_0: 0.5686 (0.6203)  loss_fgl_aux_0: 1.2386 (1.2162)  loss_ddf_aux_0: 0.1161 (0.1086)  loss_vfl_aux_1: 0.4727 (0.5170)  loss_bbox_aux_1: 0.0422 (0.0464)  loss_giou_aux_1: 0.4823 (0.4972)  loss_fgl_aux_1: 1.2165 (1.2100)  loss_ddf_aux_1: 0.0095 (0.0094)  loss_vfl_pre: 0.7737 (0.8013)  loss_bbox_pre: 0.0493 (0.0574)  loss_giou_pre: 0.5693 (0.6197)  loss_vfl_enc_0: 0.7473 (0.7190)  loss_bbox_enc_0: 0.1255 (0.1423)  loss_giou_enc_0: 1.2483 (1.3163)  loss_vfl_dn_0: 0.4792 (0.4822)  loss_bbox_dn_0: 0.0407 (0.0412)  loss_giou_dn_0: 0.4948 (0.4937)  loss_fgl_dn_0: 1.2623 (1.2592)  loss_ddf_dn_0: 0.2019 (0.1950)  loss_vfl_dn_1: 0.4003 (0.3987)  loss_bbox_dn_1: 0.0297 (0.0299)  loss_giou_dn_1: 0.3769 (0.3717)  loss_fgl_dn_1: 1.1936 (1.1991)  loss_ddf_dn_1: 0.0077 (0.0074)  loss_vfl_dn_2: 0.3971 (0.3961)  loss_bbox_dn_2: 0.0292 (0.0298)  loss_giou_dn_2: 0.3719 (0.3703)  loss_fgl_dn_2: 1.1930 (1.1989)  loss_ddf_dn_2: -0.0000 (0.0000)  loss_vfl_dn_pre: 0.4782 (0.4815)  loss_bbox_dn_pre: 0.0409 (0.0411)  loss_giou_dn_pre: 0.4938 (0.4927)  time: 0.2997  data: 0.0121  max mem: 8696
Epoch: [10/30]  [43/44]  eta: 0:00:00  lr: 0.000100  loss: 18.4901 (18.4689)  loss_vfl: 0.4476 (0.4696)  loss_bbox: 0.0429 (0.0455)  loss_giou: 0.4831 (0.4881)  loss_fgl: 1.2306 (1.2129)  loss_vfl_aux_0: 0.7785 (0.8098)  loss_bbox_aux_0: 0.0498 (0.0577)  loss_giou_aux_0: 0.5686 (0.6185)  loss_fgl_aux_0: 1.2363 (1.2189)  loss_ddf_aux_0: 0.1161 (0.1085)  loss_vfl_aux_1: 0.4727 (0.5154)  loss_bbox_aux_1: 0.0437 (0.0466)  loss_giou_aux_1: 0.4924 (0.4997)  loss_fgl_aux_1: 1.2167 (1.2131)  loss_ddf_aux_1: 0.0095 (0.0093)  loss_vfl_pre: 0.7737 (0.7998)  loss_bbox_pre: 0.0506 (0.0573)  loss_giou_pre: 0.5693 (0.6178)  loss_vfl_enc_0: 0.7565 (0.7237)  loss_bbox_enc_0: 0.1255 (0.1412)  loss_giou_enc_0: 1.2365 (1.3077)  loss_vfl_dn_0: 0.4792 (0.4821)  loss_bbox_dn_0: 0.0411 (0.0415)  loss_giou_dn_0: 0.4972 (0.4963)  loss_fgl_dn_0: 1.2687 (1.2599)  loss_ddf_dn_0: 0.2238 (0.1980)  loss_vfl_dn_1: 0.4031 (0.3997)  loss_bbox_dn_1: 0.0311 (0.0301)  loss_giou_dn_1: 0.3853 (0.3739)  loss_fgl_dn_1: 1.2054 (1.2006)  loss_ddf_dn_1: 0.0085 (0.0074)  loss_vfl_dn_2: 0.4012 (0.3970)  loss_bbox_dn_2: 0.0308 (0.0300)  loss_giou_dn_2: 0.3830 (0.3725)  loss_fgl_dn_2: 1.2036 (1.2003)  loss_ddf_dn_2: -0.0000 (0.0000)  loss_vfl_dn_pre: 0.4782 (0.4816)  loss_bbox_dn_pre: 0.0411 (0.0414)  loss_giou_dn_pre: 0.4952 (0.4951)  time: 0.2973  data: 0.0119  max mem: 8696
Epoch: [10/30] Total time: 0:00:13 (0.3052 s / it)
Averaged stats: lr: 0.000100  loss: 18.4901 (18.4689)  loss_vfl: 0.4476 (0.4696)  loss_bbox: 0.0429 (0.0455)  loss_giou: 0.4831 (0.4881)  loss_fgl: 1.2306 (1.2129)  loss_vfl_aux_0: 0.7785 (0.8098)  loss_bbox_aux_0: 0.0498 (0.0577)  loss_giou_aux_0: 0.5686 (0.6185)  loss_fgl_aux_0: 1.2363 (1.2189)  loss_ddf_aux_0: 0.1161 (0.1085)  loss_vfl_aux_1: 0.4727 (0.5154)  loss_bbox_aux_1: 0.0437 (0.0466)  loss_giou_aux_1: 0.4924 (0.4997)  loss_fgl_aux_1: 1.2167 (1.2131)  loss_ddf_aux_1: 0.0095 (0.0093)  loss_vfl_pre: 0.7737 (0.7998)  loss_bbox_pre: 0.0506 (0.0573)  loss_giou_pre: 0.5693 (0.6178)  loss_vfl_enc_0: 0.7565 (0.7237)  loss_bbox_enc_0: 0.1255 (0.1412)  loss_giou_enc_0: 1.2365 (1.3077)  loss_vfl_dn_0: 0.4792 (0.4821)  loss_bbox_dn_0: 0.0411 (0.0415)  loss_giou_dn_0: 0.4972 (0.4963)  loss_fgl_dn_0: 1.2687 (1.2599)  loss_ddf_dn_0: 0.2238 (0.1980)  loss_vfl_dn_1: 0.4031 (0.3997)  loss_bbox_dn_1: 0.0311 (0.0301)  loss_giou_dn_1: 0.3853 (0.3739)  loss_fgl_dn_1: 1.2054 (1.2006)  loss_ddf_dn_1: 0.0085 (0.0074)  loss_vfl_dn_2: 0.4012 (0.3970)  loss_bbox_dn_2: 0.0308 (0.0300)  loss_giou_dn_2: 0.3830 (0.3725)  loss_fgl_dn_2: 1.2036 (1.2003)  loss_ddf_dn_2: -0.0000 (0.0000)  loss_vfl_dn_pre: 0.4782 (0.4816)  loss_bbox_dn_pre: 0.0411 (0.0414)  loss_giou_dn_pre: 0.4952 (0.4951)
Test:  [0/9]  eta: 0:00:02    time: 0.3229  data: 0.2462  max mem: 8696
Test:  [8/9]  eta: 0:00:00    time: 0.1089  data: 0.0367  max mem: 8696
Test: Total time: 0:00:01 (0.1129 s / it)
Metrics: {'f1': 0.9240924092409241, 'precision': 0.8805031446540881, 'recall': 0.9722222222222222, 'iou': 0.6169717392307118, 'TPs': 140, 'FPs': 19, 'FNs': 4}
Averaged stats: 
Accumulating evaluation results...
COCOeval_opt.accumulate() finished...
DONE (t=0.01s).
IoU metric: bbox
 Average Precision  (AP) @[ IoU=0.50:0.95 | area=   all | maxDets=100 ] = 0.393
 Average Precision  (AP) @[ IoU=0.50      | area=   all | maxDets=100 ] = 0.948
 Average Precision  (AP) @[ IoU=0.75      | area=   all | maxDets=100 ] = 0.207
 Average Precision  (AP) @[ IoU=0.50:0.95 | area= small | maxDets=100 ] = 0.394
 Average Precision  (AP) @[ IoU=0.50:0.95 | area=medium | maxDets=100 ] = -1.000
 Average Precision  (AP) @[ IoU=0.50:0.95 | area= large | maxDets=100 ] = -1.000
 Average Recall     (AR) @[ IoU=0.50:0.95 | area=   all | maxDets=  1 ] = 0.224
 Average Recall     (AR) @[ IoU=0.50:0.95 | area=   all | maxDets= 10 ] = 0.510
 Average Recall     (AR) @[ IoU=0.50:0.95 | area=   all | maxDets=100 ] = 0.608
 Average Recall     (AR) @[ IoU=0.50:0.95 | area= small | maxDets=100 ] = 0.608
 Average Recall     (AR) @[ IoU=0.50:0.95 | area=medium | maxDets=100 ] = -1.000
 Average Recall     (AR) @[ IoU=0.50:0.95 | area= large | maxDets=100 ] = -1.000
 Average Recall     (AR) @[ IoU=0.50      | area=   all | maxDets=100 ] = 1.000
 Average Recall     (AR) @[ IoU=0.75      | area=   all | maxDets=100 ] = 0.625
best_stat: {'epoch': 10, 'coco_eval_bbox': 0.3933729125968449}
Epoch: [11/30]  [ 0/44]  eta: 0:00:23  lr: 0.000100  loss: 19.1873 (19.1873)  loss_vfl: 0.5006 (0.5006)  loss_bbox: 0.0488 (0.0488)  loss_giou: 0.5593 (0.5593)  loss_fgl: 1.2320 (1.2320)  loss_vfl_aux_0: 0.7443 (0.7443)  loss_bbox_aux_0: 0.0590 (0.0590)  loss_giou_aux_0: 0.6838 (0.6838)  loss_fgl_aux_0: 1.2309 (1.2309)  loss_ddf_aux_0: 0.1253 (0.1253)  loss_vfl_aux_1: 0.5321 (0.5321)  loss_bbox_aux_1: 0.0484 (0.0484)  loss_giou_aux_1: 0.5646 (0.5646)  loss_fgl_aux_1: 1.2249 (1.2249)  loss_ddf_aux_1: 0.0082 (0.0082)  loss_vfl_pre: 0.7496 (0.7496)  loss_bbox_pre: 0.0595 (0.0595)  loss_giou_pre: 0.6810 (0.6810)  loss_vfl_enc_0: 0.6237 (0.6237)  loss_bbox_enc_0: 0.1470 (0.1470)  loss_giou_enc_0: 1.4704 (1.4704)  loss_vfl_dn_0: 0.4862 (0.4862)  loss_bbox_dn_0: 0.0460 (0.0460)  loss_giou_dn_0: 0.5680 (0.5680)  loss_fgl_dn_0: 1.2732 (1.2732)  loss_ddf_dn_0: 0.2217 (0.2217)  loss_vfl_dn_1: 0.4243 (0.4243)  loss_bbox_dn_1: 0.0325 (0.0325)  loss_giou_dn_1: 0.4192 (0.4192)  loss_fgl_dn_1: 1.2262 (1.2262)  loss_ddf_dn_1: 0.0068 (0.0068)  loss_vfl_dn_2: 0.4142 (0.4142)  loss_bbox_dn_2: 0.0327 (0.0327)  loss_giou_dn_2: 0.4194 (0.4194)  loss_fgl_dn_2: 1.2252 (1.2252)  loss_ddf_dn_2: -0.0000 (0.0000)  loss_vfl_dn_pre: 0.4856 (0.4856)  loss_bbox_dn_pre: 0.0461 (0.0461)  loss_giou_dn_pre: 0.5670 (0.5670)  time: 0.5232  data: 0.2300  max mem: 8696
Epoch: [11/30]  [10/44]  eta: 0:00:10  lr: 0.000100  loss: 18.1562 (18.1480)  loss_vfl: 0.4423 (0.4493)  loss_bbox: 0.0417 (0.0407)  loss_giou: 0.4653 (0.4561)  loss_fgl: 1.2358 (1.2326)  loss_vfl_aux_0: 0.7637 (0.7966)  loss_bbox_aux_0: 0.0488 (0.0505)  loss_giou_aux_0: 0.5474 (0.5602)  loss_fgl_aux_0: 1.2440 (1.2458)  loss_ddf_aux_0: 0.0894 (0.0913)  loss_vfl_aux_1: 0.5177 (0.4940)  loss_bbox_aux_1: 0.0427 (0.0414)  loss_giou_aux_1: 0.4657 (0.4635)  loss_fgl_aux_1: 1.2347 (1.2297)  loss_ddf_aux_1: 0.0080 (0.0080)  loss_vfl_pre: 0.7592 (0.7971)  loss_bbox_pre: 0.0493 (0.0502)  loss_giou_pre: 0.5511 (0.5573)  loss_vfl_enc_0: 0.7767 (0.8072)  loss_bbox_enc_0: 0.1204 (0.1209)  loss_giou_enc_0: 1.2509 (1.1938)  loss_vfl_dn_0: 0.4801 (0.4835)  loss_bbox_dn_0: 0.0417 (0.0416)  loss_giou_dn_0: 0.5019 (0.4961)  loss_fgl_dn_0: 1.2587 (1.2585)  loss_ddf_dn_0: 0.1843 (0.1858)  loss_vfl_dn_1: 0.4003 (0.3972)  loss_bbox_dn_1: 0.0300 (0.0297)  loss_giou_dn_1: 0.3639 (0.3671)  loss_fgl_dn_1: 1.1923 (1.1968)  loss_ddf_dn_1: 0.0057 (0.0061)  loss_vfl_dn_2: 0.3934 (0.3920)  loss_bbox_dn_2: 0.0297 (0.0296)  loss_giou_dn_2: 0.3621 (0.3641)  loss_fgl_dn_2: 1.1921 (1.1955)  loss_ddf_dn_2: -0.0000 (0.0000)  loss_vfl_dn_pre: 0.4798 (0.4830)  loss_bbox_dn_pre: 0.0415 (0.0414)  loss_giou_dn_pre: 0.5004 (0.4939)  time: 0.3180  data: 0.0317  max mem: 8696
Epoch: [11/30]  [20/44]  eta: 0:00:07  lr: 0.000100  loss: 17.9799 (17.9878)  loss_vfl: 0.4423 (0.4470)  loss_bbox: 0.0405 (0.0404)  loss_giou: 0.4396 (0.4459)  loss_fgl: 1.2368 (1.2347)  loss_vfl_aux_0: 0.7830 (0.7905)  loss_bbox_aux_0: 0.0465 (0.0489)  loss_giou_aux_0: 0.5339 (0.5463)  loss_fgl_aux_0: 1.2572 (1.2492)  loss_ddf_aux_0: 0.0764 (0.0844)  loss_vfl_aux_1: 0.4868 (0.4963)  loss_bbox_aux_1: 0.0408 (0.0410)  loss_giou_aux_1: 0.4502 (0.4538)  loss_fgl_aux_1: 1.2351 (1.2338)  loss_ddf_aux_1: 0.0070 (0.0075)  loss_vfl_pre: 0.7737 (0.7865)  loss_bbox_pre: 0.0456 (0.0486)  loss_giou_pre: 0.5277 (0.5436)  loss_vfl_enc_0: 0.9289 (0.8679)  loss_bbox_enc_0: 0.1163 (0.1156)  loss_giou_enc_0: 1.0365 (1.1171)  loss_vfl_dn_0: 0.4792 (0.4806)  loss_bbox_dn_0: 0.0405 (0.0412)  loss_giou_dn_0: 0.4725 (0.4814)  loss_fgl_dn_0: 1.2581 (1.2582)  loss_ddf_dn_0: 0.1790 (0.1839)  loss_vfl_dn_1: 0.3913 (0.3934)  loss_bbox_dn_1: 0.0290 (0.0296)  loss_giou_dn_1: 0.3479 (0.3584)  loss_fgl_dn_1: 1.1905 (1.1913)  loss_ddf_dn_1: 0.0054 (0.0058)  loss_vfl_dn_2: 0.3854 (0.3888)  loss_bbox_dn_2: 0.0289 (0.0295)  loss_giou_dn_2: 0.3481 (0.3554)  loss_fgl_dn_2: 1.1883 (1.1899)  loss_ddf_dn_2: -0.0000 (0.0000)  loss_vfl_dn_pre: 0.4787 (0.4801)  loss_bbox_dn_pre: 0.0405 (0.0410)  loss_giou_dn_pre: 0.4736 (0.4800)  time: 0.2972  data: 0.0119  max mem: 8696
Epoch: [11/30]  [30/44]  eta: 0:00:04  lr: 0.000100  loss: 17.6859 (17.8755)  loss_vfl: 0.4222 (0.4413)  loss_bbox: 0.0377 (0.0392)  loss_giou: 0.4297 (0.4359)  loss_fgl: 1.2316 (1.2309)  loss_vfl_aux_0: 0.8012 (0.8041)  loss_bbox_aux_0: 0.0445 (0.0476)  loss_giou_aux_0: 0.5167 (0.5340)  loss_fgl_aux_0: 1.2504 (1.2477)  loss_ddf_aux_0: 0.0734 (0.0810)  loss_vfl_aux_1: 0.4738 (0.4932)  loss_bbox_aux_1: 0.0388 (0.0398)  loss_giou_aux_1: 0.4331 (0.4418)  loss_fgl_aux_1: 1.2307 (1.2306)  loss_ddf_aux_1: 0.0057 (0.0067)  loss_vfl_pre: 0.7848 (0.7979)  loss_bbox_pre: 0.0439 (0.0475)  loss_giou_pre: 0.5057 (0.5327)  loss_vfl_enc_0: 0.9545 (0.9017)  loss_bbox_enc_0: 0.0984 (0.1091)  loss_giou_enc_0: 1.0000 (1.0674)  loss_vfl_dn_0: 0.4758 (0.4783)  loss_bbox_dn_0: 0.0402 (0.0406)  loss_giou_dn_0: 0.4650 (0.4787)  loss_fgl_dn_0: 1.2529 (1.2561)  loss_ddf_dn_0: 0.1790 (0.1873)  loss_vfl_dn_1: 0.3868 (0.3907)  loss_bbox_dn_1: 0.0280 (0.0288)  loss_giou_dn_1: 0.3452 (0.3518)  loss_fgl_dn_1: 1.1752 (1.1851)  loss_ddf_dn_1: 0.0054 (0.0059)  loss_vfl_dn_2: 0.3825 (0.3856)  loss_bbox_dn_2: 0.0277 (0.0286)  loss_giou_dn_2: 0.3431 (0.3489)  loss_fgl_dn_2: 1.1737 (1.1834)  loss_ddf_dn_2: -0.0000 (0.0000)  loss_vfl_dn_pre: 0.4751 (0.4778)  loss_bbox_dn_pre: 0.0401 (0.0405)  loss_giou_dn_pre: 0.4628 (0.4773)  time: 0.2976  data: 0.0119  max mem: 8696
Epoch: [11/30]  [40/44]  eta: 0:00:01  lr: 0.000100  loss: 17.9588 (18.0396)  loss_vfl: 0.4255 (0.4415)  loss_bbox: 0.0388 (0.0402)  loss_giou: 0.4628 (0.4510)  loss_fgl: 1.2339 (1.2344)  loss_vfl_aux_0: 0.8202 (0.8119)  loss_bbox_aux_0: 0.0458 (0.0492)  loss_giou_aux_0: 0.5311 (0.5489)  loss_fgl_aux_0: 1.2435 (1.2437)  loss_ddf_aux_0: 0.0754 (0.0813)  loss_vfl_aux_1: 0.4705 (0.4902)  loss_bbox_aux_1: 0.0393 (0.0409)  loss_giou_aux_1: 0.4631 (0.4610)  loss_fgl_aux_1: 1.2307 (1.2324)  loss_ddf_aux_1: 0.0052 (0.0070)  loss_vfl_pre: 0.8175 (0.8069)  loss_bbox_pre: 0.0458 (0.0484)  loss_giou_pre: 0.5338 (0.5463)  loss_vfl_enc_0: 0.9590 (0.9187)  loss_bbox_enc_0: 0.0941 (0.1080)  loss_giou_enc_0: 0.9994 (1.0766)  loss_vfl_dn_0: 0.4761 (0.4798)  loss_bbox_dn_0: 0.0404 (0.0408)  loss_giou_dn_0: 0.4909 (0.4862)  loss_fgl_dn_0: 1.2517 (1.2571)  loss_ddf_dn_0: 0.1940 (0.1946)  loss_vfl_dn_1: 0.3933 (0.3937)  loss_bbox_dn_1: 0.0280 (0.0292)  loss_giou_dn_1: 0.3665 (0.3598)  loss_fgl_dn_1: 1.1752 (1.1879)  loss_ddf_dn_1: 0.0061 (0.0061)  loss_vfl_dn_2: 0.3910 (0.3887)  loss_bbox_dn_2: 0.0279 (0.0290)  loss_giou_dn_2: 0.3625 (0.3575)  loss_fgl_dn_2: 1.1752 (1.1864)  loss_ddf_dn_2: -0.0000 (0.0000)  loss_vfl_dn_pre: 0.4754 (0.4788)  loss_bbox_dn_pre: 0.0399 (0.0407)  loss_giou_dn_pre: 0.4861 (0.4849)  time: 0.2989  data: 0.0121  max mem: 8696
Epoch: [11/30]  [43/44]  eta: 0:00:00  lr: 0.000100  loss: 18.1610 (18.0623)  loss_vfl: 0.4284 (0.4404)  loss_bbox: 0.0401 (0.0409)  loss_giou: 0.4653 (0.4555)  loss_fgl: 1.2278 (1.2315)  loss_vfl_aux_0: 0.8026 (0.8067)  loss_bbox_aux_0: 0.0454 (0.0500)  loss_giou_aux_0: 0.5474 (0.5544)  loss_fgl_aux_0: 1.2404 (1.2403)  loss_ddf_aux_0: 0.0775 (0.0809)  loss_vfl_aux_1: 0.4705 (0.4903)  loss_bbox_aux_1: 0.0414 (0.0416)  loss_giou_aux_1: 0.4738 (0.4657)  loss_fgl_aux_1: 1.2284 (1.2301)  loss_ddf_aux_1: 0.0054 (0.0070)  loss_vfl_pre: 0.8024 (0.8014)  loss_bbox_pre: 0.0457 (0.0492)  loss_giou_pre: 0.5562 (0.5525)  loss_vfl_enc_0: 0.9469 (0.9197)  loss_bbox_enc_0: 0.0930 (0.1083)  loss_giou_enc_0: 1.0439 (1.0840)  loss_vfl_dn_0: 0.4758 (0.4798)  loss_bbox_dn_0: 0.0403 (0.0407)  loss_giou_dn_0: 0.4980 (0.4882)  loss_fgl_dn_0: 1.2579 (1.2572)  loss_ddf_dn_0: 0.2112 (0.1970)  loss_vfl_dn_1: 0.4010 (0.3942)  loss_bbox_dn_1: 0.0280 (0.0291)  loss_giou_dn_1: 0.3756 (0.3613)  loss_fgl_dn_1: 1.1924 (1.1888)  loss_ddf_dn_1: 0.0063 (0.0061)  loss_vfl_dn_2: 0.3944 (0.3891)  loss_bbox_dn_2: 0.0279 (0.0289)  loss_giou_dn_2: 0.3706 (0.3586)  loss_fgl_dn_2: 1.1914 (1.1870)  loss_ddf_dn_2: -0.0000 (0.0000)  loss_vfl_dn_pre: 0.4754 (0.4788)  loss_bbox_dn_pre: 0.0398 (0.0405)  loss_giou_dn_pre: 0.4923 (0.4865)  time: 0.2964  data: 0.0120  max mem: 8696
Epoch: [11/30] Total time: 0:00:13 (0.3031 s / it)
Averaged stats: lr: 0.000100  loss: 18.1610 (18.0623)  loss_vfl: 0.4284 (0.4404)  loss_bbox: 0.0401 (0.0409)  loss_giou: 0.4653 (0.4555)  loss_fgl: 1.2278 (1.2315)  loss_vfl_aux_0: 0.8026 (0.8067)  loss_bbox_aux_0: 0.0454 (0.0500)  loss_giou_aux_0: 0.5474 (0.5544)  loss_fgl_aux_0: 1.2404 (1.2403)  loss_ddf_aux_0: 0.0775 (0.0809)  loss_vfl_aux_1: 0.4705 (0.4903)  loss_bbox_aux_1: 0.0414 (0.0416)  loss_giou_aux_1: 0.4738 (0.4657)  loss_fgl_aux_1: 1.2284 (1.2301)  loss_ddf_aux_1: 0.0054 (0.0070)  loss_vfl_pre: 0.8024 (0.8014)  loss_bbox_pre: 0.0457 (0.0492)  loss_giou_pre: 0.5562 (0.5525)  loss_vfl_enc_0: 0.9469 (0.9197)  loss_bbox_enc_0: 0.0930 (0.1083)  loss_giou_enc_0: 1.0439 (1.0840)  loss_vfl_dn_0: 0.4758 (0.4798)  loss_bbox_dn_0: 0.0403 (0.0407)  loss_giou_dn_0: 0.4980 (0.4882)  loss_fgl_dn_0: 1.2579 (1.2572)  loss_ddf_dn_0: 0.2112 (0.1970)  loss_vfl_dn_1: 0.4010 (0.3942)  loss_bbox_dn_1: 0.0280 (0.0291)  loss_giou_dn_1: 0.3756 (0.3613)  loss_fgl_dn_1: 1.1924 (1.1888)  loss_ddf_dn_1: 0.0063 (0.0061)  loss_vfl_dn_2: 0.3944 (0.3891)  loss_bbox_dn_2: 0.0279 (0.0289)  loss_giou_dn_2: 0.3706 (0.3586)  loss_fgl_dn_2: 1.1914 (1.1870)  loss_ddf_dn_2: -0.0000 (0.0000)  loss_vfl_dn_pre: 0.4754 (0.4788)  loss_bbox_dn_pre: 0.0398 (0.0405)  loss_giou_dn_pre: 0.4923 (0.4865)
Test:  [0/9]  eta: 0:00:02    time: 0.3269  data: 0.2479  max mem: 8696
Test:  [8/9]  eta: 0:00:00    time: 0.1356  data: 0.0393  max mem: 8696
Test: Total time: 0:00:01 (0.1401 s / it)
Metrics: {'f1': 0.9019607843137256, 'precision': 0.8518518518518519, 'recall': 0.9583333333333334, 'iou': 0.5905033672849337, 'TPs': 138, 'FPs': 24, 'FNs': 6}
Averaged stats: 
Accumulating evaluation results...
COCOeval_opt.accumulate() finished...
DONE (t=0.01s).
IoU metric: bbox
 Average Precision  (AP) @[ IoU=0.50:0.95 | area=   all | maxDets=100 ] = 0.379
 Average Precision  (AP) @[ IoU=0.50      | area=   all | maxDets=100 ] = 0.939
 Average Precision  (AP) @[ IoU=0.75      | area=   all | maxDets=100 ] = 0.176
 Average Precision  (AP) @[ IoU=0.50:0.95 | area= small | maxDets=100 ] = 0.379
 Average Precision  (AP) @[ IoU=0.50:0.95 | area=medium | maxDets=100 ] = -1.000
 Average Precision  (AP) @[ IoU=0.50:0.95 | area= large | maxDets=100 ] = -1.000
 Average Recall     (AR) @[ IoU=0.50:0.95 | area=   all | maxDets=  1 ] = 0.230
 Average Recall     (AR) @[ IoU=0.50:0.95 | area=   all | maxDets= 10 ] = 0.501
 Average Recall     (AR) @[ IoU=0.50:0.95 | area=   all | maxDets=100 ] = 0.602
 Average Recall     (AR) @[ IoU=0.50:0.95 | area= small | maxDets=100 ] = 0.602
 Average Recall     (AR) @[ IoU=0.50:0.95 | area=medium | maxDets=100 ] = -1.000
 Average Recall     (AR) @[ IoU=0.50:0.95 | area= large | maxDets=100 ] = -1.000
 Average Recall     (AR) @[ IoU=0.50      | area=   all | maxDets=100 ] = 0.986
 Average Recall     (AR) @[ IoU=0.75      | area=   all | maxDets=100 ] = 0.597
best_stat: {'epoch': 10, 'coco_eval_bbox': 0.3933729125968449}
Epoch: [12/30]  [ 0/44]  eta: 0:00:23  lr: 0.000100  loss: 17.4131 (17.4131)  loss_vfl: 0.4232 (0.4232)  loss_bbox: 0.0367 (0.0367)  loss_giou: 0.4183 (0.4183)  loss_fgl: 1.2115 (1.2115)  loss_vfl_aux_0: 0.6483 (0.6483)  loss_bbox_aux_0: 0.0463 (0.0463)  loss_giou_aux_0: 0.5376 (0.5376)  loss_fgl_aux_0: 1.2394 (1.2394)  loss_ddf_aux_0: 0.0817 (0.0817)  loss_vfl_aux_1: 0.4719 (0.4719)  loss_bbox_aux_1: 0.0388 (0.0388)  loss_giou_aux_1: 0.4382 (0.4382)  loss_fgl_aux_1: 1.2125 (1.2125)  loss_ddf_aux_1: 0.0074 (0.0074)  loss_vfl_pre: 0.6637 (0.6637)  loss_bbox_pre: 0.0455 (0.0455)  loss_giou_pre: 0.5294 (0.5294)  loss_vfl_enc_0: 0.8833 (0.8833)  loss_bbox_enc_0: 0.0943 (0.0943)  loss_giou_enc_0: 1.1258 (1.1258)  loss_vfl_dn_0: 0.4713 (0.4713)  loss_bbox_dn_0: 0.0371 (0.0371)  loss_giou_dn_0: 0.4492 (0.4492)  loss_fgl_dn_0: 1.2451 (1.2451)  loss_ddf_dn_0: 0.2063 (0.2063)  loss_vfl_dn_1: 0.3849 (0.3849)  loss_bbox_dn_1: 0.0289 (0.0289)  loss_giou_dn_1: 0.3548 (0.3548)  loss_fgl_dn_1: 1.1846 (1.1846)  loss_ddf_dn_1: 0.0063 (0.0063)  loss_vfl_dn_2: 0.3793 (0.3793)  loss_bbox_dn_2: 0.0281 (0.0281)  loss_giou_dn_2: 0.3462 (0.3462)  loss_fgl_dn_2: 1.1799 (1.1799)  loss_ddf_dn_2: -0.0000 (0.0000)  loss_vfl_dn_pre: 0.4712 (0.4712)  loss_bbox_dn_pre: 0.0372 (0.0372)  loss_giou_dn_pre: 0.4490 (0.4490)  time: 0.5342  data: 0.2406  max mem: 8696
Epoch: [12/30]  [10/44]  eta: 0:00:10  lr: 0.000100  loss: 18.2092 (18.2269)  loss_vfl: 0.4546 (0.4640)  loss_bbox: 0.0468 (0.0463)  loss_giou: 0.4612 (0.4713)  loss_fgl: 1.2149 (1.2080)  loss_vfl_aux_0: 0.7836 (0.7668)  loss_bbox_aux_0: 0.0566 (0.0579)  loss_giou_aux_0: 0.5655 (0.6057)  loss_fgl_aux_0: 1.2481 (1.2353)  loss_ddf_aux_0: 0.1171 (0.1175)  loss_vfl_aux_1: 0.4719 (0.5018)  loss_bbox_aux_1: 0.0466 (0.0472)  loss_giou_aux_1: 0.4625 (0.4845)  loss_fgl_aux_1: 1.2130 (1.2107)  loss_ddf_aux_1: 0.0080 (0.0087)  loss_vfl_pre: 0.7510 (0.7651)  loss_bbox_pre: 0.0570 (0.0571)  loss_giou_pre: 0.5639 (0.6044)  loss_vfl_enc_0: 0.7842 (0.7663)  loss_bbox_enc_0: 0.1317 (0.1431)  loss_giou_enc_0: 1.3309 (1.3444)  loss_vfl_dn_0: 0.4753 (0.4778)  loss_bbox_dn_0: 0.0393 (0.0388)  loss_giou_dn_0: 0.4641 (0.4688)  loss_fgl_dn_0: 1.2477 (1.2487)  loss_ddf_dn_0: 0.2105 (0.2109)  loss_vfl_dn_1: 0.3863 (0.3897)  loss_bbox_dn_1: 0.0285 (0.0280)  loss_giou_dn_1: 0.3507 (0.3489)  loss_fgl_dn_1: 1.1791 (1.1796)  loss_ddf_dn_1: 0.0063 (0.0070)  loss_vfl_dn_2: 0.3819 (0.3853)  loss_bbox_dn_2: 0.0281 (0.0277)  loss_giou_dn_2: 0.3421 (0.3468)  loss_fgl_dn_2: 1.1782 (1.1788)  loss_ddf_dn_2: -0.0000 (0.0000)  loss_vfl_dn_pre: 0.4741 (0.4768)  loss_bbox_dn_pre: 0.0394 (0.0389)  loss_giou_dn_pre: 0.4652 (0.4682)  time: 0.3211  data: 0.0328  max mem: 8696
Epoch: [12/30]  [20/44]  eta: 0:00:07  lr: 0.000100  loss: 18.0333 (18.0836)  loss_vfl: 0.4546 (0.4580)  loss_bbox: 0.0345 (0.0404)  loss_giou: 0.4163 (0.4397)  loss_fgl: 1.2149 (1.2099)  loss_vfl_aux_0: 0.8086 (0.8207)  loss_bbox_aux_0: 0.0453 (0.0518)  loss_giou_aux_0: 0.5585 (0.5737)  loss_fgl_aux_0: 1.2481 (1.2395)  loss_ddf_aux_0: 0.1104 (0.1136)  loss_vfl_aux_1: 0.5018 (0.5040)  loss_bbox_aux_1: 0.0360 (0.0414)  loss_giou_aux_1: 0.4275 (0.4539)  loss_fgl_aux_1: 1.2233 (1.2140)  loss_ddf_aux_1: 0.0087 (0.0092)  loss_vfl_pre: 0.8314 (0.8148)  loss_bbox_pre: 0.0453 (0.0513)  loss_giou_pre: 0.5608 (0.5709)  loss_vfl_enc_0: 0.7873 (0.8112)  loss_bbox_enc_0: 0.1239 (0.1265)  loss_giou_enc_0: 1.2107 (1.2377)  loss_vfl_dn_0: 0.4744 (0.4744)  loss_bbox_dn_0: 0.0380 (0.0387)  loss_giou_dn_0: 0.4629 (0.4676)  loss_fgl_dn_0: 1.2508 (1.2547)  loss_ddf_dn_0: 0.2193 (0.2166)  loss_vfl_dn_1: 0.3849 (0.3863)  loss_bbox_dn_1: 0.0274 (0.0275)  loss_giou_dn_1: 0.3349 (0.3421)  loss_fgl_dn_1: 1.1705 (1.1791)  loss_ddf_dn_1: 0.0084 (0.0079)  loss_vfl_dn_2: 0.3818 (0.3827)  loss_bbox_dn_2: 0.0273 (0.0273)  loss_giou_dn_2: 0.3368 (0.3399)  loss_fgl_dn_2: 1.1721 (1.1777)  loss_ddf_dn_2: -0.0000 (0.0000)  loss_vfl_dn_pre: 0.4731 (0.4738)  loss_bbox_dn_pre: 0.0377 (0.0386)  loss_giou_dn_pre: 0.4615 (0.4664)  time: 0.2999  data: 0.0121  max mem: 8696
Epoch: [12/30]  [30/44]  eta: 0:00:04  lr: 0.000100  loss: 17.9838 (18.0786)  loss_vfl: 0.4386 (0.4525)  loss_bbox: 0.0337 (0.0390)  loss_giou: 0.4039 (0.4332)  loss_fgl: 1.2166 (1.2159)  loss_vfl_aux_0: 0.8490 (0.8231)  loss_bbox_aux_0: 0.0439 (0.0495)  loss_giou_aux_0: 0.5149 (0.5576)  loss_fgl_aux_0: 1.2442 (1.2435)  loss_ddf_aux_0: 0.1178 (0.1182)  loss_vfl_aux_1: 0.5018 (0.5097)  loss_bbox_aux_1: 0.0349 (0.0398)  loss_giou_aux_1: 0.4249 (0.4454)  loss_fgl_aux_1: 1.2233 (1.2199)  loss_ddf_aux_1: 0.0095 (0.0092)  loss_vfl_pre: 0.8431 (0.8190)  loss_bbox_pre: 0.0437 (0.0491)  loss_giou_pre: 0.5224 (0.5547)  loss_vfl_enc_0: 0.8570 (0.8224)  loss_bbox_enc_0: 0.1062 (0.1187)  loss_giou_enc_0: 1.1751 (1.2213)  loss_vfl_dn_0: 0.4718 (0.4743)  loss_bbox_dn_0: 0.0384 (0.0389)  loss_giou_dn_0: 0.4647 (0.4673)  loss_fgl_dn_0: 1.2583 (1.2587)  loss_ddf_dn_0: 0.2193 (0.2223)  loss_vfl_dn_1: 0.3894 (0.3896)  loss_bbox_dn_1: 0.0277 (0.0279)  loss_giou_dn_1: 0.3456 (0.3452)  loss_fgl_dn_1: 1.1756 (1.1851)  loss_ddf_dn_1: 0.0094 (0.0089)  loss_vfl_dn_2: 0.3851 (0.3859)  loss_bbox_dn_2: 0.0273 (0.0277)  loss_giou_dn_2: 0.3398 (0.3432)  loss_fgl_dn_2: 1.1743 (1.1833)  loss_ddf_dn_2: -0.0000 (0.0000)  loss_vfl_dn_pre: 0.4717 (0.4736)  loss_bbox_dn_pre: 0.0383 (0.0389)  loss_giou_dn_pre: 0.4640 (0.4663)  time: 0.2994  data: 0.0121  max mem: 8696
Epoch: [12/30]  [40/44]  eta: 0:00:01  lr: 0.000100  loss: 18.1852 (18.1522)  loss_vfl: 0.4401 (0.4522)  loss_bbox: 0.0368 (0.0392)  loss_giou: 0.4377 (0.4430)  loss_fgl: 1.2172 (1.2174)  loss_vfl_aux_0: 0.8503 (0.8414)  loss_bbox_aux_0: 0.0447 (0.0489)  loss_giou_aux_0: 0.5408 (0.5594)  loss_fgl_aux_0: 1.2433 (1.2425)  loss_ddf_aux_0: 0.1201 (0.1180)  loss_vfl_aux_1: 0.4981 (0.5073)  loss_bbox_aux_1: 0.0371 (0.0397)  loss_giou_aux_1: 0.4381 (0.4520)  loss_fgl_aux_1: 1.2184 (1.2204)  loss_ddf_aux_1: 0.0091 (0.0092)  loss_vfl_pre: 0.8431 (0.8336)  loss_bbox_pre: 0.0451 (0.0486)  loss_giou_pre: 0.5510 (0.5577)  loss_vfl_enc_0: 0.8630 (0.8322)  loss_bbox_enc_0: 0.1059 (0.1170)  loss_giou_enc_0: 1.2014 (1.2106)  loss_vfl_dn_0: 0.4780 (0.4770)  loss_bbox_dn_0: 0.0390 (0.0391)  loss_giou_dn_0: 0.4688 (0.4713)  loss_fgl_dn_0: 1.2548 (1.2562)  loss_ddf_dn_0: 0.2120 (0.2202)  loss_vfl_dn_1: 0.3962 (0.3915)  loss_bbox_dn_1: 0.0279 (0.0280)  loss_giou_dn_1: 0.3559 (0.3504)  loss_fgl_dn_1: 1.1803 (1.1844)  loss_ddf_dn_1: 0.0103 (0.0092)  loss_vfl_dn_2: 0.3918 (0.3882)  loss_bbox_dn_2: 0.0276 (0.0280)  loss_giou_dn_2: 0.3591 (0.3497)  loss_fgl_dn_2: 1.1794 (1.1841)  loss_ddf_dn_2: -0.0000 (0.0000)  loss_vfl_dn_pre: 0.4768 (0.4760)  loss_bbox_dn_pre: 0.0391 (0.0390)  loss_giou_dn_pre: 0.4697 (0.4700)  time: 0.2989  data: 0.0120  max mem: 8696
Epoch: [12/30]  [43/44]  eta: 0:00:00  lr: 0.000100  loss: 18.1852 (18.1101)  loss_vfl: 0.4375 (0.4497)  loss_bbox: 0.0365 (0.0389)  loss_giou: 0.4377 (0.4414)  loss_fgl: 1.2130 (1.2157)  loss_vfl_aux_0: 0.8162 (0.8349)  loss_bbox_aux_0: 0.0449 (0.0487)  loss_giou_aux_0: 0.5424 (0.5562)  loss_fgl_aux_0: 1.2359 (1.2422)  loss_ddf_aux_0: 0.1172 (0.1159)  loss_vfl_aux_1: 0.4938 (0.5030)  loss_bbox_aux_1: 0.0370 (0.0394)  loss_giou_aux_1: 0.4381 (0.4497)  loss_fgl_aux_1: 1.2129 (1.2186)  loss_ddf_aux_1: 0.0088 (0.0090)  loss_vfl_pre: 0.8069 (0.8279)  loss_bbox_pre: 0.0457 (0.0485)  loss_giou_pre: 0.5521 (0.5548)  loss_vfl_enc_0: 0.8726 (0.8397)  loss_bbox_enc_0: 0.1019 (0.1160)  loss_giou_enc_0: 1.1901 (1.2011)  loss_vfl_dn_0: 0.4780 (0.4770)  loss_bbox_dn_0: 0.0398 (0.0393)  loss_giou_dn_0: 0.4681 (0.4721)  loss_fgl_dn_0: 1.2548 (1.2552)  loss_ddf_dn_0: 0.2120 (0.2184)  loss_vfl_dn_1: 0.3960 (0.3915)  loss_bbox_dn_1: 0.0279 (0.0281)  loss_giou_dn_1: 0.3559 (0.3506)  loss_fgl_dn_1: 1.1760 (1.1830)  loss_ddf_dn_1: 0.0102 (0.0092)  loss_vfl_dn_2: 0.3918 (0.3881)  loss_bbox_dn_2: 0.0280 (0.0280)  loss_giou_dn_2: 0.3591 (0.3497)  loss_fgl_dn_2: 1.1782 (1.1825)  loss_ddf_dn_2: -0.0000 (0.0000)  loss_vfl_dn_pre: 0.4768 (0.4761)  loss_bbox_dn_pre: 0.0395 (0.0392)  loss_giou_dn_pre: 0.4697 (0.4708)  time: 0.2961  data: 0.0119  max mem: 8696
Epoch: [12/30] Total time: 0:00:13 (0.3046 s / it)
Averaged stats: lr: 0.000100  loss: 18.1852 (18.1101)  loss_vfl: 0.4375 (0.4497)  loss_bbox: 0.0365 (0.0389)  loss_giou: 0.4377 (0.4414)  loss_fgl: 1.2130 (1.2157)  loss_vfl_aux_0: 0.8162 (0.8349)  loss_bbox_aux_0: 0.0449 (0.0487)  loss_giou_aux_0: 0.5424 (0.5562)  loss_fgl_aux_0: 1.2359 (1.2422)  loss_ddf_aux_0: 0.1172 (0.1159)  loss_vfl_aux_1: 0.4938 (0.5030)  loss_bbox_aux_1: 0.0370 (0.0394)  loss_giou_aux_1: 0.4381 (0.4497)  loss_fgl_aux_1: 1.2129 (1.2186)  loss_ddf_aux_1: 0.0088 (0.0090)  loss_vfl_pre: 0.8069 (0.8279)  loss_bbox_pre: 0.0457 (0.0485)  loss_giou_pre: 0.5521 (0.5548)  loss_vfl_enc_0: 0.8726 (0.8397)  loss_bbox_enc_0: 0.1019 (0.1160)  loss_giou_enc_0: 1.1901 (1.2011)  loss_vfl_dn_0: 0.4780 (0.4770)  loss_bbox_dn_0: 0.0398 (0.0393)  loss_giou_dn_0: 0.4681 (0.4721)  loss_fgl_dn_0: 1.2548 (1.2552)  loss_ddf_dn_0: 0.2120 (0.2184)  loss_vfl_dn_1: 0.3960 (0.3915)  loss_bbox_dn_1: 0.0279 (0.0281)  loss_giou_dn_1: 0.3559 (0.3506)  loss_fgl_dn_1: 1.1760 (1.1830)  loss_ddf_dn_1: 0.0102 (0.0092)  loss_vfl_dn_2: 0.3918 (0.3881)  loss_bbox_dn_2: 0.0280 (0.0280)  loss_giou_dn_2: 0.3591 (0.3497)  loss_fgl_dn_2: 1.1782 (1.1825)  loss_ddf_dn_2: -0.0000 (0.0000)  loss_vfl_dn_pre: 0.4768 (0.4761)  loss_bbox_dn_pre: 0.0395 (0.0392)  loss_giou_dn_pre: 0.4697 (0.4708)
Test:  [0/9]  eta: 0:00:02    time: 0.3143  data: 0.2372  max mem: 8696
Test:  [8/9]  eta: 0:00:00    time: 0.1096  data: 0.0374  max mem: 8696
Test: Total time: 0:00:01 (0.1135 s / it)
Metrics: {'f1': 0.9019607843137256, 'precision': 0.8518518518518519, 'recall': 0.9583333333333334, 'iou': 0.5898594561786878, 'TPs': 138, 'FPs': 24, 'FNs': 6}
Averaged stats: 
Accumulating evaluation results...
COCOeval_opt.accumulate() finished...
DONE (t=0.01s).
IoU metric: bbox
 Average Precision  (AP) @[ IoU=0.50:0.95 | area=   all | maxDets=100 ] = 0.388
 Average Precision  (AP) @[ IoU=0.50      | area=   all | maxDets=100 ] = 0.942
 Average Precision  (AP) @[ IoU=0.75      | area=   all | maxDets=100 ] = 0.169
 Average Precision  (AP) @[ IoU=0.50:0.95 | area= small | maxDets=100 ] = 0.388
 Average Precision  (AP) @[ IoU=0.50:0.95 | area=medium | maxDets=100 ] = -1.000
 Average Precision  (AP) @[ IoU=0.50:0.95 | area= large | maxDets=100 ] = -1.000
 Average Recall     (AR) @[ IoU=0.50:0.95 | area=   all | maxDets=  1 ] = 0.222
 Average Recall     (AR) @[ IoU=0.50:0.95 | area=   all | maxDets= 10 ] = 0.505
 Average Recall     (AR) @[ IoU=0.50:0.95 | area=   all | maxDets=100 ] = 0.610
 Average Recall     (AR) @[ IoU=0.50:0.95 | area= small | maxDets=100 ] = 0.610
 Average Recall     (AR) @[ IoU=0.50:0.95 | area=medium | maxDets=100 ] = -1.000
 Average Recall     (AR) @[ IoU=0.50:0.95 | area= large | maxDets=100 ] = -1.000
 Average Recall     (AR) @[ IoU=0.50      | area=   all | maxDets=100 ] = 0.986
 Average Recall     (AR) @[ IoU=0.75      | area=   all | maxDets=100 ] = 0.646
best_stat: {'epoch': 10, 'coco_eval_bbox': 0.3933729125968449}
Epoch: [13/30]  [ 0/44]  eta: 0:00:23  lr: 0.000100  loss: 16.8623 (16.8623)  loss_vfl: 0.4420 (0.4420)  loss_bbox: 0.0291 (0.0291)  loss_giou: 0.3663 (0.3663)  loss_fgl: 1.1600 (1.1600)  loss_vfl_aux_0: 0.6803 (0.6803)  loss_bbox_aux_0: 0.0470 (0.0470)  loss_giou_aux_0: 0.5242 (0.5242)  loss_fgl_aux_0: 1.2164 (1.2164)  loss_ddf_aux_0: 0.1349 (0.1349)  loss_vfl_aux_1: 0.4022 (0.4022)  loss_bbox_aux_1: 0.0332 (0.0332)  loss_giou_aux_1: 0.4059 (0.4059)  loss_fgl_aux_1: 1.1527 (1.1527)  loss_ddf_aux_1: 0.0122 (0.0122)  loss_vfl_pre: 0.6942 (0.6942)  loss_bbox_pre: 0.0462 (0.0462)  loss_giou_pre: 0.5156 (0.5156)  loss_vfl_enc_0: 0.7619 (0.7619)  loss_bbox_enc_0: 0.1233 (0.1233)  loss_giou_enc_0: 1.1521 (1.1521)  loss_vfl_dn_0: 0.4680 (0.4680)  loss_bbox_dn_0: 0.0333 (0.0333)  loss_giou_dn_0: 0.4107 (0.4107)  loss_fgl_dn_0: 1.2194 (1.2194)  loss_ddf_dn_0: 0.2128 (0.2128)  loss_vfl_dn_1: 0.3727 (0.3727)  loss_bbox_dn_1: 0.0241 (0.0241)  loss_giou_dn_1: 0.3092 (0.3092)  loss_fgl_dn_1: 1.1477 (1.1477)  loss_ddf_dn_1: 0.0109 (0.0109)  loss_vfl_dn_2: 0.3667 (0.3667)  loss_bbox_dn_2: 0.0237 (0.0237)  loss_giou_dn_2: 0.3036 (0.3036)  loss_fgl_dn_2: 1.1462 (1.1462)  loss_ddf_dn_2: -0.0000 (0.0000)  loss_vfl_dn_pre: 0.4684 (0.4684)  loss_bbox_dn_pre: 0.0334 (0.0334)  loss_giou_dn_pre: 0.4118 (0.4118)  time: 0.5252  data: 0.2359  max mem: 8696
Epoch: [13/30]  [10/44]  eta: 0:00:10  lr: 0.000100  loss: 17.9359 (18.1760)  loss_vfl: 0.4548 (0.4508)  loss_bbox: 0.0384 (0.0449)  loss_giou: 0.4239 (0.4820)  loss_fgl: 1.1739 (1.1596)  loss_vfl_aux_0: 0.8437 (0.8329)  loss_bbox_aux_0: 0.0491 (0.0578)  loss_giou_aux_0: 0.5793 (0.6258)  loss_fgl_aux_0: 1.2245 (1.2025)  loss_ddf_aux_0: 0.1179 (0.1196)  loss_vfl_aux_1: 0.5280 (0.5082)  loss_bbox_aux_1: 0.0378 (0.0452)  loss_giou_aux_1: 0.4321 (0.4951)  loss_fgl_aux_1: 1.1813 (1.1597)  loss_ddf_aux_1: 0.0085 (0.0093)  loss_vfl_pre: 0.8363 (0.8205)  loss_bbox_pre: 0.0497 (0.0564)  loss_giou_pre: 0.5809 (0.6228)  loss_vfl_enc_0: 0.7639 (0.7605)  loss_bbox_enc_0: 0.1308 (0.1344)  loss_giou_enc_0: 1.3693 (1.3873)  loss_vfl_dn_0: 0.4730 (0.4750)  loss_bbox_dn_0: 0.0379 (0.0367)  loss_giou_dn_0: 0.4544 (0.4562)  loss_fgl_dn_0: 1.2626 (1.2604)  loss_ddf_dn_0: 0.2128 (0.2084)  loss_vfl_dn_1: 0.3826 (0.3801)  loss_bbox_dn_1: 0.0253 (0.0252)  loss_giou_dn_1: 0.3214 (0.3216)  loss_fgl_dn_1: 1.1756 (1.1734)  loss_ddf_dn_1: 0.0094 (0.0092)  loss_vfl_dn_2: 0.3785 (0.3759)  loss_bbox_dn_2: 0.0248 (0.0248)  loss_giou_dn_2: 0.3140 (0.3176)  loss_fgl_dn_2: 1.1739 (1.1709)  loss_ddf_dn_2: -0.0000 (0.0000)  loss_vfl_dn_pre: 0.4711 (0.4736)  loss_bbox_dn_pre: 0.0376 (0.0367)  loss_giou_dn_pre: 0.4558 (0.4550)  time: 0.3168  data: 0.0319  max mem: 8696
Epoch: [13/30]  [20/44]  eta: 0:00:07  lr: 0.000100  loss: 18.0859 (18.0964)  loss_vfl: 0.4359 (0.4420)  loss_bbox: 0.0364 (0.0402)  loss_giou: 0.4043 (0.4498)  loss_fgl: 1.1932 (1.1787)  loss_vfl_aux_0: 0.8401 (0.8305)  loss_bbox_aux_0: 0.0496 (0.0534)  loss_giou_aux_0: 0.5565 (0.5986)  loss_fgl_aux_0: 1.2364 (1.2227)  loss_ddf_aux_0: 0.1318 (0.1335)  loss_vfl_aux_1: 0.4904 (0.4936)  loss_bbox_aux_1: 0.0364 (0.0407)  loss_giou_aux_1: 0.4164 (0.4596)  loss_fgl_aux_1: 1.1941 (1.1808)  loss_ddf_aux_1: 0.0102 (0.0111)  loss_vfl_pre: 0.8358 (0.8182)  loss_bbox_pre: 0.0497 (0.0528)  loss_giou_pre: 0.5623 (0.5959)  loss_vfl_enc_0: 0.7573 (0.7455)  loss_bbox_enc_0: 0.1237 (0.1314)  loss_giou_enc_0: 1.3607 (1.3704)  loss_vfl_dn_0: 0.4730 (0.4757)  loss_bbox_dn_0: 0.0378 (0.0378)  loss_giou_dn_0: 0.4587 (0.4634)  loss_fgl_dn_0: 1.2533 (1.2538)  loss_ddf_dn_0: 0.2164 (0.2102)  loss_vfl_dn_1: 0.3828 (0.3823)  loss_bbox_dn_1: 0.0257 (0.0263)  loss_giou_dn_1: 0.3271 (0.3339)  loss_fgl_dn_1: 1.1756 (1.1717)  loss_ddf_dn_1: 0.0098 (0.0100)  loss_vfl_dn_2: 0.3795 (0.3789)  loss_bbox_dn_2: 0.0256 (0.0261)  loss_giou_dn_2: 0.3244 (0.3320)  loss_fgl_dn_2: 1.1720 (1.1709)  loss_ddf_dn_2: -0.0000 (0.0000)  loss_vfl_dn_pre: 0.4711 (0.4744)  loss_bbox_dn_pre: 0.0375 (0.0377)  loss_giou_dn_pre: 0.4582 (0.4621)  time: 0.2969  data: 0.0117  max mem: 8696
Epoch: [13/30]  [30/44]  eta: 0:00:04  lr: 0.000100  loss: 17.9475 (18.0399)  loss_vfl: 0.4247 (0.4405)  loss_bbox: 0.0371 (0.0399)  loss_giou: 0.4277 (0.4447)  loss_fgl: 1.1971 (1.1898)  loss_vfl_aux_0: 0.7842 (0.8047)  loss_bbox_aux_0: 0.0496 (0.0521)  loss_giou_aux_0: 0.5520 (0.5866)  loss_fgl_aux_0: 1.2444 (1.2292)  loss_ddf_aux_0: 0.1358 (0.1326)  loss_vfl_aux_1: 0.4777 (0.4896)  loss_bbox_aux_1: 0.0369 (0.0403)  loss_giou_aux_1: 0.4298 (0.4537)  loss_fgl_aux_1: 1.2066 (1.1920)  loss_ddf_aux_1: 0.0106 (0.0106)  loss_vfl_pre: 0.7726 (0.7955)  loss_bbox_pre: 0.0493 (0.0517)  loss_giou_pre: 0.5519 (0.5846)  loss_vfl_enc_0: 0.6920 (0.7261)  loss_bbox_enc_0: 0.1329 (0.1341)  loss_giou_enc_0: 1.2987 (1.3553)  loss_vfl_dn_0: 0.4707 (0.4748)  loss_bbox_dn_0: 0.0367 (0.0383)  loss_giou_dn_0: 0.4628 (0.4647)  loss_fgl_dn_0: 1.2542 (1.2611)  loss_ddf_dn_0: 0.2231 (0.2169)  loss_vfl_dn_1: 0.3832 (0.3837)  loss_bbox_dn_1: 0.0276 (0.0267)  loss_giou_dn_1: 0.3349 (0.3366)  loss_fgl_dn_1: 1.1770 (1.1783)  loss_ddf_dn_1: 0.0106 (0.0104)  loss_vfl_dn_2: 0.3817 (0.3803)  loss_bbox_dn_2: 0.0277 (0.0266)  loss_giou_dn_2: 0.3361 (0.3348)  loss_fgl_dn_2: 1.1712 (1.1775)  loss_ddf_dn_2: -0.0000 (0.0000)  loss_vfl_dn_pre: 0.4712 (0.4738)  loss_bbox_dn_pre: 0.0365 (0.0382)  loss_giou_dn_pre: 0.4625 (0.4634)  time: 0.2975  data: 0.0117  max mem: 8696
Epoch: [13/30]  [40/44]  eta: 0:00:01  lr: 0.000100  loss: 17.6578 (17.9657)  loss_vfl: 0.4211 (0.4373)  loss_bbox: 0.0362 (0.0388)  loss_giou: 0.4292 (0.4351)  loss_fgl: 1.2099 (1.1948)  loss_vfl_aux_0: 0.7667 (0.8033)  loss_bbox_aux_0: 0.0465 (0.0512)  loss_giou_aux_0: 0.5277 (0.5755)  loss_fgl_aux_0: 1.2483 (1.2347)  loss_ddf_aux_0: 0.1221 (0.1306)  loss_vfl_aux_1: 0.4732 (0.4868)  loss_bbox_aux_1: 0.0375 (0.0394)  loss_giou_aux_1: 0.4370 (0.4449)  loss_fgl_aux_1: 1.2150 (1.1971)  loss_ddf_aux_1: 0.0088 (0.0104)  loss_vfl_pre: 0.7577 (0.7930)  loss_bbox_pre: 0.0459 (0.0509)  loss_giou_pre: 0.5306 (0.5732)  loss_vfl_enc_0: 0.6745 (0.7133)  loss_bbox_enc_0: 0.1406 (0.1382)  loss_giou_enc_0: 1.2899 (1.3465)  loss_vfl_dn_0: 0.4734 (0.4745)  loss_bbox_dn_0: 0.0370 (0.0385)  loss_giou_dn_0: 0.4534 (0.4619)  loss_fgl_dn_0: 1.2558 (1.2580)  loss_ddf_dn_0: 0.2180 (0.2164)  loss_vfl_dn_1: 0.3810 (0.3830)  loss_bbox_dn_1: 0.0274 (0.0269)  loss_giou_dn_1: 0.3320 (0.3357)  loss_fgl_dn_1: 1.1793 (1.1764)  loss_ddf_dn_1: 0.0111 (0.0107)  loss_vfl_dn_2: 0.3778 (0.3796)  loss_bbox_dn_2: 0.0270 (0.0268)  loss_giou_dn_2: 0.3291 (0.3342)  loss_fgl_dn_2: 1.1778 (1.1759)  loss_ddf_dn_2: -0.0000 (0.0000)  loss_vfl_dn_pre: 0.4730 (0.4736)  loss_bbox_dn_pre: 0.0366 (0.0384)  loss_giou_dn_pre: 0.4512 (0.4602)  time: 0.2969  data: 0.0115  max mem: 8696
Epoch: [13/30]  [43/44]  eta: 0:00:00  lr: 0.000100  loss: 17.6473 (17.9180)  loss_vfl: 0.4211 (0.4367)  loss_bbox: 0.0356 (0.0383)  loss_giou: 0.4234 (0.4317)  loss_fgl: 1.2094 (1.1952)  loss_vfl_aux_0: 0.7667 (0.8024)  loss_bbox_aux_0: 0.0446 (0.0504)  loss_giou_aux_0: 0.5227 (0.5696)  loss_fgl_aux_0: 1.2483 (1.2344)  loss_ddf_aux_0: 0.1187 (0.1282)  loss_vfl_aux_1: 0.4777 (0.4861)  loss_bbox_aux_1: 0.0362 (0.0389)  loss_giou_aux_1: 0.4282 (0.4409)  loss_fgl_aux_1: 1.2111 (1.1972)  loss_ddf_aux_1: 0.0080 (0.0101)  loss_vfl_pre: 0.7577 (0.7919)  loss_bbox_pre: 0.0450 (0.0501)  loss_giou_pre: 0.5255 (0.5672)  loss_vfl_enc_0: 0.6795 (0.7125)  loss_bbox_enc_0: 0.1346 (0.1372)  loss_giou_enc_0: 1.2552 (1.3339)  loss_vfl_dn_0: 0.4734 (0.4750)  loss_bbox_dn_0: 0.0372 (0.0385)  loss_giou_dn_0: 0.4550 (0.4622)  loss_fgl_dn_0: 1.2532 (1.2565)  loss_ddf_dn_0: 0.2213 (0.2148)  loss_vfl_dn_1: 0.3806 (0.3828)  loss_bbox_dn_1: 0.0274 (0.0268)  loss_giou_dn_1: 0.3360 (0.3355)  loss_fgl_dn_1: 1.1793 (1.1748)  loss_ddf_dn_1: 0.0111 (0.0106)  loss_vfl_dn_2: 0.3788 (0.3795)  loss_bbox_dn_2: 0.0273 (0.0267)  loss_giou_dn_2: 0.3400 (0.3341)  loss_fgl_dn_2: 1.1778 (1.1742)  loss_ddf_dn_2: -0.0000 (0.0000)  loss_vfl_dn_pre: 0.4730 (0.4740)  loss_bbox_dn_pre: 0.0369 (0.0384)  loss_giou_dn_pre: 0.4543 (0.4605)  time: 0.2945  data: 0.0118  max mem: 8696
Epoch: [13/30] Total time: 0:00:13 (0.3021 s / it)
Averaged stats: lr: 0.000100  loss: 17.6473 (17.9180)  loss_vfl: 0.4211 (0.4367)  loss_bbox: 0.0356 (0.0383)  loss_giou: 0.4234 (0.4317)  loss_fgl: 1.2094 (1.1952)  loss_vfl_aux_0: 0.7667 (0.8024)  loss_bbox_aux_0: 0.0446 (0.0504)  loss_giou_aux_0: 0.5227 (0.5696)  loss_fgl_aux_0: 1.2483 (1.2344)  loss_ddf_aux_0: 0.1187 (0.1282)  loss_vfl_aux_1: 0.4777 (0.4861)  loss_bbox_aux_1: 0.0362 (0.0389)  loss_giou_aux_1: 0.4282 (0.4409)  loss_fgl_aux_1: 1.2111 (1.1972)  loss_ddf_aux_1: 0.0080 (0.0101)  loss_vfl_pre: 0.7577 (0.7919)  loss_bbox_pre: 0.0450 (0.0501)  loss_giou_pre: 0.5255 (0.5672)  loss_vfl_enc_0: 0.6795 (0.7125)  loss_bbox_enc_0: 0.1346 (0.1372)  loss_giou_enc_0: 1.2552 (1.3339)  loss_vfl_dn_0: 0.4734 (0.4750)  loss_bbox_dn_0: 0.0372 (0.0385)  loss_giou_dn_0: 0.4550 (0.4622)  loss_fgl_dn_0: 1.2532 (1.2565)  loss_ddf_dn_0: 0.2213 (0.2148)  loss_vfl_dn_1: 0.3806 (0.3828)  loss_bbox_dn_1: 0.0274 (0.0268)  loss_giou_dn_1: 0.3360 (0.3355)  loss_fgl_dn_1: 1.1793 (1.1748)  loss_ddf_dn_1: 0.0111 (0.0106)  loss_vfl_dn_2: 0.3788 (0.3795)  loss_bbox_dn_2: 0.0273 (0.0267)  loss_giou_dn_2: 0.3400 (0.3341)  loss_fgl_dn_2: 1.1778 (1.1742)  loss_ddf_dn_2: -0.0000 (0.0000)  loss_vfl_dn_pre: 0.4730 (0.4740)  loss_bbox_dn_pre: 0.0369 (0.0384)  loss_giou_dn_pre: 0.4543 (0.4605)
Test:  [0/9]  eta: 0:00:02    time: 0.3138  data: 0.2357  max mem: 8696
Test:  [8/9]  eta: 0:00:00    time: 0.1089  data: 0.0372  max mem: 8696
Test: Total time: 0:00:01 (0.1132 s / it)
Metrics: {'f1': 0.9055374592833877, 'precision': 0.852760736196319, 'recall': 0.9652777777777778, 'iou': 0.592777281290009, 'TPs': 139, 'FPs': 24, 'FNs': 5}
Averaged stats: 
Accumulating evaluation results...
COCOeval_opt.accumulate() finished...
DONE (t=0.01s).
IoU metric: bbox
 Average Precision  (AP) @[ IoU=0.50:0.95 | area=   all | maxDets=100 ] = 0.378
 Average Precision  (AP) @[ IoU=0.50      | area=   all | maxDets=100 ] = 0.951
 Average Precision  (AP) @[ IoU=0.75      | area=   all | maxDets=100 ] = 0.172
 Average Precision  (AP) @[ IoU=0.50:0.95 | area= small | maxDets=100 ] = 0.378
 Average Precision  (AP) @[ IoU=0.50:0.95 | area=medium | maxDets=100 ] = -1.000
 Average Precision  (AP) @[ IoU=0.50:0.95 | area= large | maxDets=100 ] = -1.000
 Average Recall     (AR) @[ IoU=0.50:0.95 | area=   all | maxDets=  1 ] = 0.219
 Average Recall     (AR) @[ IoU=0.50:0.95 | area=   all | maxDets= 10 ] = 0.506
 Average Recall     (AR) @[ IoU=0.50:0.95 | area=   all | maxDets=100 ] = 0.603
 Average Recall     (AR) @[ IoU=0.50:0.95 | area= small | maxDets=100 ] = 0.603
 Average Recall     (AR) @[ IoU=0.50:0.95 | area=medium | maxDets=100 ] = -1.000
 Average Recall     (AR) @[ IoU=0.50:0.95 | area= large | maxDets=100 ] = -1.000
 Average Recall     (AR) @[ IoU=0.50      | area=   all | maxDets=100 ] = 0.993
 Average Recall     (AR) @[ IoU=0.75      | area=   all | maxDets=100 ] = 0.625
best_stat: {'epoch': 10, 'coco_eval_bbox': 0.3933729125968449}
Epoch: [14/30]  [ 0/44]  eta: 0:00:22  lr: 0.000100  loss: 18.2028 (18.2028)  loss_vfl: 0.5049 (0.5049)  loss_bbox: 0.0305 (0.0305)  loss_giou: 0.4197 (0.4197)  loss_fgl: 1.2431 (1.2431)  loss_vfl_aux_0: 0.7989 (0.7989)  loss_bbox_aux_0: 0.0465 (0.0465)  loss_giou_aux_0: 0.5795 (0.5795)  loss_fgl_aux_0: 1.2305 (1.2305)  loss_ddf_aux_0: 0.1598 (0.1598)  loss_vfl_aux_1: 0.6422 (0.6422)  loss_bbox_aux_1: 0.0319 (0.0319)  loss_giou_aux_1: 0.4422 (0.4422)  loss_fgl_aux_1: 1.2481 (1.2481)  loss_ddf_aux_1: 0.0117 (0.0117)  loss_vfl_pre: 0.8147 (0.8147)  loss_bbox_pre: 0.0456 (0.0456)  loss_giou_pre: 0.5631 (0.5631)  loss_vfl_enc_0: 0.5415 (0.5415)  loss_bbox_enc_0: 0.1653 (0.1653)  loss_giou_enc_0: 1.6110 (1.6110)  loss_vfl_dn_0: 0.4543 (0.4543)  loss_bbox_dn_0: 0.0331 (0.0331)  loss_giou_dn_0: 0.4341 (0.4341)  loss_fgl_dn_0: 1.2568 (1.2568)  loss_ddf_dn_0: 0.1960 (0.1960)  loss_vfl_dn_1: 0.3763 (0.3763)  loss_bbox_dn_1: 0.0231 (0.0231)  loss_giou_dn_1: 0.3107 (0.3107)  loss_fgl_dn_1: 1.1817 (1.1817)  loss_ddf_dn_1: 0.0072 (0.0072)  loss_vfl_dn_2: 0.3723 (0.3723)  loss_bbox_dn_2: 0.0225 (0.0225)  loss_giou_dn_2: 0.3054 (0.3054)  loss_fgl_dn_2: 1.1784 (1.1784)  loss_ddf_dn_2: -0.0000 (0.0000)  loss_vfl_dn_pre: 0.4536 (0.4536)  loss_bbox_dn_pre: 0.0330 (0.0330)  loss_giou_dn_pre: 0.4337 (0.4337)  time: 0.5211  data: 0.2264  max mem: 8696
Epoch: [14/30]  [10/44]  eta: 0:00:10  lr: 0.000100  loss: 17.5600 (17.5919)  loss_vfl: 0.4061 (0.4316)  loss_bbox: 0.0318 (0.0328)  loss_giou: 0.3792 (0.3814)  loss_fgl: 1.2083 (1.2066)  loss_vfl_aux_0: 0.7683 (0.7594)  loss_bbox_aux_0: 0.0443 (0.0459)  loss_giou_aux_0: 0.5395 (0.5396)  loss_fgl_aux_0: 1.2502 (1.2483)  loss_ddf_aux_0: 0.1389 (0.1453)  loss_vfl_aux_1: 0.5346 (0.5189)  loss_bbox_aux_1: 0.0325 (0.0334)  loss_giou_aux_1: 0.3890 (0.3908)  loss_fgl_aux_1: 1.2097 (1.2088)  loss_ddf_aux_1: 0.0117 (0.0112)  loss_vfl_pre: 0.7838 (0.7637)  loss_bbox_pre: 0.0456 (0.0457)  loss_giou_pre: 0.5248 (0.5388)  loss_vfl_enc_0: 0.6693 (0.6674)  loss_bbox_enc_0: 0.1455 (0.1412)  loss_giou_enc_0: 1.4015 (1.3905)  loss_vfl_dn_0: 0.4662 (0.4671)  loss_bbox_dn_0: 0.0365 (0.0361)  loss_giou_dn_0: 0.4341 (0.4385)  loss_fgl_dn_0: 1.2458 (1.2481)  loss_ddf_dn_0: 0.2101 (0.2187)  loss_vfl_dn_1: 0.3730 (0.3722)  loss_bbox_dn_1: 0.0247 (0.0251)  loss_giou_dn_1: 0.3107 (0.3118)  loss_fgl_dn_1: 1.1617 (1.1602)  loss_ddf_dn_1: 0.0094 (0.0104)  loss_vfl_dn_2: 0.3666 (0.3679)  loss_bbox_dn_2: 0.0247 (0.0250)  loss_giou_dn_2: 0.3001 (0.3093)  loss_fgl_dn_2: 1.1590 (1.1589)  loss_ddf_dn_2: -0.0000 (0.0000)  loss_vfl_dn_pre: 0.4663 (0.4664)  loss_bbox_dn_pre: 0.0364 (0.0361)  loss_giou_dn_pre: 0.4337 (0.4390)  time: 0.3174  data: 0.0311  max mem: 8696
Epoch: [14/30]  [20/44]  eta: 0:00:07  lr: 0.000100  loss: 17.4646 (17.5076)  loss_vfl: 0.4029 (0.4203)  loss_bbox: 0.0318 (0.0326)  loss_giou: 0.3779 (0.3827)  loss_fgl: 1.2043 (1.2064)  loss_vfl_aux_0: 0.7780 (0.7965)  loss_bbox_aux_0: 0.0438 (0.0440)  loss_giou_aux_0: 0.5037 (0.5180)  loss_fgl_aux_0: 1.2550 (1.2543)  loss_ddf_aux_0: 0.1327 (0.1349)  loss_vfl_aux_1: 0.4669 (0.4831)  loss_bbox_aux_1: 0.0325 (0.0329)  loss_giou_aux_1: 0.3824 (0.3892)  loss_fgl_aux_1: 1.2097 (1.2095)  loss_ddf_aux_1: 0.0101 (0.0110)  loss_vfl_pre: 0.7838 (0.7955)  loss_bbox_pre: 0.0432 (0.0439)  loss_giou_pre: 0.5042 (0.5168)  loss_vfl_enc_0: 0.7287 (0.7048)  loss_bbox_enc_0: 0.1219 (0.1286)  loss_giou_enc_0: 1.2374 (1.2858)  loss_vfl_dn_0: 0.4638 (0.4667)  loss_bbox_dn_0: 0.0369 (0.0365)  loss_giou_dn_0: 0.4418 (0.4437)  loss_fgl_dn_0: 1.2485 (1.2545)  loss_ddf_dn_0: 0.2131 (0.2229)  loss_vfl_dn_1: 0.3689 (0.3716)  loss_bbox_dn_1: 0.0247 (0.0251)  loss_giou_dn_1: 0.3118 (0.3130)  loss_fgl_dn_1: 1.1548 (1.1610)  loss_ddf_dn_1: 0.0102 (0.0105)  loss_vfl_dn_2: 0.3655 (0.3699)  loss_bbox_dn_2: 0.0247 (0.0249)  loss_giou_dn_2: 0.3001 (0.3115)  loss_fgl_dn_2: 1.1532 (1.1594)  loss_ddf_dn_2: -0.0000 (0.0000)  loss_vfl_dn_pre: 0.4624 (0.4660)  loss_bbox_dn_pre: 0.0367 (0.0364)  loss_giou_dn_pre: 0.4410 (0.4431)  time: 0.3040  data: 0.0116  max mem: 8696
Epoch: [14/30]  [30/44]  eta: 0:00:04  lr: 0.000100  loss: 17.4646 (17.5589)  loss_vfl: 0.4180 (0.4234)  loss_bbox: 0.0310 (0.0325)  loss_giou: 0.3794 (0.3879)  loss_fgl: 1.2078 (1.2087)  loss_vfl_aux_0: 0.7867 (0.7872)  loss_bbox_aux_0: 0.0424 (0.0437)  loss_giou_aux_0: 0.5238 (0.5214)  loss_fgl_aux_0: 1.2590 (1.2557)  loss_ddf_aux_0: 0.1185 (0.1289)  loss_vfl_aux_1: 0.4709 (0.4939)  loss_bbox_aux_1: 0.0311 (0.0329)  loss_giou_aux_1: 0.3874 (0.3948)  loss_fgl_aux_1: 1.2133 (1.2110)  loss_ddf_aux_1: 0.0088 (0.0102)  loss_vfl_pre: 0.7818 (0.7853)  loss_bbox_pre: 0.0425 (0.0435)  loss_giou_pre: 0.5183 (0.5201)  loss_vfl_enc_0: 0.7728 (0.7441)  loss_bbox_enc_0: 0.1069 (0.1226)  loss_giou_enc_0: 1.1431 (1.2327)  loss_vfl_dn_0: 0.4615 (0.4664)  loss_bbox_dn_0: 0.0378 (0.0371)  loss_giou_dn_0: 0.4698 (0.4573)  loss_fgl_dn_0: 1.2615 (1.2567)  loss_ddf_dn_0: 0.2208 (0.2223)  loss_vfl_dn_1: 0.3725 (0.3758)  loss_bbox_dn_1: 0.0253 (0.0255)  loss_giou_dn_1: 0.3163 (0.3216)  loss_fgl_dn_1: 1.1638 (1.1649)  loss_ddf_dn_1: 0.0097 (0.0100)  loss_vfl_dn_2: 0.3740 (0.3733)  loss_bbox_dn_2: 0.0253 (0.0253)  loss_giou_dn_2: 0.3159 (0.3194)  loss_fgl_dn_2: 1.1620 (1.1634)  loss_ddf_dn_2: -0.0000 (0.0000)  loss_vfl_dn_pre: 0.4615 (0.4659)  loss_bbox_dn_pre: 0.0378 (0.0369)  loss_giou_dn_pre: 0.4651 (0.4564)  time: 0.3035  data: 0.0117  max mem: 8696
Epoch: [14/30]  [40/44]  eta: 0:00:01  lr: 0.000100  loss: 17.3017 (17.5109)  loss_vfl: 0.4225 (0.4245)  loss_bbox: 0.0328 (0.0329)  loss_giou: 0.3784 (0.3879)  loss_fgl: 1.2173 (1.2106)  loss_vfl_aux_0: 0.7694 (0.7815)  loss_bbox_aux_0: 0.0414 (0.0431)  loss_giou_aux_0: 0.5238 (0.5085)  loss_fgl_aux_0: 1.2590 (1.2565)  loss_ddf_aux_0: 0.1185 (0.1270)  loss_vfl_aux_1: 0.4775 (0.4865)  loss_bbox_aux_1: 0.0332 (0.0334)  loss_giou_aux_1: 0.3874 (0.3947)  loss_fgl_aux_1: 1.2138 (1.2130)  loss_ddf_aux_1: 0.0091 (0.0102)  loss_vfl_pre: 0.7683 (0.7782)  loss_bbox_pre: 0.0410 (0.0430)  loss_giou_pre: 0.5183 (0.5077)  loss_vfl_enc_0: 0.8221 (0.7736)  loss_bbox_enc_0: 0.1034 (0.1180)  loss_giou_enc_0: 1.0935 (1.2025)  loss_vfl_dn_0: 0.4627 (0.4657)  loss_bbox_dn_0: 0.0386 (0.0375)  loss_giou_dn_0: 0.4679 (0.4555)  loss_fgl_dn_0: 1.2573 (1.2555)  loss_ddf_dn_0: 0.2208 (0.2213)  loss_vfl_dn_1: 0.3817 (0.3766)  loss_bbox_dn_1: 0.0265 (0.0259)  loss_giou_dn_1: 0.3222 (0.3229)  loss_fgl_dn_1: 1.1692 (1.1651)  loss_ddf_dn_1: 0.0106 (0.0103)  loss_vfl_dn_2: 0.3740 (0.3742)  loss_bbox_dn_2: 0.0261 (0.0258)  loss_giou_dn_2: 0.3193 (0.3204)  loss_fgl_dn_2: 1.1639 (1.1634)  loss_ddf_dn_2: -0.0000 (0.0000)  loss_vfl_dn_pre: 0.4629 (0.4652)  loss_bbox_dn_pre: 0.0382 (0.0374)  loss_giou_dn_pre: 0.4651 (0.4548)  time: 0.2956  data: 0.0116  max mem: 8696
Epoch: [14/30]  [43/44]  eta: 0:00:00  lr: 0.000100  loss: 17.3017 (17.5313)  loss_vfl: 0.4241 (0.4249)  loss_bbox: 0.0328 (0.0333)  loss_giou: 0.3803 (0.3904)  loss_fgl: 1.2212 (1.2098)  loss_vfl_aux_0: 0.7889 (0.7882)  loss_bbox_aux_0: 0.0414 (0.0435)  loss_giou_aux_0: 0.4981 (0.5121)  loss_fgl_aux_0: 1.2491 (1.2554)  loss_ddf_aux_0: 0.1157 (0.1264)  loss_vfl_aux_1: 0.4775 (0.4852)  loss_bbox_aux_1: 0.0334 (0.0339)  loss_giou_aux_1: 0.4008 (0.3977)  loss_fgl_aux_1: 1.2209 (1.2120)  loss_ddf_aux_1: 0.0092 (0.0103)  loss_vfl_pre: 0.7840 (0.7827)  loss_bbox_pre: 0.0410 (0.0434)  loss_giou_pre: 0.4940 (0.5111)  loss_vfl_enc_0: 0.8600 (0.7842)  loss_bbox_enc_0: 0.1021 (0.1163)  loss_giou_enc_0: 1.0935 (1.1932)  loss_vfl_dn_0: 0.4639 (0.4655)  loss_bbox_dn_0: 0.0386 (0.0375)  loss_giou_dn_0: 0.4642 (0.4559)  loss_fgl_dn_0: 1.2553 (1.2559)  loss_ddf_dn_0: 0.2162 (0.2218)  loss_vfl_dn_1: 0.3817 (0.3763)  loss_bbox_dn_1: 0.0265 (0.0259)  loss_giou_dn_1: 0.3284 (0.3229)  loss_fgl_dn_1: 1.1639 (1.1646)  loss_ddf_dn_1: 0.0106 (0.0104)  loss_vfl_dn_2: 0.3740 (0.3740)  loss_bbox_dn_2: 0.0261 (0.0258)  loss_giou_dn_2: 0.3194 (0.3204)  loss_fgl_dn_2: 1.1637 (1.1630)  loss_ddf_dn_2: -0.0000 (0.0000)  loss_vfl_dn_pre: 0.4629 (0.4650)  loss_bbox_dn_pre: 0.0382 (0.0374)  loss_giou_dn_pre: 0.4642 (0.4551)  time: 0.2930  data: 0.0115  max mem: 8696
Epoch: [14/30] Total time: 0:00:13 (0.3045 s / it)
Averaged stats: lr: 0.000100  loss: 17.3017 (17.5313)  loss_vfl: 0.4241 (0.4249)  loss_bbox: 0.0328 (0.0333)  loss_giou: 0.3803 (0.3904)  loss_fgl: 1.2212 (1.2098)  loss_vfl_aux_0: 0.7889 (0.7882)  loss_bbox_aux_0: 0.0414 (0.0435)  loss_giou_aux_0: 0.4981 (0.5121)  loss_fgl_aux_0: 1.2491 (1.2554)  loss_ddf_aux_0: 0.1157 (0.1264)  loss_vfl_aux_1: 0.4775 (0.4852)  loss_bbox_aux_1: 0.0334 (0.0339)  loss_giou_aux_1: 0.4008 (0.3977)  loss_fgl_aux_1: 1.2209 (1.2120)  loss_ddf_aux_1: 0.0092 (0.0103)  loss_vfl_pre: 0.7840 (0.7827)  loss_bbox_pre: 0.0410 (0.0434)  loss_giou_pre: 0.4940 (0.5111)  loss_vfl_enc_0: 0.8600 (0.7842)  loss_bbox_enc_0: 0.1021 (0.1163)  loss_giou_enc_0: 1.0935 (1.1932)  loss_vfl_dn_0: 0.4639 (0.4655)  loss_bbox_dn_0: 0.0386 (0.0375)  loss_giou_dn_0: 0.4642 (0.4559)  loss_fgl_dn_0: 1.2553 (1.2559)  loss_ddf_dn_0: 0.2162 (0.2218)  loss_vfl_dn_1: 0.3817 (0.3763)  loss_bbox_dn_1: 0.0265 (0.0259)  loss_giou_dn_1: 0.3284 (0.3229)  loss_fgl_dn_1: 1.1639 (1.1646)  loss_ddf_dn_1: 0.0106 (0.0104)  loss_vfl_dn_2: 0.3740 (0.3740)  loss_bbox_dn_2: 0.0261 (0.0258)  loss_giou_dn_2: 0.3194 (0.3204)  loss_fgl_dn_2: 1.1637 (1.1630)  loss_ddf_dn_2: -0.0000 (0.0000)  loss_vfl_dn_pre: 0.4629 (0.4650)  loss_bbox_dn_pre: 0.0382 (0.0374)  loss_giou_dn_pre: 0.4642 (0.4551)
Test:  [0/9]  eta: 0:00:02    time: 0.3263  data: 0.2488  max mem: 8696
Test:  [8/9]  eta: 0:00:00    time: 0.1110  data: 0.0387  max mem: 8696
Test: Total time: 0:00:01 (0.1156 s / it)
Metrics: {'f1': 0.9144736842105263, 'precision': 0.86875, 'recall': 0.9652777777777778, 'iou': 0.6047073295622161, 'TPs': 139, 'FPs': 21, 'FNs': 5}
Averaged stats: 
Accumulating evaluation results...
COCOeval_opt.accumulate() finished...
DONE (t=0.01s).
IoU metric: bbox
 Average Precision  (AP) @[ IoU=0.50:0.95 | area=   all | maxDets=100 ] = 0.369
 Average Precision  (AP) @[ IoU=0.50      | area=   all | maxDets=100 ] = 0.933
 Average Precision  (AP) @[ IoU=0.75      | area=   all | maxDets=100 ] = 0.161
 Average Precision  (AP) @[ IoU=0.50:0.95 | area= small | maxDets=100 ] = 0.369
 Average Precision  (AP) @[ IoU=0.50:0.95 | area=medium | maxDets=100 ] = -1.000
 Average Precision  (AP) @[ IoU=0.50:0.95 | area= large | maxDets=100 ] = -1.000
 Average Recall     (AR) @[ IoU=0.50:0.95 | area=   all | maxDets=  1 ] = 0.222
 Average Recall     (AR) @[ IoU=0.50:0.95 | area=   all | maxDets= 10 ] = 0.500
 Average Recall     (AR) @[ IoU=0.50:0.95 | area=   all | maxDets=100 ] = 0.609
 Average Recall     (AR) @[ IoU=0.50:0.95 | area= small | maxDets=100 ] = 0.609
 Average Recall     (AR) @[ IoU=0.50:0.95 | area=medium | maxDets=100 ] = -1.000
 Average Recall     (AR) @[ IoU=0.50:0.95 | area= large | maxDets=100 ] = -1.000
 Average Recall     (AR) @[ IoU=0.50      | area=   all | maxDets=100 ] = 1.000
 Average Recall     (AR) @[ IoU=0.75      | area=   all | maxDets=100 ] = 0.639
best_stat: {'epoch': 10, 'coco_eval_bbox': 0.3933729125968449}
Epoch: [15/30]  [ 0/44]  eta: 0:00:23  lr: 0.000100  loss: 17.1951 (17.1951)  loss_vfl: 0.4178 (0.4178)  loss_bbox: 0.0295 (0.0295)  loss_giou: 0.3356 (0.3356)  loss_fgl: 1.1937 (1.1937)  loss_vfl_aux_0: 0.8652 (0.8652)  loss_bbox_aux_0: 0.0412 (0.0412)  loss_giou_aux_0: 0.4816 (0.4816)  loss_fgl_aux_0: 1.2383 (1.2383)  loss_ddf_aux_0: 0.1420 (0.1420)  loss_vfl_aux_1: 0.5022 (0.5022)  loss_bbox_aux_1: 0.0297 (0.0297)  loss_giou_aux_1: 0.3395 (0.3395)  loss_fgl_aux_1: 1.1924 (1.1924)  loss_ddf_aux_1: 0.0116 (0.0116)  loss_vfl_pre: 0.8291 (0.8291)  loss_bbox_pre: 0.0410 (0.0410)  loss_giou_pre: 0.4808 (0.4808)  loss_vfl_enc_0: 0.9147 (0.9147)  loss_bbox_enc_0: 0.0930 (0.0930)  loss_giou_enc_0: 1.0666 (1.0666)  loss_vfl_dn_0: 0.4523 (0.4523)  loss_bbox_dn_0: 0.0364 (0.0364)  loss_giou_dn_0: 0.4129 (0.4129)  loss_fgl_dn_0: 1.2472 (1.2472)  loss_ddf_dn_0: 0.2215 (0.2215)  loss_vfl_dn_1: 0.3687 (0.3687)  loss_bbox_dn_1: 0.0251 (0.0251)  loss_giou_dn_1: 0.2962 (0.2962)  loss_fgl_dn_1: 1.1491 (1.1491)  loss_ddf_dn_1: 0.0121 (0.0121)  loss_vfl_dn_2: 0.3613 (0.3613)  loss_bbox_dn_2: 0.0251 (0.0251)  loss_giou_dn_2: 0.2922 (0.2922)  loss_fgl_dn_2: 1.1488 (1.1488)  loss_ddf_dn_2: -0.0000 (0.0000)  loss_vfl_dn_pre: 0.4529 (0.4529)  loss_bbox_dn_pre: 0.0361 (0.0361)  loss_giou_dn_pre: 0.4116 (0.4116)  time: 0.5349  data: 0.2302  max mem: 8696
Epoch: [15/30]  [10/44]  eta: 0:00:10  lr: 0.000100  loss: 17.1285 (17.0780)  loss_vfl: 0.4119 (0.4135)  loss_bbox: 0.0295 (0.0289)  loss_giou: 0.3409 (0.3379)  loss_fgl: 1.1773 (1.1830)  loss_vfl_aux_0: 0.8652 (0.8937)  loss_bbox_aux_0: 0.0390 (0.0376)  loss_giou_aux_0: 0.4484 (0.4422)  loss_fgl_aux_0: 1.2443 (1.2506)  loss_ddf_aux_0: 0.1161 (0.1205)  loss_vfl_aux_1: 0.4855 (0.4752)  loss_bbox_aux_1: 0.0297 (0.0292)  loss_giou_aux_1: 0.3502 (0.3425)  loss_fgl_aux_1: 1.1845 (1.1857)  loss_ddf_aux_1: 0.0109 (0.0110)  loss_vfl_pre: 0.8434 (0.8769)  loss_bbox_pre: 0.0394 (0.0375)  loss_giou_pre: 0.4458 (0.4404)  loss_vfl_enc_0: 0.9147 (0.9253)  loss_bbox_enc_0: 0.0891 (0.0900)  loss_giou_enc_0: 1.0666 (1.0459)  loss_vfl_dn_0: 0.4523 (0.4498)  loss_bbox_dn_0: 0.0340 (0.0344)  loss_giou_dn_0: 0.4147 (0.4147)  loss_fgl_dn_0: 1.2420 (1.2396)  loss_ddf_dn_0: 0.2215 (0.2239)  loss_vfl_dn_1: 0.3624 (0.3622)  loss_bbox_dn_1: 0.0241 (0.0240)  loss_giou_dn_1: 0.2962 (0.2960)  loss_fgl_dn_1: 1.1392 (1.1411)  loss_ddf_dn_1: 0.0121 (0.0120)  loss_vfl_dn_2: 0.3605 (0.3596)  loss_bbox_dn_2: 0.0237 (0.0237)  loss_giou_dn_2: 0.2922 (0.2930)  loss_fgl_dn_2: 1.1373 (1.1384)  loss_ddf_dn_2: -0.0000 (0.0000)  loss_vfl_dn_pre: 0.4529 (0.4505)  loss_bbox_dn_pre: 0.0338 (0.0342)  loss_giou_dn_pre: 0.4143 (0.4132)  time: 0.3207  data: 0.0317  max mem: 8696
Epoch: [15/30]  [20/44]  eta: 0:00:07  lr: 0.000100  loss: 17.1111 (17.1276)  loss_vfl: 0.4061 (0.4042)  loss_bbox: 0.0296 (0.0300)  loss_giou: 0.3400 (0.3458)  loss_fgl: 1.1757 (1.1800)  loss_vfl_aux_0: 0.8494 (0.8669)  loss_bbox_aux_0: 0.0395 (0.0398)  loss_giou_aux_0: 0.4484 (0.4562)  loss_fgl_aux_0: 1.2504 (1.2481)  loss_ddf_aux_0: 0.1259 (0.1254)  loss_vfl_aux_1: 0.4555 (0.4631)  loss_bbox_aux_1: 0.0300 (0.0305)  loss_giou_aux_1: 0.3372 (0.3514)  loss_fgl_aux_1: 1.1791 (1.1836)  loss_ddf_aux_1: 0.0106 (0.0106)  loss_vfl_pre: 0.8303 (0.8550)  loss_bbox_pre: 0.0394 (0.0398)  loss_giou_pre: 0.4486 (0.4558)  loss_vfl_enc_0: 0.8781 (0.8846)  loss_bbox_enc_0: 0.1002 (0.1007)  loss_giou_enc_0: 1.0996 (1.0910)  loss_vfl_dn_0: 0.4534 (0.4532)  loss_bbox_dn_0: 0.0349 (0.0356)  loss_giou_dn_0: 0.4248 (0.4230)  loss_fgl_dn_0: 1.2557 (1.2504)  loss_ddf_dn_0: 0.2370 (0.2318)  loss_vfl_dn_1: 0.3624 (0.3645)  loss_bbox_dn_1: 0.0237 (0.0243)  loss_giou_dn_1: 0.2962 (0.2980)  loss_fgl_dn_1: 1.1394 (1.1433)  loss_ddf_dn_1: 0.0100 (0.0112)  loss_vfl_dn_2: 0.3605 (0.3616)  loss_bbox_dn_2: 0.0231 (0.0239)  loss_giou_dn_2: 0.2896 (0.2937)  loss_fgl_dn_2: 1.1350 (1.1391)  loss_ddf_dn_2: -0.0000 (0.0000)  loss_vfl_dn_pre: 0.4543 (0.4540)  loss_bbox_dn_pre: 0.0349 (0.0355)  loss_giou_dn_pre: 0.4264 (0.4221)  time: 0.3002  data: 0.0120  max mem: 8696
Epoch: [15/30]  [30/44]  eta: 0:00:04  lr: 0.000100  loss: 17.2637 (17.2401)  loss_vfl: 0.4168 (0.4182)  loss_bbox: 0.0291 (0.0303)  loss_giou: 0.3400 (0.3533)  loss_fgl: 1.1808 (1.1829)  loss_vfl_aux_0: 0.8143 (0.8560)  loss_bbox_aux_0: 0.0404 (0.0404)  loss_giou_aux_0: 0.4692 (0.4709)  loss_fgl_aux_0: 1.2465 (1.2466)  loss_ddf_aux_0: 0.1455 (0.1376)  loss_vfl_aux_1: 0.4696 (0.4745)  loss_bbox_aux_1: 0.0295 (0.0310)  loss_giou_aux_1: 0.3391 (0.3600)  loss_fgl_aux_1: 1.1821 (1.1859)  loss_ddf_aux_1: 0.0107 (0.0112)  loss_vfl_pre: 0.8111 (0.8445)  loss_bbox_pre: 0.0402 (0.0405)  loss_giou_pre: 0.4698 (0.4710)  loss_vfl_enc_0: 0.7888 (0.8201)  loss_bbox_enc_0: 0.1209 (0.1111)  loss_giou_enc_0: 1.2024 (1.1562)  loss_vfl_dn_0: 0.4602 (0.4563)  loss_bbox_dn_0: 0.0349 (0.0354)  loss_giou_dn_0: 0.4323 (0.4263)  loss_fgl_dn_0: 1.2609 (1.2505)  loss_ddf_dn_0: 0.2431 (0.2363)  loss_vfl_dn_1: 0.3620 (0.3655)  loss_bbox_dn_1: 0.0238 (0.0243)  loss_giou_dn_1: 0.2963 (0.3009)  loss_fgl_dn_1: 1.1433 (1.1458)  loss_ddf_dn_1: 0.0101 (0.0115)  loss_vfl_dn_2: 0.3587 (0.3624)  loss_bbox_dn_2: 0.0238 (0.0240)  loss_giou_dn_2: 0.2918 (0.2978)  loss_fgl_dn_2: 1.1398 (1.1431)  loss_ddf_dn_2: -0.0000 (0.0000)  loss_vfl_dn_pre: 0.4589 (0.4568)  loss_bbox_dn_pre: 0.0349 (0.0353)  loss_giou_dn_pre: 0.4316 (0.4256)  time: 0.3012  data: 0.0120  max mem: 8696
Epoch: [15/30]  [40/44]  eta: 0:00:01  lr: 0.000100  loss: 17.2637 (17.2605)  loss_vfl: 0.4231 (0.4201)  loss_bbox: 0.0291 (0.0308)  loss_giou: 0.3809 (0.3601)  loss_fgl: 1.1809 (1.1787)  loss_vfl_aux_0: 0.7936 (0.8438)  loss_bbox_aux_0: 0.0420 (0.0409)  loss_giou_aux_0: 0.4892 (0.4792)  loss_fgl_aux_0: 1.2449 (1.2454)  loss_ddf_aux_0: 0.1638 (0.1421)  loss_vfl_aux_1: 0.4616 (0.4698)  loss_bbox_aux_1: 0.0303 (0.0315)  loss_giou_aux_1: 0.3754 (0.3665)  loss_fgl_aux_1: 1.1809 (1.1822)  loss_ddf_aux_1: 0.0115 (0.0113)  loss_vfl_pre: 0.7919 (0.8327)  loss_bbox_pre: 0.0417 (0.0410)  loss_giou_pre: 0.4871 (0.4791)  loss_vfl_enc_0: 0.6757 (0.7978)  loss_bbox_enc_0: 0.1209 (0.1121)  loss_giou_enc_0: 1.2100 (1.1771)  loss_vfl_dn_0: 0.4664 (0.4602)  loss_bbox_dn_0: 0.0340 (0.0353)  loss_giou_dn_0: 0.4352 (0.4297)  loss_fgl_dn_0: 1.2413 (1.2519)  loss_ddf_dn_0: 0.2431 (0.2391)  loss_vfl_dn_1: 0.3620 (0.3676)  loss_bbox_dn_1: 0.0242 (0.0241)  loss_giou_dn_1: 0.3041 (0.3016)  loss_fgl_dn_1: 1.1449 (1.1450)  loss_ddf_dn_1: 0.0123 (0.0118)  loss_vfl_dn_2: 0.3560 (0.3632)  loss_bbox_dn_2: 0.0238 (0.0239)  loss_giou_dn_2: 0.2973 (0.2985)  loss_fgl_dn_2: 1.1398 (1.1419)  loss_ddf_dn_2: -0.0000 (0.0000)  loss_vfl_dn_pre: 0.4664 (0.4604)  loss_bbox_dn_pre: 0.0341 (0.0353)  loss_giou_dn_pre: 0.4316 (0.4289)  time: 0.3011  data: 0.0120  max mem: 8696
Epoch: [15/30]  [43/44]  eta: 0:00:00  lr: 0.000100  loss: 17.2748 (17.2816)  loss_vfl: 0.4079 (0.4180)  loss_bbox: 0.0291 (0.0309)  loss_giou: 0.3809 (0.3612)  loss_fgl: 1.1838 (1.1783)  loss_vfl_aux_0: 0.7936 (0.8425)  loss_bbox_aux_0: 0.0420 (0.0416)  loss_giou_aux_0: 0.4904 (0.4848)  loss_fgl_aux_0: 1.2461 (1.2438)  loss_ddf_aux_0: 0.1654 (0.1445)  loss_vfl_aux_1: 0.4616 (0.4696)  loss_bbox_aux_1: 0.0303 (0.0315)  loss_giou_aux_1: 0.3837 (0.3672)  loss_fgl_aux_1: 1.1877 (1.1819)  loss_ddf_aux_1: 0.0118 (0.0124)  loss_vfl_pre: 0.7919 (0.8317)  loss_bbox_pre: 0.0417 (0.0415)  loss_giou_pre: 0.4899 (0.4850)  loss_vfl_enc_0: 0.6757 (0.7899)  loss_bbox_enc_0: 0.1209 (0.1152)  loss_giou_enc_0: 1.2606 (1.1973)  loss_vfl_dn_0: 0.4664 (0.4603)  loss_bbox_dn_0: 0.0340 (0.0352)  loss_giou_dn_0: 0.4352 (0.4288)  loss_fgl_dn_0: 1.2463 (1.2519)  loss_ddf_dn_0: 0.2548 (0.2385)  loss_vfl_dn_1: 0.3616 (0.3668)  loss_bbox_dn_1: 0.0238 (0.0240)  loss_giou_dn_1: 0.3041 (0.3007)  loss_fgl_dn_1: 1.1490 (1.1452)  loss_ddf_dn_1: 0.0134 (0.0119)  loss_vfl_dn_2: 0.3560 (0.3626)  loss_bbox_dn_2: 0.0238 (0.0237)  loss_giou_dn_2: 0.2973 (0.2976)  loss_fgl_dn_2: 1.1453 (1.1420)  loss_ddf_dn_2: -0.0000 (0.0000)  loss_vfl_dn_pre: 0.4664 (0.4604)  loss_bbox_dn_pre: 0.0341 (0.0351)  loss_giou_dn_pre: 0.4316 (0.4280)  time: 0.2981  data: 0.0119  max mem: 8696
Epoch: [15/30] Total time: 0:00:13 (0.3057 s / it)
Averaged stats: lr: 0.000100  loss: 17.2748 (17.2816)  loss_vfl: 0.4079 (0.4180)  loss_bbox: 0.0291 (0.0309)  loss_giou: 0.3809 (0.3612)  loss_fgl: 1.1838 (1.1783)  loss_vfl_aux_0: 0.7936 (0.8425)  loss_bbox_aux_0: 0.0420 (0.0416)  loss_giou_aux_0: 0.4904 (0.4848)  loss_fgl_aux_0: 1.2461 (1.2438)  loss_ddf_aux_0: 0.1654 (0.1445)  loss_vfl_aux_1: 0.4616 (0.4696)  loss_bbox_aux_1: 0.0303 (0.0315)  loss_giou_aux_1: 0.3837 (0.3672)  loss_fgl_aux_1: 1.1877 (1.1819)  loss_ddf_aux_1: 0.0118 (0.0124)  loss_vfl_pre: 0.7919 (0.8317)  loss_bbox_pre: 0.0417 (0.0415)  loss_giou_pre: 0.4899 (0.4850)  loss_vfl_enc_0: 0.6757 (0.7899)  loss_bbox_enc_0: 0.1209 (0.1152)  loss_giou_enc_0: 1.2606 (1.1973)  loss_vfl_dn_0: 0.4664 (0.4603)  loss_bbox_dn_0: 0.0340 (0.0352)  loss_giou_dn_0: 0.4352 (0.4288)  loss_fgl_dn_0: 1.2463 (1.2519)  loss_ddf_dn_0: 0.2548 (0.2385)  loss_vfl_dn_1: 0.3616 (0.3668)  loss_bbox_dn_1: 0.0238 (0.0240)  loss_giou_dn_1: 0.3041 (0.3007)  loss_fgl_dn_1: 1.1490 (1.1452)  loss_ddf_dn_1: 0.0134 (0.0119)  loss_vfl_dn_2: 0.3560 (0.3626)  loss_bbox_dn_2: 0.0238 (0.0237)  loss_giou_dn_2: 0.2973 (0.2976)  loss_fgl_dn_2: 1.1453 (1.1420)  loss_ddf_dn_2: -0.0000 (0.0000)  loss_vfl_dn_pre: 0.4664 (0.4604)  loss_bbox_dn_pre: 0.0341 (0.0351)  loss_giou_dn_pre: 0.4316 (0.4280)
Test:  [0/9]  eta: 0:00:02    time: 0.3011  data: 0.2224  max mem: 8696
Test:  [8/9]  eta: 0:00:00    time: 0.1288  data: 0.0362  max mem: 8696
Test: Total time: 0:00:01 (0.1350 s / it)
Metrics: {'f1': 0.90032154340836, 'precision': 0.8383233532934131, 'recall': 0.9722222222222222, 'iou': 0.5864766909365069, 'TPs': 140, 'FPs': 27, 'FNs': 4}
Averaged stats: 
Accumulating evaluation results...
COCOeval_opt.accumulate() finished...
DONE (t=0.01s).
IoU metric: bbox
 Average Precision  (AP) @[ IoU=0.50:0.95 | area=   all | maxDets=100 ] = 0.375
 Average Precision  (AP) @[ IoU=0.50      | area=   all | maxDets=100 ] = 0.949
 Average Precision  (AP) @[ IoU=0.75      | area=   all | maxDets=100 ] = 0.156
 Average Precision  (AP) @[ IoU=0.50:0.95 | area= small | maxDets=100 ] = 0.376
 Average Precision  (AP) @[ IoU=0.50:0.95 | area=medium | maxDets=100 ] = -1.000
 Average Precision  (AP) @[ IoU=0.50:0.95 | area= large | maxDets=100 ] = -1.000
 Average Recall     (AR) @[ IoU=0.50:0.95 | area=   all | maxDets=  1 ] = 0.221
 Average Recall     (AR) @[ IoU=0.50:0.95 | area=   all | maxDets= 10 ] = 0.500
 Average Recall     (AR) @[ IoU=0.50:0.95 | area=   all | maxDets=100 ] = 0.608
 Average Recall     (AR) @[ IoU=0.50:0.95 | area= small | maxDets=100 ] = 0.608
 Average Recall     (AR) @[ IoU=0.50:0.95 | area=medium | maxDets=100 ] = -1.000
 Average Recall     (AR) @[ IoU=0.50:0.95 | area= large | maxDets=100 ] = -1.000
 Average Recall     (AR) @[ IoU=0.50      | area=   all | maxDets=100 ] = 1.000
 Average Recall     (AR) @[ IoU=0.75      | area=   all | maxDets=100 ] = 0.674
best_stat: {'epoch': 10, 'coco_eval_bbox': 0.3933729125968449}
Epoch: [16/30]  [ 0/44]  eta: 0:00:23  lr: 0.000100  loss: 16.5401 (16.5401)  loss_vfl: 0.3865 (0.3865)  loss_bbox: 0.0265 (0.0265)  loss_giou: 0.3085 (0.3085)  loss_fgl: 1.1571 (1.1571)  loss_vfl_aux_0: 0.7509 (0.7509)  loss_bbox_aux_0: 0.0336 (0.0336)  loss_giou_aux_0: 0.4366 (0.4366)  loss_fgl_aux_0: 1.2453 (1.2453)  loss_ddf_aux_0: 0.1578 (0.1578)  loss_vfl_aux_1: 0.4318 (0.4318)  loss_bbox_aux_1: 0.0269 (0.0269)  loss_giou_aux_1: 0.3110 (0.3110)  loss_fgl_aux_1: 1.1617 (1.1617)  loss_ddf_aux_1: 0.0131 (0.0131)  loss_vfl_pre: 0.7442 (0.7442)  loss_bbox_pre: 0.0340 (0.0340)  loss_giou_pre: 0.4397 (0.4397)  loss_vfl_enc_0: 0.7947 (0.7947)  loss_bbox_enc_0: 0.0955 (0.0955)  loss_giou_enc_0: 1.1156 (1.1156)  loss_vfl_dn_0: 0.4511 (0.4511)  loss_bbox_dn_0: 0.0310 (0.0310)  loss_giou_dn_0: 0.3933 (0.3933)  loss_fgl_dn_0: 1.2276 (1.2276)  loss_ddf_dn_0: 0.2913 (0.2913)  loss_vfl_dn_1: 0.3562 (0.3562)  loss_bbox_dn_1: 0.0233 (0.0233)  loss_giou_dn_1: 0.2889 (0.2889)  loss_fgl_dn_1: 1.1267 (1.1267)  loss_ddf_dn_1: 0.0185 (0.0185)  loss_vfl_dn_2: 0.3522 (0.3522)  loss_bbox_dn_2: 0.0231 (0.0231)  loss_giou_dn_2: 0.2858 (0.2858)  loss_fgl_dn_2: 1.1243 (1.1243)  loss_ddf_dn_2: -0.0000 (0.0000)  loss_vfl_dn_pre: 0.4514 (0.4514)  loss_bbox_dn_pre: 0.0310 (0.0310)  loss_giou_dn_pre: 0.3934 (0.3934)  time: 0.5244  data: 0.2360  max mem: 8696
Epoch: [16/30]  [10/44]  eta: 0:00:10  lr: 0.000100  loss: 16.6192 (16.8231)  loss_vfl: 0.3919 (0.4095)  loss_bbox: 0.0265 (0.0279)  loss_giou: 0.3114 (0.3234)  loss_fgl: 1.1397 (1.1384)  loss_vfl_aux_0: 0.7749 (0.7922)  loss_bbox_aux_0: 0.0391 (0.0402)  loss_giou_aux_0: 0.4556 (0.4802)  loss_fgl_aux_0: 1.2453 (1.2398)  loss_ddf_aux_0: 0.1779 (0.1771)  loss_vfl_aux_1: 0.4712 (0.4765)  loss_bbox_aux_1: 0.0269 (0.0286)  loss_giou_aux_1: 0.3115 (0.3300)  loss_fgl_aux_1: 1.1459 (1.1460)  loss_ddf_aux_1: 0.0139 (0.0143)  loss_vfl_pre: 0.7609 (0.7798)  loss_bbox_pre: 0.0395 (0.0406)  loss_giou_pre: 0.4573 (0.4826)  loss_vfl_enc_0: 0.6895 (0.6935)  loss_bbox_enc_0: 0.1319 (0.1202)  loss_giou_enc_0: 1.3504 (1.2798)  loss_vfl_dn_0: 0.4547 (0.4552)  loss_bbox_dn_0: 0.0326 (0.0329)  loss_giou_dn_0: 0.3967 (0.4045)  loss_fgl_dn_0: 1.2422 (1.2400)  loss_ddf_dn_0: 0.2470 (0.2532)  loss_vfl_dn_1: 0.3488 (0.3492)  loss_bbox_dn_1: 0.0215 (0.0217)  loss_giou_dn_1: 0.2710 (0.2727)  loss_fgl_dn_1: 1.1153 (1.1176)  loss_ddf_dn_1: 0.0151 (0.0145)  loss_vfl_dn_2: 0.3498 (0.3479)  loss_bbox_dn_2: 0.0214 (0.0214)  loss_giou_dn_2: 0.2699 (0.2675)  loss_fgl_dn_2: 1.1126 (1.1112)  loss_ddf_dn_2: -0.0000 (0.0000)  loss_vfl_dn_pre: 0.4539 (0.4555)  loss_bbox_dn_pre: 0.0327 (0.0330)  loss_giou_dn_pre: 0.3972 (0.4041)  time: 0.3171  data: 0.0309  max mem: 8696
Epoch: [16/30]  [20/44]  eta: 0:00:07  lr: 0.000100  loss: 16.5728 (16.7172)  loss_vfl: 0.3870 (0.4041)  loss_bbox: 0.0249 (0.0260)  loss_giou: 0.3000 (0.3084)  loss_fgl: 1.1397 (1.1403)  loss_vfl_aux_0: 0.8314 (0.8374)  loss_bbox_aux_0: 0.0366 (0.0372)  loss_giou_aux_0: 0.4427 (0.4490)  loss_fgl_aux_0: 1.2407 (1.2439)  loss_ddf_aux_0: 0.1779 (0.1746)  loss_vfl_aux_1: 0.4712 (0.4704)  loss_bbox_aux_1: 0.0249 (0.0265)  loss_giou_aux_1: 0.3024 (0.3144)  loss_fgl_aux_1: 1.1471 (1.1479)  loss_ddf_aux_1: 0.0119 (0.0121)  loss_vfl_pre: 0.8150 (0.8219)  loss_bbox_pre: 0.0367 (0.0374)  loss_giou_pre: 0.4450 (0.4501)  loss_vfl_enc_0: 0.7301 (0.7218)  loss_bbox_enc_0: 0.1160 (0.1179)  loss_giou_enc_0: 1.1753 (1.2156)  loss_vfl_dn_0: 0.4501 (0.4516)  loss_bbox_dn_0: 0.0322 (0.0320)  loss_giou_dn_0: 0.3921 (0.3976)  loss_fgl_dn_0: 1.2422 (1.2458)  loss_ddf_dn_0: 0.2482 (0.2559)  loss_vfl_dn_1: 0.3436 (0.3453)  loss_bbox_dn_1: 0.0207 (0.0210)  loss_giou_dn_1: 0.2635 (0.2665)  loss_fgl_dn_1: 1.1142 (1.1164)  loss_ddf_dn_1: 0.0122 (0.0132)  loss_vfl_dn_2: 0.3397 (0.3420)  loss_bbox_dn_2: 0.0205 (0.0207)  loss_giou_dn_2: 0.2597 (0.2613)  loss_fgl_dn_2: 1.1077 (1.1096)  loss_ddf_dn_2: -0.0000 (0.0000)  loss_vfl_dn_pre: 0.4504 (0.4521)  loss_bbox_dn_pre: 0.0323 (0.0320)  loss_giou_dn_pre: 0.3918 (0.3970)  time: 0.2988  data: 0.0111  max mem: 8696
Epoch: [16/30]  [30/44]  eta: 0:00:04  lr: 0.000100  loss: 16.6647 (16.8258)  loss_vfl: 0.3885 (0.4012)  loss_bbox: 0.0249 (0.0263)  loss_giou: 0.3031 (0.3189)  loss_fgl: 1.1458 (1.1525)  loss_vfl_aux_0: 0.8137 (0.8122)  loss_bbox_aux_0: 0.0345 (0.0379)  loss_giou_aux_0: 0.4335 (0.4583)  loss_fgl_aux_0: 1.2477 (1.2467)  loss_ddf_aux_0: 0.1752 (0.1765)  loss_vfl_aux_1: 0.4495 (0.4612)  loss_bbox_aux_1: 0.0249 (0.0271)  loss_giou_aux_1: 0.3036 (0.3264)  loss_fgl_aux_1: 1.1506 (1.1582)  loss_ddf_aux_1: 0.0087 (0.0111)  loss_vfl_pre: 0.8131 (0.7998)  loss_bbox_pre: 0.0343 (0.0381)  loss_giou_pre: 0.4293 (0.4600)  loss_vfl_enc_0: 0.7442 (0.7291)  loss_bbox_enc_0: 0.1086 (0.1142)  loss_giou_enc_0: 1.1753 (1.2306)  loss_vfl_dn_0: 0.4504 (0.4548)  loss_bbox_dn_0: 0.0319 (0.0328)  loss_giou_dn_0: 0.3975 (0.4068)  loss_fgl_dn_0: 1.2429 (1.2461)  loss_ddf_dn_0: 0.2694 (0.2737)  loss_vfl_dn_1: 0.3468 (0.3504)  loss_bbox_dn_1: 0.0212 (0.0214)  loss_giou_dn_1: 0.2635 (0.2734)  loss_fgl_dn_1: 1.1062 (1.1204)  loss_ddf_dn_1: 0.0118 (0.0134)  loss_vfl_dn_2: 0.3400 (0.3469)  loss_bbox_dn_2: 0.0205 (0.0211)  loss_giou_dn_2: 0.2597 (0.2690)  loss_fgl_dn_2: 1.1032 (1.1151)  loss_ddf_dn_2: -0.0000 (0.0000)  loss_vfl_dn_pre: 0.4504 (0.4551)  loss_bbox_dn_pre: 0.0319 (0.0327)  loss_giou_dn_pre: 0.3961 (0.4063)  time: 0.2988  data: 0.0117  max mem: 8696
Epoch: [16/30]  [40/44]  eta: 0:00:01  lr: 0.000100  loss: 17.4104 (16.9952)  loss_vfl: 0.3980 (0.4038)  loss_bbox: 0.0281 (0.0276)  loss_giou: 0.3487 (0.3269)  loss_fgl: 1.1724 (1.1582)  loss_vfl_aux_0: 0.7989 (0.8278)  loss_bbox_aux_0: 0.0405 (0.0395)  loss_giou_aux_0: 0.4787 (0.4684)  loss_fgl_aux_0: 1.2602 (1.2511)  loss_ddf_aux_0: 0.1735 (0.1758)  loss_vfl_aux_1: 0.4433 (0.4614)  loss_bbox_aux_1: 0.0289 (0.0283)  loss_giou_aux_1: 0.3566 (0.3348)  loss_fgl_aux_1: 1.1750 (1.1641)  loss_ddf_aux_1: 0.0089 (0.0107)  loss_vfl_pre: 0.7961 (0.8156)  loss_bbox_pre: 0.0406 (0.0397)  loss_giou_pre: 0.4790 (0.4695)  loss_vfl_enc_0: 0.7400 (0.7439)  loss_bbox_enc_0: 0.1086 (0.1155)  loss_giou_enc_0: 1.2304 (1.2279)  loss_vfl_dn_0: 0.4593 (0.4564)  loss_bbox_dn_0: 0.0364 (0.0341)  loss_giou_dn_0: 0.4369 (0.4151)  loss_fgl_dn_0: 1.2569 (1.2508)  loss_ddf_dn_0: 0.3045 (0.2804)  loss_vfl_dn_1: 0.3626 (0.3532)  loss_bbox_dn_1: 0.0233 (0.0223)  loss_giou_dn_1: 0.2904 (0.2791)  loss_fgl_dn_1: 1.1361 (1.1259)  loss_ddf_dn_1: 0.0117 (0.0130)  loss_vfl_dn_2: 0.3603 (0.3500)  loss_bbox_dn_2: 0.0230 (0.0220)  loss_giou_dn_2: 0.2907 (0.2754)  loss_fgl_dn_2: 1.1282 (1.1218)  loss_ddf_dn_2: -0.0000 (0.0000)  loss_vfl_dn_pre: 0.4583 (0.4564)  loss_bbox_dn_pre: 0.0363 (0.0341)  loss_giou_dn_pre: 0.4376 (0.4146)  time: 0.2960  data: 0.0115  max mem: 8696
Epoch: [16/30]  [43/44]  eta: 0:00:00  lr: 0.000100  loss: 17.4664 (17.0622)  loss_vfl: 0.3990 (0.4068)  loss_bbox: 0.0282 (0.0279)  loss_giou: 0.3487 (0.3314)  loss_fgl: 1.1724 (1.1636)  loss_vfl_aux_0: 0.8137 (0.8254)  loss_bbox_aux_0: 0.0427 (0.0397)  loss_giou_aux_0: 0.4814 (0.4712)  loss_fgl_aux_0: 1.2651 (1.2525)  loss_ddf_aux_0: 0.1784 (0.1764)  loss_vfl_aux_1: 0.4495 (0.4624)  loss_bbox_aux_1: 0.0301 (0.0286)  loss_giou_aux_1: 0.3631 (0.3384)  loss_fgl_aux_1: 1.1832 (1.1692)  loss_ddf_aux_1: 0.0090 (0.0106)  loss_vfl_pre: 0.8158 (0.8140)  loss_bbox_pre: 0.0423 (0.0399)  loss_giou_pre: 0.4843 (0.4722)  loss_vfl_enc_0: 0.7374 (0.7324)  loss_bbox_enc_0: 0.1201 (0.1173)  loss_giou_enc_0: 1.3050 (1.2449)  loss_vfl_dn_0: 0.4593 (0.4573)  loss_bbox_dn_0: 0.0372 (0.0343)  loss_giou_dn_0: 0.4369 (0.4184)  loss_fgl_dn_0: 1.2569 (1.2538)  loss_ddf_dn_0: 0.2953 (0.2814)  loss_vfl_dn_1: 0.3626 (0.3550)  loss_bbox_dn_1: 0.0245 (0.0225)  loss_giou_dn_1: 0.2904 (0.2822)  loss_fgl_dn_1: 1.1292 (1.1305)  loss_ddf_dn_1: 0.0117 (0.0130)  loss_vfl_dn_2: 0.3603 (0.3518)  loss_bbox_dn_2: 0.0245 (0.0222)  loss_giou_dn_2: 0.2907 (0.2789)  loss_fgl_dn_2: 1.1282 (1.1270)  loss_ddf_dn_2: -0.0000 (0.0000)  loss_vfl_dn_pre: 0.4583 (0.4573)  loss_bbox_dn_pre: 0.0374 (0.0342)  loss_giou_dn_pre: 0.4376 (0.4175)  time: 0.2932  data: 0.0114  max mem: 8696
Epoch: [16/30] Total time: 0:00:13 (0.3027 s / it)
Averaged stats: lr: 0.000100  loss: 17.4664 (17.0622)  loss_vfl: 0.3990 (0.4068)  loss_bbox: 0.0282 (0.0279)  loss_giou: 0.3487 (0.3314)  loss_fgl: 1.1724 (1.1636)  loss_vfl_aux_0: 0.8137 (0.8254)  loss_bbox_aux_0: 0.0427 (0.0397)  loss_giou_aux_0: 0.4814 (0.4712)  loss_fgl_aux_0: 1.2651 (1.2525)  loss_ddf_aux_0: 0.1784 (0.1764)  loss_vfl_aux_1: 0.4495 (0.4624)  loss_bbox_aux_1: 0.0301 (0.0286)  loss_giou_aux_1: 0.3631 (0.3384)  loss_fgl_aux_1: 1.1832 (1.1692)  loss_ddf_aux_1: 0.0090 (0.0106)  loss_vfl_pre: 0.8158 (0.8140)  loss_bbox_pre: 0.0423 (0.0399)  loss_giou_pre: 0.4843 (0.4722)  loss_vfl_enc_0: 0.7374 (0.7324)  loss_bbox_enc_0: 0.1201 (0.1173)  loss_giou_enc_0: 1.3050 (1.2449)  loss_vfl_dn_0: 0.4593 (0.4573)  loss_bbox_dn_0: 0.0372 (0.0343)  loss_giou_dn_0: 0.4369 (0.4184)  loss_fgl_dn_0: 1.2569 (1.2538)  loss_ddf_dn_0: 0.2953 (0.2814)  loss_vfl_dn_1: 0.3626 (0.3550)  loss_bbox_dn_1: 0.0245 (0.0225)  loss_giou_dn_1: 0.2904 (0.2822)  loss_fgl_dn_1: 1.1292 (1.1305)  loss_ddf_dn_1: 0.0117 (0.0130)  loss_vfl_dn_2: 0.3603 (0.3518)  loss_bbox_dn_2: 0.0245 (0.0222)  loss_giou_dn_2: 0.2907 (0.2789)  loss_fgl_dn_2: 1.1282 (1.1270)  loss_ddf_dn_2: -0.0000 (0.0000)  loss_vfl_dn_pre: 0.4583 (0.4573)  loss_bbox_dn_pre: 0.0374 (0.0342)  loss_giou_dn_pre: 0.4376 (0.4175)
Test:  [0/9]  eta: 0:00:02    time: 0.3035  data: 0.2266  max mem: 8696
Test:  [8/9]  eta: 0:00:00    time: 0.1074  data: 0.0356  max mem: 8696
Test: Total time: 0:00:01 (0.1137 s / it)
Metrics: {'f1': 0.9297658862876254, 'precision': 0.896774193548387, 'recall': 0.9652777777777778, 'iou': 0.621405654028058, 'TPs': 139, 'FPs': 16, 'FNs': 5}
Averaged stats: 
Accumulating evaluation results...
COCOeval_opt.accumulate() finished...
DONE (t=0.01s).
IoU metric: bbox
 Average Precision  (AP) @[ IoU=0.50:0.95 | area=   all | maxDets=100 ] = 0.380
 Average Precision  (AP) @[ IoU=0.50      | area=   all | maxDets=100 ] = 0.945
 Average Precision  (AP) @[ IoU=0.75      | area=   all | maxDets=100 ] = 0.166
 Average Precision  (AP) @[ IoU=0.50:0.95 | area= small | maxDets=100 ] = 0.380
 Average Precision  (AP) @[ IoU=0.50:0.95 | area=medium | maxDets=100 ] = -1.000
 Average Precision  (AP) @[ IoU=0.50:0.95 | area= large | maxDets=100 ] = -1.000
 Average Recall     (AR) @[ IoU=0.50:0.95 | area=   all | maxDets=  1 ] = 0.217
 Average Recall     (AR) @[ IoU=0.50:0.95 | area=   all | maxDets= 10 ] = 0.506
 Average Recall     (AR) @[ IoU=0.50:0.95 | area=   all | maxDets=100 ] = 0.613
 Average Recall     (AR) @[ IoU=0.50:0.95 | area= small | maxDets=100 ] = 0.613
 Average Recall     (AR) @[ IoU=0.50:0.95 | area=medium | maxDets=100 ] = -1.000
 Average Recall     (AR) @[ IoU=0.50:0.95 | area= large | maxDets=100 ] = -1.000
 Average Recall     (AR) @[ IoU=0.50      | area=   all | maxDets=100 ] = 0.993
 Average Recall     (AR) @[ IoU=0.75      | area=   all | maxDets=100 ] = 0.632
best_stat: {'epoch': 10, 'coco_eval_bbox': 0.3933729125968449}
Epoch: [17/30]  [ 0/44]  eta: 0:00:23  lr: 0.000100  loss: 17.2440 (17.2440)  loss_vfl: 0.4733 (0.4733)  loss_bbox: 0.0375 (0.0375)  loss_giou: 0.3942 (0.3942)  loss_fgl: 1.0995 (1.0995)  loss_vfl_aux_0: 0.7522 (0.7522)  loss_bbox_aux_0: 0.0536 (0.0536)  loss_giou_aux_0: 0.5398 (0.5398)  loss_fgl_aux_0: 1.1927 (1.1927)  loss_ddf_aux_0: 0.1884 (0.1884)  loss_vfl_aux_1: 0.5234 (0.5234)  loss_bbox_aux_1: 0.0381 (0.0381)  loss_giou_aux_1: 0.4145 (0.4145)  loss_fgl_aux_1: 1.1051 (1.1051)  loss_ddf_aux_1: 0.0085 (0.0085)  loss_vfl_pre: 0.7467 (0.7467)  loss_bbox_pre: 0.0530 (0.0530)  loss_giou_pre: 0.5470 (0.5470)  loss_vfl_enc_0: 0.5143 (0.5143)  loss_bbox_enc_0: 0.1578 (0.1578)  loss_giou_enc_0: 1.5329 (1.5329)  loss_vfl_dn_0: 0.4435 (0.4435)  loss_bbox_dn_0: 0.0324 (0.0324)  loss_giou_dn_0: 0.3937 (0.3937)  loss_fgl_dn_0: 1.2293 (1.2293)  loss_ddf_dn_0: 0.3412 (0.3412)  loss_vfl_dn_1: 0.3526 (0.3526)  loss_bbox_dn_1: 0.0223 (0.0223)  loss_giou_dn_1: 0.2809 (0.2809)  loss_fgl_dn_1: 1.1257 (1.1257)  loss_ddf_dn_1: 0.0162 (0.0162)  loss_vfl_dn_2: 0.3483 (0.3483)  loss_bbox_dn_2: 0.0217 (0.0217)  loss_giou_dn_2: 0.2740 (0.2740)  loss_fgl_dn_2: 1.1192 (1.1192)  loss_ddf_dn_2: -0.0000 (0.0000)  loss_vfl_dn_pre: 0.4441 (0.4441)  loss_bbox_dn_pre: 0.0325 (0.0325)  loss_giou_dn_pre: 0.3940 (0.3940)  time: 0.5234  data: 0.2316  max mem: 8696
Epoch: [17/30]  [10/44]  eta: 0:00:10  lr: 0.000100  loss: 17.2440 (17.2501)  loss_vfl: 0.4582 (0.4544)  loss_bbox: 0.0295 (0.0303)  loss_giou: 0.3481 (0.3489)  loss_fgl: 1.1504 (1.1573)  loss_vfl_aux_0: 0.8707 (0.8477)  loss_bbox_aux_0: 0.0446 (0.0452)  loss_giou_aux_0: 0.4868 (0.5037)  loss_fgl_aux_0: 1.2369 (1.2536)  loss_ddf_aux_0: 0.1606 (0.1681)  loss_vfl_aux_1: 0.4807 (0.4935)  loss_bbox_aux_1: 0.0311 (0.0310)  loss_giou_aux_1: 0.3613 (0.3576)  loss_fgl_aux_1: 1.1522 (1.1636)  loss_ddf_aux_1: 0.0085 (0.0088)  loss_vfl_pre: 0.8508 (0.8337)  loss_bbox_pre: 0.0451 (0.0455)  loss_giou_pre: 0.4938 (0.5041)  loss_vfl_enc_0: 0.6061 (0.6336)  loss_bbox_enc_0: 0.1402 (0.1424)  loss_giou_enc_0: 1.3807 (1.3550)  loss_vfl_dn_0: 0.4553 (0.4570)  loss_bbox_dn_0: 0.0349 (0.0347)  loss_giou_dn_0: 0.4018 (0.4091)  loss_fgl_dn_0: 1.2293 (1.2468)  loss_ddf_dn_0: 0.2527 (0.2671)  loss_vfl_dn_1: 0.3520 (0.3501)  loss_bbox_dn_1: 0.0234 (0.0225)  loss_giou_dn_1: 0.2786 (0.2773)  loss_fgl_dn_1: 1.1322 (1.1269)  loss_ddf_dn_1: 0.0103 (0.0109)  loss_vfl_dn_2: 0.3484 (0.3475)  loss_bbox_dn_2: 0.0226 (0.0224)  loss_giou_dn_2: 0.2789 (0.2758)  loss_fgl_dn_2: 1.1267 (1.1253)  loss_ddf_dn_2: -0.0000 (0.0000)  loss_vfl_dn_pre: 0.4548 (0.4566)  loss_bbox_dn_pre: 0.0348 (0.0346)  loss_giou_dn_pre: 0.4015 (0.4076)  time: 0.3162  data: 0.0315  max mem: 8696
Epoch: [17/30]  [20/44]  eta: 0:00:07  lr: 0.000100  loss: 17.2526 (17.2182)  loss_vfl: 0.4451 (0.4517)  loss_bbox: 0.0282 (0.0288)  loss_giou: 0.3376 (0.3417)  loss_fgl: 1.1553 (1.1546)  loss_vfl_aux_0: 0.7449 (0.7842)  loss_bbox_aux_0: 0.0439 (0.0450)  loss_giou_aux_0: 0.4868 (0.5195)  loss_fgl_aux_0: 1.2353 (1.2488)  loss_ddf_aux_0: 0.1638 (0.1788)  loss_vfl_aux_1: 0.4862 (0.5154)  loss_bbox_aux_1: 0.0294 (0.0298)  loss_giou_aux_1: 0.3377 (0.3528)  loss_fgl_aux_1: 1.1570 (1.1610)  loss_ddf_aux_1: 0.0099 (0.0110)  loss_vfl_pre: 0.7589 (0.7792)  loss_bbox_pre: 0.0443 (0.0453)  loss_giou_pre: 0.4938 (0.5184)  loss_vfl_enc_0: 0.6043 (0.6092)  loss_bbox_enc_0: 0.1381 (0.1412)  loss_giou_enc_0: 1.3744 (1.3751)  loss_vfl_dn_0: 0.4554 (0.4587)  loss_bbox_dn_0: 0.0356 (0.0354)  loss_giou_dn_0: 0.4185 (0.4230)  loss_fgl_dn_0: 1.2332 (1.2488)  loss_ddf_dn_0: 0.2665 (0.2786)  loss_vfl_dn_1: 0.3520 (0.3538)  loss_bbox_dn_1: 0.0232 (0.0223)  loss_giou_dn_1: 0.2782 (0.2804)  loss_fgl_dn_1: 1.1259 (1.1249)  loss_ddf_dn_1: 0.0125 (0.0122)  loss_vfl_dn_2: 0.3486 (0.3499)  loss_bbox_dn_2: 0.0227 (0.0221)  loss_giou_dn_2: 0.2789 (0.2779)  loss_fgl_dn_2: 1.1266 (1.1227)  loss_ddf_dn_2: -0.0000 (0.0000)  loss_vfl_dn_pre: 0.4559 (0.4584)  loss_bbox_dn_pre: 0.0357 (0.0353)  loss_giou_dn_pre: 0.4186 (0.4222)  time: 0.2957  data: 0.0115  max mem: 8696
Epoch: [17/30]  [30/44]  eta: 0:00:04  lr: 0.000100  loss: 17.0693 (17.1719)  loss_vfl: 0.4251 (0.4488)  loss_bbox: 0.0259 (0.0282)  loss_giou: 0.3205 (0.3366)  loss_fgl: 1.1605 (1.1524)  loss_vfl_aux_0: 0.7356 (0.7736)  loss_bbox_aux_0: 0.0409 (0.0434)  loss_giou_aux_0: 0.4645 (0.5054)  loss_fgl_aux_0: 1.2424 (1.2480)  loss_ddf_aux_0: 0.1941 (0.1855)  loss_vfl_aux_1: 0.5071 (0.5207)  loss_bbox_aux_1: 0.0268 (0.0297)  loss_giou_aux_1: 0.3249 (0.3467)  loss_fgl_aux_1: 1.1661 (1.1601)  loss_ddf_aux_1: 0.0120 (0.0113)  loss_vfl_pre: 0.7415 (0.7686)  loss_bbox_pre: 0.0417 (0.0433)  loss_giou_pre: 0.4628 (0.5037)  loss_vfl_enc_0: 0.5635 (0.5898)  loss_bbox_enc_0: 0.1326 (0.1389)  loss_giou_enc_0: 1.4013 (1.4119)  loss_vfl_dn_0: 0.4566 (0.4562)  loss_bbox_dn_0: 0.0326 (0.0343)  loss_giou_dn_0: 0.4246 (0.4198)  loss_fgl_dn_0: 1.2423 (1.2508)  loss_ddf_dn_0: 0.2939 (0.2856)  loss_vfl_dn_1: 0.3550 (0.3537)  loss_bbox_dn_1: 0.0221 (0.0221)  loss_giou_dn_1: 0.2799 (0.2801)  loss_fgl_dn_1: 1.1274 (1.1277)  loss_ddf_dn_1: 0.0143 (0.0131)  loss_vfl_dn_2: 0.3486 (0.3496)  loss_bbox_dn_2: 0.0218 (0.0219)  loss_giou_dn_2: 0.2779 (0.2771)  loss_fgl_dn_2: 1.1266 (1.1245)  loss_ddf_dn_2: -0.0000 (0.0000)  loss_vfl_dn_pre: 0.4554 (0.4558)  loss_bbox_dn_pre: 0.0325 (0.0341)  loss_giou_dn_pre: 0.4295 (0.4185)  time: 0.2962  data: 0.0116  max mem: 8696
Epoch: [17/30]  [40/44]  eta: 0:00:01  lr: 0.000100  loss: 17.0693 (17.3110)  loss_vfl: 0.4392 (0.4440)  loss_bbox: 0.0270 (0.0305)  loss_giou: 0.3229 (0.3517)  loss_fgl: 1.1357 (1.1486)  loss_vfl_aux_0: 0.7679 (0.7822)  loss_bbox_aux_0: 0.0412 (0.0469)  loss_giou_aux_0: 0.5024 (0.5313)  loss_fgl_aux_0: 1.2472 (1.2446)  loss_ddf_aux_0: 0.2009 (0.1891)  loss_vfl_aux_1: 0.4973 (0.5091)  loss_bbox_aux_1: 0.0278 (0.0322)  loss_giou_aux_1: 0.3343 (0.3636)  loss_fgl_aux_1: 1.1543 (1.1580)  loss_ddf_aux_1: 0.0126 (0.0126)  loss_vfl_pre: 0.7655 (0.7763)  loss_bbox_pre: 0.0417 (0.0469)  loss_giou_pre: 0.4987 (0.5291)  loss_vfl_enc_0: 0.5448 (0.5809)  loss_bbox_enc_0: 0.1358 (0.1431)  loss_giou_enc_0: 1.4539 (1.4356)  loss_vfl_dn_0: 0.4592 (0.4595)  loss_bbox_dn_0: 0.0333 (0.0350)  loss_giou_dn_0: 0.4159 (0.4241)  loss_fgl_dn_0: 1.2604 (1.2545)  loss_ddf_dn_0: 0.3009 (0.2882)  loss_vfl_dn_1: 0.3559 (0.3555)  loss_bbox_dn_1: 0.0221 (0.0223)  loss_giou_dn_1: 0.2763 (0.2810)  loss_fgl_dn_1: 1.1274 (1.1285)  loss_ddf_dn_1: 0.0147 (0.0134)  loss_vfl_dn_2: 0.3474 (0.3508)  loss_bbox_dn_2: 0.0215 (0.0221)  loss_giou_dn_2: 0.2759 (0.2782)  loss_fgl_dn_2: 1.1246 (1.1252)  loss_ddf_dn_2: -0.0000 (0.0000)  loss_vfl_dn_pre: 0.4575 (0.4588)  loss_bbox_dn_pre: 0.0332 (0.0348)  loss_giou_dn_pre: 0.4148 (0.4226)  time: 0.2976  data: 0.0117  max mem: 8696
Epoch: [17/30]  [43/44]  eta: 0:00:00  lr: 0.000100  loss: 17.2834 (17.4104)  loss_vfl: 0.4420 (0.4438)  loss_bbox: 0.0280 (0.0345)  loss_giou: 0.3455 (0.3777)  loss_fgl: 1.1335 (1.1365)  loss_vfl_aux_0: 0.7679 (0.7776)  loss_bbox_aux_0: 0.0452 (0.0511)  loss_giou_aux_0: 0.5372 (0.5587)  loss_fgl_aux_0: 1.2415 (1.2308)  loss_ddf_aux_0: 0.1941 (0.1886)  loss_vfl_aux_1: 0.4797 (0.5049)  loss_bbox_aux_1: 0.0290 (0.0362)  loss_giou_aux_1: 0.3531 (0.3901)  loss_fgl_aux_1: 1.1481 (1.1460)  loss_ddf_aux_1: 0.0137 (0.0129)  loss_vfl_pre: 0.7655 (0.7734)  loss_bbox_pre: 0.0452 (0.0510)  loss_giou_pre: 0.5392 (0.5572)  loss_vfl_enc_0: 0.5395 (0.5740)  loss_bbox_enc_0: 0.1396 (0.1496)  loss_giou_enc_0: 1.4711 (1.4640)  loss_vfl_dn_0: 0.4592 (0.4594)  loss_bbox_dn_0: 0.0352 (0.0350)  loss_giou_dn_0: 0.4205 (0.4239)  loss_fgl_dn_0: 1.2604 (1.2526)  loss_ddf_dn_0: 0.3009 (0.2898)  loss_vfl_dn_1: 0.3587 (0.3556)  loss_bbox_dn_1: 0.0219 (0.0223)  loss_giou_dn_1: 0.2804 (0.2808)  loss_fgl_dn_1: 1.1259 (1.1274)  loss_ddf_dn_1: 0.0157 (0.0136)  loss_vfl_dn_2: 0.3489 (0.3507)  loss_bbox_dn_2: 0.0212 (0.0221)  loss_giou_dn_2: 0.2787 (0.2781)  loss_fgl_dn_2: 1.1208 (1.1241)  loss_ddf_dn_2: -0.0000 (0.0000)  loss_vfl_dn_pre: 0.4580 (0.4587)  loss_bbox_dn_pre: 0.0355 (0.0349)  loss_giou_dn_pre: 0.4194 (0.4226)  time: 0.2957  data: 0.0116  max mem: 8696
Epoch: [17/30] Total time: 0:00:13 (0.3020 s / it)
Averaged stats: lr: 0.000100  loss: 17.2834 (17.4104)  loss_vfl: 0.4420 (0.4438)  loss_bbox: 0.0280 (0.0345)  loss_giou: 0.3455 (0.3777)  loss_fgl: 1.1335 (1.1365)  loss_vfl_aux_0: 0.7679 (0.7776)  loss_bbox_aux_0: 0.0452 (0.0511)  loss_giou_aux_0: 0.5372 (0.5587)  loss_fgl_aux_0: 1.2415 (1.2308)  loss_ddf_aux_0: 0.1941 (0.1886)  loss_vfl_aux_1: 0.4797 (0.5049)  loss_bbox_aux_1: 0.0290 (0.0362)  loss_giou_aux_1: 0.3531 (0.3901)  loss_fgl_aux_1: 1.1481 (1.1460)  loss_ddf_aux_1: 0.0137 (0.0129)  loss_vfl_pre: 0.7655 (0.7734)  loss_bbox_pre: 0.0452 (0.0510)  loss_giou_pre: 0.5392 (0.5572)  loss_vfl_enc_0: 0.5395 (0.5740)  loss_bbox_enc_0: 0.1396 (0.1496)  loss_giou_enc_0: 1.4711 (1.4640)  loss_vfl_dn_0: 0.4592 (0.4594)  loss_bbox_dn_0: 0.0352 (0.0350)  loss_giou_dn_0: 0.4205 (0.4239)  loss_fgl_dn_0: 1.2604 (1.2526)  loss_ddf_dn_0: 0.3009 (0.2898)  loss_vfl_dn_1: 0.3587 (0.3556)  loss_bbox_dn_1: 0.0219 (0.0223)  loss_giou_dn_1: 0.2804 (0.2808)  loss_fgl_dn_1: 1.1259 (1.1274)  loss_ddf_dn_1: 0.0157 (0.0136)  loss_vfl_dn_2: 0.3489 (0.3507)  loss_bbox_dn_2: 0.0212 (0.0221)  loss_giou_dn_2: 0.2787 (0.2781)  loss_fgl_dn_2: 1.1208 (1.1241)  loss_ddf_dn_2: -0.0000 (0.0000)  loss_vfl_dn_pre: 0.4580 (0.4587)  loss_bbox_dn_pre: 0.0355 (0.0349)  loss_giou_dn_pre: 0.4194 (0.4226)
Test:  [0/9]  eta: 0:00:02    time: 0.3074  data: 0.2290  max mem: 8696
Test:  [8/9]  eta: 0:00:00    time: 0.1305  data: 0.0372  max mem: 8696
Test: Total time: 0:00:01 (0.1347 s / it)
Metrics: {'f1': 0.9230769230769231, 'precision': 0.8903225806451613, 'recall': 0.9583333333333334, 'iou': 0.613815859237813, 'TPs': 138, 'FPs': 17, 'FNs': 6}
Averaged stats: 
Accumulating evaluation results...
COCOeval_opt.accumulate() finished...
DONE (t=0.01s).
IoU metric: bbox
 Average Precision  (AP) @[ IoU=0.50:0.95 | area=   all | maxDets=100 ] = 0.374
 Average Precision  (AP) @[ IoU=0.50      | area=   all | maxDets=100 ] = 0.946
 Average Precision  (AP) @[ IoU=0.75      | area=   all | maxDets=100 ] = 0.144
 Average Precision  (AP) @[ IoU=0.50:0.95 | area= small | maxDets=100 ] = 0.375
 Average Precision  (AP) @[ IoU=0.50:0.95 | area=medium | maxDets=100 ] = -1.000
 Average Precision  (AP) @[ IoU=0.50:0.95 | area= large | maxDets=100 ] = -1.000
 Average Recall     (AR) @[ IoU=0.50:0.95 | area=   all | maxDets=  1 ] = 0.215
 Average Recall     (AR) @[ IoU=0.50:0.95 | area=   all | maxDets= 10 ] = 0.502
 Average Recall     (AR) @[ IoU=0.50:0.95 | area=   all | maxDets=100 ] = 0.600
 Average Recall     (AR) @[ IoU=0.50:0.95 | area= small | maxDets=100 ] = 0.600
 Average Recall     (AR) @[ IoU=0.50:0.95 | area=medium | maxDets=100 ] = -1.000
 Average Recall     (AR) @[ IoU=0.50:0.95 | area= large | maxDets=100 ] = -1.000
 Average Recall     (AR) @[ IoU=0.50      | area=   all | maxDets=100 ] = 0.993
 Average Recall     (AR) @[ IoU=0.75      | area=   all | maxDets=100 ] = 0.660
best_stat: {'epoch': 10, 'coco_eval_bbox': 0.3933729125968449}
Epoch: [18/30]  [ 0/44]  eta: 0:00:23  lr: 0.000100  loss: 18.7899 (18.7899)  loss_vfl: 0.4206 (0.4206)  loss_bbox: 0.0966 (0.0966)  loss_giou: 0.7961 (0.7961)  loss_fgl: 0.9240 (0.9240)  loss_vfl_aux_0: 0.6723 (0.6723)  loss_bbox_aux_0: 0.1071 (0.1071)  loss_giou_aux_0: 0.9862 (0.9862)  loss_fgl_aux_0: 1.0333 (1.0333)  loss_ddf_aux_0: 0.1693 (0.1693)  loss_vfl_aux_1: 0.5847 (0.5847)  loss_bbox_aux_1: 0.0973 (0.0973)  loss_giou_aux_1: 0.8020 (0.8020)  loss_fgl_aux_1: 0.9262 (0.9262)  loss_ddf_aux_1: 0.0150 (0.0150)  loss_vfl_pre: 0.6565 (0.6565)  loss_bbox_pre: 0.1075 (0.1075)  loss_giou_pre: 0.9966 (0.9966)  loss_vfl_enc_0: 0.4813 (0.4813)  loss_bbox_enc_0: 0.2182 (0.2182)  loss_giou_enc_0: 1.8088 (1.8088)  loss_vfl_dn_0: 0.4596 (0.4596)  loss_bbox_dn_0: 0.0333 (0.0333)  loss_giou_dn_0: 0.4086 (0.4086)  loss_fgl_dn_0: 1.2555 (1.2555)  loss_ddf_dn_0: 0.3163 (0.3163)  loss_vfl_dn_1: 0.3467 (0.3467)  loss_bbox_dn_1: 0.0218 (0.0218)  loss_giou_dn_1: 0.2628 (0.2628)  loss_fgl_dn_1: 1.1238 (1.1238)  loss_ddf_dn_1: 0.0169 (0.0169)  loss_vfl_dn_2: 0.3423 (0.3423)  loss_bbox_dn_2: 0.0218 (0.0218)  loss_giou_dn_2: 0.2599 (0.2599)  loss_fgl_dn_2: 1.1219 (1.1219)  loss_ddf_dn_2: -0.0000 (0.0000)  loss_vfl_dn_pre: 0.4589 (0.4589)  loss_bbox_dn_pre: 0.0332 (0.0332)  loss_giou_dn_pre: 0.4072 (0.4072)  time: 0.5368  data: 0.2399  max mem: 8696
Epoch: [18/30]  [10/44]  eta: 0:00:10  lr: 0.000100  loss: 17.3281 (17.5209)  loss_vfl: 0.4825 (0.4630)  loss_bbox: 0.0357 (0.0401)  loss_giou: 0.3644 (0.4061)  loss_fgl: 1.0931 (1.0749)  loss_vfl_aux_0: 0.7885 (0.8010)  loss_bbox_aux_0: 0.0473 (0.0575)  loss_giou_aux_0: 0.5662 (0.6292)  loss_fgl_aux_0: 1.2248 (1.1933)  loss_ddf_aux_0: 0.2742 (0.2528)  loss_vfl_aux_1: 0.5278 (0.5137)  loss_bbox_aux_1: 0.0367 (0.0413)  loss_giou_aux_1: 0.3784 (0.4263)  loss_fgl_aux_1: 1.1058 (1.0819)  loss_ddf_aux_1: 0.0214 (0.0215)  loss_vfl_pre: 0.7823 (0.7939)  loss_bbox_pre: 0.0477 (0.0573)  loss_giou_pre: 0.5732 (0.6268)  loss_vfl_enc_0: 0.5052 (0.5312)  loss_bbox_enc_0: 0.1814 (0.1712)  loss_giou_enc_0: 1.5664 (1.5201)  loss_vfl_dn_0: 0.4513 (0.4502)  loss_bbox_dn_0: 0.0325 (0.0323)  loss_giou_dn_0: 0.4010 (0.4018)  loss_fgl_dn_0: 1.2444 (1.2462)  loss_ddf_dn_0: 0.2828 (0.3106)  loss_vfl_dn_1: 0.3462 (0.3457)  loss_bbox_dn_1: 0.0211 (0.0205)  loss_giou_dn_1: 0.2596 (0.2628)  loss_fgl_dn_1: 1.1078 (1.1136)  loss_ddf_dn_1: 0.0142 (0.0159)  loss_vfl_dn_2: 0.3414 (0.3419)  loss_bbox_dn_2: 0.0208 (0.0203)  loss_giou_dn_2: 0.2543 (0.2605)  loss_fgl_dn_2: 1.1033 (1.1101)  loss_ddf_dn_2: -0.0000 (0.0000)  loss_vfl_dn_pre: 0.4519 (0.4503)  loss_bbox_dn_pre: 0.0324 (0.0324)  loss_giou_dn_pre: 0.4025 (0.4026)  time: 0.3228  data: 0.0326  max mem: 8696
Epoch: [18/30]  [20/44]  eta: 0:00:07  lr: 0.000100  loss: 16.9209 (17.1073)  loss_vfl: 0.4102 (0.4283)  loss_bbox: 0.0244 (0.0328)  loss_giou: 0.2890 (0.3532)  loss_fgl: 1.0963 (1.0919)  loss_vfl_aux_0: 0.8247 (0.8194)  loss_bbox_aux_0: 0.0397 (0.0497)  loss_giou_aux_0: 0.4868 (0.5576)  loss_fgl_aux_0: 1.2262 (1.2109)  loss_ddf_aux_0: 0.2299 (0.2391)  loss_vfl_aux_1: 0.4763 (0.4882)  loss_bbox_aux_1: 0.0256 (0.0338)  loss_giou_aux_1: 0.3092 (0.3681)  loss_fgl_aux_1: 1.1070 (1.0997)  loss_ddf_aux_1: 0.0161 (0.0186)  loss_vfl_pre: 0.8099 (0.8107)  loss_bbox_pre: 0.0395 (0.0496)  loss_giou_pre: 0.4789 (0.5550)  loss_vfl_enc_0: 0.5571 (0.5804)  loss_bbox_enc_0: 0.1356 (0.1499)  loss_giou_enc_0: 1.3755 (1.4151)  loss_vfl_dn_0: 0.4456 (0.4490)  loss_bbox_dn_0: 0.0325 (0.0327)  loss_giou_dn_0: 0.3946 (0.4028)  loss_fgl_dn_0: 1.2351 (1.2453)  loss_ddf_dn_0: 0.2844 (0.3015)  loss_vfl_dn_1: 0.3388 (0.3416)  loss_bbox_dn_1: 0.0199 (0.0202)  loss_giou_dn_1: 0.2522 (0.2573)  loss_fgl_dn_1: 1.0949 (1.1007)  loss_ddf_dn_1: 0.0124 (0.0140)  loss_vfl_dn_2: 0.3329 (0.3371)  loss_bbox_dn_2: 0.0194 (0.0199)  loss_giou_dn_2: 0.2477 (0.2536)  loss_fgl_dn_2: 1.0842 (1.0957)  loss_ddf_dn_2: -0.0000 (0.0000)  loss_vfl_dn_pre: 0.4461 (0.4494)  loss_bbox_dn_pre: 0.0321 (0.0326)  loss_giou_dn_pre: 0.3953 (0.4019)  time: 0.3014  data: 0.0119  max mem: 8696
Epoch: [18/30]  [30/44]  eta: 0:00:04  lr: 0.000100  loss: 16.6960 (17.0265)  loss_vfl: 0.4001 (0.4231)  loss_bbox: 0.0241 (0.0301)  loss_giou: 0.2772 (0.3309)  loss_fgl: 1.1151 (1.1049)  loss_vfl_aux_0: 0.8439 (0.8428)  loss_bbox_aux_0: 0.0383 (0.0458)  loss_giou_aux_0: 0.4435 (0.5236)  loss_fgl_aux_0: 1.2294 (1.2195)  loss_ddf_aux_0: 0.2285 (0.2392)  loss_vfl_aux_1: 0.4659 (0.4843)  loss_bbox_aux_1: 0.0250 (0.0310)  loss_giou_aux_1: 0.2820 (0.3444)  loss_fgl_aux_1: 1.1234 (1.1132)  loss_ddf_aux_1: 0.0147 (0.0177)  loss_vfl_pre: 0.8424 (0.8330)  loss_bbox_pre: 0.0384 (0.0457)  loss_giou_pre: 0.4339 (0.5210)  loss_vfl_enc_0: 0.6141 (0.5963)  loss_bbox_enc_0: 0.1209 (0.1426)  loss_giou_enc_0: 1.2621 (1.3595)  loss_vfl_dn_0: 0.4469 (0.4491)  loss_bbox_dn_0: 0.0326 (0.0329)  loss_giou_dn_0: 0.3958 (0.4043)  loss_fgl_dn_0: 1.2390 (1.2473)  loss_ddf_dn_0: 0.3299 (0.3215)  loss_vfl_dn_1: 0.3370 (0.3407)  loss_bbox_dn_1: 0.0204 (0.0203)  loss_giou_dn_1: 0.2487 (0.2565)  loss_fgl_dn_1: 1.0891 (1.1008)  loss_ddf_dn_1: 0.0124 (0.0143)  loss_vfl_dn_2: 0.3318 (0.3362)  loss_bbox_dn_2: 0.0199 (0.0200)  loss_giou_dn_2: 0.2434 (0.2525)  loss_fgl_dn_2: 1.0784 (1.0953)  loss_ddf_dn_2: -0.0000 (0.0000)  loss_vfl_dn_pre: 0.4473 (0.4496)  loss_bbox_dn_pre: 0.0327 (0.0328)  loss_giou_dn_pre: 0.3955 (0.4036)  time: 0.3015  data: 0.0120  max mem: 8696
Epoch: [18/30]  [40/44]  eta: 0:00:01  lr: 0.000100  loss: 16.7421 (16.9126)  loss_vfl: 0.4001 (0.4149)  loss_bbox: 0.0232 (0.0281)  loss_giou: 0.2866 (0.3184)  loss_fgl: 1.1163 (1.1068)  loss_vfl_aux_0: 0.8439 (0.8433)  loss_bbox_aux_0: 0.0353 (0.0429)  loss_giou_aux_0: 0.4335 (0.5012)  loss_fgl_aux_0: 1.2297 (1.2243)  loss_ddf_aux_0: 0.2266 (0.2345)  loss_vfl_aux_1: 0.4621 (0.4826)  loss_bbox_aux_1: 0.0245 (0.0290)  loss_giou_aux_1: 0.2978 (0.3302)  loss_fgl_aux_1: 1.1264 (1.1153)  loss_ddf_aux_1: 0.0113 (0.0160)  loss_vfl_pre: 0.8424 (0.8334)  loss_bbox_pre: 0.0354 (0.0428)  loss_giou_pre: 0.4261 (0.4987)  loss_vfl_enc_0: 0.6732 (0.6356)  loss_bbox_enc_0: 0.1115 (0.1334)  loss_giou_enc_0: 1.1573 (1.3034)  loss_vfl_dn_0: 0.4462 (0.4498)  loss_bbox_dn_0: 0.0324 (0.0323)  loss_giou_dn_0: 0.3967 (0.4021)  loss_fgl_dn_0: 1.2422 (1.2454)  loss_ddf_dn_0: 0.3461 (0.3229)  loss_vfl_dn_1: 0.3376 (0.3416)  loss_bbox_dn_1: 0.0202 (0.0202)  loss_giou_dn_1: 0.2551 (0.2579)  loss_fgl_dn_1: 1.0907 (1.1011)  loss_ddf_dn_1: 0.0132 (0.0138)  loss_vfl_dn_2: 0.3343 (0.3365)  loss_bbox_dn_2: 0.0198 (0.0199)  loss_giou_dn_2: 0.2536 (0.2541)  loss_fgl_dn_2: 1.0882 (1.0960)  loss_ddf_dn_2: -0.0000 (0.0000)  loss_vfl_dn_pre: 0.4472 (0.4503)  loss_bbox_dn_pre: 0.0325 (0.0323)  loss_giou_dn_pre: 0.3974 (0.4014)  time: 0.3011  data: 0.0120  max mem: 8696
Epoch: [18/30]  [43/44]  eta: 0:00:00  lr: 0.000100  loss: 16.8758 (16.9277)  loss_vfl: 0.4004 (0.4148)  loss_bbox: 0.0235 (0.0282)  loss_giou: 0.2946 (0.3188)  loss_fgl: 1.1251 (1.1109)  loss_vfl_aux_0: 0.8425 (0.8422)  loss_bbox_aux_0: 0.0359 (0.0430)  loss_giou_aux_0: 0.4435 (0.4991)  loss_fgl_aux_0: 1.2310 (1.2293)  loss_ddf_aux_0: 0.2164 (0.2319)  loss_vfl_aux_1: 0.4679 (0.4830)  loss_bbox_aux_1: 0.0248 (0.0291)  loss_giou_aux_1: 0.3072 (0.3303)  loss_fgl_aux_1: 1.1316 (1.1196)  loss_ddf_aux_1: 0.0113 (0.0158)  loss_vfl_pre: 0.8424 (0.8327)  loss_bbox_pre: 0.0358 (0.0429)  loss_giou_pre: 0.4324 (0.4966)  loss_vfl_enc_0: 0.7059 (0.6457)  loss_bbox_enc_0: 0.1092 (0.1316)  loss_giou_enc_0: 1.1546 (1.2904)  loss_vfl_dn_0: 0.4477 (0.4501)  loss_bbox_dn_0: 0.0324 (0.0328)  loss_giou_dn_0: 0.3986 (0.4039)  loss_fgl_dn_0: 1.2430 (1.2484)  loss_ddf_dn_0: 0.3479 (0.3257)  loss_vfl_dn_1: 0.3403 (0.3419)  loss_bbox_dn_1: 0.0202 (0.0204)  loss_giou_dn_1: 0.2570 (0.2584)  loss_fgl_dn_1: 1.0907 (1.1024)  loss_ddf_dn_1: 0.0132 (0.0139)  loss_vfl_dn_2: 0.3333 (0.3366)  loss_bbox_dn_2: 0.0198 (0.0200)  loss_giou_dn_2: 0.2536 (0.2543)  loss_fgl_dn_2: 1.0903 (1.0968)  loss_ddf_dn_2: -0.0000 (0.0000)  loss_vfl_dn_pre: 0.4472 (0.4507)  loss_bbox_dn_pre: 0.0325 (0.0327)  loss_giou_dn_pre: 0.4011 (0.4031)  time: 0.2984  data: 0.0119  max mem: 8696
Epoch: [18/30] Total time: 0:00:13 (0.3064 s / it)
Averaged stats: lr: 0.000100  loss: 16.8758 (16.9277)  loss_vfl: 0.4004 (0.4148)  loss_bbox: 0.0235 (0.0282)  loss_giou: 0.2946 (0.3188)  loss_fgl: 1.1251 (1.1109)  loss_vfl_aux_0: 0.8425 (0.8422)  loss_bbox_aux_0: 0.0359 (0.0430)  loss_giou_aux_0: 0.4435 (0.4991)  loss_fgl_aux_0: 1.2310 (1.2293)  loss_ddf_aux_0: 0.2164 (0.2319)  loss_vfl_aux_1: 0.4679 (0.4830)  loss_bbox_aux_1: 0.0248 (0.0291)  loss_giou_aux_1: 0.3072 (0.3303)  loss_fgl_aux_1: 1.1316 (1.1196)  loss_ddf_aux_1: 0.0113 (0.0158)  loss_vfl_pre: 0.8424 (0.8327)  loss_bbox_pre: 0.0358 (0.0429)  loss_giou_pre: 0.4324 (0.4966)  loss_vfl_enc_0: 0.7059 (0.6457)  loss_bbox_enc_0: 0.1092 (0.1316)  loss_giou_enc_0: 1.1546 (1.2904)  loss_vfl_dn_0: 0.4477 (0.4501)  loss_bbox_dn_0: 0.0324 (0.0328)  loss_giou_dn_0: 0.3986 (0.4039)  loss_fgl_dn_0: 1.2430 (1.2484)  loss_ddf_dn_0: 0.3479 (0.3257)  loss_vfl_dn_1: 0.3403 (0.3419)  loss_bbox_dn_1: 0.0202 (0.0204)  loss_giou_dn_1: 0.2570 (0.2584)  loss_fgl_dn_1: 1.0907 (1.1024)  loss_ddf_dn_1: 0.0132 (0.0139)  loss_vfl_dn_2: 0.3333 (0.3366)  loss_bbox_dn_2: 0.0198 (0.0200)  loss_giou_dn_2: 0.2536 (0.2543)  loss_fgl_dn_2: 1.0903 (1.0968)  loss_ddf_dn_2: -0.0000 (0.0000)  loss_vfl_dn_pre: 0.4472 (0.4507)  loss_bbox_dn_pre: 0.0325 (0.0327)  loss_giou_dn_pre: 0.4011 (0.4031)
Test:  [0/9]  eta: 0:00:02    time: 0.3168  data: 0.2384  max mem: 8696
Test:  [8/9]  eta: 0:00:00    time: 0.1101  data: 0.0377  max mem: 8696
Test: Total time: 0:00:01 (0.1140 s / it)
Metrics: {'f1': 0.9169435215946845, 'precision': 0.8789808917197452, 'recall': 0.9583333333333334, 'iou': 0.6055621036722616, 'TPs': 138, 'FPs': 19, 'FNs': 6}
Averaged stats: 
Accumulating evaluation results...
COCOeval_opt.accumulate() finished...
DONE (t=0.01s).
IoU metric: bbox
 Average Precision  (AP) @[ IoU=0.50:0.95 | area=   all | maxDets=100 ] = 0.374
 Average Precision  (AP) @[ IoU=0.50      | area=   all | maxDets=100 ] = 0.954
 Average Precision  (AP) @[ IoU=0.75      | area=   all | maxDets=100 ] = 0.121
 Average Precision  (AP) @[ IoU=0.50:0.95 | area= small | maxDets=100 ] = 0.374
 Average Precision  (AP) @[ IoU=0.50:0.95 | area=medium | maxDets=100 ] = -1.000
 Average Precision  (AP) @[ IoU=0.50:0.95 | area= large | maxDets=100 ] = -1.000
 Average Recall     (AR) @[ IoU=0.50:0.95 | area=   all | maxDets=  1 ] = 0.212
 Average Recall     (AR) @[ IoU=0.50:0.95 | area=   all | maxDets= 10 ] = 0.499
 Average Recall     (AR) @[ IoU=0.50:0.95 | area=   all | maxDets=100 ] = 0.604
 Average Recall     (AR) @[ IoU=0.50:0.95 | area= small | maxDets=100 ] = 0.604
 Average Recall     (AR) @[ IoU=0.50:0.95 | area=medium | maxDets=100 ] = -1.000
 Average Recall     (AR) @[ IoU=0.50:0.95 | area= large | maxDets=100 ] = -1.000
 Average Recall     (AR) @[ IoU=0.50      | area=   all | maxDets=100 ] = 1.000
 Average Recall     (AR) @[ IoU=0.75      | area=   all | maxDets=100 ] = 0.618
best_stat: {'epoch': 10, 'coco_eval_bbox': 0.3933729125968449}
Epoch: [19/30]  [ 0/44]  eta: 0:00:23  lr: 0.000100  loss: 16.0598 (16.0598)  loss_vfl: 0.3442 (0.3442)  loss_bbox: 0.0165 (0.0165)  loss_giou: 0.2447 (0.2447)  loss_fgl: 1.0804 (1.0804)  loss_vfl_aux_0: 0.8660 (0.8660)  loss_bbox_aux_0: 0.0320 (0.0320)  loss_giou_aux_0: 0.4329 (0.4329)  loss_fgl_aux_0: 1.2199 (1.2199)  loss_ddf_aux_0: 0.2122 (0.2122)  loss_vfl_aux_1: 0.4271 (0.4271)  loss_bbox_aux_1: 0.0167 (0.0167)  loss_giou_aux_1: 0.2515 (0.2515)  loss_fgl_aux_1: 1.0853 (1.0853)  loss_ddf_aux_1: 0.0134 (0.0134)  loss_vfl_pre: 0.8553 (0.8553)  loss_bbox_pre: 0.0317 (0.0317)  loss_giou_pre: 0.4288 (0.4288)  loss_vfl_enc_0: 0.7351 (0.7351)  loss_bbox_enc_0: 0.0929 (0.0929)  loss_giou_enc_0: 1.1455 (1.1455)  loss_vfl_dn_0: 0.4458 (0.4458)  loss_bbox_dn_0: 0.0266 (0.0266)  loss_giou_dn_0: 0.3756 (0.3756)  loss_fgl_dn_0: 1.2174 (1.2174)  loss_ddf_dn_0: 0.3325 (0.3325)  loss_vfl_dn_1: 0.3274 (0.3274)  loss_bbox_dn_1: 0.0157 (0.0157)  loss_giou_dn_1: 0.2323 (0.2323)  loss_fgl_dn_1: 1.0690 (1.0690)  loss_ddf_dn_1: 0.0125 (0.0125)  loss_vfl_dn_2: 0.3192 (0.3192)  loss_bbox_dn_2: 0.0153 (0.0153)  loss_giou_dn_2: 0.2287 (0.2287)  loss_fgl_dn_2: 1.0615 (1.0615)  loss_ddf_dn_2: -0.0000 (0.0000)  loss_vfl_dn_pre: 0.4470 (0.4470)  loss_bbox_dn_pre: 0.0266 (0.0266)  loss_giou_dn_pre: 0.3747 (0.3747)  time: 0.5403  data: 0.2438  max mem: 8696
Epoch: [19/30]  [10/44]  eta: 0:00:10  lr: 0.000100  loss: 16.5340 (16.8233)  loss_vfl: 0.3566 (0.3730)  loss_bbox: 0.0231 (0.0269)  loss_giou: 0.2657 (0.2888)  loss_fgl: 1.0992 (1.1169)  loss_vfl_aux_0: 0.9434 (0.9935)  loss_bbox_aux_0: 0.0374 (0.0401)  loss_giou_aux_0: 0.4313 (0.4488)  loss_fgl_aux_0: 1.2248 (1.2344)  loss_ddf_aux_0: 0.2166 (0.2175)  loss_vfl_aux_1: 0.4312 (0.4529)  loss_bbox_aux_1: 0.0226 (0.0287)  loss_giou_aux_1: 0.2693 (0.3032)  loss_fgl_aux_1: 1.1082 (1.1195)  loss_ddf_aux_1: 0.0117 (0.0129)  loss_vfl_pre: 0.9251 (0.9713)  loss_bbox_pre: 0.0366 (0.0391)  loss_giou_pre: 0.4288 (0.4460)  loss_vfl_enc_0: 0.7474 (0.8020)  loss_bbox_enc_0: 0.1020 (0.1063)  loss_giou_enc_0: 1.1765 (1.1423)  loss_vfl_dn_0: 0.4510 (0.4495)  loss_bbox_dn_0: 0.0328 (0.0331)  loss_giou_dn_0: 0.3852 (0.3954)  loss_fgl_dn_0: 1.2214 (1.2423)  loss_ddf_dn_0: 0.3325 (0.3450)  loss_vfl_dn_1: 0.3291 (0.3292)  loss_bbox_dn_1: 0.0194 (0.0194)  loss_giou_dn_1: 0.2327 (0.2388)  loss_fgl_dn_1: 1.0690 (1.0727)  loss_ddf_dn_1: 0.0129 (0.0134)  loss_vfl_dn_2: 0.3251 (0.3242)  loss_bbox_dn_2: 0.0191 (0.0191)  loss_giou_dn_2: 0.2287 (0.2339)  loss_fgl_dn_2: 1.0631 (1.0660)  loss_ddf_dn_2: -0.0000 (0.0000)  loss_vfl_dn_pre: 0.4511 (0.4494)  loss_bbox_dn_pre: 0.0326 (0.0330)  loss_giou_dn_pre: 0.3861 (0.3946)  time: 0.3217  data: 0.0319  max mem: 8696
Epoch: [19/30]  [20/44]  eta: 0:00:07  lr: 0.000100  loss: 16.5340 (16.7602)  loss_vfl: 0.3674 (0.3803)  loss_bbox: 0.0227 (0.0254)  loss_giou: 0.2784 (0.2936)  loss_fgl: 1.1251 (1.1275)  loss_vfl_aux_0: 0.9024 (0.9289)  loss_bbox_aux_0: 0.0357 (0.0377)  loss_giou_aux_0: 0.4263 (0.4385)  loss_fgl_aux_0: 1.2445 (1.2463)  loss_ddf_aux_0: 0.2166 (0.2189)  loss_vfl_aux_1: 0.4264 (0.4382)  loss_bbox_aux_1: 0.0227 (0.0267)  loss_giou_aux_1: 0.2825 (0.3032)  loss_fgl_aux_1: 1.1347 (1.1318)  loss_ddf_aux_1: 0.0120 (0.0129)  loss_vfl_pre: 0.8935 (0.9119)  loss_bbox_pre: 0.0356 (0.0371)  loss_giou_pre: 0.4215 (0.4347)  loss_vfl_enc_0: 0.7791 (0.8085)  loss_bbox_enc_0: 0.0985 (0.1006)  loss_giou_enc_0: 1.1057 (1.1122)  loss_vfl_dn_0: 0.4471 (0.4490)  loss_bbox_dn_0: 0.0328 (0.0331)  loss_giou_dn_0: 0.3913 (0.4003)  loss_fgl_dn_0: 1.2459 (1.2495)  loss_ddf_dn_0: 0.3350 (0.3473)  loss_vfl_dn_1: 0.3327 (0.3357)  loss_bbox_dn_1: 0.0202 (0.0200)  loss_giou_dn_1: 0.2451 (0.2503)  loss_fgl_dn_1: 1.0820 (1.0851)  loss_ddf_dn_1: 0.0139 (0.0138)  loss_vfl_dn_2: 0.3294 (0.3329)  loss_bbox_dn_2: 0.0193 (0.0197)  loss_giou_dn_2: 0.2410 (0.2464)  loss_fgl_dn_2: 1.0746 (1.0808)  loss_ddf_dn_2: -0.0000 (0.0000)  loss_vfl_dn_pre: 0.4511 (0.4492)  loss_bbox_dn_pre: 0.0326 (0.0330)  loss_giou_dn_pre: 0.3915 (0.3992)  time: 0.3004  data: 0.0114  max mem: 8696
Epoch: [19/30]  [30/44]  eta: 0:00:04  lr: 0.000100  loss: 16.5016 (16.6706)  loss_vfl: 0.3726 (0.3802)  loss_bbox: 0.0222 (0.0243)  loss_giou: 0.2866 (0.2899)  loss_fgl: 1.1251 (1.1256)  loss_vfl_aux_0: 0.8035 (0.8933)  loss_bbox_aux_0: 0.0351 (0.0369)  loss_giou_aux_0: 0.4171 (0.4332)  loss_fgl_aux_0: 1.2437 (1.2436)  loss_ddf_aux_0: 0.2227 (0.2223)  loss_vfl_aux_1: 0.4303 (0.4460)  loss_bbox_aux_1: 0.0229 (0.0256)  loss_giou_aux_1: 0.2885 (0.3003)  loss_fgl_aux_1: 1.1329 (1.1277)  loss_ddf_aux_1: 0.0130 (0.0130)  loss_vfl_pre: 0.7953 (0.8795)  loss_bbox_pre: 0.0351 (0.0366)  loss_giou_pre: 0.4150 (0.4309)  loss_vfl_enc_0: 0.8220 (0.8146)  loss_bbox_enc_0: 0.0955 (0.0985)  loss_giou_enc_0: 1.0659 (1.0999)  loss_vfl_dn_0: 0.4459 (0.4479)  loss_bbox_dn_0: 0.0317 (0.0328)  loss_giou_dn_0: 0.3913 (0.3982)  loss_fgl_dn_0: 1.2454 (1.2465)  loss_ddf_dn_0: 0.3426 (0.3463)  loss_vfl_dn_1: 0.3360 (0.3374)  loss_bbox_dn_1: 0.0199 (0.0200)  loss_giou_dn_1: 0.2547 (0.2531)  loss_fgl_dn_1: 1.1008 (1.0878)  loss_ddf_dn_1: 0.0147 (0.0139)  loss_vfl_dn_2: 0.3337 (0.3337)  loss_bbox_dn_2: 0.0195 (0.0197)  loss_giou_dn_2: 0.2545 (0.2499)  loss_fgl_dn_2: 1.0989 (1.0836)  loss_ddf_dn_2: -0.0000 (0.0000)  loss_vfl_dn_pre: 0.4463 (0.4482)  loss_bbox_dn_pre: 0.0319 (0.0326)  loss_giou_dn_pre: 0.3925 (0.3973)  time: 0.3012  data: 0.0121  max mem: 8696
Epoch: [19/30]  [40/44]  eta: 0:00:01  lr: 0.000100  loss: 16.4895 (16.6835)  loss_vfl: 0.3908 (0.3836)  loss_bbox: 0.0225 (0.0244)  loss_giou: 0.2891 (0.2917)  loss_fgl: 1.1243 (1.1313)  loss_vfl_aux_0: 0.8046 (0.8812)  loss_bbox_aux_0: 0.0333 (0.0362)  loss_giou_aux_0: 0.4171 (0.4305)  loss_fgl_aux_0: 1.2375 (1.2445)  loss_ddf_aux_0: 0.2089 (0.2189)  loss_vfl_aux_1: 0.4476 (0.4490)  loss_bbox_aux_1: 0.0232 (0.0253)  loss_giou_aux_1: 0.2941 (0.3001)  loss_fgl_aux_1: 1.1316 (1.1325)  loss_ddf_aux_1: 0.0117 (0.0129)  loss_vfl_pre: 0.7995 (0.8680)  loss_bbox_pre: 0.0329 (0.0360)  loss_giou_pre: 0.4150 (0.4286)  loss_vfl_enc_0: 0.8197 (0.8140)  loss_bbox_enc_0: 0.0969 (0.0996)  loss_giou_enc_0: 1.0789 (1.0938)  loss_vfl_dn_0: 0.4492 (0.4491)  loss_bbox_dn_0: 0.0327 (0.0328)  loss_giou_dn_0: 0.3923 (0.4004)  loss_fgl_dn_0: 1.2454 (1.2493)  loss_ddf_dn_0: 0.3473 (0.3474)  loss_vfl_dn_1: 0.3372 (0.3394)  loss_bbox_dn_1: 0.0199 (0.0202)  loss_giou_dn_1: 0.2544 (0.2557)  loss_fgl_dn_1: 1.0989 (1.0931)  loss_ddf_dn_1: 0.0153 (0.0146)  loss_vfl_dn_2: 0.3348 (0.3360)  loss_bbox_dn_2: 0.0198 (0.0200)  loss_giou_dn_2: 0.2530 (0.2532)  loss_fgl_dn_2: 1.0973 (1.0899)  loss_ddf_dn_2: -0.0000 (0.0000)  loss_vfl_dn_pre: 0.4498 (0.4491)  loss_bbox_dn_pre: 0.0325 (0.0326)  loss_giou_dn_pre: 0.3925 (0.3989)  time: 0.3011  data: 0.0121  max mem: 8696
Epoch: [19/30]  [43/44]  eta: 0:00:00  lr: 0.000100  loss: 16.6455 (16.6608)  loss_vfl: 0.3898 (0.3823)  loss_bbox: 0.0221 (0.0240)  loss_giou: 0.2891 (0.2888)  loss_fgl: 1.1185 (1.1278)  loss_vfl_aux_0: 0.8144 (0.8788)  loss_bbox_aux_0: 0.0329 (0.0361)  loss_giou_aux_0: 0.4159 (0.4306)  loss_fgl_aux_0: 1.2375 (1.2439)  loss_ddf_aux_0: 0.2089 (0.2198)  loss_vfl_aux_1: 0.4476 (0.4467)  loss_bbox_aux_1: 0.0226 (0.0249)  loss_giou_aux_1: 0.2892 (0.2972)  loss_fgl_aux_1: 1.1233 (1.1296)  loss_ddf_aux_1: 0.0114 (0.0128)  loss_vfl_pre: 0.8063 (0.8665)  loss_bbox_pre: 0.0324 (0.0359)  loss_giou_pre: 0.4129 (0.4289)  loss_vfl_enc_0: 0.8197 (0.8080)  loss_bbox_enc_0: 0.0969 (0.1005)  loss_giou_enc_0: 1.0692 (1.1059)  loss_vfl_dn_0: 0.4492 (0.4487)  loss_bbox_dn_0: 0.0307 (0.0326)  loss_giou_dn_0: 0.3923 (0.4000)  loss_fgl_dn_0: 1.2454 (1.2482)  loss_ddf_dn_0: 0.3382 (0.3473)  loss_vfl_dn_1: 0.3372 (0.3386)  loss_bbox_dn_1: 0.0195 (0.0201)  loss_giou_dn_1: 0.2544 (0.2551)  loss_fgl_dn_1: 1.0980 (1.0912)  loss_ddf_dn_1: 0.0158 (0.0148)  loss_vfl_dn_2: 0.3348 (0.3353)  loss_bbox_dn_2: 0.0194 (0.0198)  loss_giou_dn_2: 0.2530 (0.2525)  loss_fgl_dn_2: 1.0958 (1.0877)  loss_ddf_dn_2: -0.0000 (0.0000)  loss_vfl_dn_pre: 0.4498 (0.4488)  loss_bbox_dn_pre: 0.0305 (0.0325)  loss_giou_dn_pre: 0.3925 (0.3984)  time: 0.2983  data: 0.0119  max mem: 8696
Epoch: [19/30] Total time: 0:00:13 (0.3061 s / it)
Averaged stats: lr: 0.000100  loss: 16.6455 (16.6608)  loss_vfl: 0.3898 (0.3823)  loss_bbox: 0.0221 (0.0240)  loss_giou: 0.2891 (0.2888)  loss_fgl: 1.1185 (1.1278)  loss_vfl_aux_0: 0.8144 (0.8788)  loss_bbox_aux_0: 0.0329 (0.0361)  loss_giou_aux_0: 0.4159 (0.4306)  loss_fgl_aux_0: 1.2375 (1.2439)  loss_ddf_aux_0: 0.2089 (0.2198)  loss_vfl_aux_1: 0.4476 (0.4467)  loss_bbox_aux_1: 0.0226 (0.0249)  loss_giou_aux_1: 0.2892 (0.2972)  loss_fgl_aux_1: 1.1233 (1.1296)  loss_ddf_aux_1: 0.0114 (0.0128)  loss_vfl_pre: 0.8063 (0.8665)  loss_bbox_pre: 0.0324 (0.0359)  loss_giou_pre: 0.4129 (0.4289)  loss_vfl_enc_0: 0.8197 (0.8080)  loss_bbox_enc_0: 0.0969 (0.1005)  loss_giou_enc_0: 1.0692 (1.1059)  loss_vfl_dn_0: 0.4492 (0.4487)  loss_bbox_dn_0: 0.0307 (0.0326)  loss_giou_dn_0: 0.3923 (0.4000)  loss_fgl_dn_0: 1.2454 (1.2482)  loss_ddf_dn_0: 0.3382 (0.3473)  loss_vfl_dn_1: 0.3372 (0.3386)  loss_bbox_dn_1: 0.0195 (0.0201)  loss_giou_dn_1: 0.2544 (0.2551)  loss_fgl_dn_1: 1.0980 (1.0912)  loss_ddf_dn_1: 0.0158 (0.0148)  loss_vfl_dn_2: 0.3348 (0.3353)  loss_bbox_dn_2: 0.0194 (0.0198)  loss_giou_dn_2: 0.2530 (0.2525)  loss_fgl_dn_2: 1.0958 (1.0877)  loss_ddf_dn_2: -0.0000 (0.0000)  loss_vfl_dn_pre: 0.4498 (0.4488)  loss_bbox_dn_pre: 0.0305 (0.0325)  loss_giou_dn_pre: 0.3925 (0.3984)
Test:  [0/9]  eta: 0:00:03    time: 0.3547  data: 0.2766  max mem: 8696
Test:  [8/9]  eta: 0:00:00    time: 0.1145  data: 0.0416  max mem: 8696
Test: Total time: 0:00:01 (0.1183 s / it)
Metrics: {'f1': 0.936026936026936, 'precision': 0.9084967320261438, 'recall': 0.9652777777777778, 'iou': 0.6287840929212449, 'TPs': 139, 'FPs': 14, 'FNs': 5}
Averaged stats: 
Accumulating evaluation results...
COCOeval_opt.accumulate() finished...
DONE (t=0.01s).
IoU metric: bbox
 Average Precision  (AP) @[ IoU=0.50:0.95 | area=   all | maxDets=100 ] = 0.375
 Average Precision  (AP) @[ IoU=0.50      | area=   all | maxDets=100 ] = 0.954
 Average Precision  (AP) @[ IoU=0.75      | area=   all | maxDets=100 ] = 0.132
 Average Precision  (AP) @[ IoU=0.50:0.95 | area= small | maxDets=100 ] = 0.375
 Average Precision  (AP) @[ IoU=0.50:0.95 | area=medium | maxDets=100 ] = -1.000
 Average Precision  (AP) @[ IoU=0.50:0.95 | area= large | maxDets=100 ] = -1.000
 Average Recall     (AR) @[ IoU=0.50:0.95 | area=   all | maxDets=  1 ] = 0.215
 Average Recall     (AR) @[ IoU=0.50:0.95 | area=   all | maxDets= 10 ] = 0.494
 Average Recall     (AR) @[ IoU=0.50:0.95 | area=   all | maxDets=100 ] = 0.605
 Average Recall     (AR) @[ IoU=0.50:0.95 | area= small | maxDets=100 ] = 0.605
 Average Recall     (AR) @[ IoU=0.50:0.95 | area=medium | maxDets=100 ] = -1.000
 Average Recall     (AR) @[ IoU=0.50:0.95 | area= large | maxDets=100 ] = -1.000
 Average Recall     (AR) @[ IoU=0.50      | area=   all | maxDets=100 ] = 1.000
 Average Recall     (AR) @[ IoU=0.75      | area=   all | maxDets=100 ] = 0.618
best_stat: {'epoch': 10, 'coco_eval_bbox': 0.3933729125968449}
Epoch: [20/30]  [ 0/44]  eta: 0:00:23  lr: 0.000100  loss: 16.7492 (16.7492)  loss_vfl: 0.3397 (0.3397)  loss_bbox: 0.0257 (0.0257)  loss_giou: 0.3204 (0.3204)  loss_fgl: 1.1142 (1.1142)  loss_vfl_aux_0: 0.8749 (0.8749)  loss_bbox_aux_0: 0.0404 (0.0404)  loss_giou_aux_0: 0.4870 (0.4870)  loss_fgl_aux_0: 1.2300 (1.2300)  loss_ddf_aux_0: 0.2120 (0.2120)  loss_vfl_aux_1: 0.4035 (0.4035)  loss_bbox_aux_1: 0.0261 (0.0261)  loss_giou_aux_1: 0.3271 (0.3271)  loss_fgl_aux_1: 1.1182 (1.1182)  loss_ddf_aux_1: 0.0151 (0.0151)  loss_vfl_pre: 0.8594 (0.8594)  loss_bbox_pre: 0.0401 (0.0401)  loss_giou_pre: 0.4861 (0.4861)  loss_vfl_enc_0: 0.8326 (0.8326)  loss_bbox_enc_0: 0.0986 (0.0986)  loss_giou_enc_0: 1.0237 (1.0237)  loss_vfl_dn_0: 0.4578 (0.4578)  loss_bbox_dn_0: 0.0380 (0.0380)  loss_giou_dn_0: 0.4435 (0.4435)  loss_fgl_dn_0: 1.2315 (1.2315)  loss_ddf_dn_0: 0.3808 (0.3808)  loss_vfl_dn_1: 0.3442 (0.3442)  loss_bbox_dn_1: 0.0211 (0.0211)  loss_giou_dn_1: 0.2646 (0.2646)  loss_fgl_dn_1: 1.0616 (1.0616)  loss_ddf_dn_1: 0.0188 (0.0188)  loss_vfl_dn_2: 0.3382 (0.3382)  loss_bbox_dn_2: 0.0207 (0.0207)  loss_giou_dn_2: 0.2625 (0.2625)  loss_fgl_dn_2: 1.0561 (1.0561)  loss_ddf_dn_2: -0.0000 (0.0000)  loss_vfl_dn_pre: 0.4568 (0.4568)  loss_bbox_dn_pre: 0.0376 (0.0376)  loss_giou_dn_pre: 0.4407 (0.4407)  time: 0.5318  data: 0.2315  max mem: 8696
Epoch: [20/30]  [10/44]  eta: 0:00:11  lr: 0.000100  loss: 16.0595 (16.2709)  loss_vfl: 0.3634 (0.3696)  loss_bbox: 0.0192 (0.0210)  loss_giou: 0.2373 (0.2584)  loss_fgl: 1.0782 (1.0921)  loss_vfl_aux_0: 0.8378 (0.8590)  loss_bbox_aux_0: 0.0340 (0.0337)  loss_giou_aux_0: 0.4178 (0.4106)  loss_fgl_aux_0: 1.2335 (1.2376)  loss_ddf_aux_0: 0.2365 (0.2358)  loss_vfl_aux_1: 0.4372 (0.4456)  loss_bbox_aux_1: 0.0200 (0.0213)  loss_giou_aux_1: 0.2425 (0.2626)  loss_fgl_aux_1: 1.0902 (1.0977)  loss_ddf_aux_1: 0.0124 (0.0132)  loss_vfl_pre: 0.8348 (0.8521)  loss_bbox_pre: 0.0338 (0.0337)  loss_giou_pre: 0.4139 (0.4089)  loss_vfl_enc_0: 0.8306 (0.8252)  loss_bbox_enc_0: 0.0914 (0.0938)  loss_giou_enc_0: 1.0428 (1.0621)  loss_vfl_dn_0: 0.4403 (0.4480)  loss_bbox_dn_0: 0.0310 (0.0320)  loss_giou_dn_0: 0.3730 (0.3928)  loss_fgl_dn_0: 1.2282 (1.2353)  loss_ddf_dn_0: 0.3789 (0.3750)  loss_vfl_dn_1: 0.3206 (0.3268)  loss_bbox_dn_1: 0.0174 (0.0184)  loss_giou_dn_1: 0.2250 (0.2352)  loss_fgl_dn_1: 1.0433 (1.0578)  loss_ddf_dn_1: 0.0171 (0.0173)  loss_vfl_dn_2: 0.3168 (0.3230)  loss_bbox_dn_2: 0.0170 (0.0181)  loss_giou_dn_2: 0.2198 (0.2321)  loss_fgl_dn_2: 1.0415 (1.0528)  loss_ddf_dn_2: -0.0000 (0.0000)  loss_vfl_dn_pre: 0.4407 (0.4480)  loss_bbox_dn_pre: 0.0311 (0.0320)  loss_giou_dn_pre: 0.3708 (0.3923)  time: 0.3328  data: 0.0319  max mem: 8696
Epoch: [20/30]  [20/44]  eta: 0:00:07  lr: 0.000100  loss: 15.9856 (16.2574)  loss_vfl: 0.3544 (0.3697)  loss_bbox: 0.0198 (0.0212)  loss_giou: 0.2488 (0.2596)  loss_fgl: 1.0757 (1.0965)  loss_vfl_aux_0: 0.8128 (0.8239)  loss_bbox_aux_0: 0.0341 (0.0346)  loss_giou_aux_0: 0.4178 (0.4162)  loss_fgl_aux_0: 1.2437 (1.2440)  loss_ddf_aux_0: 0.2412 (0.2480)  loss_vfl_aux_1: 0.4367 (0.4355)  loss_bbox_aux_1: 0.0200 (0.0216)  loss_giou_aux_1: 0.2429 (0.2655)  loss_fgl_aux_1: 1.0882 (1.1022)  loss_ddf_aux_1: 0.0123 (0.0130)  loss_vfl_pre: 0.7862 (0.8162)  loss_bbox_pre: 0.0344 (0.0346)  loss_giou_pre: 0.4139 (0.4143)  loss_vfl_enc_0: 0.8062 (0.8011)  loss_bbox_enc_0: 0.0966 (0.0985)  loss_giou_enc_0: 1.0489 (1.0972)  loss_vfl_dn_0: 0.4441 (0.4487)  loss_bbox_dn_0: 0.0322 (0.0319)  loss_giou_dn_0: 0.3731 (0.3883)  loss_fgl_dn_0: 1.2335 (1.2383)  loss_ddf_dn_0: 0.3760 (0.3720)  loss_vfl_dn_1: 0.3209 (0.3288)  loss_bbox_dn_1: 0.0175 (0.0185)  loss_giou_dn_1: 0.2227 (0.2353)  loss_fgl_dn_1: 1.0433 (1.0639)  loss_ddf_dn_1: 0.0162 (0.0165)  loss_vfl_dn_2: 0.3168 (0.3239)  loss_bbox_dn_2: 0.0171 (0.0182)  loss_giou_dn_2: 0.2175 (0.2319)  loss_fgl_dn_2: 1.0415 (1.0592)  loss_ddf_dn_2: -0.0000 (0.0000)  loss_vfl_dn_pre: 0.4454 (0.4489)  loss_bbox_dn_pre: 0.0320 (0.0319)  loss_giou_dn_pre: 0.3727 (0.3879)  time: 0.3060  data: 0.0119  max mem: 8696
Epoch: [20/30]  [30/44]  eta: 0:00:04  lr: 0.000100  loss: 16.2999 (16.3564)  loss_vfl: 0.3552 (0.3775)  loss_bbox: 0.0226 (0.0229)  loss_giou: 0.2581 (0.2731)  loss_fgl: 1.1177 (1.1028)  loss_vfl_aux_0: 0.7869 (0.8247)  loss_bbox_aux_0: 0.0358 (0.0357)  loss_giou_aux_0: 0.4170 (0.4223)  loss_fgl_aux_0: 1.2437 (1.2410)  loss_ddf_aux_0: 0.2646 (0.2540)  loss_vfl_aux_1: 0.4233 (0.4353)  loss_bbox_aux_1: 0.0231 (0.0237)  loss_giou_aux_1: 0.2691 (0.2792)  loss_fgl_aux_1: 1.1143 (1.1063)  loss_ddf_aux_1: 0.0130 (0.0131)  loss_vfl_pre: 0.7838 (0.8185)  loss_bbox_pre: 0.0355 (0.0358)  loss_giou_pre: 0.4100 (0.4217)  loss_vfl_enc_0: 0.7805 (0.7917)  loss_bbox_enc_0: 0.1026 (0.1024)  loss_giou_enc_0: 1.1512 (1.1202)  loss_vfl_dn_0: 0.4442 (0.4462)  loss_bbox_dn_0: 0.0322 (0.0319)  loss_giou_dn_0: 0.3762 (0.3857)  loss_fgl_dn_0: 1.2350 (1.2385)  loss_ddf_dn_0: 0.3708 (0.3709)  loss_vfl_dn_1: 0.3308 (0.3306)  loss_bbox_dn_1: 0.0186 (0.0190)  loss_giou_dn_1: 0.2397 (0.2386)  loss_fgl_dn_1: 1.0693 (1.0697)  loss_ddf_dn_1: 0.0151 (0.0161)  loss_vfl_dn_2: 0.3247 (0.3251)  loss_bbox_dn_2: 0.0185 (0.0187)  loss_giou_dn_2: 0.2346 (0.2354)  loss_fgl_dn_2: 1.0656 (1.0652)  loss_ddf_dn_2: -0.0000 (0.0000)  loss_vfl_dn_pre: 0.4454 (0.4465)  loss_bbox_dn_pre: 0.0320 (0.0318)  loss_giou_dn_pre: 0.3739 (0.3850)  time: 0.2994  data: 0.0119  max mem: 8696
Epoch: [20/30]  [40/44]  eta: 0:00:01  lr: 0.000100  loss: 16.6203 (16.6175)  loss_vfl: 0.3784 (0.3877)  loss_bbox: 0.0251 (0.0286)  loss_giou: 0.3033 (0.3189)  loss_fgl: 1.1091 (1.0948)  loss_vfl_aux_0: 0.7812 (0.8061)  loss_bbox_aux_0: 0.0386 (0.0425)  loss_giou_aux_0: 0.4524 (0.4737)  loss_fgl_aux_0: 1.2097 (1.2222)  loss_ddf_aux_0: 0.2665 (0.2574)  loss_vfl_aux_1: 0.4353 (0.4399)  loss_bbox_aux_1: 0.0257 (0.0298)  loss_giou_aux_1: 0.3066 (0.3288)  loss_fgl_aux_1: 1.1069 (1.0982)  loss_ddf_aux_1: 0.0133 (0.0138)  loss_vfl_pre: 0.7665 (0.8018)  loss_bbox_pre: 0.0384 (0.0427)  loss_giou_pre: 0.4571 (0.4755)  loss_vfl_enc_0: 0.7008 (0.7522)  loss_bbox_enc_0: 0.1154 (0.1181)  loss_giou_enc_0: 1.1885 (1.1965)  loss_vfl_dn_0: 0.4478 (0.4482)  loss_bbox_dn_0: 0.0315 (0.0319)  loss_giou_dn_0: 0.3837 (0.3878)  loss_fgl_dn_0: 1.2386 (1.2418)  loss_ddf_dn_0: 0.3770 (0.3760)  loss_vfl_dn_1: 0.3328 (0.3328)  loss_bbox_dn_1: 0.0194 (0.0192)  loss_giou_dn_1: 0.2472 (0.2413)  loss_fgl_dn_1: 1.0843 (1.0742)  loss_ddf_dn_1: 0.0147 (0.0159)  loss_vfl_dn_2: 0.3257 (0.3264)  loss_bbox_dn_2: 0.0195 (0.0188)  loss_giou_dn_2: 0.2449 (0.2377)  loss_fgl_dn_2: 1.0757 (1.0690)  loss_ddf_dn_2: -0.0000 (0.0000)  loss_vfl_dn_pre: 0.4484 (0.4485)  loss_bbox_dn_pre: 0.0316 (0.0318)  loss_giou_dn_pre: 0.3835 (0.3871)  time: 0.2993  data: 0.0120  max mem: 8696
Epoch: [20/30]  [43/44]  eta: 0:00:00  lr: 0.000100  loss: 16.8454 (16.7252)  loss_vfl: 0.3784 (0.3900)  loss_bbox: 0.0296 (0.0310)  loss_giou: 0.3104 (0.3337)  loss_fgl: 1.0865 (1.0909)  loss_vfl_aux_0: 0.7484 (0.7976)  loss_bbox_aux_0: 0.0487 (0.0453)  loss_giou_aux_0: 0.4801 (0.5000)  loss_fgl_aux_0: 1.2055 (1.2134)  loss_ddf_aux_0: 0.2698 (0.2582)  loss_vfl_aux_1: 0.4356 (0.4456)  loss_bbox_aux_1: 0.0350 (0.0328)  loss_giou_aux_1: 0.3534 (0.3480)  loss_fgl_aux_1: 1.0945 (1.0922)  loss_ddf_aux_1: 0.0144 (0.0143)  loss_vfl_pre: 0.7523 (0.7958)  loss_bbox_pre: 0.0493 (0.0453)  loss_giou_pre: 0.4677 (0.4987)  loss_vfl_enc_0: 0.6495 (0.7417)  loss_bbox_enc_0: 0.1302 (0.1244)  loss_giou_enc_0: 1.2216 (1.2307)  loss_vfl_dn_0: 0.4478 (0.4486)  loss_bbox_dn_0: 0.0315 (0.0320)  loss_giou_dn_0: 0.3839 (0.3902)  loss_fgl_dn_0: 1.2479 (1.2449)  loss_ddf_dn_0: 0.3770 (0.3761)  loss_vfl_dn_1: 0.3310 (0.3327)  loss_bbox_dn_1: 0.0194 (0.0191)  loss_giou_dn_1: 0.2437 (0.2413)  loss_fgl_dn_1: 1.0843 (1.0740)  loss_ddf_dn_1: 0.0152 (0.0160)  loss_vfl_dn_2: 0.3247 (0.3258)  loss_bbox_dn_2: 0.0189 (0.0188)  loss_giou_dn_2: 0.2375 (0.2372)  loss_fgl_dn_2: 1.0735 (1.0681)  loss_ddf_dn_2: -0.0000 (0.0000)  loss_vfl_dn_pre: 0.4484 (0.4489)  loss_bbox_dn_pre: 0.0316 (0.0319)  loss_giou_dn_pre: 0.3837 (0.3896)  time: 0.2966  data: 0.0119  max mem: 8696
Epoch: [20/30] Total time: 0:00:13 (0.3074 s / it)
Averaged stats: lr: 0.000100  loss: 16.8454 (16.7252)  loss_vfl: 0.3784 (0.3900)  loss_bbox: 0.0296 (0.0310)  loss_giou: 0.3104 (0.3337)  loss_fgl: 1.0865 (1.0909)  loss_vfl_aux_0: 0.7484 (0.7976)  loss_bbox_aux_0: 0.0487 (0.0453)  loss_giou_aux_0: 0.4801 (0.5000)  loss_fgl_aux_0: 1.2055 (1.2134)  loss_ddf_aux_0: 0.2698 (0.2582)  loss_vfl_aux_1: 0.4356 (0.4456)  loss_bbox_aux_1: 0.0350 (0.0328)  loss_giou_aux_1: 0.3534 (0.3480)  loss_fgl_aux_1: 1.0945 (1.0922)  loss_ddf_aux_1: 0.0144 (0.0143)  loss_vfl_pre: 0.7523 (0.7958)  loss_bbox_pre: 0.0493 (0.0453)  loss_giou_pre: 0.4677 (0.4987)  loss_vfl_enc_0: 0.6495 (0.7417)  loss_bbox_enc_0: 0.1302 (0.1244)  loss_giou_enc_0: 1.2216 (1.2307)  loss_vfl_dn_0: 0.4478 (0.4486)  loss_bbox_dn_0: 0.0315 (0.0320)  loss_giou_dn_0: 0.3839 (0.3902)  loss_fgl_dn_0: 1.2479 (1.2449)  loss_ddf_dn_0: 0.3770 (0.3761)  loss_vfl_dn_1: 0.3310 (0.3327)  loss_bbox_dn_1: 0.0194 (0.0191)  loss_giou_dn_1: 0.2437 (0.2413)  loss_fgl_dn_1: 1.0843 (1.0740)  loss_ddf_dn_1: 0.0152 (0.0160)  loss_vfl_dn_2: 0.3247 (0.3258)  loss_bbox_dn_2: 0.0189 (0.0188)  loss_giou_dn_2: 0.2375 (0.2372)  loss_fgl_dn_2: 1.0735 (1.0681)  loss_ddf_dn_2: -0.0000 (0.0000)  loss_vfl_dn_pre: 0.4484 (0.4489)  loss_bbox_dn_pre: 0.0316 (0.0319)  loss_giou_dn_pre: 0.3837 (0.3896)
Test:  [0/9]  eta: 0:00:02    time: 0.3016  data: 0.2227  max mem: 8696
Test:  [8/9]  eta: 0:00:00    time: 0.1082  data: 0.0356  max mem: 8696
Test: Total time: 0:00:01 (0.1122 s / it)
Metrics: {'f1': 0.9235880398671097, 'precision': 0.8853503184713376, 'recall': 0.9652777777777778, 'iou': 0.61212275646351, 'TPs': 139, 'FPs': 18, 'FNs': 5}
Averaged stats: 
Accumulating evaluation results...
COCOeval_opt.accumulate() finished...
DONE (t=0.01s).
IoU metric: bbox
 Average Precision  (AP) @[ IoU=0.50:0.95 | area=   all | maxDets=100 ] = 0.366
 Average Precision  (AP) @[ IoU=0.50      | area=   all | maxDets=100 ] = 0.942
 Average Precision  (AP) @[ IoU=0.75      | area=   all | maxDets=100 ] = 0.127
 Average Precision  (AP) @[ IoU=0.50:0.95 | area= small | maxDets=100 ] = 0.366
 Average Precision  (AP) @[ IoU=0.50:0.95 | area=medium | maxDets=100 ] = -1.000
 Average Precision  (AP) @[ IoU=0.50:0.95 | area= large | maxDets=100 ] = -1.000
 Average Recall     (AR) @[ IoU=0.50:0.95 | area=   all | maxDets=  1 ] = 0.214
 Average Recall     (AR) @[ IoU=0.50:0.95 | area=   all | maxDets= 10 ] = 0.493
 Average Recall     (AR) @[ IoU=0.50:0.95 | area=   all | maxDets=100 ] = 0.600
 Average Recall     (AR) @[ IoU=0.50:0.95 | area= small | maxDets=100 ] = 0.600
 Average Recall     (AR) @[ IoU=0.50:0.95 | area=medium | maxDets=100 ] = -1.000
 Average Recall     (AR) @[ IoU=0.50:0.95 | area= large | maxDets=100 ] = -1.000
 Average Recall     (AR) @[ IoU=0.50      | area=   all | maxDets=100 ] = 0.986
 Average Recall     (AR) @[ IoU=0.75      | area=   all | maxDets=100 ] = 0.646
best_stat: {'epoch': 10, 'coco_eval_bbox': 0.3933729125968449}
Epoch: [21/30]  [ 0/44]  eta: 0:00:23  lr: 0.000100  loss: 16.3089 (16.3089)  loss_vfl: 0.3405 (0.3405)  loss_bbox: 0.0265 (0.0265)  loss_giou: 0.2624 (0.2624)  loss_fgl: 1.0795 (1.0795)  loss_vfl_aux_0: 0.7355 (0.7355)  loss_bbox_aux_0: 0.0578 (0.0578)  loss_giou_aux_0: 0.5228 (0.5228)  loss_fgl_aux_0: 1.2150 (1.2150)  loss_ddf_aux_0: 0.2992 (0.2992)  loss_vfl_aux_1: 0.4251 (0.4251)  loss_bbox_aux_1: 0.0264 (0.0264)  loss_giou_aux_1: 0.2608 (0.2608)  loss_fgl_aux_1: 1.0989 (1.0989)  loss_ddf_aux_1: 0.0267 (0.0267)  loss_vfl_pre: 0.7341 (0.7341)  loss_bbox_pre: 0.0559 (0.0559)  loss_giou_pre: 0.5159 (0.5159)  loss_vfl_enc_0: 0.6468 (0.6468)  loss_bbox_enc_0: 0.1286 (0.1286)  loss_giou_enc_0: 1.2359 (1.2359)  loss_vfl_dn_0: 0.4468 (0.4468)  loss_bbox_dn_0: 0.0357 (0.0357)  loss_giou_dn_0: 0.3751 (0.3751)  loss_fgl_dn_0: 1.2421 (1.2421)  loss_ddf_dn_0: 0.4132 (0.4132)  loss_vfl_dn_1: 0.3122 (0.3122)  loss_bbox_dn_1: 0.0201 (0.0201)  loss_giou_dn_1: 0.2141 (0.2141)  loss_fgl_dn_1: 1.0692 (1.0692)  loss_ddf_dn_1: 0.0230 (0.0230)  loss_vfl_dn_2: 0.3082 (0.3082)  loss_bbox_dn_2: 0.0200 (0.0200)  loss_giou_dn_2: 0.2143 (0.2143)  loss_fgl_dn_2: 1.0673 (1.0673)  loss_ddf_dn_2: -0.0000 (0.0000)  loss_vfl_dn_pre: 0.4466 (0.4466)  loss_bbox_dn_pre: 0.0354 (0.0354)  loss_giou_dn_pre: 0.3713 (0.3713)  time: 0.5454  data: 0.2523  max mem: 8696
Epoch: [21/30]  [10/44]  eta: 0:00:10  lr: 0.000100  loss: 16.6910 (16.8103)  loss_vfl: 0.3996 (0.4115)  loss_bbox: 0.0265 (0.0287)  loss_giou: 0.2829 (0.3235)  loss_fgl: 1.0426 (1.0435)  loss_vfl_aux_0: 0.7520 (0.7726)  loss_bbox_aux_0: 0.0489 (0.0503)  loss_giou_aux_0: 0.5266 (0.5538)  loss_fgl_aux_0: 1.2150 (1.1866)  loss_ddf_aux_0: 0.3885 (0.3930)  loss_vfl_aux_1: 0.4251 (0.4385)  loss_bbox_aux_1: 0.0264 (0.0312)  loss_giou_aux_1: 0.2861 (0.3441)  loss_fgl_aux_1: 1.0643 (1.0591)  loss_ddf_aux_1: 0.0485 (0.0459)  loss_vfl_pre: 0.7426 (0.7683)  loss_bbox_pre: 0.0480 (0.0491)  loss_giou_pre: 0.5257 (0.5494)  loss_vfl_enc_0: 0.5905 (0.6126)  loss_bbox_enc_0: 0.1317 (0.1518)  loss_giou_enc_0: 1.3498 (1.3906)  loss_vfl_dn_0: 0.4468 (0.4506)  loss_bbox_dn_0: 0.0309 (0.0314)  loss_giou_dn_0: 0.3816 (0.3887)  loss_fgl_dn_0: 1.2421 (1.2366)  loss_ddf_dn_0: 0.4159 (0.4208)  loss_vfl_dn_1: 0.3105 (0.3167)  loss_bbox_dn_1: 0.0182 (0.0175)  loss_giou_dn_1: 0.2177 (0.2209)  loss_fgl_dn_1: 1.0543 (1.0468)  loss_ddf_dn_1: 0.0234 (0.0233)  loss_vfl_dn_2: 0.3068 (0.3109)  loss_bbox_dn_2: 0.0177 (0.0170)  loss_giou_dn_2: 0.2178 (0.2154)  loss_fgl_dn_2: 1.0406 (1.0396)  loss_ddf_dn_2: -0.0000 (0.0000)  loss_vfl_dn_pre: 0.4466 (0.4504)  loss_bbox_dn_pre: 0.0310 (0.0314)  loss_giou_dn_pre: 0.3802 (0.3881)  time: 0.3194  data: 0.0331  max mem: 8696
Epoch: [21/30]  [20/44]  eta: 0:00:07  lr: 0.000100  loss: 16.2312 (16.4623)  loss_vfl: 0.3695 (0.3847)  loss_bbox: 0.0197 (0.0241)  loss_giou: 0.2388 (0.2791)  loss_fgl: 1.0461 (1.0522)  loss_vfl_aux_0: 0.8438 (0.8370)  loss_bbox_aux_0: 0.0341 (0.0420)  loss_giou_aux_0: 0.4131 (0.4762)  loss_fgl_aux_0: 1.2260 (1.2110)  loss_ddf_aux_0: 0.3766 (0.3717)  loss_vfl_aux_1: 0.4207 (0.4272)  loss_bbox_aux_1: 0.0204 (0.0255)  loss_giou_aux_1: 0.2481 (0.2921)  loss_fgl_aux_1: 1.0643 (1.0646)  loss_ddf_aux_1: 0.0363 (0.0388)  loss_vfl_pre: 0.8319 (0.8271)  loss_bbox_pre: 0.0342 (0.0413)  loss_giou_pre: 0.4145 (0.4732)  loss_vfl_enc_0: 0.6815 (0.6790)  loss_bbox_enc_0: 0.1190 (0.1316)  loss_giou_enc_0: 1.1953 (1.2733)  loss_vfl_dn_0: 0.4374 (0.4427)  loss_bbox_dn_0: 0.0304 (0.0306)  loss_giou_dn_0: 0.3729 (0.3755)  loss_fgl_dn_0: 1.2310 (1.2340)  loss_ddf_dn_0: 0.3845 (0.3934)  loss_vfl_dn_1: 0.3086 (0.3147)  loss_bbox_dn_1: 0.0174 (0.0172)  loss_giou_dn_1: 0.2172 (0.2174)  loss_fgl_dn_1: 1.0373 (1.0422)  loss_ddf_dn_1: 0.0208 (0.0212)  loss_vfl_dn_2: 0.3051 (0.3085)  loss_bbox_dn_2: 0.0167 (0.0168)  loss_giou_dn_2: 0.2119 (0.2128)  loss_fgl_dn_2: 1.0362 (1.0359)  loss_ddf_dn_2: -0.0000 (0.0000)  loss_vfl_dn_pre: 0.4391 (0.4429)  loss_bbox_dn_pre: 0.0306 (0.0305)  loss_giou_dn_pre: 0.3722 (0.3745)  time: 0.2979  data: 0.0115  max mem: 8696
Epoch: [21/30]  [30/44]  eta: 0:00:04  lr: 0.000100  loss: 16.0526 (16.4554)  loss_vfl: 0.3636 (0.3813)  loss_bbox: 0.0191 (0.0231)  loss_giou: 0.2388 (0.2734)  loss_fgl: 1.0682 (1.0687)  loss_vfl_aux_0: 0.8729 (0.8478)  loss_bbox_aux_0: 0.0324 (0.0392)  loss_giou_aux_0: 0.3975 (0.4535)  loss_fgl_aux_0: 1.2322 (1.2231)  loss_ddf_aux_0: 0.3257 (0.3491)  loss_vfl_aux_1: 0.4159 (0.4283)  loss_bbox_aux_1: 0.0195 (0.0242)  loss_giou_aux_1: 0.2416 (0.2837)  loss_fgl_aux_1: 1.0783 (1.0788)  loss_ddf_aux_1: 0.0227 (0.0329)  loss_vfl_pre: 0.8417 (0.8377)  loss_bbox_pre: 0.0328 (0.0386)  loss_giou_pre: 0.4006 (0.4504)  loss_vfl_enc_0: 0.7391 (0.7077)  loss_bbox_enc_0: 0.1012 (0.1213)  loss_giou_enc_0: 1.1087 (1.2232)  loss_vfl_dn_0: 0.4342 (0.4418)  loss_bbox_dn_0: 0.0303 (0.0308)  loss_giou_dn_0: 0.3770 (0.3797)  loss_fgl_dn_0: 1.2363 (1.2413)  loss_ddf_dn_0: 0.3699 (0.3913)  loss_vfl_dn_1: 0.3163 (0.3195)  loss_bbox_dn_1: 0.0176 (0.0177)  loss_giou_dn_1: 0.2179 (0.2239)  loss_fgl_dn_1: 1.0383 (1.0533)  loss_ddf_dn_1: 0.0168 (0.0195)  loss_vfl_dn_2: 0.3066 (0.3136)  loss_bbox_dn_2: 0.0172 (0.0174)  loss_giou_dn_2: 0.2172 (0.2198)  loss_fgl_dn_2: 1.0362 (1.0481)  loss_ddf_dn_2: -0.0000 (0.0000)  loss_vfl_dn_pre: 0.4358 (0.4422)  loss_bbox_dn_pre: 0.0303 (0.0307)  loss_giou_dn_pre: 0.3744 (0.3785)  time: 0.2998  data: 0.0118  max mem: 8696
Epoch: [21/30]  [40/44]  eta: 0:00:01  lr: 0.000100  loss: 16.4343 (16.4532)  loss_vfl: 0.3794 (0.3804)  loss_bbox: 0.0191 (0.0227)  loss_giou: 0.2462 (0.2692)  loss_fgl: 1.0833 (1.0712)  loss_vfl_aux_0: 0.8457 (0.8477)  loss_bbox_aux_0: 0.0331 (0.0386)  loss_giou_aux_0: 0.4177 (0.4498)  loss_fgl_aux_0: 1.2418 (1.2276)  loss_ddf_aux_0: 0.3026 (0.3344)  loss_vfl_aux_1: 0.4308 (0.4389)  loss_bbox_aux_1: 0.0201 (0.0238)  loss_giou_aux_1: 0.2533 (0.2805)  loss_fgl_aux_1: 1.1004 (1.0829)  loss_ddf_aux_1: 0.0192 (0.0294)  loss_vfl_pre: 0.8391 (0.8386)  loss_bbox_pre: 0.0333 (0.0382)  loss_giou_pre: 0.4079 (0.4480)  loss_vfl_enc_0: 0.7599 (0.7272)  loss_bbox_enc_0: 0.1012 (0.1164)  loss_giou_enc_0: 1.1452 (1.2132)  loss_vfl_dn_0: 0.4439 (0.4416)  loss_bbox_dn_0: 0.0305 (0.0308)  loss_giou_dn_0: 0.3813 (0.3787)  loss_fgl_dn_0: 1.2363 (1.2394)  loss_ddf_dn_0: 0.3702 (0.3877)  loss_vfl_dn_1: 0.3227 (0.3212)  loss_bbox_dn_1: 0.0171 (0.0180)  loss_giou_dn_1: 0.2267 (0.2262)  loss_fgl_dn_1: 1.0568 (1.0569)  loss_ddf_dn_1: 0.0136 (0.0180)  loss_vfl_dn_2: 0.3124 (0.3144)  loss_bbox_dn_2: 0.0167 (0.0176)  loss_giou_dn_2: 0.2190 (0.2217)  loss_fgl_dn_2: 1.0439 (1.0510)  loss_ddf_dn_2: -0.0000 (0.0000)  loss_vfl_dn_pre: 0.4468 (0.4423)  loss_bbox_dn_pre: 0.0304 (0.0308)  loss_giou_dn_pre: 0.3822 (0.3779)  time: 0.2998  data: 0.0118  max mem: 8696
Epoch: [21/30]  [43/44]  eta: 0:00:00  lr: 0.000100  loss: 16.7245 (16.5282)  loss_vfl: 0.3823 (0.3833)  loss_bbox: 0.0217 (0.0228)  loss_giou: 0.2625 (0.2717)  loss_fgl: 1.0964 (1.0767)  loss_vfl_aux_0: 0.8629 (0.8604)  loss_bbox_aux_0: 0.0346 (0.0385)  loss_giou_aux_0: 0.4207 (0.4501)  loss_fgl_aux_0: 1.2533 (1.2315)  loss_ddf_aux_0: 0.2981 (0.3326)  loss_vfl_aux_1: 0.4552 (0.4430)  loss_bbox_aux_1: 0.0218 (0.0238)  loss_giou_aux_1: 0.2799 (0.2823)  loss_fgl_aux_1: 1.1122 (1.0883)  loss_ddf_aux_1: 0.0189 (0.0288)  loss_vfl_pre: 0.8417 (0.8504)  loss_bbox_pre: 0.0354 (0.0381)  loss_giou_pre: 0.4224 (0.4481)  loss_vfl_enc_0: 0.7599 (0.7315)  loss_bbox_enc_0: 0.1012 (0.1152)  loss_giou_enc_0: 1.1334 (1.2075)  loss_vfl_dn_0: 0.4464 (0.4430)  loss_bbox_dn_0: 0.0314 (0.0311)  loss_giou_dn_0: 0.3874 (0.3820)  loss_fgl_dn_0: 1.2412 (1.2422)  loss_ddf_dn_0: 0.3799 (0.3881)  loss_vfl_dn_1: 0.3336 (0.3228)  loss_bbox_dn_1: 0.0193 (0.0181)  loss_giou_dn_1: 0.2391 (0.2286)  loss_fgl_dn_1: 1.0853 (1.0604)  loss_ddf_dn_1: 0.0136 (0.0178)  loss_vfl_dn_2: 0.3237 (0.3165)  loss_bbox_dn_2: 0.0188 (0.0178)  loss_giou_dn_2: 0.2374 (0.2246)  loss_fgl_dn_2: 1.0808 (1.0551)  loss_ddf_dn_2: -0.0000 (0.0000)  loss_vfl_dn_pre: 0.4473 (0.4435)  loss_bbox_dn_pre: 0.0315 (0.0310)  loss_giou_dn_pre: 0.3891 (0.3809)  time: 0.2971  data: 0.0117  max mem: 8696
Epoch: [21/30] Total time: 0:00:13 (0.3044 s / it)
Averaged stats: lr: 0.000100  loss: 16.7245 (16.5282)  loss_vfl: 0.3823 (0.3833)  loss_bbox: 0.0217 (0.0228)  loss_giou: 0.2625 (0.2717)  loss_fgl: 1.0964 (1.0767)  loss_vfl_aux_0: 0.8629 (0.8604)  loss_bbox_aux_0: 0.0346 (0.0385)  loss_giou_aux_0: 0.4207 (0.4501)  loss_fgl_aux_0: 1.2533 (1.2315)  loss_ddf_aux_0: 0.2981 (0.3326)  loss_vfl_aux_1: 0.4552 (0.4430)  loss_bbox_aux_1: 0.0218 (0.0238)  loss_giou_aux_1: 0.2799 (0.2823)  loss_fgl_aux_1: 1.1122 (1.0883)  loss_ddf_aux_1: 0.0189 (0.0288)  loss_vfl_pre: 0.8417 (0.8504)  loss_bbox_pre: 0.0354 (0.0381)  loss_giou_pre: 0.4224 (0.4481)  loss_vfl_enc_0: 0.7599 (0.7315)  loss_bbox_enc_0: 0.1012 (0.1152)  loss_giou_enc_0: 1.1334 (1.2075)  loss_vfl_dn_0: 0.4464 (0.4430)  loss_bbox_dn_0: 0.0314 (0.0311)  loss_giou_dn_0: 0.3874 (0.3820)  loss_fgl_dn_0: 1.2412 (1.2422)  loss_ddf_dn_0: 0.3799 (0.3881)  loss_vfl_dn_1: 0.3336 (0.3228)  loss_bbox_dn_1: 0.0193 (0.0181)  loss_giou_dn_1: 0.2391 (0.2286)  loss_fgl_dn_1: 1.0853 (1.0604)  loss_ddf_dn_1: 0.0136 (0.0178)  loss_vfl_dn_2: 0.3237 (0.3165)  loss_bbox_dn_2: 0.0188 (0.0178)  loss_giou_dn_2: 0.2374 (0.2246)  loss_fgl_dn_2: 1.0808 (1.0551)  loss_ddf_dn_2: -0.0000 (0.0000)  loss_vfl_dn_pre: 0.4473 (0.4435)  loss_bbox_dn_pre: 0.0315 (0.0310)  loss_giou_dn_pre: 0.3891 (0.3809)
Test:  [0/9]  eta: 0:00:02    time: 0.3311  data: 0.2553  max mem: 8696
Test:  [8/9]  eta: 0:00:00    time: 0.1093  data: 0.0374  max mem: 8696
Test: Total time: 0:00:01 (0.1135 s / it)
Metrics: {'f1': 0.9556313993174061, 'precision': 0.9395973154362416, 'recall': 0.9722222222222222, 'iou': 0.6522535042825088, 'TPs': 140, 'FPs': 9, 'FNs': 4}
Averaged stats: 
Accumulating evaluation results...
COCOeval_opt.accumulate() finished...
DONE (t=0.01s).
IoU metric: bbox
 Average Precision  (AP) @[ IoU=0.50:0.95 | area=   all | maxDets=100 ] = 0.368
 Average Precision  (AP) @[ IoU=0.50      | area=   all | maxDets=100 ] = 0.953
 Average Precision  (AP) @[ IoU=0.75      | area=   all | maxDets=100 ] = 0.125
 Average Precision  (AP) @[ IoU=0.50:0.95 | area= small | maxDets=100 ] = 0.369
 Average Precision  (AP) @[ IoU=0.50:0.95 | area=medium | maxDets=100 ] = -1.000
 Average Precision  (AP) @[ IoU=0.50:0.95 | area= large | maxDets=100 ] = -1.000
 Average Recall     (AR) @[ IoU=0.50:0.95 | area=   all | maxDets=  1 ] = 0.214
 Average Recall     (AR) @[ IoU=0.50:0.95 | area=   all | maxDets= 10 ] = 0.490
 Average Recall     (AR) @[ IoU=0.50:0.95 | area=   all | maxDets=100 ] = 0.603
 Average Recall     (AR) @[ IoU=0.50:0.95 | area= small | maxDets=100 ] = 0.603
 Average Recall     (AR) @[ IoU=0.50:0.95 | area=medium | maxDets=100 ] = -1.000
 Average Recall     (AR) @[ IoU=0.50:0.95 | area= large | maxDets=100 ] = -1.000
 Average Recall     (AR) @[ IoU=0.50      | area=   all | maxDets=100 ] = 0.993
 Average Recall     (AR) @[ IoU=0.75      | area=   all | maxDets=100 ] = 0.618
best_stat: {'epoch': 10, 'coco_eval_bbox': 0.3933729125968449}
Epoch: [22/30]  [ 0/44]  eta: 0:00:23  lr: 0.000100  loss: 16.9056 (16.9056)  loss_vfl: 0.4056 (0.4056)  loss_bbox: 0.0217 (0.0217)  loss_giou: 0.2664 (0.2664)  loss_fgl: 1.1159 (1.1159)  loss_vfl_aux_0: 0.9457 (0.9457)  loss_bbox_aux_0: 0.0351 (0.0351)  loss_giou_aux_0: 0.4352 (0.4352)  loss_fgl_aux_0: 1.2420 (1.2420)  loss_ddf_aux_0: 0.2491 (0.2491)  loss_vfl_aux_1: 0.5891 (0.5891)  loss_bbox_aux_1: 0.0211 (0.0211)  loss_giou_aux_1: 0.2631 (0.2631)  loss_fgl_aux_1: 1.1143 (1.1143)  loss_ddf_aux_1: 0.0220 (0.0220)  loss_vfl_pre: 0.9295 (0.9295)  loss_bbox_pre: 0.0350 (0.0350)  loss_giou_pre: 0.4316 (0.4316)  loss_vfl_enc_0: 0.8372 (0.8372)  loss_bbox_enc_0: 0.0909 (0.0909)  loss_giou_enc_0: 0.9908 (0.9908)  loss_vfl_dn_0: 0.4446 (0.4446)  loss_bbox_dn_0: 0.0346 (0.0346)  loss_giou_dn_0: 0.4119 (0.4119)  loss_fgl_dn_0: 1.2721 (1.2721)  loss_ddf_dn_0: 0.4521 (0.4521)  loss_vfl_dn_1: 0.3323 (0.3323)  loss_bbox_dn_1: 0.0187 (0.0187)  loss_giou_dn_1: 0.2336 (0.2336)  loss_fgl_dn_1: 1.0854 (1.0854)  loss_ddf_dn_1: 0.0231 (0.0231)  loss_vfl_dn_2: 0.3257 (0.3257)  loss_bbox_dn_2: 0.0186 (0.0186)  loss_giou_dn_2: 0.2330 (0.2330)  loss_fgl_dn_2: 1.0873 (1.0873)  loss_ddf_dn_2: -0.0000 (0.0000)  loss_vfl_dn_pre: 0.4450 (0.4450)  loss_bbox_dn_pre: 0.0347 (0.0347)  loss_giou_dn_pre: 0.4121 (0.4121)  time: 0.5442  data: 0.2490  max mem: 8696
Epoch: [22/30]  [10/44]  eta: 0:00:10  lr: 0.000100  loss: 16.6256 (16.6182)  loss_vfl: 0.4016 (0.3971)  loss_bbox: 0.0207 (0.0209)  loss_giou: 0.2427 (0.2462)  loss_fgl: 1.0679 (1.0805)  loss_vfl_aux_0: 0.9453 (0.9576)  loss_bbox_aux_0: 0.0331 (0.0336)  loss_giou_aux_0: 0.3844 (0.3913)  loss_fgl_aux_0: 1.2356 (1.2301)  loss_ddf_aux_0: 0.2622 (0.2766)  loss_vfl_aux_1: 0.5717 (0.5834)  loss_bbox_aux_1: 0.0211 (0.0213)  loss_giou_aux_1: 0.2470 (0.2523)  loss_fgl_aux_1: 1.0818 (1.0871)  loss_ddf_aux_1: 0.0151 (0.0156)  loss_vfl_pre: 0.9295 (0.9439)  loss_bbox_pre: 0.0328 (0.0336)  loss_giou_pre: 0.3779 (0.3910)  loss_vfl_enc_0: 0.9203 (0.9294)  loss_bbox_enc_0: 0.0933 (0.0932)  loss_giou_enc_0: 0.9908 (0.9925)  loss_vfl_dn_0: 0.4407 (0.4382)  loss_bbox_dn_0: 0.0303 (0.0310)  loss_giou_dn_0: 0.3800 (0.3761)  loss_fgl_dn_0: 1.2418 (1.2434)  loss_ddf_dn_0: 0.4452 (0.4364)  loss_vfl_dn_1: 0.3250 (0.3253)  loss_bbox_dn_1: 0.0187 (0.0186)  loss_giou_dn_1: 0.2215 (0.2299)  loss_fgl_dn_1: 1.0419 (1.0621)  loss_ddf_dn_1: 0.0152 (0.0154)  loss_vfl_dn_2: 0.3104 (0.3178)  loss_bbox_dn_2: 0.0182 (0.0184)  loss_giou_dn_2: 0.2198 (0.2261)  loss_fgl_dn_2: 1.0359 (1.0571)  loss_ddf_dn_2: -0.0000 (0.0000)  loss_vfl_dn_pre: 0.4413 (0.4391)  loss_bbox_dn_pre: 0.0300 (0.0310)  loss_giou_dn_pre: 0.3764 (0.3752)  time: 0.3212  data: 0.0323  max mem: 8696
Epoch: [22/30]  [20/44]  eta: 0:00:07  lr: 0.000100  loss: 16.5911 (16.6702)  loss_vfl: 0.3770 (0.3810)  loss_bbox: 0.0205 (0.0282)  loss_giou: 0.2432 (0.2848)  loss_fgl: 1.0531 (1.0558)  loss_vfl_aux_0: 0.9276 (0.9399)  loss_bbox_aux_0: 0.0329 (0.0418)  loss_giou_aux_0: 0.3844 (0.4255)  loss_fgl_aux_0: 1.2130 (1.2118)  loss_ddf_aux_0: 0.2717 (0.2794)  loss_vfl_aux_1: 0.5530 (0.5665)  loss_bbox_aux_1: 0.0213 (0.0294)  loss_giou_aux_1: 0.2471 (0.2909)  loss_fgl_aux_1: 1.0626 (1.0648)  loss_ddf_aux_1: 0.0140 (0.0151)  loss_vfl_pre: 0.9164 (0.9289)  loss_bbox_pre: 0.0328 (0.0399)  loss_giou_pre: 0.3779 (0.4256)  loss_vfl_enc_0: 0.9471 (0.9501)  loss_bbox_enc_0: 0.0933 (0.0974)  loss_giou_enc_0: 1.0142 (1.0468)  loss_vfl_dn_0: 0.4347 (0.4369)  loss_bbox_dn_0: 0.0294 (0.0300)  loss_giou_dn_0: 0.3632 (0.3731)  loss_fgl_dn_0: 1.2303 (1.2394)  loss_ddf_dn_0: 0.4249 (0.4210)  loss_vfl_dn_1: 0.3184 (0.3228)  loss_bbox_dn_1: 0.0172 (0.0178)  loss_giou_dn_1: 0.2215 (0.2255)  loss_fgl_dn_1: 1.0407 (1.0507)  loss_ddf_dn_1: 0.0128 (0.0146)  loss_vfl_dn_2: 0.3071 (0.3136)  loss_bbox_dn_2: 0.0170 (0.0174)  loss_giou_dn_2: 0.2154 (0.2203)  loss_fgl_dn_2: 1.0288 (1.0430)  loss_ddf_dn_2: -0.0000 (0.0000)  loss_vfl_dn_pre: 0.4364 (0.4379)  loss_bbox_dn_pre: 0.0295 (0.0300)  loss_giou_dn_pre: 0.3623 (0.3725)  time: 0.3002  data: 0.0113  max mem: 8696
Epoch: [22/30]  [30/44]  eta: 0:00:04  lr: 0.000100  loss: 16.5911 (16.7415)  loss_vfl: 0.3639 (0.3808)  loss_bbox: 0.0205 (0.0375)  loss_giou: 0.2564 (0.3126)  loss_fgl: 1.0083 (1.0369)  loss_vfl_aux_0: 0.9052 (0.9409)  loss_bbox_aux_0: 0.0329 (0.0521)  loss_giou_aux_0: 0.4033 (0.4535)  loss_fgl_aux_0: 1.1667 (1.1932)  loss_ddf_aux_0: 0.2903 (0.2841)  loss_vfl_aux_1: 0.4786 (0.5432)  loss_bbox_aux_1: 0.0214 (0.0385)  loss_giou_aux_1: 0.2613 (0.3188)  loss_fgl_aux_1: 1.0228 (1.0446)  loss_ddf_aux_1: 0.0131 (0.0146)  loss_vfl_pre: 0.8956 (0.9302)  loss_bbox_pre: 0.0328 (0.0473)  loss_giou_pre: 0.4116 (0.4586)  loss_vfl_enc_0: 0.9880 (0.9478)  loss_bbox_enc_0: 0.0946 (0.1059)  loss_giou_enc_0: 1.0774 (1.0853)  loss_vfl_dn_0: 0.4325 (0.4355)  loss_bbox_dn_0: 0.0281 (0.0295)  loss_giou_dn_0: 0.3622 (0.3683)  loss_fgl_dn_0: 1.2305 (1.2368)  loss_ddf_dn_0: 0.4123 (0.4297)  loss_vfl_dn_1: 0.3147 (0.3189)  loss_bbox_dn_1: 0.0160 (0.0170)  loss_giou_dn_1: 0.2135 (0.2188)  loss_fgl_dn_1: 1.0232 (1.0396)  loss_ddf_dn_1: 0.0128 (0.0148)  loss_vfl_dn_2: 0.3021 (0.3098)  loss_bbox_dn_2: 0.0156 (0.0167)  loss_giou_dn_2: 0.2060 (0.2143)  loss_fgl_dn_2: 1.0218 (1.0326)  loss_ddf_dn_2: -0.0000 (0.0000)  loss_vfl_dn_pre: 0.4332 (0.4365)  loss_bbox_dn_pre: 0.0282 (0.0294)  loss_giou_dn_pre: 0.3619 (0.3671)  time: 0.2995  data: 0.0119  max mem: 8696
Epoch: [22/30]  [40/44]  eta: 0:00:01  lr: 0.000100  loss: 17.6064 (17.0732)  loss_vfl: 0.4156 (0.3959)  loss_bbox: 0.0509 (0.0476)  loss_giou: 0.4126 (0.3520)  loss_fgl: 0.9847 (1.0354)  loss_vfl_aux_0: 0.8414 (0.9063)  loss_bbox_aux_0: 0.0722 (0.0666)  loss_giou_aux_0: 0.6231 (0.5130)  loss_fgl_aux_0: 1.1353 (1.1816)  loss_ddf_aux_0: 0.3225 (0.3114)  loss_vfl_aux_1: 0.4684 (0.5325)  loss_bbox_aux_1: 0.0582 (0.0493)  loss_giou_aux_1: 0.4261 (0.3627)  loss_fgl_aux_1: 1.0049 (1.0450)  loss_ddf_aux_1: 0.0171 (0.0181)  loss_vfl_pre: 0.8397 (0.9000)  loss_bbox_pre: 0.0676 (0.0577)  loss_giou_pre: 0.6306 (0.5176)  loss_vfl_enc_0: 0.7238 (0.8676)  loss_bbox_enc_0: 0.1470 (0.1269)  loss_giou_enc_0: 1.2945 (1.1977)  loss_vfl_dn_0: 0.4409 (0.4386)  loss_bbox_dn_0: 0.0296 (0.0302)  loss_giou_dn_0: 0.3689 (0.3749)  loss_fgl_dn_0: 1.2384 (1.2440)  loss_ddf_dn_0: 0.4904 (0.4522)  loss_vfl_dn_1: 0.3186 (0.3213)  loss_bbox_dn_1: 0.0165 (0.0173)  loss_giou_dn_1: 0.2119 (0.2223)  loss_fgl_dn_1: 1.0243 (1.0439)  loss_ddf_dn_1: 0.0177 (0.0161)  loss_vfl_dn_2: 0.3117 (0.3132)  loss_bbox_dn_2: 0.0161 (0.0169)  loss_giou_dn_2: 0.2079 (0.2175)  loss_fgl_dn_2: 1.0218 (1.0360)  loss_ddf_dn_2: -0.0000 (0.0000)  loss_vfl_dn_pre: 0.4418 (0.4397)  loss_bbox_dn_pre: 0.0297 (0.0301)  loss_giou_dn_pre: 0.3698 (0.3739)  time: 0.2975  data: 0.0117  max mem: 8696
Epoch: [22/30]  [43/44]  eta: 0:00:00  lr: 0.000100  loss: 17.6115 (17.1489)  loss_vfl: 0.4158 (0.4031)  loss_bbox: 0.0509 (0.0474)  loss_giou: 0.4126 (0.3558)  loss_fgl: 1.0126 (1.0364)  loss_vfl_aux_0: 0.8380 (0.9094)  loss_bbox_aux_0: 0.0722 (0.0665)  loss_giou_aux_0: 0.6231 (0.5167)  loss_fgl_aux_0: 1.1353 (1.1823)  loss_ddf_aux_0: 0.3499 (0.3244)  loss_vfl_aux_1: 0.4684 (0.5327)  loss_bbox_aux_1: 0.0582 (0.0491)  loss_giou_aux_1: 0.4261 (0.3663)  loss_fgl_aux_1: 1.0161 (1.0461)  loss_ddf_aux_1: 0.0197 (0.0201)  loss_vfl_pre: 0.8397 (0.9036)  loss_bbox_pre: 0.0676 (0.0579)  loss_giou_pre: 0.6306 (0.5206)  loss_vfl_enc_0: 0.6591 (0.8523)  loss_bbox_enc_0: 0.1470 (0.1294)  loss_giou_enc_0: 1.3360 (1.2111)  loss_vfl_dn_0: 0.4420 (0.4411)  loss_bbox_dn_0: 0.0313 (0.0305)  loss_giou_dn_0: 0.3853 (0.3782)  loss_fgl_dn_0: 1.2427 (1.2457)  loss_ddf_dn_0: 0.4942 (0.4565)  loss_vfl_dn_1: 0.3216 (0.3226)  loss_bbox_dn_1: 0.0175 (0.0175)  loss_giou_dn_1: 0.2212 (0.2242)  loss_fgl_dn_1: 1.0516 (1.0453)  loss_ddf_dn_1: 0.0183 (0.0165)  loss_vfl_dn_2: 0.3145 (0.3152)  loss_bbox_dn_2: 0.0171 (0.0171)  loss_giou_dn_2: 0.2107 (0.2196)  loss_fgl_dn_2: 1.0368 (1.0379)  loss_ddf_dn_2: -0.0000 (0.0000)  loss_vfl_dn_pre: 0.4427 (0.4421)  loss_bbox_dn_pre: 0.0311 (0.0304)  loss_giou_dn_pre: 0.3788 (0.3771)  time: 0.2948  data: 0.0116  max mem: 8696
Epoch: [22/30] Total time: 0:00:13 (0.3042 s / it)
Averaged stats: lr: 0.000100  loss: 17.6115 (17.1489)  loss_vfl: 0.4158 (0.4031)  loss_bbox: 0.0509 (0.0474)  loss_giou: 0.4126 (0.3558)  loss_fgl: 1.0126 (1.0364)  loss_vfl_aux_0: 0.8380 (0.9094)  loss_bbox_aux_0: 0.0722 (0.0665)  loss_giou_aux_0: 0.6231 (0.5167)  loss_fgl_aux_0: 1.1353 (1.1823)  loss_ddf_aux_0: 0.3499 (0.3244)  loss_vfl_aux_1: 0.4684 (0.5327)  loss_bbox_aux_1: 0.0582 (0.0491)  loss_giou_aux_1: 0.4261 (0.3663)  loss_fgl_aux_1: 1.0161 (1.0461)  loss_ddf_aux_1: 0.0197 (0.0201)  loss_vfl_pre: 0.8397 (0.9036)  loss_bbox_pre: 0.0676 (0.0579)  loss_giou_pre: 0.6306 (0.5206)  loss_vfl_enc_0: 0.6591 (0.8523)  loss_bbox_enc_0: 0.1470 (0.1294)  loss_giou_enc_0: 1.3360 (1.2111)  loss_vfl_dn_0: 0.4420 (0.4411)  loss_bbox_dn_0: 0.0313 (0.0305)  loss_giou_dn_0: 0.3853 (0.3782)  loss_fgl_dn_0: 1.2427 (1.2457)  loss_ddf_dn_0: 0.4942 (0.4565)  loss_vfl_dn_1: 0.3216 (0.3226)  loss_bbox_dn_1: 0.0175 (0.0175)  loss_giou_dn_1: 0.2212 (0.2242)  loss_fgl_dn_1: 1.0516 (1.0453)  loss_ddf_dn_1: 0.0183 (0.0165)  loss_vfl_dn_2: 0.3145 (0.3152)  loss_bbox_dn_2: 0.0171 (0.0171)  loss_giou_dn_2: 0.2107 (0.2196)  loss_fgl_dn_2: 1.0368 (1.0379)  loss_ddf_dn_2: -0.0000 (0.0000)  loss_vfl_dn_pre: 0.4427 (0.4421)  loss_bbox_dn_pre: 0.0311 (0.0304)  loss_giou_dn_pre: 0.3788 (0.3771)
Test:  [0/9]  eta: 0:00:02    time: 0.3029  data: 0.2252  max mem: 8696
Test:  [8/9]  eta: 0:00:00    time: 0.1283  data: 0.0362  max mem: 8696
Test: Total time: 0:00:01 (0.1329 s / it)
Metrics: {'f1': 0.9395973154362416, 'precision': 0.9090909090909091, 'recall': 0.9722222222222222, 'iou': 0.6317729810370675, 'TPs': 140, 'FPs': 14, 'FNs': 4}
Averaged stats: 
Accumulating evaluation results...
COCOeval_opt.accumulate() finished...
DONE (t=0.01s).
IoU metric: bbox
 Average Precision  (AP) @[ IoU=0.50:0.95 | area=   all | maxDets=100 ] = 0.368
 Average Precision  (AP) @[ IoU=0.50      | area=   all | maxDets=100 ] = 0.948
 Average Precision  (AP) @[ IoU=0.75      | area=   all | maxDets=100 ] = 0.126
 Average Precision  (AP) @[ IoU=0.50:0.95 | area= small | maxDets=100 ] = 0.368
 Average Precision  (AP) @[ IoU=0.50:0.95 | area=medium | maxDets=100 ] = -1.000
 Average Precision  (AP) @[ IoU=0.50:0.95 | area= large | maxDets=100 ] = -1.000
 Average Recall     (AR) @[ IoU=0.50:0.95 | area=   all | maxDets=  1 ] = 0.215
 Average Recall     (AR) @[ IoU=0.50:0.95 | area=   all | maxDets= 10 ] = 0.495
 Average Recall     (AR) @[ IoU=0.50:0.95 | area=   all | maxDets=100 ] = 0.604
 Average Recall     (AR) @[ IoU=0.50:0.95 | area= small | maxDets=100 ] = 0.604
 Average Recall     (AR) @[ IoU=0.50:0.95 | area=medium | maxDets=100 ] = -1.000
 Average Recall     (AR) @[ IoU=0.50:0.95 | area= large | maxDets=100 ] = -1.000
 Average Recall     (AR) @[ IoU=0.50      | area=   all | maxDets=100 ] = 0.986
 Average Recall     (AR) @[ IoU=0.75      | area=   all | maxDets=100 ] = 0.625
best_stat: {'epoch': 10, 'coco_eval_bbox': 0.3933729125968449}
Epoch: [23/30]  [ 0/44]  eta: 0:00:24  lr: 0.000100  loss: 18.9800 (18.9800)  loss_vfl: 0.5055 (0.5055)  loss_bbox: 0.0733 (0.0733)  loss_giou: 0.5105 (0.5105)  loss_fgl: 1.0217 (1.0217)  loss_vfl_aux_0: 0.8774 (0.8774)  loss_bbox_aux_0: 0.1316 (0.1316)  loss_giou_aux_0: 0.6867 (0.6867)  loss_fgl_aux_0: 1.0895 (1.0895)  loss_ddf_aux_0: 0.4970 (0.4970)  loss_vfl_aux_1: 0.5611 (0.5611)  loss_bbox_aux_1: 0.0723 (0.0723)  loss_giou_aux_1: 0.5335 (0.5335)  loss_fgl_aux_1: 1.0291 (1.0291)  loss_ddf_aux_1: 0.0407 (0.0407)  loss_vfl_pre: 0.8830 (0.8830)  loss_bbox_pre: 0.1018 (0.1018)  loss_giou_pre: 0.7007 (0.7007)  loss_vfl_enc_0: 0.5571 (0.5571)  loss_bbox_enc_0: 0.2278 (0.2278)  loss_giou_enc_0: 1.6571 (1.6571)  loss_vfl_dn_0: 0.4804 (0.4804)  loss_bbox_dn_0: 0.0331 (0.0331)  loss_giou_dn_0: 0.4247 (0.4247)  loss_fgl_dn_0: 1.2586 (1.2586)  loss_ddf_dn_0: 0.6641 (0.6641)  loss_vfl_dn_1: 0.3428 (0.3428)  loss_bbox_dn_1: 0.0195 (0.0195)  loss_giou_dn_1: 0.2516 (0.2516)  loss_fgl_dn_1: 1.0799 (1.0799)  loss_ddf_dn_1: 0.0321 (0.0321)  loss_vfl_dn_2: 0.3461 (0.3461)  loss_bbox_dn_2: 0.0198 (0.0198)  loss_giou_dn_2: 0.2498 (0.2498)  loss_fgl_dn_2: 1.0810 (1.0810)  loss_ddf_dn_2: -0.0000 (0.0000)  loss_vfl_dn_pre: 0.4805 (0.4805)  loss_bbox_dn_pre: 0.0333 (0.0333)  loss_giou_dn_pre: 0.4252 (0.4252)  time: 0.5461  data: 0.2548  max mem: 8696
Epoch: [23/30]  [10/44]  eta: 0:00:10  lr: 0.000100  loss: 17.6896 (17.6940)  loss_vfl: 0.3926 (0.3959)  loss_bbox: 0.0272 (0.0382)  loss_giou: 0.3193 (0.3393)  loss_fgl: 1.0264 (1.0356)  loss_vfl_aux_0: 0.8932 (0.8984)  loss_bbox_aux_0: 0.0679 (0.0797)  loss_giou_aux_0: 0.6388 (0.6097)  loss_fgl_aux_0: 1.2116 (1.1884)  loss_ddf_aux_0: 0.5230 (0.5303)  loss_vfl_aux_1: 0.4595 (0.4657)  loss_bbox_aux_1: 0.0287 (0.0414)  loss_giou_aux_1: 0.3454 (0.3706)  loss_fgl_aux_1: 1.0399 (1.0449)  loss_ddf_aux_1: 0.0442 (0.0444)  loss_vfl_pre: 0.8831 (0.8898)  loss_bbox_pre: 0.0604 (0.0697)  loss_giou_pre: 0.6487 (0.6129)  loss_vfl_enc_0: 0.5339 (0.5607)  loss_bbox_enc_0: 0.1609 (0.1679)  loss_giou_enc_0: 1.5481 (1.5330)  loss_vfl_dn_0: 0.4519 (0.4535)  loss_bbox_dn_0: 0.0329 (0.0326)  loss_giou_dn_0: 0.4018 (0.3985)  loss_fgl_dn_0: 1.2514 (1.2491)  loss_ddf_dn_0: 0.5089 (0.5235)  loss_vfl_dn_1: 0.3269 (0.3229)  loss_bbox_dn_1: 0.0177 (0.0178)  loss_giou_dn_1: 0.2182 (0.2241)  loss_fgl_dn_1: 1.0469 (1.0523)  loss_ddf_dn_1: 0.0225 (0.0231)  loss_vfl_dn_2: 0.3171 (0.3171)  loss_bbox_dn_2: 0.0171 (0.0174)  loss_giou_dn_2: 0.2130 (0.2186)  loss_fgl_dn_2: 1.0447 (1.0442)  loss_ddf_dn_2: -0.0000 (0.0000)  loss_vfl_dn_pre: 0.4527 (0.4534)  loss_bbox_dn_pre: 0.0327 (0.0325)  loss_giou_dn_pre: 0.4005 (0.3966)  time: 0.3192  data: 0.0326  max mem: 8696
Epoch: [23/30]  [20/44]  eta: 0:00:07  lr: 0.000100  loss: 17.4193 (17.4505)  loss_vfl: 0.3926 (0.3979)  loss_bbox: 0.0245 (0.0329)  loss_giou: 0.2990 (0.3223)  loss_fgl: 1.0567 (1.0591)  loss_vfl_aux_0: 0.8616 (0.8881)  loss_bbox_aux_0: 0.0489 (0.0636)  loss_giou_aux_0: 0.5278 (0.5572)  loss_fgl_aux_0: 1.2089 (1.1943)  loss_ddf_aux_0: 0.4923 (0.5073)  loss_vfl_aux_1: 0.4601 (0.4714)  loss_bbox_aux_1: 0.0265 (0.0354)  loss_giou_aux_1: 0.3048 (0.3446)  loss_fgl_aux_1: 1.0646 (1.0663)  loss_ddf_aux_1: 0.0414 (0.0407)  loss_vfl_pre: 0.8804 (0.8833)  loss_bbox_pre: 0.0498 (0.0583)  loss_giou_pre: 0.5351 (0.5578)  loss_vfl_enc_0: 0.5842 (0.6085)  loss_bbox_enc_0: 0.1440 (0.1523)  loss_giou_enc_0: 1.4257 (1.4483)  loss_vfl_dn_0: 0.4492 (0.4502)  loss_bbox_dn_0: 0.0319 (0.0324)  loss_giou_dn_0: 0.3925 (0.3964)  loss_fgl_dn_0: 1.2311 (1.2428)  loss_ddf_dn_0: 0.4827 (0.4964)  loss_vfl_dn_1: 0.3269 (0.3262)  loss_bbox_dn_1: 0.0177 (0.0184)  loss_giou_dn_1: 0.2292 (0.2297)  loss_fgl_dn_1: 1.0519 (1.0534)  loss_ddf_dn_1: 0.0203 (0.0214)  loss_vfl_dn_2: 0.3179 (0.3213)  loss_bbox_dn_2: 0.0180 (0.0181)  loss_giou_dn_2: 0.2237 (0.2260)  loss_fgl_dn_2: 1.0460 (1.0494)  loss_ddf_dn_2: -0.0000 (0.0000)  loss_vfl_dn_pre: 0.4496 (0.4506)  loss_bbox_dn_pre: 0.0319 (0.0323)  loss_giou_dn_pre: 0.3928 (0.3958)  time: 0.2971  data: 0.0110  max mem: 8696
Epoch: [23/30]  [30/44]  eta: 0:00:04  lr: 0.000100  loss: 17.0694 (17.3648)  loss_vfl: 0.4052 (0.3986)  loss_bbox: 0.0227 (0.0293)  loss_giou: 0.2761 (0.3065)  loss_fgl: 1.0954 (1.0736)  loss_vfl_aux_0: 0.8931 (0.9021)  loss_bbox_aux_0: 0.0384 (0.0554)  loss_giou_aux_0: 0.4673 (0.5242)  loss_fgl_aux_0: 1.2275 (1.2152)  loss_ddf_aux_0: 0.4336 (0.4752)  loss_vfl_aux_1: 0.4917 (0.4709)  loss_bbox_aux_1: 0.0245 (0.0314)  loss_giou_aux_1: 0.3001 (0.3251)  loss_fgl_aux_1: 1.1009 (1.0813)  loss_ddf_aux_1: 0.0299 (0.0364)  loss_vfl_pre: 0.8829 (0.8968)  loss_bbox_pre: 0.0388 (0.0519)  loss_giou_pre: 0.4666 (0.5241)  loss_vfl_enc_0: 0.6931 (0.6549)  loss_bbox_enc_0: 0.1159 (0.1379)  loss_giou_enc_0: 1.2927 (1.3885)  loss_vfl_dn_0: 0.4454 (0.4497)  loss_bbox_dn_0: 0.0319 (0.0323)  loss_giou_dn_0: 0.3926 (0.3998)  loss_fgl_dn_0: 1.2382 (1.2517)  loss_ddf_dn_0: 0.4473 (0.4774)  loss_vfl_dn_1: 0.3286 (0.3292)  loss_bbox_dn_1: 0.0183 (0.0185)  loss_giou_dn_1: 0.2347 (0.2346)  loss_fgl_dn_1: 1.0606 (1.0622)  loss_ddf_dn_1: 0.0177 (0.0201)  loss_vfl_dn_2: 0.3251 (0.3244)  loss_bbox_dn_2: 0.0182 (0.0182)  loss_giou_dn_2: 0.2313 (0.2306)  loss_fgl_dn_2: 1.0574 (1.0567)  loss_ddf_dn_2: -0.0000 (0.0000)  loss_vfl_dn_pre: 0.4472 (0.4501)  loss_bbox_dn_pre: 0.0318 (0.0322)  loss_giou_dn_pre: 0.3928 (0.3983)  time: 0.2977  data: 0.0117  max mem: 8696
Epoch: [23/30]  [40/44]  eta: 0:00:01  lr: 0.000100  loss: 16.5820 (17.0880)  loss_vfl: 0.3833 (0.3916)  loss_bbox: 0.0196 (0.0269)  loss_giou: 0.2418 (0.2922)  loss_fgl: 1.0675 (1.0681)  loss_vfl_aux_0: 0.9155 (0.9082)  loss_bbox_aux_0: 0.0358 (0.0504)  loss_giou_aux_0: 0.4205 (0.4963)  loss_fgl_aux_0: 1.2337 (1.2159)  loss_ddf_aux_0: 0.3534 (0.4332)  loss_vfl_aux_1: 0.4722 (0.4662)  loss_bbox_aux_1: 0.0204 (0.0287)  loss_giou_aux_1: 0.2534 (0.3083)  loss_fgl_aux_1: 1.0652 (1.0757)  loss_ddf_aux_1: 0.0203 (0.0317)  loss_vfl_pre: 0.9035 (0.9017)  loss_bbox_pre: 0.0363 (0.0478)  loss_giou_pre: 0.4180 (0.4964)  loss_vfl_enc_0: 0.8195 (0.7064)  loss_bbox_enc_0: 0.1037 (0.1271)  loss_giou_enc_0: 1.1411 (1.3146)  loss_vfl_dn_0: 0.4395 (0.4463)  loss_bbox_dn_0: 0.0304 (0.0314)  loss_giou_dn_0: 0.3820 (0.3922)  loss_fgl_dn_0: 1.2356 (1.2438)  loss_ddf_dn_0: 0.3891 (0.4556)  loss_vfl_dn_1: 0.3204 (0.3257)  loss_bbox_dn_1: 0.0179 (0.0180)  loss_giou_dn_1: 0.2288 (0.2307)  loss_fgl_dn_1: 1.0512 (1.0545)  loss_ddf_dn_1: 0.0152 (0.0187)  loss_vfl_dn_2: 0.3201 (0.3211)  loss_bbox_dn_2: 0.0172 (0.0177)  loss_giou_dn_2: 0.2227 (0.2266)  loss_fgl_dn_2: 1.0408 (1.0491)  loss_ddf_dn_2: -0.0000 (0.0000)  loss_vfl_dn_pre: 0.4407 (0.4470)  loss_bbox_dn_pre: 0.0301 (0.0313)  loss_giou_dn_pre: 0.3777 (0.3908)  time: 0.2970  data: 0.0117  max mem: 8696
Epoch: [23/30]  [43/44]  eta: 0:00:00  lr: 0.000100  loss: 16.5820 (17.0654)  loss_vfl: 0.3911 (0.3929)  loss_bbox: 0.0196 (0.0266)  loss_giou: 0.2418 (0.2909)  loss_fgl: 1.0689 (1.0704)  loss_vfl_aux_0: 0.8931 (0.9005)  loss_bbox_aux_0: 0.0358 (0.0499)  loss_giou_aux_0: 0.4205 (0.4944)  loss_fgl_aux_0: 1.2342 (1.2169)  loss_ddf_aux_0: 0.3159 (0.4248)  loss_vfl_aux_1: 0.4752 (0.4709)  loss_bbox_aux_1: 0.0204 (0.0284)  loss_giou_aux_1: 0.2534 (0.3070)  loss_fgl_aux_1: 1.0772 (1.0784)  loss_ddf_aux_1: 0.0184 (0.0308)  loss_vfl_pre: 0.8829 (0.8947)  loss_bbox_pre: 0.0363 (0.0472)  loss_giou_pre: 0.4180 (0.4935)  loss_vfl_enc_0: 0.8289 (0.7154)  loss_bbox_enc_0: 0.1037 (0.1252)  loss_giou_enc_0: 1.1335 (1.3004)  loss_vfl_dn_0: 0.4422 (0.4464)  loss_bbox_dn_0: 0.0306 (0.0315)  loss_giou_dn_0: 0.3911 (0.3925)  loss_fgl_dn_0: 1.2401 (1.2446)  loss_ddf_dn_0: 0.4085 (0.4550)  loss_vfl_dn_1: 0.3254 (0.3264)  loss_bbox_dn_1: 0.0179 (0.0180)  loss_giou_dn_1: 0.2297 (0.2312)  loss_fgl_dn_1: 1.0546 (1.0559)  loss_ddf_dn_1: 0.0156 (0.0186)  loss_vfl_dn_2: 0.3204 (0.3215)  loss_bbox_dn_2: 0.0170 (0.0177)  loss_giou_dn_2: 0.2224 (0.2271)  loss_fgl_dn_2: 1.0408 (1.0500)  loss_ddf_dn_2: -0.0000 (0.0000)  loss_vfl_dn_pre: 0.4438 (0.4472)  loss_bbox_dn_pre: 0.0304 (0.0314)  loss_giou_dn_pre: 0.3868 (0.3912)  time: 0.2941  data: 0.0115  max mem: 8696
Epoch: [23/30] Total time: 0:00:13 (0.3025 s / it)
Averaged stats: lr: 0.000100  loss: 16.5820 (17.0654)  loss_vfl: 0.3911 (0.3929)  loss_bbox: 0.0196 (0.0266)  loss_giou: 0.2418 (0.2909)  loss_fgl: 1.0689 (1.0704)  loss_vfl_aux_0: 0.8931 (0.9005)  loss_bbox_aux_0: 0.0358 (0.0499)  loss_giou_aux_0: 0.4205 (0.4944)  loss_fgl_aux_0: 1.2342 (1.2169)  loss_ddf_aux_0: 0.3159 (0.4248)  loss_vfl_aux_1: 0.4752 (0.4709)  loss_bbox_aux_1: 0.0204 (0.0284)  loss_giou_aux_1: 0.2534 (0.3070)  loss_fgl_aux_1: 1.0772 (1.0784)  loss_ddf_aux_1: 0.0184 (0.0308)  loss_vfl_pre: 0.8829 (0.8947)  loss_bbox_pre: 0.0363 (0.0472)  loss_giou_pre: 0.4180 (0.4935)  loss_vfl_enc_0: 0.8289 (0.7154)  loss_bbox_enc_0: 0.1037 (0.1252)  loss_giou_enc_0: 1.1335 (1.3004)  loss_vfl_dn_0: 0.4422 (0.4464)  loss_bbox_dn_0: 0.0306 (0.0315)  loss_giou_dn_0: 0.3911 (0.3925)  loss_fgl_dn_0: 1.2401 (1.2446)  loss_ddf_dn_0: 0.4085 (0.4550)  loss_vfl_dn_1: 0.3254 (0.3264)  loss_bbox_dn_1: 0.0179 (0.0180)  loss_giou_dn_1: 0.2297 (0.2312)  loss_fgl_dn_1: 1.0546 (1.0559)  loss_ddf_dn_1: 0.0156 (0.0186)  loss_vfl_dn_2: 0.3204 (0.3215)  loss_bbox_dn_2: 0.0170 (0.0177)  loss_giou_dn_2: 0.2224 (0.2271)  loss_fgl_dn_2: 1.0408 (1.0500)  loss_ddf_dn_2: -0.0000 (0.0000)  loss_vfl_dn_pre: 0.4438 (0.4472)  loss_bbox_dn_pre: 0.0304 (0.0314)  loss_giou_dn_pre: 0.3868 (0.3912)
Test:  [0/9]  eta: 0:00:03    time: 0.3351  data: 0.2560  max mem: 8696
Test:  [8/9]  eta: 0:00:00    time: 0.1114  data: 0.0390  max mem: 8696
Test: Total time: 0:00:01 (0.1156 s / it)
Metrics: {'f1': 0.9391891891891891, 'precision': 0.9144736842105263, 'recall': 0.9652777777777778, 'iou': 0.632843586669606, 'TPs': 139, 'FPs': 13, 'FNs': 5}
Averaged stats: 
Accumulating evaluation results...
COCOeval_opt.accumulate() finished...
DONE (t=0.01s).
IoU metric: bbox
 Average Precision  (AP) @[ IoU=0.50:0.95 | area=   all | maxDets=100 ] = 0.367
 Average Precision  (AP) @[ IoU=0.50      | area=   all | maxDets=100 ] = 0.946
 Average Precision  (AP) @[ IoU=0.75      | area=   all | maxDets=100 ] = 0.129
 Average Precision  (AP) @[ IoU=0.50:0.95 | area= small | maxDets=100 ] = 0.367
 Average Precision  (AP) @[ IoU=0.50:0.95 | area=medium | maxDets=100 ] = -1.000
 Average Precision  (AP) @[ IoU=0.50:0.95 | area= large | maxDets=100 ] = -1.000
 Average Recall     (AR) @[ IoU=0.50:0.95 | area=   all | maxDets=  1 ] = 0.213
 Average Recall     (AR) @[ IoU=0.50:0.95 | area=   all | maxDets= 10 ] = 0.494
 Average Recall     (AR) @[ IoU=0.50:0.95 | area=   all | maxDets=100 ] = 0.608
 Average Recall     (AR) @[ IoU=0.50:0.95 | area= small | maxDets=100 ] = 0.608
 Average Recall     (AR) @[ IoU=0.50:0.95 | area=medium | maxDets=100 ] = -1.000
 Average Recall     (AR) @[ IoU=0.50:0.95 | area= large | maxDets=100 ] = -1.000
 Average Recall     (AR) @[ IoU=0.50      | area=   all | maxDets=100 ] = 0.993
 Average Recall     (AR) @[ IoU=0.75      | area=   all | maxDets=100 ] = 0.639
best_stat: {'epoch': 10, 'coco_eval_bbox': 0.3933729125968449}
Epoch: [24/30]  [ 0/44]  eta: 0:00:23  lr: 0.000100  loss: 15.0270 (15.0270)  loss_vfl: 0.2863 (0.2863)  loss_bbox: 0.0137 (0.0137)  loss_giou: 0.1770 (0.1770)  loss_fgl: 0.9822 (0.9822)  loss_vfl_aux_0: 0.8179 (0.8179)  loss_bbox_aux_0: 0.0265 (0.0265)  loss_giou_aux_0: 0.3565 (0.3565)  loss_fgl_aux_0: 1.2045 (1.2045)  loss_ddf_aux_0: 0.3156 (0.3156)  loss_vfl_aux_1: 0.4329 (0.4329)  loss_bbox_aux_1: 0.0147 (0.0147)  loss_giou_aux_1: 0.1930 (0.1930)  loss_fgl_aux_1: 1.0011 (1.0011)  loss_ddf_aux_1: 0.0121 (0.0121)  loss_vfl_pre: 0.8184 (0.8184)  loss_bbox_pre: 0.0264 (0.0264)  loss_giou_pre: 0.3531 (0.3531)  loss_vfl_enc_0: 0.8659 (0.8659)  loss_bbox_enc_0: 0.0800 (0.0800)  loss_giou_enc_0: 1.0284 (1.0284)  loss_vfl_dn_0: 0.4152 (0.4152)  loss_bbox_dn_0: 0.0244 (0.0244)  loss_giou_dn_0: 0.3354 (0.3354)  loss_fgl_dn_0: 1.1949 (1.1949)  loss_ddf_dn_0: 0.3901 (0.3901)  loss_vfl_dn_1: 0.2772 (0.2772)  loss_bbox_dn_1: 0.0129 (0.0129)  loss_giou_dn_1: 0.1796 (0.1796)  loss_fgl_dn_1: 0.9809 (0.9809)  loss_ddf_dn_1: 0.0118 (0.0118)  loss_vfl_dn_2: 0.2677 (0.2677)  loss_bbox_dn_2: 0.0123 (0.0123)  loss_giou_dn_2: 0.1713 (0.1713)  loss_fgl_dn_2: 0.9681 (0.9681)  loss_ddf_dn_2: -0.0000 (0.0000)  loss_vfl_dn_pre: 0.4183 (0.4183)  loss_bbox_dn_pre: 0.0244 (0.0244)  loss_giou_dn_pre: 0.3363 (0.3363)  time: 0.5337  data: 0.2308  max mem: 8696
Epoch: [24/30]  [10/44]  eta: 0:00:10  lr: 0.000100  loss: 16.1242 (15.9727)  loss_vfl: 0.3744 (0.3486)  loss_bbox: 0.0155 (0.0190)  loss_giou: 0.2266 (0.2324)  loss_fgl: 1.0150 (1.0271)  loss_vfl_aux_0: 0.8152 (0.8172)  loss_bbox_aux_0: 0.0319 (0.0352)  loss_giou_aux_0: 0.3977 (0.4191)  loss_fgl_aux_0: 1.2168 (1.2321)  loss_ddf_aux_0: 0.3472 (0.3488)  loss_vfl_aux_1: 0.4260 (0.4244)  loss_bbox_aux_1: 0.0164 (0.0197)  loss_giou_aux_1: 0.2286 (0.2380)  loss_fgl_aux_1: 1.0272 (1.0355)  loss_ddf_aux_1: 0.0168 (0.0167)  loss_vfl_pre: 0.8028 (0.8136)  loss_bbox_pre: 0.0318 (0.0353)  loss_giou_pre: 0.3983 (0.4198)  loss_vfl_enc_0: 0.8011 (0.7968)  loss_bbox_enc_0: 0.0985 (0.1067)  loss_giou_enc_0: 1.1686 (1.1764)  loss_vfl_dn_0: 0.4392 (0.4399)  loss_bbox_dn_0: 0.0277 (0.0281)  loss_giou_dn_0: 0.3576 (0.3581)  loss_fgl_dn_0: 1.2280 (1.2300)  loss_ddf_dn_0: 0.4315 (0.4375)  loss_vfl_dn_1: 0.3057 (0.3059)  loss_bbox_dn_1: 0.0148 (0.0156)  loss_giou_dn_1: 0.2048 (0.2081)  loss_fgl_dn_1: 1.0098 (1.0159)  loss_ddf_dn_1: 0.0151 (0.0154)  loss_vfl_dn_2: 0.3014 (0.3012)  loss_bbox_dn_2: 0.0146 (0.0152)  loss_giou_dn_2: 0.2045 (0.2038)  loss_fgl_dn_2: 1.0121 (1.0086)  loss_ddf_dn_2: -0.0000 (0.0000)  loss_vfl_dn_pre: 0.4397 (0.4417)  loss_bbox_dn_pre: 0.0276 (0.0281)  loss_giou_dn_pre: 0.3549 (0.3574)  time: 0.3191  data: 0.0317  max mem: 8696
Epoch: [24/30]  [20/44]  eta: 0:00:07  lr: 0.000100  loss: 16.0558 (16.0336)  loss_vfl: 0.3322 (0.3460)  loss_bbox: 0.0188 (0.0202)  loss_giou: 0.2396 (0.2448)  loss_fgl: 1.0150 (1.0343)  loss_vfl_aux_0: 0.7557 (0.7895)  loss_bbox_aux_0: 0.0339 (0.0376)  loss_giou_aux_0: 0.4230 (0.4333)  loss_fgl_aux_0: 1.2168 (1.2282)  loss_ddf_aux_0: 0.3412 (0.3467)  loss_vfl_aux_1: 0.3747 (0.4036)  loss_bbox_aux_1: 0.0196 (0.0214)  loss_giou_aux_1: 0.2517 (0.2548)  loss_fgl_aux_1: 1.0219 (1.0417)  loss_ddf_aux_1: 0.0168 (0.0168)  loss_vfl_pre: 0.7560 (0.7868)  loss_bbox_pre: 0.0339 (0.0377)  loss_giou_pre: 0.4277 (0.4349)  loss_vfl_enc_0: 0.7419 (0.7633)  loss_bbox_enc_0: 0.1094 (0.1117)  loss_giou_enc_0: 1.2283 (1.2254)  loss_vfl_dn_0: 0.4424 (0.4402)  loss_bbox_dn_0: 0.0288 (0.0282)  loss_giou_dn_0: 0.3579 (0.3586)  loss_fgl_dn_0: 1.2280 (1.2329)  loss_ddf_dn_0: 0.4315 (0.4422)  loss_vfl_dn_1: 0.3068 (0.3087)  loss_bbox_dn_1: 0.0161 (0.0160)  loss_giou_dn_1: 0.2081 (0.2119)  loss_fgl_dn_1: 1.0245 (1.0257)  loss_ddf_dn_1: 0.0151 (0.0160)  loss_vfl_dn_2: 0.3033 (0.3038)  loss_bbox_dn_2: 0.0154 (0.0156)  loss_giou_dn_2: 0.2047 (0.2080)  loss_fgl_dn_2: 1.0177 (1.0188)  loss_ddf_dn_2: -0.0000 (0.0000)  loss_vfl_dn_pre: 0.4435 (0.4419)  loss_bbox_dn_pre: 0.0288 (0.0282)  loss_giou_dn_pre: 0.3590 (0.3581)  time: 0.2969  data: 0.0118  max mem: 8696
Epoch: [24/30]  [30/44]  eta: 0:00:04  lr: 0.000100  loss: 16.4251 (16.3870)  loss_vfl: 0.3656 (0.3729)  loss_bbox: 0.0249 (0.0270)  loss_giou: 0.3013 (0.2891)  loss_fgl: 0.9819 (1.0226)  loss_vfl_aux_0: 0.7689 (0.7876)  loss_bbox_aux_0: 0.0454 (0.0469)  loss_giou_aux_0: 0.4938 (0.4971)  loss_fgl_aux_0: 1.1973 (1.2044)  loss_ddf_aux_0: 0.3555 (0.3551)  loss_vfl_aux_1: 0.3912 (0.4201)  loss_bbox_aux_1: 0.0258 (0.0284)  loss_giou_aux_1: 0.3143 (0.3043)  loss_fgl_aux_1: 0.9986 (1.0299)  loss_ddf_aux_1: 0.0197 (0.0197)  loss_vfl_pre: 0.7812 (0.7873)  loss_bbox_pre: 0.0465 (0.0463)  loss_giou_pre: 0.4909 (0.4954)  loss_vfl_enc_0: 0.6287 (0.7119)  loss_bbox_enc_0: 0.1266 (0.1329)  loss_giou_enc_0: 1.3128 (1.3249)  loss_vfl_dn_0: 0.4429 (0.4416)  loss_bbox_dn_0: 0.0288 (0.0289)  loss_giou_dn_0: 0.3579 (0.3630)  loss_fgl_dn_0: 1.2253 (1.2362)  loss_ddf_dn_0: 0.4225 (0.4464)  loss_vfl_dn_1: 0.3108 (0.3099)  loss_bbox_dn_1: 0.0161 (0.0161)  loss_giou_dn_1: 0.2135 (0.2125)  loss_fgl_dn_1: 1.0238 (1.0278)  loss_ddf_dn_1: 0.0147 (0.0164)  loss_vfl_dn_2: 0.3033 (0.3047)  loss_bbox_dn_2: 0.0156 (0.0158)  loss_giou_dn_2: 0.2089 (0.2086)  loss_fgl_dn_2: 1.0116 (1.0211)  loss_ddf_dn_2: -0.0000 (0.0000)  loss_vfl_dn_pre: 0.4435 (0.4432)  loss_bbox_dn_pre: 0.0290 (0.0289)  loss_giou_dn_pre: 0.3590 (0.3623)  time: 0.2962  data: 0.0117  max mem: 8696
Epoch: [24/30]  [40/44]  eta: 0:00:01  lr: 0.000100  loss: 17.6692 (16.7429)  loss_vfl: 0.4064 (0.3834)  loss_bbox: 0.0441 (0.0332)  loss_giou: 0.3583 (0.3236)  loss_fgl: 0.9787 (1.0163)  loss_vfl_aux_0: 0.7979 (0.7886)  loss_bbox_aux_0: 0.0674 (0.0563)  loss_giou_aux_0: 0.6272 (0.5469)  loss_fgl_aux_0: 1.1431 (1.1884)  loss_ddf_aux_0: 0.3993 (0.3801)  loss_vfl_aux_1: 0.4398 (0.4269)  loss_bbox_aux_1: 0.0461 (0.0346)  loss_giou_aux_1: 0.4204 (0.3408)  loss_fgl_aux_1: 0.9831 (1.0247)  loss_ddf_aux_1: 0.0267 (0.0236)  loss_vfl_pre: 0.7948 (0.7950)  loss_bbox_pre: 0.0660 (0.0545)  loss_giou_pre: 0.6478 (0.5452)  loss_vfl_enc_0: 0.6287 (0.7161)  loss_bbox_enc_0: 0.1720 (0.1547)  loss_giou_enc_0: 1.4930 (1.3656)  loss_vfl_dn_0: 0.4371 (0.4409)  loss_bbox_dn_0: 0.0293 (0.0300)  loss_giou_dn_0: 0.3706 (0.3694)  loss_fgl_dn_0: 1.2414 (1.2453)  loss_ddf_dn_0: 0.4915 (0.4734)  loss_vfl_dn_1: 0.3114 (0.3110)  loss_bbox_dn_1: 0.0161 (0.0165)  loss_giou_dn_1: 0.2153 (0.2130)  loss_fgl_dn_1: 1.0238 (1.0303)  loss_ddf_dn_1: 0.0192 (0.0187)  loss_vfl_dn_2: 0.3041 (0.3057)  loss_bbox_dn_2: 0.0158 (0.0161)  loss_giou_dn_2: 0.2096 (0.2092)  loss_fgl_dn_2: 1.0116 (1.0233)  loss_ddf_dn_2: -0.0000 (0.0000)  loss_vfl_dn_pre: 0.4390 (0.4427)  loss_bbox_dn_pre: 0.0290 (0.0300)  loss_giou_dn_pre: 0.3719 (0.3686)  time: 0.2970  data: 0.0117  max mem: 8696
Epoch: [24/30]  [43/44]  eta: 0:00:00  lr: 0.000100  loss: 17.4394 (16.7841)  loss_vfl: 0.3820 (0.3840)  loss_bbox: 0.0460 (0.0333)  loss_giou: 0.3762 (0.3260)  loss_fgl: 0.9787 (1.0187)  loss_vfl_aux_0: 0.7793 (0.7927)  loss_bbox_aux_0: 0.0641 (0.0557)  loss_giou_aux_0: 0.6120 (0.5463)  loss_fgl_aux_0: 1.1153 (1.1882)  loss_ddf_aux_0: 0.4154 (0.3839)  loss_vfl_aux_1: 0.4338 (0.4277)  loss_bbox_aux_1: 0.0461 (0.0347)  loss_giou_aux_1: 0.4204 (0.3426)  loss_fgl_aux_1: 0.9857 (1.0256)  loss_ddf_aux_1: 0.0254 (0.0232)  loss_vfl_pre: 0.7920 (0.8013)  loss_bbox_pre: 0.0660 (0.0540)  loss_giou_pre: 0.6086 (0.5446)  loss_vfl_enc_0: 0.6603 (0.7276)  loss_bbox_enc_0: 0.1609 (0.1521)  loss_giou_enc_0: 1.4542 (1.3489)  loss_vfl_dn_0: 0.4370 (0.4411)  loss_bbox_dn_0: 0.0293 (0.0301)  loss_giou_dn_0: 0.3722 (0.3713)  loss_fgl_dn_0: 1.2414 (1.2452)  loss_ddf_dn_0: 0.5176 (0.4827)  loss_vfl_dn_1: 0.3157 (0.3127)  loss_bbox_dn_1: 0.0161 (0.0166)  loss_giou_dn_1: 0.2175 (0.2152)  loss_fgl_dn_1: 1.0336 (1.0326)  loss_ddf_dn_1: 0.0229 (0.0194)  loss_vfl_dn_2: 0.3045 (0.3079)  loss_bbox_dn_2: 0.0158 (0.0163)  loss_giou_dn_2: 0.2101 (0.2118)  loss_fgl_dn_2: 1.0225 (1.0265)  loss_ddf_dn_2: -0.0000 (0.0000)  loss_vfl_dn_pre: 0.4389 (0.4430)  loss_bbox_dn_pre: 0.0290 (0.0301)  loss_giou_dn_pre: 0.3719 (0.3704)  time: 0.2947  data: 0.0116  max mem: 8696
Epoch: [24/30] Total time: 0:00:13 (0.3023 s / it)
Averaged stats: lr: 0.000100  loss: 17.4394 (16.7841)  loss_vfl: 0.3820 (0.3840)  loss_bbox: 0.0460 (0.0333)  loss_giou: 0.3762 (0.3260)  loss_fgl: 0.9787 (1.0187)  loss_vfl_aux_0: 0.7793 (0.7927)  loss_bbox_aux_0: 0.0641 (0.0557)  loss_giou_aux_0: 0.6120 (0.5463)  loss_fgl_aux_0: 1.1153 (1.1882)  loss_ddf_aux_0: 0.4154 (0.3839)  loss_vfl_aux_1: 0.4338 (0.4277)  loss_bbox_aux_1: 0.0461 (0.0347)  loss_giou_aux_1: 0.4204 (0.3426)  loss_fgl_aux_1: 0.9857 (1.0256)  loss_ddf_aux_1: 0.0254 (0.0232)  loss_vfl_pre: 0.7920 (0.8013)  loss_bbox_pre: 0.0660 (0.0540)  loss_giou_pre: 0.6086 (0.5446)  loss_vfl_enc_0: 0.6603 (0.7276)  loss_bbox_enc_0: 0.1609 (0.1521)  loss_giou_enc_0: 1.4542 (1.3489)  loss_vfl_dn_0: 0.4370 (0.4411)  loss_bbox_dn_0: 0.0293 (0.0301)  loss_giou_dn_0: 0.3722 (0.3713)  loss_fgl_dn_0: 1.2414 (1.2452)  loss_ddf_dn_0: 0.5176 (0.4827)  loss_vfl_dn_1: 0.3157 (0.3127)  loss_bbox_dn_1: 0.0161 (0.0166)  loss_giou_dn_1: 0.2175 (0.2152)  loss_fgl_dn_1: 1.0336 (1.0326)  loss_ddf_dn_1: 0.0229 (0.0194)  loss_vfl_dn_2: 0.3045 (0.3079)  loss_bbox_dn_2: 0.0158 (0.0163)  loss_giou_dn_2: 0.2101 (0.2118)  loss_fgl_dn_2: 1.0225 (1.0265)  loss_ddf_dn_2: -0.0000 (0.0000)  loss_vfl_dn_pre: 0.4389 (0.4430)  loss_bbox_dn_pre: 0.0290 (0.0301)  loss_giou_dn_pre: 0.3719 (0.3704)
Test:  [0/9]  eta: 0:00:03    time: 0.3365  data: 0.2601  max mem: 8696
Test:  [8/9]  eta: 0:00:00    time: 0.1107  data: 0.0379  max mem: 8696
Test: Total time: 0:00:01 (0.1153 s / it)
Metrics: {'f1': 0.9210526315789473, 'precision': 0.875, 'recall': 0.9722222222222222, 'iou': 0.6088810475861154, 'TPs': 140, 'FPs': 20, 'FNs': 4}
Averaged stats: 
Accumulating evaluation results...
COCOeval_opt.accumulate() finished...
DONE (t=0.01s).
IoU metric: bbox
 Average Precision  (AP) @[ IoU=0.50:0.95 | area=   all | maxDets=100 ] = 0.363
 Average Precision  (AP) @[ IoU=0.50      | area=   all | maxDets=100 ] = 0.943
 Average Precision  (AP) @[ IoU=0.75      | area=   all | maxDets=100 ] = 0.126
 Average Precision  (AP) @[ IoU=0.50:0.95 | area= small | maxDets=100 ] = 0.363
 Average Precision  (AP) @[ IoU=0.50:0.95 | area=medium | maxDets=100 ] = -1.000
 Average Precision  (AP) @[ IoU=0.50:0.95 | area= large | maxDets=100 ] = -1.000
 Average Recall     (AR) @[ IoU=0.50:0.95 | area=   all | maxDets=  1 ] = 0.215
 Average Recall     (AR) @[ IoU=0.50:0.95 | area=   all | maxDets= 10 ] = 0.493
 Average Recall     (AR) @[ IoU=0.50:0.95 | area=   all | maxDets=100 ] = 0.605
 Average Recall     (AR) @[ IoU=0.50:0.95 | area= small | maxDets=100 ] = 0.605
 Average Recall     (AR) @[ IoU=0.50:0.95 | area=medium | maxDets=100 ] = -1.000
 Average Recall     (AR) @[ IoU=0.50:0.95 | area= large | maxDets=100 ] = -1.000
 Average Recall     (AR) @[ IoU=0.50      | area=   all | maxDets=100 ] = 0.993
 Average Recall     (AR) @[ IoU=0.75      | area=   all | maxDets=100 ] = 0.632
best_stat: {'epoch': 10, 'coco_eval_bbox': 0.3933729125968449}
Epoch: [25/30]  [ 0/44]  eta: 0:00:24  lr: 0.000010  loss: 18.2084 (18.2084)  loss_vfl: 0.4413 (0.4413)  loss_bbox: 0.0260 (0.0260)  loss_giou: 0.3509 (0.3509)  loss_fgl: 1.2039 (1.2039)  loss_vfl_aux_0: 0.7277 (0.7277)  loss_bbox_aux_0: 0.0372 (0.0372)  loss_giou_aux_0: 0.5334 (0.5334)  loss_fgl_aux_0: 1.2762 (1.2762)  loss_ddf_aux_0: 0.6107 (0.6107)  loss_vfl_aux_1: 0.4823 (0.4823)  loss_bbox_aux_1: 0.0272 (0.0272)  loss_giou_aux_1: 0.3646 (0.3646)  loss_fgl_aux_1: 1.2199 (1.2199)  loss_ddf_aux_1: 0.0290 (0.0290)  loss_vfl_pre: 0.7378 (0.7378)  loss_bbox_pre: 0.0375 (0.0375)  loss_giou_pre: 0.5329 (0.5329)  loss_vfl_enc_0: 0.6768 (0.6768)  loss_bbox_enc_0: 0.1016 (0.1016)  loss_giou_enc_0: 1.2568 (1.2568)  loss_vfl_dn_0: 0.4690 (0.4690)  loss_bbox_dn_0: 0.0323 (0.0323)  loss_giou_dn_0: 0.4533 (0.4533)  loss_fgl_dn_0: 1.2619 (1.2619)  loss_ddf_dn_0: 0.6976 (0.6976)  loss_vfl_dn_1: 0.3722 (0.3722)  loss_bbox_dn_1: 0.0196 (0.0196)  loss_giou_dn_1: 0.2870 (0.2870)  loss_fgl_dn_1: 1.1260 (1.1260)  loss_ddf_dn_1: 0.0384 (0.0384)  loss_vfl_dn_2: 0.3743 (0.3743)  loss_bbox_dn_2: 0.0198 (0.0198)  loss_giou_dn_2: 0.2913 (0.2913)  loss_fgl_dn_2: 1.1359 (1.1359)  loss_ddf_dn_2: -0.0000 (0.0000)  loss_vfl_dn_pre: 0.4723 (0.4723)  loss_bbox_dn_pre: 0.0321 (0.0321)  loss_giou_dn_pre: 0.4515 (0.4515)  time: 0.5487  data: 0.2522  max mem: 8696
Epoch: [25/30]  [10/44]  eta: 0:00:10  lr: 0.000010  loss: 16.0504 (16.3889)  loss_vfl: 0.3919 (0.3859)  loss_bbox: 0.0192 (0.0214)  loss_giou: 0.2187 (0.2537)  loss_fgl: 1.0144 (1.0281)  loss_vfl_aux_0: 0.8366 (0.8436)  loss_bbox_aux_0: 0.0296 (0.0337)  loss_giou_aux_0: 0.3582 (0.4033)  loss_fgl_aux_0: 1.2002 (1.2013)  loss_ddf_aux_0: 0.4462 (0.4522)  loss_vfl_aux_1: 0.4028 (0.4247)  loss_bbox_aux_1: 0.0187 (0.0220)  loss_giou_aux_1: 0.2233 (0.2623)  loss_fgl_aux_1: 1.0222 (1.0398)  loss_ddf_aux_1: 0.0186 (0.0200)  loss_vfl_pre: 0.8732 (0.8797)  loss_bbox_pre: 0.0294 (0.0339)  loss_giou_pre: 0.3588 (0.4028)  loss_vfl_enc_0: 1.0392 (0.9820)  loss_bbox_enc_0: 0.0783 (0.0869)  loss_giou_enc_0: 0.9319 (0.9552)  loss_vfl_dn_0: 0.4401 (0.4400)  loss_bbox_dn_0: 0.0300 (0.0295)  loss_giou_dn_0: 0.3697 (0.3791)  loss_fgl_dn_0: 1.2345 (1.2324)  loss_ddf_dn_0: 0.6273 (0.6009)  loss_vfl_dn_1: 0.3034 (0.3089)  loss_bbox_dn_1: 0.0160 (0.0163)  loss_giou_dn_1: 0.2042 (0.2131)  loss_fgl_dn_1: 1.0035 (1.0136)  loss_ddf_dn_1: 0.0339 (0.0326)  loss_vfl_dn_2: 0.2982 (0.3065)  loss_bbox_dn_2: 0.0151 (0.0161)  loss_giou_dn_2: 0.1974 (0.2107)  loss_fgl_dn_2: 0.9891 (1.0087)  loss_ddf_dn_2: -0.0000 (0.0000)  loss_vfl_dn_pre: 0.4414 (0.4413)  loss_bbox_dn_pre: 0.0298 (0.0293)  loss_giou_dn_pre: 0.3696 (0.3772)  time: 0.3215  data: 0.0335  max mem: 8696
Epoch: [25/30]  [20/44]  eta: 0:00:07  lr: 0.000010  loss: 16.0326 (16.4499)  loss_vfl: 0.3726 (0.3818)  loss_bbox: 0.0184 (0.0299)  loss_giou: 0.2127 (0.2716)  loss_fgl: 0.9991 (1.0106)  loss_vfl_aux_0: 0.8604 (0.8518)  loss_bbox_aux_0: 0.0309 (0.0413)  loss_giou_aux_0: 0.3750 (0.4410)  loss_fgl_aux_0: 1.1807 (1.1885)  loss_ddf_aux_0: 0.4271 (0.4307)  loss_vfl_aux_1: 0.4041 (0.4269)  loss_bbox_aux_1: 0.0187 (0.0306)  loss_giou_aux_1: 0.2229 (0.2822)  loss_fgl_aux_1: 1.0092 (1.0190)  loss_ddf_aux_1: 0.0185 (0.0188)  loss_vfl_pre: 0.8929 (0.8897)  loss_bbox_pre: 0.0309 (0.0414)  loss_giou_pre: 0.3711 (0.4413)  loss_vfl_enc_0: 0.9862 (0.9724)  loss_bbox_enc_0: 0.0767 (0.0930)  loss_giou_enc_0: 0.8865 (0.9604)  loss_vfl_dn_0: 0.4398 (0.4418)  loss_bbox_dn_0: 0.0300 (0.0303)  loss_giou_dn_0: 0.3697 (0.3807)  loss_fgl_dn_0: 1.2344 (1.2297)  loss_ddf_dn_0: 0.5935 (0.6054)  loss_vfl_dn_1: 0.3009 (0.3064)  loss_bbox_dn_1: 0.0157 (0.0159)  loss_giou_dn_1: 0.1962 (0.2060)  loss_fgl_dn_1: 0.9958 (1.0062)  loss_ddf_dn_1: 0.0318 (0.0325)  loss_vfl_dn_2: 0.2944 (0.3020)  loss_bbox_dn_2: 0.0150 (0.0156)  loss_giou_dn_2: 0.1913 (0.2016)  loss_fgl_dn_2: 0.9862 (0.9989)  loss_ddf_dn_2: -0.0000 (0.0000)  loss_vfl_dn_pre: 0.4415 (0.4436)  loss_bbox_dn_pre: 0.0298 (0.0303)  loss_giou_dn_pre: 0.3689 (0.3801)  time: 0.3074  data: 0.0118  max mem: 8696
Epoch: [25/30]  [30/44]  eta: 0:00:04  lr: 0.000010  loss: 15.8723 (16.2187)  loss_vfl: 0.3361 (0.3636)  loss_bbox: 0.0154 (0.0249)  loss_giou: 0.1900 (0.2438)  loss_fgl: 0.9888 (1.0023)  loss_vfl_aux_0: 0.8635 (0.8750)  loss_bbox_aux_0: 0.0302 (0.0373)  loss_giou_aux_0: 0.3675 (0.4119)  loss_fgl_aux_0: 1.2109 (1.1960)  loss_ddf_aux_0: 0.4102 (0.4239)  loss_vfl_aux_1: 0.4087 (0.4218)  loss_bbox_aux_1: 0.0150 (0.0254)  loss_giou_aux_1: 0.1984 (0.2512)  loss_fgl_aux_1: 0.9894 (1.0101)  loss_ddf_aux_1: 0.0158 (0.0176)  loss_vfl_pre: 0.9048 (0.9152)  loss_bbox_pre: 0.0300 (0.0374)  loss_giou_pre: 0.3660 (0.4122)  loss_vfl_enc_0: 0.9998 (1.0153)  loss_bbox_enc_0: 0.0740 (0.0851)  loss_giou_enc_0: 0.8277 (0.9092)  loss_vfl_dn_0: 0.4388 (0.4392)  loss_bbox_dn_0: 0.0293 (0.0298)  loss_giou_dn_0: 0.3692 (0.3747)  loss_fgl_dn_0: 1.2358 (1.2301)  loss_ddf_dn_0: 0.5813 (0.6005)  loss_vfl_dn_1: 0.2998 (0.2992)  loss_bbox_dn_1: 0.0137 (0.0152)  loss_giou_dn_1: 0.1913 (0.1972)  loss_fgl_dn_1: 0.9830 (0.9922)  loss_ddf_dn_1: 0.0262 (0.0305)  loss_vfl_dn_2: 0.2913 (0.2941)  loss_bbox_dn_2: 0.0131 (0.0148)  loss_giou_dn_2: 0.1800 (0.1926)  loss_fgl_dn_2: 0.9709 (0.9842)  loss_ddf_dn_2: -0.0000 (0.0000)  loss_vfl_dn_pre: 0.4393 (0.4410)  loss_bbox_dn_pre: 0.0293 (0.0298)  loss_giou_dn_pre: 0.3689 (0.3743)  time: 0.3083  data: 0.0125  max mem: 8696
Epoch: [25/30]  [40/44]  eta: 0:00:01  lr: 0.000010  loss: 15.7663 (16.1365)  loss_vfl: 0.3165 (0.3515)  loss_bbox: 0.0136 (0.0255)  loss_giou: 0.1837 (0.2341)  loss_fgl: 0.9782 (0.9971)  loss_vfl_aux_0: 0.9100 (0.8864)  loss_bbox_aux_0: 0.0297 (0.0375)  loss_giou_aux_0: 0.3675 (0.4075)  loss_fgl_aux_0: 1.2160 (1.2007)  loss_ddf_aux_0: 0.4129 (0.4258)  loss_vfl_aux_1: 0.3858 (0.4121)  loss_bbox_aux_1: 0.0139 (0.0260)  loss_giou_aux_1: 0.1876 (0.2412)  loss_fgl_aux_1: 0.9894 (1.0059)  loss_ddf_aux_1: 0.0154 (0.0174)  loss_vfl_pre: 0.9279 (0.9273)  loss_bbox_pre: 0.0296 (0.0376)  loss_giou_pre: 0.3660 (0.4076)  loss_vfl_enc_0: 1.1005 (1.0373)  loss_bbox_enc_0: 0.0666 (0.0811)  loss_giou_enc_0: 0.7923 (0.8849)  loss_vfl_dn_0: 0.4358 (0.4375)  loss_bbox_dn_0: 0.0286 (0.0297)  loss_giou_dn_0: 0.3650 (0.3722)  loss_fgl_dn_0: 1.2288 (1.2292)  loss_ddf_dn_0: 0.5813 (0.5952)  loss_vfl_dn_1: 0.2820 (0.2951)  loss_bbox_dn_1: 0.0132 (0.0148)  loss_giou_dn_1: 0.1754 (0.1926)  loss_fgl_dn_1: 0.9559 (0.9856)  loss_ddf_dn_1: 0.0243 (0.0294)  loss_vfl_dn_2: 0.2761 (0.2896)  loss_bbox_dn_2: 0.0128 (0.0145)  loss_giou_dn_2: 0.1702 (0.1880)  loss_fgl_dn_2: 0.9460 (0.9770)  loss_ddf_dn_2: -0.0000 (0.0000)  loss_vfl_dn_pre: 0.4380 (0.4394)  loss_bbox_dn_pre: 0.0287 (0.0297)  loss_giou_dn_pre: 0.3681 (0.3722)  time: 0.3003  data: 0.0124  max mem: 8696
Epoch: [25/30]  [43/44]  eta: 0:00:00  lr: 0.000010  loss: 15.7380 (16.0898)  loss_vfl: 0.3007 (0.3482)  loss_bbox: 0.0139 (0.0249)  loss_giou: 0.1837 (0.2305)  loss_fgl: 0.9743 (0.9945)  loss_vfl_aux_0: 0.9109 (0.8888)  loss_bbox_aux_0: 0.0297 (0.0371)  loss_giou_aux_0: 0.3535 (0.4031)  loss_fgl_aux_0: 1.2153 (1.2002)  loss_ddf_aux_0: 0.4129 (0.4257)  loss_vfl_aux_1: 0.3734 (0.4086)  loss_bbox_aux_1: 0.0141 (0.0253)  loss_giou_aux_1: 0.1871 (0.2371)  loss_fgl_aux_1: 0.9836 (1.0030)  loss_ddf_aux_1: 0.0153 (0.0173)  loss_vfl_pre: 0.9388 (0.9301)  loss_bbox_pre: 0.0296 (0.0372)  loss_giou_pre: 0.3565 (0.4034)  loss_vfl_enc_0: 1.0723 (1.0385)  loss_bbox_enc_0: 0.0663 (0.0803)  loss_giou_enc_0: 0.7831 (0.8772)  loss_vfl_dn_0: 0.4321 (0.4368)  loss_bbox_dn_0: 0.0286 (0.0298)  loss_giou_dn_0: 0.3645 (0.3707)  loss_fgl_dn_0: 1.2272 (1.2282)  loss_ddf_dn_0: 0.5794 (0.5948)  loss_vfl_dn_1: 0.2826 (0.2945)  loss_bbox_dn_1: 0.0133 (0.0148)  loss_giou_dn_1: 0.1757 (0.1917)  loss_fgl_dn_1: 0.9559 (0.9836)  loss_ddf_dn_1: 0.0251 (0.0293)  loss_vfl_dn_2: 0.2764 (0.2888)  loss_bbox_dn_2: 0.0130 (0.0145)  loss_giou_dn_2: 0.1713 (0.1871)  loss_fgl_dn_2: 0.9451 (0.9750)  loss_ddf_dn_2: -0.0000 (0.0000)  loss_vfl_dn_pre: 0.4336 (0.4387)  loss_bbox_dn_pre: 0.0287 (0.0297)  loss_giou_dn_pre: 0.3650 (0.3708)  time: 0.2977  data: 0.0121  max mem: 8696
Epoch: [25/30] Total time: 0:00:13 (0.3091 s / it)
Averaged stats: lr: 0.000010  loss: 15.7380 (16.0898)  loss_vfl: 0.3007 (0.3482)  loss_bbox: 0.0139 (0.0249)  loss_giou: 0.1837 (0.2305)  loss_fgl: 0.9743 (0.9945)  loss_vfl_aux_0: 0.9109 (0.8888)  loss_bbox_aux_0: 0.0297 (0.0371)  loss_giou_aux_0: 0.3535 (0.4031)  loss_fgl_aux_0: 1.2153 (1.2002)  loss_ddf_aux_0: 0.4129 (0.4257)  loss_vfl_aux_1: 0.3734 (0.4086)  loss_bbox_aux_1: 0.0141 (0.0253)  loss_giou_aux_1: 0.1871 (0.2371)  loss_fgl_aux_1: 0.9836 (1.0030)  loss_ddf_aux_1: 0.0153 (0.0173)  loss_vfl_pre: 0.9388 (0.9301)  loss_bbox_pre: 0.0296 (0.0372)  loss_giou_pre: 0.3565 (0.4034)  loss_vfl_enc_0: 1.0723 (1.0385)  loss_bbox_enc_0: 0.0663 (0.0803)  loss_giou_enc_0: 0.7831 (0.8772)  loss_vfl_dn_0: 0.4321 (0.4368)  loss_bbox_dn_0: 0.0286 (0.0298)  loss_giou_dn_0: 0.3645 (0.3707)  loss_fgl_dn_0: 1.2272 (1.2282)  loss_ddf_dn_0: 0.5794 (0.5948)  loss_vfl_dn_1: 0.2826 (0.2945)  loss_bbox_dn_1: 0.0133 (0.0148)  loss_giou_dn_1: 0.1757 (0.1917)  loss_fgl_dn_1: 0.9559 (0.9836)  loss_ddf_dn_1: 0.0251 (0.0293)  loss_vfl_dn_2: 0.2764 (0.2888)  loss_bbox_dn_2: 0.0130 (0.0145)  loss_giou_dn_2: 0.1713 (0.1871)  loss_fgl_dn_2: 0.9451 (0.9750)  loss_ddf_dn_2: -0.0000 (0.0000)  loss_vfl_dn_pre: 0.4336 (0.4387)  loss_bbox_dn_pre: 0.0287 (0.0297)  loss_giou_dn_pre: 0.3650 (0.3708)
Test:  [0/9]  eta: 0:00:03    time: 0.3355  data: 0.2550  max mem: 8696
Test:  [8/9]  eta: 0:00:00    time: 0.1112  data: 0.0387  max mem: 8696
Test: Total time: 0:00:01 (0.1154 s / it)
Metrics: {'f1': 0.9180327868852459, 'precision': 0.8695652173913043, 'recall': 0.9722222222222222, 'iou': 0.6054621736208597, 'TPs': 140, 'FPs': 21, 'FNs': 4}
Averaged stats: 
Accumulating evaluation results...
COCOeval_opt.accumulate() finished...
DONE (t=0.01s).
IoU metric: bbox
 Average Precision  (AP) @[ IoU=0.50:0.95 | area=   all | maxDets=100 ] = 0.372
 Average Precision  (AP) @[ IoU=0.50      | area=   all | maxDets=100 ] = 0.951
 Average Precision  (AP) @[ IoU=0.75      | area=   all | maxDets=100 ] = 0.131
 Average Precision  (AP) @[ IoU=0.50:0.95 | area= small | maxDets=100 ] = 0.372
 Average Precision  (AP) @[ IoU=0.50:0.95 | area=medium | maxDets=100 ] = -1.000
 Average Precision  (AP) @[ IoU=0.50:0.95 | area= large | maxDets=100 ] = -1.000
 Average Recall     (AR) @[ IoU=0.50:0.95 | area=   all | maxDets=  1 ] = 0.213
 Average Recall     (AR) @[ IoU=0.50:0.95 | area=   all | maxDets= 10 ] = 0.498
 Average Recall     (AR) @[ IoU=0.50:0.95 | area=   all | maxDets=100 ] = 0.601
 Average Recall     (AR) @[ IoU=0.50:0.95 | area= small | maxDets=100 ] = 0.601
 Average Recall     (AR) @[ IoU=0.50:0.95 | area=medium | maxDets=100 ] = -1.000
 Average Recall     (AR) @[ IoU=0.50:0.95 | area= large | maxDets=100 ] = -1.000
 Average Recall     (AR) @[ IoU=0.50      | area=   all | maxDets=100 ] = 0.986
 Average Recall     (AR) @[ IoU=0.75      | area=   all | maxDets=100 ] = 0.618
best_stat: {'epoch': 10, 'coco_eval_bbox': 0.3933729125968449}
Epoch: [26/30]  [ 0/44]  eta: 0:00:23  lr: 0.000010  loss: 14.9693 (14.9693)  loss_vfl: 0.3709 (0.3709)  loss_bbox: 0.0104 (0.0104)  loss_giou: 0.1341 (0.1341)  loss_fgl: 0.8996 (0.8996)  loss_vfl_aux_0: 1.0301 (1.0301)  loss_bbox_aux_0: 0.0215 (0.0215)  loss_giou_aux_0: 0.2750 (0.2750)  loss_fgl_aux_0: 1.1435 (1.1435)  loss_ddf_aux_0: 0.4102 (0.4102)  loss_vfl_aux_1: 0.4426 (0.4426)  loss_bbox_aux_1: 0.0107 (0.0107)  loss_giou_aux_1: 0.1394 (0.1394)  loss_fgl_aux_1: 0.9062 (0.9062)  loss_ddf_aux_1: 0.0146 (0.0146)  loss_vfl_pre: 1.0753 (1.0753)  loss_bbox_pre: 0.0213 (0.0213)  loss_giou_pre: 0.2727 (0.2727)  loss_vfl_enc_0: 1.2809 (1.2809)  loss_bbox_enc_0: 0.0594 (0.0594)  loss_giou_enc_0: 0.6632 (0.6632)  loss_vfl_dn_0: 0.4112 (0.4112)  loss_bbox_dn_0: 0.0230 (0.0230)  loss_giou_dn_0: 0.2899 (0.2899)  loss_fgl_dn_0: 1.1776 (1.1776)  loss_ddf_dn_0: 0.5515 (0.5515)  loss_vfl_dn_1: 0.2508 (0.2508)  loss_bbox_dn_1: 0.0110 (0.0110)  loss_giou_dn_1: 0.1393 (0.1393)  loss_fgl_dn_1: 0.9049 (0.9049)  loss_ddf_dn_1: 0.0230 (0.0230)  loss_vfl_dn_2: 0.2428 (0.2428)  loss_bbox_dn_2: 0.0108 (0.0108)  loss_giou_dn_2: 0.1348 (0.1348)  loss_fgl_dn_2: 0.8933 (0.8933)  loss_ddf_dn_2: -0.0000 (0.0000)  loss_vfl_dn_pre: 0.4122 (0.4122)  loss_bbox_dn_pre: 0.0229 (0.0229)  loss_giou_dn_pre: 0.2887 (0.2887)  time: 0.5283  data: 0.2362  max mem: 8696
Epoch: [26/30]  [10/44]  eta: 0:00:10  lr: 0.000010  loss: 14.9693 (15.1361)  loss_vfl: 0.3172 (0.3317)  loss_bbox: 0.0119 (0.0132)  loss_giou: 0.1498 (0.1606)  loss_fgl: 0.9208 (0.9226)  loss_vfl_aux_0: 0.8412 (0.8872)  loss_bbox_aux_0: 0.0278 (0.0276)  loss_giou_aux_0: 0.3160 (0.3297)  loss_fgl_aux_0: 1.1805 (1.1858)  loss_ddf_aux_0: 0.4139 (0.4177)  loss_vfl_aux_1: 0.4038 (0.4095)  loss_bbox_aux_1: 0.0125 (0.0136)  loss_giou_aux_1: 0.1564 (0.1656)  loss_fgl_aux_1: 0.9316 (0.9324)  loss_ddf_aux_1: 0.0129 (0.0136)  loss_vfl_pre: 0.8754 (0.9234)  loss_bbox_pre: 0.0278 (0.0275)  loss_giou_pre: 0.3154 (0.3289)  loss_vfl_enc_0: 1.0970 (1.1280)  loss_bbox_enc_0: 0.0627 (0.0639)  loss_giou_enc_0: 0.7289 (0.7399)  loss_vfl_dn_0: 0.4230 (0.4264)  loss_bbox_dn_0: 0.0280 (0.0279)  loss_giou_dn_0: 0.3308 (0.3357)  loss_fgl_dn_0: 1.2160 (1.2096)  loss_ddf_dn_0: 0.6243 (0.6203)  loss_vfl_dn_1: 0.2663 (0.2650)  loss_bbox_dn_1: 0.0115 (0.0123)  loss_giou_dn_1: 0.1562 (0.1553)  loss_fgl_dn_1: 0.9254 (0.9188)  loss_ddf_dn_1: 0.0269 (0.0276)  loss_vfl_dn_2: 0.2550 (0.2564)  loss_bbox_dn_2: 0.0110 (0.0118)  loss_giou_dn_2: 0.1497 (0.1493)  loss_fgl_dn_2: 0.9111 (0.9060)  loss_ddf_dn_2: -0.0000 (0.0000)  loss_vfl_dn_pre: 0.4248 (0.4282)  loss_bbox_dn_pre: 0.0280 (0.0279)  loss_giou_dn_pre: 0.3293 (0.3352)  time: 0.3195  data: 0.0320  max mem: 8696
Epoch: [26/30]  [20/44]  eta: 0:00:07  lr: 0.000010  loss: 14.9739 (15.1246)  loss_vfl: 0.2913 (0.3090)  loss_bbox: 0.0120 (0.0130)  loss_giou: 0.1523 (0.1591)  loss_fgl: 0.9256 (0.9271)  loss_vfl_aux_0: 0.8736 (0.9126)  loss_bbox_aux_0: 0.0265 (0.0266)  loss_giou_aux_0: 0.3133 (0.3199)  loss_fgl_aux_0: 1.1805 (1.1825)  loss_ddf_aux_0: 0.4130 (0.4143)  loss_vfl_aux_1: 0.3829 (0.3929)  loss_bbox_aux_1: 0.0126 (0.0133)  loss_giou_aux_1: 0.1564 (0.1633)  loss_fgl_aux_1: 0.9385 (0.9376)  loss_ddf_aux_1: 0.0128 (0.0134)  loss_vfl_pre: 0.9153 (0.9545)  loss_bbox_pre: 0.0263 (0.0266)  loss_giou_pre: 0.3131 (0.3191)  loss_vfl_enc_0: 1.1413 (1.1478)  loss_bbox_enc_0: 0.0627 (0.0623)  loss_giou_enc_0: 0.7209 (0.7194)  loss_vfl_dn_0: 0.4230 (0.4235)  loss_bbox_dn_0: 0.0280 (0.0274)  loss_giou_dn_0: 0.3284 (0.3342)  loss_fgl_dn_0: 1.2139 (1.2062)  loss_ddf_dn_0: 0.6213 (0.6085)  loss_vfl_dn_1: 0.2665 (0.2671)  loss_bbox_dn_1: 0.0127 (0.0125)  loss_giou_dn_1: 0.1605 (0.1588)  loss_fgl_dn_1: 0.9313 (0.9245)  loss_ddf_dn_1: 0.0262 (0.0264)  loss_vfl_dn_2: 0.2578 (0.2579)  loss_bbox_dn_2: 0.0122 (0.0121)  loss_giou_dn_2: 0.1544 (0.1528)  loss_fgl_dn_2: 0.9178 (0.9116)  loss_ddf_dn_2: -0.0000 (0.0000)  loss_vfl_dn_pre: 0.4224 (0.4253)  loss_bbox_dn_pre: 0.0280 (0.0274)  loss_giou_dn_pre: 0.3293 (0.3341)  time: 0.2986  data: 0.0116  max mem: 8696
Epoch: [26/30]  [30/44]  eta: 0:00:04  lr: 0.000010  loss: 15.1298 (15.2806)  loss_vfl: 0.3005 (0.3160)  loss_bbox: 0.0122 (0.0138)  loss_giou: 0.1629 (0.1695)  loss_fgl: 0.9400 (0.9369)  loss_vfl_aux_0: 0.8820 (0.9053)  loss_bbox_aux_0: 0.0257 (0.0276)  loss_giou_aux_0: 0.3216 (0.3322)  loss_fgl_aux_0: 1.1905 (1.1897)  loss_ddf_aux_0: 0.4187 (0.4204)  loss_vfl_aux_1: 0.3731 (0.3919)  loss_bbox_aux_1: 0.0129 (0.0141)  loss_giou_aux_1: 0.1667 (0.1746)  loss_fgl_aux_1: 0.9516 (0.9473)  loss_ddf_aux_1: 0.0131 (0.0136)  loss_vfl_pre: 0.9153 (0.9454)  loss_bbox_pre: 0.0256 (0.0275)  loss_giou_pre: 0.3204 (0.3313)  loss_vfl_enc_0: 1.1876 (1.1612)  loss_bbox_enc_0: 0.0580 (0.0631)  loss_giou_enc_0: 0.7017 (0.7230)  loss_vfl_dn_0: 0.4236 (0.4260)  loss_bbox_dn_0: 0.0270 (0.0276)  loss_giou_dn_0: 0.3284 (0.3393)  loss_fgl_dn_0: 1.2139 (1.2137)  loss_ddf_dn_0: 0.6484 (0.6227)  loss_vfl_dn_1: 0.2694 (0.2704)  loss_bbox_dn_1: 0.0125 (0.0126)  loss_giou_dn_1: 0.1603 (0.1623)  loss_fgl_dn_1: 0.9358 (0.9314)  loss_ddf_dn_1: 0.0280 (0.0269)  loss_vfl_dn_2: 0.2593 (0.2611)  loss_bbox_dn_2: 0.0122 (0.0122)  loss_giou_dn_2: 0.1557 (0.1562)  loss_fgl_dn_2: 0.9193 (0.9182)  loss_ddf_dn_2: -0.0000 (0.0000)  loss_vfl_dn_pre: 0.4262 (0.4283)  loss_bbox_dn_pre: 0.0272 (0.0276)  loss_giou_dn_pre: 0.3312 (0.3396)  time: 0.2986  data: 0.0117  max mem: 8696
Epoch: [26/30]  [40/44]  eta: 0:00:01  lr: 0.000010  loss: 15.4582 (15.3398)  loss_vfl: 0.3108 (0.3192)  loss_bbox: 0.0122 (0.0151)  loss_giou: 0.1647 (0.1731)  loss_fgl: 0.9406 (0.9419)  loss_vfl_aux_0: 0.8638 (0.9003)  loss_bbox_aux_0: 0.0258 (0.0282)  loss_giou_aux_0: 0.3322 (0.3333)  loss_fgl_aux_0: 1.1996 (1.1917)  loss_ddf_aux_0: 0.4245 (0.4227)  loss_vfl_aux_1: 0.3852 (0.3960)  loss_bbox_aux_1: 0.0128 (0.0155)  loss_giou_aux_1: 0.1704 (0.1779)  loss_fgl_aux_1: 0.9430 (0.9508)  loss_ddf_aux_1: 0.0142 (0.0138)  loss_vfl_pre: 0.8952 (0.9373)  loss_bbox_pre: 0.0256 (0.0282)  loss_giou_pre: 0.3269 (0.3326)  loss_vfl_enc_0: 1.1775 (1.1665)  loss_bbox_enc_0: 0.0571 (0.0630)  loss_giou_enc_0: 0.7072 (0.7226)  loss_vfl_dn_0: 0.4268 (0.4267)  loss_bbox_dn_0: 0.0259 (0.0276)  loss_giou_dn_0: 0.3370 (0.3413)  loss_fgl_dn_0: 1.2264 (1.2186)  loss_ddf_dn_0: 0.6634 (0.6291)  loss_vfl_dn_1: 0.2734 (0.2723)  loss_bbox_dn_1: 0.0124 (0.0127)  loss_giou_dn_1: 0.1603 (0.1646)  loss_fgl_dn_1: 0.9271 (0.9351)  loss_ddf_dn_1: 0.0266 (0.0267)  loss_vfl_dn_2: 0.2651 (0.2637)  loss_bbox_dn_2: 0.0119 (0.0123)  loss_giou_dn_2: 0.1570 (0.1588)  loss_fgl_dn_2: 0.9180 (0.9224)  loss_ddf_dn_2: -0.0000 (0.0000)  loss_vfl_dn_pre: 0.4317 (0.4293)  loss_bbox_dn_pre: 0.0260 (0.0276)  loss_giou_dn_pre: 0.3374 (0.3416)  time: 0.2992  data: 0.0117  max mem: 8696
Epoch: [26/30]  [43/44]  eta: 0:00:00  lr: 0.000010  loss: 15.4582 (15.3674)  loss_vfl: 0.3125 (0.3208)  loss_bbox: 0.0126 (0.0149)  loss_giou: 0.1629 (0.1728)  loss_fgl: 0.9430 (0.9416)  loss_vfl_aux_0: 0.8638 (0.8978)  loss_bbox_aux_0: 0.0261 (0.0282)  loss_giou_aux_0: 0.3180 (0.3349)  loss_fgl_aux_0: 1.2015 (1.1948)  loss_ddf_aux_0: 0.4310 (0.4246)  loss_vfl_aux_1: 0.3852 (0.4004)  loss_bbox_aux_1: 0.0129 (0.0153)  loss_giou_aux_1: 0.1704 (0.1777)  loss_fgl_aux_1: 0.9518 (0.9509)  loss_ddf_aux_1: 0.0142 (0.0139)  loss_vfl_pre: 0.8952 (0.9343)  loss_bbox_pre: 0.0258 (0.0282)  loss_giou_pre: 0.3176 (0.3341)  loss_vfl_enc_0: 1.1851 (1.1693)  loss_bbox_enc_0: 0.0571 (0.0628)  loss_giou_enc_0: 0.7072 (0.7216)  loss_vfl_dn_0: 0.4268 (0.4271)  loss_bbox_dn_0: 0.0270 (0.0278)  loss_giou_dn_0: 0.3421 (0.3442)  loss_fgl_dn_0: 1.2365 (1.2222)  loss_ddf_dn_0: 0.6695 (0.6343)  loss_vfl_dn_1: 0.2735 (0.2726)  loss_bbox_dn_1: 0.0125 (0.0127)  loss_giou_dn_1: 0.1622 (0.1653)  loss_fgl_dn_1: 0.9271 (0.9355)  loss_ddf_dn_1: 0.0276 (0.0268)  loss_vfl_dn_2: 0.2651 (0.2639)  loss_bbox_dn_2: 0.0120 (0.0123)  loss_giou_dn_2: 0.1572 (0.1594)  loss_fgl_dn_2: 0.9180 (0.9225)  loss_ddf_dn_2: -0.0000 (0.0000)  loss_vfl_dn_pre: 0.4283 (0.4297)  loss_bbox_dn_pre: 0.0272 (0.0278)  loss_giou_dn_pre: 0.3418 (0.3445)  time: 0.2965  data: 0.0115  max mem: 8696
Epoch: [26/30] Total time: 0:00:13 (0.3040 s / it)
Averaged stats: lr: 0.000010  loss: 15.4582 (15.3674)  loss_vfl: 0.3125 (0.3208)  loss_bbox: 0.0126 (0.0149)  loss_giou: 0.1629 (0.1728)  loss_fgl: 0.9430 (0.9416)  loss_vfl_aux_0: 0.8638 (0.8978)  loss_bbox_aux_0: 0.0261 (0.0282)  loss_giou_aux_0: 0.3180 (0.3349)  loss_fgl_aux_0: 1.2015 (1.1948)  loss_ddf_aux_0: 0.4310 (0.4246)  loss_vfl_aux_1: 0.3852 (0.4004)  loss_bbox_aux_1: 0.0129 (0.0153)  loss_giou_aux_1: 0.1704 (0.1777)  loss_fgl_aux_1: 0.9518 (0.9509)  loss_ddf_aux_1: 0.0142 (0.0139)  loss_vfl_pre: 0.8952 (0.9343)  loss_bbox_pre: 0.0258 (0.0282)  loss_giou_pre: 0.3176 (0.3341)  loss_vfl_enc_0: 1.1851 (1.1693)  loss_bbox_enc_0: 0.0571 (0.0628)  loss_giou_enc_0: 0.7072 (0.7216)  loss_vfl_dn_0: 0.4268 (0.4271)  loss_bbox_dn_0: 0.0270 (0.0278)  loss_giou_dn_0: 0.3421 (0.3442)  loss_fgl_dn_0: 1.2365 (1.2222)  loss_ddf_dn_0: 0.6695 (0.6343)  loss_vfl_dn_1: 0.2735 (0.2726)  loss_bbox_dn_1: 0.0125 (0.0127)  loss_giou_dn_1: 0.1622 (0.1653)  loss_fgl_dn_1: 0.9271 (0.9355)  loss_ddf_dn_1: 0.0276 (0.0268)  loss_vfl_dn_2: 0.2651 (0.2639)  loss_bbox_dn_2: 0.0120 (0.0123)  loss_giou_dn_2: 0.1572 (0.1594)  loss_fgl_dn_2: 0.9180 (0.9225)  loss_ddf_dn_2: -0.0000 (0.0000)  loss_vfl_dn_pre: 0.4283 (0.4297)  loss_bbox_dn_pre: 0.0272 (0.0278)  loss_giou_dn_pre: 0.3418 (0.3445)
Test:  [0/9]  eta: 0:00:02    time: 0.3248  data: 0.2418  max mem: 8696
Test:  [8/9]  eta: 0:00:00    time: 0.1319  data: 0.0384  max mem: 8696
Test: Total time: 0:00:01 (0.1365 s / it)
Metrics: {'f1': 0.9114754098360656, 'precision': 0.8633540372670807, 'recall': 0.9652777777777778, 'iou': 0.5981546514723675, 'TPs': 139, 'FPs': 22, 'FNs': 5}
Averaged stats: 
Accumulating evaluation results...
COCOeval_opt.accumulate() finished...
DONE (t=0.01s).
IoU metric: bbox
 Average Precision  (AP) @[ IoU=0.50:0.95 | area=   all | maxDets=100 ] = 0.366
 Average Precision  (AP) @[ IoU=0.50      | area=   all | maxDets=100 ] = 0.942
 Average Precision  (AP) @[ IoU=0.75      | area=   all | maxDets=100 ] = 0.134
 Average Precision  (AP) @[ IoU=0.50:0.95 | area= small | maxDets=100 ] = 0.366
 Average Precision  (AP) @[ IoU=0.50:0.95 | area=medium | maxDets=100 ] = -1.000
 Average Precision  (AP) @[ IoU=0.50:0.95 | area= large | maxDets=100 ] = -1.000
 Average Recall     (AR) @[ IoU=0.50:0.95 | area=   all | maxDets=  1 ] = 0.214
 Average Recall     (AR) @[ IoU=0.50:0.95 | area=   all | maxDets= 10 ] = 0.500
 Average Recall     (AR) @[ IoU=0.50:0.95 | area=   all | maxDets=100 ] = 0.602
 Average Recall     (AR) @[ IoU=0.50:0.95 | area= small | maxDets=100 ] = 0.602
 Average Recall     (AR) @[ IoU=0.50:0.95 | area=medium | maxDets=100 ] = -1.000
 Average Recall     (AR) @[ IoU=0.50:0.95 | area= large | maxDets=100 ] = -1.000
 Average Recall     (AR) @[ IoU=0.50      | area=   all | maxDets=100 ] = 1.000
 Average Recall     (AR) @[ IoU=0.75      | area=   all | maxDets=100 ] = 0.597
best_stat: {'epoch': 10, 'coco_eval_bbox': 0.3933729125968449}
Epoch: [27/30]  [ 0/44]  eta: 0:00:23  lr: 0.000010  loss: 16.4216 (16.4216)  loss_vfl: 0.4774 (0.4774)  loss_bbox: 0.0178 (0.0178)  loss_giou: 0.2553 (0.2553)  loss_fgl: 1.0622 (1.0622)  loss_vfl_aux_0: 0.8277 (0.8277)  loss_bbox_aux_0: 0.0277 (0.0277)  loss_giou_aux_0: 0.4194 (0.4194)  loss_fgl_aux_0: 1.1582 (1.1582)  loss_ddf_aux_0: 0.3625 (0.3625)  loss_vfl_aux_1: 0.5856 (0.5856)  loss_bbox_aux_1: 0.0196 (0.0196)  loss_giou_aux_1: 0.2724 (0.2724)  loss_fgl_aux_1: 1.0777 (1.0777)  loss_ddf_aux_1: 0.0172 (0.0172)  loss_vfl_pre: 0.8402 (0.8402)  loss_bbox_pre: 0.0273 (0.0273)  loss_giou_pre: 0.4164 (0.4164)  loss_vfl_enc_0: 1.2433 (1.2433)  loss_bbox_enc_0: 0.0578 (0.0578)  loss_giou_enc_0: 0.7583 (0.7583)  loss_vfl_dn_0: 0.4376 (0.4376)  loss_bbox_dn_0: 0.0233 (0.0233)  loss_giou_dn_0: 0.3408 (0.3408)  loss_fgl_dn_0: 1.2079 (1.2079)  loss_ddf_dn_0: 0.5690 (0.5690)  loss_vfl_dn_1: 0.3100 (0.3100)  loss_bbox_dn_1: 0.0136 (0.0136)  loss_giou_dn_1: 0.2027 (0.2027)  loss_fgl_dn_1: 1.0294 (1.0294)  loss_ddf_dn_1: 0.0240 (0.0240)  loss_vfl_dn_2: 0.2994 (0.2994)  loss_bbox_dn_2: 0.0131 (0.0131)  loss_giou_dn_2: 0.1971 (0.1971)  loss_fgl_dn_2: 1.0212 (1.0212)  loss_ddf_dn_2: -0.0000 (0.0000)  loss_vfl_dn_pre: 0.4426 (0.4426)  loss_bbox_dn_pre: 0.0234 (0.0234)  loss_giou_dn_pre: 0.3425 (0.3425)  time: 0.5293  data: 0.2307  max mem: 8696
Epoch: [27/30]  [10/44]  eta: 0:00:10  lr: 0.000010  loss: 15.0537 (15.0838)  loss_vfl: 0.2726 (0.2972)  loss_bbox: 0.0104 (0.0110)  loss_giou: 0.1434 (0.1504)  loss_fgl: 0.8874 (0.9076)  loss_vfl_aux_0: 0.8764 (0.8977)  loss_bbox_aux_0: 0.0245 (0.0243)  loss_giou_aux_0: 0.3260 (0.3240)  loss_fgl_aux_0: 1.1799 (1.1853)  loss_ddf_aux_0: 0.4360 (0.4341)  loss_vfl_aux_1: 0.3709 (0.3787)  loss_bbox_aux_1: 0.0105 (0.0114)  loss_giou_aux_1: 0.1460 (0.1564)  loss_fgl_aux_1: 0.9047 (0.9197)  loss_ddf_aux_1: 0.0129 (0.0133)  loss_vfl_pre: 0.9117 (0.9292)  loss_bbox_pre: 0.0245 (0.0243)  loss_giou_pre: 0.3251 (0.3239)  loss_vfl_enc_0: 1.2433 (1.2183)  loss_bbox_enc_0: 0.0558 (0.0558)  loss_giou_enc_0: 0.6693 (0.6758)  loss_vfl_dn_0: 0.4272 (0.4255)  loss_bbox_dn_0: 0.0263 (0.0264)  loss_giou_dn_0: 0.3408 (0.3435)  loss_fgl_dn_0: 1.2100 (1.2274)  loss_ddf_dn_0: 0.6660 (0.6671)  loss_vfl_dn_1: 0.2633 (0.2614)  loss_bbox_dn_1: 0.0109 (0.0111)  loss_giou_dn_1: 0.1459 (0.1516)  loss_fgl_dn_1: 0.8999 (0.9075)  loss_ddf_dn_1: 0.0255 (0.0254)  loss_vfl_dn_2: 0.2514 (0.2505)  loss_bbox_dn_2: 0.0104 (0.0107)  loss_giou_dn_2: 0.1409 (0.1451)  loss_fgl_dn_2: 0.8834 (0.8927)  loss_ddf_dn_2: -0.0000 (0.0000)  loss_vfl_dn_pre: 0.4299 (0.4290)  loss_bbox_dn_pre: 0.0265 (0.0265)  loss_giou_dn_pre: 0.3425 (0.3444)  time: 0.3235  data: 0.0316  max mem: 8696
Epoch: [27/30]  [20/44]  eta: 0:00:07  lr: 0.000010  loss: 14.6212 (14.8096)  loss_vfl: 0.2714 (0.2836)  loss_bbox: 0.0103 (0.0107)  loss_giou: 0.1367 (0.1418)  loss_fgl: 0.8866 (0.8909)  loss_vfl_aux_0: 0.8764 (0.8898)  loss_bbox_aux_0: 0.0233 (0.0241)  loss_giou_aux_0: 0.2950 (0.3047)  loss_fgl_aux_0: 1.1741 (1.1747)  loss_ddf_aux_0: 0.4419 (0.4394)  loss_vfl_aux_1: 0.3669 (0.3653)  loss_bbox_aux_1: 0.0102 (0.0109)  loss_giou_aux_1: 0.1359 (0.1455)  loss_fgl_aux_1: 0.8949 (0.9017)  loss_ddf_aux_1: 0.0132 (0.0134)  loss_vfl_pre: 0.9117 (0.9236)  loss_bbox_pre: 0.0235 (0.0241)  loss_giou_pre: 0.2970 (0.3043)  loss_vfl_enc_0: 1.1877 (1.2106)  loss_bbox_enc_0: 0.0553 (0.0553)  loss_giou_enc_0: 0.6537 (0.6595)  loss_vfl_dn_0: 0.4204 (0.4215)  loss_bbox_dn_0: 0.0258 (0.0263)  loss_giou_dn_0: 0.3200 (0.3320)  loss_fgl_dn_0: 1.2084 (1.2131)  loss_ddf_dn_0: 0.6705 (0.6647)  loss_vfl_dn_1: 0.2470 (0.2548)  loss_bbox_dn_1: 0.0105 (0.0110)  loss_giou_dn_1: 0.1423 (0.1452)  loss_fgl_dn_1: 0.8849 (0.8905)  loss_ddf_dn_1: 0.0250 (0.0256)  loss_vfl_dn_2: 0.2362 (0.2435)  loss_bbox_dn_2: 0.0102 (0.0105)  loss_giou_dn_2: 0.1353 (0.1388)  loss_fgl_dn_2: 0.8697 (0.8751)  loss_ddf_dn_2: -0.0000 (0.0000)  loss_vfl_dn_pre: 0.4216 (0.4246)  loss_bbox_dn_pre: 0.0258 (0.0264)  loss_giou_dn_pre: 0.3213 (0.3325)  time: 0.3006  data: 0.0117  max mem: 8696
Epoch: [27/30]  [30/44]  eta: 0:00:04  lr: 0.000010  loss: 14.6212 (14.8698)  loss_vfl: 0.2545 (0.2782)  loss_bbox: 0.0110 (0.0111)  loss_giou: 0.1373 (0.1449)  loss_fgl: 0.8783 (0.8956)  loss_vfl_aux_0: 0.8794 (0.8903)  loss_bbox_aux_0: 0.0244 (0.0248)  loss_giou_aux_0: 0.2928 (0.3057)  loss_fgl_aux_0: 1.1741 (1.1798)  loss_ddf_aux_0: 0.4528 (0.4435)  loss_vfl_aux_1: 0.3683 (0.3728)  loss_bbox_aux_1: 0.0111 (0.0113)  loss_giou_aux_1: 0.1410 (0.1488)  loss_fgl_aux_1: 0.8944 (0.9060)  loss_ddf_aux_1: 0.0134 (0.0132)  loss_vfl_pre: 0.9210 (0.9263)  loss_bbox_pre: 0.0243 (0.0248)  loss_giou_pre: 0.2935 (0.3053)  loss_vfl_enc_0: 1.1521 (1.1883)  loss_bbox_enc_0: 0.0553 (0.0553)  loss_giou_enc_0: 0.6238 (0.6497)  loss_vfl_dn_0: 0.4204 (0.4223)  loss_bbox_dn_0: 0.0263 (0.0272)  loss_giou_dn_0: 0.3243 (0.3351)  loss_fgl_dn_0: 1.2144 (1.2212)  loss_ddf_dn_0: 0.6840 (0.6765)  loss_vfl_dn_1: 0.2526 (0.2592)  loss_bbox_dn_1: 0.0115 (0.0114)  loss_giou_dn_1: 0.1435 (0.1489)  loss_fgl_dn_1: 0.8810 (0.8957)  loss_ddf_dn_1: 0.0252 (0.0260)  loss_vfl_dn_2: 0.2425 (0.2482)  loss_bbox_dn_2: 0.0110 (0.0109)  loss_giou_dn_2: 0.1353 (0.1427)  loss_fgl_dn_2: 0.8672 (0.8807)  loss_ddf_dn_2: -0.0000 (0.0000)  loss_vfl_dn_pre: 0.4225 (0.4254)  loss_bbox_dn_pre: 0.0260 (0.0272)  loss_giou_dn_pre: 0.3231 (0.3353)  time: 0.2986  data: 0.0116  max mem: 8696
Epoch: [27/30]  [40/44]  eta: 0:00:01  lr: 0.000010  loss: 14.8253 (14.8121)  loss_vfl: 0.2608 (0.2773)  loss_bbox: 0.0107 (0.0109)  loss_giou: 0.1425 (0.1431)  loss_fgl: 0.8771 (0.8918)  loss_vfl_aux_0: 0.8953 (0.8922)  loss_bbox_aux_0: 0.0244 (0.0245)  loss_giou_aux_0: 0.2997 (0.3030)  loss_fgl_aux_0: 1.1769 (1.1781)  loss_ddf_aux_0: 0.4454 (0.4435)  loss_vfl_aux_1: 0.3523 (0.3720)  loss_bbox_aux_1: 0.0107 (0.0111)  loss_giou_aux_1: 0.1467 (0.1467)  loss_fgl_aux_1: 0.8926 (0.9023)  loss_ddf_aux_1: 0.0129 (0.0130)  loss_vfl_pre: 0.9318 (0.9293)  loss_bbox_pre: 0.0243 (0.0245)  loss_giou_pre: 0.2993 (0.3025)  loss_vfl_enc_0: 1.1521 (1.1935)  loss_bbox_enc_0: 0.0551 (0.0546)  loss_giou_enc_0: 0.6275 (0.6416)  loss_vfl_dn_0: 0.4188 (0.4215)  loss_bbox_dn_0: 0.0263 (0.0267)  loss_giou_dn_0: 0.3277 (0.3315)  loss_fgl_dn_0: 1.2144 (1.2153)  loss_ddf_dn_0: 0.6859 (0.6700)  loss_vfl_dn_1: 0.2552 (0.2569)  loss_bbox_dn_1: 0.0113 (0.0112)  loss_giou_dn_1: 0.1453 (0.1474)  loss_fgl_dn_1: 0.8822 (0.8918)  loss_ddf_dn_1: 0.0249 (0.0253)  loss_vfl_dn_2: 0.2455 (0.2464)  loss_bbox_dn_2: 0.0108 (0.0108)  loss_giou_dn_2: 0.1413 (0.1415)  loss_fgl_dn_2: 0.8672 (0.8768)  loss_ddf_dn_2: -0.0000 (0.0000)  loss_vfl_dn_pre: 0.4233 (0.4248)  loss_bbox_dn_pre: 0.0260 (0.0267)  loss_giou_dn_pre: 0.3245 (0.3317)  time: 0.2984  data: 0.0117  max mem: 8696
Epoch: [27/30]  [43/44]  eta: 0:00:00  lr: 0.000010  loss: 14.8010 (14.7928)  loss_vfl: 0.2575 (0.2748)  loss_bbox: 0.0107 (0.0110)  loss_giou: 0.1422 (0.1430)  loss_fgl: 0.8758 (0.8900)  loss_vfl_aux_0: 0.8768 (0.8873)  loss_bbox_aux_0: 0.0244 (0.0249)  loss_giou_aux_0: 0.3072 (0.3041)  loss_fgl_aux_0: 1.1769 (1.1779)  loss_ddf_aux_0: 0.4432 (0.4425)  loss_vfl_aux_1: 0.3403 (0.3699)  loss_bbox_aux_1: 0.0109 (0.0112)  loss_giou_aux_1: 0.1415 (0.1470)  loss_fgl_aux_1: 0.8876 (0.9009)  loss_ddf_aux_1: 0.0129 (0.0131)  loss_vfl_pre: 0.9140 (0.9239)  loss_bbox_pre: 0.0243 (0.0249)  loss_giou_pre: 0.3064 (0.3038)  loss_vfl_enc_0: 1.1565 (1.1910)  loss_bbox_enc_0: 0.0534 (0.0549)  loss_giou_enc_0: 0.6238 (0.6423)  loss_vfl_dn_0: 0.4214 (0.4215)  loss_bbox_dn_0: 0.0263 (0.0267)  loss_giou_dn_0: 0.3361 (0.3311)  loss_fgl_dn_0: 1.2152 (1.2155)  loss_ddf_dn_0: 0.6859 (0.6716)  loss_vfl_dn_1: 0.2552 (0.2571)  loss_bbox_dn_1: 0.0111 (0.0112)  loss_giou_dn_1: 0.1441 (0.1471)  loss_fgl_dn_1: 0.8803 (0.8908)  loss_ddf_dn_1: 0.0249 (0.0254)  loss_vfl_dn_2: 0.2437 (0.2465)  loss_bbox_dn_2: 0.0102 (0.0108)  loss_giou_dn_2: 0.1347 (0.1409)  loss_fgl_dn_2: 0.8634 (0.8754)  loss_ddf_dn_2: -0.0000 (0.0000)  loss_vfl_dn_pre: 0.4252 (0.4247)  loss_bbox_dn_pre: 0.0260 (0.0267)  loss_giou_dn_pre: 0.3371 (0.3313)  time: 0.2958  data: 0.0116  max mem: 8696
Epoch: [27/30] Total time: 0:00:13 (0.3046 s / it)
Averaged stats: lr: 0.000010  loss: 14.8010 (14.7928)  loss_vfl: 0.2575 (0.2748)  loss_bbox: 0.0107 (0.0110)  loss_giou: 0.1422 (0.1430)  loss_fgl: 0.8758 (0.8900)  loss_vfl_aux_0: 0.8768 (0.8873)  loss_bbox_aux_0: 0.0244 (0.0249)  loss_giou_aux_0: 0.3072 (0.3041)  loss_fgl_aux_0: 1.1769 (1.1779)  loss_ddf_aux_0: 0.4432 (0.4425)  loss_vfl_aux_1: 0.3403 (0.3699)  loss_bbox_aux_1: 0.0109 (0.0112)  loss_giou_aux_1: 0.1415 (0.1470)  loss_fgl_aux_1: 0.8876 (0.9009)  loss_ddf_aux_1: 0.0129 (0.0131)  loss_vfl_pre: 0.9140 (0.9239)  loss_bbox_pre: 0.0243 (0.0249)  loss_giou_pre: 0.3064 (0.3038)  loss_vfl_enc_0: 1.1565 (1.1910)  loss_bbox_enc_0: 0.0534 (0.0549)  loss_giou_enc_0: 0.6238 (0.6423)  loss_vfl_dn_0: 0.4214 (0.4215)  loss_bbox_dn_0: 0.0263 (0.0267)  loss_giou_dn_0: 0.3361 (0.3311)  loss_fgl_dn_0: 1.2152 (1.2155)  loss_ddf_dn_0: 0.6859 (0.6716)  loss_vfl_dn_1: 0.2552 (0.2571)  loss_bbox_dn_1: 0.0111 (0.0112)  loss_giou_dn_1: 0.1441 (0.1471)  loss_fgl_dn_1: 0.8803 (0.8908)  loss_ddf_dn_1: 0.0249 (0.0254)  loss_vfl_dn_2: 0.2437 (0.2465)  loss_bbox_dn_2: 0.0102 (0.0108)  loss_giou_dn_2: 0.1347 (0.1409)  loss_fgl_dn_2: 0.8634 (0.8754)  loss_ddf_dn_2: -0.0000 (0.0000)  loss_vfl_dn_pre: 0.4252 (0.4247)  loss_bbox_dn_pre: 0.0260 (0.0267)  loss_giou_dn_pre: 0.3371 (0.3313)
Test:  [0/9]  eta: 0:00:02    time: 0.2947  data: 0.2174  max mem: 8696
Test:  [8/9]  eta: 0:00:00    time: 0.1070  data: 0.0350  max mem: 8696
Test: Total time: 0:00:00 (0.1110 s / it)
Metrics: {'f1': 0.8974358974358975, 'precision': 0.8333333333333334, 'recall': 0.9722222222222222, 'iou': 0.5808242296063623, 'TPs': 140, 'FPs': 28, 'FNs': 4}
Averaged stats: 
Accumulating evaluation results...
COCOeval_opt.accumulate() finished...
DONE (t=0.01s).
IoU metric: bbox
 Average Precision  (AP) @[ IoU=0.50:0.95 | area=   all | maxDets=100 ] = 0.362
 Average Precision  (AP) @[ IoU=0.50      | area=   all | maxDets=100 ] = 0.940
 Average Precision  (AP) @[ IoU=0.75      | area=   all | maxDets=100 ] = 0.129
 Average Precision  (AP) @[ IoU=0.50:0.95 | area= small | maxDets=100 ] = 0.362
 Average Precision  (AP) @[ IoU=0.50:0.95 | area=medium | maxDets=100 ] = -1.000
 Average Precision  (AP) @[ IoU=0.50:0.95 | area= large | maxDets=100 ] = -1.000
 Average Recall     (AR) @[ IoU=0.50:0.95 | area=   all | maxDets=  1 ] = 0.217
 Average Recall     (AR) @[ IoU=0.50:0.95 | area=   all | maxDets= 10 ] = 0.496
 Average Recall     (AR) @[ IoU=0.50:0.95 | area=   all | maxDets=100 ] = 0.607
 Average Recall     (AR) @[ IoU=0.50:0.95 | area= small | maxDets=100 ] = 0.607
 Average Recall     (AR) @[ IoU=0.50:0.95 | area=medium | maxDets=100 ] = -1.000
 Average Recall     (AR) @[ IoU=0.50:0.95 | area= large | maxDets=100 ] = -1.000
 Average Recall     (AR) @[ IoU=0.50      | area=   all | maxDets=100 ] = 1.000
 Average Recall     (AR) @[ IoU=0.75      | area=   all | maxDets=100 ] = 0.611
best_stat: {'epoch': 10, 'coco_eval_bbox': 0.3933729125968449}
Epoch: [28/30]  [ 0/44]  eta: 0:00:22  lr: 0.000010  loss: 14.4414 (14.4414)  loss_vfl: 0.2249 (0.2249)  loss_bbox: 0.0088 (0.0088)  loss_giou: 0.1309 (0.1309)  loss_fgl: 0.8662 (0.8662)  loss_vfl_aux_0: 0.8921 (0.8921)  loss_bbox_aux_0: 0.0268 (0.0268)  loss_giou_aux_0: 0.3120 (0.3120)  loss_fgl_aux_0: 1.1718 (1.1718)  loss_ddf_aux_0: 0.4436 (0.4436)  loss_vfl_aux_1: 0.2902 (0.2902)  loss_bbox_aux_1: 0.0093 (0.0093)  loss_giou_aux_1: 0.1335 (0.1335)  loss_fgl_aux_1: 0.8735 (0.8735)  loss_ddf_aux_1: 0.0095 (0.0095)  loss_vfl_pre: 0.9238 (0.9238)  loss_bbox_pre: 0.0265 (0.0265)  loss_giou_pre: 0.3096 (0.3096)  loss_vfl_enc_0: 1.3090 (1.3090)  loss_bbox_enc_0: 0.0548 (0.0548)  loss_giou_enc_0: 0.6465 (0.6465)  loss_vfl_dn_0: 0.4130 (0.4130)  loss_bbox_dn_0: 0.0241 (0.0241)  loss_giou_dn_0: 0.3169 (0.3169)  loss_fgl_dn_0: 1.2071 (1.2071)  loss_ddf_dn_0: 0.5924 (0.5924)  loss_vfl_dn_1: 0.2374 (0.2374)  loss_bbox_dn_1: 0.0091 (0.0091)  loss_giou_dn_1: 0.1259 (0.1259)  loss_fgl_dn_1: 0.8680 (0.8680)  loss_ddf_dn_1: 0.0178 (0.0178)  loss_vfl_dn_2: 0.2296 (0.2296)  loss_bbox_dn_2: 0.0086 (0.0086)  loss_giou_dn_2: 0.1201 (0.1201)  loss_fgl_dn_2: 0.8519 (0.8519)  loss_ddf_dn_2: -0.0000 (0.0000)  loss_vfl_dn_pre: 0.4157 (0.4157)  loss_bbox_dn_pre: 0.0242 (0.0242)  loss_giou_dn_pre: 0.3165 (0.3165)  time: 0.5206  data: 0.2325  max mem: 8696
Epoch: [28/30]  [10/44]  eta: 0:00:10  lr: 0.000010  loss: 14.6085 (14.7288)  loss_vfl: 0.2919 (0.2837)  loss_bbox: 0.0114 (0.0114)  loss_giou: 0.1425 (0.1444)  loss_fgl: 0.8948 (0.8995)  loss_vfl_aux_0: 0.8732 (0.8810)  loss_bbox_aux_0: 0.0228 (0.0240)  loss_giou_aux_0: 0.3018 (0.2923)  loss_fgl_aux_0: 1.1718 (1.1726)  loss_ddf_aux_0: 0.4524 (0.4715)  loss_vfl_aux_1: 0.3631 (0.3642)  loss_bbox_aux_1: 0.0113 (0.0115)  loss_giou_aux_1: 0.1454 (0.1456)  loss_fgl_aux_1: 0.8836 (0.9058)  loss_ddf_aux_1: 0.0121 (0.0128)  loss_vfl_pre: 0.9037 (0.9145)  loss_bbox_pre: 0.0228 (0.0240)  loss_giou_pre: 0.3022 (0.2927)  loss_vfl_enc_0: 1.1872 (1.1681)  loss_bbox_enc_0: 0.0491 (0.0501)  loss_giou_enc_0: 0.6028 (0.6011)  loss_vfl_dn_0: 0.4130 (0.4170)  loss_bbox_dn_0: 0.0244 (0.0259)  loss_giou_dn_0: 0.3163 (0.3219)  loss_fgl_dn_0: 1.2112 (1.2164)  loss_ddf_dn_0: 0.6952 (0.7043)  loss_vfl_dn_1: 0.2543 (0.2536)  loss_bbox_dn_1: 0.0111 (0.0112)  loss_giou_dn_1: 0.1474 (0.1451)  loss_fgl_dn_1: 0.8802 (0.8928)  loss_ddf_dn_1: 0.0251 (0.0258)  loss_vfl_dn_2: 0.2439 (0.2456)  loss_bbox_dn_2: 0.0102 (0.0108)  loss_giou_dn_2: 0.1404 (0.1400)  loss_fgl_dn_2: 0.8710 (0.8791)  loss_ddf_dn_2: -0.0000 (0.0000)  loss_vfl_dn_pre: 0.4157 (0.4201)  loss_bbox_dn_pre: 0.0244 (0.0259)  loss_giou_dn_pre: 0.3165 (0.3222)  time: 0.3171  data: 0.0316  max mem: 8696
Epoch: [28/30]  [20/44]  eta: 0:00:07  lr: 0.000010  loss: 14.6085 (14.7516)  loss_vfl: 0.2666 (0.2702)  loss_bbox: 0.0100 (0.0106)  loss_giou: 0.1320 (0.1405)  loss_fgl: 0.8656 (0.8903)  loss_vfl_aux_0: 0.8697 (0.8802)  loss_bbox_aux_0: 0.0227 (0.0236)  loss_giou_aux_0: 0.2828 (0.2954)  loss_fgl_aux_0: 1.1657 (1.1789)  loss_ddf_aux_0: 0.4798 (0.4734)  loss_vfl_aux_1: 0.3623 (0.3648)  loss_bbox_aux_1: 0.0105 (0.0108)  loss_giou_aux_1: 0.1383 (0.1431)  loss_fgl_aux_1: 0.8823 (0.9001)  loss_ddf_aux_1: 0.0129 (0.0130)  loss_vfl_pre: 0.9013 (0.9119)  loss_bbox_pre: 0.0226 (0.0236)  loss_giou_pre: 0.2812 (0.2951)  loss_vfl_enc_0: 1.1728 (1.1739)  loss_bbox_enc_0: 0.0485 (0.0489)  loss_giou_enc_0: 0.5946 (0.6023)  loss_vfl_dn_0: 0.4173 (0.4195)  loss_bbox_dn_0: 0.0253 (0.0257)  loss_giou_dn_0: 0.3159 (0.3276)  loss_fgl_dn_0: 1.2171 (1.2245)  loss_ddf_dn_0: 0.7313 (0.7236)  loss_vfl_dn_1: 0.2476 (0.2548)  loss_bbox_dn_1: 0.0105 (0.0110)  loss_giou_dn_1: 0.1358 (0.1460)  loss_fgl_dn_1: 0.8711 (0.8921)  loss_ddf_dn_1: 0.0266 (0.0262)  loss_vfl_dn_2: 0.2389 (0.2457)  loss_bbox_dn_2: 0.0101 (0.0105)  loss_giou_dn_2: 0.1308 (0.1405)  loss_fgl_dn_2: 0.8511 (0.8768)  loss_ddf_dn_2: -0.0000 (0.0000)  loss_vfl_dn_pre: 0.4195 (0.4230)  loss_bbox_dn_pre: 0.0251 (0.0257)  loss_giou_dn_pre: 0.3170 (0.3277)  time: 0.2968  data: 0.0116  max mem: 8696
Epoch: [28/30]  [30/44]  eta: 0:00:04  lr: 0.000010  loss: 14.5087 (14.7192)  loss_vfl: 0.2453 (0.2704)  loss_bbox: 0.0096 (0.0108)  loss_giou: 0.1283 (0.1420)  loss_fgl: 0.8598 (0.8898)  loss_vfl_aux_0: 0.8552 (0.8696)  loss_bbox_aux_0: 0.0230 (0.0237)  loss_giou_aux_0: 0.2956 (0.2958)  loss_fgl_aux_0: 1.1647 (1.1788)  loss_ddf_aux_0: 0.4433 (0.4627)  loss_vfl_aux_1: 0.3467 (0.3646)  loss_bbox_aux_1: 0.0098 (0.0110)  loss_giou_aux_1: 0.1336 (0.1449)  loss_fgl_aux_1: 0.8791 (0.9003)  loss_ddf_aux_1: 0.0124 (0.0129)  loss_vfl_pre: 0.8853 (0.9002)  loss_bbox_pre: 0.0229 (0.0237)  loss_giou_pre: 0.2938 (0.2963)  loss_vfl_enc_0: 1.1652 (1.1743)  loss_bbox_enc_0: 0.0473 (0.0485)  loss_giou_enc_0: 0.5815 (0.5959)  loss_vfl_dn_0: 0.4197 (0.4204)  loss_bbox_dn_0: 0.0253 (0.0261)  loss_giou_dn_0: 0.3298 (0.3293)  loss_fgl_dn_0: 1.2175 (1.2277)  loss_ddf_dn_0: 0.7190 (0.7171)  loss_vfl_dn_1: 0.2466 (0.2552)  loss_bbox_dn_1: 0.0104 (0.0111)  loss_giou_dn_1: 0.1383 (0.1467)  loss_fgl_dn_1: 0.8650 (0.8907)  loss_ddf_dn_1: 0.0266 (0.0257)  loss_vfl_dn_2: 0.2389 (0.2462)  loss_bbox_dn_2: 0.0099 (0.0107)  loss_giou_dn_2: 0.1308 (0.1411)  loss_fgl_dn_2: 0.8469 (0.8753)  loss_ddf_dn_2: -0.0000 (0.0000)  loss_vfl_dn_pre: 0.4230 (0.4243)  loss_bbox_dn_pre: 0.0254 (0.0261)  loss_giou_dn_pre: 0.3293 (0.3296)  time: 0.2969  data: 0.0116  max mem: 8696
Epoch: [28/30]  [40/44]  eta: 0:00:01  lr: 0.000010  loss: 14.5087 (14.7160)  loss_vfl: 0.2711 (0.2746)  loss_bbox: 0.0100 (0.0108)  loss_giou: 0.1353 (0.1422)  loss_fgl: 0.8696 (0.8879)  loss_vfl_aux_0: 0.8361 (0.8557)  loss_bbox_aux_0: 0.0236 (0.0240)  loss_giou_aux_0: 0.2963 (0.2959)  loss_fgl_aux_0: 1.1817 (1.1814)  loss_ddf_aux_0: 0.4622 (0.4684)  loss_vfl_aux_1: 0.3467 (0.3627)  loss_bbox_aux_1: 0.0105 (0.0111)  loss_giou_aux_1: 0.1404 (0.1454)  loss_fgl_aux_1: 0.8846 (0.8983)  loss_ddf_aux_1: 0.0124 (0.0131)  loss_vfl_pre: 0.8642 (0.8848)  loss_bbox_pre: 0.0239 (0.0240)  loss_giou_pre: 0.3005 (0.2963)  loss_vfl_enc_0: 1.1576 (1.1656)  loss_bbox_enc_0: 0.0500 (0.0490)  loss_giou_enc_0: 0.5834 (0.5950)  loss_vfl_dn_0: 0.4213 (0.4209)  loss_bbox_dn_0: 0.0263 (0.0264)  loss_giou_dn_0: 0.3302 (0.3313)  loss_fgl_dn_0: 1.2347 (1.2330)  loss_ddf_dn_0: 0.7298 (0.7322)  loss_vfl_dn_1: 0.2540 (0.2557)  loss_bbox_dn_1: 0.0111 (0.0112)  loss_giou_dn_1: 0.1421 (0.1471)  loss_fgl_dn_1: 0.8748 (0.8901)  loss_ddf_dn_1: 0.0261 (0.0259)  loss_vfl_dn_2: 0.2449 (0.2465)  loss_bbox_dn_2: 0.0104 (0.0107)  loss_giou_dn_2: 0.1401 (0.1414)  loss_fgl_dn_2: 0.8681 (0.8746)  loss_ddf_dn_2: -0.0000 (0.0000)  loss_vfl_dn_pre: 0.4255 (0.4249)  loss_bbox_dn_pre: 0.0263 (0.0264)  loss_giou_dn_pre: 0.3309 (0.3316)  time: 0.2968  data: 0.0117  max mem: 8696
Epoch: [28/30]  [43/44]  eta: 0:00:00  lr: 0.000010  loss: 14.5650 (14.7201)  loss_vfl: 0.2711 (0.2755)  loss_bbox: 0.0104 (0.0110)  loss_giou: 0.1353 (0.1433)  loss_fgl: 0.8696 (0.8897)  loss_vfl_aux_0: 0.8163 (0.8504)  loss_bbox_aux_0: 0.0236 (0.0244)  loss_giou_aux_0: 0.2963 (0.2972)  loss_fgl_aux_0: 1.1894 (1.1840)  loss_ddf_aux_0: 0.4520 (0.4681)  loss_vfl_aux_1: 0.3575 (0.3635)  loss_bbox_aux_1: 0.0108 (0.0113)  loss_giou_aux_1: 0.1404 (0.1464)  loss_fgl_aux_1: 0.8846 (0.9001)  loss_ddf_aux_1: 0.0121 (0.0131)  loss_vfl_pre: 0.8452 (0.8795)  loss_bbox_pre: 0.0239 (0.0245)  loss_giou_pre: 0.3005 (0.2977)  loss_vfl_enc_0: 1.1454 (1.1622)  loss_bbox_enc_0: 0.0502 (0.0496)  loss_giou_enc_0: 0.5834 (0.5946)  loss_vfl_dn_0: 0.4227 (0.4211)  loss_bbox_dn_0: 0.0263 (0.0267)  loss_giou_dn_0: 0.3302 (0.3314)  loss_fgl_dn_0: 1.2347 (1.2331)  loss_ddf_dn_0: 0.6995 (0.7278)  loss_vfl_dn_1: 0.2541 (0.2564)  loss_bbox_dn_1: 0.0115 (0.0113)  loss_giou_dn_1: 0.1429 (0.1479)  loss_fgl_dn_1: 0.8820 (0.8919)  loss_ddf_dn_1: 0.0244 (0.0258)  loss_vfl_dn_2: 0.2449 (0.2474)  loss_bbox_dn_2: 0.0107 (0.0109)  loss_giou_dn_2: 0.1412 (0.1422)  loss_fgl_dn_2: 0.8713 (0.8766)  loss_ddf_dn_2: -0.0000 (0.0000)  loss_vfl_dn_pre: 0.4271 (0.4251)  loss_bbox_dn_pre: 0.0263 (0.0267)  loss_giou_dn_pre: 0.3309 (0.3317)  time: 0.2942  data: 0.0116  max mem: 8696
Epoch: [28/30] Total time: 0:00:13 (0.3017 s / it)
Averaged stats: lr: 0.000010  loss: 14.5650 (14.7201)  loss_vfl: 0.2711 (0.2755)  loss_bbox: 0.0104 (0.0110)  loss_giou: 0.1353 (0.1433)  loss_fgl: 0.8696 (0.8897)  loss_vfl_aux_0: 0.8163 (0.8504)  loss_bbox_aux_0: 0.0236 (0.0244)  loss_giou_aux_0: 0.2963 (0.2972)  loss_fgl_aux_0: 1.1894 (1.1840)  loss_ddf_aux_0: 0.4520 (0.4681)  loss_vfl_aux_1: 0.3575 (0.3635)  loss_bbox_aux_1: 0.0108 (0.0113)  loss_giou_aux_1: 0.1404 (0.1464)  loss_fgl_aux_1: 0.8846 (0.9001)  loss_ddf_aux_1: 0.0121 (0.0131)  loss_vfl_pre: 0.8452 (0.8795)  loss_bbox_pre: 0.0239 (0.0245)  loss_giou_pre: 0.3005 (0.2977)  loss_vfl_enc_0: 1.1454 (1.1622)  loss_bbox_enc_0: 0.0502 (0.0496)  loss_giou_enc_0: 0.5834 (0.5946)  loss_vfl_dn_0: 0.4227 (0.4211)  loss_bbox_dn_0: 0.0263 (0.0267)  loss_giou_dn_0: 0.3302 (0.3314)  loss_fgl_dn_0: 1.2347 (1.2331)  loss_ddf_dn_0: 0.6995 (0.7278)  loss_vfl_dn_1: 0.2541 (0.2564)  loss_bbox_dn_1: 0.0115 (0.0113)  loss_giou_dn_1: 0.1429 (0.1479)  loss_fgl_dn_1: 0.8820 (0.8919)  loss_ddf_dn_1: 0.0244 (0.0258)  loss_vfl_dn_2: 0.2449 (0.2474)  loss_bbox_dn_2: 0.0107 (0.0109)  loss_giou_dn_2: 0.1412 (0.1422)  loss_fgl_dn_2: 0.8713 (0.8766)  loss_ddf_dn_2: -0.0000 (0.0000)  loss_vfl_dn_pre: 0.4271 (0.4251)  loss_bbox_dn_pre: 0.0263 (0.0267)  loss_giou_dn_pre: 0.3309 (0.3317)
Test:  [0/9]  eta: 0:00:02    time: 0.3236  data: 0.2463  max mem: 8696
Test:  [8/9]  eta: 0:00:00    time: 0.1328  data: 0.0398  max mem: 8696
Test: Total time: 0:00:01 (0.1372 s / it)
Metrics: {'f1': 0.9210526315789473, 'precision': 0.875, 'recall': 0.9722222222222222, 'iou': 0.6097924160521205, 'TPs': 140, 'FPs': 20, 'FNs': 4}
Averaged stats: 
Accumulating evaluation results...
COCOeval_opt.accumulate() finished...
DONE (t=0.01s).
IoU metric: bbox
 Average Precision  (AP) @[ IoU=0.50:0.95 | area=   all | maxDets=100 ] = 0.367
 Average Precision  (AP) @[ IoU=0.50      | area=   all | maxDets=100 ] = 0.947
 Average Precision  (AP) @[ IoU=0.75      | area=   all | maxDets=100 ] = 0.132
 Average Precision  (AP) @[ IoU=0.50:0.95 | area= small | maxDets=100 ] = 0.367
 Average Precision  (AP) @[ IoU=0.50:0.95 | area=medium | maxDets=100 ] = -1.000
 Average Precision  (AP) @[ IoU=0.50:0.95 | area= large | maxDets=100 ] = -1.000
 Average Recall     (AR) @[ IoU=0.50:0.95 | area=   all | maxDets=  1 ] = 0.216
 Average Recall     (AR) @[ IoU=0.50:0.95 | area=   all | maxDets= 10 ] = 0.499
 Average Recall     (AR) @[ IoU=0.50:0.95 | area=   all | maxDets=100 ] = 0.603
 Average Recall     (AR) @[ IoU=0.50:0.95 | area= small | maxDets=100 ] = 0.603
 Average Recall     (AR) @[ IoU=0.50:0.95 | area=medium | maxDets=100 ] = -1.000
 Average Recall     (AR) @[ IoU=0.50:0.95 | area= large | maxDets=100 ] = -1.000
 Average Recall     (AR) @[ IoU=0.50      | area=   all | maxDets=100 ] = 0.986
 Average Recall     (AR) @[ IoU=0.75      | area=   all | maxDets=100 ] = 0.611
best_stat: {'epoch': 10, 'coco_eval_bbox': 0.3933729125968449}
Epoch: [29/30]  [ 0/44]  eta: 0:00:23  lr: 0.000010  loss: 14.9392 (14.9392)  loss_vfl: 0.2554 (0.2554)  loss_bbox: 0.0113 (0.0113)  loss_giou: 0.1442 (0.1442)  loss_fgl: 0.8964 (0.8964)  loss_vfl_aux_0: 0.8030 (0.8030)  loss_bbox_aux_0: 0.0276 (0.0276)  loss_giou_aux_0: 0.3285 (0.3285)  loss_fgl_aux_0: 1.2309 (1.2309)  loss_ddf_aux_0: 0.5357 (0.5357)  loss_vfl_aux_1: 0.3168 (0.3168)  loss_bbox_aux_1: 0.0116 (0.0116)  loss_giou_aux_1: 0.1497 (0.1497)  loss_fgl_aux_1: 0.9037 (0.9037)  loss_ddf_aux_1: 0.0166 (0.0166)  loss_vfl_pre: 0.8280 (0.8280)  loss_bbox_pre: 0.0276 (0.0276)  loss_giou_pre: 0.3280 (0.3280)  loss_vfl_enc_0: 1.1058 (1.1058)  loss_bbox_enc_0: 0.0495 (0.0495)  loss_giou_enc_0: 0.5779 (0.5779)  loss_vfl_dn_0: 0.4230 (0.4230)  loss_bbox_dn_0: 0.0292 (0.0292)  loss_giou_dn_0: 0.3597 (0.3597)  loss_fgl_dn_0: 1.2768 (1.2768)  loss_ddf_dn_0: 0.8849 (0.8849)  loss_vfl_dn_1: 0.2581 (0.2581)  loss_bbox_dn_1: 0.0117 (0.0117)  loss_giou_dn_1: 0.1490 (0.1490)  loss_fgl_dn_1: 0.8837 (0.8837)  loss_ddf_dn_1: 0.0310 (0.0310)  loss_vfl_dn_2: 0.2472 (0.2472)  loss_bbox_dn_2: 0.0112 (0.0112)  loss_giou_dn_2: 0.1433 (0.1433)  loss_fgl_dn_2: 0.8668 (0.8668)  loss_ddf_dn_2: -0.0000 (0.0000)  loss_vfl_dn_pre: 0.4277 (0.4277)  loss_bbox_dn_pre: 0.0292 (0.0292)  loss_giou_dn_pre: 0.3587 (0.3587)  time: 0.5347  data: 0.2394  max mem: 8696
Epoch: [29/30]  [10/44]  eta: 0:00:10  lr: 0.000010  loss: 14.0148 (14.1981)  loss_vfl: 0.2197 (0.2267)  loss_bbox: 0.0088 (0.0099)  loss_giou: 0.1223 (0.1270)  loss_fgl: 0.8198 (0.8465)  loss_vfl_aux_0: 0.8258 (0.8406)  loss_bbox_aux_0: 0.0226 (0.0230)  loss_giou_aux_0: 0.2677 (0.2791)  loss_fgl_aux_0: 1.1324 (1.1550)  loss_ddf_aux_0: 0.4964 (0.4773)  loss_vfl_aux_1: 0.3168 (0.3184)  loss_bbox_aux_1: 0.0092 (0.0101)  loss_giou_aux_1: 0.1233 (0.1296)  loss_fgl_aux_1: 0.8399 (0.8572)  loss_ddf_aux_1: 0.0124 (0.0129)  loss_vfl_pre: 0.8548 (0.8673)  loss_bbox_pre: 0.0227 (0.0229)  loss_giou_pre: 0.2646 (0.2776)  loss_vfl_enc_0: 1.1708 (1.1603)  loss_bbox_enc_0: 0.0453 (0.0476)  loss_giou_enc_0: 0.5779 (0.5688)  loss_vfl_dn_0: 0.4146 (0.4131)  loss_bbox_dn_0: 0.0246 (0.0255)  loss_giou_dn_0: 0.3064 (0.3142)  loss_fgl_dn_0: 1.1973 (1.2089)  loss_ddf_dn_0: 0.7763 (0.7592)  loss_vfl_dn_1: 0.2387 (0.2398)  loss_bbox_dn_1: 0.0099 (0.0103)  loss_giou_dn_1: 0.1320 (0.1329)  loss_fgl_dn_1: 0.8383 (0.8521)  loss_ddf_dn_1: 0.0248 (0.0250)  loss_vfl_dn_2: 0.2277 (0.2293)  loss_bbox_dn_2: 0.0097 (0.0099)  loss_giou_dn_2: 0.1254 (0.1271)  loss_fgl_dn_2: 0.8276 (0.8359)  loss_ddf_dn_2: -0.0000 (0.0000)  loss_vfl_dn_pre: 0.4194 (0.4176)  loss_bbox_dn_pre: 0.0247 (0.0255)  loss_giou_dn_pre: 0.3060 (0.3142)  time: 0.3227  data: 0.0327  max mem: 8696
Epoch: [29/30]  [20/44]  eta: 0:00:07  lr: 0.000010  loss: 14.1343 (14.3546)  loss_vfl: 0.2261 (0.2408)  loss_bbox: 0.0091 (0.0101)  loss_giou: 0.1227 (0.1292)  loss_fgl: 0.8416 (0.8572)  loss_vfl_aux_0: 0.8258 (0.8428)  loss_bbox_aux_0: 0.0226 (0.0235)  loss_giou_aux_0: 0.2746 (0.2847)  loss_fgl_aux_0: 1.1626 (1.1705)  loss_ddf_aux_0: 0.4925 (0.4878)  loss_vfl_aux_1: 0.3195 (0.3221)  loss_bbox_aux_1: 0.0093 (0.0102)  loss_giou_aux_1: 0.1247 (0.1316)  loss_fgl_aux_1: 0.8563 (0.8681)  loss_ddf_aux_1: 0.0129 (0.0131)  loss_vfl_pre: 0.8548 (0.8717)  loss_bbox_pre: 0.0227 (0.0235)  loss_giou_pre: 0.2736 (0.2841)  loss_vfl_enc_0: 1.1420 (1.1502)  loss_bbox_enc_0: 0.0461 (0.0488)  loss_giou_enc_0: 0.5646 (0.5717)  loss_vfl_dn_0: 0.4156 (0.4161)  loss_bbox_dn_0: 0.0254 (0.0261)  loss_giou_dn_0: 0.3118 (0.3202)  loss_fgl_dn_0: 1.2198 (1.2210)  loss_ddf_dn_0: 0.7662 (0.7685)  loss_vfl_dn_1: 0.2380 (0.2427)  loss_bbox_dn_1: 0.0099 (0.0105)  loss_giou_dn_1: 0.1320 (0.1349)  loss_fgl_dn_1: 0.8496 (0.8615)  loss_ddf_dn_1: 0.0243 (0.0256)  loss_vfl_dn_2: 0.2277 (0.2330)  loss_bbox_dn_2: 0.0097 (0.0102)  loss_giou_dn_2: 0.1245 (0.1295)  loss_fgl_dn_2: 0.8294 (0.8457)  loss_ddf_dn_2: -0.0000 (0.0000)  loss_vfl_dn_pre: 0.4200 (0.4207)  loss_bbox_dn_pre: 0.0256 (0.0261)  loss_giou_dn_pre: 0.3097 (0.3206)  time: 0.2996  data: 0.0119  max mem: 8696
Epoch: [29/30]  [30/44]  eta: 0:00:04  lr: 0.000010  loss: 14.3856 (14.2979)  loss_vfl: 0.2373 (0.2483)  loss_bbox: 0.0096 (0.0099)  loss_giou: 0.1264 (0.1265)  loss_fgl: 0.8397 (0.8460)  loss_vfl_aux_0: 0.8188 (0.8345)  loss_bbox_aux_0: 0.0228 (0.0234)  loss_giou_aux_0: 0.2799 (0.2844)  loss_fgl_aux_0: 1.1626 (1.1673)  loss_ddf_aux_0: 0.4956 (0.4934)  loss_vfl_aux_1: 0.3273 (0.3232)  loss_bbox_aux_1: 0.0097 (0.0101)  loss_giou_aux_1: 0.1265 (0.1296)  loss_fgl_aux_1: 0.8502 (0.8577)  loss_ddf_aux_1: 0.0136 (0.0132)  loss_vfl_pre: 0.8482 (0.8634)  loss_bbox_pre: 0.0230 (0.0234)  loss_giou_pre: 0.2806 (0.2838)  loss_vfl_enc_0: 1.1430 (1.1492)  loss_bbox_enc_0: 0.0461 (0.0476)  loss_giou_enc_0: 0.5520 (0.5634)  loss_vfl_dn_0: 0.4156 (0.4156)  loss_bbox_dn_0: 0.0258 (0.0262)  loss_giou_dn_0: 0.3204 (0.3223)  loss_fgl_dn_0: 1.2195 (1.2218)  loss_ddf_dn_0: 0.7861 (0.7776)  loss_vfl_dn_1: 0.2367 (0.2408)  loss_bbox_dn_1: 0.0098 (0.0104)  loss_giou_dn_1: 0.1328 (0.1332)  loss_fgl_dn_1: 0.8404 (0.8530)  loss_ddf_dn_1: 0.0261 (0.0255)  loss_vfl_dn_2: 0.2273 (0.2306)  loss_bbox_dn_2: 0.0094 (0.0100)  loss_giou_dn_2: 0.1238 (0.1276)  loss_fgl_dn_2: 0.8239 (0.8361)  loss_ddf_dn_2: -0.0000 (0.0000)  loss_vfl_dn_pre: 0.4200 (0.4203)  loss_bbox_dn_pre: 0.0259 (0.0262)  loss_giou_dn_pre: 0.3210 (0.3226)  time: 0.2972  data: 0.0117  max mem: 8696
Epoch: [29/30]  [40/44]  eta: 0:00:01  lr: 0.000010  loss: 14.2803 (14.3700)  loss_vfl: 0.2418 (0.2515)  loss_bbox: 0.0096 (0.0102)  loss_giou: 0.1165 (0.1313)  loss_fgl: 0.8199 (0.8587)  loss_vfl_aux_0: 0.8008 (0.8234)  loss_bbox_aux_0: 0.0228 (0.0235)  loss_giou_aux_0: 0.2826 (0.2888)  loss_fgl_aux_0: 1.1664 (1.1767)  loss_ddf_aux_0: 0.5007 (0.4981)  loss_vfl_aux_1: 0.2923 (0.3242)  loss_bbox_aux_1: 0.0100 (0.0104)  loss_giou_aux_1: 0.1194 (0.1345)  loss_fgl_aux_1: 0.8383 (0.8698)  loss_ddf_aux_1: 0.0128 (0.0130)  loss_vfl_pre: 0.8221 (0.8519)  loss_bbox_pre: 0.0229 (0.0235)  loss_giou_pre: 0.2828 (0.2886)  loss_vfl_enc_0: 1.1430 (1.1468)  loss_bbox_enc_0: 0.0444 (0.0469)  loss_giou_enc_0: 0.5448 (0.5594)  loss_vfl_dn_0: 0.4131 (0.4166)  loss_bbox_dn_0: 0.0249 (0.0260)  loss_giou_dn_0: 0.3190 (0.3230)  loss_fgl_dn_0: 1.2153 (1.2241)  loss_ddf_dn_0: 0.7968 (0.7802)  loss_vfl_dn_1: 0.2363 (0.2444)  loss_bbox_dn_1: 0.0102 (0.0105)  loss_giou_dn_1: 0.1269 (0.1365)  loss_fgl_dn_1: 0.8352 (0.8612)  loss_ddf_dn_1: 0.0254 (0.0255)  loss_vfl_dn_2: 0.2256 (0.2340)  loss_bbox_dn_2: 0.0096 (0.0101)  loss_giou_dn_2: 0.1205 (0.1309)  loss_fgl_dn_2: 0.8142 (0.8449)  loss_ddf_dn_2: -0.0000 (0.0000)  loss_vfl_dn_pre: 0.4196 (0.4215)  loss_bbox_dn_pre: 0.0250 (0.0260)  loss_giou_dn_pre: 0.3181 (0.3233)  time: 0.2967  data: 0.0116  max mem: 8696
Epoch: [29/30]  [43/44]  eta: 0:00:00  lr: 0.000010  loss: 14.1388 (14.3498)  loss_vfl: 0.2373 (0.2511)  loss_bbox: 0.0096 (0.0101)  loss_giou: 0.1182 (0.1307)  loss_fgl: 0.8268 (0.8585)  loss_vfl_aux_0: 0.7981 (0.8206)  loss_bbox_aux_0: 0.0230 (0.0235)  loss_giou_aux_0: 0.2922 (0.2891)  loss_fgl_aux_0: 1.1719 (1.1761)  loss_ddf_aux_0: 0.5007 (0.4985)  loss_vfl_aux_1: 0.2917 (0.3238)  loss_bbox_aux_1: 0.0097 (0.0103)  loss_giou_aux_1: 0.1194 (0.1344)  loss_fgl_aux_1: 0.8394 (0.8697)  loss_ddf_aux_1: 0.0127 (0.0131)  loss_vfl_pre: 0.8208 (0.8489)  loss_bbox_pre: 0.0229 (0.0235)  loss_giou_pre: 0.2941 (0.2889)  loss_vfl_enc_0: 1.1272 (1.1425)  loss_bbox_enc_0: 0.0434 (0.0467)  loss_giou_enc_0: 0.5459 (0.5591)  loss_vfl_dn_0: 0.4161 (0.4165)  loss_bbox_dn_0: 0.0251 (0.0259)  loss_giou_dn_0: 0.3199 (0.3227)  loss_fgl_dn_0: 1.2195 (1.2232)  loss_ddf_dn_0: 0.8009 (0.7796)  loss_vfl_dn_1: 0.2366 (0.2438)  loss_bbox_dn_1: 0.0102 (0.0105)  loss_giou_dn_1: 0.1281 (0.1360)  loss_fgl_dn_1: 0.8389 (0.8598)  loss_ddf_dn_1: 0.0254 (0.0255)  loss_vfl_dn_2: 0.2256 (0.2332)  loss_bbox_dn_2: 0.0094 (0.0100)  loss_giou_dn_2: 0.1205 (0.1302)  loss_fgl_dn_2: 0.8142 (0.8434)  loss_ddf_dn_2: -0.0000 (0.0000)  loss_vfl_dn_pre: 0.4195 (0.4213)  loss_bbox_dn_pre: 0.0251 (0.0259)  loss_giou_dn_pre: 0.3203 (0.3231)  time: 0.2939  data: 0.0115  max mem: 8696
Epoch: [29/30] Total time: 0:00:13 (0.3033 s / it)
Averaged stats: lr: 0.000010  loss: 14.1388 (14.3498)  loss_vfl: 0.2373 (0.2511)  loss_bbox: 0.0096 (0.0101)  loss_giou: 0.1182 (0.1307)  loss_fgl: 0.8268 (0.8585)  loss_vfl_aux_0: 0.7981 (0.8206)  loss_bbox_aux_0: 0.0230 (0.0235)  loss_giou_aux_0: 0.2922 (0.2891)  loss_fgl_aux_0: 1.1719 (1.1761)  loss_ddf_aux_0: 0.5007 (0.4985)  loss_vfl_aux_1: 0.2917 (0.3238)  loss_bbox_aux_1: 0.0097 (0.0103)  loss_giou_aux_1: 0.1194 (0.1344)  loss_fgl_aux_1: 0.8394 (0.8697)  loss_ddf_aux_1: 0.0127 (0.0131)  loss_vfl_pre: 0.8208 (0.8489)  loss_bbox_pre: 0.0229 (0.0235)  loss_giou_pre: 0.2941 (0.2889)  loss_vfl_enc_0: 1.1272 (1.1425)  loss_bbox_enc_0: 0.0434 (0.0467)  loss_giou_enc_0: 0.5459 (0.5591)  loss_vfl_dn_0: 0.4161 (0.4165)  loss_bbox_dn_0: 0.0251 (0.0259)  loss_giou_dn_0: 0.3199 (0.3227)  loss_fgl_dn_0: 1.2195 (1.2232)  loss_ddf_dn_0: 0.8009 (0.7796)  loss_vfl_dn_1: 0.2366 (0.2438)  loss_bbox_dn_1: 0.0102 (0.0105)  loss_giou_dn_1: 0.1281 (0.1360)  loss_fgl_dn_1: 0.8389 (0.8598)  loss_ddf_dn_1: 0.0254 (0.0255)  loss_vfl_dn_2: 0.2256 (0.2332)  loss_bbox_dn_2: 0.0094 (0.0100)  loss_giou_dn_2: 0.1205 (0.1302)  loss_fgl_dn_2: 0.8142 (0.8434)  loss_ddf_dn_2: -0.0000 (0.0000)  loss_vfl_dn_pre: 0.4195 (0.4213)  loss_bbox_dn_pre: 0.0251 (0.0259)  loss_giou_dn_pre: 0.3203 (0.3231)
Test:  [0/9]  eta: 0:00:02    time: 0.3114  data: 0.2343  max mem: 8696
Test:  [8/9]  eta: 0:00:00    time: 0.1087  data: 0.0369  max mem: 8696
Test: Total time: 0:00:01 (0.1129 s / it)
Metrics: {'f1': 0.9235880398671097, 'precision': 0.8853503184713376, 'recall': 0.9652777777777778, 'iou': 0.6134815845224593, 'TPs': 139, 'FPs': 18, 'FNs': 5}
Averaged stats: 
Accumulating evaluation results...
COCOeval_opt.accumulate() finished...
DONE (t=0.01s).
IoU metric: bbox
 Average Precision  (AP) @[ IoU=0.50:0.95 | area=   all | maxDets=100 ] = 0.362
 Average Precision  (AP) @[ IoU=0.50      | area=   all | maxDets=100 ] = 0.937
 Average Precision  (AP) @[ IoU=0.75      | area=   all | maxDets=100 ] = 0.125
 Average Precision  (AP) @[ IoU=0.50:0.95 | area= small | maxDets=100 ] = 0.362
 Average Precision  (AP) @[ IoU=0.50:0.95 | area=medium | maxDets=100 ] = -1.000
 Average Precision  (AP) @[ IoU=0.50:0.95 | area= large | maxDets=100 ] = -1.000
 Average Recall     (AR) @[ IoU=0.50:0.95 | area=   all | maxDets=  1 ] = 0.215
 Average Recall     (AR) @[ IoU=0.50:0.95 | area=   all | maxDets= 10 ] = 0.494
 Average Recall     (AR) @[ IoU=0.50:0.95 | area=   all | maxDets=100 ] = 0.601
 Average Recall     (AR) @[ IoU=0.50:0.95 | area= small | maxDets=100 ] = 0.601
 Average Recall     (AR) @[ IoU=0.50:0.95 | area=medium | maxDets=100 ] = -1.000
 Average Recall     (AR) @[ IoU=0.50:0.95 | area= large | maxDets=100 ] = -1.000
 Average Recall     (AR) @[ IoU=0.50      | area=   all | maxDets=100 ] = 0.986
 Average Recall     (AR) @[ IoU=0.75      | area=   all | maxDets=100 ] = 0.597
best_stat: {'epoch': 10, 'coco_eval_bbox': 0.3933729125968449}
Training time 0:07:39
