Not init distributed mode.
cfg: 
{'_collate_fn': None,
 '_criterion': None,
 '_ema': None,
 '_evaluator': None,
 '_lr_scheduler': None,
 '_lr_warmup_scheduler': None,
 '_model': None,
 '_optimizer': None,
 '_postprocessor': None,
 '_scaler': None,
 '_train_batch_size': None,
 '_train_dataloader': None,
 '_train_dataset': None,
 '_train_shuffle': None,
 '_val_batch_size': None,
 '_val_dataloader': None,
 '_val_dataset': None,
 '_val_shuffle': None,
 '_writer': None,
 'batch_size': None,
 'checkpoint_freq': 30,
 'clip_max_norm': 0.1,
 'device': 'cuda:0',
 'ema_decay': 0.9999,
 'ema_warmups': 2000,
 'epochs': 30,
 'find_unused_parameters': False,
 'last_epoch': -1,
 'num_workers': 0,
 'output_dir': '/home/viplab/contest/experiments/kamp_v2_ambiguity/runs/edge_seed20260930',
 'print_freq': 10,
 'resume': None,
 'seed': 20260930,
 'summary_dir': None,
 'sync_bn': False,
 'task': 'detection',
 'tuning': '/home/viplab/contest/experiments/kamp_pilot_v1/dfine_s_init.pth',
 'use_amp': False,
 'use_ema': True,
 'yaml_cfg': {'DFINE': {'backbone': 'HGNetv2',
                        'decoder': 'DFINETransformer',
                        'encoder': 'HybridEncoder'},
              'DFINECriterion': {'alpha': 0.75,
                                 'gamma': 2.0,
                                 'losses': ['vfl', 'boxes', 'local'],
                                 'matcher': {'alpha': 0.25,
                                             'gamma': 2.0,
                                             'type': 'HungarianMatcher',
                                             'weight_dict': {'cost_bbox': 5,
                                                             'cost_class': 2,
                                                             'cost_giou': 2}},
                                 'reg_max': 32,
                                 'weight_dict': {'loss_bbox': 5,
                                                 'loss_ddf': 1.5,
                                                 'loss_fgl': 0.15,
                                                 'loss_giou': 2,
                                                 'loss_vfl': 1}},
              'DFINEPostProcessor': {'num_top_queries': 300},
              'DFINETransformer': {'box_noise_scale': 1.0,
                                   'cross_attn_method': 'default',
                                   'eval_idx': -1,
                                   'feat_channels': [256, 256, 256],
                                   'feat_strides': [8, 16, 32],
                                   'hidden_dim': 256,
                                   'label_noise_ratio': 0.5,
                                   'layer_scale': 1,
                                   'num_denoising': 100,
                                   'num_layers': 3,
                                   'num_levels': 3,
                                   'num_points': [3, 6, 3],
                                   'num_queries': 300,
                                   'query_select_method': 'default',
                                   'reg_max': 32,
                                   'reg_scale': 4},
              'HGNetv2': {'freeze_at': -1,
                          'freeze_norm': False,
                          'local_model_dir': 'weight/hgnetv2/',
                          'name': 'B0',
                          'pretrained': False,
                          'return_idx': [1, 2, 3],
                          'use_lab': True},
              'HybridEncoder': {'act': 'silu',
                                'depth_mult': 0.34,
                                'dim_feedforward': 1024,
                                'dropout': 0.0,
                                'enc_act': 'gelu',
                                'expansion': 0.5,
                                'feat_strides': [8, 16, 32],
                                'hidden_dim': 256,
                                'in_channels': [256, 512, 1024],
                                'nhead': 8,
                                'num_encoder_layers': 1,
                                'use_encoder_idx': [2]},
              '__include__': ['/home/viplab/contest/models/D-FINE/configs/dfine/dfine_hgnetv2_s_coco.yml'],
              'checkpoint_freq': 30,
              'clip_max_norm': 0.1,
              'config': '/home/viplab/contest/experiments/kamp_v2_ambiguity/configs/edge_seed20260930.yml',
              'criterion': 'DFINECriterion',
              'device': 'cuda:0',
              'ema': {'decay': 0.9999,
                      'start': 0,
                      'type': 'ModelEMA',
                      'warmups': 100},
              'epochs': 30,
              'eval_spatial_size': [640, 640],
              'evaluator': {'iou_types': ['bbox'], 'type': 'CocoEvaluator'},
              'exp_name': 'baseline',
              'find_unused_parameters': False,
              'lr_scheduler': {'gamma': 0.1,
                               'milestones': [24],
                               'type': 'MultiStepLR'},
              'lr_warmup_scheduler': {'type': 'LinearWarmup',
                                      'warmup_duration': 45},
              'model': 'DFINE',
              'num_classes': 1,
              'optimizer': {'betas': [0.9, 0.999],
                            'lr': 0.0002,
                            'params': [{'lr': 0.0001,
                                        'params': '^(?=.*backbone)(?!.*norm|bn).*$'},
                                       {'lr': 0.0001,
                                        'params': '^(?=.*backbone)(?=.*norm|bn).*$',
                                        'weight_decay': 0.0},
                                       {'params': '^(?=.*(?:encoder|decoder))(?=.*(?:norm|bn|bias)).*$',
                                        'weight_decay': 0.0}],
                            'type': 'AdamW',
                            'weight_decay': 0.0001},
              'output_dir': '/home/viplab/contest/experiments/kamp_v2_ambiguity/runs/edge_seed20260930',
              'postprocessor': 'DFINEPostProcessor',
              'print_freq': 10,
              'print_method': 'builtin',
              'print_rank': 0,
              'project_name': 'D-FINE',
              'remap_mscoco_category': False,
              'scaler': {'enabled': True, 'type': 'GradScaler'},
              'seed': 20260930,
              'sync_bn': False,
              'task': 'detection',
              'test_only': False,
              'train_dataloader': {'collate_fn': {'base_size': 640,
                                                  'base_size_repeat': None,
                                                  'ema_restart_decay': 0.9999,
                                                  'stop_epoch': 1000,
                                                  'type': 'BatchImageCollateFunction'},
                                   'dataset': {'ann_file': '/home/viplab/contest/experiments/kamp_v2_baselines/data640/annotations/train.json',
                                               'img_folder': '/home/viplab/contest/experiments/kamp_v2_baselines/data640/images/train',
                                               'return_masks': False,
                                               'transforms': {'ops': [{'dtype': 'float32',
                                                                       'scale': True,
                                                                       'type': 'ConvertPILImage'},
                                                                      {'fmt': 'cxcywh',
                                                                       'normalize': True,
                                                                       'type': 'ConvertBoxes'}],
                                                              'policy': {'epoch': 1000,
                                                                         'name': 'stop_epoch',
                                                                         'ops': ['RandomPhotometricDistort',
                                                                                 'RandomZoomOut',
                                                                                 'RandomIoUCrop']},
                                                              'type': 'Compose'},
                                               'type': 'CocoDetection'},
                                   'drop_last': False,
                                   'num_workers': 2,
                                   'shuffle': True,
                                   'total_batch_size': 8,
                                   'type': 'DataLoader'},
              'tuning': '/home/viplab/contest/experiments/kamp_pilot_v1/dfine_s_init.pth',
              'use_amp': False,
              'use_ema': True,
              'use_focal_loss': True,
              'use_wandb': False,
              'val_dataloader': {'collate_fn': {'type': 'BatchImageCollateFunction'},
                                 'dataset': {'ann_file': '/home/viplab/contest/experiments/kamp_v2_baselines/data640/annotations/val.json',
                                             'img_folder': '/home/viplab/contest/experiments/kamp_v2_baselines/data640/images/val',
                                             'return_masks': False,
                                             'transforms': {'ops': [{'dtype': 'float32',
                                                                     'scale': True,
                                                                     'type': 'ConvertPILImage'}],
                                                            'type': 'Compose'},
                                             'type': 'CocoDetection'},
                                 'drop_last': False,
                                 'num_workers': 2,
                                 'shuffle': False,
                                 'total_batch_size': 8,
                                 'type': 'DataLoader'}}}
Tuning checkpoint from /home/viplab/contest/experiments/kamp_pilot_v1/dfine_s_init.pth
Load model.state_dict, {'missed': [], 'unmatched': []}
Initial lr: [0.0001, 0.0001, 0.0002, 0.0002]
building train_dataloader with batch_size=8...
building val_dataloader with batch_size=8...

------------------------------------- Calculate Flops Results -------------------------------------
Notations:
number of parameters (Params), number of multiply-accumulate operations(MACs),
number of floating-point operations (FLOPs), floating-point operations per second (FLOPS),
fwd FLOPs (model forward propagation FLOPs), bwd FLOPs (model backward propagation FLOPs),
default model backpropagation takes 2.00 times as much computation as forward propagation.

Total Training Params:                                                  10.18 M 
fwd MACs:                                                               12.3563 GMACs
fwd FLOPs:                                                              24.8195 GFLOPS
fwd+bwd MACs:                                                           37.069 GMACs
fwd+bwd FLOPs:                                                          74.4584 GFLOPS
---------------------------------------------------------------------------------------------------
{'Model FLOPs:24.8195 GFLOPS   MACs:12.3563 GMACs   Params:10176661'}
------------------------------------------Start training-------------------------------------------
/home/viplab/contest/models/D-FINE/src/solver/det_engine.py:125: UserWarning: Converting a tensor with requires_grad=True to a scalar may lead to unexpected behavior.
Consider using tensor.detach() first. (Triggered internally at /pytorch/torch/csrc/autograd/generated/python_variable_methods.cpp:836.)
  if not math.isfinite(loss_value):
Epoch: [0/30]  [ 0/44]  eta: 0:00:59  lr: 0.000004  loss: 33.5809 (33.5809)  loss_mal: 0.0398 (0.0398)  loss_bbox: 1.7719 (1.7719)  loss_giou: 2.5477 (2.5477)  loss_fgl: 0.0889 (0.0889)  loss_mal_aux_0: 0.0293 (0.0293)  loss_bbox_aux_0: 1.7341 (1.7341)  loss_giou_aux_0: 2.6113 (2.6113)  loss_fgl_aux_0: 0.0710 (0.0710)  loss_ddf_aux_0: 0.0280 (0.0280)  loss_mal_aux_1: 0.0344 (0.0344)  loss_bbox_aux_1: 1.7840 (1.7840)  loss_giou_aux_1: 2.5541 (2.5541)  loss_fgl_aux_1: 0.0838 (0.0838)  loss_ddf_aux_1: 0.0018 (0.0018)  loss_mal_pre: 0.0285 (0.0285)  loss_bbox_pre: 1.7671 (1.7671)  loss_giou_pre: 2.6498 (2.6498)  loss_mal_enc_0: 0.0362 (0.0362)  loss_bbox_enc_0: 1.8118 (1.8118)  loss_giou_enc_0: 2.7149 (2.7149)  loss_mal_dn_0: 0.2992 (0.2992)  loss_bbox_dn_0: 0.3504 (0.3504)  loss_giou_dn_0: 1.7358 (1.7358)  loss_fgl_dn_0: 0.5333 (0.5333)  loss_ddf_dn_0: 0.1093 (0.1093)  loss_mal_dn_1: 0.4737 (0.4737)  loss_bbox_dn_1: 0.2424 (0.2424)  loss_giou_dn_1: 1.5672 (1.5672)  loss_fgl_dn_1: 0.6205 (0.6205)  loss_ddf_dn_1: 0.0054 (0.0054)  loss_mal_dn_2: 0.4587 (0.4587)  loss_bbox_dn_2: 0.2374 (0.2374)  loss_giou_dn_2: 1.5495 (1.5495)  loss_fgl_dn_2: 0.6286 (0.6286)  loss_ddf_dn_2: -0.0000 (0.0000)  loss_mal_dn_pre: 0.3034 (0.3034)  loss_bbox_dn_pre: 0.3446 (0.3446)  loss_giou_dn_pre: 1.7330 (1.7330)  time: 1.3569  data: 0.2468  max mem: 5074
Epoch: [0/30]  [10/44]  eta: 0:00:16  lr: 0.000027  loss: 33.5809 (32.9260)  loss_mal: 0.0619 (0.0821)  loss_bbox: 1.6270 (1.5824)  loss_giou: 2.5628 (2.5196)  loss_fgl: 0.1051 (0.1408)  loss_mal_aux_0: 0.0606 (0.0822)  loss_bbox_aux_0: 1.6462 (1.5712)  loss_giou_aux_0: 2.5977 (2.5620)  loss_fgl_aux_0: 0.0910 (0.1353)  loss_ddf_aux_0: 0.0294 (0.0278)  loss_mal_aux_1: 0.0618 (0.0794)  loss_bbox_aux_1: 1.6153 (1.5882)  loss_giou_aux_1: 2.5551 (2.5186)  loss_fgl_aux_1: 0.1051 (0.1393)  loss_ddf_aux_1: 0.0022 (0.0022)  loss_mal_pre: 0.0549 (0.0811)  loss_bbox_pre: 1.6587 (1.5846)  loss_giou_pre: 2.6205 (2.5686)  loss_mal_enc_0: 0.0501 (0.0661)  loss_bbox_enc_0: 1.6821 (1.6310)  loss_giou_enc_0: 2.6686 (2.6084)  loss_mal_dn_0: 0.3788 (0.3936)  loss_bbox_dn_0: 0.3239 (0.3242)  loss_giou_dn_0: 1.5621 (1.5652)  loss_fgl_dn_0: 0.6305 (0.6300)  loss_ddf_dn_0: 0.1519 (0.1605)  loss_mal_dn_1: 0.6928 (0.7112)  loss_bbox_dn_1: 0.1896 (0.1976)  loss_giou_dn_1: 1.3447 (1.3443)  loss_fgl_dn_1: 0.7451 (0.7562)  loss_ddf_dn_1: 0.0068 (0.0065)  loss_mal_dn_2: 0.7059 (0.7075)  loss_bbox_dn_2: 0.1871 (0.1939)  loss_giou_dn_2: 1.3137 (1.3233)  loss_fgl_dn_2: 0.7521 (0.7630)  loss_ddf_dn_2: -0.0000 (0.0000)  loss_mal_dn_pre: 0.3851 (0.3919)  loss_bbox_dn_pre: 0.3231 (0.3218)  loss_giou_dn_pre: 1.5618 (1.5643)  time: 0.4942  data: 0.0364  max mem: 5213
Epoch: [0/30]  [20/44]  eta: 0:00:10  lr: 0.000049  loss: 32.7078 (32.6666)  loss_mal: 0.1400 (0.2113)  loss_bbox: 1.3679 (1.3730)  loss_giou: 2.5081 (2.4140)  loss_fgl: 0.2042 (0.2163)  loss_mal_aux_0: 0.1327 (0.1958)  loss_bbox_aux_0: 1.3465 (1.3872)  loss_giou_aux_0: 2.5566 (2.4460)  loss_fgl_aux_0: 0.1933 (0.2086)  loss_ddf_aux_0: 0.0255 (0.0272)  loss_mal_aux_1: 0.1377 (0.2158)  loss_bbox_aux_1: 1.3665 (1.3807)  loss_giou_aux_1: 2.5058 (2.4098)  loss_fgl_aux_1: 0.1975 (0.2163)  loss_ddf_aux_1: 0.0022 (0.0023)  loss_mal_pre: 0.1337 (0.1912)  loss_bbox_pre: 1.3491 (1.4035)  loss_giou_pre: 2.5499 (2.4529)  loss_mal_enc_0: 0.0916 (0.1388)  loss_bbox_enc_0: 1.4581 (1.4731)  loss_giou_enc_0: 2.6066 (2.4978)  loss_mal_dn_0: 0.5053 (0.6658)  loss_bbox_dn_0: 0.2391 (0.2466)  loss_giou_dn_0: 1.4201 (1.3881)  loss_fgl_dn_0: 0.6819 (0.7512)  loss_ddf_dn_0: 0.1602 (0.1745)  loss_mal_dn_1: 0.9598 (0.9820)  loss_bbox_dn_1: 0.1117 (0.1500)  loss_giou_dn_1: 1.0874 (1.1951)  loss_fgl_dn_1: 0.8257 (0.8412)  loss_ddf_dn_1: 0.0070 (0.0073)  loss_mal_dn_2: 0.9787 (0.9467)  loss_bbox_dn_2: 0.1054 (0.1461)  loss_giou_dn_2: 1.0455 (1.1708)  loss_fgl_dn_2: 0.8424 (0.8483)  loss_ddf_dn_2: -0.0000 (0.0000)  loss_mal_dn_pre: 0.4966 (0.6507)  loss_bbox_dn_pre: 0.2412 (0.2476)  loss_giou_dn_pre: 1.4272 (1.3933)  time: 0.3838  data: 0.0160  max mem: 5225
Epoch: [0/30]  [30/44]  eta: 0:00:05  lr: 0.000071  loss: 32.2803 (32.8297)  loss_mal: 0.2465 (0.2231)  loss_bbox: 1.0713 (1.3058)  loss_giou: 2.3257 (2.3967)  loss_fgl: 0.2257 (0.2190)  loss_mal_aux_0: 0.2435 (0.2187)  loss_bbox_aux_0: 1.1342 (1.3370)  loss_giou_aux_0: 2.3617 (2.4377)  loss_fgl_aux_0: 0.2132 (0.2060)  loss_ddf_aux_0: 0.0319 (0.0320)  loss_mal_aux_1: 0.2626 (0.2336)  loss_bbox_aux_1: 1.0885 (1.3187)  loss_giou_aux_1: 2.3408 (2.3981)  loss_fgl_aux_1: 0.2283 (0.2177)  loss_ddf_aux_1: 0.0029 (0.0027)  loss_mal_pre: 0.2315 (0.2151)  loss_bbox_pre: 1.1430 (1.3662)  loss_giou_pre: 2.3589 (2.4487)  loss_mal_enc_0: 0.1967 (0.1523)  loss_bbox_enc_0: 1.3348 (1.4846)  loss_giou_enc_0: 2.4177 (2.4942)  loss_mal_dn_0: 1.1114 (0.8375)  loss_bbox_dn_0: 0.1021 (0.1981)  loss_giou_dn_0: 1.1088 (1.2907)  loss_fgl_dn_0: 0.9839 (0.8327)  loss_ddf_dn_0: 0.1724 (0.1723)  loss_mal_dn_1: 1.3863 (1.1351)  loss_bbox_dn_1: 0.0826 (0.1276)  loss_giou_dn_1: 0.9466 (1.1050)  loss_fgl_dn_1: 1.0204 (0.9164)  loss_ddf_dn_1: 0.0069 (0.0071)  loss_mal_dn_2: 1.2335 (1.0490)  loss_bbox_dn_2: 0.0808 (0.1242)  loss_giou_dn_2: 0.9274 (1.0815)  loss_fgl_dn_2: 1.0248 (0.9234)  loss_ddf_dn_2: -0.0000 (0.0000)  loss_mal_dn_pre: 1.1215 (0.8297)  loss_bbox_dn_pre: 0.1031 (0.1990)  loss_giou_dn_pre: 1.1031 (1.2923)  time: 0.3875  data: 0.0163  max mem: 5227
Epoch: [0/30]  [40/44]  eta: 0:00:01  lr: 0.000093  loss: 31.0161 (31.9379)  loss_mal: 0.3181 (0.2748)  loss_bbox: 0.9062 (1.1309)  loss_giou: 2.1218 (2.2364)  loss_fgl: 0.2997 (0.2844)  loss_mal_aux_0: 0.3579 (0.2831)  loss_bbox_aux_0: 0.9463 (1.1697)  loss_giou_aux_0: 2.2134 (2.3024)  loss_fgl_aux_0: 0.3010 (0.2553)  loss_ddf_aux_0: 0.0604 (0.0462)  loss_mal_aux_1: 0.3502 (0.3072)  loss_bbox_aux_1: 0.9316 (1.1471)  loss_giou_aux_1: 2.1658 (2.2464)  loss_fgl_aux_1: 0.2955 (0.2793)  loss_ddf_aux_1: 0.0057 (0.0043)  loss_mal_pre: 0.3612 (0.2789)  loss_bbox_pre: 0.9940 (1.1997)  loss_giou_pre: 2.2590 (2.3098)  loss_mal_enc_0: 0.1999 (0.1902)  loss_bbox_enc_0: 1.2066 (1.3735)  loss_giou_enc_0: 2.3209 (2.3971)  loss_mal_dn_0: 1.1585 (0.9158)  loss_bbox_dn_0: 0.0961 (0.1717)  loss_giou_dn_0: 1.0759 (1.2382)  loss_fgl_dn_0: 1.0093 (0.8758)  loss_ddf_dn_0: 0.2161 (0.1956)  loss_mal_dn_1: 1.4440 (1.2110)  loss_bbox_dn_1: 0.0751 (0.1136)  loss_giou_dn_1: 0.8784 (1.0383)  loss_fgl_dn_1: 1.0868 (0.9634)  loss_ddf_dn_1: 0.0083 (0.0086)  loss_mal_dn_2: 1.1745 (1.0679)  loss_bbox_dn_2: 0.0741 (0.1111)  loss_giou_dn_2: 0.8577 (1.0183)  loss_fgl_dn_2: 1.0933 (0.9697)  loss_ddf_dn_2: -0.0000 (0.0000)  loss_mal_dn_pre: 1.1683 (0.9131)  loss_bbox_dn_pre: 0.0961 (0.1722)  loss_giou_dn_pre: 1.0662 (1.2371)  time: 0.4225  data: 0.0157  max mem: 5227
Epoch: [0/30]  [43/44]  eta: 0:00:00  lr: 0.000100  loss: 29.5301 (31.5788)  loss_mal: 0.3770 (0.2900)  loss_bbox: 0.6857 (1.0704)  loss_giou: 1.8722 (2.1789)  loss_fgl: 0.4160 (0.3102)  loss_mal_aux_0: 0.4014 (0.2995)  loss_bbox_aux_0: 0.7642 (1.1124)  loss_giou_aux_0: 1.9504 (2.2543)  loss_fgl_aux_0: 0.3416 (0.2744)  loss_ddf_aux_0: 0.0790 (0.0515)  loss_mal_aux_1: 0.4189 (0.3248)  loss_bbox_aux_1: 0.7146 (1.0882)  loss_giou_aux_1: 1.9020 (2.1924)  loss_fgl_aux_1: 0.4140 (0.3030)  loss_ddf_aux_1: 0.0067 (0.0049)  loss_mal_pre: 0.3867 (0.2928)  loss_bbox_pre: 0.8093 (1.1423)  loss_giou_pre: 1.9647 (2.2605)  loss_mal_enc_0: 0.2275 (0.1944)  loss_bbox_enc_0: 1.1765 (1.3261)  loss_giou_enc_0: 2.1207 (2.3649)  loss_mal_dn_0: 1.1585 (0.9428)  loss_bbox_dn_0: 0.0852 (0.1653)  loss_giou_dn_0: 1.0759 (1.2189)  loss_fgl_dn_0: 1.0093 (0.8900)  loss_ddf_dn_0: 0.2351 (0.2091)  loss_mal_dn_1: 1.4317 (1.2223)  loss_bbox_dn_1: 0.0745 (0.1099)  loss_giou_dn_1: 0.8427 (1.0196)  loss_fgl_dn_1: 1.0926 (0.9757)  loss_ddf_dn_1: 0.0110 (0.0088)  loss_mal_dn_2: 1.1600 (1.0668)  loss_bbox_dn_2: 0.0723 (0.1075)  loss_giou_dn_2: 0.8193 (1.0006)  loss_fgl_dn_2: 1.0991 (0.9819)  loss_ddf_dn_2: -0.0000 (0.0000)  loss_mal_dn_pre: 1.1683 (0.9402)  loss_bbox_dn_pre: 0.0855 (0.1658)  loss_giou_dn_pre: 1.0662 (1.2177)  time: 0.4247  data: 0.0155  max mem: 5227
Epoch: [0/30] Total time: 0:00:18 (0.4277 s / it)
Averaged stats: lr: 0.000100  loss: 29.5301 (31.5788)  loss_mal: 0.3770 (0.2900)  loss_bbox: 0.6857 (1.0704)  loss_giou: 1.8722 (2.1789)  loss_fgl: 0.4160 (0.3102)  loss_mal_aux_0: 0.4014 (0.2995)  loss_bbox_aux_0: 0.7642 (1.1124)  loss_giou_aux_0: 1.9504 (2.2543)  loss_fgl_aux_0: 0.3416 (0.2744)  loss_ddf_aux_0: 0.0790 (0.0515)  loss_mal_aux_1: 0.4189 (0.3248)  loss_bbox_aux_1: 0.7146 (1.0882)  loss_giou_aux_1: 1.9020 (2.1924)  loss_fgl_aux_1: 0.4140 (0.3030)  loss_ddf_aux_1: 0.0067 (0.0049)  loss_mal_pre: 0.3867 (0.2928)  loss_bbox_pre: 0.8093 (1.1423)  loss_giou_pre: 1.9647 (2.2605)  loss_mal_enc_0: 0.2275 (0.1944)  loss_bbox_enc_0: 1.1765 (1.3261)  loss_giou_enc_0: 2.1207 (2.3649)  loss_mal_dn_0: 1.1585 (0.9428)  loss_bbox_dn_0: 0.0852 (0.1653)  loss_giou_dn_0: 1.0759 (1.2189)  loss_fgl_dn_0: 1.0093 (0.8900)  loss_ddf_dn_0: 0.2351 (0.2091)  loss_mal_dn_1: 1.4317 (1.2223)  loss_bbox_dn_1: 0.0745 (0.1099)  loss_giou_dn_1: 0.8427 (1.0196)  loss_fgl_dn_1: 1.0926 (0.9757)  loss_ddf_dn_1: 0.0110 (0.0088)  loss_mal_dn_2: 1.1600 (1.0668)  loss_bbox_dn_2: 0.0723 (0.1075)  loss_giou_dn_2: 0.8193 (1.0006)  loss_fgl_dn_2: 1.0991 (0.9819)  loss_ddf_dn_2: -0.0000 (0.0000)  loss_mal_dn_pre: 1.1683 (0.9402)  loss_bbox_dn_pre: 0.0855 (0.1658)  loss_giou_dn_pre: 1.0662 (1.2177)
Test:  [0/9]  eta: 0:00:05    time: 0.5798  data: 0.2755  max mem: 5227
Test:  [8/9]  eta: 0:00:00    time: 0.1661  data: 0.0426  max mem: 5227
Test: Total time: 0:00:01 (0.1697 s / it)
Metrics: {'f1': 0, 'precision': 0, 'recall': 0.0, 'iou': 0.0, 'TPs': 0, 'FPs': 0, 'FNs': 144}
Averaged stats: 
Accumulating evaluation results...
COCOeval_opt.accumulate() finished...
DONE (t=0.00s).
IoU metric: bbox
 Average Precision  (AP) @[ IoU=0.50:0.95 | area=   all | maxDets=100 ] = 0.002
 Average Precision  (AP) @[ IoU=0.50      | area=   all | maxDets=100 ] = 0.009
 Average Precision  (AP) @[ IoU=0.75      | area=   all | maxDets=100 ] = 0.000
 Average Precision  (AP) @[ IoU=0.50:0.95 | area= small | maxDets=100 ] = 0.006
 Average Precision  (AP) @[ IoU=0.50:0.95 | area=medium | maxDets=100 ] = -1.000
 Average Precision  (AP) @[ IoU=0.50:0.95 | area= large | maxDets=100 ] = -1.000
 Average Recall     (AR) @[ IoU=0.50:0.95 | area=   all | maxDets=  1 ] = 0.018
 Average Recall     (AR) @[ IoU=0.50:0.95 | area=   all | maxDets= 10 ] = 0.070
 Average Recall     (AR) @[ IoU=0.50:0.95 | area=   all | maxDets=100 ] = 0.099
 Average Recall     (AR) @[ IoU=0.50:0.95 | area= small | maxDets=100 ] = 0.099
 Average Recall     (AR) @[ IoU=0.50:0.95 | area=medium | maxDets=100 ] = -1.000
 Average Recall     (AR) @[ IoU=0.50:0.95 | area= large | maxDets=100 ] = -1.000
 Average Recall     (AR) @[ IoU=0.50      | area=   all | maxDets=100 ] = 0.271
 Average Recall     (AR) @[ IoU=0.75      | area=   all | maxDets=100 ] = 0.042
best_stat: {'epoch': 0, 'coco_eval_bbox': 0.00223475252021957}
Epoch: [1/30]  [ 0/44]  eta: 0:00:35  lr: 0.000100  loss: 28.8078 (28.8078)  loss_mal: 0.6025 (0.6025)  loss_bbox: 0.4286 (0.4286)  loss_giou: 1.5292 (1.5292)  loss_fgl: 0.5691 (0.5691)  loss_mal_aux_0: 0.6492 (0.6492)  loss_bbox_aux_0: 0.5659 (0.5659)  loss_giou_aux_0: 1.7198 (1.7198)  loss_fgl_aux_0: 0.4615 (0.4615)  loss_ddf_aux_0: 0.1303 (0.1303)  loss_mal_aux_1: 0.7569 (0.7569)  loss_bbox_aux_1: 0.4770 (0.4770)  loss_giou_aux_1: 1.5896 (1.5896)  loss_fgl_aux_1: 0.5384 (0.5384)  loss_ddf_aux_1: 0.0152 (0.0152)  loss_mal_pre: 0.6326 (0.6326)  loss_bbox_pre: 0.5706 (0.5706)  loss_giou_pre: 1.7136 (1.7136)  loss_mal_enc_0: 0.2437 (0.2437)  loss_bbox_enc_0: 1.0128 (1.0128)  loss_giou_enc_0: 2.1190 (2.1190)  loss_mal_dn_0: 1.3624 (1.3624)  loss_bbox_dn_0: 0.0747 (0.0747)  loss_giou_dn_0: 0.9016 (0.9016)  loss_fgl_dn_0: 1.1183 (1.1183)  loss_ddf_dn_0: 0.4351 (0.4351)  loss_mal_dn_1: 1.3273 (1.3273)  loss_bbox_dn_1: 0.0568 (0.0568)  loss_giou_dn_1: 0.7363 (0.7363)  loss_fgl_dn_1: 1.1625 (1.1625)  loss_ddf_dn_1: 0.0144 (0.0144)  loss_mal_dn_2: 0.9902 (0.9902)  loss_bbox_dn_2: 0.0569 (0.0569)  loss_giou_dn_2: 0.7382 (0.7382)  loss_fgl_dn_2: 1.1725 (1.1725)  loss_ddf_dn_2: -0.0000 (0.0000)  loss_mal_dn_pre: 1.3611 (1.3611)  loss_bbox_dn_pre: 0.0749 (0.0749)  loss_giou_dn_pre: 0.8991 (0.8991)  time: 0.8034  data: 0.2473  max mem: 5227
Epoch: [1/30]  [10/44]  eta: 0:00:19  lr: 0.000100  loss: 28.0123 (28.0108)  loss_mal: 0.6025 (0.6028)  loss_bbox: 0.3313 (0.3404)  loss_giou: 1.4802 (1.4600)  loss_fgl: 0.6151 (0.6418)  loss_mal_aux_0: 0.6492 (0.6831)  loss_bbox_aux_0: 0.4331 (0.4448)  loss_giou_aux_0: 1.6512 (1.6523)  loss_fgl_aux_0: 0.5323 (0.5384)  loss_ddf_aux_0: 0.2030 (0.1984)  loss_mal_aux_1: 0.6431 (0.6783)  loss_bbox_aux_1: 0.3720 (0.3833)  loss_giou_aux_1: 1.5355 (1.4999)  loss_fgl_aux_1: 0.5892 (0.6144)  loss_ddf_aux_1: 0.0210 (0.0206)  loss_mal_pre: 0.6753 (0.6794)  loss_bbox_pre: 0.5032 (0.4815)  loss_giou_pre: 1.6229 (1.6326)  loss_mal_enc_0: 0.5545 (0.4733)  loss_bbox_enc_0: 0.9149 (0.8861)  loss_giou_enc_0: 1.8717 (1.9041)  loss_mal_dn_0: 1.3624 (1.3269)  loss_bbox_dn_0: 0.0747 (0.0772)  loss_giou_dn_0: 0.8426 (0.8629)  loss_fgl_dn_0: 1.1341 (1.1272)  loss_ddf_dn_0: 0.6078 (0.5918)  loss_mal_dn_1: 1.1390 (1.1524)  loss_bbox_dn_1: 0.0598 (0.0605)  loss_giou_dn_1: 0.7157 (0.7233)  loss_fgl_dn_1: 1.1688 (1.1694)  loss_ddf_dn_1: 0.0238 (0.0243)  loss_mal_dn_2: 0.8504 (0.8603)  loss_bbox_dn_2: 0.0598 (0.0601)  loss_giou_dn_2: 0.7174 (0.7208)  loss_fgl_dn_2: 1.1776 (1.1771)  loss_ddf_dn_2: -0.0000 (0.0000)  loss_mal_dn_pre: 1.3604 (1.3151)  loss_bbox_dn_pre: 0.0754 (0.0779)  loss_giou_dn_pre: 0.8527 (0.8680)  time: 0.5781  data: 0.0360  max mem: 5227
Epoch: [1/30]  [20/44]  eta: 0:00:13  lr: 0.000100  loss: 27.0314 (27.1714)  loss_mal: 0.6360 (0.6522)  loss_bbox: 0.2357 (0.2635)  loss_giou: 1.3140 (1.3058)  loss_fgl: 0.7321 (0.7611)  loss_mal_aux_0: 0.7464 (0.8047)  loss_bbox_aux_0: 0.3266 (0.3402)  loss_giou_aux_0: 1.5015 (1.4863)  loss_fgl_aux_0: 0.6050 (0.6610)  loss_ddf_aux_0: 0.2030 (0.1978)  loss_mal_aux_1: 0.6374 (0.6977)  loss_bbox_aux_1: 0.2795 (0.2943)  loss_giou_aux_1: 1.3424 (1.3460)  loss_fgl_aux_1: 0.7014 (0.7337)  loss_ddf_aux_1: 0.0198 (0.0200)  loss_mal_pre: 0.7333 (0.7918)  loss_bbox_pre: 0.3547 (0.3718)  loss_giou_pre: 1.4764 (1.4746)  loss_mal_enc_0: 0.6077 (0.6556)  loss_bbox_enc_0: 0.7102 (0.7082)  loss_giou_enc_0: 1.7362 (1.7407)  loss_mal_dn_0: 1.2668 (1.2572)  loss_bbox_dn_0: 0.0735 (0.0752)  loss_giou_dn_0: 0.8184 (0.8420)  loss_fgl_dn_0: 1.1410 (1.1360)  loss_ddf_dn_0: 0.6708 (0.6495)  loss_mal_dn_1: 0.9615 (0.9992)  loss_bbox_dn_1: 0.0590 (0.0581)  loss_giou_dn_1: 0.6924 (0.7036)  loss_fgl_dn_1: 1.1760 (1.1788)  loss_ddf_dn_1: 0.0320 (0.0310)  loss_mal_dn_2: 0.7795 (0.8090)  loss_bbox_dn_2: 0.0577 (0.0585)  loss_giou_dn_2: 0.6888 (0.7058)  loss_fgl_dn_2: 1.1857 (1.1885)  loss_ddf_dn_2: -0.0000 (0.0000)  loss_mal_dn_pre: 1.2527 (1.2534)  loss_bbox_dn_pre: 0.0740 (0.0752)  loss_giou_dn_pre: 0.8246 (0.8432)  time: 0.5519  data: 0.0150  max mem: 5227
Epoch: [1/30]  [30/44]  eta: 0:00:07  lr: 0.000100  loss: 25.5425 (26.4639)  loss_mal: 0.7882 (0.7117)  loss_bbox: 0.0961 (0.2063)  loss_giou: 0.9343 (1.1530)  loss_fgl: 1.0881 (0.8825)  loss_mal_aux_0: 1.0421 (0.9143)  loss_bbox_aux_0: 0.1263 (0.2647)  loss_giou_aux_0: 1.0535 (1.3077)  loss_fgl_aux_0: 0.9915 (0.7950)  loss_ddf_aux_0: 0.1531 (0.1744)  loss_mal_aux_1: 0.7661 (0.7359)  loss_bbox_aux_1: 0.1055 (0.2290)  loss_giou_aux_1: 0.9653 (1.1862)  loss_fgl_aux_1: 1.0781 (0.8592)  loss_ddf_aux_1: 0.0170 (0.0190)  loss_mal_pre: 1.0448 (0.9080)  loss_bbox_pre: 0.1374 (0.2879)  loss_giou_pre: 1.0508 (1.2950)  loss_mal_enc_0: 1.0911 (0.8645)  loss_bbox_enc_0: 0.3233 (0.5627)  loss_giou_enc_0: 1.3158 (1.5594)  loss_mal_dn_0: 1.0913 (1.1775)  loss_bbox_dn_0: 0.0681 (0.0707)  loss_giou_dn_0: 0.7822 (0.8142)  loss_fgl_dn_0: 1.1858 (1.1578)  loss_ddf_dn_0: 0.6723 (0.6412)  loss_mal_dn_1: 0.7837 (0.9262)  loss_bbox_dn_1: 0.0517 (0.0555)  loss_giou_dn_1: 0.6500 (0.6808)  loss_fgl_dn_1: 1.2107 (1.1935)  loss_ddf_dn_1: 0.0353 (0.0327)  loss_mal_dn_2: 0.7550 (0.7906)  loss_bbox_dn_2: 0.0521 (0.0562)  loss_giou_dn_2: 0.6553 (0.6867)  loss_fgl_dn_2: 1.2201 (1.2015)  loss_ddf_dn_2: -0.0000 (0.0000)  loss_mal_dn_pre: 1.1018 (1.1789)  loss_bbox_dn_pre: 0.0670 (0.0706)  loss_giou_dn_pre: 0.7778 (0.8128)  time: 0.5584  data: 0.0153  max mem: 5227
Epoch: [1/30]  [40/44]  eta: 0:00:02  lr: 0.000100  loss: 23.6251 (25.6705)  loss_mal: 0.8275 (0.7397)  loss_bbox: 0.0597 (0.1698)  loss_giou: 0.7044 (1.0328)  loss_fgl: 1.2082 (0.9646)  loss_mal_aux_0: 1.0876 (0.9505)  loss_bbox_aux_0: 0.0678 (0.2155)  loss_giou_aux_0: 0.7435 (1.1597)  loss_fgl_aux_0: 1.1728 (0.8951)  loss_ddf_aux_0: 0.1004 (0.1520)  loss_mal_aux_1: 0.8634 (0.7741)  loss_bbox_aux_1: 0.0614 (0.1872)  loss_giou_aux_1: 0.7100 (1.0598)  loss_fgl_aux_1: 1.1921 (0.9453)  loss_ddf_aux_1: 0.0110 (0.0165)  loss_mal_pre: 1.1059 (0.9457)  loss_bbox_pre: 0.0671 (0.2331)  loss_giou_pre: 0.7378 (1.1490)  loss_mal_enc_0: 1.4830 (1.0516)  loss_bbox_enc_0: 0.1206 (0.4484)  loss_giou_enc_0: 0.9821 (1.3913)  loss_mal_dn_0: 0.8943 (1.0876)  loss_bbox_dn_0: 0.0615 (0.0685)  loss_giou_dn_0: 0.7389 (0.7912)  loss_fgl_dn_0: 1.2130 (1.1726)  loss_ddf_dn_0: 0.4766 (0.5901)  loss_mal_dn_1: 0.7585 (0.8837)  loss_bbox_dn_1: 0.0490 (0.0537)  loss_giou_dn_1: 0.6006 (0.6578)  loss_fgl_dn_1: 1.2231 (1.2015)  loss_ddf_dn_1: 0.0269 (0.0300)  loss_mal_dn_2: 0.7520 (0.7812)  loss_bbox_dn_2: 0.0505 (0.0541)  loss_giou_dn_2: 0.5992 (0.6603)  loss_fgl_dn_2: 1.2293 (1.2086)  loss_ddf_dn_2: -0.0000 (0.0000)  loss_mal_dn_pre: 0.8994 (1.0891)  loss_bbox_dn_pre: 0.0607 (0.0684)  loss_giou_dn_pre: 0.7413 (0.7905)  time: 0.5677  data: 0.0158  max mem: 5227
Epoch: [1/30]  [43/44]  eta: 0:00:00  lr: 0.000100  loss: 23.3130 (25.4978)  loss_mal: 0.8275 (0.7435)  loss_bbox: 0.0568 (0.1619)  loss_giou: 0.6901 (1.0081)  loss_fgl: 1.2211 (0.9857)  loss_mal_aux_0: 1.0876 (0.9599)  loss_bbox_aux_0: 0.0632 (0.2044)  loss_giou_aux_0: 0.7279 (1.1262)  loss_fgl_aux_0: 1.1889 (0.9203)  loss_ddf_aux_0: 0.0926 (0.1458)  loss_mal_aux_1: 0.8812 (0.7814)  loss_bbox_aux_1: 0.0596 (0.1780)  loss_giou_aux_1: 0.6931 (1.0329)  loss_fgl_aux_1: 1.2044 (0.9675)  loss_ddf_aux_1: 0.0104 (0.0157)  loss_mal_pre: 1.1059 (0.9542)  loss_bbox_pre: 0.0641 (0.2208)  loss_giou_pre: 0.7133 (1.1155)  loss_mal_enc_0: 1.5267 (1.1010)  loss_bbox_enc_0: 0.0964 (0.4223)  loss_giou_enc_0: 0.9138 (1.3488)  loss_mal_dn_0: 0.8339 (1.0633)  loss_bbox_dn_0: 0.0612 (0.0678)  loss_giou_dn_0: 0.7389 (0.7877)  loss_fgl_dn_0: 1.2131 (1.1757)  loss_ddf_dn_0: 0.4495 (0.5756)  loss_mal_dn_1: 0.7558 (0.8735)  loss_bbox_dn_1: 0.0486 (0.0532)  loss_giou_dn_1: 0.5933 (0.6543)  loss_fgl_dn_1: 1.2286 (1.2041)  loss_ddf_dn_1: 0.0222 (0.0288)  loss_mal_dn_2: 0.7511 (0.7784)  loss_bbox_dn_2: 0.0491 (0.0536)  loss_giou_dn_2: 0.5966 (0.6571)  loss_fgl_dn_2: 1.2294 (1.2112)  loss_ddf_dn_2: -0.0000 (0.0000)  loss_mal_dn_pre: 0.8366 (1.0648)  loss_bbox_dn_pre: 0.0607 (0.0677)  loss_giou_dn_pre: 0.7413 (0.7870)  time: 0.5523  data: 0.0158  max mem: 5227
Epoch: [1/30] Total time: 0:00:24 (0.5602 s / it)
Averaged stats: lr: 0.000100  loss: 23.3130 (25.4978)  loss_mal: 0.8275 (0.7435)  loss_bbox: 0.0568 (0.1619)  loss_giou: 0.6901 (1.0081)  loss_fgl: 1.2211 (0.9857)  loss_mal_aux_0: 1.0876 (0.9599)  loss_bbox_aux_0: 0.0632 (0.2044)  loss_giou_aux_0: 0.7279 (1.1262)  loss_fgl_aux_0: 1.1889 (0.9203)  loss_ddf_aux_0: 0.0926 (0.1458)  loss_mal_aux_1: 0.8812 (0.7814)  loss_bbox_aux_1: 0.0596 (0.1780)  loss_giou_aux_1: 0.6931 (1.0329)  loss_fgl_aux_1: 1.2044 (0.9675)  loss_ddf_aux_1: 0.0104 (0.0157)  loss_mal_pre: 1.1059 (0.9542)  loss_bbox_pre: 0.0641 (0.2208)  loss_giou_pre: 0.7133 (1.1155)  loss_mal_enc_0: 1.5267 (1.1010)  loss_bbox_enc_0: 0.0964 (0.4223)  loss_giou_enc_0: 0.9138 (1.3488)  loss_mal_dn_0: 0.8339 (1.0633)  loss_bbox_dn_0: 0.0612 (0.0678)  loss_giou_dn_0: 0.7389 (0.7877)  loss_fgl_dn_0: 1.2131 (1.1757)  loss_ddf_dn_0: 0.4495 (0.5756)  loss_mal_dn_1: 0.7558 (0.8735)  loss_bbox_dn_1: 0.0486 (0.0532)  loss_giou_dn_1: 0.5933 (0.6543)  loss_fgl_dn_1: 1.2286 (1.2041)  loss_ddf_dn_1: 0.0222 (0.0288)  loss_mal_dn_2: 0.7511 (0.7784)  loss_bbox_dn_2: 0.0491 (0.0536)  loss_giou_dn_2: 0.5966 (0.6571)  loss_fgl_dn_2: 1.2294 (1.2112)  loss_ddf_dn_2: -0.0000 (0.0000)  loss_mal_dn_pre: 0.8366 (1.0648)  loss_bbox_dn_pre: 0.0607 (0.0677)  loss_giou_dn_pre: 0.7413 (0.7870)
Test:  [0/9]  eta: 0:00:03    time: 0.3751  data: 0.2603  max mem: 5227
Test:  [8/9]  eta: 0:00:00    time: 0.1425  data: 0.0478  max mem: 5227
Test: Total time: 0:00:01 (0.1476 s / it)
Metrics: {'f1': 0, 'precision': 0.0, 'recall': 0.0, 'iou': 0.0, 'TPs': 0, 'FPs': 1, 'FNs': 144}
Averaged stats: 
Accumulating evaluation results...
COCOeval_opt.accumulate() finished...
DONE (t=0.01s).
IoU metric: bbox
 Average Precision  (AP) @[ IoU=0.50:0.95 | area=   all | maxDets=100 ] = 0.221
 Average Precision  (AP) @[ IoU=0.50      | area=   all | maxDets=100 ] = 0.621
 Average Precision  (AP) @[ IoU=0.75      | area=   all | maxDets=100 ] = 0.105
 Average Precision  (AP) @[ IoU=0.50:0.95 | area= small | maxDets=100 ] = 0.221
 Average Precision  (AP) @[ IoU=0.50:0.95 | area=medium | maxDets=100 ] = -1.000
 Average Precision  (AP) @[ IoU=0.50:0.95 | area= large | maxDets=100 ] = -1.000
 Average Recall     (AR) @[ IoU=0.50:0.95 | area=   all | maxDets=  1 ] = 0.158
 Average Recall     (AR) @[ IoU=0.50:0.95 | area=   all | maxDets= 10 ] = 0.436
 Average Recall     (AR) @[ IoU=0.50:0.95 | area=   all | maxDets=100 ] = 0.519
 Average Recall     (AR) @[ IoU=0.50:0.95 | area= small | maxDets=100 ] = 0.519
 Average Recall     (AR) @[ IoU=0.50:0.95 | area=medium | maxDets=100 ] = -1.000
 Average Recall     (AR) @[ IoU=0.50:0.95 | area= large | maxDets=100 ] = -1.000
 Average Recall     (AR) @[ IoU=0.50      | area=   all | maxDets=100 ] = 0.965
 Average Recall     (AR) @[ IoU=0.75      | area=   all | maxDets=100 ] = 0.507
best_stat: {'epoch': 1, 'coco_eval_bbox': 0.2213803869288991}
Epoch: [2/30]  [ 0/44]  eta: 0:00:36  lr: 0.000100  loss: 23.1382 (23.1382)  loss_mal: 0.7469 (0.7469)  loss_bbox: 0.0670 (0.0670)  loss_giou: 0.7665 (0.7665)  loss_fgl: 1.1913 (1.1913)  loss_mal_aux_0: 1.0573 (1.0573)  loss_bbox_aux_0: 0.0654 (0.0654)  loss_giou_aux_0: 0.7495 (0.7495)  loss_fgl_aux_0: 1.1832 (1.1832)  loss_ddf_aux_0: 0.0544 (0.0544)  loss_mal_aux_1: 0.8468 (0.8468)  loss_bbox_aux_1: 0.0645 (0.0645)  loss_giou_aux_1: 0.7429 (0.7429)  loss_fgl_aux_1: 1.1819 (1.1819)  loss_ddf_aux_1: 0.0049 (0.0049)  loss_mal_pre: 1.0448 (1.0448)  loss_bbox_pre: 0.0678 (0.0678)  loss_giou_pre: 0.7495 (0.7495)  loss_mal_enc_0: 1.5454 (1.5454)  loss_bbox_enc_0: 0.1086 (0.1086)  loss_giou_enc_0: 0.8963 (0.8963)  loss_mal_dn_0: 0.7249 (0.7249)  loss_bbox_dn_0: 0.0660 (0.0660)  loss_giou_dn_0: 0.7666 (0.7666)  loss_fgl_dn_0: 1.1965 (1.1965)  loss_ddf_dn_0: 0.3292 (0.3292)  loss_mal_dn_1: 0.7475 (0.7475)  loss_bbox_dn_1: 0.0554 (0.0554)  loss_giou_dn_1: 0.6581 (0.6581)  loss_fgl_dn_1: 1.2084 (1.2084)  loss_ddf_dn_1: 0.0136 (0.0136)  loss_mal_dn_2: 0.7356 (0.7356)  loss_bbox_dn_2: 0.0571 (0.0571)  loss_giou_dn_2: 0.6735 (0.6735)  loss_fgl_dn_2: 1.2182 (1.2182)  loss_ddf_dn_2: -0.0000 (0.0000)  loss_mal_dn_pre: 0.7255 (0.7255)  loss_bbox_dn_pre: 0.0650 (0.0650)  loss_giou_dn_pre: 0.7620 (0.7620)  time: 0.8238  data: 0.2581  max mem: 5227
Epoch: [2/30]  [10/44]  eta: 0:00:18  lr: 0.000100  loss: 22.7188 (22.6653)  loss_mal: 0.7860 (0.7993)  loss_bbox: 0.0454 (0.0484)  loss_giou: 0.6116 (0.6050)  loss_fgl: 1.2469 (1.2446)  loss_mal_aux_0: 1.2317 (1.2269)  loss_bbox_aux_0: 0.0464 (0.0492)  loss_giou_aux_0: 0.6137 (0.6073)  loss_fgl_aux_0: 1.2591 (1.2513)  loss_ddf_aux_0: 0.0505 (0.0535)  loss_mal_aux_1: 0.8468 (0.8497)  loss_bbox_aux_1: 0.0448 (0.0479)  loss_giou_aux_1: 0.6096 (0.5997)  loss_fgl_aux_1: 1.2489 (1.2449)  loss_ddf_aux_1: 0.0038 (0.0040)  loss_mal_pre: 1.2293 (1.2144)  loss_bbox_pre: 0.0456 (0.0491)  loss_giou_pre: 0.6131 (0.6032)  loss_mal_enc_0: 1.6349 (1.6380)  loss_bbox_enc_0: 0.0641 (0.0675)  loss_giou_enc_0: 0.7518 (0.7283)  loss_mal_dn_0: 0.7453 (0.7417)  loss_bbox_dn_0: 0.0574 (0.0579)  loss_giou_dn_0: 0.6849 (0.6951)  loss_fgl_dn_0: 1.2066 (1.2102)  loss_ddf_dn_0: 0.3913 (0.3905)  loss_mal_dn_1: 0.7366 (0.7386)  loss_bbox_dn_1: 0.0420 (0.0447)  loss_giou_dn_1: 0.5707 (0.5706)  loss_fgl_dn_1: 1.2084 (1.2103)  loss_ddf_dn_1: 0.0140 (0.0149)  loss_mal_dn_2: 0.7406 (0.7428)  loss_bbox_dn_2: 0.0417 (0.0443)  loss_giou_dn_2: 0.5662 (0.5665)  loss_fgl_dn_2: 1.2095 (1.2105)  loss_ddf_dn_2: -0.0000 (0.0000)  loss_mal_dn_pre: 0.7431 (0.7411)  loss_bbox_dn_pre: 0.0575 (0.0576)  loss_giou_dn_pre: 0.6865 (0.6960)  time: 0.5473  data: 0.0358  max mem: 5227
Epoch: [2/30]  [20/44]  eta: 0:00:13  lr: 0.000100  loss: 22.2433 (22.3317)  loss_mal: 0.7781 (0.7760)  loss_bbox: 0.0459 (0.0492)  loss_giou: 0.5779 (0.6074)  loss_fgl: 1.2511 (1.2608)  loss_mal_aux_0: 1.1886 (1.1685)  loss_bbox_aux_0: 0.0466 (0.0494)  loss_giou_aux_0: 0.6102 (0.6101)  loss_fgl_aux_0: 1.2591 (1.2594)  loss_ddf_aux_0: 0.0501 (0.0501)  loss_mal_aux_1: 0.7952 (0.8094)  loss_bbox_aux_1: 0.0457 (0.0488)  loss_giou_aux_1: 0.5841 (0.6035)  loss_fgl_aux_1: 1.2537 (1.2603)  loss_ddf_aux_1: 0.0037 (0.0037)  loss_mal_pre: 1.1641 (1.1545)  loss_bbox_pre: 0.0472 (0.0493)  loss_giou_pre: 0.5983 (0.6075)  loss_mal_enc_0: 1.4956 (1.5223)  loss_bbox_enc_0: 0.0572 (0.0617)  loss_giou_enc_0: 0.6619 (0.6956)  loss_mal_dn_0: 0.7426 (0.7410)  loss_bbox_dn_0: 0.0550 (0.0565)  loss_giou_dn_0: 0.6722 (0.6811)  loss_fgl_dn_0: 1.2194 (1.2232)  loss_ddf_dn_0: 0.3410 (0.3493)  loss_mal_dn_1: 0.7355 (0.7344)  loss_bbox_dn_1: 0.0431 (0.0448)  loss_giou_dn_1: 0.5552 (0.5676)  loss_fgl_dn_1: 1.2235 (1.2255)  loss_ddf_dn_1: 0.0125 (0.0126)  loss_mal_dn_2: 0.7369 (0.7352)  loss_bbox_dn_2: 0.0430 (0.0445)  loss_giou_dn_2: 0.5433 (0.5648)  loss_fgl_dn_2: 1.2249 (1.2260)  loss_ddf_dn_2: -0.0000 (0.0000)  loss_mal_dn_pre: 0.7431 (0.7420)  loss_bbox_dn_pre: 0.0547 (0.0561)  loss_giou_dn_pre: 0.6753 (0.6797)  time: 0.5465  data: 0.0148  max mem: 5227
Epoch: [2/30]  [30/44]  eta: 0:00:07  lr: 0.000100  loss: 21.4970 (21.9623)  loss_mal: 0.7468 (0.7690)  loss_bbox: 0.0477 (0.0489)  loss_giou: 0.5779 (0.6040)  loss_fgl: 1.2630 (1.2576)  loss_mal_aux_0: 1.0855 (1.1382)  loss_bbox_aux_0: 0.0486 (0.0491)  loss_giou_aux_0: 0.6046 (0.6065)  loss_fgl_aux_0: 1.2592 (1.2567)  loss_ddf_aux_0: 0.0343 (0.0438)  loss_mal_aux_1: 0.7648 (0.7967)  loss_bbox_aux_1: 0.0479 (0.0486)  loss_giou_aux_1: 0.5841 (0.6010)  loss_fgl_aux_1: 1.2606 (1.2573)  loss_ddf_aux_1: 0.0025 (0.0032)  loss_mal_pre: 1.0779 (1.1263)  loss_bbox_pre: 0.0483 (0.0490)  loss_giou_pre: 0.5983 (0.6046)  loss_mal_enc_0: 1.2546 (1.3954)  loss_bbox_enc_0: 0.0514 (0.0591)  loss_giou_enc_0: 0.6290 (0.6800)  loss_mal_dn_0: 0.7418 (0.7413)  loss_bbox_dn_0: 0.0525 (0.0548)  loss_giou_dn_0: 0.6445 (0.6662)  loss_fgl_dn_0: 1.2335 (1.2271)  loss_ddf_dn_0: 0.2161 (0.2965)  loss_mal_dn_1: 0.7202 (0.7288)  loss_bbox_dn_1: 0.0421 (0.0437)  loss_giou_dn_1: 0.5351 (0.5552)  loss_fgl_dn_1: 1.2320 (1.2283)  loss_ddf_dn_1: 0.0077 (0.0105)  loss_mal_dn_2: 0.7180 (0.7281)  loss_bbox_dn_2: 0.0415 (0.0435)  loss_giou_dn_2: 0.5375 (0.5526)  loss_fgl_dn_2: 1.2329 (1.2290)  loss_ddf_dn_2: -0.0000 (0.0000)  loss_mal_dn_pre: 0.7423 (0.7423)  loss_bbox_dn_pre: 0.0520 (0.0545)  loss_giou_dn_pre: 0.6403 (0.6648)  time: 0.5665  data: 0.0157  max mem: 5227
Epoch: [2/30]  [40/44]  eta: 0:00:02  lr: 0.000100  loss: 20.8804 (21.6450)  loss_mal: 0.7404 (0.7602)  loss_bbox: 0.0471 (0.0484)  loss_giou: 0.5818 (0.6028)  loss_fgl: 1.2519 (1.2539)  loss_mal_aux_0: 0.9739 (1.0861)  loss_bbox_aux_0: 0.0477 (0.0487)  loss_giou_aux_0: 0.5881 (0.6064)  loss_fgl_aux_0: 1.2515 (1.2531)  loss_ddf_aux_0: 0.0269 (0.0396)  loss_mal_aux_1: 0.7503 (0.7830)  loss_bbox_aux_1: 0.0471 (0.0482)  loss_giou_aux_1: 0.5816 (0.6006)  loss_fgl_aux_1: 1.2528 (1.2537)  loss_ddf_aux_1: 0.0021 (0.0029)  loss_mal_pre: 0.9634 (1.0746)  loss_bbox_pre: 0.0479 (0.0486)  loss_giou_pre: 0.5884 (0.6043)  loss_mal_enc_0: 1.1091 (1.3252)  loss_bbox_enc_0: 0.0508 (0.0569)  loss_giou_enc_0: 0.6169 (0.6675)  loss_mal_dn_0: 0.7440 (0.7429)  loss_bbox_dn_0: 0.0501 (0.0531)  loss_giou_dn_0: 0.6302 (0.6529)  loss_fgl_dn_0: 1.2351 (1.2309)  loss_ddf_dn_0: 0.1771 (0.2667)  loss_mal_dn_1: 0.7162 (0.7245)  loss_bbox_dn_1: 0.0396 (0.0425)  loss_giou_dn_1: 0.5257 (0.5438)  loss_fgl_dn_1: 1.2295 (1.2291)  loss_ddf_dn_1: 0.0055 (0.0094)  loss_mal_dn_2: 0.7097 (0.7230)  loss_bbox_dn_2: 0.0394 (0.0422)  loss_giou_dn_2: 0.5245 (0.5414)  loss_fgl_dn_2: 1.2321 (1.2298)  loss_ddf_dn_2: -0.0000 (0.0000)  loss_mal_dn_pre: 0.7454 (0.7437)  loss_bbox_dn_pre: 0.0497 (0.0528)  loss_giou_dn_pre: 0.6330 (0.6515)  time: 0.5663  data: 0.0154  max mem: 5227
Epoch: [2/30]  [43/44]  eta: 0:00:00  lr: 0.000100  loss: 20.7652 (21.5779)  loss_mal: 0.7367 (0.7580)  loss_bbox: 0.0465 (0.0483)  loss_giou: 0.5815 (0.6000)  loss_fgl: 1.2476 (1.2535)  loss_mal_aux_0: 0.9382 (1.0754)  loss_bbox_aux_0: 0.0477 (0.0488)  loss_giou_aux_0: 0.5920 (0.6046)  loss_fgl_aux_0: 1.2494 (1.2531)  loss_ddf_aux_0: 0.0260 (0.0387)  loss_mal_aux_1: 0.7422 (0.7802)  loss_bbox_aux_1: 0.0464 (0.0482)  loss_giou_aux_1: 0.5816 (0.5980)  loss_fgl_aux_1: 1.2491 (1.2532)  loss_ddf_aux_1: 0.0020 (0.0028)  loss_mal_pre: 0.9339 (1.0644)  loss_bbox_pre: 0.0479 (0.0487)  loss_giou_pre: 0.5950 (0.6028)  loss_mal_enc_0: 1.1091 (1.3174)  loss_bbox_enc_0: 0.0508 (0.0567)  loss_giou_enc_0: 0.6179 (0.6641)  loss_mal_dn_0: 0.7441 (0.7433)  loss_bbox_dn_0: 0.0501 (0.0532)  loss_giou_dn_0: 0.6260 (0.6508)  loss_fgl_dn_0: 1.2412 (1.2317)  loss_ddf_dn_0: 0.1704 (0.2596)  loss_mal_dn_1: 0.7167 (0.7232)  loss_bbox_dn_1: 0.0402 (0.0424)  loss_giou_dn_1: 0.5245 (0.5409)  loss_fgl_dn_1: 1.2295 (1.2290)  loss_ddf_dn_1: 0.0052 (0.0091)  loss_mal_dn_2: 0.7069 (0.7213)  loss_bbox_dn_2: 0.0397 (0.0422)  loss_giou_dn_2: 0.5229 (0.5385)  loss_fgl_dn_2: 1.2321 (1.2298)  loss_ddf_dn_2: -0.0000 (0.0000)  loss_mal_dn_pre: 0.7455 (0.7441)  loss_bbox_dn_pre: 0.0497 (0.0528)  loss_giou_dn_pre: 0.6235 (0.6491)  time: 0.5626  data: 0.0152  max mem: 5227
Epoch: [2/30] Total time: 0:00:24 (0.5631 s / it)
Averaged stats: lr: 0.000100  loss: 20.7652 (21.5779)  loss_mal: 0.7367 (0.7580)  loss_bbox: 0.0465 (0.0483)  loss_giou: 0.5815 (0.6000)  loss_fgl: 1.2476 (1.2535)  loss_mal_aux_0: 0.9382 (1.0754)  loss_bbox_aux_0: 0.0477 (0.0488)  loss_giou_aux_0: 0.5920 (0.6046)  loss_fgl_aux_0: 1.2494 (1.2531)  loss_ddf_aux_0: 0.0260 (0.0387)  loss_mal_aux_1: 0.7422 (0.7802)  loss_bbox_aux_1: 0.0464 (0.0482)  loss_giou_aux_1: 0.5816 (0.5980)  loss_fgl_aux_1: 1.2491 (1.2532)  loss_ddf_aux_1: 0.0020 (0.0028)  loss_mal_pre: 0.9339 (1.0644)  loss_bbox_pre: 0.0479 (0.0487)  loss_giou_pre: 0.5950 (0.6028)  loss_mal_enc_0: 1.1091 (1.3174)  loss_bbox_enc_0: 0.0508 (0.0567)  loss_giou_enc_0: 0.6179 (0.6641)  loss_mal_dn_0: 0.7441 (0.7433)  loss_bbox_dn_0: 0.0501 (0.0532)  loss_giou_dn_0: 0.6260 (0.6508)  loss_fgl_dn_0: 1.2412 (1.2317)  loss_ddf_dn_0: 0.1704 (0.2596)  loss_mal_dn_1: 0.7167 (0.7232)  loss_bbox_dn_1: 0.0402 (0.0424)  loss_giou_dn_1: 0.5245 (0.5409)  loss_fgl_dn_1: 1.2295 (1.2290)  loss_ddf_dn_1: 0.0052 (0.0091)  loss_mal_dn_2: 0.7069 (0.7213)  loss_bbox_dn_2: 0.0397 (0.0422)  loss_giou_dn_2: 0.5229 (0.5385)  loss_fgl_dn_2: 1.2321 (1.2298)  loss_ddf_dn_2: -0.0000 (0.0000)  loss_mal_dn_pre: 0.7455 (0.7441)  loss_bbox_dn_pre: 0.0497 (0.0528)  loss_giou_dn_pre: 0.6235 (0.6491)
Test:  [0/9]  eta: 0:00:03    time: 0.4361  data: 0.2741  max mem: 5227
Test:  [8/9]  eta: 0:00:00    time: 0.1490  data: 0.0446  max mem: 5227
Test: Total time: 0:00:01 (0.1535 s / it)
Metrics: {'f1': 0.6451612903225806, 'precision': 0.958904109589041, 'recall': 0.4861111111111111, 'iou': 0.3332409489722479, 'TPs': 70, 'FPs': 3, 'FNs': 74}
Averaged stats: 
Accumulating evaluation results...
COCOeval_opt.accumulate() finished...
DONE (t=0.01s).
IoU metric: bbox
 Average Precision  (AP) @[ IoU=0.50:0.95 | area=   all | maxDets=100 ] = 0.343
 Average Precision  (AP) @[ IoU=0.50      | area=   all | maxDets=100 ] = 0.909
 Average Precision  (AP) @[ IoU=0.75      | area=   all | maxDets=100 ] = 0.151
 Average Precision  (AP) @[ IoU=0.50:0.95 | area= small | maxDets=100 ] = 0.343
 Average Precision  (AP) @[ IoU=0.50:0.95 | area=medium | maxDets=100 ] = -1.000
 Average Precision  (AP) @[ IoU=0.50:0.95 | area= large | maxDets=100 ] = -1.000
 Average Recall     (AR) @[ IoU=0.50:0.95 | area=   all | maxDets=  1 ] = 0.174
 Average Recall     (AR) @[ IoU=0.50:0.95 | area=   all | maxDets= 10 ] = 0.499
 Average Recall     (AR) @[ IoU=0.50:0.95 | area=   all | maxDets=100 ] = 0.592
 Average Recall     (AR) @[ IoU=0.50:0.95 | area= small | maxDets=100 ] = 0.592
 Average Recall     (AR) @[ IoU=0.50:0.95 | area=medium | maxDets=100 ] = -1.000
 Average Recall     (AR) @[ IoU=0.50:0.95 | area= large | maxDets=100 ] = -1.000
 Average Recall     (AR) @[ IoU=0.50      | area=   all | maxDets=100 ] = 0.993
 Average Recall     (AR) @[ IoU=0.75      | area=   all | maxDets=100 ] = 0.625
best_stat: {'epoch': 2, 'coco_eval_bbox': 0.3425875422261574}
Epoch: [3/30]  [ 0/44]  eta: 0:00:37  lr: 0.000100  loss: 20.2449 (20.2449)  loss_mal: 0.7224 (0.7224)  loss_bbox: 0.0459 (0.0459)  loss_giou: 0.5202 (0.5202)  loss_fgl: 1.2799 (1.2799)  loss_mal_aux_0: 0.9466 (0.9466)  loss_bbox_aux_0: 0.0459 (0.0459)  loss_giou_aux_0: 0.5212 (0.5212)  loss_fgl_aux_0: 1.2830 (1.2830)  loss_ddf_aux_0: 0.0235 (0.0235)  loss_mal_aux_1: 0.7335 (0.7335)  loss_bbox_aux_1: 0.0464 (0.0464)  loss_giou_aux_1: 0.5264 (0.5264)  loss_fgl_aux_1: 1.2788 (1.2788)  loss_ddf_aux_1: 0.0017 (0.0017)  loss_mal_pre: 0.9489 (0.9489)  loss_bbox_pre: 0.0453 (0.0453)  loss_giou_pre: 0.5163 (0.5163)  loss_mal_enc_0: 1.1954 (1.1954)  loss_bbox_enc_0: 0.0504 (0.0504)  loss_giou_enc_0: 0.5687 (0.5687)  loss_mal_dn_0: 0.7407 (0.7407)  loss_bbox_dn_0: 0.0512 (0.0512)  loss_giou_dn_0: 0.5664 (0.5664)  loss_fgl_dn_0: 1.2378 (1.2378)  loss_ddf_dn_0: 0.1887 (0.1887)  loss_mal_dn_1: 0.6985 (0.6985)  loss_bbox_dn_1: 0.0397 (0.0397)  loss_giou_dn_1: 0.4574 (0.4574)  loss_fgl_dn_1: 1.2106 (1.2106)  loss_ddf_dn_1: 0.0054 (0.0054)  loss_mal_dn_2: 0.6874 (0.6874)  loss_bbox_dn_2: 0.0393 (0.0393)  loss_giou_dn_2: 0.4535 (0.4535)  loss_fgl_dn_2: 1.2106 (1.2106)  loss_ddf_dn_2: -0.0000 (0.0000)  loss_mal_dn_pre: 0.7412 (0.7412)  loss_bbox_dn_pre: 0.0509 (0.0509)  loss_giou_dn_pre: 0.5654 (0.5654)  time: 0.8586  data: 0.2689  max mem: 5227
Epoch: [3/30]  [10/44]  eta: 0:00:18  lr: 0.000100  loss: 20.3162 (20.2851)  loss_mal: 0.7224 (0.7183)  loss_bbox: 0.0428 (0.0438)  loss_giou: 0.5508 (0.5542)  loss_fgl: 1.2610 (1.2573)  loss_mal_aux_0: 0.9138 (0.9101)  loss_bbox_aux_0: 0.0447 (0.0449)  loss_giou_aux_0: 0.5633 (0.5654)  loss_fgl_aux_0: 1.2599 (1.2592)  loss_ddf_aux_0: 0.0255 (0.0250)  loss_mal_aux_1: 0.7294 (0.7288)  loss_bbox_aux_1: 0.0434 (0.0439)  loss_giou_aux_1: 0.5528 (0.5547)  loss_fgl_aux_1: 1.2598 (1.2580)  loss_ddf_aux_1: 0.0017 (0.0018)  loss_mal_pre: 0.9028 (0.9027)  loss_bbox_pre: 0.0448 (0.0446)  loss_giou_pre: 0.5592 (0.5637)  loss_mal_enc_0: 1.1105 (1.1310)  loss_bbox_enc_0: 0.0493 (0.0478)  loss_giou_enc_0: 0.5826 (0.5933)  loss_mal_dn_0: 0.7448 (0.7454)  loss_bbox_dn_0: 0.0469 (0.0476)  loss_giou_dn_0: 0.6049 (0.6029)  loss_fgl_dn_0: 1.2378 (1.2411)  loss_ddf_dn_0: 0.1704 (0.1682)  loss_mal_dn_1: 0.6991 (0.6989)  loss_bbox_dn_1: 0.0361 (0.0357)  loss_giou_dn_1: 0.4669 (0.4685)  loss_fgl_dn_1: 1.2227 (1.2203)  loss_ddf_dn_1: 0.0049 (0.0046)  loss_mal_dn_2: 0.6916 (0.6888)  loss_bbox_dn_2: 0.0356 (0.0354)  loss_giou_dn_2: 0.4692 (0.4657)  loss_fgl_dn_2: 1.2221 (1.2195)  loss_ddf_dn_2: -0.0000 (0.0000)  loss_mal_dn_pre: 0.7431 (0.7437)  loss_bbox_dn_pre: 0.0470 (0.0475)  loss_giou_dn_pre: 0.5999 (0.6029)  time: 0.5355  data: 0.0395  max mem: 5227
Epoch: [3/30]  [20/44]  eta: 0:00:13  lr: 0.000100  loss: 20.0464 (20.1288)  loss_mal: 0.7168 (0.7220)  loss_bbox: 0.0428 (0.0435)  loss_giou: 0.5502 (0.5516)  loss_fgl: 1.2610 (1.2592)  loss_mal_aux_0: 0.8561 (0.8741)  loss_bbox_aux_0: 0.0447 (0.0443)  loss_giou_aux_0: 0.5603 (0.5599)  loss_fgl_aux_0: 1.2604 (1.2617)  loss_ddf_aux_0: 0.0226 (0.0241)  loss_mal_aux_1: 0.7294 (0.7366)  loss_bbox_aux_1: 0.0433 (0.0436)  loss_giou_aux_1: 0.5527 (0.5523)  loss_fgl_aux_1: 1.2602 (1.2590)  loss_ddf_aux_1: 0.0016 (0.0015)  loss_mal_pre: 0.8552 (0.8703)  loss_bbox_pre: 0.0445 (0.0440)  loss_giou_pre: 0.5575 (0.5574)  loss_mal_enc_0: 1.0773 (1.0923)  loss_bbox_enc_0: 0.0453 (0.0462)  loss_giou_enc_0: 0.5693 (0.5803)  loss_mal_dn_0: 0.7427 (0.7438)  loss_bbox_dn_0: 0.0449 (0.0470)  loss_giou_dn_0: 0.6021 (0.5942)  loss_fgl_dn_0: 1.2380 (1.2402)  loss_ddf_dn_0: 0.1611 (0.1696)  loss_mal_dn_1: 0.6954 (0.6998)  loss_bbox_dn_1: 0.0345 (0.0355)  loss_giou_dn_1: 0.4611 (0.4664)  loss_fgl_dn_1: 1.2172 (1.2156)  loss_ddf_dn_1: 0.0043 (0.0043)  loss_mal_dn_2: 0.6877 (0.6892)  loss_bbox_dn_2: 0.0347 (0.0353)  loss_giou_dn_2: 0.4587 (0.4654)  loss_fgl_dn_2: 1.2200 (1.2159)  loss_ddf_dn_2: -0.0000 (0.0000)  loss_mal_dn_pre: 0.7412 (0.7423)  loss_bbox_dn_pre: 0.0448 (0.0469)  loss_giou_dn_pre: 0.5984 (0.5936)  time: 0.5289  data: 0.0162  max mem: 5227
Epoch: [3/30]  [30/44]  eta: 0:00:07  lr: 0.000100  loss: 19.9924 (20.0636)  loss_mal: 0.7125 (0.7200)  loss_bbox: 0.0439 (0.0438)  loss_giou: 0.5486 (0.5494)  loss_fgl: 1.2672 (1.2619)  loss_mal_aux_0: 0.8448 (0.8700)  loss_bbox_aux_0: 0.0444 (0.0443)  loss_giou_aux_0: 0.5512 (0.5560)  loss_fgl_aux_0: 1.2688 (1.2624)  loss_ddf_aux_0: 0.0211 (0.0227)  loss_mal_aux_1: 0.7276 (0.7329)  loss_bbox_aux_1: 0.0442 (0.0438)  loss_giou_aux_1: 0.5462 (0.5499)  loss_fgl_aux_1: 1.2674 (1.2618)  loss_ddf_aux_1: 0.0012 (0.0014)  loss_mal_pre: 0.8422 (0.8664)  loss_bbox_pre: 0.0440 (0.0442)  loss_giou_pre: 0.5506 (0.5547)  loss_mal_enc_0: 1.0290 (1.0649)  loss_bbox_enc_0: 0.0453 (0.0464)  loss_giou_enc_0: 0.5692 (0.5773)  loss_mal_dn_0: 0.7416 (0.7434)  loss_bbox_dn_0: 0.0447 (0.0465)  loss_giou_dn_0: 0.5639 (0.5837)  loss_fgl_dn_0: 1.2433 (1.2487)  loss_ddf_dn_0: 0.1702 (0.1701)  loss_mal_dn_1: 0.6908 (0.6959)  loss_bbox_dn_1: 0.0348 (0.0355)  loss_giou_dn_1: 0.4463 (0.4630)  loss_fgl_dn_1: 1.2288 (1.2214)  loss_ddf_dn_1: 0.0040 (0.0043)  loss_mal_dn_2: 0.6855 (0.6873)  loss_bbox_dn_2: 0.0347 (0.0354)  loss_giou_dn_2: 0.4523 (0.4614)  loss_fgl_dn_2: 1.2288 (1.2214)  loss_ddf_dn_2: -0.0000 (0.0000)  loss_mal_dn_pre: 0.7404 (0.7425)  loss_bbox_dn_pre: 0.0446 (0.0464)  loss_giou_dn_pre: 0.5609 (0.5823)  time: 0.5526  data: 0.0159  max mem: 5227
Epoch: [3/30]  [40/44]  eta: 0:00:02  lr: 0.000100  loss: 20.0039 (20.0249)  loss_mal: 0.7090 (0.7177)  loss_bbox: 0.0441 (0.0444)  loss_giou: 0.5563 (0.5585)  loss_fgl: 1.2563 (1.2566)  loss_mal_aux_0: 0.7995 (0.8475)  loss_bbox_aux_0: 0.0444 (0.0449)  loss_giou_aux_0: 0.5629 (0.5641)  loss_fgl_aux_0: 1.2608 (1.2571)  loss_ddf_aux_0: 0.0186 (0.0217)  loss_mal_aux_1: 0.7127 (0.7276)  loss_bbox_aux_1: 0.0445 (0.0445)  loss_giou_aux_1: 0.5601 (0.5592)  loss_fgl_aux_1: 1.2576 (1.2567)  loss_ddf_aux_1: 0.0010 (0.0013)  loss_mal_pre: 0.8034 (0.8442)  loss_bbox_pre: 0.0447 (0.0448)  loss_giou_pre: 0.5601 (0.5630)  loss_mal_enc_0: 1.0041 (1.0476)  loss_bbox_enc_0: 0.0460 (0.0468)  loss_giou_enc_0: 0.5805 (0.5836)  loss_mal_dn_0: 0.7441 (0.7444)  loss_bbox_dn_0: 0.0445 (0.0464)  loss_giou_dn_0: 0.5651 (0.5845)  loss_fgl_dn_0: 1.2633 (1.2492)  loss_ddf_dn_0: 0.1590 (0.1660)  loss_mal_dn_1: 0.6876 (0.6947)  loss_bbox_dn_1: 0.0350 (0.0355)  loss_giou_dn_1: 0.4683 (0.4652)  loss_fgl_dn_1: 1.2406 (1.2229)  loss_ddf_dn_1: 0.0032 (0.0040)  loss_mal_dn_2: 0.6787 (0.6867)  loss_bbox_dn_2: 0.0347 (0.0353)  loss_giou_dn_2: 0.4595 (0.4631)  loss_fgl_dn_2: 1.2386 (1.2228)  loss_ddf_dn_2: -0.0000 (0.0000)  loss_mal_dn_pre: 0.7440 (0.7428)  loss_bbox_dn_pre: 0.0446 (0.0463)  loss_giou_dn_pre: 0.5629 (0.5834)  time: 0.5588  data: 0.0159  max mem: 5227
Epoch: [3/30]  [43/44]  eta: 0:00:00  lr: 0.000100  loss: 19.8622 (20.0137)  loss_mal: 0.7033 (0.7167)  loss_bbox: 0.0439 (0.0442)  loss_giou: 0.5589 (0.5588)  loss_fgl: 1.2563 (1.2565)  loss_mal_aux_0: 0.7873 (0.8419)  loss_bbox_aux_0: 0.0442 (0.0449)  loss_giou_aux_0: 0.5690 (0.5654)  loss_fgl_aux_0: 1.2550 (1.2574)  loss_ddf_aux_0: 0.0178 (0.0212)  loss_mal_aux_1: 0.7100 (0.7263)  loss_bbox_aux_1: 0.0442 (0.0443)  loss_giou_aux_1: 0.5601 (0.5592)  loss_fgl_aux_1: 1.2545 (1.2567)  loss_ddf_aux_1: 0.0010 (0.0013)  loss_mal_pre: 0.7854 (0.8387)  loss_bbox_pre: 0.0437 (0.0448)  loss_giou_pre: 0.5675 (0.5642)  loss_mal_enc_0: 0.9988 (1.0406)  loss_bbox_enc_0: 0.0460 (0.0468)  loss_giou_enc_0: 0.5736 (0.5846)  loss_mal_dn_0: 0.7433 (0.7439)  loss_bbox_dn_0: 0.0442 (0.0463)  loss_giou_dn_0: 0.5669 (0.5863)  loss_fgl_dn_0: 1.2692 (1.2511)  loss_ddf_dn_0: 0.1626 (0.1671)  loss_mal_dn_1: 0.6856 (0.6942)  loss_bbox_dn_1: 0.0348 (0.0354)  loss_giou_dn_1: 0.4683 (0.4653)  loss_fgl_dn_1: 1.2406 (1.2241)  loss_ddf_dn_1: 0.0031 (0.0039)  loss_mal_dn_2: 0.6787 (0.6863)  loss_bbox_dn_2: 0.0347 (0.0352)  loss_giou_dn_2: 0.4637 (0.4629)  loss_fgl_dn_2: 1.2386 (1.2239)  loss_ddf_dn_2: -0.0000 (0.0000)  loss_mal_dn_pre: 0.7412 (0.7422)  loss_bbox_dn_pre: 0.0443 (0.0462)  loss_giou_dn_pre: 0.5668 (0.5850)  time: 0.5563  data: 0.0157  max mem: 5227
Epoch: [3/30] Total time: 0:00:24 (0.5517 s / it)
Averaged stats: lr: 0.000100  loss: 19.8622 (20.0137)  loss_mal: 0.7033 (0.7167)  loss_bbox: 0.0439 (0.0442)  loss_giou: 0.5589 (0.5588)  loss_fgl: 1.2563 (1.2565)  loss_mal_aux_0: 0.7873 (0.8419)  loss_bbox_aux_0: 0.0442 (0.0449)  loss_giou_aux_0: 0.5690 (0.5654)  loss_fgl_aux_0: 1.2550 (1.2574)  loss_ddf_aux_0: 0.0178 (0.0212)  loss_mal_aux_1: 0.7100 (0.7263)  loss_bbox_aux_1: 0.0442 (0.0443)  loss_giou_aux_1: 0.5601 (0.5592)  loss_fgl_aux_1: 1.2545 (1.2567)  loss_ddf_aux_1: 0.0010 (0.0013)  loss_mal_pre: 0.7854 (0.8387)  loss_bbox_pre: 0.0437 (0.0448)  loss_giou_pre: 0.5675 (0.5642)  loss_mal_enc_0: 0.9988 (1.0406)  loss_bbox_enc_0: 0.0460 (0.0468)  loss_giou_enc_0: 0.5736 (0.5846)  loss_mal_dn_0: 0.7433 (0.7439)  loss_bbox_dn_0: 0.0442 (0.0463)  loss_giou_dn_0: 0.5669 (0.5863)  loss_fgl_dn_0: 1.2692 (1.2511)  loss_ddf_dn_0: 0.1626 (0.1671)  loss_mal_dn_1: 0.6856 (0.6942)  loss_bbox_dn_1: 0.0348 (0.0354)  loss_giou_dn_1: 0.4683 (0.4653)  loss_fgl_dn_1: 1.2406 (1.2241)  loss_ddf_dn_1: 0.0031 (0.0039)  loss_mal_dn_2: 0.6787 (0.6863)  loss_bbox_dn_2: 0.0347 (0.0352)  loss_giou_dn_2: 0.4637 (0.4629)  loss_fgl_dn_2: 1.2386 (1.2239)  loss_ddf_dn_2: -0.0000 (0.0000)  loss_mal_dn_pre: 0.7412 (0.7422)  loss_bbox_dn_pre: 0.0443 (0.0462)  loss_giou_dn_pre: 0.5668 (0.5850)
Test:  [0/9]  eta: 0:00:02    time: 0.3255  data: 0.2587  max mem: 5227
Test:  [8/9]  eta: 0:00:00    time: 0.1615  data: 0.0487  max mem: 5227
Test: Total time: 0:00:01 (0.1661 s / it)
Metrics: {'f1': 0.7296137339055794, 'precision': 0.9550561797752809, 'recall': 0.5902777777777778, 'iou': 0.4080866506776294, 'TPs': 85, 'FPs': 4, 'FNs': 59}
Averaged stats: 
Accumulating evaluation results...
COCOeval_opt.accumulate() finished...
DONE (t=0.01s).
IoU metric: bbox
 Average Precision  (AP) @[ IoU=0.50:0.95 | area=   all | maxDets=100 ] = 0.367
 Average Precision  (AP) @[ IoU=0.50      | area=   all | maxDets=100 ] = 0.948
 Average Precision  (AP) @[ IoU=0.75      | area=   all | maxDets=100 ] = 0.149
 Average Precision  (AP) @[ IoU=0.50:0.95 | area= small | maxDets=100 ] = 0.367
 Average Precision  (AP) @[ IoU=0.50:0.95 | area=medium | maxDets=100 ] = -1.000
 Average Precision  (AP) @[ IoU=0.50:0.95 | area= large | maxDets=100 ] = -1.000
 Average Recall     (AR) @[ IoU=0.50:0.95 | area=   all | maxDets=  1 ] = 0.205
 Average Recall     (AR) @[ IoU=0.50:0.95 | area=   all | maxDets= 10 ] = 0.514
 Average Recall     (AR) @[ IoU=0.50:0.95 | area=   all | maxDets=100 ] = 0.630
 Average Recall     (AR) @[ IoU=0.50:0.95 | area= small | maxDets=100 ] = 0.630
 Average Recall     (AR) @[ IoU=0.50:0.95 | area=medium | maxDets=100 ] = -1.000
 Average Recall     (AR) @[ IoU=0.50:0.95 | area= large | maxDets=100 ] = -1.000
 Average Recall     (AR) @[ IoU=0.50      | area=   all | maxDets=100 ] = 1.000
 Average Recall     (AR) @[ IoU=0.75      | area=   all | maxDets=100 ] = 0.694
best_stat: {'epoch': 3, 'coco_eval_bbox': 0.36713706837799737}
Epoch: [4/30]  [ 0/44]  eta: 0:00:32  lr: 0.000100  loss: 19.8184 (19.8184)  loss_mal: 0.6930 (0.6930)  loss_bbox: 0.0468 (0.0468)  loss_giou: 0.5825 (0.5825)  loss_fgl: 1.2657 (1.2657)  loss_mal_aux_0: 0.7655 (0.7655)  loss_bbox_aux_0: 0.0480 (0.0480)  loss_giou_aux_0: 0.5982 (0.5982)  loss_fgl_aux_0: 1.2677 (1.2677)  loss_ddf_aux_0: 0.0150 (0.0150)  loss_mal_aux_1: 0.6929 (0.6929)  loss_bbox_aux_1: 0.0467 (0.0467)  loss_giou_aux_1: 0.5817 (0.5817)  loss_fgl_aux_1: 1.2632 (1.2632)  loss_ddf_aux_1: 0.0009 (0.0009)  loss_mal_pre: 0.7621 (0.7621)  loss_bbox_pre: 0.0478 (0.0478)  loss_giou_pre: 0.5950 (0.5950)  loss_mal_enc_0: 0.9373 (0.9373)  loss_bbox_enc_0: 0.0501 (0.0501)  loss_giou_enc_0: 0.6238 (0.6238)  loss_mal_dn_0: 0.7328 (0.7328)  loss_bbox_dn_0: 0.0451 (0.0451)  loss_giou_dn_0: 0.5640 (0.5640)  loss_fgl_dn_0: 1.2461 (1.2461)  loss_ddf_dn_0: 0.1920 (0.1920)  loss_mal_dn_1: 0.6893 (0.6893)  loss_bbox_dn_1: 0.0357 (0.0357)  loss_giou_dn_1: 0.4559 (0.4559)  loss_fgl_dn_1: 1.2233 (1.2233)  loss_ddf_dn_1: 0.0037 (0.0037)  loss_mal_dn_2: 0.6887 (0.6887)  loss_bbox_dn_2: 0.0355 (0.0355)  loss_giou_dn_2: 0.4548 (0.4548)  loss_fgl_dn_2: 1.2231 (1.2231)  loss_ddf_dn_2: -0.0000 (0.0000)  loss_mal_dn_pre: 0.7319 (0.7319)  loss_bbox_dn_pre: 0.0452 (0.0452)  loss_giou_dn_pre: 0.5672 (0.5672)  time: 0.7474  data: 0.3121  max mem: 5227
Epoch: [4/30]  [10/44]  eta: 0:00:20  lr: 0.000100  loss: 19.4246 (19.4119)  loss_mal: 0.6980 (0.6988)  loss_bbox: 0.0425 (0.0412)  loss_giou: 0.5211 (0.5291)  loss_fgl: 1.2468 (1.2459)  loss_mal_aux_0: 0.7655 (0.7643)  loss_bbox_aux_0: 0.0428 (0.0427)  loss_giou_aux_0: 0.5416 (0.5461)  loss_fgl_aux_0: 1.2434 (1.2468)  loss_ddf_aux_0: 0.0176 (0.0170)  loss_mal_aux_1: 0.7046 (0.7073)  loss_bbox_aux_1: 0.0431 (0.0414)  loss_giou_aux_1: 0.5293 (0.5310)  loss_fgl_aux_1: 1.2433 (1.2451)  loss_ddf_aux_1: 0.0015 (0.0014)  loss_mal_pre: 0.7621 (0.7627)  loss_bbox_pre: 0.0426 (0.0425)  loss_giou_pre: 0.5366 (0.5439)  loss_mal_enc_0: 0.9511 (0.9724)  loss_bbox_enc_0: 0.0426 (0.0434)  loss_giou_enc_0: 0.5469 (0.5560)  loss_mal_dn_0: 0.7360 (0.7361)  loss_bbox_dn_0: 0.0454 (0.0459)  loss_giou_dn_0: 0.5663 (0.5717)  loss_fgl_dn_0: 1.2300 (1.2343)  loss_ddf_dn_0: 0.1391 (0.1469)  loss_mal_dn_1: 0.6852 (0.6830)  loss_bbox_dn_1: 0.0348 (0.0346)  loss_giou_dn_1: 0.4513 (0.4540)  loss_fgl_dn_1: 1.2065 (1.2031)  loss_ddf_dn_1: 0.0035 (0.0034)  loss_mal_dn_2: 0.6800 (0.6802)  loss_bbox_dn_2: 0.0344 (0.0343)  loss_giou_dn_2: 0.4505 (0.4520)  loss_fgl_dn_2: 1.2050 (1.2022)  loss_ddf_dn_2: -0.0000 (0.0000)  loss_mal_dn_pre: 0.7340 (0.7355)  loss_bbox_dn_pre: 0.0451 (0.0456)  loss_giou_dn_pre: 0.5672 (0.5702)  time: 0.5971  data: 0.0428  max mem: 5227
Epoch: [4/30]  [20/44]  eta: 0:00:13  lr: 0.000100  loss: 19.4246 (19.4408)  loss_mal: 0.6980 (0.6981)  loss_bbox: 0.0425 (0.0415)  loss_giou: 0.5116 (0.5302)  loss_fgl: 1.2380 (1.2469)  loss_mal_aux_0: 0.7648 (0.7673)  loss_bbox_aux_0: 0.0426 (0.0426)  loss_giou_aux_0: 0.5229 (0.5429)  loss_fgl_aux_0: 1.2411 (1.2460)  loss_ddf_aux_0: 0.0165 (0.0168)  loss_mal_aux_1: 0.7055 (0.7061)  loss_bbox_aux_1: 0.0422 (0.0416)  loss_giou_aux_1: 0.5148 (0.5303)  loss_fgl_aux_1: 1.2398 (1.2466)  loss_ddf_aux_1: 0.0012 (0.0012)  loss_mal_pre: 0.7628 (0.7647)  loss_bbox_pre: 0.0426 (0.0426)  loss_giou_pre: 0.5237 (0.5426)  loss_mal_enc_0: 0.9511 (0.9601)  loss_bbox_enc_0: 0.0426 (0.0440)  loss_giou_enc_0: 0.5415 (0.5579)  loss_mal_dn_0: 0.7341 (0.7351)  loss_bbox_dn_0: 0.0445 (0.0452)  loss_giou_dn_0: 0.5663 (0.5690)  loss_fgl_dn_0: 1.2325 (1.2413)  loss_ddf_dn_0: 0.1283 (0.1452)  loss_mal_dn_1: 0.6851 (0.6848)  loss_bbox_dn_1: 0.0348 (0.0352)  loss_giou_dn_1: 0.4494 (0.4582)  loss_fgl_dn_1: 1.2169 (1.2176)  loss_ddf_dn_1: 0.0033 (0.0034)  loss_mal_dn_2: 0.6795 (0.6810)  loss_bbox_dn_2: 0.0344 (0.0349)  loss_giou_dn_2: 0.4454 (0.4564)  loss_fgl_dn_2: 1.2146 (1.2169)  loss_ddf_dn_2: -0.0000 (0.0000)  loss_mal_dn_pre: 0.7328 (0.7341)  loss_bbox_dn_pre: 0.0442 (0.0450)  loss_giou_dn_pre: 0.5626 (0.5676)  time: 0.5732  data: 0.0158  max mem: 5227
Epoch: [4/30]  [30/44]  eta: 0:00:08  lr: 0.000100  loss: 19.6636 (19.5338)  loss_mal: 0.6978 (0.6994)  loss_bbox: 0.0435 (0.0429)  loss_giou: 0.5443 (0.5450)  loss_fgl: 1.2528 (1.2556)  loss_mal_aux_0: 0.7648 (0.7692)  loss_bbox_aux_0: 0.0441 (0.0435)  loss_giou_aux_0: 0.5355 (0.5533)  loss_fgl_aux_0: 1.2551 (1.2547)  loss_ddf_aux_0: 0.0149 (0.0160)  loss_mal_aux_1: 0.7085 (0.7069)  loss_bbox_aux_1: 0.0436 (0.0429)  loss_giou_aux_1: 0.5458 (0.5452)  loss_fgl_aux_1: 1.2528 (1.2555)  loss_ddf_aux_1: 0.0010 (0.0012)  loss_mal_pre: 0.7628 (0.7663)  loss_bbox_pre: 0.0440 (0.0435)  loss_giou_pre: 0.5283 (0.5519)  loss_mal_enc_0: 0.9357 (0.9529)  loss_bbox_enc_0: 0.0475 (0.0452)  loss_giou_enc_0: 0.5645 (0.5706)  loss_mal_dn_0: 0.7332 (0.7356)  loss_bbox_dn_0: 0.0429 (0.0448)  loss_giou_dn_0: 0.5700 (0.5678)  loss_fgl_dn_0: 1.2491 (1.2454)  loss_ddf_dn_0: 0.1273 (0.1391)  loss_mal_dn_1: 0.6851 (0.6853)  loss_bbox_dn_1: 0.0348 (0.0349)  loss_giou_dn_1: 0.4661 (0.4587)  loss_fgl_dn_1: 1.2327 (1.2190)  loss_ddf_dn_1: 0.0033 (0.0035)  loss_mal_dn_2: 0.6808 (0.6819)  loss_bbox_dn_2: 0.0349 (0.0348)  loss_giou_dn_2: 0.4623 (0.4573)  loss_fgl_dn_2: 1.2308 (1.2187)  loss_ddf_dn_2: -0.0000 (0.0000)  loss_mal_dn_pre: 0.7324 (0.7344)  loss_bbox_dn_pre: 0.0427 (0.0446)  loss_giou_dn_pre: 0.5699 (0.5665)  time: 0.5680  data: 0.0156  max mem: 5227
Epoch: [4/30]  [40/44]  eta: 0:00:02  lr: 0.000100  loss: 19.5302 (19.4535)  loss_mal: 0.6967 (0.6983)  loss_bbox: 0.0457 (0.0432)  loss_giou: 0.5470 (0.5439)  loss_fgl: 1.2559 (1.2537)  loss_mal_aux_0: 0.7571 (0.7656)  loss_bbox_aux_0: 0.0452 (0.0437)  loss_giou_aux_0: 0.5705 (0.5505)  loss_fgl_aux_0: 1.2586 (1.2534)  loss_ddf_aux_0: 0.0132 (0.0151)  loss_mal_aux_1: 0.7037 (0.7064)  loss_bbox_aux_1: 0.0455 (0.0433)  loss_giou_aux_1: 0.5458 (0.5440)  loss_fgl_aux_1: 1.2555 (1.2536)  loss_ddf_aux_1: 0.0008 (0.0011)  loss_mal_pre: 0.7556 (0.7631)  loss_bbox_pre: 0.0451 (0.0436)  loss_giou_pre: 0.5674 (0.5496)  loss_mal_enc_0: 0.9132 (0.9436)  loss_bbox_enc_0: 0.0481 (0.0454)  loss_giou_enc_0: 0.5683 (0.5679)  loss_mal_dn_0: 0.7319 (0.7343)  loss_bbox_dn_0: 0.0424 (0.0443)  loss_giou_dn_0: 0.5607 (0.5590)  loss_fgl_dn_0: 1.2506 (1.2465)  loss_ddf_dn_0: 0.1301 (0.1351)  loss_mal_dn_1: 0.6817 (0.6824)  loss_bbox_dn_1: 0.0335 (0.0345)  loss_giou_dn_1: 0.4379 (0.4501)  loss_fgl_dn_1: 1.2184 (1.2185)  loss_ddf_dn_1: 0.0036 (0.0035)  loss_mal_dn_2: 0.6761 (0.6791)  loss_bbox_dn_2: 0.0335 (0.0343)  loss_giou_dn_2: 0.4424 (0.4491)  loss_fgl_dn_2: 1.2183 (1.2183)  loss_ddf_dn_2: -0.0000 (0.0000)  loss_mal_dn_pre: 0.7313 (0.7334)  loss_bbox_dn_pre: 0.0424 (0.0441)  loss_giou_dn_pre: 0.5586 (0.5579)  time: 0.5708  data: 0.0153  max mem: 5227
Epoch: [4/30]  [43/44]  eta: 0:00:00  lr: 0.000100  loss: 19.4238 (19.4550)  loss_mal: 0.6976 (0.6983)  loss_bbox: 0.0449 (0.0432)  loss_giou: 0.5446 (0.5447)  loss_fgl: 1.2529 (1.2535)  loss_mal_aux_0: 0.7551 (0.7632)  loss_bbox_aux_0: 0.0446 (0.0436)  loss_giou_aux_0: 0.5462 (0.5517)  loss_fgl_aux_0: 1.2574 (1.2532)  loss_ddf_aux_0: 0.0126 (0.0148)  loss_mal_aux_1: 0.7085 (0.7067)  loss_bbox_aux_1: 0.0447 (0.0432)  loss_giou_aux_1: 0.5426 (0.5448)  loss_fgl_aux_1: 1.2528 (1.2533)  loss_ddf_aux_1: 0.0008 (0.0010)  loss_mal_pre: 0.7514 (0.7608)  loss_bbox_pre: 0.0445 (0.0436)  loss_giou_pre: 0.5508 (0.5508)  loss_mal_enc_0: 0.9102 (0.9415)  loss_bbox_enc_0: 0.0467 (0.0452)  loss_giou_enc_0: 0.5645 (0.5671)  loss_mal_dn_0: 0.7332 (0.7347)  loss_bbox_dn_0: 0.0424 (0.0443)  loss_giou_dn_0: 0.5607 (0.5605)  loss_fgl_dn_0: 1.2496 (1.2470)  loss_ddf_dn_0: 0.1256 (0.1346)  loss_mal_dn_1: 0.6818 (0.6831)  loss_bbox_dn_1: 0.0334 (0.0344)  loss_giou_dn_1: 0.4359 (0.4506)  loss_fgl_dn_1: 1.2184 (1.2189)  loss_ddf_dn_1: 0.0035 (0.0034)  loss_mal_dn_2: 0.6761 (0.6796)  loss_bbox_dn_2: 0.0335 (0.0343)  loss_giou_dn_2: 0.4355 (0.4496)  loss_fgl_dn_2: 1.2183 (1.2187)  loss_ddf_dn_2: -0.0000 (0.0000)  loss_mal_dn_pre: 0.7320 (0.7336)  loss_bbox_dn_pre: 0.0424 (0.0441)  loss_giou_dn_pre: 0.5586 (0.5595)  time: 0.5640  data: 0.0151  max mem: 5227
Epoch: [4/30] Total time: 0:00:25 (0.5742 s / it)
Averaged stats: lr: 0.000100  loss: 19.4238 (19.4550)  loss_mal: 0.6976 (0.6983)  loss_bbox: 0.0449 (0.0432)  loss_giou: 0.5446 (0.5447)  loss_fgl: 1.2529 (1.2535)  loss_mal_aux_0: 0.7551 (0.7632)  loss_bbox_aux_0: 0.0446 (0.0436)  loss_giou_aux_0: 0.5462 (0.5517)  loss_fgl_aux_0: 1.2574 (1.2532)  loss_ddf_aux_0: 0.0126 (0.0148)  loss_mal_aux_1: 0.7085 (0.7067)  loss_bbox_aux_1: 0.0447 (0.0432)  loss_giou_aux_1: 0.5426 (0.5448)  loss_fgl_aux_1: 1.2528 (1.2533)  loss_ddf_aux_1: 0.0008 (0.0010)  loss_mal_pre: 0.7514 (0.7608)  loss_bbox_pre: 0.0445 (0.0436)  loss_giou_pre: 0.5508 (0.5508)  loss_mal_enc_0: 0.9102 (0.9415)  loss_bbox_enc_0: 0.0467 (0.0452)  loss_giou_enc_0: 0.5645 (0.5671)  loss_mal_dn_0: 0.7332 (0.7347)  loss_bbox_dn_0: 0.0424 (0.0443)  loss_giou_dn_0: 0.5607 (0.5605)  loss_fgl_dn_0: 1.2496 (1.2470)  loss_ddf_dn_0: 0.1256 (0.1346)  loss_mal_dn_1: 0.6818 (0.6831)  loss_bbox_dn_1: 0.0334 (0.0344)  loss_giou_dn_1: 0.4359 (0.4506)  loss_fgl_dn_1: 1.2184 (1.2189)  loss_ddf_dn_1: 0.0035 (0.0034)  loss_mal_dn_2: 0.6761 (0.6796)  loss_bbox_dn_2: 0.0335 (0.0343)  loss_giou_dn_2: 0.4355 (0.4496)  loss_fgl_dn_2: 1.2183 (1.2187)  loss_ddf_dn_2: -0.0000 (0.0000)  loss_mal_dn_pre: 0.7320 (0.7336)  loss_bbox_dn_pre: 0.0424 (0.0441)  loss_giou_dn_pre: 0.5586 (0.5595)
Test:  [0/9]  eta: 0:00:02    time: 0.3063  data: 0.2455  max mem: 5227
Test:  [8/9]  eta: 0:00:00    time: 0.1165  data: 0.0497  max mem: 5227
Test: Total time: 0:00:01 (0.1237 s / it)
Metrics: {'f1': 0.9580419580419581, 'precision': 0.9647887323943662, 'recall': 0.9513888888888888, 'iou': 0.6483854459436148, 'TPs': 137, 'FPs': 5, 'FNs': 7}
Averaged stats: 
Accumulating evaluation results...
COCOeval_opt.accumulate() finished...
DONE (t=0.01s).
IoU metric: bbox
 Average Precision  (AP) @[ IoU=0.50:0.95 | area=   all | maxDets=100 ] = 0.350
 Average Precision  (AP) @[ IoU=0.50      | area=   all | maxDets=100 ] = 0.946
 Average Precision  (AP) @[ IoU=0.75      | area=   all | maxDets=100 ] = 0.120
 Average Precision  (AP) @[ IoU=0.50:0.95 | area= small | maxDets=100 ] = 0.350
 Average Precision  (AP) @[ IoU=0.50:0.95 | area=medium | maxDets=100 ] = -1.000
 Average Precision  (AP) @[ IoU=0.50:0.95 | area= large | maxDets=100 ] = -1.000
 Average Recall     (AR) @[ IoU=0.50:0.95 | area=   all | maxDets=  1 ] = 0.201
 Average Recall     (AR) @[ IoU=0.50:0.95 | area=   all | maxDets= 10 ] = 0.489
 Average Recall     (AR) @[ IoU=0.50:0.95 | area=   all | maxDets=100 ] = 0.580
 Average Recall     (AR) @[ IoU=0.50:0.95 | area= small | maxDets=100 ] = 0.580
 Average Recall     (AR) @[ IoU=0.50:0.95 | area=medium | maxDets=100 ] = -1.000
 Average Recall     (AR) @[ IoU=0.50:0.95 | area= large | maxDets=100 ] = -1.000
 Average Recall     (AR) @[ IoU=0.50      | area=   all | maxDets=100 ] = 1.000
 Average Recall     (AR) @[ IoU=0.75      | area=   all | maxDets=100 ] = 0.618
best_stat: {'epoch': 3, 'coco_eval_bbox': 0.36713706837799737}
Epoch: [5/30]  [ 0/44]  eta: 0:00:29  lr: 0.000100  loss: 18.8871 (18.8871)  loss_mal: 0.6800 (0.6800)  loss_bbox: 0.0427 (0.0427)  loss_giou: 0.5031 (0.5031)  loss_fgl: 1.2575 (1.2575)  loss_mal_aux_0: 0.7722 (0.7722)  loss_bbox_aux_0: 0.0425 (0.0425)  loss_giou_aux_0: 0.5010 (0.5010)  loss_fgl_aux_0: 1.2571 (1.2571)  loss_ddf_aux_0: 0.0097 (0.0097)  loss_mal_aux_1: 0.6918 (0.6918)  loss_bbox_aux_1: 0.0428 (0.0428)  loss_giou_aux_1: 0.5042 (0.5042)  loss_fgl_aux_1: 1.2568 (1.2568)  loss_ddf_aux_1: 0.0006 (0.0006)  loss_mal_pre: 0.7717 (0.7717)  loss_bbox_pre: 0.0430 (0.0430)  loss_giou_pre: 0.5046 (0.5046)  loss_mal_enc_0: 0.9231 (0.9231)  loss_bbox_enc_0: 0.0455 (0.0455)  loss_giou_enc_0: 0.5315 (0.5315)  loss_mal_dn_0: 0.7243 (0.7243)  loss_bbox_dn_0: 0.0394 (0.0394)  loss_giou_dn_0: 0.4845 (0.4845)  loss_fgl_dn_0: 1.2510 (1.2510)  loss_ddf_dn_0: 0.1278 (0.1278)  loss_mal_dn_1: 0.6649 (0.6649)  loss_bbox_dn_1: 0.0319 (0.0319)  loss_giou_dn_1: 0.4042 (0.4042)  loss_fgl_dn_1: 1.2195 (1.2195)  loss_ddf_dn_1: 0.0035 (0.0035)  loss_mal_dn_2: 0.6567 (0.6567)  loss_bbox_dn_2: 0.0317 (0.0317)  loss_giou_dn_2: 0.4017 (0.4017)  loss_fgl_dn_2: 1.2191 (1.2191)  loss_ddf_dn_2: -0.0000 (0.0000)  loss_mal_dn_pre: 0.7232 (0.7232)  loss_bbox_dn_pre: 0.0393 (0.0393)  loss_giou_dn_pre: 0.4832 (0.4832)  time: 0.6740  data: 0.2659  max mem: 5227
Epoch: [5/30]  [10/44]  eta: 0:00:17  lr: 0.000100  loss: 18.9365 (19.0329)  loss_mal: 0.6833 (0.6851)  loss_bbox: 0.0391 (0.0398)  loss_giou: 0.5087 (0.5168)  loss_fgl: 1.2561 (1.2511)  loss_mal_aux_0: 0.7583 (0.7525)  loss_bbox_aux_0: 0.0405 (0.0408)  loss_giou_aux_0: 0.5189 (0.5277)  loss_fgl_aux_0: 1.2573 (1.2532)  loss_ddf_aux_0: 0.0108 (0.0107)  loss_mal_aux_1: 0.6918 (0.6939)  loss_bbox_aux_1: 0.0394 (0.0398)  loss_giou_aux_1: 0.5094 (0.5169)  loss_fgl_aux_1: 1.2568 (1.2514)  loss_ddf_aux_1: 0.0006 (0.0007)  loss_mal_pre: 0.7550 (0.7500)  loss_bbox_pre: 0.0400 (0.0408)  loss_giou_pre: 0.5177 (0.5276)  loss_mal_enc_0: 0.8965 (0.8964)  loss_bbox_enc_0: 0.0437 (0.0431)  loss_giou_enc_0: 0.5630 (0.5529)  loss_mal_dn_0: 0.7289 (0.7318)  loss_bbox_dn_0: 0.0401 (0.0400)  loss_giou_dn_0: 0.5264 (0.5205)  loss_fgl_dn_0: 1.2534 (1.2514)  loss_ddf_dn_0: 0.1285 (0.1337)  loss_mal_dn_1: 0.6741 (0.6704)  loss_bbox_dn_1: 0.0308 (0.0314)  loss_giou_dn_1: 0.4305 (0.4213)  loss_fgl_dn_1: 1.2174 (1.2151)  loss_ddf_dn_1: 0.0025 (0.0027)  loss_mal_dn_2: 0.6712 (0.6668)  loss_bbox_dn_2: 0.0304 (0.0313)  loss_giou_dn_2: 0.4302 (0.4205)  loss_fgl_dn_2: 1.2169 (1.2153)  loss_ddf_dn_2: -0.0000 (0.0000)  loss_mal_dn_pre: 0.7274 (0.7297)  loss_bbox_dn_pre: 0.0400 (0.0399)  loss_giou_dn_pre: 0.5224 (0.5200)  time: 0.5204  data: 0.0382  max mem: 5227
Epoch: [5/30]  [20/44]  eta: 0:00:12  lr: 0.000100  loss: 18.9861 (19.1078)  loss_mal: 0.6900 (0.6900)  loss_bbox: 0.0412 (0.0413)  loss_giou: 0.5170 (0.5267)  loss_fgl: 1.2561 (1.2550)  loss_mal_aux_0: 0.7532 (0.7530)  loss_bbox_aux_0: 0.0405 (0.0421)  loss_giou_aux_0: 0.5223 (0.5358)  loss_fgl_aux_0: 1.2590 (1.2563)  loss_ddf_aux_0: 0.0117 (0.0126)  loss_mal_aux_1: 0.6995 (0.6964)  loss_bbox_aux_1: 0.0412 (0.0413)  loss_giou_aux_1: 0.5190 (0.5270)  loss_fgl_aux_1: 1.2568 (1.2550)  loss_ddf_aux_1: 0.0006 (0.0007)  loss_mal_pre: 0.7522 (0.7506)  loss_bbox_pre: 0.0401 (0.0422)  loss_giou_pre: 0.5203 (0.5355)  loss_mal_enc_0: 0.8965 (0.8958)  loss_bbox_enc_0: 0.0437 (0.0441)  loss_giou_enc_0: 0.5630 (0.5575)  loss_mal_dn_0: 0.7306 (0.7316)  loss_bbox_dn_0: 0.0404 (0.0408)  loss_giou_dn_0: 0.5264 (0.5218)  loss_fgl_dn_0: 1.2552 (1.2545)  loss_ddf_dn_0: 0.1260 (0.1296)  loss_mal_dn_1: 0.6711 (0.6693)  loss_bbox_dn_1: 0.0309 (0.0319)  loss_giou_dn_1: 0.4194 (0.4219)  loss_fgl_dn_1: 1.2174 (1.2174)  loss_ddf_dn_1: 0.0024 (0.0026)  loss_mal_dn_2: 0.6644 (0.6659)  loss_bbox_dn_2: 0.0309 (0.0318)  loss_giou_dn_2: 0.4174 (0.4207)  loss_fgl_dn_2: 1.2169 (1.2176)  loss_ddf_dn_2: -0.0000 (0.0000)  loss_mal_dn_pre: 0.7276 (0.7295)  loss_bbox_dn_pre: 0.0400 (0.0407)  loss_giou_dn_pre: 0.5272 (0.5214)  time: 0.5299  data: 0.0158  max mem: 5227
Epoch: [5/30]  [30/44]  eta: 0:00:07  lr: 0.000100  loss: 18.8812 (19.0151)  loss_mal: 0.6920 (0.6885)  loss_bbox: 0.0412 (0.0411)  loss_giou: 0.5165 (0.5187)  loss_fgl: 1.2595 (1.2561)  loss_mal_aux_0: 0.7441 (0.7506)  loss_bbox_aux_0: 0.0411 (0.0418)  loss_giou_aux_0: 0.5118 (0.5265)  loss_fgl_aux_0: 1.2594 (1.2577)  loss_ddf_aux_0: 0.0116 (0.0120)  loss_mal_aux_1: 0.6975 (0.6943)  loss_bbox_aux_1: 0.0410 (0.0411)  loss_giou_aux_1: 0.5099 (0.5190)  loss_fgl_aux_1: 1.2611 (1.2561)  loss_ddf_aux_1: 0.0007 (0.0007)  loss_mal_pre: 0.7427 (0.7483)  loss_bbox_pre: 0.0414 (0.0418)  loss_giou_pre: 0.5100 (0.5261)  loss_mal_enc_0: 0.8952 (0.8925)  loss_bbox_enc_0: 0.0429 (0.0437)  loss_giou_enc_0: 0.5398 (0.5473)  loss_mal_dn_0: 0.7270 (0.7296)  loss_bbox_dn_0: 0.0393 (0.0403)  loss_giou_dn_0: 0.5047 (0.5134)  loss_fgl_dn_0: 1.2600 (1.2569)  loss_ddf_dn_0: 0.1224 (0.1274)  loss_mal_dn_1: 0.6637 (0.6664)  loss_bbox_dn_1: 0.0309 (0.0316)  loss_giou_dn_1: 0.4060 (0.4153)  loss_fgl_dn_1: 1.2209 (1.2185)  loss_ddf_dn_1: 0.0023 (0.0025)  loss_mal_dn_2: 0.6608 (0.6638)  loss_bbox_dn_2: 0.0309 (0.0315)  loss_giou_dn_2: 0.4084 (0.4144)  loss_fgl_dn_2: 1.2199 (1.2186)  loss_ddf_dn_2: -0.0000 (0.0000)  loss_mal_dn_pre: 0.7264 (0.7278)  loss_bbox_dn_pre: 0.0393 (0.0402)  loss_giou_dn_pre: 0.5000 (0.5129)  time: 0.5550  data: 0.0158  max mem: 5227
Epoch: [5/30]  [40/44]  eta: 0:00:02  lr: 0.000100  loss: 18.7230 (18.9712)  loss_mal: 0.6864 (0.6884)  loss_bbox: 0.0395 (0.0409)  loss_giou: 0.5079 (0.5191)  loss_fgl: 1.2513 (1.2541)  loss_mal_aux_0: 0.7351 (0.7471)  loss_bbox_aux_0: 0.0399 (0.0418)  loss_giou_aux_0: 0.5188 (0.5297)  loss_fgl_aux_0: 1.2545 (1.2561)  loss_ddf_aux_0: 0.0116 (0.0122)  loss_mal_aux_1: 0.6913 (0.6941)  loss_bbox_aux_1: 0.0398 (0.0409)  loss_giou_aux_1: 0.5095 (0.5196)  loss_fgl_aux_1: 1.2522 (1.2543)  loss_ddf_aux_1: 0.0007 (0.0007)  loss_mal_pre: 0.7347 (0.7449)  loss_bbox_pre: 0.0398 (0.0418)  loss_giou_pre: 0.5179 (0.5291)  loss_mal_enc_0: 0.8708 (0.8843)  loss_bbox_enc_0: 0.0416 (0.0436)  loss_giou_enc_0: 0.5358 (0.5484)  loss_mal_dn_0: 0.7274 (0.7297)  loss_bbox_dn_0: 0.0382 (0.0397)  loss_giou_dn_0: 0.4920 (0.5110)  loss_fgl_dn_0: 1.2483 (1.2540)  loss_ddf_dn_0: 0.1235 (0.1279)  loss_mal_dn_1: 0.6634 (0.6648)  loss_bbox_dn_1: 0.0296 (0.0310)  loss_giou_dn_1: 0.3981 (0.4113)  loss_fgl_dn_1: 1.2061 (1.2134)  loss_ddf_dn_1: 0.0023 (0.0025)  loss_mal_dn_2: 0.6586 (0.6622)  loss_bbox_dn_2: 0.0295 (0.0309)  loss_giou_dn_2: 0.3952 (0.4104)  loss_fgl_dn_2: 1.2054 (1.2134)  loss_ddf_dn_2: -0.0000 (0.0000)  loss_mal_dn_pre: 0.7258 (0.7279)  loss_bbox_dn_pre: 0.0379 (0.0397)  loss_giou_dn_pre: 0.4951 (0.5105)  time: 0.5559  data: 0.0156  max mem: 5227
Epoch: [5/30]  [43/44]  eta: 0:00:00  lr: 0.000100  loss: 18.7230 (18.9674)  loss_mal: 0.6840 (0.6887)  loss_bbox: 0.0392 (0.0407)  loss_giou: 0.5079 (0.5178)  loss_fgl: 1.2560 (1.2547)  loss_mal_aux_0: 0.7327 (0.7465)  loss_bbox_aux_0: 0.0399 (0.0417)  loss_giou_aux_0: 0.5188 (0.5291)  loss_fgl_aux_0: 1.2588 (1.2565)  loss_ddf_aux_0: 0.0118 (0.0122)  loss_mal_aux_1: 0.6907 (0.6942)  loss_bbox_aux_1: 0.0392 (0.0407)  loss_giou_aux_1: 0.5095 (0.5184)  loss_fgl_aux_1: 1.2561 (1.2548)  loss_ddf_aux_1: 0.0007 (0.0007)  loss_mal_pre: 0.7300 (0.7444)  loss_bbox_pre: 0.0402 (0.0417)  loss_giou_pre: 0.5179 (0.5286)  loss_mal_enc_0: 0.8648 (0.8828)  loss_bbox_enc_0: 0.0416 (0.0436)  loss_giou_enc_0: 0.5329 (0.5489)  loss_mal_dn_0: 0.7257 (0.7297)  loss_bbox_dn_0: 0.0377 (0.0397)  loss_giou_dn_0: 0.4920 (0.5114)  loss_fgl_dn_0: 1.2503 (1.2550)  loss_ddf_dn_0: 0.1235 (0.1275)  loss_mal_dn_1: 0.6594 (0.6646)  loss_bbox_dn_1: 0.0289 (0.0309)  loss_giou_dn_1: 0.3961 (0.4108)  loss_fgl_dn_1: 1.2061 (1.2140)  loss_ddf_dn_1: 0.0023 (0.0025)  loss_mal_dn_2: 0.6573 (0.6619)  loss_bbox_dn_2: 0.0293 (0.0308)  loss_giou_dn_2: 0.3944 (0.4098)  loss_fgl_dn_2: 1.2042 (1.2140)  loss_ddf_dn_2: -0.0000 (0.0000)  loss_mal_dn_pre: 0.7250 (0.7278)  loss_bbox_dn_pre: 0.0379 (0.0396)  loss_giou_dn_pre: 0.4951 (0.5110)  time: 0.5497  data: 0.0154  max mem: 5227
Epoch: [5/30] Total time: 0:00:23 (0.5453 s / it)
Averaged stats: lr: 0.000100  loss: 18.7230 (18.9674)  loss_mal: 0.6840 (0.6887)  loss_bbox: 0.0392 (0.0407)  loss_giou: 0.5079 (0.5178)  loss_fgl: 1.2560 (1.2547)  loss_mal_aux_0: 0.7327 (0.7465)  loss_bbox_aux_0: 0.0399 (0.0417)  loss_giou_aux_0: 0.5188 (0.5291)  loss_fgl_aux_0: 1.2588 (1.2565)  loss_ddf_aux_0: 0.0118 (0.0122)  loss_mal_aux_1: 0.6907 (0.6942)  loss_bbox_aux_1: 0.0392 (0.0407)  loss_giou_aux_1: 0.5095 (0.5184)  loss_fgl_aux_1: 1.2561 (1.2548)  loss_ddf_aux_1: 0.0007 (0.0007)  loss_mal_pre: 0.7300 (0.7444)  loss_bbox_pre: 0.0402 (0.0417)  loss_giou_pre: 0.5179 (0.5286)  loss_mal_enc_0: 0.8648 (0.8828)  loss_bbox_enc_0: 0.0416 (0.0436)  loss_giou_enc_0: 0.5329 (0.5489)  loss_mal_dn_0: 0.7257 (0.7297)  loss_bbox_dn_0: 0.0377 (0.0397)  loss_giou_dn_0: 0.4920 (0.5114)  loss_fgl_dn_0: 1.2503 (1.2550)  loss_ddf_dn_0: 0.1235 (0.1275)  loss_mal_dn_1: 0.6594 (0.6646)  loss_bbox_dn_1: 0.0289 (0.0309)  loss_giou_dn_1: 0.3961 (0.4108)  loss_fgl_dn_1: 1.2061 (1.2140)  loss_ddf_dn_1: 0.0023 (0.0025)  loss_mal_dn_2: 0.6573 (0.6619)  loss_bbox_dn_2: 0.0293 (0.0308)  loss_giou_dn_2: 0.3944 (0.4098)  loss_fgl_dn_2: 1.2042 (1.2140)  loss_ddf_dn_2: -0.0000 (0.0000)  loss_mal_dn_pre: 0.7250 (0.7278)  loss_bbox_dn_pre: 0.0379 (0.0396)  loss_giou_dn_pre: 0.4951 (0.5110)
Test:  [0/9]  eta: 0:00:03    time: 0.3367  data: 0.2331  max mem: 5227
Test:  [8/9]  eta: 0:00:00    time: 0.1481  data: 0.0387  max mem: 5227
Test: Total time: 0:00:01 (0.1535 s / it)
Metrics: {'f1': 0.9757785467128027, 'precision': 0.9724137931034482, 'recall': 0.9791666666666666, 'iou': 0.6757936191719931, 'TPs': 141, 'FPs': 4, 'FNs': 3}
Averaged stats: 
Accumulating evaluation results...
COCOeval_opt.accumulate() finished...
DONE (t=0.01s).
IoU metric: bbox
 Average Precision  (AP) @[ IoU=0.50:0.95 | area=   all | maxDets=100 ] = 0.366
 Average Precision  (AP) @[ IoU=0.50      | area=   all | maxDets=100 ] = 0.967
 Average Precision  (AP) @[ IoU=0.75      | area=   all | maxDets=100 ] = 0.154
 Average Precision  (AP) @[ IoU=0.50:0.95 | area= small | maxDets=100 ] = 0.366
 Average Precision  (AP) @[ IoU=0.50:0.95 | area=medium | maxDets=100 ] = -1.000
 Average Precision  (AP) @[ IoU=0.50:0.95 | area= large | maxDets=100 ] = -1.000
 Average Recall     (AR) @[ IoU=0.50:0.95 | area=   all | maxDets=  1 ] = 0.201
 Average Recall     (AR) @[ IoU=0.50:0.95 | area=   all | maxDets= 10 ] = 0.492
 Average Recall     (AR) @[ IoU=0.50:0.95 | area=   all | maxDets=100 ] = 0.561
 Average Recall     (AR) @[ IoU=0.50:0.95 | area= small | maxDets=100 ] = 0.561
 Average Recall     (AR) @[ IoU=0.50:0.95 | area=medium | maxDets=100 ] = -1.000
 Average Recall     (AR) @[ IoU=0.50:0.95 | area= large | maxDets=100 ] = -1.000
 Average Recall     (AR) @[ IoU=0.50      | area=   all | maxDets=100 ] = 0.993
 Average Recall     (AR) @[ IoU=0.75      | area=   all | maxDets=100 ] = 0.569
best_stat: {'epoch': 3, 'coco_eval_bbox': 0.36713706837799737}
Epoch: [6/30]  [ 0/44]  eta: 0:00:29  lr: 0.000100  loss: 18.8461 (18.8461)  loss_mal: 0.6803 (0.6803)  loss_bbox: 0.0415 (0.0415)  loss_giou: 0.5027 (0.5027)  loss_fgl: 1.2732 (1.2732)  loss_mal_aux_0: 0.7501 (0.7501)  loss_bbox_aux_0: 0.0424 (0.0424)  loss_giou_aux_0: 0.5135 (0.5135)  loss_fgl_aux_0: 1.2756 (1.2756)  loss_ddf_aux_0: 0.0126 (0.0126)  loss_mal_aux_1: 0.6820 (0.6820)  loss_bbox_aux_1: 0.0412 (0.0412)  loss_giou_aux_1: 0.4994 (0.4994)  loss_fgl_aux_1: 1.2726 (1.2726)  loss_ddf_aux_1: 0.0007 (0.0007)  loss_mal_pre: 0.7434 (0.7434)  loss_bbox_pre: 0.0420 (0.0420)  loss_giou_pre: 0.5094 (0.5094)  loss_mal_enc_0: 0.8438 (0.8438)  loss_bbox_enc_0: 0.0428 (0.0428)  loss_giou_enc_0: 0.5195 (0.5195)  loss_mal_dn_0: 0.7228 (0.7228)  loss_bbox_dn_0: 0.0395 (0.0395)  loss_giou_dn_0: 0.4896 (0.4896)  loss_fgl_dn_0: 1.2866 (1.2866)  loss_ddf_dn_0: 0.1690 (0.1690)  loss_mal_dn_1: 0.6518 (0.6518)  loss_bbox_dn_1: 0.0303 (0.0303)  loss_giou_dn_1: 0.3854 (0.3854)  loss_fgl_dn_1: 1.2327 (1.2327)  loss_ddf_dn_1: 0.0036 (0.0036)  loss_mal_dn_2: 0.6525 (0.6525)  loss_bbox_dn_2: 0.0300 (0.0300)  loss_giou_dn_2: 0.3824 (0.3824)  loss_fgl_dn_2: 1.2328 (1.2328)  loss_ddf_dn_2: -0.0000 (0.0000)  loss_mal_dn_pre: 0.7197 (0.7197)  loss_bbox_dn_pre: 0.0394 (0.0394)  loss_giou_dn_pre: 0.4894 (0.4894)  time: 0.6769  data: 0.2968  max mem: 5227
Epoch: [6/30]  [10/44]  eta: 0:00:18  lr: 0.000100  loss: 18.6892 (18.7742)  loss_mal: 0.6863 (0.6884)  loss_bbox: 0.0408 (0.0411)  loss_giou: 0.4948 (0.5072)  loss_fgl: 1.2485 (1.2483)  loss_mal_aux_0: 0.7425 (0.7415)  loss_bbox_aux_0: 0.0393 (0.0414)  loss_giou_aux_0: 0.5003 (0.5101)  loss_fgl_aux_0: 1.2504 (1.2513)  loss_ddf_aux_0: 0.0126 (0.0132)  loss_mal_aux_1: 0.6979 (0.6977)  loss_bbox_aux_1: 0.0407 (0.0410)  loss_giou_aux_1: 0.4934 (0.5069)  loss_fgl_aux_1: 1.2477 (1.2491)  loss_ddf_aux_1: 0.0007 (0.0007)  loss_mal_pre: 0.7399 (0.7397)  loss_bbox_pre: 0.0393 (0.0416)  loss_giou_pre: 0.5035 (0.5117)  loss_mal_enc_0: 0.8438 (0.8434)  loss_bbox_enc_0: 0.0438 (0.0443)  loss_giou_enc_0: 0.5324 (0.5419)  loss_mal_dn_0: 0.7228 (0.7260)  loss_bbox_dn_0: 0.0400 (0.0406)  loss_giou_dn_0: 0.4896 (0.5064)  loss_fgl_dn_0: 1.2439 (1.2481)  loss_ddf_dn_0: 0.1268 (0.1316)  loss_mal_dn_1: 0.6573 (0.6613)  loss_bbox_dn_1: 0.0308 (0.0310)  loss_giou_dn_1: 0.3905 (0.4026)  loss_fgl_dn_1: 1.2023 (1.2027)  loss_ddf_dn_1: 0.0024 (0.0024)  loss_mal_dn_2: 0.6525 (0.6575)  loss_bbox_dn_2: 0.0310 (0.0309)  loss_giou_dn_2: 0.3899 (0.4012)  loss_fgl_dn_2: 1.2021 (1.2022)  loss_ddf_dn_2: -0.0000 (0.0000)  loss_mal_dn_pre: 0.7197 (0.7240)  loss_bbox_dn_pre: 0.0394 (0.0403)  loss_giou_dn_pre: 0.4894 (0.5046)  time: 0.5349  data: 0.0417  max mem: 5227
Epoch: [6/30]  [20/44]  eta: 0:00:13  lr: 0.000100  loss: 18.7320 (18.8348)  loss_mal: 0.6874 (0.6892)  loss_bbox: 0.0389 (0.0400)  loss_giou: 0.4960 (0.5058)  loss_fgl: 1.2495 (1.2556)  loss_mal_aux_0: 0.7357 (0.7411)  loss_bbox_aux_0: 0.0389 (0.0407)  loss_giou_aux_0: 0.5020 (0.5148)  loss_fgl_aux_0: 1.2532 (1.2573)  loss_ddf_aux_0: 0.0149 (0.0145)  loss_mal_aux_1: 0.6974 (0.6977)  loss_bbox_aux_1: 0.0389 (0.0401)  loss_giou_aux_1: 0.5016 (0.5067)  loss_fgl_aux_1: 1.2534 (1.2561)  loss_ddf_aux_1: 0.0008 (0.0008)  loss_mal_pre: 0.7370 (0.7404)  loss_bbox_pre: 0.0387 (0.0406)  loss_giou_pre: 0.5035 (0.5133)  loss_mal_enc_0: 0.8389 (0.8361)  loss_bbox_enc_0: 0.0413 (0.0431)  loss_giou_enc_0: 0.5324 (0.5403)  loss_mal_dn_0: 0.7225 (0.7245)  loss_bbox_dn_0: 0.0386 (0.0397)  loss_giou_dn_0: 0.5014 (0.5113)  loss_fgl_dn_0: 1.2539 (1.2555)  loss_ddf_dn_0: 0.1362 (0.1480)  loss_mal_dn_1: 0.6592 (0.6616)  loss_bbox_dn_1: 0.0298 (0.0305)  loss_giou_dn_1: 0.4033 (0.4043)  loss_fgl_dn_1: 1.2097 (1.2111)  loss_ddf_dn_1: 0.0025 (0.0028)  loss_mal_dn_2: 0.6559 (0.6575)  loss_bbox_dn_2: 0.0296 (0.0303)  loss_giou_dn_2: 0.3987 (0.4018)  loss_fgl_dn_2: 1.2091 (1.2101)  loss_ddf_dn_2: -0.0000 (0.0000)  loss_mal_dn_pre: 0.7236 (0.7232)  loss_bbox_dn_pre: 0.0384 (0.0395)  loss_giou_dn_pre: 0.4974 (0.5089)  time: 0.5400  data: 0.0157  max mem: 5227
Epoch: [6/30]  [30/44]  eta: 0:00:07  lr: 0.000100  loss: 18.7320 (18.7835)  loss_mal: 0.6854 (0.6877)  loss_bbox: 0.0386 (0.0390)  loss_giou: 0.4960 (0.4996)  loss_fgl: 1.2674 (1.2581)  loss_mal_aux_0: 0.7386 (0.7420)  loss_bbox_aux_0: 0.0383 (0.0397)  loss_giou_aux_0: 0.5020 (0.5087)  loss_fgl_aux_0: 1.2669 (1.2592)  loss_ddf_aux_0: 0.0156 (0.0146)  loss_mal_aux_1: 0.6926 (0.6961)  loss_bbox_aux_1: 0.0388 (0.0390)  loss_giou_aux_1: 0.5016 (0.4998)  loss_fgl_aux_1: 1.2695 (1.2585)  loss_ddf_aux_1: 0.0009 (0.0010)  loss_mal_pre: 0.7368 (0.7408)  loss_bbox_pre: 0.0381 (0.0397)  loss_giou_pre: 0.4937 (0.5076)  loss_mal_enc_0: 0.8313 (0.8362)  loss_bbox_enc_0: 0.0406 (0.0420)  loss_giou_enc_0: 0.5293 (0.5326)  loss_mal_dn_0: 0.7228 (0.7241)  loss_bbox_dn_0: 0.0381 (0.0390)  loss_giou_dn_0: 0.5014 (0.5065)  loss_fgl_dn_0: 1.2570 (1.2553)  loss_ddf_dn_0: 0.1474 (0.1490)  loss_mal_dn_1: 0.6589 (0.6597)  loss_bbox_dn_1: 0.0293 (0.0300)  loss_giou_dn_1: 0.4033 (0.4016)  loss_fgl_dn_1: 1.2182 (1.2099)  loss_ddf_dn_1: 0.0035 (0.0031)  loss_mal_dn_2: 0.6559 (0.6574)  loss_bbox_dn_2: 0.0290 (0.0299)  loss_giou_dn_2: 0.3996 (0.4004)  loss_fgl_dn_2: 1.2165 (1.2097)  loss_ddf_dn_2: -0.0000 (0.0000)  loss_mal_dn_pre: 0.7236 (0.7227)  loss_bbox_dn_pre: 0.0376 (0.0388)  loss_giou_dn_pre: 0.4999 (0.5045)  time: 0.5578  data: 0.0153  max mem: 5227
Epoch: [6/30]  [40/44]  eta: 0:00:02  lr: 0.000100  loss: 18.4591 (18.7286)  loss_mal: 0.6763 (0.6868)  loss_bbox: 0.0388 (0.0391)  loss_giou: 0.4778 (0.4986)  loss_fgl: 1.2544 (1.2583)  loss_mal_aux_0: 0.7351 (0.7391)  loss_bbox_aux_0: 0.0384 (0.0396)  loss_giou_aux_0: 0.4783 (0.5055)  loss_fgl_aux_0: 1.2576 (1.2593)  loss_ddf_aux_0: 0.0135 (0.0140)  loss_mal_aux_1: 0.6906 (0.6944)  loss_bbox_aux_1: 0.0382 (0.0390)  loss_giou_aux_1: 0.4708 (0.4981)  loss_fgl_aux_1: 1.2568 (1.2588)  loss_ddf_aux_1: 0.0009 (0.0010)  loss_mal_pre: 0.7308 (0.7378)  loss_bbox_pre: 0.0386 (0.0395)  loss_giou_pre: 0.4804 (0.5045)  loss_mal_enc_0: 0.8341 (0.8353)  loss_bbox_enc_0: 0.0394 (0.0417)  loss_giou_enc_0: 0.5151 (0.5269)  loss_mal_dn_0: 0.7208 (0.7226)  loss_bbox_dn_0: 0.0376 (0.0388)  loss_giou_dn_0: 0.4911 (0.5011)  loss_fgl_dn_0: 1.2526 (1.2546)  loss_ddf_dn_0: 0.1304 (0.1417)  loss_mal_dn_1: 0.6531 (0.6578)  loss_bbox_dn_1: 0.0286 (0.0300)  loss_giou_dn_1: 0.3887 (0.3994)  loss_fgl_dn_1: 1.1971 (1.2092)  loss_ddf_dn_1: 0.0033 (0.0030)  loss_mal_dn_2: 0.6566 (0.6560)  loss_bbox_dn_2: 0.0286 (0.0299)  loss_giou_dn_2: 0.3917 (0.3985)  loss_fgl_dn_2: 1.2006 (1.2092)  loss_ddf_dn_2: -0.0000 (0.0000)  loss_mal_dn_pre: 0.7196 (0.7214)  loss_bbox_dn_pre: 0.0374 (0.0387)  loss_giou_dn_pre: 0.4915 (0.4994)  time: 0.5570  data: 0.0158  max mem: 5227
Epoch: [6/30]  [43/44]  eta: 0:00:00  lr: 0.000100  loss: 18.4591 (18.6861)  loss_mal: 0.6871 (0.6861)  loss_bbox: 0.0381 (0.0386)  loss_giou: 0.4785 (0.4943)  loss_fgl: 1.2544 (1.2582)  loss_mal_aux_0: 0.7361 (0.7383)  loss_bbox_aux_0: 0.0384 (0.0391)  loss_giou_aux_0: 0.4783 (0.5010)  loss_fgl_aux_0: 1.2600 (1.2598)  loss_ddf_aux_0: 0.0123 (0.0138)  loss_mal_aux_1: 0.6897 (0.6937)  loss_bbox_aux_1: 0.0381 (0.0386)  loss_giou_aux_1: 0.4708 (0.4939)  loss_fgl_aux_1: 1.2568 (1.2587)  loss_ddf_aux_1: 0.0008 (0.0010)  loss_mal_pre: 0.7332 (0.7369)  loss_bbox_pre: 0.0386 (0.0391)  loss_giou_pre: 0.4804 (0.4999)  loss_mal_enc_0: 0.8313 (0.8362)  loss_bbox_enc_0: 0.0393 (0.0413)  loss_giou_enc_0: 0.5152 (0.5231)  loss_mal_dn_0: 0.7228 (0.7219)  loss_bbox_dn_0: 0.0373 (0.0386)  loss_giou_dn_0: 0.4995 (0.4978)  loss_fgl_dn_0: 1.2479 (1.2543)  loss_ddf_dn_0: 0.1257 (0.1403)  loss_mal_dn_1: 0.6578 (0.6568)  loss_bbox_dn_1: 0.0286 (0.0298)  loss_giou_dn_1: 0.3918 (0.3978)  loss_fgl_dn_1: 1.2012 (1.2087)  loss_ddf_dn_1: 0.0031 (0.0030)  loss_mal_dn_2: 0.6594 (0.6550)  loss_bbox_dn_2: 0.0286 (0.0298)  loss_giou_dn_2: 0.3996 (0.3969)  loss_fgl_dn_2: 1.2008 (1.2086)  loss_ddf_dn_2: -0.0000 (0.0000)  loss_mal_dn_pre: 0.7226 (0.7208)  loss_bbox_dn_pre: 0.0373 (0.0384)  loss_giou_dn_pre: 0.5008 (0.4962)  time: 0.5545  data: 0.0157  max mem: 5227
Epoch: [6/30] Total time: 0:00:24 (0.5519 s / it)
Averaged stats: lr: 0.000100  loss: 18.4591 (18.6861)  loss_mal: 0.6871 (0.6861)  loss_bbox: 0.0381 (0.0386)  loss_giou: 0.4785 (0.4943)  loss_fgl: 1.2544 (1.2582)  loss_mal_aux_0: 0.7361 (0.7383)  loss_bbox_aux_0: 0.0384 (0.0391)  loss_giou_aux_0: 0.4783 (0.5010)  loss_fgl_aux_0: 1.2600 (1.2598)  loss_ddf_aux_0: 0.0123 (0.0138)  loss_mal_aux_1: 0.6897 (0.6937)  loss_bbox_aux_1: 0.0381 (0.0386)  loss_giou_aux_1: 0.4708 (0.4939)  loss_fgl_aux_1: 1.2568 (1.2587)  loss_ddf_aux_1: 0.0008 (0.0010)  loss_mal_pre: 0.7332 (0.7369)  loss_bbox_pre: 0.0386 (0.0391)  loss_giou_pre: 0.4804 (0.4999)  loss_mal_enc_0: 0.8313 (0.8362)  loss_bbox_enc_0: 0.0393 (0.0413)  loss_giou_enc_0: 0.5152 (0.5231)  loss_mal_dn_0: 0.7228 (0.7219)  loss_bbox_dn_0: 0.0373 (0.0386)  loss_giou_dn_0: 0.4995 (0.4978)  loss_fgl_dn_0: 1.2479 (1.2543)  loss_ddf_dn_0: 0.1257 (0.1403)  loss_mal_dn_1: 0.6578 (0.6568)  loss_bbox_dn_1: 0.0286 (0.0298)  loss_giou_dn_1: 0.3918 (0.3978)  loss_fgl_dn_1: 1.2012 (1.2087)  loss_ddf_dn_1: 0.0031 (0.0030)  loss_mal_dn_2: 0.6594 (0.6550)  loss_bbox_dn_2: 0.0286 (0.0298)  loss_giou_dn_2: 0.3996 (0.3969)  loss_fgl_dn_2: 1.2008 (1.2086)  loss_ddf_dn_2: -0.0000 (0.0000)  loss_mal_dn_pre: 0.7226 (0.7208)  loss_bbox_dn_pre: 0.0373 (0.0384)  loss_giou_dn_pre: 0.5008 (0.4962)
Test:  [0/9]  eta: 0:00:02    time: 0.3227  data: 0.2317  max mem: 5227
Test:  [8/9]  eta: 0:00:00    time: 0.1338  data: 0.0403  max mem: 5227
Test: Total time: 0:00:01 (0.1381 s / it)
Metrics: {'f1': 0.9793103448275863, 'precision': 0.9726027397260274, 'recall': 0.9861111111111112, 'iou': 0.6735799501876574, 'TPs': 142, 'FPs': 4, 'FNs': 2}
Averaged stats: 
Accumulating evaluation results...
COCOeval_opt.accumulate() finished...
DONE (t=0.01s).
IoU metric: bbox
 Average Precision  (AP) @[ IoU=0.50:0.95 | area=   all | maxDets=100 ] = 0.365
 Average Precision  (AP) @[ IoU=0.50      | area=   all | maxDets=100 ] = 0.978
 Average Precision  (AP) @[ IoU=0.75      | area=   all | maxDets=100 ] = 0.138
 Average Precision  (AP) @[ IoU=0.50:0.95 | area= small | maxDets=100 ] = 0.365
 Average Precision  (AP) @[ IoU=0.50:0.95 | area=medium | maxDets=100 ] = -1.000
 Average Precision  (AP) @[ IoU=0.50:0.95 | area= large | maxDets=100 ] = -1.000
 Average Recall     (AR) @[ IoU=0.50:0.95 | area=   all | maxDets=  1 ] = 0.208
 Average Recall     (AR) @[ IoU=0.50:0.95 | area=   all | maxDets= 10 ] = 0.484
 Average Recall     (AR) @[ IoU=0.50:0.95 | area=   all | maxDets=100 ] = 0.553
 Average Recall     (AR) @[ IoU=0.50:0.95 | area= small | maxDets=100 ] = 0.553
 Average Recall     (AR) @[ IoU=0.50:0.95 | area=medium | maxDets=100 ] = -1.000
 Average Recall     (AR) @[ IoU=0.50:0.95 | area= large | maxDets=100 ] = -1.000
 Average Recall     (AR) @[ IoU=0.50      | area=   all | maxDets=100 ] = 0.986
 Average Recall     (AR) @[ IoU=0.75      | area=   all | maxDets=100 ] = 0.542
best_stat: {'epoch': 3, 'coco_eval_bbox': 0.36713706837799737}
Epoch: [7/30]  [ 0/44]  eta: 0:00:27  lr: 0.000100  loss: 18.8952 (18.8952)  loss_mal: 0.6903 (0.6903)  loss_bbox: 0.0441 (0.0441)  loss_giou: 0.5233 (0.5233)  loss_fgl: 1.2536 (1.2536)  loss_mal_aux_0: 0.7130 (0.7130)  loss_bbox_aux_0: 0.0454 (0.0454)  loss_giou_aux_0: 0.5325 (0.5325)  loss_fgl_aux_0: 1.2657 (1.2657)  loss_ddf_aux_0: 0.0107 (0.0107)  loss_mal_aux_1: 0.6946 (0.6946)  loss_bbox_aux_1: 0.0440 (0.0440)  loss_giou_aux_1: 0.5231 (0.5231)  loss_fgl_aux_1: 1.2525 (1.2525)  loss_ddf_aux_1: 0.0006 (0.0006)  loss_mal_pre: 0.7125 (0.7125)  loss_bbox_pre: 0.0458 (0.0458)  loss_giou_pre: 0.5360 (0.5360)  loss_mal_enc_0: 0.8379 (0.8379)  loss_bbox_enc_0: 0.0468 (0.0468)  loss_giou_enc_0: 0.5458 (0.5458)  loss_mal_dn_0: 0.7280 (0.7280)  loss_bbox_dn_0: 0.0405 (0.0405)  loss_giou_dn_0: 0.5115 (0.5115)  loss_fgl_dn_0: 1.2428 (1.2428)  loss_ddf_dn_0: 0.1584 (0.1584)  loss_mal_dn_1: 0.6605 (0.6605)  loss_bbox_dn_1: 0.0312 (0.0312)  loss_giou_dn_1: 0.4058 (0.4058)  loss_fgl_dn_1: 1.2051 (1.2051)  loss_ddf_dn_1: 0.0036 (0.0036)  loss_mal_dn_2: 0.6605 (0.6605)  loss_bbox_dn_2: 0.0315 (0.0315)  loss_giou_dn_2: 0.4086 (0.4086)  loss_fgl_dn_2: 1.2078 (1.2078)  loss_ddf_dn_2: -0.0000 (0.0000)  loss_mal_dn_pre: 0.7264 (0.7264)  loss_bbox_dn_pre: 0.0408 (0.0408)  loss_giou_dn_pre: 0.5139 (0.5139)  time: 0.6200  data: 0.2916  max mem: 5227
Epoch: [7/30]  [10/44]  eta: 0:00:17  lr: 0.000100  loss: 18.6673 (18.4497)  loss_mal: 0.6833 (0.6754)  loss_bbox: 0.0376 (0.0370)  loss_giou: 0.4945 (0.4814)  loss_fgl: 1.2539 (1.2575)  loss_mal_aux_0: 0.7267 (0.7217)  loss_bbox_aux_0: 0.0393 (0.0382)  loss_giou_aux_0: 0.5114 (0.4938)  loss_fgl_aux_0: 1.2628 (1.2607)  loss_ddf_aux_0: 0.0107 (0.0103)  loss_mal_aux_1: 0.6804 (0.6767)  loss_bbox_aux_1: 0.0378 (0.0371)  loss_giou_aux_1: 0.4929 (0.4819)  loss_fgl_aux_1: 1.2538 (1.2583)  loss_ddf_aux_1: 0.0006 (0.0006)  loss_mal_pre: 0.7233 (0.7207)  loss_bbox_pre: 0.0392 (0.0381)  loss_giou_pre: 0.5106 (0.4931)  loss_mal_enc_0: 0.8145 (0.8077)  loss_bbox_enc_0: 0.0400 (0.0396)  loss_giou_enc_0: 0.5180 (0.5097)  loss_mal_dn_0: 0.7184 (0.7168)  loss_bbox_dn_0: 0.0380 (0.0366)  loss_giou_dn_0: 0.5051 (0.4819)  loss_fgl_dn_0: 1.2590 (1.2611)  loss_ddf_dn_0: 0.1552 (0.1460)  loss_mal_dn_1: 0.6461 (0.6468)  loss_bbox_dn_1: 0.0282 (0.0281)  loss_giou_dn_1: 0.3800 (0.3817)  loss_fgl_dn_1: 1.2071 (1.2102)  loss_ddf_dn_1: 0.0030 (0.0030)  loss_mal_dn_2: 0.6461 (0.6449)  loss_bbox_dn_2: 0.0283 (0.0281)  loss_giou_dn_2: 0.3802 (0.3805)  loss_fgl_dn_2: 1.2063 (1.2097)  loss_ddf_dn_2: -0.0000 (0.0000)  loss_mal_dn_pre: 0.7171 (0.7158)  loss_bbox_dn_pre: 0.0382 (0.0366)  loss_giou_dn_pre: 0.5020 (0.4821)  time: 0.5027  data: 0.0419  max mem: 5227
Epoch: [7/30]  [20/44]  eta: 0:00:12  lr: 0.000100  loss: 18.2407 (18.3243)  loss_mal: 0.6715 (0.6738)  loss_bbox: 0.0363 (0.0364)  loss_giou: 0.4603 (0.4722)  loss_fgl: 1.2527 (1.2546)  loss_mal_aux_0: 0.7091 (0.7132)  loss_bbox_aux_0: 0.0373 (0.0374)  loss_giou_aux_0: 0.4814 (0.4834)  loss_fgl_aux_0: 1.2536 (1.2574)  loss_ddf_aux_0: 0.0095 (0.0098)  loss_mal_aux_1: 0.6760 (0.6756)  loss_bbox_aux_1: 0.0367 (0.0364)  loss_giou_aux_1: 0.4650 (0.4725)  loss_fgl_aux_1: 1.2537 (1.2547)  loss_ddf_aux_1: 0.0006 (0.0006)  loss_mal_pre: 0.7081 (0.7130)  loss_bbox_pre: 0.0376 (0.0373)  loss_giou_pre: 0.4767 (0.4828)  loss_mal_enc_0: 0.7893 (0.8000)  loss_bbox_enc_0: 0.0400 (0.0395)  loss_giou_enc_0: 0.4960 (0.5074)  loss_mal_dn_0: 0.7159 (0.7149)  loss_bbox_dn_0: 0.0361 (0.0364)  loss_giou_dn_0: 0.4584 (0.4732)  loss_fgl_dn_0: 1.2539 (1.2569)  loss_ddf_dn_0: 0.1344 (0.1428)  loss_mal_dn_1: 0.6405 (0.6450)  loss_bbox_dn_1: 0.0282 (0.0284)  loss_giou_dn_1: 0.3724 (0.3793)  loss_fgl_dn_1: 1.2071 (1.2072)  loss_ddf_dn_1: 0.0027 (0.0030)  loss_mal_dn_2: 0.6374 (0.6423)  loss_bbox_dn_2: 0.0282 (0.0283)  loss_giou_dn_2: 0.3703 (0.3779)  loss_fgl_dn_2: 1.2054 (1.2070)  loss_ddf_dn_2: -0.0000 (0.0000)  loss_mal_dn_pre: 0.7148 (0.7144)  loss_bbox_dn_pre: 0.0361 (0.0364)  loss_giou_dn_pre: 0.4584 (0.4729)  time: 0.5281  data: 0.0164  max mem: 5227
Epoch: [7/30]  [30/44]  eta: 0:00:07  lr: 0.000100  loss: 18.2189 (18.2576)  loss_mal: 0.6699 (0.6744)  loss_bbox: 0.0345 (0.0353)  loss_giou: 0.4509 (0.4627)  loss_fgl: 1.2535 (1.2541)  loss_mal_aux_0: 0.7193 (0.7235)  loss_bbox_aux_0: 0.0362 (0.0362)  loss_giou_aux_0: 0.4638 (0.4730)  loss_fgl_aux_0: 1.2551 (1.2580)  loss_ddf_aux_0: 0.0095 (0.0101)  loss_mal_aux_1: 0.6783 (0.6786)  loss_bbox_aux_1: 0.0346 (0.0354)  loss_giou_aux_1: 0.4526 (0.4632)  loss_fgl_aux_1: 1.2518 (1.2546)  loss_ddf_aux_1: 0.0006 (0.0006)  loss_mal_pre: 0.7157 (0.7223)  loss_bbox_pre: 0.0358 (0.0362)  loss_giou_pre: 0.4601 (0.4724)  loss_mal_enc_0: 0.8043 (0.8041)  loss_bbox_enc_0: 0.0359 (0.0381)  loss_giou_enc_0: 0.4870 (0.4942)  loss_mal_dn_0: 0.7131 (0.7154)  loss_bbox_dn_0: 0.0349 (0.0357)  loss_giou_dn_0: 0.4493 (0.4690)  loss_fgl_dn_0: 1.2486 (1.2547)  loss_ddf_dn_0: 0.1208 (0.1348)  loss_mal_dn_1: 0.6398 (0.6439)  loss_bbox_dn_1: 0.0267 (0.0278)  loss_giou_dn_1: 0.3711 (0.3758)  loss_fgl_dn_1: 1.2036 (1.2047)  loss_ddf_dn_1: 0.0025 (0.0029)  loss_mal_dn_2: 0.6376 (0.6410)  loss_bbox_dn_2: 0.0267 (0.0277)  loss_giou_dn_2: 0.3684 (0.3744)  loss_fgl_dn_2: 1.2009 (1.2041)  loss_ddf_dn_2: -0.0000 (0.0000)  loss_mal_dn_pre: 0.7128 (0.7145)  loss_bbox_dn_pre: 0.0347 (0.0357)  loss_giou_dn_pre: 0.4478 (0.4684)  time: 0.5672  data: 0.0154  max mem: 5227
Epoch: [7/30]  [40/44]  eta: 0:00:02  lr: 0.000100  loss: 18.4253 (18.3719)  loss_mal: 0.6848 (0.6786)  loss_bbox: 0.0351 (0.0366)  loss_giou: 0.4680 (0.4736)  loss_fgl: 1.2581 (1.2552)  loss_mal_aux_0: 0.7371 (0.7262)  loss_bbox_aux_0: 0.0363 (0.0374)  loss_giou_aux_0: 0.4756 (0.4830)  loss_fgl_aux_0: 1.2601 (1.2581)  loss_ddf_aux_0: 0.0100 (0.0103)  loss_mal_aux_1: 0.6894 (0.6834)  loss_bbox_aux_1: 0.0353 (0.0366)  loss_giou_aux_1: 0.4680 (0.4732)  loss_fgl_aux_1: 1.2604 (1.2554)  loss_ddf_aux_1: 0.0007 (0.0006)  loss_mal_pre: 0.7368 (0.7249)  loss_bbox_pre: 0.0365 (0.0374)  loss_giou_pre: 0.4740 (0.4821)  loss_mal_enc_0: 0.8108 (0.8063)  loss_bbox_enc_0: 0.0380 (0.0393)  loss_giou_enc_0: 0.4885 (0.5033)  loss_mal_dn_0: 0.7150 (0.7150)  loss_bbox_dn_0: 0.0368 (0.0366)  loss_giou_dn_0: 0.4865 (0.4750)  loss_fgl_dn_0: 1.2551 (1.2555)  loss_ddf_dn_0: 0.1214 (0.1372)  loss_mal_dn_1: 0.6478 (0.6472)  loss_bbox_dn_1: 0.0284 (0.0285)  loss_giou_dn_1: 0.3787 (0.3810)  loss_fgl_dn_1: 1.2080 (1.2064)  loss_ddf_dn_1: 0.0025 (0.0029)  loss_mal_dn_2: 0.6479 (0.6447)  loss_bbox_dn_2: 0.0283 (0.0284)  loss_giou_dn_2: 0.3812 (0.3804)  loss_fgl_dn_2: 1.2060 (1.2064)  loss_ddf_dn_2: -0.0000 (0.0000)  loss_mal_dn_pre: 0.7141 (0.7144)  loss_bbox_dn_pre: 0.0366 (0.0365)  loss_giou_dn_pre: 0.4863 (0.4744)  time: 0.5687  data: 0.0148  max mem: 5227
Epoch: [7/30]  [43/44]  eta: 0:00:00  lr: 0.000100  loss: 18.4868 (18.3896)  loss_mal: 0.6897 (0.6797)  loss_bbox: 0.0364 (0.0367)  loss_giou: 0.4737 (0.4745)  loss_fgl: 1.2601 (1.2573)  loss_mal_aux_0: 0.7350 (0.7252)  loss_bbox_aux_0: 0.0370 (0.0375)  loss_giou_aux_0: 0.4889 (0.4843)  loss_fgl_aux_0: 1.2677 (1.2597)  loss_ddf_aux_0: 0.0099 (0.0102)  loss_mal_aux_1: 0.6980 (0.6857)  loss_bbox_aux_1: 0.0364 (0.0366)  loss_giou_aux_1: 0.4691 (0.4737)  loss_fgl_aux_1: 1.2620 (1.2574)  loss_ddf_aux_1: 0.0007 (0.0006)  loss_mal_pre: 0.7368 (0.7243)  loss_bbox_pre: 0.0370 (0.0374)  loss_giou_pre: 0.4842 (0.4832)  loss_mal_enc_0: 0.8108 (0.8048)  loss_bbox_enc_0: 0.0378 (0.0392)  loss_giou_enc_0: 0.5110 (0.5025)  loss_mal_dn_0: 0.7144 (0.7147)  loss_bbox_dn_0: 0.0372 (0.0365)  loss_giou_dn_0: 0.4907 (0.4752)  loss_fgl_dn_0: 1.2650 (1.2565)  loss_ddf_dn_0: 0.1287 (0.1364)  loss_mal_dn_1: 0.6520 (0.6480)  loss_bbox_dn_1: 0.0284 (0.0285)  loss_giou_dn_1: 0.3827 (0.3822)  loss_fgl_dn_1: 1.2147 (1.2084)  loss_ddf_dn_1: 0.0025 (0.0029)  loss_mal_dn_2: 0.6517 (0.6457)  loss_bbox_dn_2: 0.0288 (0.0285)  loss_giou_dn_2: 0.3888 (0.3817)  loss_fgl_dn_2: 1.2134 (1.2086)  loss_ddf_dn_2: -0.0000 (0.0000)  loss_mal_dn_pre: 0.7145 (0.7142)  loss_bbox_dn_pre: 0.0368 (0.0365)  loss_giou_dn_pre: 0.4937 (0.4744)  time: 0.5661  data: 0.0147  max mem: 5227
Epoch: [7/30] Total time: 0:00:24 (0.5514 s / it)
Averaged stats: lr: 0.000100  loss: 18.4868 (18.3896)  loss_mal: 0.6897 (0.6797)  loss_bbox: 0.0364 (0.0367)  loss_giou: 0.4737 (0.4745)  loss_fgl: 1.2601 (1.2573)  loss_mal_aux_0: 0.7350 (0.7252)  loss_bbox_aux_0: 0.0370 (0.0375)  loss_giou_aux_0: 0.4889 (0.4843)  loss_fgl_aux_0: 1.2677 (1.2597)  loss_ddf_aux_0: 0.0099 (0.0102)  loss_mal_aux_1: 0.6980 (0.6857)  loss_bbox_aux_1: 0.0364 (0.0366)  loss_giou_aux_1: 0.4691 (0.4737)  loss_fgl_aux_1: 1.2620 (1.2574)  loss_ddf_aux_1: 0.0007 (0.0006)  loss_mal_pre: 0.7368 (0.7243)  loss_bbox_pre: 0.0370 (0.0374)  loss_giou_pre: 0.4842 (0.4832)  loss_mal_enc_0: 0.8108 (0.8048)  loss_bbox_enc_0: 0.0378 (0.0392)  loss_giou_enc_0: 0.5110 (0.5025)  loss_mal_dn_0: 0.7144 (0.7147)  loss_bbox_dn_0: 0.0372 (0.0365)  loss_giou_dn_0: 0.4907 (0.4752)  loss_fgl_dn_0: 1.2650 (1.2565)  loss_ddf_dn_0: 0.1287 (0.1364)  loss_mal_dn_1: 0.6520 (0.6480)  loss_bbox_dn_1: 0.0284 (0.0285)  loss_giou_dn_1: 0.3827 (0.3822)  loss_fgl_dn_1: 1.2147 (1.2084)  loss_ddf_dn_1: 0.0025 (0.0029)  loss_mal_dn_2: 0.6517 (0.6457)  loss_bbox_dn_2: 0.0288 (0.0285)  loss_giou_dn_2: 0.3888 (0.3817)  loss_fgl_dn_2: 1.2134 (1.2086)  loss_ddf_dn_2: -0.0000 (0.0000)  loss_mal_dn_pre: 0.7145 (0.7142)  loss_bbox_dn_pre: 0.0368 (0.0365)  loss_giou_dn_pre: 0.4937 (0.4744)
Test:  [0/9]  eta: 0:00:03    time: 0.3611  data: 0.2583  max mem: 5227
Test:  [8/9]  eta: 0:00:00    time: 0.1676  data: 0.0464  max mem: 5227
Test: Total time: 0:00:01 (0.1720 s / it)
Metrics: {'f1': 0.9724137931034483, 'precision': 0.9657534246575342, 'recall': 0.9791666666666666, 'iou': 0.6683342736839448, 'TPs': 141, 'FPs': 5, 'FNs': 3}
Averaged stats: 
Accumulating evaluation results...
COCOeval_opt.accumulate() finished...
DONE (t=0.01s).
IoU metric: bbox
 Average Precision  (AP) @[ IoU=0.50:0.95 | area=   all | maxDets=100 ] = 0.372
 Average Precision  (AP) @[ IoU=0.50      | area=   all | maxDets=100 ] = 0.960
 Average Precision  (AP) @[ IoU=0.75      | area=   all | maxDets=100 ] = 0.165
 Average Precision  (AP) @[ IoU=0.50:0.95 | area= small | maxDets=100 ] = 0.372
 Average Precision  (AP) @[ IoU=0.50:0.95 | area=medium | maxDets=100 ] = -1.000
 Average Precision  (AP) @[ IoU=0.50:0.95 | area= large | maxDets=100 ] = -1.000
 Average Recall     (AR) @[ IoU=0.50:0.95 | area=   all | maxDets=  1 ] = 0.209
 Average Recall     (AR) @[ IoU=0.50:0.95 | area=   all | maxDets= 10 ] = 0.493
 Average Recall     (AR) @[ IoU=0.50:0.95 | area=   all | maxDets=100 ] = 0.611
 Average Recall     (AR) @[ IoU=0.50:0.95 | area= small | maxDets=100 ] = 0.611
 Average Recall     (AR) @[ IoU=0.50:0.95 | area=medium | maxDets=100 ] = -1.000
 Average Recall     (AR) @[ IoU=0.50:0.95 | area= large | maxDets=100 ] = -1.000
 Average Recall     (AR) @[ IoU=0.50      | area=   all | maxDets=100 ] = 0.993
 Average Recall     (AR) @[ IoU=0.75      | area=   all | maxDets=100 ] = 0.674
best_stat: {'epoch': 7, 'coco_eval_bbox': 0.37201236408190996}
Epoch: [8/30]  [ 0/44]  eta: 0:00:31  lr: 0.000100  loss: 18.1276 (18.1276)  loss_mal: 0.6874 (0.6874)  loss_bbox: 0.0329 (0.0329)  loss_giou: 0.4227 (0.4227)  loss_fgl: 1.2854 (1.2854)  loss_mal_aux_0: 0.7167 (0.7167)  loss_bbox_aux_0: 0.0353 (0.0353)  loss_giou_aux_0: 0.4570 (0.4570)  loss_fgl_aux_0: 1.2809 (1.2809)  loss_ddf_aux_0: 0.0096 (0.0096)  loss_mal_aux_1: 0.7172 (0.7172)  loss_bbox_aux_1: 0.0327 (0.0327)  loss_giou_aux_1: 0.4207 (0.4207)  loss_fgl_aux_1: 1.2855 (1.2855)  loss_ddf_aux_1: 0.0005 (0.0005)  loss_mal_pre: 0.7216 (0.7216)  loss_bbox_pre: 0.0350 (0.0350)  loss_giou_pre: 0.4525 (0.4525)  loss_mal_enc_0: 0.7496 (0.7496)  loss_bbox_enc_0: 0.0341 (0.0341)  loss_giou_enc_0: 0.4381 (0.4381)  loss_mal_dn_0: 0.7143 (0.7143)  loss_bbox_dn_0: 0.0338 (0.0338)  loss_giou_dn_0: 0.4425 (0.4425)  loss_fgl_dn_0: 1.2656 (1.2656)  loss_ddf_dn_0: 0.1940 (0.1940)  loss_mal_dn_1: 0.6488 (0.6488)  loss_bbox_dn_1: 0.0261 (0.0261)  loss_giou_dn_1: 0.3487 (0.3487)  loss_fgl_dn_1: 1.2136 (1.2136)  loss_ddf_dn_1: 0.0030 (0.0030)  loss_mal_dn_2: 0.6456 (0.6456)  loss_bbox_dn_2: 0.0259 (0.0259)  loss_giou_dn_2: 0.3468 (0.3468)  loss_fgl_dn_2: 1.2142 (1.2142)  loss_ddf_dn_2: -0.0000 (0.0000)  loss_mal_dn_pre: 0.7167 (0.7167)  loss_bbox_dn_pre: 0.0335 (0.0335)  loss_giou_dn_pre: 0.4389 (0.4389)  time: 0.7079  data: 0.2931  max mem: 5227
Epoch: [8/30]  [10/44]  eta: 0:00:19  lr: 0.000100  loss: 18.3439 (18.3778)  loss_mal: 0.6860 (0.6860)  loss_bbox: 0.0363 (0.0364)  loss_giou: 0.5000 (0.4655)  loss_fgl: 1.2465 (1.2490)  loss_mal_aux_0: 0.7200 (0.7241)  loss_bbox_aux_0: 0.0382 (0.0371)  loss_giou_aux_0: 0.4944 (0.4748)  loss_fgl_aux_0: 1.2509 (1.2531)  loss_ddf_aux_0: 0.0094 (0.0094)  loss_mal_aux_1: 0.6986 (0.7017)  loss_bbox_aux_1: 0.0363 (0.0364)  loss_giou_aux_1: 0.4989 (0.4655)  loss_fgl_aux_1: 1.2475 (1.2500)  loss_ddf_aux_1: 0.0006 (0.0005)  loss_mal_pre: 0.7190 (0.7226)  loss_bbox_pre: 0.0381 (0.0370)  loss_giou_pre: 0.4942 (0.4740)  loss_mal_enc_0: 0.7832 (0.7838)  loss_bbox_enc_0: 0.0428 (0.0412)  loss_giou_enc_0: 0.5321 (0.5190)  loss_mal_dn_0: 0.7237 (0.7245)  loss_bbox_dn_0: 0.0360 (0.0363)  loss_giou_dn_0: 0.4576 (0.4712)  loss_fgl_dn_0: 1.2481 (1.2468)  loss_ddf_dn_0: 0.1557 (0.1847)  loss_mal_dn_1: 0.6535 (0.6556)  loss_bbox_dn_1: 0.0280 (0.0283)  loss_giou_dn_1: 0.3751 (0.3779)  loss_fgl_dn_1: 1.2024 (1.1986)  loss_ddf_dn_1: 0.0032 (0.0035)  loss_mal_dn_2: 0.6492 (0.6509)  loss_bbox_dn_2: 0.0280 (0.0282)  loss_giou_dn_2: 0.3761 (0.3770)  loss_fgl_dn_2: 1.1998 (1.1979)  loss_ddf_dn_2: -0.0000 (0.0000)  loss_mal_dn_pre: 0.7209 (0.7229)  loss_bbox_dn_pre: 0.0359 (0.0361)  loss_giou_dn_pre: 0.4570 (0.4701)  time: 0.5766  data: 0.0416  max mem: 5227
Epoch: [8/30]  [20/44]  eta: 0:00:13  lr: 0.000100  loss: 18.3439 (18.2823)  loss_mal: 0.6776 (0.6811)  loss_bbox: 0.0363 (0.0357)  loss_giou: 0.4642 (0.4628)  loss_fgl: 1.2465 (1.2529)  loss_mal_aux_0: 0.7195 (0.7205)  loss_bbox_aux_0: 0.0368 (0.0360)  loss_giou_aux_0: 0.4806 (0.4695)  loss_fgl_aux_0: 1.2509 (1.2577)  loss_ddf_aux_0: 0.0097 (0.0103)  loss_mal_aux_1: 0.6918 (0.6937)  loss_bbox_aux_1: 0.0363 (0.0355)  loss_giou_aux_1: 0.4624 (0.4605)  loss_fgl_aux_1: 1.2475 (1.2534)  loss_ddf_aux_1: 0.0006 (0.0006)  loss_mal_pre: 0.7179 (0.7193)  loss_bbox_pre: 0.0366 (0.0359)  loss_giou_pre: 0.4738 (0.4679)  loss_mal_enc_0: 0.7793 (0.7806)  loss_bbox_enc_0: 0.0395 (0.0388)  loss_giou_enc_0: 0.4848 (0.4999)  loss_mal_dn_0: 0.7155 (0.7175)  loss_bbox_dn_0: 0.0360 (0.0357)  loss_giou_dn_0: 0.4728 (0.4678)  loss_fgl_dn_0: 1.2481 (1.2511)  loss_ddf_dn_0: 0.1449 (0.1653)  loss_mal_dn_1: 0.6472 (0.6497)  loss_bbox_dn_1: 0.0279 (0.0279)  loss_giou_dn_1: 0.3751 (0.3751)  loss_fgl_dn_1: 1.2009 (1.2032)  loss_ddf_dn_1: 0.0034 (0.0035)  loss_mal_dn_2: 0.6463 (0.6477)  loss_bbox_dn_2: 0.0277 (0.0279)  loss_giou_dn_2: 0.3761 (0.3757)  loss_fgl_dn_2: 1.2047 (1.2032)  loss_ddf_dn_2: -0.0000 (0.0000)  loss_mal_dn_pre: 0.7149 (0.7164)  loss_bbox_dn_pre: 0.0359 (0.0355)  loss_giou_dn_pre: 0.4714 (0.4663)  time: 0.5599  data: 0.0167  max mem: 5227
Epoch: [8/30]  [30/44]  eta: 0:00:07  lr: 0.000100  loss: 17.9881 (18.2346)  loss_mal: 0.6695 (0.6792)  loss_bbox: 0.0359 (0.0358)  loss_giou: 0.4578 (0.4623)  loss_fgl: 1.2519 (1.2507)  loss_mal_aux_0: 0.7195 (0.7201)  loss_bbox_aux_0: 0.0363 (0.0365)  loss_giou_aux_0: 0.4806 (0.4718)  loss_fgl_aux_0: 1.2549 (1.2559)  loss_ddf_aux_0: 0.0091 (0.0097)  loss_mal_aux_1: 0.6770 (0.6886)  loss_bbox_aux_1: 0.0363 (0.0357)  loss_giou_aux_1: 0.4624 (0.4609)  loss_fgl_aux_1: 1.2492 (1.2509)  loss_ddf_aux_1: 0.0006 (0.0006)  loss_mal_pre: 0.7147 (0.7189)  loss_bbox_pre: 0.0362 (0.0364)  loss_giou_pre: 0.4738 (0.4706)  loss_mal_enc_0: 0.7769 (0.7807)  loss_bbox_enc_0: 0.0375 (0.0388)  loss_giou_enc_0: 0.4836 (0.4964)  loss_mal_dn_0: 0.7080 (0.7154)  loss_bbox_dn_0: 0.0349 (0.0360)  loss_giou_dn_0: 0.4698 (0.4679)  loss_fgl_dn_0: 1.2481 (1.2488)  loss_ddf_dn_0: 0.1324 (0.1508)  loss_mal_dn_1: 0.6382 (0.6472)  loss_bbox_dn_1: 0.0276 (0.0279)  loss_giou_dn_1: 0.3687 (0.3738)  loss_fgl_dn_1: 1.1955 (1.1991)  loss_ddf_dn_1: 0.0029 (0.0033)  loss_mal_dn_2: 0.6393 (0.6454)  loss_bbox_dn_2: 0.0273 (0.0280)  loss_giou_dn_2: 0.3683 (0.3741)  loss_fgl_dn_2: 1.1948 (1.1993)  loss_ddf_dn_2: -0.0000 (0.0000)  loss_mal_dn_pre: 0.7089 (0.7148)  loss_bbox_dn_pre: 0.0347 (0.0358)  loss_giou_dn_pre: 0.4675 (0.4665)  time: 0.5542  data: 0.0162  max mem: 5227
Epoch: [8/30]  [40/44]  eta: 0:00:02  lr: 0.000100  loss: 17.9630 (18.2024)  loss_mal: 0.6630 (0.6765)  loss_bbox: 0.0344 (0.0354)  loss_giou: 0.4578 (0.4601)  loss_fgl: 1.2471 (1.2512)  loss_mal_aux_0: 0.7158 (0.7189)  loss_bbox_aux_0: 0.0349 (0.0361)  loss_giou_aux_0: 0.4735 (0.4696)  loss_fgl_aux_0: 1.2478 (1.2556)  loss_ddf_aux_0: 0.0091 (0.0097)  loss_mal_aux_1: 0.6722 (0.6852)  loss_bbox_aux_1: 0.0342 (0.0354)  loss_giou_aux_1: 0.4626 (0.4595)  loss_fgl_aux_1: 1.2467 (1.2513)  loss_ddf_aux_1: 0.0007 (0.0007)  loss_mal_pre: 0.7141 (0.7177)  loss_bbox_pre: 0.0350 (0.0360)  loss_giou_pre: 0.4737 (0.4686)  loss_mal_enc_0: 0.7895 (0.7868)  loss_bbox_enc_0: 0.0379 (0.0385)  loss_giou_enc_0: 0.4911 (0.4949)  loss_mal_dn_0: 0.7079 (0.7139)  loss_bbox_dn_0: 0.0348 (0.0358)  loss_giou_dn_0: 0.4621 (0.4668)  loss_fgl_dn_0: 1.2534 (1.2511)  loss_ddf_dn_0: 0.1294 (0.1471)  loss_mal_dn_1: 0.6330 (0.6440)  loss_bbox_dn_1: 0.0270 (0.0277)  loss_giou_dn_1: 0.3634 (0.3712)  loss_fgl_dn_1: 1.1949 (1.1994)  loss_ddf_dn_1: 0.0036 (0.0036)  loss_mal_dn_2: 0.6327 (0.6417)  loss_bbox_dn_2: 0.0267 (0.0277)  loss_giou_dn_2: 0.3661 (0.3708)  loss_fgl_dn_2: 1.1948 (1.1992)  loss_ddf_dn_2: -0.0000 (0.0000)  loss_mal_dn_pre: 0.7069 (0.7134)  loss_bbox_dn_pre: 0.0347 (0.0356)  loss_giou_dn_pre: 0.4613 (0.4655)  time: 0.5596  data: 0.0155  max mem: 5227
Epoch: [8/30]  [43/44]  eta: 0:00:00  lr: 0.000100  loss: 17.9630 (18.1668)  loss_mal: 0.6609 (0.6756)  loss_bbox: 0.0337 (0.0351)  loss_giou: 0.4421 (0.4575)  loss_fgl: 1.2466 (1.2501)  loss_mal_aux_0: 0.7157 (0.7177)  loss_bbox_aux_0: 0.0349 (0.0358)  loss_giou_aux_0: 0.4472 (0.4667)  loss_fgl_aux_0: 1.2477 (1.2548)  loss_ddf_aux_0: 0.0092 (0.0096)  loss_mal_aux_1: 0.6674 (0.6843)  loss_bbox_aux_1: 0.0338 (0.0351)  loss_giou_aux_1: 0.4450 (0.4569)  loss_fgl_aux_1: 1.2446 (1.2503)  loss_ddf_aux_1: 0.0009 (0.0007)  loss_mal_pre: 0.7132 (0.7166)  loss_bbox_pre: 0.0345 (0.0358)  loss_giou_pre: 0.4510 (0.4658)  loss_mal_enc_0: 0.7904 (0.7881)  loss_bbox_enc_0: 0.0370 (0.0381)  loss_giou_enc_0: 0.4757 (0.4917)  loss_mal_dn_0: 0.7068 (0.7130)  loss_bbox_dn_0: 0.0342 (0.0355)  loss_giou_dn_0: 0.4572 (0.4641)  loss_fgl_dn_0: 1.2533 (1.2507)  loss_ddf_dn_0: 0.1273 (0.1448)  loss_mal_dn_1: 0.6330 (0.6431)  loss_bbox_dn_1: 0.0269 (0.0276)  loss_giou_dn_1: 0.3632 (0.3702)  loss_fgl_dn_1: 1.1982 (1.1994)  loss_ddf_dn_1: 0.0037 (0.0036)  loss_mal_dn_2: 0.6327 (0.6409)  loss_bbox_dn_2: 0.0267 (0.0276)  loss_giou_dn_2: 0.3659 (0.3699)  loss_fgl_dn_2: 1.1981 (1.1994)  loss_ddf_dn_2: -0.0000 (0.0000)  loss_mal_dn_pre: 0.7068 (0.7125)  loss_bbox_dn_pre: 0.0340 (0.0354)  loss_giou_dn_pre: 0.4530 (0.4627)  time: 0.5580  data: 0.0152  max mem: 5227
Epoch: [8/30] Total time: 0:00:24 (0.5632 s / it)
Averaged stats: lr: 0.000100  loss: 17.9630 (18.1668)  loss_mal: 0.6609 (0.6756)  loss_bbox: 0.0337 (0.0351)  loss_giou: 0.4421 (0.4575)  loss_fgl: 1.2466 (1.2501)  loss_mal_aux_0: 0.7157 (0.7177)  loss_bbox_aux_0: 0.0349 (0.0358)  loss_giou_aux_0: 0.4472 (0.4667)  loss_fgl_aux_0: 1.2477 (1.2548)  loss_ddf_aux_0: 0.0092 (0.0096)  loss_mal_aux_1: 0.6674 (0.6843)  loss_bbox_aux_1: 0.0338 (0.0351)  loss_giou_aux_1: 0.4450 (0.4569)  loss_fgl_aux_1: 1.2446 (1.2503)  loss_ddf_aux_1: 0.0009 (0.0007)  loss_mal_pre: 0.7132 (0.7166)  loss_bbox_pre: 0.0345 (0.0358)  loss_giou_pre: 0.4510 (0.4658)  loss_mal_enc_0: 0.7904 (0.7881)  loss_bbox_enc_0: 0.0370 (0.0381)  loss_giou_enc_0: 0.4757 (0.4917)  loss_mal_dn_0: 0.7068 (0.7130)  loss_bbox_dn_0: 0.0342 (0.0355)  loss_giou_dn_0: 0.4572 (0.4641)  loss_fgl_dn_0: 1.2533 (1.2507)  loss_ddf_dn_0: 0.1273 (0.1448)  loss_mal_dn_1: 0.6330 (0.6431)  loss_bbox_dn_1: 0.0269 (0.0276)  loss_giou_dn_1: 0.3632 (0.3702)  loss_fgl_dn_1: 1.1982 (1.1994)  loss_ddf_dn_1: 0.0037 (0.0036)  loss_mal_dn_2: 0.6327 (0.6409)  loss_bbox_dn_2: 0.0267 (0.0276)  loss_giou_dn_2: 0.3659 (0.3699)  loss_fgl_dn_2: 1.1981 (1.1994)  loss_ddf_dn_2: -0.0000 (0.0000)  loss_mal_dn_pre: 0.7068 (0.7125)  loss_bbox_dn_pre: 0.0340 (0.0354)  loss_giou_dn_pre: 0.4530 (0.4627)
Test:  [0/9]  eta: 0:00:03    time: 0.4323  data: 0.3010  max mem: 5227
Test:  [8/9]  eta: 0:00:00    time: 0.1433  data: 0.0449  max mem: 5227
Test: Total time: 0:00:01 (0.1473 s / it)
Metrics: {'f1': 0.9724137931034483, 'precision': 0.9657534246575342, 'recall': 0.9791666666666666, 'iou': 0.665859288417253, 'TPs': 141, 'FPs': 5, 'FNs': 3}
Averaged stats: 
Accumulating evaluation results...
COCOeval_opt.accumulate() finished...
DONE (t=0.01s).
IoU metric: bbox
 Average Precision  (AP) @[ IoU=0.50:0.95 | area=   all | maxDets=100 ] = 0.363
 Average Precision  (AP) @[ IoU=0.50      | area=   all | maxDets=100 ] = 0.955
 Average Precision  (AP) @[ IoU=0.75      | area=   all | maxDets=100 ] = 0.154
 Average Precision  (AP) @[ IoU=0.50:0.95 | area= small | maxDets=100 ] = 0.364
 Average Precision  (AP) @[ IoU=0.50:0.95 | area=medium | maxDets=100 ] = -1.000
 Average Precision  (AP) @[ IoU=0.50:0.95 | area= large | maxDets=100 ] = -1.000
 Average Recall     (AR) @[ IoU=0.50:0.95 | area=   all | maxDets=  1 ] = 0.206
 Average Recall     (AR) @[ IoU=0.50:0.95 | area=   all | maxDets= 10 ] = 0.480
 Average Recall     (AR) @[ IoU=0.50:0.95 | area=   all | maxDets=100 ] = 0.615
 Average Recall     (AR) @[ IoU=0.50:0.95 | area= small | maxDets=100 ] = 0.615
 Average Recall     (AR) @[ IoU=0.50:0.95 | area=medium | maxDets=100 ] = -1.000
 Average Recall     (AR) @[ IoU=0.50:0.95 | area= large | maxDets=100 ] = -1.000
 Average Recall     (AR) @[ IoU=0.50      | area=   all | maxDets=100 ] = 0.993
 Average Recall     (AR) @[ IoU=0.75      | area=   all | maxDets=100 ] = 0.681
best_stat: {'epoch': 7, 'coco_eval_bbox': 0.37201236408190996}
Epoch: [9/30]  [ 0/44]  eta: 0:00:33  lr: 0.000100  loss: 17.5200 (17.5200)  loss_mal: 0.6563 (0.6563)  loss_bbox: 0.0347 (0.0347)  loss_giou: 0.4291 (0.4291)  loss_fgl: 1.2616 (1.2616)  loss_mal_aux_0: 0.6831 (0.6831)  loss_bbox_aux_0: 0.0339 (0.0339)  loss_giou_aux_0: 0.4209 (0.4209)  loss_fgl_aux_0: 1.2684 (1.2684)  loss_ddf_aux_0: 0.0086 (0.0086)  loss_mal_aux_1: 0.6613 (0.6613)  loss_bbox_aux_1: 0.0334 (0.0334)  loss_giou_aux_1: 0.4149 (0.4149)  loss_fgl_aux_1: 1.2579 (1.2579)  loss_ddf_aux_1: 0.0012 (0.0012)  loss_mal_pre: 0.6837 (0.6837)  loss_bbox_pre: 0.0336 (0.0336)  loss_giou_pre: 0.4174 (0.4174)  loss_mal_enc_0: 0.7506 (0.7506)  loss_bbox_enc_0: 0.0313 (0.0313)  loss_giou_enc_0: 0.3871 (0.3871)  loss_mal_dn_0: 0.6906 (0.6906)  loss_bbox_dn_0: 0.0318 (0.0318)  loss_giou_dn_0: 0.3958 (0.3958)  loss_fgl_dn_0: 1.2598 (1.2598)  loss_ddf_dn_0: 0.1181 (0.1181)  loss_mal_dn_1: 0.6248 (0.6248)  loss_bbox_dn_1: 0.0273 (0.0273)  loss_giou_dn_1: 0.3455 (0.3455)  loss_fgl_dn_1: 1.2099 (1.2099)  loss_ddf_dn_1: 0.0045 (0.0045)  loss_mal_dn_2: 0.6280 (0.6280)  loss_bbox_dn_2: 0.0279 (0.0279)  loss_giou_dn_2: 0.3532 (0.3532)  loss_fgl_dn_2: 1.2175 (1.2175)  loss_ddf_dn_2: -0.0000 (0.0000)  loss_mal_dn_pre: 0.6919 (0.6919)  loss_bbox_dn_pre: 0.0316 (0.0316)  loss_giou_dn_pre: 0.3929 (0.3929)  time: 0.7583  data: 0.2759  max mem: 5227
Epoch: [9/30]  [10/44]  eta: 0:00:19  lr: 0.000100  loss: 17.6475 (17.7488)  loss_mal: 0.6712 (0.6643)  loss_bbox: 0.0307 (0.0321)  loss_giou: 0.4291 (0.4295)  loss_fgl: 1.2481 (1.2511)  loss_mal_aux_0: 0.7108 (0.7049)  loss_bbox_aux_0: 0.0320 (0.0323)  loss_giou_aux_0: 0.4209 (0.4337)  loss_fgl_aux_0: 1.2491 (1.2537)  loss_ddf_aux_0: 0.0098 (0.0100)  loss_mal_aux_1: 0.6783 (0.6715)  loss_bbox_aux_1: 0.0309 (0.0319)  loss_giou_aux_1: 0.4149 (0.4274)  loss_fgl_aux_1: 1.2523 (1.2496)  loss_ddf_aux_1: 0.0008 (0.0008)  loss_mal_pre: 0.7085 (0.7044)  loss_bbox_pre: 0.0324 (0.0323)  loss_giou_pre: 0.4174 (0.4332)  loss_mal_enc_0: 0.7743 (0.7737)  loss_bbox_enc_0: 0.0313 (0.0337)  loss_giou_enc_0: 0.4363 (0.4509)  loss_mal_dn_0: 0.6974 (0.7056)  loss_bbox_dn_0: 0.0325 (0.0324)  loss_giou_dn_0: 0.4307 (0.4375)  loss_fgl_dn_0: 1.2486 (1.2500)  loss_ddf_dn_0: 0.1203 (0.1237)  loss_mal_dn_1: 0.6248 (0.6289)  loss_bbox_dn_1: 0.0247 (0.0255)  loss_giou_dn_1: 0.3455 (0.3526)  loss_fgl_dn_1: 1.1925 (1.1955)  loss_ddf_dn_1: 0.0029 (0.0032)  loss_mal_dn_2: 0.6249 (0.6269)  loss_bbox_dn_2: 0.0243 (0.0254)  loss_giou_dn_2: 0.3493 (0.3526)  loss_fgl_dn_2: 1.1897 (1.1959)  loss_ddf_dn_2: -0.0000 (0.0000)  loss_mal_dn_pre: 0.6954 (0.7042)  loss_bbox_dn_pre: 0.0325 (0.0323)  loss_giou_dn_pre: 0.4283 (0.4356)  time: 0.5838  data: 0.0394  max mem: 5227
Epoch: [9/30]  [20/44]  eta: 0:00:14  lr: 0.000100  loss: 17.6475 (17.6168)  loss_mal: 0.6585 (0.6570)  loss_bbox: 0.0307 (0.0314)  loss_giou: 0.4062 (0.4186)  loss_fgl: 1.2463 (1.2458)  loss_mal_aux_0: 0.7008 (0.6985)  loss_bbox_aux_0: 0.0320 (0.0318)  loss_giou_aux_0: 0.4148 (0.4236)  loss_fgl_aux_0: 1.2498 (1.2504)  loss_ddf_aux_0: 0.0101 (0.0101)  loss_mal_aux_1: 0.6658 (0.6630)  loss_bbox_aux_1: 0.0306 (0.0313)  loss_giou_aux_1: 0.4078 (0.4180)  loss_fgl_aux_1: 1.2478 (1.2455)  loss_ddf_aux_1: 0.0006 (0.0007)  loss_mal_pre: 0.6979 (0.6972)  loss_bbox_pre: 0.0317 (0.0318)  loss_giou_pre: 0.4141 (0.4234)  loss_mal_enc_0: 0.7743 (0.7751)  loss_bbox_enc_0: 0.0336 (0.0339)  loss_giou_enc_0: 0.4478 (0.4497)  loss_mal_dn_0: 0.6995 (0.7028)  loss_bbox_dn_0: 0.0319 (0.0321)  loss_giou_dn_0: 0.4318 (0.4309)  loss_fgl_dn_0: 1.2452 (1.2479)  loss_ddf_dn_0: 0.1274 (0.1291)  loss_mal_dn_1: 0.6237 (0.6248)  loss_bbox_dn_1: 0.0247 (0.0252)  loss_giou_dn_1: 0.3440 (0.3465)  loss_fgl_dn_1: 1.1855 (1.1896)  loss_ddf_dn_1: 0.0031 (0.0033)  loss_mal_dn_2: 0.6232 (0.6228)  loss_bbox_dn_2: 0.0243 (0.0252)  loss_giou_dn_2: 0.3474 (0.3462)  loss_fgl_dn_2: 1.1847 (1.1898)  loss_ddf_dn_2: -0.0000 (0.0000)  loss_mal_dn_pre: 0.6985 (0.7018)  loss_bbox_dn_pre: 0.0318 (0.0321)  loss_giou_dn_pre: 0.4323 (0.4299)  time: 0.5848  data: 0.0155  max mem: 5227
Epoch: [9/30]  [30/44]  eta: 0:00:08  lr: 0.000100  loss: 17.7922 (17.7485)  loss_mal: 0.6585 (0.6593)  loss_bbox: 0.0332 (0.0323)  loss_giou: 0.4208 (0.4264)  loss_fgl: 1.2467 (1.2484)  loss_mal_aux_0: 0.6952 (0.6972)  loss_bbox_aux_0: 0.0330 (0.0328)  loss_giou_aux_0: 0.4332 (0.4330)  loss_fgl_aux_0: 1.2548 (1.2544)  loss_ddf_aux_0: 0.0101 (0.0100)  loss_mal_aux_1: 0.6656 (0.6653)  loss_bbox_aux_1: 0.0331 (0.0323)  loss_giou_aux_1: 0.4224 (0.4261)  loss_fgl_aux_1: 1.2495 (1.2484)  loss_ddf_aux_1: 0.0005 (0.0006)  loss_mal_pre: 0.6946 (0.6960)  loss_bbox_pre: 0.0333 (0.0328)  loss_giou_pre: 0.4314 (0.4324)  loss_mal_enc_0: 0.7811 (0.7746)  loss_bbox_enc_0: 0.0350 (0.0349)  loss_giou_enc_0: 0.4631 (0.4580)  loss_mal_dn_0: 0.7043 (0.7040)  loss_bbox_dn_0: 0.0345 (0.0336)  loss_giou_dn_0: 0.4411 (0.4447)  loss_fgl_dn_0: 1.2576 (1.2557)  loss_ddf_dn_0: 0.1413 (0.1349)  loss_mal_dn_1: 0.6285 (0.6283)  loss_bbox_dn_1: 0.0255 (0.0260)  loss_giou_dn_1: 0.3498 (0.3533)  loss_fgl_dn_1: 1.1855 (1.1934)  loss_ddf_dn_1: 0.0036 (0.0036)  loss_mal_dn_2: 0.6236 (0.6257)  loss_bbox_dn_2: 0.0254 (0.0259)  loss_giou_dn_2: 0.3483 (0.3521)  loss_fgl_dn_2: 1.1847 (1.1926)  loss_ddf_dn_2: -0.0000 (0.0000)  loss_mal_dn_pre: 0.7052 (0.7031)  loss_bbox_dn_pre: 0.0341 (0.0335)  loss_giou_dn_pre: 0.4404 (0.4430)  time: 0.5998  data: 0.0152  max mem: 5227
Epoch: [9/30]  [40/44]  eta: 0:00:02  lr: 0.000100  loss: 17.9134 (17.7553)  loss_mal: 0.6656 (0.6593)  loss_bbox: 0.0336 (0.0325)  loss_giou: 0.4365 (0.4271)  loss_fgl: 1.2469 (1.2477)  loss_mal_aux_0: 0.7050 (0.7004)  loss_bbox_aux_0: 0.0337 (0.0331)  loss_giou_aux_0: 0.4452 (0.4337)  loss_fgl_aux_0: 1.2496 (1.2539)  loss_ddf_aux_0: 0.0094 (0.0099)  loss_mal_aux_1: 0.6679 (0.6652)  loss_bbox_aux_1: 0.0336 (0.0325)  loss_giou_aux_1: 0.4364 (0.4271)  loss_fgl_aux_1: 1.2465 (1.2479)  loss_ddf_aux_1: 0.0005 (0.0006)  loss_mal_pre: 0.7045 (0.6996)  loss_bbox_pre: 0.0341 (0.0331)  loss_giou_pre: 0.4441 (0.4336)  loss_mal_enc_0: 0.7819 (0.7760)  loss_bbox_enc_0: 0.0350 (0.0354)  loss_giou_enc_0: 0.4634 (0.4599)  loss_mal_dn_0: 0.7043 (0.7042)  loss_bbox_dn_0: 0.0349 (0.0339)  loss_giou_dn_0: 0.4526 (0.4463)  loss_fgl_dn_0: 1.2532 (1.2528)  loss_ddf_dn_0: 0.1388 (0.1348)  loss_mal_dn_1: 0.6340 (0.6278)  loss_bbox_dn_1: 0.0269 (0.0260)  loss_giou_dn_1: 0.3549 (0.3523)  loss_fgl_dn_1: 1.1847 (1.1911)  loss_ddf_dn_1: 0.0038 (0.0036)  loss_mal_dn_2: 0.6318 (0.6252)  loss_bbox_dn_2: 0.0267 (0.0259)  loss_giou_dn_2: 0.3543 (0.3508)  loss_fgl_dn_2: 1.1824 (1.1902)  loss_ddf_dn_2: -0.0000 (0.0000)  loss_mal_dn_pre: 0.7052 (0.7033)  loss_bbox_dn_pre: 0.0348 (0.0338)  loss_giou_dn_pre: 0.4478 (0.4449)  time: 0.5757  data: 0.0158  max mem: 5227
Epoch: [9/30]  [43/44]  eta: 0:00:00  lr: 0.000100  loss: 17.9134 (17.7789)  loss_mal: 0.6656 (0.6603)  loss_bbox: 0.0336 (0.0325)  loss_giou: 0.4362 (0.4277)  loss_fgl: 1.2455 (1.2478)  loss_mal_aux_0: 0.7050 (0.7023)  loss_bbox_aux_0: 0.0336 (0.0332)  loss_giou_aux_0: 0.4414 (0.4351)  loss_fgl_aux_0: 1.2496 (1.2540)  loss_ddf_aux_0: 0.0097 (0.0100)  loss_mal_aux_1: 0.6698 (0.6664)  loss_bbox_aux_1: 0.0336 (0.0326)  loss_giou_aux_1: 0.4350 (0.4279)  loss_fgl_aux_1: 1.2465 (1.2481)  loss_ddf_aux_1: 0.0005 (0.0006)  loss_mal_pre: 0.7045 (0.7012)  loss_bbox_pre: 0.0335 (0.0332)  loss_giou_pre: 0.4437 (0.4351)  loss_mal_enc_0: 0.7819 (0.7764)  loss_bbox_enc_0: 0.0346 (0.0354)  loss_giou_enc_0: 0.4526 (0.4613)  loss_mal_dn_0: 0.7043 (0.7049)  loss_bbox_dn_0: 0.0349 (0.0342)  loss_giou_dn_0: 0.4606 (0.4497)  loss_fgl_dn_0: 1.2488 (1.2537)  loss_ddf_dn_0: 0.1388 (0.1353)  loss_mal_dn_1: 0.6340 (0.6282)  loss_bbox_dn_1: 0.0269 (0.0261)  loss_giou_dn_1: 0.3542 (0.3529)  loss_fgl_dn_1: 1.1838 (1.1905)  loss_ddf_dn_1: 0.0036 (0.0036)  loss_mal_dn_2: 0.6318 (0.6258)  loss_bbox_dn_2: 0.0267 (0.0259)  loss_giou_dn_2: 0.3506 (0.3514)  loss_fgl_dn_2: 1.1824 (1.1896)  loss_ddf_dn_2: -0.0000 (0.0000)  loss_mal_dn_pre: 0.7052 (0.7040)  loss_bbox_dn_pre: 0.0346 (0.0340)  loss_giou_dn_pre: 0.4597 (0.4482)  time: 0.5599  data: 0.0161  max mem: 5227
Epoch: [9/30] Total time: 0:00:25 (0.5804 s / it)
Averaged stats: lr: 0.000100  loss: 17.9134 (17.7789)  loss_mal: 0.6656 (0.6603)  loss_bbox: 0.0336 (0.0325)  loss_giou: 0.4362 (0.4277)  loss_fgl: 1.2455 (1.2478)  loss_mal_aux_0: 0.7050 (0.7023)  loss_bbox_aux_0: 0.0336 (0.0332)  loss_giou_aux_0: 0.4414 (0.4351)  loss_fgl_aux_0: 1.2496 (1.2540)  loss_ddf_aux_0: 0.0097 (0.0100)  loss_mal_aux_1: 0.6698 (0.6664)  loss_bbox_aux_1: 0.0336 (0.0326)  loss_giou_aux_1: 0.4350 (0.4279)  loss_fgl_aux_1: 1.2465 (1.2481)  loss_ddf_aux_1: 0.0005 (0.0006)  loss_mal_pre: 0.7045 (0.7012)  loss_bbox_pre: 0.0335 (0.0332)  loss_giou_pre: 0.4437 (0.4351)  loss_mal_enc_0: 0.7819 (0.7764)  loss_bbox_enc_0: 0.0346 (0.0354)  loss_giou_enc_0: 0.4526 (0.4613)  loss_mal_dn_0: 0.7043 (0.7049)  loss_bbox_dn_0: 0.0349 (0.0342)  loss_giou_dn_0: 0.4606 (0.4497)  loss_fgl_dn_0: 1.2488 (1.2537)  loss_ddf_dn_0: 0.1388 (0.1353)  loss_mal_dn_1: 0.6340 (0.6282)  loss_bbox_dn_1: 0.0269 (0.0261)  loss_giou_dn_1: 0.3542 (0.3529)  loss_fgl_dn_1: 1.1838 (1.1905)  loss_ddf_dn_1: 0.0036 (0.0036)  loss_mal_dn_2: 0.6318 (0.6258)  loss_bbox_dn_2: 0.0267 (0.0259)  loss_giou_dn_2: 0.3506 (0.3514)  loss_fgl_dn_2: 1.1824 (1.1896)  loss_ddf_dn_2: -0.0000 (0.0000)  loss_mal_dn_pre: 0.7052 (0.7040)  loss_bbox_dn_pre: 0.0346 (0.0340)  loss_giou_dn_pre: 0.4597 (0.4482)
Test:  [0/9]  eta: 0:00:03    time: 0.4163  data: 0.2314  max mem: 5227
Test:  [8/9]  eta: 0:00:00    time: 0.1732  data: 0.0385  max mem: 5227
Test: Total time: 0:00:01 (0.1773 s / it)
Metrics: {'f1': 0.9724137931034483, 'precision': 0.9657534246575342, 'recall': 0.9791666666666666, 'iou': 0.6666386479499357, 'TPs': 141, 'FPs': 5, 'FNs': 3}
Averaged stats: 
Accumulating evaluation results...
COCOeval_opt.accumulate() finished...
DONE (t=0.01s).
IoU metric: bbox
 Average Precision  (AP) @[ IoU=0.50:0.95 | area=   all | maxDets=100 ] = 0.367
 Average Precision  (AP) @[ IoU=0.50      | area=   all | maxDets=100 ] = 0.963
 Average Precision  (AP) @[ IoU=0.75      | area=   all | maxDets=100 ] = 0.172
 Average Precision  (AP) @[ IoU=0.50:0.95 | area= small | maxDets=100 ] = 0.367
 Average Precision  (AP) @[ IoU=0.50:0.95 | area=medium | maxDets=100 ] = -1.000
 Average Precision  (AP) @[ IoU=0.50:0.95 | area= large | maxDets=100 ] = -1.000
 Average Recall     (AR) @[ IoU=0.50:0.95 | area=   all | maxDets=  1 ] = 0.203
 Average Recall     (AR) @[ IoU=0.50:0.95 | area=   all | maxDets= 10 ] = 0.476
 Average Recall     (AR) @[ IoU=0.50:0.95 | area=   all | maxDets=100 ] = 0.615
 Average Recall     (AR) @[ IoU=0.50:0.95 | area= small | maxDets=100 ] = 0.615
 Average Recall     (AR) @[ IoU=0.50:0.95 | area=medium | maxDets=100 ] = -1.000
 Average Recall     (AR) @[ IoU=0.50:0.95 | area= large | maxDets=100 ] = -1.000
 Average Recall     (AR) @[ IoU=0.50      | area=   all | maxDets=100 ] = 0.993
 Average Recall     (AR) @[ IoU=0.75      | area=   all | maxDets=100 ] = 0.653
best_stat: {'epoch': 7, 'coco_eval_bbox': 0.37201236408190996}
Epoch: [10/30]  [ 0/44]  eta: 0:00:28  lr: 0.000100  loss: 17.7292 (17.7292)  loss_mal: 0.6543 (0.6543)  loss_bbox: 0.0321 (0.0321)  loss_giou: 0.4293 (0.4293)  loss_fgl: 1.2255 (1.2255)  loss_mal_aux_0: 0.7011 (0.7011)  loss_bbox_aux_0: 0.0331 (0.0331)  loss_giou_aux_0: 0.4444 (0.4444)  loss_fgl_aux_0: 1.2351 (1.2351)  loss_ddf_aux_0: 0.0082 (0.0082)  loss_mal_aux_1: 0.6621 (0.6621)  loss_bbox_aux_1: 0.0324 (0.0324)  loss_giou_aux_1: 0.4332 (0.4332)  loss_fgl_aux_1: 1.2265 (1.2265)  loss_ddf_aux_1: 0.0005 (0.0005)  loss_mal_pre: 0.6986 (0.6986)  loss_bbox_pre: 0.0329 (0.0329)  loss_giou_pre: 0.4431 (0.4431)  loss_mal_enc_0: 0.7671 (0.7671)  loss_bbox_enc_0: 0.0350 (0.0350)  loss_giou_enc_0: 0.4640 (0.4640)  loss_mal_dn_0: 0.7163 (0.7163)  loss_bbox_dn_0: 0.0359 (0.0359)  loss_giou_dn_0: 0.4880 (0.4880)  loss_fgl_dn_0: 1.2349 (1.2349)  loss_ddf_dn_0: 0.1459 (0.1459)  loss_mal_dn_1: 0.6259 (0.6259)  loss_bbox_dn_1: 0.0249 (0.0249)  loss_giou_dn_1: 0.3492 (0.3492)  loss_fgl_dn_1: 1.1623 (1.1623)  loss_ddf_dn_1: 0.0038 (0.0038)  loss_mal_dn_2: 0.6202 (0.6202)  loss_bbox_dn_2: 0.0246 (0.0246)  loss_giou_dn_2: 0.3452 (0.3452)  loss_fgl_dn_2: 1.1583 (1.1583)  loss_ddf_dn_2: -0.0000 (0.0000)  loss_mal_dn_pre: 0.7141 (0.7141)  loss_bbox_dn_pre: 0.0356 (0.0356)  loss_giou_dn_pre: 0.4857 (0.4857)  time: 0.6508  data: 0.2564  max mem: 5227
Epoch: [10/30]  [10/44]  eta: 0:00:18  lr: 0.000100  loss: 17.2807 (17.2894)  loss_mal: 0.6427 (0.6411)  loss_bbox: 0.0311 (0.0307)  loss_giou: 0.4065 (0.4031)  loss_fgl: 1.2328 (1.2304)  loss_mal_aux_0: 0.6796 (0.6828)  loss_bbox_aux_0: 0.0317 (0.0316)  loss_giou_aux_0: 0.4143 (0.4135)  loss_fgl_aux_0: 1.2399 (1.2396)  loss_ddf_aux_0: 0.0091 (0.0089)  loss_mal_aux_1: 0.6468 (0.6444)  loss_bbox_aux_1: 0.0311 (0.0309)  loss_giou_aux_1: 0.4070 (0.4043)  loss_fgl_aux_1: 1.2329 (1.2313)  loss_ddf_aux_1: 0.0007 (0.0007)  loss_mal_pre: 0.6827 (0.6834)  loss_bbox_pre: 0.0317 (0.0316)  loss_giou_pre: 0.4136 (0.4128)  loss_mal_enc_0: 0.7588 (0.7621)  loss_bbox_enc_0: 0.0344 (0.0336)  loss_giou_enc_0: 0.4359 (0.4382)  loss_mal_dn_0: 0.6913 (0.6926)  loss_bbox_dn_0: 0.0337 (0.0327)  loss_giou_dn_0: 0.4218 (0.4263)  loss_fgl_dn_0: 1.2387 (1.2357)  loss_ddf_dn_0: 0.1267 (0.1240)  loss_mal_dn_1: 0.6104 (0.6114)  loss_bbox_dn_1: 0.0249 (0.0245)  loss_giou_dn_1: 0.3266 (0.3290)  loss_fgl_dn_1: 1.1775 (1.1719)  loss_ddf_dn_1: 0.0042 (0.0040)  loss_mal_dn_2: 0.6065 (0.6087)  loss_bbox_dn_2: 0.0246 (0.0244)  loss_giou_dn_2: 0.3243 (0.3275)  loss_fgl_dn_2: 1.1785 (1.1712)  loss_ddf_dn_2: -0.0000 (0.0000)  loss_mal_dn_pre: 0.6914 (0.6927)  loss_bbox_dn_pre: 0.0337 (0.0326)  loss_giou_dn_pre: 0.4208 (0.4251)  time: 0.5351  data: 0.0370  max mem: 5227
Epoch: [10/30]  [20/44]  eta: 0:00:13  lr: 0.000100  loss: 17.2901 (17.3280)  loss_mal: 0.6445 (0.6445)  loss_bbox: 0.0299 (0.0304)  loss_giou: 0.4026 (0.4023)  loss_fgl: 1.2328 (1.2281)  loss_mal_aux_0: 0.6923 (0.6903)  loss_bbox_aux_0: 0.0306 (0.0313)  loss_giou_aux_0: 0.4018 (0.4127)  loss_fgl_aux_0: 1.2399 (1.2378)  loss_ddf_aux_0: 0.0096 (0.0103)  loss_mal_aux_1: 0.6494 (0.6492)  loss_bbox_aux_1: 0.0300 (0.0305)  loss_giou_aux_1: 0.4059 (0.4032)  loss_fgl_aux_1: 1.2329 (1.2293)  loss_ddf_aux_1: 0.0007 (0.0007)  loss_mal_pre: 0.6954 (0.6897)  loss_bbox_pre: 0.0306 (0.0314)  loss_giou_pre: 0.4036 (0.4127)  loss_mal_enc_0: 0.7566 (0.7611)  loss_bbox_enc_0: 0.0333 (0.0338)  loss_giou_enc_0: 0.4359 (0.4435)  loss_mal_dn_0: 0.6913 (0.6930)  loss_bbox_dn_0: 0.0325 (0.0322)  loss_giou_dn_0: 0.4204 (0.4257)  loss_fgl_dn_0: 1.2434 (1.2422)  loss_ddf_dn_0: 0.1303 (0.1307)  loss_mal_dn_1: 0.6113 (0.6122)  loss_bbox_dn_1: 0.0242 (0.0242)  loss_giou_dn_1: 0.3295 (0.3293)  loss_fgl_dn_1: 1.1809 (1.1751)  loss_ddf_dn_1: 0.0042 (0.0041)  loss_mal_dn_2: 0.6080 (0.6099)  loss_bbox_dn_2: 0.0242 (0.0241)  loss_giou_dn_2: 0.3260 (0.3282)  loss_fgl_dn_2: 1.1800 (1.1746)  loss_ddf_dn_2: -0.0000 (0.0000)  loss_mal_dn_pre: 0.6914 (0.6929)  loss_bbox_dn_pre: 0.0323 (0.0321)  loss_giou_dn_pre: 0.4197 (0.4248)  time: 0.5392  data: 0.0152  max mem: 5227
Epoch: [10/30]  [30/44]  eta: 0:00:07  lr: 0.000100  loss: 17.4052 (17.3526)  loss_mal: 0.6491 (0.6452)  loss_bbox: 0.0301 (0.0307)  loss_giou: 0.4014 (0.4053)  loss_fgl: 1.2373 (1.2313)  loss_mal_aux_0: 0.7003 (0.6904)  loss_bbox_aux_0: 0.0305 (0.0316)  loss_giou_aux_0: 0.4030 (0.4148)  loss_fgl_aux_0: 1.2431 (1.2400)  loss_ddf_aux_0: 0.0099 (0.0103)  loss_mal_aux_1: 0.6532 (0.6498)  loss_bbox_aux_1: 0.0298 (0.0308)  loss_giou_aux_1: 0.4029 (0.4055)  loss_fgl_aux_1: 1.2354 (1.2322)  loss_ddf_aux_1: 0.0005 (0.0006)  loss_mal_pre: 0.6964 (0.6895)  loss_bbox_pre: 0.0306 (0.0315)  loss_giou_pre: 0.4057 (0.4143)  loss_mal_enc_0: 0.7550 (0.7606)  loss_bbox_enc_0: 0.0334 (0.0341)  loss_giou_enc_0: 0.4486 (0.4454)  loss_mal_dn_0: 0.6891 (0.6926)  loss_bbox_dn_0: 0.0317 (0.0322)  loss_giou_dn_0: 0.4192 (0.4243)  loss_fgl_dn_0: 1.2447 (1.2426)  loss_ddf_dn_0: 0.1364 (0.1334)  loss_mal_dn_1: 0.6159 (0.6123)  loss_bbox_dn_1: 0.0240 (0.0243)  loss_giou_dn_1: 0.3324 (0.3298)  loss_fgl_dn_1: 1.1823 (1.1762)  loss_ddf_dn_1: 0.0036 (0.0041)  loss_mal_dn_2: 0.6134 (0.6104)  loss_bbox_dn_2: 0.0239 (0.0243)  loss_giou_dn_2: 0.3304 (0.3289)  loss_fgl_dn_2: 1.1822 (1.1757)  loss_ddf_dn_2: -0.0000 (0.0000)  loss_mal_dn_pre: 0.6886 (0.6927)  loss_bbox_dn_pre: 0.0316 (0.0321)  loss_giou_dn_pre: 0.4151 (0.4229)  time: 0.5557  data: 0.0153  max mem: 5227
Epoch: [10/30]  [40/44]  eta: 0:00:02  lr: 0.000100  loss: 17.5275 (17.4244)  loss_mal: 0.6514 (0.6484)  loss_bbox: 0.0303 (0.0309)  loss_giou: 0.4063 (0.4091)  loss_fgl: 1.2467 (1.2368)  loss_mal_aux_0: 0.6958 (0.6936)  loss_bbox_aux_0: 0.0318 (0.0318)  loss_giou_aux_0: 0.4312 (0.4205)  loss_fgl_aux_0: 1.2516 (1.2445)  loss_ddf_aux_0: 0.0091 (0.0099)  loss_mal_aux_1: 0.6586 (0.6528)  loss_bbox_aux_1: 0.0304 (0.0309)  loss_giou_aux_1: 0.4084 (0.4095)  loss_fgl_aux_1: 1.2474 (1.2375)  loss_ddf_aux_1: 0.0005 (0.0006)  loss_mal_pre: 0.6939 (0.6928)  loss_bbox_pre: 0.0318 (0.0318)  loss_giou_pre: 0.4271 (0.4201)  loss_mal_enc_0: 0.7555 (0.7613)  loss_bbox_enc_0: 0.0343 (0.0342)  loss_giou_enc_0: 0.4533 (0.4486)  loss_mal_dn_0: 0.6932 (0.6940)  loss_bbox_dn_0: 0.0317 (0.0322)  loss_giou_dn_0: 0.4216 (0.4263)  loss_fgl_dn_0: 1.2427 (1.2442)  loss_ddf_dn_0: 0.1402 (0.1363)  loss_mal_dn_1: 0.6126 (0.6134)  loss_bbox_dn_1: 0.0242 (0.0244)  loss_giou_dn_1: 0.3324 (0.3319)  loss_fgl_dn_1: 1.1780 (1.1772)  loss_ddf_dn_1: 0.0041 (0.0041)  loss_mal_dn_2: 0.6108 (0.6117)  loss_bbox_dn_2: 0.0240 (0.0243)  loss_giou_dn_2: 0.3311 (0.3306)  loss_fgl_dn_2: 1.1766 (1.1767)  loss_ddf_dn_2: -0.0000 (0.0000)  loss_mal_dn_pre: 0.6944 (0.6944)  loss_bbox_dn_pre: 0.0315 (0.0321)  loss_giou_dn_pre: 0.4151 (0.4250)  time: 0.5480  data: 0.0153  max mem: 5227
Epoch: [10/30]  [43/44]  eta: 0:00:00  lr: 0.000100  loss: 17.5698 (17.4177)  loss_mal: 0.6558 (0.6487)  loss_bbox: 0.0318 (0.0309)  loss_giou: 0.4260 (0.4092)  loss_fgl: 1.2439 (1.2351)  loss_mal_aux_0: 0.6958 (0.6940)  loss_bbox_aux_0: 0.0327 (0.0318)  loss_giou_aux_0: 0.4360 (0.4201)  loss_fgl_aux_0: 1.2463 (1.2427)  loss_ddf_aux_0: 0.0088 (0.0098)  loss_mal_aux_1: 0.6602 (0.6529)  loss_bbox_aux_1: 0.0320 (0.0310)  loss_giou_aux_1: 0.4242 (0.4098)  loss_fgl_aux_1: 1.2432 (1.2359)  loss_ddf_aux_1: 0.0005 (0.0006)  loss_mal_pre: 0.6939 (0.6931)  loss_bbox_pre: 0.0325 (0.0318)  loss_giou_pre: 0.4340 (0.4198)  loss_mal_enc_0: 0.7555 (0.7611)  loss_bbox_enc_0: 0.0350 (0.0342)  loss_giou_enc_0: 0.4533 (0.4476)  loss_mal_dn_0: 0.6965 (0.6941)  loss_bbox_dn_0: 0.0324 (0.0323)  loss_giou_dn_0: 0.4314 (0.4269)  loss_fgl_dn_0: 1.2407 (1.2426)  loss_ddf_dn_0: 0.1402 (0.1370)  loss_mal_dn_1: 0.6169 (0.6135)  loss_bbox_dn_1: 0.0244 (0.0244)  loss_giou_dn_1: 0.3390 (0.3321)  loss_fgl_dn_1: 1.1731 (1.1759)  loss_ddf_dn_1: 0.0043 (0.0041)  loss_mal_dn_2: 0.6116 (0.6120)  loss_bbox_dn_2: 0.0245 (0.0243)  loss_giou_dn_2: 0.3339 (0.3309)  loss_fgl_dn_2: 1.1733 (1.1754)  loss_ddf_dn_2: -0.0000 (0.0000)  loss_mal_dn_pre: 0.6988 (0.6944)  loss_bbox_dn_pre: 0.0319 (0.0321)  loss_giou_dn_pre: 0.4310 (0.4255)  time: 0.5410  data: 0.0151  max mem: 5227
Epoch: [10/30] Total time: 0:00:23 (0.5440 s / it)
Averaged stats: lr: 0.000100  loss: 17.5698 (17.4177)  loss_mal: 0.6558 (0.6487)  loss_bbox: 0.0318 (0.0309)  loss_giou: 0.4260 (0.4092)  loss_fgl: 1.2439 (1.2351)  loss_mal_aux_0: 0.6958 (0.6940)  loss_bbox_aux_0: 0.0327 (0.0318)  loss_giou_aux_0: 0.4360 (0.4201)  loss_fgl_aux_0: 1.2463 (1.2427)  loss_ddf_aux_0: 0.0088 (0.0098)  loss_mal_aux_1: 0.6602 (0.6529)  loss_bbox_aux_1: 0.0320 (0.0310)  loss_giou_aux_1: 0.4242 (0.4098)  loss_fgl_aux_1: 1.2432 (1.2359)  loss_ddf_aux_1: 0.0005 (0.0006)  loss_mal_pre: 0.6939 (0.6931)  loss_bbox_pre: 0.0325 (0.0318)  loss_giou_pre: 0.4340 (0.4198)  loss_mal_enc_0: 0.7555 (0.7611)  loss_bbox_enc_0: 0.0350 (0.0342)  loss_giou_enc_0: 0.4533 (0.4476)  loss_mal_dn_0: 0.6965 (0.6941)  loss_bbox_dn_0: 0.0324 (0.0323)  loss_giou_dn_0: 0.4314 (0.4269)  loss_fgl_dn_0: 1.2407 (1.2426)  loss_ddf_dn_0: 0.1402 (0.1370)  loss_mal_dn_1: 0.6169 (0.6135)  loss_bbox_dn_1: 0.0244 (0.0244)  loss_giou_dn_1: 0.3390 (0.3321)  loss_fgl_dn_1: 1.1731 (1.1759)  loss_ddf_dn_1: 0.0043 (0.0041)  loss_mal_dn_2: 0.6116 (0.6120)  loss_bbox_dn_2: 0.0245 (0.0243)  loss_giou_dn_2: 0.3339 (0.3309)  loss_fgl_dn_2: 1.1733 (1.1754)  loss_ddf_dn_2: -0.0000 (0.0000)  loss_mal_dn_pre: 0.6988 (0.6944)  loss_bbox_dn_pre: 0.0319 (0.0321)  loss_giou_dn_pre: 0.4310 (0.4255)
Test:  [0/9]  eta: 0:00:03    time: 0.3374  data: 0.2395  max mem: 5227
Test:  [8/9]  eta: 0:00:00    time: 0.1446  data: 0.0406  max mem: 5227
Test: Total time: 0:00:01 (0.1502 s / it)
Metrics: {'f1': 0.9791666666666666, 'precision': 0.9791666666666666, 'recall': 0.9791666666666666, 'iou': 0.6721826897186487, 'TPs': 141, 'FPs': 3, 'FNs': 3}
Averaged stats: 
Accumulating evaluation results...
COCOeval_opt.accumulate() finished...
DONE (t=0.01s).
IoU metric: bbox
 Average Precision  (AP) @[ IoU=0.50:0.95 | area=   all | maxDets=100 ] = 0.359
 Average Precision  (AP) @[ IoU=0.50      | area=   all | maxDets=100 ] = 0.964
 Average Precision  (AP) @[ IoU=0.75      | area=   all | maxDets=100 ] = 0.155
 Average Precision  (AP) @[ IoU=0.50:0.95 | area= small | maxDets=100 ] = 0.359
 Average Precision  (AP) @[ IoU=0.50:0.95 | area=medium | maxDets=100 ] = -1.000
 Average Precision  (AP) @[ IoU=0.50:0.95 | area= large | maxDets=100 ] = -1.000
 Average Recall     (AR) @[ IoU=0.50:0.95 | area=   all | maxDets=  1 ] = 0.199
 Average Recall     (AR) @[ IoU=0.50:0.95 | area=   all | maxDets= 10 ] = 0.476
 Average Recall     (AR) @[ IoU=0.50:0.95 | area=   all | maxDets=100 ] = 0.598
 Average Recall     (AR) @[ IoU=0.50:0.95 | area= small | maxDets=100 ] = 0.598
 Average Recall     (AR) @[ IoU=0.50:0.95 | area=medium | maxDets=100 ] = -1.000
 Average Recall     (AR) @[ IoU=0.50:0.95 | area= large | maxDets=100 ] = -1.000
 Average Recall     (AR) @[ IoU=0.50      | area=   all | maxDets=100 ] = 1.000
 Average Recall     (AR) @[ IoU=0.75      | area=   all | maxDets=100 ] = 0.625
best_stat: {'epoch': 7, 'coco_eval_bbox': 0.37201236408190996}
Epoch: [11/30]  [ 0/44]  eta: 0:00:30  lr: 0.000100  loss: 18.9991 (18.9991)  loss_mal: 0.7265 (0.7265)  loss_bbox: 0.0403 (0.0403)  loss_giou: 0.5510 (0.5510)  loss_fgl: 1.1981 (1.1981)  loss_mal_aux_0: 0.7353 (0.7353)  loss_bbox_aux_0: 0.0414 (0.0414)  loss_giou_aux_0: 0.5625 (0.5625)  loss_fgl_aux_0: 1.2024 (1.2024)  loss_ddf_aux_0: 0.0083 (0.0083)  loss_mal_aux_1: 0.7179 (0.7179)  loss_bbox_aux_1: 0.0410 (0.0410)  loss_giou_aux_1: 0.5582 (0.5582)  loss_fgl_aux_1: 1.2003 (1.2003)  loss_ddf_aux_1: 0.0005 (0.0005)  loss_mal_pre: 0.7285 (0.7285)  loss_bbox_pre: 0.0410 (0.0410)  loss_giou_pre: 0.5582 (0.5582)  loss_mal_enc_0: 0.8297 (0.8297)  loss_bbox_enc_0: 0.0377 (0.0377)  loss_giou_enc_0: 0.5216 (0.5216)  loss_mal_dn_0: 0.7659 (0.7659)  loss_bbox_dn_0: 0.0445 (0.0445)  loss_giou_dn_0: 0.5975 (0.5975)  loss_fgl_dn_0: 1.2120 (1.2120)  loss_ddf_dn_0: 0.1884 (0.1884)  loss_mal_dn_1: 0.6757 (0.6757)  loss_bbox_dn_1: 0.0276 (0.0276)  loss_giou_dn_1: 0.4065 (0.4065)  loss_fgl_dn_1: 1.1362 (1.1362)  loss_ddf_dn_1: 0.0043 (0.0043)  loss_mal_dn_2: 0.6788 (0.6788)  loss_bbox_dn_2: 0.0276 (0.0276)  loss_giou_dn_2: 0.4069 (0.4069)  loss_fgl_dn_2: 1.1354 (1.1354)  loss_ddf_dn_2: -0.0000 (0.0000)  loss_mal_dn_pre: 0.7585 (0.7585)  loss_bbox_dn_pre: 0.0436 (0.0436)  loss_giou_dn_pre: 0.5892 (0.5892)  time: 0.6986  data: 0.2369  max mem: 5227
Epoch: [11/30]  [10/44]  eta: 0:00:19  lr: 0.000100  loss: 17.4849 (17.7041)  loss_mal: 0.6572 (0.6608)  loss_bbox: 0.0296 (0.0318)  loss_giou: 0.4024 (0.4276)  loss_fgl: 1.2466 (1.2378)  loss_mal_aux_0: 0.6953 (0.7040)  loss_bbox_aux_0: 0.0309 (0.0327)  loss_giou_aux_0: 0.4171 (0.4392)  loss_fgl_aux_0: 1.2466 (1.2449)  loss_ddf_aux_0: 0.0091 (0.0091)  loss_mal_aux_1: 0.6564 (0.6624)  loss_bbox_aux_1: 0.0296 (0.0319)  loss_giou_aux_1: 0.4033 (0.4280)  loss_fgl_aux_1: 1.2443 (1.2382)  loss_ddf_aux_1: 0.0005 (0.0005)  loss_mal_pre: 0.6965 (0.7023)  loss_bbox_pre: 0.0307 (0.0325)  loss_giou_pre: 0.4115 (0.4366)  loss_mal_enc_0: 0.7490 (0.7598)  loss_bbox_enc_0: 0.0340 (0.0338)  loss_giou_enc_0: 0.4374 (0.4521)  loss_mal_dn_0: 0.6968 (0.7058)  loss_bbox_dn_0: 0.0354 (0.0346)  loss_giou_dn_0: 0.4374 (0.4642)  loss_fgl_dn_0: 1.2417 (1.2459)  loss_ddf_dn_0: 0.1671 (0.1629)  loss_mal_dn_1: 0.6185 (0.6227)  loss_bbox_dn_1: 0.0241 (0.0245)  loss_giou_dn_1: 0.3290 (0.3409)  loss_fgl_dn_1: 1.1764 (1.1743)  loss_ddf_dn_1: 0.0042 (0.0041)  loss_mal_dn_2: 0.6156 (0.6202)  loss_bbox_dn_2: 0.0241 (0.0244)  loss_giou_dn_2: 0.3269 (0.3393)  loss_fgl_dn_2: 1.1754 (1.1734)  loss_ddf_dn_2: -0.0000 (0.0000)  loss_mal_dn_pre: 0.6981 (0.7050)  loss_bbox_dn_pre: 0.0350 (0.0344)  loss_giou_dn_pre: 0.4351 (0.4614)  time: 0.5633  data: 0.0361  max mem: 5227
Epoch: [11/30]  [20/44]  eta: 0:00:13  lr: 0.000100  loss: 17.3940 (17.6006)  loss_mal: 0.6472 (0.6567)  loss_bbox: 0.0315 (0.0325)  loss_giou: 0.4024 (0.4240)  loss_fgl: 1.2269 (1.2374)  loss_mal_aux_0: 0.6898 (0.6977)  loss_bbox_aux_0: 0.0321 (0.0330)  loss_giou_aux_0: 0.4132 (0.4309)  loss_fgl_aux_0: 1.2405 (1.2424)  loss_ddf_aux_0: 0.0091 (0.0093)  loss_mal_aux_1: 0.6519 (0.6602)  loss_bbox_aux_1: 0.0311 (0.0326)  loss_giou_aux_1: 0.4033 (0.4248)  loss_fgl_aux_1: 1.2292 (1.2381)  loss_ddf_aux_1: 0.0005 (0.0005)  loss_mal_pre: 0.6887 (0.6969)  loss_bbox_pre: 0.0314 (0.0329)  loss_giou_pre: 0.4115 (0.4295)  loss_mal_enc_0: 0.7586 (0.7602)  loss_bbox_enc_0: 0.0340 (0.0350)  loss_giou_enc_0: 0.4386 (0.4524)  loss_mal_dn_0: 0.6923 (0.6991)  loss_bbox_dn_0: 0.0330 (0.0341)  loss_giou_dn_0: 0.4292 (0.4455)  loss_fgl_dn_0: 1.2342 (1.2433)  loss_ddf_dn_0: 0.1433 (0.1478)  loss_mal_dn_1: 0.6160 (0.6216)  loss_bbox_dn_1: 0.0246 (0.0253)  loss_giou_dn_1: 0.3290 (0.3407)  loss_fgl_dn_1: 1.1764 (1.1771)  loss_ddf_dn_1: 0.0042 (0.0040)  loss_mal_dn_2: 0.6126 (0.6185)  loss_bbox_dn_2: 0.0245 (0.0252)  loss_giou_dn_2: 0.3269 (0.3392)  loss_fgl_dn_2: 1.1713 (1.1760)  loss_ddf_dn_2: -0.0000 (0.0000)  loss_mal_dn_pre: 0.6931 (0.6991)  loss_bbox_dn_pre: 0.0329 (0.0339)  loss_giou_dn_pre: 0.4303 (0.4434)  time: 0.5746  data: 0.0159  max mem: 5227
Epoch: [11/30]  [30/44]  eta: 0:00:08  lr: 0.000100  loss: 17.2860 (17.4806)  loss_mal: 0.6449 (0.6521)  loss_bbox: 0.0303 (0.0312)  loss_giou: 0.4033 (0.4132)  loss_fgl: 1.2232 (1.2344)  loss_mal_aux_0: 0.6859 (0.6957)  loss_bbox_aux_0: 0.0314 (0.0319)  loss_giou_aux_0: 0.4108 (0.4222)  loss_fgl_aux_0: 1.2319 (1.2410)  loss_ddf_aux_0: 0.0093 (0.0094)  loss_mal_aux_1: 0.6490 (0.6544)  loss_bbox_aux_1: 0.0301 (0.0313)  loss_giou_aux_1: 0.4051 (0.4133)  loss_fgl_aux_1: 1.2254 (1.2351)  loss_ddf_aux_1: 0.0005 (0.0005)  loss_mal_pre: 0.6846 (0.6943)  loss_bbox_pre: 0.0308 (0.0318)  loss_giou_pre: 0.4090 (0.4207)  loss_mal_enc_0: 0.7652 (0.7617)  loss_bbox_enc_0: 0.0339 (0.0341)  loss_giou_enc_0: 0.4427 (0.4476)  loss_mal_dn_0: 0.6922 (0.6962)  loss_bbox_dn_0: 0.0317 (0.0331)  loss_giou_dn_0: 0.4229 (0.4376)  loss_fgl_dn_0: 1.2341 (1.2412)  loss_ddf_dn_0: 0.1278 (0.1436)  loss_mal_dn_1: 0.6075 (0.6179)  loss_bbox_dn_1: 0.0240 (0.0247)  loss_giou_dn_1: 0.3301 (0.3367)  loss_fgl_dn_1: 1.1664 (1.1754)  loss_ddf_dn_1: 0.0036 (0.0041)  loss_mal_dn_2: 0.6075 (0.6150)  loss_bbox_dn_2: 0.0242 (0.0246)  loss_giou_dn_2: 0.3286 (0.3352)  loss_fgl_dn_2: 1.1648 (1.1744)  loss_ddf_dn_2: -0.0000 (0.0000)  loss_mal_dn_pre: 0.6928 (0.6964)  loss_bbox_dn_pre: 0.0314 (0.0329)  loss_giou_dn_pre: 0.4223 (0.4354)  time: 0.6069  data: 0.0160  max mem: 5227
Epoch: [11/30]  [40/44]  eta: 0:00:02  lr: 0.000100  loss: 17.2189 (17.3655)  loss_mal: 0.6351 (0.6471)  loss_bbox: 0.0283 (0.0304)  loss_giou: 0.3921 (0.4033)  loss_fgl: 1.2279 (1.2317)  loss_mal_aux_0: 0.6859 (0.6944)  loss_bbox_aux_0: 0.0293 (0.0315)  loss_giou_aux_0: 0.4003 (0.4157)  loss_fgl_aux_0: 1.2353 (1.2397)  loss_ddf_aux_0: 0.0102 (0.0100)  loss_mal_aux_1: 0.6380 (0.6504)  loss_bbox_aux_1: 0.0281 (0.0304)  loss_giou_aux_1: 0.3907 (0.4032)  loss_fgl_aux_1: 1.2261 (1.2321)  loss_ddf_aux_1: 0.0006 (0.0005)  loss_mal_pre: 0.6827 (0.6931)  loss_bbox_pre: 0.0291 (0.0314)  loss_giou_pre: 0.3987 (0.4150)  loss_mal_enc_0: 0.7532 (0.7574)  loss_bbox_enc_0: 0.0319 (0.0336)  loss_giou_enc_0: 0.4347 (0.4408)  loss_mal_dn_0: 0.6838 (0.6930)  loss_bbox_dn_0: 0.0307 (0.0327)  loss_giou_dn_0: 0.4229 (0.4306)  loss_fgl_dn_0: 1.2381 (1.2404)  loss_ddf_dn_0: 0.1377 (0.1424)  loss_mal_dn_1: 0.6071 (0.6135)  loss_bbox_dn_1: 0.0231 (0.0243)  loss_giou_dn_1: 0.3239 (0.3307)  loss_fgl_dn_1: 1.1660 (1.1719)  loss_ddf_dn_1: 0.0040 (0.0042)  loss_mal_dn_2: 0.6027 (0.6110)  loss_bbox_dn_2: 0.0230 (0.0242)  loss_giou_dn_2: 0.3232 (0.3295)  loss_fgl_dn_2: 1.1643 (1.1711)  loss_ddf_dn_2: -0.0000 (0.0000)  loss_mal_dn_pre: 0.6845 (0.6933)  loss_bbox_dn_pre: 0.0306 (0.0324)  loss_giou_dn_pre: 0.4212 (0.4285)  time: 0.5802  data: 0.0159  max mem: 5227
Epoch: [11/30]  [43/44]  eta: 0:00:00  lr: 0.000100  loss: 17.2189 (17.3989)  loss_mal: 0.6356 (0.6482)  loss_bbox: 0.0288 (0.0306)  loss_giou: 0.3921 (0.4056)  loss_fgl: 1.2279 (1.2309)  loss_mal_aux_0: 0.6832 (0.6945)  loss_bbox_aux_0: 0.0307 (0.0317)  loss_giou_aux_0: 0.4006 (0.4191)  loss_fgl_aux_0: 1.2316 (1.2389)  loss_ddf_aux_0: 0.0101 (0.0101)  loss_mal_aux_1: 0.6382 (0.6511)  loss_bbox_aux_1: 0.0287 (0.0306)  loss_giou_aux_1: 0.3907 (0.4055)  loss_fgl_aux_1: 1.2261 (1.2314)  loss_ddf_aux_1: 0.0006 (0.0005)  loss_mal_pre: 0.6815 (0.6931)  loss_bbox_pre: 0.0307 (0.0317)  loss_giou_pre: 0.4026 (0.4185)  loss_mal_enc_0: 0.7622 (0.7585)  loss_bbox_enc_0: 0.0322 (0.0339)  loss_giou_enc_0: 0.4347 (0.4438)  loss_mal_dn_0: 0.6838 (0.6952)  loss_bbox_dn_0: 0.0312 (0.0329)  loss_giou_dn_0: 0.4222 (0.4339)  loss_fgl_dn_0: 1.2381 (1.2410)  loss_ddf_dn_0: 0.1365 (0.1413)  loss_mal_dn_1: 0.6051 (0.6149)  loss_bbox_dn_1: 0.0234 (0.0244)  loss_giou_dn_1: 0.3239 (0.3325)  loss_fgl_dn_1: 1.1664 (1.1714)  loss_ddf_dn_1: 0.0039 (0.0041)  loss_mal_dn_2: 0.6025 (0.6128)  loss_bbox_dn_2: 0.0231 (0.0243)  loss_giou_dn_2: 0.3232 (0.3313)  loss_fgl_dn_2: 1.1648 (1.1706)  loss_ddf_dn_2: -0.0000 (0.0000)  loss_mal_dn_pre: 0.6845 (0.6954)  loss_bbox_dn_pre: 0.0310 (0.0327)  loss_giou_dn_pre: 0.4201 (0.4320)  time: 0.5652  data: 0.0160  max mem: 5227
Epoch: [11/30] Total time: 0:00:25 (0.5781 s / it)
Averaged stats: lr: 0.000100  loss: 17.2189 (17.3989)  loss_mal: 0.6356 (0.6482)  loss_bbox: 0.0288 (0.0306)  loss_giou: 0.3921 (0.4056)  loss_fgl: 1.2279 (1.2309)  loss_mal_aux_0: 0.6832 (0.6945)  loss_bbox_aux_0: 0.0307 (0.0317)  loss_giou_aux_0: 0.4006 (0.4191)  loss_fgl_aux_0: 1.2316 (1.2389)  loss_ddf_aux_0: 0.0101 (0.0101)  loss_mal_aux_1: 0.6382 (0.6511)  loss_bbox_aux_1: 0.0287 (0.0306)  loss_giou_aux_1: 0.3907 (0.4055)  loss_fgl_aux_1: 1.2261 (1.2314)  loss_ddf_aux_1: 0.0006 (0.0005)  loss_mal_pre: 0.6815 (0.6931)  loss_bbox_pre: 0.0307 (0.0317)  loss_giou_pre: 0.4026 (0.4185)  loss_mal_enc_0: 0.7622 (0.7585)  loss_bbox_enc_0: 0.0322 (0.0339)  loss_giou_enc_0: 0.4347 (0.4438)  loss_mal_dn_0: 0.6838 (0.6952)  loss_bbox_dn_0: 0.0312 (0.0329)  loss_giou_dn_0: 0.4222 (0.4339)  loss_fgl_dn_0: 1.2381 (1.2410)  loss_ddf_dn_0: 0.1365 (0.1413)  loss_mal_dn_1: 0.6051 (0.6149)  loss_bbox_dn_1: 0.0234 (0.0244)  loss_giou_dn_1: 0.3239 (0.3325)  loss_fgl_dn_1: 1.1664 (1.1714)  loss_ddf_dn_1: 0.0039 (0.0041)  loss_mal_dn_2: 0.6025 (0.6128)  loss_bbox_dn_2: 0.0231 (0.0243)  loss_giou_dn_2: 0.3232 (0.3313)  loss_fgl_dn_2: 1.1648 (1.1706)  loss_ddf_dn_2: -0.0000 (0.0000)  loss_mal_dn_pre: 0.6845 (0.6954)  loss_bbox_dn_pre: 0.0310 (0.0327)  loss_giou_dn_pre: 0.4201 (0.4320)
Test:  [0/9]  eta: 0:00:03    time: 0.3468  data: 0.2674  max mem: 5227
Test:  [8/9]  eta: 0:00:00    time: 0.1566  data: 0.0440  max mem: 5227
Test: Total time: 0:00:01 (0.1616 s / it)
Metrics: {'f1': 0.9791666666666666, 'precision': 0.9791666666666666, 'recall': 0.9791666666666666, 'iou': 0.6700052140521354, 'TPs': 141, 'FPs': 3, 'FNs': 3}
Averaged stats: 
Accumulating evaluation results...
COCOeval_opt.accumulate() finished...
DONE (t=0.01s).
IoU metric: bbox
 Average Precision  (AP) @[ IoU=0.50:0.95 | area=   all | maxDets=100 ] = 0.357
 Average Precision  (AP) @[ IoU=0.50      | area=   all | maxDets=100 ] = 0.976
 Average Precision  (AP) @[ IoU=0.75      | area=   all | maxDets=100 ] = 0.153
 Average Precision  (AP) @[ IoU=0.50:0.95 | area= small | maxDets=100 ] = 0.358
 Average Precision  (AP) @[ IoU=0.50:0.95 | area=medium | maxDets=100 ] = -1.000
 Average Precision  (AP) @[ IoU=0.50:0.95 | area= large | maxDets=100 ] = -1.000
 Average Recall     (AR) @[ IoU=0.50:0.95 | area=   all | maxDets=  1 ] = 0.200
 Average Recall     (AR) @[ IoU=0.50:0.95 | area=   all | maxDets= 10 ] = 0.472
 Average Recall     (AR) @[ IoU=0.50:0.95 | area=   all | maxDets=100 ] = 0.590
 Average Recall     (AR) @[ IoU=0.50:0.95 | area= small | maxDets=100 ] = 0.590
 Average Recall     (AR) @[ IoU=0.50:0.95 | area=medium | maxDets=100 ] = -1.000
 Average Recall     (AR) @[ IoU=0.50:0.95 | area= large | maxDets=100 ] = -1.000
 Average Recall     (AR) @[ IoU=0.50      | area=   all | maxDets=100 ] = 0.993
 Average Recall     (AR) @[ IoU=0.75      | area=   all | maxDets=100 ] = 0.618
best_stat: {'epoch': 7, 'coco_eval_bbox': 0.37201236408190996}
Epoch: [12/30]  [ 0/44]  eta: 0:00:39  lr: 0.000100  loss: 17.0481 (17.0481)  loss_mal: 0.6436 (0.6436)  loss_bbox: 0.0297 (0.0297)  loss_giou: 0.3859 (0.3859)  loss_fgl: 1.2081 (1.2081)  loss_mal_aux_0: 0.6822 (0.6822)  loss_bbox_aux_0: 0.0311 (0.0311)  loss_giou_aux_0: 0.4031 (0.4031)  loss_fgl_aux_0: 1.2213 (1.2213)  loss_ddf_aux_0: 0.0116 (0.0116)  loss_mal_aux_1: 0.6445 (0.6445)  loss_bbox_aux_1: 0.0296 (0.0296)  loss_giou_aux_1: 0.3853 (0.3853)  loss_fgl_aux_1: 1.2079 (1.2079)  loss_ddf_aux_1: 0.0005 (0.0005)  loss_mal_pre: 0.6819 (0.6819)  loss_bbox_pre: 0.0313 (0.0313)  loss_giou_pre: 0.4057 (0.4057)  loss_mal_enc_0: 0.7639 (0.7639)  loss_bbox_enc_0: 0.0312 (0.0312)  loss_giou_enc_0: 0.4055 (0.4055)  loss_mal_dn_0: 0.6946 (0.6946)  loss_bbox_dn_0: 0.0315 (0.0315)  loss_giou_dn_0: 0.4108 (0.4108)  loss_fgl_dn_0: 1.2318 (1.2318)  loss_ddf_dn_0: 0.1422 (0.1422)  loss_mal_dn_1: 0.6070 (0.6070)  loss_bbox_dn_1: 0.0232 (0.0232)  loss_giou_dn_1: 0.3115 (0.3115)  loss_fgl_dn_1: 1.1556 (1.1556)  loss_ddf_dn_1: 0.0042 (0.0042)  loss_mal_dn_2: 0.6050 (0.6050)  loss_bbox_dn_2: 0.0231 (0.0231)  loss_giou_dn_2: 0.3112 (0.3112)  loss_fgl_dn_2: 1.1542 (1.1542)  loss_ddf_dn_2: -0.0000 (0.0000)  loss_mal_dn_pre: 0.6951 (0.6951)  loss_bbox_dn_pre: 0.0315 (0.0315)  loss_giou_dn_pre: 0.4118 (0.4118)  time: 0.9011  data: 0.2697  max mem: 5227
Epoch: [12/30]  [10/44]  eta: 0:00:19  lr: 0.000100  loss: 16.4872 (16.5944)  loss_mal: 0.6212 (0.6210)  loss_bbox: 0.0260 (0.0257)  loss_giou: 0.3377 (0.3449)  loss_fgl: 1.2044 (1.2117)  loss_mal_aux_0: 0.6581 (0.6692)  loss_bbox_aux_0: 0.0274 (0.0270)  loss_giou_aux_0: 0.3586 (0.3612)  loss_fgl_aux_0: 1.2213 (1.2292)  loss_ddf_aux_0: 0.0118 (0.0118)  loss_mal_aux_1: 0.6301 (0.6314)  loss_bbox_aux_1: 0.0262 (0.0258)  loss_giou_aux_1: 0.3390 (0.3458)  loss_fgl_aux_1: 1.2036 (1.2119)  loss_ddf_aux_1: 0.0005 (0.0005)  loss_mal_pre: 0.6624 (0.6706)  loss_bbox_pre: 0.0276 (0.0270)  loss_giou_pre: 0.3590 (0.3611)  loss_mal_enc_0: 0.7445 (0.7397)  loss_bbox_enc_0: 0.0312 (0.0306)  loss_giou_enc_0: 0.3960 (0.4036)  loss_mal_dn_0: 0.6725 (0.6725)  loss_bbox_dn_0: 0.0285 (0.0286)  loss_giou_dn_0: 0.3824 (0.3824)  loss_fgl_dn_0: 1.2290 (1.2333)  loss_ddf_dn_0: 0.1437 (0.1437)  loss_mal_dn_1: 0.5862 (0.5842)  loss_bbox_dn_1: 0.0213 (0.0214)  loss_giou_dn_1: 0.2925 (0.2933)  loss_fgl_dn_1: 1.1505 (1.1520)  loss_ddf_dn_1: 0.0042 (0.0042)  loss_mal_dn_2: 0.5804 (0.5808)  loss_bbox_dn_2: 0.0212 (0.0213)  loss_giou_dn_2: 0.2901 (0.2921)  loss_fgl_dn_2: 1.1496 (1.1512)  loss_ddf_dn_2: -0.0000 (0.0000)  loss_mal_dn_pre: 0.6733 (0.6741)  loss_bbox_dn_pre: 0.0281 (0.0285)  loss_giou_dn_pre: 0.3797 (0.3811)  time: 0.5679  data: 0.0378  max mem: 5227
Epoch: [12/30]  [20/44]  eta: 0:00:13  lr: 0.000100  loss: 16.5296 (16.6870)  loss_mal: 0.6197 (0.6233)  loss_bbox: 0.0259 (0.0255)  loss_giou: 0.3377 (0.3503)  loss_fgl: 1.2035 (1.2117)  loss_mal_aux_0: 0.6679 (0.6799)  loss_bbox_aux_0: 0.0274 (0.0271)  loss_giou_aux_0: 0.3586 (0.3702)  loss_fgl_aux_0: 1.2221 (1.2275)  loss_ddf_aux_0: 0.0123 (0.0128)  loss_mal_aux_1: 0.6301 (0.6334)  loss_bbox_aux_1: 0.0259 (0.0256)  loss_giou_aux_1: 0.3390 (0.3509)  loss_fgl_aux_1: 1.2036 (1.2116)  loss_ddf_aux_1: 0.0005 (0.0005)  loss_mal_pre: 0.6701 (0.6791)  loss_bbox_pre: 0.0273 (0.0270)  loss_giou_pre: 0.3590 (0.3689)  loss_mal_enc_0: 0.7280 (0.7425)  loss_bbox_enc_0: 0.0297 (0.0300)  loss_giou_enc_0: 0.3926 (0.4053)  loss_mal_dn_0: 0.6736 (0.6760)  loss_bbox_dn_0: 0.0281 (0.0287)  loss_giou_dn_0: 0.3826 (0.3885)  loss_fgl_dn_0: 1.2236 (1.2333)  loss_ddf_dn_0: 0.1408 (0.1388)  loss_mal_dn_1: 0.5865 (0.5894)  loss_bbox_dn_1: 0.0213 (0.0215)  loss_giou_dn_1: 0.2944 (0.3002)  loss_fgl_dn_1: 1.1457 (1.1529)  loss_ddf_dn_1: 0.0042 (0.0041)  loss_mal_dn_2: 0.5821 (0.5862)  loss_bbox_dn_2: 0.0212 (0.0214)  loss_giou_dn_2: 0.2921 (0.2988)  loss_fgl_dn_2: 1.1443 (1.1520)  loss_ddf_dn_2: -0.0000 (0.0000)  loss_mal_dn_pre: 0.6749 (0.6772)  loss_bbox_dn_pre: 0.0277 (0.0285)  loss_giou_dn_pre: 0.3815 (0.3864)  time: 0.5450  data: 0.0160  max mem: 5227
Epoch: [12/30]  [30/44]  eta: 0:00:07  lr: 0.000100  loss: 16.9338 (16.7906)  loss_mal: 0.6337 (0.6263)  loss_bbox: 0.0267 (0.0263)  loss_giou: 0.3641 (0.3567)  loss_fgl: 1.2039 (1.2111)  loss_mal_aux_0: 0.6860 (0.6892)  loss_bbox_aux_0: 0.0285 (0.0278)  loss_giou_aux_0: 0.3828 (0.3762)  loss_fgl_aux_0: 1.2218 (1.2256)  loss_ddf_aux_0: 0.0134 (0.0131)  loss_mal_aux_1: 0.6334 (0.6347)  loss_bbox_aux_1: 0.0269 (0.0263)  loss_giou_aux_1: 0.3673 (0.3572)  loss_fgl_aux_1: 1.2058 (1.2111)  loss_ddf_aux_1: 0.0005 (0.0005)  loss_mal_pre: 0.6853 (0.6878)  loss_bbox_pre: 0.0285 (0.0277)  loss_giou_pre: 0.3799 (0.3751)  loss_mal_enc_0: 0.7559 (0.7479)  loss_bbox_enc_0: 0.0309 (0.0311)  loss_giou_enc_0: 0.4058 (0.4143)  loss_mal_dn_0: 0.6816 (0.6791)  loss_bbox_dn_0: 0.0293 (0.0292)  loss_giou_dn_0: 0.4000 (0.3929)  loss_fgl_dn_0: 1.2265 (1.2341)  loss_ddf_dn_0: 0.1424 (0.1419)  loss_mal_dn_1: 0.5948 (0.5928)  loss_bbox_dn_1: 0.0224 (0.0220)  loss_giou_dn_1: 0.3068 (0.3042)  loss_fgl_dn_1: 1.1536 (1.1553)  loss_ddf_dn_1: 0.0042 (0.0044)  loss_mal_dn_2: 0.5912 (0.5894)  loss_bbox_dn_2: 0.0224 (0.0219)  loss_giou_dn_2: 0.3061 (0.3028)  loss_fgl_dn_2: 1.1526 (1.1544)  loss_ddf_dn_2: -0.0000 (0.0000)  loss_mal_dn_pre: 0.6825 (0.6799)  loss_bbox_dn_pre: 0.0291 (0.0291)  loss_giou_dn_pre: 0.3951 (0.3912)  time: 0.5543  data: 0.0178  max mem: 5227
Epoch: [12/30]  [40/44]  eta: 0:00:02  lr: 0.000100  loss: 16.9682 (16.8953)  loss_mal: 0.6475 (0.6323)  loss_bbox: 0.0277 (0.0274)  loss_giou: 0.3709 (0.3660)  loss_fgl: 1.2144 (1.2174)  loss_mal_aux_0: 0.7070 (0.6932)  loss_bbox_aux_0: 0.0287 (0.0286)  loss_giou_aux_0: 0.3944 (0.3815)  loss_fgl_aux_0: 1.2244 (1.2297)  loss_ddf_aux_0: 0.0126 (0.0128)  loss_mal_aux_1: 0.6567 (0.6396)  loss_bbox_aux_1: 0.0277 (0.0274)  loss_giou_aux_1: 0.3715 (0.3663)  loss_fgl_aux_1: 1.2146 (1.2173)  loss_ddf_aux_1: 0.0005 (0.0005)  loss_mal_pre: 0.7019 (0.6908)  loss_bbox_pre: 0.0287 (0.0285)  loss_giou_pre: 0.3947 (0.3805)  loss_mal_enc_0: 0.7552 (0.7461)  loss_bbox_enc_0: 0.0324 (0.0317)  loss_giou_enc_0: 0.4442 (0.4174)  loss_mal_dn_0: 0.6876 (0.6795)  loss_bbox_dn_0: 0.0297 (0.0297)  loss_giou_dn_0: 0.4038 (0.3953)  loss_fgl_dn_0: 1.2359 (1.2357)  loss_ddf_dn_0: 0.1447 (0.1430)  loss_mal_dn_1: 0.6021 (0.5957)  loss_bbox_dn_1: 0.0232 (0.0226)  loss_giou_dn_1: 0.3195 (0.3087)  loss_fgl_dn_1: 1.1645 (1.1596)  loss_ddf_dn_1: 0.0051 (0.0047)  loss_mal_dn_2: 0.6005 (0.5929)  loss_bbox_dn_2: 0.0229 (0.0225)  loss_giou_dn_2: 0.3199 (0.3075)  loss_fgl_dn_2: 1.1656 (1.1591)  loss_ddf_dn_2: -0.0000 (0.0000)  loss_mal_dn_pre: 0.6878 (0.6806)  loss_bbox_dn_pre: 0.0294 (0.0295)  loss_giou_dn_pre: 0.4009 (0.3939)  time: 0.5361  data: 0.0170  max mem: 5227
Epoch: [12/30]  [43/44]  eta: 0:00:00  lr: 0.000100  loss: 16.9682 (16.8839)  loss_mal: 0.6475 (0.6324)  loss_bbox: 0.0277 (0.0274)  loss_giou: 0.3732 (0.3665)  loss_fgl: 1.2150 (1.2169)  loss_mal_aux_0: 0.6954 (0.6914)  loss_bbox_aux_0: 0.0287 (0.0286)  loss_giou_aux_0: 0.3880 (0.3815)  loss_fgl_aux_0: 1.2281 (1.2290)  loss_ddf_aux_0: 0.0126 (0.0128)  loss_mal_aux_1: 0.6567 (0.6395)  loss_bbox_aux_1: 0.0277 (0.0274)  loss_giou_aux_1: 0.3721 (0.3668)  loss_fgl_aux_1: 1.2161 (1.2168)  loss_ddf_aux_1: 0.0005 (0.0005)  loss_mal_pre: 0.6936 (0.6894)  loss_bbox_pre: 0.0286 (0.0285)  loss_giou_pre: 0.3875 (0.3805)  loss_mal_enc_0: 0.7472 (0.7457)  loss_bbox_enc_0: 0.0320 (0.0317)  loss_giou_enc_0: 0.4352 (0.4180)  loss_mal_dn_0: 0.6855 (0.6791)  loss_bbox_dn_0: 0.0298 (0.0296)  loss_giou_dn_0: 0.3971 (0.3944)  loss_fgl_dn_0: 1.2359 (1.2347)  loss_ddf_dn_0: 0.1447 (0.1411)  loss_mal_dn_1: 0.6021 (0.5955)  loss_bbox_dn_1: 0.0232 (0.0225)  loss_giou_dn_1: 0.3195 (0.3083)  loss_fgl_dn_1: 1.1645 (1.1589)  loss_ddf_dn_1: 0.0051 (0.0046)  loss_mal_dn_2: 0.5997 (0.5927)  loss_bbox_dn_2: 0.0229 (0.0224)  loss_giou_dn_2: 0.3199 (0.3071)  loss_fgl_dn_2: 1.1656 (1.1584)  loss_ddf_dn_2: -0.0000 (0.0000)  loss_mal_dn_pre: 0.6877 (0.6804)  loss_bbox_dn_pre: 0.0294 (0.0295)  loss_giou_dn_pre: 0.3975 (0.3931)  time: 0.5353  data: 0.0162  max mem: 5227
Epoch: [12/30] Total time: 0:00:24 (0.5519 s / it)
Averaged stats: lr: 0.000100  loss: 16.9682 (16.8839)  loss_mal: 0.6475 (0.6324)  loss_bbox: 0.0277 (0.0274)  loss_giou: 0.3732 (0.3665)  loss_fgl: 1.2150 (1.2169)  loss_mal_aux_0: 0.6954 (0.6914)  loss_bbox_aux_0: 0.0287 (0.0286)  loss_giou_aux_0: 0.3880 (0.3815)  loss_fgl_aux_0: 1.2281 (1.2290)  loss_ddf_aux_0: 0.0126 (0.0128)  loss_mal_aux_1: 0.6567 (0.6395)  loss_bbox_aux_1: 0.0277 (0.0274)  loss_giou_aux_1: 0.3721 (0.3668)  loss_fgl_aux_1: 1.2161 (1.2168)  loss_ddf_aux_1: 0.0005 (0.0005)  loss_mal_pre: 0.6936 (0.6894)  loss_bbox_pre: 0.0286 (0.0285)  loss_giou_pre: 0.3875 (0.3805)  loss_mal_enc_0: 0.7472 (0.7457)  loss_bbox_enc_0: 0.0320 (0.0317)  loss_giou_enc_0: 0.4352 (0.4180)  loss_mal_dn_0: 0.6855 (0.6791)  loss_bbox_dn_0: 0.0298 (0.0296)  loss_giou_dn_0: 0.3971 (0.3944)  loss_fgl_dn_0: 1.2359 (1.2347)  loss_ddf_dn_0: 0.1447 (0.1411)  loss_mal_dn_1: 0.6021 (0.5955)  loss_bbox_dn_1: 0.0232 (0.0225)  loss_giou_dn_1: 0.3195 (0.3083)  loss_fgl_dn_1: 1.1645 (1.1589)  loss_ddf_dn_1: 0.0051 (0.0046)  loss_mal_dn_2: 0.5997 (0.5927)  loss_bbox_dn_2: 0.0229 (0.0224)  loss_giou_dn_2: 0.3199 (0.3071)  loss_fgl_dn_2: 1.1656 (1.1584)  loss_ddf_dn_2: -0.0000 (0.0000)  loss_mal_dn_pre: 0.6877 (0.6804)  loss_bbox_dn_pre: 0.0294 (0.0295)  loss_giou_dn_pre: 0.3975 (0.3931)
Test:  [0/9]  eta: 0:00:03    time: 0.3884  data: 0.2725  max mem: 5227
Test:  [8/9]  eta: 0:00:00    time: 0.1523  data: 0.0428  max mem: 5227
Test: Total time: 0:00:01 (0.1568 s / it)
Metrics: {'f1': 0.9826989619377162, 'precision': 0.9793103448275862, 'recall': 0.9861111111111112, 'iou': 0.6730800838697524, 'TPs': 142, 'FPs': 3, 'FNs': 2}
Averaged stats: 
Accumulating evaluation results...
COCOeval_opt.accumulate() finished...
DONE (t=0.01s).
IoU metric: bbox
 Average Precision  (AP) @[ IoU=0.50:0.95 | area=   all | maxDets=100 ] = 0.359
 Average Precision  (AP) @[ IoU=0.50      | area=   all | maxDets=100 ] = 0.977
 Average Precision  (AP) @[ IoU=0.75      | area=   all | maxDets=100 ] = 0.153
 Average Precision  (AP) @[ IoU=0.50:0.95 | area= small | maxDets=100 ] = 0.359
 Average Precision  (AP) @[ IoU=0.50:0.95 | area=medium | maxDets=100 ] = -1.000
 Average Precision  (AP) @[ IoU=0.50:0.95 | area= large | maxDets=100 ] = -1.000
 Average Recall     (AR) @[ IoU=0.50:0.95 | area=   all | maxDets=  1 ] = 0.198
 Average Recall     (AR) @[ IoU=0.50:0.95 | area=   all | maxDets= 10 ] = 0.469
 Average Recall     (AR) @[ IoU=0.50:0.95 | area=   all | maxDets=100 ] = 0.588
 Average Recall     (AR) @[ IoU=0.50:0.95 | area= small | maxDets=100 ] = 0.588
 Average Recall     (AR) @[ IoU=0.50:0.95 | area=medium | maxDets=100 ] = -1.000
 Average Recall     (AR) @[ IoU=0.50:0.95 | area= large | maxDets=100 ] = -1.000
 Average Recall     (AR) @[ IoU=0.50      | area=   all | maxDets=100 ] = 0.993
 Average Recall     (AR) @[ IoU=0.75      | area=   all | maxDets=100 ] = 0.597
best_stat: {'epoch': 7, 'coco_eval_bbox': 0.37201236408190996}
Epoch: [13/30]  [ 0/44]  eta: 0:00:36  lr: 0.000100  loss: 16.6111 (16.6111)  loss_mal: 0.6310 (0.6310)  loss_bbox: 0.0298 (0.0298)  loss_giou: 0.3918 (0.3918)  loss_fgl: 1.2089 (1.2089)  loss_mal_aux_0: 0.6524 (0.6524)  loss_bbox_aux_0: 0.0297 (0.0297)  loss_giou_aux_0: 0.3916 (0.3916)  loss_fgl_aux_0: 1.2150 (1.2150)  loss_ddf_aux_0: 0.0111 (0.0111)  loss_mal_aux_1: 0.6334 (0.6334)  loss_bbox_aux_1: 0.0300 (0.0300)  loss_giou_aux_1: 0.3939 (0.3939)  loss_fgl_aux_1: 1.2100 (1.2100)  loss_ddf_aux_1: 0.0005 (0.0005)  loss_mal_pre: 0.6563 (0.6563)  loss_bbox_pre: 0.0302 (0.0302)  loss_giou_pre: 0.3968 (0.3968)  loss_mal_enc_0: 0.7272 (0.7272)  loss_bbox_enc_0: 0.0310 (0.0310)  loss_giou_enc_0: 0.4074 (0.4074)  loss_mal_dn_0: 0.6628 (0.6628)  loss_bbox_dn_0: 0.0272 (0.0272)  loss_giou_dn_0: 0.3646 (0.3646)  loss_fgl_dn_0: 1.1989 (1.1989)  loss_ddf_dn_0: 0.0985 (0.0985)  loss_mal_dn_1: 0.5853 (0.5853)  loss_bbox_dn_1: 0.0224 (0.0224)  loss_giou_dn_1: 0.3066 (0.3066)  loss_fgl_dn_1: 1.1450 (1.1450)  loss_ddf_dn_1: 0.0032 (0.0032)  loss_mal_dn_2: 0.5856 (0.5856)  loss_bbox_dn_2: 0.0224 (0.0224)  loss_giou_dn_2: 0.3064 (0.3064)  loss_fgl_dn_2: 1.1449 (1.1449)  loss_ddf_dn_2: -0.0000 (0.0000)  loss_mal_dn_pre: 0.6664 (0.6664)  loss_bbox_dn_pre: 0.0273 (0.0273)  loss_giou_dn_pre: 0.3659 (0.3659)  time: 0.8328  data: 0.2567  max mem: 5227
Epoch: [13/30]  [10/44]  eta: 0:00:19  lr: 0.000100  loss: 16.6111 (16.5751)  loss_mal: 0.6220 (0.6158)  loss_bbox: 0.0255 (0.0260)  loss_giou: 0.3479 (0.3483)  loss_fgl: 1.2089 (1.2029)  loss_mal_aux_0: 0.6581 (0.6720)  loss_bbox_aux_0: 0.0260 (0.0274)  loss_giou_aux_0: 0.3523 (0.3651)  loss_fgl_aux_0: 1.2150 (1.2182)  loss_ddf_aux_0: 0.0125 (0.0127)  loss_mal_aux_1: 0.6282 (0.6204)  loss_bbox_aux_1: 0.0256 (0.0262)  loss_giou_aux_1: 0.3489 (0.3506)  loss_fgl_aux_1: 1.2100 (1.2038)  loss_ddf_aux_1: 0.0006 (0.0006)  loss_mal_pre: 0.6591 (0.6728)  loss_bbox_pre: 0.0260 (0.0274)  loss_giou_pre: 0.3553 (0.3647)  loss_mal_enc_0: 0.7268 (0.7292)  loss_bbox_enc_0: 0.0302 (0.0301)  loss_giou_enc_0: 0.3969 (0.3977)  loss_mal_dn_0: 0.6653 (0.6763)  loss_bbox_dn_0: 0.0276 (0.0286)  loss_giou_dn_0: 0.3691 (0.3808)  loss_fgl_dn_0: 1.2343 (1.2355)  loss_ddf_dn_0: 0.1391 (0.1419)  loss_mal_dn_1: 0.5853 (0.5847)  loss_bbox_dn_1: 0.0220 (0.0216)  loss_giou_dn_1: 0.3005 (0.2951)  loss_fgl_dn_1: 1.1544 (1.1564)  loss_ddf_dn_1: 0.0051 (0.0051)  loss_mal_dn_2: 0.5856 (0.5826)  loss_bbox_dn_2: 0.0219 (0.0215)  loss_giou_dn_2: 0.2987 (0.2934)  loss_fgl_dn_2: 1.1535 (1.1555)  loss_ddf_dn_2: -0.0000 (0.0000)  loss_mal_dn_pre: 0.6669 (0.6771)  loss_bbox_dn_pre: 0.0274 (0.0284)  loss_giou_dn_pre: 0.3694 (0.3786)  time: 0.5681  data: 0.0372  max mem: 5227
Epoch: [13/30]  [20/44]  eta: 0:00:13  lr: 0.000100  loss: 16.9290 (16.8340)  loss_mal: 0.6303 (0.6263)  loss_bbox: 0.0261 (0.0269)  loss_giou: 0.3680 (0.3662)  loss_fgl: 1.2127 (1.2112)  loss_mal_aux_0: 0.6868 (0.6841)  loss_bbox_aux_0: 0.0281 (0.0284)  loss_giou_aux_0: 0.3792 (0.3828)  loss_fgl_aux_0: 1.2299 (1.2279)  loss_ddf_aux_0: 0.0116 (0.0117)  loss_mal_aux_1: 0.6376 (0.6314)  loss_bbox_aux_1: 0.0263 (0.0270)  loss_giou_aux_1: 0.3685 (0.3672)  loss_fgl_aux_1: 1.2116 (1.2117)  loss_ddf_aux_1: 0.0006 (0.0006)  loss_mal_pre: 0.6797 (0.6827)  loss_bbox_pre: 0.0279 (0.0283)  loss_giou_pre: 0.3797 (0.3822)  loss_mal_enc_0: 0.7326 (0.7406)  loss_bbox_enc_0: 0.0302 (0.0310)  loss_giou_enc_0: 0.4144 (0.4155)  loss_mal_dn_0: 0.6862 (0.6852)  loss_bbox_dn_0: 0.0291 (0.0293)  loss_giou_dn_0: 0.4071 (0.3938)  loss_fgl_dn_0: 1.2332 (1.2361)  loss_ddf_dn_0: 0.1391 (0.1368)  loss_mal_dn_1: 0.5996 (0.5946)  loss_bbox_dn_1: 0.0222 (0.0222)  loss_giou_dn_1: 0.3134 (0.3062)  loss_fgl_dn_1: 1.1575 (1.1569)  loss_ddf_dn_1: 0.0043 (0.0045)  loss_mal_dn_2: 0.5946 (0.5932)  loss_bbox_dn_2: 0.0222 (0.0221)  loss_giou_dn_2: 0.3104 (0.3053)  loss_fgl_dn_2: 1.1582 (1.1567)  loss_ddf_dn_2: -0.0000 (0.0000)  loss_mal_dn_pre: 0.6869 (0.6856)  loss_bbox_dn_pre: 0.0290 (0.0291)  loss_giou_dn_pre: 0.4021 (0.3925)  time: 0.5510  data: 0.0154  max mem: 5227
Epoch: [13/30]  [30/44]  eta: 0:00:07  lr: 0.000100  loss: 16.9710 (16.7960)  loss_mal: 0.6337 (0.6253)  loss_bbox: 0.0279 (0.0272)  loss_giou: 0.3708 (0.3640)  loss_fgl: 1.2155 (1.2140)  loss_mal_aux_0: 0.6844 (0.6802)  loss_bbox_aux_0: 0.0283 (0.0284)  loss_giou_aux_0: 0.3797 (0.3780)  loss_fgl_aux_0: 1.2276 (1.2282)  loss_ddf_aux_0: 0.0107 (0.0116)  loss_mal_aux_1: 0.6387 (0.6298)  loss_bbox_aux_1: 0.0280 (0.0273)  loss_giou_aux_1: 0.3696 (0.3651)  loss_fgl_aux_1: 1.2149 (1.2145)  loss_ddf_aux_1: 0.0006 (0.0006)  loss_mal_pre: 0.6785 (0.6795)  loss_bbox_pre: 0.0283 (0.0284)  loss_giou_pre: 0.3822 (0.3776)  loss_mal_enc_0: 0.7485 (0.7418)  loss_bbox_enc_0: 0.0313 (0.0315)  loss_giou_enc_0: 0.4266 (0.4152)  loss_mal_dn_0: 0.6838 (0.6806)  loss_bbox_dn_0: 0.0293 (0.0291)  loss_giou_dn_0: 0.3980 (0.3888)  loss_fgl_dn_0: 1.2325 (1.2339)  loss_ddf_dn_0: 0.1394 (0.1361)  loss_mal_dn_1: 0.6020 (0.5932)  loss_bbox_dn_1: 0.0226 (0.0223)  loss_giou_dn_1: 0.3176 (0.3056)  loss_fgl_dn_1: 1.1575 (1.1589)  loss_ddf_dn_1: 0.0041 (0.0045)  loss_mal_dn_2: 0.5998 (0.5911)  loss_bbox_dn_2: 0.0227 (0.0222)  loss_giou_dn_2: 0.3166 (0.3045)  loss_fgl_dn_2: 1.1582 (1.1581)  loss_ddf_dn_2: -0.0000 (0.0000)  loss_mal_dn_pre: 0.6834 (0.6818)  loss_bbox_dn_pre: 0.0292 (0.0290)  loss_giou_dn_pre: 0.3987 (0.3879)  time: 0.5623  data: 0.0160  max mem: 5227
Epoch: [13/30]  [40/44]  eta: 0:00:02  lr: 0.000100  loss: 16.6565 (16.8277)  loss_mal: 0.6267 (0.6267)  loss_bbox: 0.0270 (0.0273)  loss_giou: 0.3605 (0.3654)  loss_fgl: 1.2103 (1.2152)  loss_mal_aux_0: 0.6701 (0.6808)  loss_bbox_aux_0: 0.0283 (0.0286)  loss_giou_aux_0: 0.3698 (0.3807)  loss_fgl_aux_0: 1.2228 (1.2302)  loss_ddf_aux_0: 0.0130 (0.0123)  loss_mal_aux_1: 0.6314 (0.6341)  loss_bbox_aux_1: 0.0272 (0.0274)  loss_giou_aux_1: 0.3587 (0.3664)  loss_fgl_aux_1: 1.2106 (1.2158)  loss_ddf_aux_1: 0.0006 (0.0006)  loss_mal_pre: 0.6691 (0.6799)  loss_bbox_pre: 0.0282 (0.0286)  loss_giou_pre: 0.3704 (0.3802)  loss_mal_enc_0: 0.7485 (0.7418)  loss_bbox_enc_0: 0.0305 (0.0316)  loss_giou_enc_0: 0.4119 (0.4161)  loss_mal_dn_0: 0.6745 (0.6810)  loss_bbox_dn_0: 0.0293 (0.0294)  loss_giou_dn_0: 0.3865 (0.3907)  loss_fgl_dn_0: 1.2305 (1.2350)  loss_ddf_dn_0: 0.1400 (0.1380)  loss_mal_dn_1: 0.5973 (0.5947)  loss_bbox_dn_1: 0.0225 (0.0224)  loss_giou_dn_1: 0.3040 (0.3062)  loss_fgl_dn_1: 1.1446 (1.1577)  loss_ddf_dn_1: 0.0043 (0.0045)  loss_mal_dn_2: 0.5940 (0.5925)  loss_bbox_dn_2: 0.0222 (0.0223)  loss_giou_dn_2: 0.3038 (0.3050)  loss_fgl_dn_2: 1.1430 (1.1567)  loss_ddf_dn_2: -0.0000 (0.0000)  loss_mal_dn_pre: 0.6767 (0.6823)  loss_bbox_dn_pre: 0.0292 (0.0293)  loss_giou_dn_pre: 0.3874 (0.3901)  time: 0.5511  data: 0.0160  max mem: 5227
Epoch: [13/30]  [43/44]  eta: 0:00:00  lr: 0.000100  loss: 16.6020 (16.8408)  loss_mal: 0.6190 (0.6273)  loss_bbox: 0.0267 (0.0273)  loss_giou: 0.3453 (0.3656)  loss_fgl: 1.2093 (1.2163)  loss_mal_aux_0: 0.6682 (0.6808)  loss_bbox_aux_0: 0.0273 (0.0286)  loss_giou_aux_0: 0.3651 (0.3811)  loss_fgl_aux_0: 1.2227 (1.2311)  loss_ddf_aux_0: 0.0130 (0.0123)  loss_mal_aux_1: 0.6300 (0.6340)  loss_bbox_aux_1: 0.0268 (0.0274)  loss_giou_aux_1: 0.3520 (0.3667)  loss_fgl_aux_1: 1.2101 (1.2170)  loss_ddf_aux_1: 0.0006 (0.0006)  loss_mal_pre: 0.6688 (0.6798)  loss_bbox_pre: 0.0274 (0.0286)  loss_giou_pre: 0.3646 (0.3804)  loss_mal_enc_0: 0.7516 (0.7439)  loss_bbox_enc_0: 0.0305 (0.0316)  loss_giou_enc_0: 0.4002 (0.4179)  loss_mal_dn_0: 0.6732 (0.6805)  loss_bbox_dn_0: 0.0287 (0.0294)  loss_giou_dn_0: 0.3844 (0.3913)  loss_fgl_dn_0: 1.2331 (1.2352)  loss_ddf_dn_0: 0.1400 (0.1390)  loss_mal_dn_1: 0.5903 (0.5952)  loss_bbox_dn_1: 0.0223 (0.0225)  loss_giou_dn_1: 0.3028 (0.3071)  loss_fgl_dn_1: 1.1441 (1.1577)  loss_ddf_dn_1: 0.0043 (0.0045)  loss_mal_dn_2: 0.5843 (0.5930)  loss_bbox_dn_2: 0.0221 (0.0224)  loss_giou_dn_2: 0.3015 (0.3060)  loss_fgl_dn_2: 1.1416 (1.1568)  loss_ddf_dn_2: -0.0000 (0.0000)  loss_mal_dn_pre: 0.6767 (0.6819)  loss_bbox_dn_pre: 0.0285 (0.0293)  loss_giou_dn_pre: 0.3842 (0.3906)  time: 0.5480  data: 0.0158  max mem: 5227
Epoch: [13/30] Total time: 0:00:24 (0.5581 s / it)
Averaged stats: lr: 0.000100  loss: 16.6020 (16.8408)  loss_mal: 0.6190 (0.6273)  loss_bbox: 0.0267 (0.0273)  loss_giou: 0.3453 (0.3656)  loss_fgl: 1.2093 (1.2163)  loss_mal_aux_0: 0.6682 (0.6808)  loss_bbox_aux_0: 0.0273 (0.0286)  loss_giou_aux_0: 0.3651 (0.3811)  loss_fgl_aux_0: 1.2227 (1.2311)  loss_ddf_aux_0: 0.0130 (0.0123)  loss_mal_aux_1: 0.6300 (0.6340)  loss_bbox_aux_1: 0.0268 (0.0274)  loss_giou_aux_1: 0.3520 (0.3667)  loss_fgl_aux_1: 1.2101 (1.2170)  loss_ddf_aux_1: 0.0006 (0.0006)  loss_mal_pre: 0.6688 (0.6798)  loss_bbox_pre: 0.0274 (0.0286)  loss_giou_pre: 0.3646 (0.3804)  loss_mal_enc_0: 0.7516 (0.7439)  loss_bbox_enc_0: 0.0305 (0.0316)  loss_giou_enc_0: 0.4002 (0.4179)  loss_mal_dn_0: 0.6732 (0.6805)  loss_bbox_dn_0: 0.0287 (0.0294)  loss_giou_dn_0: 0.3844 (0.3913)  loss_fgl_dn_0: 1.2331 (1.2352)  loss_ddf_dn_0: 0.1400 (0.1390)  loss_mal_dn_1: 0.5903 (0.5952)  loss_bbox_dn_1: 0.0223 (0.0225)  loss_giou_dn_1: 0.3028 (0.3071)  loss_fgl_dn_1: 1.1441 (1.1577)  loss_ddf_dn_1: 0.0043 (0.0045)  loss_mal_dn_2: 0.5843 (0.5930)  loss_bbox_dn_2: 0.0221 (0.0224)  loss_giou_dn_2: 0.3015 (0.3060)  loss_fgl_dn_2: 1.1416 (1.1568)  loss_ddf_dn_2: -0.0000 (0.0000)  loss_mal_dn_pre: 0.6767 (0.6819)  loss_bbox_dn_pre: 0.0285 (0.0293)  loss_giou_dn_pre: 0.3842 (0.3906)
Test:  [0/9]  eta: 0:00:03    time: 0.3913  data: 0.2655  max mem: 5227
Test:  [8/9]  eta: 0:00:00    time: 0.1526  data: 0.0410  max mem: 5227
Test: Total time: 0:00:01 (0.1571 s / it)
Metrics: {'f1': 0.9791666666666666, 'precision': 0.9791666666666666, 'recall': 0.9791666666666666, 'iou': 0.6683090957654577, 'TPs': 141, 'FPs': 3, 'FNs': 3}
Averaged stats: 
Accumulating evaluation results...
COCOeval_opt.accumulate() finished...
DONE (t=0.01s).
IoU metric: bbox
 Average Precision  (AP) @[ IoU=0.50:0.95 | area=   all | maxDets=100 ] = 0.355
 Average Precision  (AP) @[ IoU=0.50      | area=   all | maxDets=100 ] = 0.977
 Average Precision  (AP) @[ IoU=0.75      | area=   all | maxDets=100 ] = 0.156
 Average Precision  (AP) @[ IoU=0.50:0.95 | area= small | maxDets=100 ] = 0.356
 Average Precision  (AP) @[ IoU=0.50:0.95 | area=medium | maxDets=100 ] = -1.000
 Average Precision  (AP) @[ IoU=0.50:0.95 | area= large | maxDets=100 ] = -1.000
 Average Recall     (AR) @[ IoU=0.50:0.95 | area=   all | maxDets=  1 ] = 0.201
 Average Recall     (AR) @[ IoU=0.50:0.95 | area=   all | maxDets= 10 ] = 0.469
 Average Recall     (AR) @[ IoU=0.50:0.95 | area=   all | maxDets=100 ] = 0.587
 Average Recall     (AR) @[ IoU=0.50:0.95 | area= small | maxDets=100 ] = 0.587
 Average Recall     (AR) @[ IoU=0.50:0.95 | area=medium | maxDets=100 ] = -1.000
 Average Recall     (AR) @[ IoU=0.50:0.95 | area= large | maxDets=100 ] = -1.000
 Average Recall     (AR) @[ IoU=0.50      | area=   all | maxDets=100 ] = 1.000
 Average Recall     (AR) @[ IoU=0.75      | area=   all | maxDets=100 ] = 0.583
best_stat: {'epoch': 7, 'coco_eval_bbox': 0.37201236408190996}
Epoch: [14/30]  [ 0/44]  eta: 0:00:37  lr: 0.000100  loss: 17.7336 (17.7336)  loss_mal: 0.6600 (0.6600)  loss_bbox: 0.0345 (0.0345)  loss_giou: 0.4357 (0.4357)  loss_fgl: 1.2680 (1.2680)  loss_mal_aux_0: 0.6742 (0.6742)  loss_bbox_aux_0: 0.0349 (0.0349)  loss_giou_aux_0: 0.4390 (0.4390)  loss_fgl_aux_0: 1.2551 (1.2551)  loss_ddf_aux_0: 0.0133 (0.0133)  loss_mal_aux_1: 0.6593 (0.6593)  loss_bbox_aux_1: 0.0341 (0.0341)  loss_giou_aux_1: 0.4320 (0.4320)  loss_fgl_aux_1: 1.2677 (1.2677)  loss_ddf_aux_1: 0.0006 (0.0006)  loss_mal_pre: 0.6744 (0.6744)  loss_bbox_pre: 0.0353 (0.0353)  loss_giou_pre: 0.4428 (0.4428)  loss_mal_enc_0: 0.7527 (0.7527)  loss_bbox_enc_0: 0.0387 (0.0387)  loss_giou_enc_0: 0.4768 (0.4768)  loss_mal_dn_0: 0.6949 (0.6949)  loss_bbox_dn_0: 0.0343 (0.0343)  loss_giou_dn_0: 0.4347 (0.4347)  loss_fgl_dn_0: 1.2652 (1.2652)  loss_ddf_dn_0: 0.1766 (0.1766)  loss_mal_dn_1: 0.6206 (0.6206)  loss_bbox_dn_1: 0.0258 (0.0258)  loss_giou_dn_1: 0.3353 (0.3353)  loss_fgl_dn_1: 1.1862 (1.1862)  loss_ddf_dn_1: 0.0066 (0.0066)  loss_mal_dn_2: 0.6160 (0.6160)  loss_bbox_dn_2: 0.0257 (0.0257)  loss_giou_dn_2: 0.3346 (0.3346)  loss_fgl_dn_2: 1.1859 (1.1859)  loss_ddf_dn_2: -0.0000 (0.0000)  loss_mal_dn_pre: 0.6946 (0.6946)  loss_bbox_dn_pre: 0.0342 (0.0342)  loss_giou_dn_pre: 0.4334 (0.4334)  time: 0.8436  data: 0.2485  max mem: 5227
Epoch: [14/30]  [10/44]  eta: 0:00:18  lr: 0.000100  loss: 15.8686 (16.2313)  loss_mal: 0.5961 (0.6038)  loss_bbox: 0.0239 (0.0245)  loss_giou: 0.3078 (0.3280)  loss_fgl: 1.1669 (1.1834)  loss_mal_aux_0: 0.6560 (0.6561)  loss_bbox_aux_0: 0.0240 (0.0260)  loss_giou_aux_0: 0.3249 (0.3464)  loss_fgl_aux_0: 1.1953 (1.2034)  loss_ddf_aux_0: 0.0120 (0.0122)  loss_mal_aux_1: 0.6088 (0.6133)  loss_bbox_aux_1: 0.0236 (0.0245)  loss_giou_aux_1: 0.3123 (0.3283)  loss_fgl_aux_1: 1.1674 (1.1852)  loss_ddf_aux_1: 0.0006 (0.0006)  loss_mal_pre: 0.6569 (0.6577)  loss_bbox_pre: 0.0243 (0.0261)  loss_giou_pre: 0.3294 (0.3478)  loss_mal_enc_0: 0.7235 (0.7227)  loss_bbox_enc_0: 0.0297 (0.0297)  loss_giou_enc_0: 0.3962 (0.3904)  loss_mal_dn_0: 0.6634 (0.6642)  loss_bbox_dn_0: 0.0265 (0.0280)  loss_giou_dn_0: 0.3601 (0.3729)  loss_fgl_dn_0: 1.2151 (1.2196)  loss_ddf_dn_0: 0.1267 (0.1354)  loss_mal_dn_1: 0.5714 (0.5783)  loss_bbox_dn_1: 0.0207 (0.0209)  loss_giou_dn_1: 0.2746 (0.2863)  loss_fgl_dn_1: 1.1241 (1.1351)  loss_ddf_dn_1: 0.0042 (0.0041)  loss_mal_dn_2: 0.5664 (0.5736)  loss_bbox_dn_2: 0.0207 (0.0207)  loss_giou_dn_2: 0.2725 (0.2839)  loss_fgl_dn_2: 1.1191 (1.1322)  loss_ddf_dn_2: -0.0000 (0.0000)  loss_mal_dn_pre: 0.6655 (0.6664)  loss_bbox_dn_pre: 0.0263 (0.0279)  loss_giou_dn_pre: 0.3595 (0.3713)  time: 0.5493  data: 0.0385  max mem: 5227
Epoch: [14/30]  [20/44]  eta: 0:00:13  lr: 0.000100  loss: 16.1279 (16.4470)  loss_mal: 0.5965 (0.6113)  loss_bbox: 0.0253 (0.0256)  loss_giou: 0.3104 (0.3405)  loss_fgl: 1.1895 (1.1995)  loss_mal_aux_0: 0.6570 (0.6657)  loss_bbox_aux_0: 0.0258 (0.0266)  loss_giou_aux_0: 0.3395 (0.3527)  loss_fgl_aux_0: 1.2058 (1.2122)  loss_ddf_aux_0: 0.0126 (0.0142)  loss_mal_aux_1: 0.6122 (0.6220)  loss_bbox_aux_1: 0.0253 (0.0256)  loss_giou_aux_1: 0.3153 (0.3407)  loss_fgl_aux_1: 1.1871 (1.2003)  loss_ddf_aux_1: 0.0006 (0.0006)  loss_mal_pre: 0.6571 (0.6652)  loss_bbox_pre: 0.0255 (0.0266)  loss_giou_pre: 0.3398 (0.3531)  loss_mal_enc_0: 0.7315 (0.7316)  loss_bbox_enc_0: 0.0297 (0.0300)  loss_giou_enc_0: 0.3898 (0.3949)  loss_mal_dn_0: 0.6729 (0.6722)  loss_bbox_dn_0: 0.0284 (0.0288)  loss_giou_dn_0: 0.3672 (0.3807)  loss_fgl_dn_0: 1.2214 (1.2268)  loss_ddf_dn_0: 0.1284 (0.1359)  loss_mal_dn_1: 0.5801 (0.5848)  loss_bbox_dn_1: 0.0214 (0.0215)  loss_giou_dn_1: 0.2811 (0.2924)  loss_fgl_dn_1: 1.1343 (1.1441)  loss_ddf_dn_1: 0.0039 (0.0040)  loss_mal_dn_2: 0.5739 (0.5801)  loss_bbox_dn_2: 0.0210 (0.0214)  loss_giou_dn_2: 0.2759 (0.2908)  loss_fgl_dn_2: 1.1319 (1.1422)  loss_ddf_dn_2: -0.0000 (0.0000)  loss_mal_dn_pre: 0.6729 (0.6743)  loss_bbox_dn_pre: 0.0283 (0.0287)  loss_giou_dn_pre: 0.3647 (0.3793)  time: 0.5467  data: 0.0167  max mem: 5227
Epoch: [14/30]  [30/44]  eta: 0:00:07  lr: 0.000100  loss: 16.2948 (16.3070)  loss_mal: 0.6041 (0.6070)  loss_bbox: 0.0258 (0.0251)  loss_giou: 0.3464 (0.3343)  loss_fgl: 1.1966 (1.1941)  loss_mal_aux_0: 0.6574 (0.6592)  loss_bbox_aux_0: 0.0267 (0.0261)  loss_giou_aux_0: 0.3510 (0.3469)  loss_fgl_aux_0: 1.2114 (1.2086)  loss_ddf_aux_0: 0.0124 (0.0133)  loss_mal_aux_1: 0.6185 (0.6169)  loss_bbox_aux_1: 0.0260 (0.0251)  loss_giou_aux_1: 0.3481 (0.3349)  loss_fgl_aux_1: 1.2006 (1.1953)  loss_ddf_aux_1: 0.0007 (0.0006)  loss_mal_pre: 0.6566 (0.6587)  loss_bbox_pre: 0.0269 (0.0261)  loss_giou_pre: 0.3517 (0.3471)  loss_mal_enc_0: 0.7366 (0.7320)  loss_bbox_enc_0: 0.0299 (0.0297)  loss_giou_enc_0: 0.3898 (0.3909)  loss_mal_dn_0: 0.6729 (0.6674)  loss_bbox_dn_0: 0.0289 (0.0282)  loss_giou_dn_0: 0.3799 (0.3726)  loss_fgl_dn_0: 1.2159 (1.2204)  loss_ddf_dn_0: 0.1284 (0.1329)  loss_mal_dn_1: 0.5801 (0.5790)  loss_bbox_dn_1: 0.0216 (0.0211)  loss_giou_dn_1: 0.2868 (0.2867)  loss_fgl_dn_1: 1.1343 (1.1375)  loss_ddf_dn_1: 0.0036 (0.0038)  loss_mal_dn_2: 0.5739 (0.5747)  loss_bbox_dn_2: 0.0215 (0.0210)  loss_giou_dn_2: 0.2855 (0.2851)  loss_fgl_dn_2: 1.1319 (1.1358)  loss_ddf_dn_2: -0.0000 (0.0000)  loss_mal_dn_pre: 0.6729 (0.6697)  loss_bbox_dn_pre: 0.0286 (0.0280)  loss_giou_dn_pre: 0.3775 (0.3711)  time: 0.5591  data: 0.0160  max mem: 5227
Epoch: [14/30]  [40/44]  eta: 0:00:02  lr: 0.000100  loss: 16.2948 (16.3162)  loss_mal: 0.6053 (0.6075)  loss_bbox: 0.0248 (0.0249)  loss_giou: 0.3451 (0.3347)  loss_fgl: 1.1966 (1.1967)  loss_mal_aux_0: 0.6545 (0.6589)  loss_bbox_aux_0: 0.0265 (0.0261)  loss_giou_aux_0: 0.3596 (0.3490)  loss_fgl_aux_0: 1.2140 (1.2112)  loss_ddf_aux_0: 0.0118 (0.0131)  loss_mal_aux_1: 0.6203 (0.6173)  loss_bbox_aux_1: 0.0248 (0.0250)  loss_giou_aux_1: 0.3455 (0.3351)  loss_fgl_aux_1: 1.1989 (1.1974)  loss_ddf_aux_1: 0.0006 (0.0006)  loss_mal_pre: 0.6531 (0.6582)  loss_bbox_pre: 0.0266 (0.0261)  loss_giou_pre: 0.3575 (0.3490)  loss_mal_enc_0: 0.7296 (0.7317)  loss_bbox_enc_0: 0.0297 (0.0295)  loss_giou_enc_0: 0.3874 (0.3908)  loss_mal_dn_0: 0.6609 (0.6665)  loss_bbox_dn_0: 0.0272 (0.0279)  loss_giou_dn_0: 0.3683 (0.3718)  loss_fgl_dn_0: 1.2127 (1.2231)  loss_ddf_dn_0: 0.1344 (0.1338)  loss_mal_dn_1: 0.5691 (0.5779)  loss_bbox_dn_1: 0.0203 (0.0208)  loss_giou_dn_1: 0.2792 (0.2854)  loss_fgl_dn_1: 1.1282 (1.1388)  loss_ddf_dn_1: 0.0034 (0.0038)  loss_mal_dn_2: 0.5659 (0.5739)  loss_bbox_dn_2: 0.0201 (0.0207)  loss_giou_dn_2: 0.2807 (0.2840)  loss_fgl_dn_2: 1.1250 (1.1374)  loss_ddf_dn_2: -0.0000 (0.0000)  loss_mal_dn_pre: 0.6663 (0.6691)  loss_bbox_dn_pre: 0.0272 (0.0278)  loss_giou_dn_pre: 0.3704 (0.3709)  time: 0.5361  data: 0.0164  max mem: 5227
Epoch: [14/30]  [43/44]  eta: 0:00:00  lr: 0.000100  loss: 16.3641 (16.3378)  loss_mal: 0.6131 (0.6085)  loss_bbox: 0.0242 (0.0249)  loss_giou: 0.3481 (0.3367)  loss_fgl: 1.1913 (1.1972)  loss_mal_aux_0: 0.6550 (0.6598)  loss_bbox_aux_0: 0.0258 (0.0260)  loss_giou_aux_0: 0.3581 (0.3497)  loss_fgl_aux_0: 1.2063 (1.2115)  loss_ddf_aux_0: 0.0123 (0.0131)  loss_mal_aux_1: 0.6203 (0.6176)  loss_bbox_aux_1: 0.0245 (0.0250)  loss_giou_aux_1: 0.3455 (0.3369)  loss_fgl_aux_1: 1.1915 (1.1979)  loss_ddf_aux_1: 0.0006 (0.0006)  loss_mal_pre: 0.6531 (0.6589)  loss_bbox_pre: 0.0258 (0.0260)  loss_giou_pre: 0.3550 (0.3497)  loss_mal_enc_0: 0.7272 (0.7312)  loss_bbox_enc_0: 0.0293 (0.0295)  loss_giou_enc_0: 0.3874 (0.3923)  loss_mal_dn_0: 0.6636 (0.6672)  loss_bbox_dn_0: 0.0272 (0.0279)  loss_giou_dn_0: 0.3730 (0.3736)  loss_fgl_dn_0: 1.2062 (1.2236)  loss_ddf_dn_0: 0.1299 (0.1343)  loss_mal_dn_1: 0.5784 (0.5789)  loss_bbox_dn_1: 0.0203 (0.0208)  loss_giou_dn_1: 0.2853 (0.2870)  loss_fgl_dn_1: 1.1282 (1.1391)  loss_ddf_dn_1: 0.0033 (0.0037)  loss_mal_dn_2: 0.5732 (0.5750)  loss_bbox_dn_2: 0.0201 (0.0207)  loss_giou_dn_2: 0.2807 (0.2855)  loss_fgl_dn_2: 1.1250 (1.1377)  loss_ddf_dn_2: -0.0000 (0.0000)  loss_mal_dn_pre: 0.6677 (0.6696)  loss_bbox_dn_pre: 0.0270 (0.0278)  loss_giou_dn_pre: 0.3748 (0.3723)  time: 0.5318  data: 0.0162  max mem: 5227
Epoch: [14/30] Total time: 0:00:24 (0.5492 s / it)
Averaged stats: lr: 0.000100  loss: 16.3641 (16.3378)  loss_mal: 0.6131 (0.6085)  loss_bbox: 0.0242 (0.0249)  loss_giou: 0.3481 (0.3367)  loss_fgl: 1.1913 (1.1972)  loss_mal_aux_0: 0.6550 (0.6598)  loss_bbox_aux_0: 0.0258 (0.0260)  loss_giou_aux_0: 0.3581 (0.3497)  loss_fgl_aux_0: 1.2063 (1.2115)  loss_ddf_aux_0: 0.0123 (0.0131)  loss_mal_aux_1: 0.6203 (0.6176)  loss_bbox_aux_1: 0.0245 (0.0250)  loss_giou_aux_1: 0.3455 (0.3369)  loss_fgl_aux_1: 1.1915 (1.1979)  loss_ddf_aux_1: 0.0006 (0.0006)  loss_mal_pre: 0.6531 (0.6589)  loss_bbox_pre: 0.0258 (0.0260)  loss_giou_pre: 0.3550 (0.3497)  loss_mal_enc_0: 0.7272 (0.7312)  loss_bbox_enc_0: 0.0293 (0.0295)  loss_giou_enc_0: 0.3874 (0.3923)  loss_mal_dn_0: 0.6636 (0.6672)  loss_bbox_dn_0: 0.0272 (0.0279)  loss_giou_dn_0: 0.3730 (0.3736)  loss_fgl_dn_0: 1.2062 (1.2236)  loss_ddf_dn_0: 0.1299 (0.1343)  loss_mal_dn_1: 0.5784 (0.5789)  loss_bbox_dn_1: 0.0203 (0.0208)  loss_giou_dn_1: 0.2853 (0.2870)  loss_fgl_dn_1: 1.1282 (1.1391)  loss_ddf_dn_1: 0.0033 (0.0037)  loss_mal_dn_2: 0.5732 (0.5750)  loss_bbox_dn_2: 0.0201 (0.0207)  loss_giou_dn_2: 0.2807 (0.2855)  loss_fgl_dn_2: 1.1250 (1.1377)  loss_ddf_dn_2: -0.0000 (0.0000)  loss_mal_dn_pre: 0.6677 (0.6696)  loss_bbox_dn_pre: 0.0270 (0.0278)  loss_giou_dn_pre: 0.3748 (0.3723)
Test:  [0/9]  eta: 0:00:03    time: 0.3696  data: 0.2499  max mem: 5227
Test:  [8/9]  eta: 0:00:00    time: 0.1635  data: 0.0421  max mem: 5227
Test: Total time: 0:00:01 (0.1691 s / it)
Metrics: {'f1': 0.9825783972125435, 'precision': 0.986013986013986, 'recall': 0.9791666666666666, 'iou': 0.6726514986933094, 'TPs': 141, 'FPs': 2, 'FNs': 3}
Averaged stats: 
Accumulating evaluation results...
COCOeval_opt.accumulate() finished...
DONE (t=0.01s).
IoU metric: bbox
 Average Precision  (AP) @[ IoU=0.50:0.95 | area=   all | maxDets=100 ] = 0.356
 Average Precision  (AP) @[ IoU=0.50      | area=   all | maxDets=100 ] = 0.977
 Average Precision  (AP) @[ IoU=0.75      | area=   all | maxDets=100 ] = 0.151
 Average Precision  (AP) @[ IoU=0.50:0.95 | area= small | maxDets=100 ] = 0.357
 Average Precision  (AP) @[ IoU=0.50:0.95 | area=medium | maxDets=100 ] = -1.000
 Average Precision  (AP) @[ IoU=0.50:0.95 | area= large | maxDets=100 ] = -1.000
 Average Recall     (AR) @[ IoU=0.50:0.95 | area=   all | maxDets=  1 ] = 0.201
 Average Recall     (AR) @[ IoU=0.50:0.95 | area=   all | maxDets= 10 ] = 0.468
 Average Recall     (AR) @[ IoU=0.50:0.95 | area=   all | maxDets=100 ] = 0.584
 Average Recall     (AR) @[ IoU=0.50:0.95 | area= small | maxDets=100 ] = 0.584
 Average Recall     (AR) @[ IoU=0.50:0.95 | area=medium | maxDets=100 ] = -1.000
 Average Recall     (AR) @[ IoU=0.50:0.95 | area= large | maxDets=100 ] = -1.000
 Average Recall     (AR) @[ IoU=0.50      | area=   all | maxDets=100 ] = 1.000
 Average Recall     (AR) @[ IoU=0.75      | area=   all | maxDets=100 ] = 0.583
best_stat: {'epoch': 7, 'coco_eval_bbox': 0.37201236408190996}
Epoch: [15/30]  [ 0/44]  eta: 0:00:44  lr: 0.000100  loss: 15.2694 (15.2694)  loss_mal: 0.5580 (0.5580)  loss_bbox: 0.0193 (0.0193)  loss_giou: 0.2725 (0.2725)  loss_fgl: 1.1713 (1.1713)  loss_mal_aux_0: 0.5877 (0.5877)  loss_bbox_aux_0: 0.0189 (0.0189)  loss_giou_aux_0: 0.2652 (0.2652)  loss_fgl_aux_0: 1.1842 (1.1842)  loss_ddf_aux_0: 0.0136 (0.0136)  loss_mal_aux_1: 0.5558 (0.5558)  loss_bbox_aux_1: 0.0193 (0.0193)  loss_giou_aux_1: 0.2718 (0.2718)  loss_fgl_aux_1: 1.1722 (1.1722)  loss_ddf_aux_1: 0.0005 (0.0005)  loss_mal_pre: 0.5925 (0.5925)  loss_bbox_pre: 0.0191 (0.0191)  loss_giou_pre: 0.2679 (0.2679)  loss_mal_enc_0: 0.7191 (0.7191)  loss_bbox_enc_0: 0.0241 (0.0241)  loss_giou_enc_0: 0.3374 (0.3374)  loss_mal_dn_0: 0.6373 (0.6373)  loss_bbox_dn_0: 0.0226 (0.0226)  loss_giou_dn_0: 0.3180 (0.3180)  loss_fgl_dn_0: 1.2022 (1.2022)  loss_ddf_dn_0: 0.1515 (0.1515)  loss_mal_dn_1: 0.5482 (0.5482)  loss_bbox_dn_1: 0.0177 (0.0177)  loss_giou_dn_1: 0.2581 (0.2581)  loss_fgl_dn_1: 1.1209 (1.1209)  loss_ddf_dn_1: 0.0039 (0.0039)  loss_mal_dn_2: 0.5463 (0.5463)  loss_bbox_dn_2: 0.0176 (0.0176)  loss_giou_dn_2: 0.2559 (0.2559)  loss_fgl_dn_2: 1.1201 (1.1201)  loss_ddf_dn_2: -0.0000 (0.0000)  loss_mal_dn_pre: 0.6401 (0.6401)  loss_bbox_dn_pre: 0.0225 (0.0225)  loss_giou_dn_pre: 0.3162 (0.3162)  time: 1.0067  data: 0.2829  max mem: 5227
Epoch: [15/30]  [10/44]  eta: 0:00:19  lr: 0.000100  loss: 15.8692 (15.9068)  loss_mal: 0.5783 (0.5879)  loss_bbox: 0.0220 (0.0231)  loss_giou: 0.3069 (0.3067)  loss_fgl: 1.1656 (1.1737)  loss_mal_aux_0: 0.6580 (0.6599)  loss_bbox_aux_0: 0.0256 (0.0251)  loss_giou_aux_0: 0.3294 (0.3300)  loss_fgl_aux_0: 1.1842 (1.1944)  loss_ddf_aux_0: 0.0138 (0.0147)  loss_mal_aux_1: 0.5861 (0.5947)  loss_bbox_aux_1: 0.0220 (0.0231)  loss_giou_aux_1: 0.3045 (0.3063)  loss_fgl_aux_1: 1.1682 (1.1741)  loss_ddf_aux_1: 0.0006 (0.0006)  loss_mal_pre: 0.6573 (0.6585)  loss_bbox_pre: 0.0253 (0.0251)  loss_giou_pre: 0.3326 (0.3301)  loss_mal_enc_0: 0.7263 (0.7296)  loss_bbox_enc_0: 0.0291 (0.0285)  loss_giou_enc_0: 0.3875 (0.3732)  loss_mal_dn_0: 0.6570 (0.6547)  loss_bbox_dn_0: 0.0267 (0.0261)  loss_giou_dn_0: 0.3472 (0.3452)  loss_fgl_dn_0: 1.2022 (1.2067)  loss_ddf_dn_0: 0.1234 (0.1306)  loss_mal_dn_1: 0.5620 (0.5637)  loss_bbox_dn_1: 0.0196 (0.0199)  loss_giou_dn_1: 0.2643 (0.2715)  loss_fgl_dn_1: 1.1230 (1.1233)  loss_ddf_dn_1: 0.0033 (0.0035)  loss_mal_dn_2: 0.5578 (0.5618)  loss_bbox_dn_2: 0.0194 (0.0198)  loss_giou_dn_2: 0.2640 (0.2706)  loss_fgl_dn_2: 1.1201 (1.1225)  loss_ddf_dn_2: -0.0000 (0.0000)  loss_mal_dn_pre: 0.6580 (0.6575)  loss_bbox_dn_pre: 0.0263 (0.0259)  loss_giou_dn_pre: 0.3440 (0.3443)  time: 0.5809  data: 0.0390  max mem: 5227
Epoch: [15/30]  [20/44]  eta: 0:00:13  lr: 0.000100  loss: 15.6814 (15.6966)  loss_mal: 0.5729 (0.5787)  loss_bbox: 0.0217 (0.0223)  loss_giou: 0.2933 (0.2996)  loss_fgl: 1.1609 (1.1637)  loss_mal_aux_0: 0.6449 (0.6425)  loss_bbox_aux_0: 0.0227 (0.0239)  loss_giou_aux_0: 0.3177 (0.3187)  loss_fgl_aux_0: 1.1838 (1.1869)  loss_ddf_aux_0: 0.0147 (0.0151)  loss_mal_aux_1: 0.5825 (0.5842)  loss_bbox_aux_1: 0.0214 (0.0223)  loss_giou_aux_1: 0.2898 (0.2995)  loss_fgl_aux_1: 1.1631 (1.1649)  loss_ddf_aux_1: 0.0006 (0.0006)  loss_mal_pre: 0.6420 (0.6415)  loss_bbox_pre: 0.0233 (0.0239)  loss_giou_pre: 0.3140 (0.3187)  loss_mal_enc_0: 0.7200 (0.7217)  loss_bbox_enc_0: 0.0261 (0.0275)  loss_giou_enc_0: 0.3518 (0.3644)  loss_mal_dn_0: 0.6504 (0.6509)  loss_bbox_dn_0: 0.0259 (0.0257)  loss_giou_dn_0: 0.3409 (0.3412)  loss_fgl_dn_0: 1.2035 (1.2063)  loss_ddf_dn_0: 0.1256 (0.1320)  loss_mal_dn_1: 0.5554 (0.5543)  loss_bbox_dn_1: 0.0188 (0.0191)  loss_giou_dn_1: 0.2643 (0.2618)  loss_fgl_dn_1: 1.1130 (1.1149)  loss_ddf_dn_1: 0.0037 (0.0037)  loss_mal_dn_2: 0.5531 (0.5522)  loss_bbox_dn_2: 0.0188 (0.0190)  loss_giou_dn_2: 0.2633 (0.2609)  loss_fgl_dn_2: 1.1112 (1.1137)  loss_ddf_dn_2: -0.0000 (0.0000)  loss_mal_dn_pre: 0.6536 (0.6542)  loss_bbox_dn_pre: 0.0260 (0.0256)  loss_giou_dn_pre: 0.3430 (0.3406)  time: 0.5505  data: 0.0152  max mem: 5227
Epoch: [15/30]  [30/44]  eta: 0:00:07  lr: 0.000100  loss: 15.6553 (15.7768)  loss_mal: 0.5704 (0.5832)  loss_bbox: 0.0213 (0.0223)  loss_giou: 0.2922 (0.3028)  loss_fgl: 1.1558 (1.1692)  loss_mal_aux_0: 0.6312 (0.6430)  loss_bbox_aux_0: 0.0215 (0.0237)  loss_giou_aux_0: 0.2966 (0.3205)  loss_fgl_aux_0: 1.1820 (1.1899)  loss_ddf_aux_0: 0.0172 (0.0163)  loss_mal_aux_1: 0.5796 (0.5892)  loss_bbox_aux_1: 0.0213 (0.0223)  loss_giou_aux_1: 0.2913 (0.3024)  loss_fgl_aux_1: 1.1584 (1.1699)  loss_ddf_aux_1: 0.0006 (0.0006)  loss_mal_pre: 0.6307 (0.6423)  loss_bbox_pre: 0.0215 (0.0237)  loss_giou_pre: 0.2961 (0.3206)  loss_mal_enc_0: 0.7173 (0.7236)  loss_bbox_enc_0: 0.0260 (0.0272)  loss_giou_enc_0: 0.3518 (0.3649)  loss_mal_dn_0: 0.6504 (0.6541)  loss_bbox_dn_0: 0.0259 (0.0257)  loss_giou_dn_0: 0.3409 (0.3460)  loss_fgl_dn_0: 1.2023 (1.2068)  loss_ddf_dn_0: 0.1381 (0.1376)  loss_mal_dn_1: 0.5564 (0.5589)  loss_bbox_dn_1: 0.0184 (0.0192)  loss_giou_dn_1: 0.2617 (0.2654)  loss_fgl_dn_1: 1.1049 (1.1173)  loss_ddf_dn_1: 0.0039 (0.0039)  loss_mal_dn_2: 0.5534 (0.5563)  loss_bbox_dn_2: 0.0184 (0.0191)  loss_giou_dn_2: 0.2601 (0.2646)  loss_fgl_dn_2: 1.1052 (1.1161)  loss_ddf_dn_2: -0.0000 (0.0000)  loss_mal_dn_pre: 0.6536 (0.6573)  loss_bbox_dn_pre: 0.0260 (0.0256)  loss_giou_dn_pre: 0.3423 (0.3452)  time: 0.5569  data: 0.0159  max mem: 5227
Epoch: [15/30]  [40/44]  eta: 0:00:02  lr: 0.000100  loss: 15.9922 (15.8783)  loss_mal: 0.5987 (0.5893)  loss_bbox: 0.0223 (0.0227)  loss_giou: 0.3121 (0.3088)  loss_fgl: 1.1787 (1.1753)  loss_mal_aux_0: 0.6427 (0.6463)  loss_bbox_aux_0: 0.0227 (0.0240)  loss_giou_aux_0: 0.3317 (0.3252)  loss_fgl_aux_0: 1.1864 (1.1939)  loss_ddf_aux_0: 0.0169 (0.0162)  loss_mal_aux_1: 0.6002 (0.5941)  loss_bbox_aux_1: 0.0225 (0.0226)  loss_giou_aux_1: 0.3114 (0.3085)  loss_fgl_aux_1: 1.1798 (1.1758)  loss_ddf_aux_1: 0.0007 (0.0007)  loss_mal_pre: 0.6386 (0.6450)  loss_bbox_pre: 0.0226 (0.0239)  loss_giou_pre: 0.3305 (0.3251)  loss_mal_enc_0: 0.7357 (0.7261)  loss_bbox_enc_0: 0.0271 (0.0277)  loss_giou_enc_0: 0.3747 (0.3716)  loss_mal_dn_0: 0.6590 (0.6557)  loss_bbox_dn_0: 0.0263 (0.0260)  loss_giou_dn_0: 0.3536 (0.3499)  loss_fgl_dn_0: 1.2052 (1.2094)  loss_ddf_dn_0: 0.1470 (0.1400)  loss_mal_dn_1: 0.5695 (0.5619)  loss_bbox_dn_1: 0.0194 (0.0194)  loss_giou_dn_1: 0.2747 (0.2687)  loss_fgl_dn_1: 1.1220 (1.1205)  loss_ddf_dn_1: 0.0044 (0.0042)  loss_mal_dn_2: 0.5656 (0.5592)  loss_bbox_dn_2: 0.0193 (0.0193)  loss_giou_dn_2: 0.2729 (0.2678)  loss_fgl_dn_2: 1.1210 (1.1194)  loss_ddf_dn_2: -0.0000 (0.0000)  loss_mal_dn_pre: 0.6613 (0.6589)  loss_bbox_dn_pre: 0.0262 (0.0259)  loss_giou_dn_pre: 0.3526 (0.3494)  time: 0.5503  data: 0.0159  max mem: 5227
Epoch: [15/30]  [43/44]  eta: 0:00:00  lr: 0.000100  loss: 15.9922 (15.8749)  loss_mal: 0.5987 (0.5891)  loss_bbox: 0.0229 (0.0227)  loss_giou: 0.3121 (0.3089)  loss_fgl: 1.1837 (1.1742)  loss_mal_aux_0: 0.6427 (0.6461)  loss_bbox_aux_0: 0.0238 (0.0240)  loss_giou_aux_0: 0.3376 (0.3257)  loss_fgl_aux_0: 1.2045 (1.1928)  loss_ddf_aux_0: 0.0158 (0.0162)  loss_mal_aux_1: 0.6002 (0.5940)  loss_bbox_aux_1: 0.0229 (0.0227)  loss_giou_aux_1: 0.3114 (0.3085)  loss_fgl_aux_1: 1.1829 (1.1747)  loss_ddf_aux_1: 0.0007 (0.0007)  loss_mal_pre: 0.6381 (0.6448)  loss_bbox_pre: 0.0239 (0.0240)  loss_giou_pre: 0.3345 (0.3253)  loss_mal_enc_0: 0.7357 (0.7255)  loss_bbox_enc_0: 0.0271 (0.0277)  loss_giou_enc_0: 0.3747 (0.3710)  loss_mal_dn_0: 0.6590 (0.6559)  loss_bbox_dn_0: 0.0263 (0.0261)  loss_giou_dn_0: 0.3546 (0.3510)  loss_fgl_dn_0: 1.2052 (1.2085)  loss_ddf_dn_0: 0.1468 (0.1403)  loss_mal_dn_1: 0.5695 (0.5621)  loss_bbox_dn_1: 0.0200 (0.0194)  loss_giou_dn_1: 0.2747 (0.2691)  loss_fgl_dn_1: 1.1238 (1.1195)  loss_ddf_dn_1: 0.0044 (0.0042)  loss_mal_dn_2: 0.5656 (0.5593)  loss_bbox_dn_2: 0.0201 (0.0194)  loss_giou_dn_2: 0.2729 (0.2682)  loss_fgl_dn_2: 1.1210 (1.1182)  loss_ddf_dn_2: -0.0000 (0.0000)  loss_mal_dn_pre: 0.6613 (0.6590)  loss_bbox_dn_pre: 0.0262 (0.0260)  loss_giou_dn_pre: 0.3544 (0.3503)  time: 0.5461  data: 0.0157  max mem: 5227
Epoch: [15/30] Total time: 0:00:24 (0.5610 s / it)
Averaged stats: lr: 0.000100  loss: 15.9922 (15.8749)  loss_mal: 0.5987 (0.5891)  loss_bbox: 0.0229 (0.0227)  loss_giou: 0.3121 (0.3089)  loss_fgl: 1.1837 (1.1742)  loss_mal_aux_0: 0.6427 (0.6461)  loss_bbox_aux_0: 0.0238 (0.0240)  loss_giou_aux_0: 0.3376 (0.3257)  loss_fgl_aux_0: 1.2045 (1.1928)  loss_ddf_aux_0: 0.0158 (0.0162)  loss_mal_aux_1: 0.6002 (0.5940)  loss_bbox_aux_1: 0.0229 (0.0227)  loss_giou_aux_1: 0.3114 (0.3085)  loss_fgl_aux_1: 1.1829 (1.1747)  loss_ddf_aux_1: 0.0007 (0.0007)  loss_mal_pre: 0.6381 (0.6448)  loss_bbox_pre: 0.0239 (0.0240)  loss_giou_pre: 0.3345 (0.3253)  loss_mal_enc_0: 0.7357 (0.7255)  loss_bbox_enc_0: 0.0271 (0.0277)  loss_giou_enc_0: 0.3747 (0.3710)  loss_mal_dn_0: 0.6590 (0.6559)  loss_bbox_dn_0: 0.0263 (0.0261)  loss_giou_dn_0: 0.3546 (0.3510)  loss_fgl_dn_0: 1.2052 (1.2085)  loss_ddf_dn_0: 0.1468 (0.1403)  loss_mal_dn_1: 0.5695 (0.5621)  loss_bbox_dn_1: 0.0200 (0.0194)  loss_giou_dn_1: 0.2747 (0.2691)  loss_fgl_dn_1: 1.1238 (1.1195)  loss_ddf_dn_1: 0.0044 (0.0042)  loss_mal_dn_2: 0.5656 (0.5593)  loss_bbox_dn_2: 0.0201 (0.0194)  loss_giou_dn_2: 0.2729 (0.2682)  loss_fgl_dn_2: 1.1210 (1.1182)  loss_ddf_dn_2: -0.0000 (0.0000)  loss_mal_dn_pre: 0.6613 (0.6590)  loss_bbox_dn_pre: 0.0262 (0.0260)  loss_giou_dn_pre: 0.3544 (0.3503)
Test:  [0/9]  eta: 0:00:03    time: 0.4070  data: 0.2680  max mem: 5227
Test:  [8/9]  eta: 0:00:00    time: 0.1504  data: 0.0426  max mem: 5227
Test: Total time: 0:00:01 (0.1542 s / it)
Metrics: {'f1': 0.9757785467128027, 'precision': 0.9724137931034482, 'recall': 0.9791666666666666, 'iou': 0.6633368049924439, 'TPs': 141, 'FPs': 4, 'FNs': 3}
Averaged stats: 
Accumulating evaluation results...
COCOeval_opt.accumulate() finished...
DONE (t=0.01s).
IoU metric: bbox
 Average Precision  (AP) @[ IoU=0.50:0.95 | area=   all | maxDets=100 ] = 0.354
 Average Precision  (AP) @[ IoU=0.50      | area=   all | maxDets=100 ] = 0.975
 Average Precision  (AP) @[ IoU=0.75      | area=   all | maxDets=100 ] = 0.140
 Average Precision  (AP) @[ IoU=0.50:0.95 | area= small | maxDets=100 ] = 0.355
 Average Precision  (AP) @[ IoU=0.50:0.95 | area=medium | maxDets=100 ] = -1.000
 Average Precision  (AP) @[ IoU=0.50:0.95 | area= large | maxDets=100 ] = -1.000
 Average Recall     (AR) @[ IoU=0.50:0.95 | area=   all | maxDets=  1 ] = 0.203
 Average Recall     (AR) @[ IoU=0.50:0.95 | area=   all | maxDets= 10 ] = 0.469
 Average Recall     (AR) @[ IoU=0.50:0.95 | area=   all | maxDets=100 ] = 0.585
 Average Recall     (AR) @[ IoU=0.50:0.95 | area= small | maxDets=100 ] = 0.585
 Average Recall     (AR) @[ IoU=0.50:0.95 | area=medium | maxDets=100 ] = -1.000
 Average Recall     (AR) @[ IoU=0.50:0.95 | area= large | maxDets=100 ] = -1.000
 Average Recall     (AR) @[ IoU=0.50      | area=   all | maxDets=100 ] = 1.000
 Average Recall     (AR) @[ IoU=0.75      | area=   all | maxDets=100 ] = 0.597
best_stat: {'epoch': 7, 'coco_eval_bbox': 0.37201236408190996}
Epoch: [16/30]  [ 0/44]  eta: 0:00:34  lr: 0.000100  loss: 14.9185 (14.9185)  loss_mal: 0.5539 (0.5539)  loss_bbox: 0.0189 (0.0189)  loss_giou: 0.2669 (0.2669)  loss_fgl: 1.1287 (1.1287)  loss_mal_aux_0: 0.6296 (0.6296)  loss_bbox_aux_0: 0.0205 (0.0205)  loss_giou_aux_0: 0.2885 (0.2885)  loss_fgl_aux_0: 1.1577 (1.1577)  loss_ddf_aux_0: 0.0151 (0.0151)  loss_mal_aux_1: 0.5564 (0.5564)  loss_bbox_aux_1: 0.0192 (0.0192)  loss_giou_aux_1: 0.2705 (0.2705)  loss_fgl_aux_1: 1.1313 (1.1313)  loss_ddf_aux_1: 0.0007 (0.0007)  loss_mal_pre: 0.6320 (0.6320)  loss_bbox_pre: 0.0206 (0.0206)  loss_giou_pre: 0.2902 (0.2902)  loss_mal_enc_0: 0.6926 (0.6926)  loss_bbox_enc_0: 0.0259 (0.0259)  loss_giou_enc_0: 0.3588 (0.3588)  loss_mal_dn_0: 0.6159 (0.6159)  loss_bbox_dn_0: 0.0211 (0.0211)  loss_giou_dn_0: 0.2905 (0.2905)  loss_fgl_dn_0: 1.1654 (1.1654)  loss_ddf_dn_0: 0.1368 (0.1368)  loss_mal_dn_1: 0.5230 (0.5230)  loss_bbox_dn_1: 0.0160 (0.0160)  loss_giou_dn_1: 0.2282 (0.2282)  loss_fgl_dn_1: 1.0767 (1.0767)  loss_ddf_dn_1: 0.0048 (0.0048)  loss_mal_dn_2: 0.5183 (0.5183)  loss_bbox_dn_2: 0.0157 (0.0157)  loss_giou_dn_2: 0.2247 (0.2247)  loss_fgl_dn_2: 1.0742 (1.0742)  loss_ddf_dn_2: -0.0000 (0.0000)  loss_mal_dn_pre: 0.6205 (0.6205)  loss_bbox_dn_pre: 0.0208 (0.0208)  loss_giou_dn_pre: 0.2880 (0.2880)  time: 0.7796  data: 0.2389  max mem: 5227
Epoch: [16/30]  [10/44]  eta: 0:00:18  lr: 0.000100  loss: 15.6159 (15.7678)  loss_mal: 0.5836 (0.5900)  loss_bbox: 0.0216 (0.0222)  loss_giou: 0.2890 (0.2978)  loss_fgl: 1.1596 (1.1688)  loss_mal_aux_0: 0.6296 (0.6563)  loss_bbox_aux_0: 0.0231 (0.0239)  loss_giou_aux_0: 0.3098 (0.3174)  loss_fgl_aux_0: 1.1800 (1.1953)  loss_ddf_aux_0: 0.0156 (0.0168)  loss_mal_aux_1: 0.5844 (0.5973)  loss_bbox_aux_1: 0.0216 (0.0223)  loss_giou_aux_1: 0.2892 (0.2991)  loss_fgl_aux_1: 1.1584 (1.1706)  loss_ddf_aux_1: 0.0006 (0.0006)  loss_mal_pre: 0.6320 (0.6537)  loss_bbox_pre: 0.0230 (0.0239)  loss_giou_pre: 0.3098 (0.3175)  loss_mal_enc_0: 0.7071 (0.7089)  loss_bbox_enc_0: 0.0272 (0.0278)  loss_giou_enc_0: 0.3588 (0.3644)  loss_mal_dn_0: 0.6457 (0.6492)  loss_bbox_dn_0: 0.0244 (0.0256)  loss_giou_dn_0: 0.3428 (0.3402)  loss_fgl_dn_0: 1.2086 (1.2168)  loss_ddf_dn_0: 0.1368 (0.1357)  loss_mal_dn_1: 0.5573 (0.5566)  loss_bbox_dn_1: 0.0190 (0.0191)  loss_giou_dn_1: 0.2595 (0.2600)  loss_fgl_dn_1: 1.1126 (1.1215)  loss_ddf_dn_1: 0.0045 (0.0049)  loss_mal_dn_2: 0.5536 (0.5524)  loss_bbox_dn_2: 0.0187 (0.0189)  loss_giou_dn_2: 0.2588 (0.2575)  loss_fgl_dn_2: 1.1081 (1.1183)  loss_ddf_dn_2: -0.0000 (0.0000)  loss_mal_dn_pre: 0.6478 (0.6521)  loss_bbox_dn_pre: 0.0242 (0.0255)  loss_giou_dn_pre: 0.3386 (0.3391)  time: 0.5497  data: 0.0368  max mem: 5227
Epoch: [16/30]  [20/44]  eta: 0:00:13  lr: 0.000100  loss: 15.6064 (15.7575)  loss_mal: 0.5783 (0.5853)  loss_bbox: 0.0203 (0.0226)  loss_giou: 0.2890 (0.3019)  loss_fgl: 1.1543 (1.1694)  loss_mal_aux_0: 0.6265 (0.6438)  loss_bbox_aux_0: 0.0231 (0.0239)  loss_giou_aux_0: 0.3077 (0.3169)  loss_fgl_aux_0: 1.1770 (1.1880)  loss_ddf_aux_0: 0.0186 (0.0191)  loss_mal_aux_1: 0.5843 (0.5923)  loss_bbox_aux_1: 0.0206 (0.0226)  loss_giou_aux_1: 0.2888 (0.3022)  loss_fgl_aux_1: 1.1557 (1.1703)  loss_ddf_aux_1: 0.0007 (0.0008)  loss_mal_pre: 0.6244 (0.6427)  loss_bbox_pre: 0.0230 (0.0239)  loss_giou_pre: 0.3069 (0.3176)  loss_mal_enc_0: 0.7071 (0.7143)  loss_bbox_enc_0: 0.0272 (0.0282)  loss_giou_enc_0: 0.3587 (0.3694)  loss_mal_dn_0: 0.6457 (0.6484)  loss_bbox_dn_0: 0.0251 (0.0261)  loss_giou_dn_0: 0.3428 (0.3462)  loss_fgl_dn_0: 1.2054 (1.2088)  loss_ddf_dn_0: 0.1460 (0.1477)  loss_mal_dn_1: 0.5573 (0.5565)  loss_bbox_dn_1: 0.0188 (0.0193)  loss_giou_dn_1: 0.2574 (0.2630)  loss_fgl_dn_1: 1.1070 (1.1134)  loss_ddf_dn_1: 0.0051 (0.0056)  loss_mal_dn_2: 0.5527 (0.5527)  loss_bbox_dn_2: 0.0185 (0.0191)  loss_giou_dn_2: 0.2576 (0.2612)  loss_fgl_dn_2: 1.1044 (1.1114)  loss_ddf_dn_2: -0.0000 (0.0000)  loss_mal_dn_pre: 0.6478 (0.6519)  loss_bbox_dn_pre: 0.0250 (0.0260)  loss_giou_dn_pre: 0.3422 (0.3453)  time: 0.5491  data: 0.0159  max mem: 5227
Epoch: [16/30]  [30/44]  eta: 0:00:07  lr: 0.000100  loss: 15.9037 (15.8834)  loss_mal: 0.5781 (0.5872)  loss_bbox: 0.0224 (0.0229)  loss_giou: 0.3021 (0.3064)  loss_fgl: 1.1651 (1.1725)  loss_mal_aux_0: 0.6559 (0.6506)  loss_bbox_aux_0: 0.0238 (0.0244)  loss_giou_aux_0: 0.3176 (0.3242)  loss_fgl_aux_0: 1.1983 (1.1931)  loss_ddf_aux_0: 0.0193 (0.0191)  loss_mal_aux_1: 0.5911 (0.5945)  loss_bbox_aux_1: 0.0221 (0.0229)  loss_giou_aux_1: 0.2991 (0.3068)  loss_fgl_aux_1: 1.1640 (1.1732)  loss_ddf_aux_1: 0.0008 (0.0008)  loss_mal_pre: 0.6549 (0.6490)  loss_bbox_pre: 0.0238 (0.0244)  loss_giou_pre: 0.3168 (0.3244)  loss_mal_enc_0: 0.7223 (0.7202)  loss_bbox_enc_0: 0.0290 (0.0287)  loss_giou_enc_0: 0.3787 (0.3762)  loss_mal_dn_0: 0.6517 (0.6512)  loss_bbox_dn_0: 0.0253 (0.0264)  loss_giou_dn_0: 0.3523 (0.3507)  loss_fgl_dn_0: 1.2158 (1.2151)  loss_ddf_dn_0: 0.1530 (0.1499)  loss_mal_dn_1: 0.5582 (0.5602)  loss_bbox_dn_1: 0.0200 (0.0196)  loss_giou_dn_1: 0.2667 (0.2677)  loss_fgl_dn_1: 1.1150 (1.1215)  loss_ddf_dn_1: 0.0067 (0.0062)  loss_mal_dn_2: 0.5527 (0.5568)  loss_bbox_dn_2: 0.0200 (0.0194)  loss_giou_dn_2: 0.2658 (0.2663)  loss_fgl_dn_2: 1.1135 (1.1203)  loss_ddf_dn_2: -0.0000 (0.0000)  loss_mal_dn_pre: 0.6560 (0.6548)  loss_bbox_dn_pre: 0.0254 (0.0263)  loss_giou_dn_pre: 0.3524 (0.3497)  time: 0.5371  data: 0.0157  max mem: 5227
Epoch: [16/30]  [40/44]  eta: 0:00:02  lr: 0.000100  loss: 16.2748 (15.9941)  loss_mal: 0.5960 (0.5926)  loss_bbox: 0.0231 (0.0229)  loss_giou: 0.3219 (0.3113)  loss_fgl: 1.1899 (1.1795)  loss_mal_aux_0: 0.6631 (0.6537)  loss_bbox_aux_0: 0.0260 (0.0246)  loss_giou_aux_0: 0.3533 (0.3307)  loss_fgl_aux_0: 1.2063 (1.1988)  loss_ddf_aux_0: 0.0175 (0.0187)  loss_mal_aux_1: 0.6051 (0.5994)  loss_bbox_aux_1: 0.0231 (0.0230)  loss_giou_aux_1: 0.3261 (0.3119)  loss_fgl_aux_1: 1.1867 (1.1803)  loss_ddf_aux_1: 0.0008 (0.0008)  loss_mal_pre: 0.6593 (0.6518)  loss_bbox_pre: 0.0257 (0.0246)  loss_giou_pre: 0.3546 (0.3306)  loss_mal_enc_0: 0.7261 (0.7203)  loss_bbox_enc_0: 0.0287 (0.0284)  loss_giou_enc_0: 0.3787 (0.3778)  loss_mal_dn_0: 0.6678 (0.6567)  loss_bbox_dn_0: 0.0263 (0.0267)  loss_giou_dn_0: 0.3687 (0.3578)  loss_fgl_dn_0: 1.2331 (1.2199)  loss_ddf_dn_0: 0.1489 (0.1500)  loss_mal_dn_1: 0.5717 (0.5638)  loss_bbox_dn_1: 0.0200 (0.0196)  loss_giou_dn_1: 0.2749 (0.2710)  loss_fgl_dn_1: 1.1332 (1.1247)  loss_ddf_dn_1: 0.0071 (0.0062)  loss_mal_dn_2: 0.5662 (0.5602)  loss_bbox_dn_2: 0.0197 (0.0195)  loss_giou_dn_2: 0.2739 (0.2695)  loss_fgl_dn_2: 1.1301 (1.1234)  loss_ddf_dn_2: -0.0000 (0.0000)  loss_mal_dn_pre: 0.6696 (0.6600)  loss_bbox_dn_pre: 0.0263 (0.0266)  loss_giou_dn_pre: 0.3701 (0.3569)  time: 0.5380  data: 0.0169  max mem: 5227
Epoch: [16/30]  [43/44]  eta: 0:00:00  lr: 0.000100  loss: 16.2581 (15.9364)  loss_mal: 0.5953 (0.5902)  loss_bbox: 0.0225 (0.0227)  loss_giou: 0.3213 (0.3085)  loss_fgl: 1.1847 (1.1762)  loss_mal_aux_0: 0.6631 (0.6521)  loss_bbox_aux_0: 0.0260 (0.0243)  loss_giou_aux_0: 0.3450 (0.3283)  loss_fgl_aux_0: 1.2038 (1.1962)  loss_ddf_aux_0: 0.0173 (0.0184)  loss_mal_aux_1: 0.6009 (0.5968)  loss_bbox_aux_1: 0.0229 (0.0228)  loss_giou_aux_1: 0.3209 (0.3091)  loss_fgl_aux_1: 1.1828 (1.1769)  loss_ddf_aux_1: 0.0008 (0.0008)  loss_mal_pre: 0.6577 (0.6503)  loss_bbox_pre: 0.0257 (0.0243)  loss_giou_pre: 0.3445 (0.3282)  loss_mal_enc_0: 0.7260 (0.7198)  loss_bbox_enc_0: 0.0287 (0.0280)  loss_giou_enc_0: 0.3781 (0.3731)  loss_mal_dn_0: 0.6678 (0.6556)  loss_bbox_dn_0: 0.0263 (0.0265)  loss_giou_dn_0: 0.3629 (0.3561)  loss_fgl_dn_0: 1.2331 (1.2176)  loss_ddf_dn_0: 0.1524 (0.1493)  loss_mal_dn_1: 0.5666 (0.5620)  loss_bbox_dn_1: 0.0200 (0.0195)  loss_giou_dn_1: 0.2745 (0.2691)  loss_fgl_dn_1: 1.1319 (1.1213)  loss_ddf_dn_1: 0.0071 (0.0062)  loss_mal_dn_2: 0.5657 (0.5584)  loss_bbox_dn_2: 0.0197 (0.0194)  loss_giou_dn_2: 0.2739 (0.2677)  loss_fgl_dn_2: 1.1301 (1.1201)  loss_ddf_dn_2: -0.0000 (0.0000)  loss_mal_dn_pre: 0.6696 (0.6589)  loss_bbox_dn_pre: 0.0263 (0.0265)  loss_giou_dn_pre: 0.3624 (0.3552)  time: 0.5321  data: 0.0164  max mem: 5227
Epoch: [16/30] Total time: 0:00:24 (0.5485 s / it)
Averaged stats: lr: 0.000100  loss: 16.2581 (15.9364)  loss_mal: 0.5953 (0.5902)  loss_bbox: 0.0225 (0.0227)  loss_giou: 0.3213 (0.3085)  loss_fgl: 1.1847 (1.1762)  loss_mal_aux_0: 0.6631 (0.6521)  loss_bbox_aux_0: 0.0260 (0.0243)  loss_giou_aux_0: 0.3450 (0.3283)  loss_fgl_aux_0: 1.2038 (1.1962)  loss_ddf_aux_0: 0.0173 (0.0184)  loss_mal_aux_1: 0.6009 (0.5968)  loss_bbox_aux_1: 0.0229 (0.0228)  loss_giou_aux_1: 0.3209 (0.3091)  loss_fgl_aux_1: 1.1828 (1.1769)  loss_ddf_aux_1: 0.0008 (0.0008)  loss_mal_pre: 0.6577 (0.6503)  loss_bbox_pre: 0.0257 (0.0243)  loss_giou_pre: 0.3445 (0.3282)  loss_mal_enc_0: 0.7260 (0.7198)  loss_bbox_enc_0: 0.0287 (0.0280)  loss_giou_enc_0: 0.3781 (0.3731)  loss_mal_dn_0: 0.6678 (0.6556)  loss_bbox_dn_0: 0.0263 (0.0265)  loss_giou_dn_0: 0.3629 (0.3561)  loss_fgl_dn_0: 1.2331 (1.2176)  loss_ddf_dn_0: 0.1524 (0.1493)  loss_mal_dn_1: 0.5666 (0.5620)  loss_bbox_dn_1: 0.0200 (0.0195)  loss_giou_dn_1: 0.2745 (0.2691)  loss_fgl_dn_1: 1.1319 (1.1213)  loss_ddf_dn_1: 0.0071 (0.0062)  loss_mal_dn_2: 0.5657 (0.5584)  loss_bbox_dn_2: 0.0197 (0.0194)  loss_giou_dn_2: 0.2739 (0.2677)  loss_fgl_dn_2: 1.1301 (1.1201)  loss_ddf_dn_2: -0.0000 (0.0000)  loss_mal_dn_pre: 0.6696 (0.6589)  loss_bbox_dn_pre: 0.0263 (0.0265)  loss_giou_dn_pre: 0.3624 (0.3552)
Test:  [0/9]  eta: 0:00:03    time: 0.3415  data: 0.2511  max mem: 5227
Test:  [8/9]  eta: 0:00:00    time: 0.1540  data: 0.0439  max mem: 5227
Test: Total time: 0:00:01 (0.1597 s / it)
Metrics: {'f1': 0.975609756097561, 'precision': 0.9790209790209791, 'recall': 0.9722222222222222, 'iou': 0.6638787879424841, 'TPs': 140, 'FPs': 3, 'FNs': 4}
Averaged stats: 
Accumulating evaluation results...
COCOeval_opt.accumulate() finished...
DONE (t=0.01s).
IoU metric: bbox
 Average Precision  (AP) @[ IoU=0.50:0.95 | area=   all | maxDets=100 ] = 0.354
 Average Precision  (AP) @[ IoU=0.50      | area=   all | maxDets=100 ] = 0.977
 Average Precision  (AP) @[ IoU=0.75      | area=   all | maxDets=100 ] = 0.148
 Average Precision  (AP) @[ IoU=0.50:0.95 | area= small | maxDets=100 ] = 0.354
 Average Precision  (AP) @[ IoU=0.50:0.95 | area=medium | maxDets=100 ] = -1.000
 Average Precision  (AP) @[ IoU=0.50:0.95 | area= large | maxDets=100 ] = -1.000
 Average Recall     (AR) @[ IoU=0.50:0.95 | area=   all | maxDets=  1 ] = 0.203
 Average Recall     (AR) @[ IoU=0.50:0.95 | area=   all | maxDets= 10 ] = 0.466
 Average Recall     (AR) @[ IoU=0.50:0.95 | area=   all | maxDets=100 ] = 0.581
 Average Recall     (AR) @[ IoU=0.50:0.95 | area= small | maxDets=100 ] = 0.581
 Average Recall     (AR) @[ IoU=0.50:0.95 | area=medium | maxDets=100 ] = -1.000
 Average Recall     (AR) @[ IoU=0.50:0.95 | area= large | maxDets=100 ] = -1.000
 Average Recall     (AR) @[ IoU=0.50      | area=   all | maxDets=100 ] = 1.000
 Average Recall     (AR) @[ IoU=0.75      | area=   all | maxDets=100 ] = 0.597
best_stat: {'epoch': 7, 'coco_eval_bbox': 0.37201236408190996}
Epoch: [17/30]  [ 0/44]  eta: 0:00:37  lr: 0.000100  loss: 15.5833 (15.5833)  loss_mal: 0.5714 (0.5714)  loss_bbox: 0.0207 (0.0207)  loss_giou: 0.2764 (0.2764)  loss_fgl: 1.1755 (1.1755)  loss_mal_aux_0: 0.6717 (0.6717)  loss_bbox_aux_0: 0.0240 (0.0240)  loss_giou_aux_0: 0.3110 (0.3110)  loss_fgl_aux_0: 1.1963 (1.1963)  loss_ddf_aux_0: 0.0174 (0.0174)  loss_mal_aux_1: 0.5849 (0.5849)  loss_bbox_aux_1: 0.0210 (0.0210)  loss_giou_aux_1: 0.2795 (0.2795)  loss_fgl_aux_1: 1.1760 (1.1760)  loss_ddf_aux_1: 0.0011 (0.0011)  loss_mal_pre: 0.6733 (0.6733)  loss_bbox_pre: 0.0236 (0.0236)  loss_giou_pre: 0.3063 (0.3063)  loss_mal_enc_0: 0.7253 (0.7253)  loss_bbox_enc_0: 0.0272 (0.0272)  loss_giou_enc_0: 0.3512 (0.3512)  loss_mal_dn_0: 0.6358 (0.6358)  loss_bbox_dn_0: 0.0254 (0.0254)  loss_giou_dn_0: 0.3314 (0.3314)  loss_fgl_dn_0: 1.2079 (1.2079)  loss_ddf_dn_0: 0.1588 (0.1588)  loss_mal_dn_1: 0.5383 (0.5383)  loss_bbox_dn_1: 0.0179 (0.0179)  loss_giou_dn_1: 0.2443 (0.2443)  loss_fgl_dn_1: 1.0979 (1.0979)  loss_ddf_dn_1: 0.0090 (0.0090)  loss_mal_dn_2: 0.5345 (0.5345)  loss_bbox_dn_2: 0.0178 (0.0178)  loss_giou_dn_2: 0.2432 (0.2432)  loss_fgl_dn_2: 1.0963 (1.0963)  loss_ddf_dn_2: -0.0000 (0.0000)  loss_mal_dn_pre: 0.6388 (0.6388)  loss_bbox_dn_pre: 0.0251 (0.0251)  loss_giou_dn_pre: 0.3274 (0.3274)  time: 0.8508  data: 0.2678  max mem: 5227
Epoch: [17/30]  [10/44]  eta: 0:00:19  lr: 0.000100  loss: 15.3617 (15.3280)  loss_mal: 0.5607 (0.5645)  loss_bbox: 0.0200 (0.0193)  loss_giou: 0.2708 (0.2750)  loss_fgl: 1.1611 (1.1558)  loss_mal_aux_0: 0.6348 (0.6475)  loss_bbox_aux_0: 0.0212 (0.0211)  loss_giou_aux_0: 0.2898 (0.2947)  loss_fgl_aux_0: 1.1756 (1.1793)  loss_ddf_aux_0: 0.0187 (0.0181)  loss_mal_aux_1: 0.5731 (0.5762)  loss_bbox_aux_1: 0.0202 (0.0194)  loss_giou_aux_1: 0.2684 (0.2752)  loss_fgl_aux_1: 1.1609 (1.1562)  loss_ddf_aux_1: 0.0009 (0.0009)  loss_mal_pre: 0.6324 (0.6445)  loss_bbox_pre: 0.0212 (0.0210)  loss_giou_pre: 0.2896 (0.2932)  loss_mal_enc_0: 0.7041 (0.7014)  loss_bbox_enc_0: 0.0253 (0.0255)  loss_giou_enc_0: 0.3381 (0.3494)  loss_mal_dn_0: 0.6358 (0.6361)  loss_bbox_dn_0: 0.0240 (0.0230)  loss_giou_dn_0: 0.3220 (0.3208)  loss_fgl_dn_0: 1.1903 (1.1918)  loss_ddf_dn_0: 0.1422 (0.1435)  loss_mal_dn_1: 0.5381 (0.5370)  loss_bbox_dn_1: 0.0174 (0.0170)  loss_giou_dn_1: 0.2443 (0.2433)  loss_fgl_dn_1: 1.1007 (1.0992)  loss_ddf_dn_1: 0.0079 (0.0072)  loss_mal_dn_2: 0.5345 (0.5326)  loss_bbox_dn_2: 0.0173 (0.0168)  loss_giou_dn_2: 0.2432 (0.2414)  loss_fgl_dn_2: 1.0963 (1.0968)  loss_ddf_dn_2: -0.0000 (0.0000)  loss_mal_dn_pre: 0.6395 (0.6406)  loss_bbox_dn_pre: 0.0241 (0.0229)  loss_giou_dn_pre: 0.3203 (0.3196)  time: 0.5797  data: 0.0394  max mem: 5227
Epoch: [17/30]  [20/44]  eta: 0:00:13  lr: 0.000100  loss: 15.4390 (15.5110)  loss_mal: 0.5691 (0.5737)  loss_bbox: 0.0203 (0.0205)  loss_giou: 0.2762 (0.2850)  loss_fgl: 1.1552 (1.1575)  loss_mal_aux_0: 0.6441 (0.6491)  loss_bbox_aux_0: 0.0216 (0.0222)  loss_giou_aux_0: 0.2931 (0.3036)  loss_fgl_aux_0: 1.1745 (1.1791)  loss_ddf_aux_0: 0.0184 (0.0180)  loss_mal_aux_1: 0.5866 (0.5867)  loss_bbox_aux_1: 0.0204 (0.0207)  loss_giou_aux_1: 0.2774 (0.2863)  loss_fgl_aux_1: 1.1526 (1.1589)  loss_ddf_aux_1: 0.0009 (0.0009)  loss_mal_pre: 0.6416 (0.6462)  loss_bbox_pre: 0.0218 (0.0221)  loss_giou_pre: 0.2941 (0.3024)  loss_mal_enc_0: 0.7003 (0.7051)  loss_bbox_enc_0: 0.0253 (0.0258)  loss_giou_enc_0: 0.3343 (0.3480)  loss_mal_dn_0: 0.6387 (0.6427)  loss_bbox_dn_0: 0.0244 (0.0245)  loss_giou_dn_0: 0.3286 (0.3340)  loss_fgl_dn_0: 1.1945 (1.2023)  loss_ddf_dn_0: 0.1422 (0.1520)  loss_mal_dn_1: 0.5508 (0.5446)  loss_bbox_dn_1: 0.0175 (0.0179)  loss_giou_dn_1: 0.2528 (0.2514)  loss_fgl_dn_1: 1.1015 (1.1069)  loss_ddf_dn_1: 0.0071 (0.0078)  loss_mal_dn_2: 0.5447 (0.5405)  loss_bbox_dn_2: 0.0174 (0.0177)  loss_giou_dn_2: 0.2511 (0.2492)  loss_fgl_dn_2: 1.0982 (1.1042)  loss_ddf_dn_2: -0.0000 (0.0000)  loss_mal_dn_pre: 0.6423 (0.6465)  loss_bbox_dn_pre: 0.0242 (0.0244)  loss_giou_dn_pre: 0.3284 (0.3325)  time: 0.5589  data: 0.0173  max mem: 5227
Epoch: [17/30]  [30/44]  eta: 0:00:07  lr: 0.000100  loss: 15.7449 (15.6982)  loss_mal: 0.5914 (0.5803)  loss_bbox: 0.0219 (0.0214)  loss_giou: 0.2960 (0.2937)  loss_fgl: 1.1523 (1.1620)  loss_mal_aux_0: 0.6546 (0.6525)  loss_bbox_aux_0: 0.0239 (0.0232)  loss_giou_aux_0: 0.3218 (0.3138)  loss_fgl_aux_0: 1.1799 (1.1852)  loss_ddf_aux_0: 0.0168 (0.0175)  loss_mal_aux_1: 0.5966 (0.5917)  loss_bbox_aux_1: 0.0220 (0.0215)  loss_giou_aux_1: 0.2944 (0.2942)  loss_fgl_aux_1: 1.1526 (1.1630)  loss_ddf_aux_1: 0.0009 (0.0009)  loss_mal_pre: 0.6500 (0.6491)  loss_bbox_pre: 0.0233 (0.0230)  loss_giou_pre: 0.3171 (0.3120)  loss_mal_enc_0: 0.7119 (0.7124)  loss_bbox_enc_0: 0.0273 (0.0271)  loss_giou_enc_0: 0.3528 (0.3620)  loss_mal_dn_0: 0.6553 (0.6481)  loss_bbox_dn_0: 0.0277 (0.0256)  loss_giou_dn_0: 0.3643 (0.3458)  loss_fgl_dn_0: 1.2215 (1.2108)  loss_ddf_dn_0: 0.1598 (0.1561)  loss_mal_dn_1: 0.5531 (0.5511)  loss_bbox_dn_1: 0.0191 (0.0186)  loss_giou_dn_1: 0.2605 (0.2588)  loss_fgl_dn_1: 1.1106 (1.1137)  loss_ddf_dn_1: 0.0092 (0.0084)  loss_mal_dn_2: 0.5492 (0.5475)  loss_bbox_dn_2: 0.0191 (0.0185)  loss_giou_dn_2: 0.2620 (0.2571)  loss_fgl_dn_2: 1.1126 (1.1119)  loss_ddf_dn_2: -0.0000 (0.0000)  loss_mal_dn_pre: 0.6552 (0.6509)  loss_bbox_dn_pre: 0.0270 (0.0254)  loss_giou_dn_pre: 0.3582 (0.3434)  time: 0.5515  data: 0.0169  max mem: 5227
Epoch: [17/30]  [40/44]  eta: 0:00:02  lr: 0.000100  loss: 15.6880 (15.7076)  loss_mal: 0.5880 (0.5842)  loss_bbox: 0.0218 (0.0215)  loss_giou: 0.2959 (0.2934)  loss_fgl: 1.1623 (1.1654)  loss_mal_aux_0: 0.6552 (0.6532)  loss_bbox_aux_0: 0.0233 (0.0231)  loss_giou_aux_0: 0.3218 (0.3125)  loss_fgl_aux_0: 1.1842 (1.1872)  loss_ddf_aux_0: 0.0170 (0.0176)  loss_mal_aux_1: 0.5936 (0.5934)  loss_bbox_aux_1: 0.0214 (0.0216)  loss_giou_aux_1: 0.2944 (0.2939)  loss_fgl_aux_1: 1.1590 (1.1664)  loss_ddf_aux_1: 0.0008 (0.0009)  loss_mal_pre: 0.6500 (0.6503)  loss_bbox_pre: 0.0230 (0.0230)  loss_giou_pre: 0.3171 (0.3110)  loss_mal_enc_0: 0.7140 (0.7110)  loss_bbox_enc_0: 0.0270 (0.0272)  loss_giou_enc_0: 0.3689 (0.3618)  loss_mal_dn_0: 0.6522 (0.6472)  loss_bbox_dn_0: 0.0265 (0.0255)  loss_giou_dn_0: 0.3557 (0.3435)  loss_fgl_dn_0: 1.2060 (1.2098)  loss_ddf_dn_0: 0.1625 (0.1583)  loss_mal_dn_1: 0.5481 (0.5514)  loss_bbox_dn_1: 0.0194 (0.0187)  loss_giou_dn_1: 0.2605 (0.2585)  loss_fgl_dn_1: 1.1133 (1.1141)  loss_ddf_dn_1: 0.0106 (0.0090)  loss_mal_dn_2: 0.5487 (0.5484)  loss_bbox_dn_2: 0.0192 (0.0185)  loss_giou_dn_2: 0.2620 (0.2568)  loss_fgl_dn_2: 1.1147 (1.1125)  loss_ddf_dn_2: -0.0000 (0.0000)  loss_mal_dn_pre: 0.6508 (0.6503)  loss_bbox_dn_pre: 0.0265 (0.0253)  loss_giou_dn_pre: 0.3528 (0.3414)  time: 0.5657  data: 0.0153  max mem: 5227
Epoch: [17/30]  [43/44]  eta: 0:00:00  lr: 0.000100  loss: 15.7736 (15.7514)  loss_mal: 0.5880 (0.5859)  loss_bbox: 0.0218 (0.0217)  loss_giou: 0.2960 (0.2966)  loss_fgl: 1.1692 (1.1678)  loss_mal_aux_0: 0.6601 (0.6544)  loss_bbox_aux_0: 0.0234 (0.0233)  loss_giou_aux_0: 0.3236 (0.3158)  loss_fgl_aux_0: 1.1952 (1.1898)  loss_ddf_aux_0: 0.0179 (0.0177)  loss_mal_aux_1: 0.5966 (0.5952)  loss_bbox_aux_1: 0.0217 (0.0217)  loss_giou_aux_1: 0.2947 (0.2971)  loss_fgl_aux_1: 1.1691 (1.1689)  loss_ddf_aux_1: 0.0008 (0.0009)  loss_mal_pre: 0.6587 (0.6513)  loss_bbox_pre: 0.0233 (0.0232)  loss_giou_pre: 0.3179 (0.3144)  loss_mal_enc_0: 0.7162 (0.7118)  loss_bbox_enc_0: 0.0283 (0.0273)  loss_giou_enc_0: 0.3736 (0.3642)  loss_mal_dn_0: 0.6541 (0.6479)  loss_bbox_dn_0: 0.0265 (0.0256)  loss_giou_dn_0: 0.3654 (0.3453)  loss_fgl_dn_0: 1.2060 (1.2112)  loss_ddf_dn_0: 0.1671 (0.1596)  loss_mal_dn_1: 0.5587 (0.5525)  loss_bbox_dn_1: 0.0194 (0.0187)  loss_giou_dn_1: 0.2685 (0.2597)  loss_fgl_dn_1: 1.1133 (1.1144)  loss_ddf_dn_1: 0.0108 (0.0091)  loss_mal_dn_2: 0.5559 (0.5497)  loss_bbox_dn_2: 0.0192 (0.0186)  loss_giou_dn_2: 0.2640 (0.2580)  loss_fgl_dn_2: 1.1126 (1.1128)  loss_ddf_dn_2: -0.0000 (0.0000)  loss_mal_dn_pre: 0.6552 (0.6509)  loss_bbox_dn_pre: 0.0265 (0.0254)  loss_giou_dn_pre: 0.3582 (0.3432)  time: 0.5712  data: 0.0148  max mem: 5227
Epoch: [17/30] Total time: 0:00:24 (0.5679 s / it)
Averaged stats: lr: 0.000100  loss: 15.7736 (15.7514)  loss_mal: 0.5880 (0.5859)  loss_bbox: 0.0218 (0.0217)  loss_giou: 0.2960 (0.2966)  loss_fgl: 1.1692 (1.1678)  loss_mal_aux_0: 0.6601 (0.6544)  loss_bbox_aux_0: 0.0234 (0.0233)  loss_giou_aux_0: 0.3236 (0.3158)  loss_fgl_aux_0: 1.1952 (1.1898)  loss_ddf_aux_0: 0.0179 (0.0177)  loss_mal_aux_1: 0.5966 (0.5952)  loss_bbox_aux_1: 0.0217 (0.0217)  loss_giou_aux_1: 0.2947 (0.2971)  loss_fgl_aux_1: 1.1691 (1.1689)  loss_ddf_aux_1: 0.0008 (0.0009)  loss_mal_pre: 0.6587 (0.6513)  loss_bbox_pre: 0.0233 (0.0232)  loss_giou_pre: 0.3179 (0.3144)  loss_mal_enc_0: 0.7162 (0.7118)  loss_bbox_enc_0: 0.0283 (0.0273)  loss_giou_enc_0: 0.3736 (0.3642)  loss_mal_dn_0: 0.6541 (0.6479)  loss_bbox_dn_0: 0.0265 (0.0256)  loss_giou_dn_0: 0.3654 (0.3453)  loss_fgl_dn_0: 1.2060 (1.2112)  loss_ddf_dn_0: 0.1671 (0.1596)  loss_mal_dn_1: 0.5587 (0.5525)  loss_bbox_dn_1: 0.0194 (0.0187)  loss_giou_dn_1: 0.2685 (0.2597)  loss_fgl_dn_1: 1.1133 (1.1144)  loss_ddf_dn_1: 0.0108 (0.0091)  loss_mal_dn_2: 0.5559 (0.5497)  loss_bbox_dn_2: 0.0192 (0.0186)  loss_giou_dn_2: 0.2640 (0.2580)  loss_fgl_dn_2: 1.1126 (1.1128)  loss_ddf_dn_2: -0.0000 (0.0000)  loss_mal_dn_pre: 0.6552 (0.6509)  loss_bbox_dn_pre: 0.0265 (0.0254)  loss_giou_dn_pre: 0.3582 (0.3432)
Test:  [0/9]  eta: 0:00:03    time: 0.3345  data: 0.2546  max mem: 5227
Test:  [8/9]  eta: 0:00:00    time: 0.1766  data: 0.0422  max mem: 5227
Test: Total time: 0:00:01 (0.1809 s / it)
Metrics: {'f1': 0.9757785467128027, 'precision': 0.9724137931034482, 'recall': 0.9791666666666666, 'iou': 0.663823500678346, 'TPs': 141, 'FPs': 4, 'FNs': 3}
Averaged stats: 
Accumulating evaluation results...
COCOeval_opt.accumulate() finished...
DONE (t=0.01s).
IoU metric: bbox
 Average Precision  (AP) @[ IoU=0.50:0.95 | area=   all | maxDets=100 ] = 0.352
 Average Precision  (AP) @[ IoU=0.50      | area=   all | maxDets=100 ] = 0.977
 Average Precision  (AP) @[ IoU=0.75      | area=   all | maxDets=100 ] = 0.139
 Average Precision  (AP) @[ IoU=0.50:0.95 | area= small | maxDets=100 ] = 0.353
 Average Precision  (AP) @[ IoU=0.50:0.95 | area=medium | maxDets=100 ] = -1.000
 Average Precision  (AP) @[ IoU=0.50:0.95 | area= large | maxDets=100 ] = -1.000
 Average Recall     (AR) @[ IoU=0.50:0.95 | area=   all | maxDets=  1 ] = 0.200
 Average Recall     (AR) @[ IoU=0.50:0.95 | area=   all | maxDets= 10 ] = 0.465
 Average Recall     (AR) @[ IoU=0.50:0.95 | area=   all | maxDets=100 ] = 0.579
 Average Recall     (AR) @[ IoU=0.50:0.95 | area= small | maxDets=100 ] = 0.579
 Average Recall     (AR) @[ IoU=0.50:0.95 | area=medium | maxDets=100 ] = -1.000
 Average Recall     (AR) @[ IoU=0.50:0.95 | area= large | maxDets=100 ] = -1.000
 Average Recall     (AR) @[ IoU=0.50      | area=   all | maxDets=100 ] = 1.000
 Average Recall     (AR) @[ IoU=0.75      | area=   all | maxDets=100 ] = 0.583
best_stat: {'epoch': 7, 'coco_eval_bbox': 0.37201236408190996}
Epoch: [18/30]  [ 0/44]  eta: 0:00:37  lr: 0.000100  loss: 16.1718 (16.1718)  loss_mal: 0.5875 (0.5875)  loss_bbox: 0.0216 (0.0216)  loss_giou: 0.3160 (0.3160)  loss_fgl: 1.1679 (1.1679)  loss_mal_aux_0: 0.6401 (0.6401)  loss_bbox_aux_0: 0.0245 (0.0245)  loss_giou_aux_0: 0.3561 (0.3561)  loss_fgl_aux_0: 1.1983 (1.1983)  loss_ddf_aux_0: 0.0184 (0.0184)  loss_mal_aux_1: 0.5933 (0.5933)  loss_bbox_aux_1: 0.0216 (0.0216)  loss_giou_aux_1: 0.3176 (0.3176)  loss_fgl_aux_1: 1.1716 (1.1716)  loss_ddf_aux_1: 0.0012 (0.0012)  loss_mal_pre: 0.6372 (0.6372)  loss_bbox_pre: 0.0243 (0.0243)  loss_giou_pre: 0.3543 (0.3543)  loss_mal_enc_0: 0.7185 (0.7185)  loss_bbox_enc_0: 0.0268 (0.0268)  loss_giou_enc_0: 0.3870 (0.3870)  loss_mal_dn_0: 0.6863 (0.6863)  loss_bbox_dn_0: 0.0288 (0.0288)  loss_giou_dn_0: 0.4033 (0.4033)  loss_fgl_dn_0: 1.2471 (1.2471)  loss_ddf_dn_0: 0.1388 (0.1388)  loss_mal_dn_1: 0.5656 (0.5656)  loss_bbox_dn_1: 0.0192 (0.0192)  loss_giou_dn_1: 0.2857 (0.2857)  loss_fgl_dn_1: 1.1137 (1.1137)  loss_ddf_dn_1: 0.0069 (0.0069)  loss_mal_dn_2: 0.5681 (0.5681)  loss_bbox_dn_2: 0.0189 (0.0189)  loss_giou_dn_2: 0.2828 (0.2828)  loss_fgl_dn_2: 1.1106 (1.1106)  loss_ddf_dn_2: -0.0000 (0.0000)  loss_mal_dn_pre: 0.6862 (0.6862)  loss_bbox_dn_pre: 0.0283 (0.0283)  loss_giou_dn_pre: 0.3975 (0.3975)  time: 0.8583  data: 0.3011  max mem: 5227
Epoch: [18/30]  [10/44]  eta: 0:00:19  lr: 0.000100  loss: 15.1068 (14.9871)  loss_mal: 0.5526 (0.5552)  loss_bbox: 0.0206 (0.0190)  loss_giou: 0.2598 (0.2607)  loss_fgl: 1.1314 (1.1306)  loss_mal_aux_0: 0.6161 (0.6228)  loss_bbox_aux_0: 0.0211 (0.0199)  loss_giou_aux_0: 0.2768 (0.2724)  loss_fgl_aux_0: 1.1456 (1.1463)  loss_ddf_aux_0: 0.0184 (0.0189)  loss_mal_aux_1: 0.5746 (0.5705)  loss_bbox_aux_1: 0.0205 (0.0189)  loss_giou_aux_1: 0.2614 (0.2599)  loss_fgl_aux_1: 1.1295 (1.1299)  loss_ddf_aux_1: 0.0010 (0.0009)  loss_mal_pre: 0.6160 (0.6201)  loss_bbox_pre: 0.0211 (0.0199)  loss_giou_pre: 0.2761 (0.2718)  loss_mal_enc_0: 0.6802 (0.6885)  loss_bbox_enc_0: 0.0235 (0.0232)  loss_giou_enc_0: 0.3069 (0.3152)  loss_mal_dn_0: 0.6347 (0.6322)  loss_bbox_dn_0: 0.0238 (0.0236)  loss_giou_dn_0: 0.3193 (0.3177)  loss_fgl_dn_0: 1.1826 (1.1856)  loss_ddf_dn_0: 0.1456 (0.1563)  loss_mal_dn_1: 0.5269 (0.5292)  loss_bbox_dn_1: 0.0174 (0.0170)  loss_giou_dn_1: 0.2329 (0.2365)  loss_fgl_dn_1: 1.0776 (1.0787)  loss_ddf_dn_1: 0.0086 (0.0106)  loss_mal_dn_2: 0.5235 (0.5272)  loss_bbox_dn_2: 0.0171 (0.0170)  loss_giou_dn_2: 0.2331 (0.2362)  loss_fgl_dn_2: 1.0775 (1.0785)  loss_ddf_dn_2: -0.0000 (0.0000)  loss_mal_dn_pre: 0.6383 (0.6365)  loss_bbox_dn_pre: 0.0238 (0.0235)  loss_giou_dn_pre: 0.3176 (0.3162)  time: 0.5763  data: 0.0399  max mem: 5227
Epoch: [18/30]  [20/44]  eta: 0:00:13  lr: 0.000100  loss: 14.8724 (15.2010)  loss_mal: 0.5499 (0.5601)  loss_bbox: 0.0197 (0.0197)  loss_giou: 0.2581 (0.2698)  loss_fgl: 1.1309 (1.1413)  loss_mal_aux_0: 0.6274 (0.6357)  loss_bbox_aux_0: 0.0210 (0.0209)  loss_giou_aux_0: 0.2768 (0.2848)  loss_fgl_aux_0: 1.1456 (1.1597)  loss_ddf_aux_0: 0.0164 (0.0179)  loss_mal_aux_1: 0.5578 (0.5689)  loss_bbox_aux_1: 0.0199 (0.0197)  loss_giou_aux_1: 0.2579 (0.2692)  loss_fgl_aux_1: 1.1295 (1.1412)  loss_ddf_aux_1: 0.0009 (0.0009)  loss_mal_pre: 0.6241 (0.6326)  loss_bbox_pre: 0.0210 (0.0208)  loss_giou_pre: 0.2761 (0.2837)  loss_mal_enc_0: 0.6898 (0.7029)  loss_bbox_enc_0: 0.0235 (0.0249)  loss_giou_enc_0: 0.3256 (0.3344)  loss_mal_dn_0: 0.6306 (0.6324)  loss_bbox_dn_0: 0.0237 (0.0238)  loss_giou_dn_0: 0.3184 (0.3205)  loss_fgl_dn_0: 1.1826 (1.1951)  loss_ddf_dn_0: 0.1456 (0.1530)  loss_mal_dn_1: 0.5269 (0.5361)  loss_bbox_dn_1: 0.0174 (0.0176)  loss_giou_dn_1: 0.2348 (0.2434)  loss_fgl_dn_1: 1.0815 (1.0940)  loss_ddf_dn_1: 0.0086 (0.0096)  loss_mal_dn_2: 0.5255 (0.5337)  loss_bbox_dn_2: 0.0171 (0.0176)  loss_giou_dn_2: 0.2331 (0.2430)  loss_fgl_dn_2: 1.0776 (1.0931)  loss_ddf_dn_2: -0.0000 (0.0000)  loss_mal_dn_pre: 0.6356 (0.6369)  loss_bbox_dn_pre: 0.0235 (0.0236)  loss_giou_dn_pre: 0.3176 (0.3185)  time: 0.5556  data: 0.0147  max mem: 5227
Epoch: [18/30]  [30/44]  eta: 0:00:07  lr: 0.000100  loss: 15.3451 (15.3763)  loss_mal: 0.5670 (0.5680)  loss_bbox: 0.0200 (0.0203)  loss_giou: 0.2771 (0.2776)  loss_fgl: 1.1515 (1.1521)  loss_mal_aux_0: 0.6488 (0.6400)  loss_bbox_aux_0: 0.0214 (0.0215)  loss_giou_aux_0: 0.2869 (0.2923)  loss_fgl_aux_0: 1.1583 (1.1686)  loss_ddf_aux_0: 0.0164 (0.0176)  loss_mal_aux_1: 0.5747 (0.5772)  loss_bbox_aux_1: 0.0202 (0.0203)  loss_giou_aux_1: 0.2800 (0.2773)  loss_fgl_aux_1: 1.1511 (1.1520)  loss_ddf_aux_1: 0.0008 (0.0008)  loss_mal_pre: 0.6471 (0.6371)  loss_bbox_pre: 0.0214 (0.0214)  loss_giou_pre: 0.2886 (0.2914)  loss_mal_enc_0: 0.7018 (0.7042)  loss_bbox_enc_0: 0.0252 (0.0254)  loss_giou_enc_0: 0.3349 (0.3417)  loss_mal_dn_0: 0.6389 (0.6375)  loss_bbox_dn_0: 0.0239 (0.0243)  loss_giou_dn_0: 0.3231 (0.3289)  loss_fgl_dn_0: 1.1995 (1.2069)  loss_ddf_dn_0: 0.1446 (0.1504)  loss_mal_dn_1: 0.5445 (0.5415)  loss_bbox_dn_1: 0.0176 (0.0180)  loss_giou_dn_1: 0.2503 (0.2490)  loss_fgl_dn_1: 1.1045 (1.1044)  loss_ddf_dn_1: 0.0078 (0.0087)  loss_mal_dn_2: 0.5374 (0.5385)  loss_bbox_dn_2: 0.0175 (0.0179)  loss_giou_dn_2: 0.2489 (0.2479)  loss_fgl_dn_2: 1.1053 (1.1029)  loss_ddf_dn_2: -0.0000 (0.0000)  loss_mal_dn_pre: 0.6437 (0.6418)  loss_bbox_dn_pre: 0.0238 (0.0241)  loss_giou_dn_pre: 0.3197 (0.3268)  time: 0.5462  data: 0.0157  max mem: 5227
Epoch: [18/30]  [40/44]  eta: 0:00:02  lr: 0.000100  loss: 15.6279 (15.3949)  loss_mal: 0.5730 (0.5700)  loss_bbox: 0.0209 (0.0206)  loss_giou: 0.2939 (0.2812)  loss_fgl: 1.1600 (1.1530)  loss_mal_aux_0: 0.6459 (0.6368)  loss_bbox_aux_0: 0.0226 (0.0216)  loss_giou_aux_0: 0.2907 (0.2955)  loss_fgl_aux_0: 1.1646 (1.1687)  loss_ddf_aux_0: 0.0166 (0.0173)  loss_mal_aux_1: 0.6014 (0.5780)  loss_bbox_aux_1: 0.0211 (0.0205)  loss_giou_aux_1: 0.2921 (0.2809)  loss_fgl_aux_1: 1.1604 (1.1533)  loss_ddf_aux_1: 0.0007 (0.0008)  loss_mal_pre: 0.6440 (0.6349)  loss_bbox_pre: 0.0226 (0.0216)  loss_giou_pre: 0.2914 (0.2949)  loss_mal_enc_0: 0.7014 (0.7040)  loss_bbox_enc_0: 0.0252 (0.0254)  loss_giou_enc_0: 0.3349 (0.3434)  loss_mal_dn_0: 0.6375 (0.6370)  loss_bbox_dn_0: 0.0245 (0.0242)  loss_giou_dn_0: 0.3283 (0.3283)  loss_fgl_dn_0: 1.1960 (1.2017)  loss_ddf_dn_0: 0.1462 (0.1518)  loss_mal_dn_1: 0.5526 (0.5437)  loss_bbox_dn_1: 0.0182 (0.0181)  loss_giou_dn_1: 0.2635 (0.2511)  loss_fgl_dn_1: 1.1088 (1.1043)  loss_ddf_dn_1: 0.0076 (0.0087)  loss_mal_dn_2: 0.5539 (0.5410)  loss_bbox_dn_2: 0.0177 (0.0180)  loss_giou_dn_2: 0.2651 (0.2500)  loss_fgl_dn_2: 1.1084 (1.1029)  loss_ddf_dn_2: -0.0000 (0.0000)  loss_mal_dn_pre: 0.6426 (0.6415)  loss_bbox_dn_pre: 0.0242 (0.0241)  loss_giou_dn_pre: 0.3283 (0.3264)  time: 0.5504  data: 0.0158  max mem: 5227
Epoch: [18/30]  [43/44]  eta: 0:00:00  lr: 0.000100  loss: 15.7910 (15.4732)  loss_mal: 0.5936 (0.5736)  loss_bbox: 0.0210 (0.0210)  loss_giou: 0.3086 (0.2862)  loss_fgl: 1.1675 (1.1552)  loss_mal_aux_0: 0.6488 (0.6391)  loss_bbox_aux_0: 0.0230 (0.0221)  loss_giou_aux_0: 0.3301 (0.3001)  loss_fgl_aux_0: 1.1823 (1.1711)  loss_ddf_aux_0: 0.0166 (0.0172)  loss_mal_aux_1: 0.6081 (0.5822)  loss_bbox_aux_1: 0.0212 (0.0210)  loss_giou_aux_1: 0.3135 (0.2860)  loss_fgl_aux_1: 1.1701 (1.1556)  loss_ddf_aux_1: 0.0007 (0.0008)  loss_mal_pre: 0.6484 (0.6370)  loss_bbox_pre: 0.0231 (0.0220)  loss_giou_pre: 0.3305 (0.2995)  loss_mal_enc_0: 0.7158 (0.7049)  loss_bbox_enc_0: 0.0260 (0.0257)  loss_giou_enc_0: 0.3543 (0.3464)  loss_mal_dn_0: 0.6530 (0.6392)  loss_bbox_dn_0: 0.0247 (0.0246)  loss_giou_dn_0: 0.3576 (0.3322)  loss_fgl_dn_0: 1.1995 (1.2035)  loss_ddf_dn_0: 0.1480 (0.1523)  loss_mal_dn_1: 0.5637 (0.5469)  loss_bbox_dn_1: 0.0194 (0.0184)  loss_giou_dn_1: 0.2714 (0.2545)  loss_fgl_dn_1: 1.1136 (1.1066)  loss_ddf_dn_1: 0.0076 (0.0087)  loss_mal_dn_2: 0.5581 (0.5441)  loss_bbox_dn_2: 0.0195 (0.0183)  loss_giou_dn_2: 0.2706 (0.2534)  loss_fgl_dn_2: 1.1171 (1.1052)  loss_ddf_dn_2: -0.0000 (0.0000)  loss_mal_dn_pre: 0.6566 (0.6436)  loss_bbox_dn_pre: 0.0243 (0.0245)  loss_giou_dn_pre: 0.3556 (0.3305)  time: 0.5551  data: 0.0157  max mem: 5227
Epoch: [18/30] Total time: 0:00:24 (0.5597 s / it)
Averaged stats: lr: 0.000100  loss: 15.7910 (15.4732)  loss_mal: 0.5936 (0.5736)  loss_bbox: 0.0210 (0.0210)  loss_giou: 0.3086 (0.2862)  loss_fgl: 1.1675 (1.1552)  loss_mal_aux_0: 0.6488 (0.6391)  loss_bbox_aux_0: 0.0230 (0.0221)  loss_giou_aux_0: 0.3301 (0.3001)  loss_fgl_aux_0: 1.1823 (1.1711)  loss_ddf_aux_0: 0.0166 (0.0172)  loss_mal_aux_1: 0.6081 (0.5822)  loss_bbox_aux_1: 0.0212 (0.0210)  loss_giou_aux_1: 0.3135 (0.2860)  loss_fgl_aux_1: 1.1701 (1.1556)  loss_ddf_aux_1: 0.0007 (0.0008)  loss_mal_pre: 0.6484 (0.6370)  loss_bbox_pre: 0.0231 (0.0220)  loss_giou_pre: 0.3305 (0.2995)  loss_mal_enc_0: 0.7158 (0.7049)  loss_bbox_enc_0: 0.0260 (0.0257)  loss_giou_enc_0: 0.3543 (0.3464)  loss_mal_dn_0: 0.6530 (0.6392)  loss_bbox_dn_0: 0.0247 (0.0246)  loss_giou_dn_0: 0.3576 (0.3322)  loss_fgl_dn_0: 1.1995 (1.2035)  loss_ddf_dn_0: 0.1480 (0.1523)  loss_mal_dn_1: 0.5637 (0.5469)  loss_bbox_dn_1: 0.0194 (0.0184)  loss_giou_dn_1: 0.2714 (0.2545)  loss_fgl_dn_1: 1.1136 (1.1066)  loss_ddf_dn_1: 0.0076 (0.0087)  loss_mal_dn_2: 0.5581 (0.5441)  loss_bbox_dn_2: 0.0195 (0.0183)  loss_giou_dn_2: 0.2706 (0.2534)  loss_fgl_dn_2: 1.1171 (1.1052)  loss_ddf_dn_2: -0.0000 (0.0000)  loss_mal_dn_pre: 0.6566 (0.6436)  loss_bbox_dn_pre: 0.0243 (0.0245)  loss_giou_dn_pre: 0.3556 (0.3305)
Test:  [0/9]  eta: 0:00:03    time: 0.3430  data: 0.2348  max mem: 5227
Test:  [8/9]  eta: 0:00:00    time: 0.1513  data: 0.0397  max mem: 5227
Test: Total time: 0:00:01 (0.1558 s / it)
Metrics: {'f1': 0.9826989619377162, 'precision': 0.9793103448275862, 'recall': 0.9861111111111112, 'iou': 0.672402510432159, 'TPs': 142, 'FPs': 3, 'FNs': 2}
Averaged stats: 
Accumulating evaluation results...
COCOeval_opt.accumulate() finished...
DONE (t=0.01s).
IoU metric: bbox
 Average Precision  (AP) @[ IoU=0.50:0.95 | area=   all | maxDets=100 ] = 0.352
 Average Precision  (AP) @[ IoU=0.50      | area=   all | maxDets=100 ] = 0.978
 Average Precision  (AP) @[ IoU=0.75      | area=   all | maxDets=100 ] = 0.143
 Average Precision  (AP) @[ IoU=0.50:0.95 | area= small | maxDets=100 ] = 0.352
 Average Precision  (AP) @[ IoU=0.50:0.95 | area=medium | maxDets=100 ] = -1.000
 Average Precision  (AP) @[ IoU=0.50:0.95 | area= large | maxDets=100 ] = -1.000
 Average Recall     (AR) @[ IoU=0.50:0.95 | area=   all | maxDets=  1 ] = 0.199
 Average Recall     (AR) @[ IoU=0.50:0.95 | area=   all | maxDets= 10 ] = 0.463
 Average Recall     (AR) @[ IoU=0.50:0.95 | area=   all | maxDets=100 ] = 0.574
 Average Recall     (AR) @[ IoU=0.50:0.95 | area= small | maxDets=100 ] = 0.574
 Average Recall     (AR) @[ IoU=0.50:0.95 | area=medium | maxDets=100 ] = -1.000
 Average Recall     (AR) @[ IoU=0.50:0.95 | area= large | maxDets=100 ] = -1.000
 Average Recall     (AR) @[ IoU=0.50      | area=   all | maxDets=100 ] = 1.000
 Average Recall     (AR) @[ IoU=0.75      | area=   all | maxDets=100 ] = 0.583
best_stat: {'epoch': 7, 'coco_eval_bbox': 0.37201236408190996}
Epoch: [19/30]  [ 0/44]  eta: 0:00:36  lr: 0.000100  loss: 16.2469 (16.2469)  loss_mal: 0.6105 (0.6105)  loss_bbox: 0.0234 (0.0234)  loss_giou: 0.3568 (0.3568)  loss_fgl: 1.1581 (1.1581)  loss_mal_aux_0: 0.6635 (0.6635)  loss_bbox_aux_0: 0.0242 (0.0242)  loss_giou_aux_0: 0.3680 (0.3680)  loss_fgl_aux_0: 1.1628 (1.1628)  loss_ddf_aux_0: 0.0157 (0.0157)  loss_mal_aux_1: 0.6346 (0.6346)  loss_bbox_aux_1: 0.0235 (0.0235)  loss_giou_aux_1: 0.3581 (0.3581)  loss_fgl_aux_1: 1.1567 (1.1567)  loss_ddf_aux_1: 0.0006 (0.0006)  loss_mal_pre: 0.6600 (0.6600)  loss_bbox_pre: 0.0242 (0.0242)  loss_giou_pre: 0.3677 (0.3677)  loss_mal_enc_0: 0.6921 (0.6921)  loss_bbox_enc_0: 0.0270 (0.0270)  loss_giou_enc_0: 0.3945 (0.3945)  loss_mal_dn_0: 0.6724 (0.6724)  loss_bbox_dn_0: 0.0259 (0.0259)  loss_giou_dn_0: 0.3838 (0.3838)  loss_fgl_dn_0: 1.1874 (1.1874)  loss_ddf_dn_0: 0.1641 (0.1641)  loss_mal_dn_1: 0.5840 (0.5840)  loss_bbox_dn_1: 0.0190 (0.0190)  loss_giou_dn_1: 0.2908 (0.2908)  loss_fgl_dn_1: 1.1074 (1.1074)  loss_ddf_dn_1: 0.0081 (0.0081)  loss_mal_dn_2: 0.5785 (0.5785)  loss_bbox_dn_2: 0.0189 (0.0189)  loss_giou_dn_2: 0.2909 (0.2909)  loss_fgl_dn_2: 1.1106 (1.1106)  loss_ddf_dn_2: -0.0000 (0.0000)  loss_mal_dn_pre: 0.6751 (0.6751)  loss_bbox_dn_pre: 0.0258 (0.0258)  loss_giou_dn_pre: 0.3820 (0.3820)  time: 0.8245  data: 0.2626  max mem: 5227
Epoch: [19/30]  [10/44]  eta: 0:00:18  lr: 0.000100  loss: 14.9014 (15.1164)  loss_mal: 0.5445 (0.5551)  loss_bbox: 0.0195 (0.0196)  loss_giou: 0.2501 (0.2724)  loss_fgl: 1.1320 (1.1380)  loss_mal_aux_0: 0.6212 (0.6230)  loss_bbox_aux_0: 0.0208 (0.0206)  loss_giou_aux_0: 0.2689 (0.2845)  loss_fgl_aux_0: 1.1550 (1.1565)  loss_ddf_aux_0: 0.0157 (0.0153)  loss_mal_aux_1: 0.5524 (0.5636)  loss_bbox_aux_1: 0.0194 (0.0196)  loss_giou_aux_1: 0.2498 (0.2721)  loss_fgl_aux_1: 1.1315 (1.1376)  loss_ddf_aux_1: 0.0006 (0.0006)  loss_mal_pre: 0.6178 (0.6210)  loss_bbox_pre: 0.0206 (0.0205)  loss_giou_pre: 0.2654 (0.2829)  loss_mal_enc_0: 0.7039 (0.6976)  loss_bbox_enc_0: 0.0256 (0.0252)  loss_giou_enc_0: 0.3410 (0.3397)  loss_mal_dn_0: 0.6233 (0.6300)  loss_bbox_dn_0: 0.0240 (0.0236)  loss_giou_dn_0: 0.3108 (0.3188)  loss_fgl_dn_0: 1.1864 (1.1889)  loss_ddf_dn_0: 0.1501 (0.1448)  loss_mal_dn_1: 0.5312 (0.5346)  loss_bbox_dn_1: 0.0174 (0.0175)  loss_giou_dn_1: 0.2354 (0.2421)  loss_fgl_dn_1: 1.0887 (1.0904)  loss_ddf_dn_1: 0.0072 (0.0070)  loss_mal_dn_2: 0.5243 (0.5316)  loss_bbox_dn_2: 0.0174 (0.0174)  loss_giou_dn_2: 0.2339 (0.2409)  loss_fgl_dn_2: 1.0852 (1.0895)  loss_ddf_dn_2: -0.0000 (0.0000)  loss_mal_dn_pre: 0.6286 (0.6342)  loss_bbox_dn_pre: 0.0237 (0.0234)  loss_giou_dn_pre: 0.3039 (0.3162)  time: 0.5559  data: 0.0383  max mem: 5227
Epoch: [19/30]  [20/44]  eta: 0:00:13  lr: 0.000100  loss: 14.9014 (15.1889)  loss_mal: 0.5445 (0.5600)  loss_bbox: 0.0195 (0.0201)  loss_giou: 0.2566 (0.2763)  loss_fgl: 1.1354 (1.1386)  loss_mal_aux_0: 0.6212 (0.6279)  loss_bbox_aux_0: 0.0208 (0.0215)  loss_giou_aux_0: 0.2716 (0.2930)  loss_fgl_aux_0: 1.1522 (1.1596)  loss_ddf_aux_0: 0.0165 (0.0165)  loss_mal_aux_1: 0.5524 (0.5656)  loss_bbox_aux_1: 0.0194 (0.0201)  loss_giou_aux_1: 0.2575 (0.2763)  loss_fgl_aux_1: 1.1370 (1.1384)  loss_ddf_aux_1: 0.0007 (0.0007)  loss_mal_pre: 0.6178 (0.6257)  loss_bbox_pre: 0.0206 (0.0214)  loss_giou_pre: 0.2691 (0.2916)  loss_mal_enc_0: 0.6906 (0.6906)  loss_bbox_enc_0: 0.0254 (0.0251)  loss_giou_enc_0: 0.3324 (0.3378)  loss_mal_dn_0: 0.6238 (0.6326)  loss_bbox_dn_0: 0.0236 (0.0239)  loss_giou_dn_0: 0.3151 (0.3219)  loss_fgl_dn_0: 1.1864 (1.1902)  loss_ddf_dn_0: 0.1520 (0.1468)  loss_mal_dn_1: 0.5312 (0.5378)  loss_bbox_dn_1: 0.0174 (0.0177)  loss_giou_dn_1: 0.2354 (0.2447)  loss_fgl_dn_1: 1.0783 (1.0918)  loss_ddf_dn_1: 0.0069 (0.0071)  loss_mal_dn_2: 0.5243 (0.5352)  loss_bbox_dn_2: 0.0174 (0.0176)  loss_giou_dn_2: 0.2339 (0.2439)  loss_fgl_dn_2: 1.0787 (1.0911)  loss_ddf_dn_2: -0.0000 (0.0000)  loss_mal_dn_pre: 0.6312 (0.6367)  loss_bbox_dn_pre: 0.0233 (0.0237)  loss_giou_dn_pre: 0.3145 (0.3194)  time: 0.5296  data: 0.0157  max mem: 5227
Epoch: [19/30]  [30/44]  eta: 0:00:07  lr: 0.000100  loss: 15.1985 (15.2054)  loss_mal: 0.5738 (0.5620)  loss_bbox: 0.0189 (0.0199)  loss_giou: 0.2771 (0.2776)  loss_fgl: 1.1374 (1.1420)  loss_mal_aux_0: 0.6357 (0.6262)  loss_bbox_aux_0: 0.0204 (0.0210)  loss_giou_aux_0: 0.2843 (0.2912)  loss_fgl_aux_0: 1.1474 (1.1604)  loss_ddf_aux_0: 0.0180 (0.0174)  loss_mal_aux_1: 0.5656 (0.5667)  loss_bbox_aux_1: 0.0190 (0.0199)  loss_giou_aux_1: 0.2773 (0.2774)  loss_fgl_aux_1: 1.1370 (1.1415)  loss_ddf_aux_1: 0.0008 (0.0007)  loss_mal_pre: 0.6335 (0.6243)  loss_bbox_pre: 0.0201 (0.0209)  loss_giou_pre: 0.2814 (0.2904)  loss_mal_enc_0: 0.6808 (0.6923)  loss_bbox_enc_0: 0.0227 (0.0246)  loss_giou_enc_0: 0.3316 (0.3360)  loss_mal_dn_0: 0.6329 (0.6333)  loss_bbox_dn_0: 0.0220 (0.0235)  loss_giou_dn_0: 0.3231 (0.3223)  loss_fgl_dn_0: 1.1881 (1.1920)  loss_ddf_dn_0: 0.1505 (0.1468)  loss_mal_dn_1: 0.5346 (0.5386)  loss_bbox_dn_1: 0.0173 (0.0175)  loss_giou_dn_1: 0.2467 (0.2459)  loss_fgl_dn_1: 1.0873 (1.0933)  loss_ddf_dn_1: 0.0069 (0.0070)  loss_mal_dn_2: 0.5354 (0.5364)  loss_bbox_dn_2: 0.0172 (0.0174)  loss_giou_dn_2: 0.2470 (0.2451)  loss_fgl_dn_2: 1.0846 (1.0929)  loss_ddf_dn_2: -0.0000 (0.0000)  loss_mal_dn_pre: 0.6373 (0.6376)  loss_bbox_dn_pre: 0.0218 (0.0233)  loss_giou_dn_pre: 0.3210 (0.3199)  time: 0.5440  data: 0.0158  max mem: 5227
Epoch: [19/30]  [40/44]  eta: 0:00:02  lr: 0.000100  loss: 14.9614 (15.1708)  loss_mal: 0.5579 (0.5597)  loss_bbox: 0.0199 (0.0199)  loss_giou: 0.2709 (0.2762)  loss_fgl: 1.1307 (1.1385)  loss_mal_aux_0: 0.6344 (0.6239)  loss_bbox_aux_0: 0.0209 (0.0212)  loss_giou_aux_0: 0.2843 (0.2915)  loss_fgl_aux_0: 1.1474 (1.1592)  loss_ddf_aux_0: 0.0202 (0.0182)  loss_mal_aux_1: 0.5598 (0.5644)  loss_bbox_aux_1: 0.0198 (0.0199)  loss_giou_aux_1: 0.2725 (0.2762)  loss_fgl_aux_1: 1.1316 (1.1384)  loss_ddf_aux_1: 0.0007 (0.0007)  loss_mal_pre: 0.6335 (0.6222)  loss_bbox_pre: 0.0208 (0.0211)  loss_giou_pre: 0.2814 (0.2906)  loss_mal_enc_0: 0.6936 (0.6932)  loss_bbox_enc_0: 0.0232 (0.0249)  loss_giou_enc_0: 0.3232 (0.3369)  loss_mal_dn_0: 0.6297 (0.6316)  loss_bbox_dn_0: 0.0220 (0.0236)  loss_giou_dn_0: 0.3171 (0.3213)  loss_fgl_dn_0: 1.1856 (1.1896)  loss_ddf_dn_0: 0.1435 (0.1493)  loss_mal_dn_1: 0.5326 (0.5366)  loss_bbox_dn_1: 0.0168 (0.0175)  loss_giou_dn_1: 0.2403 (0.2448)  loss_fgl_dn_1: 1.0866 (1.0893)  loss_ddf_dn_1: 0.0069 (0.0071)  loss_mal_dn_2: 0.5293 (0.5347)  loss_bbox_dn_2: 0.0167 (0.0174)  loss_giou_dn_2: 0.2362 (0.2439)  loss_fgl_dn_2: 1.0846 (1.0886)  loss_ddf_dn_2: -0.0000 (0.0000)  loss_mal_dn_pre: 0.6343 (0.6362)  loss_bbox_dn_pre: 0.0218 (0.0234)  loss_giou_dn_pre: 0.3186 (0.3192)  time: 0.5628  data: 0.0158  max mem: 5227
Epoch: [19/30]  [43/44]  eta: 0:00:00  lr: 0.000100  loss: 14.9321 (15.1672)  loss_mal: 0.5579 (0.5602)  loss_bbox: 0.0200 (0.0200)  loss_giou: 0.2700 (0.2763)  loss_fgl: 1.1307 (1.1387)  loss_mal_aux_0: 0.6242 (0.6219)  loss_bbox_aux_0: 0.0209 (0.0213)  loss_giou_aux_0: 0.2773 (0.2917)  loss_fgl_aux_0: 1.1390 (1.1594)  loss_ddf_aux_0: 0.0201 (0.0182)  loss_mal_aux_1: 0.5598 (0.5646)  loss_bbox_aux_1: 0.0198 (0.0201)  loss_giou_aux_1: 0.2675 (0.2764)  loss_fgl_aux_1: 1.1271 (1.1387)  loss_ddf_aux_1: 0.0006 (0.0007)  loss_mal_pre: 0.6223 (0.6204)  loss_bbox_pre: 0.0210 (0.0212)  loss_giou_pre: 0.2760 (0.2908)  loss_mal_enc_0: 0.6964 (0.6931)  loss_bbox_enc_0: 0.0232 (0.0250)  loss_giou_enc_0: 0.3331 (0.3375)  loss_mal_dn_0: 0.6273 (0.6313)  loss_bbox_dn_0: 0.0223 (0.0236)  loss_giou_dn_0: 0.3156 (0.3208)  loss_fgl_dn_0: 1.1856 (1.1897)  loss_ddf_dn_0: 0.1505 (0.1486)  loss_mal_dn_1: 0.5271 (0.5361)  loss_bbox_dn_1: 0.0173 (0.0176)  loss_giou_dn_1: 0.2359 (0.2445)  loss_fgl_dn_1: 1.0845 (1.0897)  loss_ddf_dn_1: 0.0069 (0.0071)  loss_mal_dn_2: 0.5250 (0.5341)  loss_bbox_dn_2: 0.0172 (0.0175)  loss_giou_dn_2: 0.2344 (0.2434)  loss_fgl_dn_2: 1.0836 (1.0889)  loss_ddf_dn_2: -0.0000 (0.0000)  loss_mal_dn_pre: 0.6333 (0.6359)  loss_bbox_dn_pre: 0.0218 (0.0234)  loss_giou_dn_pre: 0.3159 (0.3187)  time: 0.5667  data: 0.0158  max mem: 5227
Epoch: [19/30] Total time: 0:00:24 (0.5538 s / it)
Averaged stats: lr: 0.000100  loss: 14.9321 (15.1672)  loss_mal: 0.5579 (0.5602)  loss_bbox: 0.0200 (0.0200)  loss_giou: 0.2700 (0.2763)  loss_fgl: 1.1307 (1.1387)  loss_mal_aux_0: 0.6242 (0.6219)  loss_bbox_aux_0: 0.0209 (0.0213)  loss_giou_aux_0: 0.2773 (0.2917)  loss_fgl_aux_0: 1.1390 (1.1594)  loss_ddf_aux_0: 0.0201 (0.0182)  loss_mal_aux_1: 0.5598 (0.5646)  loss_bbox_aux_1: 0.0198 (0.0201)  loss_giou_aux_1: 0.2675 (0.2764)  loss_fgl_aux_1: 1.1271 (1.1387)  loss_ddf_aux_1: 0.0006 (0.0007)  loss_mal_pre: 0.6223 (0.6204)  loss_bbox_pre: 0.0210 (0.0212)  loss_giou_pre: 0.2760 (0.2908)  loss_mal_enc_0: 0.6964 (0.6931)  loss_bbox_enc_0: 0.0232 (0.0250)  loss_giou_enc_0: 0.3331 (0.3375)  loss_mal_dn_0: 0.6273 (0.6313)  loss_bbox_dn_0: 0.0223 (0.0236)  loss_giou_dn_0: 0.3156 (0.3208)  loss_fgl_dn_0: 1.1856 (1.1897)  loss_ddf_dn_0: 0.1505 (0.1486)  loss_mal_dn_1: 0.5271 (0.5361)  loss_bbox_dn_1: 0.0173 (0.0176)  loss_giou_dn_1: 0.2359 (0.2445)  loss_fgl_dn_1: 1.0845 (1.0897)  loss_ddf_dn_1: 0.0069 (0.0071)  loss_mal_dn_2: 0.5250 (0.5341)  loss_bbox_dn_2: 0.0172 (0.0175)  loss_giou_dn_2: 0.2344 (0.2434)  loss_fgl_dn_2: 1.0836 (1.0889)  loss_ddf_dn_2: -0.0000 (0.0000)  loss_mal_dn_pre: 0.6333 (0.6359)  loss_bbox_dn_pre: 0.0218 (0.0234)  loss_giou_dn_pre: 0.3159 (0.3187)
Test:  [0/9]  eta: 0:00:02    time: 0.3085  data: 0.2350  max mem: 5227
Test:  [8/9]  eta: 0:00:00    time: 0.1598  data: 0.0415  max mem: 5227
Test: Total time: 0:00:01 (0.1638 s / it)
Metrics: {'f1': 0.9759450171821307, 'precision': 0.9659863945578231, 'recall': 0.9861111111111112, 'iou': 0.6635280775543827, 'TPs': 142, 'FPs': 5, 'FNs': 2}
Averaged stats: 
Accumulating evaluation results...
COCOeval_opt.accumulate() finished...
DONE (t=0.01s).
IoU metric: bbox
 Average Precision  (AP) @[ IoU=0.50:0.95 | area=   all | maxDets=100 ] = 0.351
 Average Precision  (AP) @[ IoU=0.50      | area=   all | maxDets=100 ] = 0.974
 Average Precision  (AP) @[ IoU=0.75      | area=   all | maxDets=100 ] = 0.143
 Average Precision  (AP) @[ IoU=0.50:0.95 | area= small | maxDets=100 ] = 0.352
 Average Precision  (AP) @[ IoU=0.50:0.95 | area=medium | maxDets=100 ] = -1.000
 Average Precision  (AP) @[ IoU=0.50:0.95 | area= large | maxDets=100 ] = -1.000
 Average Recall     (AR) @[ IoU=0.50:0.95 | area=   all | maxDets=  1 ] = 0.200
 Average Recall     (AR) @[ IoU=0.50:0.95 | area=   all | maxDets= 10 ] = 0.465
 Average Recall     (AR) @[ IoU=0.50:0.95 | area=   all | maxDets=100 ] = 0.577
 Average Recall     (AR) @[ IoU=0.50:0.95 | area= small | maxDets=100 ] = 0.577
 Average Recall     (AR) @[ IoU=0.50:0.95 | area=medium | maxDets=100 ] = -1.000
 Average Recall     (AR) @[ IoU=0.50:0.95 | area= large | maxDets=100 ] = -1.000
 Average Recall     (AR) @[ IoU=0.50      | area=   all | maxDets=100 ] = 0.993
 Average Recall     (AR) @[ IoU=0.75      | area=   all | maxDets=100 ] = 0.583
best_stat: {'epoch': 7, 'coco_eval_bbox': 0.37201236408190996}
Epoch: [20/30]  [ 0/44]  eta: 0:00:37  lr: 0.000100  loss: 14.6004 (14.6004)  loss_mal: 0.5400 (0.5400)  loss_bbox: 0.0204 (0.0204)  loss_giou: 0.2575 (0.2575)  loss_fgl: 1.1250 (1.1250)  loss_mal_aux_0: 0.5673 (0.5673)  loss_bbox_aux_0: 0.0203 (0.0203)  loss_giou_aux_0: 0.2544 (0.2544)  loss_fgl_aux_0: 1.1190 (1.1190)  loss_ddf_aux_0: 0.0175 (0.0175)  loss_mal_aux_1: 0.5410 (0.5410)  loss_bbox_aux_1: 0.0203 (0.0203)  loss_giou_aux_1: 0.2568 (0.2568)  loss_fgl_aux_1: 1.1247 (1.1247)  loss_ddf_aux_1: 0.0005 (0.0005)  loss_mal_pre: 0.5672 (0.5672)  loss_bbox_pre: 0.0202 (0.0202)  loss_giou_pre: 0.2532 (0.2532)  loss_mal_enc_0: 0.6760 (0.6760)  loss_bbox_enc_0: 0.0267 (0.0267)  loss_giou_enc_0: 0.3246 (0.3246)  loss_mal_dn_0: 0.6129 (0.6129)  loss_bbox_dn_0: 0.0238 (0.0238)  loss_giou_dn_0: 0.2999 (0.2999)  loss_fgl_dn_0: 1.1640 (1.1640)  loss_ddf_dn_0: 0.1176 (0.1176)  loss_mal_dn_1: 0.5209 (0.5209)  loss_bbox_dn_1: 0.0186 (0.0186)  loss_giou_dn_1: 0.2395 (0.2395)  loss_fgl_dn_1: 1.0749 (1.0749)  loss_ddf_dn_1: 0.0044 (0.0044)  loss_mal_dn_2: 0.5203 (0.5203)  loss_bbox_dn_2: 0.0185 (0.0185)  loss_giou_dn_2: 0.2385 (0.2385)  loss_fgl_dn_2: 1.0760 (1.0760)  loss_ddf_dn_2: -0.0000 (0.0000)  loss_mal_dn_pre: 0.6182 (0.6182)  loss_bbox_dn_pre: 0.0235 (0.0235)  loss_giou_dn_pre: 0.2963 (0.2963)  time: 0.8506  data: 0.2597  max mem: 5227
Epoch: [20/30]  [10/44]  eta: 0:00:18  lr: 0.000100  loss: 14.5911 (14.5978)  loss_mal: 0.5344 (0.5267)  loss_bbox: 0.0173 (0.0177)  loss_giou: 0.2431 (0.2410)  loss_fgl: 1.0935 (1.0970)  loss_mal_aux_0: 0.5979 (0.6005)  loss_bbox_aux_0: 0.0200 (0.0198)  loss_giou_aux_0: 0.2686 (0.2669)  loss_fgl_aux_0: 1.1190 (1.1319)  loss_ddf_aux_0: 0.0190 (0.0198)  loss_mal_aux_1: 0.5381 (0.5327)  loss_bbox_aux_1: 0.0177 (0.0178)  loss_giou_aux_1: 0.2429 (0.2421)  loss_fgl_aux_1: 1.0919 (1.0978)  loss_ddf_aux_1: 0.0006 (0.0007)  loss_mal_pre: 0.5978 (0.5991)  loss_bbox_pre: 0.0201 (0.0197)  loss_giou_pre: 0.2696 (0.2656)  loss_mal_enc_0: 0.6858 (0.6861)  loss_bbox_enc_0: 0.0239 (0.0238)  loss_giou_enc_0: 0.3176 (0.3175)  loss_mal_dn_0: 0.6204 (0.6213)  loss_bbox_dn_0: 0.0235 (0.0233)  loss_giou_dn_0: 0.3110 (0.3116)  loss_fgl_dn_0: 1.1715 (1.1777)  loss_ddf_dn_0: 0.1463 (0.1461)  loss_mal_dn_1: 0.5200 (0.5143)  loss_bbox_dn_1: 0.0161 (0.0164)  loss_giou_dn_1: 0.2322 (0.2255)  loss_fgl_dn_1: 1.0560 (1.0616)  loss_ddf_dn_1: 0.0057 (0.0065)  loss_mal_dn_2: 0.5165 (0.5109)  loss_bbox_dn_2: 0.0159 (0.0163)  loss_giou_dn_2: 0.2305 (0.2239)  loss_fgl_dn_2: 1.0569 (1.0595)  loss_ddf_dn_2: -0.0000 (0.0000)  loss_mal_dn_pre: 0.6230 (0.6259)  loss_bbox_dn_pre: 0.0229 (0.0231)  loss_giou_dn_pre: 0.3046 (0.3098)  time: 0.5479  data: 0.0364  max mem: 5227
Epoch: [20/30]  [20/44]  eta: 0:00:12  lr: 0.000100  loss: 14.5911 (14.7136)  loss_mal: 0.5364 (0.5335)  loss_bbox: 0.0176 (0.0176)  loss_giou: 0.2431 (0.2491)  loss_fgl: 1.0941 (1.1107)  loss_mal_aux_0: 0.6004 (0.6013)  loss_bbox_aux_0: 0.0189 (0.0193)  loss_giou_aux_0: 0.2686 (0.2714)  loss_fgl_aux_0: 1.1387 (1.1389)  loss_ddf_aux_0: 0.0190 (0.0194)  loss_mal_aux_1: 0.5401 (0.5399)  loss_bbox_aux_1: 0.0177 (0.0177)  loss_giou_aux_1: 0.2429 (0.2500)  loss_fgl_aux_1: 1.0958 (1.1114)  loss_ddf_aux_1: 0.0007 (0.0007)  loss_mal_pre: 0.5978 (0.5990)  loss_bbox_pre: 0.0191 (0.0192)  loss_giou_pre: 0.2696 (0.2696)  loss_mal_enc_0: 0.6745 (0.6811)  loss_bbox_enc_0: 0.0232 (0.0230)  loss_giou_enc_0: 0.3129 (0.3186)  loss_mal_dn_0: 0.6342 (0.6229)  loss_bbox_dn_0: 0.0225 (0.0226)  loss_giou_dn_0: 0.3199 (0.3136)  loss_fgl_dn_0: 1.1879 (1.1852)  loss_ddf_dn_0: 0.1480 (0.1429)  loss_mal_dn_1: 0.5200 (0.5189)  loss_bbox_dn_1: 0.0161 (0.0161)  loss_giou_dn_1: 0.2322 (0.2294)  loss_fgl_dn_1: 1.0626 (1.0734)  loss_ddf_dn_1: 0.0054 (0.0057)  loss_mal_dn_2: 0.5165 (0.5153)  loss_bbox_dn_2: 0.0159 (0.0160)  loss_giou_dn_2: 0.2305 (0.2276)  loss_fgl_dn_2: 1.0611 (1.0708)  loss_ddf_dn_2: -0.0000 (0.0000)  loss_mal_dn_pre: 0.6370 (0.6279)  loss_bbox_dn_pre: 0.0222 (0.0225)  loss_giou_dn_pre: 0.3208 (0.3117)  time: 0.5215  data: 0.0152  max mem: 5227
Epoch: [20/30]  [30/44]  eta: 0:00:07  lr: 0.000100  loss: 14.5330 (14.6150)  loss_mal: 0.5365 (0.5298)  loss_bbox: 0.0177 (0.0173)  loss_giou: 0.2435 (0.2456)  loss_fgl: 1.1003 (1.1034)  loss_mal_aux_0: 0.5896 (0.5975)  loss_bbox_aux_0: 0.0188 (0.0190)  loss_giou_aux_0: 0.2590 (0.2665)  loss_fgl_aux_0: 1.1387 (1.1340)  loss_ddf_aux_0: 0.0202 (0.0202)  loss_mal_aux_1: 0.5385 (0.5370)  loss_bbox_aux_1: 0.0176 (0.0174)  loss_giou_aux_1: 0.2456 (0.2464)  loss_fgl_aux_1: 1.1029 (1.1046)  loss_ddf_aux_1: 0.0007 (0.0007)  loss_mal_pre: 0.5927 (0.5957)  loss_bbox_pre: 0.0191 (0.0189)  loss_giou_pre: 0.2621 (0.2651)  loss_mal_enc_0: 0.6744 (0.6835)  loss_bbox_enc_0: 0.0226 (0.0227)  loss_giou_enc_0: 0.2986 (0.3137)  loss_mal_dn_0: 0.6264 (0.6228)  loss_bbox_dn_0: 0.0225 (0.0224)  loss_giou_dn_0: 0.3086 (0.3091)  loss_fgl_dn_0: 1.1746 (1.1797)  loss_ddf_dn_0: 0.1516 (0.1458)  loss_mal_dn_1: 0.5169 (0.5151)  loss_bbox_dn_1: 0.0159 (0.0159)  loss_giou_dn_1: 0.2232 (0.2254)  loss_fgl_dn_1: 1.0575 (1.0644)  loss_ddf_dn_1: 0.0053 (0.0057)  loss_mal_dn_2: 0.5119 (0.5112)  loss_bbox_dn_2: 0.0158 (0.0157)  loss_giou_dn_2: 0.2203 (0.2235)  loss_fgl_dn_2: 1.0526 (1.0612)  loss_ddf_dn_2: -0.0000 (0.0000)  loss_mal_dn_pre: 0.6319 (0.6282)  loss_bbox_dn_pre: 0.0222 (0.0222)  loss_giou_dn_pre: 0.3049 (0.3076)  time: 0.4774  data: 0.0158  max mem: 5227
Epoch: [20/30]  [40/44]  eta: 0:00:01  lr: 0.000100  loss: 14.3504 (14.5977)  loss_mal: 0.5309 (0.5316)  loss_bbox: 0.0177 (0.0174)  loss_giou: 0.2405 (0.2454)  loss_fgl: 1.0837 (1.1005)  loss_mal_aux_0: 0.5847 (0.5960)  loss_bbox_aux_0: 0.0188 (0.0191)  loss_giou_aux_0: 0.2590 (0.2662)  loss_fgl_aux_0: 1.1198 (1.1305)  loss_ddf_aux_0: 0.0216 (0.0205)  loss_mal_aux_1: 0.5384 (0.5395)  loss_bbox_aux_1: 0.0176 (0.0175)  loss_giou_aux_1: 0.2434 (0.2461)  loss_fgl_aux_1: 1.0833 (1.1017)  loss_ddf_aux_1: 0.0008 (0.0008)  loss_mal_pre: 0.5835 (0.5941)  loss_bbox_pre: 0.0190 (0.0190)  loss_giou_pre: 0.2609 (0.2652)  loss_mal_enc_0: 0.6776 (0.6824)  loss_bbox_enc_0: 0.0226 (0.0228)  loss_giou_enc_0: 0.2986 (0.3134)  loss_mal_dn_0: 0.6201 (0.6226)  loss_bbox_dn_0: 0.0218 (0.0224)  loss_giou_dn_0: 0.3013 (0.3079)  loss_fgl_dn_0: 1.1660 (1.1792)  loss_ddf_dn_0: 0.1531 (0.1478)  loss_mal_dn_1: 0.5019 (0.5148)  loss_bbox_dn_1: 0.0158 (0.0159)  loss_giou_dn_1: 0.2128 (0.2245)  loss_fgl_dn_1: 1.0467 (1.0618)  loss_ddf_dn_1: 0.0048 (0.0055)  loss_mal_dn_2: 0.4987 (0.5110)  loss_bbox_dn_2: 0.0157 (0.0157)  loss_giou_dn_2: 0.2103 (0.2229)  loss_fgl_dn_2: 1.0419 (1.0591)  loss_ddf_dn_2: -0.0000 (0.0000)  loss_mal_dn_pre: 0.6266 (0.6281)  loss_bbox_dn_pre: 0.0219 (0.0223)  loss_giou_dn_pre: 0.3010 (0.3066)  time: 0.4362  data: 0.0153  max mem: 5227
Epoch: [20/30]  [43/44]  eta: 0:00:00  lr: 0.000100  loss: 14.4436 (14.6006)  loss_mal: 0.5195 (0.5311)  loss_bbox: 0.0175 (0.0174)  loss_giou: 0.2402 (0.2445)  loss_fgl: 1.0837 (1.1008)  loss_mal_aux_0: 0.5847 (0.5954)  loss_bbox_aux_0: 0.0188 (0.0191)  loss_giou_aux_0: 0.2590 (0.2656)  loss_fgl_aux_0: 1.1231 (1.1314)  loss_ddf_aux_0: 0.0219 (0.0208)  loss_mal_aux_1: 0.5333 (0.5389)  loss_bbox_aux_1: 0.0176 (0.0174)  loss_giou_aux_1: 0.2411 (0.2450)  loss_fgl_aux_1: 1.0833 (1.1019)  loss_ddf_aux_1: 0.0008 (0.0008)  loss_mal_pre: 0.5835 (0.5935)  loss_bbox_pre: 0.0190 (0.0190)  loss_giou_pre: 0.2609 (0.2645)  loss_mal_enc_0: 0.6823 (0.6848)  loss_bbox_enc_0: 0.0227 (0.0229)  loss_giou_enc_0: 0.3170 (0.3148)  loss_mal_dn_0: 0.6201 (0.6222)  loss_bbox_dn_0: 0.0219 (0.0224)  loss_giou_dn_0: 0.3013 (0.3075)  loss_fgl_dn_0: 1.1746 (1.1803)  loss_ddf_dn_0: 0.1543 (0.1486)  loss_mal_dn_1: 0.5019 (0.5144)  loss_bbox_dn_1: 0.0154 (0.0159)  loss_giou_dn_1: 0.2128 (0.2245)  loss_fgl_dn_1: 1.0467 (1.0634)  loss_ddf_dn_1: 0.0048 (0.0056)  loss_mal_dn_2: 0.4987 (0.5108)  loss_bbox_dn_2: 0.0154 (0.0158)  loss_giou_dn_2: 0.2103 (0.2230)  loss_fgl_dn_2: 1.0419 (1.0607)  loss_ddf_dn_2: -0.0000 (0.0000)  loss_mal_dn_pre: 0.6266 (0.6276)  loss_bbox_dn_pre: 0.0219 (0.0223)  loss_giou_dn_pre: 0.3010 (0.3061)  time: 0.4395  data: 0.0150  max mem: 5227
Epoch: [20/30] Total time: 0:00:21 (0.4888 s / it)
Averaged stats: lr: 0.000100  loss: 14.4436 (14.6006)  loss_mal: 0.5195 (0.5311)  loss_bbox: 0.0175 (0.0174)  loss_giou: 0.2402 (0.2445)  loss_fgl: 1.0837 (1.1008)  loss_mal_aux_0: 0.5847 (0.5954)  loss_bbox_aux_0: 0.0188 (0.0191)  loss_giou_aux_0: 0.2590 (0.2656)  loss_fgl_aux_0: 1.1231 (1.1314)  loss_ddf_aux_0: 0.0219 (0.0208)  loss_mal_aux_1: 0.5333 (0.5389)  loss_bbox_aux_1: 0.0176 (0.0174)  loss_giou_aux_1: 0.2411 (0.2450)  loss_fgl_aux_1: 1.0833 (1.1019)  loss_ddf_aux_1: 0.0008 (0.0008)  loss_mal_pre: 0.5835 (0.5935)  loss_bbox_pre: 0.0190 (0.0190)  loss_giou_pre: 0.2609 (0.2645)  loss_mal_enc_0: 0.6823 (0.6848)  loss_bbox_enc_0: 0.0227 (0.0229)  loss_giou_enc_0: 0.3170 (0.3148)  loss_mal_dn_0: 0.6201 (0.6222)  loss_bbox_dn_0: 0.0219 (0.0224)  loss_giou_dn_0: 0.3013 (0.3075)  loss_fgl_dn_0: 1.1746 (1.1803)  loss_ddf_dn_0: 0.1543 (0.1486)  loss_mal_dn_1: 0.5019 (0.5144)  loss_bbox_dn_1: 0.0154 (0.0159)  loss_giou_dn_1: 0.2128 (0.2245)  loss_fgl_dn_1: 1.0467 (1.0634)  loss_ddf_dn_1: 0.0048 (0.0056)  loss_mal_dn_2: 0.4987 (0.5108)  loss_bbox_dn_2: 0.0154 (0.0158)  loss_giou_dn_2: 0.2103 (0.2230)  loss_fgl_dn_2: 1.0419 (1.0607)  loss_ddf_dn_2: -0.0000 (0.0000)  loss_mal_dn_pre: 0.6266 (0.6276)  loss_bbox_dn_pre: 0.0219 (0.0223)  loss_giou_dn_pre: 0.3010 (0.3061)
Test:  [0/9]  eta: 0:00:03    time: 0.3419  data: 0.2456  max mem: 5227
Test:  [8/9]  eta: 0:00:00    time: 0.1307  data: 0.0429  max mem: 5227
Test: Total time: 0:00:01 (0.1353 s / it)
Metrics: {'f1': 0.9759450171821307, 'precision': 0.9659863945578231, 'recall': 0.9861111111111112, 'iou': 0.6635826590077188, 'TPs': 142, 'FPs': 5, 'FNs': 2}
Averaged stats: 
Accumulating evaluation results...
COCOeval_opt.accumulate() finished...
DONE (t=0.01s).
IoU metric: bbox
 Average Precision  (AP) @[ IoU=0.50:0.95 | area=   all | maxDets=100 ] = 0.352
 Average Precision  (AP) @[ IoU=0.50      | area=   all | maxDets=100 ] = 0.977
 Average Precision  (AP) @[ IoU=0.75      | area=   all | maxDets=100 ] = 0.137
 Average Precision  (AP) @[ IoU=0.50:0.95 | area= small | maxDets=100 ] = 0.353
 Average Precision  (AP) @[ IoU=0.50:0.95 | area=medium | maxDets=100 ] = -1.000
 Average Precision  (AP) @[ IoU=0.50:0.95 | area= large | maxDets=100 ] = -1.000
 Average Recall     (AR) @[ IoU=0.50:0.95 | area=   all | maxDets=  1 ] = 0.200
 Average Recall     (AR) @[ IoU=0.50:0.95 | area=   all | maxDets= 10 ] = 0.469
 Average Recall     (AR) @[ IoU=0.50:0.95 | area=   all | maxDets=100 ] = 0.577
 Average Recall     (AR) @[ IoU=0.50:0.95 | area= small | maxDets=100 ] = 0.577
 Average Recall     (AR) @[ IoU=0.50:0.95 | area=medium | maxDets=100 ] = -1.000
 Average Recall     (AR) @[ IoU=0.50:0.95 | area= large | maxDets=100 ] = -1.000
 Average Recall     (AR) @[ IoU=0.50      | area=   all | maxDets=100 ] = 0.993
 Average Recall     (AR) @[ IoU=0.75      | area=   all | maxDets=100 ] = 0.583
best_stat: {'epoch': 7, 'coco_eval_bbox': 0.37201236408190996}
Epoch: [21/30]  [ 0/44]  eta: 0:00:28  lr: 0.000100  loss: 14.0708 (14.0708)  loss_mal: 0.4889 (0.4889)  loss_bbox: 0.0153 (0.0153)  loss_giou: 0.2121 (0.2121)  loss_fgl: 1.0784 (1.0784)  loss_mal_aux_0: 0.5603 (0.5603)  loss_bbox_aux_0: 0.0173 (0.0173)  loss_giou_aux_0: 0.2350 (0.2350)  loss_fgl_aux_0: 1.1204 (1.1204)  loss_ddf_aux_0: 0.0257 (0.0257)  loss_mal_aux_1: 0.4788 (0.4788)  loss_bbox_aux_1: 0.0151 (0.0151)  loss_giou_aux_1: 0.2099 (0.2099)  loss_fgl_aux_1: 1.0733 (1.0733)  loss_ddf_aux_1: 0.0007 (0.0007)  loss_mal_pre: 0.5552 (0.5552)  loss_bbox_pre: 0.0171 (0.0171)  loss_giou_pre: 0.2326 (0.2326)  loss_mal_enc_0: 0.6856 (0.6856)  loss_bbox_enc_0: 0.0234 (0.0234)  loss_giou_enc_0: 0.3168 (0.3168)  loss_mal_dn_0: 0.6128 (0.6128)  loss_bbox_dn_0: 0.0228 (0.0228)  loss_giou_dn_0: 0.3033 (0.3033)  loss_fgl_dn_0: 1.1902 (1.1902)  loss_ddf_dn_0: 0.1802 (0.1802)  loss_mal_dn_1: 0.4798 (0.4798)  loss_bbox_dn_1: 0.0145 (0.0145)  loss_giou_dn_1: 0.1987 (0.1987)  loss_fgl_dn_1: 1.0324 (1.0324)  loss_ddf_dn_1: 0.0065 (0.0065)  loss_mal_dn_2: 0.4839 (0.4839)  loss_bbox_dn_2: 0.0144 (0.0144)  loss_giou_dn_2: 0.1987 (0.1987)  loss_fgl_dn_2: 1.0364 (1.0364)  loss_ddf_dn_2: -0.0000 (0.0000)  loss_mal_dn_pre: 0.6147 (0.6147)  loss_bbox_dn_pre: 0.0222 (0.0222)  loss_giou_dn_pre: 0.2974 (0.2974)  time: 0.6445  data: 0.2845  max mem: 5227
Epoch: [21/30]  [10/44]  eta: 0:00:12  lr: 0.000100  loss: 14.3109 (14.3488)  loss_mal: 0.5204 (0.5245)  loss_bbox: 0.0166 (0.0171)  loss_giou: 0.2309 (0.2357)  loss_fgl: 1.0854 (1.0801)  loss_mal_aux_0: 0.5981 (0.5910)  loss_bbox_aux_0: 0.0190 (0.0189)  loss_giou_aux_0: 0.2508 (0.2567)  loss_fgl_aux_0: 1.1198 (1.1194)  loss_ddf_aux_0: 0.0241 (0.0244)  loss_mal_aux_1: 0.5214 (0.5255)  loss_bbox_aux_1: 0.0162 (0.0170)  loss_giou_aux_1: 0.2291 (0.2345)  loss_fgl_aux_1: 1.0822 (1.0805)  loss_ddf_aux_1: 0.0008 (0.0008)  loss_mal_pre: 0.6040 (0.5903)  loss_bbox_pre: 0.0191 (0.0189)  loss_giou_pre: 0.2518 (0.2563)  loss_mal_enc_0: 0.6685 (0.6808)  loss_bbox_enc_0: 0.0228 (0.0229)  loss_giou_enc_0: 0.3038 (0.3080)  loss_mal_dn_0: 0.6106 (0.6069)  loss_bbox_dn_0: 0.0225 (0.0219)  loss_giou_dn_0: 0.2915 (0.2923)  loss_fgl_dn_0: 1.1753 (1.1631)  loss_ddf_dn_0: 0.1624 (0.1653)  loss_mal_dn_1: 0.5017 (0.5043)  loss_bbox_dn_1: 0.0155 (0.0157)  loss_giou_dn_1: 0.2150 (0.2163)  loss_fgl_dn_1: 1.0476 (1.0480)  loss_ddf_dn_1: 0.0060 (0.0066)  loss_mal_dn_2: 0.4987 (0.5019)  loss_bbox_dn_2: 0.0154 (0.0156)  loss_giou_dn_2: 0.2152 (0.2153)  loss_fgl_dn_2: 1.0462 (1.0459)  loss_ddf_dn_2: -0.0000 (0.0000)  loss_mal_dn_pre: 0.6147 (0.6129)  loss_bbox_dn_pre: 0.0222 (0.0218)  loss_giou_dn_pre: 0.2891 (0.2918)  time: 0.3800  data: 0.0404  max mem: 5227
Epoch: [21/30]  [20/44]  eta: 0:00:09  lr: 0.000100  loss: 14.1766 (14.2289)  loss_mal: 0.5063 (0.5166)  loss_bbox: 0.0161 (0.0165)  loss_giou: 0.2300 (0.2315)  loss_fgl: 1.0765 (1.0762)  loss_mal_aux_0: 0.5682 (0.5759)  loss_bbox_aux_0: 0.0180 (0.0183)  loss_giou_aux_0: 0.2508 (0.2533)  loss_fgl_aux_0: 1.1069 (1.1141)  loss_ddf_aux_0: 0.0263 (0.0261)  loss_mal_aux_1: 0.5114 (0.5188)  loss_bbox_aux_1: 0.0161 (0.0164)  loss_giou_aux_1: 0.2291 (0.2316)  loss_fgl_aux_1: 1.0805 (1.0773)  loss_ddf_aux_1: 0.0008 (0.0008)  loss_mal_pre: 0.5675 (0.5753)  loss_bbox_pre: 0.0181 (0.0182)  loss_giou_pre: 0.2512 (0.2527)  loss_mal_enc_0: 0.6630 (0.6720)  loss_bbox_enc_0: 0.0221 (0.0228)  loss_giou_enc_0: 0.3038 (0.3106)  loss_mal_dn_0: 0.5948 (0.6010)  loss_bbox_dn_0: 0.0204 (0.0210)  loss_giou_dn_0: 0.2770 (0.2868)  loss_fgl_dn_0: 1.1549 (1.1611)  loss_ddf_dn_0: 0.1596 (0.1618)  loss_mal_dn_1: 0.5001 (0.5018)  loss_bbox_dn_1: 0.0150 (0.0153)  loss_giou_dn_1: 0.2150 (0.2144)  loss_fgl_dn_1: 1.0487 (1.0476)  loss_ddf_dn_1: 0.0065 (0.0067)  loss_mal_dn_2: 0.4964 (0.4990)  loss_bbox_dn_2: 0.0150 (0.0151)  loss_giou_dn_2: 0.2149 (0.2128)  loss_fgl_dn_2: 1.0482 (1.0453)  loss_ddf_dn_2: -0.0000 (0.0000)  loss_mal_dn_pre: 0.5991 (0.6071)  loss_bbox_dn_pre: 0.0201 (0.0209)  loss_giou_dn_pre: 0.2777 (0.2861)  time: 0.3854  data: 0.0156  max mem: 5227
Epoch: [21/30]  [30/44]  eta: 0:00:05  lr: 0.000100  loss: 14.0901 (14.2214)  loss_mal: 0.5063 (0.5161)  loss_bbox: 0.0158 (0.0164)  loss_giou: 0.2247 (0.2297)  loss_fgl: 1.0755 (1.0799)  loss_mal_aux_0: 0.5574 (0.5737)  loss_bbox_aux_0: 0.0168 (0.0180)  loss_giou_aux_0: 0.2494 (0.2487)  loss_fgl_aux_0: 1.1029 (1.1115)  loss_ddf_aux_0: 0.0272 (0.0267)  loss_mal_aux_1: 0.5120 (0.5194)  loss_bbox_aux_1: 0.0160 (0.0164)  loss_giou_aux_1: 0.2249 (0.2296)  loss_fgl_aux_1: 1.0788 (1.0803)  loss_ddf_aux_1: 0.0007 (0.0008)  loss_mal_pre: 0.5584 (0.5730)  loss_bbox_pre: 0.0168 (0.0179)  loss_giou_pre: 0.2492 (0.2483)  loss_mal_enc_0: 0.6570 (0.6743)  loss_bbox_enc_0: 0.0214 (0.0225)  loss_giou_enc_0: 0.2997 (0.3069)  loss_mal_dn_0: 0.5929 (0.6023)  loss_bbox_dn_0: 0.0193 (0.0208)  loss_giou_dn_0: 0.2751 (0.2850)  loss_fgl_dn_0: 1.1565 (1.1614)  loss_ddf_dn_0: 0.1573 (0.1617)  loss_mal_dn_1: 0.5001 (0.5027)  loss_bbox_dn_1: 0.0147 (0.0153)  loss_giou_dn_1: 0.2125 (0.2140)  loss_fgl_dn_1: 1.0509 (1.0508)  loss_ddf_dn_1: 0.0068 (0.0067)  loss_mal_dn_2: 0.4964 (0.5004)  loss_bbox_dn_2: 0.0147 (0.0152)  loss_giou_dn_2: 0.2113 (0.2128)  loss_fgl_dn_2: 1.0482 (1.0489)  loss_ddf_dn_2: -0.0000 (0.0000)  loss_mal_dn_pre: 0.5990 (0.6087)  loss_bbox_dn_pre: 0.0194 (0.0207)  loss_giou_dn_pre: 0.2737 (0.2840)  time: 0.4240  data: 0.0151  max mem: 5227
Epoch: [21/30]  [40/44]  eta: 0:00:01  lr: 0.000100  loss: 14.1109 (14.2378)  loss_mal: 0.5067 (0.5161)  loss_bbox: 0.0157 (0.0164)  loss_giou: 0.2238 (0.2304)  loss_fgl: 1.0633 (1.0831)  loss_mal_aux_0: 0.5713 (0.5790)  loss_bbox_aux_0: 0.0168 (0.0178)  loss_giou_aux_0: 0.2400 (0.2475)  loss_fgl_aux_0: 1.1083 (1.1133)  loss_ddf_aux_0: 0.0260 (0.0266)  loss_mal_aux_1: 0.5134 (0.5220)  loss_bbox_aux_1: 0.0160 (0.0164)  loss_giou_aux_1: 0.2238 (0.2306)  loss_fgl_aux_1: 1.0626 (1.0835)  loss_ddf_aux_1: 0.0007 (0.0008)  loss_mal_pre: 0.5699 (0.5778)  loss_bbox_pre: 0.0168 (0.0177)  loss_giou_pre: 0.2354 (0.2470)  loss_mal_enc_0: 0.6570 (0.6734)  loss_bbox_enc_0: 0.0217 (0.0224)  loss_giou_enc_0: 0.2963 (0.3066)  loss_mal_dn_0: 0.5984 (0.6029)  loss_bbox_dn_0: 0.0196 (0.0208)  loss_giou_dn_0: 0.2738 (0.2849)  loss_fgl_dn_0: 1.1507 (1.1618)  loss_ddf_dn_0: 0.1573 (0.1596)  loss_mal_dn_1: 0.4995 (0.5028)  loss_bbox_dn_1: 0.0147 (0.0152)  loss_giou_dn_1: 0.2081 (0.2141)  loss_fgl_dn_1: 1.0410 (1.0509)  loss_ddf_dn_1: 0.0065 (0.0066)  loss_mal_dn_2: 0.4925 (0.4995)  loss_bbox_dn_2: 0.0147 (0.0151)  loss_giou_dn_2: 0.2038 (0.2126)  loss_fgl_dn_2: 1.0380 (1.0487)  loss_ddf_dn_2: -0.0000 (0.0000)  loss_mal_dn_pre: 0.6047 (0.6092)  loss_bbox_dn_pre: 0.0194 (0.0207)  loss_giou_dn_pre: 0.2730 (0.2839)  time: 0.4395  data: 0.0153  max mem: 5227
Epoch: [21/30]  [43/44]  eta: 0:00:00  lr: 0.000100  loss: 14.1540 (14.2577)  loss_mal: 0.5104 (0.5167)  loss_bbox: 0.0160 (0.0165)  loss_giou: 0.2247 (0.2309)  loss_fgl: 1.0831 (1.0823)  loss_mal_aux_0: 0.5800 (0.5790)  loss_bbox_aux_0: 0.0169 (0.0180)  loss_giou_aux_0: 0.2476 (0.2489)  loss_fgl_aux_0: 1.1083 (1.1132)  loss_ddf_aux_0: 0.0252 (0.0265)  loss_mal_aux_1: 0.5192 (0.5225)  loss_bbox_aux_1: 0.0161 (0.0165)  loss_giou_aux_1: 0.2253 (0.2311)  loss_fgl_aux_1: 1.0823 (1.0827)  loss_ddf_aux_1: 0.0007 (0.0007)  loss_mal_pre: 0.5818 (0.5779)  loss_bbox_pre: 0.0172 (0.0179)  loss_giou_pre: 0.2485 (0.2485)  loss_mal_enc_0: 0.6967 (0.6761)  loss_bbox_enc_0: 0.0217 (0.0226)  loss_giou_enc_0: 0.2993 (0.3079)  loss_mal_dn_0: 0.6038 (0.6039)  loss_bbox_dn_0: 0.0196 (0.0209)  loss_giou_dn_0: 0.2809 (0.2859)  loss_fgl_dn_0: 1.1517 (1.1623)  loss_ddf_dn_0: 0.1512 (0.1591)  loss_mal_dn_1: 0.5028 (0.5044)  loss_bbox_dn_1: 0.0149 (0.0153)  loss_giou_dn_1: 0.2115 (0.2152)  loss_fgl_dn_1: 1.0444 (1.0518)  loss_ddf_dn_1: 0.0066 (0.0067)  loss_mal_dn_2: 0.5032 (0.5012)  loss_bbox_dn_2: 0.0149 (0.0152)  loss_giou_dn_2: 0.2111 (0.2137)  loss_fgl_dn_2: 1.0420 (1.0497)  loss_ddf_dn_2: -0.0000 (0.0000)  loss_mal_dn_pre: 0.6101 (0.6101)  loss_bbox_dn_pre: 0.0194 (0.0208)  loss_giou_dn_pre: 0.2827 (0.2850)  time: 0.4558  data: 0.0152  max mem: 5227
Epoch: [21/30] Total time: 0:00:18 (0.4273 s / it)
Averaged stats: lr: 0.000100  loss: 14.1540 (14.2577)  loss_mal: 0.5104 (0.5167)  loss_bbox: 0.0160 (0.0165)  loss_giou: 0.2247 (0.2309)  loss_fgl: 1.0831 (1.0823)  loss_mal_aux_0: 0.5800 (0.5790)  loss_bbox_aux_0: 0.0169 (0.0180)  loss_giou_aux_0: 0.2476 (0.2489)  loss_fgl_aux_0: 1.1083 (1.1132)  loss_ddf_aux_0: 0.0252 (0.0265)  loss_mal_aux_1: 0.5192 (0.5225)  loss_bbox_aux_1: 0.0161 (0.0165)  loss_giou_aux_1: 0.2253 (0.2311)  loss_fgl_aux_1: 1.0823 (1.0827)  loss_ddf_aux_1: 0.0007 (0.0007)  loss_mal_pre: 0.5818 (0.5779)  loss_bbox_pre: 0.0172 (0.0179)  loss_giou_pre: 0.2485 (0.2485)  loss_mal_enc_0: 0.6967 (0.6761)  loss_bbox_enc_0: 0.0217 (0.0226)  loss_giou_enc_0: 0.2993 (0.3079)  loss_mal_dn_0: 0.6038 (0.6039)  loss_bbox_dn_0: 0.0196 (0.0209)  loss_giou_dn_0: 0.2809 (0.2859)  loss_fgl_dn_0: 1.1517 (1.1623)  loss_ddf_dn_0: 0.1512 (0.1591)  loss_mal_dn_1: 0.5028 (0.5044)  loss_bbox_dn_1: 0.0149 (0.0153)  loss_giou_dn_1: 0.2115 (0.2152)  loss_fgl_dn_1: 1.0444 (1.0518)  loss_ddf_dn_1: 0.0066 (0.0067)  loss_mal_dn_2: 0.5032 (0.5012)  loss_bbox_dn_2: 0.0149 (0.0152)  loss_giou_dn_2: 0.2111 (0.2137)  loss_fgl_dn_2: 1.0420 (1.0497)  loss_ddf_dn_2: -0.0000 (0.0000)  loss_mal_dn_pre: 0.6101 (0.6101)  loss_bbox_dn_pre: 0.0194 (0.0208)  loss_giou_dn_pre: 0.2827 (0.2850)
Test:  [0/9]  eta: 0:00:04    time: 0.4538  data: 0.2638  max mem: 5227
Test:  [8/9]  eta: 0:00:00    time: 0.1810  data: 0.0423  max mem: 5227
Test: Total time: 0:00:01 (0.1856 s / it)
Metrics: {'f1': 0.9793103448275863, 'precision': 0.9726027397260274, 'recall': 0.9861111111111112, 'iou': 0.6681122361002741, 'TPs': 142, 'FPs': 4, 'FNs': 2}
Averaged stats: 
Accumulating evaluation results...
COCOeval_opt.accumulate() finished...
DONE (t=0.01s).
IoU metric: bbox
 Average Precision  (AP) @[ IoU=0.50:0.95 | area=   all | maxDets=100 ] = 0.354
 Average Precision  (AP) @[ IoU=0.50      | area=   all | maxDets=100 ] = 0.977
 Average Precision  (AP) @[ IoU=0.75      | area=   all | maxDets=100 ] = 0.137
 Average Precision  (AP) @[ IoU=0.50:0.95 | area= small | maxDets=100 ] = 0.354
 Average Precision  (AP) @[ IoU=0.50:0.95 | area=medium | maxDets=100 ] = -1.000
 Average Precision  (AP) @[ IoU=0.50:0.95 | area= large | maxDets=100 ] = -1.000
 Average Recall     (AR) @[ IoU=0.50:0.95 | area=   all | maxDets=  1 ] = 0.201
 Average Recall     (AR) @[ IoU=0.50:0.95 | area=   all | maxDets= 10 ] = 0.472
 Average Recall     (AR) @[ IoU=0.50:0.95 | area=   all | maxDets=100 ] = 0.578
 Average Recall     (AR) @[ IoU=0.50:0.95 | area= small | maxDets=100 ] = 0.578
 Average Recall     (AR) @[ IoU=0.50:0.95 | area=medium | maxDets=100 ] = -1.000
 Average Recall     (AR) @[ IoU=0.50:0.95 | area= large | maxDets=100 ] = -1.000
 Average Recall     (AR) @[ IoU=0.50      | area=   all | maxDets=100 ] = 0.993
 Average Recall     (AR) @[ IoU=0.75      | area=   all | maxDets=100 ] = 0.590
best_stat: {'epoch': 7, 'coco_eval_bbox': 0.37201236408190996}
Epoch: [22/30]  [ 0/44]  eta: 0:00:36  lr: 0.000100  loss: 13.6370 (13.6370)  loss_mal: 0.4856 (0.4856)  loss_bbox: 0.0133 (0.0133)  loss_giou: 0.1933 (0.1933)  loss_fgl: 1.0249 (1.0249)  loss_mal_aux_0: 0.5993 (0.5993)  loss_bbox_aux_0: 0.0147 (0.0147)  loss_giou_aux_0: 0.2136 (0.2136)  loss_fgl_aux_0: 1.0786 (1.0786)  loss_ddf_aux_0: 0.0289 (0.0289)  loss_mal_aux_1: 0.4996 (0.4996)  loss_bbox_aux_1: 0.0132 (0.0132)  loss_giou_aux_1: 0.1923 (0.1923)  loss_fgl_aux_1: 1.0248 (1.0248)  loss_ddf_aux_1: 0.0005 (0.0005)  loss_mal_pre: 0.5985 (0.5985)  loss_bbox_pre: 0.0149 (0.0149)  loss_giou_pre: 0.2165 (0.2165)  loss_mal_enc_0: 0.6203 (0.6203)  loss_bbox_enc_0: 0.0159 (0.0159)  loss_giou_enc_0: 0.2310 (0.2310)  loss_mal_dn_0: 0.6137 (0.6137)  loss_bbox_dn_0: 0.0214 (0.0214)  loss_giou_dn_0: 0.3023 (0.3023)  loss_fgl_dn_0: 1.1703 (1.1703)  loss_ddf_dn_0: 0.1611 (0.1611)  loss_mal_dn_1: 0.4736 (0.4736)  loss_bbox_dn_1: 0.0130 (0.0130)  loss_giou_dn_1: 0.1859 (0.1859)  loss_fgl_dn_1: 1.0055 (1.0055)  loss_ddf_dn_1: 0.0044 (0.0044)  loss_mal_dn_2: 0.4683 (0.4683)  loss_bbox_dn_2: 0.0126 (0.0126)  loss_giou_dn_2: 0.1814 (0.1814)  loss_fgl_dn_2: 1.0045 (1.0045)  loss_ddf_dn_2: -0.0000 (0.0000)  loss_mal_dn_pre: 0.6180 (0.6180)  loss_bbox_dn_pre: 0.0212 (0.0212)  loss_giou_dn_pre: 0.2999 (0.2999)  time: 0.8275  data: 0.2371  max mem: 5227
Epoch: [22/30]  [10/44]  eta: 0:00:18  lr: 0.000100  loss: 13.9997 (13.9311)  loss_mal: 0.4886 (0.5089)  loss_bbox: 0.0154 (0.0153)  loss_giou: 0.2085 (0.2177)  loss_fgl: 1.0543 (1.0649)  loss_mal_aux_0: 0.5734 (0.5713)  loss_bbox_aux_0: 0.0165 (0.0168)  loss_giou_aux_0: 0.2326 (0.2369)  loss_fgl_aux_0: 1.0992 (1.0966)  loss_ddf_aux_0: 0.0237 (0.0236)  loss_mal_aux_1: 0.4996 (0.5134)  loss_bbox_aux_1: 0.0154 (0.0153)  loss_giou_aux_1: 0.2074 (0.2182)  loss_fgl_aux_1: 1.0571 (1.0659)  loss_ddf_aux_1: 0.0006 (0.0006)  loss_mal_pre: 0.5755 (0.5701)  loss_bbox_pre: 0.0164 (0.0168)  loss_giou_pre: 0.2350 (0.2367)  loss_mal_enc_0: 0.6540 (0.6501)  loss_bbox_enc_0: 0.0194 (0.0208)  loss_giou_enc_0: 0.2805 (0.2863)  loss_mal_dn_0: 0.6034 (0.6046)  loss_bbox_dn_0: 0.0196 (0.0203)  loss_giou_dn_0: 0.2829 (0.2842)  loss_fgl_dn_0: 1.1467 (1.1507)  loss_ddf_dn_0: 0.1415 (0.1432)  loss_mal_dn_1: 0.4895 (0.4915)  loss_bbox_dn_1: 0.0142 (0.0142)  loss_giou_dn_1: 0.2011 (0.2026)  loss_fgl_dn_1: 1.0250 (1.0278)  loss_ddf_dn_1: 0.0044 (0.0046)  loss_mal_dn_2: 0.4878 (0.4872)  loss_bbox_dn_2: 0.0140 (0.0141)  loss_giou_dn_2: 0.2025 (0.2013)  loss_fgl_dn_2: 1.0280 (1.0264)  loss_ddf_dn_2: -0.0000 (0.0000)  loss_mal_dn_pre: 0.6113 (0.6098)  loss_bbox_dn_pre: 0.0197 (0.0201)  loss_giou_dn_pre: 0.2818 (0.2826)  time: 0.5442  data: 0.0357  max mem: 5227
Epoch: [22/30]  [20/44]  eta: 0:00:13  lr: 0.000100  loss: 13.9997 (14.0997)  loss_mal: 0.5077 (0.5119)  loss_bbox: 0.0154 (0.0154)  loss_giou: 0.2189 (0.2247)  loss_fgl: 1.0614 (1.0755)  loss_mal_aux_0: 0.5734 (0.5748)  loss_bbox_aux_0: 0.0165 (0.0169)  loss_giou_aux_0: 0.2347 (0.2445)  loss_fgl_aux_0: 1.1019 (1.1077)  loss_ddf_aux_0: 0.0237 (0.0245)  loss_mal_aux_1: 0.5064 (0.5166)  loss_bbox_aux_1: 0.0154 (0.0154)  loss_giou_aux_1: 0.2189 (0.2247)  loss_fgl_aux_1: 1.0592 (1.0764)  loss_ddf_aux_1: 0.0006 (0.0007)  loss_mal_pre: 0.5755 (0.5741)  loss_bbox_pre: 0.0164 (0.0169)  loss_giou_pre: 0.2375 (0.2444)  loss_mal_enc_0: 0.6695 (0.6702)  loss_bbox_enc_0: 0.0202 (0.0208)  loss_giou_enc_0: 0.2984 (0.2949)  loss_mal_dn_0: 0.6027 (0.6056)  loss_bbox_dn_0: 0.0194 (0.0201)  loss_giou_dn_0: 0.2814 (0.2863)  loss_fgl_dn_0: 1.1467 (1.1561)  loss_ddf_dn_0: 0.1524 (0.1516)  loss_mal_dn_1: 0.4895 (0.4957)  loss_bbox_dn_1: 0.0142 (0.0142)  loss_giou_dn_1: 0.2063 (0.2085)  loss_fgl_dn_1: 1.0250 (1.0385)  loss_ddf_dn_1: 0.0053 (0.0052)  loss_mal_dn_2: 0.4878 (0.4922)  loss_bbox_dn_2: 0.0140 (0.0142)  loss_giou_dn_2: 0.2056 (0.2072)  loss_fgl_dn_2: 1.0280 (1.0372)  loss_ddf_dn_2: -0.0000 (0.0000)  loss_mal_dn_pre: 0.6100 (0.6114)  loss_bbox_dn_pre: 0.0195 (0.0199)  loss_giou_dn_pre: 0.2818 (0.2850)  time: 0.5370  data: 0.0157  max mem: 5227
Epoch: [22/30]  [30/44]  eta: 0:00:07  lr: 0.000100  loss: 13.7844 (14.0262)  loss_mal: 0.4998 (0.5084)  loss_bbox: 0.0153 (0.0155)  loss_giou: 0.2138 (0.2222)  loss_fgl: 1.0620 (1.0740)  loss_mal_aux_0: 0.5511 (0.5673)  loss_bbox_aux_0: 0.0168 (0.0170)  loss_giou_aux_0: 0.2245 (0.2408)  loss_fgl_aux_0: 1.1047 (1.1052)  loss_ddf_aux_0: 0.0274 (0.0262)  loss_mal_aux_1: 0.5011 (0.5145)  loss_bbox_aux_1: 0.0153 (0.0156)  loss_giou_aux_1: 0.2146 (0.2225)  loss_fgl_aux_1: 1.0592 (1.0749)  loss_ddf_aux_1: 0.0008 (0.0007)  loss_mal_pre: 0.5498 (0.5662)  loss_bbox_pre: 0.0164 (0.0170)  loss_giou_pre: 0.2243 (0.2403)  loss_mal_enc_0: 0.6723 (0.6724)  loss_bbox_enc_0: 0.0210 (0.0214)  loss_giou_enc_0: 0.2969 (0.2962)  loss_mal_dn_0: 0.5939 (0.5998)  loss_bbox_dn_0: 0.0203 (0.0200)  loss_giou_dn_0: 0.2788 (0.2805)  loss_fgl_dn_0: 1.1499 (1.1561)  loss_ddf_dn_0: 0.1533 (0.1517)  loss_mal_dn_1: 0.4847 (0.4923)  loss_bbox_dn_1: 0.0144 (0.0143)  loss_giou_dn_1: 0.1965 (0.2052)  loss_fgl_dn_1: 1.0277 (1.0366)  loss_ddf_dn_1: 0.0054 (0.0051)  loss_mal_dn_2: 0.4817 (0.4885)  loss_bbox_dn_2: 0.0142 (0.0142)  loss_giou_dn_2: 0.1972 (0.2039)  loss_fgl_dn_2: 1.0215 (1.0345)  loss_ddf_dn_2: -0.0000 (0.0000)  loss_mal_dn_pre: 0.5988 (0.6058)  loss_bbox_dn_pre: 0.0203 (0.0199)  loss_giou_dn_pre: 0.2744 (0.2793)  time: 0.5583  data: 0.0154  max mem: 5227
Epoch: [22/30]  [40/44]  eta: 0:00:02  lr: 0.000100  loss: 13.4958 (13.8756)  loss_mal: 0.4903 (0.5018)  loss_bbox: 0.0144 (0.0152)  loss_giou: 0.2054 (0.2156)  loss_fgl: 1.0351 (1.0602)  loss_mal_aux_0: 0.5414 (0.5626)  loss_bbox_aux_0: 0.0165 (0.0169)  loss_giou_aux_0: 0.2210 (0.2370)  loss_fgl_aux_0: 1.0800 (1.0961)  loss_ddf_aux_0: 0.0295 (0.0270)  loss_mal_aux_1: 0.4902 (0.5073)  loss_bbox_aux_1: 0.0146 (0.0152)  loss_giou_aux_1: 0.2054 (0.2163)  loss_fgl_aux_1: 1.0344 (1.0610)  loss_ddf_aux_1: 0.0009 (0.0008)  loss_mal_pre: 0.5400 (0.5616)  loss_bbox_pre: 0.0161 (0.0168)  loss_giou_pre: 0.2215 (0.2366)  loss_mal_enc_0: 0.6707 (0.6686)  loss_bbox_enc_0: 0.0207 (0.0212)  loss_giou_enc_0: 0.2839 (0.2917)  loss_mal_dn_0: 0.5859 (0.5969)  loss_bbox_dn_0: 0.0199 (0.0199)  loss_giou_dn_0: 0.2572 (0.2758)  loss_fgl_dn_0: 1.1422 (1.1502)  loss_ddf_dn_0: 0.1502 (0.1526)  loss_mal_dn_1: 0.4773 (0.4866)  loss_bbox_dn_1: 0.0140 (0.0142)  loss_giou_dn_1: 0.1927 (0.2010)  loss_fgl_dn_1: 1.0123 (1.0262)  loss_ddf_dn_1: 0.0048 (0.0051)  loss_mal_dn_2: 0.4708 (0.4826)  loss_bbox_dn_2: 0.0138 (0.0140)  loss_giou_dn_2: 0.1903 (0.1994)  loss_fgl_dn_2: 1.0084 (1.0237)  loss_ddf_dn_2: -0.0000 (0.0000)  loss_mal_dn_pre: 0.5924 (0.6031)  loss_bbox_dn_pre: 0.0198 (0.0198)  loss_giou_dn_pre: 0.2559 (0.2748)  time: 0.5311  data: 0.0150  max mem: 5227
Epoch: [22/30]  [43/44]  eta: 0:00:00  lr: 0.000100  loss: 13.4856 (13.9018)  loss_mal: 0.4903 (0.5028)  loss_bbox: 0.0143 (0.0153)  loss_giou: 0.2054 (0.2168)  loss_fgl: 1.0325 (1.0616)  loss_mal_aux_0: 0.5364 (0.5630)  loss_bbox_aux_0: 0.0165 (0.0170)  loss_giou_aux_0: 0.2210 (0.2382)  loss_fgl_aux_0: 1.0771 (1.0972)  loss_ddf_aux_0: 0.0318 (0.0276)  loss_mal_aux_1: 0.4902 (0.5082)  loss_bbox_aux_1: 0.0146 (0.0154)  loss_giou_aux_1: 0.2054 (0.2175)  loss_fgl_aux_1: 1.0330 (1.0623)  loss_ddf_aux_1: 0.0009 (0.0008)  loss_mal_pre: 0.5322 (0.5620)  loss_bbox_pre: 0.0161 (0.0170)  loss_giou_pre: 0.2215 (0.2377)  loss_mal_enc_0: 0.6514 (0.6681)  loss_bbox_enc_0: 0.0207 (0.0213)  loss_giou_enc_0: 0.2839 (0.2927)  loss_mal_dn_0: 0.5859 (0.5976)  loss_bbox_dn_0: 0.0199 (0.0200)  loss_giou_dn_0: 0.2572 (0.2763)  loss_fgl_dn_0: 1.1360 (1.1504)  loss_ddf_dn_0: 0.1513 (0.1534)  loss_mal_dn_1: 0.4773 (0.4879)  loss_bbox_dn_1: 0.0140 (0.0143)  loss_giou_dn_1: 0.1927 (0.2023)  loss_fgl_dn_1: 1.0109 (1.0278)  loss_ddf_dn_1: 0.0051 (0.0051)  loss_mal_dn_2: 0.4704 (0.4841)  loss_bbox_dn_2: 0.0138 (0.0141)  loss_giou_dn_2: 0.1903 (0.2009)  loss_fgl_dn_2: 1.0084 (1.0258)  loss_ddf_dn_2: -0.0000 (0.0000)  loss_mal_dn_pre: 0.5924 (0.6038)  loss_bbox_dn_pre: 0.0198 (0.0199)  loss_giou_dn_pre: 0.2559 (0.2754)  time: 0.5129  data: 0.0148  max mem: 5227
Epoch: [22/30] Total time: 0:00:23 (0.5356 s / it)
Averaged stats: lr: 0.000100  loss: 13.4856 (13.9018)  loss_mal: 0.4903 (0.5028)  loss_bbox: 0.0143 (0.0153)  loss_giou: 0.2054 (0.2168)  loss_fgl: 1.0325 (1.0616)  loss_mal_aux_0: 0.5364 (0.5630)  loss_bbox_aux_0: 0.0165 (0.0170)  loss_giou_aux_0: 0.2210 (0.2382)  loss_fgl_aux_0: 1.0771 (1.0972)  loss_ddf_aux_0: 0.0318 (0.0276)  loss_mal_aux_1: 0.4902 (0.5082)  loss_bbox_aux_1: 0.0146 (0.0154)  loss_giou_aux_1: 0.2054 (0.2175)  loss_fgl_aux_1: 1.0330 (1.0623)  loss_ddf_aux_1: 0.0009 (0.0008)  loss_mal_pre: 0.5322 (0.5620)  loss_bbox_pre: 0.0161 (0.0170)  loss_giou_pre: 0.2215 (0.2377)  loss_mal_enc_0: 0.6514 (0.6681)  loss_bbox_enc_0: 0.0207 (0.0213)  loss_giou_enc_0: 0.2839 (0.2927)  loss_mal_dn_0: 0.5859 (0.5976)  loss_bbox_dn_0: 0.0199 (0.0200)  loss_giou_dn_0: 0.2572 (0.2763)  loss_fgl_dn_0: 1.1360 (1.1504)  loss_ddf_dn_0: 0.1513 (0.1534)  loss_mal_dn_1: 0.4773 (0.4879)  loss_bbox_dn_1: 0.0140 (0.0143)  loss_giou_dn_1: 0.1927 (0.2023)  loss_fgl_dn_1: 1.0109 (1.0278)  loss_ddf_dn_1: 0.0051 (0.0051)  loss_mal_dn_2: 0.4704 (0.4841)  loss_bbox_dn_2: 0.0138 (0.0141)  loss_giou_dn_2: 0.1903 (0.2009)  loss_fgl_dn_2: 1.0084 (1.0258)  loss_ddf_dn_2: -0.0000 (0.0000)  loss_mal_dn_pre: 0.5924 (0.6038)  loss_bbox_dn_pre: 0.0198 (0.0199)  loss_giou_dn_pre: 0.2559 (0.2754)
Test:  [0/9]  eta: 0:00:03    time: 0.3352  data: 0.2369  max mem: 5227
Test:  [8/9]  eta: 0:00:00    time: 0.1451  data: 0.0397  max mem: 5227
Test: Total time: 0:00:01 (0.1490 s / it)
Metrics: {'f1': 0.9791666666666666, 'precision': 0.9791666666666666, 'recall': 0.9791666666666666, 'iou': 0.6693359767498613, 'TPs': 141, 'FPs': 3, 'FNs': 3}
Averaged stats: 
Accumulating evaluation results...
COCOeval_opt.accumulate() finished...
DONE (t=0.01s).
IoU metric: bbox
 Average Precision  (AP) @[ IoU=0.50:0.95 | area=   all | maxDets=100 ] = 0.352
 Average Precision  (AP) @[ IoU=0.50      | area=   all | maxDets=100 ] = 0.967
 Average Precision  (AP) @[ IoU=0.75      | area=   all | maxDets=100 ] = 0.133
 Average Precision  (AP) @[ IoU=0.50:0.95 | area= small | maxDets=100 ] = 0.353
 Average Precision  (AP) @[ IoU=0.50:0.95 | area=medium | maxDets=100 ] = -1.000
 Average Precision  (AP) @[ IoU=0.50:0.95 | area= large | maxDets=100 ] = -1.000
 Average Recall     (AR) @[ IoU=0.50:0.95 | area=   all | maxDets=  1 ] = 0.201
 Average Recall     (AR) @[ IoU=0.50:0.95 | area=   all | maxDets= 10 ] = 0.465
 Average Recall     (AR) @[ IoU=0.50:0.95 | area=   all | maxDets=100 ] = 0.577
 Average Recall     (AR) @[ IoU=0.50:0.95 | area= small | maxDets=100 ] = 0.577
 Average Recall     (AR) @[ IoU=0.50:0.95 | area=medium | maxDets=100 ] = -1.000
 Average Recall     (AR) @[ IoU=0.50:0.95 | area= large | maxDets=100 ] = -1.000
 Average Recall     (AR) @[ IoU=0.50      | area=   all | maxDets=100 ] = 0.993
 Average Recall     (AR) @[ IoU=0.75      | area=   all | maxDets=100 ] = 0.590
best_stat: {'epoch': 7, 'coco_eval_bbox': 0.37201236408190996}
Epoch: [23/30]  [ 0/44]  eta: 0:00:36  lr: 0.000100  loss: 12.8930 (12.8930)  loss_mal: 0.4534 (0.4534)  loss_bbox: 0.0127 (0.0127)  loss_giou: 0.1735 (0.1735)  loss_fgl: 0.9831 (0.9831)  loss_mal_aux_0: 0.5270 (0.5270)  loss_bbox_aux_0: 0.0142 (0.0142)  loss_giou_aux_0: 0.1854 (0.1854)  loss_fgl_aux_0: 1.0186 (1.0186)  loss_ddf_aux_0: 0.0368 (0.0368)  loss_mal_aux_1: 0.4569 (0.4569)  loss_bbox_aux_1: 0.0132 (0.0132)  loss_giou_aux_1: 0.1771 (0.1771)  loss_fgl_aux_1: 0.9807 (0.9807)  loss_ddf_aux_1: 0.0010 (0.0010)  loss_mal_pre: 0.5254 (0.5254)  loss_bbox_pre: 0.0142 (0.0142)  loss_giou_pre: 0.1846 (0.1846)  loss_mal_enc_0: 0.6644 (0.6644)  loss_bbox_enc_0: 0.0202 (0.0202)  loss_giou_enc_0: 0.2554 (0.2554)  loss_mal_dn_0: 0.5779 (0.5779)  loss_bbox_dn_0: 0.0197 (0.0197)  loss_giou_dn_0: 0.2577 (0.2577)  loss_fgl_dn_0: 1.1187 (1.1187)  loss_ddf_dn_0: 0.1614 (0.1614)  loss_mal_dn_1: 0.4493 (0.4493)  loss_bbox_dn_1: 0.0128 (0.0128)  loss_giou_dn_1: 0.1738 (0.1738)  loss_fgl_dn_1: 0.9697 (0.9697)  loss_ddf_dn_1: 0.0064 (0.0064)  loss_mal_dn_2: 0.4428 (0.4428)  loss_bbox_dn_2: 0.0127 (0.0127)  loss_giou_dn_2: 0.1719 (0.1719)  loss_fgl_dn_2: 0.9678 (0.9678)  loss_ddf_dn_2: -0.0000 (0.0000)  loss_mal_dn_pre: 0.5794 (0.5794)  loss_bbox_dn_pre: 0.0195 (0.0195)  loss_giou_dn_pre: 0.2537 (0.2537)  time: 0.8212  data: 0.2456  max mem: 5227
Epoch: [23/30]  [10/44]  eta: 0:00:18  lr: 0.000100  loss: 13.6190 (13.8946)  loss_mal: 0.4899 (0.5005)  loss_bbox: 0.0146 (0.0151)  loss_giou: 0.2052 (0.2185)  loss_fgl: 1.0480 (1.0652)  loss_mal_aux_0: 0.5469 (0.5596)  loss_bbox_aux_0: 0.0150 (0.0159)  loss_giou_aux_0: 0.2194 (0.2286)  loss_fgl_aux_0: 1.0804 (1.0915)  loss_ddf_aux_0: 0.0312 (0.0328)  loss_mal_aux_1: 0.4977 (0.5112)  loss_bbox_aux_1: 0.0146 (0.0151)  loss_giou_aux_1: 0.2054 (0.2189)  loss_fgl_aux_1: 1.0497 (1.0649)  loss_ddf_aux_1: 0.0010 (0.0010)  loss_mal_pre: 0.5475 (0.5579)  loss_bbox_pre: 0.0150 (0.0158)  loss_giou_pre: 0.2191 (0.2278)  loss_mal_enc_0: 0.6677 (0.6594)  loss_bbox_enc_0: 0.0216 (0.0210)  loss_giou_enc_0: 0.2909 (0.2954)  loss_mal_dn_0: 0.5812 (0.5935)  loss_bbox_dn_0: 0.0192 (0.0193)  loss_giou_dn_0: 0.2635 (0.2741)  loss_fgl_dn_0: 1.1436 (1.1573)  loss_ddf_dn_0: 0.1694 (0.1691)  loss_mal_dn_1: 0.4754 (0.4884)  loss_bbox_dn_1: 0.0138 (0.0140)  loss_giou_dn_1: 0.1932 (0.2041)  loss_fgl_dn_1: 1.0150 (1.0321)  loss_ddf_dn_1: 0.0056 (0.0057)  loss_mal_dn_2: 0.4745 (0.4846)  loss_bbox_dn_2: 0.0139 (0.0139)  loss_giou_dn_2: 0.1903 (0.2022)  loss_fgl_dn_2: 1.0123 (1.0289)  loss_ddf_dn_2: -0.0000 (0.0000)  loss_mal_dn_pre: 0.5882 (0.5991)  loss_bbox_dn_pre: 0.0189 (0.0192)  loss_giou_dn_pre: 0.2610 (0.2727)  time: 0.5574  data: 0.0378  max mem: 5227
Epoch: [23/30]  [20/44]  eta: 0:00:13  lr: 0.000100  loss: 13.7508 (14.0131)  loss_mal: 0.4932 (0.5096)  loss_bbox: 0.0149 (0.0156)  loss_giou: 0.2100 (0.2216)  loss_fgl: 1.0530 (1.0676)  loss_mal_aux_0: 0.5638 (0.5755)  loss_bbox_aux_0: 0.0160 (0.0167)  loss_giou_aux_0: 0.2245 (0.2355)  loss_fgl_aux_0: 1.0804 (1.0969)  loss_ddf_aux_0: 0.0313 (0.0328)  loss_mal_aux_1: 0.4986 (0.5189)  loss_bbox_aux_1: 0.0147 (0.0156)  loss_giou_aux_1: 0.2085 (0.2213)  loss_fgl_aux_1: 1.0497 (1.0669)  loss_ddf_aux_1: 0.0010 (0.0010)  loss_mal_pre: 0.5636 (0.5743)  loss_bbox_pre: 0.0162 (0.0167)  loss_giou_pre: 0.2250 (0.2352)  loss_mal_enc_0: 0.6754 (0.6744)  loss_bbox_enc_0: 0.0219 (0.0218)  loss_giou_enc_0: 0.2915 (0.2994)  loss_mal_dn_0: 0.5812 (0.5965)  loss_bbox_dn_0: 0.0192 (0.0199)  loss_giou_dn_0: 0.2651 (0.2764)  loss_fgl_dn_0: 1.1436 (1.1577)  loss_ddf_dn_0: 0.1693 (0.1679)  loss_mal_dn_1: 0.4754 (0.4903)  loss_bbox_dn_1: 0.0138 (0.0143)  loss_giou_dn_1: 0.1932 (0.2047)  loss_fgl_dn_1: 1.0150 (1.0314)  loss_ddf_dn_1: 0.0056 (0.0059)  loss_mal_dn_2: 0.4754 (0.4869)  loss_bbox_dn_2: 0.0139 (0.0142)  loss_giou_dn_2: 0.1905 (0.2033)  loss_fgl_dn_2: 1.0142 (1.0290)  loss_ddf_dn_2: -0.0000 (0.0000)  loss_mal_dn_pre: 0.5882 (0.6021)  loss_bbox_dn_pre: 0.0191 (0.0198)  loss_giou_dn_pre: 0.2644 (0.2756)  time: 0.5448  data: 0.0165  max mem: 5227
Epoch: [23/30]  [30/44]  eta: 0:00:07  lr: 0.000100  loss: 13.8729 (14.0595)  loss_mal: 0.5002 (0.5110)  loss_bbox: 0.0151 (0.0157)  loss_giou: 0.2123 (0.2220)  loss_fgl: 1.0592 (1.0734)  loss_mal_aux_0: 0.5769 (0.5760)  loss_bbox_aux_0: 0.0172 (0.0171)  loss_giou_aux_0: 0.2305 (0.2389)  loss_fgl_aux_0: 1.0990 (1.1053)  loss_ddf_aux_0: 0.0314 (0.0325)  loss_mal_aux_1: 0.5069 (0.5199)  loss_bbox_aux_1: 0.0148 (0.0158)  loss_giou_aux_1: 0.2085 (0.2222)  loss_fgl_aux_1: 1.0584 (1.0732)  loss_ddf_aux_1: 0.0011 (0.0011)  loss_mal_pre: 0.5778 (0.5753)  loss_bbox_pre: 0.0173 (0.0171)  loss_giou_pre: 0.2329 (0.2385)  loss_mal_enc_0: 0.6676 (0.6701)  loss_bbox_enc_0: 0.0225 (0.0219)  loss_giou_enc_0: 0.2970 (0.2998)  loss_mal_dn_0: 0.5931 (0.5988)  loss_bbox_dn_0: 0.0202 (0.0202)  loss_giou_dn_0: 0.2713 (0.2781)  loss_fgl_dn_0: 1.1535 (1.1584)  loss_ddf_dn_0: 0.1531 (0.1644)  loss_mal_dn_1: 0.4815 (0.4919)  loss_bbox_dn_1: 0.0140 (0.0145)  loss_giou_dn_1: 0.1981 (0.2054)  loss_fgl_dn_1: 1.0241 (1.0347)  loss_ddf_dn_1: 0.0053 (0.0057)  loss_mal_dn_2: 0.4811 (0.4882)  loss_bbox_dn_2: 0.0138 (0.0144)  loss_giou_dn_2: 0.1962 (0.2040)  loss_fgl_dn_2: 1.0270 (1.0322)  loss_ddf_dn_2: -0.0000 (0.0000)  loss_mal_dn_pre: 0.5977 (0.6043)  loss_bbox_dn_pre: 0.0202 (0.0201)  loss_giou_dn_pre: 0.2715 (0.2776)  time: 0.5607  data: 0.0156  max mem: 5227
Epoch: [23/30]  [40/44]  eta: 0:00:02  lr: 0.000100  loss: 13.9674 (14.0719)  loss_mal: 0.5010 (0.5102)  loss_bbox: 0.0155 (0.0157)  loss_giou: 0.2123 (0.2226)  loss_fgl: 1.0680 (1.0742)  loss_mal_aux_0: 0.5651 (0.5767)  loss_bbox_aux_0: 0.0175 (0.0171)  loss_giou_aux_0: 0.2361 (0.2411)  loss_fgl_aux_0: 1.1051 (1.1073)  loss_ddf_aux_0: 0.0295 (0.0322)  loss_mal_aux_1: 0.5071 (0.5190)  loss_bbox_aux_1: 0.0154 (0.0158)  loss_giou_aux_1: 0.2127 (0.2230)  loss_fgl_aux_1: 1.0617 (1.0741)  loss_ddf_aux_1: 0.0010 (0.0010)  loss_mal_pre: 0.5672 (0.5756)  loss_bbox_pre: 0.0173 (0.0171)  loss_giou_pre: 0.2365 (0.2406)  loss_mal_enc_0: 0.6655 (0.6741)  loss_bbox_enc_0: 0.0219 (0.0218)  loss_giou_enc_0: 0.2997 (0.2996)  loss_mal_dn_0: 0.5973 (0.5991)  loss_bbox_dn_0: 0.0204 (0.0202)  loss_giou_dn_0: 0.2770 (0.2789)  loss_fgl_dn_0: 1.1548 (1.1575)  loss_ddf_dn_0: 0.1526 (0.1628)  loss_mal_dn_1: 0.4815 (0.4920)  loss_bbox_dn_1: 0.0144 (0.0145)  loss_giou_dn_1: 0.2003 (0.2056)  loss_fgl_dn_1: 1.0327 (1.0348)  loss_ddf_dn_1: 0.0045 (0.0054)  loss_mal_dn_2: 0.4811 (0.4884)  loss_bbox_dn_2: 0.0143 (0.0144)  loss_giou_dn_2: 0.1986 (0.2041)  loss_fgl_dn_2: 1.0296 (1.0326)  loss_ddf_dn_2: -0.0000 (0.0000)  loss_mal_dn_pre: 0.6010 (0.6044)  loss_bbox_dn_pre: 0.0203 (0.0201)  loss_giou_dn_pre: 0.2754 (0.2783)  time: 0.5471  data: 0.0152  max mem: 5227
Epoch: [23/30]  [43/44]  eta: 0:00:00  lr: 0.000100  loss: 13.8231 (14.0167)  loss_mal: 0.4932 (0.5076)  loss_bbox: 0.0149 (0.0156)  loss_giou: 0.2081 (0.2211)  loss_fgl: 1.0464 (1.0713)  loss_mal_aux_0: 0.5637 (0.5731)  loss_bbox_aux_0: 0.0172 (0.0170)  loss_giou_aux_0: 0.2350 (0.2400)  loss_fgl_aux_0: 1.0940 (1.1042)  loss_ddf_aux_0: 0.0295 (0.0320)  loss_mal_aux_1: 0.5048 (0.5162)  loss_bbox_aux_1: 0.0152 (0.0156)  loss_giou_aux_1: 0.2062 (0.2215)  loss_fgl_aux_1: 1.0459 (1.0714)  loss_ddf_aux_1: 0.0010 (0.0010)  loss_mal_pre: 0.5560 (0.5718)  loss_bbox_pre: 0.0171 (0.0170)  loss_giou_pre: 0.2346 (0.2393)  loss_mal_enc_0: 0.6604 (0.6700)  loss_bbox_enc_0: 0.0214 (0.0215)  loss_giou_enc_0: 0.2979 (0.2971)  loss_mal_dn_0: 0.5958 (0.5972)  loss_bbox_dn_0: 0.0200 (0.0200)  loss_giou_dn_0: 0.2761 (0.2771)  loss_fgl_dn_0: 1.1452 (1.1546)  loss_ddf_dn_0: 0.1527 (0.1623)  loss_mal_dn_1: 0.4807 (0.4906)  loss_bbox_dn_1: 0.0139 (0.0144)  loss_giou_dn_1: 0.1981 (0.2046)  loss_fgl_dn_1: 1.0143 (1.0327)  loss_ddf_dn_1: 0.0045 (0.0054)  loss_mal_dn_2: 0.4770 (0.4869)  loss_bbox_dn_2: 0.0138 (0.0143)  loss_giou_dn_2: 0.1962 (0.2031)  loss_fgl_dn_2: 1.0111 (1.0303)  loss_ddf_dn_2: -0.0000 (0.0000)  loss_mal_dn_pre: 0.6009 (0.6025)  loss_bbox_dn_pre: 0.0200 (0.0199)  loss_giou_dn_pre: 0.2753 (0.2764)  time: 0.5332  data: 0.0150  max mem: 5227
Epoch: [23/30] Total time: 0:00:24 (0.5481 s / it)
Averaged stats: lr: 0.000100  loss: 13.8231 (14.0167)  loss_mal: 0.4932 (0.5076)  loss_bbox: 0.0149 (0.0156)  loss_giou: 0.2081 (0.2211)  loss_fgl: 1.0464 (1.0713)  loss_mal_aux_0: 0.5637 (0.5731)  loss_bbox_aux_0: 0.0172 (0.0170)  loss_giou_aux_0: 0.2350 (0.2400)  loss_fgl_aux_0: 1.0940 (1.1042)  loss_ddf_aux_0: 0.0295 (0.0320)  loss_mal_aux_1: 0.5048 (0.5162)  loss_bbox_aux_1: 0.0152 (0.0156)  loss_giou_aux_1: 0.2062 (0.2215)  loss_fgl_aux_1: 1.0459 (1.0714)  loss_ddf_aux_1: 0.0010 (0.0010)  loss_mal_pre: 0.5560 (0.5718)  loss_bbox_pre: 0.0171 (0.0170)  loss_giou_pre: 0.2346 (0.2393)  loss_mal_enc_0: 0.6604 (0.6700)  loss_bbox_enc_0: 0.0214 (0.0215)  loss_giou_enc_0: 0.2979 (0.2971)  loss_mal_dn_0: 0.5958 (0.5972)  loss_bbox_dn_0: 0.0200 (0.0200)  loss_giou_dn_0: 0.2761 (0.2771)  loss_fgl_dn_0: 1.1452 (1.1546)  loss_ddf_dn_0: 0.1527 (0.1623)  loss_mal_dn_1: 0.4807 (0.4906)  loss_bbox_dn_1: 0.0139 (0.0144)  loss_giou_dn_1: 0.1981 (0.2046)  loss_fgl_dn_1: 1.0143 (1.0327)  loss_ddf_dn_1: 0.0045 (0.0054)  loss_mal_dn_2: 0.4770 (0.4869)  loss_bbox_dn_2: 0.0138 (0.0143)  loss_giou_dn_2: 0.1962 (0.2031)  loss_fgl_dn_2: 1.0111 (1.0303)  loss_ddf_dn_2: -0.0000 (0.0000)  loss_mal_dn_pre: 0.6009 (0.6025)  loss_bbox_dn_pre: 0.0200 (0.0199)  loss_giou_dn_pre: 0.2753 (0.2764)
Test:  [0/9]  eta: 0:00:03    time: 0.3581  data: 0.2715  max mem: 5227
Test:  [8/9]  eta: 0:00:00    time: 0.1839  data: 0.0468  max mem: 5227
Test: Total time: 0:00:01 (0.1889 s / it)
Metrics: {'f1': 0.9826989619377162, 'precision': 0.9793103448275862, 'recall': 0.9861111111111112, 'iou': 0.672789393639078, 'TPs': 142, 'FPs': 3, 'FNs': 2}
Averaged stats: 
Accumulating evaluation results...
COCOeval_opt.accumulate() finished...
DONE (t=0.01s).
IoU metric: bbox
 Average Precision  (AP) @[ IoU=0.50:0.95 | area=   all | maxDets=100 ] = 0.352
 Average Precision  (AP) @[ IoU=0.50      | area=   all | maxDets=100 ] = 0.977
 Average Precision  (AP) @[ IoU=0.75      | area=   all | maxDets=100 ] = 0.133
 Average Precision  (AP) @[ IoU=0.50:0.95 | area= small | maxDets=100 ] = 0.353
 Average Precision  (AP) @[ IoU=0.50:0.95 | area=medium | maxDets=100 ] = -1.000
 Average Precision  (AP) @[ IoU=0.50:0.95 | area= large | maxDets=100 ] = -1.000
 Average Recall     (AR) @[ IoU=0.50:0.95 | area=   all | maxDets=  1 ] = 0.201
 Average Recall     (AR) @[ IoU=0.50:0.95 | area=   all | maxDets= 10 ] = 0.465
 Average Recall     (AR) @[ IoU=0.50:0.95 | area=   all | maxDets=100 ] = 0.576
 Average Recall     (AR) @[ IoU=0.50:0.95 | area= small | maxDets=100 ] = 0.576
 Average Recall     (AR) @[ IoU=0.50:0.95 | area=medium | maxDets=100 ] = -1.000
 Average Recall     (AR) @[ IoU=0.50:0.95 | area= large | maxDets=100 ] = -1.000
 Average Recall     (AR) @[ IoU=0.50      | area=   all | maxDets=100 ] = 0.993
 Average Recall     (AR) @[ IoU=0.75      | area=   all | maxDets=100 ] = 0.590
best_stat: {'epoch': 7, 'coco_eval_bbox': 0.37201236408190996}
Epoch: [24/30]  [ 0/44]  eta: 0:00:37  lr: 0.000100  loss: 12.3818 (12.3818)  loss_mal: 0.4250 (0.4250)  loss_bbox: 0.0102 (0.0102)  loss_giou: 0.1509 (0.1509)  loss_fgl: 0.9663 (0.9663)  loss_mal_aux_0: 0.4876 (0.4876)  loss_bbox_aux_0: 0.0119 (0.0119)  loss_giou_aux_0: 0.1790 (0.1790)  loss_fgl_aux_0: 1.0028 (1.0028)  loss_ddf_aux_0: 0.0329 (0.0329)  loss_mal_aux_1: 0.4392 (0.4392)  loss_bbox_aux_1: 0.0101 (0.0101)  loss_giou_aux_1: 0.1483 (0.1483)  loss_fgl_aux_1: 0.9687 (0.9687)  loss_ddf_aux_1: 0.0009 (0.0009)  loss_mal_pre: 0.4844 (0.4844)  loss_bbox_pre: 0.0117 (0.0117)  loss_giou_pre: 0.1769 (0.1769)  loss_mal_enc_0: 0.6115 (0.6115)  loss_bbox_enc_0: 0.0152 (0.0152)  loss_giou_enc_0: 0.2255 (0.2255)  loss_mal_dn_0: 0.5647 (0.5647)  loss_bbox_dn_0: 0.0168 (0.0168)  loss_giou_dn_0: 0.2392 (0.2392)  loss_fgl_dn_0: 1.0924 (1.0924)  loss_ddf_dn_0: 0.1785 (0.1785)  loss_mal_dn_1: 0.4318 (0.4318)  loss_bbox_dn_1: 0.0107 (0.0107)  loss_giou_dn_1: 0.1608 (0.1608)  loss_fgl_dn_1: 0.9496 (0.9496)  loss_ddf_dn_1: 0.0063 (0.0063)  loss_mal_dn_2: 0.4267 (0.4267)  loss_bbox_dn_2: 0.0106 (0.0106)  loss_giou_dn_2: 0.1593 (0.1593)  loss_fgl_dn_2: 0.9475 (0.9475)  loss_ddf_dn_2: -0.0000 (0.0000)  loss_mal_dn_pre: 0.5727 (0.5727)  loss_bbox_dn_pre: 0.0167 (0.0167)  loss_giou_dn_pre: 0.2382 (0.2382)  time: 0.8579  data: 0.2679  max mem: 5227
Epoch: [24/30]  [10/44]  eta: 0:00:18  lr: 0.000100  loss: 13.6391 (13.8724)  loss_mal: 0.4954 (0.4986)  loss_bbox: 0.0149 (0.0151)  loss_giou: 0.2140 (0.2145)  loss_fgl: 1.0800 (1.0647)  loss_mal_aux_0: 0.5939 (0.5820)  loss_bbox_aux_0: 0.0167 (0.0166)  loss_giou_aux_0: 0.2271 (0.2342)  loss_fgl_aux_0: 1.0843 (1.0965)  loss_ddf_aux_0: 0.0314 (0.0317)  loss_mal_aux_1: 0.5025 (0.5150)  loss_bbox_aux_1: 0.0145 (0.0150)  loss_giou_aux_1: 0.2101 (0.2134)  loss_fgl_aux_1: 1.0697 (1.0642)  loss_ddf_aux_1: 0.0011 (0.0011)  loss_mal_pre: 0.5904 (0.5800)  loss_bbox_pre: 0.0167 (0.0165)  loss_giou_pre: 0.2265 (0.2339)  loss_mal_enc_0: 0.6520 (0.6496)  loss_bbox_enc_0: 0.0213 (0.0208)  loss_giou_enc_0: 0.2934 (0.2873)  loss_mal_dn_0: 0.5999 (0.5915)  loss_bbox_dn_0: 0.0197 (0.0192)  loss_giou_dn_0: 0.2703 (0.2660)  loss_fgl_dn_0: 1.1525 (1.1555)  loss_ddf_dn_0: 0.1694 (0.1712)  loss_mal_dn_1: 0.4904 (0.4849)  loss_bbox_dn_1: 0.0143 (0.0139)  loss_giou_dn_1: 0.1970 (0.1983)  loss_fgl_dn_1: 1.0122 (1.0225)  loss_ddf_dn_1: 0.0060 (0.0058)  loss_mal_dn_2: 0.4823 (0.4799)  loss_bbox_dn_2: 0.0141 (0.0138)  loss_giou_dn_2: 0.1950 (0.1969)  loss_fgl_dn_2: 1.0130 (1.0200)  loss_ddf_dn_2: -0.0000 (0.0000)  loss_mal_dn_pre: 0.6059 (0.5975)  loss_bbox_dn_pre: 0.0196 (0.0192)  loss_giou_dn_pre: 0.2716 (0.2660)  time: 0.5488  data: 0.0388  max mem: 5227
Epoch: [24/30]  [20/44]  eta: 0:00:13  lr: 0.000100  loss: 13.5423 (13.6762)  loss_mal: 0.4818 (0.4881)  loss_bbox: 0.0144 (0.0144)  loss_giou: 0.2006 (0.2075)  loss_fgl: 1.0294 (1.0535)  loss_mal_aux_0: 0.5491 (0.5599)  loss_bbox_aux_0: 0.0152 (0.0157)  loss_giou_aux_0: 0.2171 (0.2236)  loss_fgl_aux_0: 1.0647 (1.0798)  loss_ddf_aux_0: 0.0290 (0.0296)  loss_mal_aux_1: 0.4898 (0.5005)  loss_bbox_aux_1: 0.0144 (0.0144)  loss_giou_aux_1: 0.2022 (0.2072)  loss_fgl_aux_1: 1.0311 (1.0535)  loss_ddf_aux_1: 0.0010 (0.0010)  loss_mal_pre: 0.5526 (0.5590)  loss_bbox_pre: 0.0151 (0.0157)  loss_giou_pre: 0.2162 (0.2238)  loss_mal_enc_0: 0.6512 (0.6581)  loss_bbox_enc_0: 0.0205 (0.0206)  loss_giou_enc_0: 0.2900 (0.2877)  loss_mal_dn_0: 0.5828 (0.5887)  loss_bbox_dn_0: 0.0189 (0.0189)  loss_giou_dn_0: 0.2570 (0.2646)  loss_fgl_dn_0: 1.1378 (1.1439)  loss_ddf_dn_0: 0.1583 (0.1642)  loss_mal_dn_1: 0.4785 (0.4810)  loss_bbox_dn_1: 0.0133 (0.0136)  loss_giou_dn_1: 0.1915 (0.1951)  loss_fgl_dn_1: 1.0065 (1.0145)  loss_ddf_dn_1: 0.0053 (0.0055)  loss_mal_dn_2: 0.4718 (0.4761)  loss_bbox_dn_2: 0.0132 (0.0134)  loss_giou_dn_2: 0.1925 (0.1935)  loss_fgl_dn_2: 0.9969 (1.0117)  loss_ddf_dn_2: -0.0000 (0.0000)  loss_mal_dn_pre: 0.5872 (0.5944)  loss_bbox_dn_pre: 0.0189 (0.0189)  loss_giou_dn_pre: 0.2552 (0.2644)  time: 0.5410  data: 0.0162  max mem: 5227
Epoch: [24/30]  [30/44]  eta: 0:00:07  lr: 0.000100  loss: 13.3737 (13.6244)  loss_mal: 0.4813 (0.4853)  loss_bbox: 0.0135 (0.0143)  loss_giou: 0.1977 (0.2040)  loss_fgl: 1.0286 (1.0462)  loss_mal_aux_0: 0.5352 (0.5581)  loss_bbox_aux_0: 0.0146 (0.0158)  loss_giou_aux_0: 0.2108 (0.2224)  loss_fgl_aux_0: 1.0594 (1.0783)  loss_ddf_aux_0: 0.0310 (0.0328)  loss_mal_aux_1: 0.4832 (0.4952)  loss_bbox_aux_1: 0.0134 (0.0143)  loss_giou_aux_1: 0.1940 (0.2037)  loss_fgl_aux_1: 1.0310 (1.0458)  loss_ddf_aux_1: 0.0008 (0.0009)  loss_mal_pre: 0.5372 (0.5570)  loss_bbox_pre: 0.0147 (0.0157)  loss_giou_pre: 0.2098 (0.2223)  loss_mal_enc_0: 0.6604 (0.6629)  loss_bbox_enc_0: 0.0200 (0.0208)  loss_giou_enc_0: 0.2723 (0.2867)  loss_mal_dn_0: 0.5785 (0.5876)  loss_bbox_dn_0: 0.0184 (0.0190)  loss_giou_dn_0: 0.2554 (0.2644)  loss_fgl_dn_0: 1.1307 (1.1431)  loss_ddf_dn_0: 0.1583 (0.1656)  loss_mal_dn_1: 0.4656 (0.4769)  loss_bbox_dn_1: 0.0129 (0.0135)  loss_giou_dn_1: 0.1831 (0.1929)  loss_fgl_dn_1: 1.0035 (1.0108)  loss_ddf_dn_1: 0.0048 (0.0055)  loss_mal_dn_2: 0.4636 (0.4727)  loss_bbox_dn_2: 0.0126 (0.0134)  loss_giou_dn_2: 0.1814 (0.1916)  loss_fgl_dn_2: 0.9969 (1.0088)  loss_ddf_dn_2: -0.0000 (0.0000)  loss_mal_dn_pre: 0.5834 (0.5931)  loss_bbox_dn_pre: 0.0184 (0.0190)  loss_giou_dn_pre: 0.2529 (0.2639)  time: 0.5641  data: 0.0163  max mem: 5227
Epoch: [24/30]  [40/44]  eta: 0:00:02  lr: 0.000100  loss: 13.4035 (13.5586)  loss_mal: 0.4665 (0.4804)  loss_bbox: 0.0133 (0.0141)  loss_giou: 0.1945 (0.2009)  loss_fgl: 1.0190 (1.0395)  loss_mal_aux_0: 0.5482 (0.5549)  loss_bbox_aux_0: 0.0158 (0.0158)  loss_giou_aux_0: 0.2197 (0.2219)  loss_fgl_aux_0: 1.0638 (1.0776)  loss_ddf_aux_0: 0.0366 (0.0337)  loss_mal_aux_1: 0.4688 (0.4897)  loss_bbox_aux_1: 0.0132 (0.0141)  loss_giou_aux_1: 0.1944 (0.2008)  loss_fgl_aux_1: 1.0176 (1.0394)  loss_ddf_aux_1: 0.0008 (0.0009)  loss_mal_pre: 0.5474 (0.5537)  loss_bbox_pre: 0.0156 (0.0157)  loss_giou_pre: 0.2194 (0.2217)  loss_mal_enc_0: 0.6533 (0.6588)  loss_bbox_enc_0: 0.0200 (0.0208)  loss_giou_enc_0: 0.2754 (0.2858)  loss_mal_dn_0: 0.5847 (0.5869)  loss_bbox_dn_0: 0.0190 (0.0190)  loss_giou_dn_0: 0.2607 (0.2637)  loss_fgl_dn_0: 1.1382 (1.1423)  loss_ddf_dn_0: 0.1663 (0.1672)  loss_mal_dn_1: 0.4607 (0.4738)  loss_bbox_dn_1: 0.0127 (0.0134)  loss_giou_dn_1: 0.1827 (0.1906)  loss_fgl_dn_1: 1.0035 (1.0059)  loss_ddf_dn_1: 0.0047 (0.0052)  loss_mal_dn_2: 0.4580 (0.4699)  loss_bbox_dn_2: 0.0125 (0.0133)  loss_giou_dn_2: 0.1811 (0.1894)  loss_fgl_dn_2: 1.0006 (1.0038)  loss_ddf_dn_2: -0.0000 (0.0000)  loss_mal_dn_pre: 0.5909 (0.5921)  loss_bbox_dn_pre: 0.0191 (0.0190)  loss_giou_dn_pre: 0.2583 (0.2631)  time: 0.5629  data: 0.0159  max mem: 5227
Epoch: [24/30]  [43/44]  eta: 0:00:00  lr: 0.000100  loss: 13.4035 (13.6146)  loss_mal: 0.4666 (0.4842)  loss_bbox: 0.0134 (0.0143)  loss_giou: 0.1978 (0.2042)  loss_fgl: 1.0368 (1.0435)  loss_mal_aux_0: 0.5482 (0.5567)  loss_bbox_aux_0: 0.0156 (0.0158)  loss_giou_aux_0: 0.2197 (0.2236)  loss_fgl_aux_0: 1.0638 (1.0791)  loss_ddf_aux_0: 0.0378 (0.0338)  loss_mal_aux_1: 0.4797 (0.4935)  loss_bbox_aux_1: 0.0134 (0.0143)  loss_giou_aux_1: 0.1987 (0.2040)  loss_fgl_aux_1: 1.0379 (1.0431)  loss_ddf_aux_1: 0.0008 (0.0009)  loss_mal_pre: 0.5474 (0.5554)  loss_bbox_pre: 0.0155 (0.0158)  loss_giou_pre: 0.2194 (0.2233)  loss_mal_enc_0: 0.6533 (0.6594)  loss_bbox_enc_0: 0.0199 (0.0208)  loss_giou_enc_0: 0.2754 (0.2875)  loss_mal_dn_0: 0.5847 (0.5881)  loss_bbox_dn_0: 0.0190 (0.0190)  loss_giou_dn_0: 0.2607 (0.2652)  loss_fgl_dn_0: 1.1382 (1.1429)  loss_ddf_dn_0: 0.1717 (0.1679)  loss_mal_dn_1: 0.4656 (0.4763)  loss_bbox_dn_1: 0.0127 (0.0134)  loss_giou_dn_1: 0.1831 (0.1926)  loss_fgl_dn_1: 1.0049 (1.0091)  loss_ddf_dn_1: 0.0047 (0.0052)  loss_mal_dn_2: 0.4636 (0.4725)  loss_bbox_dn_2: 0.0126 (0.0134)  loss_giou_dn_2: 0.1833 (0.1916)  loss_fgl_dn_2: 1.0035 (1.0073)  loss_ddf_dn_2: -0.0000 (0.0000)  loss_mal_dn_pre: 0.5909 (0.5933)  loss_bbox_dn_pre: 0.0189 (0.0190)  loss_giou_dn_pre: 0.2583 (0.2646)  time: 0.5489  data: 0.0159  max mem: 5227
Epoch: [24/30] Total time: 0:00:24 (0.5544 s / it)
Averaged stats: lr: 0.000100  loss: 13.4035 (13.6146)  loss_mal: 0.4666 (0.4842)  loss_bbox: 0.0134 (0.0143)  loss_giou: 0.1978 (0.2042)  loss_fgl: 1.0368 (1.0435)  loss_mal_aux_0: 0.5482 (0.5567)  loss_bbox_aux_0: 0.0156 (0.0158)  loss_giou_aux_0: 0.2197 (0.2236)  loss_fgl_aux_0: 1.0638 (1.0791)  loss_ddf_aux_0: 0.0378 (0.0338)  loss_mal_aux_1: 0.4797 (0.4935)  loss_bbox_aux_1: 0.0134 (0.0143)  loss_giou_aux_1: 0.1987 (0.2040)  loss_fgl_aux_1: 1.0379 (1.0431)  loss_ddf_aux_1: 0.0008 (0.0009)  loss_mal_pre: 0.5474 (0.5554)  loss_bbox_pre: 0.0155 (0.0158)  loss_giou_pre: 0.2194 (0.2233)  loss_mal_enc_0: 0.6533 (0.6594)  loss_bbox_enc_0: 0.0199 (0.0208)  loss_giou_enc_0: 0.2754 (0.2875)  loss_mal_dn_0: 0.5847 (0.5881)  loss_bbox_dn_0: 0.0190 (0.0190)  loss_giou_dn_0: 0.2607 (0.2652)  loss_fgl_dn_0: 1.1382 (1.1429)  loss_ddf_dn_0: 0.1717 (0.1679)  loss_mal_dn_1: 0.4656 (0.4763)  loss_bbox_dn_1: 0.0127 (0.0134)  loss_giou_dn_1: 0.1831 (0.1926)  loss_fgl_dn_1: 1.0049 (1.0091)  loss_ddf_dn_1: 0.0047 (0.0052)  loss_mal_dn_2: 0.4636 (0.4725)  loss_bbox_dn_2: 0.0126 (0.0134)  loss_giou_dn_2: 0.1833 (0.1916)  loss_fgl_dn_2: 1.0035 (1.0073)  loss_ddf_dn_2: -0.0000 (0.0000)  loss_mal_dn_pre: 0.5909 (0.5933)  loss_bbox_dn_pre: 0.0189 (0.0190)  loss_giou_dn_pre: 0.2583 (0.2646)
Test:  [0/9]  eta: 0:00:03    time: 0.3556  data: 0.2448  max mem: 5227
Test:  [8/9]  eta: 0:00:00    time: 0.1387  data: 0.0431  max mem: 5227
Test: Total time: 0:00:01 (0.1430 s / it)
Metrics: {'f1': 0.9791666666666666, 'precision': 0.9791666666666666, 'recall': 0.9791666666666666, 'iou': 0.6694076442394127, 'TPs': 141, 'FPs': 3, 'FNs': 3}
Averaged stats: 
Accumulating evaluation results...
COCOeval_opt.accumulate() finished...
DONE (t=0.01s).
IoU metric: bbox
 Average Precision  (AP) @[ IoU=0.50:0.95 | area=   all | maxDets=100 ] = 0.351
 Average Precision  (AP) @[ IoU=0.50      | area=   all | maxDets=100 ] = 0.967
 Average Precision  (AP) @[ IoU=0.75      | area=   all | maxDets=100 ] = 0.136
 Average Precision  (AP) @[ IoU=0.50:0.95 | area= small | maxDets=100 ] = 0.352
 Average Precision  (AP) @[ IoU=0.50:0.95 | area=medium | maxDets=100 ] = -1.000
 Average Precision  (AP) @[ IoU=0.50:0.95 | area= large | maxDets=100 ] = -1.000
 Average Recall     (AR) @[ IoU=0.50:0.95 | area=   all | maxDets=  1 ] = 0.201
 Average Recall     (AR) @[ IoU=0.50:0.95 | area=   all | maxDets= 10 ] = 0.465
 Average Recall     (AR) @[ IoU=0.50:0.95 | area=   all | maxDets=100 ] = 0.575
 Average Recall     (AR) @[ IoU=0.50:0.95 | area= small | maxDets=100 ] = 0.575
 Average Recall     (AR) @[ IoU=0.50:0.95 | area=medium | maxDets=100 ] = -1.000
 Average Recall     (AR) @[ IoU=0.50:0.95 | area= large | maxDets=100 ] = -1.000
 Average Recall     (AR) @[ IoU=0.50      | area=   all | maxDets=100 ] = 0.993
 Average Recall     (AR) @[ IoU=0.75      | area=   all | maxDets=100 ] = 0.590
best_stat: {'epoch': 7, 'coco_eval_bbox': 0.37201236408190996}
Epoch: [25/30]  [ 0/44]  eta: 0:00:35  lr: 0.000010  loss: 13.0101 (13.0101)  loss_mal: 0.4641 (0.4641)  loss_bbox: 0.0145 (0.0145)  loss_giou: 0.1923 (0.1923)  loss_fgl: 0.9790 (0.9790)  loss_mal_aux_0: 0.5216 (0.5216)  loss_bbox_aux_0: 0.0160 (0.0160)  loss_giou_aux_0: 0.2108 (0.2108)  loss_fgl_aux_0: 1.0381 (1.0381)  loss_ddf_aux_0: 0.0381 (0.0381)  loss_mal_aux_1: 0.4691 (0.4691)  loss_bbox_aux_1: 0.0145 (0.0145)  loss_giou_aux_1: 0.1924 (0.1924)  loss_fgl_aux_1: 0.9822 (0.9822)  loss_ddf_aux_1: 0.0008 (0.0008)  loss_mal_pre: 0.5159 (0.5159)  loss_bbox_pre: 0.0154 (0.0154)  loss_giou_pre: 0.2042 (0.2042)  loss_mal_enc_0: 0.6609 (0.6609)  loss_bbox_enc_0: 0.0225 (0.0225)  loss_giou_enc_0: 0.2850 (0.2850)  loss_mal_dn_0: 0.5664 (0.5664)  loss_bbox_dn_0: 0.0188 (0.0188)  loss_giou_dn_0: 0.2427 (0.2427)  loss_fgl_dn_0: 1.1057 (1.1057)  loss_ddf_dn_0: 0.1983 (0.1983)  loss_mal_dn_1: 0.4571 (0.4571)  loss_bbox_dn_1: 0.0133 (0.0133)  loss_giou_dn_1: 0.1770 (0.1770)  loss_fgl_dn_1: 0.9591 (0.9591)  loss_ddf_dn_1: 0.0059 (0.0059)  loss_mal_dn_2: 0.4556 (0.4556)  loss_bbox_dn_2: 0.0132 (0.0132)  loss_giou_dn_2: 0.1758 (0.1758)  loss_fgl_dn_2: 0.9531 (0.9531)  loss_ddf_dn_2: -0.0000 (0.0000)  loss_mal_dn_pre: 0.5708 (0.5708)  loss_bbox_dn_pre: 0.0187 (0.0187)  loss_giou_dn_pre: 0.2411 (0.2411)  time: 0.8130  data: 0.2494  max mem: 5227
Epoch: [25/30]  [10/44]  eta: 0:00:18  lr: 0.000010  loss: 13.6805 (13.6677)  loss_mal: 0.4917 (0.4906)  loss_bbox: 0.0146 (0.0147)  loss_giou: 0.1923 (0.2064)  loss_fgl: 1.0387 (1.0392)  loss_mal_aux_0: 0.5691 (0.5626)  loss_bbox_aux_0: 0.0160 (0.0164)  loss_giou_aux_0: 0.2108 (0.2283)  loss_fgl_aux_0: 1.0868 (1.0792)  loss_ddf_aux_0: 0.0324 (0.0337)  loss_mal_aux_1: 0.4944 (0.4901)  loss_bbox_aux_1: 0.0145 (0.0147)  loss_giou_aux_1: 0.1941 (0.2061)  loss_fgl_aux_1: 1.0381 (1.0400)  loss_ddf_aux_1: 0.0008 (0.0009)  loss_mal_pre: 0.5652 (0.5605)  loss_bbox_pre: 0.0154 (0.0163)  loss_giou_pre: 0.2084 (0.2275)  loss_mal_enc_0: 0.6609 (0.6623)  loss_bbox_enc_0: 0.0224 (0.0216)  loss_giou_enc_0: 0.2850 (0.2946)  loss_mal_dn_0: 0.5865 (0.5884)  loss_bbox_dn_0: 0.0198 (0.0192)  loss_giou_dn_0: 0.2593 (0.2670)  loss_fgl_dn_0: 1.1267 (1.1402)  loss_ddf_dn_0: 0.1889 (0.1780)  loss_mal_dn_1: 0.4721 (0.4760)  loss_bbox_dn_1: 0.0136 (0.0137)  loss_giou_dn_1: 0.1909 (0.1950)  loss_fgl_dn_1: 0.9945 (1.0112)  loss_ddf_dn_1: 0.0056 (0.0051)  loss_mal_dn_2: 0.4698 (0.4742)  loss_bbox_dn_2: 0.0137 (0.0136)  loss_giou_dn_2: 0.1886 (0.1936)  loss_fgl_dn_2: 0.9915 (1.0086)  loss_ddf_dn_2: -0.0000 (0.0000)  loss_mal_dn_pre: 0.5944 (0.5936)  loss_bbox_dn_pre: 0.0197 (0.0191)  loss_giou_dn_pre: 0.2572 (0.2657)  time: 0.5515  data: 0.0376  max mem: 5227
Epoch: [25/30]  [20/44]  eta: 0:00:13  lr: 0.000010  loss: 12.8702 (13.2243)  loss_mal: 0.4531 (0.4700)  loss_bbox: 0.0127 (0.0135)  loss_giou: 0.1731 (0.1903)  loss_fgl: 1.0055 (1.0195)  loss_mal_aux_0: 0.5205 (0.5404)  loss_bbox_aux_0: 0.0134 (0.0149)  loss_giou_aux_0: 0.1937 (0.2087)  loss_fgl_aux_0: 1.0312 (1.0532)  loss_ddf_aux_0: 0.0324 (0.0345)  loss_mal_aux_1: 0.4640 (0.4734)  loss_bbox_aux_1: 0.0125 (0.0135)  loss_giou_aux_1: 0.1739 (0.1902)  loss_fgl_aux_1: 1.0042 (1.0199)  loss_ddf_aux_1: 0.0009 (0.0009)  loss_mal_pre: 0.5207 (0.5391)  loss_bbox_pre: 0.0133 (0.0148)  loss_giou_pre: 0.1877 (0.2077)  loss_mal_enc_0: 0.6348 (0.6472)  loss_bbox_enc_0: 0.0190 (0.0198)  loss_giou_enc_0: 0.2608 (0.2722)  loss_mal_dn_0: 0.5674 (0.5746)  loss_bbox_dn_0: 0.0172 (0.0181)  loss_giou_dn_0: 0.2480 (0.2522)  loss_fgl_dn_0: 1.1101 (1.1196)  loss_ddf_dn_0: 0.1779 (0.1772)  loss_mal_dn_1: 0.4438 (0.4595)  loss_bbox_dn_1: 0.0127 (0.0129)  loss_giou_dn_1: 0.1704 (0.1819)  loss_fgl_dn_1: 0.9790 (0.9915)  loss_ddf_dn_1: 0.0050 (0.0052)  loss_mal_dn_2: 0.4466 (0.4565)  loss_bbox_dn_2: 0.0125 (0.0128)  loss_giou_dn_2: 0.1710 (0.1804)  loss_fgl_dn_2: 0.9780 (0.9884)  loss_ddf_dn_2: -0.0000 (0.0000)  loss_mal_dn_pre: 0.5724 (0.5804)  loss_bbox_dn_pre: 0.0172 (0.0181)  loss_giou_dn_pre: 0.2481 (0.2513)  time: 0.5447  data: 0.0166  max mem: 5227
Epoch: [25/30]  [30/44]  eta: 0:00:07  lr: 0.000010  loss: 12.6864 (13.1303)  loss_mal: 0.4472 (0.4650)  loss_bbox: 0.0125 (0.0134)  loss_giou: 0.1718 (0.1892)  loss_fgl: 1.0019 (1.0149)  loss_mal_aux_0: 0.5062 (0.5329)  loss_bbox_aux_0: 0.0133 (0.0146)  loss_giou_aux_0: 0.1831 (0.2052)  loss_fgl_aux_0: 1.0161 (1.0454)  loss_ddf_aux_0: 0.0335 (0.0346)  loss_mal_aux_1: 0.4565 (0.4707)  loss_bbox_aux_1: 0.0123 (0.0135)  loss_giou_aux_1: 0.1711 (0.1895)  loss_fgl_aux_1: 0.9994 (1.0151)  loss_ddf_aux_1: 0.0009 (0.0009)  loss_mal_pre: 0.5037 (0.5326)  loss_bbox_pre: 0.0132 (0.0146)  loss_giou_pre: 0.1837 (0.2052)  loss_mal_enc_0: 0.6237 (0.6410)  loss_bbox_enc_0: 0.0175 (0.0194)  loss_giou_enc_0: 0.2409 (0.2667)  loss_mal_dn_0: 0.5574 (0.5725)  loss_bbox_dn_0: 0.0171 (0.0181)  loss_giou_dn_0: 0.2336 (0.2509)  loss_fgl_dn_0: 1.0922 (1.1148)  loss_ddf_dn_0: 0.1721 (0.1766)  loss_mal_dn_1: 0.4414 (0.4566)  loss_bbox_dn_1: 0.0121 (0.0127)  loss_giou_dn_1: 0.1666 (0.1797)  loss_fgl_dn_1: 0.9762 (0.9851)  loss_ddf_dn_1: 0.0049 (0.0052)  loss_mal_dn_2: 0.4378 (0.4534)  loss_bbox_dn_2: 0.0121 (0.0126)  loss_giou_dn_2: 0.1650 (0.1784)  loss_fgl_dn_2: 0.9718 (0.9824)  loss_ddf_dn_2: -0.0000 (0.0000)  loss_mal_dn_pre: 0.5631 (0.5785)  loss_bbox_dn_pre: 0.0170 (0.0180)  loss_giou_dn_pre: 0.2342 (0.2505)  time: 0.5601  data: 0.0166  max mem: 5227
Epoch: [25/30]  [40/44]  eta: 0:00:02  lr: 0.000010  loss: 12.7107 (13.0073)  loss_mal: 0.4465 (0.4588)  loss_bbox: 0.0122 (0.0130)  loss_giou: 0.1729 (0.1849)  loss_fgl: 0.9888 (1.0078)  loss_mal_aux_0: 0.5069 (0.5275)  loss_bbox_aux_0: 0.0134 (0.0143)  loss_giou_aux_0: 0.1893 (0.2016)  loss_fgl_aux_0: 1.0161 (1.0392)  loss_ddf_aux_0: 0.0306 (0.0339)  loss_mal_aux_1: 0.4534 (0.4646)  loss_bbox_aux_1: 0.0121 (0.0131)  loss_giou_aux_1: 0.1736 (0.1852)  loss_fgl_aux_1: 0.9884 (1.0082)  loss_ddf_aux_1: 0.0009 (0.0009)  loss_mal_pre: 0.5024 (0.5270)  loss_bbox_pre: 0.0133 (0.0143)  loss_giou_pre: 0.1893 (0.2015)  loss_mal_enc_0: 0.6181 (0.6349)  loss_bbox_enc_0: 0.0170 (0.0187)  loss_giou_enc_0: 0.2402 (0.2604)  loss_mal_dn_0: 0.5557 (0.5691)  loss_bbox_dn_0: 0.0168 (0.0177)  loss_giou_dn_0: 0.2349 (0.2471)  loss_fgl_dn_0: 1.0947 (1.1098)  loss_ddf_dn_0: 0.1713 (0.1765)  loss_mal_dn_1: 0.4419 (0.4529)  loss_bbox_dn_1: 0.0116 (0.0124)  loss_giou_dn_1: 0.1697 (0.1767)  loss_fgl_dn_1: 0.9568 (0.9779)  loss_ddf_dn_1: 0.0049 (0.0052)  loss_mal_dn_2: 0.4419 (0.4495)  loss_bbox_dn_2: 0.0116 (0.0123)  loss_giou_dn_2: 0.1683 (0.1755)  loss_fgl_dn_2: 0.9571 (0.9752)  loss_ddf_dn_2: -0.0000 (0.0000)  loss_mal_dn_pre: 0.5638 (0.5754)  loss_bbox_dn_pre: 0.0169 (0.0177)  loss_giou_dn_pre: 0.2346 (0.2467)  time: 0.5606  data: 0.0158  max mem: 5227
Epoch: [25/30]  [43/44]  eta: 0:00:00  lr: 0.000010  loss: 12.6294 (12.9381)  loss_mal: 0.4417 (0.4554)  loss_bbox: 0.0117 (0.0129)  loss_giou: 0.1705 (0.1828)  loss_fgl: 0.9847 (1.0023)  loss_mal_aux_0: 0.4959 (0.5236)  loss_bbox_aux_0: 0.0132 (0.0142)  loss_giou_aux_0: 0.1853 (0.1997)  loss_fgl_aux_0: 1.0079 (1.0342)  loss_ddf_aux_0: 0.0306 (0.0337)  loss_mal_aux_1: 0.4509 (0.4610)  loss_bbox_aux_1: 0.0118 (0.0129)  loss_giou_aux_1: 0.1689 (0.1832)  loss_fgl_aux_1: 0.9833 (1.0029)  loss_ddf_aux_1: 0.0008 (0.0009)  loss_mal_pre: 0.4998 (0.5232)  loss_bbox_pre: 0.0132 (0.0141)  loss_giou_pre: 0.1844 (0.1997)  loss_mal_enc_0: 0.6181 (0.6340)  loss_bbox_enc_0: 0.0173 (0.0187)  loss_giou_enc_0: 0.2402 (0.2589)  loss_mal_dn_0: 0.5550 (0.5676)  loss_bbox_dn_0: 0.0167 (0.0176)  loss_giou_dn_0: 0.2336 (0.2453)  loss_fgl_dn_0: 1.0868 (1.1069)  loss_ddf_dn_0: 0.1713 (0.1759)  loss_mal_dn_1: 0.4392 (0.4504)  loss_bbox_dn_1: 0.0113 (0.0123)  loss_giou_dn_1: 0.1628 (0.1751)  loss_fgl_dn_1: 0.9530 (0.9735)  loss_ddf_dn_1: 0.0048 (0.0052)  loss_mal_dn_2: 0.4378 (0.4469)  loss_bbox_dn_2: 0.0112 (0.0122)  loss_giou_dn_2: 0.1621 (0.1738)  loss_fgl_dn_2: 0.9528 (0.9707)  loss_ddf_dn_2: -0.0000 (0.0000)  loss_mal_dn_pre: 0.5630 (0.5740)  loss_bbox_dn_pre: 0.0167 (0.0175)  loss_giou_dn_pre: 0.2342 (0.2450)  time: 0.5414  data: 0.0153  max mem: 5227
Epoch: [25/30] Total time: 0:00:24 (0.5531 s / it)
Averaged stats: lr: 0.000010  loss: 12.6294 (12.9381)  loss_mal: 0.4417 (0.4554)  loss_bbox: 0.0117 (0.0129)  loss_giou: 0.1705 (0.1828)  loss_fgl: 0.9847 (1.0023)  loss_mal_aux_0: 0.4959 (0.5236)  loss_bbox_aux_0: 0.0132 (0.0142)  loss_giou_aux_0: 0.1853 (0.1997)  loss_fgl_aux_0: 1.0079 (1.0342)  loss_ddf_aux_0: 0.0306 (0.0337)  loss_mal_aux_1: 0.4509 (0.4610)  loss_bbox_aux_1: 0.0118 (0.0129)  loss_giou_aux_1: 0.1689 (0.1832)  loss_fgl_aux_1: 0.9833 (1.0029)  loss_ddf_aux_1: 0.0008 (0.0009)  loss_mal_pre: 0.4998 (0.5232)  loss_bbox_pre: 0.0132 (0.0141)  loss_giou_pre: 0.1844 (0.1997)  loss_mal_enc_0: 0.6181 (0.6340)  loss_bbox_enc_0: 0.0173 (0.0187)  loss_giou_enc_0: 0.2402 (0.2589)  loss_mal_dn_0: 0.5550 (0.5676)  loss_bbox_dn_0: 0.0167 (0.0176)  loss_giou_dn_0: 0.2336 (0.2453)  loss_fgl_dn_0: 1.0868 (1.1069)  loss_ddf_dn_0: 0.1713 (0.1759)  loss_mal_dn_1: 0.4392 (0.4504)  loss_bbox_dn_1: 0.0113 (0.0123)  loss_giou_dn_1: 0.1628 (0.1751)  loss_fgl_dn_1: 0.9530 (0.9735)  loss_ddf_dn_1: 0.0048 (0.0052)  loss_mal_dn_2: 0.4378 (0.4469)  loss_bbox_dn_2: 0.0112 (0.0122)  loss_giou_dn_2: 0.1621 (0.1738)  loss_fgl_dn_2: 0.9528 (0.9707)  loss_ddf_dn_2: -0.0000 (0.0000)  loss_mal_dn_pre: 0.5630 (0.5740)  loss_bbox_dn_pre: 0.0167 (0.0175)  loss_giou_dn_pre: 0.2342 (0.2450)
Test:  [0/9]  eta: 0:00:03    time: 0.3543  data: 0.2645  max mem: 5227
Test:  [8/9]  eta: 0:00:00    time: 0.1318  data: 0.0409  max mem: 5227
Test: Total time: 0:00:01 (0.1372 s / it)
Metrics: {'f1': 0.9826989619377162, 'precision': 0.9793103448275862, 'recall': 0.9861111111111112, 'iou': 0.6727929427510216, 'TPs': 142, 'FPs': 3, 'FNs': 2}
Averaged stats: 
Accumulating evaluation results...
COCOeval_opt.accumulate() finished...
DONE (t=0.01s).
IoU metric: bbox
 Average Precision  (AP) @[ IoU=0.50:0.95 | area=   all | maxDets=100 ] = 0.352
 Average Precision  (AP) @[ IoU=0.50      | area=   all | maxDets=100 ] = 0.977
 Average Precision  (AP) @[ IoU=0.75      | area=   all | maxDets=100 ] = 0.136
 Average Precision  (AP) @[ IoU=0.50:0.95 | area= small | maxDets=100 ] = 0.353
 Average Precision  (AP) @[ IoU=0.50:0.95 | area=medium | maxDets=100 ] = -1.000
 Average Precision  (AP) @[ IoU=0.50:0.95 | area= large | maxDets=100 ] = -1.000
 Average Recall     (AR) @[ IoU=0.50:0.95 | area=   all | maxDets=  1 ] = 0.201
 Average Recall     (AR) @[ IoU=0.50:0.95 | area=   all | maxDets= 10 ] = 0.464
 Average Recall     (AR) @[ IoU=0.50:0.95 | area=   all | maxDets=100 ] = 0.578
 Average Recall     (AR) @[ IoU=0.50:0.95 | area= small | maxDets=100 ] = 0.578
 Average Recall     (AR) @[ IoU=0.50:0.95 | area=medium | maxDets=100 ] = -1.000
 Average Recall     (AR) @[ IoU=0.50:0.95 | area= large | maxDets=100 ] = -1.000
 Average Recall     (AR) @[ IoU=0.50      | area=   all | maxDets=100 ] = 0.993
 Average Recall     (AR) @[ IoU=0.75      | area=   all | maxDets=100 ] = 0.590
best_stat: {'epoch': 7, 'coco_eval_bbox': 0.37201236408190996}
Epoch: [26/30]  [ 0/44]  eta: 0:00:31  lr: 0.000010  loss: 11.5720 (11.5720)  loss_mal: 0.3933 (0.3933)  loss_bbox: 0.0079 (0.0079)  loss_giou: 0.1278 (0.1278)  loss_fgl: 0.8898 (0.8898)  loss_mal_aux_0: 0.4872 (0.4872)  loss_bbox_aux_0: 0.0088 (0.0088)  loss_giou_aux_0: 0.1425 (0.1425)  loss_fgl_aux_0: 0.9307 (0.9307)  loss_ddf_aux_0: 0.0302 (0.0302)  loss_mal_aux_1: 0.3960 (0.3960)  loss_bbox_aux_1: 0.0079 (0.0079)  loss_giou_aux_1: 0.1272 (0.1272)  loss_fgl_aux_1: 0.8923 (0.8923)  loss_ddf_aux_1: 0.0009 (0.0009)  loss_mal_pre: 0.4846 (0.4846)  loss_bbox_pre: 0.0086 (0.0086)  loss_giou_pre: 0.1402 (0.1402)  loss_mal_enc_0: 0.6257 (0.6257)  loss_bbox_enc_0: 0.0145 (0.0145)  loss_giou_enc_0: 0.2291 (0.2291)  loss_mal_dn_0: 0.5368 (0.5368)  loss_bbox_dn_0: 0.0133 (0.0133)  loss_giou_dn_0: 0.2134 (0.2134)  loss_fgl_dn_0: 1.0574 (1.0574)  loss_ddf_dn_0: 0.1502 (0.1502)  loss_mal_dn_1: 0.3941 (0.3941)  loss_bbox_dn_1: 0.0085 (0.0085)  loss_giou_dn_1: 0.1379 (0.1379)  loss_fgl_dn_1: 0.9016 (0.9016)  loss_ddf_dn_1: 0.0038 (0.0038)  loss_mal_dn_2: 0.3930 (0.3930)  loss_bbox_dn_2: 0.0085 (0.0085)  loss_giou_dn_2: 0.1385 (0.1385)  loss_fgl_dn_2: 0.8993 (0.8993)  loss_ddf_dn_2: -0.0000 (0.0000)  loss_mal_dn_pre: 0.5438 (0.5438)  loss_bbox_dn_pre: 0.0133 (0.0133)  loss_giou_dn_pre: 0.2134 (0.2134)  time: 0.7184  data: 0.2615  max mem: 5227
Epoch: [26/30]  [10/44]  eta: 0:00:18  lr: 0.000010  loss: 12.4802 (12.1576)  loss_mal: 0.4255 (0.4162)  loss_bbox: 0.0110 (0.0106)  loss_giou: 0.1599 (0.1560)  loss_fgl: 0.9424 (0.9441)  loss_mal_aux_0: 0.4872 (0.4909)  loss_bbox_aux_0: 0.0121 (0.0119)  loss_giou_aux_0: 0.1731 (0.1728)  loss_fgl_aux_0: 0.9861 (0.9851)  loss_ddf_aux_0: 0.0330 (0.0339)  loss_mal_aux_1: 0.4241 (0.4201)  loss_bbox_aux_1: 0.0111 (0.0106)  loss_giou_aux_1: 0.1612 (0.1556)  loss_fgl_aux_1: 0.9458 (0.9451)  loss_ddf_aux_1: 0.0009 (0.0009)  loss_mal_pre: 0.4876 (0.4913)  loss_bbox_pre: 0.0121 (0.0119)  loss_giou_pre: 0.1734 (0.1737)  loss_mal_enc_0: 0.6095 (0.6187)  loss_bbox_enc_0: 0.0162 (0.0167)  loss_giou_enc_0: 0.2457 (0.2400)  loss_mal_dn_0: 0.5584 (0.5491)  loss_bbox_dn_0: 0.0152 (0.0158)  loss_giou_dn_0: 0.2356 (0.2245)  loss_fgl_dn_0: 1.1000 (1.0795)  loss_ddf_dn_0: 0.1552 (0.1578)  loss_mal_dn_1: 0.4299 (0.4216)  loss_bbox_dn_1: 0.0104 (0.0106)  loss_giou_dn_1: 0.1613 (0.1555)  loss_fgl_dn_1: 0.9427 (0.9293)  loss_ddf_dn_1: 0.0041 (0.0044)  loss_mal_dn_2: 0.4231 (0.4179)  loss_bbox_dn_2: 0.0102 (0.0105)  loss_giou_dn_2: 0.1587 (0.1538)  loss_fgl_dn_2: 0.9382 (0.9241)  loss_ddf_dn_2: -0.0000 (0.0000)  loss_mal_dn_pre: 0.5659 (0.5565)  loss_bbox_dn_pre: 0.0153 (0.0157)  loss_giou_dn_pre: 0.2354 (0.2247)  time: 0.5587  data: 0.0394  max mem: 5227
Epoch: [26/30]  [20/44]  eta: 0:00:13  lr: 0.000010  loss: 12.4802 (12.4028)  loss_mal: 0.4255 (0.4311)  loss_bbox: 0.0108 (0.0111)  loss_giou: 0.1581 (0.1619)  loss_fgl: 0.9424 (0.9558)  loss_mal_aux_0: 0.4828 (0.5098)  loss_bbox_aux_0: 0.0117 (0.0125)  loss_giou_aux_0: 0.1718 (0.1811)  loss_fgl_aux_0: 0.9837 (1.0013)  loss_ddf_aux_0: 0.0330 (0.0341)  loss_mal_aux_1: 0.4328 (0.4399)  loss_bbox_aux_1: 0.0108 (0.0111)  loss_giou_aux_1: 0.1571 (0.1618)  loss_fgl_aux_1: 0.9458 (0.9564)  loss_ddf_aux_1: 0.0008 (0.0009)  loss_mal_pre: 0.4876 (0.5090)  loss_bbox_pre: 0.0120 (0.0125)  loss_giou_pre: 0.1724 (0.1812)  loss_mal_enc_0: 0.6095 (0.6257)  loss_bbox_enc_0: 0.0170 (0.0172)  loss_giou_enc_0: 0.2445 (0.2442)  loss_mal_dn_0: 0.5474 (0.5561)  loss_bbox_dn_0: 0.0153 (0.0162)  loss_giou_dn_0: 0.2253 (0.2299)  loss_fgl_dn_0: 1.0985 (1.0919)  loss_ddf_dn_0: 0.1585 (0.1664)  loss_mal_dn_1: 0.4278 (0.4285)  loss_bbox_dn_1: 0.0104 (0.0109)  loss_giou_dn_1: 0.1612 (0.1600)  loss_fgl_dn_1: 0.9427 (0.9402)  loss_ddf_dn_1: 0.0044 (0.0047)  loss_mal_dn_2: 0.4224 (0.4247)  loss_bbox_dn_2: 0.0102 (0.0108)  loss_giou_dn_2: 0.1587 (0.1585)  loss_fgl_dn_2: 0.9382 (0.9359)  loss_ddf_dn_2: -0.0000 (0.0000)  loss_mal_dn_pre: 0.5586 (0.5636)  loss_bbox_dn_pre: 0.0153 (0.0161)  loss_giou_dn_pre: 0.2265 (0.2297)  time: 0.5575  data: 0.0164  max mem: 5227
Epoch: [26/30]  [30/44]  eta: 0:00:07  lr: 0.000010  loss: 11.9676 (12.4025)  loss_mal: 0.4188 (0.4300)  loss_bbox: 0.0100 (0.0112)  loss_giou: 0.1523 (0.1612)  loss_fgl: 0.9326 (0.9553)  loss_mal_aux_0: 0.4979 (0.5085)  loss_bbox_aux_0: 0.0117 (0.0127)  loss_giou_aux_0: 0.1693 (0.1814)  loss_fgl_aux_0: 0.9837 (1.0010)  loss_ddf_aux_0: 0.0338 (0.0351)  loss_mal_aux_1: 0.4263 (0.4381)  loss_bbox_aux_1: 0.0099 (0.0112)  loss_giou_aux_1: 0.1518 (0.1612)  loss_fgl_aux_1: 0.9377 (0.9564)  loss_ddf_aux_1: 0.0008 (0.0009)  loss_mal_pre: 0.4987 (0.5076)  loss_bbox_pre: 0.0120 (0.0127)  loss_giou_pre: 0.1701 (0.1813)  loss_mal_enc_0: 0.6299 (0.6251)  loss_bbox_enc_0: 0.0172 (0.0174)  loss_giou_enc_0: 0.2318 (0.2439)  loss_mal_dn_0: 0.5422 (0.5561)  loss_bbox_dn_0: 0.0161 (0.0164)  loss_giou_dn_0: 0.2168 (0.2301)  loss_fgl_dn_0: 1.0724 (1.0931)  loss_ddf_dn_0: 0.1738 (0.1714)  loss_mal_dn_1: 0.4140 (0.4285)  loss_bbox_dn_1: 0.0105 (0.0111)  loss_giou_dn_1: 0.1472 (0.1596)  loss_fgl_dn_1: 0.9151 (0.9401)  loss_ddf_dn_1: 0.0049 (0.0049)  loss_mal_dn_2: 0.4098 (0.4244)  loss_bbox_dn_2: 0.0104 (0.0109)  loss_giou_dn_2: 0.1463 (0.1582)  loss_fgl_dn_2: 0.9104 (0.9355)  loss_ddf_dn_2: -0.0000 (0.0000)  loss_mal_dn_pre: 0.5508 (0.5636)  loss_bbox_dn_pre: 0.0159 (0.0163)  loss_giou_dn_pre: 0.2174 (0.2301)  time: 0.5679  data: 0.0157  max mem: 5227
Epoch: [26/30]  [40/44]  eta: 0:00:02  lr: 0.000010  loss: 12.0223 (12.3503)  loss_mal: 0.4188 (0.4273)  loss_bbox: 0.0103 (0.0112)  loss_giou: 0.1523 (0.1602)  loss_fgl: 0.9326 (0.9502)  loss_mal_aux_0: 0.4975 (0.5054)  loss_bbox_aux_0: 0.0127 (0.0128)  loss_giou_aux_0: 0.1726 (0.1813)  loss_fgl_aux_0: 0.9820 (0.9973)  loss_ddf_aux_0: 0.0389 (0.0361)  loss_mal_aux_1: 0.4179 (0.4357)  loss_bbox_aux_1: 0.0104 (0.0112)  loss_giou_aux_1: 0.1544 (0.1606)  loss_fgl_aux_1: 0.9377 (0.9518)  loss_ddf_aux_1: 0.0009 (0.0009)  loss_mal_pre: 0.4977 (0.5050)  loss_bbox_pre: 0.0125 (0.0128)  loss_giou_pre: 0.1732 (0.1815)  loss_mal_enc_0: 0.6255 (0.6232)  loss_bbox_enc_0: 0.0178 (0.0176)  loss_giou_enc_0: 0.2341 (0.2439)  loss_mal_dn_0: 0.5422 (0.5535)  loss_bbox_dn_0: 0.0163 (0.0164)  loss_giou_dn_0: 0.2168 (0.2286)  loss_fgl_dn_0: 1.0744 (1.0901)  loss_ddf_dn_0: 0.1784 (0.1734)  loss_mal_dn_1: 0.4140 (0.4262)  loss_bbox_dn_1: 0.0106 (0.0111)  loss_giou_dn_1: 0.1472 (0.1583)  loss_fgl_dn_1: 0.9151 (0.9354)  loss_ddf_dn_1: 0.0053 (0.0051)  loss_mal_dn_2: 0.4098 (0.4218)  loss_bbox_dn_2: 0.0104 (0.0109)  loss_giou_dn_2: 0.1473 (0.1566)  loss_fgl_dn_2: 0.9104 (0.9308)  loss_ddf_dn_2: -0.0000 (0.0000)  loss_mal_dn_pre: 0.5484 (0.5613)  loss_bbox_dn_pre: 0.0164 (0.0164)  loss_giou_dn_pre: 0.2172 (0.2286)  time: 0.5634  data: 0.0166  max mem: 5227
Epoch: [26/30]  [43/44]  eta: 0:00:00  lr: 0.000010  loss: 12.0223 (12.3380)  loss_mal: 0.4172 (0.4266)  loss_bbox: 0.0100 (0.0111)  loss_giou: 0.1523 (0.1593)  loss_fgl: 0.9265 (0.9482)  loss_mal_aux_0: 0.4975 (0.5077)  loss_bbox_aux_0: 0.0120 (0.0127)  loss_giou_aux_0: 0.1726 (0.1809)  loss_fgl_aux_0: 0.9820 (0.9968)  loss_ddf_aux_0: 0.0370 (0.0359)  loss_mal_aux_1: 0.4179 (0.4349)  loss_bbox_aux_1: 0.0101 (0.0111)  loss_giou_aux_1: 0.1518 (0.1597)  loss_fgl_aux_1: 0.9288 (0.9497)  loss_ddf_aux_1: 0.0009 (0.0009)  loss_mal_pre: 0.4977 (0.5069)  loss_bbox_pre: 0.0122 (0.0127)  loss_giou_pre: 0.1732 (0.1808)  loss_mal_enc_0: 0.6255 (0.6246)  loss_bbox_enc_0: 0.0178 (0.0175)  loss_giou_enc_0: 0.2341 (0.2441)  loss_mal_dn_0: 0.5422 (0.5532)  loss_bbox_dn_0: 0.0157 (0.0163)  loss_giou_dn_0: 0.2168 (0.2284)  loss_fgl_dn_0: 1.0772 (1.0898)  loss_ddf_dn_0: 0.1757 (0.1728)  loss_mal_dn_1: 0.4117 (0.4254)  loss_bbox_dn_1: 0.0104 (0.0110)  loss_giou_dn_1: 0.1471 (0.1577)  loss_fgl_dn_1: 0.9072 (0.9337)  loss_ddf_dn_1: 0.0052 (0.0050)  loss_mal_dn_2: 0.4058 (0.4210)  loss_bbox_dn_2: 0.0103 (0.0108)  loss_giou_dn_2: 0.1463 (0.1561)  loss_fgl_dn_2: 0.8988 (0.9291)  loss_ddf_dn_2: -0.0000 (0.0000)  loss_mal_dn_pre: 0.5484 (0.5610)  loss_bbox_dn_pre: 0.0158 (0.0163)  loss_giou_dn_pre: 0.2172 (0.2283)  time: 0.5593  data: 0.0166  max mem: 5227
Epoch: [26/30] Total time: 0:00:24 (0.5641 s / it)
Averaged stats: lr: 0.000010  loss: 12.0223 (12.3380)  loss_mal: 0.4172 (0.4266)  loss_bbox: 0.0100 (0.0111)  loss_giou: 0.1523 (0.1593)  loss_fgl: 0.9265 (0.9482)  loss_mal_aux_0: 0.4975 (0.5077)  loss_bbox_aux_0: 0.0120 (0.0127)  loss_giou_aux_0: 0.1726 (0.1809)  loss_fgl_aux_0: 0.9820 (0.9968)  loss_ddf_aux_0: 0.0370 (0.0359)  loss_mal_aux_1: 0.4179 (0.4349)  loss_bbox_aux_1: 0.0101 (0.0111)  loss_giou_aux_1: 0.1518 (0.1597)  loss_fgl_aux_1: 0.9288 (0.9497)  loss_ddf_aux_1: 0.0009 (0.0009)  loss_mal_pre: 0.4977 (0.5069)  loss_bbox_pre: 0.0122 (0.0127)  loss_giou_pre: 0.1732 (0.1808)  loss_mal_enc_0: 0.6255 (0.6246)  loss_bbox_enc_0: 0.0178 (0.0175)  loss_giou_enc_0: 0.2341 (0.2441)  loss_mal_dn_0: 0.5422 (0.5532)  loss_bbox_dn_0: 0.0157 (0.0163)  loss_giou_dn_0: 0.2168 (0.2284)  loss_fgl_dn_0: 1.0772 (1.0898)  loss_ddf_dn_0: 0.1757 (0.1728)  loss_mal_dn_1: 0.4117 (0.4254)  loss_bbox_dn_1: 0.0104 (0.0110)  loss_giou_dn_1: 0.1471 (0.1577)  loss_fgl_dn_1: 0.9072 (0.9337)  loss_ddf_dn_1: 0.0052 (0.0050)  loss_mal_dn_2: 0.4058 (0.4210)  loss_bbox_dn_2: 0.0103 (0.0108)  loss_giou_dn_2: 0.1463 (0.1561)  loss_fgl_dn_2: 0.8988 (0.9291)  loss_ddf_dn_2: -0.0000 (0.0000)  loss_mal_dn_pre: 0.5484 (0.5610)  loss_bbox_dn_pre: 0.0158 (0.0163)  loss_giou_dn_pre: 0.2172 (0.2283)
Test:  [0/9]  eta: 0:00:02    time: 0.3236  data: 0.2451  max mem: 5227
Test:  [8/9]  eta: 0:00:00    time: 0.1269  data: 0.0440  max mem: 5227
Test: Total time: 0:00:01 (0.1329 s / it)
Metrics: {'f1': 0.9791666666666666, 'precision': 0.9791666666666666, 'recall': 0.9791666666666666, 'iou': 0.6694762901384004, 'TPs': 141, 'FPs': 3, 'FNs': 3}
Averaged stats: 
Accumulating evaluation results...
COCOeval_opt.accumulate() finished...
DONE (t=0.01s).
IoU metric: bbox
 Average Precision  (AP) @[ IoU=0.50:0.95 | area=   all | maxDets=100 ] = 0.352
 Average Precision  (AP) @[ IoU=0.50      | area=   all | maxDets=100 ] = 0.967
 Average Precision  (AP) @[ IoU=0.75      | area=   all | maxDets=100 ] = 0.136
 Average Precision  (AP) @[ IoU=0.50:0.95 | area= small | maxDets=100 ] = 0.353
 Average Precision  (AP) @[ IoU=0.50:0.95 | area=medium | maxDets=100 ] = -1.000
 Average Precision  (AP) @[ IoU=0.50:0.95 | area= large | maxDets=100 ] = -1.000
 Average Recall     (AR) @[ IoU=0.50:0.95 | area=   all | maxDets=  1 ] = 0.202
 Average Recall     (AR) @[ IoU=0.50:0.95 | area=   all | maxDets= 10 ] = 0.465
 Average Recall     (AR) @[ IoU=0.50:0.95 | area=   all | maxDets=100 ] = 0.576
 Average Recall     (AR) @[ IoU=0.50:0.95 | area= small | maxDets=100 ] = 0.576
 Average Recall     (AR) @[ IoU=0.50:0.95 | area=medium | maxDets=100 ] = -1.000
 Average Recall     (AR) @[ IoU=0.50:0.95 | area= large | maxDets=100 ] = -1.000
 Average Recall     (AR) @[ IoU=0.50      | area=   all | maxDets=100 ] = 0.993
 Average Recall     (AR) @[ IoU=0.75      | area=   all | maxDets=100 ] = 0.583
best_stat: {'epoch': 7, 'coco_eval_bbox': 0.37201236408190996}
Epoch: [27/30]  [ 0/44]  eta: 0:00:30  lr: 0.000010  loss: 12.0936 (12.0936)  loss_mal: 0.3968 (0.3968)  loss_bbox: 0.0099 (0.0099)  loss_giou: 0.1549 (0.1549)  loss_fgl: 0.9101 (0.9101)  loss_mal_aux_0: 0.4843 (0.4843)  loss_bbox_aux_0: 0.0126 (0.0126)  loss_giou_aux_0: 0.1920 (0.1920)  loss_fgl_aux_0: 0.9750 (0.9750)  loss_ddf_aux_0: 0.0348 (0.0348)  loss_mal_aux_1: 0.4010 (0.4010)  loss_bbox_aux_1: 0.0099 (0.0099)  loss_giou_aux_1: 0.1554 (0.1554)  loss_fgl_aux_1: 0.9152 (0.9152)  loss_ddf_aux_1: 0.0011 (0.0011)  loss_mal_pre: 0.4825 (0.4825)  loss_bbox_pre: 0.0125 (0.0125)  loss_giou_pre: 0.1904 (0.1904)  loss_mal_enc_0: 0.6152 (0.6152)  loss_bbox_enc_0: 0.0184 (0.0184)  loss_giou_enc_0: 0.2707 (0.2707)  loss_mal_dn_0: 0.5423 (0.5423)  loss_bbox_dn_0: 0.0168 (0.0168)  loss_giou_dn_0: 0.2455 (0.2455)  loss_fgl_dn_0: 1.0798 (1.0798)  loss_ddf_dn_0: 0.1888 (0.1888)  loss_mal_dn_1: 0.4126 (0.4126)  loss_bbox_dn_1: 0.0100 (0.0100)  loss_giou_dn_1: 0.1536 (0.1536)  loss_fgl_dn_1: 0.9096 (0.9096)  loss_ddf_dn_1: 0.0059 (0.0059)  loss_mal_dn_2: 0.4050 (0.4050)  loss_bbox_dn_2: 0.0098 (0.0098)  loss_giou_dn_2: 0.1506 (0.1506)  loss_fgl_dn_2: 0.9058 (0.9058)  loss_ddf_dn_2: -0.0000 (0.0000)  loss_mal_dn_pre: 0.5507 (0.5507)  loss_bbox_dn_pre: 0.0168 (0.0168)  loss_giou_dn_pre: 0.2469 (0.2469)  time: 0.6928  data: 0.2464  max mem: 5227
Epoch: [27/30]  [10/44]  eta: 0:00:17  lr: 0.000010  loss: 11.6148 (12.0837)  loss_mal: 0.3962 (0.4121)  loss_bbox: 0.0099 (0.0105)  loss_giou: 0.1472 (0.1563)  loss_fgl: 0.9091 (0.9299)  loss_mal_aux_0: 0.4628 (0.4781)  loss_bbox_aux_0: 0.0107 (0.0121)  loss_giou_aux_0: 0.1667 (0.1798)  loss_fgl_aux_0: 0.9723 (0.9829)  loss_ddf_aux_0: 0.0374 (0.0370)  loss_mal_aux_1: 0.4010 (0.4161)  loss_bbox_aux_1: 0.0099 (0.0105)  loss_giou_aux_1: 0.1470 (0.1566)  loss_fgl_aux_1: 0.9121 (0.9316)  loss_ddf_aux_1: 0.0010 (0.0010)  loss_mal_pre: 0.4637 (0.4776)  loss_bbox_pre: 0.0106 (0.0120)  loss_giou_pre: 0.1662 (0.1791)  loss_mal_enc_0: 0.6138 (0.6132)  loss_bbox_enc_0: 0.0151 (0.0163)  loss_giou_enc_0: 0.2241 (0.2375)  loss_mal_dn_0: 0.5438 (0.5499)  loss_bbox_dn_0: 0.0147 (0.0158)  loss_giou_dn_0: 0.2156 (0.2281)  loss_fgl_dn_0: 1.0694 (1.0843)  loss_ddf_dn_0: 0.1718 (0.1755)  loss_mal_dn_1: 0.4017 (0.4156)  loss_bbox_dn_1: 0.0093 (0.0102)  loss_giou_dn_1: 0.1400 (0.1520)  loss_fgl_dn_1: 0.8994 (0.9146)  loss_ddf_dn_1: 0.0051 (0.0052)  loss_mal_dn_2: 0.3974 (0.4110)  loss_bbox_dn_2: 0.0091 (0.0101)  loss_giou_dn_2: 0.1401 (0.1505)  loss_fgl_dn_2: 0.8915 (0.9096)  loss_ddf_dn_2: -0.0000 (0.0000)  loss_mal_dn_pre: 0.5545 (0.5575)  loss_bbox_dn_pre: 0.0147 (0.0157)  loss_giou_dn_pre: 0.2172 (0.2279)  time: 0.5068  data: 0.0375  max mem: 5227
Epoch: [27/30]  [20/44]  eta: 0:00:12  lr: 0.000010  loss: 11.6084 (12.0516)  loss_mal: 0.3884 (0.4121)  loss_bbox: 0.0097 (0.0105)  loss_giou: 0.1404 (0.1546)  loss_fgl: 0.8945 (0.9267)  loss_mal_aux_0: 0.4628 (0.4855)  loss_bbox_aux_0: 0.0107 (0.0120)  loss_giou_aux_0: 0.1641 (0.1758)  loss_fgl_aux_0: 0.9575 (0.9796)  loss_ddf_aux_0: 0.0393 (0.0386)  loss_mal_aux_1: 0.3937 (0.4169)  loss_bbox_aux_1: 0.0096 (0.0106)  loss_giou_aux_1: 0.1429 (0.1550)  loss_fgl_aux_1: 0.8996 (0.9288)  loss_ddf_aux_1: 0.0009 (0.0010)  loss_mal_pre: 0.4637 (0.4852)  loss_bbox_pre: 0.0107 (0.0120)  loss_giou_pre: 0.1610 (0.1757)  loss_mal_enc_0: 0.6016 (0.6109)  loss_bbox_enc_0: 0.0152 (0.0163)  loss_giou_enc_0: 0.2202 (0.2344)  loss_mal_dn_0: 0.5309 (0.5460)  loss_bbox_dn_0: 0.0147 (0.0156)  loss_giou_dn_0: 0.2108 (0.2234)  loss_fgl_dn_0: 1.0603 (1.0800)  loss_ddf_dn_0: 0.1719 (0.1764)  loss_mal_dn_1: 0.3964 (0.4149)  loss_bbox_dn_1: 0.0093 (0.0103)  loss_giou_dn_1: 0.1394 (0.1514)  loss_fgl_dn_1: 0.8842 (0.9141)  loss_ddf_dn_1: 0.0050 (0.0052)  loss_mal_dn_2: 0.3915 (0.4102)  loss_bbox_dn_2: 0.0091 (0.0102)  loss_giou_dn_2: 0.1380 (0.1497)  loss_fgl_dn_2: 0.8761 (0.9088)  loss_ddf_dn_2: -0.0000 (0.0000)  loss_mal_dn_pre: 0.5400 (0.5540)  loss_bbox_dn_pre: 0.0147 (0.0156)  loss_giou_dn_pre: 0.2114 (0.2231)  time: 0.5266  data: 0.0158  max mem: 5227
Epoch: [27/30]  [30/44]  eta: 0:00:07  lr: 0.000010  loss: 11.5394 (12.0519)  loss_mal: 0.3792 (0.4123)  loss_bbox: 0.0091 (0.0105)  loss_giou: 0.1298 (0.1518)  loss_fgl: 0.8680 (0.9226)  loss_mal_aux_0: 0.4699 (0.4893)  loss_bbox_aux_0: 0.0109 (0.0121)  loss_giou_aux_0: 0.1521 (0.1734)  loss_fgl_aux_0: 0.9366 (0.9767)  loss_ddf_aux_0: 0.0418 (0.0397)  loss_mal_aux_1: 0.3896 (0.4174)  loss_bbox_aux_1: 0.0092 (0.0105)  loss_giou_aux_1: 0.1298 (0.1521)  loss_fgl_aux_1: 0.8696 (0.9243)  loss_ddf_aux_1: 0.0009 (0.0010)  loss_mal_pre: 0.4703 (0.4887)  loss_bbox_pre: 0.0110 (0.0120)  loss_giou_pre: 0.1543 (0.1734)  loss_mal_enc_0: 0.6219 (0.6171)  loss_bbox_enc_0: 0.0157 (0.0170)  loss_giou_enc_0: 0.2279 (0.2383)  loss_mal_dn_0: 0.5330 (0.5458)  loss_bbox_dn_0: 0.0149 (0.0159)  loss_giou_dn_0: 0.2081 (0.2233)  loss_fgl_dn_0: 1.0540 (1.0809)  loss_ddf_dn_0: 0.1776 (0.1794)  loss_mal_dn_1: 0.3879 (0.4145)  loss_bbox_dn_1: 0.0095 (0.0104)  loss_giou_dn_1: 0.1327 (0.1511)  loss_fgl_dn_1: 0.8691 (0.9137)  loss_ddf_dn_1: 0.0055 (0.0053)  loss_mal_dn_2: 0.3818 (0.4098)  loss_bbox_dn_2: 0.0094 (0.0103)  loss_giou_dn_2: 0.1312 (0.1496)  loss_fgl_dn_2: 0.8593 (0.9089)  loss_ddf_dn_2: -0.0000 (0.0000)  loss_mal_dn_pre: 0.5399 (0.5538)  loss_bbox_dn_pre: 0.0150 (0.0158)  loss_giou_dn_pre: 0.2087 (0.2231)  time: 0.5652  data: 0.0150  max mem: 5227
Epoch: [27/30]  [40/44]  eta: 0:00:02  lr: 0.000010  loss: 11.5409 (12.0220)  loss_mal: 0.3792 (0.4091)  loss_bbox: 0.0092 (0.0103)  loss_giou: 0.1288 (0.1496)  loss_fgl: 0.8680 (0.9200)  loss_mal_aux_0: 0.4760 (0.4913)  loss_bbox_aux_0: 0.0112 (0.0119)  loss_giou_aux_0: 0.1514 (0.1713)  loss_fgl_aux_0: 0.9366 (0.9733)  loss_ddf_aux_0: 0.0415 (0.0396)  loss_mal_aux_1: 0.3972 (0.4155)  loss_bbox_aux_1: 0.0092 (0.0104)  loss_giou_aux_1: 0.1287 (0.1502)  loss_fgl_aux_1: 0.8696 (0.9214)  loss_ddf_aux_1: 0.0010 (0.0010)  loss_mal_pre: 0.4760 (0.4909)  loss_bbox_pre: 0.0114 (0.0119)  loss_giou_pre: 0.1543 (0.1715)  loss_mal_enc_0: 0.6245 (0.6235)  loss_bbox_enc_0: 0.0165 (0.0170)  loss_giou_enc_0: 0.2378 (0.2383)  loss_mal_dn_0: 0.5335 (0.5442)  loss_bbox_dn_0: 0.0155 (0.0157)  loss_giou_dn_0: 0.2081 (0.2217)  loss_fgl_dn_0: 1.0585 (1.0783)  loss_ddf_dn_0: 0.1889 (0.1827)  loss_mal_dn_1: 0.3877 (0.4127)  loss_bbox_dn_1: 0.0098 (0.0103)  loss_giou_dn_1: 0.1315 (0.1499)  loss_fgl_dn_1: 0.8605 (0.9105)  loss_ddf_dn_1: 0.0055 (0.0055)  loss_mal_dn_2: 0.3809 (0.4080)  loss_bbox_dn_2: 0.0097 (0.0102)  loss_giou_dn_2: 0.1295 (0.1484)  loss_fgl_dn_2: 0.8552 (0.9061)  loss_ddf_dn_2: -0.0000 (0.0000)  loss_mal_dn_pre: 0.5412 (0.5524)  loss_bbox_dn_pre: 0.0156 (0.0157)  loss_giou_dn_pre: 0.2087 (0.2216)  time: 0.5657  data: 0.0157  max mem: 5227
Epoch: [27/30]  [43/44]  eta: 0:00:00  lr: 0.000010  loss: 11.3870 (11.9362)  loss_mal: 0.3749 (0.4045)  loss_bbox: 0.0094 (0.0102)  loss_giou: 0.1290 (0.1473)  loss_fgl: 0.8703 (0.9137)  loss_mal_aux_0: 0.4671 (0.4857)  loss_bbox_aux_0: 0.0109 (0.0117)  loss_giou_aux_0: 0.1514 (0.1687)  loss_fgl_aux_0: 0.9366 (0.9679)  loss_ddf_aux_0: 0.0415 (0.0399)  loss_mal_aux_1: 0.3818 (0.4108)  loss_bbox_aux_1: 0.0094 (0.0102)  loss_giou_aux_1: 0.1298 (0.1478)  loss_fgl_aux_1: 0.8732 (0.9148)  loss_ddf_aux_1: 0.0010 (0.0010)  loss_mal_pre: 0.4698 (0.4854)  loss_bbox_pre: 0.0110 (0.0117)  loss_giou_pre: 0.1535 (0.1689)  loss_mal_enc_0: 0.6116 (0.6192)  loss_bbox_enc_0: 0.0162 (0.0168)  loss_giou_enc_0: 0.2311 (0.2364)  loss_mal_dn_0: 0.5234 (0.5423)  loss_bbox_dn_0: 0.0154 (0.0157)  loss_giou_dn_0: 0.2042 (0.2203)  loss_fgl_dn_0: 1.0585 (1.0768)  loss_ddf_dn_0: 0.1889 (0.1837)  loss_mal_dn_1: 0.3821 (0.4093)  loss_bbox_dn_1: 0.0096 (0.0102)  loss_giou_dn_1: 0.1307 (0.1477)  loss_fgl_dn_1: 0.8605 (0.9044)  loss_ddf_dn_1: 0.0055 (0.0055)  loss_mal_dn_2: 0.3779 (0.4047)  loss_bbox_dn_2: 0.0094 (0.0101)  loss_giou_dn_2: 0.1285 (0.1464)  loss_fgl_dn_2: 0.8552 (0.9003)  loss_ddf_dn_2: -0.0000 (0.0000)  loss_mal_dn_pre: 0.5317 (0.5505)  loss_bbox_dn_pre: 0.0155 (0.0156)  loss_giou_dn_pre: 0.2045 (0.2202)  time: 0.5639  data: 0.0158  max mem: 5227
Epoch: [27/30] Total time: 0:00:24 (0.5509 s / it)
Averaged stats: lr: 0.000010  loss: 11.3870 (11.9362)  loss_mal: 0.3749 (0.4045)  loss_bbox: 0.0094 (0.0102)  loss_giou: 0.1290 (0.1473)  loss_fgl: 0.8703 (0.9137)  loss_mal_aux_0: 0.4671 (0.4857)  loss_bbox_aux_0: 0.0109 (0.0117)  loss_giou_aux_0: 0.1514 (0.1687)  loss_fgl_aux_0: 0.9366 (0.9679)  loss_ddf_aux_0: 0.0415 (0.0399)  loss_mal_aux_1: 0.3818 (0.4108)  loss_bbox_aux_1: 0.0094 (0.0102)  loss_giou_aux_1: 0.1298 (0.1478)  loss_fgl_aux_1: 0.8732 (0.9148)  loss_ddf_aux_1: 0.0010 (0.0010)  loss_mal_pre: 0.4698 (0.4854)  loss_bbox_pre: 0.0110 (0.0117)  loss_giou_pre: 0.1535 (0.1689)  loss_mal_enc_0: 0.6116 (0.6192)  loss_bbox_enc_0: 0.0162 (0.0168)  loss_giou_enc_0: 0.2311 (0.2364)  loss_mal_dn_0: 0.5234 (0.5423)  loss_bbox_dn_0: 0.0154 (0.0157)  loss_giou_dn_0: 0.2042 (0.2203)  loss_fgl_dn_0: 1.0585 (1.0768)  loss_ddf_dn_0: 0.1889 (0.1837)  loss_mal_dn_1: 0.3821 (0.4093)  loss_bbox_dn_1: 0.0096 (0.0102)  loss_giou_dn_1: 0.1307 (0.1477)  loss_fgl_dn_1: 0.8605 (0.9044)  loss_ddf_dn_1: 0.0055 (0.0055)  loss_mal_dn_2: 0.3779 (0.4047)  loss_bbox_dn_2: 0.0094 (0.0101)  loss_giou_dn_2: 0.1285 (0.1464)  loss_fgl_dn_2: 0.8552 (0.9003)  loss_ddf_dn_2: -0.0000 (0.0000)  loss_mal_dn_pre: 0.5317 (0.5505)  loss_bbox_dn_pre: 0.0155 (0.0156)  loss_giou_dn_pre: 0.2045 (0.2202)
Test:  [0/9]  eta: 0:00:03    time: 0.3600  data: 0.2803  max mem: 5227
Test:  [8/9]  eta: 0:00:00    time: 0.1685  data: 0.0434  max mem: 5227
Test: Total time: 0:00:01 (0.1750 s / it)
Metrics: {'f1': 0.9791666666666666, 'precision': 0.9791666666666666, 'recall': 0.9791666666666666, 'iou': 0.6694126708977888, 'TPs': 141, 'FPs': 3, 'FNs': 3}
Averaged stats: 
Accumulating evaluation results...
COCOeval_opt.accumulate() finished...
DONE (t=0.01s).
IoU metric: bbox
 Average Precision  (AP) @[ IoU=0.50:0.95 | area=   all | maxDets=100 ] = 0.352
 Average Precision  (AP) @[ IoU=0.50      | area=   all | maxDets=100 ] = 0.966
 Average Precision  (AP) @[ IoU=0.75      | area=   all | maxDets=100 ] = 0.136
 Average Precision  (AP) @[ IoU=0.50:0.95 | area= small | maxDets=100 ] = 0.353
 Average Precision  (AP) @[ IoU=0.50:0.95 | area=medium | maxDets=100 ] = -1.000
 Average Precision  (AP) @[ IoU=0.50:0.95 | area= large | maxDets=100 ] = -1.000
 Average Recall     (AR) @[ IoU=0.50:0.95 | area=   all | maxDets=  1 ] = 0.203
 Average Recall     (AR) @[ IoU=0.50:0.95 | area=   all | maxDets= 10 ] = 0.466
 Average Recall     (AR) @[ IoU=0.50:0.95 | area=   all | maxDets=100 ] = 0.576
 Average Recall     (AR) @[ IoU=0.50:0.95 | area= small | maxDets=100 ] = 0.576
 Average Recall     (AR) @[ IoU=0.50:0.95 | area=medium | maxDets=100 ] = -1.000
 Average Recall     (AR) @[ IoU=0.50:0.95 | area= large | maxDets=100 ] = -1.000
 Average Recall     (AR) @[ IoU=0.50      | area=   all | maxDets=100 ] = 0.993
 Average Recall     (AR) @[ IoU=0.75      | area=   all | maxDets=100 ] = 0.590
best_stat: {'epoch': 7, 'coco_eval_bbox': 0.37201236408190996}
Epoch: [28/30]  [ 0/44]  eta: 0:00:36  lr: 0.000010  loss: 11.4278 (11.4278)  loss_mal: 0.3832 (0.3832)  loss_bbox: 0.0090 (0.0090)  loss_giou: 0.1297 (0.1297)  loss_fgl: 0.8660 (0.8660)  loss_mal_aux_0: 0.4609 (0.4609)  loss_bbox_aux_0: 0.0111 (0.0111)  loss_giou_aux_0: 0.1576 (0.1576)  loss_fgl_aux_0: 0.9463 (0.9463)  loss_ddf_aux_0: 0.0364 (0.0364)  loss_mal_aux_1: 0.3861 (0.3861)  loss_bbox_aux_1: 0.0090 (0.0090)  loss_giou_aux_1: 0.1287 (0.1287)  loss_fgl_aux_1: 0.8672 (0.8672)  loss_ddf_aux_1: 0.0009 (0.0009)  loss_mal_pre: 0.4614 (0.4614)  loss_bbox_pre: 0.0111 (0.0111)  loss_giou_pre: 0.1578 (0.1578)  loss_mal_enc_0: 0.5810 (0.5810)  loss_bbox_enc_0: 0.0158 (0.0158)  loss_giou_enc_0: 0.2211 (0.2211)  loss_mal_dn_0: 0.5303 (0.5303)  loss_bbox_dn_0: 0.0150 (0.0150)  loss_giou_dn_0: 0.2105 (0.2105)  loss_fgl_dn_0: 1.0635 (1.0635)  loss_ddf_dn_0: 0.1814 (0.1814)  loss_mal_dn_1: 0.3869 (0.3869)  loss_bbox_dn_1: 0.0093 (0.0093)  loss_giou_dn_1: 0.1336 (0.1336)  loss_fgl_dn_1: 0.8812 (0.8812)  loss_ddf_dn_1: 0.0055 (0.0055)  loss_mal_dn_2: 0.3879 (0.3879)  loss_bbox_dn_2: 0.0091 (0.0091)  loss_giou_dn_2: 0.1328 (0.1328)  loss_fgl_dn_2: 0.8768 (0.8768)  loss_ddf_dn_2: -0.0000 (0.0000)  loss_mal_dn_pre: 0.5390 (0.5390)  loss_bbox_dn_pre: 0.0149 (0.0149)  loss_giou_dn_pre: 0.2095 (0.2095)  time: 0.8296  data: 0.3002  max mem: 5227
Epoch: [28/30]  [10/44]  eta: 0:00:17  lr: 0.000010  loss: 10.9876 (11.0423)  loss_mal: 0.3680 (0.3633)  loss_bbox: 0.0086 (0.0085)  loss_giou: 0.1219 (0.1220)  loss_fgl: 0.8614 (0.8465)  loss_mal_aux_0: 0.4367 (0.4373)  loss_bbox_aux_0: 0.0098 (0.0098)  loss_giou_aux_0: 0.1342 (0.1395)  loss_fgl_aux_0: 0.8940 (0.9033)  loss_ddf_aux_0: 0.0425 (0.0409)  loss_mal_aux_1: 0.3702 (0.3688)  loss_bbox_aux_1: 0.0085 (0.0086)  loss_giou_aux_1: 0.1223 (0.1224)  loss_fgl_aux_1: 0.8584 (0.8495)  loss_ddf_aux_1: 0.0009 (0.0011)  loss_mal_pre: 0.4391 (0.4384)  loss_bbox_pre: 0.0097 (0.0099)  loss_giou_pre: 0.1374 (0.1402)  loss_mal_enc_0: 0.6047 (0.5904)  loss_bbox_enc_0: 0.0156 (0.0150)  loss_giou_enc_0: 0.2156 (0.2084)  loss_mal_dn_0: 0.5197 (0.5219)  loss_bbox_dn_0: 0.0144 (0.0146)  loss_giou_dn_0: 0.2000 (0.2022)  loss_fgl_dn_0: 1.0391 (1.0409)  loss_ddf_dn_0: 0.1814 (0.1873)  loss_mal_dn_1: 0.3756 (0.3730)  loss_bbox_dn_1: 0.0089 (0.0088)  loss_giou_dn_1: 0.1266 (0.1260)  loss_fgl_dn_1: 0.8467 (0.8469)  loss_ddf_dn_1: 0.0055 (0.0057)  loss_mal_dn_2: 0.3683 (0.3694)  loss_bbox_dn_2: 0.0088 (0.0086)  loss_giou_dn_2: 0.1237 (0.1246)  loss_fgl_dn_2: 0.8415 (0.8419)  loss_ddf_dn_2: -0.0000 (0.0000)  loss_mal_dn_pre: 0.5306 (0.5311)  loss_bbox_dn_pre: 0.0145 (0.0145)  loss_giou_dn_pre: 0.1999 (0.2015)  time: 0.5199  data: 0.0417  max mem: 5227
Epoch: [28/30]  [20/44]  eta: 0:00:12  lr: 0.000010  loss: 10.9781 (11.2814)  loss_mal: 0.3604 (0.3714)  loss_bbox: 0.0082 (0.0089)  loss_giou: 0.1213 (0.1293)  loss_fgl: 0.8556 (0.8603)  loss_mal_aux_0: 0.4369 (0.4532)  loss_bbox_aux_0: 0.0096 (0.0103)  loss_giou_aux_0: 0.1366 (0.1499)  loss_fgl_aux_0: 0.8940 (0.9199)  loss_ddf_aux_0: 0.0429 (0.0429)  loss_mal_aux_1: 0.3636 (0.3770)  loss_bbox_aux_1: 0.0083 (0.0089)  loss_giou_aux_1: 0.1209 (0.1300)  loss_fgl_aux_1: 0.8571 (0.8630)  loss_ddf_aux_1: 0.0010 (0.0011)  loss_mal_pre: 0.4391 (0.4528)  loss_bbox_pre: 0.0094 (0.0103)  loss_giou_pre: 0.1374 (0.1502)  loss_mal_enc_0: 0.6065 (0.5999)  loss_bbox_enc_0: 0.0151 (0.0154)  loss_giou_enc_0: 0.2138 (0.2164)  loss_mal_dn_0: 0.5224 (0.5275)  loss_bbox_dn_0: 0.0144 (0.0147)  loss_giou_dn_0: 0.1992 (0.2076)  loss_fgl_dn_0: 1.0391 (1.0504)  loss_ddf_dn_0: 0.1943 (0.1936)  loss_mal_dn_1: 0.3756 (0.3818)  loss_bbox_dn_1: 0.0089 (0.0090)  loss_giou_dn_1: 0.1266 (0.1317)  loss_fgl_dn_1: 0.8477 (0.8591)  loss_ddf_dn_1: 0.0058 (0.0058)  loss_mal_dn_2: 0.3683 (0.3776)  loss_bbox_dn_2: 0.0088 (0.0089)  loss_giou_dn_2: 0.1237 (0.1301)  loss_fgl_dn_2: 0.8416 (0.8540)  loss_ddf_dn_2: -0.0000 (0.0000)  loss_mal_dn_pre: 0.5323 (0.5367)  loss_bbox_dn_pre: 0.0144 (0.0146)  loss_giou_dn_pre: 0.1989 (0.2072)  time: 0.5219  data: 0.0153  max mem: 5227
Epoch: [28/30]  [30/44]  eta: 0:00:07  lr: 0.000010  loss: 11.4709 (11.4407)  loss_mal: 0.3675 (0.3766)  loss_bbox: 0.0095 (0.0091)  loss_giou: 0.1328 (0.1322)  loss_fgl: 0.8599 (0.8695)  loss_mal_aux_0: 0.4501 (0.4605)  loss_bbox_aux_0: 0.0114 (0.0108)  loss_giou_aux_0: 0.1646 (0.1566)  loss_fgl_aux_0: 0.9635 (0.9373)  loss_ddf_aux_0: 0.0466 (0.0458)  loss_mal_aux_1: 0.3716 (0.3842)  loss_bbox_aux_1: 0.0096 (0.0091)  loss_giou_aux_1: 0.1329 (0.1329)  loss_fgl_aux_1: 0.8612 (0.8722)  loss_ddf_aux_1: 0.0011 (0.0011)  loss_mal_pre: 0.4568 (0.4601)  loss_bbox_pre: 0.0114 (0.0108)  loss_giou_pre: 0.1639 (0.1567)  loss_mal_enc_0: 0.6186 (0.6085)  loss_bbox_enc_0: 0.0156 (0.0157)  loss_giou_enc_0: 0.2167 (0.2221)  loss_mal_dn_0: 0.5336 (0.5318)  loss_bbox_dn_0: 0.0146 (0.0149)  loss_giou_dn_0: 0.2138 (0.2108)  loss_fgl_dn_0: 1.0731 (1.0594)  loss_ddf_dn_0: 0.2013 (0.1973)  loss_mal_dn_1: 0.3917 (0.3870)  loss_bbox_dn_1: 0.0093 (0.0092)  loss_giou_dn_1: 0.1316 (0.1345)  loss_fgl_dn_1: 0.8614 (0.8668)  loss_ddf_dn_1: 0.0060 (0.0058)  loss_mal_dn_2: 0.3866 (0.3823)  loss_bbox_dn_2: 0.0092 (0.0090)  loss_giou_dn_2: 0.1287 (0.1326)  loss_fgl_dn_2: 0.8521 (0.8615)  loss_ddf_dn_2: -0.0000 (0.0000)  loss_mal_dn_pre: 0.5408 (0.5411)  loss_bbox_dn_pre: 0.0146 (0.0148)  loss_giou_dn_pre: 0.2133 (0.2104)  time: 0.5581  data: 0.0148  max mem: 5227
Epoch: [28/30]  [40/44]  eta: 0:00:02  lr: 0.000010  loss: 11.4709 (11.4945)  loss_mal: 0.3758 (0.3790)  loss_bbox: 0.0096 (0.0092)  loss_giou: 0.1335 (0.1342)  loss_fgl: 0.8876 (0.8752)  loss_mal_aux_0: 0.4501 (0.4622)  loss_bbox_aux_0: 0.0117 (0.0109)  loss_giou_aux_0: 0.1629 (0.1576)  loss_fgl_aux_0: 0.9283 (0.9394)  loss_ddf_aux_0: 0.0493 (0.0474)  loss_mal_aux_1: 0.3818 (0.3863)  loss_bbox_aux_1: 0.0097 (0.0093)  loss_giou_aux_1: 0.1357 (0.1349)  loss_fgl_aux_1: 0.8932 (0.8782)  loss_ddf_aux_1: 0.0011 (0.0011)  loss_mal_pre: 0.4568 (0.4621)  loss_bbox_pre: 0.0116 (0.0109)  loss_giou_pre: 0.1633 (0.1577)  loss_mal_enc_0: 0.6075 (0.6065)  loss_bbox_enc_0: 0.0161 (0.0158)  loss_giou_enc_0: 0.2167 (0.2223)  loss_mal_dn_0: 0.5245 (0.5326)  loss_bbox_dn_0: 0.0152 (0.0149)  loss_giou_dn_0: 0.2086 (0.2107)  loss_fgl_dn_0: 1.0710 (1.0614)  loss_ddf_dn_0: 0.2048 (0.2002)  loss_mal_dn_1: 0.3917 (0.3895)  loss_bbox_dn_1: 0.0096 (0.0093)  loss_giou_dn_1: 0.1367 (0.1360)  loss_fgl_dn_1: 0.8822 (0.8716)  loss_ddf_dn_1: 0.0060 (0.0058)  loss_mal_dn_2: 0.3907 (0.3848)  loss_bbox_dn_2: 0.0094 (0.0092)  loss_giou_dn_2: 0.1362 (0.1342)  loss_fgl_dn_2: 0.8794 (0.8664)  loss_ddf_dn_2: -0.0000 (0.0000)  loss_mal_dn_pre: 0.5369 (0.5419)  loss_bbox_dn_pre: 0.0150 (0.0149)  loss_giou_dn_pre: 0.2083 (0.2104)  time: 0.5644  data: 0.0157  max mem: 5227
Epoch: [28/30]  [43/44]  eta: 0:00:00  lr: 0.000010  loss: 11.4476 (11.4630)  loss_mal: 0.3840 (0.3806)  loss_bbox: 0.0095 (0.0091)  loss_giou: 0.1328 (0.1327)  loss_fgl: 0.8841 (0.8714)  loss_mal_aux_0: 0.4501 (0.4627)  loss_bbox_aux_0: 0.0115 (0.0108)  loss_giou_aux_0: 0.1524 (0.1556)  loss_fgl_aux_0: 0.9281 (0.9353)  loss_ddf_aux_0: 0.0504 (0.0477)  loss_mal_aux_1: 0.3832 (0.3866)  loss_bbox_aux_1: 0.0096 (0.0092)  loss_giou_aux_1: 0.1329 (0.1333)  loss_fgl_aux_1: 0.8880 (0.8743)  loss_ddf_aux_1: 0.0011 (0.0011)  loss_mal_pre: 0.4568 (0.4626)  loss_bbox_pre: 0.0115 (0.0108)  loss_giou_pre: 0.1519 (0.1557)  loss_mal_enc_0: 0.6075 (0.6060)  loss_bbox_enc_0: 0.0160 (0.0158)  loss_giou_enc_0: 0.2167 (0.2215)  loss_mal_dn_0: 0.5245 (0.5312)  loss_bbox_dn_0: 0.0152 (0.0149)  loss_giou_dn_0: 0.2047 (0.2097)  loss_fgl_dn_0: 1.0630 (1.0591)  loss_ddf_dn_0: 0.2083 (0.2025)  loss_mal_dn_1: 0.3917 (0.3884)  loss_bbox_dn_1: 0.0096 (0.0093)  loss_giou_dn_1: 0.1367 (0.1351)  loss_fgl_dn_1: 0.8720 (0.8692)  loss_ddf_dn_1: 0.0061 (0.0059)  loss_mal_dn_2: 0.3907 (0.3835)  loss_bbox_dn_2: 0.0094 (0.0092)  loss_giou_dn_2: 0.1353 (0.1334)  loss_fgl_dn_2: 0.8619 (0.8638)  loss_ddf_dn_2: -0.0000 (0.0000)  loss_mal_dn_pre: 0.5369 (0.5405)  loss_bbox_dn_pre: 0.0150 (0.0149)  loss_giou_dn_pre: 0.2065 (0.2094)  time: 0.5619  data: 0.0157  max mem: 5227
Epoch: [28/30] Total time: 0:00:24 (0.5509 s / it)
Averaged stats: lr: 0.000010  loss: 11.4476 (11.4630)  loss_mal: 0.3840 (0.3806)  loss_bbox: 0.0095 (0.0091)  loss_giou: 0.1328 (0.1327)  loss_fgl: 0.8841 (0.8714)  loss_mal_aux_0: 0.4501 (0.4627)  loss_bbox_aux_0: 0.0115 (0.0108)  loss_giou_aux_0: 0.1524 (0.1556)  loss_fgl_aux_0: 0.9281 (0.9353)  loss_ddf_aux_0: 0.0504 (0.0477)  loss_mal_aux_1: 0.3832 (0.3866)  loss_bbox_aux_1: 0.0096 (0.0092)  loss_giou_aux_1: 0.1329 (0.1333)  loss_fgl_aux_1: 0.8880 (0.8743)  loss_ddf_aux_1: 0.0011 (0.0011)  loss_mal_pre: 0.4568 (0.4626)  loss_bbox_pre: 0.0115 (0.0108)  loss_giou_pre: 0.1519 (0.1557)  loss_mal_enc_0: 0.6075 (0.6060)  loss_bbox_enc_0: 0.0160 (0.0158)  loss_giou_enc_0: 0.2167 (0.2215)  loss_mal_dn_0: 0.5245 (0.5312)  loss_bbox_dn_0: 0.0152 (0.0149)  loss_giou_dn_0: 0.2047 (0.2097)  loss_fgl_dn_0: 1.0630 (1.0591)  loss_ddf_dn_0: 0.2083 (0.2025)  loss_mal_dn_1: 0.3917 (0.3884)  loss_bbox_dn_1: 0.0096 (0.0093)  loss_giou_dn_1: 0.1367 (0.1351)  loss_fgl_dn_1: 0.8720 (0.8692)  loss_ddf_dn_1: 0.0061 (0.0059)  loss_mal_dn_2: 0.3907 (0.3835)  loss_bbox_dn_2: 0.0094 (0.0092)  loss_giou_dn_2: 0.1353 (0.1334)  loss_fgl_dn_2: 0.8619 (0.8638)  loss_ddf_dn_2: -0.0000 (0.0000)  loss_mal_dn_pre: 0.5369 (0.5405)  loss_bbox_dn_pre: 0.0150 (0.0149)  loss_giou_dn_pre: 0.2065 (0.2094)
Test:  [0/9]  eta: 0:00:03    time: 0.3916  data: 0.2592  max mem: 5227
Test:  [8/9]  eta: 0:00:00    time: 0.1491  data: 0.0416  max mem: 5227
Test: Total time: 0:00:01 (0.1531 s / it)
Metrics: {'f1': 0.9757785467128027, 'precision': 0.9724137931034482, 'recall': 0.9791666666666666, 'iou': 0.6648579525786478, 'TPs': 141, 'FPs': 4, 'FNs': 3}
Averaged stats: 
Accumulating evaluation results...
COCOeval_opt.accumulate() finished...
DONE (t=0.01s).
IoU metric: bbox
 Average Precision  (AP) @[ IoU=0.50:0.95 | area=   all | maxDets=100 ] = 0.353
 Average Precision  (AP) @[ IoU=0.50      | area=   all | maxDets=100 ] = 0.966
 Average Precision  (AP) @[ IoU=0.75      | area=   all | maxDets=100 ] = 0.138
 Average Precision  (AP) @[ IoU=0.50:0.95 | area= small | maxDets=100 ] = 0.353
 Average Precision  (AP) @[ IoU=0.50:0.95 | area=medium | maxDets=100 ] = -1.000
 Average Precision  (AP) @[ IoU=0.50:0.95 | area= large | maxDets=100 ] = -1.000
 Average Recall     (AR) @[ IoU=0.50:0.95 | area=   all | maxDets=  1 ] = 0.203
 Average Recall     (AR) @[ IoU=0.50:0.95 | area=   all | maxDets= 10 ] = 0.468
 Average Recall     (AR) @[ IoU=0.50:0.95 | area=   all | maxDets=100 ] = 0.573
 Average Recall     (AR) @[ IoU=0.50:0.95 | area= small | maxDets=100 ] = 0.573
 Average Recall     (AR) @[ IoU=0.50:0.95 | area=medium | maxDets=100 ] = -1.000
 Average Recall     (AR) @[ IoU=0.50:0.95 | area= large | maxDets=100 ] = -1.000
 Average Recall     (AR) @[ IoU=0.50      | area=   all | maxDets=100 ] = 0.993
 Average Recall     (AR) @[ IoU=0.75      | area=   all | maxDets=100 ] = 0.583
best_stat: {'epoch': 7, 'coco_eval_bbox': 0.37201236408190996}
Epoch: [29/30]  [ 0/44]  eta: 0:00:35  lr: 0.000010  loss: 11.6381 (11.6381)  loss_mal: 0.3959 (0.3959)  loss_bbox: 0.0087 (0.0087)  loss_giou: 0.1415 (0.1415)  loss_fgl: 0.8932 (0.8932)  loss_mal_aux_0: 0.4393 (0.4393)  loss_bbox_aux_0: 0.0098 (0.0098)  loss_giou_aux_0: 0.1573 (0.1573)  loss_fgl_aux_0: 0.9491 (0.9491)  loss_ddf_aux_0: 0.0535 (0.0535)  loss_mal_aux_1: 0.3934 (0.3934)  loss_bbox_aux_1: 0.0087 (0.0087)  loss_giou_aux_1: 0.1414 (0.1414)  loss_fgl_aux_1: 0.8946 (0.8946)  loss_ddf_aux_1: 0.0011 (0.0011)  loss_mal_pre: 0.4375 (0.4375)  loss_bbox_pre: 0.0096 (0.0096)  loss_giou_pre: 0.1547 (0.1547)  loss_mal_enc_0: 0.5400 (0.5400)  loss_bbox_enc_0: 0.0135 (0.0135)  loss_giou_enc_0: 0.2121 (0.2121)  loss_mal_dn_0: 0.5474 (0.5474)  loss_bbox_dn_0: 0.0140 (0.0140)  loss_giou_dn_0: 0.2180 (0.2180)  loss_fgl_dn_0: 1.0724 (1.0724)  loss_ddf_dn_0: 0.2147 (0.2147)  loss_mal_dn_1: 0.4102 (0.4102)  loss_bbox_dn_1: 0.0092 (0.0092)  loss_giou_dn_1: 0.1471 (0.1471)  loss_fgl_dn_1: 0.8991 (0.8991)  loss_ddf_dn_1: 0.0063 (0.0063)  loss_mal_dn_2: 0.4081 (0.4081)  loss_bbox_dn_2: 0.0091 (0.0091)  loss_giou_dn_2: 0.1465 (0.1465)  loss_fgl_dn_2: 0.8939 (0.8939)  loss_ddf_dn_2: -0.0000 (0.0000)  loss_mal_dn_pre: 0.5559 (0.5559)  loss_bbox_dn_pre: 0.0140 (0.0140)  loss_giou_dn_pre: 0.2172 (0.2172)  time: 0.8024  data: 0.2389  max mem: 5227
Epoch: [29/30]  [10/44]  eta: 0:00:16  lr: 0.000010  loss: 11.1621 (11.1584)  loss_mal: 0.3608 (0.3652)  loss_bbox: 0.0080 (0.0084)  loss_giou: 0.1247 (0.1256)  loss_fgl: 0.8378 (0.8467)  loss_mal_aux_0: 0.4393 (0.4375)  loss_bbox_aux_0: 0.0098 (0.0101)  loss_giou_aux_0: 0.1479 (0.1485)  loss_fgl_aux_0: 0.9210 (0.9152)  loss_ddf_aux_0: 0.0510 (0.0502)  loss_mal_aux_1: 0.3570 (0.3648)  loss_bbox_aux_1: 0.0080 (0.0084)  loss_giou_aux_1: 0.1232 (0.1250)  loss_fgl_aux_1: 0.8388 (0.8462)  loss_ddf_aux_1: 0.0012 (0.0012)  loss_mal_pre: 0.4375 (0.4371)  loss_bbox_pre: 0.0097 (0.0100)  loss_giou_pre: 0.1459 (0.1482)  loss_mal_enc_0: 0.5876 (0.5968)  loss_bbox_enc_0: 0.0146 (0.0150)  loss_giou_enc_0: 0.2121 (0.2150)  loss_mal_dn_0: 0.5292 (0.5282)  loss_bbox_dn_0: 0.0145 (0.0144)  loss_giou_dn_0: 0.2064 (0.2040)  loss_fgl_dn_0: 1.0533 (1.0476)  loss_ddf_dn_0: 0.2108 (0.2104)  loss_mal_dn_1: 0.3716 (0.3777)  loss_bbox_dn_1: 0.0084 (0.0087)  loss_giou_dn_1: 0.1253 (0.1285)  loss_fgl_dn_1: 0.8489 (0.8475)  loss_ddf_dn_1: 0.0056 (0.0060)  loss_mal_dn_2: 0.3663 (0.3742)  loss_bbox_dn_2: 0.0084 (0.0087)  loss_giou_dn_2: 0.1238 (0.1280)  loss_fgl_dn_2: 0.8424 (0.8444)  loss_ddf_dn_2: -0.0000 (0.0000)  loss_mal_dn_pre: 0.5347 (0.5369)  loss_bbox_dn_pre: 0.0145 (0.0143)  loss_giou_dn_pre: 0.2043 (0.2039)  time: 0.4981  data: 0.0359  max mem: 5227
Epoch: [29/30]  [20/44]  eta: 0:00:12  lr: 0.000010  loss: 11.0715 (11.4874)  loss_mal: 0.3561 (0.3821)  loss_bbox: 0.0080 (0.0090)  loss_giou: 0.1239 (0.1333)  loss_fgl: 0.8361 (0.8723)  loss_mal_aux_0: 0.4394 (0.4532)  loss_bbox_aux_0: 0.0097 (0.0106)  loss_giou_aux_0: 0.1449 (0.1553)  loss_fgl_aux_0: 0.9170 (0.9340)  loss_ddf_aux_0: 0.0517 (0.0514)  loss_mal_aux_1: 0.3570 (0.3872)  loss_bbox_aux_1: 0.0080 (0.0090)  loss_giou_aux_1: 0.1227 (0.1332)  loss_fgl_aux_1: 0.8361 (0.8725)  loss_ddf_aux_1: 0.0012 (0.0012)  loss_mal_pre: 0.4414 (0.4525)  loss_bbox_pre: 0.0097 (0.0106)  loss_giou_pre: 0.1459 (0.1550)  loss_mal_enc_0: 0.6099 (0.6012)  loss_bbox_enc_0: 0.0149 (0.0161)  loss_giou_enc_0: 0.2138 (0.2275)  loss_mal_dn_0: 0.5292 (0.5349)  loss_bbox_dn_0: 0.0145 (0.0149)  loss_giou_dn_0: 0.2034 (0.2119)  loss_fgl_dn_0: 1.0533 (1.0668)  loss_ddf_dn_0: 0.2121 (0.2142)  loss_mal_dn_1: 0.3716 (0.3904)  loss_bbox_dn_1: 0.0084 (0.0093)  loss_giou_dn_1: 0.1253 (0.1361)  loss_fgl_dn_1: 0.8407 (0.8702)  loss_ddf_dn_1: 0.0056 (0.0061)  loss_mal_dn_2: 0.3663 (0.3858)  loss_bbox_dn_2: 0.0083 (0.0092)  loss_giou_dn_2: 0.1238 (0.1346)  loss_fgl_dn_2: 0.8379 (0.8655)  loss_ddf_dn_2: -0.0000 (0.0000)  loss_mal_dn_pre: 0.5347 (0.5436)  loss_bbox_dn_pre: 0.0145 (0.0149)  loss_giou_dn_pre: 0.2026 (0.2116)  time: 0.5148  data: 0.0158  max mem: 5227
Epoch: [29/30]  [30/44]  eta: 0:00:07  lr: 0.000010  loss: 10.9885 (11.3306)  loss_mal: 0.3545 (0.3726)  loss_bbox: 0.0085 (0.0089)  loss_giou: 0.1224 (0.1290)  loss_fgl: 0.8246 (0.8606)  loss_mal_aux_0: 0.4278 (0.4430)  loss_bbox_aux_0: 0.0104 (0.0106)  loss_giou_aux_0: 0.1479 (0.1519)  loss_fgl_aux_0: 0.9001 (0.9260)  loss_ddf_aux_0: 0.0559 (0.0540)  loss_mal_aux_1: 0.3574 (0.3774)  loss_bbox_aux_1: 0.0086 (0.0089)  loss_giou_aux_1: 0.1235 (0.1293)  loss_fgl_aux_1: 0.8260 (0.8613)  loss_ddf_aux_1: 0.0012 (0.0012)  loss_mal_pre: 0.4268 (0.4428)  loss_bbox_pre: 0.0105 (0.0105)  loss_giou_pre: 0.1472 (0.1519)  loss_mal_enc_0: 0.6099 (0.6017)  loss_bbox_enc_0: 0.0160 (0.0159)  loss_giou_enc_0: 0.2184 (0.2225)  loss_mal_dn_0: 0.5116 (0.5286)  loss_bbox_dn_0: 0.0143 (0.0148)  loss_giou_dn_0: 0.1939 (0.2072)  loss_fgl_dn_0: 1.0395 (1.0593)  loss_ddf_dn_0: 0.2306 (0.2158)  loss_mal_dn_1: 0.3772 (0.3839)  loss_bbox_dn_1: 0.0087 (0.0091)  loss_giou_dn_1: 0.1258 (0.1319)  loss_fgl_dn_1: 0.8337 (0.8605)  loss_ddf_dn_1: 0.0062 (0.0062)  loss_mal_dn_2: 0.3701 (0.3791)  loss_bbox_dn_2: 0.0087 (0.0090)  loss_giou_dn_2: 0.1240 (0.1305)  loss_fgl_dn_2: 0.8263 (0.8557)  loss_ddf_dn_2: -0.0000 (0.0000)  loss_mal_dn_pre: 0.5215 (0.5374)  loss_bbox_dn_pre: 0.0143 (0.0148)  loss_giou_dn_pre: 0.1928 (0.2071)  time: 0.5620  data: 0.0161  max mem: 5227
Epoch: [29/30]  [40/44]  eta: 0:00:02  lr: 0.000010  loss: 11.1962 (11.3766)  loss_mal: 0.3648 (0.3739)  loss_bbox: 0.0084 (0.0088)  loss_giou: 0.1257 (0.1289)  loss_fgl: 0.8347 (0.8610)  loss_mal_aux_0: 0.4354 (0.4481)  loss_bbox_aux_0: 0.0104 (0.0106)  loss_giou_aux_0: 0.1483 (0.1529)  loss_fgl_aux_0: 0.9246 (0.9311)  loss_ddf_aux_0: 0.0574 (0.0555)  loss_mal_aux_1: 0.3722 (0.3802)  loss_bbox_aux_1: 0.0085 (0.0089)  loss_giou_aux_1: 0.1277 (0.1293)  loss_fgl_aux_1: 0.8390 (0.8625)  loss_ddf_aux_1: 0.0013 (0.0013)  loss_mal_pre: 0.4365 (0.4479)  loss_bbox_pre: 0.0105 (0.0106)  loss_giou_pre: 0.1493 (0.1529)  loss_mal_enc_0: 0.6154 (0.6074)  loss_bbox_enc_0: 0.0156 (0.0160)  loss_giou_enc_0: 0.2196 (0.2243)  loss_mal_dn_0: 0.5162 (0.5301)  loss_bbox_dn_0: 0.0143 (0.0149)  loss_giou_dn_0: 0.2024 (0.2087)  loss_fgl_dn_0: 1.0578 (1.0633)  loss_ddf_dn_0: 0.2286 (0.2191)  loss_mal_dn_1: 0.3779 (0.3841)  loss_bbox_dn_1: 0.0087 (0.0091)  loss_giou_dn_1: 0.1284 (0.1323)  loss_fgl_dn_1: 0.8395 (0.8602)  loss_ddf_dn_1: 0.0063 (0.0063)  loss_mal_dn_2: 0.3756 (0.3791)  loss_bbox_dn_2: 0.0086 (0.0090)  loss_giou_dn_2: 0.1270 (0.1308)  loss_fgl_dn_2: 0.8326 (0.8552)  loss_ddf_dn_2: -0.0000 (0.0000)  loss_mal_dn_pre: 0.5265 (0.5391)  loss_bbox_dn_pre: 0.0143 (0.0148)  loss_giou_dn_pre: 0.2013 (0.2085)  time: 0.5634  data: 0.0168  max mem: 5227
Epoch: [29/30]  [43/44]  eta: 0:00:00  lr: 0.000010  loss: 11.1962 (11.3689)  loss_mal: 0.3627 (0.3735)  loss_bbox: 0.0082 (0.0089)  loss_giou: 0.1256 (0.1288)  loss_fgl: 0.8345 (0.8609)  loss_mal_aux_0: 0.4368 (0.4479)  loss_bbox_aux_0: 0.0101 (0.0106)  loss_giou_aux_0: 0.1483 (0.1522)  loss_fgl_aux_0: 0.9246 (0.9297)  loss_ddf_aux_0: 0.0619 (0.0563)  loss_mal_aux_1: 0.3731 (0.3803)  loss_bbox_aux_1: 0.0082 (0.0089)  loss_giou_aux_1: 0.1260 (0.1292)  loss_fgl_aux_1: 0.8384 (0.8623)  loss_ddf_aux_1: 0.0013 (0.0013)  loss_mal_pre: 0.4392 (0.4477)  loss_bbox_pre: 0.0101 (0.0106)  loss_giou_pre: 0.1493 (0.1523)  loss_mal_enc_0: 0.6154 (0.6067)  loss_bbox_enc_0: 0.0155 (0.0159)  loss_giou_enc_0: 0.2202 (0.2229)  loss_mal_dn_0: 0.5206 (0.5294)  loss_bbox_dn_0: 0.0143 (0.0148)  loss_giou_dn_0: 0.2069 (0.2081)  loss_fgl_dn_0: 1.0600 (1.0617)  loss_ddf_dn_0: 0.2309 (0.2215)  loss_mal_dn_1: 0.3754 (0.3840)  loss_bbox_dn_1: 0.0087 (0.0091)  loss_giou_dn_1: 0.1279 (0.1321)  loss_fgl_dn_1: 0.8368 (0.8599)  loss_ddf_dn_1: 0.0065 (0.0064)  loss_mal_dn_2: 0.3671 (0.3791)  loss_bbox_dn_2: 0.0086 (0.0090)  loss_giou_dn_2: 0.1251 (0.1306)  loss_fgl_dn_2: 0.8293 (0.8551)  loss_ddf_dn_2: -0.0000 (0.0000)  loss_mal_dn_pre: 0.5283 (0.5384)  loss_bbox_dn_pre: 0.0142 (0.0148)  loss_giou_dn_pre: 0.2063 (0.2079)  time: 0.5615  data: 0.0165  max mem: 5227
Epoch: [29/30] Total time: 0:00:24 (0.5469 s / it)
Averaged stats: lr: 0.000010  loss: 11.1962 (11.3689)  loss_mal: 0.3627 (0.3735)  loss_bbox: 0.0082 (0.0089)  loss_giou: 0.1256 (0.1288)  loss_fgl: 0.8345 (0.8609)  loss_mal_aux_0: 0.4368 (0.4479)  loss_bbox_aux_0: 0.0101 (0.0106)  loss_giou_aux_0: 0.1483 (0.1522)  loss_fgl_aux_0: 0.9246 (0.9297)  loss_ddf_aux_0: 0.0619 (0.0563)  loss_mal_aux_1: 0.3731 (0.3803)  loss_bbox_aux_1: 0.0082 (0.0089)  loss_giou_aux_1: 0.1260 (0.1292)  loss_fgl_aux_1: 0.8384 (0.8623)  loss_ddf_aux_1: 0.0013 (0.0013)  loss_mal_pre: 0.4392 (0.4477)  loss_bbox_pre: 0.0101 (0.0106)  loss_giou_pre: 0.1493 (0.1523)  loss_mal_enc_0: 0.6154 (0.6067)  loss_bbox_enc_0: 0.0155 (0.0159)  loss_giou_enc_0: 0.2202 (0.2229)  loss_mal_dn_0: 0.5206 (0.5294)  loss_bbox_dn_0: 0.0143 (0.0148)  loss_giou_dn_0: 0.2069 (0.2081)  loss_fgl_dn_0: 1.0600 (1.0617)  loss_ddf_dn_0: 0.2309 (0.2215)  loss_mal_dn_1: 0.3754 (0.3840)  loss_bbox_dn_1: 0.0087 (0.0091)  loss_giou_dn_1: 0.1279 (0.1321)  loss_fgl_dn_1: 0.8368 (0.8599)  loss_ddf_dn_1: 0.0065 (0.0064)  loss_mal_dn_2: 0.3671 (0.3791)  loss_bbox_dn_2: 0.0086 (0.0090)  loss_giou_dn_2: 0.1251 (0.1306)  loss_fgl_dn_2: 0.8293 (0.8551)  loss_ddf_dn_2: -0.0000 (0.0000)  loss_mal_dn_pre: 0.5283 (0.5384)  loss_bbox_dn_pre: 0.0142 (0.0148)  loss_giou_dn_pre: 0.2063 (0.2079)
Test:  [0/9]  eta: 0:00:04    time: 0.5113  data: 0.2427  max mem: 5227
Test:  [8/9]  eta: 0:00:00    time: 0.1574  data: 0.0399  max mem: 5227
Test: Total time: 0:00:01 (0.1624 s / it)
Metrics: {'f1': 0.9757785467128027, 'precision': 0.9724137931034482, 'recall': 0.9791666666666666, 'iou': 0.6649463555297336, 'TPs': 141, 'FPs': 4, 'FNs': 3}
Averaged stats: 
Accumulating evaluation results...
COCOeval_opt.accumulate() finished...
DONE (t=0.01s).
IoU metric: bbox
 Average Precision  (AP) @[ IoU=0.50:0.95 | area=   all | maxDets=100 ] = 0.352
 Average Precision  (AP) @[ IoU=0.50      | area=   all | maxDets=100 ] = 0.966
 Average Precision  (AP) @[ IoU=0.75      | area=   all | maxDets=100 ] = 0.137
 Average Precision  (AP) @[ IoU=0.50:0.95 | area= small | maxDets=100 ] = 0.353
 Average Precision  (AP) @[ IoU=0.50:0.95 | area=medium | maxDets=100 ] = -1.000
 Average Precision  (AP) @[ IoU=0.50:0.95 | area= large | maxDets=100 ] = -1.000
 Average Recall     (AR) @[ IoU=0.50:0.95 | area=   all | maxDets=  1 ] = 0.203
 Average Recall     (AR) @[ IoU=0.50:0.95 | area=   all | maxDets= 10 ] = 0.465
 Average Recall     (AR) @[ IoU=0.50:0.95 | area=   all | maxDets=100 ] = 0.575
 Average Recall     (AR) @[ IoU=0.50:0.95 | area= small | maxDets=100 ] = 0.575
 Average Recall     (AR) @[ IoU=0.50:0.95 | area=medium | maxDets=100 ] = -1.000
 Average Recall     (AR) @[ IoU=0.50:0.95 | area= large | maxDets=100 ] = -1.000
 Average Recall     (AR) @[ IoU=0.50      | area=   all | maxDets=100 ] = 0.993
 Average Recall     (AR) @[ IoU=0.75      | area=   all | maxDets=100 ] = 0.583
best_stat: {'epoch': 7, 'coco_eval_bbox': 0.37201236408190996}
Training time 0:13:06
