Not init distributed mode.
cfg: 
{'_collate_fn': None,
 '_criterion': None,
 '_ema': None,
 '_evaluator': None,
 '_lr_scheduler': None,
 '_lr_warmup_scheduler': None,
 '_model': None,
 '_optimizer': None,
 '_postprocessor': None,
 '_scaler': None,
 '_train_batch_size': None,
 '_train_dataloader': None,
 '_train_dataset': None,
 '_train_shuffle': None,
 '_val_batch_size': None,
 '_val_dataloader': None,
 '_val_dataset': None,
 '_val_shuffle': None,
 '_writer': None,
 'batch_size': None,
 'checkpoint_freq': 30,
 'clip_max_norm': 0.1,
 'device': 'cuda:0',
 'ema_decay': 0.9999,
 'ema_warmups': 2000,
 'epochs': 30,
 'find_unused_parameters': False,
 'last_epoch': -1,
 'num_workers': 0,
 'output_dir': '/home/viplab/contest/experiments/kamp_v2_ambiguity/runs/edge_seed20261001',
 'print_freq': 10,
 'resume': None,
 'seed': 20261001,
 'summary_dir': None,
 'sync_bn': False,
 'task': 'detection',
 'tuning': '/home/viplab/contest/experiments/kamp_pilot_v1/dfine_s_init.pth',
 'use_amp': False,
 'use_ema': True,
 'yaml_cfg': {'DFINE': {'backbone': 'HGNetv2',
                        'decoder': 'DFINETransformer',
                        'encoder': 'HybridEncoder'},
              'DFINECriterion': {'alpha': 0.75,
                                 'gamma': 2.0,
                                 'losses': ['vfl', 'boxes', 'local'],
                                 'matcher': {'alpha': 0.25,
                                             'gamma': 2.0,
                                             'type': 'HungarianMatcher',
                                             'weight_dict': {'cost_bbox': 5,
                                                             'cost_class': 2,
                                                             'cost_giou': 2}},
                                 'reg_max': 32,
                                 'weight_dict': {'loss_bbox': 5,
                                                 'loss_ddf': 1.5,
                                                 'loss_fgl': 0.15,
                                                 'loss_giou': 2,
                                                 'loss_vfl': 1}},
              'DFINEPostProcessor': {'num_top_queries': 300},
              'DFINETransformer': {'box_noise_scale': 1.0,
                                   'cross_attn_method': 'default',
                                   'eval_idx': -1,
                                   'feat_channels': [256, 256, 256],
                                   'feat_strides': [8, 16, 32],
                                   'hidden_dim': 256,
                                   'label_noise_ratio': 0.5,
                                   'layer_scale': 1,
                                   'num_denoising': 100,
                                   'num_layers': 3,
                                   'num_levels': 3,
                                   'num_points': [3, 6, 3],
                                   'num_queries': 300,
                                   'query_select_method': 'default',
                                   'reg_max': 32,
                                   'reg_scale': 4},
              'HGNetv2': {'freeze_at': -1,
                          'freeze_norm': False,
                          'local_model_dir': 'weight/hgnetv2/',
                          'name': 'B0',
                          'pretrained': False,
                          'return_idx': [1, 2, 3],
                          'use_lab': True},
              'HybridEncoder': {'act': 'silu',
                                'depth_mult': 0.34,
                                'dim_feedforward': 1024,
                                'dropout': 0.0,
                                'enc_act': 'gelu',
                                'expansion': 0.5,
                                'feat_strides': [8, 16, 32],
                                'hidden_dim': 256,
                                'in_channels': [256, 512, 1024],
                                'nhead': 8,
                                'num_encoder_layers': 1,
                                'use_encoder_idx': [2]},
              '__include__': ['/home/viplab/contest/models/D-FINE/configs/dfine/dfine_hgnetv2_s_coco.yml'],
              'checkpoint_freq': 30,
              'clip_max_norm': 0.1,
              'config': '/home/viplab/contest/experiments/kamp_v2_ambiguity/configs/edge_seed20261001.yml',
              'criterion': 'DFINECriterion',
              'device': 'cuda:0',
              'ema': {'decay': 0.9999,
                      'start': 0,
                      'type': 'ModelEMA',
                      'warmups': 100},
              'epochs': 30,
              'eval_spatial_size': [640, 640],
              'evaluator': {'iou_types': ['bbox'], 'type': 'CocoEvaluator'},
              'exp_name': 'baseline',
              'find_unused_parameters': False,
              'lr_scheduler': {'gamma': 0.1,
                               'milestones': [24],
                               'type': 'MultiStepLR'},
              'lr_warmup_scheduler': {'type': 'LinearWarmup',
                                      'warmup_duration': 45},
              'model': 'DFINE',
              'num_classes': 1,
              'optimizer': {'betas': [0.9, 0.999],
                            'lr': 0.0002,
                            'params': [{'lr': 0.0001,
                                        'params': '^(?=.*backbone)(?!.*norm|bn).*$'},
                                       {'lr': 0.0001,
                                        'params': '^(?=.*backbone)(?=.*norm|bn).*$',
                                        'weight_decay': 0.0},
                                       {'params': '^(?=.*(?:encoder|decoder))(?=.*(?:norm|bn|bias)).*$',
                                        'weight_decay': 0.0}],
                            'type': 'AdamW',
                            'weight_decay': 0.0001},
              'output_dir': '/home/viplab/contest/experiments/kamp_v2_ambiguity/runs/edge_seed20261001',
              'postprocessor': 'DFINEPostProcessor',
              'print_freq': 10,
              'print_method': 'builtin',
              'print_rank': 0,
              'project_name': 'D-FINE',
              'remap_mscoco_category': False,
              'scaler': {'enabled': True, 'type': 'GradScaler'},
              'seed': 20261001,
              'sync_bn': False,
              'task': 'detection',
              'test_only': False,
              'train_dataloader': {'collate_fn': {'base_size': 640,
                                                  'base_size_repeat': None,
                                                  'ema_restart_decay': 0.9999,
                                                  'stop_epoch': 1000,
                                                  'type': 'BatchImageCollateFunction'},
                                   'dataset': {'ann_file': '/home/viplab/contest/experiments/kamp_v2_baselines/data640/annotations/train.json',
                                               'img_folder': '/home/viplab/contest/experiments/kamp_v2_baselines/data640/images/train',
                                               'return_masks': False,
                                               'transforms': {'ops': [{'dtype': 'float32',
                                                                       'scale': True,
                                                                       'type': 'ConvertPILImage'},
                                                                      {'fmt': 'cxcywh',
                                                                       'normalize': True,
                                                                       'type': 'ConvertBoxes'}],
                                                              'policy': {'epoch': 1000,
                                                                         'name': 'stop_epoch',
                                                                         'ops': ['RandomPhotometricDistort',
                                                                                 'RandomZoomOut',
                                                                                 'RandomIoUCrop']},
                                                              'type': 'Compose'},
                                               'type': 'CocoDetection'},
                                   'drop_last': False,
                                   'num_workers': 2,
                                   'shuffle': True,
                                   'total_batch_size': 8,
                                   'type': 'DataLoader'},
              'tuning': '/home/viplab/contest/experiments/kamp_pilot_v1/dfine_s_init.pth',
              'use_amp': False,
              'use_ema': True,
              'use_focal_loss': True,
              'use_wandb': False,
              'val_dataloader': {'collate_fn': {'type': 'BatchImageCollateFunction'},
                                 'dataset': {'ann_file': '/home/viplab/contest/experiments/kamp_v2_baselines/data640/annotations/val.json',
                                             'img_folder': '/home/viplab/contest/experiments/kamp_v2_baselines/data640/images/val',
                                             'return_masks': False,
                                             'transforms': {'ops': [{'dtype': 'float32',
                                                                     'scale': True,
                                                                     'type': 'ConvertPILImage'}],
                                                            'type': 'Compose'},
                                             'type': 'CocoDetection'},
                                 'drop_last': False,
                                 'num_workers': 2,
                                 'shuffle': False,
                                 'total_batch_size': 8,
                                 'type': 'DataLoader'}}}
Tuning checkpoint from /home/viplab/contest/experiments/kamp_pilot_v1/dfine_s_init.pth
Load model.state_dict, {'missed': [], 'unmatched': []}
Initial lr: [0.0001, 0.0001, 0.0002, 0.0002]
building train_dataloader with batch_size=8...
building val_dataloader with batch_size=8...

------------------------------------- Calculate Flops Results -------------------------------------
Notations:
number of parameters (Params), number of multiply-accumulate operations(MACs),
number of floating-point operations (FLOPs), floating-point operations per second (FLOPS),
fwd FLOPs (model forward propagation FLOPs), bwd FLOPs (model backward propagation FLOPs),
default model backpropagation takes 2.00 times as much computation as forward propagation.

Total Training Params:                                                  10.18 M 
fwd MACs:                                                               12.3563 GMACs
fwd FLOPs:                                                              24.8195 GFLOPS
fwd+bwd MACs:                                                           37.069 GMACs
fwd+bwd FLOPs:                                                          74.4584 GFLOPS
---------------------------------------------------------------------------------------------------
{'Model FLOPs:24.8195 GFLOPS   MACs:12.3563 GMACs   Params:10176661'}
------------------------------------------Start training-------------------------------------------
/home/viplab/contest/models/D-FINE/src/solver/det_engine.py:125: UserWarning: Converting a tensor with requires_grad=True to a scalar may lead to unexpected behavior.
Consider using tensor.detach() first. (Triggered internally at /pytorch/torch/csrc/autograd/generated/python_variable_methods.cpp:836.)
  if not math.isfinite(loss_value):
Epoch: [0/30]  [ 0/44]  eta: 0:01:09  lr: 0.000004  loss: 35.3152 (35.3152)  loss_mal: 0.0668 (0.0668)  loss_bbox: 1.9207 (1.9207)  loss_giou: 2.5657 (2.5657)  loss_fgl: 0.1149 (0.1149)  loss_mal_aux_0: 0.0616 (0.0616)  loss_bbox_aux_0: 1.9138 (1.9138)  loss_giou_aux_0: 2.5847 (2.5847)  loss_fgl_aux_0: 0.1147 (0.1147)  loss_ddf_aux_0: 0.0380 (0.0380)  loss_mal_aux_1: 0.0755 (0.0755)  loss_bbox_aux_1: 1.9189 (1.9189)  loss_giou_aux_1: 2.5530 (2.5530)  loss_fgl_aux_1: 0.1188 (0.1188)  loss_ddf_aux_1: 0.0031 (0.0031)  loss_mal_pre: 0.0610 (0.0610)  loss_bbox_pre: 1.9572 (1.9572)  loss_giou_pre: 2.6168 (2.6168)  loss_mal_enc_0: 0.0723 (0.0723)  loss_bbox_enc_0: 2.0071 (2.0071)  loss_giou_enc_0: 2.7838 (2.7838)  loss_mal_dn_0: 0.1869 (0.1869)  loss_bbox_dn_0: 0.4995 (0.4995)  loss_giou_dn_0: 1.9028 (1.9028)  loss_fgl_dn_0: 0.4625 (0.4625)  loss_ddf_dn_0: 0.1169 (0.1169)  loss_mal_dn_1: 0.4203 (0.4203)  loss_bbox_dn_1: 0.3369 (0.3369)  loss_giou_dn_1: 1.6538 (1.6538)  loss_fgl_dn_1: 0.5900 (0.5900)  loss_ddf_dn_1: 0.0105 (0.0105)  loss_mal_dn_2: 0.4357 (0.4357)  loss_bbox_dn_2: 0.3445 (0.3445)  loss_giou_dn_2: 1.6324 (1.6324)  loss_fgl_dn_2: 0.5931 (0.5931)  loss_ddf_dn_2: -0.0000 (0.0000)  loss_mal_dn_pre: 0.1907 (0.1907)  loss_bbox_dn_pre: 0.4911 (0.4911)  loss_giou_dn_pre: 1.8994 (1.8994)  time: 1.5731  data: 0.2690  max mem: 5074
Epoch: [0/30]  [10/44]  eta: 0:00:22  lr: 0.000027  loss: 32.0459 (32.6041)  loss_mal: 0.0818 (0.0974)  loss_bbox: 1.4870 (1.4847)  loss_giou: 2.4749 (2.4885)  loss_fgl: 0.1149 (0.1488)  loss_mal_aux_0: 0.0705 (0.1089)  loss_bbox_aux_0: 1.4840 (1.4903)  loss_giou_aux_0: 2.5699 (2.5311)  loss_fgl_aux_0: 0.1147 (0.1452)  loss_ddf_aux_0: 0.0304 (0.0292)  loss_mal_aux_1: 0.0755 (0.0963)  loss_bbox_aux_1: 1.4916 (1.4993)  loss_giou_aux_1: 2.5042 (2.4942)  loss_fgl_aux_1: 0.1188 (0.1471)  loss_ddf_aux_1: 0.0023 (0.0023)  loss_mal_pre: 0.0610 (0.1045)  loss_bbox_pre: 1.4906 (1.4960)  loss_giou_pre: 2.5779 (2.5472)  loss_mal_enc_0: 0.0723 (0.0949)  loss_bbox_enc_0: 1.5322 (1.5129)  loss_giou_enc_0: 2.6107 (2.6057)  loss_mal_dn_0: 0.4500 (0.4309)  loss_bbox_dn_0: 0.3041 (0.3175)  loss_giou_dn_0: 1.5097 (1.5392)  loss_fgl_dn_0: 0.6458 (0.6433)  loss_ddf_dn_0: 0.1470 (0.1507)  loss_mal_dn_1: 0.8414 (0.8082)  loss_bbox_dn_1: 0.1740 (0.1880)  loss_giou_dn_1: 1.2652 (1.2882)  loss_fgl_dn_1: 0.7926 (0.7795)  loss_ddf_dn_1: 0.0073 (0.0079)  loss_mal_dn_2: 0.8662 (0.8199)  loss_bbox_dn_2: 0.1528 (0.1799)  loss_giou_dn_2: 1.2121 (1.2529)  loss_fgl_dn_2: 0.7983 (0.7911)  loss_ddf_dn_2: -0.0000 (0.0000)  loss_mal_dn_pre: 0.4453 (0.4276)  loss_bbox_dn_pre: 0.3040 (0.3163)  loss_giou_dn_pre: 1.5091 (1.5388)  time: 0.6517  data: 0.0377  max mem: 5224
Epoch: [0/30]  [20/44]  eta: 0:00:14  lr: 0.000049  loss: 32.7540 (33.1749)  loss_mal: 0.1307 (0.1757)  loss_bbox: 1.4229 (1.4258)  loss_giou: 2.4714 (2.5020)  loss_fgl: 0.1618 (0.1784)  loss_mal_aux_0: 0.1585 (0.1816)  loss_bbox_aux_0: 1.4383 (1.4438)  loss_giou_aux_0: 2.4931 (2.5298)  loss_fgl_aux_0: 0.1534 (0.1760)  loss_ddf_aux_0: 0.0299 (0.0292)  loss_mal_aux_1: 0.1240 (0.1783)  loss_bbox_aux_1: 1.4503 (1.4451)  loss_giou_aux_1: 2.4704 (2.4984)  loss_fgl_aux_1: 0.1621 (0.1782)  loss_ddf_aux_1: 0.0023 (0.0024)  loss_mal_pre: 0.1470 (0.1719)  loss_bbox_pre: 1.4673 (1.4570)  loss_giou_pre: 2.5140 (2.5412)  loss_mal_enc_0: 0.1234 (0.1317)  loss_bbox_enc_0: 1.4899 (1.5108)  loss_giou_enc_0: 2.5947 (2.5875)  loss_mal_dn_0: 0.6175 (0.6996)  loss_bbox_dn_0: 0.2058 (0.2341)  loss_giou_dn_0: 1.3150 (1.3683)  loss_fgl_dn_0: 0.7613 (0.7684)  loss_ddf_dn_0: 0.1581 (0.1642)  loss_mal_dn_1: 1.1074 (0.9977)  loss_bbox_dn_1: 0.1139 (0.1441)  loss_giou_dn_1: 1.1197 (1.1826)  loss_fgl_dn_1: 0.8769 (0.8505)  loss_ddf_dn_1: 0.0071 (0.0076)  loss_mal_dn_2: 1.0542 (0.9706)  loss_bbox_dn_2: 0.1079 (0.1381)  loss_giou_dn_2: 1.0694 (1.1505)  loss_fgl_dn_2: 0.8817 (0.8611)  loss_ddf_dn_2: -0.0000 (0.0000)  loss_mal_dn_pre: 0.6122 (0.6839)  loss_bbox_dn_pre: 0.2102 (0.2353)  loss_giou_dn_pre: 1.3266 (1.3733)  time: 0.5543  data: 0.0154  max mem: 5224
Epoch: [0/30]  [30/44]  eta: 0:00:08  lr: 0.000071  loss: 32.5427 (32.7219)  loss_mal: 0.2565 (0.2138)  loss_bbox: 1.1714 (1.2880)  loss_giou: 2.4404 (2.4044)  loss_fgl: 0.2024 (0.2064)  loss_mal_aux_0: 0.2401 (0.2228)  loss_bbox_aux_0: 1.2250 (1.3217)  loss_giou_aux_0: 2.4448 (2.4446)  loss_fgl_aux_0: 0.1891 (0.1965)  loss_ddf_aux_0: 0.0327 (0.0344)  loss_mal_aux_1: 0.2811 (0.2236)  loss_bbox_aux_1: 1.2124 (1.3093)  loss_giou_aux_1: 2.4033 (2.4038)  loss_fgl_aux_1: 0.1991 (0.2040)  loss_ddf_aux_1: 0.0028 (0.0028)  loss_mal_pre: 0.2230 (0.2153)  loss_bbox_pre: 1.2405 (1.3456)  loss_giou_pre: 2.4360 (2.4556)  loss_mal_enc_0: 0.1521 (0.1658)  loss_bbox_enc_0: 1.4170 (1.4633)  loss_giou_enc_0: 2.4697 (2.5024)  loss_mal_dn_0: 1.1129 (0.8528)  loss_bbox_dn_0: 0.0991 (0.1891)  loss_giou_dn_0: 1.1110 (1.2828)  loss_fgl_dn_0: 0.9686 (0.8405)  loss_ddf_dn_0: 0.1566 (0.1517)  loss_mal_dn_1: 1.2915 (1.1398)  loss_bbox_dn_1: 0.0806 (0.1228)  loss_giou_dn_1: 1.0102 (1.1016)  loss_fgl_dn_1: 0.9840 (0.9167)  loss_ddf_dn_1: 0.0061 (0.0071)  loss_mal_dn_2: 1.1555 (1.0587)  loss_bbox_dn_2: 0.0795 (0.1179)  loss_giou_dn_2: 0.9857 (1.0718)  loss_fgl_dn_2: 0.9916 (0.9265)  loss_ddf_dn_2: -0.0000 (0.0000)  loss_mal_dn_pre: 1.1100 (0.8438)  loss_bbox_dn_pre: 0.0995 (0.1901)  loss_giou_dn_pre: 1.1159 (1.2843)  time: 0.5475  data: 0.0163  max mem: 5224
Epoch: [0/30]  [40/44]  eta: 0:00:02  lr: 0.000093  loss: 30.1657 (31.8263)  loss_mal: 0.3525 (0.2737)  loss_bbox: 0.8053 (1.1096)  loss_giou: 1.8859 (2.2263)  loss_fgl: 0.3882 (0.2836)  loss_mal_aux_0: 0.3501 (0.2889)  loss_bbox_aux_0: 0.8773 (1.1460)  loss_giou_aux_0: 1.9962 (2.2952)  loss_fgl_aux_0: 0.3379 (0.2601)  loss_ddf_aux_0: 0.0577 (0.0487)  loss_mal_aux_1: 0.3765 (0.3023)  loss_bbox_aux_1: 0.8506 (1.1320)  loss_giou_aux_1: 1.9157 (2.2369)  loss_fgl_aux_1: 0.3697 (0.2775)  loss_ddf_aux_1: 0.0051 (0.0044)  loss_mal_pre: 0.3476 (0.2849)  loss_bbox_pre: 0.9084 (1.1717)  loss_giou_pre: 1.9921 (2.3033)  loss_mal_enc_0: 0.2624 (0.2257)  loss_bbox_enc_0: 1.2378 (1.3448)  loss_giou_enc_0: 2.0526 (2.3765)  loss_mal_dn_0: 1.2064 (0.9445)  loss_bbox_dn_0: 0.0925 (0.1651)  loss_giou_dn_0: 1.0792 (1.2223)  loss_fgl_dn_0: 1.0147 (0.8896)  loss_ddf_dn_0: 0.1726 (0.1752)  loss_mal_dn_1: 1.4616 (1.2316)  loss_bbox_dn_1: 0.0752 (0.1099)  loss_giou_dn_1: 0.8624 (1.0248)  loss_fgl_dn_1: 1.0808 (0.9687)  loss_ddf_dn_1: 0.0083 (0.0088)  loss_mal_dn_2: 1.2065 (1.0833)  loss_bbox_dn_2: 0.0728 (0.1062)  loss_giou_dn_2: 0.8582 (0.9999)  loss_fgl_dn_2: 1.0906 (0.9767)  loss_ddf_dn_2: -0.0000 (0.0000)  loss_mal_dn_pre: 1.2169 (0.9405)  loss_bbox_dn_pre: 0.0928 (0.1657)  loss_giou_dn_pre: 1.0646 (1.2213)  time: 0.5612  data: 0.0159  max mem: 5225
Epoch: [0/30]  [43/44]  eta: 0:00:00  lr: 0.000100  loss: 29.1141 (31.5916)  loss_mal: 0.3779 (0.2961)  loss_bbox: 0.5056 (1.0590)  loss_giou: 1.7059 (2.1721)  loss_fgl: 0.4454 (0.3091)  loss_mal_aux_0: 0.4312 (0.3259)  loss_bbox_aux_0: 0.5554 (1.0977)  loss_giou_aux_0: 1.8602 (2.2454)  loss_fgl_aux_0: 0.4147 (0.2823)  loss_ddf_aux_0: 0.0701 (0.0550)  loss_mal_aux_1: 0.4603 (0.3348)  loss_bbox_aux_1: 0.5176 (1.0829)  loss_giou_aux_1: 1.7760 (2.1844)  loss_fgl_aux_1: 0.4388 (0.3019)  loss_ddf_aux_1: 0.0078 (0.0051)  loss_mal_pre: 0.4604 (0.3202)  loss_bbox_pre: 0.6261 (1.1246)  loss_giou_pre: 1.8548 (2.2524)  loss_mal_enc_0: 0.3155 (0.2426)  loss_bbox_enc_0: 1.1409 (1.3118)  loss_giou_enc_0: 2.0084 (2.3386)  loss_mal_dn_0: 1.2370 (0.9706)  loss_bbox_dn_0: 0.0925 (0.1597)  loss_giou_dn_0: 1.0385 (1.2024)  loss_fgl_dn_0: 1.0177 (0.9041)  loss_ddf_dn_0: 0.2167 (0.1890)  loss_mal_dn_1: 1.4616 (1.2388)  loss_bbox_dn_1: 0.0710 (0.1069)  loss_giou_dn_1: 0.8223 (1.0047)  loss_fgl_dn_1: 1.1154 (0.9828)  loss_ddf_dn_1: 0.0112 (0.0095)  loss_mal_dn_2: 1.1958 (1.0776)  loss_bbox_dn_2: 0.0711 (0.1033)  loss_giou_dn_2: 0.8036 (0.9809)  loss_fgl_dn_2: 1.1160 (0.9909)  loss_ddf_dn_2: -0.0000 (0.0000)  loss_mal_dn_pre: 1.2414 (0.9674)  loss_bbox_dn_pre: 0.0927 (0.1603)  loss_giou_dn_pre: 1.0301 (1.2011)  time: 0.5647  data: 0.0155  max mem: 5225
Epoch: [0/30] Total time: 0:00:25 (0.5784 s / it)
Averaged stats: lr: 0.000100  loss: 29.1141 (31.5916)  loss_mal: 0.3779 (0.2961)  loss_bbox: 0.5056 (1.0590)  loss_giou: 1.7059 (2.1721)  loss_fgl: 0.4454 (0.3091)  loss_mal_aux_0: 0.4312 (0.3259)  loss_bbox_aux_0: 0.5554 (1.0977)  loss_giou_aux_0: 1.8602 (2.2454)  loss_fgl_aux_0: 0.4147 (0.2823)  loss_ddf_aux_0: 0.0701 (0.0550)  loss_mal_aux_1: 0.4603 (0.3348)  loss_bbox_aux_1: 0.5176 (1.0829)  loss_giou_aux_1: 1.7760 (2.1844)  loss_fgl_aux_1: 0.4388 (0.3019)  loss_ddf_aux_1: 0.0078 (0.0051)  loss_mal_pre: 0.4604 (0.3202)  loss_bbox_pre: 0.6261 (1.1246)  loss_giou_pre: 1.8548 (2.2524)  loss_mal_enc_0: 0.3155 (0.2426)  loss_bbox_enc_0: 1.1409 (1.3118)  loss_giou_enc_0: 2.0084 (2.3386)  loss_mal_dn_0: 1.2370 (0.9706)  loss_bbox_dn_0: 0.0925 (0.1597)  loss_giou_dn_0: 1.0385 (1.2024)  loss_fgl_dn_0: 1.0177 (0.9041)  loss_ddf_dn_0: 0.2167 (0.1890)  loss_mal_dn_1: 1.4616 (1.2388)  loss_bbox_dn_1: 0.0710 (0.1069)  loss_giou_dn_1: 0.8223 (1.0047)  loss_fgl_dn_1: 1.1154 (0.9828)  loss_ddf_dn_1: 0.0112 (0.0095)  loss_mal_dn_2: 1.1958 (1.0776)  loss_bbox_dn_2: 0.0711 (0.1033)  loss_giou_dn_2: 0.8036 (0.9809)  loss_fgl_dn_2: 1.1160 (0.9909)  loss_ddf_dn_2: -0.0000 (0.0000)  loss_mal_dn_pre: 1.2414 (0.9674)  loss_bbox_dn_pre: 0.0927 (0.1603)  loss_giou_dn_pre: 1.0301 (1.2011)
Test:  [0/9]  eta: 0:00:05    time: 0.5567  data: 0.2473  max mem: 5225
Test:  [8/9]  eta: 0:00:00    time: 0.1739  data: 0.0413  max mem: 5225
Test: Total time: 0:00:01 (0.1774 s / it)
Metrics: {'f1': 0, 'precision': 0, 'recall': 0.0, 'iou': 0.0, 'TPs': 0, 'FPs': 0, 'FNs': 144}
Averaged stats: 
Accumulating evaluation results...
COCOeval_opt.accumulate() finished...
DONE (t=0.01s).
IoU metric: bbox
 Average Precision  (AP) @[ IoU=0.50:0.95 | area=   all | maxDets=100 ] = 0.005
 Average Precision  (AP) @[ IoU=0.50      | area=   all | maxDets=100 ] = 0.020
 Average Precision  (AP) @[ IoU=0.75      | area=   all | maxDets=100 ] = 0.000
 Average Precision  (AP) @[ IoU=0.50:0.95 | area= small | maxDets=100 ] = 0.022
 Average Precision  (AP) @[ IoU=0.50:0.95 | area=medium | maxDets=100 ] = -1.000
 Average Precision  (AP) @[ IoU=0.50:0.95 | area= large | maxDets=100 ] = -1.000
 Average Recall     (AR) @[ IoU=0.50:0.95 | area=   all | maxDets=  1 ] = 0.022
 Average Recall     (AR) @[ IoU=0.50:0.95 | area=   all | maxDets= 10 ] = 0.042
 Average Recall     (AR) @[ IoU=0.50:0.95 | area=   all | maxDets=100 ] = 0.042
 Average Recall     (AR) @[ IoU=0.50:0.95 | area= small | maxDets=100 ] = 0.042
 Average Recall     (AR) @[ IoU=0.50:0.95 | area=medium | maxDets=100 ] = -1.000
 Average Recall     (AR) @[ IoU=0.50:0.95 | area= large | maxDets=100 ] = -1.000
 Average Recall     (AR) @[ IoU=0.50      | area=   all | maxDets=100 ] = 0.139
 Average Recall     (AR) @[ IoU=0.75      | area=   all | maxDets=100 ] = 0.000
best_stat: {'epoch': 0, 'coco_eval_bbox': 0.005001543746635173}
Epoch: [1/30]  [ 0/44]  eta: 0:00:34  lr: 0.000100  loss: 28.2851 (28.2851)  loss_mal: 0.6900 (0.6900)  loss_bbox: 0.3267 (0.3267)  loss_giou: 1.2969 (1.2969)  loss_fgl: 0.7624 (0.7624)  loss_mal_aux_0: 0.7533 (0.7533)  loss_bbox_aux_0: 0.4460 (0.4460)  loss_giou_aux_0: 1.5178 (1.5178)  loss_fgl_aux_0: 0.6356 (0.6356)  loss_ddf_aux_0: 0.1494 (0.1494)  loss_mal_aux_1: 0.8897 (0.8897)  loss_bbox_aux_1: 0.3838 (0.3838)  loss_giou_aux_1: 1.3450 (1.3450)  loss_fgl_aux_1: 0.7225 (0.7225)  loss_ddf_aux_1: 0.0198 (0.0198)  loss_mal_pre: 0.7476 (0.7476)  loss_bbox_pre: 0.4784 (0.4784)  loss_giou_pre: 1.4869 (1.4869)  loss_mal_enc_0: 0.7786 (0.7786)  loss_bbox_enc_0: 0.7739 (0.7739)  loss_giou_enc_0: 1.7017 (1.7017)  loss_mal_dn_0: 1.4606 (1.4606)  loss_bbox_dn_0: 0.0714 (0.0714)  loss_giou_dn_0: 0.8150 (0.8150)  loss_fgl_dn_0: 1.1636 (1.1636)  loss_ddf_dn_0: 0.3852 (0.3852)  loss_mal_dn_1: 1.3098 (1.3098)  loss_bbox_dn_1: 0.0540 (0.0540)  loss_giou_dn_1: 0.6536 (0.6536)  loss_fgl_dn_1: 1.1995 (1.1995)  loss_ddf_dn_1: 0.0175 (0.0175)  loss_mal_dn_2: 0.9901 (0.9901)  loss_bbox_dn_2: 0.0542 (0.0542)  loss_giou_dn_2: 0.6555 (0.6555)  loss_fgl_dn_2: 1.2073 (1.2073)  loss_ddf_dn_2: -0.0000 (0.0000)  loss_mal_dn_pre: 1.4504 (1.4504)  loss_bbox_dn_pre: 0.0721 (0.0721)  loss_giou_dn_pre: 0.8191 (0.8191)  time: 0.7756  data: 0.2513  max mem: 5225
Epoch: [1/30]  [10/44]  eta: 0:00:19  lr: 0.000100  loss: 27.5649 (27.6277)  loss_mal: 0.6549 (0.6584)  loss_bbox: 0.3011 (0.3007)  loss_giou: 1.3977 (1.3572)  loss_fgl: 0.7006 (0.7215)  loss_mal_aux_0: 0.7533 (0.8084)  loss_bbox_aux_0: 0.4094 (0.4002)  loss_giou_aux_0: 1.5178 (1.5022)  loss_fgl_aux_0: 0.5974 (0.6471)  loss_ddf_aux_0: 0.2233 (0.2192)  loss_mal_aux_1: 0.7162 (0.7482)  loss_bbox_aux_1: 0.3410 (0.3376)  loss_giou_aux_1: 1.4277 (1.3762)  loss_fgl_aux_1: 0.6546 (0.7022)  loss_ddf_aux_1: 0.0256 (0.0254)  loss_mal_pre: 0.7322 (0.7866)  loss_bbox_pre: 0.4583 (0.4382)  loss_giou_pre: 1.4972 (1.4816)  loss_mal_enc_0: 0.6589 (0.7321)  loss_bbox_enc_0: 0.8182 (0.7482)  loss_giou_enc_0: 1.7114 (1.6719)  loss_mal_dn_0: 1.3497 (1.3286)  loss_bbox_dn_0: 0.0730 (0.0732)  loss_giou_dn_0: 0.8150 (0.8127)  loss_fgl_dn_0: 1.1508 (1.1537)  loss_ddf_dn_0: 0.6591 (0.6617)  loss_mal_dn_1: 1.0361 (1.0363)  loss_bbox_dn_1: 0.0540 (0.0553)  loss_giou_dn_1: 0.6641 (0.6621)  loss_fgl_dn_1: 1.1889 (1.1880)  loss_ddf_dn_1: 0.0397 (0.0395)  loss_mal_dn_2: 0.7970 (0.8311)  loss_bbox_dn_2: 0.0542 (0.0551)  loss_giou_dn_2: 0.6600 (0.6623)  loss_fgl_dn_2: 1.2005 (1.1960)  loss_ddf_dn_2: -0.0000 (0.0000)  loss_mal_dn_pre: 1.3312 (1.3161)  loss_bbox_dn_pre: 0.0743 (0.0739)  loss_giou_dn_pre: 0.8191 (0.8189)  time: 0.5810  data: 0.0376  max mem: 5225
Epoch: [1/30]  [20/44]  eta: 0:00:13  lr: 0.000100  loss: 26.6839 (26.9236)  loss_mal: 0.6723 (0.6929)  loss_bbox: 0.2016 (0.2482)  loss_giou: 1.2850 (1.2390)  loss_fgl: 0.8330 (0.8233)  loss_mal_aux_0: 0.7742 (0.8596)  loss_bbox_aux_0: 0.2746 (0.3300)  loss_giou_aux_0: 1.3715 (1.3869)  loss_fgl_aux_0: 0.7979 (0.7444)  loss_ddf_aux_0: 0.2064 (0.2022)  loss_mal_aux_1: 0.6737 (0.7115)  loss_bbox_aux_1: 0.2288 (0.2756)  loss_giou_aux_1: 1.3239 (1.2658)  loss_fgl_aux_1: 0.8154 (0.8030)  loss_ddf_aux_1: 0.0210 (0.0218)  loss_mal_pre: 0.7461 (0.8409)  loss_bbox_pre: 0.2989 (0.3625)  loss_giou_pre: 1.3405 (1.3666)  loss_mal_enc_0: 0.8846 (0.8344)  loss_bbox_enc_0: 0.5341 (0.6263)  loss_giou_enc_0: 1.5357 (1.5564)  loss_mal_dn_0: 1.1840 (1.2136)  loss_bbox_dn_0: 0.0727 (0.0717)  loss_giou_dn_0: 0.7907 (0.8058)  loss_fgl_dn_0: 1.1662 (1.1662)  loss_ddf_dn_0: 0.7994 (0.8081)  loss_mal_dn_1: 0.8362 (0.9111)  loss_bbox_dn_1: 0.0533 (0.0542)  loss_giou_dn_1: 0.6552 (0.6550)  loss_fgl_dn_1: 1.1889 (1.1996)  loss_ddf_dn_1: 0.0405 (0.0426)  loss_mal_dn_2: 0.7696 (0.7985)  loss_bbox_dn_2: 0.0530 (0.0538)  loss_giou_dn_2: 0.6565 (0.6530)  loss_fgl_dn_2: 1.2005 (1.2098)  loss_ddf_dn_2: -0.0000 (0.0000)  loss_mal_dn_pre: 1.1868 (1.2118)  loss_bbox_dn_pre: 0.0720 (0.0717)  loss_giou_dn_pre: 0.7897 (0.8060)  time: 0.5673  data: 0.0162  max mem: 5225
Epoch: [1/30]  [30/44]  eta: 0:00:07  lr: 0.000100  loss: 25.1985 (26.1600)  loss_mal: 0.7506 (0.7351)  loss_bbox: 0.1333 (0.2015)  loss_giou: 0.9588 (1.1290)  loss_fgl: 0.9570 (0.8999)  loss_mal_aux_0: 0.9213 (0.8811)  loss_bbox_aux_0: 0.2094 (0.2706)  loss_giou_aux_0: 1.2070 (1.2834)  loss_fgl_aux_0: 0.8843 (0.8171)  loss_ddf_aux_0: 0.1288 (0.1733)  loss_mal_aux_1: 0.6802 (0.7328)  loss_bbox_aux_1: 0.1700 (0.2244)  loss_giou_aux_1: 1.0041 (1.1596)  loss_fgl_aux_1: 0.9612 (0.8778)  loss_ddf_aux_1: 0.0177 (0.0204)  loss_mal_pre: 0.9137 (0.8649)  loss_bbox_pre: 0.2424 (0.2989)  loss_giou_pre: 1.1724 (1.2659)  loss_mal_enc_0: 1.0020 (0.9538)  loss_bbox_enc_0: 0.4343 (0.5351)  loss_giou_enc_0: 1.3411 (1.4584)  loss_mal_dn_0: 0.9905 (1.1271)  loss_bbox_dn_0: 0.0624 (0.0672)  loss_giou_dn_0: 0.7468 (0.7762)  loss_fgl_dn_0: 1.2069 (1.1810)  loss_ddf_dn_0: 0.7698 (0.7517)  loss_mal_dn_1: 0.7638 (0.8626)  loss_bbox_dn_1: 0.0512 (0.0526)  loss_giou_dn_1: 0.6358 (0.6432)  loss_fgl_dn_1: 1.2223 (1.2083)  loss_ddf_dn_1: 0.0393 (0.0406)  loss_mal_dn_2: 0.7510 (0.7826)  loss_bbox_dn_2: 0.0516 (0.0525)  loss_giou_dn_2: 0.6343 (0.6443)  loss_fgl_dn_2: 1.2292 (1.2162)  loss_ddf_dn_2: -0.0000 (0.0000)  loss_mal_dn_pre: 0.9964 (1.1252)  loss_bbox_dn_pre: 0.0621 (0.0674)  loss_giou_dn_pre: 0.7465 (0.7785)  time: 0.5528  data: 0.0164  max mem: 5225
Epoch: [1/30]  [40/44]  eta: 0:00:02  lr: 0.000100  loss: 23.6987 (25.4235)  loss_mal: 0.8606 (0.7669)  loss_bbox: 0.0610 (0.1658)  loss_giou: 0.7161 (1.0177)  loss_fgl: 1.1983 (0.9781)  loss_mal_aux_0: 1.0013 (0.9076)  loss_bbox_aux_0: 0.0650 (0.2197)  loss_giou_aux_0: 0.7626 (1.1448)  loss_fgl_aux_0: 1.1371 (0.9111)  loss_ddf_aux_0: 0.0837 (0.1497)  loss_mal_aux_1: 0.8422 (0.7666)  loss_bbox_aux_1: 0.0610 (0.1836)  loss_giou_aux_1: 0.7179 (1.0429)  loss_fgl_aux_1: 1.1795 (0.9601)  loss_ddf_aux_1: 0.0150 (0.0182)  loss_mal_pre: 0.9917 (0.8943)  loss_bbox_pre: 0.0681 (0.2413)  loss_giou_pre: 0.7395 (1.1304)  loss_mal_enc_0: 1.4817 (1.1127)  loss_bbox_enc_0: 0.1131 (0.4279)  loss_giou_enc_0: 0.9212 (1.3124)  loss_mal_dn_0: 0.8289 (1.0389)  loss_bbox_dn_0: 0.0564 (0.0650)  loss_giou_dn_0: 0.7207 (0.7620)  loss_fgl_dn_0: 1.2071 (1.1919)  loss_ddf_dn_0: 0.5496 (0.6922)  loss_mal_dn_1: 0.7492 (0.8340)  loss_bbox_dn_1: 0.0492 (0.0516)  loss_giou_dn_1: 0.6172 (0.6363)  loss_fgl_dn_1: 1.2317 (1.2148)  loss_ddf_dn_1: 0.0249 (0.0359)  loss_mal_dn_2: 0.7446 (0.7732)  loss_bbox_dn_2: 0.0498 (0.0516)  loss_giou_dn_2: 0.6147 (0.6367)  loss_fgl_dn_2: 1.2295 (1.2217)  loss_ddf_dn_2: -0.0000 (0.0000)  loss_mal_dn_pre: 0.8228 (1.0388)  loss_bbox_dn_pre: 0.0578 (0.0650)  loss_giou_dn_pre: 0.7271 (0.7621)  time: 0.5295  data: 0.0168  max mem: 5225
Epoch: [1/30]  [43/44]  eta: 0:00:00  lr: 0.000100  loss: 23.4553 (25.2669)  loss_mal: 0.8641 (0.7722)  loss_bbox: 0.0589 (0.1584)  loss_giou: 0.7009 (0.9955)  loss_fgl: 1.2084 (0.9984)  loss_mal_aux_0: 1.0166 (0.9175)  loss_bbox_aux_0: 0.0637 (0.2086)  loss_giou_aux_0: 0.7156 (1.1130)  loss_fgl_aux_0: 1.2056 (0.9354)  loss_ddf_aux_0: 0.0808 (0.1447)  loss_mal_aux_1: 0.8606 (0.7742)  loss_bbox_aux_1: 0.0599 (0.1750)  loss_giou_aux_1: 0.7022 (1.0195)  loss_fgl_aux_1: 1.2070 (0.9812)  loss_ddf_aux_1: 0.0117 (0.0174)  loss_mal_pre: 0.9994 (0.9055)  loss_bbox_pre: 0.0640 (0.2286)  loss_giou_pre: 0.7188 (1.0989)  loss_mal_enc_0: 1.5177 (1.1452)  loss_bbox_enc_0: 0.1007 (0.4040)  loss_giou_enc_0: 0.8733 (1.2789)  loss_mal_dn_0: 0.7653 (1.0188)  loss_bbox_dn_0: 0.0563 (0.0644)  loss_giou_dn_0: 0.7039 (0.7564)  loss_fgl_dn_0: 1.2287 (1.1957)  loss_ddf_dn_0: 0.5077 (0.6745)  loss_mal_dn_1: 0.7464 (0.8279)  loss_bbox_dn_1: 0.0492 (0.0514)  loss_giou_dn_1: 0.6063 (0.6333)  loss_fgl_dn_1: 1.2352 (1.2174)  loss_ddf_dn_1: 0.0242 (0.0350)  loss_mal_dn_2: 0.7458 (0.7719)  loss_bbox_dn_2: 0.0493 (0.0512)  loss_giou_dn_2: 0.6047 (0.6331)  loss_fgl_dn_2: 1.2308 (1.2240)  loss_ddf_dn_2: -0.0000 (0.0000)  loss_mal_dn_pre: 0.7754 (1.0186)  loss_bbox_dn_pre: 0.0575 (0.0644)  loss_giou_dn_pre: 0.7106 (0.7567)  time: 0.5376  data: 0.0161  max mem: 5225
Epoch: [1/30] Total time: 0:00:24 (0.5542 s / it)
Averaged stats: lr: 0.000100  loss: 23.4553 (25.2669)  loss_mal: 0.8641 (0.7722)  loss_bbox: 0.0589 (0.1584)  loss_giou: 0.7009 (0.9955)  loss_fgl: 1.2084 (0.9984)  loss_mal_aux_0: 1.0166 (0.9175)  loss_bbox_aux_0: 0.0637 (0.2086)  loss_giou_aux_0: 0.7156 (1.1130)  loss_fgl_aux_0: 1.2056 (0.9354)  loss_ddf_aux_0: 0.0808 (0.1447)  loss_mal_aux_1: 0.8606 (0.7742)  loss_bbox_aux_1: 0.0599 (0.1750)  loss_giou_aux_1: 0.7022 (1.0195)  loss_fgl_aux_1: 1.2070 (0.9812)  loss_ddf_aux_1: 0.0117 (0.0174)  loss_mal_pre: 0.9994 (0.9055)  loss_bbox_pre: 0.0640 (0.2286)  loss_giou_pre: 0.7188 (1.0989)  loss_mal_enc_0: 1.5177 (1.1452)  loss_bbox_enc_0: 0.1007 (0.4040)  loss_giou_enc_0: 0.8733 (1.2789)  loss_mal_dn_0: 0.7653 (1.0188)  loss_bbox_dn_0: 0.0563 (0.0644)  loss_giou_dn_0: 0.7039 (0.7564)  loss_fgl_dn_0: 1.2287 (1.1957)  loss_ddf_dn_0: 0.5077 (0.6745)  loss_mal_dn_1: 0.7464 (0.8279)  loss_bbox_dn_1: 0.0492 (0.0514)  loss_giou_dn_1: 0.6063 (0.6333)  loss_fgl_dn_1: 1.2352 (1.2174)  loss_ddf_dn_1: 0.0242 (0.0350)  loss_mal_dn_2: 0.7458 (0.7719)  loss_bbox_dn_2: 0.0493 (0.0512)  loss_giou_dn_2: 0.6047 (0.6331)  loss_fgl_dn_2: 1.2308 (1.2240)  loss_ddf_dn_2: -0.0000 (0.0000)  loss_mal_dn_pre: 0.7754 (1.0186)  loss_bbox_dn_pre: 0.0575 (0.0644)  loss_giou_dn_pre: 0.7106 (0.7567)
Test:  [0/9]  eta: 0:00:03    time: 0.3642  data: 0.2365  max mem: 5225
Test:  [8/9]  eta: 0:00:00    time: 0.1557  data: 0.0400  max mem: 5225
Test: Total time: 0:00:01 (0.1594 s / it)
Metrics: {'f1': 0.07741935483870968, 'precision': 0.5454545454545454, 'recall': 0.041666666666666664, 'iou': 0.02880127877997072, 'TPs': 6, 'FPs': 5, 'FNs': 138}
Averaged stats: 
Accumulating evaluation results...
COCOeval_opt.accumulate() finished...
DONE (t=0.01s).
IoU metric: bbox
 Average Precision  (AP) @[ IoU=0.50:0.95 | area=   all | maxDets=100 ] = 0.235
 Average Precision  (AP) @[ IoU=0.50      | area=   all | maxDets=100 ] = 0.669
 Average Precision  (AP) @[ IoU=0.75      | area=   all | maxDets=100 ] = 0.080
 Average Precision  (AP) @[ IoU=0.50:0.95 | area= small | maxDets=100 ] = 0.235
 Average Precision  (AP) @[ IoU=0.50:0.95 | area=medium | maxDets=100 ] = -1.000
 Average Precision  (AP) @[ IoU=0.50:0.95 | area= large | maxDets=100 ] = -1.000
 Average Recall     (AR) @[ IoU=0.50:0.95 | area=   all | maxDets=  1 ] = 0.164
 Average Recall     (AR) @[ IoU=0.50:0.95 | area=   all | maxDets= 10 ] = 0.439
 Average Recall     (AR) @[ IoU=0.50:0.95 | area=   all | maxDets=100 ] = 0.562
 Average Recall     (AR) @[ IoU=0.50:0.95 | area= small | maxDets=100 ] = 0.562
 Average Recall     (AR) @[ IoU=0.50:0.95 | area=medium | maxDets=100 ] = -1.000
 Average Recall     (AR) @[ IoU=0.50:0.95 | area= large | maxDets=100 ] = -1.000
 Average Recall     (AR) @[ IoU=0.50      | area=   all | maxDets=100 ] = 1.000
 Average Recall     (AR) @[ IoU=0.75      | area=   all | maxDets=100 ] = 0.576
best_stat: {'epoch': 1, 'coco_eval_bbox': 0.23469495079138747}
Epoch: [2/30]  [ 0/44]  eta: 0:00:36  lr: 0.000100  loss: 22.9058 (22.9058)  loss_mal: 0.7800 (0.7800)  loss_bbox: 0.0607 (0.0607)  loss_giou: 0.6841 (0.6841)  loss_fgl: 1.2944 (1.2944)  loss_mal_aux_0: 1.0515 (1.0515)  loss_bbox_aux_0: 0.0600 (0.0600)  loss_giou_aux_0: 0.6752 (0.6752)  loss_fgl_aux_0: 1.2823 (1.2823)  loss_ddf_aux_0: 0.0710 (0.0710)  loss_mal_aux_1: 0.8073 (0.8073)  loss_bbox_aux_1: 0.0610 (0.0610)  loss_giou_aux_1: 0.6862 (0.6862)  loss_fgl_aux_1: 1.2931 (1.2931)  loss_ddf_aux_1: 0.0067 (0.0067)  loss_mal_pre: 1.0396 (1.0396)  loss_bbox_pre: 0.0593 (0.0593)  loss_giou_pre: 0.6667 (0.6667)  loss_mal_enc_0: 1.6420 (1.6420)  loss_bbox_enc_0: 0.0630 (0.0630)  loss_giou_enc_0: 0.6960 (0.6960)  loss_mal_dn_0: 0.7381 (0.7381)  loss_bbox_dn_0: 0.0592 (0.0592)  loss_giou_dn_0: 0.6715 (0.6715)  loss_fgl_dn_0: 1.2446 (1.2446)  loss_ddf_dn_0: 0.5104 (0.5104)  loss_mal_dn_1: 0.7434 (0.7434)  loss_bbox_dn_1: 0.0480 (0.0480)  loss_giou_dn_1: 0.5619 (0.5619)  loss_fgl_dn_1: 1.2462 (1.2462)  loss_ddf_dn_1: 0.0374 (0.0374)  loss_mal_dn_2: 0.7363 (0.7363)  loss_bbox_dn_2: 0.0479 (0.0479)  loss_giou_dn_2: 0.5605 (0.5605)  loss_fgl_dn_2: 1.2505 (1.2505)  loss_ddf_dn_2: -0.0000 (0.0000)  loss_mal_dn_pre: 0.7351 (0.7351)  loss_bbox_dn_pre: 0.0595 (0.0595)  loss_giou_dn_pre: 0.6752 (0.6752)  time: 0.8261  data: 0.2412  max mem: 5225
Epoch: [2/30]  [10/44]  eta: 0:00:20  lr: 0.000100  loss: 22.2398 (22.1901)  loss_mal: 0.7760 (0.7815)  loss_bbox: 0.0480 (0.0480)  loss_giou: 0.6112 (0.5991)  loss_fgl: 1.2637 (1.2579)  loss_mal_aux_0: 1.1533 (1.1320)  loss_bbox_aux_0: 0.0494 (0.0488)  loss_giou_aux_0: 0.6106 (0.6074)  loss_fgl_aux_0: 1.2657 (1.2609)  loss_ddf_aux_0: 0.0497 (0.0511)  loss_mal_aux_1: 0.8314 (0.8301)  loss_bbox_aux_1: 0.0479 (0.0479)  loss_giou_aux_1: 0.5988 (0.5977)  loss_fgl_aux_1: 1.2664 (1.2591)  loss_ddf_aux_1: 0.0049 (0.0050)  loss_mal_pre: 1.1235 (1.1145)  loss_bbox_pre: 0.0500 (0.0489)  loss_giou_pre: 0.6095 (0.6070)  loss_mal_enc_0: 1.5296 (1.5572)  loss_bbox_enc_0: 0.0603 (0.0577)  loss_giou_enc_0: 0.7042 (0.6839)  loss_mal_dn_0: 0.7519 (0.7485)  loss_bbox_dn_0: 0.0520 (0.0531)  loss_giou_dn_0: 0.6463 (0.6518)  loss_fgl_dn_0: 1.2378 (1.2290)  loss_ddf_dn_0: 0.2969 (0.3253)  loss_mal_dn_1: 0.7442 (0.7442)  loss_bbox_dn_1: 0.0417 (0.0435)  loss_giou_dn_1: 0.5491 (0.5531)  loss_fgl_dn_1: 1.2271 (1.2246)  loss_ddf_dn_1: 0.0168 (0.0179)  loss_mal_dn_2: 0.7318 (0.7293)  loss_bbox_dn_2: 0.0426 (0.0436)  loss_giou_dn_2: 0.5525 (0.5528)  loss_fgl_dn_2: 1.2300 (1.2261)  loss_ddf_dn_2: -0.0000 (0.0000)  loss_mal_dn_pre: 0.7507 (0.7474)  loss_bbox_dn_pre: 0.0521 (0.0529)  loss_giou_dn_pre: 0.6470 (0.6514)  time: 0.5990  data: 0.0360  max mem: 5225
Epoch: [2/30]  [20/44]  eta: 0:00:14  lr: 0.000100  loss: 21.7569 (21.8320)  loss_mal: 0.7635 (0.7712)  loss_bbox: 0.0479 (0.0477)  loss_giou: 0.5971 (0.5968)  loss_fgl: 1.2606 (1.2598)  loss_mal_aux_0: 1.0758 (1.0824)  loss_bbox_aux_0: 0.0489 (0.0486)  loss_giou_aux_0: 0.6106 (0.6068)  loss_fgl_aux_0: 1.2583 (1.2602)  loss_ddf_aux_0: 0.0408 (0.0455)  loss_mal_aux_1: 0.8024 (0.8113)  loss_bbox_aux_1: 0.0475 (0.0476)  loss_giou_aux_1: 0.5980 (0.5961)  loss_fgl_aux_1: 1.2610 (1.2603)  loss_ddf_aux_1: 0.0041 (0.0045)  loss_mal_pre: 1.0830 (1.0715)  loss_bbox_pre: 0.0498 (0.0486)  loss_giou_pre: 0.6095 (0.6056)  loss_mal_enc_0: 1.4002 (1.4269)  loss_bbox_enc_0: 0.0553 (0.0554)  loss_giou_enc_0: 0.6673 (0.6655)  loss_mal_dn_0: 0.7465 (0.7472)  loss_bbox_dn_0: 0.0519 (0.0522)  loss_giou_dn_0: 0.6412 (0.6448)  loss_fgl_dn_0: 1.2378 (1.2362)  loss_ddf_dn_0: 0.2757 (0.2925)  loss_mal_dn_1: 0.7323 (0.7354)  loss_bbox_dn_1: 0.0417 (0.0425)  loss_giou_dn_1: 0.5362 (0.5425)  loss_fgl_dn_1: 1.2271 (1.2313)  loss_ddf_dn_1: 0.0095 (0.0138)  loss_mal_dn_2: 0.7199 (0.7221)  loss_bbox_dn_2: 0.0420 (0.0425)  loss_giou_dn_2: 0.5327 (0.5422)  loss_fgl_dn_2: 1.2307 (1.2329)  loss_ddf_dn_2: -0.0000 (0.0000)  loss_mal_dn_pre: 0.7501 (0.7475)  loss_bbox_dn_pre: 0.0514 (0.0519)  loss_giou_dn_pre: 0.6369 (0.6422)  time: 0.5815  data: 0.0154  max mem: 5225
Epoch: [2/30]  [30/44]  eta: 0:00:07  lr: 0.000100  loss: 21.1939 (21.5029)  loss_mal: 0.7456 (0.7589)  loss_bbox: 0.0460 (0.0474)  loss_giou: 0.5901 (0.5948)  loss_fgl: 1.2482 (1.2571)  loss_mal_aux_0: 0.9968 (1.0456)  loss_bbox_aux_0: 0.0466 (0.0481)  loss_giou_aux_0: 0.6127 (0.6026)  loss_fgl_aux_0: 1.2487 (1.2576)  loss_ddf_aux_0: 0.0358 (0.0411)  loss_mal_aux_1: 0.7739 (0.7954)  loss_bbox_aux_1: 0.0474 (0.0474)  loss_giou_aux_1: 0.5932 (0.5947)  loss_fgl_aux_1: 1.2501 (1.2571)  loss_ddf_aux_1: 0.0029 (0.0039)  loss_mal_pre: 0.9818 (1.0355)  loss_bbox_pre: 0.0464 (0.0481)  loss_giou_pre: 0.6074 (0.6016)  loss_mal_enc_0: 1.1857 (1.3358)  loss_bbox_enc_0: 0.0503 (0.0535)  loss_giou_enc_0: 0.6282 (0.6507)  loss_mal_dn_0: 0.7460 (0.7473)  loss_bbox_dn_0: 0.0490 (0.0510)  loss_giou_dn_0: 0.6286 (0.6344)  loss_fgl_dn_0: 1.2413 (1.2376)  loss_ddf_dn_0: 0.2196 (0.2654)  loss_mal_dn_1: 0.7179 (0.7276)  loss_bbox_dn_1: 0.0391 (0.0413)  loss_giou_dn_1: 0.5229 (0.5312)  loss_fgl_dn_1: 1.2277 (1.2303)  loss_ddf_dn_1: 0.0074 (0.0115)  loss_mal_dn_2: 0.7090 (0.7157)  loss_bbox_dn_2: 0.0390 (0.0412)  loss_giou_dn_2: 0.5234 (0.5303)  loss_fgl_dn_2: 1.2317 (1.2312)  loss_ddf_dn_2: -0.0000 (0.0000)  loss_mal_dn_pre: 0.7479 (0.7478)  loss_bbox_dn_pre: 0.0488 (0.0507)  loss_giou_dn_pre: 0.6224 (0.6317)  time: 0.5508  data: 0.0156  max mem: 5225
Epoch: [2/30]  [40/44]  eta: 0:00:02  lr: 0.000100  loss: 20.5923 (21.2283)  loss_mal: 0.7198 (0.7476)  loss_bbox: 0.0451 (0.0474)  loss_giou: 0.5825 (0.5913)  loss_fgl: 1.2448 (1.2537)  loss_mal_aux_0: 0.9135 (1.0044)  loss_bbox_aux_0: 0.0456 (0.0479)  loss_giou_aux_0: 0.5843 (0.5968)  loss_fgl_aux_0: 1.2487 (1.2557)  loss_ddf_aux_0: 0.0295 (0.0378)  loss_mal_aux_1: 0.7376 (0.7787)  loss_bbox_aux_1: 0.0456 (0.0473)  loss_giou_aux_1: 0.5833 (0.5911)  loss_fgl_aux_1: 1.2433 (1.2539)  loss_ddf_aux_1: 0.0024 (0.0035)  loss_mal_pre: 0.9122 (0.9970)  loss_bbox_pre: 0.0455 (0.0478)  loss_giou_pre: 0.5901 (0.5958)  loss_mal_enc_0: 1.1438 (1.2933)  loss_bbox_enc_0: 0.0496 (0.0524)  loss_giou_enc_0: 0.6060 (0.6366)  loss_mal_dn_0: 0.7461 (0.7475)  loss_bbox_dn_0: 0.0485 (0.0505)  loss_giou_dn_0: 0.6076 (0.6263)  loss_fgl_dn_0: 1.2444 (1.2388)  loss_ddf_dn_0: 0.1912 (0.2445)  loss_mal_dn_1: 0.7092 (0.7210)  loss_bbox_dn_1: 0.0388 (0.0406)  loss_giou_dn_1: 0.4979 (0.5207)  loss_fgl_dn_1: 1.2241 (1.2273)  loss_ddf_dn_1: 0.0061 (0.0102)  loss_mal_dn_2: 0.6971 (0.7105)  loss_bbox_dn_2: 0.0389 (0.0405)  loss_giou_dn_2: 0.4977 (0.5195)  loss_fgl_dn_2: 1.2232 (1.2280)  loss_ddf_dn_2: -0.0000 (0.0000)  loss_mal_dn_pre: 0.7471 (0.7476)  loss_bbox_dn_pre: 0.0485 (0.0503)  loss_giou_dn_pre: 0.6030 (0.6244)  time: 0.5295  data: 0.0158  max mem: 5225
Epoch: [2/30]  [43/44]  eta: 0:00:00  lr: 0.000100  loss: 20.4658 (21.1645)  loss_mal: 0.7159 (0.7453)  loss_bbox: 0.0452 (0.0472)  loss_giou: 0.5752 (0.5898)  loss_fgl: 1.2482 (1.2523)  loss_mal_aux_0: 0.8796 (0.9916)  loss_bbox_aux_0: 0.0464 (0.0478)  loss_giou_aux_0: 0.5690 (0.5960)  loss_fgl_aux_0: 1.2534 (1.2544)  loss_ddf_aux_0: 0.0290 (0.0374)  loss_mal_aux_1: 0.7301 (0.7754)  loss_bbox_aux_1: 0.0458 (0.0472)  loss_giou_aux_1: 0.5828 (0.5899)  loss_fgl_aux_1: 1.2471 (1.2524)  loss_ddf_aux_1: 0.0024 (0.0034)  loss_mal_pre: 0.8791 (0.9845)  loss_bbox_pre: 0.0464 (0.0477)  loss_giou_pre: 0.5723 (0.5949)  loss_mal_enc_0: 1.1408 (1.2843)  loss_bbox_enc_0: 0.0475 (0.0520)  loss_giou_enc_0: 0.6049 (0.6333)  loss_mal_dn_0: 0.7461 (0.7475)  loss_bbox_dn_0: 0.0485 (0.0502)  loss_giou_dn_0: 0.5942 (0.6240)  loss_fgl_dn_0: 1.2477 (1.2400)  loss_ddf_dn_0: 0.1912 (0.2456)  loss_mal_dn_1: 0.7042 (0.7200)  loss_bbox_dn_1: 0.0383 (0.0403)  loss_giou_dn_1: 0.4830 (0.5177)  loss_fgl_dn_1: 1.2248 (1.2278)  loss_ddf_dn_1: 0.0065 (0.0105)  loss_mal_dn_2: 0.6940 (0.7099)  loss_bbox_dn_2: 0.0383 (0.0402)  loss_giou_dn_2: 0.4771 (0.5163)  loss_fgl_dn_2: 1.2233 (1.2283)  loss_ddf_dn_2: -0.0000 (0.0000)  loss_mal_dn_pre: 0.7471 (0.7476)  loss_bbox_dn_pre: 0.0483 (0.0500)  loss_giou_dn_pre: 0.5944 (0.6220)  time: 0.5321  data: 0.0160  max mem: 5225
Epoch: [2/30] Total time: 0:00:24 (0.5648 s / it)
Averaged stats: lr: 0.000100  loss: 20.4658 (21.1645)  loss_mal: 0.7159 (0.7453)  loss_bbox: 0.0452 (0.0472)  loss_giou: 0.5752 (0.5898)  loss_fgl: 1.2482 (1.2523)  loss_mal_aux_0: 0.8796 (0.9916)  loss_bbox_aux_0: 0.0464 (0.0478)  loss_giou_aux_0: 0.5690 (0.5960)  loss_fgl_aux_0: 1.2534 (1.2544)  loss_ddf_aux_0: 0.0290 (0.0374)  loss_mal_aux_1: 0.7301 (0.7754)  loss_bbox_aux_1: 0.0458 (0.0472)  loss_giou_aux_1: 0.5828 (0.5899)  loss_fgl_aux_1: 1.2471 (1.2524)  loss_ddf_aux_1: 0.0024 (0.0034)  loss_mal_pre: 0.8791 (0.9845)  loss_bbox_pre: 0.0464 (0.0477)  loss_giou_pre: 0.5723 (0.5949)  loss_mal_enc_0: 1.1408 (1.2843)  loss_bbox_enc_0: 0.0475 (0.0520)  loss_giou_enc_0: 0.6049 (0.6333)  loss_mal_dn_0: 0.7461 (0.7475)  loss_bbox_dn_0: 0.0485 (0.0502)  loss_giou_dn_0: 0.5942 (0.6240)  loss_fgl_dn_0: 1.2477 (1.2400)  loss_ddf_dn_0: 0.1912 (0.2456)  loss_mal_dn_1: 0.7042 (0.7200)  loss_bbox_dn_1: 0.0383 (0.0403)  loss_giou_dn_1: 0.4830 (0.5177)  loss_fgl_dn_1: 1.2248 (1.2278)  loss_ddf_dn_1: 0.0065 (0.0105)  loss_mal_dn_2: 0.6940 (0.7099)  loss_bbox_dn_2: 0.0383 (0.0402)  loss_giou_dn_2: 0.4771 (0.5163)  loss_fgl_dn_2: 1.2233 (1.2283)  loss_ddf_dn_2: -0.0000 (0.0000)  loss_mal_dn_pre: 0.7471 (0.7476)  loss_bbox_dn_pre: 0.0483 (0.0500)  loss_giou_dn_pre: 0.5944 (0.6220)
Test:  [0/9]  eta: 0:00:04    time: 0.5096  data: 0.2306  max mem: 5225
Test:  [8/9]  eta: 0:00:00    time: 0.1573  data: 0.0386  max mem: 5225
Test: Total time: 0:00:01 (0.1613 s / it)
Metrics: {'f1': 0.9090909090909092, 'precision': 0.9541984732824428, 'recall': 0.8680555555555556, 'iou': 0.5803919271628062, 'TPs': 125, 'FPs': 6, 'FNs': 19}
Averaged stats: 
Accumulating evaluation results...
COCOeval_opt.accumulate() finished...
DONE (t=0.01s).
IoU metric: bbox
 Average Precision  (AP) @[ IoU=0.50:0.95 | area=   all | maxDets=100 ] = 0.351
 Average Precision  (AP) @[ IoU=0.50      | area=   all | maxDets=100 ] = 0.954
 Average Precision  (AP) @[ IoU=0.75      | area=   all | maxDets=100 ] = 0.137
 Average Precision  (AP) @[ IoU=0.50:0.95 | area= small | maxDets=100 ] = 0.351
 Average Precision  (AP) @[ IoU=0.50:0.95 | area=medium | maxDets=100 ] = -1.000
 Average Precision  (AP) @[ IoU=0.50:0.95 | area= large | maxDets=100 ] = -1.000
 Average Recall     (AR) @[ IoU=0.50:0.95 | area=   all | maxDets=  1 ] = 0.192
 Average Recall     (AR) @[ IoU=0.50:0.95 | area=   all | maxDets= 10 ] = 0.489
 Average Recall     (AR) @[ IoU=0.50:0.95 | area=   all | maxDets=100 ] = 0.589
 Average Recall     (AR) @[ IoU=0.50:0.95 | area= small | maxDets=100 ] = 0.589
 Average Recall     (AR) @[ IoU=0.50:0.95 | area=medium | maxDets=100 ] = -1.000
 Average Recall     (AR) @[ IoU=0.50:0.95 | area= large | maxDets=100 ] = -1.000
 Average Recall     (AR) @[ IoU=0.50      | area=   all | maxDets=100 ] = 0.993
 Average Recall     (AR) @[ IoU=0.75      | area=   all | maxDets=100 ] = 0.618
best_stat: {'epoch': 2, 'coco_eval_bbox': 0.3506759552501835}
Epoch: [3/30]  [ 0/44]  eta: 0:00:36  lr: 0.000100  loss: 20.1341 (20.1341)  loss_mal: 0.7224 (0.7224)  loss_bbox: 0.0452 (0.0452)  loss_giou: 0.5644 (0.5644)  loss_fgl: 1.2363 (1.2363)  loss_mal_aux_0: 0.8242 (0.8242)  loss_bbox_aux_0: 0.0451 (0.0451)  loss_giou_aux_0: 0.5609 (0.5609)  loss_fgl_aux_0: 1.2413 (1.2413)  loss_ddf_aux_0: 0.0267 (0.0267)  loss_mal_aux_1: 0.7296 (0.7296)  loss_bbox_aux_1: 0.0453 (0.0453)  loss_giou_aux_1: 0.5651 (0.5651)  loss_fgl_aux_1: 1.2357 (1.2357)  loss_ddf_aux_1: 0.0028 (0.0028)  loss_mal_pre: 0.8229 (0.8229)  loss_bbox_pre: 0.0449 (0.0449)  loss_giou_pre: 0.5588 (0.5588)  loss_mal_enc_0: 1.1140 (1.1140)  loss_bbox_enc_0: 0.0497 (0.0497)  loss_giou_enc_0: 0.6064 (0.6064)  loss_mal_dn_0: 0.7454 (0.7454)  loss_bbox_dn_0: 0.0453 (0.0453)  loss_giou_dn_0: 0.5523 (0.5523)  loss_fgl_dn_0: 1.2550 (1.2550)  loss_ddf_dn_0: 0.2435 (0.2435)  loss_mal_dn_1: 0.7137 (0.7137)  loss_bbox_dn_1: 0.0377 (0.0377)  loss_giou_dn_1: 0.4767 (0.4767)  loss_fgl_dn_1: 1.2296 (1.2296)  loss_ddf_dn_1: 0.0116 (0.0116)  loss_mal_dn_2: 0.7092 (0.7092)  loss_bbox_dn_2: 0.0371 (0.0371)  loss_giou_dn_2: 0.4704 (0.4704)  loss_fgl_dn_2: 1.2280 (1.2280)  loss_ddf_dn_2: -0.0000 (0.0000)  loss_mal_dn_pre: 0.7454 (0.7454)  loss_bbox_dn_pre: 0.0447 (0.0447)  loss_giou_dn_pre: 0.5465 (0.5465)  time: 0.8397  data: 0.2453  max mem: 5225
Epoch: [3/30]  [10/44]  eta: 0:00:20  lr: 0.000100  loss: 20.0451 (19.9595)  loss_mal: 0.7157 (0.7143)  loss_bbox: 0.0443 (0.0438)  loss_giou: 0.5644 (0.5595)  loss_fgl: 1.2459 (1.2428)  loss_mal_aux_0: 0.8119 (0.8114)  loss_bbox_aux_0: 0.0451 (0.0443)  loss_giou_aux_0: 0.5694 (0.5633)  loss_fgl_aux_0: 1.2457 (1.2453)  loss_ddf_aux_0: 0.0234 (0.0240)  loss_mal_aux_1: 0.7251 (0.7226)  loss_bbox_aux_1: 0.0452 (0.0437)  loss_giou_aux_1: 0.5651 (0.5577)  loss_fgl_aux_1: 1.2472 (1.2436)  loss_ddf_aux_1: 0.0030 (0.0033)  loss_mal_pre: 0.8083 (0.8068)  loss_bbox_pre: 0.0453 (0.0445)  loss_giou_pre: 0.5689 (0.5639)  loss_mal_enc_0: 1.0921 (1.0839)  loss_bbox_enc_0: 0.0458 (0.0450)  loss_giou_enc_0: 0.5846 (0.5703)  loss_mal_dn_0: 0.7501 (0.7509)  loss_bbox_dn_0: 0.0447 (0.0456)  loss_giou_dn_0: 0.5670 (0.5772)  loss_fgl_dn_0: 1.2492 (1.2374)  loss_ddf_dn_0: 0.2435 (0.2349)  loss_mal_dn_1: 0.6959 (0.6952)  loss_bbox_dn_1: 0.0351 (0.0350)  loss_giou_dn_1: 0.4745 (0.4619)  loss_fgl_dn_1: 1.2174 (1.2079)  loss_ddf_dn_1: 0.0127 (0.0134)  loss_mal_dn_2: 0.6890 (0.6915)  loss_bbox_dn_2: 0.0342 (0.0349)  loss_giou_dn_2: 0.4658 (0.4609)  loss_fgl_dn_2: 1.2207 (1.2080)  loss_ddf_dn_2: -0.0000 (0.0000)  loss_mal_dn_pre: 0.7485 (0.7490)  loss_bbox_dn_pre: 0.0447 (0.0457)  loss_giou_dn_pre: 0.5581 (0.5764)  time: 0.6158  data: 0.0383  max mem: 5225
Epoch: [3/30]  [20/44]  eta: 0:00:14  lr: 0.000100  loss: 19.9541 (20.0121)  loss_mal: 0.7157 (0.7174)  loss_bbox: 0.0435 (0.0436)  loss_giou: 0.5525 (0.5617)  loss_fgl: 1.2477 (1.2486)  loss_mal_aux_0: 0.8065 (0.8067)  loss_bbox_aux_0: 0.0448 (0.0443)  loss_giou_aux_0: 0.5694 (0.5685)  loss_fgl_aux_0: 1.2498 (1.2513)  loss_ddf_aux_0: 0.0226 (0.0234)  loss_mal_aux_1: 0.7304 (0.7305)  loss_bbox_aux_1: 0.0437 (0.0435)  loss_giou_aux_1: 0.5514 (0.5604)  loss_fgl_aux_1: 1.2472 (1.2488)  loss_ddf_aux_1: 0.0026 (0.0028)  loss_mal_pre: 0.8009 (0.8024)  loss_bbox_pre: 0.0449 (0.0443)  loss_giou_pre: 0.5689 (0.5672)  loss_mal_enc_0: 1.0309 (1.0493)  loss_bbox_enc_0: 0.0451 (0.0451)  loss_giou_enc_0: 0.5658 (0.5759)  loss_mal_dn_0: 0.7444 (0.7468)  loss_bbox_dn_0: 0.0444 (0.0454)  loss_giou_dn_0: 0.5918 (0.5839)  loss_fgl_dn_0: 1.2529 (1.2515)  loss_ddf_dn_0: 0.2232 (0.2329)  loss_mal_dn_1: 0.6933 (0.6952)  loss_bbox_dn_1: 0.0351 (0.0351)  loss_giou_dn_1: 0.4614 (0.4646)  loss_fgl_dn_1: 1.2240 (1.2243)  loss_ddf_dn_1: 0.0120 (0.0122)  loss_mal_dn_2: 0.6853 (0.6895)  loss_bbox_dn_2: 0.0342 (0.0350)  loss_giou_dn_2: 0.4601 (0.4634)  loss_fgl_dn_2: 1.2226 (1.2244)  loss_ddf_dn_2: -0.0000 (0.0000)  loss_mal_dn_pre: 0.7437 (0.7454)  loss_bbox_dn_pre: 0.0442 (0.0453)  loss_giou_dn_pre: 0.5932 (0.5816)  time: 0.5964  data: 0.0175  max mem: 5225
Epoch: [3/30]  [30/44]  eta: 0:00:07  lr: 0.000100  loss: 19.8876 (19.9134)  loss_mal: 0.7107 (0.7149)  loss_bbox: 0.0449 (0.0442)  loss_giou: 0.5366 (0.5584)  loss_fgl: 1.2535 (1.2515)  loss_mal_aux_0: 0.7898 (0.8005)  loss_bbox_aux_0: 0.0449 (0.0447)  loss_giou_aux_0: 0.5434 (0.5635)  loss_fgl_aux_0: 1.2578 (1.2535)  loss_ddf_aux_0: 0.0209 (0.0220)  loss_mal_aux_1: 0.7299 (0.7287)  loss_bbox_aux_1: 0.0447 (0.0442)  loss_giou_aux_1: 0.5382 (0.5580)  loss_fgl_aux_1: 1.2537 (1.2516)  loss_ddf_aux_1: 0.0021 (0.0025)  loss_mal_pre: 0.7913 (0.7972)  loss_bbox_pre: 0.0449 (0.0447)  loss_giou_pre: 0.5465 (0.5625)  loss_mal_enc_0: 1.0075 (1.0322)  loss_bbox_enc_0: 0.0466 (0.0459)  loss_giou_enc_0: 0.5702 (0.5759)  loss_mal_dn_0: 0.7415 (0.7451)  loss_bbox_dn_0: 0.0460 (0.0456)  loss_giou_dn_0: 0.5732 (0.5766)  loss_fgl_dn_0: 1.2543 (1.2504)  loss_ddf_dn_0: 0.1744 (0.2093)  loss_mal_dn_1: 0.6884 (0.6915)  loss_bbox_dn_1: 0.0357 (0.0354)  loss_giou_dn_1: 0.4552 (0.4619)  loss_fgl_dn_1: 1.2277 (1.2224)  loss_ddf_dn_1: 0.0091 (0.0110)  loss_mal_dn_2: 0.6821 (0.6858)  loss_bbox_dn_2: 0.0355 (0.0352)  loss_giou_dn_2: 0.4548 (0.4603)  loss_fgl_dn_2: 1.2257 (1.2225)  loss_ddf_dn_2: -0.0000 (0.0000)  loss_mal_dn_pre: 0.7415 (0.7441)  loss_bbox_dn_pre: 0.0448 (0.0454)  loss_giou_dn_pre: 0.5647 (0.5742)  time: 0.5432  data: 0.0162  max mem: 5225
Epoch: [3/30]  [40/44]  eta: 0:00:02  lr: 0.000100  loss: 19.6864 (19.8623)  loss_mal: 0.7024 (0.7114)  loss_bbox: 0.0443 (0.0441)  loss_giou: 0.5366 (0.5573)  loss_fgl: 1.2550 (1.2517)  loss_mal_aux_0: 0.7883 (0.7957)  loss_bbox_aux_0: 0.0449 (0.0448)  loss_giou_aux_0: 0.5446 (0.5653)  loss_fgl_aux_0: 1.2589 (1.2539)  loss_ddf_aux_0: 0.0176 (0.0207)  loss_mal_aux_1: 0.7165 (0.7246)  loss_bbox_aux_1: 0.0444 (0.0441)  loss_giou_aux_1: 0.5382 (0.5574)  loss_fgl_aux_1: 1.2548 (1.2516)  loss_ddf_aux_1: 0.0018 (0.0024)  loss_mal_pre: 0.7805 (0.7924)  loss_bbox_pre: 0.0449 (0.0448)  loss_giou_pre: 0.5465 (0.5644)  loss_mal_enc_0: 0.9835 (1.0137)  loss_bbox_enc_0: 0.0470 (0.0463)  loss_giou_enc_0: 0.5773 (0.5799)  loss_mal_dn_0: 0.7438 (0.7459)  loss_bbox_dn_0: 0.0461 (0.0459)  loss_giou_dn_0: 0.5649 (0.5787)  loss_fgl_dn_0: 1.2461 (1.2494)  loss_ddf_dn_0: 0.1488 (0.1932)  loss_mal_dn_1: 0.6835 (0.6900)  loss_bbox_dn_1: 0.0351 (0.0353)  loss_giou_dn_1: 0.4495 (0.4612)  loss_fgl_dn_1: 1.2130 (1.2200)  loss_ddf_dn_1: 0.0066 (0.0097)  loss_mal_dn_2: 0.6771 (0.6845)  loss_bbox_dn_2: 0.0355 (0.0352)  loss_giou_dn_2: 0.4463 (0.4597)  loss_fgl_dn_2: 1.2131 (1.2201)  loss_ddf_dn_2: -0.0000 (0.0000)  loss_mal_dn_pre: 0.7435 (0.7446)  loss_bbox_dn_pre: 0.0459 (0.0457)  loss_giou_dn_pre: 0.5571 (0.5765)  time: 0.4609  data: 0.0153  max mem: 5225
Epoch: [3/30]  [43/44]  eta: 0:00:00  lr: 0.000100  loss: 19.7843 (19.8621)  loss_mal: 0.6995 (0.7106)  loss_bbox: 0.0443 (0.0442)  loss_giou: 0.5535 (0.5592)  loss_fgl: 1.2543 (1.2518)  loss_mal_aux_0: 0.7751 (0.7930)  loss_bbox_aux_0: 0.0458 (0.0449)  loss_giou_aux_0: 0.5830 (0.5678)  loss_fgl_aux_0: 1.2582 (1.2538)  loss_ddf_aux_0: 0.0176 (0.0206)  loss_mal_aux_1: 0.7144 (0.7234)  loss_bbox_aux_1: 0.0445 (0.0442)  loss_giou_aux_1: 0.5624 (0.5594)  loss_fgl_aux_1: 1.2548 (1.2517)  loss_ddf_aux_1: 0.0018 (0.0023)  loss_mal_pre: 0.7699 (0.7897)  loss_bbox_pre: 0.0461 (0.0450)  loss_giou_pre: 0.5846 (0.5673)  loss_mal_enc_0: 0.9631 (1.0083)  loss_bbox_enc_0: 0.0476 (0.0466)  loss_giou_enc_0: 0.6050 (0.5838)  loss_mal_dn_0: 0.7437 (0.7453)  loss_bbox_dn_0: 0.0464 (0.0459)  loss_giou_dn_0: 0.5784 (0.5792)  loss_fgl_dn_0: 1.2480 (1.2490)  loss_ddf_dn_0: 0.1464 (0.1903)  loss_mal_dn_1: 0.6857 (0.6906)  loss_bbox_dn_1: 0.0351 (0.0353)  loss_giou_dn_1: 0.4578 (0.4624)  loss_fgl_dn_1: 1.2136 (1.2195)  loss_ddf_dn_1: 0.0061 (0.0095)  loss_mal_dn_2: 0.6820 (0.6849)  loss_bbox_dn_2: 0.0357 (0.0352)  loss_giou_dn_2: 0.4567 (0.4609)  loss_fgl_dn_2: 1.2150 (1.2197)  loss_ddf_dn_2: -0.0000 (0.0000)  loss_mal_dn_pre: 0.7432 (0.7441)  loss_bbox_dn_pre: 0.0461 (0.0457)  loss_giou_dn_pre: 0.5754 (0.5771)  time: 0.4370  data: 0.0153  max mem: 5225
Epoch: [3/30] Total time: 0:00:23 (0.5279 s / it)
Averaged stats: lr: 0.000100  loss: 19.7843 (19.8621)  loss_mal: 0.6995 (0.7106)  loss_bbox: 0.0443 (0.0442)  loss_giou: 0.5535 (0.5592)  loss_fgl: 1.2543 (1.2518)  loss_mal_aux_0: 0.7751 (0.7930)  loss_bbox_aux_0: 0.0458 (0.0449)  loss_giou_aux_0: 0.5830 (0.5678)  loss_fgl_aux_0: 1.2582 (1.2538)  loss_ddf_aux_0: 0.0176 (0.0206)  loss_mal_aux_1: 0.7144 (0.7234)  loss_bbox_aux_1: 0.0445 (0.0442)  loss_giou_aux_1: 0.5624 (0.5594)  loss_fgl_aux_1: 1.2548 (1.2517)  loss_ddf_aux_1: 0.0018 (0.0023)  loss_mal_pre: 0.7699 (0.7897)  loss_bbox_pre: 0.0461 (0.0450)  loss_giou_pre: 0.5846 (0.5673)  loss_mal_enc_0: 0.9631 (1.0083)  loss_bbox_enc_0: 0.0476 (0.0466)  loss_giou_enc_0: 0.6050 (0.5838)  loss_mal_dn_0: 0.7437 (0.7453)  loss_bbox_dn_0: 0.0464 (0.0459)  loss_giou_dn_0: 0.5784 (0.5792)  loss_fgl_dn_0: 1.2480 (1.2490)  loss_ddf_dn_0: 0.1464 (0.1903)  loss_mal_dn_1: 0.6857 (0.6906)  loss_bbox_dn_1: 0.0351 (0.0353)  loss_giou_dn_1: 0.4578 (0.4624)  loss_fgl_dn_1: 1.2136 (1.2195)  loss_ddf_dn_1: 0.0061 (0.0095)  loss_mal_dn_2: 0.6820 (0.6849)  loss_bbox_dn_2: 0.0357 (0.0352)  loss_giou_dn_2: 0.4567 (0.4609)  loss_fgl_dn_2: 1.2150 (1.2197)  loss_ddf_dn_2: -0.0000 (0.0000)  loss_mal_dn_pre: 0.7432 (0.7441)  loss_bbox_dn_pre: 0.0461 (0.0457)  loss_giou_dn_pre: 0.5754 (0.5771)
Test:  [0/9]  eta: 0:00:03    time: 0.3852  data: 0.2502  max mem: 5225
Test:  [8/9]  eta: 0:00:00    time: 0.1375  data: 0.0413  max mem: 5225
Test: Total time: 0:00:01 (0.1417 s / it)
Metrics: {'f1': 0.9280575539568345, 'precision': 0.9626865671641791, 'recall': 0.8958333333333334, 'iou': 0.6162287680894737, 'TPs': 129, 'FPs': 5, 'FNs': 15}
Averaged stats: 
Accumulating evaluation results...
COCOeval_opt.accumulate() finished...
DONE (t=0.01s).
IoU metric: bbox
 Average Precision  (AP) @[ IoU=0.50:0.95 | area=   all | maxDets=100 ] = 0.368
 Average Precision  (AP) @[ IoU=0.50      | area=   all | maxDets=100 ] = 0.964
 Average Precision  (AP) @[ IoU=0.75      | area=   all | maxDets=100 ] = 0.146
 Average Precision  (AP) @[ IoU=0.50:0.95 | area= small | maxDets=100 ] = 0.368
 Average Precision  (AP) @[ IoU=0.50:0.95 | area=medium | maxDets=100 ] = -1.000
 Average Precision  (AP) @[ IoU=0.50:0.95 | area= large | maxDets=100 ] = -1.000
 Average Recall     (AR) @[ IoU=0.50:0.95 | area=   all | maxDets=  1 ] = 0.206
 Average Recall     (AR) @[ IoU=0.50:0.95 | area=   all | maxDets= 10 ] = 0.497
 Average Recall     (AR) @[ IoU=0.50:0.95 | area=   all | maxDets=100 ] = 0.572
 Average Recall     (AR) @[ IoU=0.50:0.95 | area= small | maxDets=100 ] = 0.572
 Average Recall     (AR) @[ IoU=0.50:0.95 | area=medium | maxDets=100 ] = -1.000
 Average Recall     (AR) @[ IoU=0.50:0.95 | area= large | maxDets=100 ] = -1.000
 Average Recall     (AR) @[ IoU=0.50      | area=   all | maxDets=100 ] = 1.000
 Average Recall     (AR) @[ IoU=0.75      | area=   all | maxDets=100 ] = 0.590
best_stat: {'epoch': 3, 'coco_eval_bbox': 0.3683042528806866}
Epoch: [4/30]  [ 0/44]  eta: 0:00:32  lr: 0.000100  loss: 19.9280 (19.9280)  loss_mal: 0.6899 (0.6899)  loss_bbox: 0.0528 (0.0528)  loss_giou: 0.5937 (0.5937)  loss_fgl: 1.2533 (1.2533)  loss_mal_aux_0: 0.7861 (0.7861)  loss_bbox_aux_0: 0.0554 (0.0554)  loss_giou_aux_0: 0.6198 (0.6198)  loss_fgl_aux_0: 1.2531 (1.2531)  loss_ddf_aux_0: 0.0213 (0.0213)  loss_mal_aux_1: 0.6919 (0.6919)  loss_bbox_aux_1: 0.0530 (0.0530)  loss_giou_aux_1: 0.5956 (0.5956)  loss_fgl_aux_1: 1.2517 (1.2517)  loss_ddf_aux_1: 0.0021 (0.0021)  loss_mal_pre: 0.7899 (0.7899)  loss_bbox_pre: 0.0562 (0.0562)  loss_giou_pre: 0.6260 (0.6260)  loss_mal_enc_0: 0.8896 (0.8896)  loss_bbox_enc_0: 0.0581 (0.0581)  loss_giou_enc_0: 0.6463 (0.6463)  loss_mal_dn_0: 0.7342 (0.7342)  loss_bbox_dn_0: 0.0489 (0.0489)  loss_giou_dn_0: 0.5649 (0.5649)  loss_fgl_dn_0: 1.2495 (1.2495)  loss_ddf_dn_0: 0.1769 (0.1769)  loss_mal_dn_1: 0.6903 (0.6903)  loss_bbox_dn_1: 0.0384 (0.0384)  loss_giou_dn_1: 0.4671 (0.4671)  loss_fgl_dn_1: 1.2148 (1.2148)  loss_ddf_dn_1: 0.0077 (0.0077)  loss_mal_dn_2: 0.6849 (0.6849)  loss_bbox_dn_2: 0.0381 (0.0381)  loss_giou_dn_2: 0.4633 (0.4633)  loss_fgl_dn_2: 1.2140 (1.2140)  loss_ddf_dn_2: -0.0000 (0.0000)  loss_mal_dn_pre: 0.7335 (0.7335)  loss_bbox_dn_pre: 0.0490 (0.0490)  loss_giou_dn_pre: 0.5667 (0.5667)  time: 0.7333  data: 0.2511  max mem: 5225
Epoch: [4/30]  [10/44]  eta: 0:00:15  lr: 0.000100  loss: 19.3954 (19.4350)  loss_mal: 0.7008 (0.7064)  loss_bbox: 0.0398 (0.0417)  loss_giou: 0.5340 (0.5366)  loss_fgl: 1.2616 (1.2661)  loss_mal_aux_0: 0.7861 (0.7909)  loss_bbox_aux_0: 0.0399 (0.0417)  loss_giou_aux_0: 0.5340 (0.5401)  loss_fgl_aux_0: 1.2592 (1.2647)  loss_ddf_aux_0: 0.0178 (0.0185)  loss_mal_aux_1: 0.7150 (0.7144)  loss_bbox_aux_1: 0.0400 (0.0418)  loss_giou_aux_1: 0.5366 (0.5378)  loss_fgl_aux_1: 1.2622 (1.2657)  loss_ddf_aux_1: 0.0019 (0.0019)  loss_mal_pre: 0.7827 (0.7860)  loss_bbox_pre: 0.0399 (0.0417)  loss_giou_pre: 0.5344 (0.5401)  loss_mal_enc_0: 0.9053 (0.9104)  loss_bbox_enc_0: 0.0417 (0.0441)  loss_giou_enc_0: 0.5532 (0.5603)  loss_mal_dn_0: 0.7342 (0.7344)  loss_bbox_dn_0: 0.0431 (0.0423)  loss_giou_dn_0: 0.5445 (0.5423)  loss_fgl_dn_0: 1.2495 (1.2531)  loss_ddf_dn_0: 0.1450 (0.1459)  loss_mal_dn_1: 0.6788 (0.6783)  loss_bbox_dn_1: 0.0326 (0.0333)  loss_giou_dn_1: 0.4422 (0.4411)  loss_fgl_dn_1: 1.2186 (1.2224)  loss_ddf_dn_1: 0.0055 (0.0055)  loss_mal_dn_2: 0.6732 (0.6737)  loss_bbox_dn_2: 0.0328 (0.0331)  loss_giou_dn_2: 0.4402 (0.4389)  loss_fgl_dn_2: 1.2189 (1.2221)  loss_ddf_dn_2: -0.0000 (0.0000)  loss_mal_dn_pre: 0.7332 (0.7337)  loss_bbox_dn_pre: 0.0422 (0.0423)  loss_giou_dn_pre: 0.5485 (0.5417)  time: 0.4610  data: 0.0378  max mem: 5225
Epoch: [4/30]  [20/44]  eta: 0:00:10  lr: 0.000100  loss: 19.3607 (19.2763)  loss_mal: 0.6937 (0.6995)  loss_bbox: 0.0398 (0.0410)  loss_giou: 0.5169 (0.5275)  loss_fgl: 1.2565 (1.2616)  loss_mal_aux_0: 0.7799 (0.7883)  loss_bbox_aux_0: 0.0399 (0.0413)  loss_giou_aux_0: 0.5294 (0.5331)  loss_fgl_aux_0: 1.2585 (1.2604)  loss_ddf_aux_0: 0.0167 (0.0175)  loss_mal_aux_1: 0.7052 (0.7073)  loss_bbox_aux_1: 0.0396 (0.0411)  loss_giou_aux_1: 0.5176 (0.5284)  loss_fgl_aux_1: 1.2578 (1.2612)  loss_ddf_aux_1: 0.0018 (0.0019)  loss_mal_pre: 0.7771 (0.7842)  loss_bbox_pre: 0.0397 (0.0413)  loss_giou_pre: 0.5317 (0.5326)  loss_mal_enc_0: 0.8994 (0.9059)  loss_bbox_enc_0: 0.0417 (0.0438)  loss_giou_enc_0: 0.5616 (0.5549)  loss_mal_dn_0: 0.7340 (0.7349)  loss_bbox_dn_0: 0.0407 (0.0417)  loss_giou_dn_0: 0.5324 (0.5341)  loss_fgl_dn_0: 1.2452 (1.2473)  loss_ddf_dn_0: 0.1336 (0.1347)  loss_mal_dn_1: 0.6747 (0.6744)  loss_bbox_dn_1: 0.0314 (0.0325)  loss_giou_dn_1: 0.4236 (0.4313)  loss_fgl_dn_1: 1.2170 (1.2129)  loss_ddf_dn_1: 0.0052 (0.0054)  loss_mal_dn_2: 0.6673 (0.6693)  loss_bbox_dn_2: 0.0313 (0.0324)  loss_giou_dn_2: 0.4219 (0.4299)  loss_fgl_dn_2: 1.2174 (1.2129)  loss_ddf_dn_2: -0.0000 (0.0000)  loss_mal_dn_pre: 0.7332 (0.7346)  loss_bbox_dn_pre: 0.0411 (0.0417)  loss_giou_dn_pre: 0.5317 (0.5338)  time: 0.4221  data: 0.0159  max mem: 5225
Epoch: [4/30]  [30/44]  eta: 0:00:05  lr: 0.000100  loss: 19.2763 (19.3004)  loss_mal: 0.6933 (0.7020)  loss_bbox: 0.0398 (0.0417)  loss_giou: 0.5302 (0.5328)  loss_fgl: 1.2552 (1.2603)  loss_mal_aux_0: 0.7555 (0.7764)  loss_bbox_aux_0: 0.0402 (0.0421)  loss_giou_aux_0: 0.5301 (0.5387)  loss_fgl_aux_0: 1.2585 (1.2597)  loss_ddf_aux_0: 0.0167 (0.0177)  loss_mal_aux_1: 0.7026 (0.7078)  loss_bbox_aux_1: 0.0399 (0.0418)  loss_giou_aux_1: 0.5260 (0.5341)  loss_fgl_aux_1: 1.2567 (1.2596)  loss_ddf_aux_1: 0.0020 (0.0020)  loss_mal_pre: 0.7581 (0.7743)  loss_bbox_pre: 0.0405 (0.0421)  loss_giou_pre: 0.5338 (0.5388)  loss_mal_enc_0: 0.8923 (0.8988)  loss_bbox_enc_0: 0.0426 (0.0444)  loss_giou_enc_0: 0.5644 (0.5607)  loss_mal_dn_0: 0.7369 (0.7376)  loss_bbox_dn_0: 0.0397 (0.0415)  loss_giou_dn_0: 0.5250 (0.5339)  loss_fgl_dn_0: 1.2502 (1.2506)  loss_ddf_dn_0: 0.1225 (0.1336)  loss_mal_dn_1: 0.6755 (0.6764)  loss_bbox_dn_1: 0.0311 (0.0325)  loss_giou_dn_1: 0.4272 (0.4320)  loss_fgl_dn_1: 1.2192 (1.2176)  loss_ddf_dn_1: 0.0047 (0.0052)  loss_mal_dn_2: 0.6673 (0.6708)  loss_bbox_dn_2: 0.0312 (0.0324)  loss_giou_dn_2: 0.4243 (0.4307)  loss_fgl_dn_2: 1.2195 (1.2181)  loss_ddf_dn_2: -0.0000 (0.0000)  loss_mal_dn_pre: 0.7368 (0.7363)  loss_bbox_dn_pre: 0.0398 (0.0415)  loss_giou_dn_pre: 0.5250 (0.5337)  time: 0.3778  data: 0.0152  max mem: 5225
Epoch: [4/30]  [40/44]  eta: 0:00:01  lr: 0.000100  loss: 19.1418 (19.2623)  loss_mal: 0.6955 (0.7001)  loss_bbox: 0.0413 (0.0416)  loss_giou: 0.5291 (0.5302)  loss_fgl: 1.2590 (1.2608)  loss_mal_aux_0: 0.7551 (0.7769)  loss_bbox_aux_0: 0.0410 (0.0422)  loss_giou_aux_0: 0.5325 (0.5374)  loss_fgl_aux_0: 1.2656 (1.2610)  loss_ddf_aux_0: 0.0168 (0.0174)  loss_mal_aux_1: 0.7057 (0.7068)  loss_bbox_aux_1: 0.0407 (0.0417)  loss_giou_aux_1: 0.5256 (0.5311)  loss_fgl_aux_1: 1.2574 (1.2605)  loss_ddf_aux_1: 0.0022 (0.0020)  loss_mal_pre: 0.7580 (0.7739)  loss_bbox_pre: 0.0414 (0.0422)  loss_giou_pre: 0.5352 (0.5378)  loss_mal_enc_0: 0.8690 (0.8912)  loss_bbox_enc_0: 0.0426 (0.0444)  loss_giou_enc_0: 0.5618 (0.5600)  loss_mal_dn_0: 0.7381 (0.7375)  loss_bbox_dn_0: 0.0402 (0.0413)  loss_giou_dn_0: 0.5185 (0.5299)  loss_fgl_dn_0: 1.2568 (1.2526)  loss_ddf_dn_0: 0.1172 (0.1297)  loss_mal_dn_1: 0.6730 (0.6743)  loss_bbox_dn_1: 0.0316 (0.0323)  loss_giou_dn_1: 0.4201 (0.4284)  loss_fgl_dn_1: 1.2205 (1.2186)  loss_ddf_dn_1: 0.0039 (0.0048)  loss_mal_dn_2: 0.6650 (0.6690)  loss_bbox_dn_2: 0.0316 (0.0322)  loss_giou_dn_2: 0.4179 (0.4271)  loss_fgl_dn_2: 1.2233 (1.2190)  loss_ddf_dn_2: -0.0000 (0.0000)  loss_mal_dn_pre: 0.7345 (0.7360)  loss_bbox_dn_pre: 0.0405 (0.0412)  loss_giou_dn_pre: 0.5162 (0.5291)  time: 0.3693  data: 0.0148  max mem: 5225
Epoch: [4/30]  [43/44]  eta: 0:00:00  lr: 0.000100  loss: 19.1056 (19.2546)  loss_mal: 0.6942 (0.6998)  loss_bbox: 0.0415 (0.0418)  loss_giou: 0.5291 (0.5311)  loss_fgl: 1.2551 (1.2605)  loss_mal_aux_0: 0.7551 (0.7740)  loss_bbox_aux_0: 0.0413 (0.0424)  loss_giou_aux_0: 0.5373 (0.5389)  loss_fgl_aux_0: 1.2618 (1.2608)  loss_ddf_aux_0: 0.0176 (0.0175)  loss_mal_aux_1: 0.6998 (0.7065)  loss_bbox_aux_1: 0.0415 (0.0419)  loss_giou_aux_1: 0.5256 (0.5321)  loss_fgl_aux_1: 1.2567 (1.2604)  loss_ddf_aux_1: 0.0022 (0.0021)  loss_mal_pre: 0.7561 (0.7712)  loss_bbox_pre: 0.0414 (0.0424)  loss_giou_pre: 0.5391 (0.5393)  loss_mal_enc_0: 0.8690 (0.8871)  loss_bbox_enc_0: 0.0445 (0.0447)  loss_giou_enc_0: 0.5571 (0.5614)  loss_mal_dn_0: 0.7349 (0.7369)  loss_bbox_dn_0: 0.0408 (0.0413)  loss_giou_dn_0: 0.5154 (0.5297)  loss_fgl_dn_0: 1.2550 (1.2523)  loss_ddf_dn_0: 0.1204 (0.1289)  loss_mal_dn_1: 0.6694 (0.6741)  loss_bbox_dn_1: 0.0317 (0.0323)  loss_giou_dn_1: 0.4194 (0.4283)  loss_fgl_dn_1: 1.2203 (1.2179)  loss_ddf_dn_1: 0.0038 (0.0048)  loss_mal_dn_2: 0.6632 (0.6687)  loss_bbox_dn_2: 0.0318 (0.0322)  loss_giou_dn_2: 0.4172 (0.4269)  loss_fgl_dn_2: 1.2189 (1.2183)  loss_ddf_dn_2: -0.0000 (0.0000)  loss_mal_dn_pre: 0.7333 (0.7355)  loss_bbox_dn_pre: 0.0405 (0.0413)  loss_giou_dn_pre: 0.5151 (0.5291)  time: 0.3797  data: 0.0146  max mem: 5225
Epoch: [4/30] Total time: 0:00:17 (0.4028 s / it)
Averaged stats: lr: 0.000100  loss: 19.1056 (19.2546)  loss_mal: 0.6942 (0.6998)  loss_bbox: 0.0415 (0.0418)  loss_giou: 0.5291 (0.5311)  loss_fgl: 1.2551 (1.2605)  loss_mal_aux_0: 0.7551 (0.7740)  loss_bbox_aux_0: 0.0413 (0.0424)  loss_giou_aux_0: 0.5373 (0.5389)  loss_fgl_aux_0: 1.2618 (1.2608)  loss_ddf_aux_0: 0.0176 (0.0175)  loss_mal_aux_1: 0.6998 (0.7065)  loss_bbox_aux_1: 0.0415 (0.0419)  loss_giou_aux_1: 0.5256 (0.5321)  loss_fgl_aux_1: 1.2567 (1.2604)  loss_ddf_aux_1: 0.0022 (0.0021)  loss_mal_pre: 0.7561 (0.7712)  loss_bbox_pre: 0.0414 (0.0424)  loss_giou_pre: 0.5391 (0.5393)  loss_mal_enc_0: 0.8690 (0.8871)  loss_bbox_enc_0: 0.0445 (0.0447)  loss_giou_enc_0: 0.5571 (0.5614)  loss_mal_dn_0: 0.7349 (0.7369)  loss_bbox_dn_0: 0.0408 (0.0413)  loss_giou_dn_0: 0.5154 (0.5297)  loss_fgl_dn_0: 1.2550 (1.2523)  loss_ddf_dn_0: 0.1204 (0.1289)  loss_mal_dn_1: 0.6694 (0.6741)  loss_bbox_dn_1: 0.0317 (0.0323)  loss_giou_dn_1: 0.4194 (0.4283)  loss_fgl_dn_1: 1.2203 (1.2179)  loss_ddf_dn_1: 0.0038 (0.0048)  loss_mal_dn_2: 0.6632 (0.6687)  loss_bbox_dn_2: 0.0318 (0.0322)  loss_giou_dn_2: 0.4172 (0.4269)  loss_fgl_dn_2: 1.2189 (1.2183)  loss_ddf_dn_2: -0.0000 (0.0000)  loss_mal_dn_pre: 0.7333 (0.7355)  loss_bbox_dn_pre: 0.0405 (0.0413)  loss_giou_dn_pre: 0.5151 (0.5291)
Test:  [0/9]  eta: 0:00:02    time: 0.3212  data: 0.2454  max mem: 5225
Test:  [8/9]  eta: 0:00:00    time: 0.1323  data: 0.0442  max mem: 5225
Test: Total time: 0:00:01 (0.1370 s / it)
Metrics: {'f1': 0.9642857142857143, 'precision': 0.9926470588235294, 'recall': 0.9375, 'iou': 0.6571610043788778, 'TPs': 135, 'FPs': 1, 'FNs': 9}
Averaged stats: 
Accumulating evaluation results...
COCOeval_opt.accumulate() finished...
DONE (t=0.01s).
IoU metric: bbox
 Average Precision  (AP) @[ IoU=0.50:0.95 | area=   all | maxDets=100 ] = 0.360
 Average Precision  (AP) @[ IoU=0.50      | area=   all | maxDets=100 ] = 0.978
 Average Precision  (AP) @[ IoU=0.75      | area=   all | maxDets=100 ] = 0.150
 Average Precision  (AP) @[ IoU=0.50:0.95 | area= small | maxDets=100 ] = 0.360
 Average Precision  (AP) @[ IoU=0.50:0.95 | area=medium | maxDets=100 ] = -1.000
 Average Precision  (AP) @[ IoU=0.50:0.95 | area= large | maxDets=100 ] = -1.000
 Average Recall     (AR) @[ IoU=0.50:0.95 | area=   all | maxDets=  1 ] = 0.203
 Average Recall     (AR) @[ IoU=0.50:0.95 | area=   all | maxDets= 10 ] = 0.468
 Average Recall     (AR) @[ IoU=0.50:0.95 | area=   all | maxDets=100 ] = 0.519
 Average Recall     (AR) @[ IoU=0.50:0.95 | area= small | maxDets=100 ] = 0.519
 Average Recall     (AR) @[ IoU=0.50:0.95 | area=medium | maxDets=100 ] = -1.000
 Average Recall     (AR) @[ IoU=0.50:0.95 | area= large | maxDets=100 ] = -1.000
 Average Recall     (AR) @[ IoU=0.50      | area=   all | maxDets=100 ] = 0.986
 Average Recall     (AR) @[ IoU=0.75      | area=   all | maxDets=100 ] = 0.465
best_stat: {'epoch': 3, 'coco_eval_bbox': 0.3683042528806866}
Epoch: [5/30]  [ 0/44]  eta: 0:00:34  lr: 0.000100  loss: 18.7946 (18.7946)  loss_mal: 0.6843 (0.6843)  loss_bbox: 0.0385 (0.0385)  loss_giou: 0.5291 (0.5291)  loss_fgl: 1.2261 (1.2261)  loss_mal_aux_0: 0.7236 (0.7236)  loss_bbox_aux_0: 0.0379 (0.0379)  loss_giou_aux_0: 0.5220 (0.5220)  loss_fgl_aux_0: 1.2421 (1.2421)  loss_ddf_aux_0: 0.0182 (0.0182)  loss_mal_aux_1: 0.6885 (0.6885)  loss_bbox_aux_1: 0.0383 (0.0383)  loss_giou_aux_1: 0.5247 (0.5247)  loss_fgl_aux_1: 1.2268 (1.2268)  loss_ddf_aux_1: 0.0025 (0.0025)  loss_mal_pre: 0.7250 (0.7250)  loss_bbox_pre: 0.0373 (0.0373)  loss_giou_pre: 0.5168 (0.5168)  loss_mal_enc_0: 0.8260 (0.8260)  loss_bbox_enc_0: 0.0389 (0.0389)  loss_giou_enc_0: 0.5274 (0.5274)  loss_mal_dn_0: 0.7317 (0.7317)  loss_bbox_dn_0: 0.0426 (0.0426)  loss_giou_dn_0: 0.5709 (0.5709)  loss_fgl_dn_0: 1.2259 (1.2259)  loss_ddf_dn_0: 0.1399 (0.1399)  loss_mal_dn_1: 0.6636 (0.6636)  loss_bbox_dn_1: 0.0297 (0.0297)  loss_giou_dn_1: 0.4156 (0.4156)  loss_fgl_dn_1: 1.1768 (1.1768)  loss_ddf_dn_1: 0.0030 (0.0030)  loss_mal_dn_2: 0.6600 (0.6600)  loss_bbox_dn_2: 0.0294 (0.0294)  loss_giou_dn_2: 0.4116 (0.4116)  loss_fgl_dn_2: 1.1754 (1.1754)  loss_ddf_dn_2: -0.0000 (0.0000)  loss_mal_dn_pre: 0.7297 (0.7297)  loss_bbox_dn_pre: 0.0427 (0.0427)  loss_giou_dn_pre: 0.5720 (0.5720)  time: 0.7734  data: 0.2483  max mem: 5225
Epoch: [5/30]  [10/44]  eta: 0:00:19  lr: 0.000100  loss: 18.7252 (18.7502)  loss_mal: 0.6843 (0.6858)  loss_bbox: 0.0385 (0.0386)  loss_giou: 0.4977 (0.5071)  loss_fgl: 1.2567 (1.2498)  loss_mal_aux_0: 0.7335 (0.7343)  loss_bbox_aux_0: 0.0386 (0.0390)  loss_giou_aux_0: 0.5119 (0.5116)  loss_fgl_aux_0: 1.2483 (1.2513)  loss_ddf_aux_0: 0.0156 (0.0160)  loss_mal_aux_1: 0.7000 (0.6974)  loss_bbox_aux_1: 0.0383 (0.0386)  loss_giou_aux_1: 0.5011 (0.5074)  loss_fgl_aux_1: 1.2565 (1.2500)  loss_ddf_aux_1: 0.0023 (0.0023)  loss_mal_pre: 0.7294 (0.7349)  loss_bbox_pre: 0.0380 (0.0385)  loss_giou_pre: 0.5101 (0.5077)  loss_mal_enc_0: 0.8366 (0.8388)  loss_bbox_enc_0: 0.0405 (0.0404)  loss_giou_enc_0: 0.5274 (0.5262)  loss_mal_dn_0: 0.7256 (0.7278)  loss_bbox_dn_0: 0.0386 (0.0391)  loss_giou_dn_0: 0.5064 (0.5168)  loss_fgl_dn_0: 1.2429 (1.2432)  loss_ddf_dn_0: 0.1182 (0.1223)  loss_mal_dn_1: 0.6636 (0.6630)  loss_bbox_dn_1: 0.0298 (0.0299)  loss_giou_dn_1: 0.4055 (0.4083)  loss_fgl_dn_1: 1.2007 (1.2012)  loss_ddf_dn_1: 0.0034 (0.0036)  loss_mal_dn_2: 0.6591 (0.6589)  loss_bbox_dn_2: 0.0298 (0.0298)  loss_giou_dn_2: 0.4058 (0.4075)  loss_fgl_dn_2: 1.2002 (1.2007)  loss_ddf_dn_2: -0.0000 (0.0000)  loss_mal_dn_pre: 0.7255 (0.7271)  loss_bbox_dn_pre: 0.0386 (0.0390)  loss_giou_dn_pre: 0.5065 (0.5166)  time: 0.5781  data: 0.0364  max mem: 5225
Epoch: [5/30]  [20/44]  eta: 0:00:13  lr: 0.000100  loss: 18.7252 (18.7431)  loss_mal: 0.6801 (0.6863)  loss_bbox: 0.0387 (0.0388)  loss_giou: 0.4954 (0.5022)  loss_fgl: 1.2601 (1.2562)  loss_mal_aux_0: 0.7346 (0.7397)  loss_bbox_aux_0: 0.0389 (0.0392)  loss_giou_aux_0: 0.5007 (0.5057)  loss_fgl_aux_0: 1.2627 (1.2582)  loss_ddf_aux_0: 0.0146 (0.0153)  loss_mal_aux_1: 0.6913 (0.6973)  loss_bbox_aux_1: 0.0389 (0.0389)  loss_giou_aux_1: 0.4968 (0.5026)  loss_fgl_aux_1: 1.2593 (1.2562)  loss_ddf_aux_1: 0.0023 (0.0022)  loss_mal_pre: 0.7371 (0.7390)  loss_bbox_pre: 0.0391 (0.0389)  loss_giou_pre: 0.4980 (0.5037)  loss_mal_enc_0: 0.8374 (0.8392)  loss_bbox_enc_0: 0.0406 (0.0408)  loss_giou_enc_0: 0.5127 (0.5226)  loss_mal_dn_0: 0.7302 (0.7291)  loss_bbox_dn_0: 0.0386 (0.0389)  loss_giou_dn_0: 0.5064 (0.5079)  loss_fgl_dn_0: 1.2457 (1.2492)  loss_ddf_dn_0: 0.1182 (0.1205)  loss_mal_dn_1: 0.6641 (0.6608)  loss_bbox_dn_1: 0.0300 (0.0300)  loss_giou_dn_1: 0.4055 (0.4036)  loss_fgl_dn_1: 1.2076 (1.2069)  loss_ddf_dn_1: 0.0034 (0.0035)  loss_mal_dn_2: 0.6591 (0.6571)  loss_bbox_dn_2: 0.0299 (0.0299)  loss_giou_dn_2: 0.4058 (0.4028)  loss_fgl_dn_2: 1.2075 (1.2068)  loss_ddf_dn_2: -0.0000 (0.0000)  loss_mal_dn_pre: 0.7272 (0.7279)  loss_bbox_dn_pre: 0.0386 (0.0388)  loss_giou_dn_pre: 0.5063 (0.5063)  time: 0.5576  data: 0.0152  max mem: 5225
Epoch: [5/30]  [30/44]  eta: 0:00:07  lr: 0.000100  loss: 18.7388 (18.7493)  loss_mal: 0.6814 (0.6852)  loss_bbox: 0.0388 (0.0391)  loss_giou: 0.4965 (0.5027)  loss_fgl: 1.2614 (1.2593)  loss_mal_aux_0: 0.7226 (0.7335)  loss_bbox_aux_0: 0.0393 (0.0396)  loss_giou_aux_0: 0.5078 (0.5079)  loss_fgl_aux_0: 1.2697 (1.2616)  loss_ddf_aux_0: 0.0135 (0.0145)  loss_mal_aux_1: 0.6886 (0.6945)  loss_bbox_aux_1: 0.0389 (0.0391)  loss_giou_aux_1: 0.4994 (0.5029)  loss_fgl_aux_1: 1.2637 (1.2591)  loss_ddf_aux_1: 0.0017 (0.0020)  loss_mal_pre: 0.7245 (0.7350)  loss_bbox_pre: 0.0393 (0.0395)  loss_giou_pre: 0.5068 (0.5073)  loss_mal_enc_0: 0.8304 (0.8380)  loss_bbox_enc_0: 0.0412 (0.0413)  loss_giou_enc_0: 0.5231 (0.5260)  loss_mal_dn_0: 0.7302 (0.7293)  loss_bbox_dn_0: 0.0390 (0.0391)  loss_giou_dn_0: 0.4983 (0.5064)  loss_fgl_dn_0: 1.2571 (1.2528)  loss_ddf_dn_0: 0.1258 (0.1243)  loss_mal_dn_1: 0.6571 (0.6594)  loss_bbox_dn_1: 0.0302 (0.0300)  loss_giou_dn_1: 0.3976 (0.4012)  loss_fgl_dn_1: 1.2115 (1.2087)  loss_ddf_dn_1: 0.0032 (0.0034)  loss_mal_dn_2: 0.6536 (0.6557)  loss_bbox_dn_2: 0.0300 (0.0299)  loss_giou_dn_2: 0.3978 (0.4004)  loss_fgl_dn_2: 1.2120 (1.2088)  loss_ddf_dn_2: -0.0000 (0.0000)  loss_mal_dn_pre: 0.7275 (0.7279)  loss_bbox_dn_pre: 0.0388 (0.0390)  loss_giou_dn_pre: 0.4993 (0.5049)  time: 0.5369  data: 0.0158  max mem: 5225
Epoch: [5/30]  [40/44]  eta: 0:00:02  lr: 0.000100  loss: 18.7388 (18.7894)  loss_mal: 0.6842 (0.6860)  loss_bbox: 0.0406 (0.0397)  loss_giou: 0.5137 (0.5099)  loss_fgl: 1.2476 (1.2562)  loss_mal_aux_0: 0.7231 (0.7359)  loss_bbox_aux_0: 0.0416 (0.0404)  loss_giou_aux_0: 0.5281 (0.5170)  loss_fgl_aux_0: 1.2497 (1.2589)  loss_ddf_aux_0: 0.0127 (0.0142)  loss_mal_aux_1: 0.6921 (0.6947)  loss_bbox_aux_1: 0.0406 (0.0398)  loss_giou_aux_1: 0.5134 (0.5104)  loss_fgl_aux_1: 1.2474 (1.2559)  loss_ddf_aux_1: 0.0015 (0.0019)  loss_mal_pre: 0.7258 (0.7365)  loss_bbox_pre: 0.0415 (0.0402)  loss_giou_pre: 0.5243 (0.5157)  loss_mal_enc_0: 0.8253 (0.8335)  loss_bbox_enc_0: 0.0440 (0.0423)  loss_giou_enc_0: 0.5441 (0.5367)  loss_mal_dn_0: 0.7285 (0.7301)  loss_bbox_dn_0: 0.0391 (0.0392)  loss_giou_dn_0: 0.4943 (0.5063)  loss_fgl_dn_0: 1.2544 (1.2517)  loss_ddf_dn_0: 0.1264 (0.1261)  loss_mal_dn_1: 0.6548 (0.6596)  loss_bbox_dn_1: 0.0302 (0.0301)  loss_giou_dn_1: 0.3966 (0.4025)  loss_fgl_dn_1: 1.2053 (1.2071)  loss_ddf_dn_1: 0.0028 (0.0034)  loss_mal_dn_2: 0.6518 (0.6561)  loss_bbox_dn_2: 0.0302 (0.0300)  loss_giou_dn_2: 0.3968 (0.4016)  loss_fgl_dn_2: 1.2043 (1.2071)  loss_ddf_dn_2: -0.0000 (0.0000)  loss_mal_dn_pre: 0.7273 (0.7288)  loss_bbox_dn_pre: 0.0391 (0.0390)  loss_giou_dn_pre: 0.4938 (0.5050)  time: 0.5348  data: 0.0162  max mem: 5225
Epoch: [5/30]  [43/44]  eta: 0:00:00  lr: 0.000100  loss: 18.7388 (18.8214)  loss_mal: 0.6824 (0.6866)  loss_bbox: 0.0406 (0.0402)  loss_giou: 0.5039 (0.5135)  loss_fgl: 1.2586 (1.2575)  loss_mal_aux_0: 0.7281 (0.7351)  loss_bbox_aux_0: 0.0411 (0.0407)  loss_giou_aux_0: 0.5281 (0.5191)  loss_fgl_aux_0: 1.2638 (1.2600)  loss_ddf_aux_0: 0.0127 (0.0140)  loss_mal_aux_1: 0.6895 (0.6949)  loss_bbox_aux_1: 0.0403 (0.0402)  loss_giou_aux_1: 0.5033 (0.5138)  loss_fgl_aux_1: 1.2555 (1.2570)  loss_ddf_aux_1: 0.0015 (0.0019)  loss_mal_pre: 0.7258 (0.7356)  loss_bbox_pre: 0.0414 (0.0406)  loss_giou_pre: 0.5243 (0.5182)  loss_mal_enc_0: 0.8227 (0.8326)  loss_bbox_enc_0: 0.0435 (0.0425)  loss_giou_enc_0: 0.5452 (0.5373)  loss_mal_dn_0: 0.7302 (0.7303)  loss_bbox_dn_0: 0.0387 (0.0393)  loss_giou_dn_0: 0.4946 (0.5080)  loss_fgl_dn_0: 1.2595 (1.2540)  loss_ddf_dn_0: 0.1289 (0.1254)  loss_mal_dn_1: 0.6548 (0.6605)  loss_bbox_dn_1: 0.0302 (0.0303)  loss_giou_dn_1: 0.3969 (0.4044)  loss_fgl_dn_1: 1.2133 (1.2094)  loss_ddf_dn_1: 0.0028 (0.0034)  loss_mal_dn_2: 0.6518 (0.6572)  loss_bbox_dn_2: 0.0300 (0.0302)  loss_giou_dn_2: 0.3974 (0.4036)  loss_fgl_dn_2: 1.2120 (1.2095)  loss_ddf_dn_2: -0.0000 (0.0000)  loss_mal_dn_pre: 0.7275 (0.7290)  loss_bbox_dn_pre: 0.0386 (0.0392)  loss_giou_dn_pre: 0.4938 (0.5066)  time: 0.5436  data: 0.0159  max mem: 5225
Epoch: [5/30] Total time: 0:00:24 (0.5521 s / it)
Averaged stats: lr: 0.000100  loss: 18.7388 (18.8214)  loss_mal: 0.6824 (0.6866)  loss_bbox: 0.0406 (0.0402)  loss_giou: 0.5039 (0.5135)  loss_fgl: 1.2586 (1.2575)  loss_mal_aux_0: 0.7281 (0.7351)  loss_bbox_aux_0: 0.0411 (0.0407)  loss_giou_aux_0: 0.5281 (0.5191)  loss_fgl_aux_0: 1.2638 (1.2600)  loss_ddf_aux_0: 0.0127 (0.0140)  loss_mal_aux_1: 0.6895 (0.6949)  loss_bbox_aux_1: 0.0403 (0.0402)  loss_giou_aux_1: 0.5033 (0.5138)  loss_fgl_aux_1: 1.2555 (1.2570)  loss_ddf_aux_1: 0.0015 (0.0019)  loss_mal_pre: 0.7258 (0.7356)  loss_bbox_pre: 0.0414 (0.0406)  loss_giou_pre: 0.5243 (0.5182)  loss_mal_enc_0: 0.8227 (0.8326)  loss_bbox_enc_0: 0.0435 (0.0425)  loss_giou_enc_0: 0.5452 (0.5373)  loss_mal_dn_0: 0.7302 (0.7303)  loss_bbox_dn_0: 0.0387 (0.0393)  loss_giou_dn_0: 0.4946 (0.5080)  loss_fgl_dn_0: 1.2595 (1.2540)  loss_ddf_dn_0: 0.1289 (0.1254)  loss_mal_dn_1: 0.6548 (0.6605)  loss_bbox_dn_1: 0.0302 (0.0303)  loss_giou_dn_1: 0.3969 (0.4044)  loss_fgl_dn_1: 1.2133 (1.2094)  loss_ddf_dn_1: 0.0028 (0.0034)  loss_mal_dn_2: 0.6518 (0.6572)  loss_bbox_dn_2: 0.0300 (0.0302)  loss_giou_dn_2: 0.3974 (0.4036)  loss_fgl_dn_2: 1.2120 (1.2095)  loss_ddf_dn_2: -0.0000 (0.0000)  loss_mal_dn_pre: 0.7275 (0.7290)  loss_bbox_dn_pre: 0.0386 (0.0392)  loss_giou_dn_pre: 0.4938 (0.5066)
Test:  [0/9]  eta: 0:00:03    time: 0.3542  data: 0.2809  max mem: 5225
Test:  [8/9]  eta: 0:00:00    time: 0.1259  data: 0.0441  max mem: 5225
Test: Total time: 0:00:01 (0.1314 s / it)
Metrics: {'f1': 0.9788732394366197, 'precision': 0.9928571428571429, 'recall': 0.9652777777777778, 'iou': 0.6778086337549933, 'TPs': 139, 'FPs': 1, 'FNs': 5}
Averaged stats: 
Accumulating evaluation results...
COCOeval_opt.accumulate() finished...
DONE (t=0.01s).
IoU metric: bbox
 Average Precision  (AP) @[ IoU=0.50:0.95 | area=   all | maxDets=100 ] = 0.366
 Average Precision  (AP) @[ IoU=0.50      | area=   all | maxDets=100 ] = 0.977
 Average Precision  (AP) @[ IoU=0.75      | area=   all | maxDets=100 ] = 0.166
 Average Precision  (AP) @[ IoU=0.50:0.95 | area= small | maxDets=100 ] = 0.366
 Average Precision  (AP) @[ IoU=0.50:0.95 | area=medium | maxDets=100 ] = -1.000
 Average Precision  (AP) @[ IoU=0.50:0.95 | area= large | maxDets=100 ] = -1.000
 Average Recall     (AR) @[ IoU=0.50:0.95 | area=   all | maxDets=  1 ] = 0.203
 Average Recall     (AR) @[ IoU=0.50:0.95 | area=   all | maxDets= 10 ] = 0.475
 Average Recall     (AR) @[ IoU=0.50:0.95 | area=   all | maxDets=100 ] = 0.529
 Average Recall     (AR) @[ IoU=0.50:0.95 | area= small | maxDets=100 ] = 0.529
 Average Recall     (AR) @[ IoU=0.50:0.95 | area=medium | maxDets=100 ] = -1.000
 Average Recall     (AR) @[ IoU=0.50:0.95 | area= large | maxDets=100 ] = -1.000
 Average Recall     (AR) @[ IoU=0.50      | area=   all | maxDets=100 ] = 0.993
 Average Recall     (AR) @[ IoU=0.75      | area=   all | maxDets=100 ] = 0.521
best_stat: {'epoch': 3, 'coco_eval_bbox': 0.3683042528806866}
Epoch: [6/30]  [ 0/44]  eta: 0:00:38  lr: 0.000100  loss: 18.7497 (18.7497)  loss_mal: 0.6774 (0.6774)  loss_bbox: 0.0375 (0.0375)  loss_giou: 0.5203 (0.5203)  loss_fgl: 1.2206 (1.2206)  loss_mal_aux_0: 0.7417 (0.7417)  loss_bbox_aux_0: 0.0380 (0.0380)  loss_giou_aux_0: 0.5268 (0.5268)  loss_fgl_aux_0: 1.2279 (1.2279)  loss_ddf_aux_0: 0.0128 (0.0128)  loss_mal_aux_1: 0.6825 (0.6825)  loss_bbox_aux_1: 0.0373 (0.0373)  loss_giou_aux_1: 0.5182 (0.5182)  loss_fgl_aux_1: 1.2186 (1.2186)  loss_ddf_aux_1: 0.0016 (0.0016)  loss_mal_pre: 0.7447 (0.7447)  loss_bbox_pre: 0.0371 (0.0371)  loss_giou_pre: 0.5184 (0.5184)  loss_mal_enc_0: 0.8133 (0.8133)  loss_bbox_enc_0: 0.0396 (0.0396)  loss_giou_enc_0: 0.5472 (0.5472)  loss_mal_dn_0: 0.7249 (0.7249)  loss_bbox_dn_0: 0.0355 (0.0355)  loss_giou_dn_0: 0.4971 (0.4971)  loss_fgl_dn_0: 1.2422 (1.2422)  loss_ddf_dn_0: 0.1275 (0.1275)  loss_mal_dn_1: 0.6728 (0.6728)  loss_bbox_dn_1: 0.0303 (0.0303)  loss_giou_dn_1: 0.4317 (0.4317)  loss_fgl_dn_1: 1.2116 (1.2116)  loss_ddf_dn_1: 0.0034 (0.0034)  loss_mal_dn_2: 0.6756 (0.6756)  loss_bbox_dn_2: 0.0306 (0.0306)  loss_giou_dn_2: 0.4352 (0.4352)  loss_fgl_dn_2: 1.2154 (1.2154)  loss_ddf_dn_2: -0.0000 (0.0000)  loss_mal_dn_pre: 0.7249 (0.7249)  loss_bbox_dn_pre: 0.0352 (0.0352)  loss_giou_dn_pre: 0.4942 (0.4942)  time: 0.8738  data: 0.2884  max mem: 5225
Epoch: [6/30]  [10/44]  eta: 0:00:19  lr: 0.000100  loss: 18.6437 (18.5282)  loss_mal: 0.6822 (0.6795)  loss_bbox: 0.0398 (0.0391)  loss_giou: 0.5094 (0.5009)  loss_fgl: 1.2405 (1.2447)  loss_mal_aux_0: 0.7184 (0.7234)  loss_bbox_aux_0: 0.0396 (0.0390)  loss_giou_aux_0: 0.5047 (0.5002)  loss_fgl_aux_0: 1.2402 (1.2468)  loss_ddf_aux_0: 0.0102 (0.0104)  loss_mal_aux_1: 0.6831 (0.6857)  loss_bbox_aux_1: 0.0402 (0.0391)  loss_giou_aux_1: 0.5093 (0.5010)  loss_fgl_aux_1: 1.2412 (1.2450)  loss_ddf_aux_1: 0.0013 (0.0013)  loss_mal_pre: 0.7216 (0.7231)  loss_bbox_pre: 0.0394 (0.0387)  loss_giou_pre: 0.4983 (0.4972)  loss_mal_enc_0: 0.8131 (0.8076)  loss_bbox_enc_0: 0.0426 (0.0404)  loss_giou_enc_0: 0.5358 (0.5151)  loss_mal_dn_0: 0.7236 (0.7239)  loss_bbox_dn_0: 0.0382 (0.0373)  loss_giou_dn_0: 0.4819 (0.4827)  loss_fgl_dn_0: 1.2422 (1.2387)  loss_ddf_dn_0: 0.1170 (0.1137)  loss_mal_dn_1: 0.6710 (0.6632)  loss_bbox_dn_1: 0.0303 (0.0308)  loss_giou_dn_1: 0.4206 (0.4064)  loss_fgl_dn_1: 1.2015 (1.2051)  loss_ddf_dn_1: 0.0029 (0.0030)  loss_mal_dn_2: 0.6665 (0.6603)  loss_bbox_dn_2: 0.0304 (0.0306)  loss_giou_dn_2: 0.4220 (0.4052)  loss_fgl_dn_2: 1.1998 (1.2049)  loss_ddf_dn_2: -0.0000 (0.0000)  loss_mal_dn_pre: 0.7230 (0.7236)  loss_bbox_dn_pre: 0.0381 (0.0373)  loss_giou_dn_pre: 0.4818 (0.4830)  time: 0.5815  data: 0.0388  max mem: 5225
Epoch: [6/30]  [20/44]  eta: 0:00:13  lr: 0.000100  loss: 18.3852 (18.4667)  loss_mal: 0.6805 (0.6778)  loss_bbox: 0.0381 (0.0381)  loss_giou: 0.4809 (0.4896)  loss_fgl: 1.2438 (1.2475)  loss_mal_aux_0: 0.7184 (0.7217)  loss_bbox_aux_0: 0.0385 (0.0383)  loss_giou_aux_0: 0.4925 (0.4927)  loss_fgl_aux_0: 1.2433 (1.2502)  loss_ddf_aux_0: 0.0095 (0.0098)  loss_mal_aux_1: 0.6825 (0.6824)  loss_bbox_aux_1: 0.0379 (0.0381)  loss_giou_aux_1: 0.4806 (0.4895)  loss_fgl_aux_1: 1.2433 (1.2474)  loss_ddf_aux_1: 0.0012 (0.0012)  loss_mal_pre: 0.7194 (0.7215)  loss_bbox_pre: 0.0379 (0.0382)  loss_giou_pre: 0.4922 (0.4914)  loss_mal_enc_0: 0.8037 (0.8107)  loss_bbox_enc_0: 0.0405 (0.0402)  loss_giou_enc_0: 0.5099 (0.5127)  loss_mal_dn_0: 0.7194 (0.7213)  loss_bbox_dn_0: 0.0376 (0.0372)  loss_giou_dn_0: 0.4779 (0.4818)  loss_fgl_dn_0: 1.2452 (1.2480)  loss_ddf_dn_0: 0.1170 (0.1165)  loss_mal_dn_1: 0.6484 (0.6565)  loss_bbox_dn_1: 0.0299 (0.0299)  loss_giou_dn_1: 0.3934 (0.3974)  loss_fgl_dn_1: 1.2015 (1.2073)  loss_ddf_dn_1: 0.0029 (0.0032)  loss_mal_dn_2: 0.6479 (0.6546)  loss_bbox_dn_2: 0.0299 (0.0299)  loss_giou_dn_2: 0.3930 (0.3970)  loss_fgl_dn_2: 1.2013 (1.2076)  loss_ddf_dn_2: -0.0000 (0.0000)  loss_mal_dn_pre: 0.7192 (0.7209)  loss_bbox_dn_pre: 0.0374 (0.0371)  loss_giou_dn_pre: 0.4728 (0.4816)  time: 0.5423  data: 0.0147  max mem: 5225
Epoch: [6/30]  [30/44]  eta: 0:00:07  lr: 0.000100  loss: 18.4488 (18.5420)  loss_mal: 0.6795 (0.6794)  loss_bbox: 0.0365 (0.0385)  loss_giou: 0.4749 (0.4944)  loss_fgl: 1.2570 (1.2499)  loss_mal_aux_0: 0.7222 (0.7241)  loss_bbox_aux_0: 0.0369 (0.0389)  loss_giou_aux_0: 0.4859 (0.4996)  loss_fgl_aux_0: 1.2601 (1.2524)  loss_ddf_aux_0: 0.0098 (0.0101)  loss_mal_aux_1: 0.6822 (0.6842)  loss_bbox_aux_1: 0.0365 (0.0385)  loss_giou_aux_1: 0.4738 (0.4938)  loss_fgl_aux_1: 1.2582 (1.2497)  loss_ddf_aux_1: 0.0010 (0.0012)  loss_mal_pre: 0.7216 (0.7243)  loss_bbox_pre: 0.0374 (0.0388)  loss_giou_pre: 0.4902 (0.4989)  loss_mal_enc_0: 0.8087 (0.8119)  loss_bbox_enc_0: 0.0397 (0.0404)  loss_giou_enc_0: 0.5083 (0.5157)  loss_mal_dn_0: 0.7194 (0.7215)  loss_bbox_dn_0: 0.0383 (0.0385)  loss_giou_dn_0: 0.4991 (0.4947)  loss_fgl_dn_0: 1.2520 (1.2485)  loss_ddf_dn_0: 0.1264 (0.1229)  loss_mal_dn_1: 0.6497 (0.6566)  loss_bbox_dn_1: 0.0290 (0.0300)  loss_giou_dn_1: 0.3941 (0.3980)  loss_fgl_dn_1: 1.2018 (1.2045)  loss_ddf_dn_1: 0.0033 (0.0033)  loss_mal_dn_2: 0.6479 (0.6535)  loss_bbox_dn_2: 0.0287 (0.0299)  loss_giou_dn_2: 0.3930 (0.3974)  loss_fgl_dn_2: 1.2013 (1.2046)  loss_ddf_dn_2: -0.0000 (0.0000)  loss_mal_dn_pre: 0.7192 (0.7212)  loss_bbox_dn_pre: 0.0377 (0.0384)  loss_giou_dn_pre: 0.4990 (0.4939)  time: 0.5458  data: 0.0156  max mem: 5225
Epoch: [6/30]  [40/44]  eta: 0:00:02  lr: 0.000100  loss: 18.5842 (18.5904)  loss_mal: 0.6824 (0.6810)  loss_bbox: 0.0391 (0.0387)  loss_giou: 0.5059 (0.4974)  loss_fgl: 1.2557 (1.2519)  loss_mal_aux_0: 0.7163 (0.7233)  loss_bbox_aux_0: 0.0399 (0.0391)  loss_giou_aux_0: 0.5037 (0.5022)  loss_fgl_aux_0: 1.2621 (1.2544)  loss_ddf_aux_0: 0.0098 (0.0099)  loss_mal_aux_1: 0.6852 (0.6859)  loss_bbox_aux_1: 0.0395 (0.0387)  loss_giou_aux_1: 0.5067 (0.4976)  loss_fgl_aux_1: 1.2553 (1.2519)  loss_ddf_aux_1: 0.0011 (0.0012)  loss_mal_pre: 0.7176 (0.7237)  loss_bbox_pre: 0.0394 (0.0390)  loss_giou_pre: 0.5020 (0.5011)  loss_mal_enc_0: 0.8086 (0.8095)  loss_bbox_enc_0: 0.0416 (0.0405)  loss_giou_enc_0: 0.5114 (0.5166)  loss_mal_dn_0: 0.7195 (0.7208)  loss_bbox_dn_0: 0.0388 (0.0387)  loss_giou_dn_0: 0.5146 (0.4999)  loss_fgl_dn_0: 1.2561 (1.2537)  loss_ddf_dn_0: 0.1285 (0.1259)  loss_mal_dn_1: 0.6588 (0.6569)  loss_bbox_dn_1: 0.0294 (0.0300)  loss_giou_dn_1: 0.3987 (0.3998)  loss_fgl_dn_1: 1.2067 (1.2083)  loss_ddf_dn_1: 0.0038 (0.0035)  loss_mal_dn_2: 0.6505 (0.6538)  loss_bbox_dn_2: 0.0296 (0.0299)  loss_giou_dn_2: 0.3986 (0.3988)  loss_fgl_dn_2: 1.2046 (1.2083)  loss_ddf_dn_2: -0.0000 (0.0000)  loss_mal_dn_pre: 0.7190 (0.7206)  loss_bbox_dn_pre: 0.0387 (0.0387)  loss_giou_dn_pre: 0.5120 (0.4989)  time: 0.5621  data: 0.0153  max mem: 5225
Epoch: [6/30]  [43/44]  eta: 0:00:00  lr: 0.000100  loss: 18.5384 (18.5655)  loss_mal: 0.6824 (0.6836)  loss_bbox: 0.0385 (0.0384)  loss_giou: 0.4827 (0.4931)  loss_fgl: 1.2537 (1.2517)  loss_mal_aux_0: 0.7163 (0.7254)  loss_bbox_aux_0: 0.0393 (0.0388)  loss_giou_aux_0: 0.4876 (0.4984)  loss_fgl_aux_0: 1.2601 (1.2543)  loss_ddf_aux_0: 0.0095 (0.0098)  loss_mal_aux_1: 0.6847 (0.6883)  loss_bbox_aux_1: 0.0386 (0.0384)  loss_giou_aux_1: 0.4851 (0.4935)  loss_fgl_aux_1: 1.2538 (1.2517)  loss_ddf_aux_1: 0.0011 (0.0012)  loss_mal_pre: 0.7176 (0.7274)  loss_bbox_pre: 0.0389 (0.0387)  loss_giou_pre: 0.4778 (0.4975)  loss_mal_enc_0: 0.8032 (0.8103)  loss_bbox_enc_0: 0.0393 (0.0403)  loss_giou_enc_0: 0.5059 (0.5136)  loss_mal_dn_0: 0.7189 (0.7205)  loss_bbox_dn_0: 0.0379 (0.0384)  loss_giou_dn_0: 0.5016 (0.4967)  loss_fgl_dn_0: 1.2521 (1.2537)  loss_ddf_dn_0: 0.1283 (0.1245)  loss_mal_dn_1: 0.6518 (0.6559)  loss_bbox_dn_1: 0.0292 (0.0299)  loss_giou_dn_1: 0.3941 (0.3978)  loss_fgl_dn_1: 1.2050 (1.2083)  loss_ddf_dn_1: 0.0038 (0.0035)  loss_mal_dn_2: 0.6479 (0.6529)  loss_bbox_dn_2: 0.0287 (0.0297)  loss_giou_dn_2: 0.3927 (0.3967)  loss_fgl_dn_2: 1.2044 (1.2082)  loss_ddf_dn_2: -0.0000 (0.0000)  loss_mal_dn_pre: 0.7190 (0.7203)  loss_bbox_dn_pre: 0.0377 (0.0383)  loss_giou_dn_pre: 0.4994 (0.4958)  time: 0.5695  data: 0.0150  max mem: 5225
Epoch: [6/30] Total time: 0:00:24 (0.5603 s / it)
Averaged stats: lr: 0.000100  loss: 18.5384 (18.5655)  loss_mal: 0.6824 (0.6836)  loss_bbox: 0.0385 (0.0384)  loss_giou: 0.4827 (0.4931)  loss_fgl: 1.2537 (1.2517)  loss_mal_aux_0: 0.7163 (0.7254)  loss_bbox_aux_0: 0.0393 (0.0388)  loss_giou_aux_0: 0.4876 (0.4984)  loss_fgl_aux_0: 1.2601 (1.2543)  loss_ddf_aux_0: 0.0095 (0.0098)  loss_mal_aux_1: 0.6847 (0.6883)  loss_bbox_aux_1: 0.0386 (0.0384)  loss_giou_aux_1: 0.4851 (0.4935)  loss_fgl_aux_1: 1.2538 (1.2517)  loss_ddf_aux_1: 0.0011 (0.0012)  loss_mal_pre: 0.7176 (0.7274)  loss_bbox_pre: 0.0389 (0.0387)  loss_giou_pre: 0.4778 (0.4975)  loss_mal_enc_0: 0.8032 (0.8103)  loss_bbox_enc_0: 0.0393 (0.0403)  loss_giou_enc_0: 0.5059 (0.5136)  loss_mal_dn_0: 0.7189 (0.7205)  loss_bbox_dn_0: 0.0379 (0.0384)  loss_giou_dn_0: 0.5016 (0.4967)  loss_fgl_dn_0: 1.2521 (1.2537)  loss_ddf_dn_0: 0.1283 (0.1245)  loss_mal_dn_1: 0.6518 (0.6559)  loss_bbox_dn_1: 0.0292 (0.0299)  loss_giou_dn_1: 0.3941 (0.3978)  loss_fgl_dn_1: 1.2050 (1.2083)  loss_ddf_dn_1: 0.0038 (0.0035)  loss_mal_dn_2: 0.6479 (0.6529)  loss_bbox_dn_2: 0.0287 (0.0297)  loss_giou_dn_2: 0.3927 (0.3967)  loss_fgl_dn_2: 1.2044 (1.2082)  loss_ddf_dn_2: -0.0000 (0.0000)  loss_mal_dn_pre: 0.7190 (0.7203)  loss_bbox_dn_pre: 0.0377 (0.0383)  loss_giou_dn_pre: 0.4994 (0.4958)
Test:  [0/9]  eta: 0:00:04    time: 0.5010  data: 0.2292  max mem: 5225
Test:  [8/9]  eta: 0:00:00    time: 0.1699  data: 0.0386  max mem: 5225
Test: Total time: 0:00:01 (0.1740 s / it)
Metrics: {'f1': 0.9752650176678445, 'precision': 0.9928057553956835, 'recall': 0.9583333333333334, 'iou': 0.6742171077892698, 'TPs': 138, 'FPs': 1, 'FNs': 6}
Averaged stats: 
Accumulating evaluation results...
COCOeval_opt.accumulate() finished...
DONE (t=0.01s).
IoU metric: bbox
 Average Precision  (AP) @[ IoU=0.50:0.95 | area=   all | maxDets=100 ] = 0.377
 Average Precision  (AP) @[ IoU=0.50      | area=   all | maxDets=100 ] = 0.979
 Average Precision  (AP) @[ IoU=0.75      | area=   all | maxDets=100 ] = 0.149
 Average Precision  (AP) @[ IoU=0.50:0.95 | area= small | maxDets=100 ] = 0.377
 Average Precision  (AP) @[ IoU=0.50:0.95 | area=medium | maxDets=100 ] = -1.000
 Average Precision  (AP) @[ IoU=0.50:0.95 | area= large | maxDets=100 ] = -1.000
 Average Recall     (AR) @[ IoU=0.50:0.95 | area=   all | maxDets=  1 ] = 0.209
 Average Recall     (AR) @[ IoU=0.50:0.95 | area=   all | maxDets= 10 ] = 0.487
 Average Recall     (AR) @[ IoU=0.50:0.95 | area=   all | maxDets=100 ] = 0.584
 Average Recall     (AR) @[ IoU=0.50:0.95 | area= small | maxDets=100 ] = 0.584
 Average Recall     (AR) @[ IoU=0.50:0.95 | area=medium | maxDets=100 ] = -1.000
 Average Recall     (AR) @[ IoU=0.50:0.95 | area= large | maxDets=100 ] = -1.000
 Average Recall     (AR) @[ IoU=0.50      | area=   all | maxDets=100 ] = 0.993
 Average Recall     (AR) @[ IoU=0.75      | area=   all | maxDets=100 ] = 0.604
best_stat: {'epoch': 6, 'coco_eval_bbox': 0.3773892435802179}
Epoch: [7/30]  [ 0/44]  eta: 0:00:32  lr: 0.000100  loss: 18.1897 (18.1897)  loss_mal: 0.6713 (0.6713)  loss_bbox: 0.0400 (0.0400)  loss_giou: 0.4615 (0.4615)  loss_fgl: 1.2568 (1.2568)  loss_mal_aux_0: 0.6908 (0.6908)  loss_bbox_aux_0: 0.0383 (0.0383)  loss_giou_aux_0: 0.4421 (0.4421)  loss_fgl_aux_0: 1.2637 (1.2637)  loss_ddf_aux_0: 0.0090 (0.0090)  loss_mal_aux_1: 0.6703 (0.6703)  loss_bbox_aux_1: 0.0394 (0.0394)  loss_giou_aux_1: 0.4572 (0.4572)  loss_fgl_aux_1: 1.2571 (1.2571)  loss_ddf_aux_1: 0.0014 (0.0014)  loss_mal_pre: 0.6931 (0.6931)  loss_bbox_pre: 0.0383 (0.0383)  loss_giou_pre: 0.4432 (0.4432)  loss_mal_enc_0: 0.7967 (0.7967)  loss_bbox_enc_0: 0.0374 (0.0374)  loss_giou_enc_0: 0.4309 (0.4309)  loss_mal_dn_0: 0.7146 (0.7146)  loss_bbox_dn_0: 0.0422 (0.0422)  loss_giou_dn_0: 0.4936 (0.4936)  loss_fgl_dn_0: 1.2639 (1.2639)  loss_ddf_dn_0: 0.1375 (0.1375)  loss_mal_dn_1: 0.6480 (0.6480)  loss_bbox_dn_1: 0.0321 (0.0321)  loss_giou_dn_1: 0.3831 (0.3831)  loss_fgl_dn_1: 1.2138 (1.2138)  loss_ddf_dn_1: 0.0045 (0.0045)  loss_mal_dn_2: 0.6431 (0.6431)  loss_bbox_dn_2: 0.0321 (0.0321)  loss_giou_dn_2: 0.3821 (0.3821)  loss_fgl_dn_2: 1.2136 (1.2136)  loss_ddf_dn_2: -0.0000 (0.0000)  loss_mal_dn_pre: 0.7146 (0.7146)  loss_bbox_dn_pre: 0.0418 (0.0418)  loss_giou_dn_pre: 0.4905 (0.4905)  time: 0.7412  data: 0.2466  max mem: 5225
Epoch: [7/30]  [10/44]  eta: 0:00:19  lr: 0.000100  loss: 18.2700 (18.2134)  loss_mal: 0.6754 (0.6742)  loss_bbox: 0.0350 (0.0349)  loss_giou: 0.4615 (0.4568)  loss_fgl: 1.2532 (1.2565)  loss_mal_aux_0: 0.7410 (0.7365)  loss_bbox_aux_0: 0.0353 (0.0356)  loss_giou_aux_0: 0.4587 (0.4631)  loss_fgl_aux_0: 1.2608 (1.2615)  loss_ddf_aux_0: 0.0090 (0.0095)  loss_mal_aux_1: 0.6802 (0.6761)  loss_bbox_aux_1: 0.0346 (0.0348)  loss_giou_aux_1: 0.4572 (0.4550)  loss_fgl_aux_1: 1.2540 (1.2564)  loss_ddf_aux_1: 0.0014 (0.0015)  loss_mal_pre: 0.7375 (0.7341)  loss_bbox_pre: 0.0354 (0.0357)  loss_giou_pre: 0.4623 (0.4642)  loss_mal_enc_0: 0.7930 (0.7996)  loss_bbox_enc_0: 0.0374 (0.0372)  loss_giou_enc_0: 0.4835 (0.4825)  loss_mal_dn_0: 0.7152 (0.7162)  loss_bbox_dn_0: 0.0358 (0.0360)  loss_giou_dn_0: 0.4695 (0.4703)  loss_fgl_dn_0: 1.2546 (1.2514)  loss_ddf_dn_0: 0.1133 (0.1141)  loss_mal_dn_1: 0.6468 (0.6426)  loss_bbox_dn_1: 0.0276 (0.0278)  loss_giou_dn_1: 0.3801 (0.3752)  loss_fgl_dn_1: 1.2028 (1.2035)  loss_ddf_dn_1: 0.0042 (0.0042)  loss_mal_dn_2: 0.6431 (0.6390)  loss_bbox_dn_2: 0.0275 (0.0277)  loss_giou_dn_2: 0.3803 (0.3743)  loss_fgl_dn_2: 1.2011 (1.2037)  loss_ddf_dn_2: -0.0000 (0.0000)  loss_mal_dn_pre: 0.7156 (0.7157)  loss_bbox_dn_pre: 0.0356 (0.0359)  loss_giou_dn_pre: 0.4710 (0.4698)  time: 0.5621  data: 0.0381  max mem: 5225
Epoch: [7/30]  [20/44]  eta: 0:00:13  lr: 0.000100  loss: 18.0389 (18.0594)  loss_mal: 0.6653 (0.6686)  loss_bbox: 0.0334 (0.0343)  loss_giou: 0.4399 (0.4495)  loss_fgl: 1.2530 (1.2524)  loss_mal_aux_0: 0.7335 (0.7244)  loss_bbox_aux_0: 0.0349 (0.0349)  loss_giou_aux_0: 0.4526 (0.4557)  loss_fgl_aux_0: 1.2566 (1.2565)  loss_ddf_aux_0: 0.0092 (0.0094)  loss_mal_aux_1: 0.6710 (0.6705)  loss_bbox_aux_1: 0.0337 (0.0341)  loss_giou_aux_1: 0.4395 (0.4477)  loss_fgl_aux_1: 1.2517 (1.2523)  loss_ddf_aux_1: 0.0012 (0.0014)  loss_mal_pre: 0.7311 (0.7234)  loss_bbox_pre: 0.0351 (0.0350)  loss_giou_pre: 0.4499 (0.4570)  loss_mal_enc_0: 0.7916 (0.7956)  loss_bbox_enc_0: 0.0371 (0.0368)  loss_giou_enc_0: 0.4674 (0.4769)  loss_mal_dn_0: 0.7127 (0.7107)  loss_bbox_dn_0: 0.0349 (0.0350)  loss_giou_dn_0: 0.4616 (0.4592)  loss_fgl_dn_0: 1.2552 (1.2555)  loss_ddf_dn_0: 0.1118 (0.1130)  loss_mal_dn_1: 0.6355 (0.6368)  loss_bbox_dn_1: 0.0265 (0.0271)  loss_giou_dn_1: 0.3648 (0.3669)  loss_fgl_dn_1: 1.2000 (1.2022)  loss_ddf_dn_1: 0.0034 (0.0037)  loss_mal_dn_2: 0.6300 (0.6339)  loss_bbox_dn_2: 0.0265 (0.0271)  loss_giou_dn_2: 0.3605 (0.3661)  loss_fgl_dn_2: 1.1997 (1.2020)  loss_ddf_dn_2: -0.0000 (0.0000)  loss_mal_dn_pre: 0.7107 (0.7106)  loss_bbox_dn_pre: 0.0350 (0.0349)  loss_giou_dn_pre: 0.4609 (0.4584)  time: 0.5456  data: 0.0180  max mem: 5225
Epoch: [7/30]  [30/44]  eta: 0:00:07  lr: 0.000100  loss: 18.0389 (18.1141)  loss_mal: 0.6669 (0.6698)  loss_bbox: 0.0351 (0.0348)  loss_giou: 0.4459 (0.4574)  loss_fgl: 1.2510 (1.2519)  loss_mal_aux_0: 0.7233 (0.7256)  loss_bbox_aux_0: 0.0358 (0.0355)  loss_giou_aux_0: 0.4526 (0.4642)  loss_fgl_aux_0: 1.2545 (1.2551)  loss_ddf_aux_0: 0.0095 (0.0096)  loss_mal_aux_1: 0.6706 (0.6722)  loss_bbox_aux_1: 0.0352 (0.0348)  loss_giou_aux_1: 0.4451 (0.4565)  loss_fgl_aux_1: 1.2509 (1.2519)  loss_ddf_aux_1: 0.0011 (0.0013)  loss_mal_pre: 0.7253 (0.7245)  loss_bbox_pre: 0.0357 (0.0356)  loss_giou_pre: 0.4557 (0.4648)  loss_mal_enc_0: 0.7916 (0.7948)  loss_bbox_enc_0: 0.0374 (0.0376)  loss_giou_enc_0: 0.4895 (0.4870)  loss_mal_dn_0: 0.7071 (0.7116)  loss_bbox_dn_0: 0.0341 (0.0351)  loss_giou_dn_0: 0.4524 (0.4615)  loss_fgl_dn_0: 1.2482 (1.2508)  loss_ddf_dn_0: 0.1149 (0.1175)  loss_mal_dn_1: 0.6346 (0.6383)  loss_bbox_dn_1: 0.0265 (0.0272)  loss_giou_dn_1: 0.3594 (0.3684)  loss_fgl_dn_1: 1.1952 (1.1992)  loss_ddf_dn_1: 0.0034 (0.0037)  loss_mal_dn_2: 0.6300 (0.6353)  loss_bbox_dn_2: 0.0265 (0.0271)  loss_giou_dn_2: 0.3591 (0.3674)  loss_fgl_dn_2: 1.1966 (1.1990)  loss_ddf_dn_2: -0.0000 (0.0000)  loss_mal_dn_pre: 0.7071 (0.7116)  loss_bbox_dn_pre: 0.0339 (0.0350)  loss_giou_dn_pre: 0.4494 (0.4605)  time: 0.5702  data: 0.0185  max mem: 5225
Epoch: [7/30]  [40/44]  eta: 0:00:02  lr: 0.000100  loss: 18.1373 (18.1769)  loss_mal: 0.6721 (0.6729)  loss_bbox: 0.0360 (0.0358)  loss_giou: 0.4748 (0.4660)  loss_fgl: 1.2508 (1.2505)  loss_mal_aux_0: 0.7284 (0.7233)  loss_bbox_aux_0: 0.0368 (0.0363)  loss_giou_aux_0: 0.4679 (0.4720)  loss_fgl_aux_0: 1.2507 (1.2540)  loss_ddf_aux_0: 0.0089 (0.0093)  loss_mal_aux_1: 0.6761 (0.6761)  loss_bbox_aux_1: 0.0359 (0.0357)  loss_giou_aux_1: 0.4682 (0.4651)  loss_fgl_aux_1: 1.2483 (1.2505)  loss_ddf_aux_1: 0.0011 (0.0012)  loss_mal_pre: 0.7278 (0.7224)  loss_bbox_pre: 0.0367 (0.0363)  loss_giou_pre: 0.4706 (0.4722)  loss_mal_enc_0: 0.7813 (0.7901)  loss_bbox_enc_0: 0.0388 (0.0380)  loss_giou_enc_0: 0.4943 (0.4908)  loss_mal_dn_0: 0.7087 (0.7131)  loss_bbox_dn_0: 0.0361 (0.0357)  loss_giou_dn_0: 0.4577 (0.4670)  loss_fgl_dn_0: 1.2425 (1.2494)  loss_ddf_dn_0: 0.1201 (0.1173)  loss_mal_dn_1: 0.6392 (0.6415)  loss_bbox_dn_1: 0.0277 (0.0277)  loss_giou_dn_1: 0.3682 (0.3731)  loss_fgl_dn_1: 1.1919 (1.1980)  loss_ddf_dn_1: 0.0037 (0.0038)  loss_mal_dn_2: 0.6362 (0.6385)  loss_bbox_dn_2: 0.0275 (0.0277)  loss_giou_dn_2: 0.3645 (0.3727)  loss_fgl_dn_2: 1.1950 (1.1981)  loss_ddf_dn_2: -0.0000 (0.0000)  loss_mal_dn_pre: 0.7100 (0.7130)  loss_bbox_dn_pre: 0.0355 (0.0356)  loss_giou_dn_pre: 0.4565 (0.4661)  time: 0.5948  data: 0.0168  max mem: 5225
Epoch: [7/30]  [43/44]  eta: 0:00:00  lr: 0.000100  loss: 18.0957 (18.1931)  loss_mal: 0.6720 (0.6732)  loss_bbox: 0.0360 (0.0360)  loss_giou: 0.4748 (0.4665)  loss_fgl: 1.2508 (1.2517)  loss_mal_aux_0: 0.7203 (0.7223)  loss_bbox_aux_0: 0.0378 (0.0366)  loss_giou_aux_0: 0.4678 (0.4727)  loss_fgl_aux_0: 1.2507 (1.2548)  loss_ddf_aux_0: 0.0084 (0.0091)  loss_mal_aux_1: 0.6792 (0.6767)  loss_bbox_aux_1: 0.0360 (0.0359)  loss_giou_aux_1: 0.4682 (0.4656)  loss_fgl_aux_1: 1.2501 (1.2517)  loss_ddf_aux_1: 0.0010 (0.0012)  loss_mal_pre: 0.7182 (0.7216)  loss_bbox_pre: 0.0374 (0.0366)  loss_giou_pre: 0.4649 (0.4733)  loss_mal_enc_0: 0.7775 (0.7892)  loss_bbox_enc_0: 0.0391 (0.0384)  loss_giou_enc_0: 0.5024 (0.4928)  loss_mal_dn_0: 0.7114 (0.7130)  loss_bbox_dn_0: 0.0361 (0.0359)  loss_giou_dn_0: 0.4601 (0.4672)  loss_fgl_dn_0: 1.2463 (1.2504)  loss_ddf_dn_0: 0.1212 (0.1179)  loss_mal_dn_1: 0.6395 (0.6423)  loss_bbox_dn_1: 0.0288 (0.0279)  loss_giou_dn_1: 0.3706 (0.3740)  loss_fgl_dn_1: 1.1952 (1.1996)  loss_ddf_dn_1: 0.0037 (0.0038)  loss_mal_dn_2: 0.6372 (0.6391)  loss_bbox_dn_2: 0.0286 (0.0278)  loss_giou_dn_2: 0.3673 (0.3735)  loss_fgl_dn_2: 1.1965 (1.1996)  loss_ddf_dn_2: -0.0000 (0.0000)  loss_mal_dn_pre: 0.7111 (0.7130)  loss_bbox_dn_pre: 0.0356 (0.0358)  loss_giou_dn_pre: 0.4586 (0.4663)  time: 0.5892  data: 0.0163  max mem: 5225
Epoch: [7/30] Total time: 0:00:25 (0.5738 s / it)
Averaged stats: lr: 0.000100  loss: 18.0957 (18.1931)  loss_mal: 0.6720 (0.6732)  loss_bbox: 0.0360 (0.0360)  loss_giou: 0.4748 (0.4665)  loss_fgl: 1.2508 (1.2517)  loss_mal_aux_0: 0.7203 (0.7223)  loss_bbox_aux_0: 0.0378 (0.0366)  loss_giou_aux_0: 0.4678 (0.4727)  loss_fgl_aux_0: 1.2507 (1.2548)  loss_ddf_aux_0: 0.0084 (0.0091)  loss_mal_aux_1: 0.6792 (0.6767)  loss_bbox_aux_1: 0.0360 (0.0359)  loss_giou_aux_1: 0.4682 (0.4656)  loss_fgl_aux_1: 1.2501 (1.2517)  loss_ddf_aux_1: 0.0010 (0.0012)  loss_mal_pre: 0.7182 (0.7216)  loss_bbox_pre: 0.0374 (0.0366)  loss_giou_pre: 0.4649 (0.4733)  loss_mal_enc_0: 0.7775 (0.7892)  loss_bbox_enc_0: 0.0391 (0.0384)  loss_giou_enc_0: 0.5024 (0.4928)  loss_mal_dn_0: 0.7114 (0.7130)  loss_bbox_dn_0: 0.0361 (0.0359)  loss_giou_dn_0: 0.4601 (0.4672)  loss_fgl_dn_0: 1.2463 (1.2504)  loss_ddf_dn_0: 0.1212 (0.1179)  loss_mal_dn_1: 0.6395 (0.6423)  loss_bbox_dn_1: 0.0288 (0.0279)  loss_giou_dn_1: 0.3706 (0.3740)  loss_fgl_dn_1: 1.1952 (1.1996)  loss_ddf_dn_1: 0.0037 (0.0038)  loss_mal_dn_2: 0.6372 (0.6391)  loss_bbox_dn_2: 0.0286 (0.0278)  loss_giou_dn_2: 0.3673 (0.3735)  loss_fgl_dn_2: 1.1965 (1.1996)  loss_ddf_dn_2: -0.0000 (0.0000)  loss_mal_dn_pre: 0.7111 (0.7130)  loss_bbox_dn_pre: 0.0356 (0.0358)  loss_giou_dn_pre: 0.4586 (0.4663)
Test:  [0/9]  eta: 0:00:04    time: 0.4599  data: 0.2515  max mem: 5225
Test:  [8/9]  eta: 0:00:00    time: 0.1740  data: 0.0414  max mem: 5225
Test: Total time: 0:00:01 (0.1793 s / it)
Metrics: {'f1': 0.9825783972125435, 'precision': 0.986013986013986, 'recall': 0.9791666666666666, 'iou': 0.6852702469858405, 'TPs': 141, 'FPs': 2, 'FNs': 3}
Averaged stats: 
Accumulating evaluation results...
COCOeval_opt.accumulate() finished...
DONE (t=0.01s).
IoU metric: bbox
 Average Precision  (AP) @[ IoU=0.50:0.95 | area=   all | maxDets=100 ] = 0.386
 Average Precision  (AP) @[ IoU=0.50      | area=   all | maxDets=100 ] = 0.981
 Average Precision  (AP) @[ IoU=0.75      | area=   all | maxDets=100 ] = 0.173
 Average Precision  (AP) @[ IoU=0.50:0.95 | area= small | maxDets=100 ] = 0.387
 Average Precision  (AP) @[ IoU=0.50:0.95 | area=medium | maxDets=100 ] = -1.000
 Average Precision  (AP) @[ IoU=0.50:0.95 | area= large | maxDets=100 ] = -1.000
 Average Recall     (AR) @[ IoU=0.50:0.95 | area=   all | maxDets=  1 ] = 0.210
 Average Recall     (AR) @[ IoU=0.50:0.95 | area=   all | maxDets= 10 ] = 0.504
 Average Recall     (AR) @[ IoU=0.50:0.95 | area=   all | maxDets=100 ] = 0.600
 Average Recall     (AR) @[ IoU=0.50:0.95 | area= small | maxDets=100 ] = 0.600
 Average Recall     (AR) @[ IoU=0.50:0.95 | area=medium | maxDets=100 ] = -1.000
 Average Recall     (AR) @[ IoU=0.50:0.95 | area= large | maxDets=100 ] = -1.000
 Average Recall     (AR) @[ IoU=0.50      | area=   all | maxDets=100 ] = 1.000
 Average Recall     (AR) @[ IoU=0.75      | area=   all | maxDets=100 ] = 0.646
best_stat: {'epoch': 7, 'coco_eval_bbox': 0.3864993927202564}
Epoch: [8/30]  [ 0/44]  eta: 0:00:33  lr: 0.000100  loss: 18.0710 (18.0710)  loss_mal: 0.6779 (0.6779)  loss_bbox: 0.0294 (0.0294)  loss_giou: 0.4092 (0.4092)  loss_fgl: 1.2741 (1.2741)  loss_mal_aux_0: 0.7331 (0.7331)  loss_bbox_aux_0: 0.0297 (0.0297)  loss_giou_aux_0: 0.4181 (0.4181)  loss_fgl_aux_0: 1.2777 (1.2777)  loss_ddf_aux_0: 0.0082 (0.0082)  loss_mal_aux_1: 0.6870 (0.6870)  loss_bbox_aux_1: 0.0293 (0.0293)  loss_giou_aux_1: 0.4070 (0.4070)  loss_fgl_aux_1: 1.2753 (1.2753)  loss_ddf_aux_1: 0.0008 (0.0008)  loss_mal_pre: 0.7371 (0.7371)  loss_bbox_pre: 0.0298 (0.0298)  loss_giou_pre: 0.4223 (0.4223)  loss_mal_enc_0: 0.8236 (0.8236)  loss_bbox_enc_0: 0.0318 (0.0318)  loss_giou_enc_0: 0.4429 (0.4429)  loss_mal_dn_0: 0.7121 (0.7121)  loss_bbox_dn_0: 0.0325 (0.0325)  loss_giou_dn_0: 0.4552 (0.4552)  loss_fgl_dn_0: 1.2662 (1.2662)  loss_ddf_dn_0: 0.1231 (0.1231)  loss_mal_dn_1: 0.6508 (0.6508)  loss_bbox_dn_1: 0.0261 (0.0261)  loss_giou_dn_1: 0.3778 (0.3778)  loss_fgl_dn_1: 1.2105 (1.2105)  loss_ddf_dn_1: 0.0035 (0.0035)  loss_mal_dn_2: 0.6479 (0.6479)  loss_bbox_dn_2: 0.0263 (0.0263)  loss_giou_dn_2: 0.3783 (0.3783)  loss_fgl_dn_2: 1.2116 (1.2116)  loss_ddf_dn_2: -0.0000 (0.0000)  loss_mal_dn_pre: 0.7135 (0.7135)  loss_bbox_dn_pre: 0.0327 (0.0327)  loss_giou_dn_pre: 0.4584 (0.4584)  time: 0.7541  data: 0.2771  max mem: 5225
Epoch: [8/30]  [10/44]  eta: 0:00:18  lr: 0.000100  loss: 18.0710 (18.1833)  loss_mal: 0.6779 (0.6802)  loss_bbox: 0.0363 (0.0352)  loss_giou: 0.4410 (0.4562)  loss_fgl: 1.2548 (1.2591)  loss_mal_aux_0: 0.7364 (0.7430)  loss_bbox_aux_0: 0.0363 (0.0358)  loss_giou_aux_0: 0.4574 (0.4632)  loss_fgl_aux_0: 1.2620 (1.2622)  loss_ddf_aux_0: 0.0077 (0.0078)  loss_mal_aux_1: 0.6854 (0.6871)  loss_bbox_aux_1: 0.0360 (0.0352)  loss_giou_aux_1: 0.4372 (0.4559)  loss_fgl_aux_1: 1.2553 (1.2595)  loss_ddf_aux_1: 0.0008 (0.0008)  loss_mal_pre: 0.7383 (0.7412)  loss_bbox_pre: 0.0367 (0.0358)  loss_giou_pre: 0.4586 (0.4642)  loss_mal_enc_0: 0.7832 (0.7791)  loss_bbox_enc_0: 0.0390 (0.0382)  loss_giou_enc_0: 0.4853 (0.4910)  loss_mal_dn_0: 0.7115 (0.7117)  loss_bbox_dn_0: 0.0370 (0.0352)  loss_giou_dn_0: 0.4587 (0.4614)  loss_fgl_dn_0: 1.2623 (1.2628)  loss_ddf_dn_0: 0.1392 (0.1353)  loss_mal_dn_1: 0.6345 (0.6343)  loss_bbox_dn_1: 0.0274 (0.0266)  loss_giou_dn_1: 0.3621 (0.3593)  loss_fgl_dn_1: 1.1997 (1.2003)  loss_ddf_dn_1: 0.0047 (0.0044)  loss_mal_dn_2: 0.6333 (0.6317)  loss_bbox_dn_2: 0.0271 (0.0265)  loss_giou_dn_2: 0.3587 (0.3571)  loss_fgl_dn_2: 1.1971 (1.1990)  loss_ddf_dn_2: -0.0000 (0.0000)  loss_mal_dn_pre: 0.7113 (0.7116)  loss_bbox_dn_pre: 0.0368 (0.0351)  loss_giou_dn_pre: 0.4584 (0.4603)  time: 0.5493  data: 0.0389  max mem: 5225
Epoch: [8/30]  [20/44]  eta: 0:00:13  lr: 0.000100  loss: 17.8773 (17.9543)  loss_mal: 0.6624 (0.6690)  loss_bbox: 0.0330 (0.0338)  loss_giou: 0.4363 (0.4424)  loss_fgl: 1.2519 (1.2535)  loss_mal_aux_0: 0.7218 (0.7237)  loss_bbox_aux_0: 0.0340 (0.0345)  loss_giou_aux_0: 0.4463 (0.4509)  loss_fgl_aux_0: 1.2565 (1.2563)  loss_ddf_aux_0: 0.0077 (0.0079)  loss_mal_aux_1: 0.6673 (0.6747)  loss_bbox_aux_1: 0.0333 (0.0338)  loss_giou_aux_1: 0.4368 (0.4428)  loss_fgl_aux_1: 1.2531 (1.2539)  loss_ddf_aux_1: 0.0008 (0.0008)  loss_mal_pre: 0.7195 (0.7230)  loss_bbox_pre: 0.0342 (0.0344)  loss_giou_pre: 0.4493 (0.4509)  loss_mal_enc_0: 0.7722 (0.7740)  loss_bbox_enc_0: 0.0362 (0.0369)  loss_giou_enc_0: 0.4713 (0.4795)  loss_mal_dn_0: 0.7058 (0.7079)  loss_bbox_dn_0: 0.0334 (0.0341)  loss_giou_dn_0: 0.4411 (0.4502)  loss_fgl_dn_0: 1.2511 (1.2556)  loss_ddf_dn_0: 0.1215 (0.1236)  loss_mal_dn_1: 0.6292 (0.6317)  loss_bbox_dn_1: 0.0259 (0.0262)  loss_giou_dn_1: 0.3488 (0.3554)  loss_fgl_dn_1: 1.1952 (1.1953)  loss_ddf_dn_1: 0.0036 (0.0038)  loss_mal_dn_2: 0.6228 (0.6287)  loss_bbox_dn_2: 0.0257 (0.0261)  loss_giou_dn_2: 0.3456 (0.3535)  loss_fgl_dn_2: 1.1911 (1.1943)  loss_ddf_dn_2: -0.0000 (0.0000)  loss_mal_dn_pre: 0.7063 (0.7080)  loss_bbox_dn_pre: 0.0333 (0.0340)  loss_giou_dn_pre: 0.4401 (0.4492)  time: 0.5459  data: 0.0154  max mem: 5225
Epoch: [8/30]  [30/44]  eta: 0:00:07  lr: 0.000100  loss: 17.7812 (18.0116)  loss_mal: 0.6608 (0.6695)  loss_bbox: 0.0330 (0.0345)  loss_giou: 0.4404 (0.4495)  loss_fgl: 1.2479 (1.2521)  loss_mal_aux_0: 0.7088 (0.7238)  loss_bbox_aux_0: 0.0346 (0.0352)  loss_giou_aux_0: 0.4513 (0.4582)  loss_fgl_aux_0: 1.2544 (1.2540)  loss_ddf_aux_0: 0.0083 (0.0082)  loss_mal_aux_1: 0.6628 (0.6752)  loss_bbox_aux_1: 0.0333 (0.0346)  loss_giou_aux_1: 0.4433 (0.4501)  loss_fgl_aux_1: 1.2491 (1.2521)  loss_ddf_aux_1: 0.0008 (0.0008)  loss_mal_pre: 0.7096 (0.7226)  loss_bbox_pre: 0.0344 (0.0352)  loss_giou_pre: 0.4493 (0.4583)  loss_mal_enc_0: 0.7783 (0.7775)  loss_bbox_enc_0: 0.0365 (0.0376)  loss_giou_enc_0: 0.4754 (0.4857)  loss_mal_dn_0: 0.7064 (0.7102)  loss_bbox_dn_0: 0.0337 (0.0345)  loss_giou_dn_0: 0.4381 (0.4535)  loss_fgl_dn_0: 1.2472 (1.2555)  loss_ddf_dn_0: 0.1135 (0.1229)  loss_mal_dn_1: 0.6277 (0.6327)  loss_bbox_dn_1: 0.0260 (0.0265)  loss_giou_dn_1: 0.3497 (0.3577)  loss_fgl_dn_1: 1.1895 (1.1953)  loss_ddf_dn_1: 0.0029 (0.0035)  loss_mal_dn_2: 0.6248 (0.6300)  loss_bbox_dn_2: 0.0259 (0.0264)  loss_giou_dn_2: 0.3490 (0.3563)  loss_fgl_dn_2: 1.1880 (1.1947)  loss_ddf_dn_2: -0.0000 (0.0000)  loss_mal_dn_pre: 0.7070 (0.7102)  loss_bbox_dn_pre: 0.0336 (0.0344)  loss_giou_dn_pre: 0.4397 (0.4526)  time: 0.5622  data: 0.0157  max mem: 5225
Epoch: [8/30]  [40/44]  eta: 0:00:02  lr: 0.000100  loss: 17.8292 (17.9504)  loss_mal: 0.6666 (0.6670)  loss_bbox: 0.0337 (0.0342)  loss_giou: 0.4329 (0.4455)  loss_fgl: 1.2476 (1.2511)  loss_mal_aux_0: 0.7095 (0.7203)  loss_bbox_aux_0: 0.0345 (0.0349)  loss_giou_aux_0: 0.4511 (0.4541)  loss_fgl_aux_0: 1.2548 (1.2535)  loss_ddf_aux_0: 0.0088 (0.0085)  loss_mal_aux_1: 0.6692 (0.6721)  loss_bbox_aux_1: 0.0340 (0.0342)  loss_giou_aux_1: 0.4363 (0.4459)  loss_fgl_aux_1: 1.2480 (1.2512)  loss_ddf_aux_1: 0.0007 (0.0008)  loss_mal_pre: 0.7082 (0.7195)  loss_bbox_pre: 0.0344 (0.0349)  loss_giou_pre: 0.4535 (0.4547)  loss_mal_enc_0: 0.7787 (0.7778)  loss_bbox_enc_0: 0.0348 (0.0371)  loss_giou_enc_0: 0.4754 (0.4804)  loss_mal_dn_0: 0.7032 (0.7081)  loss_bbox_dn_0: 0.0354 (0.0345)  loss_giou_dn_0: 0.4494 (0.4523)  loss_fgl_dn_0: 1.2472 (1.2507)  loss_ddf_dn_0: 0.1193 (0.1222)  loss_mal_dn_1: 0.6287 (0.6313)  loss_bbox_dn_1: 0.0276 (0.0265)  loss_giou_dn_1: 0.3555 (0.3572)  loss_fgl_dn_1: 1.1905 (1.1915)  loss_ddf_dn_1: 0.0029 (0.0035)  loss_mal_dn_2: 0.6255 (0.6285)  loss_bbox_dn_2: 0.0276 (0.0264)  loss_giou_dn_2: 0.3535 (0.3558)  loss_fgl_dn_2: 1.1880 (1.1907)  loss_ddf_dn_2: -0.0000 (0.0000)  loss_mal_dn_pre: 0.7038 (0.7081)  loss_bbox_dn_pre: 0.0351 (0.0344)  loss_giou_dn_pre: 0.4468 (0.4513)  time: 0.5605  data: 0.0157  max mem: 5225
Epoch: [8/30]  [43/44]  eta: 0:00:00  lr: 0.000100  loss: 17.8292 (17.8881)  loss_mal: 0.6713 (0.6654)  loss_bbox: 0.0328 (0.0337)  loss_giou: 0.4310 (0.4403)  loss_fgl: 1.2497 (1.2506)  loss_mal_aux_0: 0.7072 (0.7176)  loss_bbox_aux_0: 0.0339 (0.0344)  loss_giou_aux_0: 0.4315 (0.4480)  loss_fgl_aux_0: 1.2560 (1.2531)  loss_ddf_aux_0: 0.0087 (0.0085)  loss_mal_aux_1: 0.6692 (0.6706)  loss_bbox_aux_1: 0.0332 (0.0338)  loss_giou_aux_1: 0.4272 (0.4408)  loss_fgl_aux_1: 1.2484 (1.2507)  loss_ddf_aux_1: 0.0007 (0.0008)  loss_mal_pre: 0.7060 (0.7171)  loss_bbox_pre: 0.0338 (0.0344)  loss_giou_pre: 0.4294 (0.4486)  loss_mal_enc_0: 0.7792 (0.7769)  loss_bbox_enc_0: 0.0345 (0.0367)  loss_giou_enc_0: 0.4520 (0.4748)  loss_mal_dn_0: 0.7016 (0.7066)  loss_bbox_dn_0: 0.0351 (0.0341)  loss_giou_dn_0: 0.4471 (0.4483)  loss_fgl_dn_0: 1.2458 (1.2496)  loss_ddf_dn_0: 0.1193 (0.1214)  loss_mal_dn_1: 0.6300 (0.6302)  loss_bbox_dn_1: 0.0269 (0.0263)  loss_giou_dn_1: 0.3555 (0.3551)  loss_fgl_dn_1: 1.1893 (1.1910)  loss_ddf_dn_1: 0.0030 (0.0035)  loss_mal_dn_2: 0.6275 (0.6272)  loss_bbox_dn_2: 0.0268 (0.0262)  loss_giou_dn_2: 0.3535 (0.3536)  loss_fgl_dn_2: 1.1854 (1.1900)  loss_ddf_dn_2: -0.0000 (0.0000)  loss_mal_dn_pre: 0.7023 (0.7068)  loss_bbox_dn_pre: 0.0350 (0.0341)  loss_giou_dn_pre: 0.4467 (0.4474)  time: 0.5586  data: 0.0155  max mem: 5225
Epoch: [8/30] Total time: 0:00:24 (0.5579 s / it)
Averaged stats: lr: 0.000100  loss: 17.8292 (17.8881)  loss_mal: 0.6713 (0.6654)  loss_bbox: 0.0328 (0.0337)  loss_giou: 0.4310 (0.4403)  loss_fgl: 1.2497 (1.2506)  loss_mal_aux_0: 0.7072 (0.7176)  loss_bbox_aux_0: 0.0339 (0.0344)  loss_giou_aux_0: 0.4315 (0.4480)  loss_fgl_aux_0: 1.2560 (1.2531)  loss_ddf_aux_0: 0.0087 (0.0085)  loss_mal_aux_1: 0.6692 (0.6706)  loss_bbox_aux_1: 0.0332 (0.0338)  loss_giou_aux_1: 0.4272 (0.4408)  loss_fgl_aux_1: 1.2484 (1.2507)  loss_ddf_aux_1: 0.0007 (0.0008)  loss_mal_pre: 0.7060 (0.7171)  loss_bbox_pre: 0.0338 (0.0344)  loss_giou_pre: 0.4294 (0.4486)  loss_mal_enc_0: 0.7792 (0.7769)  loss_bbox_enc_0: 0.0345 (0.0367)  loss_giou_enc_0: 0.4520 (0.4748)  loss_mal_dn_0: 0.7016 (0.7066)  loss_bbox_dn_0: 0.0351 (0.0341)  loss_giou_dn_0: 0.4471 (0.4483)  loss_fgl_dn_0: 1.2458 (1.2496)  loss_ddf_dn_0: 0.1193 (0.1214)  loss_mal_dn_1: 0.6300 (0.6302)  loss_bbox_dn_1: 0.0269 (0.0263)  loss_giou_dn_1: 0.3555 (0.3551)  loss_fgl_dn_1: 1.1893 (1.1910)  loss_ddf_dn_1: 0.0030 (0.0035)  loss_mal_dn_2: 0.6275 (0.6272)  loss_bbox_dn_2: 0.0268 (0.0262)  loss_giou_dn_2: 0.3535 (0.3536)  loss_fgl_dn_2: 1.1854 (1.1900)  loss_ddf_dn_2: -0.0000 (0.0000)  loss_mal_dn_pre: 0.7023 (0.7068)  loss_bbox_dn_pre: 0.0350 (0.0341)  loss_giou_dn_pre: 0.4467 (0.4474)
Test:  [0/9]  eta: 0:00:03    time: 0.3864  data: 0.2630  max mem: 5225
Test:  [8/9]  eta: 0:00:00    time: 0.1331  data: 0.0413  max mem: 5225
Test: Total time: 0:00:01 (0.1383 s / it)
Metrics: {'f1': 0.9791666666666666, 'precision': 0.9791666666666666, 'recall': 0.9791666666666666, 'iou': 0.6800556803236202, 'TPs': 141, 'FPs': 3, 'FNs': 3}
Averaged stats: 
Accumulating evaluation results...
COCOeval_opt.accumulate() finished...
DONE (t=0.01s).
IoU metric: bbox
 Average Precision  (AP) @[ IoU=0.50:0.95 | area=   all | maxDets=100 ] = 0.377
 Average Precision  (AP) @[ IoU=0.50      | area=   all | maxDets=100 ] = 0.976
 Average Precision  (AP) @[ IoU=0.75      | area=   all | maxDets=100 ] = 0.144
 Average Precision  (AP) @[ IoU=0.50:0.95 | area= small | maxDets=100 ] = 0.377
 Average Precision  (AP) @[ IoU=0.50:0.95 | area=medium | maxDets=100 ] = -1.000
 Average Precision  (AP) @[ IoU=0.50:0.95 | area= large | maxDets=100 ] = -1.000
 Average Recall     (AR) @[ IoU=0.50:0.95 | area=   all | maxDets=  1 ] = 0.211
 Average Recall     (AR) @[ IoU=0.50:0.95 | area=   all | maxDets= 10 ] = 0.493
 Average Recall     (AR) @[ IoU=0.50:0.95 | area=   all | maxDets=100 ] = 0.598
 Average Recall     (AR) @[ IoU=0.50:0.95 | area= small | maxDets=100 ] = 0.598
 Average Recall     (AR) @[ IoU=0.50:0.95 | area=medium | maxDets=100 ] = -1.000
 Average Recall     (AR) @[ IoU=0.50:0.95 | area= large | maxDets=100 ] = -1.000
 Average Recall     (AR) @[ IoU=0.50      | area=   all | maxDets=100 ] = 1.000
 Average Recall     (AR) @[ IoU=0.75      | area=   all | maxDets=100 ] = 0.667
best_stat: {'epoch': 7, 'coco_eval_bbox': 0.3864993927202564}
Epoch: [9/30]  [ 0/44]  eta: 0:00:30  lr: 0.000100  loss: 17.3464 (17.3464)  loss_mal: 0.6361 (0.6361)  loss_bbox: 0.0338 (0.0338)  loss_giou: 0.3937 (0.3937)  loss_fgl: 1.2404 (1.2404)  loss_mal_aux_0: 0.6941 (0.6941)  loss_bbox_aux_0: 0.0363 (0.0363)  loss_giou_aux_0: 0.4197 (0.4197)  loss_fgl_aux_0: 1.2521 (1.2521)  loss_ddf_aux_0: 0.0075 (0.0075)  loss_mal_aux_1: 0.6381 (0.6381)  loss_bbox_aux_1: 0.0337 (0.0337)  loss_giou_aux_1: 0.3920 (0.3920)  loss_fgl_aux_1: 1.2415 (1.2415)  loss_ddf_aux_1: 0.0009 (0.0009)  loss_mal_pre: 0.6964 (0.6964)  loss_bbox_pre: 0.0369 (0.0369)  loss_giou_pre: 0.4248 (0.4248)  loss_mal_enc_0: 0.7891 (0.7891)  loss_bbox_enc_0: 0.0384 (0.0384)  loss_giou_enc_0: 0.4444 (0.4444)  loss_mal_dn_0: 0.6807 (0.6807)  loss_bbox_dn_0: 0.0366 (0.0366)  loss_giou_dn_0: 0.4235 (0.4235)  loss_fgl_dn_0: 1.2480 (1.2480)  loss_ddf_dn_0: 0.1379 (0.1379)  loss_mal_dn_1: 0.6010 (0.6010)  loss_bbox_dn_1: 0.0262 (0.0262)  loss_giou_dn_1: 0.3142 (0.3142)  loss_fgl_dn_1: 1.1719 (1.1719)  loss_ddf_dn_1: 0.0060 (0.0060)  loss_mal_dn_2: 0.6004 (0.6004)  loss_bbox_dn_2: 0.0262 (0.0262)  loss_giou_dn_2: 0.3134 (0.3134)  loss_fgl_dn_2: 1.1716 (1.1716)  loss_ddf_dn_2: -0.0000 (0.0000)  loss_mal_dn_pre: 0.6811 (0.6811)  loss_bbox_dn_pre: 0.0364 (0.0364)  loss_giou_dn_pre: 0.4214 (0.4214)  time: 0.6972  data: 0.2359  max mem: 5225
Epoch: [9/30]  [10/44]  eta: 0:00:17  lr: 0.000100  loss: 16.9818 (17.0258)  loss_mal: 0.6361 (0.6336)  loss_bbox: 0.0270 (0.0286)  loss_giou: 0.3656 (0.3682)  loss_fgl: 1.2310 (1.2294)  loss_mal_aux_0: 0.6972 (0.6911)  loss_bbox_aux_0: 0.0288 (0.0297)  loss_giou_aux_0: 0.3876 (0.3819)  loss_fgl_aux_0: 1.2420 (1.2402)  loss_ddf_aux_0: 0.0095 (0.0098)  loss_mal_aux_1: 0.6381 (0.6397)  loss_bbox_aux_1: 0.0275 (0.0286)  loss_giou_aux_1: 0.3662 (0.3684)  loss_fgl_aux_1: 1.2312 (1.2297)  loss_ddf_aux_1: 0.0009 (0.0009)  loss_mal_pre: 0.6972 (0.6909)  loss_bbox_pre: 0.0285 (0.0299)  loss_giou_pre: 0.3864 (0.3835)  loss_mal_enc_0: 0.7684 (0.7696)  loss_bbox_enc_0: 0.0317 (0.0324)  loss_giou_enc_0: 0.4318 (0.4127)  loss_mal_dn_0: 0.6835 (0.6861)  loss_bbox_dn_0: 0.0304 (0.0309)  loss_giou_dn_0: 0.3843 (0.3982)  loss_fgl_dn_0: 1.2480 (1.2445)  loss_ddf_dn_0: 0.1257 (0.1256)  loss_mal_dn_1: 0.6010 (0.6014)  loss_bbox_dn_1: 0.0237 (0.0237)  loss_giou_dn_1: 0.3142 (0.3130)  loss_fgl_dn_1: 1.1719 (1.1737)  loss_ddf_dn_1: 0.0048 (0.0046)  loss_mal_dn_2: 0.6021 (0.5998)  loss_bbox_dn_2: 0.0236 (0.0236)  loss_giou_dn_2: 0.3137 (0.3122)  loss_fgl_dn_2: 1.1716 (1.1734)  loss_ddf_dn_2: -0.0000 (0.0000)  loss_mal_dn_pre: 0.6862 (0.6869)  loss_bbox_dn_pre: 0.0308 (0.0310)  loss_giou_dn_pre: 0.3854 (0.3984)  time: 0.5098  data: 0.0361  max mem: 5225
Epoch: [9/30]  [20/44]  eta: 0:00:13  lr: 0.000100  loss: 17.4562 (17.3813)  loss_mal: 0.6461 (0.6444)  loss_bbox: 0.0286 (0.0303)  loss_giou: 0.3969 (0.3969)  loss_fgl: 1.2391 (1.2422)  loss_mal_aux_0: 0.6988 (0.6961)  loss_bbox_aux_0: 0.0301 (0.0313)  loss_giou_aux_0: 0.4051 (0.4087)  loss_fgl_aux_0: 1.2460 (1.2516)  loss_ddf_aux_0: 0.0095 (0.0094)  loss_mal_aux_1: 0.6525 (0.6499)  loss_bbox_aux_1: 0.0287 (0.0303)  loss_giou_aux_1: 0.3968 (0.3968)  loss_fgl_aux_1: 1.2383 (1.2423)  loss_ddf_aux_1: 0.0007 (0.0007)  loss_mal_pre: 0.6972 (0.6951)  loss_bbox_pre: 0.0300 (0.0314)  loss_giou_pre: 0.4038 (0.4087)  loss_mal_enc_0: 0.7733 (0.7727)  loss_bbox_enc_0: 0.0337 (0.0334)  loss_giou_enc_0: 0.4341 (0.4332)  loss_mal_dn_0: 0.6929 (0.6938)  loss_bbox_dn_0: 0.0304 (0.0318)  loss_giou_dn_0: 0.4159 (0.4167)  loss_fgl_dn_0: 1.2586 (1.2581)  loss_ddf_dn_0: 0.1192 (0.1216)  loss_mal_dn_1: 0.6127 (0.6124)  loss_bbox_dn_1: 0.0237 (0.0244)  loss_giou_dn_1: 0.3281 (0.3292)  loss_fgl_dn_1: 1.1878 (1.1893)  loss_ddf_dn_1: 0.0044 (0.0044)  loss_mal_dn_2: 0.6111 (0.6110)  loss_bbox_dn_2: 0.0236 (0.0244)  loss_giou_dn_2: 0.3290 (0.3287)  loss_fgl_dn_2: 1.1908 (1.1895)  loss_ddf_dn_2: -0.0000 (0.0000)  loss_mal_dn_pre: 0.6937 (0.6936)  loss_bbox_dn_pre: 0.0308 (0.0316)  loss_giou_dn_pre: 0.4139 (0.4153)  time: 0.5428  data: 0.0156  max mem: 5225
Epoch: [9/30]  [30/44]  eta: 0:00:07  lr: 0.000100  loss: 17.4908 (17.4528)  loss_mal: 0.6572 (0.6500)  loss_bbox: 0.0332 (0.0312)  loss_giou: 0.4198 (0.4057)  loss_fgl: 1.2393 (1.2409)  loss_mal_aux_0: 0.6921 (0.6974)  loss_bbox_aux_0: 0.0336 (0.0320)  loss_giou_aux_0: 0.4099 (0.4153)  loss_fgl_aux_0: 1.2462 (1.2491)  loss_ddf_aux_0: 0.0086 (0.0090)  loss_mal_aux_1: 0.6634 (0.6550)  loss_bbox_aux_1: 0.0332 (0.0313)  loss_giou_aux_1: 0.4105 (0.4062)  loss_fgl_aux_1: 1.2383 (1.2409)  loss_ddf_aux_1: 0.0007 (0.0007)  loss_mal_pre: 0.6914 (0.6968)  loss_bbox_pre: 0.0339 (0.0321)  loss_giou_pre: 0.4089 (0.4154)  loss_mal_enc_0: 0.7733 (0.7692)  loss_bbox_enc_0: 0.0343 (0.0339)  loss_giou_enc_0: 0.4352 (0.4365)  loss_mal_dn_0: 0.6984 (0.6958)  loss_bbox_dn_0: 0.0344 (0.0325)  loss_giou_dn_0: 0.4321 (0.4234)  loss_fgl_dn_0: 1.2511 (1.2502)  loss_ddf_dn_0: 0.1150 (0.1214)  loss_mal_dn_1: 0.6233 (0.6173)  loss_bbox_dn_1: 0.0265 (0.0252)  loss_giou_dn_1: 0.3429 (0.3367)  loss_fgl_dn_1: 1.1878 (1.1858)  loss_ddf_dn_1: 0.0045 (0.0045)  loss_mal_dn_2: 0.6205 (0.6154)  loss_bbox_dn_2: 0.0260 (0.0251)  loss_giou_dn_2: 0.3433 (0.3356)  loss_fgl_dn_2: 1.1913 (1.1853)  loss_ddf_dn_2: -0.0000 (0.0000)  loss_mal_dn_pre: 0.6980 (0.6958)  loss_bbox_dn_pre: 0.0343 (0.0324)  loss_giou_dn_pre: 0.4253 (0.4218)  time: 0.5834  data: 0.0150  max mem: 5225
Epoch: [9/30]  [40/44]  eta: 0:00:02  lr: 0.000100  loss: 17.6631 (17.5429)  loss_mal: 0.6601 (0.6538)  loss_bbox: 0.0308 (0.0311)  loss_giou: 0.4198 (0.4097)  loss_fgl: 1.2483 (1.2444)  loss_mal_aux_0: 0.6942 (0.7006)  loss_bbox_aux_0: 0.0313 (0.0319)  loss_giou_aux_0: 0.4251 (0.4189)  loss_fgl_aux_0: 1.2504 (1.2518)  loss_ddf_aux_0: 0.0085 (0.0089)  loss_mal_aux_1: 0.6620 (0.6584)  loss_bbox_aux_1: 0.0309 (0.0312)  loss_giou_aux_1: 0.4226 (0.4100)  loss_fgl_aux_1: 1.2494 (1.2444)  loss_ddf_aux_1: 0.0008 (0.0008)  loss_mal_pre: 0.6963 (0.6998)  loss_bbox_pre: 0.0316 (0.0319)  loss_giou_pre: 0.4177 (0.4189)  loss_mal_enc_0: 0.7656 (0.7711)  loss_bbox_enc_0: 0.0340 (0.0339)  loss_giou_enc_0: 0.4352 (0.4423)  loss_mal_dn_0: 0.7004 (0.6977)  loss_bbox_dn_0: 0.0329 (0.0326)  loss_giou_dn_0: 0.4388 (0.4303)  loss_fgl_dn_0: 1.2437 (1.2514)  loss_ddf_dn_0: 0.1240 (0.1239)  loss_mal_dn_1: 0.6298 (0.6211)  loss_bbox_dn_1: 0.0255 (0.0252)  loss_giou_dn_1: 0.3508 (0.3421)  loss_fgl_dn_1: 1.1868 (1.1883)  loss_ddf_dn_1: 0.0050 (0.0047)  loss_mal_dn_2: 0.6240 (0.6195)  loss_bbox_dn_2: 0.0253 (0.0251)  loss_giou_dn_2: 0.3504 (0.3407)  loss_fgl_dn_2: 1.1853 (1.1876)  loss_ddf_dn_2: -0.0000 (0.0000)  loss_mal_dn_pre: 0.6999 (0.6977)  loss_bbox_dn_pre: 0.0330 (0.0325)  loss_giou_dn_pre: 0.4367 (0.4289)  time: 0.5635  data: 0.0152  max mem: 5225
Epoch: [9/30]  [43/44]  eta: 0:00:00  lr: 0.000100  loss: 17.5842 (17.5561)  loss_mal: 0.6601 (0.6545)  loss_bbox: 0.0307 (0.0312)  loss_giou: 0.4187 (0.4115)  loss_fgl: 1.2462 (1.2443)  loss_mal_aux_0: 0.6996 (0.7016)  loss_bbox_aux_0: 0.0301 (0.0319)  loss_giou_aux_0: 0.4203 (0.4201)  loss_fgl_aux_0: 1.2454 (1.2512)  loss_ddf_aux_0: 0.0085 (0.0090)  loss_mal_aux_1: 0.6607 (0.6595)  loss_bbox_aux_1: 0.0307 (0.0312)  loss_giou_aux_1: 0.4105 (0.4119)  loss_fgl_aux_1: 1.2468 (1.2444)  loss_ddf_aux_1: 0.0008 (0.0008)  loss_mal_pre: 0.6971 (0.7008)  loss_bbox_pre: 0.0302 (0.0319)  loss_giou_pre: 0.4177 (0.4202)  loss_mal_enc_0: 0.7656 (0.7718)  loss_bbox_enc_0: 0.0330 (0.0340)  loss_giou_enc_0: 0.4352 (0.4441)  loss_mal_dn_0: 0.6982 (0.6983)  loss_bbox_dn_0: 0.0323 (0.0327)  loss_giou_dn_0: 0.4374 (0.4323)  loss_fgl_dn_0: 1.2413 (1.2502)  loss_ddf_dn_0: 0.1211 (0.1229)  loss_mal_dn_1: 0.6216 (0.6210)  loss_bbox_dn_1: 0.0252 (0.0252)  loss_giou_dn_1: 0.3429 (0.3425)  loss_fgl_dn_1: 1.1782 (1.1869)  loss_ddf_dn_1: 0.0047 (0.0046)  loss_mal_dn_2: 0.6226 (0.6195)  loss_bbox_dn_2: 0.0248 (0.0251)  loss_giou_dn_2: 0.3456 (0.3411)  loss_fgl_dn_2: 1.1761 (1.1862)  loss_ddf_dn_2: -0.0000 (0.0000)  loss_mal_dn_pre: 0.6984 (0.6982)  loss_bbox_dn_pre: 0.0317 (0.0326)  loss_giou_dn_pre: 0.4347 (0.4309)  time: 0.5525  data: 0.0151  max mem: 5225
Epoch: [9/30] Total time: 0:00:24 (0.5562 s / it)
Averaged stats: lr: 0.000100  loss: 17.5842 (17.5561)  loss_mal: 0.6601 (0.6545)  loss_bbox: 0.0307 (0.0312)  loss_giou: 0.4187 (0.4115)  loss_fgl: 1.2462 (1.2443)  loss_mal_aux_0: 0.6996 (0.7016)  loss_bbox_aux_0: 0.0301 (0.0319)  loss_giou_aux_0: 0.4203 (0.4201)  loss_fgl_aux_0: 1.2454 (1.2512)  loss_ddf_aux_0: 0.0085 (0.0090)  loss_mal_aux_1: 0.6607 (0.6595)  loss_bbox_aux_1: 0.0307 (0.0312)  loss_giou_aux_1: 0.4105 (0.4119)  loss_fgl_aux_1: 1.2468 (1.2444)  loss_ddf_aux_1: 0.0008 (0.0008)  loss_mal_pre: 0.6971 (0.7008)  loss_bbox_pre: 0.0302 (0.0319)  loss_giou_pre: 0.4177 (0.4202)  loss_mal_enc_0: 0.7656 (0.7718)  loss_bbox_enc_0: 0.0330 (0.0340)  loss_giou_enc_0: 0.4352 (0.4441)  loss_mal_dn_0: 0.6982 (0.6983)  loss_bbox_dn_0: 0.0323 (0.0327)  loss_giou_dn_0: 0.4374 (0.4323)  loss_fgl_dn_0: 1.2413 (1.2502)  loss_ddf_dn_0: 0.1211 (0.1229)  loss_mal_dn_1: 0.6216 (0.6210)  loss_bbox_dn_1: 0.0252 (0.0252)  loss_giou_dn_1: 0.3429 (0.3425)  loss_fgl_dn_1: 1.1782 (1.1869)  loss_ddf_dn_1: 0.0047 (0.0046)  loss_mal_dn_2: 0.6226 (0.6195)  loss_bbox_dn_2: 0.0248 (0.0251)  loss_giou_dn_2: 0.3456 (0.3411)  loss_fgl_dn_2: 1.1761 (1.1862)  loss_ddf_dn_2: -0.0000 (0.0000)  loss_mal_dn_pre: 0.6984 (0.6982)  loss_bbox_dn_pre: 0.0317 (0.0326)  loss_giou_dn_pre: 0.4347 (0.4309)
Test:  [0/9]  eta: 0:00:02    time: 0.3067  data: 0.2281  max mem: 5225
Test:  [8/9]  eta: 0:00:00    time: 0.1905  data: 0.0439  max mem: 5225
Test: Total time: 0:00:01 (0.1948 s / it)
Metrics: {'f1': 0.9826989619377162, 'precision': 0.9793103448275862, 'recall': 0.9861111111111112, 'iou': 0.6837973902825596, 'TPs': 142, 'FPs': 3, 'FNs': 2}
Averaged stats: 
Accumulating evaluation results...
COCOeval_opt.accumulate() finished...
DONE (t=0.01s).
IoU metric: bbox
 Average Precision  (AP) @[ IoU=0.50:0.95 | area=   all | maxDets=100 ] = 0.380
 Average Precision  (AP) @[ IoU=0.50      | area=   all | maxDets=100 ] = 0.979
 Average Precision  (AP) @[ IoU=0.75      | area=   all | maxDets=100 ] = 0.162
 Average Precision  (AP) @[ IoU=0.50:0.95 | area= small | maxDets=100 ] = 0.381
 Average Precision  (AP) @[ IoU=0.50:0.95 | area=medium | maxDets=100 ] = -1.000
 Average Precision  (AP) @[ IoU=0.50:0.95 | area= large | maxDets=100 ] = -1.000
 Average Recall     (AR) @[ IoU=0.50:0.95 | area=   all | maxDets=  1 ] = 0.214
 Average Recall     (AR) @[ IoU=0.50:0.95 | area=   all | maxDets= 10 ] = 0.490
 Average Recall     (AR) @[ IoU=0.50:0.95 | area=   all | maxDets=100 ] = 0.588
 Average Recall     (AR) @[ IoU=0.50:0.95 | area= small | maxDets=100 ] = 0.588
 Average Recall     (AR) @[ IoU=0.50:0.95 | area=medium | maxDets=100 ] = -1.000
 Average Recall     (AR) @[ IoU=0.50:0.95 | area= large | maxDets=100 ] = -1.000
 Average Recall     (AR) @[ IoU=0.50      | area=   all | maxDets=100 ] = 1.000
 Average Recall     (AR) @[ IoU=0.75      | area=   all | maxDets=100 ] = 0.681
best_stat: {'epoch': 7, 'coco_eval_bbox': 0.3864993927202564}
Epoch: [10/30]  [ 0/44]  eta: 0:00:30  lr: 0.000100  loss: 17.4324 (17.4324)  loss_mal: 0.6470 (0.6470)  loss_bbox: 0.0308 (0.0308)  loss_giou: 0.3804 (0.3804)  loss_fgl: 1.2322 (1.2322)  loss_mal_aux_0: 0.7341 (0.7341)  loss_bbox_aux_0: 0.0335 (0.0335)  loss_giou_aux_0: 0.4090 (0.4090)  loss_fgl_aux_0: 1.2396 (1.2396)  loss_ddf_aux_0: 0.0099 (0.0099)  loss_mal_aux_1: 0.6639 (0.6639)  loss_bbox_aux_1: 0.0308 (0.0308)  loss_giou_aux_1: 0.3795 (0.3795)  loss_fgl_aux_1: 1.2315 (1.2315)  loss_ddf_aux_1: 0.0008 (0.0008)  loss_mal_pre: 0.7340 (0.7340)  loss_bbox_pre: 0.0335 (0.0335)  loss_giou_pre: 0.4102 (0.4102)  loss_mal_enc_0: 0.7865 (0.7865)  loss_bbox_enc_0: 0.0359 (0.0359)  loss_giou_enc_0: 0.4276 (0.4276)  loss_mal_dn_0: 0.7016 (0.7016)  loss_bbox_dn_0: 0.0343 (0.0343)  loss_giou_dn_0: 0.4158 (0.4158)  loss_fgl_dn_0: 1.2397 (1.2397)  loss_ddf_dn_0: 0.1317 (0.1317)  loss_mal_dn_1: 0.6207 (0.6207)  loss_bbox_dn_1: 0.0264 (0.0264)  loss_giou_dn_1: 0.3260 (0.3260)  loss_fgl_dn_1: 1.1786 (1.1786)  loss_ddf_dn_1: 0.0057 (0.0057)  loss_mal_dn_2: 0.6169 (0.6169)  loss_bbox_dn_2: 0.0265 (0.0265)  loss_giou_dn_2: 0.3265 (0.3265)  loss_fgl_dn_2: 1.1802 (1.1802)  loss_ddf_dn_2: -0.0000 (0.0000)  loss_mal_dn_pre: 0.7020 (0.7020)  loss_bbox_dn_pre: 0.0342 (0.0342)  loss_giou_dn_pre: 0.4150 (0.4150)  time: 0.6930  data: 0.2583  max mem: 5225
Epoch: [10/30]  [10/44]  eta: 0:00:16  lr: 0.000100  loss: 16.7571 (16.9705)  loss_mal: 0.6335 (0.6357)  loss_bbox: 0.0275 (0.0282)  loss_giou: 0.3635 (0.3709)  loss_fgl: 1.2322 (1.2269)  loss_mal_aux_0: 0.6955 (0.6920)  loss_bbox_aux_0: 0.0287 (0.0295)  loss_giou_aux_0: 0.3829 (0.3844)  loss_fgl_aux_0: 1.2396 (1.2367)  loss_ddf_aux_0: 0.0087 (0.0087)  loss_mal_aux_1: 0.6581 (0.6500)  loss_bbox_aux_1: 0.0278 (0.0283)  loss_giou_aux_1: 0.3618 (0.3711)  loss_fgl_aux_1: 1.2341 (1.2269)  loss_ddf_aux_1: 0.0007 (0.0008)  loss_mal_pre: 0.6928 (0.6916)  loss_bbox_pre: 0.0284 (0.0294)  loss_giou_pre: 0.3821 (0.3841)  loss_mal_enc_0: 0.7589 (0.7593)  loss_bbox_enc_0: 0.0311 (0.0318)  loss_giou_enc_0: 0.4036 (0.4101)  loss_mal_dn_0: 0.6786 (0.6835)  loss_bbox_dn_0: 0.0300 (0.0310)  loss_giou_dn_0: 0.3946 (0.3997)  loss_fgl_dn_0: 1.2324 (1.2308)  loss_ddf_dn_0: 0.1106 (0.1131)  loss_mal_dn_1: 0.5959 (0.6029)  loss_bbox_dn_1: 0.0229 (0.0234)  loss_giou_dn_1: 0.3066 (0.3128)  loss_fgl_dn_1: 1.1583 (1.1610)  loss_ddf_dn_1: 0.0035 (0.0042)  loss_mal_dn_2: 0.5932 (0.5997)  loss_bbox_dn_2: 0.0229 (0.0234)  loss_giou_dn_2: 0.3063 (0.3123)  loss_fgl_dn_2: 1.1591 (1.1612)  loss_ddf_dn_2: -0.0000 (0.0000)  loss_mal_dn_pre: 0.6786 (0.6846)  loss_bbox_dn_pre: 0.0301 (0.0309)  loss_giou_dn_pre: 0.3931 (0.3994)  time: 0.4940  data: 0.0388  max mem: 5225
Epoch: [10/30]  [20/44]  eta: 0:00:13  lr: 0.000100  loss: 16.7571 (17.0989)  loss_mal: 0.6413 (0.6402)  loss_bbox: 0.0267 (0.0285)  loss_giou: 0.3635 (0.3777)  loss_fgl: 1.2286 (1.2313)  loss_mal_aux_0: 0.6908 (0.6934)  loss_bbox_aux_0: 0.0276 (0.0296)  loss_giou_aux_0: 0.3829 (0.3898)  loss_fgl_aux_0: 1.2372 (1.2393)  loss_ddf_aux_0: 0.0087 (0.0090)  loss_mal_aux_1: 0.6546 (0.6512)  loss_bbox_aux_1: 0.0269 (0.0285)  loss_giou_aux_1: 0.3618 (0.3775)  loss_fgl_aux_1: 1.2341 (1.2312)  loss_ddf_aux_1: 0.0006 (0.0007)  loss_mal_pre: 0.6921 (0.6922)  loss_bbox_pre: 0.0277 (0.0296)  loss_giou_pre: 0.3821 (0.3895)  loss_mal_enc_0: 0.7525 (0.7569)  loss_bbox_enc_0: 0.0307 (0.0320)  loss_giou_enc_0: 0.4016 (0.4171)  loss_mal_dn_0: 0.6862 (0.6867)  loss_bbox_dn_0: 0.0295 (0.0307)  loss_giou_dn_0: 0.3946 (0.4041)  loss_fgl_dn_0: 1.2324 (1.2399)  loss_ddf_dn_0: 0.1230 (0.1231)  loss_mal_dn_1: 0.5975 (0.6081)  loss_bbox_dn_1: 0.0228 (0.0236)  loss_giou_dn_1: 0.3105 (0.3200)  loss_fgl_dn_1: 1.1657 (1.1713)  loss_ddf_dn_1: 0.0044 (0.0046)  loss_mal_dn_2: 0.5953 (0.6053)  loss_bbox_dn_2: 0.0229 (0.0236)  loss_giou_dn_2: 0.3093 (0.3195)  loss_fgl_dn_2: 1.1651 (1.1716)  loss_ddf_dn_2: -0.0000 (0.0000)  loss_mal_dn_pre: 0.6846 (0.6873)  loss_bbox_dn_pre: 0.0292 (0.0306)  loss_giou_dn_pre: 0.3931 (0.4033)  time: 0.5422  data: 0.0164  max mem: 5225
Epoch: [10/30]  [30/44]  eta: 0:00:08  lr: 0.000100  loss: 17.6434 (17.1917)  loss_mal: 0.6441 (0.6429)  loss_bbox: 0.0291 (0.0291)  loss_giou: 0.3963 (0.3864)  loss_fgl: 1.2386 (1.2349)  loss_mal_aux_0: 0.6933 (0.6948)  loss_bbox_aux_0: 0.0299 (0.0299)  loss_giou_aux_0: 0.4108 (0.3959)  loss_fgl_aux_0: 1.2412 (1.2412)  loss_ddf_aux_0: 0.0087 (0.0088)  loss_mal_aux_1: 0.6495 (0.6517)  loss_bbox_aux_1: 0.0293 (0.0290)  loss_giou_aux_1: 0.3936 (0.3858)  loss_fgl_aux_1: 1.2393 (1.2348)  loss_ddf_aux_1: 0.0006 (0.0007)  loss_mal_pre: 0.6934 (0.6940)  loss_bbox_pre: 0.0297 (0.0299)  loss_giou_pre: 0.4133 (0.3964)  loss_mal_enc_0: 0.7625 (0.7616)  loss_bbox_enc_0: 0.0324 (0.0322)  loss_giou_enc_0: 0.4352 (0.4226)  loss_mal_dn_0: 0.6904 (0.6892)  loss_bbox_dn_0: 0.0311 (0.0310)  loss_giou_dn_0: 0.4198 (0.4100)  loss_fgl_dn_0: 1.2434 (1.2411)  loss_ddf_dn_0: 0.1248 (0.1253)  loss_mal_dn_1: 0.6183 (0.6097)  loss_bbox_dn_1: 0.0240 (0.0238)  loss_giou_dn_1: 0.3302 (0.3242)  loss_fgl_dn_1: 1.1780 (1.1727)  loss_ddf_dn_1: 0.0044 (0.0045)  loss_mal_dn_2: 0.6096 (0.6072)  loss_bbox_dn_2: 0.0239 (0.0238)  loss_giou_dn_2: 0.3321 (0.3236)  loss_fgl_dn_2: 1.1768 (1.1728)  loss_ddf_dn_2: -0.0000 (0.0000)  loss_mal_dn_pre: 0.6898 (0.6897)  loss_bbox_dn_pre: 0.0308 (0.0309)  loss_giou_dn_pre: 0.4205 (0.4095)  time: 0.6187  data: 0.0157  max mem: 5225
Epoch: [10/30]  [40/44]  eta: 0:00:02  lr: 0.000100  loss: 17.5627 (17.2700)  loss_mal: 0.6483 (0.6447)  loss_bbox: 0.0309 (0.0296)  loss_giou: 0.4090 (0.3921)  loss_fgl: 1.2462 (1.2361)  loss_mal_aux_0: 0.7017 (0.6961)  loss_bbox_aux_0: 0.0317 (0.0304)  loss_giou_aux_0: 0.4290 (0.4022)  loss_fgl_aux_0: 1.2423 (1.2428)  loss_ddf_aux_0: 0.0079 (0.0086)  loss_mal_aux_1: 0.6607 (0.6534)  loss_bbox_aux_1: 0.0311 (0.0296)  loss_giou_aux_1: 0.4134 (0.3919)  loss_fgl_aux_1: 1.2461 (1.2359)  loss_ddf_aux_1: 0.0007 (0.0007)  loss_mal_pre: 0.6968 (0.6948)  loss_bbox_pre: 0.0318 (0.0304)  loss_giou_pre: 0.4271 (0.4021)  loss_mal_enc_0: 0.7659 (0.7607)  loss_bbox_enc_0: 0.0332 (0.0326)  loss_giou_enc_0: 0.4365 (0.4270)  loss_mal_dn_0: 0.7007 (0.6923)  loss_bbox_dn_0: 0.0326 (0.0315)  loss_giou_dn_0: 0.4313 (0.4169)  loss_fgl_dn_0: 1.2434 (1.2441)  loss_ddf_dn_0: 0.1268 (0.1257)  loss_mal_dn_1: 0.6183 (0.6123)  loss_bbox_dn_1: 0.0244 (0.0241)  loss_giou_dn_1: 0.3326 (0.3274)  loss_fgl_dn_1: 1.1780 (1.1751)  loss_ddf_dn_1: 0.0035 (0.0043)  loss_mal_dn_2: 0.6138 (0.6093)  loss_bbox_dn_2: 0.0243 (0.0240)  loss_giou_dn_2: 0.3321 (0.3265)  loss_fgl_dn_2: 1.1768 (1.1749)  loss_ddf_dn_2: -0.0000 (0.0000)  loss_mal_dn_pre: 0.6996 (0.6924)  loss_bbox_dn_pre: 0.0324 (0.0314)  loss_giou_dn_pre: 0.4295 (0.4161)  time: 0.6170  data: 0.0160  max mem: 5225
Epoch: [10/30]  [43/44]  eta: 0:00:00  lr: 0.000100  loss: 17.3898 (17.2424)  loss_mal: 0.6439 (0.6435)  loss_bbox: 0.0303 (0.0295)  loss_giou: 0.3997 (0.3909)  loss_fgl: 1.2354 (1.2354)  loss_mal_aux_0: 0.6946 (0.6948)  loss_bbox_aux_0: 0.0301 (0.0303)  loss_giou_aux_0: 0.4158 (0.4004)  loss_fgl_aux_0: 1.2408 (1.2420)  loss_ddf_aux_0: 0.0076 (0.0085)  loss_mal_aux_1: 0.6602 (0.6526)  loss_bbox_aux_1: 0.0303 (0.0295)  loss_giou_aux_1: 0.4015 (0.3909)  loss_fgl_aux_1: 1.2360 (1.2353)  loss_ddf_aux_1: 0.0007 (0.0007)  loss_mal_pre: 0.6938 (0.6938)  loss_bbox_pre: 0.0301 (0.0303)  loss_giou_pre: 0.4159 (0.4005)  loss_mal_enc_0: 0.7659 (0.7600)  loss_bbox_enc_0: 0.0324 (0.0325)  loss_giou_enc_0: 0.4292 (0.4251)  loss_mal_dn_0: 0.6992 (0.6910)  loss_bbox_dn_0: 0.0311 (0.0314)  loss_giou_dn_0: 0.4284 (0.4156)  loss_fgl_dn_0: 1.2373 (1.2431)  loss_ddf_dn_0: 0.1210 (0.1246)  loss_mal_dn_1: 0.6101 (0.6113)  loss_bbox_dn_1: 0.0244 (0.0240)  loss_giou_dn_1: 0.3258 (0.3264)  loss_fgl_dn_1: 1.1703 (1.1745)  loss_ddf_dn_1: 0.0033 (0.0042)  loss_mal_dn_2: 0.6079 (0.6083)  loss_bbox_dn_2: 0.0242 (0.0239)  loss_giou_dn_2: 0.3252 (0.3254)  loss_fgl_dn_2: 1.1677 (1.1742)  loss_ddf_dn_2: -0.0000 (0.0000)  loss_mal_dn_pre: 0.6991 (0.6913)  loss_bbox_dn_pre: 0.0313 (0.0313)  loss_giou_dn_pre: 0.4281 (0.4149)  time: 0.6058  data: 0.0158  max mem: 5225
Epoch: [10/30] Total time: 0:00:25 (0.5802 s / it)
Averaged stats: lr: 0.000100  loss: 17.3898 (17.2424)  loss_mal: 0.6439 (0.6435)  loss_bbox: 0.0303 (0.0295)  loss_giou: 0.3997 (0.3909)  loss_fgl: 1.2354 (1.2354)  loss_mal_aux_0: 0.6946 (0.6948)  loss_bbox_aux_0: 0.0301 (0.0303)  loss_giou_aux_0: 0.4158 (0.4004)  loss_fgl_aux_0: 1.2408 (1.2420)  loss_ddf_aux_0: 0.0076 (0.0085)  loss_mal_aux_1: 0.6602 (0.6526)  loss_bbox_aux_1: 0.0303 (0.0295)  loss_giou_aux_1: 0.4015 (0.3909)  loss_fgl_aux_1: 1.2360 (1.2353)  loss_ddf_aux_1: 0.0007 (0.0007)  loss_mal_pre: 0.6938 (0.6938)  loss_bbox_pre: 0.0301 (0.0303)  loss_giou_pre: 0.4159 (0.4005)  loss_mal_enc_0: 0.7659 (0.7600)  loss_bbox_enc_0: 0.0324 (0.0325)  loss_giou_enc_0: 0.4292 (0.4251)  loss_mal_dn_0: 0.6992 (0.6910)  loss_bbox_dn_0: 0.0311 (0.0314)  loss_giou_dn_0: 0.4284 (0.4156)  loss_fgl_dn_0: 1.2373 (1.2431)  loss_ddf_dn_0: 0.1210 (0.1246)  loss_mal_dn_1: 0.6101 (0.6113)  loss_bbox_dn_1: 0.0244 (0.0240)  loss_giou_dn_1: 0.3258 (0.3264)  loss_fgl_dn_1: 1.1703 (1.1745)  loss_ddf_dn_1: 0.0033 (0.0042)  loss_mal_dn_2: 0.6079 (0.6083)  loss_bbox_dn_2: 0.0242 (0.0239)  loss_giou_dn_2: 0.3252 (0.3254)  loss_fgl_dn_2: 1.1677 (1.1742)  loss_ddf_dn_2: -0.0000 (0.0000)  loss_mal_dn_pre: 0.6991 (0.6913)  loss_bbox_dn_pre: 0.0313 (0.0313)  loss_giou_dn_pre: 0.4281 (0.4149)
Test:  [0/9]  eta: 0:00:03    time: 0.4156  data: 0.2347  max mem: 5225
Test:  [8/9]  eta: 0:00:00    time: 0.1676  data: 0.0425  max mem: 5225
Test: Total time: 0:00:01 (0.1723 s / it)
Metrics: {'f1': 0.9793103448275863, 'precision': 0.9726027397260274, 'recall': 0.9861111111111112, 'iou': 0.6781818858675055, 'TPs': 142, 'FPs': 4, 'FNs': 2}
Averaged stats: 
Accumulating evaluation results...
COCOeval_opt.accumulate() finished...
DONE (t=0.01s).
IoU metric: bbox
 Average Precision  (AP) @[ IoU=0.50:0.95 | area=   all | maxDets=100 ] = 0.377
 Average Precision  (AP) @[ IoU=0.50      | area=   all | maxDets=100 ] = 0.979
 Average Precision  (AP) @[ IoU=0.75      | area=   all | maxDets=100 ] = 0.147
 Average Precision  (AP) @[ IoU=0.50:0.95 | area= small | maxDets=100 ] = 0.377
 Average Precision  (AP) @[ IoU=0.50:0.95 | area=medium | maxDets=100 ] = -1.000
 Average Precision  (AP) @[ IoU=0.50:0.95 | area= large | maxDets=100 ] = -1.000
 Average Recall     (AR) @[ IoU=0.50:0.95 | area=   all | maxDets=  1 ] = 0.212
 Average Recall     (AR) @[ IoU=0.50:0.95 | area=   all | maxDets= 10 ] = 0.489
 Average Recall     (AR) @[ IoU=0.50:0.95 | area=   all | maxDets=100 ] = 0.586
 Average Recall     (AR) @[ IoU=0.50:0.95 | area= small | maxDets=100 ] = 0.586
 Average Recall     (AR) @[ IoU=0.50:0.95 | area=medium | maxDets=100 ] = -1.000
 Average Recall     (AR) @[ IoU=0.50:0.95 | area= large | maxDets=100 ] = -1.000
 Average Recall     (AR) @[ IoU=0.50      | area=   all | maxDets=100 ] = 1.000
 Average Recall     (AR) @[ IoU=0.75      | area=   all | maxDets=100 ] = 0.639
best_stat: {'epoch': 7, 'coco_eval_bbox': 0.3864993927202564}
Epoch: [11/30]  [ 0/44]  eta: 0:00:37  lr: 0.000100  loss: 17.2116 (17.2116)  loss_mal: 0.6437 (0.6437)  loss_bbox: 0.0296 (0.0296)  loss_giou: 0.3799 (0.3799)  loss_fgl: 1.2281 (1.2281)  loss_mal_aux_0: 0.7145 (0.7145)  loss_bbox_aux_0: 0.0297 (0.0297)  loss_giou_aux_0: 0.3797 (0.3797)  loss_fgl_aux_0: 1.2267 (1.2267)  loss_ddf_aux_0: 0.0089 (0.0089)  loss_mal_aux_1: 0.6617 (0.6617)  loss_bbox_aux_1: 0.0297 (0.0297)  loss_giou_aux_1: 0.3794 (0.3794)  loss_fgl_aux_1: 1.2269 (1.2269)  loss_ddf_aux_1: 0.0007 (0.0007)  loss_mal_pre: 0.7125 (0.7125)  loss_bbox_pre: 0.0294 (0.0294)  loss_giou_pre: 0.3770 (0.3770)  loss_mal_enc_0: 0.7772 (0.7772)  loss_bbox_enc_0: 0.0319 (0.0319)  loss_giou_enc_0: 0.4058 (0.4058)  loss_mal_dn_0: 0.6994 (0.6994)  loss_bbox_dn_0: 0.0325 (0.0325)  loss_giou_dn_0: 0.4176 (0.4176)  loss_fgl_dn_0: 1.2297 (1.2297)  loss_ddf_dn_0: 0.1426 (0.1426)  loss_mal_dn_1: 0.6144 (0.6144)  loss_bbox_dn_1: 0.0250 (0.0250)  loss_giou_dn_1: 0.3306 (0.3306)  loss_fgl_dn_1: 1.1648 (1.1648)  loss_ddf_dn_1: 0.0051 (0.0051)  loss_mal_dn_2: 0.6132 (0.6132)  loss_bbox_dn_2: 0.0248 (0.0248)  loss_giou_dn_2: 0.3288 (0.3288)  loss_fgl_dn_2: 1.1643 (1.1643)  loss_ddf_dn_2: -0.0000 (0.0000)  loss_mal_dn_pre: 0.6993 (0.6993)  loss_bbox_dn_pre: 0.0322 (0.0322)  loss_giou_dn_pre: 0.4145 (0.4145)  time: 0.8545  data: 0.2302  max mem: 5225
Epoch: [11/30]  [10/44]  eta: 0:00:16  lr: 0.000100  loss: 16.9116 (16.9155)  loss_mal: 0.6281 (0.6342)  loss_bbox: 0.0285 (0.0282)  loss_giou: 0.3705 (0.3682)  loss_fgl: 1.2229 (1.2214)  loss_mal_aux_0: 0.6785 (0.6838)  loss_bbox_aux_0: 0.0288 (0.0293)  loss_giou_aux_0: 0.3895 (0.3800)  loss_fgl_aux_0: 1.2349 (1.2345)  loss_ddf_aux_0: 0.0088 (0.0086)  loss_mal_aux_1: 0.6325 (0.6420)  loss_bbox_aux_1: 0.0283 (0.0282)  loss_giou_aux_1: 0.3681 (0.3681)  loss_fgl_aux_1: 1.2219 (1.2211)  loss_ddf_aux_1: 0.0007 (0.0008)  loss_mal_pre: 0.6771 (0.6822)  loss_bbox_pre: 0.0284 (0.0291)  loss_giou_pre: 0.3838 (0.3778)  loss_mal_enc_0: 0.7567 (0.7485)  loss_bbox_enc_0: 0.0294 (0.0308)  loss_giou_enc_0: 0.3933 (0.3980)  loss_mal_dn_0: 0.6867 (0.6843)  loss_bbox_dn_0: 0.0303 (0.0314)  loss_giou_dn_0: 0.4055 (0.4071)  loss_fgl_dn_0: 1.2312 (1.2389)  loss_ddf_dn_0: 0.1255 (0.1263)  loss_mal_dn_1: 0.5959 (0.5972)  loss_bbox_dn_1: 0.0230 (0.0234)  loss_giou_dn_1: 0.3111 (0.3123)  loss_fgl_dn_1: 1.1591 (1.1613)  loss_ddf_dn_1: 0.0036 (0.0039)  loss_mal_dn_2: 0.5949 (0.5961)  loss_bbox_dn_2: 0.0230 (0.0233)  loss_giou_dn_2: 0.3118 (0.3115)  loss_fgl_dn_2: 1.1589 (1.1609)  loss_ddf_dn_2: -0.0000 (0.0000)  loss_mal_dn_pre: 0.6881 (0.6854)  loss_bbox_dn_pre: 0.0303 (0.0313)  loss_giou_dn_pre: 0.4049 (0.4061)  time: 0.4926  data: 0.0365  max mem: 5225
Epoch: [11/30]  [20/44]  eta: 0:00:12  lr: 0.000100  loss: 16.8927 (16.9231)  loss_mal: 0.6313 (0.6326)  loss_bbox: 0.0275 (0.0279)  loss_giou: 0.3705 (0.3695)  loss_fgl: 1.2219 (1.2212)  loss_mal_aux_0: 0.6785 (0.6798)  loss_bbox_aux_0: 0.0282 (0.0289)  loss_giou_aux_0: 0.3758 (0.3812)  loss_fgl_aux_0: 1.2321 (1.2318)  loss_ddf_aux_0: 0.0097 (0.0100)  loss_mal_aux_1: 0.6353 (0.6384)  loss_bbox_aux_1: 0.0278 (0.0279)  loss_giou_aux_1: 0.3681 (0.3696)  loss_fgl_aux_1: 1.2219 (1.2216)  loss_ddf_aux_1: 0.0007 (0.0007)  loss_mal_pre: 0.6771 (0.6794)  loss_bbox_pre: 0.0284 (0.0288)  loss_giou_pre: 0.3808 (0.3812)  loss_mal_enc_0: 0.7567 (0.7556)  loss_bbox_enc_0: 0.0308 (0.0315)  loss_giou_enc_0: 0.4023 (0.4128)  loss_mal_dn_0: 0.6816 (0.6832)  loss_bbox_dn_0: 0.0299 (0.0304)  loss_giou_dn_0: 0.4022 (0.4012)  loss_fgl_dn_0: 1.2312 (1.2348)  loss_ddf_dn_0: 0.1214 (0.1247)  loss_mal_dn_1: 0.5959 (0.5990)  loss_bbox_dn_1: 0.0225 (0.0232)  loss_giou_dn_1: 0.3109 (0.3143)  loss_fgl_dn_1: 1.1625 (1.1649)  loss_ddf_dn_1: 0.0035 (0.0038)  loss_mal_dn_2: 0.5949 (0.5980)  loss_bbox_dn_2: 0.0226 (0.0231)  loss_giou_dn_2: 0.3090 (0.3131)  loss_fgl_dn_2: 1.1623 (1.1643)  loss_ddf_dn_2: -0.0000 (0.0000)  loss_mal_dn_pre: 0.6834 (0.6843)  loss_bbox_dn_pre: 0.0298 (0.0303)  loss_giou_dn_pre: 0.4023 (0.4004)  time: 0.5061  data: 0.0166  max mem: 5225
Epoch: [11/30]  [30/44]  eta: 0:00:07  lr: 0.000100  loss: 16.9189 (16.9753)  loss_mal: 0.6334 (0.6339)  loss_bbox: 0.0271 (0.0280)  loss_giou: 0.3736 (0.3738)  loss_fgl: 1.2237 (1.2257)  loss_mal_aux_0: 0.6766 (0.6790)  loss_bbox_aux_0: 0.0278 (0.0288)  loss_giou_aux_0: 0.3758 (0.3821)  loss_fgl_aux_0: 1.2321 (1.2334)  loss_ddf_aux_0: 0.0108 (0.0101)  loss_mal_aux_1: 0.6374 (0.6381)  loss_bbox_aux_1: 0.0273 (0.0281)  loss_giou_aux_1: 0.3724 (0.3739)  loss_fgl_aux_1: 1.2233 (1.2258)  loss_ddf_aux_1: 0.0006 (0.0007)  loss_mal_pre: 0.6772 (0.6789)  loss_bbox_pre: 0.0274 (0.0288)  loss_giou_pre: 0.3789 (0.3822)  loss_mal_enc_0: 0.7536 (0.7504)  loss_bbox_enc_0: 0.0308 (0.0312)  loss_giou_enc_0: 0.4166 (0.4116)  loss_mal_dn_0: 0.6771 (0.6845)  loss_bbox_dn_0: 0.0291 (0.0303)  loss_giou_dn_0: 0.3992 (0.4028)  loss_fgl_dn_0: 1.2315 (1.2391)  loss_ddf_dn_0: 0.1203 (0.1242)  loss_mal_dn_1: 0.6020 (0.6023)  loss_bbox_dn_1: 0.0226 (0.0233)  loss_giou_dn_1: 0.3138 (0.3182)  loss_fgl_dn_1: 1.1745 (1.1731)  loss_ddf_dn_1: 0.0035 (0.0038)  loss_mal_dn_2: 0.5999 (0.6004)  loss_bbox_dn_2: 0.0226 (0.0232)  loss_giou_dn_2: 0.3128 (0.3168)  loss_fgl_dn_2: 1.1739 (1.1720)  loss_ddf_dn_2: -0.0000 (0.0000)  loss_mal_dn_pre: 0.6803 (0.6851)  loss_bbox_dn_pre: 0.0288 (0.0302)  loss_giou_dn_pre: 0.3964 (0.4015)  time: 0.5580  data: 0.0159  max mem: 5225
Epoch: [11/30]  [40/44]  eta: 0:00:02  lr: 0.000100  loss: 17.0548 (17.0300)  loss_mal: 0.6390 (0.6372)  loss_bbox: 0.0286 (0.0287)  loss_giou: 0.3846 (0.3805)  loss_fgl: 1.2122 (1.2243)  loss_mal_aux_0: 0.6839 (0.6825)  loss_bbox_aux_0: 0.0299 (0.0295)  loss_giou_aux_0: 0.3891 (0.3895)  loss_fgl_aux_0: 1.2248 (1.2329)  loss_ddf_aux_0: 0.0096 (0.0100)  loss_mal_aux_1: 0.6375 (0.6407)  loss_bbox_aux_1: 0.0286 (0.0287)  loss_giou_aux_1: 0.3848 (0.3807)  loss_fgl_aux_1: 1.2116 (1.2247)  loss_ddf_aux_1: 0.0006 (0.0006)  loss_mal_pre: 0.6808 (0.6818)  loss_bbox_pre: 0.0299 (0.0294)  loss_giou_pre: 0.3884 (0.3890)  loss_mal_enc_0: 0.7427 (0.7507)  loss_bbox_enc_0: 0.0308 (0.0317)  loss_giou_enc_0: 0.4129 (0.4155)  loss_mal_dn_0: 0.6876 (0.6848)  loss_bbox_dn_0: 0.0298 (0.0306)  loss_giou_dn_0: 0.4056 (0.4053)  loss_fgl_dn_0: 1.2278 (1.2369)  loss_ddf_dn_0: 0.1216 (0.1237)  loss_mal_dn_1: 0.6058 (0.6044)  loss_bbox_dn_1: 0.0231 (0.0237)  loss_giou_dn_1: 0.3223 (0.3214)  loss_fgl_dn_1: 1.1692 (1.1711)  loss_ddf_dn_1: 0.0041 (0.0040)  loss_mal_dn_2: 0.6050 (0.6025)  loss_bbox_dn_2: 0.0230 (0.0236)  loss_giou_dn_2: 0.3211 (0.3200)  loss_fgl_dn_2: 1.1680 (1.1699)  loss_ddf_dn_2: -0.0000 (0.0000)  loss_mal_dn_pre: 0.6855 (0.6853)  loss_bbox_dn_pre: 0.0297 (0.0305)  loss_giou_dn_pre: 0.4008 (0.4039)  time: 0.5623  data: 0.0159  max mem: 5225
Epoch: [11/30]  [43/44]  eta: 0:00:00  lr: 0.000100  loss: 17.0548 (17.0427)  loss_mal: 0.6390 (0.6383)  loss_bbox: 0.0300 (0.0287)  loss_giou: 0.3846 (0.3817)  loss_fgl: 1.2122 (1.2253)  loss_mal_aux_0: 0.6839 (0.6837)  loss_bbox_aux_0: 0.0302 (0.0294)  loss_giou_aux_0: 0.3891 (0.3904)  loss_fgl_aux_0: 1.2248 (1.2336)  loss_ddf_aux_0: 0.0090 (0.0098)  loss_mal_aux_1: 0.6375 (0.6414)  loss_bbox_aux_1: 0.0299 (0.0287)  loss_giou_aux_1: 0.3848 (0.3820)  loss_fgl_aux_1: 1.2116 (1.2256)  loss_ddf_aux_1: 0.0006 (0.0006)  loss_mal_pre: 0.6808 (0.6830)  loss_bbox_pre: 0.0300 (0.0294)  loss_giou_pre: 0.3894 (0.3899)  loss_mal_enc_0: 0.7427 (0.7505)  loss_bbox_enc_0: 0.0315 (0.0317)  loss_giou_enc_0: 0.4087 (0.4169)  loss_mal_dn_0: 0.6852 (0.6850)  loss_bbox_dn_0: 0.0300 (0.0305)  loss_giou_dn_0: 0.4056 (0.4050)  loss_fgl_dn_0: 1.2278 (1.2368)  loss_ddf_dn_0: 0.1209 (0.1243)  loss_mal_dn_1: 0.6056 (0.6046)  loss_bbox_dn_1: 0.0233 (0.0236)  loss_giou_dn_1: 0.3221 (0.3214)  loss_fgl_dn_1: 1.1692 (1.1710)  loss_ddf_dn_1: 0.0043 (0.0043)  loss_mal_dn_2: 0.6028 (0.6028)  loss_bbox_dn_2: 0.0232 (0.0235)  loss_giou_dn_2: 0.3203 (0.3201)  loss_fgl_dn_2: 1.1680 (1.1699)  loss_ddf_dn_2: -0.0000 (0.0000)  loss_mal_dn_pre: 0.6841 (0.6854)  loss_bbox_dn_pre: 0.0298 (0.0304)  loss_giou_dn_pre: 0.4004 (0.4035)  time: 0.5598  data: 0.0159  max mem: 5225
Epoch: [11/30] Total time: 0:00:23 (0.5429 s / it)
Averaged stats: lr: 0.000100  loss: 17.0548 (17.0427)  loss_mal: 0.6390 (0.6383)  loss_bbox: 0.0300 (0.0287)  loss_giou: 0.3846 (0.3817)  loss_fgl: 1.2122 (1.2253)  loss_mal_aux_0: 0.6839 (0.6837)  loss_bbox_aux_0: 0.0302 (0.0294)  loss_giou_aux_0: 0.3891 (0.3904)  loss_fgl_aux_0: 1.2248 (1.2336)  loss_ddf_aux_0: 0.0090 (0.0098)  loss_mal_aux_1: 0.6375 (0.6414)  loss_bbox_aux_1: 0.0299 (0.0287)  loss_giou_aux_1: 0.3848 (0.3820)  loss_fgl_aux_1: 1.2116 (1.2256)  loss_ddf_aux_1: 0.0006 (0.0006)  loss_mal_pre: 0.6808 (0.6830)  loss_bbox_pre: 0.0300 (0.0294)  loss_giou_pre: 0.3894 (0.3899)  loss_mal_enc_0: 0.7427 (0.7505)  loss_bbox_enc_0: 0.0315 (0.0317)  loss_giou_enc_0: 0.4087 (0.4169)  loss_mal_dn_0: 0.6852 (0.6850)  loss_bbox_dn_0: 0.0300 (0.0305)  loss_giou_dn_0: 0.4056 (0.4050)  loss_fgl_dn_0: 1.2278 (1.2368)  loss_ddf_dn_0: 0.1209 (0.1243)  loss_mal_dn_1: 0.6056 (0.6046)  loss_bbox_dn_1: 0.0233 (0.0236)  loss_giou_dn_1: 0.3221 (0.3214)  loss_fgl_dn_1: 1.1692 (1.1710)  loss_ddf_dn_1: 0.0043 (0.0043)  loss_mal_dn_2: 0.6028 (0.6028)  loss_bbox_dn_2: 0.0232 (0.0235)  loss_giou_dn_2: 0.3203 (0.3201)  loss_fgl_dn_2: 1.1680 (1.1699)  loss_ddf_dn_2: -0.0000 (0.0000)  loss_mal_dn_pre: 0.6841 (0.6854)  loss_bbox_dn_pre: 0.0298 (0.0304)  loss_giou_dn_pre: 0.4004 (0.4035)
Test:  [0/9]  eta: 0:00:02    time: 0.3285  data: 0.2370  max mem: 5225
Test:  [8/9]  eta: 0:00:00    time: 0.1663  data: 0.0412  max mem: 5225
Test: Total time: 0:00:01 (0.1719 s / it)
Metrics: {'f1': 0.9791666666666666, 'precision': 0.9791666666666666, 'recall': 0.9791666666666666, 'iou': 0.6780346291405814, 'TPs': 141, 'FPs': 3, 'FNs': 3}
Averaged stats: 
Accumulating evaluation results...
COCOeval_opt.accumulate() finished...
DONE (t=0.01s).
IoU metric: bbox
 Average Precision  (AP) @[ IoU=0.50:0.95 | area=   all | maxDets=100 ] = 0.380
 Average Precision  (AP) @[ IoU=0.50      | area=   all | maxDets=100 ] = 0.974
 Average Precision  (AP) @[ IoU=0.75      | area=   all | maxDets=100 ] = 0.157
 Average Precision  (AP) @[ IoU=0.50:0.95 | area= small | maxDets=100 ] = 0.380
 Average Precision  (AP) @[ IoU=0.50:0.95 | area=medium | maxDets=100 ] = -1.000
 Average Precision  (AP) @[ IoU=0.50:0.95 | area= large | maxDets=100 ] = -1.000
 Average Recall     (AR) @[ IoU=0.50:0.95 | area=   all | maxDets=  1 ] = 0.209
 Average Recall     (AR) @[ IoU=0.50:0.95 | area=   all | maxDets= 10 ] = 0.488
 Average Recall     (AR) @[ IoU=0.50:0.95 | area=   all | maxDets=100 ] = 0.585
 Average Recall     (AR) @[ IoU=0.50:0.95 | area= small | maxDets=100 ] = 0.585
 Average Recall     (AR) @[ IoU=0.50:0.95 | area=medium | maxDets=100 ] = -1.000
 Average Recall     (AR) @[ IoU=0.50:0.95 | area= large | maxDets=100 ] = -1.000
 Average Recall     (AR) @[ IoU=0.50      | area=   all | maxDets=100 ] = 1.000
 Average Recall     (AR) @[ IoU=0.75      | area=   all | maxDets=100 ] = 0.625
best_stat: {'epoch': 7, 'coco_eval_bbox': 0.3864993927202564}
Epoch: [12/30]  [ 0/44]  eta: 0:00:34  lr: 0.000100  loss: 16.0884 (16.0884)  loss_mal: 0.5972 (0.5972)  loss_bbox: 0.0241 (0.0241)  loss_giou: 0.3318 (0.3318)  loss_fgl: 1.1854 (1.1854)  loss_mal_aux_0: 0.6326 (0.6326)  loss_bbox_aux_0: 0.0244 (0.0244)  loss_giou_aux_0: 0.3366 (0.3366)  loss_fgl_aux_0: 1.1882 (1.1882)  loss_ddf_aux_0: 0.0067 (0.0067)  loss_mal_aux_1: 0.5942 (0.5942)  loss_bbox_aux_1: 0.0240 (0.0240)  loss_giou_aux_1: 0.3309 (0.3309)  loss_fgl_aux_1: 1.1840 (1.1840)  loss_ddf_aux_1: 0.0006 (0.0006)  loss_mal_pre: 0.6324 (0.6324)  loss_bbox_pre: 0.0245 (0.0245)  loss_giou_pre: 0.3372 (0.3372)  loss_mal_enc_0: 0.7052 (0.7052)  loss_bbox_enc_0: 0.0290 (0.0290)  loss_giou_enc_0: 0.3933 (0.3933)  loss_mal_dn_0: 0.6682 (0.6682)  loss_bbox_dn_0: 0.0259 (0.0259)  loss_giou_dn_0: 0.3537 (0.3537)  loss_fgl_dn_0: 1.2034 (1.2034)  loss_ddf_dn_0: 0.1198 (0.1198)  loss_mal_dn_1: 0.5822 (0.5822)  loss_bbox_dn_1: 0.0208 (0.0208)  loss_giou_dn_1: 0.2906 (0.2906)  loss_fgl_dn_1: 1.1431 (1.1431)  loss_ddf_dn_1: 0.0053 (0.0053)  loss_mal_dn_2: 0.5812 (0.5812)  loss_bbox_dn_2: 0.0211 (0.0211)  loss_giou_dn_2: 0.2937 (0.2937)  loss_fgl_dn_2: 1.1457 (1.1457)  loss_ddf_dn_2: -0.0000 (0.0000)  loss_mal_dn_pre: 0.6703 (0.6703)  loss_bbox_dn_pre: 0.0260 (0.0260)  loss_giou_dn_pre: 0.3549 (0.3549)  time: 0.7877  data: 0.2454  max mem: 5225
Epoch: [12/30]  [10/44]  eta: 0:00:15  lr: 0.000100  loss: 17.1242 (17.0066)  loss_mal: 0.6346 (0.6370)  loss_bbox: 0.0271 (0.0281)  loss_giou: 0.3851 (0.3715)  loss_fgl: 1.2509 (1.2283)  loss_mal_aux_0: 0.6986 (0.7000)  loss_bbox_aux_0: 0.0277 (0.0286)  loss_giou_aux_0: 0.3786 (0.3784)  loss_fgl_aux_0: 1.2508 (1.2374)  loss_ddf_aux_0: 0.0082 (0.0083)  loss_mal_aux_1: 0.6416 (0.6455)  loss_bbox_aux_1: 0.0270 (0.0281)  loss_giou_aux_1: 0.3847 (0.3715)  loss_fgl_aux_1: 1.2485 (1.2276)  loss_ddf_aux_1: 0.0006 (0.0006)  loss_mal_pre: 0.7026 (0.6979)  loss_bbox_pre: 0.0270 (0.0286)  loss_giou_pre: 0.3812 (0.3780)  loss_mal_enc_0: 0.7434 (0.7446)  loss_bbox_enc_0: 0.0304 (0.0309)  loss_giou_enc_0: 0.3985 (0.4036)  loss_mal_dn_0: 0.6883 (0.6816)  loss_bbox_dn_0: 0.0306 (0.0301)  loss_giou_dn_0: 0.4048 (0.3973)  loss_fgl_dn_0: 1.2644 (1.2544)  loss_ddf_dn_0: 0.1246 (0.1247)  loss_mal_dn_1: 0.5940 (0.6007)  loss_bbox_dn_1: 0.0226 (0.0231)  loss_giou_dn_1: 0.3069 (0.3124)  loss_fgl_dn_1: 1.1760 (1.1794)  loss_ddf_dn_1: 0.0058 (0.0060)  loss_mal_dn_2: 0.5917 (0.5994)  loss_bbox_dn_2: 0.0226 (0.0231)  loss_giou_dn_2: 0.3034 (0.3120)  loss_fgl_dn_2: 1.1767 (1.1796)  loss_ddf_dn_2: -0.0000 (0.0000)  loss_mal_dn_pre: 0.6890 (0.6823)  loss_bbox_dn_pre: 0.0301 (0.0300)  loss_giou_dn_pre: 0.4040 (0.3962)  time: 0.4673  data: 0.0365  max mem: 5225
Epoch: [12/30]  [20/44]  eta: 0:00:12  lr: 0.000100  loss: 17.0269 (16.9868)  loss_mal: 0.6413 (0.6372)  loss_bbox: 0.0281 (0.0285)  loss_giou: 0.3781 (0.3763)  loss_fgl: 1.2274 (1.2264)  loss_mal_aux_0: 0.6959 (0.6933)  loss_bbox_aux_0: 0.0295 (0.0295)  loss_giou_aux_0: 0.3965 (0.3871)  loss_fgl_aux_0: 1.2441 (1.2347)  loss_ddf_aux_0: 0.0091 (0.0091)  loss_mal_aux_1: 0.6509 (0.6450)  loss_bbox_aux_1: 0.0281 (0.0285)  loss_giou_aux_1: 0.3787 (0.3764)  loss_fgl_aux_1: 1.2288 (1.2260)  loss_ddf_aux_1: 0.0006 (0.0006)  loss_mal_pre: 0.6950 (0.6918)  loss_bbox_pre: 0.0291 (0.0294)  loss_giou_pre: 0.3861 (0.3860)  loss_mal_enc_0: 0.7382 (0.7413)  loss_bbox_enc_0: 0.0320 (0.0319)  loss_giou_enc_0: 0.4172 (0.4152)  loss_mal_dn_0: 0.6866 (0.6806)  loss_bbox_dn_0: 0.0306 (0.0302)  loss_giou_dn_0: 0.4036 (0.3972)  loss_fgl_dn_0: 1.2359 (1.2393)  loss_ddf_dn_0: 0.1246 (0.1264)  loss_mal_dn_1: 0.6005 (0.6004)  loss_bbox_dn_1: 0.0230 (0.0231)  loss_giou_dn_1: 0.3085 (0.3125)  loss_fgl_dn_1: 1.1640 (1.1688)  loss_ddf_dn_1: 0.0059 (0.0060)  loss_mal_dn_2: 0.6000 (0.5986)  loss_bbox_dn_2: 0.0228 (0.0230)  loss_giou_dn_2: 0.3091 (0.3113)  loss_fgl_dn_2: 1.1641 (1.1683)  loss_ddf_dn_2: -0.0000 (0.0000)  loss_mal_dn_pre: 0.6862 (0.6815)  loss_bbox_dn_pre: 0.0301 (0.0300)  loss_giou_dn_pre: 0.4030 (0.3955)  time: 0.5077  data: 0.0155  max mem: 5225
Epoch: [12/30]  [30/44]  eta: 0:00:07  lr: 0.000100  loss: 16.9931 (17.0192)  loss_mal: 0.6385 (0.6367)  loss_bbox: 0.0298 (0.0288)  loss_giou: 0.3781 (0.3788)  loss_fgl: 1.2258 (1.2262)  loss_mal_aux_0: 0.6839 (0.6918)  loss_bbox_aux_0: 0.0304 (0.0296)  loss_giou_aux_0: 0.3965 (0.3883)  loss_fgl_aux_0: 1.2336 (1.2338)  loss_ddf_aux_0: 0.0091 (0.0088)  loss_mal_aux_1: 0.6487 (0.6444)  loss_bbox_aux_1: 0.0300 (0.0288)  loss_giou_aux_1: 0.3787 (0.3788)  loss_fgl_aux_1: 1.2259 (1.2260)  loss_ddf_aux_1: 0.0005 (0.0006)  loss_mal_pre: 0.6788 (0.6911)  loss_bbox_pre: 0.0308 (0.0296)  loss_giou_pre: 0.3864 (0.3883)  loss_mal_enc_0: 0.7382 (0.7443)  loss_bbox_enc_0: 0.0338 (0.0322)  loss_giou_enc_0: 0.4220 (0.4179)  loss_mal_dn_0: 0.6804 (0.6817)  loss_bbox_dn_0: 0.0307 (0.0304)  loss_giou_dn_0: 0.4015 (0.3990)  loss_fgl_dn_0: 1.2298 (1.2404)  loss_ddf_dn_0: 0.1258 (0.1275)  loss_mal_dn_1: 0.6051 (0.6018)  loss_bbox_dn_1: 0.0230 (0.0233)  loss_giou_dn_1: 0.3140 (0.3150)  loss_fgl_dn_1: 1.1589 (1.1706)  loss_ddf_dn_1: 0.0060 (0.0060)  loss_mal_dn_2: 0.6010 (0.5998)  loss_bbox_dn_2: 0.0228 (0.0233)  loss_giou_dn_2: 0.3157 (0.3141)  loss_fgl_dn_2: 1.1593 (1.1702)  loss_ddf_dn_2: -0.0000 (0.0000)  loss_mal_dn_pre: 0.6804 (0.6826)  loss_bbox_dn_pre: 0.0308 (0.0303)  loss_giou_dn_pre: 0.4008 (0.3983)  time: 0.5713  data: 0.0159  max mem: 5225
Epoch: [12/30]  [40/44]  eta: 0:00:02  lr: 0.000100  loss: 16.6864 (16.9469)  loss_mal: 0.6295 (0.6348)  loss_bbox: 0.0296 (0.0285)  loss_giou: 0.3723 (0.3751)  loss_fgl: 1.2188 (1.2229)  loss_mal_aux_0: 0.6753 (0.6879)  loss_bbox_aux_0: 0.0304 (0.0294)  loss_giou_aux_0: 0.3788 (0.3860)  loss_fgl_aux_0: 1.2316 (1.2314)  loss_ddf_aux_0: 0.0091 (0.0091)  loss_mal_aux_1: 0.6376 (0.6417)  loss_bbox_aux_1: 0.0297 (0.0285)  loss_giou_aux_1: 0.3747 (0.3754)  loss_fgl_aux_1: 1.2187 (1.2230)  loss_ddf_aux_1: 0.0005 (0.0006)  loss_mal_pre: 0.6727 (0.6871)  loss_bbox_pre: 0.0308 (0.0294)  loss_giou_pre: 0.3795 (0.3857)  loss_mal_enc_0: 0.7353 (0.7410)  loss_bbox_enc_0: 0.0320 (0.0318)  loss_giou_enc_0: 0.4084 (0.4133)  loss_mal_dn_0: 0.6833 (0.6821)  loss_bbox_dn_0: 0.0307 (0.0303)  loss_giou_dn_0: 0.3935 (0.3974)  loss_fgl_dn_0: 1.2255 (1.2355)  loss_ddf_dn_0: 0.1240 (0.1253)  loss_mal_dn_1: 0.5994 (0.6005)  loss_bbox_dn_1: 0.0228 (0.0231)  loss_giou_dn_1: 0.3059 (0.3125)  loss_fgl_dn_1: 1.1566 (1.1652)  loss_ddf_dn_1: 0.0049 (0.0057)  loss_mal_dn_2: 0.5953 (0.5983)  loss_bbox_dn_2: 0.0228 (0.0231)  loss_giou_dn_2: 0.3074 (0.3117)  loss_fgl_dn_2: 1.1556 (1.1648)  loss_ddf_dn_2: -0.0000 (0.0000)  loss_mal_dn_pre: 0.6845 (0.6827)  loss_bbox_dn_pre: 0.0310 (0.0301)  loss_giou_dn_pre: 0.3957 (0.3963)  time: 0.5668  data: 0.0159  max mem: 5225
Epoch: [12/30]  [43/44]  eta: 0:00:00  lr: 0.000100  loss: 16.5935 (16.9222)  loss_mal: 0.6232 (0.6335)  loss_bbox: 0.0276 (0.0283)  loss_giou: 0.3569 (0.3741)  loss_fgl: 1.2153 (1.2207)  loss_mal_aux_0: 0.6753 (0.6864)  loss_bbox_aux_0: 0.0293 (0.0292)  loss_giou_aux_0: 0.3741 (0.3851)  loss_fgl_aux_0: 1.2266 (1.2299)  loss_ddf_aux_0: 0.0091 (0.0091)  loss_mal_aux_1: 0.6288 (0.6403)  loss_bbox_aux_1: 0.0278 (0.0283)  loss_giou_aux_1: 0.3570 (0.3744)  loss_fgl_aux_1: 1.2117 (1.2208)  loss_ddf_aux_1: 0.0005 (0.0006)  loss_mal_pre: 0.6727 (0.6855)  loss_bbox_pre: 0.0284 (0.0292)  loss_giou_pre: 0.3703 (0.3849)  loss_mal_enc_0: 0.7307 (0.7404)  loss_bbox_enc_0: 0.0314 (0.0316)  loss_giou_enc_0: 0.4013 (0.4130)  loss_mal_dn_0: 0.6826 (0.6821)  loss_bbox_dn_0: 0.0307 (0.0301)  loss_giou_dn_0: 0.3861 (0.3978)  loss_fgl_dn_0: 1.2179 (1.2347)  loss_ddf_dn_0: 0.1232 (0.1242)  loss_mal_dn_1: 0.5926 (0.5998)  loss_bbox_dn_1: 0.0222 (0.0230)  loss_giou_dn_1: 0.3027 (0.3124)  loss_fgl_dn_1: 1.1545 (1.1633)  loss_ddf_dn_1: 0.0049 (0.0056)  loss_mal_dn_2: 0.5905 (0.5976)  loss_bbox_dn_2: 0.0225 (0.0229)  loss_giou_dn_2: 0.2992 (0.3115)  loss_fgl_dn_2: 1.1545 (1.1628)  loss_ddf_dn_2: -0.0000 (0.0000)  loss_mal_dn_pre: 0.6818 (0.6828)  loss_bbox_dn_pre: 0.0310 (0.0300)  loss_giou_dn_pre: 0.3856 (0.3967)  time: 0.5683  data: 0.0156  max mem: 5225
Epoch: [12/30] Total time: 0:00:23 (0.5454 s / it)
Averaged stats: lr: 0.000100  loss: 16.5935 (16.9222)  loss_mal: 0.6232 (0.6335)  loss_bbox: 0.0276 (0.0283)  loss_giou: 0.3569 (0.3741)  loss_fgl: 1.2153 (1.2207)  loss_mal_aux_0: 0.6753 (0.6864)  loss_bbox_aux_0: 0.0293 (0.0292)  loss_giou_aux_0: 0.3741 (0.3851)  loss_fgl_aux_0: 1.2266 (1.2299)  loss_ddf_aux_0: 0.0091 (0.0091)  loss_mal_aux_1: 0.6288 (0.6403)  loss_bbox_aux_1: 0.0278 (0.0283)  loss_giou_aux_1: 0.3570 (0.3744)  loss_fgl_aux_1: 1.2117 (1.2208)  loss_ddf_aux_1: 0.0005 (0.0006)  loss_mal_pre: 0.6727 (0.6855)  loss_bbox_pre: 0.0284 (0.0292)  loss_giou_pre: 0.3703 (0.3849)  loss_mal_enc_0: 0.7307 (0.7404)  loss_bbox_enc_0: 0.0314 (0.0316)  loss_giou_enc_0: 0.4013 (0.4130)  loss_mal_dn_0: 0.6826 (0.6821)  loss_bbox_dn_0: 0.0307 (0.0301)  loss_giou_dn_0: 0.3861 (0.3978)  loss_fgl_dn_0: 1.2179 (1.2347)  loss_ddf_dn_0: 0.1232 (0.1242)  loss_mal_dn_1: 0.5926 (0.5998)  loss_bbox_dn_1: 0.0222 (0.0230)  loss_giou_dn_1: 0.3027 (0.3124)  loss_fgl_dn_1: 1.1545 (1.1633)  loss_ddf_dn_1: 0.0049 (0.0056)  loss_mal_dn_2: 0.5905 (0.5976)  loss_bbox_dn_2: 0.0225 (0.0229)  loss_giou_dn_2: 0.2992 (0.3115)  loss_fgl_dn_2: 1.1545 (1.1628)  loss_ddf_dn_2: -0.0000 (0.0000)  loss_mal_dn_pre: 0.6818 (0.6828)  loss_bbox_dn_pre: 0.0310 (0.0300)  loss_giou_dn_pre: 0.3856 (0.3967)
Test:  [0/9]  eta: 0:00:03    time: 0.3451  data: 0.2445  max mem: 5225
Test:  [8/9]  eta: 0:00:00    time: 0.1603  data: 0.0423  max mem: 5225
Test: Total time: 0:00:01 (0.1642 s / it)
Metrics: {'f1': 0.9759450171821307, 'precision': 0.9659863945578231, 'recall': 0.9861111111111112, 'iou': 0.6720516085624695, 'TPs': 142, 'FPs': 5, 'FNs': 2}
Averaged stats: 
Accumulating evaluation results...
COCOeval_opt.accumulate() finished...
DONE (t=0.01s).
IoU metric: bbox
 Average Precision  (AP) @[ IoU=0.50:0.95 | area=   all | maxDets=100 ] = 0.376
 Average Precision  (AP) @[ IoU=0.50      | area=   all | maxDets=100 ] = 0.977
 Average Precision  (AP) @[ IoU=0.75      | area=   all | maxDets=100 ] = 0.148
 Average Precision  (AP) @[ IoU=0.50:0.95 | area= small | maxDets=100 ] = 0.376
 Average Precision  (AP) @[ IoU=0.50:0.95 | area=medium | maxDets=100 ] = -1.000
 Average Precision  (AP) @[ IoU=0.50:0.95 | area= large | maxDets=100 ] = -1.000
 Average Recall     (AR) @[ IoU=0.50:0.95 | area=   all | maxDets=  1 ] = 0.207
 Average Recall     (AR) @[ IoU=0.50:0.95 | area=   all | maxDets= 10 ] = 0.486
 Average Recall     (AR) @[ IoU=0.50:0.95 | area=   all | maxDets=100 ] = 0.581
 Average Recall     (AR) @[ IoU=0.50:0.95 | area= small | maxDets=100 ] = 0.581
 Average Recall     (AR) @[ IoU=0.50:0.95 | area=medium | maxDets=100 ] = -1.000
 Average Recall     (AR) @[ IoU=0.50:0.95 | area= large | maxDets=100 ] = -1.000
 Average Recall     (AR) @[ IoU=0.50      | area=   all | maxDets=100 ] = 1.000
 Average Recall     (AR) @[ IoU=0.75      | area=   all | maxDets=100 ] = 0.590
best_stat: {'epoch': 7, 'coco_eval_bbox': 0.3864993927202564}
Epoch: [13/30]  [ 0/44]  eta: 0:00:35  lr: 0.000100  loss: 16.9685 (16.9685)  loss_mal: 0.6159 (0.6159)  loss_bbox: 0.0294 (0.0294)  loss_giou: 0.3595 (0.3595)  loss_fgl: 1.2251 (1.2251)  loss_mal_aux_0: 0.6926 (0.6926)  loss_bbox_aux_0: 0.0318 (0.0318)  loss_giou_aux_0: 0.3854 (0.3854)  loss_fgl_aux_0: 1.2341 (1.2341)  loss_ddf_aux_0: 0.0097 (0.0097)  loss_mal_aux_1: 0.6218 (0.6218)  loss_bbox_aux_1: 0.0295 (0.0295)  loss_giou_aux_1: 0.3608 (0.3608)  loss_fgl_aux_1: 1.2284 (1.2284)  loss_ddf_aux_1: 0.0006 (0.0006)  loss_mal_pre: 0.6930 (0.6930)  loss_bbox_pre: 0.0320 (0.0320)  loss_giou_pre: 0.3863 (0.3863)  loss_mal_enc_0: 0.7616 (0.7616)  loss_bbox_enc_0: 0.0354 (0.0354)  loss_giou_enc_0: 0.4248 (0.4248)  loss_mal_dn_0: 0.6728 (0.6728)  loss_bbox_dn_0: 0.0327 (0.0327)  loss_giou_dn_0: 0.3967 (0.3967)  loss_fgl_dn_0: 1.2420 (1.2420)  loss_ddf_dn_0: 0.1576 (0.1576)  loss_mal_dn_1: 0.5962 (0.5962)  loss_bbox_dn_1: 0.0248 (0.0248)  loss_giou_dn_1: 0.3099 (0.3099)  loss_fgl_dn_1: 1.1732 (1.1732)  loss_ddf_dn_1: 0.0080 (0.0080)  loss_mal_dn_2: 0.5899 (0.5899)  loss_bbox_dn_2: 0.0245 (0.0245)  loss_giou_dn_2: 0.3066 (0.3066)  loss_fgl_dn_2: 1.1713 (1.1713)  loss_ddf_dn_2: -0.0000 (0.0000)  loss_mal_dn_pre: 0.6745 (0.6745)  loss_bbox_dn_pre: 0.0328 (0.0328)  loss_giou_dn_pre: 0.3974 (0.3974)  time: 0.8024  data: 0.2644  max mem: 5225
Epoch: [13/30]  [10/44]  eta: 0:00:17  lr: 0.000100  loss: 16.8862 (16.8170)  loss_mal: 0.6296 (0.6306)  loss_bbox: 0.0271 (0.0272)  loss_giou: 0.3595 (0.3679)  loss_fgl: 1.2186 (1.2162)  loss_mal_aux_0: 0.6779 (0.6743)  loss_bbox_aux_0: 0.0271 (0.0278)  loss_giou_aux_0: 0.3849 (0.3733)  loss_fgl_aux_0: 1.2317 (1.2261)  loss_ddf_aux_0: 0.0107 (0.0111)  loss_mal_aux_1: 0.6365 (0.6354)  loss_bbox_aux_1: 0.0269 (0.0273)  loss_giou_aux_1: 0.3608 (0.3684)  loss_fgl_aux_1: 1.2169 (1.2176)  loss_ddf_aux_1: 0.0007 (0.0007)  loss_mal_pre: 0.6786 (0.6730)  loss_bbox_pre: 0.0267 (0.0278)  loss_giou_pre: 0.3774 (0.3742)  loss_mal_enc_0: 0.7481 (0.7423)  loss_bbox_enc_0: 0.0275 (0.0299)  loss_giou_enc_0: 0.4043 (0.4000)  loss_mal_dn_0: 0.6832 (0.6775)  loss_bbox_dn_0: 0.0295 (0.0292)  loss_giou_dn_0: 0.4087 (0.3952)  loss_fgl_dn_0: 1.2346 (1.2301)  loss_ddf_dn_0: 0.1264 (0.1325)  loss_mal_dn_1: 0.6010 (0.5994)  loss_bbox_dn_1: 0.0224 (0.0227)  loss_giou_dn_1: 0.3100 (0.3134)  loss_fgl_dn_1: 1.1670 (1.1637)  loss_ddf_dn_1: 0.0058 (0.0058)  loss_mal_dn_2: 0.5952 (0.5969)  loss_bbox_dn_2: 0.0221 (0.0226)  loss_giou_dn_2: 0.3108 (0.3120)  loss_fgl_dn_2: 1.1689 (1.1634)  loss_ddf_dn_2: -0.0000 (0.0000)  loss_mal_dn_pre: 0.6846 (0.6786)  loss_bbox_dn_pre: 0.0296 (0.0290)  loss_giou_dn_pre: 0.4051 (0.3940)  time: 0.5071  data: 0.0368  max mem: 5225
Epoch: [13/30]  [20/44]  eta: 0:00:12  lr: 0.000100  loss: 16.8862 (17.0133)  loss_mal: 0.6331 (0.6362)  loss_bbox: 0.0272 (0.0280)  loss_giou: 0.3709 (0.3791)  loss_fgl: 1.2276 (1.2286)  loss_mal_aux_0: 0.6778 (0.6808)  loss_bbox_aux_0: 0.0271 (0.0287)  loss_giou_aux_0: 0.3849 (0.3878)  loss_fgl_aux_0: 1.2317 (1.2355)  loss_ddf_aux_0: 0.0107 (0.0107)  loss_mal_aux_1: 0.6423 (0.6425)  loss_bbox_aux_1: 0.0273 (0.0280)  loss_giou_aux_1: 0.3703 (0.3790)  loss_fgl_aux_1: 1.2314 (1.2287)  loss_ddf_aux_1: 0.0007 (0.0007)  loss_mal_pre: 0.6772 (0.6790)  loss_bbox_pre: 0.0267 (0.0287)  loss_giou_pre: 0.3774 (0.3877)  loss_mal_enc_0: 0.7430 (0.7448)  loss_bbox_enc_0: 0.0278 (0.0306)  loss_giou_enc_0: 0.4043 (0.4107)  loss_mal_dn_0: 0.6857 (0.6836)  loss_bbox_dn_0: 0.0295 (0.0298)  loss_giou_dn_0: 0.4093 (0.4023)  loss_fgl_dn_0: 1.2456 (1.2423)  loss_ddf_dn_0: 0.1264 (0.1335)  loss_mal_dn_1: 0.6015 (0.6042)  loss_bbox_dn_1: 0.0224 (0.0228)  loss_giou_dn_1: 0.3159 (0.3160)  loss_fgl_dn_1: 1.1674 (1.1707)  loss_ddf_dn_1: 0.0058 (0.0063)  loss_mal_dn_2: 0.6006 (0.6017)  loss_bbox_dn_2: 0.0224 (0.0227)  loss_giou_dn_2: 0.3108 (0.3153)  loss_fgl_dn_2: 1.1689 (1.1710)  loss_ddf_dn_2: -0.0000 (0.0000)  loss_mal_dn_pre: 0.6851 (0.6846)  loss_bbox_dn_pre: 0.0296 (0.0296)  loss_giou_dn_pre: 0.4056 (0.4007)  time: 0.5169  data: 0.0148  max mem: 5225
Epoch: [13/30]  [30/44]  eta: 0:00:07  lr: 0.000100  loss: 16.7760 (16.9076)  loss_mal: 0.6261 (0.6313)  loss_bbox: 0.0274 (0.0276)  loss_giou: 0.3537 (0.3712)  loss_fgl: 1.2112 (1.2213)  loss_mal_aux_0: 0.6754 (0.6782)  loss_bbox_aux_0: 0.0280 (0.0284)  loss_giou_aux_0: 0.3715 (0.3816)  loss_fgl_aux_0: 1.2272 (1.2311)  loss_ddf_aux_0: 0.0101 (0.0105)  loss_mal_aux_1: 0.6319 (0.6376)  loss_bbox_aux_1: 0.0274 (0.0276)  loss_giou_aux_1: 0.3559 (0.3716)  loss_fgl_aux_1: 1.2099 (1.2219)  loss_ddf_aux_1: 0.0007 (0.0007)  loss_mal_pre: 0.6704 (0.6768)  loss_bbox_pre: 0.0278 (0.0285)  loss_giou_pre: 0.3704 (0.3816)  loss_mal_enc_0: 0.7429 (0.7409)  loss_bbox_enc_0: 0.0300 (0.0304)  loss_giou_enc_0: 0.3924 (0.4053)  loss_mal_dn_0: 0.6845 (0.6823)  loss_bbox_dn_0: 0.0309 (0.0300)  loss_giou_dn_0: 0.4009 (0.4006)  loss_fgl_dn_0: 1.2451 (1.2382)  loss_ddf_dn_0: 0.1221 (0.1292)  loss_mal_dn_1: 0.6019 (0.6022)  loss_bbox_dn_1: 0.0234 (0.0230)  loss_giou_dn_1: 0.3123 (0.3148)  loss_fgl_dn_1: 1.1656 (1.1650)  loss_ddf_dn_1: 0.0057 (0.0061)  loss_mal_dn_2: 0.5992 (0.5999)  loss_bbox_dn_2: 0.0232 (0.0228)  loss_giou_dn_2: 0.3101 (0.3134)  loss_fgl_dn_2: 1.1632 (1.1645)  loss_ddf_dn_2: -0.0000 (0.0000)  loss_mal_dn_pre: 0.6827 (0.6832)  loss_bbox_dn_pre: 0.0308 (0.0298)  loss_giou_dn_pre: 0.3968 (0.3986)  time: 0.5561  data: 0.0154  max mem: 5225
Epoch: [13/30]  [40/44]  eta: 0:00:02  lr: 0.000100  loss: 16.5532 (16.7966)  loss_mal: 0.6161 (0.6255)  loss_bbox: 0.0249 (0.0268)  loss_giou: 0.3393 (0.3623)  loss_fgl: 1.2016 (1.2166)  loss_mal_aux_0: 0.6664 (0.6773)  loss_bbox_aux_0: 0.0261 (0.0277)  loss_giou_aux_0: 0.3490 (0.3738)  loss_fgl_aux_0: 1.2194 (1.2279)  loss_ddf_aux_0: 0.0103 (0.0105)  loss_mal_aux_1: 0.6251 (0.6316)  loss_bbox_aux_1: 0.0247 (0.0268)  loss_giou_aux_1: 0.3408 (0.3626)  loss_fgl_aux_1: 1.2041 (1.2172)  loss_ddf_aux_1: 0.0007 (0.0007)  loss_mal_pre: 0.6650 (0.6761)  loss_bbox_pre: 0.0261 (0.0278)  loss_giou_pre: 0.3545 (0.3742)  loss_mal_enc_0: 0.7409 (0.7382)  loss_bbox_enc_0: 0.0288 (0.0300)  loss_giou_enc_0: 0.3855 (0.4018)  loss_mal_dn_0: 0.6692 (0.6798)  loss_bbox_dn_0: 0.0290 (0.0296)  loss_giou_dn_0: 0.3827 (0.3962)  loss_fgl_dn_0: 1.2319 (1.2379)  loss_ddf_dn_0: 0.1235 (0.1301)  loss_mal_dn_1: 0.5841 (0.5972)  loss_bbox_dn_1: 0.0215 (0.0225)  loss_giou_dn_1: 0.2933 (0.3092)  loss_fgl_dn_1: 1.1535 (1.1622)  loss_ddf_dn_1: 0.0054 (0.0061)  loss_mal_dn_2: 0.5812 (0.5945)  loss_bbox_dn_2: 0.0212 (0.0223)  loss_giou_dn_2: 0.2898 (0.3074)  loss_fgl_dn_2: 1.1500 (1.1612)  loss_ddf_dn_2: -0.0000 (0.0000)  loss_mal_dn_pre: 0.6720 (0.6810)  loss_bbox_dn_pre: 0.0288 (0.0294)  loss_giou_dn_pre: 0.3807 (0.3947)  time: 0.5555  data: 0.0156  max mem: 5225
Epoch: [13/30]  [43/44]  eta: 0:00:00  lr: 0.000100  loss: 16.4863 (16.7939)  loss_mal: 0.6134 (0.6254)  loss_bbox: 0.0247 (0.0270)  loss_giou: 0.3393 (0.3633)  loss_fgl: 1.2046 (1.2167)  loss_mal_aux_0: 0.6632 (0.6752)  loss_bbox_aux_0: 0.0261 (0.0280)  loss_giou_aux_0: 0.3490 (0.3750)  loss_fgl_aux_0: 1.2220 (1.2279)  loss_ddf_aux_0: 0.0108 (0.0108)  loss_mal_aux_1: 0.6152 (0.6310)  loss_bbox_aux_1: 0.0247 (0.0270)  loss_giou_aux_1: 0.3404 (0.3636)  loss_fgl_aux_1: 1.2042 (1.2172)  loss_ddf_aux_1: 0.0007 (0.0007)  loss_mal_pre: 0.6628 (0.6741)  loss_bbox_pre: 0.0261 (0.0280)  loss_giou_pre: 0.3545 (0.3754)  loss_mal_enc_0: 0.7267 (0.7372)  loss_bbox_enc_0: 0.0288 (0.0303)  loss_giou_enc_0: 0.3855 (0.4034)  loss_mal_dn_0: 0.6692 (0.6788)  loss_bbox_dn_0: 0.0293 (0.0297)  loss_giou_dn_0: 0.3880 (0.3952)  loss_fgl_dn_0: 1.2397 (1.2372)  loss_ddf_dn_0: 0.1235 (0.1293)  loss_mal_dn_1: 0.5830 (0.5972)  loss_bbox_dn_1: 0.0215 (0.0226)  loss_giou_dn_1: 0.2912 (0.3091)  loss_fgl_dn_1: 1.1535 (1.1624)  loss_ddf_dn_1: 0.0056 (0.0061)  loss_mal_dn_2: 0.5806 (0.5947)  loss_bbox_dn_2: 0.0212 (0.0224)  loss_giou_dn_2: 0.2893 (0.3074)  loss_fgl_dn_2: 1.1479 (1.1614)  loss_ddf_dn_2: -0.0000 (0.0000)  loss_mal_dn_pre: 0.6720 (0.6800)  loss_bbox_dn_pre: 0.0290 (0.0295)  loss_giou_dn_pre: 0.3868 (0.3937)  time: 0.5523  data: 0.0155  max mem: 5225
Epoch: [13/30] Total time: 0:00:23 (0.5431 s / it)
Averaged stats: lr: 0.000100  loss: 16.4863 (16.7939)  loss_mal: 0.6134 (0.6254)  loss_bbox: 0.0247 (0.0270)  loss_giou: 0.3393 (0.3633)  loss_fgl: 1.2046 (1.2167)  loss_mal_aux_0: 0.6632 (0.6752)  loss_bbox_aux_0: 0.0261 (0.0280)  loss_giou_aux_0: 0.3490 (0.3750)  loss_fgl_aux_0: 1.2220 (1.2279)  loss_ddf_aux_0: 0.0108 (0.0108)  loss_mal_aux_1: 0.6152 (0.6310)  loss_bbox_aux_1: 0.0247 (0.0270)  loss_giou_aux_1: 0.3404 (0.3636)  loss_fgl_aux_1: 1.2042 (1.2172)  loss_ddf_aux_1: 0.0007 (0.0007)  loss_mal_pre: 0.6628 (0.6741)  loss_bbox_pre: 0.0261 (0.0280)  loss_giou_pre: 0.3545 (0.3754)  loss_mal_enc_0: 0.7267 (0.7372)  loss_bbox_enc_0: 0.0288 (0.0303)  loss_giou_enc_0: 0.3855 (0.4034)  loss_mal_dn_0: 0.6692 (0.6788)  loss_bbox_dn_0: 0.0293 (0.0297)  loss_giou_dn_0: 0.3880 (0.3952)  loss_fgl_dn_0: 1.2397 (1.2372)  loss_ddf_dn_0: 0.1235 (0.1293)  loss_mal_dn_1: 0.5830 (0.5972)  loss_bbox_dn_1: 0.0215 (0.0226)  loss_giou_dn_1: 0.2912 (0.3091)  loss_fgl_dn_1: 1.1535 (1.1624)  loss_ddf_dn_1: 0.0056 (0.0061)  loss_mal_dn_2: 0.5806 (0.5947)  loss_bbox_dn_2: 0.0212 (0.0224)  loss_giou_dn_2: 0.2893 (0.3074)  loss_fgl_dn_2: 1.1479 (1.1614)  loss_ddf_dn_2: -0.0000 (0.0000)  loss_mal_dn_pre: 0.6720 (0.6800)  loss_bbox_dn_pre: 0.0290 (0.0295)  loss_giou_dn_pre: 0.3868 (0.3937)
Test:  [0/9]  eta: 0:00:03    time: 0.3577  data: 0.2632  max mem: 5225
Test:  [8/9]  eta: 0:00:00    time: 0.1439  data: 0.0412  max mem: 5225
Test: Total time: 0:00:01 (0.1481 s / it)
Metrics: {'f1': 0.9861111111111112, 'precision': 0.9861111111111112, 'recall': 0.9861111111111112, 'iou': 0.685241847822111, 'TPs': 142, 'FPs': 2, 'FNs': 2}
Averaged stats: 
Accumulating evaluation results...
COCOeval_opt.accumulate() finished...
DONE (t=0.01s).
IoU metric: bbox
 Average Precision  (AP) @[ IoU=0.50:0.95 | area=   all | maxDets=100 ] = 0.378
 Average Precision  (AP) @[ IoU=0.50      | area=   all | maxDets=100 ] = 0.977
 Average Precision  (AP) @[ IoU=0.75      | area=   all | maxDets=100 ] = 0.155
 Average Precision  (AP) @[ IoU=0.50:0.95 | area= small | maxDets=100 ] = 0.378
 Average Precision  (AP) @[ IoU=0.50:0.95 | area=medium | maxDets=100 ] = -1.000
 Average Precision  (AP) @[ IoU=0.50:0.95 | area= large | maxDets=100 ] = -1.000
 Average Recall     (AR) @[ IoU=0.50:0.95 | area=   all | maxDets=  1 ] = 0.208
 Average Recall     (AR) @[ IoU=0.50:0.95 | area=   all | maxDets= 10 ] = 0.485
 Average Recall     (AR) @[ IoU=0.50:0.95 | area=   all | maxDets=100 ] = 0.576
 Average Recall     (AR) @[ IoU=0.50:0.95 | area= small | maxDets=100 ] = 0.576
 Average Recall     (AR) @[ IoU=0.50:0.95 | area=medium | maxDets=100 ] = -1.000
 Average Recall     (AR) @[ IoU=0.50:0.95 | area= large | maxDets=100 ] = -1.000
 Average Recall     (AR) @[ IoU=0.50      | area=   all | maxDets=100 ] = 1.000
 Average Recall     (AR) @[ IoU=0.75      | area=   all | maxDets=100 ] = 0.604
best_stat: {'epoch': 7, 'coco_eval_bbox': 0.3864993927202564}
Epoch: [14/30]  [ 0/44]  eta: 0:00:35  lr: 0.000100  loss: 15.0251 (15.0251)  loss_mal: 0.5455 (0.5455)  loss_bbox: 0.0188 (0.0188)  loss_giou: 0.2625 (0.2625)  loss_fgl: 1.1349 (1.1349)  loss_mal_aux_0: 0.5947 (0.5947)  loss_bbox_aux_0: 0.0221 (0.0221)  loss_giou_aux_0: 0.3049 (0.3049)  loss_fgl_aux_0: 1.1799 (1.1799)  loss_ddf_aux_0: 0.0149 (0.0149)  loss_mal_aux_1: 0.5474 (0.5474)  loss_bbox_aux_1: 0.0188 (0.0188)  loss_giou_aux_1: 0.2627 (0.2627)  loss_fgl_aux_1: 1.1360 (1.1360)  loss_ddf_aux_1: 0.0007 (0.0007)  loss_mal_pre: 0.5972 (0.5972)  loss_bbox_pre: 0.0220 (0.0220)  loss_giou_pre: 0.3033 (0.3033)  loss_mal_enc_0: 0.6786 (0.6786)  loss_bbox_enc_0: 0.0247 (0.0247)  loss_giou_enc_0: 0.3375 (0.3375)  loss_mal_dn_0: 0.6339 (0.6339)  loss_bbox_dn_0: 0.0246 (0.0246)  loss_giou_dn_0: 0.3264 (0.3264)  loss_fgl_dn_0: 1.1792 (1.1792)  loss_ddf_dn_0: 0.1228 (0.1228)  loss_mal_dn_1: 0.5360 (0.5360)  loss_bbox_dn_1: 0.0171 (0.0171)  loss_giou_dn_1: 0.2395 (0.2395)  loss_fgl_dn_1: 1.0825 (1.0825)  loss_ddf_dn_1: 0.0055 (0.0055)  loss_mal_dn_2: 0.5311 (0.5311)  loss_bbox_dn_2: 0.0170 (0.0170)  loss_giou_dn_2: 0.2383 (0.2383)  loss_fgl_dn_2: 1.0791 (1.0791)  loss_ddf_dn_2: -0.0000 (0.0000)  loss_mal_dn_pre: 0.6386 (0.6386)  loss_bbox_dn_pre: 0.0238 (0.0238)  loss_giou_dn_pre: 0.3224 (0.3224)  time: 0.8043  data: 0.2329  max mem: 5225
Epoch: [14/30]  [10/44]  eta: 0:00:17  lr: 0.000100  loss: 16.0717 (16.0372)  loss_mal: 0.6050 (0.6014)  loss_bbox: 0.0227 (0.0234)  loss_giou: 0.3283 (0.3234)  loss_fgl: 1.1952 (1.1946)  loss_mal_aux_0: 0.6378 (0.6372)  loss_bbox_aux_0: 0.0246 (0.0248)  loss_giou_aux_0: 0.3406 (0.3390)  loss_fgl_aux_0: 1.2085 (1.2097)  loss_ddf_aux_0: 0.0115 (0.0118)  loss_mal_aux_1: 0.6088 (0.5999)  loss_bbox_aux_1: 0.0226 (0.0233)  loss_giou_aux_1: 0.3318 (0.3224)  loss_fgl_aux_1: 1.1879 (1.1938)  loss_ddf_aux_1: 0.0007 (0.0007)  loss_mal_pre: 0.6417 (0.6389)  loss_bbox_pre: 0.0255 (0.0249)  loss_giou_pre: 0.3381 (0.3404)  loss_mal_enc_0: 0.7176 (0.7181)  loss_bbox_enc_0: 0.0283 (0.0272)  loss_giou_enc_0: 0.3621 (0.3697)  loss_mal_dn_0: 0.6603 (0.6592)  loss_bbox_dn_0: 0.0267 (0.0264)  loss_giou_dn_0: 0.3441 (0.3597)  loss_fgl_dn_0: 1.2181 (1.2098)  loss_ddf_dn_0: 0.1178 (0.1182)  loss_mal_dn_1: 0.5684 (0.5692)  loss_bbox_dn_1: 0.0193 (0.0196)  loss_giou_dn_1: 0.2749 (0.2771)  loss_fgl_dn_1: 1.1315 (1.1282)  loss_ddf_dn_1: 0.0055 (0.0054)  loss_mal_dn_2: 0.5673 (0.5670)  loss_bbox_dn_2: 0.0192 (0.0196)  loss_giou_dn_2: 0.2729 (0.2771)  loss_fgl_dn_2: 1.1317 (1.1281)  loss_ddf_dn_2: -0.0000 (0.0000)  loss_mal_dn_pre: 0.6634 (0.6618)  loss_bbox_dn_pre: 0.0266 (0.0264)  loss_giou_dn_pre: 0.3456 (0.3598)  time: 0.5230  data: 0.0357  max mem: 5225
Epoch: [14/30]  [20/44]  eta: 0:00:12  lr: 0.000100  loss: 16.0717 (16.1230)  loss_mal: 0.5988 (0.6009)  loss_bbox: 0.0236 (0.0239)  loss_giou: 0.3265 (0.3311)  loss_fgl: 1.1952 (1.1929)  loss_mal_aux_0: 0.6469 (0.6437)  loss_bbox_aux_0: 0.0246 (0.0251)  loss_giou_aux_0: 0.3406 (0.3455)  loss_fgl_aux_0: 1.2045 (1.2057)  loss_ddf_aux_0: 0.0119 (0.0121)  loss_mal_aux_1: 0.5998 (0.6031)  loss_bbox_aux_1: 0.0235 (0.0239)  loss_giou_aux_1: 0.3278 (0.3307)  loss_fgl_aux_1: 1.1879 (1.1924)  loss_ddf_aux_1: 0.0007 (0.0008)  loss_mal_pre: 0.6485 (0.6446)  loss_bbox_pre: 0.0255 (0.0253)  loss_giou_pre: 0.3381 (0.3470)  loss_mal_enc_0: 0.7204 (0.7192)  loss_bbox_enc_0: 0.0284 (0.0276)  loss_giou_enc_0: 0.3824 (0.3751)  loss_mal_dn_0: 0.6603 (0.6631)  loss_bbox_dn_0: 0.0267 (0.0265)  loss_giou_dn_0: 0.3527 (0.3625)  loss_fgl_dn_0: 1.2181 (1.2163)  loss_ddf_dn_0: 0.1222 (0.1262)  loss_mal_dn_1: 0.5684 (0.5699)  loss_bbox_dn_1: 0.0193 (0.0198)  loss_giou_dn_1: 0.2738 (0.2787)  loss_fgl_dn_1: 1.1321 (1.1321)  loss_ddf_dn_1: 0.0055 (0.0057)  loss_mal_dn_2: 0.5636 (0.5676)  loss_bbox_dn_2: 0.0193 (0.0198)  loss_giou_dn_2: 0.2729 (0.2783)  loss_fgl_dn_2: 1.1317 (1.1317)  loss_ddf_dn_2: -0.0000 (0.0000)  loss_mal_dn_pre: 0.6634 (0.6652)  loss_bbox_dn_pre: 0.0268 (0.0265)  loss_giou_dn_pre: 0.3550 (0.3628)  time: 0.5280  data: 0.0160  max mem: 5225
Epoch: [14/30]  [30/44]  eta: 0:00:07  lr: 0.000100  loss: 15.8857 (16.0485)  loss_mal: 0.5929 (0.5990)  loss_bbox: 0.0236 (0.0237)  loss_giou: 0.3212 (0.3249)  loss_fgl: 1.1826 (1.1897)  loss_mal_aux_0: 0.6377 (0.6395)  loss_bbox_aux_0: 0.0241 (0.0247)  loss_giou_aux_0: 0.3349 (0.3372)  loss_fgl_aux_0: 1.1913 (1.2024)  loss_ddf_aux_0: 0.0121 (0.0120)  loss_mal_aux_1: 0.5997 (0.6020)  loss_bbox_aux_1: 0.0235 (0.0236)  loss_giou_aux_1: 0.3200 (0.3245)  loss_fgl_aux_1: 1.1825 (1.1895)  loss_ddf_aux_1: 0.0008 (0.0008)  loss_mal_pre: 0.6367 (0.6398)  loss_bbox_pre: 0.0246 (0.0248)  loss_giou_pre: 0.3323 (0.3381)  loss_mal_enc_0: 0.7156 (0.7190)  loss_bbox_enc_0: 0.0284 (0.0276)  loss_giou_enc_0: 0.3856 (0.3734)  loss_mal_dn_0: 0.6552 (0.6612)  loss_bbox_dn_0: 0.0255 (0.0265)  loss_giou_dn_0: 0.3511 (0.3597)  loss_fgl_dn_0: 1.2065 (1.2134)  loss_ddf_dn_0: 0.1331 (0.1285)  loss_mal_dn_1: 0.5653 (0.5694)  loss_bbox_dn_1: 0.0194 (0.0199)  loss_giou_dn_1: 0.2736 (0.2779)  loss_fgl_dn_1: 1.1175 (1.1289)  loss_ddf_dn_1: 0.0056 (0.0056)  loss_mal_dn_2: 0.5621 (0.5672)  loss_bbox_dn_2: 0.0194 (0.0199)  loss_giou_dn_2: 0.2714 (0.2773)  loss_fgl_dn_2: 1.1206 (1.1282)  loss_ddf_dn_2: -0.0000 (0.0000)  loss_mal_dn_pre: 0.6582 (0.6630)  loss_bbox_dn_pre: 0.0255 (0.0265)  loss_giou_dn_pre: 0.3507 (0.3595)  time: 0.5632  data: 0.0159  max mem: 5225
Epoch: [14/30]  [40/44]  eta: 0:00:02  lr: 0.000100  loss: 15.8857 (16.0953)  loss_mal: 0.5929 (0.6000)  loss_bbox: 0.0233 (0.0242)  loss_giou: 0.3195 (0.3272)  loss_fgl: 1.1802 (1.1900)  loss_mal_aux_0: 0.6434 (0.6473)  loss_bbox_aux_0: 0.0251 (0.0252)  loss_giou_aux_0: 0.3325 (0.3402)  loss_fgl_aux_0: 1.1913 (1.2031)  loss_ddf_aux_0: 0.0116 (0.0121)  loss_mal_aux_1: 0.5997 (0.6024)  loss_bbox_aux_1: 0.0231 (0.0241)  loss_giou_aux_1: 0.3189 (0.3269)  loss_fgl_aux_1: 1.1793 (1.1899)  loss_ddf_aux_1: 0.0007 (0.0007)  loss_mal_pre: 0.6403 (0.6466)  loss_bbox_pre: 0.0251 (0.0253)  loss_giou_pre: 0.3308 (0.3406)  loss_mal_enc_0: 0.7097 (0.7193)  loss_bbox_enc_0: 0.0289 (0.0283)  loss_giou_enc_0: 0.3747 (0.3762)  loss_mal_dn_0: 0.6518 (0.6610)  loss_bbox_dn_0: 0.0267 (0.0269)  loss_giou_dn_0: 0.3501 (0.3606)  loss_fgl_dn_0: 1.2022 (1.2140)  loss_ddf_dn_0: 0.1382 (0.1307)  loss_mal_dn_1: 0.5653 (0.5703)  loss_bbox_dn_1: 0.0203 (0.0202)  loss_giou_dn_1: 0.2740 (0.2791)  loss_fgl_dn_1: 1.1223 (1.1307)  loss_ddf_dn_1: 0.0058 (0.0057)  loss_mal_dn_2: 0.5621 (0.5682)  loss_bbox_dn_2: 0.0202 (0.0202)  loss_giou_dn_2: 0.2725 (0.2784)  loss_fgl_dn_2: 1.1210 (1.1299)  loss_ddf_dn_2: -0.0000 (0.0000)  loss_mal_dn_pre: 0.6539 (0.6628)  loss_bbox_dn_pre: 0.0266 (0.0268)  loss_giou_dn_pre: 0.3493 (0.3603)  time: 0.5618  data: 0.0159  max mem: 5225
Epoch: [14/30]  [43/44]  eta: 0:00:00  lr: 0.000100  loss: 15.9973 (16.1364)  loss_mal: 0.5946 (0.6023)  loss_bbox: 0.0252 (0.0243)  loss_giou: 0.3273 (0.3291)  loss_fgl: 1.1826 (1.1912)  loss_mal_aux_0: 0.6618 (0.6488)  loss_bbox_aux_0: 0.0263 (0.0254)  loss_giou_aux_0: 0.3376 (0.3423)  loss_fgl_aux_0: 1.1948 (1.2042)  loss_ddf_aux_0: 0.0114 (0.0121)  loss_mal_aux_1: 0.6039 (0.6048)  loss_bbox_aux_1: 0.0252 (0.0242)  loss_giou_aux_1: 0.3271 (0.3288)  loss_fgl_aux_1: 1.1825 (1.1911)  loss_ddf_aux_1: 0.0007 (0.0007)  loss_mal_pre: 0.6615 (0.6481)  loss_bbox_pre: 0.0260 (0.0254)  loss_giou_pre: 0.3337 (0.3429)  loss_mal_enc_0: 0.7083 (0.7190)  loss_bbox_enc_0: 0.0292 (0.0283)  loss_giou_enc_0: 0.3856 (0.3773)  loss_mal_dn_0: 0.6567 (0.6618)  loss_bbox_dn_0: 0.0278 (0.0270)  loss_giou_dn_0: 0.3513 (0.3623)  loss_fgl_dn_0: 1.2065 (1.2158)  loss_ddf_dn_0: 0.1377 (0.1308)  loss_mal_dn_1: 0.5655 (0.5719)  loss_bbox_dn_1: 0.0214 (0.0203)  loss_giou_dn_1: 0.2769 (0.2810)  loss_fgl_dn_1: 1.1313 (1.1334)  loss_ddf_dn_1: 0.0055 (0.0057)  loss_mal_dn_2: 0.5652 (0.5699)  loss_bbox_dn_2: 0.0212 (0.0203)  loss_giou_dn_2: 0.2755 (0.2802)  loss_fgl_dn_2: 1.1282 (1.1327)  loss_ddf_dn_2: -0.0000 (0.0000)  loss_mal_dn_pre: 0.6585 (0.6636)  loss_bbox_dn_pre: 0.0281 (0.0269)  loss_giou_dn_pre: 0.3516 (0.3620)  time: 0.5587  data: 0.0158  max mem: 5225
Epoch: [14/30] Total time: 0:00:24 (0.5522 s / it)
Averaged stats: lr: 0.000100  loss: 15.9973 (16.1364)  loss_mal: 0.5946 (0.6023)  loss_bbox: 0.0252 (0.0243)  loss_giou: 0.3273 (0.3291)  loss_fgl: 1.1826 (1.1912)  loss_mal_aux_0: 0.6618 (0.6488)  loss_bbox_aux_0: 0.0263 (0.0254)  loss_giou_aux_0: 0.3376 (0.3423)  loss_fgl_aux_0: 1.1948 (1.2042)  loss_ddf_aux_0: 0.0114 (0.0121)  loss_mal_aux_1: 0.6039 (0.6048)  loss_bbox_aux_1: 0.0252 (0.0242)  loss_giou_aux_1: 0.3271 (0.3288)  loss_fgl_aux_1: 1.1825 (1.1911)  loss_ddf_aux_1: 0.0007 (0.0007)  loss_mal_pre: 0.6615 (0.6481)  loss_bbox_pre: 0.0260 (0.0254)  loss_giou_pre: 0.3337 (0.3429)  loss_mal_enc_0: 0.7083 (0.7190)  loss_bbox_enc_0: 0.0292 (0.0283)  loss_giou_enc_0: 0.3856 (0.3773)  loss_mal_dn_0: 0.6567 (0.6618)  loss_bbox_dn_0: 0.0278 (0.0270)  loss_giou_dn_0: 0.3513 (0.3623)  loss_fgl_dn_0: 1.2065 (1.2158)  loss_ddf_dn_0: 0.1377 (0.1308)  loss_mal_dn_1: 0.5655 (0.5719)  loss_bbox_dn_1: 0.0214 (0.0203)  loss_giou_dn_1: 0.2769 (0.2810)  loss_fgl_dn_1: 1.1313 (1.1334)  loss_ddf_dn_1: 0.0055 (0.0057)  loss_mal_dn_2: 0.5652 (0.5699)  loss_bbox_dn_2: 0.0212 (0.0203)  loss_giou_dn_2: 0.2755 (0.2802)  loss_fgl_dn_2: 1.1282 (1.1327)  loss_ddf_dn_2: -0.0000 (0.0000)  loss_mal_dn_pre: 0.6585 (0.6636)  loss_bbox_dn_pre: 0.0281 (0.0269)  loss_giou_dn_pre: 0.3516 (0.3620)
Test:  [0/9]  eta: 0:00:05    time: 0.5763  data: 0.2386  max mem: 5225
Test:  [8/9]  eta: 0:00:00    time: 0.1702  data: 0.0395  max mem: 5225
Test: Total time: 0:00:01 (0.1742 s / it)
Metrics: {'f1': 0.9757785467128027, 'precision': 0.9724137931034482, 'recall': 0.9791666666666666, 'iou': 0.6723182841732696, 'TPs': 141, 'FPs': 4, 'FNs': 3}
Averaged stats: 
Accumulating evaluation results...
COCOeval_opt.accumulate() finished...
DONE (t=0.01s).
IoU metric: bbox
 Average Precision  (AP) @[ IoU=0.50:0.95 | area=   all | maxDets=100 ] = 0.375
 Average Precision  (AP) @[ IoU=0.50      | area=   all | maxDets=100 ] = 0.964
 Average Precision  (AP) @[ IoU=0.75      | area=   all | maxDets=100 ] = 0.156
 Average Precision  (AP) @[ IoU=0.50:0.95 | area= small | maxDets=100 ] = 0.376
 Average Precision  (AP) @[ IoU=0.50:0.95 | area=medium | maxDets=100 ] = -1.000
 Average Precision  (AP) @[ IoU=0.50:0.95 | area= large | maxDets=100 ] = -1.000
 Average Recall     (AR) @[ IoU=0.50:0.95 | area=   all | maxDets=  1 ] = 0.206
 Average Recall     (AR) @[ IoU=0.50:0.95 | area=   all | maxDets= 10 ] = 0.481
 Average Recall     (AR) @[ IoU=0.50:0.95 | area=   all | maxDets=100 ] = 0.576
 Average Recall     (AR) @[ IoU=0.50:0.95 | area= small | maxDets=100 ] = 0.576
 Average Recall     (AR) @[ IoU=0.50:0.95 | area=medium | maxDets=100 ] = -1.000
 Average Recall     (AR) @[ IoU=0.50:0.95 | area= large | maxDets=100 ] = -1.000
 Average Recall     (AR) @[ IoU=0.50      | area=   all | maxDets=100 ] = 0.993
 Average Recall     (AR) @[ IoU=0.75      | area=   all | maxDets=100 ] = 0.618
best_stat: {'epoch': 7, 'coco_eval_bbox': 0.3864993927202564}
Epoch: [15/30]  [ 0/44]  eta: 0:00:32  lr: 0.000100  loss: 15.4723 (15.4723)  loss_mal: 0.5748 (0.5748)  loss_bbox: 0.0219 (0.0219)  loss_giou: 0.2949 (0.2949)  loss_fgl: 1.1653 (1.1653)  loss_mal_aux_0: 0.6327 (0.6327)  loss_bbox_aux_0: 0.0226 (0.0226)  loss_giou_aux_0: 0.3014 (0.3014)  loss_fgl_aux_0: 1.1827 (1.1827)  loss_ddf_aux_0: 0.0114 (0.0114)  loss_mal_aux_1: 0.5797 (0.5797)  loss_bbox_aux_1: 0.0219 (0.0219)  loss_giou_aux_1: 0.2951 (0.2951)  loss_fgl_aux_1: 1.1683 (1.1683)  loss_ddf_aux_1: 0.0007 (0.0007)  loss_mal_pre: 0.6363 (0.6363)  loss_bbox_pre: 0.0229 (0.0229)  loss_giou_pre: 0.3048 (0.3048)  loss_mal_enc_0: 0.6957 (0.6957)  loss_bbox_enc_0: 0.0239 (0.0239)  loss_giou_enc_0: 0.3154 (0.3154)  loss_mal_dn_0: 0.6478 (0.6478)  loss_bbox_dn_0: 0.0259 (0.0259)  loss_giou_dn_0: 0.3429 (0.3429)  loss_fgl_dn_0: 1.1926 (1.1926)  loss_ddf_dn_0: 0.1527 (0.1527)  loss_mal_dn_1: 0.5449 (0.5449)  loss_bbox_dn_1: 0.0187 (0.0187)  loss_giou_dn_1: 0.2523 (0.2523)  loss_fgl_dn_1: 1.0945 (1.0945)  loss_ddf_dn_1: 0.0078 (0.0078)  loss_mal_dn_2: 0.5422 (0.5422)  loss_bbox_dn_2: 0.0184 (0.0184)  loss_giou_dn_2: 0.2491 (0.2491)  loss_fgl_dn_2: 1.0900 (1.0900)  loss_ddf_dn_2: -0.0000 (0.0000)  loss_mal_dn_pre: 0.6504 (0.6504)  loss_bbox_dn_pre: 0.0260 (0.0260)  loss_giou_dn_pre: 0.3440 (0.3440)  time: 0.7384  data: 0.2386  max mem: 5225
Epoch: [15/30]  [10/44]  eta: 0:00:17  lr: 0.000100  loss: 15.8020 (15.9107)  loss_mal: 0.5855 (0.5938)  loss_bbox: 0.0220 (0.0232)  loss_giou: 0.2977 (0.3160)  loss_fgl: 1.1783 (1.1784)  loss_mal_aux_0: 0.6426 (0.6486)  loss_bbox_aux_0: 0.0247 (0.0244)  loss_giou_aux_0: 0.3251 (0.3286)  loss_fgl_aux_0: 1.1977 (1.1981)  loss_ddf_aux_0: 0.0146 (0.0145)  loss_mal_aux_1: 0.5934 (0.5999)  loss_bbox_aux_1: 0.0223 (0.0233)  loss_giou_aux_1: 0.2970 (0.3165)  loss_fgl_aux_1: 1.1781 (1.1791)  loss_ddf_aux_1: 0.0007 (0.0008)  loss_mal_pre: 0.6436 (0.6498)  loss_bbox_pre: 0.0243 (0.0246)  loss_giou_pre: 0.3209 (0.3309)  loss_mal_enc_0: 0.7089 (0.7118)  loss_bbox_enc_0: 0.0280 (0.0278)  loss_giou_enc_0: 0.3654 (0.3674)  loss_mal_dn_0: 0.6549 (0.6542)  loss_bbox_dn_0: 0.0271 (0.0262)  loss_giou_dn_0: 0.3594 (0.3533)  loss_fgl_dn_0: 1.2025 (1.2065)  loss_ddf_dn_0: 0.1464 (0.1432)  loss_mal_dn_1: 0.5574 (0.5611)  loss_bbox_dn_1: 0.0187 (0.0195)  loss_giou_dn_1: 0.2595 (0.2709)  loss_fgl_dn_1: 1.1007 (1.1151)  loss_ddf_dn_1: 0.0065 (0.0064)  loss_mal_dn_2: 0.5524 (0.5593)  loss_bbox_dn_2: 0.0184 (0.0194)  loss_giou_dn_2: 0.2619 (0.2695)  loss_fgl_dn_2: 1.0977 (1.1141)  loss_ddf_dn_2: -0.0000 (0.0000)  loss_mal_dn_pre: 0.6545 (0.6567)  loss_bbox_dn_pre: 0.0271 (0.0260)  loss_giou_dn_pre: 0.3562 (0.3518)  time: 0.5106  data: 0.0359  max mem: 5225
Epoch: [15/30]  [20/44]  eta: 0:00:13  lr: 0.000100  loss: 15.7363 (15.8268)  loss_mal: 0.5852 (0.5903)  loss_bbox: 0.0218 (0.0229)  loss_giou: 0.2977 (0.3122)  loss_fgl: 1.1724 (1.1737)  loss_mal_aux_0: 0.6487 (0.6473)  loss_bbox_aux_0: 0.0230 (0.0239)  loss_giou_aux_0: 0.3148 (0.3231)  loss_fgl_aux_0: 1.1853 (1.1894)  loss_ddf_aux_0: 0.0146 (0.0150)  loss_mal_aux_1: 0.5933 (0.5974)  loss_bbox_aux_1: 0.0217 (0.0229)  loss_giou_aux_1: 0.2973 (0.3125)  loss_fgl_aux_1: 1.1703 (1.1740)  loss_ddf_aux_1: 0.0008 (0.0008)  loss_mal_pre: 0.6475 (0.6477)  loss_bbox_pre: 0.0228 (0.0240)  loss_giou_pre: 0.3159 (0.3241)  loss_mal_enc_0: 0.6994 (0.7041)  loss_bbox_enc_0: 0.0271 (0.0269)  loss_giou_enc_0: 0.3516 (0.3568)  loss_mal_dn_0: 0.6510 (0.6512)  loss_bbox_dn_0: 0.0259 (0.0258)  loss_giou_dn_0: 0.3470 (0.3483)  loss_fgl_dn_0: 1.2025 (1.2081)  loss_ddf_dn_0: 0.1382 (0.1358)  loss_mal_dn_1: 0.5574 (0.5606)  loss_bbox_dn_1: 0.0186 (0.0194)  loss_giou_dn_1: 0.2617 (0.2691)  loss_fgl_dn_1: 1.1162 (1.1216)  loss_ddf_dn_1: 0.0057 (0.0057)  loss_mal_dn_2: 0.5541 (0.5582)  loss_bbox_dn_2: 0.0183 (0.0193)  loss_giou_dn_2: 0.2613 (0.2680)  loss_fgl_dn_2: 1.1114 (1.1203)  loss_ddf_dn_2: -0.0000 (0.0000)  loss_mal_dn_pre: 0.6534 (0.6537)  loss_bbox_dn_pre: 0.0257 (0.0257)  loss_giou_dn_pre: 0.3473 (0.3471)  time: 0.5342  data: 0.0154  max mem: 5225
Epoch: [15/30]  [30/44]  eta: 0:00:07  lr: 0.000100  loss: 15.7363 (15.9110)  loss_mal: 0.5870 (0.5952)  loss_bbox: 0.0223 (0.0231)  loss_giou: 0.3008 (0.3158)  loss_fgl: 1.1755 (1.1803)  loss_mal_aux_0: 0.6487 (0.6477)  loss_bbox_aux_0: 0.0232 (0.0243)  loss_giou_aux_0: 0.3203 (0.3296)  loss_fgl_aux_0: 1.1886 (1.1955)  loss_ddf_aux_0: 0.0142 (0.0143)  loss_mal_aux_1: 0.5934 (0.6014)  loss_bbox_aux_1: 0.0220 (0.0231)  loss_giou_aux_1: 0.2978 (0.3159)  loss_fgl_aux_1: 1.1798 (1.1807)  loss_ddf_aux_1: 0.0007 (0.0007)  loss_mal_pre: 0.6499 (0.6481)  loss_bbox_pre: 0.0234 (0.0244)  loss_giou_pre: 0.3231 (0.3308)  loss_mal_enc_0: 0.7076 (0.7065)  loss_bbox_enc_0: 0.0272 (0.0274)  loss_giou_enc_0: 0.3602 (0.3654)  loss_mal_dn_0: 0.6492 (0.6526)  loss_bbox_dn_0: 0.0254 (0.0259)  loss_giou_dn_0: 0.3442 (0.3494)  loss_fgl_dn_0: 1.2097 (1.2118)  loss_ddf_dn_0: 0.1231 (0.1325)  loss_mal_dn_1: 0.5617 (0.5621)  loss_bbox_dn_1: 0.0190 (0.0195)  loss_giou_dn_1: 0.2625 (0.2711)  loss_fgl_dn_1: 1.1202 (1.1265)  loss_ddf_dn_1: 0.0048 (0.0056)  loss_mal_dn_2: 0.5600 (0.5601)  loss_bbox_dn_2: 0.0188 (0.0194)  loss_giou_dn_2: 0.2621 (0.2700)  loss_fgl_dn_2: 1.1174 (1.1252)  loss_ddf_dn_2: -0.0000 (0.0000)  loss_mal_dn_pre: 0.6520 (0.6550)  loss_bbox_dn_pre: 0.0250 (0.0257)  loss_giou_dn_pre: 0.3429 (0.3484)  time: 0.5827  data: 0.0157  max mem: 5225
Epoch: [15/30]  [40/44]  eta: 0:00:02  lr: 0.000100  loss: 15.9284 (15.8867)  loss_mal: 0.5906 (0.5938)  loss_bbox: 0.0226 (0.0231)  loss_giou: 0.3251 (0.3161)  loss_fgl: 1.1762 (1.1774)  loss_mal_aux_0: 0.6484 (0.6469)  loss_bbox_aux_0: 0.0240 (0.0243)  loss_giou_aux_0: 0.3392 (0.3305)  loss_fgl_aux_0: 1.1934 (1.1940)  loss_ddf_aux_0: 0.0128 (0.0141)  loss_mal_aux_1: 0.5985 (0.6005)  loss_bbox_aux_1: 0.0225 (0.0231)  loss_giou_aux_1: 0.3267 (0.3164)  loss_fgl_aux_1: 1.1792 (1.1779)  loss_ddf_aux_1: 0.0007 (0.0007)  loss_mal_pre: 0.6491 (0.6476)  loss_bbox_pre: 0.0243 (0.0244)  loss_giou_pre: 0.3379 (0.3315)  loss_mal_enc_0: 0.7112 (0.7113)  loss_bbox_enc_0: 0.0290 (0.0277)  loss_giou_enc_0: 0.3843 (0.3704)  loss_mal_dn_0: 0.6520 (0.6520)  loss_bbox_dn_0: 0.0246 (0.0256)  loss_giou_dn_0: 0.3442 (0.3468)  loss_fgl_dn_0: 1.2046 (1.2071)  loss_ddf_dn_0: 0.1215 (0.1317)  loss_mal_dn_1: 0.5582 (0.5615)  loss_bbox_dn_1: 0.0188 (0.0193)  loss_giou_dn_1: 0.2653 (0.2699)  loss_fgl_dn_1: 1.1135 (1.1224)  loss_ddf_dn_1: 0.0048 (0.0055)  loss_mal_dn_2: 0.5538 (0.5590)  loss_bbox_dn_2: 0.0186 (0.0192)  loss_giou_dn_2: 0.2635 (0.2686)  loss_fgl_dn_2: 1.1139 (1.1212)  loss_ddf_dn_2: -0.0000 (0.0000)  loss_mal_dn_pre: 0.6536 (0.6542)  loss_bbox_dn_pre: 0.0246 (0.0255)  loss_giou_dn_pre: 0.3440 (0.3457)  time: 0.5761  data: 0.0158  max mem: 5225
Epoch: [15/30]  [43/44]  eta: 0:00:00  lr: 0.000100  loss: 15.9634 (15.9552)  loss_mal: 0.5929 (0.5962)  loss_bbox: 0.0236 (0.0233)  loss_giou: 0.3256 (0.3189)  loss_fgl: 1.1817 (1.1807)  loss_mal_aux_0: 0.6497 (0.6500)  loss_bbox_aux_0: 0.0241 (0.0246)  loss_giou_aux_0: 0.3400 (0.3337)  loss_fgl_aux_0: 1.1997 (1.1973)  loss_ddf_aux_0: 0.0128 (0.0141)  loss_mal_aux_1: 0.5997 (0.6040)  loss_bbox_aux_1: 0.0238 (0.0234)  loss_giou_aux_1: 0.3280 (0.3191)  loss_fgl_aux_1: 1.1803 (1.1811)  loss_ddf_aux_1: 0.0008 (0.0008)  loss_mal_pre: 0.6499 (0.6504)  loss_bbox_pre: 0.0245 (0.0247)  loss_giou_pre: 0.3404 (0.3345)  loss_mal_enc_0: 0.7222 (0.7130)  loss_bbox_enc_0: 0.0291 (0.0280)  loss_giou_enc_0: 0.3920 (0.3727)  loss_mal_dn_0: 0.6554 (0.6547)  loss_bbox_dn_0: 0.0246 (0.0259)  loss_giou_dn_0: 0.3456 (0.3499)  loss_fgl_dn_0: 1.2061 (1.2106)  loss_ddf_dn_0: 0.1264 (0.1324)  loss_mal_dn_1: 0.5582 (0.5637)  loss_bbox_dn_1: 0.0188 (0.0195)  loss_giou_dn_1: 0.2653 (0.2715)  loss_fgl_dn_1: 1.1179 (1.1253)  loss_ddf_dn_1: 0.0050 (0.0056)  loss_mal_dn_2: 0.5538 (0.5608)  loss_bbox_dn_2: 0.0186 (0.0194)  loss_giou_dn_2: 0.2635 (0.2701)  loss_fgl_dn_2: 1.1169 (1.1241)  loss_ddf_dn_2: -0.0000 (0.0000)  loss_mal_dn_pre: 0.6563 (0.6567)  loss_bbox_dn_pre: 0.0246 (0.0258)  loss_giou_dn_pre: 0.3453 (0.3488)  time: 0.5690  data: 0.0154  max mem: 5225
Epoch: [15/30] Total time: 0:00:24 (0.5622 s / it)
Averaged stats: lr: 0.000100  loss: 15.9634 (15.9552)  loss_mal: 0.5929 (0.5962)  loss_bbox: 0.0236 (0.0233)  loss_giou: 0.3256 (0.3189)  loss_fgl: 1.1817 (1.1807)  loss_mal_aux_0: 0.6497 (0.6500)  loss_bbox_aux_0: 0.0241 (0.0246)  loss_giou_aux_0: 0.3400 (0.3337)  loss_fgl_aux_0: 1.1997 (1.1973)  loss_ddf_aux_0: 0.0128 (0.0141)  loss_mal_aux_1: 0.5997 (0.6040)  loss_bbox_aux_1: 0.0238 (0.0234)  loss_giou_aux_1: 0.3280 (0.3191)  loss_fgl_aux_1: 1.1803 (1.1811)  loss_ddf_aux_1: 0.0008 (0.0008)  loss_mal_pre: 0.6499 (0.6504)  loss_bbox_pre: 0.0245 (0.0247)  loss_giou_pre: 0.3404 (0.3345)  loss_mal_enc_0: 0.7222 (0.7130)  loss_bbox_enc_0: 0.0291 (0.0280)  loss_giou_enc_0: 0.3920 (0.3727)  loss_mal_dn_0: 0.6554 (0.6547)  loss_bbox_dn_0: 0.0246 (0.0259)  loss_giou_dn_0: 0.3456 (0.3499)  loss_fgl_dn_0: 1.2061 (1.2106)  loss_ddf_dn_0: 0.1264 (0.1324)  loss_mal_dn_1: 0.5582 (0.5637)  loss_bbox_dn_1: 0.0188 (0.0195)  loss_giou_dn_1: 0.2653 (0.2715)  loss_fgl_dn_1: 1.1179 (1.1253)  loss_ddf_dn_1: 0.0050 (0.0056)  loss_mal_dn_2: 0.5538 (0.5608)  loss_bbox_dn_2: 0.0186 (0.0194)  loss_giou_dn_2: 0.2635 (0.2701)  loss_fgl_dn_2: 1.1169 (1.1241)  loss_ddf_dn_2: -0.0000 (0.0000)  loss_mal_dn_pre: 0.6563 (0.6567)  loss_bbox_dn_pre: 0.0246 (0.0258)  loss_giou_dn_pre: 0.3453 (0.3488)
Test:  [0/9]  eta: 0:00:02    time: 0.3305  data: 0.2374  max mem: 5225
Test:  [8/9]  eta: 0:00:00    time: 0.1339  data: 0.0411  max mem: 5225
Test: Total time: 0:00:01 (0.1378 s / it)
Metrics: {'f1': 0.9686411149825783, 'precision': 0.972027972027972, 'recall': 0.9652777777777778, 'iou': 0.6620641040640909, 'TPs': 139, 'FPs': 4, 'FNs': 5}
Averaged stats: 
Accumulating evaluation results...
COCOeval_opt.accumulate() finished...
DONE (t=0.01s).
IoU metric: bbox
 Average Precision  (AP) @[ IoU=0.50:0.95 | area=   all | maxDets=100 ] = 0.374
 Average Precision  (AP) @[ IoU=0.50      | area=   all | maxDets=100 ] = 0.963
 Average Precision  (AP) @[ IoU=0.75      | area=   all | maxDets=100 ] = 0.154
 Average Precision  (AP) @[ IoU=0.50:0.95 | area= small | maxDets=100 ] = 0.374
 Average Precision  (AP) @[ IoU=0.50:0.95 | area=medium | maxDets=100 ] = -1.000
 Average Precision  (AP) @[ IoU=0.50:0.95 | area= large | maxDets=100 ] = -1.000
 Average Recall     (AR) @[ IoU=0.50:0.95 | area=   all | maxDets=  1 ] = 0.206
 Average Recall     (AR) @[ IoU=0.50:0.95 | area=   all | maxDets= 10 ] = 0.484
 Average Recall     (AR) @[ IoU=0.50:0.95 | area=   all | maxDets=100 ] = 0.575
 Average Recall     (AR) @[ IoU=0.50:0.95 | area= small | maxDets=100 ] = 0.575
 Average Recall     (AR) @[ IoU=0.50:0.95 | area=medium | maxDets=100 ] = -1.000
 Average Recall     (AR) @[ IoU=0.50:0.95 | area= large | maxDets=100 ] = -1.000
 Average Recall     (AR) @[ IoU=0.50      | area=   all | maxDets=100 ] = 0.993
 Average Recall     (AR) @[ IoU=0.75      | area=   all | maxDets=100 ] = 0.618
best_stat: {'epoch': 7, 'coco_eval_bbox': 0.3864993927202564}
Epoch: [16/30]  [ 0/44]  eta: 0:00:34  lr: 0.000100  loss: 16.2505 (16.2505)  loss_mal: 0.5928 (0.5928)  loss_bbox: 0.0248 (0.0248)  loss_giou: 0.3431 (0.3431)  loss_fgl: 1.1864 (1.1864)  loss_mal_aux_0: 0.6288 (0.6288)  loss_bbox_aux_0: 0.0280 (0.0280)  loss_giou_aux_0: 0.3824 (0.3824)  loss_fgl_aux_0: 1.2237 (1.2237)  loss_ddf_aux_0: 0.0219 (0.0219)  loss_mal_aux_1: 0.5965 (0.5965)  loss_bbox_aux_1: 0.0244 (0.0244)  loss_giou_aux_1: 0.3380 (0.3380)  loss_fgl_aux_1: 1.1879 (1.1879)  loss_ddf_aux_1: 0.0010 (0.0010)  loss_mal_pre: 0.6247 (0.6247)  loss_bbox_pre: 0.0274 (0.0274)  loss_giou_pre: 0.3752 (0.3752)  loss_mal_enc_0: 0.6879 (0.6879)  loss_bbox_enc_0: 0.0307 (0.0307)  loss_giou_enc_0: 0.4123 (0.4123)  loss_mal_dn_0: 0.6678 (0.6678)  loss_bbox_dn_0: 0.0284 (0.0284)  loss_giou_dn_0: 0.3874 (0.3874)  loss_fgl_dn_0: 1.2380 (1.2380)  loss_ddf_dn_0: 0.1544 (0.1544)  loss_mal_dn_1: 0.5621 (0.5621)  loss_bbox_dn_1: 0.0193 (0.0193)  loss_giou_dn_1: 0.2739 (0.2739)  loss_fgl_dn_1: 1.1187 (1.1187)  loss_ddf_dn_1: 0.0076 (0.0076)  loss_mal_dn_2: 0.5608 (0.5608)  loss_bbox_dn_2: 0.0192 (0.0192)  loss_giou_dn_2: 0.2731 (0.2731)  loss_fgl_dn_2: 1.1181 (1.1181)  loss_ddf_dn_2: -0.0000 (0.0000)  loss_mal_dn_pre: 0.6685 (0.6685)  loss_bbox_dn_pre: 0.0283 (0.0283)  loss_giou_dn_pre: 0.3870 (0.3870)  time: 0.7922  data: 0.2898  max mem: 5225
Epoch: [16/30]  [10/44]  eta: 0:00:18  lr: 0.000100  loss: 15.6385 (15.6622)  loss_mal: 0.5894 (0.5809)  loss_bbox: 0.0200 (0.0211)  loss_giou: 0.2800 (0.2973)  loss_fgl: 1.1701 (1.1678)  loss_mal_aux_0: 0.6337 (0.6349)  loss_bbox_aux_0: 0.0214 (0.0224)  loss_giou_aux_0: 0.3119 (0.3123)  loss_fgl_aux_0: 1.1847 (1.1906)  loss_ddf_aux_0: 0.0190 (0.0186)  loss_mal_aux_1: 0.5965 (0.5885)  loss_bbox_aux_1: 0.0202 (0.0211)  loss_giou_aux_1: 0.2861 (0.2969)  loss_fgl_aux_1: 1.1688 (1.1685)  loss_ddf_aux_1: 0.0009 (0.0009)  loss_mal_pre: 0.6342 (0.6333)  loss_bbox_pre: 0.0212 (0.0222)  loss_giou_pre: 0.3107 (0.3104)  loss_mal_enc_0: 0.7005 (0.7040)  loss_bbox_enc_0: 0.0268 (0.0260)  loss_giou_enc_0: 0.3670 (0.3583)  loss_mal_dn_0: 0.6434 (0.6477)  loss_bbox_dn_0: 0.0253 (0.0252)  loss_giou_dn_0: 0.3469 (0.3470)  loss_fgl_dn_0: 1.1966 (1.2069)  loss_ddf_dn_0: 0.1409 (0.1385)  loss_mal_dn_1: 0.5491 (0.5570)  loss_bbox_dn_1: 0.0185 (0.0186)  loss_giou_dn_1: 0.2563 (0.2640)  loss_fgl_dn_1: 1.1015 (1.1115)  loss_ddf_dn_1: 0.0068 (0.0061)  loss_mal_dn_2: 0.5457 (0.5533)  loss_bbox_dn_2: 0.0183 (0.0185)  loss_giou_dn_2: 0.2545 (0.2629)  loss_fgl_dn_2: 1.1013 (1.1101)  loss_ddf_dn_2: -0.0000 (0.0000)  loss_mal_dn_pre: 0.6441 (0.6491)  loss_bbox_dn_pre: 0.0250 (0.0250)  loss_giou_dn_pre: 0.3452 (0.3447)  time: 0.5447  data: 0.0410  max mem: 5225
Epoch: [16/30]  [20/44]  eta: 0:00:13  lr: 0.000100  loss: 15.5443 (15.6903)  loss_mal: 0.5831 (0.5789)  loss_bbox: 0.0216 (0.0221)  loss_giou: 0.2959 (0.2998)  loss_fgl: 1.1565 (1.1688)  loss_mal_aux_0: 0.6392 (0.6406)  loss_bbox_aux_0: 0.0224 (0.0231)  loss_giou_aux_0: 0.3119 (0.3128)  loss_fgl_aux_0: 1.1774 (1.1873)  loss_ddf_aux_0: 0.0190 (0.0192)  loss_mal_aux_1: 0.5900 (0.5867)  loss_bbox_aux_1: 0.0215 (0.0220)  loss_giou_aux_1: 0.2968 (0.2994)  loss_fgl_aux_1: 1.1583 (1.1696)  loss_ddf_aux_1: 0.0008 (0.0008)  loss_mal_pre: 0.6355 (0.6389)  loss_bbox_pre: 0.0222 (0.0231)  loss_giou_pre: 0.3107 (0.3119)  loss_mal_enc_0: 0.7015 (0.7076)  loss_bbox_enc_0: 0.0268 (0.0271)  loss_giou_enc_0: 0.3514 (0.3604)  loss_mal_dn_0: 0.6425 (0.6463)  loss_bbox_dn_0: 0.0257 (0.0256)  loss_giou_dn_0: 0.3409 (0.3442)  loss_fgl_dn_0: 1.2015 (1.2073)  loss_ddf_dn_0: 0.1409 (0.1433)  loss_mal_dn_1: 0.5493 (0.5561)  loss_bbox_dn_1: 0.0188 (0.0191)  loss_giou_dn_1: 0.2609 (0.2638)  loss_fgl_dn_1: 1.1089 (1.1150)  loss_ddf_dn_1: 0.0061 (0.0060)  loss_mal_dn_2: 0.5469 (0.5532)  loss_bbox_dn_2: 0.0185 (0.0190)  loss_giou_dn_2: 0.2558 (0.2625)  loss_fgl_dn_2: 1.1017 (1.1131)  loss_ddf_dn_2: -0.0000 (0.0000)  loss_mal_dn_pre: 0.6437 (0.6477)  loss_bbox_dn_pre: 0.0255 (0.0254)  loss_giou_dn_pre: 0.3421 (0.3425)  time: 0.5318  data: 0.0164  max mem: 5225
Epoch: [16/30]  [30/44]  eta: 0:00:07  lr: 0.000100  loss: 15.6771 (15.6460)  loss_mal: 0.5816 (0.5796)  loss_bbox: 0.0220 (0.0218)  loss_giou: 0.2959 (0.2976)  loss_fgl: 1.1670 (1.1686)  loss_mal_aux_0: 0.6307 (0.6364)  loss_bbox_aux_0: 0.0224 (0.0228)  loss_giou_aux_0: 0.3110 (0.3096)  loss_fgl_aux_0: 1.1822 (1.1854)  loss_ddf_aux_0: 0.0176 (0.0183)  loss_mal_aux_1: 0.5900 (0.5870)  loss_bbox_aux_1: 0.0219 (0.0218)  loss_giou_aux_1: 0.2968 (0.2973)  loss_fgl_aux_1: 1.1665 (1.1691)  loss_ddf_aux_1: 0.0007 (0.0008)  loss_mal_pre: 0.6305 (0.6352)  loss_bbox_pre: 0.0224 (0.0228)  loss_giou_pre: 0.3110 (0.3089)  loss_mal_enc_0: 0.7105 (0.7044)  loss_bbox_enc_0: 0.0267 (0.0267)  loss_giou_enc_0: 0.3491 (0.3564)  loss_mal_dn_0: 0.6447 (0.6457)  loss_bbox_dn_0: 0.0254 (0.0253)  loss_giou_dn_0: 0.3409 (0.3411)  loss_fgl_dn_0: 1.2045 (1.2050)  loss_ddf_dn_0: 0.1377 (0.1402)  loss_mal_dn_1: 0.5563 (0.5561)  loss_bbox_dn_1: 0.0192 (0.0191)  loss_giou_dn_1: 0.2668 (0.2632)  loss_fgl_dn_1: 1.1156 (1.1146)  loss_ddf_dn_1: 0.0054 (0.0056)  loss_mal_dn_2: 0.5542 (0.5531)  loss_bbox_dn_2: 0.0190 (0.0190)  loss_giou_dn_2: 0.2616 (0.2620)  loss_fgl_dn_2: 1.1143 (1.1130)  loss_ddf_dn_2: -0.0000 (0.0000)  loss_mal_dn_pre: 0.6472 (0.6474)  loss_bbox_dn_pre: 0.0253 (0.0252)  loss_giou_dn_pre: 0.3384 (0.3397)  time: 0.5492  data: 0.0163  max mem: 5225
Epoch: [16/30]  [40/44]  eta: 0:00:02  lr: 0.000100  loss: 15.6771 (15.6898)  loss_mal: 0.5808 (0.5807)  loss_bbox: 0.0218 (0.0220)  loss_giou: 0.2941 (0.3006)  loss_fgl: 1.1670 (1.1685)  loss_mal_aux_0: 0.6267 (0.6390)  loss_bbox_aux_0: 0.0228 (0.0230)  loss_giou_aux_0: 0.3132 (0.3137)  loss_fgl_aux_0: 1.1819 (1.1859)  loss_ddf_aux_0: 0.0155 (0.0173)  loss_mal_aux_1: 0.5874 (0.5881)  loss_bbox_aux_1: 0.0217 (0.0220)  loss_giou_aux_1: 0.2950 (0.3004)  loss_fgl_aux_1: 1.1665 (1.1688)  loss_ddf_aux_1: 0.0007 (0.0007)  loss_mal_pre: 0.6242 (0.6379)  loss_bbox_pre: 0.0225 (0.0230)  loss_giou_pre: 0.3151 (0.3132)  loss_mal_enc_0: 0.7123 (0.7087)  loss_bbox_enc_0: 0.0259 (0.0267)  loss_giou_enc_0: 0.3450 (0.3590)  loss_mal_dn_0: 0.6447 (0.6459)  loss_bbox_dn_0: 0.0250 (0.0254)  loss_giou_dn_0: 0.3429 (0.3429)  loss_fgl_dn_0: 1.1990 (1.2081)  loss_ddf_dn_0: 0.1290 (0.1363)  loss_mal_dn_1: 0.5592 (0.5577)  loss_bbox_dn_1: 0.0189 (0.0191)  loss_giou_dn_1: 0.2671 (0.2647)  loss_fgl_dn_1: 1.1152 (1.1173)  loss_ddf_dn_1: 0.0046 (0.0054)  loss_mal_dn_2: 0.5551 (0.5544)  loss_bbox_dn_2: 0.0189 (0.0190)  loss_giou_dn_2: 0.2637 (0.2635)  loss_fgl_dn_2: 1.1129 (1.1160)  loss_ddf_dn_2: -0.0000 (0.0000)  loss_mal_dn_pre: 0.6472 (0.6478)  loss_bbox_dn_pre: 0.0250 (0.0253)  loss_giou_dn_pre: 0.3384 (0.3419)  time: 0.5543  data: 0.0160  max mem: 5225
Epoch: [16/30]  [43/44]  eta: 0:00:00  lr: 0.000100  loss: 15.5228 (15.6522)  loss_mal: 0.5808 (0.5789)  loss_bbox: 0.0215 (0.0218)  loss_giou: 0.2979 (0.2986)  loss_fgl: 1.1585 (1.1669)  loss_mal_aux_0: 0.6207 (0.6367)  loss_bbox_aux_0: 0.0222 (0.0228)  loss_giou_aux_0: 0.3132 (0.3120)  loss_fgl_aux_0: 1.1763 (1.1841)  loss_ddf_aux_0: 0.0156 (0.0173)  loss_mal_aux_1: 0.5874 (0.5862)  loss_bbox_aux_1: 0.0215 (0.0218)  loss_giou_aux_1: 0.2984 (0.2984)  loss_fgl_aux_1: 1.1589 (1.1671)  loss_ddf_aux_1: 0.0006 (0.0007)  loss_mal_pre: 0.6210 (0.6356)  loss_bbox_pre: 0.0223 (0.0228)  loss_giou_pre: 0.3151 (0.3115)  loss_mal_enc_0: 0.7105 (0.7076)  loss_bbox_enc_0: 0.0255 (0.0265)  loss_giou_enc_0: 0.3491 (0.3573)  loss_mal_dn_0: 0.6437 (0.6451)  loss_bbox_dn_0: 0.0249 (0.0252)  loss_giou_dn_0: 0.3421 (0.3416)  loss_fgl_dn_0: 1.1990 (1.2079)  loss_ddf_dn_0: 0.1277 (0.1363)  loss_mal_dn_1: 0.5541 (0.5561)  loss_bbox_dn_1: 0.0184 (0.0190)  loss_giou_dn_1: 0.2600 (0.2632)  loss_fgl_dn_1: 1.1114 (1.1163)  loss_ddf_dn_1: 0.0044 (0.0054)  loss_mal_dn_2: 0.5492 (0.5529)  loss_bbox_dn_2: 0.0184 (0.0189)  loss_giou_dn_2: 0.2600 (0.2620)  loss_fgl_dn_2: 1.1114 (1.1151)  loss_ddf_dn_2: -0.0000 (0.0000)  loss_mal_dn_pre: 0.6464 (0.6469)  loss_bbox_dn_pre: 0.0249 (0.0251)  loss_giou_dn_pre: 0.3384 (0.3405)  time: 0.5528  data: 0.0158  max mem: 5225
Epoch: [16/30] Total time: 0:00:24 (0.5501 s / it)
Averaged stats: lr: 0.000100  loss: 15.5228 (15.6522)  loss_mal: 0.5808 (0.5789)  loss_bbox: 0.0215 (0.0218)  loss_giou: 0.2979 (0.2986)  loss_fgl: 1.1585 (1.1669)  loss_mal_aux_0: 0.6207 (0.6367)  loss_bbox_aux_0: 0.0222 (0.0228)  loss_giou_aux_0: 0.3132 (0.3120)  loss_fgl_aux_0: 1.1763 (1.1841)  loss_ddf_aux_0: 0.0156 (0.0173)  loss_mal_aux_1: 0.5874 (0.5862)  loss_bbox_aux_1: 0.0215 (0.0218)  loss_giou_aux_1: 0.2984 (0.2984)  loss_fgl_aux_1: 1.1589 (1.1671)  loss_ddf_aux_1: 0.0006 (0.0007)  loss_mal_pre: 0.6210 (0.6356)  loss_bbox_pre: 0.0223 (0.0228)  loss_giou_pre: 0.3151 (0.3115)  loss_mal_enc_0: 0.7105 (0.7076)  loss_bbox_enc_0: 0.0255 (0.0265)  loss_giou_enc_0: 0.3491 (0.3573)  loss_mal_dn_0: 0.6437 (0.6451)  loss_bbox_dn_0: 0.0249 (0.0252)  loss_giou_dn_0: 0.3421 (0.3416)  loss_fgl_dn_0: 1.1990 (1.2079)  loss_ddf_dn_0: 0.1277 (0.1363)  loss_mal_dn_1: 0.5541 (0.5561)  loss_bbox_dn_1: 0.0184 (0.0190)  loss_giou_dn_1: 0.2600 (0.2632)  loss_fgl_dn_1: 1.1114 (1.1163)  loss_ddf_dn_1: 0.0044 (0.0054)  loss_mal_dn_2: 0.5492 (0.5529)  loss_bbox_dn_2: 0.0184 (0.0189)  loss_giou_dn_2: 0.2600 (0.2620)  loss_fgl_dn_2: 1.1114 (1.1151)  loss_ddf_dn_2: -0.0000 (0.0000)  loss_mal_dn_pre: 0.6464 (0.6469)  loss_bbox_dn_pre: 0.0249 (0.0251)  loss_giou_dn_pre: 0.3384 (0.3405)
Test:  [0/9]  eta: 0:00:05    time: 0.6060  data: 0.2536  max mem: 5225
Test:  [8/9]  eta: 0:00:00    time: 0.1624  data: 0.0407  max mem: 5225
Test: Total time: 0:00:01 (0.1685 s / it)
Metrics: {'f1': 0.9757785467128027, 'precision': 0.9724137931034482, 'recall': 0.9791666666666666, 'iou': 0.6719949901909441, 'TPs': 141, 'FPs': 4, 'FNs': 3}
Averaged stats: 
Accumulating evaluation results...
COCOeval_opt.accumulate() finished...
DONE (t=0.01s).
IoU metric: bbox
 Average Precision  (AP) @[ IoU=0.50:0.95 | area=   all | maxDets=100 ] = 0.374
 Average Precision  (AP) @[ IoU=0.50      | area=   all | maxDets=100 ] = 0.963
 Average Precision  (AP) @[ IoU=0.75      | area=   all | maxDets=100 ] = 0.158
 Average Precision  (AP) @[ IoU=0.50:0.95 | area= small | maxDets=100 ] = 0.374
 Average Precision  (AP) @[ IoU=0.50:0.95 | area=medium | maxDets=100 ] = -1.000
 Average Precision  (AP) @[ IoU=0.50:0.95 | area= large | maxDets=100 ] = -1.000
 Average Recall     (AR) @[ IoU=0.50:0.95 | area=   all | maxDets=  1 ] = 0.209
 Average Recall     (AR) @[ IoU=0.50:0.95 | area=   all | maxDets= 10 ] = 0.480
 Average Recall     (AR) @[ IoU=0.50:0.95 | area=   all | maxDets=100 ] = 0.572
 Average Recall     (AR) @[ IoU=0.50:0.95 | area= small | maxDets=100 ] = 0.572
 Average Recall     (AR) @[ IoU=0.50:0.95 | area=medium | maxDets=100 ] = -1.000
 Average Recall     (AR) @[ IoU=0.50:0.95 | area= large | maxDets=100 ] = -1.000
 Average Recall     (AR) @[ IoU=0.50      | area=   all | maxDets=100 ] = 0.993
 Average Recall     (AR) @[ IoU=0.75      | area=   all | maxDets=100 ] = 0.604
best_stat: {'epoch': 7, 'coco_eval_bbox': 0.3864993927202564}
Epoch: [17/30]  [ 0/44]  eta: 0:00:33  lr: 0.000100  loss: 15.6325 (15.6325)  loss_mal: 0.5768 (0.5768)  loss_bbox: 0.0223 (0.0223)  loss_giou: 0.2848 (0.2848)  loss_fgl: 1.1375 (1.1375)  loss_mal_aux_0: 0.6767 (0.6767)  loss_bbox_aux_0: 0.0238 (0.0238)  loss_giou_aux_0: 0.3051 (0.3051)  loss_fgl_aux_0: 1.1657 (1.1657)  loss_ddf_aux_0: 0.0186 (0.0186)  loss_mal_aux_1: 0.5994 (0.5994)  loss_bbox_aux_1: 0.0222 (0.0222)  loss_giou_aux_1: 0.2830 (0.2830)  loss_fgl_aux_1: 1.1399 (1.1399)  loss_ddf_aux_1: 0.0007 (0.0007)  loss_mal_pre: 0.6757 (0.6757)  loss_bbox_pre: 0.0238 (0.0238)  loss_giou_pre: 0.3051 (0.3051)  loss_mal_enc_0: 0.7505 (0.7505)  loss_bbox_enc_0: 0.0273 (0.0273)  loss_giou_enc_0: 0.3458 (0.3458)  loss_mal_dn_0: 0.6415 (0.6415)  loss_bbox_dn_0: 0.0277 (0.0277)  loss_giou_dn_0: 0.3449 (0.3449)  loss_fgl_dn_0: 1.2112 (1.2112)  loss_ddf_dn_0: 0.1367 (0.1367)  loss_mal_dn_1: 0.5547 (0.5547)  loss_bbox_dn_1: 0.0204 (0.0204)  loss_giou_dn_1: 0.2607 (0.2607)  loss_fgl_dn_1: 1.1002 (1.1002)  loss_ddf_dn_1: 0.0059 (0.0059)  loss_mal_dn_2: 0.5528 (0.5528)  loss_bbox_dn_2: 0.0205 (0.0205)  loss_giou_dn_2: 0.2611 (0.2611)  loss_fgl_dn_2: 1.1005 (1.1005)  loss_ddf_dn_2: -0.0000 (0.0000)  loss_mal_dn_pre: 0.6415 (0.6415)  loss_bbox_dn_pre: 0.0273 (0.0273)  loss_giou_dn_pre: 0.3404 (0.3404)  time: 0.7643  data: 0.2518  max mem: 5225
Epoch: [17/30]  [10/44]  eta: 0:00:18  lr: 0.000100  loss: 15.2709 (15.1208)  loss_mal: 0.5576 (0.5594)  loss_bbox: 0.0204 (0.0200)  loss_giou: 0.2786 (0.2747)  loss_fgl: 1.1336 (1.1312)  loss_mal_aux_0: 0.6247 (0.6281)  loss_bbox_aux_0: 0.0209 (0.0212)  loss_giou_aux_0: 0.2922 (0.2896)  loss_fgl_aux_0: 1.1560 (1.1572)  loss_ddf_aux_0: 0.0178 (0.0164)  loss_mal_aux_1: 0.5551 (0.5640)  loss_bbox_aux_1: 0.0201 (0.0200)  loss_giou_aux_1: 0.2775 (0.2740)  loss_fgl_aux_1: 1.1351 (1.1311)  loss_ddf_aux_1: 0.0007 (0.0007)  loss_mal_pre: 0.6260 (0.6279)  loss_bbox_pre: 0.0210 (0.0212)  loss_giou_pre: 0.2947 (0.2895)  loss_mal_enc_0: 0.7063 (0.7067)  loss_bbox_enc_0: 0.0251 (0.0251)  loss_giou_enc_0: 0.3355 (0.3320)  loss_mal_dn_0: 0.6308 (0.6317)  loss_bbox_dn_0: 0.0239 (0.0239)  loss_giou_dn_0: 0.3215 (0.3230)  loss_fgl_dn_0: 1.1799 (1.1847)  loss_ddf_dn_0: 0.1276 (0.1219)  loss_mal_dn_1: 0.5444 (0.5355)  loss_bbox_dn_1: 0.0179 (0.0177)  loss_giou_dn_1: 0.2549 (0.2455)  loss_fgl_dn_1: 1.0812 (1.0843)  loss_ddf_dn_1: 0.0045 (0.0045)  loss_mal_dn_2: 0.5399 (0.5343)  loss_bbox_dn_2: 0.0178 (0.0176)  loss_giou_dn_2: 0.2523 (0.2451)  loss_fgl_dn_2: 1.0843 (1.0834)  loss_ddf_dn_2: -0.0000 (0.0000)  loss_mal_dn_pre: 0.6314 (0.6335)  loss_bbox_dn_pre: 0.0238 (0.0237)  loss_giou_dn_pre: 0.3200 (0.3207)  time: 0.5498  data: 0.0367  max mem: 5225
Epoch: [17/30]  [20/44]  eta: 0:00:13  lr: 0.000100  loss: 15.2709 (15.2264)  loss_mal: 0.5576 (0.5609)  loss_bbox: 0.0201 (0.0202)  loss_giou: 0.2750 (0.2791)  loss_fgl: 1.1361 (1.1369)  loss_mal_aux_0: 0.6271 (0.6359)  loss_bbox_aux_0: 0.0205 (0.0217)  loss_giou_aux_0: 0.2930 (0.2977)  loss_fgl_aux_0: 1.1647 (1.1678)  loss_ddf_aux_0: 0.0189 (0.0183)  loss_mal_aux_1: 0.5689 (0.5678)  loss_bbox_aux_1: 0.0198 (0.0202)  loss_giou_aux_1: 0.2727 (0.2792)  loss_fgl_aux_1: 1.1356 (1.1379)  loss_ddf_aux_1: 0.0008 (0.0008)  loss_mal_pre: 0.6260 (0.6343)  loss_bbox_pre: 0.0207 (0.0216)  loss_giou_pre: 0.2947 (0.2973)  loss_mal_enc_0: 0.6952 (0.6968)  loss_bbox_enc_0: 0.0247 (0.0251)  loss_giou_enc_0: 0.3355 (0.3370)  loss_mal_dn_0: 0.6378 (0.6371)  loss_bbox_dn_0: 0.0238 (0.0241)  loss_giou_dn_0: 0.3215 (0.3285)  loss_fgl_dn_0: 1.1865 (1.1898)  loss_ddf_dn_0: 0.1260 (0.1246)  loss_mal_dn_1: 0.5387 (0.5377)  loss_bbox_dn_1: 0.0172 (0.0176)  loss_giou_dn_1: 0.2420 (0.2467)  loss_fgl_dn_1: 1.0787 (1.0871)  loss_ddf_dn_1: 0.0040 (0.0042)  loss_mal_dn_2: 0.5344 (0.5346)  loss_bbox_dn_2: 0.0173 (0.0176)  loss_giou_dn_2: 0.2403 (0.2459)  loss_fgl_dn_2: 1.0762 (1.0854)  loss_ddf_dn_2: -0.0000 (0.0000)  loss_mal_dn_pre: 0.6396 (0.6388)  loss_bbox_dn_pre: 0.0236 (0.0239)  loss_giou_dn_pre: 0.3201 (0.3264)  time: 0.5312  data: 0.0154  max mem: 5225
Epoch: [17/30]  [30/44]  eta: 0:00:07  lr: 0.000100  loss: 15.4274 (15.3602)  loss_mal: 0.5656 (0.5645)  loss_bbox: 0.0203 (0.0206)  loss_giou: 0.2790 (0.2845)  loss_fgl: 1.1394 (1.1453)  loss_mal_aux_0: 0.6358 (0.6365)  loss_bbox_aux_0: 0.0205 (0.0219)  loss_giou_aux_0: 0.2967 (0.3030)  loss_fgl_aux_0: 1.1736 (1.1748)  loss_ddf_aux_0: 0.0215 (0.0195)  loss_mal_aux_1: 0.5724 (0.5708)  loss_bbox_aux_1: 0.0204 (0.0206)  loss_giou_aux_1: 0.2730 (0.2846)  loss_fgl_aux_1: 1.1428 (1.1463)  loss_ddf_aux_1: 0.0009 (0.0008)  loss_mal_pre: 0.6342 (0.6352)  loss_bbox_pre: 0.0207 (0.0219)  loss_giou_pre: 0.2958 (0.3026)  loss_mal_enc_0: 0.6952 (0.6999)  loss_bbox_enc_0: 0.0255 (0.0257)  loss_giou_enc_0: 0.3516 (0.3474)  loss_mal_dn_0: 0.6394 (0.6410)  loss_bbox_dn_0: 0.0239 (0.0246)  loss_giou_dn_0: 0.3388 (0.3359)  loss_fgl_dn_0: 1.1985 (1.1977)  loss_ddf_dn_0: 0.1264 (0.1307)  loss_mal_dn_1: 0.5387 (0.5424)  loss_bbox_dn_1: 0.0172 (0.0179)  loss_giou_dn_1: 0.2451 (0.2506)  loss_fgl_dn_1: 1.0844 (1.0916)  loss_ddf_dn_1: 0.0042 (0.0046)  loss_mal_dn_2: 0.5344 (0.5388)  loss_bbox_dn_2: 0.0173 (0.0178)  loss_giou_dn_2: 0.2426 (0.2495)  loss_fgl_dn_2: 1.0792 (1.0896)  loss_ddf_dn_2: -0.0000 (0.0000)  loss_mal_dn_pre: 0.6410 (0.6425)  loss_bbox_dn_pre: 0.0236 (0.0244)  loss_giou_dn_pre: 0.3389 (0.3342)  time: 0.5511  data: 0.0152  max mem: 5225
Epoch: [17/30]  [40/44]  eta: 0:00:02  lr: 0.000100  loss: 15.2371 (15.4190)  loss_mal: 0.5658 (0.5684)  loss_bbox: 0.0211 (0.0208)  loss_giou: 0.2884 (0.2872)  loss_fgl: 1.1532 (1.1472)  loss_mal_aux_0: 0.6364 (0.6411)  loss_bbox_aux_0: 0.0217 (0.0221)  loss_giou_aux_0: 0.2967 (0.3050)  loss_fgl_aux_0: 1.1708 (1.1739)  loss_ddf_aux_0: 0.0195 (0.0190)  loss_mal_aux_1: 0.5656 (0.5756)  loss_bbox_aux_1: 0.0212 (0.0208)  loss_giou_aux_1: 0.2842 (0.2876)  loss_fgl_aux_1: 1.1584 (1.1479)  loss_ddf_aux_1: 0.0009 (0.0009)  loss_mal_pre: 0.6370 (0.6397)  loss_bbox_pre: 0.0218 (0.0221)  loss_giou_pre: 0.2981 (0.3044)  loss_mal_enc_0: 0.7106 (0.7017)  loss_bbox_enc_0: 0.0263 (0.0258)  loss_giou_enc_0: 0.3526 (0.3490)  loss_mal_dn_0: 0.6391 (0.6410)  loss_bbox_dn_0: 0.0240 (0.0246)  loss_giou_dn_0: 0.3388 (0.3351)  loss_fgl_dn_0: 1.2012 (1.1990)  loss_ddf_dn_0: 0.1359 (0.1352)  loss_mal_dn_1: 0.5378 (0.5446)  loss_bbox_dn_1: 0.0179 (0.0181)  loss_giou_dn_1: 0.2451 (0.2529)  loss_fgl_dn_1: 1.1051 (1.0968)  loss_ddf_dn_1: 0.0049 (0.0049)  loss_mal_dn_2: 0.5322 (0.5412)  loss_bbox_dn_2: 0.0179 (0.0180)  loss_giou_dn_2: 0.2446 (0.2518)  loss_fgl_dn_2: 1.0980 (1.0951)  loss_ddf_dn_2: -0.0000 (0.0000)  loss_mal_dn_pre: 0.6410 (0.6426)  loss_bbox_dn_pre: 0.0239 (0.0244)  loss_giou_dn_pre: 0.3390 (0.3335)  time: 0.5683  data: 0.0152  max mem: 5225
Epoch: [17/30]  [43/44]  eta: 0:00:00  lr: 0.000100  loss: 15.2037 (15.4219)  loss_mal: 0.5658 (0.5685)  loss_bbox: 0.0214 (0.0208)  loss_giou: 0.2884 (0.2873)  loss_fgl: 1.1532 (1.1482)  loss_mal_aux_0: 0.6315 (0.6389)  loss_bbox_aux_0: 0.0217 (0.0221)  loss_giou_aux_0: 0.2930 (0.3044)  loss_fgl_aux_0: 1.1690 (1.1738)  loss_ddf_aux_0: 0.0183 (0.0188)  loss_mal_aux_1: 0.5656 (0.5751)  loss_bbox_aux_1: 0.0214 (0.0209)  loss_giou_aux_1: 0.2842 (0.2876)  loss_fgl_aux_1: 1.1584 (1.1488)  loss_ddf_aux_1: 0.0009 (0.0008)  loss_mal_pre: 0.6297 (0.6374)  loss_bbox_pre: 0.0218 (0.0221)  loss_giou_pre: 0.2909 (0.3037)  loss_mal_enc_0: 0.7023 (0.7010)  loss_bbox_enc_0: 0.0263 (0.0258)  loss_giou_enc_0: 0.3480 (0.3472)  loss_mal_dn_0: 0.6355 (0.6414)  loss_bbox_dn_0: 0.0240 (0.0247)  loss_giou_dn_0: 0.3252 (0.3356)  loss_fgl_dn_0: 1.1985 (1.2008)  loss_ddf_dn_0: 0.1409 (0.1359)  loss_mal_dn_1: 0.5378 (0.5451)  loss_bbox_dn_1: 0.0179 (0.0181)  loss_giou_dn_1: 0.2451 (0.2531)  loss_fgl_dn_1: 1.1051 (1.0988)  loss_ddf_dn_1: 0.0054 (0.0050)  loss_mal_dn_2: 0.5322 (0.5418)  loss_bbox_dn_2: 0.0179 (0.0181)  loss_giou_dn_2: 0.2446 (0.2521)  loss_fgl_dn_2: 1.0980 (1.0973)  loss_ddf_dn_2: -0.0000 (0.0000)  loss_mal_dn_pre: 0.6371 (0.6427)  loss_bbox_dn_pre: 0.0239 (0.0245)  loss_giou_dn_pre: 0.3284 (0.3338)  time: 0.5649  data: 0.0150  max mem: 5225
Epoch: [17/30] Total time: 0:00:24 (0.5556 s / it)
Averaged stats: lr: 0.000100  loss: 15.2037 (15.4219)  loss_mal: 0.5658 (0.5685)  loss_bbox: 0.0214 (0.0208)  loss_giou: 0.2884 (0.2873)  loss_fgl: 1.1532 (1.1482)  loss_mal_aux_0: 0.6315 (0.6389)  loss_bbox_aux_0: 0.0217 (0.0221)  loss_giou_aux_0: 0.2930 (0.3044)  loss_fgl_aux_0: 1.1690 (1.1738)  loss_ddf_aux_0: 0.0183 (0.0188)  loss_mal_aux_1: 0.5656 (0.5751)  loss_bbox_aux_1: 0.0214 (0.0209)  loss_giou_aux_1: 0.2842 (0.2876)  loss_fgl_aux_1: 1.1584 (1.1488)  loss_ddf_aux_1: 0.0009 (0.0008)  loss_mal_pre: 0.6297 (0.6374)  loss_bbox_pre: 0.0218 (0.0221)  loss_giou_pre: 0.2909 (0.3037)  loss_mal_enc_0: 0.7023 (0.7010)  loss_bbox_enc_0: 0.0263 (0.0258)  loss_giou_enc_0: 0.3480 (0.3472)  loss_mal_dn_0: 0.6355 (0.6414)  loss_bbox_dn_0: 0.0240 (0.0247)  loss_giou_dn_0: 0.3252 (0.3356)  loss_fgl_dn_0: 1.1985 (1.2008)  loss_ddf_dn_0: 0.1409 (0.1359)  loss_mal_dn_1: 0.5378 (0.5451)  loss_bbox_dn_1: 0.0179 (0.0181)  loss_giou_dn_1: 0.2451 (0.2531)  loss_fgl_dn_1: 1.1051 (1.0988)  loss_ddf_dn_1: 0.0054 (0.0050)  loss_mal_dn_2: 0.5322 (0.5418)  loss_bbox_dn_2: 0.0179 (0.0181)  loss_giou_dn_2: 0.2446 (0.2521)  loss_fgl_dn_2: 1.0980 (1.0973)  loss_ddf_dn_2: -0.0000 (0.0000)  loss_mal_dn_pre: 0.6371 (0.6427)  loss_bbox_dn_pre: 0.0239 (0.0245)  loss_giou_dn_pre: 0.3284 (0.3338)
Test:  [0/9]  eta: 0:00:02    time: 0.3000  data: 0.2265  max mem: 5225
Test:  [8/9]  eta: 0:00:00    time: 0.1314  data: 0.0447  max mem: 5225
Test: Total time: 0:00:01 (0.1368 s / it)
Metrics: {'f1': 0.9688581314878894, 'precision': 0.9655172413793104, 'recall': 0.9722222222222222, 'iou': 0.6625970702043316, 'TPs': 140, 'FPs': 5, 'FNs': 4}
Averaged stats: 
Accumulating evaluation results...
COCOeval_opt.accumulate() finished...
DONE (t=0.01s).
IoU metric: bbox
 Average Precision  (AP) @[ IoU=0.50:0.95 | area=   all | maxDets=100 ] = 0.373
 Average Precision  (AP) @[ IoU=0.50      | area=   all | maxDets=100 ] = 0.963
 Average Precision  (AP) @[ IoU=0.75      | area=   all | maxDets=100 ] = 0.153
 Average Precision  (AP) @[ IoU=0.50:0.95 | area= small | maxDets=100 ] = 0.373
 Average Precision  (AP) @[ IoU=0.50:0.95 | area=medium | maxDets=100 ] = -1.000
 Average Precision  (AP) @[ IoU=0.50:0.95 | area= large | maxDets=100 ] = -1.000
 Average Recall     (AR) @[ IoU=0.50:0.95 | area=   all | maxDets=  1 ] = 0.208
 Average Recall     (AR) @[ IoU=0.50:0.95 | area=   all | maxDets= 10 ] = 0.481
 Average Recall     (AR) @[ IoU=0.50:0.95 | area=   all | maxDets=100 ] = 0.574
 Average Recall     (AR) @[ IoU=0.50:0.95 | area= small | maxDets=100 ] = 0.574
 Average Recall     (AR) @[ IoU=0.50:0.95 | area=medium | maxDets=100 ] = -1.000
 Average Recall     (AR) @[ IoU=0.50:0.95 | area= large | maxDets=100 ] = -1.000
 Average Recall     (AR) @[ IoU=0.50      | area=   all | maxDets=100 ] = 0.993
 Average Recall     (AR) @[ IoU=0.75      | area=   all | maxDets=100 ] = 0.604
best_stat: {'epoch': 7, 'coco_eval_bbox': 0.3864993927202564}
Epoch: [18/30]  [ 0/44]  eta: 0:00:34  lr: 0.000100  loss: 15.1937 (15.1937)  loss_mal: 0.5739 (0.5739)  loss_bbox: 0.0194 (0.0194)  loss_giou: 0.2894 (0.2894)  loss_fgl: 1.1269 (1.1269)  loss_mal_aux_0: 0.6508 (0.6508)  loss_bbox_aux_0: 0.0209 (0.0209)  loss_giou_aux_0: 0.3107 (0.3107)  loss_fgl_aux_0: 1.1516 (1.1516)  loss_ddf_aux_0: 0.0162 (0.0162)  loss_mal_aux_1: 0.5744 (0.5744)  loss_bbox_aux_1: 0.0194 (0.0194)  loss_giou_aux_1: 0.2897 (0.2897)  loss_fgl_aux_1: 1.1274 (1.1274)  loss_ddf_aux_1: 0.0007 (0.0007)  loss_mal_pre: 0.6509 (0.6509)  loss_bbox_pre: 0.0213 (0.0213)  loss_giou_pre: 0.3149 (0.3149)  loss_mal_enc_0: 0.6970 (0.6970)  loss_bbox_enc_0: 0.0222 (0.0222)  loss_giou_enc_0: 0.3357 (0.3357)  loss_mal_dn_0: 0.6316 (0.6316)  loss_bbox_dn_0: 0.0211 (0.0211)  loss_giou_dn_0: 0.3166 (0.3166)  loss_fgl_dn_0: 1.1720 (1.1720)  loss_ddf_dn_0: 0.1325 (0.1325)  loss_mal_dn_1: 0.5336 (0.5336)  loss_bbox_dn_1: 0.0157 (0.0157)  loss_giou_dn_1: 0.2425 (0.2425)  loss_fgl_dn_1: 1.0734 (1.0734)  loss_ddf_dn_1: 0.0046 (0.0046)  loss_mal_dn_2: 0.5320 (0.5320)  loss_bbox_dn_2: 0.0158 (0.0158)  loss_giou_dn_2: 0.2426 (0.2426)  loss_fgl_dn_2: 1.0740 (1.0740)  loss_ddf_dn_2: -0.0000 (0.0000)  loss_mal_dn_pre: 0.6350 (0.6350)  loss_bbox_dn_pre: 0.0211 (0.0211)  loss_giou_dn_pre: 0.3160 (0.3160)  time: 0.7931  data: 0.2737  max mem: 5225
Epoch: [18/30]  [10/44]  eta: 0:00:14  lr: 0.000100  loss: 14.5606 (14.7410)  loss_mal: 0.5415 (0.5451)  loss_bbox: 0.0190 (0.0177)  loss_giou: 0.2569 (0.2558)  loss_fgl: 1.1104 (1.1153)  loss_mal_aux_0: 0.5890 (0.5962)  loss_bbox_aux_0: 0.0194 (0.0191)  loss_giou_aux_0: 0.2778 (0.2736)  loss_fgl_aux_0: 1.1315 (1.1386)  loss_ddf_aux_0: 0.0164 (0.0164)  loss_mal_aux_1: 0.5468 (0.5490)  loss_bbox_aux_1: 0.0190 (0.0177)  loss_giou_aux_1: 0.2553 (0.2555)  loss_fgl_aux_1: 1.1097 (1.1164)  loss_ddf_aux_1: 0.0007 (0.0007)  loss_mal_pre: 0.5893 (0.5979)  loss_bbox_pre: 0.0198 (0.0192)  loss_giou_pre: 0.2786 (0.2754)  loss_mal_enc_0: 0.6675 (0.6728)  loss_bbox_enc_0: 0.0222 (0.0229)  loss_giou_enc_0: 0.3273 (0.3224)  loss_mal_dn_0: 0.6250 (0.6248)  loss_bbox_dn_0: 0.0213 (0.0218)  loss_giou_dn_0: 0.3093 (0.3075)  loss_fgl_dn_0: 1.1711 (1.1759)  loss_ddf_dn_0: 0.1325 (0.1310)  loss_mal_dn_1: 0.5250 (0.5266)  loss_bbox_dn_1: 0.0157 (0.0160)  loss_giou_dn_1: 0.2250 (0.2329)  loss_fgl_dn_1: 1.0678 (1.0746)  loss_ddf_dn_1: 0.0046 (0.0048)  loss_mal_dn_2: 0.5166 (0.5227)  loss_bbox_dn_2: 0.0158 (0.0159)  loss_giou_dn_2: 0.2221 (0.2315)  loss_fgl_dn_2: 1.0690 (1.0729)  loss_ddf_dn_2: -0.0000 (0.0000)  loss_mal_dn_pre: 0.6288 (0.6267)  loss_bbox_dn_pre: 0.0215 (0.0217)  loss_giou_dn_pre: 0.3110 (0.3061)  time: 0.4370  data: 0.0399  max mem: 5225
Epoch: [18/30]  [20/44]  eta: 0:00:10  lr: 0.000100  loss: 14.6834 (14.8089)  loss_mal: 0.5379 (0.5446)  loss_bbox: 0.0179 (0.0182)  loss_giou: 0.2470 (0.2596)  loss_fgl: 1.1109 (1.1252)  loss_mal_aux_0: 0.5947 (0.6041)  loss_bbox_aux_0: 0.0189 (0.0196)  loss_giou_aux_0: 0.2698 (0.2770)  loss_fgl_aux_0: 1.1433 (1.1468)  loss_ddf_aux_0: 0.0177 (0.0171)  loss_mal_aux_1: 0.5437 (0.5499)  loss_bbox_aux_1: 0.0180 (0.0183)  loss_giou_aux_1: 0.2481 (0.2600)  loss_fgl_aux_1: 1.1137 (1.1264)  loss_ddf_aux_1: 0.0007 (0.0007)  loss_mal_pre: 0.5938 (0.6035)  loss_bbox_pre: 0.0187 (0.0197)  loss_giou_pre: 0.2705 (0.2775)  loss_mal_enc_0: 0.6825 (0.6782)  loss_bbox_enc_0: 0.0225 (0.0232)  loss_giou_enc_0: 0.3053 (0.3204)  loss_mal_dn_0: 0.6237 (0.6232)  loss_bbox_dn_0: 0.0213 (0.0217)  loss_giou_dn_0: 0.3048 (0.3051)  loss_fgl_dn_0: 1.1711 (1.1774)  loss_ddf_dn_0: 0.1210 (0.1291)  loss_mal_dn_1: 0.5241 (0.5261)  loss_bbox_dn_1: 0.0154 (0.0163)  loss_giou_dn_1: 0.2257 (0.2336)  loss_fgl_dn_1: 1.0678 (1.0809)  loss_ddf_dn_1: 0.0047 (0.0050)  loss_mal_dn_2: 0.5166 (0.5226)  loss_bbox_dn_2: 0.0154 (0.0161)  loss_giou_dn_2: 0.2221 (0.2321)  loss_fgl_dn_2: 1.0690 (1.0789)  loss_ddf_dn_2: -0.0000 (0.0000)  loss_mal_dn_pre: 0.6257 (0.6251)  loss_bbox_dn_pre: 0.0215 (0.0217)  loss_giou_dn_pre: 0.3012 (0.3040)  time: 0.4057  data: 0.0162  max mem: 5225
Epoch: [18/30]  [30/44]  eta: 0:00:06  lr: 0.000100  loss: 14.8627 (14.8593)  loss_mal: 0.5395 (0.5472)  loss_bbox: 0.0179 (0.0187)  loss_giou: 0.2574 (0.2629)  loss_fgl: 1.1229 (1.1244)  loss_mal_aux_0: 0.6142 (0.6086)  loss_bbox_aux_0: 0.0192 (0.0202)  loss_giou_aux_0: 0.2733 (0.2813)  loss_fgl_aux_0: 1.1461 (1.1476)  loss_ddf_aux_0: 0.0178 (0.0172)  loss_mal_aux_1: 0.5520 (0.5537)  loss_bbox_aux_1: 0.0181 (0.0187)  loss_giou_aux_1: 0.2578 (0.2631)  loss_fgl_aux_1: 1.1208 (1.1255)  loss_ddf_aux_1: 0.0007 (0.0007)  loss_mal_pre: 0.6136 (0.6082)  loss_bbox_pre: 0.0193 (0.0202)  loss_giou_pre: 0.2734 (0.2816)  loss_mal_enc_0: 0.6902 (0.6859)  loss_bbox_enc_0: 0.0231 (0.0238)  loss_giou_enc_0: 0.3183 (0.3260)  loss_mal_dn_0: 0.6237 (0.6226)  loss_bbox_dn_0: 0.0218 (0.0222)  loss_giou_dn_0: 0.3051 (0.3073)  loss_fgl_dn_0: 1.1637 (1.1754)  loss_ddf_dn_0: 0.1187 (0.1278)  loss_mal_dn_1: 0.5241 (0.5265)  loss_bbox_dn_1: 0.0162 (0.0166)  loss_giou_dn_1: 0.2332 (0.2353)  loss_fgl_dn_1: 1.0755 (1.0791)  loss_ddf_dn_1: 0.0047 (0.0050)  loss_mal_dn_2: 0.5194 (0.5238)  loss_bbox_dn_2: 0.0162 (0.0165)  loss_giou_dn_2: 0.2321 (0.2341)  loss_fgl_dn_2: 1.0759 (1.0776)  loss_ddf_dn_2: -0.0000 (0.0000)  loss_mal_dn_pre: 0.6258 (0.6250)  loss_bbox_dn_pre: 0.0218 (0.0221)  loss_giou_dn_pre: 0.3046 (0.3066)  time: 0.4375  data: 0.0156  max mem: 5225
Epoch: [18/30]  [40/44]  eta: 0:00:01  lr: 0.000100  loss: 14.7901 (14.8613)  loss_mal: 0.5395 (0.5468)  loss_bbox: 0.0184 (0.0188)  loss_giou: 0.2574 (0.2615)  loss_fgl: 1.1087 (1.1233)  loss_mal_aux_0: 0.6142 (0.6123)  loss_bbox_aux_0: 0.0203 (0.0204)  loss_giou_aux_0: 0.2865 (0.2809)  loss_fgl_aux_0: 1.1350 (1.1478)  loss_ddf_aux_0: 0.0174 (0.0174)  loss_mal_aux_1: 0.5520 (0.5532)  loss_bbox_aux_1: 0.0184 (0.0188)  loss_giou_aux_1: 0.2578 (0.2617)  loss_fgl_aux_1: 1.1112 (1.1240)  loss_ddf_aux_1: 0.0008 (0.0008)  loss_mal_pre: 0.6136 (0.6117)  loss_bbox_pre: 0.0200 (0.0204)  loss_giou_pre: 0.2837 (0.2811)  loss_mal_enc_0: 0.6902 (0.6867)  loss_bbox_enc_0: 0.0232 (0.0240)  loss_giou_enc_0: 0.3228 (0.3245)  loss_mal_dn_0: 0.6212 (0.6222)  loss_bbox_dn_0: 0.0223 (0.0224)  loss_giou_dn_0: 0.3067 (0.3073)  loss_fgl_dn_0: 1.1707 (1.1777)  loss_ddf_dn_0: 0.1265 (0.1295)  loss_mal_dn_1: 0.5239 (0.5261)  loss_bbox_dn_1: 0.0162 (0.0167)  loss_giou_dn_1: 0.2327 (0.2348)  loss_fgl_dn_1: 1.0692 (1.0794)  loss_ddf_dn_1: 0.0051 (0.0052)  loss_mal_dn_2: 0.5193 (0.5229)  loss_bbox_dn_2: 0.0162 (0.0166)  loss_giou_dn_2: 0.2319 (0.2334)  loss_fgl_dn_2: 1.0667 (1.0777)  loss_ddf_dn_2: -0.0000 (0.0000)  loss_mal_dn_pre: 0.6249 (0.6246)  loss_bbox_dn_pre: 0.0221 (0.0223)  loss_giou_dn_pre: 0.3081 (0.3064)  time: 0.4436  data: 0.0154  max mem: 5225
Epoch: [18/30]  [43/44]  eta: 0:00:00  lr: 0.000100  loss: 14.9999 (14.9839)  loss_mal: 0.5562 (0.5520)  loss_bbox: 0.0198 (0.0193)  loss_giou: 0.2694 (0.2663)  loss_fgl: 1.1229 (1.1287)  loss_mal_aux_0: 0.6284 (0.6165)  loss_bbox_aux_0: 0.0211 (0.0208)  loss_giou_aux_0: 0.2914 (0.2858)  loss_fgl_aux_0: 1.1469 (1.1532)  loss_ddf_aux_0: 0.0178 (0.0178)  loss_mal_aux_1: 0.5641 (0.5581)  loss_bbox_aux_1: 0.0198 (0.0193)  loss_giou_aux_1: 0.2691 (0.2665)  loss_fgl_aux_1: 1.1227 (1.1291)  loss_ddf_aux_1: 0.0008 (0.0008)  loss_mal_pre: 0.6305 (0.6155)  loss_bbox_pre: 0.0209 (0.0209)  loss_giou_pre: 0.2934 (0.2858)  loss_mal_enc_0: 0.6985 (0.6896)  loss_bbox_enc_0: 0.0248 (0.0244)  loss_giou_enc_0: 0.3387 (0.3278)  loss_mal_dn_0: 0.6254 (0.6274)  loss_bbox_dn_0: 0.0230 (0.0230)  loss_giou_dn_0: 0.3141 (0.3139)  loss_fgl_dn_0: 1.1830 (1.1846)  loss_ddf_dn_0: 0.1380 (0.1321)  loss_mal_dn_1: 0.5342 (0.5305)  loss_bbox_dn_1: 0.0175 (0.0171)  loss_giou_dn_1: 0.2444 (0.2386)  loss_fgl_dn_1: 1.0794 (1.0838)  loss_ddf_dn_1: 0.0060 (0.0053)  loss_mal_dn_2: 0.5306 (0.5274)  loss_bbox_dn_2: 0.0175 (0.0170)  loss_giou_dn_2: 0.2400 (0.2373)  loss_fgl_dn_2: 1.0799 (1.0825)  loss_ddf_dn_2: -0.0000 (0.0000)  loss_mal_dn_pre: 0.6271 (0.6295)  loss_bbox_dn_pre: 0.0229 (0.0229)  loss_giou_dn_pre: 0.3121 (0.3128)  time: 0.4298  data: 0.0151  max mem: 5225
Epoch: [18/30] Total time: 0:00:19 (0.4336 s / it)
Averaged stats: lr: 0.000100  loss: 14.9999 (14.9839)  loss_mal: 0.5562 (0.5520)  loss_bbox: 0.0198 (0.0193)  loss_giou: 0.2694 (0.2663)  loss_fgl: 1.1229 (1.1287)  loss_mal_aux_0: 0.6284 (0.6165)  loss_bbox_aux_0: 0.0211 (0.0208)  loss_giou_aux_0: 0.2914 (0.2858)  loss_fgl_aux_0: 1.1469 (1.1532)  loss_ddf_aux_0: 0.0178 (0.0178)  loss_mal_aux_1: 0.5641 (0.5581)  loss_bbox_aux_1: 0.0198 (0.0193)  loss_giou_aux_1: 0.2691 (0.2665)  loss_fgl_aux_1: 1.1227 (1.1291)  loss_ddf_aux_1: 0.0008 (0.0008)  loss_mal_pre: 0.6305 (0.6155)  loss_bbox_pre: 0.0209 (0.0209)  loss_giou_pre: 0.2934 (0.2858)  loss_mal_enc_0: 0.6985 (0.6896)  loss_bbox_enc_0: 0.0248 (0.0244)  loss_giou_enc_0: 0.3387 (0.3278)  loss_mal_dn_0: 0.6254 (0.6274)  loss_bbox_dn_0: 0.0230 (0.0230)  loss_giou_dn_0: 0.3141 (0.3139)  loss_fgl_dn_0: 1.1830 (1.1846)  loss_ddf_dn_0: 0.1380 (0.1321)  loss_mal_dn_1: 0.5342 (0.5305)  loss_bbox_dn_1: 0.0175 (0.0171)  loss_giou_dn_1: 0.2444 (0.2386)  loss_fgl_dn_1: 1.0794 (1.0838)  loss_ddf_dn_1: 0.0060 (0.0053)  loss_mal_dn_2: 0.5306 (0.5274)  loss_bbox_dn_2: 0.0175 (0.0170)  loss_giou_dn_2: 0.2400 (0.2373)  loss_fgl_dn_2: 1.0799 (1.0825)  loss_ddf_dn_2: -0.0000 (0.0000)  loss_mal_dn_pre: 0.6271 (0.6295)  loss_bbox_dn_pre: 0.0229 (0.0229)  loss_giou_dn_pre: 0.3121 (0.3128)
Test:  [0/9]  eta: 0:00:03    time: 0.3787  data: 0.2471  max mem: 5225
Test:  [8/9]  eta: 0:00:00    time: 0.1340  data: 0.0402  max mem: 5225
Test: Total time: 0:00:01 (0.1382 s / it)
Metrics: {'f1': 0.9757785467128027, 'precision': 0.9724137931034482, 'recall': 0.9791666666666666, 'iou': 0.6722502877583375, 'TPs': 141, 'FPs': 4, 'FNs': 3}
Averaged stats: 
Accumulating evaluation results...
COCOeval_opt.accumulate() finished...
DONE (t=0.01s).
IoU metric: bbox
 Average Precision  (AP) @[ IoU=0.50:0.95 | area=   all | maxDets=100 ] = 0.375
 Average Precision  (AP) @[ IoU=0.50      | area=   all | maxDets=100 ] = 0.963
 Average Precision  (AP) @[ IoU=0.75      | area=   all | maxDets=100 ] = 0.158
 Average Precision  (AP) @[ IoU=0.50:0.95 | area= small | maxDets=100 ] = 0.375
 Average Precision  (AP) @[ IoU=0.50:0.95 | area=medium | maxDets=100 ] = -1.000
 Average Precision  (AP) @[ IoU=0.50:0.95 | area= large | maxDets=100 ] = -1.000
 Average Recall     (AR) @[ IoU=0.50:0.95 | area=   all | maxDets=  1 ] = 0.209
 Average Recall     (AR) @[ IoU=0.50:0.95 | area=   all | maxDets= 10 ] = 0.482
 Average Recall     (AR) @[ IoU=0.50:0.95 | area=   all | maxDets=100 ] = 0.576
 Average Recall     (AR) @[ IoU=0.50:0.95 | area= small | maxDets=100 ] = 0.576
 Average Recall     (AR) @[ IoU=0.50:0.95 | area=medium | maxDets=100 ] = -1.000
 Average Recall     (AR) @[ IoU=0.50:0.95 | area= large | maxDets=100 ] = -1.000
 Average Recall     (AR) @[ IoU=0.50      | area=   all | maxDets=100 ] = 1.000
 Average Recall     (AR) @[ IoU=0.75      | area=   all | maxDets=100 ] = 0.625
best_stat: {'epoch': 7, 'coco_eval_bbox': 0.3864993927202564}
Epoch: [19/30]  [ 0/44]  eta: 0:00:29  lr: 0.000100  loss: 15.9597 (15.9597)  loss_mal: 0.5817 (0.5817)  loss_bbox: 0.0237 (0.0237)  loss_giou: 0.3044 (0.3044)  loss_fgl: 1.1436 (1.1436)  loss_mal_aux_0: 0.6167 (0.6167)  loss_bbox_aux_0: 0.0276 (0.0276)  loss_giou_aux_0: 0.3501 (0.3501)  loss_fgl_aux_0: 1.2075 (1.2075)  loss_ddf_aux_0: 0.0218 (0.0218)  loss_mal_aux_1: 0.5820 (0.5820)  loss_bbox_aux_1: 0.0236 (0.0236)  loss_giou_aux_1: 0.3018 (0.3018)  loss_fgl_aux_1: 1.1461 (1.1461)  loss_ddf_aux_1: 0.0011 (0.0011)  loss_mal_pre: 0.6115 (0.6115)  loss_bbox_pre: 0.0272 (0.0272)  loss_giou_pre: 0.3453 (0.3453)  loss_mal_enc_0: 0.6697 (0.6697)  loss_bbox_enc_0: 0.0302 (0.0302)  loss_giou_enc_0: 0.3870 (0.3870)  loss_mal_dn_0: 0.6794 (0.6794)  loss_bbox_dn_0: 0.0321 (0.0321)  loss_giou_dn_0: 0.3971 (0.3971)  loss_fgl_dn_0: 1.2904 (1.2904)  loss_ddf_dn_0: 0.1512 (0.1512)  loss_mal_dn_1: 0.5551 (0.5551)  loss_bbox_dn_1: 0.0200 (0.0200)  loss_giou_dn_1: 0.2591 (0.2591)  loss_fgl_dn_1: 1.1156 (1.1156)  loss_ddf_dn_1: 0.0047 (0.0047)  loss_mal_dn_2: 0.5561 (0.5561)  loss_bbox_dn_2: 0.0200 (0.0200)  loss_giou_dn_2: 0.2590 (0.2590)  loss_fgl_dn_2: 1.1152 (1.1152)  loss_ddf_dn_2: -0.0000 (0.0000)  loss_mal_dn_pre: 0.6765 (0.6765)  loss_bbox_dn_pre: 0.0317 (0.0317)  loss_giou_dn_pre: 0.3937 (0.3937)  time: 0.6676  data: 0.2672  max mem: 5225
Epoch: [19/30]  [10/44]  eta: 0:00:14  lr: 0.000100  loss: 15.5616 (15.5136)  loss_mal: 0.5637 (0.5671)  loss_bbox: 0.0194 (0.0203)  loss_giou: 0.2845 (0.2805)  loss_fgl: 1.1436 (1.1475)  loss_mal_aux_0: 0.6331 (0.6306)  loss_bbox_aux_0: 0.0219 (0.0226)  loss_giou_aux_0: 0.2975 (0.3102)  loss_fgl_aux_0: 1.1732 (1.1781)  loss_ddf_aux_0: 0.0202 (0.0225)  loss_mal_aux_1: 0.5686 (0.5720)  loss_bbox_aux_1: 0.0197 (0.0203)  loss_giou_aux_1: 0.2873 (0.2800)  loss_fgl_aux_1: 1.1468 (1.1474)  loss_ddf_aux_1: 0.0010 (0.0010)  loss_mal_pre: 0.6310 (0.6288)  loss_bbox_pre: 0.0217 (0.0226)  loss_giou_pre: 0.2947 (0.3094)  loss_mal_enc_0: 0.6994 (0.7009)  loss_bbox_enc_0: 0.0261 (0.0265)  loss_giou_enc_0: 0.3603 (0.3603)  loss_mal_dn_0: 0.6536 (0.6502)  loss_bbox_dn_0: 0.0256 (0.0262)  loss_giou_dn_0: 0.3549 (0.3514)  loss_fgl_dn_0: 1.2224 (1.2159)  loss_ddf_dn_0: 0.1627 (0.1673)  loss_mal_dn_1: 0.5469 (0.5449)  loss_bbox_dn_1: 0.0186 (0.0181)  loss_giou_dn_1: 0.2577 (0.2513)  loss_fgl_dn_1: 1.1072 (1.1000)  loss_ddf_dn_1: 0.0064 (0.0066)  loss_mal_dn_2: 0.5411 (0.5408)  loss_bbox_dn_2: 0.0183 (0.0180)  loss_giou_dn_2: 0.2528 (0.2501)  loss_fgl_dn_2: 1.1088 (1.0994)  loss_ddf_dn_2: -0.0000 (0.0000)  loss_mal_dn_pre: 0.6541 (0.6515)  loss_bbox_dn_pre: 0.0252 (0.0258)  loss_giou_dn_pre: 0.3510 (0.3474)  time: 0.4196  data: 0.0365  max mem: 5225
Epoch: [19/30]  [20/44]  eta: 0:00:09  lr: 0.000100  loss: 14.8392 (15.0955)  loss_mal: 0.5510 (0.5530)  loss_bbox: 0.0169 (0.0187)  loss_giou: 0.2529 (0.2616)  loss_fgl: 1.1252 (1.1327)  loss_mal_aux_0: 0.6026 (0.6150)  loss_bbox_aux_0: 0.0192 (0.0207)  loss_giou_aux_0: 0.2772 (0.2894)  loss_fgl_aux_0: 1.1575 (1.1636)  loss_ddf_aux_0: 0.0212 (0.0236)  loss_mal_aux_1: 0.5573 (0.5594)  loss_bbox_aux_1: 0.0172 (0.0187)  loss_giou_aux_1: 0.2512 (0.2620)  loss_fgl_aux_1: 1.1251 (1.1334)  loss_ddf_aux_1: 0.0010 (0.0010)  loss_mal_pre: 0.6039 (0.6138)  loss_bbox_pre: 0.0191 (0.0206)  loss_giou_pre: 0.2777 (0.2886)  loss_mal_enc_0: 0.6875 (0.6920)  loss_bbox_enc_0: 0.0234 (0.0248)  loss_giou_enc_0: 0.3267 (0.3419)  loss_mal_dn_0: 0.6278 (0.6332)  loss_bbox_dn_0: 0.0219 (0.0235)  loss_giou_dn_0: 0.3110 (0.3247)  loss_fgl_dn_0: 1.1816 (1.1961)  loss_ddf_dn_0: 0.1531 (0.1540)  loss_mal_dn_1: 0.5280 (0.5318)  loss_bbox_dn_1: 0.0162 (0.0168)  loss_giou_dn_1: 0.2301 (0.2383)  loss_fgl_dn_1: 1.0790 (1.0877)  loss_ddf_dn_1: 0.0056 (0.0056)  loss_mal_dn_2: 0.5223 (0.5273)  loss_bbox_dn_2: 0.0159 (0.0167)  loss_giou_dn_2: 0.2282 (0.2366)  loss_fgl_dn_2: 1.0744 (1.0866)  loss_ddf_dn_2: -0.0000 (0.0000)  loss_mal_dn_pre: 0.6334 (0.6360)  loss_bbox_dn_pre: 0.0219 (0.0233)  loss_giou_dn_pre: 0.3119 (0.3226)  time: 0.3897  data: 0.0143  max mem: 5225
Epoch: [19/30]  [30/44]  eta: 0:00:06  lr: 0.000100  loss: 14.6423 (14.9448)  loss_mal: 0.5342 (0.5496)  loss_bbox: 0.0166 (0.0185)  loss_giou: 0.2390 (0.2574)  loss_fgl: 1.1142 (1.1258)  loss_mal_aux_0: 0.5920 (0.6085)  loss_bbox_aux_0: 0.0185 (0.0203)  loss_giou_aux_0: 0.2689 (0.2827)  loss_fgl_aux_0: 1.1382 (1.1541)  loss_ddf_aux_0: 0.0218 (0.0230)  loss_mal_aux_1: 0.5422 (0.5552)  loss_bbox_aux_1: 0.0166 (0.0186)  loss_giou_aux_1: 0.2410 (0.2578)  loss_fgl_aux_1: 1.1102 (1.1263)  loss_ddf_aux_1: 0.0010 (0.0010)  loss_mal_pre: 0.5945 (0.6079)  loss_bbox_pre: 0.0185 (0.0204)  loss_giou_pre: 0.2699 (0.2826)  loss_mal_enc_0: 0.6819 (0.6897)  loss_bbox_enc_0: 0.0224 (0.0245)  loss_giou_enc_0: 0.3156 (0.3343)  loss_mal_dn_0: 0.6108 (0.6278)  loss_bbox_dn_0: 0.0206 (0.0231)  loss_giou_dn_0: 0.2916 (0.3168)  loss_fgl_dn_0: 1.1657 (1.1885)  loss_ddf_dn_0: 0.1319 (0.1477)  loss_mal_dn_1: 0.5144 (0.5265)  loss_bbox_dn_1: 0.0151 (0.0166)  loss_giou_dn_1: 0.2217 (0.2335)  loss_fgl_dn_1: 1.0698 (1.0806)  loss_ddf_dn_1: 0.0043 (0.0052)  loss_mal_dn_2: 0.5131 (0.5227)  loss_bbox_dn_2: 0.0150 (0.0165)  loss_giou_dn_2: 0.2209 (0.2321)  loss_fgl_dn_2: 1.0724 (1.0797)  loss_ddf_dn_2: -0.0000 (0.0000)  loss_mal_dn_pre: 0.6167 (0.6309)  loss_bbox_dn_pre: 0.0207 (0.0230)  loss_giou_dn_pre: 0.2913 (0.3153)  time: 0.4655  data: 0.0156  max mem: 5225
Epoch: [19/30]  [40/44]  eta: 0:00:01  lr: 0.000100  loss: 14.7666 (14.9606)  loss_mal: 0.5432 (0.5508)  loss_bbox: 0.0184 (0.0189)  loss_giou: 0.2582 (0.2598)  loss_fgl: 1.1204 (1.1257)  loss_mal_aux_0: 0.5952 (0.6071)  loss_bbox_aux_0: 0.0200 (0.0205)  loss_giou_aux_0: 0.2751 (0.2819)  loss_fgl_aux_0: 1.1429 (1.1526)  loss_ddf_aux_0: 0.0222 (0.0234)  loss_mal_aux_1: 0.5579 (0.5566)  loss_bbox_aux_1: 0.0183 (0.0189)  loss_giou_aux_1: 0.2573 (0.2600)  loss_fgl_aux_1: 1.1239 (1.1262)  loss_ddf_aux_1: 0.0009 (0.0010)  loss_mal_pre: 0.5945 (0.6067)  loss_bbox_pre: 0.0201 (0.0205)  loss_giou_pre: 0.2720 (0.2820)  loss_mal_enc_0: 0.6912 (0.6905)  loss_bbox_enc_0: 0.0241 (0.0246)  loss_giou_enc_0: 0.3156 (0.3329)  loss_mal_dn_0: 0.6238 (0.6288)  loss_bbox_dn_0: 0.0217 (0.0234)  loss_giou_dn_0: 0.3124 (0.3175)  loss_fgl_dn_0: 1.1840 (1.1900)  loss_ddf_dn_0: 0.1410 (0.1482)  loss_mal_dn_1: 0.5228 (0.5277)  loss_bbox_dn_1: 0.0161 (0.0169)  loss_giou_dn_1: 0.2302 (0.2348)  loss_fgl_dn_1: 1.0698 (1.0823)  loss_ddf_dn_1: 0.0049 (0.0054)  loss_mal_dn_2: 0.5204 (0.5239)  loss_bbox_dn_2: 0.0159 (0.0167)  loss_giou_dn_2: 0.2291 (0.2332)  loss_fgl_dn_2: 1.0677 (1.0807)  loss_ddf_dn_2: -0.0000 (0.0000)  loss_mal_dn_pre: 0.6272 (0.6315)  loss_bbox_dn_pre: 0.0216 (0.0232)  loss_giou_dn_pre: 0.3099 (0.3160)  time: 0.5577  data: 0.0159  max mem: 5225
Epoch: [19/30]  [43/44]  eta: 0:00:00  lr: 0.000100  loss: 14.7666 (14.9496)  loss_mal: 0.5432 (0.5503)  loss_bbox: 0.0192 (0.0189)  loss_giou: 0.2582 (0.2598)  loss_fgl: 1.1204 (1.1252)  loss_mal_aux_0: 0.5952 (0.6085)  loss_bbox_aux_0: 0.0212 (0.0205)  loss_giou_aux_0: 0.2702 (0.2811)  loss_fgl_aux_0: 1.1429 (1.1516)  loss_ddf_aux_0: 0.0215 (0.0233)  loss_mal_aux_1: 0.5582 (0.5564)  loss_bbox_aux_1: 0.0188 (0.0190)  loss_giou_aux_1: 0.2573 (0.2601)  loss_fgl_aux_1: 1.1239 (1.1258)  loss_ddf_aux_1: 0.0009 (0.0010)  loss_mal_pre: 0.5945 (0.6081)  loss_bbox_pre: 0.0215 (0.0205)  loss_giou_pre: 0.2719 (0.2813)  loss_mal_enc_0: 0.6880 (0.6907)  loss_bbox_enc_0: 0.0241 (0.0246)  loss_giou_enc_0: 0.3103 (0.3314)  loss_mal_dn_0: 0.6238 (0.6282)  loss_bbox_dn_0: 0.0241 (0.0233)  loss_giou_dn_0: 0.3124 (0.3163)  loss_fgl_dn_0: 1.1823 (1.1891)  loss_ddf_dn_0: 0.1410 (0.1474)  loss_mal_dn_1: 0.5277 (0.5269)  loss_bbox_dn_1: 0.0172 (0.0169)  loss_giou_dn_1: 0.2323 (0.2344)  loss_fgl_dn_1: 1.0743 (1.0816)  loss_ddf_dn_1: 0.0057 (0.0055)  loss_mal_dn_2: 0.5249 (0.5233)  loss_bbox_dn_2: 0.0170 (0.0167)  loss_giou_dn_2: 0.2301 (0.2328)  loss_fgl_dn_2: 1.0677 (1.0800)  loss_ddf_dn_2: -0.0000 (0.0000)  loss_mal_dn_pre: 0.6272 (0.6309)  loss_bbox_dn_pre: 0.0237 (0.0232)  loss_giou_dn_pre: 0.3080 (0.3149)  time: 0.5583  data: 0.0158  max mem: 5225
Epoch: [19/30] Total time: 0:00:21 (0.4821 s / it)
Averaged stats: lr: 0.000100  loss: 14.7666 (14.9496)  loss_mal: 0.5432 (0.5503)  loss_bbox: 0.0192 (0.0189)  loss_giou: 0.2582 (0.2598)  loss_fgl: 1.1204 (1.1252)  loss_mal_aux_0: 0.5952 (0.6085)  loss_bbox_aux_0: 0.0212 (0.0205)  loss_giou_aux_0: 0.2702 (0.2811)  loss_fgl_aux_0: 1.1429 (1.1516)  loss_ddf_aux_0: 0.0215 (0.0233)  loss_mal_aux_1: 0.5582 (0.5564)  loss_bbox_aux_1: 0.0188 (0.0190)  loss_giou_aux_1: 0.2573 (0.2601)  loss_fgl_aux_1: 1.1239 (1.1258)  loss_ddf_aux_1: 0.0009 (0.0010)  loss_mal_pre: 0.5945 (0.6081)  loss_bbox_pre: 0.0215 (0.0205)  loss_giou_pre: 0.2719 (0.2813)  loss_mal_enc_0: 0.6880 (0.6907)  loss_bbox_enc_0: 0.0241 (0.0246)  loss_giou_enc_0: 0.3103 (0.3314)  loss_mal_dn_0: 0.6238 (0.6282)  loss_bbox_dn_0: 0.0241 (0.0233)  loss_giou_dn_0: 0.3124 (0.3163)  loss_fgl_dn_0: 1.1823 (1.1891)  loss_ddf_dn_0: 0.1410 (0.1474)  loss_mal_dn_1: 0.5277 (0.5269)  loss_bbox_dn_1: 0.0172 (0.0169)  loss_giou_dn_1: 0.2323 (0.2344)  loss_fgl_dn_1: 1.0743 (1.0816)  loss_ddf_dn_1: 0.0057 (0.0055)  loss_mal_dn_2: 0.5249 (0.5233)  loss_bbox_dn_2: 0.0170 (0.0167)  loss_giou_dn_2: 0.2301 (0.2328)  loss_fgl_dn_2: 1.0677 (1.0800)  loss_ddf_dn_2: -0.0000 (0.0000)  loss_mal_dn_pre: 0.6272 (0.6309)  loss_bbox_dn_pre: 0.0237 (0.0232)  loss_giou_dn_pre: 0.3080 (0.3149)
Test:  [0/9]  eta: 0:00:03    time: 0.3373  data: 0.2563  max mem: 5225
Test:  [8/9]  eta: 0:00:00    time: 0.1635  data: 0.0419  max mem: 5225
Test: Total time: 0:00:01 (0.1695 s / it)
Metrics: {'f1': 0.9722222222222222, 'precision': 0.9722222222222222, 'recall': 0.9722222222222222, 'iou': 0.6671270716029245, 'TPs': 140, 'FPs': 4, 'FNs': 4}
Averaged stats: 
Accumulating evaluation results...
COCOeval_opt.accumulate() finished...
DONE (t=0.01s).
IoU metric: bbox
 Average Precision  (AP) @[ IoU=0.50:0.95 | area=   all | maxDets=100 ] = 0.375
 Average Precision  (AP) @[ IoU=0.50      | area=   all | maxDets=100 ] = 0.964
 Average Precision  (AP) @[ IoU=0.75      | area=   all | maxDets=100 ] = 0.159
 Average Precision  (AP) @[ IoU=0.50:0.95 | area= small | maxDets=100 ] = 0.376
 Average Precision  (AP) @[ IoU=0.50:0.95 | area=medium | maxDets=100 ] = -1.000
 Average Precision  (AP) @[ IoU=0.50:0.95 | area= large | maxDets=100 ] = -1.000
 Average Recall     (AR) @[ IoU=0.50:0.95 | area=   all | maxDets=  1 ] = 0.209
 Average Recall     (AR) @[ IoU=0.50:0.95 | area=   all | maxDets= 10 ] = 0.485
 Average Recall     (AR) @[ IoU=0.50:0.95 | area=   all | maxDets=100 ] = 0.578
 Average Recall     (AR) @[ IoU=0.50:0.95 | area= small | maxDets=100 ] = 0.578
 Average Recall     (AR) @[ IoU=0.50:0.95 | area=medium | maxDets=100 ] = -1.000
 Average Recall     (AR) @[ IoU=0.50:0.95 | area= large | maxDets=100 ] = -1.000
 Average Recall     (AR) @[ IoU=0.50      | area=   all | maxDets=100 ] = 1.000
 Average Recall     (AR) @[ IoU=0.75      | area=   all | maxDets=100 ] = 0.611
best_stat: {'epoch': 7, 'coco_eval_bbox': 0.3864993927202564}
Epoch: [20/30]  [ 0/44]  eta: 0:00:35  lr: 0.000100  loss: 14.9556 (14.9556)  loss_mal: 0.5411 (0.5411)  loss_bbox: 0.0181 (0.0181)  loss_giou: 0.2565 (0.2565)  loss_fgl: 1.1167 (1.1167)  loss_mal_aux_0: 0.6173 (0.6173)  loss_bbox_aux_0: 0.0207 (0.0207)  loss_giou_aux_0: 0.2863 (0.2863)  loss_fgl_aux_0: 1.1667 (1.1667)  loss_ddf_aux_0: 0.0200 (0.0200)  loss_mal_aux_1: 0.5421 (0.5421)  loss_bbox_aux_1: 0.0183 (0.0183)  loss_giou_aux_1: 0.2584 (0.2584)  loss_fgl_aux_1: 1.1198 (1.1198)  loss_ddf_aux_1: 0.0008 (0.0008)  loss_mal_pre: 0.6148 (0.6148)  loss_bbox_pre: 0.0204 (0.0204)  loss_giou_pre: 0.2830 (0.2830)  loss_mal_enc_0: 0.7204 (0.7204)  loss_bbox_enc_0: 0.0237 (0.0237)  loss_giou_enc_0: 0.3258 (0.3258)  loss_mal_dn_0: 0.6317 (0.6317)  loss_bbox_dn_0: 0.0235 (0.0235)  loss_giou_dn_0: 0.3215 (0.3215)  loss_fgl_dn_0: 1.1969 (1.1969)  loss_ddf_dn_0: 0.1410 (0.1410)  loss_mal_dn_1: 0.5241 (0.5241)  loss_bbox_dn_1: 0.0164 (0.0164)  loss_giou_dn_1: 0.2343 (0.2343)  loss_fgl_dn_1: 1.0687 (1.0687)  loss_ddf_dn_1: 0.0062 (0.0062)  loss_mal_dn_2: 0.5226 (0.5226)  loss_bbox_dn_2: 0.0163 (0.0163)  loss_giou_dn_2: 0.2334 (0.2334)  loss_fgl_dn_2: 1.0665 (1.0665)  loss_ddf_dn_2: -0.0000 (0.0000)  loss_mal_dn_pre: 0.6358 (0.6358)  loss_bbox_dn_pre: 0.0236 (0.0236)  loss_giou_dn_pre: 0.3220 (0.3220)  time: 0.7986  data: 0.2488  max mem: 5225
Epoch: [20/30]  [10/44]  eta: 0:00:19  lr: 0.000100  loss: 14.8302 (14.7545)  loss_mal: 0.5411 (0.5380)  loss_bbox: 0.0175 (0.0183)  loss_giou: 0.2565 (0.2571)  loss_fgl: 1.1170 (1.1134)  loss_mal_aux_0: 0.6022 (0.6001)  loss_bbox_aux_0: 0.0189 (0.0200)  loss_giou_aux_0: 0.2863 (0.2793)  loss_fgl_aux_0: 1.1605 (1.1501)  loss_ddf_aux_0: 0.0200 (0.0208)  loss_mal_aux_1: 0.5443 (0.5413)  loss_bbox_aux_1: 0.0176 (0.0183)  loss_giou_aux_1: 0.2570 (0.2574)  loss_fgl_aux_1: 1.1198 (1.1140)  loss_ddf_aux_1: 0.0009 (0.0009)  loss_mal_pre: 0.5984 (0.5987)  loss_bbox_pre: 0.0188 (0.0200)  loss_giou_pre: 0.2830 (0.2789)  loss_mal_enc_0: 0.6840 (0.6847)  loss_bbox_enc_0: 0.0227 (0.0235)  loss_giou_enc_0: 0.3171 (0.3235)  loss_mal_dn_0: 0.6293 (0.6248)  loss_bbox_dn_0: 0.0234 (0.0225)  loss_giou_dn_0: 0.3130 (0.3107)  loss_fgl_dn_0: 1.1905 (1.1837)  loss_ddf_dn_0: 0.1362 (0.1396)  loss_mal_dn_1: 0.5241 (0.5189)  loss_bbox_dn_1: 0.0163 (0.0161)  loss_giou_dn_1: 0.2275 (0.2282)  loss_fgl_dn_1: 1.0631 (1.0652)  loss_ddf_dn_1: 0.0060 (0.0057)  loss_mal_dn_2: 0.5179 (0.5159)  loss_bbox_dn_2: 0.0161 (0.0160)  loss_giou_dn_2: 0.2307 (0.2273)  loss_fgl_dn_2: 1.0605 (1.0638)  loss_ddf_dn_2: -0.0000 (0.0000)  loss_mal_dn_pre: 0.6282 (0.6272)  loss_bbox_dn_pre: 0.0229 (0.0223)  loss_giou_dn_pre: 0.3051 (0.3084)  time: 0.5793  data: 0.0366  max mem: 5225
Epoch: [20/30]  [20/44]  eta: 0:00:12  lr: 0.000100  loss: 14.7672 (14.7980)  loss_mal: 0.5356 (0.5411)  loss_bbox: 0.0176 (0.0184)  loss_giou: 0.2404 (0.2602)  loss_fgl: 1.1170 (1.1222)  loss_mal_aux_0: 0.5860 (0.5946)  loss_bbox_aux_0: 0.0189 (0.0201)  loss_giou_aux_0: 0.2726 (0.2807)  loss_fgl_aux_0: 1.1580 (1.1531)  loss_ddf_aux_0: 0.0205 (0.0216)  loss_mal_aux_1: 0.5373 (0.5428)  loss_bbox_aux_1: 0.0176 (0.0184)  loss_giou_aux_1: 0.2424 (0.2601)  loss_fgl_aux_1: 1.1127 (1.1224)  loss_ddf_aux_1: 0.0009 (0.0009)  loss_mal_pre: 0.5863 (0.5936)  loss_bbox_pre: 0.0192 (0.0201)  loss_giou_pre: 0.2730 (0.2802)  loss_mal_enc_0: 0.6734 (0.6792)  loss_bbox_enc_0: 0.0227 (0.0235)  loss_giou_enc_0: 0.3147 (0.3251)  loss_mal_dn_0: 0.6173 (0.6235)  loss_bbox_dn_0: 0.0210 (0.0221)  loss_giou_dn_0: 0.3040 (0.3086)  loss_fgl_dn_0: 1.1853 (1.1848)  loss_ddf_dn_0: 0.1362 (0.1392)  loss_mal_dn_1: 0.5178 (0.5218)  loss_bbox_dn_1: 0.0151 (0.0162)  loss_giou_dn_1: 0.2262 (0.2310)  loss_fgl_dn_1: 1.0628 (1.0731)  loss_ddf_dn_1: 0.0050 (0.0053)  loss_mal_dn_2: 0.5160 (0.5196)  loss_bbox_dn_2: 0.0150 (0.0161)  loss_giou_dn_2: 0.2291 (0.2304)  loss_fgl_dn_2: 1.0603 (1.0720)  loss_ddf_dn_2: -0.0000 (0.0000)  loss_mal_dn_pre: 0.6199 (0.6265)  loss_bbox_dn_pre: 0.0211 (0.0220)  loss_giou_dn_pre: 0.3015 (0.3074)  time: 0.5204  data: 0.0159  max mem: 5225
Epoch: [20/30]  [30/44]  eta: 0:00:07  lr: 0.000100  loss: 14.2726 (14.6831)  loss_mal: 0.5244 (0.5372)  loss_bbox: 0.0176 (0.0183)  loss_giou: 0.2403 (0.2553)  loss_fgl: 1.0806 (1.1142)  loss_mal_aux_0: 0.5860 (0.5907)  loss_bbox_aux_0: 0.0187 (0.0200)  loss_giou_aux_0: 0.2695 (0.2764)  loss_fgl_aux_0: 1.1262 (1.1475)  loss_ddf_aux_0: 0.0235 (0.0223)  loss_mal_aux_1: 0.5330 (0.5427)  loss_bbox_aux_1: 0.0177 (0.0183)  loss_giou_aux_1: 0.2424 (0.2559)  loss_fgl_aux_1: 1.0811 (1.1151)  loss_ddf_aux_1: 0.0009 (0.0009)  loss_mal_pre: 0.5831 (0.5896)  loss_bbox_pre: 0.0192 (0.0199)  loss_giou_pre: 0.2686 (0.2751)  loss_mal_enc_0: 0.6724 (0.6809)  loss_bbox_enc_0: 0.0231 (0.0237)  loss_giou_enc_0: 0.3218 (0.3238)  loss_mal_dn_0: 0.6052 (0.6180)  loss_bbox_dn_0: 0.0207 (0.0220)  loss_giou_dn_0: 0.2878 (0.3028)  loss_fgl_dn_0: 1.1458 (1.1763)  loss_ddf_dn_0: 0.1375 (0.1369)  loss_mal_dn_1: 0.5025 (0.5176)  loss_bbox_dn_1: 0.0150 (0.0162)  loss_giou_dn_1: 0.2114 (0.2276)  loss_fgl_dn_1: 1.0364 (1.0663)  loss_ddf_dn_1: 0.0044 (0.0051)  loss_mal_dn_2: 0.4978 (0.5148)  loss_bbox_dn_2: 0.0149 (0.0161)  loss_giou_dn_2: 0.2091 (0.2267)  loss_fgl_dn_2: 1.0338 (1.0649)  loss_ddf_dn_2: -0.0000 (0.0000)  loss_mal_dn_pre: 0.6072 (0.6208)  loss_bbox_dn_pre: 0.0208 (0.0219)  loss_giou_dn_pre: 0.2875 (0.3011)  time: 0.5024  data: 0.0162  max mem: 5225
Epoch: [20/30]  [40/44]  eta: 0:00:02  lr: 0.000100  loss: 14.4211 (14.7759)  loss_mal: 0.5337 (0.5409)  loss_bbox: 0.0175 (0.0186)  loss_giou: 0.2503 (0.2577)  loss_fgl: 1.0888 (1.1193)  loss_mal_aux_0: 0.5946 (0.6014)  loss_bbox_aux_0: 0.0187 (0.0202)  loss_giou_aux_0: 0.2695 (0.2771)  loss_fgl_aux_0: 1.1296 (1.1486)  loss_ddf_aux_0: 0.0235 (0.0229)  loss_mal_aux_1: 0.5473 (0.5472)  loss_bbox_aux_1: 0.0178 (0.0187)  loss_giou_aux_1: 0.2529 (0.2581)  loss_fgl_aux_1: 1.0945 (1.1198)  loss_ddf_aux_1: 0.0009 (0.0009)  loss_mal_pre: 0.5952 (0.6000)  loss_bbox_pre: 0.0187 (0.0201)  loss_giou_pre: 0.2686 (0.2761)  loss_mal_enc_0: 0.6846 (0.6799)  loss_bbox_enc_0: 0.0230 (0.0236)  loss_giou_enc_0: 0.3218 (0.3206)  loss_mal_dn_0: 0.6072 (0.6212)  loss_bbox_dn_0: 0.0219 (0.0225)  loss_giou_dn_0: 0.2938 (0.3062)  loss_fgl_dn_0: 1.1509 (1.1802)  loss_ddf_dn_0: 0.1394 (0.1407)  loss_mal_dn_1: 0.5069 (0.5212)  loss_bbox_dn_1: 0.0160 (0.0165)  loss_giou_dn_1: 0.2205 (0.2306)  loss_fgl_dn_1: 1.0486 (1.0731)  loss_ddf_dn_1: 0.0044 (0.0050)  loss_mal_dn_2: 0.5025 (0.5183)  loss_bbox_dn_2: 0.0159 (0.0164)  loss_giou_dn_2: 0.2182 (0.2297)  loss_fgl_dn_2: 1.0435 (1.0719)  loss_ddf_dn_2: -0.0000 (0.0000)  loss_mal_dn_pre: 0.6108 (0.6238)  loss_bbox_dn_pre: 0.0216 (0.0223)  loss_giou_dn_pre: 0.2885 (0.3048)  time: 0.5424  data: 0.0163  max mem: 5225
Epoch: [20/30]  [43/44]  eta: 0:00:00  lr: 0.000100  loss: 14.7413 (14.7639)  loss_mal: 0.5382 (0.5410)  loss_bbox: 0.0186 (0.0186)  loss_giou: 0.2503 (0.2567)  loss_fgl: 1.1073 (1.1186)  loss_mal_aux_0: 0.6074 (0.6038)  loss_bbox_aux_0: 0.0203 (0.0201)  loss_giou_aux_0: 0.2703 (0.2759)  loss_fgl_aux_0: 1.1563 (1.1479)  loss_ddf_aux_0: 0.0224 (0.0226)  loss_mal_aux_1: 0.5508 (0.5474)  loss_bbox_aux_1: 0.0186 (0.0186)  loss_giou_aux_1: 0.2529 (0.2571)  loss_fgl_aux_1: 1.1057 (1.1193)  loss_ddf_aux_1: 0.0008 (0.0009)  loss_mal_pre: 0.6083 (0.6023)  loss_bbox_pre: 0.0201 (0.0200)  loss_giou_pre: 0.2718 (0.2750)  loss_mal_enc_0: 0.6913 (0.6810)  loss_bbox_enc_0: 0.0230 (0.0237)  loss_giou_enc_0: 0.3209 (0.3206)  loss_mal_dn_0: 0.6106 (0.6201)  loss_bbox_dn_0: 0.0236 (0.0224)  loss_giou_dn_0: 0.2914 (0.3049)  loss_fgl_dn_0: 1.1634 (1.1793)  loss_ddf_dn_0: 0.1342 (0.1396)  loss_mal_dn_1: 0.5108 (0.5204)  loss_bbox_dn_1: 0.0165 (0.0165)  loss_giou_dn_1: 0.2251 (0.2299)  loss_fgl_dn_1: 1.0689 (1.0723)  loss_ddf_dn_1: 0.0044 (0.0049)  loss_mal_dn_2: 0.5086 (0.5177)  loss_bbox_dn_2: 0.0164 (0.0164)  loss_giou_dn_2: 0.2241 (0.2290)  loss_fgl_dn_2: 1.0652 (1.0710)  loss_ddf_dn_2: -0.0000 (0.0000)  loss_mal_dn_pre: 0.6154 (0.6228)  loss_bbox_dn_pre: 0.0234 (0.0223)  loss_giou_dn_pre: 0.2892 (0.3034)  time: 0.5539  data: 0.0162  max mem: 5225
Epoch: [20/30] Total time: 0:00:23 (0.5379 s / it)
Averaged stats: lr: 0.000100  loss: 14.7413 (14.7639)  loss_mal: 0.5382 (0.5410)  loss_bbox: 0.0186 (0.0186)  loss_giou: 0.2503 (0.2567)  loss_fgl: 1.1073 (1.1186)  loss_mal_aux_0: 0.6074 (0.6038)  loss_bbox_aux_0: 0.0203 (0.0201)  loss_giou_aux_0: 0.2703 (0.2759)  loss_fgl_aux_0: 1.1563 (1.1479)  loss_ddf_aux_0: 0.0224 (0.0226)  loss_mal_aux_1: 0.5508 (0.5474)  loss_bbox_aux_1: 0.0186 (0.0186)  loss_giou_aux_1: 0.2529 (0.2571)  loss_fgl_aux_1: 1.1057 (1.1193)  loss_ddf_aux_1: 0.0008 (0.0009)  loss_mal_pre: 0.6083 (0.6023)  loss_bbox_pre: 0.0201 (0.0200)  loss_giou_pre: 0.2718 (0.2750)  loss_mal_enc_0: 0.6913 (0.6810)  loss_bbox_enc_0: 0.0230 (0.0237)  loss_giou_enc_0: 0.3209 (0.3206)  loss_mal_dn_0: 0.6106 (0.6201)  loss_bbox_dn_0: 0.0236 (0.0224)  loss_giou_dn_0: 0.2914 (0.3049)  loss_fgl_dn_0: 1.1634 (1.1793)  loss_ddf_dn_0: 0.1342 (0.1396)  loss_mal_dn_1: 0.5108 (0.5204)  loss_bbox_dn_1: 0.0165 (0.0165)  loss_giou_dn_1: 0.2251 (0.2299)  loss_fgl_dn_1: 1.0689 (1.0723)  loss_ddf_dn_1: 0.0044 (0.0049)  loss_mal_dn_2: 0.5086 (0.5177)  loss_bbox_dn_2: 0.0164 (0.0164)  loss_giou_dn_2: 0.2241 (0.2290)  loss_fgl_dn_2: 1.0652 (1.0710)  loss_ddf_dn_2: -0.0000 (0.0000)  loss_mal_dn_pre: 0.6154 (0.6228)  loss_bbox_dn_pre: 0.0234 (0.0223)  loss_giou_dn_pre: 0.2892 (0.3034)
Test:  [0/9]  eta: 0:00:03    time: 0.3458  data: 0.2496  max mem: 5225
Test:  [8/9]  eta: 0:00:00    time: 0.1512  data: 0.0428  max mem: 5225
Test: Total time: 0:00:01 (0.1553 s / it)
Metrics: {'f1': 0.9791666666666666, 'precision': 0.9791666666666666, 'recall': 0.9791666666666666, 'iou': 0.6765091265139936, 'TPs': 141, 'FPs': 3, 'FNs': 3}
Averaged stats: 
Accumulating evaluation results...
COCOeval_opt.accumulate() finished...
DONE (t=0.01s).
IoU metric: bbox
 Average Precision  (AP) @[ IoU=0.50:0.95 | area=   all | maxDets=100 ] = 0.375
 Average Precision  (AP) @[ IoU=0.50      | area=   all | maxDets=100 ] = 0.967
 Average Precision  (AP) @[ IoU=0.75      | area=   all | maxDets=100 ] = 0.151
 Average Precision  (AP) @[ IoU=0.50:0.95 | area= small | maxDets=100 ] = 0.376
 Average Precision  (AP) @[ IoU=0.50:0.95 | area=medium | maxDets=100 ] = -1.000
 Average Precision  (AP) @[ IoU=0.50:0.95 | area= large | maxDets=100 ] = -1.000
 Average Recall     (AR) @[ IoU=0.50:0.95 | area=   all | maxDets=  1 ] = 0.209
 Average Recall     (AR) @[ IoU=0.50:0.95 | area=   all | maxDets= 10 ] = 0.485
 Average Recall     (AR) @[ IoU=0.50:0.95 | area=   all | maxDets=100 ] = 0.577
 Average Recall     (AR) @[ IoU=0.50:0.95 | area= small | maxDets=100 ] = 0.577
 Average Recall     (AR) @[ IoU=0.50:0.95 | area=medium | maxDets=100 ] = -1.000
 Average Recall     (AR) @[ IoU=0.50:0.95 | area= large | maxDets=100 ] = -1.000
 Average Recall     (AR) @[ IoU=0.50      | area=   all | maxDets=100 ] = 1.000
 Average Recall     (AR) @[ IoU=0.75      | area=   all | maxDets=100 ] = 0.604
best_stat: {'epoch': 7, 'coco_eval_bbox': 0.3864993927202564}
Epoch: [21/30]  [ 0/44]  eta: 0:00:34  lr: 0.000100  loss: 12.1286 (12.1286)  loss_mal: 0.4202 (0.4202)  loss_bbox: 0.0095 (0.0095)  loss_giou: 0.1400 (0.1400)  loss_fgl: 0.9767 (0.9767)  loss_mal_aux_0: 0.5065 (0.5065)  loss_bbox_aux_0: 0.0116 (0.0116)  loss_giou_aux_0: 0.1727 (0.1727)  loss_fgl_aux_0: 1.0306 (1.0306)  loss_ddf_aux_0: 0.0258 (0.0258)  loss_mal_aux_1: 0.4276 (0.4276)  loss_bbox_aux_1: 0.0095 (0.0095)  loss_giou_aux_1: 0.1404 (0.1404)  loss_fgl_aux_1: 0.9754 (0.9754)  loss_ddf_aux_1: 0.0011 (0.0011)  loss_mal_pre: 0.5044 (0.5044)  loss_bbox_pre: 0.0114 (0.0114)  loss_giou_pre: 0.1697 (0.1697)  loss_mal_enc_0: 0.6081 (0.6081)  loss_bbox_enc_0: 0.0148 (0.0148)  loss_giou_enc_0: 0.2115 (0.2115)  loss_mal_dn_0: 0.5398 (0.5398)  loss_bbox_dn_0: 0.0140 (0.0140)  loss_giou_dn_0: 0.2009 (0.2009)  loss_fgl_dn_0: 1.0772 (1.0772)  loss_ddf_dn_0: 0.1070 (0.1070)  loss_mal_dn_1: 0.4169 (0.4169)  loss_bbox_dn_1: 0.0100 (0.0100)  loss_giou_dn_1: 0.1469 (0.1469)  loss_fgl_dn_1: 0.9550 (0.9550)  loss_ddf_dn_1: 0.0038 (0.0038)  loss_mal_dn_2: 0.4191 (0.4191)  loss_bbox_dn_2: 0.0100 (0.0100)  loss_giou_dn_2: 0.1467 (0.1467)  loss_fgl_dn_2: 0.9536 (0.9536)  loss_ddf_dn_2: -0.0000 (0.0000)  loss_mal_dn_pre: 0.5456 (0.5456)  loss_bbox_dn_pre: 0.0140 (0.0140)  loss_giou_dn_pre: 0.2005 (0.2005)  time: 0.7769  data: 0.2508  max mem: 5225
Epoch: [21/30]  [10/44]  eta: 0:00:19  lr: 0.000100  loss: 14.5217 (14.5215)  loss_mal: 0.5430 (0.5313)  loss_bbox: 0.0182 (0.0178)  loss_giou: 0.2693 (0.2526)  loss_fgl: 1.1067 (1.1127)  loss_mal_aux_0: 0.6046 (0.5896)  loss_bbox_aux_0: 0.0193 (0.0190)  loss_giou_aux_0: 0.2714 (0.2702)  loss_fgl_aux_0: 1.1408 (1.1424)  loss_ddf_aux_0: 0.0174 (0.0188)  loss_mal_aux_1: 0.5497 (0.5357)  loss_bbox_aux_1: 0.0183 (0.0178)  loss_giou_aux_1: 0.2704 (0.2531)  loss_fgl_aux_1: 1.1083 (1.1126)  loss_ddf_aux_1: 0.0007 (0.0008)  loss_mal_pre: 0.6024 (0.5885)  loss_bbox_pre: 0.0193 (0.0190)  loss_giou_pre: 0.2758 (0.2702)  loss_mal_enc_0: 0.6681 (0.6621)  loss_bbox_enc_0: 0.0229 (0.0226)  loss_giou_enc_0: 0.3321 (0.3144)  loss_mal_dn_0: 0.6152 (0.6059)  loss_bbox_dn_0: 0.0210 (0.0208)  loss_giou_dn_0: 0.3043 (0.2920)  loss_fgl_dn_0: 1.1598 (1.1612)  loss_ddf_dn_0: 0.1316 (0.1271)  loss_mal_dn_1: 0.5186 (0.5143)  loss_bbox_dn_1: 0.0155 (0.0158)  loss_giou_dn_1: 0.2376 (0.2265)  loss_fgl_dn_1: 1.0608 (1.0630)  loss_ddf_dn_1: 0.0044 (0.0043)  loss_mal_dn_2: 0.5155 (0.5123)  loss_bbox_dn_2: 0.0155 (0.0157)  loss_giou_dn_2: 0.2330 (0.2257)  loss_fgl_dn_2: 1.0578 (1.0622)  loss_ddf_dn_2: -0.0000 (0.0000)  loss_mal_dn_pre: 0.6202 (0.6109)  loss_bbox_dn_pre: 0.0208 (0.0208)  loss_giou_dn_pre: 0.3029 (0.2917)  time: 0.5832  data: 0.0384  max mem: 5225
Epoch: [21/30]  [20/44]  eta: 0:00:12  lr: 0.000100  loss: 14.5217 (14.5330)  loss_mal: 0.5355 (0.5345)  loss_bbox: 0.0177 (0.0175)  loss_giou: 0.2529 (0.2488)  loss_fgl: 1.1056 (1.1078)  loss_mal_aux_0: 0.5995 (0.6039)  loss_bbox_aux_0: 0.0193 (0.0189)  loss_giou_aux_0: 0.2714 (0.2665)  loss_fgl_aux_0: 1.1444 (1.1392)  loss_ddf_aux_0: 0.0183 (0.0195)  loss_mal_aux_1: 0.5460 (0.5431)  loss_bbox_aux_1: 0.0175 (0.0176)  loss_giou_aux_1: 0.2555 (0.2490)  loss_fgl_aux_1: 1.1071 (1.1087)  loss_ddf_aux_1: 0.0008 (0.0008)  loss_mal_pre: 0.5969 (0.6029)  loss_bbox_pre: 0.0192 (0.0189)  loss_giou_pre: 0.2711 (0.2661)  loss_mal_enc_0: 0.6681 (0.6704)  loss_bbox_enc_0: 0.0229 (0.0222)  loss_giou_enc_0: 0.3126 (0.3079)  loss_mal_dn_0: 0.6110 (0.6069)  loss_bbox_dn_0: 0.0209 (0.0210)  loss_giou_dn_0: 0.2911 (0.2924)  loss_fgl_dn_0: 1.1616 (1.1631)  loss_ddf_dn_0: 0.1347 (0.1331)  loss_mal_dn_1: 0.5162 (0.5130)  loss_bbox_dn_1: 0.0157 (0.0157)  loss_giou_dn_1: 0.2230 (0.2238)  loss_fgl_dn_1: 1.0683 (1.0628)  loss_ddf_dn_1: 0.0049 (0.0048)  loss_mal_dn_2: 0.5145 (0.5097)  loss_bbox_dn_2: 0.0155 (0.0156)  loss_giou_dn_2: 0.2214 (0.2227)  loss_fgl_dn_2: 1.0653 (1.0609)  loss_ddf_dn_2: -0.0000 (0.0000)  loss_mal_dn_pre: 0.6138 (0.6109)  loss_bbox_dn_pre: 0.0208 (0.0209)  loss_giou_dn_pre: 0.2900 (0.2914)  time: 0.5276  data: 0.0168  max mem: 5225
Epoch: [21/30]  [30/44]  eta: 0:00:07  lr: 0.000100  loss: 14.3873 (14.5271)  loss_mal: 0.5355 (0.5343)  loss_bbox: 0.0167 (0.0175)  loss_giou: 0.2304 (0.2467)  loss_fgl: 1.0862 (1.1037)  loss_mal_aux_0: 0.5995 (0.6035)  loss_bbox_aux_0: 0.0189 (0.0191)  loss_giou_aux_0: 0.2591 (0.2668)  loss_fgl_aux_0: 1.1303 (1.1367)  loss_ddf_aux_0: 0.0202 (0.0199)  loss_mal_aux_1: 0.5460 (0.5424)  loss_bbox_aux_1: 0.0168 (0.0175)  loss_giou_aux_1: 0.2286 (0.2466)  loss_fgl_aux_1: 1.0885 (1.1045)  loss_ddf_aux_1: 0.0009 (0.0009)  loss_mal_pre: 0.5969 (0.6021)  loss_bbox_pre: 0.0190 (0.0190)  loss_giou_pre: 0.2621 (0.2662)  loss_mal_enc_0: 0.6667 (0.6697)  loss_bbox_enc_0: 0.0218 (0.0225)  loss_giou_enc_0: 0.3042 (0.3094)  loss_mal_dn_0: 0.6108 (0.6122)  loss_bbox_dn_0: 0.0211 (0.0215)  loss_giou_dn_0: 0.2911 (0.2966)  loss_fgl_dn_0: 1.1591 (1.1629)  loss_ddf_dn_0: 0.1376 (0.1348)  loss_mal_dn_1: 0.5112 (0.5117)  loss_bbox_dn_1: 0.0157 (0.0158)  loss_giou_dn_1: 0.2186 (0.2228)  loss_fgl_dn_1: 1.0545 (1.0588)  loss_ddf_dn_1: 0.0049 (0.0049)  loss_mal_dn_2: 0.5067 (0.5088)  loss_bbox_dn_2: 0.0153 (0.0157)  loss_giou_dn_2: 0.2182 (0.2220)  loss_fgl_dn_2: 1.0532 (1.0572)  loss_ddf_dn_2: -0.0000 (0.0000)  loss_mal_dn_pre: 0.6112 (0.6156)  loss_bbox_dn_pre: 0.0211 (0.0214)  loss_giou_dn_pre: 0.2900 (0.2955)  time: 0.4990  data: 0.0161  max mem: 5225
Epoch: [21/30]  [40/44]  eta: 0:00:02  lr: 0.000100  loss: 14.5950 (14.5729)  loss_mal: 0.5317 (0.5362)  loss_bbox: 0.0170 (0.0177)  loss_giou: 0.2389 (0.2482)  loss_fgl: 1.1018 (1.1071)  loss_mal_aux_0: 0.6132 (0.6047)  loss_bbox_aux_0: 0.0189 (0.0192)  loss_giou_aux_0: 0.2526 (0.2675)  loss_fgl_aux_0: 1.1279 (1.1372)  loss_ddf_aux_0: 0.0239 (0.0217)  loss_mal_aux_1: 0.5464 (0.5434)  loss_bbox_aux_1: 0.0174 (0.0176)  loss_giou_aux_1: 0.2371 (0.2479)  loss_fgl_aux_1: 1.1003 (1.1078)  loss_ddf_aux_1: 0.0009 (0.0009)  loss_mal_pre: 0.6107 (0.6031)  loss_bbox_pre: 0.0190 (0.0192)  loss_giou_pre: 0.2519 (0.2668)  loss_mal_enc_0: 0.6781 (0.6749)  loss_bbox_enc_0: 0.0222 (0.0227)  loss_giou_enc_0: 0.3042 (0.3111)  loss_mal_dn_0: 0.6091 (0.6127)  loss_bbox_dn_0: 0.0215 (0.0215)  loss_giou_dn_0: 0.2909 (0.2958)  loss_fgl_dn_0: 1.1625 (1.1644)  loss_ddf_dn_0: 0.1337 (0.1347)  loss_mal_dn_1: 0.5112 (0.5146)  loss_bbox_dn_1: 0.0159 (0.0159)  loss_giou_dn_1: 0.2198 (0.2245)  loss_fgl_dn_1: 1.0563 (1.0631)  loss_ddf_dn_1: 0.0046 (0.0049)  loss_mal_dn_2: 0.5081 (0.5119)  loss_bbox_dn_2: 0.0159 (0.0159)  loss_giou_dn_2: 0.2220 (0.2238)  loss_fgl_dn_2: 1.0563 (1.0619)  loss_ddf_dn_2: -0.0000 (0.0000)  loss_mal_dn_pre: 0.6107 (0.6162)  loss_bbox_dn_pre: 0.0214 (0.0214)  loss_giou_dn_pre: 0.2875 (0.2949)  time: 0.5371  data: 0.0157  max mem: 5225
Epoch: [21/30]  [43/44]  eta: 0:00:00  lr: 0.000100  loss: 14.5950 (14.6153)  loss_mal: 0.5317 (0.5370)  loss_bbox: 0.0170 (0.0178)  loss_giou: 0.2389 (0.2498)  loss_fgl: 1.1018 (1.1099)  loss_mal_aux_0: 0.6142 (0.6064)  loss_bbox_aux_0: 0.0188 (0.0194)  loss_giou_aux_0: 0.2512 (0.2694)  loss_fgl_aux_0: 1.1244 (1.1401)  loss_ddf_aux_0: 0.0242 (0.0220)  loss_mal_aux_1: 0.5464 (0.5439)  loss_bbox_aux_1: 0.0172 (0.0178)  loss_giou_aux_1: 0.2371 (0.2496)  loss_fgl_aux_1: 1.1003 (1.1107)  loss_ddf_aux_1: 0.0009 (0.0009)  loss_mal_pre: 0.6153 (0.6048)  loss_bbox_pre: 0.0189 (0.0194)  loss_giou_pre: 0.2519 (0.2689)  loss_mal_enc_0: 0.6825 (0.6773)  loss_bbox_enc_0: 0.0223 (0.0230)  loss_giou_enc_0: 0.3140 (0.3142)  loss_mal_dn_0: 0.6061 (0.6135)  loss_bbox_dn_0: 0.0214 (0.0216)  loss_giou_dn_0: 0.2852 (0.2971)  loss_fgl_dn_0: 1.1653 (1.1676)  loss_ddf_dn_0: 0.1349 (0.1357)  loss_mal_dn_1: 0.5071 (0.5156)  loss_bbox_dn_1: 0.0156 (0.0160)  loss_giou_dn_1: 0.2198 (0.2253)  loss_fgl_dn_1: 1.0594 (1.0647)  loss_ddf_dn_1: 0.0048 (0.0049)  loss_mal_dn_2: 0.5081 (0.5128)  loss_bbox_dn_2: 0.0155 (0.0160)  loss_giou_dn_2: 0.2220 (0.2245)  loss_fgl_dn_2: 1.0595 (1.0633)  loss_ddf_dn_2: -0.0000 (0.0000)  loss_mal_dn_pre: 0.6097 (0.6170)  loss_bbox_dn_pre: 0.0214 (0.0215)  loss_giou_dn_pre: 0.2850 (0.2962)  time: 0.5377  data: 0.0154  max mem: 5225
Epoch: [21/30] Total time: 0:00:23 (0.5396 s / it)
Averaged stats: lr: 0.000100  loss: 14.5950 (14.6153)  loss_mal: 0.5317 (0.5370)  loss_bbox: 0.0170 (0.0178)  loss_giou: 0.2389 (0.2498)  loss_fgl: 1.1018 (1.1099)  loss_mal_aux_0: 0.6142 (0.6064)  loss_bbox_aux_0: 0.0188 (0.0194)  loss_giou_aux_0: 0.2512 (0.2694)  loss_fgl_aux_0: 1.1244 (1.1401)  loss_ddf_aux_0: 0.0242 (0.0220)  loss_mal_aux_1: 0.5464 (0.5439)  loss_bbox_aux_1: 0.0172 (0.0178)  loss_giou_aux_1: 0.2371 (0.2496)  loss_fgl_aux_1: 1.1003 (1.1107)  loss_ddf_aux_1: 0.0009 (0.0009)  loss_mal_pre: 0.6153 (0.6048)  loss_bbox_pre: 0.0189 (0.0194)  loss_giou_pre: 0.2519 (0.2689)  loss_mal_enc_0: 0.6825 (0.6773)  loss_bbox_enc_0: 0.0223 (0.0230)  loss_giou_enc_0: 0.3140 (0.3142)  loss_mal_dn_0: 0.6061 (0.6135)  loss_bbox_dn_0: 0.0214 (0.0216)  loss_giou_dn_0: 0.2852 (0.2971)  loss_fgl_dn_0: 1.1653 (1.1676)  loss_ddf_dn_0: 0.1349 (0.1357)  loss_mal_dn_1: 0.5071 (0.5156)  loss_bbox_dn_1: 0.0156 (0.0160)  loss_giou_dn_1: 0.2198 (0.2253)  loss_fgl_dn_1: 1.0594 (1.0647)  loss_ddf_dn_1: 0.0048 (0.0049)  loss_mal_dn_2: 0.5081 (0.5128)  loss_bbox_dn_2: 0.0155 (0.0160)  loss_giou_dn_2: 0.2220 (0.2245)  loss_fgl_dn_2: 1.0595 (1.0633)  loss_ddf_dn_2: -0.0000 (0.0000)  loss_mal_dn_pre: 0.6097 (0.6170)  loss_bbox_dn_pre: 0.0214 (0.0215)  loss_giou_dn_pre: 0.2850 (0.2962)
Test:  [0/9]  eta: 0:00:03    time: 0.4162  data: 0.2609  max mem: 5225
Test:  [8/9]  eta: 0:00:00    time: 0.1658  data: 0.0400  max mem: 5225
Test: Total time: 0:00:01 (0.1732 s / it)
Metrics: {'f1': 0.9757785467128027, 'precision': 0.9724137931034482, 'recall': 0.9791666666666666, 'iou': 0.6718214637524372, 'TPs': 141, 'FPs': 4, 'FNs': 3}
Averaged stats: 
Accumulating evaluation results...
COCOeval_opt.accumulate() finished...
DONE (t=0.01s).
IoU metric: bbox
 Average Precision  (AP) @[ IoU=0.50:0.95 | area=   all | maxDets=100 ] = 0.374
 Average Precision  (AP) @[ IoU=0.50      | area=   all | maxDets=100 ] = 0.964
 Average Precision  (AP) @[ IoU=0.75      | area=   all | maxDets=100 ] = 0.158
 Average Precision  (AP) @[ IoU=0.50:0.95 | area= small | maxDets=100 ] = 0.375
 Average Precision  (AP) @[ IoU=0.50:0.95 | area=medium | maxDets=100 ] = -1.000
 Average Precision  (AP) @[ IoU=0.50:0.95 | area= large | maxDets=100 ] = -1.000
 Average Recall     (AR) @[ IoU=0.50:0.95 | area=   all | maxDets=  1 ] = 0.208
 Average Recall     (AR) @[ IoU=0.50:0.95 | area=   all | maxDets= 10 ] = 0.483
 Average Recall     (AR) @[ IoU=0.50:0.95 | area=   all | maxDets=100 ] = 0.574
 Average Recall     (AR) @[ IoU=0.50:0.95 | area= small | maxDets=100 ] = 0.574
 Average Recall     (AR) @[ IoU=0.50:0.95 | area=medium | maxDets=100 ] = -1.000
 Average Recall     (AR) @[ IoU=0.50:0.95 | area= large | maxDets=100 ] = -1.000
 Average Recall     (AR) @[ IoU=0.50      | area=   all | maxDets=100 ] = 1.000
 Average Recall     (AR) @[ IoU=0.75      | area=   all | maxDets=100 ] = 0.597
best_stat: {'epoch': 7, 'coco_eval_bbox': 0.3864993927202564}
Epoch: [22/30]  [ 0/44]  eta: 0:00:34  lr: 0.000100  loss: 14.4615 (14.4615)  loss_mal: 0.5310 (0.5310)  loss_bbox: 0.0178 (0.0178)  loss_giou: 0.2426 (0.2426)  loss_fgl: 1.0648 (1.0648)  loss_mal_aux_0: 0.6365 (0.6365)  loss_bbox_aux_0: 0.0190 (0.0190)  loss_giou_aux_0: 0.2562 (0.2562)  loss_fgl_aux_0: 1.1017 (1.1017)  loss_ddf_aux_0: 0.0324 (0.0324)  loss_mal_aux_1: 0.5478 (0.5478)  loss_bbox_aux_1: 0.0177 (0.0177)  loss_giou_aux_1: 0.2411 (0.2411)  loss_fgl_aux_1: 1.0657 (1.0657)  loss_ddf_aux_1: 0.0010 (0.0010)  loss_mal_pre: 0.6368 (0.6368)  loss_bbox_pre: 0.0191 (0.0191)  loss_giou_pre: 0.2573 (0.2573)  loss_mal_enc_0: 0.6424 (0.6424)  loss_bbox_enc_0: 0.0216 (0.0216)  loss_giou_enc_0: 0.2883 (0.2883)  loss_mal_dn_0: 0.6190 (0.6190)  loss_bbox_dn_0: 0.0232 (0.0232)  loss_giou_dn_0: 0.3121 (0.3121)  loss_fgl_dn_0: 1.1488 (1.1488)  loss_ddf_dn_0: 0.1472 (0.1472)  loss_mal_dn_1: 0.5224 (0.5224)  loss_bbox_dn_1: 0.0166 (0.0166)  loss_giou_dn_1: 0.2297 (0.2297)  loss_fgl_dn_1: 1.0377 (1.0377)  loss_ddf_dn_1: 0.0060 (0.0060)  loss_mal_dn_2: 0.5168 (0.5168)  loss_bbox_dn_2: 0.0166 (0.0166)  loss_giou_dn_2: 0.2295 (0.2295)  loss_fgl_dn_2: 1.0363 (1.0363)  loss_ddf_dn_2: -0.0000 (0.0000)  loss_mal_dn_pre: 0.6242 (0.6242)  loss_bbox_dn_pre: 0.0231 (0.0231)  loss_giou_dn_pre: 0.3115 (0.3115)  time: 0.7772  data: 0.2412  max mem: 5225
Epoch: [22/30]  [10/44]  eta: 0:00:19  lr: 0.000100  loss: 14.1904 (14.1992)  loss_mal: 0.5223 (0.5220)  loss_bbox: 0.0162 (0.0164)  loss_giou: 0.2352 (0.2342)  loss_fgl: 1.0796 (1.0848)  loss_mal_aux_0: 0.5886 (0.5869)  loss_bbox_aux_0: 0.0168 (0.0175)  loss_giou_aux_0: 0.2549 (0.2496)  loss_fgl_aux_0: 1.1057 (1.1099)  loss_ddf_aux_0: 0.0223 (0.0243)  loss_mal_aux_1: 0.5258 (0.5283)  loss_bbox_aux_1: 0.0162 (0.0164)  loss_giou_aux_1: 0.2320 (0.2342)  loss_fgl_aux_1: 1.0811 (1.0856)  loss_ddf_aux_1: 0.0008 (0.0008)  loss_mal_pre: 0.5761 (0.5847)  loss_bbox_pre: 0.0167 (0.0174)  loss_giou_pre: 0.2545 (0.2484)  loss_mal_enc_0: 0.6439 (0.6568)  loss_bbox_enc_0: 0.0210 (0.0207)  loss_giou_enc_0: 0.2883 (0.2901)  loss_mal_dn_0: 0.6068 (0.6048)  loss_bbox_dn_0: 0.0205 (0.0203)  loss_giou_dn_0: 0.2914 (0.2853)  loss_fgl_dn_0: 1.1457 (1.1527)  loss_ddf_dn_0: 0.1275 (0.1285)  loss_mal_dn_1: 0.5080 (0.5074)  loss_bbox_dn_1: 0.0148 (0.0150)  loss_giou_dn_1: 0.2165 (0.2155)  loss_fgl_dn_1: 1.0392 (1.0462)  loss_ddf_dn_1: 0.0044 (0.0045)  loss_mal_dn_2: 0.5026 (0.5033)  loss_bbox_dn_2: 0.0147 (0.0149)  loss_giou_dn_2: 0.2124 (0.2141)  loss_fgl_dn_2: 1.0369 (1.0438)  loss_ddf_dn_2: -0.0000 (0.0000)  loss_mal_dn_pre: 0.6109 (0.6093)  loss_bbox_dn_pre: 0.0206 (0.0203)  loss_giou_dn_pre: 0.2919 (0.2844)  time: 0.5830  data: 0.0360  max mem: 5225
Epoch: [22/30]  [20/44]  eta: 0:00:13  lr: 0.000100  loss: 14.0787 (14.1642)  loss_mal: 0.5178 (0.5194)  loss_bbox: 0.0157 (0.0162)  loss_giou: 0.2314 (0.2329)  loss_fgl: 1.0796 (1.0842)  loss_mal_aux_0: 0.5703 (0.5840)  loss_bbox_aux_0: 0.0168 (0.0172)  loss_giou_aux_0: 0.2519 (0.2476)  loss_fgl_aux_0: 1.1057 (1.1075)  loss_ddf_aux_0: 0.0214 (0.0229)  loss_mal_aux_1: 0.5198 (0.5256)  loss_bbox_aux_1: 0.0156 (0.0162)  loss_giou_aux_1: 0.2304 (0.2333)  loss_fgl_aux_1: 1.0811 (1.0851)  loss_ddf_aux_1: 0.0008 (0.0008)  loss_mal_pre: 0.5704 (0.5830)  loss_bbox_pre: 0.0168 (0.0173)  loss_giou_pre: 0.2495 (0.2480)  loss_mal_enc_0: 0.6483 (0.6586)  loss_bbox_enc_0: 0.0201 (0.0202)  loss_giou_enc_0: 0.2753 (0.2850)  loss_mal_dn_0: 0.6100 (0.6052)  loss_bbox_dn_0: 0.0194 (0.0200)  loss_giou_dn_0: 0.2888 (0.2832)  loss_fgl_dn_0: 1.1557 (1.1550)  loss_ddf_dn_0: 0.1215 (0.1265)  loss_mal_dn_1: 0.5020 (0.5057)  loss_bbox_dn_1: 0.0145 (0.0148)  loss_giou_dn_1: 0.2114 (0.2136)  loss_fgl_dn_1: 1.0392 (1.0460)  loss_ddf_dn_1: 0.0041 (0.0042)  loss_mal_dn_2: 0.5010 (0.5015)  loss_bbox_dn_2: 0.0144 (0.0147)  loss_giou_dn_2: 0.2105 (0.2122)  loss_fgl_dn_2: 1.0369 (1.0435)  loss_ddf_dn_2: -0.0000 (0.0000)  loss_mal_dn_pre: 0.6128 (0.6105)  loss_bbox_dn_pre: 0.0194 (0.0200)  loss_giou_dn_pre: 0.2881 (0.2830)  time: 0.5452  data: 0.0158  max mem: 5225
Epoch: [22/30]  [30/44]  eta: 0:00:07  lr: 0.000100  loss: 13.9607 (14.0840)  loss_mal: 0.5059 (0.5144)  loss_bbox: 0.0156 (0.0163)  loss_giou: 0.2268 (0.2301)  loss_fgl: 1.0695 (1.0797)  loss_mal_aux_0: 0.5570 (0.5751)  loss_bbox_aux_0: 0.0169 (0.0174)  loss_giou_aux_0: 0.2436 (0.2452)  loss_fgl_aux_0: 1.0996 (1.1042)  loss_ddf_aux_0: 0.0247 (0.0240)  loss_mal_aux_1: 0.5119 (0.5197)  loss_bbox_aux_1: 0.0156 (0.0163)  loss_giou_aux_1: 0.2269 (0.2308)  loss_fgl_aux_1: 1.0709 (1.0809)  loss_ddf_aux_1: 0.0008 (0.0008)  loss_mal_pre: 0.5588 (0.5745)  loss_bbox_pre: 0.0171 (0.0174)  loss_giou_pre: 0.2447 (0.2456)  loss_mal_enc_0: 0.6483 (0.6532)  loss_bbox_enc_0: 0.0201 (0.0206)  loss_giou_enc_0: 0.2744 (0.2858)  loss_mal_dn_0: 0.6024 (0.6008)  loss_bbox_dn_0: 0.0194 (0.0201)  loss_giou_dn_0: 0.2824 (0.2797)  loss_fgl_dn_0: 1.1557 (1.1524)  loss_ddf_dn_0: 0.1261 (0.1298)  loss_mal_dn_1: 0.5009 (0.5025)  loss_bbox_dn_1: 0.0145 (0.0149)  loss_giou_dn_1: 0.2103 (0.2122)  loss_fgl_dn_1: 1.0359 (1.0439)  loss_ddf_dn_1: 0.0043 (0.0044)  loss_mal_dn_2: 0.4981 (0.4986)  loss_bbox_dn_2: 0.0144 (0.0148)  loss_giou_dn_2: 0.2090 (0.2108)  loss_fgl_dn_2: 1.0316 (1.0416)  loss_ddf_dn_2: -0.0000 (0.0000)  loss_mal_dn_pre: 0.6091 (0.6060)  loss_bbox_dn_pre: 0.0195 (0.0201)  loss_giou_dn_pre: 0.2844 (0.2795)  time: 0.5083  data: 0.0159  max mem: 5225
Epoch: [22/30]  [40/44]  eta: 0:00:02  lr: 0.000100  loss: 13.9607 (14.0679)  loss_mal: 0.5122 (0.5147)  loss_bbox: 0.0163 (0.0164)  loss_giou: 0.2238 (0.2296)  loss_fgl: 1.0680 (1.0748)  loss_mal_aux_0: 0.5668 (0.5800)  loss_bbox_aux_0: 0.0173 (0.0176)  loss_giou_aux_0: 0.2524 (0.2467)  loss_fgl_aux_0: 1.0919 (1.1043)  loss_ddf_aux_0: 0.0259 (0.0247)  loss_mal_aux_1: 0.5117 (0.5190)  loss_bbox_aux_1: 0.0161 (0.0164)  loss_giou_aux_1: 0.2237 (0.2304)  loss_fgl_aux_1: 1.0690 (1.0756)  loss_ddf_aux_1: 0.0009 (0.0009)  loss_mal_pre: 0.5643 (0.5784)  loss_bbox_pre: 0.0175 (0.0176)  loss_giou_pre: 0.2515 (0.2465)  loss_mal_enc_0: 0.6488 (0.6556)  loss_bbox_enc_0: 0.0211 (0.0208)  loss_giou_enc_0: 0.2896 (0.2871)  loss_mal_dn_0: 0.5866 (0.5985)  loss_bbox_dn_0: 0.0203 (0.0202)  loss_giou_dn_0: 0.2750 (0.2793)  loss_fgl_dn_0: 1.1354 (1.1527)  loss_ddf_dn_0: 0.1320 (0.1313)  loss_mal_dn_1: 0.4949 (0.4988)  loss_bbox_dn_1: 0.0148 (0.0149)  loss_giou_dn_1: 0.2074 (0.2106)  loss_fgl_dn_1: 1.0351 (1.0402)  loss_ddf_dn_1: 0.0044 (0.0044)  loss_mal_dn_2: 0.4928 (0.4952)  loss_bbox_dn_2: 0.0146 (0.0148)  loss_giou_dn_2: 0.2074 (0.2092)  loss_fgl_dn_2: 1.0316 (1.0380)  loss_ddf_dn_2: -0.0000 (0.0000)  loss_mal_dn_pre: 0.5918 (0.6035)  loss_bbox_dn_pre: 0.0202 (0.0201)  loss_giou_dn_pre: 0.2735 (0.2786)  time: 0.5226  data: 0.0153  max mem: 5225
Epoch: [22/30]  [43/44]  eta: 0:00:00  lr: 0.000100  loss: 13.9607 (14.0860)  loss_mal: 0.5122 (0.5151)  loss_bbox: 0.0151 (0.0163)  loss_giou: 0.2104 (0.2296)  loss_fgl: 1.0680 (1.0774)  loss_mal_aux_0: 0.5720 (0.5830)  loss_bbox_aux_0: 0.0169 (0.0176)  loss_giou_aux_0: 0.2524 (0.2463)  loss_fgl_aux_0: 1.1059 (1.1056)  loss_ddf_aux_0: 0.0258 (0.0250)  loss_mal_aux_1: 0.5117 (0.5198)  loss_bbox_aux_1: 0.0152 (0.0164)  loss_giou_aux_1: 0.2144 (0.2303)  loss_fgl_aux_1: 1.0690 (1.0783)  loss_ddf_aux_1: 0.0009 (0.0009)  loss_mal_pre: 0.5724 (0.5813)  loss_bbox_pre: 0.0167 (0.0176)  loss_giou_pre: 0.2515 (0.2461)  loss_mal_enc_0: 0.6579 (0.6569)  loss_bbox_enc_0: 0.0205 (0.0208)  loss_giou_enc_0: 0.2907 (0.2868)  loss_mal_dn_0: 0.5866 (0.5985)  loss_bbox_dn_0: 0.0205 (0.0202)  loss_giou_dn_0: 0.2750 (0.2788)  loss_fgl_dn_0: 1.1327 (1.1524)  loss_ddf_dn_0: 0.1320 (0.1325)  loss_mal_dn_1: 0.4932 (0.4993)  loss_bbox_dn_1: 0.0146 (0.0149)  loss_giou_dn_1: 0.2065 (0.2109)  loss_fgl_dn_1: 1.0264 (1.0418)  loss_ddf_dn_1: 0.0043 (0.0045)  loss_mal_dn_2: 0.4910 (0.4956)  loss_bbox_dn_2: 0.0145 (0.0148)  loss_giou_dn_2: 0.2062 (0.2095)  loss_fgl_dn_2: 1.0239 (1.0395)  loss_ddf_dn_2: -0.0000 (0.0000)  loss_mal_dn_pre: 0.5913 (0.6035)  loss_bbox_dn_pre: 0.0202 (0.0201)  loss_giou_dn_pre: 0.2735 (0.2781)  time: 0.5295  data: 0.0152  max mem: 5225
Epoch: [22/30] Total time: 0:00:23 (0.5416 s / it)
Averaged stats: lr: 0.000100  loss: 13.9607 (14.0860)  loss_mal: 0.5122 (0.5151)  loss_bbox: 0.0151 (0.0163)  loss_giou: 0.2104 (0.2296)  loss_fgl: 1.0680 (1.0774)  loss_mal_aux_0: 0.5720 (0.5830)  loss_bbox_aux_0: 0.0169 (0.0176)  loss_giou_aux_0: 0.2524 (0.2463)  loss_fgl_aux_0: 1.1059 (1.1056)  loss_ddf_aux_0: 0.0258 (0.0250)  loss_mal_aux_1: 0.5117 (0.5198)  loss_bbox_aux_1: 0.0152 (0.0164)  loss_giou_aux_1: 0.2144 (0.2303)  loss_fgl_aux_1: 1.0690 (1.0783)  loss_ddf_aux_1: 0.0009 (0.0009)  loss_mal_pre: 0.5724 (0.5813)  loss_bbox_pre: 0.0167 (0.0176)  loss_giou_pre: 0.2515 (0.2461)  loss_mal_enc_0: 0.6579 (0.6569)  loss_bbox_enc_0: 0.0205 (0.0208)  loss_giou_enc_0: 0.2907 (0.2868)  loss_mal_dn_0: 0.5866 (0.5985)  loss_bbox_dn_0: 0.0205 (0.0202)  loss_giou_dn_0: 0.2750 (0.2788)  loss_fgl_dn_0: 1.1327 (1.1524)  loss_ddf_dn_0: 0.1320 (0.1325)  loss_mal_dn_1: 0.4932 (0.4993)  loss_bbox_dn_1: 0.0146 (0.0149)  loss_giou_dn_1: 0.2065 (0.2109)  loss_fgl_dn_1: 1.0264 (1.0418)  loss_ddf_dn_1: 0.0043 (0.0045)  loss_mal_dn_2: 0.4910 (0.4956)  loss_bbox_dn_2: 0.0145 (0.0148)  loss_giou_dn_2: 0.2062 (0.2095)  loss_fgl_dn_2: 1.0239 (1.0395)  loss_ddf_dn_2: -0.0000 (0.0000)  loss_mal_dn_pre: 0.5913 (0.6035)  loss_bbox_dn_pre: 0.0202 (0.0201)  loss_giou_dn_pre: 0.2735 (0.2781)
Test:  [0/9]  eta: 0:00:03    time: 0.3645  data: 0.2328  max mem: 5225
Test:  [8/9]  eta: 0:00:00    time: 0.1412  data: 0.0431  max mem: 5225
Test: Total time: 0:00:01 (0.1452 s / it)
Metrics: {'f1': 0.9757785467128027, 'precision': 0.9724137931034482, 'recall': 0.9791666666666666, 'iou': 0.6718451980803464, 'TPs': 141, 'FPs': 4, 'FNs': 3}
Averaged stats: 
Accumulating evaluation results...
COCOeval_opt.accumulate() finished...
DONE (t=0.01s).
IoU metric: bbox
 Average Precision  (AP) @[ IoU=0.50:0.95 | area=   all | maxDets=100 ] = 0.375
 Average Precision  (AP) @[ IoU=0.50      | area=   all | maxDets=100 ] = 0.964
 Average Precision  (AP) @[ IoU=0.75      | area=   all | maxDets=100 ] = 0.156
 Average Precision  (AP) @[ IoU=0.50:0.95 | area= small | maxDets=100 ] = 0.375
 Average Precision  (AP) @[ IoU=0.50:0.95 | area=medium | maxDets=100 ] = -1.000
 Average Precision  (AP) @[ IoU=0.50:0.95 | area= large | maxDets=100 ] = -1.000
 Average Recall     (AR) @[ IoU=0.50:0.95 | area=   all | maxDets=  1 ] = 0.209
 Average Recall     (AR) @[ IoU=0.50:0.95 | area=   all | maxDets= 10 ] = 0.483
 Average Recall     (AR) @[ IoU=0.50:0.95 | area=   all | maxDets=100 ] = 0.576
 Average Recall     (AR) @[ IoU=0.50:0.95 | area= small | maxDets=100 ] = 0.576
 Average Recall     (AR) @[ IoU=0.50:0.95 | area=medium | maxDets=100 ] = -1.000
 Average Recall     (AR) @[ IoU=0.50:0.95 | area= large | maxDets=100 ] = -1.000
 Average Recall     (AR) @[ IoU=0.50      | area=   all | maxDets=100 ] = 1.000
 Average Recall     (AR) @[ IoU=0.75      | area=   all | maxDets=100 ] = 0.604
best_stat: {'epoch': 7, 'coco_eval_bbox': 0.3864993927202564}
Epoch: [23/30]  [ 0/44]  eta: 0:00:34  lr: 0.000100  loss: 14.1654 (14.1654)  loss_mal: 0.4980 (0.4980)  loss_bbox: 0.0169 (0.0169)  loss_giou: 0.2260 (0.2260)  loss_fgl: 1.0953 (1.0953)  loss_mal_aux_0: 0.5893 (0.5893)  loss_bbox_aux_0: 0.0188 (0.0188)  loss_giou_aux_0: 0.2503 (0.2503)  loss_fgl_aux_0: 1.1213 (1.1213)  loss_ddf_aux_0: 0.0276 (0.0276)  loss_mal_aux_1: 0.5087 (0.5087)  loss_bbox_aux_1: 0.0169 (0.0169)  loss_giou_aux_1: 0.2243 (0.2243)  loss_fgl_aux_1: 1.0961 (1.0961)  loss_ddf_aux_1: 0.0008 (0.0008)  loss_mal_pre: 0.5906 (0.5906)  loss_bbox_pre: 0.0189 (0.0189)  loss_giou_pre: 0.2522 (0.2522)  loss_mal_enc_0: 0.7007 (0.7007)  loss_bbox_enc_0: 0.0210 (0.0210)  loss_giou_enc_0: 0.2766 (0.2766)  loss_mal_dn_0: 0.6015 (0.6015)  loss_bbox_dn_0: 0.0218 (0.0218)  loss_giou_dn_0: 0.2836 (0.2836)  loss_fgl_dn_0: 1.1672 (1.1672)  loss_ddf_dn_0: 0.1455 (0.1455)  loss_mal_dn_1: 0.4833 (0.4833)  loss_bbox_dn_1: 0.0151 (0.0151)  loss_giou_dn_1: 0.2016 (0.2016)  loss_fgl_dn_1: 1.0418 (1.0418)  loss_ddf_dn_1: 0.0049 (0.0049)  loss_mal_dn_2: 0.4802 (0.4802)  loss_bbox_dn_2: 0.0150 (0.0150)  loss_giou_dn_2: 0.1999 (0.1999)  loss_fgl_dn_2: 1.0408 (1.0408)  loss_ddf_dn_2: -0.0000 (0.0000)  loss_mal_dn_pre: 0.6076 (0.6076)  loss_bbox_dn_pre: 0.0218 (0.0218)  loss_giou_dn_pre: 0.2834 (0.2834)  time: 0.7838  data: 0.2435  max mem: 5225
Epoch: [23/30]  [10/44]  eta: 0:00:19  lr: 0.000100  loss: 14.0725 (14.2371)  loss_mal: 0.4982 (0.5197)  loss_bbox: 0.0169 (0.0168)  loss_giou: 0.2161 (0.2313)  loss_fgl: 1.0899 (1.1068)  loss_mal_aux_0: 0.5607 (0.5696)  loss_bbox_aux_0: 0.0172 (0.0178)  loss_giou_aux_0: 0.2337 (0.2457)  loss_fgl_aux_0: 1.1011 (1.1234)  loss_ddf_aux_0: 0.0282 (0.0287)  loss_mal_aux_1: 0.5087 (0.5261)  loss_bbox_aux_1: 0.0169 (0.0167)  loss_giou_aux_1: 0.2165 (0.2309)  loss_fgl_aux_1: 1.0945 (1.1049)  loss_ddf_aux_1: 0.0010 (0.0010)  loss_mal_pre: 0.5638 (0.5694)  loss_bbox_pre: 0.0170 (0.0177)  loss_giou_pre: 0.2341 (0.2456)  loss_mal_enc_0: 0.6873 (0.6777)  loss_bbox_enc_0: 0.0210 (0.0213)  loss_giou_enc_0: 0.2919 (0.2890)  loss_mal_dn_0: 0.5913 (0.5977)  loss_bbox_dn_0: 0.0197 (0.0205)  loss_giou_dn_0: 0.2636 (0.2784)  loss_fgl_dn_0: 1.1558 (1.1623)  loss_ddf_dn_0: 0.1385 (0.1358)  loss_mal_dn_1: 0.4957 (0.5017)  loss_bbox_dn_1: 0.0147 (0.0154)  loss_giou_dn_1: 0.2066 (0.2142)  loss_fgl_dn_1: 1.0591 (1.0595)  loss_ddf_dn_1: 0.0049 (0.0047)  loss_mal_dn_2: 0.4885 (0.4991)  loss_bbox_dn_2: 0.0147 (0.0153)  loss_giou_dn_2: 0.2036 (0.2134)  loss_fgl_dn_2: 1.0555 (1.0590)  loss_ddf_dn_2: -0.0000 (0.0000)  loss_mal_dn_pre: 0.5975 (0.6025)  loss_bbox_dn_pre: 0.0196 (0.0204)  loss_giou_dn_pre: 0.2613 (0.2772)  time: 0.5861  data: 0.0361  max mem: 5225
Epoch: [23/30]  [20/44]  eta: 0:00:13  lr: 0.000100  loss: 13.6704 (13.9495)  loss_mal: 0.4960 (0.5116)  loss_bbox: 0.0153 (0.0161)  loss_giou: 0.2144 (0.2248)  loss_fgl: 1.0715 (1.0872)  loss_mal_aux_0: 0.5538 (0.5581)  loss_bbox_aux_0: 0.0158 (0.0170)  loss_giou_aux_0: 0.2292 (0.2362)  loss_fgl_aux_0: 1.0834 (1.1042)  loss_ddf_aux_0: 0.0227 (0.0236)  loss_mal_aux_1: 0.5012 (0.5189)  loss_bbox_aux_1: 0.0153 (0.0161)  loss_giou_aux_1: 0.2140 (0.2245)  loss_fgl_aux_1: 1.0724 (1.0865)  loss_ddf_aux_1: 0.0010 (0.0010)  loss_mal_pre: 0.5560 (0.5586)  loss_bbox_pre: 0.0158 (0.0170)  loss_giou_pre: 0.2271 (0.2360)  loss_mal_enc_0: 0.6403 (0.6510)  loss_bbox_enc_0: 0.0199 (0.0205)  loss_giou_enc_0: 0.2751 (0.2797)  loss_mal_dn_0: 0.5776 (0.5899)  loss_bbox_dn_0: 0.0185 (0.0198)  loss_giou_dn_0: 0.2612 (0.2703)  loss_fgl_dn_0: 1.1281 (1.1458)  loss_ddf_dn_0: 0.1242 (0.1273)  loss_mal_dn_1: 0.4872 (0.4954)  loss_bbox_dn_1: 0.0140 (0.0149)  loss_giou_dn_1: 0.2030 (0.2085)  loss_fgl_dn_1: 1.0477 (1.0433)  loss_ddf_dn_1: 0.0046 (0.0045)  loss_mal_dn_2: 0.4839 (0.4932)  loss_bbox_dn_2: 0.0138 (0.0148)  loss_giou_dn_2: 0.2015 (0.2074)  loss_fgl_dn_2: 1.0449 (1.0420)  loss_ddf_dn_2: -0.0000 (0.0000)  loss_mal_dn_pre: 0.5825 (0.5947)  loss_bbox_dn_pre: 0.0185 (0.0197)  loss_giou_dn_pre: 0.2612 (0.2692)  time: 0.5439  data: 0.0161  max mem: 5225
Epoch: [23/30]  [30/44]  eta: 0:00:07  lr: 0.000100  loss: 13.5533 (14.0017)  loss_mal: 0.4995 (0.5133)  loss_bbox: 0.0153 (0.0161)  loss_giou: 0.2167 (0.2250)  loss_fgl: 1.0656 (1.0815)  loss_mal_aux_0: 0.5575 (0.5711)  loss_bbox_aux_0: 0.0164 (0.0171)  loss_giou_aux_0: 0.2334 (0.2388)  loss_fgl_aux_0: 1.0770 (1.1026)  loss_ddf_aux_0: 0.0190 (0.0234)  loss_mal_aux_1: 0.5192 (0.5216)  loss_bbox_aux_1: 0.0155 (0.0161)  loss_giou_aux_1: 0.2183 (0.2251)  loss_fgl_aux_1: 1.0682 (1.0812)  loss_ddf_aux_1: 0.0010 (0.0010)  loss_mal_pre: 0.5579 (0.5700)  loss_bbox_pre: 0.0165 (0.0171)  loss_giou_pre: 0.2282 (0.2384)  loss_mal_enc_0: 0.6240 (0.6503)  loss_bbox_enc_0: 0.0196 (0.0204)  loss_giou_enc_0: 0.2746 (0.2812)  loss_mal_dn_0: 0.5858 (0.5967)  loss_bbox_dn_0: 0.0200 (0.0200)  loss_giou_dn_0: 0.2698 (0.2755)  loss_fgl_dn_0: 1.1382 (1.1531)  loss_ddf_dn_0: 0.1293 (0.1346)  loss_mal_dn_1: 0.4991 (0.4956)  loss_bbox_dn_1: 0.0140 (0.0147)  loss_giou_dn_1: 0.2021 (0.2077)  loss_fgl_dn_1: 1.0197 (1.0401)  loss_ddf_dn_1: 0.0051 (0.0052)  loss_mal_dn_2: 0.4943 (0.4928)  loss_bbox_dn_2: 0.0140 (0.0146)  loss_giou_dn_2: 0.2018 (0.2066)  loss_fgl_dn_2: 1.0168 (1.0387)  loss_ddf_dn_2: -0.0000 (0.0000)  loss_mal_dn_pre: 0.5900 (0.6007)  loss_bbox_dn_pre: 0.0199 (0.0199)  loss_giou_dn_pre: 0.2680 (0.2741)  time: 0.5158  data: 0.0162  max mem: 5225
Epoch: [23/30]  [40/44]  eta: 0:00:02  lr: 0.000100  loss: 14.3120 (14.0301)  loss_mal: 0.5087 (0.5118)  loss_bbox: 0.0162 (0.0160)  loss_giou: 0.2170 (0.2249)  loss_fgl: 1.0735 (1.0790)  loss_mal_aux_0: 0.5768 (0.5746)  loss_bbox_aux_0: 0.0170 (0.0172)  loss_giou_aux_0: 0.2447 (0.2401)  loss_fgl_aux_0: 1.1035 (1.1040)  loss_ddf_aux_0: 0.0239 (0.0239)  loss_mal_aux_1: 0.5247 (0.5197)  loss_bbox_aux_1: 0.0163 (0.0161)  loss_giou_aux_1: 0.2183 (0.2252)  loss_fgl_aux_1: 1.0754 (1.0793)  loss_ddf_aux_1: 0.0010 (0.0010)  loss_mal_pre: 0.5767 (0.5732)  loss_bbox_pre: 0.0172 (0.0172)  loss_giou_pre: 0.2456 (0.2397)  loss_mal_enc_0: 0.6383 (0.6511)  loss_bbox_enc_0: 0.0204 (0.0206)  loss_giou_enc_0: 0.2855 (0.2832)  loss_mal_dn_0: 0.6079 (0.5984)  loss_bbox_dn_0: 0.0205 (0.0203)  loss_giou_dn_0: 0.2828 (0.2787)  loss_fgl_dn_0: 1.1703 (1.1562)  loss_ddf_dn_0: 0.1411 (0.1399)  loss_mal_dn_1: 0.4991 (0.4962)  loss_bbox_dn_1: 0.0145 (0.0148)  loss_giou_dn_1: 0.2089 (0.2082)  loss_fgl_dn_1: 1.0225 (1.0410)  loss_ddf_dn_1: 0.0063 (0.0054)  loss_mal_dn_2: 0.4944 (0.4930)  loss_bbox_dn_2: 0.0146 (0.0147)  loss_giou_dn_2: 0.2087 (0.2067)  loss_fgl_dn_2: 1.0213 (1.0388)  loss_ddf_dn_2: -0.0000 (0.0000)  loss_mal_dn_pre: 0.6141 (0.6024)  loss_bbox_dn_pre: 0.0203 (0.0202)  loss_giou_dn_pre: 0.2819 (0.2774)  time: 0.5383  data: 0.0160  max mem: 5225
Epoch: [23/30]  [43/44]  eta: 0:00:00  lr: 0.000100  loss: 14.0027 (14.0117)  loss_mal: 0.5087 (0.5106)  loss_bbox: 0.0160 (0.0160)  loss_giou: 0.2170 (0.2237)  loss_fgl: 1.0758 (1.0778)  loss_mal_aux_0: 0.5738 (0.5734)  loss_bbox_aux_0: 0.0170 (0.0171)  loss_giou_aux_0: 0.2442 (0.2391)  loss_fgl_aux_0: 1.1033 (1.1036)  loss_ddf_aux_0: 0.0252 (0.0241)  loss_mal_aux_1: 0.5124 (0.5183)  loss_bbox_aux_1: 0.0158 (0.0160)  loss_giou_aux_1: 0.2183 (0.2239)  loss_fgl_aux_1: 1.0764 (1.0780)  loss_ddf_aux_1: 0.0010 (0.0010)  loss_mal_pre: 0.5718 (0.5720)  loss_bbox_pre: 0.0172 (0.0171)  loss_giou_pre: 0.2411 (0.2387)  loss_mal_enc_0: 0.6475 (0.6528)  loss_bbox_enc_0: 0.0204 (0.0206)  loss_giou_enc_0: 0.2855 (0.2833)  loss_mal_dn_0: 0.6062 (0.5982)  loss_bbox_dn_0: 0.0205 (0.0203)  loss_giou_dn_0: 0.2785 (0.2783)  loss_fgl_dn_0: 1.1678 (1.1557)  loss_ddf_dn_0: 0.1485 (0.1407)  loss_mal_dn_1: 0.4968 (0.4951)  loss_bbox_dn_1: 0.0146 (0.0147)  loss_giou_dn_1: 0.2021 (0.2072)  loss_fgl_dn_1: 1.0272 (1.0398)  loss_ddf_dn_1: 0.0063 (0.0055)  loss_mal_dn_2: 0.4943 (0.4920)  loss_bbox_dn_2: 0.0146 (0.0146)  loss_giou_dn_2: 0.2018 (0.2058)  loss_fgl_dn_2: 1.0292 (1.0376)  loss_ddf_dn_2: -0.0000 (0.0000)  loss_mal_dn_pre: 0.6065 (0.6020)  loss_bbox_dn_pre: 0.0203 (0.0201)  loss_giou_dn_pre: 0.2764 (0.2771)  time: 0.5319  data: 0.0160  max mem: 5225
Epoch: [23/30] Total time: 0:00:24 (0.5464 s / it)
Averaged stats: lr: 0.000100  loss: 14.0027 (14.0117)  loss_mal: 0.5087 (0.5106)  loss_bbox: 0.0160 (0.0160)  loss_giou: 0.2170 (0.2237)  loss_fgl: 1.0758 (1.0778)  loss_mal_aux_0: 0.5738 (0.5734)  loss_bbox_aux_0: 0.0170 (0.0171)  loss_giou_aux_0: 0.2442 (0.2391)  loss_fgl_aux_0: 1.1033 (1.1036)  loss_ddf_aux_0: 0.0252 (0.0241)  loss_mal_aux_1: 0.5124 (0.5183)  loss_bbox_aux_1: 0.0158 (0.0160)  loss_giou_aux_1: 0.2183 (0.2239)  loss_fgl_aux_1: 1.0764 (1.0780)  loss_ddf_aux_1: 0.0010 (0.0010)  loss_mal_pre: 0.5718 (0.5720)  loss_bbox_pre: 0.0172 (0.0171)  loss_giou_pre: 0.2411 (0.2387)  loss_mal_enc_0: 0.6475 (0.6528)  loss_bbox_enc_0: 0.0204 (0.0206)  loss_giou_enc_0: 0.2855 (0.2833)  loss_mal_dn_0: 0.6062 (0.5982)  loss_bbox_dn_0: 0.0205 (0.0203)  loss_giou_dn_0: 0.2785 (0.2783)  loss_fgl_dn_0: 1.1678 (1.1557)  loss_ddf_dn_0: 0.1485 (0.1407)  loss_mal_dn_1: 0.4968 (0.4951)  loss_bbox_dn_1: 0.0146 (0.0147)  loss_giou_dn_1: 0.2021 (0.2072)  loss_fgl_dn_1: 1.0272 (1.0398)  loss_ddf_dn_1: 0.0063 (0.0055)  loss_mal_dn_2: 0.4943 (0.4920)  loss_bbox_dn_2: 0.0146 (0.0146)  loss_giou_dn_2: 0.2018 (0.2058)  loss_fgl_dn_2: 1.0292 (1.0376)  loss_ddf_dn_2: -0.0000 (0.0000)  loss_mal_dn_pre: 0.6065 (0.6020)  loss_bbox_dn_pre: 0.0203 (0.0201)  loss_giou_dn_pre: 0.2764 (0.2771)
Test:  [0/9]  eta: 0:00:03    time: 0.3560  data: 0.2733  max mem: 5225
Test:  [8/9]  eta: 0:00:00    time: 0.1525  data: 0.0426  max mem: 5225
Test: Total time: 0:00:01 (0.1569 s / it)
Metrics: {'f1': 0.9757785467128027, 'precision': 0.9724137931034482, 'recall': 0.9791666666666666, 'iou': 0.672096456627588, 'TPs': 141, 'FPs': 4, 'FNs': 3}
Averaged stats: 
Accumulating evaluation results...
COCOeval_opt.accumulate() finished...
DONE (t=0.01s).
IoU metric: bbox
 Average Precision  (AP) @[ IoU=0.50:0.95 | area=   all | maxDets=100 ] = 0.375
 Average Precision  (AP) @[ IoU=0.50      | area=   all | maxDets=100 ] = 0.963
 Average Precision  (AP) @[ IoU=0.75      | area=   all | maxDets=100 ] = 0.155
 Average Precision  (AP) @[ IoU=0.50:0.95 | area= small | maxDets=100 ] = 0.375
 Average Precision  (AP) @[ IoU=0.50:0.95 | area=medium | maxDets=100 ] = -1.000
 Average Precision  (AP) @[ IoU=0.50:0.95 | area= large | maxDets=100 ] = -1.000
 Average Recall     (AR) @[ IoU=0.50:0.95 | area=   all | maxDets=  1 ] = 0.208
 Average Recall     (AR) @[ IoU=0.50:0.95 | area=   all | maxDets= 10 ] = 0.483
 Average Recall     (AR) @[ IoU=0.50:0.95 | area=   all | maxDets=100 ] = 0.577
 Average Recall     (AR) @[ IoU=0.50:0.95 | area= small | maxDets=100 ] = 0.577
 Average Recall     (AR) @[ IoU=0.50:0.95 | area=medium | maxDets=100 ] = -1.000
 Average Recall     (AR) @[ IoU=0.50:0.95 | area= large | maxDets=100 ] = -1.000
 Average Recall     (AR) @[ IoU=0.50      | area=   all | maxDets=100 ] = 0.993
 Average Recall     (AR) @[ IoU=0.75      | area=   all | maxDets=100 ] = 0.611
best_stat: {'epoch': 7, 'coco_eval_bbox': 0.3864993927202564}
Epoch: [24/30]  [ 0/44]  eta: 0:00:34  lr: 0.000100  loss: 14.9604 (14.9604)  loss_mal: 0.5496 (0.5496)  loss_bbox: 0.0166 (0.0166)  loss_giou: 0.2586 (0.2586)  loss_fgl: 1.1070 (1.1070)  loss_mal_aux_0: 0.6427 (0.6427)  loss_bbox_aux_0: 0.0197 (0.0197)  loss_giou_aux_0: 0.3065 (0.3065)  loss_fgl_aux_0: 1.1707 (1.1707)  loss_ddf_aux_0: 0.0341 (0.0341)  loss_mal_aux_1: 0.5574 (0.5574)  loss_bbox_aux_1: 0.0167 (0.0167)  loss_giou_aux_1: 0.2578 (0.2578)  loss_fgl_aux_1: 1.1158 (1.1158)  loss_ddf_aux_1: 0.0016 (0.0016)  loss_mal_pre: 0.6404 (0.6404)  loss_bbox_pre: 0.0197 (0.0197)  loss_giou_pre: 0.3075 (0.3075)  loss_mal_enc_0: 0.6662 (0.6662)  loss_bbox_enc_0: 0.0208 (0.0208)  loss_giou_enc_0: 0.3150 (0.3150)  loss_mal_dn_0: 0.6318 (0.6318)  loss_bbox_dn_0: 0.0210 (0.0210)  loss_giou_dn_0: 0.3249 (0.3249)  loss_fgl_dn_0: 1.1687 (1.1687)  loss_ddf_dn_0: 0.1712 (0.1712)  loss_mal_dn_1: 0.5246 (0.5246)  loss_bbox_dn_1: 0.0143 (0.0143)  loss_giou_dn_1: 0.2260 (0.2260)  loss_fgl_dn_1: 1.0534 (1.0534)  loss_ddf_dn_1: 0.0073 (0.0073)  loss_mal_dn_2: 0.5213 (0.5213)  loss_bbox_dn_2: 0.0143 (0.0143)  loss_giou_dn_2: 0.2268 (0.2268)  loss_fgl_dn_2: 1.0489 (1.0489)  loss_ddf_dn_2: -0.0000 (0.0000)  loss_mal_dn_pre: 0.6362 (0.6362)  loss_bbox_dn_pre: 0.0210 (0.0210)  loss_giou_dn_pre: 0.3242 (0.3242)  time: 0.7831  data: 0.2470  max mem: 5225
Epoch: [24/30]  [10/44]  eta: 0:00:19  lr: 0.000100  loss: 13.4424 (13.6825)  loss_mal: 0.4934 (0.4959)  loss_bbox: 0.0147 (0.0151)  loss_giou: 0.2068 (0.2159)  loss_fgl: 1.0395 (1.0581)  loss_mal_aux_0: 0.5602 (0.5507)  loss_bbox_aux_0: 0.0168 (0.0162)  loss_giou_aux_0: 0.2340 (0.2317)  loss_fgl_aux_0: 1.0665 (1.0873)  loss_ddf_aux_0: 0.0230 (0.0234)  loss_mal_aux_1: 0.5038 (0.4999)  loss_bbox_aux_1: 0.0149 (0.0151)  loss_giou_aux_1: 0.2094 (0.2164)  loss_fgl_aux_1: 1.0375 (1.0590)  loss_ddf_aux_1: 0.0010 (0.0010)  loss_mal_pre: 0.5578 (0.5502)  loss_bbox_pre: 0.0167 (0.0162)  loss_giou_pre: 0.2319 (0.2318)  loss_mal_enc_0: 0.6329 (0.6317)  loss_bbox_enc_0: 0.0191 (0.0195)  loss_giou_enc_0: 0.2772 (0.2736)  loss_mal_dn_0: 0.5791 (0.5893)  loss_bbox_dn_0: 0.0189 (0.0188)  loss_giou_dn_0: 0.2605 (0.2655)  loss_fgl_dn_0: 1.1179 (1.1325)  loss_ddf_dn_0: 0.1315 (0.1365)  loss_mal_dn_1: 0.4768 (0.4871)  loss_bbox_dn_1: 0.0134 (0.0139)  loss_giou_dn_1: 0.1916 (0.2008)  loss_fgl_dn_1: 1.0074 (1.0246)  loss_ddf_dn_1: 0.0059 (0.0059)  loss_mal_dn_2: 0.4739 (0.4841)  loss_bbox_dn_2: 0.0133 (0.0139)  loss_giou_dn_2: 0.1903 (0.2002)  loss_fgl_dn_2: 1.0067 (1.0228)  loss_ddf_dn_2: -0.0000 (0.0000)  loss_mal_dn_pre: 0.5859 (0.5946)  loss_bbox_dn_pre: 0.0186 (0.0187)  loss_giou_dn_pre: 0.2573 (0.2647)  time: 0.5689  data: 0.0367  max mem: 5225
Epoch: [24/30]  [20/44]  eta: 0:00:13  lr: 0.000100  loss: 13.1432 (13.4892)  loss_mal: 0.4667 (0.4861)  loss_bbox: 0.0132 (0.0146)  loss_giou: 0.1901 (0.2053)  loss_fgl: 1.0284 (1.0424)  loss_mal_aux_0: 0.5593 (0.5500)  loss_bbox_aux_0: 0.0143 (0.0159)  loss_giou_aux_0: 0.2072 (0.2226)  loss_fgl_aux_0: 1.0609 (1.0747)  loss_ddf_aux_0: 0.0242 (0.0248)  loss_mal_aux_1: 0.4655 (0.4911)  loss_bbox_aux_1: 0.0132 (0.0147)  loss_giou_aux_1: 0.1886 (0.2054)  loss_fgl_aux_1: 1.0271 (1.0420)  loss_ddf_aux_1: 0.0011 (0.0011)  loss_mal_pre: 0.5578 (0.5492)  loss_bbox_pre: 0.0144 (0.0159)  loss_giou_pre: 0.2079 (0.2221)  loss_mal_enc_0: 0.6349 (0.6347)  loss_bbox_enc_0: 0.0190 (0.0196)  loss_giou_enc_0: 0.2670 (0.2696)  loss_mal_dn_0: 0.5756 (0.5822)  loss_bbox_dn_0: 0.0186 (0.0188)  loss_giou_dn_0: 0.2488 (0.2596)  loss_fgl_dn_0: 1.1173 (1.1287)  loss_ddf_dn_0: 0.1300 (0.1360)  loss_mal_dn_1: 0.4598 (0.4777)  loss_bbox_dn_1: 0.0132 (0.0137)  loss_giou_dn_1: 0.1800 (0.1936)  loss_fgl_dn_1: 0.9900 (1.0126)  loss_ddf_dn_1: 0.0057 (0.0058)  loss_mal_dn_2: 0.4589 (0.4750)  loss_bbox_dn_2: 0.0132 (0.0137)  loss_giou_dn_2: 0.1786 (0.1932)  loss_fgl_dn_2: 0.9883 (1.0118)  loss_ddf_dn_2: -0.0000 (0.0000)  loss_mal_dn_pre: 0.5822 (0.5877)  loss_bbox_dn_pre: 0.0184 (0.0187)  loss_giou_dn_pre: 0.2480 (0.2587)  time: 0.5338  data: 0.0153  max mem: 5225
Epoch: [24/30]  [30/44]  eta: 0:00:07  lr: 0.000100  loss: 13.2277 (13.5613)  loss_mal: 0.4766 (0.4884)  loss_bbox: 0.0134 (0.0148)  loss_giou: 0.1961 (0.2078)  loss_fgl: 1.0292 (1.0466)  loss_mal_aux_0: 0.5593 (0.5533)  loss_bbox_aux_0: 0.0158 (0.0160)  loss_giou_aux_0: 0.2104 (0.2249)  loss_fgl_aux_0: 1.0563 (1.0777)  loss_ddf_aux_0: 0.0283 (0.0264)  loss_mal_aux_1: 0.4861 (0.4945)  loss_bbox_aux_1: 0.0135 (0.0148)  loss_giou_aux_1: 0.1958 (0.2076)  loss_fgl_aux_1: 1.0271 (1.0461)  loss_ddf_aux_1: 0.0012 (0.0011)  loss_mal_pre: 0.5586 (0.5518)  loss_bbox_pre: 0.0155 (0.0160)  loss_giou_pre: 0.2093 (0.2241)  loss_mal_enc_0: 0.6484 (0.6387)  loss_bbox_enc_0: 0.0202 (0.0199)  loss_giou_enc_0: 0.2684 (0.2737)  loss_mal_dn_0: 0.5779 (0.5860)  loss_bbox_dn_0: 0.0189 (0.0191)  loss_giou_dn_0: 0.2591 (0.2635)  loss_fgl_dn_0: 1.1288 (1.1357)  loss_ddf_dn_0: 0.1411 (0.1421)  loss_mal_dn_1: 0.4677 (0.4788)  loss_bbox_dn_1: 0.0130 (0.0137)  loss_giou_dn_1: 0.1861 (0.1942)  loss_fgl_dn_1: 0.9856 (1.0123)  loss_ddf_dn_1: 0.0057 (0.0057)  loss_mal_dn_2: 0.4634 (0.4758)  loss_bbox_dn_2: 0.0128 (0.0137)  loss_giou_dn_2: 0.1847 (0.1934)  loss_fgl_dn_2: 0.9883 (1.0110)  loss_ddf_dn_2: -0.0000 (0.0000)  loss_mal_dn_pre: 0.5822 (0.5909)  loss_bbox_dn_pre: 0.0188 (0.0190)  loss_giou_dn_pre: 0.2562 (0.2623)  time: 0.5251  data: 0.0149  max mem: 5225
Epoch: [24/30]  [40/44]  eta: 0:00:02  lr: 0.000100  loss: 13.6992 (13.6322)  loss_mal: 0.4880 (0.4919)  loss_bbox: 0.0154 (0.0148)  loss_giou: 0.2042 (0.2108)  loss_fgl: 1.0489 (1.0538)  loss_mal_aux_0: 0.5589 (0.5556)  loss_bbox_aux_0: 0.0165 (0.0160)  loss_giou_aux_0: 0.2234 (0.2261)  loss_fgl_aux_0: 1.0844 (1.0812)  loss_ddf_aux_0: 0.0279 (0.0262)  loss_mal_aux_1: 0.4911 (0.4996)  loss_bbox_aux_1: 0.0155 (0.0149)  loss_giou_aux_1: 0.2053 (0.2109)  loss_fgl_aux_1: 1.0542 (1.0538)  loss_ddf_aux_1: 0.0011 (0.0011)  loss_mal_pre: 0.5620 (0.5540)  loss_bbox_pre: 0.0162 (0.0159)  loss_giou_pre: 0.2240 (0.2252)  loss_mal_enc_0: 0.6432 (0.6389)  loss_bbox_enc_0: 0.0199 (0.0198)  loss_giou_enc_0: 0.2721 (0.2734)  loss_mal_dn_0: 0.5857 (0.5862)  loss_bbox_dn_0: 0.0189 (0.0190)  loss_giou_dn_0: 0.2613 (0.2647)  loss_fgl_dn_0: 1.1364 (1.1370)  loss_ddf_dn_0: 0.1449 (0.1419)  loss_mal_dn_1: 0.4814 (0.4822)  loss_bbox_dn_1: 0.0138 (0.0138)  loss_giou_dn_1: 0.1974 (0.1971)  loss_fgl_dn_1: 1.0236 (1.0202)  loss_ddf_dn_1: 0.0054 (0.0055)  loss_mal_dn_2: 0.4753 (0.4786)  loss_bbox_dn_2: 0.0137 (0.0138)  loss_giou_dn_2: 0.1940 (0.1961)  loss_fgl_dn_2: 1.0220 (1.0186)  loss_ddf_dn_2: -0.0000 (0.0000)  loss_mal_dn_pre: 0.5887 (0.5909)  loss_bbox_dn_pre: 0.0186 (0.0189)  loss_giou_dn_pre: 0.2603 (0.2636)  time: 0.5272  data: 0.0158  max mem: 5225
Epoch: [24/30]  [43/44]  eta: 0:00:00  lr: 0.000100  loss: 13.7782 (13.6890)  loss_mal: 0.4972 (0.4955)  loss_bbox: 0.0159 (0.0151)  loss_giou: 0.2131 (0.2128)  loss_fgl: 1.0573 (1.0566)  loss_mal_aux_0: 0.5589 (0.5586)  loss_bbox_aux_0: 0.0167 (0.0162)  loss_giou_aux_0: 0.2280 (0.2279)  loss_fgl_aux_0: 1.0844 (1.0834)  loss_ddf_aux_0: 0.0275 (0.0263)  loss_mal_aux_1: 0.5076 (0.5030)  loss_bbox_aux_1: 0.0159 (0.0151)  loss_giou_aux_1: 0.2167 (0.2130)  loss_fgl_aux_1: 1.0657 (1.0566)  loss_ddf_aux_1: 0.0011 (0.0011)  loss_mal_pre: 0.5620 (0.5570)  loss_bbox_pre: 0.0165 (0.0162)  loss_giou_pre: 0.2248 (0.2270)  loss_mal_enc_0: 0.6484 (0.6434)  loss_bbox_enc_0: 0.0206 (0.0201)  loss_giou_enc_0: 0.2751 (0.2758)  loss_mal_dn_0: 0.5910 (0.5876)  loss_bbox_dn_0: 0.0191 (0.0192)  loss_giou_dn_0: 0.2737 (0.2664)  loss_fgl_dn_0: 1.1426 (1.1393)  loss_ddf_dn_0: 0.1442 (0.1415)  loss_mal_dn_1: 0.4857 (0.4841)  loss_bbox_dn_1: 0.0143 (0.0140)  loss_giou_dn_1: 0.1978 (0.1985)  loss_fgl_dn_1: 1.0315 (1.0229)  loss_ddf_dn_1: 0.0054 (0.0055)  loss_mal_dn_2: 0.4799 (0.4802)  loss_bbox_dn_2: 0.0141 (0.0139)  loss_giou_dn_2: 0.1963 (0.1975)  loss_fgl_dn_2: 1.0267 (1.0214)  loss_ddf_dn_2: -0.0000 (0.0000)  loss_mal_dn_pre: 0.5965 (0.5922)  loss_bbox_dn_pre: 0.0190 (0.0191)  loss_giou_dn_pre: 0.2730 (0.2652)  time: 0.5251  data: 0.0162  max mem: 5225
Epoch: [24/30] Total time: 0:00:23 (0.5372 s / it)
Averaged stats: lr: 0.000100  loss: 13.7782 (13.6890)  loss_mal: 0.4972 (0.4955)  loss_bbox: 0.0159 (0.0151)  loss_giou: 0.2131 (0.2128)  loss_fgl: 1.0573 (1.0566)  loss_mal_aux_0: 0.5589 (0.5586)  loss_bbox_aux_0: 0.0167 (0.0162)  loss_giou_aux_0: 0.2280 (0.2279)  loss_fgl_aux_0: 1.0844 (1.0834)  loss_ddf_aux_0: 0.0275 (0.0263)  loss_mal_aux_1: 0.5076 (0.5030)  loss_bbox_aux_1: 0.0159 (0.0151)  loss_giou_aux_1: 0.2167 (0.2130)  loss_fgl_aux_1: 1.0657 (1.0566)  loss_ddf_aux_1: 0.0011 (0.0011)  loss_mal_pre: 0.5620 (0.5570)  loss_bbox_pre: 0.0165 (0.0162)  loss_giou_pre: 0.2248 (0.2270)  loss_mal_enc_0: 0.6484 (0.6434)  loss_bbox_enc_0: 0.0206 (0.0201)  loss_giou_enc_0: 0.2751 (0.2758)  loss_mal_dn_0: 0.5910 (0.5876)  loss_bbox_dn_0: 0.0191 (0.0192)  loss_giou_dn_0: 0.2737 (0.2664)  loss_fgl_dn_0: 1.1426 (1.1393)  loss_ddf_dn_0: 0.1442 (0.1415)  loss_mal_dn_1: 0.4857 (0.4841)  loss_bbox_dn_1: 0.0143 (0.0140)  loss_giou_dn_1: 0.1978 (0.1985)  loss_fgl_dn_1: 1.0315 (1.0229)  loss_ddf_dn_1: 0.0054 (0.0055)  loss_mal_dn_2: 0.4799 (0.4802)  loss_bbox_dn_2: 0.0141 (0.0139)  loss_giou_dn_2: 0.1963 (0.1975)  loss_fgl_dn_2: 1.0267 (1.0214)  loss_ddf_dn_2: -0.0000 (0.0000)  loss_mal_dn_pre: 0.5965 (0.5922)  loss_bbox_dn_pre: 0.0190 (0.0191)  loss_giou_dn_pre: 0.2730 (0.2652)
Test:  [0/9]  eta: 0:00:04    time: 0.5421  data: 0.2665  max mem: 5225
Test:  [8/9]  eta: 0:00:00    time: 0.1604  data: 0.0414  max mem: 5225
Test: Total time: 0:00:01 (0.1656 s / it)
Metrics: {'f1': 0.9791666666666666, 'precision': 0.9791666666666666, 'recall': 0.9791666666666666, 'iou': 0.6765278326410825, 'TPs': 141, 'FPs': 3, 'FNs': 3}
Averaged stats: 
Accumulating evaluation results...
COCOeval_opt.accumulate() finished...
DONE (t=0.01s).
IoU metric: bbox
 Average Precision  (AP) @[ IoU=0.50:0.95 | area=   all | maxDets=100 ] = 0.375
 Average Precision  (AP) @[ IoU=0.50      | area=   all | maxDets=100 ] = 0.964
 Average Precision  (AP) @[ IoU=0.75      | area=   all | maxDets=100 ] = 0.154
 Average Precision  (AP) @[ IoU=0.50:0.95 | area= small | maxDets=100 ] = 0.376
 Average Precision  (AP) @[ IoU=0.50:0.95 | area=medium | maxDets=100 ] = -1.000
 Average Precision  (AP) @[ IoU=0.50:0.95 | area= large | maxDets=100 ] = -1.000
 Average Recall     (AR) @[ IoU=0.50:0.95 | area=   all | maxDets=  1 ] = 0.210
 Average Recall     (AR) @[ IoU=0.50:0.95 | area=   all | maxDets= 10 ] = 0.480
 Average Recall     (AR) @[ IoU=0.50:0.95 | area=   all | maxDets=100 ] = 0.576
 Average Recall     (AR) @[ IoU=0.50:0.95 | area= small | maxDets=100 ] = 0.576
 Average Recall     (AR) @[ IoU=0.50:0.95 | area=medium | maxDets=100 ] = -1.000
 Average Recall     (AR) @[ IoU=0.50:0.95 | area= large | maxDets=100 ] = -1.000
 Average Recall     (AR) @[ IoU=0.50      | area=   all | maxDets=100 ] = 0.993
 Average Recall     (AR) @[ IoU=0.75      | area=   all | maxDets=100 ] = 0.597
best_stat: {'epoch': 7, 'coco_eval_bbox': 0.3864993927202564}
Epoch: [25/30]  [ 0/44]  eta: 0:00:35  lr: 0.000010  loss: 14.2847 (14.2847)  loss_mal: 0.5232 (0.5232)  loss_bbox: 0.0154 (0.0154)  loss_giou: 0.2234 (0.2234)  loss_fgl: 1.1040 (1.1040)  loss_mal_aux_0: 0.5988 (0.5988)  loss_bbox_aux_0: 0.0159 (0.0159)  loss_giou_aux_0: 0.2297 (0.2297)  loss_fgl_aux_0: 1.1074 (1.1074)  loss_ddf_aux_0: 0.0284 (0.0284)  loss_mal_aux_1: 0.5251 (0.5251)  loss_bbox_aux_1: 0.0152 (0.0152)  loss_giou_aux_1: 0.2208 (0.2208)  loss_fgl_aux_1: 1.1040 (1.1040)  loss_ddf_aux_1: 0.0012 (0.0012)  loss_mal_pre: 0.6024 (0.6024)  loss_bbox_pre: 0.0161 (0.0161)  loss_giou_pre: 0.2324 (0.2324)  loss_mal_enc_0: 0.6852 (0.6852)  loss_bbox_enc_0: 0.0219 (0.0219)  loss_giou_enc_0: 0.3184 (0.3184)  loss_mal_dn_0: 0.6086 (0.6086)  loss_bbox_dn_0: 0.0203 (0.0203)  loss_giou_dn_0: 0.2890 (0.2890)  loss_fgl_dn_0: 1.1620 (1.1620)  loss_ddf_dn_0: 0.1387 (0.1387)  loss_mal_dn_1: 0.5068 (0.5068)  loss_bbox_dn_1: 0.0144 (0.0144)  loss_giou_dn_1: 0.2121 (0.2121)  loss_fgl_dn_1: 1.0404 (1.0404)  loss_ddf_dn_1: 0.0053 (0.0053)  loss_mal_dn_2: 0.5053 (0.5053)  loss_bbox_dn_2: 0.0144 (0.0144)  loss_giou_dn_2: 0.2124 (0.2124)  loss_fgl_dn_2: 1.0411 (1.0411)  loss_ddf_dn_2: -0.0000 (0.0000)  loss_mal_dn_pre: 0.6147 (0.6147)  loss_bbox_dn_pre: 0.0204 (0.0204)  loss_giou_dn_pre: 0.2901 (0.2901)  time: 0.8030  data: 0.2618  max mem: 5225
Epoch: [25/30]  [10/44]  eta: 0:00:19  lr: 0.000010  loss: 13.0884 (13.1429)  loss_mal: 0.4776 (0.4743)  loss_bbox: 0.0143 (0.0137)  loss_giou: 0.1831 (0.1866)  loss_fgl: 1.0222 (1.0214)  loss_mal_aux_0: 0.5368 (0.5326)  loss_bbox_aux_0: 0.0158 (0.0149)  loss_giou_aux_0: 0.2009 (0.2037)  loss_fgl_aux_0: 1.0510 (1.0529)  loss_ddf_aux_0: 0.0232 (0.0245)  loss_mal_aux_1: 0.4918 (0.4828)  loss_bbox_aux_1: 0.0141 (0.0137)  loss_giou_aux_1: 0.1838 (0.1874)  loss_fgl_aux_1: 1.0222 (1.0232)  loss_ddf_aux_1: 0.0012 (0.0011)  loss_mal_pre: 0.5385 (0.5342)  loss_bbox_pre: 0.0158 (0.0150)  loss_giou_pre: 0.2019 (0.2046)  loss_mal_enc_0: 0.6352 (0.6397)  loss_bbox_enc_0: 0.0189 (0.0197)  loss_giou_enc_0: 0.2555 (0.2653)  loss_mal_dn_0: 0.5656 (0.5720)  loss_bbox_dn_0: 0.0187 (0.0189)  loss_giou_dn_0: 0.2421 (0.2521)  loss_fgl_dn_0: 1.1123 (1.1108)  loss_ddf_dn_0: 0.1387 (0.1406)  loss_mal_dn_1: 0.4659 (0.4659)  loss_bbox_dn_1: 0.0135 (0.0132)  loss_giou_dn_1: 0.1826 (0.1811)  loss_fgl_dn_1: 0.9898 (0.9858)  loss_ddf_dn_1: 0.0055 (0.0058)  loss_mal_dn_2: 0.4624 (0.4604)  loss_bbox_dn_2: 0.0133 (0.0131)  loss_giou_dn_2: 0.1825 (0.1800)  loss_fgl_dn_2: 0.9859 (0.9838)  loss_ddf_dn_2: -0.0000 (0.0000)  loss_mal_dn_pre: 0.5724 (0.5776)  loss_bbox_dn_pre: 0.0186 (0.0188)  loss_giou_dn_pre: 0.2421 (0.2517)  time: 0.5801  data: 0.0363  max mem: 5225
Epoch: [25/30]  [20/44]  eta: 0:00:13  lr: 0.000010  loss: 12.7652 (13.0038)  loss_mal: 0.4552 (0.4673)  loss_bbox: 0.0123 (0.0130)  loss_giou: 0.1677 (0.1833)  loss_fgl: 1.0135 (1.0161)  loss_mal_aux_0: 0.5143 (0.5333)  loss_bbox_aux_0: 0.0135 (0.0141)  loss_giou_aux_0: 0.1905 (0.1990)  loss_fgl_aux_0: 1.0282 (1.0437)  loss_ddf_aux_0: 0.0232 (0.0231)  loss_mal_aux_1: 0.4668 (0.4757)  loss_bbox_aux_1: 0.0124 (0.0130)  loss_giou_aux_1: 0.1677 (0.1835)  loss_fgl_aux_1: 1.0159 (1.0173)  loss_ddf_aux_1: 0.0011 (0.0011)  loss_mal_pre: 0.5152 (0.5343)  loss_bbox_pre: 0.0134 (0.0142)  loss_giou_pre: 0.1924 (0.1993)  loss_mal_enc_0: 0.6237 (0.6320)  loss_bbox_enc_0: 0.0185 (0.0185)  loss_giou_enc_0: 0.2479 (0.2561)  loss_mal_dn_0: 0.5564 (0.5655)  loss_bbox_dn_0: 0.0169 (0.0176)  loss_giou_dn_0: 0.2371 (0.2430)  loss_fgl_dn_0: 1.0960 (1.1036)  loss_ddf_dn_0: 0.1345 (0.1342)  loss_mal_dn_1: 0.4551 (0.4601)  loss_bbox_dn_1: 0.0123 (0.0125)  loss_giou_dn_1: 0.1727 (0.1776)  loss_fgl_dn_1: 0.9807 (0.9859)  loss_ddf_dn_1: 0.0055 (0.0054)  loss_mal_dn_2: 0.4489 (0.4555)  loss_bbox_dn_2: 0.0121 (0.0125)  loss_giou_dn_2: 0.1703 (0.1767)  loss_fgl_dn_2: 0.9780 (0.9839)  loss_ddf_dn_2: -0.0000 (0.0000)  loss_mal_dn_pre: 0.5628 (0.5712)  loss_bbox_dn_pre: 0.0169 (0.0176)  loss_giou_dn_pre: 0.2372 (0.2430)  time: 0.5352  data: 0.0148  max mem: 5225
Epoch: [25/30]  [30/44]  eta: 0:00:07  lr: 0.000010  loss: 12.3351 (12.9051)  loss_mal: 0.4484 (0.4640)  loss_bbox: 0.0117 (0.0128)  loss_giou: 0.1677 (0.1818)  loss_fgl: 0.9731 (1.0091)  loss_mal_aux_0: 0.5143 (0.5293)  loss_bbox_aux_0: 0.0123 (0.0139)  loss_giou_aux_0: 0.1759 (0.1974)  loss_fgl_aux_0: 1.0030 (1.0381)  loss_ddf_aux_0: 0.0208 (0.0225)  loss_mal_aux_1: 0.4498 (0.4721)  loss_bbox_aux_1: 0.0118 (0.0128)  loss_giou_aux_1: 0.1658 (0.1819)  loss_fgl_aux_1: 0.9724 (1.0097)  loss_ddf_aux_1: 0.0009 (0.0010)  loss_mal_pre: 0.5151 (0.5307)  loss_bbox_pre: 0.0127 (0.0140)  loss_giou_pre: 0.1812 (0.1982)  loss_mal_enc_0: 0.6261 (0.6296)  loss_bbox_enc_0: 0.0165 (0.0181)  loss_giou_enc_0: 0.2475 (0.2529)  loss_mal_dn_0: 0.5472 (0.5611)  loss_bbox_dn_0: 0.0157 (0.0171)  loss_giou_dn_0: 0.2255 (0.2391)  loss_fgl_dn_0: 1.0841 (1.0988)  loss_ddf_dn_0: 0.1285 (0.1322)  loss_mal_dn_1: 0.4379 (0.4547)  loss_bbox_dn_1: 0.0113 (0.0123)  loss_giou_dn_1: 0.1592 (0.1749)  loss_fgl_dn_1: 0.9558 (0.9800)  loss_ddf_dn_1: 0.0052 (0.0053)  loss_mal_dn_2: 0.4327 (0.4509)  loss_bbox_dn_2: 0.0111 (0.0122)  loss_giou_dn_2: 0.1592 (0.1742)  loss_fgl_dn_2: 0.9537 (0.9783)  loss_ddf_dn_2: -0.0000 (0.0000)  loss_mal_dn_pre: 0.5541 (0.5674)  loss_bbox_dn_pre: 0.0157 (0.0171)  loss_giou_dn_pre: 0.2257 (0.2393)  time: 0.5303  data: 0.0157  max mem: 5225
Epoch: [25/30]  [40/44]  eta: 0:00:02  lr: 0.000010  loss: 12.2618 (12.7908)  loss_mal: 0.4294 (0.4559)  loss_bbox: 0.0117 (0.0126)  loss_giou: 0.1662 (0.1796)  loss_fgl: 0.9551 (0.9975)  loss_mal_aux_0: 0.4997 (0.5254)  loss_bbox_aux_0: 0.0134 (0.0139)  loss_giou_aux_0: 0.1777 (0.1974)  loss_fgl_aux_0: 0.9923 (1.0314)  loss_ddf_aux_0: 0.0206 (0.0220)  loss_mal_aux_1: 0.4355 (0.4628)  loss_bbox_aux_1: 0.0118 (0.0126)  loss_giou_aux_1: 0.1669 (0.1797)  loss_fgl_aux_1: 0.9521 (0.9982)  loss_ddf_aux_1: 0.0009 (0.0010)  loss_mal_pre: 0.4992 (0.5268)  loss_bbox_pre: 0.0135 (0.0140)  loss_giou_pre: 0.1812 (0.1982)  loss_mal_enc_0: 0.6244 (0.6254)  loss_bbox_enc_0: 0.0170 (0.0180)  loss_giou_enc_0: 0.2453 (0.2513)  loss_mal_dn_0: 0.5487 (0.5585)  loss_bbox_dn_0: 0.0162 (0.0170)  loss_giou_dn_0: 0.2232 (0.2371)  loss_fgl_dn_0: 1.0752 (1.0937)  loss_ddf_dn_0: 0.1285 (0.1308)  loss_mal_dn_1: 0.4275 (0.4491)  loss_bbox_dn_1: 0.0111 (0.0121)  loss_giou_dn_1: 0.1581 (0.1724)  loss_fgl_dn_1: 0.9406 (0.9723)  loss_ddf_dn_1: 0.0051 (0.0052)  loss_mal_dn_2: 0.4254 (0.4456)  loss_bbox_dn_2: 0.0110 (0.0120)  loss_giou_dn_2: 0.1588 (0.1717)  loss_fgl_dn_2: 0.9375 (0.9703)  loss_ddf_dn_2: -0.0000 (0.0000)  loss_mal_dn_pre: 0.5559 (0.5651)  loss_bbox_dn_pre: 0.0162 (0.0170)  loss_giou_dn_pre: 0.2225 (0.2371)  time: 0.5457  data: 0.0157  max mem: 5225
Epoch: [25/30]  [43/44]  eta: 0:00:00  lr: 0.000010  loss: 12.1402 (12.7588)  loss_mal: 0.4309 (0.4544)  loss_bbox: 0.0117 (0.0125)  loss_giou: 0.1619 (0.1788)  loss_fgl: 0.9476 (0.9946)  loss_mal_aux_0: 0.5019 (0.5243)  loss_bbox_aux_0: 0.0135 (0.0138)  loss_giou_aux_0: 0.1777 (0.1970)  loss_fgl_aux_0: 0.9924 (1.0299)  loss_ddf_aux_0: 0.0208 (0.0224)  loss_mal_aux_1: 0.4355 (0.4611)  loss_bbox_aux_1: 0.0118 (0.0125)  loss_giou_aux_1: 0.1608 (0.1789)  loss_fgl_aux_1: 0.9499 (0.9953)  loss_ddf_aux_1: 0.0009 (0.0010)  loss_mal_pre: 0.5027 (0.5257)  loss_bbox_pre: 0.0136 (0.0139)  loss_giou_pre: 0.1812 (0.1979)  loss_mal_enc_0: 0.6193 (0.6252)  loss_bbox_enc_0: 0.0170 (0.0180)  loss_giou_enc_0: 0.2383 (0.2516)  loss_mal_dn_0: 0.5380 (0.5577)  loss_bbox_dn_0: 0.0162 (0.0169)  loss_giou_dn_0: 0.2194 (0.2364)  loss_fgl_dn_0: 1.0662 (1.0923)  loss_ddf_dn_0: 0.1277 (0.1305)  loss_mal_dn_1: 0.4235 (0.4474)  loss_bbox_dn_1: 0.0111 (0.0120)  loss_giou_dn_1: 0.1560 (0.1713)  loss_fgl_dn_1: 0.9406 (0.9690)  loss_ddf_dn_1: 0.0050 (0.0052)  loss_mal_dn_2: 0.4200 (0.4438)  loss_bbox_dn_2: 0.0110 (0.0119)  loss_giou_dn_2: 0.1544 (0.1706)  loss_fgl_dn_2: 0.9375 (0.9672)  loss_ddf_dn_2: -0.0000 (0.0000)  loss_mal_dn_pre: 0.5443 (0.5644)  loss_bbox_dn_pre: 0.0161 (0.0169)  loss_giou_dn_pre: 0.2196 (0.2363)  time: 0.5391  data: 0.0158  max mem: 5225
Epoch: [25/30] Total time: 0:00:24 (0.5483 s / it)
Averaged stats: lr: 0.000010  loss: 12.1402 (12.7588)  loss_mal: 0.4309 (0.4544)  loss_bbox: 0.0117 (0.0125)  loss_giou: 0.1619 (0.1788)  loss_fgl: 0.9476 (0.9946)  loss_mal_aux_0: 0.5019 (0.5243)  loss_bbox_aux_0: 0.0135 (0.0138)  loss_giou_aux_0: 0.1777 (0.1970)  loss_fgl_aux_0: 0.9924 (1.0299)  loss_ddf_aux_0: 0.0208 (0.0224)  loss_mal_aux_1: 0.4355 (0.4611)  loss_bbox_aux_1: 0.0118 (0.0125)  loss_giou_aux_1: 0.1608 (0.1789)  loss_fgl_aux_1: 0.9499 (0.9953)  loss_ddf_aux_1: 0.0009 (0.0010)  loss_mal_pre: 0.5027 (0.5257)  loss_bbox_pre: 0.0136 (0.0139)  loss_giou_pre: 0.1812 (0.1979)  loss_mal_enc_0: 0.6193 (0.6252)  loss_bbox_enc_0: 0.0170 (0.0180)  loss_giou_enc_0: 0.2383 (0.2516)  loss_mal_dn_0: 0.5380 (0.5577)  loss_bbox_dn_0: 0.0162 (0.0169)  loss_giou_dn_0: 0.2194 (0.2364)  loss_fgl_dn_0: 1.0662 (1.0923)  loss_ddf_dn_0: 0.1277 (0.1305)  loss_mal_dn_1: 0.4235 (0.4474)  loss_bbox_dn_1: 0.0111 (0.0120)  loss_giou_dn_1: 0.1560 (0.1713)  loss_fgl_dn_1: 0.9406 (0.9690)  loss_ddf_dn_1: 0.0050 (0.0052)  loss_mal_dn_2: 0.4200 (0.4438)  loss_bbox_dn_2: 0.0110 (0.0119)  loss_giou_dn_2: 0.1544 (0.1706)  loss_fgl_dn_2: 0.9375 (0.9672)  loss_ddf_dn_2: -0.0000 (0.0000)  loss_mal_dn_pre: 0.5443 (0.5644)  loss_bbox_dn_pre: 0.0161 (0.0169)  loss_giou_dn_pre: 0.2196 (0.2363)
Test:  [0/9]  eta: 0:00:03    time: 0.3398  data: 0.2581  max mem: 5225
Test:  [8/9]  eta: 0:00:00    time: 0.1429  data: 0.0413  max mem: 5225
Test: Total time: 0:00:01 (0.1470 s / it)
Metrics: {'f1': 0.9791666666666666, 'precision': 0.9791666666666666, 'recall': 0.9791666666666666, 'iou': 0.6764857659534532, 'TPs': 141, 'FPs': 3, 'FNs': 3}
Averaged stats: 
Accumulating evaluation results...
COCOeval_opt.accumulate() finished...
DONE (t=0.01s).
IoU metric: bbox
 Average Precision  (AP) @[ IoU=0.50:0.95 | area=   all | maxDets=100 ] = 0.374
 Average Precision  (AP) @[ IoU=0.50      | area=   all | maxDets=100 ] = 0.964
 Average Precision  (AP) @[ IoU=0.75      | area=   all | maxDets=100 ] = 0.154
 Average Precision  (AP) @[ IoU=0.50:0.95 | area= small | maxDets=100 ] = 0.375
 Average Precision  (AP) @[ IoU=0.50:0.95 | area=medium | maxDets=100 ] = -1.000
 Average Precision  (AP) @[ IoU=0.50:0.95 | area= large | maxDets=100 ] = -1.000
 Average Recall     (AR) @[ IoU=0.50:0.95 | area=   all | maxDets=  1 ] = 0.209
 Average Recall     (AR) @[ IoU=0.50:0.95 | area=   all | maxDets= 10 ] = 0.479
 Average Recall     (AR) @[ IoU=0.50:0.95 | area=   all | maxDets=100 ] = 0.577
 Average Recall     (AR) @[ IoU=0.50:0.95 | area= small | maxDets=100 ] = 0.577
 Average Recall     (AR) @[ IoU=0.50:0.95 | area=medium | maxDets=100 ] = -1.000
 Average Recall     (AR) @[ IoU=0.50:0.95 | area= large | maxDets=100 ] = -1.000
 Average Recall     (AR) @[ IoU=0.50      | area=   all | maxDets=100 ] = 0.993
 Average Recall     (AR) @[ IoU=0.75      | area=   all | maxDets=100 ] = 0.604
best_stat: {'epoch': 7, 'coco_eval_bbox': 0.3864993927202564}
Epoch: [26/30]  [ 0/44]  eta: 0:00:34  lr: 0.000010  loss: 12.9215 (12.9215)  loss_mal: 0.4490 (0.4490)  loss_bbox: 0.0138 (0.0138)  loss_giou: 0.1815 (0.1815)  loss_fgl: 0.9953 (0.9953)  loss_mal_aux_0: 0.4825 (0.4825)  loss_bbox_aux_0: 0.0142 (0.0142)  loss_giou_aux_0: 0.1842 (0.1842)  loss_fgl_aux_0: 1.0241 (1.0241)  loss_ddf_aux_0: 0.0241 (0.0241)  loss_mal_aux_1: 0.4441 (0.4441)  loss_bbox_aux_1: 0.0137 (0.0137)  loss_giou_aux_1: 0.1795 (0.1795)  loss_fgl_aux_1: 0.9945 (0.9945)  loss_ddf_aux_1: 0.0008 (0.0008)  loss_mal_pre: 0.4827 (0.4827)  loss_bbox_pre: 0.0142 (0.0142)  loss_giou_pre: 0.1839 (0.1839)  loss_mal_enc_0: 0.6764 (0.6764)  loss_bbox_enc_0: 0.0220 (0.0220)  loss_giou_enc_0: 0.2874 (0.2874)  loss_mal_dn_0: 0.5754 (0.5754)  loss_bbox_dn_0: 0.0196 (0.0196)  loss_giou_dn_0: 0.2541 (0.2541)  loss_fgl_dn_0: 1.1328 (1.1328)  loss_ddf_dn_0: 0.1404 (0.1404)  loss_mal_dn_1: 0.4535 (0.4535)  loss_bbox_dn_1: 0.0135 (0.0135)  loss_giou_dn_1: 0.1782 (0.1782)  loss_fgl_dn_1: 0.9888 (0.9888)  loss_ddf_dn_1: 0.0056 (0.0056)  loss_mal_dn_2: 0.4572 (0.4572)  loss_bbox_dn_2: 0.0135 (0.0135)  loss_giou_dn_2: 0.1792 (0.1792)  loss_fgl_dn_2: 0.9879 (0.9879)  loss_ddf_dn_2: -0.0000 (0.0000)  loss_mal_dn_pre: 0.5818 (0.5818)  loss_bbox_dn_pre: 0.0195 (0.0195)  loss_giou_dn_pre: 0.2527 (0.2527)  time: 0.7928  data: 0.2584  max mem: 5225
Epoch: [26/30]  [10/44]  eta: 0:00:19  lr: 0.000010  loss: 11.9422 (12.2271)  loss_mal: 0.4125 (0.4208)  loss_bbox: 0.0117 (0.0115)  loss_giou: 0.1503 (0.1648)  loss_fgl: 0.9386 (0.9520)  loss_mal_aux_0: 0.4883 (0.4935)  loss_bbox_aux_0: 0.0126 (0.0130)  loss_giou_aux_0: 0.1678 (0.1843)  loss_fgl_aux_0: 0.9932 (0.9975)  loss_ddf_aux_0: 0.0241 (0.0254)  loss_mal_aux_1: 0.4181 (0.4280)  loss_bbox_aux_1: 0.0118 (0.0116)  loss_giou_aux_1: 0.1515 (0.1650)  loss_fgl_aux_1: 0.9425 (0.9531)  loss_ddf_aux_1: 0.0010 (0.0011)  loss_mal_pre: 0.4895 (0.4949)  loss_bbox_pre: 0.0127 (0.0130)  loss_giou_pre: 0.1689 (0.1843)  loss_mal_enc_0: 0.6195 (0.6116)  loss_bbox_enc_0: 0.0175 (0.0179)  loss_giou_enc_0: 0.2359 (0.2471)  loss_mal_dn_0: 0.5327 (0.5444)  loss_bbox_dn_0: 0.0160 (0.0161)  loss_giou_dn_0: 0.2143 (0.2251)  loss_fgl_dn_0: 1.0760 (1.0794)  loss_ddf_dn_0: 0.1337 (0.1357)  loss_mal_dn_1: 0.4067 (0.4209)  loss_bbox_dn_1: 0.0109 (0.0108)  loss_giou_dn_1: 0.1443 (0.1554)  loss_fgl_dn_1: 0.9146 (0.9345)  loss_ddf_dn_1: 0.0048 (0.0054)  loss_mal_dn_2: 0.4012 (0.4182)  loss_bbox_dn_2: 0.0109 (0.0108)  loss_giou_dn_2: 0.1441 (0.1546)  loss_fgl_dn_2: 0.9154 (0.9325)  loss_ddf_dn_2: -0.0000 (0.0000)  loss_mal_dn_pre: 0.5393 (0.5519)  loss_bbox_dn_pre: 0.0160 (0.0160)  loss_giou_dn_pre: 0.2132 (0.2251)  time: 0.5842  data: 0.0374  max mem: 5225
Epoch: [26/30]  [20/44]  eta: 0:00:13  lr: 0.000010  loss: 11.9236 (12.2083)  loss_mal: 0.4021 (0.4258)  loss_bbox: 0.0111 (0.0114)  loss_giou: 0.1485 (0.1637)  loss_fgl: 0.9273 (0.9516)  loss_mal_aux_0: 0.4778 (0.4886)  loss_bbox_aux_0: 0.0119 (0.0127)  loss_giou_aux_0: 0.1661 (0.1819)  loss_fgl_aux_0: 0.9928 (0.9977)  loss_ddf_aux_0: 0.0244 (0.0255)  loss_mal_aux_1: 0.4181 (0.4328)  loss_bbox_aux_1: 0.0112 (0.0114)  loss_giou_aux_1: 0.1474 (0.1638)  loss_fgl_aux_1: 0.9238 (0.9525)  loss_ddf_aux_1: 0.0010 (0.0011)  loss_mal_pre: 0.4784 (0.4899)  loss_bbox_pre: 0.0120 (0.0127)  loss_giou_pre: 0.1655 (0.1823)  loss_mal_enc_0: 0.5874 (0.6049)  loss_bbox_enc_0: 0.0163 (0.0173)  loss_giou_enc_0: 0.2254 (0.2411)  loss_mal_dn_0: 0.5305 (0.5446)  loss_bbox_dn_0: 0.0157 (0.0158)  loss_giou_dn_0: 0.2110 (0.2236)  loss_fgl_dn_0: 1.0687 (1.0782)  loss_ddf_dn_0: 0.1337 (0.1369)  loss_mal_dn_1: 0.4048 (0.4236)  loss_bbox_dn_1: 0.0104 (0.0108)  loss_giou_dn_1: 0.1418 (0.1566)  loss_fgl_dn_1: 0.9146 (0.9339)  loss_ddf_dn_1: 0.0048 (0.0053)  loss_mal_dn_2: 0.4002 (0.4206)  loss_bbox_dn_2: 0.0102 (0.0107)  loss_giou_dn_2: 0.1410 (0.1558)  loss_fgl_dn_2: 0.9154 (0.9317)  loss_ddf_dn_2: -0.0000 (0.0000)  loss_mal_dn_pre: 0.5389 (0.5524)  loss_bbox_dn_pre: 0.0157 (0.0158)  loss_giou_dn_pre: 0.2123 (0.2237)  time: 0.5460  data: 0.0155  max mem: 5225
Epoch: [26/30]  [30/44]  eta: 0:00:07  lr: 0.000010  loss: 11.8794 (12.0723)  loss_mal: 0.3980 (0.4180)  loss_bbox: 0.0102 (0.0110)  loss_giou: 0.1485 (0.1586)  loss_fgl: 0.9267 (0.9422)  loss_mal_aux_0: 0.4749 (0.4865)  loss_bbox_aux_0: 0.0119 (0.0124)  loss_giou_aux_0: 0.1639 (0.1768)  loss_fgl_aux_0: 0.9581 (0.9872)  loss_ddf_aux_0: 0.0257 (0.0261)  loss_mal_aux_1: 0.4205 (0.4261)  loss_bbox_aux_1: 0.0104 (0.0111)  loss_giou_aux_1: 0.1474 (0.1588)  loss_fgl_aux_1: 0.9252 (0.9430)  loss_ddf_aux_1: 0.0011 (0.0011)  loss_mal_pre: 0.4743 (0.4875)  loss_bbox_pre: 0.0122 (0.0124)  loss_giou_pre: 0.1634 (0.1772)  loss_mal_enc_0: 0.5959 (0.6065)  loss_bbox_enc_0: 0.0163 (0.0170)  loss_giou_enc_0: 0.2214 (0.2357)  loss_mal_dn_0: 0.5275 (0.5403)  loss_bbox_dn_0: 0.0152 (0.0156)  loss_giou_dn_0: 0.2084 (0.2187)  loss_fgl_dn_0: 1.0535 (1.0700)  loss_ddf_dn_0: 0.1438 (0.1388)  loss_mal_dn_1: 0.4106 (0.4176)  loss_bbox_dn_1: 0.0104 (0.0106)  loss_giou_dn_1: 0.1461 (0.1529)  loss_fgl_dn_1: 0.9115 (0.9249)  loss_ddf_dn_1: 0.0056 (0.0055)  loss_mal_dn_2: 0.4062 (0.4144)  loss_bbox_dn_2: 0.0103 (0.0106)  loss_giou_dn_2: 0.1452 (0.1521)  loss_fgl_dn_2: 0.9150 (0.9228)  loss_ddf_dn_2: -0.0000 (0.0000)  loss_mal_dn_pre: 0.5349 (0.5480)  loss_bbox_dn_pre: 0.0152 (0.0156)  loss_giou_dn_pre: 0.2088 (0.2187)  time: 0.5349  data: 0.0155  max mem: 5225
Epoch: [26/30]  [40/44]  eta: 0:00:02  lr: 0.000010  loss: 11.9939 (12.0871)  loss_mal: 0.4067 (0.4176)  loss_bbox: 0.0102 (0.0110)  loss_giou: 0.1522 (0.1581)  loss_fgl: 0.9361 (0.9433)  loss_mal_aux_0: 0.4954 (0.4897)  loss_bbox_aux_0: 0.0119 (0.0123)  loss_giou_aux_0: 0.1736 (0.1759)  loss_fgl_aux_0: 0.9806 (0.9879)  loss_ddf_aux_0: 0.0277 (0.0268)  loss_mal_aux_1: 0.4205 (0.4250)  loss_bbox_aux_1: 0.0104 (0.0110)  loss_giou_aux_1: 0.1544 (0.1583)  loss_fgl_aux_1: 0.9347 (0.9440)  loss_ddf_aux_1: 0.0011 (0.0011)  loss_mal_pre: 0.4961 (0.4908)  loss_bbox_pre: 0.0118 (0.0123)  loss_giou_pre: 0.1724 (0.1767)  loss_mal_enc_0: 0.6144 (0.6081)  loss_bbox_enc_0: 0.0162 (0.0167)  loss_giou_enc_0: 0.2214 (0.2339)  loss_mal_dn_0: 0.5435 (0.5416)  loss_bbox_dn_0: 0.0150 (0.0155)  loss_giou_dn_0: 0.2156 (0.2189)  loss_fgl_dn_0: 1.0645 (1.0718)  loss_ddf_dn_0: 0.1439 (0.1408)  loss_mal_dn_1: 0.4122 (0.4187)  loss_bbox_dn_1: 0.0101 (0.0106)  loss_giou_dn_1: 0.1496 (0.1532)  loss_fgl_dn_1: 0.9147 (0.9252)  loss_ddf_dn_1: 0.0057 (0.0055)  loss_mal_dn_2: 0.4081 (0.4151)  loss_bbox_dn_2: 0.0103 (0.0105)  loss_giou_dn_2: 0.1488 (0.1523)  loss_fgl_dn_2: 0.9112 (0.9231)  loss_ddf_dn_2: -0.0000 (0.0000)  loss_mal_dn_pre: 0.5514 (0.5495)  loss_bbox_dn_pre: 0.0150 (0.0155)  loss_giou_dn_pre: 0.2162 (0.2189)  time: 0.5449  data: 0.0155  max mem: 5225
Epoch: [26/30]  [43/44]  eta: 0:00:00  lr: 0.000010  loss: 12.0042 (12.1059)  loss_mal: 0.4137 (0.4182)  loss_bbox: 0.0106 (0.0110)  loss_giou: 0.1548 (0.1593)  loss_fgl: 0.9373 (0.9442)  loss_mal_aux_0: 0.4989 (0.4901)  loss_bbox_aux_0: 0.0124 (0.0123)  loss_giou_aux_0: 0.1754 (0.1770)  loss_fgl_aux_0: 0.9876 (0.9891)  loss_ddf_aux_0: 0.0277 (0.0268)  loss_mal_aux_1: 0.4215 (0.4251)  loss_bbox_aux_1: 0.0108 (0.0111)  loss_giou_aux_1: 0.1557 (0.1595)  loss_fgl_aux_1: 0.9347 (0.9448)  loss_ddf_aux_1: 0.0010 (0.0011)  loss_mal_pre: 0.4994 (0.4911)  loss_bbox_pre: 0.0123 (0.0124)  loss_giou_pre: 0.1743 (0.1776)  loss_mal_enc_0: 0.6144 (0.6095)  loss_bbox_enc_0: 0.0158 (0.0168)  loss_giou_enc_0: 0.2274 (0.2350)  loss_mal_dn_0: 0.5435 (0.5423)  loss_bbox_dn_0: 0.0150 (0.0156)  loss_giou_dn_0: 0.2178 (0.2197)  loss_fgl_dn_0: 1.0668 (1.0726)  loss_ddf_dn_0: 0.1443 (0.1414)  loss_mal_dn_1: 0.4122 (0.4190)  loss_bbox_dn_1: 0.0105 (0.0106)  loss_giou_dn_1: 0.1496 (0.1536)  loss_fgl_dn_1: 0.9147 (0.9257)  loss_ddf_dn_1: 0.0057 (0.0055)  loss_mal_dn_2: 0.4081 (0.4155)  loss_bbox_dn_2: 0.0103 (0.0106)  loss_giou_dn_2: 0.1488 (0.1528)  loss_fgl_dn_2: 0.9112 (0.9236)  loss_ddf_dn_2: -0.0000 (0.0000)  loss_mal_dn_pre: 0.5514 (0.5502)  loss_bbox_dn_pre: 0.0150 (0.0156)  loss_giou_dn_pre: 0.2164 (0.2196)  time: 0.5439  data: 0.0154  max mem: 5225
Epoch: [26/30] Total time: 0:00:24 (0.5520 s / it)
Averaged stats: lr: 0.000010  loss: 12.0042 (12.1059)  loss_mal: 0.4137 (0.4182)  loss_bbox: 0.0106 (0.0110)  loss_giou: 0.1548 (0.1593)  loss_fgl: 0.9373 (0.9442)  loss_mal_aux_0: 0.4989 (0.4901)  loss_bbox_aux_0: 0.0124 (0.0123)  loss_giou_aux_0: 0.1754 (0.1770)  loss_fgl_aux_0: 0.9876 (0.9891)  loss_ddf_aux_0: 0.0277 (0.0268)  loss_mal_aux_1: 0.4215 (0.4251)  loss_bbox_aux_1: 0.0108 (0.0111)  loss_giou_aux_1: 0.1557 (0.1595)  loss_fgl_aux_1: 0.9347 (0.9448)  loss_ddf_aux_1: 0.0010 (0.0011)  loss_mal_pre: 0.4994 (0.4911)  loss_bbox_pre: 0.0123 (0.0124)  loss_giou_pre: 0.1743 (0.1776)  loss_mal_enc_0: 0.6144 (0.6095)  loss_bbox_enc_0: 0.0158 (0.0168)  loss_giou_enc_0: 0.2274 (0.2350)  loss_mal_dn_0: 0.5435 (0.5423)  loss_bbox_dn_0: 0.0150 (0.0156)  loss_giou_dn_0: 0.2178 (0.2197)  loss_fgl_dn_0: 1.0668 (1.0726)  loss_ddf_dn_0: 0.1443 (0.1414)  loss_mal_dn_1: 0.4122 (0.4190)  loss_bbox_dn_1: 0.0105 (0.0106)  loss_giou_dn_1: 0.1496 (0.1536)  loss_fgl_dn_1: 0.9147 (0.9257)  loss_ddf_dn_1: 0.0057 (0.0055)  loss_mal_dn_2: 0.4081 (0.4155)  loss_bbox_dn_2: 0.0103 (0.0106)  loss_giou_dn_2: 0.1488 (0.1528)  loss_fgl_dn_2: 0.9112 (0.9236)  loss_ddf_dn_2: -0.0000 (0.0000)  loss_mal_dn_pre: 0.5514 (0.5502)  loss_bbox_dn_pre: 0.0150 (0.0156)  loss_giou_dn_pre: 0.2164 (0.2196)
Test:  [0/9]  eta: 0:00:04    time: 0.5172  data: 0.2416  max mem: 5225
Test:  [8/9]  eta: 0:00:00    time: 0.1653  data: 0.0393  max mem: 5225
Test: Total time: 0:00:01 (0.1697 s / it)
Metrics: {'f1': 0.9722222222222222, 'precision': 0.9722222222222222, 'recall': 0.9722222222222222, 'iou': 0.667094471084105, 'TPs': 140, 'FPs': 4, 'FNs': 4}
Averaged stats: 
Accumulating evaluation results...
COCOeval_opt.accumulate() finished...
DONE (t=0.01s).
IoU metric: bbox
 Average Precision  (AP) @[ IoU=0.50:0.95 | area=   all | maxDets=100 ] = 0.374
 Average Precision  (AP) @[ IoU=0.50      | area=   all | maxDets=100 ] = 0.963
 Average Precision  (AP) @[ IoU=0.75      | area=   all | maxDets=100 ] = 0.153
 Average Precision  (AP) @[ IoU=0.50:0.95 | area= small | maxDets=100 ] = 0.374
 Average Precision  (AP) @[ IoU=0.50:0.95 | area=medium | maxDets=100 ] = -1.000
 Average Precision  (AP) @[ IoU=0.50:0.95 | area= large | maxDets=100 ] = -1.000
 Average Recall     (AR) @[ IoU=0.50:0.95 | area=   all | maxDets=  1 ] = 0.207
 Average Recall     (AR) @[ IoU=0.50:0.95 | area=   all | maxDets= 10 ] = 0.478
 Average Recall     (AR) @[ IoU=0.50:0.95 | area=   all | maxDets=100 ] = 0.574
 Average Recall     (AR) @[ IoU=0.50:0.95 | area= small | maxDets=100 ] = 0.574
 Average Recall     (AR) @[ IoU=0.50:0.95 | area=medium | maxDets=100 ] = -1.000
 Average Recall     (AR) @[ IoU=0.50:0.95 | area= large | maxDets=100 ] = -1.000
 Average Recall     (AR) @[ IoU=0.50      | area=   all | maxDets=100 ] = 0.993
 Average Recall     (AR) @[ IoU=0.75      | area=   all | maxDets=100 ] = 0.604
best_stat: {'epoch': 7, 'coco_eval_bbox': 0.3864993927202564}
Epoch: [27/30]  [ 0/44]  eta: 0:00:36  lr: 0.000010  loss: 11.8817 (11.8817)  loss_mal: 0.4481 (0.4481)  loss_bbox: 0.0111 (0.0111)  loss_giou: 0.1342 (0.1342)  loss_fgl: 0.9017 (0.9017)  loss_mal_aux_0: 0.4973 (0.4973)  loss_bbox_aux_0: 0.0136 (0.0136)  loss_giou_aux_0: 0.1616 (0.1616)  loss_fgl_aux_0: 0.9772 (0.9772)  loss_ddf_aux_0: 0.0321 (0.0321)  loss_mal_aux_1: 0.4444 (0.4444)  loss_bbox_aux_1: 0.0113 (0.0113)  loss_giou_aux_1: 0.1360 (0.1360)  loss_fgl_aux_1: 0.9039 (0.9039)  loss_ddf_aux_1: 0.0015 (0.0015)  loss_mal_pre: 0.4995 (0.4995)  loss_bbox_pre: 0.0137 (0.0137)  loss_giou_pre: 0.1626 (0.1626)  loss_mal_enc_0: 0.6268 (0.6268)  loss_bbox_enc_0: 0.0199 (0.0199)  loss_giou_enc_0: 0.2303 (0.2303)  loss_mal_dn_0: 0.5348 (0.5348)  loss_bbox_dn_0: 0.0172 (0.0172)  loss_giou_dn_0: 0.2055 (0.2055)  loss_fgl_dn_0: 1.0555 (1.0555)  loss_ddf_dn_0: 0.1752 (0.1752)  loss_mal_dn_1: 0.3993 (0.3993)  loss_bbox_dn_1: 0.0113 (0.0113)  loss_giou_dn_1: 0.1378 (0.1378)  loss_fgl_dn_1: 0.8950 (0.8950)  loss_ddf_dn_1: 0.0087 (0.0087)  loss_mal_dn_2: 0.3981 (0.3981)  loss_bbox_dn_2: 0.0114 (0.0114)  loss_giou_dn_2: 0.1388 (0.1388)  loss_fgl_dn_2: 0.8972 (0.8972)  loss_ddf_dn_2: -0.0000 (0.0000)  loss_mal_dn_pre: 0.5441 (0.5441)  loss_bbox_dn_pre: 0.0174 (0.0174)  loss_giou_dn_pre: 0.2075 (0.2075)  time: 0.8261  data: 0.2403  max mem: 5225
Epoch: [27/30]  [10/44]  eta: 0:00:19  lr: 0.000010  loss: 11.5073 (11.5305)  loss_mal: 0.3864 (0.3933)  loss_bbox: 0.0103 (0.0098)  loss_giou: 0.1353 (0.1382)  loss_fgl: 0.9017 (0.9000)  loss_mal_aux_0: 0.4458 (0.4543)  loss_bbox_aux_0: 0.0116 (0.0112)  loss_giou_aux_0: 0.1616 (0.1569)  loss_fgl_aux_0: 0.9548 (0.9493)  loss_ddf_aux_0: 0.0317 (0.0303)  loss_mal_aux_1: 0.3933 (0.3966)  loss_bbox_aux_1: 0.0104 (0.0099)  loss_giou_aux_1: 0.1360 (0.1387)  loss_fgl_aux_1: 0.9039 (0.9009)  loss_ddf_aux_1: 0.0011 (0.0011)  loss_mal_pre: 0.4399 (0.4540)  loss_bbox_pre: 0.0116 (0.0112)  loss_giou_pre: 0.1626 (0.1563)  loss_mal_enc_0: 0.5840 (0.5971)  loss_bbox_enc_0: 0.0153 (0.0161)  loss_giou_enc_0: 0.2051 (0.2207)  loss_mal_dn_0: 0.5282 (0.5261)  loss_bbox_dn_0: 0.0151 (0.0149)  loss_giou_dn_0: 0.2055 (0.2054)  loss_fgl_dn_0: 1.0523 (1.0471)  loss_ddf_dn_0: 0.1541 (0.1519)  loss_mal_dn_1: 0.3956 (0.4003)  loss_bbox_dn_1: 0.0099 (0.0100)  loss_giou_dn_1: 0.1402 (0.1408)  loss_fgl_dn_1: 0.8947 (0.8913)  loss_ddf_dn_1: 0.0058 (0.0060)  loss_mal_dn_2: 0.3917 (0.3960)  loss_bbox_dn_2: 0.0097 (0.0099)  loss_giou_dn_2: 0.1388 (0.1402)  loss_fgl_dn_2: 0.8922 (0.8892)  loss_ddf_dn_2: -0.0000 (0.0000)  loss_mal_dn_pre: 0.5356 (0.5353)  loss_bbox_dn_pre: 0.0149 (0.0149)  loss_giou_dn_pre: 0.2060 (0.2054)  time: 0.5817  data: 0.0357  max mem: 5225
Epoch: [27/30]  [20/44]  eta: 0:00:13  lr: 0.000010  loss: 11.3164 (11.4964)  loss_mal: 0.3833 (0.3885)  loss_bbox: 0.0091 (0.0096)  loss_giou: 0.1316 (0.1362)  loss_fgl: 0.8896 (0.8984)  loss_mal_aux_0: 0.4515 (0.4580)  loss_bbox_aux_0: 0.0103 (0.0112)  loss_giou_aux_0: 0.1591 (0.1574)  loss_fgl_aux_0: 0.9531 (0.9521)  loss_ddf_aux_0: 0.0308 (0.0304)  loss_mal_aux_1: 0.3885 (0.3931)  loss_bbox_aux_1: 0.0091 (0.0097)  loss_giou_aux_1: 0.1340 (0.1371)  loss_fgl_aux_1: 0.8991 (0.9004)  loss_ddf_aux_1: 0.0010 (0.0011)  loss_mal_pre: 0.4537 (0.4586)  loss_bbox_pre: 0.0101 (0.0112)  loss_giou_pre: 0.1594 (0.1574)  loss_mal_enc_0: 0.5884 (0.5968)  loss_bbox_enc_0: 0.0147 (0.0161)  loss_giou_enc_0: 0.2074 (0.2220)  loss_mal_dn_0: 0.5161 (0.5242)  loss_bbox_dn_0: 0.0139 (0.0146)  loss_giou_dn_0: 0.1984 (0.2029)  loss_fgl_dn_0: 1.0447 (1.0452)  loss_ddf_dn_0: 0.1493 (0.1504)  loss_mal_dn_1: 0.3903 (0.3961)  loss_bbox_dn_1: 0.0093 (0.0097)  loss_giou_dn_1: 0.1373 (0.1386)  loss_fgl_dn_1: 0.8826 (0.8890)  loss_ddf_dn_1: 0.0053 (0.0057)  loss_mal_dn_2: 0.3873 (0.3911)  loss_bbox_dn_2: 0.0092 (0.0096)  loss_giou_dn_2: 0.1349 (0.1375)  loss_fgl_dn_2: 0.8807 (0.8854)  loss_ddf_dn_2: -0.0000 (0.0000)  loss_mal_dn_pre: 0.5245 (0.5334)  loss_bbox_dn_pre: 0.0137 (0.0146)  loss_giou_dn_pre: 0.1989 (0.2032)  time: 0.5426  data: 0.0155  max mem: 5225
Epoch: [27/30]  [30/44]  eta: 0:00:07  lr: 0.000010  loss: 11.3679 (11.5314)  loss_mal: 0.3833 (0.3909)  loss_bbox: 0.0091 (0.0096)  loss_giou: 0.1316 (0.1379)  loss_fgl: 0.8951 (0.9007)  loss_mal_aux_0: 0.4659 (0.4641)  loss_bbox_aux_0: 0.0106 (0.0111)  loss_giou_aux_0: 0.1591 (0.1582)  loss_fgl_aux_0: 0.9485 (0.9517)  loss_ddf_aux_0: 0.0317 (0.0320)  loss_mal_aux_1: 0.3936 (0.3965)  loss_bbox_aux_1: 0.0091 (0.0097)  loss_giou_aux_1: 0.1340 (0.1387)  loss_fgl_aux_1: 0.8991 (0.9023)  loss_ddf_aux_1: 0.0011 (0.0011)  loss_mal_pre: 0.4685 (0.4648)  loss_bbox_pre: 0.0106 (0.0111)  loss_giou_pre: 0.1588 (0.1584)  loss_mal_enc_0: 0.5917 (0.5965)  loss_bbox_enc_0: 0.0143 (0.0157)  loss_giou_enc_0: 0.2158 (0.2187)  loss_mal_dn_0: 0.5197 (0.5243)  loss_bbox_dn_0: 0.0140 (0.0145)  loss_giou_dn_0: 0.2010 (0.2031)  loss_fgl_dn_0: 1.0414 (1.0451)  loss_ddf_dn_0: 0.1519 (0.1540)  loss_mal_dn_1: 0.3924 (0.3979)  loss_bbox_dn_1: 0.0092 (0.0097)  loss_giou_dn_1: 0.1372 (0.1394)  loss_fgl_dn_1: 0.8744 (0.8901)  loss_ddf_dn_1: 0.0054 (0.0058)  loss_mal_dn_2: 0.3873 (0.3929)  loss_bbox_dn_2: 0.0092 (0.0096)  loss_giou_dn_2: 0.1349 (0.1382)  loss_fgl_dn_2: 0.8717 (0.8864)  loss_ddf_dn_2: -0.0000 (0.0000)  loss_mal_dn_pre: 0.5296 (0.5333)  loss_bbox_dn_pre: 0.0139 (0.0144)  loss_giou_dn_pre: 0.2010 (0.2031)  time: 0.5267  data: 0.0156  max mem: 5225
Epoch: [27/30]  [40/44]  eta: 0:00:02  lr: 0.000010  loss: 11.6515 (11.7478)  loss_mal: 0.3950 (0.4007)  loss_bbox: 0.0104 (0.0102)  loss_giou: 0.1469 (0.1459)  loss_fgl: 0.8984 (0.9160)  loss_mal_aux_0: 0.4788 (0.4709)  loss_bbox_aux_0: 0.0115 (0.0116)  loss_giou_aux_0: 0.1630 (0.1657)  loss_fgl_aux_0: 0.9508 (0.9654)  loss_ddf_aux_0: 0.0352 (0.0322)  loss_mal_aux_1: 0.4006 (0.4066)  loss_bbox_aux_1: 0.0103 (0.0102)  loss_giou_aux_1: 0.1481 (0.1465)  loss_fgl_aux_1: 0.9018 (0.9172)  loss_ddf_aux_1: 0.0011 (0.0011)  loss_mal_pre: 0.4797 (0.4717)  loss_bbox_pre: 0.0115 (0.0116)  loss_giou_pre: 0.1639 (0.1661)  loss_mal_enc_0: 0.5996 (0.5979)  loss_bbox_enc_0: 0.0158 (0.0161)  loss_giou_enc_0: 0.2187 (0.2240)  loss_mal_dn_0: 0.5273 (0.5318)  loss_bbox_dn_0: 0.0145 (0.0149)  loss_giou_dn_0: 0.2066 (0.2096)  loss_fgl_dn_0: 1.0479 (1.0580)  loss_ddf_dn_0: 0.1609 (0.1564)  loss_mal_dn_1: 0.4067 (0.4065)  loss_bbox_dn_1: 0.0098 (0.0101)  loss_giou_dn_1: 0.1416 (0.1450)  loss_fgl_dn_1: 0.8929 (0.9022)  loss_ddf_dn_1: 0.0060 (0.0059)  loss_mal_dn_2: 0.3981 (0.4018)  loss_bbox_dn_2: 0.0096 (0.0100)  loss_giou_dn_2: 0.1408 (0.1437)  loss_fgl_dn_2: 0.8851 (0.8985)  loss_ddf_dn_2: -0.0000 (0.0000)  loss_mal_dn_pre: 0.5365 (0.5410)  loss_bbox_dn_pre: 0.0143 (0.0149)  loss_giou_dn_pre: 0.2076 (0.2098)  time: 0.5339  data: 0.0159  max mem: 5225
Epoch: [27/30]  [43/44]  eta: 0:00:00  lr: 0.000010  loss: 11.5659 (11.7294)  loss_mal: 0.3916 (0.3993)  loss_bbox: 0.0098 (0.0101)  loss_giou: 0.1434 (0.1451)  loss_fgl: 0.8963 (0.9149)  loss_mal_aux_0: 0.4581 (0.4707)  loss_bbox_aux_0: 0.0107 (0.0115)  loss_giou_aux_0: 0.1630 (0.1647)  loss_fgl_aux_0: 0.9508 (0.9641)  loss_ddf_aux_0: 0.0343 (0.0322)  loss_mal_aux_1: 0.3958 (0.4050)  loss_bbox_aux_1: 0.0098 (0.0101)  loss_giou_aux_1: 0.1425 (0.1457)  loss_fgl_aux_1: 0.8947 (0.9161)  loss_ddf_aux_1: 0.0010 (0.0011)  loss_mal_pre: 0.4595 (0.4714)  loss_bbox_pre: 0.0107 (0.0115)  loss_giou_pre: 0.1631 (0.1650)  loss_mal_enc_0: 0.5996 (0.5979)  loss_bbox_enc_0: 0.0146 (0.0159)  loss_giou_enc_0: 0.2110 (0.2228)  loss_mal_dn_0: 0.5257 (0.5317)  loss_bbox_dn_0: 0.0142 (0.0148)  loss_giou_dn_0: 0.2060 (0.2090)  loss_fgl_dn_0: 1.0451 (1.0575)  loss_ddf_dn_0: 0.1595 (0.1565)  loss_mal_dn_1: 0.3930 (0.4057)  loss_bbox_dn_1: 0.0097 (0.0100)  loss_giou_dn_1: 0.1387 (0.1446)  loss_fgl_dn_1: 0.8813 (0.9016)  loss_ddf_dn_1: 0.0060 (0.0059)  loss_mal_dn_2: 0.3901 (0.4010)  loss_bbox_dn_2: 0.0096 (0.0099)  loss_giou_dn_2: 0.1361 (0.1432)  loss_fgl_dn_2: 0.8811 (0.8978)  loss_ddf_dn_2: -0.0000 (0.0000)  loss_mal_dn_pre: 0.5352 (0.5411)  loss_bbox_dn_pre: 0.0142 (0.0148)  loss_giou_dn_pre: 0.2066 (0.2092)  time: 0.5371  data: 0.0156  max mem: 5225
Epoch: [27/30] Total time: 0:00:24 (0.5462 s / it)
Averaged stats: lr: 0.000010  loss: 11.5659 (11.7294)  loss_mal: 0.3916 (0.3993)  loss_bbox: 0.0098 (0.0101)  loss_giou: 0.1434 (0.1451)  loss_fgl: 0.8963 (0.9149)  loss_mal_aux_0: 0.4581 (0.4707)  loss_bbox_aux_0: 0.0107 (0.0115)  loss_giou_aux_0: 0.1630 (0.1647)  loss_fgl_aux_0: 0.9508 (0.9641)  loss_ddf_aux_0: 0.0343 (0.0322)  loss_mal_aux_1: 0.3958 (0.4050)  loss_bbox_aux_1: 0.0098 (0.0101)  loss_giou_aux_1: 0.1425 (0.1457)  loss_fgl_aux_1: 0.8947 (0.9161)  loss_ddf_aux_1: 0.0010 (0.0011)  loss_mal_pre: 0.4595 (0.4714)  loss_bbox_pre: 0.0107 (0.0115)  loss_giou_pre: 0.1631 (0.1650)  loss_mal_enc_0: 0.5996 (0.5979)  loss_bbox_enc_0: 0.0146 (0.0159)  loss_giou_enc_0: 0.2110 (0.2228)  loss_mal_dn_0: 0.5257 (0.5317)  loss_bbox_dn_0: 0.0142 (0.0148)  loss_giou_dn_0: 0.2060 (0.2090)  loss_fgl_dn_0: 1.0451 (1.0575)  loss_ddf_dn_0: 0.1595 (0.1565)  loss_mal_dn_1: 0.3930 (0.4057)  loss_bbox_dn_1: 0.0097 (0.0100)  loss_giou_dn_1: 0.1387 (0.1446)  loss_fgl_dn_1: 0.8813 (0.9016)  loss_ddf_dn_1: 0.0060 (0.0059)  loss_mal_dn_2: 0.3901 (0.4010)  loss_bbox_dn_2: 0.0096 (0.0099)  loss_giou_dn_2: 0.1361 (0.1432)  loss_fgl_dn_2: 0.8811 (0.8978)  loss_ddf_dn_2: -0.0000 (0.0000)  loss_mal_dn_pre: 0.5352 (0.5411)  loss_bbox_dn_pre: 0.0142 (0.0148)  loss_giou_dn_pre: 0.2066 (0.2092)
Test:  [0/9]  eta: 0:00:03    time: 0.3493  data: 0.2424  max mem: 5225
Test:  [8/9]  eta: 0:00:00    time: 0.1457  data: 0.0418  max mem: 5225
Test: Total time: 0:00:01 (0.1495 s / it)
Metrics: {'f1': 0.9791666666666666, 'precision': 0.9791666666666666, 'recall': 0.9791666666666666, 'iou': 0.6763846152493743, 'TPs': 141, 'FPs': 3, 'FNs': 3}
Averaged stats: 
Accumulating evaluation results...
COCOeval_opt.accumulate() finished...
DONE (t=0.01s).
IoU metric: bbox
 Average Precision  (AP) @[ IoU=0.50:0.95 | area=   all | maxDets=100 ] = 0.373
 Average Precision  (AP) @[ IoU=0.50      | area=   all | maxDets=100 ] = 0.963
 Average Precision  (AP) @[ IoU=0.75      | area=   all | maxDets=100 ] = 0.152
 Average Precision  (AP) @[ IoU=0.50:0.95 | area= small | maxDets=100 ] = 0.374
 Average Precision  (AP) @[ IoU=0.50:0.95 | area=medium | maxDets=100 ] = -1.000
 Average Precision  (AP) @[ IoU=0.50:0.95 | area= large | maxDets=100 ] = -1.000
 Average Recall     (AR) @[ IoU=0.50:0.95 | area=   all | maxDets=  1 ] = 0.208
 Average Recall     (AR) @[ IoU=0.50:0.95 | area=   all | maxDets= 10 ] = 0.478
 Average Recall     (AR) @[ IoU=0.50:0.95 | area=   all | maxDets=100 ] = 0.573
 Average Recall     (AR) @[ IoU=0.50:0.95 | area= small | maxDets=100 ] = 0.573
 Average Recall     (AR) @[ IoU=0.50:0.95 | area=medium | maxDets=100 ] = -1.000
 Average Recall     (AR) @[ IoU=0.50:0.95 | area= large | maxDets=100 ] = -1.000
 Average Recall     (AR) @[ IoU=0.50      | area=   all | maxDets=100 ] = 0.993
 Average Recall     (AR) @[ IoU=0.75      | area=   all | maxDets=100 ] = 0.583
best_stat: {'epoch': 7, 'coco_eval_bbox': 0.3864993927202564}
Epoch: [28/30]  [ 0/44]  eta: 0:00:33  lr: 0.000010  loss: 11.3153 (11.3153)  loss_mal: 0.3887 (0.3887)  loss_bbox: 0.0087 (0.0087)  loss_giou: 0.1376 (0.1376)  loss_fgl: 0.8852 (0.8852)  loss_mal_aux_0: 0.4505 (0.4505)  loss_bbox_aux_0: 0.0099 (0.0099)  loss_giou_aux_0: 0.1517 (0.1517)  loss_fgl_aux_0: 0.9321 (0.9321)  loss_ddf_aux_0: 0.0404 (0.0404)  loss_mal_aux_1: 0.3927 (0.3927)  loss_bbox_aux_1: 0.0088 (0.0088)  loss_giou_aux_1: 0.1377 (0.1377)  loss_fgl_aux_1: 0.8868 (0.8868)  loss_ddf_aux_1: 0.0011 (0.0011)  loss_mal_pre: 0.4538 (0.4538)  loss_bbox_pre: 0.0100 (0.0100)  loss_giou_pre: 0.1531 (0.1531)  loss_mal_enc_0: 0.5754 (0.5754)  loss_bbox_enc_0: 0.0128 (0.0128)  loss_giou_enc_0: 0.1974 (0.1974)  loss_mal_dn_0: 0.5182 (0.5182)  loss_bbox_dn_0: 0.0130 (0.0130)  loss_giou_dn_0: 0.1998 (0.1998)  loss_fgl_dn_0: 1.0379 (1.0379)  loss_ddf_dn_0: 0.1712 (0.1712)  loss_mal_dn_1: 0.3888 (0.3888)  loss_bbox_dn_1: 0.0084 (0.0084)  loss_giou_dn_1: 0.1341 (0.1341)  loss_fgl_dn_1: 0.8689 (0.8689)  loss_ddf_dn_1: 0.0062 (0.0062)  loss_mal_dn_2: 0.3847 (0.3847)  loss_bbox_dn_2: 0.0084 (0.0084)  loss_giou_dn_2: 0.1335 (0.1335)  loss_fgl_dn_2: 0.8648 (0.8648)  loss_ddf_dn_2: -0.0000 (0.0000)  loss_mal_dn_pre: 0.5298 (0.5298)  loss_bbox_dn_pre: 0.0130 (0.0130)  loss_giou_dn_pre: 0.2001 (0.2001)  time: 0.7713  data: 0.2382  max mem: 5225
Epoch: [28/30]  [10/44]  eta: 0:00:19  lr: 0.000010  loss: 11.6814 (11.8628)  loss_mal: 0.3887 (0.4026)  loss_bbox: 0.0095 (0.0101)  loss_giou: 0.1376 (0.1477)  loss_fgl: 0.8959 (0.9106)  loss_mal_aux_0: 0.4951 (0.4948)  loss_bbox_aux_0: 0.0106 (0.0117)  loss_giou_aux_0: 0.1517 (0.1689)  loss_fgl_aux_0: 0.9487 (0.9644)  loss_ddf_aux_0: 0.0347 (0.0351)  loss_mal_aux_1: 0.3927 (0.4119)  loss_bbox_aux_1: 0.0096 (0.0101)  loss_giou_aux_1: 0.1377 (0.1478)  loss_fgl_aux_1: 0.8946 (0.9106)  loss_ddf_aux_1: 0.0011 (0.0012)  loss_mal_pre: 0.4917 (0.4953)  loss_bbox_pre: 0.0105 (0.0117)  loss_giou_pre: 0.1531 (0.1690)  loss_mal_enc_0: 0.5867 (0.6011)  loss_bbox_enc_0: 0.0155 (0.0161)  loss_giou_enc_0: 0.2304 (0.2281)  loss_mal_dn_0: 0.5378 (0.5387)  loss_bbox_dn_0: 0.0150 (0.0151)  loss_giou_dn_0: 0.2106 (0.2166)  loss_fgl_dn_0: 1.0649 (1.0739)  loss_ddf_dn_0: 0.1605 (0.1636)  loss_mal_dn_1: 0.3940 (0.4053)  loss_bbox_dn_1: 0.0096 (0.0100)  loss_giou_dn_1: 0.1411 (0.1462)  loss_fgl_dn_1: 0.8916 (0.9026)  loss_ddf_dn_1: 0.0060 (0.0058)  loss_mal_dn_2: 0.3895 (0.4017)  loss_bbox_dn_2: 0.0096 (0.0099)  loss_giou_dn_2: 0.1402 (0.1450)  loss_fgl_dn_2: 0.8825 (0.8992)  loss_ddf_dn_2: -0.0000 (0.0000)  loss_mal_dn_pre: 0.5438 (0.5482)  loss_bbox_dn_pre: 0.0150 (0.0152)  loss_giou_dn_pre: 0.2102 (0.2170)  time: 0.5818  data: 0.0358  max mem: 5225
Epoch: [28/30]  [20/44]  eta: 0:00:13  lr: 0.000010  loss: 11.3864 (11.6418)  loss_mal: 0.3722 (0.3908)  loss_bbox: 0.0089 (0.0097)  loss_giou: 0.1308 (0.1405)  loss_fgl: 0.8823 (0.8938)  loss_mal_aux_0: 0.4705 (0.4792)  loss_bbox_aux_0: 0.0103 (0.0113)  loss_giou_aux_0: 0.1502 (0.1626)  loss_fgl_aux_0: 0.9290 (0.9531)  loss_ddf_aux_0: 0.0342 (0.0351)  loss_mal_aux_1: 0.3889 (0.3996)  loss_bbox_aux_1: 0.0090 (0.0097)  loss_giou_aux_1: 0.1302 (0.1408)  loss_fgl_aux_1: 0.8800 (0.8946)  loss_ddf_aux_1: 0.0011 (0.0012)  loss_mal_pre: 0.4700 (0.4794)  loss_bbox_pre: 0.0105 (0.0114)  loss_giou_pre: 0.1500 (0.1628)  loss_mal_enc_0: 0.5939 (0.5986)  loss_bbox_enc_0: 0.0151 (0.0158)  loss_giou_enc_0: 0.2227 (0.2219)  loss_mal_dn_0: 0.5310 (0.5340)  loss_bbox_dn_0: 0.0146 (0.0150)  loss_giou_dn_0: 0.2064 (0.2121)  loss_fgl_dn_0: 1.0456 (1.0620)  loss_ddf_dn_0: 0.1686 (0.1685)  loss_mal_dn_1: 0.3926 (0.3973)  loss_bbox_dn_1: 0.0094 (0.0097)  loss_giou_dn_1: 0.1366 (0.1405)  loss_fgl_dn_1: 0.8752 (0.8884)  loss_ddf_dn_1: 0.0060 (0.0061)  loss_mal_dn_2: 0.3858 (0.3930)  loss_bbox_dn_2: 0.0092 (0.0096)  loss_giou_dn_2: 0.1356 (0.1394)  loss_fgl_dn_2: 0.8767 (0.8845)  loss_ddf_dn_2: -0.0000 (0.0000)  loss_mal_dn_pre: 0.5389 (0.5432)  loss_bbox_dn_pre: 0.0145 (0.0150)  loss_giou_dn_pre: 0.2052 (0.2121)  time: 0.5608  data: 0.0157  max mem: 5225
Epoch: [28/30]  [30/44]  eta: 0:00:07  lr: 0.000010  loss: 11.3113 (11.5352)  loss_mal: 0.3684 (0.3899)  loss_bbox: 0.0089 (0.0096)  loss_giou: 0.1280 (0.1386)  loss_fgl: 0.8647 (0.8898)  loss_mal_aux_0: 0.4572 (0.4712)  loss_bbox_aux_0: 0.0102 (0.0113)  loss_giou_aux_0: 0.1502 (0.1607)  loss_fgl_aux_0: 0.9199 (0.9502)  loss_ddf_aux_0: 0.0371 (0.0367)  loss_mal_aux_1: 0.3724 (0.3966)  loss_bbox_aux_1: 0.0090 (0.0096)  loss_giou_aux_1: 0.1281 (0.1390)  loss_fgl_aux_1: 0.8686 (0.8908)  loss_ddf_aux_1: 0.0011 (0.0012)  loss_mal_pre: 0.4572 (0.4720)  loss_bbox_pre: 0.0102 (0.0113)  loss_giou_pre: 0.1489 (0.1609)  loss_mal_enc_0: 0.5843 (0.5961)  loss_bbox_enc_0: 0.0150 (0.0157)  loss_giou_enc_0: 0.2111 (0.2199)  loss_mal_dn_0: 0.5228 (0.5280)  loss_bbox_dn_0: 0.0140 (0.0146)  loss_giou_dn_0: 0.2041 (0.2072)  loss_fgl_dn_0: 1.0388 (1.0534)  loss_ddf_dn_0: 0.1685 (0.1688)  loss_mal_dn_1: 0.3797 (0.3922)  loss_bbox_dn_1: 0.0089 (0.0095)  loss_giou_dn_1: 0.1278 (0.1373)  loss_fgl_dn_1: 0.8662 (0.8791)  loss_ddf_dn_1: 0.0064 (0.0063)  loss_mal_dn_2: 0.3761 (0.3878)  loss_bbox_dn_2: 0.0089 (0.0094)  loss_giou_dn_2: 0.1284 (0.1363)  loss_fgl_dn_2: 0.8615 (0.8753)  loss_ddf_dn_2: -0.0000 (0.0000)  loss_mal_dn_pre: 0.5318 (0.5374)  loss_bbox_dn_pre: 0.0139 (0.0146)  loss_giou_dn_pre: 0.2025 (0.2070)  time: 0.5478  data: 0.0160  max mem: 5225
Epoch: [28/30]  [40/44]  eta: 0:00:02  lr: 0.000010  loss: 11.1542 (11.4895)  loss_mal: 0.3660 (0.3897)  loss_bbox: 0.0091 (0.0095)  loss_giou: 0.1270 (0.1370)  loss_fgl: 0.8587 (0.8851)  loss_mal_aux_0: 0.4603 (0.4695)  loss_bbox_aux_0: 0.0103 (0.0111)  loss_giou_aux_0: 0.1493 (0.1585)  loss_fgl_aux_0: 0.9302 (0.9451)  loss_ddf_aux_0: 0.0398 (0.0375)  loss_mal_aux_1: 0.3787 (0.3966)  loss_bbox_aux_1: 0.0092 (0.0095)  loss_giou_aux_1: 0.1285 (0.1373)  loss_fgl_aux_1: 0.8647 (0.8862)  loss_ddf_aux_1: 0.0012 (0.0012)  loss_mal_pre: 0.4649 (0.4705)  loss_bbox_pre: 0.0105 (0.0111)  loss_giou_pre: 0.1533 (0.1588)  loss_mal_enc_0: 0.5849 (0.5957)  loss_bbox_enc_0: 0.0151 (0.0156)  loss_giou_enc_0: 0.2117 (0.2180)  loss_mal_dn_0: 0.5114 (0.5262)  loss_bbox_dn_0: 0.0138 (0.0146)  loss_giou_dn_0: 0.1931 (0.2060)  loss_fgl_dn_0: 1.0328 (1.0519)  loss_ddf_dn_0: 0.1684 (0.1705)  loss_mal_dn_1: 0.3722 (0.3910)  loss_bbox_dn_1: 0.0089 (0.0094)  loss_giou_dn_1: 0.1231 (0.1363)  loss_fgl_dn_1: 0.8463 (0.8755)  loss_ddf_dn_1: 0.0064 (0.0063)  loss_mal_dn_2: 0.3660 (0.3862)  loss_bbox_dn_2: 0.0087 (0.0093)  loss_giou_dn_2: 0.1216 (0.1352)  loss_fgl_dn_2: 0.8435 (0.8715)  loss_ddf_dn_2: -0.0000 (0.0000)  loss_mal_dn_pre: 0.5224 (0.5356)  loss_bbox_dn_pre: 0.0138 (0.0146)  loss_giou_dn_pre: 0.1943 (0.2059)  time: 0.5427  data: 0.0163  max mem: 5225
Epoch: [28/30]  [43/44]  eta: 0:00:00  lr: 0.000010  loss: 11.1542 (11.5445)  loss_mal: 0.3669 (0.3920)  loss_bbox: 0.0091 (0.0096)  loss_giou: 0.1270 (0.1385)  loss_fgl: 0.8587 (0.8898)  loss_mal_aux_0: 0.4603 (0.4704)  loss_bbox_aux_0: 0.0103 (0.0113)  loss_giou_aux_0: 0.1493 (0.1601)  loss_fgl_aux_0: 0.9302 (0.9504)  loss_ddf_aux_0: 0.0398 (0.0382)  loss_mal_aux_1: 0.3787 (0.3986)  loss_bbox_aux_1: 0.0092 (0.0097)  loss_giou_aux_1: 0.1285 (0.1388)  loss_fgl_aux_1: 0.8647 (0.8908)  loss_ddf_aux_1: 0.0012 (0.0012)  loss_mal_pre: 0.4649 (0.4714)  loss_bbox_pre: 0.0105 (0.0113)  loss_giou_pre: 0.1517 (0.1603)  loss_mal_enc_0: 0.5849 (0.5959)  loss_bbox_enc_0: 0.0151 (0.0158)  loss_giou_enc_0: 0.2118 (0.2195)  loss_mal_dn_0: 0.5114 (0.5276)  loss_bbox_dn_0: 0.0140 (0.0148)  loss_giou_dn_0: 0.1931 (0.2073)  loss_fgl_dn_0: 1.0328 (1.0553)  loss_ddf_dn_0: 0.1794 (0.1725)  loss_mal_dn_1: 0.3722 (0.3928)  loss_bbox_dn_1: 0.0090 (0.0095)  loss_giou_dn_1: 0.1231 (0.1375)  loss_fgl_dn_1: 0.8463 (0.8792)  loss_ddf_dn_1: 0.0064 (0.0064)  loss_mal_dn_2: 0.3660 (0.3882)  loss_bbox_dn_2: 0.0091 (0.0095)  loss_giou_dn_2: 0.1216 (0.1364)  loss_fgl_dn_2: 0.8435 (0.8753)  loss_ddf_dn_2: -0.0000 (0.0000)  loss_mal_dn_pre: 0.5238 (0.5369)  loss_bbox_dn_pre: 0.0139 (0.0147)  loss_giou_dn_pre: 0.1943 (0.2071)  time: 0.5398  data: 0.0162  max mem: 5225
Epoch: [28/30] Total time: 0:00:24 (0.5575 s / it)
Averaged stats: lr: 0.000010  loss: 11.1542 (11.5445)  loss_mal: 0.3669 (0.3920)  loss_bbox: 0.0091 (0.0096)  loss_giou: 0.1270 (0.1385)  loss_fgl: 0.8587 (0.8898)  loss_mal_aux_0: 0.4603 (0.4704)  loss_bbox_aux_0: 0.0103 (0.0113)  loss_giou_aux_0: 0.1493 (0.1601)  loss_fgl_aux_0: 0.9302 (0.9504)  loss_ddf_aux_0: 0.0398 (0.0382)  loss_mal_aux_1: 0.3787 (0.3986)  loss_bbox_aux_1: 0.0092 (0.0097)  loss_giou_aux_1: 0.1285 (0.1388)  loss_fgl_aux_1: 0.8647 (0.8908)  loss_ddf_aux_1: 0.0012 (0.0012)  loss_mal_pre: 0.4649 (0.4714)  loss_bbox_pre: 0.0105 (0.0113)  loss_giou_pre: 0.1517 (0.1603)  loss_mal_enc_0: 0.5849 (0.5959)  loss_bbox_enc_0: 0.0151 (0.0158)  loss_giou_enc_0: 0.2118 (0.2195)  loss_mal_dn_0: 0.5114 (0.5276)  loss_bbox_dn_0: 0.0140 (0.0148)  loss_giou_dn_0: 0.1931 (0.2073)  loss_fgl_dn_0: 1.0328 (1.0553)  loss_ddf_dn_0: 0.1794 (0.1725)  loss_mal_dn_1: 0.3722 (0.3928)  loss_bbox_dn_1: 0.0090 (0.0095)  loss_giou_dn_1: 0.1231 (0.1375)  loss_fgl_dn_1: 0.8463 (0.8792)  loss_ddf_dn_1: 0.0064 (0.0064)  loss_mal_dn_2: 0.3660 (0.3882)  loss_bbox_dn_2: 0.0091 (0.0095)  loss_giou_dn_2: 0.1216 (0.1364)  loss_fgl_dn_2: 0.8435 (0.8753)  loss_ddf_dn_2: -0.0000 (0.0000)  loss_mal_dn_pre: 0.5238 (0.5369)  loss_bbox_dn_pre: 0.0139 (0.0147)  loss_giou_dn_pre: 0.1943 (0.2071)
Test:  [0/9]  eta: 0:00:03    time: 0.4002  data: 0.2555  max mem: 5225
Test:  [8/9]  eta: 0:00:00    time: 0.1514  data: 0.0395  max mem: 5225
Test: Total time: 0:00:01 (0.1556 s / it)
Metrics: {'f1': 0.9724137931034483, 'precision': 0.9657534246575342, 'recall': 0.9791666666666666, 'iou': 0.6673314087342896, 'TPs': 141, 'FPs': 5, 'FNs': 3}
Averaged stats: 
Accumulating evaluation results...
COCOeval_opt.accumulate() finished...
DONE (t=0.01s).
IoU metric: bbox
 Average Precision  (AP) @[ IoU=0.50:0.95 | area=   all | maxDets=100 ] = 0.372
 Average Precision  (AP) @[ IoU=0.50      | area=   all | maxDets=100 ] = 0.960
 Average Precision  (AP) @[ IoU=0.75      | area=   all | maxDets=100 ] = 0.151
 Average Precision  (AP) @[ IoU=0.50:0.95 | area= small | maxDets=100 ] = 0.373
 Average Precision  (AP) @[ IoU=0.50:0.95 | area=medium | maxDets=100 ] = -1.000
 Average Precision  (AP) @[ IoU=0.50:0.95 | area= large | maxDets=100 ] = -1.000
 Average Recall     (AR) @[ IoU=0.50:0.95 | area=   all | maxDets=  1 ] = 0.209
 Average Recall     (AR) @[ IoU=0.50:0.95 | area=   all | maxDets= 10 ] = 0.481
 Average Recall     (AR) @[ IoU=0.50:0.95 | area=   all | maxDets=100 ] = 0.576
 Average Recall     (AR) @[ IoU=0.50:0.95 | area= small | maxDets=100 ] = 0.576
 Average Recall     (AR) @[ IoU=0.50:0.95 | area=medium | maxDets=100 ] = -1.000
 Average Recall     (AR) @[ IoU=0.50:0.95 | area= large | maxDets=100 ] = -1.000
 Average Recall     (AR) @[ IoU=0.50      | area=   all | maxDets=100 ] = 0.993
 Average Recall     (AR) @[ IoU=0.75      | area=   all | maxDets=100 ] = 0.590
best_stat: {'epoch': 7, 'coco_eval_bbox': 0.3864993927202564}
Epoch: [29/30]  [ 0/44]  eta: 0:00:35  lr: 0.000010  loss: 13.5829 (13.5829)  loss_mal: 0.4949 (0.4949)  loss_bbox: 0.0123 (0.0123)  loss_giou: 0.2017 (0.2017)  loss_fgl: 1.0559 (1.0559)  loss_mal_aux_0: 0.5483 (0.5483)  loss_bbox_aux_0: 0.0129 (0.0129)  loss_giou_aux_0: 0.2107 (0.2107)  loss_fgl_aux_0: 1.0504 (1.0504)  loss_ddf_aux_0: 0.0351 (0.0351)  loss_mal_aux_1: 0.4985 (0.4985)  loss_bbox_aux_1: 0.0124 (0.0124)  loss_giou_aux_1: 0.2025 (0.2025)  loss_fgl_aux_1: 1.0549 (1.0549)  loss_ddf_aux_1: 0.0009 (0.0009)  loss_mal_pre: 0.5464 (0.5464)  loss_bbox_pre: 0.0128 (0.0128)  loss_giou_pre: 0.2083 (0.2083)  loss_mal_enc_0: 0.6616 (0.6616)  loss_bbox_enc_0: 0.0157 (0.0157)  loss_giou_enc_0: 0.2511 (0.2511)  loss_mal_dn_0: 0.5879 (0.5879)  loss_bbox_dn_0: 0.0164 (0.0164)  loss_giou_dn_0: 0.2597 (0.2597)  loss_fgl_dn_0: 1.1391 (1.1391)  loss_ddf_dn_0: 0.1548 (0.1548)  loss_mal_dn_1: 0.4953 (0.4953)  loss_bbox_dn_1: 0.0120 (0.0120)  loss_giou_dn_1: 0.1981 (0.1981)  loss_fgl_dn_1: 1.0253 (1.0253)  loss_ddf_dn_1: 0.0046 (0.0046)  loss_mal_dn_2: 0.4937 (0.4937)  loss_bbox_dn_2: 0.0120 (0.0120)  loss_giou_dn_2: 0.1971 (0.1971)  loss_fgl_dn_2: 1.0269 (1.0269)  loss_ddf_dn_2: -0.0000 (0.0000)  loss_mal_dn_pre: 0.5964 (0.5964)  loss_bbox_dn_pre: 0.0164 (0.0164)  loss_giou_dn_pre: 0.2600 (0.2600)  time: 0.7971  data: 0.2463  max mem: 5225
Epoch: [29/30]  [10/44]  eta: 0:00:19  lr: 0.000010  loss: 11.9400 (12.2322)  loss_mal: 0.4061 (0.4203)  loss_bbox: 0.0107 (0.0110)  loss_giou: 0.1530 (0.1578)  loss_fgl: 0.9068 (0.9428)  loss_mal_aux_0: 0.4831 (0.5028)  loss_bbox_aux_0: 0.0118 (0.0122)  loss_giou_aux_0: 0.1662 (0.1743)  loss_fgl_aux_0: 0.9618 (0.9851)  loss_ddf_aux_0: 0.0356 (0.0377)  loss_mal_aux_1: 0.4110 (0.4286)  loss_bbox_aux_1: 0.0106 (0.0109)  loss_giou_aux_1: 0.1524 (0.1574)  loss_fgl_aux_1: 0.9032 (0.9422)  loss_ddf_aux_1: 0.0011 (0.0012)  loss_mal_pre: 0.4812 (0.5037)  loss_bbox_pre: 0.0119 (0.0122)  loss_giou_pre: 0.1675 (0.1750)  loss_mal_enc_0: 0.6382 (0.6269)  loss_bbox_enc_0: 0.0159 (0.0167)  loss_giou_enc_0: 0.2392 (0.2345)  loss_mal_dn_0: 0.5465 (0.5444)  loss_bbox_dn_0: 0.0160 (0.0158)  loss_giou_dn_0: 0.2169 (0.2219)  loss_fgl_dn_0: 1.0833 (1.0906)  loss_ddf_dn_0: 0.1751 (0.1791)  loss_mal_dn_1: 0.4106 (0.4215)  loss_bbox_dn_1: 0.0102 (0.0107)  loss_giou_dn_1: 0.1466 (0.1548)  loss_fgl_dn_1: 0.8919 (0.9297)  loss_ddf_dn_1: 0.0070 (0.0067)  loss_mal_dn_2: 0.4054 (0.4187)  loss_bbox_dn_2: 0.0103 (0.0107)  loss_giou_dn_2: 0.1472 (0.1543)  loss_fgl_dn_2: 0.8968 (0.9284)  loss_ddf_dn_2: -0.0000 (0.0000)  loss_mal_dn_pre: 0.5553 (0.5540)  loss_bbox_dn_pre: 0.0160 (0.0157)  loss_giou_dn_pre: 0.2164 (0.2220)  time: 0.5818  data: 0.0367  max mem: 5225
Epoch: [29/30]  [20/44]  eta: 0:00:13  lr: 0.000010  loss: 11.2661 (11.6878)  loss_mal: 0.3748 (0.3941)  loss_bbox: 0.0087 (0.0100)  loss_giou: 0.1294 (0.1436)  loss_fgl: 0.8523 (0.9011)  loss_mal_aux_0: 0.4595 (0.4698)  loss_bbox_aux_0: 0.0104 (0.0113)  loss_giou_aux_0: 0.1452 (0.1622)  loss_fgl_aux_0: 0.9197 (0.9544)  loss_ddf_aux_0: 0.0394 (0.0402)  loss_mal_aux_1: 0.3926 (0.4032)  loss_bbox_aux_1: 0.0088 (0.0100)  loss_giou_aux_1: 0.1307 (0.1441)  loss_fgl_aux_1: 0.8535 (0.9019)  loss_ddf_aux_1: 0.0011 (0.0012)  loss_mal_pre: 0.4606 (0.4708)  loss_bbox_pre: 0.0104 (0.0113)  loss_giou_pre: 0.1440 (0.1626)  loss_mal_enc_0: 0.5938 (0.6007)  loss_bbox_enc_0: 0.0151 (0.0159)  loss_giou_enc_0: 0.2093 (0.2226)  loss_mal_dn_0: 0.5198 (0.5314)  loss_bbox_dn_0: 0.0142 (0.0149)  loss_giou_dn_0: 0.2008 (0.2110)  loss_fgl_dn_0: 1.0531 (1.0644)  loss_ddf_dn_0: 0.1786 (0.1830)  loss_mal_dn_1: 0.3779 (0.3999)  loss_bbox_dn_1: 0.0092 (0.0098)  loss_giou_dn_1: 0.1274 (0.1420)  loss_fgl_dn_1: 0.8589 (0.8922)  loss_ddf_dn_1: 0.0070 (0.0067)  loss_mal_dn_2: 0.3727 (0.3955)  loss_bbox_dn_2: 0.0090 (0.0097)  loss_giou_dn_2: 0.1262 (0.1409)  loss_fgl_dn_2: 0.8537 (0.8889)  loss_ddf_dn_2: -0.0000 (0.0000)  loss_mal_dn_pre: 0.5305 (0.5408)  loss_bbox_dn_pre: 0.0143 (0.0149)  loss_giou_dn_pre: 0.2008 (0.2110)  time: 0.5389  data: 0.0154  max mem: 5225
Epoch: [29/30]  [30/44]  eta: 0:00:07  lr: 0.000010  loss: 11.0379 (11.6783)  loss_mal: 0.3750 (0.3964)  loss_bbox: 0.0090 (0.0101)  loss_giou: 0.1238 (0.1435)  loss_fgl: 0.8505 (0.9005)  loss_mal_aux_0: 0.4348 (0.4654)  loss_bbox_aux_0: 0.0104 (0.0115)  loss_giou_aux_0: 0.1452 (0.1623)  loss_fgl_aux_0: 0.9036 (0.9505)  loss_ddf_aux_0: 0.0409 (0.0402)  loss_mal_aux_1: 0.3833 (0.4043)  loss_bbox_aux_1: 0.0090 (0.0101)  loss_giou_aux_1: 0.1243 (0.1440)  loss_fgl_aux_1: 0.8535 (0.9012)  loss_ddf_aux_1: 0.0012 (0.0012)  loss_mal_pre: 0.4342 (0.4664)  loss_bbox_pre: 0.0104 (0.0115)  loss_giou_pre: 0.1450 (0.1627)  loss_mal_enc_0: 0.5622 (0.5935)  loss_bbox_enc_0: 0.0145 (0.0158)  loss_giou_enc_0: 0.2026 (0.2191)  loss_mal_dn_0: 0.5198 (0.5336)  loss_bbox_dn_0: 0.0141 (0.0151)  loss_giou_dn_0: 0.1948 (0.2114)  loss_fgl_dn_0: 1.0251 (1.0654)  loss_ddf_dn_0: 0.1866 (0.1834)  loss_mal_dn_1: 0.3747 (0.4011)  loss_bbox_dn_1: 0.0092 (0.0100)  loss_giou_dn_1: 0.1252 (0.1426)  loss_fgl_dn_1: 0.8514 (0.8920)  loss_ddf_dn_1: 0.0067 (0.0068)  loss_mal_dn_2: 0.3700 (0.3967)  loss_bbox_dn_2: 0.0091 (0.0099)  loss_giou_dn_2: 0.1243 (0.1414)  loss_fgl_dn_2: 0.8477 (0.8889)  loss_ddf_dn_2: -0.0000 (0.0000)  loss_mal_dn_pre: 0.5304 (0.5429)  loss_bbox_dn_pre: 0.0141 (0.0151)  loss_giou_dn_pre: 0.1954 (0.2116)  time: 0.5220  data: 0.0153  max mem: 5225
Epoch: [29/30]  [40/44]  eta: 0:00:02  lr: 0.000010  loss: 11.2272 (11.6524)  loss_mal: 0.3862 (0.3940)  loss_bbox: 0.0091 (0.0099)  loss_giou: 0.1314 (0.1424)  loss_fgl: 0.8710 (0.8996)  loss_mal_aux_0: 0.4444 (0.4655)  loss_bbox_aux_0: 0.0109 (0.0114)  loss_giou_aux_0: 0.1498 (0.1624)  loss_fgl_aux_0: 0.9166 (0.9534)  loss_ddf_aux_0: 0.0418 (0.0411)  loss_mal_aux_1: 0.3919 (0.4016)  loss_bbox_aux_1: 0.0092 (0.0099)  loss_giou_aux_1: 0.1325 (0.1430)  loss_fgl_aux_1: 0.8746 (0.9006)  loss_ddf_aux_1: 0.0013 (0.0012)  loss_mal_pre: 0.4448 (0.4665)  loss_bbox_pre: 0.0110 (0.0114)  loss_giou_pre: 0.1504 (0.1629)  loss_mal_enc_0: 0.5713 (0.5937)  loss_bbox_enc_0: 0.0149 (0.0157)  loss_giou_enc_0: 0.2064 (0.2195)  loss_mal_dn_0: 0.5205 (0.5319)  loss_bbox_dn_0: 0.0139 (0.0149)  loss_giou_dn_0: 0.1948 (0.2096)  loss_fgl_dn_0: 1.0365 (1.0629)  loss_ddf_dn_0: 0.1846 (0.1833)  loss_mal_dn_1: 0.3880 (0.3997)  loss_bbox_dn_1: 0.0094 (0.0098)  loss_giou_dn_1: 0.1352 (0.1416)  loss_fgl_dn_1: 0.8627 (0.8894)  loss_ddf_dn_1: 0.0063 (0.0067)  loss_mal_dn_2: 0.3764 (0.3950)  loss_bbox_dn_2: 0.0093 (0.0097)  loss_giou_dn_2: 0.1313 (0.1403)  loss_fgl_dn_2: 0.8591 (0.8860)  loss_ddf_dn_2: -0.0000 (0.0000)  loss_mal_dn_pre: 0.5304 (0.5413)  loss_bbox_dn_pre: 0.0139 (0.0149)  loss_giou_dn_pre: 0.1954 (0.2097)  time: 0.5306  data: 0.0157  max mem: 5225
Epoch: [29/30]  [43/44]  eta: 0:00:00  lr: 0.000010  loss: 11.2272 (11.6419)  loss_mal: 0.3862 (0.3927)  loss_bbox: 0.0090 (0.0098)  loss_giou: 0.1312 (0.1416)  loss_fgl: 0.8710 (0.8991)  loss_mal_aux_0: 0.4546 (0.4652)  loss_bbox_aux_0: 0.0104 (0.0113)  loss_giou_aux_0: 0.1499 (0.1619)  loss_fgl_aux_0: 0.9371 (0.9523)  loss_ddf_aux_0: 0.0419 (0.0415)  loss_mal_aux_1: 0.3919 (0.4006)  loss_bbox_aux_1: 0.0090 (0.0099)  loss_giou_aux_1: 0.1316 (0.1421)  loss_fgl_aux_1: 0.8751 (0.9001)  loss_ddf_aux_1: 0.0013 (0.0012)  loss_mal_pre: 0.4563 (0.4664)  loss_bbox_pre: 0.0104 (0.0114)  loss_giou_pre: 0.1504 (0.1625)  loss_mal_enc_0: 0.5895 (0.5963)  loss_bbox_enc_0: 0.0147 (0.0158)  loss_giou_enc_0: 0.2068 (0.2203)  loss_mal_dn_0: 0.5186 (0.5311)  loss_bbox_dn_0: 0.0137 (0.0149)  loss_giou_dn_0: 0.1933 (0.2091)  loss_fgl_dn_0: 1.0332 (1.0624)  loss_ddf_dn_0: 0.1831 (0.1836)  loss_mal_dn_1: 0.3880 (0.3987)  loss_bbox_dn_1: 0.0089 (0.0098)  loss_giou_dn_1: 0.1352 (0.1412)  loss_fgl_dn_1: 0.8630 (0.8889)  loss_ddf_dn_1: 0.0061 (0.0068)  loss_mal_dn_2: 0.3764 (0.3940)  loss_bbox_dn_2: 0.0089 (0.0097)  loss_giou_dn_2: 0.1313 (0.1399)  loss_fgl_dn_2: 0.8591 (0.8853)  loss_ddf_dn_2: -0.0000 (0.0000)  loss_mal_dn_pre: 0.5268 (0.5405)  loss_bbox_dn_pre: 0.0138 (0.0148)  loss_giou_dn_pre: 0.1941 (0.2092)  time: 0.5335  data: 0.0157  max mem: 5225
Epoch: [29/30] Total time: 0:00:23 (0.5425 s / it)
Averaged stats: lr: 0.000010  loss: 11.2272 (11.6419)  loss_mal: 0.3862 (0.3927)  loss_bbox: 0.0090 (0.0098)  loss_giou: 0.1312 (0.1416)  loss_fgl: 0.8710 (0.8991)  loss_mal_aux_0: 0.4546 (0.4652)  loss_bbox_aux_0: 0.0104 (0.0113)  loss_giou_aux_0: 0.1499 (0.1619)  loss_fgl_aux_0: 0.9371 (0.9523)  loss_ddf_aux_0: 0.0419 (0.0415)  loss_mal_aux_1: 0.3919 (0.4006)  loss_bbox_aux_1: 0.0090 (0.0099)  loss_giou_aux_1: 0.1316 (0.1421)  loss_fgl_aux_1: 0.8751 (0.9001)  loss_ddf_aux_1: 0.0013 (0.0012)  loss_mal_pre: 0.4563 (0.4664)  loss_bbox_pre: 0.0104 (0.0114)  loss_giou_pre: 0.1504 (0.1625)  loss_mal_enc_0: 0.5895 (0.5963)  loss_bbox_enc_0: 0.0147 (0.0158)  loss_giou_enc_0: 0.2068 (0.2203)  loss_mal_dn_0: 0.5186 (0.5311)  loss_bbox_dn_0: 0.0137 (0.0149)  loss_giou_dn_0: 0.1933 (0.2091)  loss_fgl_dn_0: 1.0332 (1.0624)  loss_ddf_dn_0: 0.1831 (0.1836)  loss_mal_dn_1: 0.3880 (0.3987)  loss_bbox_dn_1: 0.0089 (0.0098)  loss_giou_dn_1: 0.1352 (0.1412)  loss_fgl_dn_1: 0.8630 (0.8889)  loss_ddf_dn_1: 0.0061 (0.0068)  loss_mal_dn_2: 0.3764 (0.3940)  loss_bbox_dn_2: 0.0089 (0.0097)  loss_giou_dn_2: 0.1313 (0.1399)  loss_fgl_dn_2: 0.8591 (0.8853)  loss_ddf_dn_2: -0.0000 (0.0000)  loss_mal_dn_pre: 0.5268 (0.5405)  loss_bbox_dn_pre: 0.0138 (0.0148)  loss_giou_dn_pre: 0.1941 (0.2092)
Test:  [0/9]  eta: 0:00:03    time: 0.3967  data: 0.2608  max mem: 5225
Test:  [8/9]  eta: 0:00:00    time: 0.1504  data: 0.0432  max mem: 5225
Test: Total time: 0:00:01 (0.1545 s / it)
Metrics: {'f1': 0.975609756097561, 'precision': 0.9790209790209791, 'recall': 0.9722222222222222, 'iou': 0.6715301327964887, 'TPs': 140, 'FPs': 3, 'FNs': 4}
Averaged stats: 
Accumulating evaluation results...
COCOeval_opt.accumulate() finished...
DONE (t=0.01s).
IoU metric: bbox
 Average Precision  (AP) @[ IoU=0.50:0.95 | area=   all | maxDets=100 ] = 0.375
 Average Precision  (AP) @[ IoU=0.50      | area=   all | maxDets=100 ] = 0.963
 Average Precision  (AP) @[ IoU=0.75      | area=   all | maxDets=100 ] = 0.154
 Average Precision  (AP) @[ IoU=0.50:0.95 | area= small | maxDets=100 ] = 0.375
 Average Precision  (AP) @[ IoU=0.50:0.95 | area=medium | maxDets=100 ] = -1.000
 Average Precision  (AP) @[ IoU=0.50:0.95 | area= large | maxDets=100 ] = -1.000
 Average Recall     (AR) @[ IoU=0.50:0.95 | area=   all | maxDets=  1 ] = 0.210
 Average Recall     (AR) @[ IoU=0.50:0.95 | area=   all | maxDets= 10 ] = 0.480
 Average Recall     (AR) @[ IoU=0.50:0.95 | area=   all | maxDets=100 ] = 0.574
 Average Recall     (AR) @[ IoU=0.50:0.95 | area= small | maxDets=100 ] = 0.574
 Average Recall     (AR) @[ IoU=0.50:0.95 | area=medium | maxDets=100 ] = -1.000
 Average Recall     (AR) @[ IoU=0.50:0.95 | area= large | maxDets=100 ] = -1.000
 Average Recall     (AR) @[ IoU=0.50      | area=   all | maxDets=100 ] = 0.993
 Average Recall     (AR) @[ IoU=0.75      | area=   all | maxDets=100 ] = 0.597
best_stat: {'epoch': 7, 'coco_eval_bbox': 0.3864993927202564}
Training time 0:13:01
