Not init distributed mode.
cfg: 
{'_collate_fn': None,
 '_criterion': None,
 '_ema': None,
 '_evaluator': None,
 '_lr_scheduler': None,
 '_lr_warmup_scheduler': None,
 '_model': None,
 '_optimizer': None,
 '_postprocessor': None,
 '_scaler': None,
 '_train_batch_size': None,
 '_train_dataloader': None,
 '_train_dataset': None,
 '_train_shuffle': None,
 '_val_batch_size': None,
 '_val_dataloader': None,
 '_val_dataset': None,
 '_val_shuffle': None,
 '_writer': None,
 'batch_size': None,
 'checkpoint_freq': 30,
 'clip_max_norm': 0.1,
 'device': 'cuda:0',
 'ema_decay': 0.9999,
 'ema_warmups': 2000,
 'epochs': 30,
 'find_unused_parameters': False,
 'last_epoch': -1,
 'num_workers': 0,
 'output_dir': '/home/viplab/contest/experiments/kamp_v2_ambiguity/runs/fgl05_seed20260929',
 'print_freq': 10,
 'resume': None,
 'seed': 20260929,
 'summary_dir': None,
 'sync_bn': False,
 'task': 'detection',
 'tuning': '/home/viplab/contest/experiments/kamp_pilot_v1/dfine_s_init.pth',
 'use_amp': False,
 'use_ema': True,
 'yaml_cfg': {'DFINE': {'backbone': 'HGNetv2',
                        'decoder': 'DFINETransformer',
                        'encoder': 'HybridEncoder'},
              'DFINECriterion': {'alpha': 0.75,
                                 'gamma': 2.0,
                                 'losses': ['vfl', 'boxes', 'local'],
                                 'matcher': {'alpha': 0.25,
                                             'gamma': 2.0,
                                             'type': 'HungarianMatcher',
                                             'weight_dict': {'cost_bbox': 5,
                                                             'cost_class': 2,
                                                             'cost_giou': 2}},
                                 'reg_max': 32,
                                 'weight_dict': {'loss_bbox': 5,
                                                 'loss_ddf': 1.5,
                                                 'loss_fgl': 0.15,
                                                 'loss_giou': 2,
                                                 'loss_vfl': 1}},
              'DFINEPostProcessor': {'num_top_queries': 300},
              'DFINETransformer': {'box_noise_scale': 1.0,
                                   'cross_attn_method': 'default',
                                   'eval_idx': -1,
                                   'feat_channels': [256, 256, 256],
                                   'feat_strides': [8, 16, 32],
                                   'hidden_dim': 256,
                                   'label_noise_ratio': 0.5,
                                   'layer_scale': 1,
                                   'num_denoising': 100,
                                   'num_layers': 3,
                                   'num_levels': 3,
                                   'num_points': [3, 6, 3],
                                   'num_queries': 300,
                                   'query_select_method': 'default',
                                   'reg_max': 32,
                                   'reg_scale': 4},
              'HGNetv2': {'freeze_at': -1,
                          'freeze_norm': False,
                          'local_model_dir': 'weight/hgnetv2/',
                          'name': 'B0',
                          'pretrained': False,
                          'return_idx': [1, 2, 3],
                          'use_lab': True},
              'HybridEncoder': {'act': 'silu',
                                'depth_mult': 0.34,
                                'dim_feedforward': 1024,
                                'dropout': 0.0,
                                'enc_act': 'gelu',
                                'expansion': 0.5,
                                'feat_strides': [8, 16, 32],
                                'hidden_dim': 256,
                                'in_channels': [256, 512, 1024],
                                'nhead': 8,
                                'num_encoder_layers': 1,
                                'use_encoder_idx': [2]},
              '__include__': ['/home/viplab/contest/models/D-FINE/configs/dfine/dfine_hgnetv2_s_coco.yml'],
              'checkpoint_freq': 30,
              'clip_max_norm': 0.1,
              'config': '/home/viplab/contest/experiments/kamp_v2_ambiguity/configs/fgl05_seed20260929.yml',
              'criterion': 'DFINECriterion',
              'device': 'cuda:0',
              'ema': {'decay': 0.9999,
                      'start': 0,
                      'type': 'ModelEMA',
                      'warmups': 100},
              'epochs': 30,
              'eval_spatial_size': [640, 640],
              'evaluator': {'iou_types': ['bbox'], 'type': 'CocoEvaluator'},
              'exp_name': 'baseline',
              'find_unused_parameters': False,
              'lr_scheduler': {'gamma': 0.1,
                               'milestones': [24],
                               'type': 'MultiStepLR'},
              'lr_warmup_scheduler': {'type': 'LinearWarmup',
                                      'warmup_duration': 45},
              'model': 'DFINE',
              'num_classes': 1,
              'optimizer': {'betas': [0.9, 0.999],
                            'lr': 0.0002,
                            'params': [{'lr': 0.0001,
                                        'params': '^(?=.*backbone)(?!.*norm|bn).*$'},
                                       {'lr': 0.0001,
                                        'params': '^(?=.*backbone)(?=.*norm|bn).*$',
                                        'weight_decay': 0.0},
                                       {'params': '^(?=.*(?:encoder|decoder))(?=.*(?:norm|bn|bias)).*$',
                                        'weight_decay': 0.0}],
                            'type': 'AdamW',
                            'weight_decay': 0.0001},
              'output_dir': '/home/viplab/contest/experiments/kamp_v2_ambiguity/runs/fgl05_seed20260929',
              'postprocessor': 'DFINEPostProcessor',
              'print_freq': 10,
              'print_method': 'builtin',
              'print_rank': 0,
              'project_name': 'D-FINE',
              'remap_mscoco_category': False,
              'scaler': {'enabled': True, 'type': 'GradScaler'},
              'seed': 20260929,
              'sync_bn': False,
              'task': 'detection',
              'test_only': False,
              'train_dataloader': {'collate_fn': {'base_size': 640,
                                                  'base_size_repeat': None,
                                                  'ema_restart_decay': 0.9999,
                                                  'stop_epoch': 1000,
                                                  'type': 'BatchImageCollateFunction'},
                                   'dataset': {'ann_file': '/home/viplab/contest/experiments/kamp_v2_baselines/data640/annotations/train.json',
                                               'img_folder': '/home/viplab/contest/experiments/kamp_v2_baselines/data640/images/train',
                                               'return_masks': False,
                                               'transforms': {'ops': [{'dtype': 'float32',
                                                                       'scale': True,
                                                                       'type': 'ConvertPILImage'},
                                                                      {'fmt': 'cxcywh',
                                                                       'normalize': True,
                                                                       'type': 'ConvertBoxes'}],
                                                              'policy': {'epoch': 1000,
                                                                         'name': 'stop_epoch',
                                                                         'ops': ['RandomPhotometricDistort',
                                                                                 'RandomZoomOut',
                                                                                 'RandomIoUCrop']},
                                                              'type': 'Compose'},
                                               'type': 'CocoDetection'},
                                   'drop_last': False,
                                   'num_workers': 2,
                                   'shuffle': True,
                                   'total_batch_size': 8,
                                   'type': 'DataLoader'},
              'tuning': '/home/viplab/contest/experiments/kamp_pilot_v1/dfine_s_init.pth',
              'use_amp': False,
              'use_ema': True,
              'use_focal_loss': True,
              'use_wandb': False,
              'val_dataloader': {'collate_fn': {'type': 'BatchImageCollateFunction'},
                                 'dataset': {'ann_file': '/home/viplab/contest/experiments/kamp_v2_baselines/data640/annotations/val.json',
                                             'img_folder': '/home/viplab/contest/experiments/kamp_v2_baselines/data640/images/val',
                                             'return_masks': False,
                                             'transforms': {'ops': [{'dtype': 'float32',
                                                                     'scale': True,
                                                                     'type': 'ConvertPILImage'}],
                                                            'type': 'Compose'},
                                             'type': 'CocoDetection'},
                                 'drop_last': False,
                                 'num_workers': 2,
                                 'shuffle': False,
                                 'total_batch_size': 8,
                                 'type': 'DataLoader'}}}
Tuning checkpoint from /home/viplab/contest/experiments/kamp_pilot_v1/dfine_s_init.pth
Load model.state_dict, {'missed': [], 'unmatched': []}
Initial lr: [0.0001, 0.0001, 0.0002, 0.0002]
building train_dataloader with batch_size=8...
building val_dataloader with batch_size=8...

------------------------------------- Calculate Flops Results -------------------------------------
Notations:
number of parameters (Params), number of multiply-accumulate operations(MACs),
number of floating-point operations (FLOPs), floating-point operations per second (FLOPS),
fwd FLOPs (model forward propagation FLOPs), bwd FLOPs (model backward propagation FLOPs),
default model backpropagation takes 2.00 times as much computation as forward propagation.

Total Training Params:                                                  10.18 M 
fwd MACs:                                                               12.3563 GMACs
fwd FLOPs:                                                              24.8195 GFLOPS
fwd+bwd MACs:                                                           37.069 GMACs
fwd+bwd FLOPs:                                                          74.4584 GFLOPS
---------------------------------------------------------------------------------------------------
{'Model FLOPs:24.8195 GFLOPS   MACs:12.3563 GMACs   Params:10176661'}
------------------------------------------Start training-------------------------------------------
/home/viplab/contest/models/D-FINE/src/solver/det_engine.py:125: UserWarning: Converting a tensor with requires_grad=True to a scalar may lead to unexpected behavior.
Consider using tensor.detach() first. (Triggered internally at /pytorch/torch/csrc/autograd/generated/python_variable_methods.cpp:836.)
  if not math.isfinite(loss_value):
Epoch: [0/30]  [ 0/44]  eta: 0:01:04  lr: 0.000004  loss: 32.7541 (32.7541)  loss_mal: 0.1108 (0.1108)  loss_bbox: 1.4887 (1.4887)  loss_giou: 2.5290 (2.5290)  loss_fgl: 0.1106 (0.1106)  loss_mal_aux_0: 0.1570 (0.1570)  loss_bbox_aux_0: 1.4700 (1.4700)  loss_giou_aux_0: 2.5260 (2.5260)  loss_fgl_aux_0: 0.1210 (0.1210)  loss_ddf_aux_0: 0.0337 (0.0337)  loss_mal_aux_1: 0.1077 (0.1077)  loss_bbox_aux_1: 1.5361 (1.5361)  loss_giou_aux_1: 2.5087 (2.5087)  loss_fgl_aux_1: 0.1093 (0.1093)  loss_ddf_aux_1: 0.0025 (0.0025)  loss_mal_pre: 0.1567 (0.1567)  loss_bbox_pre: 1.4781 (1.4781)  loss_giou_pre: 2.5503 (2.5503)  loss_mal_enc_0: 0.1276 (0.1276)  loss_bbox_enc_0: 1.3731 (1.3731)  loss_giou_enc_0: 2.6825 (2.6825)  loss_mal_dn_0: 0.3554 (0.3554)  loss_bbox_dn_0: 0.4479 (0.4479)  loss_giou_dn_0: 1.6171 (1.6171)  loss_fgl_dn_0: 0.5740 (0.5740)  loss_ddf_dn_0: 0.1362 (0.1362)  loss_mal_dn_1: 0.6230 (0.6230)  loss_bbox_dn_1: 0.2762 (0.2762)  loss_giou_dn_1: 1.4067 (1.4067)  loss_fgl_dn_1: 0.7084 (0.7084)  loss_ddf_dn_1: 0.0068 (0.0068)  loss_mal_dn_2: 0.6514 (0.6514)  loss_bbox_dn_2: 0.2632 (0.2632)  loss_giou_dn_2: 1.3797 (1.3797)  loss_fgl_dn_2: 0.7134 (0.7134)  loss_ddf_dn_2: -0.0000 (0.0000)  loss_mal_dn_pre: 0.3540 (0.3540)  loss_bbox_dn_pre: 0.4449 (0.4449)  loss_giou_dn_pre: 1.6164 (1.6164)  time: 1.4593  data: 0.2457  max mem: 5074
Epoch: [0/30]  [10/44]  eta: 0:00:21  lr: 0.000027  loss: 32.7541 (32.6077)  loss_mal: 0.1108 (0.1033)  loss_bbox: 1.4691 (1.4255)  loss_giou: 2.5290 (2.5827)  loss_fgl: 0.1106 (0.1294)  loss_mal_aux_0: 0.1130 (0.1123)  loss_bbox_aux_0: 1.4700 (1.4227)  loss_giou_aux_0: 2.5264 (2.6073)  loss_fgl_aux_0: 0.1164 (0.1264)  loss_ddf_aux_0: 0.0271 (0.0247)  loss_mal_aux_1: 0.1077 (0.0998)  loss_bbox_aux_1: 1.4805 (1.4493)  loss_giou_aux_1: 2.5241 (2.5837)  loss_fgl_aux_1: 0.1093 (0.1265)  loss_ddf_aux_1: 0.0019 (0.0019)  loss_mal_pre: 0.1107 (0.1124)  loss_bbox_pre: 1.4781 (1.4165)  loss_giou_pre: 2.5503 (2.6188)  loss_mal_enc_0: 0.0916 (0.0959)  loss_bbox_enc_0: 1.3947 (1.4222)  loss_giou_enc_0: 2.6825 (2.6798)  loss_mal_dn_0: 0.4079 (0.4423)  loss_bbox_dn_0: 0.3299 (0.3273)  loss_giou_dn_0: 1.5238 (1.5096)  loss_fgl_dn_0: 0.6358 (0.6473)  loss_ddf_dn_0: 0.1579 (0.1504)  loss_mal_dn_1: 0.7693 (0.8240)  loss_bbox_dn_1: 0.2052 (0.1922)  loss_giou_dn_1: 1.2473 (1.2648)  loss_fgl_dn_1: 0.8090 (0.7843)  loss_ddf_dn_1: 0.0064 (0.0066)  loss_mal_dn_2: 0.8117 (0.8311)  loss_bbox_dn_2: 0.1953 (0.1829)  loss_giou_dn_2: 1.2035 (1.2359)  loss_fgl_dn_2: 0.8185 (0.7937)  loss_ddf_dn_2: -0.0000 (0.0000)  loss_mal_dn_pre: 0.4078 (0.4401)  loss_bbox_dn_pre: 0.3250 (0.3252)  loss_giou_dn_pre: 1.5219 (1.5088)  time: 0.6285  data: 0.0390  max mem: 5213
Epoch: [0/30]  [20/44]  eta: 0:00:14  lr: 0.000049  loss: 32.4589 (32.4116)  loss_mal: 0.1394 (0.1610)  loss_bbox: 1.2459 (1.2497)  loss_giou: 2.5479 (2.5634)  loss_fgl: 0.1438 (0.1616)  loss_mal_aux_0: 0.1465 (0.1573)  loss_bbox_aux_0: 1.3030 (1.2784)  loss_giou_aux_0: 2.5819 (2.5774)  loss_fgl_aux_0: 0.1345 (0.1568)  loss_ddf_aux_0: 0.0257 (0.0256)  loss_mal_aux_1: 0.1465 (0.1596)  loss_bbox_aux_1: 1.2764 (1.2796)  loss_giou_aux_1: 2.5424 (2.5614)  loss_fgl_aux_1: 0.1458 (0.1584)  loss_ddf_aux_1: 0.0022 (0.0023)  loss_mal_pre: 0.1435 (0.1553)  loss_bbox_pre: 1.3164 (1.2792)  loss_giou_pre: 2.5511 (2.5822)  loss_mal_enc_0: 0.0993 (0.1237)  loss_bbox_enc_0: 1.3886 (1.3328)  loss_giou_enc_0: 2.6207 (2.6255)  loss_mal_dn_0: 0.6225 (0.6985)  loss_bbox_dn_0: 0.2384 (0.2474)  loss_giou_dn_0: 1.3720 (1.3617)  loss_fgl_dn_0: 0.7351 (0.7662)  loss_ddf_dn_0: 0.1609 (0.1653)  loss_mal_dn_1: 1.0990 (0.9882)  loss_bbox_dn_1: 0.1093 (0.1474)  loss_giou_dn_1: 1.1144 (1.1812)  loss_fgl_dn_1: 0.8577 (0.8474)  loss_ddf_dn_1: 0.0074 (0.0078)  loss_mal_dn_2: 1.0527 (0.9583)  loss_bbox_dn_2: 0.1058 (0.1415)  loss_giou_dn_2: 1.0954 (1.1552)  loss_fgl_dn_2: 0.8693 (0.8550)  loss_ddf_dn_2: -0.0000 (0.0000)  loss_mal_dn_pre: 0.6020 (0.6848)  loss_bbox_dn_pre: 0.2413 (0.2487)  loss_giou_dn_pre: 1.3719 (1.3658)  time: 0.5572  data: 0.0170  max mem: 5213
Epoch: [0/30]  [30/44]  eta: 0:00:08  lr: 0.000071  loss: 32.4113 (32.3972)  loss_mal: 0.2316 (0.1762)  loss_bbox: 0.9447 (1.1276)  loss_giou: 2.5479 (2.5611)  loss_fgl: 0.2050 (0.1769)  loss_mal_aux_0: 0.1741 (0.1780)  loss_bbox_aux_0: 1.0269 (1.1769)  loss_giou_aux_0: 2.5819 (2.5787)  loss_fgl_aux_0: 0.1774 (0.1669)  loss_ddf_aux_0: 0.0272 (0.0283)  loss_mal_aux_1: 0.2363 (0.1804)  loss_bbox_aux_1: 0.9858 (1.1606)  loss_giou_aux_1: 2.5424 (2.5606)  loss_fgl_aux_1: 0.2002 (0.1733)  loss_ddf_aux_1: 0.0031 (0.0027)  loss_mal_pre: 0.1704 (0.1764)  loss_bbox_pre: 1.0411 (1.1916)  loss_giou_pre: 2.5539 (2.5814)  loss_mal_enc_0: 0.1314 (0.1465)  loss_bbox_enc_0: 1.2509 (1.3256)  loss_giou_enc_0: 2.5712 (2.6078)  loss_mal_dn_0: 1.1588 (0.8646)  loss_bbox_dn_0: 0.1058 (0.1990)  loss_giou_dn_0: 1.0966 (1.2715)  loss_fgl_dn_0: 0.9837 (0.8424)  loss_ddf_dn_0: 0.1600 (0.1549)  loss_mal_dn_1: 1.2942 (1.1358)  loss_bbox_dn_1: 0.0844 (0.1258)  loss_giou_dn_1: 1.0072 (1.0976)  loss_fgl_dn_1: 0.9964 (0.9206)  loss_ddf_dn_1: 0.0070 (0.0073)  loss_mal_dn_2: 1.1531 (1.0455)  loss_bbox_dn_2: 0.0837 (0.1215)  loss_giou_dn_2: 1.0111 (1.0791)  loss_fgl_dn_2: 0.9795 (0.9250)  loss_ddf_dn_2: -0.0000 (0.0000)  loss_mal_dn_pre: 1.1374 (0.8569)  loss_bbox_dn_pre: 0.1097 (0.1999)  loss_giou_dn_pre: 1.0953 (1.2724)  time: 0.5703  data: 0.0155  max mem: 5213
Epoch: [0/30]  [40/44]  eta: 0:00:02  lr: 0.000093  loss: 29.9006 (31.5268)  loss_mal: 0.3126 (0.2779)  loss_bbox: 0.5972 (0.9386)  loss_giou: 2.1472 (2.3280)  loss_fgl: 0.3974 (0.2978)  loss_mal_aux_0: 0.3288 (0.2996)  loss_bbox_aux_0: 0.6283 (0.9867)  loss_giou_aux_0: 2.2304 (2.3811)  loss_fgl_aux_0: 0.3027 (0.2663)  loss_ddf_aux_0: 0.0433 (0.0456)  loss_mal_aux_1: 0.3114 (0.3108)  loss_bbox_aux_1: 0.6085 (0.9678)  loss_giou_aux_1: 2.1802 (2.3418)  loss_fgl_aux_1: 0.3554 (0.2865)  loss_ddf_aux_1: 0.0047 (0.0047)  loss_mal_pre: 0.3229 (0.2945)  loss_bbox_pre: 0.6762 (1.0059)  loss_giou_pre: 2.2399 (2.3817)  loss_mal_enc_0: 0.1822 (0.2188)  loss_bbox_enc_0: 0.8934 (1.1871)  loss_giou_enc_0: 2.2230 (2.4516)  loss_mal_dn_0: 1.2040 (0.9492)  loss_bbox_dn_0: 0.0949 (0.1736)  loss_giou_dn_0: 1.0662 (1.2167)  loss_fgl_dn_0: 1.0128 (0.8895)  loss_ddf_dn_0: 0.1734 (0.1823)  loss_mal_dn_1: 1.4484 (1.2172)  loss_bbox_dn_1: 0.0762 (0.1131)  loss_giou_dn_1: 0.8421 (1.0235)  loss_fgl_dn_1: 1.1116 (0.9737)  loss_ddf_dn_1: 0.0076 (0.0084)  loss_mal_dn_2: 1.1843 (1.0772)  loss_bbox_dn_2: 0.0744 (0.1095)  loss_giou_dn_2: 0.8191 (1.0069)  loss_fgl_dn_2: 1.1138 (0.9780)  loss_ddf_dn_2: -0.0000 (0.0000)  loss_mal_dn_pre: 1.2052 (0.9452)  loss_bbox_dn_pre: 0.0942 (0.1741)  loss_giou_dn_pre: 1.0656 (1.2159)  time: 0.5595  data: 0.0154  max mem: 5224
Epoch: [0/30]  [43/44]  eta: 0:00:00  lr: 0.000100  loss: 28.8037 (31.3095)  loss_mal: 0.4292 (0.3122)  loss_bbox: 0.3924 (0.8890)  loss_giou: 1.7507 (2.2539)  loss_fgl: 0.5978 (0.3319)  loss_mal_aux_0: 0.5723 (0.3378)  loss_bbox_aux_0: 0.4490 (0.9385)  loss_giou_aux_0: 1.9187 (2.3234)  loss_fgl_aux_0: 0.4618 (0.2931)  loss_ddf_aux_0: 0.0727 (0.0524)  loss_mal_aux_1: 0.4611 (0.3580)  loss_bbox_aux_1: 0.4167 (0.9180)  loss_giou_aux_1: 1.8141 (2.2703)  loss_fgl_aux_1: 0.5469 (0.3199)  loss_ddf_aux_1: 0.0090 (0.0054)  loss_mal_pre: 0.5480 (0.3319)  loss_bbox_pre: 0.4923 (0.9579)  loss_giou_pre: 1.9187 (2.3226)  loss_mal_enc_0: 0.4402 (0.2524)  loss_bbox_enc_0: 0.8471 (1.1461)  loss_giou_enc_0: 2.0675 (2.4075)  loss_mal_dn_0: 1.2376 (0.9794)  loss_bbox_dn_0: 0.0930 (0.1673)  loss_giou_dn_0: 1.0472 (1.1951)  loss_fgl_dn_0: 1.0200 (0.9057)  loss_ddf_dn_0: 0.2371 (0.2056)  loss_mal_dn_1: 1.4531 (1.2287)  loss_bbox_dn_1: 0.0720 (0.1094)  loss_giou_dn_1: 0.8138 (1.0017)  loss_fgl_dn_1: 1.1185 (0.9882)  loss_ddf_dn_1: 0.0106 (0.0087)  loss_mal_dn_2: 1.1843 (1.0753)  loss_bbox_dn_2: 0.0709 (0.1060)  loss_giou_dn_2: 0.8116 (0.9861)  loss_fgl_dn_2: 1.1181 (0.9925)  loss_ddf_dn_2: -0.0000 (0.0000)  loss_mal_dn_pre: 1.2449 (0.9762)  loss_bbox_dn_pre: 0.0916 (0.1677)  loss_giou_dn_pre: 1.0389 (1.1938)  time: 0.5609  data: 0.0152  max mem: 5224
Epoch: [0/30] Total time: 0:00:25 (0.5815 s / it)
Averaged stats: lr: 0.000100  loss: 28.8037 (31.3095)  loss_mal: 0.4292 (0.3122)  loss_bbox: 0.3924 (0.8890)  loss_giou: 1.7507 (2.2539)  loss_fgl: 0.5978 (0.3319)  loss_mal_aux_0: 0.5723 (0.3378)  loss_bbox_aux_0: 0.4490 (0.9385)  loss_giou_aux_0: 1.9187 (2.3234)  loss_fgl_aux_0: 0.4618 (0.2931)  loss_ddf_aux_0: 0.0727 (0.0524)  loss_mal_aux_1: 0.4611 (0.3580)  loss_bbox_aux_1: 0.4167 (0.9180)  loss_giou_aux_1: 1.8141 (2.2703)  loss_fgl_aux_1: 0.5469 (0.3199)  loss_ddf_aux_1: 0.0090 (0.0054)  loss_mal_pre: 0.5480 (0.3319)  loss_bbox_pre: 0.4923 (0.9579)  loss_giou_pre: 1.9187 (2.3226)  loss_mal_enc_0: 0.4402 (0.2524)  loss_bbox_enc_0: 0.8471 (1.1461)  loss_giou_enc_0: 2.0675 (2.4075)  loss_mal_dn_0: 1.2376 (0.9794)  loss_bbox_dn_0: 0.0930 (0.1673)  loss_giou_dn_0: 1.0472 (1.1951)  loss_fgl_dn_0: 1.0200 (0.9057)  loss_ddf_dn_0: 0.2371 (0.2056)  loss_mal_dn_1: 1.4531 (1.2287)  loss_bbox_dn_1: 0.0720 (0.1094)  loss_giou_dn_1: 0.8138 (1.0017)  loss_fgl_dn_1: 1.1185 (0.9882)  loss_ddf_dn_1: 0.0106 (0.0087)  loss_mal_dn_2: 1.1843 (1.0753)  loss_bbox_dn_2: 0.0709 (0.1060)  loss_giou_dn_2: 0.8116 (0.9861)  loss_fgl_dn_2: 1.1181 (0.9925)  loss_ddf_dn_2: -0.0000 (0.0000)  loss_mal_dn_pre: 1.2449 (0.9762)  loss_bbox_dn_pre: 0.0916 (0.1677)  loss_giou_dn_pre: 1.0389 (1.1938)
Test:  [0/9]  eta: 0:00:04    time: 0.5540  data: 0.2408  max mem: 5224
Test:  [8/9]  eta: 0:00:00    time: 0.1703  data: 0.0398  max mem: 5224
Test: Total time: 0:00:01 (0.1753 s / it)
Metrics: {'f1': 0, 'precision': 0, 'recall': 0.0, 'iou': 0.0, 'TPs': 0, 'FPs': 0, 'FNs': 144}
Averaged stats: 
Accumulating evaluation results...
COCOeval_opt.accumulate() finished...
DONE (t=0.00s).
IoU metric: bbox
 Average Precision  (AP) @[ IoU=0.50:0.95 | area=   all | maxDets=100 ] = 0.023
 Average Precision  (AP) @[ IoU=0.50      | area=   all | maxDets=100 ] = 0.097
 Average Precision  (AP) @[ IoU=0.75      | area=   all | maxDets=100 ] = 0.002
 Average Precision  (AP) @[ IoU=0.50:0.95 | area= small | maxDets=100 ] = 0.026
 Average Precision  (AP) @[ IoU=0.50:0.95 | area=medium | maxDets=100 ] = -1.000
 Average Precision  (AP) @[ IoU=0.50:0.95 | area= large | maxDets=100 ] = -1.000
 Average Recall     (AR) @[ IoU=0.50:0.95 | area=   all | maxDets=  1 ] = 0.033
 Average Recall     (AR) @[ IoU=0.50:0.95 | area=   all | maxDets= 10 ] = 0.134
 Average Recall     (AR) @[ IoU=0.50:0.95 | area=   all | maxDets=100 ] = 0.147
 Average Recall     (AR) @[ IoU=0.50:0.95 | area= small | maxDets=100 ] = 0.147
 Average Recall     (AR) @[ IoU=0.50:0.95 | area=medium | maxDets=100 ] = -1.000
 Average Recall     (AR) @[ IoU=0.50:0.95 | area= large | maxDets=100 ] = -1.000
 Average Recall     (AR) @[ IoU=0.50      | area=   all | maxDets=100 ] = 0.486
 Average Recall     (AR) @[ IoU=0.75      | area=   all | maxDets=100 ] = 0.056
best_stat: {'epoch': 0, 'coco_eval_bbox': 0.02347562013519777}
Epoch: [1/30]  [ 0/44]  eta: 0:00:36  lr: 0.000100  loss: 29.3523 (29.3523)  loss_mal: 0.8041 (0.8041)  loss_bbox: 0.3000 (0.3000)  loss_giou: 1.4764 (1.4764)  loss_fgl: 0.6515 (0.6515)  loss_mal_aux_0: 0.6879 (0.6879)  loss_bbox_aux_0: 0.3971 (0.3971)  loss_giou_aux_0: 1.7987 (1.7987)  loss_fgl_aux_0: 0.5102 (0.5102)  loss_ddf_aux_0: 0.1964 (0.1964)  loss_mal_aux_1: 0.7162 (0.7162)  loss_bbox_aux_1: 0.3514 (0.3514)  loss_giou_aux_1: 1.5531 (1.5531)  loss_fgl_aux_1: 0.6206 (0.6206)  loss_ddf_aux_1: 0.0184 (0.0184)  loss_mal_pre: 0.6669 (0.6669)  loss_bbox_pre: 0.4335 (0.4335)  loss_giou_pre: 1.7651 (1.7651)  loss_mal_enc_0: 0.6228 (0.6228)  loss_bbox_enc_0: 0.7810 (0.7810)  loss_giou_enc_0: 2.0238 (2.0238)  loss_mal_dn_0: 1.3478 (1.3478)  loss_bbox_dn_0: 0.0814 (0.0814)  loss_giou_dn_0: 0.8909 (0.8909)  loss_fgl_dn_0: 1.1276 (1.1276)  loss_ddf_dn_0: 1.0483 (1.0483)  loss_mal_dn_1: 1.3312 (1.3312)  loss_bbox_dn_1: 0.0580 (0.0580)  loss_giou_dn_1: 0.6726 (0.6726)  loss_fgl_dn_1: 1.1867 (1.1867)  loss_ddf_dn_1: 0.0158 (0.0158)  loss_mal_dn_2: 0.9791 (0.9791)  loss_bbox_dn_2: 0.0582 (0.0582)  loss_giou_dn_2: 0.6746 (0.6746)  loss_fgl_dn_2: 1.1903 (1.1903)  loss_ddf_dn_2: -0.0000 (0.0000)  loss_mal_dn_pre: 1.3410 (1.3410)  loss_bbox_dn_pre: 0.0821 (0.0821)  loss_giou_dn_pre: 0.8918 (0.8918)  time: 0.8188  data: 0.2700  max mem: 5224
Epoch: [1/30]  [10/44]  eta: 0:00:20  lr: 0.000100  loss: 27.5328 (27.6588)  loss_mal: 0.8399 (0.8590)  loss_bbox: 0.1594 (0.1615)  loss_giou: 1.1179 (1.1234)  loss_fgl: 0.9177 (0.9137)  loss_mal_aux_0: 0.9959 (0.9882)  loss_bbox_aux_0: 0.1742 (0.2024)  loss_giou_aux_0: 1.3754 (1.3847)  loss_fgl_aux_0: 0.8247 (0.7965)  loss_ddf_aux_0: 0.3122 (0.2966)  loss_mal_aux_1: 0.9138 (0.9030)  loss_bbox_aux_1: 0.1825 (0.1808)  loss_giou_aux_1: 1.1800 (1.1707)  loss_fgl_aux_1: 0.8941 (0.8940)  loss_ddf_aux_1: 0.0337 (0.0334)  loss_mal_pre: 0.9687 (0.9803)  loss_bbox_pre: 0.1993 (0.2197)  loss_giou_pre: 1.3711 (1.3660)  loss_mal_enc_0: 0.8052 (0.7946)  loss_bbox_enc_0: 0.4172 (0.4437)  loss_giou_enc_0: 1.7246 (1.7096)  loss_mal_dn_0: 1.3226 (1.2948)  loss_bbox_dn_0: 0.0789 (0.0798)  loss_giou_dn_0: 0.8512 (0.8378)  loss_fgl_dn_0: 1.1529 (1.1428)  loss_ddf_dn_0: 0.9058 (0.9023)  loss_mal_dn_1: 1.0295 (1.0191)  loss_bbox_dn_1: 0.0580 (0.0589)  loss_giou_dn_1: 0.6888 (0.6880)  loss_fgl_dn_1: 1.1867 (1.1900)  loss_ddf_dn_1: 0.0370 (0.0473)  loss_mal_dn_2: 0.8224 (0.8228)  loss_bbox_dn_2: 0.0582 (0.0583)  loss_giou_dn_2: 0.6972 (0.6885)  loss_fgl_dn_2: 1.1937 (1.1965)  loss_ddf_dn_2: -0.0000 (0.0000)  loss_mal_dn_pre: 1.3200 (1.2908)  loss_bbox_dn_pre: 0.0791 (0.0802)  loss_giou_dn_pre: 0.8471 (0.8392)  time: 0.5944  data: 0.0392  max mem: 5224
Epoch: [1/30]  [20/44]  eta: 0:00:14  lr: 0.000100  loss: 26.7431 (26.9759)  loss_mal: 0.8617 (0.8712)  loss_bbox: 0.1077 (0.1287)  loss_giou: 0.9558 (0.9952)  loss_fgl: 1.0187 (1.0185)  loss_mal_aux_0: 1.0647 (1.0759)  loss_bbox_aux_0: 0.1409 (0.1614)  loss_giou_aux_0: 1.2265 (1.2289)  loss_fgl_aux_0: 0.8908 (0.9080)  loss_ddf_aux_0: 0.2983 (0.2833)  loss_mal_aux_1: 0.8873 (0.8876)  loss_bbox_aux_1: 0.1217 (0.1399)  loss_giou_aux_1: 0.9544 (1.0255)  loss_fgl_aux_1: 0.9972 (1.0029)  loss_ddf_aux_1: 0.0323 (0.0315)  loss_mal_pre: 1.0966 (1.0772)  loss_bbox_pre: 0.1498 (0.1722)  loss_giou_pre: 1.1922 (1.2081)  loss_mal_enc_0: 0.9222 (0.9395)  loss_bbox_enc_0: 0.3169 (0.3522)  loss_giou_enc_0: 1.4979 (1.5583)  loss_mal_dn_0: 1.1916 (1.2253)  loss_bbox_dn_0: 0.0708 (0.0724)  loss_giou_dn_0: 0.7779 (0.7967)  loss_fgl_dn_0: 1.1730 (1.1733)  loss_ddf_dn_0: 0.9058 (0.9130)  loss_mal_dn_1: 0.8040 (0.9056)  loss_bbox_dn_1: 0.0554 (0.0557)  loss_giou_dn_1: 0.6604 (0.6642)  loss_fgl_dn_1: 1.2095 (1.2149)  loss_ddf_dn_1: 0.0526 (0.0510)  loss_mal_dn_2: 0.7639 (0.7938)  loss_bbox_dn_2: 0.0540 (0.0558)  loss_giou_dn_2: 0.6641 (0.6674)  loss_fgl_dn_2: 1.2164 (1.2259)  loss_ddf_dn_2: -0.0000 (0.0000)  loss_mal_dn_pre: 1.1978 (1.2249)  loss_bbox_dn_pre: 0.0718 (0.0727)  loss_giou_dn_pre: 0.7814 (0.7973)  time: 0.5843  data: 0.0157  max mem: 5224
Epoch: [1/30]  [30/44]  eta: 0:00:08  lr: 0.000100  loss: 25.6157 (26.1281)  loss_mal: 0.8885 (0.8753)  loss_bbox: 0.0695 (0.1086)  loss_giou: 0.7546 (0.9060)  loss_fgl: 1.1858 (1.0743)  loss_mal_aux_0: 1.1384 (1.0869)  loss_bbox_aux_0: 0.0844 (0.1349)  loss_giou_aux_0: 0.9315 (1.1044)  loss_fgl_aux_0: 1.1136 (0.9829)  loss_ddf_aux_0: 0.2078 (0.2368)  loss_mal_aux_1: 0.8873 (0.8942)  loss_bbox_aux_1: 0.0725 (0.1168)  loss_giou_aux_1: 0.7801 (0.9344)  loss_fgl_aux_1: 1.1626 (1.0591)  loss_ddf_aux_1: 0.0219 (0.0264)  loss_mal_pre: 1.1441 (1.0886)  loss_bbox_pre: 0.0870 (0.1429)  loss_giou_pre: 0.8949 (1.0889)  loss_mal_enc_0: 1.1534 (1.0647)  loss_bbox_enc_0: 0.2008 (0.2900)  loss_giou_enc_0: 1.2844 (1.4275)  loss_mal_dn_0: 1.0672 (1.1314)  loss_bbox_dn_0: 0.0608 (0.0686)  loss_giou_dn_0: 0.7236 (0.7728)  loss_fgl_dn_0: 1.2184 (1.1904)  loss_ddf_dn_0: 0.7401 (0.7980)  loss_mal_dn_1: 0.7666 (0.8606)  loss_bbox_dn_1: 0.0494 (0.0536)  loss_giou_dn_1: 0.6218 (0.6460)  loss_fgl_dn_1: 1.2460 (1.2259)  loss_ddf_dn_1: 0.0393 (0.0447)  loss_mal_dn_2: 0.7543 (0.7801)  loss_bbox_dn_2: 0.0502 (0.0538)  loss_giou_dn_2: 0.6295 (0.6488)  loss_fgl_dn_2: 1.2511 (1.2354)  loss_ddf_dn_2: -0.0000 (0.0000)  loss_mal_dn_pre: 1.0806 (1.1315)  loss_bbox_dn_pre: 0.0601 (0.0688)  loss_giou_dn_pre: 0.7226 (0.7741)  time: 0.5637  data: 0.0151  max mem: 5224
Epoch: [1/30]  [40/44]  eta: 0:00:02  lr: 0.000100  loss: 23.2940 (25.3574)  loss_mal: 0.8562 (0.8651)  loss_bbox: 0.0565 (0.0958)  loss_giou: 0.6595 (0.8412)  loss_fgl: 1.2179 (1.1173)  loss_mal_aux_0: 1.0456 (1.0786)  loss_bbox_aux_0: 0.0622 (0.1164)  loss_giou_aux_0: 0.7022 (0.9952)  loss_fgl_aux_0: 1.2050 (1.0488)  loss_ddf_aux_0: 0.0967 (0.1977)  loss_mal_aux_1: 0.8958 (0.8966)  loss_bbox_aux_1: 0.0584 (0.1021)  loss_giou_aux_1: 0.6765 (0.8639)  loss_fgl_aux_1: 1.2186 (1.1053)  loss_ddf_aux_1: 0.0097 (0.0218)  loss_mal_pre: 1.0555 (1.0792)  loss_bbox_pre: 0.0626 (0.1224)  loss_giou_pre: 0.7026 (0.9832)  loss_mal_enc_0: 1.4558 (1.1922)  loss_bbox_enc_0: 0.0983 (0.2385)  loss_giou_enc_0: 0.9719 (1.2832)  loss_mal_dn_0: 0.8269 (1.0427)  loss_bbox_dn_0: 0.0589 (0.0663)  loss_giou_dn_0: 0.7051 (0.7518)  loss_fgl_dn_0: 1.2267 (1.2025)  loss_ddf_dn_0: 0.4833 (0.7091)  loss_mal_dn_1: 0.7558 (0.8348)  loss_bbox_dn_1: 0.0475 (0.0524)  loss_giou_dn_1: 0.5907 (0.6291)  loss_fgl_dn_1: 1.2499 (1.2317)  loss_ddf_dn_1: 0.0223 (0.0380)  loss_mal_dn_2: 0.7450 (0.7708)  loss_bbox_dn_2: 0.0486 (0.0524)  loss_giou_dn_2: 0.5882 (0.6303)  loss_fgl_dn_2: 1.2510 (1.2393)  loss_ddf_dn_2: -0.0000 (0.0000)  loss_mal_dn_pre: 0.8317 (1.0434)  loss_bbox_dn_pre: 0.0591 (0.0664)  loss_giou_dn_pre: 0.7095 (0.7523)  time: 0.5458  data: 0.0149  max mem: 5224
Epoch: [1/30]  [43/44]  eta: 0:00:00  lr: 0.000100  loss: 23.0324 (25.1779)  loss_mal: 0.8358 (0.8571)  loss_bbox: 0.0565 (0.0931)  loss_giou: 0.6594 (0.8267)  loss_fgl: 1.2315 (1.1274)  loss_mal_aux_0: 1.0580 (1.0831)  loss_bbox_aux_0: 0.0597 (0.1124)  loss_giou_aux_0: 0.6917 (0.9713)  loss_fgl_aux_0: 1.2266 (1.0631)  loss_ddf_aux_0: 0.0806 (0.1871)  loss_mal_aux_1: 0.8876 (0.8936)  loss_bbox_aux_1: 0.0581 (0.0990)  loss_giou_aux_1: 0.6708 (0.8488)  loss_fgl_aux_1: 1.2329 (1.1163)  loss_ddf_aux_1: 0.0079 (0.0206)  loss_mal_pre: 1.0555 (1.0826)  loss_bbox_pre: 0.0600 (0.1181)  loss_giou_pre: 0.6951 (0.9607)  loss_mal_enc_0: 1.4902 (1.2177)  loss_bbox_enc_0: 0.0856 (0.2273)  loss_giou_enc_0: 0.8573 (1.2476)  loss_mal_dn_0: 0.7595 (1.0221)  loss_bbox_dn_0: 0.0589 (0.0660)  loss_giou_dn_0: 0.7019 (0.7469)  loss_fgl_dn_0: 1.2253 (1.2047)  loss_ddf_dn_0: 0.4477 (0.6824)  loss_mal_dn_1: 0.7546 (0.8296)  loss_bbox_dn_1: 0.0476 (0.0523)  loss_giou_dn_1: 0.5907 (0.6263)  loss_fgl_dn_1: 1.2473 (1.2332)  loss_ddf_dn_1: 0.0174 (0.0362)  loss_mal_dn_2: 0.7438 (0.7685)  loss_bbox_dn_2: 0.0486 (0.0523)  loss_giou_dn_2: 0.5882 (0.6267)  loss_fgl_dn_2: 1.2499 (1.2404)  loss_ddf_dn_2: -0.0000 (0.0000)  loss_mal_dn_pre: 0.7582 (1.0227)  loss_bbox_dn_pre: 0.0591 (0.0661)  loss_giou_dn_pre: 0.7065 (0.7480)  time: 0.5429  data: 0.0148  max mem: 5224
Epoch: [1/30] Total time: 0:00:25 (0.5710 s / it)
Averaged stats: lr: 0.000100  loss: 23.0324 (25.1779)  loss_mal: 0.8358 (0.8571)  loss_bbox: 0.0565 (0.0931)  loss_giou: 0.6594 (0.8267)  loss_fgl: 1.2315 (1.1274)  loss_mal_aux_0: 1.0580 (1.0831)  loss_bbox_aux_0: 0.0597 (0.1124)  loss_giou_aux_0: 0.6917 (0.9713)  loss_fgl_aux_0: 1.2266 (1.0631)  loss_ddf_aux_0: 0.0806 (0.1871)  loss_mal_aux_1: 0.8876 (0.8936)  loss_bbox_aux_1: 0.0581 (0.0990)  loss_giou_aux_1: 0.6708 (0.8488)  loss_fgl_aux_1: 1.2329 (1.1163)  loss_ddf_aux_1: 0.0079 (0.0206)  loss_mal_pre: 1.0555 (1.0826)  loss_bbox_pre: 0.0600 (0.1181)  loss_giou_pre: 0.6951 (0.9607)  loss_mal_enc_0: 1.4902 (1.2177)  loss_bbox_enc_0: 0.0856 (0.2273)  loss_giou_enc_0: 0.8573 (1.2476)  loss_mal_dn_0: 0.7595 (1.0221)  loss_bbox_dn_0: 0.0589 (0.0660)  loss_giou_dn_0: 0.7019 (0.7469)  loss_fgl_dn_0: 1.2253 (1.2047)  loss_ddf_dn_0: 0.4477 (0.6824)  loss_mal_dn_1: 0.7546 (0.8296)  loss_bbox_dn_1: 0.0476 (0.0523)  loss_giou_dn_1: 0.5907 (0.6263)  loss_fgl_dn_1: 1.2473 (1.2332)  loss_ddf_dn_1: 0.0174 (0.0362)  loss_mal_dn_2: 0.7438 (0.7685)  loss_bbox_dn_2: 0.0486 (0.0523)  loss_giou_dn_2: 0.5882 (0.6267)  loss_fgl_dn_2: 1.2499 (1.2404)  loss_ddf_dn_2: -0.0000 (0.0000)  loss_mal_dn_pre: 0.7582 (1.0227)  loss_bbox_dn_pre: 0.0591 (0.0661)  loss_giou_dn_pre: 0.7065 (0.7480)
Test:  [0/9]  eta: 0:00:03    time: 0.3421  data: 0.2291  max mem: 5224
Test:  [8/9]  eta: 0:00:00    time: 0.1420  data: 0.0381  max mem: 5224
Test: Total time: 0:00:01 (0.1477 s / it)
Metrics: {'f1': 0.0273972602739726, 'precision': 1.0, 'recall': 0.013888888888888888, 'iou': 0.009409822937515046, 'TPs': 2, 'FPs': 0, 'FNs': 142}
Averaged stats: 
Accumulating evaluation results...
COCOeval_opt.accumulate() finished...
DONE (t=0.01s).
IoU metric: bbox
 Average Precision  (AP) @[ IoU=0.50:0.95 | area=   all | maxDets=100 ] = 0.240
 Average Precision  (AP) @[ IoU=0.50      | area=   all | maxDets=100 ] = 0.708
 Average Precision  (AP) @[ IoU=0.75      | area=   all | maxDets=100 ] = 0.087
 Average Precision  (AP) @[ IoU=0.50:0.95 | area= small | maxDets=100 ] = 0.240
 Average Precision  (AP) @[ IoU=0.50:0.95 | area=medium | maxDets=100 ] = -1.000
 Average Precision  (AP) @[ IoU=0.50:0.95 | area= large | maxDets=100 ] = -1.000
 Average Recall     (AR) @[ IoU=0.50:0.95 | area=   all | maxDets=  1 ] = 0.167
 Average Recall     (AR) @[ IoU=0.50:0.95 | area=   all | maxDets= 10 ] = 0.438
 Average Recall     (AR) @[ IoU=0.50:0.95 | area=   all | maxDets=100 ] = 0.558
 Average Recall     (AR) @[ IoU=0.50:0.95 | area= small | maxDets=100 ] = 0.558
 Average Recall     (AR) @[ IoU=0.50:0.95 | area=medium | maxDets=100 ] = -1.000
 Average Recall     (AR) @[ IoU=0.50:0.95 | area= large | maxDets=100 ] = -1.000
 Average Recall     (AR) @[ IoU=0.50      | area=   all | maxDets=100 ] = 0.979
 Average Recall     (AR) @[ IoU=0.75      | area=   all | maxDets=100 ] = 0.542
best_stat: {'epoch': 1, 'coco_eval_bbox': 0.24003660259982376}
Epoch: [2/30]  [ 0/44]  eta: 0:00:40  lr: 0.000100  loss: 22.2149 (22.2149)  loss_mal: 0.7617 (0.7617)  loss_bbox: 0.0569 (0.0569)  loss_giou: 0.6190 (0.6190)  loss_fgl: 1.2193 (1.2193)  loss_mal_aux_0: 1.1159 (1.1159)  loss_bbox_aux_0: 0.0613 (0.0613)  loss_giou_aux_0: 0.6765 (0.6765)  loss_fgl_aux_0: 1.2008 (1.2008)  loss_ddf_aux_0: 0.0362 (0.0362)  loss_mal_aux_1: 0.8448 (0.8448)  loss_bbox_aux_1: 0.0541 (0.0541)  loss_giou_aux_1: 0.6113 (0.6113)  loss_fgl_aux_1: 1.2148 (1.2148)  loss_ddf_aux_1: 0.0049 (0.0049)  loss_mal_pre: 1.1004 (1.1004)  loss_bbox_pre: 0.0612 (0.0612)  loss_giou_pre: 0.6727 (0.6727)  loss_mal_enc_0: 1.4273 (1.4273)  loss_bbox_enc_0: 0.0709 (0.0709)  loss_giou_enc_0: 0.7627 (0.7627)  loss_mal_dn_0: 0.7460 (0.7460)  loss_bbox_dn_0: 0.0585 (0.0585)  loss_giou_dn_0: 0.6562 (0.6562)  loss_fgl_dn_0: 1.2199 (1.2199)  loss_ddf_dn_0: 0.3179 (0.3179)  loss_mal_dn_1: 0.7575 (0.7575)  loss_bbox_dn_1: 0.0493 (0.0493)  loss_giou_dn_1: 0.5794 (0.5794)  loss_fgl_dn_1: 1.2125 (1.2125)  loss_ddf_dn_1: 0.0114 (0.0114)  loss_mal_dn_2: 0.7271 (0.7271)  loss_bbox_dn_2: 0.0503 (0.0503)  loss_giou_dn_2: 0.5861 (0.5861)  loss_fgl_dn_2: 1.2103 (1.2103)  loss_ddf_dn_2: -0.0000 (0.0000)  loss_mal_dn_pre: 0.7472 (0.7472)  loss_bbox_dn_pre: 0.0581 (0.0581)  loss_giou_dn_pre: 0.6546 (0.6546)  time: 0.9231  data: 0.2829  max mem: 5224
Epoch: [2/30]  [10/44]  eta: 0:00:20  lr: 0.000100  loss: 22.1968 (22.1449)  loss_mal: 0.7724 (0.7693)  loss_bbox: 0.0530 (0.0523)  loss_giou: 0.5851 (0.6016)  loss_fgl: 1.2587 (1.2618)  loss_mal_aux_0: 1.1459 (1.1309)  loss_bbox_aux_0: 0.0557 (0.0532)  loss_giou_aux_0: 0.6101 (0.6143)  loss_fgl_aux_0: 1.2622 (1.2605)  loss_ddf_aux_0: 0.0362 (0.0344)  loss_mal_aux_1: 0.8179 (0.8106)  loss_bbox_aux_1: 0.0520 (0.0514)  loss_giou_aux_1: 0.5875 (0.5941)  loss_fgl_aux_1: 1.2576 (1.2616)  loss_ddf_aux_1: 0.0043 (0.0041)  loss_mal_pre: 1.1389 (1.1220)  loss_bbox_pre: 0.0557 (0.0532)  loss_giou_pre: 0.6055 (0.6107)  loss_mal_enc_0: 1.4534 (1.4903)  loss_bbox_enc_0: 0.0600 (0.0598)  loss_giou_enc_0: 0.6718 (0.6732)  loss_mal_dn_0: 0.7466 (0.7485)  loss_bbox_dn_0: 0.0540 (0.0550)  loss_giou_dn_0: 0.6562 (0.6569)  loss_fgl_dn_0: 1.2370 (1.2382)  loss_ddf_dn_0: 0.2980 (0.2883)  loss_mal_dn_1: 0.7671 (0.7663)  loss_bbox_dn_1: 0.0442 (0.0446)  loss_giou_dn_1: 0.5523 (0.5460)  loss_fgl_dn_1: 1.2535 (1.2459)  loss_ddf_dn_1: 0.0148 (0.0151)  loss_mal_dn_2: 0.7333 (0.7319)  loss_bbox_dn_2: 0.0457 (0.0455)  loss_giou_dn_2: 0.5625 (0.5531)  loss_fgl_dn_2: 1.2547 (1.2467)  loss_ddf_dn_2: -0.0000 (0.0000)  loss_mal_dn_pre: 0.7470 (0.7489)  loss_bbox_dn_pre: 0.0537 (0.0546)  loss_giou_dn_pre: 0.6546 (0.6500)  time: 0.5995  data: 0.0399  max mem: 5224
Epoch: [2/30]  [20/44]  eta: 0:00:14  lr: 0.000100  loss: 21.6784 (21.7397)  loss_mal: 0.7610 (0.7690)  loss_bbox: 0.0530 (0.0527)  loss_giou: 0.5831 (0.5947)  loss_fgl: 1.2603 (1.2611)  loss_mal_aux_0: 1.0933 (1.0981)  loss_bbox_aux_0: 0.0550 (0.0539)  loss_giou_aux_0: 0.6065 (0.6084)  loss_fgl_aux_0: 1.2622 (1.2598)  loss_ddf_aux_0: 0.0325 (0.0342)  loss_mal_aux_1: 0.7846 (0.7887)  loss_bbox_aux_1: 0.0520 (0.0521)  loss_giou_aux_1: 0.5821 (0.5903)  loss_fgl_aux_1: 1.2598 (1.2608)  loss_ddf_aux_1: 0.0027 (0.0034)  loss_mal_pre: 1.0943 (1.0869)  loss_bbox_pre: 0.0548 (0.0538)  loss_giou_pre: 0.6055 (0.6054)  loss_mal_enc_0: 1.2615 (1.3371)  loss_bbox_enc_0: 0.0585 (0.0595)  loss_giou_enc_0: 0.6538 (0.6635)  loss_mal_dn_0: 0.7466 (0.7478)  loss_bbox_dn_0: 0.0540 (0.0557)  loss_giou_dn_0: 0.6341 (0.6413)  loss_fgl_dn_0: 1.2367 (1.2358)  loss_ddf_dn_0: 0.2421 (0.2690)  loss_mal_dn_1: 0.7427 (0.7488)  loss_bbox_dn_1: 0.0434 (0.0442)  loss_giou_dn_1: 0.5215 (0.5292)  loss_fgl_dn_1: 1.2382 (1.2394)  loss_ddf_dn_1: 0.0113 (0.0122)  loss_mal_dn_2: 0.7235 (0.7257)  loss_bbox_dn_2: 0.0435 (0.0448)  loss_giou_dn_2: 0.5249 (0.5330)  loss_fgl_dn_2: 1.2377 (1.2399)  loss_ddf_dn_2: -0.0000 (0.0000)  loss_mal_dn_pre: 0.7469 (0.7491)  loss_bbox_dn_pre: 0.0541 (0.0550)  loss_giou_dn_pre: 0.6401 (0.6354)  time: 0.5734  data: 0.0161  max mem: 5224
Epoch: [2/30]  [30/44]  eta: 0:00:08  lr: 0.000100  loss: 21.0482 (21.4674)  loss_mal: 0.7499 (0.7625)  loss_bbox: 0.0516 (0.0520)  loss_giou: 0.5823 (0.5934)  loss_fgl: 1.2594 (1.2610)  loss_mal_aux_0: 1.0009 (1.0553)  loss_bbox_aux_0: 0.0527 (0.0526)  loss_giou_aux_0: 0.5926 (0.6009)  loss_fgl_aux_0: 1.2606 (1.2611)  loss_ddf_aux_0: 0.0308 (0.0337)  loss_mal_aux_1: 0.7486 (0.7740)  loss_bbox_aux_1: 0.0518 (0.0516)  loss_giou_aux_1: 0.5791 (0.5901)  loss_fgl_aux_1: 1.2589 (1.2609)  loss_ddf_aux_1: 0.0024 (0.0030)  loss_mal_pre: 1.0065 (1.0459)  loss_bbox_pre: 0.0521 (0.0524)  loss_giou_pre: 0.5913 (0.5989)  loss_mal_enc_0: 1.1122 (1.2543)  loss_bbox_enc_0: 0.0547 (0.0576)  loss_giou_enc_0: 0.6277 (0.6488)  loss_mal_dn_0: 0.7467 (0.7486)  loss_bbox_dn_0: 0.0523 (0.0537)  loss_giou_dn_0: 0.6064 (0.6309)  loss_fgl_dn_0: 1.2528 (1.2469)  loss_ddf_dn_0: 0.2204 (0.2385)  loss_mal_dn_1: 0.7217 (0.7389)  loss_bbox_dn_1: 0.0421 (0.0435)  loss_giou_dn_1: 0.5011 (0.5272)  loss_fgl_dn_1: 1.2512 (1.2471)  loss_ddf_dn_1: 0.0077 (0.0105)  loss_mal_dn_2: 0.7141 (0.7208)  loss_bbox_dn_2: 0.0414 (0.0438)  loss_giou_dn_2: 0.5009 (0.5293)  loss_fgl_dn_2: 1.2523 (1.2477)  loss_ddf_dn_2: -0.0000 (0.0000)  loss_mal_dn_pre: 0.7469 (0.7492)  loss_bbox_dn_pre: 0.0524 (0.0532)  loss_giou_dn_pre: 0.6114 (0.6275)  time: 0.5644  data: 0.0166  max mem: 5224
Epoch: [2/30]  [40/44]  eta: 0:00:02  lr: 0.000100  loss: 20.7139 (21.2416)  loss_mal: 0.7245 (0.7523)  loss_bbox: 0.0503 (0.0514)  loss_giou: 0.5830 (0.5901)  loss_fgl: 1.2628 (1.2620)  loss_mal_aux_0: 0.9241 (1.0164)  loss_bbox_aux_0: 0.0503 (0.0519)  loss_giou_aux_0: 0.5926 (0.5966)  loss_fgl_aux_0: 1.2626 (1.2631)  loss_ddf_aux_0: 0.0290 (0.0325)  loss_mal_aux_1: 0.7445 (0.7666)  loss_bbox_aux_1: 0.0508 (0.0511)  loss_giou_aux_1: 0.5854 (0.5878)  loss_fgl_aux_1: 1.2643 (1.2621)  loss_ddf_aux_1: 0.0017 (0.0027)  loss_mal_pre: 0.9168 (1.0084)  loss_bbox_pre: 0.0500 (0.0518)  loss_giou_pre: 0.5913 (0.5950)  loss_mal_enc_0: 1.0946 (1.2179)  loss_bbox_enc_0: 0.0526 (0.0560)  loss_giou_enc_0: 0.6212 (0.6387)  loss_mal_dn_0: 0.7454 (0.7473)  loss_bbox_dn_0: 0.0495 (0.0531)  loss_giou_dn_0: 0.6032 (0.6261)  loss_fgl_dn_0: 1.2647 (1.2503)  loss_ddf_dn_0: 0.1560 (0.2179)  loss_mal_dn_1: 0.7096 (0.7304)  loss_bbox_dn_1: 0.0392 (0.0422)  loss_giou_dn_1: 0.4955 (0.5163)  loss_fgl_dn_1: 1.2626 (1.2488)  loss_ddf_dn_1: 0.0045 (0.0090)  loss_mal_dn_2: 0.7052 (0.7143)  loss_bbox_dn_2: 0.0394 (0.0424)  loss_giou_dn_2: 0.4960 (0.5175)  loss_fgl_dn_2: 1.2648 (1.2492)  loss_ddf_dn_2: -0.0000 (0.0000)  loss_mal_dn_pre: 0.7449 (0.7478)  loss_bbox_dn_pre: 0.0498 (0.0525)  loss_giou_dn_pre: 0.6076 (0.6221)  time: 0.5620  data: 0.0165  max mem: 5224
Epoch: [2/30]  [43/44]  eta: 0:00:00  lr: 0.000100  loss: 20.6611 (21.1863)  loss_mal: 0.7234 (0.7501)  loss_bbox: 0.0516 (0.0516)  loss_giou: 0.5912 (0.5886)  loss_fgl: 1.2604 (1.2619)  loss_mal_aux_0: 0.9046 (1.0066)  loss_bbox_aux_0: 0.0521 (0.0524)  loss_giou_aux_0: 0.5949 (0.5962)  loss_fgl_aux_0: 1.2626 (1.2630)  loss_ddf_aux_0: 0.0283 (0.0321)  loss_mal_aux_1: 0.7375 (0.7654)  loss_bbox_aux_1: 0.0518 (0.0513)  loss_giou_aux_1: 0.5879 (0.5864)  loss_fgl_aux_1: 1.2597 (1.2619)  loss_ddf_aux_1: 0.0016 (0.0026)  loss_mal_pre: 0.8999 (0.9988)  loss_bbox_pre: 0.0521 (0.0522)  loss_giou_pre: 0.5970 (0.5946)  loss_mal_enc_0: 1.0911 (1.2092)  loss_bbox_enc_0: 0.0529 (0.0564)  loss_giou_enc_0: 0.6277 (0.6373)  loss_mal_dn_0: 0.7454 (0.7472)  loss_bbox_dn_0: 0.0495 (0.0532)  loss_giou_dn_0: 0.5998 (0.6226)  loss_fgl_dn_0: 1.2750 (1.2514)  loss_ddf_dn_0: 0.1530 (0.2137)  loss_mal_dn_1: 0.7041 (0.7282)  loss_bbox_dn_1: 0.0392 (0.0423)  loss_giou_dn_1: 0.4861 (0.5131)  loss_fgl_dn_1: 1.2625 (1.2491)  loss_ddf_dn_1: 0.0043 (0.0086)  loss_mal_dn_2: 0.7007 (0.7127)  loss_bbox_dn_2: 0.0394 (0.0424)  loss_giou_dn_2: 0.4882 (0.5141)  loss_fgl_dn_2: 1.2618 (1.2495)  loss_ddf_dn_2: -0.0000 (0.0000)  loss_mal_dn_pre: 0.7449 (0.7476)  loss_bbox_dn_pre: 0.0498 (0.0527)  loss_giou_dn_pre: 0.5898 (0.6191)  time: 0.5613  data: 0.0161  max mem: 5224
Epoch: [2/30] Total time: 0:00:25 (0.5774 s / it)
Averaged stats: lr: 0.000100  loss: 20.6611 (21.1863)  loss_mal: 0.7234 (0.7501)  loss_bbox: 0.0516 (0.0516)  loss_giou: 0.5912 (0.5886)  loss_fgl: 1.2604 (1.2619)  loss_mal_aux_0: 0.9046 (1.0066)  loss_bbox_aux_0: 0.0521 (0.0524)  loss_giou_aux_0: 0.5949 (0.5962)  loss_fgl_aux_0: 1.2626 (1.2630)  loss_ddf_aux_0: 0.0283 (0.0321)  loss_mal_aux_1: 0.7375 (0.7654)  loss_bbox_aux_1: 0.0518 (0.0513)  loss_giou_aux_1: 0.5879 (0.5864)  loss_fgl_aux_1: 1.2597 (1.2619)  loss_ddf_aux_1: 0.0016 (0.0026)  loss_mal_pre: 0.8999 (0.9988)  loss_bbox_pre: 0.0521 (0.0522)  loss_giou_pre: 0.5970 (0.5946)  loss_mal_enc_0: 1.0911 (1.2092)  loss_bbox_enc_0: 0.0529 (0.0564)  loss_giou_enc_0: 0.6277 (0.6373)  loss_mal_dn_0: 0.7454 (0.7472)  loss_bbox_dn_0: 0.0495 (0.0532)  loss_giou_dn_0: 0.5998 (0.6226)  loss_fgl_dn_0: 1.2750 (1.2514)  loss_ddf_dn_0: 0.1530 (0.2137)  loss_mal_dn_1: 0.7041 (0.7282)  loss_bbox_dn_1: 0.0392 (0.0423)  loss_giou_dn_1: 0.4861 (0.5131)  loss_fgl_dn_1: 1.2625 (1.2491)  loss_ddf_dn_1: 0.0043 (0.0086)  loss_mal_dn_2: 0.7007 (0.7127)  loss_bbox_dn_2: 0.0394 (0.0424)  loss_giou_dn_2: 0.4882 (0.5141)  loss_fgl_dn_2: 1.2618 (1.2495)  loss_ddf_dn_2: -0.0000 (0.0000)  loss_mal_dn_pre: 0.7449 (0.7476)  loss_bbox_dn_pre: 0.0498 (0.0527)  loss_giou_dn_pre: 0.5898 (0.6191)
Test:  [0/9]  eta: 0:00:04    time: 0.5362  data: 0.2476  max mem: 5224
Test:  [8/9]  eta: 0:00:00    time: 0.1513  data: 0.0412  max mem: 5224
Test: Total time: 0:00:01 (0.1583 s / it)
Metrics: {'f1': 0.7903225806451614, 'precision': 0.9423076923076923, 'recall': 0.6805555555555556, 'iou': 0.46398703853289286, 'TPs': 98, 'FPs': 6, 'FNs': 46}
Averaged stats: 
Accumulating evaluation results...
COCOeval_opt.accumulate() finished...
DONE (t=0.01s).
IoU metric: bbox
 Average Precision  (AP) @[ IoU=0.50:0.95 | area=   all | maxDets=100 ] = 0.351
 Average Precision  (AP) @[ IoU=0.50      | area=   all | maxDets=100 ] = 0.910
 Average Precision  (AP) @[ IoU=0.75      | area=   all | maxDets=100 ] = 0.149
 Average Precision  (AP) @[ IoU=0.50:0.95 | area= small | maxDets=100 ] = 0.351
 Average Precision  (AP) @[ IoU=0.50:0.95 | area=medium | maxDets=100 ] = -1.000
 Average Precision  (AP) @[ IoU=0.50:0.95 | area= large | maxDets=100 ] = -1.000
 Average Recall     (AR) @[ IoU=0.50:0.95 | area=   all | maxDets=  1 ] = 0.206
 Average Recall     (AR) @[ IoU=0.50:0.95 | area=   all | maxDets= 10 ] = 0.499
 Average Recall     (AR) @[ IoU=0.50:0.95 | area=   all | maxDets=100 ] = 0.610
 Average Recall     (AR) @[ IoU=0.50:0.95 | area= small | maxDets=100 ] = 0.610
 Average Recall     (AR) @[ IoU=0.50:0.95 | area=medium | maxDets=100 ] = -1.000
 Average Recall     (AR) @[ IoU=0.50:0.95 | area= large | maxDets=100 ] = -1.000
 Average Recall     (AR) @[ IoU=0.50      | area=   all | maxDets=100 ] = 1.000
 Average Recall     (AR) @[ IoU=0.75      | area=   all | maxDets=100 ] = 0.701
best_stat: {'epoch': 2, 'coco_eval_bbox': 0.3508453523622517}
Epoch: [3/30]  [ 0/44]  eta: 0:00:40  lr: 0.000100  loss: 20.5431 (20.5431)  loss_mal: 0.7162 (0.7162)  loss_bbox: 0.0656 (0.0656)  loss_giou: 0.7021 (0.7021)  loss_fgl: 1.1638 (1.1638)  loss_mal_aux_0: 0.7559 (0.7559)  loss_bbox_aux_0: 0.0749 (0.0749)  loss_giou_aux_0: 0.7536 (0.7536)  loss_fgl_aux_0: 1.1621 (1.1621)  loss_ddf_aux_0: 0.0258 (0.0258)  loss_mal_aux_1: 0.7500 (0.7500)  loss_bbox_aux_1: 0.0666 (0.0666)  loss_giou_aux_1: 0.7057 (0.7057)  loss_fgl_aux_1: 1.1672 (1.1672)  loss_ddf_aux_1: 0.0015 (0.0015)  loss_mal_pre: 0.7573 (0.7573)  loss_bbox_pre: 0.0710 (0.0710)  loss_giou_pre: 0.7316 (0.7316)  loss_mal_enc_0: 0.9276 (0.9276)  loss_bbox_enc_0: 0.0703 (0.0703)  loss_giou_enc_0: 0.7434 (0.7434)  loss_mal_dn_0: 0.7473 (0.7473)  loss_bbox_dn_0: 0.0558 (0.0558)  loss_giou_dn_0: 0.6383 (0.6383)  loss_fgl_dn_0: 1.1942 (1.1942)  loss_ddf_dn_0: 0.1662 (0.1662)  loss_mal_dn_1: 0.7160 (0.7160)  loss_bbox_dn_1: 0.0406 (0.0406)  loss_giou_dn_1: 0.5027 (0.5027)  loss_fgl_dn_1: 1.1909 (1.1909)  loss_ddf_dn_1: 0.0052 (0.0052)  loss_mal_dn_2: 0.7038 (0.7038)  loss_bbox_dn_2: 0.0404 (0.0404)  loss_giou_dn_2: 0.5012 (0.5012)  loss_fgl_dn_2: 1.1910 (1.1910)  loss_ddf_dn_2: -0.0000 (0.0000)  loss_mal_dn_pre: 0.7461 (0.7461)  loss_bbox_dn_pre: 0.0553 (0.0553)  loss_giou_dn_pre: 0.6359 (0.6359)  time: 0.9206  data: 0.3021  max mem: 5224
Epoch: [3/30]  [10/44]  eta: 0:00:20  lr: 0.000100  loss: 20.3552 (20.3319)  loss_mal: 0.7358 (0.7418)  loss_bbox: 0.0519 (0.0510)  loss_giou: 0.5927 (0.5816)  loss_fgl: 1.2718 (1.2675)  loss_mal_aux_0: 0.8737 (0.8642)  loss_bbox_aux_0: 0.0490 (0.0523)  loss_giou_aux_0: 0.5724 (0.5840)  loss_fgl_aux_0: 1.2880 (1.2709)  loss_ddf_aux_0: 0.0269 (0.0279)  loss_mal_aux_1: 0.7533 (0.7577)  loss_bbox_aux_1: 0.0505 (0.0507)  loss_giou_aux_1: 0.5807 (0.5773)  loss_fgl_aux_1: 1.2719 (1.2683)  loss_ddf_aux_1: 0.0015 (0.0015)  loss_mal_pre: 0.8708 (0.8593)  loss_bbox_pre: 0.0488 (0.0516)  loss_giou_pre: 0.5659 (0.5789)  loss_mal_enc_0: 1.0039 (1.0079)  loss_bbox_enc_0: 0.0486 (0.0530)  loss_giou_enc_0: 0.5779 (0.5946)  loss_mal_dn_0: 0.7425 (0.7425)  loss_bbox_dn_0: 0.0477 (0.0479)  loss_giou_dn_0: 0.5650 (0.5696)  loss_fgl_dn_0: 1.2671 (1.2657)  loss_ddf_dn_0: 0.1662 (0.1664)  loss_mal_dn_1: 0.6998 (0.6994)  loss_bbox_dn_1: 0.0393 (0.0384)  loss_giou_dn_1: 0.4805 (0.4731)  loss_fgl_dn_1: 1.2653 (1.2578)  loss_ddf_dn_1: 0.0044 (0.0042)  loss_mal_dn_2: 0.6941 (0.6948)  loss_bbox_dn_2: 0.0401 (0.0384)  loss_giou_dn_2: 0.4747 (0.4736)  loss_fgl_dn_2: 1.2617 (1.2578)  loss_ddf_dn_2: -0.0000 (0.0000)  loss_mal_dn_pre: 0.7407 (0.7413)  loss_bbox_dn_pre: 0.0472 (0.0480)  loss_giou_dn_pre: 0.5621 (0.5708)  time: 0.6161  data: 0.0408  max mem: 5224
Epoch: [3/30]  [20/44]  eta: 0:00:14  lr: 0.000100  loss: 20.1793 (20.1515)  loss_mal: 0.7299 (0.7315)  loss_bbox: 0.0513 (0.0506)  loss_giou: 0.5699 (0.5720)  loss_fgl: 1.2644 (1.2656)  loss_mal_aux_0: 0.8302 (0.8410)  loss_bbox_aux_0: 0.0507 (0.0516)  loss_giou_aux_0: 0.5724 (0.5772)  loss_fgl_aux_0: 1.2657 (1.2678)  loss_ddf_aux_0: 0.0207 (0.0238)  loss_mal_aux_1: 0.7424 (0.7422)  loss_bbox_aux_1: 0.0505 (0.0505)  loss_giou_aux_1: 0.5722 (0.5696)  loss_fgl_aux_1: 1.2662 (1.2660)  loss_ddf_aux_1: 0.0012 (0.0014)  loss_mal_pre: 0.8337 (0.8360)  loss_bbox_pre: 0.0511 (0.0511)  loss_giou_pre: 0.5659 (0.5733)  loss_mal_enc_0: 0.9878 (0.9907)  loss_bbox_enc_0: 0.0486 (0.0524)  loss_giou_enc_0: 0.5756 (0.5886)  loss_mal_dn_0: 0.7411 (0.7417)  loss_bbox_dn_0: 0.0486 (0.0494)  loss_giou_dn_0: 0.5665 (0.5733)  loss_fgl_dn_0: 1.2614 (1.2590)  loss_ddf_dn_0: 0.1338 (0.1426)  loss_mal_dn_1: 0.6942 (0.6959)  loss_bbox_dn_1: 0.0393 (0.0393)  loss_giou_dn_1: 0.4682 (0.4751)  loss_fgl_dn_1: 1.2523 (1.2507)  loss_ddf_dn_1: 0.0030 (0.0033)  loss_mal_dn_2: 0.6897 (0.6912)  loss_bbox_dn_2: 0.0393 (0.0393)  loss_giou_dn_2: 0.4654 (0.4745)  loss_fgl_dn_2: 1.2531 (1.2508)  loss_ddf_dn_2: -0.0000 (0.0000)  loss_mal_dn_pre: 0.7398 (0.7406)  loss_bbox_dn_pre: 0.0490 (0.0492)  loss_giou_dn_pre: 0.5708 (0.5725)  time: 0.5919  data: 0.0152  max mem: 5224
Epoch: [3/30]  [30/44]  eta: 0:00:08  lr: 0.000100  loss: 19.7529 (20.0587)  loss_mal: 0.7116 (0.7256)  loss_bbox: 0.0491 (0.0501)  loss_giou: 0.5467 (0.5676)  loss_fgl: 1.2632 (1.2664)  loss_mal_aux_0: 0.7998 (0.8249)  loss_bbox_aux_0: 0.0498 (0.0507)  loss_giou_aux_0: 0.5477 (0.5703)  loss_fgl_aux_0: 1.2732 (1.2693)  loss_ddf_aux_0: 0.0201 (0.0225)  loss_mal_aux_1: 0.7163 (0.7350)  loss_bbox_aux_1: 0.0494 (0.0501)  loss_giou_aux_1: 0.5481 (0.5662)  loss_fgl_aux_1: 1.2631 (1.2665)  loss_ddf_aux_1: 0.0011 (0.0012)  loss_mal_pre: 0.7947 (0.8207)  loss_bbox_pre: 0.0498 (0.0502)  loss_giou_pre: 0.5434 (0.5666)  loss_mal_enc_0: 0.9624 (0.9821)  loss_bbox_enc_0: 0.0492 (0.0516)  loss_giou_enc_0: 0.5601 (0.5830)  loss_mal_dn_0: 0.7405 (0.7417)  loss_bbox_dn_0: 0.0484 (0.0490)  loss_giou_dn_0: 0.5653 (0.5706)  loss_fgl_dn_0: 1.2568 (1.2665)  loss_ddf_dn_0: 0.1150 (0.1367)  loss_mal_dn_1: 0.6897 (0.6943)  loss_bbox_dn_1: 0.0385 (0.0389)  loss_giou_dn_1: 0.4619 (0.4699)  loss_fgl_dn_1: 1.2380 (1.2561)  loss_ddf_dn_1: 0.0023 (0.0030)  loss_mal_dn_2: 0.6837 (0.6891)  loss_bbox_dn_2: 0.0382 (0.0388)  loss_giou_dn_2: 0.4626 (0.4690)  loss_fgl_dn_2: 1.2373 (1.2561)  loss_ddf_dn_2: -0.0000 (0.0000)  loss_mal_dn_pre: 0.7400 (0.7405)  loss_bbox_dn_pre: 0.0490 (0.0487)  loss_giou_dn_pre: 0.5675 (0.5695)  time: 0.5767  data: 0.0157  max mem: 5224
Epoch: [3/30]  [40/44]  eta: 0:00:02  lr: 0.000100  loss: 19.6538 (19.9724)  loss_mal: 0.7023 (0.7214)  loss_bbox: 0.0472 (0.0500)  loss_giou: 0.5467 (0.5649)  loss_fgl: 1.2713 (1.2673)  loss_mal_aux_0: 0.7885 (0.8165)  loss_bbox_aux_0: 0.0478 (0.0506)  loss_giou_aux_0: 0.5542 (0.5692)  loss_fgl_aux_0: 1.2735 (1.2693)  loss_ddf_aux_0: 0.0174 (0.0209)  loss_mal_aux_1: 0.7114 (0.7294)  loss_bbox_aux_1: 0.0470 (0.0499)  loss_giou_aux_1: 0.5437 (0.5635)  loss_fgl_aux_1: 1.2715 (1.2674)  loss_ddf_aux_1: 0.0010 (0.0012)  loss_mal_pre: 0.7837 (0.8123)  loss_bbox_pre: 0.0475 (0.0502)  loss_giou_pre: 0.5463 (0.5665)  loss_mal_enc_0: 0.9391 (0.9712)  loss_bbox_enc_0: 0.0488 (0.0514)  loss_giou_enc_0: 0.5557 (0.5798)  loss_mal_dn_0: 0.7389 (0.7410)  loss_bbox_dn_0: 0.0478 (0.0490)  loss_giou_dn_0: 0.5639 (0.5680)  loss_fgl_dn_0: 1.2640 (1.2649)  loss_ddf_dn_0: 0.1134 (0.1295)  loss_mal_dn_1: 0.6851 (0.6912)  loss_bbox_dn_1: 0.0372 (0.0384)  loss_giou_dn_1: 0.4482 (0.4642)  loss_fgl_dn_1: 1.2547 (1.2535)  loss_ddf_dn_1: 0.0021 (0.0028)  loss_mal_dn_2: 0.6815 (0.6862)  loss_bbox_dn_2: 0.0371 (0.0384)  loss_giou_dn_2: 0.4510 (0.4637)  loss_fgl_dn_2: 1.2540 (1.2537)  loss_ddf_dn_2: -0.0000 (0.0000)  loss_mal_dn_pre: 0.7388 (0.7397)  loss_bbox_dn_pre: 0.0474 (0.0487)  loss_giou_dn_pre: 0.5600 (0.5666)  time: 0.5614  data: 0.0159  max mem: 5224
Epoch: [3/30]  [43/44]  eta: 0:00:00  lr: 0.000100  loss: 19.5957 (19.9451)  loss_mal: 0.6976 (0.7198)  loss_bbox: 0.0466 (0.0495)  loss_giou: 0.5449 (0.5642)  loss_fgl: 1.2664 (1.2659)  loss_mal_aux_0: 0.7885 (0.8143)  loss_bbox_aux_0: 0.0469 (0.0501)  loss_giou_aux_0: 0.5433 (0.5681)  loss_fgl_aux_0: 1.2732 (1.2681)  loss_ddf_aux_0: 0.0167 (0.0204)  loss_mal_aux_1: 0.7093 (0.7276)  loss_bbox_aux_1: 0.0463 (0.0495)  loss_giou_aux_1: 0.5422 (0.5631)  loss_fgl_aux_1: 1.2676 (1.2660)  loss_ddf_aux_1: 0.0010 (0.0012)  loss_mal_pre: 0.7837 (0.8103)  loss_bbox_pre: 0.0467 (0.0497)  loss_giou_pre: 0.5376 (0.5656)  loss_mal_enc_0: 0.9391 (0.9695)  loss_bbox_enc_0: 0.0484 (0.0510)  loss_giou_enc_0: 0.5487 (0.5804)  loss_mal_dn_0: 0.7389 (0.7409)  loss_bbox_dn_0: 0.0474 (0.0486)  loss_giou_dn_0: 0.5564 (0.5673)  loss_fgl_dn_0: 1.2601 (1.2645)  loss_ddf_dn_0: 0.1105 (0.1298)  loss_mal_dn_1: 0.6839 (0.6906)  loss_bbox_dn_1: 0.0366 (0.0381)  loss_giou_dn_1: 0.4446 (0.4630)  loss_fgl_dn_1: 1.2418 (1.2525)  loss_ddf_dn_1: 0.0020 (0.0028)  loss_mal_dn_2: 0.6777 (0.6856)  loss_bbox_dn_2: 0.0365 (0.0380)  loss_giou_dn_2: 0.4433 (0.4624)  loss_fgl_dn_2: 1.2404 (1.2526)  loss_ddf_dn_2: -0.0000 (0.0000)  loss_mal_dn_pre: 0.7391 (0.7398)  loss_bbox_dn_pre: 0.0462 (0.0483)  loss_giou_dn_pre: 0.5539 (0.5660)  time: 0.5551  data: 0.0160  max mem: 5224
Epoch: [3/30] Total time: 0:00:25 (0.5792 s / it)
Averaged stats: lr: 0.000100  loss: 19.5957 (19.9451)  loss_mal: 0.6976 (0.7198)  loss_bbox: 0.0466 (0.0495)  loss_giou: 0.5449 (0.5642)  loss_fgl: 1.2664 (1.2659)  loss_mal_aux_0: 0.7885 (0.8143)  loss_bbox_aux_0: 0.0469 (0.0501)  loss_giou_aux_0: 0.5433 (0.5681)  loss_fgl_aux_0: 1.2732 (1.2681)  loss_ddf_aux_0: 0.0167 (0.0204)  loss_mal_aux_1: 0.7093 (0.7276)  loss_bbox_aux_1: 0.0463 (0.0495)  loss_giou_aux_1: 0.5422 (0.5631)  loss_fgl_aux_1: 1.2676 (1.2660)  loss_ddf_aux_1: 0.0010 (0.0012)  loss_mal_pre: 0.7837 (0.8103)  loss_bbox_pre: 0.0467 (0.0497)  loss_giou_pre: 0.5376 (0.5656)  loss_mal_enc_0: 0.9391 (0.9695)  loss_bbox_enc_0: 0.0484 (0.0510)  loss_giou_enc_0: 0.5487 (0.5804)  loss_mal_dn_0: 0.7389 (0.7409)  loss_bbox_dn_0: 0.0474 (0.0486)  loss_giou_dn_0: 0.5564 (0.5673)  loss_fgl_dn_0: 1.2601 (1.2645)  loss_ddf_dn_0: 0.1105 (0.1298)  loss_mal_dn_1: 0.6839 (0.6906)  loss_bbox_dn_1: 0.0366 (0.0381)  loss_giou_dn_1: 0.4446 (0.4630)  loss_fgl_dn_1: 1.2418 (1.2525)  loss_ddf_dn_1: 0.0020 (0.0028)  loss_mal_dn_2: 0.6777 (0.6856)  loss_bbox_dn_2: 0.0365 (0.0380)  loss_giou_dn_2: 0.4433 (0.4624)  loss_fgl_dn_2: 1.2404 (1.2526)  loss_ddf_dn_2: -0.0000 (0.0000)  loss_mal_dn_pre: 0.7391 (0.7398)  loss_bbox_dn_pre: 0.0462 (0.0483)  loss_giou_dn_pre: 0.5539 (0.5660)
Test:  [0/9]  eta: 0:00:03    time: 0.3393  data: 0.2521  max mem: 5224
Test:  [8/9]  eta: 0:00:00    time: 0.1341  data: 0.0423  max mem: 5224
Test: Total time: 0:00:01 (0.1379 s / it)
Metrics: {'f1': 0.8913857677902621, 'precision': 0.967479674796748, 'recall': 0.8263888888888888, 'iou': 0.5761107162043855, 'TPs': 119, 'FPs': 4, 'FNs': 25}
Averaged stats: 
Accumulating evaluation results...
COCOeval_opt.accumulate() finished...
DONE (t=0.01s).
IoU metric: bbox
 Average Precision  (AP) @[ IoU=0.50:0.95 | area=   all | maxDets=100 ] = 0.378
 Average Precision  (AP) @[ IoU=0.50      | area=   all | maxDets=100 ] = 0.953
 Average Precision  (AP) @[ IoU=0.75      | area=   all | maxDets=100 ] = 0.209
 Average Precision  (AP) @[ IoU=0.50:0.95 | area= small | maxDets=100 ] = 0.378
 Average Precision  (AP) @[ IoU=0.50:0.95 | area=medium | maxDets=100 ] = -1.000
 Average Precision  (AP) @[ IoU=0.50:0.95 | area= large | maxDets=100 ] = -1.000
 Average Recall     (AR) @[ IoU=0.50:0.95 | area=   all | maxDets=  1 ] = 0.212
 Average Recall     (AR) @[ IoU=0.50:0.95 | area=   all | maxDets= 10 ] = 0.514
 Average Recall     (AR) @[ IoU=0.50:0.95 | area=   all | maxDets=100 ] = 0.633
 Average Recall     (AR) @[ IoU=0.50:0.95 | area= small | maxDets=100 ] = 0.633
 Average Recall     (AR) @[ IoU=0.50:0.95 | area=medium | maxDets=100 ] = -1.000
 Average Recall     (AR) @[ IoU=0.50:0.95 | area= large | maxDets=100 ] = -1.000
 Average Recall     (AR) @[ IoU=0.50      | area=   all | maxDets=100 ] = 0.993
 Average Recall     (AR) @[ IoU=0.75      | area=   all | maxDets=100 ] = 0.722
best_stat: {'epoch': 3, 'coco_eval_bbox': 0.37821048554885567}
Epoch: [4/30]  [ 0/44]  eta: 0:00:39  lr: 0.000100  loss: 18.9272 (18.9272)  loss_mal: 0.6926 (0.6926)  loss_bbox: 0.0442 (0.0442)  loss_giou: 0.4906 (0.4906)  loss_fgl: 1.2439 (1.2439)  loss_mal_aux_0: 0.8062 (0.8062)  loss_bbox_aux_0: 0.0445 (0.0445)  loss_giou_aux_0: 0.4952 (0.4952)  loss_fgl_aux_0: 1.2504 (1.2504)  loss_ddf_aux_0: 0.0187 (0.0187)  loss_mal_aux_1: 0.7052 (0.7052)  loss_bbox_aux_1: 0.0449 (0.0449)  loss_giou_aux_1: 0.4946 (0.4946)  loss_fgl_aux_1: 1.2462 (1.2462)  loss_ddf_aux_1: 0.0011 (0.0011)  loss_mal_pre: 0.8041 (0.8041)  loss_bbox_pre: 0.0445 (0.0445)  loss_giou_pre: 0.4994 (0.4994)  loss_mal_enc_0: 0.9883 (0.9883)  loss_bbox_enc_0: 0.0477 (0.0477)  loss_giou_enc_0: 0.5044 (0.5044)  loss_mal_dn_0: 0.7355 (0.7355)  loss_bbox_dn_0: 0.0404 (0.0404)  loss_giou_dn_0: 0.4727 (0.4727)  loss_fgl_dn_0: 1.2767 (1.2767)  loss_ddf_dn_0: 0.1251 (0.1251)  loss_mal_dn_1: 0.6520 (0.6520)  loss_bbox_dn_1: 0.0296 (0.0296)  loss_giou_dn_1: 0.3598 (0.3598)  loss_fgl_dn_1: 1.2472 (1.2472)  loss_ddf_dn_1: 0.0016 (0.0016)  loss_mal_dn_2: 0.6419 (0.6419)  loss_bbox_dn_2: 0.0288 (0.0288)  loss_giou_dn_2: 0.3538 (0.3538)  loss_fgl_dn_2: 1.2447 (1.2447)  loss_ddf_dn_2: -0.0000 (0.0000)  loss_mal_dn_pre: 0.7387 (0.7387)  loss_bbox_dn_pre: 0.0405 (0.0405)  loss_giou_dn_pre: 0.4721 (0.4721)  time: 0.9001  data: 0.2421  max mem: 5224
Epoch: [4/30]  [10/44]  eta: 0:00:20  lr: 0.000100  loss: 19.5671 (19.4889)  loss_mal: 0.7035 (0.7016)  loss_bbox: 0.0459 (0.0456)  loss_giou: 0.5359 (0.5343)  loss_fgl: 1.2810 (1.2774)  loss_mal_aux_0: 0.7750 (0.7733)  loss_bbox_aux_0: 0.0479 (0.0464)  loss_giou_aux_0: 0.5614 (0.5457)  loss_fgl_aux_0: 1.2817 (1.2802)  loss_ddf_aux_0: 0.0173 (0.0175)  loss_mal_aux_1: 0.7064 (0.7079)  loss_bbox_aux_1: 0.0456 (0.0457)  loss_giou_aux_1: 0.5327 (0.5340)  loss_fgl_aux_1: 1.2811 (1.2776)  loss_ddf_aux_1: 0.0011 (0.0010)  loss_mal_pre: 0.7718 (0.7727)  loss_bbox_pre: 0.0481 (0.0464)  loss_giou_pre: 0.5590 (0.5462)  loss_mal_enc_0: 0.9327 (0.9324)  loss_bbox_enc_0: 0.0477 (0.0469)  loss_giou_enc_0: 0.5453 (0.5529)  loss_mal_dn_0: 0.7373 (0.7368)  loss_bbox_dn_0: 0.0428 (0.0436)  loss_giou_dn_0: 0.5260 (0.5310)  loss_fgl_dn_0: 1.2818 (1.2739)  loss_ddf_dn_0: 0.1340 (0.1338)  loss_mal_dn_1: 0.6687 (0.6725)  loss_bbox_dn_1: 0.0333 (0.0340)  loss_giou_dn_1: 0.4213 (0.4266)  loss_fgl_dn_1: 1.2609 (1.2552)  loss_ddf_dn_1: 0.0025 (0.0024)  loss_mal_dn_2: 0.6693 (0.6702)  loss_bbox_dn_2: 0.0327 (0.0337)  loss_giou_dn_2: 0.4167 (0.4241)  loss_fgl_dn_2: 1.2603 (1.2549)  loss_ddf_dn_2: -0.0000 (0.0000)  loss_mal_dn_pre: 0.7369 (0.7359)  loss_bbox_dn_pre: 0.0425 (0.0436)  loss_giou_dn_pre: 0.5264 (0.5308)  time: 0.6013  data: 0.0373  max mem: 5224
Epoch: [4/30]  [20/44]  eta: 0:00:13  lr: 0.000100  loss: 19.4803 (19.4064)  loss_mal: 0.6991 (0.6980)  loss_bbox: 0.0456 (0.0456)  loss_giou: 0.5312 (0.5310)  loss_fgl: 1.2676 (1.2743)  loss_mal_aux_0: 0.7686 (0.7694)  loss_bbox_aux_0: 0.0470 (0.0463)  loss_giou_aux_0: 0.5381 (0.5386)  loss_fgl_aux_0: 1.2749 (1.2765)  loss_ddf_aux_0: 0.0162 (0.0166)  loss_mal_aux_1: 0.7051 (0.7047)  loss_bbox_aux_1: 0.0456 (0.0458)  loss_giou_aux_1: 0.5327 (0.5317)  loss_fgl_aux_1: 1.2682 (1.2741)  loss_ddf_aux_1: 0.0009 (0.0009)  loss_mal_pre: 0.7689 (0.7686)  loss_bbox_pre: 0.0469 (0.0463)  loss_giou_pre: 0.5385 (0.5389)  loss_mal_enc_0: 0.9112 (0.9205)  loss_bbox_enc_0: 0.0468 (0.0475)  loss_giou_enc_0: 0.5453 (0.5535)  loss_mal_dn_0: 0.7340 (0.7338)  loss_bbox_dn_0: 0.0428 (0.0444)  loss_giou_dn_0: 0.5260 (0.5305)  loss_fgl_dn_0: 1.2643 (1.2676)  loss_ddf_dn_0: 0.1340 (0.1340)  loss_mal_dn_1: 0.6719 (0.6734)  loss_bbox_dn_1: 0.0338 (0.0343)  loss_giou_dn_1: 0.4268 (0.4285)  loss_fgl_dn_1: 1.2461 (1.2468)  loss_ddf_dn_1: 0.0022 (0.0023)  loss_mal_dn_2: 0.6694 (0.6686)  loss_bbox_dn_2: 0.0339 (0.0340)  loss_giou_dn_2: 0.4246 (0.4266)  loss_fgl_dn_2: 1.2478 (1.2465)  loss_ddf_dn_2: -0.0000 (0.0000)  loss_mal_dn_pre: 0.7332 (0.7327)  loss_bbox_dn_pre: 0.0425 (0.0443)  loss_giou_dn_pre: 0.5264 (0.5292)  time: 0.5498  data: 0.0174  max mem: 5224
Epoch: [4/30]  [30/44]  eta: 0:00:07  lr: 0.000100  loss: 19.3749 (19.4978)  loss_mal: 0.6979 (0.7002)  loss_bbox: 0.0445 (0.0461)  loss_giou: 0.5332 (0.5356)  loss_fgl: 1.2675 (1.2747)  loss_mal_aux_0: 0.7666 (0.7729)  loss_bbox_aux_0: 0.0461 (0.0470)  loss_giou_aux_0: 0.5391 (0.5474)  loss_fgl_aux_0: 1.2714 (1.2757)  loss_ddf_aux_0: 0.0167 (0.0169)  loss_mal_aux_1: 0.7012 (0.7066)  loss_bbox_aux_1: 0.0444 (0.0462)  loss_giou_aux_1: 0.5350 (0.5358)  loss_fgl_aux_1: 1.2652 (1.2745)  loss_ddf_aux_1: 0.0009 (0.0010)  loss_mal_pre: 0.7624 (0.7712)  loss_bbox_pre: 0.0460 (0.0469)  loss_giou_pre: 0.5385 (0.5466)  loss_mal_enc_0: 0.9046 (0.9149)  loss_bbox_enc_0: 0.0462 (0.0477)  loss_giou_enc_0: 0.5530 (0.5562)  loss_mal_dn_0: 0.7315 (0.7333)  loss_bbox_dn_0: 0.0444 (0.0454)  loss_giou_dn_0: 0.5453 (0.5421)  loss_fgl_dn_0: 1.2643 (1.2759)  loss_ddf_dn_0: 0.1266 (0.1319)  loss_mal_dn_1: 0.6752 (0.6748)  loss_bbox_dn_1: 0.0346 (0.0347)  loss_giou_dn_1: 0.4376 (0.4333)  loss_fgl_dn_1: 1.2461 (1.2530)  loss_ddf_dn_1: 0.0019 (0.0022)  loss_mal_dn_2: 0.6717 (0.6706)  loss_bbox_dn_2: 0.0345 (0.0345)  loss_giou_dn_2: 0.4337 (0.4314)  loss_fgl_dn_2: 1.2478 (1.2529)  loss_ddf_dn_2: -0.0000 (0.0000)  loss_mal_dn_pre: 0.7300 (0.7319)  loss_bbox_dn_pre: 0.0447 (0.0453)  loss_giou_dn_pre: 0.5455 (0.5406)  time: 0.4849  data: 0.0179  max mem: 5224
Epoch: [4/30]  [40/44]  eta: 0:00:02  lr: 0.000100  loss: 19.6873 (19.5031)  loss_mal: 0.7007 (0.7002)  loss_bbox: 0.0450 (0.0470)  loss_giou: 0.5409 (0.5382)  loss_fgl: 1.2845 (1.2733)  loss_mal_aux_0: 0.7666 (0.7699)  loss_bbox_aux_0: 0.0471 (0.0478)  loss_giou_aux_0: 0.5484 (0.5490)  loss_fgl_aux_0: 1.2812 (1.2744)  loss_ddf_aux_0: 0.0153 (0.0162)  loss_mal_aux_1: 0.7015 (0.7071)  loss_bbox_aux_1: 0.0455 (0.0470)  loss_giou_aux_1: 0.5371 (0.5381)  loss_fgl_aux_1: 1.2848 (1.2730)  loss_ddf_aux_1: 0.0009 (0.0009)  loss_mal_pre: 0.7624 (0.7686)  loss_bbox_pre: 0.0465 (0.0478)  loss_giou_pre: 0.5462 (0.5485)  loss_mal_enc_0: 0.8898 (0.9082)  loss_bbox_enc_0: 0.0474 (0.0486)  loss_giou_enc_0: 0.5517 (0.5577)  loss_mal_dn_0: 0.7307 (0.7328)  loss_bbox_dn_0: 0.0472 (0.0467)  loss_giou_dn_0: 0.5407 (0.5481)  loss_fgl_dn_0: 1.2741 (1.2715)  loss_ddf_dn_0: 0.1210 (0.1307)  loss_mal_dn_1: 0.6741 (0.6758)  loss_bbox_dn_1: 0.0354 (0.0353)  loss_giou_dn_1: 0.4376 (0.4365)  loss_fgl_dn_1: 1.2468 (1.2485)  loss_ddf_dn_1: 0.0023 (0.0024)  loss_mal_dn_2: 0.6695 (0.6714)  loss_bbox_dn_2: 0.0350 (0.0351)  loss_giou_dn_2: 0.4337 (0.4342)  loss_fgl_dn_2: 1.2459 (1.2483)  loss_ddf_dn_2: -0.0000 (0.0000)  loss_mal_dn_pre: 0.7301 (0.7315)  loss_bbox_dn_pre: 0.0465 (0.0465)  loss_giou_dn_pre: 0.5412 (0.5464)  time: 0.4499  data: 0.0168  max mem: 5224
Epoch: [4/30]  [43/44]  eta: 0:00:00  lr: 0.000100  loss: 19.3308 (19.5013)  loss_mal: 0.7004 (0.7000)  loss_bbox: 0.0460 (0.0471)  loss_giou: 0.5346 (0.5386)  loss_fgl: 1.2845 (1.2734)  loss_mal_aux_0: 0.7611 (0.7718)  loss_bbox_aux_0: 0.0471 (0.0479)  loss_giou_aux_0: 0.5406 (0.5483)  loss_fgl_aux_0: 1.2812 (1.2744)  loss_ddf_aux_0: 0.0153 (0.0162)  loss_mal_aux_1: 0.7015 (0.7074)  loss_bbox_aux_1: 0.0461 (0.0471)  loss_giou_aux_1: 0.5334 (0.5384)  loss_fgl_aux_1: 1.2848 (1.2730)  loss_ddf_aux_1: 0.0008 (0.0009)  loss_mal_pre: 0.7624 (0.7702)  loss_bbox_pre: 0.0465 (0.0478)  loss_giou_pre: 0.5423 (0.5479)  loss_mal_enc_0: 0.8810 (0.9057)  loss_bbox_enc_0: 0.0474 (0.0487)  loss_giou_enc_0: 0.5422 (0.5575)  loss_mal_dn_0: 0.7295 (0.7327)  loss_bbox_dn_0: 0.0484 (0.0466)  loss_giou_dn_0: 0.5405 (0.5467)  loss_fgl_dn_0: 1.2741 (1.2723)  loss_ddf_dn_0: 0.1210 (0.1309)  loss_mal_dn_1: 0.6735 (0.6760)  loss_bbox_dn_1: 0.0356 (0.0352)  loss_giou_dn_1: 0.4318 (0.4357)  loss_fgl_dn_1: 1.2493 (1.2490)  loss_ddf_dn_1: 0.0025 (0.0024)  loss_mal_dn_2: 0.6693 (0.6715)  loss_bbox_dn_2: 0.0350 (0.0350)  loss_giou_dn_2: 0.4317 (0.4336)  loss_fgl_dn_2: 1.2493 (1.2487)  loss_ddf_dn_2: -0.0000 (0.0000)  loss_mal_dn_pre: 0.7283 (0.7314)  loss_bbox_dn_pre: 0.0480 (0.0464)  loss_giou_dn_pre: 0.5345 (0.5450)  time: 0.4454  data: 0.0159  max mem: 5224
Epoch: [4/30] Total time: 0:00:22 (0.5041 s / it)
Averaged stats: lr: 0.000100  loss: 19.3308 (19.5013)  loss_mal: 0.7004 (0.7000)  loss_bbox: 0.0460 (0.0471)  loss_giou: 0.5346 (0.5386)  loss_fgl: 1.2845 (1.2734)  loss_mal_aux_0: 0.7611 (0.7718)  loss_bbox_aux_0: 0.0471 (0.0479)  loss_giou_aux_0: 0.5406 (0.5483)  loss_fgl_aux_0: 1.2812 (1.2744)  loss_ddf_aux_0: 0.0153 (0.0162)  loss_mal_aux_1: 0.7015 (0.7074)  loss_bbox_aux_1: 0.0461 (0.0471)  loss_giou_aux_1: 0.5334 (0.5384)  loss_fgl_aux_1: 1.2848 (1.2730)  loss_ddf_aux_1: 0.0008 (0.0009)  loss_mal_pre: 0.7624 (0.7702)  loss_bbox_pre: 0.0465 (0.0478)  loss_giou_pre: 0.5423 (0.5479)  loss_mal_enc_0: 0.8810 (0.9057)  loss_bbox_enc_0: 0.0474 (0.0487)  loss_giou_enc_0: 0.5422 (0.5575)  loss_mal_dn_0: 0.7295 (0.7327)  loss_bbox_dn_0: 0.0484 (0.0466)  loss_giou_dn_0: 0.5405 (0.5467)  loss_fgl_dn_0: 1.2741 (1.2723)  loss_ddf_dn_0: 0.1210 (0.1309)  loss_mal_dn_1: 0.6735 (0.6760)  loss_bbox_dn_1: 0.0356 (0.0352)  loss_giou_dn_1: 0.4318 (0.4357)  loss_fgl_dn_1: 1.2493 (1.2490)  loss_ddf_dn_1: 0.0025 (0.0024)  loss_mal_dn_2: 0.6693 (0.6715)  loss_bbox_dn_2: 0.0350 (0.0350)  loss_giou_dn_2: 0.4317 (0.4336)  loss_fgl_dn_2: 1.2493 (1.2487)  loss_ddf_dn_2: -0.0000 (0.0000)  loss_mal_dn_pre: 0.7283 (0.7314)  loss_bbox_dn_pre: 0.0480 (0.0464)  loss_giou_dn_pre: 0.5345 (0.5450)
Test:  [0/9]  eta: 0:00:02    time: 0.3323  data: 0.2581  max mem: 5224
Test:  [8/9]  eta: 0:00:00    time: 0.1290  data: 0.0443  max mem: 5224
Test: Total time: 0:00:01 (0.1327 s / it)
Metrics: {'f1': 0.9614035087719298, 'precision': 0.9716312056737588, 'recall': 0.9513888888888888, 'iou': 0.6586015534562033, 'TPs': 137, 'FPs': 4, 'FNs': 7}
Averaged stats: 
Accumulating evaluation results...
COCOeval_opt.accumulate() finished...
DONE (t=0.01s).
IoU metric: bbox
 Average Precision  (AP) @[ IoU=0.50:0.95 | area=   all | maxDets=100 ] = 0.370
 Average Precision  (AP) @[ IoU=0.50      | area=   all | maxDets=100 ] = 0.969
 Average Precision  (AP) @[ IoU=0.75      | area=   all | maxDets=100 ] = 0.167
 Average Precision  (AP) @[ IoU=0.50:0.95 | area= small | maxDets=100 ] = 0.370
 Average Precision  (AP) @[ IoU=0.50:0.95 | area=medium | maxDets=100 ] = -1.000
 Average Precision  (AP) @[ IoU=0.50:0.95 | area= large | maxDets=100 ] = -1.000
 Average Recall     (AR) @[ IoU=0.50:0.95 | area=   all | maxDets=  1 ] = 0.207
 Average Recall     (AR) @[ IoU=0.50:0.95 | area=   all | maxDets= 10 ] = 0.505
 Average Recall     (AR) @[ IoU=0.50:0.95 | area=   all | maxDets=100 ] = 0.631
 Average Recall     (AR) @[ IoU=0.50:0.95 | area= small | maxDets=100 ] = 0.631
 Average Recall     (AR) @[ IoU=0.50:0.95 | area=medium | maxDets=100 ] = -1.000
 Average Recall     (AR) @[ IoU=0.50:0.95 | area= large | maxDets=100 ] = -1.000
 Average Recall     (AR) @[ IoU=0.50      | area=   all | maxDets=100 ] = 0.993
 Average Recall     (AR) @[ IoU=0.75      | area=   all | maxDets=100 ] = 0.701
best_stat: {'epoch': 3, 'coco_eval_bbox': 0.37821048554885567}
Epoch: [5/30]  [ 0/44]  eta: 0:00:31  lr: 0.000100  loss: 19.1124 (19.1124)  loss_mal: 0.6885 (0.6885)  loss_bbox: 0.0462 (0.0462)  loss_giou: 0.4960 (0.4960)  loss_fgl: 1.2763 (1.2763)  loss_mal_aux_0: 0.7881 (0.7881)  loss_bbox_aux_0: 0.0471 (0.0471)  loss_giou_aux_0: 0.4954 (0.4954)  loss_fgl_aux_0: 1.2850 (1.2850)  loss_ddf_aux_0: 0.0145 (0.0145)  loss_mal_aux_1: 0.6944 (0.6944)  loss_bbox_aux_1: 0.0462 (0.0462)  loss_giou_aux_1: 0.4953 (0.4953)  loss_fgl_aux_1: 1.2769 (1.2769)  loss_ddf_aux_1: 0.0007 (0.0007)  loss_mal_pre: 0.7825 (0.7825)  loss_bbox_pre: 0.0474 (0.0474)  loss_giou_pre: 0.4946 (0.4946)  loss_mal_enc_0: 0.8878 (0.8878)  loss_bbox_enc_0: 0.0468 (0.0468)  loss_giou_enc_0: 0.4962 (0.4962)  loss_mal_dn_0: 0.7252 (0.7252)  loss_bbox_dn_0: 0.0453 (0.0453)  loss_giou_dn_0: 0.5015 (0.5015)  loss_fgl_dn_0: 1.2695 (1.2695)  loss_ddf_dn_0: 0.1602 (0.1602)  loss_mal_dn_1: 0.6701 (0.6701)  loss_bbox_dn_1: 0.0357 (0.0357)  loss_giou_dn_1: 0.4115 (0.4115)  loss_fgl_dn_1: 1.2461 (1.2461)  loss_ddf_dn_1: 0.0035 (0.0035)  loss_mal_dn_2: 0.6720 (0.6720)  loss_bbox_dn_2: 0.0361 (0.0361)  loss_giou_dn_2: 0.4148 (0.4148)  loss_fgl_dn_2: 1.2470 (1.2470)  loss_ddf_dn_2: -0.0000 (0.0000)  loss_mal_dn_pre: 0.7247 (0.7247)  loss_bbox_dn_pre: 0.0448 (0.0448)  loss_giou_dn_pre: 0.4988 (0.4988)  time: 0.7091  data: 0.2533  max mem: 5224
Epoch: [5/30]  [10/44]  eta: 0:00:15  lr: 0.000100  loss: 19.1124 (19.0827)  loss_mal: 0.6892 (0.6900)  loss_bbox: 0.0442 (0.0436)  loss_giou: 0.5180 (0.5127)  loss_fgl: 1.2736 (1.2665)  loss_mal_aux_0: 0.7395 (0.7469)  loss_bbox_aux_0: 0.0453 (0.0445)  loss_giou_aux_0: 0.5256 (0.5198)  loss_fgl_aux_0: 1.2756 (1.2701)  loss_ddf_aux_0: 0.0133 (0.0141)  loss_mal_aux_1: 0.6944 (0.6973)  loss_bbox_aux_1: 0.0446 (0.0438)  loss_giou_aux_1: 0.5175 (0.5140)  loss_fgl_aux_1: 1.2727 (1.2674)  loss_ddf_aux_1: 0.0006 (0.0007)  loss_mal_pre: 0.7391 (0.7456)  loss_bbox_pre: 0.0453 (0.0446)  loss_giou_pre: 0.5265 (0.5202)  loss_mal_enc_0: 0.8852 (0.8871)  loss_bbox_enc_0: 0.0468 (0.0461)  loss_giou_enc_0: 0.5439 (0.5363)  loss_mal_dn_0: 0.7261 (0.7255)  loss_bbox_dn_0: 0.0445 (0.0433)  loss_giou_dn_0: 0.5124 (0.5148)  loss_fgl_dn_0: 1.2630 (1.2635)  loss_ddf_dn_0: 0.1213 (0.1245)  loss_mal_dn_1: 0.6707 (0.6670)  loss_bbox_dn_1: 0.0339 (0.0333)  loss_giou_dn_1: 0.4222 (0.4159)  loss_fgl_dn_1: 1.2439 (1.2421)  loss_ddf_dn_1: 0.0022 (0.0023)  loss_mal_dn_2: 0.6700 (0.6664)  loss_bbox_dn_2: 0.0336 (0.0334)  loss_giou_dn_2: 0.4211 (0.4157)  loss_fgl_dn_2: 1.2424 (1.2422)  loss_ddf_dn_2: -0.0000 (0.0000)  loss_mal_dn_pre: 0.7257 (0.7249)  loss_bbox_dn_pre: 0.0440 (0.0431)  loss_giou_dn_pre: 0.5113 (0.5139)  time: 0.4562  data: 0.0382  max mem: 5224
Epoch: [5/30]  [20/44]  eta: 0:00:10  lr: 0.000100  loss: 18.9494 (19.0293)  loss_mal: 0.6869 (0.6869)  loss_bbox: 0.0429 (0.0430)  loss_giou: 0.4973 (0.5045)  loss_fgl: 1.2738 (1.2703)  loss_mal_aux_0: 0.7360 (0.7491)  loss_bbox_aux_0: 0.0425 (0.0437)  loss_giou_aux_0: 0.5018 (0.5112)  loss_fgl_aux_0: 1.2756 (1.2739)  loss_ddf_aux_0: 0.0132 (0.0140)  loss_mal_aux_1: 0.6910 (0.6930)  loss_bbox_aux_1: 0.0427 (0.0430)  loss_giou_aux_1: 0.4977 (0.5045)  loss_fgl_aux_1: 1.2727 (1.2706)  loss_ddf_aux_1: 0.0007 (0.0007)  loss_mal_pre: 0.7334 (0.7473)  loss_bbox_pre: 0.0422 (0.0436)  loss_giou_pre: 0.4999 (0.5108)  loss_mal_enc_0: 0.8713 (0.8763)  loss_bbox_enc_0: 0.0443 (0.0450)  loss_giou_enc_0: 0.5188 (0.5271)  loss_mal_dn_0: 0.7249 (0.7236)  loss_bbox_dn_0: 0.0414 (0.0420)  loss_giou_dn_0: 0.5059 (0.5079)  loss_fgl_dn_0: 1.2788 (1.2730)  loss_ddf_dn_0: 0.1182 (0.1185)  loss_mal_dn_1: 0.6649 (0.6654)  loss_bbox_dn_1: 0.0329 (0.0332)  loss_giou_dn_1: 0.4154 (0.4145)  loss_fgl_dn_1: 1.2547 (1.2531)  loss_ddf_dn_1: 0.0021 (0.0022)  loss_mal_dn_2: 0.6626 (0.6644)  loss_bbox_dn_2: 0.0327 (0.0333)  loss_giou_dn_2: 0.4150 (0.4151)  loss_fgl_dn_2: 1.2590 (1.2534)  loss_ddf_dn_2: -0.0000 (0.0000)  loss_mal_dn_pre: 0.7229 (0.7228)  loss_bbox_dn_pre: 0.0414 (0.0419)  loss_giou_dn_pre: 0.5023 (0.5065)  time: 0.4286  data: 0.0164  max mem: 5224
Epoch: [5/30]  [30/44]  eta: 0:00:06  lr: 0.000100  loss: 18.9570 (19.0396)  loss_mal: 0.6849 (0.6881)  loss_bbox: 0.0429 (0.0438)  loss_giou: 0.4998 (0.5078)  loss_fgl: 1.2738 (1.2703)  loss_mal_aux_0: 0.7360 (0.7500)  loss_bbox_aux_0: 0.0441 (0.0445)  loss_giou_aux_0: 0.5018 (0.5136)  loss_fgl_aux_0: 1.2777 (1.2745)  loss_ddf_aux_0: 0.0155 (0.0150)  loss_mal_aux_1: 0.6917 (0.6950)  loss_bbox_aux_1: 0.0431 (0.0438)  loss_giou_aux_1: 0.4996 (0.5081)  loss_fgl_aux_1: 1.2715 (1.2707)  loss_ddf_aux_1: 0.0010 (0.0008)  loss_mal_pre: 0.7334 (0.7484)  loss_bbox_pre: 0.0436 (0.0444)  loss_giou_pre: 0.4999 (0.5134)  loss_mal_enc_0: 0.8675 (0.8728)  loss_bbox_enc_0: 0.0458 (0.0460)  loss_giou_enc_0: 0.5208 (0.5319)  loss_mal_dn_0: 0.7212 (0.7235)  loss_bbox_dn_0: 0.0413 (0.0426)  loss_giou_dn_0: 0.5059 (0.5071)  loss_fgl_dn_0: 1.2792 (1.2707)  loss_ddf_dn_0: 0.1182 (0.1192)  loss_mal_dn_1: 0.6612 (0.6651)  loss_bbox_dn_1: 0.0331 (0.0334)  loss_giou_dn_1: 0.4093 (0.4125)  loss_fgl_dn_1: 1.2594 (1.2498)  loss_ddf_dn_1: 0.0022 (0.0024)  loss_mal_dn_2: 0.6618 (0.6633)  loss_bbox_dn_2: 0.0332 (0.0335)  loss_giou_dn_2: 0.4095 (0.4127)  loss_fgl_dn_2: 1.2592 (1.2501)  loss_ddf_dn_2: -0.0000 (0.0000)  loss_mal_dn_pre: 0.7215 (0.7229)  loss_bbox_dn_pre: 0.0408 (0.0424)  loss_giou_dn_pre: 0.5023 (0.5054)  time: 0.4305  data: 0.0161  max mem: 5224
Epoch: [5/30]  [40/44]  eta: 0:00:01  lr: 0.000100  loss: 19.0103 (19.0172)  loss_mal: 0.6884 (0.6879)  loss_bbox: 0.0433 (0.0438)  loss_giou: 0.5252 (0.5097)  loss_fgl: 1.2674 (1.2688)  loss_mal_aux_0: 0.7355 (0.7481)  loss_bbox_aux_0: 0.0451 (0.0442)  loss_giou_aux_0: 0.5188 (0.5139)  loss_fgl_aux_0: 1.2717 (1.2722)  loss_ddf_aux_0: 0.0167 (0.0155)  loss_mal_aux_1: 0.7002 (0.6965)  loss_bbox_aux_1: 0.0434 (0.0438)  loss_giou_aux_1: 0.5258 (0.5094)  loss_fgl_aux_1: 1.2671 (1.2688)  loss_ddf_aux_1: 0.0010 (0.0009)  loss_mal_pre: 0.7366 (0.7468)  loss_bbox_pre: 0.0450 (0.0442)  loss_giou_pre: 0.5172 (0.5133)  loss_mal_enc_0: 0.8590 (0.8677)  loss_bbox_enc_0: 0.0458 (0.0458)  loss_giou_enc_0: 0.5267 (0.5327)  loss_mal_dn_0: 0.7223 (0.7248)  loss_bbox_dn_0: 0.0430 (0.0424)  loss_giou_dn_0: 0.4902 (0.5066)  loss_fgl_dn_0: 1.2665 (1.2692)  loss_ddf_dn_0: 0.0949 (0.1117)  loss_mal_dn_1: 0.6664 (0.6648)  loss_bbox_dn_1: 0.0331 (0.0332)  loss_giou_dn_1: 0.4060 (0.4127)  loss_fgl_dn_1: 1.2401 (1.2471)  loss_ddf_dn_1: 0.0020 (0.0022)  loss_mal_dn_2: 0.6627 (0.6628)  loss_bbox_dn_2: 0.0332 (0.0333)  loss_giou_dn_2: 0.4081 (0.4133)  loss_fgl_dn_2: 1.2432 (1.2475)  loss_ddf_dn_2: -0.0000 (0.0000)  loss_mal_dn_pre: 0.7220 (0.7241)  loss_bbox_dn_pre: 0.0425 (0.0423)  loss_giou_dn_pre: 0.4915 (0.5051)  time: 0.4830  data: 0.0164  max mem: 5224
Epoch: [5/30]  [43/44]  eta: 0:00:00  lr: 0.000100  loss: 19.0103 (19.0279)  loss_mal: 0.6884 (0.6881)  loss_bbox: 0.0433 (0.0439)  loss_giou: 0.5116 (0.5106)  loss_fgl: 1.2681 (1.2694)  loss_mal_aux_0: 0.7296 (0.7482)  loss_bbox_aux_0: 0.0432 (0.0443)  loss_giou_aux_0: 0.5188 (0.5155)  loss_fgl_aux_0: 1.2717 (1.2729)  loss_ddf_aux_0: 0.0167 (0.0156)  loss_mal_aux_1: 0.7002 (0.6970)  loss_bbox_aux_1: 0.0434 (0.0438)  loss_giou_aux_1: 0.5113 (0.5103)  loss_fgl_aux_1: 1.2698 (1.2695)  loss_ddf_aux_1: 0.0010 (0.0009)  loss_mal_pre: 0.7339 (0.7468)  loss_bbox_pre: 0.0432 (0.0442)  loss_giou_pre: 0.5172 (0.5148)  loss_mal_enc_0: 0.8531 (0.8675)  loss_bbox_enc_0: 0.0458 (0.0458)  loss_giou_enc_0: 0.5287 (0.5338)  loss_mal_dn_0: 0.7251 (0.7251)  loss_bbox_dn_0: 0.0413 (0.0423)  loss_giou_dn_0: 0.4902 (0.5066)  loss_fgl_dn_0: 1.2669 (1.2701)  loss_ddf_dn_0: 0.0902 (0.1098)  loss_mal_dn_1: 0.6664 (0.6651)  loss_bbox_dn_1: 0.0323 (0.0332)  loss_giou_dn_1: 0.4060 (0.4128)  loss_fgl_dn_1: 1.2442 (1.2481)  loss_ddf_dn_1: 0.0020 (0.0022)  loss_mal_dn_2: 0.6627 (0.6630)  loss_bbox_dn_2: 0.0326 (0.0333)  loss_giou_dn_2: 0.4081 (0.4134)  loss_fgl_dn_2: 1.2444 (1.2485)  loss_ddf_dn_2: -0.0000 (0.0000)  loss_mal_dn_pre: 0.7228 (0.7242)  loss_bbox_dn_pre: 0.0408 (0.0422)  loss_giou_dn_pre: 0.4915 (0.5050)  time: 0.4970  data: 0.0161  max mem: 5224
Epoch: [5/30] Total time: 0:00:20 (0.4671 s / it)
Averaged stats: lr: 0.000100  loss: 19.0103 (19.0279)  loss_mal: 0.6884 (0.6881)  loss_bbox: 0.0433 (0.0439)  loss_giou: 0.5116 (0.5106)  loss_fgl: 1.2681 (1.2694)  loss_mal_aux_0: 0.7296 (0.7482)  loss_bbox_aux_0: 0.0432 (0.0443)  loss_giou_aux_0: 0.5188 (0.5155)  loss_fgl_aux_0: 1.2717 (1.2729)  loss_ddf_aux_0: 0.0167 (0.0156)  loss_mal_aux_1: 0.7002 (0.6970)  loss_bbox_aux_1: 0.0434 (0.0438)  loss_giou_aux_1: 0.5113 (0.5103)  loss_fgl_aux_1: 1.2698 (1.2695)  loss_ddf_aux_1: 0.0010 (0.0009)  loss_mal_pre: 0.7339 (0.7468)  loss_bbox_pre: 0.0432 (0.0442)  loss_giou_pre: 0.5172 (0.5148)  loss_mal_enc_0: 0.8531 (0.8675)  loss_bbox_enc_0: 0.0458 (0.0458)  loss_giou_enc_0: 0.5287 (0.5338)  loss_mal_dn_0: 0.7251 (0.7251)  loss_bbox_dn_0: 0.0413 (0.0423)  loss_giou_dn_0: 0.4902 (0.5066)  loss_fgl_dn_0: 1.2669 (1.2701)  loss_ddf_dn_0: 0.0902 (0.1098)  loss_mal_dn_1: 0.6664 (0.6651)  loss_bbox_dn_1: 0.0323 (0.0332)  loss_giou_dn_1: 0.4060 (0.4128)  loss_fgl_dn_1: 1.2442 (1.2481)  loss_ddf_dn_1: 0.0020 (0.0022)  loss_mal_dn_2: 0.6627 (0.6630)  loss_bbox_dn_2: 0.0326 (0.0333)  loss_giou_dn_2: 0.4081 (0.4134)  loss_fgl_dn_2: 1.2444 (1.2485)  loss_ddf_dn_2: -0.0000 (0.0000)  loss_mal_dn_pre: 0.7228 (0.7242)  loss_bbox_dn_pre: 0.0408 (0.0422)  loss_giou_dn_pre: 0.4915 (0.5050)
Test:  [0/9]  eta: 0:00:02    time: 0.3294  data: 0.2608  max mem: 5224
Test:  [8/9]  eta: 0:00:00    time: 0.1512  data: 0.0408  max mem: 5224
Test: Total time: 0:00:01 (0.1550 s / it)
Metrics: {'f1': 0.971830985915493, 'precision': 0.9857142857142858, 'recall': 0.9583333333333334, 'iou': 0.6684558975369963, 'TPs': 138, 'FPs': 2, 'FNs': 6}
Averaged stats: 
Accumulating evaluation results...
COCOeval_opt.accumulate() finished...
DONE (t=0.01s).
IoU metric: bbox
 Average Precision  (AP) @[ IoU=0.50:0.95 | area=   all | maxDets=100 ] = 0.373
 Average Precision  (AP) @[ IoU=0.50      | area=   all | maxDets=100 ] = 0.963
 Average Precision  (AP) @[ IoU=0.75      | area=   all | maxDets=100 ] = 0.162
 Average Precision  (AP) @[ IoU=0.50:0.95 | area= small | maxDets=100 ] = 0.373
 Average Precision  (AP) @[ IoU=0.50:0.95 | area=medium | maxDets=100 ] = -1.000
 Average Precision  (AP) @[ IoU=0.50:0.95 | area= large | maxDets=100 ] = -1.000
 Average Recall     (AR) @[ IoU=0.50:0.95 | area=   all | maxDets=  1 ] = 0.208
 Average Recall     (AR) @[ IoU=0.50:0.95 | area=   all | maxDets= 10 ] = 0.484
 Average Recall     (AR) @[ IoU=0.50:0.95 | area=   all | maxDets=100 ] = 0.619
 Average Recall     (AR) @[ IoU=0.50:0.95 | area= small | maxDets=100 ] = 0.619
 Average Recall     (AR) @[ IoU=0.50:0.95 | area=medium | maxDets=100 ] = -1.000
 Average Recall     (AR) @[ IoU=0.50:0.95 | area= large | maxDets=100 ] = -1.000
 Average Recall     (AR) @[ IoU=0.50      | area=   all | maxDets=100 ] = 0.993
 Average Recall     (AR) @[ IoU=0.75      | area=   all | maxDets=100 ] = 0.708
best_stat: {'epoch': 3, 'coco_eval_bbox': 0.37821048554885567}
Epoch: [6/30]  [ 0/44]  eta: 0:00:36  lr: 0.000100  loss: 19.3559 (19.3559)  loss_mal: 0.6842 (0.6842)  loss_bbox: 0.0441 (0.0441)  loss_giou: 0.5537 (0.5537)  loss_fgl: 1.2776 (1.2776)  loss_mal_aux_0: 0.7552 (0.7552)  loss_bbox_aux_0: 0.0465 (0.0465)  loss_giou_aux_0: 0.5971 (0.5971)  loss_fgl_aux_0: 1.2772 (1.2772)  loss_ddf_aux_0: 0.0195 (0.0195)  loss_mal_aux_1: 0.6926 (0.6926)  loss_bbox_aux_1: 0.0437 (0.0437)  loss_giou_aux_1: 0.5494 (0.5494)  loss_fgl_aux_1: 1.2767 (1.2767)  loss_ddf_aux_1: 0.0013 (0.0013)  loss_mal_pre: 0.7509 (0.7509)  loss_bbox_pre: 0.0460 (0.0460)  loss_giou_pre: 0.5917 (0.5917)  loss_mal_enc_0: 0.8500 (0.8500)  loss_bbox_enc_0: 0.0478 (0.0478)  loss_giou_enc_0: 0.6100 (0.6100)  loss_mal_dn_0: 0.7177 (0.7177)  loss_bbox_dn_0: 0.0405 (0.0405)  loss_giou_dn_0: 0.5298 (0.5298)  loss_fgl_dn_0: 1.2734 (1.2734)  loss_ddf_dn_0: 0.0930 (0.0930)  loss_mal_dn_1: 0.6558 (0.6558)  loss_bbox_dn_1: 0.0302 (0.0302)  loss_giou_dn_1: 0.4071 (0.4071)  loss_fgl_dn_1: 1.2590 (1.2590)  loss_ddf_dn_1: 0.0022 (0.0022)  loss_mal_dn_2: 0.6544 (0.6544)  loss_bbox_dn_2: 0.0303 (0.0303)  loss_giou_dn_2: 0.4073 (0.4073)  loss_fgl_dn_2: 1.2603 (1.2603)  loss_ddf_dn_2: -0.0000 (0.0000)  loss_mal_dn_pre: 0.7160 (0.7160)  loss_bbox_dn_pre: 0.0401 (0.0401)  loss_giou_dn_pre: 0.5239 (0.5239)  time: 0.8354  data: 0.2574  max mem: 5224
Epoch: [6/30]  [10/44]  eta: 0:00:20  lr: 0.000100  loss: 18.8402 (18.7500)  loss_mal: 0.6805 (0.6822)  loss_bbox: 0.0420 (0.0415)  loss_giou: 0.4876 (0.4853)  loss_fgl: 1.2775 (1.2750)  loss_mal_aux_0: 0.7307 (0.7352)  loss_bbox_aux_0: 0.0435 (0.0428)  loss_giou_aux_0: 0.5017 (0.5023)  loss_fgl_aux_0: 1.2775 (1.2762)  loss_ddf_aux_0: 0.0191 (0.0195)  loss_mal_aux_1: 0.6894 (0.6910)  loss_bbox_aux_1: 0.0419 (0.0417)  loss_giou_aux_1: 0.4848 (0.4859)  loss_fgl_aux_1: 1.2762 (1.2746)  loss_ddf_aux_1: 0.0013 (0.0014)  loss_mal_pre: 0.7313 (0.7344)  loss_bbox_pre: 0.0434 (0.0426)  loss_giou_pre: 0.4992 (0.5004)  loss_mal_enc_0: 0.8367 (0.8417)  loss_bbox_enc_0: 0.0450 (0.0446)  loss_giou_enc_0: 0.5196 (0.5245)  loss_mal_dn_0: 0.7166 (0.7164)  loss_bbox_dn_0: 0.0420 (0.0417)  loss_giou_dn_0: 0.5120 (0.4945)  loss_fgl_dn_0: 1.2715 (1.2675)  loss_ddf_dn_0: 0.1043 (0.1056)  loss_mal_dn_1: 0.6546 (0.6514)  loss_bbox_dn_1: 0.0307 (0.0312)  loss_giou_dn_1: 0.3979 (0.3909)  loss_fgl_dn_1: 1.2438 (1.2409)  loss_ddf_dn_1: 0.0021 (0.0022)  loss_mal_dn_2: 0.6544 (0.6521)  loss_bbox_dn_2: 0.0304 (0.0311)  loss_giou_dn_2: 0.3993 (0.3897)  loss_fgl_dn_2: 1.2430 (1.2409)  loss_ddf_dn_2: -0.0000 (0.0000)  loss_mal_dn_pre: 0.7173 (0.7164)  loss_bbox_dn_pre: 0.0413 (0.0415)  loss_giou_dn_pre: 0.5117 (0.4932)  time: 0.5967  data: 0.0361  max mem: 5224
Epoch: [6/30]  [20/44]  eta: 0:00:14  lr: 0.000100  loss: 18.4832 (18.6651)  loss_mal: 0.6768 (0.6787)  loss_bbox: 0.0400 (0.0410)  loss_giou: 0.4729 (0.4808)  loss_fgl: 1.2739 (1.2744)  loss_mal_aux_0: 0.7275 (0.7360)  loss_bbox_aux_0: 0.0402 (0.0418)  loss_giou_aux_0: 0.4751 (0.4928)  loss_fgl_aux_0: 1.2735 (1.2755)  loss_ddf_aux_0: 0.0193 (0.0199)  loss_mal_aux_1: 0.6894 (0.6875)  loss_bbox_aux_1: 0.0399 (0.0411)  loss_giou_aux_1: 0.4698 (0.4810)  loss_fgl_aux_1: 1.2725 (1.2742)  loss_ddf_aux_1: 0.0013 (0.0013)  loss_mal_pre: 0.7281 (0.7351)  loss_bbox_pre: 0.0401 (0.0418)  loss_giou_pre: 0.4756 (0.4921)  loss_mal_enc_0: 0.8303 (0.8358)  loss_bbox_enc_0: 0.0432 (0.0436)  loss_giou_enc_0: 0.5078 (0.5164)  loss_mal_dn_0: 0.7160 (0.7154)  loss_bbox_dn_0: 0.0398 (0.0404)  loss_giou_dn_0: 0.4810 (0.4829)  loss_fgl_dn_0: 1.2735 (1.2751)  loss_ddf_dn_0: 0.1043 (0.1049)  loss_mal_dn_1: 0.6486 (0.6481)  loss_bbox_dn_1: 0.0305 (0.0306)  loss_giou_dn_1: 0.3828 (0.3837)  loss_fgl_dn_1: 1.2445 (1.2464)  loss_ddf_dn_1: 0.0019 (0.0019)  loss_mal_dn_2: 0.6470 (0.6477)  loss_bbox_dn_2: 0.0303 (0.0305)  loss_giou_dn_2: 0.3806 (0.3826)  loss_fgl_dn_2: 1.2438 (1.2463)  loss_ddf_dn_2: -0.0000 (0.0000)  loss_mal_dn_pre: 0.7144 (0.7152)  loss_bbox_dn_pre: 0.0396 (0.0403)  loss_giou_dn_pre: 0.4789 (0.4818)  time: 0.5725  data: 0.0150  max mem: 5224
Epoch: [6/30]  [30/44]  eta: 0:00:08  lr: 0.000100  loss: 18.5247 (18.6320)  loss_mal: 0.6764 (0.6779)  loss_bbox: 0.0403 (0.0411)  loss_giou: 0.4641 (0.4789)  loss_fgl: 1.2756 (1.2753)  loss_mal_aux_0: 0.7315 (0.7354)  loss_bbox_aux_0: 0.0418 (0.0420)  loss_giou_aux_0: 0.4751 (0.4898)  loss_fgl_aux_0: 1.2735 (1.2771)  loss_ddf_aux_0: 0.0190 (0.0193)  loss_mal_aux_1: 0.6846 (0.6849)  loss_bbox_aux_1: 0.0403 (0.0411)  loss_giou_aux_1: 0.4598 (0.4787)  loss_fgl_aux_1: 1.2755 (1.2750)  loss_ddf_aux_1: 0.0011 (0.0012)  loss_mal_pre: 0.7299 (0.7342)  loss_bbox_pre: 0.0418 (0.0420)  loss_giou_pre: 0.4756 (0.4892)  loss_mal_enc_0: 0.8308 (0.8388)  loss_bbox_enc_0: 0.0420 (0.0434)  loss_giou_enc_0: 0.5058 (0.5113)  loss_mal_dn_0: 0.7160 (0.7160)  loss_bbox_dn_0: 0.0381 (0.0398)  loss_giou_dn_0: 0.4666 (0.4771)  loss_fgl_dn_0: 1.2762 (1.2763)  loss_ddf_dn_0: 0.1025 (0.1044)  loss_mal_dn_1: 0.6469 (0.6469)  loss_bbox_dn_1: 0.0295 (0.0305)  loss_giou_dn_1: 0.3777 (0.3814)  loss_fgl_dn_1: 1.2451 (1.2465)  loss_ddf_dn_1: 0.0013 (0.0017)  loss_mal_dn_2: 0.6446 (0.6460)  loss_bbox_dn_2: 0.0298 (0.0304)  loss_giou_dn_2: 0.3780 (0.3808)  loss_fgl_dn_2: 1.2451 (1.2466)  loss_ddf_dn_2: -0.0000 (0.0000)  loss_mal_dn_pre: 0.7143 (0.7155)  loss_bbox_dn_pre: 0.0383 (0.0397)  loss_giou_dn_pre: 0.4661 (0.4760)  time: 0.5691  data: 0.0160  max mem: 5224
Epoch: [6/30]  [40/44]  eta: 0:00:02  lr: 0.000100  loss: 18.5634 (18.6092)  loss_mal: 0.6780 (0.6790)  loss_bbox: 0.0420 (0.0413)  loss_giou: 0.4788 (0.4793)  loss_fgl: 1.2672 (1.2732)  loss_mal_aux_0: 0.7243 (0.7309)  loss_bbox_aux_0: 0.0430 (0.0421)  loss_giou_aux_0: 0.4820 (0.4895)  loss_fgl_aux_0: 1.2683 (1.2752)  loss_ddf_aux_0: 0.0179 (0.0189)  loss_mal_aux_1: 0.6791 (0.6847)  loss_bbox_aux_1: 0.0419 (0.0413)  loss_giou_aux_1: 0.4767 (0.4791)  loss_fgl_aux_1: 1.2683 (1.2730)  loss_ddf_aux_1: 0.0010 (0.0012)  loss_mal_pre: 0.7234 (0.7299)  loss_bbox_pre: 0.0429 (0.0420)  loss_giou_pre: 0.4836 (0.4889)  loss_mal_enc_0: 0.8224 (0.8323)  loss_bbox_enc_0: 0.0431 (0.0436)  loss_giou_enc_0: 0.5097 (0.5119)  loss_mal_dn_0: 0.7151 (0.7155)  loss_bbox_dn_0: 0.0386 (0.0398)  loss_giou_dn_0: 0.4655 (0.4767)  loss_fgl_dn_0: 1.2733 (1.2752)  loss_ddf_dn_0: 0.1097 (0.1078)  loss_mal_dn_1: 0.6451 (0.6469)  loss_bbox_dn_1: 0.0304 (0.0304)  loss_giou_dn_1: 0.3767 (0.3811)  loss_fgl_dn_1: 1.2410 (1.2448)  loss_ddf_dn_1: 0.0013 (0.0016)  loss_mal_dn_2: 0.6447 (0.6463)  loss_bbox_dn_2: 0.0304 (0.0304)  loss_giou_dn_2: 0.3749 (0.3804)  loss_fgl_dn_2: 1.2414 (1.2447)  loss_ddf_dn_2: -0.0000 (0.0000)  loss_mal_dn_pre: 0.7136 (0.7149)  loss_bbox_dn_pre: 0.0383 (0.0397)  loss_giou_dn_pre: 0.4625 (0.4754)  time: 0.5316  data: 0.0159  max mem: 5224
Epoch: [6/30]  [43/44]  eta: 0:00:00  lr: 0.000100  loss: 18.5504 (18.5908)  loss_mal: 0.6780 (0.6799)  loss_bbox: 0.0409 (0.0411)  loss_giou: 0.4774 (0.4771)  loss_fgl: 1.2691 (1.2730)  loss_mal_aux_0: 0.7262 (0.7323)  loss_bbox_aux_0: 0.0419 (0.0418)  loss_giou_aux_0: 0.4713 (0.4874)  loss_fgl_aux_0: 1.2682 (1.2745)  loss_ddf_aux_0: 0.0179 (0.0189)  loss_mal_aux_1: 0.6791 (0.6850)  loss_bbox_aux_1: 0.0408 (0.0411)  loss_giou_aux_1: 0.4757 (0.4770)  loss_fgl_aux_1: 1.2683 (1.2727)  loss_ddf_aux_1: 0.0010 (0.0012)  loss_mal_pre: 0.7248 (0.7318)  loss_bbox_pre: 0.0419 (0.0418)  loss_giou_pre: 0.4767 (0.4867)  loss_mal_enc_0: 0.8224 (0.8318)  loss_bbox_enc_0: 0.0425 (0.0435)  loss_giou_enc_0: 0.5097 (0.5109)  loss_mal_dn_0: 0.7141 (0.7147)  loss_bbox_dn_0: 0.0387 (0.0397)  loss_giou_dn_0: 0.4655 (0.4747)  loss_fgl_dn_0: 1.2733 (1.2750)  loss_ddf_dn_0: 0.1097 (0.1084)  loss_mal_dn_1: 0.6451 (0.6461)  loss_bbox_dn_1: 0.0296 (0.0304)  loss_giou_dn_1: 0.3762 (0.3800)  loss_fgl_dn_1: 1.2399 (1.2444)  loss_ddf_dn_1: 0.0014 (0.0016)  loss_mal_dn_2: 0.6447 (0.6456)  loss_bbox_dn_2: 0.0298 (0.0303)  loss_giou_dn_2: 0.3749 (0.3793)  loss_fgl_dn_2: 1.2393 (1.2444)  loss_ddf_dn_2: -0.0000 (0.0000)  loss_mal_dn_pre: 0.7126 (0.7142)  loss_bbox_dn_pre: 0.0389 (0.0396)  loss_giou_dn_pre: 0.4625 (0.4733)  time: 0.5168  data: 0.0159  max mem: 5224
Epoch: [6/30] Total time: 0:00:24 (0.5542 s / it)
Averaged stats: lr: 0.000100  loss: 18.5504 (18.5908)  loss_mal: 0.6780 (0.6799)  loss_bbox: 0.0409 (0.0411)  loss_giou: 0.4774 (0.4771)  loss_fgl: 1.2691 (1.2730)  loss_mal_aux_0: 0.7262 (0.7323)  loss_bbox_aux_0: 0.0419 (0.0418)  loss_giou_aux_0: 0.4713 (0.4874)  loss_fgl_aux_0: 1.2682 (1.2745)  loss_ddf_aux_0: 0.0179 (0.0189)  loss_mal_aux_1: 0.6791 (0.6850)  loss_bbox_aux_1: 0.0408 (0.0411)  loss_giou_aux_1: 0.4757 (0.4770)  loss_fgl_aux_1: 1.2683 (1.2727)  loss_ddf_aux_1: 0.0010 (0.0012)  loss_mal_pre: 0.7248 (0.7318)  loss_bbox_pre: 0.0419 (0.0418)  loss_giou_pre: 0.4767 (0.4867)  loss_mal_enc_0: 0.8224 (0.8318)  loss_bbox_enc_0: 0.0425 (0.0435)  loss_giou_enc_0: 0.5097 (0.5109)  loss_mal_dn_0: 0.7141 (0.7147)  loss_bbox_dn_0: 0.0387 (0.0397)  loss_giou_dn_0: 0.4655 (0.4747)  loss_fgl_dn_0: 1.2733 (1.2750)  loss_ddf_dn_0: 0.1097 (0.1084)  loss_mal_dn_1: 0.6451 (0.6461)  loss_bbox_dn_1: 0.0296 (0.0304)  loss_giou_dn_1: 0.3762 (0.3800)  loss_fgl_dn_1: 1.2399 (1.2444)  loss_ddf_dn_1: 0.0014 (0.0016)  loss_mal_dn_2: 0.6447 (0.6456)  loss_bbox_dn_2: 0.0298 (0.0303)  loss_giou_dn_2: 0.3749 (0.3793)  loss_fgl_dn_2: 1.2393 (1.2444)  loss_ddf_dn_2: -0.0000 (0.0000)  loss_mal_dn_pre: 0.7126 (0.7142)  loss_bbox_dn_pre: 0.0389 (0.0396)  loss_giou_dn_pre: 0.4625 (0.4733)
Test:  [0/9]  eta: 0:00:05    time: 0.5792  data: 0.2697  max mem: 5224
Test:  [8/9]  eta: 0:00:00    time: 0.1675  data: 0.0435  max mem: 5224
Test: Total time: 0:00:01 (0.1745 s / it)
Metrics: {'f1': 0.9722222222222222, 'precision': 0.9722222222222222, 'recall': 0.9722222222222222, 'iou': 0.670708044155224, 'TPs': 140, 'FPs': 4, 'FNs': 4}
Averaged stats: 
Accumulating evaluation results...
COCOeval_opt.accumulate() finished...
DONE (t=0.01s).
IoU metric: bbox
 Average Precision  (AP) @[ IoU=0.50:0.95 | area=   all | maxDets=100 ] = 0.377
 Average Precision  (AP) @[ IoU=0.50      | area=   all | maxDets=100 ] = 0.957
 Average Precision  (AP) @[ IoU=0.75      | area=   all | maxDets=100 ] = 0.169
 Average Precision  (AP) @[ IoU=0.50:0.95 | area= small | maxDets=100 ] = 0.378
 Average Precision  (AP) @[ IoU=0.50:0.95 | area=medium | maxDets=100 ] = -1.000
 Average Precision  (AP) @[ IoU=0.50:0.95 | area= large | maxDets=100 ] = -1.000
 Average Recall     (AR) @[ IoU=0.50:0.95 | area=   all | maxDets=  1 ] = 0.211
 Average Recall     (AR) @[ IoU=0.50:0.95 | area=   all | maxDets= 10 ] = 0.485
 Average Recall     (AR) @[ IoU=0.50:0.95 | area=   all | maxDets=100 ] = 0.615
 Average Recall     (AR) @[ IoU=0.50:0.95 | area= small | maxDets=100 ] = 0.615
 Average Recall     (AR) @[ IoU=0.50:0.95 | area=medium | maxDets=100 ] = -1.000
 Average Recall     (AR) @[ IoU=0.50:0.95 | area= large | maxDets=100 ] = -1.000
 Average Recall     (AR) @[ IoU=0.50      | area=   all | maxDets=100 ] = 0.993
 Average Recall     (AR) @[ IoU=0.75      | area=   all | maxDets=100 ] = 0.646
best_stat: {'epoch': 3, 'coco_eval_bbox': 0.37821048554885567}
Epoch: [7/30]  [ 0/44]  eta: 0:00:37  lr: 0.000100  loss: 18.5660 (18.5660)  loss_mal: 0.6775 (0.6775)  loss_bbox: 0.0402 (0.0402)  loss_giou: 0.4819 (0.4819)  loss_fgl: 1.2894 (1.2894)  loss_mal_aux_0: 0.7025 (0.7025)  loss_bbox_aux_0: 0.0404 (0.0404)  loss_giou_aux_0: 0.4763 (0.4763)  loss_fgl_aux_0: 1.2923 (1.2923)  loss_ddf_aux_0: 0.0164 (0.0164)  loss_mal_aux_1: 0.6786 (0.6786)  loss_bbox_aux_1: 0.0401 (0.0401)  loss_giou_aux_1: 0.4823 (0.4823)  loss_fgl_aux_1: 1.2891 (1.2891)  loss_ddf_aux_1: 0.0011 (0.0011)  loss_mal_pre: 0.7047 (0.7047)  loss_bbox_pre: 0.0405 (0.0405)  loss_giou_pre: 0.4748 (0.4748)  loss_mal_enc_0: 0.7863 (0.7863)  loss_bbox_enc_0: 0.0436 (0.0436)  loss_giou_enc_0: 0.4906 (0.4906)  loss_mal_dn_0: 0.7141 (0.7141)  loss_bbox_dn_0: 0.0408 (0.0408)  loss_giou_dn_0: 0.4926 (0.4926)  loss_fgl_dn_0: 1.2796 (1.2796)  loss_ddf_dn_0: 0.0963 (0.0963)  loss_mal_dn_1: 0.6451 (0.6451)  loss_bbox_dn_1: 0.0319 (0.0319)  loss_giou_dn_1: 0.3913 (0.3913)  loss_fgl_dn_1: 1.2542 (1.2542)  loss_ddf_dn_1: 0.0013 (0.0013)  loss_mal_dn_2: 0.6453 (0.6453)  loss_bbox_dn_2: 0.0318 (0.0318)  loss_giou_dn_2: 0.3902 (0.3902)  loss_fgl_dn_2: 1.2540 (1.2540)  loss_ddf_dn_2: -0.0000 (0.0000)  loss_mal_dn_pre: 0.7138 (0.7138)  loss_bbox_dn_pre: 0.0409 (0.0409)  loss_giou_dn_pre: 0.4945 (0.4945)  time: 0.8487  data: 0.2513  max mem: 5224
Epoch: [7/30]  [10/44]  eta: 0:00:20  lr: 0.000100  loss: 18.6177 (18.5086)  loss_mal: 0.6827 (0.6770)  loss_bbox: 0.0418 (0.0418)  loss_giou: 0.4829 (0.4759)  loss_fgl: 1.2764 (1.2729)  loss_mal_aux_0: 0.7247 (0.7205)  loss_bbox_aux_0: 0.0427 (0.0428)  loss_giou_aux_0: 0.4903 (0.4860)  loss_fgl_aux_0: 1.2809 (1.2768)  loss_ddf_aux_0: 0.0168 (0.0172)  loss_mal_aux_1: 0.6806 (0.6801)  loss_bbox_aux_1: 0.0421 (0.0418)  loss_giou_aux_1: 0.4823 (0.4760)  loss_fgl_aux_1: 1.2778 (1.2732)  loss_ddf_aux_1: 0.0009 (0.0010)  loss_mal_pre: 0.7240 (0.7201)  loss_bbox_pre: 0.0428 (0.0428)  loss_giou_pre: 0.4939 (0.4871)  loss_mal_enc_0: 0.8063 (0.8068)  loss_bbox_enc_0: 0.0443 (0.0447)  loss_giou_enc_0: 0.5034 (0.5075)  loss_mal_dn_0: 0.7120 (0.7133)  loss_bbox_dn_0: 0.0420 (0.0407)  loss_giou_dn_0: 0.4819 (0.4787)  loss_fgl_dn_0: 1.2709 (1.2669)  loss_ddf_dn_0: 0.1046 (0.1057)  loss_mal_dn_1: 0.6451 (0.6443)  loss_bbox_dn_1: 0.0306 (0.0310)  loss_giou_dn_1: 0.3898 (0.3811)  loss_fgl_dn_1: 1.2341 (1.2342)  loss_ddf_dn_1: 0.0013 (0.0014)  loss_mal_dn_2: 0.6453 (0.6425)  loss_bbox_dn_2: 0.0308 (0.0309)  loss_giou_dn_2: 0.3875 (0.3803)  loss_fgl_dn_2: 1.2351 (1.2339)  loss_ddf_dn_2: -0.0000 (0.0000)  loss_mal_dn_pre: 0.7118 (0.7131)  loss_bbox_dn_pre: 0.0418 (0.0406)  loss_giou_dn_pre: 0.4833 (0.4781)  time: 0.5997  data: 0.0374  max mem: 5224
Epoch: [7/30]  [20/44]  eta: 0:00:14  lr: 0.000100  loss: 18.3537 (18.3702)  loss_mal: 0.6779 (0.6717)  loss_bbox: 0.0376 (0.0389)  loss_giou: 0.4528 (0.4553)  loss_fgl: 1.2761 (1.2757)  loss_mal_aux_0: 0.7222 (0.7234)  loss_bbox_aux_0: 0.0394 (0.0402)  loss_giou_aux_0: 0.4704 (0.4702)  loss_fgl_aux_0: 1.2809 (1.2795)  loss_ddf_aux_0: 0.0167 (0.0172)  loss_mal_aux_1: 0.6806 (0.6768)  loss_bbox_aux_1: 0.0380 (0.0389)  loss_giou_aux_1: 0.4546 (0.4553)  loss_fgl_aux_1: 1.2775 (1.2757)  loss_ddf_aux_1: 0.0010 (0.0010)  loss_mal_pre: 0.7225 (0.7235)  loss_bbox_pre: 0.0390 (0.0401)  loss_giou_pre: 0.4677 (0.4696)  loss_mal_enc_0: 0.8102 (0.8110)  loss_bbox_enc_0: 0.0420 (0.0423)  loss_giou_enc_0: 0.4958 (0.4943)  loss_mal_dn_0: 0.7087 (0.7098)  loss_bbox_dn_0: 0.0383 (0.0391)  loss_giou_dn_0: 0.4774 (0.4694)  loss_fgl_dn_0: 1.2709 (1.2715)  loss_ddf_dn_0: 0.1105 (0.1097)  loss_mal_dn_1: 0.6396 (0.6394)  loss_bbox_dn_1: 0.0291 (0.0297)  loss_giou_dn_1: 0.3745 (0.3719)  loss_fgl_dn_1: 1.2341 (1.2366)  loss_ddf_dn_1: 0.0014 (0.0014)  loss_mal_dn_2: 0.6357 (0.6373)  loss_bbox_dn_2: 0.0291 (0.0296)  loss_giou_dn_2: 0.3744 (0.3710)  loss_fgl_dn_2: 1.2351 (1.2362)  loss_ddf_dn_2: -0.0000 (0.0000)  loss_mal_dn_pre: 0.7088 (0.7096)  loss_bbox_dn_pre: 0.0381 (0.0389)  loss_giou_dn_pre: 0.4746 (0.4687)  time: 0.5722  data: 0.0158  max mem: 5224
Epoch: [7/30]  [30/44]  eta: 0:00:08  lr: 0.000100  loss: 17.9922 (18.2329)  loss_mal: 0.6554 (0.6677)  loss_bbox: 0.0344 (0.0373)  loss_giou: 0.4030 (0.4410)  loss_fgl: 1.2816 (1.2775)  loss_mal_aux_0: 0.7182 (0.7191)  loss_bbox_aux_0: 0.0353 (0.0387)  loss_giou_aux_0: 0.4289 (0.4571)  loss_fgl_aux_0: 1.2868 (1.2811)  loss_ddf_aux_0: 0.0178 (0.0175)  loss_mal_aux_1: 0.6638 (0.6717)  loss_bbox_aux_1: 0.0348 (0.0373)  loss_giou_aux_1: 0.4068 (0.4411)  loss_fgl_aux_1: 1.2812 (1.2774)  loss_ddf_aux_1: 0.0011 (0.0010)  loss_mal_pre: 0.7158 (0.7189)  loss_bbox_pre: 0.0354 (0.0386)  loss_giou_pre: 0.4268 (0.4565)  loss_mal_enc_0: 0.8117 (0.8093)  loss_bbox_enc_0: 0.0390 (0.0411)  loss_giou_enc_0: 0.4546 (0.4862)  loss_mal_dn_0: 0.7010 (0.7068)  loss_bbox_dn_0: 0.0355 (0.0377)  loss_giou_dn_0: 0.4473 (0.4573)  loss_fgl_dn_0: 1.2745 (1.2740)  loss_ddf_dn_0: 0.1115 (0.1100)  loss_mal_dn_1: 0.6339 (0.6345)  loss_bbox_dn_1: 0.0271 (0.0288)  loss_giou_dn_1: 0.3524 (0.3637)  loss_fgl_dn_1: 1.2422 (1.2389)  loss_ddf_dn_1: 0.0014 (0.0014)  loss_mal_dn_2: 0.6292 (0.6328)  loss_bbox_dn_2: 0.0270 (0.0287)  loss_giou_dn_2: 0.3495 (0.3629)  loss_fgl_dn_2: 1.2410 (1.2386)  loss_ddf_dn_2: -0.0000 (0.0000)  loss_mal_dn_pre: 0.7007 (0.7068)  loss_bbox_dn_pre: 0.0353 (0.0375)  loss_giou_dn_pre: 0.4456 (0.4564)  time: 0.5691  data: 0.0156  max mem: 5224
Epoch: [7/30]  [40/44]  eta: 0:00:02  lr: 0.000100  loss: 17.9576 (18.2162)  loss_mal: 0.6587 (0.6683)  loss_bbox: 0.0344 (0.0377)  loss_giou: 0.4253 (0.4439)  loss_fgl: 1.2816 (1.2773)  loss_mal_aux_0: 0.7099 (0.7166)  loss_bbox_aux_0: 0.0366 (0.0388)  loss_giou_aux_0: 0.4362 (0.4581)  loss_fgl_aux_0: 1.2820 (1.2798)  loss_ddf_aux_0: 0.0176 (0.0173)  loss_mal_aux_1: 0.6638 (0.6721)  loss_bbox_aux_1: 0.0348 (0.0377)  loss_giou_aux_1: 0.4218 (0.4440)  loss_fgl_aux_1: 1.2812 (1.2772)  loss_ddf_aux_1: 0.0010 (0.0010)  loss_mal_pre: 0.7087 (0.7164)  loss_bbox_pre: 0.0361 (0.0387)  loss_giou_pre: 0.4323 (0.4578)  loss_mal_enc_0: 0.7994 (0.8059)  loss_bbox_enc_0: 0.0390 (0.0410)  loss_giou_enc_0: 0.4626 (0.4846)  loss_mal_dn_0: 0.7010 (0.7072)  loss_bbox_dn_0: 0.0352 (0.0377)  loss_giou_dn_0: 0.4394 (0.4556)  loss_fgl_dn_0: 1.2743 (1.2736)  loss_ddf_dn_0: 0.1021 (0.1084)  loss_mal_dn_1: 0.6249 (0.6331)  loss_bbox_dn_1: 0.0270 (0.0286)  loss_giou_dn_1: 0.3482 (0.3616)  loss_fgl_dn_1: 1.2413 (1.2376)  loss_ddf_dn_1: 0.0015 (0.0014)  loss_mal_dn_2: 0.6217 (0.6314)  loss_bbox_dn_2: 0.0269 (0.0285)  loss_giou_dn_2: 0.3478 (0.3609)  loss_fgl_dn_2: 1.2401 (1.2374)  loss_ddf_dn_2: -0.0000 (0.0000)  loss_mal_dn_pre: 0.7007 (0.7071)  loss_bbox_dn_pre: 0.0346 (0.0375)  loss_giou_dn_pre: 0.4397 (0.4545)  time: 0.5302  data: 0.0153  max mem: 5224
Epoch: [7/30]  [43/44]  eta: 0:00:00  lr: 0.000100  loss: 17.9576 (18.1922)  loss_mal: 0.6578 (0.6668)  loss_bbox: 0.0349 (0.0376)  loss_giou: 0.4253 (0.4426)  loss_fgl: 1.2756 (1.2767)  loss_mal_aux_0: 0.7099 (0.7165)  loss_bbox_aux_0: 0.0366 (0.0386)  loss_giou_aux_0: 0.4362 (0.4557)  loss_fgl_aux_0: 1.2758 (1.2792)  loss_ddf_aux_0: 0.0167 (0.0172)  loss_mal_aux_1: 0.6600 (0.6709)  loss_bbox_aux_1: 0.0348 (0.0377)  loss_giou_aux_1: 0.4218 (0.4429)  loss_fgl_aux_1: 1.2757 (1.2766)  loss_ddf_aux_1: 0.0010 (0.0010)  loss_mal_pre: 0.7087 (0.7163)  loss_bbox_pre: 0.0366 (0.0386)  loss_giou_pre: 0.4323 (0.4556)  loss_mal_enc_0: 0.7994 (0.8063)  loss_bbox_enc_0: 0.0393 (0.0408)  loss_giou_enc_0: 0.4611 (0.4817)  loss_mal_dn_0: 0.6979 (0.7067)  loss_bbox_dn_0: 0.0352 (0.0376)  loss_giou_dn_0: 0.4319 (0.4541)  loss_fgl_dn_0: 1.2743 (1.2734)  loss_ddf_dn_0: 0.1018 (0.1078)  loss_mal_dn_1: 0.6219 (0.6322)  loss_bbox_dn_1: 0.0271 (0.0285)  loss_giou_dn_1: 0.3468 (0.3607)  loss_fgl_dn_1: 1.2361 (1.2373)  loss_ddf_dn_1: 0.0015 (0.0014)  loss_mal_dn_2: 0.6214 (0.6304)  loss_bbox_dn_2: 0.0270 (0.0285)  loss_giou_dn_2: 0.3472 (0.3599)  loss_fgl_dn_2: 1.2375 (1.2370)  loss_ddf_dn_2: -0.0000 (0.0000)  loss_mal_dn_pre: 0.6980 (0.7066)  loss_bbox_dn_pre: 0.0346 (0.0375)  loss_giou_dn_pre: 0.4331 (0.4531)  time: 0.5234  data: 0.0151  max mem: 5224
Epoch: [7/30] Total time: 0:00:24 (0.5570 s / it)
Averaged stats: lr: 0.000100  loss: 17.9576 (18.1922)  loss_mal: 0.6578 (0.6668)  loss_bbox: 0.0349 (0.0376)  loss_giou: 0.4253 (0.4426)  loss_fgl: 1.2756 (1.2767)  loss_mal_aux_0: 0.7099 (0.7165)  loss_bbox_aux_0: 0.0366 (0.0386)  loss_giou_aux_0: 0.4362 (0.4557)  loss_fgl_aux_0: 1.2758 (1.2792)  loss_ddf_aux_0: 0.0167 (0.0172)  loss_mal_aux_1: 0.6600 (0.6709)  loss_bbox_aux_1: 0.0348 (0.0377)  loss_giou_aux_1: 0.4218 (0.4429)  loss_fgl_aux_1: 1.2757 (1.2766)  loss_ddf_aux_1: 0.0010 (0.0010)  loss_mal_pre: 0.7087 (0.7163)  loss_bbox_pre: 0.0366 (0.0386)  loss_giou_pre: 0.4323 (0.4556)  loss_mal_enc_0: 0.7994 (0.8063)  loss_bbox_enc_0: 0.0393 (0.0408)  loss_giou_enc_0: 0.4611 (0.4817)  loss_mal_dn_0: 0.6979 (0.7067)  loss_bbox_dn_0: 0.0352 (0.0376)  loss_giou_dn_0: 0.4319 (0.4541)  loss_fgl_dn_0: 1.2743 (1.2734)  loss_ddf_dn_0: 0.1018 (0.1078)  loss_mal_dn_1: 0.6219 (0.6322)  loss_bbox_dn_1: 0.0271 (0.0285)  loss_giou_dn_1: 0.3468 (0.3607)  loss_fgl_dn_1: 1.2361 (1.2373)  loss_ddf_dn_1: 0.0015 (0.0014)  loss_mal_dn_2: 0.6214 (0.6304)  loss_bbox_dn_2: 0.0270 (0.0285)  loss_giou_dn_2: 0.3472 (0.3599)  loss_fgl_dn_2: 1.2375 (1.2370)  loss_ddf_dn_2: -0.0000 (0.0000)  loss_mal_dn_pre: 0.6980 (0.7066)  loss_bbox_dn_pre: 0.0346 (0.0375)  loss_giou_dn_pre: 0.4331 (0.4531)
Test:  [0/9]  eta: 0:00:03    time: 0.3692  data: 0.2595  max mem: 5224
Test:  [8/9]  eta: 0:00:00    time: 0.1504  data: 0.0400  max mem: 5224
Test: Total time: 0:00:01 (0.1545 s / it)
Metrics: {'f1': 0.9722222222222222, 'precision': 0.9722222222222222, 'recall': 0.9722222222222222, 'iou': 0.6714184163389979, 'TPs': 140, 'FPs': 4, 'FNs': 4}
Averaged stats: 
Accumulating evaluation results...
COCOeval_opt.accumulate() finished...
DONE (t=0.01s).
IoU metric: bbox
 Average Precision  (AP) @[ IoU=0.50:0.95 | area=   all | maxDets=100 ] = 0.375
 Average Precision  (AP) @[ IoU=0.50      | area=   all | maxDets=100 ] = 0.959
 Average Precision  (AP) @[ IoU=0.75      | area=   all | maxDets=100 ] = 0.150
 Average Precision  (AP) @[ IoU=0.50:0.95 | area= small | maxDets=100 ] = 0.375
 Average Precision  (AP) @[ IoU=0.50:0.95 | area=medium | maxDets=100 ] = -1.000
 Average Precision  (AP) @[ IoU=0.50:0.95 | area= large | maxDets=100 ] = -1.000
 Average Recall     (AR) @[ IoU=0.50:0.95 | area=   all | maxDets=  1 ] = 0.202
 Average Recall     (AR) @[ IoU=0.50:0.95 | area=   all | maxDets= 10 ] = 0.481
 Average Recall     (AR) @[ IoU=0.50:0.95 | area=   all | maxDets=100 ] = 0.610
 Average Recall     (AR) @[ IoU=0.50:0.95 | area= small | maxDets=100 ] = 0.610
 Average Recall     (AR) @[ IoU=0.50:0.95 | area=medium | maxDets=100 ] = -1.000
 Average Recall     (AR) @[ IoU=0.50:0.95 | area= large | maxDets=100 ] = -1.000
 Average Recall     (AR) @[ IoU=0.50      | area=   all | maxDets=100 ] = 0.993
 Average Recall     (AR) @[ IoU=0.75      | area=   all | maxDets=100 ] = 0.667
best_stat: {'epoch': 3, 'coco_eval_bbox': 0.37821048554885567}
Epoch: [8/30]  [ 0/44]  eta: 0:00:39  lr: 0.000100  loss: 18.1230 (18.1230)  loss_mal: 0.6661 (0.6661)  loss_bbox: 0.0437 (0.0437)  loss_giou: 0.4397 (0.4397)  loss_fgl: 1.2643 (1.2643)  loss_mal_aux_0: 0.7482 (0.7482)  loss_bbox_aux_0: 0.0437 (0.0437)  loss_giou_aux_0: 0.4467 (0.4467)  loss_fgl_aux_0: 1.2643 (1.2643)  loss_ddf_aux_0: 0.0157 (0.0157)  loss_mal_aux_1: 0.6734 (0.6734)  loss_bbox_aux_1: 0.0440 (0.0440)  loss_giou_aux_1: 0.4452 (0.4452)  loss_fgl_aux_1: 1.2611 (1.2611)  loss_ddf_aux_1: 0.0011 (0.0011)  loss_mal_pre: 0.7457 (0.7457)  loss_bbox_pre: 0.0437 (0.0437)  loss_giou_pre: 0.4453 (0.4453)  loss_mal_enc_0: 0.8127 (0.8127)  loss_bbox_enc_0: 0.0494 (0.0494)  loss_giou_enc_0: 0.4894 (0.4894)  loss_mal_dn_0: 0.6949 (0.6949)  loss_bbox_dn_0: 0.0412 (0.0412)  loss_giou_dn_0: 0.4156 (0.4156)  loss_fgl_dn_0: 1.2699 (1.2699)  loss_ddf_dn_0: 0.1313 (0.1313)  loss_mal_dn_1: 0.6287 (0.6287)  loss_bbox_dn_1: 0.0324 (0.0324)  loss_giou_dn_1: 0.3426 (0.3426)  loss_fgl_dn_1: 1.2320 (1.2320)  loss_ddf_dn_1: 0.0026 (0.0026)  loss_mal_dn_2: 0.6264 (0.6264)  loss_bbox_dn_2: 0.0325 (0.0325)  loss_giou_dn_2: 0.3425 (0.3425)  loss_fgl_dn_2: 1.2327 (1.2327)  loss_ddf_dn_2: -0.0000 (0.0000)  loss_mal_dn_pre: 0.6959 (0.6959)  loss_bbox_dn_pre: 0.0414 (0.0414)  loss_giou_dn_pre: 0.4170 (0.4170)  time: 0.9091  data: 0.2876  max mem: 5224
Epoch: [8/30]  [10/44]  eta: 0:00:20  lr: 0.000100  loss: 18.0340 (18.2202)  loss_mal: 0.6661 (0.6688)  loss_bbox: 0.0376 (0.0387)  loss_giou: 0.4182 (0.4442)  loss_fgl: 1.2657 (1.2694)  loss_mal_aux_0: 0.7404 (0.7366)  loss_bbox_aux_0: 0.0379 (0.0394)  loss_giou_aux_0: 0.4383 (0.4565)  loss_fgl_aux_0: 1.2677 (1.2729)  loss_ddf_aux_0: 0.0156 (0.0153)  loss_mal_aux_1: 0.6734 (0.6746)  loss_bbox_aux_1: 0.0380 (0.0387)  loss_giou_aux_1: 0.4179 (0.4444)  loss_fgl_aux_1: 1.2679 (1.2696)  loss_ddf_aux_1: 0.0010 (0.0010)  loss_mal_pre: 0.7350 (0.7351)  loss_bbox_pre: 0.0378 (0.0391)  loss_giou_pre: 0.4380 (0.4543)  loss_mal_enc_0: 0.8032 (0.7959)  loss_bbox_enc_0: 0.0427 (0.0410)  loss_giou_enc_0: 0.4423 (0.4712)  loss_mal_dn_0: 0.6971 (0.7049)  loss_bbox_dn_0: 0.0389 (0.0387)  loss_giou_dn_0: 0.4372 (0.4552)  loss_fgl_dn_0: 1.2699 (1.2727)  loss_ddf_dn_0: 0.1243 (0.1230)  loss_mal_dn_1: 0.6255 (0.6330)  loss_bbox_dn_1: 0.0292 (0.0295)  loss_giou_dn_1: 0.3478 (0.3639)  loss_fgl_dn_1: 1.2320 (1.2343)  loss_ddf_dn_1: 0.0020 (0.0021)  loss_mal_dn_2: 0.6264 (0.6336)  loss_bbox_dn_2: 0.0291 (0.0293)  loss_giou_dn_2: 0.3475 (0.3625)  loss_fgl_dn_2: 1.2327 (1.2337)  loss_ddf_dn_2: -0.0000 (0.0000)  loss_mal_dn_pre: 0.6982 (0.7051)  loss_bbox_dn_pre: 0.0387 (0.0385)  loss_giou_dn_pre: 0.4379 (0.4536)  time: 0.6090  data: 0.0396  max mem: 5224
Epoch: [8/30]  [20/44]  eta: 0:00:14  lr: 0.000100  loss: 18.0340 (18.1595)  loss_mal: 0.6707 (0.6679)  loss_bbox: 0.0352 (0.0378)  loss_giou: 0.4214 (0.4363)  loss_fgl: 1.2682 (1.2723)  loss_mal_aux_0: 0.7174 (0.7297)  loss_bbox_aux_0: 0.0367 (0.0385)  loss_giou_aux_0: 0.4357 (0.4487)  loss_fgl_aux_0: 1.2696 (1.2759)  loss_ddf_aux_0: 0.0143 (0.0145)  loss_mal_aux_1: 0.6720 (0.6740)  loss_bbox_aux_1: 0.0353 (0.0378)  loss_giou_aux_1: 0.4191 (0.4363)  loss_fgl_aux_1: 1.2679 (1.2722)  loss_ddf_aux_1: 0.0009 (0.0009)  loss_mal_pre: 0.7166 (0.7284)  loss_bbox_pre: 0.0366 (0.0382)  loss_giou_pre: 0.4339 (0.4467)  loss_mal_enc_0: 0.7907 (0.7942)  loss_bbox_enc_0: 0.0372 (0.0405)  loss_giou_enc_0: 0.4666 (0.4705)  loss_mal_dn_0: 0.7013 (0.7054)  loss_bbox_dn_0: 0.0356 (0.0376)  loss_giou_dn_0: 0.4411 (0.4508)  loss_fgl_dn_0: 1.2670 (1.2757)  loss_ddf_dn_0: 0.1200 (0.1225)  loss_mal_dn_1: 0.6302 (0.6325)  loss_bbox_dn_1: 0.0277 (0.0287)  loss_giou_dn_1: 0.3545 (0.3588)  loss_fgl_dn_1: 1.2323 (1.2367)  loss_ddf_dn_1: 0.0021 (0.0023)  loss_mal_dn_2: 0.6274 (0.6322)  loss_bbox_dn_2: 0.0275 (0.0286)  loss_giou_dn_2: 0.3541 (0.3577)  loss_fgl_dn_2: 1.2321 (1.2364)  loss_ddf_dn_2: -0.0000 (0.0000)  loss_mal_dn_pre: 0.7027 (0.7057)  loss_bbox_dn_pre: 0.0359 (0.0375)  loss_giou_dn_pre: 0.4386 (0.4494)  time: 0.5910  data: 0.0153  max mem: 5224
Epoch: [8/30]  [30/44]  eta: 0:00:08  lr: 0.000100  loss: 18.0171 (18.1003)  loss_mal: 0.6659 (0.6657)  loss_bbox: 0.0359 (0.0378)  loss_giou: 0.4303 (0.4353)  loss_fgl: 1.2686 (1.2722)  loss_mal_aux_0: 0.7090 (0.7222)  loss_bbox_aux_0: 0.0372 (0.0385)  loss_giou_aux_0: 0.4406 (0.4467)  loss_fgl_aux_0: 1.2696 (1.2751)  loss_ddf_aux_0: 0.0136 (0.0142)  loss_mal_aux_1: 0.6696 (0.6717)  loss_bbox_aux_1: 0.0362 (0.0378)  loss_giou_aux_1: 0.4279 (0.4354)  loss_fgl_aux_1: 1.2678 (1.2720)  loss_ddf_aux_1: 0.0008 (0.0008)  loss_mal_pre: 0.7084 (0.7210)  loss_bbox_pre: 0.0372 (0.0384)  loss_giou_pre: 0.4431 (0.4454)  loss_mal_enc_0: 0.7925 (0.7920)  loss_bbox_enc_0: 0.0398 (0.0404)  loss_giou_enc_0: 0.4670 (0.4684)  loss_mal_dn_0: 0.7017 (0.7040)  loss_bbox_dn_0: 0.0359 (0.0374)  loss_giou_dn_0: 0.4354 (0.4449)  loss_fgl_dn_0: 1.2706 (1.2756)  loss_ddf_dn_0: 0.1197 (0.1195)  loss_mal_dn_1: 0.6310 (0.6303)  loss_bbox_dn_1: 0.0270 (0.0285)  loss_giou_dn_1: 0.3508 (0.3543)  loss_fgl_dn_1: 1.2324 (1.2374)  loss_ddf_dn_1: 0.0021 (0.0023)  loss_mal_dn_2: 0.6301 (0.6300)  loss_bbox_dn_2: 0.0272 (0.0285)  loss_giou_dn_2: 0.3538 (0.3538)  loss_fgl_dn_2: 1.2326 (1.2373)  loss_ddf_dn_2: -0.0000 (0.0000)  loss_mal_dn_pre: 0.7038 (0.7043)  loss_bbox_dn_pre: 0.0359 (0.0373)  loss_giou_dn_pre: 0.4312 (0.4437)  time: 0.5904  data: 0.0155  max mem: 5224
Epoch: [8/30]  [40/44]  eta: 0:00:02  lr: 0.000100  loss: 18.0065 (18.0450)  loss_mal: 0.6634 (0.6634)  loss_bbox: 0.0360 (0.0372)  loss_giou: 0.4326 (0.4334)  loss_fgl: 1.2682 (1.2721)  loss_mal_aux_0: 0.7053 (0.7182)  loss_bbox_aux_0: 0.0372 (0.0380)  loss_giou_aux_0: 0.4473 (0.4443)  loss_fgl_aux_0: 1.2723 (1.2758)  loss_ddf_aux_0: 0.0127 (0.0137)  loss_mal_aux_1: 0.6668 (0.6697)  loss_bbox_aux_1: 0.0362 (0.0373)  loss_giou_aux_1: 0.4343 (0.4336)  loss_fgl_aux_1: 1.2678 (1.2719)  loss_ddf_aux_1: 0.0007 (0.0008)  loss_mal_pre: 0.7044 (0.7172)  loss_bbox_pre: 0.0374 (0.0379)  loss_giou_pre: 0.4439 (0.4431)  loss_mal_enc_0: 0.7909 (0.7892)  loss_bbox_enc_0: 0.0388 (0.0400)  loss_giou_enc_0: 0.4624 (0.4664)  loss_mal_dn_0: 0.7039 (0.7031)  loss_bbox_dn_0: 0.0359 (0.0368)  loss_giou_dn_0: 0.4354 (0.4417)  loss_fgl_dn_0: 1.2691 (1.2737)  loss_ddf_dn_0: 0.1040 (0.1148)  loss_mal_dn_1: 0.6268 (0.6286)  loss_bbox_dn_1: 0.0269 (0.0281)  loss_giou_dn_1: 0.3479 (0.3522)  loss_fgl_dn_1: 1.2314 (1.2364)  loss_ddf_dn_1: 0.0021 (0.0023)  loss_mal_dn_2: 0.6286 (0.6280)  loss_bbox_dn_2: 0.0268 (0.0280)  loss_giou_dn_2: 0.3457 (0.3515)  loss_fgl_dn_2: 1.2326 (1.2362)  loss_ddf_dn_2: -0.0000 (0.0000)  loss_mal_dn_pre: 0.7038 (0.7033)  loss_bbox_dn_pre: 0.0358 (0.0367)  loss_giou_dn_pre: 0.4343 (0.4403)  time: 0.5324  data: 0.0153  max mem: 5224
Epoch: [8/30]  [43/44]  eta: 0:00:00  lr: 0.000100  loss: 18.0065 (18.0781)  loss_mal: 0.6629 (0.6637)  loss_bbox: 0.0360 (0.0373)  loss_giou: 0.4429 (0.4357)  loss_fgl: 1.2682 (1.2729)  loss_mal_aux_0: 0.7076 (0.7200)  loss_bbox_aux_0: 0.0372 (0.0380)  loss_giou_aux_0: 0.4473 (0.4463)  loss_fgl_aux_0: 1.2723 (1.2764)  loss_ddf_aux_0: 0.0127 (0.0137)  loss_mal_aux_1: 0.6670 (0.6698)  loss_bbox_aux_1: 0.0362 (0.0373)  loss_giou_aux_1: 0.4424 (0.4358)  loss_fgl_aux_1: 1.2678 (1.2728)  loss_ddf_aux_1: 0.0007 (0.0008)  loss_mal_pre: 0.7077 (0.7189)  loss_bbox_pre: 0.0372 (0.0379)  loss_giou_pre: 0.4439 (0.4452)  loss_mal_enc_0: 0.7909 (0.7899)  loss_bbox_enc_0: 0.0386 (0.0400)  loss_giou_enc_0: 0.4653 (0.4690)  loss_mal_dn_0: 0.7039 (0.7036)  loss_bbox_dn_0: 0.0359 (0.0368)  loss_giou_dn_0: 0.4356 (0.4433)  loss_fgl_dn_0: 1.2691 (1.2746)  loss_ddf_dn_0: 0.1057 (0.1147)  loss_mal_dn_1: 0.6278 (0.6298)  loss_bbox_dn_1: 0.0270 (0.0281)  loss_giou_dn_1: 0.3508 (0.3542)  loss_fgl_dn_1: 1.2314 (1.2379)  loss_ddf_dn_1: 0.0022 (0.0023)  loss_mal_dn_2: 0.6289 (0.6294)  loss_bbox_dn_2: 0.0271 (0.0281)  loss_giou_dn_2: 0.3538 (0.3535)  loss_fgl_dn_2: 1.2326 (1.2378)  loss_ddf_dn_2: -0.0000 (0.0000)  loss_mal_dn_pre: 0.7038 (0.7038)  loss_bbox_dn_pre: 0.0358 (0.0367)  loss_giou_dn_pre: 0.4372 (0.4420)  time: 0.5230  data: 0.0152  max mem: 5224
Epoch: [8/30] Total time: 0:00:24 (0.5665 s / it)
Averaged stats: lr: 0.000100  loss: 18.0065 (18.0781)  loss_mal: 0.6629 (0.6637)  loss_bbox: 0.0360 (0.0373)  loss_giou: 0.4429 (0.4357)  loss_fgl: 1.2682 (1.2729)  loss_mal_aux_0: 0.7076 (0.7200)  loss_bbox_aux_0: 0.0372 (0.0380)  loss_giou_aux_0: 0.4473 (0.4463)  loss_fgl_aux_0: 1.2723 (1.2764)  loss_ddf_aux_0: 0.0127 (0.0137)  loss_mal_aux_1: 0.6670 (0.6698)  loss_bbox_aux_1: 0.0362 (0.0373)  loss_giou_aux_1: 0.4424 (0.4358)  loss_fgl_aux_1: 1.2678 (1.2728)  loss_ddf_aux_1: 0.0007 (0.0008)  loss_mal_pre: 0.7077 (0.7189)  loss_bbox_pre: 0.0372 (0.0379)  loss_giou_pre: 0.4439 (0.4452)  loss_mal_enc_0: 0.7909 (0.7899)  loss_bbox_enc_0: 0.0386 (0.0400)  loss_giou_enc_0: 0.4653 (0.4690)  loss_mal_dn_0: 0.7039 (0.7036)  loss_bbox_dn_0: 0.0359 (0.0368)  loss_giou_dn_0: 0.4356 (0.4433)  loss_fgl_dn_0: 1.2691 (1.2746)  loss_ddf_dn_0: 0.1057 (0.1147)  loss_mal_dn_1: 0.6278 (0.6298)  loss_bbox_dn_1: 0.0270 (0.0281)  loss_giou_dn_1: 0.3508 (0.3542)  loss_fgl_dn_1: 1.2314 (1.2379)  loss_ddf_dn_1: 0.0022 (0.0023)  loss_mal_dn_2: 0.6289 (0.6294)  loss_bbox_dn_2: 0.0271 (0.0281)  loss_giou_dn_2: 0.3538 (0.3535)  loss_fgl_dn_2: 1.2326 (1.2378)  loss_ddf_dn_2: -0.0000 (0.0000)  loss_mal_dn_pre: 0.7038 (0.7038)  loss_bbox_dn_pre: 0.0358 (0.0367)  loss_giou_dn_pre: 0.4372 (0.4420)
Test:  [0/9]  eta: 0:00:03    time: 0.3543  data: 0.2647  max mem: 5224
Test:  [8/9]  eta: 0:00:00    time: 0.1551  data: 0.0450  max mem: 5224
Test: Total time: 0:00:01 (0.1587 s / it)
Metrics: {'f1': 0.975609756097561, 'precision': 0.9790209790209791, 'recall': 0.9722222222222222, 'iou': 0.6764805268268196, 'TPs': 140, 'FPs': 3, 'FNs': 4}
Averaged stats: 
Accumulating evaluation results...
COCOeval_opt.accumulate() finished...
DONE (t=0.01s).
IoU metric: bbox
 Average Precision  (AP) @[ IoU=0.50:0.95 | area=   all | maxDets=100 ] = 0.377
 Average Precision  (AP) @[ IoU=0.50      | area=   all | maxDets=100 ] = 0.960
 Average Precision  (AP) @[ IoU=0.75      | area=   all | maxDets=100 ] = 0.185
 Average Precision  (AP) @[ IoU=0.50:0.95 | area= small | maxDets=100 ] = 0.377
 Average Precision  (AP) @[ IoU=0.50:0.95 | area=medium | maxDets=100 ] = -1.000
 Average Precision  (AP) @[ IoU=0.50:0.95 | area= large | maxDets=100 ] = -1.000
 Average Recall     (AR) @[ IoU=0.50:0.95 | area=   all | maxDets=  1 ] = 0.215
 Average Recall     (AR) @[ IoU=0.50:0.95 | area=   all | maxDets= 10 ] = 0.485
 Average Recall     (AR) @[ IoU=0.50:0.95 | area=   all | maxDets=100 ] = 0.611
 Average Recall     (AR) @[ IoU=0.50:0.95 | area= small | maxDets=100 ] = 0.611
 Average Recall     (AR) @[ IoU=0.50:0.95 | area=medium | maxDets=100 ] = -1.000
 Average Recall     (AR) @[ IoU=0.50:0.95 | area= large | maxDets=100 ] = -1.000
 Average Recall     (AR) @[ IoU=0.50      | area=   all | maxDets=100 ] = 0.993
 Average Recall     (AR) @[ IoU=0.75      | area=   all | maxDets=100 ] = 0.701
best_stat: {'epoch': 3, 'coco_eval_bbox': 0.37821048554885567}
Epoch: [9/30]  [ 0/44]  eta: 0:00:34  lr: 0.000100  loss: 18.9334 (18.9334)  loss_mal: 0.6878 (0.6878)  loss_bbox: 0.0453 (0.0453)  loss_giou: 0.5046 (0.5046)  loss_fgl: 1.2874 (1.2874)  loss_mal_aux_0: 0.7372 (0.7372)  loss_bbox_aux_0: 0.0447 (0.0447)  loss_giou_aux_0: 0.4903 (0.4903)  loss_fgl_aux_0: 1.2841 (1.2841)  loss_ddf_aux_0: 0.0121 (0.0121)  loss_mal_aux_1: 0.6922 (0.6922)  loss_bbox_aux_1: 0.0451 (0.0451)  loss_giou_aux_1: 0.5024 (0.5024)  loss_fgl_aux_1: 1.2864 (1.2864)  loss_ddf_aux_1: 0.0006 (0.0006)  loss_mal_pre: 0.7355 (0.7355)  loss_bbox_pre: 0.0450 (0.0450)  loss_giou_pre: 0.4934 (0.4934)  loss_mal_enc_0: 0.7959 (0.7959)  loss_bbox_enc_0: 0.0447 (0.0447)  loss_giou_enc_0: 0.5056 (0.5056)  loss_mal_dn_0: 0.7236 (0.7236)  loss_bbox_dn_0: 0.0460 (0.0460)  loss_giou_dn_0: 0.5086 (0.5086)  loss_fgl_dn_0: 1.3000 (1.3000)  loss_ddf_dn_0: 0.1191 (0.1191)  loss_mal_dn_1: 0.6619 (0.6619)  loss_bbox_dn_1: 0.0342 (0.0342)  loss_giou_dn_1: 0.3940 (0.3940)  loss_fgl_dn_1: 1.2664 (1.2664)  loss_ddf_dn_1: 0.0027 (0.0027)  loss_mal_dn_2: 0.6618 (0.6618)  loss_bbox_dn_2: 0.0342 (0.0342)  loss_giou_dn_2: 0.3962 (0.3962)  loss_fgl_dn_2: 1.2670 (1.2670)  loss_ddf_dn_2: -0.0000 (0.0000)  loss_mal_dn_pre: 0.7227 (0.7227)  loss_bbox_dn_pre: 0.0462 (0.0462)  loss_giou_dn_pre: 0.5085 (0.5085)  time: 0.7926  data: 0.2385  max mem: 5224
Epoch: [9/30]  [10/44]  eta: 0:00:20  lr: 0.000100  loss: 17.6898 (17.8662)  loss_mal: 0.6436 (0.6529)  loss_bbox: 0.0324 (0.0361)  loss_giou: 0.3868 (0.4209)  loss_fgl: 1.2723 (1.2708)  loss_mal_aux_0: 0.7064 (0.7059)  loss_bbox_aux_0: 0.0347 (0.0371)  loss_giou_aux_0: 0.4085 (0.4310)  loss_fgl_aux_0: 1.2738 (1.2760)  loss_ddf_aux_0: 0.0118 (0.0120)  loss_mal_aux_1: 0.6475 (0.6581)  loss_bbox_aux_1: 0.0326 (0.0361)  loss_giou_aux_1: 0.3871 (0.4208)  loss_fgl_aux_1: 1.2718 (1.2708)  loss_ddf_aux_1: 0.0006 (0.0006)  loss_mal_pre: 0.7077 (0.7055)  loss_bbox_pre: 0.0348 (0.0371)  loss_giou_pre: 0.4090 (0.4309)  loss_mal_enc_0: 0.7731 (0.7734)  loss_bbox_enc_0: 0.0366 (0.0381)  loss_giou_enc_0: 0.4262 (0.4430)  loss_mal_dn_0: 0.7015 (0.6993)  loss_bbox_dn_0: 0.0359 (0.0372)  loss_giou_dn_0: 0.4523 (0.4441)  loss_fgl_dn_0: 1.2566 (1.2692)  loss_ddf_dn_0: 0.1165 (0.1141)  loss_mal_dn_1: 0.6230 (0.6257)  loss_bbox_dn_1: 0.0271 (0.0282)  loss_giou_dn_1: 0.3445 (0.3508)  loss_fgl_dn_1: 1.2274 (1.2291)  loss_ddf_dn_1: 0.0026 (0.0025)  loss_mal_dn_2: 0.6210 (0.6232)  loss_bbox_dn_2: 0.0269 (0.0280)  loss_giou_dn_2: 0.3411 (0.3496)  loss_fgl_dn_2: 1.2270 (1.2285)  loss_ddf_dn_2: -0.0000 (0.0000)  loss_mal_dn_pre: 0.7020 (0.6998)  loss_bbox_dn_pre: 0.0358 (0.0371)  loss_giou_dn_pre: 0.4479 (0.4428)  time: 0.6022  data: 0.0366  max mem: 5224
Epoch: [9/30]  [20/44]  eta: 0:00:14  lr: 0.000100  loss: 17.6706 (17.7641)  loss_mal: 0.6436 (0.6518)  loss_bbox: 0.0324 (0.0349)  loss_giou: 0.3810 (0.4066)  loss_fgl: 1.2713 (1.2708)  loss_mal_aux_0: 0.7091 (0.7129)  loss_bbox_aux_0: 0.0347 (0.0360)  loss_giou_aux_0: 0.3978 (0.4183)  loss_fgl_aux_0: 1.2738 (1.2757)  loss_ddf_aux_0: 0.0130 (0.0125)  loss_mal_aux_1: 0.6475 (0.6592)  loss_bbox_aux_1: 0.0325 (0.0349)  loss_giou_aux_1: 0.3804 (0.4065)  loss_fgl_aux_1: 1.2707 (1.2707)  loss_ddf_aux_1: 0.0006 (0.0006)  loss_mal_pre: 0.7086 (0.7122)  loss_bbox_pre: 0.0348 (0.0360)  loss_giou_pre: 0.3998 (0.4177)  loss_mal_enc_0: 0.7731 (0.7766)  loss_bbox_enc_0: 0.0365 (0.0375)  loss_giou_enc_0: 0.4217 (0.4359)  loss_mal_dn_0: 0.6964 (0.6964)  loss_bbox_dn_0: 0.0359 (0.0361)  loss_giou_dn_0: 0.4311 (0.4320)  loss_fgl_dn_0: 1.2627 (1.2718)  loss_ddf_dn_0: 0.1148 (0.1142)  loss_mal_dn_1: 0.6163 (0.6207)  loss_bbox_dn_1: 0.0269 (0.0273)  loss_giou_dn_1: 0.3320 (0.3419)  loss_fgl_dn_1: 1.2328 (1.2321)  loss_ddf_dn_1: 0.0023 (0.0025)  loss_mal_dn_2: 0.6115 (0.6189)  loss_bbox_dn_2: 0.0268 (0.0272)  loss_giou_dn_2: 0.3296 (0.3409)  loss_fgl_dn_2: 1.2319 (1.2316)  loss_ddf_dn_2: -0.0000 (0.0000)  loss_mal_dn_pre: 0.6961 (0.6969)  loss_bbox_dn_pre: 0.0356 (0.0359)  loss_giou_dn_pre: 0.4298 (0.4304)  time: 0.5817  data: 0.0162  max mem: 5224
Epoch: [9/30]  [30/44]  eta: 0:00:08  lr: 0.000100  loss: 18.0103 (17.8659)  loss_mal: 0.6630 (0.6561)  loss_bbox: 0.0343 (0.0355)  loss_giou: 0.4151 (0.4144)  loss_fgl: 1.2688 (1.2716)  loss_mal_aux_0: 0.7126 (0.7137)  loss_bbox_aux_0: 0.0366 (0.0365)  loss_giou_aux_0: 0.4193 (0.4251)  loss_fgl_aux_0: 1.2727 (1.2762)  loss_ddf_aux_0: 0.0130 (0.0124)  loss_mal_aux_1: 0.6640 (0.6620)  loss_bbox_aux_1: 0.0347 (0.0356)  loss_giou_aux_1: 0.4151 (0.4146)  loss_fgl_aux_1: 1.2685 (1.2714)  loss_ddf_aux_1: 0.0005 (0.0006)  loss_mal_pre: 0.7119 (0.7130)  loss_bbox_pre: 0.0365 (0.0365)  loss_giou_pre: 0.4200 (0.4243)  loss_mal_enc_0: 0.7784 (0.7781)  loss_bbox_enc_0: 0.0384 (0.0380)  loss_giou_enc_0: 0.4410 (0.4435)  loss_mal_dn_0: 0.6979 (0.6978)  loss_bbox_dn_0: 0.0348 (0.0365)  loss_giou_dn_0: 0.4372 (0.4366)  loss_fgl_dn_0: 1.2788 (1.2744)  loss_ddf_dn_0: 0.1155 (0.1161)  loss_mal_dn_1: 0.6230 (0.6258)  loss_bbox_dn_1: 0.0273 (0.0279)  loss_giou_dn_1: 0.3448 (0.3487)  loss_fgl_dn_1: 1.2361 (1.2355)  loss_ddf_dn_1: 0.0025 (0.0025)  loss_mal_dn_2: 0.6202 (0.6245)  loss_bbox_dn_2: 0.0270 (0.0278)  loss_giou_dn_2: 0.3421 (0.3478)  loss_fgl_dn_2: 1.2350 (1.2351)  loss_ddf_dn_2: -0.0000 (0.0000)  loss_mal_dn_pre: 0.6979 (0.6983)  loss_bbox_dn_pre: 0.0349 (0.0363)  loss_giou_dn_pre: 0.4366 (0.4352)  time: 0.5860  data: 0.0160  max mem: 5224
Epoch: [9/30]  [40/44]  eta: 0:00:02  lr: 0.000100  loss: 18.0103 (17.8923)  loss_mal: 0.6642 (0.6567)  loss_bbox: 0.0360 (0.0359)  loss_giou: 0.4241 (0.4194)  loss_fgl: 1.2707 (1.2731)  loss_mal_aux_0: 0.7074 (0.7117)  loss_bbox_aux_0: 0.0372 (0.0369)  loss_giou_aux_0: 0.4392 (0.4310)  loss_fgl_aux_0: 1.2725 (1.2772)  loss_ddf_aux_0: 0.0132 (0.0128)  loss_mal_aux_1: 0.6640 (0.6617)  loss_bbox_aux_1: 0.0362 (0.0359)  loss_giou_aux_1: 0.4245 (0.4191)  loss_fgl_aux_1: 1.2732 (1.2730)  loss_ddf_aux_1: 0.0005 (0.0006)  loss_mal_pre: 0.7067 (0.7107)  loss_bbox_pre: 0.0370 (0.0369)  loss_giou_pre: 0.4417 (0.4304)  loss_mal_enc_0: 0.7696 (0.7751)  loss_bbox_enc_0: 0.0391 (0.0386)  loss_giou_enc_0: 0.4722 (0.4517)  loss_mal_dn_0: 0.6959 (0.6967)  loss_bbox_dn_0: 0.0361 (0.0363)  loss_giou_dn_0: 0.4433 (0.4369)  loss_fgl_dn_0: 1.2726 (1.2745)  loss_ddf_dn_0: 0.1102 (0.1127)  loss_mal_dn_1: 0.6231 (0.6252)  loss_bbox_dn_1: 0.0289 (0.0279)  loss_giou_dn_1: 0.3462 (0.3485)  loss_fgl_dn_1: 1.2385 (1.2374)  loss_ddf_dn_1: 0.0025 (0.0024)  loss_mal_dn_2: 0.6221 (0.6238)  loss_bbox_dn_2: 0.0287 (0.0278)  loss_giou_dn_2: 0.3437 (0.3477)  loss_fgl_dn_2: 1.2398 (1.2371)  loss_ddf_dn_2: -0.0000 (0.0000)  loss_mal_dn_pre: 0.6959 (0.6971)  loss_bbox_dn_pre: 0.0361 (0.0362)  loss_giou_dn_pre: 0.4435 (0.4356)  time: 0.5471  data: 0.0159  max mem: 5224
Epoch: [9/30]  [43/44]  eta: 0:00:00  lr: 0.000100  loss: 17.7879 (17.8653)  loss_mal: 0.6575 (0.6566)  loss_bbox: 0.0345 (0.0358)  loss_giou: 0.4196 (0.4181)  loss_fgl: 1.2707 (1.2722)  loss_mal_aux_0: 0.7021 (0.7105)  loss_bbox_aux_0: 0.0366 (0.0368)  loss_giou_aux_0: 0.4368 (0.4293)  loss_fgl_aux_0: 1.2761 (1.2765)  loss_ddf_aux_0: 0.0132 (0.0129)  loss_mal_aux_1: 0.6631 (0.6616)  loss_bbox_aux_1: 0.0347 (0.0358)  loss_giou_aux_1: 0.4210 (0.4179)  loss_fgl_aux_1: 1.2713 (1.2721)  loss_ddf_aux_1: 0.0005 (0.0006)  loss_mal_pre: 0.7031 (0.7097)  loss_bbox_pre: 0.0365 (0.0368)  loss_giou_pre: 0.4361 (0.4287)  loss_mal_enc_0: 0.7696 (0.7760)  loss_bbox_enc_0: 0.0387 (0.0385)  loss_giou_enc_0: 0.4638 (0.4492)  loss_mal_dn_0: 0.6920 (0.6963)  loss_bbox_dn_0: 0.0348 (0.0363)  loss_giou_dn_0: 0.4409 (0.4360)  loss_fgl_dn_0: 1.2677 (1.2733)  loss_ddf_dn_0: 0.1102 (0.1123)  loss_mal_dn_1: 0.6230 (0.6240)  loss_bbox_dn_1: 0.0273 (0.0277)  loss_giou_dn_1: 0.3431 (0.3465)  loss_fgl_dn_1: 1.2336 (1.2358)  loss_ddf_dn_1: 0.0025 (0.0024)  loss_mal_dn_2: 0.6178 (0.6226)  loss_bbox_dn_2: 0.0273 (0.0276)  loss_giou_dn_2: 0.3421 (0.3457)  loss_fgl_dn_2: 1.2337 (1.2355)  loss_ddf_dn_2: -0.0000 (0.0000)  loss_mal_dn_pre: 0.6935 (0.6967)  loss_bbox_dn_pre: 0.0349 (0.0362)  loss_giou_dn_pre: 0.4400 (0.4346)  time: 0.5254  data: 0.0156  max mem: 5224
Epoch: [9/30] Total time: 0:00:24 (0.5617 s / it)
Averaged stats: lr: 0.000100  loss: 17.7879 (17.8653)  loss_mal: 0.6575 (0.6566)  loss_bbox: 0.0345 (0.0358)  loss_giou: 0.4196 (0.4181)  loss_fgl: 1.2707 (1.2722)  loss_mal_aux_0: 0.7021 (0.7105)  loss_bbox_aux_0: 0.0366 (0.0368)  loss_giou_aux_0: 0.4368 (0.4293)  loss_fgl_aux_0: 1.2761 (1.2765)  loss_ddf_aux_0: 0.0132 (0.0129)  loss_mal_aux_1: 0.6631 (0.6616)  loss_bbox_aux_1: 0.0347 (0.0358)  loss_giou_aux_1: 0.4210 (0.4179)  loss_fgl_aux_1: 1.2713 (1.2721)  loss_ddf_aux_1: 0.0005 (0.0006)  loss_mal_pre: 0.7031 (0.7097)  loss_bbox_pre: 0.0365 (0.0368)  loss_giou_pre: 0.4361 (0.4287)  loss_mal_enc_0: 0.7696 (0.7760)  loss_bbox_enc_0: 0.0387 (0.0385)  loss_giou_enc_0: 0.4638 (0.4492)  loss_mal_dn_0: 0.6920 (0.6963)  loss_bbox_dn_0: 0.0348 (0.0363)  loss_giou_dn_0: 0.4409 (0.4360)  loss_fgl_dn_0: 1.2677 (1.2733)  loss_ddf_dn_0: 0.1102 (0.1123)  loss_mal_dn_1: 0.6230 (0.6240)  loss_bbox_dn_1: 0.0273 (0.0277)  loss_giou_dn_1: 0.3431 (0.3465)  loss_fgl_dn_1: 1.2336 (1.2358)  loss_ddf_dn_1: 0.0025 (0.0024)  loss_mal_dn_2: 0.6178 (0.6226)  loss_bbox_dn_2: 0.0273 (0.0276)  loss_giou_dn_2: 0.3421 (0.3457)  loss_fgl_dn_2: 1.2337 (1.2355)  loss_ddf_dn_2: -0.0000 (0.0000)  loss_mal_dn_pre: 0.6935 (0.6967)  loss_bbox_dn_pre: 0.0349 (0.0362)  loss_giou_dn_pre: 0.4400 (0.4346)
Test:  [0/9]  eta: 0:00:03    time: 0.3636  data: 0.2723  max mem: 5224
Test:  [8/9]  eta: 0:00:00    time: 0.1824  data: 0.0452  max mem: 5224
Test: Total time: 0:00:01 (0.1893 s / it)
Metrics: {'f1': 0.9619377162629758, 'precision': 0.9586206896551724, 'recall': 0.9652777777777778, 'iou': 0.6584879672527313, 'TPs': 139, 'FPs': 6, 'FNs': 5}
Averaged stats: 
Accumulating evaluation results...
COCOeval_opt.accumulate() finished...
DONE (t=0.01s).
IoU metric: bbox
 Average Precision  (AP) @[ IoU=0.50:0.95 | area=   all | maxDets=100 ] = 0.369
 Average Precision  (AP) @[ IoU=0.50      | area=   all | maxDets=100 ] = 0.937
 Average Precision  (AP) @[ IoU=0.75      | area=   all | maxDets=100 ] = 0.159
 Average Precision  (AP) @[ IoU=0.50:0.95 | area= small | maxDets=100 ] = 0.369
 Average Precision  (AP) @[ IoU=0.50:0.95 | area=medium | maxDets=100 ] = -1.000
 Average Precision  (AP) @[ IoU=0.50:0.95 | area= large | maxDets=100 ] = -1.000
 Average Recall     (AR) @[ IoU=0.50:0.95 | area=   all | maxDets=  1 ] = 0.214
 Average Recall     (AR) @[ IoU=0.50:0.95 | area=   all | maxDets= 10 ] = 0.487
 Average Recall     (AR) @[ IoU=0.50:0.95 | area=   all | maxDets=100 ] = 0.601
 Average Recall     (AR) @[ IoU=0.50:0.95 | area= small | maxDets=100 ] = 0.601
 Average Recall     (AR) @[ IoU=0.50:0.95 | area=medium | maxDets=100 ] = -1.000
 Average Recall     (AR) @[ IoU=0.50:0.95 | area= large | maxDets=100 ] = -1.000
 Average Recall     (AR) @[ IoU=0.50      | area=   all | maxDets=100 ] = 0.993
 Average Recall     (AR) @[ IoU=0.75      | area=   all | maxDets=100 ] = 0.632
best_stat: {'epoch': 3, 'coco_eval_bbox': 0.37821048554885567}
Epoch: [10/30]  [ 0/44]  eta: 0:00:38  lr: 0.000100  loss: 17.0020 (17.0020)  loss_mal: 0.6226 (0.6226)  loss_bbox: 0.0289 (0.0289)  loss_giou: 0.3425 (0.3425)  loss_fgl: 1.2804 (1.2804)  loss_mal_aux_0: 0.6645 (0.6645)  loss_bbox_aux_0: 0.0302 (0.0302)  loss_giou_aux_0: 0.3607 (0.3607)  loss_fgl_aux_0: 1.2801 (1.2801)  loss_ddf_aux_0: 0.0130 (0.0130)  loss_mal_aux_1: 0.6253 (0.6253)  loss_bbox_aux_1: 0.0288 (0.0288)  loss_giou_aux_1: 0.3416 (0.3416)  loss_fgl_aux_1: 1.2791 (1.2791)  loss_ddf_aux_1: 0.0007 (0.0007)  loss_mal_pre: 0.6666 (0.6666)  loss_bbox_pre: 0.0303 (0.0303)  loss_giou_pre: 0.3628 (0.3628)  loss_mal_enc_0: 0.7671 (0.7671)  loss_bbox_enc_0: 0.0316 (0.0316)  loss_giou_enc_0: 0.3778 (0.3778)  loss_mal_dn_0: 0.6778 (0.6778)  loss_bbox_dn_0: 0.0310 (0.0310)  loss_giou_dn_0: 0.3753 (0.3753)  loss_fgl_dn_0: 1.2737 (1.2737)  loss_ddf_dn_0: 0.1105 (0.1105)  loss_mal_dn_1: 0.5928 (0.5928)  loss_bbox_dn_1: 0.0240 (0.0240)  loss_giou_dn_1: 0.3055 (0.3055)  loss_fgl_dn_1: 1.2328 (1.2328)  loss_ddf_dn_1: 0.0026 (0.0026)  loss_mal_dn_2: 0.5935 (0.5935)  loss_bbox_dn_2: 0.0241 (0.0241)  loss_giou_dn_2: 0.3062 (0.3062)  loss_fgl_dn_2: 1.2341 (1.2341)  loss_ddf_dn_2: -0.0000 (0.0000)  loss_mal_dn_pre: 0.6790 (0.6790)  loss_bbox_dn_pre: 0.0309 (0.0309)  loss_giou_dn_pre: 0.3734 (0.3734)  time: 0.8804  data: 0.2521  max mem: 5224
Epoch: [10/30]  [10/44]  eta: 0:00:20  lr: 0.000100  loss: 17.7936 (17.7310)  loss_mal: 0.6417 (0.6417)  loss_bbox: 0.0325 (0.0329)  loss_giou: 0.4102 (0.3924)  loss_fgl: 1.2722 (1.2652)  loss_mal_aux_0: 0.7360 (0.7326)  loss_bbox_aux_0: 0.0347 (0.0347)  loss_giou_aux_0: 0.4280 (0.4170)  loss_fgl_aux_0: 1.2801 (1.2748)  loss_ddf_aux_0: 0.0131 (0.0138)  loss_mal_aux_1: 0.6480 (0.6495)  loss_bbox_aux_1: 0.0323 (0.0328)  loss_giou_aux_1: 0.4070 (0.3919)  loss_fgl_aux_1: 1.2713 (1.2646)  loss_ddf_aux_1: 0.0005 (0.0005)  loss_mal_pre: 0.7320 (0.7296)  loss_bbox_pre: 0.0347 (0.0347)  loss_giou_pre: 0.4255 (0.4158)  loss_mal_enc_0: 0.7656 (0.7673)  loss_bbox_enc_0: 0.0356 (0.0368)  loss_giou_enc_0: 0.4527 (0.4406)  loss_mal_dn_0: 0.6943 (0.6995)  loss_bbox_dn_0: 0.0361 (0.0362)  loss_giou_dn_0: 0.4337 (0.4477)  loss_fgl_dn_0: 1.2774 (1.2830)  loss_ddf_dn_0: 0.1172 (0.1206)  loss_mal_dn_1: 0.6147 (0.6116)  loss_bbox_dn_1: 0.0253 (0.0263)  loss_giou_dn_1: 0.3330 (0.3332)  loss_fgl_dn_1: 1.2319 (1.2264)  loss_ddf_dn_1: 0.0026 (0.0024)  loss_mal_dn_2: 0.6110 (0.6098)  loss_bbox_dn_2: 0.0252 (0.0262)  loss_giou_dn_2: 0.3317 (0.3322)  loss_fgl_dn_2: 1.2322 (1.2263)  loss_ddf_dn_2: -0.0000 (0.0000)  loss_mal_dn_pre: 0.6936 (0.6989)  loss_bbox_dn_pre: 0.0356 (0.0359)  loss_giou_dn_pre: 0.4297 (0.4453)  time: 0.5911  data: 0.0352  max mem: 5224
Epoch: [10/30]  [20/44]  eta: 0:00:14  lr: 0.000100  loss: 17.6178 (17.6368)  loss_mal: 0.6417 (0.6438)  loss_bbox: 0.0325 (0.0332)  loss_giou: 0.3856 (0.3921)  loss_fgl: 1.2652 (1.2633)  loss_mal_aux_0: 0.7168 (0.7229)  loss_bbox_aux_0: 0.0343 (0.0345)  loss_giou_aux_0: 0.4137 (0.4116)  loss_fgl_aux_0: 1.2715 (1.2704)  loss_ddf_aux_0: 0.0126 (0.0131)  loss_mal_aux_1: 0.6480 (0.6517)  loss_bbox_aux_1: 0.0323 (0.0332)  loss_giou_aux_1: 0.3862 (0.3921)  loss_fgl_aux_1: 1.2641 (1.2629)  loss_ddf_aux_1: 0.0005 (0.0005)  loss_mal_pre: 0.7152 (0.7212)  loss_bbox_pre: 0.0344 (0.0345)  loss_giou_pre: 0.4110 (0.4111)  loss_mal_enc_0: 0.7666 (0.7675)  loss_bbox_enc_0: 0.0356 (0.0362)  loss_giou_enc_0: 0.4230 (0.4327)  loss_mal_dn_0: 0.6942 (0.6978)  loss_bbox_dn_0: 0.0353 (0.0359)  loss_giou_dn_0: 0.4194 (0.4388)  loss_fgl_dn_0: 1.2698 (1.2701)  loss_ddf_dn_0: 0.1163 (0.1150)  loss_mal_dn_1: 0.6145 (0.6131)  loss_bbox_dn_1: 0.0257 (0.0264)  loss_giou_dn_1: 0.3269 (0.3319)  loss_fgl_dn_1: 1.2163 (1.2194)  loss_ddf_dn_1: 0.0026 (0.0024)  loss_mal_dn_2: 0.6110 (0.6101)  loss_bbox_dn_2: 0.0257 (0.0263)  loss_giou_dn_2: 0.3275 (0.3309)  loss_fgl_dn_2: 1.2179 (1.2194)  loss_ddf_dn_2: -0.0000 (0.0000)  loss_mal_dn_pre: 0.6936 (0.6977)  loss_bbox_dn_pre: 0.0352 (0.0358)  loss_giou_dn_pre: 0.4198 (0.4373)  time: 0.5714  data: 0.0152  max mem: 5224
Epoch: [10/30]  [30/44]  eta: 0:00:08  lr: 0.000100  loss: 17.5296 (17.5706)  loss_mal: 0.6395 (0.6425)  loss_bbox: 0.0302 (0.0326)  loss_giou: 0.3832 (0.3900)  loss_fgl: 1.2656 (1.2648)  loss_mal_aux_0: 0.7011 (0.7156)  loss_bbox_aux_0: 0.0315 (0.0338)  loss_giou_aux_0: 0.3893 (0.4054)  loss_fgl_aux_0: 1.2641 (1.2711)  loss_ddf_aux_0: 0.0107 (0.0124)  loss_mal_aux_1: 0.6527 (0.6509)  loss_bbox_aux_1: 0.0300 (0.0326)  loss_giou_aux_1: 0.3830 (0.3901)  loss_fgl_aux_1: 1.2641 (1.2645)  loss_ddf_aux_1: 0.0004 (0.0005)  loss_mal_pre: 0.7019 (0.7142)  loss_bbox_pre: 0.0314 (0.0338)  loss_giou_pre: 0.3908 (0.4047)  loss_mal_enc_0: 0.7700 (0.7703)  loss_bbox_enc_0: 0.0337 (0.0355)  loss_giou_enc_0: 0.4141 (0.4266)  loss_mal_dn_0: 0.6926 (0.6926)  loss_bbox_dn_0: 0.0330 (0.0347)  loss_giou_dn_0: 0.4194 (0.4289)  loss_fgl_dn_0: 1.2595 (1.2720)  loss_ddf_dn_0: 0.1051 (0.1093)  loss_mal_dn_1: 0.6147 (0.6123)  loss_bbox_dn_1: 0.0251 (0.0259)  loss_giou_dn_1: 0.3295 (0.3302)  loss_fgl_dn_1: 1.2153 (1.2258)  loss_ddf_dn_1: 0.0023 (0.0023)  loss_mal_dn_2: 0.6112 (0.6095)  loss_bbox_dn_2: 0.0251 (0.0258)  loss_giou_dn_2: 0.3267 (0.3293)  loss_fgl_dn_2: 1.2161 (1.2258)  loss_ddf_dn_2: -0.0000 (0.0000)  loss_mal_dn_pre: 0.6922 (0.6926)  loss_bbox_dn_pre: 0.0329 (0.0345)  loss_giou_dn_pre: 0.4198 (0.4271)  time: 0.5791  data: 0.0170  max mem: 5224
Epoch: [10/30]  [40/44]  eta: 0:00:02  lr: 0.000100  loss: 17.6143 (17.5885)  loss_mal: 0.6395 (0.6440)  loss_bbox: 0.0326 (0.0333)  loss_giou: 0.3934 (0.3952)  loss_fgl: 1.2662 (1.2659)  loss_mal_aux_0: 0.7007 (0.7103)  loss_bbox_aux_0: 0.0324 (0.0345)  loss_giou_aux_0: 0.4009 (0.4097)  loss_fgl_aux_0: 1.2760 (1.2716)  loss_ddf_aux_0: 0.0107 (0.0122)  loss_mal_aux_1: 0.6488 (0.6507)  loss_bbox_aux_1: 0.0325 (0.0333)  loss_giou_aux_1: 0.3915 (0.3953)  loss_fgl_aux_1: 1.2657 (1.2657)  loss_ddf_aux_1: 0.0004 (0.0005)  loss_mal_pre: 0.6992 (0.7090)  loss_bbox_pre: 0.0324 (0.0345)  loss_giou_pre: 0.3985 (0.4092)  loss_mal_enc_0: 0.7700 (0.7701)  loss_bbox_enc_0: 0.0365 (0.0362)  loss_giou_enc_0: 0.4346 (0.4301)  loss_mal_dn_0: 0.6894 (0.6924)  loss_bbox_dn_0: 0.0329 (0.0348)  loss_giou_dn_0: 0.4267 (0.4272)  loss_fgl_dn_0: 1.2728 (1.2715)  loss_ddf_dn_0: 0.1013 (0.1090)  loss_mal_dn_1: 0.6176 (0.6124)  loss_bbox_dn_1: 0.0250 (0.0261)  loss_giou_dn_1: 0.3305 (0.3305)  loss_fgl_dn_1: 1.2251 (1.2263)  loss_ddf_dn_1: 0.0021 (0.0023)  loss_mal_dn_2: 0.6123 (0.6101)  loss_bbox_dn_2: 0.0249 (0.0260)  loss_giou_dn_2: 0.3321 (0.3296)  loss_fgl_dn_2: 1.2245 (1.2262)  loss_ddf_dn_2: -0.0000 (0.0000)  loss_mal_dn_pre: 0.6888 (0.6924)  loss_bbox_dn_pre: 0.0327 (0.0347)  loss_giou_dn_pre: 0.4267 (0.4255)  time: 0.5520  data: 0.0164  max mem: 5224
Epoch: [10/30]  [43/44]  eta: 0:00:00  lr: 0.000100  loss: 17.6330 (17.5953)  loss_mal: 0.6503 (0.6451)  loss_bbox: 0.0329 (0.0335)  loss_giou: 0.3978 (0.3961)  loss_fgl: 1.2690 (1.2668)  loss_mal_aux_0: 0.7009 (0.7093)  loss_bbox_aux_0: 0.0353 (0.0345)  loss_giou_aux_0: 0.4120 (0.4096)  loss_fgl_aux_0: 1.2773 (1.2723)  loss_ddf_aux_0: 0.0107 (0.0121)  loss_mal_aux_1: 0.6533 (0.6515)  loss_bbox_aux_1: 0.0328 (0.0335)  loss_giou_aux_1: 0.3989 (0.3963)  loss_fgl_aux_1: 1.2695 (1.2665)  loss_ddf_aux_1: 0.0004 (0.0005)  loss_mal_pre: 0.6992 (0.7080)  loss_bbox_pre: 0.0350 (0.0345)  loss_giou_pre: 0.4095 (0.4091)  loss_mal_enc_0: 0.7700 (0.7715)  loss_bbox_enc_0: 0.0379 (0.0364)  loss_giou_enc_0: 0.4435 (0.4315)  loss_mal_dn_0: 0.6926 (0.6921)  loss_bbox_dn_0: 0.0330 (0.0348)  loss_giou_dn_0: 0.4247 (0.4262)  loss_fgl_dn_0: 1.2728 (1.2721)  loss_ddf_dn_0: 0.1013 (0.1079)  loss_mal_dn_1: 0.6178 (0.6126)  loss_bbox_dn_1: 0.0253 (0.0261)  loss_giou_dn_1: 0.3307 (0.3306)  loss_fgl_dn_1: 1.2259 (1.2272)  loss_ddf_dn_1: 0.0020 (0.0023)  loss_mal_dn_2: 0.6135 (0.6103)  loss_bbox_dn_2: 0.0252 (0.0261)  loss_giou_dn_2: 0.3321 (0.3298)  loss_fgl_dn_2: 1.2253 (1.2271)  loss_ddf_dn_2: -0.0000 (0.0000)  loss_mal_dn_pre: 0.6921 (0.6922)  loss_bbox_dn_pre: 0.0327 (0.0346)  loss_giou_dn_pre: 0.4221 (0.4246)  time: 0.5259  data: 0.0156  max mem: 5224
Epoch: [10/30] Total time: 0:00:24 (0.5604 s / it)
Averaged stats: lr: 0.000100  loss: 17.6330 (17.5953)  loss_mal: 0.6503 (0.6451)  loss_bbox: 0.0329 (0.0335)  loss_giou: 0.3978 (0.3961)  loss_fgl: 1.2690 (1.2668)  loss_mal_aux_0: 0.7009 (0.7093)  loss_bbox_aux_0: 0.0353 (0.0345)  loss_giou_aux_0: 0.4120 (0.4096)  loss_fgl_aux_0: 1.2773 (1.2723)  loss_ddf_aux_0: 0.0107 (0.0121)  loss_mal_aux_1: 0.6533 (0.6515)  loss_bbox_aux_1: 0.0328 (0.0335)  loss_giou_aux_1: 0.3989 (0.3963)  loss_fgl_aux_1: 1.2695 (1.2665)  loss_ddf_aux_1: 0.0004 (0.0005)  loss_mal_pre: 0.6992 (0.7080)  loss_bbox_pre: 0.0350 (0.0345)  loss_giou_pre: 0.4095 (0.4091)  loss_mal_enc_0: 0.7700 (0.7715)  loss_bbox_enc_0: 0.0379 (0.0364)  loss_giou_enc_0: 0.4435 (0.4315)  loss_mal_dn_0: 0.6926 (0.6921)  loss_bbox_dn_0: 0.0330 (0.0348)  loss_giou_dn_0: 0.4247 (0.4262)  loss_fgl_dn_0: 1.2728 (1.2721)  loss_ddf_dn_0: 0.1013 (0.1079)  loss_mal_dn_1: 0.6178 (0.6126)  loss_bbox_dn_1: 0.0253 (0.0261)  loss_giou_dn_1: 0.3307 (0.3306)  loss_fgl_dn_1: 1.2259 (1.2272)  loss_ddf_dn_1: 0.0020 (0.0023)  loss_mal_dn_2: 0.6135 (0.6103)  loss_bbox_dn_2: 0.0252 (0.0261)  loss_giou_dn_2: 0.3321 (0.3298)  loss_fgl_dn_2: 1.2253 (1.2271)  loss_ddf_dn_2: -0.0000 (0.0000)  loss_mal_dn_pre: 0.6921 (0.6922)  loss_bbox_dn_pre: 0.0327 (0.0346)  loss_giou_dn_pre: 0.4221 (0.4246)
Test:  [0/9]  eta: 0:00:03    time: 0.4013  data: 0.2963  max mem: 5224
Test:  [8/9]  eta: 0:00:00    time: 0.1455  data: 0.0493  max mem: 5224
Test: Total time: 0:00:01 (0.1496 s / it)
Metrics: {'f1': 0.9616724738675957, 'precision': 0.965034965034965, 'recall': 0.9583333333333334, 'iou': 0.6578438318015745, 'TPs': 138, 'FPs': 5, 'FNs': 6}
Averaged stats: 
Accumulating evaluation results...
COCOeval_opt.accumulate() finished...
DONE (t=0.01s).
IoU metric: bbox
 Average Precision  (AP) @[ IoU=0.50:0.95 | area=   all | maxDets=100 ] = 0.363
 Average Precision  (AP) @[ IoU=0.50      | area=   all | maxDets=100 ] = 0.929
 Average Precision  (AP) @[ IoU=0.75      | area=   all | maxDets=100 ] = 0.137
 Average Precision  (AP) @[ IoU=0.50:0.95 | area= small | maxDets=100 ] = 0.363
 Average Precision  (AP) @[ IoU=0.50:0.95 | area=medium | maxDets=100 ] = -1.000
 Average Precision  (AP) @[ IoU=0.50:0.95 | area= large | maxDets=100 ] = -1.000
 Average Recall     (AR) @[ IoU=0.50:0.95 | area=   all | maxDets=  1 ] = 0.211
 Average Recall     (AR) @[ IoU=0.50:0.95 | area=   all | maxDets= 10 ] = 0.486
 Average Recall     (AR) @[ IoU=0.50:0.95 | area=   all | maxDets=100 ] = 0.603
 Average Recall     (AR) @[ IoU=0.50:0.95 | area= small | maxDets=100 ] = 0.603
 Average Recall     (AR) @[ IoU=0.50:0.95 | area=medium | maxDets=100 ] = -1.000
 Average Recall     (AR) @[ IoU=0.50:0.95 | area= large | maxDets=100 ] = -1.000
 Average Recall     (AR) @[ IoU=0.50      | area=   all | maxDets=100 ] = 0.993
 Average Recall     (AR) @[ IoU=0.75      | area=   all | maxDets=100 ] = 0.618
best_stat: {'epoch': 3, 'coco_eval_bbox': 0.37821048554885567}
Epoch: [11/30]  [ 0/44]  eta: 0:00:36  lr: 0.000100  loss: 17.1164 (17.1164)  loss_mal: 0.6191 (0.6191)  loss_bbox: 0.0259 (0.0259)  loss_giou: 0.3434 (0.3434)  loss_fgl: 1.2415 (1.2415)  loss_mal_aux_0: 0.6853 (0.6853)  loss_bbox_aux_0: 0.0280 (0.0280)  loss_giou_aux_0: 0.3804 (0.3804)  loss_fgl_aux_0: 1.2473 (1.2473)  loss_ddf_aux_0: 0.0101 (0.0101)  loss_mal_aux_1: 0.6192 (0.6192)  loss_bbox_aux_1: 0.0261 (0.0261)  loss_giou_aux_1: 0.3462 (0.3462)  loss_fgl_aux_1: 1.2429 (1.2429)  loss_ddf_aux_1: 0.0003 (0.0003)  loss_mal_pre: 0.6846 (0.6846)  loss_bbox_pre: 0.0281 (0.0281)  loss_giou_pre: 0.3807 (0.3807)  loss_mal_enc_0: 0.7729 (0.7729)  loss_bbox_enc_0: 0.0360 (0.0360)  loss_giou_enc_0: 0.4824 (0.4824)  loss_mal_dn_0: 0.6929 (0.6929)  loss_bbox_dn_0: 0.0283 (0.0283)  loss_giou_dn_0: 0.4177 (0.4177)  loss_fgl_dn_0: 1.2599 (1.2599)  loss_ddf_dn_0: 0.0899 (0.0899)  loss_mal_dn_1: 0.5995 (0.5995)  loss_bbox_dn_1: 0.0209 (0.0209)  loss_giou_dn_1: 0.3136 (0.3136)  loss_fgl_dn_1: 1.2102 (1.2102)  loss_ddf_dn_1: 0.0015 (0.0015)  loss_mal_dn_2: 0.5988 (0.5988)  loss_bbox_dn_2: 0.0209 (0.0209)  loss_giou_dn_2: 0.3119 (0.3119)  loss_fgl_dn_2: 1.2102 (1.2102)  loss_ddf_dn_2: -0.0000 (0.0000)  loss_mal_dn_pre: 0.6938 (0.6938)  loss_bbox_dn_pre: 0.0285 (0.0285)  loss_giou_dn_pre: 0.4174 (0.4174)  time: 0.8326  data: 0.2330  max mem: 5224
Epoch: [11/30]  [10/44]  eta: 0:00:20  lr: 0.000100  loss: 17.1291 (17.2338)  loss_mal: 0.6333 (0.6347)  loss_bbox: 0.0295 (0.0307)  loss_giou: 0.3434 (0.3620)  loss_fgl: 1.2742 (1.2670)  loss_mal_aux_0: 0.6896 (0.6957)  loss_bbox_aux_0: 0.0309 (0.0323)  loss_giou_aux_0: 0.3804 (0.3859)  loss_fgl_aux_0: 1.2771 (1.2719)  loss_ddf_aux_0: 0.0120 (0.0119)  loss_mal_aux_1: 0.6429 (0.6399)  loss_bbox_aux_1: 0.0296 (0.0307)  loss_giou_aux_1: 0.3462 (0.3630)  loss_fgl_aux_1: 1.2757 (1.2671)  loss_ddf_aux_1: 0.0004 (0.0004)  loss_mal_pre: 0.6914 (0.6957)  loss_bbox_pre: 0.0310 (0.0324)  loss_giou_pre: 0.3807 (0.3860)  loss_mal_enc_0: 0.7557 (0.7564)  loss_bbox_enc_0: 0.0358 (0.0361)  loss_giou_enc_0: 0.4358 (0.4303)  loss_mal_dn_0: 0.6761 (0.6796)  loss_bbox_dn_0: 0.0305 (0.0311)  loss_giou_dn_0: 0.3832 (0.3947)  loss_fgl_dn_0: 1.2687 (1.2726)  loss_ddf_dn_0: 0.1031 (0.1015)  loss_mal_dn_1: 0.5931 (0.5971)  loss_bbox_dn_1: 0.0240 (0.0240)  loss_giou_dn_1: 0.3042 (0.3092)  loss_fgl_dn_1: 1.2272 (1.2287)  loss_ddf_dn_1: 0.0023 (0.0021)  loss_mal_dn_2: 0.5905 (0.5966)  loss_bbox_dn_2: 0.0237 (0.0240)  loss_giou_dn_2: 0.3035 (0.3081)  loss_fgl_dn_2: 1.2262 (1.2286)  loss_ddf_dn_2: -0.0000 (0.0000)  loss_mal_dn_pre: 0.6782 (0.6805)  loss_bbox_dn_pre: 0.0302 (0.0311)  loss_giou_dn_pre: 0.3839 (0.3939)  time: 0.5989  data: 0.0352  max mem: 5224
Epoch: [11/30]  [20/44]  eta: 0:00:14  lr: 0.000100  loss: 17.4216 (17.2821)  loss_mal: 0.6434 (0.6409)  loss_bbox: 0.0310 (0.0316)  loss_giou: 0.3836 (0.3693)  loss_fgl: 1.2625 (1.2620)  loss_mal_aux_0: 0.6904 (0.6959)  loss_bbox_aux_0: 0.0314 (0.0331)  loss_giou_aux_0: 0.4052 (0.3882)  loss_fgl_aux_0: 1.2623 (1.2689)  loss_ddf_aux_0: 0.0124 (0.0125)  loss_mal_aux_1: 0.6444 (0.6446)  loss_bbox_aux_1: 0.0310 (0.0317)  loss_giou_aux_1: 0.3812 (0.3706)  loss_fgl_aux_1: 1.2622 (1.2620)  loss_ddf_aux_1: 0.0004 (0.0004)  loss_mal_pre: 0.6914 (0.6953)  loss_bbox_pre: 0.0312 (0.0331)  loss_giou_pre: 0.4036 (0.3875)  loss_mal_enc_0: 0.7590 (0.7628)  loss_bbox_enc_0: 0.0346 (0.0367)  loss_giou_enc_0: 0.4393 (0.4373)  loss_mal_dn_0: 0.6774 (0.6842)  loss_bbox_dn_0: 0.0310 (0.0325)  loss_giou_dn_0: 0.4015 (0.4003)  loss_fgl_dn_0: 1.2687 (1.2680)  loss_ddf_dn_0: 0.1019 (0.0994)  loss_mal_dn_1: 0.5947 (0.5996)  loss_bbox_dn_1: 0.0240 (0.0246)  loss_giou_dn_1: 0.3042 (0.3127)  loss_fgl_dn_1: 1.2238 (1.2217)  loss_ddf_dn_1: 0.0022 (0.0020)  loss_mal_dn_2: 0.5913 (0.5984)  loss_bbox_dn_2: 0.0237 (0.0245)  loss_giou_dn_2: 0.3035 (0.3119)  loss_fgl_dn_2: 1.2230 (1.2216)  loss_ddf_dn_2: -0.0000 (0.0000)  loss_mal_dn_pre: 0.6788 (0.6848)  loss_bbox_dn_pre: 0.0311 (0.0324)  loss_giou_dn_pre: 0.3992 (0.3990)  time: 0.5771  data: 0.0155  max mem: 5224
Epoch: [11/30]  [30/44]  eta: 0:00:08  lr: 0.000100  loss: 17.3238 (17.2227)  loss_mal: 0.6412 (0.6366)  loss_bbox: 0.0310 (0.0316)  loss_giou: 0.3896 (0.3669)  loss_fgl: 1.2552 (1.2626)  loss_mal_aux_0: 0.6851 (0.6891)  loss_bbox_aux_0: 0.0327 (0.0330)  loss_giou_aux_0: 0.3984 (0.3838)  loss_fgl_aux_0: 1.2631 (1.2695)  loss_ddf_aux_0: 0.0125 (0.0125)  loss_mal_aux_1: 0.6444 (0.6406)  loss_bbox_aux_1: 0.0310 (0.0317)  loss_giou_aux_1: 0.3881 (0.3683)  loss_fgl_aux_1: 1.2577 (1.2630)  loss_ddf_aux_1: 0.0005 (0.0005)  loss_mal_pre: 0.6818 (0.6884)  loss_bbox_pre: 0.0328 (0.0330)  loss_giou_pre: 0.3980 (0.3831)  loss_mal_enc_0: 0.7604 (0.7595)  loss_bbox_enc_0: 0.0351 (0.0364)  loss_giou_enc_0: 0.4317 (0.4277)  loss_mal_dn_0: 0.6810 (0.6813)  loss_bbox_dn_0: 0.0318 (0.0327)  loss_giou_dn_0: 0.3968 (0.3965)  loss_fgl_dn_0: 1.2686 (1.2682)  loss_ddf_dn_0: 0.1002 (0.1046)  loss_mal_dn_1: 0.6026 (0.5983)  loss_bbox_dn_1: 0.0242 (0.0248)  loss_giou_dn_1: 0.3184 (0.3109)  loss_fgl_dn_1: 1.2214 (1.2225)  loss_ddf_dn_1: 0.0023 (0.0022)  loss_mal_dn_2: 0.6007 (0.5968)  loss_bbox_dn_2: 0.0243 (0.0247)  loss_giou_dn_2: 0.3181 (0.3095)  loss_fgl_dn_2: 1.2215 (1.2220)  loss_ddf_dn_2: -0.0000 (0.0000)  loss_mal_dn_pre: 0.6817 (0.6821)  loss_bbox_dn_pre: 0.0319 (0.0326)  loss_giou_dn_pre: 0.3962 (0.3957)  time: 0.5801  data: 0.0163  max mem: 5224
Epoch: [11/30]  [40/44]  eta: 0:00:02  lr: 0.000100  loss: 17.3120 (17.2515)  loss_mal: 0.6352 (0.6372)  loss_bbox: 0.0309 (0.0316)  loss_giou: 0.3798 (0.3706)  loss_fgl: 1.2634 (1.2630)  loss_mal_aux_0: 0.6761 (0.6894)  loss_bbox_aux_0: 0.0327 (0.0329)  loss_giou_aux_0: 0.3984 (0.3862)  loss_fgl_aux_0: 1.2686 (1.2693)  loss_ddf_aux_0: 0.0123 (0.0123)  loss_mal_aux_1: 0.6393 (0.6418)  loss_bbox_aux_1: 0.0307 (0.0317)  loss_giou_aux_1: 0.3846 (0.3717)  loss_fgl_aux_1: 1.2621 (1.2631)  loss_ddf_aux_1: 0.0005 (0.0005)  loss_mal_pre: 0.6728 (0.6887)  loss_bbox_pre: 0.0328 (0.0329)  loss_giou_pre: 0.3980 (0.3857)  loss_mal_enc_0: 0.7531 (0.7571)  loss_bbox_enc_0: 0.0348 (0.0360)  loss_giou_enc_0: 0.4143 (0.4250)  loss_mal_dn_0: 0.6810 (0.6818)  loss_bbox_dn_0: 0.0322 (0.0327)  loss_giou_dn_0: 0.3968 (0.3988)  loss_fgl_dn_0: 1.2681 (1.2682)  loss_ddf_dn_0: 0.1144 (0.1082)  loss_mal_dn_1: 0.6026 (0.6003)  loss_bbox_dn_1: 0.0246 (0.0249)  loss_giou_dn_1: 0.3149 (0.3134)  loss_fgl_dn_1: 1.2203 (1.2231)  loss_ddf_dn_1: 0.0026 (0.0023)  loss_mal_dn_2: 0.6007 (0.5986)  loss_bbox_dn_2: 0.0246 (0.0248)  loss_giou_dn_2: 0.3168 (0.3120)  loss_fgl_dn_2: 1.2202 (1.2227)  loss_ddf_dn_2: -0.0000 (0.0000)  loss_mal_dn_pre: 0.6817 (0.6826)  loss_bbox_dn_pre: 0.0319 (0.0326)  loss_giou_dn_pre: 0.3962 (0.3977)  time: 0.5722  data: 0.0160  max mem: 5224
Epoch: [11/30]  [43/44]  eta: 0:00:00  lr: 0.000100  loss: 17.3238 (17.2695)  loss_mal: 0.6383 (0.6373)  loss_bbox: 0.0327 (0.0319)  loss_giou: 0.3844 (0.3730)  loss_fgl: 1.2634 (1.2629)  loss_mal_aux_0: 0.6838 (0.6897)  loss_bbox_aux_0: 0.0333 (0.0331)  loss_giou_aux_0: 0.3999 (0.3884)  loss_fgl_aux_0: 1.2679 (1.2690)  loss_ddf_aux_0: 0.0119 (0.0123)  loss_mal_aux_1: 0.6496 (0.6417)  loss_bbox_aux_1: 0.0329 (0.0320)  loss_giou_aux_1: 0.3855 (0.3742)  loss_fgl_aux_1: 1.2621 (1.2630)  loss_ddf_aux_1: 0.0005 (0.0005)  loss_mal_pre: 0.6822 (0.6890)  loss_bbox_pre: 0.0334 (0.0331)  loss_giou_pre: 0.3998 (0.3880)  loss_mal_enc_0: 0.7531 (0.7554)  loss_bbox_enc_0: 0.0352 (0.0363)  loss_giou_enc_0: 0.4246 (0.4266)  loss_mal_dn_0: 0.6813 (0.6815)  loss_bbox_dn_0: 0.0329 (0.0328)  loss_giou_dn_0: 0.4057 (0.3997)  loss_fgl_dn_0: 1.2681 (1.2682)  loss_ddf_dn_0: 0.1144 (0.1089)  loss_mal_dn_1: 0.6065 (0.6011)  loss_bbox_dn_1: 0.0252 (0.0250)  loss_giou_dn_1: 0.3192 (0.3147)  loss_fgl_dn_1: 1.2203 (1.2236)  loss_ddf_dn_1: 0.0028 (0.0024)  loss_mal_dn_2: 0.6054 (0.5993)  loss_bbox_dn_2: 0.0249 (0.0249)  loss_giou_dn_2: 0.3182 (0.3133)  loss_fgl_dn_2: 1.2202 (1.2231)  loss_ddf_dn_2: -0.0000 (0.0000)  loss_mal_dn_pre: 0.6830 (0.6823)  loss_bbox_dn_pre: 0.0326 (0.0327)  loss_giou_dn_pre: 0.4047 (0.3986)  time: 0.5500  data: 0.0154  max mem: 5224
Epoch: [11/30] Total time: 0:00:25 (0.5724 s / it)
Averaged stats: lr: 0.000100  loss: 17.3238 (17.2695)  loss_mal: 0.6383 (0.6373)  loss_bbox: 0.0327 (0.0319)  loss_giou: 0.3844 (0.3730)  loss_fgl: 1.2634 (1.2629)  loss_mal_aux_0: 0.6838 (0.6897)  loss_bbox_aux_0: 0.0333 (0.0331)  loss_giou_aux_0: 0.3999 (0.3884)  loss_fgl_aux_0: 1.2679 (1.2690)  loss_ddf_aux_0: 0.0119 (0.0123)  loss_mal_aux_1: 0.6496 (0.6417)  loss_bbox_aux_1: 0.0329 (0.0320)  loss_giou_aux_1: 0.3855 (0.3742)  loss_fgl_aux_1: 1.2621 (1.2630)  loss_ddf_aux_1: 0.0005 (0.0005)  loss_mal_pre: 0.6822 (0.6890)  loss_bbox_pre: 0.0334 (0.0331)  loss_giou_pre: 0.3998 (0.3880)  loss_mal_enc_0: 0.7531 (0.7554)  loss_bbox_enc_0: 0.0352 (0.0363)  loss_giou_enc_0: 0.4246 (0.4266)  loss_mal_dn_0: 0.6813 (0.6815)  loss_bbox_dn_0: 0.0329 (0.0328)  loss_giou_dn_0: 0.4057 (0.3997)  loss_fgl_dn_0: 1.2681 (1.2682)  loss_ddf_dn_0: 0.1144 (0.1089)  loss_mal_dn_1: 0.6065 (0.6011)  loss_bbox_dn_1: 0.0252 (0.0250)  loss_giou_dn_1: 0.3192 (0.3147)  loss_fgl_dn_1: 1.2203 (1.2236)  loss_ddf_dn_1: 0.0028 (0.0024)  loss_mal_dn_2: 0.6054 (0.5993)  loss_bbox_dn_2: 0.0249 (0.0249)  loss_giou_dn_2: 0.3182 (0.3133)  loss_fgl_dn_2: 1.2202 (1.2231)  loss_ddf_dn_2: -0.0000 (0.0000)  loss_mal_dn_pre: 0.6830 (0.6823)  loss_bbox_dn_pre: 0.0326 (0.0327)  loss_giou_dn_pre: 0.4047 (0.3986)
Test:  [0/9]  eta: 0:00:03    time: 0.3456  data: 0.2490  max mem: 5224
Test:  [8/9]  eta: 0:00:00    time: 0.1365  data: 0.0418  max mem: 5224
Test: Total time: 0:00:01 (0.1407 s / it)
Metrics: {'f1': 0.9686411149825783, 'precision': 0.972027972027972, 'recall': 0.9652777777777778, 'iou': 0.6642751355428953, 'TPs': 139, 'FPs': 4, 'FNs': 5}
Averaged stats: 
Accumulating evaluation results...
COCOeval_opt.accumulate() finished...
DONE (t=0.01s).
IoU metric: bbox
 Average Precision  (AP) @[ IoU=0.50:0.95 | area=   all | maxDets=100 ] = 0.356
 Average Precision  (AP) @[ IoU=0.50      | area=   all | maxDets=100 ] = 0.942
 Average Precision  (AP) @[ IoU=0.75      | area=   all | maxDets=100 ] = 0.129
 Average Precision  (AP) @[ IoU=0.50:0.95 | area= small | maxDets=100 ] = 0.357
 Average Precision  (AP) @[ IoU=0.50:0.95 | area=medium | maxDets=100 ] = -1.000
 Average Precision  (AP) @[ IoU=0.50:0.95 | area= large | maxDets=100 ] = -1.000
 Average Recall     (AR) @[ IoU=0.50:0.95 | area=   all | maxDets=  1 ] = 0.206
 Average Recall     (AR) @[ IoU=0.50:0.95 | area=   all | maxDets= 10 ] = 0.478
 Average Recall     (AR) @[ IoU=0.50:0.95 | area=   all | maxDets=100 ] = 0.594
 Average Recall     (AR) @[ IoU=0.50:0.95 | area= small | maxDets=100 ] = 0.594
 Average Recall     (AR) @[ IoU=0.50:0.95 | area=medium | maxDets=100 ] = -1.000
 Average Recall     (AR) @[ IoU=0.50:0.95 | area= large | maxDets=100 ] = -1.000
 Average Recall     (AR) @[ IoU=0.50      | area=   all | maxDets=100 ] = 0.993
 Average Recall     (AR) @[ IoU=0.75      | area=   all | maxDets=100 ] = 0.597
best_stat: {'epoch': 3, 'coco_eval_bbox': 0.37821048554885567}
Epoch: [12/30]  [ 0/44]  eta: 0:00:35  lr: 0.000100  loss: 16.9993 (16.9993)  loss_mal: 0.6389 (0.6389)  loss_bbox: 0.0312 (0.0312)  loss_giou: 0.3267 (0.3267)  loss_fgl: 1.2498 (1.2498)  loss_mal_aux_0: 0.6995 (0.6995)  loss_bbox_aux_0: 0.0343 (0.0343)  loss_giou_aux_0: 0.3713 (0.3713)  loss_fgl_aux_0: 1.2523 (1.2523)  loss_ddf_aux_0: 0.0132 (0.0132)  loss_mal_aux_1: 0.6596 (0.6596)  loss_bbox_aux_1: 0.0310 (0.0310)  loss_giou_aux_1: 0.3249 (0.3249)  loss_fgl_aux_1: 1.2501 (1.2501)  loss_ddf_aux_1: 0.0005 (0.0005)  loss_mal_pre: 0.6991 (0.6991)  loss_bbox_pre: 0.0346 (0.0346)  loss_giou_pre: 0.3723 (0.3723)  loss_mal_enc_0: 0.7841 (0.7841)  loss_bbox_enc_0: 0.0407 (0.0407)  loss_giou_enc_0: 0.4202 (0.4202)  loss_mal_dn_0: 0.6641 (0.6641)  loss_bbox_dn_0: 0.0333 (0.0333)  loss_giou_dn_0: 0.3634 (0.3634)  loss_fgl_dn_0: 1.2741 (1.2741)  loss_ddf_dn_0: 0.1227 (0.1227)  loss_mal_dn_1: 0.5803 (0.5803)  loss_bbox_dn_1: 0.0252 (0.0252)  loss_giou_dn_1: 0.2854 (0.2854)  loss_fgl_dn_1: 1.2296 (1.2296)  loss_ddf_dn_1: 0.0031 (0.0031)  loss_mal_dn_2: 0.5815 (0.5815)  loss_bbox_dn_2: 0.0251 (0.0251)  loss_giou_dn_2: 0.2853 (0.2853)  loss_fgl_dn_2: 1.2294 (1.2294)  loss_ddf_dn_2: -0.0000 (0.0000)  loss_mal_dn_pre: 0.6665 (0.6665)  loss_bbox_dn_pre: 0.0332 (0.0332)  loss_giou_dn_pre: 0.3627 (0.3627)  time: 0.8021  data: 0.2565  max mem: 5224
Epoch: [12/30]  [10/44]  eta: 0:00:21  lr: 0.000100  loss: 16.8560 (16.7990)  loss_mal: 0.6146 (0.6205)  loss_bbox: 0.0294 (0.0289)  loss_giou: 0.3295 (0.3377)  loss_fgl: 1.2603 (1.2542)  loss_mal_aux_0: 0.6786 (0.6767)  loss_bbox_aux_0: 0.0296 (0.0302)  loss_giou_aux_0: 0.3433 (0.3535)  loss_fgl_aux_0: 1.2588 (1.2632)  loss_ddf_aux_0: 0.0119 (0.0119)  loss_mal_aux_1: 0.6204 (0.6248)  loss_bbox_aux_1: 0.0293 (0.0288)  loss_giou_aux_1: 0.3284 (0.3365)  loss_fgl_aux_1: 1.2605 (1.2547)  loss_ddf_aux_1: 0.0005 (0.0005)  loss_mal_pre: 0.6765 (0.6763)  loss_bbox_pre: 0.0296 (0.0301)  loss_giou_pre: 0.3415 (0.3526)  loss_mal_enc_0: 0.7516 (0.7492)  loss_bbox_enc_0: 0.0340 (0.0329)  loss_giou_enc_0: 0.3956 (0.3896)  loss_mal_dn_0: 0.6652 (0.6647)  loss_bbox_dn_0: 0.0310 (0.0306)  loss_giou_dn_0: 0.3634 (0.3710)  loss_fgl_dn_0: 1.2596 (1.2628)  loss_ddf_dn_0: 0.0996 (0.1037)  loss_mal_dn_1: 0.5930 (0.5846)  loss_bbox_dn_1: 0.0240 (0.0237)  loss_giou_dn_1: 0.3007 (0.2945)  loss_fgl_dn_1: 1.2191 (1.2201)  loss_ddf_dn_1: 0.0026 (0.0026)  loss_mal_dn_2: 0.5910 (0.5828)  loss_bbox_dn_2: 0.0239 (0.0237)  loss_giou_dn_2: 0.2984 (0.2938)  loss_fgl_dn_2: 1.2192 (1.2204)  loss_ddf_dn_2: -0.0000 (0.0000)  loss_mal_dn_pre: 0.6688 (0.6666)  loss_bbox_dn_pre: 0.0309 (0.0305)  loss_giou_dn_pre: 0.3627 (0.3702)  time: 0.6261  data: 0.0382  max mem: 5224
Epoch: [12/30]  [20/44]  eta: 0:00:14  lr: 0.000100  loss: 16.8942 (16.9460)  loss_mal: 0.6146 (0.6239)  loss_bbox: 0.0294 (0.0296)  loss_giou: 0.3470 (0.3484)  loss_fgl: 1.2616 (1.2584)  loss_mal_aux_0: 0.6742 (0.6786)  loss_bbox_aux_0: 0.0304 (0.0310)  loss_giou_aux_0: 0.3592 (0.3658)  loss_fgl_aux_0: 1.2638 (1.2657)  loss_ddf_aux_0: 0.0119 (0.0119)  loss_mal_aux_1: 0.6213 (0.6295)  loss_bbox_aux_1: 0.0293 (0.0295)  loss_giou_aux_1: 0.3480 (0.3480)  loss_fgl_aux_1: 1.2631 (1.2589)  loss_ddf_aux_1: 0.0005 (0.0005)  loss_mal_pre: 0.6756 (0.6773)  loss_bbox_pre: 0.0299 (0.0309)  loss_giou_pre: 0.3546 (0.3644)  loss_mal_enc_0: 0.7516 (0.7549)  loss_bbox_enc_0: 0.0336 (0.0336)  loss_giou_enc_0: 0.3956 (0.3988)  loss_mal_dn_0: 0.6705 (0.6719)  loss_bbox_dn_0: 0.0309 (0.0316)  loss_giou_dn_0: 0.3778 (0.3835)  loss_fgl_dn_0: 1.2583 (1.2639)  loss_ddf_dn_0: 0.1092 (0.1109)  loss_mal_dn_1: 0.5897 (0.5881)  loss_bbox_dn_1: 0.0237 (0.0239)  loss_giou_dn_1: 0.3007 (0.2985)  loss_fgl_dn_1: 1.2164 (1.2181)  loss_ddf_dn_1: 0.0026 (0.0026)  loss_mal_dn_2: 0.5856 (0.5863)  loss_bbox_dn_2: 0.0236 (0.0238)  loss_giou_dn_2: 0.3000 (0.2980)  loss_fgl_dn_2: 1.2171 (1.2182)  loss_ddf_dn_2: -0.0000 (0.0000)  loss_mal_dn_pre: 0.6726 (0.6732)  loss_bbox_dn_pre: 0.0307 (0.0315)  loss_giou_dn_pre: 0.3783 (0.3825)  time: 0.6020  data: 0.0164  max mem: 5224
Epoch: [12/30]  [30/44]  eta: 0:00:08  lr: 0.000100  loss: 17.0331 (17.0037)  loss_mal: 0.6228 (0.6262)  loss_bbox: 0.0301 (0.0302)  loss_giou: 0.3560 (0.3558)  loss_fgl: 1.2585 (1.2557)  loss_mal_aux_0: 0.6776 (0.6801)  loss_bbox_aux_0: 0.0321 (0.0315)  loss_giou_aux_0: 0.3779 (0.3731)  loss_fgl_aux_0: 1.2603 (1.2633)  loss_ddf_aux_0: 0.0123 (0.0123)  loss_mal_aux_1: 0.6374 (0.6337)  loss_bbox_aux_1: 0.0303 (0.0302)  loss_giou_aux_1: 0.3562 (0.3560)  loss_fgl_aux_1: 1.2574 (1.2562)  loss_ddf_aux_1: 0.0005 (0.0005)  loss_mal_pre: 0.6759 (0.6786)  loss_bbox_pre: 0.0322 (0.0314)  loss_giou_pre: 0.3804 (0.3717)  loss_mal_enc_0: 0.7415 (0.7518)  loss_bbox_enc_0: 0.0356 (0.0340)  loss_giou_enc_0: 0.4019 (0.4036)  loss_mal_dn_0: 0.6759 (0.6729)  loss_bbox_dn_0: 0.0310 (0.0317)  loss_giou_dn_0: 0.3804 (0.3847)  loss_fgl_dn_0: 1.2643 (1.2635)  loss_ddf_dn_0: 0.1180 (0.1127)  loss_mal_dn_1: 0.5919 (0.5909)  loss_bbox_dn_1: 0.0237 (0.0241)  loss_giou_dn_1: 0.3031 (0.3022)  loss_fgl_dn_1: 1.2164 (1.2193)  loss_ddf_dn_1: 0.0027 (0.0026)  loss_mal_dn_2: 0.5887 (0.5890)  loss_bbox_dn_2: 0.0236 (0.0240)  loss_giou_dn_2: 0.3032 (0.3015)  loss_fgl_dn_2: 1.2171 (1.2192)  loss_ddf_dn_2: -0.0000 (0.0000)  loss_mal_dn_pre: 0.6766 (0.6742)  loss_bbox_dn_pre: 0.0308 (0.0316)  loss_giou_dn_pre: 0.3813 (0.3838)  time: 0.5833  data: 0.0158  max mem: 5224
Epoch: [12/30]  [40/44]  eta: 0:00:02  lr: 0.000100  loss: 16.9657 (16.9636)  loss_mal: 0.6228 (0.6240)  loss_bbox: 0.0285 (0.0300)  loss_giou: 0.3525 (0.3527)  loss_fgl: 1.2535 (1.2567)  loss_mal_aux_0: 0.6776 (0.6803)  loss_bbox_aux_0: 0.0301 (0.0312)  loss_giou_aux_0: 0.3722 (0.3674)  loss_fgl_aux_0: 1.2609 (1.2645)  loss_ddf_aux_0: 0.0123 (0.0122)  loss_mal_aux_1: 0.6382 (0.6328)  loss_bbox_aux_1: 0.0287 (0.0300)  loss_giou_aux_1: 0.3557 (0.3527)  loss_fgl_aux_1: 1.2535 (1.2571)  loss_ddf_aux_1: 0.0004 (0.0005)  loss_mal_pre: 0.6759 (0.6792)  loss_bbox_pre: 0.0300 (0.0311)  loss_giou_pre: 0.3733 (0.3662)  loss_mal_enc_0: 0.7405 (0.7489)  loss_bbox_enc_0: 0.0335 (0.0339)  loss_giou_enc_0: 0.3949 (0.3984)  loss_mal_dn_0: 0.6702 (0.6713)  loss_bbox_dn_0: 0.0306 (0.0314)  loss_giou_dn_0: 0.3771 (0.3810)  loss_fgl_dn_0: 1.2643 (1.2643)  loss_ddf_dn_0: 0.1115 (0.1115)  loss_mal_dn_1: 0.5959 (0.5903)  loss_bbox_dn_1: 0.0237 (0.0241)  loss_giou_dn_1: 0.3000 (0.3006)  loss_fgl_dn_1: 1.2209 (1.2207)  loss_ddf_dn_1: 0.0024 (0.0025)  loss_mal_dn_2: 0.5935 (0.5882)  loss_bbox_dn_2: 0.0237 (0.0240)  loss_giou_dn_2: 0.2998 (0.2999)  loss_fgl_dn_2: 1.2208 (1.2205)  loss_ddf_dn_2: -0.0000 (0.0000)  loss_mal_dn_pre: 0.6701 (0.6725)  loss_bbox_dn_pre: 0.0302 (0.0313)  loss_giou_dn_pre: 0.3787 (0.3797)  time: 0.5590  data: 0.0158  max mem: 5224
Epoch: [12/30]  [43/44]  eta: 0:00:00  lr: 0.000100  loss: 16.9672 (16.9694)  loss_mal: 0.6226 (0.6242)  loss_bbox: 0.0290 (0.0300)  loss_giou: 0.3585 (0.3544)  loss_fgl: 1.2511 (1.2561)  loss_mal_aux_0: 0.6774 (0.6801)  loss_bbox_aux_0: 0.0306 (0.0312)  loss_giou_aux_0: 0.3820 (0.3693)  loss_fgl_aux_0: 1.2557 (1.2641)  loss_ddf_aux_0: 0.0126 (0.0123)  loss_mal_aux_1: 0.6420 (0.6331)  loss_bbox_aux_1: 0.0291 (0.0300)  loss_giou_aux_1: 0.3576 (0.3543)  loss_fgl_aux_1: 1.2526 (1.2564)  loss_ddf_aux_1: 0.0004 (0.0005)  loss_mal_pre: 0.6759 (0.6791)  loss_bbox_pre: 0.0304 (0.0311)  loss_giou_pre: 0.3805 (0.3682)  loss_mal_enc_0: 0.7405 (0.7486)  loss_bbox_enc_0: 0.0337 (0.0339)  loss_giou_enc_0: 0.4019 (0.4003)  loss_mal_dn_0: 0.6738 (0.6712)  loss_bbox_dn_0: 0.0301 (0.0313)  loss_giou_dn_0: 0.3771 (0.3813)  loss_fgl_dn_0: 1.2567 (1.2632)  loss_ddf_dn_0: 0.1071 (0.1109)  loss_mal_dn_1: 0.5969 (0.5903)  loss_bbox_dn_1: 0.0237 (0.0240)  loss_giou_dn_1: 0.3135 (0.3011)  loss_fgl_dn_1: 1.2179 (1.2200)  loss_ddf_dn_1: 0.0024 (0.0025)  loss_mal_dn_2: 0.5948 (0.5881)  loss_bbox_dn_2: 0.0237 (0.0239)  loss_giou_dn_2: 0.3130 (0.3004)  loss_fgl_dn_2: 1.2181 (1.2199)  loss_ddf_dn_2: -0.0000 (0.0000)  loss_mal_dn_pre: 0.6761 (0.6725)  loss_bbox_dn_pre: 0.0301 (0.0312)  loss_giou_dn_pre: 0.3787 (0.3802)  time: 0.5427  data: 0.0156  max mem: 5224
Epoch: [12/30] Total time: 0:00:25 (0.5787 s / it)
Averaged stats: lr: 0.000100  loss: 16.9672 (16.9694)  loss_mal: 0.6226 (0.6242)  loss_bbox: 0.0290 (0.0300)  loss_giou: 0.3585 (0.3544)  loss_fgl: 1.2511 (1.2561)  loss_mal_aux_0: 0.6774 (0.6801)  loss_bbox_aux_0: 0.0306 (0.0312)  loss_giou_aux_0: 0.3820 (0.3693)  loss_fgl_aux_0: 1.2557 (1.2641)  loss_ddf_aux_0: 0.0126 (0.0123)  loss_mal_aux_1: 0.6420 (0.6331)  loss_bbox_aux_1: 0.0291 (0.0300)  loss_giou_aux_1: 0.3576 (0.3543)  loss_fgl_aux_1: 1.2526 (1.2564)  loss_ddf_aux_1: 0.0004 (0.0005)  loss_mal_pre: 0.6759 (0.6791)  loss_bbox_pre: 0.0304 (0.0311)  loss_giou_pre: 0.3805 (0.3682)  loss_mal_enc_0: 0.7405 (0.7486)  loss_bbox_enc_0: 0.0337 (0.0339)  loss_giou_enc_0: 0.4019 (0.4003)  loss_mal_dn_0: 0.6738 (0.6712)  loss_bbox_dn_0: 0.0301 (0.0313)  loss_giou_dn_0: 0.3771 (0.3813)  loss_fgl_dn_0: 1.2567 (1.2632)  loss_ddf_dn_0: 0.1071 (0.1109)  loss_mal_dn_1: 0.5969 (0.5903)  loss_bbox_dn_1: 0.0237 (0.0240)  loss_giou_dn_1: 0.3135 (0.3011)  loss_fgl_dn_1: 1.2179 (1.2200)  loss_ddf_dn_1: 0.0024 (0.0025)  loss_mal_dn_2: 0.5948 (0.5881)  loss_bbox_dn_2: 0.0237 (0.0239)  loss_giou_dn_2: 0.3130 (0.3004)  loss_fgl_dn_2: 1.2181 (1.2199)  loss_ddf_dn_2: -0.0000 (0.0000)  loss_mal_dn_pre: 0.6761 (0.6725)  loss_bbox_dn_pre: 0.0301 (0.0312)  loss_giou_dn_pre: 0.3787 (0.3802)
Test:  [0/9]  eta: 0:00:03    time: 0.3830  data: 0.2851  max mem: 5224
Test:  [8/9]  eta: 0:00:00    time: 0.1355  data: 0.0435  max mem: 5224
Test: Total time: 0:00:01 (0.1394 s / it)
Metrics: {'f1': 0.9686411149825783, 'precision': 0.972027972027972, 'recall': 0.9652777777777778, 'iou': 0.6620246256525452, 'TPs': 139, 'FPs': 4, 'FNs': 5}
Averaged stats: 
Accumulating evaluation results...
COCOeval_opt.accumulate() finished...
DONE (t=0.01s).
IoU metric: bbox
 Average Precision  (AP) @[ IoU=0.50:0.95 | area=   all | maxDets=100 ] = 0.355
 Average Precision  (AP) @[ IoU=0.50      | area=   all | maxDets=100 ] = 0.943
 Average Precision  (AP) @[ IoU=0.75      | area=   all | maxDets=100 ] = 0.123
 Average Precision  (AP) @[ IoU=0.50:0.95 | area= small | maxDets=100 ] = 0.355
 Average Precision  (AP) @[ IoU=0.50:0.95 | area=medium | maxDets=100 ] = -1.000
 Average Precision  (AP) @[ IoU=0.50:0.95 | area= large | maxDets=100 ] = -1.000
 Average Recall     (AR) @[ IoU=0.50:0.95 | area=   all | maxDets=  1 ] = 0.206
 Average Recall     (AR) @[ IoU=0.50:0.95 | area=   all | maxDets= 10 ] = 0.472
 Average Recall     (AR) @[ IoU=0.50:0.95 | area=   all | maxDets=100 ] = 0.588
 Average Recall     (AR) @[ IoU=0.50:0.95 | area= small | maxDets=100 ] = 0.588
 Average Recall     (AR) @[ IoU=0.50:0.95 | area=medium | maxDets=100 ] = -1.000
 Average Recall     (AR) @[ IoU=0.50:0.95 | area= large | maxDets=100 ] = -1.000
 Average Recall     (AR) @[ IoU=0.50      | area=   all | maxDets=100 ] = 0.993
 Average Recall     (AR) @[ IoU=0.75      | area=   all | maxDets=100 ] = 0.583
best_stat: {'epoch': 3, 'coco_eval_bbox': 0.37821048554885567}
Epoch: [13/30]  [ 0/44]  eta: 0:00:30  lr: 0.000100  loss: 16.5907 (16.5907)  loss_mal: 0.6003 (0.6003)  loss_bbox: 0.0259 (0.0259)  loss_giou: 0.3240 (0.3240)  loss_fgl: 1.2572 (1.2572)  loss_mal_aux_0: 0.6994 (0.6994)  loss_bbox_aux_0: 0.0287 (0.0287)  loss_giou_aux_0: 0.3535 (0.3535)  loss_fgl_aux_0: 1.2631 (1.2631)  loss_ddf_aux_0: 0.0143 (0.0143)  loss_mal_aux_1: 0.6029 (0.6029)  loss_bbox_aux_1: 0.0260 (0.0260)  loss_giou_aux_1: 0.3229 (0.3229)  loss_fgl_aux_1: 1.2576 (1.2576)  loss_ddf_aux_1: 0.0004 (0.0004)  loss_mal_pre: 0.6990 (0.6990)  loss_bbox_pre: 0.0288 (0.0288)  loss_giou_pre: 0.3539 (0.3539)  loss_mal_enc_0: 0.7640 (0.7640)  loss_bbox_enc_0: 0.0299 (0.0299)  loss_giou_enc_0: 0.3808 (0.3808)  loss_mal_dn_0: 0.6425 (0.6425)  loss_bbox_dn_0: 0.0273 (0.0273)  loss_giou_dn_0: 0.3408 (0.3408)  loss_fgl_dn_0: 1.2589 (1.2589)  loss_ddf_dn_0: 0.0970 (0.0970)  loss_mal_dn_1: 0.5655 (0.5655)  loss_bbox_dn_1: 0.0217 (0.0217)  loss_giou_dn_1: 0.2752 (0.2752)  loss_fgl_dn_1: 1.2251 (1.2251)  loss_ddf_dn_1: 0.0029 (0.0029)  loss_mal_dn_2: 0.5659 (0.5659)  loss_bbox_dn_2: 0.0217 (0.0217)  loss_giou_dn_2: 0.2757 (0.2757)  loss_fgl_dn_2: 1.2248 (1.2248)  loss_ddf_dn_2: -0.0000 (0.0000)  loss_mal_dn_pre: 0.6448 (0.6448)  loss_bbox_dn_pre: 0.0274 (0.0274)  loss_giou_dn_pre: 0.3410 (0.3410)  time: 0.6898  data: 0.2299  max mem: 5224
Epoch: [13/30]  [10/44]  eta: 0:00:19  lr: 0.000100  loss: 16.5907 (16.6696)  loss_mal: 0.6017 (0.6078)  loss_bbox: 0.0266 (0.0278)  loss_giou: 0.3258 (0.3345)  loss_fgl: 1.2547 (1.2550)  loss_mal_aux_0: 0.6752 (0.6724)  loss_bbox_aux_0: 0.0285 (0.0291)  loss_giou_aux_0: 0.3379 (0.3492)  loss_fgl_aux_0: 1.2594 (1.2636)  loss_ddf_aux_0: 0.0141 (0.0134)  loss_mal_aux_1: 0.6160 (0.6112)  loss_bbox_aux_1: 0.0267 (0.0278)  loss_giou_aux_1: 0.3264 (0.3343)  loss_fgl_aux_1: 1.2545 (1.2550)  loss_ddf_aux_1: 0.0004 (0.0004)  loss_mal_pre: 0.6760 (0.6728)  loss_bbox_pre: 0.0285 (0.0292)  loss_giou_pre: 0.3407 (0.3503)  loss_mal_enc_0: 0.7560 (0.7452)  loss_bbox_enc_0: 0.0301 (0.0317)  loss_giou_enc_0: 0.3808 (0.3881)  loss_mal_dn_0: 0.6577 (0.6620)  loss_bbox_dn_0: 0.0276 (0.0292)  loss_giou_dn_0: 0.3464 (0.3611)  loss_fgl_dn_0: 1.2573 (1.2591)  loss_ddf_dn_0: 0.0983 (0.0990)  loss_mal_dn_1: 0.5671 (0.5762)  loss_bbox_dn_1: 0.0217 (0.0224)  loss_giou_dn_1: 0.2768 (0.2875)  loss_fgl_dn_1: 1.2115 (1.2165)  loss_ddf_dn_1: 0.0025 (0.0025)  loss_mal_dn_2: 0.5659 (0.5761)  loss_bbox_dn_2: 0.0217 (0.0224)  loss_giou_dn_2: 0.2789 (0.2871)  loss_fgl_dn_2: 1.2115 (1.2161)  loss_ddf_dn_2: -0.0000 (0.0000)  loss_mal_dn_pre: 0.6588 (0.6641)  loss_bbox_dn_pre: 0.0275 (0.0291)  loss_giou_dn_pre: 0.3437 (0.3605)  time: 0.5838  data: 0.0356  max mem: 5224
Epoch: [13/30]  [20/44]  eta: 0:00:13  lr: 0.000100  loss: 16.4618 (16.6254)  loss_mal: 0.6017 (0.6054)  loss_bbox: 0.0266 (0.0270)  loss_giou: 0.3258 (0.3310)  loss_fgl: 1.2505 (1.2527)  loss_mal_aux_0: 0.6752 (0.6748)  loss_bbox_aux_0: 0.0281 (0.0284)  loss_giou_aux_0: 0.3384 (0.3476)  loss_fgl_aux_0: 1.2594 (1.2627)  loss_ddf_aux_0: 0.0129 (0.0128)  loss_mal_aux_1: 0.6160 (0.6117)  loss_bbox_aux_1: 0.0267 (0.0271)  loss_giou_aux_1: 0.3264 (0.3312)  loss_fgl_aux_1: 1.2490 (1.2527)  loss_ddf_aux_1: 0.0003 (0.0004)  loss_mal_pre: 0.6760 (0.6745)  loss_bbox_pre: 0.0282 (0.0284)  loss_giou_pre: 0.3407 (0.3481)  loss_mal_enc_0: 0.7432 (0.7412)  loss_bbox_enc_0: 0.0299 (0.0306)  loss_giou_enc_0: 0.3763 (0.3801)  loss_mal_dn_0: 0.6577 (0.6611)  loss_bbox_dn_0: 0.0279 (0.0284)  loss_giou_dn_0: 0.3500 (0.3606)  loss_fgl_dn_0: 1.2605 (1.2646)  loss_ddf_dn_0: 0.0914 (0.0931)  loss_mal_dn_1: 0.5671 (0.5737)  loss_bbox_dn_1: 0.0215 (0.0218)  loss_giou_dn_1: 0.2768 (0.2843)  loss_fgl_dn_1: 1.2115 (1.2188)  loss_ddf_dn_1: 0.0020 (0.0022)  loss_mal_dn_2: 0.5651 (0.5725)  loss_bbox_dn_2: 0.0215 (0.0218)  loss_giou_dn_2: 0.2789 (0.2840)  loss_fgl_dn_2: 1.2115 (1.2185)  loss_ddf_dn_2: -0.0000 (0.0000)  loss_mal_dn_pre: 0.6588 (0.6633)  loss_bbox_dn_pre: 0.0279 (0.0284)  loss_giou_dn_pre: 0.3486 (0.3598)  time: 0.5753  data: 0.0162  max mem: 5224
Epoch: [13/30]  [30/44]  eta: 0:00:08  lr: 0.000100  loss: 16.5340 (16.6994)  loss_mal: 0.5957 (0.6066)  loss_bbox: 0.0262 (0.0276)  loss_giou: 0.3227 (0.3348)  loss_fgl: 1.2449 (1.2507)  loss_mal_aux_0: 0.6593 (0.6699)  loss_bbox_aux_0: 0.0289 (0.0292)  loss_giou_aux_0: 0.3430 (0.3530)  loss_fgl_aux_0: 1.2566 (1.2609)  loss_ddf_aux_0: 0.0133 (0.0134)  loss_mal_aux_1: 0.6087 (0.6133)  loss_bbox_aux_1: 0.0261 (0.0276)  loss_giou_aux_1: 0.3223 (0.3349)  loss_fgl_aux_1: 1.2447 (1.2509)  loss_ddf_aux_1: 0.0004 (0.0004)  loss_mal_pre: 0.6589 (0.6696)  loss_bbox_pre: 0.0290 (0.0292)  loss_giou_pre: 0.3420 (0.3527)  loss_mal_enc_0: 0.7475 (0.7442)  loss_bbox_enc_0: 0.0302 (0.0316)  loss_giou_enc_0: 0.3793 (0.3846)  loss_mal_dn_0: 0.6562 (0.6633)  loss_bbox_dn_0: 0.0291 (0.0299)  loss_giou_dn_0: 0.3591 (0.3713)  loss_fgl_dn_0: 1.2611 (1.2667)  loss_ddf_dn_0: 0.0977 (0.0984)  loss_mal_dn_1: 0.5806 (0.5782)  loss_bbox_dn_1: 0.0224 (0.0227)  loss_giou_dn_1: 0.2911 (0.2907)  loss_fgl_dn_1: 1.2191 (1.2191)  loss_ddf_dn_1: 0.0020 (0.0022)  loss_mal_dn_2: 0.5771 (0.5762)  loss_bbox_dn_2: 0.0223 (0.0226)  loss_giou_dn_2: 0.2895 (0.2898)  loss_fgl_dn_2: 1.2166 (1.2188)  loss_ddf_dn_2: -0.0000 (0.0000)  loss_mal_dn_pre: 0.6554 (0.6649)  loss_bbox_dn_pre: 0.0288 (0.0297)  loss_giou_dn_pre: 0.3559 (0.3698)  time: 0.5879  data: 0.0162  max mem: 5224
Epoch: [13/30]  [40/44]  eta: 0:00:02  lr: 0.000100  loss: 16.5713 (16.7133)  loss_mal: 0.5998 (0.6096)  loss_bbox: 0.0277 (0.0282)  loss_giou: 0.3208 (0.3373)  loss_fgl: 1.2449 (1.2506)  loss_mal_aux_0: 0.6612 (0.6711)  loss_bbox_aux_0: 0.0285 (0.0296)  loss_giou_aux_0: 0.3426 (0.3531)  loss_fgl_aux_0: 1.2506 (1.2594)  loss_ddf_aux_0: 0.0133 (0.0131)  loss_mal_aux_1: 0.6127 (0.6175)  loss_bbox_aux_1: 0.0276 (0.0282)  loss_giou_aux_1: 0.3233 (0.3374)  loss_fgl_aux_1: 1.2460 (1.2508)  loss_ddf_aux_1: 0.0004 (0.0004)  loss_mal_pre: 0.6637 (0.6708)  loss_bbox_pre: 0.0285 (0.0296)  loss_giou_pre: 0.3420 (0.3529)  loss_mal_enc_0: 0.7468 (0.7425)  loss_bbox_enc_0: 0.0321 (0.0320)  loss_giou_enc_0: 0.3730 (0.3836)  loss_mal_dn_0: 0.6563 (0.6640)  loss_bbox_dn_0: 0.0313 (0.0304)  loss_giou_dn_0: 0.3794 (0.3722)  loss_fgl_dn_0: 1.2556 (1.2647)  loss_ddf_dn_0: 0.1039 (0.0984)  loss_mal_dn_1: 0.5796 (0.5791)  loss_bbox_dn_1: 0.0235 (0.0231)  loss_giou_dn_1: 0.2948 (0.2911)  loss_fgl_dn_1: 1.2094 (1.2168)  loss_ddf_dn_1: 0.0024 (0.0023)  loss_mal_dn_2: 0.5778 (0.5768)  loss_bbox_dn_2: 0.0231 (0.0230)  loss_giou_dn_2: 0.2916 (0.2902)  loss_fgl_dn_2: 1.2106 (1.2165)  loss_ddf_dn_2: -0.0000 (0.0000)  loss_mal_dn_pre: 0.6578 (0.6657)  loss_bbox_dn_pre: 0.0311 (0.0303)  loss_giou_dn_pre: 0.3769 (0.3710)  time: 0.5670  data: 0.0158  max mem: 5224
Epoch: [13/30]  [43/44]  eta: 0:00:00  lr: 0.000100  loss: 16.5622 (16.7318)  loss_mal: 0.6023 (0.6104)  loss_bbox: 0.0282 (0.0283)  loss_giou: 0.3267 (0.3379)  loss_fgl: 1.2443 (1.2508)  loss_mal_aux_0: 0.6670 (0.6728)  loss_bbox_aux_0: 0.0285 (0.0297)  loss_giou_aux_0: 0.3426 (0.3543)  loss_fgl_aux_0: 1.2506 (1.2597)  loss_ddf_aux_0: 0.0133 (0.0132)  loss_mal_aux_1: 0.6161 (0.6185)  loss_bbox_aux_1: 0.0280 (0.0283)  loss_giou_aux_1: 0.3255 (0.3379)  loss_fgl_aux_1: 1.2460 (1.2511)  loss_ddf_aux_1: 0.0004 (0.0004)  loss_mal_pre: 0.6667 (0.6725)  loss_bbox_pre: 0.0285 (0.0297)  loss_giou_pre: 0.3420 (0.3541)  loss_mal_enc_0: 0.7467 (0.7436)  loss_bbox_enc_0: 0.0330 (0.0321)  loss_giou_enc_0: 0.3730 (0.3850)  loss_mal_dn_0: 0.6563 (0.6643)  loss_bbox_dn_0: 0.0306 (0.0304)  loss_giou_dn_0: 0.3591 (0.3725)  loss_fgl_dn_0: 1.2548 (1.2649)  loss_ddf_dn_0: 0.0986 (0.0987)  loss_mal_dn_1: 0.5763 (0.5796)  loss_bbox_dn_1: 0.0235 (0.0231)  loss_giou_dn_1: 0.2851 (0.2918)  loss_fgl_dn_1: 1.2094 (1.2174)  loss_ddf_dn_1: 0.0026 (0.0023)  loss_mal_dn_2: 0.5737 (0.5775)  loss_bbox_dn_2: 0.0233 (0.0230)  loss_giou_dn_2: 0.2871 (0.2909)  loss_fgl_dn_2: 1.2098 (1.2172)  loss_ddf_dn_2: -0.0000 (0.0000)  loss_mal_dn_pre: 0.6578 (0.6660)  loss_bbox_dn_pre: 0.0306 (0.0303)  loss_giou_dn_pre: 0.3569 (0.3715)  time: 0.5543  data: 0.0157  max mem: 5224
Epoch: [13/30] Total time: 0:00:25 (0.5729 s / it)
Averaged stats: lr: 0.000100  loss: 16.5622 (16.7318)  loss_mal: 0.6023 (0.6104)  loss_bbox: 0.0282 (0.0283)  loss_giou: 0.3267 (0.3379)  loss_fgl: 1.2443 (1.2508)  loss_mal_aux_0: 0.6670 (0.6728)  loss_bbox_aux_0: 0.0285 (0.0297)  loss_giou_aux_0: 0.3426 (0.3543)  loss_fgl_aux_0: 1.2506 (1.2597)  loss_ddf_aux_0: 0.0133 (0.0132)  loss_mal_aux_1: 0.6161 (0.6185)  loss_bbox_aux_1: 0.0280 (0.0283)  loss_giou_aux_1: 0.3255 (0.3379)  loss_fgl_aux_1: 1.2460 (1.2511)  loss_ddf_aux_1: 0.0004 (0.0004)  loss_mal_pre: 0.6667 (0.6725)  loss_bbox_pre: 0.0285 (0.0297)  loss_giou_pre: 0.3420 (0.3541)  loss_mal_enc_0: 0.7467 (0.7436)  loss_bbox_enc_0: 0.0330 (0.0321)  loss_giou_enc_0: 0.3730 (0.3850)  loss_mal_dn_0: 0.6563 (0.6643)  loss_bbox_dn_0: 0.0306 (0.0304)  loss_giou_dn_0: 0.3591 (0.3725)  loss_fgl_dn_0: 1.2548 (1.2649)  loss_ddf_dn_0: 0.0986 (0.0987)  loss_mal_dn_1: 0.5763 (0.5796)  loss_bbox_dn_1: 0.0235 (0.0231)  loss_giou_dn_1: 0.2851 (0.2918)  loss_fgl_dn_1: 1.2094 (1.2174)  loss_ddf_dn_1: 0.0026 (0.0023)  loss_mal_dn_2: 0.5737 (0.5775)  loss_bbox_dn_2: 0.0233 (0.0230)  loss_giou_dn_2: 0.2871 (0.2909)  loss_fgl_dn_2: 1.2098 (1.2172)  loss_ddf_dn_2: -0.0000 (0.0000)  loss_mal_dn_pre: 0.6578 (0.6660)  loss_bbox_dn_pre: 0.0306 (0.0303)  loss_giou_dn_pre: 0.3569 (0.3715)
Test:  [0/9]  eta: 0:00:03    time: 0.3474  data: 0.2597  max mem: 5224
Test:  [8/9]  eta: 0:00:00    time: 0.1288  data: 0.0450  max mem: 5224
Test: Total time: 0:00:01 (0.1354 s / it)
Metrics: {'f1': 0.9652777777777778, 'precision': 0.9652777777777778, 'recall': 0.9652777777777778, 'iou': 0.657621274458482, 'TPs': 139, 'FPs': 5, 'FNs': 5}
Averaged stats: 
Accumulating evaluation results...
COCOeval_opt.accumulate() finished...
DONE (t=0.01s).
IoU metric: bbox
 Average Precision  (AP) @[ IoU=0.50:0.95 | area=   all | maxDets=100 ] = 0.351
 Average Precision  (AP) @[ IoU=0.50      | area=   all | maxDets=100 ] = 0.935
 Average Precision  (AP) @[ IoU=0.75      | area=   all | maxDets=100 ] = 0.117
 Average Precision  (AP) @[ IoU=0.50:0.95 | area= small | maxDets=100 ] = 0.351
 Average Precision  (AP) @[ IoU=0.50:0.95 | area=medium | maxDets=100 ] = -1.000
 Average Precision  (AP) @[ IoU=0.50:0.95 | area= large | maxDets=100 ] = -1.000
 Average Recall     (AR) @[ IoU=0.50:0.95 | area=   all | maxDets=  1 ] = 0.207
 Average Recall     (AR) @[ IoU=0.50:0.95 | area=   all | maxDets= 10 ] = 0.466
 Average Recall     (AR) @[ IoU=0.50:0.95 | area=   all | maxDets=100 ] = 0.581
 Average Recall     (AR) @[ IoU=0.50:0.95 | area= small | maxDets=100 ] = 0.581
 Average Recall     (AR) @[ IoU=0.50:0.95 | area=medium | maxDets=100 ] = -1.000
 Average Recall     (AR) @[ IoU=0.50:0.95 | area= large | maxDets=100 ] = -1.000
 Average Recall     (AR) @[ IoU=0.50      | area=   all | maxDets=100 ] = 0.993
 Average Recall     (AR) @[ IoU=0.75      | area=   all | maxDets=100 ] = 0.576
best_stat: {'epoch': 3, 'coco_eval_bbox': 0.37821048554885567}
Epoch: [14/30]  [ 0/44]  eta: 0:00:34  lr: 0.000100  loss: 17.1121 (17.1121)  loss_mal: 0.6248 (0.6248)  loss_bbox: 0.0299 (0.0299)  loss_giou: 0.3727 (0.3727)  loss_fgl: 1.2624 (1.2624)  loss_mal_aux_0: 0.6926 (0.6926)  loss_bbox_aux_0: 0.0314 (0.0314)  loss_giou_aux_0: 0.3896 (0.3896)  loss_fgl_aux_0: 1.2748 (1.2748)  loss_ddf_aux_0: 0.0119 (0.0119)  loss_mal_aux_1: 0.6394 (0.6394)  loss_bbox_aux_1: 0.0298 (0.0298)  loss_giou_aux_1: 0.3704 (0.3704)  loss_fgl_aux_1: 1.2600 (1.2600)  loss_ddf_aux_1: 0.0004 (0.0004)  loss_mal_pre: 0.6886 (0.6886)  loss_bbox_pre: 0.0315 (0.0315)  loss_giou_pre: 0.3874 (0.3874)  loss_mal_enc_0: 0.7218 (0.7218)  loss_bbox_enc_0: 0.0322 (0.0322)  loss_giou_enc_0: 0.3921 (0.3921)  loss_mal_dn_0: 0.6743 (0.6743)  loss_bbox_dn_0: 0.0312 (0.0312)  loss_giou_dn_0: 0.3948 (0.3948)  loss_fgl_dn_0: 1.2867 (1.2867)  loss_ddf_dn_0: 0.0733 (0.0733)  loss_mal_dn_1: 0.5853 (0.5853)  loss_bbox_dn_1: 0.0240 (0.0240)  loss_giou_dn_1: 0.3052 (0.3052)  loss_fgl_dn_1: 1.2352 (1.2352)  loss_ddf_dn_1: 0.0014 (0.0014)  loss_mal_dn_2: 0.5854 (0.5854)  loss_bbox_dn_2: 0.0243 (0.0243)  loss_giou_dn_2: 0.3078 (0.3078)  loss_fgl_dn_2: 1.2391 (1.2391)  loss_ddf_dn_2: -0.0000 (0.0000)  loss_mal_dn_pre: 0.6749 (0.6749)  loss_bbox_dn_pre: 0.0311 (0.0311)  loss_giou_dn_pre: 0.3944 (0.3944)  time: 0.7834  data: 0.2521  max mem: 5224
Epoch: [14/30]  [10/44]  eta: 0:00:19  lr: 0.000100  loss: 16.0452 (16.2882)  loss_mal: 0.5864 (0.5932)  loss_bbox: 0.0256 (0.0251)  loss_giou: 0.3095 (0.3134)  loss_fgl: 1.2314 (1.2365)  loss_mal_aux_0: 0.6566 (0.6543)  loss_bbox_aux_0: 0.0271 (0.0265)  loss_giou_aux_0: 0.3161 (0.3300)  loss_fgl_aux_0: 1.2444 (1.2493)  loss_ddf_aux_0: 0.0126 (0.0127)  loss_mal_aux_1: 0.5867 (0.5984)  loss_bbox_aux_1: 0.0252 (0.0250)  loss_giou_aux_1: 0.3078 (0.3127)  loss_fgl_aux_1: 1.2309 (1.2364)  loss_ddf_aux_1: 0.0004 (0.0004)  loss_mal_pre: 0.6589 (0.6549)  loss_bbox_pre: 0.0271 (0.0266)  loss_giou_pre: 0.3166 (0.3300)  loss_mal_enc_0: 0.7188 (0.7169)  loss_bbox_enc_0: 0.0308 (0.0302)  loss_giou_enc_0: 0.3649 (0.3711)  loss_mal_dn_0: 0.6497 (0.6524)  loss_bbox_dn_0: 0.0277 (0.0280)  loss_giou_dn_0: 0.3465 (0.3521)  loss_fgl_dn_0: 1.2535 (1.2573)  loss_ddf_dn_0: 0.0987 (0.0967)  loss_mal_dn_1: 0.5562 (0.5633)  loss_bbox_dn_1: 0.0211 (0.0212)  loss_giou_dn_1: 0.2672 (0.2728)  loss_fgl_dn_1: 1.2000 (1.2040)  loss_ddf_dn_1: 0.0022 (0.0022)  loss_mal_dn_2: 0.5571 (0.5625)  loss_bbox_dn_2: 0.0211 (0.0212)  loss_giou_dn_2: 0.2657 (0.2729)  loss_fgl_dn_2: 1.1993 (1.2040)  loss_ddf_dn_2: -0.0000 (0.0000)  loss_mal_dn_pre: 0.6518 (0.6545)  loss_bbox_dn_pre: 0.0276 (0.0280)  loss_giou_dn_pre: 0.3445 (0.3515)  time: 0.5876  data: 0.0373  max mem: 5224
Epoch: [14/30]  [20/44]  eta: 0:00:14  lr: 0.000100  loss: 16.3852 (16.5320)  loss_mal: 0.5951 (0.6046)  loss_bbox: 0.0254 (0.0263)  loss_giou: 0.3236 (0.3269)  loss_fgl: 1.2391 (1.2453)  loss_mal_aux_0: 0.6587 (0.6624)  loss_bbox_aux_0: 0.0260 (0.0278)  loss_giou_aux_0: 0.3444 (0.3441)  loss_fgl_aux_0: 1.2493 (1.2564)  loss_ddf_aux_0: 0.0130 (0.0131)  loss_mal_aux_1: 0.6010 (0.6109)  loss_bbox_aux_1: 0.0252 (0.0263)  loss_giou_aux_1: 0.3228 (0.3264)  loss_fgl_aux_1: 1.2393 (1.2455)  loss_ddf_aux_1: 0.0004 (0.0004)  loss_mal_pre: 0.6589 (0.6625)  loss_bbox_pre: 0.0259 (0.0279)  loss_giou_pre: 0.3446 (0.3441)  loss_mal_enc_0: 0.7250 (0.7296)  loss_bbox_enc_0: 0.0302 (0.0315)  loss_giou_enc_0: 0.3853 (0.3868)  loss_mal_dn_0: 0.6528 (0.6605)  loss_bbox_dn_0: 0.0275 (0.0285)  loss_giou_dn_0: 0.3468 (0.3605)  loss_fgl_dn_0: 1.2547 (1.2598)  loss_ddf_dn_0: 0.1017 (0.1013)  loss_mal_dn_1: 0.5604 (0.5724)  loss_bbox_dn_1: 0.0211 (0.0216)  loss_giou_dn_1: 0.2709 (0.2815)  loss_fgl_dn_1: 1.2002 (1.2096)  loss_ddf_dn_1: 0.0022 (0.0023)  loss_mal_dn_2: 0.5609 (0.5715)  loss_bbox_dn_2: 0.0211 (0.0216)  loss_giou_dn_2: 0.2706 (0.2813)  loss_fgl_dn_2: 1.2012 (1.2094)  loss_ddf_dn_2: -0.0000 (0.0000)  loss_mal_dn_pre: 0.6536 (0.6625)  loss_bbox_dn_pre: 0.0276 (0.0285)  loss_giou_dn_pre: 0.3473 (0.3600)  time: 0.5747  data: 0.0158  max mem: 5224
Epoch: [14/30]  [30/44]  eta: 0:00:08  lr: 0.000100  loss: 16.6607 (16.5648)  loss_mal: 0.6031 (0.6050)  loss_bbox: 0.0275 (0.0268)  loss_giou: 0.3290 (0.3278)  loss_fgl: 1.2485 (1.2482)  loss_mal_aux_0: 0.6629 (0.6642)  loss_bbox_aux_0: 0.0273 (0.0282)  loss_giou_aux_0: 0.3483 (0.3445)  loss_fgl_aux_0: 1.2575 (1.2587)  loss_ddf_aux_0: 0.0127 (0.0130)  loss_mal_aux_1: 0.6118 (0.6111)  loss_bbox_aux_1: 0.0275 (0.0268)  loss_giou_aux_1: 0.3273 (0.3272)  loss_fgl_aux_1: 1.2489 (1.2483)  loss_ddf_aux_1: 0.0004 (0.0004)  loss_mal_pre: 0.6609 (0.6642)  loss_bbox_pre: 0.0273 (0.0282)  loss_giou_pre: 0.3474 (0.3445)  loss_mal_enc_0: 0.7371 (0.7319)  loss_bbox_enc_0: 0.0305 (0.0317)  loss_giou_enc_0: 0.3912 (0.3838)  loss_mal_dn_0: 0.6569 (0.6609)  loss_bbox_dn_0: 0.0284 (0.0287)  loss_giou_dn_0: 0.3592 (0.3623)  loss_fgl_dn_0: 1.2598 (1.2645)  loss_ddf_dn_0: 0.1044 (0.1021)  loss_mal_dn_1: 0.5758 (0.5722)  loss_bbox_dn_1: 0.0219 (0.0218)  loss_giou_dn_1: 0.2812 (0.2817)  loss_fgl_dn_1: 1.2161 (1.2129)  loss_ddf_dn_1: 0.0022 (0.0023)  loss_mal_dn_2: 0.5741 (0.5715)  loss_bbox_dn_2: 0.0219 (0.0218)  loss_giou_dn_2: 0.2803 (0.2814)  loss_fgl_dn_2: 1.2153 (1.2128)  loss_ddf_dn_2: -0.0000 (0.0000)  loss_mal_dn_pre: 0.6606 (0.6628)  loss_bbox_dn_pre: 0.0283 (0.0287)  loss_giou_dn_pre: 0.3598 (0.3618)  time: 0.5833  data: 0.0156  max mem: 5224
Epoch: [14/30]  [40/44]  eta: 0:00:02  lr: 0.000100  loss: 16.4891 (16.5333)  loss_mal: 0.5998 (0.6037)  loss_bbox: 0.0275 (0.0269)  loss_giou: 0.3215 (0.3266)  loss_fgl: 1.2474 (1.2469)  loss_mal_aux_0: 0.6555 (0.6593)  loss_bbox_aux_0: 0.0294 (0.0283)  loss_giou_aux_0: 0.3381 (0.3434)  loss_fgl_aux_0: 1.2562 (1.2571)  loss_ddf_aux_0: 0.0131 (0.0129)  loss_mal_aux_1: 0.6048 (0.6096)  loss_bbox_aux_1: 0.0275 (0.0269)  loss_giou_aux_1: 0.3220 (0.3261)  loss_fgl_aux_1: 1.2467 (1.2469)  loss_ddf_aux_1: 0.0004 (0.0004)  loss_mal_pre: 0.6556 (0.6594)  loss_bbox_pre: 0.0295 (0.0283)  loss_giou_pre: 0.3391 (0.3435)  loss_mal_enc_0: 0.7337 (0.7340)  loss_bbox_enc_0: 0.0326 (0.0321)  loss_giou_enc_0: 0.3875 (0.3849)  loss_mal_dn_0: 0.6560 (0.6591)  loss_bbox_dn_0: 0.0304 (0.0290)  loss_giou_dn_0: 0.3610 (0.3611)  loss_fgl_dn_0: 1.2592 (1.2621)  loss_ddf_dn_0: 0.1067 (0.1030)  loss_mal_dn_1: 0.5676 (0.5712)  loss_bbox_dn_1: 0.0232 (0.0220)  loss_giou_dn_1: 0.2775 (0.2809)  loss_fgl_dn_1: 1.2123 (1.2111)  loss_ddf_dn_1: 0.0022 (0.0023)  loss_mal_dn_2: 0.5689 (0.5704)  loss_bbox_dn_2: 0.0231 (0.0220)  loss_giou_dn_2: 0.2775 (0.2803)  loss_fgl_dn_2: 1.2117 (1.2109)  loss_ddf_dn_2: -0.0000 (0.0000)  loss_mal_dn_pre: 0.6583 (0.6611)  loss_bbox_dn_pre: 0.0301 (0.0290)  loss_giou_dn_pre: 0.3602 (0.3607)  time: 0.5741  data: 0.0156  max mem: 5224
Epoch: [14/30]  [43/44]  eta: 0:00:00  lr: 0.000100  loss: 16.4693 (16.4978)  loss_mal: 0.5996 (0.6022)  loss_bbox: 0.0270 (0.0267)  loss_giou: 0.3215 (0.3250)  loss_fgl: 1.2465 (1.2454)  loss_mal_aux_0: 0.6505 (0.6583)  loss_bbox_aux_0: 0.0294 (0.0280)  loss_giou_aux_0: 0.3381 (0.3414)  loss_fgl_aux_0: 1.2552 (1.2556)  loss_ddf_aux_0: 0.0131 (0.0129)  loss_mal_aux_1: 0.6056 (0.6079)  loss_bbox_aux_1: 0.0272 (0.0267)  loss_giou_aux_1: 0.3253 (0.3245)  loss_fgl_aux_1: 1.2459 (1.2455)  loss_ddf_aux_1: 0.0004 (0.0004)  loss_mal_pre: 0.6504 (0.6583)  loss_bbox_pre: 0.0293 (0.0280)  loss_giou_pre: 0.3384 (0.3415)  loss_mal_enc_0: 0.7340 (0.7346)  loss_bbox_enc_0: 0.0317 (0.0317)  loss_giou_enc_0: 0.3828 (0.3830)  loss_mal_dn_0: 0.6546 (0.6577)  loss_bbox_dn_0: 0.0295 (0.0288)  loss_giou_dn_0: 0.3600 (0.3590)  loss_fgl_dn_0: 1.2558 (1.2602)  loss_ddf_dn_0: 0.1050 (0.1023)  loss_mal_dn_1: 0.5676 (0.5703)  loss_bbox_dn_1: 0.0231 (0.0219)  loss_giou_dn_1: 0.2775 (0.2800)  loss_fgl_dn_1: 1.2084 (1.2100)  loss_ddf_dn_1: 0.0022 (0.0023)  loss_mal_dn_2: 0.5681 (0.5694)  loss_bbox_dn_2: 0.0230 (0.0219)  loss_giou_dn_2: 0.2775 (0.2794)  loss_fgl_dn_2: 1.2088 (1.2097)  loss_ddf_dn_2: -0.0000 (0.0000)  loss_mal_dn_pre: 0.6558 (0.6598)  loss_bbox_dn_pre: 0.0297 (0.0288)  loss_giou_dn_pre: 0.3602 (0.3586)  time: 0.5691  data: 0.0153  max mem: 5224
Epoch: [14/30] Total time: 0:00:25 (0.5797 s / it)
Averaged stats: lr: 0.000100  loss: 16.4693 (16.4978)  loss_mal: 0.5996 (0.6022)  loss_bbox: 0.0270 (0.0267)  loss_giou: 0.3215 (0.3250)  loss_fgl: 1.2465 (1.2454)  loss_mal_aux_0: 0.6505 (0.6583)  loss_bbox_aux_0: 0.0294 (0.0280)  loss_giou_aux_0: 0.3381 (0.3414)  loss_fgl_aux_0: 1.2552 (1.2556)  loss_ddf_aux_0: 0.0131 (0.0129)  loss_mal_aux_1: 0.6056 (0.6079)  loss_bbox_aux_1: 0.0272 (0.0267)  loss_giou_aux_1: 0.3253 (0.3245)  loss_fgl_aux_1: 1.2459 (1.2455)  loss_ddf_aux_1: 0.0004 (0.0004)  loss_mal_pre: 0.6504 (0.6583)  loss_bbox_pre: 0.0293 (0.0280)  loss_giou_pre: 0.3384 (0.3415)  loss_mal_enc_0: 0.7340 (0.7346)  loss_bbox_enc_0: 0.0317 (0.0317)  loss_giou_enc_0: 0.3828 (0.3830)  loss_mal_dn_0: 0.6546 (0.6577)  loss_bbox_dn_0: 0.0295 (0.0288)  loss_giou_dn_0: 0.3600 (0.3590)  loss_fgl_dn_0: 1.2558 (1.2602)  loss_ddf_dn_0: 0.1050 (0.1023)  loss_mal_dn_1: 0.5676 (0.5703)  loss_bbox_dn_1: 0.0231 (0.0219)  loss_giou_dn_1: 0.2775 (0.2800)  loss_fgl_dn_1: 1.2084 (1.2100)  loss_ddf_dn_1: 0.0022 (0.0023)  loss_mal_dn_2: 0.5681 (0.5694)  loss_bbox_dn_2: 0.0230 (0.0219)  loss_giou_dn_2: 0.2775 (0.2794)  loss_fgl_dn_2: 1.2088 (1.2097)  loss_ddf_dn_2: -0.0000 (0.0000)  loss_mal_dn_pre: 0.6558 (0.6598)  loss_bbox_dn_pre: 0.0297 (0.0288)  loss_giou_dn_pre: 0.3602 (0.3586)
Test:  [0/9]  eta: 0:00:03    time: 0.3482  data: 0.2447  max mem: 5224
Test:  [8/9]  eta: 0:00:00    time: 0.1582  data: 0.0420  max mem: 5224
Test: Total time: 0:00:01 (0.1626 s / it)
Metrics: {'f1': 0.975609756097561, 'precision': 0.9790209790209791, 'recall': 0.9722222222222222, 'iou': 0.6700092322972356, 'TPs': 140, 'FPs': 3, 'FNs': 4}
Averaged stats: 
Accumulating evaluation results...
COCOeval_opt.accumulate() finished...
DONE (t=0.01s).
IoU metric: bbox
 Average Precision  (AP) @[ IoU=0.50:0.95 | area=   all | maxDets=100 ] = 0.356
 Average Precision  (AP) @[ IoU=0.50      | area=   all | maxDets=100 ] = 0.957
 Average Precision  (AP) @[ IoU=0.75      | area=   all | maxDets=100 ] = 0.127
 Average Precision  (AP) @[ IoU=0.50:0.95 | area= small | maxDets=100 ] = 0.356
 Average Precision  (AP) @[ IoU=0.50:0.95 | area=medium | maxDets=100 ] = -1.000
 Average Precision  (AP) @[ IoU=0.50:0.95 | area= large | maxDets=100 ] = -1.000
 Average Recall     (AR) @[ IoU=0.50:0.95 | area=   all | maxDets=  1 ] = 0.206
 Average Recall     (AR) @[ IoU=0.50:0.95 | area=   all | maxDets= 10 ] = 0.471
 Average Recall     (AR) @[ IoU=0.50:0.95 | area=   all | maxDets=100 ] = 0.578
 Average Recall     (AR) @[ IoU=0.50:0.95 | area= small | maxDets=100 ] = 0.578
 Average Recall     (AR) @[ IoU=0.50:0.95 | area=medium | maxDets=100 ] = -1.000
 Average Recall     (AR) @[ IoU=0.50:0.95 | area= large | maxDets=100 ] = -1.000
 Average Recall     (AR) @[ IoU=0.50      | area=   all | maxDets=100 ] = 0.993
 Average Recall     (AR) @[ IoU=0.75      | area=   all | maxDets=100 ] = 0.556
best_stat: {'epoch': 3, 'coco_eval_bbox': 0.37821048554885567}
Epoch: [15/30]  [ 0/44]  eta: 0:00:31  lr: 0.000100  loss: 15.6953 (15.6953)  loss_mal: 0.5537 (0.5537)  loss_bbox: 0.0241 (0.0241)  loss_giou: 0.2660 (0.2660)  loss_fgl: 1.2160 (1.2160)  loss_mal_aux_0: 0.6812 (0.6812)  loss_bbox_aux_0: 0.0274 (0.0274)  loss_giou_aux_0: 0.3042 (0.3042)  loss_fgl_aux_0: 1.2395 (1.2395)  loss_ddf_aux_0: 0.0132 (0.0132)  loss_mal_aux_1: 0.5601 (0.5601)  loss_bbox_aux_1: 0.0242 (0.0242)  loss_giou_aux_1: 0.2681 (0.2681)  loss_fgl_aux_1: 1.2170 (1.2170)  loss_ddf_aux_1: 0.0005 (0.0005)  loss_mal_pre: 0.6766 (0.6766)  loss_bbox_pre: 0.0276 (0.0276)  loss_giou_pre: 0.3051 (0.3051)  loss_mal_enc_0: 0.6824 (0.6824)  loss_bbox_enc_0: 0.0312 (0.0312)  loss_giou_enc_0: 0.3362 (0.3362)  loss_mal_dn_0: 0.6381 (0.6381)  loss_bbox_dn_0: 0.0285 (0.0285)  loss_giou_dn_0: 0.3158 (0.3158)  loss_fgl_dn_0: 1.2396 (1.2396)  loss_ddf_dn_0: 0.0958 (0.0958)  loss_mal_dn_1: 0.5345 (0.5345)  loss_bbox_dn_1: 0.0208 (0.0208)  loss_giou_dn_1: 0.2372 (0.2372)  loss_fgl_dn_1: 1.1794 (1.1794)  loss_ddf_dn_1: 0.0022 (0.0022)  loss_mal_dn_2: 0.5334 (0.5334)  loss_bbox_dn_2: 0.0206 (0.0206)  loss_giou_dn_2: 0.2349 (0.2349)  loss_fgl_dn_2: 1.1778 (1.1778)  loss_ddf_dn_2: -0.0000 (0.0000)  loss_mal_dn_pre: 0.6396 (0.6396)  loss_bbox_dn_pre: 0.0284 (0.0284)  loss_giou_dn_pre: 0.3143 (0.3143)  time: 0.7134  data: 0.2545  max mem: 5224
Epoch: [15/30]  [10/44]  eta: 0:00:19  lr: 0.000100  loss: 16.0876 (16.0416)  loss_mal: 0.5877 (0.5859)  loss_bbox: 0.0238 (0.0245)  loss_giou: 0.2860 (0.2932)  loss_fgl: 1.2271 (1.2385)  loss_mal_aux_0: 0.6524 (0.6495)  loss_bbox_aux_0: 0.0246 (0.0260)  loss_giou_aux_0: 0.3004 (0.3120)  loss_fgl_aux_0: 1.2459 (1.2509)  loss_ddf_aux_0: 0.0132 (0.0134)  loss_mal_aux_1: 0.5855 (0.5938)  loss_bbox_aux_1: 0.0239 (0.0245)  loss_giou_aux_1: 0.2857 (0.2935)  loss_fgl_aux_1: 1.2281 (1.2385)  loss_ddf_aux_1: 0.0004 (0.0004)  loss_mal_pre: 0.6520 (0.6492)  loss_bbox_pre: 0.0248 (0.0260)  loss_giou_pre: 0.3014 (0.3133)  loss_mal_enc_0: 0.7018 (0.7065)  loss_bbox_enc_0: 0.0292 (0.0297)  loss_giou_enc_0: 0.3519 (0.3538)  loss_mal_dn_0: 0.6473 (0.6437)  loss_bbox_dn_0: 0.0277 (0.0270)  loss_giou_dn_0: 0.3337 (0.3289)  loss_fgl_dn_0: 1.2556 (1.2535)  loss_ddf_dn_0: 0.0986 (0.0982)  loss_mal_dn_1: 0.5502 (0.5509)  loss_bbox_dn_1: 0.0208 (0.0206)  loss_giou_dn_1: 0.2551 (0.2559)  loss_fgl_dn_1: 1.2057 (1.2050)  loss_ddf_dn_1: 0.0023 (0.0024)  loss_mal_dn_2: 0.5477 (0.5486)  loss_bbox_dn_2: 0.0206 (0.0206)  loss_giou_dn_2: 0.2539 (0.2553)  loss_fgl_dn_2: 1.2055 (1.2053)  loss_ddf_dn_2: -0.0000 (0.0000)  loss_mal_dn_pre: 0.6505 (0.6468)  loss_bbox_dn_pre: 0.0277 (0.0270)  loss_giou_dn_pre: 0.3340 (0.3288)  time: 0.5850  data: 0.0368  max mem: 5224
Epoch: [15/30]  [20/44]  eta: 0:00:13  lr: 0.000100  loss: 16.1750 (16.0588)  loss_mal: 0.5746 (0.5818)  loss_bbox: 0.0231 (0.0245)  loss_giou: 0.2877 (0.2970)  loss_fgl: 1.2271 (1.2335)  loss_mal_aux_0: 0.6458 (0.6428)  loss_bbox_aux_0: 0.0246 (0.0259)  loss_giou_aux_0: 0.3009 (0.3141)  loss_fgl_aux_0: 1.2414 (1.2457)  loss_ddf_aux_0: 0.0136 (0.0138)  loss_mal_aux_1: 0.5790 (0.5877)  loss_bbox_aux_1: 0.0229 (0.0245)  loss_giou_aux_1: 0.2900 (0.2967)  loss_fgl_aux_1: 1.2281 (1.2336)  loss_ddf_aux_1: 0.0004 (0.0004)  loss_mal_pre: 0.6436 (0.6424)  loss_bbox_pre: 0.0246 (0.0259)  loss_giou_pre: 0.3015 (0.3145)  loss_mal_enc_0: 0.7178 (0.7150)  loss_bbox_enc_0: 0.0289 (0.0299)  loss_giou_enc_0: 0.3544 (0.3574)  loss_mal_dn_0: 0.6474 (0.6468)  loss_bbox_dn_0: 0.0277 (0.0275)  loss_giou_dn_0: 0.3380 (0.3356)  loss_fgl_dn_0: 1.2556 (1.2539)  loss_ddf_dn_0: 0.1004 (0.1022)  loss_mal_dn_1: 0.5502 (0.5530)  loss_bbox_dn_1: 0.0204 (0.0208)  loss_giou_dn_1: 0.2592 (0.2599)  loss_fgl_dn_1: 1.1979 (1.2031)  loss_ddf_dn_1: 0.0025 (0.0026)  loss_mal_dn_2: 0.5480 (0.5510)  loss_bbox_dn_2: 0.0204 (0.0208)  loss_giou_dn_2: 0.2583 (0.2595)  loss_fgl_dn_2: 1.1979 (1.2031)  loss_ddf_dn_2: -0.0000 (0.0000)  loss_mal_dn_pre: 0.6505 (0.6495)  loss_bbox_dn_pre: 0.0277 (0.0275)  loss_giou_dn_pre: 0.3370 (0.3350)  time: 0.5730  data: 0.0149  max mem: 5224
Epoch: [15/30]  [30/44]  eta: 0:00:08  lr: 0.000100  loss: 16.2731 (16.2103)  loss_mal: 0.5821 (0.5898)  loss_bbox: 0.0250 (0.0247)  loss_giou: 0.2994 (0.3052)  loss_fgl: 1.2307 (1.2357)  loss_mal_aux_0: 0.6529 (0.6548)  loss_bbox_aux_0: 0.0265 (0.0262)  loss_giou_aux_0: 0.3227 (0.3236)  loss_fgl_aux_0: 1.2446 (1.2482)  loss_ddf_aux_0: 0.0141 (0.0142)  loss_mal_aux_1: 0.5882 (0.5979)  loss_bbox_aux_1: 0.0250 (0.0247)  loss_giou_aux_1: 0.2981 (0.3050)  loss_fgl_aux_1: 1.2307 (1.2358)  loss_ddf_aux_1: 0.0004 (0.0004)  loss_mal_pre: 0.6529 (0.6538)  loss_bbox_pre: 0.0266 (0.0262)  loss_giou_pre: 0.3232 (0.3237)  loss_mal_enc_0: 0.7303 (0.7205)  loss_bbox_enc_0: 0.0302 (0.0301)  loss_giou_enc_0: 0.3692 (0.3647)  loss_mal_dn_0: 0.6482 (0.6500)  loss_bbox_dn_0: 0.0280 (0.0277)  loss_giou_dn_0: 0.3424 (0.3443)  loss_fgl_dn_0: 1.2519 (1.2561)  loss_ddf_dn_0: 0.1102 (0.1053)  loss_mal_dn_1: 0.5631 (0.5580)  loss_bbox_dn_1: 0.0206 (0.0208)  loss_giou_dn_1: 0.2691 (0.2662)  loss_fgl_dn_1: 1.1982 (1.2040)  loss_ddf_dn_1: 0.0028 (0.0027)  loss_mal_dn_2: 0.5567 (0.5558)  loss_bbox_dn_2: 0.0204 (0.0207)  loss_giou_dn_2: 0.2662 (0.2654)  loss_fgl_dn_2: 1.1979 (1.2038)  loss_ddf_dn_2: -0.0000 (0.0000)  loss_mal_dn_pre: 0.6525 (0.6527)  loss_bbox_dn_pre: 0.0281 (0.0277)  loss_giou_dn_pre: 0.3440 (0.3437)  time: 0.5751  data: 0.0148  max mem: 5224
Epoch: [15/30]  [40/44]  eta: 0:00:02  lr: 0.000100  loss: 16.2165 (16.2291)  loss_mal: 0.5821 (0.5885)  loss_bbox: 0.0260 (0.0251)  loss_giou: 0.2970 (0.3058)  loss_fgl: 1.2374 (1.2354)  loss_mal_aux_0: 0.6633 (0.6558)  loss_bbox_aux_0: 0.0274 (0.0267)  loss_giou_aux_0: 0.3283 (0.3261)  loss_fgl_aux_0: 1.2487 (1.2483)  loss_ddf_aux_0: 0.0158 (0.0150)  loss_mal_aux_1: 0.5882 (0.5959)  loss_bbox_aux_1: 0.0258 (0.0250)  loss_giou_aux_1: 0.2962 (0.3056)  loss_fgl_aux_1: 1.2370 (1.2353)  loss_ddf_aux_1: 0.0004 (0.0004)  loss_mal_pre: 0.6622 (0.6548)  loss_bbox_pre: 0.0273 (0.0266)  loss_giou_pre: 0.3284 (0.3260)  loss_mal_enc_0: 0.7448 (0.7279)  loss_bbox_enc_0: 0.0318 (0.0305)  loss_giou_enc_0: 0.3719 (0.3686)  loss_mal_dn_0: 0.6522 (0.6496)  loss_bbox_dn_0: 0.0277 (0.0280)  loss_giou_dn_0: 0.3522 (0.3463)  loss_fgl_dn_0: 1.2563 (1.2560)  loss_ddf_dn_0: 0.1036 (0.1048)  loss_mal_dn_1: 0.5610 (0.5578)  loss_bbox_dn_1: 0.0208 (0.0209)  loss_giou_dn_1: 0.2656 (0.2667)  loss_fgl_dn_1: 1.2024 (1.2028)  loss_ddf_dn_1: 0.0031 (0.0028)  loss_mal_dn_2: 0.5556 (0.5555)  loss_bbox_dn_2: 0.0207 (0.0209)  loss_giou_dn_2: 0.2653 (0.2658)  loss_fgl_dn_2: 1.2006 (1.2025)  loss_ddf_dn_2: -0.0000 (0.0000)  loss_mal_dn_pre: 0.6545 (0.6521)  loss_bbox_dn_pre: 0.0276 (0.0279)  loss_giou_dn_pre: 0.3476 (0.3453)  time: 0.5547  data: 0.0152  max mem: 5224
Epoch: [15/30]  [43/44]  eta: 0:00:00  lr: 0.000100  loss: 16.6079 (16.2754)  loss_mal: 0.5916 (0.5909)  loss_bbox: 0.0260 (0.0252)  loss_giou: 0.3131 (0.3091)  loss_fgl: 1.2449 (1.2364)  loss_mal_aux_0: 0.6675 (0.6567)  loss_bbox_aux_0: 0.0275 (0.0268)  loss_giou_aux_0: 0.3397 (0.3295)  loss_fgl_aux_0: 1.2585 (1.2493)  loss_ddf_aux_0: 0.0165 (0.0150)  loss_mal_aux_1: 0.5982 (0.5980)  loss_bbox_aux_1: 0.0260 (0.0252)  loss_giou_aux_1: 0.3138 (0.3089)  loss_fgl_aux_1: 1.2435 (1.2363)  loss_ddf_aux_1: 0.0004 (0.0004)  loss_mal_pre: 0.6662 (0.6557)  loss_bbox_pre: 0.0273 (0.0268)  loss_giou_pre: 0.3419 (0.3292)  loss_mal_enc_0: 0.7449 (0.7287)  loss_bbox_enc_0: 0.0324 (0.0305)  loss_giou_enc_0: 0.3914 (0.3699)  loss_mal_dn_0: 0.6590 (0.6514)  loss_bbox_dn_0: 0.0286 (0.0281)  loss_giou_dn_0: 0.3545 (0.3496)  loss_fgl_dn_0: 1.2631 (1.2568)  loss_ddf_dn_0: 0.1104 (0.1058)  loss_mal_dn_1: 0.5677 (0.5598)  loss_bbox_dn_1: 0.0209 (0.0210)  loss_giou_dn_1: 0.2726 (0.2685)  loss_fgl_dn_1: 1.2095 (1.2032)  loss_ddf_dn_1: 0.0031 (0.0029)  loss_mal_dn_2: 0.5634 (0.5576)  loss_bbox_dn_2: 0.0209 (0.0209)  loss_giou_dn_2: 0.2740 (0.2677)  loss_fgl_dn_2: 1.2084 (1.2031)  loss_ddf_dn_2: -0.0000 (0.0000)  loss_mal_dn_pre: 0.6602 (0.6539)  loss_bbox_dn_pre: 0.0287 (0.0280)  loss_giou_dn_pre: 0.3530 (0.3486)  time: 0.5534  data: 0.0151  max mem: 5224
Epoch: [15/30] Total time: 0:00:25 (0.5684 s / it)
Averaged stats: lr: 0.000100  loss: 16.6079 (16.2754)  loss_mal: 0.5916 (0.5909)  loss_bbox: 0.0260 (0.0252)  loss_giou: 0.3131 (0.3091)  loss_fgl: 1.2449 (1.2364)  loss_mal_aux_0: 0.6675 (0.6567)  loss_bbox_aux_0: 0.0275 (0.0268)  loss_giou_aux_0: 0.3397 (0.3295)  loss_fgl_aux_0: 1.2585 (1.2493)  loss_ddf_aux_0: 0.0165 (0.0150)  loss_mal_aux_1: 0.5982 (0.5980)  loss_bbox_aux_1: 0.0260 (0.0252)  loss_giou_aux_1: 0.3138 (0.3089)  loss_fgl_aux_1: 1.2435 (1.2363)  loss_ddf_aux_1: 0.0004 (0.0004)  loss_mal_pre: 0.6662 (0.6557)  loss_bbox_pre: 0.0273 (0.0268)  loss_giou_pre: 0.3419 (0.3292)  loss_mal_enc_0: 0.7449 (0.7287)  loss_bbox_enc_0: 0.0324 (0.0305)  loss_giou_enc_0: 0.3914 (0.3699)  loss_mal_dn_0: 0.6590 (0.6514)  loss_bbox_dn_0: 0.0286 (0.0281)  loss_giou_dn_0: 0.3545 (0.3496)  loss_fgl_dn_0: 1.2631 (1.2568)  loss_ddf_dn_0: 0.1104 (0.1058)  loss_mal_dn_1: 0.5677 (0.5598)  loss_bbox_dn_1: 0.0209 (0.0210)  loss_giou_dn_1: 0.2726 (0.2685)  loss_fgl_dn_1: 1.2095 (1.2032)  loss_ddf_dn_1: 0.0031 (0.0029)  loss_mal_dn_2: 0.5634 (0.5576)  loss_bbox_dn_2: 0.0209 (0.0209)  loss_giou_dn_2: 0.2740 (0.2677)  loss_fgl_dn_2: 1.2084 (1.2031)  loss_ddf_dn_2: -0.0000 (0.0000)  loss_mal_dn_pre: 0.6602 (0.6539)  loss_bbox_dn_pre: 0.0287 (0.0280)  loss_giou_dn_pre: 0.3530 (0.3486)
Test:  [0/9]  eta: 0:00:03    time: 0.3386  data: 0.2537  max mem: 5224
Test:  [8/9]  eta: 0:00:00    time: 0.1383  data: 0.0461  max mem: 5224
Test: Total time: 0:00:01 (0.1435 s / it)
Metrics: {'f1': 0.975609756097561, 'precision': 0.9790209790209791, 'recall': 0.9722222222222222, 'iou': 0.6699972420322652, 'TPs': 140, 'FPs': 3, 'FNs': 4}
Averaged stats: 
Accumulating evaluation results...
COCOeval_opt.accumulate() finished...
DONE (t=0.01s).
IoU metric: bbox
 Average Precision  (AP) @[ IoU=0.50:0.95 | area=   all | maxDets=100 ] = 0.356
 Average Precision  (AP) @[ IoU=0.50      | area=   all | maxDets=100 ] = 0.958
 Average Precision  (AP) @[ IoU=0.75      | area=   all | maxDets=100 ] = 0.128
 Average Precision  (AP) @[ IoU=0.50:0.95 | area= small | maxDets=100 ] = 0.357
 Average Precision  (AP) @[ IoU=0.50:0.95 | area=medium | maxDets=100 ] = -1.000
 Average Precision  (AP) @[ IoU=0.50:0.95 | area= large | maxDets=100 ] = -1.000
 Average Recall     (AR) @[ IoU=0.50:0.95 | area=   all | maxDets=  1 ] = 0.208
 Average Recall     (AR) @[ IoU=0.50:0.95 | area=   all | maxDets= 10 ] = 0.469
 Average Recall     (AR) @[ IoU=0.50:0.95 | area=   all | maxDets=100 ] = 0.568
 Average Recall     (AR) @[ IoU=0.50:0.95 | area= small | maxDets=100 ] = 0.568
 Average Recall     (AR) @[ IoU=0.50:0.95 | area=medium | maxDets=100 ] = -1.000
 Average Recall     (AR) @[ IoU=0.50:0.95 | area= large | maxDets=100 ] = -1.000
 Average Recall     (AR) @[ IoU=0.50      | area=   all | maxDets=100 ] = 0.993
 Average Recall     (AR) @[ IoU=0.75      | area=   all | maxDets=100 ] = 0.528
best_stat: {'epoch': 3, 'coco_eval_bbox': 0.37821048554885567}
Epoch: [16/30]  [ 0/44]  eta: 0:00:36  lr: 0.000100  loss: 15.6107 (15.6107)  loss_mal: 0.5611 (0.5611)  loss_bbox: 0.0215 (0.0215)  loss_giou: 0.2755 (0.2755)  loss_fgl: 1.2318 (1.2318)  loss_mal_aux_0: 0.5998 (0.5998)  loss_bbox_aux_0: 0.0220 (0.0220)  loss_giou_aux_0: 0.2691 (0.2691)  loss_fgl_aux_0: 1.2396 (1.2396)  loss_ddf_aux_0: 0.0177 (0.0177)  loss_mal_aux_1: 0.5812 (0.5812)  loss_bbox_aux_1: 0.0213 (0.0213)  loss_giou_aux_1: 0.2769 (0.2769)  loss_fgl_aux_1: 1.2330 (1.2330)  loss_ddf_aux_1: 0.0003 (0.0003)  loss_mal_pre: 0.6010 (0.6010)  loss_bbox_pre: 0.0224 (0.0224)  loss_giou_pre: 0.2721 (0.2721)  loss_mal_enc_0: 0.7233 (0.7233)  loss_bbox_enc_0: 0.0267 (0.0267)  loss_giou_enc_0: 0.3175 (0.3175)  loss_mal_dn_0: 0.6264 (0.6264)  loss_bbox_dn_0: 0.0251 (0.0251)  loss_giou_dn_0: 0.3131 (0.3131)  loss_fgl_dn_0: 1.2495 (1.2495)  loss_ddf_dn_0: 0.1089 (0.1089)  loss_mal_dn_1: 0.5417 (0.5417)  loss_bbox_dn_1: 0.0199 (0.0199)  loss_giou_dn_1: 0.2462 (0.2462)  loss_fgl_dn_1: 1.1993 (1.1993)  loss_ddf_dn_1: 0.0037 (0.0037)  loss_mal_dn_2: 0.5359 (0.5359)  loss_bbox_dn_2: 0.0198 (0.0198)  loss_giou_dn_2: 0.2444 (0.2444)  loss_fgl_dn_2: 1.1980 (1.1980)  loss_ddf_dn_2: -0.0000 (0.0000)  loss_mal_dn_pre: 0.6292 (0.6292)  loss_bbox_dn_pre: 0.0249 (0.0249)  loss_giou_dn_pre: 0.3111 (0.3111)  time: 0.8350  data: 0.2706  max mem: 5224
Epoch: [16/30]  [10/44]  eta: 0:00:20  lr: 0.000100  loss: 15.9304 (16.1843)  loss_mal: 0.5950 (0.5954)  loss_bbox: 0.0235 (0.0241)  loss_giou: 0.2961 (0.3077)  loss_fgl: 1.2425 (1.2392)  loss_mal_aux_0: 0.6398 (0.6388)  loss_bbox_aux_0: 0.0260 (0.0254)  loss_giou_aux_0: 0.3079 (0.3230)  loss_fgl_aux_0: 1.2484 (1.2501)  loss_ddf_aux_0: 0.0157 (0.0159)  loss_mal_aux_1: 0.6068 (0.6057)  loss_bbox_aux_1: 0.0236 (0.0241)  loss_giou_aux_1: 0.2977 (0.3079)  loss_fgl_aux_1: 1.2447 (1.2405)  loss_ddf_aux_1: 0.0004 (0.0004)  loss_mal_pre: 0.6389 (0.6402)  loss_bbox_pre: 0.0259 (0.0254)  loss_giou_pre: 0.3078 (0.3229)  loss_mal_enc_0: 0.7264 (0.7267)  loss_bbox_enc_0: 0.0293 (0.0296)  loss_giou_enc_0: 0.3555 (0.3724)  loss_mal_dn_0: 0.6418 (0.6436)  loss_bbox_dn_0: 0.0260 (0.0264)  loss_giou_dn_0: 0.3337 (0.3371)  loss_fgl_dn_0: 1.2495 (1.2498)  loss_ddf_dn_0: 0.0966 (0.0992)  loss_mal_dn_1: 0.5611 (0.5607)  loss_bbox_dn_1: 0.0203 (0.0203)  loss_giou_dn_1: 0.2679 (0.2687)  loss_fgl_dn_1: 1.2039 (1.2022)  loss_ddf_dn_1: 0.0032 (0.0033)  loss_mal_dn_2: 0.5557 (0.5575)  loss_bbox_dn_2: 0.0201 (0.0202)  loss_giou_dn_2: 0.2671 (0.2670)  loss_fgl_dn_2: 1.2018 (1.2015)  loss_ddf_dn_2: -0.0000 (0.0000)  loss_mal_dn_pre: 0.6442 (0.6473)  loss_bbox_dn_pre: 0.0261 (0.0264)  loss_giou_dn_pre: 0.3346 (0.3375)  time: 0.5885  data: 0.0370  max mem: 5224
Epoch: [16/30]  [20/44]  eta: 0:00:13  lr: 0.000100  loss: 16.0471 (16.2090)  loss_mal: 0.5950 (0.5956)  loss_bbox: 0.0244 (0.0248)  loss_giou: 0.2980 (0.3097)  loss_fgl: 1.2435 (1.2411)  loss_mal_aux_0: 0.6398 (0.6430)  loss_bbox_aux_0: 0.0268 (0.0259)  loss_giou_aux_0: 0.3110 (0.3218)  loss_fgl_aux_0: 1.2484 (1.2494)  loss_ddf_aux_0: 0.0154 (0.0155)  loss_mal_aux_1: 0.6055 (0.6048)  loss_bbox_aux_1: 0.0243 (0.0248)  loss_giou_aux_1: 0.2977 (0.3099)  loss_fgl_aux_1: 1.2459 (1.2415)  loss_ddf_aux_1: 0.0004 (0.0004)  loss_mal_pre: 0.6389 (0.6430)  loss_bbox_pre: 0.0267 (0.0260)  loss_giou_pre: 0.3115 (0.3223)  loss_mal_enc_0: 0.7203 (0.7179)  loss_bbox_enc_0: 0.0293 (0.0296)  loss_giou_enc_0: 0.3561 (0.3633)  loss_mal_dn_0: 0.6431 (0.6469)  loss_bbox_dn_0: 0.0268 (0.0266)  loss_giou_dn_0: 0.3337 (0.3365)  loss_fgl_dn_0: 1.2510 (1.2537)  loss_ddf_dn_0: 0.0998 (0.1032)  loss_mal_dn_1: 0.5604 (0.5613)  loss_bbox_dn_1: 0.0207 (0.0207)  loss_giou_dn_1: 0.2650 (0.2685)  loss_fgl_dn_1: 1.2110 (1.2079)  loss_ddf_dn_1: 0.0034 (0.0036)  loss_mal_dn_2: 0.5559 (0.5597)  loss_bbox_dn_2: 0.0207 (0.0207)  loss_giou_dn_2: 0.2648 (0.2678)  loss_fgl_dn_2: 1.2107 (1.2079)  loss_ddf_dn_2: -0.0000 (0.0000)  loss_mal_dn_pre: 0.6466 (0.6501)  loss_bbox_dn_pre: 0.0269 (0.0267)  loss_giou_dn_pre: 0.3346 (0.3368)  time: 0.5702  data: 0.0147  max mem: 5224
Epoch: [16/30]  [30/44]  eta: 0:00:08  lr: 0.000100  loss: 15.9177 (16.0815)  loss_mal: 0.5854 (0.5906)  loss_bbox: 0.0241 (0.0245)  loss_giou: 0.2980 (0.3032)  loss_fgl: 1.2401 (1.2372)  loss_mal_aux_0: 0.6222 (0.6343)  loss_bbox_aux_0: 0.0243 (0.0256)  loss_giou_aux_0: 0.3088 (0.3151)  loss_fgl_aux_0: 1.2453 (1.2463)  loss_ddf_aux_0: 0.0133 (0.0149)  loss_mal_aux_1: 0.5920 (0.5972)  loss_bbox_aux_1: 0.0237 (0.0245)  loss_giou_aux_1: 0.2969 (0.3031)  loss_fgl_aux_1: 1.2385 (1.2375)  loss_ddf_aux_1: 0.0004 (0.0004)  loss_mal_pre: 0.6220 (0.6341)  loss_bbox_pre: 0.0242 (0.0255)  loss_giou_pre: 0.3087 (0.3150)  loss_mal_enc_0: 0.7160 (0.7175)  loss_bbox_enc_0: 0.0288 (0.0293)  loss_giou_enc_0: 0.3465 (0.3576)  loss_mal_dn_0: 0.6425 (0.6441)  loss_bbox_dn_0: 0.0268 (0.0265)  loss_giou_dn_0: 0.3260 (0.3326)  loss_fgl_dn_0: 1.2535 (1.2511)  loss_ddf_dn_0: 0.1077 (0.1031)  loss_mal_dn_1: 0.5541 (0.5557)  loss_bbox_dn_1: 0.0204 (0.0204)  loss_giou_dn_1: 0.2589 (0.2622)  loss_fgl_dn_1: 1.2065 (1.2030)  loss_ddf_dn_1: 0.0042 (0.0037)  loss_mal_dn_2: 0.5553 (0.5544)  loss_bbox_dn_2: 0.0206 (0.0203)  loss_giou_dn_2: 0.2587 (0.2616)  loss_fgl_dn_2: 1.2055 (1.2029)  loss_ddf_dn_2: -0.0000 (0.0000)  loss_mal_dn_pre: 0.6451 (0.6474)  loss_bbox_dn_pre: 0.0269 (0.0265)  loss_giou_dn_pre: 0.3272 (0.3326)  time: 0.5787  data: 0.0157  max mem: 5224
Epoch: [16/30]  [40/44]  eta: 0:00:02  lr: 0.000100  loss: 15.7944 (16.0705)  loss_mal: 0.5783 (0.5882)  loss_bbox: 0.0236 (0.0245)  loss_giou: 0.2834 (0.3021)  loss_fgl: 1.2276 (1.2368)  loss_mal_aux_0: 0.6220 (0.6372)  loss_bbox_aux_0: 0.0246 (0.0256)  loss_giou_aux_0: 0.3024 (0.3156)  loss_fgl_aux_0: 1.2373 (1.2455)  loss_ddf_aux_0: 0.0124 (0.0143)  loss_mal_aux_1: 0.5758 (0.5947)  loss_bbox_aux_1: 0.0235 (0.0246)  loss_giou_aux_1: 0.2827 (0.3022)  loss_fgl_aux_1: 1.2281 (1.2373)  loss_ddf_aux_1: 0.0005 (0.0004)  loss_mal_pre: 0.6197 (0.6368)  loss_bbox_pre: 0.0245 (0.0256)  loss_giou_pre: 0.2982 (0.3152)  loss_mal_enc_0: 0.7070 (0.7130)  loss_bbox_enc_0: 0.0272 (0.0287)  loss_giou_enc_0: 0.3371 (0.3525)  loss_mal_dn_0: 0.6317 (0.6428)  loss_bbox_dn_0: 0.0274 (0.0268)  loss_giou_dn_0: 0.3228 (0.3344)  loss_fgl_dn_0: 1.2531 (1.2523)  loss_ddf_dn_0: 0.0980 (0.1005)  loss_mal_dn_1: 0.5421 (0.5551)  loss_bbox_dn_1: 0.0204 (0.0205)  loss_giou_dn_1: 0.2551 (0.2629)  loss_fgl_dn_1: 1.1999 (1.2037)  loss_ddf_dn_1: 0.0041 (0.0038)  loss_mal_dn_2: 0.5425 (0.5541)  loss_bbox_dn_2: 0.0202 (0.0205)  loss_giou_dn_2: 0.2565 (0.2621)  loss_fgl_dn_2: 1.2018 (1.2035)  loss_ddf_dn_2: -0.0000 (0.0000)  loss_mal_dn_pre: 0.6342 (0.6460)  loss_bbox_dn_pre: 0.0272 (0.0268)  loss_giou_dn_pre: 0.3235 (0.3341)  time: 0.5685  data: 0.0159  max mem: 5224
Epoch: [16/30]  [43/44]  eta: 0:00:00  lr: 0.000100  loss: 15.7824 (16.0381)  loss_mal: 0.5742 (0.5872)  loss_bbox: 0.0236 (0.0245)  loss_giou: 0.2815 (0.2993)  loss_fgl: 1.2320 (1.2366)  loss_mal_aux_0: 0.6238 (0.6370)  loss_bbox_aux_0: 0.0256 (0.0255)  loss_giou_aux_0: 0.3076 (0.3130)  loss_fgl_aux_0: 1.2392 (1.2454)  loss_ddf_aux_0: 0.0127 (0.0142)  loss_mal_aux_1: 0.5756 (0.5931)  loss_bbox_aux_1: 0.0236 (0.0245)  loss_giou_aux_1: 0.2810 (0.2992)  loss_fgl_aux_1: 1.2330 (1.2369)  loss_ddf_aux_1: 0.0005 (0.0004)  loss_mal_pre: 0.6262 (0.6367)  loss_bbox_pre: 0.0254 (0.0255)  loss_giou_pre: 0.3072 (0.3127)  loss_mal_enc_0: 0.7124 (0.7151)  loss_bbox_enc_0: 0.0274 (0.0287)  loss_giou_enc_0: 0.3371 (0.3515)  loss_mal_dn_0: 0.6298 (0.6411)  loss_bbox_dn_0: 0.0274 (0.0268)  loss_giou_dn_0: 0.3219 (0.3321)  loss_fgl_dn_0: 1.2507 (1.2515)  loss_ddf_dn_0: 0.0975 (0.0999)  loss_mal_dn_1: 0.5399 (0.5532)  loss_bbox_dn_1: 0.0205 (0.0204)  loss_giou_dn_1: 0.2529 (0.2608)  loss_fgl_dn_1: 1.1999 (1.2032)  loss_ddf_dn_1: 0.0033 (0.0038)  loss_mal_dn_2: 0.5398 (0.5521)  loss_bbox_dn_2: 0.0202 (0.0204)  loss_giou_dn_2: 0.2547 (0.2601)  loss_fgl_dn_2: 1.2018 (1.2031)  loss_ddf_dn_2: -0.0000 (0.0000)  loss_mal_dn_pre: 0.6316 (0.6442)  loss_bbox_dn_pre: 0.0272 (0.0267)  loss_giou_dn_pre: 0.3200 (0.3317)  time: 0.5655  data: 0.0159  max mem: 5224
Epoch: [16/30] Total time: 0:00:25 (0.5761 s / it)
Averaged stats: lr: 0.000100  loss: 15.7824 (16.0381)  loss_mal: 0.5742 (0.5872)  loss_bbox: 0.0236 (0.0245)  loss_giou: 0.2815 (0.2993)  loss_fgl: 1.2320 (1.2366)  loss_mal_aux_0: 0.6238 (0.6370)  loss_bbox_aux_0: 0.0256 (0.0255)  loss_giou_aux_0: 0.3076 (0.3130)  loss_fgl_aux_0: 1.2392 (1.2454)  loss_ddf_aux_0: 0.0127 (0.0142)  loss_mal_aux_1: 0.5756 (0.5931)  loss_bbox_aux_1: 0.0236 (0.0245)  loss_giou_aux_1: 0.2810 (0.2992)  loss_fgl_aux_1: 1.2330 (1.2369)  loss_ddf_aux_1: 0.0005 (0.0004)  loss_mal_pre: 0.6262 (0.6367)  loss_bbox_pre: 0.0254 (0.0255)  loss_giou_pre: 0.3072 (0.3127)  loss_mal_enc_0: 0.7124 (0.7151)  loss_bbox_enc_0: 0.0274 (0.0287)  loss_giou_enc_0: 0.3371 (0.3515)  loss_mal_dn_0: 0.6298 (0.6411)  loss_bbox_dn_0: 0.0274 (0.0268)  loss_giou_dn_0: 0.3219 (0.3321)  loss_fgl_dn_0: 1.2507 (1.2515)  loss_ddf_dn_0: 0.0975 (0.0999)  loss_mal_dn_1: 0.5399 (0.5532)  loss_bbox_dn_1: 0.0205 (0.0204)  loss_giou_dn_1: 0.2529 (0.2608)  loss_fgl_dn_1: 1.1999 (1.2032)  loss_ddf_dn_1: 0.0033 (0.0038)  loss_mal_dn_2: 0.5398 (0.5521)  loss_bbox_dn_2: 0.0202 (0.0204)  loss_giou_dn_2: 0.2547 (0.2601)  loss_fgl_dn_2: 1.2018 (1.2031)  loss_ddf_dn_2: -0.0000 (0.0000)  loss_mal_dn_pre: 0.6316 (0.6442)  loss_bbox_dn_pre: 0.0272 (0.0267)  loss_giou_dn_pre: 0.3200 (0.3317)
Test:  [0/9]  eta: 0:00:03    time: 0.3509  data: 0.2563  max mem: 5224
Test:  [8/9]  eta: 0:00:00    time: 0.1471  data: 0.0399  max mem: 5224
Test: Total time: 0:00:01 (0.1540 s / it)
Metrics: {'f1': 0.9688581314878894, 'precision': 0.9655172413793104, 'recall': 0.9722222222222222, 'iou': 0.6609623444160359, 'TPs': 140, 'FPs': 5, 'FNs': 4}
Averaged stats: 
Accumulating evaluation results...
COCOeval_opt.accumulate() finished...
DONE (t=0.01s).
IoU metric: bbox
 Average Precision  (AP) @[ IoU=0.50:0.95 | area=   all | maxDets=100 ] = 0.357
 Average Precision  (AP) @[ IoU=0.50      | area=   all | maxDets=100 ] = 0.954
 Average Precision  (AP) @[ IoU=0.75      | area=   all | maxDets=100 ] = 0.128
 Average Precision  (AP) @[ IoU=0.50:0.95 | area= small | maxDets=100 ] = 0.358
 Average Precision  (AP) @[ IoU=0.50:0.95 | area=medium | maxDets=100 ] = -1.000
 Average Precision  (AP) @[ IoU=0.50:0.95 | area= large | maxDets=100 ] = -1.000
 Average Recall     (AR) @[ IoU=0.50:0.95 | area=   all | maxDets=  1 ] = 0.208
 Average Recall     (AR) @[ IoU=0.50:0.95 | area=   all | maxDets= 10 ] = 0.472
 Average Recall     (AR) @[ IoU=0.50:0.95 | area=   all | maxDets=100 ] = 0.572
 Average Recall     (AR) @[ IoU=0.50:0.95 | area= small | maxDets=100 ] = 0.572
 Average Recall     (AR) @[ IoU=0.50:0.95 | area=medium | maxDets=100 ] = -1.000
 Average Recall     (AR) @[ IoU=0.50:0.95 | area= large | maxDets=100 ] = -1.000
 Average Recall     (AR) @[ IoU=0.50      | area=   all | maxDets=100 ] = 0.993
 Average Recall     (AR) @[ IoU=0.75      | area=   all | maxDets=100 ] = 0.549
best_stat: {'epoch': 3, 'coco_eval_bbox': 0.37821048554885567}
Epoch: [17/30]  [ 0/44]  eta: 0:00:36  lr: 0.000100  loss: 16.2452 (16.2452)  loss_mal: 0.5784 (0.5784)  loss_bbox: 0.0287 (0.0287)  loss_giou: 0.3449 (0.3449)  loss_fgl: 1.2354 (1.2354)  loss_mal_aux_0: 0.6159 (0.6159)  loss_bbox_aux_0: 0.0308 (0.0308)  loss_giou_aux_0: 0.3684 (0.3684)  loss_fgl_aux_0: 1.2318 (1.2318)  loss_ddf_aux_0: 0.0169 (0.0169)  loss_mal_aux_1: 0.5804 (0.5804)  loss_bbox_aux_1: 0.0285 (0.0285)  loss_giou_aux_1: 0.3400 (0.3400)  loss_fgl_aux_1: 1.2328 (1.2328)  loss_ddf_aux_1: 0.0007 (0.0007)  loss_mal_pre: 0.6164 (0.6164)  loss_bbox_pre: 0.0305 (0.0305)  loss_giou_pre: 0.3640 (0.3640)  loss_mal_enc_0: 0.7343 (0.7343)  loss_bbox_enc_0: 0.0321 (0.0321)  loss_giou_enc_0: 0.3848 (0.3848)  loss_mal_dn_0: 0.6341 (0.6341)  loss_bbox_dn_0: 0.0302 (0.0302)  loss_giou_dn_0: 0.3542 (0.3542)  loss_fgl_dn_0: 1.2396 (1.2396)  loss_ddf_dn_0: 0.1140 (0.1140)  loss_mal_dn_1: 0.5531 (0.5531)  loss_bbox_dn_1: 0.0219 (0.0219)  loss_giou_dn_1: 0.2678 (0.2678)  loss_fgl_dn_1: 1.1822 (1.1822)  loss_ddf_dn_1: 0.0055 (0.0055)  loss_mal_dn_2: 0.5518 (0.5518)  loss_bbox_dn_2: 0.0219 (0.0219)  loss_giou_dn_2: 0.2700 (0.2700)  loss_fgl_dn_2: 1.1827 (1.1827)  loss_ddf_dn_2: -0.0000 (0.0000)  loss_mal_dn_pre: 0.6376 (0.6376)  loss_bbox_dn_pre: 0.0299 (0.0299)  loss_giou_dn_pre: 0.3526 (0.3526)  time: 0.8233  data: 0.2535  max mem: 5224
Epoch: [17/30]  [10/44]  eta: 0:00:19  lr: 0.000100  loss: 16.2452 (16.2559)  loss_mal: 0.5784 (0.5895)  loss_bbox: 0.0280 (0.0269)  loss_giou: 0.3097 (0.3100)  loss_fgl: 1.2354 (1.2391)  loss_mal_aux_0: 0.6374 (0.6509)  loss_bbox_aux_0: 0.0289 (0.0285)  loss_giou_aux_0: 0.3282 (0.3336)  loss_fgl_aux_0: 1.2451 (1.2513)  loss_ddf_aux_0: 0.0155 (0.0155)  loss_mal_aux_1: 0.5847 (0.5938)  loss_bbox_aux_1: 0.0277 (0.0268)  loss_giou_aux_1: 0.3092 (0.3090)  loss_fgl_aux_1: 1.2351 (1.2392)  loss_ddf_aux_1: 0.0005 (0.0006)  loss_mal_pre: 0.6357 (0.6480)  loss_bbox_pre: 0.0284 (0.0283)  loss_giou_pre: 0.3254 (0.3317)  loss_mal_enc_0: 0.7231 (0.7218)  loss_bbox_enc_0: 0.0321 (0.0333)  loss_giou_enc_0: 0.3848 (0.3778)  loss_mal_dn_0: 0.6406 (0.6498)  loss_bbox_dn_0: 0.0296 (0.0292)  loss_giou_dn_0: 0.3392 (0.3487)  loss_fgl_dn_0: 1.2494 (1.2577)  loss_ddf_dn_0: 0.0977 (0.0993)  loss_mal_dn_1: 0.5490 (0.5553)  loss_bbox_dn_1: 0.0219 (0.0218)  loss_giou_dn_1: 0.2582 (0.2650)  loss_fgl_dn_1: 1.1910 (1.2028)  loss_ddf_dn_1: 0.0032 (0.0035)  loss_mal_dn_2: 0.5469 (0.5527)  loss_bbox_dn_2: 0.0219 (0.0216)  loss_giou_dn_2: 0.2548 (0.2639)  loss_fgl_dn_2: 1.1872 (1.2018)  loss_ddf_dn_2: -0.0000 (0.0000)  loss_mal_dn_pre: 0.6442 (0.6517)  loss_bbox_dn_pre: 0.0292 (0.0290)  loss_giou_dn_pre: 0.3372 (0.3464)  time: 0.5857  data: 0.0370  max mem: 5224
Epoch: [17/30]  [20/44]  eta: 0:00:14  lr: 0.000100  loss: 15.6044 (15.8548)  loss_mal: 0.5706 (0.5728)  loss_bbox: 0.0212 (0.0237)  loss_giou: 0.2698 (0.2855)  loss_fgl: 1.2128 (1.2263)  loss_mal_aux_0: 0.6350 (0.6367)  loss_bbox_aux_0: 0.0231 (0.0252)  loss_giou_aux_0: 0.2898 (0.3045)  loss_fgl_aux_0: 1.2299 (1.2400)  loss_ddf_aux_0: 0.0145 (0.0150)  loss_mal_aux_1: 0.5735 (0.5760)  loss_bbox_aux_1: 0.0212 (0.0236)  loss_giou_aux_1: 0.2743 (0.2845)  loss_fgl_aux_1: 1.2138 (1.2261)  loss_ddf_aux_1: 0.0005 (0.0005)  loss_mal_pre: 0.6315 (0.6350)  loss_bbox_pre: 0.0229 (0.0251)  loss_giou_pre: 0.2836 (0.3032)  loss_mal_enc_0: 0.7117 (0.7064)  loss_bbox_enc_0: 0.0253 (0.0290)  loss_giou_enc_0: 0.3227 (0.3485)  loss_mal_dn_0: 0.6334 (0.6396)  loss_bbox_dn_0: 0.0254 (0.0271)  loss_giou_dn_0: 0.3211 (0.3340)  loss_fgl_dn_0: 1.2452 (1.2501)  loss_ddf_dn_0: 0.0938 (0.0951)  loss_mal_dn_1: 0.5413 (0.5429)  loss_bbox_dn_1: 0.0194 (0.0200)  loss_giou_dn_1: 0.2499 (0.2528)  loss_fgl_dn_1: 1.1838 (1.1937)  loss_ddf_dn_1: 0.0030 (0.0033)  loss_mal_dn_2: 0.5374 (0.5411)  loss_bbox_dn_2: 0.0193 (0.0200)  loss_giou_dn_2: 0.2492 (0.2521)  loss_fgl_dn_2: 1.1834 (1.1932)  loss_ddf_dn_2: -0.0000 (0.0000)  loss_mal_dn_pre: 0.6362 (0.6427)  loss_bbox_dn_pre: 0.0251 (0.0269)  loss_giou_dn_pre: 0.3195 (0.3323)  time: 0.5744  data: 0.0153  max mem: 5224
Epoch: [17/30]  [30/44]  eta: 0:00:08  lr: 0.000100  loss: 15.5676 (15.8861)  loss_mal: 0.5706 (0.5766)  loss_bbox: 0.0210 (0.0234)  loss_giou: 0.2756 (0.2867)  loss_fgl: 1.2128 (1.2257)  loss_mal_aux_0: 0.6283 (0.6381)  loss_bbox_aux_0: 0.0229 (0.0249)  loss_giou_aux_0: 0.2880 (0.3055)  loss_fgl_aux_0: 1.2293 (1.2390)  loss_ddf_aux_0: 0.0150 (0.0153)  loss_mal_aux_1: 0.5773 (0.5797)  loss_bbox_aux_1: 0.0208 (0.0233)  loss_giou_aux_1: 0.2783 (0.2863)  loss_fgl_aux_1: 1.2138 (1.2257)  loss_ddf_aux_1: 0.0005 (0.0005)  loss_mal_pre: 0.6322 (0.6361)  loss_bbox_pre: 0.0229 (0.0248)  loss_giou_pre: 0.2830 (0.3040)  loss_mal_enc_0: 0.6898 (0.7057)  loss_bbox_enc_0: 0.0252 (0.0285)  loss_giou_enc_0: 0.3226 (0.3474)  loss_mal_dn_0: 0.6334 (0.6423)  loss_bbox_dn_0: 0.0253 (0.0269)  loss_giou_dn_0: 0.3186 (0.3359)  loss_fgl_dn_0: 1.2423 (1.2514)  loss_ddf_dn_0: 0.0861 (0.0955)  loss_mal_dn_1: 0.5438 (0.5473)  loss_bbox_dn_1: 0.0194 (0.0200)  loss_giou_dn_1: 0.2459 (0.2547)  loss_fgl_dn_1: 1.1861 (1.1944)  loss_ddf_dn_1: 0.0029 (0.0032)  loss_mal_dn_2: 0.5375 (0.5450)  loss_bbox_dn_2: 0.0193 (0.0199)  loss_giou_dn_2: 0.2414 (0.2536)  loss_fgl_dn_2: 1.1850 (1.1939)  loss_ddf_dn_2: -0.0000 (0.0000)  loss_mal_dn_pre: 0.6362 (0.6450)  loss_bbox_dn_pre: 0.0251 (0.0267)  loss_giou_dn_pre: 0.3168 (0.3336)  time: 0.5841  data: 0.0153  max mem: 5224
Epoch: [17/30]  [40/44]  eta: 0:00:02  lr: 0.000100  loss: 15.6970 (15.8259)  loss_mal: 0.5750 (0.5729)  loss_bbox: 0.0211 (0.0229)  loss_giou: 0.2832 (0.2830)  loss_fgl: 1.2238 (1.2248)  loss_mal_aux_0: 0.6300 (0.6403)  loss_bbox_aux_0: 0.0228 (0.0242)  loss_giou_aux_0: 0.2947 (0.2998)  loss_fgl_aux_0: 1.2340 (1.2371)  loss_ddf_aux_0: 0.0161 (0.0156)  loss_mal_aux_1: 0.5829 (0.5773)  loss_bbox_aux_1: 0.0212 (0.0229)  loss_giou_aux_1: 0.2866 (0.2827)  loss_fgl_aux_1: 1.2240 (1.2248)  loss_ddf_aux_1: 0.0005 (0.0005)  loss_mal_pre: 0.6334 (0.6379)  loss_bbox_pre: 0.0227 (0.0241)  loss_giou_pre: 0.2925 (0.2983)  loss_mal_enc_0: 0.7083 (0.7072)  loss_bbox_enc_0: 0.0268 (0.0279)  loss_giou_enc_0: 0.3331 (0.3429)  loss_mal_dn_0: 0.6352 (0.6388)  loss_bbox_dn_0: 0.0257 (0.0263)  loss_giou_dn_0: 0.3238 (0.3305)  loss_fgl_dn_0: 1.2423 (1.2493)  loss_ddf_dn_0: 0.0972 (0.0954)  loss_mal_dn_1: 0.5340 (0.5448)  loss_bbox_dn_1: 0.0191 (0.0197)  loss_giou_dn_1: 0.2418 (0.2523)  loss_fgl_dn_1: 1.1937 (1.1942)  loss_ddf_dn_1: 0.0029 (0.0032)  loss_mal_dn_2: 0.5319 (0.5425)  loss_bbox_dn_2: 0.0191 (0.0196)  loss_giou_dn_2: 0.2393 (0.2513)  loss_fgl_dn_2: 1.1948 (1.1937)  loss_ddf_dn_2: -0.0000 (0.0000)  loss_mal_dn_pre: 0.6392 (0.6420)  loss_bbox_dn_pre: 0.0254 (0.0261)  loss_giou_dn_pre: 0.3235 (0.3288)  time: 0.5638  data: 0.0154  max mem: 5224
Epoch: [17/30]  [43/44]  eta: 0:00:00  lr: 0.000100  loss: 15.8612 (15.8245)  loss_mal: 0.5774 (0.5726)  loss_bbox: 0.0216 (0.0232)  loss_giou: 0.2806 (0.2841)  loss_fgl: 1.2230 (1.2245)  loss_mal_aux_0: 0.6280 (0.6376)  loss_bbox_aux_0: 0.0228 (0.0244)  loss_giou_aux_0: 0.2884 (0.3002)  loss_fgl_aux_0: 1.2340 (1.2366)  loss_ddf_aux_0: 0.0161 (0.0155)  loss_mal_aux_1: 0.5836 (0.5769)  loss_bbox_aux_1: 0.0215 (0.0232)  loss_giou_aux_1: 0.2817 (0.2839)  loss_fgl_aux_1: 1.2232 (1.2244)  loss_ddf_aux_1: 0.0005 (0.0005)  loss_mal_pre: 0.6253 (0.6354)  loss_bbox_pre: 0.0227 (0.0243)  loss_giou_pre: 0.2862 (0.2989)  loss_mal_enc_0: 0.7137 (0.7107)  loss_bbox_enc_0: 0.0270 (0.0282)  loss_giou_enc_0: 0.3296 (0.3445)  loss_mal_dn_0: 0.6375 (0.6388)  loss_bbox_dn_0: 0.0258 (0.0265)  loss_giou_dn_0: 0.3238 (0.3303)  loss_fgl_dn_0: 1.2413 (1.2487)  loss_ddf_dn_0: 0.0972 (0.0956)  loss_mal_dn_1: 0.5340 (0.5442)  loss_bbox_dn_1: 0.0191 (0.0198)  loss_giou_dn_1: 0.2417 (0.2519)  loss_fgl_dn_1: 1.1861 (1.1932)  loss_ddf_dn_1: 0.0029 (0.0032)  loss_mal_dn_2: 0.5319 (0.5421)  loss_bbox_dn_2: 0.0191 (0.0197)  loss_giou_dn_2: 0.2393 (0.2509)  loss_fgl_dn_2: 1.1850 (1.1927)  loss_ddf_dn_2: -0.0000 (0.0000)  loss_mal_dn_pre: 0.6432 (0.6421)  loss_bbox_dn_pre: 0.0256 (0.0263)  loss_giou_dn_pre: 0.3235 (0.3287)  time: 0.5598  data: 0.0152  max mem: 5224
Epoch: [17/30] Total time: 0:00:25 (0.5751 s / it)
Averaged stats: lr: 0.000100  loss: 15.8612 (15.8245)  loss_mal: 0.5774 (0.5726)  loss_bbox: 0.0216 (0.0232)  loss_giou: 0.2806 (0.2841)  loss_fgl: 1.2230 (1.2245)  loss_mal_aux_0: 0.6280 (0.6376)  loss_bbox_aux_0: 0.0228 (0.0244)  loss_giou_aux_0: 0.2884 (0.3002)  loss_fgl_aux_0: 1.2340 (1.2366)  loss_ddf_aux_0: 0.0161 (0.0155)  loss_mal_aux_1: 0.5836 (0.5769)  loss_bbox_aux_1: 0.0215 (0.0232)  loss_giou_aux_1: 0.2817 (0.2839)  loss_fgl_aux_1: 1.2232 (1.2244)  loss_ddf_aux_1: 0.0005 (0.0005)  loss_mal_pre: 0.6253 (0.6354)  loss_bbox_pre: 0.0227 (0.0243)  loss_giou_pre: 0.2862 (0.2989)  loss_mal_enc_0: 0.7137 (0.7107)  loss_bbox_enc_0: 0.0270 (0.0282)  loss_giou_enc_0: 0.3296 (0.3445)  loss_mal_dn_0: 0.6375 (0.6388)  loss_bbox_dn_0: 0.0258 (0.0265)  loss_giou_dn_0: 0.3238 (0.3303)  loss_fgl_dn_0: 1.2413 (1.2487)  loss_ddf_dn_0: 0.0972 (0.0956)  loss_mal_dn_1: 0.5340 (0.5442)  loss_bbox_dn_1: 0.0191 (0.0198)  loss_giou_dn_1: 0.2417 (0.2519)  loss_fgl_dn_1: 1.1861 (1.1932)  loss_ddf_dn_1: 0.0029 (0.0032)  loss_mal_dn_2: 0.5319 (0.5421)  loss_bbox_dn_2: 0.0191 (0.0197)  loss_giou_dn_2: 0.2393 (0.2509)  loss_fgl_dn_2: 1.1850 (1.1927)  loss_ddf_dn_2: -0.0000 (0.0000)  loss_mal_dn_pre: 0.6432 (0.6421)  loss_bbox_dn_pre: 0.0256 (0.0263)  loss_giou_dn_pre: 0.3235 (0.3287)
Test:  [0/9]  eta: 0:00:03    time: 0.3459  data: 0.2398  max mem: 5224
Test:  [8/9]  eta: 0:00:00    time: 0.1379  data: 0.0400  max mem: 5224
Test: Total time: 0:00:01 (0.1426 s / it)
Metrics: {'f1': 0.975609756097561, 'precision': 0.9790209790209791, 'recall': 0.9722222222222222, 'iou': 0.6699136588849178, 'TPs': 140, 'FPs': 3, 'FNs': 4}
Averaged stats: 
Accumulating evaluation results...
COCOeval_opt.accumulate() finished...
DONE (t=0.01s).
IoU metric: bbox
 Average Precision  (AP) @[ IoU=0.50:0.95 | area=   all | maxDets=100 ] = 0.355
 Average Precision  (AP) @[ IoU=0.50      | area=   all | maxDets=100 ] = 0.956
 Average Precision  (AP) @[ IoU=0.75      | area=   all | maxDets=100 ] = 0.124
 Average Precision  (AP) @[ IoU=0.50:0.95 | area= small | maxDets=100 ] = 0.355
 Average Precision  (AP) @[ IoU=0.50:0.95 | area=medium | maxDets=100 ] = -1.000
 Average Precision  (AP) @[ IoU=0.50:0.95 | area= large | maxDets=100 ] = -1.000
 Average Recall     (AR) @[ IoU=0.50:0.95 | area=   all | maxDets=  1 ] = 0.206
 Average Recall     (AR) @[ IoU=0.50:0.95 | area=   all | maxDets= 10 ] = 0.472
 Average Recall     (AR) @[ IoU=0.50:0.95 | area=   all | maxDets=100 ] = 0.572
 Average Recall     (AR) @[ IoU=0.50:0.95 | area= small | maxDets=100 ] = 0.572
 Average Recall     (AR) @[ IoU=0.50:0.95 | area=medium | maxDets=100 ] = -1.000
 Average Recall     (AR) @[ IoU=0.50:0.95 | area= large | maxDets=100 ] = -1.000
 Average Recall     (AR) @[ IoU=0.50      | area=   all | maxDets=100 ] = 0.993
 Average Recall     (AR) @[ IoU=0.75      | area=   all | maxDets=100 ] = 0.556
best_stat: {'epoch': 3, 'coco_eval_bbox': 0.37821048554885567}
Epoch: [18/30]  [ 0/44]  eta: 0:00:37  lr: 0.000100  loss: 15.5057 (15.5057)  loss_mal: 0.5423 (0.5423)  loss_bbox: 0.0189 (0.0189)  loss_giou: 0.2506 (0.2506)  loss_fgl: 1.2061 (1.2061)  loss_mal_aux_0: 0.6849 (0.6849)  loss_bbox_aux_0: 0.0204 (0.0204)  loss_giou_aux_0: 0.2807 (0.2807)  loss_fgl_aux_0: 1.2170 (1.2170)  loss_ddf_aux_0: 0.0135 (0.0135)  loss_mal_aux_1: 0.5542 (0.5542)  loss_bbox_aux_1: 0.0191 (0.0191)  loss_giou_aux_1: 0.2530 (0.2530)  loss_fgl_aux_1: 1.2062 (1.2062)  loss_ddf_aux_1: 0.0004 (0.0004)  loss_mal_pre: 0.6836 (0.6836)  loss_bbox_pre: 0.0206 (0.0206)  loss_giou_pre: 0.2820 (0.2820)  loss_mal_enc_0: 0.6959 (0.6959)  loss_bbox_enc_0: 0.0244 (0.0244)  loss_giou_enc_0: 0.3407 (0.3407)  loss_mal_dn_0: 0.6356 (0.6356)  loss_bbox_dn_0: 0.0248 (0.0248)  loss_giou_dn_0: 0.3235 (0.3235)  loss_fgl_dn_0: 1.2348 (1.2348)  loss_ddf_dn_0: 0.0952 (0.0952)  loss_mal_dn_1: 0.5267 (0.5267)  loss_bbox_dn_1: 0.0175 (0.0175)  loss_giou_dn_1: 0.2333 (0.2333)  loss_fgl_dn_1: 1.1733 (1.1733)  loss_ddf_dn_1: 0.0028 (0.0028)  loss_mal_dn_2: 0.5189 (0.5189)  loss_bbox_dn_2: 0.0173 (0.0173)  loss_giou_dn_2: 0.2310 (0.2310)  loss_fgl_dn_2: 1.1723 (1.1723)  loss_ddf_dn_2: -0.0000 (0.0000)  loss_mal_dn_pre: 0.6386 (0.6386)  loss_bbox_dn_pre: 0.0246 (0.0246)  loss_giou_dn_pre: 0.3207 (0.3207)  time: 0.8416  data: 0.2764  max mem: 5224
Epoch: [18/30]  [10/44]  eta: 0:00:20  lr: 0.000100  loss: 15.3619 (15.3789)  loss_mal: 0.5426 (0.5470)  loss_bbox: 0.0205 (0.0214)  loss_giou: 0.2515 (0.2601)  loss_fgl: 1.2139 (1.2163)  loss_mal_aux_0: 0.6146 (0.6217)  loss_bbox_aux_0: 0.0228 (0.0228)  loss_giou_aux_0: 0.2807 (0.2792)  loss_fgl_aux_0: 1.2263 (1.2296)  loss_ddf_aux_0: 0.0140 (0.0143)  loss_mal_aux_1: 0.5542 (0.5545)  loss_bbox_aux_1: 0.0202 (0.0215)  loss_giou_aux_1: 0.2530 (0.2602)  loss_fgl_aux_1: 1.2153 (1.2163)  loss_ddf_aux_1: 0.0004 (0.0004)  loss_mal_pre: 0.6150 (0.6219)  loss_bbox_pre: 0.0230 (0.0228)  loss_giou_pre: 0.2805 (0.2791)  loss_mal_enc_0: 0.6959 (0.6930)  loss_bbox_enc_0: 0.0269 (0.0270)  loss_giou_enc_0: 0.3175 (0.3248)  loss_mal_dn_0: 0.6210 (0.6200)  loss_bbox_dn_0: 0.0248 (0.0248)  loss_giou_dn_0: 0.3095 (0.3028)  loss_fgl_dn_0: 1.2461 (1.2401)  loss_ddf_dn_0: 0.0832 (0.0836)  loss_mal_dn_1: 0.5267 (0.5234)  loss_bbox_dn_1: 0.0186 (0.0189)  loss_giou_dn_1: 0.2333 (0.2320)  loss_fgl_dn_1: 1.1913 (1.1888)  loss_ddf_dn_1: 0.0028 (0.0025)  loss_mal_dn_2: 0.5189 (0.5209)  loss_bbox_dn_2: 0.0186 (0.0188)  loss_giou_dn_2: 0.2310 (0.2312)  loss_fgl_dn_2: 1.1914 (1.1884)  loss_ddf_dn_2: -0.0000 (0.0000)  loss_mal_dn_pre: 0.6234 (0.6234)  loss_bbox_dn_pre: 0.0246 (0.0246)  loss_giou_dn_pre: 0.3069 (0.3008)  time: 0.5893  data: 0.0394  max mem: 5224
Epoch: [18/30]  [20/44]  eta: 0:00:14  lr: 0.000100  loss: 15.2106 (15.3194)  loss_mal: 0.5385 (0.5402)  loss_bbox: 0.0205 (0.0211)  loss_giou: 0.2515 (0.2567)  loss_fgl: 1.2106 (1.2126)  loss_mal_aux_0: 0.6105 (0.6199)  loss_bbox_aux_0: 0.0227 (0.0226)  loss_giou_aux_0: 0.2794 (0.2768)  loss_fgl_aux_0: 1.2263 (1.2271)  loss_ddf_aux_0: 0.0139 (0.0141)  loss_mal_aux_1: 0.5474 (0.5477)  loss_bbox_aux_1: 0.0202 (0.0212)  loss_giou_aux_1: 0.2512 (0.2570)  loss_fgl_aux_1: 1.2118 (1.2127)  loss_ddf_aux_1: 0.0004 (0.0004)  loss_mal_pre: 0.6120 (0.6187)  loss_bbox_pre: 0.0227 (0.0226)  loss_giou_pre: 0.2768 (0.2770)  loss_mal_enc_0: 0.6937 (0.6883)  loss_bbox_enc_0: 0.0267 (0.0264)  loss_giou_enc_0: 0.3175 (0.3223)  loss_mal_dn_0: 0.6198 (0.6188)  loss_bbox_dn_0: 0.0246 (0.0244)  loss_giou_dn_0: 0.3026 (0.3021)  loss_fgl_dn_0: 1.2412 (1.2376)  loss_ddf_dn_0: 0.0881 (0.0882)  loss_mal_dn_1: 0.5168 (0.5222)  loss_bbox_dn_1: 0.0186 (0.0186)  loss_giou_dn_1: 0.2302 (0.2313)  loss_fgl_dn_1: 1.1908 (1.1865)  loss_ddf_dn_1: 0.0025 (0.0026)  loss_mal_dn_2: 0.5115 (0.5198)  loss_bbox_dn_2: 0.0186 (0.0185)  loss_giou_dn_2: 0.2281 (0.2302)  loss_fgl_dn_2: 1.1910 (1.1859)  loss_ddf_dn_2: -0.0000 (0.0000)  loss_mal_dn_pre: 0.6222 (0.6224)  loss_bbox_dn_pre: 0.0246 (0.0243)  loss_giou_dn_pre: 0.2981 (0.3006)  time: 0.5745  data: 0.0156  max mem: 5224
Epoch: [18/30]  [30/44]  eta: 0:00:08  lr: 0.000100  loss: 15.4215 (15.4750)  loss_mal: 0.5499 (0.5481)  loss_bbox: 0.0218 (0.0216)  loss_giou: 0.2703 (0.2649)  loss_fgl: 1.2111 (1.2152)  loss_mal_aux_0: 0.6282 (0.6284)  loss_bbox_aux_0: 0.0237 (0.0231)  loss_giou_aux_0: 0.2885 (0.2844)  loss_fgl_aux_0: 1.2299 (1.2294)  loss_ddf_aux_0: 0.0137 (0.0142)  loss_mal_aux_1: 0.5624 (0.5583)  loss_bbox_aux_1: 0.0218 (0.0216)  loss_giou_aux_1: 0.2723 (0.2652)  loss_fgl_aux_1: 1.2109 (1.2153)  loss_ddf_aux_1: 0.0004 (0.0004)  loss_mal_pre: 0.6278 (0.6261)  loss_bbox_pre: 0.0236 (0.0231)  loss_giou_pre: 0.2913 (0.2840)  loss_mal_enc_0: 0.6984 (0.6941)  loss_bbox_enc_0: 0.0269 (0.0269)  loss_giou_enc_0: 0.3350 (0.3306)  loss_mal_dn_0: 0.6230 (0.6252)  loss_bbox_dn_0: 0.0255 (0.0251)  loss_giou_dn_0: 0.3076 (0.3113)  loss_fgl_dn_0: 1.2412 (1.2397)  loss_ddf_dn_0: 0.1023 (0.0935)  loss_mal_dn_1: 0.5321 (0.5293)  loss_bbox_dn_1: 0.0188 (0.0189)  loss_giou_dn_1: 0.2398 (0.2379)  loss_fgl_dn_1: 1.1908 (1.1857)  loss_ddf_dn_1: 0.0028 (0.0028)  loss_mal_dn_2: 0.5306 (0.5269)  loss_bbox_dn_2: 0.0189 (0.0188)  loss_giou_dn_2: 0.2376 (0.2368)  loss_fgl_dn_2: 1.1910 (1.1851)  loss_ddf_dn_2: -0.0000 (0.0000)  loss_mal_dn_pre: 0.6253 (0.6284)  loss_bbox_dn_pre: 0.0255 (0.0250)  loss_giou_dn_pre: 0.3060 (0.3095)  time: 0.5734  data: 0.0154  max mem: 5224
Epoch: [18/30]  [40/44]  eta: 0:00:02  lr: 0.000100  loss: 15.9031 (15.5668)  loss_mal: 0.5656 (0.5532)  loss_bbox: 0.0222 (0.0219)  loss_giou: 0.2880 (0.2712)  loss_fgl: 1.2139 (1.2184)  loss_mal_aux_0: 0.6474 (0.6294)  loss_bbox_aux_0: 0.0240 (0.0233)  loss_giou_aux_0: 0.3052 (0.2896)  loss_fgl_aux_0: 1.2318 (1.2320)  loss_ddf_aux_0: 0.0137 (0.0141)  loss_mal_aux_1: 0.5761 (0.5625)  loss_bbox_aux_1: 0.0221 (0.0219)  loss_giou_aux_1: 0.2904 (0.2714)  loss_fgl_aux_1: 1.2141 (1.2185)  loss_ddf_aux_1: 0.0004 (0.0004)  loss_mal_pre: 0.6390 (0.6279)  loss_bbox_pre: 0.0241 (0.0233)  loss_giou_pre: 0.3064 (0.2894)  loss_mal_enc_0: 0.7075 (0.6963)  loss_bbox_enc_0: 0.0269 (0.0270)  loss_giou_enc_0: 0.3462 (0.3342)  loss_mal_dn_0: 0.6280 (0.6267)  loss_bbox_dn_0: 0.0260 (0.0251)  loss_giou_dn_0: 0.3195 (0.3146)  loss_fgl_dn_0: 1.2487 (1.2423)  loss_ddf_dn_0: 0.1004 (0.0941)  loss_mal_dn_1: 0.5451 (0.5338)  loss_bbox_dn_1: 0.0190 (0.0190)  loss_giou_dn_1: 0.2543 (0.2423)  loss_fgl_dn_1: 1.1978 (1.1905)  loss_ddf_dn_1: 0.0030 (0.0029)  loss_mal_dn_2: 0.5426 (0.5315)  loss_bbox_dn_2: 0.0190 (0.0189)  loss_giou_dn_2: 0.2538 (0.2413)  loss_fgl_dn_2: 1.1979 (1.1901)  loss_ddf_dn_2: -0.0000 (0.0000)  loss_mal_dn_pre: 0.6290 (0.6300)  loss_bbox_dn_pre: 0.0257 (0.0249)  loss_giou_dn_pre: 0.3141 (0.3128)  time: 0.5604  data: 0.0159  max mem: 5224
Epoch: [18/30]  [43/44]  eta: 0:00:00  lr: 0.000100  loss: 15.7223 (15.5613)  loss_mal: 0.5645 (0.5531)  loss_bbox: 0.0220 (0.0219)  loss_giou: 0.2880 (0.2707)  loss_fgl: 1.2134 (1.2184)  loss_mal_aux_0: 0.6398 (0.6295)  loss_bbox_aux_0: 0.0240 (0.0233)  loss_giou_aux_0: 0.3011 (0.2890)  loss_fgl_aux_0: 1.2314 (1.2319)  loss_ddf_aux_0: 0.0137 (0.0141)  loss_mal_aux_1: 0.5709 (0.5624)  loss_bbox_aux_1: 0.0219 (0.0219)  loss_giou_aux_1: 0.2863 (0.2708)  loss_fgl_aux_1: 1.2128 (1.2185)  loss_ddf_aux_1: 0.0004 (0.0004)  loss_mal_pre: 0.6331 (0.6280)  loss_bbox_pre: 0.0240 (0.0233)  loss_giou_pre: 0.3020 (0.2887)  loss_mal_enc_0: 0.7057 (0.6968)  loss_bbox_enc_0: 0.0267 (0.0269)  loss_giou_enc_0: 0.3418 (0.3332)  loss_mal_dn_0: 0.6280 (0.6267)  loss_bbox_dn_0: 0.0256 (0.0250)  loss_giou_dn_0: 0.3148 (0.3138)  loss_fgl_dn_0: 1.2374 (1.2418)  loss_ddf_dn_0: 0.0937 (0.0936)  loss_mal_dn_1: 0.5426 (0.5337)  loss_bbox_dn_1: 0.0189 (0.0190)  loss_giou_dn_1: 0.2522 (0.2421)  loss_fgl_dn_1: 1.1945 (1.1907)  loss_ddf_dn_1: 0.0030 (0.0029)  loss_mal_dn_2: 0.5411 (0.5315)  loss_bbox_dn_2: 0.0189 (0.0189)  loss_giou_dn_2: 0.2505 (0.2411)  loss_fgl_dn_2: 1.1958 (1.1904)  loss_ddf_dn_2: -0.0000 (0.0000)  loss_mal_dn_pre: 0.6290 (0.6302)  loss_bbox_dn_pre: 0.0256 (0.0249)  loss_giou_dn_pre: 0.3132 (0.3120)  time: 0.5546  data: 0.0157  max mem: 5224
Epoch: [18/30] Total time: 0:00:25 (0.5734 s / it)
Averaged stats: lr: 0.000100  loss: 15.7223 (15.5613)  loss_mal: 0.5645 (0.5531)  loss_bbox: 0.0220 (0.0219)  loss_giou: 0.2880 (0.2707)  loss_fgl: 1.2134 (1.2184)  loss_mal_aux_0: 0.6398 (0.6295)  loss_bbox_aux_0: 0.0240 (0.0233)  loss_giou_aux_0: 0.3011 (0.2890)  loss_fgl_aux_0: 1.2314 (1.2319)  loss_ddf_aux_0: 0.0137 (0.0141)  loss_mal_aux_1: 0.5709 (0.5624)  loss_bbox_aux_1: 0.0219 (0.0219)  loss_giou_aux_1: 0.2863 (0.2708)  loss_fgl_aux_1: 1.2128 (1.2185)  loss_ddf_aux_1: 0.0004 (0.0004)  loss_mal_pre: 0.6331 (0.6280)  loss_bbox_pre: 0.0240 (0.0233)  loss_giou_pre: 0.3020 (0.2887)  loss_mal_enc_0: 0.7057 (0.6968)  loss_bbox_enc_0: 0.0267 (0.0269)  loss_giou_enc_0: 0.3418 (0.3332)  loss_mal_dn_0: 0.6280 (0.6267)  loss_bbox_dn_0: 0.0256 (0.0250)  loss_giou_dn_0: 0.3148 (0.3138)  loss_fgl_dn_0: 1.2374 (1.2418)  loss_ddf_dn_0: 0.0937 (0.0936)  loss_mal_dn_1: 0.5426 (0.5337)  loss_bbox_dn_1: 0.0189 (0.0190)  loss_giou_dn_1: 0.2522 (0.2421)  loss_fgl_dn_1: 1.1945 (1.1907)  loss_ddf_dn_1: 0.0030 (0.0029)  loss_mal_dn_2: 0.5411 (0.5315)  loss_bbox_dn_2: 0.0189 (0.0189)  loss_giou_dn_2: 0.2505 (0.2411)  loss_fgl_dn_2: 1.1958 (1.1904)  loss_ddf_dn_2: -0.0000 (0.0000)  loss_mal_dn_pre: 0.6290 (0.6302)  loss_bbox_dn_pre: 0.0256 (0.0249)  loss_giou_dn_pre: 0.3132 (0.3120)
Test:  [0/9]  eta: 0:00:02    time: 0.3295  data: 0.2297  max mem: 5224
Test:  [8/9]  eta: 0:00:00    time: 0.1552  data: 0.0402  max mem: 5224
Test: Total time: 0:00:01 (0.1598 s / it)
Metrics: {'f1': 0.975609756097561, 'precision': 0.9790209790209791, 'recall': 0.9722222222222222, 'iou': 0.6698858839314, 'TPs': 140, 'FPs': 3, 'FNs': 4}
Averaged stats: 
Accumulating evaluation results...
COCOeval_opt.accumulate() finished...
DONE (t=0.01s).
IoU metric: bbox
 Average Precision  (AP) @[ IoU=0.50:0.95 | area=   all | maxDets=100 ] = 0.357
 Average Precision  (AP) @[ IoU=0.50      | area=   all | maxDets=100 ] = 0.958
 Average Precision  (AP) @[ IoU=0.75      | area=   all | maxDets=100 ] = 0.125
 Average Precision  (AP) @[ IoU=0.50:0.95 | area= small | maxDets=100 ] = 0.357
 Average Precision  (AP) @[ IoU=0.50:0.95 | area=medium | maxDets=100 ] = -1.000
 Average Precision  (AP) @[ IoU=0.50:0.95 | area= large | maxDets=100 ] = -1.000
 Average Recall     (AR) @[ IoU=0.50:0.95 | area=   all | maxDets=  1 ] = 0.209
 Average Recall     (AR) @[ IoU=0.50:0.95 | area=   all | maxDets= 10 ] = 0.472
 Average Recall     (AR) @[ IoU=0.50:0.95 | area=   all | maxDets=100 ] = 0.573
 Average Recall     (AR) @[ IoU=0.50:0.95 | area= small | maxDets=100 ] = 0.573
 Average Recall     (AR) @[ IoU=0.50:0.95 | area=medium | maxDets=100 ] = -1.000
 Average Recall     (AR) @[ IoU=0.50:0.95 | area= large | maxDets=100 ] = -1.000
 Average Recall     (AR) @[ IoU=0.50      | area=   all | maxDets=100 ] = 0.993
 Average Recall     (AR) @[ IoU=0.75      | area=   all | maxDets=100 ] = 0.556
best_stat: {'epoch': 3, 'coco_eval_bbox': 0.37821048554885567}
Epoch: [19/30]  [ 0/44]  eta: 0:00:39  lr: 0.000100  loss: 14.0996 (14.0996)  loss_mal: 0.4756 (0.4756)  loss_bbox: 0.0162 (0.0162)  loss_giou: 0.1805 (0.1805)  loss_fgl: 1.1813 (1.1813)  loss_mal_aux_0: 0.5596 (0.5596)  loss_bbox_aux_0: 0.0195 (0.0195)  loss_giou_aux_0: 0.2077 (0.2077)  loss_fgl_aux_0: 1.1994 (1.1994)  loss_ddf_aux_0: 0.0120 (0.0120)  loss_mal_aux_1: 0.4715 (0.4715)  loss_bbox_aux_1: 0.0161 (0.0161)  loss_giou_aux_1: 0.1788 (0.1788)  loss_fgl_aux_1: 1.1811 (1.1811)  loss_ddf_aux_1: 0.0004 (0.0004)  loss_mal_pre: 0.5560 (0.5560)  loss_bbox_pre: 0.0193 (0.0193)  loss_giou_pre: 0.2049 (0.2049)  loss_mal_enc_0: 0.6533 (0.6533)  loss_bbox_enc_0: 0.0218 (0.0218)  loss_giou_enc_0: 0.2300 (0.2300)  loss_mal_dn_0: 0.5874 (0.5874)  loss_bbox_dn_0: 0.0225 (0.0225)  loss_giou_dn_0: 0.2651 (0.2651)  loss_fgl_dn_0: 1.2204 (1.2204)  loss_ddf_dn_0: 0.0784 (0.0784)  loss_mal_dn_1: 0.4752 (0.4752)  loss_bbox_dn_1: 0.0158 (0.0158)  loss_giou_dn_1: 0.1868 (0.1868)  loss_fgl_dn_1: 1.1577 (1.1577)  loss_ddf_dn_1: 0.0019 (0.0019)  loss_mal_dn_2: 0.4745 (0.4745)  loss_bbox_dn_2: 0.0157 (0.0157)  loss_giou_dn_2: 0.1859 (0.1859)  loss_fgl_dn_2: 1.1562 (1.1562)  loss_ddf_dn_2: -0.0000 (0.0000)  loss_mal_dn_pre: 0.5886 (0.5886)  loss_bbox_dn_pre: 0.0223 (0.0223)  loss_giou_dn_pre: 0.2604 (0.2604)  time: 0.9067  data: 0.2831  max mem: 5224
Epoch: [19/30]  [10/44]  eta: 0:00:20  lr: 0.000100  loss: 14.9307 (15.1400)  loss_mal: 0.5433 (0.5401)  loss_bbox: 0.0182 (0.0191)  loss_giou: 0.2336 (0.2443)  loss_fgl: 1.2030 (1.2064)  loss_mal_aux_0: 0.6025 (0.6073)  loss_bbox_aux_0: 0.0201 (0.0205)  loss_giou_aux_0: 0.2513 (0.2614)  loss_fgl_aux_0: 1.2196 (1.2181)  loss_ddf_aux_0: 0.0128 (0.0133)  loss_mal_aux_1: 0.5384 (0.5458)  loss_bbox_aux_1: 0.0182 (0.0191)  loss_giou_aux_1: 0.2345 (0.2438)  loss_fgl_aux_1: 1.2014 (1.2067)  loss_ddf_aux_1: 0.0004 (0.0004)  loss_mal_pre: 0.6018 (0.6062)  loss_bbox_pre: 0.0201 (0.0205)  loss_giou_pre: 0.2525 (0.2607)  loss_mal_enc_0: 0.7008 (0.6910)  loss_bbox_enc_0: 0.0243 (0.0241)  loss_giou_enc_0: 0.2853 (0.3008)  loss_mal_dn_0: 0.6077 (0.6166)  loss_bbox_dn_0: 0.0224 (0.0227)  loss_giou_dn_0: 0.2830 (0.2948)  loss_fgl_dn_0: 1.2310 (1.2341)  loss_ddf_dn_0: 0.0831 (0.0843)  loss_mal_dn_1: 0.5114 (0.5216)  loss_bbox_dn_1: 0.0168 (0.0173)  loss_giou_dn_1: 0.2151 (0.2286)  loss_fgl_dn_1: 1.1753 (1.1827)  loss_ddf_dn_1: 0.0024 (0.0026)  loss_mal_dn_2: 0.5106 (0.5204)  loss_bbox_dn_2: 0.0168 (0.0173)  loss_giou_dn_2: 0.2143 (0.2284)  loss_fgl_dn_2: 1.1773 (1.1830)  loss_ddf_dn_2: -0.0000 (0.0000)  loss_mal_dn_pre: 0.6141 (0.6206)  loss_bbox_dn_pre: 0.0222 (0.0226)  loss_giou_dn_pre: 0.2842 (0.2927)  time: 0.5944  data: 0.0404  max mem: 5224
Epoch: [19/30]  [20/44]  eta: 0:00:13  lr: 0.000100  loss: 15.2561 (15.2907)  loss_mal: 0.5441 (0.5437)  loss_bbox: 0.0188 (0.0208)  loss_giou: 0.2529 (0.2611)  loss_fgl: 1.2121 (1.2069)  loss_mal_aux_0: 0.6052 (0.6105)  loss_bbox_aux_0: 0.0208 (0.0225)  loss_giou_aux_0: 0.2799 (0.2803)  loss_fgl_aux_0: 1.2196 (1.2215)  loss_ddf_aux_0: 0.0136 (0.0142)  loss_mal_aux_1: 0.5431 (0.5480)  loss_bbox_aux_1: 0.0187 (0.0208)  loss_giou_aux_1: 0.2482 (0.2610)  loss_fgl_aux_1: 1.2094 (1.2070)  loss_ddf_aux_1: 0.0004 (0.0004)  loss_mal_pre: 0.6018 (0.6096)  loss_bbox_pre: 0.0207 (0.0221)  loss_giou_pre: 0.2789 (0.2762)  loss_mal_enc_0: 0.7020 (0.6967)  loss_bbox_enc_0: 0.0253 (0.0262)  loss_giou_enc_0: 0.3194 (0.3191)  loss_mal_dn_0: 0.6139 (0.6164)  loss_bbox_dn_0: 0.0228 (0.0234)  loss_giou_dn_0: 0.3066 (0.2996)  loss_fgl_dn_0: 1.2377 (1.2383)  loss_ddf_dn_0: 0.0862 (0.0874)  loss_mal_dn_1: 0.5116 (0.5212)  loss_bbox_dn_1: 0.0169 (0.0177)  loss_giou_dn_1: 0.2248 (0.2316)  loss_fgl_dn_1: 1.1897 (1.1866)  loss_ddf_dn_1: 0.0026 (0.0027)  loss_mal_dn_2: 0.5111 (0.5204)  loss_bbox_dn_2: 0.0168 (0.0177)  loss_giou_dn_2: 0.2208 (0.2311)  loss_fgl_dn_2: 1.1876 (1.1866)  loss_ddf_dn_2: -0.0000 (0.0000)  loss_mal_dn_pre: 0.6188 (0.6205)  loss_bbox_dn_pre: 0.0227 (0.0233)  loss_giou_dn_pre: 0.3014 (0.2978)  time: 0.5651  data: 0.0161  max mem: 5224
Epoch: [19/30]  [30/44]  eta: 0:00:08  lr: 0.000100  loss: 15.2941 (15.2253)  loss_mal: 0.5323 (0.5413)  loss_bbox: 0.0209 (0.0205)  loss_giou: 0.2550 (0.2560)  loss_fgl: 1.2070 (1.2037)  loss_mal_aux_0: 0.5951 (0.6066)  loss_bbox_aux_0: 0.0220 (0.0221)  loss_giou_aux_0: 0.2799 (0.2739)  loss_fgl_aux_0: 1.2172 (1.2177)  loss_ddf_aux_0: 0.0150 (0.0148)  loss_mal_aux_1: 0.5406 (0.5467)  loss_bbox_aux_1: 0.0207 (0.0205)  loss_giou_aux_1: 0.2543 (0.2558)  loss_fgl_aux_1: 1.2086 (1.2041)  loss_ddf_aux_1: 0.0004 (0.0004)  loss_mal_pre: 0.5942 (0.6058)  loss_bbox_pre: 0.0218 (0.0218)  loss_giou_pre: 0.2786 (0.2708)  loss_mal_enc_0: 0.7020 (0.6946)  loss_bbox_enc_0: 0.0252 (0.0259)  loss_giou_enc_0: 0.3105 (0.3149)  loss_mal_dn_0: 0.6139 (0.6157)  loss_bbox_dn_0: 0.0242 (0.0237)  loss_giou_dn_0: 0.3066 (0.2999)  loss_fgl_dn_0: 1.2325 (1.2367)  loss_ddf_dn_0: 0.0911 (0.0908)  loss_mal_dn_1: 0.5118 (0.5192)  loss_bbox_dn_1: 0.0178 (0.0178)  loss_giou_dn_1: 0.2279 (0.2294)  loss_fgl_dn_1: 1.1773 (1.1825)  loss_ddf_dn_1: 0.0030 (0.0029)  loss_mal_dn_2: 0.5111 (0.5182)  loss_bbox_dn_2: 0.0176 (0.0177)  loss_giou_dn_2: 0.2252 (0.2290)  loss_fgl_dn_2: 1.1796 (1.1825)  loss_ddf_dn_2: -0.0000 (0.0000)  loss_mal_dn_pre: 0.6188 (0.6197)  loss_bbox_dn_pre: 0.0242 (0.0236)  loss_giou_dn_pre: 0.3052 (0.2981)  time: 0.5637  data: 0.0161  max mem: 5224
Epoch: [19/30]  [40/44]  eta: 0:00:02  lr: 0.000100  loss: 15.0973 (15.1722)  loss_mal: 0.5276 (0.5373)  loss_bbox: 0.0193 (0.0200)  loss_giou: 0.2421 (0.2517)  loss_fgl: 1.1896 (1.2013)  loss_mal_aux_0: 0.5823 (0.6036)  loss_bbox_aux_0: 0.0204 (0.0215)  loss_giou_aux_0: 0.2615 (0.2713)  loss_fgl_aux_0: 1.2090 (1.2158)  loss_ddf_aux_0: 0.0159 (0.0155)  loss_mal_aux_1: 0.5293 (0.5423)  loss_bbox_aux_1: 0.0191 (0.0200)  loss_giou_aux_1: 0.2402 (0.2518)  loss_fgl_aux_1: 1.1902 (1.2016)  loss_ddf_aux_1: 0.0005 (0.0004)  loss_mal_pre: 0.5803 (0.6025)  loss_bbox_pre: 0.0206 (0.0213)  loss_giou_pre: 0.2603 (0.2689)  loss_mal_enc_0: 0.6790 (0.6903)  loss_bbox_enc_0: 0.0242 (0.0253)  loss_giou_enc_0: 0.3032 (0.3127)  loss_mal_dn_0: 0.6159 (0.6156)  loss_bbox_dn_0: 0.0240 (0.0236)  loss_giou_dn_0: 0.2968 (0.3012)  loss_fgl_dn_0: 1.2266 (1.2365)  loss_ddf_dn_0: 0.0948 (0.0923)  loss_mal_dn_1: 0.5149 (0.5170)  loss_bbox_dn_1: 0.0175 (0.0175)  loss_giou_dn_1: 0.2217 (0.2275)  loss_fgl_dn_1: 1.1702 (1.1799)  loss_ddf_dn_1: 0.0036 (0.0032)  loss_mal_dn_2: 0.5154 (0.5158)  loss_bbox_dn_2: 0.0175 (0.0174)  loss_giou_dn_2: 0.2203 (0.2269)  loss_fgl_dn_2: 1.1709 (1.1800)  loss_ddf_dn_2: -0.0000 (0.0000)  loss_mal_dn_pre: 0.6200 (0.6198)  loss_bbox_dn_pre: 0.0241 (0.0235)  loss_giou_dn_pre: 0.2953 (0.2995)  time: 0.5696  data: 0.0158  max mem: 5224
Epoch: [19/30]  [43/44]  eta: 0:00:00  lr: 0.000100  loss: 15.0973 (15.2053)  loss_mal: 0.5294 (0.5410)  loss_bbox: 0.0196 (0.0202)  loss_giou: 0.2421 (0.2525)  loss_fgl: 1.1896 (1.2028)  loss_mal_aux_0: 0.5930 (0.6075)  loss_bbox_aux_0: 0.0209 (0.0218)  loss_giou_aux_0: 0.2623 (0.2730)  loss_fgl_aux_0: 1.2116 (1.2181)  loss_ddf_aux_0: 0.0177 (0.0157)  loss_mal_aux_1: 0.5398 (0.5460)  loss_bbox_aux_1: 0.0195 (0.0201)  loss_giou_aux_1: 0.2402 (0.2524)  loss_fgl_aux_1: 1.1902 (1.2030)  loss_ddf_aux_1: 0.0005 (0.0004)  loss_mal_pre: 0.5924 (0.6064)  loss_bbox_pre: 0.0206 (0.0216)  loss_giou_pre: 0.2625 (0.2708)  loss_mal_enc_0: 0.6863 (0.6912)  loss_bbox_enc_0: 0.0242 (0.0256)  loss_giou_enc_0: 0.3032 (0.3131)  loss_mal_dn_0: 0.6091 (0.6159)  loss_bbox_dn_0: 0.0240 (0.0238)  loss_giou_dn_0: 0.2995 (0.3017)  loss_fgl_dn_0: 1.2266 (1.2372)  loss_ddf_dn_0: 0.0945 (0.0921)  loss_mal_dn_1: 0.5171 (0.5175)  loss_bbox_dn_1: 0.0176 (0.0176)  loss_giou_dn_1: 0.2224 (0.2277)  loss_fgl_dn_1: 1.1702 (1.1802)  loss_ddf_dn_1: 0.0036 (0.0032)  loss_mal_dn_2: 0.5158 (0.5165)  loss_bbox_dn_2: 0.0175 (0.0176)  loss_giou_dn_2: 0.2235 (0.2272)  loss_fgl_dn_2: 1.1709 (1.1803)  loss_ddf_dn_2: -0.0000 (0.0000)  loss_mal_dn_pre: 0.6115 (0.6199)  loss_bbox_dn_pre: 0.0241 (0.0237)  loss_giou_dn_pre: 0.2956 (0.3000)  time: 0.5647  data: 0.0156  max mem: 5224
Epoch: [19/30] Total time: 0:00:25 (0.5758 s / it)
Averaged stats: lr: 0.000100  loss: 15.0973 (15.2053)  loss_mal: 0.5294 (0.5410)  loss_bbox: 0.0196 (0.0202)  loss_giou: 0.2421 (0.2525)  loss_fgl: 1.1896 (1.2028)  loss_mal_aux_0: 0.5930 (0.6075)  loss_bbox_aux_0: 0.0209 (0.0218)  loss_giou_aux_0: 0.2623 (0.2730)  loss_fgl_aux_0: 1.2116 (1.2181)  loss_ddf_aux_0: 0.0177 (0.0157)  loss_mal_aux_1: 0.5398 (0.5460)  loss_bbox_aux_1: 0.0195 (0.0201)  loss_giou_aux_1: 0.2402 (0.2524)  loss_fgl_aux_1: 1.1902 (1.2030)  loss_ddf_aux_1: 0.0005 (0.0004)  loss_mal_pre: 0.5924 (0.6064)  loss_bbox_pre: 0.0206 (0.0216)  loss_giou_pre: 0.2625 (0.2708)  loss_mal_enc_0: 0.6863 (0.6912)  loss_bbox_enc_0: 0.0242 (0.0256)  loss_giou_enc_0: 0.3032 (0.3131)  loss_mal_dn_0: 0.6091 (0.6159)  loss_bbox_dn_0: 0.0240 (0.0238)  loss_giou_dn_0: 0.2995 (0.3017)  loss_fgl_dn_0: 1.2266 (1.2372)  loss_ddf_dn_0: 0.0945 (0.0921)  loss_mal_dn_1: 0.5171 (0.5175)  loss_bbox_dn_1: 0.0176 (0.0176)  loss_giou_dn_1: 0.2224 (0.2277)  loss_fgl_dn_1: 1.1702 (1.1802)  loss_ddf_dn_1: 0.0036 (0.0032)  loss_mal_dn_2: 0.5158 (0.5165)  loss_bbox_dn_2: 0.0175 (0.0176)  loss_giou_dn_2: 0.2235 (0.2272)  loss_fgl_dn_2: 1.1709 (1.1803)  loss_ddf_dn_2: -0.0000 (0.0000)  loss_mal_dn_pre: 0.6115 (0.6199)  loss_bbox_dn_pre: 0.0241 (0.0237)  loss_giou_dn_pre: 0.2956 (0.3000)
Test:  [0/9]  eta: 0:00:03    time: 0.3430  data: 0.2440  max mem: 5224
Test:  [8/9]  eta: 0:00:00    time: 0.1399  data: 0.0442  max mem: 5224
Test: Total time: 0:00:01 (0.1446 s / it)
Metrics: {'f1': 0.9688581314878894, 'precision': 0.9655172413793104, 'recall': 0.9722222222222222, 'iou': 0.6608616649704492, 'TPs': 140, 'FPs': 5, 'FNs': 4}
Averaged stats: 
Accumulating evaluation results...
COCOeval_opt.accumulate() finished...
DONE (t=0.01s).
IoU metric: bbox
 Average Precision  (AP) @[ IoU=0.50:0.95 | area=   all | maxDets=100 ] = 0.357
 Average Precision  (AP) @[ IoU=0.50      | area=   all | maxDets=100 ] = 0.957
 Average Precision  (AP) @[ IoU=0.75      | area=   all | maxDets=100 ] = 0.124
 Average Precision  (AP) @[ IoU=0.50:0.95 | area= small | maxDets=100 ] = 0.357
 Average Precision  (AP) @[ IoU=0.50:0.95 | area=medium | maxDets=100 ] = -1.000
 Average Precision  (AP) @[ IoU=0.50:0.95 | area= large | maxDets=100 ] = -1.000
 Average Recall     (AR) @[ IoU=0.50:0.95 | area=   all | maxDets=  1 ] = 0.209
 Average Recall     (AR) @[ IoU=0.50:0.95 | area=   all | maxDets= 10 ] = 0.468
 Average Recall     (AR) @[ IoU=0.50:0.95 | area=   all | maxDets=100 ] = 0.574
 Average Recall     (AR) @[ IoU=0.50:0.95 | area= small | maxDets=100 ] = 0.574
 Average Recall     (AR) @[ IoU=0.50:0.95 | area=medium | maxDets=100 ] = -1.000
 Average Recall     (AR) @[ IoU=0.50:0.95 | area= large | maxDets=100 ] = -1.000
 Average Recall     (AR) @[ IoU=0.50      | area=   all | maxDets=100 ] = 0.993
 Average Recall     (AR) @[ IoU=0.75      | area=   all | maxDets=100 ] = 0.562
best_stat: {'epoch': 3, 'coco_eval_bbox': 0.37821048554885567}
Epoch: [20/30]  [ 0/44]  eta: 0:00:40  lr: 0.000100  loss: 14.3007 (14.3007)  loss_mal: 0.4895 (0.4895)  loss_bbox: 0.0137 (0.0137)  loss_giou: 0.1937 (0.1937)  loss_fgl: 1.1998 (1.1998)  loss_mal_aux_0: 0.5087 (0.5087)  loss_bbox_aux_0: 0.0132 (0.0132)  loss_giou_aux_0: 0.1947 (0.1947)  loss_fgl_aux_0: 1.1911 (1.1911)  loss_ddf_aux_0: 0.0155 (0.0155)  loss_mal_aux_1: 0.4968 (0.4968)  loss_bbox_aux_1: 0.0139 (0.0139)  loss_giou_aux_1: 0.1936 (0.1936)  loss_fgl_aux_1: 1.2014 (1.2014)  loss_ddf_aux_1: 0.0005 (0.0005)  loss_mal_pre: 0.5094 (0.5094)  loss_bbox_pre: 0.0129 (0.0129)  loss_giou_pre: 0.1916 (0.1916)  loss_mal_enc_0: 0.6743 (0.6743)  loss_bbox_enc_0: 0.0192 (0.0192)  loss_giou_enc_0: 0.2722 (0.2722)  loss_mal_dn_0: 0.5904 (0.5904)  loss_bbox_dn_0: 0.0186 (0.0186)  loss_giou_dn_0: 0.2740 (0.2740)  loss_fgl_dn_0: 1.2353 (1.2353)  loss_ddf_dn_0: 0.0685 (0.0685)  loss_mal_dn_1: 0.4958 (0.4958)  loss_bbox_dn_1: 0.0145 (0.0145)  loss_giou_dn_1: 0.2092 (0.2092)  loss_fgl_dn_1: 1.1956 (1.1956)  loss_ddf_dn_1: 0.0024 (0.0024)  loss_mal_dn_2: 0.4908 (0.4908)  loss_bbox_dn_2: 0.0143 (0.0143)  loss_giou_dn_2: 0.2071 (0.2071)  loss_fgl_dn_2: 1.1941 (1.1941)  loss_ddf_dn_2: -0.0000 (0.0000)  loss_mal_dn_pre: 0.5957 (0.5957)  loss_bbox_dn_pre: 0.0182 (0.0182)  loss_giou_dn_pre: 0.2704 (0.2704)  time: 0.9095  data: 0.2834  max mem: 5224
Epoch: [20/30]  [10/44]  eta: 0:00:20  lr: 0.000100  loss: 14.4920 (14.6055)  loss_mal: 0.5133 (0.5084)  loss_bbox: 0.0170 (0.0172)  loss_giou: 0.2131 (0.2173)  loss_fgl: 1.1806 (1.1809)  loss_mal_aux_0: 0.5866 (0.5885)  loss_bbox_aux_0: 0.0205 (0.0191)  loss_giou_aux_0: 0.2206 (0.2386)  loss_fgl_aux_0: 1.1977 (1.1956)  loss_ddf_aux_0: 0.0196 (0.0196)  loss_mal_aux_1: 0.5175 (0.5171)  loss_bbox_aux_1: 0.0169 (0.0173)  loss_giou_aux_1: 0.2126 (0.2178)  loss_fgl_aux_1: 1.1805 (1.1811)  loss_ddf_aux_1: 0.0005 (0.0005)  loss_mal_pre: 0.5845 (0.5866)  loss_bbox_pre: 0.0204 (0.0190)  loss_giou_pre: 0.2181 (0.2367)  loss_mal_enc_0: 0.6642 (0.6695)  loss_bbox_enc_0: 0.0222 (0.0230)  loss_giou_enc_0: 0.2774 (0.2863)  loss_mal_dn_0: 0.5904 (0.5976)  loss_bbox_dn_0: 0.0221 (0.0220)  loss_giou_dn_0: 0.2712 (0.2791)  loss_fgl_dn_0: 1.2168 (1.2205)  loss_ddf_dn_0: 0.0949 (0.0911)  loss_mal_dn_1: 0.4939 (0.4923)  loss_bbox_dn_1: 0.0156 (0.0157)  loss_giou_dn_1: 0.2089 (0.2043)  loss_fgl_dn_1: 1.1600 (1.1647)  loss_ddf_dn_1: 0.0035 (0.0033)  loss_mal_dn_2: 0.4908 (0.4885)  loss_bbox_dn_2: 0.0155 (0.0156)  loss_giou_dn_2: 0.2071 (0.2031)  loss_fgl_dn_2: 1.1582 (1.1643)  loss_ddf_dn_2: -0.0000 (0.0000)  loss_mal_dn_pre: 0.5957 (0.6031)  loss_bbox_dn_pre: 0.0219 (0.0219)  loss_giou_dn_pre: 0.2703 (0.2780)  time: 0.6140  data: 0.0408  max mem: 5224
Epoch: [20/30]  [20/44]  eta: 0:00:14  lr: 0.000100  loss: 14.7851 (14.7670)  loss_mal: 0.5149 (0.5197)  loss_bbox: 0.0177 (0.0180)  loss_giou: 0.2235 (0.2252)  loss_fgl: 1.1882 (1.1891)  loss_mal_aux_0: 0.5866 (0.5968)  loss_bbox_aux_0: 0.0198 (0.0195)  loss_giou_aux_0: 0.2423 (0.2441)  loss_fgl_aux_0: 1.1997 (1.2010)  loss_ddf_aux_0: 0.0194 (0.0188)  loss_mal_aux_1: 0.5214 (0.5252)  loss_bbox_aux_1: 0.0178 (0.0180)  loss_giou_aux_1: 0.2236 (0.2256)  loss_fgl_aux_1: 1.1889 (1.1893)  loss_ddf_aux_1: 0.0005 (0.0005)  loss_mal_pre: 0.5864 (0.5951)  loss_bbox_pre: 0.0197 (0.0194)  loss_giou_pre: 0.2488 (0.2430)  loss_mal_enc_0: 0.6718 (0.6794)  loss_bbox_enc_0: 0.0239 (0.0240)  loss_giou_enc_0: 0.3047 (0.3003)  loss_mal_dn_0: 0.5983 (0.6006)  loss_bbox_dn_0: 0.0221 (0.0222)  loss_giou_dn_0: 0.2748 (0.2814)  loss_fgl_dn_0: 1.2204 (1.2270)  loss_ddf_dn_0: 0.0969 (0.0941)  loss_mal_dn_1: 0.4962 (0.4973)  loss_bbox_dn_1: 0.0158 (0.0161)  loss_giou_dn_1: 0.2089 (0.2085)  loss_fgl_dn_1: 1.1625 (1.1696)  loss_ddf_dn_1: 0.0038 (0.0038)  loss_mal_dn_2: 0.4955 (0.4942)  loss_bbox_dn_2: 0.0157 (0.0161)  loss_giou_dn_2: 0.2098 (0.2075)  loss_fgl_dn_2: 1.1624 (1.1691)  loss_ddf_dn_2: -0.0000 (0.0000)  loss_mal_dn_pre: 0.6039 (0.6060)  loss_bbox_dn_pre: 0.0218 (0.0220)  loss_giou_dn_pre: 0.2735 (0.2796)  time: 0.5857  data: 0.0158  max mem: 5224
Epoch: [20/30]  [30/44]  eta: 0:00:08  lr: 0.000100  loss: 14.7350 (14.7647)  loss_mal: 0.5134 (0.5182)  loss_bbox: 0.0178 (0.0182)  loss_giou: 0.2297 (0.2275)  loss_fgl: 1.1882 (1.1879)  loss_mal_aux_0: 0.5850 (0.5954)  loss_bbox_aux_0: 0.0196 (0.0197)  loss_giou_aux_0: 0.2479 (0.2470)  loss_fgl_aux_0: 1.1994 (1.2021)  loss_ddf_aux_0: 0.0163 (0.0185)  loss_mal_aux_1: 0.5129 (0.5233)  loss_bbox_aux_1: 0.0178 (0.0182)  loss_giou_aux_1: 0.2301 (0.2277)  loss_fgl_aux_1: 1.1893 (1.1882)  loss_ddf_aux_1: 0.0005 (0.0006)  loss_mal_pre: 0.5853 (0.5939)  loss_bbox_pre: 0.0196 (0.0196)  loss_giou_pre: 0.2488 (0.2463)  loss_mal_enc_0: 0.6646 (0.6745)  loss_bbox_enc_0: 0.0244 (0.0242)  loss_giou_enc_0: 0.3103 (0.3024)  loss_mal_dn_0: 0.5979 (0.5996)  loss_bbox_dn_0: 0.0224 (0.0221)  loss_giou_dn_0: 0.2782 (0.2802)  loss_fgl_dn_0: 1.2167 (1.2249)  loss_ddf_dn_0: 0.0973 (0.0953)  loss_mal_dn_1: 0.4959 (0.4980)  loss_bbox_dn_1: 0.0159 (0.0162)  loss_giou_dn_1: 0.2073 (0.2094)  loss_fgl_dn_1: 1.1614 (1.1680)  loss_ddf_dn_1: 0.0042 (0.0041)  loss_mal_dn_2: 0.4955 (0.4954)  loss_bbox_dn_2: 0.0158 (0.0162)  loss_giou_dn_2: 0.2070 (0.2085)  loss_fgl_dn_2: 1.1594 (1.1675)  loss_ddf_dn_2: -0.0000 (0.0000)  loss_mal_dn_pre: 0.6039 (0.6052)  loss_bbox_dn_pre: 0.0218 (0.0219)  loss_giou_dn_pre: 0.2784 (0.2789)  time: 0.5637  data: 0.0154  max mem: 5224
Epoch: [20/30]  [40/44]  eta: 0:00:02  lr: 0.000100  loss: 14.6430 (14.8106)  loss_mal: 0.5105 (0.5198)  loss_bbox: 0.0190 (0.0185)  loss_giou: 0.2295 (0.2310)  loss_fgl: 1.1806 (1.1918)  loss_mal_aux_0: 0.5850 (0.5947)  loss_bbox_aux_0: 0.0195 (0.0199)  loss_giou_aux_0: 0.2490 (0.2502)  loss_fgl_aux_0: 1.1932 (1.2050)  loss_ddf_aux_0: 0.0163 (0.0179)  loss_mal_aux_1: 0.5134 (0.5248)  loss_bbox_aux_1: 0.0191 (0.0185)  loss_giou_aux_1: 0.2326 (0.2313)  loss_fgl_aux_1: 1.1813 (1.1921)  loss_ddf_aux_1: 0.0005 (0.0006)  loss_mal_pre: 0.5837 (0.5931)  loss_bbox_pre: 0.0194 (0.0198)  loss_giou_pre: 0.2509 (0.2490)  loss_mal_enc_0: 0.6646 (0.6778)  loss_bbox_enc_0: 0.0243 (0.0243)  loss_giou_enc_0: 0.2902 (0.3033)  loss_mal_dn_0: 0.5970 (0.5994)  loss_bbox_dn_0: 0.0224 (0.0221)  loss_giou_dn_0: 0.2756 (0.2810)  loss_fgl_dn_0: 1.2161 (1.2244)  loss_ddf_dn_0: 0.0913 (0.0935)  loss_mal_dn_1: 0.4958 (0.5010)  loss_bbox_dn_1: 0.0169 (0.0164)  loss_giou_dn_1: 0.2104 (0.2126)  loss_fgl_dn_1: 1.1584 (1.1700)  loss_ddf_dn_1: 0.0044 (0.0041)  loss_mal_dn_2: 0.4926 (0.4985)  loss_bbox_dn_2: 0.0167 (0.0164)  loss_giou_dn_2: 0.2095 (0.2118)  loss_fgl_dn_2: 1.1591 (1.1695)  loss_ddf_dn_2: -0.0000 (0.0000)  loss_mal_dn_pre: 0.6013 (0.6050)  loss_bbox_dn_pre: 0.0223 (0.0219)  loss_giou_dn_pre: 0.2737 (0.2796)  time: 0.5569  data: 0.0163  max mem: 5224
Epoch: [20/30]  [43/44]  eta: 0:00:00  lr: 0.000100  loss: 14.7599 (14.8451)  loss_mal: 0.5142 (0.5218)  loss_bbox: 0.0192 (0.0187)  loss_giou: 0.2312 (0.2326)  loss_fgl: 1.1897 (1.1923)  loss_mal_aux_0: 0.5960 (0.5976)  loss_bbox_aux_0: 0.0196 (0.0200)  loss_giou_aux_0: 0.2544 (0.2513)  loss_fgl_aux_0: 1.1994 (1.2055)  loss_ddf_aux_0: 0.0156 (0.0178)  loss_mal_aux_1: 0.5212 (0.5271)  loss_bbox_aux_1: 0.0192 (0.0187)  loss_giou_aux_1: 0.2329 (0.2328)  loss_fgl_aux_1: 1.1878 (1.1925)  loss_ddf_aux_1: 0.0006 (0.0006)  loss_mal_pre: 0.5961 (0.5960)  loss_bbox_pre: 0.0196 (0.0199)  loss_giou_pre: 0.2523 (0.2502)  loss_mal_enc_0: 0.6736 (0.6800)  loss_bbox_enc_0: 0.0246 (0.0244)  loss_giou_enc_0: 0.3019 (0.3043)  loss_mal_dn_0: 0.5979 (0.6004)  loss_bbox_dn_0: 0.0226 (0.0223)  loss_giou_dn_0: 0.2788 (0.2824)  loss_fgl_dn_0: 1.2189 (1.2248)  loss_ddf_dn_0: 0.0936 (0.0932)  loss_mal_dn_1: 0.4963 (0.5029)  loss_bbox_dn_1: 0.0169 (0.0166)  loss_giou_dn_1: 0.2106 (0.2143)  loss_fgl_dn_1: 1.1609 (1.1704)  loss_ddf_dn_1: 0.0044 (0.0041)  loss_mal_dn_2: 0.4949 (0.5001)  loss_bbox_dn_2: 0.0168 (0.0165)  loss_giou_dn_2: 0.2096 (0.2136)  loss_fgl_dn_2: 1.1607 (1.1700)  loss_ddf_dn_2: -0.0000 (0.0000)  loss_mal_dn_pre: 0.6042 (0.6061)  loss_bbox_dn_pre: 0.0225 (0.0222)  loss_giou_dn_pre: 0.2773 (0.2812)  time: 0.5579  data: 0.0164  max mem: 5224
Epoch: [20/30] Total time: 0:00:25 (0.5806 s / it)
Averaged stats: lr: 0.000100  loss: 14.7599 (14.8451)  loss_mal: 0.5142 (0.5218)  loss_bbox: 0.0192 (0.0187)  loss_giou: 0.2312 (0.2326)  loss_fgl: 1.1897 (1.1923)  loss_mal_aux_0: 0.5960 (0.5976)  loss_bbox_aux_0: 0.0196 (0.0200)  loss_giou_aux_0: 0.2544 (0.2513)  loss_fgl_aux_0: 1.1994 (1.2055)  loss_ddf_aux_0: 0.0156 (0.0178)  loss_mal_aux_1: 0.5212 (0.5271)  loss_bbox_aux_1: 0.0192 (0.0187)  loss_giou_aux_1: 0.2329 (0.2328)  loss_fgl_aux_1: 1.1878 (1.1925)  loss_ddf_aux_1: 0.0006 (0.0006)  loss_mal_pre: 0.5961 (0.5960)  loss_bbox_pre: 0.0196 (0.0199)  loss_giou_pre: 0.2523 (0.2502)  loss_mal_enc_0: 0.6736 (0.6800)  loss_bbox_enc_0: 0.0246 (0.0244)  loss_giou_enc_0: 0.3019 (0.3043)  loss_mal_dn_0: 0.5979 (0.6004)  loss_bbox_dn_0: 0.0226 (0.0223)  loss_giou_dn_0: 0.2788 (0.2824)  loss_fgl_dn_0: 1.2189 (1.2248)  loss_ddf_dn_0: 0.0936 (0.0932)  loss_mal_dn_1: 0.4963 (0.5029)  loss_bbox_dn_1: 0.0169 (0.0166)  loss_giou_dn_1: 0.2106 (0.2143)  loss_fgl_dn_1: 1.1609 (1.1704)  loss_ddf_dn_1: 0.0044 (0.0041)  loss_mal_dn_2: 0.4949 (0.5001)  loss_bbox_dn_2: 0.0168 (0.0165)  loss_giou_dn_2: 0.2096 (0.2136)  loss_fgl_dn_2: 1.1607 (1.1700)  loss_ddf_dn_2: -0.0000 (0.0000)  loss_mal_dn_pre: 0.6042 (0.6061)  loss_bbox_dn_pre: 0.0225 (0.0222)  loss_giou_dn_pre: 0.2773 (0.2812)
Test:  [0/9]  eta: 0:00:03    time: 0.3786  data: 0.2535  max mem: 5224
Test:  [8/9]  eta: 0:00:00    time: 0.1647  data: 0.0394  max mem: 5224
Test: Total time: 0:00:01 (0.1705 s / it)
Metrics: {'f1': 0.975609756097561, 'precision': 0.9790209790209791, 'recall': 0.9722222222222222, 'iou': 0.6699412744872424, 'TPs': 140, 'FPs': 3, 'FNs': 4}
Averaged stats: 
Accumulating evaluation results...
COCOeval_opt.accumulate() finished...
DONE (t=0.01s).
IoU metric: bbox
 Average Precision  (AP) @[ IoU=0.50:0.95 | area=   all | maxDets=100 ] = 0.359
 Average Precision  (AP) @[ IoU=0.50      | area=   all | maxDets=100 ] = 0.958
 Average Precision  (AP) @[ IoU=0.75      | area=   all | maxDets=100 ] = 0.140
 Average Precision  (AP) @[ IoU=0.50:0.95 | area= small | maxDets=100 ] = 0.359
 Average Precision  (AP) @[ IoU=0.50:0.95 | area=medium | maxDets=100 ] = -1.000
 Average Precision  (AP) @[ IoU=0.50:0.95 | area= large | maxDets=100 ] = -1.000
 Average Recall     (AR) @[ IoU=0.50:0.95 | area=   all | maxDets=  1 ] = 0.210
 Average Recall     (AR) @[ IoU=0.50:0.95 | area=   all | maxDets= 10 ] = 0.472
 Average Recall     (AR) @[ IoU=0.50:0.95 | area=   all | maxDets=100 ] = 0.572
 Average Recall     (AR) @[ IoU=0.50:0.95 | area= small | maxDets=100 ] = 0.572
 Average Recall     (AR) @[ IoU=0.50:0.95 | area=medium | maxDets=100 ] = -1.000
 Average Recall     (AR) @[ IoU=0.50:0.95 | area= large | maxDets=100 ] = -1.000
 Average Recall     (AR) @[ IoU=0.50      | area=   all | maxDets=100 ] = 0.993
 Average Recall     (AR) @[ IoU=0.75      | area=   all | maxDets=100 ] = 0.549
best_stat: {'epoch': 3, 'coco_eval_bbox': 0.37821048554885567}
Epoch: [21/30]  [ 0/44]  eta: 0:00:39  lr: 0.000100  loss: 14.3362 (14.3362)  loss_mal: 0.4926 (0.4926)  loss_bbox: 0.0173 (0.0173)  loss_giou: 0.2185 (0.2185)  loss_fgl: 1.1926 (1.1926)  loss_mal_aux_0: 0.5435 (0.5435)  loss_bbox_aux_0: 0.0178 (0.0178)  loss_giou_aux_0: 0.2193 (0.2193)  loss_fgl_aux_0: 1.1970 (1.1970)  loss_ddf_aux_0: 0.0209 (0.0209)  loss_mal_aux_1: 0.4950 (0.4950)  loss_bbox_aux_1: 0.0173 (0.0173)  loss_giou_aux_1: 0.2169 (0.2169)  loss_fgl_aux_1: 1.1907 (1.1907)  loss_ddf_aux_1: 0.0005 (0.0005)  loss_mal_pre: 0.5462 (0.5462)  loss_bbox_pre: 0.0180 (0.0180)  loss_giou_pre: 0.2206 (0.2206)  loss_mal_enc_0: 0.6553 (0.6553)  loss_bbox_enc_0: 0.0211 (0.0211)  loss_giou_enc_0: 0.2664 (0.2664)  loss_mal_dn_0: 0.5824 (0.5824)  loss_bbox_dn_0: 0.0216 (0.0216)  loss_giou_dn_0: 0.2597 (0.2597)  loss_fgl_dn_0: 1.2111 (1.2111)  loss_ddf_dn_0: 0.0933 (0.0933)  loss_mal_dn_1: 0.4842 (0.4842)  loss_bbox_dn_1: 0.0161 (0.0161)  loss_giou_dn_1: 0.2002 (0.2002)  loss_fgl_dn_1: 1.1653 (1.1653)  loss_ddf_dn_1: 0.0041 (0.0041)  loss_mal_dn_2: 0.4814 (0.4814)  loss_bbox_dn_2: 0.0160 (0.0160)  loss_giou_dn_2: 0.2004 (0.2004)  loss_fgl_dn_2: 1.1661 (1.1661)  loss_ddf_dn_2: -0.0000 (0.0000)  loss_mal_dn_pre: 0.5871 (0.5871)  loss_bbox_dn_pre: 0.0215 (0.0215)  loss_giou_dn_pre: 0.2582 (0.2582)  time: 0.9075  data: 0.2796  max mem: 5224
Epoch: [21/30]  [10/44]  eta: 0:00:20  lr: 0.000100  loss: 14.6592 (14.7151)  loss_mal: 0.5009 (0.5120)  loss_bbox: 0.0173 (0.0184)  loss_giou: 0.2185 (0.2214)  loss_fgl: 1.1777 (1.1806)  loss_mal_aux_0: 0.6045 (0.6040)  loss_bbox_aux_0: 0.0183 (0.0202)  loss_giou_aux_0: 0.2328 (0.2440)  loss_fgl_aux_0: 1.1979 (1.2023)  loss_ddf_aux_0: 0.0151 (0.0160)  loss_mal_aux_1: 0.5160 (0.5229)  loss_bbox_aux_1: 0.0173 (0.0185)  loss_giou_aux_1: 0.2169 (0.2220)  loss_fgl_aux_1: 1.1816 (1.1811)  loss_ddf_aux_1: 0.0005 (0.0006)  loss_mal_pre: 0.6005 (0.6014)  loss_bbox_pre: 0.0183 (0.0202)  loss_giou_pre: 0.2337 (0.2430)  loss_mal_enc_0: 0.6743 (0.6889)  loss_bbox_enc_0: 0.0241 (0.0234)  loss_giou_enc_0: 0.2957 (0.2907)  loss_mal_dn_0: 0.6037 (0.6033)  loss_bbox_dn_0: 0.0227 (0.0232)  loss_giou_dn_0: 0.2834 (0.2833)  loss_fgl_dn_0: 1.2283 (1.2242)  loss_ddf_dn_0: 0.0826 (0.0809)  loss_mal_dn_1: 0.4908 (0.4952)  loss_bbox_dn_1: 0.0168 (0.0168)  loss_giou_dn_1: 0.2015 (0.2066)  loss_fgl_dn_1: 1.1576 (1.1618)  loss_ddf_dn_1: 0.0032 (0.0033)  loss_mal_dn_2: 0.4819 (0.4918)  loss_bbox_dn_2: 0.0162 (0.0167)  loss_giou_dn_2: 0.1987 (0.2055)  loss_fgl_dn_2: 1.1586 (1.1607)  loss_ddf_dn_2: -0.0000 (0.0000)  loss_mal_dn_pre: 0.6059 (0.6069)  loss_bbox_dn_pre: 0.0223 (0.0230)  loss_giou_dn_pre: 0.2768 (0.2804)  time: 0.6127  data: 0.0390  max mem: 5224
Epoch: [21/30]  [20/44]  eta: 0:00:14  lr: 0.000100  loss: 14.8449 (14.8223)  loss_mal: 0.5112 (0.5232)  loss_bbox: 0.0181 (0.0187)  loss_giou: 0.2228 (0.2302)  loss_fgl: 1.1777 (1.1856)  loss_mal_aux_0: 0.5943 (0.5974)  loss_bbox_aux_0: 0.0200 (0.0205)  loss_giou_aux_0: 0.2419 (0.2518)  loss_fgl_aux_0: 1.2000 (1.2038)  loss_ddf_aux_0: 0.0156 (0.0172)  loss_mal_aux_1: 0.5175 (0.5289)  loss_bbox_aux_1: 0.0179 (0.0187)  loss_giou_aux_1: 0.2274 (0.2301)  loss_fgl_aux_1: 1.1816 (1.1859)  loss_ddf_aux_1: 0.0007 (0.0007)  loss_mal_pre: 0.5922 (0.5956)  loss_bbox_pre: 0.0200 (0.0205)  loss_giou_pre: 0.2438 (0.2512)  loss_mal_enc_0: 0.6729 (0.6756)  loss_bbox_enc_0: 0.0244 (0.0236)  loss_giou_enc_0: 0.2982 (0.2967)  loss_mal_dn_0: 0.6037 (0.6046)  loss_bbox_dn_0: 0.0227 (0.0231)  loss_giou_dn_0: 0.2834 (0.2872)  loss_fgl_dn_0: 1.2283 (1.2289)  loss_ddf_dn_0: 0.0854 (0.0897)  loss_mal_dn_1: 0.4920 (0.5017)  loss_bbox_dn_1: 0.0168 (0.0168)  loss_giou_dn_1: 0.2018 (0.2124)  loss_fgl_dn_1: 1.1576 (1.1675)  loss_ddf_dn_1: 0.0037 (0.0040)  loss_mal_dn_2: 0.4840 (0.4987)  loss_bbox_dn_2: 0.0162 (0.0167)  loss_giou_dn_2: 0.1987 (0.2113)  loss_fgl_dn_2: 1.1586 (1.1666)  loss_ddf_dn_2: -0.0000 (0.0000)  loss_mal_dn_pre: 0.6062 (0.6088)  loss_bbox_dn_pre: 0.0223 (0.0229)  loss_giou_dn_pre: 0.2792 (0.2855)  time: 0.5787  data: 0.0157  max mem: 5224
Epoch: [21/30]  [30/44]  eta: 0:00:08  lr: 0.000100  loss: 14.8058 (14.7863)  loss_mal: 0.5203 (0.5227)  loss_bbox: 0.0181 (0.0187)  loss_giou: 0.2254 (0.2295)  loss_fgl: 1.1978 (1.1898)  loss_mal_aux_0: 0.5760 (0.5872)  loss_bbox_aux_0: 0.0200 (0.0202)  loss_giou_aux_0: 0.2414 (0.2472)  loss_fgl_aux_0: 1.2051 (1.2052)  loss_ddf_aux_0: 0.0168 (0.0168)  loss_mal_aux_1: 0.5291 (0.5279)  loss_bbox_aux_1: 0.0179 (0.0188)  loss_giou_aux_1: 0.2278 (0.2296)  loss_fgl_aux_1: 1.1958 (1.1901)  loss_ddf_aux_1: 0.0007 (0.0007)  loss_mal_pre: 0.5755 (0.5865)  loss_bbox_pre: 0.0201 (0.0203)  loss_giou_pre: 0.2423 (0.2470)  loss_mal_enc_0: 0.6719 (0.6756)  loss_bbox_enc_0: 0.0244 (0.0239)  loss_giou_enc_0: 0.3010 (0.2958)  loss_mal_dn_0: 0.5955 (0.6003)  loss_bbox_dn_0: 0.0211 (0.0226)  loss_giou_dn_0: 0.2765 (0.2814)  loss_fgl_dn_0: 1.2191 (1.2274)  loss_ddf_dn_0: 0.0912 (0.0913)  loss_mal_dn_1: 0.5012 (0.5021)  loss_bbox_dn_1: 0.0161 (0.0169)  loss_giou_dn_1: 0.2123 (0.2124)  loss_fgl_dn_1: 1.1704 (1.1699)  loss_ddf_dn_1: 0.0044 (0.0042)  loss_mal_dn_2: 0.4980 (0.4995)  loss_bbox_dn_2: 0.0162 (0.0168)  loss_giou_dn_2: 0.2133 (0.2116)  loss_fgl_dn_2: 1.1686 (1.1693)  loss_ddf_dn_2: -0.0000 (0.0000)  loss_mal_dn_pre: 0.6000 (0.6049)  loss_bbox_dn_pre: 0.0211 (0.0224)  loss_giou_dn_pre: 0.2761 (0.2798)  time: 0.5541  data: 0.0161  max mem: 5224
Epoch: [21/30]  [40/44]  eta: 0:00:02  lr: 0.000100  loss: 14.6487 (14.7784)  loss_mal: 0.5147 (0.5199)  loss_bbox: 0.0182 (0.0184)  loss_giou: 0.2248 (0.2288)  loss_fgl: 1.1920 (1.1913)  loss_mal_aux_0: 0.5749 (0.5860)  loss_bbox_aux_0: 0.0197 (0.0199)  loss_giou_aux_0: 0.2398 (0.2473)  loss_fgl_aux_0: 1.2057 (1.2062)  loss_ddf_aux_0: 0.0160 (0.0165)  loss_mal_aux_1: 0.5195 (0.5248)  loss_bbox_aux_1: 0.0182 (0.0185)  loss_giou_aux_1: 0.2264 (0.2291)  loss_fgl_aux_1: 1.1920 (1.1917)  loss_ddf_aux_1: 0.0006 (0.0006)  loss_mal_pre: 0.5722 (0.5846)  loss_bbox_pre: 0.0194 (0.0199)  loss_giou_pre: 0.2402 (0.2467)  loss_mal_enc_0: 0.6778 (0.6746)  loss_bbox_enc_0: 0.0238 (0.0238)  loss_giou_enc_0: 0.2912 (0.2957)  loss_mal_dn_0: 0.5934 (0.6011)  loss_bbox_dn_0: 0.0214 (0.0224)  loss_giou_dn_0: 0.2725 (0.2814)  loss_fgl_dn_0: 1.2203 (1.2277)  loss_ddf_dn_0: 0.0924 (0.0917)  loss_mal_dn_1: 0.5002 (0.5016)  loss_bbox_dn_1: 0.0159 (0.0167)  loss_giou_dn_1: 0.2109 (0.2121)  loss_fgl_dn_1: 1.1662 (1.1701)  loss_ddf_dn_1: 0.0046 (0.0043)  loss_mal_dn_2: 0.4971 (0.4992)  loss_bbox_dn_2: 0.0159 (0.0166)  loss_giou_dn_2: 0.2087 (0.2113)  loss_fgl_dn_2: 1.1676 (1.1696)  loss_ddf_dn_2: -0.0000 (0.0000)  loss_mal_dn_pre: 0.5992 (0.6060)  loss_bbox_dn_pre: 0.0211 (0.0222)  loss_giou_dn_pre: 0.2716 (0.2798)  time: 0.5641  data: 0.0157  max mem: 5224
Epoch: [21/30]  [43/44]  eta: 0:00:00  lr: 0.000100  loss: 14.8005 (14.8177)  loss_mal: 0.5147 (0.5207)  loss_bbox: 0.0179 (0.0184)  loss_giou: 0.2254 (0.2304)  loss_fgl: 1.1931 (1.1926)  loss_mal_aux_0: 0.5768 (0.5880)  loss_bbox_aux_0: 0.0197 (0.0199)  loss_giou_aux_0: 0.2431 (0.2501)  loss_fgl_aux_0: 1.2069 (1.2079)  loss_ddf_aux_0: 0.0160 (0.0166)  loss_mal_aux_1: 0.5225 (0.5256)  loss_bbox_aux_1: 0.0179 (0.0184)  loss_giou_aux_1: 0.2278 (0.2308)  loss_fgl_aux_1: 1.1931 (1.1929)  loss_ddf_aux_1: 0.0006 (0.0006)  loss_mal_pre: 0.5755 (0.5866)  loss_bbox_pre: 0.0194 (0.0199)  loss_giou_pre: 0.2423 (0.2496)  loss_mal_enc_0: 0.6778 (0.6775)  loss_bbox_enc_0: 0.0237 (0.0238)  loss_giou_enc_0: 0.2912 (0.2999)  loss_mal_dn_0: 0.5955 (0.6028)  loss_bbox_dn_0: 0.0215 (0.0223)  loss_giou_dn_0: 0.2729 (0.2832)  loss_fgl_dn_0: 1.2233 (1.2290)  loss_ddf_dn_0: 0.0924 (0.0910)  loss_mal_dn_1: 0.5002 (0.5027)  loss_bbox_dn_1: 0.0159 (0.0166)  loss_giou_dn_1: 0.2109 (0.2134)  loss_fgl_dn_1: 1.1662 (1.1709)  loss_ddf_dn_1: 0.0046 (0.0043)  loss_mal_dn_2: 0.4971 (0.5002)  loss_bbox_dn_2: 0.0159 (0.0165)  loss_giou_dn_2: 0.2087 (0.2123)  loss_fgl_dn_2: 1.1676 (1.1703)  loss_ddf_dn_2: -0.0000 (0.0000)  loss_mal_dn_pre: 0.6011 (0.6077)  loss_bbox_dn_pre: 0.0215 (0.0222)  loss_giou_dn_pre: 0.2731 (0.2818)  time: 0.5690  data: 0.0154  max mem: 5224
Epoch: [21/30] Total time: 0:00:25 (0.5825 s / it)
Averaged stats: lr: 0.000100  loss: 14.8005 (14.8177)  loss_mal: 0.5147 (0.5207)  loss_bbox: 0.0179 (0.0184)  loss_giou: 0.2254 (0.2304)  loss_fgl: 1.1931 (1.1926)  loss_mal_aux_0: 0.5768 (0.5880)  loss_bbox_aux_0: 0.0197 (0.0199)  loss_giou_aux_0: 0.2431 (0.2501)  loss_fgl_aux_0: 1.2069 (1.2079)  loss_ddf_aux_0: 0.0160 (0.0166)  loss_mal_aux_1: 0.5225 (0.5256)  loss_bbox_aux_1: 0.0179 (0.0184)  loss_giou_aux_1: 0.2278 (0.2308)  loss_fgl_aux_1: 1.1931 (1.1929)  loss_ddf_aux_1: 0.0006 (0.0006)  loss_mal_pre: 0.5755 (0.5866)  loss_bbox_pre: 0.0194 (0.0199)  loss_giou_pre: 0.2423 (0.2496)  loss_mal_enc_0: 0.6778 (0.6775)  loss_bbox_enc_0: 0.0237 (0.0238)  loss_giou_enc_0: 0.2912 (0.2999)  loss_mal_dn_0: 0.5955 (0.6028)  loss_bbox_dn_0: 0.0215 (0.0223)  loss_giou_dn_0: 0.2729 (0.2832)  loss_fgl_dn_0: 1.2233 (1.2290)  loss_ddf_dn_0: 0.0924 (0.0910)  loss_mal_dn_1: 0.5002 (0.5027)  loss_bbox_dn_1: 0.0159 (0.0166)  loss_giou_dn_1: 0.2109 (0.2134)  loss_fgl_dn_1: 1.1662 (1.1709)  loss_ddf_dn_1: 0.0046 (0.0043)  loss_mal_dn_2: 0.4971 (0.5002)  loss_bbox_dn_2: 0.0159 (0.0165)  loss_giou_dn_2: 0.2087 (0.2123)  loss_fgl_dn_2: 1.1676 (1.1703)  loss_ddf_dn_2: -0.0000 (0.0000)  loss_mal_dn_pre: 0.6011 (0.6077)  loss_bbox_dn_pre: 0.0215 (0.0222)  loss_giou_dn_pre: 0.2731 (0.2818)
Test:  [0/9]  eta: 0:00:03    time: 0.3486  data: 0.2710  max mem: 5224
Test:  [8/9]  eta: 0:00:00    time: 0.1391  data: 0.0421  max mem: 5224
Test: Total time: 0:00:01 (0.1432 s / it)
Metrics: {'f1': 0.975609756097561, 'precision': 0.9790209790209791, 'recall': 0.9722222222222222, 'iou': 0.6699054772351064, 'TPs': 140, 'FPs': 3, 'FNs': 4}
Averaged stats: 
Accumulating evaluation results...
COCOeval_opt.accumulate() finished...
DONE (t=0.01s).
IoU metric: bbox
 Average Precision  (AP) @[ IoU=0.50:0.95 | area=   all | maxDets=100 ] = 0.359
 Average Precision  (AP) @[ IoU=0.50      | area=   all | maxDets=100 ] = 0.958
 Average Precision  (AP) @[ IoU=0.75      | area=   all | maxDets=100 ] = 0.138
 Average Precision  (AP) @[ IoU=0.50:0.95 | area= small | maxDets=100 ] = 0.359
 Average Precision  (AP) @[ IoU=0.50:0.95 | area=medium | maxDets=100 ] = -1.000
 Average Precision  (AP) @[ IoU=0.50:0.95 | area= large | maxDets=100 ] = -1.000
 Average Recall     (AR) @[ IoU=0.50:0.95 | area=   all | maxDets=  1 ] = 0.210
 Average Recall     (AR) @[ IoU=0.50:0.95 | area=   all | maxDets= 10 ] = 0.468
 Average Recall     (AR) @[ IoU=0.50:0.95 | area=   all | maxDets=100 ] = 0.569
 Average Recall     (AR) @[ IoU=0.50:0.95 | area= small | maxDets=100 ] = 0.569
 Average Recall     (AR) @[ IoU=0.50:0.95 | area=medium | maxDets=100 ] = -1.000
 Average Recall     (AR) @[ IoU=0.50:0.95 | area= large | maxDets=100 ] = -1.000
 Average Recall     (AR) @[ IoU=0.50      | area=   all | maxDets=100 ] = 0.993
 Average Recall     (AR) @[ IoU=0.75      | area=   all | maxDets=100 ] = 0.549
best_stat: {'epoch': 3, 'coco_eval_bbox': 0.37821048554885567}
Epoch: [22/30]  [ 0/44]  eta: 0:00:38  lr: 0.000100  loss: 14.2769 (14.2769)  loss_mal: 0.5006 (0.5006)  loss_bbox: 0.0172 (0.0172)  loss_giou: 0.2118 (0.2118)  loss_fgl: 1.1504 (1.1504)  loss_mal_aux_0: 0.5953 (0.5953)  loss_bbox_aux_0: 0.0186 (0.0186)  loss_giou_aux_0: 0.2250 (0.2250)  loss_fgl_aux_0: 1.1679 (1.1679)  loss_ddf_aux_0: 0.0143 (0.0143)  loss_mal_aux_1: 0.5177 (0.5177)  loss_bbox_aux_1: 0.0172 (0.0172)  loss_giou_aux_1: 0.2117 (0.2117)  loss_fgl_aux_1: 1.1513 (1.1513)  loss_ddf_aux_1: 0.0007 (0.0007)  loss_mal_pre: 0.5886 (0.5886)  loss_bbox_pre: 0.0180 (0.0180)  loss_giou_pre: 0.2185 (0.2185)  loss_mal_enc_0: 0.6783 (0.6783)  loss_bbox_enc_0: 0.0187 (0.0187)  loss_giou_enc_0: 0.2307 (0.2307)  loss_mal_dn_0: 0.5960 (0.5960)  loss_bbox_dn_0: 0.0232 (0.0232)  loss_giou_dn_0: 0.2688 (0.2688)  loss_fgl_dn_0: 1.1971 (1.1971)  loss_ddf_dn_0: 0.0889 (0.0889)  loss_mal_dn_1: 0.4825 (0.4825)  loss_bbox_dn_1: 0.0165 (0.0165)  loss_giou_dn_1: 0.1977 (0.1977)  loss_fgl_dn_1: 1.1334 (1.1334)  loss_ddf_dn_1: 0.0046 (0.0046)  loss_mal_dn_2: 0.4811 (0.4811)  loss_bbox_dn_2: 0.0164 (0.0164)  loss_giou_dn_2: 0.1971 (0.1971)  loss_fgl_dn_2: 1.1320 (1.1320)  loss_ddf_dn_2: -0.0000 (0.0000)  loss_mal_dn_pre: 0.5999 (0.5999)  loss_bbox_dn_pre: 0.0229 (0.0229)  loss_giou_dn_pre: 0.2664 (0.2664)  time: 0.8728  data: 0.2917  max mem: 5224
Epoch: [22/30]  [10/44]  eta: 0:00:19  lr: 0.000100  loss: 14.2769 (14.3855)  loss_mal: 0.4846 (0.4889)  loss_bbox: 0.0163 (0.0161)  loss_giou: 0.2029 (0.2062)  loss_fgl: 1.1849 (1.1777)  loss_mal_aux_0: 0.5765 (0.5718)  loss_bbox_aux_0: 0.0177 (0.0178)  loss_giou_aux_0: 0.2188 (0.2306)  loss_fgl_aux_0: 1.2022 (1.1935)  loss_ddf_aux_0: 0.0183 (0.0183)  loss_mal_aux_1: 0.4889 (0.4952)  loss_bbox_aux_1: 0.0160 (0.0161)  loss_giou_aux_1: 0.2071 (0.2069)  loss_fgl_aux_1: 1.1851 (1.1776)  loss_ddf_aux_1: 0.0007 (0.0007)  loss_mal_pre: 0.5747 (0.5701)  loss_bbox_pre: 0.0177 (0.0178)  loss_giou_pre: 0.2185 (0.2288)  loss_mal_enc_0: 0.6633 (0.6647)  loss_bbox_enc_0: 0.0218 (0.0220)  loss_giou_enc_0: 0.2678 (0.2795)  loss_mal_dn_0: 0.5910 (0.5914)  loss_bbox_dn_0: 0.0215 (0.0207)  loss_giou_dn_0: 0.2688 (0.2729)  loss_fgl_dn_0: 1.2209 (1.2197)  loss_ddf_dn_0: 0.0930 (0.0949)  loss_mal_dn_1: 0.4791 (0.4790)  loss_bbox_dn_1: 0.0149 (0.0148)  loss_giou_dn_1: 0.1960 (0.1968)  loss_fgl_dn_1: 1.1608 (1.1581)  loss_ddf_dn_1: 0.0046 (0.0046)  loss_mal_dn_2: 0.4775 (0.4770)  loss_bbox_dn_2: 0.0149 (0.0147)  loss_giou_dn_2: 0.1952 (0.1962)  loss_fgl_dn_2: 1.1620 (1.1574)  loss_ddf_dn_2: -0.0000 (0.0000)  loss_mal_dn_pre: 0.5965 (0.5956)  loss_bbox_dn_pre: 0.0214 (0.0206)  loss_giou_dn_pre: 0.2664 (0.2709)  time: 0.5830  data: 0.0405  max mem: 5224
Epoch: [22/30]  [20/44]  eta: 0:00:13  lr: 0.000100  loss: 14.2159 (14.2875)  loss_mal: 0.4792 (0.4857)  loss_bbox: 0.0162 (0.0164)  loss_giou: 0.2004 (0.2044)  loss_fgl: 1.1800 (1.1731)  loss_mal_aux_0: 0.5623 (0.5618)  loss_bbox_aux_0: 0.0174 (0.0178)  loss_giou_aux_0: 0.2188 (0.2250)  loss_fgl_aux_0: 1.1869 (1.1859)  loss_ddf_aux_0: 0.0183 (0.0184)  loss_mal_aux_1: 0.4854 (0.4914)  loss_bbox_aux_1: 0.0160 (0.0164)  loss_giou_aux_1: 0.1989 (0.2042)  loss_fgl_aux_1: 1.1797 (1.1726)  loss_ddf_aux_1: 0.0006 (0.0006)  loss_mal_pre: 0.5633 (0.5612)  loss_bbox_pre: 0.0177 (0.0178)  loss_giou_pre: 0.2220 (0.2244)  loss_mal_enc_0: 0.6572 (0.6590)  loss_bbox_enc_0: 0.0218 (0.0219)  loss_giou_enc_0: 0.2678 (0.2728)  loss_mal_dn_0: 0.5827 (0.5875)  loss_bbox_dn_0: 0.0207 (0.0211)  loss_giou_dn_0: 0.2584 (0.2690)  loss_fgl_dn_0: 1.2156 (1.2169)  loss_ddf_dn_0: 0.0948 (0.0946)  loss_mal_dn_1: 0.4788 (0.4770)  loss_bbox_dn_1: 0.0145 (0.0151)  loss_giou_dn_1: 0.1936 (0.1943)  loss_fgl_dn_1: 1.1608 (1.1556)  loss_ddf_dn_1: 0.0045 (0.0046)  loss_mal_dn_2: 0.4775 (0.4755)  loss_bbox_dn_2: 0.0147 (0.0151)  loss_giou_dn_2: 0.1941 (0.1938)  loss_fgl_dn_2: 1.1620 (1.1552)  loss_ddf_dn_2: -0.0000 (0.0000)  loss_mal_dn_pre: 0.5895 (0.5927)  loss_bbox_dn_pre: 0.0207 (0.0209)  loss_giou_dn_pre: 0.2595 (0.2675)  time: 0.5653  data: 0.0152  max mem: 5224
Epoch: [22/30]  [30/44]  eta: 0:00:07  lr: 0.000100  loss: 14.3424 (14.3955)  loss_mal: 0.4900 (0.4941)  loss_bbox: 0.0175 (0.0168)  loss_giou: 0.2137 (0.2096)  loss_fgl: 1.1675 (1.1793)  loss_mal_aux_0: 0.5604 (0.5683)  loss_bbox_aux_0: 0.0189 (0.0183)  loss_giou_aux_0: 0.2303 (0.2306)  loss_fgl_aux_0: 1.1863 (1.1946)  loss_ddf_aux_0: 0.0174 (0.0179)  loss_mal_aux_1: 0.4859 (0.4991)  loss_bbox_aux_1: 0.0174 (0.0168)  loss_giou_aux_1: 0.2138 (0.2097)  loss_fgl_aux_1: 1.1680 (1.1790)  loss_ddf_aux_1: 0.0005 (0.0006)  loss_mal_pre: 0.5604 (0.5674)  loss_bbox_pre: 0.0187 (0.0183)  loss_giou_pre: 0.2297 (0.2299)  loss_mal_enc_0: 0.6460 (0.6598)  loss_bbox_enc_0: 0.0235 (0.0225)  loss_giou_enc_0: 0.2779 (0.2791)  loss_mal_dn_0: 0.5827 (0.5884)  loss_bbox_dn_0: 0.0209 (0.0211)  loss_giou_dn_0: 0.2584 (0.2685)  loss_fgl_dn_0: 1.2144 (1.2213)  loss_ddf_dn_0: 0.0925 (0.0922)  loss_mal_dn_1: 0.4798 (0.4806)  loss_bbox_dn_1: 0.0158 (0.0153)  loss_giou_dn_1: 0.1957 (0.1974)  loss_fgl_dn_1: 1.1549 (1.1615)  loss_ddf_dn_1: 0.0045 (0.0045)  loss_mal_dn_2: 0.4789 (0.4788)  loss_bbox_dn_2: 0.0155 (0.0153)  loss_giou_dn_2: 0.1947 (0.1967)  loss_fgl_dn_2: 1.1537 (1.1611)  loss_ddf_dn_2: -0.0000 (0.0000)  loss_mal_dn_pre: 0.5872 (0.5938)  loss_bbox_dn_pre: 0.0208 (0.0209)  loss_giou_dn_pre: 0.2593 (0.2668)  time: 0.5638  data: 0.0153  max mem: 5224
Epoch: [22/30]  [40/44]  eta: 0:00:02  lr: 0.000100  loss: 14.6736 (14.4687)  loss_mal: 0.5056 (0.5013)  loss_bbox: 0.0173 (0.0168)  loss_giou: 0.2210 (0.2124)  loss_fgl: 1.1867 (1.1802)  loss_mal_aux_0: 0.5997 (0.5781)  loss_bbox_aux_0: 0.0186 (0.0184)  loss_giou_aux_0: 0.2381 (0.2335)  loss_fgl_aux_0: 1.1999 (1.1963)  loss_ddf_aux_0: 0.0162 (0.0174)  loss_mal_aux_1: 0.5208 (0.5084)  loss_bbox_aux_1: 0.0174 (0.0168)  loss_giou_aux_1: 0.2229 (0.2125)  loss_fgl_aux_1: 1.1861 (1.1800)  loss_ddf_aux_1: 0.0005 (0.0006)  loss_mal_pre: 0.5988 (0.5771)  loss_bbox_pre: 0.0185 (0.0184)  loss_giou_pre: 0.2313 (0.2322)  loss_mal_enc_0: 0.6471 (0.6577)  loss_bbox_enc_0: 0.0239 (0.0223)  loss_giou_enc_0: 0.2823 (0.2791)  loss_mal_dn_0: 0.5852 (0.5910)  loss_bbox_dn_0: 0.0215 (0.0213)  loss_giou_dn_0: 0.2668 (0.2718)  loss_fgl_dn_0: 1.2321 (1.2237)  loss_ddf_dn_0: 0.0884 (0.0915)  loss_mal_dn_1: 0.4909 (0.4834)  loss_bbox_dn_1: 0.0156 (0.0154)  loss_giou_dn_1: 0.2042 (0.1995)  loss_fgl_dn_1: 1.1669 (1.1627)  loss_ddf_dn_1: 0.0040 (0.0044)  loss_mal_dn_2: 0.4870 (0.4818)  loss_bbox_dn_2: 0.0155 (0.0153)  loss_giou_dn_2: 0.2031 (0.1987)  loss_fgl_dn_2: 1.1655 (1.1621)  loss_ddf_dn_2: -0.0000 (0.0000)  loss_mal_dn_pre: 0.5946 (0.5957)  loss_bbox_dn_pre: 0.0213 (0.0211)  loss_giou_dn_pre: 0.2669 (0.2697)  time: 0.5679  data: 0.0163  max mem: 5224
Epoch: [22/30]  [43/44]  eta: 0:00:00  lr: 0.000100  loss: 14.6995 (14.4920)  loss_mal: 0.5153 (0.5035)  loss_bbox: 0.0175 (0.0170)  loss_giou: 0.2232 (0.2144)  loss_fgl: 1.1855 (1.1793)  loss_mal_aux_0: 0.5997 (0.5802)  loss_bbox_aux_0: 0.0186 (0.0185)  loss_giou_aux_0: 0.2491 (0.2343)  loss_fgl_aux_0: 1.1999 (1.1954)  loss_ddf_aux_0: 0.0166 (0.0175)  loss_mal_aux_1: 0.5270 (0.5111)  loss_bbox_aux_1: 0.0174 (0.0169)  loss_giou_aux_1: 0.2235 (0.2145)  loss_fgl_aux_1: 1.1857 (1.1791)  loss_ddf_aux_1: 0.0005 (0.0006)  loss_mal_pre: 0.5988 (0.5789)  loss_bbox_pre: 0.0185 (0.0185)  loss_giou_pre: 0.2429 (0.2330)  loss_mal_enc_0: 0.6511 (0.6567)  loss_bbox_enc_0: 0.0239 (0.0224)  loss_giou_enc_0: 0.2823 (0.2795)  loss_mal_dn_0: 0.6031 (0.5931)  loss_bbox_dn_0: 0.0219 (0.0215)  loss_giou_dn_0: 0.2776 (0.2740)  loss_fgl_dn_0: 1.2293 (1.2225)  loss_ddf_dn_0: 0.0892 (0.0925)  loss_mal_dn_1: 0.4934 (0.4854)  loss_bbox_dn_1: 0.0160 (0.0155)  loss_giou_dn_1: 0.2044 (0.2008)  loss_fgl_dn_1: 1.1562 (1.1604)  loss_ddf_dn_1: 0.0045 (0.0045)  loss_mal_dn_2: 0.4928 (0.4840)  loss_bbox_dn_2: 0.0161 (0.0155)  loss_giou_dn_2: 0.2041 (0.2002)  loss_fgl_dn_2: 1.1568 (1.1601)  loss_ddf_dn_2: -0.0000 (0.0000)  loss_mal_dn_pre: 0.6001 (0.5977)  loss_bbox_dn_pre: 0.0217 (0.0214)  loss_giou_dn_pre: 0.2735 (0.2718)  time: 0.5639  data: 0.0161  max mem: 5224
Epoch: [22/30] Total time: 0:00:25 (0.5730 s / it)
Averaged stats: lr: 0.000100  loss: 14.6995 (14.4920)  loss_mal: 0.5153 (0.5035)  loss_bbox: 0.0175 (0.0170)  loss_giou: 0.2232 (0.2144)  loss_fgl: 1.1855 (1.1793)  loss_mal_aux_0: 0.5997 (0.5802)  loss_bbox_aux_0: 0.0186 (0.0185)  loss_giou_aux_0: 0.2491 (0.2343)  loss_fgl_aux_0: 1.1999 (1.1954)  loss_ddf_aux_0: 0.0166 (0.0175)  loss_mal_aux_1: 0.5270 (0.5111)  loss_bbox_aux_1: 0.0174 (0.0169)  loss_giou_aux_1: 0.2235 (0.2145)  loss_fgl_aux_1: 1.1857 (1.1791)  loss_ddf_aux_1: 0.0005 (0.0006)  loss_mal_pre: 0.5988 (0.5789)  loss_bbox_pre: 0.0185 (0.0185)  loss_giou_pre: 0.2429 (0.2330)  loss_mal_enc_0: 0.6511 (0.6567)  loss_bbox_enc_0: 0.0239 (0.0224)  loss_giou_enc_0: 0.2823 (0.2795)  loss_mal_dn_0: 0.6031 (0.5931)  loss_bbox_dn_0: 0.0219 (0.0215)  loss_giou_dn_0: 0.2776 (0.2740)  loss_fgl_dn_0: 1.2293 (1.2225)  loss_ddf_dn_0: 0.0892 (0.0925)  loss_mal_dn_1: 0.4934 (0.4854)  loss_bbox_dn_1: 0.0160 (0.0155)  loss_giou_dn_1: 0.2044 (0.2008)  loss_fgl_dn_1: 1.1562 (1.1604)  loss_ddf_dn_1: 0.0045 (0.0045)  loss_mal_dn_2: 0.4928 (0.4840)  loss_bbox_dn_2: 0.0161 (0.0155)  loss_giou_dn_2: 0.2041 (0.2002)  loss_fgl_dn_2: 1.1568 (1.1601)  loss_ddf_dn_2: -0.0000 (0.0000)  loss_mal_dn_pre: 0.6001 (0.5977)  loss_bbox_dn_pre: 0.0217 (0.0214)  loss_giou_dn_pre: 0.2735 (0.2718)
Test:  [0/9]  eta: 0:00:02    time: 0.3283  data: 0.2466  max mem: 5224
Test:  [8/9]  eta: 0:00:00    time: 0.1462  data: 0.0434  max mem: 5224
Test: Total time: 0:00:01 (0.1500 s / it)
Metrics: {'f1': 0.9688581314878894, 'precision': 0.9655172413793104, 'recall': 0.9722222222222222, 'iou': 0.6609907710312197, 'TPs': 140, 'FPs': 5, 'FNs': 4}
Averaged stats: 
Accumulating evaluation results...
COCOeval_opt.accumulate() finished...
DONE (t=0.01s).
IoU metric: bbox
 Average Precision  (AP) @[ IoU=0.50:0.95 | area=   all | maxDets=100 ] = 0.355
 Average Precision  (AP) @[ IoU=0.50      | area=   all | maxDets=100 ] = 0.952
 Average Precision  (AP) @[ IoU=0.75      | area=   all | maxDets=100 ] = 0.121
 Average Precision  (AP) @[ IoU=0.50:0.95 | area= small | maxDets=100 ] = 0.355
 Average Precision  (AP) @[ IoU=0.50:0.95 | area=medium | maxDets=100 ] = -1.000
 Average Precision  (AP) @[ IoU=0.50:0.95 | area= large | maxDets=100 ] = -1.000
 Average Recall     (AR) @[ IoU=0.50:0.95 | area=   all | maxDets=  1 ] = 0.208
 Average Recall     (AR) @[ IoU=0.50:0.95 | area=   all | maxDets= 10 ] = 0.470
 Average Recall     (AR) @[ IoU=0.50:0.95 | area=   all | maxDets=100 ] = 0.572
 Average Recall     (AR) @[ IoU=0.50:0.95 | area= small | maxDets=100 ] = 0.572
 Average Recall     (AR) @[ IoU=0.50:0.95 | area=medium | maxDets=100 ] = -1.000
 Average Recall     (AR) @[ IoU=0.50:0.95 | area= large | maxDets=100 ] = -1.000
 Average Recall     (AR) @[ IoU=0.50      | area=   all | maxDets=100 ] = 0.993
 Average Recall     (AR) @[ IoU=0.75      | area=   all | maxDets=100 ] = 0.535
best_stat: {'epoch': 3, 'coco_eval_bbox': 0.37821048554885567}
Epoch: [23/30]  [ 0/44]  eta: 0:00:34  lr: 0.000100  loss: 15.1058 (15.1058)  loss_mal: 0.5460 (0.5460)  loss_bbox: 0.0191 (0.0191)  loss_giou: 0.2541 (0.2541)  loss_fgl: 1.1545 (1.1545)  loss_mal_aux_0: 0.6249 (0.6249)  loss_bbox_aux_0: 0.0210 (0.0210)  loss_giou_aux_0: 0.2725 (0.2725)  loss_fgl_aux_0: 1.1752 (1.1752)  loss_ddf_aux_0: 0.0177 (0.0177)  loss_mal_aux_1: 0.5538 (0.5538)  loss_bbox_aux_1: 0.0190 (0.0190)  loss_giou_aux_1: 0.2529 (0.2529)  loss_fgl_aux_1: 1.1535 (1.1535)  loss_ddf_aux_1: 0.0004 (0.0004)  loss_mal_pre: 0.6193 (0.6193)  loss_bbox_pre: 0.0209 (0.0209)  loss_giou_pre: 0.2721 (0.2721)  loss_mal_enc_0: 0.6424 (0.6424)  loss_bbox_enc_0: 0.0240 (0.0240)  loss_giou_enc_0: 0.3046 (0.3046)  loss_mal_dn_0: 0.6469 (0.6469)  loss_bbox_dn_0: 0.0276 (0.0276)  loss_giou_dn_0: 0.3408 (0.3408)  loss_fgl_dn_0: 1.2089 (1.2089)  loss_ddf_dn_0: 0.1083 (0.1083)  loss_mal_dn_1: 0.5260 (0.5260)  loss_bbox_dn_1: 0.0176 (0.0176)  loss_giou_dn_1: 0.2345 (0.2345)  loss_fgl_dn_1: 1.1202 (1.1202)  loss_ddf_dn_1: 0.0045 (0.0045)  loss_mal_dn_2: 0.5302 (0.5302)  loss_bbox_dn_2: 0.0179 (0.0179)  loss_giou_dn_2: 0.2389 (0.2389)  loss_fgl_dn_2: 1.1243 (1.1243)  loss_ddf_dn_2: -0.0000 (0.0000)  loss_mal_dn_pre: 0.6473 (0.6473)  loss_bbox_dn_pre: 0.0272 (0.0272)  loss_giou_dn_pre: 0.3368 (0.3368)  time: 0.7762  data: 0.2820  max mem: 5224
Epoch: [23/30]  [10/44]  eta: 0:00:19  lr: 0.000100  loss: 14.5172 (14.3681)  loss_mal: 0.5085 (0.5023)  loss_bbox: 0.0178 (0.0167)  loss_giou: 0.2176 (0.2086)  loss_fgl: 1.1826 (1.1730)  loss_mal_aux_0: 0.6135 (0.6088)  loss_bbox_aux_0: 0.0201 (0.0183)  loss_giou_aux_0: 0.2390 (0.2276)  loss_fgl_aux_0: 1.2042 (1.1877)  loss_ddf_aux_0: 0.0175 (0.0174)  loss_mal_aux_1: 0.5273 (0.5098)  loss_bbox_aux_1: 0.0176 (0.0167)  loss_giou_aux_1: 0.2161 (0.2081)  loss_fgl_aux_1: 1.1831 (1.1729)  loss_ddf_aux_1: 0.0004 (0.0004)  loss_mal_pre: 0.6188 (0.6050)  loss_bbox_pre: 0.0201 (0.0182)  loss_giou_pre: 0.2382 (0.2263)  loss_mal_enc_0: 0.6439 (0.6518)  loss_bbox_enc_0: 0.0233 (0.0216)  loss_giou_enc_0: 0.2746 (0.2756)  loss_mal_dn_0: 0.5760 (0.5827)  loss_bbox_dn_0: 0.0205 (0.0208)  loss_giou_dn_0: 0.2529 (0.2623)  loss_fgl_dn_0: 1.2083 (1.2069)  loss_ddf_dn_0: 0.0852 (0.0915)  loss_mal_dn_1: 0.4701 (0.4777)  loss_bbox_dn_1: 0.0149 (0.0151)  loss_giou_dn_1: 0.1859 (0.1932)  loss_fgl_dn_1: 1.1474 (1.1471)  loss_ddf_dn_1: 0.0037 (0.0037)  loss_mal_dn_2: 0.4679 (0.4767)  loss_bbox_dn_2: 0.0148 (0.0151)  loss_giou_dn_2: 0.1856 (0.1935)  loss_fgl_dn_2: 1.1474 (1.1467)  loss_ddf_dn_2: -0.0000 (0.0000)  loss_mal_dn_pre: 0.5817 (0.5867)  loss_bbox_dn_pre: 0.0206 (0.0207)  loss_giou_dn_pre: 0.2505 (0.2607)  time: 0.5800  data: 0.0396  max mem: 5224
Epoch: [23/30]  [20/44]  eta: 0:00:13  lr: 0.000100  loss: 14.3068 (14.5242)  loss_mal: 0.4977 (0.5083)  loss_bbox: 0.0157 (0.0170)  loss_giou: 0.2122 (0.2170)  loss_fgl: 1.1760 (1.1842)  loss_mal_aux_0: 0.5791 (0.6010)  loss_bbox_aux_0: 0.0179 (0.0187)  loss_giou_aux_0: 0.2314 (0.2374)  loss_fgl_aux_0: 1.1991 (1.2000)  loss_ddf_aux_0: 0.0164 (0.0171)  loss_mal_aux_1: 0.5037 (0.5163)  loss_bbox_aux_1: 0.0158 (0.0171)  loss_giou_aux_1: 0.2106 (0.2168)  loss_fgl_aux_1: 1.1771 (1.1843)  loss_ddf_aux_1: 0.0005 (0.0005)  loss_mal_pre: 0.5748 (0.5983)  loss_bbox_pre: 0.0177 (0.0186)  loss_giou_pre: 0.2316 (0.2362)  loss_mal_enc_0: 0.6439 (0.6506)  loss_bbox_enc_0: 0.0218 (0.0220)  loss_giou_enc_0: 0.2720 (0.2811)  loss_mal_dn_0: 0.5734 (0.5874)  loss_bbox_dn_0: 0.0200 (0.0209)  loss_giou_dn_0: 0.2529 (0.2671)  loss_fgl_dn_0: 1.2083 (1.2169)  loss_ddf_dn_0: 0.0875 (0.0940)  loss_mal_dn_1: 0.4701 (0.4843)  loss_bbox_dn_1: 0.0145 (0.0152)  loss_giou_dn_1: 0.1859 (0.1986)  loss_fgl_dn_1: 1.1559 (1.1594)  loss_ddf_dn_1: 0.0038 (0.0040)  loss_mal_dn_2: 0.4679 (0.4829)  loss_bbox_dn_2: 0.0143 (0.0152)  loss_giou_dn_2: 0.1856 (0.1984)  loss_fgl_dn_2: 1.1566 (1.1589)  loss_ddf_dn_2: -0.0000 (0.0000)  loss_mal_dn_pre: 0.5812 (0.5917)  loss_bbox_dn_pre: 0.0200 (0.0208)  loss_giou_dn_pre: 0.2505 (0.2661)  time: 0.5690  data: 0.0152  max mem: 5224
Epoch: [23/30]  [30/44]  eta: 0:00:08  lr: 0.000100  loss: 14.7224 (14.6332)  loss_mal: 0.4986 (0.5109)  loss_bbox: 0.0165 (0.0174)  loss_giou: 0.2186 (0.2221)  loss_fgl: 1.1978 (1.1903)  loss_mal_aux_0: 0.5742 (0.5924)  loss_bbox_aux_0: 0.0183 (0.0190)  loss_giou_aux_0: 0.2508 (0.2421)  loss_fgl_aux_0: 1.2073 (1.2058)  loss_ddf_aux_0: 0.0166 (0.0172)  loss_mal_aux_1: 0.5110 (0.5181)  loss_bbox_aux_1: 0.0169 (0.0174)  loss_giou_aux_1: 0.2181 (0.2222)  loss_fgl_aux_1: 1.1984 (1.1905)  loss_ddf_aux_1: 0.0005 (0.0005)  loss_mal_pre: 0.5718 (0.5906)  loss_bbox_pre: 0.0183 (0.0190)  loss_giou_pre: 0.2481 (0.2414)  loss_mal_enc_0: 0.6443 (0.6549)  loss_bbox_enc_0: 0.0238 (0.0228)  loss_giou_enc_0: 0.2875 (0.2889)  loss_mal_dn_0: 0.5950 (0.5932)  loss_bbox_dn_0: 0.0210 (0.0214)  loss_giou_dn_0: 0.2737 (0.2742)  loss_fgl_dn_0: 1.2247 (1.2237)  loss_ddf_dn_0: 0.0932 (0.0931)  loss_mal_dn_1: 0.4886 (0.4900)  loss_bbox_dn_1: 0.0150 (0.0155)  loss_giou_dn_1: 0.2021 (0.2035)  loss_fgl_dn_1: 1.1746 (1.1667)  loss_ddf_dn_1: 0.0036 (0.0039)  loss_mal_dn_2: 0.4866 (0.4885)  loss_bbox_dn_2: 0.0149 (0.0155)  loss_giou_dn_2: 0.2014 (0.2031)  loss_fgl_dn_2: 1.1734 (1.1660)  loss_ddf_dn_2: -0.0000 (0.0000)  loss_mal_dn_pre: 0.5970 (0.5971)  loss_bbox_dn_pre: 0.0208 (0.0213)  loss_giou_dn_pre: 0.2732 (0.2730)  time: 0.5761  data: 0.0157  max mem: 5224
Epoch: [23/30]  [40/44]  eta: 0:00:02  lr: 0.000100  loss: 14.7628 (14.6283)  loss_mal: 0.5165 (0.5109)  loss_bbox: 0.0182 (0.0177)  loss_giou: 0.2304 (0.2229)  loss_fgl: 1.1978 (1.1896)  loss_mal_aux_0: 0.5804 (0.5867)  loss_bbox_aux_0: 0.0183 (0.0190)  loss_giou_aux_0: 0.2508 (0.2405)  loss_fgl_aux_0: 1.2031 (1.2035)  loss_ddf_aux_0: 0.0165 (0.0167)  loss_mal_aux_1: 0.5221 (0.5171)  loss_bbox_aux_1: 0.0182 (0.0177)  loss_giou_aux_1: 0.2293 (0.2231)  loss_fgl_aux_1: 1.1984 (1.1898)  loss_ddf_aux_1: 0.0005 (0.0005)  loss_mal_pre: 0.5770 (0.5843)  loss_bbox_pre: 0.0183 (0.0189)  loss_giou_pre: 0.2535 (0.2391)  loss_mal_enc_0: 0.6688 (0.6566)  loss_bbox_enc_0: 0.0238 (0.0228)  loss_giou_enc_0: 0.2991 (0.2879)  loss_mal_dn_0: 0.6013 (0.5951)  loss_bbox_dn_0: 0.0220 (0.0216)  loss_giou_dn_0: 0.2869 (0.2762)  loss_fgl_dn_0: 1.2266 (1.2230)  loss_ddf_dn_0: 0.0863 (0.0910)  loss_mal_dn_1: 0.5061 (0.4926)  loss_bbox_dn_1: 0.0165 (0.0159)  loss_giou_dn_1: 0.2151 (0.2056)  loss_fgl_dn_1: 1.1731 (1.1664)  loss_ddf_dn_1: 0.0034 (0.0037)  loss_mal_dn_2: 0.5046 (0.4908)  loss_bbox_dn_2: 0.0163 (0.0159)  loss_giou_dn_2: 0.2122 (0.2049)  loss_fgl_dn_2: 1.1675 (1.1657)  loss_ddf_dn_2: -0.0000 (0.0000)  loss_mal_dn_pre: 0.6055 (0.5987)  loss_bbox_dn_pre: 0.0217 (0.0215)  loss_giou_dn_pre: 0.2822 (0.2747)  time: 0.5745  data: 0.0158  max mem: 5224
Epoch: [23/30]  [43/44]  eta: 0:00:00  lr: 0.000100  loss: 14.8499 (14.6668)  loss_mal: 0.5176 (0.5130)  loss_bbox: 0.0182 (0.0179)  loss_giou: 0.2331 (0.2251)  loss_fgl: 1.1978 (1.1911)  loss_mal_aux_0: 0.5731 (0.5858)  loss_bbox_aux_0: 0.0183 (0.0192)  loss_giou_aux_0: 0.2508 (0.2425)  loss_fgl_aux_0: 1.2031 (1.2047)  loss_ddf_aux_0: 0.0158 (0.0166)  loss_mal_aux_1: 0.5264 (0.5194)  loss_bbox_aux_1: 0.0182 (0.0179)  loss_giou_aux_1: 0.2367 (0.2252)  loss_fgl_aux_1: 1.1984 (1.1914)  loss_ddf_aux_1: 0.0005 (0.0005)  loss_mal_pre: 0.5718 (0.5835)  loss_bbox_pre: 0.0183 (0.0191)  loss_giou_pre: 0.2535 (0.2411)  loss_mal_enc_0: 0.6640 (0.6573)  loss_bbox_enc_0: 0.0230 (0.0230)  loss_giou_enc_0: 0.2927 (0.2900)  loss_mal_dn_0: 0.6109 (0.5965)  loss_bbox_dn_0: 0.0220 (0.0218)  loss_giou_dn_0: 0.2962 (0.2781)  loss_fgl_dn_0: 1.2266 (1.2244)  loss_ddf_dn_0: 0.0849 (0.0905)  loss_mal_dn_1: 0.5093 (0.4949)  loss_bbox_dn_1: 0.0165 (0.0160)  loss_giou_dn_1: 0.2164 (0.2073)  loss_fgl_dn_1: 1.1731 (1.1682)  loss_ddf_dn_1: 0.0033 (0.0036)  loss_mal_dn_2: 0.5054 (0.4930)  loss_bbox_dn_2: 0.0163 (0.0160)  loss_giou_dn_2: 0.2127 (0.2066)  loss_fgl_dn_2: 1.1675 (1.1675)  loss_ddf_dn_2: -0.0000 (0.0000)  loss_mal_dn_pre: 0.6108 (0.6000)  loss_bbox_dn_pre: 0.0217 (0.0216)  loss_giou_dn_pre: 0.2971 (0.2765)  time: 0.5775  data: 0.0155  max mem: 5224
Epoch: [23/30] Total time: 0:00:25 (0.5755 s / it)
Averaged stats: lr: 0.000100  loss: 14.8499 (14.6668)  loss_mal: 0.5176 (0.5130)  loss_bbox: 0.0182 (0.0179)  loss_giou: 0.2331 (0.2251)  loss_fgl: 1.1978 (1.1911)  loss_mal_aux_0: 0.5731 (0.5858)  loss_bbox_aux_0: 0.0183 (0.0192)  loss_giou_aux_0: 0.2508 (0.2425)  loss_fgl_aux_0: 1.2031 (1.2047)  loss_ddf_aux_0: 0.0158 (0.0166)  loss_mal_aux_1: 0.5264 (0.5194)  loss_bbox_aux_1: 0.0182 (0.0179)  loss_giou_aux_1: 0.2367 (0.2252)  loss_fgl_aux_1: 1.1984 (1.1914)  loss_ddf_aux_1: 0.0005 (0.0005)  loss_mal_pre: 0.5718 (0.5835)  loss_bbox_pre: 0.0183 (0.0191)  loss_giou_pre: 0.2535 (0.2411)  loss_mal_enc_0: 0.6640 (0.6573)  loss_bbox_enc_0: 0.0230 (0.0230)  loss_giou_enc_0: 0.2927 (0.2900)  loss_mal_dn_0: 0.6109 (0.5965)  loss_bbox_dn_0: 0.0220 (0.0218)  loss_giou_dn_0: 0.2962 (0.2781)  loss_fgl_dn_0: 1.2266 (1.2244)  loss_ddf_dn_0: 0.0849 (0.0905)  loss_mal_dn_1: 0.5093 (0.4949)  loss_bbox_dn_1: 0.0165 (0.0160)  loss_giou_dn_1: 0.2164 (0.2073)  loss_fgl_dn_1: 1.1731 (1.1682)  loss_ddf_dn_1: 0.0033 (0.0036)  loss_mal_dn_2: 0.5054 (0.4930)  loss_bbox_dn_2: 0.0163 (0.0160)  loss_giou_dn_2: 0.2127 (0.2066)  loss_fgl_dn_2: 1.1675 (1.1675)  loss_ddf_dn_2: -0.0000 (0.0000)  loss_mal_dn_pre: 0.6108 (0.6000)  loss_bbox_dn_pre: 0.0217 (0.0216)  loss_giou_dn_pre: 0.2971 (0.2765)
Test:  [0/9]  eta: 0:00:02    time: 0.3240  data: 0.2335  max mem: 5224
Test:  [8/9]  eta: 0:00:00    time: 0.1445  data: 0.0397  max mem: 5224
Test: Total time: 0:00:01 (0.1480 s / it)
Metrics: {'f1': 0.9655172413793104, 'precision': 0.958904109589041, 'recall': 0.9722222222222222, 'iou': 0.6565687159697214, 'TPs': 140, 'FPs': 6, 'FNs': 4}
Averaged stats: 
Accumulating evaluation results...
COCOeval_opt.accumulate() finished...
DONE (t=0.01s).
IoU metric: bbox
 Average Precision  (AP) @[ IoU=0.50:0.95 | area=   all | maxDets=100 ] = 0.351
 Average Precision  (AP) @[ IoU=0.50      | area=   all | maxDets=100 ] = 0.939
 Average Precision  (AP) @[ IoU=0.75      | area=   all | maxDets=100 ] = 0.120
 Average Precision  (AP) @[ IoU=0.50:0.95 | area= small | maxDets=100 ] = 0.351
 Average Precision  (AP) @[ IoU=0.50:0.95 | area=medium | maxDets=100 ] = -1.000
 Average Precision  (AP) @[ IoU=0.50:0.95 | area= large | maxDets=100 ] = -1.000
 Average Recall     (AR) @[ IoU=0.50:0.95 | area=   all | maxDets=  1 ] = 0.212
 Average Recall     (AR) @[ IoU=0.50:0.95 | area=   all | maxDets= 10 ] = 0.470
 Average Recall     (AR) @[ IoU=0.50:0.95 | area=   all | maxDets=100 ] = 0.571
 Average Recall     (AR) @[ IoU=0.50:0.95 | area= small | maxDets=100 ] = 0.571
 Average Recall     (AR) @[ IoU=0.50:0.95 | area=medium | maxDets=100 ] = -1.000
 Average Recall     (AR) @[ IoU=0.50:0.95 | area= large | maxDets=100 ] = -1.000
 Average Recall     (AR) @[ IoU=0.50      | area=   all | maxDets=100 ] = 0.993
 Average Recall     (AR) @[ IoU=0.75      | area=   all | maxDets=100 ] = 0.535
best_stat: {'epoch': 3, 'coco_eval_bbox': 0.37821048554885567}
Epoch: [24/30]  [ 0/44]  eta: 0:00:31  lr: 0.000100  loss: 13.8813 (13.8813)  loss_mal: 0.4569 (0.4569)  loss_bbox: 0.0127 (0.0127)  loss_giou: 0.1818 (0.1818)  loss_fgl: 1.1483 (1.1483)  loss_mal_aux_0: 0.5637 (0.5637)  loss_bbox_aux_0: 0.0143 (0.0143)  loss_giou_aux_0: 0.1950 (0.1950)  loss_fgl_aux_0: 1.1660 (1.1660)  loss_ddf_aux_0: 0.0212 (0.0212)  loss_mal_aux_1: 0.4595 (0.4595)  loss_bbox_aux_1: 0.0127 (0.0127)  loss_giou_aux_1: 0.1823 (0.1823)  loss_fgl_aux_1: 1.1488 (1.1488)  loss_ddf_aux_1: 0.0004 (0.0004)  loss_mal_pre: 0.5665 (0.5665)  loss_bbox_pre: 0.0140 (0.0140)  loss_giou_pre: 0.1954 (0.1954)  loss_mal_enc_0: 0.7132 (0.7132)  loss_bbox_enc_0: 0.0239 (0.0239)  loss_giou_enc_0: 0.2755 (0.2755)  loss_mal_dn_0: 0.5718 (0.5718)  loss_bbox_dn_0: 0.0187 (0.0187)  loss_giou_dn_0: 0.2564 (0.2564)  loss_fgl_dn_0: 1.2021 (1.2021)  loss_ddf_dn_0: 0.0836 (0.0836)  loss_mal_dn_1: 0.4506 (0.4506)  loss_bbox_dn_1: 0.0129 (0.0129)  loss_giou_dn_1: 0.1738 (0.1738)  loss_fgl_dn_1: 1.1353 (1.1353)  loss_ddf_dn_1: 0.0019 (0.0019)  loss_mal_dn_2: 0.4495 (0.4495)  loss_bbox_dn_2: 0.0129 (0.0129)  loss_giou_dn_2: 0.1736 (0.1736)  loss_fgl_dn_2: 1.1338 (1.1338)  loss_ddf_dn_2: -0.0000 (0.0000)  loss_mal_dn_pre: 0.5767 (0.5767)  loss_bbox_dn_pre: 0.0187 (0.0187)  loss_giou_dn_pre: 0.2571 (0.2571)  time: 0.7233  data: 0.2500  max mem: 5224
Epoch: [24/30]  [10/44]  eta: 0:00:20  lr: 0.000100  loss: 14.4509 (14.7486)  loss_mal: 0.5074 (0.5118)  loss_bbox: 0.0186 (0.0177)  loss_giou: 0.2195 (0.2257)  loss_fgl: 1.1874 (1.1897)  loss_mal_aux_0: 0.5995 (0.5956)  loss_bbox_aux_0: 0.0202 (0.0206)  loss_giou_aux_0: 0.2301 (0.2567)  loss_fgl_aux_0: 1.2171 (1.2188)  loss_ddf_aux_0: 0.0189 (0.0183)  loss_mal_aux_1: 0.5143 (0.5201)  loss_bbox_aux_1: 0.0184 (0.0178)  loss_giou_aux_1: 0.2178 (0.2257)  loss_fgl_aux_1: 1.1865 (1.1897)  loss_ddf_aux_1: 0.0005 (0.0006)  loss_mal_pre: 0.5959 (0.5919)  loss_bbox_pre: 0.0199 (0.0203)  loss_giou_pre: 0.2281 (0.2539)  loss_mal_enc_0: 0.6582 (0.6635)  loss_bbox_enc_0: 0.0238 (0.0235)  loss_giou_enc_0: 0.2762 (0.2893)  loss_mal_dn_0: 0.5893 (0.6028)  loss_bbox_dn_0: 0.0217 (0.0223)  loss_giou_dn_0: 0.2705 (0.2834)  loss_fgl_dn_0: 1.2302 (1.2401)  loss_ddf_dn_0: 0.0836 (0.0858)  loss_mal_dn_1: 0.4839 (0.4889)  loss_bbox_dn_1: 0.0149 (0.0156)  loss_giou_dn_1: 0.1993 (0.2026)  loss_fgl_dn_1: 1.1585 (1.1711)  loss_ddf_dn_1: 0.0032 (0.0035)  loss_mal_dn_2: 0.4819 (0.4862)  loss_bbox_dn_2: 0.0149 (0.0155)  loss_giou_dn_2: 0.1986 (0.2014)  loss_fgl_dn_2: 1.1600 (1.1706)  loss_ddf_dn_2: -0.0000 (0.0000)  loss_mal_dn_pre: 0.5900 (0.6052)  loss_bbox_dn_pre: 0.0214 (0.0220)  loss_giou_dn_pre: 0.2672 (0.2807)  time: 0.6058  data: 0.0385  max mem: 5224
Epoch: [24/30]  [20/44]  eta: 0:00:14  lr: 0.000100  loss: 14.6709 (14.7303)  loss_mal: 0.5104 (0.5142)  loss_bbox: 0.0172 (0.0177)  loss_giou: 0.2213 (0.2238)  loss_fgl: 1.1785 (1.1869)  loss_mal_aux_0: 0.5995 (0.6008)  loss_bbox_aux_0: 0.0196 (0.0203)  loss_giou_aux_0: 0.2369 (0.2496)  loss_fgl_aux_0: 1.1947 (1.2073)  loss_ddf_aux_0: 0.0177 (0.0180)  loss_mal_aux_1: 0.5208 (0.5209)  loss_bbox_aux_1: 0.0170 (0.0178)  loss_giou_aux_1: 0.2203 (0.2238)  loss_fgl_aux_1: 1.1761 (1.1868)  loss_ddf_aux_1: 0.0006 (0.0006)  loss_mal_pre: 0.5959 (0.5965)  loss_bbox_pre: 0.0196 (0.0200)  loss_giou_pre: 0.2334 (0.2466)  loss_mal_enc_0: 0.6582 (0.6622)  loss_bbox_enc_0: 0.0230 (0.0233)  loss_giou_enc_0: 0.2794 (0.2858)  loss_mal_dn_0: 0.5943 (0.6047)  loss_bbox_dn_0: 0.0220 (0.0230)  loss_giou_dn_0: 0.2754 (0.2862)  loss_fgl_dn_0: 1.2138 (1.2285)  loss_ddf_dn_0: 0.0946 (0.0948)  loss_mal_dn_1: 0.4864 (0.4931)  loss_bbox_dn_1: 0.0159 (0.0160)  loss_giou_dn_1: 0.2031 (0.2058)  loss_fgl_dn_1: 1.1490 (1.1632)  loss_ddf_dn_1: 0.0035 (0.0037)  loss_mal_dn_2: 0.4863 (0.4912)  loss_bbox_dn_2: 0.0158 (0.0160)  loss_giou_dn_2: 0.2028 (0.2049)  loss_fgl_dn_2: 1.1504 (1.1630)  loss_ddf_dn_2: -0.0000 (0.0000)  loss_mal_dn_pre: 0.5951 (0.6072)  loss_bbox_dn_pre: 0.0218 (0.0227)  loss_giou_dn_pre: 0.2744 (0.2832)  time: 0.5828  data: 0.0166  max mem: 5224
Epoch: [24/30]  [30/44]  eta: 0:00:08  lr: 0.000100  loss: 14.6122 (14.6869)  loss_mal: 0.4998 (0.5108)  loss_bbox: 0.0165 (0.0173)  loss_giou: 0.2112 (0.2203)  loss_fgl: 1.1804 (1.1865)  loss_mal_aux_0: 0.5834 (0.5932)  loss_bbox_aux_0: 0.0178 (0.0193)  loss_giou_aux_0: 0.2322 (0.2435)  loss_fgl_aux_0: 1.1915 (1.2040)  loss_ddf_aux_0: 0.0168 (0.0180)  loss_mal_aux_1: 0.5208 (0.5196)  loss_bbox_aux_1: 0.0166 (0.0173)  loss_giou_aux_1: 0.2117 (0.2206)  loss_fgl_aux_1: 1.1818 (1.1866)  loss_ddf_aux_1: 0.0006 (0.0006)  loss_mal_pre: 0.5840 (0.5897)  loss_bbox_pre: 0.0177 (0.0191)  loss_giou_pre: 0.2297 (0.2411)  loss_mal_enc_0: 0.6636 (0.6582)  loss_bbox_enc_0: 0.0216 (0.0229)  loss_giou_enc_0: 0.2846 (0.2871)  loss_mal_dn_0: 0.6026 (0.6074)  loss_bbox_dn_0: 0.0223 (0.0227)  loss_giou_dn_0: 0.2766 (0.2899)  loss_fgl_dn_0: 1.2176 (1.2291)  loss_ddf_dn_0: 0.1018 (0.0970)  loss_mal_dn_1: 0.4910 (0.4914)  loss_bbox_dn_1: 0.0156 (0.0157)  loss_giou_dn_1: 0.2005 (0.2037)  loss_fgl_dn_1: 1.1565 (1.1617)  loss_ddf_dn_1: 0.0037 (0.0037)  loss_mal_dn_2: 0.4863 (0.4890)  loss_bbox_dn_2: 0.0153 (0.0157)  loss_giou_dn_2: 0.1989 (0.2026)  loss_fgl_dn_2: 1.1568 (1.1612)  loss_ddf_dn_2: -0.0000 (0.0000)  loss_mal_dn_pre: 0.6055 (0.6102)  loss_bbox_dn_pre: 0.0222 (0.0225)  loss_giou_dn_pre: 0.2748 (0.2876)  time: 0.5656  data: 0.0166  max mem: 5224
Epoch: [24/30]  [40/44]  eta: 0:00:02  lr: 0.000100  loss: 14.5730 (14.7356)  loss_mal: 0.4930 (0.5116)  loss_bbox: 0.0160 (0.0174)  loss_giou: 0.2075 (0.2220)  loss_fgl: 1.1863 (1.1895)  loss_mal_aux_0: 0.5590 (0.5911)  loss_bbox_aux_0: 0.0178 (0.0194)  loss_giou_aux_0: 0.2303 (0.2460)  loss_fgl_aux_0: 1.1890 (1.2073)  loss_ddf_aux_0: 0.0174 (0.0178)  loss_mal_aux_1: 0.4956 (0.5198)  loss_bbox_aux_1: 0.0159 (0.0174)  loss_giou_aux_1: 0.2079 (0.2221)  loss_fgl_aux_1: 1.1894 (1.1897)  loss_ddf_aux_1: 0.0006 (0.0006)  loss_mal_pre: 0.5593 (0.5882)  loss_bbox_pre: 0.0176 (0.0192)  loss_giou_pre: 0.2295 (0.2439)  loss_mal_enc_0: 0.6384 (0.6565)  loss_bbox_enc_0: 0.0216 (0.0231)  loss_giou_enc_0: 0.2846 (0.2897)  loss_mal_dn_0: 0.6022 (0.6092)  loss_bbox_dn_0: 0.0220 (0.0227)  loss_giou_dn_0: 0.2934 (0.2920)  loss_fgl_dn_0: 1.2261 (1.2316)  loss_ddf_dn_0: 0.0934 (0.0983)  loss_mal_dn_1: 0.4847 (0.4952)  loss_bbox_dn_1: 0.0146 (0.0159)  loss_giou_dn_1: 0.1975 (0.2063)  loss_fgl_dn_1: 1.1602 (1.1651)  loss_ddf_dn_1: 0.0035 (0.0037)  loss_mal_dn_2: 0.4788 (0.4931)  loss_bbox_dn_2: 0.0147 (0.0158)  loss_giou_dn_2: 0.1949 (0.2054)  loss_fgl_dn_2: 1.1568 (1.1646)  loss_ddf_dn_2: -0.0000 (0.0000)  loss_mal_dn_pre: 0.6055 (0.6119)  loss_bbox_dn_pre: 0.0221 (0.0225)  loss_giou_dn_pre: 0.2906 (0.2901)  time: 0.5686  data: 0.0169  max mem: 5224
Epoch: [24/30]  [43/44]  eta: 0:00:00  lr: 0.000100  loss: 14.4492 (14.7106)  loss_mal: 0.4903 (0.5099)  loss_bbox: 0.0151 (0.0172)  loss_giou: 0.2105 (0.2209)  loss_fgl: 1.1730 (1.1879)  loss_mal_aux_0: 0.5590 (0.5893)  loss_bbox_aux_0: 0.0167 (0.0192)  loss_giou_aux_0: 0.2303 (0.2461)  loss_fgl_aux_0: 1.1874 (1.2057)  loss_ddf_aux_0: 0.0181 (0.0179)  loss_mal_aux_1: 0.4940 (0.5179)  loss_bbox_aux_1: 0.0153 (0.0172)  loss_giou_aux_1: 0.2061 (0.2211)  loss_fgl_aux_1: 1.1723 (1.1881)  loss_ddf_aux_1: 0.0006 (0.0006)  loss_mal_pre: 0.5593 (0.5865)  loss_bbox_pre: 0.0167 (0.0191)  loss_giou_pre: 0.2295 (0.2441)  loss_mal_enc_0: 0.6345 (0.6565)  loss_bbox_enc_0: 0.0214 (0.0230)  loss_giou_enc_0: 0.2816 (0.2902)  loss_mal_dn_0: 0.5984 (0.6080)  loss_bbox_dn_0: 0.0214 (0.0224)  loss_giou_dn_0: 0.2764 (0.2906)  loss_fgl_dn_0: 1.2180 (1.2302)  loss_ddf_dn_0: 0.0932 (0.0985)  loss_mal_dn_1: 0.4787 (0.4942)  loss_bbox_dn_1: 0.0143 (0.0157)  loss_giou_dn_1: 0.1975 (0.2056)  loss_fgl_dn_1: 1.1602 (1.1646)  loss_ddf_dn_1: 0.0036 (0.0038)  loss_mal_dn_2: 0.4788 (0.4920)  loss_bbox_dn_2: 0.0144 (0.0156)  loss_giou_dn_2: 0.1968 (0.2047)  loss_fgl_dn_2: 1.1568 (1.1641)  loss_ddf_dn_2: -0.0000 (0.0000)  loss_mal_dn_pre: 0.6025 (0.6109)  loss_bbox_dn_pre: 0.0214 (0.0223)  loss_giou_dn_pre: 0.2766 (0.2888)  time: 0.5715  data: 0.0164  max mem: 5224
Epoch: [24/30] Total time: 0:00:25 (0.5792 s / it)
Averaged stats: lr: 0.000100  loss: 14.4492 (14.7106)  loss_mal: 0.4903 (0.5099)  loss_bbox: 0.0151 (0.0172)  loss_giou: 0.2105 (0.2209)  loss_fgl: 1.1730 (1.1879)  loss_mal_aux_0: 0.5590 (0.5893)  loss_bbox_aux_0: 0.0167 (0.0192)  loss_giou_aux_0: 0.2303 (0.2461)  loss_fgl_aux_0: 1.1874 (1.2057)  loss_ddf_aux_0: 0.0181 (0.0179)  loss_mal_aux_1: 0.4940 (0.5179)  loss_bbox_aux_1: 0.0153 (0.0172)  loss_giou_aux_1: 0.2061 (0.2211)  loss_fgl_aux_1: 1.1723 (1.1881)  loss_ddf_aux_1: 0.0006 (0.0006)  loss_mal_pre: 0.5593 (0.5865)  loss_bbox_pre: 0.0167 (0.0191)  loss_giou_pre: 0.2295 (0.2441)  loss_mal_enc_0: 0.6345 (0.6565)  loss_bbox_enc_0: 0.0214 (0.0230)  loss_giou_enc_0: 0.2816 (0.2902)  loss_mal_dn_0: 0.5984 (0.6080)  loss_bbox_dn_0: 0.0214 (0.0224)  loss_giou_dn_0: 0.2764 (0.2906)  loss_fgl_dn_0: 1.2180 (1.2302)  loss_ddf_dn_0: 0.0932 (0.0985)  loss_mal_dn_1: 0.4787 (0.4942)  loss_bbox_dn_1: 0.0143 (0.0157)  loss_giou_dn_1: 0.1975 (0.2056)  loss_fgl_dn_1: 1.1602 (1.1646)  loss_ddf_dn_1: 0.0036 (0.0038)  loss_mal_dn_2: 0.4788 (0.4920)  loss_bbox_dn_2: 0.0144 (0.0156)  loss_giou_dn_2: 0.1968 (0.2047)  loss_fgl_dn_2: 1.1568 (1.1641)  loss_ddf_dn_2: -0.0000 (0.0000)  loss_mal_dn_pre: 0.6025 (0.6109)  loss_bbox_dn_pre: 0.0214 (0.0223)  loss_giou_dn_pre: 0.2766 (0.2888)
Test:  [0/9]  eta: 0:00:03    time: 0.3928  data: 0.2443  max mem: 5224
Test:  [8/9]  eta: 0:00:00    time: 0.1702  data: 0.0402  max mem: 5224
Test: Total time: 0:00:01 (0.1767 s / it)
Metrics: {'f1': 0.9655172413793104, 'precision': 0.958904109589041, 'recall': 0.9722222222222222, 'iou': 0.6566625813643138, 'TPs': 140, 'FPs': 6, 'FNs': 4}
Averaged stats: 
Accumulating evaluation results...
COCOeval_opt.accumulate() finished...
DONE (t=0.01s).
IoU metric: bbox
 Average Precision  (AP) @[ IoU=0.50:0.95 | area=   all | maxDets=100 ] = 0.355
 Average Precision  (AP) @[ IoU=0.50      | area=   all | maxDets=100 ] = 0.945
 Average Precision  (AP) @[ IoU=0.75      | area=   all | maxDets=100 ] = 0.136
 Average Precision  (AP) @[ IoU=0.50:0.95 | area= small | maxDets=100 ] = 0.355
 Average Precision  (AP) @[ IoU=0.50:0.95 | area=medium | maxDets=100 ] = -1.000
 Average Precision  (AP) @[ IoU=0.50:0.95 | area= large | maxDets=100 ] = -1.000
 Average Recall     (AR) @[ IoU=0.50:0.95 | area=   all | maxDets=  1 ] = 0.212
 Average Recall     (AR) @[ IoU=0.50:0.95 | area=   all | maxDets= 10 ] = 0.469
 Average Recall     (AR) @[ IoU=0.50:0.95 | area=   all | maxDets=100 ] = 0.569
 Average Recall     (AR) @[ IoU=0.50:0.95 | area= small | maxDets=100 ] = 0.569
 Average Recall     (AR) @[ IoU=0.50:0.95 | area=medium | maxDets=100 ] = -1.000
 Average Recall     (AR) @[ IoU=0.50:0.95 | area= large | maxDets=100 ] = -1.000
 Average Recall     (AR) @[ IoU=0.50      | area=   all | maxDets=100 ] = 0.993
 Average Recall     (AR) @[ IoU=0.75      | area=   all | maxDets=100 ] = 0.528
best_stat: {'epoch': 3, 'coco_eval_bbox': 0.37821048554885567}
Epoch: [25/30]  [ 0/44]  eta: 0:00:39  lr: 0.000010  loss: 14.2987 (14.2987)  loss_mal: 0.4591 (0.4591)  loss_bbox: 0.0116 (0.0116)  loss_giou: 0.1886 (0.1886)  loss_fgl: 1.1424 (1.1424)  loss_mal_aux_0: 0.5990 (0.5990)  loss_bbox_aux_0: 0.0152 (0.0152)  loss_giou_aux_0: 0.2486 (0.2486)  loss_fgl_aux_0: 1.1879 (1.1879)  loss_ddf_aux_0: 0.0281 (0.0281)  loss_mal_aux_1: 0.4751 (0.4751)  loss_bbox_aux_1: 0.0113 (0.0113)  loss_giou_aux_1: 0.1869 (0.1869)  loss_fgl_aux_1: 1.1396 (1.1396)  loss_ddf_aux_1: 0.0006 (0.0006)  loss_mal_pre: 0.5965 (0.5965)  loss_bbox_pre: 0.0152 (0.0152)  loss_giou_pre: 0.2472 (0.2472)  loss_mal_enc_0: 0.7251 (0.7251)  loss_bbox_enc_0: 0.0237 (0.0237)  loss_giou_enc_0: 0.3216 (0.3216)  loss_mal_dn_0: 0.6083 (0.6083)  loss_bbox_dn_0: 0.0185 (0.0185)  loss_giou_dn_0: 0.2832 (0.2832)  loss_fgl_dn_0: 1.2143 (1.2143)  loss_ddf_dn_0: 0.1107 (0.1107)  loss_mal_dn_1: 0.4604 (0.4604)  loss_bbox_dn_1: 0.0117 (0.0117)  loss_giou_dn_1: 0.1741 (0.1741)  loss_fgl_dn_1: 1.1166 (1.1166)  loss_ddf_dn_1: 0.0033 (0.0033)  loss_mal_dn_2: 0.4603 (0.4603)  loss_bbox_dn_2: 0.0118 (0.0118)  loss_giou_dn_2: 0.1765 (0.1765)  loss_fgl_dn_2: 1.1180 (1.1180)  loss_ddf_dn_2: -0.0000 (0.0000)  loss_mal_dn_pre: 0.6096 (0.6096)  loss_bbox_dn_pre: 0.0183 (0.0183)  loss_giou_dn_pre: 0.2798 (0.2798)  time: 0.8869  data: 0.3050  max mem: 5224
Epoch: [25/30]  [10/44]  eta: 0:00:20  lr: 0.000010  loss: 14.0115 (14.0206)  loss_mal: 0.4591 (0.4650)  loss_bbox: 0.0144 (0.0145)  loss_giou: 0.1894 (0.1915)  loss_fgl: 1.1561 (1.1571)  loss_mal_aux_0: 0.5606 (0.5556)  loss_bbox_aux_0: 0.0163 (0.0167)  loss_giou_aux_0: 0.2300 (0.2239)  loss_fgl_aux_0: 1.1798 (1.1832)  loss_ddf_aux_0: 0.0166 (0.0176)  loss_mal_aux_1: 0.4751 (0.4779)  loss_bbox_aux_1: 0.0141 (0.0144)  loss_giou_aux_1: 0.1911 (0.1898)  loss_fgl_aux_1: 1.1565 (1.1563)  loss_ddf_aux_1: 0.0006 (0.0006)  loss_mal_pre: 0.5631 (0.5546)  loss_bbox_pre: 0.0160 (0.0167)  loss_giou_pre: 0.2274 (0.2236)  loss_mal_enc_0: 0.6281 (0.6338)  loss_bbox_enc_0: 0.0207 (0.0209)  loss_giou_enc_0: 0.2507 (0.2593)  loss_mal_dn_0: 0.5957 (0.5901)  loss_bbox_dn_0: 0.0201 (0.0204)  loss_giou_dn_0: 0.2761 (0.2735)  loss_fgl_dn_0: 1.2145 (1.2147)  loss_ddf_dn_0: 0.1021 (0.0942)  loss_mal_dn_1: 0.4604 (0.4559)  loss_bbox_dn_1: 0.0131 (0.0134)  loss_giou_dn_1: 0.1791 (0.1772)  loss_fgl_dn_1: 1.1364 (1.1367)  loss_ddf_dn_1: 0.0039 (0.0037)  loss_mal_dn_2: 0.4602 (0.4548)  loss_bbox_dn_2: 0.0131 (0.0134)  loss_giou_dn_2: 0.1770 (0.1778)  loss_fgl_dn_2: 1.1371 (1.1371)  loss_ddf_dn_2: -0.0000 (0.0000)  loss_mal_dn_pre: 0.5981 (0.5927)  loss_bbox_dn_pre: 0.0201 (0.0203)  loss_giou_dn_pre: 0.2754 (0.2717)  time: 0.5965  data: 0.0414  max mem: 5224
Epoch: [25/30]  [20/44]  eta: 0:00:13  lr: 0.000010  loss: 13.9133 (13.8322)  loss_mal: 0.4572 (0.4616)  loss_bbox: 0.0138 (0.0138)  loss_giou: 0.1779 (0.1842)  loss_fgl: 1.1561 (1.1549)  loss_mal_aux_0: 0.5425 (0.5428)  loss_bbox_aux_0: 0.0157 (0.0159)  loss_giou_aux_0: 0.2168 (0.2146)  loss_fgl_aux_0: 1.1765 (1.1780)  loss_ddf_aux_0: 0.0169 (0.0178)  loss_mal_aux_1: 0.4676 (0.4722)  loss_bbox_aux_1: 0.0139 (0.0138)  loss_giou_aux_1: 0.1788 (0.1834)  loss_fgl_aux_1: 1.1557 (1.1547)  loss_ddf_aux_1: 0.0006 (0.0006)  loss_mal_pre: 0.5436 (0.5420)  loss_bbox_pre: 0.0158 (0.0158)  loss_giou_pre: 0.2170 (0.2138)  loss_mal_enc_0: 0.6194 (0.6260)  loss_bbox_enc_0: 0.0194 (0.0197)  loss_giou_enc_0: 0.2473 (0.2523)  loss_mal_dn_0: 0.5805 (0.5764)  loss_bbox_dn_0: 0.0189 (0.0191)  loss_giou_dn_0: 0.2626 (0.2564)  loss_fgl_dn_0: 1.2067 (1.2072)  loss_ddf_dn_0: 0.0864 (0.0899)  loss_mal_dn_1: 0.4441 (0.4504)  loss_bbox_dn_1: 0.0125 (0.0130)  loss_giou_dn_1: 0.1657 (0.1732)  loss_fgl_dn_1: 1.1364 (1.1379)  loss_ddf_dn_1: 0.0032 (0.0035)  loss_mal_dn_2: 0.4378 (0.4482)  loss_bbox_dn_2: 0.0124 (0.0129)  loss_giou_dn_2: 0.1651 (0.1730)  loss_fgl_dn_2: 1.1371 (1.1378)  loss_ddf_dn_2: -0.0000 (0.0000)  loss_mal_dn_pre: 0.5807 (0.5809)  loss_bbox_dn_pre: 0.0189 (0.0190)  loss_giou_dn_pre: 0.2626 (0.2554)  time: 0.5620  data: 0.0155  max mem: 5224
Epoch: [25/30]  [30/44]  eta: 0:00:08  lr: 0.000010  loss: 13.5529 (13.7213)  loss_mal: 0.4514 (0.4575)  loss_bbox: 0.0127 (0.0137)  loss_giou: 0.1736 (0.1822)  loss_fgl: 1.1531 (1.1545)  loss_mal_aux_0: 0.5150 (0.5314)  loss_bbox_aux_0: 0.0141 (0.0155)  loss_giou_aux_0: 0.1945 (0.2083)  loss_fgl_aux_0: 1.1680 (1.1754)  loss_ddf_aux_0: 0.0170 (0.0176)  loss_mal_aux_1: 0.4612 (0.4658)  loss_bbox_aux_1: 0.0128 (0.0137)  loss_giou_aux_1: 0.1714 (0.1818)  loss_fgl_aux_1: 1.1535 (1.1545)  loss_ddf_aux_1: 0.0005 (0.0006)  loss_mal_pre: 0.5146 (0.5314)  loss_bbox_pre: 0.0138 (0.0155)  loss_giou_pre: 0.1921 (0.2076)  loss_mal_enc_0: 0.6093 (0.6215)  loss_bbox_enc_0: 0.0190 (0.0194)  loss_giou_enc_0: 0.2463 (0.2493)  loss_mal_dn_0: 0.5572 (0.5682)  loss_bbox_dn_0: 0.0171 (0.0185)  loss_giou_dn_0: 0.2299 (0.2474)  loss_fgl_dn_0: 1.1881 (1.2026)  loss_ddf_dn_0: 0.0864 (0.0894)  loss_mal_dn_1: 0.4374 (0.4468)  loss_bbox_dn_1: 0.0122 (0.0128)  loss_giou_dn_1: 0.1630 (0.1715)  loss_fgl_dn_1: 1.1378 (1.1385)  loss_ddf_dn_1: 0.0032 (0.0035)  loss_mal_dn_2: 0.4326 (0.4446)  loss_bbox_dn_2: 0.0119 (0.0128)  loss_giou_dn_2: 0.1608 (0.1710)  loss_fgl_dn_2: 1.1384 (1.1383)  loss_ddf_dn_2: -0.0000 (0.0000)  loss_mal_dn_pre: 0.5617 (0.5733)  loss_bbox_dn_pre: 0.0172 (0.0185)  loss_giou_dn_pre: 0.2302 (0.2465)  time: 0.5578  data: 0.0161  max mem: 5224
Epoch: [25/30]  [40/44]  eta: 0:00:02  lr: 0.000010  loss: 13.0602 (13.6496)  loss_mal: 0.4420 (0.4558)  loss_bbox: 0.0124 (0.0137)  loss_giou: 0.1644 (0.1811)  loss_fgl: 1.1531 (1.1544)  loss_mal_aux_0: 0.4910 (0.5227)  loss_bbox_aux_0: 0.0136 (0.0153)  loss_giou_aux_0: 0.1753 (0.2039)  loss_fgl_aux_0: 1.1646 (1.1730)  loss_ddf_aux_0: 0.0163 (0.0172)  loss_mal_aux_1: 0.4384 (0.4640)  loss_bbox_aux_1: 0.0124 (0.0137)  loss_giou_aux_1: 0.1658 (0.1808)  loss_fgl_aux_1: 1.1535 (1.1546)  loss_ddf_aux_1: 0.0005 (0.0006)  loss_mal_pre: 0.4933 (0.5224)  loss_bbox_pre: 0.0138 (0.0153)  loss_giou_pre: 0.1760 (0.2030)  loss_mal_enc_0: 0.6026 (0.6210)  loss_bbox_enc_0: 0.0183 (0.0193)  loss_giou_enc_0: 0.2342 (0.2477)  loss_mal_dn_0: 0.5385 (0.5622)  loss_bbox_dn_0: 0.0166 (0.0182)  loss_giou_dn_0: 0.2139 (0.2414)  loss_fgl_dn_0: 1.1881 (1.1991)  loss_ddf_dn_0: 0.0863 (0.0876)  loss_mal_dn_1: 0.4226 (0.4451)  loss_bbox_dn_1: 0.0121 (0.0128)  loss_giou_dn_1: 0.1523 (0.1704)  loss_fgl_dn_1: 1.1379 (1.1389)  loss_ddf_dn_1: 0.0033 (0.0036)  loss_mal_dn_2: 0.4201 (0.4428)  loss_bbox_dn_2: 0.0121 (0.0127)  loss_giou_dn_2: 0.1511 (0.1697)  loss_fgl_dn_2: 1.1384 (1.1386)  loss_ddf_dn_2: -0.0000 (0.0000)  loss_mal_dn_pre: 0.5447 (0.5678)  loss_bbox_dn_pre: 0.0167 (0.0181)  loss_giou_dn_pre: 0.2144 (0.2408)  time: 0.5659  data: 0.0161  max mem: 5224
Epoch: [25/30]  [43/44]  eta: 0:00:00  lr: 0.000010  loss: 13.0602 (13.6509)  loss_mal: 0.4420 (0.4571)  loss_bbox: 0.0124 (0.0137)  loss_giou: 0.1644 (0.1808)  loss_fgl: 1.1531 (1.1535)  loss_mal_aux_0: 0.4910 (0.5245)  loss_bbox_aux_0: 0.0130 (0.0153)  loss_giou_aux_0: 0.1753 (0.2032)  loss_fgl_aux_0: 1.1646 (1.1717)  loss_ddf_aux_0: 0.0163 (0.0172)  loss_mal_aux_1: 0.4384 (0.4651)  loss_bbox_aux_1: 0.0123 (0.0137)  loss_giou_aux_1: 0.1658 (0.1805)  loss_fgl_aux_1: 1.1535 (1.1536)  loss_ddf_aux_1: 0.0005 (0.0006)  loss_mal_pre: 0.4933 (0.5244)  loss_bbox_pre: 0.0133 (0.0153)  loss_giou_pre: 0.1760 (0.2026)  loss_mal_enc_0: 0.6026 (0.6231)  loss_bbox_enc_0: 0.0177 (0.0193)  loss_giou_enc_0: 0.2342 (0.2481)  loss_mal_dn_0: 0.5385 (0.5620)  loss_bbox_dn_0: 0.0163 (0.0182)  loss_giou_dn_0: 0.2139 (0.2413)  loss_fgl_dn_0: 1.1887 (1.1986)  loss_ddf_dn_0: 0.0861 (0.0876)  loss_mal_dn_1: 0.4226 (0.4450)  loss_bbox_dn_1: 0.0117 (0.0128)  loss_giou_dn_1: 0.1523 (0.1705)  loss_fgl_dn_1: 1.1379 (1.1383)  loss_ddf_dn_1: 0.0033 (0.0036)  loss_mal_dn_2: 0.4201 (0.4427)  loss_bbox_dn_2: 0.0117 (0.0127)  loss_giou_dn_2: 0.1511 (0.1698)  loss_fgl_dn_2: 1.1384 (1.1379)  loss_ddf_dn_2: -0.0000 (0.0000)  loss_mal_dn_pre: 0.5465 (0.5676)  loss_bbox_dn_pre: 0.0163 (0.0181)  loss_giou_dn_pre: 0.2144 (0.2407)  time: 0.5707  data: 0.0157  max mem: 5224
Epoch: [25/30] Total time: 0:00:25 (0.5712 s / it)
Averaged stats: lr: 0.000010  loss: 13.0602 (13.6509)  loss_mal: 0.4420 (0.4571)  loss_bbox: 0.0124 (0.0137)  loss_giou: 0.1644 (0.1808)  loss_fgl: 1.1531 (1.1535)  loss_mal_aux_0: 0.4910 (0.5245)  loss_bbox_aux_0: 0.0130 (0.0153)  loss_giou_aux_0: 0.1753 (0.2032)  loss_fgl_aux_0: 1.1646 (1.1717)  loss_ddf_aux_0: 0.0163 (0.0172)  loss_mal_aux_1: 0.4384 (0.4651)  loss_bbox_aux_1: 0.0123 (0.0137)  loss_giou_aux_1: 0.1658 (0.1805)  loss_fgl_aux_1: 1.1535 (1.1536)  loss_ddf_aux_1: 0.0005 (0.0006)  loss_mal_pre: 0.4933 (0.5244)  loss_bbox_pre: 0.0133 (0.0153)  loss_giou_pre: 0.1760 (0.2026)  loss_mal_enc_0: 0.6026 (0.6231)  loss_bbox_enc_0: 0.0177 (0.0193)  loss_giou_enc_0: 0.2342 (0.2481)  loss_mal_dn_0: 0.5385 (0.5620)  loss_bbox_dn_0: 0.0163 (0.0182)  loss_giou_dn_0: 0.2139 (0.2413)  loss_fgl_dn_0: 1.1887 (1.1986)  loss_ddf_dn_0: 0.0861 (0.0876)  loss_mal_dn_1: 0.4226 (0.4450)  loss_bbox_dn_1: 0.0117 (0.0128)  loss_giou_dn_1: 0.1523 (0.1705)  loss_fgl_dn_1: 1.1379 (1.1383)  loss_ddf_dn_1: 0.0033 (0.0036)  loss_mal_dn_2: 0.4201 (0.4427)  loss_bbox_dn_2: 0.0117 (0.0127)  loss_giou_dn_2: 0.1511 (0.1698)  loss_fgl_dn_2: 1.1384 (1.1379)  loss_ddf_dn_2: -0.0000 (0.0000)  loss_mal_dn_pre: 0.5465 (0.5676)  loss_bbox_dn_pre: 0.0163 (0.0181)  loss_giou_dn_pre: 0.2144 (0.2407)
Test:  [0/9]  eta: 0:00:02    time: 0.3173  data: 0.2363  max mem: 5224
Test:  [8/9]  eta: 0:00:00    time: 0.1428  data: 0.0399  max mem: 5224
Test: Total time: 0:00:01 (0.1468 s / it)
Metrics: {'f1': 0.9688581314878894, 'precision': 0.9655172413793104, 'recall': 0.9722222222222222, 'iou': 0.6610023723352676, 'TPs': 140, 'FPs': 5, 'FNs': 4}
Averaged stats: 
Accumulating evaluation results...
COCOeval_opt.accumulate() finished...
DONE (t=0.01s).
IoU metric: bbox
 Average Precision  (AP) @[ IoU=0.50:0.95 | area=   all | maxDets=100 ] = 0.358
 Average Precision  (AP) @[ IoU=0.50      | area=   all | maxDets=100 ] = 0.954
 Average Precision  (AP) @[ IoU=0.75      | area=   all | maxDets=100 ] = 0.135
 Average Precision  (AP) @[ IoU=0.50:0.95 | area= small | maxDets=100 ] = 0.358
 Average Precision  (AP) @[ IoU=0.50:0.95 | area=medium | maxDets=100 ] = -1.000
 Average Precision  (AP) @[ IoU=0.50:0.95 | area= large | maxDets=100 ] = -1.000
 Average Recall     (AR) @[ IoU=0.50:0.95 | area=   all | maxDets=  1 ] = 0.212
 Average Recall     (AR) @[ IoU=0.50:0.95 | area=   all | maxDets= 10 ] = 0.470
 Average Recall     (AR) @[ IoU=0.50:0.95 | area=   all | maxDets=100 ] = 0.567
 Average Recall     (AR) @[ IoU=0.50:0.95 | area= small | maxDets=100 ] = 0.567
 Average Recall     (AR) @[ IoU=0.50:0.95 | area=medium | maxDets=100 ] = -1.000
 Average Recall     (AR) @[ IoU=0.50:0.95 | area= large | maxDets=100 ] = -1.000
 Average Recall     (AR) @[ IoU=0.50      | area=   all | maxDets=100 ] = 0.993
 Average Recall     (AR) @[ IoU=0.75      | area=   all | maxDets=100 ] = 0.528
best_stat: {'epoch': 3, 'coco_eval_bbox': 0.37821048554885567}
Epoch: [26/30]  [ 0/44]  eta: 0:00:37  lr: 0.000010  loss: 12.5619 (12.5619)  loss_mal: 0.3943 (0.3943)  loss_bbox: 0.0112 (0.0112)  loss_giou: 0.1425 (0.1425)  loss_fgl: 1.0903 (1.0903)  loss_mal_aux_0: 0.5090 (0.5090)  loss_bbox_aux_0: 0.0127 (0.0127)  loss_giou_aux_0: 0.1559 (0.1559)  loss_fgl_aux_0: 1.1137 (1.1137)  loss_ddf_aux_0: 0.0189 (0.0189)  loss_mal_aux_1: 0.3995 (0.3995)  loss_bbox_aux_1: 0.0114 (0.0114)  loss_giou_aux_1: 0.1449 (0.1449)  loss_fgl_aux_1: 1.0911 (1.0911)  loss_ddf_aux_1: 0.0006 (0.0006)  loss_mal_pre: 0.5126 (0.5126)  loss_bbox_pre: 0.0131 (0.0131)  loss_giou_pre: 0.1592 (0.1592)  loss_mal_enc_0: 0.5929 (0.5929)  loss_bbox_enc_0: 0.0163 (0.0163)  loss_giou_enc_0: 0.1920 (0.1920)  loss_mal_dn_0: 0.5139 (0.5139)  loss_bbox_dn_0: 0.0158 (0.0158)  loss_giou_dn_0: 0.1965 (0.1965)  loss_fgl_dn_0: 1.1521 (1.1521)  loss_ddf_dn_0: 0.0911 (0.0911)  loss_mal_dn_1: 0.3949 (0.3949)  loss_bbox_dn_1: 0.0110 (0.0110)  loss_giou_dn_1: 0.1385 (0.1385)  loss_fgl_dn_1: 1.0913 (1.0913)  loss_ddf_dn_1: 0.0040 (0.0040)  loss_mal_dn_2: 0.3942 (0.3942)  loss_bbox_dn_2: 0.0109 (0.0109)  loss_giou_dn_2: 0.1378 (0.1378)  loss_fgl_dn_2: 1.0907 (1.0907)  loss_ddf_dn_2: -0.0000 (0.0000)  loss_mal_dn_pre: 0.5235 (0.5235)  loss_bbox_dn_pre: 0.0159 (0.0159)  loss_giou_dn_pre: 0.1978 (0.1978)  time: 0.8496  data: 0.2776  max mem: 5224
Epoch: [26/30]  [10/44]  eta: 0:00:19  lr: 0.000010  loss: 12.9461 (13.0890)  loss_mal: 0.4328 (0.4419)  loss_bbox: 0.0118 (0.0123)  loss_giou: 0.1659 (0.1622)  loss_fgl: 1.1309 (1.1332)  loss_mal_aux_0: 0.4878 (0.4953)  loss_bbox_aux_0: 0.0131 (0.0141)  loss_giou_aux_0: 0.1804 (0.1794)  loss_fgl_aux_0: 1.1493 (1.1513)  loss_ddf_aux_0: 0.0172 (0.0167)  loss_mal_aux_1: 0.4321 (0.4379)  loss_bbox_aux_1: 0.0118 (0.0123)  loss_giou_aux_1: 0.1665 (0.1623)  loss_fgl_aux_1: 1.1311 (1.1333)  loss_ddf_aux_1: 0.0005 (0.0005)  loss_mal_pre: 0.4902 (0.4952)  loss_bbox_pre: 0.0134 (0.0141)  loss_giou_pre: 0.1792 (0.1792)  loss_mal_enc_0: 0.5943 (0.6023)  loss_bbox_enc_0: 0.0178 (0.0181)  loss_giou_enc_0: 0.2290 (0.2276)  loss_mal_dn_0: 0.5312 (0.5357)  loss_bbox_dn_0: 0.0164 (0.0167)  loss_giou_dn_0: 0.2075 (0.2142)  loss_fgl_dn_0: 1.1755 (1.1772)  loss_ddf_dn_0: 0.0776 (0.0821)  loss_mal_dn_1: 0.4116 (0.4185)  loss_bbox_dn_1: 0.0112 (0.0115)  loss_giou_dn_1: 0.1471 (0.1522)  loss_fgl_dn_1: 1.1149 (1.1171)  loss_ddf_dn_1: 0.0035 (0.0035)  loss_mal_dn_2: 0.4076 (0.4163)  loss_bbox_dn_2: 0.0111 (0.0115)  loss_giou_dn_2: 0.1464 (0.1517)  loss_fgl_dn_2: 1.1153 (1.1167)  loss_ddf_dn_2: -0.0000 (0.0000)  loss_mal_dn_pre: 0.5390 (0.5436)  loss_bbox_dn_pre: 0.0164 (0.0167)  loss_giou_dn_pre: 0.2077 (0.2145)  time: 0.5796  data: 0.0390  max mem: 5224
Epoch: [26/30]  [20/44]  eta: 0:00:13  lr: 0.000010  loss: 12.9461 (13.0461)  loss_mal: 0.4218 (0.4313)  loss_bbox: 0.0118 (0.0122)  loss_giou: 0.1604 (0.1589)  loss_fgl: 1.1309 (1.1335)  loss_mal_aux_0: 0.4831 (0.4933)  loss_bbox_aux_0: 0.0131 (0.0137)  loss_giou_aux_0: 0.1796 (0.1753)  loss_fgl_aux_0: 1.1473 (1.1497)  loss_ddf_aux_0: 0.0170 (0.0170)  loss_mal_aux_1: 0.4282 (0.4333)  loss_bbox_aux_1: 0.0118 (0.0122)  loss_giou_aux_1: 0.1600 (0.1589)  loss_fgl_aux_1: 1.1311 (1.1333)  loss_ddf_aux_1: 0.0005 (0.0005)  loss_mal_pre: 0.4889 (0.4927)  loss_bbox_pre: 0.0134 (0.0137)  loss_giou_pre: 0.1792 (0.1750)  loss_mal_enc_0: 0.6149 (0.6076)  loss_bbox_enc_0: 0.0173 (0.0179)  loss_giou_enc_0: 0.2290 (0.2263)  loss_mal_dn_0: 0.5312 (0.5336)  loss_bbox_dn_0: 0.0162 (0.0165)  loss_giou_dn_0: 0.2075 (0.2122)  loss_fgl_dn_0: 1.1750 (1.1770)  loss_ddf_dn_0: 0.0794 (0.0842)  loss_mal_dn_1: 0.4206 (0.4163)  loss_bbox_dn_1: 0.0112 (0.0115)  loss_giou_dn_1: 0.1536 (0.1514)  loss_fgl_dn_1: 1.1149 (1.1187)  loss_ddf_dn_1: 0.0036 (0.0036)  loss_mal_dn_2: 0.4203 (0.4138)  loss_bbox_dn_2: 0.0111 (0.0115)  loss_giou_dn_2: 0.1529 (0.1508)  loss_fgl_dn_2: 1.1153 (1.1185)  loss_ddf_dn_2: -0.0000 (0.0000)  loss_mal_dn_pre: 0.5390 (0.5414)  loss_bbox_dn_pre: 0.0163 (0.0165)  loss_giou_dn_pre: 0.2073 (0.2123)  time: 0.5467  data: 0.0164  max mem: 5224
Epoch: [26/30]  [30/44]  eta: 0:00:07  lr: 0.000010  loss: 12.9573 (13.1226)  loss_mal: 0.4158 (0.4310)  loss_bbox: 0.0120 (0.0124)  loss_giou: 0.1556 (0.1611)  loss_fgl: 1.1292 (1.1384)  loss_mal_aux_0: 0.4860 (0.4940)  loss_bbox_aux_0: 0.0132 (0.0138)  loss_giou_aux_0: 0.1645 (0.1779)  loss_fgl_aux_0: 1.1440 (1.1546)  loss_ddf_aux_0: 0.0178 (0.0175)  loss_mal_aux_1: 0.4208 (0.4360)  loss_bbox_aux_1: 0.0121 (0.0124)  loss_giou_aux_1: 0.1539 (0.1613)  loss_fgl_aux_1: 1.1287 (1.1384)  loss_ddf_aux_1: 0.0006 (0.0006)  loss_mal_pre: 0.4889 (0.4939)  loss_bbox_pre: 0.0132 (0.0138)  loss_giou_pre: 0.1681 (0.1779)  loss_mal_enc_0: 0.6112 (0.6099)  loss_bbox_enc_0: 0.0180 (0.0184)  loss_giou_enc_0: 0.2322 (0.2328)  loss_mal_dn_0: 0.5324 (0.5370)  loss_bbox_dn_0: 0.0161 (0.0166)  loss_giou_dn_0: 0.2092 (0.2148)  loss_fgl_dn_0: 1.1750 (1.1807)  loss_ddf_dn_0: 0.0831 (0.0847)  loss_mal_dn_1: 0.4182 (0.4191)  loss_bbox_dn_1: 0.0115 (0.0117)  loss_giou_dn_1: 0.1533 (0.1536)  loss_fgl_dn_1: 1.1157 (1.1240)  loss_ddf_dn_1: 0.0036 (0.0036)  loss_mal_dn_2: 0.4195 (0.4167)  loss_bbox_dn_2: 0.0114 (0.0116)  loss_giou_dn_2: 0.1524 (0.1528)  loss_fgl_dn_2: 1.1144 (1.1236)  loss_ddf_dn_2: -0.0000 (0.0000)  loss_mal_dn_pre: 0.5398 (0.5446)  loss_bbox_dn_pre: 0.0162 (0.0166)  loss_giou_dn_pre: 0.2073 (0.2150)  time: 0.5621  data: 0.0177  max mem: 5224
Epoch: [26/30]  [40/44]  eta: 0:00:02  lr: 0.000010  loss: 12.9573 (13.0628)  loss_mal: 0.4158 (0.4268)  loss_bbox: 0.0125 (0.0124)  loss_giou: 0.1556 (0.1593)  loss_fgl: 1.1260 (1.1369)  loss_mal_aux_0: 0.4860 (0.4877)  loss_bbox_aux_0: 0.0134 (0.0137)  loss_giou_aux_0: 0.1689 (0.1764)  loss_fgl_aux_0: 1.1440 (1.1522)  loss_ddf_aux_0: 0.0178 (0.0173)  loss_mal_aux_1: 0.4208 (0.4319)  loss_bbox_aux_1: 0.0125 (0.0124)  loss_giou_aux_1: 0.1539 (0.1597)  loss_fgl_aux_1: 1.1261 (1.1370)  loss_ddf_aux_1: 0.0006 (0.0006)  loss_mal_pre: 0.4850 (0.4874)  loss_bbox_pre: 0.0132 (0.0137)  loss_giou_pre: 0.1722 (0.1762)  loss_mal_enc_0: 0.6014 (0.6080)  loss_bbox_enc_0: 0.0180 (0.0181)  loss_giou_enc_0: 0.2195 (0.2285)  loss_mal_dn_0: 0.5320 (0.5352)  loss_bbox_dn_0: 0.0164 (0.0166)  loss_giou_dn_0: 0.2111 (0.2127)  loss_fgl_dn_0: 1.1745 (1.1792)  loss_ddf_dn_0: 0.0797 (0.0829)  loss_mal_dn_1: 0.4172 (0.4171)  loss_bbox_dn_1: 0.0117 (0.0117)  loss_giou_dn_1: 0.1503 (0.1523)  loss_fgl_dn_1: 1.1157 (1.1228)  loss_ddf_dn_1: 0.0032 (0.0036)  loss_mal_dn_2: 0.4159 (0.4145)  loss_bbox_dn_2: 0.0116 (0.0116)  loss_giou_dn_2: 0.1503 (0.1515)  loss_fgl_dn_2: 1.1144 (1.1225)  loss_ddf_dn_2: -0.0000 (0.0000)  loss_mal_dn_pre: 0.5372 (0.5429)  loss_bbox_dn_pre: 0.0165 (0.0166)  loss_giou_dn_pre: 0.2107 (0.2128)  time: 0.5832  data: 0.0169  max mem: 5224
Epoch: [26/30]  [43/44]  eta: 0:00:00  lr: 0.000010  loss: 12.9952 (13.0740)  loss_mal: 0.4169 (0.4268)  loss_bbox: 0.0125 (0.0123)  loss_giou: 0.1557 (0.1596)  loss_fgl: 1.1430 (1.1381)  loss_mal_aux_0: 0.4778 (0.4874)  loss_bbox_aux_0: 0.0132 (0.0136)  loss_giou_aux_0: 0.1689 (0.1765)  loss_fgl_aux_0: 1.1499 (1.1529)  loss_ddf_aux_0: 0.0171 (0.0172)  loss_mal_aux_1: 0.4212 (0.4318)  loss_bbox_aux_1: 0.0125 (0.0123)  loss_giou_aux_1: 0.1563 (0.1601)  loss_fgl_aux_1: 1.1422 (1.1382)  loss_ddf_aux_1: 0.0006 (0.0006)  loss_mal_pre: 0.4813 (0.4871)  loss_bbox_pre: 0.0132 (0.0136)  loss_giou_pre: 0.1689 (0.1762)  loss_mal_enc_0: 0.6076 (0.6085)  loss_bbox_enc_0: 0.0170 (0.0179)  loss_giou_enc_0: 0.2195 (0.2292)  loss_mal_dn_0: 0.5320 (0.5354)  loss_bbox_dn_0: 0.0161 (0.0165)  loss_giou_dn_0: 0.2111 (0.2134)  loss_fgl_dn_0: 1.1792 (1.1802)  loss_ddf_dn_0: 0.0779 (0.0821)  loss_mal_dn_1: 0.4178 (0.4180)  loss_bbox_dn_1: 0.0117 (0.0116)  loss_giou_dn_1: 0.1515 (0.1530)  loss_fgl_dn_1: 1.1258 (1.1244)  loss_ddf_dn_1: 0.0032 (0.0035)  loss_mal_dn_2: 0.4162 (0.4154)  loss_bbox_dn_2: 0.0116 (0.0116)  loss_giou_dn_2: 0.1523 (0.1522)  loss_fgl_dn_2: 1.1262 (1.1240)  loss_ddf_dn_2: -0.0000 (0.0000)  loss_mal_dn_pre: 0.5372 (0.5432)  loss_bbox_dn_pre: 0.0162 (0.0165)  loss_giou_dn_pre: 0.2107 (0.2135)  time: 0.5903  data: 0.0168  max mem: 5224
Epoch: [26/30] Total time: 0:00:25 (0.5725 s / it)
Averaged stats: lr: 0.000010  loss: 12.9952 (13.0740)  loss_mal: 0.4169 (0.4268)  loss_bbox: 0.0125 (0.0123)  loss_giou: 0.1557 (0.1596)  loss_fgl: 1.1430 (1.1381)  loss_mal_aux_0: 0.4778 (0.4874)  loss_bbox_aux_0: 0.0132 (0.0136)  loss_giou_aux_0: 0.1689 (0.1765)  loss_fgl_aux_0: 1.1499 (1.1529)  loss_ddf_aux_0: 0.0171 (0.0172)  loss_mal_aux_1: 0.4212 (0.4318)  loss_bbox_aux_1: 0.0125 (0.0123)  loss_giou_aux_1: 0.1563 (0.1601)  loss_fgl_aux_1: 1.1422 (1.1382)  loss_ddf_aux_1: 0.0006 (0.0006)  loss_mal_pre: 0.4813 (0.4871)  loss_bbox_pre: 0.0132 (0.0136)  loss_giou_pre: 0.1689 (0.1762)  loss_mal_enc_0: 0.6076 (0.6085)  loss_bbox_enc_0: 0.0170 (0.0179)  loss_giou_enc_0: 0.2195 (0.2292)  loss_mal_dn_0: 0.5320 (0.5354)  loss_bbox_dn_0: 0.0161 (0.0165)  loss_giou_dn_0: 0.2111 (0.2134)  loss_fgl_dn_0: 1.1792 (1.1802)  loss_ddf_dn_0: 0.0779 (0.0821)  loss_mal_dn_1: 0.4178 (0.4180)  loss_bbox_dn_1: 0.0117 (0.0116)  loss_giou_dn_1: 0.1515 (0.1530)  loss_fgl_dn_1: 1.1258 (1.1244)  loss_ddf_dn_1: 0.0032 (0.0035)  loss_mal_dn_2: 0.4162 (0.4154)  loss_bbox_dn_2: 0.0116 (0.0116)  loss_giou_dn_2: 0.1523 (0.1522)  loss_fgl_dn_2: 1.1262 (1.1240)  loss_ddf_dn_2: -0.0000 (0.0000)  loss_mal_dn_pre: 0.5372 (0.5432)  loss_bbox_dn_pre: 0.0162 (0.0165)  loss_giou_dn_pre: 0.2107 (0.2135)
Test:  [0/9]  eta: 0:00:03    time: 0.3515  data: 0.2336  max mem: 5224
Test:  [8/9]  eta: 0:00:00    time: 0.1599  data: 0.0400  max mem: 5224
Test: Total time: 0:00:01 (0.1666 s / it)
Metrics: {'f1': 0.9688581314878894, 'precision': 0.9655172413793104, 'recall': 0.9722222222222222, 'iou': 0.6610975017483602, 'TPs': 140, 'FPs': 5, 'FNs': 4}
Averaged stats: 
Accumulating evaluation results...
COCOeval_opt.accumulate() finished...
DONE (t=0.01s).
IoU metric: bbox
 Average Precision  (AP) @[ IoU=0.50:0.95 | area=   all | maxDets=100 ] = 0.356
 Average Precision  (AP) @[ IoU=0.50      | area=   all | maxDets=100 ] = 0.944
 Average Precision  (AP) @[ IoU=0.75      | area=   all | maxDets=100 ] = 0.134
 Average Precision  (AP) @[ IoU=0.50:0.95 | area= small | maxDets=100 ] = 0.356
 Average Precision  (AP) @[ IoU=0.50:0.95 | area=medium | maxDets=100 ] = -1.000
 Average Precision  (AP) @[ IoU=0.50:0.95 | area= large | maxDets=100 ] = -1.000
 Average Recall     (AR) @[ IoU=0.50:0.95 | area=   all | maxDets=  1 ] = 0.210
 Average Recall     (AR) @[ IoU=0.50:0.95 | area=   all | maxDets= 10 ] = 0.469
 Average Recall     (AR) @[ IoU=0.50:0.95 | area=   all | maxDets=100 ] = 0.568
 Average Recall     (AR) @[ IoU=0.50:0.95 | area= small | maxDets=100 ] = 0.568
 Average Recall     (AR) @[ IoU=0.50:0.95 | area=medium | maxDets=100 ] = -1.000
 Average Recall     (AR) @[ IoU=0.50:0.95 | area= large | maxDets=100 ] = -1.000
 Average Recall     (AR) @[ IoU=0.50      | area=   all | maxDets=100 ] = 0.986
 Average Recall     (AR) @[ IoU=0.75      | area=   all | maxDets=100 ] = 0.521
best_stat: {'epoch': 3, 'coco_eval_bbox': 0.37821048554885567}
Epoch: [27/30]  [ 0/44]  eta: 0:00:33  lr: 0.000010  loss: 13.5058 (13.5058)  loss_mal: 0.4269 (0.4269)  loss_bbox: 0.0136 (0.0136)  loss_giou: 0.1682 (0.1682)  loss_fgl: 1.1632 (1.1632)  loss_mal_aux_0: 0.5540 (0.5540)  loss_bbox_aux_0: 0.0152 (0.0152)  loss_giou_aux_0: 0.1913 (0.1913)  loss_fgl_aux_0: 1.1701 (1.1701)  loss_ddf_aux_0: 0.0172 (0.0172)  loss_mal_aux_1: 0.4467 (0.4467)  loss_bbox_aux_1: 0.0136 (0.0136)  loss_giou_aux_1: 0.1679 (0.1679)  loss_fgl_aux_1: 1.1633 (1.1633)  loss_ddf_aux_1: 0.0006 (0.0006)  loss_mal_pre: 0.5532 (0.5532)  loss_bbox_pre: 0.0149 (0.0149)  loss_giou_pre: 0.1909 (0.1909)  loss_mal_enc_0: 0.6455 (0.6455)  loss_bbox_enc_0: 0.0175 (0.0175)  loss_giou_enc_0: 0.2237 (0.2237)  loss_mal_dn_0: 0.5512 (0.5512)  loss_bbox_dn_0: 0.0163 (0.0163)  loss_giou_dn_0: 0.2226 (0.2226)  loss_fgl_dn_0: 1.2031 (1.2031)  loss_ddf_dn_0: 0.0775 (0.0775)  loss_mal_dn_1: 0.4188 (0.4188)  loss_bbox_dn_1: 0.0118 (0.0118)  loss_giou_dn_1: 0.1559 (0.1559)  loss_fgl_dn_1: 1.1533 (1.1533)  loss_ddf_dn_1: 0.0029 (0.0029)  loss_mal_dn_2: 0.4169 (0.4169)  loss_bbox_dn_2: 0.0119 (0.0119)  loss_giou_dn_2: 0.1548 (0.1548)  loss_fgl_dn_2: 1.1526 (1.1526)  loss_ddf_dn_2: -0.0000 (0.0000)  loss_mal_dn_pre: 0.5589 (0.5589)  loss_bbox_dn_pre: 0.0164 (0.0164)  loss_giou_dn_pre: 0.2233 (0.2233)  time: 0.7651  data: 0.2729  max mem: 5224
Epoch: [27/30]  [10/44]  eta: 0:00:19  lr: 0.000010  loss: 12.8128 (12.8402)  loss_mal: 0.3940 (0.3985)  loss_bbox: 0.0110 (0.0114)  loss_giou: 0.1407 (0.1462)  loss_fgl: 1.1322 (1.1294)  loss_mal_aux_0: 0.4752 (0.4814)  loss_bbox_aux_0: 0.0120 (0.0131)  loss_giou_aux_0: 0.1611 (0.1680)  loss_fgl_aux_0: 1.1456 (1.1466)  loss_ddf_aux_0: 0.0172 (0.0174)  loss_mal_aux_1: 0.3963 (0.4071)  loss_bbox_aux_1: 0.0110 (0.0114)  loss_giou_aux_1: 0.1412 (0.1464)  loss_fgl_aux_1: 1.1331 (1.1304)  loss_ddf_aux_1: 0.0006 (0.0006)  loss_mal_pre: 0.4738 (0.4816)  loss_bbox_pre: 0.0122 (0.0131)  loss_giou_pre: 0.1621 (0.1688)  loss_mal_enc_0: 0.6056 (0.6079)  loss_bbox_enc_0: 0.0169 (0.0182)  loss_giou_enc_0: 0.2237 (0.2290)  loss_mal_dn_0: 0.5246 (0.5289)  loss_bbox_dn_0: 0.0150 (0.0158)  loss_giou_dn_0: 0.2021 (0.2059)  loss_fgl_dn_0: 1.1734 (1.1759)  loss_ddf_dn_0: 0.0785 (0.0823)  loss_mal_dn_1: 0.3940 (0.3999)  loss_bbox_dn_1: 0.0106 (0.0109)  loss_giou_dn_1: 0.1366 (0.1427)  loss_fgl_dn_1: 1.1267 (1.1199)  loss_ddf_dn_1: 0.0035 (0.0035)  loss_mal_dn_2: 0.3893 (0.3972)  loss_bbox_dn_2: 0.0105 (0.0108)  loss_giou_dn_2: 0.1348 (0.1414)  loss_fgl_dn_2: 1.1252 (1.1192)  loss_ddf_dn_2: -0.0000 (0.0000)  loss_mal_dn_pre: 0.5306 (0.5374)  loss_bbox_dn_pre: 0.0152 (0.0159)  loss_giou_dn_pre: 0.2027 (0.2064)  time: 0.5850  data: 0.0392  max mem: 5224
Epoch: [27/30]  [20/44]  eta: 0:00:13  lr: 0.000010  loss: 12.8372 (13.0474)  loss_mal: 0.4035 (0.4128)  loss_bbox: 0.0110 (0.0121)  loss_giou: 0.1500 (0.1546)  loss_fgl: 1.1344 (1.1384)  loss_mal_aux_0: 0.4752 (0.4834)  loss_bbox_aux_0: 0.0120 (0.0137)  loss_giou_aux_0: 0.1636 (0.1755)  loss_fgl_aux_0: 1.1504 (1.1543)  loss_ddf_aux_0: 0.0173 (0.0175)  loss_mal_aux_1: 0.4068 (0.4187)  loss_bbox_aux_1: 0.0110 (0.0120)  loss_giou_aux_1: 0.1497 (0.1546)  loss_fgl_aux_1: 1.1335 (1.1388)  loss_ddf_aux_1: 0.0006 (0.0006)  loss_mal_pre: 0.4738 (0.4825)  loss_bbox_pre: 0.0122 (0.0136)  loss_giou_pre: 0.1626 (0.1755)  loss_mal_enc_0: 0.6233 (0.6234)  loss_bbox_enc_0: 0.0183 (0.0187)  loss_giou_enc_0: 0.2323 (0.2384)  loss_mal_dn_0: 0.5246 (0.5363)  loss_bbox_dn_0: 0.0156 (0.0166)  loss_giou_dn_0: 0.2021 (0.2126)  loss_fgl_dn_0: 1.1817 (1.1831)  loss_ddf_dn_0: 0.0821 (0.0824)  loss_mal_dn_1: 0.4027 (0.4130)  loss_bbox_dn_1: 0.0108 (0.0116)  loss_giou_dn_1: 0.1417 (0.1498)  loss_fgl_dn_1: 1.1267 (1.1272)  loss_ddf_dn_1: 0.0035 (0.0035)  loss_mal_dn_2: 0.4006 (0.4104)  loss_bbox_dn_2: 0.0106 (0.0115)  loss_giou_dn_2: 0.1421 (0.1489)  loss_fgl_dn_2: 1.1252 (1.1269)  loss_ddf_dn_2: -0.0000 (0.0000)  loss_mal_dn_pre: 0.5307 (0.5447)  loss_bbox_dn_pre: 0.0157 (0.0166)  loss_giou_dn_pre: 0.2017 (0.2128)  time: 0.5598  data: 0.0162  max mem: 5224
Epoch: [27/30]  [30/44]  eta: 0:00:07  lr: 0.000010  loss: 12.8372 (12.9109)  loss_mal: 0.4045 (0.4077)  loss_bbox: 0.0109 (0.0116)  loss_giou: 0.1500 (0.1501)  loss_fgl: 1.1355 (1.1345)  loss_mal_aux_0: 0.4653 (0.4725)  loss_bbox_aux_0: 0.0120 (0.0130)  loss_giou_aux_0: 0.1668 (0.1685)  loss_fgl_aux_0: 1.1547 (1.1492)  loss_ddf_aux_0: 0.0173 (0.0173)  loss_mal_aux_1: 0.4118 (0.4145)  loss_bbox_aux_1: 0.0110 (0.0116)  loss_giou_aux_1: 0.1491 (0.1501)  loss_fgl_aux_1: 1.1335 (1.1347)  loss_ddf_aux_1: 0.0006 (0.0006)  loss_mal_pre: 0.4636 (0.4719)  loss_bbox_pre: 0.0120 (0.0130)  loss_giou_pre: 0.1645 (0.1685)  loss_mal_enc_0: 0.6153 (0.6118)  loss_bbox_enc_0: 0.0171 (0.0179)  loss_giou_enc_0: 0.2165 (0.2279)  loss_mal_dn_0: 0.5295 (0.5314)  loss_bbox_dn_0: 0.0156 (0.0162)  loss_giou_dn_0: 0.2047 (0.2090)  loss_fgl_dn_0: 1.1817 (1.1805)  loss_ddf_dn_0: 0.0815 (0.0814)  loss_mal_dn_1: 0.4090 (0.4079)  loss_bbox_dn_1: 0.0111 (0.0112)  loss_giou_dn_1: 0.1450 (0.1468)  loss_fgl_dn_1: 1.1229 (1.1246)  loss_ddf_dn_1: 0.0035 (0.0035)  loss_mal_dn_2: 0.4058 (0.4051)  loss_bbox_dn_2: 0.0110 (0.0112)  loss_giou_dn_2: 0.1439 (0.1460)  loss_fgl_dn_2: 1.1230 (1.1240)  loss_ddf_dn_2: -0.0000 (0.0000)  loss_mal_dn_pre: 0.5353 (0.5399)  loss_bbox_dn_pre: 0.0157 (0.0163)  loss_giou_dn_pre: 0.2045 (0.2091)  time: 0.4997  data: 0.0168  max mem: 5224
Epoch: [27/30]  [40/44]  eta: 0:00:02  lr: 0.000010  loss: 12.4157 (12.8880)  loss_mal: 0.3840 (0.4079)  loss_bbox: 0.0100 (0.0116)  loss_giou: 0.1320 (0.1505)  loss_fgl: 1.1153 (1.1319)  loss_mal_aux_0: 0.4506 (0.4713)  loss_bbox_aux_0: 0.0112 (0.0130)  loss_giou_aux_0: 0.1493 (0.1687)  loss_fgl_aux_0: 1.1372 (1.1471)  loss_ddf_aux_0: 0.0174 (0.0172)  loss_mal_aux_1: 0.3880 (0.4138)  loss_bbox_aux_1: 0.0099 (0.0116)  loss_giou_aux_1: 0.1323 (0.1506)  loss_fgl_aux_1: 1.1153 (1.1322)  loss_ddf_aux_1: 0.0006 (0.0006)  loss_mal_pre: 0.4484 (0.4708)  loss_bbox_pre: 0.0114 (0.0130)  loss_giou_pre: 0.1512 (0.1687)  loss_mal_enc_0: 0.5888 (0.6073)  loss_bbox_enc_0: 0.0161 (0.0177)  loss_giou_enc_0: 0.2064 (0.2259)  loss_mal_dn_0: 0.5231 (0.5318)  loss_bbox_dn_0: 0.0150 (0.0161)  loss_giou_dn_0: 0.2021 (0.2094)  loss_fgl_dn_0: 1.1675 (1.1785)  loss_ddf_dn_0: 0.0813 (0.0817)  loss_mal_dn_1: 0.3870 (0.4074)  loss_bbox_dn_1: 0.0102 (0.0112)  loss_giou_dn_1: 0.1367 (0.1468)  loss_fgl_dn_1: 1.1083 (1.1216)  loss_ddf_dn_1: 0.0038 (0.0036)  loss_mal_dn_2: 0.3839 (0.4047)  loss_bbox_dn_2: 0.0101 (0.0111)  loss_giou_dn_2: 0.1362 (0.1460)  loss_fgl_dn_2: 1.1084 (1.1211)  loss_ddf_dn_2: -0.0000 (0.0000)  loss_mal_dn_pre: 0.5332 (0.5402)  loss_bbox_dn_pre: 0.0147 (0.0162)  loss_giou_dn_pre: 0.2045 (0.2095)  time: 0.4538  data: 0.0167  max mem: 5224
Epoch: [27/30]  [43/44]  eta: 0:00:00  lr: 0.000010  loss: 12.3796 (12.8644)  loss_mal: 0.3840 (0.4066)  loss_bbox: 0.0097 (0.0114)  loss_giou: 0.1301 (0.1496)  loss_fgl: 1.1153 (1.1322)  loss_mal_aux_0: 0.4347 (0.4690)  loss_bbox_aux_0: 0.0107 (0.0128)  loss_giou_aux_0: 0.1452 (0.1669)  loss_fgl_aux_0: 1.1331 (1.1467)  loss_ddf_aux_0: 0.0173 (0.0173)  loss_mal_aux_1: 0.3872 (0.4123)  loss_bbox_aux_1: 0.0097 (0.0115)  loss_giou_aux_1: 0.1304 (0.1498)  loss_fgl_aux_1: 1.1153 (1.1324)  loss_ddf_aux_1: 0.0006 (0.0006)  loss_mal_pre: 0.4341 (0.4685)  loss_bbox_pre: 0.0106 (0.0128)  loss_giou_pre: 0.1435 (0.1670)  loss_mal_enc_0: 0.5809 (0.6044)  loss_bbox_enc_0: 0.0155 (0.0175)  loss_giou_enc_0: 0.2025 (0.2244)  loss_mal_dn_0: 0.5190 (0.5310)  loss_bbox_dn_0: 0.0147 (0.0160)  loss_giou_dn_0: 0.1987 (0.2084)  loss_fgl_dn_0: 1.1675 (1.1784)  loss_ddf_dn_0: 0.0813 (0.0816)  loss_mal_dn_1: 0.3870 (0.4066)  loss_bbox_dn_1: 0.0100 (0.0111)  loss_giou_dn_1: 0.1367 (0.1463)  loss_fgl_dn_1: 1.1066 (1.1218)  loss_ddf_dn_1: 0.0038 (0.0036)  loss_mal_dn_2: 0.3839 (0.4038)  loss_bbox_dn_2: 0.0101 (0.0110)  loss_giou_dn_2: 0.1362 (0.1454)  loss_fgl_dn_2: 1.1069 (1.1213)  loss_ddf_dn_2: -0.0000 (0.0000)  loss_mal_dn_pre: 0.5319 (0.5396)  loss_bbox_dn_pre: 0.0145 (0.0160)  loss_giou_dn_pre: 0.1987 (0.2086)  time: 0.4573  data: 0.0163  max mem: 5224
Epoch: [27/30] Total time: 0:00:22 (0.5129 s / it)
Averaged stats: lr: 0.000010  loss: 12.3796 (12.8644)  loss_mal: 0.3840 (0.4066)  loss_bbox: 0.0097 (0.0114)  loss_giou: 0.1301 (0.1496)  loss_fgl: 1.1153 (1.1322)  loss_mal_aux_0: 0.4347 (0.4690)  loss_bbox_aux_0: 0.0107 (0.0128)  loss_giou_aux_0: 0.1452 (0.1669)  loss_fgl_aux_0: 1.1331 (1.1467)  loss_ddf_aux_0: 0.0173 (0.0173)  loss_mal_aux_1: 0.3872 (0.4123)  loss_bbox_aux_1: 0.0097 (0.0115)  loss_giou_aux_1: 0.1304 (0.1498)  loss_fgl_aux_1: 1.1153 (1.1324)  loss_ddf_aux_1: 0.0006 (0.0006)  loss_mal_pre: 0.4341 (0.4685)  loss_bbox_pre: 0.0106 (0.0128)  loss_giou_pre: 0.1435 (0.1670)  loss_mal_enc_0: 0.5809 (0.6044)  loss_bbox_enc_0: 0.0155 (0.0175)  loss_giou_enc_0: 0.2025 (0.2244)  loss_mal_dn_0: 0.5190 (0.5310)  loss_bbox_dn_0: 0.0147 (0.0160)  loss_giou_dn_0: 0.1987 (0.2084)  loss_fgl_dn_0: 1.1675 (1.1784)  loss_ddf_dn_0: 0.0813 (0.0816)  loss_mal_dn_1: 0.3870 (0.4066)  loss_bbox_dn_1: 0.0100 (0.0111)  loss_giou_dn_1: 0.1367 (0.1463)  loss_fgl_dn_1: 1.1066 (1.1218)  loss_ddf_dn_1: 0.0038 (0.0036)  loss_mal_dn_2: 0.3839 (0.4038)  loss_bbox_dn_2: 0.0101 (0.0110)  loss_giou_dn_2: 0.1362 (0.1454)  loss_fgl_dn_2: 1.1069 (1.1213)  loss_ddf_dn_2: -0.0000 (0.0000)  loss_mal_dn_pre: 0.5319 (0.5396)  loss_bbox_dn_pre: 0.0145 (0.0160)  loss_giou_dn_pre: 0.1987 (0.2086)
Test:  [0/9]  eta: 0:00:02    time: 0.3311  data: 0.2613  max mem: 5224
Test:  [8/9]  eta: 0:00:00    time: 0.1152  data: 0.0409  max mem: 5224
Test: Total time: 0:00:01 (0.1193 s / it)
Metrics: {'f1': 0.9688581314878894, 'precision': 0.9655172413793104, 'recall': 0.9722222222222222, 'iou': 0.6611614035279959, 'TPs': 140, 'FPs': 5, 'FNs': 4}
Averaged stats: 
Accumulating evaluation results...
COCOeval_opt.accumulate() finished...
DONE (t=0.01s).
IoU metric: bbox
 Average Precision  (AP) @[ IoU=0.50:0.95 | area=   all | maxDets=100 ] = 0.355
 Average Precision  (AP) @[ IoU=0.50      | area=   all | maxDets=100 ] = 0.945
 Average Precision  (AP) @[ IoU=0.75      | area=   all | maxDets=100 ] = 0.135
 Average Precision  (AP) @[ IoU=0.50:0.95 | area= small | maxDets=100 ] = 0.356
 Average Precision  (AP) @[ IoU=0.50:0.95 | area=medium | maxDets=100 ] = -1.000
 Average Precision  (AP) @[ IoU=0.50:0.95 | area= large | maxDets=100 ] = -1.000
 Average Recall     (AR) @[ IoU=0.50:0.95 | area=   all | maxDets=  1 ] = 0.207
 Average Recall     (AR) @[ IoU=0.50:0.95 | area=   all | maxDets= 10 ] = 0.469
 Average Recall     (AR) @[ IoU=0.50:0.95 | area=   all | maxDets=100 ] = 0.569
 Average Recall     (AR) @[ IoU=0.50:0.95 | area= small | maxDets=100 ] = 0.569
 Average Recall     (AR) @[ IoU=0.50:0.95 | area=medium | maxDets=100 ] = -1.000
 Average Recall     (AR) @[ IoU=0.50:0.95 | area= large | maxDets=100 ] = -1.000
 Average Recall     (AR) @[ IoU=0.50      | area=   all | maxDets=100 ] = 0.993
 Average Recall     (AR) @[ IoU=0.75      | area=   all | maxDets=100 ] = 0.528
best_stat: {'epoch': 3, 'coco_eval_bbox': 0.37821048554885567}
Epoch: [28/30]  [ 0/44]  eta: 0:00:27  lr: 0.000010  loss: 12.4005 (12.4005)  loss_mal: 0.3660 (0.3660)  loss_bbox: 0.0094 (0.0094)  loss_giou: 0.1237 (0.1237)  loss_fgl: 1.0807 (1.0807)  loss_mal_aux_0: 0.4561 (0.4561)  loss_bbox_aux_0: 0.0109 (0.0109)  loss_giou_aux_0: 0.1512 (0.1512)  loss_fgl_aux_0: 1.1076 (1.1076)  loss_ddf_aux_0: 0.0173 (0.0173)  loss_mal_aux_1: 0.3694 (0.3694)  loss_bbox_aux_1: 0.0095 (0.0095)  loss_giou_aux_1: 0.1251 (0.1251)  loss_fgl_aux_1: 1.0815 (1.0815)  loss_ddf_aux_1: 0.0007 (0.0007)  loss_mal_pre: 0.4636 (0.4636)  loss_bbox_pre: 0.0112 (0.0112)  loss_giou_pre: 0.1540 (0.1540)  loss_mal_enc_0: 0.6461 (0.6461)  loss_bbox_enc_0: 0.0162 (0.0162)  loss_giou_enc_0: 0.2309 (0.2309)  loss_mal_dn_0: 0.5277 (0.5277)  loss_bbox_dn_0: 0.0149 (0.0149)  loss_giou_dn_0: 0.2058 (0.2058)  loss_fgl_dn_0: 1.1498 (1.1498)  loss_ddf_dn_0: 0.0851 (0.0851)  loss_mal_dn_1: 0.3808 (0.3808)  loss_bbox_dn_1: 0.0096 (0.0096)  loss_giou_dn_1: 0.1333 (0.1333)  loss_fgl_dn_1: 1.0900 (1.0900)  loss_ddf_dn_1: 0.0044 (0.0044)  loss_mal_dn_2: 0.3811 (0.3811)  loss_bbox_dn_2: 0.0098 (0.0098)  loss_giou_dn_2: 0.1342 (0.1342)  loss_fgl_dn_2: 1.0836 (1.0836)  loss_ddf_dn_2: -0.0000 (0.0000)  loss_mal_dn_pre: 0.5432 (0.5432)  loss_bbox_dn_pre: 0.0145 (0.0145)  loss_giou_dn_pre: 0.2015 (0.2015)  time: 0.6293  data: 0.2624  max mem: 5224
Epoch: [28/30]  [10/44]  eta: 0:00:14  lr: 0.000010  loss: 12.4005 (12.5749)  loss_mal: 0.3805 (0.3822)  loss_bbox: 0.0099 (0.0100)  loss_giou: 0.1336 (0.1358)  loss_fgl: 1.1146 (1.1219)  loss_mal_aux_0: 0.4362 (0.4466)  loss_bbox_aux_0: 0.0116 (0.0115)  loss_giou_aux_0: 0.1512 (0.1566)  loss_fgl_aux_0: 1.1384 (1.1424)  loss_ddf_aux_0: 0.0153 (0.0165)  loss_mal_aux_1: 0.3830 (0.3846)  loss_bbox_aux_1: 0.0098 (0.0100)  loss_giou_aux_1: 0.1343 (0.1358)  loss_fgl_aux_1: 1.1154 (1.1219)  loss_ddf_aux_1: 0.0006 (0.0006)  loss_mal_pre: 0.4377 (0.4478)  loss_bbox_pre: 0.0117 (0.0116)  loss_giou_pre: 0.1540 (0.1574)  loss_mal_enc_0: 0.6012 (0.6019)  loss_bbox_enc_0: 0.0170 (0.0163)  loss_giou_enc_0: 0.2142 (0.2190)  loss_mal_dn_0: 0.5181 (0.5249)  loss_bbox_dn_0: 0.0149 (0.0151)  loss_giou_dn_0: 0.1988 (0.2021)  loss_fgl_dn_0: 1.1617 (1.1744)  loss_ddf_dn_0: 0.0790 (0.0771)  loss_mal_dn_1: 0.3808 (0.3888)  loss_bbox_dn_1: 0.0097 (0.0100)  loss_giou_dn_1: 0.1322 (0.1359)  loss_fgl_dn_1: 1.1057 (1.1149)  loss_ddf_dn_1: 0.0032 (0.0034)  loss_mal_dn_2: 0.3778 (0.3867)  loss_bbox_dn_2: 0.0098 (0.0099)  loss_giou_dn_2: 0.1311 (0.1352)  loss_fgl_dn_2: 1.1061 (1.1135)  loss_ddf_dn_2: -0.0000 (0.0000)  loss_mal_dn_pre: 0.5259 (0.5357)  loss_bbox_dn_pre: 0.0145 (0.0150)  loss_giou_dn_pre: 0.1995 (0.2019)  time: 0.4397  data: 0.0390  max mem: 5224
Epoch: [28/30]  [20/44]  eta: 0:00:10  lr: 0.000010  loss: 12.4085 (12.6206)  loss_mal: 0.3797 (0.3846)  loss_bbox: 0.0099 (0.0104)  loss_giou: 0.1325 (0.1382)  loss_fgl: 1.1210 (1.1233)  loss_mal_aux_0: 0.4453 (0.4615)  loss_bbox_aux_0: 0.0116 (0.0117)  loss_giou_aux_0: 0.1489 (0.1558)  loss_fgl_aux_0: 1.1412 (1.1412)  loss_ddf_aux_0: 0.0168 (0.0171)  loss_mal_aux_1: 0.3830 (0.3881)  loss_bbox_aux_1: 0.0098 (0.0104)  loss_giou_aux_1: 0.1343 (0.1382)  loss_fgl_aux_1: 1.1206 (1.1234)  loss_ddf_aux_1: 0.0006 (0.0006)  loss_mal_pre: 0.4465 (0.4619)  loss_bbox_pre: 0.0117 (0.0118)  loss_giou_pre: 0.1515 (0.1564)  loss_mal_enc_0: 0.5972 (0.6038)  loss_bbox_enc_0: 0.0171 (0.0165)  loss_giou_enc_0: 0.2077 (0.2161)  loss_mal_dn_0: 0.5158 (0.5218)  loss_bbox_dn_0: 0.0151 (0.0152)  loss_giou_dn_0: 0.1951 (0.2009)  loss_fgl_dn_0: 1.1732 (1.1740)  loss_ddf_dn_0: 0.0825 (0.0826)  loss_mal_dn_1: 0.3817 (0.3920)  loss_bbox_dn_1: 0.0104 (0.0102)  loss_giou_dn_1: 0.1332 (0.1372)  loss_fgl_dn_1: 1.1126 (1.1147)  loss_ddf_dn_1: 0.0039 (0.0038)  loss_mal_dn_2: 0.3778 (0.3896)  loss_bbox_dn_2: 0.0103 (0.0102)  loss_giou_dn_2: 0.1319 (0.1365)  loss_fgl_dn_2: 1.1114 (1.1137)  loss_ddf_dn_2: -0.0000 (0.0000)  loss_mal_dn_pre: 0.5249 (0.5315)  loss_bbox_dn_pre: 0.0151 (0.0151)  loss_giou_dn_pre: 0.1952 (0.2007)  time: 0.4263  data: 0.0159  max mem: 5224
Epoch: [28/30]  [30/44]  eta: 0:00:06  lr: 0.000010  loss: 12.6104 (12.6234)  loss_mal: 0.3856 (0.3894)  loss_bbox: 0.0110 (0.0106)  loss_giou: 0.1365 (0.1384)  loss_fgl: 1.1346 (1.1241)  loss_mal_aux_0: 0.4665 (0.4611)  loss_bbox_aux_0: 0.0118 (0.0119)  loss_giou_aux_0: 0.1480 (0.1556)  loss_fgl_aux_0: 1.1476 (1.1399)  loss_ddf_aux_0: 0.0169 (0.0168)  loss_mal_aux_1: 0.3927 (0.3941)  loss_bbox_aux_1: 0.0111 (0.0106)  loss_giou_aux_1: 0.1373 (0.1386)  loss_fgl_aux_1: 1.1352 (1.1244)  loss_ddf_aux_1: 0.0006 (0.0006)  loss_mal_pre: 0.4669 (0.4617)  loss_bbox_pre: 0.0119 (0.0120)  loss_giou_pre: 0.1513 (0.1561)  loss_mal_enc_0: 0.6048 (0.6051)  loss_bbox_enc_0: 0.0173 (0.0168)  loss_giou_enc_0: 0.2095 (0.2157)  loss_mal_dn_0: 0.5119 (0.5193)  loss_bbox_dn_0: 0.0156 (0.0153)  loss_giou_dn_0: 0.1930 (0.1989)  loss_fgl_dn_0: 1.1757 (1.1722)  loss_ddf_dn_0: 0.0811 (0.0811)  loss_mal_dn_1: 0.3906 (0.3927)  loss_bbox_dn_1: 0.0110 (0.0104)  loss_giou_dn_1: 0.1347 (0.1373)  loss_fgl_dn_1: 1.1270 (1.1150)  loss_ddf_dn_1: 0.0041 (0.0039)  loss_mal_dn_2: 0.3868 (0.3899)  loss_bbox_dn_2: 0.0109 (0.0103)  loss_giou_dn_2: 0.1353 (0.1365)  loss_fgl_dn_2: 1.1259 (1.1142)  loss_ddf_dn_2: -0.0000 (0.0000)  loss_mal_dn_pre: 0.5214 (0.5286)  loss_bbox_dn_pre: 0.0155 (0.0153)  loss_giou_dn_pre: 0.1939 (0.1988)  time: 0.4331  data: 0.0153  max mem: 5224
Epoch: [28/30]  [40/44]  eta: 0:00:01  lr: 0.000010  loss: 12.6270 (12.7082)  loss_mal: 0.3922 (0.3949)  loss_bbox: 0.0110 (0.0108)  loss_giou: 0.1391 (0.1425)  loss_fgl: 1.1304 (1.1260)  loss_mal_aux_0: 0.4595 (0.4663)  loss_bbox_aux_0: 0.0123 (0.0122)  loss_giou_aux_0: 0.1574 (0.1605)  loss_fgl_aux_0: 1.1454 (1.1426)  loss_ddf_aux_0: 0.0160 (0.0169)  loss_mal_aux_1: 0.4011 (0.4014)  loss_bbox_aux_1: 0.0111 (0.0109)  loss_giou_aux_1: 0.1411 (0.1427)  loss_fgl_aux_1: 1.1304 (1.1263)  loss_ddf_aux_1: 0.0006 (0.0006)  loss_mal_pre: 0.4639 (0.4661)  loss_bbox_pre: 0.0122 (0.0122)  loss_giou_pre: 0.1588 (0.1606)  loss_mal_enc_0: 0.5958 (0.6050)  loss_bbox_enc_0: 0.0160 (0.0168)  loss_giou_enc_0: 0.2095 (0.2196)  loss_mal_dn_0: 0.5119 (0.5239)  loss_bbox_dn_0: 0.0154 (0.0154)  loss_giou_dn_0: 0.1912 (0.2019)  loss_fgl_dn_0: 1.1743 (1.1736)  loss_ddf_dn_0: 0.0771 (0.0806)  loss_mal_dn_1: 0.3935 (0.3977)  loss_bbox_dn_1: 0.0110 (0.0105)  loss_giou_dn_1: 0.1375 (0.1403)  loss_fgl_dn_1: 1.1199 (1.1157)  loss_ddf_dn_1: 0.0036 (0.0039)  loss_mal_dn_2: 0.3904 (0.3945)  loss_bbox_dn_2: 0.0108 (0.0105)  loss_giou_dn_2: 0.1360 (0.1394)  loss_fgl_dn_2: 1.1192 (1.1149)  loss_ddf_dn_2: -0.0000 (0.0000)  loss_mal_dn_pre: 0.5198 (0.5332)  loss_bbox_dn_pre: 0.0155 (0.0154)  loss_giou_dn_pre: 0.1912 (0.2020)  time: 0.4559  data: 0.0156  max mem: 5224
Epoch: [28/30]  [43/44]  eta: 0:00:00  lr: 0.000010  loss: 12.6270 (12.6748)  loss_mal: 0.4003 (0.3930)  loss_bbox: 0.0108 (0.0107)  loss_giou: 0.1429 (0.1413)  loss_fgl: 1.1230 (1.1252)  loss_mal_aux_0: 0.4595 (0.4634)  loss_bbox_aux_0: 0.0118 (0.0120)  loss_giou_aux_0: 0.1574 (0.1588)  loss_fgl_aux_0: 1.1447 (1.1414)  loss_ddf_aux_0: 0.0165 (0.0169)  loss_mal_aux_1: 0.4037 (0.3992)  loss_bbox_aux_1: 0.0107 (0.0107)  loss_giou_aux_1: 0.1440 (0.1416)  loss_fgl_aux_1: 1.1225 (1.1255)  loss_ddf_aux_1: 0.0006 (0.0006)  loss_mal_pre: 0.4639 (0.4634)  loss_bbox_pre: 0.0117 (0.0120)  loss_giou_pre: 0.1588 (0.1590)  loss_mal_enc_0: 0.5759 (0.6017)  loss_bbox_enc_0: 0.0156 (0.0167)  loss_giou_enc_0: 0.2093 (0.2173)  loss_mal_dn_0: 0.5119 (0.5227)  loss_bbox_dn_0: 0.0147 (0.0153)  loss_giou_dn_0: 0.1905 (0.2010)  loss_fgl_dn_0: 1.1723 (1.1734)  loss_ddf_dn_0: 0.0799 (0.0807)  loss_mal_dn_1: 0.3935 (0.3967)  loss_bbox_dn_1: 0.0102 (0.0104)  loss_giou_dn_1: 0.1371 (0.1395)  loss_fgl_dn_1: 1.1164 (1.1155)  loss_ddf_dn_1: 0.0036 (0.0039)  loss_mal_dn_2: 0.3904 (0.3934)  loss_bbox_dn_2: 0.0102 (0.0104)  loss_giou_dn_2: 0.1356 (0.1385)  loss_fgl_dn_2: 1.1154 (1.1146)  loss_ddf_dn_2: -0.0000 (0.0000)  loss_mal_dn_pre: 0.5183 (0.5319)  loss_bbox_dn_pre: 0.0148 (0.0153)  loss_giou_dn_pre: 0.1899 (0.2010)  time: 0.4777  data: 0.0155  max mem: 5224
Epoch: [28/30] Total time: 0:00:20 (0.4557 s / it)
Averaged stats: lr: 0.000010  loss: 12.6270 (12.6748)  loss_mal: 0.4003 (0.3930)  loss_bbox: 0.0108 (0.0107)  loss_giou: 0.1429 (0.1413)  loss_fgl: 1.1230 (1.1252)  loss_mal_aux_0: 0.4595 (0.4634)  loss_bbox_aux_0: 0.0118 (0.0120)  loss_giou_aux_0: 0.1574 (0.1588)  loss_fgl_aux_0: 1.1447 (1.1414)  loss_ddf_aux_0: 0.0165 (0.0169)  loss_mal_aux_1: 0.4037 (0.3992)  loss_bbox_aux_1: 0.0107 (0.0107)  loss_giou_aux_1: 0.1440 (0.1416)  loss_fgl_aux_1: 1.1225 (1.1255)  loss_ddf_aux_1: 0.0006 (0.0006)  loss_mal_pre: 0.4639 (0.4634)  loss_bbox_pre: 0.0117 (0.0120)  loss_giou_pre: 0.1588 (0.1590)  loss_mal_enc_0: 0.5759 (0.6017)  loss_bbox_enc_0: 0.0156 (0.0167)  loss_giou_enc_0: 0.2093 (0.2173)  loss_mal_dn_0: 0.5119 (0.5227)  loss_bbox_dn_0: 0.0147 (0.0153)  loss_giou_dn_0: 0.1905 (0.2010)  loss_fgl_dn_0: 1.1723 (1.1734)  loss_ddf_dn_0: 0.0799 (0.0807)  loss_mal_dn_1: 0.3935 (0.3967)  loss_bbox_dn_1: 0.0102 (0.0104)  loss_giou_dn_1: 0.1371 (0.1395)  loss_fgl_dn_1: 1.1164 (1.1155)  loss_ddf_dn_1: 0.0036 (0.0039)  loss_mal_dn_2: 0.3904 (0.3934)  loss_bbox_dn_2: 0.0102 (0.0104)  loss_giou_dn_2: 0.1356 (0.1385)  loss_fgl_dn_2: 1.1154 (1.1146)  loss_ddf_dn_2: -0.0000 (0.0000)  loss_mal_dn_pre: 0.5183 (0.5319)  loss_bbox_dn_pre: 0.0148 (0.0153)  loss_giou_dn_pre: 0.1899 (0.2010)
Test:  [0/9]  eta: 0:00:03    time: 0.3700  data: 0.2332  max mem: 5224
Test:  [8/9]  eta: 0:00:00    time: 0.1633  data: 0.0388  max mem: 5224
Test: Total time: 0:00:01 (0.1672 s / it)
Metrics: {'f1': 0.975609756097561, 'precision': 0.9790209790209791, 'recall': 0.9722222222222222, 'iou': 0.6701394611475419, 'TPs': 140, 'FPs': 3, 'FNs': 4}
Averaged stats: 
Accumulating evaluation results...
COCOeval_opt.accumulate() finished...
DONE (t=0.01s).
IoU metric: bbox
 Average Precision  (AP) @[ IoU=0.50:0.95 | area=   all | maxDets=100 ] = 0.359
 Average Precision  (AP) @[ IoU=0.50      | area=   all | maxDets=100 ] = 0.956
 Average Precision  (AP) @[ IoU=0.75      | area=   all | maxDets=100 ] = 0.134
 Average Precision  (AP) @[ IoU=0.50:0.95 | area= small | maxDets=100 ] = 0.359
 Average Precision  (AP) @[ IoU=0.50:0.95 | area=medium | maxDets=100 ] = -1.000
 Average Precision  (AP) @[ IoU=0.50:0.95 | area= large | maxDets=100 ] = -1.000
 Average Recall     (AR) @[ IoU=0.50:0.95 | area=   all | maxDets=  1 ] = 0.207
 Average Recall     (AR) @[ IoU=0.50:0.95 | area=   all | maxDets= 10 ] = 0.468
 Average Recall     (AR) @[ IoU=0.50:0.95 | area=   all | maxDets=100 ] = 0.566
 Average Recall     (AR) @[ IoU=0.50:0.95 | area= small | maxDets=100 ] = 0.566
 Average Recall     (AR) @[ IoU=0.50:0.95 | area=medium | maxDets=100 ] = -1.000
 Average Recall     (AR) @[ IoU=0.50:0.95 | area= large | maxDets=100 ] = -1.000
 Average Recall     (AR) @[ IoU=0.50      | area=   all | maxDets=100 ] = 0.986
 Average Recall     (AR) @[ IoU=0.75      | area=   all | maxDets=100 ] = 0.528
best_stat: {'epoch': 3, 'coco_eval_bbox': 0.37821048554885567}
Epoch: [29/30]  [ 0/44]  eta: 0:00:34  lr: 0.000010  loss: 12.9912 (12.9912)  loss_mal: 0.3942 (0.3942)  loss_bbox: 0.0111 (0.0111)  loss_giou: 0.1433 (0.1433)  loss_fgl: 1.1261 (1.1261)  loss_mal_aux_0: 0.5015 (0.5015)  loss_bbox_aux_0: 0.0128 (0.0128)  loss_giou_aux_0: 0.1657 (0.1657)  loss_fgl_aux_0: 1.1493 (1.1493)  loss_ddf_aux_0: 0.0202 (0.0202)  loss_mal_aux_1: 0.4356 (0.4356)  loss_bbox_aux_1: 0.0111 (0.0111)  loss_giou_aux_1: 0.1430 (0.1430)  loss_fgl_aux_1: 1.1243 (1.1243)  loss_ddf_aux_1: 0.0005 (0.0005)  loss_mal_pre: 0.5036 (0.5036)  loss_bbox_pre: 0.0127 (0.0127)  loss_giou_pre: 0.1683 (0.1683)  loss_mal_enc_0: 0.6127 (0.6127)  loss_bbox_enc_0: 0.0178 (0.0178)  loss_giou_enc_0: 0.2267 (0.2267)  loss_mal_dn_0: 0.5436 (0.5436)  loss_bbox_dn_0: 0.0173 (0.0173)  loss_giou_dn_0: 0.2236 (0.2236)  loss_fgl_dn_0: 1.1868 (1.1868)  loss_ddf_dn_0: 0.0871 (0.0871)  loss_mal_dn_1: 0.4075 (0.4075)  loss_bbox_dn_1: 0.0110 (0.0110)  loss_giou_dn_1: 0.1452 (0.1452)  loss_fgl_dn_1: 1.1161 (1.1161)  loss_ddf_dn_1: 0.0037 (0.0037)  loss_mal_dn_2: 0.4071 (0.4071)  loss_bbox_dn_2: 0.0110 (0.0110)  loss_giou_dn_2: 0.1449 (0.1449)  loss_fgl_dn_2: 1.1173 (1.1173)  loss_ddf_dn_2: -0.0000 (0.0000)  loss_mal_dn_pre: 0.5486 (0.5486)  loss_bbox_dn_pre: 0.0173 (0.0173)  loss_giou_dn_pre: 0.2224 (0.2224)  time: 0.7764  data: 0.2531  max mem: 5224
Epoch: [29/30]  [10/44]  eta: 0:00:19  lr: 0.000010  loss: 12.4894 (12.6171)  loss_mal: 0.3701 (0.3827)  loss_bbox: 0.0098 (0.0111)  loss_giou: 0.1252 (0.1388)  loss_fgl: 1.1194 (1.1167)  loss_mal_aux_0: 0.4440 (0.4609)  loss_bbox_aux_0: 0.0116 (0.0129)  loss_giou_aux_0: 0.1537 (0.1611)  loss_fgl_aux_0: 1.1257 (1.1362)  loss_ddf_aux_0: 0.0172 (0.0178)  loss_mal_aux_1: 0.3737 (0.3919)  loss_bbox_aux_1: 0.0099 (0.0111)  loss_giou_aux_1: 0.1278 (0.1393)  loss_fgl_aux_1: 1.1202 (1.1169)  loss_ddf_aux_1: 0.0006 (0.0006)  loss_mal_pre: 0.4430 (0.4609)  loss_bbox_pre: 0.0118 (0.0129)  loss_giou_pre: 0.1533 (0.1617)  loss_mal_enc_0: 0.6107 (0.6065)  loss_bbox_enc_0: 0.0178 (0.0182)  loss_giou_enc_0: 0.2212 (0.2261)  loss_mal_dn_0: 0.5096 (0.5192)  loss_bbox_dn_0: 0.0148 (0.0160)  loss_giou_dn_0: 0.1934 (0.2029)  loss_fgl_dn_0: 1.1717 (1.1722)  loss_ddf_dn_0: 0.0872 (0.0872)  loss_mal_dn_1: 0.3762 (0.3879)  loss_bbox_dn_1: 0.0098 (0.0106)  loss_giou_dn_1: 0.1296 (0.1363)  loss_fgl_dn_1: 1.1147 (1.1098)  loss_ddf_dn_1: 0.0046 (0.0045)  loss_mal_dn_2: 0.3700 (0.3860)  loss_bbox_dn_2: 0.0097 (0.0106)  loss_giou_dn_2: 0.1271 (0.1355)  loss_fgl_dn_2: 1.1114 (1.1091)  loss_ddf_dn_2: -0.0000 (0.0000)  loss_mal_dn_pre: 0.5175 (0.5269)  loss_bbox_dn_pre: 0.0146 (0.0160)  loss_giou_dn_pre: 0.1923 (0.2025)  time: 0.5773  data: 0.0371  max mem: 5224
Epoch: [29/30]  [20/44]  eta: 0:00:13  lr: 0.000010  loss: 12.3515 (12.4745)  loss_mal: 0.3711 (0.3786)  loss_bbox: 0.0097 (0.0104)  loss_giou: 0.1335 (0.1345)  loss_fgl: 1.1132 (1.1165)  loss_mal_aux_0: 0.4339 (0.4504)  loss_bbox_aux_0: 0.0110 (0.0119)  loss_giou_aux_0: 0.1441 (0.1524)  loss_fgl_aux_0: 1.1257 (1.1338)  loss_ddf_aux_0: 0.0169 (0.0173)  loss_mal_aux_1: 0.3779 (0.3856)  loss_bbox_aux_1: 0.0098 (0.0105)  loss_giou_aux_1: 0.1330 (0.1346)  loss_fgl_aux_1: 1.1150 (1.1169)  loss_ddf_aux_1: 0.0006 (0.0006)  loss_mal_pre: 0.4312 (0.4501)  loss_bbox_pre: 0.0110 (0.0120)  loss_giou_pre: 0.1436 (0.1527)  loss_mal_enc_0: 0.6048 (0.5936)  loss_bbox_enc_0: 0.0165 (0.0170)  loss_giou_enc_0: 0.2097 (0.2106)  loss_mal_dn_0: 0.5058 (0.5127)  loss_bbox_dn_0: 0.0147 (0.0153)  loss_giou_dn_0: 0.1918 (0.1967)  loss_fgl_dn_0: 1.1680 (1.1710)  loss_ddf_dn_0: 0.0840 (0.0845)  loss_mal_dn_1: 0.3754 (0.3826)  loss_bbox_dn_1: 0.0093 (0.0102)  loss_giou_dn_1: 0.1282 (0.1326)  loss_fgl_dn_1: 1.1127 (1.1094)  loss_ddf_dn_1: 0.0044 (0.0043)  loss_mal_dn_2: 0.3700 (0.3806)  loss_bbox_dn_2: 0.0093 (0.0101)  loss_giou_dn_2: 0.1271 (0.1318)  loss_fgl_dn_2: 1.1111 (1.1087)  loss_ddf_dn_2: -0.0000 (0.0000)  loss_mal_dn_pre: 0.5161 (0.5216)  loss_bbox_dn_pre: 0.0146 (0.0154)  loss_giou_dn_pre: 0.1917 (0.1966)  time: 0.5669  data: 0.0155  max mem: 5224
Epoch: [29/30]  [30/44]  eta: 0:00:08  lr: 0.000010  loss: 12.2372 (12.3706)  loss_mal: 0.3687 (0.3706)  loss_bbox: 0.0092 (0.0098)  loss_giou: 0.1280 (0.1297)  loss_fgl: 1.1132 (1.1143)  loss_mal_aux_0: 0.4306 (0.4446)  loss_bbox_aux_0: 0.0103 (0.0112)  loss_giou_aux_0: 0.1425 (0.1476)  loss_fgl_aux_0: 1.1222 (1.1300)  loss_ddf_aux_0: 0.0163 (0.0171)  loss_mal_aux_1: 0.3779 (0.3772)  loss_bbox_aux_1: 0.0092 (0.0099)  loss_giou_aux_1: 0.1281 (0.1300)  loss_fgl_aux_1: 1.1148 (1.1148)  loss_ddf_aux_1: 0.0006 (0.0006)  loss_mal_pre: 0.4289 (0.4446)  loss_bbox_pre: 0.0103 (0.0113)  loss_giou_pre: 0.1397 (0.1480)  loss_mal_enc_0: 0.5805 (0.5876)  loss_bbox_enc_0: 0.0154 (0.0165)  loss_giou_enc_0: 0.2041 (0.2093)  loss_mal_dn_0: 0.5017 (0.5099)  loss_bbox_dn_0: 0.0138 (0.0148)  loss_giou_dn_0: 0.1881 (0.1937)  loss_fgl_dn_0: 1.1609 (1.1675)  loss_ddf_dn_0: 0.0809 (0.0835)  loss_mal_dn_1: 0.3702 (0.3782)  loss_bbox_dn_1: 0.0093 (0.0098)  loss_giou_dn_1: 0.1257 (0.1297)  loss_fgl_dn_1: 1.1003 (1.1073)  loss_ddf_dn_1: 0.0039 (0.0042)  loss_mal_dn_2: 0.3671 (0.3752)  loss_bbox_dn_2: 0.0091 (0.0097)  loss_giou_dn_2: 0.1241 (0.1288)  loss_fgl_dn_2: 1.0998 (1.1064)  loss_ddf_dn_2: -0.0000 (0.0000)  loss_mal_dn_pre: 0.5125 (0.5190)  loss_bbox_dn_pre: 0.0139 (0.0148)  loss_giou_dn_pre: 0.1883 (0.1937)  time: 0.5739  data: 0.0160  max mem: 5224
Epoch: [29/30]  [40/44]  eta: 0:00:02  lr: 0.000010  loss: 12.1125 (12.3516)  loss_mal: 0.3561 (0.3721)  loss_bbox: 0.0094 (0.0098)  loss_giou: 0.1206 (0.1292)  loss_fgl: 1.1140 (1.1151)  loss_mal_aux_0: 0.4269 (0.4428)  loss_bbox_aux_0: 0.0106 (0.0112)  loss_giou_aux_0: 0.1297 (0.1466)  loss_fgl_aux_0: 1.1222 (1.1302)  loss_ddf_aux_0: 0.0160 (0.0170)  loss_mal_aux_1: 0.3614 (0.3776)  loss_bbox_aux_1: 0.0095 (0.0098)  loss_giou_aux_1: 0.1199 (0.1294)  loss_fgl_aux_1: 1.1148 (1.1154)  loss_ddf_aux_1: 0.0006 (0.0006)  loss_mal_pre: 0.4255 (0.4426)  loss_bbox_pre: 0.0106 (0.0112)  loss_giou_pre: 0.1333 (0.1468)  loss_mal_enc_0: 0.5821 (0.5846)  loss_bbox_enc_0: 0.0146 (0.0162)  loss_giou_enc_0: 0.2112 (0.2073)  loss_mal_dn_0: 0.5016 (0.5085)  loss_bbox_dn_0: 0.0141 (0.0147)  loss_giou_dn_0: 0.1846 (0.1922)  loss_fgl_dn_0: 1.1550 (1.1661)  loss_ddf_dn_0: 0.0774 (0.0826)  loss_mal_dn_1: 0.3653 (0.3776)  loss_bbox_dn_1: 0.0097 (0.0097)  loss_giou_dn_1: 0.1219 (0.1292)  loss_fgl_dn_1: 1.1003 (1.1075)  loss_ddf_dn_1: 0.0039 (0.0042)  loss_mal_dn_2: 0.3603 (0.3747)  loss_bbox_dn_2: 0.0095 (0.0097)  loss_giou_dn_2: 0.1205 (0.1282)  loss_fgl_dn_2: 1.0998 (1.1067)  loss_ddf_dn_2: -0.0000 (0.0000)  loss_mal_dn_pre: 0.5125 (0.5177)  loss_bbox_dn_pre: 0.0142 (0.0147)  loss_giou_dn_pre: 0.1841 (0.1922)  time: 0.5348  data: 0.0159  max mem: 5224
Epoch: [29/30]  [43/44]  eta: 0:00:00  lr: 0.000010  loss: 12.1125 (12.3557)  loss_mal: 0.3546 (0.3717)  loss_bbox: 0.0092 (0.0098)  loss_giou: 0.1188 (0.1289)  loss_fgl: 1.1142 (1.1161)  loss_mal_aux_0: 0.4269 (0.4425)  loss_bbox_aux_0: 0.0097 (0.0112)  loss_giou_aux_0: 0.1419 (0.1463)  loss_fgl_aux_0: 1.1231 (1.1307)  loss_ddf_aux_0: 0.0160 (0.0170)  loss_mal_aux_1: 0.3577 (0.3777)  loss_bbox_aux_1: 0.0092 (0.0098)  loss_giou_aux_1: 0.1187 (0.1292)  loss_fgl_aux_1: 1.1154 (1.1164)  loss_ddf_aux_1: 0.0006 (0.0006)  loss_mal_pre: 0.4255 (0.4422)  loss_bbox_pre: 0.0098 (0.0112)  loss_giou_pre: 0.1406 (0.1464)  loss_mal_enc_0: 0.5818 (0.5857)  loss_bbox_enc_0: 0.0143 (0.0162)  loss_giou_enc_0: 0.2041 (0.2069)  loss_mal_dn_0: 0.5016 (0.5084)  loss_bbox_dn_0: 0.0137 (0.0147)  loss_giou_dn_0: 0.1835 (0.1920)  loss_fgl_dn_0: 1.1588 (1.1666)  loss_ddf_dn_0: 0.0776 (0.0826)  loss_mal_dn_1: 0.3615 (0.3781)  loss_bbox_dn_1: 0.0097 (0.0098)  loss_giou_dn_1: 0.1194 (0.1294)  loss_fgl_dn_1: 1.1043 (1.1084)  loss_ddf_dn_1: 0.0041 (0.0042)  loss_mal_dn_2: 0.3578 (0.3750)  loss_bbox_dn_2: 0.0095 (0.0097)  loss_giou_dn_2: 0.1186 (0.1284)  loss_fgl_dn_2: 1.1054 (1.1077)  loss_ddf_dn_2: -0.0000 (0.0000)  loss_mal_dn_pre: 0.5125 (0.5177)  loss_bbox_dn_pre: 0.0138 (0.0147)  loss_giou_dn_pre: 0.1822 (0.1920)  time: 0.5337  data: 0.0156  max mem: 5224
Epoch: [29/30] Total time: 0:00:24 (0.5585 s / it)
Averaged stats: lr: 0.000010  loss: 12.1125 (12.3557)  loss_mal: 0.3546 (0.3717)  loss_bbox: 0.0092 (0.0098)  loss_giou: 0.1188 (0.1289)  loss_fgl: 1.1142 (1.1161)  loss_mal_aux_0: 0.4269 (0.4425)  loss_bbox_aux_0: 0.0097 (0.0112)  loss_giou_aux_0: 0.1419 (0.1463)  loss_fgl_aux_0: 1.1231 (1.1307)  loss_ddf_aux_0: 0.0160 (0.0170)  loss_mal_aux_1: 0.3577 (0.3777)  loss_bbox_aux_1: 0.0092 (0.0098)  loss_giou_aux_1: 0.1187 (0.1292)  loss_fgl_aux_1: 1.1154 (1.1164)  loss_ddf_aux_1: 0.0006 (0.0006)  loss_mal_pre: 0.4255 (0.4422)  loss_bbox_pre: 0.0098 (0.0112)  loss_giou_pre: 0.1406 (0.1464)  loss_mal_enc_0: 0.5818 (0.5857)  loss_bbox_enc_0: 0.0143 (0.0162)  loss_giou_enc_0: 0.2041 (0.2069)  loss_mal_dn_0: 0.5016 (0.5084)  loss_bbox_dn_0: 0.0137 (0.0147)  loss_giou_dn_0: 0.1835 (0.1920)  loss_fgl_dn_0: 1.1588 (1.1666)  loss_ddf_dn_0: 0.0776 (0.0826)  loss_mal_dn_1: 0.3615 (0.3781)  loss_bbox_dn_1: 0.0097 (0.0098)  loss_giou_dn_1: 0.1194 (0.1294)  loss_fgl_dn_1: 1.1043 (1.1084)  loss_ddf_dn_1: 0.0041 (0.0042)  loss_mal_dn_2: 0.3578 (0.3750)  loss_bbox_dn_2: 0.0095 (0.0097)  loss_giou_dn_2: 0.1186 (0.1284)  loss_fgl_dn_2: 1.1054 (1.1077)  loss_ddf_dn_2: -0.0000 (0.0000)  loss_mal_dn_pre: 0.5125 (0.5177)  loss_bbox_dn_pre: 0.0138 (0.0147)  loss_giou_dn_pre: 0.1822 (0.1920)
Test:  [0/9]  eta: 0:00:02    time: 0.3209  data: 0.2401  max mem: 5224
Test:  [8/9]  eta: 0:00:00    time: 0.1397  data: 0.0401  max mem: 5224
Test: Total time: 0:00:01 (0.1435 s / it)
Metrics: {'f1': 0.975609756097561, 'precision': 0.9790209790209791, 'recall': 0.9722222222222222, 'iou': 0.670087896236757, 'TPs': 140, 'FPs': 3, 'FNs': 4}
Averaged stats: 
Accumulating evaluation results...
COCOeval_opt.accumulate() finished...
DONE (t=0.01s).
IoU metric: bbox
 Average Precision  (AP) @[ IoU=0.50:0.95 | area=   all | maxDets=100 ] = 0.359
 Average Precision  (AP) @[ IoU=0.50      | area=   all | maxDets=100 ] = 0.958
 Average Precision  (AP) @[ IoU=0.75      | area=   all | maxDets=100 ] = 0.137
 Average Precision  (AP) @[ IoU=0.50:0.95 | area= small | maxDets=100 ] = 0.359
 Average Precision  (AP) @[ IoU=0.50:0.95 | area=medium | maxDets=100 ] = -1.000
 Average Precision  (AP) @[ IoU=0.50:0.95 | area= large | maxDets=100 ] = -1.000
 Average Recall     (AR) @[ IoU=0.50:0.95 | area=   all | maxDets=  1 ] = 0.209
 Average Recall     (AR) @[ IoU=0.50:0.95 | area=   all | maxDets= 10 ] = 0.468
 Average Recall     (AR) @[ IoU=0.50:0.95 | area=   all | maxDets=100 ] = 0.566
 Average Recall     (AR) @[ IoU=0.50:0.95 | area= small | maxDets=100 ] = 0.566
 Average Recall     (AR) @[ IoU=0.50:0.95 | area=medium | maxDets=100 ] = -1.000
 Average Recall     (AR) @[ IoU=0.50:0.95 | area= large | maxDets=100 ] = -1.000
 Average Recall     (AR) @[ IoU=0.50      | area=   all | maxDets=100 ] = 0.986
 Average Recall     (AR) @[ IoU=0.75      | area=   all | maxDets=100 ] = 0.528
best_stat: {'epoch': 3, 'coco_eval_bbox': 0.37821048554885567}
Training time 0:13:23
