Not init distributed mode.
cfg: 
{'_collate_fn': None,
 '_criterion': None,
 '_ema': None,
 '_evaluator': None,
 '_lr_scheduler': None,
 '_lr_warmup_scheduler': None,
 '_model': None,
 '_optimizer': None,
 '_postprocessor': None,
 '_scaler': None,
 '_train_batch_size': None,
 '_train_dataloader': None,
 '_train_dataset': None,
 '_train_shuffle': None,
 '_val_batch_size': None,
 '_val_dataloader': None,
 '_val_dataset': None,
 '_val_shuffle': None,
 '_writer': None,
 'batch_size': None,
 'checkpoint_freq': 30,
 'clip_max_norm': 0.1,
 'device': 'cuda:0',
 'ema_decay': 0.9999,
 'ema_warmups': 2000,
 'epochs': 30,
 'find_unused_parameters': False,
 'last_epoch': -1,
 'num_workers': 0,
 'output_dir': '/home/viplab/contest/experiments/kamp_v2_ambiguity/runs/fgl05_seed20260930',
 'print_freq': 10,
 'resume': None,
 'seed': 20260930,
 'summary_dir': None,
 'sync_bn': False,
 'task': 'detection',
 'tuning': '/home/viplab/contest/experiments/kamp_pilot_v1/dfine_s_init.pth',
 'use_amp': False,
 'use_ema': True,
 'yaml_cfg': {'DFINE': {'backbone': 'HGNetv2',
                        'decoder': 'DFINETransformer',
                        'encoder': 'HybridEncoder'},
              'DFINECriterion': {'alpha': 0.75,
                                 'gamma': 2.0,
                                 'losses': ['vfl', 'boxes', 'local'],
                                 'matcher': {'alpha': 0.25,
                                             'gamma': 2.0,
                                             'type': 'HungarianMatcher',
                                             'weight_dict': {'cost_bbox': 5,
                                                             'cost_class': 2,
                                                             'cost_giou': 2}},
                                 'reg_max': 32,
                                 'weight_dict': {'loss_bbox': 5,
                                                 'loss_ddf': 1.5,
                                                 'loss_fgl': 0.15,
                                                 'loss_giou': 2,
                                                 'loss_vfl': 1}},
              'DFINEPostProcessor': {'num_top_queries': 300},
              'DFINETransformer': {'box_noise_scale': 1.0,
                                   'cross_attn_method': 'default',
                                   'eval_idx': -1,
                                   'feat_channels': [256, 256, 256],
                                   'feat_strides': [8, 16, 32],
                                   'hidden_dim': 256,
                                   'label_noise_ratio': 0.5,
                                   'layer_scale': 1,
                                   'num_denoising': 100,
                                   'num_layers': 3,
                                   'num_levels': 3,
                                   'num_points': [3, 6, 3],
                                   'num_queries': 300,
                                   'query_select_method': 'default',
                                   'reg_max': 32,
                                   'reg_scale': 4},
              'HGNetv2': {'freeze_at': -1,
                          'freeze_norm': False,
                          'local_model_dir': 'weight/hgnetv2/',
                          'name': 'B0',
                          'pretrained': False,
                          'return_idx': [1, 2, 3],
                          'use_lab': True},
              'HybridEncoder': {'act': 'silu',
                                'depth_mult': 0.34,
                                'dim_feedforward': 1024,
                                'dropout': 0.0,
                                'enc_act': 'gelu',
                                'expansion': 0.5,
                                'feat_strides': [8, 16, 32],
                                'hidden_dim': 256,
                                'in_channels': [256, 512, 1024],
                                'nhead': 8,
                                'num_encoder_layers': 1,
                                'use_encoder_idx': [2]},
              '__include__': ['/home/viplab/contest/models/D-FINE/configs/dfine/dfine_hgnetv2_s_coco.yml'],
              'checkpoint_freq': 30,
              'clip_max_norm': 0.1,
              'config': '/home/viplab/contest/experiments/kamp_v2_ambiguity/configs/fgl05_seed20260930.yml',
              'criterion': 'DFINECriterion',
              'device': 'cuda:0',
              'ema': {'decay': 0.9999,
                      'start': 0,
                      'type': 'ModelEMA',
                      'warmups': 100},
              'epochs': 30,
              'eval_spatial_size': [640, 640],
              'evaluator': {'iou_types': ['bbox'], 'type': 'CocoEvaluator'},
              'exp_name': 'baseline',
              'find_unused_parameters': False,
              'lr_scheduler': {'gamma': 0.1,
                               'milestones': [24],
                               'type': 'MultiStepLR'},
              'lr_warmup_scheduler': {'type': 'LinearWarmup',
                                      'warmup_duration': 45},
              'model': 'DFINE',
              'num_classes': 1,
              'optimizer': {'betas': [0.9, 0.999],
                            'lr': 0.0002,
                            'params': [{'lr': 0.0001,
                                        'params': '^(?=.*backbone)(?!.*norm|bn).*$'},
                                       {'lr': 0.0001,
                                        'params': '^(?=.*backbone)(?=.*norm|bn).*$',
                                        'weight_decay': 0.0},
                                       {'params': '^(?=.*(?:encoder|decoder))(?=.*(?:norm|bn|bias)).*$',
                                        'weight_decay': 0.0}],
                            'type': 'AdamW',
                            'weight_decay': 0.0001},
              'output_dir': '/home/viplab/contest/experiments/kamp_v2_ambiguity/runs/fgl05_seed20260930',
              'postprocessor': 'DFINEPostProcessor',
              'print_freq': 10,
              'print_method': 'builtin',
              'print_rank': 0,
              'project_name': 'D-FINE',
              'remap_mscoco_category': False,
              'scaler': {'enabled': True, 'type': 'GradScaler'},
              'seed': 20260930,
              'sync_bn': False,
              'task': 'detection',
              'test_only': False,
              'train_dataloader': {'collate_fn': {'base_size': 640,
                                                  'base_size_repeat': None,
                                                  'ema_restart_decay': 0.9999,
                                                  'stop_epoch': 1000,
                                                  'type': 'BatchImageCollateFunction'},
                                   'dataset': {'ann_file': '/home/viplab/contest/experiments/kamp_v2_baselines/data640/annotations/train.json',
                                               'img_folder': '/home/viplab/contest/experiments/kamp_v2_baselines/data640/images/train',
                                               'return_masks': False,
                                               'transforms': {'ops': [{'dtype': 'float32',
                                                                       'scale': True,
                                                                       'type': 'ConvertPILImage'},
                                                                      {'fmt': 'cxcywh',
                                                                       'normalize': True,
                                                                       'type': 'ConvertBoxes'}],
                                                              'policy': {'epoch': 1000,
                                                                         'name': 'stop_epoch',
                                                                         'ops': ['RandomPhotometricDistort',
                                                                                 'RandomZoomOut',
                                                                                 'RandomIoUCrop']},
                                                              'type': 'Compose'},
                                               'type': 'CocoDetection'},
                                   'drop_last': False,
                                   'num_workers': 2,
                                   'shuffle': True,
                                   'total_batch_size': 8,
                                   'type': 'DataLoader'},
              'tuning': '/home/viplab/contest/experiments/kamp_pilot_v1/dfine_s_init.pth',
              'use_amp': False,
              'use_ema': True,
              'use_focal_loss': True,
              'use_wandb': False,
              'val_dataloader': {'collate_fn': {'type': 'BatchImageCollateFunction'},
                                 'dataset': {'ann_file': '/home/viplab/contest/experiments/kamp_v2_baselines/data640/annotations/val.json',
                                             'img_folder': '/home/viplab/contest/experiments/kamp_v2_baselines/data640/images/val',
                                             'return_masks': False,
                                             'transforms': {'ops': [{'dtype': 'float32',
                                                                     'scale': True,
                                                                     'type': 'ConvertPILImage'}],
                                                            'type': 'Compose'},
                                             'type': 'CocoDetection'},
                                 'drop_last': False,
                                 'num_workers': 2,
                                 'shuffle': False,
                                 'total_batch_size': 8,
                                 'type': 'DataLoader'}}}
Tuning checkpoint from /home/viplab/contest/experiments/kamp_pilot_v1/dfine_s_init.pth
Load model.state_dict, {'missed': [], 'unmatched': []}
Initial lr: [0.0001, 0.0001, 0.0002, 0.0002]
building train_dataloader with batch_size=8...
building val_dataloader with batch_size=8...

------------------------------------- Calculate Flops Results -------------------------------------
Notations:
number of parameters (Params), number of multiply-accumulate operations(MACs),
number of floating-point operations (FLOPs), floating-point operations per second (FLOPS),
fwd FLOPs (model forward propagation FLOPs), bwd FLOPs (model backward propagation FLOPs),
default model backpropagation takes 2.00 times as much computation as forward propagation.

Total Training Params:                                                  10.18 M 
fwd MACs:                                                               12.3563 GMACs
fwd FLOPs:                                                              24.8195 GFLOPS
fwd+bwd MACs:                                                           37.069 GMACs
fwd+bwd FLOPs:                                                          74.4584 GFLOPS
---------------------------------------------------------------------------------------------------
{'Model FLOPs:24.8195 GFLOPS   MACs:12.3563 GMACs   Params:10176661'}
------------------------------------------Start training-------------------------------------------
/home/viplab/contest/models/D-FINE/src/solver/det_engine.py:125: UserWarning: Converting a tensor with requires_grad=True to a scalar may lead to unexpected behavior.
Consider using tensor.detach() first. (Triggered internally at /pytorch/torch/csrc/autograd/generated/python_variable_methods.cpp:836.)
  if not math.isfinite(loss_value):
Epoch: [0/30]  [ 0/44]  eta: 0:01:03  lr: 0.000004  loss: 33.4848 (33.4848)  loss_mal: 0.0398 (0.0398)  loss_bbox: 1.8065 (1.8065)  loss_giou: 2.5477 (2.5477)  loss_fgl: 0.0888 (0.0888)  loss_mal_aux_0: 0.0293 (0.0293)  loss_bbox_aux_0: 1.7218 (1.7218)  loss_giou_aux_0: 2.6113 (2.6113)  loss_fgl_aux_0: 0.0710 (0.0710)  loss_ddf_aux_0: 0.0280 (0.0280)  loss_mal_aux_1: 0.0344 (0.0344)  loss_bbox_aux_1: 1.7975 (1.7975)  loss_giou_aux_1: 2.5541 (2.5541)  loss_fgl_aux_1: 0.0838 (0.0838)  loss_ddf_aux_1: 0.0018 (0.0018)  loss_mal_pre: 0.0285 (0.0285)  loss_bbox_pre: 1.7162 (1.7162)  loss_giou_pre: 2.6498 (2.6498)  loss_mal_enc_0: 0.0362 (0.0362)  loss_bbox_enc_0: 1.7033 (1.7033)  loss_giou_enc_0: 2.7149 (2.7149)  loss_mal_dn_0: 0.2992 (0.2992)  loss_bbox_dn_0: 0.3576 (0.3576)  loss_giou_dn_0: 1.7358 (1.7358)  loss_fgl_dn_0: 0.5339 (0.5339)  loss_ddf_dn_0: 0.1093 (0.1093)  loss_mal_dn_1: 0.4737 (0.4737)  loss_bbox_dn_1: 0.2484 (0.2484)  loss_giou_dn_1: 1.5672 (1.5672)  loss_fgl_dn_1: 0.6211 (0.6211)  loss_ddf_dn_1: 0.0054 (0.0054)  loss_mal_dn_2: 0.4587 (0.4587)  loss_bbox_dn_2: 0.2436 (0.2436)  loss_giou_dn_2: 1.5495 (1.5495)  loss_fgl_dn_2: 0.6294 (0.6294)  loss_ddf_dn_2: -0.0000 (0.0000)  loss_mal_dn_pre: 0.3034 (0.3034)  loss_bbox_dn_pre: 0.3510 (0.3510)  loss_giou_dn_pre: 1.7330 (1.7330)  time: 1.4428  data: 0.2928  max mem: 5074
Epoch: [0/30]  [10/44]  eta: 0:00:18  lr: 0.000027  loss: 33.1085 (32.8260)  loss_mal: 0.0676 (0.0818)  loss_bbox: 1.4602 (1.5090)  loss_giou: 2.5560 (2.5697)  loss_fgl: 0.0892 (0.1338)  loss_mal_aux_0: 0.0537 (0.0833)  loss_bbox_aux_0: 1.4851 (1.4873)  loss_giou_aux_0: 2.6113 (2.6033)  loss_fgl_aux_0: 0.0873 (0.1291)  loss_ddf_aux_0: 0.0284 (0.0279)  loss_mal_aux_1: 0.0711 (0.0794)  loss_bbox_aux_1: 1.4694 (1.5227)  loss_giou_aux_1: 2.5541 (2.5689)  loss_fgl_aux_1: 0.0855 (0.1313)  loss_ddf_aux_1: 0.0022 (0.0022)  loss_mal_pre: 0.0513 (0.0828)  loss_bbox_pre: 1.4974 (1.4936)  loss_giou_pre: 2.6338 (2.6095)  loss_mal_enc_0: 0.0524 (0.0669)  loss_bbox_enc_0: 1.4863 (1.5125)  loss_giou_enc_0: 2.6742 (2.6543)  loss_mal_dn_0: 0.3893 (0.4046)  loss_bbox_dn_0: 0.3546 (0.3485)  loss_giou_dn_0: 1.5551 (1.5575)  loss_fgl_dn_0: 0.6337 (0.6365)  loss_ddf_dn_0: 0.1545 (0.1643)  loss_mal_dn_1: 0.7175 (0.7304)  loss_bbox_dn_1: 0.2033 (0.2105)  loss_giou_dn_1: 1.3314 (1.3347)  loss_fgl_dn_1: 0.7453 (0.7628)  loss_ddf_dn_1: 0.0066 (0.0065)  loss_mal_dn_2: 0.7307 (0.7275)  loss_bbox_dn_2: 0.2015 (0.2058)  loss_giou_dn_2: 1.3014 (1.3125)  loss_fgl_dn_2: 0.7546 (0.7700)  loss_ddf_dn_2: -0.0000 (0.0000)  loss_mal_dn_pre: 0.3861 (0.4021)  loss_bbox_dn_pre: 0.3534 (0.3456)  loss_giou_dn_pre: 1.5545 (1.5571)  time: 0.5466  data: 0.0409  max mem: 5213
Epoch: [0/30]  [20/44]  eta: 0:00:11  lr: 0.000049  loss: 31.6717 (32.1505)  loss_mal: 0.1371 (0.2425)  loss_bbox: 1.0120 (1.2130)  loss_giou: 2.4932 (2.4239)  loss_fgl: 0.1632 (0.2290)  loss_mal_aux_0: 0.1267 (0.2132)  loss_bbox_aux_0: 1.1155 (1.2386)  loss_giou_aux_0: 2.4969 (2.4526)  loss_fgl_aux_0: 0.1616 (0.2189)  loss_ddf_aux_0: 0.0284 (0.0283)  loss_mal_aux_1: 0.1300 (0.2550)  loss_bbox_aux_1: 1.0335 (1.2308)  loss_giou_aux_1: 2.4742 (2.4187)  loss_fgl_aux_1: 0.1648 (0.2278)  loss_ddf_aux_1: 0.0022 (0.0024)  loss_mal_pre: 0.1297 (0.2092)  loss_bbox_pre: 1.1421 (1.2486)  loss_giou_pre: 2.4900 (2.4554)  loss_mal_enc_0: 0.1003 (0.1534)  loss_bbox_enc_0: 1.2791 (1.3119)  loss_giou_enc_0: 2.5057 (2.5025)  loss_mal_dn_0: 0.5499 (0.6869)  loss_bbox_dn_0: 0.2589 (0.2642)  loss_giou_dn_0: 1.4032 (1.3773)  loss_fgl_dn_0: 0.6984 (0.7611)  loss_ddf_dn_0: 0.1598 (0.1763)  loss_mal_dn_1: 1.0104 (0.9720)  loss_bbox_dn_1: 0.1143 (0.1584)  loss_giou_dn_1: 1.0960 (1.1995)  loss_fgl_dn_1: 0.8412 (0.8407)  loss_ddf_dn_1: 0.0072 (0.0073)  loss_mal_dn_2: 1.0045 (0.9337)  loss_bbox_dn_2: 0.1125 (0.1544)  loss_giou_dn_2: 1.0801 (1.1760)  loss_fgl_dn_2: 0.8489 (0.8481)  loss_ddf_dn_2: -0.0000 (0.0000)  loss_mal_dn_pre: 0.5389 (0.6707)  loss_bbox_dn_pre: 0.2603 (0.2656)  loss_giou_dn_pre: 1.4122 (1.3828)  time: 0.4496  data: 0.0161  max mem: 5224
Epoch: [0/30]  [30/44]  eta: 0:00:06  lr: 0.000071  loss: 31.7947 (32.1978)  loss_mal: 0.3428 (0.2695)  loss_bbox: 0.8550 (1.0773)  loss_giou: 2.3922 (2.4488)  loss_fgl: 0.3256 (0.2493)  loss_mal_aux_0: 0.3074 (0.2480)  loss_bbox_aux_0: 0.9302 (1.1184)  loss_giou_aux_0: 2.4085 (2.4783)  loss_fgl_aux_0: 0.3122 (0.2329)  loss_ddf_aux_0: 0.0343 (0.0346)  loss_mal_aux_1: 0.4083 (0.2930)  loss_bbox_aux_1: 0.8653 (1.0945)  loss_giou_aux_1: 2.3712 (2.4491)  loss_fgl_aux_1: 0.3294 (0.2463)  loss_ddf_aux_1: 0.0029 (0.0030)  loss_mal_pre: 0.2952 (0.2483)  loss_bbox_pre: 0.9382 (1.1314)  loss_giou_pre: 2.4002 (2.4760)  loss_mal_enc_0: 0.2253 (0.1793)  loss_bbox_enc_0: 1.0799 (1.2493)  loss_giou_enc_0: 2.4820 (2.5172)  loss_mal_dn_0: 1.1319 (0.8449)  loss_bbox_dn_0: 0.1054 (0.2109)  loss_giou_dn_0: 1.1104 (1.2863)  loss_fgl_dn_0: 0.9839 (0.8379)  loss_ddf_dn_0: 0.1598 (0.1725)  loss_mal_dn_1: 1.3758 (1.1254)  loss_bbox_dn_1: 0.0851 (0.1337)  loss_giou_dn_1: 0.9622 (1.1082)  loss_fgl_dn_1: 1.0110 (0.9158)  loss_ddf_dn_1: 0.0071 (0.0074)  loss_mal_dn_2: 1.1802 (1.0347)  loss_bbox_dn_2: 0.0827 (0.1302)  loss_giou_dn_2: 0.9623 (1.0853)  loss_fgl_dn_2: 1.0208 (0.9231)  loss_ddf_dn_2: -0.0000 (0.0000)  loss_mal_dn_pre: 1.1469 (0.8386)  loss_bbox_dn_pre: 0.1071 (0.2116)  loss_giou_dn_pre: 1.1008 (1.2872)  time: 0.4067  data: 0.0165  max mem: 5226
Epoch: [0/30]  [40/44]  eta: 0:00:01  lr: 0.000093  loss: 29.9062 (31.4108)  loss_mal: 0.4208 (0.3588)  loss_bbox: 0.5505 (0.8999)  loss_giou: 2.0132 (2.2437)  loss_fgl: 0.3706 (0.3482)  loss_mal_aux_0: 0.4042 (0.3668)  loss_bbox_aux_0: 0.6314 (0.9442)  loss_giou_aux_0: 2.1422 (2.3046)  loss_fgl_aux_0: 0.3242 (0.3163)  loss_ddf_aux_0: 0.0702 (0.0607)  loss_mal_aux_1: 0.4271 (0.4201)  loss_bbox_aux_1: 0.5656 (0.9156)  loss_giou_aux_1: 2.0507 (2.2516)  loss_fgl_aux_1: 0.3344 (0.3421)  loss_ddf_aux_1: 0.0072 (0.0050)  loss_mal_pre: 0.4134 (0.3652)  loss_bbox_pre: 0.6511 (0.9603)  loss_giou_pre: 2.1281 (2.2996)  loss_mal_enc_0: 0.3025 (0.2430)  loss_bbox_enc_0: 0.9379 (1.1108)  loss_giou_enc_0: 2.1909 (2.3776)  loss_mal_dn_0: 1.1799 (0.9345)  loss_bbox_dn_0: 0.0978 (0.1807)  loss_giou_dn_0: 1.0679 (1.2231)  loss_fgl_dn_0: 1.0114 (0.8891)  loss_ddf_dn_0: 0.2415 (0.2220)  loss_mal_dn_1: 1.4287 (1.2035)  loss_bbox_dn_1: 0.0748 (0.1177)  loss_giou_dn_1: 0.8611 (1.0322)  loss_fgl_dn_1: 1.1023 (0.9707)  loss_ddf_dn_1: 0.0102 (0.0088)  loss_mal_dn_2: 1.1713 (1.0529)  loss_bbox_dn_2: 0.0740 (0.1150)  loss_giou_dn_2: 0.8443 (1.0135)  loss_fgl_dn_2: 1.1092 (0.9775)  loss_ddf_dn_2: -0.0000 (0.0000)  loss_mal_dn_pre: 1.2063 (0.9327)  loss_bbox_dn_pre: 0.0966 (0.1811)  loss_giou_dn_pre: 1.0643 (1.2217)  time: 0.3909  data: 0.0163  max mem: 5226
Epoch: [0/30]  [43/44]  eta: 0:00:00  lr: 0.000100  loss: 29.1442 (31.1357)  loss_mal: 0.6298 (0.3884)  loss_bbox: 0.4698 (0.8493)  loss_giou: 1.6890 (2.1687)  loss_fgl: 0.4690 (0.3871)  loss_mal_aux_0: 0.5923 (0.4037)  loss_bbox_aux_0: 0.5271 (0.8931)  loss_giou_aux_0: 1.8022 (2.2390)  loss_fgl_aux_0: 0.4059 (0.3495)  loss_ddf_aux_0: 0.0979 (0.0770)  loss_mal_aux_1: 0.8083 (0.4535)  loss_bbox_aux_1: 0.4685 (0.8648)  loss_giou_aux_1: 1.6874 (2.1795)  loss_fgl_aux_1: 0.4648 (0.3795)  loss_ddf_aux_1: 0.0086 (0.0059)  loss_mal_pre: 0.5919 (0.4012)  loss_bbox_pre: 0.5513 (0.9091)  loss_giou_pre: 1.7993 (2.2341)  loss_mal_enc_0: 0.3644 (0.2586)  loss_bbox_enc_0: 0.7192 (1.0671)  loss_giou_enc_0: 2.0496 (2.3347)  loss_mal_dn_0: 1.1799 (0.9639)  loss_bbox_dn_0: 0.0892 (0.1735)  loss_giou_dn_0: 1.0622 (1.2005)  loss_fgl_dn_0: 1.0114 (0.9047)  loss_ddf_dn_0: 0.2686 (0.2451)  loss_mal_dn_1: 1.4249 (1.2076)  loss_bbox_dn_1: 0.0726 (0.1136)  loss_giou_dn_1: 0.8022 (1.0124)  loss_fgl_dn_1: 1.1318 (0.9843)  loss_ddf_dn_1: 0.0121 (0.0092)  loss_mal_dn_2: 1.1419 (1.0449)  loss_bbox_dn_2: 0.0718 (0.1111)  loss_giou_dn_2: 0.7984 (0.9953)  loss_fgl_dn_2: 1.1365 (0.9909)  loss_ddf_dn_2: -0.0000 (0.0000)  loss_mal_dn_pre: 1.2063 (0.9618)  loss_bbox_dn_pre: 0.0880 (0.1738)  loss_giou_dn_pre: 1.0461 (1.1992)  time: 0.3941  data: 0.0157  max mem: 5226
Epoch: [0/30] Total time: 0:00:19 (0.4465 s / it)
Averaged stats: lr: 0.000100  loss: 29.1442 (31.1357)  loss_mal: 0.6298 (0.3884)  loss_bbox: 0.4698 (0.8493)  loss_giou: 1.6890 (2.1687)  loss_fgl: 0.4690 (0.3871)  loss_mal_aux_0: 0.5923 (0.4037)  loss_bbox_aux_0: 0.5271 (0.8931)  loss_giou_aux_0: 1.8022 (2.2390)  loss_fgl_aux_0: 0.4059 (0.3495)  loss_ddf_aux_0: 0.0979 (0.0770)  loss_mal_aux_1: 0.8083 (0.4535)  loss_bbox_aux_1: 0.4685 (0.8648)  loss_giou_aux_1: 1.6874 (2.1795)  loss_fgl_aux_1: 0.4648 (0.3795)  loss_ddf_aux_1: 0.0086 (0.0059)  loss_mal_pre: 0.5919 (0.4012)  loss_bbox_pre: 0.5513 (0.9091)  loss_giou_pre: 1.7993 (2.2341)  loss_mal_enc_0: 0.3644 (0.2586)  loss_bbox_enc_0: 0.7192 (1.0671)  loss_giou_enc_0: 2.0496 (2.3347)  loss_mal_dn_0: 1.1799 (0.9639)  loss_bbox_dn_0: 0.0892 (0.1735)  loss_giou_dn_0: 1.0622 (1.2005)  loss_fgl_dn_0: 1.0114 (0.9047)  loss_ddf_dn_0: 0.2686 (0.2451)  loss_mal_dn_1: 1.4249 (1.2076)  loss_bbox_dn_1: 0.0726 (0.1136)  loss_giou_dn_1: 0.8022 (1.0124)  loss_fgl_dn_1: 1.1318 (0.9843)  loss_ddf_dn_1: 0.0121 (0.0092)  loss_mal_dn_2: 1.1419 (1.0449)  loss_bbox_dn_2: 0.0718 (0.1111)  loss_giou_dn_2: 0.7984 (0.9953)  loss_fgl_dn_2: 1.1365 (0.9909)  loss_ddf_dn_2: -0.0000 (0.0000)  loss_mal_dn_pre: 1.2063 (0.9618)  loss_bbox_dn_pre: 0.0880 (0.1738)  loss_giou_dn_pre: 1.0461 (1.1992)
Test:  [0/9]  eta: 0:00:04    time: 0.5429  data: 0.2535  max mem: 5226
Test:  [8/9]  eta: 0:00:00    time: 0.1522  data: 0.0402  max mem: 5226
Test: Total time: 0:00:01 (0.1562 s / it)
Metrics: {'f1': 0, 'precision': 0, 'recall': 0.0, 'iou': 0.0, 'TPs': 0, 'FPs': 0, 'FNs': 144}
Averaged stats: 
Accumulating evaluation results...
COCOeval_opt.accumulate() finished...
DONE (t=0.01s).
IoU metric: bbox
 Average Precision  (AP) @[ IoU=0.50:0.95 | area=   all | maxDets=100 ] = 0.039
 Average Precision  (AP) @[ IoU=0.50      | area=   all | maxDets=100 ] = 0.156
 Average Precision  (AP) @[ IoU=0.75      | area=   all | maxDets=100 ] = 0.006
 Average Precision  (AP) @[ IoU=0.50:0.95 | area= small | maxDets=100 ] = 0.045
 Average Precision  (AP) @[ IoU=0.50:0.95 | area=medium | maxDets=100 ] = -1.000
 Average Precision  (AP) @[ IoU=0.50:0.95 | area= large | maxDets=100 ] = -1.000
 Average Recall     (AR) @[ IoU=0.50:0.95 | area=   all | maxDets=  1 ] = 0.050
 Average Recall     (AR) @[ IoU=0.50:0.95 | area=   all | maxDets= 10 ] = 0.167
 Average Recall     (AR) @[ IoU=0.50:0.95 | area=   all | maxDets=100 ] = 0.210
 Average Recall     (AR) @[ IoU=0.50:0.95 | area= small | maxDets=100 ] = 0.210
 Average Recall     (AR) @[ IoU=0.50:0.95 | area=medium | maxDets=100 ] = -1.000
 Average Recall     (AR) @[ IoU=0.50:0.95 | area= large | maxDets=100 ] = -1.000
 Average Recall     (AR) @[ IoU=0.50      | area=   all | maxDets=100 ] = 0.639
 Average Recall     (AR) @[ IoU=0.75      | area=   all | maxDets=100 ] = 0.111
best_stat: {'epoch': 0, 'coco_eval_bbox': 0.03881908641732202}
Epoch: [1/30]  [ 0/44]  eta: 0:00:30  lr: 0.000100  loss: 27.7415 (27.7415)  loss_mal: 0.8589 (0.8589)  loss_bbox: 0.1687 (0.1687)  loss_giou: 1.2086 (1.2086)  loss_fgl: 0.8407 (0.8407)  loss_mal_aux_0: 0.9406 (0.9406)  loss_bbox_aux_0: 0.2175 (0.2175)  loss_giou_aux_0: 1.4037 (1.4037)  loss_fgl_aux_0: 0.7189 (0.7189)  loss_ddf_aux_0: 0.3869 (0.3869)  loss_mal_aux_1: 0.9778 (0.9778)  loss_bbox_aux_1: 0.1899 (0.1899)  loss_giou_aux_1: 1.2359 (1.2359)  loss_fgl_aux_1: 0.8237 (0.8237)  loss_ddf_aux_1: 0.0208 (0.0208)  loss_mal_pre: 0.8940 (0.8940)  loss_bbox_pre: 0.2376 (0.2376)  loss_giou_pre: 1.3880 (1.3880)  loss_mal_enc_0: 0.3690 (0.3690)  loss_bbox_enc_0: 0.4786 (0.4786)  loss_giou_enc_0: 1.9130 (1.9130)  loss_mal_dn_0: 1.3689 (1.3689)  loss_bbox_dn_0: 0.0725 (0.0725)  loss_giou_dn_0: 0.8590 (0.8590)  loss_fgl_dn_0: 1.1393 (1.1393)  loss_ddf_dn_0: 0.7021 (0.7021)  loss_mal_dn_1: 1.2096 (1.2096)  loss_bbox_dn_1: 0.0535 (0.0535)  loss_giou_dn_1: 0.7110 (0.7110)  loss_fgl_dn_1: 1.1874 (1.1874)  loss_ddf_dn_1: 0.0234 (0.0234)  loss_mal_dn_2: 0.8790 (0.8790)  loss_bbox_dn_2: 0.0540 (0.0540)  loss_giou_dn_2: 0.7184 (0.7184)  loss_fgl_dn_2: 1.1954 (1.1954)  loss_ddf_dn_2: -0.0000 (0.0000)  loss_mal_dn_pre: 1.3614 (1.3614)  loss_bbox_dn_pre: 0.0727 (0.0727)  loss_giou_dn_pre: 0.8606 (0.8606)  time: 0.6834  data: 0.2467  max mem: 5226
Epoch: [1/30]  [10/44]  eta: 0:00:18  lr: 0.000100  loss: 27.4334 (27.2871)  loss_mal: 0.8987 (0.8819)  loss_bbox: 0.1369 (0.1476)  loss_giou: 1.0464 (1.0884)  loss_fgl: 0.9536 (0.9381)  loss_mal_aux_0: 0.9614 (0.9705)  loss_bbox_aux_0: 0.1626 (0.1870)  loss_giou_aux_0: 1.2860 (1.3617)  loss_fgl_aux_0: 0.8569 (0.8079)  loss_ddf_aux_0: 0.3537 (0.3595)  loss_mal_aux_1: 0.9563 (0.9237)  loss_bbox_aux_1: 0.1423 (0.1594)  loss_giou_aux_1: 1.0285 (1.1169)  loss_fgl_aux_1: 0.9504 (0.9210)  loss_ddf_aux_1: 0.0227 (0.0226)  loss_mal_pre: 0.9294 (0.9507)  loss_bbox_pre: 0.1848 (0.2033)  loss_giou_pre: 1.3053 (1.3503)  loss_mal_enc_0: 0.6403 (0.6023)  loss_bbox_enc_0: 0.3695 (0.4365)  loss_giou_enc_0: 1.7191 (1.7657)  loss_mal_dn_0: 1.3407 (1.3084)  loss_bbox_dn_0: 0.0771 (0.0782)  loss_giou_dn_0: 0.8138 (0.8223)  loss_fgl_dn_0: 1.1432 (1.1475)  loss_ddf_dn_0: 0.7948 (0.7872)  loss_mal_dn_1: 0.9870 (1.0019)  loss_bbox_dn_1: 0.0591 (0.0591)  loss_giou_dn_1: 0.6858 (0.6900)  loss_fgl_dn_1: 1.2072 (1.1971)  loss_ddf_dn_1: 0.0313 (0.0309)  loss_mal_dn_2: 0.7904 (0.8000)  loss_bbox_dn_2: 0.0579 (0.0598)  loss_giou_dn_2: 0.6943 (0.6930)  loss_fgl_dn_2: 1.2174 (1.2104)  loss_ddf_dn_2: -0.0000 (0.0000)  loss_mal_dn_pre: 1.3317 (1.3035)  loss_bbox_dn_pre: 0.0778 (0.0782)  loss_giou_dn_pre: 0.8161 (0.8246)  time: 0.5462  data: 0.0362  max mem: 5226
Epoch: [1/30]  [20/44]  eta: 0:00:13  lr: 0.000100  loss: 26.7273 (26.9269)  loss_mal: 0.9287 (0.9243)  loss_bbox: 0.1117 (0.1306)  loss_giou: 0.9257 (1.0062)  loss_fgl: 1.0308 (1.0120)  loss_mal_aux_0: 1.1452 (1.0926)  loss_bbox_aux_0: 0.1492 (0.1608)  loss_giou_aux_0: 1.2046 (1.2363)  loss_fgl_aux_0: 0.9274 (0.9000)  loss_ddf_aux_0: 0.3280 (0.3249)  loss_mal_aux_1: 0.9582 (0.9576)  loss_bbox_aux_1: 0.1154 (0.1384)  loss_giou_aux_1: 0.9535 (1.0277)  loss_fgl_aux_1: 1.0126 (1.0016)  loss_ddf_aux_1: 0.0200 (0.0207)  loss_mal_pre: 1.1016 (1.0703)  loss_bbox_pre: 0.1597 (0.1729)  loss_giou_pre: 1.1664 (1.2263)  loss_mal_enc_0: 0.7922 (0.7666)  loss_bbox_enc_0: 0.3386 (0.3663)  loss_giou_enc_0: 1.6730 (1.6844)  loss_mal_dn_0: 1.2112 (1.2259)  loss_bbox_dn_0: 0.0740 (0.0733)  loss_giou_dn_0: 0.7885 (0.7945)  loss_fgl_dn_0: 1.1627 (1.1712)  loss_ddf_dn_0: 0.7758 (0.7368)  loss_mal_dn_1: 0.8080 (0.8926)  loss_bbox_dn_1: 0.0553 (0.0569)  loss_giou_dn_1: 0.6599 (0.6758)  loss_fgl_dn_1: 1.2143 (1.2148)  loss_ddf_dn_1: 0.0313 (0.0311)  loss_mal_dn_2: 0.7672 (0.7794)  loss_bbox_dn_2: 0.0568 (0.0575)  loss_giou_dn_2: 0.6688 (0.6790)  loss_fgl_dn_2: 1.2298 (1.2240)  loss_ddf_dn_2: -0.0000 (0.0000)  loss_mal_dn_pre: 1.2203 (1.2262)  loss_bbox_dn_pre: 0.0738 (0.0732)  loss_giou_dn_pre: 0.7898 (0.7943)  time: 0.5574  data: 0.0151  max mem: 5226
Epoch: [1/30]  [30/44]  eta: 0:00:07  lr: 0.000100  loss: 25.3990 (26.0323)  loss_mal: 0.9061 (0.9084)  loss_bbox: 0.0800 (0.1126)  loss_giou: 0.8095 (0.9261)  loss_fgl: 1.1246 (1.0574)  loss_mal_aux_0: 1.1452 (1.0774)  loss_bbox_aux_0: 0.1036 (0.1395)  loss_giou_aux_0: 0.9796 (1.1351)  loss_fgl_aux_0: 1.0565 (0.9617)  loss_ddf_aux_0: 0.1802 (0.2700)  loss_mal_aux_1: 0.9387 (0.9398)  loss_bbox_aux_1: 0.0859 (0.1187)  loss_giou_aux_1: 0.8182 (0.9485)  loss_fgl_aux_1: 1.1270 (1.0472)  loss_ddf_aux_1: 0.0153 (0.0176)  loss_mal_pre: 1.1356 (1.0583)  loss_bbox_pre: 0.1032 (0.1492)  loss_giou_pre: 0.9730 (1.1274)  loss_mal_enc_0: 0.9565 (0.8504)  loss_bbox_enc_0: 0.2380 (0.3243)  loss_giou_enc_0: 1.5060 (1.5855)  loss_mal_dn_0: 0.9836 (1.1173)  loss_bbox_dn_0: 0.0627 (0.0690)  loss_giou_dn_0: 0.7336 (0.7740)  loss_fgl_dn_0: 1.2160 (1.1893)  loss_ddf_dn_0: 0.4916 (0.6354)  loss_mal_dn_1: 0.7667 (0.8509)  loss_bbox_dn_1: 0.0513 (0.0549)  loss_giou_dn_1: 0.6466 (0.6544)  loss_fgl_dn_1: 1.2379 (1.2259)  loss_ddf_dn_1: 0.0242 (0.0279)  loss_mal_dn_2: 0.7543 (0.7710)  loss_bbox_dn_2: 0.0525 (0.0555)  loss_giou_dn_2: 0.6531 (0.6576)  loss_fgl_dn_2: 1.2388 (1.2321)  loss_ddf_dn_2: -0.0000 (0.0000)  loss_mal_dn_pre: 0.9915 (1.1182)  loss_bbox_dn_pre: 0.0618 (0.0691)  loss_giou_dn_pre: 0.7345 (0.7749)  time: 0.5461  data: 0.0157  max mem: 5226
Epoch: [1/30]  [40/44]  eta: 0:00:02  lr: 0.000100  loss: 23.8884 (25.4211)  loss_mal: 0.8354 (0.8871)  loss_bbox: 0.0707 (0.1060)  loss_giou: 0.7749 (0.8912)  loss_fgl: 1.1485 (1.0811)  loss_mal_aux_0: 0.9452 (1.0366)  loss_bbox_aux_0: 0.0924 (0.1325)  loss_giou_aux_0: 0.8789 (1.0811)  loss_fgl_aux_0: 1.1073 (0.9959)  loss_ddf_aux_0: 0.1305 (0.2318)  loss_mal_aux_1: 0.9171 (0.9399)  loss_bbox_aux_1: 0.0779 (0.1109)  loss_giou_aux_1: 0.7979 (0.9131)  loss_fgl_aux_1: 1.1432 (1.0710)  loss_ddf_aux_1: 0.0093 (0.0154)  loss_mal_pre: 0.9458 (1.0206)  loss_bbox_pre: 0.0978 (0.1407)  loss_giou_pre: 0.8807 (1.0759)  loss_mal_enc_0: 1.1224 (0.9083)  loss_bbox_enc_0: 0.2267 (0.3085)  loss_giou_enc_0: 1.3324 (1.5250)  loss_mal_dn_0: 0.8145 (1.0337)  loss_bbox_dn_0: 0.0591 (0.0671)  loss_giou_dn_0: 0.7131 (0.7527)  loss_fgl_dn_0: 1.2353 (1.2026)  loss_ddf_dn_0: 0.3983 (0.5721)  loss_mal_dn_1: 0.7550 (0.8272)  loss_bbox_dn_1: 0.0481 (0.0534)  loss_giou_dn_1: 0.5815 (0.6346)  loss_fgl_dn_1: 1.2497 (1.2326)  loss_ddf_dn_1: 0.0151 (0.0241)  loss_mal_dn_2: 0.7473 (0.7646)  loss_bbox_dn_2: 0.0482 (0.0539)  loss_giou_dn_2: 0.5861 (0.6363)  loss_fgl_dn_2: 1.2492 (1.2380)  loss_ddf_dn_2: -0.0000 (0.0000)  loss_mal_dn_pre: 0.8129 (1.0350)  loss_bbox_dn_pre: 0.0585 (0.0671)  loss_giou_dn_pre: 0.7100 (0.7534)  time: 0.5443  data: 0.0163  max mem: 5226
Epoch: [1/30]  [43/44]  eta: 0:00:00  lr: 0.000100  loss: 23.6463 (25.2637)  loss_mal: 0.8320 (0.8833)  loss_bbox: 0.0775 (0.1033)  loss_giou: 0.7508 (0.8794)  loss_fgl: 1.1689 (1.0913)  loss_mal_aux_0: 0.9450 (1.0317)  loss_bbox_aux_0: 0.0861 (0.1285)  loss_giou_aux_0: 0.8586 (1.0624)  loss_fgl_aux_0: 1.1313 (1.0090)  loss_ddf_aux_0: 0.1221 (0.2236)  loss_mal_aux_1: 0.8880 (0.9353)  loss_bbox_aux_1: 0.0781 (0.1081)  loss_giou_aux_1: 0.7930 (0.9003)  loss_fgl_aux_1: 1.1598 (1.0813)  loss_ddf_aux_1: 0.0084 (0.0147)  loss_mal_pre: 0.9408 (1.0168)  loss_bbox_pre: 0.0957 (0.1362)  loss_giou_pre: 0.8518 (1.0568)  loss_mal_enc_0: 1.1224 (0.9271)  loss_bbox_enc_0: 0.2107 (0.2970)  loss_giou_enc_0: 1.2590 (1.4957)  loss_mal_dn_0: 0.7662 (1.0139)  loss_bbox_dn_0: 0.0604 (0.0666)  loss_giou_dn_0: 0.7131 (0.7509)  loss_fgl_dn_0: 1.2353 (1.2041)  loss_ddf_dn_0: 0.3892 (0.5572)  loss_mal_dn_1: 0.7539 (0.8213)  loss_bbox_dn_1: 0.0485 (0.0532)  loss_giou_dn_1: 0.5815 (0.6339)  loss_fgl_dn_1: 1.2450 (1.2334)  loss_ddf_dn_1: 0.0136 (0.0231)  loss_mal_dn_2: 0.7473 (0.7636)  loss_bbox_dn_2: 0.0493 (0.0537)  loss_giou_dn_2: 0.5876 (0.6353)  loss_fgl_dn_2: 1.2490 (1.2385)  loss_ddf_dn_2: -0.0000 (0.0000)  loss_mal_dn_pre: 0.7687 (1.0150)  loss_bbox_dn_pre: 0.0601 (0.0666)  loss_giou_dn_pre: 0.7119 (0.7516)  time: 0.5532  data: 0.0160  max mem: 5226
Epoch: [1/30] Total time: 0:00:24 (0.5547 s / it)
Averaged stats: lr: 0.000100  loss: 23.6463 (25.2637)  loss_mal: 0.8320 (0.8833)  loss_bbox: 0.0775 (0.1033)  loss_giou: 0.7508 (0.8794)  loss_fgl: 1.1689 (1.0913)  loss_mal_aux_0: 0.9450 (1.0317)  loss_bbox_aux_0: 0.0861 (0.1285)  loss_giou_aux_0: 0.8586 (1.0624)  loss_fgl_aux_0: 1.1313 (1.0090)  loss_ddf_aux_0: 0.1221 (0.2236)  loss_mal_aux_1: 0.8880 (0.9353)  loss_bbox_aux_1: 0.0781 (0.1081)  loss_giou_aux_1: 0.7930 (0.9003)  loss_fgl_aux_1: 1.1598 (1.0813)  loss_ddf_aux_1: 0.0084 (0.0147)  loss_mal_pre: 0.9408 (1.0168)  loss_bbox_pre: 0.0957 (0.1362)  loss_giou_pre: 0.8518 (1.0568)  loss_mal_enc_0: 1.1224 (0.9271)  loss_bbox_enc_0: 0.2107 (0.2970)  loss_giou_enc_0: 1.2590 (1.4957)  loss_mal_dn_0: 0.7662 (1.0139)  loss_bbox_dn_0: 0.0604 (0.0666)  loss_giou_dn_0: 0.7131 (0.7509)  loss_fgl_dn_0: 1.2353 (1.2041)  loss_ddf_dn_0: 0.3892 (0.5572)  loss_mal_dn_1: 0.7539 (0.8213)  loss_bbox_dn_1: 0.0485 (0.0532)  loss_giou_dn_1: 0.5815 (0.6339)  loss_fgl_dn_1: 1.2450 (1.2334)  loss_ddf_dn_1: 0.0136 (0.0231)  loss_mal_dn_2: 0.7473 (0.7636)  loss_bbox_dn_2: 0.0493 (0.0537)  loss_giou_dn_2: 0.5876 (0.6353)  loss_fgl_dn_2: 1.2490 (1.2385)  loss_ddf_dn_2: -0.0000 (0.0000)  loss_mal_dn_pre: 0.7687 (1.0150)  loss_bbox_dn_pre: 0.0601 (0.0666)  loss_giou_dn_pre: 0.7119 (0.7516)
Test:  [0/9]  eta: 0:00:03    time: 0.3454  data: 0.2432  max mem: 5226
Test:  [8/9]  eta: 0:00:00    time: 0.1340  data: 0.0378  max mem: 5226
Test: Total time: 0:00:01 (0.1380 s / it)
Metrics: {'f1': 0.4591836734693877, 'precision': 0.8653846153846154, 'recall': 0.3125, 'iou': 0.2076527677624431, 'TPs': 45, 'FPs': 7, 'FNs': 99}
Averaged stats: 
Accumulating evaluation results...
COCOeval_opt.accumulate() finished...
DONE (t=0.01s).
IoU metric: bbox
 Average Precision  (AP) @[ IoU=0.50:0.95 | area=   all | maxDets=100 ] = 0.234
 Average Precision  (AP) @[ IoU=0.50      | area=   all | maxDets=100 ] = 0.661
 Average Precision  (AP) @[ IoU=0.75      | area=   all | maxDets=100 ] = 0.085
 Average Precision  (AP) @[ IoU=0.50:0.95 | area= small | maxDets=100 ] = 0.234
 Average Precision  (AP) @[ IoU=0.50:0.95 | area=medium | maxDets=100 ] = -1.000
 Average Precision  (AP) @[ IoU=0.50:0.95 | area= large | maxDets=100 ] = -1.000
 Average Recall     (AR) @[ IoU=0.50:0.95 | area=   all | maxDets=  1 ] = 0.124
 Average Recall     (AR) @[ IoU=0.50:0.95 | area=   all | maxDets= 10 ] = 0.420
 Average Recall     (AR) @[ IoU=0.50:0.95 | area=   all | maxDets=100 ] = 0.504
 Average Recall     (AR) @[ IoU=0.50:0.95 | area= small | maxDets=100 ] = 0.504
 Average Recall     (AR) @[ IoU=0.50:0.95 | area=medium | maxDets=100 ] = -1.000
 Average Recall     (AR) @[ IoU=0.50:0.95 | area= large | maxDets=100 ] = -1.000
 Average Recall     (AR) @[ IoU=0.50      | area=   all | maxDets=100 ] = 0.889
 Average Recall     (AR) @[ IoU=0.75      | area=   all | maxDets=100 ] = 0.493
best_stat: {'epoch': 1, 'coco_eval_bbox': 0.23403801247665681}
Epoch: [2/30]  [ 0/44]  eta: 0:00:32  lr: 0.000100  loss: 23.7431 (23.7431)  loss_mal: 0.8333 (0.8333)  loss_bbox: 0.1121 (0.1121)  loss_giou: 0.8416 (0.8416)  loss_fgl: 1.0887 (1.0887)  loss_mal_aux_0: 0.9916 (0.9916)  loss_bbox_aux_0: 0.1368 (0.1368)  loss_giou_aux_0: 0.9394 (0.9394)  loss_fgl_aux_0: 1.0444 (1.0444)  loss_ddf_aux_0: 0.0917 (0.0917)  loss_mal_aux_1: 0.8871 (0.8871)  loss_bbox_aux_1: 0.1119 (0.1119)  loss_giou_aux_1: 0.8266 (0.8266)  loss_fgl_aux_1: 1.0861 (1.0861)  loss_ddf_aux_1: 0.0063 (0.0063)  loss_mal_pre: 0.9867 (0.9867)  loss_bbox_pre: 0.1383 (0.1383)  loss_giou_pre: 0.9321 (0.9321)  loss_mal_enc_0: 1.2599 (1.2599)  loss_bbox_enc_0: 0.2103 (0.2103)  loss_giou_enc_0: 1.1949 (1.1949)  loss_mal_dn_0: 0.7284 (0.7284)  loss_bbox_dn_0: 0.0763 (0.0763)  loss_giou_dn_0: 0.7841 (0.7841)  loss_fgl_dn_0: 1.1628 (1.1628)  loss_ddf_dn_0: 0.3557 (0.3557)  loss_mal_dn_1: 0.7452 (0.7452)  loss_bbox_dn_1: 0.0614 (0.0614)  loss_giou_dn_1: 0.6665 (0.6665)  loss_fgl_dn_1: 1.1880 (1.1880)  loss_ddf_dn_1: 0.0112 (0.0112)  loss_mal_dn_2: 0.7559 (0.7559)  loss_bbox_dn_2: 0.0626 (0.0626)  loss_giou_dn_2: 0.6703 (0.6703)  loss_fgl_dn_2: 1.1892 (1.1892)  loss_ddf_dn_2: -0.0000 (0.0000)  loss_mal_dn_pre: 0.7323 (0.7323)  loss_bbox_dn_pre: 0.0711 (0.0711)  loss_giou_dn_pre: 0.7624 (0.7624)  time: 0.7283  data: 0.2820  max mem: 5226
Epoch: [2/30]  [10/44]  eta: 0:00:18  lr: 0.000100  loss: 22.5704 (22.7270)  loss_mal: 0.8295 (0.8283)  loss_bbox: 0.0508 (0.0578)  loss_giou: 0.5974 (0.6185)  loss_fgl: 1.2404 (1.2305)  loss_mal_aux_0: 1.1462 (1.1507)  loss_bbox_aux_0: 0.0591 (0.0646)  loss_giou_aux_0: 0.6643 (0.6755)  loss_fgl_aux_0: 1.2353 (1.2233)  loss_ddf_aux_0: 0.1016 (0.1016)  loss_mal_aux_1: 0.8871 (0.8846)  loss_bbox_aux_1: 0.0539 (0.0585)  loss_giou_aux_1: 0.6074 (0.6258)  loss_fgl_aux_1: 1.2402 (1.2296)  loss_ddf_aux_1: 0.0063 (0.0063)  loss_mal_pre: 1.1353 (1.1359)  loss_bbox_pre: 0.0586 (0.0647)  loss_giou_pre: 0.6603 (0.6714)  loss_mal_enc_0: 1.3945 (1.3928)  loss_bbox_enc_0: 0.0892 (0.1046)  loss_giou_enc_0: 0.8818 (0.9036)  loss_mal_dn_0: 0.7639 (0.7608)  loss_bbox_dn_0: 0.0536 (0.0568)  loss_giou_dn_0: 0.6326 (0.6504)  loss_fgl_dn_0: 1.2510 (1.2291)  loss_ddf_dn_0: 0.3783 (0.3851)  loss_mal_dn_1: 0.7428 (0.7425)  loss_bbox_dn_1: 0.0447 (0.0464)  loss_giou_dn_1: 0.5253 (0.5516)  loss_fgl_dn_1: 1.2425 (1.2335)  loss_ddf_dn_1: 0.0122 (0.0127)  loss_mal_dn_2: 0.7401 (0.7390)  loss_bbox_dn_2: 0.0441 (0.0457)  loss_giou_dn_2: 0.5269 (0.5457)  loss_fgl_dn_2: 1.2432 (1.2331)  loss_ddf_dn_2: -0.0000 (0.0000)  loss_mal_dn_pre: 0.7612 (0.7600)  loss_bbox_dn_pre: 0.0541 (0.0561)  loss_giou_dn_pre: 0.6342 (0.6497)  time: 0.5556  data: 0.0386  max mem: 5226
Epoch: [2/30]  [20/44]  eta: 0:00:13  lr: 0.000100  loss: 22.4768 (22.5148)  loss_mal: 0.8092 (0.8076)  loss_bbox: 0.0508 (0.0563)  loss_giou: 0.5812 (0.6170)  loss_fgl: 1.2638 (1.2520)  loss_mal_aux_0: 1.1233 (1.1178)  loss_bbox_aux_0: 0.0557 (0.0607)  loss_giou_aux_0: 0.6339 (0.6580)  loss_fgl_aux_0: 1.2581 (1.2432)  loss_ddf_aux_0: 0.0847 (0.0902)  loss_mal_aux_1: 0.8702 (0.8685)  loss_bbox_aux_1: 0.0522 (0.0567)  loss_giou_aux_1: 0.6037 (0.6217)  loss_fgl_aux_1: 1.2661 (1.2509)  loss_ddf_aux_1: 0.0054 (0.0057)  loss_mal_pre: 1.1017 (1.1074)  loss_bbox_pre: 0.0558 (0.0607)  loss_giou_pre: 0.6378 (0.6546)  loss_mal_enc_0: 1.3627 (1.3656)  loss_bbox_enc_0: 0.0736 (0.0881)  loss_giou_enc_0: 0.8105 (0.8338)  loss_mal_dn_0: 0.7567 (0.7564)  loss_bbox_dn_0: 0.0537 (0.0568)  loss_giou_dn_0: 0.6339 (0.6485)  loss_fgl_dn_0: 1.2533 (1.2425)  loss_ddf_dn_0: 0.3349 (0.3493)  loss_mal_dn_1: 0.7455 (0.7521)  loss_bbox_dn_1: 0.0438 (0.0464)  loss_giou_dn_1: 0.5230 (0.5492)  loss_fgl_dn_1: 1.2500 (1.2478)  loss_ddf_dn_1: 0.0129 (0.0131)  loss_mal_dn_2: 0.7337 (0.7340)  loss_bbox_dn_2: 0.0441 (0.0462)  loss_giou_dn_2: 0.5269 (0.5478)  loss_fgl_dn_2: 1.2498 (1.2485)  loss_ddf_dn_2: -0.0000 (0.0000)  loss_mal_dn_pre: 0.7547 (0.7558)  loss_bbox_dn_pre: 0.0541 (0.0564)  loss_giou_dn_pre: 0.6342 (0.6472)  time: 0.5475  data: 0.0152  max mem: 5226
Epoch: [2/30]  [30/44]  eta: 0:00:07  lr: 0.000100  loss: 21.7910 (22.2035)  loss_mal: 0.7723 (0.7955)  loss_bbox: 0.0522 (0.0553)  loss_giou: 0.5985 (0.6119)  loss_fgl: 1.2705 (1.2530)  loss_mal_aux_0: 1.0818 (1.0984)  loss_bbox_aux_0: 0.0540 (0.0586)  loss_giou_aux_0: 0.6243 (0.6449)  loss_fgl_aux_0: 1.2629 (1.2463)  loss_ddf_aux_0: 0.0747 (0.0847)  loss_mal_aux_1: 0.8028 (0.8382)  loss_bbox_aux_1: 0.0522 (0.0557)  loss_giou_aux_1: 0.6111 (0.6158)  loss_fgl_aux_1: 1.2663 (1.2517)  loss_ddf_aux_1: 0.0046 (0.0052)  loss_mal_pre: 1.0715 (1.0875)  loss_bbox_pre: 0.0539 (0.0585)  loss_giou_pre: 0.6261 (0.6427)  loss_mal_enc_0: 1.2276 (1.2914)  loss_bbox_enc_0: 0.0646 (0.0804)  loss_giou_enc_0: 0.7448 (0.7995)  loss_mal_dn_0: 0.7489 (0.7528)  loss_bbox_dn_0: 0.0566 (0.0569)  loss_giou_dn_0: 0.6476 (0.6515)  loss_fgl_dn_0: 1.2457 (1.2402)  loss_ddf_dn_0: 0.2538 (0.3101)  loss_mal_dn_1: 0.7308 (0.7431)  loss_bbox_dn_1: 0.0438 (0.0459)  loss_giou_dn_1: 0.5291 (0.5458)  loss_fgl_dn_1: 1.2472 (1.2464)  loss_ddf_dn_1: 0.0113 (0.0119)  loss_mal_dn_2: 0.7222 (0.7288)  loss_bbox_dn_2: 0.0442 (0.0456)  loss_giou_dn_2: 0.5304 (0.5441)  loss_fgl_dn_2: 1.2471 (1.2471)  loss_ddf_dn_2: -0.0000 (0.0000)  loss_mal_dn_pre: 0.7464 (0.7522)  loss_bbox_dn_pre: 0.0559 (0.0564)  loss_giou_dn_pre: 0.6421 (0.6497)  time: 0.5532  data: 0.0159  max mem: 5226
Epoch: [2/30]  [40/44]  eta: 0:00:02  lr: 0.000100  loss: 21.4638 (21.9829)  loss_mal: 0.7540 (0.7835)  loss_bbox: 0.0522 (0.0546)  loss_giou: 0.6046 (0.6133)  loss_fgl: 1.2485 (1.2558)  loss_mal_aux_0: 1.0083 (1.0625)  loss_bbox_aux_0: 0.0533 (0.0571)  loss_giou_aux_0: 0.6016 (0.6385)  loss_fgl_aux_0: 1.2629 (1.2511)  loss_ddf_aux_0: 0.0691 (0.0806)  loss_mal_aux_1: 0.7589 (0.8187)  loss_bbox_aux_1: 0.0518 (0.0547)  loss_giou_aux_1: 0.5994 (0.6148)  loss_fgl_aux_1: 1.2506 (1.2551)  loss_ddf_aux_1: 0.0042 (0.0049)  loss_mal_pre: 0.9990 (1.0535)  loss_bbox_pre: 0.0533 (0.0570)  loss_giou_pre: 0.6012 (0.6361)  loss_mal_enc_0: 1.1477 (1.2612)  loss_bbox_enc_0: 0.0594 (0.0746)  loss_giou_enc_0: 0.6755 (0.7666)  loss_mal_dn_0: 0.7441 (0.7507)  loss_bbox_dn_0: 0.0548 (0.0559)  loss_giou_dn_0: 0.6476 (0.6511)  loss_fgl_dn_0: 1.2457 (1.2435)  loss_ddf_dn_0: 0.2214 (0.2897)  loss_mal_dn_1: 0.7212 (0.7377)  loss_bbox_dn_1: 0.0430 (0.0449)  loss_giou_dn_1: 0.5291 (0.5415)  loss_fgl_dn_1: 1.2493 (1.2488)  loss_ddf_dn_1: 0.0090 (0.0111)  loss_mal_dn_2: 0.7159 (0.7254)  loss_bbox_dn_2: 0.0425 (0.0447)  loss_giou_dn_2: 0.5304 (0.5405)  loss_fgl_dn_2: 1.2499 (1.2498)  loss_ddf_dn_2: -0.0000 (0.0000)  loss_mal_dn_pre: 0.7420 (0.7503)  loss_bbox_dn_pre: 0.0529 (0.0554)  loss_giou_dn_pre: 0.6421 (0.6476)  time: 0.5693  data: 0.0161  max mem: 5226
Epoch: [2/30]  [43/44]  eta: 0:00:00  lr: 0.000100  loss: 21.3369 (21.9281)  loss_mal: 0.7461 (0.7787)  loss_bbox: 0.0529 (0.0545)  loss_giou: 0.6046 (0.6109)  loss_fgl: 1.2462 (1.2553)  loss_mal_aux_0: 0.9932 (1.0586)  loss_bbox_aux_0: 0.0529 (0.0570)  loss_giou_aux_0: 0.6016 (0.6362)  loss_fgl_aux_0: 1.2524 (1.2506)  loss_ddf_aux_0: 0.0681 (0.0797)  loss_mal_aux_1: 0.7525 (0.8130)  loss_bbox_aux_1: 0.0535 (0.0546)  loss_giou_aux_1: 0.5994 (0.6128)  loss_fgl_aux_1: 1.2473 (1.2546)  loss_ddf_aux_1: 0.0040 (0.0048)  loss_mal_pre: 0.9762 (1.0497)  loss_bbox_pre: 0.0530 (0.0569)  loss_giou_pre: 0.6012 (0.6339)  loss_mal_enc_0: 1.1477 (1.2550)  loss_bbox_enc_0: 0.0590 (0.0741)  loss_giou_enc_0: 0.6755 (0.7642)  loss_mal_dn_0: 0.7446 (0.7505)  loss_bbox_dn_0: 0.0554 (0.0562)  loss_giou_dn_0: 0.6470 (0.6506)  loss_fgl_dn_0: 1.2441 (1.2427)  loss_ddf_dn_0: 0.2187 (0.2822)  loss_mal_dn_1: 0.7212 (0.7360)  loss_bbox_dn_1: 0.0434 (0.0449)  loss_giou_dn_1: 0.5288 (0.5401)  loss_fgl_dn_1: 1.2472 (1.2481)  loss_ddf_dn_1: 0.0090 (0.0110)  loss_mal_dn_2: 0.7155 (0.7240)  loss_bbox_dn_2: 0.0434 (0.0449)  loss_giou_dn_2: 0.5336 (0.5398)  loss_fgl_dn_2: 1.2499 (1.2492)  loss_ddf_dn_2: -0.0000 (0.0000)  loss_mal_dn_pre: 0.7437 (0.7502)  loss_bbox_dn_pre: 0.0552 (0.0557)  loss_giou_dn_pre: 0.6414 (0.6469)  time: 0.5787  data: 0.0160  max mem: 5226
Epoch: [2/30] Total time: 0:00:24 (0.5649 s / it)
Averaged stats: lr: 0.000100  loss: 21.3369 (21.9281)  loss_mal: 0.7461 (0.7787)  loss_bbox: 0.0529 (0.0545)  loss_giou: 0.6046 (0.6109)  loss_fgl: 1.2462 (1.2553)  loss_mal_aux_0: 0.9932 (1.0586)  loss_bbox_aux_0: 0.0529 (0.0570)  loss_giou_aux_0: 0.6016 (0.6362)  loss_fgl_aux_0: 1.2524 (1.2506)  loss_ddf_aux_0: 0.0681 (0.0797)  loss_mal_aux_1: 0.7525 (0.8130)  loss_bbox_aux_1: 0.0535 (0.0546)  loss_giou_aux_1: 0.5994 (0.6128)  loss_fgl_aux_1: 1.2473 (1.2546)  loss_ddf_aux_1: 0.0040 (0.0048)  loss_mal_pre: 0.9762 (1.0497)  loss_bbox_pre: 0.0530 (0.0569)  loss_giou_pre: 0.6012 (0.6339)  loss_mal_enc_0: 1.1477 (1.2550)  loss_bbox_enc_0: 0.0590 (0.0741)  loss_giou_enc_0: 0.6755 (0.7642)  loss_mal_dn_0: 0.7446 (0.7505)  loss_bbox_dn_0: 0.0554 (0.0562)  loss_giou_dn_0: 0.6470 (0.6506)  loss_fgl_dn_0: 1.2441 (1.2427)  loss_ddf_dn_0: 0.2187 (0.2822)  loss_mal_dn_1: 0.7212 (0.7360)  loss_bbox_dn_1: 0.0434 (0.0449)  loss_giou_dn_1: 0.5288 (0.5401)  loss_fgl_dn_1: 1.2472 (1.2481)  loss_ddf_dn_1: 0.0090 (0.0110)  loss_mal_dn_2: 0.7155 (0.7240)  loss_bbox_dn_2: 0.0434 (0.0449)  loss_giou_dn_2: 0.5336 (0.5398)  loss_fgl_dn_2: 1.2499 (1.2492)  loss_ddf_dn_2: -0.0000 (0.0000)  loss_mal_dn_pre: 0.7437 (0.7502)  loss_bbox_dn_pre: 0.0552 (0.0557)  loss_giou_dn_pre: 0.6414 (0.6469)
Test:  [0/9]  eta: 0:00:03    time: 0.3393  data: 0.2531  max mem: 5226
Test:  [8/9]  eta: 0:00:00    time: 0.1578  data: 0.0441  max mem: 5226
Test: Total time: 0:00:01 (0.1618 s / it)
Metrics: {'f1': 0.4712041884816754, 'precision': 0.9574468085106383, 'recall': 0.3125, 'iou': 0.21488408315671634, 'TPs': 45, 'FPs': 2, 'FNs': 99}
Averaged stats: 
Accumulating evaluation results...
COCOeval_opt.accumulate() finished...
DONE (t=0.01s).
IoU metric: bbox
 Average Precision  (AP) @[ IoU=0.50:0.95 | area=   all | maxDets=100 ] = 0.311
 Average Precision  (AP) @[ IoU=0.50      | area=   all | maxDets=100 ] = 0.891
 Average Precision  (AP) @[ IoU=0.75      | area=   all | maxDets=100 ] = 0.125
 Average Precision  (AP) @[ IoU=0.50:0.95 | area= small | maxDets=100 ] = 0.311
 Average Precision  (AP) @[ IoU=0.50:0.95 | area=medium | maxDets=100 ] = -1.000
 Average Precision  (AP) @[ IoU=0.50:0.95 | area= large | maxDets=100 ] = -1.000
 Average Recall     (AR) @[ IoU=0.50:0.95 | area=   all | maxDets=  1 ] = 0.186
 Average Recall     (AR) @[ IoU=0.50:0.95 | area=   all | maxDets= 10 ] = 0.470
 Average Recall     (AR) @[ IoU=0.50:0.95 | area=   all | maxDets=100 ] = 0.581
 Average Recall     (AR) @[ IoU=0.50:0.95 | area= small | maxDets=100 ] = 0.581
 Average Recall     (AR) @[ IoU=0.50:0.95 | area=medium | maxDets=100 ] = -1.000
 Average Recall     (AR) @[ IoU=0.50:0.95 | area= large | maxDets=100 ] = -1.000
 Average Recall     (AR) @[ IoU=0.50      | area=   all | maxDets=100 ] = 0.993
 Average Recall     (AR) @[ IoU=0.75      | area=   all | maxDets=100 ] = 0.625
best_stat: {'epoch': 2, 'coco_eval_bbox': 0.31071746859060373}
Epoch: [3/30]  [ 0/44]  eta: 0:00:33  lr: 0.000100  loss: 20.7312 (20.7312)  loss_mal: 0.7105 (0.7105)  loss_bbox: 0.0523 (0.0523)  loss_giou: 0.5531 (0.5531)  loss_fgl: 1.2624 (1.2624)  loss_mal_aux_0: 1.0113 (1.0113)  loss_bbox_aux_0: 0.0512 (0.0512)  loss_giou_aux_0: 0.5361 (0.5361)  loss_fgl_aux_0: 1.2633 (1.2633)  loss_ddf_aux_0: 0.0550 (0.0550)  loss_mal_aux_1: 0.7424 (0.7424)  loss_bbox_aux_1: 0.0526 (0.0526)  loss_giou_aux_1: 0.5593 (0.5593)  loss_fgl_aux_1: 1.2614 (1.2614)  loss_ddf_aux_1: 0.0029 (0.0029)  loss_mal_pre: 1.0113 (1.0113)  loss_bbox_pre: 0.0508 (0.0508)  loss_giou_pre: 0.5377 (0.5377)  loss_mal_enc_0: 1.1867 (1.1867)  loss_bbox_enc_0: 0.0571 (0.0571)  loss_giou_enc_0: 0.6101 (0.6101)  loss_mal_dn_0: 0.7417 (0.7417)  loss_bbox_dn_0: 0.0607 (0.0607)  loss_giou_dn_0: 0.6137 (0.6137)  loss_fgl_dn_0: 1.2281 (1.2281)  loss_ddf_dn_0: 0.2298 (0.2298)  loss_mal_dn_1: 0.7028 (0.7028)  loss_bbox_dn_1: 0.0434 (0.0434)  loss_giou_dn_1: 0.4786 (0.4786)  loss_fgl_dn_1: 1.2155 (1.2155)  loss_ddf_dn_1: 0.0093 (0.0093)  loss_mal_dn_2: 0.6976 (0.6976)  loss_bbox_dn_2: 0.0431 (0.0431)  loss_giou_dn_2: 0.4710 (0.4710)  loss_fgl_dn_2: 1.2142 (1.2142)  loss_ddf_dn_2: -0.0000 (0.0000)  loss_mal_dn_pre: 0.7428 (0.7428)  loss_bbox_dn_pre: 0.0600 (0.0600)  loss_giou_dn_pre: 0.6113 (0.6113)  time: 0.7679  data: 0.2595  max mem: 5226
Epoch: [3/30]  [10/44]  eta: 0:00:19  lr: 0.000100  loss: 20.8555 (20.8174)  loss_mal: 0.7141 (0.7208)  loss_bbox: 0.0501 (0.0505)  loss_giou: 0.5700 (0.5726)  loss_fgl: 1.2644 (1.2620)  loss_mal_aux_0: 0.9624 (0.9646)  loss_bbox_aux_0: 0.0512 (0.0518)  loss_giou_aux_0: 0.5865 (0.5838)  loss_fgl_aux_0: 1.2670 (1.2617)  loss_ddf_aux_0: 0.0550 (0.0545)  loss_mal_aux_1: 0.7407 (0.7368)  loss_bbox_aux_1: 0.0498 (0.0504)  loss_giou_aux_1: 0.5708 (0.5741)  loss_fgl_aux_1: 1.2663 (1.2618)  loss_ddf_aux_1: 0.0029 (0.0029)  loss_mal_pre: 0.9540 (0.9544)  loss_bbox_pre: 0.0509 (0.0515)  loss_giou_pre: 0.5785 (0.5805)  loss_mal_enc_0: 1.1435 (1.1444)  loss_bbox_enc_0: 0.0592 (0.0589)  loss_giou_enc_0: 0.6233 (0.6540)  loss_mal_dn_0: 0.7432 (0.7449)  loss_bbox_dn_0: 0.0531 (0.0532)  loss_giou_dn_0: 0.6328 (0.6275)  loss_fgl_dn_0: 1.2488 (1.2471)  loss_ddf_dn_0: 0.1905 (0.1894)  loss_mal_dn_1: 0.7055 (0.7033)  loss_bbox_dn_1: 0.0379 (0.0390)  loss_giou_dn_1: 0.4868 (0.4859)  loss_fgl_dn_1: 1.2523 (1.2436)  loss_ddf_dn_1: 0.0067 (0.0067)  loss_mal_dn_2: 0.6982 (0.6983)  loss_bbox_dn_2: 0.0385 (0.0387)  loss_giou_dn_2: 0.4756 (0.4827)  loss_fgl_dn_2: 1.2500 (1.2430)  loss_ddf_dn_2: -0.0000 (0.0000)  loss_mal_dn_pre: 0.7452 (0.7442)  loss_bbox_dn_pre: 0.0524 (0.0529)  loss_giou_dn_pre: 0.6246 (0.6250)  time: 0.5589  data: 0.0386  max mem: 5226
Epoch: [3/30]  [20/44]  eta: 0:00:13  lr: 0.000100  loss: 20.5468 (20.5653)  loss_mal: 0.7169 (0.7220)  loss_bbox: 0.0474 (0.0491)  loss_giou: 0.5674 (0.5675)  loss_fgl: 1.2660 (1.2654)  loss_mal_aux_0: 0.9069 (0.9136)  loss_bbox_aux_0: 0.0475 (0.0501)  loss_giou_aux_0: 0.5710 (0.5739)  loss_fgl_aux_0: 1.2688 (1.2651)  loss_ddf_aux_0: 0.0483 (0.0500)  loss_mal_aux_1: 0.7393 (0.7385)  loss_bbox_aux_1: 0.0468 (0.0489)  loss_giou_aux_1: 0.5648 (0.5677)  loss_fgl_aux_1: 1.2653 (1.2647)  loss_ddf_aux_1: 0.0024 (0.0025)  loss_mal_pre: 0.8971 (0.9077)  loss_bbox_pre: 0.0467 (0.0496)  loss_giou_pre: 0.5665 (0.5705)  loss_mal_enc_0: 1.1059 (1.1066)  loss_bbox_enc_0: 0.0538 (0.0554)  loss_giou_enc_0: 0.6149 (0.6295)  loss_mal_dn_0: 0.7468 (0.7459)  loss_bbox_dn_0: 0.0471 (0.0509)  loss_giou_dn_0: 0.5912 (0.6048)  loss_fgl_dn_0: 1.2562 (1.2533)  loss_ddf_dn_0: 0.1699 (0.1722)  loss_mal_dn_1: 0.7057 (0.7048)  loss_bbox_dn_1: 0.0371 (0.0384)  loss_giou_dn_1: 0.4869 (0.4830)  loss_fgl_dn_1: 1.2533 (1.2463)  loss_ddf_dn_1: 0.0051 (0.0057)  loss_mal_dn_2: 0.6941 (0.6969)  loss_bbox_dn_2: 0.0373 (0.0382)  loss_giou_dn_2: 0.4879 (0.4814)  loss_fgl_dn_2: 1.2540 (1.2465)  loss_ddf_dn_2: -0.0000 (0.0000)  loss_mal_dn_pre: 0.7460 (0.7457)  loss_bbox_dn_pre: 0.0473 (0.0506)  loss_giou_dn_pre: 0.5891 (0.6025)  time: 0.5428  data: 0.0164  max mem: 5226
Epoch: [3/30]  [30/44]  eta: 0:00:07  lr: 0.000100  loss: 20.2750 (20.4598)  loss_mal: 0.7139 (0.7186)  loss_bbox: 0.0474 (0.0499)  loss_giou: 0.5561 (0.5680)  loss_fgl: 1.2741 (1.2705)  loss_mal_aux_0: 0.8495 (0.8932)  loss_bbox_aux_0: 0.0469 (0.0506)  loss_giou_aux_0: 0.5695 (0.5754)  loss_fgl_aux_0: 1.2732 (1.2701)  loss_ddf_aux_0: 0.0401 (0.0457)  loss_mal_aux_1: 0.7320 (0.7336)  loss_bbox_aux_1: 0.0464 (0.0498)  loss_giou_aux_1: 0.5511 (0.5679)  loss_fgl_aux_1: 1.2747 (1.2700)  loss_ddf_aux_1: 0.0017 (0.0022)  loss_mal_pre: 0.8499 (0.8883)  loss_bbox_pre: 0.0467 (0.0503)  loss_giou_pre: 0.5665 (0.5730)  loss_mal_enc_0: 1.0133 (1.0676)  loss_bbox_enc_0: 0.0510 (0.0550)  loss_giou_enc_0: 0.6040 (0.6230)  loss_mal_dn_0: 0.7468 (0.7459)  loss_bbox_dn_0: 0.0471 (0.0506)  loss_giou_dn_0: 0.5627 (0.5940)  loss_fgl_dn_0: 1.2630 (1.2592)  loss_ddf_dn_0: 0.1433 (0.1647)  loss_mal_dn_1: 0.6977 (0.7011)  loss_bbox_dn_1: 0.0380 (0.0386)  loss_giou_dn_1: 0.4752 (0.4790)  loss_fgl_dn_1: 1.2538 (1.2503)  loss_ddf_dn_1: 0.0041 (0.0053)  loss_mal_dn_2: 0.6927 (0.6949)  loss_bbox_dn_2: 0.0384 (0.0384)  loss_giou_dn_2: 0.4799 (0.4773)  loss_fgl_dn_2: 1.2545 (1.2505)  loss_ddf_dn_2: -0.0000 (0.0000)  loss_mal_dn_pre: 0.7477 (0.7456)  loss_bbox_dn_pre: 0.0469 (0.0503)  loss_giou_dn_pre: 0.5627 (0.5915)  time: 0.5623  data: 0.0163  max mem: 5226
Epoch: [3/30]  [40/44]  eta: 0:00:02  lr: 0.000100  loss: 20.0463 (20.3688)  loss_mal: 0.7100 (0.7181)  loss_bbox: 0.0489 (0.0504)  loss_giou: 0.5647 (0.5738)  loss_fgl: 1.2597 (1.2636)  loss_mal_aux_0: 0.8309 (0.8739)  loss_bbox_aux_0: 0.0496 (0.0508)  loss_giou_aux_0: 0.5695 (0.5792)  loss_fgl_aux_0: 1.2578 (1.2630)  loss_ddf_aux_0: 0.0328 (0.0425)  loss_mal_aux_1: 0.7201 (0.7330)  loss_bbox_aux_1: 0.0497 (0.0504)  loss_giou_aux_1: 0.5704 (0.5747)  loss_fgl_aux_1: 1.2597 (1.2630)  loss_ddf_aux_1: 0.0016 (0.0021)  loss_mal_pre: 0.8289 (0.8701)  loss_bbox_pre: 0.0480 (0.0504)  loss_giou_pre: 0.5684 (0.5760)  loss_mal_enc_0: 0.9688 (1.0423)  loss_bbox_enc_0: 0.0515 (0.0547)  loss_giou_enc_0: 0.5899 (0.6194)  loss_mal_dn_0: 0.7462 (0.7465)  loss_bbox_dn_0: 0.0479 (0.0500)  loss_giou_dn_0: 0.5612 (0.5893)  loss_fgl_dn_0: 1.2643 (1.2579)  loss_ddf_dn_0: 0.1421 (0.1626)  loss_mal_dn_1: 0.6943 (0.6996)  loss_bbox_dn_1: 0.0386 (0.0384)  loss_giou_dn_1: 0.4675 (0.4780)  loss_fgl_dn_1: 1.2576 (1.2493)  loss_ddf_dn_1: 0.0041 (0.0050)  loss_mal_dn_2: 0.6916 (0.6939)  loss_bbox_dn_2: 0.0384 (0.0382)  loss_giou_dn_2: 0.4664 (0.4760)  loss_fgl_dn_2: 1.2561 (1.2496)  loss_ddf_dn_2: -0.0000 (0.0000)  loss_mal_dn_pre: 0.7445 (0.7456)  loss_bbox_dn_pre: 0.0477 (0.0498)  loss_giou_dn_pre: 0.5631 (0.5875)  time: 0.5766  data: 0.0162  max mem: 5226
Epoch: [3/30]  [43/44]  eta: 0:00:00  lr: 0.000100  loss: 19.9136 (20.3373)  loss_mal: 0.7073 (0.7185)  loss_bbox: 0.0489 (0.0501)  loss_giou: 0.5574 (0.5723)  loss_fgl: 1.2575 (1.2633)  loss_mal_aux_0: 0.8132 (0.8674)  loss_bbox_aux_0: 0.0496 (0.0508)  loss_giou_aux_0: 0.5695 (0.5801)  loss_fgl_aux_0: 1.2584 (1.2630)  loss_ddf_aux_0: 0.0326 (0.0417)  loss_mal_aux_1: 0.7201 (0.7353)  loss_bbox_aux_1: 0.0497 (0.0502)  loss_giou_aux_1: 0.5619 (0.5736)  loss_fgl_aux_1: 1.2563 (1.2627)  loss_ddf_aux_1: 0.0018 (0.0021)  loss_mal_pre: 0.8080 (0.8638)  loss_bbox_pre: 0.0488 (0.0504)  loss_giou_pre: 0.5684 (0.5773)  loss_mal_enc_0: 0.9597 (1.0345)  loss_bbox_enc_0: 0.0528 (0.0546)  loss_giou_enc_0: 0.5876 (0.6197)  loss_mal_dn_0: 0.7462 (0.7465)  loss_bbox_dn_0: 0.0473 (0.0498)  loss_giou_dn_0: 0.5612 (0.5884)  loss_fgl_dn_0: 1.2641 (1.2585)  loss_ddf_dn_0: 0.1457 (0.1602)  loss_mal_dn_1: 0.6896 (0.6985)  loss_bbox_dn_1: 0.0368 (0.0382)  loss_giou_dn_1: 0.4586 (0.4758)  loss_fgl_dn_1: 1.2538 (1.2490)  loss_ddf_dn_1: 0.0041 (0.0049)  loss_mal_dn_2: 0.6830 (0.6928)  loss_bbox_dn_2: 0.0363 (0.0380)  loss_giou_dn_2: 0.4492 (0.4737)  loss_fgl_dn_2: 1.2527 (1.2493)  loss_ddf_dn_2: -0.0000 (0.0000)  loss_mal_dn_pre: 0.7445 (0.7456)  loss_bbox_dn_pre: 0.0473 (0.0496)  loss_giou_dn_pre: 0.5631 (0.5868)  time: 0.5729  data: 0.0159  max mem: 5226
Epoch: [3/30] Total time: 0:00:24 (0.5660 s / it)
Averaged stats: lr: 0.000100  loss: 19.9136 (20.3373)  loss_mal: 0.7073 (0.7185)  loss_bbox: 0.0489 (0.0501)  loss_giou: 0.5574 (0.5723)  loss_fgl: 1.2575 (1.2633)  loss_mal_aux_0: 0.8132 (0.8674)  loss_bbox_aux_0: 0.0496 (0.0508)  loss_giou_aux_0: 0.5695 (0.5801)  loss_fgl_aux_0: 1.2584 (1.2630)  loss_ddf_aux_0: 0.0326 (0.0417)  loss_mal_aux_1: 0.7201 (0.7353)  loss_bbox_aux_1: 0.0497 (0.0502)  loss_giou_aux_1: 0.5619 (0.5736)  loss_fgl_aux_1: 1.2563 (1.2627)  loss_ddf_aux_1: 0.0018 (0.0021)  loss_mal_pre: 0.8080 (0.8638)  loss_bbox_pre: 0.0488 (0.0504)  loss_giou_pre: 0.5684 (0.5773)  loss_mal_enc_0: 0.9597 (1.0345)  loss_bbox_enc_0: 0.0528 (0.0546)  loss_giou_enc_0: 0.5876 (0.6197)  loss_mal_dn_0: 0.7462 (0.7465)  loss_bbox_dn_0: 0.0473 (0.0498)  loss_giou_dn_0: 0.5612 (0.5884)  loss_fgl_dn_0: 1.2641 (1.2585)  loss_ddf_dn_0: 0.1457 (0.1602)  loss_mal_dn_1: 0.6896 (0.6985)  loss_bbox_dn_1: 0.0368 (0.0382)  loss_giou_dn_1: 0.4586 (0.4758)  loss_fgl_dn_1: 1.2538 (1.2490)  loss_ddf_dn_1: 0.0041 (0.0049)  loss_mal_dn_2: 0.6830 (0.6928)  loss_bbox_dn_2: 0.0363 (0.0380)  loss_giou_dn_2: 0.4492 (0.4737)  loss_fgl_dn_2: 1.2527 (1.2493)  loss_ddf_dn_2: -0.0000 (0.0000)  loss_mal_dn_pre: 0.7445 (0.7456)  loss_bbox_dn_pre: 0.0473 (0.0496)  loss_giou_dn_pre: 0.5631 (0.5868)
Test:  [0/9]  eta: 0:00:03    time: 0.3640  data: 0.2597  max mem: 5226
Test:  [8/9]  eta: 0:00:00    time: 0.1591  data: 0.0418  max mem: 5226
Test: Total time: 0:00:01 (0.1633 s / it)
Metrics: {'f1': 0.8962962962962963, 'precision': 0.9603174603174603, 'recall': 0.8402777777777778, 'iou': 0.5716878879790338, 'TPs': 121, 'FPs': 5, 'FNs': 23}
Averaged stats: 
Accumulating evaluation results...
COCOeval_opt.accumulate() finished...
DONE (t=0.01s).
IoU metric: bbox
 Average Precision  (AP) @[ IoU=0.50:0.95 | area=   all | maxDets=100 ] = 0.353
 Average Precision  (AP) @[ IoU=0.50      | area=   all | maxDets=100 ] = 0.946
 Average Precision  (AP) @[ IoU=0.75      | area=   all | maxDets=100 ] = 0.145
 Average Precision  (AP) @[ IoU=0.50:0.95 | area= small | maxDets=100 ] = 0.353
 Average Precision  (AP) @[ IoU=0.50:0.95 | area=medium | maxDets=100 ] = -1.000
 Average Precision  (AP) @[ IoU=0.50:0.95 | area= large | maxDets=100 ] = -1.000
 Average Recall     (AR) @[ IoU=0.50:0.95 | area=   all | maxDets=  1 ] = 0.192
 Average Recall     (AR) @[ IoU=0.50:0.95 | area=   all | maxDets= 10 ] = 0.506
 Average Recall     (AR) @[ IoU=0.50:0.95 | area=   all | maxDets=100 ] = 0.601
 Average Recall     (AR) @[ IoU=0.50:0.95 | area= small | maxDets=100 ] = 0.601
 Average Recall     (AR) @[ IoU=0.50:0.95 | area=medium | maxDets=100 ] = -1.000
 Average Recall     (AR) @[ IoU=0.50:0.95 | area= large | maxDets=100 ] = -1.000
 Average Recall     (AR) @[ IoU=0.50      | area=   all | maxDets=100 ] = 0.993
 Average Recall     (AR) @[ IoU=0.75      | area=   all | maxDets=100 ] = 0.632
best_stat: {'epoch': 3, 'coco_eval_bbox': 0.3529269737568879}
Epoch: [4/30]  [ 0/44]  eta: 0:00:34  lr: 0.000100  loss: 19.9345 (19.9345)  loss_mal: 0.6973 (0.6973)  loss_bbox: 0.0560 (0.0560)  loss_giou: 0.5889 (0.5889)  loss_fgl: 1.2845 (1.2845)  loss_mal_aux_0: 0.7671 (0.7671)  loss_bbox_aux_0: 0.0556 (0.0556)  loss_giou_aux_0: 0.5887 (0.5887)  loss_fgl_aux_0: 1.2821 (1.2821)  loss_ddf_aux_0: 0.0342 (0.0342)  loss_mal_aux_1: 0.6968 (0.6968)  loss_bbox_aux_1: 0.0550 (0.0550)  loss_giou_aux_1: 0.5810 (0.5810)  loss_fgl_aux_1: 1.2834 (1.2834)  loss_ddf_aux_1: 0.0019 (0.0019)  loss_mal_pre: 0.7620 (0.7620)  loss_bbox_pre: 0.0561 (0.0561)  loss_giou_pre: 0.5905 (0.5905)  loss_mal_enc_0: 0.9274 (0.9274)  loss_bbox_enc_0: 0.0617 (0.0617)  loss_giou_enc_0: 0.6540 (0.6540)  loss_mal_dn_0: 0.7450 (0.7450)  loss_bbox_dn_0: 0.0486 (0.0486)  loss_giou_dn_0: 0.5468 (0.5468)  loss_fgl_dn_0: 1.2522 (1.2522)  loss_ddf_dn_0: 0.1164 (0.1164)  loss_mal_dn_1: 0.6896 (0.6896)  loss_bbox_dn_1: 0.0384 (0.0384)  loss_giou_dn_1: 0.4571 (0.4571)  loss_fgl_dn_1: 1.2378 (1.2378)  loss_ddf_dn_1: 0.0032 (0.0032)  loss_mal_dn_2: 0.6914 (0.6914)  loss_bbox_dn_2: 0.0391 (0.0391)  loss_giou_dn_2: 0.4654 (0.4654)  loss_fgl_dn_2: 1.2436 (1.2436)  loss_ddf_dn_2: -0.0000 (0.0000)  loss_mal_dn_pre: 0.7456 (0.7456)  loss_bbox_dn_pre: 0.0482 (0.0482)  loss_giou_dn_pre: 0.5415 (0.5415)  time: 0.7898  data: 0.2809  max mem: 5226
Epoch: [4/30]  [10/44]  eta: 0:00:19  lr: 0.000100  loss: 19.6864 (19.7106)  loss_mal: 0.7150 (0.7155)  loss_bbox: 0.0489 (0.0469)  loss_giou: 0.5502 (0.5424)  loss_fgl: 1.2742 (1.2745)  loss_mal_aux_0: 0.7752 (0.7811)  loss_bbox_aux_0: 0.0482 (0.0475)  loss_giou_aux_0: 0.5393 (0.5496)  loss_fgl_aux_0: 1.2817 (1.2765)  loss_ddf_aux_0: 0.0328 (0.0323)  loss_mal_aux_1: 0.7285 (0.7271)  loss_bbox_aux_1: 0.0481 (0.0466)  loss_giou_aux_1: 0.5441 (0.5382)  loss_fgl_aux_1: 1.2767 (1.2748)  loss_ddf_aux_1: 0.0022 (0.0023)  loss_mal_pre: 0.7730 (0.7803)  loss_bbox_pre: 0.0482 (0.0475)  loss_giou_pre: 0.5410 (0.5488)  loss_mal_enc_0: 0.9535 (0.9591)  loss_bbox_enc_0: 0.0506 (0.0502)  loss_giou_enc_0: 0.5866 (0.5827)  loss_mal_dn_0: 0.7419 (0.7405)  loss_bbox_dn_0: 0.0503 (0.0487)  loss_giou_dn_0: 0.5499 (0.5621)  loss_fgl_dn_0: 1.2547 (1.2569)  loss_ddf_dn_0: 0.1254 (0.1352)  loss_mal_dn_1: 0.6809 (0.6800)  loss_bbox_dn_1: 0.0366 (0.0355)  loss_giou_dn_1: 0.4451 (0.4445)  loss_fgl_dn_1: 1.2378 (1.2361)  loss_ddf_dn_1: 0.0033 (0.0034)  loss_mal_dn_2: 0.6793 (0.6790)  loss_bbox_dn_2: 0.0352 (0.0355)  loss_giou_dn_2: 0.4500 (0.4454)  loss_fgl_dn_2: 1.2436 (1.2369)  loss_ddf_dn_2: -0.0000 (0.0000)  loss_mal_dn_pre: 0.7407 (0.7397)  loss_bbox_dn_pre: 0.0501 (0.0483)  loss_giou_dn_pre: 0.5530 (0.5588)  time: 0.5793  data: 0.0420  max mem: 5226
Epoch: [4/30]  [20/44]  eta: 0:00:13  lr: 0.000100  loss: 19.6856 (19.7280)  loss_mal: 0.7045 (0.7077)  loss_bbox: 0.0463 (0.0470)  loss_giou: 0.5337 (0.5442)  loss_fgl: 1.2710 (1.2722)  loss_mal_aux_0: 0.7700 (0.7745)  loss_bbox_aux_0: 0.0480 (0.0475)  loss_giou_aux_0: 0.5352 (0.5510)  loss_fgl_aux_0: 1.2750 (1.2752)  loss_ddf_aux_0: 0.0307 (0.0309)  loss_mal_aux_1: 0.7155 (0.7191)  loss_bbox_aux_1: 0.0448 (0.0465)  loss_giou_aux_1: 0.5225 (0.5400)  loss_fgl_aux_1: 1.2739 (1.2728)  loss_ddf_aux_1: 0.0020 (0.0021)  loss_mal_pre: 0.7730 (0.7743)  loss_bbox_pre: 0.0480 (0.0472)  loss_giou_pre: 0.5378 (0.5489)  loss_mal_enc_0: 0.9498 (0.9598)  loss_bbox_enc_0: 0.0498 (0.0498)  loss_giou_enc_0: 0.5701 (0.5768)  loss_mal_dn_0: 0.7409 (0.7421)  loss_bbox_dn_0: 0.0472 (0.0475)  loss_giou_dn_0: 0.5528 (0.5628)  loss_fgl_dn_0: 1.2572 (1.2615)  loss_ddf_dn_0: 0.1485 (0.1519)  loss_mal_dn_1: 0.6804 (0.6819)  loss_bbox_dn_1: 0.0362 (0.0359)  loss_giou_dn_1: 0.4491 (0.4492)  loss_fgl_dn_1: 1.2445 (1.2444)  loss_ddf_dn_1: 0.0039 (0.0038)  loss_mal_dn_2: 0.6757 (0.6791)  loss_bbox_dn_2: 0.0357 (0.0360)  loss_giou_dn_2: 0.4488 (0.4504)  loss_fgl_dn_2: 1.2446 (1.2455)  loss_ddf_dn_2: -0.0000 (0.0000)  loss_mal_dn_pre: 0.7380 (0.7402)  loss_bbox_dn_pre: 0.0472 (0.0473)  loss_giou_dn_pre: 0.5558 (0.5608)  time: 0.5306  data: 0.0172  max mem: 5226
Epoch: [4/30]  [30/44]  eta: 0:00:07  lr: 0.000100  loss: 19.7931 (19.8428)  loss_mal: 0.6990 (0.7055)  loss_bbox: 0.0489 (0.0489)  loss_giou: 0.5587 (0.5603)  loss_fgl: 1.2626 (1.2681)  loss_mal_aux_0: 0.7647 (0.7699)  loss_bbox_aux_0: 0.0480 (0.0490)  loss_giou_aux_0: 0.5474 (0.5648)  loss_fgl_aux_0: 1.2722 (1.2704)  loss_ddf_aux_0: 0.0238 (0.0269)  loss_mal_aux_1: 0.7088 (0.7166)  loss_bbox_aux_1: 0.0484 (0.0485)  loss_giou_aux_1: 0.5591 (0.5577)  loss_fgl_aux_1: 1.2627 (1.2685)  loss_ddf_aux_1: 0.0016 (0.0019)  loss_mal_pre: 0.7638 (0.7698)  loss_bbox_pre: 0.0482 (0.0487)  loss_giou_pre: 0.5450 (0.5625)  loss_mal_enc_0: 0.9429 (0.9522)  loss_bbox_enc_0: 0.0507 (0.0509)  loss_giou_enc_0: 0.5715 (0.5867)  loss_mal_dn_0: 0.7375 (0.7393)  loss_bbox_dn_0: 0.0482 (0.0485)  loss_giou_dn_0: 0.5737 (0.5724)  loss_fgl_dn_0: 1.2572 (1.2612)  loss_ddf_dn_0: 0.1804 (0.1674)  loss_mal_dn_1: 0.6838 (0.6863)  loss_bbox_dn_1: 0.0374 (0.0377)  loss_giou_dn_1: 0.4586 (0.4644)  loss_fgl_dn_1: 1.2499 (1.2465)  loss_ddf_dn_1: 0.0042 (0.0039)  loss_mal_dn_2: 0.6773 (0.6830)  loss_bbox_dn_2: 0.0372 (0.0377)  loss_giou_dn_2: 0.4589 (0.4641)  loss_fgl_dn_2: 1.2509 (1.2472)  loss_ddf_dn_2: -0.0000 (0.0000)  loss_mal_dn_pre: 0.7369 (0.7382)  loss_bbox_dn_pre: 0.0474 (0.0481)  loss_giou_dn_pre: 0.5730 (0.5692)  time: 0.5437  data: 0.0166  max mem: 5226
Epoch: [4/30]  [40/44]  eta: 0:00:02  lr: 0.000100  loss: 19.9122 (19.7881)  loss_mal: 0.6989 (0.7048)  loss_bbox: 0.0502 (0.0488)  loss_giou: 0.5774 (0.5559)  loss_fgl: 1.2615 (1.2671)  loss_mal_aux_0: 0.7748 (0.7743)  loss_bbox_aux_0: 0.0491 (0.0490)  loss_giou_aux_0: 0.5644 (0.5600)  loss_fgl_aux_0: 1.2674 (1.2693)  loss_ddf_aux_0: 0.0152 (0.0238)  loss_mal_aux_1: 0.7088 (0.7158)  loss_bbox_aux_1: 0.0503 (0.0486)  loss_giou_aux_1: 0.5708 (0.5540)  loss_fgl_aux_1: 1.2606 (1.2673)  loss_ddf_aux_1: 0.0013 (0.0017)  loss_mal_pre: 0.7730 (0.7739)  loss_bbox_pre: 0.0492 (0.0488)  loss_giou_pre: 0.5654 (0.5584)  loss_mal_enc_0: 0.9255 (0.9452)  loss_bbox_enc_0: 0.0524 (0.0509)  loss_giou_enc_0: 0.5944 (0.5813)  loss_mal_dn_0: 0.7328 (0.7378)  loss_bbox_dn_0: 0.0489 (0.0481)  loss_giou_dn_0: 0.5669 (0.5650)  loss_fgl_dn_0: 1.2552 (1.2623)  loss_ddf_dn_0: 0.1722 (0.1672)  loss_mal_dn_1: 0.6864 (0.6852)  loss_bbox_dn_1: 0.0377 (0.0376)  loss_giou_dn_1: 0.4667 (0.4600)  loss_fgl_dn_1: 1.2499 (1.2471)  loss_ddf_dn_1: 0.0040 (0.0038)  loss_mal_dn_2: 0.6849 (0.6824)  loss_bbox_dn_2: 0.0374 (0.0376)  loss_giou_dn_2: 0.4656 (0.4597)  loss_fgl_dn_2: 1.2509 (1.2479)  loss_ddf_dn_2: -0.0000 (0.0000)  loss_mal_dn_pre: 0.7323 (0.7368)  loss_bbox_dn_pre: 0.0478 (0.0479)  loss_giou_dn_pre: 0.5688 (0.5629)  time: 0.5843  data: 0.0163  max mem: 5226
Epoch: [4/30]  [43/44]  eta: 0:00:00  lr: 0.000100  loss: 19.8243 (19.7868)  loss_mal: 0.7047 (0.7061)  loss_bbox: 0.0493 (0.0487)  loss_giou: 0.5686 (0.5561)  loss_fgl: 1.2615 (1.2667)  loss_mal_aux_0: 0.7748 (0.7735)  loss_bbox_aux_0: 0.0491 (0.0489)  loss_giou_aux_0: 0.5630 (0.5601)  loss_fgl_aux_0: 1.2674 (1.2689)  loss_ddf_aux_0: 0.0147 (0.0231)  loss_mal_aux_1: 0.7185 (0.7174)  loss_bbox_aux_1: 0.0489 (0.0485)  loss_giou_aux_1: 0.5652 (0.5544)  loss_fgl_aux_1: 1.2606 (1.2669)  loss_ddf_aux_1: 0.0012 (0.0017)  loss_mal_pre: 0.7730 (0.7731)  loss_bbox_pre: 0.0492 (0.0487)  loss_giou_pre: 0.5631 (0.5587)  loss_mal_enc_0: 0.9255 (0.9432)  loss_bbox_enc_0: 0.0507 (0.0508)  loss_giou_enc_0: 0.5886 (0.5815)  loss_mal_dn_0: 0.7328 (0.7375)  loss_bbox_dn_0: 0.0475 (0.0480)  loss_giou_dn_0: 0.5669 (0.5662)  loss_fgl_dn_0: 1.2631 (1.2627)  loss_ddf_dn_0: 0.1666 (0.1655)  loss_mal_dn_1: 0.6858 (0.6855)  loss_bbox_dn_1: 0.0377 (0.0374)  loss_giou_dn_1: 0.4621 (0.4598)  loss_fgl_dn_1: 1.2466 (1.2473)  loss_ddf_dn_1: 0.0036 (0.0037)  loss_mal_dn_2: 0.6849 (0.6830)  loss_bbox_dn_2: 0.0374 (0.0374)  loss_giou_dn_2: 0.4647 (0.4594)  loss_fgl_dn_2: 1.2462 (1.2480)  loss_ddf_dn_2: -0.0000 (0.0000)  loss_mal_dn_pre: 0.7323 (0.7365)  loss_bbox_dn_pre: 0.0477 (0.0478)  loss_giou_dn_pre: 0.5673 (0.5641)  time: 0.5801  data: 0.0159  max mem: 5226
Epoch: [4/30] Total time: 0:00:24 (0.5636 s / it)
Averaged stats: lr: 0.000100  loss: 19.8243 (19.7868)  loss_mal: 0.7047 (0.7061)  loss_bbox: 0.0493 (0.0487)  loss_giou: 0.5686 (0.5561)  loss_fgl: 1.2615 (1.2667)  loss_mal_aux_0: 0.7748 (0.7735)  loss_bbox_aux_0: 0.0491 (0.0489)  loss_giou_aux_0: 0.5630 (0.5601)  loss_fgl_aux_0: 1.2674 (1.2689)  loss_ddf_aux_0: 0.0147 (0.0231)  loss_mal_aux_1: 0.7185 (0.7174)  loss_bbox_aux_1: 0.0489 (0.0485)  loss_giou_aux_1: 0.5652 (0.5544)  loss_fgl_aux_1: 1.2606 (1.2669)  loss_ddf_aux_1: 0.0012 (0.0017)  loss_mal_pre: 0.7730 (0.7731)  loss_bbox_pre: 0.0492 (0.0487)  loss_giou_pre: 0.5631 (0.5587)  loss_mal_enc_0: 0.9255 (0.9432)  loss_bbox_enc_0: 0.0507 (0.0508)  loss_giou_enc_0: 0.5886 (0.5815)  loss_mal_dn_0: 0.7328 (0.7375)  loss_bbox_dn_0: 0.0475 (0.0480)  loss_giou_dn_0: 0.5669 (0.5662)  loss_fgl_dn_0: 1.2631 (1.2627)  loss_ddf_dn_0: 0.1666 (0.1655)  loss_mal_dn_1: 0.6858 (0.6855)  loss_bbox_dn_1: 0.0377 (0.0374)  loss_giou_dn_1: 0.4621 (0.4598)  loss_fgl_dn_1: 1.2466 (1.2473)  loss_ddf_dn_1: 0.0036 (0.0037)  loss_mal_dn_2: 0.6849 (0.6830)  loss_bbox_dn_2: 0.0374 (0.0374)  loss_giou_dn_2: 0.4647 (0.4594)  loss_fgl_dn_2: 1.2462 (1.2480)  loss_ddf_dn_2: -0.0000 (0.0000)  loss_mal_dn_pre: 0.7323 (0.7365)  loss_bbox_dn_pre: 0.0477 (0.0478)  loss_giou_dn_pre: 0.5673 (0.5641)
Test:  [0/9]  eta: 0:00:03    time: 0.4023  data: 0.2540  max mem: 5226
Test:  [8/9]  eta: 0:00:00    time: 0.1411  data: 0.0398  max mem: 5226
Test: Total time: 0:00:01 (0.1452 s / it)
Metrics: {'f1': 0.9540636042402827, 'precision': 0.9712230215827338, 'recall': 0.9375, 'iou': 0.647937279295277, 'TPs': 135, 'FPs': 4, 'FNs': 9}
Averaged stats: 
Accumulating evaluation results...
COCOeval_opt.accumulate() finished...
DONE (t=0.01s).
IoU metric: bbox
 Average Precision  (AP) @[ IoU=0.50:0.95 | area=   all | maxDets=100 ] = 0.374
 Average Precision  (AP) @[ IoU=0.50      | area=   all | maxDets=100 ] = 0.960
 Average Precision  (AP) @[ IoU=0.75      | area=   all | maxDets=100 ] = 0.153
 Average Precision  (AP) @[ IoU=0.50:0.95 | area= small | maxDets=100 ] = 0.374
 Average Precision  (AP) @[ IoU=0.50:0.95 | area=medium | maxDets=100 ] = -1.000
 Average Precision  (AP) @[ IoU=0.50:0.95 | area= large | maxDets=100 ] = -1.000
 Average Recall     (AR) @[ IoU=0.50:0.95 | area=   all | maxDets=  1 ] = 0.206
 Average Recall     (AR) @[ IoU=0.50:0.95 | area=   all | maxDets= 10 ] = 0.521
 Average Recall     (AR) @[ IoU=0.50:0.95 | area=   all | maxDets=100 ] = 0.609
 Average Recall     (AR) @[ IoU=0.50:0.95 | area= small | maxDets=100 ] = 0.609
 Average Recall     (AR) @[ IoU=0.50:0.95 | area=medium | maxDets=100 ] = -1.000
 Average Recall     (AR) @[ IoU=0.50:0.95 | area= large | maxDets=100 ] = -1.000
 Average Recall     (AR) @[ IoU=0.50      | area=   all | maxDets=100 ] = 0.993
 Average Recall     (AR) @[ IoU=0.75      | area=   all | maxDets=100 ] = 0.674
best_stat: {'epoch': 4, 'coco_eval_bbox': 0.37429812429196063}
Epoch: [5/30]  [ 0/44]  eta: 0:00:38  lr: 0.000100  loss: 19.2815 (19.2815)  loss_mal: 0.7016 (0.7016)  loss_bbox: 0.0404 (0.0404)  loss_giou: 0.4866 (0.4866)  loss_fgl: 1.2857 (1.2857)  loss_mal_aux_0: 0.7572 (0.7572)  loss_bbox_aux_0: 0.0424 (0.0424)  loss_giou_aux_0: 0.5027 (0.5027)  loss_fgl_aux_0: 1.2819 (1.2819)  loss_ddf_aux_0: 0.0156 (0.0156)  loss_mal_aux_1: 0.7096 (0.7096)  loss_bbox_aux_1: 0.0408 (0.0408)  loss_giou_aux_1: 0.4870 (0.4870)  loss_fgl_aux_1: 1.2874 (1.2874)  loss_ddf_aux_1: 0.0011 (0.0011)  loss_mal_pre: 0.7580 (0.7580)  loss_bbox_pre: 0.0427 (0.0427)  loss_giou_pre: 0.5041 (0.5041)  loss_mal_enc_0: 0.9515 (0.9515)  loss_bbox_enc_0: 0.0444 (0.0444)  loss_giou_enc_0: 0.5175 (0.5175)  loss_mal_dn_0: 0.7235 (0.7235)  loss_bbox_dn_0: 0.0433 (0.0433)  loss_giou_dn_0: 0.5159 (0.5159)  loss_fgl_dn_0: 1.2841 (1.2841)  loss_ddf_dn_0: 0.1875 (0.1875)  loss_mal_dn_1: 0.6733 (0.6733)  loss_bbox_dn_1: 0.0354 (0.0354)  loss_giou_dn_1: 0.4165 (0.4165)  loss_fgl_dn_1: 1.2726 (1.2726)  loss_ddf_dn_1: 0.0041 (0.0041)  loss_mal_dn_2: 0.6730 (0.6730)  loss_bbox_dn_2: 0.0351 (0.0351)  loss_giou_dn_2: 0.4135 (0.4135)  loss_fgl_dn_2: 1.2722 (1.2722)  loss_ddf_dn_2: -0.0000 (0.0000)  loss_mal_dn_pre: 0.7243 (0.7243)  loss_bbox_dn_pre: 0.0426 (0.0426)  loss_giou_dn_pre: 0.5064 (0.5064)  time: 0.8761  data: 0.3030  max mem: 5226
Epoch: [5/30]  [10/44]  eta: 0:00:20  lr: 0.000100  loss: 19.2827 (19.2550)  loss_mal: 0.6939 (0.6887)  loss_bbox: 0.0421 (0.0426)  loss_giou: 0.5273 (0.5165)  loss_fgl: 1.2783 (1.2723)  loss_mal_aux_0: 0.7463 (0.7428)  loss_bbox_aux_0: 0.0424 (0.0432)  loss_giou_aux_0: 0.5285 (0.5257)  loss_fgl_aux_0: 1.2802 (1.2717)  loss_ddf_aux_0: 0.0123 (0.0134)  loss_mal_aux_1: 0.7008 (0.6988)  loss_bbox_aux_1: 0.0419 (0.0425)  loss_giou_aux_1: 0.5261 (0.5159)  loss_fgl_aux_1: 1.2797 (1.2725)  loss_ddf_aux_1: 0.0009 (0.0009)  loss_mal_pre: 0.7501 (0.7446)  loss_bbox_pre: 0.0428 (0.0431)  loss_giou_pre: 0.5298 (0.5247)  loss_mal_enc_0: 0.9032 (0.8982)  loss_bbox_enc_0: 0.0452 (0.0451)  loss_giou_enc_0: 0.5499 (0.5473)  loss_mal_dn_0: 0.7300 (0.7333)  loss_bbox_dn_0: 0.0436 (0.0442)  loss_giou_dn_0: 0.5426 (0.5369)  loss_fgl_dn_0: 1.2641 (1.2623)  loss_ddf_dn_0: 0.1327 (0.1413)  loss_mal_dn_1: 0.6763 (0.6768)  loss_bbox_dn_1: 0.0353 (0.0342)  loss_giou_dn_1: 0.4345 (0.4342)  loss_fgl_dn_1: 1.2441 (1.2436)  loss_ddf_dn_1: 0.0027 (0.0028)  loss_mal_dn_2: 0.6728 (0.6733)  loss_bbox_dn_2: 0.0351 (0.0342)  loss_giou_dn_2: 0.4298 (0.4337)  loss_fgl_dn_2: 1.2422 (1.2438)  loss_ddf_dn_2: -0.0000 (0.0000)  loss_mal_dn_pre: 0.7283 (0.7316)  loss_bbox_dn_pre: 0.0441 (0.0438)  loss_giou_dn_pre: 0.5420 (0.5345)  time: 0.5942  data: 0.0421  max mem: 5226
Epoch: [5/30]  [20/44]  eta: 0:00:13  lr: 0.000100  loss: 19.3794 (19.3677)  loss_mal: 0.6888 (0.6914)  loss_bbox: 0.0440 (0.0448)  loss_giou: 0.5273 (0.5250)  loss_fgl: 1.2783 (1.2748)  loss_mal_aux_0: 0.7523 (0.7544)  loss_bbox_aux_0: 0.0450 (0.0455)  loss_giou_aux_0: 0.5341 (0.5345)  loss_fgl_aux_0: 1.2802 (1.2747)  loss_ddf_aux_0: 0.0132 (0.0137)  loss_mal_aux_1: 0.7008 (0.7021)  loss_bbox_aux_1: 0.0443 (0.0448)  loss_giou_aux_1: 0.5261 (0.5248)  loss_fgl_aux_1: 1.2797 (1.2749)  loss_ddf_aux_1: 0.0009 (0.0009)  loss_mal_pre: 0.7522 (0.7534)  loss_bbox_pre: 0.0446 (0.0454)  loss_giou_pre: 0.5318 (0.5337)  loss_mal_enc_0: 0.9049 (0.9074)  loss_bbox_enc_0: 0.0459 (0.0473)  loss_giou_enc_0: 0.5503 (0.5540)  loss_mal_dn_0: 0.7300 (0.7315)  loss_bbox_dn_0: 0.0444 (0.0451)  loss_giou_dn_0: 0.5412 (0.5376)  loss_fgl_dn_0: 1.2674 (1.2698)  loss_ddf_dn_0: 0.1301 (0.1389)  loss_mal_dn_1: 0.6766 (0.6755)  loss_bbox_dn_1: 0.0353 (0.0352)  loss_giou_dn_1: 0.4345 (0.4346)  loss_fgl_dn_1: 1.2522 (1.2501)  loss_ddf_dn_1: 0.0022 (0.0026)  loss_mal_dn_2: 0.6728 (0.6726)  loss_bbox_dn_2: 0.0350 (0.0350)  loss_giou_dn_2: 0.4298 (0.4325)  loss_fgl_dn_2: 1.2514 (1.2496)  loss_ddf_dn_2: -0.0000 (0.0000)  loss_mal_dn_pre: 0.7279 (0.7297)  loss_bbox_dn_pre: 0.0446 (0.0449)  loss_giou_dn_pre: 0.5349 (0.5353)  time: 0.5520  data: 0.0161  max mem: 5226
Epoch: [5/30]  [30/44]  eta: 0:00:07  lr: 0.000100  loss: 19.3794 (19.3122)  loss_mal: 0.6888 (0.6915)  loss_bbox: 0.0471 (0.0453)  loss_giou: 0.5146 (0.5203)  loss_fgl: 1.2809 (1.2755)  loss_mal_aux_0: 0.7565 (0.7533)  loss_bbox_aux_0: 0.0469 (0.0456)  loss_giou_aux_0: 0.5250 (0.5300)  loss_fgl_aux_0: 1.2847 (1.2750)  loss_ddf_aux_0: 0.0146 (0.0144)  loss_mal_aux_1: 0.7017 (0.7010)  loss_bbox_aux_1: 0.0474 (0.0453)  loss_giou_aux_1: 0.5170 (0.5202)  loss_fgl_aux_1: 1.2804 (1.2755)  loss_ddf_aux_1: 0.0008 (0.0009)  loss_mal_pre: 0.7570 (0.7528)  loss_bbox_pre: 0.0468 (0.0455)  loss_giou_pre: 0.5230 (0.5286)  loss_mal_enc_0: 0.8997 (0.9037)  loss_bbox_enc_0: 0.0492 (0.0474)  loss_giou_enc_0: 0.5431 (0.5482)  loss_mal_dn_0: 0.7262 (0.7290)  loss_bbox_dn_0: 0.0451 (0.0452)  loss_giou_dn_0: 0.5196 (0.5334)  loss_fgl_dn_0: 1.2797 (1.2687)  loss_ddf_dn_0: 0.1361 (0.1411)  loss_mal_dn_1: 0.6708 (0.6735)  loss_bbox_dn_1: 0.0346 (0.0350)  loss_giou_dn_1: 0.4229 (0.4299)  loss_fgl_dn_1: 1.2539 (1.2481)  loss_ddf_dn_1: 0.0023 (0.0026)  loss_mal_dn_2: 0.6660 (0.6708)  loss_bbox_dn_2: 0.0345 (0.0348)  loss_giou_dn_2: 0.4220 (0.4281)  loss_fgl_dn_2: 1.2534 (1.2481)  loss_ddf_dn_2: -0.0000 (0.0000)  loss_mal_dn_pre: 0.7251 (0.7279)  loss_bbox_dn_pre: 0.0450 (0.0449)  loss_giou_dn_pre: 0.5195 (0.5312)  time: 0.5558  data: 0.0158  max mem: 5226
Epoch: [5/30]  [40/44]  eta: 0:00:02  lr: 0.000100  loss: 19.1679 (19.2672)  loss_mal: 0.6888 (0.6924)  loss_bbox: 0.0440 (0.0450)  loss_giou: 0.5104 (0.5192)  loss_fgl: 1.2693 (1.2719)  loss_mal_aux_0: 0.7565 (0.7588)  loss_bbox_aux_0: 0.0439 (0.0455)  loss_giou_aux_0: 0.5240 (0.5283)  loss_fgl_aux_0: 1.2668 (1.2723)  loss_ddf_aux_0: 0.0145 (0.0143)  loss_mal_aux_1: 0.7024 (0.7037)  loss_bbox_aux_1: 0.0444 (0.0451)  loss_giou_aux_1: 0.5112 (0.5198)  loss_fgl_aux_1: 1.2683 (1.2719)  loss_ddf_aux_1: 0.0009 (0.0009)  loss_mal_pre: 0.7584 (0.7577)  loss_bbox_pre: 0.0440 (0.0453)  loss_giou_pre: 0.5197 (0.5270)  loss_mal_enc_0: 0.8878 (0.8976)  loss_bbox_enc_0: 0.0462 (0.0475)  loss_giou_enc_0: 0.5379 (0.5501)  loss_mal_dn_0: 0.7287 (0.7302)  loss_bbox_dn_0: 0.0415 (0.0442)  loss_giou_dn_0: 0.5109 (0.5248)  loss_fgl_dn_0: 1.2690 (1.2680)  loss_ddf_dn_0: 0.1484 (0.1416)  loss_mal_dn_1: 0.6686 (0.6710)  loss_bbox_dn_1: 0.0329 (0.0342)  loss_giou_dn_1: 0.4077 (0.4234)  loss_fgl_dn_1: 1.2438 (1.2459)  loss_ddf_dn_1: 0.0025 (0.0026)  loss_mal_dn_2: 0.6656 (0.6686)  loss_bbox_dn_2: 0.0330 (0.0341)  loss_giou_dn_2: 0.4052 (0.4220)  loss_fgl_dn_2: 1.2445 (1.2459)  loss_ddf_dn_2: -0.0000 (0.0000)  loss_mal_dn_pre: 0.7271 (0.7288)  loss_bbox_dn_pre: 0.0417 (0.0440)  loss_giou_dn_pre: 0.5116 (0.5233)  time: 0.5776  data: 0.0161  max mem: 5226
Epoch: [5/30]  [43/44]  eta: 0:00:00  lr: 0.000100  loss: 19.1321 (19.2563)  loss_mal: 0.6854 (0.6923)  loss_bbox: 0.0429 (0.0448)  loss_giou: 0.5093 (0.5179)  loss_fgl: 1.2733 (1.2723)  loss_mal_aux_0: 0.7563 (0.7585)  loss_bbox_aux_0: 0.0439 (0.0453)  loss_giou_aux_0: 0.5176 (0.5268)  loss_fgl_aux_0: 1.2770 (1.2728)  loss_ddf_aux_0: 0.0141 (0.0144)  loss_mal_aux_1: 0.7024 (0.7034)  loss_bbox_aux_1: 0.0429 (0.0449)  loss_giou_aux_1: 0.5078 (0.5183)  loss_fgl_aux_1: 1.2742 (1.2724)  loss_ddf_aux_1: 0.0009 (0.0009)  loss_mal_pre: 0.7575 (0.7572)  loss_bbox_pre: 0.0440 (0.0452)  loss_giou_pre: 0.5189 (0.5257)  loss_mal_enc_0: 0.8878 (0.8964)  loss_bbox_enc_0: 0.0461 (0.0473)  loss_giou_enc_0: 0.5370 (0.5490)  loss_mal_dn_0: 0.7248 (0.7308)  loss_bbox_dn_0: 0.0415 (0.0440)  loss_giou_dn_0: 0.5003 (0.5238)  loss_fgl_dn_0: 1.2723 (1.2688)  loss_ddf_dn_0: 0.1400 (0.1413)  loss_mal_dn_1: 0.6651 (0.6707)  loss_bbox_dn_1: 0.0326 (0.0341)  loss_giou_dn_1: 0.4034 (0.4226)  loss_fgl_dn_1: 1.2462 (1.2466)  loss_ddf_dn_1: 0.0025 (0.0026)  loss_mal_dn_2: 0.6604 (0.6682)  loss_bbox_dn_2: 0.0327 (0.0340)  loss_giou_dn_2: 0.4031 (0.4211)  loss_fgl_dn_2: 1.2459 (1.2465)  loss_ddf_dn_2: -0.0000 (0.0000)  loss_mal_dn_pre: 0.7240 (0.7292)  loss_bbox_dn_pre: 0.0415 (0.0439)  loss_giou_dn_pre: 0.5024 (0.5224)  time: 0.5737  data: 0.0159  max mem: 5226
Epoch: [5/30] Total time: 0:00:25 (0.5724 s / it)
Averaged stats: lr: 0.000100  loss: 19.1321 (19.2563)  loss_mal: 0.6854 (0.6923)  loss_bbox: 0.0429 (0.0448)  loss_giou: 0.5093 (0.5179)  loss_fgl: 1.2733 (1.2723)  loss_mal_aux_0: 0.7563 (0.7585)  loss_bbox_aux_0: 0.0439 (0.0453)  loss_giou_aux_0: 0.5176 (0.5268)  loss_fgl_aux_0: 1.2770 (1.2728)  loss_ddf_aux_0: 0.0141 (0.0144)  loss_mal_aux_1: 0.7024 (0.7034)  loss_bbox_aux_1: 0.0429 (0.0449)  loss_giou_aux_1: 0.5078 (0.5183)  loss_fgl_aux_1: 1.2742 (1.2724)  loss_ddf_aux_1: 0.0009 (0.0009)  loss_mal_pre: 0.7575 (0.7572)  loss_bbox_pre: 0.0440 (0.0452)  loss_giou_pre: 0.5189 (0.5257)  loss_mal_enc_0: 0.8878 (0.8964)  loss_bbox_enc_0: 0.0461 (0.0473)  loss_giou_enc_0: 0.5370 (0.5490)  loss_mal_dn_0: 0.7248 (0.7308)  loss_bbox_dn_0: 0.0415 (0.0440)  loss_giou_dn_0: 0.5003 (0.5238)  loss_fgl_dn_0: 1.2723 (1.2688)  loss_ddf_dn_0: 0.1400 (0.1413)  loss_mal_dn_1: 0.6651 (0.6707)  loss_bbox_dn_1: 0.0326 (0.0341)  loss_giou_dn_1: 0.4034 (0.4226)  loss_fgl_dn_1: 1.2462 (1.2466)  loss_ddf_dn_1: 0.0025 (0.0026)  loss_mal_dn_2: 0.6604 (0.6682)  loss_bbox_dn_2: 0.0327 (0.0340)  loss_giou_dn_2: 0.4031 (0.4211)  loss_fgl_dn_2: 1.2459 (1.2465)  loss_ddf_dn_2: -0.0000 (0.0000)  loss_mal_dn_pre: 0.7240 (0.7292)  loss_bbox_dn_pre: 0.0415 (0.0439)  loss_giou_dn_pre: 0.5024 (0.5224)
Test:  [0/9]  eta: 0:00:03    time: 0.4092  data: 0.2700  max mem: 5226
Test:  [8/9]  eta: 0:00:00    time: 0.1518  data: 0.0437  max mem: 5226
Test: Total time: 0:00:01 (0.1566 s / it)
Metrics: {'f1': 0.9825783972125435, 'precision': 0.986013986013986, 'recall': 0.9791666666666666, 'iou': 0.6873975228773405, 'TPs': 141, 'FPs': 2, 'FNs': 3}
Averaged stats: 
Accumulating evaluation results...
COCOeval_opt.accumulate() finished...
DONE (t=0.01s).
IoU metric: bbox
 Average Precision  (AP) @[ IoU=0.50:0.95 | area=   all | maxDets=100 ] = 0.374
 Average Precision  (AP) @[ IoU=0.50      | area=   all | maxDets=100 ] = 0.965
 Average Precision  (AP) @[ IoU=0.75      | area=   all | maxDets=100 ] = 0.175
 Average Precision  (AP) @[ IoU=0.50:0.95 | area= small | maxDets=100 ] = 0.374
 Average Precision  (AP) @[ IoU=0.50:0.95 | area=medium | maxDets=100 ] = -1.000
 Average Precision  (AP) @[ IoU=0.50:0.95 | area= large | maxDets=100 ] = -1.000
 Average Recall     (AR) @[ IoU=0.50:0.95 | area=   all | maxDets=  1 ] = 0.204
 Average Recall     (AR) @[ IoU=0.50:0.95 | area=   all | maxDets= 10 ] = 0.504
 Average Recall     (AR) @[ IoU=0.50:0.95 | area=   all | maxDets=100 ] = 0.595
 Average Recall     (AR) @[ IoU=0.50:0.95 | area= small | maxDets=100 ] = 0.595
 Average Recall     (AR) @[ IoU=0.50:0.95 | area=medium | maxDets=100 ] = -1.000
 Average Recall     (AR) @[ IoU=0.50:0.95 | area= large | maxDets=100 ] = -1.000
 Average Recall     (AR) @[ IoU=0.50      | area=   all | maxDets=100 ] = 0.993
 Average Recall     (AR) @[ IoU=0.75      | area=   all | maxDets=100 ] = 0.646
best_stat: {'epoch': 5, 'coco_eval_bbox': 0.37439849913602513}
Epoch: [6/30]  [ 0/44]  eta: 0:00:35  lr: 0.000100  loss: 18.5152 (18.5152)  loss_mal: 0.6684 (0.6684)  loss_bbox: 0.0400 (0.0400)  loss_giou: 0.4399 (0.4399)  loss_fgl: 1.2924 (1.2924)  loss_mal_aux_0: 0.7404 (0.7404)  loss_bbox_aux_0: 0.0392 (0.0392)  loss_giou_aux_0: 0.4334 (0.4334)  loss_fgl_aux_0: 1.2960 (1.2960)  loss_ddf_aux_0: 0.0148 (0.0148)  loss_mal_aux_1: 0.6800 (0.6800)  loss_bbox_aux_1: 0.0404 (0.0404)  loss_giou_aux_1: 0.4462 (0.4462)  loss_fgl_aux_1: 1.2932 (1.2932)  loss_ddf_aux_1: 0.0011 (0.0011)  loss_mal_pre: 0.7430 (0.7430)  loss_bbox_pre: 0.0390 (0.0390)  loss_giou_pre: 0.4313 (0.4313)  loss_mal_enc_0: 0.8987 (0.8987)  loss_bbox_enc_0: 0.0406 (0.0406)  loss_giou_enc_0: 0.4511 (0.4511)  loss_mal_dn_0: 0.7096 (0.7096)  loss_bbox_dn_0: 0.0403 (0.0403)  loss_giou_dn_0: 0.4528 (0.4528)  loss_fgl_dn_0: 1.3028 (1.3028)  loss_ddf_dn_0: 0.1261 (0.1261)  loss_mal_dn_1: 0.6436 (0.6436)  loss_bbox_dn_1: 0.0321 (0.0321)  loss_giou_dn_1: 0.3815 (0.3815)  loss_fgl_dn_1: 1.2715 (1.2715)  loss_ddf_dn_1: 0.0025 (0.0025)  loss_mal_dn_2: 0.6428 (0.6428)  loss_bbox_dn_2: 0.0318 (0.0318)  loss_giou_dn_2: 0.3761 (0.3761)  loss_fgl_dn_2: 1.2703 (1.2703)  loss_ddf_dn_2: -0.0000 (0.0000)  loss_mal_dn_pre: 0.7084 (0.7084)  loss_bbox_dn_pre: 0.0406 (0.0406)  loss_giou_dn_pre: 0.4533 (0.4533)  time: 0.8105  data: 0.2602  max mem: 5226
Epoch: [6/30]  [10/44]  eta: 0:00:19  lr: 0.000100  loss: 18.7257 (18.8895)  loss_mal: 0.6882 (0.6859)  loss_bbox: 0.0425 (0.0432)  loss_giou: 0.4726 (0.4875)  loss_fgl: 1.2667 (1.2713)  loss_mal_aux_0: 0.7644 (0.7620)  loss_bbox_aux_0: 0.0426 (0.0439)  loss_giou_aux_0: 0.4832 (0.4946)  loss_fgl_aux_0: 1.2711 (1.2737)  loss_ddf_aux_0: 0.0148 (0.0150)  loss_mal_aux_1: 0.6948 (0.6980)  loss_bbox_aux_1: 0.0426 (0.0433)  loss_giou_aux_1: 0.4752 (0.4874)  loss_fgl_aux_1: 1.2660 (1.2716)  loss_ddf_aux_1: 0.0010 (0.0010)  loss_mal_pre: 0.7601 (0.7602)  loss_bbox_pre: 0.0421 (0.0440)  loss_giou_pre: 0.4826 (0.4946)  loss_mal_enc_0: 0.8910 (0.8854)  loss_bbox_enc_0: 0.0450 (0.0471)  loss_giou_enc_0: 0.5266 (0.5276)  loss_mal_dn_0: 0.7220 (0.7212)  loss_bbox_dn_0: 0.0419 (0.0427)  loss_giou_dn_0: 0.4855 (0.4897)  loss_fgl_dn_0: 1.2676 (1.2722)  loss_ddf_dn_0: 0.1335 (0.1344)  loss_mal_dn_1: 0.6576 (0.6547)  loss_bbox_dn_1: 0.0318 (0.0322)  loss_giou_dn_1: 0.3924 (0.3915)  loss_fgl_dn_1: 1.2435 (1.2437)  loss_ddf_dn_1: 0.0022 (0.0023)  loss_mal_dn_2: 0.6497 (0.6511)  loss_bbox_dn_2: 0.0318 (0.0321)  loss_giou_dn_2: 0.3903 (0.3899)  loss_fgl_dn_2: 1.2433 (1.2435)  loss_ddf_dn_2: -0.0000 (0.0000)  loss_mal_dn_pre: 0.7227 (0.7204)  loss_bbox_dn_pre: 0.0422 (0.0426)  loss_giou_dn_pre: 0.4812 (0.4882)  time: 0.5591  data: 0.0402  max mem: 5226
Epoch: [6/30]  [20/44]  eta: 0:00:13  lr: 0.000100  loss: 18.7257 (18.8102)  loss_mal: 0.6877 (0.6843)  loss_bbox: 0.0427 (0.0425)  loss_giou: 0.4726 (0.4868)  loss_fgl: 1.2550 (1.2679)  loss_mal_aux_0: 0.7436 (0.7486)  loss_bbox_aux_0: 0.0430 (0.0432)  loss_giou_aux_0: 0.4832 (0.4948)  loss_fgl_aux_0: 1.2627 (1.2698)  loss_ddf_aux_0: 0.0142 (0.0145)  loss_mal_aux_1: 0.6940 (0.6946)  loss_bbox_aux_1: 0.0427 (0.0425)  loss_giou_aux_1: 0.4752 (0.4869)  loss_fgl_aux_1: 1.2560 (1.2678)  loss_ddf_aux_1: 0.0009 (0.0010)  loss_mal_pre: 0.7438 (0.7473)  loss_bbox_pre: 0.0431 (0.0433)  loss_giou_pre: 0.4826 (0.4953)  loss_mal_enc_0: 0.8705 (0.8694)  loss_bbox_enc_0: 0.0462 (0.0461)  loss_giou_enc_0: 0.5196 (0.5245)  loss_mal_dn_0: 0.7225 (0.7233)  loss_bbox_dn_0: 0.0404 (0.0417)  loss_giou_dn_0: 0.4856 (0.4896)  loss_fgl_dn_0: 1.2662 (1.2712)  loss_ddf_dn_0: 0.1392 (0.1380)  loss_mal_dn_1: 0.6538 (0.6534)  loss_bbox_dn_1: 0.0300 (0.0313)  loss_giou_dn_1: 0.3869 (0.3879)  loss_fgl_dn_1: 1.2362 (1.2402)  loss_ddf_dn_1: 0.0022 (0.0023)  loss_mal_dn_2: 0.6497 (0.6499)  loss_bbox_dn_2: 0.0299 (0.0312)  loss_giou_dn_2: 0.3857 (0.3863)  loss_fgl_dn_2: 1.2345 (1.2400)  loss_ddf_dn_2: -0.0000 (0.0000)  loss_mal_dn_pre: 0.7236 (0.7226)  loss_bbox_dn_pre: 0.0403 (0.0416)  loss_giou_dn_pre: 0.4865 (0.4886)  time: 0.5678  data: 0.0175  max mem: 5226
Epoch: [6/30]  [30/44]  eta: 0:00:08  lr: 0.000100  loss: 18.7054 (18.8640)  loss_mal: 0.6830 (0.6837)  loss_bbox: 0.0428 (0.0423)  loss_giou: 0.4697 (0.4904)  loss_fgl: 1.2690 (1.2723)  loss_mal_aux_0: 0.7302 (0.7491)  loss_bbox_aux_0: 0.0434 (0.0431)  loss_giou_aux_0: 0.4792 (0.4999)  loss_fgl_aux_0: 1.2724 (1.2740)  loss_ddf_aux_0: 0.0133 (0.0140)  loss_mal_aux_1: 0.6885 (0.6947)  loss_bbox_aux_1: 0.0427 (0.0423)  loss_giou_aux_1: 0.4673 (0.4910)  loss_fgl_aux_1: 1.2685 (1.2724)  loss_ddf_aux_1: 0.0010 (0.0010)  loss_mal_pre: 0.7325 (0.7475)  loss_bbox_pre: 0.0435 (0.0432)  loss_giou_pre: 0.4768 (0.5000)  loss_mal_enc_0: 0.8499 (0.8625)  loss_bbox_enc_0: 0.0462 (0.0456)  loss_giou_enc_0: 0.5185 (0.5259)  loss_mal_dn_0: 0.7241 (0.7248)  loss_bbox_dn_0: 0.0398 (0.0418)  loss_giou_dn_0: 0.4870 (0.4955)  loss_fgl_dn_0: 1.2736 (1.2728)  loss_ddf_dn_0: 0.1399 (0.1382)  loss_mal_dn_1: 0.6508 (0.6545)  loss_bbox_dn_1: 0.0300 (0.0314)  loss_giou_dn_1: 0.3797 (0.3920)  loss_fgl_dn_1: 1.2362 (1.2422)  loss_ddf_dn_1: 0.0023 (0.0023)  loss_mal_dn_2: 0.6459 (0.6512)  loss_bbox_dn_2: 0.0299 (0.0312)  loss_giou_dn_2: 0.3786 (0.3903)  loss_fgl_dn_2: 1.2345 (1.2419)  loss_ddf_dn_2: -0.0000 (0.0000)  loss_mal_dn_pre: 0.7237 (0.7235)  loss_bbox_dn_pre: 0.0399 (0.0417)  loss_giou_dn_pre: 0.4876 (0.4941)  time: 0.5882  data: 0.0173  max mem: 5226
Epoch: [6/30]  [40/44]  eta: 0:00:02  lr: 0.000100  loss: 18.8844 (18.8829)  loss_mal: 0.6770 (0.6832)  loss_bbox: 0.0429 (0.0425)  loss_giou: 0.4879 (0.4915)  loss_fgl: 1.2850 (1.2748)  loss_mal_aux_0: 0.7423 (0.7484)  loss_bbox_aux_0: 0.0435 (0.0433)  loss_giou_aux_0: 0.4937 (0.5012)  loss_fgl_aux_0: 1.2820 (1.2759)  loss_ddf_aux_0: 0.0131 (0.0140)  loss_mal_aux_1: 0.6909 (0.6938)  loss_bbox_aux_1: 0.0425 (0.0426)  loss_giou_aux_1: 0.4867 (0.4919)  loss_fgl_aux_1: 1.2847 (1.2749)  loss_ddf_aux_1: 0.0011 (0.0010)  loss_mal_pre: 0.7389 (0.7468)  loss_bbox_pre: 0.0436 (0.0433)  loss_giou_pre: 0.4950 (0.5006)  loss_mal_enc_0: 0.8432 (0.8620)  loss_bbox_enc_0: 0.0461 (0.0456)  loss_giou_enc_0: 0.5322 (0.5259)  loss_mal_dn_0: 0.7207 (0.7234)  loss_bbox_dn_0: 0.0414 (0.0420)  loss_giou_dn_0: 0.4943 (0.4968)  loss_fgl_dn_0: 1.2776 (1.2743)  loss_ddf_dn_0: 0.1416 (0.1414)  loss_mal_dn_1: 0.6568 (0.6544)  loss_bbox_dn_1: 0.0308 (0.0315)  loss_giou_dn_1: 0.3981 (0.3930)  loss_fgl_dn_1: 1.2484 (1.2438)  loss_ddf_dn_1: 0.0023 (0.0024)  loss_mal_dn_2: 0.6523 (0.6512)  loss_bbox_dn_2: 0.0307 (0.0313)  loss_giou_dn_2: 0.3953 (0.3913)  loss_fgl_dn_2: 1.2490 (1.2435)  loss_ddf_dn_2: -0.0000 (0.0000)  loss_mal_dn_pre: 0.7202 (0.7225)  loss_bbox_dn_pre: 0.0412 (0.0418)  loss_giou_dn_pre: 0.4945 (0.4951)  time: 0.5714  data: 0.0167  max mem: 5226
Epoch: [6/30]  [43/44]  eta: 0:00:00  lr: 0.000100  loss: 18.8844 (18.8758)  loss_mal: 0.6830 (0.6833)  loss_bbox: 0.0434 (0.0425)  loss_giou: 0.4894 (0.4924)  loss_fgl: 1.2738 (1.2725)  loss_mal_aux_0: 0.7394 (0.7474)  loss_bbox_aux_0: 0.0436 (0.0433)  loss_giou_aux_0: 0.5032 (0.5020)  loss_fgl_aux_0: 1.2745 (1.2734)  loss_ddf_aux_0: 0.0134 (0.0140)  loss_mal_aux_1: 0.6949 (0.6939)  loss_bbox_aux_1: 0.0434 (0.0427)  loss_giou_aux_1: 0.4915 (0.4931)  loss_fgl_aux_1: 1.2722 (1.2726)  loss_ddf_aux_1: 0.0011 (0.0010)  loss_mal_pre: 0.7389 (0.7459)  loss_bbox_pre: 0.0436 (0.0433)  loss_giou_pre: 0.5041 (0.5013)  loss_mal_enc_0: 0.8375 (0.8582)  loss_bbox_enc_0: 0.0464 (0.0457)  loss_giou_enc_0: 0.5325 (0.5272)  loss_mal_dn_0: 0.7207 (0.7230)  loss_bbox_dn_0: 0.0414 (0.0420)  loss_giou_dn_0: 0.5019 (0.4975)  loss_fgl_dn_0: 1.2707 (1.2735)  loss_ddf_dn_0: 0.1399 (0.1417)  loss_mal_dn_1: 0.6574 (0.6545)  loss_bbox_dn_1: 0.0313 (0.0315)  loss_giou_dn_1: 0.4025 (0.3937)  loss_fgl_dn_1: 1.2390 (1.2432)  loss_ddf_dn_1: 0.0023 (0.0024)  loss_mal_dn_2: 0.6557 (0.6514)  loss_bbox_dn_2: 0.0311 (0.0314)  loss_giou_dn_2: 0.4026 (0.3919)  loss_fgl_dn_2: 1.2389 (1.2428)  loss_ddf_dn_2: -0.0000 (0.0000)  loss_mal_dn_pre: 0.7206 (0.7221)  loss_bbox_dn_pre: 0.0413 (0.0418)  loss_giou_dn_pre: 0.4984 (0.4957)  time: 0.5674  data: 0.0160  max mem: 5226
Epoch: [6/30] Total time: 0:00:25 (0.5745 s / it)
Averaged stats: lr: 0.000100  loss: 18.8844 (18.8758)  loss_mal: 0.6830 (0.6833)  loss_bbox: 0.0434 (0.0425)  loss_giou: 0.4894 (0.4924)  loss_fgl: 1.2738 (1.2725)  loss_mal_aux_0: 0.7394 (0.7474)  loss_bbox_aux_0: 0.0436 (0.0433)  loss_giou_aux_0: 0.5032 (0.5020)  loss_fgl_aux_0: 1.2745 (1.2734)  loss_ddf_aux_0: 0.0134 (0.0140)  loss_mal_aux_1: 0.6949 (0.6939)  loss_bbox_aux_1: 0.0434 (0.0427)  loss_giou_aux_1: 0.4915 (0.4931)  loss_fgl_aux_1: 1.2722 (1.2726)  loss_ddf_aux_1: 0.0011 (0.0010)  loss_mal_pre: 0.7389 (0.7459)  loss_bbox_pre: 0.0436 (0.0433)  loss_giou_pre: 0.5041 (0.5013)  loss_mal_enc_0: 0.8375 (0.8582)  loss_bbox_enc_0: 0.0464 (0.0457)  loss_giou_enc_0: 0.5325 (0.5272)  loss_mal_dn_0: 0.7207 (0.7230)  loss_bbox_dn_0: 0.0414 (0.0420)  loss_giou_dn_0: 0.5019 (0.4975)  loss_fgl_dn_0: 1.2707 (1.2735)  loss_ddf_dn_0: 0.1399 (0.1417)  loss_mal_dn_1: 0.6574 (0.6545)  loss_bbox_dn_1: 0.0313 (0.0315)  loss_giou_dn_1: 0.4025 (0.3937)  loss_fgl_dn_1: 1.2390 (1.2432)  loss_ddf_dn_1: 0.0023 (0.0024)  loss_mal_dn_2: 0.6557 (0.6514)  loss_bbox_dn_2: 0.0311 (0.0314)  loss_giou_dn_2: 0.4026 (0.3919)  loss_fgl_dn_2: 1.2389 (1.2428)  loss_ddf_dn_2: -0.0000 (0.0000)  loss_mal_dn_pre: 0.7206 (0.7221)  loss_bbox_dn_pre: 0.0413 (0.0418)  loss_giou_dn_pre: 0.4984 (0.4957)
Test:  [0/9]  eta: 0:00:03    time: 0.3472  data: 0.2616  max mem: 5226
Test:  [8/9]  eta: 0:00:00    time: 0.1471  data: 0.0425  max mem: 5226
Test: Total time: 0:00:01 (0.1523 s / it)
Metrics: {'f1': 0.9688581314878894, 'precision': 0.9655172413793104, 'recall': 0.9722222222222222, 'iou': 0.6650629887644877, 'TPs': 140, 'FPs': 5, 'FNs': 4}
Averaged stats: 
Accumulating evaluation results...
COCOeval_opt.accumulate() finished...
DONE (t=0.01s).
IoU metric: bbox
 Average Precision  (AP) @[ IoU=0.50:0.95 | area=   all | maxDets=100 ] = 0.374
 Average Precision  (AP) @[ IoU=0.50      | area=   all | maxDets=100 ] = 0.947
 Average Precision  (AP) @[ IoU=0.75      | area=   all | maxDets=100 ] = 0.194
 Average Precision  (AP) @[ IoU=0.50:0.95 | area= small | maxDets=100 ] = 0.375
 Average Precision  (AP) @[ IoU=0.50:0.95 | area=medium | maxDets=100 ] = -1.000
 Average Precision  (AP) @[ IoU=0.50:0.95 | area= large | maxDets=100 ] = -1.000
 Average Recall     (AR) @[ IoU=0.50:0.95 | area=   all | maxDets=  1 ] = 0.212
 Average Recall     (AR) @[ IoU=0.50:0.95 | area=   all | maxDets= 10 ] = 0.498
 Average Recall     (AR) @[ IoU=0.50:0.95 | area=   all | maxDets=100 ] = 0.589
 Average Recall     (AR) @[ IoU=0.50:0.95 | area= small | maxDets=100 ] = 0.589
 Average Recall     (AR) @[ IoU=0.50:0.95 | area=medium | maxDets=100 ] = -1.000
 Average Recall     (AR) @[ IoU=0.50:0.95 | area= large | maxDets=100 ] = -1.000
 Average Recall     (AR) @[ IoU=0.50      | area=   all | maxDets=100 ] = 0.979
 Average Recall     (AR) @[ IoU=0.75      | area=   all | maxDets=100 ] = 0.639
best_stat: {'epoch': 5, 'coco_eval_bbox': 0.37439849913602513}
Epoch: [7/30]  [ 0/44]  eta: 0:00:37  lr: 0.000100  loss: 18.8456 (18.8456)  loss_mal: 0.6813 (0.6813)  loss_bbox: 0.0425 (0.0425)  loss_giou: 0.5096 (0.5096)  loss_fgl: 1.2473 (1.2473)  loss_mal_aux_0: 0.7255 (0.7255)  loss_bbox_aux_0: 0.0441 (0.0441)  loss_giou_aux_0: 0.5322 (0.5322)  loss_fgl_aux_0: 1.2454 (1.2454)  loss_ddf_aux_0: 0.0130 (0.0130)  loss_mal_aux_1: 0.6890 (0.6890)  loss_bbox_aux_1: 0.0425 (0.0425)  loss_giou_aux_1: 0.5113 (0.5113)  loss_fgl_aux_1: 1.2450 (1.2450)  loss_ddf_aux_1: 0.0009 (0.0009)  loss_mal_pre: 0.7256 (0.7256)  loss_bbox_pre: 0.0442 (0.0442)  loss_giou_pre: 0.5325 (0.5325)  loss_mal_enc_0: 0.8013 (0.8013)  loss_bbox_enc_0: 0.0484 (0.0484)  loss_giou_enc_0: 0.5865 (0.5865)  loss_mal_dn_0: 0.7224 (0.7224)  loss_bbox_dn_0: 0.0402 (0.0402)  loss_giou_dn_0: 0.4873 (0.4873)  loss_fgl_dn_0: 1.2731 (1.2731)  loss_ddf_dn_0: 0.1537 (0.1537)  loss_mal_dn_1: 0.6504 (0.6504)  loss_bbox_dn_1: 0.0307 (0.0307)  loss_giou_dn_1: 0.3917 (0.3917)  loss_fgl_dn_1: 1.2470 (1.2470)  loss_ddf_dn_1: 0.0031 (0.0031)  loss_mal_dn_2: 0.6500 (0.6500)  loss_bbox_dn_2: 0.0310 (0.0310)  loss_giou_dn_2: 0.3953 (0.3953)  loss_fgl_dn_2: 1.2480 (1.2480)  loss_ddf_dn_2: -0.0000 (0.0000)  loss_mal_dn_pre: 0.7230 (0.7230)  loss_bbox_dn_pre: 0.0404 (0.0404)  loss_giou_dn_pre: 0.4904 (0.4904)  time: 0.8580  data: 0.2815  max mem: 5226
Epoch: [7/30]  [10/44]  eta: 0:00:17  lr: 0.000100  loss: 18.6563 (18.7064)  loss_mal: 0.6781 (0.6788)  loss_bbox: 0.0422 (0.0414)  loss_giou: 0.4780 (0.4849)  loss_fgl: 1.2769 (1.2735)  loss_mal_aux_0: 0.7420 (0.7432)  loss_bbox_aux_0: 0.0429 (0.0420)  loss_giou_aux_0: 0.4772 (0.4895)  loss_fgl_aux_0: 1.2837 (1.2790)  loss_ddf_aux_0: 0.0121 (0.0122)  loss_mal_aux_1: 0.6869 (0.6849)  loss_bbox_aux_1: 0.0425 (0.0413)  loss_giou_aux_1: 0.4752 (0.4841)  loss_fgl_aux_1: 1.2759 (1.2733)  loss_ddf_aux_1: 0.0009 (0.0009)  loss_mal_pre: 0.7408 (0.7417)  loss_bbox_pre: 0.0429 (0.0420)  loss_giou_pre: 0.4795 (0.4900)  loss_mal_enc_0: 0.8293 (0.8355)  loss_bbox_enc_0: 0.0456 (0.0446)  loss_giou_enc_0: 0.5016 (0.5165)  loss_mal_dn_0: 0.7191 (0.7166)  loss_bbox_dn_0: 0.0402 (0.0397)  loss_giou_dn_0: 0.4791 (0.4792)  loss_fgl_dn_0: 1.2792 (1.2794)  loss_ddf_dn_0: 0.1278 (0.1328)  loss_mal_dn_1: 0.6470 (0.6481)  loss_bbox_dn_1: 0.0303 (0.0303)  loss_giou_dn_1: 0.3802 (0.3836)  loss_fgl_dn_1: 1.2528 (1.2505)  loss_ddf_dn_1: 0.0022 (0.0023)  loss_mal_dn_2: 0.6478 (0.6467)  loss_bbox_dn_2: 0.0305 (0.0303)  loss_giou_dn_2: 0.3778 (0.3829)  loss_fgl_dn_2: 1.2532 (1.2508)  loss_ddf_dn_2: -0.0000 (0.0000)  loss_mal_dn_pre: 0.7182 (0.7161)  loss_bbox_dn_pre: 0.0404 (0.0396)  loss_giou_dn_pre: 0.4786 (0.4785)  time: 0.5259  data: 0.0404  max mem: 5226
Epoch: [7/30]  [20/44]  eta: 0:00:13  lr: 0.000100  loss: 18.4166 (18.5368)  loss_mal: 0.6765 (0.6764)  loss_bbox: 0.0398 (0.0406)  loss_giou: 0.4658 (0.4699)  loss_fgl: 1.2680 (1.2682)  loss_mal_aux_0: 0.7395 (0.7313)  loss_bbox_aux_0: 0.0407 (0.0416)  loss_giou_aux_0: 0.4706 (0.4797)  loss_fgl_aux_0: 1.2750 (1.2745)  loss_ddf_aux_0: 0.0130 (0.0132)  loss_mal_aux_1: 0.6810 (0.6815)  loss_bbox_aux_1: 0.0398 (0.0406)  loss_giou_aux_1: 0.4665 (0.4699)  loss_fgl_aux_1: 1.2698 (1.2683)  loss_ddf_aux_1: 0.0008 (0.0009)  loss_mal_pre: 0.7383 (0.7308)  loss_bbox_pre: 0.0405 (0.0417)  loss_giou_pre: 0.4724 (0.4804)  loss_mal_enc_0: 0.8281 (0.8316)  loss_bbox_enc_0: 0.0444 (0.0445)  loss_giou_enc_0: 0.4874 (0.5080)  loss_mal_dn_0: 0.7143 (0.7137)  loss_bbox_dn_0: 0.0390 (0.0397)  loss_giou_dn_0: 0.4552 (0.4711)  loss_fgl_dn_0: 1.2687 (1.2728)  loss_ddf_dn_0: 0.1264 (0.1303)  loss_mal_dn_1: 0.6429 (0.6450)  loss_bbox_dn_1: 0.0297 (0.0303)  loss_giou_dn_1: 0.3704 (0.3793)  loss_fgl_dn_1: 1.2378 (1.2419)  loss_ddf_dn_1: 0.0022 (0.0022)  loss_mal_dn_2: 0.6395 (0.6427)  loss_bbox_dn_2: 0.0294 (0.0303)  loss_giou_dn_2: 0.3694 (0.3782)  loss_fgl_dn_2: 1.2378 (1.2420)  loss_ddf_dn_2: -0.0000 (0.0000)  loss_mal_dn_pre: 0.7130 (0.7136)  loss_bbox_dn_pre: 0.0390 (0.0396)  loss_giou_dn_pre: 0.4545 (0.4705)  time: 0.5432  data: 0.0161  max mem: 5226
Epoch: [7/30]  [30/44]  eta: 0:00:07  lr: 0.000100  loss: 18.1100 (18.4742)  loss_mal: 0.6680 (0.6735)  loss_bbox: 0.0372 (0.0397)  loss_giou: 0.4360 (0.4618)  loss_fgl: 1.2680 (1.2716)  loss_mal_aux_0: 0.7156 (0.7272)  loss_bbox_aux_0: 0.0381 (0.0405)  loss_giou_aux_0: 0.4423 (0.4705)  loss_fgl_aux_0: 1.2749 (1.2764)  loss_ddf_aux_0: 0.0139 (0.0133)  loss_mal_aux_1: 0.6755 (0.6804)  loss_bbox_aux_1: 0.0373 (0.0397)  loss_giou_aux_1: 0.4337 (0.4620)  loss_fgl_aux_1: 1.2698 (1.2719)  loss_ddf_aux_1: 0.0008 (0.0008)  loss_mal_pre: 0.7148 (0.7261)  loss_bbox_pre: 0.0380 (0.0405)  loss_giou_pre: 0.4413 (0.4704)  loss_mal_enc_0: 0.8295 (0.8341)  loss_bbox_enc_0: 0.0399 (0.0432)  loss_giou_enc_0: 0.4800 (0.4998)  loss_mal_dn_0: 0.7095 (0.7131)  loss_bbox_dn_0: 0.0376 (0.0390)  loss_giou_dn_0: 0.4526 (0.4681)  loss_fgl_dn_0: 1.2687 (1.2747)  loss_ddf_dn_0: 0.1222 (0.1291)  loss_mal_dn_1: 0.6382 (0.6437)  loss_bbox_dn_1: 0.0291 (0.0300)  loss_giou_dn_1: 0.3704 (0.3773)  loss_fgl_dn_1: 1.2378 (1.2440)  loss_ddf_dn_1: 0.0021 (0.0022)  loss_mal_dn_2: 0.6367 (0.6415)  loss_bbox_dn_2: 0.0289 (0.0300)  loss_giou_dn_2: 0.3681 (0.3759)  loss_fgl_dn_2: 1.2378 (1.2438)  loss_ddf_dn_2: -0.0000 (0.0000)  loss_mal_dn_pre: 0.7096 (0.7126)  loss_bbox_dn_pre: 0.0370 (0.0389)  loss_giou_dn_pre: 0.4507 (0.4671)  time: 0.5819  data: 0.0155  max mem: 5226
Epoch: [7/30]  [40/44]  eta: 0:00:02  lr: 0.000100  loss: 18.2873 (18.4963)  loss_mal: 0.6665 (0.6736)  loss_bbox: 0.0362 (0.0401)  loss_giou: 0.4513 (0.4618)  loss_fgl: 1.2791 (1.2761)  loss_mal_aux_0: 0.7230 (0.7294)  loss_bbox_aux_0: 0.0374 (0.0409)  loss_giou_aux_0: 0.4622 (0.4708)  loss_fgl_aux_0: 1.2805 (1.2803)  loss_ddf_aux_0: 0.0132 (0.0132)  loss_mal_aux_1: 0.6740 (0.6802)  loss_bbox_aux_1: 0.0365 (0.0401)  loss_giou_aux_1: 0.4527 (0.4620)  loss_fgl_aux_1: 1.2799 (1.2765)  loss_ddf_aux_1: 0.0008 (0.0008)  loss_mal_pre: 0.7208 (0.7280)  loss_bbox_pre: 0.0375 (0.0408)  loss_giou_pre: 0.4595 (0.4704)  loss_mal_enc_0: 0.8430 (0.8375)  loss_bbox_enc_0: 0.0402 (0.0434)  loss_giou_enc_0: 0.4937 (0.5007)  loss_mal_dn_0: 0.7115 (0.7122)  loss_bbox_dn_0: 0.0378 (0.0394)  loss_giou_dn_0: 0.4626 (0.4685)  loss_fgl_dn_0: 1.2771 (1.2758)  loss_ddf_dn_0: 0.1209 (0.1279)  loss_mal_dn_1: 0.6400 (0.6434)  loss_bbox_dn_1: 0.0291 (0.0302)  loss_giou_dn_1: 0.3713 (0.3766)  loss_fgl_dn_1: 1.2473 (1.2441)  loss_ddf_dn_1: 0.0021 (0.0022)  loss_mal_dn_2: 0.6378 (0.6411)  loss_bbox_dn_2: 0.0289 (0.0302)  loss_giou_dn_2: 0.3690 (0.3756)  loss_fgl_dn_2: 1.2454 (1.2440)  loss_ddf_dn_2: -0.0000 (0.0000)  loss_mal_dn_pre: 0.7108 (0.7118)  loss_bbox_dn_pre: 0.0376 (0.0393)  loss_giou_dn_pre: 0.4631 (0.4676)  time: 0.5706  data: 0.0149  max mem: 5226
Epoch: [7/30]  [43/44]  eta: 0:00:00  lr: 0.000100  loss: 18.2873 (18.4829)  loss_mal: 0.6728 (0.6736)  loss_bbox: 0.0382 (0.0400)  loss_giou: 0.4587 (0.4611)  loss_fgl: 1.2797 (1.2762)  loss_mal_aux_0: 0.7297 (0.7293)  loss_bbox_aux_0: 0.0386 (0.0408)  loss_giou_aux_0: 0.4720 (0.4702)  loss_fgl_aux_0: 1.2805 (1.2803)  loss_ddf_aux_0: 0.0130 (0.0132)  loss_mal_aux_1: 0.6741 (0.6801)  loss_bbox_aux_1: 0.0383 (0.0400)  loss_giou_aux_1: 0.4591 (0.4615)  loss_fgl_aux_1: 1.2817 (1.2765)  loss_ddf_aux_1: 0.0008 (0.0008)  loss_mal_pre: 0.7310 (0.7280)  loss_bbox_pre: 0.0384 (0.0408)  loss_giou_pre: 0.4723 (0.4697)  loss_mal_enc_0: 0.8379 (0.8348)  loss_bbox_enc_0: 0.0413 (0.0434)  loss_giou_enc_0: 0.4957 (0.4998)  loss_mal_dn_0: 0.7074 (0.7115)  loss_bbox_dn_0: 0.0378 (0.0393)  loss_giou_dn_0: 0.4612 (0.4673)  loss_fgl_dn_0: 1.2769 (1.2758)  loss_ddf_dn_0: 0.1222 (0.1275)  loss_mal_dn_1: 0.6400 (0.6429)  loss_bbox_dn_1: 0.0288 (0.0301)  loss_giou_dn_1: 0.3722 (0.3759)  loss_fgl_dn_1: 1.2472 (1.2440)  loss_ddf_dn_1: 0.0021 (0.0022)  loss_mal_dn_2: 0.6357 (0.6406)  loss_bbox_dn_2: 0.0289 (0.0301)  loss_giou_dn_2: 0.3701 (0.3747)  loss_fgl_dn_2: 1.2452 (1.2438)  loss_ddf_dn_2: -0.0000 (0.0000)  loss_mal_dn_pre: 0.7078 (0.7113)  loss_bbox_dn_pre: 0.0376 (0.0392)  loss_giou_dn_pre: 0.4620 (0.4664)  time: 0.5648  data: 0.0147  max mem: 5226
Epoch: [7/30] Total time: 0:00:24 (0.5633 s / it)
Averaged stats: lr: 0.000100  loss: 18.2873 (18.4829)  loss_mal: 0.6728 (0.6736)  loss_bbox: 0.0382 (0.0400)  loss_giou: 0.4587 (0.4611)  loss_fgl: 1.2797 (1.2762)  loss_mal_aux_0: 0.7297 (0.7293)  loss_bbox_aux_0: 0.0386 (0.0408)  loss_giou_aux_0: 0.4720 (0.4702)  loss_fgl_aux_0: 1.2805 (1.2803)  loss_ddf_aux_0: 0.0130 (0.0132)  loss_mal_aux_1: 0.6741 (0.6801)  loss_bbox_aux_1: 0.0383 (0.0400)  loss_giou_aux_1: 0.4591 (0.4615)  loss_fgl_aux_1: 1.2817 (1.2765)  loss_ddf_aux_1: 0.0008 (0.0008)  loss_mal_pre: 0.7310 (0.7280)  loss_bbox_pre: 0.0384 (0.0408)  loss_giou_pre: 0.4723 (0.4697)  loss_mal_enc_0: 0.8379 (0.8348)  loss_bbox_enc_0: 0.0413 (0.0434)  loss_giou_enc_0: 0.4957 (0.4998)  loss_mal_dn_0: 0.7074 (0.7115)  loss_bbox_dn_0: 0.0378 (0.0393)  loss_giou_dn_0: 0.4612 (0.4673)  loss_fgl_dn_0: 1.2769 (1.2758)  loss_ddf_dn_0: 0.1222 (0.1275)  loss_mal_dn_1: 0.6400 (0.6429)  loss_bbox_dn_1: 0.0288 (0.0301)  loss_giou_dn_1: 0.3722 (0.3759)  loss_fgl_dn_1: 1.2472 (1.2440)  loss_ddf_dn_1: 0.0021 (0.0022)  loss_mal_dn_2: 0.6357 (0.6406)  loss_bbox_dn_2: 0.0289 (0.0301)  loss_giou_dn_2: 0.3701 (0.3747)  loss_fgl_dn_2: 1.2452 (1.2438)  loss_ddf_dn_2: -0.0000 (0.0000)  loss_mal_dn_pre: 0.7078 (0.7113)  loss_bbox_dn_pre: 0.0376 (0.0392)  loss_giou_dn_pre: 0.4620 (0.4664)
Test:  [0/9]  eta: 0:00:03    time: 0.3657  data: 0.2439  max mem: 5226
Test:  [8/9]  eta: 0:00:00    time: 0.1513  data: 0.0421  max mem: 5226
Test: Total time: 0:00:01 (0.1556 s / it)
Metrics: {'f1': 0.9722222222222222, 'precision': 0.9722222222222222, 'recall': 0.9722222222222222, 'iou': 0.6691682781722095, 'TPs': 140, 'FPs': 4, 'FNs': 4}
Averaged stats: 
Accumulating evaluation results...
COCOeval_opt.accumulate() finished...
DONE (t=0.01s).
IoU metric: bbox
 Average Precision  (AP) @[ IoU=0.50:0.95 | area=   all | maxDets=100 ] = 0.365
 Average Precision  (AP) @[ IoU=0.50      | area=   all | maxDets=100 ] = 0.955
 Average Precision  (AP) @[ IoU=0.75      | area=   all | maxDets=100 ] = 0.159
 Average Precision  (AP) @[ IoU=0.50:0.95 | area= small | maxDets=100 ] = 0.365
 Average Precision  (AP) @[ IoU=0.50:0.95 | area=medium | maxDets=100 ] = -1.000
 Average Precision  (AP) @[ IoU=0.50:0.95 | area= large | maxDets=100 ] = -1.000
 Average Recall     (AR) @[ IoU=0.50:0.95 | area=   all | maxDets=  1 ] = 0.199
 Average Recall     (AR) @[ IoU=0.50:0.95 | area=   all | maxDets= 10 ] = 0.489
 Average Recall     (AR) @[ IoU=0.50:0.95 | area=   all | maxDets=100 ] = 0.580
 Average Recall     (AR) @[ IoU=0.50:0.95 | area= small | maxDets=100 ] = 0.580
 Average Recall     (AR) @[ IoU=0.50:0.95 | area=medium | maxDets=100 ] = -1.000
 Average Recall     (AR) @[ IoU=0.50:0.95 | area= large | maxDets=100 ] = -1.000
 Average Recall     (AR) @[ IoU=0.50      | area=   all | maxDets=100 ] = 0.986
 Average Recall     (AR) @[ IoU=0.75      | area=   all | maxDets=100 ] = 0.590
best_stat: {'epoch': 5, 'coco_eval_bbox': 0.37439849913602513}
Epoch: [8/30]  [ 0/44]  eta: 0:00:30  lr: 0.000100  loss: 18.0862 (18.0862)  loss_mal: 0.6543 (0.6543)  loss_bbox: 0.0398 (0.0398)  loss_giou: 0.4264 (0.4264)  loss_fgl: 1.2825 (1.2825)  loss_mal_aux_0: 0.7334 (0.7334)  loss_bbox_aux_0: 0.0388 (0.0388)  loss_giou_aux_0: 0.4285 (0.4285)  loss_fgl_aux_0: 1.2847 (1.2847)  loss_ddf_aux_0: 0.0151 (0.0151)  loss_mal_aux_1: 0.6736 (0.6736)  loss_bbox_aux_1: 0.0398 (0.0398)  loss_giou_aux_1: 0.4290 (0.4290)  loss_fgl_aux_1: 1.2835 (1.2835)  loss_ddf_aux_1: 0.0008 (0.0008)  loss_mal_pre: 0.7355 (0.7355)  loss_bbox_pre: 0.0387 (0.0387)  loss_giou_pre: 0.4296 (0.4296)  loss_mal_enc_0: 0.7781 (0.7781)  loss_bbox_enc_0: 0.0387 (0.0387)  loss_giou_enc_0: 0.4447 (0.4447)  loss_mal_dn_0: 0.7116 (0.7116)  loss_bbox_dn_0: 0.0387 (0.0387)  loss_giou_dn_0: 0.4574 (0.4574)  loss_fgl_dn_0: 1.2617 (1.2617)  loss_ddf_dn_0: 0.1432 (0.1432)  loss_mal_dn_1: 0.6355 (0.6355)  loss_bbox_dn_1: 0.0289 (0.0289)  loss_giou_dn_1: 0.3537 (0.3537)  loss_fgl_dn_1: 1.2213 (1.2213)  loss_ddf_dn_1: 0.0028 (0.0028)  loss_mal_dn_2: 0.6306 (0.6306)  loss_bbox_dn_2: 0.0288 (0.0288)  loss_giou_dn_2: 0.3499 (0.3499)  loss_fgl_dn_2: 1.2215 (1.2215)  loss_ddf_dn_2: -0.0000 (0.0000)  loss_mal_dn_pre: 0.7123 (0.7123)  loss_bbox_dn_pre: 0.0384 (0.0384)  loss_giou_dn_pre: 0.4545 (0.4545)  time: 0.6829  data: 0.2592  max mem: 5226
Epoch: [8/30]  [10/44]  eta: 0:00:16  lr: 0.000100  loss: 18.5039 (18.4447)  loss_mal: 0.6765 (0.6758)  loss_bbox: 0.0400 (0.0400)  loss_giou: 0.4624 (0.4663)  loss_fgl: 1.2809 (1.2782)  loss_mal_aux_0: 0.7300 (0.7274)  loss_bbox_aux_0: 0.0403 (0.0406)  loss_giou_aux_0: 0.4761 (0.4740)  loss_fgl_aux_0: 1.2847 (1.2806)  loss_ddf_aux_0: 0.0127 (0.0128)  loss_mal_aux_1: 0.6906 (0.6842)  loss_bbox_aux_1: 0.0400 (0.0401)  loss_giou_aux_1: 0.4597 (0.4658)  loss_fgl_aux_1: 1.2815 (1.2774)  loss_ddf_aux_1: 0.0009 (0.0010)  loss_mal_pre: 0.7310 (0.7265)  loss_bbox_pre: 0.0403 (0.0406)  loss_giou_pre: 0.4744 (0.4734)  loss_mal_enc_0: 0.8129 (0.8187)  loss_bbox_enc_0: 0.0417 (0.0428)  loss_giou_enc_0: 0.4983 (0.4960)  loss_mal_dn_0: 0.7049 (0.7087)  loss_bbox_dn_0: 0.0387 (0.0383)  loss_giou_dn_0: 0.4566 (0.4629)  loss_fgl_dn_0: 1.2761 (1.2741)  loss_ddf_dn_0: 0.1301 (0.1294)  loss_mal_dn_1: 0.6463 (0.6399)  loss_bbox_dn_1: 0.0296 (0.0295)  loss_giou_dn_1: 0.3743 (0.3702)  loss_fgl_dn_1: 1.2400 (1.2406)  loss_ddf_dn_1: 0.0025 (0.0025)  loss_mal_dn_2: 0.6462 (0.6378)  loss_bbox_dn_2: 0.0296 (0.0294)  loss_giou_dn_2: 0.3757 (0.3694)  loss_fgl_dn_2: 1.2414 (1.2408)  loss_ddf_dn_2: -0.0000 (0.0000)  loss_mal_dn_pre: 0.7061 (0.7088)  loss_bbox_dn_pre: 0.0384 (0.0382)  loss_giou_dn_pre: 0.4545 (0.4624)  time: 0.4936  data: 0.0376  max mem: 5226
Epoch: [8/30]  [20/44]  eta: 0:00:12  lr: 0.000100  loss: 18.2541 (18.3171)  loss_mal: 0.6647 (0.6708)  loss_bbox: 0.0397 (0.0390)  loss_giou: 0.4423 (0.4538)  loss_fgl: 1.2729 (1.2729)  loss_mal_aux_0: 0.7239 (0.7266)  loss_bbox_aux_0: 0.0401 (0.0393)  loss_giou_aux_0: 0.4475 (0.4594)  loss_fgl_aux_0: 1.2750 (1.2759)  loss_ddf_aux_0: 0.0119 (0.0123)  loss_mal_aux_1: 0.6712 (0.6774)  loss_bbox_aux_1: 0.0398 (0.0390)  loss_giou_aux_1: 0.4394 (0.4528)  loss_fgl_aux_1: 1.2748 (1.2724)  loss_ddf_aux_1: 0.0009 (0.0009)  loss_mal_pre: 0.7232 (0.7262)  loss_bbox_pre: 0.0401 (0.0393)  loss_giou_pre: 0.4458 (0.4588)  loss_mal_enc_0: 0.8129 (0.8147)  loss_bbox_enc_0: 0.0417 (0.0413)  loss_giou_enc_0: 0.4684 (0.4796)  loss_mal_dn_0: 0.7063 (0.7094)  loss_bbox_dn_0: 0.0380 (0.0383)  loss_giou_dn_0: 0.4533 (0.4630)  loss_fgl_dn_0: 1.2660 (1.2703)  loss_ddf_dn_0: 0.1299 (0.1303)  loss_mal_dn_1: 0.6406 (0.6385)  loss_bbox_dn_1: 0.0296 (0.0293)  loss_giou_dn_1: 0.3731 (0.3684)  loss_fgl_dn_1: 1.2350 (1.2357)  loss_ddf_dn_1: 0.0022 (0.0022)  loss_mal_dn_2: 0.6402 (0.6368)  loss_bbox_dn_2: 0.0296 (0.0292)  loss_giou_dn_2: 0.3720 (0.3678)  loss_fgl_dn_2: 1.2351 (1.2359)  loss_ddf_dn_2: -0.0000 (0.0000)  loss_mal_dn_pre: 0.7073 (0.7093)  loss_bbox_dn_pre: 0.0378 (0.0382)  loss_giou_dn_pre: 0.4531 (0.4618)  time: 0.5298  data: 0.0154  max mem: 5226
Epoch: [8/30]  [30/44]  eta: 0:00:07  lr: 0.000100  loss: 18.1643 (18.2931)  loss_mal: 0.6642 (0.6698)  loss_bbox: 0.0373 (0.0390)  loss_giou: 0.4310 (0.4507)  loss_fgl: 1.2624 (1.2680)  loss_mal_aux_0: 0.7279 (0.7290)  loss_bbox_aux_0: 0.0380 (0.0396)  loss_giou_aux_0: 0.4391 (0.4585)  loss_fgl_aux_0: 1.2665 (1.2721)  loss_ddf_aux_0: 0.0120 (0.0124)  loss_mal_aux_1: 0.6667 (0.6758)  loss_bbox_aux_1: 0.0378 (0.0391)  loss_giou_aux_1: 0.4294 (0.4504)  loss_fgl_aux_1: 1.2613 (1.2676)  loss_ddf_aux_1: 0.0007 (0.0008)  loss_mal_pre: 0.7260 (0.7283)  loss_bbox_pre: 0.0379 (0.0395)  loss_giou_pre: 0.4386 (0.4578)  loss_mal_enc_0: 0.8099 (0.8128)  loss_bbox_enc_0: 0.0408 (0.0417)  loss_giou_enc_0: 0.4667 (0.4820)  loss_mal_dn_0: 0.7074 (0.7084)  loss_bbox_dn_0: 0.0375 (0.0385)  loss_giou_dn_0: 0.4533 (0.4619)  loss_fgl_dn_0: 1.2667 (1.2710)  loss_ddf_dn_0: 0.1256 (0.1291)  loss_mal_dn_1: 0.6337 (0.6376)  loss_bbox_dn_1: 0.0288 (0.0296)  loss_giou_dn_1: 0.3628 (0.3677)  loss_fgl_dn_1: 1.2320 (1.2365)  loss_ddf_dn_1: 0.0018 (0.0021)  loss_mal_dn_2: 0.6309 (0.6358)  loss_bbox_dn_2: 0.0287 (0.0295)  loss_giou_dn_2: 0.3617 (0.3668)  loss_fgl_dn_2: 1.2316 (1.2365)  loss_ddf_dn_2: -0.0000 (0.0000)  loss_mal_dn_pre: 0.7073 (0.7082)  loss_bbox_dn_pre: 0.0372 (0.0383)  loss_giou_dn_pre: 0.4531 (0.4605)  time: 0.5806  data: 0.0152  max mem: 5226
Epoch: [8/30]  [40/44]  eta: 0:00:02  lr: 0.000100  loss: 18.2733 (18.3085)  loss_mal: 0.6690 (0.6693)  loss_bbox: 0.0366 (0.0389)  loss_giou: 0.4457 (0.4496)  loss_fgl: 1.2710 (1.2722)  loss_mal_aux_0: 0.7311 (0.7295)  loss_bbox_aux_0: 0.0379 (0.0395)  loss_giou_aux_0: 0.4604 (0.4584)  loss_fgl_aux_0: 1.2776 (1.2756)  loss_ddf_aux_0: 0.0121 (0.0125)  loss_mal_aux_1: 0.6757 (0.6757)  loss_bbox_aux_1: 0.0370 (0.0389)  loss_giou_aux_1: 0.4413 (0.4494)  loss_fgl_aux_1: 1.2724 (1.2719)  loss_ddf_aux_1: 0.0007 (0.0008)  loss_mal_pre: 0.7318 (0.7289)  loss_bbox_pre: 0.0379 (0.0395)  loss_giou_pre: 0.4585 (0.4578)  loss_mal_enc_0: 0.8128 (0.8148)  loss_bbox_enc_0: 0.0415 (0.0418)  loss_giou_enc_0: 0.4822 (0.4831)  loss_mal_dn_0: 0.7069 (0.7083)  loss_bbox_dn_0: 0.0383 (0.0386)  loss_giou_dn_0: 0.4642 (0.4624)  loss_fgl_dn_0: 1.2728 (1.2720)  loss_ddf_dn_0: 0.1315 (0.1302)  loss_mal_dn_1: 0.6376 (0.6372)  loss_bbox_dn_1: 0.0286 (0.0296)  loss_giou_dn_1: 0.3629 (0.3676)  loss_fgl_dn_1: 1.2373 (1.2369)  loss_ddf_dn_1: 0.0018 (0.0021)  loss_mal_dn_2: 0.6324 (0.6351)  loss_bbox_dn_2: 0.0287 (0.0295)  loss_giou_dn_2: 0.3592 (0.3666)  loss_fgl_dn_2: 1.2369 (1.2369)  loss_ddf_dn_2: -0.0000 (0.0000)  loss_mal_dn_pre: 0.7070 (0.7082)  loss_bbox_dn_pre: 0.0380 (0.0385)  loss_giou_dn_pre: 0.4614 (0.4608)  time: 0.5871  data: 0.0153  max mem: 5226
Epoch: [8/30]  [43/44]  eta: 0:00:00  lr: 0.000100  loss: 18.1896 (18.2704)  loss_mal: 0.6665 (0.6679)  loss_bbox: 0.0364 (0.0385)  loss_giou: 0.4398 (0.4469)  loss_fgl: 1.2642 (1.2714)  loss_mal_aux_0: 0.7311 (0.7270)  loss_bbox_aux_0: 0.0368 (0.0391)  loss_giou_aux_0: 0.4476 (0.4552)  loss_fgl_aux_0: 1.2691 (1.2750)  loss_ddf_aux_0: 0.0120 (0.0126)  loss_mal_aux_1: 0.6734 (0.6742)  loss_bbox_aux_1: 0.0363 (0.0386)  loss_giou_aux_1: 0.4386 (0.4466)  loss_fgl_aux_1: 1.2633 (1.2712)  loss_ddf_aux_1: 0.0007 (0.0008)  loss_mal_pre: 0.7318 (0.7264)  loss_bbox_pre: 0.0371 (0.0391)  loss_giou_pre: 0.4499 (0.4547)  loss_mal_enc_0: 0.8099 (0.8136)  loss_bbox_enc_0: 0.0400 (0.0413)  loss_giou_enc_0: 0.4734 (0.4803)  loss_mal_dn_0: 0.7041 (0.7075)  loss_bbox_dn_0: 0.0375 (0.0384)  loss_giou_dn_0: 0.4524 (0.4612)  loss_fgl_dn_0: 1.2716 (1.2718)  loss_ddf_dn_0: 0.1308 (0.1296)  loss_mal_dn_1: 0.6337 (0.6362)  loss_bbox_dn_1: 0.0286 (0.0294)  loss_giou_dn_1: 0.3611 (0.3662)  loss_fgl_dn_1: 1.2345 (1.2368)  loss_ddf_dn_1: 0.0018 (0.0021)  loss_mal_dn_2: 0.6302 (0.6342)  loss_bbox_dn_2: 0.0285 (0.0293)  loss_giou_dn_2: 0.3582 (0.3653)  loss_fgl_dn_2: 1.2357 (1.2369)  loss_ddf_dn_2: -0.0000 (0.0000)  loss_mal_dn_pre: 0.7043 (0.7074)  loss_bbox_dn_pre: 0.0372 (0.0382)  loss_giou_dn_pre: 0.4500 (0.4595)  time: 0.5860  data: 0.0152  max mem: 5226
Epoch: [8/30] Total time: 0:00:24 (0.5632 s / it)
Averaged stats: lr: 0.000100  loss: 18.1896 (18.2704)  loss_mal: 0.6665 (0.6679)  loss_bbox: 0.0364 (0.0385)  loss_giou: 0.4398 (0.4469)  loss_fgl: 1.2642 (1.2714)  loss_mal_aux_0: 0.7311 (0.7270)  loss_bbox_aux_0: 0.0368 (0.0391)  loss_giou_aux_0: 0.4476 (0.4552)  loss_fgl_aux_0: 1.2691 (1.2750)  loss_ddf_aux_0: 0.0120 (0.0126)  loss_mal_aux_1: 0.6734 (0.6742)  loss_bbox_aux_1: 0.0363 (0.0386)  loss_giou_aux_1: 0.4386 (0.4466)  loss_fgl_aux_1: 1.2633 (1.2712)  loss_ddf_aux_1: 0.0007 (0.0008)  loss_mal_pre: 0.7318 (0.7264)  loss_bbox_pre: 0.0371 (0.0391)  loss_giou_pre: 0.4499 (0.4547)  loss_mal_enc_0: 0.8099 (0.8136)  loss_bbox_enc_0: 0.0400 (0.0413)  loss_giou_enc_0: 0.4734 (0.4803)  loss_mal_dn_0: 0.7041 (0.7075)  loss_bbox_dn_0: 0.0375 (0.0384)  loss_giou_dn_0: 0.4524 (0.4612)  loss_fgl_dn_0: 1.2716 (1.2718)  loss_ddf_dn_0: 0.1308 (0.1296)  loss_mal_dn_1: 0.6337 (0.6362)  loss_bbox_dn_1: 0.0286 (0.0294)  loss_giou_dn_1: 0.3611 (0.3662)  loss_fgl_dn_1: 1.2345 (1.2368)  loss_ddf_dn_1: 0.0018 (0.0021)  loss_mal_dn_2: 0.6302 (0.6342)  loss_bbox_dn_2: 0.0285 (0.0293)  loss_giou_dn_2: 0.3582 (0.3653)  loss_fgl_dn_2: 1.2357 (1.2369)  loss_ddf_dn_2: -0.0000 (0.0000)  loss_mal_dn_pre: 0.7043 (0.7074)  loss_bbox_dn_pre: 0.0372 (0.0382)  loss_giou_dn_pre: 0.4500 (0.4595)
Test:  [0/9]  eta: 0:00:03    time: 0.3997  data: 0.2992  max mem: 5226
Test:  [8/9]  eta: 0:00:00    time: 0.1880  data: 0.0457  max mem: 5226
Test: Total time: 0:00:01 (0.1925 s / it)
Metrics: {'f1': 0.9757785467128027, 'precision': 0.9724137931034482, 'recall': 0.9791666666666666, 'iou': 0.6737262864370603, 'TPs': 141, 'FPs': 4, 'FNs': 3}
Averaged stats: 
Accumulating evaluation results...
COCOeval_opt.accumulate() finished...
DONE (t=0.01s).
IoU metric: bbox
 Average Precision  (AP) @[ IoU=0.50:0.95 | area=   all | maxDets=100 ] = 0.360
 Average Precision  (AP) @[ IoU=0.50      | area=   all | maxDets=100 ] = 0.956
 Average Precision  (AP) @[ IoU=0.75      | area=   all | maxDets=100 ] = 0.159
 Average Precision  (AP) @[ IoU=0.50:0.95 | area= small | maxDets=100 ] = 0.361
 Average Precision  (AP) @[ IoU=0.50:0.95 | area=medium | maxDets=100 ] = -1.000
 Average Precision  (AP) @[ IoU=0.50:0.95 | area= large | maxDets=100 ] = -1.000
 Average Recall     (AR) @[ IoU=0.50:0.95 | area=   all | maxDets=  1 ] = 0.203
 Average Recall     (AR) @[ IoU=0.50:0.95 | area=   all | maxDets= 10 ] = 0.478
 Average Recall     (AR) @[ IoU=0.50:0.95 | area=   all | maxDets=100 ] = 0.585
 Average Recall     (AR) @[ IoU=0.50:0.95 | area= small | maxDets=100 ] = 0.585
 Average Recall     (AR) @[ IoU=0.50:0.95 | area=medium | maxDets=100 ] = -1.000
 Average Recall     (AR) @[ IoU=0.50:0.95 | area= large | maxDets=100 ] = -1.000
 Average Recall     (AR) @[ IoU=0.50      | area=   all | maxDets=100 ] = 0.979
 Average Recall     (AR) @[ IoU=0.75      | area=   all | maxDets=100 ] = 0.604
best_stat: {'epoch': 5, 'coco_eval_bbox': 0.37439849913602513}
Epoch: [9/30]  [ 0/44]  eta: 0:00:36  lr: 0.000100  loss: 17.4364 (17.4364)  loss_mal: 0.6520 (0.6520)  loss_bbox: 0.0326 (0.0326)  loss_giou: 0.3506 (0.3506)  loss_fgl: 1.2859 (1.2859)  loss_mal_aux_0: 0.7161 (0.7161)  loss_bbox_aux_0: 0.0334 (0.0334)  loss_giou_aux_0: 0.3618 (0.3618)  loss_fgl_aux_0: 1.2900 (1.2900)  loss_ddf_aux_0: 0.0111 (0.0111)  loss_mal_aux_1: 0.6504 (0.6504)  loss_bbox_aux_1: 0.0322 (0.0322)  loss_giou_aux_1: 0.3492 (0.3492)  loss_fgl_aux_1: 1.2846 (1.2846)  loss_ddf_aux_1: 0.0006 (0.0006)  loss_mal_pre: 0.7148 (0.7148)  loss_bbox_pre: 0.0331 (0.0331)  loss_giou_pre: 0.3597 (0.3597)  loss_mal_enc_0: 0.7877 (0.7877)  loss_bbox_enc_0: 0.0350 (0.0350)  loss_giou_enc_0: 0.3979 (0.3979)  loss_mal_dn_0: 0.6813 (0.6813)  loss_bbox_dn_0: 0.0348 (0.0348)  loss_giou_dn_0: 0.3891 (0.3891)  loss_fgl_dn_0: 1.2864 (1.2864)  loss_ddf_dn_0: 0.1331 (0.1331)  loss_mal_dn_1: 0.6114 (0.6114)  loss_bbox_dn_1: 0.0275 (0.0275)  loss_giou_dn_1: 0.3266 (0.3266)  loss_fgl_dn_1: 1.2455 (1.2455)  loss_ddf_dn_1: 0.0022 (0.0022)  loss_mal_dn_2: 0.6106 (0.6106)  loss_bbox_dn_2: 0.0278 (0.0278)  loss_giou_dn_2: 0.3296 (0.3296)  loss_fgl_dn_2: 1.2479 (1.2479)  loss_ddf_dn_2: -0.0000 (0.0000)  loss_mal_dn_pre: 0.6832 (0.6832)  loss_bbox_dn_pre: 0.0344 (0.0344)  loss_giou_dn_pre: 0.3866 (0.3866)  time: 0.8223  data: 0.2740  max mem: 5226
Epoch: [9/30]  [10/44]  eta: 0:00:17  lr: 0.000100  loss: 17.9546 (17.9761)  loss_mal: 0.6553 (0.6655)  loss_bbox: 0.0337 (0.0355)  loss_giou: 0.4162 (0.4199)  loss_fgl: 1.2859 (1.2805)  loss_mal_aux_0: 0.7161 (0.7136)  loss_bbox_aux_0: 0.0350 (0.0360)  loss_giou_aux_0: 0.4314 (0.4277)  loss_fgl_aux_0: 1.2849 (1.2831)  loss_ddf_aux_0: 0.0132 (0.0134)  loss_mal_aux_1: 0.6678 (0.6758)  loss_bbox_aux_1: 0.0333 (0.0354)  loss_giou_aux_1: 0.4179 (0.4201)  loss_fgl_aux_1: 1.2846 (1.2801)  loss_ddf_aux_1: 0.0006 (0.0006)  loss_mal_pre: 0.7148 (0.7121)  loss_bbox_pre: 0.0354 (0.0360)  loss_giou_pre: 0.4324 (0.4267)  loss_mal_enc_0: 0.8042 (0.8093)  loss_bbox_enc_0: 0.0389 (0.0391)  loss_giou_enc_0: 0.4849 (0.4588)  loss_mal_dn_0: 0.6878 (0.6973)  loss_bbox_dn_0: 0.0343 (0.0343)  loss_giou_dn_0: 0.4191 (0.4249)  loss_fgl_dn_0: 1.2812 (1.2761)  loss_ddf_dn_0: 0.1323 (0.1282)  loss_mal_dn_1: 0.6239 (0.6288)  loss_bbox_dn_1: 0.0262 (0.0270)  loss_giou_dn_1: 0.3438 (0.3484)  loss_fgl_dn_1: 1.2435 (1.2414)  loss_ddf_dn_1: 0.0021 (0.0021)  loss_mal_dn_2: 0.6231 (0.6263)  loss_bbox_dn_2: 0.0267 (0.0270)  loss_giou_dn_2: 0.3441 (0.3474)  loss_fgl_dn_2: 1.2436 (1.2415)  loss_ddf_dn_2: -0.0000 (0.0000)  loss_mal_dn_pre: 0.6894 (0.6977)  loss_bbox_dn_pre: 0.0344 (0.0342)  loss_giou_dn_pre: 0.4191 (0.4243)  time: 0.5274  data: 0.0387  max mem: 5226
Epoch: [9/30]  [20/44]  eta: 0:00:13  lr: 0.000100  loss: 17.9639 (17.9642)  loss_mal: 0.6553 (0.6604)  loss_bbox: 0.0342 (0.0355)  loss_giou: 0.4162 (0.4207)  loss_fgl: 1.2672 (1.2742)  loss_mal_aux_0: 0.7189 (0.7191)  loss_bbox_aux_0: 0.0356 (0.0365)  loss_giou_aux_0: 0.4314 (0.4312)  loss_fgl_aux_0: 1.2765 (1.2790)  loss_ddf_aux_0: 0.0123 (0.0123)  loss_mal_aux_1: 0.6643 (0.6681)  loss_bbox_aux_1: 0.0343 (0.0355)  loss_giou_aux_1: 0.4179 (0.4208)  loss_fgl_aux_1: 1.2659 (1.2736)  loss_ddf_aux_1: 0.0006 (0.0006)  loss_mal_pre: 0.7145 (0.7171)  loss_bbox_pre: 0.0357 (0.0363)  loss_giou_pre: 0.4324 (0.4296)  loss_mal_enc_0: 0.7949 (0.7986)  loss_bbox_enc_0: 0.0389 (0.0388)  loss_giou_enc_0: 0.4586 (0.4558)  loss_mal_dn_0: 0.6995 (0.7010)  loss_bbox_dn_0: 0.0355 (0.0356)  loss_giou_dn_0: 0.4274 (0.4341)  loss_fgl_dn_0: 1.2713 (1.2743)  loss_ddf_dn_0: 0.1301 (0.1277)  loss_mal_dn_1: 0.6257 (0.6270)  loss_bbox_dn_1: 0.0268 (0.0274)  loss_giou_dn_1: 0.3448 (0.3488)  loss_fgl_dn_1: 1.2343 (1.2371)  loss_ddf_dn_1: 0.0020 (0.0021)  loss_mal_dn_2: 0.6231 (0.6246)  loss_bbox_dn_2: 0.0267 (0.0273)  loss_giou_dn_2: 0.3441 (0.3476)  loss_fgl_dn_2: 1.2346 (1.2369)  loss_ddf_dn_2: -0.0000 (0.0000)  loss_mal_dn_pre: 0.6994 (0.7008)  loss_bbox_dn_pre: 0.0352 (0.0355)  loss_giou_dn_pre: 0.4273 (0.4328)  time: 0.5384  data: 0.0159  max mem: 5226
Epoch: [9/30]  [30/44]  eta: 0:00:07  lr: 0.000100  loss: 17.9834 (18.0417)  loss_mal: 0.6612 (0.6613)  loss_bbox: 0.0366 (0.0368)  loss_giou: 0.4350 (0.4330)  loss_fgl: 1.2636 (1.2704)  loss_mal_aux_0: 0.7133 (0.7160)  loss_bbox_aux_0: 0.0373 (0.0378)  loss_giou_aux_0: 0.4492 (0.4441)  loss_fgl_aux_0: 1.2675 (1.2745)  loss_ddf_aux_0: 0.0106 (0.0119)  loss_mal_aux_1: 0.6649 (0.6678)  loss_bbox_aux_1: 0.0367 (0.0368)  loss_giou_aux_1: 0.4377 (0.4336)  loss_fgl_aux_1: 1.2635 (1.2700)  loss_ddf_aux_1: 0.0005 (0.0006)  loss_mal_pre: 0.7123 (0.7145)  loss_bbox_pre: 0.0371 (0.0377)  loss_giou_pre: 0.4503 (0.4433)  loss_mal_enc_0: 0.7828 (0.7969)  loss_bbox_enc_0: 0.0399 (0.0400)  loss_giou_enc_0: 0.4616 (0.4680)  loss_mal_dn_0: 0.7022 (0.7016)  loss_bbox_dn_0: 0.0368 (0.0365)  loss_giou_dn_0: 0.4462 (0.4421)  loss_fgl_dn_0: 1.2692 (1.2728)  loss_ddf_dn_0: 0.1300 (0.1287)  loss_mal_dn_1: 0.6264 (0.6286)  loss_bbox_dn_1: 0.0278 (0.0279)  loss_giou_dn_1: 0.3534 (0.3524)  loss_fgl_dn_1: 1.2311 (1.2353)  loss_ddf_dn_1: 0.0021 (0.0021)  loss_mal_dn_2: 0.6230 (0.6260)  loss_bbox_dn_2: 0.0277 (0.0278)  loss_giou_dn_2: 0.3537 (0.3511)  loss_fgl_dn_2: 1.2308 (1.2349)  loss_ddf_dn_2: -0.0000 (0.0000)  loss_mal_dn_pre: 0.7023 (0.7016)  loss_bbox_dn_pre: 0.0368 (0.0364)  loss_giou_dn_pre: 0.4467 (0.4410)  time: 0.5788  data: 0.0167  max mem: 5226
Epoch: [9/30]  [40/44]  eta: 0:00:02  lr: 0.000100  loss: 18.1858 (18.0587)  loss_mal: 0.6625 (0.6626)  loss_bbox: 0.0387 (0.0373)  loss_giou: 0.4350 (0.4341)  loss_fgl: 1.2650 (1.2716)  loss_mal_aux_0: 0.7133 (0.7182)  loss_bbox_aux_0: 0.0401 (0.0381)  loss_giou_aux_0: 0.4479 (0.4445)  loss_fgl_aux_0: 1.2648 (1.2754)  loss_ddf_aux_0: 0.0107 (0.0117)  loss_mal_aux_1: 0.6657 (0.6684)  loss_bbox_aux_1: 0.0390 (0.0373)  loss_giou_aux_1: 0.4377 (0.4347)  loss_fgl_aux_1: 1.2646 (1.2714)  loss_ddf_aux_1: 0.0005 (0.0006)  loss_mal_pre: 0.7123 (0.7166)  loss_bbox_pre: 0.0397 (0.0380)  loss_giou_pre: 0.4492 (0.4434)  loss_mal_enc_0: 0.8083 (0.8005)  loss_bbox_enc_0: 0.0438 (0.0403)  loss_giou_enc_0: 0.4770 (0.4704)  loss_mal_dn_0: 0.6976 (0.7015)  loss_bbox_dn_0: 0.0378 (0.0368)  loss_giou_dn_0: 0.4465 (0.4416)  loss_fgl_dn_0: 1.2712 (1.2732)  loss_ddf_dn_0: 0.1268 (0.1278)  loss_mal_dn_1: 0.6287 (0.6281)  loss_bbox_dn_1: 0.0285 (0.0281)  loss_giou_dn_1: 0.3502 (0.3516)  loss_fgl_dn_1: 1.2374 (1.2355)  loss_ddf_dn_1: 0.0022 (0.0021)  loss_mal_dn_2: 0.6262 (0.6255)  loss_bbox_dn_2: 0.0285 (0.0280)  loss_giou_dn_2: 0.3484 (0.3500)  loss_fgl_dn_2: 1.2364 (1.2350)  loss_ddf_dn_2: -0.0000 (0.0000)  loss_mal_dn_pre: 0.6989 (0.7016)  loss_bbox_dn_pre: 0.0381 (0.0367)  loss_giou_dn_pre: 0.4460 (0.4406)  time: 0.5791  data: 0.0163  max mem: 5226
Epoch: [9/30]  [43/44]  eta: 0:00:00  lr: 0.000100  loss: 17.9834 (18.0638)  loss_mal: 0.6625 (0.6621)  loss_bbox: 0.0380 (0.0375)  loss_giou: 0.4321 (0.4343)  loss_fgl: 1.2654 (1.2717)  loss_mal_aux_0: 0.7177 (0.7200)  loss_bbox_aux_0: 0.0392 (0.0382)  loss_giou_aux_0: 0.4452 (0.4452)  loss_fgl_aux_0: 1.2622 (1.2750)  loss_ddf_aux_0: 0.0107 (0.0117)  loss_mal_aux_1: 0.6649 (0.6679)  loss_bbox_aux_1: 0.0383 (0.0375)  loss_giou_aux_1: 0.4359 (0.4349)  loss_fgl_aux_1: 1.2690 (1.2715)  loss_ddf_aux_1: 0.0006 (0.0006)  loss_mal_pre: 0.7196 (0.7183)  loss_bbox_pre: 0.0396 (0.0381)  loss_giou_pre: 0.4449 (0.4440)  loss_mal_enc_0: 0.8071 (0.7985)  loss_bbox_enc_0: 0.0416 (0.0405)  loss_giou_enc_0: 0.4704 (0.4718)  loss_mal_dn_0: 0.6973 (0.7013)  loss_bbox_dn_0: 0.0368 (0.0368)  loss_giou_dn_0: 0.4358 (0.4416)  loss_fgl_dn_0: 1.2712 (1.2738)  loss_ddf_dn_0: 0.1225 (0.1271)  loss_mal_dn_1: 0.6271 (0.6281)  loss_bbox_dn_1: 0.0284 (0.0282)  loss_giou_dn_1: 0.3468 (0.3518)  loss_fgl_dn_1: 1.2352 (1.2360)  loss_ddf_dn_1: 0.0022 (0.0021)  loss_mal_dn_2: 0.6230 (0.6254)  loss_bbox_dn_2: 0.0281 (0.0281)  loss_giou_dn_2: 0.3449 (0.3503)  loss_fgl_dn_2: 1.2334 (1.2355)  loss_ddf_dn_2: -0.0000 (0.0000)  loss_mal_dn_pre: 0.6984 (0.7015)  loss_bbox_dn_pre: 0.0363 (0.0367)  loss_giou_dn_pre: 0.4354 (0.4405)  time: 0.5776  data: 0.0160  max mem: 5226
Epoch: [9/30] Total time: 0:00:24 (0.5665 s / it)
Averaged stats: lr: 0.000100  loss: 17.9834 (18.0638)  loss_mal: 0.6625 (0.6621)  loss_bbox: 0.0380 (0.0375)  loss_giou: 0.4321 (0.4343)  loss_fgl: 1.2654 (1.2717)  loss_mal_aux_0: 0.7177 (0.7200)  loss_bbox_aux_0: 0.0392 (0.0382)  loss_giou_aux_0: 0.4452 (0.4452)  loss_fgl_aux_0: 1.2622 (1.2750)  loss_ddf_aux_0: 0.0107 (0.0117)  loss_mal_aux_1: 0.6649 (0.6679)  loss_bbox_aux_1: 0.0383 (0.0375)  loss_giou_aux_1: 0.4359 (0.4349)  loss_fgl_aux_1: 1.2690 (1.2715)  loss_ddf_aux_1: 0.0006 (0.0006)  loss_mal_pre: 0.7196 (0.7183)  loss_bbox_pre: 0.0396 (0.0381)  loss_giou_pre: 0.4449 (0.4440)  loss_mal_enc_0: 0.8071 (0.7985)  loss_bbox_enc_0: 0.0416 (0.0405)  loss_giou_enc_0: 0.4704 (0.4718)  loss_mal_dn_0: 0.6973 (0.7013)  loss_bbox_dn_0: 0.0368 (0.0368)  loss_giou_dn_0: 0.4358 (0.4416)  loss_fgl_dn_0: 1.2712 (1.2738)  loss_ddf_dn_0: 0.1225 (0.1271)  loss_mal_dn_1: 0.6271 (0.6281)  loss_bbox_dn_1: 0.0284 (0.0282)  loss_giou_dn_1: 0.3468 (0.3518)  loss_fgl_dn_1: 1.2352 (1.2360)  loss_ddf_dn_1: 0.0022 (0.0021)  loss_mal_dn_2: 0.6230 (0.6254)  loss_bbox_dn_2: 0.0281 (0.0281)  loss_giou_dn_2: 0.3449 (0.3503)  loss_fgl_dn_2: 1.2334 (1.2355)  loss_ddf_dn_2: -0.0000 (0.0000)  loss_mal_dn_pre: 0.6984 (0.7015)  loss_bbox_dn_pre: 0.0363 (0.0367)  loss_giou_dn_pre: 0.4354 (0.4405)
Test:  [0/9]  eta: 0:00:03    time: 0.4082  data: 0.2591  max mem: 5226
Test:  [8/9]  eta: 0:00:00    time: 0.1400  data: 0.0398  max mem: 5226
Test: Total time: 0:00:01 (0.1443 s / it)
Metrics: {'f1': 0.9722222222222222, 'precision': 0.9722222222222222, 'recall': 0.9722222222222222, 'iou': 0.6681182891935915, 'TPs': 140, 'FPs': 4, 'FNs': 4}
Averaged stats: 
Accumulating evaluation results...
COCOeval_opt.accumulate() finished...
DONE (t=0.01s).
IoU metric: bbox
 Average Precision  (AP) @[ IoU=0.50:0.95 | area=   all | maxDets=100 ] = 0.356
 Average Precision  (AP) @[ IoU=0.50      | area=   all | maxDets=100 ] = 0.951
 Average Precision  (AP) @[ IoU=0.75      | area=   all | maxDets=100 ] = 0.142
 Average Precision  (AP) @[ IoU=0.50:0.95 | area= small | maxDets=100 ] = 0.356
 Average Precision  (AP) @[ IoU=0.50:0.95 | area=medium | maxDets=100 ] = -1.000
 Average Precision  (AP) @[ IoU=0.50:0.95 | area= large | maxDets=100 ] = -1.000
 Average Recall     (AR) @[ IoU=0.50:0.95 | area=   all | maxDets=  1 ] = 0.195
 Average Recall     (AR) @[ IoU=0.50:0.95 | area=   all | maxDets= 10 ] = 0.478
 Average Recall     (AR) @[ IoU=0.50:0.95 | area=   all | maxDets=100 ] = 0.590
 Average Recall     (AR) @[ IoU=0.50:0.95 | area= small | maxDets=100 ] = 0.590
 Average Recall     (AR) @[ IoU=0.50:0.95 | area=medium | maxDets=100 ] = -1.000
 Average Recall     (AR) @[ IoU=0.50:0.95 | area= large | maxDets=100 ] = -1.000
 Average Recall     (AR) @[ IoU=0.50      | area=   all | maxDets=100 ] = 0.986
 Average Recall     (AR) @[ IoU=0.75      | area=   all | maxDets=100 ] = 0.611
best_stat: {'epoch': 5, 'coco_eval_bbox': 0.37439849913602513}
Epoch: [10/30]  [ 0/44]  eta: 0:00:33  lr: 0.000100  loss: 17.8052 (17.8052)  loss_mal: 0.6503 (0.6503)  loss_bbox: 0.0369 (0.0369)  loss_giou: 0.4265 (0.4265)  loss_fgl: 1.2649 (1.2649)  loss_mal_aux_0: 0.7214 (0.7214)  loss_bbox_aux_0: 0.0375 (0.0375)  loss_giou_aux_0: 0.4315 (0.4315)  loss_fgl_aux_0: 1.2630 (1.2630)  loss_ddf_aux_0: 0.0108 (0.0108)  loss_mal_aux_1: 0.6664 (0.6664)  loss_bbox_aux_1: 0.0369 (0.0369)  loss_giou_aux_1: 0.4243 (0.4243)  loss_fgl_aux_1: 1.2636 (1.2636)  loss_ddf_aux_1: 0.0006 (0.0006)  loss_mal_pre: 0.7237 (0.7237)  loss_bbox_pre: 0.0378 (0.0378)  loss_giou_pre: 0.4334 (0.4334)  loss_mal_enc_0: 0.8119 (0.8119)  loss_bbox_enc_0: 0.0441 (0.0441)  loss_giou_enc_0: 0.4892 (0.4892)  loss_mal_dn_0: 0.6927 (0.6927)  loss_bbox_dn_0: 0.0336 (0.0336)  loss_giou_dn_0: 0.4066 (0.4066)  loss_fgl_dn_0: 1.2569 (1.2569)  loss_ddf_dn_0: 0.1276 (0.1276)  loss_mal_dn_1: 0.6145 (0.6145)  loss_bbox_dn_1: 0.0261 (0.0261)  loss_giou_dn_1: 0.3281 (0.3281)  loss_fgl_dn_1: 1.2207 (1.2207)  loss_ddf_dn_1: 0.0026 (0.0026)  loss_mal_dn_2: 0.6119 (0.6119)  loss_bbox_dn_2: 0.0260 (0.0260)  loss_giou_dn_2: 0.3279 (0.3279)  loss_fgl_dn_2: 1.2209 (1.2209)  loss_ddf_dn_2: -0.0000 (0.0000)  loss_mal_dn_pre: 0.6945 (0.6945)  loss_bbox_dn_pre: 0.0334 (0.0334)  loss_giou_dn_pre: 0.4063 (0.4063)  time: 0.7660  data: 0.2534  max mem: 5226
Epoch: [10/30]  [10/44]  eta: 0:00:17  lr: 0.000100  loss: 17.5423 (17.4804)  loss_mal: 0.6470 (0.6390)  loss_bbox: 0.0327 (0.0330)  loss_giou: 0.3935 (0.3883)  loss_fgl: 1.2586 (1.2596)  loss_mal_aux_0: 0.7097 (0.7031)  loss_bbox_aux_0: 0.0344 (0.0342)  loss_giou_aux_0: 0.3961 (0.4025)  loss_fgl_aux_0: 1.2664 (1.2679)  loss_ddf_aux_0: 0.0121 (0.0119)  loss_mal_aux_1: 0.6472 (0.6496)  loss_bbox_aux_1: 0.0324 (0.0329)  loss_giou_aux_1: 0.3956 (0.3877)  loss_fgl_aux_1: 1.2567 (1.2589)  loss_ddf_aux_1: 0.0007 (0.0007)  loss_mal_pre: 0.7104 (0.7049)  loss_bbox_pre: 0.0341 (0.0342)  loss_giou_pre: 0.3973 (0.4021)  loss_mal_enc_0: 0.7713 (0.7831)  loss_bbox_enc_0: 0.0368 (0.0376)  loss_giou_enc_0: 0.4397 (0.4388)  loss_mal_dn_0: 0.6866 (0.6866)  loss_bbox_dn_0: 0.0338 (0.0338)  loss_giou_dn_0: 0.4056 (0.4056)  loss_fgl_dn_0: 1.2636 (1.2645)  loss_ddf_dn_0: 0.1265 (0.1253)  loss_mal_dn_1: 0.6145 (0.6104)  loss_bbox_dn_1: 0.0261 (0.0262)  loss_giou_dn_1: 0.3285 (0.3238)  loss_fgl_dn_1: 1.2209 (1.2251)  loss_ddf_dn_1: 0.0024 (0.0023)  loss_mal_dn_2: 0.6147 (0.6076)  loss_bbox_dn_2: 0.0260 (0.0261)  loss_giou_dn_2: 0.3282 (0.3227)  loss_fgl_dn_2: 1.2213 (1.2251)  loss_ddf_dn_2: -0.0000 (0.0000)  loss_mal_dn_pre: 0.6883 (0.6876)  loss_bbox_dn_pre: 0.0334 (0.0336)  loss_giou_dn_pre: 0.4024 (0.4039)  time: 0.5256  data: 0.0381  max mem: 5226
Epoch: [10/30]  [20/44]  eta: 0:00:13  lr: 0.000100  loss: 17.5389 (17.5763)  loss_mal: 0.6461 (0.6425)  loss_bbox: 0.0327 (0.0332)  loss_giou: 0.3908 (0.3964)  loss_fgl: 1.2607 (1.2638)  loss_mal_aux_0: 0.6986 (0.6983)  loss_bbox_aux_0: 0.0338 (0.0346)  loss_giou_aux_0: 0.3992 (0.4120)  loss_fgl_aux_0: 1.2696 (1.2725)  loss_ddf_aux_0: 0.0122 (0.0122)  loss_mal_aux_1: 0.6524 (0.6532)  loss_bbox_aux_1: 0.0324 (0.0332)  loss_giou_aux_1: 0.3956 (0.3958)  loss_fgl_aux_1: 1.2607 (1.2636)  loss_ddf_aux_1: 0.0007 (0.0007)  loss_mal_pre: 0.6979 (0.6993)  loss_bbox_pre: 0.0341 (0.0346)  loss_giou_pre: 0.4044 (0.4114)  loss_mal_enc_0: 0.7847 (0.7861)  loss_bbox_enc_0: 0.0369 (0.0381)  loss_giou_enc_0: 0.4468 (0.4504)  loss_mal_dn_0: 0.6866 (0.6899)  loss_bbox_dn_0: 0.0342 (0.0340)  loss_giou_dn_0: 0.4056 (0.4130)  loss_fgl_dn_0: 1.2666 (1.2704)  loss_ddf_dn_0: 0.1265 (0.1281)  loss_mal_dn_1: 0.6123 (0.6104)  loss_bbox_dn_1: 0.0255 (0.0258)  loss_giou_dn_1: 0.3285 (0.3239)  loss_fgl_dn_1: 1.2245 (1.2267)  loss_ddf_dn_1: 0.0024 (0.0025)  loss_mal_dn_2: 0.6126 (0.6077)  loss_bbox_dn_2: 0.0255 (0.0257)  loss_giou_dn_2: 0.3282 (0.3231)  loss_fgl_dn_2: 1.2241 (1.2264)  loss_ddf_dn_2: -0.0000 (0.0000)  loss_mal_dn_pre: 0.6883 (0.6909)  loss_bbox_dn_pre: 0.0343 (0.0338)  loss_giou_dn_pre: 0.4024 (0.4119)  time: 0.5431  data: 0.0161  max mem: 5226
Epoch: [10/30]  [30/44]  eta: 0:00:07  lr: 0.000100  loss: 17.4413 (17.6149)  loss_mal: 0.6461 (0.6423)  loss_bbox: 0.0343 (0.0340)  loss_giou: 0.3936 (0.3993)  loss_fgl: 1.2703 (1.2668)  loss_mal_aux_0: 0.6986 (0.7011)  loss_bbox_aux_0: 0.0355 (0.0352)  loss_giou_aux_0: 0.4111 (0.4127)  loss_fgl_aux_0: 1.2748 (1.2736)  loss_ddf_aux_0: 0.0126 (0.0123)  loss_mal_aux_1: 0.6586 (0.6521)  loss_bbox_aux_1: 0.0342 (0.0340)  loss_giou_aux_1: 0.3958 (0.3985)  loss_fgl_aux_1: 1.2705 (1.2668)  loss_ddf_aux_1: 0.0007 (0.0007)  loss_mal_pre: 0.6961 (0.7011)  loss_bbox_pre: 0.0356 (0.0351)  loss_giou_pre: 0.4118 (0.4115)  loss_mal_enc_0: 0.7827 (0.7838)  loss_bbox_enc_0: 0.0374 (0.0381)  loss_giou_enc_0: 0.4496 (0.4475)  loss_mal_dn_0: 0.6908 (0.6901)  loss_bbox_dn_0: 0.0342 (0.0343)  loss_giou_dn_0: 0.4122 (0.4158)  loss_fgl_dn_0: 1.2760 (1.2718)  loss_ddf_dn_0: 0.1303 (0.1310)  loss_mal_dn_1: 0.6154 (0.6121)  loss_bbox_dn_1: 0.0255 (0.0261)  loss_giou_dn_1: 0.3310 (0.3269)  loss_fgl_dn_1: 1.2312 (1.2290)  loss_ddf_dn_1: 0.0025 (0.0026)  loss_mal_dn_2: 0.6088 (0.6088)  loss_bbox_dn_2: 0.0255 (0.0260)  loss_giou_dn_2: 0.3295 (0.3256)  loss_fgl_dn_2: 1.2304 (1.2286)  loss_ddf_dn_2: -0.0000 (0.0000)  loss_mal_dn_pre: 0.6915 (0.6911)  loss_bbox_dn_pre: 0.0343 (0.0342)  loss_giou_dn_pre: 0.4108 (0.4146)  time: 0.5805  data: 0.0156  max mem: 5226
Epoch: [10/30]  [40/44]  eta: 0:00:02  lr: 0.000100  loss: 17.5453 (17.6467)  loss_mal: 0.6487 (0.6457)  loss_bbox: 0.0340 (0.0340)  loss_giou: 0.4002 (0.4028)  loss_fgl: 1.2698 (1.2654)  loss_mal_aux_0: 0.7031 (0.7048)  loss_bbox_aux_0: 0.0354 (0.0352)  loss_giou_aux_0: 0.4173 (0.4163)  loss_fgl_aux_0: 1.2728 (1.2720)  loss_ddf_aux_0: 0.0123 (0.0124)  loss_mal_aux_1: 0.6596 (0.6542)  loss_bbox_aux_1: 0.0340 (0.0341)  loss_giou_aux_1: 0.4021 (0.4026)  loss_fgl_aux_1: 1.2685 (1.2655)  loss_ddf_aux_1: 0.0007 (0.0007)  loss_mal_pre: 0.7053 (0.7046)  loss_bbox_pre: 0.0350 (0.0352)  loss_giou_pre: 0.4160 (0.4156)  loss_mal_enc_0: 0.7755 (0.7820)  loss_bbox_enc_0: 0.0382 (0.0381)  loss_giou_enc_0: 0.4378 (0.4502)  loss_mal_dn_0: 0.6903 (0.6911)  loss_bbox_dn_0: 0.0354 (0.0345)  loss_giou_dn_0: 0.4214 (0.4185)  loss_fgl_dn_0: 1.2699 (1.2703)  loss_ddf_dn_0: 0.1338 (0.1324)  loss_mal_dn_1: 0.6059 (0.6124)  loss_bbox_dn_1: 0.0265 (0.0260)  loss_giou_dn_1: 0.3303 (0.3280)  loss_fgl_dn_1: 1.2294 (1.2269)  loss_ddf_dn_1: 0.0027 (0.0027)  loss_mal_dn_2: 0.6033 (0.6093)  loss_bbox_dn_2: 0.0264 (0.0259)  loss_giou_dn_2: 0.3294 (0.3267)  loss_fgl_dn_2: 1.2298 (1.2266)  loss_ddf_dn_2: -0.0000 (0.0000)  loss_mal_dn_pre: 0.6914 (0.6922)  loss_bbox_dn_pre: 0.0351 (0.0344)  loss_giou_dn_pre: 0.4201 (0.4173)  time: 0.5709  data: 0.0155  max mem: 5226
Epoch: [10/30]  [43/44]  eta: 0:00:00  lr: 0.000100  loss: 17.7939 (17.6672)  loss_mal: 0.6499 (0.6472)  loss_bbox: 0.0355 (0.0341)  loss_giou: 0.4102 (0.4038)  loss_fgl: 1.2698 (1.2655)  loss_mal_aux_0: 0.7112 (0.7046)  loss_bbox_aux_0: 0.0365 (0.0353)  loss_giou_aux_0: 0.4226 (0.4171)  loss_fgl_aux_0: 1.2728 (1.2720)  loss_ddf_aux_0: 0.0126 (0.0124)  loss_mal_aux_1: 0.6596 (0.6550)  loss_bbox_aux_1: 0.0357 (0.0342)  loss_giou_aux_1: 0.4103 (0.4037)  loss_fgl_aux_1: 1.2685 (1.2657)  loss_ddf_aux_1: 0.0007 (0.0007)  loss_mal_pre: 0.7084 (0.7045)  loss_bbox_pre: 0.0368 (0.0353)  loss_giou_pre: 0.4257 (0.4164)  loss_mal_enc_0: 0.7791 (0.7822)  loss_bbox_enc_0: 0.0384 (0.0382)  loss_giou_enc_0: 0.4511 (0.4512)  loss_mal_dn_0: 0.6926 (0.6922)  loss_bbox_dn_0: 0.0360 (0.0347)  loss_giou_dn_0: 0.4291 (0.4201)  loss_fgl_dn_0: 1.2735 (1.2712)  loss_ddf_dn_0: 0.1356 (0.1328)  loss_mal_dn_1: 0.6207 (0.6133)  loss_bbox_dn_1: 0.0266 (0.0261)  loss_giou_dn_1: 0.3345 (0.3291)  loss_fgl_dn_1: 1.2319 (1.2278)  loss_ddf_dn_1: 0.0028 (0.0027)  loss_mal_dn_2: 0.6176 (0.6101)  loss_bbox_dn_2: 0.0264 (0.0260)  loss_giou_dn_2: 0.3317 (0.3277)  loss_fgl_dn_2: 1.2324 (1.2274)  loss_ddf_dn_2: -0.0000 (0.0000)  loss_mal_dn_pre: 0.6945 (0.6932)  loss_bbox_dn_pre: 0.0361 (0.0345)  loss_giou_dn_pre: 0.4289 (0.4189)  time: 0.5688  data: 0.0155  max mem: 5226
Epoch: [10/30] Total time: 0:00:24 (0.5625 s / it)
Averaged stats: lr: 0.000100  loss: 17.7939 (17.6672)  loss_mal: 0.6499 (0.6472)  loss_bbox: 0.0355 (0.0341)  loss_giou: 0.4102 (0.4038)  loss_fgl: 1.2698 (1.2655)  loss_mal_aux_0: 0.7112 (0.7046)  loss_bbox_aux_0: 0.0365 (0.0353)  loss_giou_aux_0: 0.4226 (0.4171)  loss_fgl_aux_0: 1.2728 (1.2720)  loss_ddf_aux_0: 0.0126 (0.0124)  loss_mal_aux_1: 0.6596 (0.6550)  loss_bbox_aux_1: 0.0357 (0.0342)  loss_giou_aux_1: 0.4103 (0.4037)  loss_fgl_aux_1: 1.2685 (1.2657)  loss_ddf_aux_1: 0.0007 (0.0007)  loss_mal_pre: 0.7084 (0.7045)  loss_bbox_pre: 0.0368 (0.0353)  loss_giou_pre: 0.4257 (0.4164)  loss_mal_enc_0: 0.7791 (0.7822)  loss_bbox_enc_0: 0.0384 (0.0382)  loss_giou_enc_0: 0.4511 (0.4512)  loss_mal_dn_0: 0.6926 (0.6922)  loss_bbox_dn_0: 0.0360 (0.0347)  loss_giou_dn_0: 0.4291 (0.4201)  loss_fgl_dn_0: 1.2735 (1.2712)  loss_ddf_dn_0: 0.1356 (0.1328)  loss_mal_dn_1: 0.6207 (0.6133)  loss_bbox_dn_1: 0.0266 (0.0261)  loss_giou_dn_1: 0.3345 (0.3291)  loss_fgl_dn_1: 1.2319 (1.2278)  loss_ddf_dn_1: 0.0028 (0.0027)  loss_mal_dn_2: 0.6176 (0.6101)  loss_bbox_dn_2: 0.0264 (0.0260)  loss_giou_dn_2: 0.3317 (0.3277)  loss_fgl_dn_2: 1.2324 (1.2274)  loss_ddf_dn_2: -0.0000 (0.0000)  loss_mal_dn_pre: 0.6945 (0.6932)  loss_bbox_dn_pre: 0.0361 (0.0345)  loss_giou_dn_pre: 0.4289 (0.4189)
Test:  [0/9]  eta: 0:00:03    time: 0.3842  data: 0.2372  max mem: 5226
Test:  [8/9]  eta: 0:00:00    time: 0.1745  data: 0.0409  max mem: 5226
Test: Total time: 0:00:01 (0.1799 s / it)
Metrics: {'f1': 0.9619377162629758, 'precision': 0.9586206896551724, 'recall': 0.9652777777777778, 'iou': 0.6548346249262492, 'TPs': 139, 'FPs': 6, 'FNs': 5}
Averaged stats: 
Accumulating evaluation results...
COCOeval_opt.accumulate() finished...
DONE (t=0.01s).
IoU metric: bbox
 Average Precision  (AP) @[ IoU=0.50:0.95 | area=   all | maxDets=100 ] = 0.349
 Average Precision  (AP) @[ IoU=0.50      | area=   all | maxDets=100 ] = 0.948
 Average Precision  (AP) @[ IoU=0.75      | area=   all | maxDets=100 ] = 0.156
 Average Precision  (AP) @[ IoU=0.50:0.95 | area= small | maxDets=100 ] = 0.350
 Average Precision  (AP) @[ IoU=0.50:0.95 | area=medium | maxDets=100 ] = -1.000
 Average Precision  (AP) @[ IoU=0.50:0.95 | area= large | maxDets=100 ] = -1.000
 Average Recall     (AR) @[ IoU=0.50:0.95 | area=   all | maxDets=  1 ] = 0.199
 Average Recall     (AR) @[ IoU=0.50:0.95 | area=   all | maxDets= 10 ] = 0.470
 Average Recall     (AR) @[ IoU=0.50:0.95 | area=   all | maxDets=100 ] = 0.584
 Average Recall     (AR) @[ IoU=0.50:0.95 | area= small | maxDets=100 ] = 0.584
 Average Recall     (AR) @[ IoU=0.50:0.95 | area=medium | maxDets=100 ] = -1.000
 Average Recall     (AR) @[ IoU=0.50:0.95 | area= large | maxDets=100 ] = -1.000
 Average Recall     (AR) @[ IoU=0.50      | area=   all | maxDets=100 ] = 0.972
 Average Recall     (AR) @[ IoU=0.75      | area=   all | maxDets=100 ] = 0.625
best_stat: {'epoch': 5, 'coco_eval_bbox': 0.37439849913602513}
Epoch: [11/30]  [ 0/44]  eta: 0:00:38  lr: 0.000100  loss: 18.2505 (18.2505)  loss_mal: 0.6638 (0.6638)  loss_bbox: 0.0355 (0.0355)  loss_giou: 0.4632 (0.4632)  loss_fgl: 1.2603 (1.2603)  loss_mal_aux_0: 0.6973 (0.6973)  loss_bbox_aux_0: 0.0365 (0.0365)  loss_giou_aux_0: 0.4697 (0.4697)  loss_fgl_aux_0: 1.2630 (1.2630)  loss_ddf_aux_0: 0.0131 (0.0131)  loss_mal_aux_1: 0.6710 (0.6710)  loss_bbox_aux_1: 0.0356 (0.0356)  loss_giou_aux_1: 0.4636 (0.4636)  loss_fgl_aux_1: 1.2612 (1.2612)  loss_ddf_aux_1: 0.0005 (0.0005)  loss_mal_pre: 0.6986 (0.6986)  loss_bbox_pre: 0.0365 (0.0365)  loss_giou_pre: 0.4719 (0.4719)  loss_mal_enc_0: 0.8071 (0.8071)  loss_bbox_enc_0: 0.0372 (0.0372)  loss_giou_enc_0: 0.4656 (0.4656)  loss_mal_dn_0: 0.7059 (0.7059)  loss_bbox_dn_0: 0.0344 (0.0344)  loss_giou_dn_0: 0.4754 (0.4754)  loss_fgl_dn_0: 1.2895 (1.2895)  loss_ddf_dn_0: 0.1359 (0.1359)  loss_mal_dn_1: 0.6375 (0.6375)  loss_bbox_dn_1: 0.0260 (0.0260)  loss_giou_dn_1: 0.3649 (0.3649)  loss_fgl_dn_1: 1.2436 (1.2436)  loss_ddf_dn_1: 0.0026 (0.0026)  loss_mal_dn_2: 0.6348 (0.6348)  loss_bbox_dn_2: 0.0260 (0.0260)  loss_giou_dn_2: 0.3637 (0.3637)  loss_fgl_dn_2: 1.2422 (1.2422)  loss_ddf_dn_2: -0.0000 (0.0000)  loss_mal_dn_pre: 0.7069 (0.7069)  loss_bbox_dn_pre: 0.0345 (0.0345)  loss_giou_dn_pre: 0.4756 (0.4756)  time: 0.8841  data: 0.2527  max mem: 5226
Epoch: [11/30]  [10/44]  eta: 0:00:17  lr: 0.000100  loss: 17.4137 (17.4166)  loss_mal: 0.6377 (0.6393)  loss_bbox: 0.0315 (0.0317)  loss_giou: 0.3660 (0.3789)  loss_fgl: 1.2596 (1.2569)  loss_mal_aux_0: 0.7236 (0.7159)  loss_bbox_aux_0: 0.0319 (0.0325)  loss_giou_aux_0: 0.3848 (0.3897)  loss_fgl_aux_0: 1.2630 (1.2620)  loss_ddf_aux_0: 0.0123 (0.0125)  loss_mal_aux_1: 0.6483 (0.6480)  loss_bbox_aux_1: 0.0315 (0.0317)  loss_giou_aux_1: 0.3685 (0.3803)  loss_fgl_aux_1: 1.2584 (1.2571)  loss_ddf_aux_1: 0.0006 (0.0007)  loss_mal_pre: 0.7206 (0.7136)  loss_bbox_pre: 0.0320 (0.0325)  loss_giou_pre: 0.3835 (0.3885)  loss_mal_enc_0: 0.7887 (0.7828)  loss_bbox_enc_0: 0.0359 (0.0355)  loss_giou_enc_0: 0.4113 (0.4188)  loss_mal_dn_0: 0.6861 (0.6876)  loss_bbox_dn_0: 0.0340 (0.0332)  loss_giou_dn_0: 0.4053 (0.4096)  loss_fgl_dn_0: 1.2686 (1.2706)  loss_ddf_dn_0: 0.1404 (0.1392)  loss_mal_dn_1: 0.6052 (0.6059)  loss_bbox_dn_1: 0.0250 (0.0249)  loss_giou_dn_1: 0.3167 (0.3167)  loss_fgl_dn_1: 1.2261 (1.2239)  loss_ddf_dn_1: 0.0036 (0.0033)  loss_mal_dn_2: 0.6014 (0.6013)  loss_bbox_dn_2: 0.0248 (0.0248)  loss_giou_dn_2: 0.3121 (0.3150)  loss_fgl_dn_2: 1.2232 (1.2224)  loss_ddf_dn_2: -0.0000 (0.0000)  loss_mal_dn_pre: 0.6888 (0.6887)  loss_bbox_dn_pre: 0.0335 (0.0330)  loss_giou_dn_pre: 0.4062 (0.4077)  time: 0.5254  data: 0.0375  max mem: 5226
Epoch: [11/30]  [20/44]  eta: 0:00:13  lr: 0.000100  loss: 17.3750 (17.4673)  loss_mal: 0.6377 (0.6408)  loss_bbox: 0.0315 (0.0330)  loss_giou: 0.3713 (0.3866)  loss_fgl: 1.2598 (1.2584)  loss_mal_aux_0: 0.7236 (0.7207)  loss_bbox_aux_0: 0.0319 (0.0338)  loss_giou_aux_0: 0.3848 (0.3958)  loss_fgl_aux_0: 1.2678 (1.2643)  loss_ddf_aux_0: 0.0128 (0.0130)  loss_mal_aux_1: 0.6462 (0.6508)  loss_bbox_aux_1: 0.0318 (0.0329)  loss_giou_aux_1: 0.3705 (0.3865)  loss_fgl_aux_1: 1.2586 (1.2586)  loss_ddf_aux_1: 0.0008 (0.0008)  loss_mal_pre: 0.7206 (0.7196)  loss_bbox_pre: 0.0321 (0.0338)  loss_giou_pre: 0.3835 (0.3948)  loss_mal_enc_0: 0.7650 (0.7716)  loss_bbox_enc_0: 0.0359 (0.0366)  loss_giou_enc_0: 0.4113 (0.4271)  loss_mal_dn_0: 0.6849 (0.6853)  loss_bbox_dn_0: 0.0333 (0.0338)  loss_giou_dn_0: 0.4037 (0.4074)  loss_fgl_dn_0: 1.2671 (1.2727)  loss_ddf_dn_0: 0.1431 (0.1380)  loss_mal_dn_1: 0.6044 (0.6039)  loss_bbox_dn_1: 0.0253 (0.0255)  loss_giou_dn_1: 0.3167 (0.3168)  loss_fgl_dn_1: 1.2260 (1.2271)  loss_ddf_dn_1: 0.0032 (0.0033)  loss_mal_dn_2: 0.6014 (0.6001)  loss_bbox_dn_2: 0.0250 (0.0254)  loss_giou_dn_2: 0.3121 (0.3155)  loss_fgl_dn_2: 1.2226 (1.2262)  loss_ddf_dn_2: -0.0000 (0.0000)  loss_mal_dn_pre: 0.6864 (0.6869)  loss_bbox_dn_pre: 0.0333 (0.0337)  loss_giou_dn_pre: 0.4009 (0.4061)  time: 0.5352  data: 0.0166  max mem: 5226
Epoch: [11/30]  [30/44]  eta: 0:00:07  lr: 0.000100  loss: 17.5672 (17.5697)  loss_mal: 0.6434 (0.6444)  loss_bbox: 0.0326 (0.0332)  loss_giou: 0.3956 (0.3934)  loss_fgl: 1.2649 (1.2630)  loss_mal_aux_0: 0.7122 (0.7188)  loss_bbox_aux_0: 0.0333 (0.0342)  loss_giou_aux_0: 0.4060 (0.4052)  loss_fgl_aux_0: 1.2695 (1.2674)  loss_ddf_aux_0: 0.0119 (0.0124)  loss_mal_aux_1: 0.6513 (0.6532)  loss_bbox_aux_1: 0.0326 (0.0332)  loss_giou_aux_1: 0.3923 (0.3933)  loss_fgl_aux_1: 1.2661 (1.2630)  loss_ddf_aux_1: 0.0006 (0.0007)  loss_mal_pre: 0.7111 (0.7180)  loss_bbox_pre: 0.0329 (0.0342)  loss_giou_pre: 0.4091 (0.4043)  loss_mal_enc_0: 0.7683 (0.7719)  loss_bbox_enc_0: 0.0365 (0.0370)  loss_giou_enc_0: 0.4294 (0.4361)  loss_mal_dn_0: 0.6892 (0.6873)  loss_bbox_dn_0: 0.0334 (0.0340)  loss_giou_dn_0: 0.4083 (0.4124)  loss_fgl_dn_0: 1.2719 (1.2718)  loss_ddf_dn_0: 0.1299 (0.1366)  loss_mal_dn_1: 0.6121 (0.6092)  loss_bbox_dn_1: 0.0256 (0.0259)  loss_giou_dn_1: 0.3333 (0.3252)  loss_fgl_dn_1: 1.2285 (1.2290)  loss_ddf_dn_1: 0.0032 (0.0033)  loss_mal_dn_2: 0.6135 (0.6060)  loss_bbox_dn_2: 0.0254 (0.0258)  loss_giou_dn_2: 0.3320 (0.3239)  loss_fgl_dn_2: 1.2300 (1.2284)  loss_ddf_dn_2: -0.0000 (0.0000)  loss_mal_dn_pre: 0.6909 (0.6889)  loss_bbox_dn_pre: 0.0333 (0.0339)  loss_giou_dn_pre: 0.4052 (0.4111)  time: 0.5754  data: 0.0161  max mem: 5226
Epoch: [11/30]  [40/44]  eta: 0:00:02  lr: 0.000100  loss: 17.5699 (17.5281)  loss_mal: 0.6434 (0.6419)  loss_bbox: 0.0330 (0.0331)  loss_giou: 0.3974 (0.3916)  loss_fgl: 1.2690 (1.2637)  loss_mal_aux_0: 0.7078 (0.7151)  loss_bbox_aux_0: 0.0342 (0.0342)  loss_giou_aux_0: 0.4076 (0.4040)  loss_fgl_aux_0: 1.2728 (1.2682)  loss_ddf_aux_0: 0.0117 (0.0124)  loss_mal_aux_1: 0.6495 (0.6498)  loss_bbox_aux_1: 0.0329 (0.0331)  loss_giou_aux_1: 0.3999 (0.3913)  loss_fgl_aux_1: 1.2683 (1.2637)  loss_ddf_aux_1: 0.0006 (0.0007)  loss_mal_pre: 0.7096 (0.7144)  loss_bbox_pre: 0.0341 (0.0341)  loss_giou_pre: 0.4102 (0.4032)  loss_mal_enc_0: 0.7730 (0.7735)  loss_bbox_enc_0: 0.0369 (0.0371)  loss_giou_enc_0: 0.4445 (0.4375)  loss_mal_dn_0: 0.6854 (0.6855)  loss_bbox_dn_0: 0.0338 (0.0338)  loss_giou_dn_0: 0.4033 (0.4092)  loss_fgl_dn_0: 1.2694 (1.2703)  loss_ddf_dn_0: 0.1330 (0.1363)  loss_mal_dn_1: 0.6120 (0.6061)  loss_bbox_dn_1: 0.0257 (0.0257)  loss_giou_dn_1: 0.3333 (0.3218)  loss_fgl_dn_1: 1.2284 (1.2275)  loss_ddf_dn_1: 0.0038 (0.0035)  loss_mal_dn_2: 0.6135 (0.6036)  loss_bbox_dn_2: 0.0259 (0.0257)  loss_giou_dn_2: 0.3320 (0.3208)  loss_fgl_dn_2: 1.2280 (1.2270)  loss_ddf_dn_2: -0.0000 (0.0000)  loss_mal_dn_pre: 0.6884 (0.6872)  loss_bbox_dn_pre: 0.0335 (0.0337)  loss_giou_dn_pre: 0.4034 (0.4079)  time: 0.5709  data: 0.0151  max mem: 5226
Epoch: [11/30]  [43/44]  eta: 0:00:00  lr: 0.000100  loss: 17.6148 (17.5543)  loss_mal: 0.6451 (0.6434)  loss_bbox: 0.0330 (0.0333)  loss_giou: 0.3974 (0.3936)  loss_fgl: 1.2683 (1.2636)  loss_mal_aux_0: 0.7047 (0.7147)  loss_bbox_aux_0: 0.0342 (0.0344)  loss_giou_aux_0: 0.4166 (0.4067)  loss_fgl_aux_0: 1.2726 (1.2679)  loss_ddf_aux_0: 0.0119 (0.0125)  loss_mal_aux_1: 0.6498 (0.6511)  loss_bbox_aux_1: 0.0329 (0.0332)  loss_giou_aux_1: 0.3999 (0.3935)  loss_fgl_aux_1: 1.2657 (1.2637)  loss_ddf_aux_1: 0.0006 (0.0007)  loss_mal_pre: 0.7074 (0.7141)  loss_bbox_pre: 0.0341 (0.0343)  loss_giou_pre: 0.4106 (0.4058)  loss_mal_enc_0: 0.7731 (0.7737)  loss_bbox_enc_0: 0.0369 (0.0373)  loss_giou_enc_0: 0.4445 (0.4401)  loss_mal_dn_0: 0.6854 (0.6870)  loss_bbox_dn_0: 0.0339 (0.0341)  loss_giou_dn_0: 0.4033 (0.4120)  loss_fgl_dn_0: 1.2694 (1.2695)  loss_ddf_dn_0: 0.1330 (0.1362)  loss_mal_dn_1: 0.6131 (0.6071)  loss_bbox_dn_1: 0.0257 (0.0258)  loss_giou_dn_1: 0.3266 (0.3230)  loss_fgl_dn_1: 1.2280 (1.2268)  loss_ddf_dn_1: 0.0038 (0.0035)  loss_mal_dn_2: 0.6112 (0.6046)  loss_bbox_dn_2: 0.0259 (0.0257)  loss_giou_dn_2: 0.3235 (0.3219)  loss_fgl_dn_2: 1.2275 (1.2262)  loss_ddf_dn_2: -0.0000 (0.0000)  loss_mal_dn_pre: 0.6884 (0.6887)  loss_bbox_dn_pre: 0.0338 (0.0339)  loss_giou_dn_pre: 0.4034 (0.4108)  time: 0.5687  data: 0.0150  max mem: 5226
Epoch: [11/30] Total time: 0:00:24 (0.5617 s / it)
Averaged stats: lr: 0.000100  loss: 17.6148 (17.5543)  loss_mal: 0.6451 (0.6434)  loss_bbox: 0.0330 (0.0333)  loss_giou: 0.3974 (0.3936)  loss_fgl: 1.2683 (1.2636)  loss_mal_aux_0: 0.7047 (0.7147)  loss_bbox_aux_0: 0.0342 (0.0344)  loss_giou_aux_0: 0.4166 (0.4067)  loss_fgl_aux_0: 1.2726 (1.2679)  loss_ddf_aux_0: 0.0119 (0.0125)  loss_mal_aux_1: 0.6498 (0.6511)  loss_bbox_aux_1: 0.0329 (0.0332)  loss_giou_aux_1: 0.3999 (0.3935)  loss_fgl_aux_1: 1.2657 (1.2637)  loss_ddf_aux_1: 0.0006 (0.0007)  loss_mal_pre: 0.7074 (0.7141)  loss_bbox_pre: 0.0341 (0.0343)  loss_giou_pre: 0.4106 (0.4058)  loss_mal_enc_0: 0.7731 (0.7737)  loss_bbox_enc_0: 0.0369 (0.0373)  loss_giou_enc_0: 0.4445 (0.4401)  loss_mal_dn_0: 0.6854 (0.6870)  loss_bbox_dn_0: 0.0339 (0.0341)  loss_giou_dn_0: 0.4033 (0.4120)  loss_fgl_dn_0: 1.2694 (1.2695)  loss_ddf_dn_0: 0.1330 (0.1362)  loss_mal_dn_1: 0.6131 (0.6071)  loss_bbox_dn_1: 0.0257 (0.0258)  loss_giou_dn_1: 0.3266 (0.3230)  loss_fgl_dn_1: 1.2280 (1.2268)  loss_ddf_dn_1: 0.0038 (0.0035)  loss_mal_dn_2: 0.6112 (0.6046)  loss_bbox_dn_2: 0.0259 (0.0257)  loss_giou_dn_2: 0.3235 (0.3219)  loss_fgl_dn_2: 1.2275 (1.2262)  loss_ddf_dn_2: -0.0000 (0.0000)  loss_mal_dn_pre: 0.6884 (0.6887)  loss_bbox_dn_pre: 0.0338 (0.0339)  loss_giou_dn_pre: 0.4034 (0.4108)
Test:  [0/9]  eta: 0:00:03    time: 0.3546  data: 0.2719  max mem: 5226
Test:  [8/9]  eta: 0:00:00    time: 0.1540  data: 0.0460  max mem: 5226
Test: Total time: 0:00:01 (0.1583 s / it)
Metrics: {'f1': 0.9757785467128027, 'precision': 0.9724137931034482, 'recall': 0.9791666666666666, 'iou': 0.670340466740969, 'TPs': 141, 'FPs': 4, 'FNs': 3}
Averaged stats: 
Accumulating evaluation results...
COCOeval_opt.accumulate() finished...
DONE (t=0.01s).
IoU metric: bbox
 Average Precision  (AP) @[ IoU=0.50:0.95 | area=   all | maxDets=100 ] = 0.348
 Average Precision  (AP) @[ IoU=0.50      | area=   all | maxDets=100 ] = 0.953
 Average Precision  (AP) @[ IoU=0.75      | area=   all | maxDets=100 ] = 0.151
 Average Precision  (AP) @[ IoU=0.50:0.95 | area= small | maxDets=100 ] = 0.348
 Average Precision  (AP) @[ IoU=0.50:0.95 | area=medium | maxDets=100 ] = -1.000
 Average Precision  (AP) @[ IoU=0.50:0.95 | area= large | maxDets=100 ] = -1.000
 Average Recall     (AR) @[ IoU=0.50:0.95 | area=   all | maxDets=  1 ] = 0.195
 Average Recall     (AR) @[ IoU=0.50:0.95 | area=   all | maxDets= 10 ] = 0.478
 Average Recall     (AR) @[ IoU=0.50:0.95 | area=   all | maxDets=100 ] = 0.582
 Average Recall     (AR) @[ IoU=0.50:0.95 | area= small | maxDets=100 ] = 0.582
 Average Recall     (AR) @[ IoU=0.50:0.95 | area=medium | maxDets=100 ] = -1.000
 Average Recall     (AR) @[ IoU=0.50:0.95 | area= large | maxDets=100 ] = -1.000
 Average Recall     (AR) @[ IoU=0.50      | area=   all | maxDets=100 ] = 0.979
 Average Recall     (AR) @[ IoU=0.75      | area=   all | maxDets=100 ] = 0.597
best_stat: {'epoch': 5, 'coco_eval_bbox': 0.37439849913602513}
Epoch: [12/30]  [ 0/44]  eta: 0:00:41  lr: 0.000100  loss: 17.3600 (17.3600)  loss_mal: 0.6267 (0.6267)  loss_bbox: 0.0309 (0.0309)  loss_giou: 0.3723 (0.3723)  loss_fgl: 1.2676 (1.2676)  loss_mal_aux_0: 0.7063 (0.7063)  loss_bbox_aux_0: 0.0321 (0.0321)  loss_giou_aux_0: 0.3886 (0.3886)  loss_fgl_aux_0: 1.2772 (1.2772)  loss_ddf_aux_0: 0.0139 (0.0139)  loss_mal_aux_1: 0.6356 (0.6356)  loss_bbox_aux_1: 0.0312 (0.0312)  loss_giou_aux_1: 0.3770 (0.3770)  loss_fgl_aux_1: 1.2690 (1.2690)  loss_ddf_aux_1: 0.0006 (0.0006)  loss_mal_pre: 0.7103 (0.7103)  loss_bbox_pre: 0.0322 (0.0322)  loss_giou_pre: 0.3882 (0.3882)  loss_mal_enc_0: 0.7610 (0.7610)  loss_bbox_enc_0: 0.0366 (0.0366)  loss_giou_enc_0: 0.4098 (0.4098)  loss_mal_dn_0: 0.6834 (0.6834)  loss_bbox_dn_0: 0.0336 (0.0336)  loss_giou_dn_0: 0.3978 (0.3978)  loss_fgl_dn_0: 1.2720 (1.2720)  loss_ddf_dn_0: 0.1296 (0.1296)  loss_mal_dn_1: 0.6105 (0.6105)  loss_bbox_dn_1: 0.0254 (0.0254)  loss_giou_dn_1: 0.3192 (0.3192)  loss_fgl_dn_1: 1.2291 (1.2291)  loss_ddf_dn_1: 0.0048 (0.0048)  loss_mal_dn_2: 0.6061 (0.6061)  loss_bbox_dn_2: 0.0251 (0.0251)  loss_giou_dn_2: 0.3149 (0.3149)  loss_fgl_dn_2: 1.2249 (1.2249)  loss_ddf_dn_2: -0.0000 (0.0000)  loss_mal_dn_pre: 0.6860 (0.6860)  loss_bbox_dn_pre: 0.0336 (0.0336)  loss_giou_dn_pre: 0.3967 (0.3967)  time: 0.9529  data: 0.2681  max mem: 5226
Epoch: [12/30]  [10/44]  eta: 0:00:17  lr: 0.000100  loss: 16.9493 (16.9883)  loss_mal: 0.6228 (0.6269)  loss_bbox: 0.0306 (0.0306)  loss_giou: 0.3605 (0.3594)  loss_fgl: 1.2473 (1.2503)  loss_mal_aux_0: 0.6747 (0.6868)  loss_bbox_aux_0: 0.0313 (0.0317)  loss_giou_aux_0: 0.3831 (0.3742)  loss_fgl_aux_0: 1.2571 (1.2565)  loss_ddf_aux_0: 0.0129 (0.0132)  loss_mal_aux_1: 0.6243 (0.6301)  loss_bbox_aux_1: 0.0303 (0.0306)  loss_giou_aux_1: 0.3631 (0.3604)  loss_fgl_aux_1: 1.2480 (1.2506)  loss_ddf_aux_1: 0.0006 (0.0007)  loss_mal_pre: 0.6731 (0.6882)  loss_bbox_pre: 0.0312 (0.0320)  loss_giou_pre: 0.3829 (0.3754)  loss_mal_enc_0: 0.7538 (0.7533)  loss_bbox_enc_0: 0.0354 (0.0355)  loss_giou_enc_0: 0.4098 (0.4145)  loss_mal_dn_0: 0.6628 (0.6696)  loss_bbox_dn_0: 0.0312 (0.0312)  loss_giou_dn_0: 0.3699 (0.3776)  loss_fgl_dn_0: 1.2526 (1.2593)  loss_ddf_dn_0: 0.1305 (0.1305)  loss_mal_dn_1: 0.5775 (0.5849)  loss_bbox_dn_1: 0.0235 (0.0237)  loss_giou_dn_1: 0.3001 (0.2957)  loss_fgl_dn_1: 1.2110 (1.2149)  loss_ddf_dn_1: 0.0047 (0.0048)  loss_mal_dn_2: 0.5738 (0.5832)  loss_bbox_dn_2: 0.0237 (0.0236)  loss_giou_dn_2: 0.2969 (0.2945)  loss_fgl_dn_2: 1.2099 (1.2141)  loss_ddf_dn_2: -0.0000 (0.0000)  loss_mal_dn_pre: 0.6648 (0.6720)  loss_bbox_dn_pre: 0.0314 (0.0311)  loss_giou_dn_pre: 0.3707 (0.3768)  time: 0.5234  data: 0.0371  max mem: 5226
Epoch: [12/30]  [20/44]  eta: 0:00:13  lr: 0.000100  loss: 17.0846 (17.2984)  loss_mal: 0.6296 (0.6403)  loss_bbox: 0.0299 (0.0312)  loss_giou: 0.3694 (0.3727)  loss_fgl: 1.2473 (1.2634)  loss_mal_aux_0: 0.6806 (0.7044)  loss_bbox_aux_0: 0.0313 (0.0328)  loss_giou_aux_0: 0.3891 (0.3935)  loss_fgl_aux_0: 1.2571 (1.2692)  loss_ddf_aux_0: 0.0129 (0.0136)  loss_mal_aux_1: 0.6346 (0.6455)  loss_bbox_aux_1: 0.0300 (0.0313)  loss_giou_aux_1: 0.3712 (0.3736)  loss_fgl_aux_1: 1.2480 (1.2637)  loss_ddf_aux_1: 0.0006 (0.0007)  loss_mal_pre: 0.6821 (0.7025)  loss_bbox_pre: 0.0312 (0.0327)  loss_giou_pre: 0.3882 (0.3917)  loss_mal_enc_0: 0.7552 (0.7631)  loss_bbox_enc_0: 0.0338 (0.0356)  loss_giou_enc_0: 0.4102 (0.4276)  loss_mal_dn_0: 0.6685 (0.6771)  loss_bbox_dn_0: 0.0318 (0.0321)  loss_giou_dn_0: 0.3907 (0.3931)  loss_fgl_dn_0: 1.2526 (1.2671)  loss_ddf_dn_0: 0.1277 (0.1302)  loss_mal_dn_1: 0.5879 (0.5966)  loss_bbox_dn_1: 0.0234 (0.0243)  loss_giou_dn_1: 0.3026 (0.3085)  loss_fgl_dn_1: 1.2110 (1.2246)  loss_ddf_dn_1: 0.0048 (0.0050)  loss_mal_dn_2: 0.5847 (0.5942)  loss_bbox_dn_2: 0.0231 (0.0241)  loss_giou_dn_2: 0.2997 (0.3065)  loss_fgl_dn_2: 1.2099 (1.2235)  loss_ddf_dn_2: -0.0000 (0.0000)  loss_mal_dn_pre: 0.6710 (0.6791)  loss_bbox_dn_pre: 0.0318 (0.0320)  loss_giou_dn_pre: 0.3909 (0.3917)  time: 0.5294  data: 0.0149  max mem: 5226
Epoch: [12/30]  [30/44]  eta: 0:00:07  lr: 0.000100  loss: 17.0862 (17.2564)  loss_mal: 0.6319 (0.6369)  loss_bbox: 0.0304 (0.0311)  loss_giou: 0.3677 (0.3700)  loss_fgl: 1.2519 (1.2594)  loss_mal_aux_0: 0.6877 (0.6982)  loss_bbox_aux_0: 0.0328 (0.0327)  loss_giou_aux_0: 0.3928 (0.3896)  loss_fgl_aux_0: 1.2634 (1.2669)  loss_ddf_aux_0: 0.0138 (0.0141)  loss_mal_aux_1: 0.6373 (0.6418)  loss_bbox_aux_1: 0.0303 (0.0311)  loss_giou_aux_1: 0.3693 (0.3710)  loss_fgl_aux_1: 1.2535 (1.2596)  loss_ddf_aux_1: 0.0006 (0.0007)  loss_mal_pre: 0.6900 (0.6973)  loss_bbox_pre: 0.0324 (0.0326)  loss_giou_pre: 0.3940 (0.3887)  loss_mal_enc_0: 0.7628 (0.7641)  loss_bbox_enc_0: 0.0358 (0.0358)  loss_giou_enc_0: 0.4146 (0.4259)  loss_mal_dn_0: 0.6793 (0.6764)  loss_bbox_dn_0: 0.0336 (0.0325)  loss_giou_dn_0: 0.3995 (0.3945)  loss_fgl_dn_0: 1.2596 (1.2656)  loss_ddf_dn_0: 0.1315 (0.1329)  loss_mal_dn_1: 0.6020 (0.5962)  loss_bbox_dn_1: 0.0240 (0.0245)  loss_giou_dn_1: 0.3162 (0.3088)  loss_fgl_dn_1: 1.2117 (1.2220)  loss_ddf_dn_1: 0.0052 (0.0052)  loss_mal_dn_2: 0.6037 (0.5941)  loss_bbox_dn_2: 0.0237 (0.0244)  loss_giou_dn_2: 0.3130 (0.3071)  loss_fgl_dn_2: 1.2121 (1.2212)  loss_ddf_dn_2: -0.0000 (0.0000)  loss_mal_dn_pre: 0.6812 (0.6784)  loss_bbox_dn_pre: 0.0330 (0.0323)  loss_giou_dn_pre: 0.3963 (0.3929)  time: 0.5799  data: 0.0159  max mem: 5226
Epoch: [12/30]  [40/44]  eta: 0:00:02  lr: 0.000100  loss: 17.1897 (17.3001)  loss_mal: 0.6313 (0.6363)  loss_bbox: 0.0305 (0.0315)  loss_giou: 0.3677 (0.3731)  loss_fgl: 1.2558 (1.2611)  loss_mal_aux_0: 0.6826 (0.6968)  loss_bbox_aux_0: 0.0328 (0.0331)  loss_giou_aux_0: 0.3840 (0.3915)  loss_fgl_aux_0: 1.2662 (1.2689)  loss_ddf_aux_0: 0.0148 (0.0144)  loss_mal_aux_1: 0.6370 (0.6407)  loss_bbox_aux_1: 0.0303 (0.0315)  loss_giou_aux_1: 0.3693 (0.3739)  loss_fgl_aux_1: 1.2538 (1.2611)  loss_ddf_aux_1: 0.0007 (0.0007)  loss_mal_pre: 0.6850 (0.6955)  loss_bbox_pre: 0.0327 (0.0330)  loss_giou_pre: 0.3833 (0.3906)  loss_mal_enc_0: 0.7640 (0.7662)  loss_bbox_enc_0: 0.0365 (0.0362)  loss_giou_enc_0: 0.4146 (0.4279)  loss_mal_dn_0: 0.6788 (0.6785)  loss_bbox_dn_0: 0.0328 (0.0328)  loss_giou_dn_0: 0.3991 (0.3964)  loss_fgl_dn_0: 1.2693 (1.2691)  loss_ddf_dn_0: 0.1342 (0.1337)  loss_mal_dn_1: 0.5960 (0.5977)  loss_bbox_dn_1: 0.0246 (0.0247)  loss_giou_dn_1: 0.3142 (0.3109)  loss_fgl_dn_1: 1.2181 (1.2248)  loss_ddf_dn_1: 0.0052 (0.0052)  loss_mal_dn_2: 0.5973 (0.5958)  loss_bbox_dn_2: 0.0245 (0.0246)  loss_giou_dn_2: 0.3130 (0.3094)  loss_fgl_dn_2: 1.2193 (1.2242)  loss_ddf_dn_2: -0.0000 (0.0000)  loss_mal_dn_pre: 0.6803 (0.6803)  loss_bbox_dn_pre: 0.0328 (0.0326)  loss_giou_dn_pre: 0.3997 (0.3949)  time: 0.5828  data: 0.0162  max mem: 5226
Epoch: [12/30]  [43/44]  eta: 0:00:00  lr: 0.000100  loss: 17.2888 (17.3006)  loss_mal: 0.6323 (0.6362)  loss_bbox: 0.0308 (0.0316)  loss_giou: 0.3749 (0.3742)  loss_fgl: 1.2519 (1.2610)  loss_mal_aux_0: 0.6813 (0.6954)  loss_bbox_aux_0: 0.0329 (0.0331)  loss_giou_aux_0: 0.3925 (0.3920)  loss_fgl_aux_0: 1.2662 (1.2687)  loss_ddf_aux_0: 0.0152 (0.0146)  loss_mal_aux_1: 0.6376 (0.6411)  loss_bbox_aux_1: 0.0305 (0.0317)  loss_giou_aux_1: 0.3739 (0.3753)  loss_fgl_aux_1: 1.2535 (1.2610)  loss_ddf_aux_1: 0.0007 (0.0007)  loss_mal_pre: 0.6819 (0.6942)  loss_bbox_pre: 0.0329 (0.0331)  loss_giou_pre: 0.3911 (0.3912)  loss_mal_enc_0: 0.7628 (0.7658)  loss_bbox_enc_0: 0.0365 (0.0362)  loss_giou_enc_0: 0.4146 (0.4285)  loss_mal_dn_0: 0.6806 (0.6785)  loss_bbox_dn_0: 0.0321 (0.0328)  loss_giou_dn_0: 0.4023 (0.3965)  loss_fgl_dn_0: 1.2704 (1.2691)  loss_ddf_dn_0: 0.1342 (0.1330)  loss_mal_dn_1: 0.5960 (0.5979)  loss_bbox_dn_1: 0.0246 (0.0247)  loss_giou_dn_1: 0.3100 (0.3111)  loss_fgl_dn_1: 1.2181 (1.2246)  loss_ddf_dn_1: 0.0052 (0.0051)  loss_mal_dn_2: 0.5973 (0.5957)  loss_bbox_dn_2: 0.0244 (0.0246)  loss_giou_dn_2: 0.3098 (0.3095)  loss_fgl_dn_2: 1.2193 (1.2240)  loss_ddf_dn_2: -0.0000 (0.0000)  loss_mal_dn_pre: 0.6820 (0.6803)  loss_bbox_dn_pre: 0.0321 (0.0326)  loss_giou_dn_pre: 0.4021 (0.3951)  time: 0.5787  data: 0.0159  max mem: 5226
Epoch: [12/30] Total time: 0:00:24 (0.5660 s / it)
Averaged stats: lr: 0.000100  loss: 17.2888 (17.3006)  loss_mal: 0.6323 (0.6362)  loss_bbox: 0.0308 (0.0316)  loss_giou: 0.3749 (0.3742)  loss_fgl: 1.2519 (1.2610)  loss_mal_aux_0: 0.6813 (0.6954)  loss_bbox_aux_0: 0.0329 (0.0331)  loss_giou_aux_0: 0.3925 (0.3920)  loss_fgl_aux_0: 1.2662 (1.2687)  loss_ddf_aux_0: 0.0152 (0.0146)  loss_mal_aux_1: 0.6376 (0.6411)  loss_bbox_aux_1: 0.0305 (0.0317)  loss_giou_aux_1: 0.3739 (0.3753)  loss_fgl_aux_1: 1.2535 (1.2610)  loss_ddf_aux_1: 0.0007 (0.0007)  loss_mal_pre: 0.6819 (0.6942)  loss_bbox_pre: 0.0329 (0.0331)  loss_giou_pre: 0.3911 (0.3912)  loss_mal_enc_0: 0.7628 (0.7658)  loss_bbox_enc_0: 0.0365 (0.0362)  loss_giou_enc_0: 0.4146 (0.4285)  loss_mal_dn_0: 0.6806 (0.6785)  loss_bbox_dn_0: 0.0321 (0.0328)  loss_giou_dn_0: 0.4023 (0.3965)  loss_fgl_dn_0: 1.2704 (1.2691)  loss_ddf_dn_0: 0.1342 (0.1330)  loss_mal_dn_1: 0.5960 (0.5979)  loss_bbox_dn_1: 0.0246 (0.0247)  loss_giou_dn_1: 0.3100 (0.3111)  loss_fgl_dn_1: 1.2181 (1.2246)  loss_ddf_dn_1: 0.0052 (0.0051)  loss_mal_dn_2: 0.5973 (0.5957)  loss_bbox_dn_2: 0.0244 (0.0246)  loss_giou_dn_2: 0.3098 (0.3095)  loss_fgl_dn_2: 1.2193 (1.2240)  loss_ddf_dn_2: -0.0000 (0.0000)  loss_mal_dn_pre: 0.6820 (0.6803)  loss_bbox_dn_pre: 0.0321 (0.0326)  loss_giou_dn_pre: 0.4021 (0.3951)
Test:  [0/9]  eta: 0:00:03    time: 0.3464  data: 0.2409  max mem: 5226
Test:  [8/9]  eta: 0:00:00    time: 0.1442  data: 0.0396  max mem: 5226
Test: Total time: 0:00:01 (0.1483 s / it)
Metrics: {'f1': 0.9724137931034483, 'precision': 0.9657534246575342, 'recall': 0.9791666666666666, 'iou': 0.6658380103591305, 'TPs': 141, 'FPs': 5, 'FNs': 3}
Averaged stats: 
Accumulating evaluation results...
COCOeval_opt.accumulate() finished...
DONE (t=0.01s).
IoU metric: bbox
 Average Precision  (AP) @[ IoU=0.50:0.95 | area=   all | maxDets=100 ] = 0.348
 Average Precision  (AP) @[ IoU=0.50      | area=   all | maxDets=100 ] = 0.949
 Average Precision  (AP) @[ IoU=0.75      | area=   all | maxDets=100 ] = 0.152
 Average Precision  (AP) @[ IoU=0.50:0.95 | area= small | maxDets=100 ] = 0.348
 Average Precision  (AP) @[ IoU=0.50:0.95 | area=medium | maxDets=100 ] = -1.000
 Average Precision  (AP) @[ IoU=0.50:0.95 | area= large | maxDets=100 ] = -1.000
 Average Recall     (AR) @[ IoU=0.50:0.95 | area=   all | maxDets=  1 ] = 0.194
 Average Recall     (AR) @[ IoU=0.50:0.95 | area=   all | maxDets= 10 ] = 0.478
 Average Recall     (AR) @[ IoU=0.50:0.95 | area=   all | maxDets=100 ] = 0.583
 Average Recall     (AR) @[ IoU=0.50:0.95 | area= small | maxDets=100 ] = 0.583
 Average Recall     (AR) @[ IoU=0.50:0.95 | area=medium | maxDets=100 ] = -1.000
 Average Recall     (AR) @[ IoU=0.50:0.95 | area= large | maxDets=100 ] = -1.000
 Average Recall     (AR) @[ IoU=0.50      | area=   all | maxDets=100 ] = 0.986
 Average Recall     (AR) @[ IoU=0.75      | area=   all | maxDets=100 ] = 0.590
best_stat: {'epoch': 5, 'coco_eval_bbox': 0.37439849913602513}
Epoch: [13/30]  [ 0/44]  eta: 0:00:37  lr: 0.000100  loss: 17.1635 (17.1635)  loss_mal: 0.6276 (0.6276)  loss_bbox: 0.0298 (0.0298)  loss_giou: 0.3608 (0.3608)  loss_fgl: 1.2559 (1.2559)  loss_mal_aux_0: 0.6997 (0.6997)  loss_bbox_aux_0: 0.0331 (0.0331)  loss_giou_aux_0: 0.4047 (0.4047)  loss_fgl_aux_0: 1.2723 (1.2723)  loss_ddf_aux_0: 0.0164 (0.0164)  loss_mal_aux_1: 0.6437 (0.6437)  loss_bbox_aux_1: 0.0296 (0.0296)  loss_giou_aux_1: 0.3580 (0.3580)  loss_fgl_aux_1: 1.2575 (1.2575)  loss_ddf_aux_1: 0.0007 (0.0007)  loss_mal_pre: 0.7024 (0.7024)  loss_bbox_pre: 0.0334 (0.0334)  loss_giou_pre: 0.4071 (0.4071)  loss_mal_enc_0: 0.7702 (0.7702)  loss_bbox_enc_0: 0.0404 (0.0404)  loss_giou_enc_0: 0.4818 (0.4818)  loss_mal_dn_0: 0.6664 (0.6664)  loss_bbox_dn_0: 0.0305 (0.0305)  loss_giou_dn_0: 0.3758 (0.3758)  loss_fgl_dn_0: 1.2688 (1.2688)  loss_ddf_dn_0: 0.1182 (0.1182)  loss_mal_dn_1: 0.5694 (0.5694)  loss_bbox_dn_1: 0.0225 (0.0225)  loss_giou_dn_1: 0.2833 (0.2833)  loss_fgl_dn_1: 1.2225 (1.2225)  loss_ddf_dn_1: 0.0036 (0.0036)  loss_mal_dn_2: 0.5751 (0.5751)  loss_bbox_dn_2: 0.0227 (0.0227)  loss_giou_dn_2: 0.2848 (0.2848)  loss_fgl_dn_2: 1.2225 (1.2225)  loss_ddf_dn_2: -0.0000 (0.0000)  loss_mal_dn_pre: 0.6683 (0.6683)  loss_bbox_dn_pre: 0.0303 (0.0303)  loss_giou_dn_pre: 0.3737 (0.3737)  time: 0.8415  data: 0.2785  max mem: 5226
Epoch: [13/30]  [10/44]  eta: 0:00:17  lr: 0.000100  loss: 16.8346 (16.8014)  loss_mal: 0.6103 (0.6134)  loss_bbox: 0.0298 (0.0290)  loss_giou: 0.3427 (0.3394)  loss_fgl: 1.2503 (1.2496)  loss_mal_aux_0: 0.6686 (0.6652)  loss_bbox_aux_0: 0.0307 (0.0308)  loss_giou_aux_0: 0.3676 (0.3618)  loss_fgl_aux_0: 1.2630 (1.2610)  loss_ddf_aux_0: 0.0164 (0.0162)  loss_mal_aux_1: 0.6120 (0.6189)  loss_bbox_aux_1: 0.0296 (0.0290)  loss_giou_aux_1: 0.3467 (0.3399)  loss_fgl_aux_1: 1.2503 (1.2498)  loss_ddf_aux_1: 0.0007 (0.0008)  loss_mal_pre: 0.6692 (0.6660)  loss_bbox_pre: 0.0311 (0.0308)  loss_giou_pre: 0.3653 (0.3614)  loss_mal_enc_0: 0.7477 (0.7574)  loss_bbox_enc_0: 0.0356 (0.0342)  loss_giou_enc_0: 0.4046 (0.4079)  loss_mal_dn_0: 0.6664 (0.6675)  loss_bbox_dn_0: 0.0305 (0.0315)  loss_giou_dn_0: 0.3758 (0.3767)  loss_fgl_dn_0: 1.2530 (1.2586)  loss_ddf_dn_0: 0.1421 (0.1389)  loss_mal_dn_1: 0.5788 (0.5775)  loss_bbox_dn_1: 0.0228 (0.0231)  loss_giou_dn_1: 0.2833 (0.2848)  loss_fgl_dn_1: 1.2089 (1.2091)  loss_ddf_dn_1: 0.0051 (0.0051)  loss_mal_dn_2: 0.5791 (0.5756)  loss_bbox_dn_2: 0.0227 (0.0230)  loss_giou_dn_2: 0.2833 (0.2832)  loss_fgl_dn_2: 1.2096 (1.2088)  loss_ddf_dn_2: -0.0000 (0.0000)  loss_mal_dn_pre: 0.6683 (0.6699)  loss_bbox_dn_pre: 0.0303 (0.0311)  loss_giou_dn_pre: 0.3737 (0.3747)  time: 0.5015  data: 0.0389  max mem: 5226
Epoch: [13/30]  [20/44]  eta: 0:00:12  lr: 0.000100  loss: 16.8666 (16.9282)  loss_mal: 0.6145 (0.6224)  loss_bbox: 0.0282 (0.0290)  loss_giou: 0.3456 (0.3466)  loss_fgl: 1.2586 (1.2565)  loss_mal_aux_0: 0.6731 (0.6809)  loss_bbox_aux_0: 0.0301 (0.0304)  loss_giou_aux_0: 0.3676 (0.3673)  loss_fgl_aux_0: 1.2648 (1.2644)  loss_ddf_aux_0: 0.0163 (0.0161)  loss_mal_aux_1: 0.6282 (0.6277)  loss_bbox_aux_1: 0.0281 (0.0290)  loss_giou_aux_1: 0.3462 (0.3468)  loss_fgl_aux_1: 1.2591 (1.2562)  loss_ddf_aux_1: 0.0007 (0.0007)  loss_mal_pre: 0.6736 (0.6810)  loss_bbox_pre: 0.0300 (0.0304)  loss_giou_pre: 0.3665 (0.3671)  loss_mal_enc_0: 0.7477 (0.7570)  loss_bbox_enc_0: 0.0332 (0.0336)  loss_giou_enc_0: 0.4065 (0.4072)  loss_mal_dn_0: 0.6701 (0.6707)  loss_bbox_dn_0: 0.0324 (0.0311)  loss_giou_dn_0: 0.3694 (0.3795)  loss_fgl_dn_0: 1.2587 (1.2627)  loss_ddf_dn_0: 0.1334 (0.1302)  loss_mal_dn_1: 0.5830 (0.5827)  loss_bbox_dn_1: 0.0229 (0.0232)  loss_giou_dn_1: 0.2880 (0.2901)  loss_fgl_dn_1: 1.2143 (1.2141)  loss_ddf_dn_1: 0.0046 (0.0045)  loss_mal_dn_2: 0.5803 (0.5807)  loss_bbox_dn_2: 0.0228 (0.0231)  loss_giou_dn_2: 0.2872 (0.2891)  loss_fgl_dn_2: 1.2140 (1.2143)  loss_ddf_dn_2: -0.0000 (0.0000)  loss_mal_dn_pre: 0.6727 (0.6730)  loss_bbox_dn_pre: 0.0318 (0.0309)  loss_giou_dn_pre: 0.3712 (0.3781)  time: 0.5228  data: 0.0150  max mem: 5226
Epoch: [13/30]  [30/44]  eta: 0:00:07  lr: 0.000100  loss: 17.0373 (16.9489)  loss_mal: 0.6173 (0.6227)  loss_bbox: 0.0290 (0.0294)  loss_giou: 0.3473 (0.3491)  loss_fgl: 1.2619 (1.2576)  loss_mal_aux_0: 0.6907 (0.6826)  loss_bbox_aux_0: 0.0300 (0.0307)  loss_giou_aux_0: 0.3693 (0.3677)  loss_fgl_aux_0: 1.2648 (1.2658)  loss_ddf_aux_0: 0.0164 (0.0163)  loss_mal_aux_1: 0.6347 (0.6282)  loss_bbox_aux_1: 0.0293 (0.0294)  loss_giou_aux_1: 0.3462 (0.3492)  loss_fgl_aux_1: 1.2627 (1.2574)  loss_ddf_aux_1: 0.0006 (0.0007)  loss_mal_pre: 0.6892 (0.6826)  loss_bbox_pre: 0.0299 (0.0307)  loss_giou_pre: 0.3665 (0.3672)  loss_mal_enc_0: 0.7486 (0.7531)  loss_bbox_enc_0: 0.0332 (0.0342)  loss_giou_enc_0: 0.4166 (0.4093)  loss_mal_dn_0: 0.6690 (0.6699)  loss_bbox_dn_0: 0.0307 (0.0312)  loss_giou_dn_0: 0.3694 (0.3783)  loss_fgl_dn_0: 1.2587 (1.2636)  loss_ddf_dn_0: 0.1274 (0.1301)  loss_mal_dn_1: 0.5837 (0.5841)  loss_bbox_dn_1: 0.0229 (0.0235)  loss_giou_dn_1: 0.2886 (0.2921)  loss_fgl_dn_1: 1.2202 (1.2155)  loss_ddf_dn_1: 0.0041 (0.0045)  loss_mal_dn_2: 0.5812 (0.5819)  loss_bbox_dn_2: 0.0228 (0.0234)  loss_giou_dn_2: 0.2885 (0.2912)  loss_fgl_dn_2: 1.2202 (1.2157)  loss_ddf_dn_2: -0.0000 (0.0000)  loss_mal_dn_pre: 0.6700 (0.6721)  loss_bbox_dn_pre: 0.0306 (0.0310)  loss_giou_dn_pre: 0.3712 (0.3769)  time: 0.5986  data: 0.0149  max mem: 5226
Epoch: [13/30]  [40/44]  eta: 0:00:02  lr: 0.000100  loss: 16.9277 (16.9427)  loss_mal: 0.6173 (0.6237)  loss_bbox: 0.0293 (0.0294)  loss_giou: 0.3429 (0.3492)  loss_fgl: 1.2469 (1.2542)  loss_mal_aux_0: 0.6909 (0.6860)  loss_bbox_aux_0: 0.0301 (0.0307)  loss_giou_aux_0: 0.3582 (0.3664)  loss_fgl_aux_0: 1.2601 (1.2628)  loss_ddf_aux_0: 0.0146 (0.0156)  loss_mal_aux_1: 0.6305 (0.6289)  loss_bbox_aux_1: 0.0293 (0.0294)  loss_giou_aux_1: 0.3424 (0.3494)  loss_fgl_aux_1: 1.2462 (1.2541)  loss_ddf_aux_1: 0.0006 (0.0007)  loss_mal_pre: 0.6928 (0.6857)  loss_bbox_pre: 0.0299 (0.0306)  loss_giou_pre: 0.3581 (0.3661)  loss_mal_enc_0: 0.7615 (0.7563)  loss_bbox_enc_0: 0.0341 (0.0340)  loss_giou_enc_0: 0.4129 (0.4062)  loss_mal_dn_0: 0.6641 (0.6696)  loss_bbox_dn_0: 0.0307 (0.0313)  loss_giou_dn_0: 0.3692 (0.3781)  loss_fgl_dn_0: 1.2608 (1.2640)  loss_ddf_dn_0: 0.1247 (0.1281)  loss_mal_dn_1: 0.5837 (0.5836)  loss_bbox_dn_1: 0.0232 (0.0235)  loss_giou_dn_1: 0.2967 (0.2925)  loss_fgl_dn_1: 1.2115 (1.2156)  loss_ddf_dn_1: 0.0040 (0.0043)  loss_mal_dn_2: 0.5812 (0.5820)  loss_bbox_dn_2: 0.0229 (0.0234)  loss_giou_dn_2: 0.2963 (0.2916)  loss_fgl_dn_2: 1.2085 (1.2157)  loss_ddf_dn_2: -0.0000 (0.0000)  loss_mal_dn_pre: 0.6689 (0.6720)  loss_bbox_dn_pre: 0.0306 (0.0311)  loss_giou_dn_pre: 0.3703 (0.3770)  time: 0.6012  data: 0.0156  max mem: 5226
Epoch: [13/30]  [43/44]  eta: 0:00:00  lr: 0.000100  loss: 16.7597 (16.9311)  loss_mal: 0.6113 (0.6222)  loss_bbox: 0.0290 (0.0294)  loss_giou: 0.3417 (0.3484)  loss_fgl: 1.2449 (1.2547)  loss_mal_aux_0: 0.6909 (0.6839)  loss_bbox_aux_0: 0.0301 (0.0307)  loss_giou_aux_0: 0.3558 (0.3659)  loss_fgl_aux_0: 1.2597 (1.2629)  loss_ddf_aux_0: 0.0141 (0.0156)  loss_mal_aux_1: 0.6167 (0.6269)  loss_bbox_aux_1: 0.0293 (0.0294)  loss_giou_aux_1: 0.3416 (0.3487)  loss_fgl_aux_1: 1.2457 (1.2545)  loss_ddf_aux_1: 0.0006 (0.0007)  loss_mal_pre: 0.6928 (0.6838)  loss_bbox_pre: 0.0299 (0.0307)  loss_giou_pre: 0.3561 (0.3656)  loss_mal_enc_0: 0.7613 (0.7570)  loss_bbox_enc_0: 0.0341 (0.0340)  loss_giou_enc_0: 0.4119 (0.4064)  loss_mal_dn_0: 0.6596 (0.6686)  loss_bbox_dn_0: 0.0302 (0.0313)  loss_giou_dn_0: 0.3679 (0.3776)  loss_fgl_dn_0: 1.2608 (1.2643)  loss_ddf_dn_0: 0.1247 (0.1280)  loss_mal_dn_1: 0.5753 (0.5830)  loss_bbox_dn_1: 0.0229 (0.0235)  loss_giou_dn_1: 0.2832 (0.2923)  loss_fgl_dn_1: 1.2115 (1.2160)  loss_ddf_dn_1: 0.0038 (0.0043)  loss_mal_dn_2: 0.5743 (0.5814)  loss_bbox_dn_2: 0.0228 (0.0234)  loss_giou_dn_2: 0.2821 (0.2913)  loss_fgl_dn_2: 1.2085 (1.2160)  loss_ddf_dn_2: -0.0000 (0.0000)  loss_mal_dn_pre: 0.6608 (0.6710)  loss_bbox_dn_pre: 0.0298 (0.0311)  loss_giou_dn_pre: 0.3690 (0.3766)  time: 0.5943  data: 0.0156  max mem: 5226
Epoch: [13/30] Total time: 0:00:25 (0.5700 s / it)
Averaged stats: lr: 0.000100  loss: 16.7597 (16.9311)  loss_mal: 0.6113 (0.6222)  loss_bbox: 0.0290 (0.0294)  loss_giou: 0.3417 (0.3484)  loss_fgl: 1.2449 (1.2547)  loss_mal_aux_0: 0.6909 (0.6839)  loss_bbox_aux_0: 0.0301 (0.0307)  loss_giou_aux_0: 0.3558 (0.3659)  loss_fgl_aux_0: 1.2597 (1.2629)  loss_ddf_aux_0: 0.0141 (0.0156)  loss_mal_aux_1: 0.6167 (0.6269)  loss_bbox_aux_1: 0.0293 (0.0294)  loss_giou_aux_1: 0.3416 (0.3487)  loss_fgl_aux_1: 1.2457 (1.2545)  loss_ddf_aux_1: 0.0006 (0.0007)  loss_mal_pre: 0.6928 (0.6838)  loss_bbox_pre: 0.0299 (0.0307)  loss_giou_pre: 0.3561 (0.3656)  loss_mal_enc_0: 0.7613 (0.7570)  loss_bbox_enc_0: 0.0341 (0.0340)  loss_giou_enc_0: 0.4119 (0.4064)  loss_mal_dn_0: 0.6596 (0.6686)  loss_bbox_dn_0: 0.0302 (0.0313)  loss_giou_dn_0: 0.3679 (0.3776)  loss_fgl_dn_0: 1.2608 (1.2643)  loss_ddf_dn_0: 0.1247 (0.1280)  loss_mal_dn_1: 0.5753 (0.5830)  loss_bbox_dn_1: 0.0229 (0.0235)  loss_giou_dn_1: 0.2832 (0.2923)  loss_fgl_dn_1: 1.2115 (1.2160)  loss_ddf_dn_1: 0.0038 (0.0043)  loss_mal_dn_2: 0.5743 (0.5814)  loss_bbox_dn_2: 0.0228 (0.0234)  loss_giou_dn_2: 0.2821 (0.2913)  loss_fgl_dn_2: 1.2085 (1.2160)  loss_ddf_dn_2: -0.0000 (0.0000)  loss_mal_dn_pre: 0.6608 (0.6710)  loss_bbox_dn_pre: 0.0298 (0.0311)  loss_giou_dn_pre: 0.3690 (0.3766)
Test:  [0/9]  eta: 0:00:03    time: 0.3850  data: 0.2830  max mem: 5226
Test:  [8/9]  eta: 0:00:00    time: 0.1484  data: 0.0436  max mem: 5226
Test: Total time: 0:00:01 (0.1524 s / it)
Metrics: {'f1': 0.9724137931034483, 'precision': 0.9657534246575342, 'recall': 0.9791666666666666, 'iou': 0.6655553855351953, 'TPs': 141, 'FPs': 5, 'FNs': 3}
Averaged stats: 
Accumulating evaluation results...
COCOeval_opt.accumulate() finished...
DONE (t=0.01s).
IoU metric: bbox
 Average Precision  (AP) @[ IoU=0.50:0.95 | area=   all | maxDets=100 ] = 0.350
 Average Precision  (AP) @[ IoU=0.50      | area=   all | maxDets=100 ] = 0.956
 Average Precision  (AP) @[ IoU=0.75      | area=   all | maxDets=100 ] = 0.148
 Average Precision  (AP) @[ IoU=0.50:0.95 | area= small | maxDets=100 ] = 0.351
 Average Precision  (AP) @[ IoU=0.50:0.95 | area=medium | maxDets=100 ] = -1.000
 Average Precision  (AP) @[ IoU=0.50:0.95 | area= large | maxDets=100 ] = -1.000
 Average Recall     (AR) @[ IoU=0.50:0.95 | area=   all | maxDets=  1 ] = 0.197
 Average Recall     (AR) @[ IoU=0.50:0.95 | area=   all | maxDets= 10 ] = 0.477
 Average Recall     (AR) @[ IoU=0.50:0.95 | area=   all | maxDets=100 ] = 0.578
 Average Recall     (AR) @[ IoU=0.50:0.95 | area= small | maxDets=100 ] = 0.578
 Average Recall     (AR) @[ IoU=0.50:0.95 | area=medium | maxDets=100 ] = -1.000
 Average Recall     (AR) @[ IoU=0.50:0.95 | area= large | maxDets=100 ] = -1.000
 Average Recall     (AR) @[ IoU=0.50      | area=   all | maxDets=100 ] = 0.986
 Average Recall     (AR) @[ IoU=0.75      | area=   all | maxDets=100 ] = 0.583
best_stat: {'epoch': 5, 'coco_eval_bbox': 0.37439849913602513}
Epoch: [14/30]  [ 0/44]  eta: 0:00:35  lr: 0.000100  loss: 17.0877 (17.0877)  loss_mal: 0.6300 (0.6300)  loss_bbox: 0.0331 (0.0331)  loss_giou: 0.3509 (0.3509)  loss_fgl: 1.2736 (1.2736)  loss_mal_aux_0: 0.6458 (0.6458)  loss_bbox_aux_0: 0.0349 (0.0349)  loss_giou_aux_0: 0.3732 (0.3732)  loss_fgl_aux_0: 1.2746 (1.2746)  loss_ddf_aux_0: 0.0198 (0.0198)  loss_mal_aux_1: 0.6345 (0.6345)  loss_bbox_aux_1: 0.0329 (0.0329)  loss_giou_aux_1: 0.3516 (0.3516)  loss_fgl_aux_1: 1.2721 (1.2721)  loss_ddf_aux_1: 0.0011 (0.0011)  loss_mal_pre: 0.6474 (0.6474)  loss_bbox_pre: 0.0351 (0.0351)  loss_giou_pre: 0.3740 (0.3740)  loss_mal_enc_0: 0.7946 (0.7946)  loss_bbox_enc_0: 0.0398 (0.0398)  loss_giou_enc_0: 0.4230 (0.4230)  loss_mal_dn_0: 0.6668 (0.6668)  loss_bbox_dn_0: 0.0338 (0.0338)  loss_giou_dn_0: 0.3775 (0.3775)  loss_fgl_dn_0: 1.2785 (1.2785)  loss_ddf_dn_0: 0.1483 (0.1483)  loss_mal_dn_1: 0.5812 (0.5812)  loss_bbox_dn_1: 0.0250 (0.0250)  loss_giou_dn_1: 0.2913 (0.2913)  loss_fgl_dn_1: 1.2300 (1.2300)  loss_ddf_dn_1: 0.0052 (0.0052)  loss_mal_dn_2: 0.5815 (0.5815)  loss_bbox_dn_2: 0.0251 (0.0251)  loss_giou_dn_2: 0.2917 (0.2917)  loss_fgl_dn_2: 1.2308 (1.2308)  loss_ddf_dn_2: -0.0000 (0.0000)  loss_mal_dn_pre: 0.6686 (0.6686)  loss_bbox_dn_pre: 0.0337 (0.0337)  loss_giou_dn_pre: 0.3766 (0.3766)  time: 0.7999  data: 0.2454  max mem: 5226
Epoch: [14/30]  [10/44]  eta: 0:00:17  lr: 0.000100  loss: 16.1706 (16.3703)  loss_mal: 0.5800 (0.6008)  loss_bbox: 0.0239 (0.0271)  loss_giou: 0.3061 (0.3227)  loss_fgl: 1.2345 (1.2384)  loss_mal_aux_0: 0.6374 (0.6480)  loss_bbox_aux_0: 0.0255 (0.0280)  loss_giou_aux_0: 0.3219 (0.3332)  loss_fgl_aux_0: 1.2408 (1.2451)  loss_ddf_aux_0: 0.0138 (0.0148)  loss_mal_aux_1: 0.5923 (0.6049)  loss_bbox_aux_1: 0.0236 (0.0270)  loss_giou_aux_1: 0.3043 (0.3228)  loss_fgl_aux_1: 1.2323 (1.2386)  loss_ddf_aux_1: 0.0006 (0.0007)  loss_mal_pre: 0.6386 (0.6474)  loss_bbox_pre: 0.0253 (0.0279)  loss_giou_pre: 0.3218 (0.3314)  loss_mal_enc_0: 0.7448 (0.7498)  loss_bbox_enc_0: 0.0322 (0.0319)  loss_giou_enc_0: 0.3820 (0.3793)  loss_mal_dn_0: 0.6503 (0.6491)  loss_bbox_dn_0: 0.0259 (0.0286)  loss_giou_dn_0: 0.3363 (0.3444)  loss_fgl_dn_0: 1.2443 (1.2495)  loss_ddf_dn_0: 0.1136 (0.1148)  loss_mal_dn_1: 0.5638 (0.5673)  loss_bbox_dn_1: 0.0205 (0.0223)  loss_giou_dn_1: 0.2680 (0.2753)  loss_fgl_dn_1: 1.2013 (1.2057)  loss_ddf_dn_1: 0.0030 (0.0034)  loss_mal_dn_2: 0.5552 (0.5649)  loss_bbox_dn_2: 0.0205 (0.0222)  loss_giou_dn_2: 0.2677 (0.2741)  loss_fgl_dn_2: 1.2014 (1.2050)  loss_ddf_dn_2: -0.0000 (0.0000)  loss_mal_dn_pre: 0.6529 (0.6520)  loss_bbox_dn_pre: 0.0261 (0.0286)  loss_giou_dn_pre: 0.3371 (0.3436)  time: 0.5292  data: 0.0378  max mem: 5226
Epoch: [14/30]  [20/44]  eta: 0:00:13  lr: 0.000100  loss: 16.6936 (16.5523)  loss_mal: 0.6112 (0.6030)  loss_bbox: 0.0282 (0.0278)  loss_giou: 0.3304 (0.3296)  loss_fgl: 1.2351 (1.2410)  loss_mal_aux_0: 0.6639 (0.6622)  loss_bbox_aux_0: 0.0298 (0.0290)  loss_giou_aux_0: 0.3397 (0.3425)  loss_fgl_aux_0: 1.2425 (1.2491)  loss_ddf_aux_0: 0.0151 (0.0155)  loss_mal_aux_1: 0.6126 (0.6066)  loss_bbox_aux_1: 0.0281 (0.0277)  loss_giou_aux_1: 0.3300 (0.3293)  loss_fgl_aux_1: 1.2357 (1.2413)  loss_ddf_aux_1: 0.0006 (0.0006)  loss_mal_pre: 0.6641 (0.6617)  loss_bbox_pre: 0.0295 (0.0289)  loss_giou_pre: 0.3438 (0.3413)  loss_mal_enc_0: 0.7448 (0.7519)  loss_bbox_enc_0: 0.0313 (0.0323)  loss_giou_enc_0: 0.3735 (0.3825)  loss_mal_dn_0: 0.6624 (0.6583)  loss_bbox_dn_0: 0.0307 (0.0300)  loss_giou_dn_0: 0.3618 (0.3579)  loss_fgl_dn_0: 1.2495 (1.2583)  loss_ddf_dn_0: 0.1152 (0.1187)  loss_mal_dn_1: 0.5733 (0.5721)  loss_bbox_dn_1: 0.0234 (0.0230)  loss_giou_dn_1: 0.2806 (0.2811)  loss_fgl_dn_1: 1.2078 (1.2123)  loss_ddf_dn_1: 0.0034 (0.0036)  loss_mal_dn_2: 0.5716 (0.5705)  loss_bbox_dn_2: 0.0232 (0.0230)  loss_giou_dn_2: 0.2806 (0.2804)  loss_fgl_dn_2: 1.2082 (1.2120)  loss_ddf_dn_2: -0.0000 (0.0000)  loss_mal_dn_pre: 0.6652 (0.6608)  loss_bbox_dn_pre: 0.0305 (0.0299)  loss_giou_dn_pre: 0.3599 (0.3566)  time: 0.5393  data: 0.0165  max mem: 5226
Epoch: [14/30]  [30/44]  eta: 0:00:07  lr: 0.000100  loss: 16.6936 (16.5569)  loss_mal: 0.6112 (0.6046)  loss_bbox: 0.0283 (0.0278)  loss_giou: 0.3422 (0.3297)  loss_fgl: 1.2359 (1.2420)  loss_mal_aux_0: 0.6626 (0.6631)  loss_bbox_aux_0: 0.0299 (0.0290)  loss_giou_aux_0: 0.3418 (0.3417)  loss_fgl_aux_0: 1.2470 (1.2497)  loss_ddf_aux_0: 0.0141 (0.0149)  loss_mal_aux_1: 0.6136 (0.6108)  loss_bbox_aux_1: 0.0282 (0.0279)  loss_giou_aux_1: 0.3429 (0.3296)  loss_fgl_aux_1: 1.2380 (1.2425)  loss_ddf_aux_1: 0.0006 (0.0006)  loss_mal_pre: 0.6617 (0.6625)  loss_bbox_pre: 0.0297 (0.0289)  loss_giou_pre: 0.3438 (0.3403)  loss_mal_enc_0: 0.7570 (0.7546)  loss_bbox_enc_0: 0.0319 (0.0325)  loss_giou_enc_0: 0.3668 (0.3836)  loss_mal_dn_0: 0.6672 (0.6574)  loss_bbox_dn_0: 0.0318 (0.0300)  loss_giou_dn_0: 0.3696 (0.3580)  loss_fgl_dn_0: 1.2606 (1.2573)  loss_ddf_dn_0: 0.1216 (0.1198)  loss_mal_dn_1: 0.5791 (0.5716)  loss_bbox_dn_1: 0.0236 (0.0229)  loss_giou_dn_1: 0.2802 (0.2806)  loss_fgl_dn_1: 1.2108 (1.2112)  loss_ddf_dn_1: 0.0035 (0.0038)  loss_mal_dn_2: 0.5776 (0.5695)  loss_bbox_dn_2: 0.0233 (0.0228)  loss_giou_dn_2: 0.2806 (0.2796)  loss_fgl_dn_2: 1.2087 (1.2107)  loss_ddf_dn_2: -0.0000 (0.0000)  loss_mal_dn_pre: 0.6688 (0.6598)  loss_bbox_dn_pre: 0.0315 (0.0298)  loss_giou_dn_pre: 0.3646 (0.3559)  time: 0.5728  data: 0.0156  max mem: 5226
Epoch: [14/30]  [40/44]  eta: 0:00:02  lr: 0.000100  loss: 16.6329 (16.6009)  loss_mal: 0.6017 (0.6050)  loss_bbox: 0.0280 (0.0277)  loss_giou: 0.3260 (0.3313)  loss_fgl: 1.2382 (1.2439)  loss_mal_aux_0: 0.6636 (0.6671)  loss_bbox_aux_0: 0.0287 (0.0292)  loss_giou_aux_0: 0.3512 (0.3462)  loss_fgl_aux_0: 1.2594 (1.2528)  loss_ddf_aux_0: 0.0138 (0.0147)  loss_mal_aux_1: 0.6131 (0.6110)  loss_bbox_aux_1: 0.0278 (0.0278)  loss_giou_aux_1: 0.3260 (0.3317)  loss_fgl_aux_1: 1.2397 (1.2442)  loss_ddf_aux_1: 0.0005 (0.0006)  loss_mal_pre: 0.6611 (0.6663)  loss_bbox_pre: 0.0288 (0.0291)  loss_giou_pre: 0.3465 (0.3449)  loss_mal_enc_0: 0.7468 (0.7527)  loss_bbox_enc_0: 0.0319 (0.0324)  loss_giou_enc_0: 0.3891 (0.3857)  loss_mal_dn_0: 0.6594 (0.6594)  loss_bbox_dn_0: 0.0294 (0.0300)  loss_giou_dn_0: 0.3624 (0.3610)  loss_fgl_dn_0: 1.2583 (1.2606)  loss_ddf_dn_0: 0.1202 (0.1211)  loss_mal_dn_1: 0.5723 (0.5716)  loss_bbox_dn_1: 0.0227 (0.0226)  loss_giou_dn_1: 0.2786 (0.2807)  loss_fgl_dn_1: 1.2030 (1.2125)  loss_ddf_dn_1: 0.0041 (0.0039)  loss_mal_dn_2: 0.5682 (0.5694)  loss_bbox_dn_2: 0.0222 (0.0225)  loss_giou_dn_2: 0.2746 (0.2789)  loss_fgl_dn_2: 1.2026 (1.2118)  loss_ddf_dn_2: -0.0000 (0.0000)  loss_mal_dn_pre: 0.6618 (0.6619)  loss_bbox_dn_pre: 0.0294 (0.0298)  loss_giou_dn_pre: 0.3646 (0.3591)  time: 0.5703  data: 0.0163  max mem: 5226
Epoch: [14/30]  [43/44]  eta: 0:00:00  lr: 0.000100  loss: 16.4654 (16.6078)  loss_mal: 0.6017 (0.6057)  loss_bbox: 0.0273 (0.0277)  loss_giou: 0.3224 (0.3327)  loss_fgl: 1.2367 (1.2435)  loss_mal_aux_0: 0.6636 (0.6679)  loss_bbox_aux_0: 0.0281 (0.0290)  loss_giou_aux_0: 0.3512 (0.3465)  loss_fgl_aux_0: 1.2463 (1.2528)  loss_ddf_aux_0: 0.0141 (0.0150)  loss_mal_aux_1: 0.6088 (0.6115)  loss_bbox_aux_1: 0.0275 (0.0277)  loss_giou_aux_1: 0.3256 (0.3329)  loss_fgl_aux_1: 1.2380 (1.2438)  loss_ddf_aux_1: 0.0006 (0.0006)  loss_mal_pre: 0.6610 (0.6671)  loss_bbox_pre: 0.0282 (0.0290)  loss_giou_pre: 0.3465 (0.3452)  loss_mal_enc_0: 0.7453 (0.7527)  loss_bbox_enc_0: 0.0319 (0.0323)  loss_giou_enc_0: 0.3891 (0.3868)  loss_mal_dn_0: 0.6594 (0.6599)  loss_bbox_dn_0: 0.0287 (0.0299)  loss_giou_dn_0: 0.3622 (0.3615)  loss_fgl_dn_0: 1.2506 (1.2591)  loss_ddf_dn_0: 0.1190 (0.1203)  loss_mal_dn_1: 0.5695 (0.5720)  loss_bbox_dn_1: 0.0212 (0.0226)  loss_giou_dn_1: 0.2772 (0.2814)  loss_fgl_dn_1: 1.1951 (1.2114)  loss_ddf_dn_1: 0.0039 (0.0039)  loss_mal_dn_2: 0.5682 (0.5702)  loss_bbox_dn_2: 0.0207 (0.0225)  loss_giou_dn_2: 0.2746 (0.2801)  loss_fgl_dn_2: 1.1974 (1.2109)  loss_ddf_dn_2: -0.0000 (0.0000)  loss_mal_dn_pre: 0.6618 (0.6623)  loss_bbox_dn_pre: 0.0285 (0.0297)  loss_giou_dn_pre: 0.3646 (0.3595)  time: 0.5680  data: 0.0164  max mem: 5226
Epoch: [14/30] Total time: 0:00:24 (0.5613 s / it)
Averaged stats: lr: 0.000100  loss: 16.4654 (16.6078)  loss_mal: 0.6017 (0.6057)  loss_bbox: 0.0273 (0.0277)  loss_giou: 0.3224 (0.3327)  loss_fgl: 1.2367 (1.2435)  loss_mal_aux_0: 0.6636 (0.6679)  loss_bbox_aux_0: 0.0281 (0.0290)  loss_giou_aux_0: 0.3512 (0.3465)  loss_fgl_aux_0: 1.2463 (1.2528)  loss_ddf_aux_0: 0.0141 (0.0150)  loss_mal_aux_1: 0.6088 (0.6115)  loss_bbox_aux_1: 0.0275 (0.0277)  loss_giou_aux_1: 0.3256 (0.3329)  loss_fgl_aux_1: 1.2380 (1.2438)  loss_ddf_aux_1: 0.0006 (0.0006)  loss_mal_pre: 0.6610 (0.6671)  loss_bbox_pre: 0.0282 (0.0290)  loss_giou_pre: 0.3465 (0.3452)  loss_mal_enc_0: 0.7453 (0.7527)  loss_bbox_enc_0: 0.0319 (0.0323)  loss_giou_enc_0: 0.3891 (0.3868)  loss_mal_dn_0: 0.6594 (0.6599)  loss_bbox_dn_0: 0.0287 (0.0299)  loss_giou_dn_0: 0.3622 (0.3615)  loss_fgl_dn_0: 1.2506 (1.2591)  loss_ddf_dn_0: 0.1190 (0.1203)  loss_mal_dn_1: 0.5695 (0.5720)  loss_bbox_dn_1: 0.0212 (0.0226)  loss_giou_dn_1: 0.2772 (0.2814)  loss_fgl_dn_1: 1.1951 (1.2114)  loss_ddf_dn_1: 0.0039 (0.0039)  loss_mal_dn_2: 0.5682 (0.5702)  loss_bbox_dn_2: 0.0207 (0.0225)  loss_giou_dn_2: 0.2746 (0.2801)  loss_fgl_dn_2: 1.1974 (1.2109)  loss_ddf_dn_2: -0.0000 (0.0000)  loss_mal_dn_pre: 0.6618 (0.6623)  loss_bbox_dn_pre: 0.0285 (0.0297)  loss_giou_dn_pre: 0.3646 (0.3595)
Test:  [0/9]  eta: 0:00:03    time: 0.3887  data: 0.2778  max mem: 5226
Test:  [8/9]  eta: 0:00:00    time: 0.1753  data: 0.0432  max mem: 5226
Test: Total time: 0:00:01 (0.1806 s / it)
Metrics: {'f1': 0.9791666666666666, 'precision': 0.9791666666666666, 'recall': 0.9791666666666666, 'iou': 0.6739087814376468, 'TPs': 141, 'FPs': 3, 'FNs': 3}
Averaged stats: 
Accumulating evaluation results...
COCOeval_opt.accumulate() finished...
DONE (t=0.01s).
IoU metric: bbox
 Average Precision  (AP) @[ IoU=0.50:0.95 | area=   all | maxDets=100 ] = 0.350
 Average Precision  (AP) @[ IoU=0.50      | area=   all | maxDets=100 ] = 0.956
 Average Precision  (AP) @[ IoU=0.75      | area=   all | maxDets=100 ] = 0.150
 Average Precision  (AP) @[ IoU=0.50:0.95 | area= small | maxDets=100 ] = 0.351
 Average Precision  (AP) @[ IoU=0.50:0.95 | area=medium | maxDets=100 ] = -1.000
 Average Precision  (AP) @[ IoU=0.50:0.95 | area= large | maxDets=100 ] = -1.000
 Average Recall     (AR) @[ IoU=0.50:0.95 | area=   all | maxDets=  1 ] = 0.198
 Average Recall     (AR) @[ IoU=0.50:0.95 | area=   all | maxDets= 10 ] = 0.476
 Average Recall     (AR) @[ IoU=0.50:0.95 | area=   all | maxDets=100 ] = 0.577
 Average Recall     (AR) @[ IoU=0.50:0.95 | area= small | maxDets=100 ] = 0.577
 Average Recall     (AR) @[ IoU=0.50:0.95 | area=medium | maxDets=100 ] = -1.000
 Average Recall     (AR) @[ IoU=0.50:0.95 | area= large | maxDets=100 ] = -1.000
 Average Recall     (AR) @[ IoU=0.50      | area=   all | maxDets=100 ] = 0.986
 Average Recall     (AR) @[ IoU=0.75      | area=   all | maxDets=100 ] = 0.590
best_stat: {'epoch': 5, 'coco_eval_bbox': 0.37439849913602513}
Epoch: [15/30]  [ 0/44]  eta: 0:00:39  lr: 0.000100  loss: 15.5051 (15.5051)  loss_mal: 0.5559 (0.5559)  loss_bbox: 0.0218 (0.0218)  loss_giou: 0.2686 (0.2686)  loss_fgl: 1.2260 (1.2260)  loss_mal_aux_0: 0.5960 (0.5960)  loss_bbox_aux_0: 0.0211 (0.0211)  loss_giou_aux_0: 0.2724 (0.2724)  loss_fgl_aux_0: 1.2358 (1.2358)  loss_ddf_aux_0: 0.0151 (0.0151)  loss_mal_aux_1: 0.5596 (0.5596)  loss_bbox_aux_1: 0.0219 (0.0219)  loss_giou_aux_1: 0.2693 (0.2693)  loss_fgl_aux_1: 1.2264 (1.2264)  loss_ddf_aux_1: 0.0005 (0.0005)  loss_mal_pre: 0.5984 (0.5984)  loss_bbox_pre: 0.0213 (0.0213)  loss_giou_pre: 0.2736 (0.2736)  loss_mal_enc_0: 0.6999 (0.6999)  loss_bbox_enc_0: 0.0262 (0.0262)  loss_giou_enc_0: 0.3353 (0.3353)  loss_mal_dn_0: 0.6295 (0.6295)  loss_bbox_dn_0: 0.0242 (0.0242)  loss_giou_dn_0: 0.3020 (0.3020)  loss_fgl_dn_0: 1.2416 (1.2416)  loss_ddf_dn_0: 0.1227 (0.1227)  loss_mal_dn_1: 0.5342 (0.5342)  loss_bbox_dn_1: 0.0190 (0.0190)  loss_giou_dn_1: 0.2406 (0.2406)  loss_fgl_dn_1: 1.1947 (1.1947)  loss_ddf_dn_1: 0.0048 (0.0048)  loss_mal_dn_2: 0.5364 (0.5364)  loss_bbox_dn_2: 0.0193 (0.0193)  loss_giou_dn_2: 0.2426 (0.2426)  loss_fgl_dn_2: 1.1953 (1.1953)  loss_ddf_dn_2: -0.0000 (0.0000)  loss_mal_dn_pre: 0.6315 (0.6315)  loss_bbox_dn_pre: 0.0238 (0.0238)  loss_giou_dn_pre: 0.2977 (0.2977)  time: 0.8901  data: 0.2798  max mem: 5226
Epoch: [15/30]  [10/44]  eta: 0:00:17  lr: 0.000100  loss: 15.9501 (16.0463)  loss_mal: 0.5715 (0.5771)  loss_bbox: 0.0224 (0.0233)  loss_giou: 0.2821 (0.2819)  loss_fgl: 1.2260 (1.2272)  loss_mal_aux_0: 0.6551 (0.6496)  loss_bbox_aux_0: 0.0245 (0.0253)  loss_giou_aux_0: 0.2962 (0.3019)  loss_fgl_aux_0: 1.2423 (1.2443)  loss_ddf_aux_0: 0.0145 (0.0148)  loss_mal_aux_1: 0.5707 (0.5793)  loss_bbox_aux_1: 0.0224 (0.0232)  loss_giou_aux_1: 0.2784 (0.2817)  loss_fgl_aux_1: 1.2296 (1.2279)  loss_ddf_aux_1: 0.0005 (0.0006)  loss_mal_pre: 0.6525 (0.6506)  loss_bbox_pre: 0.0246 (0.0254)  loss_giou_pre: 0.2973 (0.3035)  loss_mal_enc_0: 0.7368 (0.7302)  loss_bbox_enc_0: 0.0279 (0.0296)  loss_giou_enc_0: 0.3655 (0.3555)  loss_mal_dn_0: 0.6553 (0.6505)  loss_bbox_dn_0: 0.0267 (0.0284)  loss_giou_dn_0: 0.3453 (0.3451)  loss_fgl_dn_0: 1.2495 (1.2536)  loss_ddf_dn_0: 0.1218 (0.1206)  loss_mal_dn_1: 0.5588 (0.5537)  loss_bbox_dn_1: 0.0202 (0.0209)  loss_giou_dn_1: 0.2661 (0.2613)  loss_fgl_dn_1: 1.1947 (1.1991)  loss_ddf_dn_1: 0.0040 (0.0042)  loss_mal_dn_2: 0.5560 (0.5512)  loss_bbox_dn_2: 0.0201 (0.0208)  loss_giou_dn_2: 0.2661 (0.2601)  loss_fgl_dn_2: 1.1953 (1.1988)  loss_ddf_dn_2: -0.0000 (0.0000)  loss_mal_dn_pre: 0.6585 (0.6531)  loss_bbox_dn_pre: 0.0265 (0.0282)  loss_giou_dn_pre: 0.3441 (0.3435)  time: 0.5192  data: 0.0389  max mem: 5226
Epoch: [15/30]  [20/44]  eta: 0:00:12  lr: 0.000100  loss: 16.3301 (16.2057)  loss_mal: 0.5885 (0.5856)  loss_bbox: 0.0241 (0.0241)  loss_giou: 0.3032 (0.2951)  loss_fgl: 1.2264 (1.2270)  loss_mal_aux_0: 0.6730 (0.6622)  loss_bbox_aux_0: 0.0255 (0.0260)  loss_giou_aux_0: 0.3291 (0.3178)  loss_fgl_aux_0: 1.2392 (1.2437)  loss_ddf_aux_0: 0.0152 (0.0163)  loss_mal_aux_1: 0.6006 (0.5908)  loss_bbox_aux_1: 0.0244 (0.0242)  loss_giou_aux_1: 0.3031 (0.2952)  loss_fgl_aux_1: 1.2277 (1.2278)  loss_ddf_aux_1: 0.0006 (0.0007)  loss_mal_pre: 0.6718 (0.6627)  loss_bbox_pre: 0.0257 (0.0261)  loss_giou_pre: 0.3321 (0.3189)  loss_mal_enc_0: 0.7391 (0.7350)  loss_bbox_enc_0: 0.0301 (0.0298)  loss_giou_enc_0: 0.3669 (0.3638)  loss_mal_dn_0: 0.6560 (0.6553)  loss_bbox_dn_0: 0.0274 (0.0284)  loss_giou_dn_0: 0.3471 (0.3526)  loss_fgl_dn_0: 1.2519 (1.2588)  loss_ddf_dn_0: 0.1230 (0.1249)  loss_mal_dn_1: 0.5614 (0.5564)  loss_bbox_dn_1: 0.0206 (0.0208)  loss_giou_dn_1: 0.2673 (0.2630)  loss_fgl_dn_1: 1.1925 (1.1979)  loss_ddf_dn_1: 0.0038 (0.0042)  loss_mal_dn_2: 0.5590 (0.5536)  loss_bbox_dn_2: 0.0207 (0.0207)  loss_giou_dn_2: 0.2661 (0.2614)  loss_fgl_dn_2: 1.1929 (1.1968)  loss_ddf_dn_2: -0.0000 (0.0000)  loss_mal_dn_pre: 0.6594 (0.6582)  loss_bbox_dn_pre: 0.0274 (0.0283)  loss_giou_dn_pre: 0.3473 (0.3517)  time: 0.5234  data: 0.0156  max mem: 5226
Epoch: [15/30]  [30/44]  eta: 0:00:07  lr: 0.000100  loss: 16.3738 (16.2728)  loss_mal: 0.5863 (0.5865)  loss_bbox: 0.0247 (0.0243)  loss_giou: 0.3039 (0.2996)  loss_fgl: 1.2314 (1.2328)  loss_mal_aux_0: 0.6765 (0.6625)  loss_bbox_aux_0: 0.0255 (0.0260)  loss_giou_aux_0: 0.3405 (0.3226)  loss_fgl_aux_0: 1.2392 (1.2470)  loss_ddf_aux_0: 0.0188 (0.0171)  loss_mal_aux_1: 0.5935 (0.5920)  loss_bbox_aux_1: 0.0248 (0.0243)  loss_giou_aux_1: 0.3046 (0.2995)  loss_fgl_aux_1: 1.2322 (1.2332)  loss_ddf_aux_1: 0.0008 (0.0007)  loss_mal_pre: 0.6781 (0.6625)  loss_bbox_pre: 0.0257 (0.0261)  loss_giou_pre: 0.3338 (0.3227)  loss_mal_enc_0: 0.7367 (0.7343)  loss_bbox_enc_0: 0.0283 (0.0295)  loss_giou_enc_0: 0.3634 (0.3643)  loss_mal_dn_0: 0.6601 (0.6565)  loss_bbox_dn_0: 0.0286 (0.0284)  loss_giou_dn_0: 0.3506 (0.3566)  loss_fgl_dn_0: 1.2565 (1.2591)  loss_ddf_dn_0: 0.1390 (0.1297)  loss_mal_dn_1: 0.5614 (0.5588)  loss_bbox_dn_1: 0.0206 (0.0209)  loss_giou_dn_1: 0.2687 (0.2660)  loss_fgl_dn_1: 1.1990 (1.2010)  loss_ddf_dn_1: 0.0044 (0.0045)  loss_mal_dn_2: 0.5590 (0.5561)  loss_bbox_dn_2: 0.0207 (0.0207)  loss_giou_dn_2: 0.2663 (0.2645)  loss_fgl_dn_2: 1.1973 (1.2002)  loss_ddf_dn_2: -0.0000 (0.0000)  loss_mal_dn_pre: 0.6626 (0.6590)  loss_bbox_dn_pre: 0.0284 (0.0283)  loss_giou_dn_pre: 0.3510 (0.3551)  time: 0.5817  data: 0.0166  max mem: 5226
Epoch: [15/30]  [40/44]  eta: 0:00:02  lr: 0.000100  loss: 16.5767 (16.3826)  loss_mal: 0.5945 (0.5938)  loss_bbox: 0.0255 (0.0251)  loss_giou: 0.3156 (0.3086)  loss_fgl: 1.2472 (1.2365)  loss_mal_aux_0: 0.6771 (0.6664)  loss_bbox_aux_0: 0.0268 (0.0267)  loss_giou_aux_0: 0.3429 (0.3299)  loss_fgl_aux_0: 1.2541 (1.2487)  loss_ddf_aux_0: 0.0169 (0.0168)  loss_mal_aux_1: 0.5997 (0.5995)  loss_bbox_aux_1: 0.0253 (0.0251)  loss_giou_aux_1: 0.3152 (0.3084)  loss_fgl_aux_1: 1.2450 (1.2366)  loss_ddf_aux_1: 0.0007 (0.0007)  loss_mal_pre: 0.6781 (0.6661)  loss_bbox_pre: 0.0266 (0.0267)  loss_giou_pre: 0.3383 (0.3300)  loss_mal_enc_0: 0.7322 (0.7370)  loss_bbox_enc_0: 0.0304 (0.0303)  loss_giou_enc_0: 0.3849 (0.3733)  loss_mal_dn_0: 0.6592 (0.6576)  loss_bbox_dn_0: 0.0287 (0.0287)  loss_giou_dn_0: 0.3647 (0.3580)  loss_fgl_dn_0: 1.2588 (1.2590)  loss_ddf_dn_0: 0.1309 (0.1289)  loss_mal_dn_1: 0.5680 (0.5635)  loss_bbox_dn_1: 0.0211 (0.0213)  loss_giou_dn_1: 0.2738 (0.2707)  loss_fgl_dn_1: 1.2064 (1.2034)  loss_ddf_dn_1: 0.0049 (0.0046)  loss_mal_dn_2: 0.5658 (0.5610)  loss_bbox_dn_2: 0.0212 (0.0212)  loss_giou_dn_2: 0.2717 (0.2697)  loss_fgl_dn_2: 1.2079 (1.2030)  loss_ddf_dn_2: -0.0000 (0.0000)  loss_mal_dn_pre: 0.6626 (0.6602)  loss_bbox_dn_pre: 0.0285 (0.0286)  loss_giou_dn_pre: 0.3673 (0.3571)  time: 0.5848  data: 0.0162  max mem: 5226
Epoch: [15/30]  [43/44]  eta: 0:00:00  lr: 0.000100  loss: 16.6294 (16.4108)  loss_mal: 0.5968 (0.5951)  loss_bbox: 0.0263 (0.0254)  loss_giou: 0.3328 (0.3117)  loss_fgl: 1.2472 (1.2366)  loss_mal_aux_0: 0.6771 (0.6654)  loss_bbox_aux_0: 0.0271 (0.0270)  loss_giou_aux_0: 0.3493 (0.3334)  loss_fgl_aux_0: 1.2541 (1.2483)  loss_ddf_aux_0: 0.0166 (0.0167)  loss_mal_aux_1: 0.6052 (0.6006)  loss_bbox_aux_1: 0.0259 (0.0254)  loss_giou_aux_1: 0.3315 (0.3116)  loss_fgl_aux_1: 1.2478 (1.2366)  loss_ddf_aux_1: 0.0006 (0.0007)  loss_mal_pre: 0.6781 (0.6650)  loss_bbox_pre: 0.0269 (0.0270)  loss_giou_pre: 0.3463 (0.3332)  loss_mal_enc_0: 0.7332 (0.7366)  loss_bbox_enc_0: 0.0307 (0.0306)  loss_giou_enc_0: 0.3937 (0.3758)  loss_mal_dn_0: 0.6601 (0.6585)  loss_bbox_dn_0: 0.0285 (0.0289)  loss_giou_dn_0: 0.3647 (0.3600)  loss_fgl_dn_0: 1.2606 (1.2596)  loss_ddf_dn_0: 0.1309 (0.1288)  loss_mal_dn_1: 0.5705 (0.5641)  loss_bbox_dn_1: 0.0211 (0.0214)  loss_giou_dn_1: 0.2752 (0.2718)  loss_fgl_dn_1: 1.2096 (1.2038)  loss_ddf_dn_1: 0.0049 (0.0046)  loss_mal_dn_2: 0.5658 (0.5618)  loss_bbox_dn_2: 0.0213 (0.0213)  loss_giou_dn_2: 0.2741 (0.2708)  loss_fgl_dn_2: 1.2079 (1.2034)  loss_ddf_dn_2: -0.0000 (0.0000)  loss_mal_dn_pre: 0.6643 (0.6611)  loss_bbox_dn_pre: 0.0285 (0.0288)  loss_giou_dn_pre: 0.3673 (0.3591)  time: 0.5720  data: 0.0160  max mem: 5226
Epoch: [15/30] Total time: 0:00:24 (0.5626 s / it)
Averaged stats: lr: 0.000100  loss: 16.6294 (16.4108)  loss_mal: 0.5968 (0.5951)  loss_bbox: 0.0263 (0.0254)  loss_giou: 0.3328 (0.3117)  loss_fgl: 1.2472 (1.2366)  loss_mal_aux_0: 0.6771 (0.6654)  loss_bbox_aux_0: 0.0271 (0.0270)  loss_giou_aux_0: 0.3493 (0.3334)  loss_fgl_aux_0: 1.2541 (1.2483)  loss_ddf_aux_0: 0.0166 (0.0167)  loss_mal_aux_1: 0.6052 (0.6006)  loss_bbox_aux_1: 0.0259 (0.0254)  loss_giou_aux_1: 0.3315 (0.3116)  loss_fgl_aux_1: 1.2478 (1.2366)  loss_ddf_aux_1: 0.0006 (0.0007)  loss_mal_pre: 0.6781 (0.6650)  loss_bbox_pre: 0.0269 (0.0270)  loss_giou_pre: 0.3463 (0.3332)  loss_mal_enc_0: 0.7332 (0.7366)  loss_bbox_enc_0: 0.0307 (0.0306)  loss_giou_enc_0: 0.3937 (0.3758)  loss_mal_dn_0: 0.6601 (0.6585)  loss_bbox_dn_0: 0.0285 (0.0289)  loss_giou_dn_0: 0.3647 (0.3600)  loss_fgl_dn_0: 1.2606 (1.2596)  loss_ddf_dn_0: 0.1309 (0.1288)  loss_mal_dn_1: 0.5705 (0.5641)  loss_bbox_dn_1: 0.0211 (0.0214)  loss_giou_dn_1: 0.2752 (0.2718)  loss_fgl_dn_1: 1.2096 (1.2038)  loss_ddf_dn_1: 0.0049 (0.0046)  loss_mal_dn_2: 0.5658 (0.5618)  loss_bbox_dn_2: 0.0213 (0.0213)  loss_giou_dn_2: 0.2741 (0.2708)  loss_fgl_dn_2: 1.2079 (1.2034)  loss_ddf_dn_2: -0.0000 (0.0000)  loss_mal_dn_pre: 0.6643 (0.6611)  loss_bbox_dn_pre: 0.0285 (0.0288)  loss_giou_dn_pre: 0.3673 (0.3591)
Test:  [0/9]  eta: 0:00:03    time: 0.3605  data: 0.2814  max mem: 5226
Test:  [8/9]  eta: 0:00:00    time: 0.1472  data: 0.0458  max mem: 5226
Test: Total time: 0:00:01 (0.1530 s / it)
Metrics: {'f1': 0.9757785467128027, 'precision': 0.9724137931034482, 'recall': 0.9791666666666666, 'iou': 0.6697856312668001, 'TPs': 141, 'FPs': 4, 'FNs': 3}
Averaged stats: 
Accumulating evaluation results...
COCOeval_opt.accumulate() finished...
DONE (t=0.01s).
IoU metric: bbox
 Average Precision  (AP) @[ IoU=0.50:0.95 | area=   all | maxDets=100 ] = 0.348
 Average Precision  (AP) @[ IoU=0.50      | area=   all | maxDets=100 ] = 0.957
 Average Precision  (AP) @[ IoU=0.75      | area=   all | maxDets=100 ] = 0.142
 Average Precision  (AP) @[ IoU=0.50:0.95 | area= small | maxDets=100 ] = 0.349
 Average Precision  (AP) @[ IoU=0.50:0.95 | area=medium | maxDets=100 ] = -1.000
 Average Precision  (AP) @[ IoU=0.50:0.95 | area= large | maxDets=100 ] = -1.000
 Average Recall     (AR) @[ IoU=0.50:0.95 | area=   all | maxDets=  1 ] = 0.197
 Average Recall     (AR) @[ IoU=0.50:0.95 | area=   all | maxDets= 10 ] = 0.474
 Average Recall     (AR) @[ IoU=0.50:0.95 | area=   all | maxDets=100 ] = 0.574
 Average Recall     (AR) @[ IoU=0.50:0.95 | area= small | maxDets=100 ] = 0.574
 Average Recall     (AR) @[ IoU=0.50:0.95 | area=medium | maxDets=100 ] = -1.000
 Average Recall     (AR) @[ IoU=0.50:0.95 | area= large | maxDets=100 ] = -1.000
 Average Recall     (AR) @[ IoU=0.50      | area=   all | maxDets=100 ] = 0.986
 Average Recall     (AR) @[ IoU=0.75      | area=   all | maxDets=100 ] = 0.583
best_stat: {'epoch': 5, 'coco_eval_bbox': 0.37439849913602513}
Epoch: [16/30]  [ 0/44]  eta: 0:00:36  lr: 0.000100  loss: 15.5855 (15.5855)  loss_mal: 0.5590 (0.5590)  loss_bbox: 0.0219 (0.0219)  loss_giou: 0.2678 (0.2678)  loss_fgl: 1.2162 (1.2162)  loss_mal_aux_0: 0.6139 (0.6139)  loss_bbox_aux_0: 0.0239 (0.0239)  loss_giou_aux_0: 0.2965 (0.2965)  loss_fgl_aux_0: 1.2304 (1.2304)  loss_ddf_aux_0: 0.0141 (0.0141)  loss_mal_aux_1: 0.5597 (0.5597)  loss_bbox_aux_1: 0.0220 (0.0220)  loss_giou_aux_1: 0.2703 (0.2703)  loss_fgl_aux_1: 1.2164 (1.2164)  loss_ddf_aux_1: 0.0004 (0.0004)  loss_mal_pre: 0.6141 (0.6141)  loss_bbox_pre: 0.0240 (0.0240)  loss_giou_pre: 0.2945 (0.2945)  loss_mal_enc_0: 0.7541 (0.7541)  loss_bbox_enc_0: 0.0290 (0.0290)  loss_giou_enc_0: 0.3549 (0.3549)  loss_mal_dn_0: 0.6234 (0.6234)  loss_bbox_dn_0: 0.0237 (0.0237)  loss_giou_dn_0: 0.3056 (0.3056)  loss_fgl_dn_0: 1.2372 (1.2372)  loss_ddf_dn_0: 0.1244 (0.1244)  loss_mal_dn_1: 0.5319 (0.5319)  loss_bbox_dn_1: 0.0182 (0.0182)  loss_giou_dn_1: 0.2370 (0.2370)  loss_fgl_dn_1: 1.1818 (1.1818)  loss_ddf_dn_1: 0.0042 (0.0042)  loss_mal_dn_2: 0.5304 (0.5304)  loss_bbox_dn_2: 0.0181 (0.0181)  loss_giou_dn_2: 0.2357 (0.2357)  loss_fgl_dn_2: 1.1817 (1.1817)  loss_ddf_dn_2: -0.0000 (0.0000)  loss_mal_dn_pre: 0.6248 (0.6248)  loss_bbox_dn_pre: 0.0234 (0.0234)  loss_giou_dn_pre: 0.3010 (0.3010)  time: 0.8264  data: 0.2688  max mem: 5226
Epoch: [16/30]  [10/44]  eta: 0:00:17  lr: 0.000100  loss: 15.6784 (15.8401)  loss_mal: 0.5661 (0.5642)  loss_bbox: 0.0228 (0.0228)  loss_giou: 0.2729 (0.2757)  loss_fgl: 1.2275 (1.2255)  loss_mal_aux_0: 0.6562 (0.6511)  loss_bbox_aux_0: 0.0237 (0.0245)  loss_giou_aux_0: 0.2965 (0.3013)  loss_fgl_aux_0: 1.2304 (1.2348)  loss_ddf_aux_0: 0.0152 (0.0156)  loss_mal_aux_1: 0.5758 (0.5725)  loss_bbox_aux_1: 0.0227 (0.0228)  loss_giou_aux_1: 0.2703 (0.2755)  loss_fgl_aux_1: 1.2256 (1.2252)  loss_ddf_aux_1: 0.0005 (0.0005)  loss_mal_pre: 0.6566 (0.6509)  loss_bbox_pre: 0.0237 (0.0246)  loss_giou_pre: 0.2945 (0.3016)  loss_mal_enc_0: 0.7212 (0.7282)  loss_bbox_enc_0: 0.0290 (0.0298)  loss_giou_enc_0: 0.3633 (0.3516)  loss_mal_dn_0: 0.6331 (0.6368)  loss_bbox_dn_0: 0.0252 (0.0262)  loss_giou_dn_0: 0.3147 (0.3197)  loss_fgl_dn_0: 1.2372 (1.2412)  loss_ddf_dn_0: 0.1134 (0.1146)  loss_mal_dn_1: 0.5417 (0.5473)  loss_bbox_dn_1: 0.0197 (0.0199)  loss_giou_dn_1: 0.2439 (0.2496)  loss_fgl_dn_1: 1.1903 (1.1928)  loss_ddf_dn_1: 0.0035 (0.0038)  loss_mal_dn_2: 0.5411 (0.5441)  loss_bbox_dn_2: 0.0196 (0.0199)  loss_giou_dn_2: 0.2426 (0.2486)  loss_fgl_dn_2: 1.1898 (1.1921)  loss_ddf_dn_2: -0.0000 (0.0000)  loss_mal_dn_pre: 0.6379 (0.6401)  loss_bbox_dn_pre: 0.0253 (0.0261)  loss_giou_dn_pre: 0.3147 (0.3185)  time: 0.5113  data: 0.0375  max mem: 5226
Epoch: [16/30]  [20/44]  eta: 0:00:12  lr: 0.000100  loss: 16.0252 (16.0534)  loss_mal: 0.5777 (0.5759)  loss_bbox: 0.0233 (0.0238)  loss_giou: 0.2887 (0.2896)  loss_fgl: 1.2279 (1.2273)  loss_mal_aux_0: 0.6765 (0.6618)  loss_bbox_aux_0: 0.0238 (0.0254)  loss_giou_aux_0: 0.3149 (0.3104)  loss_fgl_aux_0: 1.2367 (1.2362)  loss_ddf_aux_0: 0.0158 (0.0164)  loss_mal_aux_1: 0.5952 (0.5910)  loss_bbox_aux_1: 0.0233 (0.0238)  loss_giou_aux_1: 0.2880 (0.2897)  loss_fgl_aux_1: 1.2265 (1.2275)  loss_ddf_aux_1: 0.0005 (0.0006)  loss_mal_pre: 0.6741 (0.6609)  loss_bbox_pre: 0.0239 (0.0255)  loss_giou_pre: 0.3109 (0.3106)  loss_mal_enc_0: 0.7230 (0.7309)  loss_bbox_enc_0: 0.0293 (0.0299)  loss_giou_enc_0: 0.3633 (0.3573)  loss_mal_dn_0: 0.6471 (0.6439)  loss_bbox_dn_0: 0.0257 (0.0274)  loss_giou_dn_0: 0.3400 (0.3338)  loss_fgl_dn_0: 1.2430 (1.2466)  loss_ddf_dn_0: 0.1134 (0.1143)  loss_mal_dn_1: 0.5516 (0.5558)  loss_bbox_dn_1: 0.0203 (0.0207)  loss_giou_dn_1: 0.2534 (0.2597)  loss_fgl_dn_1: 1.1993 (1.1972)  loss_ddf_dn_1: 0.0033 (0.0035)  loss_mal_dn_2: 0.5504 (0.5535)  loss_bbox_dn_2: 0.0202 (0.0206)  loss_giou_dn_2: 0.2530 (0.2588)  loss_fgl_dn_2: 1.1987 (1.1963)  loss_ddf_dn_2: -0.0000 (0.0000)  loss_mal_dn_pre: 0.6490 (0.6469)  loss_bbox_dn_pre: 0.0256 (0.0272)  loss_giou_dn_pre: 0.3378 (0.3326)  time: 0.5240  data: 0.0147  max mem: 5226
Epoch: [16/30]  [30/44]  eta: 0:00:07  lr: 0.000100  loss: 16.4594 (16.1750)  loss_mal: 0.6002 (0.5838)  loss_bbox: 0.0258 (0.0246)  loss_giou: 0.3136 (0.2967)  loss_fgl: 1.2373 (1.2345)  loss_mal_aux_0: 0.6661 (0.6623)  loss_bbox_aux_0: 0.0265 (0.0262)  loss_giou_aux_0: 0.3285 (0.3175)  loss_fgl_aux_0: 1.2483 (1.2435)  loss_ddf_aux_0: 0.0158 (0.0164)  loss_mal_aux_1: 0.6079 (0.5961)  loss_bbox_aux_1: 0.0259 (0.0246)  loss_giou_aux_1: 0.3136 (0.2969)  loss_fgl_aux_1: 1.2359 (1.2346)  loss_ddf_aux_1: 0.0005 (0.0006)  loss_mal_pre: 0.6628 (0.6613)  loss_bbox_pre: 0.0264 (0.0262)  loss_giou_pre: 0.3281 (0.3166)  loss_mal_enc_0: 0.7342 (0.7365)  loss_bbox_enc_0: 0.0320 (0.0305)  loss_giou_enc_0: 0.3741 (0.3642)  loss_mal_dn_0: 0.6485 (0.6459)  loss_bbox_dn_0: 0.0294 (0.0276)  loss_giou_dn_0: 0.3474 (0.3372)  loss_fgl_dn_0: 1.2578 (1.2529)  loss_ddf_dn_0: 0.1149 (0.1143)  loss_mal_dn_1: 0.5686 (0.5586)  loss_bbox_dn_1: 0.0212 (0.0210)  loss_giou_dn_1: 0.2793 (0.2632)  loss_fgl_dn_1: 1.2051 (1.2036)  loss_ddf_dn_1: 0.0030 (0.0034)  loss_mal_dn_2: 0.5634 (0.5559)  loss_bbox_dn_2: 0.0211 (0.0209)  loss_giou_dn_2: 0.2758 (0.2623)  loss_fgl_dn_2: 1.2071 (1.2029)  loss_ddf_dn_2: -0.0000 (0.0000)  loss_mal_dn_pre: 0.6511 (0.6487)  loss_bbox_dn_pre: 0.0285 (0.0274)  loss_giou_dn_pre: 0.3435 (0.3356)  time: 0.5699  data: 0.0153  max mem: 5226
Epoch: [16/30]  [40/44]  eta: 0:00:02  lr: 0.000100  loss: 16.4637 (16.2644)  loss_mal: 0.6013 (0.5879)  loss_bbox: 0.0260 (0.0250)  loss_giou: 0.3142 (0.3025)  loss_fgl: 1.2525 (1.2369)  loss_mal_aux_0: 0.6711 (0.6730)  loss_bbox_aux_0: 0.0268 (0.0264)  loss_giou_aux_0: 0.3296 (0.3220)  loss_fgl_aux_0: 1.2543 (1.2459)  loss_ddf_aux_0: 0.0157 (0.0164)  loss_mal_aux_1: 0.6129 (0.6002)  loss_bbox_aux_1: 0.0260 (0.0250)  loss_giou_aux_1: 0.3169 (0.3026)  loss_fgl_aux_1: 1.2526 (1.2373)  loss_ddf_aux_1: 0.0005 (0.0006)  loss_mal_pre: 0.6668 (0.6716)  loss_bbox_pre: 0.0267 (0.0264)  loss_giou_pre: 0.3270 (0.3213)  loss_mal_enc_0: 0.7439 (0.7383)  loss_bbox_enc_0: 0.0317 (0.0307)  loss_giou_enc_0: 0.3761 (0.3687)  loss_mal_dn_0: 0.6512 (0.6485)  loss_bbox_dn_0: 0.0275 (0.0276)  loss_giou_dn_0: 0.3435 (0.3397)  loss_fgl_dn_0: 1.2582 (1.2538)  loss_ddf_dn_0: 0.1149 (0.1154)  loss_mal_dn_1: 0.5676 (0.5614)  loss_bbox_dn_1: 0.0214 (0.0210)  loss_giou_dn_1: 0.2723 (0.2657)  loss_fgl_dn_1: 1.2124 (1.2042)  loss_ddf_dn_1: 0.0029 (0.0033)  loss_mal_dn_2: 0.5666 (0.5582)  loss_bbox_dn_2: 0.0211 (0.0209)  loss_giou_dn_2: 0.2744 (0.2645)  loss_fgl_dn_2: 1.2099 (1.2033)  loss_ddf_dn_2: -0.0000 (0.0000)  loss_mal_dn_pre: 0.6566 (0.6516)  loss_bbox_dn_pre: 0.0276 (0.0275)  loss_giou_dn_pre: 0.3441 (0.3389)  time: 0.5700  data: 0.0163  max mem: 5226
Epoch: [16/30]  [43/44]  eta: 0:00:00  lr: 0.000100  loss: 16.4705 (16.2531)  loss_mal: 0.6025 (0.5888)  loss_bbox: 0.0267 (0.0250)  loss_giou: 0.3221 (0.3025)  loss_fgl: 1.2446 (1.2361)  loss_mal_aux_0: 0.6711 (0.6712)  loss_bbox_aux_0: 0.0268 (0.0263)  loss_giou_aux_0: 0.3290 (0.3209)  loss_fgl_aux_0: 1.2532 (1.2453)  loss_ddf_aux_0: 0.0157 (0.0165)  loss_mal_aux_1: 0.6135 (0.6009)  loss_bbox_aux_1: 0.0265 (0.0250)  loss_giou_aux_1: 0.3210 (0.3027)  loss_fgl_aux_1: 1.2451 (1.2364)  loss_ddf_aux_1: 0.0005 (0.0006)  loss_mal_pre: 0.6693 (0.6700)  loss_bbox_pre: 0.0267 (0.0264)  loss_giou_pre: 0.3249 (0.3203)  loss_mal_enc_0: 0.7439 (0.7386)  loss_bbox_enc_0: 0.0307 (0.0305)  loss_giou_enc_0: 0.3741 (0.3665)  loss_mal_dn_0: 0.6522 (0.6484)  loss_bbox_dn_0: 0.0276 (0.0276)  loss_giou_dn_0: 0.3461 (0.3394)  loss_fgl_dn_0: 1.2582 (1.2537)  loss_ddf_dn_0: 0.1168 (0.1151)  loss_mal_dn_1: 0.5714 (0.5611)  loss_bbox_dn_1: 0.0214 (0.0210)  loss_giou_dn_1: 0.2751 (0.2655)  loss_fgl_dn_1: 1.2124 (1.2037)  loss_ddf_dn_1: 0.0028 (0.0032)  loss_mal_dn_2: 0.5668 (0.5582)  loss_bbox_dn_2: 0.0211 (0.0209)  loss_giou_dn_2: 0.2746 (0.2645)  loss_fgl_dn_2: 1.2099 (1.2028)  loss_ddf_dn_2: -0.0000 (0.0000)  loss_mal_dn_pre: 0.6574 (0.6514)  loss_bbox_dn_pre: 0.0278 (0.0275)  loss_giou_dn_pre: 0.3444 (0.3386)  time: 0.5660  data: 0.0163  max mem: 5226
Epoch: [16/30] Total time: 0:00:24 (0.5546 s / it)
Averaged stats: lr: 0.000100  loss: 16.4705 (16.2531)  loss_mal: 0.6025 (0.5888)  loss_bbox: 0.0267 (0.0250)  loss_giou: 0.3221 (0.3025)  loss_fgl: 1.2446 (1.2361)  loss_mal_aux_0: 0.6711 (0.6712)  loss_bbox_aux_0: 0.0268 (0.0263)  loss_giou_aux_0: 0.3290 (0.3209)  loss_fgl_aux_0: 1.2532 (1.2453)  loss_ddf_aux_0: 0.0157 (0.0165)  loss_mal_aux_1: 0.6135 (0.6009)  loss_bbox_aux_1: 0.0265 (0.0250)  loss_giou_aux_1: 0.3210 (0.3027)  loss_fgl_aux_1: 1.2451 (1.2364)  loss_ddf_aux_1: 0.0005 (0.0006)  loss_mal_pre: 0.6693 (0.6700)  loss_bbox_pre: 0.0267 (0.0264)  loss_giou_pre: 0.3249 (0.3203)  loss_mal_enc_0: 0.7439 (0.7386)  loss_bbox_enc_0: 0.0307 (0.0305)  loss_giou_enc_0: 0.3741 (0.3665)  loss_mal_dn_0: 0.6522 (0.6484)  loss_bbox_dn_0: 0.0276 (0.0276)  loss_giou_dn_0: 0.3461 (0.3394)  loss_fgl_dn_0: 1.2582 (1.2537)  loss_ddf_dn_0: 0.1168 (0.1151)  loss_mal_dn_1: 0.5714 (0.5611)  loss_bbox_dn_1: 0.0214 (0.0210)  loss_giou_dn_1: 0.2751 (0.2655)  loss_fgl_dn_1: 1.2124 (1.2037)  loss_ddf_dn_1: 0.0028 (0.0032)  loss_mal_dn_2: 0.5668 (0.5582)  loss_bbox_dn_2: 0.0211 (0.0209)  loss_giou_dn_2: 0.2746 (0.2645)  loss_fgl_dn_2: 1.2099 (1.2028)  loss_ddf_dn_2: -0.0000 (0.0000)  loss_mal_dn_pre: 0.6574 (0.6514)  loss_bbox_dn_pre: 0.0278 (0.0275)  loss_giou_dn_pre: 0.3444 (0.3386)
Test:  [0/9]  eta: 0:00:03    time: 0.3635  data: 0.2459  max mem: 5226
Test:  [8/9]  eta: 0:00:00    time: 0.1500  data: 0.0406  max mem: 5226
Test: Total time: 0:00:01 (0.1544 s / it)
Metrics: {'f1': 0.9724137931034483, 'precision': 0.9657534246575342, 'recall': 0.9791666666666666, 'iou': 0.6650306862472688, 'TPs': 141, 'FPs': 5, 'FNs': 3}
Averaged stats: 
Accumulating evaluation results...
COCOeval_opt.accumulate() finished...
DONE (t=0.01s).
IoU metric: bbox
 Average Precision  (AP) @[ IoU=0.50:0.95 | area=   all | maxDets=100 ] = 0.351
 Average Precision  (AP) @[ IoU=0.50      | area=   all | maxDets=100 ] = 0.957
 Average Precision  (AP) @[ IoU=0.75      | area=   all | maxDets=100 ] = 0.155
 Average Precision  (AP) @[ IoU=0.50:0.95 | area= small | maxDets=100 ] = 0.352
 Average Precision  (AP) @[ IoU=0.50:0.95 | area=medium | maxDets=100 ] = -1.000
 Average Precision  (AP) @[ IoU=0.50:0.95 | area= large | maxDets=100 ] = -1.000
 Average Recall     (AR) @[ IoU=0.50:0.95 | area=   all | maxDets=  1 ] = 0.199
 Average Recall     (AR) @[ IoU=0.50:0.95 | area=   all | maxDets= 10 ] = 0.476
 Average Recall     (AR) @[ IoU=0.50:0.95 | area=   all | maxDets=100 ] = 0.573
 Average Recall     (AR) @[ IoU=0.50:0.95 | area= small | maxDets=100 ] = 0.573
 Average Recall     (AR) @[ IoU=0.50:0.95 | area=medium | maxDets=100 ] = -1.000
 Average Recall     (AR) @[ IoU=0.50:0.95 | area= large | maxDets=100 ] = -1.000
 Average Recall     (AR) @[ IoU=0.50      | area=   all | maxDets=100 ] = 0.986
 Average Recall     (AR) @[ IoU=0.75      | area=   all | maxDets=100 ] = 0.583
best_stat: {'epoch': 5, 'coco_eval_bbox': 0.37439849913602513}
Epoch: [17/30]  [ 0/44]  eta: 0:00:38  lr: 0.000100  loss: 15.6776 (15.6776)  loss_mal: 0.5495 (0.5495)  loss_bbox: 0.0238 (0.0238)  loss_giou: 0.2746 (0.2746)  loss_fgl: 1.2192 (1.2192)  loss_mal_aux_0: 0.6202 (0.6202)  loss_bbox_aux_0: 0.0267 (0.0267)  loss_giou_aux_0: 0.2984 (0.2984)  loss_fgl_aux_0: 1.2377 (1.2377)  loss_ddf_aux_0: 0.0183 (0.0183)  loss_mal_aux_1: 0.5516 (0.5516)  loss_bbox_aux_1: 0.0239 (0.0239)  loss_giou_aux_1: 0.2758 (0.2758)  loss_fgl_aux_1: 1.2210 (1.2210)  loss_ddf_aux_1: 0.0005 (0.0005)  loss_mal_pre: 0.6225 (0.6225)  loss_bbox_pre: 0.0270 (0.0270)  loss_giou_pre: 0.2973 (0.2973)  loss_mal_enc_0: 0.7142 (0.7142)  loss_bbox_enc_0: 0.0318 (0.0318)  loss_giou_enc_0: 0.3540 (0.3540)  loss_mal_dn_0: 0.6279 (0.6279)  loss_bbox_dn_0: 0.0262 (0.0262)  loss_giou_dn_0: 0.3191 (0.3191)  loss_fgl_dn_0: 1.2565 (1.2565)  loss_ddf_dn_0: 0.1187 (0.1187)  loss_mal_dn_1: 0.5300 (0.5300)  loss_bbox_dn_1: 0.0194 (0.0194)  loss_giou_dn_1: 0.2423 (0.2423)  loss_fgl_dn_1: 1.1933 (1.1933)  loss_ddf_dn_1: 0.0036 (0.0036)  loss_mal_dn_2: 0.5285 (0.5285)  loss_bbox_dn_2: 0.0193 (0.0193)  loss_giou_dn_2: 0.2402 (0.2402)  loss_fgl_dn_2: 1.1920 (1.1920)  loss_ddf_dn_2: -0.0000 (0.0000)  loss_mal_dn_pre: 0.6298 (0.6298)  loss_bbox_dn_pre: 0.0261 (0.0261)  loss_giou_dn_pre: 0.3165 (0.3165)  time: 0.8773  data: 0.2597  max mem: 5226
Epoch: [17/30]  [10/44]  eta: 0:00:17  lr: 0.000100  loss: 15.6146 (15.6401)  loss_mal: 0.5504 (0.5562)  loss_bbox: 0.0218 (0.0213)  loss_giou: 0.2604 (0.2678)  loss_fgl: 1.2223 (1.2261)  loss_mal_aux_0: 0.6296 (0.6259)  loss_bbox_aux_0: 0.0237 (0.0227)  loss_giou_aux_0: 0.2694 (0.2871)  loss_fgl_aux_0: 1.2347 (1.2352)  loss_ddf_aux_0: 0.0159 (0.0154)  loss_mal_aux_1: 0.5606 (0.5616)  loss_bbox_aux_1: 0.0218 (0.0214)  loss_giou_aux_1: 0.2597 (0.2685)  loss_fgl_aux_1: 1.2222 (1.2268)  loss_ddf_aux_1: 0.0005 (0.0005)  loss_mal_pre: 0.6302 (0.6277)  loss_bbox_pre: 0.0242 (0.0228)  loss_giou_pre: 0.2692 (0.2872)  loss_mal_enc_0: 0.7091 (0.7135)  loss_bbox_enc_0: 0.0280 (0.0271)  loss_giou_enc_0: 0.3272 (0.3360)  loss_mal_dn_0: 0.6284 (0.6352)  loss_bbox_dn_0: 0.0247 (0.0247)  loss_giou_dn_0: 0.3080 (0.3157)  loss_fgl_dn_0: 1.2489 (1.2448)  loss_ddf_dn_0: 0.1072 (0.1087)  loss_mal_dn_1: 0.5300 (0.5364)  loss_bbox_dn_1: 0.0190 (0.0187)  loss_giou_dn_1: 0.2342 (0.2434)  loss_fgl_dn_1: 1.1931 (1.1936)  loss_ddf_dn_1: 0.0027 (0.0028)  loss_mal_dn_2: 0.5285 (0.5349)  loss_bbox_dn_2: 0.0192 (0.0186)  loss_giou_dn_2: 0.2360 (0.2421)  loss_fgl_dn_2: 1.1920 (1.1928)  loss_ddf_dn_2: -0.0000 (0.0000)  loss_mal_dn_pre: 0.6333 (0.6379)  loss_bbox_dn_pre: 0.0247 (0.0246)  loss_giou_dn_pre: 0.3080 (0.3143)  time: 0.5274  data: 0.0371  max mem: 5226
Epoch: [17/30]  [20/44]  eta: 0:00:13  lr: 0.000100  loss: 15.5604 (15.6913)  loss_mal: 0.5576 (0.5595)  loss_bbox: 0.0215 (0.0216)  loss_giou: 0.2548 (0.2691)  loss_fgl: 1.2179 (1.2212)  loss_mal_aux_0: 0.6364 (0.6417)  loss_bbox_aux_0: 0.0237 (0.0232)  loss_giou_aux_0: 0.2694 (0.2883)  loss_fgl_aux_0: 1.2307 (1.2337)  loss_ddf_aux_0: 0.0159 (0.0159)  loss_mal_aux_1: 0.5606 (0.5643)  loss_bbox_aux_1: 0.0215 (0.0216)  loss_giou_aux_1: 0.2533 (0.2692)  loss_fgl_aux_1: 1.2186 (1.2214)  loss_ddf_aux_1: 0.0005 (0.0005)  loss_mal_pre: 0.6356 (0.6415)  loss_bbox_pre: 0.0242 (0.0233)  loss_giou_pre: 0.2692 (0.2885)  loss_mal_enc_0: 0.7270 (0.7231)  loss_bbox_enc_0: 0.0280 (0.0277)  loss_giou_enc_0: 0.3333 (0.3389)  loss_mal_dn_0: 0.6320 (0.6366)  loss_bbox_dn_0: 0.0250 (0.0254)  loss_giou_dn_0: 0.3054 (0.3179)  loss_fgl_dn_0: 1.2442 (1.2457)  loss_ddf_dn_0: 0.1073 (0.1100)  loss_mal_dn_1: 0.5315 (0.5362)  loss_bbox_dn_1: 0.0190 (0.0190)  loss_giou_dn_1: 0.2342 (0.2432)  loss_fgl_dn_1: 1.1887 (1.1919)  loss_ddf_dn_1: 0.0027 (0.0029)  loss_mal_dn_2: 0.5302 (0.5346)  loss_bbox_dn_2: 0.0192 (0.0189)  loss_giou_dn_2: 0.2360 (0.2422)  loss_fgl_dn_2: 1.1889 (1.1912)  loss_ddf_dn_2: -0.0000 (0.0000)  loss_mal_dn_pre: 0.6352 (0.6393)  loss_bbox_dn_pre: 0.0251 (0.0253)  loss_giou_dn_pre: 0.3048 (0.3170)  time: 0.5366  data: 0.0155  max mem: 5226
Epoch: [17/30]  [30/44]  eta: 0:00:07  lr: 0.000100  loss: 15.8266 (15.7630)  loss_mal: 0.5604 (0.5620)  loss_bbox: 0.0223 (0.0223)  loss_giou: 0.2752 (0.2757)  loss_fgl: 1.2096 (1.2225)  loss_mal_aux_0: 0.6467 (0.6388)  loss_bbox_aux_0: 0.0245 (0.0238)  loss_giou_aux_0: 0.3010 (0.2930)  loss_fgl_aux_0: 1.2276 (1.2340)  loss_ddf_aux_0: 0.0168 (0.0164)  loss_mal_aux_1: 0.5697 (0.5668)  loss_bbox_aux_1: 0.0224 (0.0224)  loss_giou_aux_1: 0.2777 (0.2759)  loss_fgl_aux_1: 1.2093 (1.2228)  loss_ddf_aux_1: 0.0005 (0.0005)  loss_mal_pre: 0.6420 (0.6395)  loss_bbox_pre: 0.0247 (0.0239)  loss_giou_pre: 0.3009 (0.2934)  loss_mal_enc_0: 0.7311 (0.7235)  loss_bbox_enc_0: 0.0295 (0.0288)  loss_giou_enc_0: 0.3544 (0.3482)  loss_mal_dn_0: 0.6350 (0.6365)  loss_bbox_dn_0: 0.0259 (0.0259)  loss_giou_dn_0: 0.3317 (0.3212)  loss_fgl_dn_0: 1.2439 (1.2466)  loss_ddf_dn_0: 0.1172 (0.1128)  loss_mal_dn_1: 0.5381 (0.5397)  loss_bbox_dn_1: 0.0199 (0.0195)  loss_giou_dn_1: 0.2437 (0.2473)  loss_fgl_dn_1: 1.1905 (1.1937)  loss_ddf_dn_1: 0.0031 (0.0031)  loss_mal_dn_2: 0.5354 (0.5381)  loss_bbox_dn_2: 0.0196 (0.0194)  loss_giou_dn_2: 0.2418 (0.2462)  loss_fgl_dn_2: 1.1889 (1.1930)  loss_ddf_dn_2: -0.0000 (0.0000)  loss_mal_dn_pre: 0.6390 (0.6393)  loss_bbox_dn_pre: 0.0258 (0.0259)  loss_giou_dn_pre: 0.3316 (0.3205)  time: 0.5767  data: 0.0160  max mem: 5226
Epoch: [17/30]  [40/44]  eta: 0:00:02  lr: 0.000100  loss: 15.9142 (15.8662)  loss_mal: 0.5648 (0.5671)  loss_bbox: 0.0240 (0.0230)  loss_giou: 0.2855 (0.2820)  loss_fgl: 1.2298 (1.2258)  loss_mal_aux_0: 0.6467 (0.6407)  loss_bbox_aux_0: 0.0258 (0.0246)  loss_giou_aux_0: 0.3086 (0.3009)  loss_fgl_aux_0: 1.2416 (1.2373)  loss_ddf_aux_0: 0.0175 (0.0170)  loss_mal_aux_1: 0.5748 (0.5726)  loss_bbox_aux_1: 0.0240 (0.0230)  loss_giou_aux_1: 0.2876 (0.2820)  loss_fgl_aux_1: 1.2286 (1.2257)  loss_ddf_aux_1: 0.0006 (0.0006)  loss_mal_pre: 0.6447 (0.6412)  loss_bbox_pre: 0.0256 (0.0247)  loss_giou_pre: 0.3093 (0.3013)  loss_mal_enc_0: 0.7162 (0.7233)  loss_bbox_enc_0: 0.0297 (0.0293)  loss_giou_enc_0: 0.3608 (0.3530)  loss_mal_dn_0: 0.6367 (0.6391)  loss_bbox_dn_0: 0.0275 (0.0263)  loss_giou_dn_0: 0.3336 (0.3248)  loss_fgl_dn_0: 1.2427 (1.2482)  loss_ddf_dn_0: 0.1175 (0.1142)  loss_mal_dn_1: 0.5467 (0.5446)  loss_bbox_dn_1: 0.0209 (0.0199)  loss_giou_dn_1: 0.2564 (0.2520)  loss_fgl_dn_1: 1.1977 (1.1965)  loss_ddf_dn_1: 0.0033 (0.0032)  loss_mal_dn_2: 0.5460 (0.5428)  loss_bbox_dn_2: 0.0208 (0.0199)  loss_giou_dn_2: 0.2554 (0.2512)  loss_fgl_dn_2: 1.1989 (1.1961)  loss_ddf_dn_2: -0.0000 (0.0000)  loss_mal_dn_pre: 0.6392 (0.6420)  loss_bbox_dn_pre: 0.0272 (0.0263)  loss_giou_dn_pre: 0.3335 (0.3241)  time: 0.5717  data: 0.0164  max mem: 5226
Epoch: [17/30]  [43/44]  eta: 0:00:00  lr: 0.000100  loss: 15.9142 (15.8763)  loss_mal: 0.5648 (0.5676)  loss_bbox: 0.0240 (0.0230)  loss_giou: 0.2855 (0.2823)  loss_fgl: 1.2336 (1.2266)  loss_mal_aux_0: 0.6467 (0.6420)  loss_bbox_aux_0: 0.0258 (0.0247)  loss_giou_aux_0: 0.3074 (0.3020)  loss_fgl_aux_0: 1.2457 (1.2382)  loss_ddf_aux_0: 0.0179 (0.0170)  loss_mal_aux_1: 0.5748 (0.5728)  loss_bbox_aux_1: 0.0240 (0.0230)  loss_giou_aux_1: 0.2876 (0.2823)  loss_fgl_aux_1: 1.2320 (1.2266)  loss_ddf_aux_1: 0.0006 (0.0005)  loss_mal_pre: 0.6447 (0.6424)  loss_bbox_pre: 0.0256 (0.0248)  loss_giou_pre: 0.3089 (0.3023)  loss_mal_enc_0: 0.7162 (0.7241)  loss_bbox_enc_0: 0.0295 (0.0293)  loss_giou_enc_0: 0.3608 (0.3535)  loss_mal_dn_0: 0.6359 (0.6389)  loss_bbox_dn_0: 0.0269 (0.0262)  loss_giou_dn_0: 0.3317 (0.3246)  loss_fgl_dn_0: 1.2556 (1.2488)  loss_ddf_dn_0: 0.1144 (0.1144)  loss_mal_dn_1: 0.5467 (0.5448)  loss_bbox_dn_1: 0.0209 (0.0198)  loss_giou_dn_1: 0.2564 (0.2519)  loss_fgl_dn_1: 1.1987 (1.1971)  loss_ddf_dn_1: 0.0031 (0.0032)  loss_mal_dn_2: 0.5460 (0.5428)  loss_bbox_dn_2: 0.0208 (0.0198)  loss_giou_dn_2: 0.2554 (0.2511)  loss_fgl_dn_2: 1.1991 (1.1966)  loss_ddf_dn_2: -0.0000 (0.0000)  loss_mal_dn_pre: 0.6389 (0.6416)  loss_bbox_dn_pre: 0.0268 (0.0262)  loss_giou_dn_pre: 0.3316 (0.3238)  time: 0.5677  data: 0.0163  max mem: 5226
Epoch: [17/30] Total time: 0:00:24 (0.5624 s / it)
Averaged stats: lr: 0.000100  loss: 15.9142 (15.8763)  loss_mal: 0.5648 (0.5676)  loss_bbox: 0.0240 (0.0230)  loss_giou: 0.2855 (0.2823)  loss_fgl: 1.2336 (1.2266)  loss_mal_aux_0: 0.6467 (0.6420)  loss_bbox_aux_0: 0.0258 (0.0247)  loss_giou_aux_0: 0.3074 (0.3020)  loss_fgl_aux_0: 1.2457 (1.2382)  loss_ddf_aux_0: 0.0179 (0.0170)  loss_mal_aux_1: 0.5748 (0.5728)  loss_bbox_aux_1: 0.0240 (0.0230)  loss_giou_aux_1: 0.2876 (0.2823)  loss_fgl_aux_1: 1.2320 (1.2266)  loss_ddf_aux_1: 0.0006 (0.0005)  loss_mal_pre: 0.6447 (0.6424)  loss_bbox_pre: 0.0256 (0.0248)  loss_giou_pre: 0.3089 (0.3023)  loss_mal_enc_0: 0.7162 (0.7241)  loss_bbox_enc_0: 0.0295 (0.0293)  loss_giou_enc_0: 0.3608 (0.3535)  loss_mal_dn_0: 0.6359 (0.6389)  loss_bbox_dn_0: 0.0269 (0.0262)  loss_giou_dn_0: 0.3317 (0.3246)  loss_fgl_dn_0: 1.2556 (1.2488)  loss_ddf_dn_0: 0.1144 (0.1144)  loss_mal_dn_1: 0.5467 (0.5448)  loss_bbox_dn_1: 0.0209 (0.0198)  loss_giou_dn_1: 0.2564 (0.2519)  loss_fgl_dn_1: 1.1987 (1.1971)  loss_ddf_dn_1: 0.0031 (0.0032)  loss_mal_dn_2: 0.5460 (0.5428)  loss_bbox_dn_2: 0.0208 (0.0198)  loss_giou_dn_2: 0.2554 (0.2511)  loss_fgl_dn_2: 1.1991 (1.1966)  loss_ddf_dn_2: -0.0000 (0.0000)  loss_mal_dn_pre: 0.6389 (0.6416)  loss_bbox_dn_pre: 0.0268 (0.0262)  loss_giou_dn_pre: 0.3316 (0.3238)
Test:  [0/9]  eta: 0:00:04    time: 0.4574  data: 0.2606  max mem: 5226
Test:  [8/9]  eta: 0:00:00    time: 0.1483  data: 0.0420  max mem: 5226
Test: Total time: 0:00:01 (0.1524 s / it)
Metrics: {'f1': 0.9791666666666666, 'precision': 0.9791666666666666, 'recall': 0.9791666666666666, 'iou': 0.6738514555554812, 'TPs': 141, 'FPs': 3, 'FNs': 3}
Averaged stats: 
Accumulating evaluation results...
COCOeval_opt.accumulate() finished...
DONE (t=0.01s).
IoU metric: bbox
 Average Precision  (AP) @[ IoU=0.50:0.95 | area=   all | maxDets=100 ] = 0.352
 Average Precision  (AP) @[ IoU=0.50      | area=   all | maxDets=100 ] = 0.957
 Average Precision  (AP) @[ IoU=0.75      | area=   all | maxDets=100 ] = 0.154
 Average Precision  (AP) @[ IoU=0.50:0.95 | area= small | maxDets=100 ] = 0.352
 Average Precision  (AP) @[ IoU=0.50:0.95 | area=medium | maxDets=100 ] = -1.000
 Average Precision  (AP) @[ IoU=0.50:0.95 | area= large | maxDets=100 ] = -1.000
 Average Recall     (AR) @[ IoU=0.50:0.95 | area=   all | maxDets=  1 ] = 0.200
 Average Recall     (AR) @[ IoU=0.50:0.95 | area=   all | maxDets= 10 ] = 0.477
 Average Recall     (AR) @[ IoU=0.50:0.95 | area=   all | maxDets=100 ] = 0.572
 Average Recall     (AR) @[ IoU=0.50:0.95 | area= small | maxDets=100 ] = 0.572
 Average Recall     (AR) @[ IoU=0.50:0.95 | area=medium | maxDets=100 ] = -1.000
 Average Recall     (AR) @[ IoU=0.50:0.95 | area= large | maxDets=100 ] = -1.000
 Average Recall     (AR) @[ IoU=0.50      | area=   all | maxDets=100 ] = 0.986
 Average Recall     (AR) @[ IoU=0.75      | area=   all | maxDets=100 ] = 0.576
best_stat: {'epoch': 5, 'coco_eval_bbox': 0.37439849913602513}
Epoch: [18/30]  [ 0/44]  eta: 0:00:34  lr: 0.000100  loss: 15.8726 (15.8726)  loss_mal: 0.5556 (0.5556)  loss_bbox: 0.0210 (0.0210)  loss_giou: 0.2594 (0.2594)  loss_fgl: 1.2224 (1.2224)  loss_mal_aux_0: 0.6429 (0.6429)  loss_bbox_aux_0: 0.0243 (0.0243)  loss_giou_aux_0: 0.3011 (0.3011)  loss_fgl_aux_0: 1.2434 (1.2434)  loss_ddf_aux_0: 0.0173 (0.0173)  loss_mal_aux_1: 0.5589 (0.5589)  loss_bbox_aux_1: 0.0210 (0.0210)  loss_giou_aux_1: 0.2595 (0.2595)  loss_fgl_aux_1: 1.2231 (1.2231)  loss_ddf_aux_1: 0.0004 (0.0004)  loss_mal_pre: 0.6427 (0.6427)  loss_bbox_pre: 0.0242 (0.0242)  loss_giou_pre: 0.2984 (0.2984)  loss_mal_enc_0: 0.7429 (0.7429)  loss_bbox_enc_0: 0.0283 (0.0283)  loss_giou_enc_0: 0.4004 (0.4004)  loss_mal_dn_0: 0.6644 (0.6644)  loss_bbox_dn_0: 0.0265 (0.0265)  loss_giou_dn_0: 0.3484 (0.3484)  loss_fgl_dn_0: 1.2423 (1.2423)  loss_ddf_dn_0: 0.0997 (0.0997)  loss_mal_dn_1: 0.5360 (0.5360)  loss_bbox_dn_1: 0.0185 (0.0185)  loss_giou_dn_1: 0.2411 (0.2411)  loss_fgl_dn_1: 1.1866 (1.1866)  loss_ddf_dn_1: 0.0024 (0.0024)  loss_mal_dn_2: 0.5336 (0.5336)  loss_bbox_dn_2: 0.0184 (0.0184)  loss_giou_dn_2: 0.2391 (0.2391)  loss_fgl_dn_2: 1.1853 (1.1853)  loss_ddf_dn_2: -0.0000 (0.0000)  loss_mal_dn_pre: 0.6683 (0.6683)  loss_bbox_dn_pre: 0.0265 (0.0265)  loss_giou_dn_pre: 0.3483 (0.3483)  time: 0.7932  data: 0.2621  max mem: 5226
Epoch: [18/30]  [10/44]  eta: 0:00:17  lr: 0.000100  loss: 15.6232 (15.7025)  loss_mal: 0.5556 (0.5554)  loss_bbox: 0.0222 (0.0215)  loss_giou: 0.2594 (0.2672)  loss_fgl: 1.2164 (1.2129)  loss_mal_aux_0: 0.6527 (0.6540)  loss_bbox_aux_0: 0.0237 (0.0233)  loss_giou_aux_0: 0.2850 (0.2901)  loss_fgl_aux_0: 1.2237 (1.2252)  loss_ddf_aux_0: 0.0178 (0.0194)  loss_mal_aux_1: 0.5589 (0.5645)  loss_bbox_aux_1: 0.0220 (0.0215)  loss_giou_aux_1: 0.2595 (0.2675)  loss_fgl_aux_1: 1.2150 (1.2135)  loss_ddf_aux_1: 0.0006 (0.0006)  loss_mal_pre: 0.6536 (0.6512)  loss_bbox_pre: 0.0235 (0.0232)  loss_giou_pre: 0.2807 (0.2884)  loss_mal_enc_0: 0.7037 (0.7082)  loss_bbox_enc_0: 0.0271 (0.0276)  loss_giou_enc_0: 0.3249 (0.3373)  loss_mal_dn_0: 0.6481 (0.6429)  loss_bbox_dn_0: 0.0265 (0.0263)  loss_giou_dn_0: 0.3220 (0.3278)  loss_fgl_dn_0: 1.2397 (1.2419)  loss_ddf_dn_0: 0.1132 (0.1149)  loss_mal_dn_1: 0.5360 (0.5392)  loss_bbox_dn_1: 0.0198 (0.0194)  loss_giou_dn_1: 0.2411 (0.2464)  loss_fgl_dn_1: 1.1866 (1.1858)  loss_ddf_dn_1: 0.0034 (0.0039)  loss_mal_dn_2: 0.5336 (0.5362)  loss_bbox_dn_2: 0.0197 (0.0192)  loss_giou_dn_2: 0.2417 (0.2450)  loss_fgl_dn_2: 1.1853 (1.1847)  loss_ddf_dn_2: -0.0000 (0.0000)  loss_mal_dn_pre: 0.6469 (0.6447)  loss_bbox_dn_pre: 0.0265 (0.0261)  loss_giou_dn_pre: 0.3230 (0.3257)  time: 0.5234  data: 0.0394  max mem: 5226
Epoch: [18/30]  [20/44]  eta: 0:00:13  lr: 0.000100  loss: 15.4249 (15.7325)  loss_mal: 0.5563 (0.5620)  loss_bbox: 0.0215 (0.0221)  loss_giou: 0.2610 (0.2729)  loss_fgl: 1.2103 (1.2178)  loss_mal_aux_0: 0.6381 (0.6412)  loss_bbox_aux_0: 0.0222 (0.0236)  loss_giou_aux_0: 0.2850 (0.2912)  loss_fgl_aux_0: 1.2192 (1.2280)  loss_ddf_aux_0: 0.0173 (0.0186)  loss_mal_aux_1: 0.5588 (0.5668)  loss_bbox_aux_1: 0.0216 (0.0221)  loss_giou_aux_1: 0.2635 (0.2729)  loss_fgl_aux_1: 1.2105 (1.2182)  loss_ddf_aux_1: 0.0005 (0.0005)  loss_mal_pre: 0.6380 (0.6404)  loss_bbox_pre: 0.0226 (0.0236)  loss_giou_pre: 0.2807 (0.2906)  loss_mal_enc_0: 0.7110 (0.7232)  loss_bbox_enc_0: 0.0265 (0.0280)  loss_giou_enc_0: 0.3249 (0.3380)  loss_mal_dn_0: 0.6298 (0.6380)  loss_bbox_dn_0: 0.0260 (0.0261)  loss_giou_dn_0: 0.3125 (0.3234)  loss_fgl_dn_0: 1.2397 (1.2459)  loss_ddf_dn_0: 0.1099 (0.1122)  loss_mal_dn_1: 0.5302 (0.5392)  loss_bbox_dn_1: 0.0189 (0.0196)  loss_giou_dn_1: 0.2394 (0.2476)  loss_fgl_dn_1: 1.1894 (1.1913)  loss_ddf_dn_1: 0.0031 (0.0034)  loss_mal_dn_2: 0.5271 (0.5377)  loss_bbox_dn_2: 0.0190 (0.0195)  loss_giou_dn_2: 0.2417 (0.2467)  loss_fgl_dn_2: 1.1886 (1.1907)  loss_ddf_dn_2: -0.0000 (0.0000)  loss_mal_dn_pre: 0.6315 (0.6407)  loss_bbox_dn_pre: 0.0259 (0.0261)  loss_giou_dn_pre: 0.3120 (0.3225)  time: 0.5430  data: 0.0167  max mem: 5226
Epoch: [18/30]  [30/44]  eta: 0:00:07  lr: 0.000100  loss: 15.4249 (15.7681)  loss_mal: 0.5565 (0.5643)  loss_bbox: 0.0210 (0.0226)  loss_giou: 0.2686 (0.2768)  loss_fgl: 1.2142 (1.2219)  loss_mal_aux_0: 0.6132 (0.6404)  loss_bbox_aux_0: 0.0222 (0.0241)  loss_giou_aux_0: 0.2873 (0.2953)  loss_fgl_aux_0: 1.2279 (1.2321)  loss_ddf_aux_0: 0.0165 (0.0176)  loss_mal_aux_1: 0.5612 (0.5700)  loss_bbox_aux_1: 0.0210 (0.0226)  loss_giou_aux_1: 0.2686 (0.2770)  loss_fgl_aux_1: 1.2145 (1.2221)  loss_ddf_aux_1: 0.0005 (0.0005)  loss_mal_pre: 0.6128 (0.6392)  loss_bbox_pre: 0.0226 (0.0240)  loss_giou_pre: 0.2878 (0.2947)  loss_mal_enc_0: 0.7200 (0.7185)  loss_bbox_enc_0: 0.0270 (0.0283)  loss_giou_enc_0: 0.3342 (0.3430)  loss_mal_dn_0: 0.6298 (0.6375)  loss_bbox_dn_0: 0.0248 (0.0261)  loss_giou_dn_0: 0.3121 (0.3227)  loss_fgl_dn_0: 1.2460 (1.2456)  loss_ddf_dn_0: 0.1021 (0.1078)  loss_mal_dn_1: 0.5343 (0.5407)  loss_bbox_dn_1: 0.0189 (0.0198)  loss_giou_dn_1: 0.2445 (0.2489)  loss_fgl_dn_1: 1.1909 (1.1935)  loss_ddf_dn_1: 0.0022 (0.0030)  loss_mal_dn_2: 0.5324 (0.5388)  loss_bbox_dn_2: 0.0190 (0.0197)  loss_giou_dn_2: 0.2432 (0.2481)  loss_fgl_dn_2: 1.1909 (1.1931)  loss_ddf_dn_2: -0.0000 (0.0000)  loss_mal_dn_pre: 0.6340 (0.6401)  loss_bbox_dn_pre: 0.0248 (0.0260)  loss_giou_dn_pre: 0.3120 (0.3219)  time: 0.5852  data: 0.0161  max mem: 5226
Epoch: [18/30]  [40/44]  eta: 0:00:02  lr: 0.000100  loss: 15.3602 (15.6350)  loss_mal: 0.5514 (0.5559)  loss_bbox: 0.0200 (0.0218)  loss_giou: 0.2510 (0.2696)  loss_fgl: 1.2133 (1.2172)  loss_mal_aux_0: 0.6270 (0.6354)  loss_bbox_aux_0: 0.0219 (0.0232)  loss_giou_aux_0: 0.2722 (0.2874)  loss_fgl_aux_0: 1.2275 (1.2279)  loss_ddf_aux_0: 0.0164 (0.0173)  loss_mal_aux_1: 0.5540 (0.5628)  loss_bbox_aux_1: 0.0202 (0.0219)  loss_giou_aux_1: 0.2513 (0.2700)  loss_fgl_aux_1: 1.2127 (1.2175)  loss_ddf_aux_1: 0.0005 (0.0005)  loss_mal_pre: 0.6256 (0.6343)  loss_bbox_pre: 0.0221 (0.0232)  loss_giou_pre: 0.2720 (0.2870)  loss_mal_enc_0: 0.7154 (0.7189)  loss_bbox_enc_0: 0.0263 (0.0276)  loss_giou_enc_0: 0.3270 (0.3372)  loss_mal_dn_0: 0.6190 (0.6324)  loss_bbox_dn_0: 0.0246 (0.0254)  loss_giou_dn_0: 0.2983 (0.3162)  loss_fgl_dn_0: 1.2368 (1.2426)  loss_ddf_dn_0: 0.0975 (0.1076)  loss_mal_dn_1: 0.5288 (0.5354)  loss_bbox_dn_1: 0.0183 (0.0192)  loss_giou_dn_1: 0.2363 (0.2441)  loss_fgl_dn_1: 1.1869 (1.1908)  loss_ddf_dn_1: 0.0022 (0.0029)  loss_mal_dn_2: 0.5292 (0.5330)  loss_bbox_dn_2: 0.0183 (0.0191)  loss_giou_dn_2: 0.2370 (0.2431)  loss_fgl_dn_2: 1.1858 (1.1902)  loss_ddf_dn_2: -0.0000 (0.0000)  loss_mal_dn_pre: 0.6222 (0.6354)  loss_bbox_dn_pre: 0.0245 (0.0254)  loss_giou_dn_pre: 0.2978 (0.3156)  time: 0.5842  data: 0.0156  max mem: 5226
Epoch: [18/30]  [43/44]  eta: 0:00:00  lr: 0.000100  loss: 15.3602 (15.6886)  loss_mal: 0.5439 (0.5576)  loss_bbox: 0.0200 (0.0221)  loss_giou: 0.2529 (0.2724)  loss_fgl: 1.2133 (1.2187)  loss_mal_aux_0: 0.6270 (0.6367)  loss_bbox_aux_0: 0.0219 (0.0237)  loss_giou_aux_0: 0.2723 (0.2909)  loss_fgl_aux_0: 1.2275 (1.2301)  loss_ddf_aux_0: 0.0168 (0.0175)  loss_mal_aux_1: 0.5530 (0.5645)  loss_bbox_aux_1: 0.0202 (0.0222)  loss_giou_aux_1: 0.2531 (0.2729)  loss_fgl_aux_1: 1.2127 (1.2190)  loss_ddf_aux_1: 0.0005 (0.0005)  loss_mal_pre: 0.6256 (0.6354)  loss_bbox_pre: 0.0221 (0.0236)  loss_giou_pre: 0.2738 (0.2904)  loss_mal_enc_0: 0.7208 (0.7196)  loss_bbox_enc_0: 0.0273 (0.0280)  loss_giou_enc_0: 0.3383 (0.3407)  loss_mal_dn_0: 0.6190 (0.6334)  loss_bbox_dn_0: 0.0248 (0.0257)  loss_giou_dn_0: 0.3023 (0.3185)  loss_fgl_dn_0: 1.2421 (1.2452)  loss_ddf_dn_0: 0.0991 (0.1080)  loss_mal_dn_1: 0.5288 (0.5374)  loss_bbox_dn_1: 0.0183 (0.0195)  loss_giou_dn_1: 0.2363 (0.2462)  loss_fgl_dn_1: 1.1841 (1.1930)  loss_ddf_dn_1: 0.0024 (0.0029)  loss_mal_dn_2: 0.5292 (0.5350)  loss_bbox_dn_2: 0.0183 (0.0194)  loss_giou_dn_2: 0.2370 (0.2453)  loss_fgl_dn_2: 1.1843 (1.1924)  loss_ddf_dn_2: -0.0000 (0.0000)  loss_mal_dn_pre: 0.6222 (0.6364)  loss_bbox_dn_pre: 0.0247 (0.0257)  loss_giou_dn_pre: 0.3017 (0.3180)  time: 0.5765  data: 0.0151  max mem: 5226
Epoch: [18/30] Total time: 0:00:25 (0.5693 s / it)
Averaged stats: lr: 0.000100  loss: 15.3602 (15.6886)  loss_mal: 0.5439 (0.5576)  loss_bbox: 0.0200 (0.0221)  loss_giou: 0.2529 (0.2724)  loss_fgl: 1.2133 (1.2187)  loss_mal_aux_0: 0.6270 (0.6367)  loss_bbox_aux_0: 0.0219 (0.0237)  loss_giou_aux_0: 0.2723 (0.2909)  loss_fgl_aux_0: 1.2275 (1.2301)  loss_ddf_aux_0: 0.0168 (0.0175)  loss_mal_aux_1: 0.5530 (0.5645)  loss_bbox_aux_1: 0.0202 (0.0222)  loss_giou_aux_1: 0.2531 (0.2729)  loss_fgl_aux_1: 1.2127 (1.2190)  loss_ddf_aux_1: 0.0005 (0.0005)  loss_mal_pre: 0.6256 (0.6354)  loss_bbox_pre: 0.0221 (0.0236)  loss_giou_pre: 0.2738 (0.2904)  loss_mal_enc_0: 0.7208 (0.7196)  loss_bbox_enc_0: 0.0273 (0.0280)  loss_giou_enc_0: 0.3383 (0.3407)  loss_mal_dn_0: 0.6190 (0.6334)  loss_bbox_dn_0: 0.0248 (0.0257)  loss_giou_dn_0: 0.3023 (0.3185)  loss_fgl_dn_0: 1.2421 (1.2452)  loss_ddf_dn_0: 0.0991 (0.1080)  loss_mal_dn_1: 0.5288 (0.5374)  loss_bbox_dn_1: 0.0183 (0.0195)  loss_giou_dn_1: 0.2363 (0.2462)  loss_fgl_dn_1: 1.1841 (1.1930)  loss_ddf_dn_1: 0.0024 (0.0029)  loss_mal_dn_2: 0.5292 (0.5350)  loss_bbox_dn_2: 0.0183 (0.0194)  loss_giou_dn_2: 0.2370 (0.2453)  loss_fgl_dn_2: 1.1843 (1.1924)  loss_ddf_dn_2: -0.0000 (0.0000)  loss_mal_dn_pre: 0.6222 (0.6364)  loss_bbox_dn_pre: 0.0247 (0.0257)  loss_giou_dn_pre: 0.3017 (0.3180)
Test:  [0/9]  eta: 0:00:03    time: 0.3806  data: 0.2675  max mem: 5226
Test:  [8/9]  eta: 0:00:00    time: 0.1718  data: 0.0431  max mem: 5226
Test: Total time: 0:00:01 (0.1780 s / it)
Metrics: {'f1': 0.9757785467128027, 'precision': 0.9724137931034482, 'recall': 0.9791666666666666, 'iou': 0.6691746776168411, 'TPs': 141, 'FPs': 4, 'FNs': 3}
Averaged stats: 
Accumulating evaluation results...
COCOeval_opt.accumulate() finished...
DONE (t=0.01s).
IoU metric: bbox
 Average Precision  (AP) @[ IoU=0.50:0.95 | area=   all | maxDets=100 ] = 0.350
 Average Precision  (AP) @[ IoU=0.50      | area=   all | maxDets=100 ] = 0.957
 Average Precision  (AP) @[ IoU=0.75      | area=   all | maxDets=100 ] = 0.154
 Average Precision  (AP) @[ IoU=0.50:0.95 | area= small | maxDets=100 ] = 0.350
 Average Precision  (AP) @[ IoU=0.50:0.95 | area=medium | maxDets=100 ] = -1.000
 Average Precision  (AP) @[ IoU=0.50:0.95 | area= large | maxDets=100 ] = -1.000
 Average Recall     (AR) @[ IoU=0.50:0.95 | area=   all | maxDets=  1 ] = 0.200
 Average Recall     (AR) @[ IoU=0.50:0.95 | area=   all | maxDets= 10 ] = 0.476
 Average Recall     (AR) @[ IoU=0.50:0.95 | area=   all | maxDets=100 ] = 0.567
 Average Recall     (AR) @[ IoU=0.50:0.95 | area= small | maxDets=100 ] = 0.567
 Average Recall     (AR) @[ IoU=0.50:0.95 | area=medium | maxDets=100 ] = -1.000
 Average Recall     (AR) @[ IoU=0.50:0.95 | area= large | maxDets=100 ] = -1.000
 Average Recall     (AR) @[ IoU=0.50      | area=   all | maxDets=100 ] = 0.986
 Average Recall     (AR) @[ IoU=0.75      | area=   all | maxDets=100 ] = 0.569
best_stat: {'epoch': 5, 'coco_eval_bbox': 0.37439849913602513}
Epoch: [19/30]  [ 0/44]  eta: 0:00:37  lr: 0.000100  loss: 15.1358 (15.1358)  loss_mal: 0.5172 (0.5172)  loss_bbox: 0.0182 (0.0182)  loss_giou: 0.2301 (0.2301)  loss_fgl: 1.2130 (1.2130)  loss_mal_aux_0: 0.5997 (0.5997)  loss_bbox_aux_0: 0.0201 (0.0201)  loss_giou_aux_0: 0.2516 (0.2516)  loss_fgl_aux_0: 1.2264 (1.2264)  loss_ddf_aux_0: 0.0175 (0.0175)  loss_mal_aux_1: 0.5251 (0.5251)  loss_bbox_aux_1: 0.0182 (0.0182)  loss_giou_aux_1: 0.2302 (0.2302)  loss_fgl_aux_1: 1.2136 (1.2136)  loss_ddf_aux_1: 0.0004 (0.0004)  loss_mal_pre: 0.5959 (0.5959)  loss_bbox_pre: 0.0196 (0.0196)  loss_giou_pre: 0.2490 (0.2490)  loss_mal_enc_0: 0.6844 (0.6844)  loss_bbox_enc_0: 0.0264 (0.0264)  loss_giou_enc_0: 0.3411 (0.3411)  loss_mal_dn_0: 0.6304 (0.6304)  loss_bbox_dn_0: 0.0237 (0.0237)  loss_giou_dn_0: 0.2993 (0.2993)  loss_fgl_dn_0: 1.2299 (1.2299)  loss_ddf_dn_0: 0.1243 (0.1243)  loss_mal_dn_1: 0.5195 (0.5195)  loss_bbox_dn_1: 0.0176 (0.0176)  loss_giou_dn_1: 0.2239 (0.2239)  loss_fgl_dn_1: 1.1803 (1.1803)  loss_ddf_dn_1: 0.0024 (0.0024)  loss_mal_dn_2: 0.5144 (0.5144)  loss_bbox_dn_2: 0.0175 (0.0175)  loss_giou_dn_2: 0.2232 (0.2232)  loss_fgl_dn_2: 1.1808 (1.1808)  loss_ddf_dn_2: -0.0000 (0.0000)  loss_mal_dn_pre: 0.6319 (0.6319)  loss_bbox_dn_pre: 0.0233 (0.0233)  loss_giou_dn_pre: 0.2958 (0.2958)  time: 0.8437  data: 0.2762  max mem: 5226
Epoch: [19/30]  [10/44]  eta: 0:00:16  lr: 0.000100  loss: 15.2117 (15.1958)  loss_mal: 0.5383 (0.5336)  loss_bbox: 0.0188 (0.0204)  loss_giou: 0.2427 (0.2476)  loss_fgl: 1.2000 (1.2027)  loss_mal_aux_0: 0.5997 (0.6021)  loss_bbox_aux_0: 0.0207 (0.0224)  loss_giou_aux_0: 0.2722 (0.2682)  loss_fgl_aux_0: 1.2180 (1.2212)  loss_ddf_aux_0: 0.0182 (0.0177)  loss_mal_aux_1: 0.5453 (0.5398)  loss_bbox_aux_1: 0.0191 (0.0204)  loss_giou_aux_1: 0.2437 (0.2479)  loss_fgl_aux_1: 1.2014 (1.2033)  loss_ddf_aux_1: 0.0006 (0.0006)  loss_mal_pre: 0.5988 (0.6003)  loss_bbox_pre: 0.0207 (0.0222)  loss_giou_pre: 0.2693 (0.2664)  loss_mal_enc_0: 0.6916 (0.7035)  loss_bbox_enc_0: 0.0261 (0.0266)  loss_giou_enc_0: 0.3124 (0.3180)  loss_mal_dn_0: 0.6206 (0.6216)  loss_bbox_dn_0: 0.0245 (0.0250)  loss_giou_dn_0: 0.2993 (0.3017)  loss_fgl_dn_0: 1.2353 (1.2344)  loss_ddf_dn_0: 0.1161 (0.1155)  loss_mal_dn_1: 0.5178 (0.5158)  loss_bbox_dn_1: 0.0176 (0.0180)  loss_giou_dn_1: 0.2239 (0.2244)  loss_fgl_dn_1: 1.1737 (1.1745)  loss_ddf_dn_1: 0.0027 (0.0028)  loss_mal_dn_2: 0.5144 (0.5130)  loss_bbox_dn_2: 0.0175 (0.0179)  loss_giou_dn_2: 0.2233 (0.2230)  loss_fgl_dn_2: 1.1726 (1.1735)  loss_ddf_dn_2: -0.0000 (0.0000)  loss_mal_dn_pre: 0.6245 (0.6248)  loss_bbox_dn_pre: 0.0246 (0.0249)  loss_giou_dn_pre: 0.2987 (0.3000)  time: 0.4998  data: 0.0384  max mem: 5226
Epoch: [19/30]  [20/44]  eta: 0:00:12  lr: 0.000100  loss: 15.2300 (15.3936)  loss_mal: 0.5383 (0.5393)  loss_bbox: 0.0190 (0.0209)  loss_giou: 0.2500 (0.2561)  loss_fgl: 1.2000 (1.2092)  loss_mal_aux_0: 0.6005 (0.6070)  loss_bbox_aux_0: 0.0218 (0.0232)  loss_giou_aux_0: 0.2728 (0.2792)  loss_fgl_aux_0: 1.2173 (1.2292)  loss_ddf_aux_0: 0.0184 (0.0186)  loss_mal_aux_1: 0.5479 (0.5450)  loss_bbox_aux_1: 0.0191 (0.0210)  loss_giou_aux_1: 0.2508 (0.2566)  loss_fgl_aux_1: 1.2014 (1.2099)  loss_ddf_aux_1: 0.0006 (0.0006)  loss_mal_pre: 0.6024 (0.6056)  loss_bbox_pre: 0.0216 (0.0229)  loss_giou_pre: 0.2716 (0.2770)  loss_mal_enc_0: 0.6959 (0.7091)  loss_bbox_enc_0: 0.0261 (0.0267)  loss_giou_enc_0: 0.3187 (0.3248)  loss_mal_dn_0: 0.6271 (0.6295)  loss_bbox_dn_0: 0.0245 (0.0256)  loss_giou_dn_0: 0.3009 (0.3134)  loss_fgl_dn_0: 1.2429 (1.2469)  loss_ddf_dn_0: 0.1230 (0.1200)  loss_mal_dn_1: 0.5178 (0.5227)  loss_bbox_dn_1: 0.0175 (0.0184)  loss_giou_dn_1: 0.2255 (0.2308)  loss_fgl_dn_1: 1.1834 (1.1830)  loss_ddf_dn_1: 0.0029 (0.0029)  loss_mal_dn_2: 0.5168 (0.5204)  loss_bbox_dn_2: 0.0175 (0.0183)  loss_giou_dn_2: 0.2248 (0.2295)  loss_fgl_dn_2: 1.1802 (1.1817)  loss_ddf_dn_2: -0.0000 (0.0000)  loss_mal_dn_pre: 0.6309 (0.6319)  loss_bbox_dn_pre: 0.0246 (0.0253)  loss_giou_dn_pre: 0.2991 (0.3111)  time: 0.5176  data: 0.0154  max mem: 5226
Epoch: [19/30]  [30/44]  eta: 0:00:07  lr: 0.000100  loss: 15.5317 (15.4118)  loss_mal: 0.5485 (0.5451)  loss_bbox: 0.0207 (0.0206)  loss_giou: 0.2675 (0.2587)  loss_fgl: 1.2095 (1.2115)  loss_mal_aux_0: 0.6090 (0.6086)  loss_bbox_aux_0: 0.0218 (0.0226)  loss_giou_aux_0: 0.2818 (0.2785)  loss_fgl_aux_0: 1.2185 (1.2276)  loss_ddf_aux_0: 0.0207 (0.0198)  loss_mal_aux_1: 0.5631 (0.5501)  loss_bbox_aux_1: 0.0206 (0.0206)  loss_giou_aux_1: 0.2658 (0.2590)  loss_fgl_aux_1: 1.2092 (1.2120)  loss_ddf_aux_1: 0.0006 (0.0006)  loss_mal_pre: 0.6084 (0.6074)  loss_bbox_pre: 0.0215 (0.0224)  loss_giou_pre: 0.2816 (0.2771)  loss_mal_enc_0: 0.6936 (0.7046)  loss_bbox_enc_0: 0.0261 (0.0266)  loss_giou_enc_0: 0.3256 (0.3296)  loss_mal_dn_0: 0.6228 (0.6254)  loss_bbox_dn_0: 0.0231 (0.0247)  loss_giou_dn_0: 0.3083 (0.3089)  loss_fgl_dn_0: 1.2378 (1.2449)  loss_ddf_dn_0: 0.1236 (0.1217)  loss_mal_dn_1: 0.5347 (0.5246)  loss_bbox_dn_1: 0.0175 (0.0182)  loss_giou_dn_1: 0.2402 (0.2328)  loss_fgl_dn_1: 1.1927 (1.1867)  loss_ddf_dn_1: 0.0033 (0.0031)  loss_mal_dn_2: 0.5314 (0.5225)  loss_bbox_dn_2: 0.0177 (0.0181)  loss_giou_dn_2: 0.2376 (0.2318)  loss_fgl_dn_2: 1.1932 (1.1857)  loss_ddf_dn_2: -0.0000 (0.0000)  loss_mal_dn_pre: 0.6238 (0.6280)  loss_bbox_dn_pre: 0.0229 (0.0245)  loss_giou_dn_pre: 0.3053 (0.3071)  time: 0.5761  data: 0.0167  max mem: 5226
Epoch: [19/30]  [40/44]  eta: 0:00:02  lr: 0.000100  loss: 15.4883 (15.4207)  loss_mal: 0.5629 (0.5474)  loss_bbox: 0.0207 (0.0206)  loss_giou: 0.2560 (0.2577)  loss_fgl: 1.2095 (1.2098)  loss_mal_aux_0: 0.6313 (0.6135)  loss_bbox_aux_0: 0.0219 (0.0227)  loss_giou_aux_0: 0.2751 (0.2792)  loss_fgl_aux_0: 1.2185 (1.2258)  loss_ddf_aux_0: 0.0209 (0.0202)  loss_mal_aux_1: 0.5655 (0.5520)  loss_bbox_aux_1: 0.0206 (0.0206)  loss_giou_aux_1: 0.2585 (0.2582)  loss_fgl_aux_1: 1.2092 (1.2105)  loss_ddf_aux_1: 0.0006 (0.0006)  loss_mal_pre: 0.6304 (0.6123)  loss_bbox_pre: 0.0220 (0.0226)  loss_giou_pre: 0.2731 (0.2780)  loss_mal_enc_0: 0.6930 (0.7052)  loss_bbox_enc_0: 0.0265 (0.0268)  loss_giou_enc_0: 0.3248 (0.3287)  loss_mal_dn_0: 0.6163 (0.6254)  loss_bbox_dn_0: 0.0231 (0.0248)  loss_giou_dn_0: 0.3009 (0.3094)  loss_fgl_dn_0: 1.2378 (1.2432)  loss_ddf_dn_0: 0.1236 (0.1232)  loss_mal_dn_1: 0.5284 (0.5250)  loss_bbox_dn_1: 0.0180 (0.0182)  loss_giou_dn_1: 0.2347 (0.2330)  loss_fgl_dn_1: 1.1842 (1.1852)  loss_ddf_dn_1: 0.0035 (0.0033)  loss_mal_dn_2: 0.5258 (0.5227)  loss_bbox_dn_2: 0.0179 (0.0181)  loss_giou_dn_2: 0.2331 (0.2320)  loss_fgl_dn_2: 1.1838 (1.1841)  loss_ddf_dn_2: -0.0000 (0.0000)  loss_mal_dn_pre: 0.6197 (0.6281)  loss_bbox_dn_pre: 0.0232 (0.0246)  loss_giou_dn_pre: 0.3007 (0.3079)  time: 0.5790  data: 0.0174  max mem: 5226
Epoch: [19/30]  [43/44]  eta: 0:00:00  lr: 0.000100  loss: 15.4883 (15.4486)  loss_mal: 0.5629 (0.5492)  loss_bbox: 0.0207 (0.0208)  loss_giou: 0.2560 (0.2596)  loss_fgl: 1.2095 (1.2114)  loss_mal_aux_0: 0.6215 (0.6127)  loss_bbox_aux_0: 0.0219 (0.0230)  loss_giou_aux_0: 0.2751 (0.2804)  loss_fgl_aux_0: 1.2215 (1.2274)  loss_ddf_aux_0: 0.0206 (0.0201)  loss_mal_aux_1: 0.5644 (0.5533)  loss_bbox_aux_1: 0.0206 (0.0209)  loss_giou_aux_1: 0.2585 (0.2600)  loss_fgl_aux_1: 1.2099 (1.2119)  loss_ddf_aux_1: 0.0006 (0.0006)  loss_mal_pre: 0.6216 (0.6118)  loss_bbox_pre: 0.0220 (0.0228)  loss_giou_pre: 0.2731 (0.2794)  loss_mal_enc_0: 0.6928 (0.7050)  loss_bbox_enc_0: 0.0258 (0.0272)  loss_giou_enc_0: 0.3248 (0.3316)  loss_mal_dn_0: 0.6226 (0.6262)  loss_bbox_dn_0: 0.0236 (0.0250)  loss_giou_dn_0: 0.3021 (0.3103)  loss_fgl_dn_0: 1.2404 (1.2449)  loss_ddf_dn_0: 0.1236 (0.1233)  loss_mal_dn_1: 0.5284 (0.5256)  loss_bbox_dn_1: 0.0182 (0.0184)  loss_giou_dn_1: 0.2347 (0.2338)  loss_fgl_dn_1: 1.1842 (1.1863)  loss_ddf_dn_1: 0.0036 (0.0033)  loss_mal_dn_2: 0.5258 (0.5234)  loss_bbox_dn_2: 0.0180 (0.0183)  loss_giou_dn_2: 0.2331 (0.2328)  loss_fgl_dn_2: 1.1838 (1.1854)  loss_ddf_dn_2: -0.0000 (0.0000)  loss_mal_dn_pre: 0.6238 (0.6289)  loss_bbox_dn_pre: 0.0234 (0.0248)  loss_giou_dn_pre: 0.3016 (0.3089)  time: 0.5776  data: 0.0175  max mem: 5226
Epoch: [19/30] Total time: 0:00:24 (0.5574 s / it)
Averaged stats: lr: 0.000100  loss: 15.4883 (15.4486)  loss_mal: 0.5629 (0.5492)  loss_bbox: 0.0207 (0.0208)  loss_giou: 0.2560 (0.2596)  loss_fgl: 1.2095 (1.2114)  loss_mal_aux_0: 0.6215 (0.6127)  loss_bbox_aux_0: 0.0219 (0.0230)  loss_giou_aux_0: 0.2751 (0.2804)  loss_fgl_aux_0: 1.2215 (1.2274)  loss_ddf_aux_0: 0.0206 (0.0201)  loss_mal_aux_1: 0.5644 (0.5533)  loss_bbox_aux_1: 0.0206 (0.0209)  loss_giou_aux_1: 0.2585 (0.2600)  loss_fgl_aux_1: 1.2099 (1.2119)  loss_ddf_aux_1: 0.0006 (0.0006)  loss_mal_pre: 0.6216 (0.6118)  loss_bbox_pre: 0.0220 (0.0228)  loss_giou_pre: 0.2731 (0.2794)  loss_mal_enc_0: 0.6928 (0.7050)  loss_bbox_enc_0: 0.0258 (0.0272)  loss_giou_enc_0: 0.3248 (0.3316)  loss_mal_dn_0: 0.6226 (0.6262)  loss_bbox_dn_0: 0.0236 (0.0250)  loss_giou_dn_0: 0.3021 (0.3103)  loss_fgl_dn_0: 1.2404 (1.2449)  loss_ddf_dn_0: 0.1236 (0.1233)  loss_mal_dn_1: 0.5284 (0.5256)  loss_bbox_dn_1: 0.0182 (0.0184)  loss_giou_dn_1: 0.2347 (0.2338)  loss_fgl_dn_1: 1.1842 (1.1863)  loss_ddf_dn_1: 0.0036 (0.0033)  loss_mal_dn_2: 0.5258 (0.5234)  loss_bbox_dn_2: 0.0180 (0.0183)  loss_giou_dn_2: 0.2331 (0.2328)  loss_fgl_dn_2: 1.1838 (1.1854)  loss_ddf_dn_2: -0.0000 (0.0000)  loss_mal_dn_pre: 0.6238 (0.6289)  loss_bbox_dn_pre: 0.0234 (0.0248)  loss_giou_dn_pre: 0.3016 (0.3089)
Test:  [0/9]  eta: 0:00:03    time: 0.3836  data: 0.2433  max mem: 5226
Test:  [8/9]  eta: 0:00:00    time: 0.1411  data: 0.0402  max mem: 5226
Test: Total time: 0:00:01 (0.1453 s / it)
Metrics: {'f1': 0.9757785467128027, 'precision': 0.9724137931034482, 'recall': 0.9791666666666666, 'iou': 0.669162271393312, 'TPs': 141, 'FPs': 4, 'FNs': 3}
Averaged stats: 
Accumulating evaluation results...
COCOeval_opt.accumulate() finished...
DONE (t=0.01s).
IoU metric: bbox
 Average Precision  (AP) @[ IoU=0.50:0.95 | area=   all | maxDets=100 ] = 0.349
 Average Precision  (AP) @[ IoU=0.50      | area=   all | maxDets=100 ] = 0.957
 Average Precision  (AP) @[ IoU=0.75      | area=   all | maxDets=100 ] = 0.152
 Average Precision  (AP) @[ IoU=0.50:0.95 | area= small | maxDets=100 ] = 0.349
 Average Precision  (AP) @[ IoU=0.50:0.95 | area=medium | maxDets=100 ] = -1.000
 Average Precision  (AP) @[ IoU=0.50:0.95 | area= large | maxDets=100 ] = -1.000
 Average Recall     (AR) @[ IoU=0.50:0.95 | area=   all | maxDets=  1 ] = 0.199
 Average Recall     (AR) @[ IoU=0.50:0.95 | area=   all | maxDets= 10 ] = 0.476
 Average Recall     (AR) @[ IoU=0.50:0.95 | area=   all | maxDets=100 ] = 0.565
 Average Recall     (AR) @[ IoU=0.50:0.95 | area= small | maxDets=100 ] = 0.565
 Average Recall     (AR) @[ IoU=0.50:0.95 | area=medium | maxDets=100 ] = -1.000
 Average Recall     (AR) @[ IoU=0.50:0.95 | area= large | maxDets=100 ] = -1.000
 Average Recall     (AR) @[ IoU=0.50      | area=   all | maxDets=100 ] = 0.986
 Average Recall     (AR) @[ IoU=0.75      | area=   all | maxDets=100 ] = 0.569
best_stat: {'epoch': 5, 'coco_eval_bbox': 0.37439849913602513}
Epoch: [20/30]  [ 0/44]  eta: 0:00:36  lr: 0.000100  loss: 15.3224 (15.3224)  loss_mal: 0.5135 (0.5135)  loss_bbox: 0.0224 (0.0224)  loss_giou: 0.2444 (0.2444)  loss_fgl: 1.2117 (1.2117)  loss_mal_aux_0: 0.6115 (0.6115)  loss_bbox_aux_0: 0.0251 (0.0251)  loss_giou_aux_0: 0.2756 (0.2756)  loss_fgl_aux_0: 1.2354 (1.2354)  loss_ddf_aux_0: 0.0153 (0.0153)  loss_mal_aux_1: 0.5071 (0.5071)  loss_bbox_aux_1: 0.0224 (0.0224)  loss_giou_aux_1: 0.2419 (0.2419)  loss_fgl_aux_1: 1.2123 (1.2123)  loss_ddf_aux_1: 0.0007 (0.0007)  loss_mal_pre: 0.6112 (0.6112)  loss_bbox_pre: 0.0252 (0.0252)  loss_giou_pre: 0.2760 (0.2760)  loss_mal_enc_0: 0.6751 (0.6751)  loss_bbox_enc_0: 0.0286 (0.0286)  loss_giou_enc_0: 0.3429 (0.3429)  loss_mal_dn_0: 0.6319 (0.6319)  loss_bbox_dn_0: 0.0275 (0.0275)  loss_giou_dn_0: 0.3246 (0.3246)  loss_fgl_dn_0: 1.2618 (1.2618)  loss_ddf_dn_0: 0.1018 (0.1018)  loss_mal_dn_1: 0.5082 (0.5082)  loss_bbox_dn_1: 0.0200 (0.0200)  loss_giou_dn_1: 0.2277 (0.2277)  loss_fgl_dn_1: 1.1888 (1.1888)  loss_ddf_dn_1: 0.0025 (0.0025)  loss_mal_dn_2: 0.5106 (0.5106)  loss_bbox_dn_2: 0.0200 (0.0200)  loss_giou_dn_2: 0.2286 (0.2286)  loss_fgl_dn_2: 1.1890 (1.1890)  loss_ddf_dn_2: -0.0000 (0.0000)  loss_mal_dn_pre: 0.6323 (0.6323)  loss_bbox_dn_pre: 0.0274 (0.0274)  loss_giou_dn_pre: 0.3215 (0.3215)  time: 0.8384  data: 0.2819  max mem: 5226
Epoch: [20/30]  [10/44]  eta: 0:00:17  lr: 0.000100  loss: 14.9754 (14.9429)  loss_mal: 0.5212 (0.5253)  loss_bbox: 0.0186 (0.0190)  loss_giou: 0.2406 (0.2339)  loss_fgl: 1.1816 (1.1851)  loss_mal_aux_0: 0.6147 (0.6159)  loss_bbox_aux_0: 0.0213 (0.0212)  loss_giou_aux_0: 0.2646 (0.2584)  loss_fgl_aux_0: 1.1952 (1.2022)  loss_ddf_aux_0: 0.0187 (0.0189)  loss_mal_aux_1: 0.5247 (0.5296)  loss_bbox_aux_1: 0.0184 (0.0190)  loss_giou_aux_1: 0.2404 (0.2336)  loss_fgl_aux_1: 1.1800 (1.1851)  loss_ddf_aux_1: 0.0006 (0.0006)  loss_mal_pre: 0.6144 (0.6152)  loss_bbox_pre: 0.0211 (0.0212)  loss_giou_pre: 0.2673 (0.2580)  loss_mal_enc_0: 0.6752 (0.6833)  loss_bbox_enc_0: 0.0256 (0.0252)  loss_giou_enc_0: 0.3158 (0.3091)  loss_mal_dn_0: 0.6075 (0.6095)  loss_bbox_dn_0: 0.0240 (0.0240)  loss_giou_dn_0: 0.2932 (0.2948)  loss_fgl_dn_0: 1.2146 (1.2230)  loss_ddf_dn_0: 0.1169 (0.1147)  loss_mal_dn_1: 0.5069 (0.5001)  loss_bbox_dn_1: 0.0171 (0.0169)  loss_giou_dn_1: 0.2207 (0.2141)  loss_fgl_dn_1: 1.1585 (1.1622)  loss_ddf_dn_1: 0.0028 (0.0032)  loss_mal_dn_2: 0.5051 (0.4981)  loss_bbox_dn_2: 0.0170 (0.0169)  loss_giou_dn_2: 0.2200 (0.2133)  loss_fgl_dn_2: 1.1575 (1.1618)  loss_ddf_dn_2: -0.0000 (0.0000)  loss_mal_dn_pre: 0.6114 (0.6130)  loss_bbox_dn_pre: 0.0236 (0.0239)  loss_giou_dn_pre: 0.2929 (0.2937)  time: 0.5194  data: 0.0384  max mem: 5226
Epoch: [20/30]  [20/44]  eta: 0:00:11  lr: 0.000100  loss: 14.8958 (14.9068)  loss_mal: 0.5212 (0.5212)  loss_bbox: 0.0181 (0.0180)  loss_giou: 0.2302 (0.2305)  loss_fgl: 1.1816 (1.1925)  loss_mal_aux_0: 0.5991 (0.6006)  loss_bbox_aux_0: 0.0202 (0.0201)  loss_giou_aux_0: 0.2597 (0.2555)  loss_fgl_aux_0: 1.1954 (1.2111)  loss_ddf_aux_0: 0.0187 (0.0187)  loss_mal_aux_1: 0.5247 (0.5255)  loss_bbox_aux_1: 0.0182 (0.0180)  loss_giou_aux_1: 0.2289 (0.2306)  loss_fgl_aux_1: 1.1804 (1.1930)  loss_ddf_aux_1: 0.0006 (0.0006)  loss_mal_pre: 0.6008 (0.5996)  loss_bbox_pre: 0.0203 (0.0200)  loss_giou_pre: 0.2597 (0.2544)  loss_mal_enc_0: 0.6987 (0.6895)  loss_bbox_enc_0: 0.0238 (0.0245)  loss_giou_enc_0: 0.3092 (0.3082)  loss_mal_dn_0: 0.6039 (0.6081)  loss_bbox_dn_0: 0.0218 (0.0227)  loss_giou_dn_0: 0.2847 (0.2901)  loss_fgl_dn_0: 1.2231 (1.2275)  loss_ddf_dn_0: 0.1110 (0.1099)  loss_mal_dn_1: 0.4973 (0.5000)  loss_bbox_dn_1: 0.0161 (0.0163)  loss_giou_dn_1: 0.2118 (0.2122)  loss_fgl_dn_1: 1.1639 (1.1694)  loss_ddf_dn_1: 0.0024 (0.0027)  loss_mal_dn_2: 0.4939 (0.4970)  loss_bbox_dn_2: 0.0160 (0.0162)  loss_giou_dn_2: 0.2113 (0.2111)  loss_fgl_dn_2: 1.1617 (1.1685)  loss_ddf_dn_2: -0.0000 (0.0000)  loss_mal_dn_pre: 0.6084 (0.6117)  loss_bbox_dn_pre: 0.0220 (0.0226)  loss_giou_dn_pre: 0.2840 (0.2888)  time: 0.4550  data: 0.0146  max mem: 5226
Epoch: [20/30]  [30/44]  eta: 0:00:06  lr: 0.000100  loss: 14.8958 (14.9253)  loss_mal: 0.5172 (0.5222)  loss_bbox: 0.0181 (0.0181)  loss_giou: 0.2330 (0.2314)  loss_fgl: 1.1976 (1.1961)  loss_mal_aux_0: 0.5863 (0.6004)  loss_bbox_aux_0: 0.0199 (0.0200)  loss_giou_aux_0: 0.2510 (0.2526)  loss_fgl_aux_0: 1.2186 (1.2145)  loss_ddf_aux_0: 0.0185 (0.0185)  loss_mal_aux_1: 0.5208 (0.5278)  loss_bbox_aux_1: 0.0182 (0.0181)  loss_giou_aux_1: 0.2324 (0.2317)  loss_fgl_aux_1: 1.1971 (1.1966)  loss_ddf_aux_1: 0.0006 (0.0006)  loss_mal_pre: 0.5847 (0.5991)  loss_bbox_pre: 0.0199 (0.0199)  loss_giou_pre: 0.2499 (0.2517)  loss_mal_enc_0: 0.7060 (0.6955)  loss_bbox_enc_0: 0.0244 (0.0244)  loss_giou_enc_0: 0.3152 (0.3081)  loss_mal_dn_0: 0.5970 (0.6080)  loss_bbox_dn_0: 0.0215 (0.0224)  loss_giou_dn_0: 0.2719 (0.2867)  loss_fgl_dn_0: 1.2312 (1.2290)  loss_ddf_dn_0: 0.1069 (0.1092)  loss_mal_dn_1: 0.4973 (0.5013)  loss_bbox_dn_1: 0.0159 (0.0163)  loss_giou_dn_1: 0.2098 (0.2131)  loss_fgl_dn_1: 1.1713 (1.1722)  loss_ddf_dn_1: 0.0024 (0.0027)  loss_mal_dn_2: 0.4937 (0.4982)  loss_bbox_dn_2: 0.0159 (0.0162)  loss_giou_dn_2: 0.2073 (0.2118)  loss_fgl_dn_2: 1.1715 (1.1710)  loss_ddf_dn_2: -0.0000 (0.0000)  loss_mal_dn_pre: 0.6031 (0.6120)  loss_bbox_dn_pre: 0.0214 (0.0223)  loss_giou_dn_pre: 0.2731 (0.2856)  time: 0.4568  data: 0.0151  max mem: 5226
Epoch: [20/30]  [40/44]  eta: 0:00:01  lr: 0.000100  loss: 14.8549 (14.9725)  loss_mal: 0.5218 (0.5265)  loss_bbox: 0.0183 (0.0184)  loss_giou: 0.2404 (0.2352)  loss_fgl: 1.1976 (1.1980)  loss_mal_aux_0: 0.5924 (0.6004)  loss_bbox_aux_0: 0.0198 (0.0202)  loss_giou_aux_0: 0.2499 (0.2546)  loss_fgl_aux_0: 1.2081 (1.2146)  loss_ddf_aux_0: 0.0190 (0.0188)  loss_mal_aux_1: 0.5244 (0.5316)  loss_bbox_aux_1: 0.0182 (0.0184)  loss_giou_aux_1: 0.2389 (0.2355)  loss_fgl_aux_1: 1.1971 (1.1982)  loss_ddf_aux_1: 0.0007 (0.0007)  loss_mal_pre: 0.5929 (0.5990)  loss_bbox_pre: 0.0197 (0.0201)  loss_giou_pre: 0.2513 (0.2538)  loss_mal_enc_0: 0.7156 (0.7002)  loss_bbox_enc_0: 0.0257 (0.0249)  loss_giou_enc_0: 0.3183 (0.3125)  loss_mal_dn_0: 0.6077 (0.6075)  loss_bbox_dn_0: 0.0220 (0.0226)  loss_giou_dn_0: 0.2798 (0.2862)  loss_fgl_dn_0: 1.2255 (1.2294)  loss_ddf_dn_0: 0.1069 (0.1098)  loss_mal_dn_1: 0.4990 (0.5041)  loss_bbox_dn_1: 0.0165 (0.0166)  loss_giou_dn_1: 0.2098 (0.2156)  loss_fgl_dn_1: 1.1650 (1.1729)  loss_ddf_dn_1: 0.0025 (0.0027)  loss_mal_dn_2: 0.4937 (0.5013)  loss_bbox_dn_2: 0.0165 (0.0165)  loss_giou_dn_2: 0.2073 (0.2145)  loss_fgl_dn_2: 1.1645 (1.1720)  loss_ddf_dn_2: -0.0000 (0.0000)  loss_mal_dn_pre: 0.6103 (0.6114)  loss_bbox_dn_pre: 0.0217 (0.0225)  loss_giou_dn_pre: 0.2784 (0.2853)  time: 0.4731  data: 0.0150  max mem: 5226
Epoch: [20/30]  [43/44]  eta: 0:00:00  lr: 0.000100  loss: 15.1405 (15.0273)  loss_mal: 0.5234 (0.5286)  loss_bbox: 0.0187 (0.0186)  loss_giou: 0.2409 (0.2376)  loss_fgl: 1.1976 (1.1991)  loss_mal_aux_0: 0.6032 (0.6041)  loss_bbox_aux_0: 0.0202 (0.0204)  loss_giou_aux_0: 0.2605 (0.2574)  loss_fgl_aux_0: 1.2081 (1.2157)  loss_ddf_aux_0: 0.0191 (0.0190)  loss_mal_aux_1: 0.5257 (0.5335)  loss_bbox_aux_1: 0.0189 (0.0186)  loss_giou_aux_1: 0.2412 (0.2378)  loss_fgl_aux_1: 1.1971 (1.1992)  loss_ddf_aux_1: 0.0007 (0.0007)  loss_mal_pre: 0.6079 (0.6029)  loss_bbox_pre: 0.0201 (0.0203)  loss_giou_pre: 0.2585 (0.2568)  loss_mal_enc_0: 0.7191 (0.7020)  loss_bbox_enc_0: 0.0257 (0.0251)  loss_giou_enc_0: 0.3195 (0.3141)  loss_mal_dn_0: 0.6122 (0.6095)  loss_bbox_dn_0: 0.0222 (0.0228)  loss_giou_dn_0: 0.2824 (0.2885)  loss_fgl_dn_0: 1.2283 (1.2315)  loss_ddf_dn_0: 0.1075 (0.1107)  loss_mal_dn_1: 0.5032 (0.5065)  loss_bbox_dn_1: 0.0168 (0.0168)  loss_giou_dn_1: 0.2166 (0.2176)  loss_fgl_dn_1: 1.1674 (1.1748)  loss_ddf_dn_1: 0.0025 (0.0028)  loss_mal_dn_2: 0.5027 (0.5037)  loss_bbox_dn_2: 0.0169 (0.0167)  loss_giou_dn_2: 0.2137 (0.2165)  loss_fgl_dn_2: 1.1679 (1.1739)  loss_ddf_dn_2: -0.0000 (0.0000)  loss_mal_dn_pre: 0.6152 (0.6133)  loss_bbox_dn_pre: 0.0220 (0.0227)  loss_giou_dn_pre: 0.2822 (0.2875)  time: 0.4719  data: 0.0148  max mem: 5226
Epoch: [20/30] Total time: 0:00:20 (0.4716 s / it)
Averaged stats: lr: 0.000100  loss: 15.1405 (15.0273)  loss_mal: 0.5234 (0.5286)  loss_bbox: 0.0187 (0.0186)  loss_giou: 0.2409 (0.2376)  loss_fgl: 1.1976 (1.1991)  loss_mal_aux_0: 0.6032 (0.6041)  loss_bbox_aux_0: 0.0202 (0.0204)  loss_giou_aux_0: 0.2605 (0.2574)  loss_fgl_aux_0: 1.2081 (1.2157)  loss_ddf_aux_0: 0.0191 (0.0190)  loss_mal_aux_1: 0.5257 (0.5335)  loss_bbox_aux_1: 0.0189 (0.0186)  loss_giou_aux_1: 0.2412 (0.2378)  loss_fgl_aux_1: 1.1971 (1.1992)  loss_ddf_aux_1: 0.0007 (0.0007)  loss_mal_pre: 0.6079 (0.6029)  loss_bbox_pre: 0.0201 (0.0203)  loss_giou_pre: 0.2585 (0.2568)  loss_mal_enc_0: 0.7191 (0.7020)  loss_bbox_enc_0: 0.0257 (0.0251)  loss_giou_enc_0: 0.3195 (0.3141)  loss_mal_dn_0: 0.6122 (0.6095)  loss_bbox_dn_0: 0.0222 (0.0228)  loss_giou_dn_0: 0.2824 (0.2885)  loss_fgl_dn_0: 1.2283 (1.2315)  loss_ddf_dn_0: 0.1075 (0.1107)  loss_mal_dn_1: 0.5032 (0.5065)  loss_bbox_dn_1: 0.0168 (0.0168)  loss_giou_dn_1: 0.2166 (0.2176)  loss_fgl_dn_1: 1.1674 (1.1748)  loss_ddf_dn_1: 0.0025 (0.0028)  loss_mal_dn_2: 0.5027 (0.5037)  loss_bbox_dn_2: 0.0169 (0.0167)  loss_giou_dn_2: 0.2137 (0.2165)  loss_fgl_dn_2: 1.1679 (1.1739)  loss_ddf_dn_2: -0.0000 (0.0000)  loss_mal_dn_pre: 0.6152 (0.6133)  loss_bbox_dn_pre: 0.0220 (0.0227)  loss_giou_dn_pre: 0.2822 (0.2875)
Test:  [0/9]  eta: 0:00:02    time: 0.3143  data: 0.2504  max mem: 5226
Test:  [8/9]  eta: 0:00:00    time: 0.1184  data: 0.0450  max mem: 5226
Test: Total time: 0:00:01 (0.1241 s / it)
Metrics: {'f1': 0.9757785467128027, 'precision': 0.9724137931034482, 'recall': 0.9791666666666666, 'iou': 0.6692161258008029, 'TPs': 141, 'FPs': 4, 'FNs': 3}
Averaged stats: 
Accumulating evaluation results...
COCOeval_opt.accumulate() finished...
DONE (t=0.01s).
IoU metric: bbox
 Average Precision  (AP) @[ IoU=0.50:0.95 | area=   all | maxDets=100 ] = 0.348
 Average Precision  (AP) @[ IoU=0.50      | area=   all | maxDets=100 ] = 0.957
 Average Precision  (AP) @[ IoU=0.75      | area=   all | maxDets=100 ] = 0.148
 Average Precision  (AP) @[ IoU=0.50:0.95 | area= small | maxDets=100 ] = 0.349
 Average Precision  (AP) @[ IoU=0.50:0.95 | area=medium | maxDets=100 ] = -1.000
 Average Precision  (AP) @[ IoU=0.50:0.95 | area= large | maxDets=100 ] = -1.000
 Average Recall     (AR) @[ IoU=0.50:0.95 | area=   all | maxDets=  1 ] = 0.199
 Average Recall     (AR) @[ IoU=0.50:0.95 | area=   all | maxDets= 10 ] = 0.473
 Average Recall     (AR) @[ IoU=0.50:0.95 | area=   all | maxDets=100 ] = 0.563
 Average Recall     (AR) @[ IoU=0.50:0.95 | area= small | maxDets=100 ] = 0.563
 Average Recall     (AR) @[ IoU=0.50:0.95 | area=medium | maxDets=100 ] = -1.000
 Average Recall     (AR) @[ IoU=0.50:0.95 | area= large | maxDets=100 ] = -1.000
 Average Recall     (AR) @[ IoU=0.50      | area=   all | maxDets=100 ] = 0.986
 Average Recall     (AR) @[ IoU=0.75      | area=   all | maxDets=100 ] = 0.556
best_stat: {'epoch': 5, 'coco_eval_bbox': 0.37439849913602513}
Epoch: [21/30]  [ 0/44]  eta: 0:00:28  lr: 0.000100  loss: 15.8147 (15.8147)  loss_mal: 0.6144 (0.6144)  loss_bbox: 0.0229 (0.0229)  loss_giou: 0.2746 (0.2746)  loss_fgl: 1.1940 (1.1940)  loss_mal_aux_0: 0.7043 (0.7043)  loss_bbox_aux_0: 0.0239 (0.0239)  loss_giou_aux_0: 0.2905 (0.2905)  loss_fgl_aux_0: 1.2156 (1.2156)  loss_ddf_aux_0: 0.0199 (0.0199)  loss_mal_aux_1: 0.5906 (0.5906)  loss_bbox_aux_1: 0.0226 (0.0226)  loss_giou_aux_1: 0.2713 (0.2713)  loss_fgl_aux_1: 1.1900 (1.1900)  loss_ddf_aux_1: 0.0007 (0.0007)  loss_mal_pre: 0.6993 (0.6993)  loss_bbox_pre: 0.0236 (0.0236)  loss_giou_pre: 0.2882 (0.2882)  loss_mal_enc_0: 0.7056 (0.7056)  loss_bbox_enc_0: 0.0274 (0.0274)  loss_giou_enc_0: 0.3188 (0.3188)  loss_mal_dn_0: 0.6329 (0.6329)  loss_bbox_dn_0: 0.0266 (0.0266)  loss_giou_dn_0: 0.3232 (0.3232)  loss_fgl_dn_0: 1.2329 (1.2329)  loss_ddf_dn_0: 0.1393 (0.1393)  loss_mal_dn_1: 0.5497 (0.5497)  loss_bbox_dn_1: 0.0201 (0.0201)  loss_giou_dn_1: 0.2460 (0.2460)  loss_fgl_dn_1: 1.1714 (1.1714)  loss_ddf_dn_1: 0.0046 (0.0046)  loss_mal_dn_2: 0.5504 (0.5504)  loss_bbox_dn_2: 0.0203 (0.0203)  loss_giou_dn_2: 0.2479 (0.2479)  loss_fgl_dn_2: 1.1736 (1.1736)  loss_ddf_dn_2: -0.0000 (0.0000)  loss_mal_dn_pre: 0.6329 (0.6329)  loss_bbox_dn_pre: 0.0262 (0.0262)  loss_giou_dn_pre: 0.3185 (0.3185)  time: 0.6470  data: 0.2394  max mem: 5226
Epoch: [21/30]  [10/44]  eta: 0:00:13  lr: 0.000100  loss: 15.4215 (15.3177)  loss_mal: 0.5608 (0.5626)  loss_bbox: 0.0194 (0.0204)  loss_giou: 0.2477 (0.2546)  loss_fgl: 1.2045 (1.2116)  loss_mal_aux_0: 0.6208 (0.6211)  loss_bbox_aux_0: 0.0204 (0.0214)  loss_giou_aux_0: 0.2702 (0.2647)  loss_fgl_aux_0: 1.2159 (1.2207)  loss_ddf_aux_0: 0.0189 (0.0191)  loss_mal_aux_1: 0.5584 (0.5602)  loss_bbox_aux_1: 0.0194 (0.0203)  loss_giou_aux_1: 0.2493 (0.2539)  loss_fgl_aux_1: 1.2042 (1.2114)  loss_ddf_aux_1: 0.0007 (0.0007)  loss_mal_pre: 0.6152 (0.6192)  loss_bbox_pre: 0.0203 (0.0213)  loss_giou_pre: 0.2698 (0.2638)  loss_mal_enc_0: 0.7009 (0.7049)  loss_bbox_enc_0: 0.0254 (0.0253)  loss_giou_enc_0: 0.3113 (0.3114)  loss_mal_dn_0: 0.6161 (0.6153)  loss_bbox_dn_0: 0.0249 (0.0241)  loss_giou_dn_0: 0.2959 (0.2969)  loss_fgl_dn_0: 1.2286 (1.2345)  loss_ddf_dn_0: 0.1231 (0.1201)  loss_mal_dn_1: 0.5136 (0.5206)  loss_bbox_dn_1: 0.0180 (0.0179)  loss_giou_dn_1: 0.2195 (0.2276)  loss_fgl_dn_1: 1.1792 (1.1821)  loss_ddf_dn_1: 0.0038 (0.0037)  loss_mal_dn_2: 0.5117 (0.5202)  loss_bbox_dn_2: 0.0178 (0.0179)  loss_giou_dn_2: 0.2190 (0.2272)  loss_fgl_dn_2: 1.1802 (1.1824)  loss_ddf_dn_2: -0.0000 (0.0000)  loss_mal_dn_pre: 0.6196 (0.6186)  loss_bbox_dn_pre: 0.0249 (0.0241)  loss_giou_dn_pre: 0.2948 (0.2961)  time: 0.4108  data: 0.0353  max mem: 5226
Epoch: [21/30]  [20/44]  eta: 0:00:09  lr: 0.000100  loss: 14.9669 (15.0397)  loss_mal: 0.5334 (0.5421)  loss_bbox: 0.0186 (0.0190)  loss_giou: 0.2301 (0.2393)  loss_fgl: 1.1980 (1.2008)  loss_mal_aux_0: 0.6118 (0.6072)  loss_bbox_aux_0: 0.0195 (0.0202)  loss_giou_aux_0: 0.2476 (0.2547)  loss_fgl_aux_0: 1.2074 (1.2119)  loss_ddf_aux_0: 0.0180 (0.0180)  loss_mal_aux_1: 0.5418 (0.5427)  loss_bbox_aux_1: 0.0185 (0.0189)  loss_giou_aux_1: 0.2311 (0.2392)  loss_fgl_aux_1: 1.1979 (1.2006)  loss_ddf_aux_1: 0.0005 (0.0006)  loss_mal_pre: 0.6106 (0.6058)  loss_bbox_pre: 0.0195 (0.0202)  loss_giou_pre: 0.2510 (0.2540)  loss_mal_enc_0: 0.7004 (0.7019)  loss_bbox_enc_0: 0.0236 (0.0246)  loss_giou_enc_0: 0.3106 (0.3109)  loss_mal_dn_0: 0.6052 (0.6062)  loss_bbox_dn_0: 0.0222 (0.0227)  loss_giou_dn_0: 0.2833 (0.2855)  loss_fgl_dn_0: 1.2242 (1.2271)  loss_ddf_dn_0: 0.1055 (0.1118)  loss_mal_dn_1: 0.5038 (0.5087)  loss_bbox_dn_1: 0.0161 (0.0170)  loss_giou_dn_1: 0.2114 (0.2185)  loss_fgl_dn_1: 1.1704 (1.1734)  loss_ddf_dn_1: 0.0029 (0.0032)  loss_mal_dn_2: 0.5035 (0.5082)  loss_bbox_dn_2: 0.0160 (0.0169)  loss_giou_dn_2: 0.2100 (0.2178)  loss_fgl_dn_2: 1.1680 (1.1732)  loss_ddf_dn_2: -0.0000 (0.0000)  loss_mal_dn_pre: 0.6094 (0.6099)  loss_bbox_dn_pre: 0.0222 (0.0227)  loss_giou_dn_pre: 0.2841 (0.2846)  time: 0.3960  data: 0.0155  max mem: 5226
Epoch: [21/30]  [30/44]  eta: 0:00:06  lr: 0.000100  loss: 14.9476 (15.0337)  loss_mal: 0.5257 (0.5372)  loss_bbox: 0.0168 (0.0188)  loss_giou: 0.2301 (0.2372)  loss_fgl: 1.1980 (1.2011)  loss_mal_aux_0: 0.5967 (0.6084)  loss_bbox_aux_0: 0.0188 (0.0202)  loss_giou_aux_0: 0.2480 (0.2540)  loss_fgl_aux_0: 1.2075 (1.2122)  loss_ddf_aux_0: 0.0167 (0.0178)  loss_mal_aux_1: 0.5336 (0.5395)  loss_bbox_aux_1: 0.0170 (0.0188)  loss_giou_aux_1: 0.2311 (0.2373)  loss_fgl_aux_1: 1.1967 (1.2008)  loss_ddf_aux_1: 0.0005 (0.0006)  loss_mal_pre: 0.5969 (0.6072)  loss_bbox_pre: 0.0189 (0.0202)  loss_giou_pre: 0.2510 (0.2538)  loss_mal_enc_0: 0.7126 (0.7053)  loss_bbox_enc_0: 0.0236 (0.0247)  loss_giou_enc_0: 0.3150 (0.3119)  loss_mal_dn_0: 0.6048 (0.6069)  loss_bbox_dn_0: 0.0209 (0.0226)  loss_giou_dn_0: 0.2700 (0.2842)  loss_fgl_dn_0: 1.2205 (1.2290)  loss_ddf_dn_0: 0.1055 (0.1114)  loss_mal_dn_1: 0.4976 (0.5074)  loss_bbox_dn_1: 0.0156 (0.0168)  loss_giou_dn_1: 0.2070 (0.2168)  loss_fgl_dn_1: 1.1717 (1.1763)  loss_ddf_dn_1: 0.0026 (0.0030)  loss_mal_dn_2: 0.4933 (0.5064)  loss_bbox_dn_2: 0.0155 (0.0168)  loss_giou_dn_2: 0.2071 (0.2162)  loss_fgl_dn_2: 1.1700 (1.1761)  loss_ddf_dn_2: -0.0000 (0.0000)  loss_mal_dn_pre: 0.6093 (0.6108)  loss_bbox_dn_pre: 0.0207 (0.0225)  loss_giou_dn_pre: 0.2675 (0.2833)  time: 0.4640  data: 0.0157  max mem: 5226
Epoch: [21/30]  [40/44]  eta: 0:00:01  lr: 0.000100  loss: 15.0080 (15.0380)  loss_mal: 0.5257 (0.5352)  loss_bbox: 0.0177 (0.0187)  loss_giou: 0.2343 (0.2371)  loss_fgl: 1.1957 (1.1993)  loss_mal_aux_0: 0.5961 (0.6033)  loss_bbox_aux_0: 0.0191 (0.0202)  loss_giou_aux_0: 0.2503 (0.2554)  loss_fgl_aux_0: 1.2075 (1.2107)  loss_ddf_aux_0: 0.0168 (0.0179)  loss_mal_aux_1: 0.5339 (0.5387)  loss_bbox_aux_1: 0.0175 (0.0187)  loss_giou_aux_1: 0.2358 (0.2375)  loss_fgl_aux_1: 1.1967 (1.1993)  loss_ddf_aux_1: 0.0006 (0.0006)  loss_mal_pre: 0.5935 (0.6020)  loss_bbox_pre: 0.0189 (0.0201)  loss_giou_pre: 0.2537 (0.2550)  loss_mal_enc_0: 0.7143 (0.7050)  loss_bbox_enc_0: 0.0241 (0.0248)  loss_giou_enc_0: 0.3245 (0.3129)  loss_mal_dn_0: 0.6078 (0.6104)  loss_bbox_dn_0: 0.0219 (0.0229)  loss_giou_dn_0: 0.2888 (0.2895)  loss_fgl_dn_0: 1.2307 (1.2300)  loss_ddf_dn_0: 0.1096 (0.1118)  loss_mal_dn_1: 0.4984 (0.5081)  loss_bbox_dn_1: 0.0160 (0.0168)  loss_giou_dn_1: 0.2117 (0.2178)  loss_fgl_dn_1: 1.1740 (1.1753)  loss_ddf_dn_1: 0.0026 (0.0029)  loss_mal_dn_2: 0.4933 (0.5061)  loss_bbox_dn_2: 0.0161 (0.0168)  loss_giou_dn_2: 0.2090 (0.2168)  loss_fgl_dn_2: 1.1736 (1.1747)  loss_ddf_dn_2: -0.0000 (0.0000)  loss_mal_dn_pre: 0.6109 (0.6141)  loss_bbox_dn_pre: 0.0218 (0.0228)  loss_giou_dn_pre: 0.2879 (0.2887)  time: 0.5664  data: 0.0154  max mem: 5226
Epoch: [21/30]  [43/44]  eta: 0:00:00  lr: 0.000100  loss: 15.0413 (15.0288)  loss_mal: 0.5257 (0.5334)  loss_bbox: 0.0181 (0.0187)  loss_giou: 0.2396 (0.2358)  loss_fgl: 1.1957 (1.1985)  loss_mal_aux_0: 0.6017 (0.6045)  loss_bbox_aux_0: 0.0195 (0.0202)  loss_giou_aux_0: 0.2534 (0.2550)  loss_fgl_aux_0: 1.2075 (1.2106)  loss_ddf_aux_0: 0.0174 (0.0181)  loss_mal_aux_1: 0.5339 (0.5376)  loss_bbox_aux_1: 0.0179 (0.0187)  loss_giou_aux_1: 0.2429 (0.2361)  loss_fgl_aux_1: 1.1967 (1.1985)  loss_ddf_aux_1: 0.0006 (0.0006)  loss_mal_pre: 0.5952 (0.6032)  loss_bbox_pre: 0.0196 (0.0201)  loss_giou_pre: 0.2557 (0.2545)  loss_mal_enc_0: 0.7125 (0.7022)  loss_bbox_enc_0: 0.0241 (0.0247)  loss_giou_enc_0: 0.3223 (0.3115)  loss_mal_dn_0: 0.6121 (0.6108)  loss_bbox_dn_0: 0.0225 (0.0230)  loss_giou_dn_0: 0.2909 (0.2898)  loss_fgl_dn_0: 1.2328 (1.2310)  loss_ddf_dn_0: 0.1104 (0.1121)  loss_mal_dn_1: 0.5070 (0.5076)  loss_bbox_dn_1: 0.0161 (0.0169)  loss_giou_dn_1: 0.2120 (0.2172)  loss_fgl_dn_1: 1.1761 (1.1756)  loss_ddf_dn_1: 0.0025 (0.0028)  loss_mal_dn_2: 0.5000 (0.5055)  loss_bbox_dn_2: 0.0162 (0.0168)  loss_giou_dn_2: 0.2097 (0.2162)  loss_fgl_dn_2: 1.1739 (1.1750)  loss_ddf_dn_2: -0.0000 (0.0000)  loss_mal_dn_pre: 0.6168 (0.6145)  loss_bbox_dn_pre: 0.0224 (0.0229)  loss_giou_dn_pre: 0.2888 (0.2889)  time: 0.5872  data: 0.0151  max mem: 5226
Epoch: [21/30] Total time: 0:00:21 (0.4934 s / it)
Averaged stats: lr: 0.000100  loss: 15.0413 (15.0288)  loss_mal: 0.5257 (0.5334)  loss_bbox: 0.0181 (0.0187)  loss_giou: 0.2396 (0.2358)  loss_fgl: 1.1957 (1.1985)  loss_mal_aux_0: 0.6017 (0.6045)  loss_bbox_aux_0: 0.0195 (0.0202)  loss_giou_aux_0: 0.2534 (0.2550)  loss_fgl_aux_0: 1.2075 (1.2106)  loss_ddf_aux_0: 0.0174 (0.0181)  loss_mal_aux_1: 0.5339 (0.5376)  loss_bbox_aux_1: 0.0179 (0.0187)  loss_giou_aux_1: 0.2429 (0.2361)  loss_fgl_aux_1: 1.1967 (1.1985)  loss_ddf_aux_1: 0.0006 (0.0006)  loss_mal_pre: 0.5952 (0.6032)  loss_bbox_pre: 0.0196 (0.0201)  loss_giou_pre: 0.2557 (0.2545)  loss_mal_enc_0: 0.7125 (0.7022)  loss_bbox_enc_0: 0.0241 (0.0247)  loss_giou_enc_0: 0.3223 (0.3115)  loss_mal_dn_0: 0.6121 (0.6108)  loss_bbox_dn_0: 0.0225 (0.0230)  loss_giou_dn_0: 0.2909 (0.2898)  loss_fgl_dn_0: 1.2328 (1.2310)  loss_ddf_dn_0: 0.1104 (0.1121)  loss_mal_dn_1: 0.5070 (0.5076)  loss_bbox_dn_1: 0.0161 (0.0169)  loss_giou_dn_1: 0.2120 (0.2172)  loss_fgl_dn_1: 1.1761 (1.1756)  loss_ddf_dn_1: 0.0025 (0.0028)  loss_mal_dn_2: 0.5000 (0.5055)  loss_bbox_dn_2: 0.0162 (0.0168)  loss_giou_dn_2: 0.2097 (0.2162)  loss_fgl_dn_2: 1.1739 (1.1750)  loss_ddf_dn_2: -0.0000 (0.0000)  loss_mal_dn_pre: 0.6168 (0.6145)  loss_bbox_dn_pre: 0.0224 (0.0229)  loss_giou_dn_pre: 0.2888 (0.2889)
Test:  [0/9]  eta: 0:00:02    time: 0.2967  data: 0.2287  max mem: 5226
Test:  [8/9]  eta: 0:00:00    time: 0.1412  data: 0.0404  max mem: 5226
Test: Total time: 0:00:01 (0.1461 s / it)
Metrics: {'f1': 0.9757785467128027, 'precision': 0.9724137931034482, 'recall': 0.9791666666666666, 'iou': 0.6691565610267021, 'TPs': 141, 'FPs': 4, 'FNs': 3}
Averaged stats: 
Accumulating evaluation results...
COCOeval_opt.accumulate() finished...
DONE (t=0.01s).
IoU metric: bbox
 Average Precision  (AP) @[ IoU=0.50:0.95 | area=   all | maxDets=100 ] = 0.349
 Average Precision  (AP) @[ IoU=0.50      | area=   all | maxDets=100 ] = 0.957
 Average Precision  (AP) @[ IoU=0.75      | area=   all | maxDets=100 ] = 0.150
 Average Precision  (AP) @[ IoU=0.50:0.95 | area= small | maxDets=100 ] = 0.349
 Average Precision  (AP) @[ IoU=0.50:0.95 | area=medium | maxDets=100 ] = -1.000
 Average Precision  (AP) @[ IoU=0.50:0.95 | area= large | maxDets=100 ] = -1.000
 Average Recall     (AR) @[ IoU=0.50:0.95 | area=   all | maxDets=  1 ] = 0.199
 Average Recall     (AR) @[ IoU=0.50:0.95 | area=   all | maxDets= 10 ] = 0.474
 Average Recall     (AR) @[ IoU=0.50:0.95 | area=   all | maxDets=100 ] = 0.563
 Average Recall     (AR) @[ IoU=0.50:0.95 | area= small | maxDets=100 ] = 0.563
 Average Recall     (AR) @[ IoU=0.50:0.95 | area=medium | maxDets=100 ] = -1.000
 Average Recall     (AR) @[ IoU=0.50:0.95 | area= large | maxDets=100 ] = -1.000
 Average Recall     (AR) @[ IoU=0.50      | area=   all | maxDets=100 ] = 0.986
 Average Recall     (AR) @[ IoU=0.75      | area=   all | maxDets=100 ] = 0.569
best_stat: {'epoch': 5, 'coco_eval_bbox': 0.37439849913602513}
Epoch: [22/30]  [ 0/44]  eta: 0:00:34  lr: 0.000100  loss: 14.7457 (14.7457)  loss_mal: 0.4800 (0.4800)  loss_bbox: 0.0162 (0.0162)  loss_giou: 0.2031 (0.2031)  loss_fgl: 1.1962 (1.1962)  loss_mal_aux_0: 0.6218 (0.6218)  loss_bbox_aux_0: 0.0169 (0.0169)  loss_giou_aux_0: 0.2250 (0.2250)  loss_fgl_aux_0: 1.1966 (1.1966)  loss_ddf_aux_0: 0.0201 (0.0201)  loss_mal_aux_1: 0.4855 (0.4855)  loss_bbox_aux_1: 0.0163 (0.0163)  loss_giou_aux_1: 0.2038 (0.2038)  loss_fgl_aux_1: 1.1949 (1.1949)  loss_ddf_aux_1: 0.0006 (0.0006)  loss_mal_pre: 0.6283 (0.6283)  loss_bbox_pre: 0.0173 (0.0173)  loss_giou_pre: 0.2307 (0.2307)  loss_mal_enc_0: 0.6553 (0.6553)  loss_bbox_enc_0: 0.0206 (0.0206)  loss_giou_enc_0: 0.2657 (0.2657)  loss_mal_dn_0: 0.6209 (0.6209)  loss_bbox_dn_0: 0.0225 (0.0225)  loss_giou_dn_0: 0.3080 (0.3080)  loss_fgl_dn_0: 1.2480 (1.2480)  loss_ddf_dn_0: 0.1192 (0.1192)  loss_mal_dn_1: 0.4953 (0.4953)  loss_bbox_dn_1: 0.0156 (0.0156)  loss_giou_dn_1: 0.2050 (0.2050)  loss_fgl_dn_1: 1.1744 (1.1744)  loss_ddf_dn_1: 0.0020 (0.0020)  loss_mal_dn_2: 0.4936 (0.4936)  loss_bbox_dn_2: 0.0155 (0.0155)  loss_giou_dn_2: 0.2056 (0.2056)  loss_fgl_dn_2: 1.1747 (1.1747)  loss_ddf_dn_2: -0.0000 (0.0000)  loss_mal_dn_pre: 0.6220 (0.6220)  loss_bbox_dn_pre: 0.0225 (0.0225)  loss_giou_dn_pre: 0.3060 (0.3060)  time: 0.7895  data: 0.2462  max mem: 5226
Epoch: [22/30]  [10/44]  eta: 0:00:19  lr: 0.000100  loss: 14.7457 (14.8215)  loss_mal: 0.5071 (0.5154)  loss_bbox: 0.0174 (0.0181)  loss_giou: 0.2097 (0.2260)  loss_fgl: 1.1989 (1.1998)  loss_mal_aux_0: 0.5830 (0.5866)  loss_bbox_aux_0: 0.0189 (0.0196)  loss_giou_aux_0: 0.2276 (0.2449)  loss_fgl_aux_0: 1.2089 (1.2132)  loss_ddf_aux_0: 0.0202 (0.0216)  loss_mal_aux_1: 0.5120 (0.5201)  loss_bbox_aux_1: 0.0175 (0.0181)  loss_giou_aux_1: 0.2100 (0.2264)  loss_fgl_aux_1: 1.2014 (1.2006)  loss_ddf_aux_1: 0.0006 (0.0006)  loss_mal_pre: 0.5864 (0.5870)  loss_bbox_pre: 0.0188 (0.0197)  loss_giou_pre: 0.2307 (0.2454)  loss_mal_enc_0: 0.6868 (0.6914)  loss_bbox_enc_0: 0.0231 (0.0242)  loss_giou_enc_0: 0.3018 (0.3006)  loss_mal_dn_0: 0.6035 (0.6008)  loss_bbox_dn_0: 0.0219 (0.0218)  loss_giou_dn_0: 0.2806 (0.2775)  loss_fgl_dn_0: 1.2328 (1.2297)  loss_ddf_dn_0: 0.1086 (0.1103)  loss_mal_dn_1: 0.4953 (0.4983)  loss_bbox_dn_1: 0.0161 (0.0162)  loss_giou_dn_1: 0.2050 (0.2090)  loss_fgl_dn_1: 1.1744 (1.1758)  loss_ddf_dn_1: 0.0023 (0.0022)  loss_mal_dn_2: 0.4936 (0.4972)  loss_bbox_dn_2: 0.0161 (0.0162)  loss_giou_dn_2: 0.2056 (0.2082)  loss_fgl_dn_2: 1.1747 (1.1749)  loss_ddf_dn_2: -0.0000 (0.0000)  loss_mal_dn_pre: 0.6079 (0.6049)  loss_bbox_dn_pre: 0.0218 (0.0218)  loss_giou_dn_pre: 0.2815 (0.2774)  time: 0.5877  data: 0.0361  max mem: 5226
Epoch: [22/30]  [20/44]  eta: 0:00:13  lr: 0.000100  loss: 14.7489 (14.9717)  loss_mal: 0.5147 (0.5248)  loss_bbox: 0.0180 (0.0184)  loss_giou: 0.2328 (0.2363)  loss_fgl: 1.2018 (1.2044)  loss_mal_aux_0: 0.5830 (0.5880)  loss_bbox_aux_0: 0.0189 (0.0197)  loss_giou_aux_0: 0.2521 (0.2530)  loss_fgl_aux_0: 1.2089 (1.2164)  loss_ddf_aux_0: 0.0205 (0.0209)  loss_mal_aux_1: 0.5199 (0.5280)  loss_bbox_aux_1: 0.0179 (0.0185)  loss_giou_aux_1: 0.2355 (0.2368)  loss_fgl_aux_1: 1.2016 (1.2047)  loss_ddf_aux_1: 0.0005 (0.0006)  loss_mal_pre: 0.5787 (0.5878)  loss_bbox_pre: 0.0189 (0.0197)  loss_giou_pre: 0.2515 (0.2528)  loss_mal_enc_0: 0.6926 (0.6974)  loss_bbox_enc_0: 0.0235 (0.0245)  loss_giou_enc_0: 0.3029 (0.3135)  loss_mal_dn_0: 0.6034 (0.6062)  loss_bbox_dn_0: 0.0216 (0.0221)  loss_giou_dn_0: 0.2806 (0.2860)  loss_fgl_dn_0: 1.2285 (1.2310)  loss_ddf_dn_0: 0.1086 (0.1119)  loss_mal_dn_1: 0.5003 (0.5052)  loss_bbox_dn_1: 0.0161 (0.0165)  loss_giou_dn_1: 0.2097 (0.2164)  loss_fgl_dn_1: 1.1729 (1.1783)  loss_ddf_dn_1: 0.0024 (0.0025)  loss_mal_dn_2: 0.4966 (0.5033)  loss_bbox_dn_2: 0.0161 (0.0164)  loss_giou_dn_2: 0.2110 (0.2154)  loss_fgl_dn_2: 1.1708 (1.1774)  loss_ddf_dn_2: -0.0000 (0.0000)  loss_mal_dn_pre: 0.6079 (0.6103)  loss_bbox_dn_pre: 0.0215 (0.0220)  loss_giou_dn_pre: 0.2815 (0.2849)  time: 0.5511  data: 0.0150  max mem: 5226
Epoch: [22/30]  [30/44]  eta: 0:00:07  lr: 0.000100  loss: 14.7340 (14.8840)  loss_mal: 0.5096 (0.5209)  loss_bbox: 0.0180 (0.0183)  loss_giou: 0.2260 (0.2328)  loss_fgl: 1.1929 (1.1956)  loss_mal_aux_0: 0.5835 (0.5909)  loss_bbox_aux_0: 0.0194 (0.0199)  loss_giou_aux_0: 0.2446 (0.2514)  loss_fgl_aux_0: 1.2025 (1.2093)  loss_ddf_aux_0: 0.0182 (0.0197)  loss_mal_aux_1: 0.5184 (0.5250)  loss_bbox_aux_1: 0.0180 (0.0184)  loss_giou_aux_1: 0.2262 (0.2332)  loss_fgl_aux_1: 1.1905 (1.1958)  loss_ddf_aux_1: 0.0005 (0.0006)  loss_mal_pre: 0.5770 (0.5898)  loss_bbox_pre: 0.0194 (0.0198)  loss_giou_pre: 0.2430 (0.2508)  loss_mal_enc_0: 0.6920 (0.6915)  loss_bbox_enc_0: 0.0237 (0.0243)  loss_giou_enc_0: 0.3029 (0.3055)  loss_mal_dn_0: 0.6015 (0.6044)  loss_bbox_dn_0: 0.0216 (0.0224)  loss_giou_dn_0: 0.2770 (0.2843)  loss_fgl_dn_0: 1.2190 (1.2275)  loss_ddf_dn_0: 0.1049 (0.1102)  loss_mal_dn_1: 0.4974 (0.5019)  loss_bbox_dn_1: 0.0160 (0.0165)  loss_giou_dn_1: 0.2093 (0.2139)  loss_fgl_dn_1: 1.1629 (1.1721)  loss_ddf_dn_1: 0.0027 (0.0026)  loss_mal_dn_2: 0.4963 (0.5003)  loss_bbox_dn_2: 0.0159 (0.0164)  loss_giou_dn_2: 0.2083 (0.2131)  loss_fgl_dn_2: 1.1616 (1.1715)  loss_ddf_dn_2: -0.0000 (0.0000)  loss_mal_dn_pre: 0.6071 (0.6083)  loss_bbox_dn_pre: 0.0215 (0.0223)  loss_giou_dn_pre: 0.2758 (0.2829)  time: 0.5378  data: 0.0150  max mem: 5226
Epoch: [22/30]  [40/44]  eta: 0:00:02  lr: 0.000100  loss: 14.3330 (14.8072)  loss_mal: 0.4992 (0.5171)  loss_bbox: 0.0161 (0.0181)  loss_giou: 0.2071 (0.2285)  loss_fgl: 1.1708 (1.1907)  loss_mal_aux_0: 0.5840 (0.5900)  loss_bbox_aux_0: 0.0183 (0.0196)  loss_giou_aux_0: 0.2192 (0.2457)  loss_fgl_aux_0: 1.1793 (1.2039)  loss_ddf_aux_0: 0.0183 (0.0200)  loss_mal_aux_1: 0.5052 (0.5211)  loss_bbox_aux_1: 0.0163 (0.0182)  loss_giou_aux_1: 0.2061 (0.2289)  loss_fgl_aux_1: 1.1717 (1.1909)  loss_ddf_aux_1: 0.0005 (0.0006)  loss_mal_pre: 0.5823 (0.5888)  loss_bbox_pre: 0.0183 (0.0195)  loss_giou_pre: 0.2173 (0.2449)  loss_mal_enc_0: 0.6782 (0.6890)  loss_bbox_enc_0: 0.0226 (0.0239)  loss_giou_enc_0: 0.2781 (0.3003)  loss_mal_dn_0: 0.5871 (0.6025)  loss_bbox_dn_0: 0.0211 (0.0223)  loss_giou_dn_0: 0.2607 (0.2807)  loss_fgl_dn_0: 1.2205 (1.2264)  loss_ddf_dn_0: 0.1087 (0.1118)  loss_mal_dn_1: 0.4846 (0.4995)  loss_bbox_dn_1: 0.0158 (0.0165)  loss_giou_dn_1: 0.1991 (0.2117)  loss_fgl_dn_1: 1.1629 (1.1702)  loss_ddf_dn_1: 0.0027 (0.0027)  loss_mal_dn_2: 0.4840 (0.4980)  loss_bbox_dn_2: 0.0156 (0.0164)  loss_giou_dn_2: 0.1989 (0.2109)  loss_fgl_dn_2: 1.1616 (1.1697)  loss_ddf_dn_2: -0.0000 (0.0000)  loss_mal_dn_pre: 0.5914 (0.6065)  loss_bbox_dn_pre: 0.0210 (0.0222)  loss_giou_dn_pre: 0.2591 (0.2795)  time: 0.5608  data: 0.0151  max mem: 5226
Epoch: [22/30]  [43/44]  eta: 0:00:00  lr: 0.000100  loss: 14.3965 (14.8211)  loss_mal: 0.4992 (0.5171)  loss_bbox: 0.0161 (0.0181)  loss_giou: 0.2055 (0.2286)  loss_fgl: 1.1727 (1.1907)  loss_mal_aux_0: 0.5840 (0.5937)  loss_bbox_aux_0: 0.0183 (0.0197)  loss_giou_aux_0: 0.2192 (0.2459)  loss_fgl_aux_0: 1.1912 (1.2041)  loss_ddf_aux_0: 0.0186 (0.0200)  loss_mal_aux_1: 0.5026 (0.5212)  loss_bbox_aux_1: 0.0163 (0.0181)  loss_giou_aux_1: 0.2059 (0.2290)  loss_fgl_aux_1: 1.1723 (1.1909)  loss_ddf_aux_1: 0.0005 (0.0006)  loss_mal_pre: 0.5823 (0.5924)  loss_bbox_pre: 0.0183 (0.0196)  loss_giou_pre: 0.2173 (0.2452)  loss_mal_enc_0: 0.6801 (0.6889)  loss_bbox_enc_0: 0.0226 (0.0240)  loss_giou_enc_0: 0.2789 (0.3018)  loss_mal_dn_0: 0.5874 (0.6032)  loss_bbox_dn_0: 0.0219 (0.0223)  loss_giou_dn_0: 0.2597 (0.2808)  loss_fgl_dn_0: 1.2205 (1.2263)  loss_ddf_dn_0: 0.1111 (0.1119)  loss_mal_dn_1: 0.4856 (0.5000)  loss_bbox_dn_1: 0.0158 (0.0165)  loss_giou_dn_1: 0.2001 (0.2120)  loss_fgl_dn_1: 1.1629 (1.1705)  loss_ddf_dn_1: 0.0028 (0.0027)  loss_mal_dn_2: 0.4840 (0.4985)  loss_bbox_dn_2: 0.0156 (0.0165)  loss_giou_dn_2: 0.1989 (0.2113)  loss_fgl_dn_2: 1.1616 (1.1700)  loss_ddf_dn_2: -0.0000 (0.0000)  loss_mal_dn_pre: 0.5919 (0.6072)  loss_bbox_dn_pre: 0.0217 (0.0222)  loss_giou_dn_pre: 0.2586 (0.2796)  time: 0.5669  data: 0.0150  max mem: 5226
Epoch: [22/30] Total time: 0:00:24 (0.5627 s / it)
Averaged stats: lr: 0.000100  loss: 14.3965 (14.8211)  loss_mal: 0.4992 (0.5171)  loss_bbox: 0.0161 (0.0181)  loss_giou: 0.2055 (0.2286)  loss_fgl: 1.1727 (1.1907)  loss_mal_aux_0: 0.5840 (0.5937)  loss_bbox_aux_0: 0.0183 (0.0197)  loss_giou_aux_0: 0.2192 (0.2459)  loss_fgl_aux_0: 1.1912 (1.2041)  loss_ddf_aux_0: 0.0186 (0.0200)  loss_mal_aux_1: 0.5026 (0.5212)  loss_bbox_aux_1: 0.0163 (0.0181)  loss_giou_aux_1: 0.2059 (0.2290)  loss_fgl_aux_1: 1.1723 (1.1909)  loss_ddf_aux_1: 0.0005 (0.0006)  loss_mal_pre: 0.5823 (0.5924)  loss_bbox_pre: 0.0183 (0.0196)  loss_giou_pre: 0.2173 (0.2452)  loss_mal_enc_0: 0.6801 (0.6889)  loss_bbox_enc_0: 0.0226 (0.0240)  loss_giou_enc_0: 0.2789 (0.3018)  loss_mal_dn_0: 0.5874 (0.6032)  loss_bbox_dn_0: 0.0219 (0.0223)  loss_giou_dn_0: 0.2597 (0.2808)  loss_fgl_dn_0: 1.2205 (1.2263)  loss_ddf_dn_0: 0.1111 (0.1119)  loss_mal_dn_1: 0.4856 (0.5000)  loss_bbox_dn_1: 0.0158 (0.0165)  loss_giou_dn_1: 0.2001 (0.2120)  loss_fgl_dn_1: 1.1629 (1.1705)  loss_ddf_dn_1: 0.0028 (0.0027)  loss_mal_dn_2: 0.4840 (0.4985)  loss_bbox_dn_2: 0.0156 (0.0165)  loss_giou_dn_2: 0.1989 (0.2113)  loss_fgl_dn_2: 1.1616 (1.1700)  loss_ddf_dn_2: -0.0000 (0.0000)  loss_mal_dn_pre: 0.5919 (0.6072)  loss_bbox_dn_pre: 0.0217 (0.0222)  loss_giou_dn_pre: 0.2586 (0.2796)
Test:  [0/9]  eta: 0:00:02    time: 0.3328  data: 0.2482  max mem: 5226
Test:  [8/9]  eta: 0:00:00    time: 0.1744  data: 0.0427  max mem: 5226
Test: Total time: 0:00:01 (0.1788 s / it)
Metrics: {'f1': 0.9791666666666666, 'precision': 0.9791666666666666, 'recall': 0.9791666666666666, 'iou': 0.6737770754463819, 'TPs': 141, 'FPs': 3, 'FNs': 3}
Averaged stats: 
Accumulating evaluation results...
COCOeval_opt.accumulate() finished...
DONE (t=0.01s).
IoU metric: bbox
 Average Precision  (AP) @[ IoU=0.50:0.95 | area=   all | maxDets=100 ] = 0.350
 Average Precision  (AP) @[ IoU=0.50      | area=   all | maxDets=100 ] = 0.957
 Average Precision  (AP) @[ IoU=0.75      | area=   all | maxDets=100 ] = 0.154
 Average Precision  (AP) @[ IoU=0.50:0.95 | area= small | maxDets=100 ] = 0.351
 Average Precision  (AP) @[ IoU=0.50:0.95 | area=medium | maxDets=100 ] = -1.000
 Average Precision  (AP) @[ IoU=0.50:0.95 | area= large | maxDets=100 ] = -1.000
 Average Recall     (AR) @[ IoU=0.50:0.95 | area=   all | maxDets=  1 ] = 0.198
 Average Recall     (AR) @[ IoU=0.50:0.95 | area=   all | maxDets= 10 ] = 0.475
 Average Recall     (AR) @[ IoU=0.50:0.95 | area=   all | maxDets=100 ] = 0.565
 Average Recall     (AR) @[ IoU=0.50:0.95 | area= small | maxDets=100 ] = 0.565
 Average Recall     (AR) @[ IoU=0.50:0.95 | area=medium | maxDets=100 ] = -1.000
 Average Recall     (AR) @[ IoU=0.50:0.95 | area= large | maxDets=100 ] = -1.000
 Average Recall     (AR) @[ IoU=0.50      | area=   all | maxDets=100 ] = 0.986
 Average Recall     (AR) @[ IoU=0.75      | area=   all | maxDets=100 ] = 0.576
best_stat: {'epoch': 5, 'coco_eval_bbox': 0.37439849913602513}
Epoch: [23/30]  [ 0/44]  eta: 0:00:38  lr: 0.000100  loss: 14.3002 (14.3002)  loss_mal: 0.4885 (0.4885)  loss_bbox: 0.0160 (0.0160)  loss_giou: 0.2080 (0.2080)  loss_fgl: 1.1604 (1.1604)  loss_mal_aux_0: 0.5933 (0.5933)  loss_bbox_aux_0: 0.0187 (0.0187)  loss_giou_aux_0: 0.2204 (0.2204)  loss_fgl_aux_0: 1.1781 (1.1781)  loss_ddf_aux_0: 0.0213 (0.0213)  loss_mal_aux_1: 0.4941 (0.4941)  loss_bbox_aux_1: 0.0160 (0.0160)  loss_giou_aux_1: 0.2067 (0.2067)  loss_fgl_aux_1: 1.1597 (1.1597)  loss_ddf_aux_1: 0.0005 (0.0005)  loss_mal_pre: 0.5864 (0.5864)  loss_bbox_pre: 0.0184 (0.0184)  loss_giou_pre: 0.2166 (0.2166)  loss_mal_enc_0: 0.6705 (0.6705)  loss_bbox_enc_0: 0.0209 (0.0209)  loss_giou_enc_0: 0.2448 (0.2448)  loss_mal_dn_0: 0.5904 (0.5904)  loss_bbox_dn_0: 0.0231 (0.0231)  loss_giou_dn_0: 0.2769 (0.2769)  loss_fgl_dn_0: 1.2067 (1.2067)  loss_ddf_dn_0: 0.1194 (0.1194)  loss_mal_dn_1: 0.4786 (0.4786)  loss_bbox_dn_1: 0.0155 (0.0155)  loss_giou_dn_1: 0.1967 (0.1967)  loss_fgl_dn_1: 1.1388 (1.1388)  loss_ddf_dn_1: 0.0026 (0.0026)  loss_mal_dn_2: 0.4720 (0.4720)  loss_bbox_dn_2: 0.0153 (0.0153)  loss_giou_dn_2: 0.1956 (0.1956)  loss_fgl_dn_2: 1.1378 (1.1378)  loss_ddf_dn_2: -0.0000 (0.0000)  loss_mal_dn_pre: 0.5929 (0.5929)  loss_bbox_dn_pre: 0.0229 (0.0229)  loss_giou_dn_pre: 0.2756 (0.2756)  time: 0.8684  data: 0.2472  max mem: 5226
Epoch: [23/30]  [10/44]  eta: 0:00:20  lr: 0.000100  loss: 14.2761 (14.5149)  loss_mal: 0.4992 (0.5026)  loss_bbox: 0.0160 (0.0163)  loss_giou: 0.2080 (0.2157)  loss_fgl: 1.1731 (1.1836)  loss_mal_aux_0: 0.5653 (0.5671)  loss_bbox_aux_0: 0.0181 (0.0178)  loss_giou_aux_0: 0.2258 (0.2329)  loss_fgl_aux_0: 1.1828 (1.2009)  loss_ddf_aux_0: 0.0199 (0.0200)  loss_mal_aux_1: 0.5025 (0.5064)  loss_bbox_aux_1: 0.0160 (0.0162)  loss_giou_aux_1: 0.2067 (0.2153)  loss_fgl_aux_1: 1.1717 (1.1832)  loss_ddf_aux_1: 0.0005 (0.0006)  loss_mal_pre: 0.5642 (0.5667)  loss_bbox_pre: 0.0180 (0.0178)  loss_giou_pre: 0.2267 (0.2323)  loss_mal_enc_0: 0.6705 (0.6758)  loss_bbox_enc_0: 0.0215 (0.0226)  loss_giou_enc_0: 0.2834 (0.2924)  loss_mal_dn_0: 0.5895 (0.5928)  loss_bbox_dn_0: 0.0208 (0.0206)  loss_giou_dn_0: 0.2582 (0.2704)  loss_fgl_dn_0: 1.2101 (1.2184)  loss_ddf_dn_0: 0.1083 (0.1077)  loss_mal_dn_1: 0.4786 (0.4876)  loss_bbox_dn_1: 0.0146 (0.0150)  loss_giou_dn_1: 0.1967 (0.2027)  loss_fgl_dn_1: 1.1534 (1.1616)  loss_ddf_dn_1: 0.0024 (0.0027)  loss_mal_dn_2: 0.4746 (0.4853)  loss_bbox_dn_2: 0.0145 (0.0149)  loss_giou_dn_2: 0.1956 (0.2022)  loss_fgl_dn_2: 1.1542 (1.1611)  loss_ddf_dn_2: -0.0000 (0.0000)  loss_mal_dn_pre: 0.5929 (0.5962)  loss_bbox_dn_pre: 0.0206 (0.0205)  loss_giou_dn_pre: 0.2563 (0.2690)  time: 0.6021  data: 0.0366  max mem: 5226
Epoch: [23/30]  [20/44]  eta: 0:00:13  lr: 0.000100  loss: 14.5702 (14.8110)  loss_mal: 0.5025 (0.5168)  loss_bbox: 0.0168 (0.0175)  loss_giou: 0.2142 (0.2258)  loss_fgl: 1.1785 (1.1907)  loss_mal_aux_0: 0.5653 (0.5796)  loss_bbox_aux_0: 0.0179 (0.0188)  loss_giou_aux_0: 0.2300 (0.2426)  loss_fgl_aux_0: 1.1870 (1.2034)  loss_ddf_aux_0: 0.0194 (0.0194)  loss_mal_aux_1: 0.5058 (0.5223)  loss_bbox_aux_1: 0.0168 (0.0175)  loss_giou_aux_1: 0.2151 (0.2258)  loss_fgl_aux_1: 1.1774 (1.1902)  loss_ddf_aux_1: 0.0005 (0.0005)  loss_mal_pre: 0.5642 (0.5786)  loss_bbox_pre: 0.0177 (0.0187)  loss_giou_pre: 0.2281 (0.2417)  loss_mal_enc_0: 0.6913 (0.6884)  loss_bbox_enc_0: 0.0242 (0.0238)  loss_giou_enc_0: 0.2986 (0.3053)  loss_mal_dn_0: 0.5988 (0.6077)  loss_bbox_dn_0: 0.0209 (0.0222)  loss_giou_dn_0: 0.2802 (0.2863)  loss_fgl_dn_0: 1.2252 (1.2364)  loss_ddf_dn_0: 0.1126 (0.1127)  loss_mal_dn_1: 0.4863 (0.5002)  loss_bbox_dn_1: 0.0158 (0.0162)  loss_giou_dn_1: 0.1996 (0.2130)  loss_fgl_dn_1: 1.1543 (1.1719)  loss_ddf_dn_1: 0.0026 (0.0027)  loss_mal_dn_2: 0.4841 (0.4981)  loss_bbox_dn_2: 0.0157 (0.0162)  loss_giou_dn_2: 0.1987 (0.2121)  loss_fgl_dn_2: 1.1549 (1.1710)  loss_ddf_dn_2: -0.0000 (0.0000)  loss_mal_dn_pre: 0.6013 (0.6102)  loss_bbox_dn_pre: 0.0208 (0.0220)  loss_giou_dn_pre: 0.2772 (0.2844)  time: 0.5612  data: 0.0155  max mem: 5226
Epoch: [23/30]  [30/44]  eta: 0:00:08  lr: 0.000100  loss: 14.8232 (14.8617)  loss_mal: 0.5180 (0.5197)  loss_bbox: 0.0178 (0.0176)  loss_giou: 0.2190 (0.2258)  loss_fgl: 1.1810 (1.1935)  loss_mal_aux_0: 0.5703 (0.5839)  loss_bbox_aux_0: 0.0197 (0.0193)  loss_giou_aux_0: 0.2426 (0.2446)  loss_fgl_aux_0: 1.2006 (1.2077)  loss_ddf_aux_0: 0.0197 (0.0198)  loss_mal_aux_1: 0.5226 (0.5256)  loss_bbox_aux_1: 0.0178 (0.0177)  loss_giou_aux_1: 0.2183 (0.2261)  loss_fgl_aux_1: 1.1811 (1.1935)  loss_ddf_aux_1: 0.0005 (0.0006)  loss_mal_pre: 0.5694 (0.5830)  loss_bbox_pre: 0.0197 (0.0193)  loss_giou_pre: 0.2402 (0.2439)  loss_mal_enc_0: 0.6987 (0.6916)  loss_bbox_enc_0: 0.0252 (0.0241)  loss_giou_enc_0: 0.2980 (0.3030)  loss_mal_dn_0: 0.6132 (0.6097)  loss_bbox_dn_0: 0.0226 (0.0227)  loss_giou_dn_0: 0.2959 (0.2895)  loss_fgl_dn_0: 1.2306 (1.2366)  loss_ddf_dn_0: 0.1171 (0.1136)  loss_mal_dn_1: 0.4988 (0.5013)  loss_bbox_dn_1: 0.0166 (0.0165)  loss_giou_dn_1: 0.2083 (0.2134)  loss_fgl_dn_1: 1.1644 (1.1737)  loss_ddf_dn_1: 0.0028 (0.0028)  loss_mal_dn_2: 0.4930 (0.4984)  loss_bbox_dn_2: 0.0166 (0.0164)  loss_giou_dn_2: 0.2060 (0.2120)  loss_fgl_dn_2: 1.1626 (1.1724)  loss_ddf_dn_2: -0.0000 (0.0000)  loss_mal_dn_pre: 0.6126 (0.6121)  loss_bbox_dn_pre: 0.0224 (0.0225)  loss_giou_dn_pre: 0.2945 (0.2880)  time: 0.5624  data: 0.0156  max mem: 5226
Epoch: [23/30]  [40/44]  eta: 0:00:02  lr: 0.000100  loss: 15.0218 (14.9618)  loss_mal: 0.5205 (0.5273)  loss_bbox: 0.0179 (0.0180)  loss_giou: 0.2312 (0.2311)  loss_fgl: 1.2008 (1.1968)  loss_mal_aux_0: 0.6067 (0.5941)  loss_bbox_aux_0: 0.0199 (0.0197)  loss_giou_aux_0: 0.2475 (0.2488)  loss_fgl_aux_0: 1.2155 (1.2114)  loss_ddf_aux_0: 0.0215 (0.0203)  loss_mal_aux_1: 0.5314 (0.5323)  loss_bbox_aux_1: 0.0180 (0.0180)  loss_giou_aux_1: 0.2302 (0.2311)  loss_fgl_aux_1: 1.2038 (1.1967)  loss_ddf_aux_1: 0.0006 (0.0006)  loss_mal_pre: 0.6083 (0.5923)  loss_bbox_pre: 0.0197 (0.0196)  loss_giou_pre: 0.2428 (0.2475)  loss_mal_enc_0: 0.6909 (0.6913)  loss_bbox_enc_0: 0.0248 (0.0241)  loss_giou_enc_0: 0.2980 (0.3052)  loss_mal_dn_0: 0.6197 (0.6114)  loss_bbox_dn_0: 0.0237 (0.0228)  loss_giou_dn_0: 0.2965 (0.2918)  loss_fgl_dn_0: 1.2343 (1.2376)  loss_ddf_dn_0: 0.1125 (0.1143)  loss_mal_dn_1: 0.5089 (0.5065)  loss_bbox_dn_1: 0.0171 (0.0167)  loss_giou_dn_1: 0.2160 (0.2170)  loss_fgl_dn_1: 1.1730 (1.1765)  loss_ddf_dn_1: 0.0030 (0.0028)  loss_mal_dn_2: 0.5033 (0.5039)  loss_bbox_dn_2: 0.0170 (0.0167)  loss_giou_dn_2: 0.2112 (0.2160)  loss_fgl_dn_2: 1.1733 (1.1754)  loss_ddf_dn_2: -0.0000 (0.0000)  loss_mal_dn_pre: 0.6180 (0.6138)  loss_bbox_dn_pre: 0.0233 (0.0227)  loss_giou_dn_pre: 0.2956 (0.2898)  time: 0.5751  data: 0.0155  max mem: 5226
Epoch: [23/30]  [43/44]  eta: 0:00:00  lr: 0.000100  loss: 14.9422 (14.9325)  loss_mal: 0.5205 (0.5259)  loss_bbox: 0.0176 (0.0180)  loss_giou: 0.2312 (0.2305)  loss_fgl: 1.1919 (1.1958)  loss_mal_aux_0: 0.6053 (0.5926)  loss_bbox_aux_0: 0.0196 (0.0196)  loss_giou_aux_0: 0.2427 (0.2483)  loss_fgl_aux_0: 1.2032 (1.2100)  loss_ddf_aux_0: 0.0214 (0.0202)  loss_mal_aux_1: 0.5314 (0.5314)  loss_bbox_aux_1: 0.0177 (0.0180)  loss_giou_aux_1: 0.2302 (0.2304)  loss_fgl_aux_1: 1.1939 (1.1956)  loss_ddf_aux_1: 0.0006 (0.0006)  loss_mal_pre: 0.6019 (0.5911)  loss_bbox_pre: 0.0193 (0.0195)  loss_giou_pre: 0.2343 (0.2471)  loss_mal_enc_0: 0.6800 (0.6891)  loss_bbox_enc_0: 0.0235 (0.0240)  loss_giou_enc_0: 0.2980 (0.3046)  loss_mal_dn_0: 0.6030 (0.6096)  loss_bbox_dn_0: 0.0222 (0.0227)  loss_giou_dn_0: 0.2800 (0.2900)  loss_fgl_dn_0: 1.2256 (1.2363)  loss_ddf_dn_0: 0.1118 (0.1133)  loss_mal_dn_1: 0.5062 (0.5052)  loss_bbox_dn_1: 0.0167 (0.0166)  loss_giou_dn_1: 0.2160 (0.2161)  loss_fgl_dn_1: 1.1643 (1.1758)  loss_ddf_dn_1: 0.0030 (0.0028)  loss_mal_dn_2: 0.5033 (0.5028)  loss_bbox_dn_2: 0.0165 (0.0166)  loss_giou_dn_2: 0.2112 (0.2151)  loss_fgl_dn_2: 1.1629 (1.1749)  loss_ddf_dn_2: -0.0000 (0.0000)  loss_mal_dn_pre: 0.6050 (0.6121)  loss_bbox_dn_pre: 0.0220 (0.0225)  loss_giou_dn_pre: 0.2772 (0.2879)  time: 0.5828  data: 0.0153  max mem: 5226
Epoch: [23/30] Total time: 0:00:25 (0.5750 s / it)
Averaged stats: lr: 0.000100  loss: 14.9422 (14.9325)  loss_mal: 0.5205 (0.5259)  loss_bbox: 0.0176 (0.0180)  loss_giou: 0.2312 (0.2305)  loss_fgl: 1.1919 (1.1958)  loss_mal_aux_0: 0.6053 (0.5926)  loss_bbox_aux_0: 0.0196 (0.0196)  loss_giou_aux_0: 0.2427 (0.2483)  loss_fgl_aux_0: 1.2032 (1.2100)  loss_ddf_aux_0: 0.0214 (0.0202)  loss_mal_aux_1: 0.5314 (0.5314)  loss_bbox_aux_1: 0.0177 (0.0180)  loss_giou_aux_1: 0.2302 (0.2304)  loss_fgl_aux_1: 1.1939 (1.1956)  loss_ddf_aux_1: 0.0006 (0.0006)  loss_mal_pre: 0.6019 (0.5911)  loss_bbox_pre: 0.0193 (0.0195)  loss_giou_pre: 0.2343 (0.2471)  loss_mal_enc_0: 0.6800 (0.6891)  loss_bbox_enc_0: 0.0235 (0.0240)  loss_giou_enc_0: 0.2980 (0.3046)  loss_mal_dn_0: 0.6030 (0.6096)  loss_bbox_dn_0: 0.0222 (0.0227)  loss_giou_dn_0: 0.2800 (0.2900)  loss_fgl_dn_0: 1.2256 (1.2363)  loss_ddf_dn_0: 0.1118 (0.1133)  loss_mal_dn_1: 0.5062 (0.5052)  loss_bbox_dn_1: 0.0167 (0.0166)  loss_giou_dn_1: 0.2160 (0.2161)  loss_fgl_dn_1: 1.1643 (1.1758)  loss_ddf_dn_1: 0.0030 (0.0028)  loss_mal_dn_2: 0.5033 (0.5028)  loss_bbox_dn_2: 0.0165 (0.0166)  loss_giou_dn_2: 0.2112 (0.2151)  loss_fgl_dn_2: 1.1629 (1.1749)  loss_ddf_dn_2: -0.0000 (0.0000)  loss_mal_dn_pre: 0.6050 (0.6121)  loss_bbox_dn_pre: 0.0220 (0.0225)  loss_giou_dn_pre: 0.2772 (0.2879)
Test:  [0/9]  eta: 0:00:03    time: 0.3363  data: 0.2421  max mem: 5226
Test:  [8/9]  eta: 0:00:00    time: 0.1432  data: 0.0425  max mem: 5226
Test: Total time: 0:00:01 (0.1474 s / it)
Metrics: {'f1': 0.9791666666666666, 'precision': 0.9791666666666666, 'recall': 0.9791666666666666, 'iou': 0.6738334946891888, 'TPs': 141, 'FPs': 3, 'FNs': 3}
Averaged stats: 
Accumulating evaluation results...
COCOeval_opt.accumulate() finished...
DONE (t=0.01s).
IoU metric: bbox
 Average Precision  (AP) @[ IoU=0.50:0.95 | area=   all | maxDets=100 ] = 0.349
 Average Precision  (AP) @[ IoU=0.50      | area=   all | maxDets=100 ] = 0.957
 Average Precision  (AP) @[ IoU=0.75      | area=   all | maxDets=100 ] = 0.156
 Average Precision  (AP) @[ IoU=0.50:0.95 | area= small | maxDets=100 ] = 0.350
 Average Precision  (AP) @[ IoU=0.50:0.95 | area=medium | maxDets=100 ] = -1.000
 Average Precision  (AP) @[ IoU=0.50:0.95 | area= large | maxDets=100 ] = -1.000
 Average Recall     (AR) @[ IoU=0.50:0.95 | area=   all | maxDets=  1 ] = 0.198
 Average Recall     (AR) @[ IoU=0.50:0.95 | area=   all | maxDets= 10 ] = 0.474
 Average Recall     (AR) @[ IoU=0.50:0.95 | area=   all | maxDets=100 ] = 0.566
 Average Recall     (AR) @[ IoU=0.50:0.95 | area= small | maxDets=100 ] = 0.566
 Average Recall     (AR) @[ IoU=0.50:0.95 | area=medium | maxDets=100 ] = -1.000
 Average Recall     (AR) @[ IoU=0.50:0.95 | area= large | maxDets=100 ] = -1.000
 Average Recall     (AR) @[ IoU=0.50      | area=   all | maxDets=100 ] = 0.986
 Average Recall     (AR) @[ IoU=0.75      | area=   all | maxDets=100 ] = 0.583
best_stat: {'epoch': 5, 'coco_eval_bbox': 0.37439849913602513}
Epoch: [24/30]  [ 0/44]  eta: 0:00:37  lr: 0.000100  loss: 14.0617 (14.0617)  loss_mal: 0.4733 (0.4733)  loss_bbox: 0.0137 (0.0137)  loss_giou: 0.1850 (0.1850)  loss_fgl: 1.1525 (1.1525)  loss_mal_aux_0: 0.5301 (0.5301)  loss_bbox_aux_0: 0.0148 (0.0148)  loss_giou_aux_0: 0.2036 (0.2036)  loss_fgl_aux_0: 1.1647 (1.1647)  loss_ddf_aux_0: 0.0229 (0.0229)  loss_mal_aux_1: 0.4763 (0.4763)  loss_bbox_aux_1: 0.0136 (0.0136)  loss_giou_aux_1: 0.1842 (0.1842)  loss_fgl_aux_1: 1.1529 (1.1529)  loss_ddf_aux_1: 0.0005 (0.0005)  loss_mal_pre: 0.5301 (0.5301)  loss_bbox_pre: 0.0152 (0.0152)  loss_giou_pre: 0.2076 (0.2076)  loss_mal_enc_0: 0.6612 (0.6612)  loss_bbox_enc_0: 0.0234 (0.0234)  loss_giou_enc_0: 0.3292 (0.3292)  loss_mal_dn_0: 0.5886 (0.5886)  loss_bbox_dn_0: 0.0197 (0.0197)  loss_giou_dn_0: 0.2628 (0.2628)  loss_fgl_dn_0: 1.2017 (1.2017)  loss_ddf_dn_0: 0.1277 (0.1277)  loss_mal_dn_1: 0.4729 (0.4729)  loss_bbox_dn_1: 0.0136 (0.0136)  loss_giou_dn_1: 0.1871 (0.1871)  loss_fgl_dn_1: 1.1392 (1.1392)  loss_ddf_dn_1: 0.0028 (0.0028)  loss_mal_dn_2: 0.4720 (0.4720)  loss_bbox_dn_2: 0.0136 (0.0136)  loss_giou_dn_2: 0.1863 (0.1863)  loss_fgl_dn_2: 1.1387 (1.1387)  loss_ddf_dn_2: -0.0000 (0.0000)  loss_mal_dn_pre: 0.5956 (0.5956)  loss_bbox_dn_pre: 0.0199 (0.0199)  loss_giou_dn_pre: 0.2645 (0.2645)  time: 0.8530  data: 0.2500  max mem: 5226
Epoch: [24/30]  [10/44]  eta: 0:00:19  lr: 0.000100  loss: 15.2474 (15.0488)  loss_mal: 0.5296 (0.5289)  loss_bbox: 0.0198 (0.0198)  loss_giou: 0.2419 (0.2412)  loss_fgl: 1.2001 (1.1988)  loss_mal_aux_0: 0.5850 (0.5990)  loss_bbox_aux_0: 0.0212 (0.0211)  loss_giou_aux_0: 0.2563 (0.2597)  loss_fgl_aux_0: 1.2088 (1.2128)  loss_ddf_aux_0: 0.0172 (0.0180)  loss_mal_aux_1: 0.5458 (0.5380)  loss_bbox_aux_1: 0.0199 (0.0199)  loss_giou_aux_1: 0.2451 (0.2422)  loss_fgl_aux_1: 1.1981 (1.1991)  loss_ddf_aux_1: 0.0006 (0.0005)  loss_mal_pre: 0.5847 (0.5978)  loss_bbox_pre: 0.0211 (0.0210)  loss_giou_pre: 0.2558 (0.2583)  loss_mal_enc_0: 0.6681 (0.6853)  loss_bbox_enc_0: 0.0239 (0.0253)  loss_giou_enc_0: 0.3143 (0.3225)  loss_mal_dn_0: 0.6203 (0.6137)  loss_bbox_dn_0: 0.0231 (0.0237)  loss_giou_dn_0: 0.3028 (0.2952)  loss_fgl_dn_0: 1.2456 (1.2345)  loss_ddf_dn_0: 0.1055 (0.1053)  loss_mal_dn_1: 0.5007 (0.5088)  loss_bbox_dn_1: 0.0168 (0.0173)  loss_giou_dn_1: 0.2130 (0.2184)  loss_fgl_dn_1: 1.1671 (1.1736)  loss_ddf_dn_1: 0.0024 (0.0024)  loss_mal_dn_2: 0.4965 (0.5056)  loss_bbox_dn_2: 0.0168 (0.0172)  loss_giou_dn_2: 0.2116 (0.2169)  loss_fgl_dn_2: 1.1677 (1.1728)  loss_ddf_dn_2: -0.0000 (0.0000)  loss_mal_dn_pre: 0.6216 (0.6171)  loss_bbox_dn_pre: 0.0230 (0.0236)  loss_giou_dn_pre: 0.3000 (0.2934)  time: 0.5854  data: 0.0368  max mem: 5226
Epoch: [24/30]  [20/44]  eta: 0:00:13  lr: 0.000100  loss: 14.6706 (14.7572)  loss_mal: 0.5093 (0.5097)  loss_bbox: 0.0180 (0.0175)  loss_giou: 0.2288 (0.2214)  loss_fgl: 1.1943 (1.1905)  loss_mal_aux_0: 0.5807 (0.5964)  loss_bbox_aux_0: 0.0188 (0.0188)  loss_giou_aux_0: 0.2451 (0.2403)  loss_fgl_aux_0: 1.2004 (1.2030)  loss_ddf_aux_0: 0.0168 (0.0171)  loss_mal_aux_1: 0.5180 (0.5204)  loss_bbox_aux_1: 0.0180 (0.0177)  loss_giou_aux_1: 0.2290 (0.2227)  loss_fgl_aux_1: 1.1916 (1.1912)  loss_ddf_aux_1: 0.0005 (0.0005)  loss_mal_pre: 0.5789 (0.5959)  loss_bbox_pre: 0.0182 (0.0188)  loss_giou_pre: 0.2416 (0.2398)  loss_mal_enc_0: 0.6630 (0.6803)  loss_bbox_enc_0: 0.0226 (0.0236)  loss_giou_enc_0: 0.2904 (0.3029)  loss_mal_dn_0: 0.6049 (0.6052)  loss_bbox_dn_0: 0.0214 (0.0221)  loss_giou_dn_0: 0.2809 (0.2838)  loss_fgl_dn_0: 1.2265 (1.2276)  loss_ddf_dn_0: 0.1000 (0.1021)  loss_mal_dn_1: 0.4990 (0.4974)  loss_bbox_dn_1: 0.0162 (0.0161)  loss_giou_dn_1: 0.2099 (0.2083)  loss_fgl_dn_1: 1.1654 (1.1681)  loss_ddf_dn_1: 0.0024 (0.0024)  loss_mal_dn_2: 0.4951 (0.4936)  loss_bbox_dn_2: 0.0161 (0.0160)  loss_giou_dn_2: 0.2079 (0.2063)  loss_fgl_dn_2: 1.1663 (1.1670)  loss_ddf_dn_2: -0.0000 (0.0000)  loss_mal_dn_pre: 0.6070 (0.6086)  loss_bbox_dn_pre: 0.0214 (0.0220)  loss_giou_dn_pre: 0.2782 (0.2820)  time: 0.5613  data: 0.0154  max mem: 5226
Epoch: [24/30]  [30/44]  eta: 0:00:08  lr: 0.000100  loss: 14.1711 (14.6942)  loss_mal: 0.4850 (0.5065)  loss_bbox: 0.0144 (0.0172)  loss_giou: 0.1975 (0.2179)  loss_fgl: 1.1738 (1.1881)  loss_mal_aux_0: 0.5759 (0.5933)  loss_bbox_aux_0: 0.0165 (0.0187)  loss_giou_aux_0: 0.2140 (0.2378)  loss_fgl_aux_0: 1.1840 (1.2012)  loss_ddf_aux_0: 0.0169 (0.0173)  loss_mal_aux_1: 0.4884 (0.5169)  loss_bbox_aux_1: 0.0143 (0.0173)  loss_giou_aux_1: 0.1947 (0.2187)  loss_fgl_aux_1: 1.1755 (1.1882)  loss_ddf_aux_1: 0.0006 (0.0006)  loss_mal_pre: 0.5782 (0.5923)  loss_bbox_pre: 0.0164 (0.0186)  loss_giou_pre: 0.2123 (0.2370)  loss_mal_enc_0: 0.6741 (0.6872)  loss_bbox_enc_0: 0.0208 (0.0237)  loss_giou_enc_0: 0.2656 (0.2988)  loss_mal_dn_0: 0.5869 (0.6009)  loss_bbox_dn_0: 0.0200 (0.0219)  loss_giou_dn_0: 0.2641 (0.2801)  loss_fgl_dn_0: 1.2143 (1.2275)  loss_ddf_dn_0: 0.0998 (0.1031)  loss_mal_dn_1: 0.4698 (0.4929)  loss_bbox_dn_1: 0.0142 (0.0159)  loss_giou_dn_1: 0.1892 (0.2052)  loss_fgl_dn_1: 1.1585 (1.1668)  loss_ddf_dn_1: 0.0025 (0.0024)  loss_mal_dn_2: 0.4693 (0.4897)  loss_bbox_dn_2: 0.0146 (0.0158)  loss_giou_dn_2: 0.1872 (0.2036)  loss_fgl_dn_2: 1.1588 (1.1660)  loss_ddf_dn_2: -0.0000 (0.0000)  loss_mal_dn_pre: 0.5917 (0.6047)  loss_bbox_dn_pre: 0.0200 (0.0217)  loss_giou_dn_pre: 0.2655 (0.2788)  time: 0.5666  data: 0.0154  max mem: 5226
Epoch: [24/30]  [40/44]  eta: 0:00:02  lr: 0.000100  loss: 14.1514 (14.5515)  loss_mal: 0.4808 (0.5010)  loss_bbox: 0.0152 (0.0168)  loss_giou: 0.1984 (0.2131)  loss_fgl: 1.1673 (1.1834)  loss_mal_aux_0: 0.5694 (0.5870)  loss_bbox_aux_0: 0.0165 (0.0183)  loss_giou_aux_0: 0.2205 (0.2319)  loss_fgl_aux_0: 1.1751 (1.1968)  loss_ddf_aux_0: 0.0180 (0.0176)  loss_mal_aux_1: 0.4863 (0.5117)  loss_bbox_aux_1: 0.0152 (0.0169)  loss_giou_aux_1: 0.1961 (0.2135)  loss_fgl_aux_1: 1.1664 (1.1834)  loss_ddf_aux_1: 0.0006 (0.0006)  loss_mal_pre: 0.5688 (0.5862)  loss_bbox_pre: 0.0164 (0.0183)  loss_giou_pre: 0.2207 (0.2314)  loss_mal_enc_0: 0.6595 (0.6783)  loss_bbox_enc_0: 0.0208 (0.0230)  loss_giou_enc_0: 0.2679 (0.2892)  loss_mal_dn_0: 0.5772 (0.5941)  loss_bbox_dn_0: 0.0196 (0.0213)  loss_giou_dn_0: 0.2561 (0.2722)  loss_fgl_dn_0: 1.2091 (1.2222)  loss_ddf_dn_0: 0.0998 (0.1019)  loss_mal_dn_1: 0.4722 (0.4871)  loss_bbox_dn_1: 0.0142 (0.0155)  loss_giou_dn_1: 0.1892 (0.2008)  loss_fgl_dn_1: 1.1521 (1.1635)  loss_ddf_dn_1: 0.0024 (0.0024)  loss_mal_dn_2: 0.4701 (0.4841)  loss_bbox_dn_2: 0.0141 (0.0154)  loss_giou_dn_2: 0.1894 (0.1995)  loss_fgl_dn_2: 1.1506 (1.1627)  loss_ddf_dn_2: -0.0000 (0.0000)  loss_mal_dn_pre: 0.5844 (0.5980)  loss_bbox_dn_pre: 0.0196 (0.0212)  loss_giou_dn_pre: 0.2575 (0.2712)  time: 0.5849  data: 0.0158  max mem: 5226
Epoch: [24/30]  [43/44]  eta: 0:00:00  lr: 0.000100  loss: 14.2166 (14.5865)  loss_mal: 0.4881 (0.5032)  loss_bbox: 0.0153 (0.0168)  loss_giou: 0.2039 (0.2157)  loss_fgl: 1.1673 (1.1839)  loss_mal_aux_0: 0.5694 (0.5888)  loss_bbox_aux_0: 0.0165 (0.0183)  loss_giou_aux_0: 0.2259 (0.2337)  loss_fgl_aux_0: 1.1751 (1.1973)  loss_ddf_aux_0: 0.0184 (0.0179)  loss_mal_aux_1: 0.5029 (0.5140)  loss_bbox_aux_1: 0.0154 (0.0169)  loss_giou_aux_1: 0.2059 (0.2162)  loss_fgl_aux_1: 1.1664 (1.1840)  loss_ddf_aux_1: 0.0006 (0.0006)  loss_mal_pre: 0.5688 (0.5879)  loss_bbox_pre: 0.0165 (0.0182)  loss_giou_pre: 0.2265 (0.2332)  loss_mal_enc_0: 0.6618 (0.6813)  loss_bbox_enc_0: 0.0208 (0.0231)  loss_giou_enc_0: 0.2743 (0.2924)  loss_mal_dn_0: 0.5761 (0.5941)  loss_bbox_dn_0: 0.0191 (0.0212)  loss_giou_dn_0: 0.2561 (0.2727)  loss_fgl_dn_0: 1.2053 (1.2225)  loss_ddf_dn_0: 0.0994 (0.1027)  loss_mal_dn_1: 0.4731 (0.4889)  loss_bbox_dn_1: 0.0143 (0.0155)  loss_giou_dn_1: 0.1911 (0.2024)  loss_fgl_dn_1: 1.1521 (1.1641)  loss_ddf_dn_1: 0.0024 (0.0024)  loss_mal_dn_2: 0.4734 (0.4858)  loss_bbox_dn_2: 0.0143 (0.0154)  loss_giou_dn_2: 0.1919 (0.2012)  loss_fgl_dn_2: 1.1535 (1.1633)  loss_ddf_dn_2: -0.0000 (0.0000)  loss_mal_dn_pre: 0.5814 (0.5980)  loss_bbox_dn_pre: 0.0190 (0.0211)  loss_giou_dn_pre: 0.2575 (0.2717)  time: 0.6046  data: 0.0157  max mem: 5226
Epoch: [24/30] Total time: 0:00:25 (0.5825 s / it)
Averaged stats: lr: 0.000100  loss: 14.2166 (14.5865)  loss_mal: 0.4881 (0.5032)  loss_bbox: 0.0153 (0.0168)  loss_giou: 0.2039 (0.2157)  loss_fgl: 1.1673 (1.1839)  loss_mal_aux_0: 0.5694 (0.5888)  loss_bbox_aux_0: 0.0165 (0.0183)  loss_giou_aux_0: 0.2259 (0.2337)  loss_fgl_aux_0: 1.1751 (1.1973)  loss_ddf_aux_0: 0.0184 (0.0179)  loss_mal_aux_1: 0.5029 (0.5140)  loss_bbox_aux_1: 0.0154 (0.0169)  loss_giou_aux_1: 0.2059 (0.2162)  loss_fgl_aux_1: 1.1664 (1.1840)  loss_ddf_aux_1: 0.0006 (0.0006)  loss_mal_pre: 0.5688 (0.5879)  loss_bbox_pre: 0.0165 (0.0182)  loss_giou_pre: 0.2265 (0.2332)  loss_mal_enc_0: 0.6618 (0.6813)  loss_bbox_enc_0: 0.0208 (0.0231)  loss_giou_enc_0: 0.2743 (0.2924)  loss_mal_dn_0: 0.5761 (0.5941)  loss_bbox_dn_0: 0.0191 (0.0212)  loss_giou_dn_0: 0.2561 (0.2727)  loss_fgl_dn_0: 1.2053 (1.2225)  loss_ddf_dn_0: 0.0994 (0.1027)  loss_mal_dn_1: 0.4731 (0.4889)  loss_bbox_dn_1: 0.0143 (0.0155)  loss_giou_dn_1: 0.1911 (0.2024)  loss_fgl_dn_1: 1.1521 (1.1641)  loss_ddf_dn_1: 0.0024 (0.0024)  loss_mal_dn_2: 0.4734 (0.4858)  loss_bbox_dn_2: 0.0143 (0.0154)  loss_giou_dn_2: 0.1919 (0.2012)  loss_fgl_dn_2: 1.1535 (1.1633)  loss_ddf_dn_2: -0.0000 (0.0000)  loss_mal_dn_pre: 0.5814 (0.5980)  loss_bbox_dn_pre: 0.0190 (0.0211)  loss_giou_dn_pre: 0.2575 (0.2717)
Test:  [0/9]  eta: 0:00:03    time: 0.3629  data: 0.2419  max mem: 5226
Test:  [8/9]  eta: 0:00:00    time: 0.1695  data: 0.0416  max mem: 5226
Test: Total time: 0:00:01 (0.1739 s / it)
Metrics: {'f1': 0.9791666666666666, 'precision': 0.9791666666666666, 'recall': 0.9791666666666666, 'iou': 0.6737898640892133, 'TPs': 141, 'FPs': 3, 'FNs': 3}
Averaged stats: 
Accumulating evaluation results...
COCOeval_opt.accumulate() finished...
DONE (t=0.01s).
IoU metric: bbox
 Average Precision  (AP) @[ IoU=0.50:0.95 | area=   all | maxDets=100 ] = 0.351
 Average Precision  (AP) @[ IoU=0.50      | area=   all | maxDets=100 ] = 0.957
 Average Precision  (AP) @[ IoU=0.75      | area=   all | maxDets=100 ] = 0.151
 Average Precision  (AP) @[ IoU=0.50:0.95 | area= small | maxDets=100 ] = 0.352
 Average Precision  (AP) @[ IoU=0.50:0.95 | area=medium | maxDets=100 ] = -1.000
 Average Precision  (AP) @[ IoU=0.50:0.95 | area= large | maxDets=100 ] = -1.000
 Average Recall     (AR) @[ IoU=0.50:0.95 | area=   all | maxDets=  1 ] = 0.199
 Average Recall     (AR) @[ IoU=0.50:0.95 | area=   all | maxDets= 10 ] = 0.474
 Average Recall     (AR) @[ IoU=0.50:0.95 | area=   all | maxDets=100 ] = 0.564
 Average Recall     (AR) @[ IoU=0.50:0.95 | area= small | maxDets=100 ] = 0.564
 Average Recall     (AR) @[ IoU=0.50:0.95 | area=medium | maxDets=100 ] = -1.000
 Average Recall     (AR) @[ IoU=0.50:0.95 | area= large | maxDets=100 ] = -1.000
 Average Recall     (AR) @[ IoU=0.50      | area=   all | maxDets=100 ] = 0.986
 Average Recall     (AR) @[ IoU=0.75      | area=   all | maxDets=100 ] = 0.569
best_stat: {'epoch': 5, 'coco_eval_bbox': 0.37439849913602513}
Epoch: [25/30]  [ 0/44]  eta: 0:00:42  lr: 0.000010  loss: 13.6160 (13.6160)  loss_mal: 0.4211 (0.4211)  loss_bbox: 0.0123 (0.0123)  loss_giou: 0.1521 (0.1521)  loss_fgl: 1.1563 (1.1563)  loss_mal_aux_0: 0.6096 (0.6096)  loss_bbox_aux_0: 0.0146 (0.0146)  loss_giou_aux_0: 0.1896 (0.1896)  loss_fgl_aux_0: 1.1794 (1.1794)  loss_ddf_aux_0: 0.0220 (0.0220)  loss_mal_aux_1: 0.4402 (0.4402)  loss_bbox_aux_1: 0.0123 (0.0123)  loss_giou_aux_1: 0.1526 (0.1526)  loss_fgl_aux_1: 1.1571 (1.1571)  loss_ddf_aux_1: 0.0008 (0.0008)  loss_mal_pre: 0.6019 (0.6019)  loss_bbox_pre: 0.0145 (0.0145)  loss_giou_pre: 0.1878 (0.1878)  loss_mal_enc_0: 0.6094 (0.6094)  loss_bbox_enc_0: 0.0205 (0.0205)  loss_giou_enc_0: 0.2316 (0.2316)  loss_mal_dn_0: 0.5686 (0.5686)  loss_bbox_dn_0: 0.0197 (0.0197)  loss_giou_dn_0: 0.2438 (0.2438)  loss_fgl_dn_0: 1.2187 (1.2187)  loss_ddf_dn_0: 0.1207 (0.1207)  loss_mal_dn_1: 0.4164 (0.4164)  loss_bbox_dn_1: 0.0118 (0.0118)  loss_giou_dn_1: 0.1489 (0.1489)  loss_fgl_dn_1: 1.1370 (1.1370)  loss_ddf_dn_1: 0.0028 (0.0028)  loss_mal_dn_2: 0.4149 (0.4149)  loss_bbox_dn_2: 0.0116 (0.0116)  loss_giou_dn_2: 0.1473 (0.1473)  loss_fgl_dn_2: 1.1361 (1.1361)  loss_ddf_dn_2: -0.0000 (0.0000)  loss_mal_dn_pre: 0.5716 (0.5716)  loss_bbox_dn_pre: 0.0196 (0.0196)  loss_giou_dn_pre: 0.2411 (0.2411)  time: 0.9690  data: 0.2790  max mem: 5226
Epoch: [25/30]  [10/44]  eta: 0:00:20  lr: 0.000010  loss: 14.1588 (14.5788)  loss_mal: 0.5048 (0.5057)  loss_bbox: 0.0149 (0.0158)  loss_giou: 0.1903 (0.2051)  loss_fgl: 1.1739 (1.1781)  loss_mal_aux_0: 0.6337 (0.6244)  loss_bbox_aux_0: 0.0164 (0.0180)  loss_giou_aux_0: 0.2175 (0.2319)  loss_fgl_aux_0: 1.1883 (1.1971)  loss_ddf_aux_0: 0.0209 (0.0206)  loss_mal_aux_1: 0.5269 (0.5345)  loss_bbox_aux_1: 0.0149 (0.0158)  loss_giou_aux_1: 0.1894 (0.2053)  loss_fgl_aux_1: 1.1739 (1.1782)  loss_ddf_aux_1: 0.0007 (0.0007)  loss_mal_pre: 0.6304 (0.6189)  loss_bbox_pre: 0.0163 (0.0179)  loss_giou_pre: 0.2183 (0.2305)  loss_mal_enc_0: 0.6870 (0.6771)  loss_bbox_enc_0: 0.0237 (0.0234)  loss_giou_enc_0: 0.2784 (0.2954)  loss_mal_dn_0: 0.5795 (0.5960)  loss_bbox_dn_0: 0.0197 (0.0206)  loss_giou_dn_0: 0.2585 (0.2690)  loss_fgl_dn_0: 1.2246 (1.2233)  loss_ddf_dn_0: 0.1098 (0.1109)  loss_mal_dn_1: 0.4574 (0.4781)  loss_bbox_dn_1: 0.0145 (0.0145)  loss_giou_dn_1: 0.1779 (0.1930)  loss_fgl_dn_1: 1.1563 (1.1543)  loss_ddf_dn_1: 0.0028 (0.0025)  loss_mal_dn_2: 0.4565 (0.4742)  loss_bbox_dn_2: 0.0147 (0.0145)  loss_giou_dn_2: 0.1797 (0.1920)  loss_fgl_dn_2: 1.1556 (1.1537)  loss_ddf_dn_2: -0.0000 (0.0000)  loss_mal_dn_pre: 0.5840 (0.6001)  loss_bbox_dn_pre: 0.0196 (0.0205)  loss_giou_dn_pre: 0.2543 (0.2672)  time: 0.5889  data: 0.0381  max mem: 5226
Epoch: [25/30]  [20/44]  eta: 0:00:13  lr: 0.000010  loss: 13.9847 (14.1656)  loss_mal: 0.4823 (0.4823)  loss_bbox: 0.0141 (0.0148)  loss_giou: 0.1829 (0.1912)  loss_fgl: 1.1467 (1.1653)  loss_mal_aux_0: 0.5681 (0.5963)  loss_bbox_aux_0: 0.0155 (0.0167)  loss_giou_aux_0: 0.2080 (0.2160)  loss_fgl_aux_0: 1.1731 (1.1830)  loss_ddf_aux_0: 0.0190 (0.0202)  loss_mal_aux_1: 0.5035 (0.5023)  loss_bbox_aux_1: 0.0140 (0.0148)  loss_giou_aux_1: 0.1841 (0.1916)  loss_fgl_aux_1: 1.1485 (1.1656)  loss_ddf_aux_1: 0.0007 (0.0007)  loss_mal_pre: 0.5681 (0.5929)  loss_bbox_pre: 0.0155 (0.0166)  loss_giou_pre: 0.2085 (0.2154)  loss_mal_enc_0: 0.6679 (0.6666)  loss_bbox_enc_0: 0.0212 (0.0221)  loss_giou_enc_0: 0.2725 (0.2800)  loss_mal_dn_0: 0.5759 (0.5769)  loss_bbox_dn_0: 0.0182 (0.0193)  loss_giou_dn_0: 0.2438 (0.2499)  loss_fgl_dn_0: 1.1941 (1.2063)  loss_ddf_dn_0: 0.1020 (0.1060)  loss_mal_dn_1: 0.4556 (0.4618)  loss_bbox_dn_1: 0.0134 (0.0139)  loss_giou_dn_1: 0.1771 (0.1818)  loss_fgl_dn_1: 1.1404 (1.1450)  loss_ddf_dn_1: 0.0025 (0.0025)  loss_mal_dn_2: 0.4529 (0.4583)  loss_bbox_dn_2: 0.0132 (0.0138)  loss_giou_dn_2: 0.1757 (0.1808)  loss_fgl_dn_2: 1.1410 (1.1442)  loss_ddf_dn_2: -0.0000 (0.0000)  loss_mal_dn_pre: 0.5817 (0.5822)  loss_bbox_dn_pre: 0.0181 (0.0193)  loss_giou_dn_pre: 0.2449 (0.2492)  time: 0.5279  data: 0.0145  max mem: 5226
Epoch: [25/30]  [30/44]  eta: 0:00:07  lr: 0.000010  loss: 13.6945 (14.1096)  loss_mal: 0.4494 (0.4766)  loss_bbox: 0.0137 (0.0148)  loss_giou: 0.1737 (0.1902)  loss_fgl: 1.1492 (1.1680)  loss_mal_aux_0: 0.5480 (0.5841)  loss_bbox_aux_0: 0.0145 (0.0165)  loss_giou_aux_0: 0.1905 (0.2126)  loss_fgl_aux_0: 1.1676 (1.1844)  loss_ddf_aux_0: 0.0189 (0.0199)  loss_mal_aux_1: 0.4633 (0.4949)  loss_bbox_aux_1: 0.0136 (0.0147)  loss_giou_aux_1: 0.1731 (0.1900)  loss_fgl_aux_1: 1.1503 (1.1680)  loss_ddf_aux_1: 0.0007 (0.0007)  loss_mal_pre: 0.5481 (0.5820)  loss_bbox_pre: 0.0145 (0.0164)  loss_giou_pre: 0.1935 (0.2125)  loss_mal_enc_0: 0.6597 (0.6666)  loss_bbox_enc_0: 0.0206 (0.0219)  loss_giou_enc_0: 0.2663 (0.2790)  loss_mal_dn_0: 0.5610 (0.5724)  loss_bbox_dn_0: 0.0177 (0.0191)  loss_giou_dn_0: 0.2357 (0.2468)  loss_fgl_dn_0: 1.1932 (1.2069)  loss_ddf_dn_0: 0.0991 (0.1050)  loss_mal_dn_1: 0.4426 (0.4600)  loss_bbox_dn_1: 0.0130 (0.0139)  loss_giou_dn_1: 0.1686 (0.1804)  loss_fgl_dn_1: 1.1431 (1.1477)  loss_ddf_dn_1: 0.0025 (0.0025)  loss_mal_dn_2: 0.4399 (0.4574)  loss_bbox_dn_2: 0.0129 (0.0138)  loss_giou_dn_2: 0.1674 (0.1797)  loss_fgl_dn_2: 1.1440 (1.1472)  loss_ddf_dn_2: -0.0000 (0.0000)  loss_mal_dn_pre: 0.5670 (0.5778)  loss_bbox_dn_pre: 0.0178 (0.0191)  loss_giou_dn_pre: 0.2352 (0.2462)  time: 0.5362  data: 0.0157  max mem: 5226
Epoch: [25/30]  [40/44]  eta: 0:00:02  lr: 0.000010  loss: 13.7151 (14.0217)  loss_mal: 0.4572 (0.4723)  loss_bbox: 0.0132 (0.0145)  loss_giou: 0.1753 (0.1886)  loss_fgl: 1.1603 (1.1654)  loss_mal_aux_0: 0.5457 (0.5775)  loss_bbox_aux_0: 0.0149 (0.0162)  loss_giou_aux_0: 0.1942 (0.2094)  loss_fgl_aux_0: 1.1771 (1.1812)  loss_ddf_aux_0: 0.0190 (0.0196)  loss_mal_aux_1: 0.4705 (0.4881)  loss_bbox_aux_1: 0.0133 (0.0145)  loss_giou_aux_1: 0.1742 (0.1883)  loss_fgl_aux_1: 1.1606 (1.1654)  loss_ddf_aux_1: 0.0006 (0.0007)  loss_mal_pre: 0.5483 (0.5758)  loss_bbox_pre: 0.0149 (0.0162)  loss_giou_pre: 0.1937 (0.2094)  loss_mal_enc_0: 0.6417 (0.6584)  loss_bbox_enc_0: 0.0203 (0.0216)  loss_giou_enc_0: 0.2666 (0.2746)  loss_mal_dn_0: 0.5573 (0.5680)  loss_bbox_dn_0: 0.0177 (0.0188)  loss_giou_dn_0: 0.2345 (0.2430)  loss_fgl_dn_0: 1.1984 (1.2043)  loss_ddf_dn_0: 0.1006 (0.1037)  loss_mal_dn_1: 0.4430 (0.4572)  loss_bbox_dn_1: 0.0128 (0.0136)  loss_giou_dn_1: 0.1686 (0.1786)  loss_fgl_dn_1: 1.1440 (1.1469)  loss_ddf_dn_1: 0.0025 (0.0025)  loss_mal_dn_2: 0.4413 (0.4543)  loss_bbox_dn_2: 0.0127 (0.0136)  loss_giou_dn_2: 0.1674 (0.1778)  loss_fgl_dn_2: 1.1449 (1.1464)  loss_ddf_dn_2: -0.0000 (0.0000)  loss_mal_dn_pre: 0.5637 (0.5739)  loss_bbox_dn_pre: 0.0180 (0.0188)  loss_giou_dn_pre: 0.2352 (0.2429)  time: 0.5738  data: 0.0160  max mem: 5226
Epoch: [25/30]  [43/44]  eta: 0:00:00  lr: 0.000010  loss: 13.6945 (13.9699)  loss_mal: 0.4539 (0.4686)  loss_bbox: 0.0131 (0.0144)  loss_giou: 0.1737 (0.1862)  loss_fgl: 1.1585 (1.1638)  loss_mal_aux_0: 0.5433 (0.5732)  loss_bbox_aux_0: 0.0149 (0.0160)  loss_giou_aux_0: 0.1895 (0.2076)  loss_fgl_aux_0: 1.1704 (1.1797)  loss_ddf_aux_0: 0.0190 (0.0197)  loss_mal_aux_1: 0.4689 (0.4839)  loss_bbox_aux_1: 0.0130 (0.0143)  loss_giou_aux_1: 0.1731 (0.1861)  loss_fgl_aux_1: 1.1594 (1.1640)  loss_ddf_aux_1: 0.0006 (0.0007)  loss_mal_pre: 0.5438 (0.5716)  loss_bbox_pre: 0.0149 (0.0160)  loss_giou_pre: 0.1935 (0.2077)  loss_mal_enc_0: 0.6445 (0.6593)  loss_bbox_enc_0: 0.0203 (0.0214)  loss_giou_enc_0: 0.2657 (0.2735)  loss_mal_dn_0: 0.5555 (0.5660)  loss_bbox_dn_0: 0.0173 (0.0186)  loss_giou_dn_0: 0.2282 (0.2408)  loss_fgl_dn_0: 1.1968 (1.2025)  loss_ddf_dn_0: 0.0991 (0.1031)  loss_mal_dn_1: 0.4421 (0.4546)  loss_bbox_dn_1: 0.0127 (0.0135)  loss_giou_dn_1: 0.1670 (0.1768)  loss_fgl_dn_1: 1.1440 (1.1460)  loss_ddf_dn_1: 0.0025 (0.0025)  loss_mal_dn_2: 0.4399 (0.4515)  loss_bbox_dn_2: 0.0126 (0.0134)  loss_giou_dn_2: 0.1671 (0.1759)  loss_fgl_dn_2: 1.1449 (1.1454)  loss_ddf_dn_2: -0.0000 (0.0000)  loss_mal_dn_pre: 0.5627 (0.5721)  loss_bbox_dn_pre: 0.0173 (0.0186)  loss_giou_dn_pre: 0.2299 (0.2407)  time: 0.5782  data: 0.0158  max mem: 5226
Epoch: [25/30] Total time: 0:00:24 (0.5627 s / it)
Averaged stats: lr: 0.000010  loss: 13.6945 (13.9699)  loss_mal: 0.4539 (0.4686)  loss_bbox: 0.0131 (0.0144)  loss_giou: 0.1737 (0.1862)  loss_fgl: 1.1585 (1.1638)  loss_mal_aux_0: 0.5433 (0.5732)  loss_bbox_aux_0: 0.0149 (0.0160)  loss_giou_aux_0: 0.1895 (0.2076)  loss_fgl_aux_0: 1.1704 (1.1797)  loss_ddf_aux_0: 0.0190 (0.0197)  loss_mal_aux_1: 0.4689 (0.4839)  loss_bbox_aux_1: 0.0130 (0.0143)  loss_giou_aux_1: 0.1731 (0.1861)  loss_fgl_aux_1: 1.1594 (1.1640)  loss_ddf_aux_1: 0.0006 (0.0007)  loss_mal_pre: 0.5438 (0.5716)  loss_bbox_pre: 0.0149 (0.0160)  loss_giou_pre: 0.1935 (0.2077)  loss_mal_enc_0: 0.6445 (0.6593)  loss_bbox_enc_0: 0.0203 (0.0214)  loss_giou_enc_0: 0.2657 (0.2735)  loss_mal_dn_0: 0.5555 (0.5660)  loss_bbox_dn_0: 0.0173 (0.0186)  loss_giou_dn_0: 0.2282 (0.2408)  loss_fgl_dn_0: 1.1968 (1.2025)  loss_ddf_dn_0: 0.0991 (0.1031)  loss_mal_dn_1: 0.4421 (0.4546)  loss_bbox_dn_1: 0.0127 (0.0135)  loss_giou_dn_1: 0.1670 (0.1768)  loss_fgl_dn_1: 1.1440 (1.1460)  loss_ddf_dn_1: 0.0025 (0.0025)  loss_mal_dn_2: 0.4399 (0.4515)  loss_bbox_dn_2: 0.0126 (0.0134)  loss_giou_dn_2: 0.1671 (0.1759)  loss_fgl_dn_2: 1.1449 (1.1454)  loss_ddf_dn_2: -0.0000 (0.0000)  loss_mal_dn_pre: 0.5627 (0.5721)  loss_bbox_dn_pre: 0.0173 (0.0186)  loss_giou_dn_pre: 0.2299 (0.2407)
Test:  [0/9]  eta: 0:00:03    time: 0.3411  data: 0.2487  max mem: 5226
Test:  [8/9]  eta: 0:00:00    time: 0.1502  data: 0.0418  max mem: 5226
Test: Total time: 0:00:01 (0.1548 s / it)
Metrics: {'f1': 0.9791666666666666, 'precision': 0.9791666666666666, 'recall': 0.9791666666666666, 'iou': 0.6737859910037242, 'TPs': 141, 'FPs': 3, 'FNs': 3}
Averaged stats: 
Accumulating evaluation results...
COCOeval_opt.accumulate() finished...
DONE (t=0.01s).
IoU metric: bbox
 Average Precision  (AP) @[ IoU=0.50:0.95 | area=   all | maxDets=100 ] = 0.351
 Average Precision  (AP) @[ IoU=0.50      | area=   all | maxDets=100 ] = 0.957
 Average Precision  (AP) @[ IoU=0.75      | area=   all | maxDets=100 ] = 0.147
 Average Precision  (AP) @[ IoU=0.50:0.95 | area= small | maxDets=100 ] = 0.352
 Average Precision  (AP) @[ IoU=0.50:0.95 | area=medium | maxDets=100 ] = -1.000
 Average Precision  (AP) @[ IoU=0.50:0.95 | area= large | maxDets=100 ] = -1.000
 Average Recall     (AR) @[ IoU=0.50:0.95 | area=   all | maxDets=  1 ] = 0.199
 Average Recall     (AR) @[ IoU=0.50:0.95 | area=   all | maxDets= 10 ] = 0.475
 Average Recall     (AR) @[ IoU=0.50:0.95 | area=   all | maxDets=100 ] = 0.566
 Average Recall     (AR) @[ IoU=0.50:0.95 | area= small | maxDets=100 ] = 0.566
 Average Recall     (AR) @[ IoU=0.50:0.95 | area=medium | maxDets=100 ] = -1.000
 Average Recall     (AR) @[ IoU=0.50:0.95 | area= large | maxDets=100 ] = -1.000
 Average Recall     (AR) @[ IoU=0.50      | area=   all | maxDets=100 ] = 0.986
 Average Recall     (AR) @[ IoU=0.75      | area=   all | maxDets=100 ] = 0.562
best_stat: {'epoch': 5, 'coco_eval_bbox': 0.37439849913602513}
Epoch: [26/30]  [ 0/44]  eta: 0:00:37  lr: 0.000010  loss: 13.2798 (13.2798)  loss_mal: 0.4611 (0.4611)  loss_bbox: 0.0100 (0.0100)  loss_giou: 0.1556 (0.1556)  loss_fgl: 1.1429 (1.1429)  loss_mal_aux_0: 0.5857 (0.5857)  loss_bbox_aux_0: 0.0111 (0.0111)  loss_giou_aux_0: 0.1720 (0.1720)  loss_fgl_aux_0: 1.1637 (1.1637)  loss_ddf_aux_0: 0.0221 (0.0221)  loss_mal_aux_1: 0.4283 (0.4283)  loss_bbox_aux_1: 0.0101 (0.0101)  loss_giou_aux_1: 0.1549 (0.1549)  loss_fgl_aux_1: 1.1443 (1.1443)  loss_ddf_aux_1: 0.0005 (0.0005)  loss_mal_pre: 0.5885 (0.5885)  loss_bbox_pre: 0.0112 (0.0112)  loss_giou_pre: 0.1751 (0.1751)  loss_mal_enc_0: 0.6411 (0.6411)  loss_bbox_enc_0: 0.0175 (0.0175)  loss_giou_enc_0: 0.2546 (0.2546)  loss_mal_dn_0: 0.5257 (0.5257)  loss_bbox_dn_0: 0.0140 (0.0140)  loss_giou_dn_0: 0.2060 (0.2060)  loss_fgl_dn_0: 1.1791 (1.1791)  loss_ddf_dn_0: 0.0965 (0.0965)  loss_mal_dn_1: 0.4009 (0.4009)  loss_bbox_dn_1: 0.0093 (0.0093)  loss_giou_dn_1: 0.1435 (0.1435)  loss_fgl_dn_1: 1.1262 (1.1262)  loss_ddf_dn_1: 0.0020 (0.0020)  loss_mal_dn_2: 0.3953 (0.3953)  loss_bbox_dn_2: 0.0091 (0.0091)  loss_giou_dn_2: 0.1420 (0.1420)  loss_fgl_dn_2: 1.1249 (1.1249)  loss_ddf_dn_2: -0.0000 (0.0000)  loss_mal_dn_pre: 0.5345 (0.5345)  loss_bbox_dn_pre: 0.0140 (0.0140)  loss_giou_dn_pre: 0.2066 (0.2066)  time: 0.8540  data: 0.2434  max mem: 5226
Epoch: [26/30]  [10/44]  eta: 0:00:19  lr: 0.000010  loss: 13.2951 (13.4363)  loss_mal: 0.4303 (0.4358)  loss_bbox: 0.0117 (0.0126)  loss_giou: 0.1549 (0.1646)  loss_fgl: 1.1429 (1.1434)  loss_mal_aux_0: 0.5436 (0.5387)  loss_bbox_aux_0: 0.0133 (0.0142)  loss_giou_aux_0: 0.1787 (0.1856)  loss_fgl_aux_0: 1.1652 (1.1616)  loss_ddf_aux_0: 0.0175 (0.0179)  loss_mal_aux_1: 0.4283 (0.4426)  loss_bbox_aux_1: 0.0117 (0.0126)  loss_giou_aux_1: 0.1549 (0.1656)  loss_fgl_aux_1: 1.1443 (1.1441)  loss_ddf_aux_1: 0.0006 (0.0006)  loss_mal_pre: 0.5394 (0.5386)  loss_bbox_pre: 0.0132 (0.0142)  loss_giou_pre: 0.1773 (0.1858)  loss_mal_enc_0: 0.6439 (0.6490)  loss_bbox_enc_0: 0.0181 (0.0196)  loss_giou_enc_0: 0.2513 (0.2565)  loss_mal_dn_0: 0.5411 (0.5482)  loss_bbox_dn_0: 0.0166 (0.0172)  loss_giou_dn_0: 0.2123 (0.2232)  loss_fgl_dn_0: 1.1906 (1.1920)  loss_ddf_dn_0: 0.0906 (0.0916)  loss_mal_dn_1: 0.4128 (0.4305)  loss_bbox_dn_1: 0.0114 (0.0122)  loss_giou_dn_1: 0.1483 (0.1600)  loss_fgl_dn_1: 1.1313 (1.1337)  loss_ddf_dn_1: 0.0020 (0.0021)  loss_mal_dn_2: 0.4060 (0.4260)  loss_bbox_dn_2: 0.0113 (0.0121)  loss_giou_dn_2: 0.1459 (0.1578)  loss_fgl_dn_2: 1.1305 (1.1322)  loss_ddf_dn_2: -0.0000 (0.0000)  loss_mal_dn_pre: 0.5457 (0.5543)  loss_bbox_dn_pre: 0.0164 (0.0171)  loss_giou_dn_pre: 0.2126 (0.2226)  time: 0.5787  data: 0.0374  max mem: 5226
Epoch: [26/30]  [20/44]  eta: 0:00:13  lr: 0.000010  loss: 13.2951 (13.5351)  loss_mal: 0.4270 (0.4426)  loss_bbox: 0.0120 (0.0132)  loss_giou: 0.1560 (0.1718)  loss_fgl: 1.1364 (1.1490)  loss_mal_aux_0: 0.5214 (0.5416)  loss_bbox_aux_0: 0.0140 (0.0145)  loss_giou_aux_0: 0.1803 (0.1897)  loss_fgl_aux_0: 1.1551 (1.1648)  loss_ddf_aux_0: 0.0173 (0.0178)  loss_mal_aux_1: 0.4428 (0.4531)  loss_bbox_aux_1: 0.0120 (0.0132)  loss_giou_aux_1: 0.1569 (0.1725)  loss_fgl_aux_1: 1.1371 (1.1493)  loss_ddf_aux_1: 0.0006 (0.0006)  loss_mal_pre: 0.5199 (0.5412)  loss_bbox_pre: 0.0141 (0.0146)  loss_giou_pre: 0.1808 (0.1897)  loss_mal_enc_0: 0.6473 (0.6466)  loss_bbox_enc_0: 0.0181 (0.0194)  loss_giou_enc_0: 0.2405 (0.2533)  loss_mal_dn_0: 0.5436 (0.5516)  loss_bbox_dn_0: 0.0166 (0.0173)  loss_giou_dn_0: 0.2169 (0.2257)  loss_fgl_dn_0: 1.1872 (1.1939)  loss_ddf_dn_0: 0.0928 (0.0950)  loss_mal_dn_1: 0.4216 (0.4363)  loss_bbox_dn_1: 0.0116 (0.0124)  loss_giou_dn_1: 0.1527 (0.1638)  loss_fgl_dn_1: 1.1261 (1.1355)  loss_ddf_dn_1: 0.0020 (0.0022)  loss_mal_dn_2: 0.4202 (0.4325)  loss_bbox_dn_2: 0.0116 (0.0123)  loss_giou_dn_2: 0.1508 (0.1623)  loss_fgl_dn_2: 1.1259 (1.1344)  loss_ddf_dn_2: -0.0000 (0.0000)  loss_mal_dn_pre: 0.5525 (0.5582)  loss_bbox_dn_pre: 0.0164 (0.0173)  loss_giou_dn_pre: 0.2165 (0.2255)  time: 0.5425  data: 0.0166  max mem: 5226
Epoch: [26/30]  [30/44]  eta: 0:00:07  lr: 0.000010  loss: 13.3043 (13.5483)  loss_mal: 0.4270 (0.4418)  loss_bbox: 0.0127 (0.0133)  loss_giou: 0.1635 (0.1720)  loss_fgl: 1.1445 (1.1506)  loss_mal_aux_0: 0.5141 (0.5367)  loss_bbox_aux_0: 0.0148 (0.0147)  loss_giou_aux_0: 0.1803 (0.1908)  loss_fgl_aux_0: 1.1586 (1.1664)  loss_ddf_aux_0: 0.0178 (0.0183)  loss_mal_aux_1: 0.4363 (0.4505)  loss_bbox_aux_1: 0.0128 (0.0133)  loss_giou_aux_1: 0.1642 (0.1724)  loss_fgl_aux_1: 1.1446 (1.1508)  loss_ddf_aux_1: 0.0006 (0.0006)  loss_mal_pre: 0.5151 (0.5367)  loss_bbox_pre: 0.0147 (0.0147)  loss_giou_pre: 0.1816 (0.1913)  loss_mal_enc_0: 0.6472 (0.6472)  loss_bbox_enc_0: 0.0195 (0.0198)  loss_giou_enc_0: 0.2459 (0.2553)  loss_mal_dn_0: 0.5467 (0.5521)  loss_bbox_dn_0: 0.0177 (0.0175)  loss_giou_dn_0: 0.2169 (0.2266)  loss_fgl_dn_0: 1.1907 (1.1960)  loss_ddf_dn_0: 0.0990 (0.0977)  loss_mal_dn_1: 0.4281 (0.4364)  loss_bbox_dn_1: 0.0125 (0.0125)  loss_giou_dn_1: 0.1564 (0.1641)  loss_fgl_dn_1: 1.1292 (1.1376)  loss_ddf_dn_1: 0.0023 (0.0023)  loss_mal_dn_2: 0.4254 (0.4331)  loss_bbox_dn_2: 0.0124 (0.0125)  loss_giou_dn_2: 0.1558 (0.1628)  loss_fgl_dn_2: 1.1288 (1.1365)  loss_ddf_dn_2: -0.0000 (0.0000)  loss_mal_dn_pre: 0.5525 (0.5590)  loss_bbox_dn_pre: 0.0177 (0.0175)  loss_giou_dn_pre: 0.2185 (0.2268)  time: 0.5439  data: 0.0166  max mem: 5226
Epoch: [26/30]  [40/44]  eta: 0:00:02  lr: 0.000010  loss: 13.2381 (13.4923)  loss_mal: 0.4167 (0.4374)  loss_bbox: 0.0127 (0.0131)  loss_giou: 0.1595 (0.1690)  loss_fgl: 1.1484 (1.1505)  loss_mal_aux_0: 0.5091 (0.5326)  loss_bbox_aux_0: 0.0149 (0.0146)  loss_giou_aux_0: 0.1782 (0.1875)  loss_fgl_aux_0: 1.1616 (1.1659)  loss_ddf_aux_0: 0.0179 (0.0182)  loss_mal_aux_1: 0.4227 (0.4467)  loss_bbox_aux_1: 0.0128 (0.0132)  loss_giou_aux_1: 0.1592 (0.1694)  loss_fgl_aux_1: 1.1485 (1.1508)  loss_ddf_aux_1: 0.0005 (0.0006)  loss_mal_pre: 0.5069 (0.5324)  loss_bbox_pre: 0.0147 (0.0146)  loss_giou_pre: 0.1777 (0.1879)  loss_mal_enc_0: 0.6345 (0.6447)  loss_bbox_enc_0: 0.0199 (0.0199)  loss_giou_enc_0: 0.2412 (0.2522)  loss_mal_dn_0: 0.5411 (0.5497)  loss_bbox_dn_0: 0.0178 (0.0175)  loss_giou_dn_0: 0.2164 (0.2243)  loss_fgl_dn_0: 1.1943 (1.1952)  loss_ddf_dn_0: 0.0990 (0.0976)  loss_mal_dn_1: 0.4180 (0.4336)  loss_bbox_dn_1: 0.0121 (0.0125)  loss_giou_dn_1: 0.1501 (0.1621)  loss_fgl_dn_1: 1.1399 (1.1380)  loss_ddf_dn_1: 0.0023 (0.0023)  loss_mal_dn_2: 0.4139 (0.4301)  loss_bbox_dn_2: 0.0119 (0.0124)  loss_giou_dn_2: 0.1498 (0.1608)  loss_fgl_dn_2: 1.1389 (1.1370)  loss_ddf_dn_2: -0.0000 (0.0000)  loss_mal_dn_pre: 0.5471 (0.5562)  loss_bbox_dn_pre: 0.0177 (0.0175)  loss_giou_dn_pre: 0.2179 (0.2242)  time: 0.5681  data: 0.0161  max mem: 5226
Epoch: [26/30]  [43/44]  eta: 0:00:00  lr: 0.000010  loss: 13.3502 (13.5114)  loss_mal: 0.4193 (0.4385)  loss_bbox: 0.0127 (0.0131)  loss_giou: 0.1611 (0.1700)  loss_fgl: 1.1569 (1.1515)  loss_mal_aux_0: 0.5092 (0.5351)  loss_bbox_aux_0: 0.0150 (0.0145)  loss_giou_aux_0: 0.1801 (0.1879)  loss_fgl_aux_0: 1.1675 (1.1670)  loss_ddf_aux_0: 0.0176 (0.0181)  loss_mal_aux_1: 0.4253 (0.4479)  loss_bbox_aux_1: 0.0131 (0.0131)  loss_giou_aux_1: 0.1613 (0.1703)  loss_fgl_aux_1: 1.1544 (1.1518)  loss_ddf_aux_1: 0.0005 (0.0006)  loss_mal_pre: 0.5122 (0.5350)  loss_bbox_pre: 0.0147 (0.0145)  loss_giou_pre: 0.1807 (0.1882)  loss_mal_enc_0: 0.6309 (0.6447)  loss_bbox_enc_0: 0.0198 (0.0197)  loss_giou_enc_0: 0.2412 (0.2516)  loss_mal_dn_0: 0.5425 (0.5501)  loss_bbox_dn_0: 0.0176 (0.0174)  loss_giou_dn_0: 0.2201 (0.2246)  loss_fgl_dn_0: 1.1967 (1.1961)  loss_ddf_dn_0: 0.0964 (0.0974)  loss_mal_dn_1: 0.4215 (0.4346)  loss_bbox_dn_1: 0.0121 (0.0125)  loss_giou_dn_1: 0.1564 (0.1627)  loss_fgl_dn_1: 1.1422 (1.1391)  loss_ddf_dn_1: 0.0022 (0.0022)  loss_mal_dn_2: 0.4202 (0.4312)  loss_bbox_dn_2: 0.0119 (0.0124)  loss_giou_dn_2: 0.1558 (0.1615)  loss_fgl_dn_2: 1.1402 (1.1381)  loss_ddf_dn_2: -0.0000 (0.0000)  loss_mal_dn_pre: 0.5476 (0.5567)  loss_bbox_dn_pre: 0.0174 (0.0174)  loss_giou_dn_pre: 0.2185 (0.2245)  time: 0.5821  data: 0.0156  max mem: 5226
Epoch: [26/30] Total time: 0:00:24 (0.5651 s / it)
Averaged stats: lr: 0.000010  loss: 13.3502 (13.5114)  loss_mal: 0.4193 (0.4385)  loss_bbox: 0.0127 (0.0131)  loss_giou: 0.1611 (0.1700)  loss_fgl: 1.1569 (1.1515)  loss_mal_aux_0: 0.5092 (0.5351)  loss_bbox_aux_0: 0.0150 (0.0145)  loss_giou_aux_0: 0.1801 (0.1879)  loss_fgl_aux_0: 1.1675 (1.1670)  loss_ddf_aux_0: 0.0176 (0.0181)  loss_mal_aux_1: 0.4253 (0.4479)  loss_bbox_aux_1: 0.0131 (0.0131)  loss_giou_aux_1: 0.1613 (0.1703)  loss_fgl_aux_1: 1.1544 (1.1518)  loss_ddf_aux_1: 0.0005 (0.0006)  loss_mal_pre: 0.5122 (0.5350)  loss_bbox_pre: 0.0147 (0.0145)  loss_giou_pre: 0.1807 (0.1882)  loss_mal_enc_0: 0.6309 (0.6447)  loss_bbox_enc_0: 0.0198 (0.0197)  loss_giou_enc_0: 0.2412 (0.2516)  loss_mal_dn_0: 0.5425 (0.5501)  loss_bbox_dn_0: 0.0176 (0.0174)  loss_giou_dn_0: 0.2201 (0.2246)  loss_fgl_dn_0: 1.1967 (1.1961)  loss_ddf_dn_0: 0.0964 (0.0974)  loss_mal_dn_1: 0.4215 (0.4346)  loss_bbox_dn_1: 0.0121 (0.0125)  loss_giou_dn_1: 0.1564 (0.1627)  loss_fgl_dn_1: 1.1422 (1.1391)  loss_ddf_dn_1: 0.0022 (0.0022)  loss_mal_dn_2: 0.4202 (0.4312)  loss_bbox_dn_2: 0.0119 (0.0124)  loss_giou_dn_2: 0.1558 (0.1615)  loss_fgl_dn_2: 1.1402 (1.1381)  loss_ddf_dn_2: -0.0000 (0.0000)  loss_mal_dn_pre: 0.5476 (0.5567)  loss_bbox_dn_pre: 0.0174 (0.0174)  loss_giou_dn_pre: 0.2185 (0.2245)
Test:  [0/9]  eta: 0:00:02    time: 0.3287  data: 0.2487  max mem: 5226
Test:  [8/9]  eta: 0:00:00    time: 0.1585  data: 0.0410  max mem: 5226
Test: Total time: 0:00:01 (0.1630 s / it)
Metrics: {'f1': 0.9724137931034483, 'precision': 0.9657534246575342, 'recall': 0.9791666666666666, 'iou': 0.6646415311218108, 'TPs': 141, 'FPs': 5, 'FNs': 3}
Averaged stats: 
Accumulating evaluation results...
COCOeval_opt.accumulate() finished...
DONE (t=0.01s).
IoU metric: bbox
 Average Precision  (AP) @[ IoU=0.50:0.95 | area=   all | maxDets=100 ] = 0.350
 Average Precision  (AP) @[ IoU=0.50      | area=   all | maxDets=100 ] = 0.957
 Average Precision  (AP) @[ IoU=0.75      | area=   all | maxDets=100 ] = 0.151
 Average Precision  (AP) @[ IoU=0.50:0.95 | area= small | maxDets=100 ] = 0.351
 Average Precision  (AP) @[ IoU=0.50:0.95 | area=medium | maxDets=100 ] = -1.000
 Average Precision  (AP) @[ IoU=0.50:0.95 | area= large | maxDets=100 ] = -1.000
 Average Recall     (AR) @[ IoU=0.50:0.95 | area=   all | maxDets=  1 ] = 0.198
 Average Recall     (AR) @[ IoU=0.50:0.95 | area=   all | maxDets= 10 ] = 0.477
 Average Recall     (AR) @[ IoU=0.50:0.95 | area=   all | maxDets=100 ] = 0.562
 Average Recall     (AR) @[ IoU=0.50:0.95 | area= small | maxDets=100 ] = 0.562
 Average Recall     (AR) @[ IoU=0.50:0.95 | area=medium | maxDets=100 ] = -1.000
 Average Recall     (AR) @[ IoU=0.50:0.95 | area= large | maxDets=100 ] = -1.000
 Average Recall     (AR) @[ IoU=0.50      | area=   all | maxDets=100 ] = 0.986
 Average Recall     (AR) @[ IoU=0.75      | area=   all | maxDets=100 ] = 0.569
best_stat: {'epoch': 5, 'coco_eval_bbox': 0.37439849913602513}
Epoch: [27/30]  [ 0/44]  eta: 0:00:37  lr: 0.000010  loss: 12.7579 (12.7579)  loss_mal: 0.3753 (0.3753)  loss_bbox: 0.0093 (0.0093)  loss_giou: 0.1253 (0.1253)  loss_fgl: 1.1294 (1.1294)  loss_mal_aux_0: 0.4807 (0.4807)  loss_bbox_aux_0: 0.0130 (0.0130)  loss_giou_aux_0: 0.1550 (0.1550)  loss_fgl_aux_0: 1.1529 (1.1529)  loss_ddf_aux_0: 0.0203 (0.0203)  loss_mal_aux_1: 0.3866 (0.3866)  loss_bbox_aux_1: 0.0092 (0.0092)  loss_giou_aux_1: 0.1239 (0.1239)  loss_fgl_aux_1: 1.1313 (1.1313)  loss_ddf_aux_1: 0.0006 (0.0006)  loss_mal_pre: 0.4835 (0.4835)  loss_bbox_pre: 0.0130 (0.0130)  loss_giou_pre: 0.1551 (0.1551)  loss_mal_enc_0: 0.5902 (0.5902)  loss_bbox_enc_0: 0.0177 (0.0177)  loss_giou_enc_0: 0.2174 (0.2174)  loss_mal_dn_0: 0.5365 (0.5365)  loss_bbox_dn_0: 0.0168 (0.0168)  loss_giou_dn_0: 0.2165 (0.2165)  loss_fgl_dn_0: 1.1949 (1.1949)  loss_ddf_dn_0: 0.1024 (0.1024)  loss_mal_dn_1: 0.3943 (0.3943)  loss_bbox_dn_1: 0.0100 (0.0100)  loss_giou_dn_1: 0.1337 (0.1337)  loss_fgl_dn_1: 1.1281 (1.1281)  loss_ddf_dn_1: 0.0024 (0.0024)  loss_mal_dn_2: 0.3860 (0.3860)  loss_bbox_dn_2: 0.0098 (0.0098)  loss_giou_dn_2: 0.1317 (0.1317)  loss_fgl_dn_2: 1.1262 (1.1262)  loss_ddf_dn_2: -0.0000 (0.0000)  loss_mal_dn_pre: 0.5444 (0.5444)  loss_bbox_dn_pre: 0.0169 (0.0169)  loss_giou_dn_pre: 0.2174 (0.2174)  time: 0.8412  data: 0.2662  max mem: 5226
Epoch: [27/30]  [10/44]  eta: 0:00:19  lr: 0.000010  loss: 12.8910 (13.1008)  loss_mal: 0.3865 (0.4037)  loss_bbox: 0.0098 (0.0113)  loss_giou: 0.1385 (0.1522)  loss_fgl: 1.1300 (1.1357)  loss_mal_aux_0: 0.5437 (0.5304)  loss_bbox_aux_0: 0.0114 (0.0129)  loss_giou_aux_0: 0.1564 (0.1728)  loss_fgl_aux_0: 1.1524 (1.1545)  loss_ddf_aux_0: 0.0169 (0.0172)  loss_mal_aux_1: 0.4015 (0.4113)  loss_bbox_aux_1: 0.0100 (0.0113)  loss_giou_aux_1: 0.1378 (0.1518)  loss_fgl_aux_1: 1.1313 (1.1364)  loss_ddf_aux_1: 0.0005 (0.0005)  loss_mal_pre: 0.5438 (0.5311)  loss_bbox_pre: 0.0115 (0.0130)  loss_giou_pre: 0.1580 (0.1741)  loss_mal_enc_0: 0.6193 (0.6262)  loss_bbox_enc_0: 0.0163 (0.0180)  loss_giou_enc_0: 0.2183 (0.2376)  loss_mal_dn_0: 0.5364 (0.5380)  loss_bbox_dn_0: 0.0149 (0.0160)  loss_giou_dn_0: 0.2071 (0.2120)  loss_fgl_dn_0: 1.1864 (1.1851)  loss_ddf_dn_0: 0.0965 (0.0941)  loss_mal_dn_1: 0.3943 (0.4085)  loss_bbox_dn_1: 0.0100 (0.0109)  loss_giou_dn_1: 0.1337 (0.1458)  loss_fgl_dn_1: 1.1281 (1.1261)  loss_ddf_dn_1: 0.0022 (0.0023)  loss_mal_dn_2: 0.3860 (0.4045)  loss_bbox_dn_2: 0.0098 (0.0108)  loss_giou_dn_2: 0.1317 (0.1448)  loss_fgl_dn_2: 1.1262 (1.1248)  loss_ddf_dn_2: -0.0000 (0.0000)  loss_mal_dn_pre: 0.5444 (0.5462)  loss_bbox_dn_pre: 0.0149 (0.0161)  loss_giou_dn_pre: 0.2072 (0.2127)  time: 0.5736  data: 0.0379  max mem: 5226
Epoch: [27/30]  [20/44]  eta: 0:00:13  lr: 0.000010  loss: 12.9118 (13.1879)  loss_mal: 0.3967 (0.4113)  loss_bbox: 0.0107 (0.0118)  loss_giou: 0.1385 (0.1544)  loss_fgl: 1.1330 (1.1443)  loss_mal_aux_0: 0.4984 (0.5203)  loss_bbox_aux_0: 0.0116 (0.0134)  loss_giou_aux_0: 0.1605 (0.1745)  loss_fgl_aux_0: 1.1524 (1.1614)  loss_ddf_aux_0: 0.0169 (0.0177)  loss_mal_aux_1: 0.4058 (0.4197)  loss_bbox_aux_1: 0.0106 (0.0118)  loss_giou_aux_1: 0.1378 (0.1548)  loss_fgl_aux_1: 1.1333 (1.1447)  loss_ddf_aux_1: 0.0005 (0.0005)  loss_mal_pre: 0.5003 (0.5205)  loss_bbox_pre: 0.0117 (0.0134)  loss_giou_pre: 0.1602 (0.1752)  loss_mal_enc_0: 0.6193 (0.6292)  loss_bbox_enc_0: 0.0165 (0.0181)  loss_giou_enc_0: 0.2206 (0.2358)  loss_mal_dn_0: 0.5310 (0.5405)  loss_bbox_dn_0: 0.0149 (0.0165)  loss_giou_dn_0: 0.2039 (0.2149)  loss_fgl_dn_0: 1.1875 (1.1919)  loss_ddf_dn_0: 0.0917 (0.0943)  loss_mal_dn_1: 0.4088 (0.4150)  loss_bbox_dn_1: 0.0105 (0.0114)  loss_giou_dn_1: 0.1451 (0.1506)  loss_fgl_dn_1: 1.1299 (1.1342)  loss_ddf_dn_1: 0.0021 (0.0022)  loss_mal_dn_2: 0.4008 (0.4111)  loss_bbox_dn_2: 0.0105 (0.0114)  loss_giou_dn_2: 0.1411 (0.1491)  loss_fgl_dn_2: 1.1271 (1.1330)  loss_ddf_dn_2: -0.0000 (0.0000)  loss_mal_dn_pre: 0.5371 (0.5476)  loss_bbox_dn_pre: 0.0149 (0.0165)  loss_giou_dn_pre: 0.2060 (0.2148)  time: 0.5446  data: 0.0166  max mem: 5226
Epoch: [27/30]  [30/44]  eta: 0:00:07  lr: 0.000010  loss: 13.0273 (13.2834)  loss_mal: 0.4119 (0.4207)  loss_bbox: 0.0113 (0.0122)  loss_giou: 0.1437 (0.1580)  loss_fgl: 1.1381 (1.1459)  loss_mal_aux_0: 0.4984 (0.5213)  loss_bbox_aux_0: 0.0127 (0.0137)  loss_giou_aux_0: 0.1619 (0.1766)  loss_fgl_aux_0: 1.1548 (1.1622)  loss_ddf_aux_0: 0.0181 (0.0181)  loss_mal_aux_1: 0.4166 (0.4301)  loss_bbox_aux_1: 0.0112 (0.0122)  loss_giou_aux_1: 0.1474 (0.1581)  loss_fgl_aux_1: 1.1381 (1.1457)  loss_ddf_aux_1: 0.0005 (0.0005)  loss_mal_pre: 0.5003 (0.5212)  loss_bbox_pre: 0.0127 (0.0138)  loss_giou_pre: 0.1625 (0.1771)  loss_mal_enc_0: 0.6417 (0.6414)  loss_bbox_enc_0: 0.0194 (0.0191)  loss_giou_enc_0: 0.2344 (0.2427)  loss_mal_dn_0: 0.5334 (0.5444)  loss_bbox_dn_0: 0.0163 (0.0170)  loss_giou_dn_0: 0.2088 (0.2186)  loss_fgl_dn_0: 1.1916 (1.1938)  loss_ddf_dn_0: 0.0938 (0.0958)  loss_mal_dn_1: 0.4088 (0.4198)  loss_bbox_dn_1: 0.0113 (0.0118)  loss_giou_dn_1: 0.1457 (0.1539)  loss_fgl_dn_1: 1.1231 (1.1338)  loss_ddf_dn_1: 0.0022 (0.0023)  loss_mal_dn_2: 0.4016 (0.4167)  loss_bbox_dn_2: 0.0111 (0.0118)  loss_giou_dn_2: 0.1412 (0.1528)  loss_fgl_dn_2: 1.1239 (1.1331)  loss_ddf_dn_2: -0.0000 (0.0000)  loss_mal_dn_pre: 0.5389 (0.5514)  loss_bbox_dn_pre: 0.0163 (0.0171)  loss_giou_dn_pre: 0.2088 (0.2185)  time: 0.5397  data: 0.0170  max mem: 5226
Epoch: [27/30]  [40/44]  eta: 0:00:02  lr: 0.000010  loss: 13.1321 (13.2378)  loss_mal: 0.4165 (0.4183)  loss_bbox: 0.0114 (0.0121)  loss_giou: 0.1536 (0.1567)  loss_fgl: 1.1322 (1.1441)  loss_mal_aux_0: 0.5046 (0.5149)  loss_bbox_aux_0: 0.0130 (0.0136)  loss_giou_aux_0: 0.1676 (0.1754)  loss_fgl_aux_0: 1.1513 (1.1605)  loss_ddf_aux_0: 0.0189 (0.0183)  loss_mal_aux_1: 0.4259 (0.4269)  loss_bbox_aux_1: 0.0113 (0.0121)  loss_giou_aux_1: 0.1540 (0.1569)  loss_fgl_aux_1: 1.1326 (1.1442)  loss_ddf_aux_1: 0.0005 (0.0006)  loss_mal_pre: 0.5050 (0.5146)  loss_bbox_pre: 0.0130 (0.0136)  loss_giou_pre: 0.1682 (0.1757)  loss_mal_enc_0: 0.6494 (0.6412)  loss_bbox_enc_0: 0.0196 (0.0191)  loss_giou_enc_0: 0.2460 (0.2434)  loss_mal_dn_0: 0.5380 (0.5427)  loss_bbox_dn_0: 0.0171 (0.0169)  loss_giou_dn_0: 0.2099 (0.2176)  loss_fgl_dn_0: 1.1841 (1.1920)  loss_ddf_dn_0: 0.0995 (0.0963)  loss_mal_dn_1: 0.4073 (0.4176)  loss_bbox_dn_1: 0.0113 (0.0117)  loss_giou_dn_1: 0.1456 (0.1526)  loss_fgl_dn_1: 1.1214 (1.1323)  loss_ddf_dn_1: 0.0023 (0.0023)  loss_mal_dn_2: 0.4025 (0.4145)  loss_bbox_dn_2: 0.0113 (0.0116)  loss_giou_dn_2: 0.1433 (0.1516)  loss_fgl_dn_2: 1.1205 (1.1315)  loss_ddf_dn_2: -0.0000 (0.0000)  loss_mal_dn_pre: 0.5456 (0.5499)  loss_bbox_dn_pre: 0.0170 (0.0169)  loss_giou_dn_pre: 0.2105 (0.2176)  time: 0.5555  data: 0.0157  max mem: 5226
Epoch: [27/30]  [43/44]  eta: 0:00:00  lr: 0.000010  loss: 13.1321 (13.2412)  loss_mal: 0.4171 (0.4196)  loss_bbox: 0.0121 (0.0121)  loss_giou: 0.1537 (0.1573)  loss_fgl: 1.1348 (1.1450)  loss_mal_aux_0: 0.4936 (0.5130)  loss_bbox_aux_0: 0.0136 (0.0136)  loss_giou_aux_0: 0.1764 (0.1752)  loss_fgl_aux_0: 1.1558 (1.1606)  loss_ddf_aux_0: 0.0186 (0.0183)  loss_mal_aux_1: 0.4259 (0.4278)  loss_bbox_aux_1: 0.0123 (0.0121)  loss_giou_aux_1: 0.1546 (0.1576)  loss_fgl_aux_1: 1.1353 (1.1451)  loss_ddf_aux_1: 0.0005 (0.0005)  loss_mal_pre: 0.4918 (0.5129)  loss_bbox_pre: 0.0136 (0.0136)  loss_giou_pre: 0.1732 (0.1755)  loss_mal_enc_0: 0.6515 (0.6412)  loss_bbox_enc_0: 0.0194 (0.0190)  loss_giou_enc_0: 0.2444 (0.2427)  loss_mal_dn_0: 0.5380 (0.5425)  loss_bbox_dn_0: 0.0171 (0.0169)  loss_giou_dn_0: 0.2132 (0.2176)  loss_fgl_dn_0: 1.1867 (1.1924)  loss_ddf_dn_0: 0.0995 (0.0963)  loss_mal_dn_1: 0.4084 (0.4184)  loss_bbox_dn_1: 0.0115 (0.0117)  loss_giou_dn_1: 0.1459 (0.1529)  loss_fgl_dn_1: 1.1231 (1.1326)  loss_ddf_dn_1: 0.0023 (0.0023)  loss_mal_dn_2: 0.4067 (0.4154)  loss_bbox_dn_2: 0.0114 (0.0117)  loss_giou_dn_2: 0.1460 (0.1519)  loss_fgl_dn_2: 1.1239 (1.1317)  loss_ddf_dn_2: -0.0000 (0.0000)  loss_mal_dn_pre: 0.5456 (0.5497)  loss_bbox_dn_pre: 0.0170 (0.0169)  loss_giou_dn_pre: 0.2110 (0.2176)  time: 0.5713  data: 0.0154  max mem: 5226
Epoch: [27/30] Total time: 0:00:24 (0.5582 s / it)
Averaged stats: lr: 0.000010  loss: 13.1321 (13.2412)  loss_mal: 0.4171 (0.4196)  loss_bbox: 0.0121 (0.0121)  loss_giou: 0.1537 (0.1573)  loss_fgl: 1.1348 (1.1450)  loss_mal_aux_0: 0.4936 (0.5130)  loss_bbox_aux_0: 0.0136 (0.0136)  loss_giou_aux_0: 0.1764 (0.1752)  loss_fgl_aux_0: 1.1558 (1.1606)  loss_ddf_aux_0: 0.0186 (0.0183)  loss_mal_aux_1: 0.4259 (0.4278)  loss_bbox_aux_1: 0.0123 (0.0121)  loss_giou_aux_1: 0.1546 (0.1576)  loss_fgl_aux_1: 1.1353 (1.1451)  loss_ddf_aux_1: 0.0005 (0.0005)  loss_mal_pre: 0.4918 (0.5129)  loss_bbox_pre: 0.0136 (0.0136)  loss_giou_pre: 0.1732 (0.1755)  loss_mal_enc_0: 0.6515 (0.6412)  loss_bbox_enc_0: 0.0194 (0.0190)  loss_giou_enc_0: 0.2444 (0.2427)  loss_mal_dn_0: 0.5380 (0.5425)  loss_bbox_dn_0: 0.0171 (0.0169)  loss_giou_dn_0: 0.2132 (0.2176)  loss_fgl_dn_0: 1.1867 (1.1924)  loss_ddf_dn_0: 0.0995 (0.0963)  loss_mal_dn_1: 0.4084 (0.4184)  loss_bbox_dn_1: 0.0115 (0.0117)  loss_giou_dn_1: 0.1459 (0.1529)  loss_fgl_dn_1: 1.1231 (1.1326)  loss_ddf_dn_1: 0.0023 (0.0023)  loss_mal_dn_2: 0.4067 (0.4154)  loss_bbox_dn_2: 0.0114 (0.0117)  loss_giou_dn_2: 0.1460 (0.1519)  loss_fgl_dn_2: 1.1239 (1.1317)  loss_ddf_dn_2: -0.0000 (0.0000)  loss_mal_dn_pre: 0.5456 (0.5497)  loss_bbox_dn_pre: 0.0170 (0.0169)  loss_giou_dn_pre: 0.2110 (0.2176)
Test:  [0/9]  eta: 0:00:03    time: 0.3505  data: 0.2513  max mem: 5226
Test:  [8/9]  eta: 0:00:00    time: 0.1590  data: 0.0434  max mem: 5226
Test: Total time: 0:00:01 (0.1649 s / it)
Metrics: {'f1': 0.9757785467128027, 'precision': 0.9724137931034482, 'recall': 0.9791666666666666, 'iou': 0.6690236036036465, 'TPs': 141, 'FPs': 4, 'FNs': 3}
Averaged stats: 
Accumulating evaluation results...
COCOeval_opt.accumulate() finished...
DONE (t=0.01s).
IoU metric: bbox
 Average Precision  (AP) @[ IoU=0.50:0.95 | area=   all | maxDets=100 ] = 0.347
 Average Precision  (AP) @[ IoU=0.50      | area=   all | maxDets=100 ] = 0.957
 Average Precision  (AP) @[ IoU=0.75      | area=   all | maxDets=100 ] = 0.150
 Average Precision  (AP) @[ IoU=0.50:0.95 | area= small | maxDets=100 ] = 0.347
 Average Precision  (AP) @[ IoU=0.50:0.95 | area=medium | maxDets=100 ] = -1.000
 Average Precision  (AP) @[ IoU=0.50:0.95 | area= large | maxDets=100 ] = -1.000
 Average Recall     (AR) @[ IoU=0.50:0.95 | area=   all | maxDets=  1 ] = 0.197
 Average Recall     (AR) @[ IoU=0.50:0.95 | area=   all | maxDets= 10 ] = 0.472
 Average Recall     (AR) @[ IoU=0.50:0.95 | area=   all | maxDets=100 ] = 0.562
 Average Recall     (AR) @[ IoU=0.50:0.95 | area= small | maxDets=100 ] = 0.562
 Average Recall     (AR) @[ IoU=0.50:0.95 | area=medium | maxDets=100 ] = -1.000
 Average Recall     (AR) @[ IoU=0.50:0.95 | area= large | maxDets=100 ] = -1.000
 Average Recall     (AR) @[ IoU=0.50      | area=   all | maxDets=100 ] = 0.986
 Average Recall     (AR) @[ IoU=0.75      | area=   all | maxDets=100 ] = 0.569
best_stat: {'epoch': 5, 'coco_eval_bbox': 0.37439849913602513}
Epoch: [28/30]  [ 0/44]  eta: 0:00:37  lr: 0.000010  loss: 12.6224 (12.6224)  loss_mal: 0.3827 (0.3827)  loss_bbox: 0.0095 (0.0095)  loss_giou: 0.1310 (0.1310)  loss_fgl: 1.1372 (1.1372)  loss_mal_aux_0: 0.4517 (0.4517)  loss_bbox_aux_0: 0.0114 (0.0114)  loss_giou_aux_0: 0.1616 (0.1616)  loss_fgl_aux_0: 1.1491 (1.1491)  loss_ddf_aux_0: 0.0135 (0.0135)  loss_mal_aux_1: 0.3821 (0.3821)  loss_bbox_aux_1: 0.0096 (0.0096)  loss_giou_aux_1: 0.1307 (0.1307)  loss_fgl_aux_1: 1.1384 (1.1384)  loss_ddf_aux_1: 0.0005 (0.0005)  loss_mal_pre: 0.4532 (0.4532)  loss_bbox_pre: 0.0116 (0.0116)  loss_giou_pre: 0.1626 (0.1626)  loss_mal_enc_0: 0.5545 (0.5545)  loss_bbox_enc_0: 0.0147 (0.0147)  loss_giou_enc_0: 0.1952 (0.1952)  loss_mal_dn_0: 0.5287 (0.5287)  loss_bbox_dn_0: 0.0155 (0.0155)  loss_giou_dn_0: 0.2057 (0.2057)  loss_fgl_dn_0: 1.1875 (1.1875)  loss_ddf_dn_0: 0.0886 (0.0886)  loss_mal_dn_1: 0.3882 (0.3882)  loss_bbox_dn_1: 0.0099 (0.0099)  loss_giou_dn_1: 0.1371 (0.1371)  loss_fgl_dn_1: 1.1362 (1.1362)  loss_ddf_dn_1: 0.0020 (0.0020)  loss_mal_dn_2: 0.3846 (0.3846)  loss_bbox_dn_2: 0.0098 (0.0098)  loss_giou_dn_2: 0.1360 (0.1360)  loss_fgl_dn_2: 1.1347 (1.1347)  loss_ddf_dn_2: -0.0000 (0.0000)  loss_mal_dn_pre: 0.5359 (0.5359)  loss_bbox_dn_pre: 0.0155 (0.0155)  loss_giou_dn_pre: 0.2059 (0.2059)  time: 0.8454  data: 0.2547  max mem: 5226
Epoch: [28/30]  [10/44]  eta: 0:00:19  lr: 0.000010  loss: 12.7458 (12.6878)  loss_mal: 0.3892 (0.3867)  loss_bbox: 0.0101 (0.0105)  loss_giou: 0.1373 (0.1347)  loss_fgl: 1.1208 (1.1214)  loss_mal_aux_0: 0.4650 (0.4836)  loss_bbox_aux_0: 0.0117 (0.0121)  loss_giou_aux_0: 0.1535 (0.1557)  loss_fgl_aux_0: 1.1321 (1.1371)  loss_ddf_aux_0: 0.0160 (0.0161)  loss_mal_aux_1: 0.3944 (0.3927)  loss_bbox_aux_1: 0.0101 (0.0106)  loss_giou_aux_1: 0.1389 (0.1353)  loss_fgl_aux_1: 1.1216 (1.1222)  loss_ddf_aux_1: 0.0005 (0.0005)  loss_mal_pre: 0.4661 (0.4833)  loss_bbox_pre: 0.0118 (0.0121)  loss_giou_pre: 0.1536 (0.1555)  loss_mal_enc_0: 0.6379 (0.6341)  loss_bbox_enc_0: 0.0160 (0.0174)  loss_giou_enc_0: 0.2245 (0.2244)  loss_mal_dn_0: 0.5218 (0.5241)  loss_bbox_dn_0: 0.0155 (0.0159)  loss_giou_dn_0: 0.2047 (0.2028)  loss_fgl_dn_0: 1.1631 (1.1690)  loss_ddf_dn_0: 0.0935 (0.0925)  loss_mal_dn_1: 0.3930 (0.3891)  loss_bbox_dn_1: 0.0105 (0.0106)  loss_giou_dn_1: 0.1385 (0.1361)  loss_fgl_dn_1: 1.1096 (1.1092)  loss_ddf_dn_1: 0.0020 (0.0022)  loss_mal_dn_2: 0.3879 (0.3862)  loss_bbox_dn_2: 0.0104 (0.0105)  loss_giou_dn_2: 0.1360 (0.1346)  loss_fgl_dn_2: 1.1083 (1.1078)  loss_ddf_dn_2: -0.0000 (0.0000)  loss_mal_dn_pre: 0.5310 (0.5323)  loss_bbox_dn_pre: 0.0155 (0.0159)  loss_giou_dn_pre: 0.2032 (0.2027)  time: 0.5758  data: 0.0371  max mem: 5226
Epoch: [28/30]  [20/44]  eta: 0:00:13  lr: 0.000010  loss: 12.7808 (12.7967)  loss_mal: 0.3905 (0.3903)  loss_bbox: 0.0105 (0.0106)  loss_giou: 0.1388 (0.1388)  loss_fgl: 1.1196 (1.1233)  loss_mal_aux_0: 0.4952 (0.4955)  loss_bbox_aux_0: 0.0117 (0.0121)  loss_giou_aux_0: 0.1535 (0.1593)  loss_fgl_aux_0: 1.1321 (1.1398)  loss_ddf_aux_0: 0.0171 (0.0175)  loss_mal_aux_1: 0.3980 (0.3978)  loss_bbox_aux_1: 0.0104 (0.0107)  loss_giou_aux_1: 0.1397 (0.1393)  loss_fgl_aux_1: 1.1205 (1.1239)  loss_ddf_aux_1: 0.0005 (0.0005)  loss_mal_pre: 0.4949 (0.4946)  loss_bbox_pre: 0.0118 (0.0122)  loss_giou_pre: 0.1536 (0.1592)  loss_mal_enc_0: 0.6295 (0.6327)  loss_bbox_enc_0: 0.0167 (0.0177)  loss_giou_enc_0: 0.2245 (0.2290)  loss_mal_dn_0: 0.5218 (0.5278)  loss_bbox_dn_0: 0.0158 (0.0159)  loss_giou_dn_0: 0.2047 (0.2061)  loss_fgl_dn_0: 1.1662 (1.1749)  loss_ddf_dn_0: 0.0952 (0.0960)  loss_mal_dn_1: 0.3942 (0.3953)  loss_bbox_dn_1: 0.0106 (0.0107)  loss_giou_dn_1: 0.1397 (0.1397)  loss_fgl_dn_1: 1.1090 (1.1133)  loss_ddf_dn_1: 0.0022 (0.0022)  loss_mal_dn_2: 0.3898 (0.3921)  loss_bbox_dn_2: 0.0105 (0.0106)  loss_giou_dn_2: 0.1382 (0.1384)  loss_fgl_dn_2: 1.1083 (1.1121)  loss_ddf_dn_2: -0.0000 (0.0000)  loss_mal_dn_pre: 0.5310 (0.5354)  loss_bbox_dn_pre: 0.0156 (0.0159)  loss_giou_dn_pre: 0.2032 (0.2059)  time: 0.5495  data: 0.0156  max mem: 5226
Epoch: [28/30]  [30/44]  eta: 0:00:08  lr: 0.000010  loss: 12.9120 (12.8639)  loss_mal: 0.3967 (0.3933)  loss_bbox: 0.0105 (0.0107)  loss_giou: 0.1455 (0.1404)  loss_fgl: 1.1301 (1.1278)  loss_mal_aux_0: 0.5041 (0.5006)  loss_bbox_aux_0: 0.0121 (0.0123)  loss_giou_aux_0: 0.1630 (0.1611)  loss_fgl_aux_0: 1.1497 (1.1445)  loss_ddf_aux_0: 0.0175 (0.0179)  loss_mal_aux_1: 0.4036 (0.4008)  loss_bbox_aux_1: 0.0106 (0.0107)  loss_giou_aux_1: 0.1429 (0.1408)  loss_fgl_aux_1: 1.1296 (1.1283)  loss_ddf_aux_1: 0.0005 (0.0005)  loss_mal_pre: 0.5015 (0.4996)  loss_bbox_pre: 0.0121 (0.0123)  loss_giou_pre: 0.1640 (0.1608)  loss_mal_enc_0: 0.6187 (0.6301)  loss_bbox_enc_0: 0.0167 (0.0175)  loss_giou_enc_0: 0.2123 (0.2277)  loss_mal_dn_0: 0.5281 (0.5292)  loss_bbox_dn_0: 0.0156 (0.0158)  loss_giou_dn_0: 0.2154 (0.2072)  loss_fgl_dn_0: 1.1865 (1.1786)  loss_ddf_dn_0: 0.1014 (0.0972)  loss_mal_dn_1: 0.4131 (0.3994)  loss_bbox_dn_1: 0.0107 (0.0108)  loss_giou_dn_1: 0.1482 (0.1421)  loss_fgl_dn_1: 1.1188 (1.1185)  loss_ddf_dn_1: 0.0022 (0.0022)  loss_mal_dn_2: 0.4104 (0.3962)  loss_bbox_dn_2: 0.0106 (0.0107)  loss_giou_dn_2: 0.1478 (0.1409)  loss_fgl_dn_2: 1.1178 (1.1175)  loss_ddf_dn_2: -0.0000 (0.0000)  loss_mal_dn_pre: 0.5378 (0.5369)  loss_bbox_dn_pre: 0.0155 (0.0158)  loss_giou_dn_pre: 0.2163 (0.2071)  time: 0.5769  data: 0.0156  max mem: 5226
Epoch: [28/30]  [40/44]  eta: 0:00:02  lr: 0.000010  loss: 12.8964 (12.9382)  loss_mal: 0.3940 (0.3982)  loss_bbox: 0.0106 (0.0110)  loss_giou: 0.1393 (0.1434)  loss_fgl: 1.1285 (1.1295)  loss_mal_aux_0: 0.5159 (0.5057)  loss_bbox_aux_0: 0.0123 (0.0126)  loss_giou_aux_0: 0.1677 (0.1645)  loss_fgl_aux_0: 1.1431 (1.1463)  loss_ddf_aux_0: 0.0179 (0.0181)  loss_mal_aux_1: 0.4091 (0.4065)  loss_bbox_aux_1: 0.0108 (0.0110)  loss_giou_aux_1: 0.1398 (0.1438)  loss_fgl_aux_1: 1.1285 (1.1299)  loss_ddf_aux_1: 0.0005 (0.0005)  loss_mal_pre: 0.5127 (0.5048)  loss_bbox_pre: 0.0123 (0.0126)  loss_giou_pre: 0.1658 (0.1643)  loss_mal_enc_0: 0.6185 (0.6277)  loss_bbox_enc_0: 0.0178 (0.0180)  loss_giou_enc_0: 0.2303 (0.2315)  loss_mal_dn_0: 0.5306 (0.5329)  loss_bbox_dn_0: 0.0158 (0.0162)  loss_giou_dn_0: 0.2073 (0.2097)  loss_fgl_dn_0: 1.1784 (1.1801)  loss_ddf_dn_0: 0.1009 (0.0984)  loss_mal_dn_1: 0.4037 (0.4037)  loss_bbox_dn_1: 0.0110 (0.0110)  loss_giou_dn_1: 0.1440 (0.1445)  loss_fgl_dn_1: 1.1173 (1.1194)  loss_ddf_dn_1: 0.0023 (0.0023)  loss_mal_dn_2: 0.4018 (0.4008)  loss_bbox_dn_2: 0.0111 (0.0109)  loss_giou_dn_2: 0.1446 (0.1434)  loss_fgl_dn_2: 1.1160 (1.1185)  loss_ddf_dn_2: -0.0000 (0.0000)  loss_mal_dn_pre: 0.5385 (0.5406)  loss_bbox_dn_pre: 0.0157 (0.0162)  loss_giou_dn_pre: 0.2068 (0.2097)  time: 0.6101  data: 0.0151  max mem: 5226
Epoch: [28/30]  [43/44]  eta: 0:00:00  lr: 0.000010  loss: 12.8856 (12.9349)  loss_mal: 0.3940 (0.3992)  loss_bbox: 0.0106 (0.0110)  loss_giou: 0.1375 (0.1431)  loss_fgl: 1.1285 (1.1298)  loss_mal_aux_0: 0.5159 (0.5048)  loss_bbox_aux_0: 0.0123 (0.0126)  loss_giou_aux_0: 0.1626 (0.1636)  loss_fgl_aux_0: 1.1418 (1.1460)  loss_ddf_aux_0: 0.0182 (0.0184)  loss_mal_aux_1: 0.4010 (0.4073)  loss_bbox_aux_1: 0.0110 (0.0110)  loss_giou_aux_1: 0.1375 (0.1433)  loss_fgl_aux_1: 1.1285 (1.1300)  loss_ddf_aux_1: 0.0005 (0.0005)  loss_mal_pre: 0.5127 (0.5039)  loss_bbox_pre: 0.0126 (0.0126)  loss_giou_pre: 0.1640 (0.1635)  loss_mal_enc_0: 0.6187 (0.6289)  loss_bbox_enc_0: 0.0185 (0.0180)  loss_giou_enc_0: 0.2303 (0.2317)  loss_mal_dn_0: 0.5306 (0.5318)  loss_bbox_dn_0: 0.0160 (0.0162)  loss_giou_dn_0: 0.2067 (0.2091)  loss_fgl_dn_0: 1.1784 (1.1803)  loss_ddf_dn_0: 0.1014 (0.0990)  loss_mal_dn_1: 0.4017 (0.4034)  loss_bbox_dn_1: 0.0110 (0.0110)  loss_giou_dn_1: 0.1409 (0.1441)  loss_fgl_dn_1: 1.1268 (1.1200)  loss_ddf_dn_1: 0.0024 (0.0023)  loss_mal_dn_2: 0.4003 (0.4005)  loss_bbox_dn_2: 0.0111 (0.0110)  loss_giou_dn_2: 0.1390 (0.1431)  loss_fgl_dn_2: 1.1269 (1.1192)  loss_ddf_dn_2: -0.0000 (0.0000)  loss_mal_dn_pre: 0.5383 (0.5395)  loss_bbox_dn_pre: 0.0160 (0.0162)  loss_giou_dn_pre: 0.2068 (0.2089)  time: 0.6130  data: 0.0148  max mem: 5226
Epoch: [28/30] Total time: 0:00:25 (0.5878 s / it)
Averaged stats: lr: 0.000010  loss: 12.8856 (12.9349)  loss_mal: 0.3940 (0.3992)  loss_bbox: 0.0106 (0.0110)  loss_giou: 0.1375 (0.1431)  loss_fgl: 1.1285 (1.1298)  loss_mal_aux_0: 0.5159 (0.5048)  loss_bbox_aux_0: 0.0123 (0.0126)  loss_giou_aux_0: 0.1626 (0.1636)  loss_fgl_aux_0: 1.1418 (1.1460)  loss_ddf_aux_0: 0.0182 (0.0184)  loss_mal_aux_1: 0.4010 (0.4073)  loss_bbox_aux_1: 0.0110 (0.0110)  loss_giou_aux_1: 0.1375 (0.1433)  loss_fgl_aux_1: 1.1285 (1.1300)  loss_ddf_aux_1: 0.0005 (0.0005)  loss_mal_pre: 0.5127 (0.5039)  loss_bbox_pre: 0.0126 (0.0126)  loss_giou_pre: 0.1640 (0.1635)  loss_mal_enc_0: 0.6187 (0.6289)  loss_bbox_enc_0: 0.0185 (0.0180)  loss_giou_enc_0: 0.2303 (0.2317)  loss_mal_dn_0: 0.5306 (0.5318)  loss_bbox_dn_0: 0.0160 (0.0162)  loss_giou_dn_0: 0.2067 (0.2091)  loss_fgl_dn_0: 1.1784 (1.1803)  loss_ddf_dn_0: 0.1014 (0.0990)  loss_mal_dn_1: 0.4017 (0.4034)  loss_bbox_dn_1: 0.0110 (0.0110)  loss_giou_dn_1: 0.1409 (0.1441)  loss_fgl_dn_1: 1.1268 (1.1200)  loss_ddf_dn_1: 0.0024 (0.0023)  loss_mal_dn_2: 0.4003 (0.4005)  loss_bbox_dn_2: 0.0111 (0.0110)  loss_giou_dn_2: 0.1390 (0.1431)  loss_fgl_dn_2: 1.1269 (1.1192)  loss_ddf_dn_2: -0.0000 (0.0000)  loss_mal_dn_pre: 0.5383 (0.5395)  loss_bbox_dn_pre: 0.0160 (0.0162)  loss_giou_dn_pre: 0.2068 (0.2089)
Test:  [0/9]  eta: 0:00:03    time: 0.3434  data: 0.2583  max mem: 5226
Test:  [8/9]  eta: 0:00:00    time: 0.1768  data: 0.0414  max mem: 5226
Test: Total time: 0:00:01 (0.1819 s / it)
Metrics: {'f1': 0.9757785467128027, 'precision': 0.9724137931034482, 'recall': 0.9791666666666666, 'iou': 0.6690711121301394, 'TPs': 141, 'FPs': 4, 'FNs': 3}
Averaged stats: 
Accumulating evaluation results...
COCOeval_opt.accumulate() finished...
DONE (t=0.01s).
IoU metric: bbox
 Average Precision  (AP) @[ IoU=0.50:0.95 | area=   all | maxDets=100 ] = 0.348
 Average Precision  (AP) @[ IoU=0.50      | area=   all | maxDets=100 ] = 0.957
 Average Precision  (AP) @[ IoU=0.75      | area=   all | maxDets=100 ] = 0.150
 Average Precision  (AP) @[ IoU=0.50:0.95 | area= small | maxDets=100 ] = 0.349
 Average Precision  (AP) @[ IoU=0.50:0.95 | area=medium | maxDets=100 ] = -1.000
 Average Precision  (AP) @[ IoU=0.50:0.95 | area= large | maxDets=100 ] = -1.000
 Average Recall     (AR) @[ IoU=0.50:0.95 | area=   all | maxDets=  1 ] = 0.198
 Average Recall     (AR) @[ IoU=0.50:0.95 | area=   all | maxDets= 10 ] = 0.472
 Average Recall     (AR) @[ IoU=0.50:0.95 | area=   all | maxDets=100 ] = 0.561
 Average Recall     (AR) @[ IoU=0.50:0.95 | area= small | maxDets=100 ] = 0.561
 Average Recall     (AR) @[ IoU=0.50:0.95 | area=medium | maxDets=100 ] = -1.000
 Average Recall     (AR) @[ IoU=0.50:0.95 | area= large | maxDets=100 ] = -1.000
 Average Recall     (AR) @[ IoU=0.50      | area=   all | maxDets=100 ] = 0.986
 Average Recall     (AR) @[ IoU=0.75      | area=   all | maxDets=100 ] = 0.576
best_stat: {'epoch': 5, 'coco_eval_bbox': 0.37439849913602513}
Epoch: [29/30]  [ 0/44]  eta: 0:00:37  lr: 0.000010  loss: 12.3254 (12.3254)  loss_mal: 0.3747 (0.3747)  loss_bbox: 0.0080 (0.0080)  loss_giou: 0.1282 (0.1282)  loss_fgl: 1.1046 (1.1046)  loss_mal_aux_0: 0.4372 (0.4372)  loss_bbox_aux_0: 0.0094 (0.0094)  loss_giou_aux_0: 0.1441 (0.1441)  loss_fgl_aux_0: 1.1217 (1.1217)  loss_ddf_aux_0: 0.0165 (0.0165)  loss_mal_aux_1: 0.3846 (0.3846)  loss_bbox_aux_1: 0.0083 (0.0083)  loss_giou_aux_1: 0.1326 (0.1326)  loss_fgl_aux_1: 1.1066 (1.1066)  loss_ddf_aux_1: 0.0006 (0.0006)  loss_mal_pre: 0.4366 (0.4366)  loss_bbox_pre: 0.0094 (0.0094)  loss_giou_pre: 0.1434 (0.1434)  loss_mal_enc_0: 0.5968 (0.5968)  loss_bbox_enc_0: 0.0140 (0.0140)  loss_giou_enc_0: 0.2058 (0.2058)  loss_mal_dn_0: 0.5136 (0.5136)  loss_bbox_dn_0: 0.0121 (0.0121)  loss_giou_dn_0: 0.1883 (0.1883)  loss_fgl_dn_0: 1.1577 (1.1577)  loss_ddf_dn_0: 0.0916 (0.0916)  loss_mal_dn_1: 0.3884 (0.3884)  loss_bbox_dn_1: 0.0084 (0.0084)  loss_giou_dn_1: 0.1340 (0.1340)  loss_fgl_dn_1: 1.1041 (1.1041)  loss_ddf_dn_1: 0.0024 (0.0024)  loss_mal_dn_2: 0.3814 (0.3814)  loss_bbox_dn_2: 0.0082 (0.0082)  loss_giou_dn_2: 0.1300 (0.1300)  loss_fgl_dn_2: 1.1023 (1.1023)  loss_ddf_dn_2: -0.0000 (0.0000)  loss_mal_dn_pre: 0.5208 (0.5208)  loss_bbox_dn_pre: 0.0120 (0.0120)  loss_giou_dn_pre: 0.1872 (0.1872)  time: 0.8595  data: 0.2649  max mem: 5226
Epoch: [29/30]  [10/44]  eta: 0:00:19  lr: 0.000010  loss: 12.5850 (12.6314)  loss_mal: 0.3798 (0.3817)  loss_bbox: 0.0096 (0.0100)  loss_giou: 0.1318 (0.1338)  loss_fgl: 1.1150 (1.1198)  loss_mal_aux_0: 0.4679 (0.4670)  loss_bbox_aux_0: 0.0114 (0.0113)  loss_giou_aux_0: 0.1546 (0.1507)  loss_fgl_aux_0: 1.1314 (1.1375)  loss_ddf_aux_0: 0.0187 (0.0177)  loss_mal_aux_1: 0.3843 (0.3892)  loss_bbox_aux_1: 0.0096 (0.0100)  loss_giou_aux_1: 0.1308 (0.1333)  loss_fgl_aux_1: 1.1157 (1.1205)  loss_ddf_aux_1: 0.0006 (0.0006)  loss_mal_pre: 0.4715 (0.4687)  loss_bbox_pre: 0.0115 (0.0114)  loss_giou_pre: 0.1533 (0.1517)  loss_mal_enc_0: 0.6301 (0.6274)  loss_bbox_enc_0: 0.0175 (0.0173)  loss_giou_enc_0: 0.2115 (0.2190)  loss_mal_dn_0: 0.5255 (0.5231)  loss_bbox_dn_0: 0.0150 (0.0150)  loss_giou_dn_0: 0.2000 (0.1982)  loss_fgl_dn_0: 1.1728 (1.1749)  loss_ddf_dn_0: 0.0920 (0.0939)  loss_mal_dn_1: 0.3916 (0.3919)  loss_bbox_dn_1: 0.0097 (0.0101)  loss_giou_dn_1: 0.1352 (0.1360)  loss_fgl_dn_1: 1.1136 (1.1158)  loss_ddf_dn_1: 0.0020 (0.0022)  loss_mal_dn_2: 0.3878 (0.3888)  loss_bbox_dn_2: 0.0096 (0.0100)  loss_giou_dn_2: 0.1332 (0.1347)  loss_fgl_dn_2: 1.1101 (1.1145)  loss_ddf_dn_2: -0.0000 (0.0000)  loss_mal_dn_pre: 0.5348 (0.5307)  loss_bbox_dn_pre: 0.0150 (0.0150)  loss_giou_dn_pre: 0.2009 (0.1982)  time: 0.5855  data: 0.0380  max mem: 5226
Epoch: [29/30]  [20/44]  eta: 0:00:13  lr: 0.000010  loss: 12.6256 (12.8978)  loss_mal: 0.3805 (0.3974)  loss_bbox: 0.0100 (0.0109)  loss_giou: 0.1350 (0.1441)  loss_fgl: 1.1242 (1.1342)  loss_mal_aux_0: 0.4766 (0.4899)  loss_bbox_aux_0: 0.0116 (0.0120)  loss_giou_aux_0: 0.1554 (0.1600)  loss_fgl_aux_0: 1.1362 (1.1480)  loss_ddf_aux_0: 0.0187 (0.0186)  loss_mal_aux_1: 0.3859 (0.4044)  loss_bbox_aux_1: 0.0100 (0.0109)  loss_giou_aux_1: 0.1331 (0.1438)  loss_fgl_aux_1: 1.1229 (1.1344)  loss_ddf_aux_1: 0.0005 (0.0005)  loss_mal_pre: 0.4788 (0.4905)  loss_bbox_pre: 0.0116 (0.0121)  loss_giou_pre: 0.1550 (0.1605)  loss_mal_enc_0: 0.6403 (0.6346)  loss_bbox_enc_0: 0.0175 (0.0177)  loss_giou_enc_0: 0.2218 (0.2280)  loss_mal_dn_0: 0.5255 (0.5293)  loss_bbox_dn_0: 0.0150 (0.0155)  loss_giou_dn_0: 0.2003 (0.2048)  loss_fgl_dn_0: 1.1735 (1.1811)  loss_ddf_dn_0: 0.0967 (0.0965)  loss_mal_dn_1: 0.3915 (0.4026)  loss_bbox_dn_1: 0.0100 (0.0107)  loss_giou_dn_1: 0.1353 (0.1432)  loss_fgl_dn_1: 1.1196 (1.1258)  loss_ddf_dn_1: 0.0020 (0.0023)  loss_mal_dn_2: 0.3879 (0.3996)  loss_bbox_dn_2: 0.0099 (0.0106)  loss_giou_dn_2: 0.1332 (0.1420)  loss_fgl_dn_2: 1.1181 (1.1247)  loss_ddf_dn_2: -0.0000 (0.0000)  loss_mal_dn_pre: 0.5342 (0.5365)  loss_bbox_dn_pre: 0.0150 (0.0155)  loss_giou_dn_pre: 0.2009 (0.2047)  time: 0.5341  data: 0.0158  max mem: 5226
Epoch: [29/30]  [30/44]  eta: 0:00:07  lr: 0.000010  loss: 12.6895 (12.8260)  loss_mal: 0.3863 (0.3951)  loss_bbox: 0.0105 (0.0109)  loss_giou: 0.1393 (0.1421)  loss_fgl: 1.1242 (1.1296)  loss_mal_aux_0: 0.4847 (0.4854)  loss_bbox_aux_0: 0.0118 (0.0122)  loss_giou_aux_0: 0.1554 (0.1589)  loss_fgl_aux_0: 1.1342 (1.1445)  loss_ddf_aux_0: 0.0201 (0.0189)  loss_mal_aux_1: 0.3894 (0.4018)  loss_bbox_aux_1: 0.0105 (0.0109)  loss_giou_aux_1: 0.1393 (0.1421)  loss_fgl_aux_1: 1.1217 (1.1298)  loss_ddf_aux_1: 0.0005 (0.0005)  loss_mal_pre: 0.4795 (0.4856)  loss_bbox_pre: 0.0116 (0.0122)  loss_giou_pre: 0.1551 (0.1591)  loss_mal_enc_0: 0.6326 (0.6302)  loss_bbox_enc_0: 0.0177 (0.0179)  loss_giou_enc_0: 0.2250 (0.2270)  loss_mal_dn_0: 0.5209 (0.5257)  loss_bbox_dn_0: 0.0152 (0.0156)  loss_giou_dn_0: 0.2015 (0.2028)  loss_fgl_dn_0: 1.1735 (1.1789)  loss_ddf_dn_0: 0.0973 (0.0962)  loss_mal_dn_1: 0.3915 (0.3989)  loss_bbox_dn_1: 0.0106 (0.0108)  loss_giou_dn_1: 0.1364 (0.1408)  loss_fgl_dn_1: 1.1173 (1.1215)  loss_ddf_dn_1: 0.0022 (0.0023)  loss_mal_dn_2: 0.3884 (0.3955)  loss_bbox_dn_2: 0.0104 (0.0107)  loss_giou_dn_2: 0.1350 (0.1396)  loss_fgl_dn_2: 1.1165 (1.1203)  loss_ddf_dn_2: -0.0000 (0.0000)  loss_mal_dn_pre: 0.5294 (0.5331)  loss_bbox_dn_pre: 0.0152 (0.0156)  loss_giou_dn_pre: 0.2014 (0.2027)  time: 0.5489  data: 0.0165  max mem: 5226
Epoch: [29/30]  [40/44]  eta: 0:00:02  lr: 0.000010  loss: 12.6895 (12.7848)  loss_mal: 0.3776 (0.3896)  loss_bbox: 0.0099 (0.0105)  loss_giou: 0.1343 (0.1389)  loss_fgl: 1.1181 (1.1274)  loss_mal_aux_0: 0.4782 (0.4880)  loss_bbox_aux_0: 0.0115 (0.0119)  loss_giou_aux_0: 0.1525 (0.1565)  loss_fgl_aux_0: 1.1313 (1.1432)  loss_ddf_aux_0: 0.0183 (0.0187)  loss_mal_aux_1: 0.3872 (0.3968)  loss_bbox_aux_1: 0.0098 (0.0105)  loss_giou_aux_1: 0.1345 (0.1390)  loss_fgl_aux_1: 1.1183 (1.1277)  loss_ddf_aux_1: 0.0005 (0.0005)  loss_mal_pre: 0.4779 (0.4880)  loss_bbox_pre: 0.0115 (0.0119)  loss_giou_pre: 0.1503 (0.1567)  loss_mal_enc_0: 0.6170 (0.6275)  loss_bbox_enc_0: 0.0166 (0.0175)  loss_giou_enc_0: 0.2249 (0.2249)  loss_mal_dn_0: 0.5223 (0.5258)  loss_bbox_dn_0: 0.0149 (0.0156)  loss_giou_dn_0: 0.2037 (0.2030)  loss_fgl_dn_0: 1.1780 (1.1791)  loss_ddf_dn_0: 0.0986 (0.0975)  loss_mal_dn_1: 0.3930 (0.3955)  loss_bbox_dn_1: 0.0103 (0.0106)  loss_giou_dn_1: 0.1365 (0.1391)  loss_fgl_dn_1: 1.1090 (1.1203)  loss_ddf_dn_1: 0.0024 (0.0023)  loss_mal_dn_2: 0.3884 (0.3920)  loss_bbox_dn_2: 0.0103 (0.0104)  loss_giou_dn_2: 0.1347 (0.1377)  loss_fgl_dn_2: 1.1070 (1.1190)  loss_ddf_dn_2: -0.0000 (0.0000)  loss_mal_dn_pre: 0.5309 (0.5333)  loss_bbox_dn_pre: 0.0149 (0.0156)  loss_giou_dn_pre: 0.2040 (0.2028)  time: 0.5849  data: 0.0160  max mem: 5226
Epoch: [29/30]  [43/44]  eta: 0:00:00  lr: 0.000010  loss: 12.6794 (12.7970)  loss_mal: 0.3795 (0.3901)  loss_bbox: 0.0099 (0.0106)  loss_giou: 0.1373 (0.1391)  loss_fgl: 1.1181 (1.1282)  loss_mal_aux_0: 0.4777 (0.4887)  loss_bbox_aux_0: 0.0111 (0.0119)  loss_giou_aux_0: 0.1525 (0.1568)  loss_fgl_aux_0: 1.1313 (1.1440)  loss_ddf_aux_0: 0.0178 (0.0188)  loss_mal_aux_1: 0.3872 (0.3969)  loss_bbox_aux_1: 0.0098 (0.0106)  loss_giou_aux_1: 0.1370 (0.1392)  loss_fgl_aux_1: 1.1183 (1.1285)  loss_ddf_aux_1: 0.0005 (0.0005)  loss_mal_pre: 0.4775 (0.4887)  loss_bbox_pre: 0.0112 (0.0120)  loss_giou_pre: 0.1516 (0.1571)  loss_mal_enc_0: 0.6170 (0.6283)  loss_bbox_enc_0: 0.0162 (0.0176)  loss_giou_enc_0: 0.2244 (0.2251)  loss_mal_dn_0: 0.5277 (0.5265)  loss_bbox_dn_0: 0.0150 (0.0156)  loss_giou_dn_0: 0.2046 (0.2035)  loss_fgl_dn_0: 1.1744 (1.1795)  loss_ddf_dn_0: 0.0992 (0.0985)  loss_mal_dn_1: 0.3944 (0.3959)  loss_bbox_dn_1: 0.0102 (0.0106)  loss_giou_dn_1: 0.1374 (0.1392)  loss_fgl_dn_1: 1.1083 (1.1203)  loss_ddf_dn_1: 0.0024 (0.0023)  loss_mal_dn_2: 0.3885 (0.3924)  loss_bbox_dn_2: 0.0101 (0.0105)  loss_giou_dn_2: 0.1362 (0.1378)  loss_fgl_dn_2: 1.1058 (1.1190)  loss_ddf_dn_2: -0.0000 (0.0000)  loss_mal_dn_pre: 0.5368 (0.5340)  loss_bbox_dn_pre: 0.0151 (0.0156)  loss_giou_dn_pre: 0.2051 (0.2034)  time: 0.5784  data: 0.0158  max mem: 5226
Epoch: [29/30] Total time: 0:00:24 (0.5667 s / it)
Averaged stats: lr: 0.000010  loss: 12.6794 (12.7970)  loss_mal: 0.3795 (0.3901)  loss_bbox: 0.0099 (0.0106)  loss_giou: 0.1373 (0.1391)  loss_fgl: 1.1181 (1.1282)  loss_mal_aux_0: 0.4777 (0.4887)  loss_bbox_aux_0: 0.0111 (0.0119)  loss_giou_aux_0: 0.1525 (0.1568)  loss_fgl_aux_0: 1.1313 (1.1440)  loss_ddf_aux_0: 0.0178 (0.0188)  loss_mal_aux_1: 0.3872 (0.3969)  loss_bbox_aux_1: 0.0098 (0.0106)  loss_giou_aux_1: 0.1370 (0.1392)  loss_fgl_aux_1: 1.1183 (1.1285)  loss_ddf_aux_1: 0.0005 (0.0005)  loss_mal_pre: 0.4775 (0.4887)  loss_bbox_pre: 0.0112 (0.0120)  loss_giou_pre: 0.1516 (0.1571)  loss_mal_enc_0: 0.6170 (0.6283)  loss_bbox_enc_0: 0.0162 (0.0176)  loss_giou_enc_0: 0.2244 (0.2251)  loss_mal_dn_0: 0.5277 (0.5265)  loss_bbox_dn_0: 0.0150 (0.0156)  loss_giou_dn_0: 0.2046 (0.2035)  loss_fgl_dn_0: 1.1744 (1.1795)  loss_ddf_dn_0: 0.0992 (0.0985)  loss_mal_dn_1: 0.3944 (0.3959)  loss_bbox_dn_1: 0.0102 (0.0106)  loss_giou_dn_1: 0.1374 (0.1392)  loss_fgl_dn_1: 1.1083 (1.1203)  loss_ddf_dn_1: 0.0024 (0.0023)  loss_mal_dn_2: 0.3885 (0.3924)  loss_bbox_dn_2: 0.0101 (0.0105)  loss_giou_dn_2: 0.1362 (0.1378)  loss_fgl_dn_2: 1.1058 (1.1190)  loss_ddf_dn_2: -0.0000 (0.0000)  loss_mal_dn_pre: 0.5368 (0.5340)  loss_bbox_dn_pre: 0.0151 (0.0156)  loss_giou_dn_pre: 0.2051 (0.2034)
Test:  [0/9]  eta: 0:00:03    time: 0.3612  data: 0.2506  max mem: 5226
Test:  [8/9]  eta: 0:00:00    time: 0.1440  data: 0.0410  max mem: 5226
Test: Total time: 0:00:01 (0.1485 s / it)
Metrics: {'f1': 0.9791666666666666, 'precision': 0.9791666666666666, 'recall': 0.9791666666666666, 'iou': 0.6737072767854548, 'TPs': 141, 'FPs': 3, 'FNs': 3}
Averaged stats: 
Accumulating evaluation results...
COCOeval_opt.accumulate() finished...
DONE (t=0.01s).
IoU metric: bbox
 Average Precision  (AP) @[ IoU=0.50:0.95 | area=   all | maxDets=100 ] = 0.350
 Average Precision  (AP) @[ IoU=0.50      | area=   all | maxDets=100 ] = 0.957
 Average Precision  (AP) @[ IoU=0.75      | area=   all | maxDets=100 ] = 0.151
 Average Precision  (AP) @[ IoU=0.50:0.95 | area= small | maxDets=100 ] = 0.350
 Average Precision  (AP) @[ IoU=0.50:0.95 | area=medium | maxDets=100 ] = -1.000
 Average Precision  (AP) @[ IoU=0.50:0.95 | area= large | maxDets=100 ] = -1.000
 Average Recall     (AR) @[ IoU=0.50:0.95 | area=   all | maxDets=  1 ] = 0.197
 Average Recall     (AR) @[ IoU=0.50:0.95 | area=   all | maxDets= 10 ] = 0.474
 Average Recall     (AR) @[ IoU=0.50:0.95 | area=   all | maxDets=100 ] = 0.561
 Average Recall     (AR) @[ IoU=0.50:0.95 | area= small | maxDets=100 ] = 0.561
 Average Recall     (AR) @[ IoU=0.50:0.95 | area=medium | maxDets=100 ] = -1.000
 Average Recall     (AR) @[ IoU=0.50:0.95 | area= large | maxDets=100 ] = -1.000
 Average Recall     (AR) @[ IoU=0.50      | area=   all | maxDets=100 ] = 0.986
 Average Recall     (AR) @[ IoU=0.75      | area=   all | maxDets=100 ] = 0.576
best_stat: {'epoch': 5, 'coco_eval_bbox': 0.37439849913602513}
Training time 0:13:22
