Not init distributed mode.
cfg: 
{'_collate_fn': None,
 '_criterion': None,
 '_ema': None,
 '_evaluator': None,
 '_lr_scheduler': None,
 '_lr_warmup_scheduler': None,
 '_model': None,
 '_optimizer': None,
 '_postprocessor': None,
 '_scaler': None,
 '_train_batch_size': None,
 '_train_dataloader': None,
 '_train_dataset': None,
 '_train_shuffle': None,
 '_val_batch_size': None,
 '_val_dataloader': None,
 '_val_dataset': None,
 '_val_shuffle': None,
 '_writer': None,
 'batch_size': None,
 'checkpoint_freq': 30,
 'clip_max_norm': 0.1,
 'device': 'cuda:0',
 'ema_decay': 0.9999,
 'ema_warmups': 2000,
 'epochs': 30,
 'find_unused_parameters': False,
 'last_epoch': -1,
 'num_workers': 0,
 'output_dir': '/home/viplab/contest/experiments/kamp_v2_ambiguity/runs/mal_seed20260929',
 'print_freq': 10,
 'resume': None,
 'seed': 20260929,
 'summary_dir': None,
 'sync_bn': False,
 'task': 'detection',
 'tuning': '/home/viplab/contest/experiments/kamp_pilot_v1/dfine_s_init.pth',
 'use_amp': False,
 'use_ema': True,
 'yaml_cfg': {'DFINE': {'backbone': 'HGNetv2',
                        'decoder': 'DFINETransformer',
                        'encoder': 'HybridEncoder'},
              'DFINECriterion': {'alpha': 0.75,
                                 'gamma': 2.0,
                                 'losses': ['vfl', 'boxes', 'local'],
                                 'matcher': {'alpha': 0.25,
                                             'gamma': 2.0,
                                             'type': 'HungarianMatcher',
                                             'weight_dict': {'cost_bbox': 5,
                                                             'cost_class': 2,
                                                             'cost_giou': 2}},
                                 'reg_max': 32,
                                 'weight_dict': {'loss_bbox': 5,
                                                 'loss_ddf': 1.5,
                                                 'loss_fgl': 0.15,
                                                 'loss_giou': 2,
                                                 'loss_vfl': 1}},
              'DFINEPostProcessor': {'num_top_queries': 300},
              'DFINETransformer': {'box_noise_scale': 1.0,
                                   'cross_attn_method': 'default',
                                   'eval_idx': -1,
                                   'feat_channels': [256, 256, 256],
                                   'feat_strides': [8, 16, 32],
                                   'hidden_dim': 256,
                                   'label_noise_ratio': 0.5,
                                   'layer_scale': 1,
                                   'num_denoising': 100,
                                   'num_layers': 3,
                                   'num_levels': 3,
                                   'num_points': [3, 6, 3],
                                   'num_queries': 300,
                                   'query_select_method': 'default',
                                   'reg_max': 32,
                                   'reg_scale': 4},
              'HGNetv2': {'freeze_at': -1,
                          'freeze_norm': False,
                          'local_model_dir': 'weight/hgnetv2/',
                          'name': 'B0',
                          'pretrained': False,
                          'return_idx': [1, 2, 3],
                          'use_lab': True},
              'HybridEncoder': {'act': 'silu',
                                'depth_mult': 0.34,
                                'dim_feedforward': 1024,
                                'dropout': 0.0,
                                'enc_act': 'gelu',
                                'expansion': 0.5,
                                'feat_strides': [8, 16, 32],
                                'hidden_dim': 256,
                                'in_channels': [256, 512, 1024],
                                'nhead': 8,
                                'num_encoder_layers': 1,
                                'use_encoder_idx': [2]},
              '__include__': ['/home/viplab/contest/models/D-FINE/configs/dfine/dfine_hgnetv2_s_coco.yml'],
              'checkpoint_freq': 30,
              'clip_max_norm': 0.1,
              'config': '/home/viplab/contest/experiments/kamp_v2_ambiguity/configs/mal_seed20260929.yml',
              'criterion': 'DFINECriterion',
              'device': 'cuda:0',
              'ema': {'decay': 0.9999,
                      'start': 0,
                      'type': 'ModelEMA',
                      'warmups': 100},
              'epochs': 30,
              'eval_spatial_size': [640, 640],
              'evaluator': {'iou_types': ['bbox'], 'type': 'CocoEvaluator'},
              'exp_name': 'baseline',
              'find_unused_parameters': False,
              'lr_scheduler': {'gamma': 0.1,
                               'milestones': [24],
                               'type': 'MultiStepLR'},
              'lr_warmup_scheduler': {'type': 'LinearWarmup',
                                      'warmup_duration': 45},
              'model': 'DFINE',
              'num_classes': 1,
              'optimizer': {'betas': [0.9, 0.999],
                            'lr': 0.0002,
                            'params': [{'lr': 0.0001,
                                        'params': '^(?=.*backbone)(?!.*norm|bn).*$'},
                                       {'lr': 0.0001,
                                        'params': '^(?=.*backbone)(?=.*norm|bn).*$',
                                        'weight_decay': 0.0},
                                       {'params': '^(?=.*(?:encoder|decoder))(?=.*(?:norm|bn|bias)).*$',
                                        'weight_decay': 0.0}],
                            'type': 'AdamW',
                            'weight_decay': 0.0001},
              'output_dir': '/home/viplab/contest/experiments/kamp_v2_ambiguity/runs/mal_seed20260929',
              'postprocessor': 'DFINEPostProcessor',
              'print_freq': 10,
              'print_method': 'builtin',
              'print_rank': 0,
              'project_name': 'D-FINE',
              'remap_mscoco_category': False,
              'scaler': {'enabled': True, 'type': 'GradScaler'},
              'seed': 20260929,
              'sync_bn': False,
              'task': 'detection',
              'test_only': False,
              'train_dataloader': {'collate_fn': {'base_size': 640,
                                                  'base_size_repeat': None,
                                                  'ema_restart_decay': 0.9999,
                                                  'stop_epoch': 1000,
                                                  'type': 'BatchImageCollateFunction'},
                                   'dataset': {'ann_file': '/home/viplab/contest/experiments/kamp_v2_baselines/data640/annotations/train.json',
                                               'img_folder': '/home/viplab/contest/experiments/kamp_v2_baselines/data640/images/train',
                                               'return_masks': False,
                                               'transforms': {'ops': [{'dtype': 'float32',
                                                                       'scale': True,
                                                                       'type': 'ConvertPILImage'},
                                                                      {'fmt': 'cxcywh',
                                                                       'normalize': True,
                                                                       'type': 'ConvertBoxes'}],
                                                              'policy': {'epoch': 1000,
                                                                         'name': 'stop_epoch',
                                                                         'ops': ['RandomPhotometricDistort',
                                                                                 'RandomZoomOut',
                                                                                 'RandomIoUCrop']},
                                                              'type': 'Compose'},
                                               'type': 'CocoDetection'},
                                   'drop_last': False,
                                   'num_workers': 2,
                                   'shuffle': True,
                                   'total_batch_size': 8,
                                   'type': 'DataLoader'},
              'tuning': '/home/viplab/contest/experiments/kamp_pilot_v1/dfine_s_init.pth',
              'use_amp': False,
              'use_ema': True,
              'use_focal_loss': True,
              'use_wandb': False,
              'val_dataloader': {'collate_fn': {'type': 'BatchImageCollateFunction'},
                                 'dataset': {'ann_file': '/home/viplab/contest/experiments/kamp_v2_baselines/data640/annotations/val.json',
                                             'img_folder': '/home/viplab/contest/experiments/kamp_v2_baselines/data640/images/val',
                                             'return_masks': False,
                                             'transforms': {'ops': [{'dtype': 'float32',
                                                                     'scale': True,
                                                                     'type': 'ConvertPILImage'}],
                                                            'type': 'Compose'},
                                             'type': 'CocoDetection'},
                                 'drop_last': False,
                                 'num_workers': 2,
                                 'shuffle': False,
                                 'total_batch_size': 8,
                                 'type': 'DataLoader'}}}
Tuning checkpoint from /home/viplab/contest/experiments/kamp_pilot_v1/dfine_s_init.pth
Load model.state_dict, {'missed': [], 'unmatched': []}
Initial lr: [0.0001, 0.0001, 0.0002, 0.0002]
building train_dataloader with batch_size=8...
building val_dataloader with batch_size=8...

------------------------------------- Calculate Flops Results -------------------------------------
Notations:
number of parameters (Params), number of multiply-accumulate operations(MACs),
number of floating-point operations (FLOPs), floating-point operations per second (FLOPS),
fwd FLOPs (model forward propagation FLOPs), bwd FLOPs (model backward propagation FLOPs),
default model backpropagation takes 2.00 times as much computation as forward propagation.

Total Training Params:                                                  10.18 M 
fwd MACs:                                                               12.3563 GMACs
fwd FLOPs:                                                              24.8195 GFLOPS
fwd+bwd MACs:                                                           37.069 GMACs
fwd+bwd FLOPs:                                                          74.4584 GFLOPS
---------------------------------------------------------------------------------------------------
{'Model FLOPs:24.8195 GFLOPS   MACs:12.3563 GMACs   Params:10176661'}
------------------------------------------Start training-------------------------------------------
/home/viplab/contest/models/D-FINE/src/solver/det_engine.py:125: UserWarning: Converting a tensor with requires_grad=True to a scalar may lead to unexpected behavior.
Consider using tensor.detach() first. (Triggered internally at /pytorch/torch/csrc/autograd/generated/python_variable_methods.cpp:836.)
  if not math.isfinite(loss_value):
Epoch: [0/30]  [ 0/44]  eta: 0:00:54  lr: 0.000004  loss: 32.7511 (32.7511)  loss_mal: 0.1108 (0.1108)  loss_bbox: 1.4887 (1.4887)  loss_giou: 2.5290 (2.5290)  loss_fgl: 0.1105 (0.1105)  loss_mal_aux_0: 0.1570 (0.1570)  loss_bbox_aux_0: 1.4700 (1.4700)  loss_giou_aux_0: 2.5260 (2.5260)  loss_fgl_aux_0: 0.1208 (0.1208)  loss_ddf_aux_0: 0.0337 (0.0337)  loss_mal_aux_1: 0.1077 (0.1077)  loss_bbox_aux_1: 1.5361 (1.5361)  loss_giou_aux_1: 2.5087 (2.5087)  loss_fgl_aux_1: 0.1092 (0.1092)  loss_ddf_aux_1: 0.0025 (0.0025)  loss_mal_pre: 0.1567 (0.1567)  loss_bbox_pre: 1.4781 (1.4781)  loss_giou_pre: 2.5503 (2.5503)  loss_mal_enc_0: 0.1276 (0.1276)  loss_bbox_enc_0: 1.3731 (1.3731)  loss_giou_enc_0: 2.6825 (2.6825)  loss_mal_dn_0: 0.3554 (0.3554)  loss_bbox_dn_0: 0.4479 (0.4479)  loss_giou_dn_0: 1.6171 (1.6171)  loss_fgl_dn_0: 0.5735 (0.5735)  loss_ddf_dn_0: 0.1362 (0.1362)  loss_mal_dn_1: 0.6230 (0.6230)  loss_bbox_dn_1: 0.2762 (0.2762)  loss_giou_dn_1: 1.4067 (1.4067)  loss_fgl_dn_1: 0.7074 (0.7074)  loss_ddf_dn_1: 0.0068 (0.0068)  loss_mal_dn_2: 0.6514 (0.6514)  loss_bbox_dn_2: 0.2632 (0.2632)  loss_giou_dn_2: 1.3797 (1.3797)  loss_fgl_dn_2: 0.7123 (0.7123)  loss_ddf_dn_2: -0.0000 (0.0000)  loss_mal_dn_pre: 0.3540 (0.3540)  loss_bbox_dn_pre: 0.4449 (0.4449)  loss_giou_dn_pre: 1.6164 (1.6164)  time: 1.2413  data: 0.3001  max mem: 5074
Epoch: [0/30]  [10/44]  eta: 0:00:12  lr: 0.000027  loss: 32.7511 (32.6133)  loss_mal: 0.1044 (0.0989)  loss_bbox: 1.4887 (1.4245)  loss_giou: 2.5290 (2.5926)  loss_fgl: 0.1105 (0.1271)  loss_mal_aux_0: 0.1094 (0.1069)  loss_bbox_aux_0: 1.4700 (1.4164)  loss_giou_aux_0: 2.5260 (2.6235)  loss_fgl_aux_0: 0.1142 (0.1222)  loss_ddf_aux_0: 0.0258 (0.0246)  loss_mal_aux_1: 0.1077 (0.0963)  loss_bbox_aux_1: 1.5318 (1.4461)  loss_giou_aux_1: 2.5087 (2.5942)  loss_fgl_aux_1: 0.1092 (0.1241)  loss_ddf_aux_1: 0.0019 (0.0019)  loss_mal_pre: 0.1072 (0.1073)  loss_bbox_pre: 1.4781 (1.4100)  loss_giou_pre: 2.5503 (2.6338)  loss_mal_enc_0: 0.0890 (0.0927)  loss_bbox_enc_0: 1.4166 (1.4167)  loss_giou_enc_0: 2.6825 (2.6906)  loss_mal_dn_0: 0.4007 (0.4411)  loss_bbox_dn_0: 0.3300 (0.3288)  loss_giou_dn_0: 1.5297 (1.5102)  loss_fgl_dn_0: 0.6342 (0.6457)  loss_ddf_dn_0: 0.1532 (0.1512)  loss_mal_dn_1: 0.7666 (0.8240)  loss_bbox_dn_1: 0.2087 (0.1923)  loss_giou_dn_1: 1.2491 (1.2648)  loss_fgl_dn_1: 0.8068 (0.7821)  loss_ddf_dn_1: 0.0061 (0.0067)  loss_mal_dn_2: 0.8086 (0.8306)  loss_bbox_dn_2: 0.1965 (0.1831)  loss_giou_dn_2: 1.2053 (1.2360)  loss_fgl_dn_2: 0.8155 (0.7913)  loss_ddf_dn_2: -0.0000 (0.0000)  loss_mal_dn_pre: 0.4005 (0.4390)  loss_bbox_dn_pre: 0.3250 (0.3267)  loss_giou_dn_pre: 1.5279 (1.5093)  time: 0.3745  data: 0.0419  max mem: 5213
Epoch: [0/30]  [20/44]  eta: 0:00:07  lr: 0.000049  loss: 32.3909 (32.3057)  loss_mal: 0.1470 (0.1600)  loss_bbox: 1.1809 (1.2385)  loss_giou: 2.5877 (2.5491)  loss_fgl: 0.1698 (0.1634)  loss_mal_aux_0: 0.1371 (0.1567)  loss_bbox_aux_0: 1.2356 (1.2636)  loss_giou_aux_0: 2.5966 (2.5700)  loss_fgl_aux_0: 0.1520 (0.1562)  loss_ddf_aux_0: 0.0258 (0.0257)  loss_mal_aux_1: 0.1429 (0.1599)  loss_bbox_aux_1: 1.1843 (1.2691)  loss_giou_aux_1: 2.5899 (2.5477)  loss_fgl_aux_1: 0.1663 (0.1605)  loss_ddf_aux_1: 0.0021 (0.0023)  loss_mal_pre: 0.1302 (0.1549)  loss_bbox_pre: 1.2477 (1.2682)  loss_giou_pre: 2.5807 (2.5748)  loss_mal_enc_0: 0.0997 (0.1227)  loss_bbox_enc_0: 1.3383 (1.3314)  loss_giou_enc_0: 2.5816 (2.6094)  loss_mal_dn_0: 0.6255 (0.7021)  loss_bbox_dn_0: 0.2417 (0.2471)  loss_giou_dn_0: 1.3716 (1.3604)  loss_fgl_dn_0: 0.7352 (0.7665)  loss_ddf_dn_0: 0.1572 (0.1635)  loss_mal_dn_1: 1.1083 (0.9928)  loss_bbox_dn_1: 0.1087 (0.1470)  loss_giou_dn_1: 1.1148 (1.1781)  loss_fgl_dn_1: 0.8564 (0.8471)  loss_ddf_dn_1: 0.0078 (0.0076)  loss_mal_dn_2: 1.0821 (0.9595)  loss_bbox_dn_2: 0.1044 (0.1414)  loss_giou_dn_2: 1.0949 (1.1533)  loss_fgl_dn_2: 0.8646 (0.8541)  loss_ddf_dn_2: -0.0000 (0.0000)  loss_mal_dn_pre: 0.6046 (0.6884)  loss_bbox_dn_pre: 0.2447 (0.2483)  loss_giou_dn_pre: 1.3714 (1.3644)  time: 0.2861  data: 0.0162  max mem: 5213
Epoch: [0/30]  [30/44]  eta: 0:00:04  lr: 0.000071  loss: 31.0763 (31.7726)  loss_mal: 0.2425 (0.2047)  loss_bbox: 0.8357 (1.0671)  loss_giou: 2.4231 (2.4322)  loss_fgl: 0.2323 (0.2246)  loss_mal_aux_0: 0.1882 (0.2001)  loss_bbox_aux_0: 0.9246 (1.1125)  loss_giou_aux_0: 2.4309 (2.4668)  loss_fgl_aux_0: 0.2092 (0.2044)  loss_ddf_aux_0: 0.0300 (0.0295)  loss_mal_aux_1: 0.2418 (0.2117)  loss_bbox_aux_1: 0.8682 (1.0994)  loss_giou_aux_1: 2.3938 (2.4339)  loss_fgl_aux_1: 0.2278 (0.2191)  loss_ddf_aux_1: 0.0032 (0.0030)  loss_mal_pre: 0.1783 (0.2006)  loss_bbox_pre: 0.9629 (1.1290)  loss_giou_pre: 2.4051 (2.4679)  loss_mal_enc_0: 0.1232 (0.1477)  loss_bbox_enc_0: 1.1169 (1.2749)  loss_giou_enc_0: 2.3929 (2.5079)  loss_mal_dn_0: 1.1868 (0.8711)  loss_bbox_dn_0: 0.1013 (0.1985)  loss_giou_dn_0: 1.0903 (1.2680)  loss_fgl_dn_0: 0.9920 (0.8444)  loss_ddf_dn_0: 0.1522 (0.1527)  loss_mal_dn_1: 1.3316 (1.1481)  loss_bbox_dn_1: 0.0836 (0.1250)  loss_giou_dn_1: 0.9876 (1.0898)  loss_fgl_dn_1: 1.0066 (0.9240)  loss_ddf_dn_1: 0.0076 (0.0072)  loss_mal_dn_2: 1.1517 (1.0542)  loss_bbox_dn_2: 0.0819 (0.1208)  loss_giou_dn_2: 0.9933 (1.0711)  loss_fgl_dn_2: 1.0032 (0.9284)  loss_ddf_dn_2: -0.0000 (0.0000)  loss_mal_dn_pre: 1.1816 (0.8648)  loss_bbox_dn_pre: 0.1047 (0.1992)  loss_giou_dn_pre: 1.0931 (1.2684)  time: 0.2837  data: 0.0161  max mem: 5213
Epoch: [0/30]  [40/44]  eta: 0:00:01  lr: 0.000093  loss: 28.9735 (30.8682)  loss_mal: 0.4481 (0.3489)  loss_bbox: 0.4277 (0.8612)  loss_giou: 1.7752 (2.1506)  loss_fgl: 0.5257 (0.3691)  loss_mal_aux_0: 0.3850 (0.3491)  loss_bbox_aux_0: 0.4713 (0.9054)  loss_giou_aux_0: 1.8853 (2.2392)  loss_fgl_aux_0: 0.4755 (0.3240)  loss_ddf_aux_0: 0.0540 (0.0540)  loss_mal_aux_1: 0.5173 (0.3993)  loss_bbox_aux_1: 0.4406 (0.8889)  loss_giou_aux_1: 1.8065 (2.1702)  loss_fgl_aux_1: 0.5150 (0.3581)  loss_ddf_aux_1: 0.0061 (0.0063)  loss_mal_pre: 0.4153 (0.3546)  loss_bbox_pre: 0.5008 (0.9222)  loss_giou_pre: 1.8722 (2.2333)  loss_mal_enc_0: 0.2987 (0.2509)  loss_bbox_enc_0: 0.7931 (1.0913)  loss_giou_enc_0: 2.0325 (2.3353)  loss_mal_dn_0: 1.2072 (0.9562)  loss_bbox_dn_0: 0.0941 (0.1729)  loss_giou_dn_0: 1.0715 (1.2092)  loss_fgl_dn_0: 1.0128 (0.8943)  loss_ddf_dn_0: 0.1831 (0.1799)  loss_mal_dn_1: 1.4747 (1.2323)  loss_bbox_dn_1: 0.0739 (0.1114)  loss_giou_dn_1: 0.8163 (1.0110)  loss_fgl_dn_1: 1.1166 (0.9776)  loss_ddf_dn_1: 0.0088 (0.0088)  loss_mal_dn_2: 1.2087 (1.0832)  loss_bbox_dn_2: 0.0713 (0.1080)  loss_giou_dn_2: 0.8048 (0.9947)  loss_fgl_dn_2: 1.1179 (0.9818)  loss_ddf_dn_2: -0.0000 (0.0000)  loss_mal_dn_pre: 1.2115 (0.9541)  loss_bbox_dn_pre: 0.0933 (0.1732)  loss_giou_dn_pre: 1.0668 (1.2076)  time: 0.2813  data: 0.0154  max mem: 5225
Epoch: [0/30]  [43/44]  eta: 0:00:00  lr: 0.000100  loss: 28.5324 (30.6578)  loss_mal: 0.6936 (0.3902)  loss_bbox: 0.2123 (0.8127)  loss_giou: 1.2132 (2.0791)  loss_fgl: 0.6576 (0.4078)  loss_mal_aux_0: 0.6252 (0.3918)  loss_bbox_aux_0: 0.2392 (0.8564)  loss_giou_aux_0: 1.5297 (2.1828)  loss_fgl_aux_0: 0.5657 (0.3548)  loss_ddf_aux_0: 0.0865 (0.0672)  loss_mal_aux_1: 0.8101 (0.4476)  loss_bbox_aux_1: 0.2111 (0.8392)  loss_giou_aux_1: 1.3043 (2.1008)  loss_fgl_aux_1: 0.6148 (0.3953)  loss_ddf_aux_1: 0.0134 (0.0073)  loss_mal_pre: 0.6357 (0.3978)  loss_bbox_pre: 0.2586 (0.8724)  loss_giou_pre: 1.5258 (2.1751)  loss_mal_enc_0: 0.4762 (0.2800)  loss_bbox_enc_0: 0.4768 (1.0415)  loss_giou_enc_0: 1.8666 (2.2936)  loss_mal_dn_0: 1.2297 (0.9832)  loss_bbox_dn_0: 0.0923 (0.1667)  loss_giou_dn_0: 1.0392 (1.1883)  loss_fgl_dn_0: 1.0238 (0.9099)  loss_ddf_dn_0: 0.2277 (0.1939)  loss_mal_dn_1: 1.4747 (1.2364)  loss_bbox_dn_1: 0.0695 (0.1078)  loss_giou_dn_1: 0.8038 (0.9905)  loss_fgl_dn_1: 1.1291 (0.9913)  loss_ddf_dn_1: 0.0125 (0.0094)  loss_mal_dn_2: 1.2045 (1.0758)  loss_bbox_dn_2: 0.0689 (0.1048)  loss_giou_dn_2: 0.7855 (0.9755)  loss_fgl_dn_2: 1.1335 (0.9958)  loss_ddf_dn_2: -0.0000 (0.0000)  loss_mal_dn_pre: 1.2304 (0.9816)  loss_bbox_dn_pre: 0.0914 (0.1670)  loss_giou_dn_pre: 1.0290 (1.1865)  time: 0.2842  data: 0.0150  max mem: 5225
Epoch: [0/30] Total time: 0:00:13 (0.3077 s / it)
Averaged stats: lr: 0.000100  loss: 28.5324 (30.6578)  loss_mal: 0.6936 (0.3902)  loss_bbox: 0.2123 (0.8127)  loss_giou: 1.2132 (2.0791)  loss_fgl: 0.6576 (0.4078)  loss_mal_aux_0: 0.6252 (0.3918)  loss_bbox_aux_0: 0.2392 (0.8564)  loss_giou_aux_0: 1.5297 (2.1828)  loss_fgl_aux_0: 0.5657 (0.3548)  loss_ddf_aux_0: 0.0865 (0.0672)  loss_mal_aux_1: 0.8101 (0.4476)  loss_bbox_aux_1: 0.2111 (0.8392)  loss_giou_aux_1: 1.3043 (2.1008)  loss_fgl_aux_1: 0.6148 (0.3953)  loss_ddf_aux_1: 0.0134 (0.0073)  loss_mal_pre: 0.6357 (0.3978)  loss_bbox_pre: 0.2586 (0.8724)  loss_giou_pre: 1.5258 (2.1751)  loss_mal_enc_0: 0.4762 (0.2800)  loss_bbox_enc_0: 0.4768 (1.0415)  loss_giou_enc_0: 1.8666 (2.2936)  loss_mal_dn_0: 1.2297 (0.9832)  loss_bbox_dn_0: 0.0923 (0.1667)  loss_giou_dn_0: 1.0392 (1.1883)  loss_fgl_dn_0: 1.0238 (0.9099)  loss_ddf_dn_0: 0.2277 (0.1939)  loss_mal_dn_1: 1.4747 (1.2364)  loss_bbox_dn_1: 0.0695 (0.1078)  loss_giou_dn_1: 0.8038 (0.9905)  loss_fgl_dn_1: 1.1291 (0.9913)  loss_ddf_dn_1: 0.0125 (0.0094)  loss_mal_dn_2: 1.2045 (1.0758)  loss_bbox_dn_2: 0.0689 (0.1048)  loss_giou_dn_2: 0.7855 (0.9755)  loss_fgl_dn_2: 1.1335 (0.9958)  loss_ddf_dn_2: -0.0000 (0.0000)  loss_mal_dn_pre: 1.2304 (0.9816)  loss_bbox_dn_pre: 0.0914 (0.1670)  loss_giou_dn_pre: 1.0290 (1.1865)
Test:  [0/9]  eta: 0:00:05    time: 0.5622  data: 0.2802  max mem: 5225
Test:  [8/9]  eta: 0:00:00    time: 0.1303  data: 0.0435  max mem: 5225
Test: Total time: 0:00:01 (0.1346 s / it)
Metrics: {'f1': 0, 'precision': 0, 'recall': 0.0, 'iou': 0.0, 'TPs': 0, 'FPs': 0, 'FNs': 144}
Averaged stats: 
Accumulating evaluation results...
COCOeval_opt.accumulate() finished...
DONE (t=0.01s).
IoU metric: bbox
 Average Precision  (AP) @[ IoU=0.50:0.95 | area=   all | maxDets=100 ] = 0.009
 Average Precision  (AP) @[ IoU=0.50      | area=   all | maxDets=100 ] = 0.033
 Average Precision  (AP) @[ IoU=0.75      | area=   all | maxDets=100 ] = 0.002
 Average Precision  (AP) @[ IoU=0.50:0.95 | area= small | maxDets=100 ] = 0.016
 Average Precision  (AP) @[ IoU=0.50:0.95 | area=medium | maxDets=100 ] = -1.000
 Average Precision  (AP) @[ IoU=0.50:0.95 | area= large | maxDets=100 ] = -1.000
 Average Recall     (AR) @[ IoU=0.50:0.95 | area=   all | maxDets=  1 ] = 0.037
 Average Recall     (AR) @[ IoU=0.50:0.95 | area=   all | maxDets= 10 ] = 0.132
 Average Recall     (AR) @[ IoU=0.50:0.95 | area=   all | maxDets=100 ] = 0.179
 Average Recall     (AR) @[ IoU=0.50:0.95 | area= small | maxDets=100 ] = 0.179
 Average Recall     (AR) @[ IoU=0.50:0.95 | area=medium | maxDets=100 ] = -1.000
 Average Recall     (AR) @[ IoU=0.50:0.95 | area= large | maxDets=100 ] = -1.000
 Average Recall     (AR) @[ IoU=0.50      | area=   all | maxDets=100 ] = 0.458
 Average Recall     (AR) @[ IoU=0.75      | area=   all | maxDets=100 ] = 0.125
best_stat: {'epoch': 0, 'coco_eval_bbox': 0.009020360299923315}
Epoch: [1/30]  [ 0/44]  eta: 0:00:23  lr: 0.000100  loss: 27.4727 (27.4727)  loss_mal: 1.0277 (1.0277)  loss_bbox: 0.1333 (0.1333)  loss_giou: 0.9677 (0.9677)  loss_fgl: 0.9842 (0.9842)  loss_mal_aux_0: 1.1306 (1.1306)  loss_bbox_aux_0: 0.1682 (0.1682)  loss_giou_aux_0: 1.2025 (1.2025)  loss_fgl_aux_0: 0.9138 (0.9138)  loss_ddf_aux_0: 0.3169 (0.3169)  loss_mal_aux_1: 1.0292 (1.0292)  loss_bbox_aux_1: 0.1450 (0.1450)  loss_giou_aux_1: 1.0333 (1.0333)  loss_fgl_aux_1: 0.9561 (0.9561)  loss_ddf_aux_1: 0.0212 (0.0212)  loss_mal_pre: 1.0842 (1.0842)  loss_bbox_pre: 0.1905 (0.1905)  loss_giou_pre: 1.2276 (1.2276)  loss_mal_enc_0: 0.5310 (0.5310)  loss_bbox_enc_0: 0.4679 (0.4679)  loss_giou_enc_0: 1.7635 (1.7635)  loss_mal_dn_0: 1.3324 (1.3324)  loss_bbox_dn_0: 0.0845 (0.0845)  loss_giou_dn_0: 0.8913 (0.8913)  loss_fgl_dn_0: 1.1347 (1.1347)  loss_ddf_dn_0: 0.3800 (0.3800)  loss_mal_dn_1: 1.1811 (1.1811)  loss_bbox_dn_1: 0.0628 (0.0628)  loss_giou_dn_1: 0.7204 (0.7204)  loss_fgl_dn_1: 1.1952 (1.1952)  loss_ddf_dn_1: 0.0176 (0.0176)  loss_mal_dn_2: 0.8839 (0.8839)  loss_bbox_dn_2: 0.0625 (0.0625)  loss_giou_dn_2: 0.7182 (0.7182)  loss_fgl_dn_2: 1.2110 (1.2110)  loss_ddf_dn_2: -0.0000 (0.0000)  loss_mal_dn_pre: 1.3236 (1.3236)  loss_bbox_dn_pre: 0.0850 (0.0850)  loss_giou_dn_pre: 0.8940 (0.8940)  time: 0.5408  data: 0.2598  max mem: 5225
Epoch: [1/30]  [10/44]  eta: 0:00:10  lr: 0.000100  loss: 27.0642 (27.0494)  loss_mal: 0.9850 (0.9754)  loss_bbox: 0.1070 (0.1240)  loss_giou: 0.9677 (0.9585)  loss_fgl: 1.0294 (1.0228)  loss_mal_aux_0: 1.1306 (1.1372)  loss_bbox_aux_0: 0.1408 (0.1602)  loss_giou_aux_0: 1.1931 (1.1719)  loss_fgl_aux_0: 0.9139 (0.9199)  loss_ddf_aux_0: 0.3459 (0.3609)  loss_mal_aux_1: 0.9173 (0.9463)  loss_bbox_aux_1: 0.1134 (0.1307)  loss_giou_aux_1: 0.9813 (0.9768)  loss_fgl_aux_1: 1.0326 (1.0097)  loss_ddf_aux_1: 0.0260 (0.0287)  loss_mal_pre: 1.0842 (1.0978)  loss_bbox_pre: 0.1514 (0.1727)  loss_giou_pre: 1.2249 (1.1852)  loss_mal_enc_0: 0.5669 (0.5505)  loss_bbox_enc_0: 0.2876 (0.3187)  loss_giou_enc_0: 1.7823 (1.7779)  loss_mal_dn_0: 1.3324 (1.2776)  loss_bbox_dn_0: 0.0831 (0.0817)  loss_giou_dn_0: 0.8522 (0.8442)  loss_fgl_dn_0: 1.1414 (1.1329)  loss_ddf_dn_0: 0.7452 (0.7824)  loss_mal_dn_1: 0.9584 (0.9651)  loss_bbox_dn_1: 0.0591 (0.0589)  loss_giou_dn_1: 0.7015 (0.6897)  loss_fgl_dn_1: 1.1859 (1.1899)  loss_ddf_dn_1: 0.0369 (0.0384)  loss_mal_dn_2: 0.8177 (0.8087)  loss_bbox_dn_2: 0.0585 (0.0587)  loss_giou_dn_2: 0.7076 (0.6907)  loss_fgl_dn_2: 1.2110 (1.2025)  loss_ddf_dn_2: -0.0000 (0.0000)  loss_mal_dn_pre: 1.3236 (1.2750)  loss_bbox_dn_pre: 0.0824 (0.0815)  loss_giou_dn_pre: 0.8470 (0.8456)  time: 0.3083  data: 0.0374  max mem: 5225
Epoch: [1/30]  [20/44]  eta: 0:00:07  lr: 0.000100  loss: 26.5515 (26.6966)  loss_mal: 0.9564 (0.9792)  loss_bbox: 0.0974 (0.1055)  loss_giou: 0.9174 (0.9019)  loss_fgl: 1.0531 (1.0375)  loss_mal_aux_0: 1.1297 (1.1358)  loss_bbox_aux_0: 0.1327 (0.1449)  loss_giou_aux_0: 1.1262 (1.1320)  loss_fgl_aux_0: 0.9401 (0.9417)  loss_ddf_aux_0: 0.3480 (0.3662)  loss_mal_aux_1: 0.9471 (0.9759)  loss_bbox_aux_1: 0.1000 (0.1105)  loss_giou_aux_1: 0.8969 (0.9169)  loss_fgl_aux_1: 1.0422 (1.0273)  loss_ddf_aux_1: 0.0307 (0.0326)  loss_mal_pre: 1.0622 (1.0879)  loss_bbox_pre: 0.1419 (0.1572)  loss_giou_pre: 1.1283 (1.1465)  loss_mal_enc_0: 0.4825 (0.5140)  loss_bbox_enc_0: 0.2825 (0.3017)  loss_giou_enc_0: 1.8103 (1.8027)  loss_mal_dn_0: 1.2152 (1.2243)  loss_bbox_dn_0: 0.0728 (0.0751)  loss_giou_dn_0: 0.8017 (0.8154)  loss_fgl_dn_0: 1.1611 (1.1520)  loss_ddf_dn_0: 0.9534 (0.9140)  loss_mal_dn_1: 0.7820 (0.8703)  loss_bbox_dn_1: 0.0544 (0.0564)  loss_giou_dn_1: 0.6654 (0.6752)  loss_fgl_dn_1: 1.1895 (1.1988)  loss_ddf_dn_1: 0.0459 (0.0489)  loss_mal_dn_2: 0.7545 (0.7812)  loss_bbox_dn_2: 0.0540 (0.0569)  loss_giou_dn_2: 0.6864 (0.6835)  loss_fgl_dn_2: 1.2036 (1.2117)  loss_ddf_dn_2: -0.0000 (0.0000)  loss_mal_dn_pre: 1.2141 (1.2242)  loss_bbox_dn_pre: 0.0734 (0.0752)  loss_giou_dn_pre: 0.7996 (0.8156)  time: 0.2839  data: 0.0150  max mem: 5225
Epoch: [1/30]  [30/44]  eta: 0:00:04  lr: 0.000100  loss: 25.8532 (26.3353)  loss_mal: 0.9712 (0.9792)  loss_bbox: 0.0777 (0.0974)  loss_giou: 0.7853 (0.8693)  loss_fgl: 1.0795 (1.0620)  loss_mal_aux_0: 1.1538 (1.1494)  loss_bbox_aux_0: 0.1150 (0.1314)  loss_giou_aux_0: 1.0365 (1.0925)  loss_fgl_aux_0: 0.9945 (0.9764)  loss_ddf_aux_0: 0.3121 (0.3310)  loss_mal_aux_1: 0.9869 (0.9723)  loss_bbox_aux_1: 0.0813 (0.1011)  loss_giou_aux_1: 0.8407 (0.8844)  loss_fgl_aux_1: 1.0630 (1.0527)  loss_ddf_aux_1: 0.0265 (0.0300)  loss_mal_pre: 1.1001 (1.1085)  loss_bbox_pre: 0.1225 (0.1429)  loss_giou_pre: 1.0378 (1.1015)  loss_mal_enc_0: 0.4717 (0.5089)  loss_bbox_enc_0: 0.2825 (0.3006)  loss_giou_enc_0: 1.7884 (1.8006)  loss_mal_dn_0: 1.0956 (1.1502)  loss_bbox_dn_0: 0.0635 (0.0716)  loss_giou_dn_0: 0.7665 (0.7989)  loss_fgl_dn_0: 1.2028 (1.1742)  loss_ddf_dn_0: 0.9455 (0.8847)  loss_mal_dn_1: 0.7615 (0.8345)  loss_bbox_dn_1: 0.0510 (0.0547)  loss_giou_dn_1: 0.6353 (0.6584)  loss_fgl_dn_1: 1.2446 (1.2186)  loss_ddf_dn_1: 0.0464 (0.0473)  loss_mal_dn_2: 0.7539 (0.7746)  loss_bbox_dn_2: 0.0516 (0.0553)  loss_giou_dn_2: 0.6510 (0.6665)  loss_fgl_dn_2: 1.2572 (1.2310)  loss_ddf_dn_2: -0.0000 (0.0000)  loss_mal_dn_pre: 1.1023 (1.1544)  loss_bbox_dn_pre: 0.0629 (0.0714)  loss_giou_dn_pre: 0.7633 (0.7970)  time: 0.2822  data: 0.0149  max mem: 5225
Epoch: [1/30]  [40/44]  eta: 0:00:01  lr: 0.000100  loss: 24.6768 (25.7962)  loss_mal: 1.0065 (0.9908)  loss_bbox: 0.0732 (0.0911)  loss_giou: 0.7512 (0.8378)  loss_fgl: 1.1287 (1.0808)  loss_mal_aux_0: 1.0758 (1.1152)  loss_bbox_aux_0: 0.0965 (0.1217)  loss_giou_aux_0: 0.9549 (1.0503)  loss_fgl_aux_0: 1.0743 (1.0048)  loss_ddf_aux_0: 0.2057 (0.2985)  loss_mal_aux_1: 0.9790 (0.9773)  loss_bbox_aux_1: 0.0752 (0.0943)  loss_giou_aux_1: 0.7878 (0.8538)  loss_fgl_aux_1: 1.1189 (1.0727)  loss_ddf_aux_1: 0.0187 (0.0264)  loss_mal_pre: 1.0346 (1.0821)  loss_bbox_pre: 0.1080 (0.1321)  loss_giou_pre: 0.9488 (1.0565)  loss_mal_enc_0: 0.4815 (0.5070)  loss_bbox_enc_0: 0.2800 (0.2944)  loss_giou_enc_0: 1.7478 (1.7813)  loss_mal_dn_0: 0.9094 (1.0801)  loss_bbox_dn_0: 0.0623 (0.0693)  loss_giou_dn_0: 0.7442 (0.7766)  loss_fgl_dn_0: 1.2166 (1.1866)  loss_ddf_dn_0: 0.6781 (0.8059)  loss_mal_dn_1: 0.7627 (0.8173)  loss_bbox_dn_1: 0.0491 (0.0534)  loss_giou_dn_1: 0.6071 (0.6417)  loss_fgl_dn_1: 1.2446 (1.2226)  loss_ddf_dn_1: 0.0306 (0.0418)  loss_mal_dn_2: 0.7570 (0.7713)  loss_bbox_dn_2: 0.0501 (0.0538)  loss_giou_dn_2: 0.6070 (0.6468)  loss_fgl_dn_2: 1.2448 (1.2324)  loss_ddf_dn_2: -0.0000 (0.0000)  loss_mal_dn_pre: 0.9048 (1.0839)  loss_bbox_dn_pre: 0.0620 (0.0690)  loss_giou_dn_pre: 0.7283 (0.7751)  time: 0.2827  data: 0.0150  max mem: 5225
Epoch: [1/30]  [43/44]  eta: 0:00:00  lr: 0.000100  loss: 24.1934 (25.6435)  loss_mal: 0.9812 (0.9869)  loss_bbox: 0.0709 (0.0896)  loss_giou: 0.7512 (0.8296)  loss_fgl: 1.1335 (1.0871)  loss_mal_aux_0: 0.9927 (1.1059)  loss_bbox_aux_0: 0.0877 (0.1189)  loss_giou_aux_0: 0.9446 (1.0363)  loss_fgl_aux_0: 1.0844 (1.0136)  loss_ddf_aux_0: 0.1871 (0.2887)  loss_mal_aux_1: 0.9790 (0.9822)  loss_bbox_aux_1: 0.0740 (0.0928)  loss_giou_aux_1: 0.7878 (0.8462)  loss_fgl_aux_1: 1.1231 (1.0794)  loss_ddf_aux_1: 0.0141 (0.0253)  loss_mal_pre: 1.0094 (1.0768)  loss_bbox_pre: 0.0934 (0.1289)  loss_giou_pre: 0.9225 (1.0409)  loss_mal_enc_0: 0.4762 (0.5092)  loss_bbox_enc_0: 0.2800 (0.2933)  loss_giou_enc_0: 1.7478 (1.7772)  loss_mal_dn_0: 0.8652 (1.0600)  loss_bbox_dn_0: 0.0623 (0.0689)  loss_giou_dn_0: 0.7239 (0.7710)  loss_fgl_dn_0: 1.2166 (1.1899)  loss_ddf_dn_0: 0.5948 (0.7774)  loss_mal_dn_1: 0.7627 (0.8145)  loss_bbox_dn_1: 0.0491 (0.0531)  loss_giou_dn_1: 0.6071 (0.6368)  loss_fgl_dn_1: 1.2399 (1.2239)  loss_ddf_dn_1: 0.0247 (0.0400)  loss_mal_dn_2: 0.7599 (0.7709)  loss_bbox_dn_2: 0.0498 (0.0534)  loss_giou_dn_2: 0.6070 (0.6408)  loss_fgl_dn_2: 1.2434 (1.2329)  loss_ddf_dn_2: -0.0000 (0.0000)  loss_mal_dn_pre: 0.8675 (1.0643)  loss_bbox_dn_pre: 0.0611 (0.0684)  loss_giou_dn_pre: 0.7137 (0.7685)  time: 0.2815  data: 0.0150  max mem: 5225
Epoch: [1/30] Total time: 0:00:12 (0.2895 s / it)
Averaged stats: lr: 0.000100  loss: 24.1934 (25.6435)  loss_mal: 0.9812 (0.9869)  loss_bbox: 0.0709 (0.0896)  loss_giou: 0.7512 (0.8296)  loss_fgl: 1.1335 (1.0871)  loss_mal_aux_0: 0.9927 (1.1059)  loss_bbox_aux_0: 0.0877 (0.1189)  loss_giou_aux_0: 0.9446 (1.0363)  loss_fgl_aux_0: 1.0844 (1.0136)  loss_ddf_aux_0: 0.1871 (0.2887)  loss_mal_aux_1: 0.9790 (0.9822)  loss_bbox_aux_1: 0.0740 (0.0928)  loss_giou_aux_1: 0.7878 (0.8462)  loss_fgl_aux_1: 1.1231 (1.0794)  loss_ddf_aux_1: 0.0141 (0.0253)  loss_mal_pre: 1.0094 (1.0768)  loss_bbox_pre: 0.0934 (0.1289)  loss_giou_pre: 0.9225 (1.0409)  loss_mal_enc_0: 0.4762 (0.5092)  loss_bbox_enc_0: 0.2800 (0.2933)  loss_giou_enc_0: 1.7478 (1.7772)  loss_mal_dn_0: 0.8652 (1.0600)  loss_bbox_dn_0: 0.0623 (0.0689)  loss_giou_dn_0: 0.7239 (0.7710)  loss_fgl_dn_0: 1.2166 (1.1899)  loss_ddf_dn_0: 0.5948 (0.7774)  loss_mal_dn_1: 0.7627 (0.8145)  loss_bbox_dn_1: 0.0491 (0.0531)  loss_giou_dn_1: 0.6071 (0.6368)  loss_fgl_dn_1: 1.2399 (1.2239)  loss_ddf_dn_1: 0.0247 (0.0400)  loss_mal_dn_2: 0.7599 (0.7709)  loss_bbox_dn_2: 0.0498 (0.0534)  loss_giou_dn_2: 0.6070 (0.6408)  loss_fgl_dn_2: 1.2434 (1.2329)  loss_ddf_dn_2: -0.0000 (0.0000)  loss_mal_dn_pre: 0.8675 (1.0643)  loss_bbox_dn_pre: 0.0611 (0.0684)  loss_giou_dn_pre: 0.7137 (0.7685)
Test:  [0/9]  eta: 0:00:02    time: 0.3186  data: 0.2538  max mem: 5225
Test:  [8/9]  eta: 0:00:00    time: 0.1029  data: 0.0450  max mem: 5225
Test: Total time: 0:00:00 (0.1068 s / it)
Metrics: {'f1': 0, 'precision': 0, 'recall': 0.0, 'iou': 0.0, 'TPs': 0, 'FPs': 0, 'FNs': 144}
Averaged stats: 
Accumulating evaluation results...
COCOeval_opt.accumulate() finished...
DONE (t=0.01s).
IoU metric: bbox
 Average Precision  (AP) @[ IoU=0.50:0.95 | area=   all | maxDets=100 ] = 0.172
 Average Precision  (AP) @[ IoU=0.50      | area=   all | maxDets=100 ] = 0.448
 Average Precision  (AP) @[ IoU=0.75      | area=   all | maxDets=100 ] = 0.062
 Average Precision  (AP) @[ IoU=0.50:0.95 | area= small | maxDets=100 ] = 0.172
 Average Precision  (AP) @[ IoU=0.50:0.95 | area=medium | maxDets=100 ] = -1.000
 Average Precision  (AP) @[ IoU=0.50:0.95 | area= large | maxDets=100 ] = -1.000
 Average Recall     (AR) @[ IoU=0.50:0.95 | area=   all | maxDets=  1 ] = 0.156
 Average Recall     (AR) @[ IoU=0.50:0.95 | area=   all | maxDets= 10 ] = 0.419
 Average Recall     (AR) @[ IoU=0.50:0.95 | area=   all | maxDets=100 ] = 0.516
 Average Recall     (AR) @[ IoU=0.50:0.95 | area= small | maxDets=100 ] = 0.516
 Average Recall     (AR) @[ IoU=0.50:0.95 | area=medium | maxDets=100 ] = -1.000
 Average Recall     (AR) @[ IoU=0.50:0.95 | area= large | maxDets=100 ] = -1.000
 Average Recall     (AR) @[ IoU=0.50      | area=   all | maxDets=100 ] = 0.931
 Average Recall     (AR) @[ IoU=0.75      | area=   all | maxDets=100 ] = 0.486
best_stat: {'epoch': 1, 'coco_eval_bbox': 0.1723034209386021}
Epoch: [2/30]  [ 0/44]  eta: 0:00:24  lr: 0.000100  loss: 23.3619 (23.3619)  loss_mal: 1.0455 (1.0455)  loss_bbox: 0.0626 (0.0626)  loss_giou: 0.6776 (0.6776)  loss_fgl: 1.2273 (1.2273)  loss_mal_aux_0: 1.0336 (1.0336)  loss_bbox_aux_0: 0.0694 (0.0694)  loss_giou_aux_0: 0.7745 (0.7745)  loss_fgl_aux_0: 1.1721 (1.1721)  loss_ddf_aux_0: 0.1293 (0.1293)  loss_mal_aux_1: 1.0122 (1.0122)  loss_bbox_aux_1: 0.0627 (0.0627)  loss_giou_aux_1: 0.6901 (0.6901)  loss_fgl_aux_1: 1.2197 (1.2197)  loss_ddf_aux_1: 0.0082 (0.0082)  loss_mal_pre: 0.9848 (0.9848)  loss_bbox_pre: 0.0726 (0.0726)  loss_giou_pre: 0.7764 (0.7764)  loss_mal_enc_0: 0.7916 (0.7916)  loss_bbox_enc_0: 0.2033 (0.2033)  loss_giou_enc_0: 1.4391 (1.4391)  loss_mal_dn_0: 0.7852 (0.7852)  loss_bbox_dn_0: 0.0627 (0.0627)  loss_giou_dn_0: 0.7013 (0.7013)  loss_fgl_dn_0: 1.2085 (1.2085)  loss_ddf_dn_0: 0.2961 (0.2961)  loss_mal_dn_1: 0.7694 (0.7694)  loss_bbox_dn_1: 0.0534 (0.0534)  loss_giou_dn_1: 0.5970 (0.5970)  loss_fgl_dn_1: 1.2320 (1.2320)  loss_ddf_dn_1: 0.0110 (0.0110)  loss_mal_dn_2: 0.7470 (0.7470)  loss_bbox_dn_2: 0.0546 (0.0546)  loss_giou_dn_2: 0.6049 (0.6049)  loss_fgl_dn_2: 1.2393 (1.2393)  loss_ddf_dn_2: -0.0000 (0.0000)  loss_mal_dn_pre: 0.7984 (0.7984)  loss_bbox_dn_pre: 0.0606 (0.0606)  loss_giou_dn_pre: 0.6879 (0.6879)  time: 0.5653  data: 0.2661  max mem: 5225
Epoch: [2/30]  [10/44]  eta: 0:00:10  lr: 0.000100  loss: 23.1695 (23.2716)  loss_mal: 0.8972 (0.9301)  loss_bbox: 0.0626 (0.0670)  loss_giou: 0.7198 (0.7119)  loss_fgl: 1.1686 (1.1818)  loss_mal_aux_0: 1.0752 (1.0871)  loss_bbox_aux_0: 0.0702 (0.0778)  loss_giou_aux_0: 0.8070 (0.8100)  loss_fgl_aux_0: 1.1662 (1.1561)  loss_ddf_aux_0: 0.1337 (0.1287)  loss_mal_aux_1: 0.9701 (0.9865)  loss_bbox_aux_1: 0.0629 (0.0681)  loss_giou_aux_1: 0.7345 (0.7233)  loss_fgl_aux_1: 1.1693 (1.1808)  loss_ddf_aux_1: 0.0082 (0.0080)  loss_mal_pre: 1.0719 (1.0676)  loss_bbox_pre: 0.0747 (0.0816)  loss_giou_pre: 0.8117 (0.8087)  loss_mal_enc_0: 0.6481 (0.6210)  loss_bbox_enc_0: 0.2033 (0.2168)  loss_giou_enc_0: 1.5973 (1.6244)  loss_mal_dn_0: 0.7552 (0.7585)  loss_bbox_dn_0: 0.0577 (0.0576)  loss_giou_dn_0: 0.7013 (0.6789)  loss_fgl_dn_0: 1.2162 (1.2195)  loss_ddf_dn_0: 0.3605 (0.3567)  loss_mal_dn_1: 0.7499 (0.7503)  loss_bbox_dn_1: 0.0452 (0.0458)  loss_giou_dn_1: 0.5615 (0.5636)  loss_fgl_dn_1: 1.2256 (1.2230)  loss_ddf_dn_1: 0.0125 (0.0122)  loss_mal_dn_2: 0.7419 (0.7404)  loss_bbox_dn_2: 0.0448 (0.0457)  loss_giou_dn_2: 0.5544 (0.5605)  loss_fgl_dn_2: 1.2324 (1.2251)  loss_ddf_dn_2: -0.0000 (0.0000)  loss_mal_dn_pre: 0.7539 (0.7595)  loss_bbox_dn_pre: 0.0587 (0.0575)  loss_giou_dn_pre: 0.6879 (0.6794)  time: 0.3087  data: 0.0379  max mem: 5225
Epoch: [2/30]  [20/44]  eta: 0:00:07  lr: 0.000100  loss: 23.1254 (23.2293)  loss_mal: 0.8851 (0.9116)  loss_bbox: 0.0623 (0.0661)  loss_giou: 0.6524 (0.6908)  loss_fgl: 1.1957 (1.2008)  loss_mal_aux_0: 1.0841 (1.0881)  loss_bbox_aux_0: 0.0713 (0.0780)  loss_giou_aux_0: 0.8070 (0.8103)  loss_fgl_aux_0: 1.1700 (1.1724)  loss_ddf_aux_0: 0.1312 (0.1266)  loss_mal_aux_1: 0.9581 (0.9716)  loss_bbox_aux_1: 0.0629 (0.0669)  loss_giou_aux_1: 0.6786 (0.6997)  loss_fgl_aux_1: 1.1971 (1.1994)  loss_ddf_aux_1: 0.0082 (0.0081)  loss_mal_pre: 1.0858 (1.0721)  loss_bbox_pre: 0.0706 (0.0799)  loss_giou_pre: 0.7978 (0.8041)  loss_mal_enc_0: 0.6481 (0.6241)  loss_bbox_enc_0: 0.2032 (0.2078)  loss_giou_enc_0: 1.5963 (1.6105)  loss_mal_dn_0: 0.7516 (0.7541)  loss_bbox_dn_0: 0.0598 (0.0602)  loss_giou_dn_0: 0.6715 (0.6807)  loss_fgl_dn_0: 1.2162 (1.2253)  loss_ddf_dn_0: 0.3415 (0.3518)  loss_mal_dn_1: 0.7499 (0.7508)  loss_bbox_dn_1: 0.0470 (0.0474)  loss_giou_dn_1: 0.5530 (0.5622)  loss_fgl_dn_1: 1.2203 (1.2303)  loss_ddf_dn_1: 0.0117 (0.0118)  loss_mal_dn_2: 0.7355 (0.7377)  loss_bbox_dn_2: 0.0473 (0.0472)  loss_giou_dn_2: 0.5537 (0.5591)  loss_fgl_dn_2: 1.2196 (1.2319)  loss_ddf_dn_2: -0.0000 (0.0000)  loss_mal_dn_pre: 0.7515 (0.7549)  loss_bbox_dn_pre: 0.0588 (0.0592)  loss_giou_dn_pre: 0.6721 (0.6762)  time: 0.2826  data: 0.0150  max mem: 5225
Epoch: [2/30]  [30/44]  eta: 0:00:04  lr: 0.000100  loss: 22.8424 (23.0592)  loss_mal: 0.8798 (0.9018)  loss_bbox: 0.0594 (0.0638)  loss_giou: 0.6524 (0.6834)  loss_fgl: 1.2056 (1.2001)  loss_mal_aux_0: 1.0626 (1.0702)  loss_bbox_aux_0: 0.0680 (0.0738)  loss_giou_aux_0: 0.7538 (0.7895)  loss_fgl_aux_0: 1.1862 (1.1784)  loss_ddf_aux_0: 0.1312 (0.1287)  loss_mal_aux_1: 0.9302 (0.9530)  loss_bbox_aux_1: 0.0602 (0.0645)  loss_giou_aux_1: 0.6757 (0.6920)  loss_fgl_aux_1: 1.2021 (1.1989)  loss_ddf_aux_1: 0.0089 (0.0084)  loss_mal_pre: 1.0515 (1.0528)  loss_bbox_pre: 0.0684 (0.0754)  loss_giou_pre: 0.7607 (0.7863)  loss_mal_enc_0: 0.6539 (0.6515)  loss_bbox_enc_0: 0.1740 (0.1938)  loss_giou_enc_0: 1.5032 (1.5740)  loss_mal_dn_0: 0.7489 (0.7530)  loss_bbox_dn_0: 0.0573 (0.0577)  loss_giou_dn_0: 0.6567 (0.6706)  loss_fgl_dn_0: 1.2351 (1.2283)  loss_ddf_dn_0: 0.3574 (0.3644)  loss_mal_dn_1: 0.7488 (0.7474)  loss_bbox_dn_1: 0.0471 (0.0464)  loss_giou_dn_1: 0.5530 (0.5585)  loss_fgl_dn_1: 1.2307 (1.2309)  loss_ddf_dn_1: 0.0122 (0.0127)  loss_mal_dn_2: 0.7323 (0.7349)  loss_bbox_dn_2: 0.0470 (0.0463)  loss_giou_dn_2: 0.5537 (0.5561)  loss_fgl_dn_2: 1.2310 (1.2324)  loss_ddf_dn_2: -0.0000 (0.0000)  loss_mal_dn_pre: 0.7467 (0.7527)  loss_bbox_dn_pre: 0.0561 (0.0572)  loss_giou_dn_pre: 0.6521 (0.6696)  time: 0.2824  data: 0.0150  max mem: 5225
Epoch: [2/30]  [40/44]  eta: 0:00:01  lr: 0.000100  loss: 22.4925 (22.8846)  loss_mal: 0.8774 (0.8943)  loss_bbox: 0.0533 (0.0628)  loss_giou: 0.6064 (0.6674)  loss_fgl: 1.2223 (1.2073)  loss_mal_aux_0: 1.0363 (1.0696)  loss_bbox_aux_0: 0.0576 (0.0714)  loss_giou_aux_0: 0.7103 (0.7673)  loss_fgl_aux_0: 1.2050 (1.1859)  loss_ddf_aux_0: 0.1323 (0.1298)  loss_mal_aux_1: 0.9191 (0.9512)  loss_bbox_aux_1: 0.0535 (0.0637)  loss_giou_aux_1: 0.6284 (0.6766)  loss_fgl_aux_1: 1.2169 (1.2054)  loss_ddf_aux_1: 0.0095 (0.0088)  loss_mal_pre: 1.0391 (1.0549)  loss_bbox_pre: 0.0590 (0.0727)  loss_giou_pre: 0.6990 (0.7640)  loss_mal_enc_0: 0.7663 (0.6808)  loss_bbox_enc_0: 0.1460 (0.1796)  loss_giou_enc_0: 1.4515 (1.5335)  loss_mal_dn_0: 0.7498 (0.7529)  loss_bbox_dn_0: 0.0533 (0.0563)  loss_giou_dn_0: 0.6289 (0.6578)  loss_fgl_dn_0: 1.2394 (1.2313)  loss_ddf_dn_0: 0.2660 (0.3342)  loss_mal_dn_1: 0.7322 (0.7428)  loss_bbox_dn_1: 0.0429 (0.0454)  loss_giou_dn_1: 0.5315 (0.5508)  loss_fgl_dn_1: 1.2307 (1.2313)  loss_ddf_dn_1: 0.0123 (0.0124)  loss_mal_dn_2: 0.7214 (0.7303)  loss_bbox_dn_2: 0.0426 (0.0453)  loss_giou_dn_2: 0.5279 (0.5487)  loss_fgl_dn_2: 1.2310 (1.2328)  loss_ddf_dn_2: -0.0000 (0.0000)  loss_mal_dn_pre: 0.7485 (0.7527)  loss_bbox_dn_pre: 0.0529 (0.0558)  loss_giou_dn_pre: 0.6356 (0.6565)  time: 0.2834  data: 0.0152  max mem: 5225
Epoch: [2/30]  [43/44]  eta: 0:00:00  lr: 0.000100  loss: 22.4476 (22.8619)  loss_mal: 0.8576 (0.8885)  loss_bbox: 0.0533 (0.0637)  loss_giou: 0.6064 (0.6671)  loss_fgl: 1.2223 (1.2071)  loss_mal_aux_0: 1.0322 (1.0663)  loss_bbox_aux_0: 0.0631 (0.0733)  loss_giou_aux_0: 0.7241 (0.7686)  loss_fgl_aux_0: 1.1996 (1.1849)  loss_ddf_aux_0: 0.1323 (0.1300)  loss_mal_aux_1: 0.9060 (0.9450)  loss_bbox_aux_1: 0.0535 (0.0651)  loss_giou_aux_1: 0.6284 (0.6776)  loss_fgl_aux_1: 1.2130 (1.2043)  loss_ddf_aux_1: 0.0098 (0.0091)  loss_mal_pre: 1.0305 (1.0540)  loss_bbox_pre: 0.0620 (0.0746)  loss_giou_pre: 0.7133 (0.7649)  loss_mal_enc_0: 0.7767 (0.6865)  loss_bbox_enc_0: 0.1460 (0.1794)  loss_giou_enc_0: 1.4307 (1.5358)  loss_mal_dn_0: 0.7490 (0.7526)  loss_bbox_dn_0: 0.0534 (0.0563)  loss_giou_dn_0: 0.6277 (0.6534)  loss_fgl_dn_0: 1.2394 (1.2342)  loss_ddf_dn_0: 0.2568 (0.3258)  loss_mal_dn_1: 0.7299 (0.7416)  loss_bbox_dn_1: 0.0429 (0.0454)  loss_giou_dn_1: 0.5309 (0.5473)  loss_fgl_dn_1: 1.2322 (1.2331)  loss_ddf_dn_1: 0.0118 (0.0122)  loss_mal_dn_2: 0.7195 (0.7292)  loss_bbox_dn_2: 0.0426 (0.0453)  loss_giou_dn_2: 0.5262 (0.5451)  loss_fgl_dn_2: 1.2310 (1.2346)  loss_ddf_dn_2: -0.0000 (0.0000)  loss_mal_dn_pre: 0.7497 (0.7526)  loss_bbox_dn_pre: 0.0529 (0.0558)  loss_giou_dn_pre: 0.6237 (0.6519)  time: 0.2831  data: 0.0151  max mem: 5225
Epoch: [2/30] Total time: 0:00:12 (0.2903 s / it)
Averaged stats: lr: 0.000100  loss: 22.4476 (22.8619)  loss_mal: 0.8576 (0.8885)  loss_bbox: 0.0533 (0.0637)  loss_giou: 0.6064 (0.6671)  loss_fgl: 1.2223 (1.2071)  loss_mal_aux_0: 1.0322 (1.0663)  loss_bbox_aux_0: 0.0631 (0.0733)  loss_giou_aux_0: 0.7241 (0.7686)  loss_fgl_aux_0: 1.1996 (1.1849)  loss_ddf_aux_0: 0.1323 (0.1300)  loss_mal_aux_1: 0.9060 (0.9450)  loss_bbox_aux_1: 0.0535 (0.0651)  loss_giou_aux_1: 0.6284 (0.6776)  loss_fgl_aux_1: 1.2130 (1.2043)  loss_ddf_aux_1: 0.0098 (0.0091)  loss_mal_pre: 1.0305 (1.0540)  loss_bbox_pre: 0.0620 (0.0746)  loss_giou_pre: 0.7133 (0.7649)  loss_mal_enc_0: 0.7767 (0.6865)  loss_bbox_enc_0: 0.1460 (0.1794)  loss_giou_enc_0: 1.4307 (1.5358)  loss_mal_dn_0: 0.7490 (0.7526)  loss_bbox_dn_0: 0.0534 (0.0563)  loss_giou_dn_0: 0.6277 (0.6534)  loss_fgl_dn_0: 1.2394 (1.2342)  loss_ddf_dn_0: 0.2568 (0.3258)  loss_mal_dn_1: 0.7299 (0.7416)  loss_bbox_dn_1: 0.0429 (0.0454)  loss_giou_dn_1: 0.5309 (0.5473)  loss_fgl_dn_1: 1.2322 (1.2331)  loss_ddf_dn_1: 0.0118 (0.0122)  loss_mal_dn_2: 0.7195 (0.7292)  loss_bbox_dn_2: 0.0426 (0.0453)  loss_giou_dn_2: 0.5262 (0.5451)  loss_fgl_dn_2: 1.2310 (1.2346)  loss_ddf_dn_2: -0.0000 (0.0000)  loss_mal_dn_pre: 0.7497 (0.7526)  loss_bbox_dn_pre: 0.0529 (0.0558)  loss_giou_dn_pre: 0.6237 (0.6519)
Test:  [0/9]  eta: 0:00:04    time: 0.5031  data: 0.2458  max mem: 5225
Test:  [8/9]  eta: 0:00:00    time: 0.1191  data: 0.0409  max mem: 5225
Test: Total time: 0:00:01 (0.1233 s / it)
Metrics: {'f1': 0.3516483516483516, 'precision': 0.8421052631578947, 'recall': 0.2222222222222222, 'iou': 0.15145825544993083, 'TPs': 32, 'FPs': 6, 'FNs': 112}
Averaged stats: 
Accumulating evaluation results...
COCOeval_opt.accumulate() finished...
DONE (t=0.01s).
IoU metric: bbox
 Average Precision  (AP) @[ IoU=0.50:0.95 | area=   all | maxDets=100 ] = 0.267
 Average Precision  (AP) @[ IoU=0.50      | area=   all | maxDets=100 ] = 0.695
 Average Precision  (AP) @[ IoU=0.75      | area=   all | maxDets=100 ] = 0.128
 Average Precision  (AP) @[ IoU=0.50:0.95 | area= small | maxDets=100 ] = 0.268
 Average Precision  (AP) @[ IoU=0.50:0.95 | area=medium | maxDets=100 ] = -1.000
 Average Precision  (AP) @[ IoU=0.50:0.95 | area= large | maxDets=100 ] = -1.000
 Average Recall     (AR) @[ IoU=0.50:0.95 | area=   all | maxDets=  1 ] = 0.169
 Average Recall     (AR) @[ IoU=0.50:0.95 | area=   all | maxDets= 10 ] = 0.456
 Average Recall     (AR) @[ IoU=0.50:0.95 | area=   all | maxDets=100 ] = 0.551
 Average Recall     (AR) @[ IoU=0.50:0.95 | area= small | maxDets=100 ] = 0.551
 Average Recall     (AR) @[ IoU=0.50:0.95 | area=medium | maxDets=100 ] = -1.000
 Average Recall     (AR) @[ IoU=0.50:0.95 | area= large | maxDets=100 ] = -1.000
 Average Recall     (AR) @[ IoU=0.50      | area=   all | maxDets=100 ] = 0.938
 Average Recall     (AR) @[ IoU=0.75      | area=   all | maxDets=100 ] = 0.597
best_stat: {'epoch': 2, 'coco_eval_bbox': 0.2674438458101766}
Epoch: [3/30]  [ 0/44]  eta: 0:00:24  lr: 0.000100  loss: 22.0606 (22.0606)  loss_mal: 0.7945 (0.7945)  loss_bbox: 0.0674 (0.0674)  loss_giou: 0.7383 (0.7383)  loss_fgl: 1.1474 (1.1474)  loss_mal_aux_0: 1.0248 (1.0248)  loss_bbox_aux_0: 0.0673 (0.0673)  loss_giou_aux_0: 0.7747 (0.7747)  loss_fgl_aux_0: 1.1359 (1.1359)  loss_ddf_aux_0: 0.1077 (0.1077)  loss_mal_aux_1: 0.8527 (0.8527)  loss_bbox_aux_1: 0.0650 (0.0650)  loss_giou_aux_1: 0.7199 (0.7199)  loss_fgl_aux_1: 1.1438 (1.1438)  loss_ddf_aux_1: 0.0098 (0.0098)  loss_mal_pre: 0.9954 (0.9954)  loss_bbox_pre: 0.0679 (0.0679)  loss_giou_pre: 0.7817 (0.7817)  loss_mal_enc_0: 0.7167 (0.7167)  loss_bbox_enc_0: 0.1305 (0.1305)  loss_giou_enc_0: 1.3027 (1.3027)  loss_mal_dn_0: 0.7546 (0.7546)  loss_bbox_dn_0: 0.0542 (0.0542)  loss_giou_dn_0: 0.6438 (0.6438)  loss_fgl_dn_0: 1.2004 (1.2004)  loss_ddf_dn_0: 0.2269 (0.2269)  loss_mal_dn_1: 0.7217 (0.7217)  loss_bbox_dn_1: 0.0486 (0.0486)  loss_giou_dn_1: 0.5798 (0.5798)  loss_fgl_dn_1: 1.1842 (1.1842)  loss_ddf_dn_1: 0.0098 (0.0098)  loss_mal_dn_2: 0.7135 (0.7135)  loss_bbox_dn_2: 0.0502 (0.0502)  loss_giou_dn_2: 0.5920 (0.5920)  loss_fgl_dn_2: 1.1880 (1.1880)  loss_ddf_dn_2: -0.0000 (0.0000)  loss_mal_dn_pre: 0.7523 (0.7523)  loss_bbox_dn_pre: 0.0539 (0.0539)  loss_giou_dn_pre: 0.6426 (0.6426)  time: 0.5664  data: 0.2574  max mem: 5225
Epoch: [3/30]  [10/44]  eta: 0:00:10  lr: 0.000100  loss: 22.0606 (22.1090)  loss_mal: 0.8376 (0.8403)  loss_bbox: 0.0554 (0.0690)  loss_giou: 0.6141 (0.6698)  loss_fgl: 1.2127 (1.1860)  loss_mal_aux_0: 0.9809 (1.0070)  loss_bbox_aux_0: 0.0641 (0.0892)  loss_giou_aux_0: 0.6829 (0.7534)  loss_fgl_aux_0: 1.2122 (1.1695)  loss_ddf_aux_0: 0.1207 (0.1163)  loss_mal_aux_1: 0.8623 (0.8657)  loss_bbox_aux_1: 0.0583 (0.0710)  loss_giou_aux_1: 0.6323 (0.6810)  loss_fgl_aux_1: 1.2087 (1.1830)  loss_ddf_aux_1: 0.0101 (0.0109)  loss_mal_pre: 0.9787 (0.9971)  loss_bbox_pre: 0.0651 (0.0904)  loss_giou_pre: 0.6888 (0.7488)  loss_mal_enc_0: 0.8071 (0.7991)  loss_bbox_enc_0: 0.1305 (0.1473)  loss_giou_enc_0: 1.3027 (1.3440)  loss_mal_dn_0: 0.7499 (0.7504)  loss_bbox_dn_0: 0.0487 (0.0501)  loss_giou_dn_0: 0.5865 (0.5935)  loss_fgl_dn_0: 1.2473 (1.2491)  loss_ddf_dn_0: 0.2269 (0.2499)  loss_mal_dn_1: 0.7265 (0.7247)  loss_bbox_dn_1: 0.0389 (0.0400)  loss_giou_dn_1: 0.4851 (0.4926)  loss_fgl_dn_1: 1.2398 (1.2347)  loss_ddf_dn_1: 0.0105 (0.0121)  loss_mal_dn_2: 0.7157 (0.7141)  loss_bbox_dn_2: 0.0390 (0.0398)  loss_giou_dn_2: 0.4823 (0.4911)  loss_fgl_dn_2: 1.2382 (1.2340)  loss_ddf_dn_2: -0.0000 (0.0000)  loss_mal_dn_pre: 0.7517 (0.7506)  loss_bbox_dn_pre: 0.0483 (0.0499)  loss_giou_dn_pre: 0.5879 (0.5936)  time: 0.3112  data: 0.0394  max mem: 5225
Epoch: [3/30]  [20/44]  eta: 0:00:07  lr: 0.000100  loss: 21.7714 (21.9463)  loss_mal: 0.8133 (0.8115)  loss_bbox: 0.0554 (0.0679)  loss_giou: 0.6208 (0.6620)  loss_fgl: 1.1903 (1.1880)  loss_mal_aux_0: 0.9710 (0.9836)  loss_bbox_aux_0: 0.0641 (0.0868)  loss_giou_aux_0: 0.6995 (0.7402)  loss_fgl_aux_0: 1.2019 (1.1776)  loss_ddf_aux_0: 0.1188 (0.1147)  loss_mal_aux_1: 0.8246 (0.8362)  loss_bbox_aux_1: 0.0583 (0.0705)  loss_giou_aux_1: 0.6400 (0.6745)  loss_fgl_aux_1: 1.1904 (1.1855)  loss_ddf_aux_1: 0.0102 (0.0111)  loss_mal_pre: 0.9648 (0.9713)  loss_bbox_pre: 0.0651 (0.0867)  loss_giou_pre: 0.6985 (0.7380)  loss_mal_enc_0: 0.8290 (0.8177)  loss_bbox_enc_0: 0.1328 (0.1500)  loss_giou_enc_0: 1.2705 (1.3230)  loss_mal_dn_0: 0.7461 (0.7482)  loss_bbox_dn_0: 0.0533 (0.0518)  loss_giou_dn_0: 0.6049 (0.6040)  loss_fgl_dn_0: 1.2460 (1.2453)  loss_ddf_dn_0: 0.2191 (0.2311)  loss_mal_dn_1: 0.7141 (0.7181)  loss_bbox_dn_1: 0.0393 (0.0406)  loss_giou_dn_1: 0.4876 (0.4952)  loss_fgl_dn_1: 1.2317 (1.2300)  loss_ddf_dn_1: 0.0082 (0.0101)  loss_mal_dn_2: 0.7043 (0.7080)  loss_bbox_dn_2: 0.0396 (0.0404)  loss_giou_dn_2: 0.4891 (0.4935)  loss_fgl_dn_2: 1.2324 (1.2298)  loss_ddf_dn_2: -0.0000 (0.0000)  loss_mal_dn_pre: 0.7454 (0.7484)  loss_bbox_dn_pre: 0.0536 (0.0516)  loss_giou_dn_pre: 0.6034 (0.6035)  time: 0.2865  data: 0.0165  max mem: 5225
Epoch: [3/30]  [30/44]  eta: 0:00:04  lr: 0.000100  loss: 22.0297 (22.0259)  loss_mal: 0.7881 (0.8064)  loss_bbox: 0.0545 (0.0669)  loss_giou: 0.6380 (0.6600)  loss_fgl: 1.1914 (1.1905)  loss_mal_aux_0: 0.9461 (0.9751)  loss_bbox_aux_0: 0.0693 (0.0860)  loss_giou_aux_0: 0.7282 (0.7643)  loss_fgl_aux_0: 1.1592 (1.1682)  loss_ddf_aux_0: 0.1232 (0.1202)  loss_mal_aux_1: 0.7920 (0.8223)  loss_bbox_aux_1: 0.0586 (0.0700)  loss_giou_aux_1: 0.6433 (0.6767)  loss_fgl_aux_1: 1.1904 (1.1863)  loss_ddf_aux_1: 0.0112 (0.0115)  loss_mal_pre: 0.9316 (0.9662)  loss_bbox_pre: 0.0704 (0.0859)  loss_giou_pre: 0.7211 (0.7607)  loss_mal_enc_0: 0.8656 (0.8259)  loss_bbox_enc_0: 0.1548 (0.1602)  loss_giou_enc_0: 1.3438 (1.3649)  loss_mal_dn_0: 0.7461 (0.7485)  loss_bbox_dn_0: 0.0525 (0.0518)  loss_giou_dn_0: 0.6201 (0.6082)  loss_fgl_dn_0: 1.2441 (1.2490)  loss_ddf_dn_0: 0.1902 (0.2155)  loss_mal_dn_1: 0.7087 (0.7154)  loss_bbox_dn_1: 0.0414 (0.0410)  loss_giou_dn_1: 0.4967 (0.4995)  loss_fgl_dn_1: 1.2322 (1.2345)  loss_ddf_dn_1: 0.0067 (0.0088)  loss_mal_dn_2: 0.7023 (0.7062)  loss_bbox_dn_2: 0.0414 (0.0409)  loss_giou_dn_2: 0.4970 (0.4981)  loss_fgl_dn_2: 1.2332 (1.2341)  loss_ddf_dn_2: -0.0000 (0.0000)  loss_mal_dn_pre: 0.7454 (0.7484)  loss_bbox_dn_pre: 0.0528 (0.0515)  loss_giou_dn_pre: 0.6200 (0.6064)  time: 0.2862  data: 0.0154  max mem: 5225
Epoch: [3/30]  [40/44]  eta: 0:00:01  lr: 0.000100  loss: 21.8917 (21.9404)  loss_mal: 0.7918 (0.8027)  loss_bbox: 0.0569 (0.0662)  loss_giou: 0.6264 (0.6518)  loss_fgl: 1.2061 (1.1929)  loss_mal_aux_0: 0.9339 (0.9661)  loss_bbox_aux_0: 0.0719 (0.0839)  loss_giou_aux_0: 0.7239 (0.7551)  loss_fgl_aux_0: 1.1868 (1.1731)  loss_ddf_aux_0: 0.1428 (0.1272)  loss_mal_aux_1: 0.8031 (0.8279)  loss_bbox_aux_1: 0.0587 (0.0691)  loss_giou_aux_1: 0.6385 (0.6673)  loss_fgl_aux_1: 1.2020 (1.1886)  loss_ddf_aux_1: 0.0112 (0.0114)  loss_mal_pre: 0.9599 (0.9608)  loss_bbox_pre: 0.0748 (0.0840)  loss_giou_pre: 0.7130 (0.7506)  loss_mal_enc_0: 0.8720 (0.8429)  loss_bbox_enc_0: 0.1557 (0.1586)  loss_giou_enc_0: 1.3604 (1.3365)  loss_mal_dn_0: 0.7491 (0.7478)  loss_bbox_dn_0: 0.0515 (0.0522)  loss_giou_dn_0: 0.6123 (0.6078)  loss_fgl_dn_0: 1.2441 (1.2463)  loss_ddf_dn_0: 0.1784 (0.2044)  loss_mal_dn_1: 0.7077 (0.7135)  loss_bbox_dn_1: 0.0417 (0.0411)  loss_giou_dn_1: 0.4979 (0.4967)  loss_fgl_dn_1: 1.2315 (1.2307)  loss_ddf_dn_1: 0.0051 (0.0079)  loss_mal_dn_2: 0.6978 (0.7036)  loss_bbox_dn_2: 0.0414 (0.0410)  loss_giou_dn_2: 0.4958 (0.4954)  loss_fgl_dn_2: 1.2291 (1.2303)  loss_ddf_dn_2: -0.0000 (0.0000)  loss_mal_dn_pre: 0.7485 (0.7478)  loss_bbox_dn_pre: 0.0509 (0.0519)  loss_giou_dn_pre: 0.6091 (0.6055)  time: 0.2851  data: 0.0154  max mem: 5225
Epoch: [3/30]  [43/44]  eta: 0:00:00  lr: 0.000100  loss: 21.7065 (21.9122)  loss_mal: 0.7881 (0.7970)  loss_bbox: 0.0556 (0.0664)  loss_giou: 0.6223 (0.6528)  loss_fgl: 1.2061 (1.1909)  loss_mal_aux_0: 0.9327 (0.9621)  loss_bbox_aux_0: 0.0709 (0.0845)  loss_giou_aux_0: 0.7239 (0.7578)  loss_fgl_aux_0: 1.1832 (1.1705)  loss_ddf_aux_0: 0.1428 (0.1265)  loss_mal_aux_1: 0.8025 (0.8234)  loss_bbox_aux_1: 0.0576 (0.0692)  loss_giou_aux_1: 0.6374 (0.6682)  loss_fgl_aux_1: 1.2020 (1.1873)  loss_ddf_aux_1: 0.0112 (0.0113)  loss_mal_pre: 0.9309 (0.9562)  loss_bbox_pre: 0.0746 (0.0848)  loss_giou_pre: 0.7130 (0.7542)  loss_mal_enc_0: 0.8995 (0.8467)  loss_bbox_enc_0: 0.1557 (0.1595)  loss_giou_enc_0: 1.3604 (1.3364)  loss_mal_dn_0: 0.7491 (0.7479)  loss_bbox_dn_0: 0.0508 (0.0519)  loss_giou_dn_0: 0.6030 (0.6066)  loss_fgl_dn_0: 1.2441 (1.2450)  loss_ddf_dn_0: 0.1739 (0.2014)  loss_mal_dn_1: 0.7060 (0.7127)  loss_bbox_dn_1: 0.0407 (0.0407)  loss_giou_dn_1: 0.4768 (0.4948)  loss_fgl_dn_1: 1.2286 (1.2287)  loss_ddf_dn_1: 0.0050 (0.0077)  loss_mal_dn_2: 0.6967 (0.7026)  loss_bbox_dn_2: 0.0400 (0.0406)  loss_giou_dn_2: 0.4755 (0.4936)  loss_fgl_dn_2: 1.2289 (1.2284)  loss_ddf_dn_2: -0.0000 (0.0000)  loss_mal_dn_pre: 0.7487 (0.7478)  loss_bbox_dn_pre: 0.0503 (0.0516)  loss_giou_dn_pre: 0.6020 (0.6047)  time: 0.2830  data: 0.0152  max mem: 5225
Epoch: [3/30] Total time: 0:00:12 (0.2923 s / it)
Averaged stats: lr: 0.000100  loss: 21.7065 (21.9122)  loss_mal: 0.7881 (0.7970)  loss_bbox: 0.0556 (0.0664)  loss_giou: 0.6223 (0.6528)  loss_fgl: 1.2061 (1.1909)  loss_mal_aux_0: 0.9327 (0.9621)  loss_bbox_aux_0: 0.0709 (0.0845)  loss_giou_aux_0: 0.7239 (0.7578)  loss_fgl_aux_0: 1.1832 (1.1705)  loss_ddf_aux_0: 0.1428 (0.1265)  loss_mal_aux_1: 0.8025 (0.8234)  loss_bbox_aux_1: 0.0576 (0.0692)  loss_giou_aux_1: 0.6374 (0.6682)  loss_fgl_aux_1: 1.2020 (1.1873)  loss_ddf_aux_1: 0.0112 (0.0113)  loss_mal_pre: 0.9309 (0.9562)  loss_bbox_pre: 0.0746 (0.0848)  loss_giou_pre: 0.7130 (0.7542)  loss_mal_enc_0: 0.8995 (0.8467)  loss_bbox_enc_0: 0.1557 (0.1595)  loss_giou_enc_0: 1.3604 (1.3364)  loss_mal_dn_0: 0.7491 (0.7479)  loss_bbox_dn_0: 0.0508 (0.0519)  loss_giou_dn_0: 0.6030 (0.6066)  loss_fgl_dn_0: 1.2441 (1.2450)  loss_ddf_dn_0: 0.1739 (0.2014)  loss_mal_dn_1: 0.7060 (0.7127)  loss_bbox_dn_1: 0.0407 (0.0407)  loss_giou_dn_1: 0.4768 (0.4948)  loss_fgl_dn_1: 1.2286 (1.2287)  loss_ddf_dn_1: 0.0050 (0.0077)  loss_mal_dn_2: 0.6967 (0.7026)  loss_bbox_dn_2: 0.0400 (0.0406)  loss_giou_dn_2: 0.4755 (0.4936)  loss_fgl_dn_2: 1.2289 (1.2284)  loss_ddf_dn_2: -0.0000 (0.0000)  loss_mal_dn_pre: 0.7487 (0.7478)  loss_bbox_dn_pre: 0.0503 (0.0516)  loss_giou_dn_pre: 0.6020 (0.6047)
Test:  [0/9]  eta: 0:00:02    time: 0.3264  data: 0.2635  max mem: 5225
Test:  [8/9]  eta: 0:00:00    time: 0.1004  data: 0.0426  max mem: 5225
Test: Total time: 0:00:00 (0.1046 s / it)
Metrics: {'f1': 0.42931937172774864, 'precision': 0.8723404255319149, 'recall': 0.2847222222222222, 'iou': 0.18958303372065227, 'TPs': 41, 'FPs': 6, 'FNs': 103}
Averaged stats: 
Accumulating evaluation results...
COCOeval_opt.accumulate() finished...
DONE (t=0.01s).
IoU metric: bbox
 Average Precision  (AP) @[ IoU=0.50:0.95 | area=   all | maxDets=100 ] = 0.280
 Average Precision  (AP) @[ IoU=0.50      | area=   all | maxDets=100 ] = 0.745
 Average Precision  (AP) @[ IoU=0.75      | area=   all | maxDets=100 ] = 0.108
 Average Precision  (AP) @[ IoU=0.50:0.95 | area= small | maxDets=100 ] = 0.280
 Average Precision  (AP) @[ IoU=0.50:0.95 | area=medium | maxDets=100 ] = -1.000
 Average Precision  (AP) @[ IoU=0.50:0.95 | area= large | maxDets=100 ] = -1.000
 Average Recall     (AR) @[ IoU=0.50:0.95 | area=   all | maxDets=  1 ] = 0.160
 Average Recall     (AR) @[ IoU=0.50:0.95 | area=   all | maxDets= 10 ] = 0.444
 Average Recall     (AR) @[ IoU=0.50:0.95 | area=   all | maxDets=100 ] = 0.557
 Average Recall     (AR) @[ IoU=0.50:0.95 | area= small | maxDets=100 ] = 0.557
 Average Recall     (AR) @[ IoU=0.50:0.95 | area=medium | maxDets=100 ] = -1.000
 Average Recall     (AR) @[ IoU=0.50:0.95 | area= large | maxDets=100 ] = -1.000
 Average Recall     (AR) @[ IoU=0.50      | area=   all | maxDets=100 ] = 0.910
 Average Recall     (AR) @[ IoU=0.75      | area=   all | maxDets=100 ] = 0.569
best_stat: {'epoch': 3, 'coco_eval_bbox': 0.27973812677709026}
Epoch: [4/30]  [ 0/44]  eta: 0:00:23  lr: 0.000100  loss: 22.0032 (22.0032)  loss_mal: 0.7634 (0.7634)  loss_bbox: 0.1087 (0.1087)  loss_giou: 0.7951 (0.7951)  loss_fgl: 1.0536 (1.0536)  loss_mal_aux_0: 0.7537 (0.7537)  loss_bbox_aux_0: 0.1479 (0.1479)  loss_giou_aux_0: 1.0711 (1.0711)  loss_fgl_aux_0: 0.9599 (0.9599)  loss_ddf_aux_0: 0.1307 (0.1307)  loss_mal_aux_1: 0.7929 (0.7929)  loss_bbox_aux_1: 0.1158 (0.1158)  loss_giou_aux_1: 0.8454 (0.8454)  loss_fgl_aux_1: 1.0424 (1.0424)  loss_ddf_aux_1: 0.0123 (0.0123)  loss_mal_pre: 0.7226 (0.7226)  loss_bbox_pre: 0.1530 (0.1530)  loss_giou_pre: 1.0823 (1.0823)  loss_mal_enc_0: 0.8844 (0.8844)  loss_bbox_enc_0: 0.2980 (0.2980)  loss_giou_enc_0: 1.6411 (1.6411)  loss_mal_dn_0: 0.7549 (0.7549)  loss_bbox_dn_0: 0.0418 (0.0418)  loss_giou_dn_0: 0.4940 (0.4940)  loss_fgl_dn_0: 1.2507 (1.2507)  loss_ddf_dn_0: 0.1011 (0.1011)  loss_mal_dn_1: 0.6891 (0.6891)  loss_bbox_dn_1: 0.0335 (0.0335)  loss_giou_dn_1: 0.3983 (0.3983)  loss_fgl_dn_1: 1.2255 (1.2255)  loss_ddf_dn_1: 0.0027 (0.0027)  loss_mal_dn_2: 0.6766 (0.6766)  loss_bbox_dn_2: 0.0340 (0.0340)  loss_giou_dn_2: 0.4030 (0.4030)  loss_fgl_dn_2: 1.2276 (1.2276)  loss_ddf_dn_2: -0.0000 (0.0000)  loss_mal_dn_pre: 0.7565 (0.7565)  loss_bbox_dn_pre: 0.0425 (0.0425)  loss_giou_dn_pre: 0.4971 (0.4971)  time: 0.5346  data: 0.2508  max mem: 5225
Epoch: [4/30]  [10/44]  eta: 0:00:10  lr: 0.000100  loss: 21.8017 (21.9276)  loss_mal: 0.7905 (0.8005)  loss_bbox: 0.0657 (0.0717)  loss_giou: 0.6091 (0.6713)  loss_fgl: 1.2119 (1.1687)  loss_mal_aux_0: 0.9329 (0.9030)  loss_bbox_aux_0: 0.0760 (0.0948)  loss_giou_aux_0: 0.7130 (0.8327)  loss_fgl_aux_0: 1.2097 (1.1272)  loss_ddf_aux_0: 0.1438 (0.1398)  loss_mal_aux_1: 0.8421 (0.8351)  loss_bbox_aux_1: 0.0666 (0.0771)  loss_giou_aux_1: 0.6420 (0.7013)  loss_fgl_aux_1: 1.2102 (1.1566)  loss_ddf_aux_1: 0.0112 (0.0123)  loss_mal_pre: 0.9187 (0.8892)  loss_bbox_pre: 0.0779 (0.0967)  loss_giou_pre: 0.7149 (0.8381)  loss_mal_enc_0: 0.7806 (0.8029)  loss_bbox_enc_0: 0.1815 (0.2424)  loss_giou_enc_0: 1.4031 (1.4788)  loss_mal_dn_0: 0.7442 (0.7485)  loss_bbox_dn_0: 0.0444 (0.0465)  loss_giou_dn_0: 0.5847 (0.5720)  loss_fgl_dn_0: 1.2506 (1.2547)  loss_ddf_dn_0: 0.1984 (0.1810)  loss_mal_dn_1: 0.6973 (0.6952)  loss_bbox_dn_1: 0.0345 (0.0356)  loss_giou_dn_1: 0.4558 (0.4512)  loss_fgl_dn_1: 1.2265 (1.2312)  loss_ddf_dn_1: 0.0050 (0.0048)  loss_mal_dn_2: 0.6858 (0.6847)  loss_bbox_dn_2: 0.0342 (0.0354)  loss_giou_dn_2: 0.4515 (0.4500)  loss_fgl_dn_2: 1.2280 (1.2318)  loss_ddf_dn_2: -0.0000 (0.0000)  loss_mal_dn_pre: 0.7446 (0.7476)  loss_bbox_dn_pre: 0.0446 (0.0465)  loss_giou_dn_pre: 0.5764 (0.5705)  time: 0.3083  data: 0.0367  max mem: 5225
Epoch: [4/30]  [20/44]  eta: 0:00:07  lr: 0.000100  loss: 21.6460 (21.8105)  loss_mal: 0.7905 (0.7879)  loss_bbox: 0.0566 (0.0724)  loss_giou: 0.5986 (0.6593)  loss_fgl: 1.2119 (1.1869)  loss_mal_aux_0: 1.0064 (0.9811)  loss_bbox_aux_0: 0.0656 (0.0865)  loss_giou_aux_0: 0.6785 (0.7783)  loss_fgl_aux_0: 1.2097 (1.1591)  loss_ddf_aux_0: 0.1190 (0.1272)  loss_mal_aux_1: 0.8238 (0.8200)  loss_bbox_aux_1: 0.0574 (0.0758)  loss_giou_aux_1: 0.6083 (0.6815)  loss_fgl_aux_1: 1.2104 (1.1794)  loss_ddf_aux_1: 0.0104 (0.0107)  loss_mal_pre: 0.9787 (0.9579)  loss_bbox_pre: 0.0683 (0.0874)  loss_giou_pre: 0.6787 (0.7800)  loss_mal_enc_0: 0.8485 (0.8537)  loss_bbox_enc_0: 0.1750 (0.2220)  loss_giou_enc_0: 1.3278 (1.3738)  loss_mal_dn_0: 0.7442 (0.7471)  loss_bbox_dn_0: 0.0457 (0.0471)  loss_giou_dn_0: 0.5615 (0.5626)  loss_fgl_dn_0: 1.2441 (1.2496)  loss_ddf_dn_0: 0.1761 (0.1747)  loss_mal_dn_1: 0.6875 (0.6905)  loss_bbox_dn_1: 0.0346 (0.0357)  loss_giou_dn_1: 0.4530 (0.4496)  loss_fgl_dn_1: 1.2200 (1.2235)  loss_ddf_dn_1: 0.0047 (0.0045)  loss_mal_dn_2: 0.6849 (0.6820)  loss_bbox_dn_2: 0.0346 (0.0355)  loss_giou_dn_2: 0.4493 (0.4487)  loss_fgl_dn_2: 1.2208 (1.2240)  loss_ddf_dn_2: -0.0000 (0.0000)  loss_mal_dn_pre: 0.7446 (0.7467)  loss_bbox_dn_pre: 0.0457 (0.0470)  loss_giou_dn_pre: 0.5601 (0.5608)  time: 0.2857  data: 0.0153  max mem: 5225
Epoch: [4/30]  [30/44]  eta: 0:00:04  lr: 0.000100  loss: 21.6064 (21.8449)  loss_mal: 0.7601 (0.7800)  loss_bbox: 0.0672 (0.0780)  loss_giou: 0.6309 (0.6768)  loss_fgl: 1.1938 (1.1775)  loss_mal_aux_0: 1.0064 (0.9633)  loss_bbox_aux_0: 0.0689 (0.0901)  loss_giou_aux_0: 0.6817 (0.7925)  loss_fgl_aux_0: 1.1752 (1.1469)  loss_ddf_aux_0: 0.1059 (0.1183)  loss_mal_aux_1: 0.7914 (0.8107)  loss_bbox_aux_1: 0.0657 (0.0809)  loss_giou_aux_1: 0.6447 (0.6988)  loss_fgl_aux_1: 1.1907 (1.1697)  loss_ddf_aux_1: 0.0086 (0.0103)  loss_mal_pre: 0.9707 (0.9475)  loss_bbox_pre: 0.0685 (0.0906)  loss_giou_pre: 0.6809 (0.7914)  loss_mal_enc_0: 0.9358 (0.8765)  loss_bbox_enc_0: 0.2040 (0.2392)  loss_giou_enc_0: 1.2820 (1.3831)  loss_mal_dn_0: 0.7464 (0.7472)  loss_bbox_dn_0: 0.0450 (0.0470)  loss_giou_dn_0: 0.5612 (0.5634)  loss_fgl_dn_0: 1.2441 (1.2512)  loss_ddf_dn_0: 0.1606 (0.1714)  loss_mal_dn_1: 0.6833 (0.6893)  loss_bbox_dn_1: 0.0346 (0.0357)  loss_giou_dn_1: 0.4430 (0.4482)  loss_fgl_dn_1: 1.2158 (1.2225)  loss_ddf_dn_1: 0.0040 (0.0043)  loss_mal_dn_2: 0.6766 (0.6809)  loss_bbox_dn_2: 0.0345 (0.0355)  loss_giou_dn_2: 0.4418 (0.4470)  loss_fgl_dn_2: 1.2171 (1.2230)  loss_ddf_dn_2: -0.0000 (0.0000)  loss_mal_dn_pre: 0.7453 (0.7468)  loss_bbox_dn_pre: 0.0456 (0.0471)  loss_giou_dn_pre: 0.5595 (0.5625)  time: 0.2865  data: 0.0154  max mem: 5225
Epoch: [4/30]  [40/44]  eta: 0:00:01  lr: 0.000100  loss: 21.5192 (21.8137)  loss_mal: 0.7843 (0.7835)  loss_bbox: 0.0672 (0.0768)  loss_giou: 0.6318 (0.6682)  loss_fgl: 1.1938 (1.1828)  loss_mal_aux_0: 0.9766 (0.9832)  loss_bbox_aux_0: 0.0689 (0.0875)  loss_giou_aux_0: 0.6817 (0.7744)  loss_fgl_aux_0: 1.1752 (1.1549)  loss_ddf_aux_0: 0.0916 (0.1107)  loss_mal_aux_1: 0.8041 (0.8171)  loss_bbox_aux_1: 0.0657 (0.0790)  loss_giou_aux_1: 0.6447 (0.6871)  loss_fgl_aux_1: 1.1907 (1.1760)  loss_ddf_aux_1: 0.0068 (0.0094)  loss_mal_pre: 0.9900 (0.9678)  loss_bbox_pre: 0.0685 (0.0882)  loss_giou_pre: 0.6809 (0.7740)  loss_mal_enc_0: 0.9215 (0.8859)  loss_bbox_enc_0: 0.2040 (0.2380)  loss_giou_enc_0: 1.2838 (1.3567)  loss_mal_dn_0: 0.7444 (0.7467)  loss_bbox_dn_0: 0.0451 (0.0471)  loss_giou_dn_0: 0.5504 (0.5602)  loss_fgl_dn_0: 1.2542 (1.2509)  loss_ddf_dn_0: 0.1743 (0.1727)  loss_mal_dn_1: 0.6835 (0.6889)  loss_bbox_dn_1: 0.0354 (0.0358)  loss_giou_dn_1: 0.4405 (0.4473)  loss_fgl_dn_1: 1.2223 (1.2215)  loss_ddf_dn_1: 0.0043 (0.0044)  loss_mal_dn_2: 0.6746 (0.6804)  loss_bbox_dn_2: 0.0356 (0.0357)  loss_giou_dn_2: 0.4348 (0.4457)  loss_fgl_dn_2: 1.2216 (1.2219)  loss_ddf_dn_2: -0.0000 (0.0000)  loss_mal_dn_pre: 0.7444 (0.7462)  loss_bbox_dn_pre: 0.0459 (0.0472)  loss_giou_dn_pre: 0.5614 (0.5600)  time: 0.2856  data: 0.0155  max mem: 5225
Epoch: [4/30]  [43/44]  eta: 0:00:00  lr: 0.000100  loss: 21.5192 (21.8245)  loss_mal: 0.7843 (0.7814)  loss_bbox: 0.0672 (0.0780)  loss_giou: 0.6318 (0.6714)  loss_fgl: 1.2079 (1.1813)  loss_mal_aux_0: 1.0078 (0.9849)  loss_bbox_aux_0: 0.0689 (0.0888)  loss_giou_aux_0: 0.6687 (0.7785)  loss_fgl_aux_0: 1.1807 (1.1524)  loss_ddf_aux_0: 0.0888 (0.1089)  loss_mal_aux_1: 0.8041 (0.8147)  loss_bbox_aux_1: 0.0657 (0.0801)  loss_giou_aux_1: 0.6447 (0.6902)  loss_fgl_aux_1: 1.2028 (1.1742)  loss_ddf_aux_1: 0.0068 (0.0093)  loss_mal_pre: 0.9974 (0.9699)  loss_bbox_pre: 0.0685 (0.0895)  loss_giou_pre: 0.6675 (0.7774)  loss_mal_enc_0: 0.9235 (0.8902)  loss_bbox_enc_0: 0.1907 (0.2399)  loss_giou_enc_0: 1.2820 (1.3536)  loss_mal_dn_0: 0.7438 (0.7465)  loss_bbox_dn_0: 0.0463 (0.0471)  loss_giou_dn_0: 0.5486 (0.5593)  loss_fgl_dn_0: 1.2549 (1.2516)  loss_ddf_dn_0: 0.1746 (0.1743)  loss_mal_dn_1: 0.6835 (0.6886)  loss_bbox_dn_1: 0.0360 (0.0357)  loss_giou_dn_1: 0.4371 (0.4466)  loss_fgl_dn_1: 1.2229 (1.2214)  loss_ddf_dn_1: 0.0044 (0.0044)  loss_mal_dn_2: 0.6745 (0.6802)  loss_bbox_dn_2: 0.0357 (0.0356)  loss_giou_dn_2: 0.4331 (0.4449)  loss_fgl_dn_2: 1.2233 (1.2217)  loss_ddf_dn_2: -0.0000 (0.0000)  loss_mal_dn_pre: 0.7439 (0.7459)  loss_bbox_dn_pre: 0.0462 (0.0471)  loss_giou_dn_pre: 0.5487 (0.5589)  time: 0.2836  data: 0.0153  max mem: 5225
Epoch: [4/30] Total time: 0:00:12 (0.2914 s / it)
Averaged stats: lr: 0.000100  loss: 21.5192 (21.8245)  loss_mal: 0.7843 (0.7814)  loss_bbox: 0.0672 (0.0780)  loss_giou: 0.6318 (0.6714)  loss_fgl: 1.2079 (1.1813)  loss_mal_aux_0: 1.0078 (0.9849)  loss_bbox_aux_0: 0.0689 (0.0888)  loss_giou_aux_0: 0.6687 (0.7785)  loss_fgl_aux_0: 1.1807 (1.1524)  loss_ddf_aux_0: 0.0888 (0.1089)  loss_mal_aux_1: 0.8041 (0.8147)  loss_bbox_aux_1: 0.0657 (0.0801)  loss_giou_aux_1: 0.6447 (0.6902)  loss_fgl_aux_1: 1.2028 (1.1742)  loss_ddf_aux_1: 0.0068 (0.0093)  loss_mal_pre: 0.9974 (0.9699)  loss_bbox_pre: 0.0685 (0.0895)  loss_giou_pre: 0.6675 (0.7774)  loss_mal_enc_0: 0.9235 (0.8902)  loss_bbox_enc_0: 0.1907 (0.2399)  loss_giou_enc_0: 1.2820 (1.3536)  loss_mal_dn_0: 0.7438 (0.7465)  loss_bbox_dn_0: 0.0463 (0.0471)  loss_giou_dn_0: 0.5486 (0.5593)  loss_fgl_dn_0: 1.2549 (1.2516)  loss_ddf_dn_0: 0.1746 (0.1743)  loss_mal_dn_1: 0.6835 (0.6886)  loss_bbox_dn_1: 0.0360 (0.0357)  loss_giou_dn_1: 0.4371 (0.4466)  loss_fgl_dn_1: 1.2229 (1.2214)  loss_ddf_dn_1: 0.0044 (0.0044)  loss_mal_dn_2: 0.6745 (0.6802)  loss_bbox_dn_2: 0.0357 (0.0356)  loss_giou_dn_2: 0.4331 (0.4449)  loss_fgl_dn_2: 1.2233 (1.2217)  loss_ddf_dn_2: -0.0000 (0.0000)  loss_mal_dn_pre: 0.7439 (0.7459)  loss_bbox_dn_pre: 0.0462 (0.0471)  loss_giou_dn_pre: 0.5487 (0.5589)
Test:  [0/9]  eta: 0:00:02    time: 0.3066  data: 0.2412  max mem: 5225
Test:  [8/9]  eta: 0:00:00    time: 0.1021  data: 0.0420  max mem: 5225
Test: Total time: 0:00:00 (0.1062 s / it)
Metrics: {'f1': 0.6987951807228916, 'precision': 0.8285714285714286, 'recall': 0.6041666666666666, 'iou': 0.38675722590199224, 'TPs': 87, 'FPs': 18, 'FNs': 57}
Averaged stats: 
Accumulating evaluation results...
COCOeval_opt.accumulate() finished...
DONE (t=0.01s).
IoU metric: bbox
 Average Precision  (AP) @[ IoU=0.50:0.95 | area=   all | maxDets=100 ] = 0.323
 Average Precision  (AP) @[ IoU=0.50      | area=   all | maxDets=100 ] = 0.793
 Average Precision  (AP) @[ IoU=0.75      | area=   all | maxDets=100 ] = 0.187
 Average Precision  (AP) @[ IoU=0.50:0.95 | area= small | maxDets=100 ] = 0.323
 Average Precision  (AP) @[ IoU=0.50:0.95 | area=medium | maxDets=100 ] = -1.000
 Average Precision  (AP) @[ IoU=0.50:0.95 | area= large | maxDets=100 ] = -1.000
 Average Recall     (AR) @[ IoU=0.50:0.95 | area=   all | maxDets=  1 ] = 0.192
 Average Recall     (AR) @[ IoU=0.50:0.95 | area=   all | maxDets= 10 ] = 0.490
 Average Recall     (AR) @[ IoU=0.50:0.95 | area=   all | maxDets=100 ] = 0.583
 Average Recall     (AR) @[ IoU=0.50:0.95 | area= small | maxDets=100 ] = 0.583
 Average Recall     (AR) @[ IoU=0.50:0.95 | area=medium | maxDets=100 ] = -1.000
 Average Recall     (AR) @[ IoU=0.50:0.95 | area= large | maxDets=100 ] = -1.000
 Average Recall     (AR) @[ IoU=0.50      | area=   all | maxDets=100 ] = 0.951
 Average Recall     (AR) @[ IoU=0.75      | area=   all | maxDets=100 ] = 0.639
best_stat: {'epoch': 4, 'coco_eval_bbox': 0.32319275640917716}
Epoch: [5/30]  [ 0/44]  eta: 0:00:23  lr: 0.000100  loss: 21.0822 (21.0822)  loss_mal: 0.7416 (0.7416)  loss_bbox: 0.0650 (0.0650)  loss_giou: 0.6802 (0.6802)  loss_fgl: 1.2058 (1.2058)  loss_mal_aux_0: 0.8668 (0.8668)  loss_bbox_aux_0: 0.0700 (0.0700)  loss_giou_aux_0: 0.7455 (0.7455)  loss_fgl_aux_0: 1.1789 (1.1789)  loss_ddf_aux_0: 0.0771 (0.0771)  loss_mal_aux_1: 0.7642 (0.7642)  loss_bbox_aux_1: 0.0659 (0.0659)  loss_giou_aux_1: 0.6880 (0.6880)  loss_fgl_aux_1: 1.2021 (1.2021)  loss_ddf_aux_1: 0.0054 (0.0054)  loss_mal_pre: 0.8605 (0.8605)  loss_bbox_pre: 0.0703 (0.0703)  loss_giou_pre: 0.7470 (0.7470)  loss_mal_enc_0: 0.8041 (0.8041)  loss_bbox_enc_0: 0.1130 (0.1130)  loss_giou_enc_0: 1.2138 (1.2138)  loss_mal_dn_0: 0.7488 (0.7488)  loss_bbox_dn_0: 0.0495 (0.0495)  loss_giou_dn_0: 0.5455 (0.5455)  loss_fgl_dn_0: 1.2561 (1.2561)  loss_ddf_dn_0: 0.2109 (0.2109)  loss_mal_dn_1: 0.6791 (0.6791)  loss_bbox_dn_1: 0.0367 (0.0367)  loss_giou_dn_1: 0.4408 (0.4408)  loss_fgl_dn_1: 1.2253 (1.2253)  loss_ddf_dn_1: 0.0063 (0.0063)  loss_mal_dn_2: 0.6753 (0.6753)  loss_bbox_dn_2: 0.0368 (0.0368)  loss_giou_dn_2: 0.4403 (0.4403)  loss_fgl_dn_2: 1.2256 (1.2256)  loss_ddf_dn_2: -0.0000 (0.0000)  loss_mal_dn_pre: 0.7481 (0.7481)  loss_bbox_dn_pre: 0.0493 (0.0493)  loss_giou_dn_pre: 0.5426 (0.5426)  time: 0.5413  data: 0.2423  max mem: 5225
Epoch: [5/30]  [10/44]  eta: 0:00:10  lr: 0.000100  loss: 21.5439 (21.7068)  loss_mal: 0.7971 (0.8019)  loss_bbox: 0.0650 (0.0756)  loss_giou: 0.6326 (0.6675)  loss_fgl: 1.1649 (1.1601)  loss_mal_aux_0: 0.9223 (0.9381)  loss_bbox_aux_0: 0.0837 (0.0934)  loss_giou_aux_0: 0.8142 (0.8229)  loss_fgl_aux_0: 1.1450 (1.1225)  loss_ddf_aux_0: 0.1097 (0.1085)  loss_mal_aux_1: 0.8048 (0.8157)  loss_bbox_aux_1: 0.0659 (0.0784)  loss_giou_aux_1: 0.6471 (0.6969)  loss_fgl_aux_1: 1.1671 (1.1557)  loss_ddf_aux_1: 0.0105 (0.0108)  loss_mal_pre: 0.9234 (0.9349)  loss_bbox_pre: 0.0825 (0.0944)  loss_giou_pre: 0.8126 (0.8204)  loss_mal_enc_0: 0.8240 (0.8152)  loss_bbox_enc_0: 0.1923 (0.2390)  loss_giou_enc_0: 1.3006 (1.4074)  loss_mal_dn_0: 0.7443 (0.7443)  loss_bbox_dn_0: 0.0446 (0.0453)  loss_giou_dn_0: 0.5443 (0.5417)  loss_fgl_dn_0: 1.2500 (1.2514)  loss_ddf_dn_0: 0.1928 (0.1936)  loss_mal_dn_1: 0.6834 (0.6798)  loss_bbox_dn_1: 0.0354 (0.0348)  loss_giou_dn_1: 0.4408 (0.4343)  loss_fgl_dn_1: 1.2253 (1.2196)  loss_ddf_dn_1: 0.0056 (0.0058)  loss_mal_dn_2: 0.6828 (0.6796)  loss_bbox_dn_2: 0.0352 (0.0347)  loss_giou_dn_2: 0.4403 (0.4323)  loss_fgl_dn_2: 1.2256 (1.2196)  loss_ddf_dn_2: -0.0000 (0.0000)  loss_mal_dn_pre: 0.7416 (0.7428)  loss_bbox_dn_pre: 0.0444 (0.0455)  loss_giou_dn_pre: 0.5476 (0.5425)  time: 0.3116  data: 0.0361  max mem: 5225
Epoch: [5/30]  [20/44]  eta: 0:00:07  lr: 0.000100  loss: 21.9483 (21.9394)  loss_mal: 0.7686 (0.7832)  loss_bbox: 0.0797 (0.0996)  loss_giou: 0.6453 (0.7512)  loss_fgl: 1.1355 (1.1190)  loss_mal_aux_0: 0.8823 (0.8783)  loss_bbox_aux_0: 0.1050 (0.1199)  loss_giou_aux_0: 0.8651 (0.9154)  loss_fgl_aux_0: 1.0927 (1.0857)  loss_ddf_aux_0: 0.1108 (0.1176)  loss_mal_aux_1: 0.7904 (0.7930)  loss_bbox_aux_1: 0.0878 (0.1029)  loss_giou_aux_1: 0.7318 (0.7828)  loss_fgl_aux_1: 1.1373 (1.1146)  loss_ddf_aux_1: 0.0105 (0.0122)  loss_mal_pre: 0.8732 (0.8752)  loss_bbox_pre: 0.1075 (0.1210)  loss_giou_pre: 0.8588 (0.9126)  loss_mal_enc_0: 0.7740 (0.7563)  loss_bbox_enc_0: 0.2211 (0.2445)  loss_giou_enc_0: 1.5134 (1.5172)  loss_mal_dn_0: 0.7432 (0.7449)  loss_bbox_dn_0: 0.0445 (0.0450)  loss_giou_dn_0: 0.5382 (0.5438)  loss_fgl_dn_0: 1.2499 (1.2508)  loss_ddf_dn_0: 0.1647 (0.1658)  loss_mal_dn_1: 0.6816 (0.6811)  loss_bbox_dn_1: 0.0346 (0.0349)  loss_giou_dn_1: 0.4354 (0.4385)  loss_fgl_dn_1: 1.2163 (1.2206)  loss_ddf_dn_1: 0.0053 (0.0052)  loss_mal_dn_2: 0.6798 (0.6797)  loss_bbox_dn_2: 0.0346 (0.0349)  loss_giou_dn_2: 0.4327 (0.4377)  loss_fgl_dn_2: 1.2181 (1.2215)  loss_ddf_dn_2: -0.0000 (0.0000)  loss_mal_dn_pre: 0.7407 (0.7433)  loss_bbox_dn_pre: 0.0443 (0.0452)  loss_giou_dn_pre: 0.5414 (0.5446)  time: 0.2873  data: 0.0154  max mem: 5225
Epoch: [5/30]  [30/44]  eta: 0:00:04  lr: 0.000100  loss: 21.5729 (21.7744)  loss_mal: 0.7735 (0.7927)  loss_bbox: 0.0663 (0.0892)  loss_giou: 0.6471 (0.7078)  loss_fgl: 1.1023 (1.1350)  loss_mal_aux_0: 0.8038 (0.8629)  loss_bbox_aux_0: 0.1185 (0.1151)  loss_giou_aux_0: 0.8675 (0.8757)  loss_fgl_aux_0: 1.0959 (1.1027)  loss_ddf_aux_0: 0.1584 (0.1451)  loss_mal_aux_1: 0.7770 (0.7946)  loss_bbox_aux_1: 0.0776 (0.0934)  loss_giou_aux_1: 0.6839 (0.7383)  loss_fgl_aux_1: 1.0992 (1.1314)  loss_ddf_aux_1: 0.0162 (0.0163)  loss_mal_pre: 0.8109 (0.8573)  loss_bbox_pre: 0.1216 (0.1163)  loss_giou_pre: 0.8798 (0.8740)  loss_mal_enc_0: 0.6559 (0.7260)  loss_bbox_enc_0: 0.2240 (0.2451)  loss_giou_enc_0: 1.5861 (1.5339)  loss_mal_dn_0: 0.7439 (0.7453)  loss_bbox_dn_0: 0.0444 (0.0454)  loss_giou_dn_0: 0.5337 (0.5407)  loss_fgl_dn_0: 1.2525 (1.2503)  loss_ddf_dn_0: 0.1376 (0.1591)  loss_mal_dn_1: 0.6796 (0.6806)  loss_bbox_dn_1: 0.0352 (0.0353)  loss_giou_dn_1: 0.4354 (0.4378)  loss_fgl_dn_1: 1.2182 (1.2199)  loss_ddf_dn_1: 0.0042 (0.0051)  loss_mal_dn_2: 0.6777 (0.6787)  loss_bbox_dn_2: 0.0352 (0.0353)  loss_giou_dn_2: 0.4314 (0.4374)  loss_fgl_dn_2: 1.2191 (1.2207)  loss_ddf_dn_2: -0.0000 (0.0000)  loss_mal_dn_pre: 0.7426 (0.7436)  loss_bbox_dn_pre: 0.0442 (0.0455)  loss_giou_dn_pre: 0.5357 (0.5408)  time: 0.2854  data: 0.0153  max mem: 5225
Epoch: [5/30]  [40/44]  eta: 0:00:01  lr: 0.000100  loss: 21.4997 (21.7459)  loss_mal: 0.7964 (0.7938)  loss_bbox: 0.0585 (0.0819)  loss_giou: 0.5899 (0.6870)  loss_fgl: 1.1652 (1.1443)  loss_mal_aux_0: 0.8423 (0.8611)  loss_bbox_aux_0: 0.1012 (0.1135)  loss_giou_aux_0: 0.7873 (0.8621)  loss_fgl_aux_0: 1.1156 (1.1081)  loss_ddf_aux_0: 0.2089 (0.1665)  loss_mal_aux_1: 0.7912 (0.7975)  loss_bbox_aux_1: 0.0673 (0.0864)  loss_giou_aux_1: 0.6489 (0.7178)  loss_fgl_aux_1: 1.1645 (1.1407)  loss_ddf_aux_1: 0.0227 (0.0190)  loss_mal_pre: 0.8482 (0.8566)  loss_bbox_pre: 0.1005 (0.1146)  loss_giou_pre: 0.7847 (0.8599)  loss_mal_enc_0: 0.6163 (0.6938)  loss_bbox_enc_0: 0.2300 (0.2580)  loss_giou_enc_0: 1.5847 (1.5480)  loss_mal_dn_0: 0.7474 (0.7467)  loss_bbox_dn_0: 0.0455 (0.0454)  loss_giou_dn_0: 0.5345 (0.5431)  loss_fgl_dn_0: 1.2546 (1.2531)  loss_ddf_dn_0: 0.1287 (0.1507)  loss_mal_dn_1: 0.6796 (0.6817)  loss_bbox_dn_1: 0.0356 (0.0354)  loss_giou_dn_1: 0.4370 (0.4407)  loss_fgl_dn_1: 1.2284 (1.2225)  loss_ddf_dn_1: 0.0042 (0.0048)  loss_mal_dn_2: 0.6750 (0.6788)  loss_bbox_dn_2: 0.0357 (0.0354)  loss_giou_dn_2: 0.4378 (0.4409)  loss_fgl_dn_2: 1.2283 (1.2236)  loss_ddf_dn_2: -0.0000 (0.0000)  loss_mal_dn_pre: 0.7440 (0.7447)  loss_bbox_dn_pre: 0.0456 (0.0454)  loss_giou_dn_pre: 0.5357 (0.5425)  time: 0.2835  data: 0.0152  max mem: 5225
Epoch: [5/30]  [43/44]  eta: 0:00:00  lr: 0.000100  loss: 21.4997 (21.7334)  loss_mal: 0.7952 (0.7929)  loss_bbox: 0.0544 (0.0800)  loss_giou: 0.5911 (0.6818)  loss_fgl: 1.1834 (1.1485)  loss_mal_aux_0: 0.8423 (0.8658)  loss_bbox_aux_0: 0.0954 (0.1114)  loss_giou_aux_0: 0.7789 (0.8525)  loss_fgl_aux_0: 1.1347 (1.1121)  loss_ddf_aux_0: 0.2222 (0.1702)  loss_mal_aux_1: 0.7912 (0.7983)  loss_bbox_aux_1: 0.0642 (0.0843)  loss_giou_aux_1: 0.6098 (0.7112)  loss_fgl_aux_1: 1.1784 (1.1446)  loss_ddf_aux_1: 0.0231 (0.0190)  loss_mal_pre: 0.8544 (0.8610)  loss_bbox_pre: 0.0992 (0.1125)  loss_giou_pre: 0.7808 (0.8511)  loss_mal_enc_0: 0.6080 (0.6878)  loss_bbox_enc_0: 0.2736 (0.2590)  loss_giou_enc_0: 1.5847 (1.5504)  loss_mal_dn_0: 0.7474 (0.7469)  loss_bbox_dn_0: 0.0448 (0.0454)  loss_giou_dn_0: 0.5343 (0.5430)  loss_fgl_dn_0: 1.2584 (1.2536)  loss_ddf_dn_0: 0.1240 (0.1491)  loss_mal_dn_1: 0.6806 (0.6818)  loss_bbox_dn_1: 0.0356 (0.0355)  loss_giou_dn_1: 0.4431 (0.4415)  loss_fgl_dn_1: 1.2315 (1.2235)  loss_ddf_dn_1: 0.0041 (0.0048)  loss_mal_dn_2: 0.6751 (0.6790)  loss_bbox_dn_2: 0.0357 (0.0356)  loss_giou_dn_2: 0.4508 (0.4420)  loss_fgl_dn_2: 1.2336 (1.2249)  loss_ddf_dn_2: -0.0000 (0.0000)  loss_mal_dn_pre: 0.7453 (0.7448)  loss_bbox_dn_pre: 0.0449 (0.0454)  loss_giou_dn_pre: 0.5357 (0.5424)  time: 0.2807  data: 0.0150  max mem: 5225
Epoch: [5/30] Total time: 0:00:12 (0.2912 s / it)
Averaged stats: lr: 0.000100  loss: 21.4997 (21.7334)  loss_mal: 0.7952 (0.7929)  loss_bbox: 0.0544 (0.0800)  loss_giou: 0.5911 (0.6818)  loss_fgl: 1.1834 (1.1485)  loss_mal_aux_0: 0.8423 (0.8658)  loss_bbox_aux_0: 0.0954 (0.1114)  loss_giou_aux_0: 0.7789 (0.8525)  loss_fgl_aux_0: 1.1347 (1.1121)  loss_ddf_aux_0: 0.2222 (0.1702)  loss_mal_aux_1: 0.7912 (0.7983)  loss_bbox_aux_1: 0.0642 (0.0843)  loss_giou_aux_1: 0.6098 (0.7112)  loss_fgl_aux_1: 1.1784 (1.1446)  loss_ddf_aux_1: 0.0231 (0.0190)  loss_mal_pre: 0.8544 (0.8610)  loss_bbox_pre: 0.0992 (0.1125)  loss_giou_pre: 0.7808 (0.8511)  loss_mal_enc_0: 0.6080 (0.6878)  loss_bbox_enc_0: 0.2736 (0.2590)  loss_giou_enc_0: 1.5847 (1.5504)  loss_mal_dn_0: 0.7474 (0.7469)  loss_bbox_dn_0: 0.0448 (0.0454)  loss_giou_dn_0: 0.5343 (0.5430)  loss_fgl_dn_0: 1.2584 (1.2536)  loss_ddf_dn_0: 0.1240 (0.1491)  loss_mal_dn_1: 0.6806 (0.6818)  loss_bbox_dn_1: 0.0356 (0.0355)  loss_giou_dn_1: 0.4431 (0.4415)  loss_fgl_dn_1: 1.2315 (1.2235)  loss_ddf_dn_1: 0.0041 (0.0048)  loss_mal_dn_2: 0.6751 (0.6790)  loss_bbox_dn_2: 0.0357 (0.0356)  loss_giou_dn_2: 0.4508 (0.4420)  loss_fgl_dn_2: 1.2336 (1.2249)  loss_ddf_dn_2: -0.0000 (0.0000)  loss_mal_dn_pre: 0.7453 (0.7448)  loss_bbox_dn_pre: 0.0449 (0.0454)  loss_giou_dn_pre: 0.5357 (0.5424)
Test:  [0/9]  eta: 0:00:02    time: 0.3155  data: 0.2536  max mem: 5225
Test:  [8/9]  eta: 0:00:00    time: 0.1034  data: 0.0439  max mem: 5225
Test: Total time: 0:00:00 (0.1076 s / it)
Metrics: {'f1': 0.7773279352226721, 'precision': 0.9320388349514563, 'recall': 0.6666666666666666, 'iou': 0.45364255423577415, 'TPs': 96, 'FPs': 7, 'FNs': 48}
Averaged stats: 
Accumulating evaluation results...
COCOeval_opt.accumulate() finished...
DONE (t=0.01s).
IoU metric: bbox
 Average Precision  (AP) @[ IoU=0.50:0.95 | area=   all | maxDets=100 ] = 0.334
 Average Precision  (AP) @[ IoU=0.50      | area=   all | maxDets=100 ] = 0.886
 Average Precision  (AP) @[ IoU=0.75      | area=   all | maxDets=100 ] = 0.133
 Average Precision  (AP) @[ IoU=0.50:0.95 | area= small | maxDets=100 ] = 0.334
 Average Precision  (AP) @[ IoU=0.50:0.95 | area=medium | maxDets=100 ] = -1.000
 Average Precision  (AP) @[ IoU=0.50:0.95 | area= large | maxDets=100 ] = -1.000
 Average Recall     (AR) @[ IoU=0.50:0.95 | area=   all | maxDets=  1 ] = 0.181
 Average Recall     (AR) @[ IoU=0.50:0.95 | area=   all | maxDets= 10 ] = 0.510
 Average Recall     (AR) @[ IoU=0.50:0.95 | area=   all | maxDets=100 ] = 0.597
 Average Recall     (AR) @[ IoU=0.50:0.95 | area= small | maxDets=100 ] = 0.597
 Average Recall     (AR) @[ IoU=0.50:0.95 | area=medium | maxDets=100 ] = -1.000
 Average Recall     (AR) @[ IoU=0.50:0.95 | area= large | maxDets=100 ] = -1.000
 Average Recall     (AR) @[ IoU=0.50      | area=   all | maxDets=100 ] = 0.986
 Average Recall     (AR) @[ IoU=0.75      | area=   all | maxDets=100 ] = 0.604
best_stat: {'epoch': 5, 'coco_eval_bbox': 0.33397119036011885}
Epoch: [6/30]  [ 0/44]  eta: 0:00:23  lr: 0.000100  loss: 21.0898 (21.0898)  loss_mal: 0.8006 (0.8006)  loss_bbox: 0.0426 (0.0426)  loss_giou: 0.5061 (0.5061)  loss_fgl: 1.2087 (1.2087)  loss_mal_aux_0: 0.8509 (0.8509)  loss_bbox_aux_0: 0.0798 (0.0798)  loss_giou_aux_0: 0.7405 (0.7405)  loss_fgl_aux_0: 1.1726 (1.1726)  loss_ddf_aux_0: 0.2503 (0.2503)  loss_mal_aux_1: 0.7750 (0.7750)  loss_bbox_aux_1: 0.0423 (0.0423)  loss_giou_aux_1: 0.5011 (0.5011)  loss_fgl_aux_1: 1.2109 (1.2109)  loss_ddf_aux_1: 0.0241 (0.0241)  loss_mal_pre: 0.8368 (0.8368)  loss_bbox_pre: 0.0827 (0.0827)  loss_giou_pre: 0.7483 (0.7483)  loss_mal_enc_0: 0.6667 (0.6667)  loss_bbox_enc_0: 0.2774 (0.2774)  loss_giou_enc_0: 1.5550 (1.5550)  loss_mal_dn_0: 0.7380 (0.7380)  loss_bbox_dn_0: 0.0431 (0.0431)  loss_giou_dn_0: 0.5406 (0.5406)  loss_fgl_dn_0: 1.2483 (1.2483)  loss_ddf_dn_0: 0.1181 (0.1181)  loss_mal_dn_1: 0.6738 (0.6738)  loss_bbox_dn_1: 0.0333 (0.0333)  loss_giou_dn_1: 0.4285 (0.4285)  loss_fgl_dn_1: 1.2166 (1.2166)  loss_ddf_dn_1: 0.0040 (0.0040)  loss_mal_dn_2: 0.6697 (0.6697)  loss_bbox_dn_2: 0.0337 (0.0337)  loss_giou_dn_2: 0.4322 (0.4322)  loss_fgl_dn_2: 1.2198 (1.2198)  loss_ddf_dn_2: -0.0000 (0.0000)  loss_mal_dn_pre: 0.7370 (0.7370)  loss_bbox_dn_pre: 0.0429 (0.0429)  loss_giou_dn_pre: 0.5378 (0.5378)  time: 0.5270  data: 0.2400  max mem: 5225
Epoch: [6/30]  [10/44]  eta: 0:00:10  lr: 0.000100  loss: 21.2458 (21.3978)  loss_mal: 0.7421 (0.7596)  loss_bbox: 0.0547 (0.0595)  loss_giou: 0.5903 (0.6094)  loss_fgl: 1.1949 (1.1888)  loss_mal_aux_0: 0.9160 (0.9057)  loss_bbox_aux_0: 0.0862 (0.0874)  loss_giou_aux_0: 0.7576 (0.7787)  loss_fgl_aux_0: 1.1726 (1.1666)  loss_ddf_aux_0: 0.2095 (0.2064)  loss_mal_aux_1: 0.7750 (0.7816)  loss_bbox_aux_1: 0.0545 (0.0616)  loss_giou_aux_1: 0.6200 (0.6338)  loss_fgl_aux_1: 1.1955 (1.1834)  loss_ddf_aux_1: 0.0155 (0.0168)  loss_mal_pre: 0.8981 (0.8920)  loss_bbox_pre: 0.0827 (0.0866)  loss_giou_pre: 0.7498 (0.7772)  loss_mal_enc_0: 0.6667 (0.6487)  loss_bbox_enc_0: 0.2127 (0.2158)  loss_giou_enc_0: 1.4923 (1.5333)  loss_mal_dn_0: 0.7451 (0.7434)  loss_bbox_dn_0: 0.0481 (0.0467)  loss_giou_dn_0: 0.5562 (0.5535)  loss_fgl_dn_0: 1.2483 (1.2531)  loss_ddf_dn_0: 0.1443 (0.1426)  loss_mal_dn_1: 0.6749 (0.6770)  loss_bbox_dn_1: 0.0342 (0.0345)  loss_giou_dn_1: 0.4285 (0.4307)  loss_fgl_dn_1: 1.2166 (1.2195)  loss_ddf_dn_1: 0.0044 (0.0041)  loss_mal_dn_2: 0.6707 (0.6715)  loss_bbox_dn_2: 0.0342 (0.0345)  loss_giou_dn_2: 0.4227 (0.4302)  loss_fgl_dn_2: 1.2198 (1.2208)  loss_ddf_dn_2: -0.0000 (0.0000)  loss_mal_dn_pre: 0.7424 (0.7414)  loss_bbox_dn_pre: 0.0481 (0.0468)  loss_giou_dn_pre: 0.5581 (0.5547)  time: 0.3055  data: 0.0358  max mem: 5225
Epoch: [6/30]  [20/44]  eta: 0:00:07  lr: 0.000100  loss: 21.2458 (21.4871)  loss_mal: 0.7421 (0.7534)  loss_bbox: 0.0547 (0.0717)  loss_giou: 0.5903 (0.6507)  loss_fgl: 1.1869 (1.1612)  loss_mal_aux_0: 0.9180 (0.9084)  loss_bbox_aux_0: 0.0862 (0.1037)  loss_giou_aux_0: 0.7576 (0.8113)  loss_fgl_aux_0: 1.1582 (1.1349)  loss_ddf_aux_0: 0.2008 (0.1987)  loss_mal_aux_1: 0.7621 (0.7682)  loss_bbox_aux_1: 0.0545 (0.0767)  loss_giou_aux_1: 0.6200 (0.6803)  loss_fgl_aux_1: 1.1723 (1.1532)  loss_ddf_aux_1: 0.0144 (0.0159)  loss_mal_pre: 0.9071 (0.8947)  loss_bbox_pre: 0.0825 (0.1029)  loss_giou_pre: 0.7498 (0.8104)  loss_mal_enc_0: 0.6662 (0.6547)  loss_bbox_enc_0: 0.2123 (0.2304)  loss_giou_enc_0: 1.4702 (1.5376)  loss_mal_dn_0: 0.7446 (0.7430)  loss_bbox_dn_0: 0.0467 (0.0466)  loss_giou_dn_0: 0.5517 (0.5496)  loss_fgl_dn_0: 1.2439 (1.2489)  loss_ddf_dn_0: 0.1443 (0.1415)  loss_mal_dn_1: 0.6746 (0.6747)  loss_bbox_dn_1: 0.0342 (0.0343)  loss_giou_dn_1: 0.4197 (0.4269)  loss_fgl_dn_1: 1.2101 (1.2140)  loss_ddf_dn_1: 0.0041 (0.0039)  loss_mal_dn_2: 0.6706 (0.6710)  loss_bbox_dn_2: 0.0339 (0.0344)  loss_giou_dn_2: 0.4171 (0.4269)  loss_fgl_dn_2: 1.2108 (1.2149)  loss_ddf_dn_2: -0.0000 (0.0000)  loss_mal_dn_pre: 0.7424 (0.7415)  loss_bbox_dn_pre: 0.0467 (0.0466)  loss_giou_dn_pre: 0.5516 (0.5492)  time: 0.2834  data: 0.0153  max mem: 5225
Epoch: [6/30]  [30/44]  eta: 0:00:04  lr: 0.000100  loss: 21.2416 (21.4204)  loss_mal: 0.7304 (0.7449)  loss_bbox: 0.0630 (0.0737)  loss_giou: 0.6170 (0.6481)  loss_fgl: 1.1692 (1.1703)  loss_mal_aux_0: 0.9424 (0.9344)  loss_bbox_aux_0: 0.0763 (0.1010)  loss_giou_aux_0: 0.7585 (0.7880)  loss_fgl_aux_0: 1.1425 (1.1470)  loss_ddf_aux_0: 0.1671 (0.1856)  loss_mal_aux_1: 0.7495 (0.7624)  loss_bbox_aux_1: 0.0635 (0.0787)  loss_giou_aux_1: 0.6360 (0.6712)  loss_fgl_aux_1: 1.1701 (1.1650)  loss_ddf_aux_1: 0.0123 (0.0146)  loss_mal_pre: 0.9193 (0.9190)  loss_bbox_pre: 0.0780 (0.1007)  loss_giou_pre: 0.7602 (0.7864)  loss_mal_enc_0: 0.7271 (0.6866)  loss_bbox_enc_0: 0.1740 (0.2146)  loss_giou_enc_0: 1.4043 (1.4681)  loss_mal_dn_0: 0.7394 (0.7414)  loss_bbox_dn_0: 0.0447 (0.0462)  loss_giou_dn_0: 0.5370 (0.5463)  loss_fgl_dn_0: 1.2403 (1.2513)  loss_ddf_dn_0: 0.1309 (0.1405)  loss_mal_dn_1: 0.6720 (0.6738)  loss_bbox_dn_1: 0.0334 (0.0342)  loss_giou_dn_1: 0.4241 (0.4269)  loss_fgl_dn_1: 1.2101 (1.2158)  loss_ddf_dn_1: 0.0034 (0.0037)  loss_mal_dn_2: 0.6703 (0.6700)  loss_bbox_dn_2: 0.0337 (0.0342)  loss_giou_dn_2: 0.4234 (0.4270)  loss_fgl_dn_2: 1.2091 (1.2167)  loss_ddf_dn_2: -0.0000 (0.0000)  loss_mal_dn_pre: 0.7388 (0.7404)  loss_bbox_dn_pre: 0.0446 (0.0462)  loss_giou_dn_pre: 0.5379 (0.5457)  time: 0.2834  data: 0.0152  max mem: 5225
Epoch: [6/30]  [40/44]  eta: 0:00:01  lr: 0.000100  loss: 21.3712 (21.4823)  loss_mal: 0.7228 (0.7356)  loss_bbox: 0.0808 (0.0827)  loss_giou: 0.6552 (0.6715)  loss_fgl: 1.1546 (1.1639)  loss_mal_aux_0: 0.9547 (0.9334)  loss_bbox_aux_0: 0.1039 (0.1079)  loss_giou_aux_0: 0.7762 (0.7917)  loss_fgl_aux_0: 1.1425 (1.1452)  loss_ddf_aux_0: 0.1459 (0.1733)  loss_mal_aux_1: 0.7469 (0.7559)  loss_bbox_aux_1: 0.0862 (0.0878)  loss_giou_aux_1: 0.6737 (0.6898)  loss_fgl_aux_1: 1.1540 (1.1598)  loss_ddf_aux_1: 0.0100 (0.0133)  loss_mal_pre: 0.9464 (0.9211)  loss_bbox_pre: 0.1048 (0.1081)  loss_giou_pre: 0.7728 (0.7907)  loss_mal_enc_0: 0.7681 (0.7207)  loss_bbox_enc_0: 0.1740 (0.2121)  loss_giou_enc_0: 1.2954 (1.4312)  loss_mal_dn_0: 0.7351 (0.7394)  loss_bbox_dn_0: 0.0435 (0.0461)  loss_giou_dn_0: 0.5370 (0.5459)  loss_fgl_dn_0: 1.2562 (1.2552)  loss_ddf_dn_0: 0.1547 (0.1494)  loss_mal_dn_1: 0.6744 (0.6745)  loss_bbox_dn_1: 0.0339 (0.0345)  loss_giou_dn_1: 0.4344 (0.4298)  loss_fgl_dn_1: 1.2233 (1.2212)  loss_ddf_dn_1: 0.0033 (0.0037)  loss_mal_dn_2: 0.6705 (0.6712)  loss_bbox_dn_2: 0.0337 (0.0345)  loss_giou_dn_2: 0.4318 (0.4294)  loss_fgl_dn_2: 1.2222 (1.2218)  loss_ddf_dn_2: -0.0000 (0.0000)  loss_mal_dn_pre: 0.7348 (0.7385)  loss_bbox_dn_pre: 0.0433 (0.0460)  loss_giou_dn_pre: 0.5379 (0.5452)  time: 0.2922  data: 0.0152  max mem: 5225
Epoch: [6/30]  [43/44]  eta: 0:00:00  lr: 0.000100  loss: 21.3576 (21.4761)  loss_mal: 0.7284 (0.7351)  loss_bbox: 0.0725 (0.0818)  loss_giou: 0.6539 (0.6691)  loss_fgl: 1.1406 (1.1604)  loss_mal_aux_0: 0.9448 (0.9277)  loss_bbox_aux_0: 0.1065 (0.1081)  loss_giou_aux_0: 0.7762 (0.7997)  loss_fgl_aux_0: 1.1404 (1.1377)  loss_ddf_aux_0: 0.1439 (0.1740)  loss_mal_aux_1: 0.7469 (0.7567)  loss_bbox_aux_1: 0.0726 (0.0870)  loss_giou_aux_1: 0.6650 (0.6884)  loss_fgl_aux_1: 1.1420 (1.1558)  loss_ddf_aux_1: 0.0100 (0.0136)  loss_mal_pre: 0.9280 (0.9167)  loss_bbox_pre: 0.1041 (0.1083)  loss_giou_pre: 0.7728 (0.7980)  loss_mal_enc_0: 0.8001 (0.7270)  loss_bbox_enc_0: 0.1663 (0.2143)  loss_giou_enc_0: 1.2954 (1.4360)  loss_mal_dn_0: 0.7338 (0.7386)  loss_bbox_dn_0: 0.0435 (0.0461)  loss_giou_dn_0: 0.5325 (0.5443)  loss_fgl_dn_0: 1.2537 (1.2548)  loss_ddf_dn_0: 0.1548 (0.1488)  loss_mal_dn_1: 0.6728 (0.6743)  loss_bbox_dn_1: 0.0339 (0.0346)  loss_giou_dn_1: 0.4321 (0.4298)  loss_fgl_dn_1: 1.2220 (1.2211)  loss_ddf_dn_1: 0.0034 (0.0037)  loss_mal_dn_2: 0.6705 (0.6712)  loss_bbox_dn_2: 0.0337 (0.0346)  loss_giou_dn_2: 0.4318 (0.4296)  loss_fgl_dn_2: 1.2222 (1.2218)  loss_ddf_dn_2: -0.0000 (0.0000)  loss_mal_dn_pre: 0.7336 (0.7376)  loss_bbox_dn_pre: 0.0433 (0.0460)  loss_giou_dn_pre: 0.5318 (0.5437)  time: 0.2892  data: 0.0150  max mem: 5225
Epoch: [6/30] Total time: 0:00:12 (0.2930 s / it)
Averaged stats: lr: 0.000100  loss: 21.3576 (21.4761)  loss_mal: 0.7284 (0.7351)  loss_bbox: 0.0725 (0.0818)  loss_giou: 0.6539 (0.6691)  loss_fgl: 1.1406 (1.1604)  loss_mal_aux_0: 0.9448 (0.9277)  loss_bbox_aux_0: 0.1065 (0.1081)  loss_giou_aux_0: 0.7762 (0.7997)  loss_fgl_aux_0: 1.1404 (1.1377)  loss_ddf_aux_0: 0.1439 (0.1740)  loss_mal_aux_1: 0.7469 (0.7567)  loss_bbox_aux_1: 0.0726 (0.0870)  loss_giou_aux_1: 0.6650 (0.6884)  loss_fgl_aux_1: 1.1420 (1.1558)  loss_ddf_aux_1: 0.0100 (0.0136)  loss_mal_pre: 0.9280 (0.9167)  loss_bbox_pre: 0.1041 (0.1083)  loss_giou_pre: 0.7728 (0.7980)  loss_mal_enc_0: 0.8001 (0.7270)  loss_bbox_enc_0: 0.1663 (0.2143)  loss_giou_enc_0: 1.2954 (1.4360)  loss_mal_dn_0: 0.7338 (0.7386)  loss_bbox_dn_0: 0.0435 (0.0461)  loss_giou_dn_0: 0.5325 (0.5443)  loss_fgl_dn_0: 1.2537 (1.2548)  loss_ddf_dn_0: 0.1548 (0.1488)  loss_mal_dn_1: 0.6728 (0.6743)  loss_bbox_dn_1: 0.0339 (0.0346)  loss_giou_dn_1: 0.4321 (0.4298)  loss_fgl_dn_1: 1.2220 (1.2211)  loss_ddf_dn_1: 0.0034 (0.0037)  loss_mal_dn_2: 0.6705 (0.6712)  loss_bbox_dn_2: 0.0337 (0.0346)  loss_giou_dn_2: 0.4318 (0.4296)  loss_fgl_dn_2: 1.2222 (1.2218)  loss_ddf_dn_2: -0.0000 (0.0000)  loss_mal_dn_pre: 0.7336 (0.7376)  loss_bbox_dn_pre: 0.0433 (0.0460)  loss_giou_dn_pre: 0.5318 (0.5437)
Test:  [0/9]  eta: 0:00:02    time: 0.3087  data: 0.2473  max mem: 5225
Test:  [8/9]  eta: 0:00:00    time: 0.0996  data: 0.0433  max mem: 5225
Test: Total time: 0:00:00 (0.1038 s / it)
Metrics: {'f1': 0.7999999999999999, 'precision': 0.896551724137931, 'recall': 0.7222222222222222, 'iou': 0.47320396510454327, 'TPs': 104, 'FPs': 12, 'FNs': 40}
Averaged stats: 
Accumulating evaluation results...
COCOeval_opt.accumulate() finished...
DONE (t=0.01s).
IoU metric: bbox
 Average Precision  (AP) @[ IoU=0.50:0.95 | area=   all | maxDets=100 ] = 0.345
 Average Precision  (AP) @[ IoU=0.50      | area=   all | maxDets=100 ] = 0.880
 Average Precision  (AP) @[ IoU=0.75      | area=   all | maxDets=100 ] = 0.148
 Average Precision  (AP) @[ IoU=0.50:0.95 | area= small | maxDets=100 ] = 0.345
 Average Precision  (AP) @[ IoU=0.50:0.95 | area=medium | maxDets=100 ] = -1.000
 Average Precision  (AP) @[ IoU=0.50:0.95 | area= large | maxDets=100 ] = -1.000
 Average Recall     (AR) @[ IoU=0.50:0.95 | area=   all | maxDets=  1 ] = 0.201
 Average Recall     (AR) @[ IoU=0.50:0.95 | area=   all | maxDets= 10 ] = 0.478
 Average Recall     (AR) @[ IoU=0.50:0.95 | area=   all | maxDets=100 ] = 0.608
 Average Recall     (AR) @[ IoU=0.50:0.95 | area= small | maxDets=100 ] = 0.608
 Average Recall     (AR) @[ IoU=0.50:0.95 | area=medium | maxDets=100 ] = -1.000
 Average Recall     (AR) @[ IoU=0.50:0.95 | area= large | maxDets=100 ] = -1.000
 Average Recall     (AR) @[ IoU=0.50      | area=   all | maxDets=100 ] = 0.958
 Average Recall     (AR) @[ IoU=0.75      | area=   all | maxDets=100 ] = 0.667
best_stat: {'epoch': 6, 'coco_eval_bbox': 0.3450922579604763}
Epoch: [7/30]  [ 0/44]  eta: 0:00:23  lr: 0.000100  loss: 22.2522 (22.2522)  loss_mal: 0.7212 (0.7212)  loss_bbox: 0.0736 (0.0736)  loss_giou: 0.7048 (0.7048)  loss_fgl: 1.1179 (1.1179)  loss_mal_aux_0: 0.8688 (0.8688)  loss_bbox_aux_0: 0.1261 (0.1261)  loss_giou_aux_0: 0.9033 (0.9033)  loss_fgl_aux_0: 1.0447 (1.0447)  loss_ddf_aux_0: 0.2197 (0.2197)  loss_mal_aux_1: 0.7487 (0.7487)  loss_bbox_aux_1: 0.0764 (0.0764)  loss_giou_aux_1: 0.7531 (0.7531)  loss_fgl_aux_1: 1.1066 (1.1066)  loss_ddf_aux_1: 0.0269 (0.0269)  loss_mal_pre: 0.8788 (0.8788)  loss_bbox_pre: 0.1284 (0.1284)  loss_giou_pre: 0.9018 (0.9018)  loss_mal_enc_0: 0.8460 (0.8460)  loss_bbox_enc_0: 0.2992 (0.2992)  loss_giou_enc_0: 1.7762 (1.7762)  loss_mal_dn_0: 0.7402 (0.7402)  loss_bbox_dn_0: 0.0484 (0.0484)  loss_giou_dn_0: 0.5642 (0.5642)  loss_fgl_dn_0: 1.2642 (1.2642)  loss_ddf_dn_0: 0.1245 (0.1245)  loss_mal_dn_1: 0.6817 (0.6817)  loss_bbox_dn_1: 0.0372 (0.0372)  loss_giou_dn_1: 0.4650 (0.4650)  loss_fgl_dn_1: 1.2340 (1.2340)  loss_ddf_dn_1: 0.0029 (0.0029)  loss_mal_dn_2: 0.6816 (0.6816)  loss_bbox_dn_2: 0.0371 (0.0371)  loss_giou_dn_2: 0.4645 (0.4645)  loss_fgl_dn_2: 1.2333 (1.2333)  loss_ddf_dn_2: -0.0000 (0.0000)  loss_mal_dn_pre: 0.7377 (0.7377)  loss_bbox_dn_pre: 0.0485 (0.0485)  loss_giou_dn_pre: 0.5651 (0.5651)  time: 0.5363  data: 0.2434  max mem: 5225
Epoch: [7/30]  [10/44]  eta: 0:00:10  lr: 0.000100  loss: 21.1815 (21.2687)  loss_mal: 0.7482 (0.7550)  loss_bbox: 0.0512 (0.0529)  loss_giou: 0.5820 (0.5867)  loss_fgl: 1.2317 (1.2269)  loss_mal_aux_0: 0.9491 (0.9401)  loss_bbox_aux_0: 0.0571 (0.0643)  loss_giou_aux_0: 0.6304 (0.6679)  loss_fgl_aux_0: 1.2262 (1.2183)  loss_ddf_aux_0: 0.1656 (0.1699)  loss_mal_aux_1: 0.7695 (0.7725)  loss_bbox_aux_1: 0.0531 (0.0541)  loss_giou_aux_1: 0.5837 (0.5986)  loss_fgl_aux_1: 1.2309 (1.2240)  loss_ddf_aux_1: 0.0111 (0.0131)  loss_mal_pre: 0.9212 (0.9308)  loss_bbox_pre: 0.0568 (0.0647)  loss_giou_pre: 0.6380 (0.6695)  loss_mal_enc_0: 0.8460 (0.8545)  loss_bbox_enc_0: 0.1320 (0.1541)  loss_giou_enc_0: 1.2305 (1.3229)  loss_mal_dn_0: 0.7434 (0.7432)  loss_bbox_dn_0: 0.0491 (0.0501)  loss_giou_dn_0: 0.5642 (0.5712)  loss_fgl_dn_0: 1.2626 (1.2649)  loss_ddf_dn_0: 0.1324 (0.1430)  loss_mal_dn_1: 0.6804 (0.6804)  loss_bbox_dn_1: 0.0381 (0.0378)  loss_giou_dn_1: 0.4525 (0.4557)  loss_fgl_dn_1: 1.2313 (1.2238)  loss_ddf_dn_1: 0.0034 (0.0035)  loss_mal_dn_2: 0.6773 (0.6785)  loss_bbox_dn_2: 0.0384 (0.0379)  loss_giou_dn_2: 0.4529 (0.4561)  loss_fgl_dn_2: 1.2296 (1.2245)  loss_ddf_dn_2: -0.0000 (0.0000)  loss_mal_dn_pre: 0.7408 (0.7400)  loss_bbox_dn_pre: 0.0485 (0.0497)  loss_giou_dn_pre: 0.5651 (0.5676)  time: 0.3097  data: 0.0357  max mem: 5225
Epoch: [7/30]  [20/44]  eta: 0:00:07  lr: 0.000100  loss: 20.9317 (21.0185)  loss_mal: 0.7461 (0.7547)  loss_bbox: 0.0475 (0.0521)  loss_giou: 0.5460 (0.5654)  loss_fgl: 1.2361 (1.2305)  loss_mal_aux_0: 0.9491 (0.9414)  loss_bbox_aux_0: 0.0533 (0.0604)  loss_giou_aux_0: 0.6024 (0.6360)  loss_fgl_aux_0: 1.2398 (1.2236)  loss_ddf_aux_0: 0.1402 (0.1532)  loss_mal_aux_1: 0.7800 (0.7913)  loss_bbox_aux_1: 0.0475 (0.0530)  loss_giou_aux_1: 0.5479 (0.5726)  loss_fgl_aux_1: 1.2358 (1.2279)  loss_ddf_aux_1: 0.0098 (0.0109)  loss_mal_pre: 0.9299 (0.9332)  loss_bbox_pre: 0.0535 (0.0606)  loss_giou_pre: 0.6027 (0.6364)  loss_mal_enc_0: 0.9056 (0.8811)  loss_bbox_enc_0: 0.1310 (0.1432)  loss_giou_enc_0: 1.1672 (1.2447)  loss_mal_dn_0: 0.7368 (0.7378)  loss_bbox_dn_0: 0.0479 (0.0474)  loss_giou_dn_0: 0.5433 (0.5557)  loss_fgl_dn_0: 1.2598 (1.2608)  loss_ddf_dn_0: 0.1324 (0.1376)  loss_mal_dn_1: 0.6791 (0.6777)  loss_bbox_dn_1: 0.0361 (0.0366)  loss_giou_dn_1: 0.4468 (0.4471)  loss_fgl_dn_1: 1.2267 (1.2240)  loss_ddf_dn_1: 0.0034 (0.0036)  loss_mal_dn_2: 0.6754 (0.6768)  loss_bbox_dn_2: 0.0363 (0.0364)  loss_giou_dn_2: 0.4449 (0.4450)  loss_fgl_dn_2: 1.2270 (1.2237)  loss_ddf_dn_2: -0.0000 (0.0000)  loss_mal_dn_pre: 0.7348 (0.7360)  loss_bbox_dn_pre: 0.0479 (0.0470)  loss_giou_dn_pre: 0.5386 (0.5531)  time: 0.2852  data: 0.0150  max mem: 5225
Epoch: [7/30]  [30/44]  eta: 0:00:04  lr: 0.000100  loss: 20.6936 (20.8685)  loss_mal: 0.7404 (0.7502)  loss_bbox: 0.0452 (0.0502)  loss_giou: 0.5298 (0.5547)  loss_fgl: 1.2467 (1.2342)  loss_mal_aux_0: 0.9587 (0.9514)  loss_bbox_aux_0: 0.0464 (0.0567)  loss_giou_aux_0: 0.5614 (0.6149)  loss_fgl_aux_0: 1.2489 (1.2299)  loss_ddf_aux_0: 0.1258 (0.1442)  loss_mal_aux_1: 0.7857 (0.7875)  loss_bbox_aux_1: 0.0448 (0.0508)  loss_giou_aux_1: 0.5293 (0.5608)  loss_fgl_aux_1: 1.2475 (1.2323)  loss_ddf_aux_1: 0.0072 (0.0096)  loss_mal_pre: 0.9428 (0.9428)  loss_bbox_pre: 0.0466 (0.0567)  loss_giou_pre: 0.5663 (0.6151)  loss_mal_enc_0: 0.9076 (0.8765)  loss_bbox_enc_0: 0.1115 (0.1341)  loss_giou_enc_0: 1.1676 (1.2358)  loss_mal_dn_0: 0.7296 (0.7349)  loss_bbox_dn_0: 0.0428 (0.0458)  loss_giou_dn_0: 0.5227 (0.5439)  loss_fgl_dn_0: 1.2570 (1.2588)  loss_ddf_dn_0: 0.1219 (0.1314)  loss_mal_dn_1: 0.6703 (0.6741)  loss_bbox_dn_1: 0.0337 (0.0355)  loss_giou_dn_1: 0.4253 (0.4388)  loss_fgl_dn_1: 1.2228 (1.2234)  loss_ddf_dn_1: 0.0031 (0.0032)  loss_mal_dn_2: 0.6690 (0.6730)  loss_bbox_dn_2: 0.0336 (0.0354)  loss_giou_dn_2: 0.4225 (0.4373)  loss_fgl_dn_2: 1.2234 (1.2234)  loss_ddf_dn_2: -0.0000 (0.0000)  loss_mal_dn_pre: 0.7288 (0.7333)  loss_bbox_dn_pre: 0.0429 (0.0455)  loss_giou_dn_pre: 0.5216 (0.5424)  time: 0.2828  data: 0.0151  max mem: 5225
Epoch: [7/30]  [40/44]  eta: 0:00:01  lr: 0.000100  loss: 20.6432 (20.8546)  loss_mal: 0.7329 (0.7457)  loss_bbox: 0.0463 (0.0498)  loss_giou: 0.5325 (0.5545)  loss_fgl: 1.2399 (1.2359)  loss_mal_aux_0: 0.9637 (0.9563)  loss_bbox_aux_0: 0.0504 (0.0563)  loss_giou_aux_0: 0.5909 (0.6200)  loss_fgl_aux_0: 1.2489 (1.2298)  loss_ddf_aux_0: 0.1220 (0.1388)  loss_mal_aux_1: 0.7533 (0.7800)  loss_bbox_aux_1: 0.0463 (0.0505)  loss_giou_aux_1: 0.5300 (0.5616)  loss_fgl_aux_1: 1.2403 (1.2342)  loss_ddf_aux_1: 0.0068 (0.0092)  loss_mal_pre: 0.9482 (0.9466)  loss_bbox_pre: 0.0514 (0.0563)  loss_giou_pre: 0.5839 (0.6200)  loss_mal_enc_0: 0.8526 (0.8760)  loss_bbox_enc_0: 0.1115 (0.1303)  loss_giou_enc_0: 1.2304 (1.2416)  loss_mal_dn_0: 0.7318 (0.7364)  loss_bbox_dn_0: 0.0433 (0.0458)  loss_giou_dn_0: 0.5227 (0.5439)  loss_fgl_dn_0: 1.2500 (1.2551)  loss_ddf_dn_0: 0.1099 (0.1267)  loss_mal_dn_1: 0.6697 (0.6737)  loss_bbox_dn_1: 0.0338 (0.0353)  loss_giou_dn_1: 0.4212 (0.4371)  loss_fgl_dn_1: 1.2151 (1.2194)  loss_ddf_dn_1: 0.0020 (0.0029)  loss_mal_dn_2: 0.6688 (0.6720)  loss_bbox_dn_2: 0.0340 (0.0351)  loss_giou_dn_2: 0.4209 (0.4355)  loss_fgl_dn_2: 1.2145 (1.2194)  loss_ddf_dn_2: -0.0000 (0.0000)  loss_mal_dn_pre: 0.7303 (0.7347)  loss_bbox_dn_pre: 0.0434 (0.0456)  loss_giou_dn_pre: 0.5232 (0.5424)  time: 0.2818  data: 0.0151  max mem: 5225
Epoch: [7/30]  [43/44]  eta: 0:00:00  lr: 0.000100  loss: 20.5998 (20.8378)  loss_mal: 0.7255 (0.7456)  loss_bbox: 0.0463 (0.0497)  loss_giou: 0.5298 (0.5516)  loss_fgl: 1.2446 (1.2348)  loss_mal_aux_0: 0.9637 (0.9567)  loss_bbox_aux_0: 0.0516 (0.0565)  loss_giou_aux_0: 0.5909 (0.6200)  loss_fgl_aux_0: 1.2511 (1.2280)  loss_ddf_aux_0: 0.1220 (0.1409)  loss_mal_aux_1: 0.7533 (0.7792)  loss_bbox_aux_1: 0.0463 (0.0503)  loss_giou_aux_1: 0.5293 (0.5584)  loss_fgl_aux_1: 1.2444 (1.2332)  loss_ddf_aux_1: 0.0072 (0.0094)  loss_mal_pre: 0.9482 (0.9468)  loss_bbox_pre: 0.0515 (0.0565)  loss_giou_pre: 0.5839 (0.6200)  loss_mal_enc_0: 0.8642 (0.8748)  loss_bbox_enc_0: 0.1108 (0.1312)  loss_giou_enc_0: 1.2304 (1.2417)  loss_mal_dn_0: 0.7318 (0.7359)  loss_bbox_dn_0: 0.0434 (0.0458)  loss_giou_dn_0: 0.5223 (0.5426)  loss_fgl_dn_0: 1.2500 (1.2565)  loss_ddf_dn_0: 0.1099 (0.1278)  loss_mal_dn_1: 0.6688 (0.6724)  loss_bbox_dn_1: 0.0339 (0.0351)  loss_giou_dn_1: 0.4207 (0.4346)  loss_fgl_dn_1: 1.2151 (1.2201)  loss_ddf_dn_1: 0.0020 (0.0029)  loss_mal_dn_2: 0.6673 (0.6707)  loss_bbox_dn_2: 0.0336 (0.0350)  loss_giou_dn_2: 0.4199 (0.4328)  loss_fgl_dn_2: 1.2145 (1.2200)  loss_ddf_dn_2: -0.0000 (0.0000)  loss_mal_dn_pre: 0.7305 (0.7343)  loss_bbox_dn_pre: 0.0437 (0.0455)  loss_giou_dn_pre: 0.5216 (0.5407)  time: 0.2795  data: 0.0149  max mem: 5225
Epoch: [7/30] Total time: 0:00:12 (0.2893 s / it)
Averaged stats: lr: 0.000100  loss: 20.5998 (20.8378)  loss_mal: 0.7255 (0.7456)  loss_bbox: 0.0463 (0.0497)  loss_giou: 0.5298 (0.5516)  loss_fgl: 1.2446 (1.2348)  loss_mal_aux_0: 0.9637 (0.9567)  loss_bbox_aux_0: 0.0516 (0.0565)  loss_giou_aux_0: 0.5909 (0.6200)  loss_fgl_aux_0: 1.2511 (1.2280)  loss_ddf_aux_0: 0.1220 (0.1409)  loss_mal_aux_1: 0.7533 (0.7792)  loss_bbox_aux_1: 0.0463 (0.0503)  loss_giou_aux_1: 0.5293 (0.5584)  loss_fgl_aux_1: 1.2444 (1.2332)  loss_ddf_aux_1: 0.0072 (0.0094)  loss_mal_pre: 0.9482 (0.9468)  loss_bbox_pre: 0.0515 (0.0565)  loss_giou_pre: 0.5839 (0.6200)  loss_mal_enc_0: 0.8642 (0.8748)  loss_bbox_enc_0: 0.1108 (0.1312)  loss_giou_enc_0: 1.2304 (1.2417)  loss_mal_dn_0: 0.7318 (0.7359)  loss_bbox_dn_0: 0.0434 (0.0458)  loss_giou_dn_0: 0.5223 (0.5426)  loss_fgl_dn_0: 1.2500 (1.2565)  loss_ddf_dn_0: 0.1099 (0.1278)  loss_mal_dn_1: 0.6688 (0.6724)  loss_bbox_dn_1: 0.0339 (0.0351)  loss_giou_dn_1: 0.4207 (0.4346)  loss_fgl_dn_1: 1.2151 (1.2201)  loss_ddf_dn_1: 0.0020 (0.0029)  loss_mal_dn_2: 0.6673 (0.6707)  loss_bbox_dn_2: 0.0336 (0.0350)  loss_giou_dn_2: 0.4199 (0.4328)  loss_fgl_dn_2: 1.2145 (1.2200)  loss_ddf_dn_2: -0.0000 (0.0000)  loss_mal_dn_pre: 0.7305 (0.7343)  loss_bbox_dn_pre: 0.0437 (0.0455)  loss_giou_dn_pre: 0.5216 (0.5407)
Test:  [0/9]  eta: 0:00:02    time: 0.3147  data: 0.2530  max mem: 5225
Test:  [8/9]  eta: 0:00:00    time: 0.1013  data: 0.0447  max mem: 5225
Test: Total time: 0:00:00 (0.1053 s / it)
Metrics: {'f1': 0.8333333333333334, 'precision': 0.8712121212121212, 'recall': 0.7986111111111112, 'iou': 0.5085965276504896, 'TPs': 115, 'FPs': 17, 'FNs': 29}
Averaged stats: 
Accumulating evaluation results...
COCOeval_opt.accumulate() finished...
DONE (t=0.01s).
IoU metric: bbox
 Average Precision  (AP) @[ IoU=0.50:0.95 | area=   all | maxDets=100 ] = 0.350
 Average Precision  (AP) @[ IoU=0.50      | area=   all | maxDets=100 ] = 0.885
 Average Precision  (AP) @[ IoU=0.75      | area=   all | maxDets=100 ] = 0.171
 Average Precision  (AP) @[ IoU=0.50:0.95 | area= small | maxDets=100 ] = 0.350
 Average Precision  (AP) @[ IoU=0.50:0.95 | area=medium | maxDets=100 ] = -1.000
 Average Precision  (AP) @[ IoU=0.50:0.95 | area= large | maxDets=100 ] = -1.000
 Average Recall     (AR) @[ IoU=0.50:0.95 | area=   all | maxDets=  1 ] = 0.195
 Average Recall     (AR) @[ IoU=0.50:0.95 | area=   all | maxDets= 10 ] = 0.515
 Average Recall     (AR) @[ IoU=0.50:0.95 | area=   all | maxDets=100 ] = 0.645
 Average Recall     (AR) @[ IoU=0.50:0.95 | area= small | maxDets=100 ] = 0.645
 Average Recall     (AR) @[ IoU=0.50:0.95 | area=medium | maxDets=100 ] = -1.000
 Average Recall     (AR) @[ IoU=0.50:0.95 | area= large | maxDets=100 ] = -1.000
 Average Recall     (AR) @[ IoU=0.50      | area=   all | maxDets=100 ] = 0.986
 Average Recall     (AR) @[ IoU=0.75      | area=   all | maxDets=100 ] = 0.757
best_stat: {'epoch': 7, 'coco_eval_bbox': 0.3499202295032703}
Epoch: [8/30]  [ 0/44]  eta: 0:00:23  lr: 0.000100  loss: 21.0167 (21.0167)  loss_mal: 0.7383 (0.7383)  loss_bbox: 0.0600 (0.0600)  loss_giou: 0.5422 (0.5422)  loss_fgl: 1.2914 (1.2914)  loss_mal_aux_0: 0.9463 (0.9463)  loss_bbox_aux_0: 0.0632 (0.0632)  loss_giou_aux_0: 0.5824 (0.5824)  loss_fgl_aux_0: 1.2716 (1.2716)  loss_ddf_aux_0: 0.1625 (0.1625)  loss_mal_aux_1: 0.7237 (0.7237)  loss_bbox_aux_1: 0.0602 (0.0602)  loss_giou_aux_1: 0.5445 (0.5445)  loss_fgl_aux_1: 1.2891 (1.2891)  loss_ddf_aux_1: 0.0121 (0.0121)  loss_mal_pre: 0.9428 (0.9428)  loss_bbox_pre: 0.0636 (0.0636)  loss_giou_pre: 0.5805 (0.5805)  loss_mal_enc_0: 1.0943 (1.0943)  loss_bbox_enc_0: 0.1077 (0.1077)  loss_giou_enc_0: 1.0353 (1.0353)  loss_mal_dn_0: 0.7293 (0.7293)  loss_bbox_dn_0: 0.0579 (0.0579)  loss_giou_dn_0: 0.5576 (0.5576)  loss_fgl_dn_0: 1.2866 (1.2866)  loss_ddf_dn_0: 0.2047 (0.2047)  loss_mal_dn_1: 0.6709 (0.6709)  loss_bbox_dn_1: 0.0394 (0.0394)  loss_giou_dn_1: 0.4118 (0.4118)  loss_fgl_dn_1: 1.2349 (1.2349)  loss_ddf_dn_1: 0.0049 (0.0049)  loss_mal_dn_2: 0.6779 (0.6779)  loss_bbox_dn_2: 0.0397 (0.0397)  loss_giou_dn_2: 0.4141 (0.4141)  loss_fgl_dn_2: 1.2360 (1.2360)  loss_ddf_dn_2: -0.0000 (0.0000)  loss_mal_dn_pre: 0.7291 (0.7291)  loss_bbox_dn_pre: 0.0572 (0.0572)  loss_giou_dn_pre: 0.5531 (0.5531)  time: 0.5370  data: 0.2510  max mem: 5225
Epoch: [8/30]  [10/44]  eta: 0:00:10  lr: 0.000100  loss: 20.7693 (20.7768)  loss_mal: 0.7331 (0.7362)  loss_bbox: 0.0495 (0.0510)  loss_giou: 0.5581 (0.5568)  loss_fgl: 1.2330 (1.2393)  loss_mal_aux_0: 0.9611 (0.9872)  loss_bbox_aux_0: 0.0529 (0.0553)  loss_giou_aux_0: 0.5824 (0.6031)  loss_fgl_aux_0: 1.2360 (1.2339)  loss_ddf_aux_0: 0.1625 (0.1575)  loss_mal_aux_1: 0.7237 (0.7368)  loss_bbox_aux_1: 0.0506 (0.0509)  loss_giou_aux_1: 0.5538 (0.5566)  loss_fgl_aux_1: 1.2329 (1.2385)  loss_ddf_aux_1: 0.0114 (0.0117)  loss_mal_pre: 0.9481 (0.9750)  loss_bbox_pre: 0.0524 (0.0552)  loss_giou_pre: 0.5805 (0.6020)  loss_mal_enc_0: 0.8505 (0.8460)  loss_bbox_enc_0: 0.1187 (0.1335)  loss_giou_enc_0: 1.0988 (1.1998)  loss_mal_dn_0: 0.7293 (0.7339)  loss_bbox_dn_0: 0.0447 (0.0464)  loss_giou_dn_0: 0.5410 (0.5393)  loss_fgl_dn_0: 1.2468 (1.2541)  loss_ddf_dn_0: 0.1757 (0.1677)  loss_mal_dn_1: 0.6709 (0.6718)  loss_bbox_dn_1: 0.0362 (0.0350)  loss_giou_dn_1: 0.4191 (0.4256)  loss_fgl_dn_1: 1.2170 (1.2128)  loss_ddf_dn_1: 0.0039 (0.0038)  loss_mal_dn_2: 0.6686 (0.6717)  loss_bbox_dn_2: 0.0355 (0.0351)  loss_giou_dn_2: 0.4181 (0.4251)  loss_fgl_dn_2: 1.2181 (1.2134)  loss_ddf_dn_2: -0.0000 (0.0000)  loss_mal_dn_pre: 0.7291 (0.7324)  loss_bbox_dn_pre: 0.0446 (0.0460)  loss_giou_dn_pre: 0.5362 (0.5364)  time: 0.3049  data: 0.0365  max mem: 5225
Epoch: [8/30]  [20/44]  eta: 0:00:07  lr: 0.000100  loss: 20.5356 (20.5744)  loss_mal: 0.7244 (0.7315)  loss_bbox: 0.0466 (0.0479)  loss_giou: 0.5368 (0.5369)  loss_fgl: 1.2421 (1.2461)  loss_mal_aux_0: 0.9566 (0.9761)  loss_bbox_aux_0: 0.0508 (0.0521)  loss_giou_aux_0: 0.5617 (0.5857)  loss_fgl_aux_0: 1.2479 (1.2430)  loss_ddf_aux_0: 0.1474 (0.1562)  loss_mal_aux_1: 0.7294 (0.7398)  loss_bbox_aux_1: 0.0463 (0.0480)  loss_giou_aux_1: 0.5323 (0.5374)  loss_fgl_aux_1: 1.2438 (1.2454)  loss_ddf_aux_1: 0.0113 (0.0116)  loss_mal_pre: 0.9477 (0.9672)  loss_bbox_pre: 0.0505 (0.0520)  loss_giou_pre: 0.5601 (0.5837)  loss_mal_enc_0: 0.8679 (0.8762)  loss_bbox_enc_0: 0.1094 (0.1208)  loss_giou_enc_0: 1.0817 (1.1568)  loss_mal_dn_0: 0.7296 (0.7317)  loss_bbox_dn_0: 0.0438 (0.0440)  loss_giou_dn_0: 0.5076 (0.5210)  loss_fgl_dn_0: 1.2497 (1.2556)  loss_ddf_dn_0: 0.1434 (0.1521)  loss_mal_dn_1: 0.6641 (0.6665)  loss_bbox_dn_1: 0.0326 (0.0335)  loss_giou_dn_1: 0.4079 (0.4151)  loss_fgl_dn_1: 1.2104 (1.2136)  loss_ddf_dn_1: 0.0033 (0.0035)  loss_mal_dn_2: 0.6637 (0.6670)  loss_bbox_dn_2: 0.0326 (0.0336)  loss_giou_dn_2: 0.4068 (0.4150)  loss_fgl_dn_2: 1.2138 (1.2140)  loss_ddf_dn_2: -0.0000 (0.0000)  loss_mal_dn_pre: 0.7300 (0.7308)  loss_bbox_dn_pre: 0.0436 (0.0438)  loss_giou_dn_pre: 0.5073 (0.5196)  time: 0.2812  data: 0.0149  max mem: 5225
Epoch: [8/30]  [30/44]  eta: 0:00:04  lr: 0.000100  loss: 20.4969 (20.5949)  loss_mal: 0.7238 (0.7266)  loss_bbox: 0.0449 (0.0487)  loss_giou: 0.5041 (0.5379)  loss_fgl: 1.2465 (1.2424)  loss_mal_aux_0: 0.9566 (0.9818)  loss_bbox_aux_0: 0.0501 (0.0542)  loss_giou_aux_0: 0.5617 (0.5952)  loss_fgl_aux_0: 1.2513 (1.2373)  loss_ddf_aux_0: 0.1532 (0.1584)  loss_mal_aux_1: 0.7294 (0.7392)  loss_bbox_aux_1: 0.0463 (0.0494)  loss_giou_aux_1: 0.5037 (0.5434)  loss_fgl_aux_1: 1.2446 (1.2410)  loss_ddf_aux_1: 0.0121 (0.0125)  loss_mal_pre: 0.9437 (0.9722)  loss_bbox_pre: 0.0498 (0.0538)  loss_giou_pre: 0.5580 (0.5913)  loss_mal_enc_0: 0.8873 (0.8829)  loss_bbox_enc_0: 0.1051 (0.1212)  loss_giou_enc_0: 1.0817 (1.1619)  loss_mal_dn_0: 0.7301 (0.7323)  loss_bbox_dn_0: 0.0420 (0.0439)  loss_giou_dn_0: 0.5010 (0.5191)  loss_fgl_dn_0: 1.2516 (1.2545)  loss_ddf_dn_0: 0.1315 (0.1444)  loss_mal_dn_1: 0.6635 (0.6669)  loss_bbox_dn_1: 0.0328 (0.0335)  loss_giou_dn_1: 0.4044 (0.4143)  loss_fgl_dn_1: 1.2116 (1.2129)  loss_ddf_dn_1: 0.0026 (0.0031)  loss_mal_dn_2: 0.6628 (0.6663)  loss_bbox_dn_2: 0.0325 (0.0335)  loss_giou_dn_2: 0.4058 (0.4137)  loss_fgl_dn_2: 1.2120 (1.2130)  loss_ddf_dn_2: -0.0000 (0.0000)  loss_mal_dn_pre: 0.7293 (0.7309)  loss_bbox_dn_pre: 0.0421 (0.0437)  loss_giou_dn_pre: 0.5019 (0.5177)  time: 0.2811  data: 0.0149  max mem: 5225
Epoch: [8/30]  [40/44]  eta: 0:00:01  lr: 0.000100  loss: 20.3759 (20.5329)  loss_mal: 0.7149 (0.7232)  loss_bbox: 0.0451 (0.0492)  loss_giou: 0.5041 (0.5389)  loss_fgl: 1.2430 (1.2392)  loss_mal_aux_0: 0.9525 (0.9707)  loss_bbox_aux_0: 0.0473 (0.0545)  loss_giou_aux_0: 0.5412 (0.5921)  loss_fgl_aux_0: 1.2526 (1.2370)  loss_ddf_aux_0: 0.1425 (0.1529)  loss_mal_aux_1: 0.7258 (0.7387)  loss_bbox_aux_1: 0.0448 (0.0497)  loss_giou_aux_1: 0.4990 (0.5451)  loss_fgl_aux_1: 1.2440 (1.2375)  loss_ddf_aux_1: 0.0123 (0.0125)  loss_mal_pre: 0.9371 (0.9639)  loss_bbox_pre: 0.0480 (0.0537)  loss_giou_pre: 0.5459 (0.5900)  loss_mal_enc_0: 0.9252 (0.9109)  loss_bbox_enc_0: 0.1039 (0.1169)  loss_giou_enc_0: 1.0860 (1.1478)  loss_mal_dn_0: 0.7301 (0.7304)  loss_bbox_dn_0: 0.0420 (0.0433)  loss_giou_dn_0: 0.4964 (0.5154)  loss_fgl_dn_0: 1.2499 (1.2528)  loss_ddf_dn_0: 0.1300 (0.1415)  loss_mal_dn_1: 0.6611 (0.6645)  loss_bbox_dn_1: 0.0327 (0.0330)  loss_giou_dn_1: 0.3974 (0.4105)  loss_fgl_dn_1: 1.2095 (1.2105)  loss_ddf_dn_1: 0.0023 (0.0029)  loss_mal_dn_2: 0.6575 (0.6633)  loss_bbox_dn_2: 0.0325 (0.0330)  loss_giou_dn_2: 0.3971 (0.4101)  loss_fgl_dn_2: 1.2096 (1.2106)  loss_ddf_dn_2: -0.0000 (0.0000)  loss_mal_dn_pre: 0.7273 (0.7292)  loss_bbox_dn_pre: 0.0424 (0.0432)  loss_giou_dn_pre: 0.4978 (0.5143)  time: 0.2830  data: 0.0150  max mem: 5225
Epoch: [8/30]  [43/44]  eta: 0:00:00  lr: 0.000100  loss: 20.3759 (20.5488)  loss_mal: 0.7093 (0.7221)  loss_bbox: 0.0451 (0.0490)  loss_giou: 0.5210 (0.5405)  loss_fgl: 1.2430 (1.2398)  loss_mal_aux_0: 0.9587 (0.9733)  loss_bbox_aux_0: 0.0473 (0.0541)  loss_giou_aux_0: 0.5440 (0.5926)  loss_fgl_aux_0: 1.2444 (1.2373)  loss_ddf_aux_0: 0.1343 (0.1505)  loss_mal_aux_1: 0.7255 (0.7376)  loss_bbox_aux_1: 0.0448 (0.0495)  loss_giou_aux_1: 0.5241 (0.5469)  loss_fgl_aux_1: 1.2440 (1.2382)  loss_ddf_aux_1: 0.0118 (0.0124)  loss_mal_pre: 0.9424 (0.9661)  loss_bbox_pre: 0.0480 (0.0534)  loss_giou_pre: 0.5459 (0.5904)  loss_mal_enc_0: 0.9467 (0.9154)  loss_bbox_enc_0: 0.0954 (0.1151)  loss_giou_enc_0: 1.0613 (1.1400)  loss_mal_dn_0: 0.7301 (0.7308)  loss_bbox_dn_0: 0.0421 (0.0433)  loss_giou_dn_0: 0.5010 (0.5175)  loss_fgl_dn_0: 1.2499 (1.2534)  loss_ddf_dn_0: 0.1355 (0.1425)  loss_mal_dn_1: 0.6632 (0.6658)  loss_bbox_dn_1: 0.0328 (0.0330)  loss_giou_dn_1: 0.4040 (0.4129)  loss_fgl_dn_1: 1.2103 (1.2115)  loss_ddf_dn_1: 0.0022 (0.0028)  loss_mal_dn_2: 0.6596 (0.6648)  loss_bbox_dn_2: 0.0326 (0.0330)  loss_giou_dn_2: 0.4021 (0.4124)  loss_fgl_dn_2: 1.2106 (1.2115)  loss_ddf_dn_2: -0.0000 (0.0000)  loss_mal_dn_pre: 0.7284 (0.7295)  loss_bbox_dn_pre: 0.0425 (0.0432)  loss_giou_dn_pre: 0.4997 (0.5163)  time: 0.2814  data: 0.0149  max mem: 5225
Epoch: [8/30] Total time: 0:00:12 (0.2882 s / it)
Averaged stats: lr: 0.000100  loss: 20.3759 (20.5488)  loss_mal: 0.7093 (0.7221)  loss_bbox: 0.0451 (0.0490)  loss_giou: 0.5210 (0.5405)  loss_fgl: 1.2430 (1.2398)  loss_mal_aux_0: 0.9587 (0.9733)  loss_bbox_aux_0: 0.0473 (0.0541)  loss_giou_aux_0: 0.5440 (0.5926)  loss_fgl_aux_0: 1.2444 (1.2373)  loss_ddf_aux_0: 0.1343 (0.1505)  loss_mal_aux_1: 0.7255 (0.7376)  loss_bbox_aux_1: 0.0448 (0.0495)  loss_giou_aux_1: 0.5241 (0.5469)  loss_fgl_aux_1: 1.2440 (1.2382)  loss_ddf_aux_1: 0.0118 (0.0124)  loss_mal_pre: 0.9424 (0.9661)  loss_bbox_pre: 0.0480 (0.0534)  loss_giou_pre: 0.5459 (0.5904)  loss_mal_enc_0: 0.9467 (0.9154)  loss_bbox_enc_0: 0.0954 (0.1151)  loss_giou_enc_0: 1.0613 (1.1400)  loss_mal_dn_0: 0.7301 (0.7308)  loss_bbox_dn_0: 0.0421 (0.0433)  loss_giou_dn_0: 0.5010 (0.5175)  loss_fgl_dn_0: 1.2499 (1.2534)  loss_ddf_dn_0: 0.1355 (0.1425)  loss_mal_dn_1: 0.6632 (0.6658)  loss_bbox_dn_1: 0.0328 (0.0330)  loss_giou_dn_1: 0.4040 (0.4129)  loss_fgl_dn_1: 1.2103 (1.2115)  loss_ddf_dn_1: 0.0022 (0.0028)  loss_mal_dn_2: 0.6596 (0.6648)  loss_bbox_dn_2: 0.0326 (0.0330)  loss_giou_dn_2: 0.4021 (0.4124)  loss_fgl_dn_2: 1.2106 (1.2115)  loss_ddf_dn_2: -0.0000 (0.0000)  loss_mal_dn_pre: 0.7284 (0.7295)  loss_bbox_dn_pre: 0.0425 (0.0432)  loss_giou_dn_pre: 0.4997 (0.5163)
Test:  [0/9]  eta: 0:00:03    time: 0.3479  data: 0.2839  max mem: 5225
Test:  [8/9]  eta: 0:00:00    time: 0.1027  data: 0.0450  max mem: 5225
Test: Total time: 0:00:00 (0.1070 s / it)
Metrics: {'f1': 0.8763250883392226, 'precision': 0.8920863309352518, 'recall': 0.8611111111111112, 'iou': 0.5541634825790454, 'TPs': 124, 'FPs': 15, 'FNs': 20}
Averaged stats: 
Accumulating evaluation results...
COCOeval_opt.accumulate() finished...
DONE (t=0.01s).
IoU metric: bbox
 Average Precision  (AP) @[ IoU=0.50:0.95 | area=   all | maxDets=100 ] = 0.349
 Average Precision  (AP) @[ IoU=0.50      | area=   all | maxDets=100 ] = 0.914
 Average Precision  (AP) @[ IoU=0.75      | area=   all | maxDets=100 ] = 0.136
 Average Precision  (AP) @[ IoU=0.50:0.95 | area= small | maxDets=100 ] = 0.349
 Average Precision  (AP) @[ IoU=0.50:0.95 | area=medium | maxDets=100 ] = -1.000
 Average Precision  (AP) @[ IoU=0.50:0.95 | area= large | maxDets=100 ] = -1.000
 Average Recall     (AR) @[ IoU=0.50:0.95 | area=   all | maxDets=  1 ] = 0.199
 Average Recall     (AR) @[ IoU=0.50:0.95 | area=   all | maxDets= 10 ] = 0.498
 Average Recall     (AR) @[ IoU=0.50:0.95 | area=   all | maxDets=100 ] = 0.619
 Average Recall     (AR) @[ IoU=0.50:0.95 | area= small | maxDets=100 ] = 0.619
 Average Recall     (AR) @[ IoU=0.50:0.95 | area=medium | maxDets=100 ] = -1.000
 Average Recall     (AR) @[ IoU=0.50:0.95 | area= large | maxDets=100 ] = -1.000
 Average Recall     (AR) @[ IoU=0.50      | area=   all | maxDets=100 ] = 0.986
 Average Recall     (AR) @[ IoU=0.75      | area=   all | maxDets=100 ] = 0.701
best_stat: {'epoch': 7, 'coco_eval_bbox': 0.3499202295032703}
Epoch: [9/30]  [ 0/44]  eta: 0:00:24  lr: 0.000100  loss: 20.4149 (20.4149)  loss_mal: 0.7048 (0.7048)  loss_bbox: 0.0485 (0.0485)  loss_giou: 0.5217 (0.5217)  loss_fgl: 1.2740 (1.2740)  loss_mal_aux_0: 1.0173 (1.0173)  loss_bbox_aux_0: 0.0491 (0.0491)  loss_giou_aux_0: 0.5245 (0.5245)  loss_fgl_aux_0: 1.2775 (1.2775)  loss_ddf_aux_0: 0.1151 (0.1151)  loss_mal_aux_1: 0.7282 (0.7282)  loss_bbox_aux_1: 0.0480 (0.0480)  loss_giou_aux_1: 0.5175 (0.5175)  loss_fgl_aux_1: 1.2752 (1.2752)  loss_ddf_aux_1: 0.0116 (0.0116)  loss_mal_pre: 1.0027 (1.0027)  loss_bbox_pre: 0.0492 (0.0492)  loss_giou_pre: 0.5262 (0.5262)  loss_mal_enc_0: 1.1069 (1.1069)  loss_bbox_enc_0: 0.0789 (0.0789)  loss_giou_enc_0: 0.8607 (0.8607)  loss_mal_dn_0: 0.7268 (0.7268)  loss_bbox_dn_0: 0.0468 (0.0468)  loss_giou_dn_0: 0.5170 (0.5170)  loss_fgl_dn_0: 1.2669 (1.2669)  loss_ddf_dn_0: 0.1469 (0.1469)  loss_mal_dn_1: 0.6679 (0.6679)  loss_bbox_dn_1: 0.0354 (0.0354)  loss_giou_dn_1: 0.4146 (0.4146)  loss_fgl_dn_1: 1.2248 (1.2248)  loss_ddf_dn_1: 0.0025 (0.0025)  loss_mal_dn_2: 0.6664 (0.6664)  loss_bbox_dn_2: 0.0353 (0.0353)  loss_giou_dn_2: 0.4149 (0.4149)  loss_fgl_dn_2: 1.2246 (1.2246)  loss_ddf_dn_2: -0.0000 (0.0000)  loss_mal_dn_pre: 0.7262 (0.7262)  loss_bbox_dn_pre: 0.0466 (0.0466)  loss_giou_dn_pre: 0.5140 (0.5140)  time: 0.5577  data: 0.2735  max mem: 5225
Epoch: [9/30]  [10/44]  eta: 0:00:10  lr: 0.000100  loss: 20.5489 (20.4466)  loss_mal: 0.7538 (0.7503)  loss_bbox: 0.0479 (0.0441)  loss_giou: 0.5059 (0.5105)  loss_fgl: 1.2476 (1.2607)  loss_mal_aux_0: 0.9645 (0.9758)  loss_bbox_aux_0: 0.0491 (0.0514)  loss_giou_aux_0: 0.5268 (0.5764)  loss_fgl_aux_0: 1.2461 (1.2354)  loss_ddf_aux_0: 0.1371 (0.1341)  loss_mal_aux_1: 0.7398 (0.7506)  loss_bbox_aux_1: 0.0480 (0.0462)  loss_giou_aux_1: 0.5175 (0.5253)  loss_fgl_aux_1: 1.2483 (1.2488)  loss_ddf_aux_1: 0.0163 (0.0163)  loss_mal_pre: 0.9659 (0.9801)  loss_bbox_pre: 0.0492 (0.0488)  loss_giou_pre: 0.5262 (0.5637)  loss_mal_enc_0: 0.9427 (0.9168)  loss_bbox_enc_0: 0.1103 (0.1099)  loss_giou_enc_0: 1.2269 (1.2069)  loss_mal_dn_0: 0.7224 (0.7251)  loss_bbox_dn_0: 0.0430 (0.0410)  loss_giou_dn_0: 0.4958 (0.4928)  loss_fgl_dn_0: 1.2579 (1.2542)  loss_ddf_dn_0: 0.1451 (0.1411)  loss_mal_dn_1: 0.6540 (0.6557)  loss_bbox_dn_1: 0.0319 (0.0312)  loss_giou_dn_1: 0.3923 (0.3968)  loss_fgl_dn_1: 1.2093 (1.2077)  loss_ddf_dn_1: 0.0026 (0.0026)  loss_mal_dn_2: 0.6518 (0.6538)  loss_bbox_dn_2: 0.0318 (0.0311)  loss_giou_dn_2: 0.3908 (0.3956)  loss_fgl_dn_2: 1.2091 (1.2074)  loss_ddf_dn_2: -0.0000 (0.0000)  loss_mal_dn_pre: 0.7224 (0.7242)  loss_bbox_dn_pre: 0.0433 (0.0411)  loss_giou_dn_pre: 0.4968 (0.4930)  time: 0.3083  data: 0.0372  max mem: 5225
Epoch: [9/30]  [20/44]  eta: 0:00:07  lr: 0.000100  loss: 20.4469 (20.3303)  loss_mal: 0.7293 (0.7425)  loss_bbox: 0.0437 (0.0436)  loss_giou: 0.4891 (0.4999)  loss_fgl: 1.2439 (1.2475)  loss_mal_aux_0: 0.9723 (1.0260)  loss_bbox_aux_0: 0.0446 (0.0507)  loss_giou_aux_0: 0.5193 (0.5581)  loss_fgl_aux_0: 1.2461 (1.2344)  loss_ddf_aux_0: 0.1397 (0.1374)  loss_mal_aux_1: 0.7398 (0.7462)  loss_bbox_aux_1: 0.0437 (0.0449)  loss_giou_aux_1: 0.4883 (0.5080)  loss_fgl_aux_1: 1.2451 (1.2425)  loss_ddf_aux_1: 0.0144 (0.0159)  loss_mal_pre: 0.9659 (1.0201)  loss_bbox_pre: 0.0449 (0.0481)  loss_giou_pre: 0.5202 (0.5483)  loss_mal_enc_0: 0.9560 (0.9406)  loss_bbox_enc_0: 0.0954 (0.1048)  loss_giou_enc_0: 1.0470 (1.1382)  loss_mal_dn_0: 0.7247 (0.7249)  loss_bbox_dn_0: 0.0398 (0.0403)  loss_giou_dn_0: 0.4740 (0.4855)  loss_fgl_dn_0: 1.2507 (1.2519)  loss_ddf_dn_0: 0.1421 (0.1374)  loss_mal_dn_1: 0.6450 (0.6499)  loss_bbox_dn_1: 0.0313 (0.0307)  loss_giou_dn_1: 0.3790 (0.3870)  loss_fgl_dn_1: 1.1998 (1.2034)  loss_ddf_dn_1: 0.0025 (0.0024)  loss_mal_dn_2: 0.6434 (0.6491)  loss_bbox_dn_2: 0.0311 (0.0306)  loss_giou_dn_2: 0.3772 (0.3859)  loss_fgl_dn_2: 1.2003 (1.2030)  loss_ddf_dn_2: -0.0000 (0.0000)  loss_mal_dn_pre: 0.7250 (0.7249)  loss_bbox_dn_pre: 0.0398 (0.0403)  loss_giou_dn_pre: 0.4713 (0.4854)  time: 0.2839  data: 0.0143  max mem: 5225
Epoch: [9/30]  [30/44]  eta: 0:00:04  lr: 0.000100  loss: 20.5178 (20.4297)  loss_mal: 0.7232 (0.7331)  loss_bbox: 0.0438 (0.0447)  loss_giou: 0.5033 (0.5114)  loss_fgl: 1.2457 (1.2492)  loss_mal_aux_0: 1.0049 (1.0189)  loss_bbox_aux_0: 0.0465 (0.0502)  loss_giou_aux_0: 0.5349 (0.5580)  loss_fgl_aux_0: 1.2486 (1.2410)  loss_ddf_aux_0: 0.1397 (0.1376)  loss_mal_aux_1: 0.7285 (0.7449)  loss_bbox_aux_1: 0.0449 (0.0456)  loss_giou_aux_1: 0.4997 (0.5168)  loss_fgl_aux_1: 1.2465 (1.2456)  loss_ddf_aux_1: 0.0117 (0.0139)  loss_mal_pre: 1.0040 (1.0110)  loss_bbox_pre: 0.0470 (0.0486)  loss_giou_pre: 0.5380 (0.5527)  loss_mal_enc_0: 0.9604 (0.9482)  loss_bbox_enc_0: 0.0944 (0.1029)  loss_giou_enc_0: 1.0408 (1.1152)  loss_mal_dn_0: 0.7267 (0.7261)  loss_bbox_dn_0: 0.0411 (0.0416)  loss_giou_dn_0: 0.5020 (0.4999)  loss_fgl_dn_0: 1.2522 (1.2573)  loss_ddf_dn_0: 0.1428 (0.1505)  loss_mal_dn_1: 0.6566 (0.6573)  loss_bbox_dn_1: 0.0318 (0.0318)  loss_giou_dn_1: 0.3956 (0.3989)  loss_fgl_dn_1: 1.2090 (1.2102)  loss_ddf_dn_1: 0.0022 (0.0023)  loss_mal_dn_2: 0.6556 (0.6563)  loss_bbox_dn_2: 0.0315 (0.0318)  loss_giou_dn_2: 0.3933 (0.3986)  loss_fgl_dn_2: 1.2106 (1.2104)  loss_ddf_dn_2: -0.0000 (0.0000)  loss_mal_dn_pre: 0.7262 (0.7258)  loss_bbox_dn_pre: 0.0414 (0.0416)  loss_giou_dn_pre: 0.5015 (0.4996)  time: 0.2846  data: 0.0151  max mem: 5225
Epoch: [9/30]  [40/44]  eta: 0:00:01  lr: 0.000100  loss: 20.5385 (20.4134)  loss_mal: 0.7113 (0.7301)  loss_bbox: 0.0455 (0.0449)  loss_giou: 0.5401 (0.5170)  loss_fgl: 1.2456 (1.2469)  loss_mal_aux_0: 0.9553 (0.9970)  loss_bbox_aux_0: 0.0499 (0.0505)  loss_giou_aux_0: 0.5758 (0.5656)  loss_fgl_aux_0: 1.2467 (1.2406)  loss_ddf_aux_0: 0.1366 (0.1371)  loss_mal_aux_1: 0.7396 (0.7461)  loss_bbox_aux_1: 0.0459 (0.0456)  loss_giou_aux_1: 0.5429 (0.5223)  loss_fgl_aux_1: 1.2475 (1.2440)  loss_ddf_aux_1: 0.0089 (0.0127)  loss_mal_pre: 0.9623 (0.9907)  loss_bbox_pre: 0.0485 (0.0490)  loss_giou_pre: 0.5755 (0.5608)  loss_mal_enc_0: 0.9875 (0.9603)  loss_bbox_enc_0: 0.0988 (0.1022)  loss_giou_enc_0: 1.0642 (1.1008)  loss_mal_dn_0: 0.7273 (0.7261)  loss_bbox_dn_0: 0.0439 (0.0419)  loss_giou_dn_0: 0.5202 (0.5038)  loss_fgl_dn_0: 1.2568 (1.2558)  loss_ddf_dn_0: 0.1352 (0.1441)  loss_mal_dn_1: 0.6721 (0.6586)  loss_bbox_dn_1: 0.0343 (0.0320)  loss_giou_dn_1: 0.4188 (0.4025)  loss_fgl_dn_1: 1.2201 (1.2106)  loss_ddf_dn_1: 0.0021 (0.0022)  loss_mal_dn_2: 0.6640 (0.6566)  loss_bbox_dn_2: 0.0344 (0.0319)  loss_giou_dn_2: 0.4194 (0.4016)  loss_fgl_dn_2: 1.2233 (1.2105)  loss_ddf_dn_2: -0.0000 (0.0000)  loss_mal_dn_pre: 0.7253 (0.7255)  loss_bbox_dn_pre: 0.0439 (0.0419)  loss_giou_dn_pre: 0.5184 (0.5035)  time: 0.2835  data: 0.0151  max mem: 5225
Epoch: [9/30]  [43/44]  eta: 0:00:00  lr: 0.000100  loss: 20.3891 (20.3793)  loss_mal: 0.7113 (0.7290)  loss_bbox: 0.0437 (0.0446)  loss_giou: 0.5099 (0.5138)  loss_fgl: 1.2463 (1.2473)  loss_mal_aux_0: 0.9677 (0.9949)  loss_bbox_aux_0: 0.0482 (0.0501)  loss_giou_aux_0: 0.5613 (0.5623)  loss_fgl_aux_0: 1.2486 (1.2425)  loss_ddf_aux_0: 0.1306 (0.1353)  loss_mal_aux_1: 0.7444 (0.7464)  loss_bbox_aux_1: 0.0447 (0.0453)  loss_giou_aux_1: 0.5167 (0.5188)  loss_fgl_aux_1: 1.2475 (1.2445)  loss_ddf_aux_1: 0.0085 (0.0124)  loss_mal_pre: 0.9638 (0.9887)  loss_bbox_pre: 0.0478 (0.0488)  loss_giou_pre: 0.5569 (0.5578)  loss_mal_enc_0: 0.9940 (0.9626)  loss_bbox_enc_0: 0.0976 (0.1017)  loss_giou_enc_0: 1.0462 (1.0973)  loss_mal_dn_0: 0.7259 (0.7253)  loss_bbox_dn_0: 0.0417 (0.0418)  loss_giou_dn_0: 0.5080 (0.5019)  loss_fgl_dn_0: 1.2530 (1.2551)  loss_ddf_dn_0: 0.1352 (0.1430)  loss_mal_dn_1: 0.6644 (0.6578)  loss_bbox_dn_1: 0.0333 (0.0319)  loss_giou_dn_1: 0.4173 (0.4008)  loss_fgl_dn_1: 1.2143 (1.2102)  loss_ddf_dn_1: 0.0021 (0.0022)  loss_mal_dn_2: 0.6597 (0.6557)  loss_bbox_dn_2: 0.0333 (0.0318)  loss_giou_dn_2: 0.4151 (0.4000)  loss_fgl_dn_2: 1.2141 (1.2101)  loss_ddf_dn_2: -0.0000 (0.0000)  loss_mal_dn_pre: 0.7248 (0.7246)  loss_bbox_dn_pre: 0.0414 (0.0418)  loss_giou_dn_pre: 0.5078 (0.5013)  time: 0.2811  data: 0.0149  max mem: 5225
Epoch: [9/30] Total time: 0:00:12 (0.2901 s / it)
Averaged stats: lr: 0.000100  loss: 20.3891 (20.3793)  loss_mal: 0.7113 (0.7290)  loss_bbox: 0.0437 (0.0446)  loss_giou: 0.5099 (0.5138)  loss_fgl: 1.2463 (1.2473)  loss_mal_aux_0: 0.9677 (0.9949)  loss_bbox_aux_0: 0.0482 (0.0501)  loss_giou_aux_0: 0.5613 (0.5623)  loss_fgl_aux_0: 1.2486 (1.2425)  loss_ddf_aux_0: 0.1306 (0.1353)  loss_mal_aux_1: 0.7444 (0.7464)  loss_bbox_aux_1: 0.0447 (0.0453)  loss_giou_aux_1: 0.5167 (0.5188)  loss_fgl_aux_1: 1.2475 (1.2445)  loss_ddf_aux_1: 0.0085 (0.0124)  loss_mal_pre: 0.9638 (0.9887)  loss_bbox_pre: 0.0478 (0.0488)  loss_giou_pre: 0.5569 (0.5578)  loss_mal_enc_0: 0.9940 (0.9626)  loss_bbox_enc_0: 0.0976 (0.1017)  loss_giou_enc_0: 1.0462 (1.0973)  loss_mal_dn_0: 0.7259 (0.7253)  loss_bbox_dn_0: 0.0417 (0.0418)  loss_giou_dn_0: 0.5080 (0.5019)  loss_fgl_dn_0: 1.2530 (1.2551)  loss_ddf_dn_0: 0.1352 (0.1430)  loss_mal_dn_1: 0.6644 (0.6578)  loss_bbox_dn_1: 0.0333 (0.0319)  loss_giou_dn_1: 0.4173 (0.4008)  loss_fgl_dn_1: 1.2143 (1.2102)  loss_ddf_dn_1: 0.0021 (0.0022)  loss_mal_dn_2: 0.6597 (0.6557)  loss_bbox_dn_2: 0.0333 (0.0318)  loss_giou_dn_2: 0.4151 (0.4000)  loss_fgl_dn_2: 1.2141 (1.2101)  loss_ddf_dn_2: -0.0000 (0.0000)  loss_mal_dn_pre: 0.7248 (0.7246)  loss_bbox_dn_pre: 0.0414 (0.0418)  loss_giou_dn_pre: 0.5078 (0.5013)
Test:  [0/9]  eta: 0:00:02    time: 0.2993  data: 0.2381  max mem: 5225
Test:  [8/9]  eta: 0:00:00    time: 0.1205  data: 0.0428  max mem: 5225
Test: Total time: 0:00:01 (0.1250 s / it)
Metrics: {'f1': 0.9305555555555556, 'precision': 0.9305555555555556, 'recall': 0.9305555555555556, 'iou': 0.6150789775631644, 'TPs': 134, 'FPs': 10, 'FNs': 10}
Averaged stats: 
Accumulating evaluation results...
COCOeval_opt.accumulate() finished...
DONE (t=0.01s).
IoU metric: bbox
 Average Precision  (AP) @[ IoU=0.50:0.95 | area=   all | maxDets=100 ] = 0.347
 Average Precision  (AP) @[ IoU=0.50      | area=   all | maxDets=100 ] = 0.916
 Average Precision  (AP) @[ IoU=0.75      | area=   all | maxDets=100 ] = 0.135
 Average Precision  (AP) @[ IoU=0.50:0.95 | area= small | maxDets=100 ] = 0.347
 Average Precision  (AP) @[ IoU=0.50:0.95 | area=medium | maxDets=100 ] = -1.000
 Average Precision  (AP) @[ IoU=0.50:0.95 | area= large | maxDets=100 ] = -1.000
 Average Recall     (AR) @[ IoU=0.50:0.95 | area=   all | maxDets=  1 ] = 0.199
 Average Recall     (AR) @[ IoU=0.50:0.95 | area=   all | maxDets= 10 ] = 0.495
 Average Recall     (AR) @[ IoU=0.50:0.95 | area=   all | maxDets=100 ] = 0.635
 Average Recall     (AR) @[ IoU=0.50:0.95 | area= small | maxDets=100 ] = 0.635
 Average Recall     (AR) @[ IoU=0.50:0.95 | area=medium | maxDets=100 ] = -1.000
 Average Recall     (AR) @[ IoU=0.50:0.95 | area= large | maxDets=100 ] = -1.000
 Average Recall     (AR) @[ IoU=0.50      | area=   all | maxDets=100 ] = 0.993
 Average Recall     (AR) @[ IoU=0.75      | area=   all | maxDets=100 ] = 0.729
best_stat: {'epoch': 7, 'coco_eval_bbox': 0.3499202295032703}
Epoch: [10/30]  [ 0/44]  eta: 0:00:22  lr: 0.000100  loss: 19.7844 (19.7844)  loss_mal: 0.7328 (0.7328)  loss_bbox: 0.0369 (0.0369)  loss_giou: 0.4598 (0.4598)  loss_fgl: 1.2485 (1.2485)  loss_mal_aux_0: 1.0084 (1.0084)  loss_bbox_aux_0: 0.0355 (0.0355)  loss_giou_aux_0: 0.4571 (0.4571)  loss_fgl_aux_0: 1.2603 (1.2603)  loss_ddf_aux_0: 0.0993 (0.0993)  loss_mal_aux_1: 0.7554 (0.7554)  loss_bbox_aux_1: 0.0369 (0.0369)  loss_giou_aux_1: 0.4590 (0.4590)  loss_fgl_aux_1: 1.2490 (1.2490)  loss_ddf_aux_1: 0.0068 (0.0068)  loss_mal_pre: 1.0136 (1.0136)  loss_bbox_pre: 0.0351 (0.0351)  loss_giou_pre: 0.4527 (0.4527)  loss_mal_enc_0: 1.0154 (1.0154)  loss_bbox_enc_0: 0.0808 (0.0808)  loss_giou_enc_0: 1.0384 (1.0384)  loss_mal_dn_0: 0.7153 (0.7153)  loss_bbox_dn_0: 0.0360 (0.0360)  loss_giou_dn_0: 0.4580 (0.4580)  loss_fgl_dn_0: 1.2555 (1.2555)  loss_ddf_dn_0: 0.1421 (0.1421)  loss_mal_dn_1: 0.6390 (0.6390)  loss_bbox_dn_1: 0.0290 (0.0290)  loss_giou_dn_1: 0.3630 (0.3630)  loss_fgl_dn_1: 1.2143 (1.2143)  loss_ddf_dn_1: 0.0027 (0.0027)  loss_mal_dn_2: 0.6343 (0.6343)  loss_bbox_dn_2: 0.0289 (0.0289)  loss_giou_dn_2: 0.3627 (0.3627)  loss_fgl_dn_2: 1.2129 (1.2129)  loss_ddf_dn_2: -0.0000 (0.0000)  loss_mal_dn_pre: 0.7149 (0.7149)  loss_bbox_dn_pre: 0.0358 (0.0358)  loss_giou_dn_pre: 0.4585 (0.4585)  time: 0.5211  data: 0.2399  max mem: 5225
Epoch: [10/30]  [10/44]  eta: 0:00:10  lr: 0.000100  loss: 20.3091 (20.3253)  loss_mal: 0.7201 (0.7246)  loss_bbox: 0.0421 (0.0436)  loss_giou: 0.5136 (0.5014)  loss_fgl: 1.2505 (1.2405)  loss_mal_aux_0: 1.0090 (1.0245)  loss_bbox_aux_0: 0.0497 (0.0546)  loss_giou_aux_0: 0.5622 (0.5751)  loss_fgl_aux_0: 1.2460 (1.2385)  loss_ddf_aux_0: 0.0993 (0.1027)  loss_mal_aux_1: 0.7417 (0.7477)  loss_bbox_aux_1: 0.0425 (0.0447)  loss_giou_aux_1: 0.5152 (0.5122)  loss_fgl_aux_1: 1.2490 (1.2385)  loss_ddf_aux_1: 0.0069 (0.0076)  loss_mal_pre: 1.0141 (1.0220)  loss_bbox_pre: 0.0498 (0.0512)  loss_giou_pre: 0.5614 (0.5720)  loss_mal_enc_0: 0.9524 (0.9090)  loss_bbox_enc_0: 0.1098 (0.1197)  loss_giou_enc_0: 1.0962 (1.1455)  loss_mal_dn_0: 0.7214 (0.7202)  loss_bbox_dn_0: 0.0421 (0.0417)  loss_giou_dn_0: 0.4987 (0.4955)  loss_fgl_dn_0: 1.2471 (1.2457)  loss_ddf_dn_0: 0.1561 (0.1541)  loss_mal_dn_1: 0.6499 (0.6503)  loss_bbox_dn_1: 0.0303 (0.0315)  loss_giou_dn_1: 0.3913 (0.3908)  loss_fgl_dn_1: 1.1988 (1.1993)  loss_ddf_dn_1: 0.0023 (0.0022)  loss_mal_dn_2: 0.6457 (0.6462)  loss_bbox_dn_2: 0.0302 (0.0313)  loss_giou_dn_2: 0.3873 (0.3894)  loss_fgl_dn_2: 1.1990 (1.1985)  loss_ddf_dn_2: -0.0000 (0.0000)  loss_mal_dn_pre: 0.7208 (0.7192)  loss_bbox_dn_pre: 0.0416 (0.0413)  loss_giou_dn_pre: 0.4967 (0.4924)  time: 0.3061  data: 0.0357  max mem: 5225
Epoch: [10/30]  [20/44]  eta: 0:00:07  lr: 0.000100  loss: 20.2773 (20.3623)  loss_mal: 0.7134 (0.7200)  loss_bbox: 0.0424 (0.0460)  loss_giou: 0.5136 (0.5186)  loss_fgl: 1.2500 (1.2400)  loss_mal_aux_0: 0.9717 (0.9869)  loss_bbox_aux_0: 0.0521 (0.0608)  loss_giou_aux_0: 0.5622 (0.5893)  loss_fgl_aux_0: 1.2472 (1.2352)  loss_ddf_aux_0: 0.0916 (0.0967)  loss_mal_aux_1: 0.7331 (0.7393)  loss_bbox_aux_1: 0.0441 (0.0475)  loss_giou_aux_1: 0.5145 (0.5280)  loss_fgl_aux_1: 1.2489 (1.2355)  loss_ddf_aux_1: 0.0069 (0.0075)  loss_mal_pre: 0.9639 (0.9841)  loss_bbox_pre: 0.0519 (0.0546)  loss_giou_pre: 0.5614 (0.5896)  loss_mal_enc_0: 0.9234 (0.9100)  loss_bbox_enc_0: 0.1046 (0.1192)  loss_giou_enc_0: 1.0859 (1.1318)  loss_mal_dn_0: 0.7205 (0.7211)  loss_bbox_dn_0: 0.0423 (0.0425)  loss_giou_dn_0: 0.5077 (0.5034)  loss_fgl_dn_0: 1.2505 (1.2534)  loss_ddf_dn_0: 0.1660 (0.1630)  loss_mal_dn_1: 0.6561 (0.6555)  loss_bbox_dn_1: 0.0312 (0.0319)  loss_giou_dn_1: 0.3952 (0.3960)  loss_fgl_dn_1: 1.2031 (1.2049)  loss_ddf_dn_1: 0.0025 (0.0025)  loss_mal_dn_2: 0.6548 (0.6519)  loss_bbox_dn_2: 0.0313 (0.0319)  loss_giou_dn_2: 0.3943 (0.3955)  loss_fgl_dn_2: 1.2031 (1.2048)  loss_ddf_dn_2: -0.0000 (0.0000)  loss_mal_dn_pre: 0.7208 (0.7204)  loss_bbox_dn_pre: 0.0420 (0.0422)  loss_giou_dn_pre: 0.5034 (0.5007)  time: 0.2845  data: 0.0152  max mem: 5225
Epoch: [10/30]  [30/44]  eta: 0:00:04  lr: 0.000100  loss: 20.2569 (20.3884)  loss_mal: 0.7204 (0.7202)  loss_bbox: 0.0438 (0.0450)  loss_giou: 0.5060 (0.5134)  loss_fgl: 1.2492 (1.2425)  loss_mal_aux_0: 0.9786 (0.9993)  loss_bbox_aux_0: 0.0496 (0.0588)  loss_giou_aux_0: 0.5378 (0.5837)  loss_fgl_aux_0: 1.2503 (1.2395)  loss_ddf_aux_0: 0.0861 (0.0973)  loss_mal_aux_1: 0.7358 (0.7448)  loss_bbox_aux_1: 0.0450 (0.0466)  loss_giou_aux_1: 0.5090 (0.5231)  loss_fgl_aux_1: 1.2464 (1.2382)  loss_ddf_aux_1: 0.0063 (0.0073)  loss_mal_pre: 0.9670 (0.9897)  loss_bbox_pre: 0.0490 (0.0539)  loss_giou_pre: 0.5428 (0.5878)  loss_mal_enc_0: 0.9289 (0.9180)  loss_bbox_enc_0: 0.1018 (0.1190)  loss_giou_enc_0: 1.0859 (1.1463)  loss_mal_dn_0: 0.7205 (0.7216)  loss_bbox_dn_0: 0.0416 (0.0419)  loss_giou_dn_0: 0.5077 (0.5028)  loss_fgl_dn_0: 1.2540 (1.2569)  loss_ddf_dn_0: 0.1725 (0.1611)  loss_mal_dn_1: 0.6561 (0.6535)  loss_bbox_dn_1: 0.0308 (0.0314)  loss_giou_dn_1: 0.3944 (0.3935)  loss_fgl_dn_1: 1.2038 (1.2057)  loss_ddf_dn_1: 0.0026 (0.0025)  loss_mal_dn_2: 0.6529 (0.6501)  loss_bbox_dn_2: 0.0306 (0.0313)  loss_giou_dn_2: 0.3943 (0.3925)  loss_fgl_dn_2: 1.2051 (1.2056)  loss_ddf_dn_2: -0.0000 (0.0000)  loss_mal_dn_pre: 0.7215 (0.7209)  loss_bbox_dn_pre: 0.0418 (0.0418)  loss_giou_dn_pre: 0.5041 (0.5009)  time: 0.2850  data: 0.0152  max mem: 5225
Epoch: [10/30]  [40/44]  eta: 0:00:01  lr: 0.000100  loss: 20.2869 (20.3666)  loss_mal: 0.7215 (0.7208)  loss_bbox: 0.0452 (0.0453)  loss_giou: 0.5083 (0.5125)  loss_fgl: 1.2474 (1.2413)  loss_mal_aux_0: 1.0269 (1.0085)  loss_bbox_aux_0: 0.0492 (0.0573)  loss_giou_aux_0: 0.5539 (0.5777)  loss_fgl_aux_0: 1.2420 (1.2393)  loss_ddf_aux_0: 0.0872 (0.0955)  loss_mal_aux_1: 0.7402 (0.7471)  loss_bbox_aux_1: 0.0451 (0.0467)  loss_giou_aux_1: 0.5151 (0.5205)  loss_fgl_aux_1: 1.2419 (1.2378)  loss_ddf_aux_1: 0.0058 (0.0070)  loss_mal_pre: 1.0015 (0.9978)  loss_bbox_pre: 0.0490 (0.0533)  loss_giou_pre: 0.5494 (0.5804)  loss_mal_enc_0: 0.9411 (0.9268)  loss_bbox_enc_0: 0.1034 (0.1157)  loss_giou_enc_0: 1.0467 (1.1176)  loss_mal_dn_0: 0.7191 (0.7214)  loss_bbox_dn_0: 0.0412 (0.0424)  loss_giou_dn_0: 0.5052 (0.5041)  loss_fgl_dn_0: 1.2497 (1.2551)  loss_ddf_dn_0: 0.1642 (0.1617)  loss_mal_dn_1: 0.6541 (0.6539)  loss_bbox_dn_1: 0.0312 (0.0317)  loss_giou_dn_1: 0.3937 (0.3941)  loss_fgl_dn_1: 1.1998 (1.2046)  loss_ddf_dn_1: 0.0026 (0.0026)  loss_mal_dn_2: 0.6526 (0.6509)  loss_bbox_dn_2: 0.0309 (0.0316)  loss_giou_dn_2: 0.3918 (0.3932)  loss_fgl_dn_2: 1.2000 (1.2046)  loss_ddf_dn_2: -0.0000 (0.0000)  loss_mal_dn_pre: 0.7192 (0.7208)  loss_bbox_dn_pre: 0.0413 (0.0423)  loss_giou_dn_pre: 0.5035 (0.5024)  time: 0.2869  data: 0.0153  max mem: 5225
Epoch: [10/30]  [43/44]  eta: 0:00:00  lr: 0.000100  loss: 20.2417 (20.3698)  loss_mal: 0.7211 (0.7208)  loss_bbox: 0.0438 (0.0448)  loss_giou: 0.4925 (0.5088)  loss_fgl: 1.2474 (1.2419)  loss_mal_aux_0: 1.0065 (1.0087)  loss_bbox_aux_0: 0.0491 (0.0568)  loss_giou_aux_0: 0.5378 (0.5768)  loss_fgl_aux_0: 1.2602 (1.2399)  loss_ddf_aux_0: 0.0861 (0.0956)  loss_mal_aux_1: 0.7451 (0.7491)  loss_bbox_aux_1: 0.0436 (0.0462)  loss_giou_aux_1: 0.5151 (0.5180)  loss_fgl_aux_1: 1.2464 (1.2383)  loss_ddf_aux_1: 0.0056 (0.0071)  loss_mal_pre: 1.0004 (0.9988)  loss_bbox_pre: 0.0485 (0.0529)  loss_giou_pre: 0.5428 (0.5781)  loss_mal_enc_0: 0.9553 (0.9330)  loss_bbox_enc_0: 0.0970 (0.1162)  loss_giou_enc_0: 1.0449 (1.1165)  loss_mal_dn_0: 0.7184 (0.7211)  loss_bbox_dn_0: 0.0414 (0.0423)  loss_giou_dn_0: 0.5052 (0.5037)  loss_fgl_dn_0: 1.2552 (1.2566)  loss_ddf_dn_0: 0.1586 (0.1607)  loss_mal_dn_1: 0.6560 (0.6544)  loss_bbox_dn_1: 0.0315 (0.0317)  loss_giou_dn_1: 0.3944 (0.3946)  loss_fgl_dn_1: 1.2116 (1.2064)  loss_ddf_dn_1: 0.0025 (0.0025)  loss_mal_dn_2: 0.6542 (0.6511)  loss_bbox_dn_2: 0.0313 (0.0316)  loss_giou_dn_2: 0.3949 (0.3935)  loss_fgl_dn_2: 1.2101 (1.2065)  loss_ddf_dn_2: -0.0000 (0.0000)  loss_mal_dn_pre: 0.7180 (0.7206)  loss_bbox_dn_pre: 0.0413 (0.0421)  loss_giou_dn_pre: 0.5035 (0.5018)  time: 0.2849  data: 0.0151  max mem: 5225
Epoch: [10/30] Total time: 0:00:12 (0.2917 s / it)
Averaged stats: lr: 0.000100  loss: 20.2417 (20.3698)  loss_mal: 0.7211 (0.7208)  loss_bbox: 0.0438 (0.0448)  loss_giou: 0.4925 (0.5088)  loss_fgl: 1.2474 (1.2419)  loss_mal_aux_0: 1.0065 (1.0087)  loss_bbox_aux_0: 0.0491 (0.0568)  loss_giou_aux_0: 0.5378 (0.5768)  loss_fgl_aux_0: 1.2602 (1.2399)  loss_ddf_aux_0: 0.0861 (0.0956)  loss_mal_aux_1: 0.7451 (0.7491)  loss_bbox_aux_1: 0.0436 (0.0462)  loss_giou_aux_1: 0.5151 (0.5180)  loss_fgl_aux_1: 1.2464 (1.2383)  loss_ddf_aux_1: 0.0056 (0.0071)  loss_mal_pre: 1.0004 (0.9988)  loss_bbox_pre: 0.0485 (0.0529)  loss_giou_pre: 0.5428 (0.5781)  loss_mal_enc_0: 0.9553 (0.9330)  loss_bbox_enc_0: 0.0970 (0.1162)  loss_giou_enc_0: 1.0449 (1.1165)  loss_mal_dn_0: 0.7184 (0.7211)  loss_bbox_dn_0: 0.0414 (0.0423)  loss_giou_dn_0: 0.5052 (0.5037)  loss_fgl_dn_0: 1.2552 (1.2566)  loss_ddf_dn_0: 0.1586 (0.1607)  loss_mal_dn_1: 0.6560 (0.6544)  loss_bbox_dn_1: 0.0315 (0.0317)  loss_giou_dn_1: 0.3944 (0.3946)  loss_fgl_dn_1: 1.2116 (1.2064)  loss_ddf_dn_1: 0.0025 (0.0025)  loss_mal_dn_2: 0.6542 (0.6511)  loss_bbox_dn_2: 0.0313 (0.0316)  loss_giou_dn_2: 0.3949 (0.3935)  loss_fgl_dn_2: 1.2101 (1.2065)  loss_ddf_dn_2: -0.0000 (0.0000)  loss_mal_dn_pre: 0.7180 (0.7206)  loss_bbox_dn_pre: 0.0413 (0.0421)  loss_giou_dn_pre: 0.5035 (0.5018)
Test:  [0/9]  eta: 0:00:03    time: 0.3423  data: 0.2775  max mem: 5225
Test:  [8/9]  eta: 0:00:00    time: 0.1022  data: 0.0446  max mem: 5225
Test: Total time: 0:00:00 (0.1062 s / it)
Metrics: {'f1': 0.9319727891156462, 'precision': 0.9133333333333333, 'recall': 0.9513888888888888, 'iou': 0.6183383798902962, 'TPs': 137, 'FPs': 13, 'FNs': 7}
Averaged stats: 
Accumulating evaluation results...
COCOeval_opt.accumulate() finished...
DONE (t=0.01s).
IoU metric: bbox
 Average Precision  (AP) @[ IoU=0.50:0.95 | area=   all | maxDets=100 ] = 0.365
 Average Precision  (AP) @[ IoU=0.50      | area=   all | maxDets=100 ] = 0.930
 Average Precision  (AP) @[ IoU=0.75      | area=   all | maxDets=100 ] = 0.157
 Average Precision  (AP) @[ IoU=0.50:0.95 | area= small | maxDets=100 ] = 0.365
 Average Precision  (AP) @[ IoU=0.50:0.95 | area=medium | maxDets=100 ] = -1.000
 Average Precision  (AP) @[ IoU=0.50:0.95 | area= large | maxDets=100 ] = -1.000
 Average Recall     (AR) @[ IoU=0.50:0.95 | area=   all | maxDets=  1 ] = 0.206
 Average Recall     (AR) @[ IoU=0.50:0.95 | area=   all | maxDets= 10 ] = 0.509
 Average Recall     (AR) @[ IoU=0.50:0.95 | area=   all | maxDets=100 ] = 0.653
 Average Recall     (AR) @[ IoU=0.50:0.95 | area= small | maxDets=100 ] = 0.653
 Average Recall     (AR) @[ IoU=0.50:0.95 | area=medium | maxDets=100 ] = -1.000
 Average Recall     (AR) @[ IoU=0.50:0.95 | area= large | maxDets=100 ] = -1.000
 Average Recall     (AR) @[ IoU=0.50      | area=   all | maxDets=100 ] = 1.000
 Average Recall     (AR) @[ IoU=0.75      | area=   all | maxDets=100 ] = 0.743
best_stat: {'epoch': 10, 'coco_eval_bbox': 0.36496804663448856}
Epoch: [11/30]  [ 0/44]  eta: 0:00:24  lr: 0.000100  loss: 20.2722 (20.2722)  loss_mal: 0.6953 (0.6953)  loss_bbox: 0.0531 (0.0531)  loss_giou: 0.5560 (0.5560)  loss_fgl: 1.2133 (1.2133)  loss_mal_aux_0: 0.8642 (0.8642)  loss_bbox_aux_0: 0.0959 (0.0959)  loss_giou_aux_0: 0.6957 (0.6957)  loss_fgl_aux_0: 1.1550 (1.1550)  loss_ddf_aux_0: 0.1157 (0.1157)  loss_mal_aux_1: 0.6966 (0.6966)  loss_bbox_aux_1: 0.0605 (0.0605)  loss_giou_aux_1: 0.6065 (0.6065)  loss_fgl_aux_1: 1.1974 (1.1974)  loss_ddf_aux_1: 0.0128 (0.0128)  loss_mal_pre: 0.8458 (0.8458)  loss_bbox_pre: 0.0832 (0.0832)  loss_giou_pre: 0.7102 (0.7102)  loss_mal_enc_0: 0.8374 (0.8374)  loss_bbox_enc_0: 0.1709 (0.1709)  loss_giou_enc_0: 1.3454 (1.3454)  loss_mal_dn_0: 0.7193 (0.7193)  loss_bbox_dn_0: 0.0346 (0.0346)  loss_giou_dn_0: 0.4752 (0.4752)  loss_fgl_dn_0: 1.2372 (1.2372)  loss_ddf_dn_0: 0.1461 (0.1461)  loss_mal_dn_1: 0.6426 (0.6426)  loss_bbox_dn_1: 0.0237 (0.0237)  loss_giou_dn_1: 0.3604 (0.3604)  loss_fgl_dn_1: 1.1813 (1.1813)  loss_ddf_dn_1: 0.0023 (0.0023)  loss_mal_dn_2: 0.6390 (0.6390)  loss_bbox_dn_2: 0.0235 (0.0235)  loss_giou_dn_2: 0.3586 (0.3586)  loss_fgl_dn_2: 1.1806 (1.1806)  loss_ddf_dn_2: -0.0000 (0.0000)  loss_mal_dn_pre: 0.7212 (0.7212)  loss_bbox_dn_pre: 0.0351 (0.0351)  loss_giou_dn_pre: 0.4806 (0.4806)  time: 0.5521  data: 0.2660  max mem: 5225
Epoch: [11/30]  [10/44]  eta: 0:00:10  lr: 0.000100  loss: 19.9510 (20.1235)  loss_mal: 0.7198 (0.7295)  loss_bbox: 0.0458 (0.0446)  loss_giou: 0.4903 (0.4976)  loss_fgl: 1.2489 (1.2395)  loss_mal_aux_0: 0.9582 (0.9446)  loss_bbox_aux_0: 0.0479 (0.0583)  loss_giou_aux_0: 0.5548 (0.5792)  loss_fgl_aux_0: 1.2180 (1.2210)  loss_ddf_aux_0: 0.0897 (0.0967)  loss_mal_aux_1: 0.7540 (0.7543)  loss_bbox_aux_1: 0.0456 (0.0473)  loss_giou_aux_1: 0.4925 (0.5142)  loss_fgl_aux_1: 1.2402 (1.2324)  loss_ddf_aux_1: 0.0061 (0.0078)  loss_mal_pre: 0.9543 (0.9419)  loss_bbox_pre: 0.0471 (0.0547)  loss_giou_pre: 0.5601 (0.5738)  loss_mal_enc_0: 1.0040 (0.9690)  loss_bbox_enc_0: 0.0939 (0.1165)  loss_giou_enc_0: 0.9779 (1.0868)  loss_mal_dn_0: 0.7184 (0.7223)  loss_bbox_dn_0: 0.0391 (0.0399)  loss_giou_dn_0: 0.4822 (0.4884)  loss_fgl_dn_0: 1.2475 (1.2466)  loss_ddf_dn_0: 0.1669 (0.1596)  loss_mal_dn_1: 0.6426 (0.6486)  loss_bbox_dn_1: 0.0307 (0.0299)  loss_giou_dn_1: 0.3729 (0.3788)  loss_fgl_dn_1: 1.1846 (1.1958)  loss_ddf_dn_1: 0.0025 (0.0024)  loss_mal_dn_2: 0.6403 (0.6477)  loss_bbox_dn_2: 0.0307 (0.0300)  loss_giou_dn_2: 0.3713 (0.3791)  loss_fgl_dn_2: 1.1870 (1.1966)  loss_ddf_dn_2: -0.0000 (0.0000)  loss_mal_dn_pre: 0.7174 (0.7215)  loss_bbox_dn_pre: 0.0385 (0.0397)  loss_giou_dn_pre: 0.4795 (0.4866)  time: 0.3095  data: 0.0384  max mem: 5225
Epoch: [11/30]  [20/44]  eta: 0:00:07  lr: 0.000100  loss: 20.1018 (20.2190)  loss_mal: 0.7212 (0.7316)  loss_bbox: 0.0417 (0.0437)  loss_giou: 0.4903 (0.4995)  loss_fgl: 1.2489 (1.2444)  loss_mal_aux_0: 0.9841 (0.9865)  loss_bbox_aux_0: 0.0439 (0.0532)  loss_giou_aux_0: 0.5452 (0.5635)  loss_fgl_aux_0: 1.2597 (1.2400)  loss_ddf_aux_0: 0.1009 (0.1020)  loss_mal_aux_1: 0.7540 (0.7541)  loss_bbox_aux_1: 0.0413 (0.0455)  loss_giou_aux_1: 0.5000 (0.5112)  loss_fgl_aux_1: 1.2471 (1.2408)  loss_ddf_aux_1: 0.0073 (0.0084)  loss_mal_pre: 0.9742 (0.9808)  loss_bbox_pre: 0.0440 (0.0515)  loss_giou_pre: 0.5412 (0.5620)  loss_mal_enc_0: 1.0024 (0.9804)  loss_bbox_enc_0: 0.0939 (0.1127)  loss_giou_enc_0: 1.0125 (1.0660)  loss_mal_dn_0: 0.7184 (0.7236)  loss_bbox_dn_0: 0.0391 (0.0401)  loss_giou_dn_0: 0.4867 (0.4908)  loss_fgl_dn_0: 1.2475 (1.2498)  loss_ddf_dn_0: 0.1477 (0.1538)  loss_mal_dn_1: 0.6510 (0.6506)  loss_bbox_dn_1: 0.0301 (0.0302)  loss_giou_dn_1: 0.3879 (0.3847)  loss_fgl_dn_1: 1.1960 (1.1994)  loss_ddf_dn_1: 0.0025 (0.0025)  loss_mal_dn_2: 0.6485 (0.6494)  loss_bbox_dn_2: 0.0301 (0.0302)  loss_giou_dn_2: 0.3873 (0.3842)  loss_fgl_dn_2: 1.1962 (1.1998)  loss_ddf_dn_2: -0.0000 (0.0000)  loss_mal_dn_pre: 0.7174 (0.7225)  loss_bbox_dn_pre: 0.0394 (0.0399)  loss_giou_dn_pre: 0.4868 (0.4897)  time: 0.2858  data: 0.0154  max mem: 5225
Epoch: [11/30]  [30/44]  eta: 0:00:04  lr: 0.000100  loss: 20.1018 (20.1441)  loss_mal: 0.7269 (0.7301)  loss_bbox: 0.0432 (0.0433)  loss_giou: 0.4909 (0.4948)  loss_fgl: 1.2469 (1.2452)  loss_mal_aux_0: 1.0065 (0.9959)  loss_bbox_aux_0: 0.0442 (0.0513)  loss_giou_aux_0: 0.5311 (0.5516)  loss_fgl_aux_0: 1.2563 (1.2442)  loss_ddf_aux_0: 0.0994 (0.0977)  loss_mal_aux_1: 0.7605 (0.7587)  loss_bbox_aux_1: 0.0433 (0.0445)  loss_giou_aux_1: 0.4905 (0.5031)  loss_fgl_aux_1: 1.2471 (1.2430)  loss_ddf_aux_1: 0.0075 (0.0079)  loss_mal_pre: 0.9971 (0.9897)  loss_bbox_pre: 0.0440 (0.0501)  loss_giou_pre: 0.5360 (0.5505)  loss_mal_enc_0: 1.0279 (1.0035)  loss_bbox_enc_0: 0.0973 (0.1081)  loss_giou_enc_0: 0.9417 (1.0103)  loss_mal_dn_0: 0.7192 (0.7215)  loss_bbox_dn_0: 0.0396 (0.0404)  loss_giou_dn_0: 0.4867 (0.4860)  loss_fgl_dn_0: 1.2505 (1.2489)  loss_ddf_dn_0: 0.1614 (0.1595)  loss_mal_dn_1: 0.6509 (0.6483)  loss_bbox_dn_1: 0.0296 (0.0303)  loss_giou_dn_1: 0.3819 (0.3814)  loss_fgl_dn_1: 1.1932 (1.1980)  loss_ddf_dn_1: 0.0028 (0.0027)  loss_mal_dn_2: 0.6454 (0.6474)  loss_bbox_dn_2: 0.0295 (0.0303)  loss_giou_dn_2: 0.3828 (0.3807)  loss_fgl_dn_2: 1.1937 (1.1982)  loss_ddf_dn_2: -0.0000 (0.0000)  loss_mal_dn_pre: 0.7187 (0.7208)  loss_bbox_dn_pre: 0.0396 (0.0403)  loss_giou_dn_pre: 0.4868 (0.4856)  time: 0.2856  data: 0.0151  max mem: 5225
Epoch: [11/30]  [40/44]  eta: 0:00:01  lr: 0.000100  loss: 19.9762 (20.1129)  loss_mal: 0.7098 (0.7221)  loss_bbox: 0.0406 (0.0431)  loss_giou: 0.4909 (0.4975)  loss_fgl: 1.2540 (1.2454)  loss_mal_aux_0: 0.9710 (0.9853)  loss_bbox_aux_0: 0.0456 (0.0499)  loss_giou_aux_0: 0.5238 (0.5476)  loss_fgl_aux_0: 1.2560 (1.2462)  loss_ddf_aux_0: 0.0779 (0.0915)  loss_mal_aux_1: 0.7376 (0.7515)  loss_bbox_aux_1: 0.0411 (0.0442)  loss_giou_aux_1: 0.4863 (0.5044)  loss_fgl_aux_1: 1.2529 (1.2440)  loss_ddf_aux_1: 0.0059 (0.0073)  loss_mal_pre: 0.9701 (0.9795)  loss_bbox_pre: 0.0457 (0.0489)  loss_giou_pre: 0.5202 (0.5461)  loss_mal_enc_0: 1.0699 (1.0367)  loss_bbox_enc_0: 0.0857 (0.1003)  loss_giou_enc_0: 0.8640 (0.9705)  loss_mal_dn_0: 0.7180 (0.7207)  loss_bbox_dn_0: 0.0398 (0.0406)  loss_giou_dn_0: 0.4915 (0.4888)  loss_fgl_dn_0: 1.2540 (1.2512)  loss_ddf_dn_0: 0.1645 (0.1612)  loss_mal_dn_1: 0.6509 (0.6513)  loss_bbox_dn_1: 0.0297 (0.0306)  loss_giou_dn_1: 0.3797 (0.3857)  loss_fgl_dn_1: 1.2071 (1.2022)  loss_ddf_dn_1: 0.0028 (0.0028)  loss_mal_dn_2: 0.6457 (0.6494)  loss_bbox_dn_2: 0.0298 (0.0306)  loss_giou_dn_2: 0.3810 (0.3847)  loss_fgl_dn_2: 1.2068 (1.2022)  loss_ddf_dn_2: -0.0000 (0.0000)  loss_mal_dn_pre: 0.7176 (0.7202)  loss_bbox_dn_pre: 0.0403 (0.0405)  loss_giou_dn_pre: 0.4890 (0.4882)  time: 0.2846  data: 0.0151  max mem: 5225
Epoch: [11/30]  [43/44]  eta: 0:00:00  lr: 0.000100  loss: 20.0389 (20.1774)  loss_mal: 0.7047 (0.7196)  loss_bbox: 0.0441 (0.0468)  loss_giou: 0.5072 (0.5118)  loss_fgl: 1.2505 (1.2392)  loss_mal_aux_0: 0.9620 (0.9809)  loss_bbox_aux_0: 0.0469 (0.0534)  loss_giou_aux_0: 0.5281 (0.5626)  loss_fgl_aux_0: 1.2496 (1.2399)  loss_ddf_aux_0: 0.0723 (0.0892)  loss_mal_aux_1: 0.7370 (0.7484)  loss_bbox_aux_1: 0.0444 (0.0475)  loss_giou_aux_1: 0.5094 (0.5196)  loss_fgl_aux_1: 1.2498 (1.2378)  loss_ddf_aux_1: 0.0055 (0.0071)  loss_mal_pre: 0.9539 (0.9751)  loss_bbox_pre: 0.0471 (0.0516)  loss_giou_pre: 0.5309 (0.5616)  loss_mal_enc_0: 1.1026 (1.0442)  loss_bbox_enc_0: 0.0811 (0.1037)  loss_giou_enc_0: 0.8601 (0.9764)  loss_mal_dn_0: 0.7187 (0.7208)  loss_bbox_dn_0: 0.0411 (0.0407)  loss_giou_dn_0: 0.4927 (0.4902)  loss_fgl_dn_0: 1.2540 (1.2517)  loss_ddf_dn_0: 0.1645 (0.1604)  loss_mal_dn_1: 0.6542 (0.6521)  loss_bbox_dn_1: 0.0311 (0.0308)  loss_giou_dn_1: 0.3879 (0.3876)  loss_fgl_dn_1: 1.2132 (1.2032)  loss_ddf_dn_1: 0.0028 (0.0028)  loss_mal_dn_2: 0.6527 (0.6500)  loss_bbox_dn_2: 0.0311 (0.0307)  loss_giou_dn_2: 0.3876 (0.3866)  loss_fgl_dn_2: 1.2113 (1.2032)  loss_ddf_dn_2: -0.0000 (0.0000)  loss_mal_dn_pre: 0.7177 (0.7202)  loss_bbox_dn_pre: 0.0410 (0.0406)  loss_giou_dn_pre: 0.4892 (0.4895)  time: 0.2826  data: 0.0149  max mem: 5225
Epoch: [11/30] Total time: 0:00:12 (0.2918 s / it)
Averaged stats: lr: 0.000100  loss: 20.0389 (20.1774)  loss_mal: 0.7047 (0.7196)  loss_bbox: 0.0441 (0.0468)  loss_giou: 0.5072 (0.5118)  loss_fgl: 1.2505 (1.2392)  loss_mal_aux_0: 0.9620 (0.9809)  loss_bbox_aux_0: 0.0469 (0.0534)  loss_giou_aux_0: 0.5281 (0.5626)  loss_fgl_aux_0: 1.2496 (1.2399)  loss_ddf_aux_0: 0.0723 (0.0892)  loss_mal_aux_1: 0.7370 (0.7484)  loss_bbox_aux_1: 0.0444 (0.0475)  loss_giou_aux_1: 0.5094 (0.5196)  loss_fgl_aux_1: 1.2498 (1.2378)  loss_ddf_aux_1: 0.0055 (0.0071)  loss_mal_pre: 0.9539 (0.9751)  loss_bbox_pre: 0.0471 (0.0516)  loss_giou_pre: 0.5309 (0.5616)  loss_mal_enc_0: 1.1026 (1.0442)  loss_bbox_enc_0: 0.0811 (0.1037)  loss_giou_enc_0: 0.8601 (0.9764)  loss_mal_dn_0: 0.7187 (0.7208)  loss_bbox_dn_0: 0.0411 (0.0407)  loss_giou_dn_0: 0.4927 (0.4902)  loss_fgl_dn_0: 1.2540 (1.2517)  loss_ddf_dn_0: 0.1645 (0.1604)  loss_mal_dn_1: 0.6542 (0.6521)  loss_bbox_dn_1: 0.0311 (0.0308)  loss_giou_dn_1: 0.3879 (0.3876)  loss_fgl_dn_1: 1.2132 (1.2032)  loss_ddf_dn_1: 0.0028 (0.0028)  loss_mal_dn_2: 0.6527 (0.6500)  loss_bbox_dn_2: 0.0311 (0.0307)  loss_giou_dn_2: 0.3876 (0.3866)  loss_fgl_dn_2: 1.2113 (1.2032)  loss_ddf_dn_2: -0.0000 (0.0000)  loss_mal_dn_pre: 0.7177 (0.7202)  loss_bbox_dn_pre: 0.0410 (0.0406)  loss_giou_dn_pre: 0.4892 (0.4895)
Test:  [0/9]  eta: 0:00:02    time: 0.3138  data: 0.2510  max mem: 5225
Test:  [8/9]  eta: 0:00:00    time: 0.1242  data: 0.0459  max mem: 5225
Test: Total time: 0:00:01 (0.1288 s / it)
Metrics: {'f1': 0.9121621621621622, 'precision': 0.8881578947368421, 'recall': 0.9375, 'iou': 0.5883448009165178, 'TPs': 135, 'FPs': 17, 'FNs': 9}
Averaged stats: 
Accumulating evaluation results...
COCOeval_opt.accumulate() finished...
DONE (t=0.01s).
IoU metric: bbox
 Average Precision  (AP) @[ IoU=0.50:0.95 | area=   all | maxDets=100 ] = 0.343
 Average Precision  (AP) @[ IoU=0.50      | area=   all | maxDets=100 ] = 0.924
 Average Precision  (AP) @[ IoU=0.75      | area=   all | maxDets=100 ] = 0.116
 Average Precision  (AP) @[ IoU=0.50:0.95 | area= small | maxDets=100 ] = 0.344
 Average Precision  (AP) @[ IoU=0.50:0.95 | area=medium | maxDets=100 ] = -1.000
 Average Precision  (AP) @[ IoU=0.50:0.95 | area= large | maxDets=100 ] = -1.000
 Average Recall     (AR) @[ IoU=0.50:0.95 | area=   all | maxDets=  1 ] = 0.193
 Average Recall     (AR) @[ IoU=0.50:0.95 | area=   all | maxDets= 10 ] = 0.485
 Average Recall     (AR) @[ IoU=0.50:0.95 | area=   all | maxDets=100 ] = 0.619
 Average Recall     (AR) @[ IoU=0.50:0.95 | area= small | maxDets=100 ] = 0.619
 Average Recall     (AR) @[ IoU=0.50:0.95 | area=medium | maxDets=100 ] = -1.000
 Average Recall     (AR) @[ IoU=0.50:0.95 | area= large | maxDets=100 ] = -1.000
 Average Recall     (AR) @[ IoU=0.50      | area=   all | maxDets=100 ] = 1.000
 Average Recall     (AR) @[ IoU=0.75      | area=   all | maxDets=100 ] = 0.694
best_stat: {'epoch': 10, 'coco_eval_bbox': 0.36496804663448856}
Epoch: [12/30]  [ 0/44]  eta: 0:00:23  lr: 0.000100  loss: 20.7099 (20.7099)  loss_mal: 0.6962 (0.6962)  loss_bbox: 0.0512 (0.0512)  loss_giou: 0.5111 (0.5111)  loss_fgl: 1.2924 (1.2924)  loss_mal_aux_0: 0.9385 (0.9385)  loss_bbox_aux_0: 0.0550 (0.0550)  loss_giou_aux_0: 0.5479 (0.5479)  loss_fgl_aux_0: 1.3058 (1.3058)  loss_ddf_aux_0: 0.0697 (0.0697)  loss_mal_aux_1: 0.7356 (0.7356)  loss_bbox_aux_1: 0.0504 (0.0504)  loss_giou_aux_1: 0.5052 (0.5052)  loss_fgl_aux_1: 1.2924 (1.2924)  loss_ddf_aux_1: 0.0043 (0.0043)  loss_mal_pre: 0.9396 (0.9396)  loss_bbox_pre: 0.0555 (0.0555)  loss_giou_pre: 0.5445 (0.5445)  loss_mal_enc_0: 1.0250 (1.0250)  loss_bbox_enc_0: 0.1035 (0.1035)  loss_giou_enc_0: 1.1138 (1.1138)  loss_mal_dn_0: 0.7195 (0.7195)  loss_bbox_dn_0: 0.0478 (0.0478)  loss_giou_dn_0: 0.5162 (0.5162)  loss_fgl_dn_0: 1.3238 (1.3238)  loss_ddf_dn_0: 0.1363 (0.1363)  loss_mal_dn_1: 0.6703 (0.6703)  loss_bbox_dn_1: 0.0385 (0.0385)  loss_giou_dn_1: 0.4281 (0.4281)  loss_fgl_dn_1: 1.2888 (1.2888)  loss_ddf_dn_1: 0.0033 (0.0033)  loss_mal_dn_2: 0.6656 (0.6656)  loss_bbox_dn_2: 0.0387 (0.0387)  loss_giou_dn_2: 0.4301 (0.4301)  loss_fgl_dn_2: 1.2933 (1.2933)  loss_ddf_dn_2: -0.0000 (0.0000)  loss_mal_dn_pre: 0.7173 (0.7173)  loss_bbox_dn_pre: 0.0471 (0.0471)  loss_giou_dn_pre: 0.5076 (0.5076)  time: 0.5425  data: 0.2568  max mem: 5225
Epoch: [12/30]  [10/44]  eta: 0:00:10  lr: 0.000100  loss: 20.1762 (20.1956)  loss_mal: 0.7159 (0.7325)  loss_bbox: 0.0428 (0.0436)  loss_giou: 0.4961 (0.4869)  loss_fgl: 1.2589 (1.2516)  loss_mal_aux_0: 0.9458 (0.9977)  loss_bbox_aux_0: 0.0457 (0.0473)  loss_giou_aux_0: 0.5301 (0.5269)  loss_fgl_aux_0: 1.2609 (1.2573)  loss_ddf_aux_0: 0.0750 (0.0790)  loss_mal_aux_1: 0.7356 (0.7504)  loss_bbox_aux_1: 0.0426 (0.0438)  loss_giou_aux_1: 0.4983 (0.4914)  loss_fgl_aux_1: 1.2599 (1.2518)  loss_ddf_aux_1: 0.0055 (0.0058)  loss_mal_pre: 0.9396 (0.9914)  loss_bbox_pre: 0.0453 (0.0463)  loss_giou_pre: 0.5333 (0.5219)  loss_mal_enc_0: 1.0560 (1.0538)  loss_bbox_enc_0: 0.1035 (0.0989)  loss_giou_enc_0: 1.0375 (1.0321)  loss_mal_dn_0: 0.7195 (0.7221)  loss_bbox_dn_0: 0.0401 (0.0410)  loss_giou_dn_0: 0.4947 (0.4858)  loss_fgl_dn_0: 1.2609 (1.2606)  loss_ddf_dn_0: 0.1363 (0.1358)  loss_mal_dn_1: 0.6550 (0.6536)  loss_bbox_dn_1: 0.0320 (0.0318)  loss_giou_dn_1: 0.3951 (0.3929)  loss_fgl_dn_1: 1.2080 (1.2188)  loss_ddf_dn_1: 0.0027 (0.0028)  loss_mal_dn_2: 0.6527 (0.6516)  loss_bbox_dn_2: 0.0317 (0.0317)  loss_giou_dn_2: 0.3963 (0.3921)  loss_fgl_dn_2: 1.2092 (1.2191)  loss_ddf_dn_2: -0.0000 (0.0000)  loss_mal_dn_pre: 0.7173 (0.7203)  loss_bbox_dn_pre: 0.0399 (0.0409)  loss_giou_dn_pre: 0.4929 (0.4842)  time: 0.3081  data: 0.0373  max mem: 5225
Epoch: [12/30]  [20/44]  eta: 0:00:07  lr: 0.000100  loss: 20.0140 (20.0409)  loss_mal: 0.7159 (0.7256)  loss_bbox: 0.0419 (0.0429)  loss_giou: 0.4880 (0.4858)  loss_fgl: 1.2555 (1.2555)  loss_mal_aux_0: 0.9477 (0.9980)  loss_bbox_aux_0: 0.0431 (0.0452)  loss_giou_aux_0: 0.5136 (0.5148)  loss_fgl_aux_0: 1.2609 (1.2594)  loss_ddf_aux_0: 0.0665 (0.0677)  loss_mal_aux_1: 0.7254 (0.7463)  loss_bbox_aux_1: 0.0414 (0.0429)  loss_giou_aux_1: 0.4871 (0.4883)  loss_fgl_aux_1: 1.2556 (1.2551)  loss_ddf_aux_1: 0.0054 (0.0055)  loss_mal_pre: 0.9513 (0.9923)  loss_bbox_pre: 0.0433 (0.0445)  loss_giou_pre: 0.5093 (0.5104)  loss_mal_enc_0: 1.0648 (1.0876)  loss_bbox_enc_0: 0.0774 (0.0850)  loss_giou_enc_0: 0.8945 (0.9342)  loss_mal_dn_0: 0.7188 (0.7201)  loss_bbox_dn_0: 0.0393 (0.0411)  loss_giou_dn_0: 0.4839 (0.4887)  loss_fgl_dn_0: 1.2497 (1.2567)  loss_ddf_dn_0: 0.1296 (0.1319)  loss_mal_dn_1: 0.6534 (0.6537)  loss_bbox_dn_1: 0.0309 (0.0312)  loss_giou_dn_1: 0.3868 (0.3901)  loss_fgl_dn_1: 1.2031 (1.2097)  loss_ddf_dn_1: 0.0027 (0.0028)  loss_mal_dn_2: 0.6498 (0.6503)  loss_bbox_dn_2: 0.0307 (0.0312)  loss_giou_dn_2: 0.3861 (0.3895)  loss_fgl_dn_2: 1.2022 (1.2099)  loss_ddf_dn_2: -0.0000 (0.0000)  loss_mal_dn_pre: 0.7170 (0.7192)  loss_bbox_dn_pre: 0.0390 (0.0410)  loss_giou_dn_pre: 0.4833 (0.4867)  time: 0.2842  data: 0.0153  max mem: 5225
Epoch: [12/30]  [30/44]  eta: 0:00:04  lr: 0.000100  loss: 19.7174 (19.9981)  loss_mal: 0.7053 (0.7167)  loss_bbox: 0.0428 (0.0440)  loss_giou: 0.4891 (0.4909)  loss_fgl: 1.2499 (1.2512)  loss_mal_aux_0: 0.9445 (0.9865)  loss_bbox_aux_0: 0.0431 (0.0466)  loss_giou_aux_0: 0.5109 (0.5192)  loss_fgl_aux_0: 1.2527 (1.2540)  loss_ddf_aux_0: 0.0551 (0.0638)  loss_mal_aux_1: 0.7168 (0.7360)  loss_bbox_aux_1: 0.0429 (0.0443)  loss_giou_aux_1: 0.4913 (0.4928)  loss_fgl_aux_1: 1.2510 (1.2503)  loss_ddf_aux_1: 0.0050 (0.0053)  loss_mal_pre: 0.9513 (0.9813)  loss_bbox_pre: 0.0431 (0.0457)  loss_giou_pre: 0.5088 (0.5170)  loss_mal_enc_0: 1.1200 (1.0898)  loss_bbox_enc_0: 0.0756 (0.0851)  loss_giou_enc_0: 0.8575 (0.9263)  loss_mal_dn_0: 0.7160 (0.7198)  loss_bbox_dn_0: 0.0394 (0.0410)  loss_giou_dn_0: 0.4839 (0.4898)  loss_fgl_dn_0: 1.2525 (1.2584)  loss_ddf_dn_0: 0.1296 (0.1333)  loss_mal_dn_1: 0.6506 (0.6527)  loss_bbox_dn_1: 0.0304 (0.0310)  loss_giou_dn_1: 0.3862 (0.3886)  loss_fgl_dn_1: 1.2013 (1.2083)  loss_ddf_dn_1: 0.0030 (0.0029)  loss_mal_dn_2: 0.6486 (0.6495)  loss_bbox_dn_2: 0.0303 (0.0310)  loss_giou_dn_2: 0.3840 (0.3881)  loss_fgl_dn_2: 1.2006 (1.2084)  loss_ddf_dn_2: -0.0000 (0.0000)  loss_mal_dn_pre: 0.7162 (0.7190)  loss_bbox_dn_pre: 0.0398 (0.0409)  loss_giou_dn_pre: 0.4852 (0.4886)  time: 0.2833  data: 0.0152  max mem: 5225
Epoch: [12/30]  [40/44]  eta: 0:00:01  lr: 0.000100  loss: 19.7774 (19.9796)  loss_mal: 0.7003 (0.7151)  loss_bbox: 0.0431 (0.0457)  loss_giou: 0.5006 (0.4971)  loss_fgl: 1.2394 (1.2469)  loss_mal_aux_0: 0.9445 (0.9741)  loss_bbox_aux_0: 0.0446 (0.0485)  loss_giou_aux_0: 0.5278 (0.5267)  loss_fgl_aux_0: 1.2407 (1.2478)  loss_ddf_aux_0: 0.0558 (0.0631)  loss_mal_aux_1: 0.7162 (0.7374)  loss_bbox_aux_1: 0.0429 (0.0465)  loss_giou_aux_1: 0.5035 (0.5000)  loss_fgl_aux_1: 1.2314 (1.2430)  loss_ddf_aux_1: 0.0043 (0.0050)  loss_mal_pre: 0.9518 (0.9699)  loss_bbox_pre: 0.0444 (0.0471)  loss_giou_pre: 0.5251 (0.5240)  loss_mal_enc_0: 1.1184 (1.0972)  loss_bbox_enc_0: 0.0792 (0.0884)  loss_giou_enc_0: 0.8982 (0.9184)  loss_mal_dn_0: 0.7157 (0.7187)  loss_bbox_dn_0: 0.0413 (0.0414)  loss_giou_dn_0: 0.4894 (0.4904)  loss_fgl_dn_0: 1.2525 (1.2544)  loss_ddf_dn_0: 0.1388 (0.1362)  loss_mal_dn_1: 0.6493 (0.6518)  loss_bbox_dn_1: 0.0305 (0.0311)  loss_giou_dn_1: 0.3862 (0.3869)  loss_fgl_dn_1: 1.2043 (1.2051)  loss_ddf_dn_1: 0.0028 (0.0029)  loss_mal_dn_2: 0.6467 (0.6484)  loss_bbox_dn_2: 0.0306 (0.0311)  loss_giou_dn_2: 0.3850 (0.3863)  loss_fgl_dn_2: 1.2029 (1.2053)  loss_ddf_dn_2: -0.0000 (0.0000)  loss_mal_dn_pre: 0.7149 (0.7180)  loss_bbox_dn_pre: 0.0413 (0.0411)  loss_giou_dn_pre: 0.4908 (0.4884)  time: 0.2829  data: 0.0151  max mem: 5225
Epoch: [12/30]  [43/44]  eta: 0:00:00  lr: 0.000100  loss: 19.9191 (19.9650)  loss_mal: 0.6994 (0.7141)  loss_bbox: 0.0431 (0.0454)  loss_giou: 0.5119 (0.4973)  loss_fgl: 1.2301 (1.2463)  loss_mal_aux_0: 0.9445 (0.9679)  loss_bbox_aux_0: 0.0446 (0.0483)  loss_giou_aux_0: 0.5278 (0.5266)  loss_fgl_aux_0: 1.2337 (1.2478)  loss_ddf_aux_0: 0.0590 (0.0632)  loss_mal_aux_1: 0.7168 (0.7372)  loss_bbox_aux_1: 0.0429 (0.0462)  loss_giou_aux_1: 0.5113 (0.4999)  loss_fgl_aux_1: 1.2271 (1.2429)  loss_ddf_aux_1: 0.0042 (0.0049)  loss_mal_pre: 0.9498 (0.9640)  loss_bbox_pre: 0.0444 (0.0470)  loss_giou_pre: 0.5251 (0.5242)  loss_mal_enc_0: 1.1184 (1.1010)  loss_bbox_enc_0: 0.0792 (0.0877)  loss_giou_enc_0: 0.8982 (0.9145)  loss_mal_dn_0: 0.7184 (0.7189)  loss_bbox_dn_0: 0.0421 (0.0415)  loss_giou_dn_0: 0.4916 (0.4921)  loss_fgl_dn_0: 1.2500 (1.2532)  loss_ddf_dn_0: 0.1466 (0.1372)  loss_mal_dn_1: 0.6506 (0.6517)  loss_bbox_dn_1: 0.0305 (0.0311)  loss_giou_dn_1: 0.3902 (0.3874)  loss_fgl_dn_1: 1.2043 (1.2035)  loss_ddf_dn_1: 0.0028 (0.0028)  loss_mal_dn_2: 0.6479 (0.6483)  loss_bbox_dn_2: 0.0306 (0.0310)  loss_giou_dn_2: 0.3896 (0.3868)  loss_fgl_dn_2: 1.2041 (1.2037)  loss_ddf_dn_2: -0.0000 (0.0000)  loss_mal_dn_pre: 0.7174 (0.7181)  loss_bbox_dn_pre: 0.0419 (0.0413)  loss_giou_dn_pre: 0.4911 (0.4900)  time: 0.2818  data: 0.0150  max mem: 5225
Epoch: [12/30] Total time: 0:00:12 (0.2900 s / it)
Averaged stats: lr: 0.000100  loss: 19.9191 (19.9650)  loss_mal: 0.6994 (0.7141)  loss_bbox: 0.0431 (0.0454)  loss_giou: 0.5119 (0.4973)  loss_fgl: 1.2301 (1.2463)  loss_mal_aux_0: 0.9445 (0.9679)  loss_bbox_aux_0: 0.0446 (0.0483)  loss_giou_aux_0: 0.5278 (0.5266)  loss_fgl_aux_0: 1.2337 (1.2478)  loss_ddf_aux_0: 0.0590 (0.0632)  loss_mal_aux_1: 0.7168 (0.7372)  loss_bbox_aux_1: 0.0429 (0.0462)  loss_giou_aux_1: 0.5113 (0.4999)  loss_fgl_aux_1: 1.2271 (1.2429)  loss_ddf_aux_1: 0.0042 (0.0049)  loss_mal_pre: 0.9498 (0.9640)  loss_bbox_pre: 0.0444 (0.0470)  loss_giou_pre: 0.5251 (0.5242)  loss_mal_enc_0: 1.1184 (1.1010)  loss_bbox_enc_0: 0.0792 (0.0877)  loss_giou_enc_0: 0.8982 (0.9145)  loss_mal_dn_0: 0.7184 (0.7189)  loss_bbox_dn_0: 0.0421 (0.0415)  loss_giou_dn_0: 0.4916 (0.4921)  loss_fgl_dn_0: 1.2500 (1.2532)  loss_ddf_dn_0: 0.1466 (0.1372)  loss_mal_dn_1: 0.6506 (0.6517)  loss_bbox_dn_1: 0.0305 (0.0311)  loss_giou_dn_1: 0.3902 (0.3874)  loss_fgl_dn_1: 1.2043 (1.2035)  loss_ddf_dn_1: 0.0028 (0.0028)  loss_mal_dn_2: 0.6479 (0.6483)  loss_bbox_dn_2: 0.0306 (0.0310)  loss_giou_dn_2: 0.3896 (0.3868)  loss_fgl_dn_2: 1.2041 (1.2037)  loss_ddf_dn_2: -0.0000 (0.0000)  loss_mal_dn_pre: 0.7174 (0.7181)  loss_bbox_dn_pre: 0.0419 (0.0413)  loss_giou_dn_pre: 0.4911 (0.4900)
Test:  [0/9]  eta: 0:00:03    time: 0.3642  data: 0.2989  max mem: 5225
Test:  [8/9]  eta: 0:00:00    time: 0.1033  data: 0.0463  max mem: 5225
Test: Total time: 0:00:00 (0.1075 s / it)
Metrics: {'f1': 0.9042904290429044, 'precision': 0.8616352201257862, 'recall': 0.9513888888888888, 'iou': 0.583481874810644, 'TPs': 137, 'FPs': 22, 'FNs': 7}
Averaged stats: 
Accumulating evaluation results...
COCOeval_opt.accumulate() finished...
DONE (t=0.01s).
IoU metric: bbox
 Average Precision  (AP) @[ IoU=0.50:0.95 | area=   all | maxDets=100 ] = 0.344
 Average Precision  (AP) @[ IoU=0.50      | area=   all | maxDets=100 ] = 0.912
 Average Precision  (AP) @[ IoU=0.75      | area=   all | maxDets=100 ] = 0.124
 Average Precision  (AP) @[ IoU=0.50:0.95 | area= small | maxDets=100 ] = 0.344
 Average Precision  (AP) @[ IoU=0.50:0.95 | area=medium | maxDets=100 ] = -1.000
 Average Precision  (AP) @[ IoU=0.50:0.95 | area= large | maxDets=100 ] = -1.000
 Average Recall     (AR) @[ IoU=0.50:0.95 | area=   all | maxDets=  1 ] = 0.197
 Average Recall     (AR) @[ IoU=0.50:0.95 | area=   all | maxDets= 10 ] = 0.486
 Average Recall     (AR) @[ IoU=0.50:0.95 | area=   all | maxDets=100 ] = 0.615
 Average Recall     (AR) @[ IoU=0.50:0.95 | area= small | maxDets=100 ] = 0.615
 Average Recall     (AR) @[ IoU=0.50:0.95 | area=medium | maxDets=100 ] = -1.000
 Average Recall     (AR) @[ IoU=0.50:0.95 | area= large | maxDets=100 ] = -1.000
 Average Recall     (AR) @[ IoU=0.50      | area=   all | maxDets=100 ] = 1.000
 Average Recall     (AR) @[ IoU=0.75      | area=   all | maxDets=100 ] = 0.674
best_stat: {'epoch': 10, 'coco_eval_bbox': 0.36496804663448856}
Epoch: [13/30]  [ 0/44]  eta: 0:00:24  lr: 0.000100  loss: 19.9382 (19.9382)  loss_mal: 0.6888 (0.6888)  loss_bbox: 0.0372 (0.0372)  loss_giou: 0.4509 (0.4509)  loss_fgl: 1.2898 (1.2898)  loss_mal_aux_0: 1.0221 (1.0221)  loss_bbox_aux_0: 0.0409 (0.0409)  loss_giou_aux_0: 0.4722 (0.4722)  loss_fgl_aux_0: 1.3080 (1.3080)  loss_ddf_aux_0: 0.0716 (0.0716)  loss_mal_aux_1: 0.7277 (0.7277)  loss_bbox_aux_1: 0.0375 (0.0375)  loss_giou_aux_1: 0.4493 (0.4493)  loss_fgl_aux_1: 1.2917 (1.2917)  loss_ddf_aux_1: 0.0039 (0.0039)  loss_mal_pre: 1.0177 (1.0177)  loss_bbox_pre: 0.0418 (0.0418)  loss_giou_pre: 0.4812 (0.4812)  loss_mal_enc_0: 1.1311 (1.1311)  loss_bbox_enc_0: 0.0784 (0.0784)  loss_giou_enc_0: 0.9910 (0.9910)  loss_mal_dn_0: 0.7013 (0.7013)  loss_bbox_dn_0: 0.0382 (0.0382)  loss_giou_dn_0: 0.4556 (0.4556)  loss_fgl_dn_0: 1.2791 (1.2791)  loss_ddf_dn_0: 0.1316 (0.1316)  loss_mal_dn_1: 0.6422 (0.6422)  loss_bbox_dn_1: 0.0300 (0.0300)  loss_giou_dn_1: 0.3622 (0.3622)  loss_fgl_dn_1: 1.2261 (1.2261)  loss_ddf_dn_1: 0.0025 (0.0025)  loss_mal_dn_2: 0.6328 (0.6328)  loss_bbox_dn_2: 0.0295 (0.0295)  loss_giou_dn_2: 0.3564 (0.3564)  loss_fgl_dn_2: 1.2237 (1.2237)  loss_ddf_dn_2: -0.0000 (0.0000)  loss_mal_dn_pre: 0.7005 (0.7005)  loss_bbox_dn_pre: 0.0383 (0.0383)  loss_giou_dn_pre: 0.4553 (0.4553)  time: 0.5456  data: 0.2658  max mem: 5225
Epoch: [13/30]  [10/44]  eta: 0:00:10  lr: 0.000100  loss: 19.9514 (20.1278)  loss_mal: 0.7082 (0.7027)  loss_bbox: 0.0383 (0.0405)  loss_giou: 0.4638 (0.4857)  loss_fgl: 1.2575 (1.2585)  loss_mal_aux_0: 0.9741 (1.0185)  loss_bbox_aux_0: 0.0441 (0.0437)  loss_giou_aux_0: 0.5098 (0.5151)  loss_fgl_aux_0: 1.2679 (1.2689)  loss_ddf_aux_0: 0.0645 (0.0672)  loss_mal_aux_1: 0.7283 (0.7260)  loss_bbox_aux_1: 0.0394 (0.0406)  loss_giou_aux_1: 0.4726 (0.4852)  loss_fgl_aux_1: 1.2583 (1.2598)  loss_ddf_aux_1: 0.0036 (0.0037)  loss_mal_pre: 0.9690 (1.0121)  loss_bbox_pre: 0.0435 (0.0437)  loss_giou_pre: 0.5008 (0.5139)  loss_mal_enc_0: 1.2004 (1.1916)  loss_bbox_enc_0: 0.0706 (0.0713)  loss_giou_enc_0: 0.8046 (0.8205)  loss_mal_dn_0: 0.7190 (0.7185)  loss_bbox_dn_0: 0.0432 (0.0428)  loss_giou_dn_0: 0.5131 (0.5112)  loss_fgl_dn_0: 1.2675 (1.2689)  loss_ddf_dn_0: 0.1780 (0.1750)  loss_mal_dn_1: 0.6438 (0.6516)  loss_bbox_dn_1: 0.0300 (0.0311)  loss_giou_dn_1: 0.3737 (0.3885)  loss_fgl_dn_1: 1.2137 (1.2157)  loss_ddf_dn_1: 0.0032 (0.0032)  loss_mal_dn_2: 0.6390 (0.6485)  loss_bbox_dn_2: 0.0296 (0.0309)  loss_giou_dn_2: 0.3722 (0.3879)  loss_fgl_dn_2: 1.2145 (1.2159)  loss_ddf_dn_2: -0.0000 (0.0000)  loss_mal_dn_pre: 0.7168 (0.7172)  loss_bbox_dn_pre: 0.0429 (0.0426)  loss_giou_dn_pre: 0.5116 (0.5090)  time: 0.3096  data: 0.0367  max mem: 5225
Epoch: [13/30]  [20/44]  eta: 0:00:07  lr: 0.000100  loss: 19.6658 (19.9184)  loss_mal: 0.7082 (0.7000)  loss_bbox: 0.0383 (0.0392)  loss_giou: 0.4638 (0.4753)  loss_fgl: 1.2516 (1.2530)  loss_mal_aux_0: 0.9562 (0.9852)  loss_bbox_aux_0: 0.0427 (0.0423)  loss_giou_aux_0: 0.4979 (0.5049)  loss_fgl_aux_0: 1.2637 (1.2626)  loss_ddf_aux_0: 0.0677 (0.0689)  loss_mal_aux_1: 0.7277 (0.7213)  loss_bbox_aux_1: 0.0381 (0.0393)  loss_giou_aux_1: 0.4682 (0.4744)  loss_fgl_aux_1: 1.2571 (1.2543)  loss_ddf_aux_1: 0.0037 (0.0037)  loss_mal_pre: 0.9540 (0.9801)  loss_bbox_pre: 0.0420 (0.0421)  loss_giou_pre: 0.4945 (0.5034)  loss_mal_enc_0: 1.2326 (1.2602)  loss_bbox_enc_0: 0.0643 (0.0674)  loss_giou_enc_0: 0.7853 (0.7937)  loss_mal_dn_0: 0.7166 (0.7157)  loss_bbox_dn_0: 0.0412 (0.0407)  loss_giou_dn_0: 0.4891 (0.4969)  loss_fgl_dn_0: 1.2599 (1.2567)  loss_ddf_dn_0: 0.1663 (0.1651)  loss_mal_dn_1: 0.6424 (0.6468)  loss_bbox_dn_1: 0.0292 (0.0296)  loss_giou_dn_1: 0.3724 (0.3802)  loss_fgl_dn_1: 1.2031 (1.2044)  loss_ddf_dn_1: 0.0027 (0.0028)  loss_mal_dn_2: 0.6375 (0.6441)  loss_bbox_dn_2: 0.0288 (0.0295)  loss_giou_dn_2: 0.3711 (0.3799)  loss_fgl_dn_2: 1.2032 (1.2043)  loss_ddf_dn_2: -0.0000 (0.0000)  loss_mal_dn_pre: 0.7158 (0.7150)  loss_bbox_dn_pre: 0.0401 (0.0404)  loss_giou_dn_pre: 0.4883 (0.4950)  time: 0.2860  data: 0.0146  max mem: 5225
Epoch: [13/30]  [30/44]  eta: 0:00:04  lr: 0.000100  loss: 19.6085 (19.8724)  loss_mal: 0.6911 (0.6973)  loss_bbox: 0.0368 (0.0393)  loss_giou: 0.4513 (0.4693)  loss_fgl: 1.2495 (1.2534)  loss_mal_aux_0: 0.9419 (0.9722)  loss_bbox_aux_0: 0.0426 (0.0422)  loss_giou_aux_0: 0.4718 (0.4967)  loss_fgl_aux_0: 1.2607 (1.2618)  loss_ddf_aux_0: 0.0677 (0.0691)  loss_mal_aux_1: 0.7238 (0.7219)  loss_bbox_aux_1: 0.0376 (0.0394)  loss_giou_aux_1: 0.4532 (0.4692)  loss_fgl_aux_1: 1.2496 (1.2544)  loss_ddf_aux_1: 0.0038 (0.0038)  loss_mal_pre: 0.9383 (0.9671)  loss_bbox_pre: 0.0420 (0.0420)  loss_giou_pre: 0.4736 (0.4955)  loss_mal_enc_0: 1.3509 (1.3126)  loss_bbox_enc_0: 0.0581 (0.0653)  loss_giou_enc_0: 0.6952 (0.7626)  loss_mal_dn_0: 0.7106 (0.7141)  loss_bbox_dn_0: 0.0392 (0.0407)  loss_giou_dn_0: 0.4738 (0.4925)  loss_fgl_dn_0: 1.2561 (1.2609)  loss_ddf_dn_0: 0.1618 (0.1658)  loss_mal_dn_1: 0.6383 (0.6465)  loss_bbox_dn_1: 0.0292 (0.0299)  loss_giou_dn_1: 0.3670 (0.3783)  loss_fgl_dn_1: 1.1940 (1.2059)  loss_ddf_dn_1: 0.0024 (0.0027)  loss_mal_dn_2: 0.6356 (0.6431)  loss_bbox_dn_2: 0.0288 (0.0297)  loss_giou_dn_2: 0.3652 (0.3777)  loss_fgl_dn_2: 1.1937 (1.2057)  loss_ddf_dn_2: -0.0000 (0.0000)  loss_mal_dn_pre: 0.7108 (0.7135)  loss_bbox_dn_pre: 0.0387 (0.0404)  loss_giou_dn_pre: 0.4722 (0.4900)  time: 0.2842  data: 0.0152  max mem: 5225
Epoch: [13/30]  [40/44]  eta: 0:00:01  lr: 0.000100  loss: 19.4391 (19.7329)  loss_mal: 0.6790 (0.6917)  loss_bbox: 0.0380 (0.0393)  loss_giou: 0.4342 (0.4626)  loss_fgl: 1.2420 (1.2519)  loss_mal_aux_0: 0.8867 (0.9467)  loss_bbox_aux_0: 0.0403 (0.0419)  loss_giou_aux_0: 0.4684 (0.4886)  loss_fgl_aux_0: 1.2498 (1.2599)  loss_ddf_aux_0: 0.0674 (0.0688)  loss_mal_aux_1: 0.7094 (0.7144)  loss_bbox_aux_1: 0.0378 (0.0394)  loss_giou_aux_1: 0.4375 (0.4631)  loss_fgl_aux_1: 1.2438 (1.2527)  loss_ddf_aux_1: 0.0038 (0.0038)  loss_mal_pre: 0.8844 (0.9425)  loss_bbox_pre: 0.0406 (0.0417)  loss_giou_pre: 0.4677 (0.4871)  loss_mal_enc_0: 1.4849 (1.3664)  loss_bbox_enc_0: 0.0530 (0.0611)  loss_giou_enc_0: 0.5966 (0.7105)  loss_mal_dn_0: 0.7105 (0.7128)  loss_bbox_dn_0: 0.0405 (0.0409)  loss_giou_dn_0: 0.4724 (0.4888)  loss_fgl_dn_0: 1.2550 (1.2577)  loss_ddf_dn_0: 0.1612 (0.1644)  loss_mal_dn_1: 0.6362 (0.6438)  loss_bbox_dn_1: 0.0297 (0.0299)  loss_giou_dn_1: 0.3620 (0.3742)  loss_fgl_dn_1: 1.1930 (1.2007)  loss_ddf_dn_1: 0.0020 (0.0025)  loss_mal_dn_2: 0.6342 (0.6404)  loss_bbox_dn_2: 0.0297 (0.0297)  loss_giou_dn_2: 0.3590 (0.3735)  loss_fgl_dn_2: 1.1923 (1.2003)  loss_ddf_dn_2: -0.0000 (0.0000)  loss_mal_dn_pre: 0.7102 (0.7122)  loss_bbox_dn_pre: 0.0404 (0.0407)  loss_giou_dn_pre: 0.4722 (0.4865)  time: 0.2820  data: 0.0151  max mem: 5225
Epoch: [13/30]  [43/44]  eta: 0:00:00  lr: 0.000100  loss: 19.2430 (19.7002)  loss_mal: 0.6790 (0.6905)  loss_bbox: 0.0392 (0.0393)  loss_giou: 0.4419 (0.4620)  loss_fgl: 1.2495 (1.2531)  loss_mal_aux_0: 0.8822 (0.9378)  loss_bbox_aux_0: 0.0403 (0.0417)  loss_giou_aux_0: 0.4562 (0.4867)  loss_fgl_aux_0: 1.2546 (1.2602)  loss_ddf_aux_0: 0.0674 (0.0687)  loss_mal_aux_1: 0.7016 (0.7125)  loss_bbox_aux_1: 0.0390 (0.0394)  loss_giou_aux_1: 0.4382 (0.4624)  loss_fgl_aux_1: 1.2490 (1.2538)  loss_ddf_aux_1: 0.0037 (0.0037)  loss_mal_pre: 0.8795 (0.9337)  loss_bbox_pre: 0.0406 (0.0416)  loss_giou_pre: 0.4580 (0.4850)  loss_mal_enc_0: 1.4823 (1.3673)  loss_bbox_enc_0: 0.0509 (0.0601)  loss_giou_enc_0: 0.5637 (0.6984)  loss_mal_dn_0: 0.7105 (0.7127)  loss_bbox_dn_0: 0.0402 (0.0408)  loss_giou_dn_0: 0.4699 (0.4872)  loss_fgl_dn_0: 1.2531 (1.2580)  loss_ddf_dn_0: 0.1612 (0.1663)  loss_mal_dn_1: 0.6362 (0.6439)  loss_bbox_dn_1: 0.0301 (0.0300)  loss_giou_dn_1: 0.3620 (0.3746)  loss_fgl_dn_1: 1.1930 (1.2020)  loss_ddf_dn_1: 0.0020 (0.0025)  loss_mal_dn_2: 0.6342 (0.6408)  loss_bbox_dn_2: 0.0300 (0.0298)  loss_giou_dn_2: 0.3590 (0.3740)  loss_fgl_dn_2: 1.1937 (1.2019)  loss_ddf_dn_2: -0.0000 (0.0000)  loss_mal_dn_pre: 0.7102 (0.7121)  loss_bbox_dn_pre: 0.0400 (0.0406)  loss_giou_dn_pre: 0.4685 (0.4850)  time: 0.2802  data: 0.0150  max mem: 5225
Epoch: [13/30] Total time: 0:00:12 (0.2901 s / it)
Averaged stats: lr: 0.000100  loss: 19.2430 (19.7002)  loss_mal: 0.6790 (0.6905)  loss_bbox: 0.0392 (0.0393)  loss_giou: 0.4419 (0.4620)  loss_fgl: 1.2495 (1.2531)  loss_mal_aux_0: 0.8822 (0.9378)  loss_bbox_aux_0: 0.0403 (0.0417)  loss_giou_aux_0: 0.4562 (0.4867)  loss_fgl_aux_0: 1.2546 (1.2602)  loss_ddf_aux_0: 0.0674 (0.0687)  loss_mal_aux_1: 0.7016 (0.7125)  loss_bbox_aux_1: 0.0390 (0.0394)  loss_giou_aux_1: 0.4382 (0.4624)  loss_fgl_aux_1: 1.2490 (1.2538)  loss_ddf_aux_1: 0.0037 (0.0037)  loss_mal_pre: 0.8795 (0.9337)  loss_bbox_pre: 0.0406 (0.0416)  loss_giou_pre: 0.4580 (0.4850)  loss_mal_enc_0: 1.4823 (1.3673)  loss_bbox_enc_0: 0.0509 (0.0601)  loss_giou_enc_0: 0.5637 (0.6984)  loss_mal_dn_0: 0.7105 (0.7127)  loss_bbox_dn_0: 0.0402 (0.0408)  loss_giou_dn_0: 0.4699 (0.4872)  loss_fgl_dn_0: 1.2531 (1.2580)  loss_ddf_dn_0: 0.1612 (0.1663)  loss_mal_dn_1: 0.6362 (0.6439)  loss_bbox_dn_1: 0.0301 (0.0300)  loss_giou_dn_1: 0.3620 (0.3746)  loss_fgl_dn_1: 1.1930 (1.2020)  loss_ddf_dn_1: 0.0020 (0.0025)  loss_mal_dn_2: 0.6342 (0.6408)  loss_bbox_dn_2: 0.0300 (0.0298)  loss_giou_dn_2: 0.3590 (0.3740)  loss_fgl_dn_2: 1.1937 (1.2019)  loss_ddf_dn_2: -0.0000 (0.0000)  loss_mal_dn_pre: 0.7102 (0.7121)  loss_bbox_dn_pre: 0.0400 (0.0406)  loss_giou_dn_pre: 0.4685 (0.4850)
Test:  [0/9]  eta: 0:00:03    time: 0.3553  data: 0.2904  max mem: 5225
Test:  [8/9]  eta: 0:00:00    time: 0.1041  data: 0.0462  max mem: 5225
Test: Total time: 0:00:00 (0.1085 s / it)
Metrics: {'f1': 0.9266666666666667, 'precision': 0.8910256410256411, 'recall': 0.9652777777777778, 'iou': 0.6062495682550513, 'TPs': 139, 'FPs': 17, 'FNs': 5}
Averaged stats: 
Accumulating evaluation results...
COCOeval_opt.accumulate() finished...
DONE (t=0.01s).
IoU metric: bbox
 Average Precision  (AP) @[ IoU=0.50:0.95 | area=   all | maxDets=100 ] = 0.354
 Average Precision  (AP) @[ IoU=0.50      | area=   all | maxDets=100 ] = 0.942
 Average Precision  (AP) @[ IoU=0.75      | area=   all | maxDets=100 ] = 0.128
 Average Precision  (AP) @[ IoU=0.50:0.95 | area= small | maxDets=100 ] = 0.355
 Average Precision  (AP) @[ IoU=0.50:0.95 | area=medium | maxDets=100 ] = -1.000
 Average Precision  (AP) @[ IoU=0.50:0.95 | area= large | maxDets=100 ] = -1.000
 Average Recall     (AR) @[ IoU=0.50:0.95 | area=   all | maxDets=  1 ] = 0.198
 Average Recall     (AR) @[ IoU=0.50:0.95 | area=   all | maxDets= 10 ] = 0.489
 Average Recall     (AR) @[ IoU=0.50:0.95 | area=   all | maxDets=100 ] = 0.608
 Average Recall     (AR) @[ IoU=0.50:0.95 | area= small | maxDets=100 ] = 0.608
 Average Recall     (AR) @[ IoU=0.50:0.95 | area=medium | maxDets=100 ] = -1.000
 Average Recall     (AR) @[ IoU=0.50:0.95 | area= large | maxDets=100 ] = -1.000
 Average Recall     (AR) @[ IoU=0.50      | area=   all | maxDets=100 ] = 1.000
 Average Recall     (AR) @[ IoU=0.75      | area=   all | maxDets=100 ] = 0.639
best_stat: {'epoch': 10, 'coco_eval_bbox': 0.36496804663448856}
Epoch: [14/30]  [ 0/44]  eta: 0:00:24  lr: 0.000100  loss: 19.0501 (19.0501)  loss_mal: 0.6835 (0.6835)  loss_bbox: 0.0359 (0.0359)  loss_giou: 0.4513 (0.4513)  loss_fgl: 1.2336 (1.2336)  loss_mal_aux_0: 0.8008 (0.8008)  loss_bbox_aux_0: 0.0381 (0.0381)  loss_giou_aux_0: 0.4876 (0.4876)  loss_fgl_aux_0: 1.2405 (1.2405)  loss_ddf_aux_0: 0.0645 (0.0645)  loss_mal_aux_1: 0.6999 (0.6999)  loss_bbox_aux_1: 0.0361 (0.0361)  loss_giou_aux_1: 0.4497 (0.4497)  loss_fgl_aux_1: 1.2329 (1.2329)  loss_ddf_aux_1: 0.0033 (0.0033)  loss_mal_pre: 0.7973 (0.7973)  loss_bbox_pre: 0.0385 (0.0385)  loss_giou_pre: 0.4884 (0.4884)  loss_mal_enc_0: 1.4147 (1.4147)  loss_bbox_enc_0: 0.0436 (0.0436)  loss_giou_enc_0: 0.5195 (0.5195)  loss_mal_dn_0: 0.7155 (0.7155)  loss_bbox_dn_0: 0.0373 (0.0373)  loss_giou_dn_0: 0.4706 (0.4706)  loss_fgl_dn_0: 1.2502 (1.2502)  loss_ddf_dn_0: 0.1208 (0.1208)  loss_mal_dn_1: 0.6360 (0.6360)  loss_bbox_dn_1: 0.0284 (0.0284)  loss_giou_dn_1: 0.3711 (0.3711)  loss_fgl_dn_1: 1.1990 (1.1990)  loss_ddf_dn_1: 0.0014 (0.0014)  loss_mal_dn_2: 0.6357 (0.6357)  loss_bbox_dn_2: 0.0286 (0.0286)  loss_giou_dn_2: 0.3734 (0.3734)  loss_fgl_dn_2: 1.2009 (1.2009)  loss_ddf_dn_2: -0.0000 (0.0000)  loss_mal_dn_pre: 0.7151 (0.7151)  loss_bbox_dn_pre: 0.0372 (0.0372)  loss_giou_dn_pre: 0.4693 (0.4693)  time: 0.5461  data: 0.2461  max mem: 5225
Epoch: [14/30]  [10/44]  eta: 0:00:10  lr: 0.000100  loss: 18.6279 (18.6171)  loss_mal: 0.6665 (0.6703)  loss_bbox: 0.0348 (0.0344)  loss_giou: 0.4155 (0.4186)  loss_fgl: 1.2431 (1.2517)  loss_mal_aux_0: 0.8149 (0.8213)  loss_bbox_aux_0: 0.0353 (0.0352)  loss_giou_aux_0: 0.4411 (0.4327)  loss_fgl_aux_0: 1.2546 (1.2585)  loss_ddf_aux_0: 0.0621 (0.0628)  loss_mal_aux_1: 0.6847 (0.6862)  loss_bbox_aux_1: 0.0343 (0.0344)  loss_giou_aux_1: 0.4169 (0.4176)  loss_fgl_aux_1: 1.2430 (1.2521)  loss_ddf_aux_1: 0.0031 (0.0030)  loss_mal_pre: 0.8089 (0.8152)  loss_bbox_pre: 0.0353 (0.0353)  loss_giou_pre: 0.4433 (0.4327)  loss_mal_enc_0: 1.2717 (1.2760)  loss_bbox_enc_0: 0.0395 (0.0400)  loss_giou_enc_0: 0.4906 (0.4924)  loss_mal_dn_0: 0.7066 (0.7027)  loss_bbox_dn_0: 0.0350 (0.0349)  loss_giou_dn_0: 0.4391 (0.4315)  loss_fgl_dn_0: 1.2481 (1.2463)  loss_ddf_dn_0: 0.1561 (0.1575)  loss_mal_dn_1: 0.6284 (0.6288)  loss_bbox_dn_1: 0.0277 (0.0275)  loss_giou_dn_1: 0.3426 (0.3519)  loss_fgl_dn_1: 1.1891 (1.1945)  loss_ddf_dn_1: 0.0021 (0.0022)  loss_mal_dn_2: 0.6256 (0.6278)  loss_bbox_dn_2: 0.0274 (0.0275)  loss_giou_dn_2: 0.3428 (0.3514)  loss_fgl_dn_2: 1.1872 (1.1943)  loss_ddf_dn_2: -0.0000 (0.0000)  loss_mal_dn_pre: 0.7052 (0.7016)  loss_bbox_dn_pre: 0.0349 (0.0349)  loss_giou_dn_pre: 0.4375 (0.4314)  time: 0.3155  data: 0.0366  max mem: 5225
Epoch: [14/30]  [20/44]  eta: 0:00:07  lr: 0.000100  loss: 18.6279 (18.6518)  loss_mal: 0.6665 (0.6698)  loss_bbox: 0.0356 (0.0359)  loss_giou: 0.4300 (0.4346)  loss_fgl: 1.2494 (1.2550)  loss_mal_aux_0: 0.8033 (0.7982)  loss_bbox_aux_0: 0.0359 (0.0366)  loss_giou_aux_0: 0.4385 (0.4443)  loss_fgl_aux_0: 1.2546 (1.2583)  loss_ddf_aux_0: 0.0611 (0.0606)  loss_mal_aux_1: 0.6778 (0.6844)  loss_bbox_aux_1: 0.0356 (0.0359)  loss_giou_aux_1: 0.4280 (0.4334)  loss_fgl_aux_1: 1.2512 (1.2553)  loss_ddf_aux_1: 0.0030 (0.0030)  loss_mal_pre: 0.7974 (0.7943)  loss_bbox_pre: 0.0360 (0.0367)  loss_giou_pre: 0.4381 (0.4444)  loss_mal_enc_0: 1.1955 (1.2253)  loss_bbox_enc_0: 0.0405 (0.0408)  loss_giou_enc_0: 0.4942 (0.4997)  loss_mal_dn_0: 0.7036 (0.7063)  loss_bbox_dn_0: 0.0354 (0.0358)  loss_giou_dn_0: 0.4369 (0.4425)  loss_fgl_dn_0: 1.2470 (1.2523)  loss_ddf_dn_0: 0.1609 (0.1609)  loss_mal_dn_1: 0.6280 (0.6315)  loss_bbox_dn_1: 0.0277 (0.0278)  loss_giou_dn_1: 0.3497 (0.3556)  loss_fgl_dn_1: 1.1891 (1.1967)  loss_ddf_dn_1: 0.0021 (0.0022)  loss_mal_dn_2: 0.6279 (0.6301)  loss_bbox_dn_2: 0.0274 (0.0277)  loss_giou_dn_2: 0.3473 (0.3553)  loss_fgl_dn_2: 1.1872 (1.1968)  loss_ddf_dn_2: -0.0000 (0.0000)  loss_mal_dn_pre: 0.7028 (0.7050)  loss_bbox_dn_pre: 0.0350 (0.0359)  loss_giou_dn_pre: 0.4375 (0.4429)  time: 0.2919  data: 0.0157  max mem: 5225
Epoch: [14/30]  [30/44]  eta: 0:00:04  lr: 0.000100  loss: 18.5804 (18.5854)  loss_mal: 0.6675 (0.6694)  loss_bbox: 0.0374 (0.0369)  loss_giou: 0.4357 (0.4387)  loss_fgl: 1.2523 (1.2548)  loss_mal_aux_0: 0.7580 (0.7838)  loss_bbox_aux_0: 0.0381 (0.0375)  loss_giou_aux_0: 0.4476 (0.4493)  loss_fgl_aux_0: 1.2549 (1.2585)  loss_ddf_aux_0: 0.0524 (0.0571)  loss_mal_aux_1: 0.6787 (0.6843)  loss_bbox_aux_1: 0.0376 (0.0369)  loss_giou_aux_1: 0.4395 (0.4379)  loss_fgl_aux_1: 1.2542 (1.2551)  loss_ddf_aux_1: 0.0028 (0.0029)  loss_mal_pre: 0.7574 (0.7811)  loss_bbox_pre: 0.0379 (0.0375)  loss_giou_pre: 0.4519 (0.4492)  loss_mal_enc_0: 1.1318 (1.1782)  loss_bbox_enc_0: 0.0420 (0.0417)  loss_giou_enc_0: 0.5027 (0.5046)  loss_mal_dn_0: 0.7014 (0.7044)  loss_bbox_dn_0: 0.0368 (0.0366)  loss_giou_dn_0: 0.4397 (0.4452)  loss_fgl_dn_0: 1.2467 (1.2503)  loss_ddf_dn_0: 0.1458 (0.1537)  loss_mal_dn_1: 0.6268 (0.6309)  loss_bbox_dn_1: 0.0284 (0.0279)  loss_giou_dn_1: 0.3497 (0.3556)  loss_fgl_dn_1: 1.1899 (1.1931)  loss_ddf_dn_1: 0.0019 (0.0021)  loss_mal_dn_2: 0.6279 (0.6294)  loss_bbox_dn_2: 0.0283 (0.0279)  loss_giou_dn_2: 0.3476 (0.3549)  loss_fgl_dn_2: 1.1880 (1.1931)  loss_ddf_dn_2: -0.0000 (0.0000)  loss_mal_dn_pre: 0.7003 (0.7034)  loss_bbox_dn_pre: 0.0368 (0.0365)  loss_giou_dn_pre: 0.4397 (0.4448)  time: 0.3037  data: 0.0159  max mem: 5225
Epoch: [14/30]  [40/44]  eta: 0:00:01  lr: 0.000100  loss: 18.4268 (18.5908)  loss_mal: 0.6651 (0.6704)  loss_bbox: 0.0391 (0.0375)  loss_giou: 0.4368 (0.4429)  loss_fgl: 1.2523 (1.2550)  loss_mal_aux_0: 0.7514 (0.7800)  loss_bbox_aux_0: 0.0407 (0.0383)  loss_giou_aux_0: 0.4513 (0.4555)  loss_fgl_aux_0: 1.2590 (1.2589)  loss_ddf_aux_0: 0.0503 (0.0556)  loss_mal_aux_1: 0.6839 (0.6834)  loss_bbox_aux_1: 0.0395 (0.0375)  loss_giou_aux_1: 0.4374 (0.4426)  loss_fgl_aux_1: 1.2523 (1.2551)  loss_ddf_aux_1: 0.0030 (0.0030)  loss_mal_pre: 0.7469 (0.7771)  loss_bbox_pre: 0.0408 (0.0384)  loss_giou_pre: 0.4559 (0.4559)  loss_mal_enc_0: 1.0002 (1.1283)  loss_bbox_enc_0: 0.0445 (0.0427)  loss_giou_enc_0: 0.5116 (0.5088)  loss_mal_dn_0: 0.6990 (0.7056)  loss_bbox_dn_0: 0.0392 (0.0375)  loss_giou_dn_0: 0.4529 (0.4521)  loss_fgl_dn_0: 1.2499 (1.2512)  loss_ddf_dn_0: 0.1406 (0.1525)  loss_mal_dn_1: 0.6343 (0.6328)  loss_bbox_dn_1: 0.0296 (0.0284)  loss_giou_dn_1: 0.3585 (0.3597)  loss_fgl_dn_1: 1.1931 (1.1946)  loss_ddf_dn_1: 0.0020 (0.0022)  loss_mal_dn_2: 0.6266 (0.6313)  loss_bbox_dn_2: 0.0297 (0.0284)  loss_giou_dn_2: 0.3556 (0.3589)  loss_fgl_dn_2: 1.1910 (1.1944)  loss_ddf_dn_2: -0.0000 (0.0000)  loss_mal_dn_pre: 0.6987 (0.7047)  loss_bbox_dn_pre: 0.0389 (0.0374)  loss_giou_dn_pre: 0.4522 (0.4519)  time: 0.3025  data: 0.0159  max mem: 5225
Epoch: [14/30]  [43/44]  eta: 0:00:00  lr: 0.000100  loss: 18.4016 (18.5736)  loss_mal: 0.6637 (0.6700)  loss_bbox: 0.0391 (0.0377)  loss_giou: 0.4415 (0.4431)  loss_fgl: 1.2541 (1.2545)  loss_mal_aux_0: 0.7483 (0.7788)  loss_bbox_aux_0: 0.0393 (0.0384)  loss_giou_aux_0: 0.4513 (0.4553)  loss_fgl_aux_0: 1.2590 (1.2584)  loss_ddf_aux_0: 0.0503 (0.0550)  loss_mal_aux_1: 0.6839 (0.6831)  loss_bbox_aux_1: 0.0395 (0.0377)  loss_giou_aux_1: 0.4393 (0.4430)  loss_fgl_aux_1: 1.2523 (1.2546)  loss_ddf_aux_1: 0.0029 (0.0030)  loss_mal_pre: 0.7463 (0.7757)  loss_bbox_pre: 0.0389 (0.0385)  loss_giou_pre: 0.4538 (0.4555)  loss_mal_enc_0: 0.9901 (1.1163)  loss_bbox_enc_0: 0.0443 (0.0427)  loss_giou_enc_0: 0.5047 (0.5067)  loss_mal_dn_0: 0.6986 (0.7051)  loss_bbox_dn_0: 0.0392 (0.0376)  loss_giou_dn_0: 0.4529 (0.4525)  loss_fgl_dn_0: 1.2499 (1.2506)  loss_ddf_dn_0: 0.1406 (0.1530)  loss_mal_dn_1: 0.6343 (0.6332)  loss_bbox_dn_1: 0.0302 (0.0285)  loss_giou_dn_1: 0.3631 (0.3605)  loss_fgl_dn_1: 1.1932 (1.1947)  loss_ddf_dn_1: 0.0021 (0.0022)  loss_mal_dn_2: 0.6295 (0.6316)  loss_bbox_dn_2: 0.0298 (0.0285)  loss_giou_dn_2: 0.3615 (0.3595)  loss_fgl_dn_2: 1.1916 (1.1945)  loss_ddf_dn_2: -0.0000 (0.0000)  loss_mal_dn_pre: 0.6986 (0.7042)  loss_bbox_dn_pre: 0.0392 (0.0376)  loss_giou_dn_pre: 0.4522 (0.4519)  time: 0.3002  data: 0.0156  max mem: 5225
Epoch: [14/30] Total time: 0:00:13 (0.3027 s / it)
Averaged stats: lr: 0.000100  loss: 18.4016 (18.5736)  loss_mal: 0.6637 (0.6700)  loss_bbox: 0.0391 (0.0377)  loss_giou: 0.4415 (0.4431)  loss_fgl: 1.2541 (1.2545)  loss_mal_aux_0: 0.7483 (0.7788)  loss_bbox_aux_0: 0.0393 (0.0384)  loss_giou_aux_0: 0.4513 (0.4553)  loss_fgl_aux_0: 1.2590 (1.2584)  loss_ddf_aux_0: 0.0503 (0.0550)  loss_mal_aux_1: 0.6839 (0.6831)  loss_bbox_aux_1: 0.0395 (0.0377)  loss_giou_aux_1: 0.4393 (0.4430)  loss_fgl_aux_1: 1.2523 (1.2546)  loss_ddf_aux_1: 0.0029 (0.0030)  loss_mal_pre: 0.7463 (0.7757)  loss_bbox_pre: 0.0389 (0.0385)  loss_giou_pre: 0.4538 (0.4555)  loss_mal_enc_0: 0.9901 (1.1163)  loss_bbox_enc_0: 0.0443 (0.0427)  loss_giou_enc_0: 0.5047 (0.5067)  loss_mal_dn_0: 0.6986 (0.7051)  loss_bbox_dn_0: 0.0392 (0.0376)  loss_giou_dn_0: 0.4529 (0.4525)  loss_fgl_dn_0: 1.2499 (1.2506)  loss_ddf_dn_0: 0.1406 (0.1530)  loss_mal_dn_1: 0.6343 (0.6332)  loss_bbox_dn_1: 0.0302 (0.0285)  loss_giou_dn_1: 0.3631 (0.3605)  loss_fgl_dn_1: 1.1932 (1.1947)  loss_ddf_dn_1: 0.0021 (0.0022)  loss_mal_dn_2: 0.6295 (0.6316)  loss_bbox_dn_2: 0.0298 (0.0285)  loss_giou_dn_2: 0.3615 (0.3595)  loss_fgl_dn_2: 1.1916 (1.1945)  loss_ddf_dn_2: -0.0000 (0.0000)  loss_mal_dn_pre: 0.6986 (0.7042)  loss_bbox_dn_pre: 0.0392 (0.0376)  loss_giou_dn_pre: 0.4522 (0.4519)
Test:  [0/9]  eta: 0:00:03    time: 0.3367  data: 0.2733  max mem: 5225
Test:  [8/9]  eta: 0:00:00    time: 0.1064  data: 0.0478  max mem: 5225
Test: Total time: 0:00:00 (0.1110 s / it)
Metrics: {'f1': 0.9240924092409241, 'precision': 0.8805031446540881, 'recall': 0.9722222222222222, 'iou': 0.6034983890188252, 'TPs': 140, 'FPs': 19, 'FNs': 4}
Averaged stats: 
Accumulating evaluation results...
COCOeval_opt.accumulate() finished...
DONE (t=0.01s).
IoU metric: bbox
 Average Precision  (AP) @[ IoU=0.50:0.95 | area=   all | maxDets=100 ] = 0.351
 Average Precision  (AP) @[ IoU=0.50      | area=   all | maxDets=100 ] = 0.925
 Average Precision  (AP) @[ IoU=0.75      | area=   all | maxDets=100 ] = 0.123
 Average Precision  (AP) @[ IoU=0.50:0.95 | area= small | maxDets=100 ] = 0.351
 Average Precision  (AP) @[ IoU=0.50:0.95 | area=medium | maxDets=100 ] = -1.000
 Average Precision  (AP) @[ IoU=0.50:0.95 | area= large | maxDets=100 ] = -1.000
 Average Recall     (AR) @[ IoU=0.50:0.95 | area=   all | maxDets=  1 ] = 0.203
 Average Recall     (AR) @[ IoU=0.50:0.95 | area=   all | maxDets= 10 ] = 0.489
 Average Recall     (AR) @[ IoU=0.50:0.95 | area=   all | maxDets=100 ] = 0.609
 Average Recall     (AR) @[ IoU=0.50:0.95 | area= small | maxDets=100 ] = 0.609
 Average Recall     (AR) @[ IoU=0.50:0.95 | area=medium | maxDets=100 ] = -1.000
 Average Recall     (AR) @[ IoU=0.50:0.95 | area= large | maxDets=100 ] = -1.000
 Average Recall     (AR) @[ IoU=0.50      | area=   all | maxDets=100 ] = 0.993
 Average Recall     (AR) @[ IoU=0.75      | area=   all | maxDets=100 ] = 0.688
best_stat: {'epoch': 10, 'coco_eval_bbox': 0.36496804663448856}
Epoch: [15/30]  [ 0/44]  eta: 0:00:24  lr: 0.000100  loss: 17.6285 (17.6285)  loss_mal: 0.6645 (0.6645)  loss_bbox: 0.0352 (0.0352)  loss_giou: 0.3998 (0.3998)  loss_fgl: 1.2233 (1.2233)  loss_mal_aux_0: 0.7231 (0.7231)  loss_bbox_aux_0: 0.0377 (0.0377)  loss_giou_aux_0: 0.4114 (0.4114)  loss_fgl_aux_0: 1.2381 (1.2381)  loss_ddf_aux_0: 0.0494 (0.0494)  loss_mal_aux_1: 0.6829 (0.6829)  loss_bbox_aux_1: 0.0354 (0.0354)  loss_giou_aux_1: 0.4007 (0.4007)  loss_fgl_aux_1: 1.2230 (1.2230)  loss_ddf_aux_1: 0.0032 (0.0032)  loss_mal_pre: 0.7227 (0.7227)  loss_bbox_pre: 0.0367 (0.0367)  loss_giou_pre: 0.4040 (0.4040)  loss_mal_enc_0: 0.9537 (0.9537)  loss_bbox_enc_0: 0.0359 (0.0359)  loss_giou_enc_0: 0.3993 (0.3993)  loss_mal_dn_0: 0.6913 (0.6913)  loss_bbox_dn_0: 0.0398 (0.0398)  loss_giou_dn_0: 0.4262 (0.4262)  loss_fgl_dn_0: 1.2235 (1.2235)  loss_ddf_dn_0: 0.1627 (0.1627)  loss_mal_dn_1: 0.6131 (0.6131)  loss_bbox_dn_1: 0.0278 (0.0278)  loss_giou_dn_1: 0.3282 (0.3282)  loss_fgl_dn_1: 1.1574 (1.1574)  loss_ddf_dn_1: 0.0024 (0.0024)  loss_mal_dn_2: 0.6127 (0.6127)  loss_bbox_dn_2: 0.0277 (0.0277)  loss_giou_dn_2: 0.3278 (0.3278)  loss_fgl_dn_2: 1.1567 (1.1567)  loss_ddf_dn_2: -0.0000 (0.0000)  loss_mal_dn_pre: 0.6926 (0.6926)  loss_bbox_dn_pre: 0.0387 (0.0387)  loss_giou_dn_pre: 0.4198 (0.4198)  time: 0.5680  data: 0.2817  max mem: 5225
Epoch: [15/30]  [10/44]  eta: 0:00:10  lr: 0.000100  loss: 17.7187 (17.9370)  loss_mal: 0.6571 (0.6592)  loss_bbox: 0.0345 (0.0355)  loss_giou: 0.4075 (0.4119)  loss_fgl: 1.2419 (1.2431)  loss_mal_aux_0: 0.7502 (0.7430)  loss_bbox_aux_0: 0.0361 (0.0363)  loss_giou_aux_0: 0.4212 (0.4214)  loss_fgl_aux_0: 1.2483 (1.2509)  loss_ddf_aux_0: 0.0494 (0.0502)  loss_mal_aux_1: 0.6765 (0.6685)  loss_bbox_aux_1: 0.0342 (0.0356)  loss_giou_aux_1: 0.4034 (0.4118)  loss_fgl_aux_1: 1.2419 (1.2436)  loss_ddf_aux_1: 0.0031 (0.0031)  loss_mal_pre: 0.7478 (0.7414)  loss_bbox_pre: 0.0364 (0.0363)  loss_giou_pre: 0.4184 (0.4208)  loss_mal_enc_0: 0.9359 (0.9335)  loss_bbox_enc_0: 0.0386 (0.0408)  loss_giou_enc_0: 0.4805 (0.4730)  loss_mal_dn_0: 0.6913 (0.6944)  loss_bbox_dn_0: 0.0350 (0.0362)  loss_giou_dn_0: 0.4262 (0.4305)  loss_fgl_dn_0: 1.2462 (1.2485)  loss_ddf_dn_0: 0.1541 (0.1538)  loss_mal_dn_1: 0.6166 (0.6217)  loss_bbox_dn_1: 0.0275 (0.0275)  loss_giou_dn_1: 0.3307 (0.3386)  loss_fgl_dn_1: 1.1934 (1.1893)  loss_ddf_dn_1: 0.0024 (0.0025)  loss_mal_dn_2: 0.6166 (0.6208)  loss_bbox_dn_2: 0.0277 (0.0274)  loss_giou_dn_2: 0.3285 (0.3380)  loss_fgl_dn_2: 1.1946 (1.1888)  loss_ddf_dn_2: -0.0000 (0.0000)  loss_mal_dn_pre: 0.6926 (0.6940)  loss_bbox_dn_pre: 0.0348 (0.0361)  loss_giou_dn_pre: 0.4198 (0.4291)  time: 0.3165  data: 0.0411  max mem: 5225
Epoch: [15/30]  [20/44]  eta: 0:00:07  lr: 0.000100  loss: 17.8411 (17.9143)  loss_mal: 0.6512 (0.6568)  loss_bbox: 0.0345 (0.0361)  loss_giou: 0.4169 (0.4194)  loss_fgl: 1.2418 (1.2406)  loss_mal_aux_0: 0.7451 (0.7389)  loss_bbox_aux_0: 0.0361 (0.0368)  loss_giou_aux_0: 0.4218 (0.4297)  loss_fgl_aux_0: 1.2483 (1.2471)  loss_ddf_aux_0: 0.0492 (0.0500)  loss_mal_aux_1: 0.6584 (0.6647)  loss_bbox_aux_1: 0.0342 (0.0361)  loss_giou_aux_1: 0.4179 (0.4194)  loss_fgl_aux_1: 1.2419 (1.2408)  loss_ddf_aux_1: 0.0031 (0.0031)  loss_mal_pre: 0.7436 (0.7374)  loss_bbox_pre: 0.0364 (0.0368)  loss_giou_pre: 0.4255 (0.4294)  loss_mal_enc_0: 0.9262 (0.9277)  loss_bbox_enc_0: 0.0428 (0.0413)  loss_giou_enc_0: 0.4849 (0.4789)  loss_mal_dn_0: 0.6897 (0.6951)  loss_bbox_dn_0: 0.0350 (0.0358)  loss_giou_dn_0: 0.4144 (0.4244)  loss_fgl_dn_0: 1.2451 (1.2426)  loss_ddf_dn_0: 0.1453 (0.1474)  loss_mal_dn_1: 0.6166 (0.6202)  loss_bbox_dn_1: 0.0272 (0.0275)  loss_giou_dn_1: 0.3353 (0.3388)  loss_fgl_dn_1: 1.1846 (1.1856)  loss_ddf_dn_1: 0.0024 (0.0024)  loss_mal_dn_2: 0.6166 (0.6190)  loss_bbox_dn_2: 0.0270 (0.0274)  loss_giou_dn_2: 0.3336 (0.3379)  loss_fgl_dn_2: 1.1838 (1.1851)  loss_ddf_dn_2: -0.0000 (0.0000)  loss_mal_dn_pre: 0.6919 (0.6944)  loss_bbox_dn_pre: 0.0348 (0.0357)  loss_giou_dn_pre: 0.4150 (0.4238)  time: 0.2909  data: 0.0165  max mem: 5225
Epoch: [15/30]  [30/44]  eta: 0:00:04  lr: 0.000100  loss: 17.9638 (17.9566)  loss_mal: 0.6579 (0.6585)  loss_bbox: 0.0351 (0.0357)  loss_giou: 0.4228 (0.4213)  loss_fgl: 1.2405 (1.2419)  loss_mal_aux_0: 0.7325 (0.7437)  loss_bbox_aux_0: 0.0356 (0.0365)  loss_giou_aux_0: 0.4399 (0.4324)  loss_fgl_aux_0: 1.2468 (1.2481)  loss_ddf_aux_0: 0.0503 (0.0505)  loss_mal_aux_1: 0.6653 (0.6683)  loss_bbox_aux_1: 0.0353 (0.0358)  loss_giou_aux_1: 0.4244 (0.4221)  loss_fgl_aux_1: 1.2414 (1.2420)  loss_ddf_aux_1: 0.0031 (0.0032)  loss_mal_pre: 0.7321 (0.7416)  loss_bbox_pre: 0.0360 (0.0365)  loss_giou_pre: 0.4364 (0.4320)  loss_mal_enc_0: 0.9126 (0.9241)  loss_bbox_enc_0: 0.0419 (0.0409)  loss_giou_enc_0: 0.4910 (0.4807)  loss_mal_dn_0: 0.6977 (0.6958)  loss_bbox_dn_0: 0.0352 (0.0355)  loss_giou_dn_0: 0.4216 (0.4288)  loss_fgl_dn_0: 1.2470 (1.2453)  loss_ddf_dn_0: 0.1411 (0.1480)  loss_mal_dn_1: 0.6211 (0.6207)  loss_bbox_dn_1: 0.0272 (0.0271)  loss_giou_dn_1: 0.3406 (0.3409)  loss_fgl_dn_1: 1.1824 (1.1855)  loss_ddf_dn_1: 0.0024 (0.0024)  loss_mal_dn_2: 0.6199 (0.6197)  loss_bbox_dn_2: 0.0270 (0.0271)  loss_giou_dn_2: 0.3415 (0.3401)  loss_fgl_dn_2: 1.1836 (1.1853)  loss_ddf_dn_2: -0.0000 (0.0000)  loss_mal_dn_pre: 0.6973 (0.6950)  loss_bbox_dn_pre: 0.0351 (0.0355)  loss_giou_dn_pre: 0.4253 (0.4280)  time: 0.2904  data: 0.0164  max mem: 5225
Epoch: [15/30]  [40/44]  eta: 0:00:01  lr: 0.000100  loss: 17.8901 (17.8873)  loss_mal: 0.6576 (0.6547)  loss_bbox: 0.0342 (0.0355)  loss_giou: 0.4100 (0.4169)  loss_fgl: 1.2434 (1.2416)  loss_mal_aux_0: 0.7224 (0.7371)  loss_bbox_aux_0: 0.0356 (0.0362)  loss_giou_aux_0: 0.4181 (0.4299)  loss_fgl_aux_0: 1.2469 (1.2486)  loss_ddf_aux_0: 0.0503 (0.0508)  loss_mal_aux_1: 0.6632 (0.6651)  loss_bbox_aux_1: 0.0346 (0.0356)  loss_giou_aux_1: 0.4071 (0.4177)  loss_fgl_aux_1: 1.2446 (1.2417)  loss_ddf_aux_1: 0.0032 (0.0032)  loss_mal_pre: 0.7238 (0.7352)  loss_bbox_pre: 0.0357 (0.0363)  loss_giou_pre: 0.4195 (0.4298)  loss_mal_enc_0: 0.9101 (0.9199)  loss_bbox_enc_0: 0.0396 (0.0407)  loss_giou_enc_0: 0.4713 (0.4797)  loss_mal_dn_0: 0.6932 (0.6937)  loss_bbox_dn_0: 0.0352 (0.0354)  loss_giou_dn_0: 0.4303 (0.4265)  loss_fgl_dn_0: 1.2434 (1.2436)  loss_ddf_dn_0: 0.1358 (0.1444)  loss_mal_dn_1: 0.6246 (0.6189)  loss_bbox_dn_1: 0.0265 (0.0270)  loss_giou_dn_1: 0.3462 (0.3389)  loss_fgl_dn_1: 1.1819 (1.1822)  loss_ddf_dn_1: 0.0023 (0.0024)  loss_mal_dn_2: 0.6247 (0.6179)  loss_bbox_dn_2: 0.0263 (0.0268)  loss_giou_dn_2: 0.3445 (0.3378)  loss_fgl_dn_2: 1.1802 (1.1817)  loss_ddf_dn_2: -0.0000 (0.0000)  loss_mal_dn_pre: 0.6932 (0.6931)  loss_bbox_dn_pre: 0.0350 (0.0354)  loss_giou_dn_pre: 0.4303 (0.4257)  time: 0.2902  data: 0.0163  max mem: 5225
Epoch: [15/30]  [43/44]  eta: 0:00:00  lr: 0.000100  loss: 17.8901 (17.8844)  loss_mal: 0.6576 (0.6548)  loss_bbox: 0.0342 (0.0354)  loss_giou: 0.4240 (0.4185)  loss_fgl: 1.2389 (1.2411)  loss_mal_aux_0: 0.7348 (0.7365)  loss_bbox_aux_0: 0.0356 (0.0362)  loss_giou_aux_0: 0.4411 (0.4310)  loss_fgl_aux_0: 1.2468 (1.2479)  loss_ddf_aux_0: 0.0503 (0.0510)  loss_mal_aux_1: 0.6632 (0.6654)  loss_bbox_aux_1: 0.0346 (0.0355)  loss_giou_aux_1: 0.4215 (0.4192)  loss_fgl_aux_1: 1.2414 (1.2412)  loss_ddf_aux_1: 0.0033 (0.0032)  loss_mal_pre: 0.7359 (0.7349)  loss_bbox_pre: 0.0357 (0.0362)  loss_giou_pre: 0.4364 (0.4308)  loss_mal_enc_0: 0.9088 (0.9177)  loss_bbox_enc_0: 0.0399 (0.0406)  loss_giou_enc_0: 0.4821 (0.4799)  loss_mal_dn_0: 0.6932 (0.6934)  loss_bbox_dn_0: 0.0352 (0.0353)  loss_giou_dn_0: 0.4384 (0.4262)  loss_fgl_dn_0: 1.2433 (1.2426)  loss_ddf_dn_0: 0.1375 (0.1444)  loss_mal_dn_1: 0.6249 (0.6190)  loss_bbox_dn_1: 0.0265 (0.0268)  loss_giou_dn_1: 0.3509 (0.3388)  loss_fgl_dn_1: 1.1760 (1.1814)  loss_ddf_dn_1: 0.0025 (0.0024)  loss_mal_dn_2: 0.6256 (0.6180)  loss_bbox_dn_2: 0.0263 (0.0267)  loss_giou_dn_2: 0.3497 (0.3377)  loss_fgl_dn_2: 1.1759 (1.1809)  loss_ddf_dn_2: -0.0000 (0.0000)  loss_mal_dn_pre: 0.6932 (0.6929)  loss_bbox_dn_pre: 0.0350 (0.0352)  loss_giou_dn_pre: 0.4380 (0.4255)  time: 0.2885  data: 0.0162  max mem: 5225
Epoch: [15/30] Total time: 0:00:13 (0.2971 s / it)
Averaged stats: lr: 0.000100  loss: 17.8901 (17.8844)  loss_mal: 0.6576 (0.6548)  loss_bbox: 0.0342 (0.0354)  loss_giou: 0.4240 (0.4185)  loss_fgl: 1.2389 (1.2411)  loss_mal_aux_0: 0.7348 (0.7365)  loss_bbox_aux_0: 0.0356 (0.0362)  loss_giou_aux_0: 0.4411 (0.4310)  loss_fgl_aux_0: 1.2468 (1.2479)  loss_ddf_aux_0: 0.0503 (0.0510)  loss_mal_aux_1: 0.6632 (0.6654)  loss_bbox_aux_1: 0.0346 (0.0355)  loss_giou_aux_1: 0.4215 (0.4192)  loss_fgl_aux_1: 1.2414 (1.2412)  loss_ddf_aux_1: 0.0033 (0.0032)  loss_mal_pre: 0.7359 (0.7349)  loss_bbox_pre: 0.0357 (0.0362)  loss_giou_pre: 0.4364 (0.4308)  loss_mal_enc_0: 0.9088 (0.9177)  loss_bbox_enc_0: 0.0399 (0.0406)  loss_giou_enc_0: 0.4821 (0.4799)  loss_mal_dn_0: 0.6932 (0.6934)  loss_bbox_dn_0: 0.0352 (0.0353)  loss_giou_dn_0: 0.4384 (0.4262)  loss_fgl_dn_0: 1.2433 (1.2426)  loss_ddf_dn_0: 0.1375 (0.1444)  loss_mal_dn_1: 0.6249 (0.6190)  loss_bbox_dn_1: 0.0265 (0.0268)  loss_giou_dn_1: 0.3509 (0.3388)  loss_fgl_dn_1: 1.1760 (1.1814)  loss_ddf_dn_1: 0.0025 (0.0024)  loss_mal_dn_2: 0.6256 (0.6180)  loss_bbox_dn_2: 0.0263 (0.0267)  loss_giou_dn_2: 0.3497 (0.3377)  loss_fgl_dn_2: 1.1759 (1.1809)  loss_ddf_dn_2: -0.0000 (0.0000)  loss_mal_dn_pre: 0.6932 (0.6929)  loss_bbox_dn_pre: 0.0350 (0.0352)  loss_giou_dn_pre: 0.4380 (0.4255)
Test:  [0/9]  eta: 0:00:02    time: 0.3192  data: 0.2556  max mem: 5225
Test:  [8/9]  eta: 0:00:00    time: 0.1230  data: 0.0458  max mem: 5225
Test: Total time: 0:00:01 (0.1275 s / it)
Metrics: {'f1': 0.9150326797385621, 'precision': 0.8641975308641975, 'recall': 0.9722222222222222, 'iou': 0.5933425207454038, 'TPs': 140, 'FPs': 22, 'FNs': 4}
Averaged stats: 
Accumulating evaluation results...
COCOeval_opt.accumulate() finished...
DONE (t=0.01s).
IoU metric: bbox
 Average Precision  (AP) @[ IoU=0.50:0.95 | area=   all | maxDets=100 ] = 0.345
 Average Precision  (AP) @[ IoU=0.50      | area=   all | maxDets=100 ] = 0.924
 Average Precision  (AP) @[ IoU=0.75      | area=   all | maxDets=100 ] = 0.113
 Average Precision  (AP) @[ IoU=0.50:0.95 | area= small | maxDets=100 ] = 0.346
 Average Precision  (AP) @[ IoU=0.50:0.95 | area=medium | maxDets=100 ] = -1.000
 Average Precision  (AP) @[ IoU=0.50:0.95 | area= large | maxDets=100 ] = -1.000
 Average Recall     (AR) @[ IoU=0.50:0.95 | area=   all | maxDets=  1 ] = 0.203
 Average Recall     (AR) @[ IoU=0.50:0.95 | area=   all | maxDets= 10 ] = 0.483
 Average Recall     (AR) @[ IoU=0.50:0.95 | area=   all | maxDets=100 ] = 0.615
 Average Recall     (AR) @[ IoU=0.50:0.95 | area= small | maxDets=100 ] = 0.615
 Average Recall     (AR) @[ IoU=0.50:0.95 | area=medium | maxDets=100 ] = -1.000
 Average Recall     (AR) @[ IoU=0.50:0.95 | area= large | maxDets=100 ] = -1.000
 Average Recall     (AR) @[ IoU=0.50      | area=   all | maxDets=100 ] = 1.000
 Average Recall     (AR) @[ IoU=0.75      | area=   all | maxDets=100 ] = 0.681
best_stat: {'epoch': 10, 'coco_eval_bbox': 0.36496804663448856}
Epoch: [16/30]  [ 0/44]  eta: 0:00:23  lr: 0.000100  loss: 17.3663 (17.3663)  loss_mal: 0.6252 (0.6252)  loss_bbox: 0.0319 (0.0319)  loss_giou: 0.3929 (0.3929)  loss_fgl: 1.2445 (1.2445)  loss_mal_aux_0: 0.7106 (0.7106)  loss_bbox_aux_0: 0.0303 (0.0303)  loss_giou_aux_0: 0.3870 (0.3870)  loss_fgl_aux_0: 1.2381 (1.2381)  loss_ddf_aux_0: 0.0493 (0.0493)  loss_mal_aux_1: 0.6371 (0.6371)  loss_bbox_aux_1: 0.0312 (0.0312)  loss_giou_aux_1: 0.3886 (0.3886)  loss_fgl_aux_1: 1.2417 (1.2417)  loss_ddf_aux_1: 0.0037 (0.0037)  loss_mal_pre: 0.7110 (0.7110)  loss_bbox_pre: 0.0303 (0.0303)  loss_giou_pre: 0.3852 (0.3852)  loss_mal_enc_0: 0.8867 (0.8867)  loss_bbox_enc_0: 0.0347 (0.0347)  loss_giou_enc_0: 0.4126 (0.4126)  loss_mal_dn_0: 0.6760 (0.6760)  loss_bbox_dn_0: 0.0330 (0.0330)  loss_giou_dn_0: 0.4051 (0.4051)  loss_fgl_dn_0: 1.2450 (1.2450)  loss_ddf_dn_0: 0.1253 (0.1253)  loss_mal_dn_1: 0.6030 (0.6030)  loss_bbox_dn_1: 0.0264 (0.0264)  loss_giou_dn_1: 0.3270 (0.3270)  loss_fgl_dn_1: 1.1901 (1.1901)  loss_ddf_dn_1: 0.0027 (0.0027)  loss_mal_dn_2: 0.6013 (0.6013)  loss_bbox_dn_2: 0.0265 (0.0265)  loss_giou_dn_2: 0.3282 (0.3282)  loss_fgl_dn_2: 1.1910 (1.1910)  loss_ddf_dn_2: -0.0000 (0.0000)  loss_mal_dn_pre: 0.6759 (0.6759)  loss_bbox_dn_pre: 0.0328 (0.0328)  loss_giou_dn_pre: 0.4043 (0.4043)  time: 0.5392  data: 0.2569  max mem: 5225
Epoch: [16/30]  [10/44]  eta: 0:00:10  lr: 0.000100  loss: 17.5743 (17.7763)  loss_mal: 0.6551 (0.6553)  loss_bbox: 0.0346 (0.0341)  loss_giou: 0.3929 (0.4094)  loss_fgl: 1.2372 (1.2390)  loss_mal_aux_0: 0.7670 (0.7752)  loss_bbox_aux_0: 0.0356 (0.0354)  loss_giou_aux_0: 0.4128 (0.4217)  loss_fgl_aux_0: 1.2442 (1.2468)  loss_ddf_aux_0: 0.0487 (0.0472)  loss_mal_aux_1: 0.6683 (0.6704)  loss_bbox_aux_1: 0.0344 (0.0341)  loss_giou_aux_1: 0.3929 (0.4102)  loss_fgl_aux_1: 1.2383 (1.2399)  loss_ddf_aux_1: 0.0032 (0.0031)  loss_mal_pre: 0.7657 (0.7718)  loss_bbox_pre: 0.0357 (0.0355)  loss_giou_pre: 0.4164 (0.4230)  loss_mal_enc_0: 0.8810 (0.8773)  loss_bbox_enc_0: 0.0401 (0.0389)  loss_giou_enc_0: 0.4772 (0.4718)  loss_mal_dn_0: 0.6894 (0.6873)  loss_bbox_dn_0: 0.0330 (0.0334)  loss_giou_dn_0: 0.4152 (0.4131)  loss_fgl_dn_0: 1.2419 (1.2422)  loss_ddf_dn_0: 0.1296 (0.1331)  loss_mal_dn_1: 0.6053 (0.6114)  loss_bbox_dn_1: 0.0260 (0.0255)  loss_giou_dn_1: 0.3221 (0.3301)  loss_fgl_dn_1: 1.1802 (1.1793)  loss_ddf_dn_1: 0.0020 (0.0023)  loss_mal_dn_2: 0.6031 (0.6094)  loss_bbox_dn_2: 0.0259 (0.0255)  loss_giou_dn_2: 0.3213 (0.3300)  loss_fgl_dn_2: 1.1820 (1.1792)  loss_ddf_dn_2: -0.0000 (0.0000)  loss_mal_dn_pre: 0.6880 (0.6877)  loss_bbox_dn_pre: 0.0330 (0.0333)  loss_giou_dn_pre: 0.4158 (0.4133)  time: 0.3080  data: 0.0372  max mem: 5225
Epoch: [16/30]  [20/44]  eta: 0:00:07  lr: 0.000100  loss: 17.5590 (17.5700)  loss_mal: 0.6544 (0.6482)  loss_bbox: 0.0340 (0.0335)  loss_giou: 0.3940 (0.4007)  loss_fgl: 1.2326 (1.2321)  loss_mal_aux_0: 0.7497 (0.7457)  loss_bbox_aux_0: 0.0356 (0.0346)  loss_giou_aux_0: 0.4128 (0.4141)  loss_fgl_aux_0: 1.2398 (1.2396)  loss_ddf_aux_0: 0.0452 (0.0464)  loss_mal_aux_1: 0.6699 (0.6624)  loss_bbox_aux_1: 0.0337 (0.0335)  loss_giou_aux_1: 0.3930 (0.4013)  loss_fgl_aux_1: 1.2359 (1.2327)  loss_ddf_aux_1: 0.0030 (0.0031)  loss_mal_pre: 0.7450 (0.7441)  loss_bbox_pre: 0.0354 (0.0347)  loss_giou_pre: 0.4164 (0.4151)  loss_mal_enc_0: 0.8679 (0.8743)  loss_bbox_enc_0: 0.0393 (0.0383)  loss_giou_enc_0: 0.4761 (0.4592)  loss_mal_dn_0: 0.6834 (0.6831)  loss_bbox_dn_0: 0.0336 (0.0330)  loss_giou_dn_0: 0.4104 (0.4066)  loss_fgl_dn_0: 1.2357 (1.2369)  loss_ddf_dn_0: 0.1356 (0.1308)  loss_mal_dn_1: 0.6045 (0.6076)  loss_bbox_dn_1: 0.0247 (0.0252)  loss_giou_dn_1: 0.3192 (0.3242)  loss_fgl_dn_1: 1.1705 (1.1742)  loss_ddf_dn_1: 0.0021 (0.0022)  loss_mal_dn_2: 0.6017 (0.6056)  loss_bbox_dn_2: 0.0245 (0.0252)  loss_giou_dn_2: 0.3194 (0.3238)  loss_fgl_dn_2: 1.1710 (1.1746)  loss_ddf_dn_2: -0.0000 (0.0000)  loss_mal_dn_pre: 0.6851 (0.6838)  loss_bbox_dn_pre: 0.0332 (0.0330)  loss_giou_dn_pre: 0.4130 (0.4066)  time: 0.2843  data: 0.0152  max mem: 5225
Epoch: [16/30]  [30/44]  eta: 0:00:04  lr: 0.000100  loss: 17.5590 (17.6481)  loss_mal: 0.6509 (0.6477)  loss_bbox: 0.0338 (0.0336)  loss_giou: 0.3940 (0.4009)  loss_fgl: 1.2320 (1.2347)  loss_mal_aux_0: 0.7343 (0.7475)  loss_bbox_aux_0: 0.0356 (0.0349)  loss_giou_aux_0: 0.4116 (0.4163)  loss_fgl_aux_0: 1.2425 (1.2422)  loss_ddf_aux_0: 0.0442 (0.0456)  loss_mal_aux_1: 0.6637 (0.6612)  loss_bbox_aux_1: 0.0334 (0.0337)  loss_giou_aux_1: 0.3930 (0.4021)  loss_fgl_aux_1: 1.2339 (1.2351)  loss_ddf_aux_1: 0.0031 (0.0031)  loss_mal_pre: 0.7323 (0.7451)  loss_bbox_pre: 0.0354 (0.0350)  loss_giou_pre: 0.4130 (0.4165)  loss_mal_enc_0: 0.8708 (0.8757)  loss_bbox_enc_0: 0.0373 (0.0387)  loss_giou_enc_0: 0.4530 (0.4638)  loss_mal_dn_0: 0.6857 (0.6877)  loss_bbox_dn_0: 0.0344 (0.0339)  loss_giou_dn_0: 0.4117 (0.4158)  loss_fgl_dn_0: 1.2426 (1.2414)  loss_ddf_dn_0: 0.1386 (0.1367)  loss_mal_dn_1: 0.6064 (0.6105)  loss_bbox_dn_1: 0.0262 (0.0258)  loss_giou_dn_1: 0.3208 (0.3286)  loss_fgl_dn_1: 1.1711 (1.1767)  loss_ddf_dn_1: 0.0023 (0.0023)  loss_mal_dn_2: 0.6031 (0.6089)  loss_bbox_dn_2: 0.0259 (0.0257)  loss_giou_dn_2: 0.3194 (0.3278)  loss_fgl_dn_2: 1.1710 (1.1764)  loss_ddf_dn_2: -0.0000 (0.0000)  loss_mal_dn_pre: 0.6851 (0.6877)  loss_bbox_dn_pre: 0.0344 (0.0338)  loss_giou_dn_pre: 0.4134 (0.4150)  time: 0.2855  data: 0.0153  max mem: 5225
Epoch: [16/30]  [40/44]  eta: 0:00:01  lr: 0.000100  loss: 17.5033 (17.6069)  loss_mal: 0.6389 (0.6465)  loss_bbox: 0.0347 (0.0339)  loss_giou: 0.3822 (0.4014)  loss_fgl: 1.2350 (1.2346)  loss_mal_aux_0: 0.7274 (0.7397)  loss_bbox_aux_0: 0.0360 (0.0351)  loss_giou_aux_0: 0.4107 (0.4154)  loss_fgl_aux_0: 1.2450 (1.2420)  loss_ddf_aux_0: 0.0444 (0.0456)  loss_mal_aux_1: 0.6531 (0.6586)  loss_bbox_aux_1: 0.0351 (0.0339)  loss_giou_aux_1: 0.3890 (0.4017)  loss_fgl_aux_1: 1.2347 (1.2347)  loss_ddf_aux_1: 0.0031 (0.0031)  loss_mal_pre: 0.7264 (0.7378)  loss_bbox_pre: 0.0359 (0.0351)  loss_giou_pre: 0.4121 (0.4153)  loss_mal_enc_0: 0.8698 (0.8713)  loss_bbox_enc_0: 0.0397 (0.0388)  loss_giou_enc_0: 0.4539 (0.4612)  loss_mal_dn_0: 0.6806 (0.6855)  loss_bbox_dn_0: 0.0352 (0.0341)  loss_giou_dn_0: 0.4165 (0.4134)  loss_fgl_dn_0: 1.2407 (1.2383)  loss_ddf_dn_0: 0.1458 (0.1355)  loss_mal_dn_1: 0.6064 (0.6099)  loss_bbox_dn_1: 0.0264 (0.0261)  loss_giou_dn_1: 0.3208 (0.3291)  loss_fgl_dn_1: 1.1711 (1.1758)  loss_ddf_dn_1: 0.0023 (0.0022)  loss_mal_dn_2: 0.6037 (0.6088)  loss_bbox_dn_2: 0.0266 (0.0261)  loss_giou_dn_2: 0.3192 (0.3289)  loss_fgl_dn_2: 1.1702 (1.1760)  loss_ddf_dn_2: -0.0000 (0.0000)  loss_mal_dn_pre: 0.6815 (0.6854)  loss_bbox_dn_pre: 0.0347 (0.0339)  loss_giou_dn_pre: 0.4134 (0.4122)  time: 0.2877  data: 0.0155  max mem: 5225
Epoch: [16/30]  [43/44]  eta: 0:00:00  lr: 0.000100  loss: 17.5742 (17.6009)  loss_mal: 0.6406 (0.6460)  loss_bbox: 0.0347 (0.0338)  loss_giou: 0.3808 (0.3989)  loss_fgl: 1.2560 (1.2371)  loss_mal_aux_0: 0.7266 (0.7408)  loss_bbox_aux_0: 0.0360 (0.0351)  loss_giou_aux_0: 0.4103 (0.4140)  loss_fgl_aux_0: 1.2459 (1.2443)  loss_ddf_aux_0: 0.0442 (0.0452)  loss_mal_aux_1: 0.6531 (0.6582)  loss_bbox_aux_1: 0.0351 (0.0338)  loss_giou_aux_1: 0.3890 (0.3993)  loss_fgl_aux_1: 1.2553 (1.2371)  loss_ddf_aux_1: 0.0030 (0.0031)  loss_mal_pre: 0.7260 (0.7388)  loss_bbox_pre: 0.0359 (0.0351)  loss_giou_pre: 0.4121 (0.4138)  loss_mal_enc_0: 0.8627 (0.8695)  loss_bbox_enc_0: 0.0397 (0.0386)  loss_giou_enc_0: 0.4511 (0.4578)  loss_mal_dn_0: 0.6806 (0.6852)  loss_bbox_dn_0: 0.0361 (0.0341)  loss_giou_dn_0: 0.4127 (0.4127)  loss_fgl_dn_0: 1.2463 (1.2404)  loss_ddf_dn_0: 0.1407 (0.1361)  loss_mal_dn_1: 0.6015 (0.6089)  loss_bbox_dn_1: 0.0266 (0.0261)  loss_giou_dn_1: 0.3192 (0.3278)  loss_fgl_dn_1: 1.1757 (1.1777)  loss_ddf_dn_1: 0.0022 (0.0022)  loss_mal_dn_2: 0.6010 (0.6079)  loss_bbox_dn_2: 0.0269 (0.0260)  loss_giou_dn_2: 0.3167 (0.3275)  loss_fgl_dn_2: 1.1798 (1.1779)  loss_ddf_dn_2: -0.0000 (0.0000)  loss_mal_dn_pre: 0.6809 (0.6851)  loss_bbox_dn_pre: 0.0359 (0.0339)  loss_giou_dn_pre: 0.4078 (0.4113)  time: 0.2872  data: 0.0153  max mem: 5225
Epoch: [16/30] Total time: 0:00:12 (0.2927 s / it)
Averaged stats: lr: 0.000100  loss: 17.5742 (17.6009)  loss_mal: 0.6406 (0.6460)  loss_bbox: 0.0347 (0.0338)  loss_giou: 0.3808 (0.3989)  loss_fgl: 1.2560 (1.2371)  loss_mal_aux_0: 0.7266 (0.7408)  loss_bbox_aux_0: 0.0360 (0.0351)  loss_giou_aux_0: 0.4103 (0.4140)  loss_fgl_aux_0: 1.2459 (1.2443)  loss_ddf_aux_0: 0.0442 (0.0452)  loss_mal_aux_1: 0.6531 (0.6582)  loss_bbox_aux_1: 0.0351 (0.0338)  loss_giou_aux_1: 0.3890 (0.3993)  loss_fgl_aux_1: 1.2553 (1.2371)  loss_ddf_aux_1: 0.0030 (0.0031)  loss_mal_pre: 0.7260 (0.7388)  loss_bbox_pre: 0.0359 (0.0351)  loss_giou_pre: 0.4121 (0.4138)  loss_mal_enc_0: 0.8627 (0.8695)  loss_bbox_enc_0: 0.0397 (0.0386)  loss_giou_enc_0: 0.4511 (0.4578)  loss_mal_dn_0: 0.6806 (0.6852)  loss_bbox_dn_0: 0.0361 (0.0341)  loss_giou_dn_0: 0.4127 (0.4127)  loss_fgl_dn_0: 1.2463 (1.2404)  loss_ddf_dn_0: 0.1407 (0.1361)  loss_mal_dn_1: 0.6015 (0.6089)  loss_bbox_dn_1: 0.0266 (0.0261)  loss_giou_dn_1: 0.3192 (0.3278)  loss_fgl_dn_1: 1.1757 (1.1777)  loss_ddf_dn_1: 0.0022 (0.0022)  loss_mal_dn_2: 0.6010 (0.6079)  loss_bbox_dn_2: 0.0269 (0.0260)  loss_giou_dn_2: 0.3167 (0.3275)  loss_fgl_dn_2: 1.1798 (1.1779)  loss_ddf_dn_2: -0.0000 (0.0000)  loss_mal_dn_pre: 0.6809 (0.6851)  loss_bbox_dn_pre: 0.0359 (0.0339)  loss_giou_dn_pre: 0.4078 (0.4113)
Test:  [0/9]  eta: 0:00:02    time: 0.3156  data: 0.2517  max mem: 5225
Test:  [8/9]  eta: 0:00:00    time: 0.1044  data: 0.0444  max mem: 5225
Test: Total time: 0:00:00 (0.1085 s / it)
Metrics: {'f1': 0.9271523178807947, 'precision': 0.8860759493670886, 'recall': 0.9722222222222222, 'iou': 0.6084148243621543, 'TPs': 140, 'FPs': 18, 'FNs': 4}
Averaged stats: 
Accumulating evaluation results...
COCOeval_opt.accumulate() finished...
DONE (t=0.01s).
IoU metric: bbox
 Average Precision  (AP) @[ IoU=0.50:0.95 | area=   all | maxDets=100 ] = 0.347
 Average Precision  (AP) @[ IoU=0.50      | area=   all | maxDets=100 ] = 0.926
 Average Precision  (AP) @[ IoU=0.75      | area=   all | maxDets=100 ] = 0.120
 Average Precision  (AP) @[ IoU=0.50:0.95 | area= small | maxDets=100 ] = 0.347
 Average Precision  (AP) @[ IoU=0.50:0.95 | area=medium | maxDets=100 ] = -1.000
 Average Precision  (AP) @[ IoU=0.50:0.95 | area= large | maxDets=100 ] = -1.000
 Average Recall     (AR) @[ IoU=0.50:0.95 | area=   all | maxDets=  1 ] = 0.197
 Average Recall     (AR) @[ IoU=0.50:0.95 | area=   all | maxDets= 10 ] = 0.492
 Average Recall     (AR) @[ IoU=0.50:0.95 | area=   all | maxDets=100 ] = 0.619
 Average Recall     (AR) @[ IoU=0.50:0.95 | area= small | maxDets=100 ] = 0.619
 Average Recall     (AR) @[ IoU=0.50:0.95 | area=medium | maxDets=100 ] = -1.000
 Average Recall     (AR) @[ IoU=0.50:0.95 | area= large | maxDets=100 ] = -1.000
 Average Recall     (AR) @[ IoU=0.50      | area=   all | maxDets=100 ] = 1.000
 Average Recall     (AR) @[ IoU=0.75      | area=   all | maxDets=100 ] = 0.694
best_stat: {'epoch': 10, 'coco_eval_bbox': 0.36496804663448856}
Epoch: [17/30]  [ 0/44]  eta: 0:00:25  lr: 0.000100  loss: 16.8856 (16.8856)  loss_mal: 0.6317 (0.6317)  loss_bbox: 0.0319 (0.0319)  loss_giou: 0.3630 (0.3630)  loss_fgl: 1.2095 (1.2095)  loss_mal_aux_0: 0.7051 (0.7051)  loss_bbox_aux_0: 0.0322 (0.0322)  loss_giou_aux_0: 0.3741 (0.3741)  loss_fgl_aux_0: 1.2155 (1.2155)  loss_ddf_aux_0: 0.0386 (0.0386)  loss_mal_aux_1: 0.6219 (0.6219)  loss_bbox_aux_1: 0.0315 (0.0315)  loss_giou_aux_1: 0.3587 (0.3587)  loss_fgl_aux_1: 1.2100 (1.2100)  loss_ddf_aux_1: 0.0029 (0.0029)  loss_mal_pre: 0.7026 (0.7026)  loss_bbox_pre: 0.0322 (0.0322)  loss_giou_pre: 0.3728 (0.3728)  loss_mal_enc_0: 0.8522 (0.8522)  loss_bbox_enc_0: 0.0376 (0.0376)  loss_giou_enc_0: 0.4462 (0.4462)  loss_mal_dn_0: 0.6552 (0.6552)  loss_bbox_dn_0: 0.0317 (0.0317)  loss_giou_dn_0: 0.3767 (0.3767)  loss_fgl_dn_0: 1.2218 (1.2218)  loss_ddf_dn_0: 0.1507 (0.1507)  loss_mal_dn_1: 0.5818 (0.5818)  loss_bbox_dn_1: 0.0242 (0.0242)  loss_giou_dn_1: 0.2967 (0.2967)  loss_fgl_dn_1: 1.1541 (1.1541)  loss_ddf_dn_1: 0.0025 (0.0025)  loss_mal_dn_2: 0.5798 (0.5798)  loss_bbox_dn_2: 0.0241 (0.0241)  loss_giou_dn_2: 0.2964 (0.2964)  loss_fgl_dn_2: 1.1554 (1.1554)  loss_ddf_dn_2: -0.0000 (0.0000)  loss_mal_dn_pre: 0.6564 (0.6564)  loss_bbox_dn_pre: 0.0316 (0.0316)  loss_giou_dn_pre: 0.3762 (0.3762)  time: 0.5701  data: 0.2696  max mem: 5225
Epoch: [17/30]  [10/44]  eta: 0:00:10  lr: 0.000100  loss: 17.6108 (17.4584)  loss_mal: 0.6460 (0.6494)  loss_bbox: 0.0341 (0.0346)  loss_giou: 0.4022 (0.3944)  loss_fgl: 1.2342 (1.2312)  loss_mal_aux_0: 0.7258 (0.7237)  loss_bbox_aux_0: 0.0354 (0.0352)  loss_giou_aux_0: 0.4056 (0.3971)  loss_fgl_aux_0: 1.2522 (1.2411)  loss_ddf_aux_0: 0.0406 (0.0424)  loss_mal_aux_1: 0.6577 (0.6594)  loss_bbox_aux_1: 0.0343 (0.0347)  loss_giou_aux_1: 0.4057 (0.3943)  loss_fgl_aux_1: 1.2341 (1.2321)  loss_ddf_aux_1: 0.0031 (0.0032)  loss_mal_pre: 0.7256 (0.7234)  loss_bbox_pre: 0.0353 (0.0353)  loss_giou_pre: 0.4078 (0.3980)  loss_mal_enc_0: 0.8452 (0.8423)  loss_bbox_enc_0: 0.0389 (0.0407)  loss_giou_enc_0: 0.4774 (0.4645)  loss_mal_dn_0: 0.6814 (0.6827)  loss_bbox_dn_0: 0.0338 (0.0350)  loss_giou_dn_0: 0.4071 (0.4106)  loss_fgl_dn_0: 1.2408 (1.2381)  loss_ddf_dn_0: 0.1434 (0.1400)  loss_mal_dn_1: 0.5944 (0.6043)  loss_bbox_dn_1: 0.0252 (0.0265)  loss_giou_dn_1: 0.3136 (0.3229)  loss_fgl_dn_1: 1.1619 (1.1698)  loss_ddf_dn_1: 0.0026 (0.0025)  loss_mal_dn_2: 0.5961 (0.6035)  loss_bbox_dn_2: 0.0252 (0.0264)  loss_giou_dn_2: 0.3131 (0.3224)  loss_fgl_dn_2: 1.1616 (1.1696)  loss_ddf_dn_2: -0.0000 (0.0000)  loss_mal_dn_pre: 0.6825 (0.6822)  loss_bbox_dn_pre: 0.0336 (0.0349)  loss_giou_dn_pre: 0.4086 (0.4099)  time: 0.3157  data: 0.0393  max mem: 5225
Epoch: [17/30]  [20/44]  eta: 0:00:07  lr: 0.000100  loss: 17.3208 (17.3541)  loss_mal: 0.6440 (0.6408)  loss_bbox: 0.0318 (0.0329)  loss_giou: 0.3807 (0.3816)  loss_fgl: 1.2231 (1.2269)  loss_mal_aux_0: 0.7369 (0.7491)  loss_bbox_aux_0: 0.0338 (0.0339)  loss_giou_aux_0: 0.3905 (0.3897)  loss_fgl_aux_0: 1.2403 (1.2384)  loss_ddf_aux_0: 0.0404 (0.0410)  loss_mal_aux_1: 0.6552 (0.6527)  loss_bbox_aux_1: 0.0319 (0.0329)  loss_giou_aux_1: 0.3820 (0.3818)  loss_fgl_aux_1: 1.2233 (1.2270)  loss_ddf_aux_1: 0.0031 (0.0032)  loss_mal_pre: 0.7369 (0.7469)  loss_bbox_pre: 0.0342 (0.0339)  loss_giou_pre: 0.3933 (0.3903)  loss_mal_enc_0: 0.8416 (0.8428)  loss_bbox_enc_0: 0.0373 (0.0383)  loss_giou_enc_0: 0.4634 (0.4509)  loss_mal_dn_0: 0.6814 (0.6820)  loss_bbox_dn_0: 0.0331 (0.0339)  loss_giou_dn_0: 0.4019 (0.4053)  loss_fgl_dn_0: 1.2316 (1.2347)  loss_ddf_dn_0: 0.1405 (0.1403)  loss_mal_dn_1: 0.5944 (0.5989)  loss_bbox_dn_1: 0.0245 (0.0252)  loss_giou_dn_1: 0.3104 (0.3142)  loss_fgl_dn_1: 1.1578 (1.1626)  loss_ddf_dn_1: 0.0025 (0.0025)  loss_mal_dn_2: 0.5966 (0.5987)  loss_bbox_dn_2: 0.0246 (0.0252)  loss_giou_dn_2: 0.3074 (0.3134)  loss_fgl_dn_2: 1.1560 (1.1619)  loss_ddf_dn_2: -0.0000 (0.0000)  loss_mal_dn_pre: 0.6807 (0.6815)  loss_bbox_dn_pre: 0.0330 (0.0338)  loss_giou_dn_pre: 0.4000 (0.4048)  time: 0.2901  data: 0.0162  max mem: 5225
Epoch: [17/30]  [30/44]  eta: 0:00:04  lr: 0.000100  loss: 17.2692 (17.3329)  loss_mal: 0.6310 (0.6376)  loss_bbox: 0.0306 (0.0324)  loss_giou: 0.3714 (0.3819)  loss_fgl: 1.2204 (1.2296)  loss_mal_aux_0: 0.7417 (0.7402)  loss_bbox_aux_0: 0.0320 (0.0337)  loss_giou_aux_0: 0.3803 (0.3934)  loss_fgl_aux_0: 1.2353 (1.2407)  loss_ddf_aux_0: 0.0394 (0.0403)  loss_mal_aux_1: 0.6436 (0.6489)  loss_bbox_aux_1: 0.0306 (0.0325)  loss_giou_aux_1: 0.3681 (0.3826)  loss_fgl_aux_1: 1.2216 (1.2303)  loss_ddf_aux_1: 0.0030 (0.0032)  loss_mal_pre: 0.7422 (0.7385)  loss_bbox_pre: 0.0318 (0.0337)  loss_giou_pre: 0.3835 (0.3937)  loss_mal_enc_0: 0.8500 (0.8450)  loss_bbox_enc_0: 0.0359 (0.0375)  loss_giou_enc_0: 0.4341 (0.4465)  loss_mal_dn_0: 0.6785 (0.6807)  loss_bbox_dn_0: 0.0322 (0.0332)  loss_giou_dn_0: 0.3953 (0.4022)  loss_fgl_dn_0: 1.2316 (1.2355)  loss_ddf_dn_0: 0.1367 (0.1403)  loss_mal_dn_1: 0.5948 (0.5990)  loss_bbox_dn_1: 0.0243 (0.0249)  loss_giou_dn_1: 0.3104 (0.3136)  loss_fgl_dn_1: 1.1591 (1.1642)  loss_ddf_dn_1: 0.0022 (0.0024)  loss_mal_dn_2: 0.5973 (0.5988)  loss_bbox_dn_2: 0.0242 (0.0248)  loss_giou_dn_2: 0.3064 (0.3126)  loss_fgl_dn_2: 1.1576 (1.1633)  loss_ddf_dn_2: -0.0000 (0.0000)  loss_mal_dn_pre: 0.6796 (0.6806)  loss_bbox_dn_pre: 0.0319 (0.0331)  loss_giou_dn_pre: 0.3934 (0.4015)  time: 0.2910  data: 0.0166  max mem: 5225
Epoch: [17/30]  [40/44]  eta: 0:00:01  lr: 0.000100  loss: 17.0631 (17.2263)  loss_mal: 0.6211 (0.6348)  loss_bbox: 0.0304 (0.0316)  loss_giou: 0.3615 (0.3757)  loss_fgl: 1.2174 (1.2253)  loss_mal_aux_0: 0.7071 (0.7344)  loss_bbox_aux_0: 0.0314 (0.0328)  loss_giou_aux_0: 0.3766 (0.3872)  loss_fgl_aux_0: 1.2246 (1.2352)  loss_ddf_aux_0: 0.0378 (0.0394)  loss_mal_aux_1: 0.6377 (0.6458)  loss_bbox_aux_1: 0.0305 (0.0317)  loss_giou_aux_1: 0.3617 (0.3765)  loss_fgl_aux_1: 1.2185 (1.2259)  loss_ddf_aux_1: 0.0032 (0.0032)  loss_mal_pre: 0.7085 (0.7325)  loss_bbox_pre: 0.0315 (0.0328)  loss_giou_pre: 0.3738 (0.3873)  loss_mal_enc_0: 0.8484 (0.8462)  loss_bbox_enc_0: 0.0351 (0.0366)  loss_giou_enc_0: 0.4124 (0.4382)  loss_mal_dn_0: 0.6756 (0.6783)  loss_bbox_dn_0: 0.0309 (0.0324)  loss_giou_dn_0: 0.3855 (0.3954)  loss_fgl_dn_0: 1.2229 (1.2325)  loss_ddf_dn_0: 0.1354 (0.1381)  loss_mal_dn_1: 0.5906 (0.5970)  loss_bbox_dn_1: 0.0238 (0.0245)  loss_giou_dn_1: 0.3036 (0.3109)  loss_fgl_dn_1: 1.1596 (1.1628)  loss_ddf_dn_1: 0.0022 (0.0024)  loss_mal_dn_2: 0.5918 (0.5966)  loss_bbox_dn_2: 0.0239 (0.0245)  loss_giou_dn_2: 0.3017 (0.3099)  loss_fgl_dn_2: 1.1594 (1.1621)  loss_ddf_dn_2: -0.0000 (0.0000)  loss_mal_dn_pre: 0.6760 (0.6783)  loss_bbox_dn_pre: 0.0310 (0.0323)  loss_giou_dn_pre: 0.3851 (0.3950)  time: 0.2901  data: 0.0163  max mem: 5225
Epoch: [17/30]  [43/44]  eta: 0:00:00  lr: 0.000100  loss: 16.8635 (17.1972)  loss_mal: 0.6203 (0.6337)  loss_bbox: 0.0304 (0.0318)  loss_giou: 0.3506 (0.3747)  loss_fgl: 1.2171 (1.2236)  loss_mal_aux_0: 0.6938 (0.7318)  loss_bbox_aux_0: 0.0314 (0.0329)  loss_giou_aux_0: 0.3570 (0.3866)  loss_fgl_aux_0: 1.2194 (1.2341)  loss_ddf_aux_0: 0.0378 (0.0393)  loss_mal_aux_1: 0.6366 (0.6447)  loss_bbox_aux_1: 0.0305 (0.0318)  loss_giou_aux_1: 0.3550 (0.3755)  loss_fgl_aux_1: 1.2164 (1.2241)  loss_ddf_aux_1: 0.0033 (0.0033)  loss_mal_pre: 0.6967 (0.7299)  loss_bbox_pre: 0.0313 (0.0329)  loss_giou_pre: 0.3598 (0.3867)  loss_mal_enc_0: 0.8484 (0.8462)  loss_bbox_enc_0: 0.0353 (0.0367)  loss_giou_enc_0: 0.4100 (0.4363)  loss_mal_dn_0: 0.6695 (0.6777)  loss_bbox_dn_0: 0.0309 (0.0325)  loss_giou_dn_0: 0.3785 (0.3942)  loss_fgl_dn_0: 1.2228 (1.2321)  loss_ddf_dn_0: 0.1311 (0.1374)  loss_mal_dn_1: 0.5904 (0.5957)  loss_bbox_dn_1: 0.0238 (0.0246)  loss_giou_dn_1: 0.3017 (0.3095)  loss_fgl_dn_1: 1.1591 (1.1615)  loss_ddf_dn_1: 0.0020 (0.0024)  loss_mal_dn_2: 0.5882 (0.5953)  loss_bbox_dn_2: 0.0239 (0.0245)  loss_giou_dn_2: 0.3010 (0.3085)  loss_fgl_dn_2: 1.1576 (1.1609)  loss_ddf_dn_2: -0.0000 (0.0000)  loss_mal_dn_pre: 0.6715 (0.6777)  loss_bbox_dn_pre: 0.0310 (0.0324)  loss_giou_dn_pre: 0.3771 (0.3938)  time: 0.2867  data: 0.0155  max mem: 5225
Epoch: [17/30] Total time: 0:00:13 (0.2965 s / it)
Averaged stats: lr: 0.000100  loss: 16.8635 (17.1972)  loss_mal: 0.6203 (0.6337)  loss_bbox: 0.0304 (0.0318)  loss_giou: 0.3506 (0.3747)  loss_fgl: 1.2171 (1.2236)  loss_mal_aux_0: 0.6938 (0.7318)  loss_bbox_aux_0: 0.0314 (0.0329)  loss_giou_aux_0: 0.3570 (0.3866)  loss_fgl_aux_0: 1.2194 (1.2341)  loss_ddf_aux_0: 0.0378 (0.0393)  loss_mal_aux_1: 0.6366 (0.6447)  loss_bbox_aux_1: 0.0305 (0.0318)  loss_giou_aux_1: 0.3550 (0.3755)  loss_fgl_aux_1: 1.2164 (1.2241)  loss_ddf_aux_1: 0.0033 (0.0033)  loss_mal_pre: 0.6967 (0.7299)  loss_bbox_pre: 0.0313 (0.0329)  loss_giou_pre: 0.3598 (0.3867)  loss_mal_enc_0: 0.8484 (0.8462)  loss_bbox_enc_0: 0.0353 (0.0367)  loss_giou_enc_0: 0.4100 (0.4363)  loss_mal_dn_0: 0.6695 (0.6777)  loss_bbox_dn_0: 0.0309 (0.0325)  loss_giou_dn_0: 0.3785 (0.3942)  loss_fgl_dn_0: 1.2228 (1.2321)  loss_ddf_dn_0: 0.1311 (0.1374)  loss_mal_dn_1: 0.5904 (0.5957)  loss_bbox_dn_1: 0.0238 (0.0246)  loss_giou_dn_1: 0.3017 (0.3095)  loss_fgl_dn_1: 1.1591 (1.1615)  loss_ddf_dn_1: 0.0020 (0.0024)  loss_mal_dn_2: 0.5882 (0.5953)  loss_bbox_dn_2: 0.0239 (0.0245)  loss_giou_dn_2: 0.3010 (0.3085)  loss_fgl_dn_2: 1.1576 (1.1609)  loss_ddf_dn_2: -0.0000 (0.0000)  loss_mal_dn_pre: 0.6715 (0.6777)  loss_bbox_dn_pre: 0.0310 (0.0324)  loss_giou_dn_pre: 0.3771 (0.3938)
Test:  [0/9]  eta: 0:00:02    time: 0.3270  data: 0.2622  max mem: 5225
Test:  [8/9]  eta: 0:00:00    time: 0.1234  data: 0.0447  max mem: 5225
Test: Total time: 0:00:01 (0.1277 s / it)
Metrics: {'f1': 0.9395973154362416, 'precision': 0.9090909090909091, 'recall': 0.9722222222222222, 'iou': 0.6231242063679273, 'TPs': 140, 'FPs': 14, 'FNs': 4}
Averaged stats: 
Accumulating evaluation results...
COCOeval_opt.accumulate() finished...
DONE (t=0.01s).
IoU metric: bbox
 Average Precision  (AP) @[ IoU=0.50:0.95 | area=   all | maxDets=100 ] = 0.354
 Average Precision  (AP) @[ IoU=0.50      | area=   all | maxDets=100 ] = 0.922
 Average Precision  (AP) @[ IoU=0.75      | area=   all | maxDets=100 ] = 0.121
 Average Precision  (AP) @[ IoU=0.50:0.95 | area= small | maxDets=100 ] = 0.354
 Average Precision  (AP) @[ IoU=0.50:0.95 | area=medium | maxDets=100 ] = -1.000
 Average Precision  (AP) @[ IoU=0.50:0.95 | area= large | maxDets=100 ] = -1.000
 Average Recall     (AR) @[ IoU=0.50:0.95 | area=   all | maxDets=  1 ] = 0.199
 Average Recall     (AR) @[ IoU=0.50:0.95 | area=   all | maxDets= 10 ] = 0.496
 Average Recall     (AR) @[ IoU=0.50:0.95 | area=   all | maxDets=100 ] = 0.624
 Average Recall     (AR) @[ IoU=0.50:0.95 | area= small | maxDets=100 ] = 0.624
 Average Recall     (AR) @[ IoU=0.50:0.95 | area=medium | maxDets=100 ] = -1.000
 Average Recall     (AR) @[ IoU=0.50:0.95 | area= large | maxDets=100 ] = -1.000
 Average Recall     (AR) @[ IoU=0.50      | area=   all | maxDets=100 ] = 1.000
 Average Recall     (AR) @[ IoU=0.75      | area=   all | maxDets=100 ] = 0.653
best_stat: {'epoch': 10, 'coco_eval_bbox': 0.36496804663448856}
Epoch: [18/30]  [ 0/44]  eta: 0:00:23  lr: 0.000100  loss: 15.9304 (15.9304)  loss_mal: 0.5964 (0.5964)  loss_bbox: 0.0264 (0.0264)  loss_giou: 0.3169 (0.3169)  loss_fgl: 1.1753 (1.1753)  loss_mal_aux_0: 0.6755 (0.6755)  loss_bbox_aux_0: 0.0269 (0.0269)  loss_giou_aux_0: 0.3262 (0.3262)  loss_fgl_aux_0: 1.1906 (1.1906)  loss_ddf_aux_0: 0.0315 (0.0315)  loss_mal_aux_1: 0.5906 (0.5906)  loss_bbox_aux_1: 0.0261 (0.0261)  loss_giou_aux_1: 0.3140 (0.3140)  loss_fgl_aux_1: 1.1734 (1.1734)  loss_ddf_aux_1: 0.0027 (0.0027)  loss_mal_pre: 0.6755 (0.6755)  loss_bbox_pre: 0.0271 (0.0271)  loss_giou_pre: 0.3275 (0.3275)  loss_mal_enc_0: 0.8206 (0.8206)  loss_bbox_enc_0: 0.0307 (0.0307)  loss_giou_enc_0: 0.3855 (0.3855)  loss_mal_dn_0: 0.6453 (0.6453)  loss_bbox_dn_0: 0.0261 (0.0261)  loss_giou_dn_0: 0.3178 (0.3178)  loss_fgl_dn_0: 1.1895 (1.1895)  loss_ddf_dn_0: 0.1116 (0.1116)  loss_mal_dn_1: 0.5538 (0.5538)  loss_bbox_dn_1: 0.0203 (0.0203)  loss_giou_dn_1: 0.2584 (0.2584)  loss_fgl_dn_1: 1.1230 (1.1230)  loss_ddf_dn_1: 0.0016 (0.0016)  loss_mal_dn_2: 0.5519 (0.5519)  loss_bbox_dn_2: 0.0202 (0.0202)  loss_giou_dn_2: 0.2562 (0.2562)  loss_fgl_dn_2: 1.1219 (1.1219)  loss_ddf_dn_2: -0.0000 (0.0000)  loss_mal_dn_pre: 0.6478 (0.6478)  loss_bbox_dn_pre: 0.0263 (0.0263)  loss_giou_dn_pre: 0.3193 (0.3193)  time: 0.5338  data: 0.2484  max mem: 5225
Epoch: [18/30]  [10/44]  eta: 0:00:10  lr: 0.000100  loss: 16.6040 (16.7190)  loss_mal: 0.6216 (0.6172)  loss_bbox: 0.0297 (0.0296)  loss_giou: 0.3338 (0.3384)  loss_fgl: 1.2091 (1.2135)  loss_mal_aux_0: 0.7026 (0.7147)  loss_bbox_aux_0: 0.0310 (0.0309)  loss_giou_aux_0: 0.3608 (0.3560)  loss_fgl_aux_0: 1.2183 (1.2246)  loss_ddf_aux_0: 0.0379 (0.0381)  loss_mal_aux_1: 0.6267 (0.6245)  loss_bbox_aux_1: 0.0302 (0.0297)  loss_giou_aux_1: 0.3352 (0.3403)  loss_fgl_aux_1: 1.2141 (1.2150)  loss_ddf_aux_1: 0.0035 (0.0035)  loss_mal_pre: 0.7024 (0.7122)  loss_bbox_pre: 0.0311 (0.0310)  loss_giou_pre: 0.3608 (0.3561)  loss_mal_enc_0: 0.8274 (0.8281)  loss_bbox_enc_0: 0.0366 (0.0354)  loss_giou_enc_0: 0.4009 (0.4046)  loss_mal_dn_0: 0.6679 (0.6686)  loss_bbox_dn_0: 0.0327 (0.0313)  loss_giou_dn_0: 0.3699 (0.3679)  loss_fgl_dn_0: 1.2153 (1.2292)  loss_ddf_dn_0: 0.1235 (0.1298)  loss_mal_dn_1: 0.5790 (0.5808)  loss_bbox_dn_1: 0.0244 (0.0238)  loss_giou_dn_1: 0.2902 (0.2890)  loss_fgl_dn_1: 1.1411 (1.1489)  loss_ddf_dn_1: 0.0017 (0.0020)  loss_mal_dn_2: 0.5772 (0.5794)  loss_bbox_dn_2: 0.0244 (0.0237)  loss_giou_dn_2: 0.2894 (0.2873)  loss_fgl_dn_2: 1.1387 (1.1473)  loss_ddf_dn_2: -0.0000 (0.0000)  loss_mal_dn_pre: 0.6665 (0.6683)  loss_bbox_dn_pre: 0.0326 (0.0313)  loss_giou_dn_pre: 0.3689 (0.3669)  time: 0.3081  data: 0.0368  max mem: 5225
Epoch: [18/30]  [20/44]  eta: 0:00:07  lr: 0.000100  loss: 16.5919 (16.7957)  loss_mal: 0.6137 (0.6182)  loss_bbox: 0.0291 (0.0292)  loss_giou: 0.3338 (0.3437)  loss_fgl: 1.2091 (1.2154)  loss_mal_aux_0: 0.6982 (0.7087)  loss_bbox_aux_0: 0.0302 (0.0307)  loss_giou_aux_0: 0.3511 (0.3614)  loss_fgl_aux_0: 1.2197 (1.2284)  loss_ddf_aux_0: 0.0386 (0.0387)  loss_mal_aux_1: 0.6167 (0.6271)  loss_bbox_aux_1: 0.0292 (0.0292)  loss_giou_aux_1: 0.3352 (0.3439)  loss_fgl_aux_1: 1.2116 (1.2156)  loss_ddf_aux_1: 0.0035 (0.0034)  loss_mal_pre: 0.6962 (0.7067)  loss_bbox_pre: 0.0303 (0.0307)  loss_giou_pre: 0.3466 (0.3608)  loss_mal_enc_0: 0.8246 (0.8220)  loss_bbox_enc_0: 0.0346 (0.0350)  loss_giou_enc_0: 0.4009 (0.4094)  loss_mal_dn_0: 0.6709 (0.6703)  loss_bbox_dn_0: 0.0318 (0.0311)  loss_giou_dn_0: 0.3738 (0.3762)  loss_fgl_dn_0: 1.2298 (1.2332)  loss_ddf_dn_0: 0.1325 (0.1355)  loss_mal_dn_1: 0.5813 (0.5851)  loss_bbox_dn_1: 0.0233 (0.0237)  loss_giou_dn_1: 0.2910 (0.2949)  loss_fgl_dn_1: 1.1491 (1.1545)  loss_ddf_dn_1: 0.0020 (0.0021)  loss_mal_dn_2: 0.5820 (0.5842)  loss_bbox_dn_2: 0.0232 (0.0236)  loss_giou_dn_2: 0.2899 (0.2938)  loss_fgl_dn_2: 1.1490 (1.1534)  loss_ddf_dn_2: -0.0000 (0.0000)  loss_mal_dn_pre: 0.6703 (0.6700)  loss_bbox_dn_pre: 0.0315 (0.0311)  loss_giou_dn_pre: 0.3713 (0.3749)  time: 0.2860  data: 0.0160  max mem: 5225
Epoch: [18/30]  [30/44]  eta: 0:00:04  lr: 0.000100  loss: 16.9028 (16.9592)  loss_mal: 0.6137 (0.6244)  loss_bbox: 0.0291 (0.0300)  loss_giou: 0.3543 (0.3571)  loss_fgl: 1.2090 (1.2172)  loss_mal_aux_0: 0.6989 (0.7174)  loss_bbox_aux_0: 0.0311 (0.0314)  loss_giou_aux_0: 0.3853 (0.3732)  loss_fgl_aux_0: 1.2263 (1.2286)  loss_ddf_aux_0: 0.0375 (0.0384)  loss_mal_aux_1: 0.6167 (0.6332)  loss_bbox_aux_1: 0.0292 (0.0300)  loss_giou_aux_1: 0.3490 (0.3576)  loss_fgl_aux_1: 1.2092 (1.2172)  loss_ddf_aux_1: 0.0033 (0.0034)  loss_mal_pre: 0.7000 (0.7150)  loss_bbox_pre: 0.0317 (0.0314)  loss_giou_pre: 0.3872 (0.3729)  loss_mal_enc_0: 0.8246 (0.8268)  loss_bbox_enc_0: 0.0355 (0.0357)  loss_giou_enc_0: 0.4303 (0.4213)  loss_mal_dn_0: 0.6721 (0.6738)  loss_bbox_dn_0: 0.0322 (0.0317)  loss_giou_dn_0: 0.3846 (0.3846)  loss_fgl_dn_0: 1.2305 (1.2351)  loss_ddf_dn_0: 0.1505 (0.1419)  loss_mal_dn_1: 0.5844 (0.5889)  loss_bbox_dn_1: 0.0240 (0.0240)  loss_giou_dn_1: 0.2991 (0.3008)  loss_fgl_dn_1: 1.1559 (1.1571)  loss_ddf_dn_1: 0.0027 (0.0023)  loss_mal_dn_2: 0.5820 (0.5882)  loss_bbox_dn_2: 0.0237 (0.0239)  loss_giou_dn_2: 0.2985 (0.2998)  loss_fgl_dn_2: 1.1545 (1.1563)  loss_ddf_dn_2: -0.0000 (0.0000)  loss_mal_dn_pre: 0.6717 (0.6735)  loss_bbox_dn_pre: 0.0321 (0.0316)  loss_giou_dn_pre: 0.3803 (0.3836)  time: 0.2874  data: 0.0162  max mem: 5225
Epoch: [18/30]  [40/44]  eta: 0:00:01  lr: 0.000100  loss: 17.1113 (17.0019)  loss_mal: 0.6288 (0.6264)  loss_bbox: 0.0316 (0.0304)  loss_giou: 0.3587 (0.3621)  loss_fgl: 1.2128 (1.2194)  loss_mal_aux_0: 0.7092 (0.7152)  loss_bbox_aux_0: 0.0335 (0.0318)  loss_giou_aux_0: 0.3999 (0.3783)  loss_fgl_aux_0: 1.2256 (1.2309)  loss_ddf_aux_0: 0.0360 (0.0376)  loss_mal_aux_1: 0.6380 (0.6359)  loss_bbox_aux_1: 0.0315 (0.0305)  loss_giou_aux_1: 0.3631 (0.3624)  loss_fgl_aux_1: 1.2138 (1.2196)  loss_ddf_aux_1: 0.0031 (0.0033)  loss_mal_pre: 0.7085 (0.7132)  loss_bbox_pre: 0.0334 (0.0318)  loss_giou_pre: 0.4014 (0.3782)  loss_mal_enc_0: 0.8273 (0.8260)  loss_bbox_enc_0: 0.0375 (0.0362)  loss_giou_enc_0: 0.4496 (0.4297)  loss_mal_dn_0: 0.6744 (0.6738)  loss_bbox_dn_0: 0.0326 (0.0316)  loss_giou_dn_0: 0.3853 (0.3850)  loss_fgl_dn_0: 1.2261 (1.2347)  loss_ddf_dn_0: 0.1399 (0.1399)  loss_mal_dn_1: 0.5905 (0.5898)  loss_bbox_dn_1: 0.0241 (0.0240)  loss_giou_dn_1: 0.2990 (0.3019)  loss_fgl_dn_1: 1.1559 (1.1586)  loss_ddf_dn_1: 0.0024 (0.0023)  loss_mal_dn_2: 0.5865 (0.5886)  loss_bbox_dn_2: 0.0241 (0.0239)  loss_giou_dn_2: 0.2985 (0.3010)  loss_fgl_dn_2: 1.1557 (1.1579)  loss_ddf_dn_2: -0.0000 (0.0000)  loss_mal_dn_pre: 0.6754 (0.6739)  loss_bbox_dn_pre: 0.0323 (0.0316)  loss_giou_dn_pre: 0.3836 (0.3844)  time: 0.2869  data: 0.0158  max mem: 5225
Epoch: [18/30]  [43/44]  eta: 0:00:00  lr: 0.000100  loss: 16.9028 (16.9759)  loss_mal: 0.6280 (0.6259)  loss_bbox: 0.0319 (0.0304)  loss_giou: 0.3636 (0.3616)  loss_fgl: 1.2085 (1.2183)  loss_mal_aux_0: 0.7091 (0.7133)  loss_bbox_aux_0: 0.0335 (0.0317)  loss_giou_aux_0: 0.3999 (0.3772)  loss_fgl_aux_0: 1.2263 (1.2302)  loss_ddf_aux_0: 0.0363 (0.0375)  loss_mal_aux_1: 0.6326 (0.6356)  loss_bbox_aux_1: 0.0315 (0.0304)  loss_giou_aux_1: 0.3645 (0.3620)  loss_fgl_aux_1: 1.2097 (1.2185)  loss_ddf_aux_1: 0.0031 (0.0033)  loss_mal_pre: 0.7078 (0.7113)  loss_bbox_pre: 0.0334 (0.0317)  loss_giou_pre: 0.4014 (0.3769)  loss_mal_enc_0: 0.8224 (0.8235)  loss_bbox_enc_0: 0.0375 (0.0362)  loss_giou_enc_0: 0.4496 (0.4290)  loss_mal_dn_0: 0.6700 (0.6731)  loss_bbox_dn_0: 0.0317 (0.0315)  loss_giou_dn_0: 0.3782 (0.3834)  loss_fgl_dn_0: 1.2261 (1.2333)  loss_ddf_dn_0: 0.1383 (0.1394)  loss_mal_dn_1: 0.5861 (0.5892)  loss_bbox_dn_1: 0.0240 (0.0239)  loss_giou_dn_1: 0.2990 (0.3012)  loss_fgl_dn_1: 1.1515 (1.1576)  loss_ddf_dn_1: 0.0023 (0.0023)  loss_mal_dn_2: 0.5855 (0.5880)  loss_bbox_dn_2: 0.0238 (0.0238)  loss_giou_dn_2: 0.2977 (0.3003)  loss_fgl_dn_2: 1.1513 (1.1569)  loss_ddf_dn_2: -0.0000 (0.0000)  loss_mal_dn_pre: 0.6717 (0.6731)  loss_bbox_dn_pre: 0.0318 (0.0315)  loss_giou_dn_pre: 0.3798 (0.3828)  time: 0.2844  data: 0.0154  max mem: 5225
Epoch: [18/30] Total time: 0:00:12 (0.2923 s / it)
Averaged stats: lr: 0.000100  loss: 16.9028 (16.9759)  loss_mal: 0.6280 (0.6259)  loss_bbox: 0.0319 (0.0304)  loss_giou: 0.3636 (0.3616)  loss_fgl: 1.2085 (1.2183)  loss_mal_aux_0: 0.7091 (0.7133)  loss_bbox_aux_0: 0.0335 (0.0317)  loss_giou_aux_0: 0.3999 (0.3772)  loss_fgl_aux_0: 1.2263 (1.2302)  loss_ddf_aux_0: 0.0363 (0.0375)  loss_mal_aux_1: 0.6326 (0.6356)  loss_bbox_aux_1: 0.0315 (0.0304)  loss_giou_aux_1: 0.3645 (0.3620)  loss_fgl_aux_1: 1.2097 (1.2185)  loss_ddf_aux_1: 0.0031 (0.0033)  loss_mal_pre: 0.7078 (0.7113)  loss_bbox_pre: 0.0334 (0.0317)  loss_giou_pre: 0.4014 (0.3769)  loss_mal_enc_0: 0.8224 (0.8235)  loss_bbox_enc_0: 0.0375 (0.0362)  loss_giou_enc_0: 0.4496 (0.4290)  loss_mal_dn_0: 0.6700 (0.6731)  loss_bbox_dn_0: 0.0317 (0.0315)  loss_giou_dn_0: 0.3782 (0.3834)  loss_fgl_dn_0: 1.2261 (1.2333)  loss_ddf_dn_0: 0.1383 (0.1394)  loss_mal_dn_1: 0.5861 (0.5892)  loss_bbox_dn_1: 0.0240 (0.0239)  loss_giou_dn_1: 0.2990 (0.3012)  loss_fgl_dn_1: 1.1515 (1.1576)  loss_ddf_dn_1: 0.0023 (0.0023)  loss_mal_dn_2: 0.5855 (0.5880)  loss_bbox_dn_2: 0.0238 (0.0238)  loss_giou_dn_2: 0.2977 (0.3003)  loss_fgl_dn_2: 1.1513 (1.1569)  loss_ddf_dn_2: -0.0000 (0.0000)  loss_mal_dn_pre: 0.6717 (0.6731)  loss_bbox_dn_pre: 0.0318 (0.0315)  loss_giou_dn_pre: 0.3798 (0.3828)
Test:  [0/9]  eta: 0:00:02    time: 0.3210  data: 0.2573  max mem: 5225
Test:  [8/9]  eta: 0:00:00    time: 0.1031  data: 0.0458  max mem: 5225
Test: Total time: 0:00:00 (0.1070 s / it)
Metrics: {'f1': 0.9337748344370861, 'precision': 0.8924050632911392, 'recall': 0.9791666666666666, 'iou': 0.6140565853681623, 'TPs': 141, 'FPs': 17, 'FNs': 3}
Averaged stats: 
Accumulating evaluation results...
COCOeval_opt.accumulate() finished...
DONE (t=0.01s).
IoU metric: bbox
 Average Precision  (AP) @[ IoU=0.50:0.95 | area=   all | maxDets=100 ] = 0.348
 Average Precision  (AP) @[ IoU=0.50      | area=   all | maxDets=100 ] = 0.934
 Average Precision  (AP) @[ IoU=0.75      | area=   all | maxDets=100 ] = 0.117
 Average Precision  (AP) @[ IoU=0.50:0.95 | area= small | maxDets=100 ] = 0.349
 Average Precision  (AP) @[ IoU=0.50:0.95 | area=medium | maxDets=100 ] = -1.000
 Average Precision  (AP) @[ IoU=0.50:0.95 | area= large | maxDets=100 ] = -1.000
 Average Recall     (AR) @[ IoU=0.50:0.95 | area=   all | maxDets=  1 ] = 0.194
 Average Recall     (AR) @[ IoU=0.50:0.95 | area=   all | maxDets= 10 ] = 0.485
 Average Recall     (AR) @[ IoU=0.50:0.95 | area=   all | maxDets=100 ] = 0.615
 Average Recall     (AR) @[ IoU=0.50:0.95 | area= small | maxDets=100 ] = 0.615
 Average Recall     (AR) @[ IoU=0.50:0.95 | area=medium | maxDets=100 ] = -1.000
 Average Recall     (AR) @[ IoU=0.50:0.95 | area= large | maxDets=100 ] = -1.000
 Average Recall     (AR) @[ IoU=0.50      | area=   all | maxDets=100 ] = 0.993
 Average Recall     (AR) @[ IoU=0.75      | area=   all | maxDets=100 ] = 0.681
best_stat: {'epoch': 10, 'coco_eval_bbox': 0.36496804663448856}
Epoch: [19/30]  [ 0/44]  eta: 0:00:23  lr: 0.000100  loss: 15.7005 (15.7005)  loss_mal: 0.5767 (0.5767)  loss_bbox: 0.0267 (0.0267)  loss_giou: 0.2915 (0.2915)  loss_fgl: 1.1720 (1.1720)  loss_mal_aux_0: 0.6520 (0.6520)  loss_bbox_aux_0: 0.0271 (0.0271)  loss_giou_aux_0: 0.3001 (0.3001)  loss_fgl_aux_0: 1.1935 (1.1935)  loss_ddf_aux_0: 0.0388 (0.0388)  loss_mal_aux_1: 0.5804 (0.5804)  loss_bbox_aux_1: 0.0263 (0.0263)  loss_giou_aux_1: 0.2915 (0.2915)  loss_fgl_aux_1: 1.1698 (1.1698)  loss_ddf_aux_1: 0.0038 (0.0038)  loss_mal_pre: 0.6518 (0.6518)  loss_bbox_pre: 0.0268 (0.0268)  loss_giou_pre: 0.2973 (0.2973)  loss_mal_enc_0: 0.8290 (0.8290)  loss_bbox_enc_0: 0.0327 (0.0327)  loss_giou_enc_0: 0.3550 (0.3550)  loss_mal_dn_0: 0.6371 (0.6371)  loss_bbox_dn_0: 0.0293 (0.0293)  loss_giou_dn_0: 0.3267 (0.3267)  loss_fgl_dn_0: 1.2044 (1.2044)  loss_ddf_dn_0: 0.1024 (0.1024)  loss_mal_dn_1: 0.5419 (0.5419)  loss_bbox_dn_1: 0.0219 (0.0219)  loss_giou_dn_1: 0.2486 (0.2486)  loss_fgl_dn_1: 1.1215 (1.1215)  loss_ddf_dn_1: 0.0015 (0.0015)  loss_mal_dn_2: 0.5405 (0.5405)  loss_bbox_dn_2: 0.0218 (0.0218)  loss_giou_dn_2: 0.2467 (0.2467)  loss_fgl_dn_2: 1.1196 (1.1196)  loss_ddf_dn_2: -0.0000 (0.0000)  loss_mal_dn_pre: 0.6387 (0.6387)  loss_bbox_dn_pre: 0.0291 (0.0291)  loss_giou_dn_pre: 0.3259 (0.3259)  time: 0.5241  data: 0.2377  max mem: 5225
Epoch: [19/30]  [10/44]  eta: 0:00:10  lr: 0.000100  loss: 16.8937 (16.6575)  loss_mal: 0.6252 (0.6177)  loss_bbox: 0.0295 (0.0292)  loss_giou: 0.3430 (0.3508)  loss_fgl: 1.2147 (1.2173)  loss_mal_aux_0: 0.6945 (0.6892)  loss_bbox_aux_0: 0.0298 (0.0297)  loss_giou_aux_0: 0.3510 (0.3582)  loss_fgl_aux_0: 1.2226 (1.2260)  loss_ddf_aux_0: 0.0319 (0.0329)  loss_mal_aux_1: 0.6256 (0.6249)  loss_bbox_aux_1: 0.0295 (0.0293)  loss_giou_aux_1: 0.3454 (0.3516)  loss_fgl_aux_1: 1.2172 (1.2181)  loss_ddf_aux_1: 0.0026 (0.0026)  loss_mal_pre: 0.6929 (0.6887)  loss_bbox_pre: 0.0300 (0.0297)  loss_giou_pre: 0.3490 (0.3582)  loss_mal_enc_0: 0.8047 (0.8024)  loss_bbox_enc_0: 0.0332 (0.0333)  loss_giou_enc_0: 0.3997 (0.4075)  loss_mal_dn_0: 0.6709 (0.6652)  loss_bbox_dn_0: 0.0293 (0.0295)  loss_giou_dn_0: 0.3733 (0.3650)  loss_fgl_dn_0: 1.2189 (1.2247)  loss_ddf_dn_0: 0.1240 (0.1228)  loss_mal_dn_1: 0.5927 (0.5845)  loss_bbox_dn_1: 0.0232 (0.0229)  loss_giou_dn_1: 0.3029 (0.2921)  loss_fgl_dn_1: 1.1389 (1.1494)  loss_ddf_dn_1: 0.0019 (0.0020)  loss_mal_dn_2: 0.5916 (0.5818)  loss_bbox_dn_2: 0.0231 (0.0229)  loss_giou_dn_2: 0.3025 (0.2909)  loss_fgl_dn_2: 1.1364 (1.1485)  loss_ddf_dn_2: -0.0000 (0.0000)  loss_mal_dn_pre: 0.6721 (0.6648)  loss_bbox_dn_pre: 0.0294 (0.0293)  loss_giou_dn_pre: 0.3708 (0.3638)  time: 0.3135  data: 0.0362  max mem: 5225
Epoch: [19/30]  [20/44]  eta: 0:00:07  lr: 0.000100  loss: 16.8937 (16.7662)  loss_mal: 0.6195 (0.6185)  loss_bbox: 0.0295 (0.0303)  loss_giou: 0.3636 (0.3579)  loss_fgl: 1.2190 (1.2156)  loss_mal_aux_0: 0.6948 (0.6918)  loss_bbox_aux_0: 0.0307 (0.0311)  loss_giou_aux_0: 0.3723 (0.3690)  loss_fgl_aux_0: 1.2226 (1.2250)  loss_ddf_aux_0: 0.0316 (0.0323)  loss_mal_aux_1: 0.6264 (0.6280)  loss_bbox_aux_1: 0.0298 (0.0303)  loss_giou_aux_1: 0.3634 (0.3582)  loss_fgl_aux_1: 1.2172 (1.2155)  loss_ddf_aux_1: 0.0024 (0.0026)  loss_mal_pre: 0.6950 (0.6913)  loss_bbox_pre: 0.0309 (0.0311)  loss_giou_pre: 0.3738 (0.3683)  loss_mal_enc_0: 0.8046 (0.8051)  loss_bbox_enc_0: 0.0332 (0.0340)  loss_giou_enc_0: 0.4175 (0.4106)  loss_mal_dn_0: 0.6724 (0.6694)  loss_bbox_dn_0: 0.0298 (0.0307)  loss_giou_dn_0: 0.3784 (0.3750)  loss_fgl_dn_0: 1.2211 (1.2266)  loss_ddf_dn_0: 0.1283 (0.1267)  loss_mal_dn_1: 0.5910 (0.5874)  loss_bbox_dn_1: 0.0233 (0.0237)  loss_giou_dn_1: 0.3029 (0.2977)  loss_fgl_dn_1: 1.1389 (1.1516)  loss_ddf_dn_1: 0.0021 (0.0021)  loss_mal_dn_2: 0.5882 (0.5848)  loss_bbox_dn_2: 0.0232 (0.0237)  loss_giou_dn_2: 0.3025 (0.2966)  loss_fgl_dn_2: 1.1364 (1.1504)  loss_ddf_dn_2: -0.0000 (0.0000)  loss_mal_dn_pre: 0.6726 (0.6689)  loss_bbox_dn_pre: 0.0299 (0.0305)  loss_giou_dn_pre: 0.3782 (0.3737)  time: 0.2909  data: 0.0159  max mem: 5225
Epoch: [19/30]  [30/44]  eta: 0:00:04  lr: 0.000100  loss: 16.8906 (16.8088)  loss_mal: 0.6195 (0.6211)  loss_bbox: 0.0304 (0.0307)  loss_giou: 0.3636 (0.3591)  loss_fgl: 1.2190 (1.2159)  loss_mal_aux_0: 0.7123 (0.7057)  loss_bbox_aux_0: 0.0329 (0.0316)  loss_giou_aux_0: 0.3851 (0.3707)  loss_fgl_aux_0: 1.2239 (1.2257)  loss_ddf_aux_0: 0.0292 (0.0309)  loss_mal_aux_1: 0.6333 (0.6314)  loss_bbox_aux_1: 0.0306 (0.0308)  loss_giou_aux_1: 0.3663 (0.3598)  loss_fgl_aux_1: 1.2155 (1.2160)  loss_ddf_aux_1: 0.0024 (0.0025)  loss_mal_pre: 0.7053 (0.7032)  loss_bbox_pre: 0.0327 (0.0315)  loss_giou_pre: 0.3817 (0.3696)  loss_mal_enc_0: 0.7979 (0.8003)  loss_bbox_enc_0: 0.0323 (0.0343)  loss_giou_enc_0: 0.4119 (0.4086)  loss_mal_dn_0: 0.6724 (0.6685)  loss_bbox_dn_0: 0.0312 (0.0310)  loss_giou_dn_0: 0.3806 (0.3754)  loss_fgl_dn_0: 1.2276 (1.2273)  loss_ddf_dn_0: 0.1345 (0.1311)  loss_mal_dn_1: 0.5864 (0.5879)  loss_bbox_dn_1: 0.0246 (0.0240)  loss_giou_dn_1: 0.2995 (0.2983)  loss_fgl_dn_1: 1.1526 (1.1532)  loss_ddf_dn_1: 0.0024 (0.0023)  loss_mal_dn_2: 0.5859 (0.5850)  loss_bbox_dn_2: 0.0244 (0.0240)  loss_giou_dn_2: 0.2972 (0.2970)  loss_fgl_dn_2: 1.1514 (1.1522)  loss_ddf_dn_2: -0.0000 (0.0000)  loss_mal_dn_pre: 0.6704 (0.6677)  loss_bbox_dn_pre: 0.0311 (0.0308)  loss_giou_dn_pre: 0.3782 (0.3736)  time: 0.2887  data: 0.0157  max mem: 5225
Epoch: [19/30]  [40/44]  eta: 0:00:01  lr: 0.000100  loss: 16.5726 (16.6903)  loss_mal: 0.6130 (0.6156)  loss_bbox: 0.0288 (0.0299)  loss_giou: 0.3391 (0.3518)  loss_fgl: 1.2030 (1.2102)  loss_mal_aux_0: 0.7192 (0.7033)  loss_bbox_aux_0: 0.0293 (0.0309)  loss_giou_aux_0: 0.3515 (0.3651)  loss_fgl_aux_0: 1.2092 (1.2211)  loss_ddf_aux_0: 0.0285 (0.0310)  loss_mal_aux_1: 0.6279 (0.6252)  loss_bbox_aux_1: 0.0292 (0.0299)  loss_giou_aux_1: 0.3373 (0.3526)  loss_fgl_aux_1: 1.2014 (1.2102)  loss_ddf_aux_1: 0.0025 (0.0025)  loss_mal_pre: 0.7110 (0.7010)  loss_bbox_pre: 0.0291 (0.0308)  loss_giou_pre: 0.3489 (0.3643)  loss_mal_enc_0: 0.7879 (0.7982)  loss_bbox_enc_0: 0.0326 (0.0340)  loss_giou_enc_0: 0.3895 (0.4085)  loss_mal_dn_0: 0.6538 (0.6647)  loss_bbox_dn_0: 0.0297 (0.0303)  loss_giou_dn_0: 0.3599 (0.3699)  loss_fgl_dn_0: 1.2173 (1.2221)  loss_ddf_dn_0: 0.1413 (0.1332)  loss_mal_dn_1: 0.5730 (0.5831)  loss_bbox_dn_1: 0.0231 (0.0233)  loss_giou_dn_1: 0.2793 (0.2926)  loss_fgl_dn_1: 1.1420 (1.1474)  loss_ddf_dn_1: 0.0026 (0.0024)  loss_mal_dn_2: 0.5731 (0.5804)  loss_bbox_dn_2: 0.0232 (0.0233)  loss_giou_dn_2: 0.2799 (0.2916)  loss_fgl_dn_2: 1.1445 (1.1468)  loss_ddf_dn_2: -0.0000 (0.0000)  loss_mal_dn_pre: 0.6550 (0.6645)  loss_bbox_dn_pre: 0.0298 (0.0301)  loss_giou_dn_pre: 0.3574 (0.3686)  time: 0.2887  data: 0.0162  max mem: 5225
Epoch: [19/30]  [43/44]  eta: 0:00:00  lr: 0.000100  loss: 16.5726 (16.7127)  loss_mal: 0.6130 (0.6179)  loss_bbox: 0.0291 (0.0302)  loss_giou: 0.3391 (0.3526)  loss_fgl: 1.2030 (1.2118)  loss_mal_aux_0: 0.7123 (0.7019)  loss_bbox_aux_0: 0.0307 (0.0313)  loss_giou_aux_0: 0.3515 (0.3662)  loss_fgl_aux_0: 1.2092 (1.2230)  loss_ddf_aux_0: 0.0296 (0.0309)  loss_mal_aux_1: 0.6283 (0.6280)  loss_bbox_aux_1: 0.0294 (0.0303)  loss_giou_aux_1: 0.3373 (0.3535)  loss_fgl_aux_1: 1.2014 (1.2120)  loss_ddf_aux_1: 0.0025 (0.0026)  loss_mal_pre: 0.7049 (0.6996)  loss_bbox_pre: 0.0306 (0.0312)  loss_giou_pre: 0.3489 (0.3654)  loss_mal_enc_0: 0.7933 (0.7990)  loss_bbox_enc_0: 0.0339 (0.0345)  loss_giou_enc_0: 0.4064 (0.4099)  loss_mal_dn_0: 0.6538 (0.6646)  loss_bbox_dn_0: 0.0297 (0.0305)  loss_giou_dn_0: 0.3611 (0.3700)  loss_fgl_dn_0: 1.2173 (1.2232)  loss_ddf_dn_0: 0.1387 (0.1326)  loss_mal_dn_1: 0.5730 (0.5840)  loss_bbox_dn_1: 0.0231 (0.0236)  loss_giou_dn_1: 0.2793 (0.2931)  loss_fgl_dn_1: 1.1420 (1.1489)  loss_ddf_dn_1: 0.0026 (0.0025)  loss_mal_dn_2: 0.5742 (0.5811)  loss_bbox_dn_2: 0.0232 (0.0235)  loss_giou_dn_2: 0.2799 (0.2921)  loss_fgl_dn_2: 1.1445 (1.1482)  loss_ddf_dn_2: -0.0000 (0.0000)  loss_mal_dn_pre: 0.6550 (0.6644)  loss_bbox_dn_pre: 0.0298 (0.0304)  loss_giou_dn_pre: 0.3625 (0.3688)  time: 0.2867  data: 0.0160  max mem: 5225
Epoch: [19/30] Total time: 0:00:12 (0.2952 s / it)
Averaged stats: lr: 0.000100  loss: 16.5726 (16.7127)  loss_mal: 0.6130 (0.6179)  loss_bbox: 0.0291 (0.0302)  loss_giou: 0.3391 (0.3526)  loss_fgl: 1.2030 (1.2118)  loss_mal_aux_0: 0.7123 (0.7019)  loss_bbox_aux_0: 0.0307 (0.0313)  loss_giou_aux_0: 0.3515 (0.3662)  loss_fgl_aux_0: 1.2092 (1.2230)  loss_ddf_aux_0: 0.0296 (0.0309)  loss_mal_aux_1: 0.6283 (0.6280)  loss_bbox_aux_1: 0.0294 (0.0303)  loss_giou_aux_1: 0.3373 (0.3535)  loss_fgl_aux_1: 1.2014 (1.2120)  loss_ddf_aux_1: 0.0025 (0.0026)  loss_mal_pre: 0.7049 (0.6996)  loss_bbox_pre: 0.0306 (0.0312)  loss_giou_pre: 0.3489 (0.3654)  loss_mal_enc_0: 0.7933 (0.7990)  loss_bbox_enc_0: 0.0339 (0.0345)  loss_giou_enc_0: 0.4064 (0.4099)  loss_mal_dn_0: 0.6538 (0.6646)  loss_bbox_dn_0: 0.0297 (0.0305)  loss_giou_dn_0: 0.3611 (0.3700)  loss_fgl_dn_0: 1.2173 (1.2232)  loss_ddf_dn_0: 0.1387 (0.1326)  loss_mal_dn_1: 0.5730 (0.5840)  loss_bbox_dn_1: 0.0231 (0.0236)  loss_giou_dn_1: 0.2793 (0.2931)  loss_fgl_dn_1: 1.1420 (1.1489)  loss_ddf_dn_1: 0.0026 (0.0025)  loss_mal_dn_2: 0.5742 (0.5811)  loss_bbox_dn_2: 0.0232 (0.0235)  loss_giou_dn_2: 0.2799 (0.2921)  loss_fgl_dn_2: 1.1445 (1.1482)  loss_ddf_dn_2: -0.0000 (0.0000)  loss_mal_dn_pre: 0.6550 (0.6644)  loss_bbox_dn_pre: 0.0298 (0.0304)  loss_giou_dn_pre: 0.3625 (0.3688)
Test:  [0/9]  eta: 0:00:03    time: 0.3361  data: 0.2727  max mem: 5225
Test:  [8/9]  eta: 0:00:00    time: 0.1204  data: 0.0415  max mem: 5225
Test: Total time: 0:00:01 (0.1247 s / it)
Metrics: {'f1': 0.9302325581395349, 'precision': 0.89171974522293, 'recall': 0.9722222222222222, 'iou': 0.6101468686731706, 'TPs': 140, 'FPs': 17, 'FNs': 4}
Averaged stats: 
Accumulating evaluation results...
COCOeval_opt.accumulate() finished...
DONE (t=0.01s).
IoU metric: bbox
 Average Precision  (AP) @[ IoU=0.50:0.95 | area=   all | maxDets=100 ] = 0.354
 Average Precision  (AP) @[ IoU=0.50      | area=   all | maxDets=100 ] = 0.933
 Average Precision  (AP) @[ IoU=0.75      | area=   all | maxDets=100 ] = 0.131
 Average Precision  (AP) @[ IoU=0.50:0.95 | area= small | maxDets=100 ] = 0.355
 Average Precision  (AP) @[ IoU=0.50:0.95 | area=medium | maxDets=100 ] = -1.000
 Average Precision  (AP) @[ IoU=0.50:0.95 | area= large | maxDets=100 ] = -1.000
 Average Recall     (AR) @[ IoU=0.50:0.95 | area=   all | maxDets=  1 ] = 0.194
 Average Recall     (AR) @[ IoU=0.50:0.95 | area=   all | maxDets= 10 ] = 0.490
 Average Recall     (AR) @[ IoU=0.50:0.95 | area=   all | maxDets=100 ] = 0.616
 Average Recall     (AR) @[ IoU=0.50:0.95 | area= small | maxDets=100 ] = 0.616
 Average Recall     (AR) @[ IoU=0.50:0.95 | area=medium | maxDets=100 ] = -1.000
 Average Recall     (AR) @[ IoU=0.50:0.95 | area= large | maxDets=100 ] = -1.000
 Average Recall     (AR) @[ IoU=0.50      | area=   all | maxDets=100 ] = 0.993
 Average Recall     (AR) @[ IoU=0.75      | area=   all | maxDets=100 ] = 0.681
best_stat: {'epoch': 10, 'coco_eval_bbox': 0.36496804663448856}
Epoch: [20/30]  [ 0/44]  eta: 0:00:26  lr: 0.000100  loss: 15.4579 (15.4579)  loss_mal: 0.5646 (0.5646)  loss_bbox: 0.0205 (0.0205)  loss_giou: 0.2546 (0.2546)  loss_fgl: 1.1576 (1.1576)  loss_mal_aux_0: 0.6808 (0.6808)  loss_bbox_aux_0: 0.0210 (0.0210)  loss_giou_aux_0: 0.2742 (0.2742)  loss_fgl_aux_0: 1.1756 (1.1756)  loss_ddf_aux_0: 0.0293 (0.0293)  loss_mal_aux_1: 0.5702 (0.5702)  loss_bbox_aux_1: 0.0202 (0.0202)  loss_giou_aux_1: 0.2525 (0.2525)  loss_fgl_aux_1: 1.1566 (1.1566)  loss_ddf_aux_1: 0.0025 (0.0025)  loss_mal_pre: 0.6833 (0.6833)  loss_bbox_pre: 0.0213 (0.0213)  loss_giou_pre: 0.2767 (0.2767)  loss_mal_enc_0: 0.8088 (0.8088)  loss_bbox_enc_0: 0.0268 (0.0268)  loss_giou_enc_0: 0.3828 (0.3828)  loss_mal_dn_0: 0.6418 (0.6418)  loss_bbox_dn_0: 0.0230 (0.0230)  loss_giou_dn_0: 0.3188 (0.3188)  loss_fgl_dn_0: 1.1887 (1.1887)  loss_ddf_dn_0: 0.0980 (0.0980)  loss_mal_dn_1: 0.5434 (0.5434)  loss_bbox_dn_1: 0.0176 (0.0176)  loss_giou_dn_1: 0.2422 (0.2422)  loss_fgl_dn_1: 1.1074 (1.1074)  loss_ddf_dn_1: 0.0018 (0.0018)  loss_mal_dn_2: 0.5409 (0.5409)  loss_bbox_dn_2: 0.0176 (0.0176)  loss_giou_dn_2: 0.2405 (0.2405)  loss_fgl_dn_2: 1.1082 (1.1082)  loss_ddf_dn_2: -0.0000 (0.0000)  loss_mal_dn_pre: 0.6448 (0.6448)  loss_bbox_dn_pre: 0.0231 (0.0231)  loss_giou_dn_pre: 0.3204 (0.3204)  time: 0.5950  data: 0.3119  max mem: 5225
Epoch: [20/30]  [10/44]  eta: 0:00:10  lr: 0.000100  loss: 16.3059 (16.1859)  loss_mal: 0.5953 (0.5970)  loss_bbox: 0.0267 (0.0261)  loss_giou: 0.3179 (0.3126)  loss_fgl: 1.1805 (1.1911)  loss_mal_aux_0: 0.6742 (0.6837)  loss_bbox_aux_0: 0.0300 (0.0277)  loss_giou_aux_0: 0.3405 (0.3282)  loss_fgl_aux_0: 1.2065 (1.2048)  loss_ddf_aux_0: 0.0318 (0.0334)  loss_mal_aux_1: 0.5985 (0.6039)  loss_bbox_aux_1: 0.0271 (0.0261)  loss_giou_aux_1: 0.3152 (0.3127)  loss_fgl_aux_1: 1.1842 (1.1916)  loss_ddf_aux_1: 0.0028 (0.0029)  loss_mal_pre: 0.6755 (0.6819)  loss_bbox_pre: 0.0299 (0.0276)  loss_giou_pre: 0.3402 (0.3276)  loss_mal_enc_0: 0.7879 (0.7899)  loss_bbox_enc_0: 0.0316 (0.0316)  loss_giou_enc_0: 0.3828 (0.3818)  loss_mal_dn_0: 0.6537 (0.6557)  loss_bbox_dn_0: 0.0297 (0.0284)  loss_giou_dn_0: 0.3479 (0.3492)  loss_fgl_dn_0: 1.2140 (1.2191)  loss_ddf_dn_0: 0.1402 (0.1414)  loss_mal_dn_1: 0.5629 (0.5645)  loss_bbox_dn_1: 0.0215 (0.0212)  loss_giou_dn_1: 0.2683 (0.2683)  loss_fgl_dn_1: 1.1332 (1.1356)  loss_ddf_dn_1: 0.0028 (0.0028)  loss_mal_dn_2: 0.5591 (0.5627)  loss_bbox_dn_2: 0.0216 (0.0211)  loss_giou_dn_2: 0.2662 (0.2673)  loss_fgl_dn_2: 1.1329 (1.1352)  loss_ddf_dn_2: -0.0000 (0.0000)  loss_mal_dn_pre: 0.6543 (0.6557)  loss_bbox_dn_pre: 0.0297 (0.0282)  loss_giou_dn_pre: 0.3470 (0.3474)  time: 0.3102  data: 0.0406  max mem: 5225
Epoch: [20/30]  [20/44]  eta: 0:00:07  lr: 0.000100  loss: 16.3440 (16.2429)  loss_mal: 0.6050 (0.6017)  loss_bbox: 0.0267 (0.0265)  loss_giou: 0.3179 (0.3209)  loss_fgl: 1.1842 (1.1897)  loss_mal_aux_0: 0.6742 (0.6848)  loss_bbox_aux_0: 0.0285 (0.0280)  loss_giou_aux_0: 0.3455 (0.3374)  loss_fgl_aux_0: 1.2109 (1.2067)  loss_ddf_aux_0: 0.0311 (0.0324)  loss_mal_aux_1: 0.6129 (0.6084)  loss_bbox_aux_1: 0.0268 (0.0266)  loss_giou_aux_1: 0.3152 (0.3214)  loss_fgl_aux_1: 1.1842 (1.1906)  loss_ddf_aux_1: 0.0028 (0.0028)  loss_mal_pre: 0.6755 (0.6837)  loss_bbox_pre: 0.0287 (0.0279)  loss_giou_pre: 0.3474 (0.3373)  loss_mal_enc_0: 0.7837 (0.7854)  loss_bbox_enc_0: 0.0314 (0.0321)  loss_giou_enc_0: 0.3920 (0.3898)  loss_mal_dn_0: 0.6537 (0.6546)  loss_bbox_dn_0: 0.0282 (0.0286)  loss_giou_dn_0: 0.3479 (0.3508)  loss_fgl_dn_0: 1.2076 (1.2141)  loss_ddf_dn_0: 0.1396 (0.1400)  loss_mal_dn_1: 0.5672 (0.5668)  loss_bbox_dn_1: 0.0214 (0.0215)  loss_giou_dn_1: 0.2718 (0.2726)  loss_fgl_dn_1: 1.1267 (1.1326)  loss_ddf_dn_1: 0.0028 (0.0029)  loss_mal_dn_2: 0.5678 (0.5662)  loss_bbox_dn_2: 0.0215 (0.0214)  loss_giou_dn_2: 0.2683 (0.2715)  loss_fgl_dn_2: 1.1257 (1.1320)  loss_ddf_dn_2: -0.0000 (0.0000)  loss_mal_dn_pre: 0.6543 (0.6550)  loss_bbox_dn_pre: 0.0286 (0.0284)  loss_giou_dn_pre: 0.3493 (0.3499)  time: 0.2823  data: 0.0142  max mem: 5225
Epoch: [20/30]  [30/44]  eta: 0:00:04  lr: 0.000100  loss: 16.5544 (16.3841)  loss_mal: 0.6116 (0.6053)  loss_bbox: 0.0267 (0.0272)  loss_giou: 0.3403 (0.3278)  loss_fgl: 1.1986 (1.1955)  loss_mal_aux_0: 0.6880 (0.6950)  loss_bbox_aux_0: 0.0277 (0.0285)  loss_giou_aux_0: 0.3535 (0.3442)  loss_fgl_aux_0: 1.2193 (1.2120)  loss_ddf_aux_0: 0.0311 (0.0321)  loss_mal_aux_1: 0.6145 (0.6148)  loss_bbox_aux_1: 0.0266 (0.0272)  loss_giou_aux_1: 0.3436 (0.3281)  loss_fgl_aux_1: 1.1994 (1.1962)  loss_ddf_aux_1: 0.0024 (0.0026)  loss_mal_pre: 0.6864 (0.6939)  loss_bbox_pre: 0.0279 (0.0284)  loss_giou_pre: 0.3521 (0.3440)  loss_mal_enc_0: 0.7817 (0.7845)  loss_bbox_enc_0: 0.0314 (0.0323)  loss_giou_enc_0: 0.3920 (0.3926)  loss_mal_dn_0: 0.6578 (0.6579)  loss_bbox_dn_0: 0.0286 (0.0292)  loss_giou_dn_0: 0.3529 (0.3571)  loss_fgl_dn_0: 1.2165 (1.2196)  loss_ddf_dn_0: 0.1398 (0.1468)  loss_mal_dn_1: 0.5724 (0.5711)  loss_bbox_dn_1: 0.0218 (0.0220)  loss_giou_dn_1: 0.2793 (0.2774)  loss_fgl_dn_1: 1.1318 (1.1375)  loss_ddf_dn_1: 0.0031 (0.0032)  loss_mal_dn_2: 0.5724 (0.5703)  loss_bbox_dn_2: 0.0216 (0.0220)  loss_giou_dn_2: 0.2802 (0.2768)  loss_fgl_dn_2: 1.1303 (1.1371)  loss_ddf_dn_2: -0.0000 (0.0000)  loss_mal_dn_pre: 0.6588 (0.6583)  loss_bbox_dn_pre: 0.0286 (0.0290)  loss_giou_dn_pre: 0.3523 (0.3563)  time: 0.2831  data: 0.0150  max mem: 5225
Epoch: [20/30]  [40/44]  eta: 0:00:01  lr: 0.000100  loss: 16.6312 (16.4003)  loss_mal: 0.6122 (0.6067)  loss_bbox: 0.0282 (0.0277)  loss_giou: 0.3442 (0.3321)  loss_fgl: 1.2028 (1.1963)  loss_mal_aux_0: 0.6980 (0.6943)  loss_bbox_aux_0: 0.0294 (0.0290)  loss_giou_aux_0: 0.3535 (0.3475)  loss_fgl_aux_0: 1.2178 (1.2130)  loss_ddf_aux_0: 0.0298 (0.0316)  loss_mal_aux_1: 0.6293 (0.6156)  loss_bbox_aux_1: 0.0287 (0.0278)  loss_giou_aux_1: 0.3438 (0.3324)  loss_fgl_aux_1: 1.2042 (1.1971)  loss_ddf_aux_1: 0.0023 (0.0026)  loss_mal_pre: 0.6945 (0.6935)  loss_bbox_pre: 0.0295 (0.0290)  loss_giou_pre: 0.3521 (0.3469)  loss_mal_enc_0: 0.7799 (0.7811)  loss_bbox_enc_0: 0.0323 (0.0327)  loss_giou_enc_0: 0.3984 (0.3941)  loss_mal_dn_0: 0.6581 (0.6567)  loss_bbox_dn_0: 0.0296 (0.0293)  loss_giou_dn_0: 0.3541 (0.3572)  loss_fgl_dn_0: 1.2158 (1.2170)  loss_ddf_dn_0: 0.1462 (0.1464)  loss_mal_dn_1: 0.5785 (0.5716)  loss_bbox_dn_1: 0.0222 (0.0222)  loss_giou_dn_1: 0.2833 (0.2791)  loss_fgl_dn_1: 1.1404 (1.1365)  loss_ddf_dn_1: 0.0035 (0.0033)  loss_mal_dn_2: 0.5763 (0.5707)  loss_bbox_dn_2: 0.0222 (0.0221)  loss_giou_dn_2: 0.2827 (0.2784)  loss_fgl_dn_2: 1.1404 (1.1358)  loss_ddf_dn_2: -0.0000 (0.0000)  loss_mal_dn_pre: 0.6584 (0.6572)  loss_bbox_dn_pre: 0.0295 (0.0292)  loss_giou_dn_pre: 0.3538 (0.3565)  time: 0.2833  data: 0.0151  max mem: 5225
Epoch: [20/30]  [43/44]  eta: 0:00:00  lr: 0.000100  loss: 16.7063 (16.4162)  loss_mal: 0.6135 (0.6072)  loss_bbox: 0.0288 (0.0278)  loss_giou: 0.3494 (0.3329)  loss_fgl: 1.2013 (1.1962)  loss_mal_aux_0: 0.6983 (0.6964)  loss_bbox_aux_0: 0.0301 (0.0291)  loss_giou_aux_0: 0.3527 (0.3480)  loss_fgl_aux_0: 1.2173 (1.2133)  loss_ddf_aux_0: 0.0306 (0.0316)  loss_mal_aux_1: 0.6293 (0.6160)  loss_bbox_aux_1: 0.0291 (0.0279)  loss_giou_aux_1: 0.3484 (0.3331)  loss_fgl_aux_1: 1.1994 (1.1969)  loss_ddf_aux_1: 0.0023 (0.0025)  loss_mal_pre: 0.6978 (0.6955)  loss_bbox_pre: 0.0302 (0.0291)  loss_giou_pre: 0.3492 (0.3474)  loss_mal_enc_0: 0.7825 (0.7817)  loss_bbox_enc_0: 0.0334 (0.0328)  loss_giou_enc_0: 0.3984 (0.3935)  loss_mal_dn_0: 0.6581 (0.6568)  loss_bbox_dn_0: 0.0301 (0.0294)  loss_giou_dn_0: 0.3602 (0.3581)  loss_fgl_dn_0: 1.2192 (1.2177)  loss_ddf_dn_0: 0.1485 (0.1462)  loss_mal_dn_1: 0.5731 (0.5724)  loss_bbox_dn_1: 0.0229 (0.0223)  loss_giou_dn_1: 0.2803 (0.2802)  loss_fgl_dn_1: 1.1402 (1.1373)  loss_ddf_dn_1: 0.0038 (0.0033)  loss_mal_dn_2: 0.5724 (0.5714)  loss_bbox_dn_2: 0.0228 (0.0222)  loss_giou_dn_2: 0.2802 (0.2793)  loss_fgl_dn_2: 1.1379 (1.1366)  loss_ddf_dn_2: -0.0000 (0.0000)  loss_mal_dn_pre: 0.6584 (0.6573)  loss_bbox_dn_pre: 0.0301 (0.0293)  loss_giou_dn_pre: 0.3588 (0.3575)  time: 0.2816  data: 0.0149  max mem: 5225
Epoch: [20/30] Total time: 0:00:12 (0.2903 s / it)
Averaged stats: lr: 0.000100  loss: 16.7063 (16.4162)  loss_mal: 0.6135 (0.6072)  loss_bbox: 0.0288 (0.0278)  loss_giou: 0.3494 (0.3329)  loss_fgl: 1.2013 (1.1962)  loss_mal_aux_0: 0.6983 (0.6964)  loss_bbox_aux_0: 0.0301 (0.0291)  loss_giou_aux_0: 0.3527 (0.3480)  loss_fgl_aux_0: 1.2173 (1.2133)  loss_ddf_aux_0: 0.0306 (0.0316)  loss_mal_aux_1: 0.6293 (0.6160)  loss_bbox_aux_1: 0.0291 (0.0279)  loss_giou_aux_1: 0.3484 (0.3331)  loss_fgl_aux_1: 1.1994 (1.1969)  loss_ddf_aux_1: 0.0023 (0.0025)  loss_mal_pre: 0.6978 (0.6955)  loss_bbox_pre: 0.0302 (0.0291)  loss_giou_pre: 0.3492 (0.3474)  loss_mal_enc_0: 0.7825 (0.7817)  loss_bbox_enc_0: 0.0334 (0.0328)  loss_giou_enc_0: 0.3984 (0.3935)  loss_mal_dn_0: 0.6581 (0.6568)  loss_bbox_dn_0: 0.0301 (0.0294)  loss_giou_dn_0: 0.3602 (0.3581)  loss_fgl_dn_0: 1.2192 (1.2177)  loss_ddf_dn_0: 0.1485 (0.1462)  loss_mal_dn_1: 0.5731 (0.5724)  loss_bbox_dn_1: 0.0229 (0.0223)  loss_giou_dn_1: 0.2803 (0.2802)  loss_fgl_dn_1: 1.1402 (1.1373)  loss_ddf_dn_1: 0.0038 (0.0033)  loss_mal_dn_2: 0.5724 (0.5714)  loss_bbox_dn_2: 0.0228 (0.0222)  loss_giou_dn_2: 0.2802 (0.2793)  loss_fgl_dn_2: 1.1379 (1.1366)  loss_ddf_dn_2: -0.0000 (0.0000)  loss_mal_dn_pre: 0.6584 (0.6573)  loss_bbox_dn_pre: 0.0301 (0.0293)  loss_giou_dn_pre: 0.3588 (0.3575)
Test:  [0/9]  eta: 0:00:03    time: 0.3470  data: 0.2840  max mem: 5225
Test:  [8/9]  eta: 0:00:00    time: 0.1025  data: 0.0451  max mem: 5225
Test: Total time: 0:00:00 (0.1067 s / it)
Metrics: {'f1': 0.9302325581395349, 'precision': 0.89171974522293, 'recall': 0.9722222222222222, 'iou': 0.6084642317724525, 'TPs': 140, 'FPs': 17, 'FNs': 4}
Averaged stats: 
Accumulating evaluation results...
COCOeval_opt.accumulate() finished...
DONE (t=0.01s).
IoU metric: bbox
 Average Precision  (AP) @[ IoU=0.50:0.95 | area=   all | maxDets=100 ] = 0.354
 Average Precision  (AP) @[ IoU=0.50      | area=   all | maxDets=100 ] = 0.937
 Average Precision  (AP) @[ IoU=0.75      | area=   all | maxDets=100 ] = 0.125
 Average Precision  (AP) @[ IoU=0.50:0.95 | area= small | maxDets=100 ] = 0.355
 Average Precision  (AP) @[ IoU=0.50:0.95 | area=medium | maxDets=100 ] = -1.000
 Average Precision  (AP) @[ IoU=0.50:0.95 | area= large | maxDets=100 ] = -1.000
 Average Recall     (AR) @[ IoU=0.50:0.95 | area=   all | maxDets=  1 ] = 0.194
 Average Recall     (AR) @[ IoU=0.50:0.95 | area=   all | maxDets= 10 ] = 0.490
 Average Recall     (AR) @[ IoU=0.50:0.95 | area=   all | maxDets=100 ] = 0.622
 Average Recall     (AR) @[ IoU=0.50:0.95 | area= small | maxDets=100 ] = 0.622
 Average Recall     (AR) @[ IoU=0.50:0.95 | area=medium | maxDets=100 ] = -1.000
 Average Recall     (AR) @[ IoU=0.50:0.95 | area= large | maxDets=100 ] = -1.000
 Average Recall     (AR) @[ IoU=0.50      | area=   all | maxDets=100 ] = 0.993
 Average Recall     (AR) @[ IoU=0.75      | area=   all | maxDets=100 ] = 0.688
best_stat: {'epoch': 10, 'coco_eval_bbox': 0.36496804663448856}
Epoch: [21/30]  [ 0/44]  eta: 0:00:23  lr: 0.000100  loss: 15.4620 (15.4620)  loss_mal: 0.5699 (0.5699)  loss_bbox: 0.0223 (0.0223)  loss_giou: 0.2837 (0.2837)  loss_fgl: 1.1784 (1.1784)  loss_mal_aux_0: 0.6682 (0.6682)  loss_bbox_aux_0: 0.0222 (0.0222)  loss_giou_aux_0: 0.2815 (0.2815)  loss_fgl_aux_0: 1.1821 (1.1821)  loss_ddf_aux_0: 0.0303 (0.0303)  loss_mal_aux_1: 0.5862 (0.5862)  loss_bbox_aux_1: 0.0224 (0.0224)  loss_giou_aux_1: 0.2831 (0.2831)  loss_fgl_aux_1: 1.1783 (1.1783)  loss_ddf_aux_1: 0.0027 (0.0027)  loss_mal_pre: 0.6667 (0.6667)  loss_bbox_pre: 0.0220 (0.0220)  loss_giou_pre: 0.2772 (0.2772)  loss_mal_enc_0: 0.7594 (0.7594)  loss_bbox_enc_0: 0.0265 (0.0265)  loss_giou_enc_0: 0.3357 (0.3357)  loss_mal_dn_0: 0.6240 (0.6240)  loss_bbox_dn_0: 0.0245 (0.0245)  loss_giou_dn_0: 0.3015 (0.3015)  loss_fgl_dn_0: 1.1925 (1.1925)  loss_ddf_dn_0: 0.1343 (0.1343)  loss_mal_dn_1: 0.5395 (0.5395)  loss_bbox_dn_1: 0.0197 (0.0197)  loss_giou_dn_1: 0.2456 (0.2456)  loss_fgl_dn_1: 1.1131 (1.1131)  loss_ddf_dn_1: 0.0030 (0.0030)  loss_mal_dn_2: 0.5393 (0.5393)  loss_bbox_dn_2: 0.0198 (0.0198)  loss_giou_dn_2: 0.2457 (0.2457)  loss_fgl_dn_2: 1.1143 (1.1143)  loss_ddf_dn_2: -0.0000 (0.0000)  loss_mal_dn_pre: 0.6243 (0.6243)  loss_bbox_dn_pre: 0.0241 (0.0241)  loss_giou_dn_pre: 0.2978 (0.2978)  time: 0.5331  data: 0.2496  max mem: 5225
Epoch: [21/30]  [10/44]  eta: 0:00:10  lr: 0.000100  loss: 15.7923 (15.9366)  loss_mal: 0.5699 (0.5871)  loss_bbox: 0.0256 (0.0258)  loss_giou: 0.3019 (0.3041)  loss_fgl: 1.1784 (1.1895)  loss_mal_aux_0: 0.6769 (0.7005)  loss_bbox_aux_0: 0.0271 (0.0264)  loss_giou_aux_0: 0.2991 (0.3101)  loss_fgl_aux_0: 1.1906 (1.1982)  loss_ddf_aux_0: 0.0314 (0.0320)  loss_mal_aux_1: 0.5862 (0.6063)  loss_bbox_aux_1: 0.0257 (0.0257)  loss_giou_aux_1: 0.3024 (0.3035)  loss_fgl_aux_1: 1.1783 (1.1884)  loss_ddf_aux_1: 0.0021 (0.0022)  loss_mal_pre: 0.6797 (0.6992)  loss_bbox_pre: 0.0269 (0.0265)  loss_giou_pre: 0.2985 (0.3094)  loss_mal_enc_0: 0.7674 (0.7654)  loss_bbox_enc_0: 0.0303 (0.0309)  loss_giou_enc_0: 0.3618 (0.3638)  loss_mal_dn_0: 0.6341 (0.6416)  loss_bbox_dn_0: 0.0274 (0.0272)  loss_giou_dn_0: 0.3280 (0.3250)  loss_fgl_dn_0: 1.1940 (1.2007)  loss_ddf_dn_0: 0.1181 (0.1174)  loss_mal_dn_1: 0.5490 (0.5560)  loss_bbox_dn_1: 0.0221 (0.0214)  loss_giou_dn_1: 0.2587 (0.2622)  loss_fgl_dn_1: 1.1213 (1.1272)  loss_ddf_dn_1: 0.0027 (0.0026)  loss_mal_dn_2: 0.5489 (0.5552)  loss_bbox_dn_2: 0.0216 (0.0215)  loss_giou_dn_2: 0.2587 (0.2622)  loss_fgl_dn_2: 1.1226 (1.1274)  loss_ddf_dn_2: -0.0000 (0.0000)  loss_mal_dn_pre: 0.6352 (0.6425)  loss_bbox_dn_pre: 0.0275 (0.0271)  loss_giou_dn_pre: 0.3294 (0.3242)  time: 0.3078  data: 0.0364  max mem: 5225
Epoch: [21/30]  [20/44]  eta: 0:00:07  lr: 0.000100  loss: 16.1185 (16.2102)  loss_mal: 0.5937 (0.5952)  loss_bbox: 0.0256 (0.0267)  loss_giou: 0.3150 (0.3196)  loss_fgl: 1.1906 (1.1917)  loss_mal_aux_0: 0.6817 (0.6914)  loss_bbox_aux_0: 0.0271 (0.0279)  loss_giou_aux_0: 0.3278 (0.3339)  loss_fgl_aux_0: 1.1945 (1.2044)  loss_ddf_aux_0: 0.0308 (0.0307)  loss_mal_aux_1: 0.6002 (0.6070)  loss_bbox_aux_1: 0.0257 (0.0267)  loss_giou_aux_1: 0.3113 (0.3198)  loss_fgl_aux_1: 1.1888 (1.1916)  loss_ddf_aux_1: 0.0022 (0.0022)  loss_mal_pre: 0.6819 (0.6903)  loss_bbox_pre: 0.0269 (0.0279)  loss_giou_pre: 0.3238 (0.3334)  loss_mal_enc_0: 0.7745 (0.7724)  loss_bbox_enc_0: 0.0308 (0.0319)  loss_giou_enc_0: 0.3742 (0.3826)  loss_mal_dn_0: 0.6583 (0.6563)  loss_bbox_dn_0: 0.0285 (0.0286)  loss_giou_dn_0: 0.3459 (0.3487)  loss_fgl_dn_0: 1.2194 (1.2192)  loss_ddf_dn_0: 0.1181 (0.1225)  loss_mal_dn_1: 0.5704 (0.5658)  loss_bbox_dn_1: 0.0221 (0.0219)  loss_giou_dn_1: 0.2770 (0.2738)  loss_fgl_dn_1: 1.1250 (1.1360)  loss_ddf_dn_1: 0.0027 (0.0028)  loss_mal_dn_2: 0.5672 (0.5644)  loss_bbox_dn_2: 0.0216 (0.0218)  loss_giou_dn_2: 0.2763 (0.2729)  loss_fgl_dn_2: 1.1300 (1.1351)  loss_ddf_dn_2: -0.0000 (0.0000)  loss_mal_dn_pre: 0.6596 (0.6567)  loss_bbox_dn_pre: 0.0284 (0.0285)  loss_giou_dn_pre: 0.3460 (0.3478)  time: 0.2854  data: 0.0152  max mem: 5225
Epoch: [21/30]  [30/44]  eta: 0:00:04  lr: 0.000100  loss: 16.0702 (16.1037)  loss_mal: 0.5869 (0.5907)  loss_bbox: 0.0240 (0.0261)  loss_giou: 0.3098 (0.3126)  loss_fgl: 1.1816 (1.1892)  loss_mal_aux_0: 0.6784 (0.6841)  loss_bbox_aux_0: 0.0273 (0.0274)  loss_giou_aux_0: 0.3166 (0.3281)  loss_fgl_aux_0: 1.1954 (1.2031)  loss_ddf_aux_0: 0.0272 (0.0295)  loss_mal_aux_1: 0.5981 (0.6006)  loss_bbox_aux_1: 0.0245 (0.0261)  loss_giou_aux_1: 0.3071 (0.3129)  loss_fgl_aux_1: 1.1899 (1.1894)  loss_ddf_aux_1: 0.0022 (0.0022)  loss_mal_pre: 0.6744 (0.6833)  loss_bbox_pre: 0.0272 (0.0274)  loss_giou_pre: 0.3205 (0.3277)  loss_mal_enc_0: 0.7692 (0.7671)  loss_bbox_enc_0: 0.0308 (0.0315)  loss_giou_enc_0: 0.3861 (0.3784)  loss_mal_dn_0: 0.6547 (0.6518)  loss_bbox_dn_0: 0.0284 (0.0281)  loss_giou_dn_0: 0.3487 (0.3441)  loss_fgl_dn_0: 1.2049 (1.2135)  loss_ddf_dn_0: 0.1292 (0.1263)  loss_mal_dn_1: 0.5704 (0.5634)  loss_bbox_dn_1: 0.0209 (0.0216)  loss_giou_dn_1: 0.2759 (0.2711)  loss_fgl_dn_1: 1.1305 (1.1333)  loss_ddf_dn_1: 0.0029 (0.0029)  loss_mal_dn_2: 0.5672 (0.5618)  loss_bbox_dn_2: 0.0207 (0.0216)  loss_giou_dn_2: 0.2750 (0.2701)  loss_fgl_dn_2: 1.1323 (1.1325)  loss_ddf_dn_2: -0.0000 (0.0000)  loss_mal_dn_pre: 0.6567 (0.6525)  loss_bbox_dn_pre: 0.0283 (0.0281)  loss_giou_dn_pre: 0.3477 (0.3434)  time: 0.2901  data: 0.0166  max mem: 5225
Epoch: [21/30]  [40/44]  eta: 0:00:01  lr: 0.000100  loss: 15.7829 (16.0584)  loss_mal: 0.5793 (0.5906)  loss_bbox: 0.0240 (0.0259)  loss_giou: 0.2918 (0.3100)  loss_fgl: 1.1685 (1.1817)  loss_mal_aux_0: 0.6784 (0.6878)  loss_bbox_aux_0: 0.0273 (0.0272)  loss_giou_aux_0: 0.3112 (0.3266)  loss_fgl_aux_0: 1.1873 (1.1983)  loss_ddf_aux_0: 0.0302 (0.0304)  loss_mal_aux_1: 0.5975 (0.6045)  loss_bbox_aux_1: 0.0243 (0.0259)  loss_giou_aux_1: 0.2915 (0.3106)  loss_fgl_aux_1: 1.1691 (1.1826)  loss_ddf_aux_1: 0.0022 (0.0022)  loss_mal_pre: 0.6744 (0.6867)  loss_bbox_pre: 0.0272 (0.0272)  loss_giou_pre: 0.3090 (0.3263)  loss_mal_enc_0: 0.7579 (0.7662)  loss_bbox_enc_0: 0.0300 (0.0315)  loss_giou_enc_0: 0.3592 (0.3785)  loss_mal_dn_0: 0.6405 (0.6508)  loss_bbox_dn_0: 0.0273 (0.0280)  loss_giou_dn_0: 0.3258 (0.3428)  loss_fgl_dn_0: 1.1980 (1.2100)  loss_ddf_dn_0: 0.1314 (0.1301)  loss_mal_dn_1: 0.5532 (0.5616)  loss_bbox_dn_1: 0.0208 (0.0214)  loss_giou_dn_1: 0.2610 (0.2683)  loss_fgl_dn_1: 1.1139 (1.1265)  loss_ddf_dn_1: 0.0030 (0.0029)  loss_mal_dn_2: 0.5517 (0.5599)  loss_bbox_dn_2: 0.0206 (0.0213)  loss_giou_dn_2: 0.2590 (0.2671)  loss_fgl_dn_2: 1.1127 (1.1254)  loss_ddf_dn_2: -0.0000 (0.0000)  loss_mal_dn_pre: 0.6417 (0.6514)  loss_bbox_dn_pre: 0.0275 (0.0279)  loss_giou_dn_pre: 0.3256 (0.3422)  time: 0.2932  data: 0.0177  max mem: 5225
Epoch: [21/30]  [43/44]  eta: 0:00:00  lr: 0.000100  loss: 15.8406 (16.0870)  loss_mal: 0.5793 (0.5908)  loss_bbox: 0.0244 (0.0258)  loss_giou: 0.2924 (0.3103)  loss_fgl: 1.1717 (1.1837)  loss_mal_aux_0: 0.6816 (0.6882)  loss_bbox_aux_0: 0.0273 (0.0271)  loss_giou_aux_0: 0.3121 (0.3278)  loss_fgl_aux_0: 1.1878 (1.2014)  loss_ddf_aux_0: 0.0313 (0.0306)  loss_mal_aux_1: 0.5960 (0.6052)  loss_bbox_aux_1: 0.0248 (0.0259)  loss_giou_aux_1: 0.2940 (0.3112)  loss_fgl_aux_1: 1.1730 (1.1848)  loss_ddf_aux_1: 0.0022 (0.0023)  loss_mal_pre: 0.6808 (0.6872)  loss_bbox_pre: 0.0272 (0.0272)  loss_giou_pre: 0.3112 (0.3275)  loss_mal_enc_0: 0.7616 (0.7660)  loss_bbox_enc_0: 0.0303 (0.0314)  loss_giou_enc_0: 0.3650 (0.3793)  loss_mal_dn_0: 0.6407 (0.6515)  loss_bbox_dn_0: 0.0274 (0.0280)  loss_giou_dn_0: 0.3326 (0.3446)  loss_fgl_dn_0: 1.1992 (1.2131)  loss_ddf_dn_0: 0.1314 (0.1296)  loss_mal_dn_1: 0.5522 (0.5625)  loss_bbox_dn_1: 0.0208 (0.0214)  loss_giou_dn_1: 0.2599 (0.2695)  loss_fgl_dn_1: 1.1131 (1.1289)  loss_ddf_dn_1: 0.0030 (0.0029)  loss_mal_dn_2: 0.5490 (0.5606)  loss_bbox_dn_2: 0.0206 (0.0212)  loss_giou_dn_2: 0.2579 (0.2682)  loss_fgl_dn_2: 1.1108 (1.1275)  loss_ddf_dn_2: -0.0000 (0.0000)  loss_mal_dn_pre: 0.6422 (0.6521)  loss_bbox_dn_pre: 0.0275 (0.0279)  loss_giou_dn_pre: 0.3333 (0.3440)  time: 0.2901  data: 0.0171  max mem: 5225
Epoch: [21/30] Total time: 0:00:12 (0.2949 s / it)
Averaged stats: lr: 0.000100  loss: 15.8406 (16.0870)  loss_mal: 0.5793 (0.5908)  loss_bbox: 0.0244 (0.0258)  loss_giou: 0.2924 (0.3103)  loss_fgl: 1.1717 (1.1837)  loss_mal_aux_0: 0.6816 (0.6882)  loss_bbox_aux_0: 0.0273 (0.0271)  loss_giou_aux_0: 0.3121 (0.3278)  loss_fgl_aux_0: 1.1878 (1.2014)  loss_ddf_aux_0: 0.0313 (0.0306)  loss_mal_aux_1: 0.5960 (0.6052)  loss_bbox_aux_1: 0.0248 (0.0259)  loss_giou_aux_1: 0.2940 (0.3112)  loss_fgl_aux_1: 1.1730 (1.1848)  loss_ddf_aux_1: 0.0022 (0.0023)  loss_mal_pre: 0.6808 (0.6872)  loss_bbox_pre: 0.0272 (0.0272)  loss_giou_pre: 0.3112 (0.3275)  loss_mal_enc_0: 0.7616 (0.7660)  loss_bbox_enc_0: 0.0303 (0.0314)  loss_giou_enc_0: 0.3650 (0.3793)  loss_mal_dn_0: 0.6407 (0.6515)  loss_bbox_dn_0: 0.0274 (0.0280)  loss_giou_dn_0: 0.3326 (0.3446)  loss_fgl_dn_0: 1.1992 (1.2131)  loss_ddf_dn_0: 0.1314 (0.1296)  loss_mal_dn_1: 0.5522 (0.5625)  loss_bbox_dn_1: 0.0208 (0.0214)  loss_giou_dn_1: 0.2599 (0.2695)  loss_fgl_dn_1: 1.1131 (1.1289)  loss_ddf_dn_1: 0.0030 (0.0029)  loss_mal_dn_2: 0.5490 (0.5606)  loss_bbox_dn_2: 0.0206 (0.0212)  loss_giou_dn_2: 0.2579 (0.2682)  loss_fgl_dn_2: 1.1108 (1.1275)  loss_ddf_dn_2: -0.0000 (0.0000)  loss_mal_dn_pre: 0.6422 (0.6521)  loss_bbox_dn_pre: 0.0275 (0.0279)  loss_giou_dn_pre: 0.3333 (0.3440)
Test:  [0/9]  eta: 0:00:03    time: 0.3451  data: 0.2790  max mem: 5225
Test:  [8/9]  eta: 0:00:00    time: 0.1226  data: 0.0441  max mem: 5225
Test: Total time: 0:00:01 (0.1270 s / it)
Metrics: {'f1': 0.9333333333333333, 'precision': 0.8974358974358975, 'recall': 0.9722222222222222, 'iou': 0.6122736193239688, 'TPs': 140, 'FPs': 16, 'FNs': 4}
Averaged stats: 
Accumulating evaluation results...
COCOeval_opt.accumulate() finished...
DONE (t=0.01s).
IoU metric: bbox
 Average Precision  (AP) @[ IoU=0.50:0.95 | area=   all | maxDets=100 ] = 0.355
 Average Precision  (AP) @[ IoU=0.50      | area=   all | maxDets=100 ] = 0.953
 Average Precision  (AP) @[ IoU=0.75      | area=   all | maxDets=100 ] = 0.117
 Average Precision  (AP) @[ IoU=0.50:0.95 | area= small | maxDets=100 ] = 0.355
 Average Precision  (AP) @[ IoU=0.50:0.95 | area=medium | maxDets=100 ] = -1.000
 Average Precision  (AP) @[ IoU=0.50:0.95 | area= large | maxDets=100 ] = -1.000
 Average Recall     (AR) @[ IoU=0.50:0.95 | area=   all | maxDets=  1 ] = 0.197
 Average Recall     (AR) @[ IoU=0.50:0.95 | area=   all | maxDets= 10 ] = 0.497
 Average Recall     (AR) @[ IoU=0.50:0.95 | area=   all | maxDets=100 ] = 0.630
 Average Recall     (AR) @[ IoU=0.50:0.95 | area= small | maxDets=100 ] = 0.630
 Average Recall     (AR) @[ IoU=0.50:0.95 | area=medium | maxDets=100 ] = -1.000
 Average Recall     (AR) @[ IoU=0.50:0.95 | area= large | maxDets=100 ] = -1.000
 Average Recall     (AR) @[ IoU=0.50      | area=   all | maxDets=100 ] = 1.000
 Average Recall     (AR) @[ IoU=0.75      | area=   all | maxDets=100 ] = 0.681
best_stat: {'epoch': 10, 'coco_eval_bbox': 0.36496804663448856}
Epoch: [22/30]  [ 0/44]  eta: 0:00:24  lr: 0.000100  loss: 16.0671 (16.0671)  loss_mal: 0.5842 (0.5842)  loss_bbox: 0.0276 (0.0276)  loss_giou: 0.3174 (0.3174)  loss_fgl: 1.1602 (1.1602)  loss_mal_aux_0: 0.7059 (0.7059)  loss_bbox_aux_0: 0.0285 (0.0285)  loss_giou_aux_0: 0.3317 (0.3317)  loss_fgl_aux_0: 1.1870 (1.1870)  loss_ddf_aux_0: 0.0373 (0.0373)  loss_mal_aux_1: 0.5936 (0.5936)  loss_bbox_aux_1: 0.0275 (0.0275)  loss_giou_aux_1: 0.3174 (0.3174)  loss_fgl_aux_1: 1.1591 (1.1591)  loss_ddf_aux_1: 0.0029 (0.0029)  loss_mal_pre: 0.7034 (0.7034)  loss_bbox_pre: 0.0282 (0.0282)  loss_giou_pre: 0.3302 (0.3302)  loss_mal_enc_0: 0.7899 (0.7899)  loss_bbox_enc_0: 0.0328 (0.0328)  loss_giou_enc_0: 0.3704 (0.3704)  loss_mal_dn_0: 0.6488 (0.6488)  loss_bbox_dn_0: 0.0315 (0.0315)  loss_giou_dn_0: 0.3510 (0.3510)  loss_fgl_dn_0: 1.2116 (1.2116)  loss_ddf_dn_0: 0.1358 (0.1358)  loss_mal_dn_1: 0.5586 (0.5586)  loss_bbox_dn_1: 0.0234 (0.0234)  loss_giou_dn_1: 0.2665 (0.2665)  loss_fgl_dn_1: 1.1122 (1.1122)  loss_ddf_dn_1: 0.0029 (0.0029)  loss_mal_dn_2: 0.5574 (0.5574)  loss_bbox_dn_2: 0.0233 (0.0233)  loss_giou_dn_2: 0.2666 (0.2666)  loss_fgl_dn_2: 1.1123 (1.1123)  loss_ddf_dn_2: -0.0000 (0.0000)  loss_mal_dn_pre: 0.6491 (0.6491)  loss_bbox_dn_pre: 0.0313 (0.0313)  loss_giou_dn_pre: 0.3496 (0.3496)  time: 0.5505  data: 0.2588  max mem: 5225
Epoch: [22/30]  [10/44]  eta: 0:00:10  lr: 0.000100  loss: 16.0112 (15.9095)  loss_mal: 0.5842 (0.5838)  loss_bbox: 0.0241 (0.0246)  loss_giou: 0.2962 (0.3028)  loss_fgl: 1.1651 (1.1753)  loss_mal_aux_0: 0.6795 (0.6765)  loss_bbox_aux_0: 0.0254 (0.0258)  loss_giou_aux_0: 0.3203 (0.3177)  loss_fgl_aux_0: 1.1946 (1.1947)  loss_ddf_aux_0: 0.0341 (0.0342)  loss_mal_aux_1: 0.5928 (0.5914)  loss_bbox_aux_1: 0.0242 (0.0245)  loss_giou_aux_1: 0.2959 (0.3019)  loss_fgl_aux_1: 1.1636 (1.1744)  loss_ddf_aux_1: 0.0023 (0.0024)  loss_mal_pre: 0.6776 (0.6738)  loss_bbox_pre: 0.0254 (0.0258)  loss_giou_pre: 0.3186 (0.3174)  loss_mal_enc_0: 0.7754 (0.7820)  loss_bbox_enc_0: 0.0293 (0.0303)  loss_giou_enc_0: 0.3681 (0.3712)  loss_mal_dn_0: 0.6412 (0.6412)  loss_bbox_dn_0: 0.0260 (0.0271)  loss_giou_dn_0: 0.3390 (0.3374)  loss_fgl_dn_0: 1.1996 (1.2030)  loss_ddf_dn_0: 0.1513 (0.1469)  loss_mal_dn_1: 0.5586 (0.5555)  loss_bbox_dn_1: 0.0201 (0.0205)  loss_giou_dn_1: 0.2637 (0.2640)  loss_fgl_dn_1: 1.1146 (1.1201)  loss_ddf_dn_1: 0.0030 (0.0032)  loss_mal_dn_2: 0.5535 (0.5524)  loss_bbox_dn_2: 0.0199 (0.0204)  loss_giou_dn_2: 0.2624 (0.2629)  loss_fgl_dn_2: 1.1132 (1.1192)  loss_ddf_dn_2: -0.0000 (0.0000)  loss_mal_dn_pre: 0.6411 (0.6421)  loss_bbox_dn_pre: 0.0257 (0.0270)  loss_giou_dn_pre: 0.3381 (0.3362)  time: 0.3153  data: 0.0379  max mem: 5225
Epoch: [22/30]  [20/44]  eta: 0:00:07  lr: 0.000100  loss: 15.7129 (15.7327)  loss_mal: 0.5754 (0.5765)  loss_bbox: 0.0232 (0.0248)  loss_giou: 0.2899 (0.2973)  loss_fgl: 1.1600 (1.1634)  loss_mal_aux_0: 0.6675 (0.6679)  loss_bbox_aux_0: 0.0254 (0.0261)  loss_giou_aux_0: 0.3024 (0.3128)  loss_fgl_aux_0: 1.1774 (1.1833)  loss_ddf_aux_0: 0.0353 (0.0359)  loss_mal_aux_1: 0.5817 (0.5884)  loss_bbox_aux_1: 0.0234 (0.0248)  loss_giou_aux_1: 0.2890 (0.2969)  loss_fgl_aux_1: 1.1580 (1.1634)  loss_ddf_aux_1: 0.0023 (0.0024)  loss_mal_pre: 0.6654 (0.6655)  loss_bbox_pre: 0.0254 (0.0262)  loss_giou_pre: 0.2985 (0.3127)  loss_mal_enc_0: 0.7614 (0.7695)  loss_bbox_enc_0: 0.0291 (0.0299)  loss_giou_enc_0: 0.3463 (0.3605)  loss_mal_dn_0: 0.6319 (0.6376)  loss_bbox_dn_0: 0.0259 (0.0271)  loss_giou_dn_0: 0.3233 (0.3305)  loss_fgl_dn_0: 1.1943 (1.1983)  loss_ddf_dn_0: 0.1466 (0.1443)  loss_mal_dn_1: 0.5485 (0.5491)  loss_bbox_dn_1: 0.0198 (0.0205)  loss_giou_dn_1: 0.2598 (0.2574)  loss_fgl_dn_1: 1.1106 (1.1094)  loss_ddf_dn_1: 0.0032 (0.0032)  loss_mal_dn_2: 0.5454 (0.5470)  loss_bbox_dn_2: 0.0197 (0.0204)  loss_giou_dn_2: 0.2584 (0.2564)  loss_fgl_dn_2: 1.1107 (1.1081)  loss_ddf_dn_2: -0.0000 (0.0000)  loss_mal_dn_pre: 0.6344 (0.6385)  loss_bbox_dn_pre: 0.0257 (0.0270)  loss_giou_dn_pre: 0.3230 (0.3297)  time: 0.2910  data: 0.0157  max mem: 5225
Epoch: [22/30]  [30/44]  eta: 0:00:04  lr: 0.000100  loss: 15.7987 (15.7869)  loss_mal: 0.5703 (0.5794)  loss_bbox: 0.0229 (0.0249)  loss_giou: 0.2927 (0.3000)  loss_fgl: 1.1594 (1.1696)  loss_mal_aux_0: 0.6412 (0.6615)  loss_bbox_aux_0: 0.0263 (0.0265)  loss_giou_aux_0: 0.3131 (0.3190)  loss_fgl_aux_0: 1.1815 (1.1888)  loss_ddf_aux_0: 0.0365 (0.0363)  loss_mal_aux_1: 0.5817 (0.5891)  loss_bbox_aux_1: 0.0230 (0.0249)  loss_giou_aux_1: 0.2947 (0.3001)  loss_fgl_aux_1: 1.1591 (1.1700)  loss_ddf_aux_1: 0.0024 (0.0024)  loss_mal_pre: 0.6419 (0.6599)  loss_bbox_pre: 0.0262 (0.0265)  loss_giou_pre: 0.3089 (0.3186)  loss_mal_enc_0: 0.7614 (0.7684)  loss_bbox_enc_0: 0.0301 (0.0303)  loss_giou_enc_0: 0.3580 (0.3678)  loss_mal_dn_0: 0.6438 (0.6410)  loss_bbox_dn_0: 0.0266 (0.0272)  loss_giou_dn_0: 0.3244 (0.3339)  loss_fgl_dn_0: 1.1996 (1.2024)  loss_ddf_dn_0: 0.1403 (0.1427)  loss_mal_dn_1: 0.5509 (0.5489)  loss_bbox_dn_1: 0.0199 (0.0204)  loss_giou_dn_1: 0.2562 (0.2576)  loss_fgl_dn_1: 1.1086 (1.1109)  loss_ddf_dn_1: 0.0033 (0.0031)  loss_mal_dn_2: 0.5460 (0.5469)  loss_bbox_dn_2: 0.0198 (0.0203)  loss_giou_dn_2: 0.2537 (0.2565)  loss_fgl_dn_2: 1.1104 (1.1093)  loss_ddf_dn_2: -0.0000 (0.0000)  loss_mal_dn_pre: 0.6444 (0.6416)  loss_bbox_dn_pre: 0.0265 (0.0272)  loss_giou_dn_pre: 0.3255 (0.3329)  time: 0.2903  data: 0.0157  max mem: 5225
Epoch: [22/30]  [40/44]  eta: 0:00:01  lr: 0.000100  loss: 15.7987 (15.7532)  loss_mal: 0.5801 (0.5784)  loss_bbox: 0.0229 (0.0246)  loss_giou: 0.3014 (0.2992)  loss_fgl: 1.1791 (1.1687)  loss_mal_aux_0: 0.6412 (0.6592)  loss_bbox_aux_0: 0.0245 (0.0259)  loss_giou_aux_0: 0.3131 (0.3156)  loss_fgl_aux_0: 1.1955 (1.1867)  loss_ddf_aux_0: 0.0351 (0.0356)  loss_mal_aux_1: 0.5876 (0.5893)  loss_bbox_aux_1: 0.0230 (0.0246)  loss_giou_aux_1: 0.3033 (0.2996)  loss_fgl_aux_1: 1.1747 (1.1696)  loss_ddf_aux_1: 0.0022 (0.0023)  loss_mal_pre: 0.6419 (0.6574)  loss_bbox_pre: 0.0246 (0.0259)  loss_giou_pre: 0.3089 (0.3151)  loss_mal_enc_0: 0.7485 (0.7632)  loss_bbox_enc_0: 0.0283 (0.0296)  loss_giou_enc_0: 0.3636 (0.3622)  loss_mal_dn_0: 0.6465 (0.6398)  loss_bbox_dn_0: 0.0256 (0.0267)  loss_giou_dn_0: 0.3300 (0.3311)  loss_fgl_dn_0: 1.2007 (1.2016)  loss_ddf_dn_0: 0.1284 (0.1390)  loss_mal_dn_1: 0.5526 (0.5506)  loss_bbox_dn_1: 0.0203 (0.0204)  loss_giou_dn_1: 0.2608 (0.2591)  loss_fgl_dn_1: 1.1203 (1.1137)  loss_ddf_dn_1: 0.0027 (0.0030)  loss_mal_dn_2: 0.5511 (0.5482)  loss_bbox_dn_2: 0.0203 (0.0203)  loss_giou_dn_2: 0.2608 (0.2579)  loss_fgl_dn_2: 1.1175 (1.1120)  loss_ddf_dn_2: -0.0000 (0.0000)  loss_mal_dn_pre: 0.6444 (0.6403)  loss_bbox_dn_pre: 0.0256 (0.0267)  loss_giou_dn_pre: 0.3290 (0.3301)  time: 0.2907  data: 0.0157  max mem: 5225
Epoch: [22/30]  [43/44]  eta: 0:00:00  lr: 0.000100  loss: 15.7987 (15.7269)  loss_mal: 0.5712 (0.5775)  loss_bbox: 0.0229 (0.0244)  loss_giou: 0.2974 (0.2977)  loss_fgl: 1.1670 (1.1680)  loss_mal_aux_0: 0.6412 (0.6572)  loss_bbox_aux_0: 0.0240 (0.0257)  loss_giou_aux_0: 0.3116 (0.3133)  loss_fgl_aux_0: 1.1955 (1.1855)  loss_ddf_aux_0: 0.0348 (0.0351)  loss_mal_aux_1: 0.5799 (0.5877)  loss_bbox_aux_1: 0.0230 (0.0245)  loss_giou_aux_1: 0.3021 (0.2979)  loss_fgl_aux_1: 1.1678 (1.1689)  loss_ddf_aux_1: 0.0022 (0.0023)  loss_mal_pre: 0.6419 (0.6557)  loss_bbox_pre: 0.0238 (0.0257)  loss_giou_pre: 0.3074 (0.3130)  loss_mal_enc_0: 0.7591 (0.7640)  loss_bbox_enc_0: 0.0281 (0.0295)  loss_giou_enc_0: 0.3477 (0.3602)  loss_mal_dn_0: 0.6407 (0.6390)  loss_bbox_dn_0: 0.0259 (0.0267)  loss_giou_dn_0: 0.3297 (0.3299)  loss_fgl_dn_0: 1.1996 (1.2005)  loss_ddf_dn_0: 0.1263 (0.1376)  loss_mal_dn_1: 0.5526 (0.5503)  loss_bbox_dn_1: 0.0203 (0.0204)  loss_giou_dn_1: 0.2608 (0.2588)  loss_fgl_dn_1: 1.1203 (1.1136)  loss_ddf_dn_1: 0.0027 (0.0030)  loss_mal_dn_2: 0.5511 (0.5480)  loss_bbox_dn_2: 0.0203 (0.0203)  loss_giou_dn_2: 0.2608 (0.2577)  loss_fgl_dn_2: 1.1207 (1.1121)  loss_ddf_dn_2: -0.0000 (0.0000)  loss_mal_dn_pre: 0.6430 (0.6396)  loss_bbox_dn_pre: 0.0258 (0.0266)  loss_giou_dn_pre: 0.3290 (0.3289)  time: 0.2886  data: 0.0155  max mem: 5225
Epoch: [22/30] Total time: 0:00:13 (0.2970 s / it)
Averaged stats: lr: 0.000100  loss: 15.7987 (15.7269)  loss_mal: 0.5712 (0.5775)  loss_bbox: 0.0229 (0.0244)  loss_giou: 0.2974 (0.2977)  loss_fgl: 1.1670 (1.1680)  loss_mal_aux_0: 0.6412 (0.6572)  loss_bbox_aux_0: 0.0240 (0.0257)  loss_giou_aux_0: 0.3116 (0.3133)  loss_fgl_aux_0: 1.1955 (1.1855)  loss_ddf_aux_0: 0.0348 (0.0351)  loss_mal_aux_1: 0.5799 (0.5877)  loss_bbox_aux_1: 0.0230 (0.0245)  loss_giou_aux_1: 0.3021 (0.2979)  loss_fgl_aux_1: 1.1678 (1.1689)  loss_ddf_aux_1: 0.0022 (0.0023)  loss_mal_pre: 0.6419 (0.6557)  loss_bbox_pre: 0.0238 (0.0257)  loss_giou_pre: 0.3074 (0.3130)  loss_mal_enc_0: 0.7591 (0.7640)  loss_bbox_enc_0: 0.0281 (0.0295)  loss_giou_enc_0: 0.3477 (0.3602)  loss_mal_dn_0: 0.6407 (0.6390)  loss_bbox_dn_0: 0.0259 (0.0267)  loss_giou_dn_0: 0.3297 (0.3299)  loss_fgl_dn_0: 1.1996 (1.2005)  loss_ddf_dn_0: 0.1263 (0.1376)  loss_mal_dn_1: 0.5526 (0.5503)  loss_bbox_dn_1: 0.0203 (0.0204)  loss_giou_dn_1: 0.2608 (0.2588)  loss_fgl_dn_1: 1.1203 (1.1136)  loss_ddf_dn_1: 0.0027 (0.0030)  loss_mal_dn_2: 0.5511 (0.5480)  loss_bbox_dn_2: 0.0203 (0.0203)  loss_giou_dn_2: 0.2608 (0.2577)  loss_fgl_dn_2: 1.1207 (1.1121)  loss_ddf_dn_2: -0.0000 (0.0000)  loss_mal_dn_pre: 0.6430 (0.6396)  loss_bbox_dn_pre: 0.0258 (0.0266)  loss_giou_dn_pre: 0.3290 (0.3289)
Test:  [0/9]  eta: 0:00:02    time: 0.3191  data: 0.2549  max mem: 5225
Test:  [8/9]  eta: 0:00:00    time: 0.1032  data: 0.0465  max mem: 5225
Test: Total time: 0:00:00 (0.1073 s / it)
Metrics: {'f1': 0.9494949494949494, 'precision': 0.9215686274509803, 'recall': 0.9791666666666666, 'iou': 0.6335810021712229, 'TPs': 141, 'FPs': 12, 'FNs': 3}
Averaged stats: 
Accumulating evaluation results...
COCOeval_opt.accumulate() finished...
DONE (t=0.01s).
IoU metric: bbox
 Average Precision  (AP) @[ IoU=0.50:0.95 | area=   all | maxDets=100 ] = 0.361
 Average Precision  (AP) @[ IoU=0.50      | area=   all | maxDets=100 ] = 0.961
 Average Precision  (AP) @[ IoU=0.75      | area=   all | maxDets=100 ] = 0.121
 Average Precision  (AP) @[ IoU=0.50:0.95 | area= small | maxDets=100 ] = 0.361
 Average Precision  (AP) @[ IoU=0.50:0.95 | area=medium | maxDets=100 ] = -1.000
 Average Precision  (AP) @[ IoU=0.50:0.95 | area= large | maxDets=100 ] = -1.000
 Average Recall     (AR) @[ IoU=0.50:0.95 | area=   all | maxDets=  1 ] = 0.194
 Average Recall     (AR) @[ IoU=0.50:0.95 | area=   all | maxDets= 10 ] = 0.501
 Average Recall     (AR) @[ IoU=0.50:0.95 | area=   all | maxDets=100 ] = 0.632
 Average Recall     (AR) @[ IoU=0.50:0.95 | area= small | maxDets=100 ] = 0.632
 Average Recall     (AR) @[ IoU=0.50:0.95 | area=medium | maxDets=100 ] = -1.000
 Average Recall     (AR) @[ IoU=0.50:0.95 | area= large | maxDets=100 ] = -1.000
 Average Recall     (AR) @[ IoU=0.50      | area=   all | maxDets=100 ] = 1.000
 Average Recall     (AR) @[ IoU=0.75      | area=   all | maxDets=100 ] = 0.660
best_stat: {'epoch': 10, 'coco_eval_bbox': 0.36496804663448856}
Epoch: [23/30]  [ 0/44]  eta: 0:00:23  lr: 0.000100  loss: 15.9165 (15.9165)  loss_mal: 0.5805 (0.5805)  loss_bbox: 0.0266 (0.0266)  loss_giou: 0.3233 (0.3233)  loss_fgl: 1.1677 (1.1677)  loss_mal_aux_0: 0.6587 (0.6587)  loss_bbox_aux_0: 0.0282 (0.0282)  loss_giou_aux_0: 0.3505 (0.3505)  loss_fgl_aux_0: 1.2053 (1.2053)  loss_ddf_aux_0: 0.0337 (0.0337)  loss_mal_aux_1: 0.5827 (0.5827)  loss_bbox_aux_1: 0.0268 (0.0268)  loss_giou_aux_1: 0.3255 (0.3255)  loss_fgl_aux_1: 1.1729 (1.1729)  loss_ddf_aux_1: 0.0022 (0.0022)  loss_mal_pre: 0.6575 (0.6575)  loss_bbox_pre: 0.0284 (0.0284)  loss_giou_pre: 0.3494 (0.3494)  loss_mal_enc_0: 0.7337 (0.7337)  loss_bbox_enc_0: 0.0252 (0.0252)  loss_giou_enc_0: 0.3318 (0.3318)  loss_mal_dn_0: 0.6609 (0.6609)  loss_bbox_dn_0: 0.0285 (0.0285)  loss_giou_dn_0: 0.3649 (0.3649)  loss_fgl_dn_0: 1.2208 (1.2208)  loss_ddf_dn_0: 0.1295 (0.1295)  loss_mal_dn_1: 0.5456 (0.5456)  loss_bbox_dn_1: 0.0203 (0.0203)  loss_giou_dn_1: 0.2605 (0.2605)  loss_fgl_dn_1: 1.1004 (1.1004)  loss_ddf_dn_1: 0.0035 (0.0035)  loss_mal_dn_2: 0.5442 (0.5442)  loss_bbox_dn_2: 0.0201 (0.0201)  loss_giou_dn_2: 0.2585 (0.2585)  loss_fgl_dn_2: 1.0961 (1.0961)  loss_ddf_dn_2: -0.0000 (0.0000)  loss_mal_dn_pre: 0.6601 (0.6601)  loss_bbox_dn_pre: 0.0285 (0.0285)  loss_giou_dn_pre: 0.3636 (0.3636)  time: 0.5241  data: 0.2426  max mem: 5225
Epoch: [23/30]  [10/44]  eta: 0:00:10  lr: 0.000100  loss: 15.0351 (15.0919)  loss_mal: 0.5580 (0.5544)  loss_bbox: 0.0215 (0.0216)  loss_giou: 0.2532 (0.2643)  loss_fgl: 1.1418 (1.1303)  loss_mal_aux_0: 0.6216 (0.6290)  loss_bbox_aux_0: 0.0233 (0.0232)  loss_giou_aux_0: 0.2792 (0.2854)  loss_fgl_aux_0: 1.1635 (1.1606)  loss_ddf_aux_0: 0.0314 (0.0322)  loss_mal_aux_1: 0.5638 (0.5652)  loss_bbox_aux_1: 0.0218 (0.0218)  loss_giou_aux_1: 0.2532 (0.2666)  loss_fgl_aux_1: 1.1353 (1.1318)  loss_ddf_aux_1: 0.0023 (0.0023)  loss_mal_pre: 0.6210 (0.6268)  loss_bbox_pre: 0.0232 (0.0232)  loss_giou_pre: 0.2766 (0.2834)  loss_mal_enc_0: 0.7337 (0.7359)  loss_bbox_enc_0: 0.0267 (0.0271)  loss_giou_enc_0: 0.3318 (0.3340)  loss_mal_dn_0: 0.6247 (0.6279)  loss_bbox_dn_0: 0.0259 (0.0253)  loss_giou_dn_0: 0.3181 (0.3159)  loss_fgl_dn_0: 1.1825 (1.1900)  loss_ddf_dn_0: 0.1212 (0.1224)  loss_mal_dn_1: 0.5282 (0.5265)  loss_bbox_dn_1: 0.0185 (0.0186)  loss_giou_dn_1: 0.2300 (0.2361)  loss_fgl_dn_1: 1.0763 (1.0820)  loss_ddf_dn_1: 0.0029 (0.0031)  loss_mal_dn_2: 0.5239 (0.5243)  loss_bbox_dn_2: 0.0184 (0.0185)  loss_giou_dn_2: 0.2311 (0.2344)  loss_fgl_dn_2: 1.0736 (1.0804)  loss_ddf_dn_2: -0.0000 (0.0000)  loss_mal_dn_pre: 0.6254 (0.6278)  loss_bbox_dn_pre: 0.0258 (0.0253)  loss_giou_dn_pre: 0.3183 (0.3143)  time: 0.3105  data: 0.0363  max mem: 5225
Epoch: [23/30]  [20/44]  eta: 0:00:07  lr: 0.000100  loss: 15.0875 (15.3360)  loss_mal: 0.5624 (0.5643)  loss_bbox: 0.0215 (0.0223)  loss_giou: 0.2623 (0.2786)  loss_fgl: 1.1357 (1.1462)  loss_mal_aux_0: 0.6218 (0.6368)  loss_bbox_aux_0: 0.0233 (0.0238)  loss_giou_aux_0: 0.2920 (0.2986)  loss_fgl_aux_0: 1.1635 (1.1705)  loss_ddf_aux_0: 0.0299 (0.0309)  loss_mal_aux_1: 0.5638 (0.5733)  loss_bbox_aux_1: 0.0218 (0.0225)  loss_giou_aux_1: 0.2663 (0.2801)  loss_fgl_aux_1: 1.1353 (1.1474)  loss_ddf_aux_1: 0.0022 (0.0023)  loss_mal_pre: 0.6220 (0.6347)  loss_bbox_pre: 0.0232 (0.0237)  loss_giou_pre: 0.2872 (0.2968)  loss_mal_enc_0: 0.7454 (0.7398)  loss_bbox_enc_0: 0.0272 (0.0278)  loss_giou_enc_0: 0.3422 (0.3481)  loss_mal_dn_0: 0.6247 (0.6325)  loss_bbox_dn_0: 0.0251 (0.0254)  loss_giou_dn_0: 0.3181 (0.3206)  loss_fgl_dn_0: 1.1825 (1.1937)  loss_ddf_dn_0: 0.1227 (0.1301)  loss_mal_dn_1: 0.5284 (0.5362)  loss_bbox_dn_1: 0.0185 (0.0189)  loss_giou_dn_1: 0.2353 (0.2444)  loss_fgl_dn_1: 1.0819 (1.0947)  loss_ddf_dn_1: 0.0030 (0.0034)  loss_mal_dn_2: 0.5302 (0.5344)  loss_bbox_dn_2: 0.0184 (0.0188)  loss_giou_dn_2: 0.2325 (0.2434)  loss_fgl_dn_2: 1.0825 (1.0938)  loss_ddf_dn_2: -0.0000 (0.0000)  loss_mal_dn_pre: 0.6259 (0.6327)  loss_bbox_dn_pre: 0.0251 (0.0253)  loss_giou_dn_pre: 0.3183 (0.3192)  time: 0.2898  data: 0.0157  max mem: 5225
Epoch: [23/30]  [30/44]  eta: 0:00:04  lr: 0.000100  loss: 15.6567 (15.5274)  loss_mal: 0.5732 (0.5716)  loss_bbox: 0.0239 (0.0231)  loss_giou: 0.2904 (0.2878)  loss_fgl: 1.1673 (1.1535)  loss_mal_aux_0: 0.6490 (0.6431)  loss_bbox_aux_0: 0.0242 (0.0246)  loss_giou_aux_0: 0.3089 (0.3070)  loss_fgl_aux_0: 1.1822 (1.1782)  loss_ddf_aux_0: 0.0299 (0.0310)  loss_mal_aux_1: 0.5794 (0.5790)  loss_bbox_aux_1: 0.0239 (0.0233)  loss_giou_aux_1: 0.2966 (0.2890)  loss_fgl_aux_1: 1.1709 (1.1545)  loss_ddf_aux_1: 0.0024 (0.0024)  loss_mal_pre: 0.6431 (0.6410)  loss_bbox_pre: 0.0243 (0.0246)  loss_giou_pre: 0.3109 (0.3054)  loss_mal_enc_0: 0.7454 (0.7416)  loss_bbox_enc_0: 0.0284 (0.0284)  loss_giou_enc_0: 0.3547 (0.3530)  loss_mal_dn_0: 0.6398 (0.6379)  loss_bbox_dn_0: 0.0258 (0.0262)  loss_giou_dn_0: 0.3309 (0.3297)  loss_fgl_dn_0: 1.1993 (1.2019)  loss_ddf_dn_0: 0.1338 (0.1337)  loss_mal_dn_1: 0.5528 (0.5453)  loss_bbox_dn_1: 0.0199 (0.0196)  loss_giou_dn_1: 0.2577 (0.2529)  loss_fgl_dn_1: 1.1097 (1.1045)  loss_ddf_dn_1: 0.0039 (0.0035)  loss_mal_dn_2: 0.5505 (0.5431)  loss_bbox_dn_2: 0.0201 (0.0195)  loss_giou_dn_2: 0.2564 (0.2517)  loss_fgl_dn_2: 1.1094 (1.1034)  loss_ddf_dn_2: -0.0000 (0.0000)  loss_mal_dn_pre: 0.6417 (0.6381)  loss_bbox_dn_pre: 0.0258 (0.0261)  loss_giou_dn_pre: 0.3315 (0.3283)  time: 0.2899  data: 0.0158  max mem: 5225
Epoch: [23/30]  [40/44]  eta: 0:00:01  lr: 0.000100  loss: 15.7366 (15.5746)  loss_mal: 0.5755 (0.5738)  loss_bbox: 0.0237 (0.0233)  loss_giou: 0.2899 (0.2889)  loss_fgl: 1.1664 (1.1552)  loss_mal_aux_0: 0.6553 (0.6479)  loss_bbox_aux_0: 0.0242 (0.0248)  loss_giou_aux_0: 0.3091 (0.3075)  loss_fgl_aux_0: 1.1840 (1.1778)  loss_ddf_aux_0: 0.0313 (0.0310)  loss_mal_aux_1: 0.5806 (0.5813)  loss_bbox_aux_1: 0.0238 (0.0234)  loss_giou_aux_1: 0.2922 (0.2896)  loss_fgl_aux_1: 1.1671 (1.1557)  loss_ddf_aux_1: 0.0025 (0.0024)  loss_mal_pre: 0.6543 (0.6463)  loss_bbox_pre: 0.0242 (0.0247)  loss_giou_pre: 0.3109 (0.3063)  loss_mal_enc_0: 0.7426 (0.7454)  loss_bbox_enc_0: 0.0273 (0.0284)  loss_giou_enc_0: 0.3620 (0.3523)  loss_mal_dn_0: 0.6380 (0.6395)  loss_bbox_dn_0: 0.0266 (0.0264)  loss_giou_dn_0: 0.3329 (0.3312)  loss_fgl_dn_0: 1.2051 (1.2006)  loss_ddf_dn_0: 0.1321 (0.1338)  loss_mal_dn_1: 0.5569 (0.5484)  loss_bbox_dn_1: 0.0199 (0.0199)  loss_giou_dn_1: 0.2583 (0.2554)  loss_fgl_dn_1: 1.1133 (1.1068)  loss_ddf_dn_1: 0.0036 (0.0036)  loss_mal_dn_2: 0.5518 (0.5463)  loss_bbox_dn_2: 0.0201 (0.0198)  loss_giou_dn_2: 0.2577 (0.2545)  loss_fgl_dn_2: 1.1126 (1.1062)  loss_ddf_dn_2: -0.0000 (0.0000)  loss_mal_dn_pre: 0.6380 (0.6398)  loss_bbox_dn_pre: 0.0265 (0.0263)  loss_giou_dn_pre: 0.3329 (0.3300)  time: 0.2914  data: 0.0163  max mem: 5225
Epoch: [23/30]  [43/44]  eta: 0:00:00  lr: 0.000100  loss: 15.6567 (15.5864)  loss_mal: 0.5749 (0.5731)  loss_bbox: 0.0227 (0.0233)  loss_giou: 0.2873 (0.2895)  loss_fgl: 1.1560 (1.1556)  loss_mal_aux_0: 0.6445 (0.6468)  loss_bbox_aux_0: 0.0241 (0.0248)  loss_giou_aux_0: 0.3089 (0.3090)  loss_fgl_aux_0: 1.1840 (1.1792)  loss_ddf_aux_0: 0.0323 (0.0315)  loss_mal_aux_1: 0.5805 (0.5804)  loss_bbox_aux_1: 0.0227 (0.0234)  loss_giou_aux_1: 0.2900 (0.2903)  loss_fgl_aux_1: 1.1606 (1.1562)  loss_ddf_aux_1: 0.0025 (0.0024)  loss_mal_pre: 0.6396 (0.6451)  loss_bbox_pre: 0.0241 (0.0248)  loss_giou_pre: 0.3108 (0.3076)  loss_mal_enc_0: 0.7503 (0.7477)  loss_bbox_enc_0: 0.0267 (0.0286)  loss_giou_enc_0: 0.3620 (0.3552)  loss_mal_dn_0: 0.6380 (0.6397)  loss_bbox_dn_0: 0.0258 (0.0264)  loss_giou_dn_0: 0.3329 (0.3318)  loss_fgl_dn_0: 1.2051 (1.2013)  loss_ddf_dn_0: 0.1338 (0.1347)  loss_mal_dn_1: 0.5533 (0.5482)  loss_bbox_dn_1: 0.0198 (0.0199)  loss_giou_dn_1: 0.2581 (0.2555)  loss_fgl_dn_1: 1.1097 (1.1072)  loss_ddf_dn_1: 0.0036 (0.0036)  loss_mal_dn_2: 0.5507 (0.5461)  loss_bbox_dn_2: 0.0198 (0.0198)  loss_giou_dn_2: 0.2570 (0.2544)  loss_fgl_dn_2: 1.1094 (1.1064)  loss_ddf_dn_2: -0.0000 (0.0000)  loss_mal_dn_pre: 0.6380 (0.6400)  loss_bbox_dn_pre: 0.0258 (0.0263)  loss_giou_dn_pre: 0.3328 (0.3305)  time: 0.2896  data: 0.0163  max mem: 5225
Epoch: [23/30] Total time: 0:00:13 (0.2962 s / it)
Averaged stats: lr: 0.000100  loss: 15.6567 (15.5864)  loss_mal: 0.5749 (0.5731)  loss_bbox: 0.0227 (0.0233)  loss_giou: 0.2873 (0.2895)  loss_fgl: 1.1560 (1.1556)  loss_mal_aux_0: 0.6445 (0.6468)  loss_bbox_aux_0: 0.0241 (0.0248)  loss_giou_aux_0: 0.3089 (0.3090)  loss_fgl_aux_0: 1.1840 (1.1792)  loss_ddf_aux_0: 0.0323 (0.0315)  loss_mal_aux_1: 0.5805 (0.5804)  loss_bbox_aux_1: 0.0227 (0.0234)  loss_giou_aux_1: 0.2900 (0.2903)  loss_fgl_aux_1: 1.1606 (1.1562)  loss_ddf_aux_1: 0.0025 (0.0024)  loss_mal_pre: 0.6396 (0.6451)  loss_bbox_pre: 0.0241 (0.0248)  loss_giou_pre: 0.3108 (0.3076)  loss_mal_enc_0: 0.7503 (0.7477)  loss_bbox_enc_0: 0.0267 (0.0286)  loss_giou_enc_0: 0.3620 (0.3552)  loss_mal_dn_0: 0.6380 (0.6397)  loss_bbox_dn_0: 0.0258 (0.0264)  loss_giou_dn_0: 0.3329 (0.3318)  loss_fgl_dn_0: 1.2051 (1.2013)  loss_ddf_dn_0: 0.1338 (0.1347)  loss_mal_dn_1: 0.5533 (0.5482)  loss_bbox_dn_1: 0.0198 (0.0199)  loss_giou_dn_1: 0.2581 (0.2555)  loss_fgl_dn_1: 1.1097 (1.1072)  loss_ddf_dn_1: 0.0036 (0.0036)  loss_mal_dn_2: 0.5507 (0.5461)  loss_bbox_dn_2: 0.0198 (0.0198)  loss_giou_dn_2: 0.2570 (0.2544)  loss_fgl_dn_2: 1.1094 (1.1064)  loss_ddf_dn_2: -0.0000 (0.0000)  loss_mal_dn_pre: 0.6380 (0.6400)  loss_bbox_dn_pre: 0.0258 (0.0263)  loss_giou_dn_pre: 0.3328 (0.3305)
Test:  [0/9]  eta: 0:00:02    time: 0.3186  data: 0.2525  max mem: 5225
Test:  [8/9]  eta: 0:00:00    time: 0.1241  data: 0.0456  max mem: 5225
Test: Total time: 0:00:01 (0.1283 s / it)
Metrics: {'f1': 0.9423728813559322, 'precision': 0.9205298013245033, 'recall': 0.9652777777777778, 'iou': 0.6249070499952023, 'TPs': 139, 'FPs': 12, 'FNs': 5}
Averaged stats: 
Accumulating evaluation results...
COCOeval_opt.accumulate() finished...
DONE (t=0.01s).
IoU metric: bbox
 Average Precision  (AP) @[ IoU=0.50:0.95 | area=   all | maxDets=100 ] = 0.360
 Average Precision  (AP) @[ IoU=0.50      | area=   all | maxDets=100 ] = 0.953
 Average Precision  (AP) @[ IoU=0.75      | area=   all | maxDets=100 ] = 0.124
 Average Precision  (AP) @[ IoU=0.50:0.95 | area= small | maxDets=100 ] = 0.361
 Average Precision  (AP) @[ IoU=0.50:0.95 | area=medium | maxDets=100 ] = -1.000
 Average Precision  (AP) @[ IoU=0.50:0.95 | area= large | maxDets=100 ] = -1.000
 Average Recall     (AR) @[ IoU=0.50:0.95 | area=   all | maxDets=  1 ] = 0.194
 Average Recall     (AR) @[ IoU=0.50:0.95 | area=   all | maxDets= 10 ] = 0.503
 Average Recall     (AR) @[ IoU=0.50:0.95 | area=   all | maxDets=100 ] = 0.632
 Average Recall     (AR) @[ IoU=0.50:0.95 | area= small | maxDets=100 ] = 0.632
 Average Recall     (AR) @[ IoU=0.50:0.95 | area=medium | maxDets=100 ] = -1.000
 Average Recall     (AR) @[ IoU=0.50:0.95 | area= large | maxDets=100 ] = -1.000
 Average Recall     (AR) @[ IoU=0.50      | area=   all | maxDets=100 ] = 0.993
 Average Recall     (AR) @[ IoU=0.75      | area=   all | maxDets=100 ] = 0.674
best_stat: {'epoch': 10, 'coco_eval_bbox': 0.36496804663448856}
Epoch: [24/30]  [ 0/44]  eta: 0:00:25  lr: 0.000100  loss: 14.7177 (14.7177)  loss_mal: 0.5256 (0.5256)  loss_bbox: 0.0184 (0.0184)  loss_giou: 0.2526 (0.2526)  loss_fgl: 1.0642 (1.0642)  loss_mal_aux_0: 0.6116 (0.6116)  loss_bbox_aux_0: 0.0224 (0.0224)  loss_giou_aux_0: 0.3208 (0.3208)  loss_fgl_aux_0: 1.1359 (1.1359)  loss_ddf_aux_0: 0.0348 (0.0348)  loss_mal_aux_1: 0.5367 (0.5367)  loss_bbox_aux_1: 0.0186 (0.0186)  loss_giou_aux_1: 0.2557 (0.2557)  loss_fgl_aux_1: 1.0674 (1.0674)  loss_ddf_aux_1: 0.0024 (0.0024)  loss_mal_pre: 0.6083 (0.6083)  loss_bbox_pre: 0.0223 (0.0223)  loss_giou_pre: 0.3163 (0.3163)  loss_mal_enc_0: 0.7131 (0.7131)  loss_bbox_enc_0: 0.0264 (0.0264)  loss_giou_enc_0: 0.3523 (0.3523)  loss_mal_dn_0: 0.6242 (0.6242)  loss_bbox_dn_0: 0.0245 (0.0245)  loss_giou_dn_0: 0.3340 (0.3340)  loss_fgl_dn_0: 1.1677 (1.1677)  loss_ddf_dn_0: 0.1033 (0.1033)  loss_mal_dn_1: 0.5160 (0.5160)  loss_bbox_dn_1: 0.0161 (0.0161)  loss_giou_dn_1: 0.2250 (0.2250)  loss_fgl_dn_1: 1.0381 (1.0381)  loss_ddf_dn_1: 0.0023 (0.0023)  loss_mal_dn_2: 0.5089 (0.5089)  loss_bbox_dn_2: 0.0159 (0.0159)  loss_giou_dn_2: 0.2233 (0.2233)  loss_fgl_dn_2: 1.0360 (1.0360)  loss_ddf_dn_2: -0.0000 (0.0000)  loss_mal_dn_pre: 0.6234 (0.6234)  loss_bbox_dn_pre: 0.0240 (0.0240)  loss_giou_dn_pre: 0.3289 (0.3289)  time: 0.5694  data: 0.2540  max mem: 5225
Epoch: [24/30]  [10/44]  eta: 0:00:12  lr: 0.000100  loss: 15.1715 (15.2536)  loss_mal: 0.5436 (0.5550)  loss_bbox: 0.0233 (0.0224)  loss_giou: 0.2618 (0.2723)  loss_fgl: 1.1211 (1.1374)  loss_mal_aux_0: 0.6430 (0.6367)  loss_bbox_aux_0: 0.0242 (0.0245)  loss_giou_aux_0: 0.2898 (0.3002)  loss_fgl_aux_0: 1.1666 (1.1683)  loss_ddf_aux_0: 0.0334 (0.0326)  loss_mal_aux_1: 0.5571 (0.5610)  loss_bbox_aux_1: 0.0232 (0.0226)  loss_giou_aux_1: 0.2650 (0.2736)  loss_fgl_aux_1: 1.1289 (1.1388)  loss_ddf_aux_1: 0.0025 (0.0025)  loss_mal_pre: 0.6422 (0.6357)  loss_bbox_pre: 0.0241 (0.0245)  loss_giou_pre: 0.2910 (0.2988)  loss_mal_enc_0: 0.7397 (0.7403)  loss_bbox_enc_0: 0.0284 (0.0287)  loss_giou_enc_0: 0.3522 (0.3469)  loss_mal_dn_0: 0.6246 (0.6290)  loss_bbox_dn_0: 0.0251 (0.0258)  loss_giou_dn_0: 0.3131 (0.3188)  loss_fgl_dn_0: 1.1758 (1.1840)  loss_ddf_dn_0: 0.1294 (0.1324)  loss_mal_dn_1: 0.5343 (0.5333)  loss_bbox_dn_1: 0.0189 (0.0191)  loss_giou_dn_1: 0.2383 (0.2410)  loss_fgl_dn_1: 1.0929 (1.0924)  loss_ddf_dn_1: 0.0036 (0.0035)  loss_mal_dn_2: 0.5267 (0.5302)  loss_bbox_dn_2: 0.0188 (0.0190)  loss_giou_dn_2: 0.2361 (0.2400)  loss_fgl_dn_2: 1.0864 (1.0909)  loss_ddf_dn_2: -0.0000 (0.0000)  loss_mal_dn_pre: 0.6246 (0.6291)  loss_bbox_dn_pre: 0.0248 (0.0256)  loss_giou_dn_pre: 0.3101 (0.3168)  time: 0.3688  data: 0.0383  max mem: 5225
Epoch: [24/30]  [20/44]  eta: 0:00:09  lr: 0.000100  loss: 15.4864 (15.4322)  loss_mal: 0.5574 (0.5640)  loss_bbox: 0.0245 (0.0236)  loss_giou: 0.2872 (0.2815)  loss_fgl: 1.1574 (1.1501)  loss_mal_aux_0: 0.6455 (0.6431)  loss_bbox_aux_0: 0.0251 (0.0250)  loss_giou_aux_0: 0.2899 (0.3014)  loss_fgl_aux_0: 1.1568 (1.1701)  loss_ddf_aux_0: 0.0318 (0.0328)  loss_mal_aux_1: 0.5666 (0.5701)  loss_bbox_aux_1: 0.0246 (0.0236)  loss_giou_aux_1: 0.2792 (0.2820)  loss_fgl_aux_1: 1.1598 (1.1510)  loss_ddf_aux_1: 0.0023 (0.0024)  loss_mal_pre: 0.6447 (0.6419)  loss_bbox_pre: 0.0247 (0.0249)  loss_giou_pre: 0.2861 (0.3001)  loss_mal_enc_0: 0.7430 (0.7430)  loss_bbox_enc_0: 0.0286 (0.0291)  loss_giou_enc_0: 0.3404 (0.3485)  loss_mal_dn_0: 0.6277 (0.6333)  loss_bbox_dn_0: 0.0263 (0.0265)  loss_giou_dn_0: 0.3131 (0.3245)  loss_fgl_dn_0: 1.1801 (1.1884)  loss_ddf_dn_0: 0.1379 (0.1384)  loss_mal_dn_1: 0.5386 (0.5439)  loss_bbox_dn_1: 0.0201 (0.0201)  loss_giou_dn_1: 0.2458 (0.2502)  loss_fgl_dn_1: 1.0972 (1.1015)  loss_ddf_dn_1: 0.0036 (0.0037)  loss_mal_dn_2: 0.5382 (0.5415)  loss_bbox_dn_2: 0.0202 (0.0201)  loss_giou_dn_2: 0.2454 (0.2492)  loss_fgl_dn_2: 1.0961 (1.1004)  loss_ddf_dn_2: -0.0000 (0.0000)  loss_mal_dn_pre: 0.6272 (0.6335)  loss_bbox_dn_pre: 0.0259 (0.0263)  loss_giou_dn_pre: 0.3090 (0.3225)  time: 0.3832  data: 0.0161  max mem: 5225
Epoch: [24/30]  [30/44]  eta: 0:00:05  lr: 0.000100  loss: 15.5023 (15.5129)  loss_mal: 0.5680 (0.5710)  loss_bbox: 0.0245 (0.0238)  loss_giou: 0.2989 (0.2869)  loss_fgl: 1.1629 (1.1581)  loss_mal_aux_0: 0.6377 (0.6363)  loss_bbox_aux_0: 0.0251 (0.0250)  loss_giou_aux_0: 0.2987 (0.3033)  loss_fgl_aux_0: 1.1568 (1.1733)  loss_ddf_aux_0: 0.0314 (0.0325)  loss_mal_aux_1: 0.5818 (0.5779)  loss_bbox_aux_1: 0.0246 (0.0239)  loss_giou_aux_1: 0.2982 (0.2875)  loss_fgl_aux_1: 1.1636 (1.1588)  loss_ddf_aux_1: 0.0023 (0.0024)  loss_mal_pre: 0.6367 (0.6357)  loss_bbox_pre: 0.0244 (0.0249)  loss_giou_pre: 0.2989 (0.3024)  loss_mal_enc_0: 0.7407 (0.7415)  loss_bbox_enc_0: 0.0279 (0.0290)  loss_giou_enc_0: 0.3375 (0.3505)  loss_mal_dn_0: 0.6358 (0.6358)  loss_bbox_dn_0: 0.0263 (0.0265)  loss_giou_dn_0: 0.3252 (0.3262)  loss_fgl_dn_0: 1.1957 (1.1930)  loss_ddf_dn_0: 0.1357 (0.1373)  loss_mal_dn_1: 0.5529 (0.5486)  loss_bbox_dn_1: 0.0206 (0.0204)  loss_giou_dn_1: 0.2589 (0.2545)  loss_fgl_dn_1: 1.1054 (1.1077)  loss_ddf_dn_1: 0.0039 (0.0038)  loss_mal_dn_2: 0.5532 (0.5463)  loss_bbox_dn_2: 0.0204 (0.0203)  loss_giou_dn_2: 0.2616 (0.2537)  loss_fgl_dn_2: 1.1010 (1.1067)  loss_ddf_dn_2: -0.0000 (0.0000)  loss_mal_dn_pre: 0.6380 (0.6363)  loss_bbox_dn_pre: 0.0259 (0.0263)  loss_giou_dn_pre: 0.3251 (0.3247)  time: 0.4168  data: 0.0155  max mem: 5225
Epoch: [24/30]  [40/44]  eta: 0:00:01  lr: 0.000100  loss: 15.4965 (15.6310)  loss_mal: 0.5723 (0.5743)  loss_bbox: 0.0235 (0.0241)  loss_giou: 0.3007 (0.2936)  loss_fgl: 1.1555 (1.1618)  loss_mal_aux_0: 0.6244 (0.6391)  loss_bbox_aux_0: 0.0250 (0.0256)  loss_giou_aux_0: 0.3150 (0.3130)  loss_fgl_aux_0: 1.1768 (1.1817)  loss_ddf_aux_0: 0.0313 (0.0321)  loss_mal_aux_1: 0.5818 (0.5813)  loss_bbox_aux_1: 0.0234 (0.0242)  loss_giou_aux_1: 0.2965 (0.2944)  loss_fgl_aux_1: 1.1566 (1.1627)  loss_ddf_aux_1: 0.0023 (0.0024)  loss_mal_pre: 0.6234 (0.6384)  loss_bbox_pre: 0.0246 (0.0255)  loss_giou_pre: 0.3169 (0.3122)  loss_mal_enc_0: 0.7336 (0.7420)  loss_bbox_enc_0: 0.0273 (0.0292)  loss_giou_enc_0: 0.3517 (0.3557)  loss_mal_dn_0: 0.6366 (0.6406)  loss_bbox_dn_0: 0.0264 (0.0270)  loss_giou_dn_0: 0.3321 (0.3342)  loss_fgl_dn_0: 1.1887 (1.1978)  loss_ddf_dn_0: 0.1355 (0.1389)  loss_mal_dn_1: 0.5557 (0.5514)  loss_bbox_dn_1: 0.0200 (0.0205)  loss_giou_dn_1: 0.2620 (0.2580)  loss_fgl_dn_1: 1.1122 (1.1100)  loss_ddf_dn_1: 0.0038 (0.0039)  loss_mal_dn_2: 0.5532 (0.5491)  loss_bbox_dn_2: 0.0199 (0.0203)  loss_giou_dn_2: 0.2616 (0.2569)  loss_fgl_dn_2: 1.1085 (1.1087)  loss_ddf_dn_2: -0.0000 (0.0000)  loss_mal_dn_pre: 0.6384 (0.6409)  loss_bbox_dn_pre: 0.0265 (0.0268)  loss_giou_dn_pre: 0.3337 (0.3328)  time: 0.4186  data: 0.0158  max mem: 5225
Epoch: [24/30]  [43/44]  eta: 0:00:00  lr: 0.000100  loss: 15.4753 (15.6197)  loss_mal: 0.5727 (0.5742)  loss_bbox: 0.0233 (0.0240)  loss_giou: 0.3007 (0.2934)  loss_fgl: 1.1523 (1.1598)  loss_mal_aux_0: 0.6256 (0.6385)  loss_bbox_aux_0: 0.0250 (0.0255)  loss_giou_aux_0: 0.3150 (0.3129)  loss_fgl_aux_0: 1.1768 (1.1802)  loss_ddf_aux_0: 0.0310 (0.0318)  loss_mal_aux_1: 0.5792 (0.5811)  loss_bbox_aux_1: 0.0232 (0.0241)  loss_giou_aux_1: 0.2965 (0.2941)  loss_fgl_aux_1: 1.1536 (1.1607)  loss_ddf_aux_1: 0.0022 (0.0024)  loss_mal_pre: 0.6254 (0.6377)  loss_bbox_pre: 0.0248 (0.0254)  loss_giou_pre: 0.3169 (0.3122)  loss_mal_enc_0: 0.7334 (0.7421)  loss_bbox_enc_0: 0.0272 (0.0290)  loss_giou_enc_0: 0.3539 (0.3549)  loss_mal_dn_0: 0.6398 (0.6413)  loss_bbox_dn_0: 0.0271 (0.0269)  loss_giou_dn_0: 0.3355 (0.3354)  loss_fgl_dn_0: 1.1894 (1.1973)  loss_ddf_dn_0: 0.1365 (0.1397)  loss_mal_dn_1: 0.5487 (0.5508)  loss_bbox_dn_1: 0.0200 (0.0203)  loss_giou_dn_1: 0.2537 (0.2574)  loss_fgl_dn_1: 1.1024 (1.1081)  loss_ddf_dn_1: 0.0039 (0.0039)  loss_mal_dn_2: 0.5436 (0.5484)  loss_bbox_dn_2: 0.0198 (0.0202)  loss_giou_dn_2: 0.2522 (0.2562)  loss_fgl_dn_2: 1.1018 (1.1068)  loss_ddf_dn_2: -0.0000 (0.0000)  loss_mal_dn_pre: 0.6418 (0.6418)  loss_bbox_dn_pre: 0.0274 (0.0268)  loss_giou_dn_pre: 0.3346 (0.3342)  time: 0.4167  data: 0.0157  max mem: 5225
Epoch: [24/30] Total time: 0:00:17 (0.4062 s / it)
Averaged stats: lr: 0.000100  loss: 15.4753 (15.6197)  loss_mal: 0.5727 (0.5742)  loss_bbox: 0.0233 (0.0240)  loss_giou: 0.3007 (0.2934)  loss_fgl: 1.1523 (1.1598)  loss_mal_aux_0: 0.6256 (0.6385)  loss_bbox_aux_0: 0.0250 (0.0255)  loss_giou_aux_0: 0.3150 (0.3129)  loss_fgl_aux_0: 1.1768 (1.1802)  loss_ddf_aux_0: 0.0310 (0.0318)  loss_mal_aux_1: 0.5792 (0.5811)  loss_bbox_aux_1: 0.0232 (0.0241)  loss_giou_aux_1: 0.2965 (0.2941)  loss_fgl_aux_1: 1.1536 (1.1607)  loss_ddf_aux_1: 0.0022 (0.0024)  loss_mal_pre: 0.6254 (0.6377)  loss_bbox_pre: 0.0248 (0.0254)  loss_giou_pre: 0.3169 (0.3122)  loss_mal_enc_0: 0.7334 (0.7421)  loss_bbox_enc_0: 0.0272 (0.0290)  loss_giou_enc_0: 0.3539 (0.3549)  loss_mal_dn_0: 0.6398 (0.6413)  loss_bbox_dn_0: 0.0271 (0.0269)  loss_giou_dn_0: 0.3355 (0.3354)  loss_fgl_dn_0: 1.1894 (1.1973)  loss_ddf_dn_0: 0.1365 (0.1397)  loss_mal_dn_1: 0.5487 (0.5508)  loss_bbox_dn_1: 0.0200 (0.0203)  loss_giou_dn_1: 0.2537 (0.2574)  loss_fgl_dn_1: 1.1024 (1.1081)  loss_ddf_dn_1: 0.0039 (0.0039)  loss_mal_dn_2: 0.5436 (0.5484)  loss_bbox_dn_2: 0.0198 (0.0202)  loss_giou_dn_2: 0.2522 (0.2562)  loss_fgl_dn_2: 1.1018 (1.1068)  loss_ddf_dn_2: -0.0000 (0.0000)  loss_mal_dn_pre: 0.6418 (0.6418)  loss_bbox_dn_pre: 0.0274 (0.0268)  loss_giou_dn_pre: 0.3346 (0.3342)
Test:  [0/9]  eta: 0:00:02    time: 0.3298  data: 0.2527  max mem: 5225
Test:  [8/9]  eta: 0:00:00    time: 0.1375  data: 0.0437  max mem: 5225
Test: Total time: 0:00:01 (0.1419 s / it)
Metrics: {'f1': 0.9391891891891891, 'precision': 0.9144736842105263, 'recall': 0.9652777777777778, 'iou': 0.620872154357327, 'TPs': 139, 'FPs': 13, 'FNs': 5}
Averaged stats: 
Accumulating evaluation results...
COCOeval_opt.accumulate() finished...
DONE (t=0.01s).
IoU metric: bbox
 Average Precision  (AP) @[ IoU=0.50:0.95 | area=   all | maxDets=100 ] = 0.362
 Average Precision  (AP) @[ IoU=0.50      | area=   all | maxDets=100 ] = 0.963
 Average Precision  (AP) @[ IoU=0.75      | area=   all | maxDets=100 ] = 0.126
 Average Precision  (AP) @[ IoU=0.50:0.95 | area= small | maxDets=100 ] = 0.362
 Average Precision  (AP) @[ IoU=0.50:0.95 | area=medium | maxDets=100 ] = -1.000
 Average Precision  (AP) @[ IoU=0.50:0.95 | area= large | maxDets=100 ] = -1.000
 Average Recall     (AR) @[ IoU=0.50:0.95 | area=   all | maxDets=  1 ] = 0.193
 Average Recall     (AR) @[ IoU=0.50:0.95 | area=   all | maxDets= 10 ] = 0.503
 Average Recall     (AR) @[ IoU=0.50:0.95 | area=   all | maxDets=100 ] = 0.630
 Average Recall     (AR) @[ IoU=0.50:0.95 | area= small | maxDets=100 ] = 0.630
 Average Recall     (AR) @[ IoU=0.50:0.95 | area=medium | maxDets=100 ] = -1.000
 Average Recall     (AR) @[ IoU=0.50:0.95 | area= large | maxDets=100 ] = -1.000
 Average Recall     (AR) @[ IoU=0.50      | area=   all | maxDets=100 ] = 0.993
 Average Recall     (AR) @[ IoU=0.75      | area=   all | maxDets=100 ] = 0.688
best_stat: {'epoch': 10, 'coco_eval_bbox': 0.36496804663448856}
Epoch: [25/30]  [ 0/44]  eta: 0:00:29  lr: 0.000010  loss: 14.7608 (14.7608)  loss_mal: 0.5102 (0.5102)  loss_bbox: 0.0174 (0.0174)  loss_giou: 0.2452 (0.2452)  loss_fgl: 1.1350 (1.1350)  loss_mal_aux_0: 0.5818 (0.5818)  loss_bbox_aux_0: 0.0215 (0.0215)  loss_giou_aux_0: 0.2869 (0.2869)  loss_fgl_aux_0: 1.1703 (1.1703)  loss_ddf_aux_0: 0.0276 (0.0276)  loss_mal_aux_1: 0.5067 (0.5067)  loss_bbox_aux_1: 0.0171 (0.0171)  loss_giou_aux_1: 0.2377 (0.2377)  loss_fgl_aux_1: 1.1311 (1.1311)  loss_ddf_aux_1: 0.0021 (0.0021)  loss_mal_pre: 0.5775 (0.5775)  loss_bbox_pre: 0.0208 (0.0208)  loss_giou_pre: 0.2807 (0.2807)  loss_mal_enc_0: 0.7003 (0.7003)  loss_bbox_enc_0: 0.0239 (0.0239)  loss_giou_enc_0: 0.3383 (0.3383)  loss_mal_dn_0: 0.6370 (0.6370)  loss_bbox_dn_0: 0.0236 (0.0236)  loss_giou_dn_0: 0.3192 (0.3192)  loss_fgl_dn_0: 1.1827 (1.1827)  loss_ddf_dn_0: 0.1164 (0.1164)  loss_mal_dn_1: 0.5204 (0.5204)  loss_bbox_dn_1: 0.0162 (0.0162)  loss_giou_dn_1: 0.2207 (0.2207)  loss_fgl_dn_1: 1.0739 (1.0739)  loss_ddf_dn_1: 0.0033 (0.0033)  loss_mal_dn_2: 0.5203 (0.5203)  loss_bbox_dn_2: 0.0163 (0.0163)  loss_giou_dn_2: 0.2224 (0.2224)  loss_fgl_dn_2: 1.0774 (1.0774)  loss_ddf_dn_2: -0.0000 (0.0000)  loss_mal_dn_pre: 0.6377 (0.6377)  loss_bbox_dn_pre: 0.0235 (0.0235)  loss_giou_dn_pre: 0.3176 (0.3176)  time: 0.6674  data: 0.2587  max mem: 5225
Epoch: [25/30]  [10/44]  eta: 0:00:13  lr: 0.000010  loss: 14.7608 (14.6011)  loss_mal: 0.5292 (0.5278)  loss_bbox: 0.0202 (0.0201)  loss_giou: 0.2452 (0.2445)  loss_fgl: 1.1339 (1.1276)  loss_mal_aux_0: 0.5865 (0.5957)  loss_bbox_aux_0: 0.0217 (0.0213)  loss_giou_aux_0: 0.2634 (0.2589)  loss_fgl_aux_0: 1.1551 (1.1518)  loss_ddf_aux_0: 0.0258 (0.0263)  loss_mal_aux_1: 0.5362 (0.5372)  loss_bbox_aux_1: 0.0200 (0.0201)  loss_giou_aux_1: 0.2411 (0.2434)  loss_fgl_aux_1: 1.1334 (1.1278)  loss_ddf_aux_1: 0.0022 (0.0022)  loss_mal_pre: 0.5908 (0.5954)  loss_bbox_pre: 0.0213 (0.0213)  loss_giou_pre: 0.2619 (0.2584)  loss_mal_enc_0: 0.7199 (0.7088)  loss_bbox_enc_0: 0.0249 (0.0248)  loss_giou_enc_0: 0.2867 (0.3008)  loss_mal_dn_0: 0.6084 (0.6063)  loss_bbox_dn_0: 0.0237 (0.0232)  loss_giou_dn_0: 0.2978 (0.2861)  loss_fgl_dn_0: 1.1736 (1.1684)  loss_ddf_dn_0: 0.1176 (0.1194)  loss_mal_dn_1: 0.5148 (0.5134)  loss_bbox_dn_1: 0.0181 (0.0179)  loss_giou_dn_1: 0.2221 (0.2224)  loss_fgl_dn_1: 1.0808 (1.0799)  loss_ddf_dn_1: 0.0037 (0.0037)  loss_mal_dn_2: 0.5151 (0.5113)  loss_bbox_dn_2: 0.0180 (0.0178)  loss_giou_dn_2: 0.2224 (0.2214)  loss_fgl_dn_2: 1.0781 (1.0790)  loss_ddf_dn_2: -0.0000 (0.0000)  loss_mal_dn_pre: 0.6091 (0.6079)  loss_bbox_dn_pre: 0.0235 (0.0232)  loss_giou_dn_pre: 0.2956 (0.2855)  time: 0.4101  data: 0.0404  max mem: 5225
Epoch: [25/30]  [20/44]  eta: 0:00:11  lr: 0.000010  loss: 14.6214 (14.6681)  loss_mal: 0.5317 (0.5339)  loss_bbox: 0.0189 (0.0198)  loss_giou: 0.2460 (0.2504)  loss_fgl: 1.1194 (1.1215)  loss_mal_aux_0: 0.6024 (0.6001)  loss_bbox_aux_0: 0.0213 (0.0211)  loss_giou_aux_0: 0.2601 (0.2669)  loss_fgl_aux_0: 1.1457 (1.1491)  loss_ddf_aux_0: 0.0257 (0.0262)  loss_mal_aux_1: 0.5362 (0.5425)  loss_bbox_aux_1: 0.0190 (0.0197)  loss_giou_aux_1: 0.2451 (0.2501)  loss_fgl_aux_1: 1.1242 (1.1221)  loss_ddf_aux_1: 0.0021 (0.0022)  loss_mal_pre: 0.6023 (0.6006)  loss_bbox_pre: 0.0212 (0.0212)  loss_giou_pre: 0.2613 (0.2674)  loss_mal_enc_0: 0.7199 (0.7194)  loss_bbox_enc_0: 0.0249 (0.0251)  loss_giou_enc_0: 0.2889 (0.3148)  loss_mal_dn_0: 0.6081 (0.6099)  loss_bbox_dn_0: 0.0229 (0.0229)  loss_giou_dn_0: 0.2893 (0.2903)  loss_fgl_dn_0: 1.1677 (1.1662)  loss_ddf_dn_0: 0.1208 (0.1198)  loss_mal_dn_1: 0.5127 (0.5151)  loss_bbox_dn_1: 0.0177 (0.0173)  loss_giou_dn_1: 0.2204 (0.2240)  loss_fgl_dn_1: 1.0728 (1.0737)  loss_ddf_dn_1: 0.0037 (0.0037)  loss_mal_dn_2: 0.5108 (0.5127)  loss_bbox_dn_2: 0.0173 (0.0172)  loss_giou_dn_2: 0.2180 (0.2227)  loss_fgl_dn_2: 1.0725 (1.0726)  loss_ddf_dn_2: -0.0000 (0.0000)  loss_mal_dn_pre: 0.6088 (0.6121)  loss_bbox_dn_pre: 0.0229 (0.0230)  loss_giou_dn_pre: 0.2908 (0.2906)  time: 0.4879  data: 0.0182  max mem: 5225
Epoch: [25/30]  [30/44]  eta: 0:00:07  lr: 0.000010  loss: 14.4928 (14.7037)  loss_mal: 0.5364 (0.5378)  loss_bbox: 0.0189 (0.0199)  loss_giou: 0.2460 (0.2520)  loss_fgl: 1.1192 (1.1190)  loss_mal_aux_0: 0.6111 (0.6068)  loss_bbox_aux_0: 0.0205 (0.0213)  loss_giou_aux_0: 0.2601 (0.2703)  loss_fgl_aux_0: 1.1399 (1.1478)  loss_ddf_aux_0: 0.0269 (0.0272)  loss_mal_aux_1: 0.5395 (0.5464)  loss_bbox_aux_1: 0.0191 (0.0199)  loss_giou_aux_1: 0.2486 (0.2522)  loss_fgl_aux_1: 1.1214 (1.1198)  loss_ddf_aux_1: 0.0021 (0.0022)  loss_mal_pre: 0.6067 (0.6072)  loss_bbox_pre: 0.0209 (0.0214)  loss_giou_pre: 0.2613 (0.2711)  loss_mal_enc_0: 0.7132 (0.7193)  loss_bbox_enc_0: 0.0254 (0.0255)  loss_giou_enc_0: 0.3233 (0.3195)  loss_mal_dn_0: 0.6003 (0.6101)  loss_bbox_dn_0: 0.0227 (0.0229)  loss_giou_dn_0: 0.2837 (0.2905)  loss_fgl_dn_0: 1.1637 (1.1642)  loss_ddf_dn_0: 0.1222 (0.1224)  loss_mal_dn_1: 0.5092 (0.5159)  loss_bbox_dn_1: 0.0168 (0.0174)  loss_giou_dn_1: 0.2181 (0.2248)  loss_fgl_dn_1: 1.0617 (1.0728)  loss_ddf_dn_1: 0.0038 (0.0038)  loss_mal_dn_2: 0.5084 (0.5134)  loss_bbox_dn_2: 0.0167 (0.0173)  loss_giou_dn_2: 0.2176 (0.2237)  loss_fgl_dn_2: 1.0604 (1.0717)  loss_ddf_dn_2: -0.0000 (0.0000)  loss_mal_dn_pre: 0.6029 (0.6124)  loss_bbox_dn_pre: 0.0227 (0.0230)  loss_giou_dn_pre: 0.2841 (0.2909)  time: 0.5888  data: 0.0175  max mem: 5225
Epoch: [25/30]  [40/44]  eta: 0:00:02  lr: 0.000010  loss: 14.4928 (14.6718)  loss_mal: 0.5364 (0.5360)  loss_bbox: 0.0198 (0.0199)  loss_giou: 0.2414 (0.2508)  loss_fgl: 1.1076 (1.1160)  loss_mal_aux_0: 0.6125 (0.6121)  loss_bbox_aux_0: 0.0205 (0.0214)  loss_giou_aux_0: 0.2652 (0.2694)  loss_fgl_aux_0: 1.1383 (1.1445)  loss_ddf_aux_0: 0.0290 (0.0277)  loss_mal_aux_1: 0.5413 (0.5448)  loss_bbox_aux_1: 0.0198 (0.0199)  loss_giou_aux_1: 0.2438 (0.2511)  loss_fgl_aux_1: 1.1091 (1.1168)  loss_ddf_aux_1: 0.0023 (0.0022)  loss_mal_pre: 0.6105 (0.6118)  loss_bbox_pre: 0.0208 (0.0214)  loss_giou_pre: 0.2650 (0.2698)  loss_mal_enc_0: 0.7190 (0.7192)  loss_bbox_enc_0: 0.0254 (0.0256)  loss_giou_enc_0: 0.3195 (0.3175)  loss_mal_dn_0: 0.5975 (0.6080)  loss_bbox_dn_0: 0.0227 (0.0228)  loss_giou_dn_0: 0.2764 (0.2878)  loss_fgl_dn_0: 1.1514 (1.1617)  loss_ddf_dn_0: 0.1328 (0.1237)  loss_mal_dn_1: 0.5013 (0.5140)  loss_bbox_dn_1: 0.0172 (0.0173)  loss_giou_dn_1: 0.2095 (0.2229)  loss_fgl_dn_1: 1.0577 (1.0702)  loss_ddf_dn_1: 0.0045 (0.0039)  loss_mal_dn_2: 0.5008 (0.5117)  loss_bbox_dn_2: 0.0170 (0.0172)  loss_giou_dn_2: 0.2075 (0.2218)  loss_fgl_dn_2: 1.0572 (1.0691)  loss_ddf_dn_2: -0.0000 (0.0000)  loss_mal_dn_pre: 0.5991 (0.6104)  loss_bbox_dn_pre: 0.0227 (0.0229)  loss_giou_dn_pre: 0.2769 (0.2883)  time: 0.5669  data: 0.0165  max mem: 5225
Epoch: [25/30]  [43/44]  eta: 0:00:00  lr: 0.000010  loss: 14.4928 (14.6944)  loss_mal: 0.5230 (0.5376)  loss_bbox: 0.0198 (0.0199)  loss_giou: 0.2414 (0.2511)  loss_fgl: 1.1076 (1.1176)  loss_mal_aux_0: 0.6126 (0.6144)  loss_bbox_aux_0: 0.0205 (0.0214)  loss_giou_aux_0: 0.2553 (0.2692)  loss_fgl_aux_0: 1.1383 (1.1458)  loss_ddf_aux_0: 0.0295 (0.0278)  loss_mal_aux_1: 0.5395 (0.5464)  loss_bbox_aux_1: 0.0198 (0.0200)  loss_giou_aux_1: 0.2438 (0.2515)  loss_fgl_aux_1: 1.1091 (1.1186)  loss_ddf_aux_1: 0.0023 (0.0022)  loss_mal_pre: 0.6124 (0.6140)  loss_bbox_pre: 0.0204 (0.0215)  loss_giou_pre: 0.2565 (0.2697)  loss_mal_enc_0: 0.7206 (0.7212)  loss_bbox_enc_0: 0.0254 (0.0255)  loss_giou_enc_0: 0.3176 (0.3170)  loss_mal_dn_0: 0.5975 (0.6082)  loss_bbox_dn_0: 0.0226 (0.0229)  loss_giou_dn_0: 0.2764 (0.2882)  loss_fgl_dn_0: 1.1514 (1.1629)  loss_ddf_dn_0: 0.1246 (0.1240)  loss_mal_dn_1: 0.5013 (0.5147)  loss_bbox_dn_1: 0.0168 (0.0174)  loss_giou_dn_1: 0.2095 (0.2236)  loss_fgl_dn_1: 1.0577 (1.0716)  loss_ddf_dn_1: 0.0045 (0.0040)  loss_mal_dn_2: 0.5008 (0.5123)  loss_bbox_dn_2: 0.0168 (0.0173)  loss_giou_dn_2: 0.2075 (0.2224)  loss_fgl_dn_2: 1.0572 (1.0702)  loss_ddf_dn_2: -0.0000 (0.0000)  loss_mal_dn_pre: 0.5991 (0.6106)  loss_bbox_dn_pre: 0.0226 (0.0229)  loss_giou_dn_pre: 0.2769 (0.2887)  time: 0.5613  data: 0.0161  max mem: 5225
Epoch: [25/30] Total time: 0:00:23 (0.5339 s / it)
Averaged stats: lr: 0.000010  loss: 14.4928 (14.6944)  loss_mal: 0.5230 (0.5376)  loss_bbox: 0.0198 (0.0199)  loss_giou: 0.2414 (0.2511)  loss_fgl: 1.1076 (1.1176)  loss_mal_aux_0: 0.6126 (0.6144)  loss_bbox_aux_0: 0.0205 (0.0214)  loss_giou_aux_0: 0.2553 (0.2692)  loss_fgl_aux_0: 1.1383 (1.1458)  loss_ddf_aux_0: 0.0295 (0.0278)  loss_mal_aux_1: 0.5395 (0.5464)  loss_bbox_aux_1: 0.0198 (0.0200)  loss_giou_aux_1: 0.2438 (0.2515)  loss_fgl_aux_1: 1.1091 (1.1186)  loss_ddf_aux_1: 0.0023 (0.0022)  loss_mal_pre: 0.6124 (0.6140)  loss_bbox_pre: 0.0204 (0.0215)  loss_giou_pre: 0.2565 (0.2697)  loss_mal_enc_0: 0.7206 (0.7212)  loss_bbox_enc_0: 0.0254 (0.0255)  loss_giou_enc_0: 0.3176 (0.3170)  loss_mal_dn_0: 0.5975 (0.6082)  loss_bbox_dn_0: 0.0226 (0.0229)  loss_giou_dn_0: 0.2764 (0.2882)  loss_fgl_dn_0: 1.1514 (1.1629)  loss_ddf_dn_0: 0.1246 (0.1240)  loss_mal_dn_1: 0.5013 (0.5147)  loss_bbox_dn_1: 0.0168 (0.0174)  loss_giou_dn_1: 0.2095 (0.2236)  loss_fgl_dn_1: 1.0577 (1.0716)  loss_ddf_dn_1: 0.0045 (0.0040)  loss_mal_dn_2: 0.5008 (0.5123)  loss_bbox_dn_2: 0.0168 (0.0173)  loss_giou_dn_2: 0.2075 (0.2224)  loss_fgl_dn_2: 1.0572 (1.0702)  loss_ddf_dn_2: -0.0000 (0.0000)  loss_mal_dn_pre: 0.5991 (0.6106)  loss_bbox_dn_pre: 0.0226 (0.0229)  loss_giou_dn_pre: 0.2769 (0.2887)
Test:  [0/9]  eta: 0:00:03    time: 0.3875  data: 0.2703  max mem: 5225
Test:  [8/9]  eta: 0:00:00    time: 0.1873  data: 0.0436  max mem: 5225
Test: Total time: 0:00:01 (0.1919 s / it)
Metrics: {'f1': 0.9230769230769231, 'precision': 0.8903225806451613, 'recall': 0.9583333333333334, 'iou': 0.6012798055358555, 'TPs': 138, 'FPs': 17, 'FNs': 6}
Averaged stats: 
Accumulating evaluation results...
COCOeval_opt.accumulate() finished...
DONE (t=0.01s).
IoU metric: bbox
 Average Precision  (AP) @[ IoU=0.50:0.95 | area=   all | maxDets=100 ] = 0.350
 Average Precision  (AP) @[ IoU=0.50      | area=   all | maxDets=100 ] = 0.949
 Average Precision  (AP) @[ IoU=0.75      | area=   all | maxDets=100 ] = 0.113
 Average Precision  (AP) @[ IoU=0.50:0.95 | area= small | maxDets=100 ] = 0.350
 Average Precision  (AP) @[ IoU=0.50:0.95 | area=medium | maxDets=100 ] = -1.000
 Average Precision  (AP) @[ IoU=0.50:0.95 | area= large | maxDets=100 ] = -1.000
 Average Recall     (AR) @[ IoU=0.50:0.95 | area=   all | maxDets=  1 ] = 0.193
 Average Recall     (AR) @[ IoU=0.50:0.95 | area=   all | maxDets= 10 ] = 0.499
 Average Recall     (AR) @[ IoU=0.50:0.95 | area=   all | maxDets=100 ] = 0.621
 Average Recall     (AR) @[ IoU=0.50:0.95 | area= small | maxDets=100 ] = 0.621
 Average Recall     (AR) @[ IoU=0.50:0.95 | area=medium | maxDets=100 ] = -1.000
 Average Recall     (AR) @[ IoU=0.50:0.95 | area= large | maxDets=100 ] = -1.000
 Average Recall     (AR) @[ IoU=0.50      | area=   all | maxDets=100 ] = 0.993
 Average Recall     (AR) @[ IoU=0.75      | area=   all | maxDets=100 ] = 0.639
best_stat: {'epoch': 10, 'coco_eval_bbox': 0.36496804663448856}
Epoch: [26/30]  [ 0/44]  eta: 0:00:39  lr: 0.000010  loss: 14.0967 (14.0967)  loss_mal: 0.5080 (0.5080)  loss_bbox: 0.0203 (0.0203)  loss_giou: 0.2295 (0.2295)  loss_fgl: 1.0788 (1.0788)  loss_mal_aux_0: 0.6564 (0.6564)  loss_bbox_aux_0: 0.0213 (0.0213)  loss_giou_aux_0: 0.2410 (0.2410)  loss_fgl_aux_0: 1.1086 (1.1086)  loss_ddf_aux_0: 0.0334 (0.0334)  loss_mal_aux_1: 0.5009 (0.5009)  loss_bbox_aux_1: 0.0205 (0.0205)  loss_giou_aux_1: 0.2320 (0.2320)  loss_fgl_aux_1: 1.0799 (1.0799)  loss_ddf_aux_1: 0.0023 (0.0023)  loss_mal_pre: 0.6550 (0.6550)  loss_bbox_pre: 0.0217 (0.0217)  loss_giou_pre: 0.2429 (0.2429)  loss_mal_enc_0: 0.6951 (0.6951)  loss_bbox_enc_0: 0.0265 (0.0265)  loss_giou_enc_0: 0.2862 (0.2862)  loss_mal_dn_0: 0.5834 (0.5834)  loss_bbox_dn_0: 0.0228 (0.0228)  loss_giou_dn_0: 0.2645 (0.2645)  loss_fgl_dn_0: 1.1388 (1.1388)  loss_ddf_dn_0: 0.1472 (0.1472)  loss_mal_dn_1: 0.4763 (0.4763)  loss_bbox_dn_1: 0.0161 (0.0161)  loss_giou_dn_1: 0.1943 (0.1943)  loss_fgl_dn_1: 1.0153 (1.0153)  loss_ddf_dn_1: 0.0053 (0.0053)  loss_mal_dn_2: 0.4744 (0.4744)  loss_bbox_dn_2: 0.0160 (0.0160)  loss_giou_dn_2: 0.1928 (0.1928)  loss_fgl_dn_2: 1.0140 (1.0140)  loss_ddf_dn_2: -0.0000 (0.0000)  loss_mal_dn_pre: 0.5866 (0.5866)  loss_bbox_dn_pre: 0.0230 (0.0230)  loss_giou_dn_pre: 0.2654 (0.2654)  time: 0.8927  data: 0.2867  max mem: 5225
Epoch: [26/30]  [10/44]  eta: 0:00:16  lr: 0.000010  loss: 13.7439 (13.8613)  loss_mal: 0.5047 (0.4994)  loss_bbox: 0.0165 (0.0171)  loss_giou: 0.2173 (0.2165)  loss_fgl: 1.0700 (1.0655)  loss_mal_aux_0: 0.5664 (0.5834)  loss_bbox_aux_0: 0.0175 (0.0183)  loss_giou_aux_0: 0.2243 (0.2330)  loss_fgl_aux_0: 1.0928 (1.0977)  loss_ddf_aux_0: 0.0311 (0.0303)  loss_mal_aux_1: 0.5031 (0.5041)  loss_bbox_aux_1: 0.0167 (0.0172)  loss_giou_aux_1: 0.2192 (0.2183)  loss_fgl_aux_1: 1.0705 (1.0674)  loss_ddf_aux_1: 0.0023 (0.0023)  loss_mal_pre: 0.5664 (0.5830)  loss_bbox_pre: 0.0179 (0.0184)  loss_giou_pre: 0.2244 (0.2335)  loss_mal_enc_0: 0.7124 (0.7162)  loss_bbox_enc_0: 0.0232 (0.0231)  loss_giou_enc_0: 0.2728 (0.2855)  loss_mal_dn_0: 0.5777 (0.5823)  loss_bbox_dn_0: 0.0204 (0.0208)  loss_giou_dn_0: 0.2502 (0.2604)  loss_fgl_dn_0: 1.1345 (1.1320)  loss_ddf_dn_0: 0.1324 (0.1314)  loss_mal_dn_1: 0.4799 (0.4796)  loss_bbox_dn_1: 0.0154 (0.0153)  loss_giou_dn_1: 0.1944 (0.1977)  loss_fgl_dn_1: 1.0298 (1.0278)  loss_ddf_dn_1: 0.0040 (0.0041)  loss_mal_dn_2: 0.4761 (0.4770)  loss_bbox_dn_2: 0.0153 (0.0152)  loss_giou_dn_2: 0.1936 (0.1961)  loss_fgl_dn_2: 1.0264 (1.0252)  loss_ddf_dn_2: -0.0000 (0.0000)  loss_mal_dn_pre: 0.5819 (0.5849)  loss_bbox_dn_pre: 0.0205 (0.0208)  loss_giou_dn_pre: 0.2519 (0.2605)  time: 0.4962  data: 0.0395  max mem: 5225
Epoch: [26/30]  [20/44]  eta: 0:00:11  lr: 0.000010  loss: 13.6235 (13.7850)  loss_mal: 0.4872 (0.4945)  loss_bbox: 0.0158 (0.0169)  loss_giou: 0.2029 (0.2107)  loss_fgl: 1.0391 (1.0581)  loss_mal_aux_0: 0.5649 (0.5833)  loss_bbox_aux_0: 0.0171 (0.0183)  loss_giou_aux_0: 0.2203 (0.2283)  loss_fgl_aux_0: 1.0889 (1.0931)  loss_ddf_aux_0: 0.0309 (0.0308)  loss_mal_aux_1: 0.4967 (0.5023)  loss_bbox_aux_1: 0.0157 (0.0170)  loss_giou_aux_1: 0.2052 (0.2119)  loss_fgl_aux_1: 1.0439 (1.0595)  loss_ddf_aux_1: 0.0023 (0.0024)  loss_mal_pre: 0.5642 (0.5828)  loss_bbox_pre: 0.0171 (0.0184)  loss_giou_pre: 0.2202 (0.2290)  loss_mal_enc_0: 0.7124 (0.7150)  loss_bbox_enc_0: 0.0221 (0.0229)  loss_giou_enc_0: 0.2728 (0.2821)  loss_mal_dn_0: 0.5777 (0.5824)  loss_bbox_dn_0: 0.0197 (0.0207)  loss_giou_dn_0: 0.2450 (0.2573)  loss_fgl_dn_0: 1.1192 (1.1275)  loss_ddf_dn_0: 0.1282 (0.1295)  loss_mal_dn_1: 0.4746 (0.4786)  loss_bbox_dn_1: 0.0147 (0.0153)  loss_giou_dn_1: 0.1906 (0.1956)  loss_fgl_dn_1: 1.0131 (1.0246)  loss_ddf_dn_1: 0.0040 (0.0041)  loss_mal_dn_2: 0.4720 (0.4763)  loss_bbox_dn_2: 0.0144 (0.0152)  loss_giou_dn_2: 0.1886 (0.1943)  loss_fgl_dn_2: 1.0142 (1.0223)  loss_ddf_dn_2: -0.0000 (0.0000)  loss_mal_dn_pre: 0.5819 (0.5854)  loss_bbox_dn_pre: 0.0199 (0.0208)  loss_giou_dn_pre: 0.2467 (0.2578)  time: 0.4771  data: 0.0158  max mem: 5225
Epoch: [26/30]  [30/44]  eta: 0:00:07  lr: 0.000010  loss: 13.9838 (14.0665)  loss_mal: 0.5022 (0.5066)  loss_bbox: 0.0179 (0.0178)  loss_giou: 0.2222 (0.2235)  loss_fgl: 1.0593 (1.0756)  loss_mal_aux_0: 0.6008 (0.5963)  loss_bbox_aux_0: 0.0184 (0.0191)  loss_giou_aux_0: 0.2373 (0.2396)  loss_fgl_aux_0: 1.0921 (1.1059)  loss_ddf_aux_0: 0.0318 (0.0312)  loss_mal_aux_1: 0.5131 (0.5122)  loss_bbox_aux_1: 0.0178 (0.0179)  loss_giou_aux_1: 0.2222 (0.2243)  loss_fgl_aux_1: 1.0585 (1.0769)  loss_ddf_aux_1: 0.0024 (0.0024)  loss_mal_pre: 0.6025 (0.5958)  loss_bbox_pre: 0.0183 (0.0192)  loss_giou_pre: 0.2355 (0.2408)  loss_mal_enc_0: 0.7112 (0.7164)  loss_bbox_enc_0: 0.0234 (0.0239)  loss_giou_enc_0: 0.2959 (0.2972)  loss_mal_dn_0: 0.5939 (0.5910)  loss_bbox_dn_0: 0.0210 (0.0213)  loss_giou_dn_0: 0.2698 (0.2666)  loss_fgl_dn_0: 1.1218 (1.1383)  loss_ddf_dn_0: 0.1293 (0.1329)  loss_mal_dn_1: 0.4860 (0.4889)  loss_bbox_dn_1: 0.0159 (0.0159)  loss_giou_dn_1: 0.2020 (0.2042)  loss_fgl_dn_1: 1.0193 (1.0370)  loss_ddf_dn_1: 0.0042 (0.0042)  loss_mal_dn_2: 0.4845 (0.4870)  loss_bbox_dn_2: 0.0159 (0.0158)  loss_giou_dn_2: 0.1998 (0.2029)  loss_fgl_dn_2: 1.0158 (1.0348)  loss_ddf_dn_2: -0.0000 (0.0000)  loss_mal_dn_pre: 0.5990 (0.5941)  loss_bbox_dn_pre: 0.0209 (0.0214)  loss_giou_dn_pre: 0.2682 (0.2674)  time: 0.5362  data: 0.0165  max mem: 5225
Epoch: [26/30]  [40/44]  eta: 0:00:02  lr: 0.000010  loss: 14.0261 (13.9556)  loss_mal: 0.4928 (0.5008)  loss_bbox: 0.0171 (0.0174)  loss_giou: 0.2176 (0.2179)  loss_fgl: 1.0748 (1.0694)  loss_mal_aux_0: 0.6005 (0.5939)  loss_bbox_aux_0: 0.0180 (0.0188)  loss_giou_aux_0: 0.2373 (0.2341)  loss_fgl_aux_0: 1.1052 (1.1003)  loss_ddf_aux_0: 0.0322 (0.0315)  loss_mal_aux_1: 0.4971 (0.5063)  loss_bbox_aux_1: 0.0170 (0.0175)  loss_giou_aux_1: 0.2184 (0.2184)  loss_fgl_aux_1: 1.0766 (1.0707)  loss_ddf_aux_1: 0.0024 (0.0024)  loss_mal_pre: 0.5980 (0.5932)  loss_bbox_pre: 0.0181 (0.0189)  loss_giou_pre: 0.2355 (0.2353)  loss_mal_enc_0: 0.7258 (0.7162)  loss_bbox_enc_0: 0.0235 (0.0234)  loss_giou_enc_0: 0.2959 (0.2912)  loss_mal_dn_0: 0.5909 (0.5884)  loss_bbox_dn_0: 0.0214 (0.0211)  loss_giou_dn_0: 0.2601 (0.2627)  loss_fgl_dn_0: 1.1306 (1.1345)  loss_ddf_dn_0: 0.1281 (0.1298)  loss_mal_dn_1: 0.4860 (0.4849)  loss_bbox_dn_1: 0.0158 (0.0158)  loss_giou_dn_1: 0.2020 (0.2007)  loss_fgl_dn_1: 1.0303 (1.0326)  loss_ddf_dn_1: 0.0038 (0.0040)  loss_mal_dn_2: 0.4845 (0.4823)  loss_bbox_dn_2: 0.0157 (0.0156)  loss_giou_dn_2: 0.1998 (0.1993)  loss_fgl_dn_2: 1.0277 (1.0302)  loss_ddf_dn_2: -0.0000 (0.0000)  loss_mal_dn_pre: 0.5931 (0.5915)  loss_bbox_dn_pre: 0.0216 (0.0212)  loss_giou_dn_pre: 0.2629 (0.2635)  time: 0.5642  data: 0.0157  max mem: 5225
Epoch: [26/30]  [43/44]  eta: 0:00:00  lr: 0.000010  loss: 13.7235 (13.9551)  loss_mal: 0.4864 (0.5007)  loss_bbox: 0.0163 (0.0172)  loss_giou: 0.2075 (0.2176)  loss_fgl: 1.0567 (1.0694)  loss_mal_aux_0: 0.5995 (0.5978)  loss_bbox_aux_0: 0.0177 (0.0186)  loss_giou_aux_0: 0.2212 (0.2339)  loss_fgl_aux_0: 1.0806 (1.1002)  loss_ddf_aux_0: 0.0318 (0.0317)  loss_mal_aux_1: 0.4926 (0.5067)  loss_bbox_aux_1: 0.0165 (0.0172)  loss_giou_aux_1: 0.2079 (0.2181)  loss_fgl_aux_1: 1.0567 (1.0706)  loss_ddf_aux_1: 0.0025 (0.0024)  loss_mal_pre: 0.5946 (0.5969)  loss_bbox_pre: 0.0179 (0.0186)  loss_giou_pre: 0.2245 (0.2350)  loss_mal_enc_0: 0.7147 (0.7158)  loss_bbox_enc_0: 0.0231 (0.0232)  loss_giou_enc_0: 0.2905 (0.2916)  loss_mal_dn_0: 0.5872 (0.5883)  loss_bbox_dn_0: 0.0207 (0.0209)  loss_giou_dn_0: 0.2590 (0.2627)  loss_fgl_dn_0: 1.1281 (1.1336)  loss_ddf_dn_0: 0.1198 (0.1294)  loss_mal_dn_1: 0.4770 (0.4844)  loss_bbox_dn_1: 0.0157 (0.0156)  loss_giou_dn_1: 0.1941 (0.2003)  loss_fgl_dn_1: 1.0298 (1.0314)  loss_ddf_dn_1: 0.0038 (0.0040)  loss_mal_dn_2: 0.4754 (0.4819)  loss_bbox_dn_2: 0.0155 (0.0155)  loss_giou_dn_2: 0.1934 (0.1990)  loss_fgl_dn_2: 1.0245 (1.0292)  loss_ddf_dn_2: -0.0000 (0.0000)  loss_mal_dn_pre: 0.5906 (0.5915)  loss_bbox_dn_pre: 0.0206 (0.0210)  loss_giou_dn_pre: 0.2597 (0.2634)  time: 0.5640  data: 0.0156  max mem: 5225
Epoch: [26/30] Total time: 0:00:23 (0.5339 s / it)
Averaged stats: lr: 0.000010  loss: 13.7235 (13.9551)  loss_mal: 0.4864 (0.5007)  loss_bbox: 0.0163 (0.0172)  loss_giou: 0.2075 (0.2176)  loss_fgl: 1.0567 (1.0694)  loss_mal_aux_0: 0.5995 (0.5978)  loss_bbox_aux_0: 0.0177 (0.0186)  loss_giou_aux_0: 0.2212 (0.2339)  loss_fgl_aux_0: 1.0806 (1.1002)  loss_ddf_aux_0: 0.0318 (0.0317)  loss_mal_aux_1: 0.4926 (0.5067)  loss_bbox_aux_1: 0.0165 (0.0172)  loss_giou_aux_1: 0.2079 (0.2181)  loss_fgl_aux_1: 1.0567 (1.0706)  loss_ddf_aux_1: 0.0025 (0.0024)  loss_mal_pre: 0.5946 (0.5969)  loss_bbox_pre: 0.0179 (0.0186)  loss_giou_pre: 0.2245 (0.2350)  loss_mal_enc_0: 0.7147 (0.7158)  loss_bbox_enc_0: 0.0231 (0.0232)  loss_giou_enc_0: 0.2905 (0.2916)  loss_mal_dn_0: 0.5872 (0.5883)  loss_bbox_dn_0: 0.0207 (0.0209)  loss_giou_dn_0: 0.2590 (0.2627)  loss_fgl_dn_0: 1.1281 (1.1336)  loss_ddf_dn_0: 0.1198 (0.1294)  loss_mal_dn_1: 0.4770 (0.4844)  loss_bbox_dn_1: 0.0157 (0.0156)  loss_giou_dn_1: 0.1941 (0.2003)  loss_fgl_dn_1: 1.0298 (1.0314)  loss_ddf_dn_1: 0.0038 (0.0040)  loss_mal_dn_2: 0.4754 (0.4819)  loss_bbox_dn_2: 0.0155 (0.0155)  loss_giou_dn_2: 0.1934 (0.1990)  loss_fgl_dn_2: 1.0245 (1.0292)  loss_ddf_dn_2: -0.0000 (0.0000)  loss_mal_dn_pre: 0.5906 (0.5915)  loss_bbox_dn_pre: 0.0206 (0.0210)  loss_giou_dn_pre: 0.2597 (0.2634)
Test:  [0/9]  eta: 0:00:03    time: 0.3936  data: 0.2687  max mem: 5225
Test:  [8/9]  eta: 0:00:00    time: 0.1512  data: 0.0439  max mem: 5225
Test: Total time: 0:00:01 (0.1553 s / it)
Metrics: {'f1': 0.9220338983050849, 'precision': 0.9006622516556292, 'recall': 0.9444444444444444, 'iou': 0.5997380618029421, 'TPs': 136, 'FPs': 15, 'FNs': 8}
Averaged stats: 
Accumulating evaluation results...
COCOeval_opt.accumulate() finished...
DONE (t=0.01s).
IoU metric: bbox
 Average Precision  (AP) @[ IoU=0.50:0.95 | area=   all | maxDets=100 ] = 0.348
 Average Precision  (AP) @[ IoU=0.50      | area=   all | maxDets=100 ] = 0.942
 Average Precision  (AP) @[ IoU=0.75      | area=   all | maxDets=100 ] = 0.121
 Average Precision  (AP) @[ IoU=0.50:0.95 | area= small | maxDets=100 ] = 0.349
 Average Precision  (AP) @[ IoU=0.50:0.95 | area=medium | maxDets=100 ] = -1.000
 Average Precision  (AP) @[ IoU=0.50:0.95 | area= large | maxDets=100 ] = -1.000
 Average Recall     (AR) @[ IoU=0.50:0.95 | area=   all | maxDets=  1 ] = 0.189
 Average Recall     (AR) @[ IoU=0.50:0.95 | area=   all | maxDets= 10 ] = 0.498
 Average Recall     (AR) @[ IoU=0.50:0.95 | area=   all | maxDets=100 ] = 0.622
 Average Recall     (AR) @[ IoU=0.50:0.95 | area= small | maxDets=100 ] = 0.622
 Average Recall     (AR) @[ IoU=0.50:0.95 | area=medium | maxDets=100 ] = -1.000
 Average Recall     (AR) @[ IoU=0.50:0.95 | area= large | maxDets=100 ] = -1.000
 Average Recall     (AR) @[ IoU=0.50      | area=   all | maxDets=100 ] = 0.993
 Average Recall     (AR) @[ IoU=0.75      | area=   all | maxDets=100 ] = 0.653
best_stat: {'epoch': 10, 'coco_eval_bbox': 0.36496804663448856}
Epoch: [27/30]  [ 0/44]  eta: 0:00:34  lr: 0.000010  loss: 14.1231 (14.1231)  loss_mal: 0.5338 (0.5338)  loss_bbox: 0.0156 (0.0156)  loss_giou: 0.2086 (0.2086)  loss_fgl: 1.0506 (1.0506)  loss_mal_aux_0: 0.6508 (0.6508)  loss_bbox_aux_0: 0.0183 (0.0183)  loss_giou_aux_0: 0.2373 (0.2373)  loss_fgl_aux_0: 1.1007 (1.1007)  loss_ddf_aux_0: 0.0332 (0.0332)  loss_mal_aux_1: 0.5693 (0.5693)  loss_bbox_aux_1: 0.0155 (0.0155)  loss_giou_aux_1: 0.2091 (0.2091)  loss_fgl_aux_1: 1.0510 (1.0510)  loss_ddf_aux_1: 0.0023 (0.0023)  loss_mal_pre: 0.6438 (0.6438)  loss_bbox_pre: 0.0183 (0.0183)  loss_giou_pre: 0.2361 (0.2361)  loss_mal_enc_0: 0.7304 (0.7304)  loss_bbox_enc_0: 0.0250 (0.0250)  loss_giou_enc_0: 0.3121 (0.3121)  loss_mal_dn_0: 0.5966 (0.5966)  loss_bbox_dn_0: 0.0208 (0.0208)  loss_giou_dn_0: 0.2687 (0.2687)  loss_fgl_dn_0: 1.1403 (1.1403)  loss_ddf_dn_0: 0.1314 (0.1314)  loss_mal_dn_1: 0.4813 (0.4813)  loss_bbox_dn_1: 0.0146 (0.0146)  loss_giou_dn_1: 0.1959 (0.1959)  loss_fgl_dn_1: 1.0192 (1.0192)  loss_ddf_dn_1: 0.0036 (0.0036)  loss_mal_dn_2: 0.4769 (0.4769)  loss_bbox_dn_2: 0.0144 (0.0144)  loss_giou_dn_2: 0.1937 (0.1937)  loss_fgl_dn_2: 1.0150 (1.0150)  loss_ddf_dn_2: -0.0000 (0.0000)  loss_mal_dn_pre: 0.5992 (0.5992)  loss_bbox_dn_pre: 0.0209 (0.0209)  loss_giou_dn_pre: 0.2689 (0.2689)  time: 0.7888  data: 0.2597  max mem: 5225
Epoch: [27/30]  [10/44]  eta: 0:00:19  lr: 0.000010  loss: 13.5647 (13.5627)  loss_mal: 0.4785 (0.4783)  loss_bbox: 0.0156 (0.0161)  loss_giou: 0.1970 (0.2023)  loss_fgl: 1.0282 (1.0279)  loss_mal_aux_0: 0.6064 (0.6006)  loss_bbox_aux_0: 0.0180 (0.0181)  loss_giou_aux_0: 0.2281 (0.2275)  loss_fgl_aux_0: 1.0850 (1.0754)  loss_ddf_aux_0: 0.0332 (0.0328)  loss_mal_aux_1: 0.4815 (0.4911)  loss_bbox_aux_1: 0.0156 (0.0162)  loss_giou_aux_1: 0.1981 (0.2031)  loss_fgl_aux_1: 1.0296 (1.0296)  loss_ddf_aux_1: 0.0023 (0.0024)  loss_mal_pre: 0.6075 (0.5990)  loss_bbox_pre: 0.0181 (0.0182)  loss_giou_pre: 0.2268 (0.2283)  loss_mal_enc_0: 0.6952 (0.6989)  loss_bbox_enc_0: 0.0224 (0.0227)  loss_giou_enc_0: 0.2781 (0.2832)  loss_mal_dn_0: 0.5803 (0.5788)  loss_bbox_dn_0: 0.0201 (0.0200)  loss_giou_dn_0: 0.2491 (0.2527)  loss_fgl_dn_0: 1.1234 (1.1158)  loss_ddf_dn_0: 0.1280 (0.1305)  loss_mal_dn_1: 0.4726 (0.4650)  loss_bbox_dn_1: 0.0147 (0.0147)  loss_giou_dn_1: 0.1900 (0.1880)  loss_fgl_dn_1: 1.0137 (1.0023)  loss_ddf_dn_1: 0.0040 (0.0040)  loss_mal_dn_2: 0.4693 (0.4625)  loss_bbox_dn_2: 0.0146 (0.0145)  loss_giou_dn_2: 0.1866 (0.1862)  loss_fgl_dn_2: 1.0123 (0.9992)  loss_ddf_dn_2: -0.0000 (0.0000)  loss_mal_dn_pre: 0.5832 (0.5828)  loss_bbox_dn_pre: 0.0202 (0.0201)  loss_giou_dn_pre: 0.2485 (0.2539)  time: 0.5825  data: 0.0393  max mem: 5225
Epoch: [27/30]  [20/44]  eta: 0:00:12  lr: 0.000010  loss: 13.7527 (13.9411)  loss_mal: 0.4814 (0.4941)  loss_bbox: 0.0162 (0.0175)  loss_giou: 0.1993 (0.2151)  loss_fgl: 1.0588 (1.0622)  loss_mal_aux_0: 0.5971 (0.6068)  loss_bbox_aux_0: 0.0180 (0.0192)  loss_giou_aux_0: 0.2278 (0.2378)  loss_fgl_aux_0: 1.0943 (1.0999)  loss_ddf_aux_0: 0.0327 (0.0328)  loss_mal_aux_1: 0.4894 (0.5047)  loss_bbox_aux_1: 0.0163 (0.0175)  loss_giou_aux_1: 0.2019 (0.2156)  loss_fgl_aux_1: 1.0623 (1.0640)  loss_ddf_aux_1: 0.0024 (0.0024)  loss_mal_pre: 0.5921 (0.6049)  loss_bbox_pre: 0.0181 (0.0193)  loss_giou_pre: 0.2268 (0.2384)  loss_mal_enc_0: 0.7138 (0.7090)  loss_bbox_enc_0: 0.0241 (0.0240)  loss_giou_enc_0: 0.2924 (0.2935)  loss_mal_dn_0: 0.5804 (0.5887)  loss_bbox_dn_0: 0.0205 (0.0211)  loss_giou_dn_0: 0.2534 (0.2620)  loss_fgl_dn_0: 1.1303 (1.1374)  loss_ddf_dn_0: 0.1322 (0.1340)  loss_mal_dn_1: 0.4796 (0.4811)  loss_bbox_dn_1: 0.0157 (0.0158)  loss_giou_dn_1: 0.1940 (0.1982)  loss_fgl_dn_1: 1.0233 (1.0283)  loss_ddf_dn_1: 0.0039 (0.0039)  loss_mal_dn_2: 0.4739 (0.4787)  loss_bbox_dn_2: 0.0155 (0.0156)  loss_giou_dn_2: 0.1925 (0.1966)  loss_fgl_dn_2: 1.0188 (1.0252)  loss_ddf_dn_2: -0.0000 (0.0000)  loss_mal_dn_pre: 0.5839 (0.5919)  loss_bbox_dn_pre: 0.0206 (0.0212)  loss_giou_dn_pre: 0.2545 (0.2627)  time: 0.5039  data: 0.0169  max mem: 5225
Epoch: [27/30]  [30/44]  eta: 0:00:07  lr: 0.000010  loss: 13.7527 (13.8149)  loss_mal: 0.4861 (0.4882)  loss_bbox: 0.0161 (0.0169)  loss_giou: 0.2060 (0.2108)  loss_fgl: 1.0625 (1.0546)  loss_mal_aux_0: 0.5916 (0.6003)  loss_bbox_aux_0: 0.0171 (0.0184)  loss_giou_aux_0: 0.2230 (0.2313)  loss_fgl_aux_0: 1.1004 (1.0907)  loss_ddf_aux_0: 0.0338 (0.0339)  loss_mal_aux_1: 0.4922 (0.4986)  loss_bbox_aux_1: 0.0159 (0.0169)  loss_giou_aux_1: 0.2040 (0.2110)  loss_fgl_aux_1: 1.0654 (1.0555)  loss_ddf_aux_1: 0.0025 (0.0024)  loss_mal_pre: 0.5897 (0.5992)  loss_bbox_pre: 0.0170 (0.0185)  loss_giou_pre: 0.2234 (0.2320)  loss_mal_enc_0: 0.7220 (0.7126)  loss_bbox_enc_0: 0.0241 (0.0234)  loss_giou_enc_0: 0.2977 (0.2892)  loss_mal_dn_0: 0.5842 (0.5849)  loss_bbox_dn_0: 0.0198 (0.0207)  loss_giou_dn_0: 0.2546 (0.2584)  loss_fgl_dn_0: 1.1404 (1.1312)  loss_ddf_dn_0: 0.1384 (0.1346)  loss_mal_dn_1: 0.4796 (0.4771)  loss_bbox_dn_1: 0.0150 (0.0153)  loss_giou_dn_1: 0.1936 (0.1948)  loss_fgl_dn_1: 1.0336 (1.0206)  loss_ddf_dn_1: 0.0039 (0.0039)  loss_mal_dn_2: 0.4739 (0.4743)  loss_bbox_dn_2: 0.0149 (0.0152)  loss_giou_dn_2: 0.1924 (0.1934)  loss_fgl_dn_2: 1.0320 (1.0178)  loss_ddf_dn_2: -0.0000 (0.0000)  loss_mal_dn_pre: 0.5867 (0.5883)  loss_bbox_dn_pre: 0.0200 (0.0207)  loss_giou_dn_pre: 0.2545 (0.2590)  time: 0.5160  data: 0.0163  max mem: 5225
Epoch: [27/30]  [40/44]  eta: 0:00:02  lr: 0.000010  loss: 13.6212 (13.8843)  loss_mal: 0.4838 (0.4927)  loss_bbox: 0.0152 (0.0171)  loss_giou: 0.2019 (0.2142)  loss_fgl: 1.0342 (1.0598)  loss_mal_aux_0: 0.5711 (0.5938)  loss_bbox_aux_0: 0.0166 (0.0186)  loss_giou_aux_0: 0.2175 (0.2342)  loss_fgl_aux_0: 1.0723 (1.0956)  loss_ddf_aux_0: 0.0364 (0.0344)  loss_mal_aux_1: 0.4832 (0.5002)  loss_bbox_aux_1: 0.0154 (0.0171)  loss_giou_aux_1: 0.2036 (0.2144)  loss_fgl_aux_1: 1.0343 (1.0606)  loss_ddf_aux_1: 0.0024 (0.0024)  loss_mal_pre: 0.5706 (0.5931)  loss_bbox_pre: 0.0167 (0.0187)  loss_giou_pre: 0.2213 (0.2351)  loss_mal_enc_0: 0.7220 (0.7160)  loss_bbox_enc_0: 0.0227 (0.0238)  loss_giou_enc_0: 0.2931 (0.2949)  loss_mal_dn_0: 0.5776 (0.5875)  loss_bbox_dn_0: 0.0190 (0.0207)  loss_giou_dn_0: 0.2512 (0.2612)  loss_fgl_dn_0: 1.1227 (1.1355)  loss_ddf_dn_0: 0.1430 (0.1376)  loss_mal_dn_1: 0.4657 (0.4802)  loss_bbox_dn_1: 0.0143 (0.0154)  loss_giou_dn_1: 0.1856 (0.1971)  loss_fgl_dn_1: 1.0044 (1.0243)  loss_ddf_dn_1: 0.0045 (0.0041)  loss_mal_dn_2: 0.4656 (0.4779)  loss_bbox_dn_2: 0.0142 (0.0153)  loss_giou_dn_2: 0.1846 (0.1958)  loss_fgl_dn_2: 1.0026 (1.0217)  loss_ddf_dn_2: -0.0000 (0.0000)  loss_mal_dn_pre: 0.5815 (0.5908)  loss_bbox_dn_pre: 0.0191 (0.0208)  loss_giou_dn_pre: 0.2523 (0.2618)  time: 0.5761  data: 0.0171  max mem: 5225
Epoch: [27/30]  [43/44]  eta: 0:00:00  lr: 0.000010  loss: 13.6212 (13.8416)  loss_mal: 0.4861 (0.4915)  loss_bbox: 0.0152 (0.0169)  loss_giou: 0.2019 (0.2130)  loss_fgl: 1.0364 (1.0575)  loss_mal_aux_0: 0.5505 (0.5884)  loss_bbox_aux_0: 0.0164 (0.0183)  loss_giou_aux_0: 0.2175 (0.2322)  loss_fgl_aux_0: 1.0679 (1.0930)  loss_ddf_aux_0: 0.0361 (0.0344)  loss_mal_aux_1: 0.4877 (0.4986)  loss_bbox_aux_1: 0.0154 (0.0169)  loss_giou_aux_1: 0.2036 (0.2132)  loss_fgl_aux_1: 1.0348 (1.0585)  loss_ddf_aux_1: 0.0024 (0.0024)  loss_mal_pre: 0.5532 (0.5879)  loss_bbox_pre: 0.0164 (0.0184)  loss_giou_pre: 0.2213 (0.2330)  loss_mal_enc_0: 0.7220 (0.7152)  loss_bbox_enc_0: 0.0227 (0.0235)  loss_giou_enc_0: 0.2931 (0.2929)  loss_mal_dn_0: 0.5776 (0.5870)  loss_bbox_dn_0: 0.0190 (0.0205)  loss_giou_dn_0: 0.2494 (0.2600)  loss_fgl_dn_0: 1.1204 (1.1338)  loss_ddf_dn_0: 0.1436 (0.1376)  loss_mal_dn_1: 0.4685 (0.4794)  loss_bbox_dn_1: 0.0143 (0.0153)  loss_giou_dn_1: 0.1883 (0.1965)  loss_fgl_dn_1: 1.0044 (1.0227)  loss_ddf_dn_1: 0.0045 (0.0041)  loss_mal_dn_2: 0.4675 (0.4770)  loss_bbox_dn_2: 0.0141 (0.0151)  loss_giou_dn_2: 0.1877 (0.1951)  loss_fgl_dn_2: 1.0026 (1.0200)  loss_ddf_dn_2: -0.0000 (0.0000)  loss_mal_dn_pre: 0.5815 (0.5903)  loss_bbox_dn_pre: 0.0190 (0.0206)  loss_giou_dn_pre: 0.2523 (0.2606)  time: 0.5746  data: 0.0169  max mem: 5225
Epoch: [27/30] Total time: 0:00:24 (0.5488 s / it)
Averaged stats: lr: 0.000010  loss: 13.6212 (13.8416)  loss_mal: 0.4861 (0.4915)  loss_bbox: 0.0152 (0.0169)  loss_giou: 0.2019 (0.2130)  loss_fgl: 1.0364 (1.0575)  loss_mal_aux_0: 0.5505 (0.5884)  loss_bbox_aux_0: 0.0164 (0.0183)  loss_giou_aux_0: 0.2175 (0.2322)  loss_fgl_aux_0: 1.0679 (1.0930)  loss_ddf_aux_0: 0.0361 (0.0344)  loss_mal_aux_1: 0.4877 (0.4986)  loss_bbox_aux_1: 0.0154 (0.0169)  loss_giou_aux_1: 0.2036 (0.2132)  loss_fgl_aux_1: 1.0348 (1.0585)  loss_ddf_aux_1: 0.0024 (0.0024)  loss_mal_pre: 0.5532 (0.5879)  loss_bbox_pre: 0.0164 (0.0184)  loss_giou_pre: 0.2213 (0.2330)  loss_mal_enc_0: 0.7220 (0.7152)  loss_bbox_enc_0: 0.0227 (0.0235)  loss_giou_enc_0: 0.2931 (0.2929)  loss_mal_dn_0: 0.5776 (0.5870)  loss_bbox_dn_0: 0.0190 (0.0205)  loss_giou_dn_0: 0.2494 (0.2600)  loss_fgl_dn_0: 1.1204 (1.1338)  loss_ddf_dn_0: 0.1436 (0.1376)  loss_mal_dn_1: 0.4685 (0.4794)  loss_bbox_dn_1: 0.0143 (0.0153)  loss_giou_dn_1: 0.1883 (0.1965)  loss_fgl_dn_1: 1.0044 (1.0227)  loss_ddf_dn_1: 0.0045 (0.0041)  loss_mal_dn_2: 0.4675 (0.4770)  loss_bbox_dn_2: 0.0141 (0.0151)  loss_giou_dn_2: 0.1877 (0.1951)  loss_fgl_dn_2: 1.0026 (1.0200)  loss_ddf_dn_2: -0.0000 (0.0000)  loss_mal_dn_pre: 0.5815 (0.5903)  loss_bbox_dn_pre: 0.0190 (0.0206)  loss_giou_dn_pre: 0.2523 (0.2606)
Test:  [0/9]  eta: 0:00:03    time: 0.3589  data: 0.2528  max mem: 5225
Test:  [8/9]  eta: 0:00:00    time: 0.1920  data: 0.0451  max mem: 5225
Test: Total time: 0:00:01 (0.1971 s / it)
Metrics: {'f1': 0.9364548494983277, 'precision': 0.9032258064516129, 'recall': 0.9722222222222222, 'iou': 0.6163035125102637, 'TPs': 140, 'FPs': 15, 'FNs': 4}
Averaged stats: 
Accumulating evaluation results...
COCOeval_opt.accumulate() finished...
DONE (t=0.01s).
IoU metric: bbox
 Average Precision  (AP) @[ IoU=0.50:0.95 | area=   all | maxDets=100 ] = 0.350
 Average Precision  (AP) @[ IoU=0.50      | area=   all | maxDets=100 ] = 0.942
 Average Precision  (AP) @[ IoU=0.75      | area=   all | maxDets=100 ] = 0.117
 Average Precision  (AP) @[ IoU=0.50:0.95 | area= small | maxDets=100 ] = 0.350
 Average Precision  (AP) @[ IoU=0.50:0.95 | area=medium | maxDets=100 ] = -1.000
 Average Precision  (AP) @[ IoU=0.50:0.95 | area= large | maxDets=100 ] = -1.000
 Average Recall     (AR) @[ IoU=0.50:0.95 | area=   all | maxDets=  1 ] = 0.190
 Average Recall     (AR) @[ IoU=0.50:0.95 | area=   all | maxDets= 10 ] = 0.492
 Average Recall     (AR) @[ IoU=0.50:0.95 | area=   all | maxDets=100 ] = 0.620
 Average Recall     (AR) @[ IoU=0.50:0.95 | area= small | maxDets=100 ] = 0.620
 Average Recall     (AR) @[ IoU=0.50:0.95 | area=medium | maxDets=100 ] = -1.000
 Average Recall     (AR) @[ IoU=0.50:0.95 | area= large | maxDets=100 ] = -1.000
 Average Recall     (AR) @[ IoU=0.50      | area=   all | maxDets=100 ] = 0.993
 Average Recall     (AR) @[ IoU=0.75      | area=   all | maxDets=100 ] = 0.667
best_stat: {'epoch': 10, 'coco_eval_bbox': 0.36496804663448856}
Epoch: [28/30]  [ 0/44]  eta: 0:00:38  lr: 0.000010  loss: 14.0341 (14.0341)  loss_mal: 0.4944 (0.4944)  loss_bbox: 0.0170 (0.0170)  loss_giou: 0.2134 (0.2134)  loss_fgl: 1.0300 (1.0300)  loss_mal_aux_0: 0.6771 (0.6771)  loss_bbox_aux_0: 0.0193 (0.0193)  loss_giou_aux_0: 0.2385 (0.2385)  loss_fgl_aux_0: 1.0823 (1.0823)  loss_ddf_aux_0: 0.0420 (0.0420)  loss_mal_aux_1: 0.5079 (0.5079)  loss_bbox_aux_1: 0.0171 (0.0171)  loss_giou_aux_1: 0.2148 (0.2148)  loss_fgl_aux_1: 1.0357 (1.0357)  loss_ddf_aux_1: 0.0025 (0.0025)  loss_mal_pre: 0.6772 (0.6772)  loss_bbox_pre: 0.0196 (0.0196)  loss_giou_pre: 0.2428 (0.2428)  loss_mal_enc_0: 0.7368 (0.7368)  loss_bbox_enc_0: 0.0277 (0.0277)  loss_giou_enc_0: 0.3313 (0.3313)  loss_mal_dn_0: 0.5913 (0.5913)  loss_bbox_dn_0: 0.0209 (0.0209)  loss_giou_dn_0: 0.2686 (0.2686)  loss_fgl_dn_0: 1.1200 (1.1200)  loss_ddf_dn_0: 0.1598 (0.1598)  loss_mal_dn_1: 0.4824 (0.4824)  loss_bbox_dn_1: 0.0148 (0.0148)  loss_giou_dn_1: 0.1944 (0.1944)  loss_fgl_dn_1: 0.9900 (0.9900)  loss_ddf_dn_1: 0.0042 (0.0042)  loss_mal_dn_2: 0.4786 (0.4786)  loss_bbox_dn_2: 0.0147 (0.0147)  loss_giou_dn_2: 0.1933 (0.1933)  loss_fgl_dn_2: 0.9871 (0.9871)  loss_ddf_dn_2: -0.0000 (0.0000)  loss_mal_dn_pre: 0.5955 (0.5955)  loss_bbox_dn_pre: 0.0209 (0.0209)  loss_giou_dn_pre: 0.2700 (0.2700)  time: 0.8654  data: 0.2767  max mem: 5225
Epoch: [28/30]  [10/44]  eta: 0:00:20  lr: 0.000010  loss: 13.8975 (13.7508)  loss_mal: 0.4800 (0.4858)  loss_bbox: 0.0163 (0.0160)  loss_giou: 0.2034 (0.2086)  loss_fgl: 1.0519 (1.0515)  loss_mal_aux_0: 0.5916 (0.5864)  loss_bbox_aux_0: 0.0174 (0.0173)  loss_giou_aux_0: 0.2286 (0.2258)  loss_fgl_aux_0: 1.0932 (1.0868)  loss_ddf_aux_0: 0.0352 (0.0364)  loss_mal_aux_1: 0.4885 (0.4922)  loss_bbox_aux_1: 0.0160 (0.0160)  loss_giou_aux_1: 0.2067 (0.2086)  loss_fgl_aux_1: 1.0525 (1.0533)  loss_ddf_aux_1: 0.0025 (0.0025)  loss_mal_pre: 0.5877 (0.5867)  loss_bbox_pre: 0.0174 (0.0174)  loss_giou_pre: 0.2295 (0.2266)  loss_mal_enc_0: 0.7156 (0.7139)  loss_bbox_enc_0: 0.0220 (0.0228)  loss_giou_enc_0: 0.2871 (0.2904)  loss_mal_dn_0: 0.5902 (0.5883)  loss_bbox_dn_0: 0.0201 (0.0198)  loss_giou_dn_0: 0.2611 (0.2580)  loss_fgl_dn_0: 1.1312 (1.1323)  loss_ddf_dn_0: 0.1415 (0.1371)  loss_mal_dn_1: 0.4725 (0.4776)  loss_bbox_dn_1: 0.0146 (0.0146)  loss_giou_dn_1: 0.1916 (0.1941)  loss_fgl_dn_1: 1.0137 (1.0154)  loss_ddf_dn_1: 0.0042 (0.0039)  loss_mal_dn_2: 0.4683 (0.4743)  loss_bbox_dn_2: 0.0145 (0.0145)  loss_giou_dn_2: 0.1903 (0.1928)  loss_fgl_dn_2: 1.0067 (1.0125)  loss_ddf_dn_2: -0.0000 (0.0000)  loss_mal_dn_pre: 0.5917 (0.5919)  loss_bbox_dn_pre: 0.0201 (0.0198)  loss_giou_dn_pre: 0.2646 (0.2588)  time: 0.6157  data: 0.0403  max mem: 5225
Epoch: [28/30]  [20/44]  eta: 0:00:13  lr: 0.000010  loss: 13.7739 (13.7729)  loss_mal: 0.4800 (0.4875)  loss_bbox: 0.0164 (0.0166)  loss_giou: 0.2005 (0.2130)  loss_fgl: 1.0518 (1.0506)  loss_mal_aux_0: 0.5867 (0.5860)  loss_bbox_aux_0: 0.0174 (0.0177)  loss_giou_aux_0: 0.2196 (0.2284)  loss_fgl_aux_0: 1.0903 (1.0818)  loss_ddf_aux_0: 0.0352 (0.0365)  loss_mal_aux_1: 0.4873 (0.4957)  loss_bbox_aux_1: 0.0161 (0.0166)  loss_giou_aux_1: 0.2007 (0.2128)  loss_fgl_aux_1: 1.0511 (1.0515)  loss_ddf_aux_1: 0.0025 (0.0026)  loss_mal_pre: 0.5865 (0.5859)  loss_bbox_pre: 0.0174 (0.0178)  loss_giou_pre: 0.2207 (0.2293)  loss_mal_enc_0: 0.7121 (0.7119)  loss_bbox_enc_0: 0.0220 (0.0232)  loss_giou_enc_0: 0.2871 (0.2909)  loss_mal_dn_0: 0.5796 (0.5858)  loss_bbox_dn_0: 0.0201 (0.0202)  loss_giou_dn_0: 0.2538 (0.2591)  loss_fgl_dn_0: 1.1284 (1.1302)  loss_ddf_dn_0: 0.1451 (0.1453)  loss_mal_dn_1: 0.4725 (0.4788)  loss_bbox_dn_1: 0.0149 (0.0149)  loss_giou_dn_1: 0.1905 (0.1953)  loss_fgl_dn_1: 1.0137 (1.0157)  loss_ddf_dn_1: 0.0043 (0.0044)  loss_mal_dn_2: 0.4683 (0.4755)  loss_bbox_dn_2: 0.0148 (0.0148)  loss_giou_dn_2: 0.1903 (0.1940)  loss_fgl_dn_2: 1.0067 (1.0130)  loss_ddf_dn_2: -0.0000 (0.0000)  loss_mal_dn_pre: 0.5840 (0.5893)  loss_bbox_dn_pre: 0.0201 (0.0203)  loss_giou_dn_pre: 0.2542 (0.2600)  time: 0.5359  data: 0.0163  max mem: 5225
Epoch: [28/30]  [30/44]  eta: 0:00:07  lr: 0.000010  loss: 13.7908 (13.7101)  loss_mal: 0.4882 (0.4884)  loss_bbox: 0.0168 (0.0167)  loss_giou: 0.2005 (0.2090)  loss_fgl: 1.0518 (1.0466)  loss_mal_aux_0: 0.5725 (0.5828)  loss_bbox_aux_0: 0.0175 (0.0178)  loss_giou_aux_0: 0.2092 (0.2230)  loss_fgl_aux_0: 1.0771 (1.0782)  loss_ddf_aux_0: 0.0365 (0.0367)  loss_mal_aux_1: 0.4872 (0.4945)  loss_bbox_aux_1: 0.0167 (0.0167)  loss_giou_aux_1: 0.2007 (0.2090)  loss_fgl_aux_1: 1.0511 (1.0479)  loss_ddf_aux_1: 0.0026 (0.0026)  loss_mal_pre: 0.5736 (0.5827)  loss_bbox_pre: 0.0176 (0.0179)  loss_giou_pre: 0.2116 (0.2243)  loss_mal_enc_0: 0.7060 (0.7106)  loss_bbox_enc_0: 0.0233 (0.0232)  loss_giou_enc_0: 0.2831 (0.2856)  loss_mal_dn_0: 0.5782 (0.5835)  loss_bbox_dn_0: 0.0210 (0.0205)  loss_giou_dn_0: 0.2538 (0.2569)  loss_fgl_dn_0: 1.1273 (1.1286)  loss_ddf_dn_0: 0.1469 (0.1454)  loss_mal_dn_1: 0.4758 (0.4767)  loss_bbox_dn_1: 0.0155 (0.0151)  loss_giou_dn_1: 0.1915 (0.1936)  loss_fgl_dn_1: 1.0198 (1.0138)  loss_ddf_dn_1: 0.0048 (0.0044)  loss_mal_dn_2: 0.4701 (0.4739)  loss_bbox_dn_2: 0.0154 (0.0150)  loss_giou_dn_2: 0.1903 (0.1923)  loss_fgl_dn_2: 1.0187 (1.0108)  loss_ddf_dn_2: -0.0000 (0.0000)  loss_mal_dn_pre: 0.5816 (0.5871)  loss_bbox_dn_pre: 0.0212 (0.0205)  loss_giou_dn_pre: 0.2551 (0.2578)  time: 0.5119  data: 0.0159  max mem: 5225
Epoch: [28/30]  [40/44]  eta: 0:00:02  lr: 0.000010  loss: 13.4092 (13.7488)  loss_mal: 0.4825 (0.4889)  loss_bbox: 0.0157 (0.0166)  loss_giou: 0.1946 (0.2095)  loss_fgl: 1.0384 (1.0523)  loss_mal_aux_0: 0.5649 (0.5831)  loss_bbox_aux_0: 0.0172 (0.0177)  loss_giou_aux_0: 0.2085 (0.2242)  loss_fgl_aux_0: 1.0705 (1.0826)  loss_ddf_aux_0: 0.0363 (0.0365)  loss_mal_aux_1: 0.4864 (0.4952)  loss_bbox_aux_1: 0.0158 (0.0166)  loss_giou_aux_1: 0.1956 (0.2096)  loss_fgl_aux_1: 1.0419 (1.0531)  loss_ddf_aux_1: 0.0026 (0.0026)  loss_mal_pre: 0.5659 (0.5825)  loss_bbox_pre: 0.0174 (0.0177)  loss_giou_pre: 0.2113 (0.2253)  loss_mal_enc_0: 0.7060 (0.7125)  loss_bbox_enc_0: 0.0232 (0.0228)  loss_giou_enc_0: 0.2781 (0.2859)  loss_mal_dn_0: 0.5759 (0.5840)  loss_bbox_dn_0: 0.0198 (0.0202)  loss_giou_dn_0: 0.2443 (0.2568)  loss_fgl_dn_0: 1.1204 (1.1309)  loss_ddf_dn_0: 0.1371 (0.1429)  loss_mal_dn_1: 0.4675 (0.4787)  loss_bbox_dn_1: 0.0149 (0.0151)  loss_giou_dn_1: 0.1891 (0.1949)  loss_fgl_dn_1: 1.0067 (1.0194)  loss_ddf_dn_1: 0.0042 (0.0043)  loss_mal_dn_2: 0.4667 (0.4759)  loss_bbox_dn_2: 0.0147 (0.0150)  loss_giou_dn_2: 0.1883 (0.1937)  loss_fgl_dn_2: 1.0048 (1.0168)  loss_ddf_dn_2: -0.0000 (0.0000)  loss_mal_dn_pre: 0.5781 (0.5874)  loss_bbox_dn_pre: 0.0198 (0.0203)  loss_giou_dn_pre: 0.2438 (0.2574)  time: 0.5669  data: 0.0157  max mem: 5225
Epoch: [28/30]  [43/44]  eta: 0:00:00  lr: 0.000010  loss: 13.3442 (13.6809)  loss_mal: 0.4808 (0.4852)  loss_bbox: 0.0152 (0.0164)  loss_giou: 0.1884 (0.2070)  loss_fgl: 1.0224 (1.0468)  loss_mal_aux_0: 0.5601 (0.5794)  loss_bbox_aux_0: 0.0163 (0.0175)  loss_giou_aux_0: 0.1993 (0.2226)  loss_fgl_aux_0: 1.0647 (1.0790)  loss_ddf_aux_0: 0.0361 (0.0367)  loss_mal_aux_1: 0.4822 (0.4913)  loss_bbox_aux_1: 0.0153 (0.0164)  loss_giou_aux_1: 0.1901 (0.2074)  loss_fgl_aux_1: 1.0247 (1.0478)  loss_ddf_aux_1: 0.0026 (0.0026)  loss_mal_pre: 0.5573 (0.5789)  loss_bbox_pre: 0.0164 (0.0176)  loss_giou_pre: 0.2034 (0.2237)  loss_mal_enc_0: 0.7056 (0.7117)  loss_bbox_enc_0: 0.0211 (0.0227)  loss_giou_enc_0: 0.2694 (0.2843)  loss_mal_dn_0: 0.5678 (0.5824)  loss_bbox_dn_0: 0.0192 (0.0201)  loss_giou_dn_0: 0.2377 (0.2551)  loss_fgl_dn_0: 1.1145 (1.1277)  loss_ddf_dn_0: 0.1371 (0.1438)  loss_mal_dn_1: 0.4650 (0.4760)  loss_bbox_dn_1: 0.0143 (0.0149)  loss_giou_dn_1: 0.1869 (0.1929)  loss_fgl_dn_1: 0.9982 (1.0151)  loss_ddf_dn_1: 0.0041 (0.0043)  loss_mal_dn_2: 0.4621 (0.4731)  loss_bbox_dn_2: 0.0142 (0.0148)  loss_giou_dn_2: 0.1852 (0.1916)  loss_fgl_dn_2: 0.9963 (1.0124)  loss_ddf_dn_2: -0.0000 (0.0000)  loss_mal_dn_pre: 0.5716 (0.5858)  loss_bbox_dn_pre: 0.0190 (0.0201)  loss_giou_dn_pre: 0.2379 (0.2557)  time: 0.5696  data: 0.0155  max mem: 5225
Epoch: [28/30] Total time: 0:00:24 (0.5574 s / it)
Averaged stats: lr: 0.000010  loss: 13.3442 (13.6809)  loss_mal: 0.4808 (0.4852)  loss_bbox: 0.0152 (0.0164)  loss_giou: 0.1884 (0.2070)  loss_fgl: 1.0224 (1.0468)  loss_mal_aux_0: 0.5601 (0.5794)  loss_bbox_aux_0: 0.0163 (0.0175)  loss_giou_aux_0: 0.1993 (0.2226)  loss_fgl_aux_0: 1.0647 (1.0790)  loss_ddf_aux_0: 0.0361 (0.0367)  loss_mal_aux_1: 0.4822 (0.4913)  loss_bbox_aux_1: 0.0153 (0.0164)  loss_giou_aux_1: 0.1901 (0.2074)  loss_fgl_aux_1: 1.0247 (1.0478)  loss_ddf_aux_1: 0.0026 (0.0026)  loss_mal_pre: 0.5573 (0.5789)  loss_bbox_pre: 0.0164 (0.0176)  loss_giou_pre: 0.2034 (0.2237)  loss_mal_enc_0: 0.7056 (0.7117)  loss_bbox_enc_0: 0.0211 (0.0227)  loss_giou_enc_0: 0.2694 (0.2843)  loss_mal_dn_0: 0.5678 (0.5824)  loss_bbox_dn_0: 0.0192 (0.0201)  loss_giou_dn_0: 0.2377 (0.2551)  loss_fgl_dn_0: 1.1145 (1.1277)  loss_ddf_dn_0: 0.1371 (0.1438)  loss_mal_dn_1: 0.4650 (0.4760)  loss_bbox_dn_1: 0.0143 (0.0149)  loss_giou_dn_1: 0.1869 (0.1929)  loss_fgl_dn_1: 0.9982 (1.0151)  loss_ddf_dn_1: 0.0041 (0.0043)  loss_mal_dn_2: 0.4621 (0.4731)  loss_bbox_dn_2: 0.0142 (0.0148)  loss_giou_dn_2: 0.1852 (0.1916)  loss_fgl_dn_2: 0.9963 (1.0124)  loss_ddf_dn_2: -0.0000 (0.0000)  loss_mal_dn_pre: 0.5716 (0.5858)  loss_bbox_dn_pre: 0.0190 (0.0201)  loss_giou_dn_pre: 0.2379 (0.2557)
Test:  [0/9]  eta: 0:00:03    time: 0.3625  data: 0.2676  max mem: 5225
Test:  [8/9]  eta: 0:00:00    time: 0.1628  data: 0.0448  max mem: 5225
Test: Total time: 0:00:01 (0.1675 s / it)
Metrics: {'f1': 0.9266666666666667, 'precision': 0.8910256410256411, 'recall': 0.9652777777777778, 'iou': 0.6043176810193506, 'TPs': 139, 'FPs': 17, 'FNs': 5}
Averaged stats: 
Accumulating evaluation results...
COCOeval_opt.accumulate() finished...
DONE (t=0.01s).
IoU metric: bbox
 Average Precision  (AP) @[ IoU=0.50:0.95 | area=   all | maxDets=100 ] = 0.354
 Average Precision  (AP) @[ IoU=0.50      | area=   all | maxDets=100 ] = 0.948
 Average Precision  (AP) @[ IoU=0.75      | area=   all | maxDets=100 ] = 0.121
 Average Precision  (AP) @[ IoU=0.50:0.95 | area= small | maxDets=100 ] = 0.354
 Average Precision  (AP) @[ IoU=0.50:0.95 | area=medium | maxDets=100 ] = -1.000
 Average Precision  (AP) @[ IoU=0.50:0.95 | area= large | maxDets=100 ] = -1.000
 Average Recall     (AR) @[ IoU=0.50:0.95 | area=   all | maxDets=  1 ] = 0.192
 Average Recall     (AR) @[ IoU=0.50:0.95 | area=   all | maxDets= 10 ] = 0.498
 Average Recall     (AR) @[ IoU=0.50:0.95 | area=   all | maxDets=100 ] = 0.617
 Average Recall     (AR) @[ IoU=0.50:0.95 | area= small | maxDets=100 ] = 0.617
 Average Recall     (AR) @[ IoU=0.50:0.95 | area=medium | maxDets=100 ] = -1.000
 Average Recall     (AR) @[ IoU=0.50:0.95 | area= large | maxDets=100 ] = -1.000
 Average Recall     (AR) @[ IoU=0.50      | area=   all | maxDets=100 ] = 0.993
 Average Recall     (AR) @[ IoU=0.75      | area=   all | maxDets=100 ] = 0.653
best_stat: {'epoch': 10, 'coco_eval_bbox': 0.36496804663448856}
Epoch: [29/30]  [ 0/44]  eta: 0:00:34  lr: 0.000010  loss: 13.0530 (13.0530)  loss_mal: 0.4610 (0.4610)  loss_bbox: 0.0153 (0.0153)  loss_giou: 0.1928 (0.1928)  loss_fgl: 1.0122 (1.0122)  loss_mal_aux_0: 0.5219 (0.5219)  loss_bbox_aux_0: 0.0151 (0.0151)  loss_giou_aux_0: 0.2070 (0.2070)  loss_fgl_aux_0: 1.0441 (1.0441)  loss_ddf_aux_0: 0.0423 (0.0423)  loss_mal_aux_1: 0.4509 (0.4509)  loss_bbox_aux_1: 0.0151 (0.0151)  loss_giou_aux_1: 0.1909 (0.1909)  loss_fgl_aux_1: 1.0113 (1.0113)  loss_ddf_aux_1: 0.0025 (0.0025)  loss_mal_pre: 0.5185 (0.5185)  loss_bbox_pre: 0.0151 (0.0151)  loss_giou_pre: 0.2068 (0.2068)  loss_mal_enc_0: 0.7177 (0.7177)  loss_bbox_enc_0: 0.0195 (0.0195)  loss_giou_enc_0: 0.2610 (0.2610)  loss_mal_dn_0: 0.5650 (0.5650)  loss_bbox_dn_0: 0.0173 (0.0173)  loss_giou_dn_0: 0.2364 (0.2364)  loss_fgl_dn_0: 1.1041 (1.1041)  loss_ddf_dn_0: 0.1550 (0.1550)  loss_mal_dn_1: 0.4506 (0.4506)  loss_bbox_dn_1: 0.0130 (0.0130)  loss_giou_dn_1: 0.1768 (0.1768)  loss_fgl_dn_1: 0.9702 (0.9702)  loss_ddf_dn_1: 0.0037 (0.0037)  loss_mal_dn_2: 0.4546 (0.4546)  loss_bbox_dn_2: 0.0131 (0.0131)  loss_giou_dn_2: 0.1781 (0.1781)  loss_fgl_dn_2: 0.9728 (0.9728)  loss_ddf_dn_2: -0.0000 (0.0000)  loss_mal_dn_pre: 0.5678 (0.5678)  loss_bbox_dn_pre: 0.0173 (0.0173)  loss_giou_dn_pre: 0.2363 (0.2363)  time: 0.7868  data: 0.2503  max mem: 5225
Epoch: [29/30]  [10/44]  eta: 0:00:20  lr: 0.000010  loss: 13.0905 (13.4341)  loss_mal: 0.4860 (0.4777)  loss_bbox: 0.0160 (0.0166)  loss_giou: 0.1954 (0.2080)  loss_fgl: 1.0122 (1.0268)  loss_mal_aux_0: 0.5529 (0.5456)  loss_bbox_aux_0: 0.0178 (0.0178)  loss_giou_aux_0: 0.2161 (0.2254)  loss_fgl_aux_0: 1.0442 (1.0633)  loss_ddf_aux_0: 0.0356 (0.0370)  loss_mal_aux_1: 0.4937 (0.4814)  loss_bbox_aux_1: 0.0160 (0.0166)  loss_giou_aux_1: 0.1968 (0.2088)  loss_fgl_aux_1: 1.0113 (1.0282)  loss_ddf_aux_1: 0.0026 (0.0026)  loss_mal_pre: 0.5519 (0.5455)  loss_bbox_pre: 0.0179 (0.0179)  loss_giou_pre: 0.2147 (0.2254)  loss_mal_enc_0: 0.7177 (0.7101)  loss_bbox_enc_0: 0.0217 (0.0231)  loss_giou_enc_0: 0.2770 (0.2802)  loss_mal_dn_0: 0.5650 (0.5768)  loss_bbox_dn_0: 0.0197 (0.0202)  loss_giou_dn_0: 0.2364 (0.2507)  loss_fgl_dn_0: 1.0990 (1.1091)  loss_ddf_dn_0: 0.1545 (0.1503)  loss_mal_dn_1: 0.4506 (0.4660)  loss_bbox_dn_1: 0.0142 (0.0147)  loss_giou_dn_1: 0.1768 (0.1876)  loss_fgl_dn_1: 0.9761 (0.9901)  loss_ddf_dn_1: 0.0044 (0.0047)  loss_mal_dn_2: 0.4546 (0.4649)  loss_bbox_dn_2: 0.0143 (0.0146)  loss_giou_dn_2: 0.1781 (0.1869)  loss_fgl_dn_2: 0.9736 (0.9886)  loss_ddf_dn_2: -0.0000 (0.0000)  loss_mal_dn_pre: 0.5678 (0.5800)  loss_bbox_dn_pre: 0.0198 (0.0202)  loss_giou_dn_pre: 0.2363 (0.2510)  time: 0.5969  data: 0.0374  max mem: 5225
Epoch: [29/30]  [20/44]  eta: 0:00:13  lr: 0.000010  loss: 13.0905 (13.4463)  loss_mal: 0.4773 (0.4749)  loss_bbox: 0.0155 (0.0162)  loss_giou: 0.1954 (0.2020)  loss_fgl: 1.0033 (1.0255)  loss_mal_aux_0: 0.5564 (0.5598)  loss_bbox_aux_0: 0.0167 (0.0173)  loss_giou_aux_0: 0.2109 (0.2191)  loss_fgl_aux_0: 1.0442 (1.0637)  loss_ddf_aux_0: 0.0369 (0.0370)  loss_mal_aux_1: 0.4756 (0.4809)  loss_bbox_aux_1: 0.0156 (0.0162)  loss_giou_aux_1: 0.1968 (0.2023)  loss_fgl_aux_1: 1.0073 (1.0258)  loss_ddf_aux_1: 0.0026 (0.0026)  loss_mal_pre: 0.5548 (0.5584)  loss_bbox_pre: 0.0167 (0.0174)  loss_giou_pre: 0.2113 (0.2189)  loss_mal_enc_0: 0.6950 (0.7035)  loss_bbox_enc_0: 0.0217 (0.0224)  loss_giou_enc_0: 0.2702 (0.2751)  loss_mal_dn_0: 0.5713 (0.5775)  loss_bbox_dn_0: 0.0197 (0.0200)  loss_giou_dn_0: 0.2414 (0.2518)  loss_fgl_dn_0: 1.0996 (1.1201)  loss_ddf_dn_0: 0.1492 (0.1483)  loss_mal_dn_1: 0.4566 (0.4680)  loss_bbox_dn_1: 0.0143 (0.0147)  loss_giou_dn_1: 0.1761 (0.1877)  loss_fgl_dn_1: 0.9822 (0.9980)  loss_ddf_dn_1: 0.0045 (0.0045)  loss_mal_dn_2: 0.4536 (0.4664)  loss_bbox_dn_2: 0.0143 (0.0146)  loss_giou_dn_2: 0.1750 (0.1869)  loss_fgl_dn_2: 0.9854 (0.9961)  loss_ddf_dn_2: -0.0000 (0.0000)  loss_mal_dn_pre: 0.5735 (0.5805)  loss_bbox_dn_pre: 0.0198 (0.0201)  loss_giou_dn_pre: 0.2420 (0.2521)  time: 0.5443  data: 0.0162  max mem: 5225
Epoch: [29/30]  [30/44]  eta: 0:00:07  lr: 0.000010  loss: 13.2883 (13.3585)  loss_mal: 0.4762 (0.4709)  loss_bbox: 0.0153 (0.0156)  loss_giou: 0.1887 (0.1962)  loss_fgl: 1.0234 (1.0209)  loss_mal_aux_0: 0.5678 (0.5577)  loss_bbox_aux_0: 0.0155 (0.0167)  loss_giou_aux_0: 0.2021 (0.2119)  loss_fgl_aux_0: 1.0418 (1.0574)  loss_ddf_aux_0: 0.0374 (0.0374)  loss_mal_aux_1: 0.4756 (0.4764)  loss_bbox_aux_1: 0.0153 (0.0156)  loss_giou_aux_1: 0.1903 (0.1966)  loss_fgl_aux_1: 1.0255 (1.0218)  loss_ddf_aux_1: 0.0025 (0.0026)  loss_mal_pre: 0.5745 (0.5575)  loss_bbox_pre: 0.0157 (0.0168)  loss_giou_pre: 0.2040 (0.2125)  loss_mal_enc_0: 0.6958 (0.7112)  loss_bbox_enc_0: 0.0207 (0.0220)  loss_giou_enc_0: 0.2702 (0.2738)  loss_mal_dn_0: 0.5713 (0.5744)  loss_bbox_dn_0: 0.0189 (0.0195)  loss_giou_dn_0: 0.2414 (0.2478)  loss_fgl_dn_0: 1.1011 (1.1158)  loss_ddf_dn_0: 0.1427 (0.1491)  loss_mal_dn_1: 0.4653 (0.4636)  loss_bbox_dn_1: 0.0140 (0.0143)  loss_giou_dn_1: 0.1833 (0.1843)  loss_fgl_dn_1: 1.0059 (0.9959)  loss_ddf_dn_1: 0.0045 (0.0045)  loss_mal_dn_2: 0.4642 (0.4611)  loss_bbox_dn_2: 0.0139 (0.0142)  loss_giou_dn_2: 0.1826 (0.1832)  loss_fgl_dn_2: 1.0026 (0.9935)  loss_ddf_dn_2: -0.0000 (0.0000)  loss_mal_dn_pre: 0.5735 (0.5779)  loss_bbox_dn_pre: 0.0191 (0.0195)  loss_giou_dn_pre: 0.2420 (0.2483)  time: 0.5122  data: 0.0166  max mem: 5225
Epoch: [29/30]  [40/44]  eta: 0:00:02  lr: 0.000010  loss: 13.3575 (13.4166)  loss_mal: 0.4762 (0.4756)  loss_bbox: 0.0152 (0.0157)  loss_giou: 0.1913 (0.1973)  loss_fgl: 1.0261 (1.0280)  loss_mal_aux_0: 0.5678 (0.5635)  loss_bbox_aux_0: 0.0160 (0.0169)  loss_giou_aux_0: 0.2088 (0.2134)  loss_fgl_aux_0: 1.0604 (1.0635)  loss_ddf_aux_0: 0.0378 (0.0377)  loss_mal_aux_1: 0.4814 (0.4807)  loss_bbox_aux_1: 0.0151 (0.0157)  loss_giou_aux_1: 0.1903 (0.1977)  loss_fgl_aux_1: 1.0291 (1.0293)  loss_ddf_aux_1: 0.0024 (0.0026)  loss_mal_pre: 0.5727 (0.5630)  loss_bbox_pre: 0.0158 (0.0170)  loss_giou_pre: 0.2083 (0.2140)  loss_mal_enc_0: 0.7006 (0.7063)  loss_bbox_enc_0: 0.0209 (0.0220)  loss_giou_enc_0: 0.2710 (0.2739)  loss_mal_dn_0: 0.5652 (0.5755)  loss_bbox_dn_0: 0.0187 (0.0195)  loss_giou_dn_0: 0.2409 (0.2483)  loss_fgl_dn_0: 1.1019 (1.1177)  loss_ddf_dn_0: 0.1429 (0.1474)  loss_mal_dn_1: 0.4601 (0.4652)  loss_bbox_dn_1: 0.0138 (0.0144)  loss_giou_dn_1: 0.1799 (0.1852)  loss_fgl_dn_1: 0.9965 (1.0000)  loss_ddf_dn_1: 0.0044 (0.0045)  loss_mal_dn_2: 0.4563 (0.4625)  loss_bbox_dn_2: 0.0136 (0.0143)  loss_giou_dn_2: 0.1792 (0.1840)  loss_fgl_dn_2: 0.9943 (0.9974)  loss_ddf_dn_2: -0.0000 (0.0000)  loss_mal_dn_pre: 0.5703 (0.5788)  loss_bbox_dn_pre: 0.0185 (0.0196)  loss_giou_dn_pre: 0.2413 (0.2487)  time: 0.5423  data: 0.0175  max mem: 5225
Epoch: [29/30]  [43/44]  eta: 0:00:00  lr: 0.000010  loss: 13.2883 (13.3833)  loss_mal: 0.4613 (0.4734)  loss_bbox: 0.0142 (0.0155)  loss_giou: 0.1816 (0.1955)  loss_fgl: 1.0137 (1.0254)  loss_mal_aux_0: 0.5488 (0.5628)  loss_bbox_aux_0: 0.0151 (0.0167)  loss_giou_aux_0: 0.1976 (0.2120)  loss_fgl_aux_0: 1.0519 (1.0615)  loss_ddf_aux_0: 0.0382 (0.0378)  loss_mal_aux_1: 0.4688 (0.4782)  loss_bbox_aux_1: 0.0142 (0.0155)  loss_giou_aux_1: 0.1831 (0.1961)  loss_fgl_aux_1: 1.0138 (1.0265)  loss_ddf_aux_1: 0.0024 (0.0026)  loss_mal_pre: 0.5479 (0.5622)  loss_bbox_pre: 0.0149 (0.0168)  loss_giou_pre: 0.1991 (0.2125)  loss_mal_enc_0: 0.6958 (0.7044)  loss_bbox_enc_0: 0.0204 (0.0217)  loss_giou_enc_0: 0.2640 (0.2715)  loss_mal_dn_0: 0.5647 (0.5752)  loss_bbox_dn_0: 0.0183 (0.0194)  loss_giou_dn_0: 0.2333 (0.2478)  loss_fgl_dn_0: 1.0992 (1.1168)  loss_ddf_dn_0: 0.1430 (0.1481)  loss_mal_dn_1: 0.4550 (0.4643)  loss_bbox_dn_1: 0.0132 (0.0143)  loss_giou_dn_1: 0.1773 (0.1846)  loss_fgl_dn_1: 0.9941 (0.9987)  loss_ddf_dn_1: 0.0044 (0.0046)  loss_mal_dn_2: 0.4496 (0.4615)  loss_bbox_dn_2: 0.0130 (0.0142)  loss_giou_dn_2: 0.1759 (0.1833)  loss_fgl_dn_2: 0.9913 (0.9959)  loss_ddf_dn_2: -0.0000 (0.0000)  loss_mal_dn_pre: 0.5699 (0.5785)  loss_bbox_dn_pre: 0.0183 (0.0195)  loss_giou_dn_pre: 0.2355 (0.2482)  time: 0.5441  data: 0.0170  max mem: 5225
Epoch: [29/30] Total time: 0:00:24 (0.5492 s / it)
Averaged stats: lr: 0.000010  loss: 13.2883 (13.3833)  loss_mal: 0.4613 (0.4734)  loss_bbox: 0.0142 (0.0155)  loss_giou: 0.1816 (0.1955)  loss_fgl: 1.0137 (1.0254)  loss_mal_aux_0: 0.5488 (0.5628)  loss_bbox_aux_0: 0.0151 (0.0167)  loss_giou_aux_0: 0.1976 (0.2120)  loss_fgl_aux_0: 1.0519 (1.0615)  loss_ddf_aux_0: 0.0382 (0.0378)  loss_mal_aux_1: 0.4688 (0.4782)  loss_bbox_aux_1: 0.0142 (0.0155)  loss_giou_aux_1: 0.1831 (0.1961)  loss_fgl_aux_1: 1.0138 (1.0265)  loss_ddf_aux_1: 0.0024 (0.0026)  loss_mal_pre: 0.5479 (0.5622)  loss_bbox_pre: 0.0149 (0.0168)  loss_giou_pre: 0.1991 (0.2125)  loss_mal_enc_0: 0.6958 (0.7044)  loss_bbox_enc_0: 0.0204 (0.0217)  loss_giou_enc_0: 0.2640 (0.2715)  loss_mal_dn_0: 0.5647 (0.5752)  loss_bbox_dn_0: 0.0183 (0.0194)  loss_giou_dn_0: 0.2333 (0.2478)  loss_fgl_dn_0: 1.0992 (1.1168)  loss_ddf_dn_0: 0.1430 (0.1481)  loss_mal_dn_1: 0.4550 (0.4643)  loss_bbox_dn_1: 0.0132 (0.0143)  loss_giou_dn_1: 0.1773 (0.1846)  loss_fgl_dn_1: 0.9941 (0.9987)  loss_ddf_dn_1: 0.0044 (0.0046)  loss_mal_dn_2: 0.4496 (0.4615)  loss_bbox_dn_2: 0.0130 (0.0142)  loss_giou_dn_2: 0.1759 (0.1833)  loss_fgl_dn_2: 0.9913 (0.9959)  loss_ddf_dn_2: -0.0000 (0.0000)  loss_mal_dn_pre: 0.5699 (0.5785)  loss_bbox_dn_pre: 0.0183 (0.0195)  loss_giou_dn_pre: 0.2355 (0.2482)
Test:  [0/9]  eta: 0:00:03    time: 0.3595  data: 0.2456  max mem: 5225
Test:  [8/9]  eta: 0:00:00    time: 0.1792  data: 0.0425  max mem: 5225
Test: Total time: 0:00:01 (0.1838 s / it)
Metrics: {'f1': 0.9266666666666667, 'precision': 0.8910256410256411, 'recall': 0.9652777777777778, 'iou': 0.6037762253921225, 'TPs': 139, 'FPs': 17, 'FNs': 5}
Averaged stats: 
Accumulating evaluation results...
COCOeval_opt.accumulate() finished...
DONE (t=0.01s).
IoU metric: bbox
 Average Precision  (AP) @[ IoU=0.50:0.95 | area=   all | maxDets=100 ] = 0.354
 Average Precision  (AP) @[ IoU=0.50      | area=   all | maxDets=100 ] = 0.950
 Average Precision  (AP) @[ IoU=0.75      | area=   all | maxDets=100 ] = 0.121
 Average Precision  (AP) @[ IoU=0.50:0.95 | area= small | maxDets=100 ] = 0.354
 Average Precision  (AP) @[ IoU=0.50:0.95 | area=medium | maxDets=100 ] = -1.000
 Average Precision  (AP) @[ IoU=0.50:0.95 | area= large | maxDets=100 ] = -1.000
 Average Recall     (AR) @[ IoU=0.50:0.95 | area=   all | maxDets=  1 ] = 0.192
 Average Recall     (AR) @[ IoU=0.50:0.95 | area=   all | maxDets= 10 ] = 0.495
 Average Recall     (AR) @[ IoU=0.50:0.95 | area=   all | maxDets=100 ] = 0.623
 Average Recall     (AR) @[ IoU=0.50:0.95 | area= small | maxDets=100 ] = 0.623
 Average Recall     (AR) @[ IoU=0.50:0.95 | area=medium | maxDets=100 ] = -1.000
 Average Recall     (AR) @[ IoU=0.50:0.95 | area= large | maxDets=100 ] = -1.000
 Average Recall     (AR) @[ IoU=0.50      | area=   all | maxDets=100 ] = 0.993
 Average Recall     (AR) @[ IoU=0.75      | area=   all | maxDets=100 ] = 0.694
best_stat: {'epoch': 10, 'coco_eval_bbox': 0.36496804663448856}
Training time 0:08:25
