Not init distributed mode.
cfg: 
{'_collate_fn': None,
 '_criterion': None,
 '_ema': None,
 '_evaluator': None,
 '_lr_scheduler': None,
 '_lr_warmup_scheduler': None,
 '_model': None,
 '_optimizer': None,
 '_postprocessor': None,
 '_scaler': None,
 '_train_batch_size': None,
 '_train_dataloader': None,
 '_train_dataset': None,
 '_train_shuffle': None,
 '_val_batch_size': None,
 '_val_dataloader': None,
 '_val_dataset': None,
 '_val_shuffle': None,
 '_writer': None,
 'batch_size': None,
 'checkpoint_freq': 30,
 'clip_max_norm': 0.1,
 'device': 'cuda:0',
 'ema_decay': 0.9999,
 'ema_warmups': 2000,
 'epochs': 30,
 'find_unused_parameters': False,
 'last_epoch': -1,
 'num_workers': 0,
 'output_dir': '/home/viplab/contest/experiments/kamp_v2_ambiguity/runs/soft_fgl10_seed20260929',
 'print_freq': 10,
 'resume': None,
 'seed': 20260929,
 'summary_dir': None,
 'sync_bn': False,
 'task': 'detection',
 'tuning': '/home/viplab/contest/experiments/kamp_pilot_v1/dfine_s_init.pth',
 'use_amp': False,
 'use_ema': True,
 'yaml_cfg': {'DFINE': {'backbone': 'HGNetv2',
                        'decoder': 'DFINETransformer',
                        'encoder': 'HybridEncoder'},
              'DFINECriterion': {'alpha': 0.75,
                                 'gamma': 2.0,
                                 'losses': ['vfl', 'boxes', 'local'],
                                 'matcher': {'alpha': 0.25,
                                             'gamma': 2.0,
                                             'type': 'HungarianMatcher',
                                             'weight_dict': {'cost_bbox': 5,
                                                             'cost_class': 2,
                                                             'cost_giou': 2}},
                                 'reg_max': 32,
                                 'weight_dict': {'loss_bbox': 5,
                                                 'loss_ddf': 1.5,
                                                 'loss_fgl': 0.15,
                                                 'loss_giou': 2,
                                                 'loss_vfl': 1}},
              'DFINEPostProcessor': {'num_top_queries': 300},
              'DFINETransformer': {'box_noise_scale': 1.0,
                                   'cross_attn_method': 'default',
                                   'eval_idx': -1,
                                   'feat_channels': [256, 256, 256],
                                   'feat_strides': [8, 16, 32],
                                   'hidden_dim': 256,
                                   'label_noise_ratio': 0.5,
                                   'layer_scale': 1,
                                   'num_denoising': 100,
                                   'num_layers': 3,
                                   'num_levels': 3,
                                   'num_points': [3, 6, 3],
                                   'num_queries': 300,
                                   'query_select_method': 'default',
                                   'reg_max': 32,
                                   'reg_scale': 4},
              'HGNetv2': {'freeze_at': -1,
                          'freeze_norm': False,
                          'local_model_dir': 'weight/hgnetv2/',
                          'name': 'B0',
                          'pretrained': False,
                          'return_idx': [1, 2, 3],
                          'use_lab': True},
              'HybridEncoder': {'act': 'silu',
                                'depth_mult': 0.34,
                                'dim_feedforward': 1024,
                                'dropout': 0.0,
                                'enc_act': 'gelu',
                                'expansion': 0.5,
                                'feat_strides': [8, 16, 32],
                                'hidden_dim': 256,
                                'in_channels': [256, 512, 1024],
                                'nhead': 8,
                                'num_encoder_layers': 1,
                                'use_encoder_idx': [2]},
              '__include__': ['/home/viplab/contest/models/D-FINE/configs/dfine/dfine_hgnetv2_s_coco.yml'],
              'checkpoint_freq': 30,
              'clip_max_norm': 0.1,
              'config': '/home/viplab/contest/experiments/kamp_v2_ambiguity/configs/soft_fgl10_seed20260929.yml',
              'criterion': 'DFINECriterion',
              'device': 'cuda:0',
              'ema': {'decay': 0.9999,
                      'start': 0,
                      'type': 'ModelEMA',
                      'warmups': 100},
              'epochs': 30,
              'eval_spatial_size': [640, 640],
              'evaluator': {'iou_types': ['bbox'], 'type': 'CocoEvaluator'},
              'exp_name': 'baseline',
              'find_unused_parameters': False,
              'lr_scheduler': {'gamma': 0.1,
                               'milestones': [24],
                               'type': 'MultiStepLR'},
              'lr_warmup_scheduler': {'type': 'LinearWarmup',
                                      'warmup_duration': 45},
              'model': 'DFINE',
              'num_classes': 1,
              'optimizer': {'betas': [0.9, 0.999],
                            'lr': 0.0002,
                            'params': [{'lr': 0.0001,
                                        'params': '^(?=.*backbone)(?!.*norm|bn).*$'},
                                       {'lr': 0.0001,
                                        'params': '^(?=.*backbone)(?=.*norm|bn).*$',
                                        'weight_decay': 0.0},
                                       {'params': '^(?=.*(?:encoder|decoder))(?=.*(?:norm|bn|bias)).*$',
                                        'weight_decay': 0.0}],
                            'type': 'AdamW',
                            'weight_decay': 0.0001},
              'output_dir': '/home/viplab/contest/experiments/kamp_v2_ambiguity/runs/soft_fgl10_seed20260929',
              'postprocessor': 'DFINEPostProcessor',
              'print_freq': 10,
              'print_method': 'builtin',
              'print_rank': 0,
              'project_name': 'D-FINE',
              'remap_mscoco_category': False,
              'scaler': {'enabled': True, 'type': 'GradScaler'},
              'seed': 20260929,
              'sync_bn': False,
              'task': 'detection',
              'test_only': False,
              'train_dataloader': {'collate_fn': {'base_size': 640,
                                                  'base_size_repeat': None,
                                                  'ema_restart_decay': 0.9999,
                                                  'stop_epoch': 1000,
                                                  'type': 'BatchImageCollateFunction'},
                                   'dataset': {'ann_file': '/home/viplab/contest/experiments/kamp_v2_baselines/data640/annotations/train.json',
                                               'img_folder': '/home/viplab/contest/experiments/kamp_v2_baselines/data640/images/train',
                                               'return_masks': False,
                                               'transforms': {'ops': [{'dtype': 'float32',
                                                                       'scale': True,
                                                                       'type': 'ConvertPILImage'},
                                                                      {'fmt': 'cxcywh',
                                                                       'normalize': True,
                                                                       'type': 'ConvertBoxes'}],
                                                              'policy': {'epoch': 1000,
                                                                         'name': 'stop_epoch',
                                                                         'ops': ['RandomPhotometricDistort',
                                                                                 'RandomZoomOut',
                                                                                 'RandomIoUCrop']},
                                                              'type': 'Compose'},
                                               'type': 'CocoDetection'},
                                   'drop_last': False,
                                   'num_workers': 2,
                                   'shuffle': True,
                                   'total_batch_size': 8,
                                   'type': 'DataLoader'},
              'tuning': '/home/viplab/contest/experiments/kamp_pilot_v1/dfine_s_init.pth',
              'use_amp': False,
              'use_ema': True,
              'use_focal_loss': True,
              'use_wandb': False,
              'val_dataloader': {'collate_fn': {'type': 'BatchImageCollateFunction'},
                                 'dataset': {'ann_file': '/home/viplab/contest/experiments/kamp_v2_baselines/data640/annotations/val.json',
                                             'img_folder': '/home/viplab/contest/experiments/kamp_v2_baselines/data640/images/val',
                                             'return_masks': False,
                                             'transforms': {'ops': [{'dtype': 'float32',
                                                                     'scale': True,
                                                                     'type': 'ConvertPILImage'}],
                                                            'type': 'Compose'},
                                             'type': 'CocoDetection'},
                                 'drop_last': False,
                                 'num_workers': 2,
                                 'shuffle': False,
                                 'total_batch_size': 8,
                                 'type': 'DataLoader'}}}
Tuning checkpoint from /home/viplab/contest/experiments/kamp_pilot_v1/dfine_s_init.pth
Load model.state_dict, {'missed': [], 'unmatched': []}
Initial lr: [0.0001, 0.0001, 0.0002, 0.0002]
building train_dataloader with batch_size=8...
building val_dataloader with batch_size=8...

------------------------------------- Calculate Flops Results -------------------------------------
Notations:
number of parameters (Params), number of multiply-accumulate operations(MACs),
number of floating-point operations (FLOPs), floating-point operations per second (FLOPS),
fwd FLOPs (model forward propagation FLOPs), bwd FLOPs (model backward propagation FLOPs),
default model backpropagation takes 2.00 times as much computation as forward propagation.

Total Training Params:                                                  10.18 M 
fwd MACs:                                                               12.3563 GMACs
fwd FLOPs:                                                              24.8195 GFLOPS
fwd+bwd MACs:                                                           37.069 GMACs
fwd+bwd FLOPs:                                                          74.4584 GFLOPS
---------------------------------------------------------------------------------------------------
{'Model FLOPs:24.8195 GFLOPS   MACs:12.3563 GMACs   Params:10176661'}
------------------------------------------Start training-------------------------------------------
/home/viplab/contest/models/D-FINE/src/solver/det_engine.py:125: UserWarning: Converting a tensor with requires_grad=True to a scalar may lead to unexpected behavior.
Consider using tensor.detach() first. (Triggered internally at /pytorch/torch/csrc/autograd/generated/python_variable_methods.cpp:836.)
  if not math.isfinite(loss_value):
Epoch: [0/30]  [ 0/44]  eta: 0:01:12  lr: 0.000004  loss: 32.7069 (32.7069)  loss_mal: 0.1108 (0.1108)  loss_bbox: 1.4951 (1.4951)  loss_giou: 2.5290 (2.5290)  loss_fgl: 0.1111 (0.1111)  loss_mal_aux_0: 0.1570 (0.1570)  loss_bbox_aux_0: 1.4805 (1.4805)  loss_giou_aux_0: 2.5260 (2.5260)  loss_fgl_aux_0: 0.1216 (0.1216)  loss_ddf_aux_0: 0.0337 (0.0337)  loss_mal_aux_1: 0.1077 (0.1077)  loss_bbox_aux_1: 1.5186 (1.5186)  loss_giou_aux_1: 2.5087 (2.5087)  loss_fgl_aux_1: 0.1099 (0.1099)  loss_ddf_aux_1: 0.0025 (0.0025)  loss_mal_pre: 0.1567 (0.1567)  loss_bbox_pre: 1.5085 (1.5085)  loss_giou_pre: 2.5503 (2.5503)  loss_mal_enc_0: 0.1276 (0.1276)  loss_bbox_enc_0: 1.5296 (1.5296)  loss_giou_enc_0: 2.6825 (2.6825)  loss_mal_dn_0: 0.3554 (0.3554)  loss_bbox_dn_0: 0.3818 (0.3818)  loss_giou_dn_0: 1.6171 (1.6171)  loss_fgl_dn_0: 0.5758 (0.5758)  loss_ddf_dn_0: 0.1362 (0.1362)  loss_mal_dn_1: 0.6230 (0.6230)  loss_bbox_dn_1: 0.2199 (0.2199)  loss_giou_dn_1: 1.4067 (1.4067)  loss_fgl_dn_1: 0.7113 (0.7113)  loss_ddf_dn_1: 0.0068 (0.0068)  loss_mal_dn_2: 0.6514 (0.6514)  loss_bbox_dn_2: 0.2088 (0.2088)  loss_giou_dn_2: 1.3797 (1.3797)  loss_fgl_dn_2: 0.7165 (0.7165)  loss_ddf_dn_2: -0.0000 (0.0000)  loss_mal_dn_pre: 0.3540 (0.3540)  loss_bbox_dn_pre: 0.3784 (0.3784)  loss_giou_dn_pre: 1.6164 (1.6164)  time: 1.6445  data: 0.2531  max mem: 5074
Epoch: [0/30]  [10/44]  eta: 0:00:24  lr: 0.000027  loss: 32.9544 (33.3491)  loss_mal: 0.0879 (0.0919)  loss_bbox: 1.5883 (1.5950)  loss_giou: 2.6479 (2.6012)  loss_fgl: 0.1111 (0.1206)  loss_mal_aux_0: 0.1004 (0.1042)  loss_bbox_aux_0: 1.5648 (1.6034)  loss_giou_aux_0: 2.6550 (2.6266)  loss_fgl_aux_0: 0.1155 (0.1203)  loss_ddf_aux_0: 0.0251 (0.0241)  loss_mal_aux_1: 0.0820 (0.0905)  loss_bbox_aux_1: 1.6112 (1.6219)  loss_giou_aux_1: 2.6534 (2.5980)  loss_fgl_aux_1: 0.1099 (0.1187)  loss_ddf_aux_1: 0.0019 (0.0019)  loss_mal_pre: 0.1025 (0.1043)  loss_bbox_pre: 1.5892 (1.6194)  loss_giou_pre: 2.6535 (2.6426)  loss_mal_enc_0: 0.0803 (0.0917)  loss_bbox_enc_0: 1.6501 (1.6667)  loss_giou_enc_0: 2.7294 (2.6931)  loss_mal_dn_0: 0.4075 (0.4350)  loss_bbox_dn_0: 0.2671 (0.2621)  loss_giou_dn_0: 1.5242 (1.5143)  loss_fgl_dn_0: 0.6353 (0.6452)  loss_ddf_dn_0: 0.1362 (0.1422)  loss_mal_dn_1: 0.7557 (0.8119)  loss_bbox_dn_1: 0.1483 (0.1418)  loss_giou_dn_1: 1.2548 (1.2707)  loss_fgl_dn_1: 0.8094 (0.7851)  loss_ddf_dn_1: 0.0061 (0.0066)  loss_mal_dn_2: 0.7992 (0.8202)  loss_bbox_dn_2: 0.1384 (0.1344)  loss_giou_dn_2: 1.2109 (1.2416)  loss_fgl_dn_2: 0.8213 (0.7951)  loss_ddf_dn_2: -0.0000 (0.0000)  loss_mal_dn_pre: 0.4084 (0.4334)  loss_bbox_dn_pre: 0.2629 (0.2601)  loss_giou_dn_pre: 1.5211 (1.5130)  time: 0.7156  data: 0.0370  max mem: 5213
Epoch: [0/30]  [20/44]  eta: 0:00:15  lr: 0.000049  loss: 32.7322 (32.7228)  loss_mal: 0.1329 (0.1478)  loss_bbox: 1.3733 (1.3975)  loss_giou: 2.4687 (2.5177)  loss_fgl: 0.1418 (0.1623)  loss_mal_aux_0: 0.1251 (0.1555)  loss_bbox_aux_0: 1.4211 (1.4261)  loss_giou_aux_0: 2.4845 (2.5387)  loss_fgl_aux_0: 0.1383 (0.1582)  loss_ddf_aux_0: 0.0259 (0.0263)  loss_mal_aux_1: 0.1218 (0.1513)  loss_bbox_aux_1: 1.4101 (1.4267)  loss_giou_aux_1: 2.4641 (2.5104)  loss_fgl_aux_1: 0.1363 (0.1598)  loss_ddf_aux_1: 0.0021 (0.0023)  loss_mal_pre: 0.1255 (0.1526)  loss_bbox_pre: 1.4366 (1.4409)  loss_giou_pre: 2.4970 (2.5463)  loss_mal_enc_0: 0.0828 (0.1198)  loss_bbox_enc_0: 1.5230 (1.5089)  loss_giou_enc_0: 2.5507 (2.5884)  loss_mal_dn_0: 0.5890 (0.6743)  loss_bbox_dn_0: 0.1901 (0.1938)  loss_giou_dn_0: 1.3790 (1.3731)  loss_fgl_dn_0: 0.7219 (0.7570)  loss_ddf_dn_0: 0.1432 (0.1566)  loss_mal_dn_1: 1.0949 (0.9831)  loss_bbox_dn_1: 0.0775 (0.1053)  loss_giou_dn_1: 1.1222 (1.1829)  loss_fgl_dn_1: 0.8565 (0.8490)  loss_ddf_dn_1: 0.0075 (0.0073)  loss_mal_dn_2: 1.0600 (0.9583)  loss_bbox_dn_2: 0.0745 (0.0996)  loss_giou_dn_2: 1.0919 (1.1543)  loss_fgl_dn_2: 0.8688 (0.8582)  loss_ddf_dn_2: -0.0000 (0.0000)  loss_mal_dn_pre: 0.5776 (0.6609)  loss_bbox_dn_pre: 0.1911 (0.1946)  loss_giou_dn_pre: 1.3785 (1.3770)  time: 0.6096  data: 0.0162  max mem: 5213
Epoch: [0/30]  [30/44]  eta: 0:00:09  lr: 0.000071  loss: 31.5212 (32.3786)  loss_mal: 0.2203 (0.1887)  loss_bbox: 1.0021 (1.2663)  loss_giou: 2.2681 (2.4122)  loss_fgl: 0.2166 (0.1898)  loss_mal_aux_0: 0.1886 (0.2037)  loss_bbox_aux_0: 1.0911 (1.3143)  loss_giou_aux_0: 2.2872 (2.4443)  loss_fgl_aux_0: 0.2028 (0.1810)  loss_ddf_aux_0: 0.0302 (0.0302)  loss_mal_aux_1: 0.2227 (0.2001)  loss_bbox_aux_1: 1.0443 (1.3036)  loss_giou_aux_1: 2.2550 (2.4084)  loss_fgl_aux_1: 0.2092 (0.1868)  loss_ddf_aux_1: 0.0027 (0.0026)  loss_mal_pre: 0.1892 (0.2017)  loss_bbox_pre: 1.1027 (1.3390)  loss_giou_pre: 2.2943 (2.4517)  loss_mal_enc_0: 0.1235 (0.1534)  loss_bbox_enc_0: 1.3139 (1.4643)  loss_giou_enc_0: 2.3889 (2.5008)  loss_mal_dn_0: 1.1663 (0.8480)  loss_bbox_dn_0: 0.0725 (0.1517)  loss_giou_dn_0: 1.1015 (1.2781)  loss_fgl_dn_0: 0.9900 (0.8384)  loss_ddf_dn_0: 0.1425 (0.1448)  loss_mal_dn_1: 1.3386 (1.1424)  loss_bbox_dn_1: 0.0551 (0.0871)  loss_giou_dn_1: 0.9914 (1.0933)  loss_fgl_dn_1: 1.0156 (0.9277)  loss_ddf_dn_1: 0.0067 (0.0069)  loss_mal_dn_2: 1.1570 (1.0570)  loss_bbox_dn_2: 0.0530 (0.0828)  loss_giou_dn_2: 0.9810 (1.0719)  loss_fgl_dn_2: 1.0037 (0.9341)  loss_ddf_dn_2: -0.0000 (0.0000)  loss_mal_dn_pre: 1.1401 (0.8403)  loss_bbox_dn_pre: 0.0721 (0.1524)  loss_giou_dn_pre: 1.1043 (1.2790)  time: 0.6142  data: 0.0164  max mem: 5213
Epoch: [0/30]  [40/44]  eta: 0:00:02  lr: 0.000093  loss: 30.1035 (31.4747)  loss_mal: 0.3045 (0.2630)  loss_bbox: 0.6410 (1.0695)  loss_giou: 1.8817 (2.2205)  loss_fgl: 0.3116 (0.2782)  loss_mal_aux_0: 0.3180 (0.2916)  loss_bbox_aux_0: 0.6908 (1.1211)  loss_giou_aux_0: 1.9358 (2.2813)  loss_fgl_aux_0: 0.2843 (0.2497)  loss_ddf_aux_0: 0.0546 (0.0450)  loss_mal_aux_1: 0.2935 (0.2876)  loss_bbox_aux_1: 0.6797 (1.1069)  loss_giou_aux_1: 1.8999 (2.2308)  loss_fgl_aux_1: 0.3027 (0.2690)  loss_ddf_aux_1: 0.0049 (0.0046)  loss_mal_pre: 0.3105 (0.2894)  loss_bbox_pre: 0.7548 (1.1489)  loss_giou_pre: 1.9353 (2.2854)  loss_mal_enc_0: 0.1610 (0.2165)  loss_bbox_enc_0: 1.2178 (1.3481)  loss_giou_enc_0: 2.1064 (2.3763)  loss_mal_dn_0: 1.2020 (0.9373)  loss_bbox_dn_0: 0.0630 (0.1298)  loss_giou_dn_0: 1.0622 (1.2196)  loss_fgl_dn_0: 1.0111 (0.8892)  loss_ddf_dn_0: 0.1563 (0.1659)  loss_mal_dn_1: 1.4746 (1.2247)  loss_bbox_dn_1: 0.0465 (0.0763)  loss_giou_dn_1: 0.8364 (1.0204)  loss_fgl_dn_1: 1.1232 (0.9829)  loss_ddf_dn_1: 0.0073 (0.0081)  loss_mal_dn_2: 1.2173 (1.0916)  loss_bbox_dn_2: 0.0431 (0.0727)  loss_giou_dn_2: 0.8288 (1.0009)  loss_fgl_dn_2: 1.1283 (0.9890)  loss_ddf_dn_2: -0.0000 (0.0000)  loss_mal_dn_pre: 1.2003 (0.9337)  loss_bbox_dn_pre: 0.0625 (0.1302)  loss_giou_dn_pre: 1.0530 (1.2187)  time: 0.6154  data: 0.0157  max mem: 5224
Epoch: [0/30]  [43/44]  eta: 0:00:00  lr: 0.000100  loss: 28.8334 (31.2746)  loss_mal: 0.4869 (0.2948)  loss_bbox: 0.5659 (1.0144)  loss_giou: 1.7409 (2.1589)  loss_fgl: 0.4546 (0.3102)  loss_mal_aux_0: 0.4642 (0.3366)  loss_bbox_aux_0: 0.6171 (1.0667)  loss_giou_aux_0: 1.8400 (2.2296)  loss_fgl_aux_0: 0.4056 (0.2777)  loss_ddf_aux_0: 0.0734 (0.0501)  loss_mal_aux_1: 0.5211 (0.3349)  loss_bbox_aux_1: 0.6085 (1.0515)  loss_giou_aux_1: 1.7636 (2.1731)  loss_fgl_aux_1: 0.4319 (0.2996)  loss_ddf_aux_1: 0.0072 (0.0053)  loss_mal_pre: 0.5124 (0.3356)  loss_bbox_pre: 0.6484 (1.0945)  loss_giou_pre: 1.8332 (2.2306)  loss_mal_enc_0: 0.3837 (0.2519)  loss_bbox_enc_0: 1.1814 (1.3038)  loss_giou_enc_0: 2.0122 (2.3301)  loss_mal_dn_0: 1.2109 (0.9671)  loss_bbox_dn_0: 0.0600 (0.1242)  loss_giou_dn_0: 1.0427 (1.1985)  loss_fgl_dn_0: 1.0364 (0.9057)  loss_ddf_dn_0: 0.1892 (0.1804)  loss_mal_dn_1: 1.4746 (1.2357)  loss_bbox_dn_1: 0.0420 (0.0733)  loss_giou_dn_1: 0.8071 (1.0006)  loss_fgl_dn_1: 1.1375 (0.9980)  loss_ddf_dn_1: 0.0111 (0.0084)  loss_mal_dn_2: 1.2173 (1.0915)  loss_bbox_dn_2: 0.0415 (0.0699)  loss_giou_dn_2: 0.8009 (0.9815)  loss_fgl_dn_2: 1.1385 (1.0042)  loss_ddf_dn_2: -0.0000 (0.0000)  loss_mal_dn_pre: 1.2218 (0.9640)  loss_bbox_dn_pre: 0.0595 (0.1245)  loss_giou_dn_pre: 1.0432 (1.1972)  time: 0.6195  data: 0.0153  max mem: 5224
Epoch: [0/30] Total time: 0:00:28 (0.6380 s / it)
Averaged stats: lr: 0.000100  loss: 28.8334 (31.2746)  loss_mal: 0.4869 (0.2948)  loss_bbox: 0.5659 (1.0144)  loss_giou: 1.7409 (2.1589)  loss_fgl: 0.4546 (0.3102)  loss_mal_aux_0: 0.4642 (0.3366)  loss_bbox_aux_0: 0.6171 (1.0667)  loss_giou_aux_0: 1.8400 (2.2296)  loss_fgl_aux_0: 0.4056 (0.2777)  loss_ddf_aux_0: 0.0734 (0.0501)  loss_mal_aux_1: 0.5211 (0.3349)  loss_bbox_aux_1: 0.6085 (1.0515)  loss_giou_aux_1: 1.7636 (2.1731)  loss_fgl_aux_1: 0.4319 (0.2996)  loss_ddf_aux_1: 0.0072 (0.0053)  loss_mal_pre: 0.5124 (0.3356)  loss_bbox_pre: 0.6484 (1.0945)  loss_giou_pre: 1.8332 (2.2306)  loss_mal_enc_0: 0.3837 (0.2519)  loss_bbox_enc_0: 1.1814 (1.3038)  loss_giou_enc_0: 2.0122 (2.3301)  loss_mal_dn_0: 1.2109 (0.9671)  loss_bbox_dn_0: 0.0600 (0.1242)  loss_giou_dn_0: 1.0427 (1.1985)  loss_fgl_dn_0: 1.0364 (0.9057)  loss_ddf_dn_0: 0.1892 (0.1804)  loss_mal_dn_1: 1.4746 (1.2357)  loss_bbox_dn_1: 0.0420 (0.0733)  loss_giou_dn_1: 0.8071 (1.0006)  loss_fgl_dn_1: 1.1375 (0.9980)  loss_ddf_dn_1: 0.0111 (0.0084)  loss_mal_dn_2: 1.2173 (1.0915)  loss_bbox_dn_2: 0.0415 (0.0699)  loss_giou_dn_2: 0.8009 (0.9815)  loss_fgl_dn_2: 1.1385 (1.0042)  loss_ddf_dn_2: -0.0000 (0.0000)  loss_mal_dn_pre: 1.2218 (0.9640)  loss_bbox_dn_pre: 0.0595 (0.1245)  loss_giou_dn_pre: 1.0432 (1.1972)
Test:  [0/9]  eta: 0:00:05    time: 0.5937  data: 0.2217  max mem: 5224
Test:  [8/9]  eta: 0:00:00    time: 0.1832  data: 0.0374  max mem: 5224
Test: Total time: 0:00:01 (0.1879 s / it)
Metrics: {'f1': 0, 'precision': 0, 'recall': 0.0, 'iou': 0.0, 'TPs': 0, 'FPs': 0, 'FNs': 144}
Averaged stats: 
Accumulating evaluation results...
COCOeval_opt.accumulate() finished...
DONE (t=0.01s).
IoU metric: bbox
 Average Precision  (AP) @[ IoU=0.50:0.95 | area=   all | maxDets=100 ] = 0.006
 Average Precision  (AP) @[ IoU=0.50      | area=   all | maxDets=100 ] = 0.022
 Average Precision  (AP) @[ IoU=0.75      | area=   all | maxDets=100 ] = 0.001
 Average Precision  (AP) @[ IoU=0.50:0.95 | area= small | maxDets=100 ] = 0.014
 Average Precision  (AP) @[ IoU=0.50:0.95 | area=medium | maxDets=100 ] = -1.000
 Average Precision  (AP) @[ IoU=0.50:0.95 | area= large | maxDets=100 ] = -1.000
 Average Recall     (AR) @[ IoU=0.50:0.95 | area=   all | maxDets=  1 ] = 0.028
 Average Recall     (AR) @[ IoU=0.50:0.95 | area=   all | maxDets= 10 ] = 0.087
 Average Recall     (AR) @[ IoU=0.50:0.95 | area=   all | maxDets=100 ] = 0.102
 Average Recall     (AR) @[ IoU=0.50:0.95 | area= small | maxDets=100 ] = 0.102
 Average Recall     (AR) @[ IoU=0.50:0.95 | area=medium | maxDets=100 ] = -1.000
 Average Recall     (AR) @[ IoU=0.50:0.95 | area= large | maxDets=100 ] = -1.000
 Average Recall     (AR) @[ IoU=0.50      | area=   all | maxDets=100 ] = 0.312
 Average Recall     (AR) @[ IoU=0.75      | area=   all | maxDets=100 ] = 0.042
best_stat: {'epoch': 0, 'coco_eval_bbox': 0.005708753416812582}
Epoch: [1/30]  [ 0/44]  eta: 0:00:40  lr: 0.000100  loss: 28.3445 (28.3445)  loss_mal: 0.5000 (0.5000)  loss_bbox: 0.4366 (0.4366)  loss_giou: 1.6559 (1.6559)  loss_fgl: 0.4823 (0.4823)  loss_mal_aux_0: 0.5013 (0.5013)  loss_bbox_aux_0: 0.5361 (0.5361)  loss_giou_aux_0: 1.8565 (1.8565)  loss_fgl_aux_0: 0.3813 (0.3813)  loss_ddf_aux_0: 0.1460 (0.1460)  loss_mal_aux_1: 0.4757 (0.4757)  loss_bbox_aux_1: 0.4723 (0.4723)  loss_giou_aux_1: 1.6790 (1.6790)  loss_fgl_aux_1: 0.4561 (0.4561)  loss_ddf_aux_1: 0.0177 (0.0177)  loss_mal_pre: 0.4543 (0.4543)  loss_bbox_pre: 0.5618 (0.5618)  loss_giou_pre: 1.8173 (1.8173)  loss_mal_enc_0: 0.4034 (0.4034)  loss_bbox_enc_0: 1.0925 (1.0925)  loss_giou_enc_0: 2.0638 (2.0638)  loss_mal_dn_0: 1.3111 (1.3111)  loss_bbox_dn_0: 0.0505 (0.0505)  loss_giou_dn_0: 0.9076 (0.9076)  loss_fgl_dn_0: 1.1232 (1.1232)  loss_ddf_dn_0: 0.4406 (0.4406)  loss_mal_dn_1: 1.3458 (1.3458)  loss_bbox_dn_1: 0.0324 (0.0324)  loss_giou_dn_1: 0.7015 (0.7015)  loss_fgl_dn_1: 1.2018 (1.2018)  loss_ddf_dn_1: 0.0127 (0.0127)  loss_mal_dn_2: 1.0312 (1.0312)  loss_bbox_dn_2: 0.0327 (0.0327)  loss_giou_dn_2: 0.7002 (0.7002)  loss_fgl_dn_2: 1.2073 (1.2073)  loss_ddf_dn_2: -0.0000 (0.0000)  loss_mal_dn_pre: 1.2901 (1.2901)  loss_bbox_dn_pre: 0.0516 (0.0516)  loss_giou_dn_pre: 0.9142 (0.9142)  time: 0.9209  data: 0.2206  max mem: 5224
Epoch: [1/30]  [10/44]  eta: 0:00:20  lr: 0.000100  loss: 27.3134 (27.1111)  loss_mal: 0.7383 (0.6972)  loss_bbox: 0.1977 (0.2176)  loss_giou: 1.2439 (1.2985)  loss_fgl: 0.7897 (0.7687)  loss_mal_aux_0: 0.8667 (0.8388)  loss_bbox_aux_0: 0.2947 (0.2917)  loss_giou_aux_0: 1.4412 (1.4709)  loss_fgl_aux_0: 0.6792 (0.6785)  loss_ddf_aux_0: 0.1914 (0.1828)  loss_mal_aux_1: 0.7722 (0.7805)  loss_bbox_aux_1: 0.2420 (0.2531)  loss_giou_aux_1: 1.2995 (1.3377)  loss_fgl_aux_1: 0.7521 (0.7415)  loss_ddf_aux_1: 0.0227 (0.0221)  loss_mal_pre: 0.8699 (0.8251)  loss_bbox_pre: 0.2858 (0.3134)  loss_giou_pre: 1.3975 (1.4528)  loss_mal_enc_0: 0.6940 (0.6978)  loss_bbox_enc_0: 0.6109 (0.6252)  loss_giou_enc_0: 1.6744 (1.6708)  loss_mal_dn_0: 1.2829 (1.2857)  loss_bbox_dn_0: 0.0474 (0.0477)  loss_giou_dn_0: 0.8823 (0.8566)  loss_fgl_dn_0: 1.1380 (1.1384)  loss_ddf_dn_0: 0.6263 (0.5733)  loss_mal_dn_1: 1.1192 (1.0839)  loss_bbox_dn_1: 0.0324 (0.0316)  loss_giou_dn_1: 0.7110 (0.6992)  loss_fgl_dn_1: 1.2063 (1.2086)  loss_ddf_dn_1: 0.0287 (0.0280)  loss_mal_dn_2: 0.8942 (0.8668)  loss_bbox_dn_2: 0.0319 (0.0310)  loss_giou_dn_2: 0.6976 (0.6935)  loss_fgl_dn_2: 1.2239 (1.2185)  loss_ddf_dn_2: -0.0000 (0.0000)  loss_mal_dn_pre: 1.2866 (1.2732)  loss_bbox_dn_pre: 0.0476 (0.0485)  loss_giou_dn_pre: 0.8843 (0.8619)  time: 0.6114  data: 0.0337  max mem: 5224
Epoch: [1/30]  [20/44]  eta: 0:00:14  lr: 0.000100  loss: 26.2352 (26.4258)  loss_mal: 0.7626 (0.7385)  loss_bbox: 0.1344 (0.1607)  loss_giou: 1.1270 (1.1452)  loss_fgl: 0.8963 (0.8946)  loss_mal_aux_0: 0.9903 (0.9706)  loss_bbox_aux_0: 0.1776 (0.2167)  loss_giou_aux_0: 1.2627 (1.2881)  loss_fgl_aux_0: 0.8487 (0.8116)  loss_ddf_aux_0: 0.1782 (0.1732)  loss_mal_aux_1: 0.7406 (0.7461)  loss_bbox_aux_1: 0.1460 (0.1852)  loss_giou_aux_1: 1.1417 (1.1793)  loss_fgl_aux_1: 0.8682 (0.8701)  loss_ddf_aux_1: 0.0203 (0.0206)  loss_mal_pre: 0.9823 (0.9542)  loss_bbox_pre: 0.1906 (0.2349)  loss_giou_pre: 1.2443 (1.2758)  loss_mal_enc_0: 0.9141 (0.8965)  loss_bbox_enc_0: 0.3988 (0.4821)  loss_giou_enc_0: 1.4403 (1.5198)  loss_mal_dn_0: 1.2214 (1.2281)  loss_bbox_dn_0: 0.0386 (0.0412)  loss_giou_dn_0: 0.7982 (0.8099)  loss_fgl_dn_0: 1.1704 (1.1763)  loss_ddf_dn_0: 0.6761 (0.6614)  loss_mal_dn_1: 0.8370 (0.9437)  loss_bbox_dn_1: 0.0271 (0.0279)  loss_giou_dn_1: 0.6589 (0.6683)  loss_fgl_dn_1: 1.2349 (1.2354)  loss_ddf_dn_1: 0.0351 (0.0381)  loss_mal_dn_2: 0.7732 (0.8179)  loss_bbox_dn_2: 0.0269 (0.0278)  loss_giou_dn_2: 0.6525 (0.6661)  loss_fgl_dn_2: 1.2450 (1.2443)  loss_ddf_dn_2: -0.0000 (0.0000)  loss_mal_dn_pre: 1.2008 (1.2209)  loss_bbox_dn_pre: 0.0389 (0.0418)  loss_giou_dn_pre: 0.8052 (0.8130)  time: 0.5833  data: 0.0155  max mem: 5224
Epoch: [1/30]  [30/44]  eta: 0:00:08  lr: 0.000100  loss: 24.8653 (25.7144)  loss_mal: 0.8353 (0.7946)  loss_bbox: 0.0618 (0.1228)  loss_giou: 0.8650 (1.0148)  loss_fgl: 1.1349 (0.9911)  loss_mal_aux_0: 1.0932 (1.0069)  loss_bbox_aux_0: 0.0771 (0.1671)  loss_giou_aux_0: 0.9578 (1.1477)  loss_fgl_aux_0: 1.0606 (0.9169)  loss_ddf_aux_0: 0.1250 (0.1496)  loss_mal_aux_1: 0.8302 (0.7897)  loss_bbox_aux_1: 0.0606 (0.1407)  loss_giou_aux_1: 0.8846 (1.0425)  loss_fgl_aux_1: 1.1105 (0.9708)  loss_ddf_aux_1: 0.0176 (0.0189)  loss_mal_pre: 1.0849 (0.9968)  loss_bbox_pre: 0.0847 (0.1809)  loss_giou_pre: 0.9508 (1.1396)  loss_mal_enc_0: 1.2809 (1.0692)  loss_bbox_enc_0: 0.2149 (0.3827)  loss_giou_enc_0: 1.1984 (1.3809)  loss_mal_dn_0: 1.0561 (1.1264)  loss_bbox_dn_0: 0.0314 (0.0381)  loss_giou_dn_0: 0.7331 (0.7809)  loss_fgl_dn_0: 1.2318 (1.1993)  loss_ddf_dn_0: 0.6361 (0.6231)  loss_mal_dn_1: 0.7670 (0.8839)  loss_bbox_dn_1: 0.0228 (0.0263)  loss_giou_dn_1: 0.6311 (0.6499)  loss_fgl_dn_1: 1.2732 (1.2496)  loss_ddf_dn_1: 0.0426 (0.0372)  loss_mal_dn_2: 0.7551 (0.7971)  loss_bbox_dn_2: 0.0233 (0.0264)  loss_giou_dn_2: 0.6362 (0.6514)  loss_fgl_dn_2: 1.2785 (1.2568)  loss_ddf_dn_2: -0.0000 (0.0000)  loss_mal_dn_pre: 1.0863 (1.1227)  loss_bbox_dn_pre: 0.0313 (0.0384)  loss_giou_dn_pre: 0.7387 (0.7830)  time: 0.5956  data: 0.0155  max mem: 5224
Epoch: [1/30]  [40/44]  eta: 0:00:02  lr: 0.000100  loss: 23.3491 (25.0383)  loss_mal: 0.8855 (0.8158)  loss_bbox: 0.0309 (0.0997)  loss_giou: 0.6578 (0.9256)  loss_fgl: 1.2429 (1.0569)  loss_mal_aux_0: 1.0371 (1.0202)  loss_bbox_aux_0: 0.0393 (0.1341)  loss_giou_aux_0: 0.7441 (1.0334)  loss_fgl_aux_0: 1.2045 (0.9976)  loss_ddf_aux_0: 0.0743 (0.1283)  loss_mal_aux_1: 0.8759 (0.8158)  loss_bbox_aux_1: 0.0305 (0.1133)  loss_giou_aux_1: 0.6863 (0.9478)  loss_fgl_aux_1: 1.2281 (1.0410)  loss_ddf_aux_1: 0.0082 (0.0159)  loss_mal_pre: 1.0419 (1.0121)  loss_bbox_pre: 0.0413 (0.1447)  loss_giou_pre: 0.7424 (1.0263)  loss_mal_enc_0: 1.5618 (1.2074)  loss_bbox_enc_0: 0.1009 (0.3038)  loss_giou_enc_0: 0.9176 (1.2471)  loss_mal_dn_0: 0.7842 (1.0354)  loss_bbox_dn_0: 0.0308 (0.0364)  loss_giou_dn_0: 0.7067 (0.7606)  loss_fgl_dn_0: 1.2380 (1.2101)  loss_ddf_dn_0: 0.4576 (0.5727)  loss_mal_dn_1: 0.7469 (0.8492)  loss_bbox_dn_1: 0.0218 (0.0255)  loss_giou_dn_1: 0.5930 (0.6372)  loss_fgl_dn_1: 1.2673 (1.2532)  loss_ddf_dn_1: 0.0248 (0.0328)  loss_mal_dn_2: 0.7496 (0.7834)  loss_bbox_dn_2: 0.0230 (0.0257)  loss_giou_dn_2: 0.6033 (0.6385)  loss_fgl_dn_2: 1.2712 (1.2589)  loss_ddf_dn_2: -0.0000 (0.0000)  loss_mal_dn_pre: 0.7892 (1.0329)  loss_bbox_dn_pre: 0.0303 (0.0367)  loss_giou_dn_pre: 0.7086 (0.7622)  time: 0.6204  data: 0.0157  max mem: 5224
Epoch: [1/30]  [43/44]  eta: 0:00:00  lr: 0.000100  loss: 23.0547 (24.8871)  loss_mal: 0.8754 (0.8161)  loss_bbox: 0.0288 (0.0946)  loss_giou: 0.6546 (0.9038)  loss_fgl: 1.2437 (1.0728)  loss_mal_aux_0: 1.0887 (1.0353)  loss_bbox_aux_0: 0.0364 (0.1267)  loss_giou_aux_0: 0.6954 (1.0062)  loss_fgl_aux_0: 1.2163 (1.0170)  loss_ddf_aux_0: 0.0666 (0.1219)  loss_mal_aux_1: 0.8819 (0.8215)  loss_bbox_aux_1: 0.0297 (0.1072)  loss_giou_aux_1: 0.6625 (0.9249)  loss_fgl_aux_1: 1.2399 (1.0579)  loss_ddf_aux_1: 0.0073 (0.0151)  loss_mal_pre: 1.0849 (1.0270)  loss_bbox_pre: 0.0356 (0.1366)  loss_giou_pre: 0.6979 (0.9999)  loss_mal_enc_0: 1.6272 (1.2358)  loss_bbox_enc_0: 0.0633 (0.2860)  loss_giou_enc_0: 0.8749 (1.2150)  loss_mal_dn_0: 0.7632 (1.0158)  loss_bbox_dn_0: 0.0306 (0.0360)  loss_giou_dn_0: 0.7059 (0.7552)  loss_fgl_dn_0: 1.2380 (1.2136)  loss_ddf_dn_0: 0.4084 (0.5541)  loss_mal_dn_1: 0.7447 (0.8422)  loss_bbox_dn_1: 0.0218 (0.0251)  loss_giou_dn_1: 0.5930 (0.6313)  loss_fgl_dn_1: 1.2660 (1.2552)  loss_ddf_dn_1: 0.0190 (0.0315)  loss_mal_dn_2: 0.7485 (0.7811)  loss_bbox_dn_2: 0.0214 (0.0253)  loss_giou_dn_2: 0.5917 (0.6323)  loss_fgl_dn_2: 1.2700 (1.2607)  loss_ddf_dn_2: -0.0000 (0.0000)  loss_mal_dn_pre: 0.7605 (1.0133)  loss_bbox_dn_pre: 0.0302 (0.0363)  loss_giou_dn_pre: 0.7086 (0.7568)  time: 0.6174  data: 0.0156  max mem: 5224
Epoch: [1/30] Total time: 0:00:26 (0.6121 s / it)
Averaged stats: lr: 0.000100  loss: 23.0547 (24.8871)  loss_mal: 0.8754 (0.8161)  loss_bbox: 0.0288 (0.0946)  loss_giou: 0.6546 (0.9038)  loss_fgl: 1.2437 (1.0728)  loss_mal_aux_0: 1.0887 (1.0353)  loss_bbox_aux_0: 0.0364 (0.1267)  loss_giou_aux_0: 0.6954 (1.0062)  loss_fgl_aux_0: 1.2163 (1.0170)  loss_ddf_aux_0: 0.0666 (0.1219)  loss_mal_aux_1: 0.8819 (0.8215)  loss_bbox_aux_1: 0.0297 (0.1072)  loss_giou_aux_1: 0.6625 (0.9249)  loss_fgl_aux_1: 1.2399 (1.0579)  loss_ddf_aux_1: 0.0073 (0.0151)  loss_mal_pre: 1.0849 (1.0270)  loss_bbox_pre: 0.0356 (0.1366)  loss_giou_pre: 0.6979 (0.9999)  loss_mal_enc_0: 1.6272 (1.2358)  loss_bbox_enc_0: 0.0633 (0.2860)  loss_giou_enc_0: 0.8749 (1.2150)  loss_mal_dn_0: 0.7632 (1.0158)  loss_bbox_dn_0: 0.0306 (0.0360)  loss_giou_dn_0: 0.7059 (0.7552)  loss_fgl_dn_0: 1.2380 (1.2136)  loss_ddf_dn_0: 0.4084 (0.5541)  loss_mal_dn_1: 0.7447 (0.8422)  loss_bbox_dn_1: 0.0218 (0.0251)  loss_giou_dn_1: 0.5930 (0.6313)  loss_fgl_dn_1: 1.2660 (1.2552)  loss_ddf_dn_1: 0.0190 (0.0315)  loss_mal_dn_2: 0.7485 (0.7811)  loss_bbox_dn_2: 0.0214 (0.0253)  loss_giou_dn_2: 0.5917 (0.6323)  loss_fgl_dn_2: 1.2700 (1.2607)  loss_ddf_dn_2: -0.0000 (0.0000)  loss_mal_dn_pre: 0.7605 (1.0133)  loss_bbox_dn_pre: 0.0302 (0.0363)  loss_giou_dn_pre: 0.7086 (0.7568)
Test:  [0/9]  eta: 0:00:03    time: 0.3427  data: 0.2468  max mem: 5224
Test:  [8/9]  eta: 0:00:00    time: 0.1519  data: 0.0420  max mem: 5224
Test: Total time: 0:00:01 (0.1557 s / it)
Metrics: {'f1': 0, 'precision': 0, 'recall': 0.0, 'iou': 0.0, 'TPs': 0, 'FPs': 0, 'FNs': 144}
Averaged stats: 
Accumulating evaluation results...
COCOeval_opt.accumulate() finished...
DONE (t=0.01s).
IoU metric: bbox
 Average Precision  (AP) @[ IoU=0.50:0.95 | area=   all | maxDets=100 ] = 0.251
 Average Precision  (AP) @[ IoU=0.50      | area=   all | maxDets=100 ] = 0.684
 Average Precision  (AP) @[ IoU=0.75      | area=   all | maxDets=100 ] = 0.109
 Average Precision  (AP) @[ IoU=0.50:0.95 | area= small | maxDets=100 ] = 0.251
 Average Precision  (AP) @[ IoU=0.50:0.95 | area=medium | maxDets=100 ] = -1.000
 Average Precision  (AP) @[ IoU=0.50:0.95 | area= large | maxDets=100 ] = -1.000
 Average Recall     (AR) @[ IoU=0.50:0.95 | area=   all | maxDets=  1 ] = 0.196
 Average Recall     (AR) @[ IoU=0.50:0.95 | area=   all | maxDets= 10 ] = 0.462
 Average Recall     (AR) @[ IoU=0.50:0.95 | area=   all | maxDets=100 ] = 0.522
 Average Recall     (AR) @[ IoU=0.50:0.95 | area= small | maxDets=100 ] = 0.522
 Average Recall     (AR) @[ IoU=0.50:0.95 | area=medium | maxDets=100 ] = -1.000
 Average Recall     (AR) @[ IoU=0.50:0.95 | area= large | maxDets=100 ] = -1.000
 Average Recall     (AR) @[ IoU=0.50      | area=   all | maxDets=100 ] = 0.965
 Average Recall     (AR) @[ IoU=0.75      | area=   all | maxDets=100 ] = 0.472
best_stat: {'epoch': 1, 'coco_eval_bbox': 0.2507886805879704}
Epoch: [2/30]  [ 0/44]  eta: 0:00:38  lr: 0.000100  loss: 22.7346 (22.7346)  loss_mal: 0.8316 (0.8316)  loss_bbox: 0.0260 (0.0260)  loss_giou: 0.6277 (0.6277)  loss_fgl: 1.2586 (1.2586)  loss_mal_aux_0: 1.2020 (1.2020)  loss_bbox_aux_0: 0.0292 (0.0292)  loss_giou_aux_0: 0.6797 (0.6797)  loss_fgl_aux_0: 1.2349 (1.2349)  loss_ddf_aux_0: 0.0387 (0.0387)  loss_mal_aux_1: 0.8966 (0.8966)  loss_bbox_aux_1: 0.0267 (0.0267)  loss_giou_aux_1: 0.6412 (0.6412)  loss_fgl_aux_1: 1.2492 (1.2492)  loss_ddf_aux_1: 0.0051 (0.0051)  loss_mal_pre: 1.2117 (1.2117)  loss_bbox_pre: 0.0291 (0.0291)  loss_giou_pre: 0.6667 (0.6667)  loss_mal_enc_0: 1.3887 (1.3887)  loss_bbox_enc_0: 0.0533 (0.0533)  loss_giou_enc_0: 0.8618 (0.8618)  loss_mal_dn_0: 0.7342 (0.7342)  loss_bbox_dn_0: 0.0330 (0.0330)  loss_giou_dn_0: 0.7271 (0.7271)  loss_fgl_dn_0: 1.2304 (1.2304)  loss_ddf_dn_0: 0.3100 (0.3100)  loss_mal_dn_1: 0.7549 (0.7549)  loss_bbox_dn_1: 0.0228 (0.0228)  loss_giou_dn_1: 0.5880 (0.5880)  loss_fgl_dn_1: 1.2586 (1.2586)  loss_ddf_dn_1: 0.0125 (0.0125)  loss_mal_dn_2: 0.7370 (0.7370)  loss_bbox_dn_2: 0.0236 (0.0236)  loss_giou_dn_2: 0.5982 (0.5982)  loss_fgl_dn_2: 1.2558 (1.2558)  loss_ddf_dn_2: -0.0000 (0.0000)  loss_mal_dn_pre: 0.7343 (0.7343)  loss_bbox_dn_pre: 0.0330 (0.0330)  loss_giou_dn_pre: 0.7226 (0.7226)  time: 0.8746  data: 0.2352  max mem: 5224
Epoch: [2/30]  [10/44]  eta: 0:00:20  lr: 0.000100  loss: 22.4740 (22.4426)  loss_mal: 0.8199 (0.8068)  loss_bbox: 0.0249 (0.0238)  loss_giou: 0.6217 (0.6144)  loss_fgl: 1.2934 (1.2852)  loss_mal_aux_0: 1.2020 (1.1903)  loss_bbox_aux_0: 0.0268 (0.0254)  loss_giou_aux_0: 0.6595 (0.6300)  loss_fgl_aux_0: 1.2910 (1.2834)  loss_ddf_aux_0: 0.0368 (0.0352)  loss_mal_aux_1: 0.8385 (0.8292)  loss_bbox_aux_1: 0.0260 (0.0238)  loss_giou_aux_1: 0.6259 (0.6163)  loss_fgl_aux_1: 1.2951 (1.2843)  loss_ddf_aux_1: 0.0038 (0.0039)  loss_mal_pre: 1.2117 (1.1816)  loss_bbox_pre: 0.0263 (0.0250)  loss_giou_pre: 0.6596 (0.6213)  loss_mal_enc_0: 1.4888 (1.5079)  loss_bbox_enc_0: 0.0314 (0.0325)  loss_giou_enc_0: 0.6616 (0.6782)  loss_mal_dn_0: 0.7407 (0.7425)  loss_bbox_dn_0: 0.0302 (0.0301)  loss_giou_dn_0: 0.7055 (0.7006)  loss_fgl_dn_0: 1.2457 (1.2424)  loss_ddf_dn_0: 0.3209 (0.3415)  loss_mal_dn_1: 0.7507 (0.7529)  loss_bbox_dn_1: 0.0208 (0.0197)  loss_giou_dn_1: 0.5736 (0.5597)  loss_fgl_dn_1: 1.2720 (1.2728)  loss_ddf_dn_1: 0.0158 (0.0174)  loss_mal_dn_2: 0.7459 (0.7459)  loss_bbox_dn_2: 0.0207 (0.0196)  loss_giou_dn_2: 0.5727 (0.5571)  loss_fgl_dn_2: 1.2746 (1.2728)  loss_ddf_dn_2: -0.0000 (0.0000)  loss_mal_dn_pre: 0.7394 (0.7417)  loss_bbox_dn_pre: 0.0294 (0.0298)  loss_giou_dn_pre: 0.6956 (0.6976)  time: 0.6168  data: 0.0364  max mem: 5224
Epoch: [2/30]  [20/44]  eta: 0:00:14  lr: 0.000100  loss: 21.7601 (21.9123)  loss_mal: 0.7750 (0.7846)  loss_bbox: 0.0230 (0.0236)  loss_giou: 0.6041 (0.6061)  loss_fgl: 1.2810 (1.2820)  loss_mal_aux_0: 1.0818 (1.1204)  loss_bbox_aux_0: 0.0254 (0.0254)  loss_giou_aux_0: 0.6202 (0.6233)  loss_fgl_aux_0: 1.2880 (1.2808)  loss_ddf_aux_0: 0.0305 (0.0310)  loss_mal_aux_1: 0.8105 (0.8061)  loss_bbox_aux_1: 0.0233 (0.0239)  loss_giou_aux_1: 0.6021 (0.6099)  loss_fgl_aux_1: 1.2782 (1.2812)  loss_ddf_aux_1: 0.0033 (0.0034)  loss_mal_pre: 1.0884 (1.1179)  loss_bbox_pre: 0.0246 (0.0250)  loss_giou_pre: 0.6080 (0.6166)  loss_mal_enc_0: 1.3233 (1.3757)  loss_bbox_enc_0: 0.0285 (0.0309)  loss_giou_enc_0: 0.6589 (0.6659)  loss_mal_dn_0: 0.7427 (0.7442)  loss_bbox_dn_0: 0.0281 (0.0290)  loss_giou_dn_0: 0.6691 (0.6751)  loss_fgl_dn_0: 1.2463 (1.2487)  loss_ddf_dn_0: 0.2865 (0.2803)  loss_mal_dn_1: 0.7337 (0.7400)  loss_bbox_dn_1: 0.0186 (0.0189)  loss_giou_dn_1: 0.5400 (0.5438)  loss_fgl_dn_1: 1.2796 (1.2758)  loss_ddf_dn_1: 0.0146 (0.0141)  loss_mal_dn_2: 0.7272 (0.7324)  loss_bbox_dn_2: 0.0188 (0.0186)  loss_giou_dn_2: 0.5373 (0.5403)  loss_fgl_dn_2: 1.2811 (1.2759)  loss_ddf_dn_2: -0.0000 (0.0000)  loss_mal_dn_pre: 0.7447 (0.7457)  loss_bbox_dn_pre: 0.0269 (0.0281)  loss_giou_dn_pre: 0.6459 (0.6676)  time: 0.6077  data: 0.0161  max mem: 5224
Epoch: [2/30]  [30/44]  eta: 0:00:08  lr: 0.000100  loss: 21.0205 (21.5634)  loss_mal: 0.7291 (0.7649)  loss_bbox: 0.0219 (0.0228)  loss_giou: 0.5786 (0.6012)  loss_fgl: 1.2920 (1.2839)  loss_mal_aux_0: 1.0134 (1.0653)  loss_bbox_aux_0: 0.0233 (0.0240)  loss_giou_aux_0: 0.5974 (0.6124)  loss_fgl_aux_0: 1.2871 (1.2836)  loss_ddf_aux_0: 0.0227 (0.0282)  loss_mal_aux_1: 0.7567 (0.7883)  loss_bbox_aux_1: 0.0226 (0.0229)  loss_giou_aux_1: 0.5822 (0.6029)  loss_fgl_aux_1: 1.2890 (1.2829)  loss_ddf_aux_1: 0.0028 (0.0033)  loss_mal_pre: 1.0114 (1.0618)  loss_bbox_pre: 0.0232 (0.0238)  loss_giou_pre: 0.6026 (0.6082)  loss_mal_enc_0: 1.1766 (1.2949)  loss_bbox_enc_0: 0.0264 (0.0289)  loss_giou_enc_0: 0.6221 (0.6523)  loss_mal_dn_0: 0.7436 (0.7447)  loss_bbox_dn_0: 0.0257 (0.0271)  loss_giou_dn_0: 0.6364 (0.6597)  loss_fgl_dn_0: 1.2803 (1.2612)  loss_ddf_dn_0: 0.1765 (0.2354)  loss_mal_dn_1: 0.7199 (0.7328)  loss_bbox_dn_1: 0.0168 (0.0180)  loss_giou_dn_1: 0.5219 (0.5388)  loss_fgl_dn_1: 1.2889 (1.2833)  loss_ddf_dn_1: 0.0088 (0.0126)  loss_mal_dn_2: 0.7139 (0.7261)  loss_bbox_dn_2: 0.0166 (0.0180)  loss_giou_dn_2: 0.5301 (0.5386)  loss_fgl_dn_2: 1.2883 (1.2838)  loss_ddf_dn_2: -0.0000 (0.0000)  loss_mal_dn_pre: 0.7466 (0.7456)  loss_bbox_dn_pre: 0.0245 (0.0264)  loss_giou_dn_pre: 0.6341 (0.6547)  time: 0.6093  data: 0.0159  max mem: 5224
Epoch: [2/30]  [40/44]  eta: 0:00:02  lr: 0.000100  loss: 20.6465 (21.3092)  loss_mal: 0.7206 (0.7561)  loss_bbox: 0.0207 (0.0222)  loss_giou: 0.5709 (0.5950)  loss_fgl: 1.3004 (1.2869)  loss_mal_aux_0: 0.9083 (1.0202)  loss_bbox_aux_0: 0.0221 (0.0233)  loss_giou_aux_0: 0.5845 (0.6056)  loss_fgl_aux_0: 1.2923 (1.2864)  loss_ddf_aux_0: 0.0206 (0.0266)  loss_mal_aux_1: 0.7370 (0.7791)  loss_bbox_aux_1: 0.0205 (0.0223)  loss_giou_aux_1: 0.5672 (0.5958)  loss_fgl_aux_1: 1.2987 (1.2862)  loss_ddf_aux_1: 0.0025 (0.0029)  loss_mal_pre: 0.9074 (1.0172)  loss_bbox_pre: 0.0220 (0.0231)  loss_giou_pre: 0.5800 (0.6022)  loss_mal_enc_0: 1.1159 (1.2573)  loss_bbox_enc_0: 0.0237 (0.0274)  loss_giou_enc_0: 0.6098 (0.6401)  loss_mal_dn_0: 0.7457 (0.7453)  loss_bbox_dn_0: 0.0226 (0.0261)  loss_giou_dn_0: 0.6190 (0.6484)  loss_fgl_dn_0: 1.2849 (1.2669)  loss_ddf_dn_0: 0.1186 (0.2064)  loss_mal_dn_1: 0.7140 (0.7268)  loss_bbox_dn_1: 0.0154 (0.0174)  loss_giou_dn_1: 0.5073 (0.5285)  loss_fgl_dn_1: 1.3035 (1.2875)  loss_ddf_dn_1: 0.0078 (0.0111)  loss_mal_dn_2: 0.7078 (0.7204)  loss_bbox_dn_2: 0.0159 (0.0173)  loss_giou_dn_2: 0.5058 (0.5278)  loss_fgl_dn_2: 1.3051 (1.2882)  loss_ddf_dn_2: -0.0000 (0.0000)  loss_mal_dn_pre: 0.7445 (0.7458)  loss_bbox_dn_pre: 0.0229 (0.0255)  loss_giou_dn_pre: 0.6117 (0.6439)  time: 0.6279  data: 0.0163  max mem: 5224
Epoch: [2/30]  [43/44]  eta: 0:00:00  lr: 0.000100  loss: 20.5542 (21.2418)  loss_mal: 0.7157 (0.7542)  loss_bbox: 0.0221 (0.0224)  loss_giou: 0.5865 (0.5945)  loss_fgl: 1.2961 (1.2873)  loss_mal_aux_0: 0.8777 (1.0059)  loss_bbox_aux_0: 0.0226 (0.0235)  loss_giou_aux_0: 0.5974 (0.6052)  loss_fgl_aux_0: 1.2923 (1.2870)  loss_ddf_aux_0: 0.0203 (0.0261)  loss_mal_aux_1: 0.7299 (0.7765)  loss_bbox_aux_1: 0.0217 (0.0224)  loss_giou_aux_1: 0.5844 (0.5952)  loss_fgl_aux_1: 1.2934 (1.2866)  loss_ddf_aux_1: 0.0022 (0.0028)  loss_mal_pre: 0.8738 (1.0031)  loss_bbox_pre: 0.0227 (0.0233)  loss_giou_pre: 0.6026 (0.6020)  loss_mal_enc_0: 1.1074 (1.2468)  loss_bbox_enc_0: 0.0240 (0.0275)  loss_giou_enc_0: 0.6126 (0.6391)  loss_mal_dn_0: 0.7463 (0.7453)  loss_bbox_dn_0: 0.0229 (0.0259)  loss_giou_dn_0: 0.6064 (0.6434)  loss_fgl_dn_0: 1.2829 (1.2694)  loss_ddf_dn_0: 0.1080 (0.1992)  loss_mal_dn_1: 0.7109 (0.7248)  loss_bbox_dn_1: 0.0154 (0.0173)  loss_giou_dn_1: 0.4989 (0.5250)  loss_fgl_dn_1: 1.2991 (1.2891)  loss_ddf_dn_1: 0.0069 (0.0107)  loss_mal_dn_2: 0.7038 (0.7187)  loss_bbox_dn_2: 0.0159 (0.0172)  loss_giou_dn_2: 0.5023 (0.5245)  loss_fgl_dn_2: 1.3010 (1.2897)  loss_ddf_dn_2: -0.0000 (0.0000)  loss_mal_dn_pre: 0.7455 (0.7458)  loss_bbox_dn_pre: 0.0230 (0.0253)  loss_giou_dn_pre: 0.6015 (0.6391)  time: 0.6289  data: 0.0162  max mem: 5224
Epoch: [2/30] Total time: 0:00:27 (0.6248 s / it)
Averaged stats: lr: 0.000100  loss: 20.5542 (21.2418)  loss_mal: 0.7157 (0.7542)  loss_bbox: 0.0221 (0.0224)  loss_giou: 0.5865 (0.5945)  loss_fgl: 1.2961 (1.2873)  loss_mal_aux_0: 0.8777 (1.0059)  loss_bbox_aux_0: 0.0226 (0.0235)  loss_giou_aux_0: 0.5974 (0.6052)  loss_fgl_aux_0: 1.2923 (1.2870)  loss_ddf_aux_0: 0.0203 (0.0261)  loss_mal_aux_1: 0.7299 (0.7765)  loss_bbox_aux_1: 0.0217 (0.0224)  loss_giou_aux_1: 0.5844 (0.5952)  loss_fgl_aux_1: 1.2934 (1.2866)  loss_ddf_aux_1: 0.0022 (0.0028)  loss_mal_pre: 0.8738 (1.0031)  loss_bbox_pre: 0.0227 (0.0233)  loss_giou_pre: 0.6026 (0.6020)  loss_mal_enc_0: 1.1074 (1.2468)  loss_bbox_enc_0: 0.0240 (0.0275)  loss_giou_enc_0: 0.6126 (0.6391)  loss_mal_dn_0: 0.7463 (0.7453)  loss_bbox_dn_0: 0.0229 (0.0259)  loss_giou_dn_0: 0.6064 (0.6434)  loss_fgl_dn_0: 1.2829 (1.2694)  loss_ddf_dn_0: 0.1080 (0.1992)  loss_mal_dn_1: 0.7109 (0.7248)  loss_bbox_dn_1: 0.0154 (0.0173)  loss_giou_dn_1: 0.4989 (0.5250)  loss_fgl_dn_1: 1.2991 (1.2891)  loss_ddf_dn_1: 0.0069 (0.0107)  loss_mal_dn_2: 0.7038 (0.7187)  loss_bbox_dn_2: 0.0159 (0.0172)  loss_giou_dn_2: 0.5023 (0.5245)  loss_fgl_dn_2: 1.3010 (1.2897)  loss_ddf_dn_2: -0.0000 (0.0000)  loss_mal_dn_pre: 0.7455 (0.7458)  loss_bbox_dn_pre: 0.0230 (0.0253)  loss_giou_dn_pre: 0.6015 (0.6391)
Test:  [0/9]  eta: 0:00:04    time: 0.4895  data: 0.2294  max mem: 5224
Test:  [8/9]  eta: 0:00:00    time: 0.1438  data: 0.0397  max mem: 5224
Test: Total time: 0:00:01 (0.1493 s / it)
Metrics: {'f1': 0.6755555555555555, 'precision': 0.9382716049382716, 'recall': 0.5277777777777778, 'iou': 0.36351567906821336, 'TPs': 76, 'FPs': 5, 'FNs': 68}
Averaged stats: 
Accumulating evaluation results...
COCOeval_opt.accumulate() finished...
DONE (t=0.01s).
IoU metric: bbox
 Average Precision  (AP) @[ IoU=0.50:0.95 | area=   all | maxDets=100 ] = 0.336
 Average Precision  (AP) @[ IoU=0.50      | area=   all | maxDets=100 ] = 0.893
 Average Precision  (AP) @[ IoU=0.75      | area=   all | maxDets=100 ] = 0.147
 Average Precision  (AP) @[ IoU=0.50:0.95 | area= small | maxDets=100 ] = 0.336
 Average Precision  (AP) @[ IoU=0.50:0.95 | area=medium | maxDets=100 ] = -1.000
 Average Precision  (AP) @[ IoU=0.50:0.95 | area= large | maxDets=100 ] = -1.000
 Average Recall     (AR) @[ IoU=0.50:0.95 | area=   all | maxDets=  1 ] = 0.192
 Average Recall     (AR) @[ IoU=0.50:0.95 | area=   all | maxDets= 10 ] = 0.474
 Average Recall     (AR) @[ IoU=0.50:0.95 | area=   all | maxDets=100 ] = 0.585
 Average Recall     (AR) @[ IoU=0.50:0.95 | area= small | maxDets=100 ] = 0.585
 Average Recall     (AR) @[ IoU=0.50:0.95 | area=medium | maxDets=100 ] = -1.000
 Average Recall     (AR) @[ IoU=0.50:0.95 | area= large | maxDets=100 ] = -1.000
 Average Recall     (AR) @[ IoU=0.50      | area=   all | maxDets=100 ] = 0.986
 Average Recall     (AR) @[ IoU=0.75      | area=   all | maxDets=100 ] = 0.618
best_stat: {'epoch': 2, 'coco_eval_bbox': 0.3358414340610954}
Epoch: [3/30]  [ 0/44]  eta: 0:00:31  lr: 0.000100  loss: 20.4051 (20.4051)  loss_mal: 0.7007 (0.7007)  loss_bbox: 0.0274 (0.0274)  loss_giou: 0.6979 (0.6979)  loss_fgl: 1.2152 (1.2152)  loss_mal_aux_0: 0.7778 (0.7778)  loss_bbox_aux_0: 0.0272 (0.0272)  loss_giou_aux_0: 0.6933 (0.6933)  loss_fgl_aux_0: 1.2182 (1.2182)  loss_ddf_aux_0: 0.0155 (0.0155)  loss_mal_aux_1: 0.6976 (0.6976)  loss_bbox_aux_1: 0.0272 (0.0272)  loss_giou_aux_1: 0.6935 (0.6935)  loss_fgl_aux_1: 1.2163 (1.2163)  loss_ddf_aux_1: 0.0013 (0.0013)  loss_mal_pre: 0.7752 (0.7752)  loss_bbox_pre: 0.0268 (0.0268)  loss_giou_pre: 0.6906 (0.6906)  loss_mal_enc_0: 0.9578 (0.9578)  loss_bbox_enc_0: 0.0305 (0.0305)  loss_giou_enc_0: 0.7361 (0.7361)  loss_mal_dn_0: 0.7499 (0.7499)  loss_bbox_dn_0: 0.0187 (0.0187)  loss_giou_dn_0: 0.6160 (0.6160)  loss_fgl_dn_0: 1.2614 (1.2614)  loss_ddf_dn_0: 0.1130 (0.1130)  loss_mal_dn_1: 0.7077 (0.7077)  loss_bbox_dn_1: 0.0125 (0.0125)  loss_giou_dn_1: 0.5054 (0.5054)  loss_fgl_dn_1: 1.2838 (1.2838)  loss_ddf_dn_1: 0.0055 (0.0055)  loss_mal_dn_2: 0.7016 (0.7016)  loss_bbox_dn_2: 0.0133 (0.0133)  loss_giou_dn_2: 0.5189 (0.5189)  loss_fgl_dn_2: 1.2826 (1.2826)  loss_ddf_dn_2: -0.0000 (0.0000)  loss_mal_dn_pre: 0.7474 (0.7474)  loss_bbox_dn_pre: 0.0192 (0.0192)  loss_giou_dn_pre: 0.6220 (0.6220)  time: 0.7259  data: 0.2547  max mem: 5224
Epoch: [3/30]  [10/44]  eta: 0:00:21  lr: 0.000100  loss: 19.9571 (20.0612)  loss_mal: 0.7218 (0.7268)  loss_bbox: 0.0201 (0.0196)  loss_giou: 0.5291 (0.5411)  loss_fgl: 1.3242 (1.3124)  loss_mal_aux_0: 0.8595 (0.8564)  loss_bbox_aux_0: 0.0213 (0.0202)  loss_giou_aux_0: 0.5466 (0.5549)  loss_fgl_aux_0: 1.3220 (1.3083)  loss_ddf_aux_0: 0.0168 (0.0172)  loss_mal_aux_1: 0.7446 (0.7466)  loss_bbox_aux_1: 0.0202 (0.0196)  loss_giou_aux_1: 0.5308 (0.5428)  loss_fgl_aux_1: 1.3227 (1.3109)  loss_ddf_aux_1: 0.0013 (0.0012)  loss_mal_pre: 0.8580 (0.8526)  loss_bbox_pre: 0.0213 (0.0201)  loss_giou_pre: 0.5479 (0.5532)  loss_mal_enc_0: 1.0431 (1.0326)  loss_bbox_enc_0: 0.0241 (0.0226)  loss_giou_enc_0: 0.5940 (0.5875)  loss_mal_dn_0: 0.7477 (0.7459)  loss_bbox_dn_0: 0.0193 (0.0197)  loss_giou_dn_0: 0.5676 (0.5644)  loss_fgl_dn_0: 1.2941 (1.2986)  loss_ddf_dn_0: 0.1109 (0.1077)  loss_mal_dn_1: 0.7035 (0.6966)  loss_bbox_dn_1: 0.0126 (0.0131)  loss_giou_dn_1: 0.4519 (0.4557)  loss_fgl_dn_1: 1.3080 (1.3106)  loss_ddf_dn_1: 0.0036 (0.0039)  loss_mal_dn_2: 0.6909 (0.6909)  loss_bbox_dn_2: 0.0131 (0.0132)  loss_giou_dn_2: 0.4516 (0.4553)  loss_fgl_dn_2: 1.3091 (1.3110)  loss_ddf_dn_2: -0.0000 (0.0000)  loss_mal_dn_pre: 0.7474 (0.7453)  loss_bbox_dn_pre: 0.0192 (0.0196)  loss_giou_dn_pre: 0.5657 (0.5630)  time: 0.6408  data: 0.0369  max mem: 5224
Epoch: [3/30]  [20/44]  eta: 0:00:14  lr: 0.000100  loss: 19.9571 (20.0334)  loss_mal: 0.7187 (0.7176)  loss_bbox: 0.0199 (0.0202)  loss_giou: 0.5298 (0.5536)  loss_fgl: 1.3097 (1.3063)  loss_mal_aux_0: 0.8099 (0.8223)  loss_bbox_aux_0: 0.0213 (0.0213)  loss_giou_aux_0: 0.5582 (0.5715)  loss_fgl_aux_0: 1.3037 (1.3035)  loss_ddf_aux_0: 0.0176 (0.0178)  loss_mal_aux_1: 0.7332 (0.7357)  loss_bbox_aux_1: 0.0202 (0.0203)  loss_giou_aux_1: 0.5374 (0.5558)  loss_fgl_aux_1: 1.3084 (1.3056)  loss_ddf_aux_1: 0.0013 (0.0013)  loss_mal_pre: 0.8076 (0.8196)  loss_bbox_pre: 0.0214 (0.0213)  loss_giou_pre: 0.5614 (0.5703)  loss_mal_enc_0: 1.0161 (1.0067)  loss_bbox_enc_0: 0.0236 (0.0229)  loss_giou_enc_0: 0.5898 (0.5929)  loss_mal_dn_0: 0.7448 (0.7454)  loss_bbox_dn_0: 0.0208 (0.0209)  loss_giou_dn_0: 0.5676 (0.5765)  loss_fgl_dn_0: 1.2941 (1.2987)  loss_ddf_dn_0: 0.1021 (0.1065)  loss_mal_dn_1: 0.6863 (0.6939)  loss_bbox_dn_1: 0.0132 (0.0135)  loss_giou_dn_1: 0.4519 (0.4603)  loss_fgl_dn_1: 1.3127 (1.3122)  loss_ddf_dn_1: 0.0028 (0.0034)  loss_mal_dn_2: 0.6817 (0.6888)  loss_bbox_dn_2: 0.0131 (0.0135)  loss_giou_dn_2: 0.4516 (0.4596)  loss_fgl_dn_2: 1.3139 (1.3128)  loss_ddf_dn_2: -0.0000 (0.0000)  loss_mal_dn_pre: 0.7443 (0.7445)  loss_bbox_dn_pre: 0.0205 (0.0208)  loss_giou_dn_pre: 0.5664 (0.5756)  time: 0.6126  data: 0.0160  max mem: 5224
Epoch: [3/30]  [30/44]  eta: 0:00:08  lr: 0.000100  loss: 19.8034 (19.9500)  loss_mal: 0.6976 (0.7115)  loss_bbox: 0.0199 (0.0205)  loss_giou: 0.5490 (0.5580)  loss_fgl: 1.3031 (1.3039)  loss_mal_aux_0: 0.7727 (0.8060)  loss_bbox_aux_0: 0.0212 (0.0210)  loss_giou_aux_0: 0.5582 (0.5660)  loss_fgl_aux_0: 1.3037 (1.3028)  loss_ddf_aux_0: 0.0179 (0.0181)  loss_mal_aux_1: 0.7073 (0.7265)  loss_bbox_aux_1: 0.0204 (0.0206)  loss_giou_aux_1: 0.5509 (0.5589)  loss_fgl_aux_1: 1.3034 (1.3033)  loss_ddf_aux_1: 0.0012 (0.0012)  loss_mal_pre: 0.7713 (0.8035)  loss_bbox_pre: 0.0213 (0.0210)  loss_giou_pre: 0.5618 (0.5654)  loss_mal_enc_0: 0.9657 (0.9948)  loss_bbox_enc_0: 0.0221 (0.0226)  loss_giou_enc_0: 0.5750 (0.5869)  loss_mal_dn_0: 0.7448 (0.7456)  loss_bbox_dn_0: 0.0198 (0.0206)  loss_giou_dn_0: 0.5647 (0.5718)  loss_fgl_dn_0: 1.2961 (1.2976)  loss_ddf_dn_0: 0.1055 (0.1074)  loss_mal_dn_1: 0.6886 (0.6932)  loss_bbox_dn_1: 0.0140 (0.0137)  loss_giou_dn_1: 0.4753 (0.4648)  loss_fgl_dn_1: 1.3064 (1.3095)  loss_ddf_dn_1: 0.0025 (0.0031)  loss_mal_dn_2: 0.6817 (0.6884)  loss_bbox_dn_2: 0.0137 (0.0136)  loss_giou_dn_2: 0.4718 (0.4635)  loss_fgl_dn_2: 1.3067 (1.3101)  loss_ddf_dn_2: -0.0000 (0.0000)  loss_mal_dn_pre: 0.7439 (0.7446)  loss_bbox_dn_pre: 0.0194 (0.0204)  loss_giou_dn_pre: 0.5664 (0.5697)  time: 0.6064  data: 0.0163  max mem: 5224
Epoch: [3/30]  [40/44]  eta: 0:00:02  lr: 0.000100  loss: 19.5361 (19.8578)  loss_mal: 0.6962 (0.7085)  loss_bbox: 0.0187 (0.0203)  loss_giou: 0.5424 (0.5584)  loss_fgl: 1.3054 (1.3033)  loss_mal_aux_0: 0.7592 (0.7937)  loss_bbox_aux_0: 0.0189 (0.0207)  loss_giou_aux_0: 0.5363 (0.5637)  loss_fgl_aux_0: 1.3046 (1.3026)  loss_ddf_aux_0: 0.0153 (0.0169)  loss_mal_aux_1: 0.7030 (0.7216)  loss_bbox_aux_1: 0.0190 (0.0203)  loss_giou_aux_1: 0.5440 (0.5591)  loss_fgl_aux_1: 1.3041 (1.3026)  loss_ddf_aux_1: 0.0009 (0.0011)  loss_mal_pre: 0.7592 (0.7916)  loss_bbox_pre: 0.0188 (0.0206)  loss_giou_pre: 0.5377 (0.5631)  loss_mal_enc_0: 0.9430 (0.9771)  loss_bbox_enc_0: 0.0204 (0.0222)  loss_giou_enc_0: 0.5565 (0.5828)  loss_mal_dn_0: 0.7441 (0.7444)  loss_bbox_dn_0: 0.0192 (0.0202)  loss_giou_dn_0: 0.5511 (0.5662)  loss_fgl_dn_0: 1.3003 (1.2983)  loss_ddf_dn_0: 0.0919 (0.0991)  loss_mal_dn_1: 0.6865 (0.6908)  loss_bbox_dn_1: 0.0134 (0.0136)  loss_giou_dn_1: 0.4584 (0.4630)  loss_fgl_dn_1: 1.3108 (1.3099)  loss_ddf_dn_1: 0.0020 (0.0028)  loss_mal_dn_2: 0.6813 (0.6864)  loss_bbox_dn_2: 0.0132 (0.0135)  loss_giou_dn_2: 0.4533 (0.4616)  loss_fgl_dn_2: 1.3107 (1.3105)  loss_ddf_dn_2: -0.0000 (0.0000)  loss_mal_dn_pre: 0.7436 (0.7433)  loss_bbox_dn_pre: 0.0190 (0.0200)  loss_giou_dn_pre: 0.5447 (0.5642)  time: 0.6076  data: 0.0166  max mem: 5224
Epoch: [3/30]  [43/44]  eta: 0:00:00  lr: 0.000100  loss: 19.5180 (19.8268)  loss_mal: 0.6943 (0.7074)  loss_bbox: 0.0186 (0.0202)  loss_giou: 0.5372 (0.5594)  loss_fgl: 1.3063 (1.3013)  loss_mal_aux_0: 0.7560 (0.7901)  loss_bbox_aux_0: 0.0184 (0.0206)  loss_giou_aux_0: 0.5337 (0.5641)  loss_fgl_aux_0: 1.3088 (1.3009)  loss_ddf_aux_0: 0.0136 (0.0166)  loss_mal_aux_1: 0.7030 (0.7201)  loss_bbox_aux_1: 0.0182 (0.0203)  loss_giou_aux_1: 0.5352 (0.5605)  loss_fgl_aux_1: 1.3044 (1.3006)  loss_ddf_aux_1: 0.0009 (0.0011)  loss_mal_pre: 0.7538 (0.7881)  loss_bbox_pre: 0.0185 (0.0206)  loss_giou_pre: 0.5328 (0.5636)  loss_mal_enc_0: 0.9310 (0.9707)  loss_bbox_enc_0: 0.0201 (0.0222)  loss_giou_enc_0: 0.5525 (0.5844)  loss_mal_dn_0: 0.7406 (0.7443)  loss_bbox_dn_0: 0.0190 (0.0200)  loss_giou_dn_0: 0.5413 (0.5649)  loss_fgl_dn_0: 1.3001 (1.2967)  loss_ddf_dn_0: 0.0816 (0.0963)  loss_mal_dn_1: 0.6859 (0.6902)  loss_bbox_dn_1: 0.0129 (0.0135)  loss_giou_dn_1: 0.4548 (0.4625)  loss_fgl_dn_1: 1.3041 (1.3081)  loss_ddf_dn_1: 0.0019 (0.0027)  loss_mal_dn_2: 0.6800 (0.6858)  loss_bbox_dn_2: 0.0129 (0.0134)  loss_giou_dn_2: 0.4507 (0.4607)  loss_fgl_dn_2: 1.3047 (1.3087)  loss_ddf_dn_2: -0.0000 (0.0000)  loss_mal_dn_pre: 0.7398 (0.7432)  loss_bbox_dn_pre: 0.0188 (0.0198)  loss_giou_dn_pre: 0.5381 (0.5632)  time: 0.5950  data: 0.0167  max mem: 5224
Epoch: [3/30] Total time: 0:00:26 (0.6050 s / it)
Averaged stats: lr: 0.000100  loss: 19.5180 (19.8268)  loss_mal: 0.6943 (0.7074)  loss_bbox: 0.0186 (0.0202)  loss_giou: 0.5372 (0.5594)  loss_fgl: 1.3063 (1.3013)  loss_mal_aux_0: 0.7560 (0.7901)  loss_bbox_aux_0: 0.0184 (0.0206)  loss_giou_aux_0: 0.5337 (0.5641)  loss_fgl_aux_0: 1.3088 (1.3009)  loss_ddf_aux_0: 0.0136 (0.0166)  loss_mal_aux_1: 0.7030 (0.7201)  loss_bbox_aux_1: 0.0182 (0.0203)  loss_giou_aux_1: 0.5352 (0.5605)  loss_fgl_aux_1: 1.3044 (1.3006)  loss_ddf_aux_1: 0.0009 (0.0011)  loss_mal_pre: 0.7538 (0.7881)  loss_bbox_pre: 0.0185 (0.0206)  loss_giou_pre: 0.5328 (0.5636)  loss_mal_enc_0: 0.9310 (0.9707)  loss_bbox_enc_0: 0.0201 (0.0222)  loss_giou_enc_0: 0.5525 (0.5844)  loss_mal_dn_0: 0.7406 (0.7443)  loss_bbox_dn_0: 0.0190 (0.0200)  loss_giou_dn_0: 0.5413 (0.5649)  loss_fgl_dn_0: 1.3001 (1.2967)  loss_ddf_dn_0: 0.0816 (0.0963)  loss_mal_dn_1: 0.6859 (0.6902)  loss_bbox_dn_1: 0.0129 (0.0135)  loss_giou_dn_1: 0.4548 (0.4625)  loss_fgl_dn_1: 1.3041 (1.3081)  loss_ddf_dn_1: 0.0019 (0.0027)  loss_mal_dn_2: 0.6800 (0.6858)  loss_bbox_dn_2: 0.0129 (0.0134)  loss_giou_dn_2: 0.4507 (0.4607)  loss_fgl_dn_2: 1.3047 (1.3087)  loss_ddf_dn_2: -0.0000 (0.0000)  loss_mal_dn_pre: 0.7398 (0.7432)  loss_bbox_dn_pre: 0.0188 (0.0198)  loss_giou_dn_pre: 0.5381 (0.5632)
Test:  [0/9]  eta: 0:00:02    time: 0.3285  data: 0.2561  max mem: 5224
Test:  [8/9]  eta: 0:00:00    time: 0.1261  data: 0.0411  max mem: 5224
Test: Total time: 0:00:01 (0.1302 s / it)
Metrics: {'f1': 0.8225806451612903, 'precision': 0.9807692307692307, 'recall': 0.7083333333333334, 'iou': 0.49065493720851533, 'TPs': 102, 'FPs': 2, 'FNs': 42}
Averaged stats: 
Accumulating evaluation results...
COCOeval_opt.accumulate() finished...
DONE (t=0.01s).
IoU metric: bbox
 Average Precision  (AP) @[ IoU=0.50:0.95 | area=   all | maxDets=100 ] = 0.372
 Average Precision  (AP) @[ IoU=0.50      | area=   all | maxDets=100 ] = 0.969
 Average Precision  (AP) @[ IoU=0.75      | area=   all | maxDets=100 ] = 0.160
 Average Precision  (AP) @[ IoU=0.50:0.95 | area= small | maxDets=100 ] = 0.372
 Average Precision  (AP) @[ IoU=0.50:0.95 | area=medium | maxDets=100 ] = -1.000
 Average Precision  (AP) @[ IoU=0.50:0.95 | area= large | maxDets=100 ] = -1.000
 Average Recall     (AR) @[ IoU=0.50:0.95 | area=   all | maxDets=  1 ] = 0.205
 Average Recall     (AR) @[ IoU=0.50:0.95 | area=   all | maxDets= 10 ] = 0.497
 Average Recall     (AR) @[ IoU=0.50:0.95 | area=   all | maxDets=100 ] = 0.608
 Average Recall     (AR) @[ IoU=0.50:0.95 | area= small | maxDets=100 ] = 0.608
 Average Recall     (AR) @[ IoU=0.50:0.95 | area=medium | maxDets=100 ] = -1.000
 Average Recall     (AR) @[ IoU=0.50:0.95 | area= large | maxDets=100 ] = -1.000
 Average Recall     (AR) @[ IoU=0.50      | area=   all | maxDets=100 ] = 1.000
 Average Recall     (AR) @[ IoU=0.75      | area=   all | maxDets=100 ] = 0.674
best_stat: {'epoch': 3, 'coco_eval_bbox': 0.3716614965139037}
Epoch: [4/30]  [ 0/44]  eta: 0:00:41  lr: 0.000100  loss: 18.8920 (18.8920)  loss_mal: 0.6914 (0.6914)  loss_bbox: 0.0133 (0.0133)  loss_giou: 0.4857 (0.4857)  loss_fgl: 1.2882 (1.2882)  loss_mal_aux_0: 0.7866 (0.7866)  loss_bbox_aux_0: 0.0142 (0.0142)  loss_giou_aux_0: 0.5030 (0.5030)  loss_fgl_aux_0: 1.2851 (1.2851)  loss_ddf_aux_0: 0.0142 (0.0142)  loss_mal_aux_1: 0.7116 (0.7116)  loss_bbox_aux_1: 0.0139 (0.0139)  loss_giou_aux_1: 0.4927 (0.4927)  loss_fgl_aux_1: 1.2868 (1.2868)  loss_ddf_aux_1: 0.0011 (0.0011)  loss_mal_pre: 0.7851 (0.7851)  loss_bbox_pre: 0.0146 (0.0146)  loss_giou_pre: 0.5118 (0.5118)  loss_mal_enc_0: 0.9639 (0.9639)  loss_bbox_enc_0: 0.0170 (0.0170)  loss_giou_enc_0: 0.5395 (0.5395)  loss_mal_dn_0: 0.7275 (0.7275)  loss_bbox_dn_0: 0.0135 (0.0135)  loss_giou_dn_0: 0.4746 (0.4746)  loss_fgl_dn_0: 1.3123 (1.3123)  loss_ddf_dn_0: 0.0533 (0.0533)  loss_mal_dn_1: 0.6528 (0.6528)  loss_bbox_dn_1: 0.0079 (0.0079)  loss_giou_dn_1: 0.3581 (0.3581)  loss_fgl_dn_1: 1.3243 (1.3243)  loss_ddf_dn_1: 0.0013 (0.0013)  loss_mal_dn_2: 0.6459 (0.6459)  loss_bbox_dn_2: 0.0078 (0.0078)  loss_giou_dn_2: 0.3542 (0.3542)  loss_fgl_dn_2: 1.3238 (1.3238)  loss_ddf_dn_2: -0.0000 (0.0000)  loss_mal_dn_pre: 0.7279 (0.7279)  loss_bbox_dn_pre: 0.0134 (0.0134)  loss_giou_dn_pre: 0.4737 (0.4737)  time: 0.9380  data: 0.2418  max mem: 5224
Epoch: [4/30]  [10/44]  eta: 0:00:22  lr: 0.000100  loss: 19.5400 (19.5553)  loss_mal: 0.6988 (0.6959)  loss_bbox: 0.0213 (0.0196)  loss_giou: 0.5625 (0.5581)  loss_fgl: 1.3177 (1.3104)  loss_mal_aux_0: 0.7593 (0.7684)  loss_bbox_aux_0: 0.0216 (0.0201)  loss_giou_aux_0: 0.5885 (0.5659)  loss_fgl_aux_0: 1.3113 (1.3091)  loss_ddf_aux_0: 0.0122 (0.0125)  loss_mal_aux_1: 0.7065 (0.7086)  loss_bbox_aux_1: 0.0208 (0.0195)  loss_giou_aux_1: 0.5562 (0.5571)  loss_fgl_aux_1: 1.3131 (1.3102)  loss_ddf_aux_1: 0.0009 (0.0009)  loss_mal_pre: 0.7556 (0.7664)  loss_bbox_pre: 0.0212 (0.0200)  loss_giou_pre: 0.5684 (0.5630)  loss_mal_enc_0: 0.8952 (0.9015)  loss_bbox_enc_0: 0.0222 (0.0208)  loss_giou_enc_0: 0.5865 (0.5843)  loss_mal_dn_0: 0.7375 (0.7371)  loss_bbox_dn_0: 0.0170 (0.0174)  loss_giou_dn_0: 0.5260 (0.5325)  loss_fgl_dn_0: 1.3176 (1.3130)  loss_ddf_dn_0: 0.0810 (0.0809)  loss_mal_dn_1: 0.6765 (0.6775)  loss_bbox_dn_1: 0.0123 (0.0117)  loss_giou_dn_1: 0.4302 (0.4284)  loss_fgl_dn_1: 1.3247 (1.3230)  loss_ddf_dn_1: 0.0023 (0.0023)  loss_mal_dn_2: 0.6706 (0.6745)  loss_bbox_dn_2: 0.0119 (0.0116)  loss_giou_dn_2: 0.4247 (0.4272)  loss_fgl_dn_2: 1.3256 (1.3236)  loss_ddf_dn_2: -0.0000 (0.0000)  loss_mal_dn_pre: 0.7371 (0.7357)  loss_bbox_dn_pre: 0.0168 (0.0172)  loss_giou_dn_pre: 0.5229 (0.5293)  time: 0.6660  data: 0.0364  max mem: 5224
Epoch: [4/30]  [20/44]  eta: 0:00:14  lr: 0.000100  loss: 19.4610 (19.4005)  loss_mal: 0.6898 (0.6942)  loss_bbox: 0.0197 (0.0190)  loss_giou: 0.5543 (0.5430)  loss_fgl: 1.3135 (1.3056)  loss_mal_aux_0: 0.7445 (0.7574)  loss_bbox_aux_0: 0.0205 (0.0193)  loss_giou_aux_0: 0.5560 (0.5473)  loss_fgl_aux_0: 1.3105 (1.3055)  loss_ddf_aux_0: 0.0114 (0.0114)  loss_mal_aux_1: 0.7039 (0.7072)  loss_bbox_aux_1: 0.0195 (0.0190)  loss_giou_aux_1: 0.5440 (0.5427)  loss_fgl_aux_1: 1.3127 (1.3052)  loss_ddf_aux_1: 0.0009 (0.0009)  loss_mal_pre: 0.7481 (0.7567)  loss_bbox_pre: 0.0203 (0.0193)  loss_giou_pre: 0.5500 (0.5458)  loss_mal_enc_0: 0.8875 (0.8914)  loss_bbox_enc_0: 0.0215 (0.0203)  loss_giou_enc_0: 0.5594 (0.5651)  loss_mal_dn_0: 0.7375 (0.7360)  loss_bbox_dn_0: 0.0177 (0.0182)  loss_giou_dn_0: 0.5436 (0.5372)  loss_fgl_dn_0: 1.3098 (1.3028)  loss_ddf_dn_0: 0.0810 (0.0813)  loss_mal_dn_1: 0.6765 (0.6774)  loss_bbox_dn_1: 0.0120 (0.0120)  loss_giou_dn_1: 0.4250 (0.4321)  loss_fgl_dn_1: 1.3142 (1.3113)  loss_ddf_dn_1: 0.0023 (0.0024)  loss_mal_dn_2: 0.6706 (0.6724)  loss_bbox_dn_2: 0.0119 (0.0119)  loss_giou_dn_2: 0.4247 (0.4289)  loss_fgl_dn_2: 1.3153 (1.3122)  loss_ddf_dn_2: -0.0000 (0.0000)  loss_mal_dn_pre: 0.7367 (0.7350)  loss_bbox_dn_pre: 0.0181 (0.0181)  loss_giou_dn_pre: 0.5303 (0.5351)  time: 0.5886  data: 0.0156  max mem: 5224
Epoch: [4/30]  [30/44]  eta: 0:00:07  lr: 0.000100  loss: 19.3439 (19.4103)  loss_mal: 0.6917 (0.6967)  loss_bbox: 0.0173 (0.0186)  loss_giou: 0.5401 (0.5403)  loss_fgl: 1.2927 (1.3061)  loss_mal_aux_0: 0.7445 (0.7565)  loss_bbox_aux_0: 0.0183 (0.0192)  loss_giou_aux_0: 0.5414 (0.5488)  loss_fgl_aux_0: 1.2911 (1.3055)  loss_ddf_aux_0: 0.0110 (0.0116)  loss_mal_aux_1: 0.7035 (0.7116)  loss_bbox_aux_1: 0.0174 (0.0186)  loss_giou_aux_1: 0.5409 (0.5409)  loss_fgl_aux_1: 1.2911 (1.3055)  loss_ddf_aux_1: 0.0009 (0.0009)  loss_mal_pre: 0.7481 (0.7555)  loss_bbox_pre: 0.0183 (0.0192)  loss_giou_pre: 0.5422 (0.5469)  loss_mal_enc_0: 0.8680 (0.8838)  loss_bbox_enc_0: 0.0184 (0.0201)  loss_giou_enc_0: 0.5448 (0.5636)  loss_mal_dn_0: 0.7362 (0.7364)  loss_bbox_dn_0: 0.0177 (0.0183)  loss_giou_dn_0: 0.5449 (0.5416)  loss_fgl_dn_0: 1.3071 (1.3039)  loss_ddf_dn_0: 0.0864 (0.0847)  loss_mal_dn_1: 0.6791 (0.6771)  loss_bbox_dn_1: 0.0115 (0.0117)  loss_giou_dn_1: 0.4324 (0.4311)  loss_fgl_dn_1: 1.3080 (1.3137)  loss_ddf_dn_1: 0.0022 (0.0023)  loss_mal_dn_2: 0.6745 (0.6724)  loss_bbox_dn_2: 0.0111 (0.0116)  loss_giou_dn_2: 0.4312 (0.4289)  loss_fgl_dn_2: 1.3084 (1.3144)  loss_ddf_dn_2: -0.0000 (0.0000)  loss_mal_dn_pre: 0.7360 (0.7351)  loss_bbox_dn_pre: 0.0179 (0.0181)  loss_giou_dn_pre: 0.5433 (0.5390)  time: 0.5105  data: 0.0159  max mem: 5224
Epoch: [4/30]  [40/44]  eta: 0:00:02  lr: 0.000100  loss: 19.4290 (19.4199)  loss_mal: 0.6973 (0.7017)  loss_bbox: 0.0173 (0.0189)  loss_giou: 0.5428 (0.5432)  loss_fgl: 1.3005 (1.3029)  loss_mal_aux_0: 0.7507 (0.7552)  loss_bbox_aux_0: 0.0190 (0.0197)  loss_giou_aux_0: 0.5494 (0.5529)  loss_fgl_aux_0: 1.2978 (1.3023)  loss_ddf_aux_0: 0.0126 (0.0121)  loss_mal_aux_1: 0.7103 (0.7148)  loss_bbox_aux_1: 0.0174 (0.0189)  loss_giou_aux_1: 0.5462 (0.5440)  loss_fgl_aux_1: 1.2977 (1.3023)  loss_ddf_aux_1: 0.0010 (0.0009)  loss_mal_pre: 0.7525 (0.7545)  loss_bbox_pre: 0.0188 (0.0196)  loss_giou_pre: 0.5457 (0.5511)  loss_mal_enc_0: 0.8524 (0.8738)  loss_bbox_enc_0: 0.0198 (0.0205)  loss_giou_enc_0: 0.5601 (0.5663)  loss_mal_dn_0: 0.7340 (0.7360)  loss_bbox_dn_0: 0.0180 (0.0188)  loss_giou_dn_0: 0.5366 (0.5448)  loss_fgl_dn_0: 1.3071 (1.2996)  loss_ddf_dn_0: 0.0902 (0.0890)  loss_mal_dn_1: 0.6800 (0.6773)  loss_bbox_dn_1: 0.0111 (0.0119)  loss_giou_dn_1: 0.4339 (0.4325)  loss_fgl_dn_1: 1.3183 (1.3099)  loss_ddf_dn_1: 0.0024 (0.0025)  loss_mal_dn_2: 0.6745 (0.6730)  loss_bbox_dn_2: 0.0107 (0.0118)  loss_giou_dn_2: 0.4348 (0.4302)  loss_fgl_dn_2: 1.3195 (1.3106)  loss_ddf_dn_2: -0.0000 (0.0000)  loss_mal_dn_pre: 0.7331 (0.7348)  loss_bbox_dn_pre: 0.0179 (0.0186)  loss_giou_dn_pre: 0.5330 (0.5429)  time: 0.4838  data: 0.0161  max mem: 5224
Epoch: [4/30]  [43/44]  eta: 0:00:00  lr: 0.000100  loss: 19.3724 (19.4094)  loss_mal: 0.6985 (0.7014)  loss_bbox: 0.0181 (0.0189)  loss_giou: 0.5370 (0.5422)  loss_fgl: 1.3024 (1.3041)  loss_mal_aux_0: 0.7466 (0.7539)  loss_bbox_aux_0: 0.0194 (0.0196)  loss_giou_aux_0: 0.5457 (0.5512)  loss_fgl_aux_0: 1.3002 (1.3035)  loss_ddf_aux_0: 0.0116 (0.0120)  loss_mal_aux_1: 0.7103 (0.7142)  loss_bbox_aux_1: 0.0180 (0.0189)  loss_giou_aux_1: 0.5378 (0.5428)  loss_fgl_aux_1: 1.3033 (1.3036)  loss_ddf_aux_1: 0.0010 (0.0009)  loss_mal_pre: 0.7460 (0.7533)  loss_bbox_pre: 0.0193 (0.0196)  loss_giou_pre: 0.5456 (0.5495)  loss_mal_enc_0: 0.8476 (0.8709)  loss_bbox_enc_0: 0.0202 (0.0206)  loss_giou_enc_0: 0.5601 (0.5655)  loss_mal_dn_0: 0.7327 (0.7355)  loss_bbox_dn_0: 0.0181 (0.0187)  loss_giou_dn_0: 0.5249 (0.5431)  loss_fgl_dn_0: 1.3071 (1.3011)  loss_ddf_dn_0: 0.0902 (0.0889)  loss_mal_dn_1: 0.6789 (0.6771)  loss_bbox_dn_1: 0.0117 (0.0119)  loss_giou_dn_1: 0.4347 (0.4320)  loss_fgl_dn_1: 1.3169 (1.3110)  loss_ddf_dn_1: 0.0027 (0.0025)  loss_mal_dn_2: 0.6745 (0.6730)  loss_bbox_dn_2: 0.0117 (0.0118)  loss_giou_dn_2: 0.4348 (0.4301)  loss_fgl_dn_2: 1.3189 (1.3117)  loss_ddf_dn_2: -0.0000 (0.0000)  loss_mal_dn_pre: 0.7325 (0.7344)  loss_bbox_dn_pre: 0.0181 (0.0185)  loss_giou_dn_pre: 0.5258 (0.5413)  time: 0.4580  data: 0.0158  max mem: 5224
Epoch: [4/30] Total time: 0:00:23 (0.5321 s / it)
Averaged stats: lr: 0.000100  loss: 19.3724 (19.4094)  loss_mal: 0.6985 (0.7014)  loss_bbox: 0.0181 (0.0189)  loss_giou: 0.5370 (0.5422)  loss_fgl: 1.3024 (1.3041)  loss_mal_aux_0: 0.7466 (0.7539)  loss_bbox_aux_0: 0.0194 (0.0196)  loss_giou_aux_0: 0.5457 (0.5512)  loss_fgl_aux_0: 1.3002 (1.3035)  loss_ddf_aux_0: 0.0116 (0.0120)  loss_mal_aux_1: 0.7103 (0.7142)  loss_bbox_aux_1: 0.0180 (0.0189)  loss_giou_aux_1: 0.5378 (0.5428)  loss_fgl_aux_1: 1.3033 (1.3036)  loss_ddf_aux_1: 0.0010 (0.0009)  loss_mal_pre: 0.7460 (0.7533)  loss_bbox_pre: 0.0193 (0.0196)  loss_giou_pre: 0.5456 (0.5495)  loss_mal_enc_0: 0.8476 (0.8709)  loss_bbox_enc_0: 0.0202 (0.0206)  loss_giou_enc_0: 0.5601 (0.5655)  loss_mal_dn_0: 0.7327 (0.7355)  loss_bbox_dn_0: 0.0181 (0.0187)  loss_giou_dn_0: 0.5249 (0.5431)  loss_fgl_dn_0: 1.3071 (1.3011)  loss_ddf_dn_0: 0.0902 (0.0889)  loss_mal_dn_1: 0.6789 (0.6771)  loss_bbox_dn_1: 0.0117 (0.0119)  loss_giou_dn_1: 0.4347 (0.4320)  loss_fgl_dn_1: 1.3169 (1.3110)  loss_ddf_dn_1: 0.0027 (0.0025)  loss_mal_dn_2: 0.6745 (0.6730)  loss_bbox_dn_2: 0.0117 (0.0118)  loss_giou_dn_2: 0.4348 (0.4301)  loss_fgl_dn_2: 1.3189 (1.3117)  loss_ddf_dn_2: -0.0000 (0.0000)  loss_mal_dn_pre: 0.7325 (0.7344)  loss_bbox_dn_pre: 0.0181 (0.0185)  loss_giou_dn_pre: 0.5258 (0.5413)
Test:  [0/9]  eta: 0:00:03    time: 0.3598  data: 0.2360  max mem: 5224
Test:  [8/9]  eta: 0:00:00    time: 0.1352  data: 0.0394  max mem: 5224
Test: Total time: 0:00:01 (0.1386 s / it)
Metrics: {'f1': 0.9366197183098592, 'precision': 0.95, 'recall': 0.9236111111111112, 'iou': 0.6231767483894398, 'TPs': 133, 'FPs': 7, 'FNs': 11}
Averaged stats: 
Accumulating evaluation results...
COCOeval_opt.accumulate() finished...
DONE (t=0.01s).
IoU metric: bbox
 Average Precision  (AP) @[ IoU=0.50:0.95 | area=   all | maxDets=100 ] = 0.367
 Average Precision  (AP) @[ IoU=0.50      | area=   all | maxDets=100 ] = 0.943
 Average Precision  (AP) @[ IoU=0.75      | area=   all | maxDets=100 ] = 0.137
 Average Precision  (AP) @[ IoU=0.50:0.95 | area= small | maxDets=100 ] = 0.367
 Average Precision  (AP) @[ IoU=0.50:0.95 | area=medium | maxDets=100 ] = -1.000
 Average Precision  (AP) @[ IoU=0.50:0.95 | area= large | maxDets=100 ] = -1.000
 Average Recall     (AR) @[ IoU=0.50:0.95 | area=   all | maxDets=  1 ] = 0.207
 Average Recall     (AR) @[ IoU=0.50:0.95 | area=   all | maxDets= 10 ] = 0.501
 Average Recall     (AR) @[ IoU=0.50:0.95 | area=   all | maxDets=100 ] = 0.606
 Average Recall     (AR) @[ IoU=0.50:0.95 | area= small | maxDets=100 ] = 0.606
 Average Recall     (AR) @[ IoU=0.50:0.95 | area=medium | maxDets=100 ] = -1.000
 Average Recall     (AR) @[ IoU=0.50:0.95 | area= large | maxDets=100 ] = -1.000
 Average Recall     (AR) @[ IoU=0.50      | area=   all | maxDets=100 ] = 1.000
 Average Recall     (AR) @[ IoU=0.75      | area=   all | maxDets=100 ] = 0.646
best_stat: {'epoch': 3, 'coco_eval_bbox': 0.3716614965139037}
Epoch: [5/30]  [ 0/44]  eta: 0:00:30  lr: 0.000100  loss: 19.2386 (19.2386)  loss_mal: 0.6971 (0.6971)  loss_bbox: 0.0191 (0.0191)  loss_giou: 0.5290 (0.5290)  loss_fgl: 1.3026 (1.3026)  loss_mal_aux_0: 0.7499 (0.7499)  loss_bbox_aux_0: 0.0198 (0.0198)  loss_giou_aux_0: 0.5351 (0.5351)  loss_fgl_aux_0: 1.2973 (1.2973)  loss_ddf_aux_0: 0.0104 (0.0104)  loss_mal_aux_1: 0.7080 (0.7080)  loss_bbox_aux_1: 0.0193 (0.0193)  loss_giou_aux_1: 0.5303 (0.5303)  loss_fgl_aux_1: 1.2997 (1.2997)  loss_ddf_aux_1: 0.0011 (0.0011)  loss_mal_pre: 0.7490 (0.7490)  loss_bbox_pre: 0.0197 (0.0197)  loss_giou_pre: 0.5334 (0.5334)  loss_mal_enc_0: 0.8371 (0.8371)  loss_bbox_enc_0: 0.0216 (0.0216)  loss_giou_enc_0: 0.5608 (0.5608)  loss_mal_dn_0: 0.7258 (0.7258)  loss_bbox_dn_0: 0.0168 (0.0168)  loss_giou_dn_0: 0.4983 (0.4983)  loss_fgl_dn_0: 1.3240 (1.3240)  loss_ddf_dn_0: 0.0962 (0.0962)  loss_mal_dn_1: 0.6736 (0.6736)  loss_bbox_dn_1: 0.0123 (0.0123)  loss_giou_dn_1: 0.4320 (0.4320)  loss_fgl_dn_1: 1.3294 (1.3294)  loss_ddf_dn_1: 0.0026 (0.0026)  loss_mal_dn_2: 0.6708 (0.6708)  loss_bbox_dn_2: 0.0124 (0.0124)  loss_giou_dn_2: 0.4339 (0.4339)  loss_fgl_dn_2: 1.3306 (1.3306)  loss_ddf_dn_2: -0.0000 (0.0000)  loss_mal_dn_pre: 0.7267 (0.7267)  loss_bbox_dn_pre: 0.0168 (0.0168)  loss_giou_dn_pre: 0.4961 (0.4961)  time: 0.6933  data: 0.2347  max mem: 5224
Epoch: [5/30]  [10/44]  eta: 0:00:17  lr: 0.000100  loss: 19.0650 (19.1365)  loss_mal: 0.6900 (0.6913)  loss_bbox: 0.0162 (0.0171)  loss_giou: 0.5031 (0.5162)  loss_fgl: 1.3117 (1.3137)  loss_mal_aux_0: 0.7480 (0.7546)  loss_bbox_aux_0: 0.0172 (0.0178)  loss_giou_aux_0: 0.5251 (0.5265)  loss_fgl_aux_0: 1.3146 (1.3119)  loss_ddf_aux_0: 0.0083 (0.0087)  loss_mal_aux_1: 0.7045 (0.7041)  loss_bbox_aux_1: 0.0163 (0.0172)  loss_giou_aux_1: 0.5056 (0.5179)  loss_fgl_aux_1: 1.3104 (1.3130)  loss_ddf_aux_1: 0.0006 (0.0007)  loss_mal_pre: 0.7471 (0.7529)  loss_bbox_pre: 0.0170 (0.0178)  loss_giou_pre: 0.5240 (0.5256)  loss_mal_enc_0: 0.8371 (0.8482)  loss_bbox_enc_0: 0.0190 (0.0192)  loss_giou_enc_0: 0.5453 (0.5444)  loss_mal_dn_0: 0.7285 (0.7285)  loss_bbox_dn_0: 0.0164 (0.0167)  loss_giou_dn_0: 0.5090 (0.5102)  loss_fgl_dn_0: 1.3202 (1.3116)  loss_ddf_dn_0: 0.0717 (0.0776)  loss_mal_dn_1: 0.6663 (0.6665)  loss_bbox_dn_1: 0.0114 (0.0113)  loss_giou_dn_1: 0.4248 (0.4168)  loss_fgl_dn_1: 1.3176 (1.3152)  loss_ddf_dn_1: 0.0017 (0.0019)  loss_mal_dn_2: 0.6671 (0.6638)  loss_bbox_dn_2: 0.0112 (0.0113)  loss_giou_dn_2: 0.4225 (0.4171)  loss_fgl_dn_2: 1.3168 (1.3157)  loss_ddf_dn_2: -0.0000 (0.0000)  loss_mal_dn_pre: 0.7271 (0.7283)  loss_bbox_dn_pre: 0.0163 (0.0165)  loss_giou_dn_pre: 0.5064 (0.5088)  time: 0.5012  data: 0.0365  max mem: 5224
Epoch: [5/30]  [20/44]  eta: 0:00:11  lr: 0.000100  loss: 19.0217 (19.0058)  loss_mal: 0.6874 (0.6867)  loss_bbox: 0.0158 (0.0163)  loss_giou: 0.4947 (0.5046)  loss_fgl: 1.3156 (1.3144)  loss_mal_aux_0: 0.7424 (0.7445)  loss_bbox_aux_0: 0.0159 (0.0171)  loss_giou_aux_0: 0.5079 (0.5171)  loss_fgl_aux_0: 1.3154 (1.3126)  loss_ddf_aux_0: 0.0080 (0.0083)  loss_mal_aux_1: 0.6924 (0.6965)  loss_bbox_aux_1: 0.0157 (0.0164)  loss_giou_aux_1: 0.4941 (0.5058)  loss_fgl_aux_1: 1.3155 (1.3139)  loss_ddf_aux_1: 0.0006 (0.0006)  loss_mal_pre: 0.7406 (0.7435)  loss_bbox_pre: 0.0158 (0.0170)  loss_giou_pre: 0.5087 (0.5158)  loss_mal_enc_0: 0.8347 (0.8381)  loss_bbox_enc_0: 0.0177 (0.0185)  loss_giou_enc_0: 0.5336 (0.5375)  loss_mal_dn_0: 0.7267 (0.7284)  loss_bbox_dn_0: 0.0155 (0.0159)  loss_giou_dn_0: 0.4992 (0.5017)  loss_fgl_dn_0: 1.3198 (1.3160)  loss_ddf_dn_0: 0.0694 (0.0718)  loss_mal_dn_1: 0.6619 (0.6624)  loss_bbox_dn_1: 0.0104 (0.0108)  loss_giou_dn_1: 0.4063 (0.4097)  loss_fgl_dn_1: 1.3179 (1.3192)  loss_ddf_dn_1: 0.0017 (0.0017)  loss_mal_dn_2: 0.6583 (0.6592)  loss_bbox_dn_2: 0.0104 (0.0108)  loss_giou_dn_2: 0.4059 (0.4088)  loss_fgl_dn_2: 1.3190 (1.3196)  loss_ddf_dn_2: -0.0000 (0.0000)  loss_mal_dn_pre: 0.7266 (0.7277)  loss_bbox_dn_pre: 0.0155 (0.0159)  loss_giou_dn_pre: 0.5006 (0.5011)  time: 0.4797  data: 0.0161  max mem: 5224
Epoch: [5/30]  [30/44]  eta: 0:00:07  lr: 0.000100  loss: 18.9948 (19.0524)  loss_mal: 0.6871 (0.6878)  loss_bbox: 0.0170 (0.0170)  loss_giou: 0.4947 (0.5140)  loss_fgl: 1.3156 (1.3140)  loss_mal_aux_0: 0.7312 (0.7420)  loss_bbox_aux_0: 0.0177 (0.0178)  loss_giou_aux_0: 0.5145 (0.5256)  loss_fgl_aux_0: 1.3160 (1.3134)  loss_ddf_aux_0: 0.0078 (0.0081)  loss_mal_aux_1: 0.6924 (0.6964)  loss_bbox_aux_1: 0.0171 (0.0170)  loss_giou_aux_1: 0.4941 (0.5148)  loss_fgl_aux_1: 1.3155 (1.3139)  loss_ddf_aux_1: 0.0005 (0.0006)  loss_mal_pre: 0.7307 (0.7408)  loss_bbox_pre: 0.0176 (0.0177)  loss_giou_pre: 0.5157 (0.5239)  loss_mal_enc_0: 0.8126 (0.8295)  loss_bbox_enc_0: 0.0185 (0.0193)  loss_giou_enc_0: 0.5567 (0.5479)  loss_mal_dn_0: 0.7249 (0.7277)  loss_bbox_dn_0: 0.0159 (0.0162)  loss_giou_dn_0: 0.4987 (0.5053)  loss_fgl_dn_0: 1.3152 (1.3165)  loss_ddf_dn_0: 0.0688 (0.0724)  loss_mal_dn_1: 0.6606 (0.6622)  loss_bbox_dn_1: 0.0106 (0.0109)  loss_giou_dn_1: 0.4055 (0.4096)  loss_fgl_dn_1: 1.3220 (1.3203)  loss_ddf_dn_1: 0.0015 (0.0017)  loss_mal_dn_2: 0.6569 (0.6595)  loss_bbox_dn_2: 0.0109 (0.0109)  loss_giou_dn_2: 0.4024 (0.4089)  loss_fgl_dn_2: 1.3233 (1.3207)  loss_ddf_dn_2: -0.0000 (0.0000)  loss_mal_dn_pre: 0.7238 (0.7271)  loss_bbox_dn_pre: 0.0160 (0.0161)  loss_giou_dn_pre: 0.5024 (0.5048)  time: 0.5327  data: 0.0156  max mem: 5224
Epoch: [5/30]  [40/44]  eta: 0:00:02  lr: 0.000100  loss: 19.1879 (19.0689)  loss_mal: 0.6908 (0.6879)  loss_bbox: 0.0185 (0.0176)  loss_giou: 0.5340 (0.5221)  loss_fgl: 1.3104 (1.3101)  loss_mal_aux_0: 0.7247 (0.7367)  loss_bbox_aux_0: 0.0186 (0.0181)  loss_giou_aux_0: 0.5517 (0.5296)  loss_fgl_aux_0: 1.3161 (1.3106)  loss_ddf_aux_0: 0.0079 (0.0082)  loss_mal_aux_1: 0.6972 (0.6958)  loss_bbox_aux_1: 0.0185 (0.0176)  loss_giou_aux_1: 0.5321 (0.5230)  loss_fgl_aux_1: 1.3115 (1.3097)  loss_ddf_aux_1: 0.0005 (0.0006)  loss_mal_pre: 0.7243 (0.7363)  loss_bbox_pre: 0.0185 (0.0180)  loss_giou_pre: 0.5481 (0.5279)  loss_mal_enc_0: 0.8048 (0.8228)  loss_bbox_enc_0: 0.0200 (0.0195)  loss_giou_enc_0: 0.5604 (0.5504)  loss_mal_dn_0: 0.7272 (0.7284)  loss_bbox_dn_0: 0.0168 (0.0167)  loss_giou_dn_0: 0.5157 (0.5130)  loss_fgl_dn_0: 1.3107 (1.3115)  loss_ddf_dn_0: 0.0695 (0.0713)  loss_mal_dn_1: 0.6648 (0.6646)  loss_bbox_dn_1: 0.0114 (0.0111)  loss_giou_dn_1: 0.4125 (0.4150)  loss_fgl_dn_1: 1.3162 (1.3153)  loss_ddf_dn_1: 0.0016 (0.0017)  loss_mal_dn_2: 0.6615 (0.6614)  loss_bbox_dn_2: 0.0115 (0.0111)  loss_giou_dn_2: 0.4133 (0.4139)  loss_fgl_dn_2: 1.3168 (1.3158)  loss_ddf_dn_2: -0.0000 (0.0000)  loss_mal_dn_pre: 0.7263 (0.7277)  loss_bbox_dn_pre: 0.0167 (0.0165)  loss_giou_dn_pre: 0.5157 (0.5116)  time: 0.5999  data: 0.0157  max mem: 5224
Epoch: [5/30]  [43/44]  eta: 0:00:00  lr: 0.000100  loss: 19.1879 (19.0667)  loss_mal: 0.6918 (0.6882)  loss_bbox: 0.0183 (0.0175)  loss_giou: 0.5340 (0.5214)  loss_fgl: 1.3118 (1.3106)  loss_mal_aux_0: 0.7218 (0.7354)  loss_bbox_aux_0: 0.0186 (0.0181)  loss_giou_aux_0: 0.5413 (0.5297)  loss_fgl_aux_0: 1.3161 (1.3105)  loss_ddf_aux_0: 0.0086 (0.0083)  loss_mal_aux_1: 0.6975 (0.6961)  loss_bbox_aux_1: 0.0184 (0.0176)  loss_giou_aux_1: 0.5363 (0.5224)  loss_fgl_aux_1: 1.3140 (1.3101)  loss_ddf_aux_1: 0.0005 (0.0006)  loss_mal_pre: 0.7240 (0.7351)  loss_bbox_pre: 0.0185 (0.0180)  loss_giou_pre: 0.5450 (0.5281)  loss_mal_enc_0: 0.8048 (0.8215)  loss_bbox_enc_0: 0.0198 (0.0194)  loss_giou_enc_0: 0.5654 (0.5497)  loss_mal_dn_0: 0.7291 (0.7286)  loss_bbox_dn_0: 0.0168 (0.0166)  loss_giou_dn_0: 0.5157 (0.5127)  loss_fgl_dn_0: 1.3121 (1.3122)  loss_ddf_dn_0: 0.0694 (0.0704)  loss_mal_dn_1: 0.6681 (0.6648)  loss_bbox_dn_1: 0.0109 (0.0111)  loss_giou_dn_1: 0.4181 (0.4150)  loss_fgl_dn_1: 1.3175 (1.3164)  loss_ddf_dn_1: 0.0016 (0.0017)  loss_mal_dn_2: 0.6684 (0.6616)  loss_bbox_dn_2: 0.0109 (0.0110)  loss_giou_dn_2: 0.4162 (0.4138)  loss_fgl_dn_2: 1.3178 (1.3169)  loss_ddf_dn_2: -0.0000 (0.0000)  loss_mal_dn_pre: 0.7283 (0.7278)  loss_bbox_dn_pre: 0.0164 (0.0165)  loss_giou_dn_pre: 0.5157 (0.5114)  time: 0.6156  data: 0.0154  max mem: 5224
Epoch: [5/30] Total time: 0:00:24 (0.5507 s / it)
Averaged stats: lr: 0.000100  loss: 19.1879 (19.0667)  loss_mal: 0.6918 (0.6882)  loss_bbox: 0.0183 (0.0175)  loss_giou: 0.5340 (0.5214)  loss_fgl: 1.3118 (1.3106)  loss_mal_aux_0: 0.7218 (0.7354)  loss_bbox_aux_0: 0.0186 (0.0181)  loss_giou_aux_0: 0.5413 (0.5297)  loss_fgl_aux_0: 1.3161 (1.3105)  loss_ddf_aux_0: 0.0086 (0.0083)  loss_mal_aux_1: 0.6975 (0.6961)  loss_bbox_aux_1: 0.0184 (0.0176)  loss_giou_aux_1: 0.5363 (0.5224)  loss_fgl_aux_1: 1.3140 (1.3101)  loss_ddf_aux_1: 0.0005 (0.0006)  loss_mal_pre: 0.7240 (0.7351)  loss_bbox_pre: 0.0185 (0.0180)  loss_giou_pre: 0.5450 (0.5281)  loss_mal_enc_0: 0.8048 (0.8215)  loss_bbox_enc_0: 0.0198 (0.0194)  loss_giou_enc_0: 0.5654 (0.5497)  loss_mal_dn_0: 0.7291 (0.7286)  loss_bbox_dn_0: 0.0168 (0.0166)  loss_giou_dn_0: 0.5157 (0.5127)  loss_fgl_dn_0: 1.3121 (1.3122)  loss_ddf_dn_0: 0.0694 (0.0704)  loss_mal_dn_1: 0.6681 (0.6648)  loss_bbox_dn_1: 0.0109 (0.0111)  loss_giou_dn_1: 0.4181 (0.4150)  loss_fgl_dn_1: 1.3175 (1.3164)  loss_ddf_dn_1: 0.0016 (0.0017)  loss_mal_dn_2: 0.6684 (0.6616)  loss_bbox_dn_2: 0.0109 (0.0110)  loss_giou_dn_2: 0.4162 (0.4138)  loss_fgl_dn_2: 1.3178 (1.3169)  loss_ddf_dn_2: -0.0000 (0.0000)  loss_mal_dn_pre: 0.7283 (0.7278)  loss_bbox_dn_pre: 0.0164 (0.0165)  loss_giou_dn_pre: 0.5157 (0.5114)
Test:  [0/9]  eta: 0:00:02    time: 0.3151  data: 0.2410  max mem: 5224
Test:  [8/9]  eta: 0:00:00    time: 0.1546  data: 0.0423  max mem: 5224
Test: Total time: 0:00:01 (0.1586 s / it)
Metrics: {'f1': 0.96113074204947, 'precision': 0.9784172661870504, 'recall': 0.9444444444444444, 'iou': 0.6560924000480548, 'TPs': 136, 'FPs': 3, 'FNs': 8}
Averaged stats: 
Accumulating evaluation results...
COCOeval_opt.accumulate() finished...
DONE (t=0.01s).
IoU metric: bbox
 Average Precision  (AP) @[ IoU=0.50:0.95 | area=   all | maxDets=100 ] = 0.370
 Average Precision  (AP) @[ IoU=0.50      | area=   all | maxDets=100 ] = 0.966
 Average Precision  (AP) @[ IoU=0.75      | area=   all | maxDets=100 ] = 0.149
 Average Precision  (AP) @[ IoU=0.50:0.95 | area= small | maxDets=100 ] = 0.370
 Average Precision  (AP) @[ IoU=0.50:0.95 | area=medium | maxDets=100 ] = -1.000
 Average Precision  (AP) @[ IoU=0.50:0.95 | area= large | maxDets=100 ] = -1.000
 Average Recall     (AR) @[ IoU=0.50:0.95 | area=   all | maxDets=  1 ] = 0.206
 Average Recall     (AR) @[ IoU=0.50:0.95 | area=   all | maxDets= 10 ] = 0.490
 Average Recall     (AR) @[ IoU=0.50:0.95 | area=   all | maxDets=100 ] = 0.608
 Average Recall     (AR) @[ IoU=0.50:0.95 | area= small | maxDets=100 ] = 0.608
 Average Recall     (AR) @[ IoU=0.50:0.95 | area=medium | maxDets=100 ] = -1.000
 Average Recall     (AR) @[ IoU=0.50:0.95 | area= large | maxDets=100 ] = -1.000
 Average Recall     (AR) @[ IoU=0.50      | area=   all | maxDets=100 ] = 1.000
 Average Recall     (AR) @[ IoU=0.75      | area=   all | maxDets=100 ] = 0.632
best_stat: {'epoch': 3, 'coco_eval_bbox': 0.3716614965139037}
Epoch: [6/30]  [ 0/44]  eta: 0:00:41  lr: 0.000100  loss: 19.0735 (19.0735)  loss_mal: 0.6808 (0.6808)  loss_bbox: 0.0168 (0.0168)  loss_giou: 0.5244 (0.5244)  loss_fgl: 1.3338 (1.3338)  loss_mal_aux_0: 0.7215 (0.7215)  loss_bbox_aux_0: 0.0163 (0.0163)  loss_giou_aux_0: 0.5317 (0.5317)  loss_fgl_aux_0: 1.3261 (1.3261)  loss_ddf_aux_0: 0.0090 (0.0090)  loss_mal_aux_1: 0.6977 (0.6977)  loss_bbox_aux_1: 0.0169 (0.0169)  loss_giou_aux_1: 0.5303 (0.5303)  loss_fgl_aux_1: 1.3293 (1.3293)  loss_ddf_aux_1: 0.0006 (0.0006)  loss_mal_pre: 0.7227 (0.7227)  loss_bbox_pre: 0.0159 (0.0159)  loss_giou_pre: 0.5272 (0.5272)  loss_mal_enc_0: 0.7602 (0.7602)  loss_bbox_enc_0: 0.0169 (0.0169)  loss_giou_enc_0: 0.5289 (0.5289)  loss_mal_dn_0: 0.7197 (0.7197)  loss_bbox_dn_0: 0.0160 (0.0160)  loss_giou_dn_0: 0.5327 (0.5327)  loss_fgl_dn_0: 1.3151 (1.3151)  loss_ddf_dn_0: 0.0638 (0.0638)  loss_mal_dn_1: 0.6648 (0.6648)  loss_bbox_dn_1: 0.0109 (0.0109)  loss_giou_dn_1: 0.4245 (0.4245)  loss_fgl_dn_1: 1.3288 (1.3288)  loss_ddf_dn_1: 0.0017 (0.0017)  loss_mal_dn_2: 0.6640 (0.6640)  loss_bbox_dn_2: 0.0108 (0.0108)  loss_giou_dn_2: 0.4214 (0.4214)  loss_fgl_dn_2: 1.3296 (1.3296)  loss_ddf_dn_2: -0.0000 (0.0000)  loss_mal_dn_pre: 0.7176 (0.7176)  loss_bbox_dn_pre: 0.0160 (0.0160)  loss_giou_dn_pre: 0.5292 (0.5292)  time: 0.9522  data: 0.2414  max mem: 5224
Epoch: [6/30]  [10/44]  eta: 0:00:22  lr: 0.000100  loss: 18.8365 (18.8451)  loss_mal: 0.6832 (0.6859)  loss_bbox: 0.0159 (0.0160)  loss_giou: 0.5112 (0.5052)  loss_fgl: 1.3145 (1.3043)  loss_mal_aux_0: 0.7255 (0.7240)  loss_bbox_aux_0: 0.0159 (0.0166)  loss_giou_aux_0: 0.5166 (0.5183)  loss_fgl_aux_0: 1.3070 (1.3012)  loss_ddf_aux_0: 0.0080 (0.0081)  loss_mal_aux_1: 0.6838 (0.6911)  loss_bbox_aux_1: 0.0158 (0.0160)  loss_giou_aux_1: 0.5152 (0.5065)  loss_fgl_aux_1: 1.3116 (1.3028)  loss_ddf_aux_1: 0.0006 (0.0006)  loss_mal_pre: 0.7239 (0.7234)  loss_bbox_pre: 0.0159 (0.0165)  loss_giou_pre: 0.5144 (0.5178)  loss_mal_enc_0: 0.8035 (0.8032)  loss_bbox_enc_0: 0.0169 (0.0173)  loss_giou_enc_0: 0.5257 (0.5266)  loss_mal_dn_0: 0.7239 (0.7229)  loss_bbox_dn_0: 0.0156 (0.0163)  loss_giou_dn_0: 0.5059 (0.5091)  loss_fgl_dn_0: 1.3099 (1.3049)  loss_ddf_dn_0: 0.0747 (0.0765)  loss_mal_dn_1: 0.6598 (0.6592)  loss_bbox_dn_1: 0.0105 (0.0103)  loss_giou_dn_1: 0.4021 (0.4018)  loss_fgl_dn_1: 1.3186 (1.3135)  loss_ddf_dn_1: 0.0018 (0.0020)  loss_mal_dn_2: 0.6600 (0.6588)  loss_bbox_dn_2: 0.0104 (0.0102)  loss_giou_dn_2: 0.4003 (0.3990)  loss_fgl_dn_2: 1.3185 (1.3139)  loss_ddf_dn_2: -0.0000 (0.0000)  loss_mal_dn_pre: 0.7242 (0.7224)  loss_bbox_dn_pre: 0.0152 (0.0161)  loss_giou_dn_pre: 0.5033 (0.5067)  time: 0.6725  data: 0.0364  max mem: 5224
Epoch: [6/30]  [20/44]  eta: 0:00:14  lr: 0.000100  loss: 18.7897 (18.7889)  loss_mal: 0.6799 (0.6806)  loss_bbox: 0.0144 (0.0155)  loss_giou: 0.5005 (0.4942)  loss_fgl: 1.3149 (1.3161)  loss_mal_aux_0: 0.7268 (0.7273)  loss_bbox_aux_0: 0.0159 (0.0160)  loss_giou_aux_0: 0.5124 (0.5045)  loss_fgl_aux_0: 1.3105 (1.3138)  loss_ddf_aux_0: 0.0074 (0.0076)  loss_mal_aux_1: 0.6825 (0.6865)  loss_bbox_aux_1: 0.0144 (0.0155)  loss_giou_aux_1: 0.4989 (0.4947)  loss_fgl_aux_1: 1.3142 (1.3152)  loss_ddf_aux_1: 0.0005 (0.0005)  loss_mal_pre: 0.7258 (0.7268)  loss_bbox_pre: 0.0158 (0.0159)  loss_giou_pre: 0.5121 (0.5036)  loss_mal_enc_0: 0.8035 (0.8074)  loss_bbox_enc_0: 0.0166 (0.0171)  loss_giou_enc_0: 0.5200 (0.5189)  loss_mal_dn_0: 0.7215 (0.7211)  loss_bbox_dn_0: 0.0149 (0.0155)  loss_giou_dn_0: 0.4937 (0.4964)  loss_fgl_dn_0: 1.3165 (1.3163)  loss_ddf_dn_0: 0.0707 (0.0695)  loss_mal_dn_1: 0.6536 (0.6543)  loss_bbox_dn_1: 0.0097 (0.0100)  loss_giou_dn_1: 0.3944 (0.3940)  loss_fgl_dn_1: 1.3263 (1.3231)  loss_ddf_dn_1: 0.0018 (0.0018)  loss_mal_dn_2: 0.6520 (0.6535)  loss_bbox_dn_2: 0.0096 (0.0099)  loss_giou_dn_2: 0.3916 (0.3919)  loss_fgl_dn_2: 1.3259 (1.3232)  loss_ddf_dn_2: -0.0000 (0.0000)  loss_mal_dn_pre: 0.7225 (0.7207)  loss_bbox_dn_pre: 0.0147 (0.0153)  loss_giou_dn_pre: 0.4928 (0.4946)  time: 0.6018  data: 0.0158  max mem: 5224
Epoch: [6/30]  [30/44]  eta: 0:00:08  lr: 0.000100  loss: 18.7121 (18.7749)  loss_mal: 0.6759 (0.6802)  loss_bbox: 0.0155 (0.0156)  loss_giou: 0.4867 (0.4911)  loss_fgl: 1.3301 (1.3211)  loss_mal_aux_0: 0.7344 (0.7309)  loss_bbox_aux_0: 0.0163 (0.0161)  loss_giou_aux_0: 0.4972 (0.5021)  loss_fgl_aux_0: 1.3257 (1.3192)  loss_ddf_aux_0: 0.0070 (0.0074)  loss_mal_aux_1: 0.6825 (0.6854)  loss_bbox_aux_1: 0.0157 (0.0156)  loss_giou_aux_1: 0.4864 (0.4918)  loss_fgl_aux_1: 1.3278 (1.3201)  loss_ddf_aux_1: 0.0004 (0.0005)  loss_mal_pre: 0.7343 (0.7303)  loss_bbox_pre: 0.0163 (0.0161)  loss_giou_pre: 0.4965 (0.5013)  loss_mal_enc_0: 0.8082 (0.8103)  loss_bbox_enc_0: 0.0177 (0.0173)  loss_giou_enc_0: 0.5288 (0.5193)  loss_mal_dn_0: 0.7159 (0.7201)  loss_bbox_dn_0: 0.0137 (0.0150)  loss_giou_dn_0: 0.4641 (0.4881)  loss_fgl_dn_0: 1.3306 (1.3196)  loss_ddf_dn_0: 0.0634 (0.0680)  loss_mal_dn_1: 0.6463 (0.6515)  loss_bbox_dn_1: 0.0093 (0.0099)  loss_giou_dn_1: 0.3825 (0.3899)  loss_fgl_dn_1: 1.3313 (1.3243)  loss_ddf_dn_1: 0.0017 (0.0018)  loss_mal_dn_2: 0.6440 (0.6503)  loss_bbox_dn_2: 0.0093 (0.0098)  loss_giou_dn_2: 0.3838 (0.3885)  loss_fgl_dn_2: 1.3323 (1.3245)  loss_ddf_dn_2: -0.0000 (0.0000)  loss_mal_dn_pre: 0.7172 (0.7198)  loss_bbox_dn_pre: 0.0138 (0.0149)  loss_giou_dn_pre: 0.4666 (0.4870)  time: 0.5886  data: 0.0157  max mem: 5224
Epoch: [6/30]  [40/44]  eta: 0:00:02  lr: 0.000100  loss: 18.7052 (18.7630)  loss_mal: 0.6753 (0.6797)  loss_bbox: 0.0160 (0.0158)  loss_giou: 0.4940 (0.4926)  loss_fgl: 1.3178 (1.3196)  loss_mal_aux_0: 0.7264 (0.7282)  loss_bbox_aux_0: 0.0164 (0.0163)  loss_giou_aux_0: 0.4977 (0.5024)  loss_fgl_aux_0: 1.3166 (1.3184)  loss_ddf_aux_0: 0.0070 (0.0074)  loss_mal_aux_1: 0.6840 (0.6854)  loss_bbox_aux_1: 0.0161 (0.0158)  loss_giou_aux_1: 0.4917 (0.4932)  loss_fgl_aux_1: 1.3165 (1.3188)  loss_ddf_aux_1: 0.0004 (0.0005)  loss_mal_pre: 0.7256 (0.7277)  loss_bbox_pre: 0.0164 (0.0163)  loss_giou_pre: 0.4970 (0.5018)  loss_mal_enc_0: 0.7925 (0.8024)  loss_bbox_enc_0: 0.0177 (0.0175)  loss_giou_enc_0: 0.5283 (0.5201)  loss_mal_dn_0: 0.7173 (0.7197)  loss_bbox_dn_0: 0.0147 (0.0151)  loss_giou_dn_0: 0.4722 (0.4870)  loss_fgl_dn_0: 1.3264 (1.3201)  loss_ddf_dn_0: 0.0680 (0.0704)  loss_mal_dn_1: 0.6471 (0.6520)  loss_bbox_dn_1: 0.0100 (0.0099)  loss_giou_dn_1: 0.3840 (0.3900)  loss_fgl_dn_1: 1.3252 (1.3237)  loss_ddf_dn_1: 0.0020 (0.0019)  loss_mal_dn_2: 0.6440 (0.6506)  loss_bbox_dn_2: 0.0100 (0.0099)  loss_giou_dn_2: 0.3839 (0.3885)  loss_fgl_dn_2: 1.3238 (1.3239)  loss_ddf_dn_2: -0.0000 (0.0000)  loss_mal_dn_pre: 0.7172 (0.7193)  loss_bbox_dn_pre: 0.0146 (0.0150)  loss_giou_dn_pre: 0.4704 (0.4860)  time: 0.6401  data: 0.0158  max mem: 5224
Epoch: [6/30]  [43/44]  eta: 0:00:00  lr: 0.000100  loss: 18.6510 (18.7227)  loss_mal: 0.6735 (0.6789)  loss_bbox: 0.0159 (0.0155)  loss_giou: 0.4675 (0.4881)  loss_fgl: 1.3175 (1.3194)  loss_mal_aux_0: 0.7263 (0.7312)  loss_bbox_aux_0: 0.0157 (0.0160)  loss_giou_aux_0: 0.4815 (0.4972)  loss_fgl_aux_0: 1.3161 (1.3185)  loss_ddf_aux_0: 0.0071 (0.0074)  loss_mal_aux_1: 0.6828 (0.6849)  loss_bbox_aux_1: 0.0158 (0.0155)  loss_giou_aux_1: 0.4665 (0.4886)  loss_fgl_aux_1: 1.3165 (1.3187)  loss_ddf_aux_1: 0.0004 (0.0005)  loss_mal_pre: 0.7246 (0.7286)  loss_bbox_pre: 0.0156 (0.0160)  loss_giou_pre: 0.4838 (0.4965)  loss_mal_enc_0: 0.7910 (0.8019)  loss_bbox_enc_0: 0.0176 (0.0173)  loss_giou_enc_0: 0.5156 (0.5153)  loss_mal_dn_0: 0.7158 (0.7186)  loss_bbox_dn_0: 0.0146 (0.0150)  loss_giou_dn_0: 0.4680 (0.4839)  loss_fgl_dn_0: 1.3205 (1.3194)  loss_ddf_dn_0: 0.0708 (0.0704)  loss_mal_dn_1: 0.6471 (0.6512)  loss_bbox_dn_1: 0.0100 (0.0099)  loss_giou_dn_1: 0.3825 (0.3885)  loss_fgl_dn_1: 1.3186 (1.3226)  loss_ddf_dn_1: 0.0020 (0.0019)  loss_mal_dn_2: 0.6440 (0.6497)  loss_bbox_dn_2: 0.0100 (0.0098)  loss_giou_dn_2: 0.3835 (0.3868)  loss_fgl_dn_2: 1.3186 (1.3229)  loss_ddf_dn_2: -0.0000 (0.0000)  loss_mal_dn_pre: 0.7154 (0.7182)  loss_bbox_dn_pre: 0.0145 (0.0149)  loss_giou_dn_pre: 0.4704 (0.4830)  time: 0.6407  data: 0.0157  max mem: 5224
Epoch: [6/30] Total time: 0:00:27 (0.6318 s / it)
Averaged stats: lr: 0.000100  loss: 18.6510 (18.7227)  loss_mal: 0.6735 (0.6789)  loss_bbox: 0.0159 (0.0155)  loss_giou: 0.4675 (0.4881)  loss_fgl: 1.3175 (1.3194)  loss_mal_aux_0: 0.7263 (0.7312)  loss_bbox_aux_0: 0.0157 (0.0160)  loss_giou_aux_0: 0.4815 (0.4972)  loss_fgl_aux_0: 1.3161 (1.3185)  loss_ddf_aux_0: 0.0071 (0.0074)  loss_mal_aux_1: 0.6828 (0.6849)  loss_bbox_aux_1: 0.0158 (0.0155)  loss_giou_aux_1: 0.4665 (0.4886)  loss_fgl_aux_1: 1.3165 (1.3187)  loss_ddf_aux_1: 0.0004 (0.0005)  loss_mal_pre: 0.7246 (0.7286)  loss_bbox_pre: 0.0156 (0.0160)  loss_giou_pre: 0.4838 (0.4965)  loss_mal_enc_0: 0.7910 (0.8019)  loss_bbox_enc_0: 0.0176 (0.0173)  loss_giou_enc_0: 0.5156 (0.5153)  loss_mal_dn_0: 0.7158 (0.7186)  loss_bbox_dn_0: 0.0146 (0.0150)  loss_giou_dn_0: 0.4680 (0.4839)  loss_fgl_dn_0: 1.3205 (1.3194)  loss_ddf_dn_0: 0.0708 (0.0704)  loss_mal_dn_1: 0.6471 (0.6512)  loss_bbox_dn_1: 0.0100 (0.0099)  loss_giou_dn_1: 0.3825 (0.3885)  loss_fgl_dn_1: 1.3186 (1.3226)  loss_ddf_dn_1: 0.0020 (0.0019)  loss_mal_dn_2: 0.6440 (0.6497)  loss_bbox_dn_2: 0.0100 (0.0098)  loss_giou_dn_2: 0.3835 (0.3868)  loss_fgl_dn_2: 1.3186 (1.3229)  loss_ddf_dn_2: -0.0000 (0.0000)  loss_mal_dn_pre: 0.7154 (0.7182)  loss_bbox_dn_pre: 0.0145 (0.0149)  loss_giou_dn_pre: 0.4704 (0.4830)
Test:  [0/9]  eta: 0:00:05    time: 0.5618  data: 0.2620  max mem: 5224
Test:  [8/9]  eta: 0:00:00    time: 0.1670  data: 0.0401  max mem: 5224
Test: Total time: 0:00:01 (0.1705 s / it)
Metrics: {'f1': 0.9688581314878894, 'precision': 0.9655172413793104, 'recall': 0.9722222222222222, 'iou': 0.6672894066612193, 'TPs': 140, 'FPs': 5, 'FNs': 4}
Averaged stats: 
Accumulating evaluation results...
COCOeval_opt.accumulate() finished...
DONE (t=0.01s).
IoU metric: bbox
 Average Precision  (AP) @[ IoU=0.50:0.95 | area=   all | maxDets=100 ] = 0.369
 Average Precision  (AP) @[ IoU=0.50      | area=   all | maxDets=100 ] = 0.954
 Average Precision  (AP) @[ IoU=0.75      | area=   all | maxDets=100 ] = 0.164
 Average Precision  (AP) @[ IoU=0.50:0.95 | area= small | maxDets=100 ] = 0.369
 Average Precision  (AP) @[ IoU=0.50:0.95 | area=medium | maxDets=100 ] = -1.000
 Average Precision  (AP) @[ IoU=0.50:0.95 | area= large | maxDets=100 ] = -1.000
 Average Recall     (AR) @[ IoU=0.50:0.95 | area=   all | maxDets=  1 ] = 0.208
 Average Recall     (AR) @[ IoU=0.50:0.95 | area=   all | maxDets= 10 ] = 0.480
 Average Recall     (AR) @[ IoU=0.50:0.95 | area=   all | maxDets=100 ] = 0.622
 Average Recall     (AR) @[ IoU=0.50:0.95 | area= small | maxDets=100 ] = 0.622
 Average Recall     (AR) @[ IoU=0.50:0.95 | area=medium | maxDets=100 ] = -1.000
 Average Recall     (AR) @[ IoU=0.50:0.95 | area= large | maxDets=100 ] = -1.000
 Average Recall     (AR) @[ IoU=0.50      | area=   all | maxDets=100 ] = 1.000
 Average Recall     (AR) @[ IoU=0.75      | area=   all | maxDets=100 ] = 0.722
best_stat: {'epoch': 3, 'coco_eval_bbox': 0.3716614965139037}
Epoch: [7/30]  [ 0/44]  eta: 0:00:39  lr: 0.000100  loss: 18.3764 (18.3764)  loss_mal: 0.6631 (0.6631)  loss_bbox: 0.0123 (0.0123)  loss_giou: 0.4521 (0.4521)  loss_fgl: 1.3267 (1.3267)  loss_mal_aux_0: 0.7020 (0.7020)  loss_bbox_aux_0: 0.0133 (0.0133)  loss_giou_aux_0: 0.4501 (0.4501)  loss_fgl_aux_0: 1.3428 (1.3428)  loss_ddf_aux_0: 0.0099 (0.0099)  loss_mal_aux_1: 0.6662 (0.6662)  loss_bbox_aux_1: 0.0124 (0.0124)  loss_giou_aux_1: 0.4506 (0.4506)  loss_fgl_aux_1: 1.3273 (1.3273)  loss_ddf_aux_1: 0.0005 (0.0005)  loss_mal_pre: 0.7030 (0.7030)  loss_bbox_pre: 0.0132 (0.0132)  loss_giou_pre: 0.4488 (0.4488)  loss_mal_enc_0: 0.7654 (0.7654)  loss_bbox_enc_0: 0.0155 (0.0155)  loss_giou_enc_0: 0.4980 (0.4980)  loss_mal_dn_0: 0.7147 (0.7147)  loss_bbox_dn_0: 0.0145 (0.0145)  loss_giou_dn_0: 0.4798 (0.4798)  loss_fgl_dn_0: 1.3173 (1.3173)  loss_ddf_dn_0: 0.0614 (0.0614)  loss_mal_dn_1: 0.6414 (0.6414)  loss_bbox_dn_1: 0.0097 (0.0097)  loss_giou_dn_1: 0.3845 (0.3845)  loss_fgl_dn_1: 1.3175 (1.3175)  loss_ddf_dn_1: 0.0020 (0.0020)  loss_mal_dn_2: 0.6402 (0.6402)  loss_bbox_dn_2: 0.0095 (0.0095)  loss_giou_dn_2: 0.3830 (0.3830)  loss_fgl_dn_2: 1.3169 (1.3169)  loss_ddf_dn_2: -0.0000 (0.0000)  loss_mal_dn_pre: 0.7142 (0.7142)  loss_bbox_dn_pre: 0.0146 (0.0146)  loss_giou_dn_pre: 0.4816 (0.4816)  time: 0.9030  data: 0.2544  max mem: 5224
Epoch: [7/30]  [10/44]  eta: 0:00:22  lr: 0.000100  loss: 18.8925 (18.8463)  loss_mal: 0.6809 (0.6818)  loss_bbox: 0.0142 (0.0160)  loss_giou: 0.4964 (0.4990)  loss_fgl: 1.3183 (1.3173)  loss_mal_aux_0: 0.7405 (0.7373)  loss_bbox_aux_0: 0.0151 (0.0164)  loss_giou_aux_0: 0.5088 (0.5044)  loss_fgl_aux_0: 1.3195 (1.3190)  loss_ddf_aux_0: 0.0073 (0.0075)  loss_mal_aux_1: 0.6898 (0.6874)  loss_bbox_aux_1: 0.0144 (0.0161)  loss_giou_aux_1: 0.4949 (0.4998)  loss_fgl_aux_1: 1.3187 (1.3169)  loss_ddf_aux_1: 0.0004 (0.0005)  loss_mal_pre: 0.7382 (0.7351)  loss_bbox_pre: 0.0150 (0.0163)  loss_giou_pre: 0.5102 (0.5037)  loss_mal_enc_0: 0.7737 (0.7835)  loss_bbox_enc_0: 0.0162 (0.0173)  loss_giou_enc_0: 0.5049 (0.5237)  loss_mal_dn_0: 0.7212 (0.7221)  loss_bbox_dn_0: 0.0149 (0.0159)  loss_giou_dn_0: 0.5107 (0.5032)  loss_fgl_dn_0: 1.3182 (1.3212)  loss_ddf_dn_0: 0.0714 (0.0713)  loss_mal_dn_1: 0.6550 (0.6536)  loss_bbox_dn_1: 0.0097 (0.0103)  loss_giou_dn_1: 0.3971 (0.3981)  loss_fgl_dn_1: 1.3266 (1.3253)  loss_ddf_dn_1: 0.0020 (0.0021)  loss_mal_dn_2: 0.6547 (0.6521)  loss_bbox_dn_2: 0.0095 (0.0103)  loss_giou_dn_2: 0.3941 (0.3971)  loss_fgl_dn_2: 1.3268 (1.3255)  loss_ddf_dn_2: -0.0000 (0.0000)  loss_mal_dn_pre: 0.7204 (0.7211)  loss_bbox_dn_pre: 0.0150 (0.0159)  loss_giou_dn_pre: 0.5089 (0.5022)  time: 0.6648  data: 0.0384  max mem: 5224
Epoch: [7/30]  [20/44]  eta: 0:00:15  lr: 0.000100  loss: 18.5447 (18.6491)  loss_mal: 0.6777 (0.6767)  loss_bbox: 0.0136 (0.0148)  loss_giou: 0.4748 (0.4797)  loss_fgl: 1.3173 (1.3214)  loss_mal_aux_0: 0.7340 (0.7297)  loss_bbox_aux_0: 0.0144 (0.0153)  loss_giou_aux_0: 0.4962 (0.4902)  loss_fgl_aux_0: 1.3186 (1.3208)  loss_ddf_aux_0: 0.0072 (0.0075)  loss_mal_aux_1: 0.6822 (0.6821)  loss_bbox_aux_1: 0.0135 (0.0148)  loss_giou_aux_1: 0.4734 (0.4797)  loss_fgl_aux_1: 1.3172 (1.3210)  loss_ddf_aux_1: 0.0005 (0.0005)  loss_mal_pre: 0.7308 (0.7293)  loss_bbox_pre: 0.0144 (0.0153)  loss_giou_pre: 0.4961 (0.4893)  loss_mal_enc_0: 0.7788 (0.7819)  loss_bbox_enc_0: 0.0157 (0.0164)  loss_giou_enc_0: 0.5046 (0.5083)  loss_mal_dn_0: 0.7126 (0.7156)  loss_bbox_dn_0: 0.0137 (0.0147)  loss_giou_dn_0: 0.4877 (0.4858)  loss_fgl_dn_0: 1.3204 (1.3214)  loss_ddf_dn_0: 0.0705 (0.0689)  loss_mal_dn_1: 0.6399 (0.6472)  loss_bbox_dn_1: 0.0091 (0.0097)  loss_giou_dn_1: 0.3806 (0.3865)  loss_fgl_dn_1: 1.3247 (1.3237)  loss_ddf_dn_1: 0.0021 (0.0022)  loss_mal_dn_2: 0.6428 (0.6450)  loss_bbox_dn_2: 0.0091 (0.0097)  loss_giou_dn_2: 0.3794 (0.3855)  loss_fgl_dn_2: 1.3252 (1.3241)  loss_ddf_dn_2: -0.0000 (0.0000)  loss_mal_dn_pre: 0.7128 (0.7153)  loss_bbox_dn_pre: 0.0136 (0.0147)  loss_giou_dn_pre: 0.4879 (0.4846)  time: 0.6212  data: 0.0170  max mem: 5224
Epoch: [7/30]  [30/44]  eta: 0:00:08  lr: 0.000100  loss: 18.3351 (18.5338)  loss_mal: 0.6684 (0.6734)  loss_bbox: 0.0134 (0.0141)  loss_giou: 0.4374 (0.4666)  loss_fgl: 1.3267 (1.3250)  loss_mal_aux_0: 0.7203 (0.7290)  loss_bbox_aux_0: 0.0136 (0.0147)  loss_giou_aux_0: 0.4532 (0.4762)  loss_fgl_aux_0: 1.3218 (1.3252)  loss_ddf_aux_0: 0.0073 (0.0075)  loss_mal_aux_1: 0.6746 (0.6793)  loss_bbox_aux_1: 0.0130 (0.0142)  loss_giou_aux_1: 0.4435 (0.4671)  loss_fgl_aux_1: 1.3298 (1.3248)  loss_ddf_aux_1: 0.0005 (0.0005)  loss_mal_pre: 0.7198 (0.7280)  loss_bbox_pre: 0.0139 (0.0146)  loss_giou_pre: 0.4477 (0.4750)  loss_mal_enc_0: 0.7796 (0.7809)  loss_bbox_enc_0: 0.0151 (0.0159)  loss_giou_enc_0: 0.4863 (0.4991)  loss_mal_dn_0: 0.7066 (0.7144)  loss_bbox_dn_0: 0.0127 (0.0141)  loss_giou_dn_0: 0.4508 (0.4733)  loss_fgl_dn_0: 1.3222 (1.3232)  loss_ddf_dn_0: 0.0663 (0.0685)  loss_mal_dn_1: 0.6370 (0.6428)  loss_bbox_dn_1: 0.0086 (0.0094)  loss_giou_dn_1: 0.3626 (0.3773)  loss_fgl_dn_1: 1.3231 (1.3252)  loss_ddf_dn_1: 0.0023 (0.0024)  loss_mal_dn_2: 0.6326 (0.6403)  loss_bbox_dn_2: 0.0086 (0.0093)  loss_giou_dn_2: 0.3597 (0.3760)  loss_fgl_dn_2: 1.3250 (1.3257)  loss_ddf_dn_2: -0.0000 (0.0000)  loss_mal_dn_pre: 0.7064 (0.7140)  loss_bbox_dn_pre: 0.0127 (0.0141)  loss_giou_dn_pre: 0.4525 (0.4728)  time: 0.6261  data: 0.0169  max mem: 5224
Epoch: [7/30]  [40/44]  eta: 0:00:02  lr: 0.000100  loss: 18.3838 (18.5404)  loss_mal: 0.6693 (0.6740)  loss_bbox: 0.0135 (0.0144)  loss_giou: 0.4491 (0.4679)  loss_fgl: 1.3292 (1.3242)  loss_mal_aux_0: 0.7176 (0.7259)  loss_bbox_aux_0: 0.0137 (0.0149)  loss_giou_aux_0: 0.4607 (0.4778)  loss_fgl_aux_0: 1.3261 (1.3237)  loss_ddf_aux_0: 0.0076 (0.0076)  loss_mal_aux_1: 0.6746 (0.6804)  loss_bbox_aux_1: 0.0136 (0.0145)  loss_giou_aux_1: 0.4489 (0.4689)  loss_fgl_aux_1: 1.3270 (1.3239)  loss_ddf_aux_1: 0.0005 (0.0005)  loss_mal_pre: 0.7188 (0.7250)  loss_bbox_pre: 0.0138 (0.0149)  loss_giou_pre: 0.4553 (0.4766)  loss_mal_enc_0: 0.7796 (0.7830)  loss_bbox_enc_0: 0.0156 (0.0163)  loss_giou_enc_0: 0.4743 (0.5009)  loss_mal_dn_0: 0.7125 (0.7149)  loss_bbox_dn_0: 0.0137 (0.0144)  loss_giou_dn_0: 0.4508 (0.4742)  loss_fgl_dn_0: 1.3220 (1.3222)  loss_ddf_dn_0: 0.0660 (0.0674)  loss_mal_dn_1: 0.6341 (0.6440)  loss_bbox_dn_1: 0.0092 (0.0095)  loss_giou_dn_1: 0.3646 (0.3784)  loss_fgl_dn_1: 1.3231 (1.3239)  loss_ddf_dn_1: 0.0026 (0.0025)  loss_mal_dn_2: 0.6337 (0.6413)  loss_bbox_dn_2: 0.0091 (0.0095)  loss_giou_dn_2: 0.3619 (0.3767)  loss_fgl_dn_2: 1.3250 (1.3243)  loss_ddf_dn_2: -0.0000 (0.0000)  loss_mal_dn_pre: 0.7124 (0.7144)  loss_bbox_dn_pre: 0.0138 (0.0143)  loss_giou_dn_pre: 0.4525 (0.4731)  time: 0.6600  data: 0.0168  max mem: 5224
Epoch: [7/30]  [43/44]  eta: 0:00:00  lr: 0.000100  loss: 18.3997 (18.5409)  loss_mal: 0.6750 (0.6741)  loss_bbox: 0.0138 (0.0147)  loss_giou: 0.4543 (0.4692)  loss_fgl: 1.3279 (1.3236)  loss_mal_aux_0: 0.7184 (0.7250)  loss_bbox_aux_0: 0.0142 (0.0152)  loss_giou_aux_0: 0.4698 (0.4797)  loss_fgl_aux_0: 1.3254 (1.3230)  loss_ddf_aux_0: 0.0079 (0.0076)  loss_mal_aux_1: 0.6795 (0.6804)  loss_bbox_aux_1: 0.0139 (0.0147)  loss_giou_aux_1: 0.4571 (0.4700)  loss_fgl_aux_1: 1.3268 (1.3233)  loss_ddf_aux_1: 0.0005 (0.0005)  loss_mal_pre: 0.7188 (0.7244)  loss_bbox_pre: 0.0140 (0.0151)  loss_giou_pre: 0.4681 (0.4784)  loss_mal_enc_0: 0.7795 (0.7824)  loss_bbox_enc_0: 0.0156 (0.0164)  loss_giou_enc_0: 0.4840 (0.4998)  loss_mal_dn_0: 0.7115 (0.7148)  loss_bbox_dn_0: 0.0143 (0.0146)  loss_giou_dn_0: 0.4553 (0.4747)  loss_fgl_dn_0: 1.3220 (1.3219)  loss_ddf_dn_0: 0.0637 (0.0674)  loss_mal_dn_1: 0.6347 (0.6435)  loss_bbox_dn_1: 0.0094 (0.0096)  loss_giou_dn_1: 0.3658 (0.3778)  loss_fgl_dn_1: 1.3242 (1.3233)  loss_ddf_dn_1: 0.0026 (0.0026)  loss_mal_dn_2: 0.6337 (0.6411)  loss_bbox_dn_2: 0.0092 (0.0095)  loss_giou_dn_2: 0.3627 (0.3764)  loss_fgl_dn_2: 1.3263 (1.3237)  loss_ddf_dn_2: -0.0000 (0.0000)  loss_mal_dn_pre: 0.7116 (0.7143)  loss_bbox_dn_pre: 0.0141 (0.0145)  loss_giou_dn_pre: 0.4526 (0.4736)  time: 0.6576  data: 0.0165  max mem: 5224
Epoch: [7/30] Total time: 0:00:28 (0.6473 s / it)
Averaged stats: lr: 0.000100  loss: 18.3997 (18.5409)  loss_mal: 0.6750 (0.6741)  loss_bbox: 0.0138 (0.0147)  loss_giou: 0.4543 (0.4692)  loss_fgl: 1.3279 (1.3236)  loss_mal_aux_0: 0.7184 (0.7250)  loss_bbox_aux_0: 0.0142 (0.0152)  loss_giou_aux_0: 0.4698 (0.4797)  loss_fgl_aux_0: 1.3254 (1.3230)  loss_ddf_aux_0: 0.0079 (0.0076)  loss_mal_aux_1: 0.6795 (0.6804)  loss_bbox_aux_1: 0.0139 (0.0147)  loss_giou_aux_1: 0.4571 (0.4700)  loss_fgl_aux_1: 1.3268 (1.3233)  loss_ddf_aux_1: 0.0005 (0.0005)  loss_mal_pre: 0.7188 (0.7244)  loss_bbox_pre: 0.0140 (0.0151)  loss_giou_pre: 0.4681 (0.4784)  loss_mal_enc_0: 0.7795 (0.7824)  loss_bbox_enc_0: 0.0156 (0.0164)  loss_giou_enc_0: 0.4840 (0.4998)  loss_mal_dn_0: 0.7115 (0.7148)  loss_bbox_dn_0: 0.0143 (0.0146)  loss_giou_dn_0: 0.4553 (0.4747)  loss_fgl_dn_0: 1.3220 (1.3219)  loss_ddf_dn_0: 0.0637 (0.0674)  loss_mal_dn_1: 0.6347 (0.6435)  loss_bbox_dn_1: 0.0094 (0.0096)  loss_giou_dn_1: 0.3658 (0.3778)  loss_fgl_dn_1: 1.3242 (1.3233)  loss_ddf_dn_1: 0.0026 (0.0026)  loss_mal_dn_2: 0.6337 (0.6411)  loss_bbox_dn_2: 0.0092 (0.0095)  loss_giou_dn_2: 0.3627 (0.3764)  loss_fgl_dn_2: 1.3263 (1.3237)  loss_ddf_dn_2: -0.0000 (0.0000)  loss_mal_dn_pre: 0.7116 (0.7143)  loss_bbox_dn_pre: 0.0141 (0.0145)  loss_giou_dn_pre: 0.4526 (0.4736)
Test:  [0/9]  eta: 0:00:03    time: 0.3570  data: 0.2514  max mem: 5224
Test:  [8/9]  eta: 0:00:00    time: 0.1440  data: 0.0411  max mem: 5224
Test: Total time: 0:00:01 (0.1475 s / it)
Metrics: {'f1': 0.9616724738675957, 'precision': 0.965034965034965, 'recall': 0.9583333333333334, 'iou': 0.6577163498673663, 'TPs': 138, 'FPs': 5, 'FNs': 6}
Averaged stats: 
Accumulating evaluation results...
COCOeval_opt.accumulate() finished...
DONE (t=0.01s).
IoU metric: bbox
 Average Precision  (AP) @[ IoU=0.50:0.95 | area=   all | maxDets=100 ] = 0.363
 Average Precision  (AP) @[ IoU=0.50      | area=   all | maxDets=100 ] = 0.944
 Average Precision  (AP) @[ IoU=0.75      | area=   all | maxDets=100 ] = 0.145
 Average Precision  (AP) @[ IoU=0.50:0.95 | area= small | maxDets=100 ] = 0.364
 Average Precision  (AP) @[ IoU=0.50:0.95 | area=medium | maxDets=100 ] = -1.000
 Average Precision  (AP) @[ IoU=0.50:0.95 | area= large | maxDets=100 ] = -1.000
 Average Recall     (AR) @[ IoU=0.50:0.95 | area=   all | maxDets=  1 ] = 0.201
 Average Recall     (AR) @[ IoU=0.50:0.95 | area=   all | maxDets= 10 ] = 0.485
 Average Recall     (AR) @[ IoU=0.50:0.95 | area=   all | maxDets=100 ] = 0.606
 Average Recall     (AR) @[ IoU=0.50:0.95 | area= small | maxDets=100 ] = 0.606
 Average Recall     (AR) @[ IoU=0.50:0.95 | area=medium | maxDets=100 ] = -1.000
 Average Recall     (AR) @[ IoU=0.50:0.95 | area= large | maxDets=100 ] = -1.000
 Average Recall     (AR) @[ IoU=0.50      | area=   all | maxDets=100 ] = 1.000
 Average Recall     (AR) @[ IoU=0.75      | area=   all | maxDets=100 ] = 0.681
best_stat: {'epoch': 3, 'coco_eval_bbox': 0.3716614965139037}
Epoch: [8/30]  [ 0/44]  eta: 0:00:32  lr: 0.000100  loss: 18.8676 (18.8676)  loss_mal: 0.6955 (0.6955)  loss_bbox: 0.0246 (0.0246)  loss_giou: 0.5032 (0.5032)  loss_fgl: 1.3349 (1.3349)  loss_mal_aux_0: 0.6901 (0.6901)  loss_bbox_aux_0: 0.0252 (0.0252)  loss_giou_aux_0: 0.5142 (0.5142)  loss_fgl_aux_0: 1.3341 (1.3341)  loss_ddf_aux_0: 0.0068 (0.0068)  loss_mal_aux_1: 0.7022 (0.7022)  loss_bbox_aux_1: 0.0242 (0.0242)  loss_giou_aux_1: 0.4991 (0.4991)  loss_fgl_aux_1: 1.3372 (1.3372)  loss_ddf_aux_1: 0.0005 (0.0005)  loss_mal_pre: 0.6903 (0.6903)  loss_bbox_pre: 0.0255 (0.0255)  loss_giou_pre: 0.5155 (0.5155)  loss_mal_enc_0: 0.7754 (0.7754)  loss_bbox_enc_0: 0.0260 (0.0260)  loss_giou_enc_0: 0.5240 (0.5240)  loss_mal_dn_0: 0.7158 (0.7158)  loss_bbox_dn_0: 0.0201 (0.0201)  loss_giou_dn_0: 0.4857 (0.4857)  loss_fgl_dn_0: 1.3381 (1.3381)  loss_ddf_dn_0: 0.0818 (0.0818)  loss_mal_dn_1: 0.6468 (0.6468)  loss_bbox_dn_1: 0.0126 (0.0126)  loss_giou_dn_1: 0.3770 (0.3770)  loss_fgl_dn_1: 1.3363 (1.3363)  loss_ddf_dn_1: 0.0067 (0.0067)  loss_mal_dn_2: 0.6474 (0.6474)  loss_bbox_dn_2: 0.0131 (0.0131)  loss_giou_dn_2: 0.3826 (0.3826)  loss_fgl_dn_2: 1.3371 (1.3371)  loss_ddf_dn_2: -0.0000 (0.0000)  loss_mal_dn_pre: 0.7153 (0.7153)  loss_bbox_dn_pre: 0.0200 (0.0200)  loss_giou_dn_pre: 0.4828 (0.4828)  time: 0.7485  data: 0.2674  max mem: 5224
Epoch: [8/30]  [10/44]  eta: 0:00:20  lr: 0.000100  loss: 18.3427 (18.4217)  loss_mal: 0.6692 (0.6720)  loss_bbox: 0.0142 (0.0147)  loss_giou: 0.4497 (0.4590)  loss_fgl: 1.3318 (1.3300)  loss_mal_aux_0: 0.6918 (0.7009)  loss_bbox_aux_0: 0.0150 (0.0153)  loss_giou_aux_0: 0.4677 (0.4683)  loss_fgl_aux_0: 1.3341 (1.3319)  loss_ddf_aux_0: 0.0079 (0.0084)  loss_mal_aux_1: 0.6740 (0.6786)  loss_bbox_aux_1: 0.0142 (0.0147)  loss_giou_aux_1: 0.4527 (0.4585)  loss_fgl_aux_1: 1.3330 (1.3299)  loss_ddf_aux_1: 0.0005 (0.0006)  loss_mal_pre: 0.6936 (0.7020)  loss_bbox_pre: 0.0152 (0.0153)  loss_giou_pre: 0.4677 (0.4685)  loss_mal_enc_0: 0.7754 (0.7755)  loss_bbox_enc_0: 0.0151 (0.0167)  loss_giou_enc_0: 0.4823 (0.4891)  loss_mal_dn_0: 0.7058 (0.7071)  loss_bbox_dn_0: 0.0138 (0.0144)  loss_giou_dn_0: 0.4663 (0.4650)  loss_fgl_dn_0: 1.3239 (1.3253)  loss_ddf_dn_0: 0.0818 (0.0811)  loss_mal_dn_1: 0.6356 (0.6397)  loss_bbox_dn_1: 0.0095 (0.0094)  loss_giou_dn_1: 0.3579 (0.3708)  loss_fgl_dn_1: 1.3257 (1.3255)  loss_ddf_dn_1: 0.0040 (0.0045)  loss_mal_dn_2: 0.6358 (0.6382)  loss_bbox_dn_2: 0.0096 (0.0094)  loss_giou_dn_2: 0.3626 (0.3700)  loss_fgl_dn_2: 1.3270 (1.3259)  loss_ddf_dn_2: -0.0000 (0.0000)  loss_mal_dn_pre: 0.7063 (0.7075)  loss_bbox_dn_pre: 0.0138 (0.0144)  loss_giou_dn_pre: 0.4636 (0.4635)  time: 0.5974  data: 0.0383  max mem: 5224
Epoch: [8/30]  [20/44]  eta: 0:00:14  lr: 0.000100  loss: 18.2627 (18.3433)  loss_mal: 0.6685 (0.6707)  loss_bbox: 0.0133 (0.0139)  loss_giou: 0.4430 (0.4467)  loss_fgl: 1.3304 (1.3299)  loss_mal_aux_0: 0.7039 (0.7142)  loss_bbox_aux_0: 0.0139 (0.0147)  loss_giou_aux_0: 0.4562 (0.4605)  loss_fgl_aux_0: 1.3341 (1.3307)  loss_ddf_aux_0: 0.0079 (0.0083)  loss_mal_aux_1: 0.6727 (0.6773)  loss_bbox_aux_1: 0.0134 (0.0139)  loss_giou_aux_1: 0.4404 (0.4468)  loss_fgl_aux_1: 1.3296 (1.3298)  loss_ddf_aux_1: 0.0005 (0.0006)  loss_mal_pre: 0.7051 (0.7146)  loss_bbox_pre: 0.0141 (0.0147)  loss_giou_pre: 0.4559 (0.4609)  loss_mal_enc_0: 0.7677 (0.7703)  loss_bbox_enc_0: 0.0148 (0.0163)  loss_giou_enc_0: 0.4788 (0.4874)  loss_mal_dn_0: 0.7082 (0.7078)  loss_bbox_dn_0: 0.0133 (0.0139)  loss_giou_dn_0: 0.4465 (0.4557)  loss_fgl_dn_0: 1.3215 (1.3225)  loss_ddf_dn_0: 0.0848 (0.0837)  loss_mal_dn_1: 0.6342 (0.6367)  loss_bbox_dn_1: 0.0087 (0.0090)  loss_giou_dn_1: 0.3565 (0.3627)  loss_fgl_dn_1: 1.3177 (1.3199)  loss_ddf_dn_1: 0.0042 (0.0051)  loss_mal_dn_2: 0.6331 (0.6360)  loss_bbox_dn_2: 0.0086 (0.0090)  loss_giou_dn_2: 0.3524 (0.3618)  loss_fgl_dn_2: 1.3178 (1.3202)  loss_ddf_dn_2: -0.0000 (0.0000)  loss_mal_dn_pre: 0.7091 (0.7084)  loss_bbox_dn_pre: 0.0134 (0.0138)  loss_giou_dn_pre: 0.4461 (0.4550)  time: 0.6154  data: 0.0163  max mem: 5224
Epoch: [8/30]  [30/44]  eta: 0:00:08  lr: 0.000100  loss: 18.1588 (18.3472)  loss_mal: 0.6685 (0.6696)  loss_bbox: 0.0122 (0.0136)  loss_giou: 0.4296 (0.4457)  loss_fgl: 1.3358 (1.3319)  loss_mal_aux_0: 0.7238 (0.7170)  loss_bbox_aux_0: 0.0130 (0.0142)  loss_giou_aux_0: 0.4466 (0.4577)  loss_fgl_aux_0: 1.3296 (1.3318)  loss_ddf_aux_0: 0.0073 (0.0078)  loss_mal_aux_1: 0.6727 (0.6752)  loss_bbox_aux_1: 0.0123 (0.0136)  loss_giou_aux_1: 0.4291 (0.4460)  loss_fgl_aux_1: 1.3351 (1.3318)  loss_ddf_aux_1: 0.0004 (0.0005)  loss_mal_pre: 0.7248 (0.7168)  loss_bbox_pre: 0.0127 (0.0142)  loss_giou_pre: 0.4472 (0.4570)  loss_mal_enc_0: 0.7613 (0.7667)  loss_bbox_enc_0: 0.0148 (0.0158)  loss_giou_enc_0: 0.4677 (0.4838)  loss_mal_dn_0: 0.7089 (0.7083)  loss_bbox_dn_0: 0.0130 (0.0136)  loss_giou_dn_0: 0.4465 (0.4547)  loss_fgl_dn_0: 1.3285 (1.3297)  loss_ddf_dn_0: 0.0833 (0.0816)  loss_mal_dn_1: 0.6311 (0.6362)  loss_bbox_dn_1: 0.0084 (0.0089)  loss_giou_dn_1: 0.3492 (0.3611)  loss_fgl_dn_1: 1.3233 (1.3284)  loss_ddf_dn_1: 0.0057 (0.0053)  loss_mal_dn_2: 0.6335 (0.6356)  loss_bbox_dn_2: 0.0083 (0.0089)  loss_giou_dn_2: 0.3476 (0.3601)  loss_fgl_dn_2: 1.3233 (1.3286)  loss_ddf_dn_2: -0.0000 (0.0000)  loss_mal_dn_pre: 0.7091 (0.7084)  loss_bbox_dn_pre: 0.0130 (0.0136)  loss_giou_dn_pre: 0.4461 (0.4536)  time: 0.6505  data: 0.0164  max mem: 5224
Epoch: [8/30]  [40/44]  eta: 0:00:02  lr: 0.000100  loss: 18.1578 (18.3030)  loss_mal: 0.6644 (0.6674)  loss_bbox: 0.0115 (0.0132)  loss_giou: 0.4231 (0.4434)  loss_fgl: 1.3292 (1.3296)  loss_mal_aux_0: 0.7004 (0.7132)  loss_bbox_aux_0: 0.0126 (0.0139)  loss_giou_aux_0: 0.4395 (0.4546)  loss_fgl_aux_0: 1.3338 (1.3302)  loss_ddf_aux_0: 0.0069 (0.0078)  loss_mal_aux_1: 0.6643 (0.6713)  loss_bbox_aux_1: 0.0114 (0.0132)  loss_giou_aux_1: 0.4266 (0.4432)  loss_fgl_aux_1: 1.3296 (1.3296)  loss_ddf_aux_1: 0.0004 (0.0005)  loss_mal_pre: 0.7038 (0.7131)  loss_bbox_pre: 0.0125 (0.0138)  loss_giou_pre: 0.4344 (0.4538)  loss_mal_enc_0: 0.7676 (0.7693)  loss_bbox_enc_0: 0.0140 (0.0155)  loss_giou_enc_0: 0.4726 (0.4836)  loss_mal_dn_0: 0.7085 (0.7082)  loss_bbox_dn_0: 0.0125 (0.0134)  loss_giou_dn_0: 0.4532 (0.4545)  loss_fgl_dn_0: 1.3362 (1.3275)  loss_ddf_dn_0: 0.0692 (0.0782)  loss_mal_dn_1: 0.6311 (0.6349)  loss_bbox_dn_1: 0.0080 (0.0088)  loss_giou_dn_1: 0.3510 (0.3600)  loss_fgl_dn_1: 1.3365 (1.3273)  loss_ddf_dn_1: 0.0051 (0.0050)  loss_mal_dn_2: 0.6297 (0.6343)  loss_bbox_dn_2: 0.0082 (0.0087)  loss_giou_dn_2: 0.3504 (0.3591)  loss_fgl_dn_2: 1.3356 (1.3275)  loss_ddf_dn_2: -0.0000 (0.0000)  loss_mal_dn_pre: 0.7072 (0.7083)  loss_bbox_dn_pre: 0.0126 (0.0134)  loss_giou_dn_pre: 0.4546 (0.4536)  time: 0.6469  data: 0.0153  max mem: 5224
Epoch: [8/30]  [43/44]  eta: 0:00:00  lr: 0.000100  loss: 18.2426 (18.3339)  loss_mal: 0.6646 (0.6688)  loss_bbox: 0.0115 (0.0133)  loss_giou: 0.4231 (0.4474)  loss_fgl: 1.3278 (1.3273)  loss_mal_aux_0: 0.7004 (0.7144)  loss_bbox_aux_0: 0.0126 (0.0139)  loss_giou_aux_0: 0.4561 (0.4591)  loss_fgl_aux_0: 1.3338 (1.3277)  loss_ddf_aux_0: 0.0069 (0.0078)  loss_mal_aux_1: 0.6669 (0.6728)  loss_bbox_aux_1: 0.0114 (0.0133)  loss_giou_aux_1: 0.4266 (0.4474)  loss_fgl_aux_1: 1.3291 (1.3273)  loss_ddf_aux_1: 0.0004 (0.0005)  loss_mal_pre: 0.7038 (0.7142)  loss_bbox_pre: 0.0125 (0.0139)  loss_giou_pre: 0.4558 (0.4585)  loss_mal_enc_0: 0.7711 (0.7692)  loss_bbox_enc_0: 0.0140 (0.0157)  loss_giou_enc_0: 0.4791 (0.4892)  loss_mal_dn_0: 0.7085 (0.7091)  loss_bbox_dn_0: 0.0125 (0.0134)  loss_giou_dn_0: 0.4514 (0.4569)  loss_fgl_dn_0: 1.3264 (1.3267)  loss_ddf_dn_0: 0.0726 (0.0778)  loss_mal_dn_1: 0.6334 (0.6358)  loss_bbox_dn_1: 0.0082 (0.0087)  loss_giou_dn_1: 0.3563 (0.3619)  loss_fgl_dn_1: 1.3290 (1.3268)  loss_ddf_dn_1: 0.0045 (0.0049)  loss_mal_dn_2: 0.6297 (0.6351)  loss_bbox_dn_2: 0.0082 (0.0087)  loss_giou_dn_2: 0.3560 (0.3609)  loss_fgl_dn_2: 1.3292 (1.3270)  loss_ddf_dn_2: -0.0000 (0.0000)  loss_mal_dn_pre: 0.7072 (0.7091)  loss_bbox_dn_pre: 0.0126 (0.0134)  loss_giou_dn_pre: 0.4546 (0.4560)  time: 0.6347  data: 0.0151  max mem: 5224
Epoch: [8/30] Total time: 0:00:27 (0.6295 s / it)
Averaged stats: lr: 0.000100  loss: 18.2426 (18.3339)  loss_mal: 0.6646 (0.6688)  loss_bbox: 0.0115 (0.0133)  loss_giou: 0.4231 (0.4474)  loss_fgl: 1.3278 (1.3273)  loss_mal_aux_0: 0.7004 (0.7144)  loss_bbox_aux_0: 0.0126 (0.0139)  loss_giou_aux_0: 0.4561 (0.4591)  loss_fgl_aux_0: 1.3338 (1.3277)  loss_ddf_aux_0: 0.0069 (0.0078)  loss_mal_aux_1: 0.6669 (0.6728)  loss_bbox_aux_1: 0.0114 (0.0133)  loss_giou_aux_1: 0.4266 (0.4474)  loss_fgl_aux_1: 1.3291 (1.3273)  loss_ddf_aux_1: 0.0004 (0.0005)  loss_mal_pre: 0.7038 (0.7142)  loss_bbox_pre: 0.0125 (0.0139)  loss_giou_pre: 0.4558 (0.4585)  loss_mal_enc_0: 0.7711 (0.7692)  loss_bbox_enc_0: 0.0140 (0.0157)  loss_giou_enc_0: 0.4791 (0.4892)  loss_mal_dn_0: 0.7085 (0.7091)  loss_bbox_dn_0: 0.0125 (0.0134)  loss_giou_dn_0: 0.4514 (0.4569)  loss_fgl_dn_0: 1.3264 (1.3267)  loss_ddf_dn_0: 0.0726 (0.0778)  loss_mal_dn_1: 0.6334 (0.6358)  loss_bbox_dn_1: 0.0082 (0.0087)  loss_giou_dn_1: 0.3563 (0.3619)  loss_fgl_dn_1: 1.3290 (1.3268)  loss_ddf_dn_1: 0.0045 (0.0049)  loss_mal_dn_2: 0.6297 (0.6351)  loss_bbox_dn_2: 0.0082 (0.0087)  loss_giou_dn_2: 0.3560 (0.3609)  loss_fgl_dn_2: 1.3292 (1.3270)  loss_ddf_dn_2: -0.0000 (0.0000)  loss_mal_dn_pre: 0.7072 (0.7091)  loss_bbox_dn_pre: 0.0126 (0.0134)  loss_giou_dn_pre: 0.4546 (0.4560)
Test:  [0/9]  eta: 0:00:03    time: 0.3438  data: 0.2388  max mem: 5224
Test:  [8/9]  eta: 0:00:00    time: 0.1550  data: 0.0427  max mem: 5224
Test: Total time: 0:00:01 (0.1584 s / it)
Metrics: {'f1': 0.9686411149825783, 'precision': 0.972027972027972, 'recall': 0.9652777777777778, 'iou': 0.6638688658540314, 'TPs': 139, 'FPs': 4, 'FNs': 5}
Averaged stats: 
Accumulating evaluation results...
COCOeval_opt.accumulate() finished...
DONE (t=0.01s).
IoU metric: bbox
 Average Precision  (AP) @[ IoU=0.50:0.95 | area=   all | maxDets=100 ] = 0.368
 Average Precision  (AP) @[ IoU=0.50      | area=   all | maxDets=100 ] = 0.956
 Average Precision  (AP) @[ IoU=0.75      | area=   all | maxDets=100 ] = 0.139
 Average Precision  (AP) @[ IoU=0.50:0.95 | area= small | maxDets=100 ] = 0.368
 Average Precision  (AP) @[ IoU=0.50:0.95 | area=medium | maxDets=100 ] = -1.000
 Average Precision  (AP) @[ IoU=0.50:0.95 | area= large | maxDets=100 ] = -1.000
 Average Recall     (AR) @[ IoU=0.50:0.95 | area=   all | maxDets=  1 ] = 0.205
 Average Recall     (AR) @[ IoU=0.50:0.95 | area=   all | maxDets= 10 ] = 0.477
 Average Recall     (AR) @[ IoU=0.50:0.95 | area=   all | maxDets=100 ] = 0.608
 Average Recall     (AR) @[ IoU=0.50:0.95 | area= small | maxDets=100 ] = 0.608
 Average Recall     (AR) @[ IoU=0.50:0.95 | area=medium | maxDets=100 ] = -1.000
 Average Recall     (AR) @[ IoU=0.50:0.95 | area= large | maxDets=100 ] = -1.000
 Average Recall     (AR) @[ IoU=0.50      | area=   all | maxDets=100 ] = 1.000
 Average Recall     (AR) @[ IoU=0.75      | area=   all | maxDets=100 ] = 0.653
best_stat: {'epoch': 3, 'coco_eval_bbox': 0.3716614965139037}
Epoch: [9/30]  [ 0/44]  eta: 0:00:37  lr: 0.000100  loss: 18.1324 (18.1324)  loss_mal: 0.6538 (0.6538)  loss_bbox: 0.0125 (0.0125)  loss_giou: 0.3973 (0.3973)  loss_fgl: 1.3453 (1.3453)  loss_mal_aux_0: 0.7533 (0.7533)  loss_bbox_aux_0: 0.0126 (0.0126)  loss_giou_aux_0: 0.3997 (0.3997)  loss_fgl_aux_0: 1.3500 (1.3500)  loss_ddf_aux_0: 0.0075 (0.0075)  loss_mal_aux_1: 0.6572 (0.6572)  loss_bbox_aux_1: 0.0124 (0.0124)  loss_giou_aux_1: 0.3977 (0.3977)  loss_fgl_aux_1: 1.3447 (1.3447)  loss_ddf_aux_1: 0.0004 (0.0004)  loss_mal_pre: 0.7561 (0.7561)  loss_bbox_pre: 0.0128 (0.0128)  loss_giou_pre: 0.4023 (0.4023)  loss_mal_enc_0: 0.7835 (0.7835)  loss_bbox_enc_0: 0.0130 (0.0130)  loss_giou_enc_0: 0.4078 (0.4078)  loss_mal_dn_0: 0.7009 (0.7009)  loss_bbox_dn_0: 0.0151 (0.0151)  loss_giou_dn_0: 0.4583 (0.4583)  loss_fgl_dn_0: 1.3414 (1.3414)  loss_ddf_dn_0: 0.0770 (0.0770)  loss_mal_dn_1: 0.6258 (0.6258)  loss_bbox_dn_1: 0.0089 (0.0089)  loss_giou_dn_1: 0.3492 (0.3492)  loss_fgl_dn_1: 1.3387 (1.3387)  loss_ddf_dn_1: 0.0038 (0.0038)  loss_mal_dn_2: 0.6235 (0.6235)  loss_bbox_dn_2: 0.0090 (0.0090)  loss_giou_dn_2: 0.3494 (0.3494)  loss_fgl_dn_2: 1.3392 (1.3392)  loss_ddf_dn_2: -0.0000 (0.0000)  loss_mal_dn_pre: 0.7012 (0.7012)  loss_bbox_dn_pre: 0.0151 (0.0151)  loss_giou_dn_pre: 0.4562 (0.4562)  time: 0.8515  data: 0.2388  max mem: 5224
Epoch: [9/30]  [10/44]  eta: 0:00:21  lr: 0.000100  loss: 18.1324 (18.1677)  loss_mal: 0.6538 (0.6568)  loss_bbox: 0.0125 (0.0126)  loss_giou: 0.4069 (0.4361)  loss_fgl: 1.3358 (1.3260)  loss_mal_aux_0: 0.7088 (0.7059)  loss_bbox_aux_0: 0.0126 (0.0131)  loss_giou_aux_0: 0.4244 (0.4448)  loss_fgl_aux_0: 1.3337 (1.3272)  loss_ddf_aux_0: 0.0075 (0.0073)  loss_mal_aux_1: 0.6606 (0.6611)  loss_bbox_aux_1: 0.0124 (0.0126)  loss_giou_aux_1: 0.4081 (0.4358)  loss_fgl_aux_1: 1.3348 (1.3261)  loss_ddf_aux_1: 0.0004 (0.0004)  loss_mal_pre: 0.7080 (0.7064)  loss_bbox_pre: 0.0128 (0.0131)  loss_giou_pre: 0.4204 (0.4442)  loss_mal_enc_0: 0.7567 (0.7559)  loss_bbox_enc_0: 0.0141 (0.0144)  loss_giou_enc_0: 0.4789 (0.4704)  loss_mal_dn_0: 0.7077 (0.7094)  loss_bbox_dn_0: 0.0140 (0.0138)  loss_giou_dn_0: 0.4807 (0.4664)  loss_fgl_dn_0: 1.3261 (1.3231)  loss_ddf_dn_0: 0.0770 (0.0750)  loss_mal_dn_1: 0.6258 (0.6272)  loss_bbox_dn_1: 0.0083 (0.0083)  loss_giou_dn_1: 0.3536 (0.3534)  loss_fgl_dn_1: 1.3247 (1.3224)  loss_ddf_dn_1: 0.0035 (0.0039)  loss_mal_dn_2: 0.6235 (0.6251)  loss_bbox_dn_2: 0.0082 (0.0083)  loss_giou_dn_2: 0.3510 (0.3523)  loss_fgl_dn_2: 1.3243 (1.3227)  loss_ddf_dn_2: -0.0000 (0.0000)  loss_mal_dn_pre: 0.7078 (0.7089)  loss_bbox_dn_pre: 0.0141 (0.0137)  loss_giou_dn_pre: 0.4742 (0.4637)  time: 0.6323  data: 0.0357  max mem: 5224
Epoch: [9/30]  [20/44]  eta: 0:00:15  lr: 0.000100  loss: 17.9327 (17.9728)  loss_mal: 0.6548 (0.6526)  loss_bbox: 0.0113 (0.0116)  loss_giou: 0.4002 (0.4150)  loss_fgl: 1.3358 (1.3340)  loss_mal_aux_0: 0.6958 (0.6987)  loss_bbox_aux_0: 0.0117 (0.0121)  loss_giou_aux_0: 0.4150 (0.4254)  loss_fgl_aux_0: 1.3337 (1.3342)  loss_ddf_aux_0: 0.0072 (0.0073)  loss_mal_aux_1: 0.6601 (0.6566)  loss_bbox_aux_1: 0.0113 (0.0116)  loss_giou_aux_1: 0.4023 (0.4149)  loss_fgl_aux_1: 1.3348 (1.3338)  loss_ddf_aux_1: 0.0004 (0.0005)  loss_mal_pre: 0.6955 (0.6993)  loss_bbox_pre: 0.0116 (0.0121)  loss_giou_pre: 0.4105 (0.4252)  loss_mal_enc_0: 0.7548 (0.7529)  loss_bbox_enc_0: 0.0133 (0.0131)  loss_giou_enc_0: 0.4299 (0.4469)  loss_mal_dn_0: 0.7021 (0.7029)  loss_bbox_dn_0: 0.0129 (0.0127)  loss_giou_dn_0: 0.4336 (0.4433)  loss_fgl_dn_0: 1.3357 (1.3310)  loss_ddf_dn_0: 0.0711 (0.0712)  loss_mal_dn_1: 0.6191 (0.6196)  loss_bbox_dn_1: 0.0079 (0.0080)  loss_giou_dn_1: 0.3389 (0.3407)  loss_fgl_dn_1: 1.3324 (1.3304)  loss_ddf_dn_1: 0.0033 (0.0035)  loss_mal_dn_2: 0.6183 (0.6172)  loss_bbox_dn_2: 0.0077 (0.0079)  loss_giou_dn_2: 0.3387 (0.3391)  loss_fgl_dn_2: 1.3322 (1.3307)  loss_ddf_dn_2: -0.0000 (0.0000)  loss_mal_dn_pre: 0.7010 (0.7029)  loss_bbox_dn_pre: 0.0129 (0.0126)  loss_giou_dn_pre: 0.4317 (0.4411)  time: 0.6285  data: 0.0154  max mem: 5224
Epoch: [9/30]  [30/44]  eta: 0:00:08  lr: 0.000100  loss: 17.8570 (18.0134)  loss_mal: 0.6548 (0.6544)  loss_bbox: 0.0117 (0.0118)  loss_giou: 0.4037 (0.4184)  loss_fgl: 1.3400 (1.3321)  loss_mal_aux_0: 0.6941 (0.7006)  loss_bbox_aux_0: 0.0123 (0.0124)  loss_giou_aux_0: 0.4182 (0.4288)  loss_fgl_aux_0: 1.3355 (1.3331)  loss_ddf_aux_0: 0.0074 (0.0075)  loss_mal_aux_1: 0.6542 (0.6581)  loss_bbox_aux_1: 0.0117 (0.0118)  loss_giou_aux_1: 0.4061 (0.4188)  loss_fgl_aux_1: 1.3388 (1.3317)  loss_ddf_aux_1: 0.0004 (0.0005)  loss_mal_pre: 0.6931 (0.7012)  loss_bbox_pre: 0.0123 (0.0123)  loss_giou_pre: 0.4151 (0.4280)  loss_mal_enc_0: 0.7569 (0.7591)  loss_bbox_enc_0: 0.0135 (0.0135)  loss_giou_enc_0: 0.4410 (0.4509)  loss_mal_dn_0: 0.6996 (0.7038)  loss_bbox_dn_0: 0.0126 (0.0128)  loss_giou_dn_0: 0.4336 (0.4448)  loss_fgl_dn_0: 1.3359 (1.3281)  loss_ddf_dn_0: 0.0687 (0.0719)  loss_mal_dn_1: 0.6191 (0.6233)  loss_bbox_dn_1: 0.0078 (0.0081)  loss_giou_dn_1: 0.3389 (0.3448)  loss_fgl_dn_1: 1.3303 (1.3272)  loss_ddf_dn_1: 0.0029 (0.0034)  loss_mal_dn_2: 0.6186 (0.6218)  loss_bbox_dn_2: 0.0078 (0.0081)  loss_giou_dn_2: 0.3387 (0.3435)  loss_fgl_dn_2: 1.3293 (1.3275)  loss_ddf_dn_2: -0.0000 (0.0000)  loss_mal_dn_pre: 0.6990 (0.7036)  loss_bbox_dn_pre: 0.0125 (0.0127)  loss_giou_dn_pre: 0.4317 (0.4430)  time: 0.6456  data: 0.0151  max mem: 5224
Epoch: [9/30]  [40/44]  eta: 0:00:02  lr: 0.000100  loss: 18.3406 (18.0869)  loss_mal: 0.6574 (0.6567)  loss_bbox: 0.0125 (0.0122)  loss_giou: 0.4374 (0.4262)  loss_fgl: 1.3411 (1.3355)  loss_mal_aux_0: 0.7002 (0.7038)  loss_bbox_aux_0: 0.0128 (0.0128)  loss_giou_aux_0: 0.4543 (0.4366)  loss_fgl_aux_0: 1.3429 (1.3360)  loss_ddf_aux_0: 0.0073 (0.0073)  loss_mal_aux_1: 0.6640 (0.6597)  loss_bbox_aux_1: 0.0126 (0.0122)  loss_giou_aux_1: 0.4406 (0.4259)  loss_fgl_aux_1: 1.3429 (1.3351)  loss_ddf_aux_1: 0.0004 (0.0005)  loss_mal_pre: 0.7029 (0.7038)  loss_bbox_pre: 0.0128 (0.0127)  loss_giou_pre: 0.4528 (0.4356)  loss_mal_enc_0: 0.7644 (0.7608)  loss_bbox_enc_0: 0.0137 (0.0139)  loss_giou_enc_0: 0.4625 (0.4592)  loss_mal_dn_0: 0.7032 (0.7021)  loss_bbox_dn_0: 0.0129 (0.0128)  loss_giou_dn_0: 0.4496 (0.4446)  loss_fgl_dn_0: 1.3350 (1.3319)  loss_ddf_dn_0: 0.0677 (0.0695)  loss_mal_dn_1: 0.6233 (0.6236)  loss_bbox_dn_1: 0.0083 (0.0082)  loss_giou_dn_1: 0.3485 (0.3468)  loss_fgl_dn_1: 1.3314 (1.3318)  loss_ddf_dn_1: 0.0028 (0.0032)  loss_mal_dn_2: 0.6206 (0.6224)  loss_bbox_dn_2: 0.0083 (0.0082)  loss_giou_dn_2: 0.3466 (0.3460)  loss_fgl_dn_2: 1.3326 (1.3321)  loss_ddf_dn_2: -0.0000 (0.0000)  loss_mal_dn_pre: 0.7027 (0.7020)  loss_bbox_dn_pre: 0.0129 (0.0127)  loss_giou_dn_pre: 0.4497 (0.4427)  time: 0.6063  data: 0.0152  max mem: 5224
Epoch: [9/30]  [43/44]  eta: 0:00:00  lr: 0.000100  loss: 18.0773 (18.0595)  loss_mal: 0.6521 (0.6562)  loss_bbox: 0.0121 (0.0121)  loss_giou: 0.4374 (0.4252)  loss_fgl: 1.3411 (1.3349)  loss_mal_aux_0: 0.7002 (0.7027)  loss_bbox_aux_0: 0.0126 (0.0126)  loss_giou_aux_0: 0.4483 (0.4348)  loss_fgl_aux_0: 1.3429 (1.3355)  loss_ddf_aux_0: 0.0069 (0.0073)  loss_mal_aux_1: 0.6582 (0.6591)  loss_bbox_aux_1: 0.0122 (0.0120)  loss_giou_aux_1: 0.4406 (0.4248)  loss_fgl_aux_1: 1.3429 (1.3346)  loss_ddf_aux_1: 0.0004 (0.0005)  loss_mal_pre: 0.7029 (0.7029)  loss_bbox_pre: 0.0125 (0.0126)  loss_giou_pre: 0.4488 (0.4340)  loss_mal_enc_0: 0.7569 (0.7591)  loss_bbox_enc_0: 0.0135 (0.0137)  loss_giou_enc_0: 0.4625 (0.4574)  loss_mal_dn_0: 0.7015 (0.7012)  loss_bbox_dn_0: 0.0129 (0.0126)  loss_giou_dn_0: 0.4488 (0.4420)  loss_fgl_dn_0: 1.3325 (1.3313)  loss_ddf_dn_0: 0.0672 (0.0689)  loss_mal_dn_1: 0.6214 (0.6228)  loss_bbox_dn_1: 0.0081 (0.0081)  loss_giou_dn_1: 0.3445 (0.3457)  loss_fgl_dn_1: 1.3303 (1.3313)  loss_ddf_dn_1: 0.0028 (0.0032)  loss_mal_dn_2: 0.6197 (0.6218)  loss_bbox_dn_2: 0.0080 (0.0081)  loss_giou_dn_2: 0.3436 (0.3449)  loss_fgl_dn_2: 1.3313 (1.3317)  loss_ddf_dn_2: -0.0000 (0.0000)  loss_mal_dn_pre: 0.7027 (0.7012)  loss_bbox_dn_pre: 0.0128 (0.0125)  loss_giou_dn_pre: 0.4485 (0.4403)  time: 0.6051  data: 0.0151  max mem: 5224
Epoch: [9/30] Total time: 0:00:27 (0.6262 s / it)
Averaged stats: lr: 0.000100  loss: 18.0773 (18.0595)  loss_mal: 0.6521 (0.6562)  loss_bbox: 0.0121 (0.0121)  loss_giou: 0.4374 (0.4252)  loss_fgl: 1.3411 (1.3349)  loss_mal_aux_0: 0.7002 (0.7027)  loss_bbox_aux_0: 0.0126 (0.0126)  loss_giou_aux_0: 0.4483 (0.4348)  loss_fgl_aux_0: 1.3429 (1.3355)  loss_ddf_aux_0: 0.0069 (0.0073)  loss_mal_aux_1: 0.6582 (0.6591)  loss_bbox_aux_1: 0.0122 (0.0120)  loss_giou_aux_1: 0.4406 (0.4248)  loss_fgl_aux_1: 1.3429 (1.3346)  loss_ddf_aux_1: 0.0004 (0.0005)  loss_mal_pre: 0.7029 (0.7029)  loss_bbox_pre: 0.0125 (0.0126)  loss_giou_pre: 0.4488 (0.4340)  loss_mal_enc_0: 0.7569 (0.7591)  loss_bbox_enc_0: 0.0135 (0.0137)  loss_giou_enc_0: 0.4625 (0.4574)  loss_mal_dn_0: 0.7015 (0.7012)  loss_bbox_dn_0: 0.0129 (0.0126)  loss_giou_dn_0: 0.4488 (0.4420)  loss_fgl_dn_0: 1.3325 (1.3313)  loss_ddf_dn_0: 0.0672 (0.0689)  loss_mal_dn_1: 0.6214 (0.6228)  loss_bbox_dn_1: 0.0081 (0.0081)  loss_giou_dn_1: 0.3445 (0.3457)  loss_fgl_dn_1: 1.3303 (1.3313)  loss_ddf_dn_1: 0.0028 (0.0032)  loss_mal_dn_2: 0.6197 (0.6218)  loss_bbox_dn_2: 0.0080 (0.0081)  loss_giou_dn_2: 0.3436 (0.3449)  loss_fgl_dn_2: 1.3313 (1.3317)  loss_ddf_dn_2: -0.0000 (0.0000)  loss_mal_dn_pre: 0.7027 (0.7012)  loss_bbox_dn_pre: 0.0128 (0.0125)  loss_giou_dn_pre: 0.4485 (0.4403)
Test:  [0/9]  eta: 0:00:02    time: 0.3057  data: 0.2353  max mem: 5224
Test:  [8/9]  eta: 0:00:00    time: 0.1602  data: 0.0428  max mem: 5224
Test: Total time: 0:00:01 (0.1649 s / it)
Metrics: {'f1': 0.9686411149825783, 'precision': 0.972027972027972, 'recall': 0.9652777777777778, 'iou': 0.6637346128354201, 'TPs': 139, 'FPs': 4, 'FNs': 5}
Averaged stats: 
Accumulating evaluation results...
COCOeval_opt.accumulate() finished...
DONE (t=0.01s).
IoU metric: bbox
 Average Precision  (AP) @[ IoU=0.50:0.95 | area=   all | maxDets=100 ] = 0.366
 Average Precision  (AP) @[ IoU=0.50      | area=   all | maxDets=100 ] = 0.957
 Average Precision  (AP) @[ IoU=0.75      | area=   all | maxDets=100 ] = 0.141
 Average Precision  (AP) @[ IoU=0.50:0.95 | area= small | maxDets=100 ] = 0.366
 Average Precision  (AP) @[ IoU=0.50:0.95 | area=medium | maxDets=100 ] = -1.000
 Average Precision  (AP) @[ IoU=0.50:0.95 | area= large | maxDets=100 ] = -1.000
 Average Recall     (AR) @[ IoU=0.50:0.95 | area=   all | maxDets=  1 ] = 0.204
 Average Recall     (AR) @[ IoU=0.50:0.95 | area=   all | maxDets= 10 ] = 0.472
 Average Recall     (AR) @[ IoU=0.50:0.95 | area=   all | maxDets=100 ] = 0.601
 Average Recall     (AR) @[ IoU=0.50:0.95 | area= small | maxDets=100 ] = 0.601
 Average Recall     (AR) @[ IoU=0.50:0.95 | area=medium | maxDets=100 ] = -1.000
 Average Recall     (AR) @[ IoU=0.50:0.95 | area= large | maxDets=100 ] = -1.000
 Average Recall     (AR) @[ IoU=0.50      | area=   all | maxDets=100 ] = 1.000
 Average Recall     (AR) @[ IoU=0.75      | area=   all | maxDets=100 ] = 0.660
best_stat: {'epoch': 3, 'coco_eval_bbox': 0.3716614965139037}
Epoch: [10/30]  [ 0/44]  eta: 0:00:34  lr: 0.000100  loss: 17.0804 (17.0804)  loss_mal: 0.6121 (0.6121)  loss_bbox: 0.0076 (0.0076)  loss_giou: 0.3219 (0.3219)  loss_fgl: 1.3585 (1.3585)  loss_mal_aux_0: 0.6738 (0.6738)  loss_bbox_aux_0: 0.0079 (0.0079)  loss_giou_aux_0: 0.3339 (0.3339)  loss_fgl_aux_0: 1.3546 (1.3546)  loss_ddf_aux_0: 0.0067 (0.0067)  loss_mal_aux_1: 0.6155 (0.6155)  loss_bbox_aux_1: 0.0076 (0.0076)  loss_giou_aux_1: 0.3238 (0.3238)  loss_fgl_aux_1: 1.3577 (1.3577)  loss_ddf_aux_1: 0.0004 (0.0004)  loss_mal_pre: 0.6743 (0.6743)  loss_bbox_pre: 0.0079 (0.0079)  loss_giou_pre: 0.3328 (0.3328)  loss_mal_enc_0: 0.7431 (0.7431)  loss_bbox_enc_0: 0.0100 (0.0100)  loss_giou_enc_0: 0.3820 (0.3820)  loss_mal_dn_0: 0.6710 (0.6710)  loss_bbox_dn_0: 0.0083 (0.0083)  loss_giou_dn_0: 0.3533 (0.3533)  loss_fgl_dn_0: 1.3457 (1.3457)  loss_ddf_dn_0: 0.0724 (0.0724)  loss_mal_dn_1: 0.5875 (0.5875)  loss_bbox_dn_1: 0.0060 (0.0060)  loss_giou_dn_1: 0.2981 (0.2981)  loss_fgl_dn_1: 1.3386 (1.3386)  loss_ddf_dn_1: 0.0031 (0.0031)  loss_mal_dn_2: 0.5875 (0.5875)  loss_bbox_dn_2: 0.0060 (0.0060)  loss_giou_dn_2: 0.2966 (0.2966)  loss_fgl_dn_2: 1.3395 (1.3395)  loss_ddf_dn_2: -0.0000 (0.0000)  loss_mal_dn_pre: 0.6732 (0.6732)  loss_bbox_dn_pre: 0.0083 (0.0083)  loss_giou_dn_pre: 0.3532 (0.3532)  time: 0.7756  data: 0.2485  max mem: 5224
Epoch: [10/30]  [10/44]  eta: 0:00:23  lr: 0.000100  loss: 17.7415 (17.7196)  loss_mal: 0.6387 (0.6388)  loss_bbox: 0.0101 (0.0107)  loss_giou: 0.4129 (0.3953)  loss_fgl: 1.3367 (1.3387)  loss_mal_aux_0: 0.6977 (0.6950)  loss_bbox_aux_0: 0.0103 (0.0114)  loss_giou_aux_0: 0.4134 (0.4110)  loss_fgl_aux_0: 1.3321 (1.3377)  loss_ddf_aux_0: 0.0073 (0.0074)  loss_mal_aux_1: 0.6418 (0.6434)  loss_bbox_aux_1: 0.0101 (0.0107)  loss_giou_aux_1: 0.4132 (0.3967)  loss_fgl_aux_1: 1.3364 (1.3383)  loss_ddf_aux_1: 0.0004 (0.0003)  loss_mal_pre: 0.6965 (0.6943)  loss_bbox_pre: 0.0103 (0.0114)  loss_giou_pre: 0.4164 (0.4104)  loss_mal_enc_0: 0.7506 (0.7507)  loss_bbox_enc_0: 0.0114 (0.0127)  loss_giou_enc_0: 0.4430 (0.4350)  loss_mal_dn_0: 0.6950 (0.6888)  loss_bbox_dn_0: 0.0110 (0.0112)  loss_giou_dn_0: 0.4149 (0.4118)  loss_fgl_dn_0: 1.3342 (1.3370)  loss_ddf_dn_0: 0.0658 (0.0646)  loss_mal_dn_1: 0.6097 (0.6060)  loss_bbox_dn_1: 0.0072 (0.0074)  loss_giou_dn_1: 0.3339 (0.3250)  loss_fgl_dn_1: 1.3345 (1.3341)  loss_ddf_dn_1: 0.0023 (0.0025)  loss_mal_dn_2: 0.6049 (0.6054)  loss_bbox_dn_2: 0.0072 (0.0073)  loss_giou_dn_2: 0.3322 (0.3234)  loss_fgl_dn_2: 1.3344 (1.3346)  loss_ddf_dn_2: -0.0000 (0.0000)  loss_mal_dn_pre: 0.6940 (0.6887)  loss_bbox_dn_pre: 0.0109 (0.0111)  loss_giou_dn_pre: 0.4156 (0.4107)  time: 0.6938  data: 0.0378  max mem: 5224
Epoch: [10/30]  [20/44]  eta: 0:00:16  lr: 0.000100  loss: 17.8067 (17.7554)  loss_mal: 0.6392 (0.6427)  loss_bbox: 0.0101 (0.0111)  loss_giou: 0.4128 (0.4012)  loss_fgl: 1.3284 (1.3380)  loss_mal_aux_0: 0.6875 (0.6908)  loss_bbox_aux_0: 0.0103 (0.0117)  loss_giou_aux_0: 0.4166 (0.4157)  loss_fgl_aux_0: 1.3288 (1.3369)  loss_ddf_aux_0: 0.0068 (0.0072)  loss_mal_aux_1: 0.6468 (0.6467)  loss_bbox_aux_1: 0.0101 (0.0111)  loss_giou_aux_1: 0.4118 (0.4024)  loss_fgl_aux_1: 1.3277 (1.3377)  loss_ddf_aux_1: 0.0004 (0.0003)  loss_mal_pre: 0.6881 (0.6903)  loss_bbox_pre: 0.0103 (0.0117)  loss_giou_pre: 0.4181 (0.4148)  loss_mal_enc_0: 0.7506 (0.7497)  loss_bbox_enc_0: 0.0114 (0.0129)  loss_giou_enc_0: 0.4376 (0.4364)  loss_mal_dn_0: 0.6950 (0.6926)  loss_bbox_dn_0: 0.0110 (0.0114)  loss_giou_dn_0: 0.4149 (0.4135)  loss_fgl_dn_0: 1.3324 (1.3364)  loss_ddf_dn_0: 0.0627 (0.0633)  loss_mal_dn_1: 0.6133 (0.6094)  loss_bbox_dn_1: 0.0072 (0.0075)  loss_giou_dn_1: 0.3322 (0.3274)  loss_fgl_dn_1: 1.3310 (1.3320)  loss_ddf_dn_1: 0.0024 (0.0025)  loss_mal_dn_2: 0.6115 (0.6078)  loss_bbox_dn_2: 0.0072 (0.0075)  loss_giou_dn_2: 0.3273 (0.3257)  loss_fgl_dn_2: 1.3311 (1.3321)  loss_ddf_dn_2: -0.0000 (0.0000)  loss_mal_dn_pre: 0.6940 (0.6927)  loss_bbox_dn_pre: 0.0109 (0.0114)  loss_giou_dn_pre: 0.4156 (0.4129)  time: 0.6752  data: 0.0166  max mem: 5224
Epoch: [10/30]  [30/44]  eta: 0:00:09  lr: 0.000100  loss: 17.8203 (17.7573)  loss_mal: 0.6492 (0.6435)  loss_bbox: 0.0094 (0.0111)  loss_giou: 0.4027 (0.4003)  loss_fgl: 1.3356 (1.3389)  loss_mal_aux_0: 0.6857 (0.6923)  loss_bbox_aux_0: 0.0098 (0.0116)  loss_giou_aux_0: 0.4229 (0.4124)  loss_fgl_aux_0: 1.3382 (1.3384)  loss_ddf_aux_0: 0.0064 (0.0069)  loss_mal_aux_1: 0.6533 (0.6478)  loss_bbox_aux_1: 0.0094 (0.0111)  loss_giou_aux_1: 0.4073 (0.4010)  loss_fgl_aux_1: 1.3351 (1.3386)  loss_ddf_aux_1: 0.0003 (0.0003)  loss_mal_pre: 0.6853 (0.6914)  loss_bbox_pre: 0.0098 (0.0116)  loss_giou_pre: 0.4237 (0.4117)  loss_mal_enc_0: 0.7487 (0.7492)  loss_bbox_enc_0: 0.0124 (0.0129)  loss_giou_enc_0: 0.4267 (0.4360)  loss_mal_dn_0: 0.6974 (0.6929)  loss_bbox_dn_0: 0.0106 (0.0112)  loss_giou_dn_0: 0.4205 (0.4125)  loss_fgl_dn_0: 1.3406 (1.3375)  loss_ddf_dn_0: 0.0602 (0.0624)  loss_mal_dn_1: 0.6133 (0.6101)  loss_bbox_dn_1: 0.0070 (0.0074)  loss_giou_dn_1: 0.3322 (0.3280)  loss_fgl_dn_1: 1.3355 (1.3335)  loss_ddf_dn_1: 0.0024 (0.0025)  loss_mal_dn_2: 0.6124 (0.6088)  loss_bbox_dn_2: 0.0070 (0.0074)  loss_giou_dn_2: 0.3273 (0.3265)  loss_fgl_dn_2: 1.3351 (1.3338)  loss_ddf_dn_2: -0.0000 (0.0000)  loss_mal_dn_pre: 0.6966 (0.6928)  loss_bbox_dn_pre: 0.0105 (0.0112)  loss_giou_dn_pre: 0.4218 (0.4117)  time: 0.6320  data: 0.0164  max mem: 5224
Epoch: [10/30]  [40/44]  eta: 0:00:02  lr: 0.000100  loss: 17.8203 (17.7795)  loss_mal: 0.6504 (0.6447)  loss_bbox: 0.0106 (0.0111)  loss_giou: 0.4132 (0.4029)  loss_fgl: 1.3347 (1.3370)  loss_mal_aux_0: 0.6871 (0.6921)  loss_bbox_aux_0: 0.0111 (0.0117)  loss_giou_aux_0: 0.4223 (0.4147)  loss_fgl_aux_0: 1.3329 (1.3368)  loss_ddf_aux_0: 0.0065 (0.0069)  loss_mal_aux_1: 0.6586 (0.6492)  loss_bbox_aux_1: 0.0106 (0.0112)  loss_giou_aux_1: 0.4159 (0.4035)  loss_fgl_aux_1: 1.3351 (1.3370)  loss_ddf_aux_1: 0.0003 (0.0004)  loss_mal_pre: 0.6908 (0.6914)  loss_bbox_pre: 0.0112 (0.0116)  loss_giou_pre: 0.4240 (0.4137)  loss_mal_enc_0: 0.7487 (0.7513)  loss_bbox_enc_0: 0.0123 (0.0129)  loss_giou_enc_0: 0.4500 (0.4383)  loss_mal_dn_0: 0.6941 (0.6932)  loss_bbox_dn_0: 0.0111 (0.0114)  loss_giou_dn_0: 0.4229 (0.4158)  loss_fgl_dn_0: 1.3300 (1.3349)  loss_ddf_dn_0: 0.0637 (0.0641)  loss_mal_dn_1: 0.6135 (0.6117)  loss_bbox_dn_1: 0.0076 (0.0075)  loss_giou_dn_1: 0.3325 (0.3302)  loss_fgl_dn_1: 1.3285 (1.3317)  loss_ddf_dn_1: 0.0028 (0.0026)  loss_mal_dn_2: 0.6126 (0.6105)  loss_bbox_dn_2: 0.0074 (0.0075)  loss_giou_dn_2: 0.3335 (0.3288)  loss_fgl_dn_2: 1.3278 (1.3318)  loss_ddf_dn_2: -0.0000 (0.0000)  loss_mal_dn_pre: 0.6938 (0.6932)  loss_bbox_dn_pre: 0.0110 (0.0113)  loss_giou_dn_pre: 0.4210 (0.4148)  time: 0.6084  data: 0.0162  max mem: 5224
Epoch: [10/30]  [43/44]  eta: 0:00:00  lr: 0.000100  loss: 18.0261 (17.7796)  loss_mal: 0.6507 (0.6452)  loss_bbox: 0.0107 (0.0111)  loss_giou: 0.4143 (0.4022)  loss_fgl: 1.3347 (1.3372)  loss_mal_aux_0: 0.6876 (0.6922)  loss_bbox_aux_0: 0.0114 (0.0117)  loss_giou_aux_0: 0.4244 (0.4146)  loss_fgl_aux_0: 1.3329 (1.3367)  loss_ddf_aux_0: 0.0065 (0.0068)  loss_mal_aux_1: 0.6596 (0.6496)  loss_bbox_aux_1: 0.0108 (0.0112)  loss_giou_aux_1: 0.4160 (0.4029)  loss_fgl_aux_1: 1.3351 (1.3372)  loss_ddf_aux_1: 0.0003 (0.0004)  loss_mal_pre: 0.6908 (0.6914)  loss_bbox_pre: 0.0115 (0.0117)  loss_giou_pre: 0.4246 (0.4137)  loss_mal_enc_0: 0.7479 (0.7522)  loss_bbox_enc_0: 0.0124 (0.0130)  loss_giou_enc_0: 0.4500 (0.4386)  loss_mal_dn_0: 0.6966 (0.6930)  loss_bbox_dn_0: 0.0113 (0.0114)  loss_giou_dn_0: 0.4230 (0.4158)  loss_fgl_dn_0: 1.3300 (1.3351)  loss_ddf_dn_0: 0.0637 (0.0639)  loss_mal_dn_1: 0.6191 (0.6116)  loss_bbox_dn_1: 0.0076 (0.0075)  loss_giou_dn_1: 0.3365 (0.3299)  loss_fgl_dn_1: 1.3288 (1.3319)  loss_ddf_dn_1: 0.0028 (0.0026)  loss_mal_dn_2: 0.6160 (0.6101)  loss_bbox_dn_2: 0.0076 (0.0075)  loss_giou_dn_2: 0.3353 (0.3284)  loss_fgl_dn_2: 1.3293 (1.3321)  loss_ddf_dn_2: -0.0000 (0.0000)  loss_mal_dn_pre: 0.6965 (0.6930)  loss_bbox_dn_pre: 0.0112 (0.0113)  loss_giou_dn_pre: 0.4218 (0.4148)  time: 0.5915  data: 0.0164  max mem: 5224
Epoch: [10/30] Total time: 0:00:28 (0.6394 s / it)
Averaged stats: lr: 0.000100  loss: 18.0261 (17.7796)  loss_mal: 0.6507 (0.6452)  loss_bbox: 0.0107 (0.0111)  loss_giou: 0.4143 (0.4022)  loss_fgl: 1.3347 (1.3372)  loss_mal_aux_0: 0.6876 (0.6922)  loss_bbox_aux_0: 0.0114 (0.0117)  loss_giou_aux_0: 0.4244 (0.4146)  loss_fgl_aux_0: 1.3329 (1.3367)  loss_ddf_aux_0: 0.0065 (0.0068)  loss_mal_aux_1: 0.6596 (0.6496)  loss_bbox_aux_1: 0.0108 (0.0112)  loss_giou_aux_1: 0.4160 (0.4029)  loss_fgl_aux_1: 1.3351 (1.3372)  loss_ddf_aux_1: 0.0003 (0.0004)  loss_mal_pre: 0.6908 (0.6914)  loss_bbox_pre: 0.0115 (0.0117)  loss_giou_pre: 0.4246 (0.4137)  loss_mal_enc_0: 0.7479 (0.7522)  loss_bbox_enc_0: 0.0124 (0.0130)  loss_giou_enc_0: 0.4500 (0.4386)  loss_mal_dn_0: 0.6966 (0.6930)  loss_bbox_dn_0: 0.0113 (0.0114)  loss_giou_dn_0: 0.4230 (0.4158)  loss_fgl_dn_0: 1.3300 (1.3351)  loss_ddf_dn_0: 0.0637 (0.0639)  loss_mal_dn_1: 0.6191 (0.6116)  loss_bbox_dn_1: 0.0076 (0.0075)  loss_giou_dn_1: 0.3365 (0.3299)  loss_fgl_dn_1: 1.3288 (1.3319)  loss_ddf_dn_1: 0.0028 (0.0026)  loss_mal_dn_2: 0.6160 (0.6101)  loss_bbox_dn_2: 0.0076 (0.0075)  loss_giou_dn_2: 0.3353 (0.3284)  loss_fgl_dn_2: 1.3293 (1.3321)  loss_ddf_dn_2: -0.0000 (0.0000)  loss_mal_dn_pre: 0.6965 (0.6930)  loss_bbox_dn_pre: 0.0112 (0.0113)  loss_giou_dn_pre: 0.4218 (0.4148)
Test:  [0/9]  eta: 0:00:03    time: 0.3507  data: 0.2602  max mem: 5224
Test:  [8/9]  eta: 0:00:00    time: 0.1453  data: 0.0455  max mem: 5224
Test: Total time: 0:00:01 (0.1489 s / it)
Metrics: {'f1': 0.9722222222222222, 'precision': 0.9722222222222222, 'recall': 0.9722222222222222, 'iou': 0.6663571052454613, 'TPs': 140, 'FPs': 4, 'FNs': 4}
Averaged stats: 
Accumulating evaluation results...
COCOeval_opt.accumulate() finished...
DONE (t=0.01s).
IoU metric: bbox
 Average Precision  (AP) @[ IoU=0.50:0.95 | area=   all | maxDets=100 ] = 0.362
 Average Precision  (AP) @[ IoU=0.50      | area=   all | maxDets=100 ] = 0.957
 Average Precision  (AP) @[ IoU=0.75      | area=   all | maxDets=100 ] = 0.122
 Average Precision  (AP) @[ IoU=0.50:0.95 | area= small | maxDets=100 ] = 0.362
 Average Precision  (AP) @[ IoU=0.50:0.95 | area=medium | maxDets=100 ] = -1.000
 Average Precision  (AP) @[ IoU=0.50:0.95 | area= large | maxDets=100 ] = -1.000
 Average Recall     (AR) @[ IoU=0.50:0.95 | area=   all | maxDets=  1 ] = 0.196
 Average Recall     (AR) @[ IoU=0.50:0.95 | area=   all | maxDets= 10 ] = 0.469
 Average Recall     (AR) @[ IoU=0.50:0.95 | area=   all | maxDets=100 ] = 0.596
 Average Recall     (AR) @[ IoU=0.50:0.95 | area= small | maxDets=100 ] = 0.596
 Average Recall     (AR) @[ IoU=0.50:0.95 | area=medium | maxDets=100 ] = -1.000
 Average Recall     (AR) @[ IoU=0.50:0.95 | area= large | maxDets=100 ] = -1.000
 Average Recall     (AR) @[ IoU=0.50      | area=   all | maxDets=100 ] = 0.993
 Average Recall     (AR) @[ IoU=0.75      | area=   all | maxDets=100 ] = 0.625
best_stat: {'epoch': 3, 'coco_eval_bbox': 0.3716614965139037}
Epoch: [11/30]  [ 0/44]  eta: 0:00:38  lr: 0.000100  loss: 17.4213 (17.4213)  loss_mal: 0.6386 (0.6386)  loss_bbox: 0.0079 (0.0079)  loss_giou: 0.3678 (0.3678)  loss_fgl: 1.3236 (1.3236)  loss_mal_aux_0: 0.7154 (0.7154)  loss_bbox_aux_0: 0.0081 (0.0081)  loss_giou_aux_0: 0.3735 (0.3735)  loss_fgl_aux_0: 1.3251 (1.3251)  loss_ddf_aux_0: 0.0055 (0.0055)  loss_mal_aux_1: 0.6595 (0.6595)  loss_bbox_aux_1: 0.0080 (0.0080)  loss_giou_aux_1: 0.3693 (0.3693)  loss_fgl_aux_1: 1.3246 (1.3246)  loss_ddf_aux_1: 0.0003 (0.0003)  loss_mal_pre: 0.7141 (0.7141)  loss_bbox_pre: 0.0083 (0.0083)  loss_giou_pre: 0.3793 (0.3793)  loss_mal_enc_0: 0.7500 (0.7500)  loss_bbox_enc_0: 0.0091 (0.0091)  loss_giou_enc_0: 0.4060 (0.4060)  loss_mal_dn_0: 0.6900 (0.6900)  loss_bbox_dn_0: 0.0085 (0.0085)  loss_giou_dn_0: 0.3977 (0.3977)  loss_fgl_dn_0: 1.3324 (1.3324)  loss_ddf_dn_0: 0.0530 (0.0530)  loss_mal_dn_1: 0.5905 (0.5905)  loss_bbox_dn_1: 0.0050 (0.0050)  loss_giou_dn_1: 0.2968 (0.2968)  loss_fgl_dn_1: 1.3285 (1.3285)  loss_ddf_dn_1: 0.0016 (0.0016)  loss_mal_dn_2: 0.5900 (0.5900)  loss_bbox_dn_2: 0.0050 (0.0050)  loss_giou_dn_2: 0.2947 (0.2947)  loss_fgl_dn_2: 1.3291 (1.3291)  loss_ddf_dn_2: -0.0000 (0.0000)  loss_mal_dn_pre: 0.6919 (0.6919)  loss_bbox_dn_pre: 0.0087 (0.0087)  loss_giou_dn_pre: 0.4037 (0.4037)  time: 0.8685  data: 0.2460  max mem: 5224
Epoch: [11/30]  [10/44]  eta: 0:00:23  lr: 0.000100  loss: 17.5757 (17.5981)  loss_mal: 0.6358 (0.6371)  loss_bbox: 0.0094 (0.0094)  loss_giou: 0.3730 (0.3756)  loss_fgl: 1.3374 (1.3368)  loss_mal_aux_0: 0.7103 (0.7097)  loss_bbox_aux_0: 0.0101 (0.0099)  loss_giou_aux_0: 0.3921 (0.3899)  loss_fgl_aux_0: 1.3348 (1.3356)  loss_ddf_aux_0: 0.0068 (0.0066)  loss_mal_aux_1: 0.6482 (0.6463)  loss_bbox_aux_1: 0.0094 (0.0095)  loss_giou_aux_1: 0.3737 (0.3773)  loss_fgl_aux_1: 1.3373 (1.3365)  loss_ddf_aux_1: 0.0004 (0.0004)  loss_mal_pre: 0.7102 (0.7081)  loss_bbox_pre: 0.0101 (0.0100)  loss_giou_pre: 0.3922 (0.3913)  loss_mal_enc_0: 0.7544 (0.7511)  loss_bbox_enc_0: 0.0107 (0.0116)  loss_giou_enc_0: 0.4227 (0.4250)  loss_mal_dn_0: 0.6894 (0.6895)  loss_bbox_dn_0: 0.0100 (0.0103)  loss_giou_dn_0: 0.3994 (0.4021)  loss_fgl_dn_0: 1.3393 (1.3394)  loss_ddf_dn_0: 0.0669 (0.0635)  loss_mal_dn_1: 0.6026 (0.6011)  loss_bbox_dn_1: 0.0066 (0.0066)  loss_giou_dn_1: 0.3141 (0.3119)  loss_fgl_dn_1: 1.3293 (1.3370)  loss_ddf_dn_1: 0.0026 (0.0027)  loss_mal_dn_2: 0.6008 (0.5991)  loss_bbox_dn_2: 0.0065 (0.0066)  loss_giou_dn_2: 0.3127 (0.3100)  loss_fgl_dn_2: 1.3302 (1.3373)  loss_ddf_dn_2: -0.0000 (0.0000)  loss_mal_dn_pre: 0.6893 (0.6902)  loss_bbox_dn_pre: 0.0101 (0.0103)  loss_giou_dn_pre: 0.4009 (0.4026)  time: 0.6933  data: 0.0372  max mem: 5224
Epoch: [11/30]  [20/44]  eta: 0:00:15  lr: 0.000100  loss: 17.5757 (17.6081)  loss_mal: 0.6337 (0.6384)  loss_bbox: 0.0094 (0.0100)  loss_giou: 0.3730 (0.3781)  loss_fgl: 1.3390 (1.3381)  loss_mal_aux_0: 0.7048 (0.7050)  loss_bbox_aux_0: 0.0100 (0.0105)  loss_giou_aux_0: 0.3921 (0.3896)  loss_fgl_aux_0: 1.3396 (1.3380)  loss_ddf_aux_0: 0.0068 (0.0068)  loss_mal_aux_1: 0.6446 (0.6462)  loss_bbox_aux_1: 0.0094 (0.0100)  loss_giou_aux_1: 0.3737 (0.3782)  loss_fgl_aux_1: 1.3375 (1.3379)  loss_ddf_aux_1: 0.0004 (0.0004)  loss_mal_pre: 0.7055 (0.7045)  loss_bbox_pre: 0.0100 (0.0106)  loss_giou_pre: 0.3922 (0.3907)  loss_mal_enc_0: 0.7544 (0.7524)  loss_bbox_enc_0: 0.0123 (0.0122)  loss_giou_enc_0: 0.4298 (0.4260)  loss_mal_dn_0: 0.6846 (0.6892)  loss_bbox_dn_0: 0.0102 (0.0108)  loss_giou_dn_0: 0.3995 (0.4035)  loss_fgl_dn_0: 1.3375 (1.3363)  loss_ddf_dn_0: 0.0567 (0.0606)  loss_mal_dn_1: 0.6026 (0.6038)  loss_bbox_dn_1: 0.0067 (0.0070)  loss_giou_dn_1: 0.3145 (0.3181)  loss_fgl_dn_1: 1.3283 (1.3316)  loss_ddf_dn_1: 0.0025 (0.0026)  loss_mal_dn_2: 0.6008 (0.6022)  loss_bbox_dn_2: 0.0067 (0.0070)  loss_giou_dn_2: 0.3154 (0.3168)  loss_fgl_dn_2: 1.3284 (1.3318)  loss_ddf_dn_2: -0.0000 (0.0000)  loss_mal_dn_pre: 0.6859 (0.6896)  loss_bbox_dn_pre: 0.0103 (0.0107)  loss_giou_dn_pre: 0.4009 (0.4029)  time: 0.6523  data: 0.0163  max mem: 5224
Epoch: [11/30]  [30/44]  eta: 0:00:08  lr: 0.000100  loss: 17.5929 (17.6047)  loss_mal: 0.6336 (0.6368)  loss_bbox: 0.0102 (0.0102)  loss_giou: 0.3716 (0.3794)  loss_fgl: 1.3390 (1.3406)  loss_mal_aux_0: 0.7041 (0.7050)  loss_bbox_aux_0: 0.0106 (0.0108)  loss_giou_aux_0: 0.3857 (0.3896)  loss_fgl_aux_0: 1.3422 (1.3421)  loss_ddf_aux_0: 0.0066 (0.0067)  loss_mal_aux_1: 0.6446 (0.6456)  loss_bbox_aux_1: 0.0100 (0.0102)  loss_giou_aux_1: 0.3681 (0.3794)  loss_fgl_aux_1: 1.3407 (1.3405)  loss_ddf_aux_1: 0.0004 (0.0004)  loss_mal_pre: 0.7034 (0.7043)  loss_bbox_pre: 0.0106 (0.0108)  loss_giou_pre: 0.3812 (0.3906)  loss_mal_enc_0: 0.7311 (0.7454)  loss_bbox_enc_0: 0.0126 (0.0124)  loss_giou_enc_0: 0.4298 (0.4268)  loss_mal_dn_0: 0.6866 (0.6872)  loss_bbox_dn_0: 0.0109 (0.0109)  loss_giou_dn_0: 0.4083 (0.4007)  loss_fgl_dn_0: 1.3371 (1.3376)  loss_ddf_dn_0: 0.0566 (0.0607)  loss_mal_dn_1: 0.6003 (0.6035)  loss_bbox_dn_1: 0.0071 (0.0071)  loss_giou_dn_1: 0.3165 (0.3176)  loss_fgl_dn_1: 1.3279 (1.3330)  loss_ddf_dn_1: 0.0024 (0.0025)  loss_mal_dn_2: 0.5985 (0.6013)  loss_bbox_dn_2: 0.0072 (0.0071)  loss_giou_dn_2: 0.3127 (0.3159)  loss_fgl_dn_2: 1.3282 (1.3332)  loss_ddf_dn_2: -0.0000 (0.0000)  loss_mal_dn_pre: 0.6860 (0.6877)  loss_bbox_dn_pre: 0.0107 (0.0108)  loss_giou_dn_pre: 0.4091 (0.4000)  time: 0.6130  data: 0.0160  max mem: 5224
Epoch: [11/30]  [40/44]  eta: 0:00:02  lr: 0.000100  loss: 17.6211 (17.6173)  loss_mal: 0.6356 (0.6386)  loss_bbox: 0.0099 (0.0103)  loss_giou: 0.3929 (0.3832)  loss_fgl: 1.3374 (1.3398)  loss_mal_aux_0: 0.6922 (0.7018)  loss_bbox_aux_0: 0.0111 (0.0108)  loss_giou_aux_0: 0.4131 (0.3940)  loss_fgl_aux_0: 1.3422 (1.3410)  loss_ddf_aux_0: 0.0066 (0.0067)  loss_mal_aux_1: 0.6427 (0.6463)  loss_bbox_aux_1: 0.0098 (0.0103)  loss_giou_aux_1: 0.3916 (0.3830)  loss_fgl_aux_1: 1.3347 (1.3398)  loss_ddf_aux_1: 0.0004 (0.0004)  loss_mal_pre: 0.6948 (0.7014)  loss_bbox_pre: 0.0111 (0.0109)  loss_giou_pre: 0.4118 (0.3947)  loss_mal_enc_0: 0.7305 (0.7437)  loss_bbox_enc_0: 0.0126 (0.0126)  loss_giou_enc_0: 0.4419 (0.4310)  loss_mal_dn_0: 0.6853 (0.6865)  loss_bbox_dn_0: 0.0107 (0.0108)  loss_giou_dn_0: 0.4020 (0.4012)  loss_fgl_dn_0: 1.3369 (1.3364)  loss_ddf_dn_0: 0.0627 (0.0617)  loss_mal_dn_1: 0.6009 (0.6039)  loss_bbox_dn_1: 0.0069 (0.0071)  loss_giou_dn_1: 0.3165 (0.3184)  loss_fgl_dn_1: 1.3302 (1.3320)  loss_ddf_dn_1: 0.0024 (0.0025)  loss_mal_dn_2: 0.5999 (0.6018)  loss_bbox_dn_2: 0.0068 (0.0071)  loss_giou_dn_2: 0.3132 (0.3170)  loss_fgl_dn_2: 1.3306 (1.3322)  loss_ddf_dn_2: -0.0000 (0.0000)  loss_mal_dn_pre: 0.6864 (0.6870)  loss_bbox_dn_pre: 0.0106 (0.0107)  loss_giou_dn_pre: 0.4044 (0.4005)  time: 0.5984  data: 0.0154  max mem: 5224
Epoch: [11/30]  [43/44]  eta: 0:00:00  lr: 0.000100  loss: 17.7885 (17.6370)  loss_mal: 0.6392 (0.6390)  loss_bbox: 0.0109 (0.0104)  loss_giou: 0.4009 (0.3853)  loss_fgl: 1.3351 (1.3391)  loss_mal_aux_0: 0.6922 (0.7013)  loss_bbox_aux_0: 0.0114 (0.0109)  loss_giou_aux_0: 0.4164 (0.3967)  loss_fgl_aux_0: 1.3382 (1.3401)  loss_ddf_aux_0: 0.0066 (0.0067)  loss_mal_aux_1: 0.6479 (0.6463)  loss_bbox_aux_1: 0.0109 (0.0104)  loss_giou_aux_1: 0.4021 (0.3852)  loss_fgl_aux_1: 1.3345 (1.3392)  loss_ddf_aux_1: 0.0004 (0.0004)  loss_mal_pre: 0.6948 (0.7007)  loss_bbox_pre: 0.0113 (0.0109)  loss_giou_pre: 0.4144 (0.3971)  loss_mal_enc_0: 0.7339 (0.7441)  loss_bbox_enc_0: 0.0128 (0.0128)  loss_giou_enc_0: 0.4545 (0.4346)  loss_mal_dn_0: 0.6866 (0.6873)  loss_bbox_dn_0: 0.0109 (0.0109)  loss_giou_dn_0: 0.4083 (0.4031)  loss_fgl_dn_0: 1.3353 (1.3364)  loss_ddf_dn_0: 0.0627 (0.0619)  loss_mal_dn_1: 0.6038 (0.6045)  loss_bbox_dn_1: 0.0071 (0.0072)  loss_giou_dn_1: 0.3247 (0.3194)  loss_fgl_dn_1: 1.3294 (1.3323)  loss_ddf_dn_1: 0.0024 (0.0026)  loss_mal_dn_2: 0.6032 (0.6023)  loss_bbox_dn_2: 0.0072 (0.0071)  loss_giou_dn_2: 0.3221 (0.3180)  loss_fgl_dn_2: 1.3295 (1.3325)  loss_ddf_dn_2: -0.0000 (0.0000)  loss_mal_dn_pre: 0.6877 (0.6877)  loss_bbox_dn_pre: 0.0109 (0.0108)  loss_giou_dn_pre: 0.4091 (0.4021)  time: 0.6098  data: 0.0154  max mem: 5224
Epoch: [11/30] Total time: 0:00:27 (0.6323 s / it)
Averaged stats: lr: 0.000100  loss: 17.7885 (17.6370)  loss_mal: 0.6392 (0.6390)  loss_bbox: 0.0109 (0.0104)  loss_giou: 0.4009 (0.3853)  loss_fgl: 1.3351 (1.3391)  loss_mal_aux_0: 0.6922 (0.7013)  loss_bbox_aux_0: 0.0114 (0.0109)  loss_giou_aux_0: 0.4164 (0.3967)  loss_fgl_aux_0: 1.3382 (1.3401)  loss_ddf_aux_0: 0.0066 (0.0067)  loss_mal_aux_1: 0.6479 (0.6463)  loss_bbox_aux_1: 0.0109 (0.0104)  loss_giou_aux_1: 0.4021 (0.3852)  loss_fgl_aux_1: 1.3345 (1.3392)  loss_ddf_aux_1: 0.0004 (0.0004)  loss_mal_pre: 0.6948 (0.7007)  loss_bbox_pre: 0.0113 (0.0109)  loss_giou_pre: 0.4144 (0.3971)  loss_mal_enc_0: 0.7339 (0.7441)  loss_bbox_enc_0: 0.0128 (0.0128)  loss_giou_enc_0: 0.4545 (0.4346)  loss_mal_dn_0: 0.6866 (0.6873)  loss_bbox_dn_0: 0.0109 (0.0109)  loss_giou_dn_0: 0.4083 (0.4031)  loss_fgl_dn_0: 1.3353 (1.3364)  loss_ddf_dn_0: 0.0627 (0.0619)  loss_mal_dn_1: 0.6038 (0.6045)  loss_bbox_dn_1: 0.0071 (0.0072)  loss_giou_dn_1: 0.3247 (0.3194)  loss_fgl_dn_1: 1.3294 (1.3323)  loss_ddf_dn_1: 0.0024 (0.0026)  loss_mal_dn_2: 0.6032 (0.6023)  loss_bbox_dn_2: 0.0072 (0.0071)  loss_giou_dn_2: 0.3221 (0.3180)  loss_fgl_dn_2: 1.3295 (1.3325)  loss_ddf_dn_2: -0.0000 (0.0000)  loss_mal_dn_pre: 0.6877 (0.6877)  loss_bbox_dn_pre: 0.0109 (0.0108)  loss_giou_dn_pre: 0.4091 (0.4021)
Test:  [0/9]  eta: 0:00:03    time: 0.3648  data: 0.2454  max mem: 5224
Test:  [8/9]  eta: 0:00:00    time: 0.1753  data: 0.0402  max mem: 5224
Test: Total time: 0:00:01 (0.1797 s / it)
Metrics: {'f1': 0.9619377162629758, 'precision': 0.9586206896551724, 'recall': 0.9652777777777778, 'iou': 0.6526364370187123, 'TPs': 139, 'FPs': 6, 'FNs': 5}
Averaged stats: 
Accumulating evaluation results...
COCOeval_opt.accumulate() finished...
DONE (t=0.01s).
IoU metric: bbox
 Average Precision  (AP) @[ IoU=0.50:0.95 | area=   all | maxDets=100 ] = 0.350
 Average Precision  (AP) @[ IoU=0.50      | area=   all | maxDets=100 ] = 0.947
 Average Precision  (AP) @[ IoU=0.75      | area=   all | maxDets=100 ] = 0.120
 Average Precision  (AP) @[ IoU=0.50:0.95 | area= small | maxDets=100 ] = 0.350
 Average Precision  (AP) @[ IoU=0.50:0.95 | area=medium | maxDets=100 ] = -1.000
 Average Precision  (AP) @[ IoU=0.50:0.95 | area= large | maxDets=100 ] = -1.000
 Average Recall     (AR) @[ IoU=0.50:0.95 | area=   all | maxDets=  1 ] = 0.199
 Average Recall     (AR) @[ IoU=0.50:0.95 | area=   all | maxDets= 10 ] = 0.467
 Average Recall     (AR) @[ IoU=0.50:0.95 | area=   all | maxDets=100 ] = 0.588
 Average Recall     (AR) @[ IoU=0.50:0.95 | area= small | maxDets=100 ] = 0.588
 Average Recall     (AR) @[ IoU=0.50:0.95 | area=medium | maxDets=100 ] = -1.000
 Average Recall     (AR) @[ IoU=0.50:0.95 | area= large | maxDets=100 ] = -1.000
 Average Recall     (AR) @[ IoU=0.50      | area=   all | maxDets=100 ] = 0.993
 Average Recall     (AR) @[ IoU=0.75      | area=   all | maxDets=100 ] = 0.604
best_stat: {'epoch': 3, 'coco_eval_bbox': 0.3716614965139037}
Epoch: [12/30]  [ 0/44]  eta: 0:00:40  lr: 0.000100  loss: 18.0981 (18.0981)  loss_mal: 0.6593 (0.6593)  loss_bbox: 0.0134 (0.0134)  loss_giou: 0.4055 (0.4055)  loss_fgl: 1.3274 (1.3274)  loss_mal_aux_0: 0.7454 (0.7454)  loss_bbox_aux_0: 0.0147 (0.0147)  loss_giou_aux_0: 0.4257 (0.4257)  loss_fgl_aux_0: 1.3290 (1.3290)  loss_ddf_aux_0: 0.0060 (0.0060)  loss_mal_aux_1: 0.6751 (0.6751)  loss_bbox_aux_1: 0.0135 (0.0135)  loss_giou_aux_1: 0.4064 (0.4064)  loss_fgl_aux_1: 1.3265 (1.3265)  loss_ddf_aux_1: 0.0003 (0.0003)  loss_mal_pre: 0.7405 (0.7405)  loss_bbox_pre: 0.0148 (0.0148)  loss_giou_pre: 0.4255 (0.4255)  loss_mal_enc_0: 0.8026 (0.8026)  loss_bbox_enc_0: 0.0194 (0.0194)  loss_giou_enc_0: 0.5423 (0.5423)  loss_mal_dn_0: 0.7039 (0.7039)  loss_bbox_dn_0: 0.0126 (0.0126)  loss_giou_dn_0: 0.4044 (0.4044)  loss_fgl_dn_0: 1.3268 (1.3268)  loss_ddf_dn_0: 0.0598 (0.0598)  loss_mal_dn_1: 0.6225 (0.6225)  loss_bbox_dn_1: 0.0089 (0.0089)  loss_giou_dn_1: 0.3389 (0.3389)  loss_fgl_dn_1: 1.3221 (1.3221)  loss_ddf_dn_1: 0.0031 (0.0031)  loss_mal_dn_2: 0.6167 (0.6167)  loss_bbox_dn_2: 0.0089 (0.0089)  loss_giou_dn_2: 0.3388 (0.3388)  loss_fgl_dn_2: 1.3221 (1.3221)  loss_ddf_dn_2: -0.0000 (0.0000)  loss_mal_dn_pre: 0.7022 (0.7022)  loss_bbox_dn_pre: 0.0125 (0.0125)  loss_giou_dn_pre: 0.4005 (0.4005)  time: 0.9241  data: 0.2628  max mem: 5224
Epoch: [12/30]  [10/44]  eta: 0:00:23  lr: 0.000100  loss: 17.3061 (17.4402)  loss_mal: 0.6245 (0.6256)  loss_bbox: 0.0099 (0.0101)  loss_giou: 0.3575 (0.3683)  loss_fgl: 1.3451 (1.3404)  loss_mal_aux_0: 0.7118 (0.6971)  loss_bbox_aux_0: 0.0112 (0.0108)  loss_giou_aux_0: 0.3633 (0.3801)  loss_fgl_aux_0: 1.3393 (1.3408)  loss_ddf_aux_0: 0.0061 (0.0063)  loss_mal_aux_1: 0.6289 (0.6332)  loss_bbox_aux_1: 0.0098 (0.0101)  loss_giou_aux_1: 0.3606 (0.3686)  loss_fgl_aux_1: 1.3455 (1.3399)  loss_ddf_aux_1: 0.0004 (0.0004)  loss_mal_pre: 0.7083 (0.6948)  loss_bbox_pre: 0.0111 (0.0107)  loss_giou_pre: 0.3642 (0.3794)  loss_mal_enc_0: 0.7511 (0.7371)  loss_bbox_enc_0: 0.0128 (0.0131)  loss_giou_enc_0: 0.4245 (0.4345)  loss_mal_dn_0: 0.6818 (0.6790)  loss_bbox_dn_0: 0.0109 (0.0106)  loss_giou_dn_0: 0.3799 (0.3863)  loss_fgl_dn_0: 1.3366 (1.3414)  loss_ddf_dn_0: 0.0585 (0.0592)  loss_mal_dn_1: 0.5976 (0.5938)  loss_bbox_dn_1: 0.0073 (0.0071)  loss_giou_dn_1: 0.3150 (0.3080)  loss_fgl_dn_1: 1.3285 (1.3347)  loss_ddf_dn_1: 0.0023 (0.0024)  loss_mal_dn_2: 0.5918 (0.5915)  loss_bbox_dn_2: 0.0072 (0.0071)  loss_giou_dn_2: 0.3089 (0.3075)  loss_fgl_dn_2: 1.3279 (1.3350)  loss_ddf_dn_2: -0.0000 (0.0000)  loss_mal_dn_pre: 0.6835 (0.6798)  loss_bbox_dn_pre: 0.0109 (0.0105)  loss_giou_dn_pre: 0.3826 (0.3852)  time: 0.6870  data: 0.0365  max mem: 5224
Epoch: [12/30]  [20/44]  eta: 0:00:15  lr: 0.000100  loss: 17.3874 (17.4638)  loss_mal: 0.6272 (0.6309)  loss_bbox: 0.0096 (0.0100)  loss_giou: 0.3598 (0.3711)  loss_fgl: 1.3393 (1.3404)  loss_mal_aux_0: 0.6740 (0.6872)  loss_bbox_aux_0: 0.0103 (0.0106)  loss_giou_aux_0: 0.3816 (0.3844)  loss_fgl_aux_0: 1.3376 (1.3398)  loss_ddf_aux_0: 0.0063 (0.0062)  loss_mal_aux_1: 0.6296 (0.6379)  loss_bbox_aux_1: 0.0095 (0.0100)  loss_giou_aux_1: 0.3626 (0.3720)  loss_fgl_aux_1: 1.3381 (1.3402)  loss_ddf_aux_1: 0.0004 (0.0004)  loss_mal_pre: 0.6735 (0.6860)  loss_bbox_pre: 0.0102 (0.0106)  loss_giou_pre: 0.3787 (0.3839)  loss_mal_enc_0: 0.7251 (0.7321)  loss_bbox_enc_0: 0.0122 (0.0123)  loss_giou_enc_0: 0.4201 (0.4234)  loss_mal_dn_0: 0.6816 (0.6811)  loss_bbox_dn_0: 0.0107 (0.0109)  loss_giou_dn_0: 0.3959 (0.3968)  loss_fgl_dn_0: 1.3355 (1.3383)  loss_ddf_dn_0: 0.0588 (0.0610)  loss_mal_dn_1: 0.5974 (0.5981)  loss_bbox_dn_1: 0.0069 (0.0071)  loss_giou_dn_1: 0.3094 (0.3119)  loss_fgl_dn_1: 1.3284 (1.3326)  loss_ddf_dn_1: 0.0025 (0.0026)  loss_mal_dn_2: 0.5930 (0.5952)  loss_bbox_dn_2: 0.0069 (0.0070)  loss_giou_dn_2: 0.3089 (0.3106)  loss_fgl_dn_2: 1.3279 (1.3330)  loss_ddf_dn_2: -0.0000 (0.0000)  loss_mal_dn_pre: 0.6835 (0.6820)  loss_bbox_dn_pre: 0.0106 (0.0108)  loss_giou_dn_pre: 0.3967 (0.3953)  time: 0.6183  data: 0.0148  max mem: 5224
Epoch: [12/30]  [30/44]  eta: 0:00:08  lr: 0.000100  loss: 17.4366 (17.4997)  loss_mal: 0.6380 (0.6337)  loss_bbox: 0.0096 (0.0100)  loss_giou: 0.3769 (0.3772)  loss_fgl: 1.3355 (1.3377)  loss_mal_aux_0: 0.6702 (0.6853)  loss_bbox_aux_0: 0.0103 (0.0106)  loss_giou_aux_0: 0.3848 (0.3890)  loss_fgl_aux_0: 1.3365 (1.3371)  loss_ddf_aux_0: 0.0064 (0.0065)  loss_mal_aux_1: 0.6469 (0.6414)  loss_bbox_aux_1: 0.0095 (0.0100)  loss_giou_aux_1: 0.3804 (0.3783)  loss_fgl_aux_1: 1.3354 (1.3374)  loss_ddf_aux_1: 0.0004 (0.0004)  loss_mal_pre: 0.6714 (0.6843)  loss_bbox_pre: 0.0102 (0.0106)  loss_giou_pre: 0.3844 (0.3884)  loss_mal_enc_0: 0.7278 (0.7318)  loss_bbox_enc_0: 0.0119 (0.0122)  loss_giou_enc_0: 0.4090 (0.4247)  loss_mal_dn_0: 0.6842 (0.6826)  loss_bbox_dn_0: 0.0107 (0.0108)  loss_giou_dn_0: 0.4072 (0.4000)  loss_fgl_dn_0: 1.3355 (1.3377)  loss_ddf_dn_0: 0.0624 (0.0625)  loss_mal_dn_1: 0.6058 (0.6000)  loss_bbox_dn_1: 0.0069 (0.0070)  loss_giou_dn_1: 0.3189 (0.3140)  loss_fgl_dn_1: 1.3301 (1.3327)  loss_ddf_dn_1: 0.0026 (0.0027)  loss_mal_dn_2: 0.6024 (0.5973)  loss_bbox_dn_2: 0.0069 (0.0070)  loss_giou_dn_2: 0.3162 (0.3127)  loss_fgl_dn_2: 1.3306 (1.3330)  loss_ddf_dn_2: -0.0000 (0.0000)  loss_mal_dn_pre: 0.6848 (0.6835)  loss_bbox_dn_pre: 0.0106 (0.0108)  loss_giou_dn_pre: 0.4053 (0.3988)  time: 0.5921  data: 0.0156  max mem: 5224
Epoch: [12/30]  [40/44]  eta: 0:00:02  lr: 0.000100  loss: 17.4755 (17.4817)  loss_mal: 0.6380 (0.6328)  loss_bbox: 0.0093 (0.0099)  loss_giou: 0.3775 (0.3757)  loss_fgl: 1.3407 (1.3392)  loss_mal_aux_0: 0.6780 (0.6865)  loss_bbox_aux_0: 0.0095 (0.0104)  loss_giou_aux_0: 0.3780 (0.3855)  loss_fgl_aux_0: 1.3365 (1.3394)  loss_ddf_aux_0: 0.0070 (0.0067)  loss_mal_aux_1: 0.6393 (0.6400)  loss_bbox_aux_1: 0.0095 (0.0099)  loss_giou_aux_1: 0.3805 (0.3764)  loss_fgl_aux_1: 1.3384 (1.3389)  loss_ddf_aux_1: 0.0004 (0.0004)  loss_mal_pre: 0.6756 (0.6851)  loss_bbox_pre: 0.0096 (0.0104)  loss_giou_pre: 0.3776 (0.3844)  loss_mal_enc_0: 0.7307 (0.7315)  loss_bbox_enc_0: 0.0111 (0.0119)  loss_giou_enc_0: 0.4060 (0.4195)  loss_mal_dn_0: 0.6848 (0.6818)  loss_bbox_dn_0: 0.0106 (0.0107)  loss_giou_dn_0: 0.4006 (0.3974)  loss_fgl_dn_0: 1.3402 (1.3380)  loss_ddf_dn_0: 0.0609 (0.0618)  loss_mal_dn_1: 0.6010 (0.6002)  loss_bbox_dn_1: 0.0068 (0.0070)  loss_giou_dn_1: 0.3169 (0.3138)  loss_fgl_dn_1: 1.3349 (1.3335)  loss_ddf_dn_1: 0.0023 (0.0026)  loss_mal_dn_2: 0.6022 (0.5979)  loss_bbox_dn_2: 0.0067 (0.0070)  loss_giou_dn_2: 0.3158 (0.3126)  loss_fgl_dn_2: 1.3343 (1.3336)  loss_ddf_dn_2: -0.0000 (0.0000)  loss_mal_dn_pre: 0.6841 (0.6825)  loss_bbox_dn_pre: 0.0106 (0.0106)  loss_giou_dn_pre: 0.3980 (0.3958)  time: 0.6378  data: 0.0156  max mem: 5224
Epoch: [12/30]  [43/44]  eta: 0:00:00  lr: 0.000100  loss: 17.4996 (17.4972)  loss_mal: 0.6380 (0.6328)  loss_bbox: 0.0093 (0.0099)  loss_giou: 0.3885 (0.3769)  loss_fgl: 1.3306 (1.3401)  loss_mal_aux_0: 0.6780 (0.6855)  loss_bbox_aux_0: 0.0097 (0.0104)  loss_giou_aux_0: 0.3842 (0.3867)  loss_fgl_aux_0: 1.3365 (1.3402)  loss_ddf_aux_0: 0.0069 (0.0067)  loss_mal_aux_1: 0.6419 (0.6398)  loss_bbox_aux_1: 0.0095 (0.0099)  loss_giou_aux_1: 0.3919 (0.3778)  loss_fgl_aux_1: 1.3320 (1.3397)  loss_ddf_aux_1: 0.0004 (0.0004)  loss_mal_pre: 0.6756 (0.6841)  loss_bbox_pre: 0.0098 (0.0103)  loss_giou_pre: 0.3838 (0.3858)  loss_mal_enc_0: 0.7307 (0.7312)  loss_bbox_enc_0: 0.0110 (0.0118)  loss_giou_enc_0: 0.4135 (0.4195)  loss_mal_dn_0: 0.6871 (0.6825)  loss_bbox_dn_0: 0.0105 (0.0107)  loss_giou_dn_0: 0.4038 (0.3994)  loss_fgl_dn_0: 1.3402 (1.3380)  loss_ddf_dn_0: 0.0598 (0.0617)  loss_mal_dn_1: 0.6058 (0.6011)  loss_bbox_dn_1: 0.0070 (0.0070)  loss_giou_dn_1: 0.3215 (0.3154)  loss_fgl_dn_1: 1.3349 (1.3341)  loss_ddf_dn_1: 0.0023 (0.0026)  loss_mal_dn_2: 0.6039 (0.5985)  loss_bbox_dn_2: 0.0069 (0.0070)  loss_giou_dn_2: 0.3178 (0.3140)  loss_fgl_dn_2: 1.3343 (1.3343)  loss_ddf_dn_2: -0.0000 (0.0000)  loss_mal_dn_pre: 0.6879 (0.6832)  loss_bbox_dn_pre: 0.0106 (0.0106)  loss_giou_dn_pre: 0.3980 (0.3979)  time: 0.6303  data: 0.0154  max mem: 5224
Epoch: [12/30] Total time: 0:00:27 (0.6360 s / it)
Averaged stats: lr: 0.000100  loss: 17.4996 (17.4972)  loss_mal: 0.6380 (0.6328)  loss_bbox: 0.0093 (0.0099)  loss_giou: 0.3885 (0.3769)  loss_fgl: 1.3306 (1.3401)  loss_mal_aux_0: 0.6780 (0.6855)  loss_bbox_aux_0: 0.0097 (0.0104)  loss_giou_aux_0: 0.3842 (0.3867)  loss_fgl_aux_0: 1.3365 (1.3402)  loss_ddf_aux_0: 0.0069 (0.0067)  loss_mal_aux_1: 0.6419 (0.6398)  loss_bbox_aux_1: 0.0095 (0.0099)  loss_giou_aux_1: 0.3919 (0.3778)  loss_fgl_aux_1: 1.3320 (1.3397)  loss_ddf_aux_1: 0.0004 (0.0004)  loss_mal_pre: 0.6756 (0.6841)  loss_bbox_pre: 0.0098 (0.0103)  loss_giou_pre: 0.3838 (0.3858)  loss_mal_enc_0: 0.7307 (0.7312)  loss_bbox_enc_0: 0.0110 (0.0118)  loss_giou_enc_0: 0.4135 (0.4195)  loss_mal_dn_0: 0.6871 (0.6825)  loss_bbox_dn_0: 0.0105 (0.0107)  loss_giou_dn_0: 0.4038 (0.3994)  loss_fgl_dn_0: 1.3402 (1.3380)  loss_ddf_dn_0: 0.0598 (0.0617)  loss_mal_dn_1: 0.6058 (0.6011)  loss_bbox_dn_1: 0.0070 (0.0070)  loss_giou_dn_1: 0.3215 (0.3154)  loss_fgl_dn_1: 1.3349 (1.3341)  loss_ddf_dn_1: 0.0023 (0.0026)  loss_mal_dn_2: 0.6039 (0.5985)  loss_bbox_dn_2: 0.0069 (0.0070)  loss_giou_dn_2: 0.3178 (0.3140)  loss_fgl_dn_2: 1.3343 (1.3343)  loss_ddf_dn_2: -0.0000 (0.0000)  loss_mal_dn_pre: 0.6879 (0.6832)  loss_bbox_dn_pre: 0.0106 (0.0106)  loss_giou_dn_pre: 0.3980 (0.3979)
Test:  [0/9]  eta: 0:00:03    time: 0.3886  data: 0.2459  max mem: 5224
Test:  [8/9]  eta: 0:00:00    time: 0.1537  data: 0.0400  max mem: 5224
Test: Total time: 0:00:01 (0.1579 s / it)
Metrics: {'f1': 0.9652777777777778, 'precision': 0.9652777777777778, 'recall': 0.9652777777777778, 'iou': 0.656566039827846, 'TPs': 139, 'FPs': 5, 'FNs': 5}
Averaged stats: 
Accumulating evaluation results...
COCOeval_opt.accumulate() finished...
DONE (t=0.01s).
IoU metric: bbox
 Average Precision  (AP) @[ IoU=0.50:0.95 | area=   all | maxDets=100 ] = 0.354
 Average Precision  (AP) @[ IoU=0.50      | area=   all | maxDets=100 ] = 0.950
 Average Precision  (AP) @[ IoU=0.75      | area=   all | maxDets=100 ] = 0.123
 Average Precision  (AP) @[ IoU=0.50:0.95 | area= small | maxDets=100 ] = 0.354
 Average Precision  (AP) @[ IoU=0.50:0.95 | area=medium | maxDets=100 ] = -1.000
 Average Precision  (AP) @[ IoU=0.50:0.95 | area= large | maxDets=100 ] = -1.000
 Average Recall     (AR) @[ IoU=0.50:0.95 | area=   all | maxDets=  1 ] = 0.199
 Average Recall     (AR) @[ IoU=0.50:0.95 | area=   all | maxDets= 10 ] = 0.469
 Average Recall     (AR) @[ IoU=0.50:0.95 | area=   all | maxDets=100 ] = 0.590
 Average Recall     (AR) @[ IoU=0.50:0.95 | area= small | maxDets=100 ] = 0.590
 Average Recall     (AR) @[ IoU=0.50:0.95 | area=medium | maxDets=100 ] = -1.000
 Average Recall     (AR) @[ IoU=0.50:0.95 | area= large | maxDets=100 ] = -1.000
 Average Recall     (AR) @[ IoU=0.50      | area=   all | maxDets=100 ] = 0.993
 Average Recall     (AR) @[ IoU=0.75      | area=   all | maxDets=100 ] = 0.604
best_stat: {'epoch': 3, 'coco_eval_bbox': 0.3716614965139037}
Epoch: [13/30]  [ 0/44]  eta: 0:00:37  lr: 0.000100  loss: 17.0727 (17.0727)  loss_mal: 0.6000 (0.6000)  loss_bbox: 0.0080 (0.0080)  loss_giou: 0.3173 (0.3173)  loss_fgl: 1.3867 (1.3867)  loss_mal_aux_0: 0.6752 (0.6752)  loss_bbox_aux_0: 0.0084 (0.0084)  loss_giou_aux_0: 0.3269 (0.3269)  loss_fgl_aux_0: 1.3873 (1.3873)  loss_ddf_aux_0: 0.0072 (0.0072)  loss_mal_aux_1: 0.6064 (0.6064)  loss_bbox_aux_1: 0.0080 (0.0080)  loss_giou_aux_1: 0.3158 (0.3158)  loss_fgl_aux_1: 1.3863 (1.3863)  loss_ddf_aux_1: 0.0004 (0.0004)  loss_mal_pre: 0.6741 (0.6741)  loss_bbox_pre: 0.0083 (0.0083)  loss_giou_pre: 0.3264 (0.3264)  loss_mal_enc_0: 0.7248 (0.7248)  loss_bbox_enc_0: 0.0094 (0.0094)  loss_giou_enc_0: 0.3636 (0.3636)  loss_mal_dn_0: 0.6558 (0.6558)  loss_bbox_dn_0: 0.0089 (0.0089)  loss_giou_dn_0: 0.3679 (0.3679)  loss_fgl_dn_0: 1.3607 (1.3607)  loss_ddf_dn_0: 0.0531 (0.0531)  loss_mal_dn_1: 0.5745 (0.5745)  loss_bbox_dn_1: 0.0062 (0.0062)  loss_giou_dn_1: 0.2854 (0.2854)  loss_fgl_dn_1: 1.3621 (1.3621)  loss_ddf_dn_1: 0.0022 (0.0022)  loss_mal_dn_2: 0.5722 (0.5722)  loss_bbox_dn_2: 0.0061 (0.0061)  loss_giou_dn_2: 0.2816 (0.2816)  loss_fgl_dn_2: 1.3620 (1.3620)  loss_ddf_dn_2: -0.0000 (0.0000)  loss_mal_dn_pre: 0.6574 (0.6574)  loss_bbox_dn_pre: 0.0089 (0.0089)  loss_giou_dn_pre: 0.3672 (0.3672)  time: 0.8566  data: 0.2387  max mem: 5224
Epoch: [13/30]  [10/44]  eta: 0:00:22  lr: 0.000100  loss: 17.1220 (17.2648)  loss_mal: 0.6168 (0.6204)  loss_bbox: 0.0080 (0.0087)  loss_giou: 0.3581 (0.3561)  loss_fgl: 1.3512 (1.3508)  loss_mal_aux_0: 0.6673 (0.6624)  loss_bbox_aux_0: 0.0086 (0.0092)  loss_giou_aux_0: 0.3714 (0.3663)  loss_fgl_aux_0: 1.3490 (1.3501)  loss_ddf_aux_0: 0.0072 (0.0072)  loss_mal_aux_1: 0.6198 (0.6210)  loss_bbox_aux_1: 0.0081 (0.0087)  loss_giou_aux_1: 0.3582 (0.3562)  loss_fgl_aux_1: 1.3512 (1.3508)  loss_ddf_aux_1: 0.0004 (0.0004)  loss_mal_pre: 0.6667 (0.6635)  loss_bbox_pre: 0.0085 (0.0091)  loss_giou_pre: 0.3711 (0.3656)  loss_mal_enc_0: 0.7296 (0.7337)  loss_bbox_enc_0: 0.0097 (0.0104)  loss_giou_enc_0: 0.3874 (0.3957)  loss_mal_dn_0: 0.6696 (0.6719)  loss_bbox_dn_0: 0.0094 (0.0092)  loss_giou_dn_0: 0.3808 (0.3843)  loss_fgl_dn_0: 1.3424 (1.3427)  loss_ddf_dn_0: 0.0584 (0.0577)  loss_mal_dn_1: 0.5784 (0.5887)  loss_bbox_dn_1: 0.0060 (0.0064)  loss_giou_dn_1: 0.2891 (0.3042)  loss_fgl_dn_1: 1.3426 (1.3428)  loss_ddf_dn_1: 0.0026 (0.0027)  loss_mal_dn_2: 0.5797 (0.5895)  loss_bbox_dn_2: 0.0060 (0.0063)  loss_giou_dn_2: 0.2897 (0.3035)  loss_fgl_dn_2: 1.3432 (1.3428)  loss_ddf_dn_2: -0.0000 (0.0000)  loss_mal_dn_pre: 0.6705 (0.6731)  loss_bbox_dn_pre: 0.0093 (0.0092)  loss_giou_dn_pre: 0.3780 (0.3834)  time: 0.6523  data: 0.0361  max mem: 5224
Epoch: [13/30]  [20/44]  eta: 0:00:15  lr: 0.000100  loss: 17.1220 (17.2623)  loss_mal: 0.6194 (0.6198)  loss_bbox: 0.0080 (0.0085)  loss_giou: 0.3580 (0.3555)  loss_fgl: 1.3471 (1.3498)  loss_mal_aux_0: 0.6673 (0.6727)  loss_bbox_aux_0: 0.0086 (0.0090)  loss_giou_aux_0: 0.3714 (0.3684)  loss_fgl_aux_0: 1.3447 (1.3509)  loss_ddf_aux_0: 0.0072 (0.0075)  loss_mal_aux_1: 0.6222 (0.6212)  loss_bbox_aux_1: 0.0081 (0.0085)  loss_giou_aux_1: 0.3581 (0.3567)  loss_fgl_aux_1: 1.3468 (1.3497)  loss_ddf_aux_1: 0.0004 (0.0004)  loss_mal_pre: 0.6667 (0.6719)  loss_bbox_pre: 0.0085 (0.0090)  loss_giou_pre: 0.3711 (0.3676)  loss_mal_enc_0: 0.7296 (0.7306)  loss_bbox_enc_0: 0.0097 (0.0101)  loss_giou_enc_0: 0.3899 (0.3934)  loss_mal_dn_0: 0.6724 (0.6728)  loss_bbox_dn_0: 0.0094 (0.0092)  loss_giou_dn_0: 0.3822 (0.3838)  loss_fgl_dn_0: 1.3424 (1.3434)  loss_ddf_dn_0: 0.0558 (0.0557)  loss_mal_dn_1: 0.5822 (0.5864)  loss_bbox_dn_1: 0.0060 (0.0062)  loss_giou_dn_1: 0.2915 (0.2995)  loss_fgl_dn_1: 1.3387 (1.3433)  loss_ddf_dn_1: 0.0023 (0.0024)  loss_mal_dn_2: 0.5797 (0.5852)  loss_bbox_dn_2: 0.0060 (0.0061)  loss_giou_dn_2: 0.2895 (0.2980)  loss_fgl_dn_2: 1.3385 (1.3432)  loss_ddf_dn_2: -0.0000 (0.0000)  loss_mal_dn_pre: 0.6735 (0.6742)  loss_bbox_dn_pre: 0.0093 (0.0091)  loss_giou_dn_pre: 0.3801 (0.3827)  time: 0.6305  data: 0.0159  max mem: 5224
Epoch: [13/30]  [30/44]  eta: 0:00:09  lr: 0.000100  loss: 17.0882 (17.2814)  loss_mal: 0.6191 (0.6207)  loss_bbox: 0.0091 (0.0088)  loss_giou: 0.3450 (0.3586)  loss_fgl: 1.3444 (1.3466)  loss_mal_aux_0: 0.6636 (0.6687)  loss_bbox_aux_0: 0.0097 (0.0094)  loss_giou_aux_0: 0.3629 (0.3714)  loss_fgl_aux_0: 1.3520 (1.3488)  loss_ddf_aux_0: 0.0068 (0.0074)  loss_mal_aux_1: 0.6166 (0.6224)  loss_bbox_aux_1: 0.0092 (0.0088)  loss_giou_aux_1: 0.3492 (0.3591)  loss_fgl_aux_1: 1.3441 (1.3464)  loss_ddf_aux_1: 0.0004 (0.0004)  loss_mal_pre: 0.6613 (0.6682)  loss_bbox_pre: 0.0097 (0.0093)  loss_giou_pre: 0.3649 (0.3698)  loss_mal_enc_0: 0.7285 (0.7295)  loss_bbox_enc_0: 0.0102 (0.0105)  loss_giou_enc_0: 0.4010 (0.3957)  loss_mal_dn_0: 0.6703 (0.6728)  loss_bbox_dn_0: 0.0097 (0.0098)  loss_giou_dn_0: 0.3822 (0.3894)  loss_fgl_dn_0: 1.3451 (1.3425)  loss_ddf_dn_0: 0.0575 (0.0569)  loss_mal_dn_1: 0.5842 (0.5889)  loss_bbox_dn_1: 0.0063 (0.0065)  loss_giou_dn_1: 0.2964 (0.3035)  loss_fgl_dn_1: 1.3362 (1.3401)  loss_ddf_dn_1: 0.0023 (0.0025)  loss_mal_dn_2: 0.5834 (0.5879)  loss_bbox_dn_2: 0.0062 (0.0064)  loss_giou_dn_2: 0.2954 (0.3024)  loss_fgl_dn_2: 1.3370 (1.3403)  loss_ddf_dn_2: -0.0000 (0.0000)  loss_mal_dn_pre: 0.6712 (0.6739)  loss_bbox_dn_pre: 0.0098 (0.0097)  loss_giou_dn_pre: 0.3801 (0.3874)  time: 0.6384  data: 0.0157  max mem: 5224
Epoch: [13/30]  [40/44]  eta: 0:00:02  lr: 0.000100  loss: 17.0430 (17.2255)  loss_mal: 0.6090 (0.6196)  loss_bbox: 0.0089 (0.0088)  loss_giou: 0.3359 (0.3537)  loss_fgl: 1.3441 (1.3471)  loss_mal_aux_0: 0.6560 (0.6676)  loss_bbox_aux_0: 0.0094 (0.0093)  loss_giou_aux_0: 0.3465 (0.3655)  loss_fgl_aux_0: 1.3488 (1.3487)  loss_ddf_aux_0: 0.0070 (0.0074)  loss_mal_aux_1: 0.6104 (0.6226)  loss_bbox_aux_1: 0.0089 (0.0088)  loss_giou_aux_1: 0.3399 (0.3546)  loss_fgl_aux_1: 1.3431 (1.3468)  loss_ddf_aux_1: 0.0004 (0.0004)  loss_mal_pre: 0.6567 (0.6671)  loss_bbox_pre: 0.0095 (0.0092)  loss_giou_pre: 0.3436 (0.3639)  loss_mal_enc_0: 0.7238 (0.7270)  loss_bbox_enc_0: 0.0103 (0.0105)  loss_giou_enc_0: 0.3842 (0.3935)  loss_mal_dn_0: 0.6641 (0.6707)  loss_bbox_dn_0: 0.0097 (0.0097)  loss_giou_dn_0: 0.3664 (0.3839)  loss_fgl_dn_0: 1.3449 (1.3431)  loss_ddf_dn_0: 0.0538 (0.0561)  loss_mal_dn_1: 0.5836 (0.5867)  loss_bbox_dn_1: 0.0067 (0.0065)  loss_giou_dn_1: 0.2931 (0.2998)  loss_fgl_dn_1: 1.3382 (1.3402)  loss_ddf_dn_1: 0.0023 (0.0023)  loss_mal_dn_2: 0.5813 (0.5851)  loss_bbox_dn_2: 0.0066 (0.0064)  loss_giou_dn_2: 0.2933 (0.2985)  loss_fgl_dn_2: 1.3389 (1.3405)  loss_ddf_dn_2: -0.0000 (0.0000)  loss_mal_dn_pre: 0.6648 (0.6719)  loss_bbox_dn_pre: 0.0098 (0.0097)  loss_giou_dn_pre: 0.3630 (0.3822)  time: 0.6494  data: 0.0153  max mem: 5224
Epoch: [13/30]  [43/44]  eta: 0:00:00  lr: 0.000100  loss: 17.0430 (17.2796)  loss_mal: 0.6135 (0.6226)  loss_bbox: 0.0089 (0.0090)  loss_giou: 0.3359 (0.3578)  loss_fgl: 1.3423 (1.3465)  loss_mal_aux_0: 0.6616 (0.6696)  loss_bbox_aux_0: 0.0094 (0.0096)  loss_giou_aux_0: 0.3465 (0.3702)  loss_fgl_aux_0: 1.3457 (1.3481)  loss_ddf_aux_0: 0.0070 (0.0074)  loss_mal_aux_1: 0.6154 (0.6250)  loss_bbox_aux_1: 0.0089 (0.0091)  loss_giou_aux_1: 0.3399 (0.3585)  loss_fgl_aux_1: 1.3422 (1.3463)  loss_ddf_aux_1: 0.0005 (0.0004)  loss_mal_pre: 0.6608 (0.6689)  loss_bbox_pre: 0.0095 (0.0095)  loss_giou_pre: 0.3436 (0.3689)  loss_mal_enc_0: 0.7261 (0.7278)  loss_bbox_enc_0: 0.0116 (0.0108)  loss_giou_enc_0: 0.3842 (0.3979)  loss_mal_dn_0: 0.6666 (0.6733)  loss_bbox_dn_0: 0.0097 (0.0100)  loss_giou_dn_0: 0.3664 (0.3875)  loss_fgl_dn_0: 1.3410 (1.3426)  loss_ddf_dn_0: 0.0538 (0.0568)  loss_mal_dn_1: 0.5836 (0.5888)  loss_bbox_dn_1: 0.0067 (0.0066)  loss_giou_dn_1: 0.2931 (0.3023)  loss_fgl_dn_1: 1.3355 (1.3399)  loss_ddf_dn_1: 0.0019 (0.0023)  loss_mal_dn_2: 0.5813 (0.5875)  loss_bbox_dn_2: 0.0066 (0.0065)  loss_giou_dn_2: 0.2933 (0.3012)  loss_fgl_dn_2: 1.3370 (1.3401)  loss_ddf_dn_2: -0.0000 (0.0000)  loss_mal_dn_pre: 0.6659 (0.6745)  loss_bbox_dn_pre: 0.0098 (0.0099)  loss_giou_dn_pre: 0.3630 (0.3858)  time: 0.6436  data: 0.0150  max mem: 5224
Epoch: [13/30] Total time: 0:00:28 (0.6445 s / it)
Averaged stats: lr: 0.000100  loss: 17.0430 (17.2796)  loss_mal: 0.6135 (0.6226)  loss_bbox: 0.0089 (0.0090)  loss_giou: 0.3359 (0.3578)  loss_fgl: 1.3423 (1.3465)  loss_mal_aux_0: 0.6616 (0.6696)  loss_bbox_aux_0: 0.0094 (0.0096)  loss_giou_aux_0: 0.3465 (0.3702)  loss_fgl_aux_0: 1.3457 (1.3481)  loss_ddf_aux_0: 0.0070 (0.0074)  loss_mal_aux_1: 0.6154 (0.6250)  loss_bbox_aux_1: 0.0089 (0.0091)  loss_giou_aux_1: 0.3399 (0.3585)  loss_fgl_aux_1: 1.3422 (1.3463)  loss_ddf_aux_1: 0.0005 (0.0004)  loss_mal_pre: 0.6608 (0.6689)  loss_bbox_pre: 0.0095 (0.0095)  loss_giou_pre: 0.3436 (0.3689)  loss_mal_enc_0: 0.7261 (0.7278)  loss_bbox_enc_0: 0.0116 (0.0108)  loss_giou_enc_0: 0.3842 (0.3979)  loss_mal_dn_0: 0.6666 (0.6733)  loss_bbox_dn_0: 0.0097 (0.0100)  loss_giou_dn_0: 0.3664 (0.3875)  loss_fgl_dn_0: 1.3410 (1.3426)  loss_ddf_dn_0: 0.0538 (0.0568)  loss_mal_dn_1: 0.5836 (0.5888)  loss_bbox_dn_1: 0.0067 (0.0066)  loss_giou_dn_1: 0.2931 (0.3023)  loss_fgl_dn_1: 1.3355 (1.3399)  loss_ddf_dn_1: 0.0019 (0.0023)  loss_mal_dn_2: 0.5813 (0.5875)  loss_bbox_dn_2: 0.0066 (0.0065)  loss_giou_dn_2: 0.2933 (0.3012)  loss_fgl_dn_2: 1.3370 (1.3401)  loss_ddf_dn_2: -0.0000 (0.0000)  loss_mal_dn_pre: 0.6659 (0.6745)  loss_bbox_dn_pre: 0.0098 (0.0099)  loss_giou_dn_pre: 0.3630 (0.3858)
Test:  [0/9]  eta: 0:00:02    time: 0.2957  data: 0.2159  max mem: 5224
Test:  [8/9]  eta: 0:00:00    time: 0.1254  data: 0.0394  max mem: 5224
Test: Total time: 0:00:01 (0.1310 s / it)
Metrics: {'f1': 0.9652777777777778, 'precision': 0.9652777777777778, 'recall': 0.9652777777777778, 'iou': 0.6565743968790809, 'TPs': 139, 'FPs': 5, 'FNs': 5}
Averaged stats: 
Accumulating evaluation results...
COCOeval_opt.accumulate() finished...
DONE (t=0.01s).
IoU metric: bbox
 Average Precision  (AP) @[ IoU=0.50:0.95 | area=   all | maxDets=100 ] = 0.353
 Average Precision  (AP) @[ IoU=0.50      | area=   all | maxDets=100 ] = 0.951
 Average Precision  (AP) @[ IoU=0.75      | area=   all | maxDets=100 ] = 0.129
 Average Precision  (AP) @[ IoU=0.50:0.95 | area= small | maxDets=100 ] = 0.353
 Average Precision  (AP) @[ IoU=0.50:0.95 | area=medium | maxDets=100 ] = -1.000
 Average Precision  (AP) @[ IoU=0.50:0.95 | area= large | maxDets=100 ] = -1.000
 Average Recall     (AR) @[ IoU=0.50:0.95 | area=   all | maxDets=  1 ] = 0.197
 Average Recall     (AR) @[ IoU=0.50:0.95 | area=   all | maxDets= 10 ] = 0.464
 Average Recall     (AR) @[ IoU=0.50:0.95 | area=   all | maxDets=100 ] = 0.583
 Average Recall     (AR) @[ IoU=0.50:0.95 | area= small | maxDets=100 ] = 0.583
 Average Recall     (AR) @[ IoU=0.50:0.95 | area=medium | maxDets=100 ] = -1.000
 Average Recall     (AR) @[ IoU=0.50:0.95 | area= large | maxDets=100 ] = -1.000
 Average Recall     (AR) @[ IoU=0.50      | area=   all | maxDets=100 ] = 0.986
 Average Recall     (AR) @[ IoU=0.75      | area=   all | maxDets=100 ] = 0.611
best_stat: {'epoch': 3, 'coco_eval_bbox': 0.3716614965139037}
Epoch: [14/30]  [ 0/44]  eta: 0:00:36  lr: 0.000100  loss: 16.9247 (16.9247)  loss_mal: 0.6007 (0.6007)  loss_bbox: 0.0077 (0.0077)  loss_giou: 0.3187 (0.3187)  loss_fgl: 1.3525 (1.3525)  loss_mal_aux_0: 0.6972 (0.6972)  loss_bbox_aux_0: 0.0081 (0.0081)  loss_giou_aux_0: 0.3094 (0.3094)  loss_fgl_aux_0: 1.3576 (1.3576)  loss_ddf_aux_0: 0.0078 (0.0078)  loss_mal_aux_1: 0.6121 (0.6121)  loss_bbox_aux_1: 0.0079 (0.0079)  loss_giou_aux_1: 0.3198 (0.3198)  loss_fgl_aux_1: 1.3519 (1.3519)  loss_ddf_aux_1: 0.0006 (0.0006)  loss_mal_pre: 0.6975 (0.6975)  loss_bbox_pre: 0.0083 (0.0083)  loss_giou_pre: 0.3139 (0.3139)  loss_mal_enc_0: 0.7218 (0.7218)  loss_bbox_enc_0: 0.0086 (0.0086)  loss_giou_enc_0: 0.3136 (0.3136)  loss_mal_dn_0: 0.6638 (0.6638)  loss_bbox_dn_0: 0.0101 (0.0101)  loss_giou_dn_0: 0.3762 (0.3762)  loss_fgl_dn_0: 1.3433 (1.3433)  loss_ddf_dn_0: 0.0449 (0.0449)  loss_mal_dn_1: 0.5772 (0.5772)  loss_bbox_dn_1: 0.0065 (0.0065)  loss_giou_dn_1: 0.2931 (0.2931)  loss_fgl_dn_1: 1.3363 (1.3363)  loss_ddf_dn_1: 0.0012 (0.0012)  loss_mal_dn_2: 0.5750 (0.5750)  loss_bbox_dn_2: 0.0064 (0.0064)  loss_giou_dn_2: 0.2907 (0.2907)  loss_fgl_dn_2: 1.3353 (1.3353)  loss_ddf_dn_2: -0.0000 (0.0000)  loss_mal_dn_pre: 0.6647 (0.6647)  loss_bbox_dn_pre: 0.0101 (0.0101)  loss_giou_dn_pre: 0.3742 (0.3742)  time: 0.8259  data: 0.2765  max mem: 5224
Epoch: [14/30]  [10/44]  eta: 0:00:22  lr: 0.000100  loss: 16.9318 (16.8983)  loss_mal: 0.6007 (0.6048)  loss_bbox: 0.0077 (0.0079)  loss_giou: 0.3187 (0.3238)  loss_fgl: 1.3466 (1.3474)  loss_mal_aux_0: 0.6575 (0.6601)  loss_bbox_aux_0: 0.0084 (0.0087)  loss_giou_aux_0: 0.3378 (0.3352)  loss_fgl_aux_0: 1.3492 (1.3497)  loss_ddf_aux_0: 0.0073 (0.0077)  loss_mal_aux_1: 0.6121 (0.6109)  loss_bbox_aux_1: 0.0079 (0.0081)  loss_giou_aux_1: 0.3198 (0.3259)  loss_fgl_aux_1: 1.3476 (1.3479)  loss_ddf_aux_1: 0.0005 (0.0006)  loss_mal_pre: 0.6561 (0.6614)  loss_bbox_pre: 0.0084 (0.0087)  loss_giou_pre: 0.3308 (0.3352)  loss_mal_enc_0: 0.7196 (0.7145)  loss_bbox_enc_0: 0.0098 (0.0100)  loss_giou_enc_0: 0.3614 (0.3628)  loss_mal_dn_0: 0.6638 (0.6613)  loss_bbox_dn_0: 0.0087 (0.0092)  loss_giou_dn_0: 0.3553 (0.3638)  loss_fgl_dn_0: 1.3388 (1.3374)  loss_ddf_dn_0: 0.0554 (0.0547)  loss_mal_dn_1: 0.5772 (0.5786)  loss_bbox_dn_1: 0.0058 (0.0062)  loss_giou_dn_1: 0.2883 (0.2876)  loss_fgl_dn_1: 1.3363 (1.3331)  loss_ddf_dn_1: 0.0018 (0.0018)  loss_mal_dn_2: 0.5718 (0.5748)  loss_bbox_dn_2: 0.0056 (0.0061)  loss_giou_dn_2: 0.2815 (0.2842)  loss_fgl_dn_2: 1.3353 (1.3333)  loss_ddf_dn_2: -0.0000 (0.0000)  loss_mal_dn_pre: 0.6647 (0.6634)  loss_bbox_dn_pre: 0.0086 (0.0091)  loss_giou_dn_pre: 0.3515 (0.3624)  time: 0.6571  data: 0.0389  max mem: 5224
Epoch: [14/30]  [20/44]  eta: 0:00:15  lr: 0.000100  loss: 17.1554 (17.0875)  loss_mal: 0.6171 (0.6162)  loss_bbox: 0.0080 (0.0081)  loss_giou: 0.3463 (0.3397)  loss_fgl: 1.3460 (1.3481)  loss_mal_aux_0: 0.6648 (0.6709)  loss_bbox_aux_0: 0.0084 (0.0088)  loss_giou_aux_0: 0.3478 (0.3493)  loss_fgl_aux_0: 1.3492 (1.3509)  loss_ddf_aux_0: 0.0071 (0.0074)  loss_mal_aux_1: 0.6185 (0.6233)  loss_bbox_aux_1: 0.0080 (0.0082)  loss_giou_aux_1: 0.3465 (0.3405)  loss_fgl_aux_1: 1.3439 (1.3484)  loss_ddf_aux_1: 0.0005 (0.0005)  loss_mal_pre: 0.6632 (0.6712)  loss_bbox_pre: 0.0084 (0.0089)  loss_giou_pre: 0.3523 (0.3503)  loss_mal_enc_0: 0.7196 (0.7174)  loss_bbox_enc_0: 0.0098 (0.0101)  loss_giou_enc_0: 0.3687 (0.3816)  loss_mal_dn_0: 0.6643 (0.6658)  loss_bbox_dn_0: 0.0086 (0.0090)  loss_giou_dn_0: 0.3582 (0.3657)  loss_fgl_dn_0: 1.3436 (1.3449)  loss_ddf_dn_0: 0.0553 (0.0545)  loss_mal_dn_1: 0.5846 (0.5846)  loss_bbox_dn_1: 0.0058 (0.0062)  loss_giou_dn_1: 0.2905 (0.2922)  loss_fgl_dn_1: 1.3390 (1.3411)  loss_ddf_dn_1: 0.0018 (0.0018)  loss_mal_dn_2: 0.5826 (0.5820)  loss_bbox_dn_2: 0.0056 (0.0061)  loss_giou_dn_2: 0.2906 (0.2904)  loss_fgl_dn_2: 1.3388 (1.3413)  loss_ddf_dn_2: -0.0000 (0.0000)  loss_mal_dn_pre: 0.6662 (0.6681)  loss_bbox_dn_pre: 0.0086 (0.0090)  loss_giou_dn_pre: 0.3582 (0.3651)  time: 0.6262  data: 0.0152  max mem: 5224
Epoch: [14/30]  [30/44]  eta: 0:00:09  lr: 0.000100  loss: 16.9493 (17.0057)  loss_mal: 0.6039 (0.6106)  loss_bbox: 0.0081 (0.0081)  loss_giou: 0.3392 (0.3360)  loss_fgl: 1.3509 (1.3486)  loss_mal_aux_0: 0.6541 (0.6589)  loss_bbox_aux_0: 0.0085 (0.0087)  loss_giou_aux_0: 0.3478 (0.3467)  loss_fgl_aux_0: 1.3511 (1.3504)  loss_ddf_aux_0: 0.0066 (0.0071)  loss_mal_aux_1: 0.6108 (0.6159)  loss_bbox_aux_1: 0.0081 (0.0082)  loss_giou_aux_1: 0.3369 (0.3364)  loss_fgl_aux_1: 1.3505 (1.3489)  loss_ddf_aux_1: 0.0004 (0.0005)  loss_mal_pre: 0.6565 (0.6594)  loss_bbox_pre: 0.0086 (0.0088)  loss_giou_pre: 0.3523 (0.3472)  loss_mal_enc_0: 0.7151 (0.7153)  loss_bbox_enc_0: 0.0099 (0.0100)  loss_giou_enc_0: 0.3749 (0.3801)  loss_mal_dn_0: 0.6605 (0.6639)  loss_bbox_dn_0: 0.0091 (0.0092)  loss_giou_dn_0: 0.3631 (0.3657)  loss_fgl_dn_0: 1.3459 (1.3434)  loss_ddf_dn_0: 0.0509 (0.0525)  loss_mal_dn_1: 0.5779 (0.5798)  loss_bbox_dn_1: 0.0058 (0.0061)  loss_giou_dn_1: 0.2855 (0.2883)  loss_fgl_dn_1: 1.3390 (1.3392)  loss_ddf_dn_1: 0.0016 (0.0017)  loss_mal_dn_2: 0.5750 (0.5777)  loss_bbox_dn_2: 0.0058 (0.0061)  loss_giou_dn_2: 0.2809 (0.2868)  loss_fgl_dn_2: 1.3390 (1.3395)  loss_ddf_dn_2: -0.0000 (0.0000)  loss_mal_dn_pre: 0.6627 (0.6661)  loss_bbox_dn_pre: 0.0091 (0.0091)  loss_giou_dn_pre: 0.3638 (0.3646)  time: 0.6359  data: 0.0155  max mem: 5224
Epoch: [14/30]  [40/44]  eta: 0:00:02  lr: 0.000100  loss: 16.8634 (17.0535)  loss_mal: 0.5993 (0.6115)  loss_bbox: 0.0082 (0.0082)  loss_giou: 0.3322 (0.3388)  loss_fgl: 1.3517 (1.3492)  loss_mal_aux_0: 0.6418 (0.6597)  loss_bbox_aux_0: 0.0087 (0.0088)  loss_giou_aux_0: 0.3397 (0.3500)  loss_fgl_aux_0: 1.3511 (1.3499)  loss_ddf_aux_0: 0.0066 (0.0071)  loss_mal_aux_1: 0.6072 (0.6162)  loss_bbox_aux_1: 0.0084 (0.0083)  loss_giou_aux_1: 0.3321 (0.3390)  loss_fgl_aux_1: 1.3527 (1.3493)  loss_ddf_aux_1: 0.0004 (0.0005)  loss_mal_pre: 0.6412 (0.6596)  loss_bbox_pre: 0.0088 (0.0088)  loss_giou_pre: 0.3422 (0.3500)  loss_mal_enc_0: 0.7154 (0.7171)  loss_bbox_enc_0: 0.0099 (0.0102)  loss_giou_enc_0: 0.3844 (0.3832)  loss_mal_dn_0: 0.6659 (0.6659)  loss_bbox_dn_0: 0.0094 (0.0093)  loss_giou_dn_0: 0.3679 (0.3702)  loss_fgl_dn_0: 1.3400 (1.3435)  loss_ddf_dn_0: 0.0518 (0.0532)  loss_mal_dn_1: 0.5812 (0.5821)  loss_bbox_dn_1: 0.0063 (0.0062)  loss_giou_dn_1: 0.2931 (0.2916)  loss_fgl_dn_1: 1.3390 (1.3407)  loss_ddf_dn_1: 0.0016 (0.0017)  loss_mal_dn_2: 0.5787 (0.5799)  loss_bbox_dn_2: 0.0062 (0.0062)  loss_giou_dn_2: 0.2922 (0.2903)  loss_fgl_dn_2: 1.3390 (1.3410)  loss_ddf_dn_2: -0.0000 (0.0000)  loss_mal_dn_pre: 0.6688 (0.6679)  loss_bbox_dn_pre: 0.0093 (0.0092)  loss_giou_dn_pre: 0.3659 (0.3688)  time: 0.6471  data: 0.0160  max mem: 5224
Epoch: [14/30]  [43/44]  eta: 0:00:00  lr: 0.000100  loss: 16.8584 (17.0176)  loss_mal: 0.6039 (0.6098)  loss_bbox: 0.0082 (0.0082)  loss_giou: 0.3326 (0.3370)  loss_fgl: 1.3527 (1.3493)  loss_mal_aux_0: 0.6380 (0.6569)  loss_bbox_aux_0: 0.0087 (0.0088)  loss_giou_aux_0: 0.3339 (0.3477)  loss_fgl_aux_0: 1.3525 (1.3501)  loss_ddf_aux_0: 0.0066 (0.0072)  loss_mal_aux_1: 0.6108 (0.6145)  loss_bbox_aux_1: 0.0084 (0.0082)  loss_giou_aux_1: 0.3332 (0.3373)  loss_fgl_aux_1: 1.3530 (1.3494)  loss_ddf_aux_1: 0.0004 (0.0005)  loss_mal_pre: 0.6384 (0.6569)  loss_bbox_pre: 0.0088 (0.0088)  loss_giou_pre: 0.3360 (0.3477)  loss_mal_enc_0: 0.7082 (0.7152)  loss_bbox_enc_0: 0.0099 (0.0101)  loss_giou_enc_0: 0.3834 (0.3814)  loss_mal_dn_0: 0.6580 (0.6640)  loss_bbox_dn_0: 0.0091 (0.0092)  loss_giou_dn_0: 0.3621 (0.3674)  loss_fgl_dn_0: 1.3400 (1.3434)  loss_ddf_dn_0: 0.0518 (0.0533)  loss_mal_dn_1: 0.5812 (0.5809)  loss_bbox_dn_1: 0.0063 (0.0062)  loss_giou_dn_1: 0.2931 (0.2904)  loss_fgl_dn_1: 1.3390 (1.3403)  loss_ddf_dn_1: 0.0016 (0.0018)  loss_mal_dn_2: 0.5787 (0.5786)  loss_bbox_dn_2: 0.0063 (0.0062)  loss_giou_dn_2: 0.2922 (0.2889)  loss_fgl_dn_2: 1.3390 (1.3406)  loss_ddf_dn_2: -0.0000 (0.0000)  loss_mal_dn_pre: 0.6606 (0.6662)  loss_bbox_dn_pre: 0.0092 (0.0092)  loss_giou_dn_pre: 0.3588 (0.3662)  time: 0.6382  data: 0.0158  max mem: 5224
Epoch: [14/30] Total time: 0:00:28 (0.6401 s / it)
Averaged stats: lr: 0.000100  loss: 16.8584 (17.0176)  loss_mal: 0.6039 (0.6098)  loss_bbox: 0.0082 (0.0082)  loss_giou: 0.3326 (0.3370)  loss_fgl: 1.3527 (1.3493)  loss_mal_aux_0: 0.6380 (0.6569)  loss_bbox_aux_0: 0.0087 (0.0088)  loss_giou_aux_0: 0.3339 (0.3477)  loss_fgl_aux_0: 1.3525 (1.3501)  loss_ddf_aux_0: 0.0066 (0.0072)  loss_mal_aux_1: 0.6108 (0.6145)  loss_bbox_aux_1: 0.0084 (0.0082)  loss_giou_aux_1: 0.3332 (0.3373)  loss_fgl_aux_1: 1.3530 (1.3494)  loss_ddf_aux_1: 0.0004 (0.0005)  loss_mal_pre: 0.6384 (0.6569)  loss_bbox_pre: 0.0088 (0.0088)  loss_giou_pre: 0.3360 (0.3477)  loss_mal_enc_0: 0.7082 (0.7152)  loss_bbox_enc_0: 0.0099 (0.0101)  loss_giou_enc_0: 0.3834 (0.3814)  loss_mal_dn_0: 0.6580 (0.6640)  loss_bbox_dn_0: 0.0091 (0.0092)  loss_giou_dn_0: 0.3621 (0.3674)  loss_fgl_dn_0: 1.3400 (1.3434)  loss_ddf_dn_0: 0.0518 (0.0533)  loss_mal_dn_1: 0.5812 (0.5809)  loss_bbox_dn_1: 0.0063 (0.0062)  loss_giou_dn_1: 0.2931 (0.2904)  loss_fgl_dn_1: 1.3390 (1.3403)  loss_ddf_dn_1: 0.0016 (0.0018)  loss_mal_dn_2: 0.5787 (0.5786)  loss_bbox_dn_2: 0.0063 (0.0062)  loss_giou_dn_2: 0.2922 (0.2889)  loss_fgl_dn_2: 1.3390 (1.3406)  loss_ddf_dn_2: -0.0000 (0.0000)  loss_mal_dn_pre: 0.6606 (0.6662)  loss_bbox_dn_pre: 0.0092 (0.0092)  loss_giou_dn_pre: 0.3588 (0.3662)
Test:  [0/9]  eta: 0:00:03    time: 0.3938  data: 0.2436  max mem: 5224
Test:  [8/9]  eta: 0:00:00    time: 0.1849  data: 0.0405  max mem: 5224
Test: Total time: 0:00:01 (0.1889 s / it)
Metrics: {'f1': 0.9652777777777778, 'precision': 0.9652777777777778, 'recall': 0.9652777777777778, 'iou': 0.6568927056837401, 'TPs': 139, 'FPs': 5, 'FNs': 5}
Averaged stats: 
Accumulating evaluation results...
COCOeval_opt.accumulate() finished...
DONE (t=0.01s).
IoU metric: bbox
 Average Precision  (AP) @[ IoU=0.50:0.95 | area=   all | maxDets=100 ] = 0.353
 Average Precision  (AP) @[ IoU=0.50      | area=   all | maxDets=100 ] = 0.950
 Average Precision  (AP) @[ IoU=0.75      | area=   all | maxDets=100 ] = 0.129
 Average Precision  (AP) @[ IoU=0.50:0.95 | area= small | maxDets=100 ] = 0.354
 Average Precision  (AP) @[ IoU=0.50:0.95 | area=medium | maxDets=100 ] = -1.000
 Average Precision  (AP) @[ IoU=0.50:0.95 | area= large | maxDets=100 ] = -1.000
 Average Recall     (AR) @[ IoU=0.50:0.95 | area=   all | maxDets=  1 ] = 0.197
 Average Recall     (AR) @[ IoU=0.50:0.95 | area=   all | maxDets= 10 ] = 0.464
 Average Recall     (AR) @[ IoU=0.50:0.95 | area=   all | maxDets=100 ] = 0.583
 Average Recall     (AR) @[ IoU=0.50:0.95 | area= small | maxDets=100 ] = 0.583
 Average Recall     (AR) @[ IoU=0.50:0.95 | area=medium | maxDets=100 ] = -1.000
 Average Recall     (AR) @[ IoU=0.50:0.95 | area= large | maxDets=100 ] = -1.000
 Average Recall     (AR) @[ IoU=0.50      | area=   all | maxDets=100 ] = 0.993
 Average Recall     (AR) @[ IoU=0.75      | area=   all | maxDets=100 ] = 0.590
best_stat: {'epoch': 3, 'coco_eval_bbox': 0.3716614965139037}
Epoch: [15/30]  [ 0/44]  eta: 0:00:40  lr: 0.000100  loss: 16.8004 (16.8004)  loss_mal: 0.6195 (0.6195)  loss_bbox: 0.0073 (0.0073)  loss_giou: 0.3177 (0.3177)  loss_fgl: 1.3376 (1.3376)  loss_mal_aux_0: 0.6556 (0.6556)  loss_bbox_aux_0: 0.0086 (0.0086)  loss_giou_aux_0: 0.3475 (0.3475)  loss_fgl_aux_0: 1.3386 (1.3386)  loss_ddf_aux_0: 0.0070 (0.0070)  loss_mal_aux_1: 0.6078 (0.6078)  loss_bbox_aux_1: 0.0071 (0.0071)  loss_giou_aux_1: 0.3159 (0.3159)  loss_fgl_aux_1: 1.3370 (1.3370)  loss_ddf_aux_1: 0.0003 (0.0003)  loss_mal_pre: 0.6526 (0.6526)  loss_bbox_pre: 0.0086 (0.0086)  loss_giou_pre: 0.3455 (0.3455)  loss_mal_enc_0: 0.7034 (0.7034)  loss_bbox_enc_0: 0.0088 (0.0088)  loss_giou_enc_0: 0.3510 (0.3510)  loss_mal_dn_0: 0.6645 (0.6645)  loss_bbox_dn_0: 0.0097 (0.0097)  loss_giou_dn_0: 0.3648 (0.3648)  loss_fgl_dn_0: 1.3312 (1.3312)  loss_ddf_dn_0: 0.0543 (0.0543)  loss_mal_dn_1: 0.5736 (0.5736)  loss_bbox_dn_1: 0.0059 (0.0059)  loss_giou_dn_1: 0.2753 (0.2753)  loss_fgl_dn_1: 1.3264 (1.3264)  loss_ddf_dn_1: 0.0017 (0.0017)  loss_mal_dn_2: 0.5724 (0.5724)  loss_bbox_dn_2: 0.0058 (0.0058)  loss_giou_dn_2: 0.2741 (0.2741)  loss_fgl_dn_2: 1.3264 (1.3264)  loss_ddf_dn_2: -0.0000 (0.0000)  loss_mal_dn_pre: 0.6657 (0.6657)  loss_bbox_dn_pre: 0.0095 (0.0095)  loss_giou_dn_pre: 0.3618 (0.3618)  time: 0.9245  data: 0.2341  max mem: 5224
Epoch: [15/30]  [10/44]  eta: 0:00:21  lr: 0.000100  loss: 16.8004 (16.8203)  loss_mal: 0.5971 (0.6042)  loss_bbox: 0.0073 (0.0075)  loss_giou: 0.3177 (0.3201)  loss_fgl: 1.3515 (1.3530)  loss_mal_aux_0: 0.6520 (0.6525)  loss_bbox_aux_0: 0.0081 (0.0081)  loss_giou_aux_0: 0.3341 (0.3329)  loss_fgl_aux_0: 1.3496 (1.3529)  loss_ddf_aux_0: 0.0075 (0.0076)  loss_mal_aux_1: 0.6029 (0.6057)  loss_bbox_aux_1: 0.0071 (0.0075)  loss_giou_aux_1: 0.3159 (0.3199)  loss_fgl_aux_1: 1.3510 (1.3529)  loss_ddf_aux_1: 0.0004 (0.0004)  loss_mal_pre: 0.6497 (0.6516)  loss_bbox_pre: 0.0081 (0.0080)  loss_giou_pre: 0.3338 (0.3318)  loss_mal_enc_0: 0.7034 (0.6955)  loss_bbox_enc_0: 0.0088 (0.0093)  loss_giou_enc_0: 0.3516 (0.3658)  loss_mal_dn_0: 0.6617 (0.6578)  loss_bbox_dn_0: 0.0087 (0.0085)  loss_giou_dn_0: 0.3493 (0.3516)  loss_fgl_dn_0: 1.3552 (1.3497)  loss_ddf_dn_0: 0.0535 (0.0537)  loss_mal_dn_1: 0.5641 (0.5672)  loss_bbox_dn_1: 0.0059 (0.0057)  loss_giou_dn_1: 0.2744 (0.2748)  loss_fgl_dn_1: 1.3473 (1.3480)  loss_ddf_dn_1: 0.0017 (0.0017)  loss_mal_dn_2: 0.5640 (0.5672)  loss_bbox_dn_2: 0.0058 (0.0057)  loss_giou_dn_2: 0.2738 (0.2743)  loss_fgl_dn_2: 1.3476 (1.3482)  loss_ddf_dn_2: -0.0000 (0.0000)  loss_mal_dn_pre: 0.6645 (0.6606)  loss_bbox_dn_pre: 0.0086 (0.0084)  loss_giou_dn_pre: 0.3468 (0.3502)  time: 0.6275  data: 0.0363  max mem: 5224
Epoch: [15/30]  [20/44]  eta: 0:00:15  lr: 0.000100  loss: 16.5721 (16.6791)  loss_mal: 0.5776 (0.5926)  loss_bbox: 0.0069 (0.0071)  loss_giou: 0.3105 (0.3125)  loss_fgl: 1.3428 (1.3476)  loss_mal_aux_0: 0.6487 (0.6470)  loss_bbox_aux_0: 0.0074 (0.0077)  loss_giou_aux_0: 0.3325 (0.3278)  loss_fgl_aux_0: 1.3470 (1.3472)  loss_ddf_aux_0: 0.0075 (0.0074)  loss_mal_aux_1: 0.5836 (0.5950)  loss_bbox_aux_1: 0.0069 (0.0071)  loss_giou_aux_1: 0.3109 (0.3126)  loss_fgl_aux_1: 1.3460 (1.3478)  loss_ddf_aux_1: 0.0004 (0.0004)  loss_mal_pre: 0.6494 (0.6465)  loss_bbox_pre: 0.0074 (0.0078)  loss_giou_pre: 0.3313 (0.3275)  loss_mal_enc_0: 0.7043 (0.7044)  loss_bbox_enc_0: 0.0090 (0.0093)  loss_giou_enc_0: 0.3620 (0.3673)  loss_mal_dn_0: 0.6411 (0.6498)  loss_bbox_dn_0: 0.0080 (0.0081)  loss_giou_dn_0: 0.3359 (0.3414)  loss_fgl_dn_0: 1.3470 (1.3469)  loss_ddf_dn_0: 0.0519 (0.0522)  loss_mal_dn_1: 0.5589 (0.5601)  loss_bbox_dn_1: 0.0055 (0.0055)  loss_giou_dn_1: 0.2618 (0.2676)  loss_fgl_dn_1: 1.3455 (1.3452)  loss_ddf_dn_1: 0.0015 (0.0016)  loss_mal_dn_2: 0.5587 (0.5590)  loss_bbox_dn_2: 0.0055 (0.0055)  loss_giou_dn_2: 0.2604 (0.2667)  loss_fgl_dn_2: 1.3457 (1.3453)  loss_ddf_dn_2: -0.0000 (0.0000)  loss_mal_dn_pre: 0.6445 (0.6530)  loss_bbox_dn_pre: 0.0079 (0.0081)  loss_giou_dn_pre: 0.3342 (0.3403)  time: 0.6347  data: 0.0161  max mem: 5224
Epoch: [15/30]  [30/44]  eta: 0:00:09  lr: 0.000100  loss: 16.5721 (16.7073)  loss_mal: 0.5797 (0.5960)  loss_bbox: 0.0069 (0.0072)  loss_giou: 0.3117 (0.3161)  loss_fgl: 1.3432 (1.3453)  loss_mal_aux_0: 0.6366 (0.6463)  loss_bbox_aux_0: 0.0076 (0.0077)  loss_giou_aux_0: 0.3272 (0.3284)  loss_fgl_aux_0: 1.3412 (1.3456)  loss_ddf_aux_0: 0.0074 (0.0074)  loss_mal_aux_1: 0.5847 (0.5982)  loss_bbox_aux_1: 0.0069 (0.0072)  loss_giou_aux_1: 0.3112 (0.3158)  loss_fgl_aux_1: 1.3437 (1.3455)  loss_ddf_aux_1: 0.0004 (0.0004)  loss_mal_pre: 0.6444 (0.6460)  loss_bbox_pre: 0.0077 (0.0077)  loss_giou_pre: 0.3241 (0.3280)  loss_mal_enc_0: 0.7246 (0.7110)  loss_bbox_enc_0: 0.0093 (0.0093)  loss_giou_enc_0: 0.3655 (0.3701)  loss_mal_dn_0: 0.6449 (0.6524)  loss_bbox_dn_0: 0.0080 (0.0082)  loss_giou_dn_0: 0.3359 (0.3450)  loss_fgl_dn_0: 1.3393 (1.3438)  loss_ddf_dn_0: 0.0489 (0.0513)  loss_mal_dn_1: 0.5599 (0.5634)  loss_bbox_dn_1: 0.0055 (0.0055)  loss_giou_dn_1: 0.2661 (0.2712)  loss_fgl_dn_1: 1.3332 (1.3406)  loss_ddf_dn_1: 0.0014 (0.0015)  loss_mal_dn_2: 0.5587 (0.5618)  loss_bbox_dn_2: 0.0055 (0.0055)  loss_giou_dn_2: 0.2654 (0.2699)  loss_fgl_dn_2: 1.3336 (1.3407)  loss_ddf_dn_2: -0.0000 (0.0000)  loss_mal_dn_pre: 0.6481 (0.6555)  loss_bbox_dn_pre: 0.0080 (0.0081)  loss_giou_dn_pre: 0.3342 (0.3436)  time: 0.6517  data: 0.0153  max mem: 5224
Epoch: [15/30]  [40/44]  eta: 0:00:02  lr: 0.000100  loss: 16.6938 (16.7536)  loss_mal: 0.5904 (0.5961)  loss_bbox: 0.0078 (0.0074)  loss_giou: 0.3113 (0.3185)  loss_fgl: 1.3443 (1.3454)  loss_mal_aux_0: 0.6444 (0.6501)  loss_bbox_aux_0: 0.0078 (0.0080)  loss_giou_aux_0: 0.3218 (0.3313)  loss_fgl_aux_0: 1.3407 (1.3456)  loss_ddf_aux_0: 0.0082 (0.0079)  loss_mal_aux_1: 0.5960 (0.5993)  loss_bbox_aux_1: 0.0078 (0.0074)  loss_giou_aux_1: 0.3097 (0.3182)  loss_fgl_aux_1: 1.3443 (1.3456)  loss_ddf_aux_1: 0.0004 (0.0004)  loss_mal_pre: 0.6458 (0.6495)  loss_bbox_pre: 0.0078 (0.0080)  loss_giou_pre: 0.3206 (0.3307)  loss_mal_enc_0: 0.7163 (0.7125)  loss_bbox_enc_0: 0.0089 (0.0094)  loss_giou_enc_0: 0.3589 (0.3684)  loss_mal_dn_0: 0.6544 (0.6546)  loss_bbox_dn_0: 0.0083 (0.0084)  loss_giou_dn_0: 0.3433 (0.3491)  loss_fgl_dn_0: 1.3401 (1.3444)  loss_ddf_dn_0: 0.0464 (0.0506)  loss_mal_dn_1: 0.5644 (0.5659)  loss_bbox_dn_1: 0.0056 (0.0057)  loss_giou_dn_1: 0.2714 (0.2742)  loss_fgl_dn_1: 1.3340 (1.3413)  loss_ddf_dn_1: 0.0014 (0.0016)  loss_mal_dn_2: 0.5614 (0.5642)  loss_bbox_dn_2: 0.0056 (0.0057)  loss_giou_dn_2: 0.2711 (0.2729)  loss_fgl_dn_2: 1.3338 (1.3415)  loss_ddf_dn_2: -0.0000 (0.0000)  loss_mal_dn_pre: 0.6567 (0.6577)  loss_bbox_dn_pre: 0.0082 (0.0084)  loss_giou_dn_pre: 0.3440 (0.3478)  time: 0.6345  data: 0.0154  max mem: 5224
Epoch: [15/30]  [43/44]  eta: 0:00:00  lr: 0.000100  loss: 16.7757 (16.7818)  loss_mal: 0.5938 (0.5986)  loss_bbox: 0.0082 (0.0075)  loss_giou: 0.3243 (0.3220)  loss_fgl: 1.3433 (1.3432)  loss_mal_aux_0: 0.6572 (0.6503)  loss_bbox_aux_0: 0.0081 (0.0081)  loss_giou_aux_0: 0.3360 (0.3353)  loss_fgl_aux_0: 1.3382 (1.3433)  loss_ddf_aux_0: 0.0082 (0.0078)  loss_mal_aux_1: 0.6009 (0.6017)  loss_bbox_aux_1: 0.0081 (0.0075)  loss_giou_aux_1: 0.3196 (0.3218)  loss_fgl_aux_1: 1.3437 (1.3433)  loss_ddf_aux_1: 0.0005 (0.0004)  loss_mal_pre: 0.6557 (0.6497)  loss_bbox_pre: 0.0081 (0.0080)  loss_giou_pre: 0.3376 (0.3349)  loss_mal_enc_0: 0.7163 (0.7112)  loss_bbox_enc_0: 0.0096 (0.0095)  loss_giou_enc_0: 0.3634 (0.3707)  loss_mal_dn_0: 0.6589 (0.6565)  loss_bbox_dn_0: 0.0083 (0.0085)  loss_giou_dn_0: 0.3681 (0.3527)  loss_fgl_dn_0: 1.3348 (1.3428)  loss_ddf_dn_0: 0.0479 (0.0510)  loss_mal_dn_1: 0.5695 (0.5677)  loss_bbox_dn_1: 0.0058 (0.0057)  loss_giou_dn_1: 0.2788 (0.2758)  loss_fgl_dn_1: 1.3288 (1.3396)  loss_ddf_dn_1: 0.0015 (0.0016)  loss_mal_dn_2: 0.5643 (0.5660)  loss_bbox_dn_2: 0.0057 (0.0057)  loss_giou_dn_2: 0.2730 (0.2746)  loss_fgl_dn_2: 1.3292 (1.3397)  loss_ddf_dn_2: -0.0000 (0.0000)  loss_mal_dn_pre: 0.6607 (0.6594)  loss_bbox_dn_pre: 0.0083 (0.0084)  loss_giou_dn_pre: 0.3639 (0.3512)  time: 0.6260  data: 0.0153  max mem: 5224
Epoch: [15/30] Total time: 0:00:28 (0.6416 s / it)
Averaged stats: lr: 0.000100  loss: 16.7757 (16.7818)  loss_mal: 0.5938 (0.5986)  loss_bbox: 0.0082 (0.0075)  loss_giou: 0.3243 (0.3220)  loss_fgl: 1.3433 (1.3432)  loss_mal_aux_0: 0.6572 (0.6503)  loss_bbox_aux_0: 0.0081 (0.0081)  loss_giou_aux_0: 0.3360 (0.3353)  loss_fgl_aux_0: 1.3382 (1.3433)  loss_ddf_aux_0: 0.0082 (0.0078)  loss_mal_aux_1: 0.6009 (0.6017)  loss_bbox_aux_1: 0.0081 (0.0075)  loss_giou_aux_1: 0.3196 (0.3218)  loss_fgl_aux_1: 1.3437 (1.3433)  loss_ddf_aux_1: 0.0005 (0.0004)  loss_mal_pre: 0.6557 (0.6497)  loss_bbox_pre: 0.0081 (0.0080)  loss_giou_pre: 0.3376 (0.3349)  loss_mal_enc_0: 0.7163 (0.7112)  loss_bbox_enc_0: 0.0096 (0.0095)  loss_giou_enc_0: 0.3634 (0.3707)  loss_mal_dn_0: 0.6589 (0.6565)  loss_bbox_dn_0: 0.0083 (0.0085)  loss_giou_dn_0: 0.3681 (0.3527)  loss_fgl_dn_0: 1.3348 (1.3428)  loss_ddf_dn_0: 0.0479 (0.0510)  loss_mal_dn_1: 0.5695 (0.5677)  loss_bbox_dn_1: 0.0058 (0.0057)  loss_giou_dn_1: 0.2788 (0.2758)  loss_fgl_dn_1: 1.3288 (1.3396)  loss_ddf_dn_1: 0.0015 (0.0016)  loss_mal_dn_2: 0.5643 (0.5660)  loss_bbox_dn_2: 0.0057 (0.0057)  loss_giou_dn_2: 0.2730 (0.2746)  loss_fgl_dn_2: 1.3292 (1.3397)  loss_ddf_dn_2: -0.0000 (0.0000)  loss_mal_dn_pre: 0.6607 (0.6594)  loss_bbox_dn_pre: 0.0083 (0.0084)  loss_giou_dn_pre: 0.3639 (0.3512)
Test:  [0/9]  eta: 0:00:02    time: 0.3038  data: 0.2337  max mem: 5224
Test:  [8/9]  eta: 0:00:00    time: 0.1325  data: 0.0418  max mem: 5224
Test: Total time: 0:00:01 (0.1368 s / it)
Metrics: {'f1': 0.9652777777777778, 'precision': 0.9652777777777778, 'recall': 0.9652777777777778, 'iou': 0.6563453418296455, 'TPs': 139, 'FPs': 5, 'FNs': 5}
Averaged stats: 
Accumulating evaluation results...
COCOeval_opt.accumulate() finished...
DONE (t=0.01s).
IoU metric: bbox
 Average Precision  (AP) @[ IoU=0.50:0.95 | area=   all | maxDets=100 ] = 0.352
 Average Precision  (AP) @[ IoU=0.50      | area=   all | maxDets=100 ] = 0.948
 Average Precision  (AP) @[ IoU=0.75      | area=   all | maxDets=100 ] = 0.130
 Average Precision  (AP) @[ IoU=0.50:0.95 | area= small | maxDets=100 ] = 0.352
 Average Precision  (AP) @[ IoU=0.50:0.95 | area=medium | maxDets=100 ] = -1.000
 Average Precision  (AP) @[ IoU=0.50:0.95 | area= large | maxDets=100 ] = -1.000
 Average Recall     (AR) @[ IoU=0.50:0.95 | area=   all | maxDets=  1 ] = 0.196
 Average Recall     (AR) @[ IoU=0.50:0.95 | area=   all | maxDets= 10 ] = 0.461
 Average Recall     (AR) @[ IoU=0.50:0.95 | area=   all | maxDets=100 ] = 0.579
 Average Recall     (AR) @[ IoU=0.50:0.95 | area= small | maxDets=100 ] = 0.579
 Average Recall     (AR) @[ IoU=0.50:0.95 | area=medium | maxDets=100 ] = -1.000
 Average Recall     (AR) @[ IoU=0.50:0.95 | area= large | maxDets=100 ] = -1.000
 Average Recall     (AR) @[ IoU=0.50      | area=   all | maxDets=100 ] = 0.986
 Average Recall     (AR) @[ IoU=0.75      | area=   all | maxDets=100 ] = 0.590
best_stat: {'epoch': 3, 'coco_eval_bbox': 0.3716614965139037}
Epoch: [16/30]  [ 0/44]  eta: 0:00:33  lr: 0.000100  loss: 16.2634 (16.2634)  loss_mal: 0.5717 (0.5717)  loss_bbox: 0.0058 (0.0058)  loss_giou: 0.2879 (0.2879)  loss_fgl: 1.3418 (1.3418)  loss_mal_aux_0: 0.6166 (0.6166)  loss_bbox_aux_0: 0.0061 (0.0061)  loss_giou_aux_0: 0.2963 (0.2963)  loss_fgl_aux_0: 1.3429 (1.3429)  loss_ddf_aux_0: 0.0080 (0.0080)  loss_mal_aux_1: 0.5749 (0.5749)  loss_bbox_aux_1: 0.0057 (0.0057)  loss_giou_aux_1: 0.2856 (0.2856)  loss_fgl_aux_1: 1.3452 (1.3452)  loss_ddf_aux_1: 0.0008 (0.0008)  loss_mal_pre: 0.6154 (0.6154)  loss_bbox_pre: 0.0060 (0.0060)  loss_giou_pre: 0.2950 (0.2950)  loss_mal_enc_0: 0.6665 (0.6665)  loss_bbox_enc_0: 0.0064 (0.0064)  loss_giou_enc_0: 0.3075 (0.3075)  loss_mal_dn_0: 0.6441 (0.6441)  loss_bbox_dn_0: 0.0079 (0.0079)  loss_giou_dn_0: 0.3428 (0.3428)  loss_fgl_dn_0: 1.3410 (1.3410)  loss_ddf_dn_0: 0.0539 (0.0539)  loss_mal_dn_1: 0.5499 (0.5499)  loss_bbox_dn_1: 0.0051 (0.0051)  loss_giou_dn_1: 0.2597 (0.2597)  loss_fgl_dn_1: 1.3370 (1.3370)  loss_ddf_dn_1: 0.0024 (0.0024)  loss_mal_dn_2: 0.5431 (0.5431)  loss_bbox_dn_2: 0.0049 (0.0049)  loss_giou_dn_2: 0.2516 (0.2516)  loss_fgl_dn_2: 1.3384 (1.3384)  loss_ddf_dn_2: -0.0000 (0.0000)  loss_mal_dn_pre: 0.6465 (0.6465)  loss_bbox_dn_pre: 0.0079 (0.0079)  loss_giou_dn_pre: 0.3414 (0.3414)  time: 0.7643  data: 0.2358  max mem: 5224
Epoch: [16/30]  [10/44]  eta: 0:00:23  lr: 0.000100  loss: 16.4671 (16.6313)  loss_mal: 0.5834 (0.5859)  loss_bbox: 0.0063 (0.0065)  loss_giou: 0.2948 (0.3026)  loss_fgl: 1.3466 (1.3487)  loss_mal_aux_0: 0.6559 (0.6553)  loss_bbox_aux_0: 0.0068 (0.0071)  loss_giou_aux_0: 0.2987 (0.3183)  loss_fgl_aux_0: 1.3466 (1.3496)  loss_ddf_aux_0: 0.0082 (0.0083)  loss_mal_aux_1: 0.5879 (0.5938)  loss_bbox_aux_1: 0.0064 (0.0065)  loss_giou_aux_1: 0.2922 (0.3037)  loss_fgl_aux_1: 1.3470 (1.3489)  loss_ddf_aux_1: 0.0006 (0.0006)  loss_mal_pre: 0.6567 (0.6550)  loss_bbox_pre: 0.0066 (0.0071)  loss_giou_pre: 0.3003 (0.3177)  loss_mal_enc_0: 0.7033 (0.7020)  loss_bbox_enc_0: 0.0084 (0.0084)  loss_giou_enc_0: 0.3292 (0.3502)  loss_mal_dn_0: 0.6499 (0.6479)  loss_bbox_dn_0: 0.0078 (0.0079)  loss_giou_dn_0: 0.3428 (0.3436)  loss_fgl_dn_0: 1.3451 (1.3471)  loss_ddf_dn_0: 0.0508 (0.0525)  loss_mal_dn_1: 0.5591 (0.5617)  loss_bbox_dn_1: 0.0051 (0.0053)  loss_giou_dn_1: 0.2612 (0.2693)  loss_fgl_dn_1: 1.3393 (1.3425)  loss_ddf_dn_1: 0.0018 (0.0019)  loss_mal_dn_2: 0.5542 (0.5587)  loss_bbox_dn_2: 0.0050 (0.0052)  loss_giou_dn_2: 0.2608 (0.2668)  loss_fgl_dn_2: 1.3389 (1.3427)  loss_ddf_dn_2: -0.0000 (0.0000)  loss_mal_dn_pre: 0.6540 (0.6512)  loss_bbox_dn_pre: 0.0077 (0.0078)  loss_giou_dn_pre: 0.3414 (0.3431)  time: 0.6862  data: 0.0368  max mem: 5224
Epoch: [16/30]  [20/44]  eta: 0:00:16  lr: 0.000100  loss: 16.5467 (16.6293)  loss_mal: 0.5834 (0.5832)  loss_bbox: 0.0063 (0.0065)  loss_giou: 0.3023 (0.3001)  loss_fgl: 1.3466 (1.3500)  loss_mal_aux_0: 0.6559 (0.6615)  loss_bbox_aux_0: 0.0068 (0.0071)  loss_giou_aux_0: 0.3178 (0.3176)  loss_fgl_aux_0: 1.3472 (1.3511)  loss_ddf_aux_0: 0.0088 (0.0098)  loss_mal_aux_1: 0.5850 (0.5913)  loss_bbox_aux_1: 0.0064 (0.0065)  loss_giou_aux_1: 0.3036 (0.3001)  loss_fgl_aux_1: 1.3460 (1.3502)  loss_ddf_aux_1: 0.0006 (0.0007)  loss_mal_pre: 0.6517 (0.6601)  loss_bbox_pre: 0.0069 (0.0071)  loss_giou_pre: 0.3202 (0.3173)  loss_mal_enc_0: 0.7072 (0.7018)  loss_bbox_enc_0: 0.0084 (0.0085)  loss_giou_enc_0: 0.3483 (0.3508)  loss_mal_dn_0: 0.6499 (0.6478)  loss_bbox_dn_0: 0.0077 (0.0078)  loss_giou_dn_0: 0.3339 (0.3406)  loss_fgl_dn_0: 1.3479 (1.3487)  loss_ddf_dn_0: 0.0516 (0.0530)  loss_mal_dn_1: 0.5587 (0.5598)  loss_bbox_dn_1: 0.0051 (0.0053)  loss_giou_dn_1: 0.2612 (0.2661)  loss_fgl_dn_1: 1.3393 (1.3454)  loss_ddf_dn_1: 0.0018 (0.0019)  loss_mal_dn_2: 0.5551 (0.5573)  loss_bbox_dn_2: 0.0051 (0.0052)  loss_giou_dn_2: 0.2617 (0.2648)  loss_fgl_dn_2: 1.3389 (1.3455)  loss_ddf_dn_2: -0.0000 (0.0000)  loss_mal_dn_pre: 0.6540 (0.6514)  loss_bbox_dn_pre: 0.0077 (0.0078)  loss_giou_dn_pre: 0.3331 (0.3398)  time: 0.6637  data: 0.0168  max mem: 5224
Epoch: [16/30]  [30/44]  eta: 0:00:09  lr: 0.000100  loss: 16.5467 (16.6008)  loss_mal: 0.5803 (0.5828)  loss_bbox: 0.0064 (0.0067)  loss_giou: 0.3024 (0.3026)  loss_fgl: 1.3439 (1.3481)  loss_mal_aux_0: 0.6464 (0.6522)  loss_bbox_aux_0: 0.0068 (0.0073)  loss_giou_aux_0: 0.3178 (0.3196)  loss_fgl_aux_0: 1.3472 (1.3487)  loss_ddf_aux_0: 0.0100 (0.0097)  loss_mal_aux_1: 0.5810 (0.5898)  loss_bbox_aux_1: 0.0064 (0.0067)  loss_giou_aux_1: 0.3058 (0.3028)  loss_fgl_aux_1: 1.3435 (1.3483)  loss_ddf_aux_1: 0.0005 (0.0006)  loss_mal_pre: 0.6477 (0.6514)  loss_bbox_pre: 0.0070 (0.0073)  loss_giou_pre: 0.3202 (0.3195)  loss_mal_enc_0: 0.7072 (0.7032)  loss_bbox_enc_0: 0.0089 (0.0089)  loss_giou_enc_0: 0.3557 (0.3595)  loss_mal_dn_0: 0.6448 (0.6463)  loss_bbox_dn_0: 0.0075 (0.0078)  loss_giou_dn_0: 0.3377 (0.3381)  loss_fgl_dn_0: 1.3451 (1.3467)  loss_ddf_dn_0: 0.0543 (0.0523)  loss_mal_dn_1: 0.5554 (0.5574)  loss_bbox_dn_1: 0.0051 (0.0053)  loss_giou_dn_1: 0.2597 (0.2643)  loss_fgl_dn_1: 1.3397 (1.3433)  loss_ddf_dn_1: 0.0016 (0.0018)  loss_mal_dn_2: 0.5531 (0.5550)  loss_bbox_dn_2: 0.0051 (0.0052)  loss_giou_dn_2: 0.2617 (0.2630)  loss_fgl_dn_2: 1.3398 (1.3434)  loss_ddf_dn_2: -0.0000 (0.0000)  loss_mal_dn_pre: 0.6491 (0.6501)  loss_bbox_dn_pre: 0.0075 (0.0077)  loss_giou_dn_pre: 0.3352 (0.3373)  time: 0.6512  data: 0.0168  max mem: 5224
Epoch: [16/30]  [40/44]  eta: 0:00:02  lr: 0.000100  loss: 16.4827 (16.6295)  loss_mal: 0.5825 (0.5844)  loss_bbox: 0.0070 (0.0069)  loss_giou: 0.3040 (0.3073)  loss_fgl: 1.3430 (1.3472)  loss_mal_aux_0: 0.6293 (0.6488)  loss_bbox_aux_0: 0.0074 (0.0075)  loss_giou_aux_0: 0.3150 (0.3235)  loss_fgl_aux_0: 1.3444 (1.3476)  loss_ddf_aux_0: 0.0086 (0.0094)  loss_mal_aux_1: 0.5853 (0.5928)  loss_bbox_aux_1: 0.0071 (0.0069)  loss_giou_aux_1: 0.3058 (0.3075)  loss_fgl_aux_1: 1.3423 (1.3474)  loss_ddf_aux_1: 0.0004 (0.0006)  loss_mal_pre: 0.6292 (0.6478)  loss_bbox_pre: 0.0074 (0.0075)  loss_giou_pre: 0.3131 (0.3233)  loss_mal_enc_0: 0.6963 (0.6990)  loss_bbox_enc_0: 0.0098 (0.0090)  loss_giou_enc_0: 0.3682 (0.3613)  loss_mal_dn_0: 0.6448 (0.6475)  loss_bbox_dn_0: 0.0078 (0.0080)  loss_giou_dn_0: 0.3377 (0.3418)  loss_fgl_dn_0: 1.3449 (1.3483)  loss_ddf_dn_0: 0.0482 (0.0514)  loss_mal_dn_1: 0.5505 (0.5585)  loss_bbox_dn_1: 0.0054 (0.0054)  loss_giou_dn_1: 0.2592 (0.2663)  loss_fgl_dn_1: 1.3411 (1.3442)  loss_ddf_dn_1: 0.0014 (0.0017)  loss_mal_dn_2: 0.5461 (0.5565)  loss_bbox_dn_2: 0.0053 (0.0053)  loss_giou_dn_2: 0.2553 (0.2653)  loss_fgl_dn_2: 1.3417 (1.3442)  loss_ddf_dn_2: -0.0000 (0.0000)  loss_mal_dn_pre: 0.6491 (0.6510)  loss_bbox_dn_pre: 0.0077 (0.0080)  loss_giou_dn_pre: 0.3361 (0.3406)  time: 0.6389  data: 0.0167  max mem: 5224
Epoch: [16/30]  [43/44]  eta: 0:00:00  lr: 0.000100  loss: 16.4654 (16.6172)  loss_mal: 0.5825 (0.5836)  loss_bbox: 0.0072 (0.0069)  loss_giou: 0.2967 (0.3056)  loss_fgl: 1.3469 (1.3478)  loss_mal_aux_0: 0.6293 (0.6489)  loss_bbox_aux_0: 0.0078 (0.0075)  loss_giou_aux_0: 0.3093 (0.3223)  loss_fgl_aux_0: 1.3466 (1.3478)  loss_ddf_aux_0: 0.0086 (0.0093)  loss_mal_aux_1: 0.5857 (0.5921)  loss_bbox_aux_1: 0.0073 (0.0069)  loss_giou_aux_1: 0.2995 (0.3059)  loss_fgl_aux_1: 1.3465 (1.3479)  loss_ddf_aux_1: 0.0004 (0.0006)  loss_mal_pre: 0.6292 (0.6477)  loss_bbox_pre: 0.0079 (0.0075)  loss_giou_pre: 0.3089 (0.3219)  loss_mal_enc_0: 0.6957 (0.6980)  loss_bbox_enc_0: 0.0097 (0.0090)  loss_giou_enc_0: 0.3651 (0.3605)  loss_mal_dn_0: 0.6418 (0.6469)  loss_bbox_dn_0: 0.0086 (0.0081)  loss_giou_dn_0: 0.3318 (0.3412)  loss_fgl_dn_0: 1.3454 (1.3486)  loss_ddf_dn_0: 0.0482 (0.0513)  loss_mal_dn_1: 0.5539 (0.5581)  loss_bbox_dn_1: 0.0056 (0.0054)  loss_giou_dn_1: 0.2603 (0.2658)  loss_fgl_dn_1: 1.3411 (1.3444)  loss_ddf_dn_1: 0.0014 (0.0016)  loss_mal_dn_2: 0.5481 (0.5559)  loss_bbox_dn_2: 0.0057 (0.0054)  loss_giou_dn_2: 0.2568 (0.2647)  loss_fgl_dn_2: 1.3417 (1.3444)  loss_ddf_dn_2: -0.0000 (0.0000)  loss_mal_dn_pre: 0.6473 (0.6501)  loss_bbox_dn_pre: 0.0085 (0.0080)  loss_giou_dn_pre: 0.3263 (0.3397)  time: 0.6430  data: 0.0163  max mem: 5224
Epoch: [16/30] Total time: 0:00:28 (0.6546 s / it)
Averaged stats: lr: 0.000100  loss: 16.4654 (16.6172)  loss_mal: 0.5825 (0.5836)  loss_bbox: 0.0072 (0.0069)  loss_giou: 0.2967 (0.3056)  loss_fgl: 1.3469 (1.3478)  loss_mal_aux_0: 0.6293 (0.6489)  loss_bbox_aux_0: 0.0078 (0.0075)  loss_giou_aux_0: 0.3093 (0.3223)  loss_fgl_aux_0: 1.3466 (1.3478)  loss_ddf_aux_0: 0.0086 (0.0093)  loss_mal_aux_1: 0.5857 (0.5921)  loss_bbox_aux_1: 0.0073 (0.0069)  loss_giou_aux_1: 0.2995 (0.3059)  loss_fgl_aux_1: 1.3465 (1.3479)  loss_ddf_aux_1: 0.0004 (0.0006)  loss_mal_pre: 0.6292 (0.6477)  loss_bbox_pre: 0.0079 (0.0075)  loss_giou_pre: 0.3089 (0.3219)  loss_mal_enc_0: 0.6957 (0.6980)  loss_bbox_enc_0: 0.0097 (0.0090)  loss_giou_enc_0: 0.3651 (0.3605)  loss_mal_dn_0: 0.6418 (0.6469)  loss_bbox_dn_0: 0.0086 (0.0081)  loss_giou_dn_0: 0.3318 (0.3412)  loss_fgl_dn_0: 1.3454 (1.3486)  loss_ddf_dn_0: 0.0482 (0.0513)  loss_mal_dn_1: 0.5539 (0.5581)  loss_bbox_dn_1: 0.0056 (0.0054)  loss_giou_dn_1: 0.2603 (0.2658)  loss_fgl_dn_1: 1.3411 (1.3444)  loss_ddf_dn_1: 0.0014 (0.0016)  loss_mal_dn_2: 0.5481 (0.5559)  loss_bbox_dn_2: 0.0057 (0.0054)  loss_giou_dn_2: 0.2568 (0.2647)  loss_fgl_dn_2: 1.3417 (1.3444)  loss_ddf_dn_2: -0.0000 (0.0000)  loss_mal_dn_pre: 0.6473 (0.6501)  loss_bbox_dn_pre: 0.0085 (0.0080)  loss_giou_dn_pre: 0.3263 (0.3397)
Test:  [0/9]  eta: 0:00:03    time: 0.4058  data: 0.2533  max mem: 5224
Test:  [8/9]  eta: 0:00:00    time: 0.1722  data: 0.0412  max mem: 5224
Test: Total time: 0:00:01 (0.1767 s / it)
Metrics: {'f1': 0.9652777777777778, 'precision': 0.9652777777777778, 'recall': 0.9652777777777778, 'iou': 0.6560088892111042, 'TPs': 139, 'FPs': 5, 'FNs': 5}
Averaged stats: 
Accumulating evaluation results...
COCOeval_opt.accumulate() finished...
DONE (t=0.01s).
IoU metric: bbox
 Average Precision  (AP) @[ IoU=0.50:0.95 | area=   all | maxDets=100 ] = 0.351
 Average Precision  (AP) @[ IoU=0.50      | area=   all | maxDets=100 ] = 0.950
 Average Precision  (AP) @[ IoU=0.75      | area=   all | maxDets=100 ] = 0.130
 Average Precision  (AP) @[ IoU=0.50:0.95 | area= small | maxDets=100 ] = 0.352
 Average Precision  (AP) @[ IoU=0.50:0.95 | area=medium | maxDets=100 ] = -1.000
 Average Precision  (AP) @[ IoU=0.50:0.95 | area= large | maxDets=100 ] = -1.000
 Average Recall     (AR) @[ IoU=0.50:0.95 | area=   all | maxDets=  1 ] = 0.197
 Average Recall     (AR) @[ IoU=0.50:0.95 | area=   all | maxDets= 10 ] = 0.463
 Average Recall     (AR) @[ IoU=0.50:0.95 | area=   all | maxDets=100 ] = 0.583
 Average Recall     (AR) @[ IoU=0.50:0.95 | area= small | maxDets=100 ] = 0.583
 Average Recall     (AR) @[ IoU=0.50:0.95 | area=medium | maxDets=100 ] = -1.000
 Average Recall     (AR) @[ IoU=0.50:0.95 | area= large | maxDets=100 ] = -1.000
 Average Recall     (AR) @[ IoU=0.50      | area=   all | maxDets=100 ] = 0.993
 Average Recall     (AR) @[ IoU=0.75      | area=   all | maxDets=100 ] = 0.597
best_stat: {'epoch': 3, 'coco_eval_bbox': 0.3716614965139037}
Epoch: [17/30]  [ 0/44]  eta: 0:00:40  lr: 0.000100  loss: 16.6243 (16.6243)  loss_mal: 0.5748 (0.5748)  loss_bbox: 0.0076 (0.0076)  loss_giou: 0.3520 (0.3520)  loss_fgl: 1.3072 (1.3072)  loss_mal_aux_0: 0.6544 (0.6544)  loss_bbox_aux_0: 0.0085 (0.0085)  loss_giou_aux_0: 0.3738 (0.3738)  loss_fgl_aux_0: 1.3099 (1.3099)  loss_ddf_aux_0: 0.0137 (0.0137)  loss_mal_aux_1: 0.5902 (0.5902)  loss_bbox_aux_1: 0.0076 (0.0076)  loss_giou_aux_1: 0.3536 (0.3536)  loss_fgl_aux_1: 1.3070 (1.3070)  loss_ddf_aux_1: 0.0005 (0.0005)  loss_mal_pre: 0.6575 (0.6575)  loss_bbox_pre: 0.0086 (0.0086)  loss_giou_pre: 0.3774 (0.3774)  loss_mal_enc_0: 0.6859 (0.6859)  loss_bbox_enc_0: 0.0088 (0.0088)  loss_giou_enc_0: 0.3961 (0.3961)  loss_mal_dn_0: 0.6343 (0.6343)  loss_bbox_dn_0: 0.0076 (0.0076)  loss_giou_dn_0: 0.3367 (0.3367)  loss_fgl_dn_0: 1.3177 (1.3177)  loss_ddf_dn_0: 0.0484 (0.0484)  loss_mal_dn_1: 0.5579 (0.5579)  loss_bbox_dn_1: 0.0055 (0.0055)  loss_giou_dn_1: 0.2747 (0.2747)  loss_fgl_dn_1: 1.3170 (1.3170)  loss_ddf_dn_1: 0.0015 (0.0015)  loss_mal_dn_2: 0.5497 (0.5497)  loss_bbox_dn_2: 0.0053 (0.0053)  loss_giou_dn_2: 0.2682 (0.2682)  loss_fgl_dn_2: 1.3181 (1.3181)  loss_ddf_dn_2: -0.0000 (0.0000)  loss_mal_dn_pre: 0.6402 (0.6402)  loss_bbox_dn_pre: 0.0076 (0.0076)  loss_giou_dn_pre: 0.3389 (0.3389)  time: 0.9098  data: 0.2397  max mem: 5224
Epoch: [17/30]  [10/44]  eta: 0:00:22  lr: 0.000100  loss: 16.5479 (16.5610)  loss_mal: 0.5748 (0.5820)  loss_bbox: 0.0063 (0.0069)  loss_giou: 0.2948 (0.2975)  loss_fgl: 1.3687 (1.3615)  loss_mal_aux_0: 0.6135 (0.6379)  loss_bbox_aux_0: 0.0080 (0.0079)  loss_giou_aux_0: 0.3059 (0.3190)  loss_fgl_aux_0: 1.3637 (1.3618)  loss_ddf_aux_0: 0.0090 (0.0098)  loss_mal_aux_1: 0.5902 (0.5877)  loss_bbox_aux_1: 0.0063 (0.0070)  loss_giou_aux_1: 0.2910 (0.2989)  loss_fgl_aux_1: 1.3667 (1.3617)  loss_ddf_aux_1: 0.0005 (0.0005)  loss_mal_pre: 0.6157 (0.6376)  loss_bbox_pre: 0.0080 (0.0079)  loss_giou_pre: 0.3125 (0.3188)  loss_mal_enc_0: 0.6941 (0.6992)  loss_bbox_enc_0: 0.0084 (0.0094)  loss_giou_enc_0: 0.3728 (0.3616)  loss_mal_dn_0: 0.6343 (0.6380)  loss_bbox_dn_0: 0.0076 (0.0079)  loss_giou_dn_0: 0.3305 (0.3277)  loss_fgl_dn_0: 1.3520 (1.3537)  loss_ddf_dn_0: 0.0484 (0.0496)  loss_mal_dn_1: 0.5455 (0.5513)  loss_bbox_dn_1: 0.0051 (0.0055)  loss_giou_dn_1: 0.2562 (0.2590)  loss_fgl_dn_1: 1.3589 (1.3518)  loss_ddf_dn_1: 0.0014 (0.0013)  loss_mal_dn_2: 0.5447 (0.5486)  loss_bbox_dn_2: 0.0050 (0.0055)  loss_giou_dn_2: 0.2543 (0.2573)  loss_fgl_dn_2: 1.3591 (1.3521)  loss_ddf_dn_2: -0.0000 (0.0000)  loss_mal_dn_pre: 0.6402 (0.6421)  loss_bbox_dn_pre: 0.0076 (0.0079)  loss_giou_dn_pre: 0.3332 (0.3271)  time: 0.6672  data: 0.0362  max mem: 5224
Epoch: [17/30]  [20/44]  eta: 0:00:15  lr: 0.000100  loss: 16.4289 (16.4575)  loss_mal: 0.5705 (0.5764)  loss_bbox: 0.0058 (0.0067)  loss_giou: 0.2766 (0.2933)  loss_fgl: 1.3501 (1.3547)  loss_mal_aux_0: 0.6135 (0.6331)  loss_bbox_aux_0: 0.0068 (0.0073)  loss_giou_aux_0: 0.3035 (0.3126)  loss_fgl_aux_0: 1.3517 (1.3553)  loss_ddf_aux_0: 0.0089 (0.0094)  loss_mal_aux_1: 0.5731 (0.5807)  loss_bbox_aux_1: 0.0058 (0.0067)  loss_giou_aux_1: 0.2802 (0.2932)  loss_fgl_aux_1: 1.3493 (1.3550)  loss_ddf_aux_1: 0.0005 (0.0005)  loss_mal_pre: 0.6157 (0.6323)  loss_bbox_pre: 0.0067 (0.0073)  loss_giou_pre: 0.2995 (0.3116)  loss_mal_enc_0: 0.6907 (0.6928)  loss_bbox_enc_0: 0.0080 (0.0087)  loss_giou_enc_0: 0.3327 (0.3469)  loss_mal_dn_0: 0.6429 (0.6405)  loss_bbox_dn_0: 0.0070 (0.0078)  loss_giou_dn_0: 0.3305 (0.3314)  loss_fgl_dn_0: 1.3445 (1.3464)  loss_ddf_dn_0: 0.0464 (0.0484)  loss_mal_dn_1: 0.5455 (0.5510)  loss_bbox_dn_1: 0.0049 (0.0053)  loss_giou_dn_1: 0.2562 (0.2589)  loss_fgl_dn_1: 1.3385 (1.3435)  loss_ddf_dn_1: 0.0012 (0.0013)  loss_mal_dn_2: 0.5447 (0.5489)  loss_bbox_dn_2: 0.0050 (0.0053)  loss_giou_dn_2: 0.2541 (0.2579)  loss_fgl_dn_2: 1.3392 (1.3436)  loss_ddf_dn_2: -0.0000 (0.0000)  loss_mal_dn_pre: 0.6466 (0.6446)  loss_bbox_dn_pre: 0.0069 (0.0078)  loss_giou_dn_pre: 0.3332 (0.3302)  time: 0.6357  data: 0.0157  max mem: 5224
Epoch: [17/30]  [30/44]  eta: 0:00:09  lr: 0.000100  loss: 16.3281 (16.4025)  loss_mal: 0.5705 (0.5747)  loss_bbox: 0.0055 (0.0066)  loss_giou: 0.2729 (0.2926)  loss_fgl: 1.3432 (1.3504)  loss_mal_aux_0: 0.6150 (0.6305)  loss_bbox_aux_0: 0.0060 (0.0072)  loss_giou_aux_0: 0.2964 (0.3088)  loss_fgl_aux_0: 1.3416 (1.3509)  loss_ddf_aux_0: 0.0082 (0.0090)  loss_mal_aux_1: 0.5764 (0.5790)  loss_bbox_aux_1: 0.0055 (0.0066)  loss_giou_aux_1: 0.2743 (0.2931)  loss_fgl_aux_1: 1.3429 (1.3504)  loss_ddf_aux_1: 0.0005 (0.0005)  loss_mal_pre: 0.6155 (0.6295)  loss_bbox_pre: 0.0059 (0.0071)  loss_giou_pre: 0.2937 (0.3075)  loss_mal_enc_0: 0.6868 (0.6907)  loss_bbox_enc_0: 0.0074 (0.0085)  loss_giou_enc_0: 0.3327 (0.3442)  loss_mal_dn_0: 0.6429 (0.6402)  loss_bbox_dn_0: 0.0069 (0.0078)  loss_giou_dn_0: 0.3313 (0.3307)  loss_fgl_dn_0: 1.3435 (1.3438)  loss_ddf_dn_0: 0.0454 (0.0476)  loss_mal_dn_1: 0.5475 (0.5492)  loss_bbox_dn_1: 0.0048 (0.0053)  loss_giou_dn_1: 0.2524 (0.2578)  loss_fgl_dn_1: 1.3359 (1.3403)  loss_ddf_dn_1: 0.0011 (0.0012)  loss_mal_dn_2: 0.5470 (0.5469)  loss_bbox_dn_2: 0.0047 (0.0053)  loss_giou_dn_2: 0.2523 (0.2563)  loss_fgl_dn_2: 1.3348 (1.3406)  loss_ddf_dn_2: -0.0000 (0.0000)  loss_mal_dn_pre: 0.6466 (0.6443)  loss_bbox_dn_pre: 0.0069 (0.0077)  loss_giou_dn_pre: 0.3328 (0.3297)  time: 0.6323  data: 0.0152  max mem: 5224
Epoch: [17/30]  [40/44]  eta: 0:00:02  lr: 0.000100  loss: 16.4160 (16.4142)  loss_mal: 0.5788 (0.5772)  loss_bbox: 0.0060 (0.0065)  loss_giou: 0.2934 (0.2938)  loss_fgl: 1.3474 (1.3491)  loss_mal_aux_0: 0.6219 (0.6318)  loss_bbox_aux_0: 0.0065 (0.0070)  loss_giou_aux_0: 0.3065 (0.3100)  loss_fgl_aux_0: 1.3475 (1.3501)  loss_ddf_aux_0: 0.0079 (0.0088)  loss_mal_aux_1: 0.5777 (0.5814)  loss_bbox_aux_1: 0.0060 (0.0065)  loss_giou_aux_1: 0.2952 (0.2937)  loss_fgl_aux_1: 1.3476 (1.3493)  loss_ddf_aux_1: 0.0005 (0.0005)  loss_mal_pre: 0.6230 (0.6307)  loss_bbox_pre: 0.0064 (0.0070)  loss_giou_pre: 0.3080 (0.3083)  loss_mal_enc_0: 0.6861 (0.6912)  loss_bbox_enc_0: 0.0074 (0.0082)  loss_giou_enc_0: 0.3378 (0.3432)  loss_mal_dn_0: 0.6363 (0.6401)  loss_bbox_dn_0: 0.0074 (0.0077)  loss_giou_dn_0: 0.3349 (0.3316)  loss_fgl_dn_0: 1.3473 (1.3443)  loss_ddf_dn_0: 0.0468 (0.0481)  loss_mal_dn_1: 0.5467 (0.5497)  loss_bbox_dn_1: 0.0048 (0.0052)  loss_giou_dn_1: 0.2524 (0.2576)  loss_fgl_dn_1: 1.3438 (1.3412)  loss_ddf_dn_1: 0.0011 (0.0012)  loss_mal_dn_2: 0.5448 (0.5477)  loss_bbox_dn_2: 0.0048 (0.0052)  loss_giou_dn_2: 0.2523 (0.2566)  loss_fgl_dn_2: 1.3445 (1.3414)  loss_ddf_dn_2: -0.0000 (0.0000)  loss_mal_dn_pre: 0.6402 (0.6441)  loss_bbox_dn_pre: 0.0072 (0.0076)  loss_giou_dn_pre: 0.3337 (0.3306)  time: 0.6373  data: 0.0151  max mem: 5224
Epoch: [17/30]  [43/44]  eta: 0:00:00  lr: 0.000100  loss: 16.4436 (16.4371)  loss_mal: 0.5757 (0.5770)  loss_bbox: 0.0060 (0.0066)  loss_giou: 0.2934 (0.2953)  loss_fgl: 1.3474 (1.3488)  loss_mal_aux_0: 0.6319 (0.6340)  loss_bbox_aux_0: 0.0066 (0.0072)  loss_giou_aux_0: 0.3096 (0.3125)  loss_fgl_aux_0: 1.3475 (1.3495)  loss_ddf_aux_0: 0.0079 (0.0088)  loss_mal_aux_1: 0.5777 (0.5813)  loss_bbox_aux_1: 0.0061 (0.0066)  loss_giou_aux_1: 0.2952 (0.2951)  loss_fgl_aux_1: 1.3476 (1.3490)  loss_ddf_aux_1: 0.0005 (0.0005)  loss_mal_pre: 0.6318 (0.6329)  loss_bbox_pre: 0.0065 (0.0072)  loss_giou_pre: 0.3112 (0.3109)  loss_mal_enc_0: 0.6883 (0.6937)  loss_bbox_enc_0: 0.0078 (0.0085)  loss_giou_enc_0: 0.3496 (0.3469)  loss_mal_dn_0: 0.6421 (0.6408)  loss_bbox_dn_0: 0.0074 (0.0078)  loss_giou_dn_0: 0.3350 (0.3332)  loss_fgl_dn_0: 1.3465 (1.3439)  loss_ddf_dn_0: 0.0468 (0.0483)  loss_mal_dn_1: 0.5467 (0.5496)  loss_bbox_dn_1: 0.0048 (0.0052)  loss_giou_dn_1: 0.2528 (0.2580)  loss_fgl_dn_1: 1.3438 (1.3412)  loss_ddf_dn_1: 0.0011 (0.0012)  loss_mal_dn_2: 0.5445 (0.5475)  loss_bbox_dn_2: 0.0048 (0.0052)  loss_giou_dn_2: 0.2549 (0.2569)  loss_fgl_dn_2: 1.3445 (1.3415)  loss_ddf_dn_2: -0.0000 (0.0000)  loss_mal_dn_pre: 0.6452 (0.6447)  loss_bbox_dn_pre: 0.0074 (0.0077)  loss_giou_dn_pre: 0.3352 (0.3322)  time: 0.6397  data: 0.0151  max mem: 5224
Epoch: [17/30] Total time: 0:00:28 (0.6456 s / it)
Averaged stats: lr: 0.000100  loss: 16.4436 (16.4371)  loss_mal: 0.5757 (0.5770)  loss_bbox: 0.0060 (0.0066)  loss_giou: 0.2934 (0.2953)  loss_fgl: 1.3474 (1.3488)  loss_mal_aux_0: 0.6319 (0.6340)  loss_bbox_aux_0: 0.0066 (0.0072)  loss_giou_aux_0: 0.3096 (0.3125)  loss_fgl_aux_0: 1.3475 (1.3495)  loss_ddf_aux_0: 0.0079 (0.0088)  loss_mal_aux_1: 0.5777 (0.5813)  loss_bbox_aux_1: 0.0061 (0.0066)  loss_giou_aux_1: 0.2952 (0.2951)  loss_fgl_aux_1: 1.3476 (1.3490)  loss_ddf_aux_1: 0.0005 (0.0005)  loss_mal_pre: 0.6318 (0.6329)  loss_bbox_pre: 0.0065 (0.0072)  loss_giou_pre: 0.3112 (0.3109)  loss_mal_enc_0: 0.6883 (0.6937)  loss_bbox_enc_0: 0.0078 (0.0085)  loss_giou_enc_0: 0.3496 (0.3469)  loss_mal_dn_0: 0.6421 (0.6408)  loss_bbox_dn_0: 0.0074 (0.0078)  loss_giou_dn_0: 0.3350 (0.3332)  loss_fgl_dn_0: 1.3465 (1.3439)  loss_ddf_dn_0: 0.0468 (0.0483)  loss_mal_dn_1: 0.5467 (0.5496)  loss_bbox_dn_1: 0.0048 (0.0052)  loss_giou_dn_1: 0.2528 (0.2580)  loss_fgl_dn_1: 1.3438 (1.3412)  loss_ddf_dn_1: 0.0011 (0.0012)  loss_mal_dn_2: 0.5445 (0.5475)  loss_bbox_dn_2: 0.0048 (0.0052)  loss_giou_dn_2: 0.2549 (0.2569)  loss_fgl_dn_2: 1.3445 (1.3415)  loss_ddf_dn_2: -0.0000 (0.0000)  loss_mal_dn_pre: 0.6452 (0.6447)  loss_bbox_dn_pre: 0.0074 (0.0077)  loss_giou_dn_pre: 0.3352 (0.3322)
Test:  [0/9]  eta: 0:00:03    time: 0.3355  data: 0.2338  max mem: 5224
Test:  [8/9]  eta: 0:00:00    time: 0.1499  data: 0.0410  max mem: 5224
Test: Total time: 0:00:01 (0.1540 s / it)
Metrics: {'f1': 0.9619377162629758, 'precision': 0.9586206896551724, 'recall': 0.9652777777777778, 'iou': 0.651574577887853, 'TPs': 139, 'FPs': 6, 'FNs': 5}
Averaged stats: 
Accumulating evaluation results...
COCOeval_opt.accumulate() finished...
DONE (t=0.01s).
IoU metric: bbox
 Average Precision  (AP) @[ IoU=0.50:0.95 | area=   all | maxDets=100 ] = 0.351
 Average Precision  (AP) @[ IoU=0.50      | area=   all | maxDets=100 ] = 0.948
 Average Precision  (AP) @[ IoU=0.75      | area=   all | maxDets=100 ] = 0.131
 Average Precision  (AP) @[ IoU=0.50:0.95 | area= small | maxDets=100 ] = 0.351
 Average Precision  (AP) @[ IoU=0.50:0.95 | area=medium | maxDets=100 ] = -1.000
 Average Precision  (AP) @[ IoU=0.50:0.95 | area= large | maxDets=100 ] = -1.000
 Average Recall     (AR) @[ IoU=0.50:0.95 | area=   all | maxDets=  1 ] = 0.197
 Average Recall     (AR) @[ IoU=0.50:0.95 | area=   all | maxDets= 10 ] = 0.463
 Average Recall     (AR) @[ IoU=0.50:0.95 | area=   all | maxDets=100 ] = 0.578
 Average Recall     (AR) @[ IoU=0.50:0.95 | area= small | maxDets=100 ] = 0.578
 Average Recall     (AR) @[ IoU=0.50:0.95 | area=medium | maxDets=100 ] = -1.000
 Average Recall     (AR) @[ IoU=0.50:0.95 | area= large | maxDets=100 ] = -1.000
 Average Recall     (AR) @[ IoU=0.50      | area=   all | maxDets=100 ] = 0.986
 Average Recall     (AR) @[ IoU=0.75      | area=   all | maxDets=100 ] = 0.590
best_stat: {'epoch': 3, 'coco_eval_bbox': 0.3716614965139037}
Epoch: [18/30]  [ 0/44]  eta: 0:00:38  lr: 0.000100  loss: 15.8937 (15.8937)  loss_mal: 0.5507 (0.5507)  loss_bbox: 0.0044 (0.0044)  loss_giou: 0.2546 (0.2546)  loss_fgl: 1.3640 (1.3640)  loss_mal_aux_0: 0.5819 (0.5819)  loss_bbox_aux_0: 0.0045 (0.0045)  loss_giou_aux_0: 0.2606 (0.2606)  loss_fgl_aux_0: 1.3704 (1.3704)  loss_ddf_aux_0: 0.0084 (0.0084)  loss_mal_aux_1: 0.5545 (0.5545)  loss_bbox_aux_1: 0.0044 (0.0044)  loss_giou_aux_1: 0.2531 (0.2531)  loss_fgl_aux_1: 1.3644 (1.3644)  loss_ddf_aux_1: 0.0004 (0.0004)  loss_mal_pre: 0.5815 (0.5815)  loss_bbox_pre: 0.0045 (0.0045)  loss_giou_pre: 0.2584 (0.2584)  loss_mal_enc_0: 0.6598 (0.6598)  loss_bbox_enc_0: 0.0058 (0.0058)  loss_giou_enc_0: 0.3029 (0.3029)  loss_mal_dn_0: 0.6189 (0.6189)  loss_bbox_dn_0: 0.0055 (0.0055)  loss_giou_dn_0: 0.2947 (0.2947)  loss_fgl_dn_0: 1.3638 (1.3638)  loss_ddf_dn_0: 0.0398 (0.0398)  loss_mal_dn_1: 0.5267 (0.5267)  loss_bbox_dn_1: 0.0041 (0.0041)  loss_giou_dn_1: 0.2328 (0.2328)  loss_fgl_dn_1: 1.3683 (1.3683)  loss_ddf_dn_1: 0.0010 (0.0010)  loss_mal_dn_2: 0.5260 (0.5260)  loss_bbox_dn_2: 0.0041 (0.0041)  loss_giou_dn_2: 0.2340 (0.2340)  loss_fgl_dn_2: 1.3668 (1.3668)  loss_ddf_dn_2: -0.0000 (0.0000)  loss_mal_dn_pre: 0.6216 (0.6216)  loss_bbox_dn_pre: 0.0054 (0.0054)  loss_giou_dn_pre: 0.2910 (0.2910)  time: 0.8766  data: 0.2421  max mem: 5224
Epoch: [18/30]  [10/44]  eta: 0:00:21  lr: 0.000100  loss: 15.8937 (16.0143)  loss_mal: 0.5405 (0.5528)  loss_bbox: 0.0052 (0.0055)  loss_giou: 0.2546 (0.2597)  loss_fgl: 1.3499 (1.3468)  loss_mal_aux_0: 0.6065 (0.6236)  loss_bbox_aux_0: 0.0061 (0.0062)  loss_giou_aux_0: 0.2854 (0.2782)  loss_fgl_aux_0: 1.3519 (1.3489)  loss_ddf_aux_0: 0.0086 (0.0091)  loss_mal_aux_1: 0.5527 (0.5631)  loss_bbox_aux_1: 0.0053 (0.0055)  loss_giou_aux_1: 0.2544 (0.2613)  loss_fgl_aux_1: 1.3481 (1.3463)  loss_ddf_aux_1: 0.0004 (0.0004)  loss_mal_pre: 0.6068 (0.6232)  loss_bbox_pre: 0.0060 (0.0063)  loss_giou_pre: 0.2802 (0.2777)  loss_mal_enc_0: 0.6617 (0.6708)  loss_bbox_enc_0: 0.0068 (0.0078)  loss_giou_enc_0: 0.3035 (0.3179)  loss_mal_dn_0: 0.6263 (0.6253)  loss_bbox_dn_0: 0.0066 (0.0070)  loss_giou_dn_0: 0.3066 (0.3073)  loss_fgl_dn_0: 1.3451 (1.3450)  loss_ddf_dn_0: 0.0461 (0.0472)  loss_mal_dn_1: 0.5245 (0.5308)  loss_bbox_dn_1: 0.0046 (0.0049)  loss_giou_dn_1: 0.2328 (0.2391)  loss_fgl_dn_1: 1.3456 (1.3426)  loss_ddf_dn_1: 0.0010 (0.0012)  loss_mal_dn_2: 0.5197 (0.5265)  loss_bbox_dn_2: 0.0046 (0.0048)  loss_giou_dn_2: 0.2336 (0.2365)  loss_fgl_dn_2: 1.3463 (1.3428)  loss_ddf_dn_2: -0.0000 (0.0000)  loss_mal_dn_pre: 0.6298 (0.6295)  loss_bbox_dn_pre: 0.0067 (0.0069)  loss_giou_dn_pre: 0.3081 (0.3060)  time: 0.6297  data: 0.0362  max mem: 5224
Epoch: [18/30]  [20/44]  eta: 0:00:15  lr: 0.000100  loss: 16.0893 (16.2163)  loss_mal: 0.5407 (0.5581)  loss_bbox: 0.0053 (0.0057)  loss_giou: 0.2645 (0.2689)  loss_fgl: 1.3488 (1.3510)  loss_mal_aux_0: 0.6231 (0.6250)  loss_bbox_aux_0: 0.0061 (0.0064)  loss_giou_aux_0: 0.2855 (0.2876)  loss_fgl_aux_0: 1.3525 (1.3542)  loss_ddf_aux_0: 0.0096 (0.0098)  loss_mal_aux_1: 0.5527 (0.5646)  loss_bbox_aux_1: 0.0053 (0.0057)  loss_giou_aux_1: 0.2622 (0.2707)  loss_fgl_aux_1: 1.3490 (1.3510)  loss_ddf_aux_1: 0.0005 (0.0005)  loss_mal_pre: 0.6230 (0.6237)  loss_bbox_pre: 0.0061 (0.0064)  loss_giou_pre: 0.2868 (0.2862)  loss_mal_enc_0: 0.6776 (0.6845)  loss_bbox_enc_0: 0.0074 (0.0079)  loss_giou_enc_0: 0.3237 (0.3313)  loss_mal_dn_0: 0.6298 (0.6382)  loss_bbox_dn_0: 0.0068 (0.0074)  loss_giou_dn_0: 0.3124 (0.3242)  loss_fgl_dn_0: 1.3460 (1.3511)  loss_ddf_dn_0: 0.0477 (0.0504)  loss_mal_dn_1: 0.5248 (0.5399)  loss_bbox_dn_1: 0.0046 (0.0050)  loss_giou_dn_1: 0.2381 (0.2476)  loss_fgl_dn_1: 1.3456 (1.3478)  loss_ddf_dn_1: 0.0012 (0.0012)  loss_mal_dn_2: 0.5245 (0.5361)  loss_bbox_dn_2: 0.0046 (0.0049)  loss_giou_dn_2: 0.2348 (0.2445)  loss_fgl_dn_2: 1.3456 (1.3477)  loss_ddf_dn_2: -0.0000 (0.0000)  loss_mal_dn_pre: 0.6340 (0.6418)  loss_bbox_dn_pre: 0.0068 (0.0073)  loss_giou_dn_pre: 0.3121 (0.3220)  time: 0.6349  data: 0.0154  max mem: 5224
Epoch: [18/30]  [30/44]  eta: 0:00:08  lr: 0.000100  loss: 16.1503 (16.2189)  loss_mal: 0.5552 (0.5591)  loss_bbox: 0.0060 (0.0058)  loss_giou: 0.2787 (0.2723)  loss_fgl: 1.3472 (1.3489)  loss_mal_aux_0: 0.6111 (0.6186)  loss_bbox_aux_0: 0.0067 (0.0065)  loss_giou_aux_0: 0.2893 (0.2914)  loss_fgl_aux_0: 1.3501 (1.3515)  loss_ddf_aux_0: 0.0098 (0.0100)  loss_mal_aux_1: 0.5548 (0.5643)  loss_bbox_aux_1: 0.0058 (0.0058)  loss_giou_aux_1: 0.2770 (0.2731)  loss_fgl_aux_1: 1.3457 (1.3490)  loss_ddf_aux_1: 0.0006 (0.0005)  loss_mal_pre: 0.6106 (0.6181)  loss_bbox_pre: 0.0067 (0.0065)  loss_giou_pre: 0.2893 (0.2907)  loss_mal_enc_0: 0.6815 (0.6827)  loss_bbox_enc_0: 0.0082 (0.0081)  loss_giou_enc_0: 0.3348 (0.3354)  loss_mal_dn_0: 0.6394 (0.6393)  loss_bbox_dn_0: 0.0080 (0.0075)  loss_giou_dn_0: 0.3325 (0.3278)  loss_fgl_dn_0: 1.3460 (1.3474)  loss_ddf_dn_0: 0.0544 (0.0522)  loss_mal_dn_1: 0.5400 (0.5403)  loss_bbox_dn_1: 0.0046 (0.0050)  loss_giou_dn_1: 0.2434 (0.2481)  loss_fgl_dn_1: 1.3406 (1.3438)  loss_ddf_dn_1: 0.0013 (0.0014)  loss_mal_dn_2: 0.5372 (0.5371)  loss_bbox_dn_2: 0.0047 (0.0049)  loss_giou_dn_2: 0.2424 (0.2458)  loss_fgl_dn_2: 1.3414 (1.3438)  loss_ddf_dn_2: -0.0000 (0.0000)  loss_mal_dn_pre: 0.6443 (0.6430)  loss_bbox_dn_pre: 0.0079 (0.0074)  loss_giou_dn_pre: 0.3301 (0.3257)  time: 0.6378  data: 0.0157  max mem: 5224
Epoch: [18/30]  [40/44]  eta: 0:00:02  lr: 0.000100  loss: 16.1196 (16.2518)  loss_mal: 0.5602 (0.5624)  loss_bbox: 0.0057 (0.0058)  loss_giou: 0.2787 (0.2759)  loss_fgl: 1.3439 (1.3480)  loss_mal_aux_0: 0.6037 (0.6207)  loss_bbox_aux_0: 0.0063 (0.0065)  loss_giou_aux_0: 0.2897 (0.2952)  loss_fgl_aux_0: 1.3443 (1.3497)  loss_ddf_aux_0: 0.0095 (0.0099)  loss_mal_aux_1: 0.5695 (0.5680)  loss_bbox_aux_1: 0.0057 (0.0058)  loss_giou_aux_1: 0.2770 (0.2765)  loss_fgl_aux_1: 1.3447 (1.3483)  loss_ddf_aux_1: 0.0006 (0.0005)  loss_mal_pre: 0.6059 (0.6199)  loss_bbox_pre: 0.0063 (0.0066)  loss_giou_pre: 0.2910 (0.2946)  loss_mal_enc_0: 0.6771 (0.6852)  loss_bbox_enc_0: 0.0082 (0.0082)  loss_giou_enc_0: 0.3431 (0.3418)  loss_mal_dn_0: 0.6352 (0.6391)  loss_bbox_dn_0: 0.0069 (0.0074)  loss_giou_dn_0: 0.3143 (0.3268)  loss_fgl_dn_0: 1.3396 (1.3471)  loss_ddf_dn_0: 0.0507 (0.0510)  loss_mal_dn_1: 0.5400 (0.5420)  loss_bbox_dn_1: 0.0048 (0.0049)  loss_giou_dn_1: 0.2494 (0.2495)  loss_fgl_dn_1: 1.3399 (1.3434)  loss_ddf_dn_1: 0.0015 (0.0014)  loss_mal_dn_2: 0.5378 (0.5386)  loss_bbox_dn_2: 0.0048 (0.0049)  loss_giou_dn_2: 0.2483 (0.2472)  loss_fgl_dn_2: 1.3414 (1.3434)  loss_ddf_dn_2: -0.0000 (0.0000)  loss_mal_dn_pre: 0.6403 (0.6430)  loss_bbox_dn_pre: 0.0069 (0.0073)  loss_giou_dn_pre: 0.3142 (0.3252)  time: 0.6387  data: 0.0158  max mem: 5224
Epoch: [18/30]  [43/44]  eta: 0:00:00  lr: 0.000100  loss: 16.0559 (16.2478)  loss_mal: 0.5587 (0.5623)  loss_bbox: 0.0057 (0.0058)  loss_giou: 0.2754 (0.2755)  loss_fgl: 1.3439 (1.3489)  loss_mal_aux_0: 0.6045 (0.6213)  loss_bbox_aux_0: 0.0061 (0.0065)  loss_giou_aux_0: 0.2893 (0.2941)  loss_fgl_aux_0: 1.3443 (1.3506)  loss_ddf_aux_0: 0.0091 (0.0099)  loss_mal_aux_1: 0.5608 (0.5678)  loss_bbox_aux_1: 0.0056 (0.0058)  loss_giou_aux_1: 0.2754 (0.2762)  loss_fgl_aux_1: 1.3447 (1.3490)  loss_ddf_aux_1: 0.0006 (0.0005)  loss_mal_pre: 0.6074 (0.6203)  loss_bbox_pre: 0.0063 (0.0065)  loss_giou_pre: 0.2863 (0.2933)  loss_mal_enc_0: 0.6860 (0.6864)  loss_bbox_enc_0: 0.0079 (0.0081)  loss_giou_enc_0: 0.3312 (0.3393)  loss_mal_dn_0: 0.6352 (0.6385)  loss_bbox_dn_0: 0.0069 (0.0073)  loss_giou_dn_0: 0.3143 (0.3259)  loss_fgl_dn_0: 1.3396 (1.3476)  loss_ddf_dn_0: 0.0468 (0.0506)  loss_mal_dn_1: 0.5340 (0.5419)  loss_bbox_dn_1: 0.0048 (0.0049)  loss_giou_dn_1: 0.2471 (0.2494)  loss_fgl_dn_1: 1.3399 (1.3439)  loss_ddf_dn_1: 0.0014 (0.0014)  loss_mal_dn_2: 0.5378 (0.5387)  loss_bbox_dn_2: 0.0048 (0.0049)  loss_giou_dn_2: 0.2483 (0.2472)  loss_fgl_dn_2: 1.3414 (1.3439)  loss_ddf_dn_2: -0.0000 (0.0000)  loss_mal_dn_pre: 0.6379 (0.6423)  loss_bbox_dn_pre: 0.0068 (0.0073)  loss_giou_dn_pre: 0.3126 (0.3241)  time: 0.6312  data: 0.0154  max mem: 5224
Epoch: [18/30] Total time: 0:00:28 (0.6370 s / it)
Averaged stats: lr: 0.000100  loss: 16.0559 (16.2478)  loss_mal: 0.5587 (0.5623)  loss_bbox: 0.0057 (0.0058)  loss_giou: 0.2754 (0.2755)  loss_fgl: 1.3439 (1.3489)  loss_mal_aux_0: 0.6045 (0.6213)  loss_bbox_aux_0: 0.0061 (0.0065)  loss_giou_aux_0: 0.2893 (0.2941)  loss_fgl_aux_0: 1.3443 (1.3506)  loss_ddf_aux_0: 0.0091 (0.0099)  loss_mal_aux_1: 0.5608 (0.5678)  loss_bbox_aux_1: 0.0056 (0.0058)  loss_giou_aux_1: 0.2754 (0.2762)  loss_fgl_aux_1: 1.3447 (1.3490)  loss_ddf_aux_1: 0.0006 (0.0005)  loss_mal_pre: 0.6074 (0.6203)  loss_bbox_pre: 0.0063 (0.0065)  loss_giou_pre: 0.2863 (0.2933)  loss_mal_enc_0: 0.6860 (0.6864)  loss_bbox_enc_0: 0.0079 (0.0081)  loss_giou_enc_0: 0.3312 (0.3393)  loss_mal_dn_0: 0.6352 (0.6385)  loss_bbox_dn_0: 0.0069 (0.0073)  loss_giou_dn_0: 0.3143 (0.3259)  loss_fgl_dn_0: 1.3396 (1.3476)  loss_ddf_dn_0: 0.0468 (0.0506)  loss_mal_dn_1: 0.5340 (0.5419)  loss_bbox_dn_1: 0.0048 (0.0049)  loss_giou_dn_1: 0.2471 (0.2494)  loss_fgl_dn_1: 1.3399 (1.3439)  loss_ddf_dn_1: 0.0014 (0.0014)  loss_mal_dn_2: 0.5378 (0.5387)  loss_bbox_dn_2: 0.0048 (0.0049)  loss_giou_dn_2: 0.2483 (0.2472)  loss_fgl_dn_2: 1.3414 (1.3439)  loss_ddf_dn_2: -0.0000 (0.0000)  loss_mal_dn_pre: 0.6379 (0.6423)  loss_bbox_dn_pre: 0.0068 (0.0073)  loss_giou_dn_pre: 0.3126 (0.3241)
Test:  [0/9]  eta: 0:00:04    time: 0.5256  data: 0.2904  max mem: 5224
Test:  [8/9]  eta: 0:00:00    time: 0.1957  data: 0.0438  max mem: 5224
Test: Total time: 0:00:01 (0.1996 s / it)
Metrics: {'f1': 0.9619377162629758, 'precision': 0.9586206896551724, 'recall': 0.9652777777777778, 'iou': 0.6518166697025299, 'TPs': 139, 'FPs': 6, 'FNs': 5}
Averaged stats: 
Accumulating evaluation results...
COCOeval_opt.accumulate() finished...
DONE (t=0.01s).
IoU metric: bbox
 Average Precision  (AP) @[ IoU=0.50:0.95 | area=   all | maxDets=100 ] = 0.351
 Average Precision  (AP) @[ IoU=0.50      | area=   all | maxDets=100 ] = 0.948
 Average Precision  (AP) @[ IoU=0.75      | area=   all | maxDets=100 ] = 0.136
 Average Precision  (AP) @[ IoU=0.50:0.95 | area= small | maxDets=100 ] = 0.351
 Average Precision  (AP) @[ IoU=0.50:0.95 | area=medium | maxDets=100 ] = -1.000
 Average Precision  (AP) @[ IoU=0.50:0.95 | area= large | maxDets=100 ] = -1.000
 Average Recall     (AR) @[ IoU=0.50:0.95 | area=   all | maxDets=  1 ] = 0.197
 Average Recall     (AR) @[ IoU=0.50:0.95 | area=   all | maxDets= 10 ] = 0.463
 Average Recall     (AR) @[ IoU=0.50:0.95 | area=   all | maxDets=100 ] = 0.580
 Average Recall     (AR) @[ IoU=0.50:0.95 | area= small | maxDets=100 ] = 0.580
 Average Recall     (AR) @[ IoU=0.50:0.95 | area=medium | maxDets=100 ] = -1.000
 Average Recall     (AR) @[ IoU=0.50:0.95 | area= large | maxDets=100 ] = -1.000
 Average Recall     (AR) @[ IoU=0.50      | area=   all | maxDets=100 ] = 0.986
 Average Recall     (AR) @[ IoU=0.75      | area=   all | maxDets=100 ] = 0.604
best_stat: {'epoch': 3, 'coco_eval_bbox': 0.3716614965139037}
Epoch: [19/30]  [ 0/44]  eta: 0:00:39  lr: 0.000100  loss: 15.1025 (15.1025)  loss_mal: 0.4915 (0.4915)  loss_bbox: 0.0046 (0.0046)  loss_giou: 0.2127 (0.2127)  loss_fgl: 1.3537 (1.3537)  loss_mal_aux_0: 0.5168 (0.5168)  loss_bbox_aux_0: 0.0053 (0.0053)  loss_giou_aux_0: 0.2316 (0.2316)  loss_fgl_aux_0: 1.3510 (1.3510)  loss_ddf_aux_0: 0.0073 (0.0073)  loss_mal_aux_1: 0.4877 (0.4877)  loss_bbox_aux_1: 0.0046 (0.0046)  loss_giou_aux_1: 0.2114 (0.2114)  loss_fgl_aux_1: 1.3535 (1.3535)  loss_ddf_aux_1: 0.0004 (0.0004)  loss_mal_pre: 0.5249 (0.5249)  loss_bbox_pre: 0.0053 (0.0053)  loss_giou_pre: 0.2351 (0.2351)  loss_mal_enc_0: 0.6002 (0.6002)  loss_bbox_enc_0: 0.0056 (0.0056)  loss_giou_enc_0: 0.2478 (0.2478)  loss_mal_dn_0: 0.5958 (0.5958)  loss_bbox_dn_0: 0.0067 (0.0067)  loss_giou_dn_0: 0.2830 (0.2830)  loss_fgl_dn_0: 1.3434 (1.3434)  loss_ddf_dn_0: 0.0382 (0.0382)  loss_mal_dn_1: 0.4994 (0.4994)  loss_bbox_dn_1: 0.0042 (0.0042)  loss_giou_dn_1: 0.2052 (0.2052)  loss_fgl_dn_1: 1.3422 (1.3422)  loss_ddf_dn_1: 0.0010 (0.0010)  loss_mal_dn_2: 0.4959 (0.4959)  loss_bbox_dn_2: 0.0042 (0.0042)  loss_giou_dn_2: 0.2037 (0.2037)  loss_fgl_dn_2: 1.3420 (1.3420)  loss_ddf_dn_2: -0.0000 (0.0000)  loss_mal_dn_pre: 0.5996 (0.5996)  loss_bbox_dn_pre: 0.0066 (0.0066)  loss_giou_dn_pre: 0.2804 (0.2804)  time: 0.9084  data: 0.2584  max mem: 5224
Epoch: [19/30]  [10/44]  eta: 0:00:23  lr: 0.000100  loss: 15.7960 (15.9362)  loss_mal: 0.5484 (0.5471)  loss_bbox: 0.0050 (0.0053)  loss_giou: 0.2555 (0.2610)  loss_fgl: 1.3537 (1.3512)  loss_mal_aux_0: 0.5963 (0.5909)  loss_bbox_aux_0: 0.0053 (0.0056)  loss_giou_aux_0: 0.2758 (0.2775)  loss_fgl_aux_0: 1.3510 (1.3490)  loss_ddf_aux_0: 0.0081 (0.0085)  loss_mal_aux_1: 0.5506 (0.5538)  loss_bbox_aux_1: 0.0049 (0.0053)  loss_giou_aux_1: 0.2583 (0.2615)  loss_fgl_aux_1: 1.3535 (1.3506)  loss_ddf_aux_1: 0.0004 (0.0005)  loss_mal_pre: 0.5937 (0.5919)  loss_bbox_pre: 0.0053 (0.0056)  loss_giou_pre: 0.2702 (0.2774)  loss_mal_enc_0: 0.6709 (0.6721)  loss_bbox_enc_0: 0.0062 (0.0068)  loss_giou_enc_0: 0.3063 (0.3129)  loss_mal_dn_0: 0.6097 (0.6240)  loss_bbox_dn_0: 0.0063 (0.0066)  loss_giou_dn_0: 0.2934 (0.3083)  loss_fgl_dn_0: 1.3434 (1.3458)  loss_ddf_dn_0: 0.0425 (0.0437)  loss_mal_dn_1: 0.5268 (0.5316)  loss_bbox_dn_1: 0.0044 (0.0046)  loss_giou_dn_1: 0.2352 (0.2375)  loss_fgl_dn_1: 1.3422 (1.3434)  loss_ddf_dn_1: 0.0014 (0.0014)  loss_mal_dn_2: 0.5225 (0.5286)  loss_bbox_dn_2: 0.0043 (0.0045)  loss_giou_dn_2: 0.2301 (0.2362)  loss_fgl_dn_2: 1.3420 (1.3439)  loss_ddf_dn_2: -0.0000 (0.0000)  loss_mal_dn_pre: 0.6140 (0.6283)  loss_bbox_dn_pre: 0.0063 (0.0066)  loss_giou_dn_pre: 0.2905 (0.3068)  time: 0.6814  data: 0.0356  max mem: 5224
Epoch: [19/30]  [20/44]  eta: 0:00:15  lr: 0.000100  loss: 16.1636 (16.1327)  loss_mal: 0.5711 (0.5600)  loss_bbox: 0.0053 (0.0057)  loss_giou: 0.2828 (0.2750)  loss_fgl: 1.3471 (1.3498)  loss_mal_aux_0: 0.5985 (0.6048)  loss_bbox_aux_0: 0.0053 (0.0061)  loss_giou_aux_0: 0.2822 (0.2896)  loss_fgl_aux_0: 1.3473 (1.3496)  loss_ddf_aux_0: 0.0095 (0.0092)  loss_mal_aux_1: 0.5769 (0.5680)  loss_bbox_aux_1: 0.0053 (0.0057)  loss_giou_aux_1: 0.2804 (0.2751)  loss_fgl_aux_1: 1.3457 (1.3494)  loss_ddf_aux_1: 0.0004 (0.0005)  loss_mal_pre: 0.6001 (0.6039)  loss_bbox_pre: 0.0054 (0.0061)  loss_giou_pre: 0.2826 (0.2887)  loss_mal_enc_0: 0.6886 (0.6825)  loss_bbox_enc_0: 0.0070 (0.0075)  loss_giou_enc_0: 0.3375 (0.3297)  loss_mal_dn_0: 0.6341 (0.6314)  loss_bbox_dn_0: 0.0065 (0.0070)  loss_giou_dn_0: 0.3205 (0.3172)  loss_fgl_dn_0: 1.3449 (1.3480)  loss_ddf_dn_0: 0.0462 (0.0458)  loss_mal_dn_1: 0.5385 (0.5371)  loss_bbox_dn_1: 0.0045 (0.0048)  loss_giou_dn_1: 0.2438 (0.2431)  loss_fgl_dn_1: 1.3420 (1.3457)  loss_ddf_dn_1: 0.0015 (0.0016)  loss_mal_dn_2: 0.5354 (0.5341)  loss_bbox_dn_2: 0.0045 (0.0048)  loss_giou_dn_2: 0.2450 (0.2420)  loss_fgl_dn_2: 1.3433 (1.3459)  loss_ddf_dn_2: -0.0000 (0.0000)  loss_mal_dn_pre: 0.6387 (0.6354)  loss_bbox_dn_pre: 0.0065 (0.0069)  loss_giou_dn_pre: 0.3204 (0.3151)  time: 0.6283  data: 0.0145  max mem: 5224
Epoch: [19/30]  [30/44]  eta: 0:00:09  lr: 0.000100  loss: 16.1636 (16.0803)  loss_mal: 0.5700 (0.5562)  loss_bbox: 0.0056 (0.0058)  loss_giou: 0.2813 (0.2734)  loss_fgl: 1.3471 (1.3493)  loss_mal_aux_0: 0.5906 (0.5960)  loss_bbox_aux_0: 0.0057 (0.0061)  loss_giou_aux_0: 0.2824 (0.2855)  loss_fgl_aux_0: 1.3462 (1.3495)  loss_ddf_aux_0: 0.0096 (0.0091)  loss_mal_aux_1: 0.5683 (0.5624)  loss_bbox_aux_1: 0.0056 (0.0058)  loss_giou_aux_1: 0.2804 (0.2739)  loss_fgl_aux_1: 1.3447 (1.3487)  loss_ddf_aux_1: 0.0005 (0.0005)  loss_mal_pre: 0.5856 (0.5958)  loss_bbox_pre: 0.0057 (0.0061)  loss_giou_pre: 0.2814 (0.2849)  loss_mal_enc_0: 0.6839 (0.6787)  loss_bbox_enc_0: 0.0082 (0.0076)  loss_giou_enc_0: 0.3395 (0.3284)  loss_mal_dn_0: 0.6361 (0.6305)  loss_bbox_dn_0: 0.0068 (0.0070)  loss_giou_dn_0: 0.3202 (0.3164)  loss_fgl_dn_0: 1.3433 (1.3466)  loss_ddf_dn_0: 0.0477 (0.0469)  loss_mal_dn_1: 0.5335 (0.5360)  loss_bbox_dn_1: 0.0048 (0.0048)  loss_giou_dn_1: 0.2430 (0.2428)  loss_fgl_dn_1: 1.3386 (1.3446)  loss_ddf_dn_1: 0.0016 (0.0016)  loss_mal_dn_2: 0.5322 (0.5331)  loss_bbox_dn_2: 0.0046 (0.0047)  loss_giou_dn_2: 0.2425 (0.2414)  loss_fgl_dn_2: 1.3386 (1.3448)  loss_ddf_dn_2: -0.0000 (0.0000)  loss_mal_dn_pre: 0.6398 (0.6341)  loss_bbox_dn_pre: 0.0068 (0.0069)  loss_giou_dn_pre: 0.3204 (0.3143)  time: 0.6266  data: 0.0154  max mem: 5224
Epoch: [19/30]  [40/44]  eta: 0:00:02  lr: 0.000100  loss: 15.6599 (15.9705)  loss_mal: 0.5326 (0.5480)  loss_bbox: 0.0049 (0.0055)  loss_giou: 0.2461 (0.2643)  loss_fgl: 1.3424 (1.3478)  loss_mal_aux_0: 0.5798 (0.5951)  loss_bbox_aux_0: 0.0054 (0.0059)  loss_giou_aux_0: 0.2601 (0.2779)  loss_fgl_aux_0: 1.3428 (1.3481)  loss_ddf_aux_0: 0.0090 (0.0090)  loss_mal_aux_1: 0.5350 (0.5545)  loss_bbox_aux_1: 0.0049 (0.0055)  loss_giou_aux_1: 0.2473 (0.2648)  loss_fgl_aux_1: 1.3425 (1.3474)  loss_ddf_aux_1: 0.0005 (0.0005)  loss_mal_pre: 0.5786 (0.5947)  loss_bbox_pre: 0.0054 (0.0059)  loss_giou_pre: 0.2547 (0.2773)  loss_mal_enc_0: 0.6605 (0.6743)  loss_bbox_enc_0: 0.0072 (0.0074)  loss_giou_enc_0: 0.2989 (0.3217)  loss_mal_dn_0: 0.6107 (0.6274)  loss_bbox_dn_0: 0.0065 (0.0069)  loss_giou_dn_0: 0.2975 (0.3126)  loss_fgl_dn_0: 1.3428 (1.3455)  loss_ddf_dn_0: 0.0499 (0.0475)  loss_mal_dn_1: 0.5162 (0.5297)  loss_bbox_dn_1: 0.0044 (0.0046)  loss_giou_dn_1: 0.2280 (0.2372)  loss_fgl_dn_1: 1.3368 (1.3428)  loss_ddf_dn_1: 0.0015 (0.0015)  loss_mal_dn_2: 0.5142 (0.5269)  loss_bbox_dn_2: 0.0043 (0.0046)  loss_giou_dn_2: 0.2265 (0.2359)  loss_fgl_dn_2: 1.3367 (1.3429)  loss_ddf_dn_2: -0.0000 (0.0000)  loss_mal_dn_pre: 0.6162 (0.6315)  loss_bbox_dn_pre: 0.0064 (0.0068)  loss_giou_dn_pre: 0.2939 (0.3109)  time: 0.6359  data: 0.0158  max mem: 5224
Epoch: [19/30]  [43/44]  eta: 0:00:00  lr: 0.000100  loss: 15.7505 (15.9938)  loss_mal: 0.5346 (0.5501)  loss_bbox: 0.0049 (0.0055)  loss_giou: 0.2461 (0.2647)  loss_fgl: 1.3424 (1.3479)  loss_mal_aux_0: 0.5986 (0.6007)  loss_bbox_aux_0: 0.0054 (0.0060)  loss_giou_aux_0: 0.2704 (0.2797)  loss_fgl_aux_0: 1.3428 (1.3488)  loss_ddf_aux_0: 0.0092 (0.0091)  loss_mal_aux_1: 0.5409 (0.5565)  loss_bbox_aux_1: 0.0049 (0.0055)  loss_giou_aux_1: 0.2473 (0.2652)  loss_fgl_aux_1: 1.3425 (1.3475)  loss_ddf_aux_1: 0.0005 (0.0005)  loss_mal_pre: 0.5947 (0.6000)  loss_bbox_pre: 0.0054 (0.0060)  loss_giou_pre: 0.2716 (0.2791)  loss_mal_enc_0: 0.6605 (0.6743)  loss_bbox_enc_0: 0.0072 (0.0075)  loss_giou_enc_0: 0.3011 (0.3232)  loss_mal_dn_0: 0.6121 (0.6276)  loss_bbox_dn_0: 0.0065 (0.0069)  loss_giou_dn_0: 0.2988 (0.3127)  loss_fgl_dn_0: 1.3428 (1.3455)  loss_ddf_dn_0: 0.0491 (0.0472)  loss_mal_dn_1: 0.5154 (0.5301)  loss_bbox_dn_1: 0.0044 (0.0046)  loss_giou_dn_1: 0.2280 (0.2375)  loss_fgl_dn_1: 1.3368 (1.3422)  loss_ddf_dn_1: 0.0015 (0.0015)  loss_mal_dn_2: 0.5142 (0.5274)  loss_bbox_dn_2: 0.0043 (0.0046)  loss_giou_dn_2: 0.2265 (0.2364)  loss_fgl_dn_2: 1.3367 (1.3423)  loss_ddf_dn_2: -0.0000 (0.0000)  loss_mal_dn_pre: 0.6167 (0.6316)  loss_bbox_dn_pre: 0.0064 (0.0068)  loss_giou_dn_pre: 0.2956 (0.3111)  time: 0.6295  data: 0.0156  max mem: 5224
Epoch: [19/30] Total time: 0:00:28 (0.6389 s / it)
Averaged stats: lr: 0.000100  loss: 15.7505 (15.9938)  loss_mal: 0.5346 (0.5501)  loss_bbox: 0.0049 (0.0055)  loss_giou: 0.2461 (0.2647)  loss_fgl: 1.3424 (1.3479)  loss_mal_aux_0: 0.5986 (0.6007)  loss_bbox_aux_0: 0.0054 (0.0060)  loss_giou_aux_0: 0.2704 (0.2797)  loss_fgl_aux_0: 1.3428 (1.3488)  loss_ddf_aux_0: 0.0092 (0.0091)  loss_mal_aux_1: 0.5409 (0.5565)  loss_bbox_aux_1: 0.0049 (0.0055)  loss_giou_aux_1: 0.2473 (0.2652)  loss_fgl_aux_1: 1.3425 (1.3475)  loss_ddf_aux_1: 0.0005 (0.0005)  loss_mal_pre: 0.5947 (0.6000)  loss_bbox_pre: 0.0054 (0.0060)  loss_giou_pre: 0.2716 (0.2791)  loss_mal_enc_0: 0.6605 (0.6743)  loss_bbox_enc_0: 0.0072 (0.0075)  loss_giou_enc_0: 0.3011 (0.3232)  loss_mal_dn_0: 0.6121 (0.6276)  loss_bbox_dn_0: 0.0065 (0.0069)  loss_giou_dn_0: 0.2988 (0.3127)  loss_fgl_dn_0: 1.3428 (1.3455)  loss_ddf_dn_0: 0.0491 (0.0472)  loss_mal_dn_1: 0.5154 (0.5301)  loss_bbox_dn_1: 0.0044 (0.0046)  loss_giou_dn_1: 0.2280 (0.2375)  loss_fgl_dn_1: 1.3368 (1.3422)  loss_ddf_dn_1: 0.0015 (0.0015)  loss_mal_dn_2: 0.5142 (0.5274)  loss_bbox_dn_2: 0.0043 (0.0046)  loss_giou_dn_2: 0.2265 (0.2364)  loss_fgl_dn_2: 1.3367 (1.3423)  loss_ddf_dn_2: -0.0000 (0.0000)  loss_mal_dn_pre: 0.6167 (0.6316)  loss_bbox_dn_pre: 0.0064 (0.0068)  loss_giou_dn_pre: 0.2956 (0.3111)
Test:  [0/9]  eta: 0:00:03    time: 0.3541  data: 0.2546  max mem: 5224
Test:  [8/9]  eta: 0:00:00    time: 0.1559  data: 0.0443  max mem: 5224
Test: Total time: 0:00:01 (0.1594 s / it)
Metrics: {'f1': 0.9619377162629758, 'precision': 0.9586206896551724, 'recall': 0.9652777777777778, 'iou': 0.6516684365272521, 'TPs': 139, 'FPs': 6, 'FNs': 5}
Averaged stats: 
Accumulating evaluation results...
COCOeval_opt.accumulate() finished...
DONE (t=0.01s).
IoU metric: bbox
 Average Precision  (AP) @[ IoU=0.50:0.95 | area=   all | maxDets=100 ] = 0.350
 Average Precision  (AP) @[ IoU=0.50      | area=   all | maxDets=100 ] = 0.948
 Average Precision  (AP) @[ IoU=0.75      | area=   all | maxDets=100 ] = 0.136
 Average Precision  (AP) @[ IoU=0.50:0.95 | area= small | maxDets=100 ] = 0.350
 Average Precision  (AP) @[ IoU=0.50:0.95 | area=medium | maxDets=100 ] = -1.000
 Average Precision  (AP) @[ IoU=0.50:0.95 | area= large | maxDets=100 ] = -1.000
 Average Recall     (AR) @[ IoU=0.50:0.95 | area=   all | maxDets=  1 ] = 0.197
 Average Recall     (AR) @[ IoU=0.50:0.95 | area=   all | maxDets= 10 ] = 0.464
 Average Recall     (AR) @[ IoU=0.50:0.95 | area=   all | maxDets=100 ] = 0.581
 Average Recall     (AR) @[ IoU=0.50:0.95 | area= small | maxDets=100 ] = 0.581
 Average Recall     (AR) @[ IoU=0.50:0.95 | area=medium | maxDets=100 ] = -1.000
 Average Recall     (AR) @[ IoU=0.50:0.95 | area= large | maxDets=100 ] = -1.000
 Average Recall     (AR) @[ IoU=0.50      | area=   all | maxDets=100 ] = 0.986
 Average Recall     (AR) @[ IoU=0.75      | area=   all | maxDets=100 ] = 0.604
best_stat: {'epoch': 3, 'coco_eval_bbox': 0.3716614965139037}
Epoch: [20/30]  [ 0/44]  eta: 0:00:39  lr: 0.000100  loss: 15.9456 (15.9456)  loss_mal: 0.5522 (0.5522)  loss_bbox: 0.0041 (0.0041)  loss_giou: 0.2655 (0.2655)  loss_fgl: 1.3886 (1.3886)  loss_mal_aux_0: 0.5825 (0.5825)  loss_bbox_aux_0: 0.0039 (0.0039)  loss_giou_aux_0: 0.2499 (0.2499)  loss_fgl_aux_0: 1.3903 (1.3903)  loss_ddf_aux_0: 0.0084 (0.0084)  loss_mal_aux_1: 0.5568 (0.5568)  loss_bbox_aux_1: 0.0041 (0.0041)  loss_giou_aux_1: 0.2637 (0.2637)  loss_fgl_aux_1: 1.3900 (1.3900)  loss_ddf_aux_1: 0.0004 (0.0004)  loss_mal_pre: 0.5808 (0.5808)  loss_bbox_pre: 0.0039 (0.0039)  loss_giou_pre: 0.2471 (0.2471)  loss_mal_enc_0: 0.6673 (0.6673)  loss_bbox_enc_0: 0.0039 (0.0039)  loss_giou_enc_0: 0.2447 (0.2447)  loss_mal_dn_0: 0.6086 (0.6086)  loss_bbox_dn_0: 0.0048 (0.0048)  loss_giou_dn_0: 0.2814 (0.2814)  loss_fgl_dn_0: 1.3893 (1.3893)  loss_ddf_dn_0: 0.0314 (0.0314)  loss_mal_dn_1: 0.5301 (0.5301)  loss_bbox_dn_1: 0.0037 (0.0037)  loss_giou_dn_1: 0.2370 (0.2370)  loss_fgl_dn_1: 1.3929 (1.3929)  loss_ddf_dn_1: 0.0008 (0.0008)  loss_mal_dn_2: 0.5252 (0.5252)  loss_bbox_dn_2: 0.0037 (0.0037)  loss_giou_dn_2: 0.2367 (0.2367)  loss_fgl_dn_2: 1.3918 (1.3918)  loss_ddf_dn_2: -0.0000 (0.0000)  loss_mal_dn_pre: 0.6150 (0.6150)  loss_bbox_dn_pre: 0.0048 (0.0048)  loss_giou_dn_pre: 0.2804 (0.2804)  time: 0.8891  data: 0.2439  max mem: 5224
Epoch: [20/30]  [10/44]  eta: 0:00:21  lr: 0.000100  loss: 15.7074 (15.6920)  loss_mal: 0.5292 (0.5357)  loss_bbox: 0.0046 (0.0047)  loss_giou: 0.2478 (0.2426)  loss_fgl: 1.3525 (1.3578)  loss_mal_aux_0: 0.5825 (0.5869)  loss_bbox_aux_0: 0.0049 (0.0050)  loss_giou_aux_0: 0.2499 (0.2536)  loss_fgl_aux_0: 1.3552 (1.3558)  loss_ddf_aux_0: 0.0087 (0.0092)  loss_mal_aux_1: 0.5391 (0.5426)  loss_bbox_aux_1: 0.0045 (0.0047)  loss_giou_aux_1: 0.2479 (0.2427)  loss_fgl_aux_1: 1.3505 (1.3579)  loss_ddf_aux_1: 0.0004 (0.0004)  loss_mal_pre: 0.5808 (0.5846)  loss_bbox_pre: 0.0050 (0.0050)  loss_giou_pre: 0.2471 (0.2515)  loss_mal_enc_0: 0.6578 (0.6599)  loss_bbox_enc_0: 0.0060 (0.0059)  loss_giou_enc_0: 0.2951 (0.2861)  loss_mal_dn_0: 0.6086 (0.6074)  loss_bbox_dn_0: 0.0058 (0.0060)  loss_giou_dn_0: 0.2854 (0.2860)  loss_fgl_dn_0: 1.3503 (1.3537)  loss_ddf_dn_0: 0.0456 (0.0448)  loss_mal_dn_1: 0.5126 (0.5184)  loss_bbox_dn_1: 0.0041 (0.0042)  loss_giou_dn_1: 0.2240 (0.2258)  loss_fgl_dn_1: 1.3488 (1.3524)  loss_ddf_dn_1: 0.0013 (0.0013)  loss_mal_dn_2: 0.5109 (0.5151)  loss_bbox_dn_2: 0.0041 (0.0042)  loss_giou_dn_2: 0.2227 (0.2242)  loss_fgl_dn_2: 1.3493 (1.3522)  loss_ddf_dn_2: -0.0000 (0.0000)  loss_mal_dn_pre: 0.6150 (0.6127)  loss_bbox_dn_pre: 0.0059 (0.0059)  loss_giou_dn_pre: 0.2830 (0.2848)  time: 0.6256  data: 0.0366  max mem: 5224
Epoch: [20/30]  [20/44]  eta: 0:00:15  lr: 0.000100  loss: 15.7074 (15.9351)  loss_mal: 0.5339 (0.5523)  loss_bbox: 0.0050 (0.0053)  loss_giou: 0.2496 (0.2605)  loss_fgl: 1.3518 (1.3546)  loss_mal_aux_0: 0.5887 (0.5947)  loss_bbox_aux_0: 0.0054 (0.0056)  loss_giou_aux_0: 0.2567 (0.2702)  loss_fgl_aux_0: 1.3552 (1.3538)  loss_ddf_aux_0: 0.0086 (0.0090)  loss_mal_aux_1: 0.5419 (0.5619)  loss_bbox_aux_1: 0.0050 (0.0053)  loss_giou_aux_1: 0.2490 (0.2612)  loss_fgl_aux_1: 1.3505 (1.3543)  loss_ddf_aux_1: 0.0004 (0.0004)  loss_mal_pre: 0.5878 (0.5933)  loss_bbox_pre: 0.0054 (0.0056)  loss_giou_pre: 0.2563 (0.2688)  loss_mal_enc_0: 0.6573 (0.6624)  loss_bbox_enc_0: 0.0066 (0.0064)  loss_giou_enc_0: 0.2957 (0.2993)  loss_mal_dn_0: 0.6129 (0.6228)  loss_bbox_dn_0: 0.0062 (0.0065)  loss_giou_dn_0: 0.2965 (0.3023)  loss_fgl_dn_0: 1.3503 (1.3503)  loss_ddf_dn_0: 0.0448 (0.0441)  loss_mal_dn_1: 0.5224 (0.5364)  loss_bbox_dn_1: 0.0044 (0.0045)  loss_giou_dn_1: 0.2243 (0.2381)  loss_fgl_dn_1: 1.3488 (1.3480)  loss_ddf_dn_1: 0.0012 (0.0013)  loss_mal_dn_2: 0.5178 (0.5315)  loss_bbox_dn_2: 0.0043 (0.0045)  loss_giou_dn_2: 0.2246 (0.2368)  loss_fgl_dn_2: 1.3493 (1.3480)  loss_ddf_dn_2: -0.0000 (0.0000)  loss_mal_dn_pre: 0.6158 (0.6276)  loss_bbox_dn_pre: 0.0062 (0.0065)  loss_giou_dn_pre: 0.2952 (0.3009)  time: 0.6276  data: 0.0158  max mem: 5224
Epoch: [20/30]  [30/44]  eta: 0:00:08  lr: 0.000100  loss: 15.7961 (15.8637)  loss_mal: 0.5455 (0.5476)  loss_bbox: 0.0053 (0.0052)  loss_giou: 0.2540 (0.2582)  loss_fgl: 1.3393 (1.3478)  loss_mal_aux_0: 0.5887 (0.5899)  loss_bbox_aux_0: 0.0060 (0.0057)  loss_giou_aux_0: 0.2784 (0.2704)  loss_fgl_aux_0: 1.3416 (1.3484)  loss_ddf_aux_0: 0.0087 (0.0091)  loss_mal_aux_1: 0.5461 (0.5550)  loss_bbox_aux_1: 0.0053 (0.0052)  loss_giou_aux_1: 0.2567 (0.2591)  loss_fgl_aux_1: 1.3407 (1.3475)  loss_ddf_aux_1: 0.0004 (0.0004)  loss_mal_pre: 0.5887 (0.5888)  loss_bbox_pre: 0.0060 (0.0056)  loss_giou_pre: 0.2781 (0.2692)  loss_mal_enc_0: 0.6634 (0.6632)  loss_bbox_enc_0: 0.0068 (0.0067)  loss_giou_enc_0: 0.2992 (0.3027)  loss_mal_dn_0: 0.6135 (0.6208)  loss_bbox_dn_0: 0.0065 (0.0065)  loss_giou_dn_0: 0.2947 (0.3008)  loss_fgl_dn_0: 1.3419 (1.3474)  loss_ddf_dn_0: 0.0430 (0.0443)  loss_mal_dn_1: 0.5250 (0.5323)  loss_bbox_dn_1: 0.0045 (0.0045)  loss_giou_dn_1: 0.2297 (0.2356)  loss_fgl_dn_1: 1.3394 (1.3433)  loss_ddf_dn_1: 0.0012 (0.0013)  loss_mal_dn_2: 0.5204 (0.5276)  loss_bbox_dn_2: 0.0044 (0.0044)  loss_giou_dn_2: 0.2289 (0.2337)  loss_fgl_dn_2: 1.3397 (1.3434)  loss_ddf_dn_2: -0.0000 (0.0000)  loss_mal_dn_pre: 0.6168 (0.6257)  loss_bbox_dn_pre: 0.0064 (0.0065)  loss_giou_dn_pre: 0.2947 (0.2996)  time: 0.6306  data: 0.0158  max mem: 5224
Epoch: [20/30]  [40/44]  eta: 0:00:02  lr: 0.000100  loss: 15.7341 (15.8492)  loss_mal: 0.5381 (0.5455)  loss_bbox: 0.0050 (0.0052)  loss_giou: 0.2524 (0.2577)  loss_fgl: 1.3390 (1.3486)  loss_mal_aux_0: 0.5882 (0.5901)  loss_bbox_aux_0: 0.0056 (0.0056)  loss_giou_aux_0: 0.2701 (0.2701)  loss_fgl_aux_0: 1.3416 (1.3489)  loss_ddf_aux_0: 0.0088 (0.0090)  loss_mal_aux_1: 0.5461 (0.5528)  loss_bbox_aux_1: 0.0050 (0.0052)  loss_giou_aux_1: 0.2523 (0.2583)  loss_fgl_aux_1: 1.3372 (1.3486)  loss_ddf_aux_1: 0.0004 (0.0004)  loss_mal_pre: 0.5837 (0.5889)  loss_bbox_pre: 0.0055 (0.0056)  loss_giou_pre: 0.2727 (0.2692)  loss_mal_enc_0: 0.6581 (0.6633)  loss_bbox_enc_0: 0.0071 (0.0068)  loss_giou_enc_0: 0.3127 (0.3067)  loss_mal_dn_0: 0.6107 (0.6179)  loss_bbox_dn_0: 0.0062 (0.0064)  loss_giou_dn_0: 0.2897 (0.2994)  loss_fgl_dn_0: 1.3419 (1.3471)  loss_ddf_dn_0: 0.0439 (0.0437)  loss_mal_dn_1: 0.5244 (0.5296)  loss_bbox_dn_1: 0.0044 (0.0045)  loss_giou_dn_1: 0.2295 (0.2347)  loss_fgl_dn_1: 1.3392 (1.3437)  loss_ddf_dn_1: 0.0012 (0.0013)  loss_mal_dn_2: 0.5202 (0.5256)  loss_bbox_dn_2: 0.0044 (0.0044)  loss_giou_dn_2: 0.2263 (0.2331)  loss_fgl_dn_2: 1.3381 (1.3438)  loss_ddf_dn_2: -0.0000 (0.0000)  loss_mal_dn_pre: 0.6168 (0.6228)  loss_bbox_dn_pre: 0.0062 (0.0064)  loss_giou_dn_pre: 0.2891 (0.2983)  time: 0.6279  data: 0.0156  max mem: 5224
Epoch: [20/30]  [43/44]  eta: 0:00:00  lr: 0.000100  loss: 15.7341 (15.8140)  loss_mal: 0.5381 (0.5429)  loss_bbox: 0.0050 (0.0051)  loss_giou: 0.2524 (0.2557)  loss_fgl: 1.3390 (1.3489)  loss_mal_aux_0: 0.5814 (0.5866)  loss_bbox_aux_0: 0.0056 (0.0056)  loss_giou_aux_0: 0.2701 (0.2682)  loss_fgl_aux_0: 1.3429 (1.3495)  loss_ddf_aux_0: 0.0085 (0.0089)  loss_mal_aux_1: 0.5461 (0.5500)  loss_bbox_aux_1: 0.0050 (0.0051)  loss_giou_aux_1: 0.2523 (0.2564)  loss_fgl_aux_1: 1.3372 (1.3489)  loss_ddf_aux_1: 0.0004 (0.0004)  loss_mal_pre: 0.5806 (0.5855)  loss_bbox_pre: 0.0055 (0.0056)  loss_giou_pre: 0.2727 (0.2672)  loss_mal_enc_0: 0.6521 (0.6623)  loss_bbox_enc_0: 0.0070 (0.0068)  loss_giou_enc_0: 0.3127 (0.3054)  loss_mal_dn_0: 0.6107 (0.6159)  loss_bbox_dn_0: 0.0064 (0.0064)  loss_giou_dn_0: 0.2897 (0.2977)  loss_fgl_dn_0: 1.3419 (1.3472)  loss_ddf_dn_0: 0.0443 (0.0437)  loss_mal_dn_1: 0.5244 (0.5276)  loss_bbox_dn_1: 0.0045 (0.0044)  loss_giou_dn_1: 0.2295 (0.2333)  loss_fgl_dn_1: 1.3392 (1.3440)  loss_ddf_dn_1: 0.0012 (0.0013)  loss_mal_dn_2: 0.5202 (0.5234)  loss_bbox_dn_2: 0.0044 (0.0044)  loss_giou_dn_2: 0.2263 (0.2316)  loss_fgl_dn_2: 1.3381 (1.3440)  loss_ddf_dn_2: -0.0000 (0.0000)  loss_mal_dn_pre: 0.6158 (0.6209)  loss_bbox_dn_pre: 0.0064 (0.0064)  loss_giou_dn_pre: 0.2891 (0.2967)  time: 0.6205  data: 0.0152  max mem: 5224
Epoch: [20/30] Total time: 0:00:27 (0.6322 s / it)
Averaged stats: lr: 0.000100  loss: 15.7341 (15.8140)  loss_mal: 0.5381 (0.5429)  loss_bbox: 0.0050 (0.0051)  loss_giou: 0.2524 (0.2557)  loss_fgl: 1.3390 (1.3489)  loss_mal_aux_0: 0.5814 (0.5866)  loss_bbox_aux_0: 0.0056 (0.0056)  loss_giou_aux_0: 0.2701 (0.2682)  loss_fgl_aux_0: 1.3429 (1.3495)  loss_ddf_aux_0: 0.0085 (0.0089)  loss_mal_aux_1: 0.5461 (0.5500)  loss_bbox_aux_1: 0.0050 (0.0051)  loss_giou_aux_1: 0.2523 (0.2564)  loss_fgl_aux_1: 1.3372 (1.3489)  loss_ddf_aux_1: 0.0004 (0.0004)  loss_mal_pre: 0.5806 (0.5855)  loss_bbox_pre: 0.0055 (0.0056)  loss_giou_pre: 0.2727 (0.2672)  loss_mal_enc_0: 0.6521 (0.6623)  loss_bbox_enc_0: 0.0070 (0.0068)  loss_giou_enc_0: 0.3127 (0.3054)  loss_mal_dn_0: 0.6107 (0.6159)  loss_bbox_dn_0: 0.0064 (0.0064)  loss_giou_dn_0: 0.2897 (0.2977)  loss_fgl_dn_0: 1.3419 (1.3472)  loss_ddf_dn_0: 0.0443 (0.0437)  loss_mal_dn_1: 0.5244 (0.5276)  loss_bbox_dn_1: 0.0045 (0.0044)  loss_giou_dn_1: 0.2295 (0.2333)  loss_fgl_dn_1: 1.3392 (1.3440)  loss_ddf_dn_1: 0.0012 (0.0013)  loss_mal_dn_2: 0.5202 (0.5234)  loss_bbox_dn_2: 0.0044 (0.0044)  loss_giou_dn_2: 0.2263 (0.2316)  loss_fgl_dn_2: 1.3381 (1.3440)  loss_ddf_dn_2: -0.0000 (0.0000)  loss_mal_dn_pre: 0.6158 (0.6209)  loss_bbox_dn_pre: 0.0064 (0.0064)  loss_giou_dn_pre: 0.2891 (0.2967)
Test:  [0/9]  eta: 0:00:03    time: 0.3645  data: 0.2608  max mem: 5224
Test:  [8/9]  eta: 0:00:00    time: 0.1823  data: 0.0400  max mem: 5224
Test: Total time: 0:00:01 (0.1864 s / it)
Metrics: {'f1': 0.9652777777777778, 'precision': 0.9652777777777778, 'recall': 0.9652777777777778, 'iou': 0.6560426254400471, 'TPs': 139, 'FPs': 5, 'FNs': 5}
Averaged stats: 
Accumulating evaluation results...
COCOeval_opt.accumulate() finished...
DONE (t=0.01s).
IoU metric: bbox
 Average Precision  (AP) @[ IoU=0.50:0.95 | area=   all | maxDets=100 ] = 0.350
 Average Precision  (AP) @[ IoU=0.50      | area=   all | maxDets=100 ] = 0.948
 Average Precision  (AP) @[ IoU=0.75      | area=   all | maxDets=100 ] = 0.136
 Average Precision  (AP) @[ IoU=0.50:0.95 | area= small | maxDets=100 ] = 0.350
 Average Precision  (AP) @[ IoU=0.50:0.95 | area=medium | maxDets=100 ] = -1.000
 Average Precision  (AP) @[ IoU=0.50:0.95 | area= large | maxDets=100 ] = -1.000
 Average Recall     (AR) @[ IoU=0.50:0.95 | area=   all | maxDets=  1 ] = 0.197
 Average Recall     (AR) @[ IoU=0.50:0.95 | area=   all | maxDets= 10 ] = 0.458
 Average Recall     (AR) @[ IoU=0.50:0.95 | area=   all | maxDets=100 ] = 0.581
 Average Recall     (AR) @[ IoU=0.50:0.95 | area= small | maxDets=100 ] = 0.581
 Average Recall     (AR) @[ IoU=0.50:0.95 | area=medium | maxDets=100 ] = -1.000
 Average Recall     (AR) @[ IoU=0.50:0.95 | area= large | maxDets=100 ] = -1.000
 Average Recall     (AR) @[ IoU=0.50      | area=   all | maxDets=100 ] = 0.986
 Average Recall     (AR) @[ IoU=0.75      | area=   all | maxDets=100 ] = 0.604
best_stat: {'epoch': 3, 'coco_eval_bbox': 0.3716614965139037}
Epoch: [21/30]  [ 0/44]  eta: 0:00:31  lr: 0.000100  loss: 15.4213 (15.4213)  loss_mal: 0.5138 (0.5138)  loss_bbox: 0.0043 (0.0043)  loss_giou: 0.2324 (0.2324)  loss_fgl: 1.3487 (1.3487)  loss_mal_aux_0: 0.5562 (0.5562)  loss_bbox_aux_0: 0.0048 (0.0048)  loss_giou_aux_0: 0.2563 (0.2563)  loss_fgl_aux_0: 1.3452 (1.3452)  loss_ddf_aux_0: 0.0092 (0.0092)  loss_mal_aux_1: 0.5196 (0.5196)  loss_bbox_aux_1: 0.0043 (0.0043)  loss_giou_aux_1: 0.2357 (0.2357)  loss_fgl_aux_1: 1.3462 (1.3462)  loss_ddf_aux_1: 0.0004 (0.0004)  loss_mal_pre: 0.5579 (0.5579)  loss_bbox_pre: 0.0048 (0.0048)  loss_giou_pre: 0.2590 (0.2590)  loss_mal_enc_0: 0.6637 (0.6637)  loss_bbox_enc_0: 0.0056 (0.0056)  loss_giou_enc_0: 0.2908 (0.2908)  loss_mal_dn_0: 0.5971 (0.5971)  loss_bbox_dn_0: 0.0052 (0.0052)  loss_giou_dn_0: 0.2716 (0.2716)  loss_fgl_dn_0: 1.3465 (1.3465)  loss_ddf_dn_0: 0.0400 (0.0400)  loss_mal_dn_1: 0.5010 (0.5010)  loss_bbox_dn_1: 0.0038 (0.0038)  loss_giou_dn_1: 0.2111 (0.2111)  loss_fgl_dn_1: 1.3478 (1.3478)  loss_ddf_dn_1: 0.0011 (0.0011)  loss_mal_dn_2: 0.4967 (0.4967)  loss_bbox_dn_2: 0.0038 (0.0038)  loss_giou_dn_2: 0.2085 (0.2085)  loss_fgl_dn_2: 1.3492 (1.3492)  loss_ddf_dn_2: -0.0000 (0.0000)  loss_mal_dn_pre: 0.6036 (0.6036)  loss_bbox_dn_pre: 0.0051 (0.0051)  loss_giou_dn_pre: 0.2703 (0.2703)  time: 0.7052  data: 0.2340  max mem: 5224
Epoch: [21/30]  [10/44]  eta: 0:00:20  lr: 0.000100  loss: 15.4409 (15.6374)  loss_mal: 0.5079 (0.5304)  loss_bbox: 0.0043 (0.0047)  loss_giou: 0.2180 (0.2405)  loss_fgl: 1.3487 (1.3438)  loss_mal_aux_0: 0.5852 (0.5903)  loss_bbox_aux_0: 0.0048 (0.0052)  loss_giou_aux_0: 0.2354 (0.2568)  loss_fgl_aux_0: 1.3470 (1.3439)  loss_ddf_aux_0: 0.0079 (0.0083)  loss_mal_aux_1: 0.5137 (0.5326)  loss_bbox_aux_1: 0.0043 (0.0047)  loss_giou_aux_1: 0.2195 (0.2409)  loss_fgl_aux_1: 1.3462 (1.3431)  loss_ddf_aux_1: 0.0005 (0.0005)  loss_mal_pre: 0.5830 (0.5881)  loss_bbox_pre: 0.0048 (0.0052)  loss_giou_pre: 0.2339 (0.2545)  loss_mal_enc_0: 0.6637 (0.6743)  loss_bbox_enc_0: 0.0066 (0.0066)  loss_giou_enc_0: 0.2941 (0.2968)  loss_mal_dn_0: 0.6018 (0.6179)  loss_bbox_dn_0: 0.0067 (0.0066)  loss_giou_dn_0: 0.2847 (0.3015)  loss_fgl_dn_0: 1.3441 (1.3400)  loss_ddf_dn_0: 0.0401 (0.0412)  loss_mal_dn_1: 0.4994 (0.5095)  loss_bbox_dn_1: 0.0040 (0.0041)  loss_giou_dn_1: 0.2111 (0.2199)  loss_fgl_dn_1: 1.3307 (1.3340)  loss_ddf_dn_1: 0.0011 (0.0012)  loss_mal_dn_2: 0.4955 (0.5074)  loss_bbox_dn_2: 0.0039 (0.0041)  loss_giou_dn_2: 0.2085 (0.2185)  loss_fgl_dn_2: 1.3307 (1.3344)  loss_ddf_dn_2: -0.0000 (0.0000)  loss_mal_dn_pre: 0.6036 (0.6209)  loss_bbox_dn_pre: 0.0065 (0.0065)  loss_giou_dn_pre: 0.2810 (0.2985)  time: 0.6097  data: 0.0352  max mem: 5224
Epoch: [21/30]  [20/44]  eta: 0:00:14  lr: 0.000100  loss: 15.7588 (15.8256)  loss_mal: 0.5269 (0.5387)  loss_bbox: 0.0046 (0.0050)  loss_giou: 0.2391 (0.2529)  loss_fgl: 1.3421 (1.3465)  loss_mal_aux_0: 0.5899 (0.5940)  loss_bbox_aux_0: 0.0056 (0.0056)  loss_giou_aux_0: 0.2804 (0.2711)  loss_fgl_aux_0: 1.3534 (1.3483)  loss_ddf_aux_0: 0.0086 (0.0096)  loss_mal_aux_1: 0.5325 (0.5430)  loss_bbox_aux_1: 0.0046 (0.0050)  loss_giou_aux_1: 0.2359 (0.2525)  loss_fgl_aux_1: 1.3444 (1.3465)  loss_ddf_aux_1: 0.0005 (0.0005)  loss_mal_pre: 0.5863 (0.5922)  loss_bbox_pre: 0.0054 (0.0055)  loss_giou_pre: 0.2758 (0.2692)  loss_mal_enc_0: 0.6591 (0.6659)  loss_bbox_enc_0: 0.0066 (0.0069)  loss_giou_enc_0: 0.3124 (0.3096)  loss_mal_dn_0: 0.6253 (0.6254)  loss_bbox_dn_0: 0.0067 (0.0068)  loss_giou_dn_0: 0.3129 (0.3109)  loss_fgl_dn_0: 1.3417 (1.3445)  loss_ddf_dn_0: 0.0422 (0.0454)  loss_mal_dn_1: 0.5088 (0.5196)  loss_bbox_dn_1: 0.0041 (0.0043)  loss_giou_dn_1: 0.2193 (0.2284)  loss_fgl_dn_1: 1.3307 (1.3379)  loss_ddf_dn_1: 0.0011 (0.0012)  loss_mal_dn_2: 0.5060 (0.5182)  loss_bbox_dn_2: 0.0041 (0.0043)  loss_giou_dn_2: 0.2184 (0.2278)  loss_fgl_dn_2: 1.3307 (1.3381)  loss_ddf_dn_2: -0.0000 (0.0000)  loss_mal_dn_pre: 0.6302 (0.6287)  loss_bbox_dn_pre: 0.0065 (0.0067)  loss_giou_dn_pre: 0.3117 (0.3087)  time: 0.6034  data: 0.0152  max mem: 5224
Epoch: [21/30]  [30/44]  eta: 0:00:08  lr: 0.000100  loss: 15.9003 (15.7791)  loss_mal: 0.5269 (0.5350)  loss_bbox: 0.0048 (0.0049)  loss_giou: 0.2485 (0.2490)  loss_fgl: 1.3483 (1.3482)  loss_mal_aux_0: 0.5839 (0.5874)  loss_bbox_aux_0: 0.0053 (0.0055)  loss_giou_aux_0: 0.2851 (0.2672)  loss_fgl_aux_0: 1.3556 (1.3500)  loss_ddf_aux_0: 0.0105 (0.0099)  loss_mal_aux_1: 0.5311 (0.5386)  loss_bbox_aux_1: 0.0047 (0.0049)  loss_giou_aux_1: 0.2466 (0.2489)  loss_fgl_aux_1: 1.3481 (1.3482)  loss_ddf_aux_1: 0.0005 (0.0005)  loss_mal_pre: 0.5841 (0.5863)  loss_bbox_pre: 0.0054 (0.0055)  loss_giou_pre: 0.2829 (0.2661)  loss_mal_enc_0: 0.6467 (0.6661)  loss_bbox_enc_0: 0.0066 (0.0069)  loss_giou_enc_0: 0.3150 (0.3131)  loss_mal_dn_0: 0.6295 (0.6220)  loss_bbox_dn_0: 0.0065 (0.0067)  loss_giou_dn_0: 0.3165 (0.3069)  loss_fgl_dn_0: 1.3483 (1.3455)  loss_ddf_dn_0: 0.0491 (0.0472)  loss_mal_dn_1: 0.5088 (0.5159)  loss_bbox_dn_1: 0.0042 (0.0043)  loss_giou_dn_1: 0.2193 (0.2255)  loss_fgl_dn_1: 1.3413 (1.3406)  loss_ddf_dn_1: 0.0014 (0.0013)  loss_mal_dn_2: 0.5072 (0.5144)  loss_bbox_dn_2: 0.0042 (0.0043)  loss_giou_dn_2: 0.2184 (0.2245)  loss_fgl_dn_2: 1.3420 (1.3409)  loss_ddf_dn_2: -0.0000 (0.0000)  loss_mal_dn_pre: 0.6346 (0.6254)  loss_bbox_dn_pre: 0.0063 (0.0066)  loss_giou_dn_pre: 0.3147 (0.3049)  time: 0.6365  data: 0.0152  max mem: 5224
Epoch: [21/30]  [40/44]  eta: 0:00:02  lr: 0.000100  loss: 15.8470 (15.7999)  loss_mal: 0.5340 (0.5361)  loss_bbox: 0.0048 (0.0050)  loss_giou: 0.2596 (0.2507)  loss_fgl: 1.3521 (1.3501)  loss_mal_aux_0: 0.5745 (0.5863)  loss_bbox_aux_0: 0.0051 (0.0055)  loss_giou_aux_0: 0.2542 (0.2687)  loss_fgl_aux_0: 1.3531 (1.3506)  loss_ddf_aux_0: 0.0092 (0.0098)  loss_mal_aux_1: 0.5311 (0.5401)  loss_bbox_aux_1: 0.0048 (0.0050)  loss_giou_aux_1: 0.2599 (0.2509)  loss_fgl_aux_1: 1.3516 (1.3501)  loss_ddf_aux_1: 0.0005 (0.0005)  loss_mal_pre: 0.5720 (0.5848)  loss_bbox_pre: 0.0051 (0.0055)  loss_giou_pre: 0.2516 (0.2673)  loss_mal_enc_0: 0.6467 (0.6604)  loss_bbox_enc_0: 0.0066 (0.0068)  loss_giou_enc_0: 0.3064 (0.3097)  loss_mal_dn_0: 0.6209 (0.6235)  loss_bbox_dn_0: 0.0064 (0.0067)  loss_giou_dn_0: 0.3129 (0.3079)  loss_fgl_dn_0: 1.3507 (1.3479)  loss_ddf_dn_0: 0.0462 (0.0470)  loss_mal_dn_1: 0.5082 (0.5183)  loss_bbox_dn_1: 0.0043 (0.0043)  loss_giou_dn_1: 0.2189 (0.2266)  loss_fgl_dn_1: 1.3514 (1.3438)  loss_ddf_dn_1: 0.0012 (0.0013)  loss_mal_dn_2: 0.5072 (0.5160)  loss_bbox_dn_2: 0.0042 (0.0043)  loss_giou_dn_2: 0.2179 (0.2251)  loss_fgl_dn_2: 1.3507 (1.3440)  loss_ddf_dn_2: -0.0000 (0.0000)  loss_mal_dn_pre: 0.6256 (0.6271)  loss_bbox_dn_pre: 0.0063 (0.0066)  loss_giou_dn_pre: 0.3110 (0.3059)  time: 0.6746  data: 0.0156  max mem: 5224
Epoch: [21/30]  [43/44]  eta: 0:00:00  lr: 0.000100  loss: 15.4774 (15.7961)  loss_mal: 0.5192 (0.5356)  loss_bbox: 0.0047 (0.0049)  loss_giou: 0.2331 (0.2501)  loss_fgl: 1.3521 (1.3503)  loss_mal_aux_0: 0.5645 (0.5867)  loss_bbox_aux_0: 0.0050 (0.0055)  loss_giou_aux_0: 0.2490 (0.2687)  loss_fgl_aux_0: 1.3513 (1.3504)  loss_ddf_aux_0: 0.0092 (0.0098)  loss_mal_aux_1: 0.5247 (0.5396)  loss_bbox_aux_1: 0.0047 (0.0049)  loss_giou_aux_1: 0.2334 (0.2504)  loss_fgl_aux_1: 1.3516 (1.3503)  loss_ddf_aux_1: 0.0005 (0.0005)  loss_mal_pre: 0.5626 (0.5851)  loss_bbox_pre: 0.0050 (0.0055)  loss_giou_pre: 0.2485 (0.2672)  loss_mal_enc_0: 0.6455 (0.6621)  loss_bbox_enc_0: 0.0063 (0.0068)  loss_giou_enc_0: 0.2960 (0.3099)  loss_mal_dn_0: 0.6167 (0.6228)  loss_bbox_dn_0: 0.0061 (0.0066)  loss_giou_dn_0: 0.2955 (0.3068)  loss_fgl_dn_0: 1.3495 (1.3478)  loss_ddf_dn_0: 0.0467 (0.0467)  loss_mal_dn_1: 0.5018 (0.5179)  loss_bbox_dn_1: 0.0041 (0.0043)  loss_giou_dn_1: 0.2143 (0.2265)  loss_fgl_dn_1: 1.3514 (1.3442)  loss_ddf_dn_1: 0.0012 (0.0012)  loss_mal_dn_2: 0.5015 (0.5155)  loss_bbox_dn_2: 0.0041 (0.0043)  loss_giou_dn_2: 0.2148 (0.2250)  loss_fgl_dn_2: 1.3507 (1.3444)  loss_ddf_dn_2: -0.0000 (0.0000)  loss_mal_dn_pre: 0.6237 (0.6265)  loss_bbox_dn_pre: 0.0059 (0.0065)  loss_giou_dn_pre: 0.2945 (0.3048)  time: 0.6557  data: 0.0157  max mem: 5224
Epoch: [21/30] Total time: 0:00:27 (0.6351 s / it)
Averaged stats: lr: 0.000100  loss: 15.4774 (15.7961)  loss_mal: 0.5192 (0.5356)  loss_bbox: 0.0047 (0.0049)  loss_giou: 0.2331 (0.2501)  loss_fgl: 1.3521 (1.3503)  loss_mal_aux_0: 0.5645 (0.5867)  loss_bbox_aux_0: 0.0050 (0.0055)  loss_giou_aux_0: 0.2490 (0.2687)  loss_fgl_aux_0: 1.3513 (1.3504)  loss_ddf_aux_0: 0.0092 (0.0098)  loss_mal_aux_1: 0.5247 (0.5396)  loss_bbox_aux_1: 0.0047 (0.0049)  loss_giou_aux_1: 0.2334 (0.2504)  loss_fgl_aux_1: 1.3516 (1.3503)  loss_ddf_aux_1: 0.0005 (0.0005)  loss_mal_pre: 0.5626 (0.5851)  loss_bbox_pre: 0.0050 (0.0055)  loss_giou_pre: 0.2485 (0.2672)  loss_mal_enc_0: 0.6455 (0.6621)  loss_bbox_enc_0: 0.0063 (0.0068)  loss_giou_enc_0: 0.2960 (0.3099)  loss_mal_dn_0: 0.6167 (0.6228)  loss_bbox_dn_0: 0.0061 (0.0066)  loss_giou_dn_0: 0.2955 (0.3068)  loss_fgl_dn_0: 1.3495 (1.3478)  loss_ddf_dn_0: 0.0467 (0.0467)  loss_mal_dn_1: 0.5018 (0.5179)  loss_bbox_dn_1: 0.0041 (0.0043)  loss_giou_dn_1: 0.2143 (0.2265)  loss_fgl_dn_1: 1.3514 (1.3442)  loss_ddf_dn_1: 0.0012 (0.0012)  loss_mal_dn_2: 0.5015 (0.5155)  loss_bbox_dn_2: 0.0041 (0.0043)  loss_giou_dn_2: 0.2148 (0.2250)  loss_fgl_dn_2: 1.3507 (1.3444)  loss_ddf_dn_2: -0.0000 (0.0000)  loss_mal_dn_pre: 0.6237 (0.6265)  loss_bbox_dn_pre: 0.0059 (0.0065)  loss_giou_dn_pre: 0.2945 (0.3048)
Test:  [0/9]  eta: 0:00:03    time: 0.4074  data: 0.2893  max mem: 5224
Test:  [8/9]  eta: 0:00:00    time: 0.1472  data: 0.0461  max mem: 5224
Test: Total time: 0:00:01 (0.1507 s / it)
Metrics: {'f1': 0.9619377162629758, 'precision': 0.9586206896551724, 'recall': 0.9652777777777778, 'iou': 0.651739605665207, 'TPs': 139, 'FPs': 6, 'FNs': 5}
Averaged stats: 
Accumulating evaluation results...
COCOeval_opt.accumulate() finished...
DONE (t=0.01s).
IoU metric: bbox
 Average Precision  (AP) @[ IoU=0.50:0.95 | area=   all | maxDets=100 ] = 0.350
 Average Precision  (AP) @[ IoU=0.50      | area=   all | maxDets=100 ] = 0.948
 Average Precision  (AP) @[ IoU=0.75      | area=   all | maxDets=100 ] = 0.136
 Average Precision  (AP) @[ IoU=0.50:0.95 | area= small | maxDets=100 ] = 0.350
 Average Precision  (AP) @[ IoU=0.50:0.95 | area=medium | maxDets=100 ] = -1.000
 Average Precision  (AP) @[ IoU=0.50:0.95 | area= large | maxDets=100 ] = -1.000
 Average Recall     (AR) @[ IoU=0.50:0.95 | area=   all | maxDets=  1 ] = 0.197
 Average Recall     (AR) @[ IoU=0.50:0.95 | area=   all | maxDets= 10 ] = 0.459
 Average Recall     (AR) @[ IoU=0.50:0.95 | area=   all | maxDets=100 ] = 0.579
 Average Recall     (AR) @[ IoU=0.50:0.95 | area= small | maxDets=100 ] = 0.579
 Average Recall     (AR) @[ IoU=0.50:0.95 | area=medium | maxDets=100 ] = -1.000
 Average Recall     (AR) @[ IoU=0.50:0.95 | area= large | maxDets=100 ] = -1.000
 Average Recall     (AR) @[ IoU=0.50      | area=   all | maxDets=100 ] = 0.986
 Average Recall     (AR) @[ IoU=0.75      | area=   all | maxDets=100 ] = 0.597
best_stat: {'epoch': 3, 'coco_eval_bbox': 0.3716614965139037}
Epoch: [22/30]  [ 0/44]  eta: 0:00:38  lr: 0.000100  loss: 15.4290 (15.4290)  loss_mal: 0.5241 (0.5241)  loss_bbox: 0.0054 (0.0054)  loss_giou: 0.2389 (0.2389)  loss_fgl: 1.3445 (1.3445)  loss_mal_aux_0: 0.5592 (0.5592)  loss_bbox_aux_0: 0.0060 (0.0060)  loss_giou_aux_0: 0.2560 (0.2560)  loss_fgl_aux_0: 1.3471 (1.3471)  loss_ddf_aux_0: 0.0083 (0.0083)  loss_mal_aux_1: 0.5239 (0.5239)  loss_bbox_aux_1: 0.0055 (0.0055)  loss_giou_aux_1: 0.2410 (0.2410)  loss_fgl_aux_1: 1.3434 (1.3434)  loss_ddf_aux_1: 0.0004 (0.0004)  loss_mal_pre: 0.5608 (0.5608)  loss_bbox_pre: 0.0060 (0.0060)  loss_giou_pre: 0.2575 (0.2575)  loss_mal_enc_0: 0.6056 (0.6056)  loss_bbox_enc_0: 0.0066 (0.0066)  loss_giou_enc_0: 0.2662 (0.2662)  loss_mal_dn_0: 0.6076 (0.6076)  loss_bbox_dn_0: 0.0066 (0.0066)  loss_giou_dn_0: 0.2851 (0.2851)  loss_fgl_dn_0: 1.3398 (1.3398)  loss_ddf_dn_0: 0.0387 (0.0387)  loss_mal_dn_1: 0.5094 (0.5094)  loss_bbox_dn_1: 0.0046 (0.0046)  loss_giou_dn_1: 0.2185 (0.2185)  loss_fgl_dn_1: 1.3373 (1.3373)  loss_ddf_dn_1: 0.0010 (0.0010)  loss_mal_dn_2: 0.5094 (0.5094)  loss_bbox_dn_2: 0.0046 (0.0046)  loss_giou_dn_2: 0.2174 (0.2174)  loss_fgl_dn_2: 1.3381 (1.3381)  loss_ddf_dn_2: -0.0000 (0.0000)  loss_mal_dn_pre: 0.6129 (0.6129)  loss_bbox_dn_pre: 0.0066 (0.0066)  loss_giou_dn_pre: 0.2849 (0.2849)  time: 0.8751  data: 0.2606  max mem: 5224
Epoch: [22/30]  [10/44]  eta: 0:00:21  lr: 0.000100  loss: 15.6116 (15.6682)  loss_mal: 0.5325 (0.5270)  loss_bbox: 0.0045 (0.0047)  loss_giou: 0.2405 (0.2410)  loss_fgl: 1.3445 (1.3537)  loss_mal_aux_0: 0.5799 (0.5776)  loss_bbox_aux_0: 0.0052 (0.0052)  loss_giou_aux_0: 0.2560 (0.2578)  loss_fgl_aux_0: 1.3471 (1.3549)  loss_ddf_aux_0: 0.0093 (0.0096)  loss_mal_aux_1: 0.5388 (0.5348)  loss_bbox_aux_1: 0.0045 (0.0047)  loss_giou_aux_1: 0.2436 (0.2423)  loss_fgl_aux_1: 1.3434 (1.3530)  loss_ddf_aux_1: 0.0005 (0.0005)  loss_mal_pre: 0.5813 (0.5772)  loss_bbox_pre: 0.0051 (0.0051)  loss_giou_pre: 0.2526 (0.2568)  loss_mal_enc_0: 0.6557 (0.6551)  loss_bbox_enc_0: 0.0062 (0.0067)  loss_giou_enc_0: 0.2937 (0.3008)  loss_mal_dn_0: 0.6087 (0.6131)  loss_bbox_dn_0: 0.0061 (0.0062)  loss_giou_dn_0: 0.2978 (0.2975)  loss_fgl_dn_0: 1.3398 (1.3490)  loss_ddf_dn_0: 0.0456 (0.0443)  loss_mal_dn_1: 0.5094 (0.5123)  loss_bbox_dn_1: 0.0040 (0.0042)  loss_giou_dn_1: 0.2228 (0.2239)  loss_fgl_dn_1: 1.3373 (1.3473)  loss_ddf_dn_1: 0.0011 (0.0013)  loss_mal_dn_2: 0.5084 (0.5093)  loss_bbox_dn_2: 0.0039 (0.0041)  loss_giou_dn_2: 0.2214 (0.2220)  loss_fgl_dn_2: 1.3386 (1.3478)  loss_ddf_dn_2: -0.0000 (0.0000)  loss_mal_dn_pre: 0.6129 (0.6163)  loss_bbox_dn_pre: 0.0061 (0.0062)  loss_giou_dn_pre: 0.2946 (0.2950)  time: 0.6254  data: 0.0361  max mem: 5224
Epoch: [22/30]  [20/44]  eta: 0:00:15  lr: 0.000100  loss: 15.5416 (15.6209)  loss_mal: 0.5325 (0.5244)  loss_bbox: 0.0043 (0.0046)  loss_giou: 0.2367 (0.2395)  loss_fgl: 1.3429 (1.3477)  loss_mal_aux_0: 0.5790 (0.5779)  loss_bbox_aux_0: 0.0048 (0.0051)  loss_giou_aux_0: 0.2485 (0.2580)  loss_fgl_aux_0: 1.3400 (1.3476)  loss_ddf_aux_0: 0.0096 (0.0098)  loss_mal_aux_1: 0.5388 (0.5311)  loss_bbox_aux_1: 0.0043 (0.0046)  loss_giou_aux_1: 0.2374 (0.2397)  loss_fgl_aux_1: 1.3395 (1.3475)  loss_ddf_aux_1: 0.0005 (0.0005)  loss_mal_pre: 0.5788 (0.5780)  loss_bbox_pre: 0.0047 (0.0051)  loss_giou_pre: 0.2500 (0.2578)  loss_mal_enc_0: 0.6557 (0.6599)  loss_bbox_enc_0: 0.0062 (0.0066)  loss_giou_enc_0: 0.2937 (0.3008)  loss_mal_dn_0: 0.6064 (0.6117)  loss_bbox_dn_0: 0.0061 (0.0062)  loss_giou_dn_0: 0.2930 (0.2957)  loss_fgl_dn_0: 1.3401 (1.3462)  loss_ddf_dn_0: 0.0462 (0.0456)  loss_mal_dn_1: 0.5032 (0.5097)  loss_bbox_dn_1: 0.0039 (0.0041)  loss_giou_dn_1: 0.2148 (0.2204)  loss_fgl_dn_1: 1.3368 (1.3441)  loss_ddf_dn_1: 0.0011 (0.0012)  loss_mal_dn_2: 0.4988 (0.5066)  loss_bbox_dn_2: 0.0039 (0.0041)  loss_giou_dn_2: 0.2136 (0.2193)  loss_fgl_dn_2: 1.3386 (1.3442)  loss_ddf_dn_2: -0.0000 (0.0000)  loss_mal_dn_pre: 0.6095 (0.6157)  loss_bbox_dn_pre: 0.0060 (0.0062)  loss_giou_dn_pre: 0.2911 (0.2940)  time: 0.6275  data: 0.0155  max mem: 5224
Epoch: [22/30]  [30/44]  eta: 0:00:09  lr: 0.000100  loss: 15.6649 (15.8277)  loss_mal: 0.5402 (0.5388)  loss_bbox: 0.0048 (0.0050)  loss_giou: 0.2392 (0.2519)  loss_fgl: 1.3510 (1.3521)  loss_mal_aux_0: 0.5770 (0.5870)  loss_bbox_aux_0: 0.0050 (0.0055)  loss_giou_aux_0: 0.2537 (0.2730)  loss_fgl_aux_0: 1.3439 (1.3519)  loss_ddf_aux_0: 0.0094 (0.0097)  loss_mal_aux_1: 0.5501 (0.5439)  loss_bbox_aux_1: 0.0049 (0.0050)  loss_giou_aux_1: 0.2405 (0.2525)  loss_fgl_aux_1: 1.3516 (1.3519)  loss_ddf_aux_1: 0.0005 (0.0005)  loss_mal_pre: 0.5724 (0.5860)  loss_bbox_pre: 0.0050 (0.0055)  loss_giou_pre: 0.2546 (0.2719)  loss_mal_enc_0: 0.6551 (0.6608)  loss_bbox_enc_0: 0.0065 (0.0069)  loss_giou_enc_0: 0.3056 (0.3100)  loss_mal_dn_0: 0.6086 (0.6202)  loss_bbox_dn_0: 0.0061 (0.0065)  loss_giou_dn_0: 0.2930 (0.3048)  loss_fgl_dn_0: 1.3465 (1.3517)  loss_ddf_dn_0: 0.0443 (0.0452)  loss_mal_dn_1: 0.5084 (0.5182)  loss_bbox_dn_1: 0.0042 (0.0043)  loss_giou_dn_1: 0.2182 (0.2277)  loss_fgl_dn_1: 1.3478 (1.3493)  loss_ddf_dn_1: 0.0011 (0.0012)  loss_mal_dn_2: 0.5037 (0.5156)  loss_bbox_dn_2: 0.0042 (0.0043)  loss_giou_dn_2: 0.2154 (0.2268)  loss_fgl_dn_2: 1.3477 (1.3495)  loss_ddf_dn_2: -0.0000 (0.0000)  loss_mal_dn_pre: 0.6130 (0.6235)  loss_bbox_dn_pre: 0.0061 (0.0064)  loss_giou_dn_pre: 0.2925 (0.3027)  time: 0.6578  data: 0.0168  max mem: 5224
Epoch: [22/30]  [40/44]  eta: 0:00:02  lr: 0.000100  loss: 15.7628 (15.7990)  loss_mal: 0.5592 (0.5412)  loss_bbox: 0.0050 (0.0050)  loss_giou: 0.2651 (0.2547)  loss_fgl: 1.3479 (1.3495)  loss_mal_aux_0: 0.5770 (0.5839)  loss_bbox_aux_0: 0.0049 (0.0054)  loss_giou_aux_0: 0.2633 (0.2691)  loss_fgl_aux_0: 1.3486 (1.3499)  loss_ddf_aux_0: 0.0090 (0.0094)  loss_mal_aux_1: 0.5676 (0.5467)  loss_bbox_aux_1: 0.0050 (0.0050)  loss_giou_aux_1: 0.2664 (0.2550)  loss_fgl_aux_1: 1.3474 (1.3494)  loss_ddf_aux_1: 0.0004 (0.0005)  loss_mal_pre: 0.5711 (0.5828)  loss_bbox_pre: 0.0050 (0.0054)  loss_giou_pre: 0.2624 (0.2678)  loss_mal_enc_0: 0.6461 (0.6564)  loss_bbox_enc_0: 0.0058 (0.0066)  loss_giou_enc_0: 0.3056 (0.3052)  loss_mal_dn_0: 0.6130 (0.6185)  loss_bbox_dn_0: 0.0062 (0.0064)  loss_giou_dn_0: 0.2976 (0.3044)  loss_fgl_dn_0: 1.3465 (1.3487)  loss_ddf_dn_0: 0.0443 (0.0446)  loss_mal_dn_1: 0.5296 (0.5201)  loss_bbox_dn_1: 0.0043 (0.0043)  loss_giou_dn_1: 0.2346 (0.2292)  loss_fgl_dn_1: 1.3468 (1.3460)  loss_ddf_dn_1: 0.0011 (0.0012)  loss_mal_dn_2: 0.5256 (0.5176)  loss_bbox_dn_2: 0.0043 (0.0043)  loss_giou_dn_2: 0.2334 (0.2283)  loss_fgl_dn_2: 1.3454 (1.3462)  loss_ddf_dn_2: -0.0000 (0.0000)  loss_mal_dn_pre: 0.6178 (0.6218)  loss_bbox_dn_pre: 0.0061 (0.0063)  loss_giou_dn_pre: 0.2965 (0.3023)  time: 0.6342  data: 0.0157  max mem: 5224
Epoch: [22/30]  [43/44]  eta: 0:00:00  lr: 0.000100  loss: 15.7628 (15.7853)  loss_mal: 0.5529 (0.5400)  loss_bbox: 0.0050 (0.0050)  loss_giou: 0.2612 (0.2534)  loss_fgl: 1.3438 (1.3488)  loss_mal_aux_0: 0.5773 (0.5854)  loss_bbox_aux_0: 0.0049 (0.0054)  loss_giou_aux_0: 0.2667 (0.2684)  loss_fgl_aux_0: 1.3486 (1.3496)  loss_ddf_aux_0: 0.0090 (0.0095)  loss_mal_aux_1: 0.5551 (0.5458)  loss_bbox_aux_1: 0.0050 (0.0050)  loss_giou_aux_1: 0.2652 (0.2537)  loss_fgl_aux_1: 1.3451 (1.3488)  loss_ddf_aux_1: 0.0004 (0.0005)  loss_mal_pre: 0.5724 (0.5842)  loss_bbox_pre: 0.0050 (0.0054)  loss_giou_pre: 0.2638 (0.2670)  loss_mal_enc_0: 0.6461 (0.6567)  loss_bbox_enc_0: 0.0058 (0.0066)  loss_giou_enc_0: 0.3056 (0.3040)  loss_mal_dn_0: 0.6130 (0.6176)  loss_bbox_dn_0: 0.0062 (0.0064)  loss_giou_dn_0: 0.2972 (0.3031)  loss_fgl_dn_0: 1.3464 (1.3487)  loss_ddf_dn_0: 0.0444 (0.0452)  loss_mal_dn_1: 0.5296 (0.5193)  loss_bbox_dn_1: 0.0044 (0.0043)  loss_giou_dn_1: 0.2274 (0.2280)  loss_fgl_dn_1: 1.3433 (1.3457)  loss_ddf_dn_1: 0.0012 (0.0012)  loss_mal_dn_2: 0.5256 (0.5169)  loss_bbox_dn_2: 0.0043 (0.0043)  loss_giou_dn_2: 0.2330 (0.2271)  loss_fgl_dn_2: 1.3429 (1.3458)  loss_ddf_dn_2: -0.0000 (0.0000)  loss_mal_dn_pre: 0.6178 (0.6211)  loss_bbox_dn_pre: 0.0062 (0.0063)  loss_giou_dn_pre: 0.2965 (0.3012)  time: 0.6307  data: 0.0158  max mem: 5224
Epoch: [22/30] Total time: 0:00:28 (0.6384 s / it)
Averaged stats: lr: 0.000100  loss: 15.7628 (15.7853)  loss_mal: 0.5529 (0.5400)  loss_bbox: 0.0050 (0.0050)  loss_giou: 0.2612 (0.2534)  loss_fgl: 1.3438 (1.3488)  loss_mal_aux_0: 0.5773 (0.5854)  loss_bbox_aux_0: 0.0049 (0.0054)  loss_giou_aux_0: 0.2667 (0.2684)  loss_fgl_aux_0: 1.3486 (1.3496)  loss_ddf_aux_0: 0.0090 (0.0095)  loss_mal_aux_1: 0.5551 (0.5458)  loss_bbox_aux_1: 0.0050 (0.0050)  loss_giou_aux_1: 0.2652 (0.2537)  loss_fgl_aux_1: 1.3451 (1.3488)  loss_ddf_aux_1: 0.0004 (0.0005)  loss_mal_pre: 0.5724 (0.5842)  loss_bbox_pre: 0.0050 (0.0054)  loss_giou_pre: 0.2638 (0.2670)  loss_mal_enc_0: 0.6461 (0.6567)  loss_bbox_enc_0: 0.0058 (0.0066)  loss_giou_enc_0: 0.3056 (0.3040)  loss_mal_dn_0: 0.6130 (0.6176)  loss_bbox_dn_0: 0.0062 (0.0064)  loss_giou_dn_0: 0.2972 (0.3031)  loss_fgl_dn_0: 1.3464 (1.3487)  loss_ddf_dn_0: 0.0444 (0.0452)  loss_mal_dn_1: 0.5296 (0.5193)  loss_bbox_dn_1: 0.0044 (0.0043)  loss_giou_dn_1: 0.2274 (0.2280)  loss_fgl_dn_1: 1.3433 (1.3457)  loss_ddf_dn_1: 0.0012 (0.0012)  loss_mal_dn_2: 0.5256 (0.5169)  loss_bbox_dn_2: 0.0043 (0.0043)  loss_giou_dn_2: 0.2330 (0.2271)  loss_fgl_dn_2: 1.3429 (1.3458)  loss_ddf_dn_2: -0.0000 (0.0000)  loss_mal_dn_pre: 0.6178 (0.6211)  loss_bbox_dn_pre: 0.0062 (0.0063)  loss_giou_dn_pre: 0.2965 (0.3012)
Test:  [0/9]  eta: 0:00:03    time: 0.3430  data: 0.2371  max mem: 5224
Test:  [8/9]  eta: 0:00:00    time: 0.1490  data: 0.0399  max mem: 5224
Test: Total time: 0:00:01 (0.1525 s / it)
Metrics: {'f1': 0.9619377162629758, 'precision': 0.9586206896551724, 'recall': 0.9652777777777778, 'iou': 0.6517394320170085, 'TPs': 139, 'FPs': 6, 'FNs': 5}
Averaged stats: 
Accumulating evaluation results...
COCOeval_opt.accumulate() finished...
DONE (t=0.01s).
IoU metric: bbox
 Average Precision  (AP) @[ IoU=0.50:0.95 | area=   all | maxDets=100 ] = 0.352
 Average Precision  (AP) @[ IoU=0.50      | area=   all | maxDets=100 ] = 0.948
 Average Precision  (AP) @[ IoU=0.75      | area=   all | maxDets=100 ] = 0.136
 Average Precision  (AP) @[ IoU=0.50:0.95 | area= small | maxDets=100 ] = 0.352
 Average Precision  (AP) @[ IoU=0.50:0.95 | area=medium | maxDets=100 ] = -1.000
 Average Precision  (AP) @[ IoU=0.50:0.95 | area= large | maxDets=100 ] = -1.000
 Average Recall     (AR) @[ IoU=0.50:0.95 | area=   all | maxDets=  1 ] = 0.198
 Average Recall     (AR) @[ IoU=0.50:0.95 | area=   all | maxDets= 10 ] = 0.459
 Average Recall     (AR) @[ IoU=0.50:0.95 | area=   all | maxDets=100 ] = 0.578
 Average Recall     (AR) @[ IoU=0.50:0.95 | area= small | maxDets=100 ] = 0.578
 Average Recall     (AR) @[ IoU=0.50:0.95 | area=medium | maxDets=100 ] = -1.000
 Average Recall     (AR) @[ IoU=0.50:0.95 | area= large | maxDets=100 ] = -1.000
 Average Recall     (AR) @[ IoU=0.50      | area=   all | maxDets=100 ] = 0.986
 Average Recall     (AR) @[ IoU=0.75      | area=   all | maxDets=100 ] = 0.590
best_stat: {'epoch': 3, 'coco_eval_bbox': 0.3716614965139037}
Epoch: [23/30]  [ 0/44]  eta: 0:00:32  lr: 0.000100  loss: 15.8254 (15.8254)  loss_mal: 0.5739 (0.5739)  loss_bbox: 0.0051 (0.0051)  loss_giou: 0.2613 (0.2613)  loss_fgl: 1.3160 (1.3160)  loss_mal_aux_0: 0.6297 (0.6297)  loss_bbox_aux_0: 0.0056 (0.0056)  loss_giou_aux_0: 0.2775 (0.2775)  loss_fgl_aux_0: 1.3209 (1.3209)  loss_ddf_aux_0: 0.0098 (0.0098)  loss_mal_aux_1: 0.5914 (0.5914)  loss_bbox_aux_1: 0.0052 (0.0052)  loss_giou_aux_1: 0.2645 (0.2645)  loss_fgl_aux_1: 1.3145 (1.3145)  loss_ddf_aux_1: 0.0004 (0.0004)  loss_mal_pre: 0.6246 (0.6246)  loss_bbox_pre: 0.0055 (0.0055)  loss_giou_pre: 0.2751 (0.2751)  loss_mal_enc_0: 0.6891 (0.6891)  loss_bbox_enc_0: 0.0064 (0.0064)  loss_giou_enc_0: 0.3107 (0.3107)  loss_mal_dn_0: 0.6044 (0.6044)  loss_bbox_dn_0: 0.0062 (0.0062)  loss_giou_dn_0: 0.2863 (0.2863)  loss_fgl_dn_0: 1.3335 (1.3335)  loss_ddf_dn_0: 0.0465 (0.0465)  loss_mal_dn_1: 0.5273 (0.5273)  loss_bbox_dn_1: 0.0043 (0.0043)  loss_giou_dn_1: 0.2279 (0.2279)  loss_fgl_dn_1: 1.3237 (1.3237)  loss_ddf_dn_1: 0.0016 (0.0016)  loss_mal_dn_2: 0.5209 (0.5209)  loss_bbox_dn_2: 0.0043 (0.0043)  loss_giou_dn_2: 0.2262 (0.2262)  loss_fgl_dn_2: 1.3231 (1.3231)  loss_ddf_dn_2: -0.0000 (0.0000)  loss_mal_dn_pre: 0.6099 (0.6099)  loss_bbox_dn_pre: 0.0063 (0.0063)  loss_giou_dn_pre: 0.2862 (0.2862)  time: 0.7475  data: 0.2554  max mem: 5224
Epoch: [23/30]  [10/44]  eta: 0:00:21  lr: 0.000100  loss: 14.7392 (14.8270)  loss_mal: 0.4890 (0.4850)  loss_bbox: 0.0033 (0.0036)  loss_giou: 0.1852 (0.1957)  loss_fgl: 1.3386 (1.3451)  loss_mal_aux_0: 0.5056 (0.5219)  loss_bbox_aux_0: 0.0037 (0.0040)  loss_giou_aux_0: 0.2047 (0.2132)  loss_fgl_aux_0: 1.3333 (1.3445)  loss_ddf_aux_0: 0.0081 (0.0085)  loss_mal_aux_1: 0.4781 (0.4868)  loss_bbox_aux_1: 0.0033 (0.0036)  loss_giou_aux_1: 0.1837 (0.1955)  loss_fgl_aux_1: 1.3386 (1.3448)  loss_ddf_aux_1: 0.0005 (0.0005)  loss_mal_pre: 0.5042 (0.5212)  loss_bbox_pre: 0.0037 (0.0040)  loss_giou_pre: 0.2014 (0.2118)  loss_mal_enc_0: 0.5985 (0.6158)  loss_bbox_enc_0: 0.0052 (0.0053)  loss_giou_enc_0: 0.2481 (0.2572)  loss_mal_dn_0: 0.5698 (0.5759)  loss_bbox_dn_0: 0.0049 (0.0051)  loss_giou_dn_0: 0.2474 (0.2524)  loss_fgl_dn_0: 1.3348 (1.3417)  loss_ddf_dn_0: 0.0404 (0.0449)  loss_mal_dn_1: 0.4680 (0.4727)  loss_bbox_dn_1: 0.0033 (0.0034)  loss_giou_dn_1: 0.1798 (0.1872)  loss_fgl_dn_1: 1.3273 (1.3385)  loss_ddf_dn_1: 0.0012 (0.0013)  loss_mal_dn_2: 0.4647 (0.4697)  loss_bbox_dn_2: 0.0032 (0.0034)  loss_giou_dn_2: 0.1786 (0.1869)  loss_fgl_dn_2: 1.3277 (1.3384)  loss_ddf_dn_2: -0.0000 (0.0000)  loss_mal_dn_pre: 0.5755 (0.5810)  loss_bbox_dn_pre: 0.0048 (0.0051)  loss_giou_dn_pre: 0.2470 (0.2513)  time: 0.6390  data: 0.0377  max mem: 5224
Epoch: [23/30]  [20/44]  eta: 0:00:15  lr: 0.000100  loss: 15.2536 (15.2823)  loss_mal: 0.4947 (0.5069)  loss_bbox: 0.0037 (0.0042)  loss_giou: 0.2065 (0.2191)  loss_fgl: 1.3530 (1.3526)  loss_mal_aux_0: 0.5542 (0.5484)  loss_bbox_aux_0: 0.0041 (0.0046)  loss_giou_aux_0: 0.2188 (0.2367)  loss_fgl_aux_0: 1.3533 (1.3524)  loss_ddf_aux_0: 0.0081 (0.0084)  loss_mal_aux_1: 0.5008 (0.5098)  loss_bbox_aux_1: 0.0037 (0.0042)  loss_giou_aux_1: 0.2100 (0.2195)  loss_fgl_aux_1: 1.3522 (1.3522)  loss_ddf_aux_1: 0.0005 (0.0005)  loss_mal_pre: 0.5500 (0.5472)  loss_bbox_pre: 0.0041 (0.0046)  loss_giou_pre: 0.2212 (0.2354)  loss_mal_enc_0: 0.6317 (0.6392)  loss_bbox_enc_0: 0.0055 (0.0060)  loss_giou_enc_0: 0.2633 (0.2833)  loss_mal_dn_0: 0.5852 (0.5969)  loss_bbox_dn_0: 0.0052 (0.0056)  loss_giou_dn_0: 0.2648 (0.2739)  loss_fgl_dn_0: 1.3508 (1.3507)  loss_ddf_dn_0: 0.0437 (0.0456)  loss_mal_dn_1: 0.4864 (0.4932)  loss_bbox_dn_1: 0.0034 (0.0037)  loss_giou_dn_1: 0.1980 (0.2044)  loss_fgl_dn_1: 1.3457 (1.3470)  loss_ddf_dn_1: 0.0012 (0.0012)  loss_mal_dn_2: 0.4809 (0.4909)  loss_bbox_dn_2: 0.0034 (0.0037)  loss_giou_dn_2: 0.1935 (0.2034)  loss_fgl_dn_2: 1.3459 (1.3470)  loss_ddf_dn_2: -0.0000 (0.0000)  loss_mal_dn_pre: 0.5877 (0.6019)  loss_bbox_dn_pre: 0.0052 (0.0056)  loss_giou_dn_pre: 0.2639 (0.2724)  time: 0.6480  data: 0.0159  max mem: 5224
Epoch: [23/30]  [30/44]  eta: 0:00:09  lr: 0.000100  loss: 15.6016 (15.3875)  loss_mal: 0.5000 (0.5101)  loss_bbox: 0.0041 (0.0043)  loss_giou: 0.2207 (0.2239)  loss_fgl: 1.3577 (1.3546)  loss_mal_aux_0: 0.5646 (0.5575)  loss_bbox_aux_0: 0.0047 (0.0047)  loss_giou_aux_0: 0.2496 (0.2423)  loss_fgl_aux_0: 1.3549 (1.3538)  loss_ddf_aux_0: 0.0095 (0.0090)  loss_mal_aux_1: 0.5097 (0.5129)  loss_bbox_aux_1: 0.0042 (0.0043)  loss_giou_aux_1: 0.2237 (0.2241)  loss_fgl_aux_1: 1.3568 (1.3544)  loss_ddf_aux_1: 0.0004 (0.0005)  loss_mal_pre: 0.5641 (0.5562)  loss_bbox_pre: 0.0046 (0.0046)  loss_giou_pre: 0.2462 (0.2408)  loss_mal_enc_0: 0.6492 (0.6398)  loss_bbox_enc_0: 0.0064 (0.0061)  loss_giou_enc_0: 0.2963 (0.2854)  loss_mal_dn_0: 0.6197 (0.6041)  loss_bbox_dn_0: 0.0063 (0.0058)  loss_giou_dn_0: 0.2968 (0.2839)  loss_fgl_dn_0: 1.3509 (1.3498)  loss_ddf_dn_0: 0.0470 (0.0462)  loss_mal_dn_1: 0.4972 (0.4975)  loss_bbox_dn_1: 0.0039 (0.0038)  loss_giou_dn_1: 0.2079 (0.2082)  loss_fgl_dn_1: 1.3459 (1.3479)  loss_ddf_dn_1: 0.0010 (0.0011)  loss_mal_dn_2: 0.4930 (0.4948)  loss_bbox_dn_2: 0.0038 (0.0038)  loss_giou_dn_2: 0.2049 (0.2071)  loss_fgl_dn_2: 1.3462 (1.3480)  loss_ddf_dn_2: -0.0000 (0.0000)  loss_mal_dn_pre: 0.6194 (0.6085)  loss_bbox_dn_pre: 0.0063 (0.0058)  loss_giou_dn_pre: 0.2966 (0.2822)  time: 0.6566  data: 0.0158  max mem: 5224
Epoch: [23/30]  [40/44]  eta: 0:00:02  lr: 0.000100  loss: 15.1669 (15.3174)  loss_mal: 0.4973 (0.5070)  loss_bbox: 0.0040 (0.0042)  loss_giou: 0.2132 (0.2208)  loss_fgl: 1.3480 (1.3520)  loss_mal_aux_0: 0.5536 (0.5561)  loss_bbox_aux_0: 0.0044 (0.0046)  loss_giou_aux_0: 0.2303 (0.2391)  loss_fgl_aux_0: 1.3455 (1.3510)  loss_ddf_aux_0: 0.0096 (0.0089)  loss_mal_aux_1: 0.5000 (0.5097)  loss_bbox_aux_1: 0.0040 (0.0042)  loss_giou_aux_1: 0.2139 (0.2213)  loss_fgl_aux_1: 1.3481 (1.3517)  loss_ddf_aux_1: 0.0004 (0.0004)  loss_mal_pre: 0.5584 (0.5553)  loss_bbox_pre: 0.0044 (0.0046)  loss_giou_pre: 0.2303 (0.2377)  loss_mal_enc_0: 0.6374 (0.6378)  loss_bbox_enc_0: 0.0055 (0.0060)  loss_giou_enc_0: 0.2748 (0.2824)  loss_mal_dn_0: 0.5916 (0.5997)  loss_bbox_dn_0: 0.0058 (0.0057)  loss_giou_dn_0: 0.2746 (0.2792)  loss_fgl_dn_0: 1.3427 (1.3483)  loss_ddf_dn_0: 0.0445 (0.0453)  loss_mal_dn_1: 0.4885 (0.4941)  loss_bbox_dn_1: 0.0038 (0.0038)  loss_giou_dn_1: 0.2032 (0.2059)  loss_fgl_dn_1: 1.3429 (1.3461)  loss_ddf_dn_1: 0.0010 (0.0011)  loss_mal_dn_2: 0.4851 (0.4913)  loss_bbox_dn_2: 0.0038 (0.0037)  loss_giou_dn_2: 0.2020 (0.2047)  loss_fgl_dn_2: 1.3447 (1.3462)  loss_ddf_dn_2: -0.0000 (0.0000)  loss_mal_dn_pre: 0.5971 (0.6041)  loss_bbox_dn_pre: 0.0057 (0.0057)  loss_giou_dn_pre: 0.2734 (0.2775)  time: 0.5539  data: 0.0157  max mem: 5224
Epoch: [23/30]  [43/44]  eta: 0:00:00  lr: 0.000100  loss: 15.1348 (15.2998)  loss_mal: 0.4946 (0.5055)  loss_bbox: 0.0040 (0.0042)  loss_giou: 0.2118 (0.2195)  loss_fgl: 1.3480 (1.3525)  loss_mal_aux_0: 0.5536 (0.5548)  loss_bbox_aux_0: 0.0043 (0.0045)  loss_giou_aux_0: 0.2268 (0.2375)  loss_fgl_aux_0: 1.3455 (1.3515)  loss_ddf_aux_0: 0.0090 (0.0088)  loss_mal_aux_1: 0.4979 (0.5082)  loss_bbox_aux_1: 0.0040 (0.0042)  loss_giou_aux_1: 0.2107 (0.2200)  loss_fgl_aux_1: 1.3481 (1.3523)  loss_ddf_aux_1: 0.0004 (0.0004)  loss_mal_pre: 0.5584 (0.5538)  loss_bbox_pre: 0.0043 (0.0045)  loss_giou_pre: 0.2259 (0.2361)  loss_mal_enc_0: 0.6364 (0.6368)  loss_bbox_enc_0: 0.0053 (0.0059)  loss_giou_enc_0: 0.2692 (0.2817)  loss_mal_dn_0: 0.5913 (0.5989)  loss_bbox_dn_0: 0.0056 (0.0057)  loss_giou_dn_0: 0.2704 (0.2780)  loss_fgl_dn_0: 1.3427 (1.3489)  loss_ddf_dn_0: 0.0432 (0.0451)  loss_mal_dn_1: 0.4881 (0.4930)  loss_bbox_dn_1: 0.0038 (0.0038)  loss_giou_dn_1: 0.2022 (0.2052)  loss_fgl_dn_1: 1.3429 (1.3469)  loss_ddf_dn_1: 0.0010 (0.0011)  loss_mal_dn_2: 0.4809 (0.4903)  loss_bbox_dn_2: 0.0037 (0.0037)  loss_giou_dn_2: 0.1992 (0.2039)  loss_fgl_dn_2: 1.3447 (1.3470)  loss_ddf_dn_2: -0.0000 (0.0000)  loss_mal_dn_pre: 0.5968 (0.6034)  loss_bbox_dn_pre: 0.0055 (0.0056)  loss_giou_dn_pre: 0.2723 (0.2764)  time: 0.5097  data: 0.0157  max mem: 5224
Epoch: [23/30] Total time: 0:00:25 (0.5896 s / it)
Averaged stats: lr: 0.000100  loss: 15.1348 (15.2998)  loss_mal: 0.4946 (0.5055)  loss_bbox: 0.0040 (0.0042)  loss_giou: 0.2118 (0.2195)  loss_fgl: 1.3480 (1.3525)  loss_mal_aux_0: 0.5536 (0.5548)  loss_bbox_aux_0: 0.0043 (0.0045)  loss_giou_aux_0: 0.2268 (0.2375)  loss_fgl_aux_0: 1.3455 (1.3515)  loss_ddf_aux_0: 0.0090 (0.0088)  loss_mal_aux_1: 0.4979 (0.5082)  loss_bbox_aux_1: 0.0040 (0.0042)  loss_giou_aux_1: 0.2107 (0.2200)  loss_fgl_aux_1: 1.3481 (1.3523)  loss_ddf_aux_1: 0.0004 (0.0004)  loss_mal_pre: 0.5584 (0.5538)  loss_bbox_pre: 0.0043 (0.0045)  loss_giou_pre: 0.2259 (0.2361)  loss_mal_enc_0: 0.6364 (0.6368)  loss_bbox_enc_0: 0.0053 (0.0059)  loss_giou_enc_0: 0.2692 (0.2817)  loss_mal_dn_0: 0.5913 (0.5989)  loss_bbox_dn_0: 0.0056 (0.0057)  loss_giou_dn_0: 0.2704 (0.2780)  loss_fgl_dn_0: 1.3427 (1.3489)  loss_ddf_dn_0: 0.0432 (0.0451)  loss_mal_dn_1: 0.4881 (0.4930)  loss_bbox_dn_1: 0.0038 (0.0038)  loss_giou_dn_1: 0.2022 (0.2052)  loss_fgl_dn_1: 1.3429 (1.3469)  loss_ddf_dn_1: 0.0010 (0.0011)  loss_mal_dn_2: 0.4809 (0.4903)  loss_bbox_dn_2: 0.0037 (0.0037)  loss_giou_dn_2: 0.1992 (0.2039)  loss_fgl_dn_2: 1.3447 (1.3470)  loss_ddf_dn_2: -0.0000 (0.0000)  loss_mal_dn_pre: 0.5968 (0.6034)  loss_bbox_dn_pre: 0.0055 (0.0056)  loss_giou_dn_pre: 0.2723 (0.2764)
Test:  [0/9]  eta: 0:00:03    time: 0.3982  data: 0.2441  max mem: 5224
Test:  [8/9]  eta: 0:00:00    time: 0.1469  data: 0.0401  max mem: 5224
Test: Total time: 0:00:01 (0.1510 s / it)
Metrics: {'f1': 0.9619377162629758, 'precision': 0.9586206896551724, 'recall': 0.9652777777777778, 'iou': 0.6515331594149272, 'TPs': 139, 'FPs': 6, 'FNs': 5}
Averaged stats: 
Accumulating evaluation results...
COCOeval_opt.accumulate() finished...
DONE (t=0.01s).
IoU metric: bbox
 Average Precision  (AP) @[ IoU=0.50:0.95 | area=   all | maxDets=100 ] = 0.351
 Average Precision  (AP) @[ IoU=0.50      | area=   all | maxDets=100 ] = 0.948
 Average Precision  (AP) @[ IoU=0.75      | area=   all | maxDets=100 ] = 0.136
 Average Precision  (AP) @[ IoU=0.50:0.95 | area= small | maxDets=100 ] = 0.351
 Average Precision  (AP) @[ IoU=0.50:0.95 | area=medium | maxDets=100 ] = -1.000
 Average Precision  (AP) @[ IoU=0.50:0.95 | area= large | maxDets=100 ] = -1.000
 Average Recall     (AR) @[ IoU=0.50:0.95 | area=   all | maxDets=  1 ] = 0.198
 Average Recall     (AR) @[ IoU=0.50:0.95 | area=   all | maxDets= 10 ] = 0.459
 Average Recall     (AR) @[ IoU=0.50:0.95 | area=   all | maxDets=100 ] = 0.580
 Average Recall     (AR) @[ IoU=0.50:0.95 | area= small | maxDets=100 ] = 0.580
 Average Recall     (AR) @[ IoU=0.50:0.95 | area=medium | maxDets=100 ] = -1.000
 Average Recall     (AR) @[ IoU=0.50:0.95 | area= large | maxDets=100 ] = -1.000
 Average Recall     (AR) @[ IoU=0.50      | area=   all | maxDets=100 ] = 0.986
 Average Recall     (AR) @[ IoU=0.75      | area=   all | maxDets=100 ] = 0.590
best_stat: {'epoch': 3, 'coco_eval_bbox': 0.3716614965139037}
Epoch: [24/30]  [ 0/44]  eta: 0:00:34  lr: 0.000100  loss: 14.8747 (14.8747)  loss_mal: 0.4756 (0.4756)  loss_bbox: 0.0036 (0.0036)  loss_giou: 0.2078 (0.2078)  loss_fgl: 1.3638 (1.3638)  loss_mal_aux_0: 0.5121 (0.5121)  loss_bbox_aux_0: 0.0035 (0.0035)  loss_giou_aux_0: 0.2139 (0.2139)  loss_fgl_aux_0: 1.3608 (1.3608)  loss_ddf_aux_0: 0.0083 (0.0083)  loss_mal_aux_1: 0.4770 (0.4770)  loss_bbox_aux_1: 0.0036 (0.0036)  loss_giou_aux_1: 0.2097 (0.2097)  loss_fgl_aux_1: 1.3622 (1.3622)  loss_ddf_aux_1: 0.0003 (0.0003)  loss_mal_pre: 0.5100 (0.5100)  loss_bbox_pre: 0.0034 (0.0034)  loss_giou_pre: 0.2102 (0.2102)  loss_mal_enc_0: 0.6287 (0.6287)  loss_bbox_enc_0: 0.0040 (0.0040)  loss_giou_enc_0: 0.2240 (0.2240)  loss_mal_dn_0: 0.5582 (0.5582)  loss_bbox_dn_0: 0.0046 (0.0046)  loss_giou_dn_0: 0.2460 (0.2460)  loss_fgl_dn_0: 1.3671 (1.3671)  loss_ddf_dn_0: 0.0321 (0.0321)  loss_mal_dn_1: 0.4698 (0.4698)  loss_bbox_dn_1: 0.0033 (0.0033)  loss_giou_dn_1: 0.1925 (0.1925)  loss_fgl_dn_1: 1.3693 (1.3693)  loss_ddf_dn_1: 0.0007 (0.0007)  loss_mal_dn_2: 0.4704 (0.4704)  loss_bbox_dn_2: 0.0033 (0.0033)  loss_giou_dn_2: 0.1928 (0.1928)  loss_fgl_dn_2: 1.3689 (1.3689)  loss_ddf_dn_2: -0.0000 (0.0000)  loss_mal_dn_pre: 0.5642 (0.5642)  loss_bbox_dn_pre: 0.0046 (0.0046)  loss_giou_dn_pre: 0.2446 (0.2446)  time: 0.7847  data: 0.2494  max mem: 5224
Epoch: [24/30]  [10/44]  eta: 0:00:17  lr: 0.000100  loss: 15.1327 (15.1003)  loss_mal: 0.4960 (0.4934)  loss_bbox: 0.0037 (0.0039)  loss_giou: 0.2108 (0.2108)  loss_fgl: 1.3370 (1.3472)  loss_mal_aux_0: 0.5614 (0.5510)  loss_bbox_aux_0: 0.0046 (0.0044)  loss_giou_aux_0: 0.2344 (0.2297)  loss_fgl_aux_0: 1.3410 (1.3479)  loss_ddf_aux_0: 0.0083 (0.0092)  loss_mal_aux_1: 0.4993 (0.4982)  loss_bbox_aux_1: 0.0036 (0.0039)  loss_giou_aux_1: 0.2101 (0.2118)  loss_fgl_aux_1: 1.3355 (1.3468)  loss_ddf_aux_1: 0.0004 (0.0004)  loss_mal_pre: 0.5592 (0.5493)  loss_bbox_pre: 0.0046 (0.0044)  loss_giou_pre: 0.2343 (0.2292)  loss_mal_enc_0: 0.6360 (0.6345)  loss_bbox_enc_0: 0.0055 (0.0058)  loss_giou_enc_0: 0.2872 (0.2775)  loss_mal_dn_0: 0.5803 (0.5838)  loss_bbox_dn_0: 0.0052 (0.0053)  loss_giou_dn_0: 0.2557 (0.2614)  loss_fgl_dn_0: 1.3404 (1.3469)  loss_ddf_dn_0: 0.0410 (0.0427)  loss_mal_dn_1: 0.4789 (0.4811)  loss_bbox_dn_1: 0.0033 (0.0036)  loss_giou_dn_1: 0.1941 (0.1961)  loss_fgl_dn_1: 1.3329 (1.3437)  loss_ddf_dn_1: 0.0013 (0.0012)  loss_mal_dn_2: 0.4789 (0.4787)  loss_bbox_dn_2: 0.0033 (0.0036)  loss_giou_dn_2: 0.1965 (0.1952)  loss_fgl_dn_2: 1.3335 (1.3438)  loss_ddf_dn_2: -0.0000 (0.0000)  loss_mal_dn_pre: 0.5852 (0.5888)  loss_bbox_dn_pre: 0.0052 (0.0052)  loss_giou_dn_pre: 0.2556 (0.2600)  time: 0.5236  data: 0.0350  max mem: 5224
Epoch: [24/30]  [20/44]  eta: 0:00:12  lr: 0.000100  loss: 15.1327 (15.1492)  loss_mal: 0.4929 (0.4965)  loss_bbox: 0.0037 (0.0040)  loss_giou: 0.2069 (0.2146)  loss_fgl: 1.3354 (1.3456)  loss_mal_aux_0: 0.5434 (0.5485)  loss_bbox_aux_0: 0.0043 (0.0045)  loss_giou_aux_0: 0.2344 (0.2309)  loss_fgl_aux_0: 1.3385 (1.3470)  loss_ddf_aux_0: 0.0083 (0.0089)  loss_mal_aux_1: 0.4922 (0.5026)  loss_bbox_aux_1: 0.0037 (0.0040)  loss_giou_aux_1: 0.2049 (0.2155)  loss_fgl_aux_1: 1.3341 (1.3453)  loss_ddf_aux_1: 0.0004 (0.0004)  loss_mal_pre: 0.5420 (0.5474)  loss_bbox_pre: 0.0043 (0.0045)  loss_giou_pre: 0.2343 (0.2304)  loss_mal_enc_0: 0.6348 (0.6351)  loss_bbox_enc_0: 0.0055 (0.0057)  loss_giou_enc_0: 0.2715 (0.2750)  loss_mal_dn_0: 0.5859 (0.5902)  loss_bbox_dn_0: 0.0053 (0.0055)  loss_giou_dn_0: 0.2631 (0.2678)  loss_fgl_dn_0: 1.3364 (1.3447)  loss_ddf_dn_0: 0.0447 (0.0445)  loss_mal_dn_1: 0.4809 (0.4872)  loss_bbox_dn_1: 0.0035 (0.0037)  loss_giou_dn_1: 0.1980 (0.2010)  loss_fgl_dn_1: 1.3300 (1.3411)  loss_ddf_dn_1: 0.0013 (0.0013)  loss_mal_dn_2: 0.4789 (0.4845)  loss_bbox_dn_2: 0.0035 (0.0037)  loss_giou_dn_2: 0.1965 (0.1996)  loss_fgl_dn_2: 1.3310 (1.3413)  loss_ddf_dn_2: -0.0000 (0.0000)  loss_mal_dn_pre: 0.5922 (0.5950)  loss_bbox_dn_pre: 0.0053 (0.0054)  loss_giou_dn_pre: 0.2627 (0.2665)  time: 0.4916  data: 0.0142  max mem: 5224
Epoch: [24/30]  [30/44]  eta: 0:00:06  lr: 0.000100  loss: 15.0946 (15.1432)  loss_mal: 0.4849 (0.4982)  loss_bbox: 0.0037 (0.0040)  loss_giou: 0.2016 (0.2130)  loss_fgl: 1.3429 (1.3473)  loss_mal_aux_0: 0.5258 (0.5446)  loss_bbox_aux_0: 0.0042 (0.0044)  loss_giou_aux_0: 0.2210 (0.2294)  loss_fgl_aux_0: 1.3416 (1.3480)  loss_ddf_aux_0: 0.0086 (0.0091)  loss_mal_aux_1: 0.4918 (0.5028)  loss_bbox_aux_1: 0.0037 (0.0040)  loss_giou_aux_1: 0.2049 (0.2142)  loss_fgl_aux_1: 1.3408 (1.3470)  loss_ddf_aux_1: 0.0005 (0.0005)  loss_mal_pre: 0.5271 (0.5436)  loss_bbox_pre: 0.0042 (0.0044)  loss_giou_pre: 0.2204 (0.2288)  loss_mal_enc_0: 0.6206 (0.6315)  loss_bbox_enc_0: 0.0053 (0.0057)  loss_giou_enc_0: 0.2696 (0.2726)  loss_mal_dn_0: 0.5875 (0.5918)  loss_bbox_dn_0: 0.0053 (0.0054)  loss_giou_dn_0: 0.2676 (0.2691)  loss_fgl_dn_0: 1.3376 (1.3451)  loss_ddf_dn_0: 0.0460 (0.0438)  loss_mal_dn_1: 0.4809 (0.4871)  loss_bbox_dn_1: 0.0035 (0.0037)  loss_giou_dn_1: 0.1944 (0.2008)  loss_fgl_dn_1: 1.3363 (1.3426)  loss_ddf_dn_1: 0.0013 (0.0013)  loss_mal_dn_2: 0.4772 (0.4840)  loss_bbox_dn_2: 0.0035 (0.0036)  loss_giou_dn_2: 0.1928 (0.1991)  loss_fgl_dn_2: 1.3360 (1.3426)  loss_ddf_dn_2: -0.0000 (0.0000)  loss_mal_dn_pre: 0.5930 (0.5966)  loss_bbox_dn_pre: 0.0053 (0.0054)  loss_giou_dn_pre: 0.2662 (0.2681)  time: 0.4857  data: 0.0157  max mem: 5224
Epoch: [24/30]  [40/44]  eta: 0:00:01  lr: 0.000100  loss: 15.1156 (15.2027)  loss_mal: 0.4980 (0.5006)  loss_bbox: 0.0038 (0.0041)  loss_giou: 0.2130 (0.2167)  loss_fgl: 1.3529 (1.3502)  loss_mal_aux_0: 0.5388 (0.5454)  loss_bbox_aux_0: 0.0042 (0.0045)  loss_giou_aux_0: 0.2300 (0.2336)  loss_fgl_aux_0: 1.3529 (1.3497)  loss_ddf_aux_0: 0.0093 (0.0092)  loss_mal_aux_1: 0.4990 (0.5047)  loss_bbox_aux_1: 0.0038 (0.0041)  loss_giou_aux_1: 0.2121 (0.2175)  loss_fgl_aux_1: 1.3505 (1.3499)  loss_ddf_aux_1: 0.0005 (0.0005)  loss_mal_pre: 0.5369 (0.5445)  loss_bbox_pre: 0.0041 (0.0045)  loss_giou_pre: 0.2315 (0.2329)  loss_mal_enc_0: 0.6103 (0.6282)  loss_bbox_enc_0: 0.0053 (0.0057)  loss_giou_enc_0: 0.2707 (0.2751)  loss_mal_dn_0: 0.5928 (0.5945)  loss_bbox_dn_0: 0.0054 (0.0055)  loss_giou_dn_0: 0.2728 (0.2726)  loss_fgl_dn_0: 1.3497 (1.3464)  loss_ddf_dn_0: 0.0407 (0.0438)  loss_mal_dn_1: 0.4811 (0.4906)  loss_bbox_dn_1: 0.0036 (0.0037)  loss_giou_dn_1: 0.1940 (0.2036)  loss_fgl_dn_1: 1.3531 (1.3448)  loss_ddf_dn_1: 0.0013 (0.0013)  loss_mal_dn_2: 0.4772 (0.4879)  loss_bbox_dn_2: 0.0036 (0.0037)  loss_giou_dn_2: 0.1942 (0.2020)  loss_fgl_dn_2: 1.3521 (1.3448)  loss_ddf_dn_2: -0.0000 (0.0000)  loss_mal_dn_pre: 0.5939 (0.5990)  loss_bbox_dn_pre: 0.0053 (0.0055)  loss_giou_dn_pre: 0.2696 (0.2714)  time: 0.4556  data: 0.0168  max mem: 5224
Epoch: [24/30]  [43/44]  eta: 0:00:00  lr: 0.000100  loss: 15.0164 (15.2078)  loss_mal: 0.4849 (0.5008)  loss_bbox: 0.0037 (0.0041)  loss_giou: 0.2103 (0.2160)  loss_fgl: 1.3584 (1.3511)  loss_mal_aux_0: 0.5388 (0.5473)  loss_bbox_aux_0: 0.0039 (0.0045)  loss_giou_aux_0: 0.2215 (0.2336)  loss_fgl_aux_0: 1.3546 (1.3506)  loss_ddf_aux_0: 0.0090 (0.0092)  loss_mal_aux_1: 0.4883 (0.5056)  loss_bbox_aux_1: 0.0037 (0.0041)  loss_giou_aux_1: 0.2116 (0.2172)  loss_fgl_aux_1: 1.3603 (1.3508)  loss_ddf_aux_1: 0.0005 (0.0005)  loss_mal_pre: 0.5369 (0.5463)  loss_bbox_pre: 0.0039 (0.0045)  loss_giou_pre: 0.2218 (0.2328)  loss_mal_enc_0: 0.6103 (0.6288)  loss_bbox_enc_0: 0.0051 (0.0057)  loss_giou_enc_0: 0.2707 (0.2760)  loss_mal_dn_0: 0.5928 (0.5943)  loss_bbox_dn_0: 0.0050 (0.0055)  loss_giou_dn_0: 0.2685 (0.2722)  loss_fgl_dn_0: 1.3497 (1.3466)  loss_ddf_dn_0: 0.0407 (0.0438)  loss_mal_dn_1: 0.4800 (0.4901)  loss_bbox_dn_1: 0.0034 (0.0037)  loss_giou_dn_1: 0.1929 (0.2031)  loss_fgl_dn_1: 1.3484 (1.3451)  loss_ddf_dn_1: 0.0013 (0.0013)  loss_mal_dn_2: 0.4720 (0.4869)  loss_bbox_dn_2: 0.0033 (0.0037)  loss_giou_dn_2: 0.1886 (0.2013)  loss_fgl_dn_2: 1.3496 (1.3452)  loss_ddf_dn_2: -0.0000 (0.0000)  loss_mal_dn_pre: 0.5939 (0.5990)  loss_bbox_dn_pre: 0.0051 (0.0054)  loss_giou_dn_pre: 0.2695 (0.2712)  time: 0.4696  data: 0.0166  max mem: 5224
Epoch: [24/30] Total time: 0:00:21 (0.4892 s / it)
Averaged stats: lr: 0.000100  loss: 15.0164 (15.2078)  loss_mal: 0.4849 (0.5008)  loss_bbox: 0.0037 (0.0041)  loss_giou: 0.2103 (0.2160)  loss_fgl: 1.3584 (1.3511)  loss_mal_aux_0: 0.5388 (0.5473)  loss_bbox_aux_0: 0.0039 (0.0045)  loss_giou_aux_0: 0.2215 (0.2336)  loss_fgl_aux_0: 1.3546 (1.3506)  loss_ddf_aux_0: 0.0090 (0.0092)  loss_mal_aux_1: 0.4883 (0.5056)  loss_bbox_aux_1: 0.0037 (0.0041)  loss_giou_aux_1: 0.2116 (0.2172)  loss_fgl_aux_1: 1.3603 (1.3508)  loss_ddf_aux_1: 0.0005 (0.0005)  loss_mal_pre: 0.5369 (0.5463)  loss_bbox_pre: 0.0039 (0.0045)  loss_giou_pre: 0.2218 (0.2328)  loss_mal_enc_0: 0.6103 (0.6288)  loss_bbox_enc_0: 0.0051 (0.0057)  loss_giou_enc_0: 0.2707 (0.2760)  loss_mal_dn_0: 0.5928 (0.5943)  loss_bbox_dn_0: 0.0050 (0.0055)  loss_giou_dn_0: 0.2685 (0.2722)  loss_fgl_dn_0: 1.3497 (1.3466)  loss_ddf_dn_0: 0.0407 (0.0438)  loss_mal_dn_1: 0.4800 (0.4901)  loss_bbox_dn_1: 0.0034 (0.0037)  loss_giou_dn_1: 0.1929 (0.2031)  loss_fgl_dn_1: 1.3484 (1.3451)  loss_ddf_dn_1: 0.0013 (0.0013)  loss_mal_dn_2: 0.4720 (0.4869)  loss_bbox_dn_2: 0.0033 (0.0037)  loss_giou_dn_2: 0.1886 (0.2013)  loss_fgl_dn_2: 1.3496 (1.3452)  loss_ddf_dn_2: -0.0000 (0.0000)  loss_mal_dn_pre: 0.5939 (0.5990)  loss_bbox_dn_pre: 0.0051 (0.0054)  loss_giou_dn_pre: 0.2695 (0.2712)
Test:  [0/9]  eta: 0:00:02    time: 0.3282  data: 0.2578  max mem: 5224
Test:  [8/9]  eta: 0:00:00    time: 0.1592  data: 0.0411  max mem: 5224
Test: Total time: 0:00:01 (0.1628 s / it)
Metrics: {'f1': 0.9619377162629758, 'precision': 0.9586206896551724, 'recall': 0.9652777777777778, 'iou': 0.6515487356980642, 'TPs': 139, 'FPs': 6, 'FNs': 5}
Averaged stats: 
Accumulating evaluation results...
COCOeval_opt.accumulate() finished...
DONE (t=0.01s).
IoU metric: bbox
 Average Precision  (AP) @[ IoU=0.50:0.95 | area=   all | maxDets=100 ] = 0.352
 Average Precision  (AP) @[ IoU=0.50      | area=   all | maxDets=100 ] = 0.950
 Average Precision  (AP) @[ IoU=0.75      | area=   all | maxDets=100 ] = 0.136
 Average Precision  (AP) @[ IoU=0.50:0.95 | area= small | maxDets=100 ] = 0.352
 Average Precision  (AP) @[ IoU=0.50:0.95 | area=medium | maxDets=100 ] = -1.000
 Average Precision  (AP) @[ IoU=0.50:0.95 | area= large | maxDets=100 ] = -1.000
 Average Recall     (AR) @[ IoU=0.50:0.95 | area=   all | maxDets=  1 ] = 0.199
 Average Recall     (AR) @[ IoU=0.50:0.95 | area=   all | maxDets= 10 ] = 0.460
 Average Recall     (AR) @[ IoU=0.50:0.95 | area=   all | maxDets=100 ] = 0.580
 Average Recall     (AR) @[ IoU=0.50:0.95 | area= small | maxDets=100 ] = 0.580
 Average Recall     (AR) @[ IoU=0.50:0.95 | area=medium | maxDets=100 ] = -1.000
 Average Recall     (AR) @[ IoU=0.50:0.95 | area= large | maxDets=100 ] = -1.000
 Average Recall     (AR) @[ IoU=0.50      | area=   all | maxDets=100 ] = 0.993
 Average Recall     (AR) @[ IoU=0.75      | area=   all | maxDets=100 ] = 0.590
best_stat: {'epoch': 3, 'coco_eval_bbox': 0.3716614965139037}
Epoch: [25/30]  [ 0/44]  eta: 0:00:41  lr: 0.000010  loss: 14.5680 (14.5680)  loss_mal: 0.4666 (0.4666)  loss_bbox: 0.0033 (0.0033)  loss_giou: 0.1962 (0.1962)  loss_fgl: 1.3273 (1.3273)  loss_mal_aux_0: 0.5082 (0.5082)  loss_bbox_aux_0: 0.0034 (0.0034)  loss_giou_aux_0: 0.1961 (0.1961)  loss_fgl_aux_0: 1.3301 (1.3301)  loss_ddf_aux_0: 0.0080 (0.0080)  loss_mal_aux_1: 0.4705 (0.4705)  loss_bbox_aux_1: 0.0034 (0.0034)  loss_giou_aux_1: 0.1983 (0.1983)  loss_fgl_aux_1: 1.3275 (1.3275)  loss_ddf_aux_1: 0.0004 (0.0004)  loss_mal_pre: 0.5086 (0.5086)  loss_bbox_pre: 0.0034 (0.0034)  loss_giou_pre: 0.1956 (0.1956)  loss_mal_enc_0: 0.5769 (0.5769)  loss_bbox_enc_0: 0.0039 (0.0039)  loss_giou_enc_0: 0.2232 (0.2232)  loss_mal_dn_0: 0.5735 (0.5735)  loss_bbox_dn_0: 0.0045 (0.0045)  loss_giou_dn_0: 0.2523 (0.2523)  loss_fgl_dn_0: 1.3304 (1.3304)  loss_ddf_dn_0: 0.0391 (0.0391)  loss_mal_dn_1: 0.4726 (0.4726)  loss_bbox_dn_1: 0.0031 (0.0031)  loss_giou_dn_1: 0.1894 (0.1894)  loss_fgl_dn_1: 1.3304 (1.3304)  loss_ddf_dn_1: 0.0011 (0.0011)  loss_mal_dn_2: 0.4662 (0.4662)  loss_bbox_dn_2: 0.0030 (0.0030)  loss_giou_dn_2: 0.1863 (0.1863)  loss_fgl_dn_2: 1.3304 (1.3304)  loss_ddf_dn_2: -0.0000 (0.0000)  loss_mal_dn_pre: 0.5793 (0.5793)  loss_bbox_dn_pre: 0.0045 (0.0045)  loss_giou_dn_pre: 0.2511 (0.2511)  time: 0.9380  data: 0.2703  max mem: 5224
Epoch: [25/30]  [10/44]  eta: 0:00:23  lr: 0.000010  loss: 14.7451 (14.6452)  loss_mal: 0.4698 (0.4702)  loss_bbox: 0.0037 (0.0037)  loss_giou: 0.1962 (0.1938)  loss_fgl: 1.3356 (1.3431)  loss_mal_aux_0: 0.5082 (0.5063)  loss_bbox_aux_0: 0.0039 (0.0039)  loss_giou_aux_0: 0.1961 (0.2014)  loss_fgl_aux_0: 1.3364 (1.3443)  loss_ddf_aux_0: 0.0077 (0.0078)  loss_mal_aux_1: 0.4765 (0.4756)  loss_bbox_aux_1: 0.0037 (0.0037)  loss_giou_aux_1: 0.1964 (0.1949)  loss_fgl_aux_1: 1.3357 (1.3434)  loss_ddf_aux_1: 0.0004 (0.0005)  loss_mal_pre: 0.5086 (0.5052)  loss_bbox_pre: 0.0039 (0.0038)  loss_giou_pre: 0.1977 (0.2007)  loss_mal_enc_0: 0.5950 (0.5949)  loss_bbox_enc_0: 0.0052 (0.0051)  loss_giou_enc_0: 0.2304 (0.2415)  loss_mal_dn_0: 0.5672 (0.5639)  loss_bbox_dn_0: 0.0048 (0.0047)  loss_giou_dn_0: 0.2468 (0.2403)  loss_fgl_dn_0: 1.3389 (1.3457)  loss_ddf_dn_0: 0.0391 (0.0375)  loss_mal_dn_1: 0.4726 (0.4674)  loss_bbox_dn_1: 0.0034 (0.0034)  loss_giou_dn_1: 0.1894 (0.1850)  loss_fgl_dn_1: 1.3372 (1.3447)  loss_ddf_dn_1: 0.0012 (0.0012)  loss_mal_dn_2: 0.4662 (0.4625)  loss_bbox_dn_2: 0.0034 (0.0034)  loss_giou_dn_2: 0.1863 (0.1829)  loss_fgl_dn_2: 1.3380 (1.3448)  loss_ddf_dn_2: -0.0000 (0.0000)  loss_mal_dn_pre: 0.5746 (0.5699)  loss_bbox_dn_pre: 0.0048 (0.0047)  loss_giou_dn_pre: 0.2472 (0.2397)  time: 0.6939  data: 0.0370  max mem: 5224
Epoch: [25/30]  [20/44]  eta: 0:00:16  lr: 0.000010  loss: 14.4895 (14.6339)  loss_mal: 0.4597 (0.4637)  loss_bbox: 0.0035 (0.0034)  loss_giou: 0.1875 (0.1886)  loss_fgl: 1.3423 (1.3499)  loss_mal_aux_0: 0.5142 (0.5085)  loss_bbox_aux_0: 0.0036 (0.0037)  loss_giou_aux_0: 0.1978 (0.2016)  loss_fgl_aux_0: 1.3429 (1.3501)  loss_ddf_aux_0: 0.0077 (0.0077)  loss_mal_aux_1: 0.4748 (0.4696)  loss_bbox_aux_1: 0.0035 (0.0035)  loss_giou_aux_1: 0.1906 (0.1889)  loss_fgl_aux_1: 1.3431 (1.3506)  loss_ddf_aux_1: 0.0004 (0.0004)  loss_mal_pre: 0.5151 (0.5079)  loss_bbox_pre: 0.0036 (0.0037)  loss_giou_pre: 0.1977 (0.2012)  loss_mal_enc_0: 0.5950 (0.5957)  loss_bbox_enc_0: 0.0049 (0.0049)  loss_giou_enc_0: 0.2356 (0.2450)  loss_mal_dn_0: 0.5638 (0.5620)  loss_bbox_dn_0: 0.0045 (0.0045)  loss_giou_dn_0: 0.2379 (0.2371)  loss_fgl_dn_0: 1.3402 (1.3502)  loss_ddf_dn_0: 0.0357 (0.0364)  loss_mal_dn_1: 0.4611 (0.4612)  loss_bbox_dn_1: 0.0032 (0.0032)  loss_giou_dn_1: 0.1809 (0.1807)  loss_fgl_dn_1: 1.3403 (1.3505)  loss_ddf_dn_1: 0.0012 (0.0012)  loss_mal_dn_2: 0.4535 (0.4563)  loss_bbox_dn_2: 0.0032 (0.0032)  loss_giou_dn_2: 0.1774 (0.1789)  loss_fgl_dn_2: 1.3393 (1.3504)  loss_ddf_dn_2: -0.0000 (0.0000)  loss_mal_dn_pre: 0.5702 (0.5686)  loss_bbox_dn_pre: 0.0044 (0.0045)  loss_giou_dn_pre: 0.2367 (0.2364)  time: 0.6662  data: 0.0147  max mem: 5224
Epoch: [25/30]  [30/44]  eta: 0:00:09  lr: 0.000010  loss: 14.3409 (14.5872)  loss_mal: 0.4398 (0.4590)  loss_bbox: 0.0031 (0.0034)  loss_giou: 0.1686 (0.1853)  loss_fgl: 1.3508 (1.3524)  loss_mal_aux_0: 0.4896 (0.5018)  loss_bbox_aux_0: 0.0034 (0.0037)  loss_giou_aux_0: 0.1897 (0.1984)  loss_fgl_aux_0: 1.3496 (1.3522)  loss_ddf_aux_0: 0.0073 (0.0076)  loss_mal_aux_1: 0.4552 (0.4646)  loss_bbox_aux_1: 0.0031 (0.0034)  loss_giou_aux_1: 0.1701 (0.1856)  loss_fgl_aux_1: 1.3522 (1.3529)  loss_ddf_aux_1: 0.0004 (0.0005)  loss_mal_pre: 0.4907 (0.5017)  loss_bbox_pre: 0.0034 (0.0037)  loss_giou_pre: 0.1905 (0.1981)  loss_mal_enc_0: 0.5914 (0.5963)  loss_bbox_enc_0: 0.0045 (0.0049)  loss_giou_enc_0: 0.2310 (0.2440)  loss_mal_dn_0: 0.5478 (0.5587)  loss_bbox_dn_0: 0.0040 (0.0044)  loss_giou_dn_0: 0.2249 (0.2341)  loss_fgl_dn_0: 1.3494 (1.3512)  loss_ddf_dn_0: 0.0365 (0.0372)  loss_mal_dn_1: 0.4423 (0.4581)  loss_bbox_dn_1: 0.0030 (0.0032)  loss_giou_dn_1: 0.1663 (0.1786)  loss_fgl_dn_1: 1.3475 (1.3518)  loss_ddf_dn_1: 0.0013 (0.0012)  loss_mal_dn_2: 0.4364 (0.4537)  loss_bbox_dn_2: 0.0030 (0.0031)  loss_giou_dn_2: 0.1630 (0.1770)  loss_fgl_dn_2: 1.3469 (1.3517)  loss_ddf_dn_2: -0.0000 (0.0000)  loss_mal_dn_pre: 0.5554 (0.5658)  loss_bbox_dn_pre: 0.0040 (0.0044)  loss_giou_dn_pre: 0.2232 (0.2336)  time: 0.6247  data: 0.0155  max mem: 5224
Epoch: [25/30]  [40/44]  eta: 0:00:02  lr: 0.000010  loss: 14.4109 (14.5628)  loss_mal: 0.4511 (0.4567)  loss_bbox: 0.0032 (0.0033)  loss_giou: 0.1811 (0.1835)  loss_fgl: 1.3565 (1.3555)  loss_mal_aux_0: 0.4856 (0.4990)  loss_bbox_aux_0: 0.0034 (0.0036)  loss_giou_aux_0: 0.1804 (0.1958)  loss_fgl_aux_0: 1.3569 (1.3550)  loss_ddf_aux_0: 0.0073 (0.0076)  loss_mal_aux_1: 0.4552 (0.4618)  loss_bbox_aux_1: 0.0032 (0.0034)  loss_giou_aux_1: 0.1780 (0.1838)  loss_fgl_aux_1: 1.3576 (1.3559)  loss_ddf_aux_1: 0.0004 (0.0005)  loss_mal_pre: 0.4898 (0.4992)  loss_bbox_pre: 0.0034 (0.0036)  loss_giou_pre: 0.1846 (0.1957)  loss_mal_enc_0: 0.5879 (0.5927)  loss_bbox_enc_0: 0.0046 (0.0048)  loss_giou_enc_0: 0.2256 (0.2406)  loss_mal_dn_0: 0.5456 (0.5565)  loss_bbox_dn_0: 0.0041 (0.0045)  loss_giou_dn_0: 0.2230 (0.2324)  loss_fgl_dn_0: 1.3550 (1.3534)  loss_ddf_dn_0: 0.0366 (0.0369)  loss_mal_dn_1: 0.4492 (0.4561)  loss_bbox_dn_1: 0.0030 (0.0032)  loss_giou_dn_1: 0.1725 (0.1773)  loss_fgl_dn_1: 1.3553 (1.3542)  loss_ddf_dn_1: 0.0012 (0.0013)  loss_mal_dn_2: 0.4474 (0.4520)  loss_bbox_dn_2: 0.0030 (0.0031)  loss_giou_dn_2: 0.1718 (0.1757)  loss_fgl_dn_2: 1.3570 (1.3542)  loss_ddf_dn_2: -0.0000 (0.0000)  loss_mal_dn_pre: 0.5546 (0.5636)  loss_bbox_dn_pre: 0.0041 (0.0044)  loss_giou_dn_pre: 0.2239 (0.2320)  time: 0.6066  data: 0.0154  max mem: 5224
Epoch: [25/30]  [43/44]  eta: 0:00:00  lr: 0.000010  loss: 14.4109 (14.5613)  loss_mal: 0.4542 (0.4578)  loss_bbox: 0.0031 (0.0033)  loss_giou: 0.1812 (0.1834)  loss_fgl: 1.3564 (1.3549)  loss_mal_aux_0: 0.4856 (0.5007)  loss_bbox_aux_0: 0.0033 (0.0036)  loss_giou_aux_0: 0.1804 (0.1958)  loss_fgl_aux_0: 1.3547 (1.3542)  loss_ddf_aux_0: 0.0078 (0.0076)  loss_mal_aux_1: 0.4559 (0.4626)  loss_bbox_aux_1: 0.0031 (0.0033)  loss_giou_aux_1: 0.1780 (0.1837)  loss_fgl_aux_1: 1.3571 (1.3553)  loss_ddf_aux_1: 0.0004 (0.0005)  loss_mal_pre: 0.4898 (0.5009)  loss_bbox_pre: 0.0032 (0.0036)  loss_giou_pre: 0.1846 (0.1957)  loss_mal_enc_0: 0.5879 (0.5939)  loss_bbox_enc_0: 0.0043 (0.0048)  loss_giou_enc_0: 0.2301 (0.2404)  loss_mal_dn_0: 0.5456 (0.5561)  loss_bbox_dn_0: 0.0040 (0.0044)  loss_giou_dn_0: 0.2230 (0.2321)  loss_fgl_dn_0: 1.3503 (1.3526)  loss_ddf_dn_0: 0.0363 (0.0368)  loss_mal_dn_1: 0.4507 (0.4555)  loss_bbox_dn_1: 0.0030 (0.0032)  loss_giou_dn_1: 0.1725 (0.1770)  loss_fgl_dn_1: 1.3521 (1.3533)  loss_ddf_dn_1: 0.0013 (0.0013)  loss_mal_dn_2: 0.4490 (0.4515)  loss_bbox_dn_2: 0.0029 (0.0031)  loss_giou_dn_2: 0.1718 (0.1755)  loss_fgl_dn_2: 1.3515 (1.3533)  loss_ddf_dn_2: -0.0000 (0.0000)  loss_mal_dn_pre: 0.5546 (0.5632)  loss_bbox_dn_pre: 0.0040 (0.0044)  loss_giou_dn_pre: 0.2239 (0.2317)  time: 0.6036  data: 0.0152  max mem: 5224
Epoch: [25/30] Total time: 0:00:28 (0.6444 s / it)
Averaged stats: lr: 0.000010  loss: 14.4109 (14.5613)  loss_mal: 0.4542 (0.4578)  loss_bbox: 0.0031 (0.0033)  loss_giou: 0.1812 (0.1834)  loss_fgl: 1.3564 (1.3549)  loss_mal_aux_0: 0.4856 (0.5007)  loss_bbox_aux_0: 0.0033 (0.0036)  loss_giou_aux_0: 0.1804 (0.1958)  loss_fgl_aux_0: 1.3547 (1.3542)  loss_ddf_aux_0: 0.0078 (0.0076)  loss_mal_aux_1: 0.4559 (0.4626)  loss_bbox_aux_1: 0.0031 (0.0033)  loss_giou_aux_1: 0.1780 (0.1837)  loss_fgl_aux_1: 1.3571 (1.3553)  loss_ddf_aux_1: 0.0004 (0.0005)  loss_mal_pre: 0.4898 (0.5009)  loss_bbox_pre: 0.0032 (0.0036)  loss_giou_pre: 0.1846 (0.1957)  loss_mal_enc_0: 0.5879 (0.5939)  loss_bbox_enc_0: 0.0043 (0.0048)  loss_giou_enc_0: 0.2301 (0.2404)  loss_mal_dn_0: 0.5456 (0.5561)  loss_bbox_dn_0: 0.0040 (0.0044)  loss_giou_dn_0: 0.2230 (0.2321)  loss_fgl_dn_0: 1.3503 (1.3526)  loss_ddf_dn_0: 0.0363 (0.0368)  loss_mal_dn_1: 0.4507 (0.4555)  loss_bbox_dn_1: 0.0030 (0.0032)  loss_giou_dn_1: 0.1725 (0.1770)  loss_fgl_dn_1: 1.3521 (1.3533)  loss_ddf_dn_1: 0.0013 (0.0013)  loss_mal_dn_2: 0.4490 (0.4515)  loss_bbox_dn_2: 0.0029 (0.0031)  loss_giou_dn_2: 0.1718 (0.1755)  loss_fgl_dn_2: 1.3515 (1.3533)  loss_ddf_dn_2: -0.0000 (0.0000)  loss_mal_dn_pre: 0.5546 (0.5632)  loss_bbox_dn_pre: 0.0040 (0.0044)  loss_giou_dn_pre: 0.2239 (0.2317)
Test:  [0/9]  eta: 0:00:03    time: 0.3494  data: 0.2681  max mem: 5224
Test:  [8/9]  eta: 0:00:00    time: 0.1624  data: 0.0411  max mem: 5224
Test: Total time: 0:00:01 (0.1661 s / it)
Metrics: {'f1': 0.9619377162629758, 'precision': 0.9586206896551724, 'recall': 0.9652777777777778, 'iou': 0.651624170144399, 'TPs': 139, 'FPs': 6, 'FNs': 5}
Averaged stats: 
Accumulating evaluation results...
COCOeval_opt.accumulate() finished...
DONE (t=0.01s).
IoU metric: bbox
 Average Precision  (AP) @[ IoU=0.50:0.95 | area=   all | maxDets=100 ] = 0.352
 Average Precision  (AP) @[ IoU=0.50      | area=   all | maxDets=100 ] = 0.949
 Average Precision  (AP) @[ IoU=0.75      | area=   all | maxDets=100 ] = 0.136
 Average Precision  (AP) @[ IoU=0.50:0.95 | area= small | maxDets=100 ] = 0.352
 Average Precision  (AP) @[ IoU=0.50:0.95 | area=medium | maxDets=100 ] = -1.000
 Average Precision  (AP) @[ IoU=0.50:0.95 | area= large | maxDets=100 ] = -1.000
 Average Recall     (AR) @[ IoU=0.50:0.95 | area=   all | maxDets=  1 ] = 0.199
 Average Recall     (AR) @[ IoU=0.50:0.95 | area=   all | maxDets= 10 ] = 0.460
 Average Recall     (AR) @[ IoU=0.50:0.95 | area=   all | maxDets=100 ] = 0.579
 Average Recall     (AR) @[ IoU=0.50:0.95 | area= small | maxDets=100 ] = 0.579
 Average Recall     (AR) @[ IoU=0.50:0.95 | area=medium | maxDets=100 ] = -1.000
 Average Recall     (AR) @[ IoU=0.50:0.95 | area= large | maxDets=100 ] = -1.000
 Average Recall     (AR) @[ IoU=0.50      | area=   all | maxDets=100 ] = 0.986
 Average Recall     (AR) @[ IoU=0.75      | area=   all | maxDets=100 ] = 0.583
best_stat: {'epoch': 3, 'coco_eval_bbox': 0.3716614965139037}
Epoch: [26/30]  [ 0/44]  eta: 0:00:43  lr: 0.000010  loss: 13.4132 (13.4132)  loss_mal: 0.3659 (0.3659)  loss_bbox: 0.0023 (0.0023)  loss_giou: 0.1238 (0.1238)  loss_fgl: 1.3238 (1.3238)  loss_mal_aux_0: 0.4371 (0.4371)  loss_bbox_aux_0: 0.0028 (0.0028)  loss_giou_aux_0: 0.1492 (0.1492)  loss_fgl_aux_0: 1.3239 (1.3239)  loss_ddf_aux_0: 0.0088 (0.0088)  loss_mal_aux_1: 0.3659 (0.3659)  loss_bbox_aux_1: 0.0023 (0.0023)  loss_giou_aux_1: 0.1242 (0.1242)  loss_fgl_aux_1: 1.3247 (1.3247)  loss_ddf_aux_1: 0.0004 (0.0004)  loss_mal_pre: 0.4399 (0.4399)  loss_bbox_pre: 0.0028 (0.0028)  loss_giou_pre: 0.1496 (0.1496)  loss_mal_enc_0: 0.5559 (0.5559)  loss_bbox_enc_0: 0.0049 (0.0049)  loss_giou_enc_0: 0.2141 (0.2141)  loss_mal_dn_0: 0.5179 (0.5179)  loss_bbox_dn_0: 0.0041 (0.0041)  loss_giou_dn_0: 0.2063 (0.2063)  loss_fgl_dn_0: 1.3193 (1.3193)  loss_ddf_dn_0: 0.0449 (0.0449)  loss_mal_dn_1: 0.3852 (0.3852)  loss_bbox_dn_1: 0.0023 (0.0023)  loss_giou_dn_1: 0.1309 (0.1309)  loss_fgl_dn_1: 1.3161 (1.3161)  loss_ddf_dn_1: 0.0015 (0.0015)  loss_mal_dn_2: 0.3802 (0.3802)  loss_bbox_dn_2: 0.0023 (0.0023)  loss_giou_dn_2: 0.1290 (0.1290)  loss_fgl_dn_2: 1.3163 (1.3163)  loss_ddf_dn_2: -0.0000 (0.0000)  loss_mal_dn_pre: 0.5250 (0.5250)  loss_bbox_dn_pre: 0.0041 (0.0041)  loss_giou_dn_pre: 0.2053 (0.2053)  time: 0.9884  data: 0.2565  max mem: 5224
Epoch: [26/30]  [10/44]  eta: 0:00:24  lr: 0.000010  loss: 13.8129 (13.9290)  loss_mal: 0.4116 (0.4194)  loss_bbox: 0.0026 (0.0027)  loss_giou: 0.1453 (0.1506)  loss_fgl: 1.3510 (1.3476)  loss_mal_aux_0: 0.4617 (0.4706)  loss_bbox_aux_0: 0.0028 (0.0030)  loss_giou_aux_0: 0.1603 (0.1663)  loss_fgl_aux_0: 1.3472 (1.3485)  loss_ddf_aux_0: 0.0078 (0.0078)  loss_mal_aux_1: 0.4219 (0.4259)  loss_bbox_aux_1: 0.0026 (0.0027)  loss_giou_aux_1: 0.1458 (0.1510)  loss_fgl_aux_1: 1.3511 (1.3479)  loss_ddf_aux_1: 0.0004 (0.0004)  loss_mal_pre: 0.4631 (0.4705)  loss_bbox_pre: 0.0028 (0.0030)  loss_giou_pre: 0.1571 (0.1659)  loss_mal_enc_0: 0.5499 (0.5608)  loss_bbox_enc_0: 0.0042 (0.0042)  loss_giou_enc_0: 0.2060 (0.2113)  loss_mal_dn_0: 0.5246 (0.5268)  loss_bbox_dn_0: 0.0038 (0.0039)  loss_giou_dn_0: 0.1999 (0.2050)  loss_fgl_dn_0: 1.3486 (1.3464)  loss_ddf_dn_0: 0.0337 (0.0365)  loss_mal_dn_1: 0.4115 (0.4110)  loss_bbox_dn_1: 0.0026 (0.0026)  loss_giou_dn_1: 0.1465 (0.1475)  loss_fgl_dn_1: 1.3497 (1.3448)  loss_ddf_dn_1: 0.0012 (0.0012)  loss_mal_dn_2: 0.4060 (0.4064)  loss_bbox_dn_2: 0.0026 (0.0026)  loss_giou_dn_2: 0.1446 (0.1456)  loss_fgl_dn_2: 1.3500 (1.3449)  loss_ddf_dn_2: -0.0000 (0.0000)  loss_mal_dn_pre: 0.5315 (0.5350)  loss_bbox_dn_pre: 0.0038 (0.0039)  loss_giou_dn_pre: 0.1999 (0.2050)  time: 0.7135  data: 0.0378  max mem: 5224
Epoch: [26/30]  [20/44]  eta: 0:00:15  lr: 0.000010  loss: 14.0175 (14.0105)  loss_mal: 0.4116 (0.4215)  loss_bbox: 0.0028 (0.0028)  loss_giou: 0.1516 (0.1559)  loss_fgl: 1.3502 (1.3489)  loss_mal_aux_0: 0.4653 (0.4690)  loss_bbox_aux_0: 0.0030 (0.0031)  loss_giou_aux_0: 0.1664 (0.1701)  loss_fgl_aux_0: 1.3493 (1.3489)  loss_ddf_aux_0: 0.0075 (0.0076)  loss_mal_aux_1: 0.4219 (0.4257)  loss_bbox_aux_1: 0.0028 (0.0028)  loss_giou_aux_1: 0.1550 (0.1560)  loss_fgl_aux_1: 1.3511 (1.3491)  loss_ddf_aux_1: 0.0004 (0.0004)  loss_mal_pre: 0.4674 (0.4689)  loss_bbox_pre: 0.0030 (0.0031)  loss_giou_pre: 0.1678 (0.1697)  loss_mal_enc_0: 0.5673 (0.5731)  loss_bbox_enc_0: 0.0042 (0.0044)  loss_giou_enc_0: 0.2103 (0.2196)  loss_mal_dn_0: 0.5323 (0.5308)  loss_bbox_dn_0: 0.0039 (0.0040)  loss_giou_dn_0: 0.2064 (0.2080)  loss_fgl_dn_0: 1.3479 (1.3472)  loss_ddf_dn_0: 0.0335 (0.0355)  loss_mal_dn_1: 0.4141 (0.4176)  loss_bbox_dn_1: 0.0027 (0.0027)  loss_giou_dn_1: 0.1489 (0.1518)  loss_fgl_dn_1: 1.3497 (1.3467)  loss_ddf_dn_1: 0.0011 (0.0012)  loss_mal_dn_2: 0.4095 (0.4139)  loss_bbox_dn_2: 0.0027 (0.0027)  loss_giou_dn_2: 0.1465 (0.1504)  loss_fgl_dn_2: 1.3488 (1.3468)  loss_ddf_dn_2: -0.0000 (0.0000)  loss_mal_dn_pre: 0.5374 (0.5390)  loss_bbox_dn_pre: 0.0039 (0.0040)  loss_giou_dn_pre: 0.2056 (0.2079)  time: 0.6421  data: 0.0159  max mem: 5224
Epoch: [26/30]  [30/44]  eta: 0:00:09  lr: 0.000010  loss: 14.1917 (14.1996)  loss_mal: 0.4253 (0.4285)  loss_bbox: 0.0029 (0.0030)  loss_giou: 0.1624 (0.1636)  loss_fgl: 1.3524 (1.3545)  loss_mal_aux_0: 0.4847 (0.4798)  loss_bbox_aux_0: 0.0032 (0.0033)  loss_giou_aux_0: 0.1751 (0.1785)  loss_fgl_aux_0: 1.3494 (1.3536)  loss_ddf_aux_0: 0.0076 (0.0077)  loss_mal_aux_1: 0.4343 (0.4325)  loss_bbox_aux_1: 0.0029 (0.0030)  loss_giou_aux_1: 0.1638 (0.1640)  loss_fgl_aux_1: 1.3514 (1.3546)  loss_ddf_aux_1: 0.0004 (0.0004)  loss_mal_pre: 0.4837 (0.4796)  loss_bbox_pre: 0.0032 (0.0033)  loss_giou_pre: 0.1741 (0.1782)  loss_mal_enc_0: 0.5893 (0.5848)  loss_bbox_enc_0: 0.0045 (0.0046)  loss_giou_enc_0: 0.2221 (0.2293)  loss_mal_dn_0: 0.5427 (0.5397)  loss_bbox_dn_0: 0.0041 (0.0041)  loss_giou_dn_0: 0.2161 (0.2158)  loss_fgl_dn_0: 1.3479 (1.3511)  loss_ddf_dn_0: 0.0334 (0.0358)  loss_mal_dn_1: 0.4272 (0.4277)  loss_bbox_dn_1: 0.0028 (0.0028)  loss_giou_dn_1: 0.1578 (0.1588)  loss_fgl_dn_1: 1.3499 (1.3519)  loss_ddf_dn_1: 0.0011 (0.0012)  loss_mal_dn_2: 0.4229 (0.4239)  loss_bbox_dn_2: 0.0028 (0.0028)  loss_giou_dn_2: 0.1562 (0.1574)  loss_fgl_dn_2: 1.3488 (1.3519)  loss_ddf_dn_2: -0.0000 (0.0000)  loss_mal_dn_pre: 0.5487 (0.5480)  loss_bbox_dn_pre: 0.0041 (0.0041)  loss_giou_dn_pre: 0.2157 (0.2157)  time: 0.6051  data: 0.0157  max mem: 5224
Epoch: [26/30]  [40/44]  eta: 0:00:02  lr: 0.000010  loss: 14.0424 (14.1266)  loss_mal: 0.4069 (0.4217)  loss_bbox: 0.0027 (0.0029)  loss_giou: 0.1500 (0.1590)  loss_fgl: 1.3589 (1.3559)  loss_mal_aux_0: 0.4606 (0.4710)  loss_bbox_aux_0: 0.0030 (0.0032)  loss_giou_aux_0: 0.1680 (0.1733)  loss_fgl_aux_0: 1.3577 (1.3545)  loss_ddf_aux_0: 0.0073 (0.0075)  loss_mal_aux_1: 0.4129 (0.4259)  loss_bbox_aux_1: 0.0027 (0.0029)  loss_giou_aux_1: 0.1493 (0.1595)  loss_fgl_aux_1: 1.3602 (1.3559)  loss_ddf_aux_1: 0.0004 (0.0004)  loss_mal_pre: 0.4568 (0.4711)  loss_bbox_pre: 0.0030 (0.0032)  loss_giou_pre: 0.1690 (0.1732)  loss_mal_enc_0: 0.5858 (0.5830)  loss_bbox_enc_0: 0.0043 (0.0045)  loss_giou_enc_0: 0.2189 (0.2260)  loss_mal_dn_0: 0.5388 (0.5381)  loss_bbox_dn_0: 0.0041 (0.0041)  loss_giou_dn_0: 0.2116 (0.2138)  loss_fgl_dn_0: 1.3561 (1.3510)  loss_ddf_dn_0: 0.0329 (0.0351)  loss_mal_dn_1: 0.4198 (0.4241)  loss_bbox_dn_1: 0.0027 (0.0028)  loss_giou_dn_1: 0.1502 (0.1565)  loss_fgl_dn_1: 1.3566 (1.3520)  loss_ddf_dn_1: 0.0011 (0.0012)  loss_mal_dn_2: 0.4133 (0.4198)  loss_bbox_dn_2: 0.0027 (0.0028)  loss_giou_dn_2: 0.1495 (0.1549)  loss_fgl_dn_2: 1.3570 (1.3521)  loss_ddf_dn_2: -0.0000 (0.0000)  loss_mal_dn_pre: 0.5473 (0.5462)  loss_bbox_dn_pre: 0.0040 (0.0041)  loss_giou_dn_pre: 0.2107 (0.2136)  time: 0.6518  data: 0.0158  max mem: 5224
Epoch: [26/30]  [43/44]  eta: 0:00:00  lr: 0.000010  loss: 13.9948 (14.1460)  loss_mal: 0.4066 (0.4233)  loss_bbox: 0.0026 (0.0029)  loss_giou: 0.1492 (0.1596)  loss_fgl: 1.3667 (1.3578)  loss_mal_aux_0: 0.4483 (0.4720)  loss_bbox_aux_0: 0.0030 (0.0031)  loss_giou_aux_0: 0.1615 (0.1736)  loss_fgl_aux_0: 1.3628 (1.3562)  loss_ddf_aux_0: 0.0071 (0.0075)  loss_mal_aux_1: 0.4103 (0.4268)  loss_bbox_aux_1: 0.0026 (0.0029)  loss_giou_aux_1: 0.1480 (0.1601)  loss_fgl_aux_1: 1.3665 (1.3578)  loss_ddf_aux_1: 0.0004 (0.0004)  loss_mal_pre: 0.4486 (0.4720)  loss_bbox_pre: 0.0030 (0.0031)  loss_giou_pre: 0.1597 (0.1735)  loss_mal_enc_0: 0.5852 (0.5839)  loss_bbox_enc_0: 0.0040 (0.0044)  loss_giou_enc_0: 0.2188 (0.2260)  loss_mal_dn_0: 0.5296 (0.5379)  loss_bbox_dn_0: 0.0040 (0.0041)  loss_giou_dn_0: 0.2084 (0.2139)  loss_fgl_dn_0: 1.3580 (1.3527)  loss_ddf_dn_0: 0.0318 (0.0348)  loss_mal_dn_1: 0.4135 (0.4245)  loss_bbox_dn_1: 0.0027 (0.0028)  loss_giou_dn_1: 0.1501 (0.1567)  loss_fgl_dn_1: 1.3604 (1.3540)  loss_ddf_dn_1: 0.0011 (0.0012)  loss_mal_dn_2: 0.4107 (0.4203)  loss_bbox_dn_2: 0.0026 (0.0027)  loss_giou_dn_2: 0.1485 (0.1552)  loss_fgl_dn_2: 1.3605 (1.3541)  loss_ddf_dn_2: -0.0000 (0.0000)  loss_mal_dn_pre: 0.5389 (0.5462)  loss_bbox_dn_pre: 0.0040 (0.0040)  loss_giou_dn_pre: 0.2089 (0.2137)  time: 0.6609  data: 0.0156  max mem: 5224
Epoch: [26/30] Total time: 0:00:28 (0.6555 s / it)
Averaged stats: lr: 0.000010  loss: 13.9948 (14.1460)  loss_mal: 0.4066 (0.4233)  loss_bbox: 0.0026 (0.0029)  loss_giou: 0.1492 (0.1596)  loss_fgl: 1.3667 (1.3578)  loss_mal_aux_0: 0.4483 (0.4720)  loss_bbox_aux_0: 0.0030 (0.0031)  loss_giou_aux_0: 0.1615 (0.1736)  loss_fgl_aux_0: 1.3628 (1.3562)  loss_ddf_aux_0: 0.0071 (0.0075)  loss_mal_aux_1: 0.4103 (0.4268)  loss_bbox_aux_1: 0.0026 (0.0029)  loss_giou_aux_1: 0.1480 (0.1601)  loss_fgl_aux_1: 1.3665 (1.3578)  loss_ddf_aux_1: 0.0004 (0.0004)  loss_mal_pre: 0.4486 (0.4720)  loss_bbox_pre: 0.0030 (0.0031)  loss_giou_pre: 0.1597 (0.1735)  loss_mal_enc_0: 0.5852 (0.5839)  loss_bbox_enc_0: 0.0040 (0.0044)  loss_giou_enc_0: 0.2188 (0.2260)  loss_mal_dn_0: 0.5296 (0.5379)  loss_bbox_dn_0: 0.0040 (0.0041)  loss_giou_dn_0: 0.2084 (0.2139)  loss_fgl_dn_0: 1.3580 (1.3527)  loss_ddf_dn_0: 0.0318 (0.0348)  loss_mal_dn_1: 0.4135 (0.4245)  loss_bbox_dn_1: 0.0027 (0.0028)  loss_giou_dn_1: 0.1501 (0.1567)  loss_fgl_dn_1: 1.3604 (1.3540)  loss_ddf_dn_1: 0.0011 (0.0012)  loss_mal_dn_2: 0.4107 (0.4203)  loss_bbox_dn_2: 0.0026 (0.0027)  loss_giou_dn_2: 0.1485 (0.1552)  loss_fgl_dn_2: 1.3605 (1.3541)  loss_ddf_dn_2: -0.0000 (0.0000)  loss_mal_dn_pre: 0.5389 (0.5462)  loss_bbox_dn_pre: 0.0040 (0.0040)  loss_giou_dn_pre: 0.2089 (0.2137)
Test:  [0/9]  eta: 0:00:03    time: 0.3361  data: 0.2233  max mem: 5224
Test:  [8/9]  eta: 0:00:00    time: 0.1572  data: 0.0400  max mem: 5224
Test: Total time: 0:00:01 (0.1612 s / it)
Metrics: {'f1': 0.9586206896551724, 'precision': 0.952054794520548, 'recall': 0.9652777777777778, 'iou': 0.6472849107735994, 'TPs': 139, 'FPs': 7, 'FNs': 5}
Averaged stats: 
Accumulating evaluation results...
COCOeval_opt.accumulate() finished...
DONE (t=0.01s).
IoU metric: bbox
 Average Precision  (AP) @[ IoU=0.50:0.95 | area=   all | maxDets=100 ] = 0.351
 Average Precision  (AP) @[ IoU=0.50      | area=   all | maxDets=100 ] = 0.947
 Average Precision  (AP) @[ IoU=0.75      | area=   all | maxDets=100 ] = 0.133
 Average Precision  (AP) @[ IoU=0.50:0.95 | area= small | maxDets=100 ] = 0.352
 Average Precision  (AP) @[ IoU=0.50:0.95 | area=medium | maxDets=100 ] = -1.000
 Average Precision  (AP) @[ IoU=0.50:0.95 | area= large | maxDets=100 ] = -1.000
 Average Recall     (AR) @[ IoU=0.50:0.95 | area=   all | maxDets=  1 ] = 0.198
 Average Recall     (AR) @[ IoU=0.50:0.95 | area=   all | maxDets= 10 ] = 0.460
 Average Recall     (AR) @[ IoU=0.50:0.95 | area=   all | maxDets=100 ] = 0.576
 Average Recall     (AR) @[ IoU=0.50:0.95 | area= small | maxDets=100 ] = 0.576
 Average Recall     (AR) @[ IoU=0.50:0.95 | area=medium | maxDets=100 ] = -1.000
 Average Recall     (AR) @[ IoU=0.50:0.95 | area= large | maxDets=100 ] = -1.000
 Average Recall     (AR) @[ IoU=0.50      | area=   all | maxDets=100 ] = 0.986
 Average Recall     (AR) @[ IoU=0.75      | area=   all | maxDets=100 ] = 0.569
best_stat: {'epoch': 3, 'coco_eval_bbox': 0.3716614965139037}
Epoch: [27/30]  [ 0/44]  eta: 0:00:41  lr: 0.000010  loss: 14.0987 (14.0987)  loss_mal: 0.4148 (0.4148)  loss_bbox: 0.0026 (0.0026)  loss_giou: 0.1551 (0.1551)  loss_fgl: 1.3554 (1.3554)  loss_mal_aux_0: 0.4583 (0.4583)  loss_bbox_aux_0: 0.0026 (0.0026)  loss_giou_aux_0: 0.1525 (0.1525)  loss_fgl_aux_0: 1.3620 (1.3620)  loss_ddf_aux_0: 0.0078 (0.0078)  loss_mal_aux_1: 0.4177 (0.4177)  loss_bbox_aux_1: 0.0026 (0.0026)  loss_giou_aux_1: 0.1571 (0.1571)  loss_fgl_aux_1: 1.3548 (1.3548)  loss_ddf_aux_1: 0.0003 (0.0003)  loss_mal_pre: 0.4587 (0.4587)  loss_bbox_pre: 0.0026 (0.0026)  loss_giou_pre: 0.1538 (0.1538)  loss_mal_enc_0: 0.6463 (0.6463)  loss_bbox_enc_0: 0.0043 (0.0043)  loss_giou_enc_0: 0.2285 (0.2285)  loss_mal_dn_0: 0.5435 (0.5435)  loss_bbox_dn_0: 0.0037 (0.0037)  loss_giou_dn_0: 0.2105 (0.2105)  loss_fgl_dn_0: 1.3614 (1.3614)  loss_ddf_dn_0: 0.0315 (0.0315)  loss_mal_dn_1: 0.4129 (0.4129)  loss_bbox_dn_1: 0.0024 (0.0024)  loss_giou_dn_1: 0.1467 (0.1467)  loss_fgl_dn_1: 1.3635 (1.3635)  loss_ddf_dn_1: 0.0010 (0.0010)  loss_mal_dn_2: 0.4050 (0.4050)  loss_bbox_dn_2: 0.0024 (0.0024)  loss_giou_dn_2: 0.1446 (0.1446)  loss_fgl_dn_2: 1.3636 (1.3636)  loss_ddf_dn_2: -0.0000 (0.0000)  loss_mal_dn_pre: 0.5527 (0.5527)  loss_bbox_dn_pre: 0.0038 (0.0038)  loss_giou_dn_pre: 0.2116 (0.2116)  time: 0.9390  data: 0.2478  max mem: 5224
Epoch: [27/30]  [10/44]  eta: 0:00:21  lr: 0.000010  loss: 14.0308 (13.9315)  loss_mal: 0.3977 (0.3973)  loss_bbox: 0.0024 (0.0025)  loss_giou: 0.1473 (0.1438)  loss_fgl: 1.3554 (1.3592)  loss_mal_aux_0: 0.4581 (0.4495)  loss_bbox_aux_0: 0.0028 (0.0028)  loss_giou_aux_0: 0.1622 (0.1583)  loss_fgl_aux_0: 1.3620 (1.3582)  loss_ddf_aux_0: 0.0077 (0.0073)  loss_mal_aux_1: 0.4170 (0.4054)  loss_bbox_aux_1: 0.0025 (0.0025)  loss_giou_aux_1: 0.1473 (0.1445)  loss_fgl_aux_1: 1.3548 (1.3591)  loss_ddf_aux_1: 0.0004 (0.0004)  loss_mal_pre: 0.4553 (0.4494)  loss_bbox_pre: 0.0028 (0.0028)  loss_giou_pre: 0.1601 (0.1582)  loss_mal_enc_0: 0.5802 (0.5827)  loss_bbox_enc_0: 0.0041 (0.0041)  loss_giou_enc_0: 0.2164 (0.2159)  loss_mal_dn_0: 0.5334 (0.5384)  loss_bbox_dn_0: 0.0038 (0.0039)  loss_giou_dn_0: 0.2075 (0.2105)  loss_fgl_dn_0: 1.3614 (1.3541)  loss_ddf_dn_0: 0.0331 (0.0337)  loss_mal_dn_1: 0.4101 (0.4089)  loss_bbox_dn_1: 0.0024 (0.0026)  loss_giou_dn_1: 0.1467 (0.1468)  loss_fgl_dn_1: 1.3635 (1.3580)  loss_ddf_dn_1: 0.0011 (0.0011)  loss_mal_dn_2: 0.4047 (0.4040)  loss_bbox_dn_2: 0.0024 (0.0025)  loss_giou_dn_2: 0.1446 (0.1450)  loss_fgl_dn_2: 1.3636 (1.3582)  loss_ddf_dn_2: -0.0000 (0.0000)  loss_mal_dn_pre: 0.5414 (0.5460)  loss_bbox_dn_pre: 0.0038 (0.0039)  loss_giou_dn_pre: 0.2075 (0.2100)  time: 0.6323  data: 0.0366  max mem: 5224
Epoch: [27/30]  [20/44]  eta: 0:00:14  lr: 0.000010  loss: 14.0308 (14.1023)  loss_mal: 0.3989 (0.4115)  loss_bbox: 0.0025 (0.0027)  loss_giou: 0.1473 (0.1532)  loss_fgl: 1.3694 (1.3613)  loss_mal_aux_0: 0.4581 (0.4607)  loss_bbox_aux_0: 0.0028 (0.0031)  loss_giou_aux_0: 0.1624 (0.1694)  loss_fgl_aux_0: 1.3645 (1.3608)  loss_ddf_aux_0: 0.0073 (0.0075)  loss_mal_aux_1: 0.4158 (0.4177)  loss_bbox_aux_1: 0.0025 (0.0027)  loss_giou_aux_1: 0.1473 (0.1541)  loss_fgl_aux_1: 1.3685 (1.3612)  loss_ddf_aux_1: 0.0004 (0.0004)  loss_mal_pre: 0.4553 (0.4602)  loss_bbox_pre: 0.0029 (0.0031)  loss_giou_pre: 0.1604 (0.1690)  loss_mal_enc_0: 0.5802 (0.5881)  loss_bbox_enc_0: 0.0041 (0.0045)  loss_giou_enc_0: 0.2164 (0.2265)  loss_mal_dn_0: 0.5334 (0.5435)  loss_bbox_dn_0: 0.0039 (0.0041)  loss_giou_dn_0: 0.2103 (0.2159)  loss_fgl_dn_0: 1.3557 (1.3559)  loss_ddf_dn_0: 0.0331 (0.0336)  loss_mal_dn_1: 0.4101 (0.4189)  loss_bbox_dn_1: 0.0026 (0.0027)  loss_giou_dn_1: 0.1460 (0.1529)  loss_fgl_dn_1: 1.3573 (1.3587)  loss_ddf_dn_1: 0.0011 (0.0011)  loss_mal_dn_2: 0.4047 (0.4139)  loss_bbox_dn_2: 0.0025 (0.0027)  loss_giou_dn_2: 0.1453 (0.1508)  loss_fgl_dn_2: 1.3582 (1.3590)  loss_ddf_dn_2: -0.0000 (0.0000)  loss_mal_dn_pre: 0.5414 (0.5516)  loss_bbox_dn_pre: 0.0039 (0.0041)  loss_giou_dn_pre: 0.2099 (0.2155)  time: 0.5991  data: 0.0158  max mem: 5224
Epoch: [27/30]  [30/44]  eta: 0:00:08  lr: 0.000010  loss: 14.0262 (14.0740)  loss_mal: 0.4118 (0.4136)  loss_bbox: 0.0026 (0.0027)  loss_giou: 0.1513 (0.1546)  loss_fgl: 1.3558 (1.3585)  loss_mal_aux_0: 0.4538 (0.4573)  loss_bbox_aux_0: 0.0029 (0.0030)  loss_giou_aux_0: 0.1652 (0.1688)  loss_fgl_aux_0: 1.3544 (1.3583)  loss_ddf_aux_0: 0.0072 (0.0075)  loss_mal_aux_1: 0.4158 (0.4188)  loss_bbox_aux_1: 0.0026 (0.0028)  loss_giou_aux_1: 0.1517 (0.1551)  loss_fgl_aux_1: 1.3547 (1.3584)  loss_ddf_aux_1: 0.0004 (0.0004)  loss_mal_pre: 0.4509 (0.4568)  loss_bbox_pre: 0.0029 (0.0030)  loss_giou_pre: 0.1639 (0.1684)  loss_mal_enc_0: 0.5681 (0.5797)  loss_bbox_enc_0: 0.0042 (0.0044)  loss_giou_enc_0: 0.2256 (0.2236)  loss_mal_dn_0: 0.5415 (0.5420)  loss_bbox_dn_0: 0.0040 (0.0041)  loss_giou_dn_0: 0.2149 (0.2156)  loss_fgl_dn_0: 1.3555 (1.3538)  loss_ddf_dn_0: 0.0329 (0.0337)  loss_mal_dn_1: 0.4194 (0.4201)  loss_bbox_dn_1: 0.0026 (0.0027)  loss_giou_dn_1: 0.1536 (0.1536)  loss_fgl_dn_1: 1.3527 (1.3560)  loss_ddf_dn_1: 0.0010 (0.0011)  loss_mal_dn_2: 0.4153 (0.4152)  loss_bbox_dn_2: 0.0026 (0.0027)  loss_giou_dn_2: 0.1512 (0.1519)  loss_fgl_dn_2: 1.3530 (1.3562)  loss_ddf_dn_2: -0.0000 (0.0000)  loss_mal_dn_pre: 0.5501 (0.5501)  loss_bbox_dn_pre: 0.0040 (0.0041)  loss_giou_dn_pre: 0.2141 (0.2152)  time: 0.6425  data: 0.0168  max mem: 5224
Epoch: [27/30]  [40/44]  eta: 0:00:02  lr: 0.000010  loss: 14.0034 (14.1190)  loss_mal: 0.4144 (0.4200)  loss_bbox: 0.0026 (0.0028)  loss_giou: 0.1513 (0.1579)  loss_fgl: 1.3488 (1.3552)  loss_mal_aux_0: 0.4551 (0.4646)  loss_bbox_aux_0: 0.0029 (0.0031)  loss_giou_aux_0: 0.1652 (0.1720)  loss_fgl_aux_0: 1.3480 (1.3550)  loss_ddf_aux_0: 0.0075 (0.0076)  loss_mal_aux_1: 0.4223 (0.4250)  loss_bbox_aux_1: 0.0026 (0.0028)  loss_giou_aux_1: 0.1517 (0.1585)  loss_fgl_aux_1: 1.3481 (1.3551)  loss_ddf_aux_1: 0.0004 (0.0004)  loss_mal_pre: 0.4540 (0.4639)  loss_bbox_pre: 0.0028 (0.0031)  loss_giou_pre: 0.1639 (0.1715)  loss_mal_enc_0: 0.5681 (0.5845)  loss_bbox_enc_0: 0.0040 (0.0044)  loss_giou_enc_0: 0.2172 (0.2254)  loss_mal_dn_0: 0.5384 (0.5435)  loss_bbox_dn_0: 0.0038 (0.0041)  loss_giou_dn_0: 0.2122 (0.2171)  loss_fgl_dn_0: 1.3448 (1.3509)  loss_ddf_dn_0: 0.0332 (0.0340)  loss_mal_dn_1: 0.4183 (0.4235)  loss_bbox_dn_1: 0.0026 (0.0028)  loss_giou_dn_1: 0.1532 (0.1559)  loss_fgl_dn_1: 1.3449 (1.3525)  loss_ddf_dn_1: 0.0012 (0.0011)  loss_mal_dn_2: 0.4085 (0.4187)  loss_bbox_dn_2: 0.0026 (0.0027)  loss_giou_dn_2: 0.1510 (0.1540)  loss_fgl_dn_2: 1.3450 (1.3528)  loss_ddf_dn_2: -0.0000 (0.0000)  loss_mal_dn_pre: 0.5471 (0.5515)  loss_bbox_dn_pre: 0.0039 (0.0041)  loss_giou_dn_pre: 0.2112 (0.2168)  time: 0.6931  data: 0.0168  max mem: 5224
Epoch: [27/30]  [43/44]  eta: 0:00:00  lr: 0.000010  loss: 13.9595 (14.0931)  loss_mal: 0.4121 (0.4177)  loss_bbox: 0.0026 (0.0028)  loss_giou: 0.1496 (0.1564)  loss_fgl: 1.3540 (1.3562)  loss_mal_aux_0: 0.4538 (0.4614)  loss_bbox_aux_0: 0.0028 (0.0031)  loss_giou_aux_0: 0.1638 (0.1703)  loss_fgl_aux_0: 1.3543 (1.3559)  loss_ddf_aux_0: 0.0073 (0.0075)  loss_mal_aux_1: 0.4148 (0.4224)  loss_bbox_aux_1: 0.0026 (0.0028)  loss_giou_aux_1: 0.1476 (0.1569)  loss_fgl_aux_1: 1.3544 (1.3562)  loss_ddf_aux_1: 0.0004 (0.0004)  loss_mal_pre: 0.4509 (0.4608)  loss_bbox_pre: 0.0028 (0.0031)  loss_giou_pre: 0.1611 (0.1699)  loss_mal_enc_0: 0.5674 (0.5830)  loss_bbox_enc_0: 0.0037 (0.0044)  loss_giou_enc_0: 0.2097 (0.2241)  loss_mal_dn_0: 0.5322 (0.5421)  loss_bbox_dn_0: 0.0038 (0.0041)  loss_giou_dn_0: 0.2069 (0.2155)  loss_fgl_dn_0: 1.3475 (1.3518)  loss_ddf_dn_0: 0.0332 (0.0339)  loss_mal_dn_1: 0.4179 (0.4220)  loss_bbox_dn_1: 0.0026 (0.0027)  loss_giou_dn_1: 0.1509 (0.1548)  loss_fgl_dn_1: 1.3480 (1.3536)  loss_ddf_dn_1: 0.0011 (0.0011)  loss_mal_dn_2: 0.4085 (0.4172)  loss_bbox_dn_2: 0.0025 (0.0027)  loss_giou_dn_2: 0.1493 (0.1530)  loss_fgl_dn_2: 1.3484 (1.3539)  loss_ddf_dn_2: -0.0000 (0.0000)  loss_mal_dn_pre: 0.5393 (0.5503)  loss_bbox_dn_pre: 0.0038 (0.0041)  loss_giou_dn_pre: 0.2072 (0.2153)  time: 0.6721  data: 0.0165  max mem: 5224
Epoch: [27/30] Total time: 0:00:28 (0.6476 s / it)
Averaged stats: lr: 0.000010  loss: 13.9595 (14.0931)  loss_mal: 0.4121 (0.4177)  loss_bbox: 0.0026 (0.0028)  loss_giou: 0.1496 (0.1564)  loss_fgl: 1.3540 (1.3562)  loss_mal_aux_0: 0.4538 (0.4614)  loss_bbox_aux_0: 0.0028 (0.0031)  loss_giou_aux_0: 0.1638 (0.1703)  loss_fgl_aux_0: 1.3543 (1.3559)  loss_ddf_aux_0: 0.0073 (0.0075)  loss_mal_aux_1: 0.4148 (0.4224)  loss_bbox_aux_1: 0.0026 (0.0028)  loss_giou_aux_1: 0.1476 (0.1569)  loss_fgl_aux_1: 1.3544 (1.3562)  loss_ddf_aux_1: 0.0004 (0.0004)  loss_mal_pre: 0.4509 (0.4608)  loss_bbox_pre: 0.0028 (0.0031)  loss_giou_pre: 0.1611 (0.1699)  loss_mal_enc_0: 0.5674 (0.5830)  loss_bbox_enc_0: 0.0037 (0.0044)  loss_giou_enc_0: 0.2097 (0.2241)  loss_mal_dn_0: 0.5322 (0.5421)  loss_bbox_dn_0: 0.0038 (0.0041)  loss_giou_dn_0: 0.2069 (0.2155)  loss_fgl_dn_0: 1.3475 (1.3518)  loss_ddf_dn_0: 0.0332 (0.0339)  loss_mal_dn_1: 0.4179 (0.4220)  loss_bbox_dn_1: 0.0026 (0.0027)  loss_giou_dn_1: 0.1509 (0.1548)  loss_fgl_dn_1: 1.3480 (1.3536)  loss_ddf_dn_1: 0.0011 (0.0011)  loss_mal_dn_2: 0.4085 (0.4172)  loss_bbox_dn_2: 0.0025 (0.0027)  loss_giou_dn_2: 0.1493 (0.1530)  loss_fgl_dn_2: 1.3484 (1.3539)  loss_ddf_dn_2: -0.0000 (0.0000)  loss_mal_dn_pre: 0.5393 (0.5503)  loss_bbox_dn_pre: 0.0038 (0.0041)  loss_giou_dn_pre: 0.2072 (0.2153)
Test:  [0/9]  eta: 0:00:03    time: 0.3383  data: 0.2446  max mem: 5224
Test:  [8/9]  eta: 0:00:00    time: 0.1378  data: 0.0445  max mem: 5224
Test: Total time: 0:00:01 (0.1424 s / it)
Metrics: {'f1': 0.9619377162629758, 'precision': 0.9586206896551724, 'recall': 0.9652777777777778, 'iou': 0.6514057421684265, 'TPs': 139, 'FPs': 6, 'FNs': 5}
Averaged stats: 
Accumulating evaluation results...
COCOeval_opt.accumulate() finished...
DONE (t=0.01s).
IoU metric: bbox
 Average Precision  (AP) @[ IoU=0.50:0.95 | area=   all | maxDets=100 ] = 0.351
 Average Precision  (AP) @[ IoU=0.50      | area=   all | maxDets=100 ] = 0.949
 Average Precision  (AP) @[ IoU=0.75      | area=   all | maxDets=100 ] = 0.134
 Average Precision  (AP) @[ IoU=0.50:0.95 | area= small | maxDets=100 ] = 0.352
 Average Precision  (AP) @[ IoU=0.50:0.95 | area=medium | maxDets=100 ] = -1.000
 Average Precision  (AP) @[ IoU=0.50:0.95 | area= large | maxDets=100 ] = -1.000
 Average Recall     (AR) @[ IoU=0.50:0.95 | area=   all | maxDets=  1 ] = 0.199
 Average Recall     (AR) @[ IoU=0.50:0.95 | area=   all | maxDets= 10 ] = 0.459
 Average Recall     (AR) @[ IoU=0.50:0.95 | area=   all | maxDets=100 ] = 0.576
 Average Recall     (AR) @[ IoU=0.50:0.95 | area= small | maxDets=100 ] = 0.576
 Average Recall     (AR) @[ IoU=0.50:0.95 | area=medium | maxDets=100 ] = -1.000
 Average Recall     (AR) @[ IoU=0.50:0.95 | area= large | maxDets=100 ] = -1.000
 Average Recall     (AR) @[ IoU=0.50      | area=   all | maxDets=100 ] = 0.986
 Average Recall     (AR) @[ IoU=0.75      | area=   all | maxDets=100 ] = 0.562
best_stat: {'epoch': 3, 'coco_eval_bbox': 0.3716614965139037}
Epoch: [28/30]  [ 0/44]  eta: 0:00:40  lr: 0.000010  loss: 13.8796 (13.8796)  loss_mal: 0.3769 (0.3769)  loss_bbox: 0.0021 (0.0021)  loss_giou: 0.1273 (0.1273)  loss_fgl: 1.3444 (1.3444)  loss_mal_aux_0: 0.4912 (0.4912)  loss_bbox_aux_0: 0.0025 (0.0025)  loss_giou_aux_0: 0.1441 (0.1441)  loss_fgl_aux_0: 1.3428 (1.3428)  loss_ddf_aux_0: 0.0088 (0.0088)  loss_mal_aux_1: 0.3927 (0.3927)  loss_bbox_aux_1: 0.0021 (0.0021)  loss_giou_aux_1: 0.1284 (0.1284)  loss_fgl_aux_1: 1.3442 (1.3442)  loss_ddf_aux_1: 0.0004 (0.0004)  loss_mal_pre: 0.4940 (0.4940)  loss_bbox_pre: 0.0025 (0.0025)  loss_giou_pre: 0.1470 (0.1470)  loss_mal_enc_0: 0.6283 (0.6283)  loss_bbox_enc_0: 0.0045 (0.0045)  loss_giou_enc_0: 0.2224 (0.2224)  loss_mal_dn_0: 0.5411 (0.5411)  loss_bbox_dn_0: 0.0041 (0.0041)  loss_giou_dn_0: 0.2175 (0.2175)  loss_fgl_dn_0: 1.3380 (1.3380)  loss_ddf_dn_0: 0.0380 (0.0380)  loss_mal_dn_1: 0.4001 (0.4001)  loss_bbox_dn_1: 0.0025 (0.0025)  loss_giou_dn_1: 0.1418 (0.1418)  loss_fgl_dn_1: 1.3372 (1.3372)  loss_ddf_dn_1: 0.0012 (0.0012)  loss_mal_dn_2: 0.3973 (0.3973)  loss_bbox_dn_2: 0.0024 (0.0024)  loss_giou_dn_2: 0.1382 (0.1382)  loss_fgl_dn_2: 1.3395 (1.3395)  loss_ddf_dn_2: -0.0000 (0.0000)  loss_mal_dn_pre: 0.5530 (0.5530)  loss_bbox_dn_pre: 0.0040 (0.0040)  loss_giou_dn_pre: 0.2171 (0.2171)  time: 0.9125  data: 0.2328  max mem: 5224
Epoch: [28/30]  [10/44]  eta: 0:00:21  lr: 0.000010  loss: 13.6989 (13.8121)  loss_mal: 0.3812 (0.3864)  loss_bbox: 0.0022 (0.0023)  loss_giou: 0.1273 (0.1363)  loss_fgl: 1.3671 (1.3669)  loss_mal_aux_0: 0.4135 (0.4326)  loss_bbox_aux_0: 0.0026 (0.0026)  loss_giou_aux_0: 0.1439 (0.1464)  loss_fgl_aux_0: 1.3669 (1.3675)  loss_ddf_aux_0: 0.0078 (0.0079)  loss_mal_aux_1: 0.3927 (0.3904)  loss_bbox_aux_1: 0.0022 (0.0023)  loss_giou_aux_1: 0.1284 (0.1363)  loss_fgl_aux_1: 1.3677 (1.3673)  loss_ddf_aux_1: 0.0004 (0.0004)  loss_mal_pre: 0.4182 (0.4331)  loss_bbox_pre: 0.0025 (0.0026)  loss_giou_pre: 0.1429 (0.1465)  loss_mal_enc_0: 0.5850 (0.5828)  loss_bbox_enc_0: 0.0040 (0.0042)  loss_giou_enc_0: 0.2181 (0.2152)  loss_mal_dn_0: 0.5273 (0.5278)  loss_bbox_dn_0: 0.0037 (0.0037)  loss_giou_dn_0: 0.1986 (0.2030)  loss_fgl_dn_0: 1.3592 (1.3583)  loss_ddf_dn_0: 0.0321 (0.0326)  loss_mal_dn_1: 0.3996 (0.4020)  loss_bbox_dn_1: 0.0023 (0.0024)  loss_giou_dn_1: 0.1418 (0.1423)  loss_fgl_dn_1: 1.3647 (1.3614)  loss_ddf_dn_1: 0.0012 (0.0011)  loss_mal_dn_2: 0.3973 (0.3983)  loss_bbox_dn_2: 0.0023 (0.0024)  loss_giou_dn_2: 0.1382 (0.1404)  loss_fgl_dn_2: 1.3656 (1.3616)  loss_ddf_dn_2: -0.0000 (0.0000)  loss_mal_dn_pre: 0.5361 (0.5374)  loss_bbox_dn_pre: 0.0037 (0.0037)  loss_giou_dn_pre: 0.2006 (0.2036)  time: 0.6284  data: 0.0357  max mem: 5224
Epoch: [28/30]  [20/44]  eta: 0:00:16  lr: 0.000010  loss: 13.9194 (13.9643)  loss_mal: 0.3934 (0.4009)  loss_bbox: 0.0026 (0.0026)  loss_giou: 0.1455 (0.1470)  loss_fgl: 1.3671 (1.3617)  loss_mal_aux_0: 0.4272 (0.4527)  loss_bbox_aux_0: 0.0028 (0.0028)  loss_giou_aux_0: 0.1499 (0.1579)  loss_fgl_aux_0: 1.3669 (1.3612)  loss_ddf_aux_0: 0.0080 (0.0081)  loss_mal_aux_1: 0.3949 (0.4073)  loss_bbox_aux_1: 0.0026 (0.0026)  loss_giou_aux_1: 0.1417 (0.1470)  loss_fgl_aux_1: 1.3677 (1.3618)  loss_ddf_aux_1: 0.0004 (0.0004)  loss_mal_pre: 0.4305 (0.4527)  loss_bbox_pre: 0.0028 (0.0028)  loss_giou_pre: 0.1466 (0.1585)  loss_mal_enc_0: 0.5742 (0.5822)  loss_bbox_enc_0: 0.0040 (0.0043)  loss_giou_enc_0: 0.2181 (0.2189)  loss_mal_dn_0: 0.5286 (0.5335)  loss_bbox_dn_0: 0.0037 (0.0039)  loss_giou_dn_0: 0.2045 (0.2096)  loss_fgl_dn_0: 1.3592 (1.3540)  loss_ddf_dn_0: 0.0347 (0.0347)  loss_mal_dn_1: 0.4034 (0.4129)  loss_bbox_dn_1: 0.0026 (0.0026)  loss_giou_dn_1: 0.1437 (0.1495)  loss_fgl_dn_1: 1.3647 (1.3564)  loss_ddf_dn_1: 0.0013 (0.0013)  loss_mal_dn_2: 0.4015 (0.4095)  loss_bbox_dn_2: 0.0025 (0.0026)  loss_giou_dn_2: 0.1417 (0.1477)  loss_fgl_dn_2: 1.3656 (1.3566)  loss_ddf_dn_2: -0.0000 (0.0000)  loss_mal_dn_pre: 0.5361 (0.5423)  loss_bbox_dn_pre: 0.0037 (0.0039)  loss_giou_dn_pre: 0.2037 (0.2096)  time: 0.6580  data: 0.0167  max mem: 5224
Epoch: [28/30]  [30/44]  eta: 0:00:09  lr: 0.000010  loss: 14.0917 (14.0239)  loss_mal: 0.4076 (0.4098)  loss_bbox: 0.0028 (0.0027)  loss_giou: 0.1485 (0.1509)  loss_fgl: 1.3672 (1.3610)  loss_mal_aux_0: 0.4695 (0.4565)  loss_bbox_aux_0: 0.0030 (0.0029)  loss_giou_aux_0: 0.1639 (0.1614)  loss_fgl_aux_0: 1.3661 (1.3606)  loss_ddf_aux_0: 0.0072 (0.0077)  loss_mal_aux_1: 0.4167 (0.4171)  loss_bbox_aux_1: 0.0028 (0.0027)  loss_giou_aux_1: 0.1521 (0.1513)  loss_fgl_aux_1: 1.3673 (1.3610)  loss_ddf_aux_1: 0.0004 (0.0004)  loss_mal_pre: 0.4678 (0.4564)  loss_bbox_pre: 0.0030 (0.0029)  loss_giou_pre: 0.1632 (0.1618)  loss_mal_enc_0: 0.5795 (0.5809)  loss_bbox_enc_0: 0.0043 (0.0043)  loss_giou_enc_0: 0.2192 (0.2206)  loss_mal_dn_0: 0.5300 (0.5356)  loss_bbox_dn_0: 0.0042 (0.0040)  loss_giou_dn_0: 0.2096 (0.2110)  loss_fgl_dn_0: 1.3565 (1.3538)  loss_ddf_dn_0: 0.0347 (0.0342)  loss_mal_dn_1: 0.4239 (0.4180)  loss_bbox_dn_1: 0.0028 (0.0027)  loss_giou_dn_1: 0.1508 (0.1522)  loss_fgl_dn_1: 1.3598 (1.3558)  loss_ddf_dn_1: 0.0013 (0.0013)  loss_mal_dn_2: 0.4203 (0.4142)  loss_bbox_dn_2: 0.0028 (0.0027)  loss_giou_dn_2: 0.1495 (0.1502)  loss_fgl_dn_2: 1.3607 (1.3560)  loss_ddf_dn_2: -0.0000 (0.0000)  loss_mal_dn_pre: 0.5390 (0.5441)  loss_bbox_dn_pre: 0.0042 (0.0040)  loss_giou_dn_pre: 0.2090 (0.2111)  time: 0.7148  data: 0.0168  max mem: 5224
Epoch: [28/30]  [40/44]  eta: 0:00:02  lr: 0.000010  loss: 13.9821 (14.0323)  loss_mal: 0.4103 (0.4125)  loss_bbox: 0.0028 (0.0027)  loss_giou: 0.1505 (0.1528)  loss_fgl: 1.3570 (1.3587)  loss_mal_aux_0: 0.4612 (0.4582)  loss_bbox_aux_0: 0.0030 (0.0030)  loss_giou_aux_0: 0.1632 (0.1638)  loss_fgl_aux_0: 1.3593 (1.3585)  loss_ddf_aux_0: 0.0069 (0.0075)  loss_mal_aux_1: 0.4139 (0.4201)  loss_bbox_aux_1: 0.0028 (0.0027)  loss_giou_aux_1: 0.1521 (0.1533)  loss_fgl_aux_1: 1.3565 (1.3588)  loss_ddf_aux_1: 0.0004 (0.0004)  loss_mal_pre: 0.4542 (0.4575)  loss_bbox_pre: 0.0030 (0.0030)  loss_giou_pre: 0.1589 (0.1637)  loss_mal_enc_0: 0.5732 (0.5753)  loss_bbox_enc_0: 0.0041 (0.0042)  loss_giou_enc_0: 0.2162 (0.2184)  loss_mal_dn_0: 0.5299 (0.5372)  loss_bbox_dn_0: 0.0038 (0.0040)  loss_giou_dn_0: 0.2058 (0.2123)  loss_fgl_dn_0: 1.3516 (1.3523)  loss_ddf_dn_0: 0.0318 (0.0337)  loss_mal_dn_1: 0.4204 (0.4196)  loss_bbox_dn_1: 0.0027 (0.0027)  loss_giou_dn_1: 0.1496 (0.1534)  loss_fgl_dn_1: 1.3540 (1.3540)  loss_ddf_dn_1: 0.0012 (0.0013)  loss_mal_dn_2: 0.4186 (0.4163)  loss_bbox_dn_2: 0.0027 (0.0027)  loss_giou_dn_2: 0.1494 (0.1517)  loss_fgl_dn_2: 1.3543 (1.3541)  loss_ddf_dn_2: -0.0000 (0.0000)  loss_mal_dn_pre: 0.5400 (0.5458)  loss_bbox_dn_pre: 0.0038 (0.0040)  loss_giou_dn_pre: 0.2062 (0.2122)  time: 0.6911  data: 0.0167  max mem: 5224
Epoch: [28/30]  [43/44]  eta: 0:00:00  lr: 0.000010  loss: 13.9817 (14.0246)  loss_mal: 0.4103 (0.4115)  loss_bbox: 0.0027 (0.0027)  loss_giou: 0.1505 (0.1521)  loss_fgl: 1.3588 (1.3594)  loss_mal_aux_0: 0.4612 (0.4573)  loss_bbox_aux_0: 0.0031 (0.0029)  loss_giou_aux_0: 0.1632 (0.1635)  loss_fgl_aux_0: 1.3609 (1.3592)  loss_ddf_aux_0: 0.0069 (0.0075)  loss_mal_aux_1: 0.4313 (0.4187)  loss_bbox_aux_1: 0.0027 (0.0027)  loss_giou_aux_1: 0.1514 (0.1525)  loss_fgl_aux_1: 1.3595 (1.3594)  loss_ddf_aux_1: 0.0004 (0.0004)  loss_mal_pre: 0.4542 (0.4567)  loss_bbox_pre: 0.0030 (0.0029)  loss_giou_pre: 0.1603 (0.1634)  loss_mal_enc_0: 0.5637 (0.5746)  loss_bbox_enc_0: 0.0040 (0.0042)  loss_giou_enc_0: 0.2144 (0.2180)  loss_mal_dn_0: 0.5299 (0.5366)  loss_bbox_dn_0: 0.0038 (0.0040)  loss_giou_dn_0: 0.2116 (0.2116)  loss_fgl_dn_0: 1.3542 (1.3532)  loss_ddf_dn_0: 0.0320 (0.0337)  loss_mal_dn_1: 0.4135 (0.4191)  loss_bbox_dn_1: 0.0027 (0.0027)  loss_giou_dn_1: 0.1468 (0.1529)  loss_fgl_dn_1: 1.3560 (1.3549)  loss_ddf_dn_1: 0.0012 (0.0013)  loss_mal_dn_2: 0.4103 (0.4155)  loss_bbox_dn_2: 0.0026 (0.0027)  loss_giou_dn_2: 0.1460 (0.1512)  loss_fgl_dn_2: 1.3561 (1.3551)  loss_ddf_dn_2: -0.0000 (0.0000)  loss_mal_dn_pre: 0.5400 (0.5451)  loss_bbox_dn_pre: 0.0038 (0.0040)  loss_giou_dn_pre: 0.2104 (0.2115)  time: 0.6929  data: 0.0164  max mem: 5224
Epoch: [28/30] Total time: 0:00:30 (0.6838 s / it)
Averaged stats: lr: 0.000010  loss: 13.9817 (14.0246)  loss_mal: 0.4103 (0.4115)  loss_bbox: 0.0027 (0.0027)  loss_giou: 0.1505 (0.1521)  loss_fgl: 1.3588 (1.3594)  loss_mal_aux_0: 0.4612 (0.4573)  loss_bbox_aux_0: 0.0031 (0.0029)  loss_giou_aux_0: 0.1632 (0.1635)  loss_fgl_aux_0: 1.3609 (1.3592)  loss_ddf_aux_0: 0.0069 (0.0075)  loss_mal_aux_1: 0.4313 (0.4187)  loss_bbox_aux_1: 0.0027 (0.0027)  loss_giou_aux_1: 0.1514 (0.1525)  loss_fgl_aux_1: 1.3595 (1.3594)  loss_ddf_aux_1: 0.0004 (0.0004)  loss_mal_pre: 0.4542 (0.4567)  loss_bbox_pre: 0.0030 (0.0029)  loss_giou_pre: 0.1603 (0.1634)  loss_mal_enc_0: 0.5637 (0.5746)  loss_bbox_enc_0: 0.0040 (0.0042)  loss_giou_enc_0: 0.2144 (0.2180)  loss_mal_dn_0: 0.5299 (0.5366)  loss_bbox_dn_0: 0.0038 (0.0040)  loss_giou_dn_0: 0.2116 (0.2116)  loss_fgl_dn_0: 1.3542 (1.3532)  loss_ddf_dn_0: 0.0320 (0.0337)  loss_mal_dn_1: 0.4135 (0.4191)  loss_bbox_dn_1: 0.0027 (0.0027)  loss_giou_dn_1: 0.1468 (0.1529)  loss_fgl_dn_1: 1.3560 (1.3549)  loss_ddf_dn_1: 0.0012 (0.0013)  loss_mal_dn_2: 0.4103 (0.4155)  loss_bbox_dn_2: 0.0026 (0.0027)  loss_giou_dn_2: 0.1460 (0.1512)  loss_fgl_dn_2: 1.3561 (1.3551)  loss_ddf_dn_2: -0.0000 (0.0000)  loss_mal_dn_pre: 0.5400 (0.5451)  loss_bbox_dn_pre: 0.0038 (0.0040)  loss_giou_dn_pre: 0.2104 (0.2115)
Test:  [0/9]  eta: 0:00:03    time: 0.3448  data: 0.2560  max mem: 5224
Test:  [8/9]  eta: 0:00:00    time: 0.1747  data: 0.0489  max mem: 5224
Test: Total time: 0:00:01 (0.1807 s / it)
Metrics: {'f1': 0.9586206896551724, 'precision': 0.952054794520548, 'recall': 0.9652777777777778, 'iou': 0.6472732393157403, 'TPs': 139, 'FPs': 7, 'FNs': 5}
Averaged stats: 
Accumulating evaluation results...
COCOeval_opt.accumulate() finished...
DONE (t=0.01s).
IoU metric: bbox
 Average Precision  (AP) @[ IoU=0.50:0.95 | area=   all | maxDets=100 ] = 0.352
 Average Precision  (AP) @[ IoU=0.50      | area=   all | maxDets=100 ] = 0.949
 Average Precision  (AP) @[ IoU=0.75      | area=   all | maxDets=100 ] = 0.135
 Average Precision  (AP) @[ IoU=0.50:0.95 | area= small | maxDets=100 ] = 0.352
 Average Precision  (AP) @[ IoU=0.50:0.95 | area=medium | maxDets=100 ] = -1.000
 Average Precision  (AP) @[ IoU=0.50:0.95 | area= large | maxDets=100 ] = -1.000
 Average Recall     (AR) @[ IoU=0.50:0.95 | area=   all | maxDets=  1 ] = 0.198
 Average Recall     (AR) @[ IoU=0.50:0.95 | area=   all | maxDets= 10 ] = 0.459
 Average Recall     (AR) @[ IoU=0.50:0.95 | area=   all | maxDets=100 ] = 0.574
 Average Recall     (AR) @[ IoU=0.50:0.95 | area= small | maxDets=100 ] = 0.574
 Average Recall     (AR) @[ IoU=0.50:0.95 | area=medium | maxDets=100 ] = -1.000
 Average Recall     (AR) @[ IoU=0.50:0.95 | area= large | maxDets=100 ] = -1.000
 Average Recall     (AR) @[ IoU=0.50      | area=   all | maxDets=100 ] = 0.986
 Average Recall     (AR) @[ IoU=0.75      | area=   all | maxDets=100 ] = 0.576
best_stat: {'epoch': 3, 'coco_eval_bbox': 0.3716614965139037}
Epoch: [29/30]  [ 0/44]  eta: 0:00:38  lr: 0.000010  loss: 14.0859 (14.0859)  loss_mal: 0.4015 (0.4015)  loss_bbox: 0.0027 (0.0027)  loss_giou: 0.1516 (0.1516)  loss_fgl: 1.3619 (1.3619)  loss_mal_aux_0: 0.4863 (0.4863)  loss_bbox_aux_0: 0.0031 (0.0031)  loss_giou_aux_0: 0.1743 (0.1743)  loss_fgl_aux_0: 1.3595 (1.3595)  loss_ddf_aux_0: 0.0077 (0.0077)  loss_mal_aux_1: 0.4050 (0.4050)  loss_bbox_aux_1: 0.0027 (0.0027)  loss_giou_aux_1: 0.1530 (0.1530)  loss_fgl_aux_1: 1.3612 (1.3612)  loss_ddf_aux_1: 0.0004 (0.0004)  loss_mal_pre: 0.4842 (0.4842)  loss_bbox_pre: 0.0031 (0.0031)  loss_giou_pre: 0.1735 (0.1735)  loss_mal_enc_0: 0.5558 (0.5558)  loss_bbox_enc_0: 0.0041 (0.0041)  loss_giou_enc_0: 0.2068 (0.2068)  loss_mal_dn_0: 0.5484 (0.5484)  loss_bbox_dn_0: 0.0041 (0.0041)  loss_giou_dn_0: 0.2217 (0.2217)  loss_fgl_dn_0: 1.3585 (1.3585)  loss_ddf_dn_0: 0.0490 (0.0490)  loss_mal_dn_1: 0.4056 (0.4056)  loss_bbox_dn_1: 0.0025 (0.0025)  loss_giou_dn_1: 0.1421 (0.1421)  loss_fgl_dn_1: 1.3651 (1.3651)  loss_ddf_dn_1: 0.0010 (0.0010)  loss_mal_dn_2: 0.4036 (0.4036)  loss_bbox_dn_2: 0.0025 (0.0025)  loss_giou_dn_2: 0.1423 (0.1423)  loss_fgl_dn_2: 1.3648 (1.3648)  loss_ddf_dn_2: -0.0000 (0.0000)  loss_mal_dn_pre: 0.5527 (0.5527)  loss_bbox_dn_pre: 0.0041 (0.0041)  loss_giou_dn_pre: 0.2195 (0.2195)  time: 0.8782  data: 0.3064  max mem: 5224
Epoch: [29/30]  [10/44]  eta: 0:00:23  lr: 0.000010  loss: 13.8724 (13.9142)  loss_mal: 0.3780 (0.3971)  loss_bbox: 0.0023 (0.0027)  loss_giou: 0.1307 (0.1452)  loss_fgl: 1.3619 (1.3619)  loss_mal_aux_0: 0.4246 (0.4492)  loss_bbox_aux_0: 0.0026 (0.0030)  loss_giou_aux_0: 0.1491 (0.1617)  loss_fgl_aux_0: 1.3595 (1.3592)  loss_ddf_aux_0: 0.0077 (0.0079)  loss_mal_aux_1: 0.3813 (0.3984)  loss_bbox_aux_1: 0.0023 (0.0027)  loss_giou_aux_1: 0.1317 (0.1448)  loss_fgl_aux_1: 1.3612 (1.3622)  loss_ddf_aux_1: 0.0004 (0.0004)  loss_mal_pre: 0.4282 (0.4506)  loss_bbox_pre: 0.0027 (0.0030)  loss_giou_pre: 0.1510 (0.1627)  loss_mal_enc_0: 0.5490 (0.5696)  loss_bbox_enc_0: 0.0041 (0.0044)  loss_giou_enc_0: 0.2056 (0.2162)  loss_mal_dn_0: 0.5315 (0.5319)  loss_bbox_dn_0: 0.0038 (0.0040)  loss_giou_dn_0: 0.2093 (0.2096)  loss_fgl_dn_0: 1.3538 (1.3536)  loss_ddf_dn_0: 0.0362 (0.0356)  loss_mal_dn_1: 0.3994 (0.4069)  loss_bbox_dn_1: 0.0023 (0.0027)  loss_giou_dn_1: 0.1396 (0.1464)  loss_fgl_dn_1: 1.3568 (1.3567)  loss_ddf_dn_1: 0.0014 (0.0014)  loss_mal_dn_2: 0.3934 (0.4045)  loss_bbox_dn_2: 0.0023 (0.0026)  loss_giou_dn_2: 0.1371 (0.1452)  loss_fgl_dn_2: 1.3570 (1.3567)  loss_ddf_dn_2: -0.0000 (0.0000)  loss_mal_dn_pre: 0.5419 (0.5401)  loss_bbox_dn_pre: 0.0038 (0.0040)  loss_giou_dn_pre: 0.2080 (0.2094)  time: 0.6974  data: 0.0430  max mem: 5224
Epoch: [29/30]  [20/44]  eta: 0:00:16  lr: 0.000010  loss: 13.7716 (13.7972)  loss_mal: 0.3780 (0.3891)  loss_bbox: 0.0023 (0.0025)  loss_giou: 0.1310 (0.1398)  loss_fgl: 1.3626 (1.3623)  loss_mal_aux_0: 0.4219 (0.4406)  loss_bbox_aux_0: 0.0025 (0.0028)  loss_giou_aux_0: 0.1491 (0.1561)  loss_fgl_aux_0: 1.3605 (1.3602)  loss_ddf_aux_0: 0.0073 (0.0074)  loss_mal_aux_1: 0.3813 (0.3937)  loss_bbox_aux_1: 0.0023 (0.0025)  loss_giou_aux_1: 0.1317 (0.1400)  loss_fgl_aux_1: 1.3629 (1.3624)  loss_ddf_aux_1: 0.0004 (0.0004)  loss_mal_pre: 0.4245 (0.4407)  loss_bbox_pre: 0.0026 (0.0029)  loss_giou_pre: 0.1510 (0.1561)  loss_mal_enc_0: 0.5490 (0.5660)  loss_bbox_enc_0: 0.0038 (0.0041)  loss_giou_enc_0: 0.1958 (0.2081)  loss_mal_dn_0: 0.5196 (0.5237)  loss_bbox_dn_0: 0.0036 (0.0039)  loss_giou_dn_0: 0.1984 (0.2030)  loss_fgl_dn_0: 1.3538 (1.3559)  loss_ddf_dn_0: 0.0320 (0.0338)  loss_mal_dn_1: 0.3951 (0.3992)  loss_bbox_dn_1: 0.0023 (0.0025)  loss_giou_dn_1: 0.1361 (0.1413)  loss_fgl_dn_1: 1.3568 (1.3585)  loss_ddf_dn_1: 0.0013 (0.0013)  loss_mal_dn_2: 0.3888 (0.3960)  loss_bbox_dn_2: 0.0023 (0.0025)  loss_giou_dn_2: 0.1347 (0.1399)  loss_fgl_dn_2: 1.3570 (1.3586)  loss_ddf_dn_2: -0.0000 (0.0000)  loss_mal_dn_pre: 0.5304 (0.5326)  loss_bbox_dn_pre: 0.0036 (0.0039)  loss_giou_dn_pre: 0.1978 (0.2030)  time: 0.6714  data: 0.0166  max mem: 5224
Epoch: [29/30]  [30/44]  eta: 0:00:09  lr: 0.000010  loss: 13.6912 (13.7645)  loss_mal: 0.3819 (0.3878)  loss_bbox: 0.0023 (0.0025)  loss_giou: 0.1349 (0.1388)  loss_fgl: 1.3626 (1.3612)  loss_mal_aux_0: 0.4258 (0.4376)  loss_bbox_aux_0: 0.0026 (0.0027)  loss_giou_aux_0: 0.1524 (0.1541)  loss_fgl_aux_0: 1.3611 (1.3596)  loss_ddf_aux_0: 0.0066 (0.0074)  loss_mal_aux_1: 0.3834 (0.3932)  loss_bbox_aux_1: 0.0023 (0.0025)  loss_giou_aux_1: 0.1346 (0.1393)  loss_fgl_aux_1: 1.3629 (1.3613)  loss_ddf_aux_1: 0.0004 (0.0004)  loss_mal_pre: 0.4288 (0.4374)  loss_bbox_pre: 0.0026 (0.0027)  loss_giou_pre: 0.1517 (0.1537)  loss_mal_enc_0: 0.5626 (0.5677)  loss_bbox_enc_0: 0.0038 (0.0040)  loss_giou_enc_0: 0.2000 (0.2069)  loss_mal_dn_0: 0.5162 (0.5223)  loss_bbox_dn_0: 0.0036 (0.0038)  loss_giou_dn_0: 0.1956 (0.2008)  loss_fgl_dn_0: 1.3566 (1.3544)  loss_ddf_dn_0: 0.0300 (0.0332)  loss_mal_dn_1: 0.3943 (0.3987)  loss_bbox_dn_1: 0.0024 (0.0025)  loss_giou_dn_1: 0.1349 (0.1408)  loss_fgl_dn_1: 1.3594 (1.3571)  loss_ddf_dn_1: 0.0013 (0.0013)  loss_mal_dn_2: 0.3888 (0.3946)  loss_bbox_dn_2: 0.0023 (0.0024)  loss_giou_dn_2: 0.1326 (0.1391)  loss_fgl_dn_2: 1.3585 (1.3572)  loss_ddf_dn_2: -0.0000 (0.0000)  loss_mal_dn_pre: 0.5221 (0.5311)  loss_bbox_dn_pre: 0.0035 (0.0038)  loss_giou_dn_pre: 0.1946 (0.2007)  time: 0.6393  data: 0.0159  max mem: 5224
Epoch: [29/30]  [40/44]  eta: 0:00:02  lr: 0.000010  loss: 13.6912 (13.8153)  loss_mal: 0.3925 (0.3941)  loss_bbox: 0.0024 (0.0025)  loss_giou: 0.1361 (0.1420)  loss_fgl: 1.3594 (1.3615)  loss_mal_aux_0: 0.4370 (0.4422)  loss_bbox_aux_0: 0.0027 (0.0028)  loss_giou_aux_0: 0.1499 (0.1566)  loss_fgl_aux_0: 1.3611 (1.3599)  loss_ddf_aux_0: 0.0068 (0.0073)  loss_mal_aux_1: 0.4026 (0.3985)  loss_bbox_aux_1: 0.0025 (0.0025)  loss_giou_aux_1: 0.1379 (0.1421)  loss_fgl_aux_1: 1.3591 (1.3617)  loss_ddf_aux_1: 0.0004 (0.0004)  loss_mal_pre: 0.4338 (0.4418)  loss_bbox_pre: 0.0027 (0.0028)  loss_giou_pre: 0.1512 (0.1563)  loss_mal_enc_0: 0.5623 (0.5674)  loss_bbox_enc_0: 0.0039 (0.0041)  loss_giou_enc_0: 0.2079 (0.2091)  loss_mal_dn_0: 0.5162 (0.5240)  loss_bbox_dn_0: 0.0036 (0.0038)  loss_giou_dn_0: 0.1949 (0.2022)  loss_fgl_dn_0: 1.3512 (1.3544)  loss_ddf_dn_0: 0.0317 (0.0331)  loss_mal_dn_1: 0.3934 (0.4014)  loss_bbox_dn_1: 0.0024 (0.0025)  loss_giou_dn_1: 0.1366 (0.1424)  loss_fgl_dn_1: 1.3537 (1.3573)  loss_ddf_dn_1: 0.0013 (0.0013)  loss_mal_dn_2: 0.3873 (0.3980)  loss_bbox_dn_2: 0.0024 (0.0025)  loss_giou_dn_2: 0.1345 (0.1410)  loss_fgl_dn_2: 1.3547 (1.3575)  loss_ddf_dn_2: -0.0000 (0.0000)  loss_mal_dn_pre: 0.5221 (0.5325)  loss_bbox_dn_pre: 0.0036 (0.0038)  loss_giou_dn_pre: 0.1936 (0.2019)  time: 0.6183  data: 0.0152  max mem: 5224
Epoch: [29/30]  [43/44]  eta: 0:00:00  lr: 0.000010  loss: 13.7128 (13.8303)  loss_mal: 0.3957 (0.3945)  loss_bbox: 0.0024 (0.0025)  loss_giou: 0.1379 (0.1421)  loss_fgl: 1.3670 (1.3617)  loss_mal_aux_0: 0.4296 (0.4452)  loss_bbox_aux_0: 0.0027 (0.0028)  loss_giou_aux_0: 0.1499 (0.1568)  loss_fgl_aux_0: 1.3641 (1.3600)  loss_ddf_aux_0: 0.0066 (0.0073)  loss_mal_aux_1: 0.4100 (0.3993)  loss_bbox_aux_1: 0.0025 (0.0025)  loss_giou_aux_1: 0.1405 (0.1422)  loss_fgl_aux_1: 1.3672 (1.3619)  loss_ddf_aux_1: 0.0004 (0.0004)  loss_mal_pre: 0.4288 (0.4447)  loss_bbox_pre: 0.0027 (0.0028)  loss_giou_pre: 0.1512 (0.1566)  loss_mal_enc_0: 0.5730 (0.5695)  loss_bbox_enc_0: 0.0036 (0.0041)  loss_giou_enc_0: 0.2118 (0.2093)  loss_mal_dn_0: 0.5274 (0.5245)  loss_bbox_dn_0: 0.0036 (0.0038)  loss_giou_dn_0: 0.2030 (0.2026)  loss_fgl_dn_0: 1.3577 (1.3545)  loss_ddf_dn_0: 0.0327 (0.0331)  loss_mal_dn_1: 0.4017 (0.4020)  loss_bbox_dn_1: 0.0025 (0.0025)  loss_giou_dn_1: 0.1416 (0.1428)  loss_fgl_dn_1: 1.3609 (1.3575)  loss_ddf_dn_1: 0.0013 (0.0013)  loss_mal_dn_2: 0.3971 (0.3986)  loss_bbox_dn_2: 0.0025 (0.0025)  loss_giou_dn_2: 0.1389 (0.1414)  loss_fgl_dn_2: 1.3608 (1.3577)  loss_ddf_dn_2: -0.0000 (0.0000)  loss_mal_dn_pre: 0.5389 (0.5332)  loss_bbox_dn_pre: 0.0036 (0.0038)  loss_giou_dn_pre: 0.2040 (0.2023)  time: 0.6116  data: 0.0152  max mem: 5224
Epoch: [29/30] Total time: 0:00:28 (0.6420 s / it)
Averaged stats: lr: 0.000010  loss: 13.7128 (13.8303)  loss_mal: 0.3957 (0.3945)  loss_bbox: 0.0024 (0.0025)  loss_giou: 0.1379 (0.1421)  loss_fgl: 1.3670 (1.3617)  loss_mal_aux_0: 0.4296 (0.4452)  loss_bbox_aux_0: 0.0027 (0.0028)  loss_giou_aux_0: 0.1499 (0.1568)  loss_fgl_aux_0: 1.3641 (1.3600)  loss_ddf_aux_0: 0.0066 (0.0073)  loss_mal_aux_1: 0.4100 (0.3993)  loss_bbox_aux_1: 0.0025 (0.0025)  loss_giou_aux_1: 0.1405 (0.1422)  loss_fgl_aux_1: 1.3672 (1.3619)  loss_ddf_aux_1: 0.0004 (0.0004)  loss_mal_pre: 0.4288 (0.4447)  loss_bbox_pre: 0.0027 (0.0028)  loss_giou_pre: 0.1512 (0.1566)  loss_mal_enc_0: 0.5730 (0.5695)  loss_bbox_enc_0: 0.0036 (0.0041)  loss_giou_enc_0: 0.2118 (0.2093)  loss_mal_dn_0: 0.5274 (0.5245)  loss_bbox_dn_0: 0.0036 (0.0038)  loss_giou_dn_0: 0.2030 (0.2026)  loss_fgl_dn_0: 1.3577 (1.3545)  loss_ddf_dn_0: 0.0327 (0.0331)  loss_mal_dn_1: 0.4017 (0.4020)  loss_bbox_dn_1: 0.0025 (0.0025)  loss_giou_dn_1: 0.1416 (0.1428)  loss_fgl_dn_1: 1.3609 (1.3575)  loss_ddf_dn_1: 0.0013 (0.0013)  loss_mal_dn_2: 0.3971 (0.3986)  loss_bbox_dn_2: 0.0025 (0.0025)  loss_giou_dn_2: 0.1389 (0.1414)  loss_fgl_dn_2: 1.3608 (1.3577)  loss_ddf_dn_2: -0.0000 (0.0000)  loss_mal_dn_pre: 0.5389 (0.5332)  loss_bbox_dn_pre: 0.0036 (0.0038)  loss_giou_dn_pre: 0.2040 (0.2023)
Test:  [0/9]  eta: 0:00:03    time: 0.3714  data: 0.2616  max mem: 5224
Test:  [8/9]  eta: 0:00:00    time: 0.1555  data: 0.0407  max mem: 5224
Test: Total time: 0:00:01 (0.1601 s / it)
Metrics: {'f1': 0.9553264604810997, 'precision': 0.9455782312925171, 'recall': 0.9652777777777778, 'iou': 0.6429389252474433, 'TPs': 139, 'FPs': 8, 'FNs': 5}
Averaged stats: 
Accumulating evaluation results...
COCOeval_opt.accumulate() finished...
DONE (t=0.01s).
IoU metric: bbox
 Average Precision  (AP) @[ IoU=0.50:0.95 | area=   all | maxDets=100 ] = 0.351
 Average Precision  (AP) @[ IoU=0.50      | area=   all | maxDets=100 ] = 0.947
 Average Precision  (AP) @[ IoU=0.75      | area=   all | maxDets=100 ] = 0.135
 Average Precision  (AP) @[ IoU=0.50:0.95 | area= small | maxDets=100 ] = 0.352
 Average Precision  (AP) @[ IoU=0.50:0.95 | area=medium | maxDets=100 ] = -1.000
 Average Precision  (AP) @[ IoU=0.50:0.95 | area= large | maxDets=100 ] = -1.000
 Average Recall     (AR) @[ IoU=0.50:0.95 | area=   all | maxDets=  1 ] = 0.199
 Average Recall     (AR) @[ IoU=0.50:0.95 | area=   all | maxDets= 10 ] = 0.459
 Average Recall     (AR) @[ IoU=0.50:0.95 | area=   all | maxDets=100 ] = 0.574
 Average Recall     (AR) @[ IoU=0.50:0.95 | area= small | maxDets=100 ] = 0.574
 Average Recall     (AR) @[ IoU=0.50:0.95 | area=medium | maxDets=100 ] = -1.000
 Average Recall     (AR) @[ IoU=0.50:0.95 | area= large | maxDets=100 ] = -1.000
 Average Recall     (AR) @[ IoU=0.50      | area=   all | maxDets=100 ] = 0.986
 Average Recall     (AR) @[ IoU=0.75      | area=   all | maxDets=100 ] = 0.569
best_stat: {'epoch': 3, 'coco_eval_bbox': 0.3716614965139037}
Training time 0:14:52
