stem,box_id,cls,x,y,w,h,x1,y1,x2,y2,width_px,height_px,area_px,area_fraction,short_side_px,aspect_ratio,image_edge_distance_px,signed_contrast,cnr_proxy,raw_color_fraction,processed_mask_fraction,best_marker_iou
001_20200622_203305(8),0,0,0.6336805555555556,0.4369369369369369,0.010416666666666666,0.018018018018018018,362.0,189.99999999999997,368.00000000000006,198.0,6.0,8.0,48.0,0.00018768768768768769,6.0,0.75,189.99999999999997,1.3678876678876577,0.15774302976759697,0.0,0.0,0.14814814814815008
001_20200622_203305(8),1,0,0.6371527777777778,0.5022522522522522,0.013888888888888888,0.02252252252252252,363.0,218.0,371.0,228.0,8.0,10.0,80.0,0.00031281281281281276,8.0,0.8,205.0,5.967857142857142,0.6426622451087127,0.0,0.0,0.2
001_20200622_203305(8),2,0,0.6484375,0.5878378378378378,0.019097222222222224,0.02702702702702703,368.0,255.0,379.0,267.0,11.0,12.0,132.0,0.0005161411411411412,11.0,0.9166666666666666,177.0,0.37878787878787534,0.0626923979313061,0.0,0.0,0.36666666666666664
001_20200622_203309(1),0,0,0.6493055555555556,0.40202702702702703,0.017361111111111112,0.024774774774774775,369.0,173.0,379.0,184.0,10.0,11.0,110.0,0.00043011761761761763,10.0,0.9090909090909091,173.0,1.7167155425219818,0.2152430070846854,0.0,0.0,0.3055555555555556
001_20200622_203309(1),1,0,0.6458333333333334,0.46846846846846846,0.020833333333333332,0.03153153153153153,366.00000000000006,201.0,378.0,215.0,12.0,13.999999999999998,167.99999999999997,0.0006569069069069068,12.0,0.8571428571428572,198.0,3.657539682539678,0.39496220824031797,0.07142857142857142,0.15476190476190477,0.419999999999998
001_20200622_203309(1),2,0,0.6458333333333334,0.5585585585585585,0.013888888888888888,0.03153153153153153,368.00000000000006,241.0,376.0,254.99999999999997,8.0,13.999999999999998,111.99999999999999,0.0004379379379379379,8.0,0.5714285714285715,189.00000000000003,1.0142857142857054,0.14143189748516286,0.0,0.0,0.2799999999999974
001_20200622_203312(6),0,0,0.6276041666666666,0.43355855855855857,0.015625,0.024774774774774775,357.0,187.0,366.0,198.0,9.0,11.0,99.0,0.00038710585585585586,9.0,0.8181818181818182,187.0,5.8013131313131225,0.7167214364675508,0.0,0.0,0.3055555555555556
001_20200622_203312(6),1,0,0.6302083333333334,0.5067567567567568,0.020833333333333332,0.03153153153153153,357.00000000000006,218.00000000000003,369.0,232.0,12.0,13.999999999999998,167.99999999999997,0.0006569069069069068,12.0,0.8571428571428572,207.0,3.0547619047619037,0.3774173850566156,0.0,0.14285714285714285,0.518518518518515
001_20200622_203312(6),2,0,0.6293402777777778,0.5900900900900901,0.022569444444444444,0.02702702702702703,356.0,256.0,369.0,268.0,13.0,12.0,156.0,0.000609984984984985,12.0,1.0833333333333333,176.0,0.6715018315018284,0.09359512234639804,0.0,0.09615384615384616,0.35454545454545455
001_20200622_203316(0),0,0,0.6397569444444444,0.46959459459459457,0.012152777777777778,0.024774774774774775,365.0,203.0,371.99999999999994,213.99999999999997,7.0,11.0,77.0,0.0003010823323323323,7.0,0.6363636363636364,203.0,2.864610389610391,0.33282661949938,0.0,0.0,0.23765432098765177
001_20200622_203316(0),1,0,0.6423611111111112,0.5405405405405406,0.020833333333333332,0.03153153153153153,364.00000000000006,233.00000000000003,376.0,247.0,12.0,13.999999999999998,167.99999999999997,0.0006569069069069068,12.0,0.8571428571428572,197.0,4.484126984126988,0.6365677499668989,0.0,0.011904761904761904,0.3818181818181792
001_20200622_203316(0),2,0,0.6493055555555556,0.634009009009009,0.013888888888888888,0.024774774774774775,370.0,276.0,378.0,287.0,8.0,11.0,88.0,0.0003440940940940941,8.0,0.7272727272727273,157.0,1.7978056426332358,0.2513729821816621,0.0,0.0,0.24444444444444444
001_20200622_203319(4),0,0,0.6423611111111112,0.481981981981982,0.020833333333333332,0.02252252252252252,364.00000000000006,209.0,376.0,219.0,12.0,10.0,120.0,0.00046921921921921916,10.0,1.2,200.0,1.6781250000000085,0.1991202003474429,0.0,0.0,0.2999999999999986
001_20200622_203319(4),1,0,0.6501736111111112,0.5484234234234234,0.019097222222222224,0.024774774774774775,369.0,237.99999999999997,380.00000000000006,249.00000000000003,11.0,11.0,121.0,0.0004731293793793794,11.0,1.0,194.99999999999997,1.280805860805856,0.23493403684608413,0.0,0.07692307692307693,0.3361111111111146
001_20200622_203319(4),2,0,0.6579861111111112,0.6328828828828829,0.017361111111111112,0.02252252252252252,374.0,276.0,384.00000000000006,286.0,10.0,10.0,99.99999999999999,0.00039101601601601604,10.0,1.0,158.0,-0.3686217008797712,0.05772461476329708,0.0,0.0,0.27777777777777934
001_20200622_203330(3),0,0,0.6380208333333334,0.5236486486486487,0.015625,0.02027027027027027,363.0,228.00000000000003,372.0,237.0,9.0,9.0,81.00000000000001,0.000316722972972973,9.0,1.0,204.0,3.71318342151676,0.431974444320393,0.0,0.0,0.24999999999999922
001_20200622_203330(3),1,0,0.6440972222222222,0.5957207207207207,0.017361111111111112,0.033783783783783786,366.0,257.0,376.0,272.0,10.0,15.0,150.0,0.000586524024024024,10.0,0.6666666666666666,172.0,3.7628571428571433,0.5230660504590365,0.0,0.06666666666666667,0.375
001_20200622_203330(3),2,0,0.6553819444444444,0.6745495495495496,0.019097222222222224,0.024774774774774775,371.99999999999994,294.0,383.0,305.00000000000006,11.0,11.0,121.0,0.0004731293793793794,11.0,1.0,138.99999999999994,1.4592320261437948,0.1919661991754986,0.0,0.013888888888888888,0.3025000000000031
001_20200623_003516(8),0,0,0.6119791666666666,0.4144144144144144,0.019097222222222224,0.02702702702702703,346.99999999999994,178.0,358.0,189.99999999999997,11.0,12.0,132.0,0.0005161411411411412,11.0,0.9166666666666666,178.0,11.29942810457517,1.2356367634086718,0.0,0.006944444444444444,0.3300000000000009
001_20200623_003516(8),1,0,0.6085069444444444,0.48986486486486486,0.026041666666666668,0.02927927927927928,342.99999999999994,211.0,358.0,223.99999999999997,15.0,13.0,195.0,0.0007624812312312313,13.0,1.1538461538461537,211.0,4.61057692307692,0.5129011135143288,0.0,0.125,0.4431818181818189
001_20200623_003516(8),2,0,0.6024305555555556,0.5855855855855856,0.020833333333333332,0.03153153153153153,341.00000000000006,253.00000000000003,353.0,267.0,12.0,13.999999999999998,167.99999999999997,0.0006569069069069068,12.0,0.8571428571428572,177.0,5.9599206349206355,0.5716571855809476,0.07142857142857142,0.14285714285714285,0.518518518518515
001_20200623_003520(5),0,0,0.5998263888888888,0.42905405405405406,0.019097222222222224,0.033783783783783786,339.99999999999994,183.0,351.0,198.0,11.0,15.0,165.00000000000003,0.0006451764264264265,11.0,0.7333333333333333,183.0,13.099099099099092,2.089900343441714,0.0,0.06666666666666667,0.4125000000000021
001_20200623_003520(5),1,0,0.6032986111111112,0.5033783783783784,0.026041666666666668,0.024774774774774775,340.0,218.00000000000003,355.00000000000006,229.00000000000003,15.0,11.0,165.0,0.0006451764264264264,11.0,1.3636363636363635,214.99999999999997,4.900054824561408,0.672609488987067,0.0,0.125,0.41250000000000153
001_20200623_003520(5),2,0,0.6119791666666666,0.6013513513513513,0.019097222222222224,0.03153153153153153,346.99999999999994,260.0,358.0,273.99999999999994,11.0,13.999999999999998,153.99999999999997,0.0006021646646646646,11.0,0.7857142857142858,170.00000000000006,7.353968253968262,0.8240078657886356,0.0,0.1488095238095238,0.4277777777777782
001_20200623_003524(0),0,0,0.6050347222222222,0.43018018018018017,0.022569444444444444,0.02252252252252252,342.0,186.0,355.0,196.0,13.0,10.0,130.0,0.0005083208208208207,10.0,1.3,186.0,10.933566433566426,1.6716944996612253,0.0,0.07692307692307693,0.3611111111111111
001_20200623_003524(0),1,0,0.6050347222222222,0.5033783783783784,0.026041666666666668,0.038288288288288286,341.0,215.00000000000003,356.0,232.0,15.0,17.0,255.0,0.000997090840840841,15.0,0.8823529411764706,212.0,7.563165266106438,0.7740532165838778,0.058823529411764705,0.23137254901960785,0.637499999999999
001_20200623_003524(0),2,0,0.6015625,0.6058558558558559,0.022569444444444444,0.02702702702702703,340.0,263.0,353.0,275.0,13.0,12.0,156.0,0.000609984984984985,12.0,1.0833333333333333,169.0,7.0719047619047615,0.8266455716266506,0.0,0.07692307692307693,0.43333333333333335
001_20200623_003529(0),0,0,0.6154513888888888,0.38063063063063063,0.022569444444444444,0.02702702702702703,348.0,163.0,360.99999999999994,175.0,13.0,12.0,156.0,0.000609984984984985,12.0,1.0833333333333333,163.0,9.434871794871796,1.2380014314120977,0.0,0.0,0.3899999999999983
001_20200623_003529(0),1,0,0.6154513888888888,0.4572072072072072,0.022569444444444444,0.03153153153153153,348.0,196.0,360.99999999999994,210.0,13.0,13.999999999999998,182.0,0.000711649149149149,13.0,0.9285714285714287,196.0,3.178021978021974,0.43048342328303196,0.0,0.005494505494505495,0.4136363636363618
001_20200623_003529(0),2,0,0.6171875,0.5585585585585585,0.019097222222222224,0.03153153153153153,350.0,241.0,361.0,254.99999999999997,11.0,13.999999999999998,153.99999999999997,0.0006021646646646646,11.0,0.7857142857142858,189.00000000000003,4.604155844155855,0.5115923043311622,0.07142857142857142,0.14285714285714285,0.4753086419753077
001_20200623_003532(5),0,0,0.5989583333333334,0.34572072072072074,0.020833333333333332,0.024774774774774775,339.00000000000006,148.00000000000003,351.0,159.0,12.0,11.0,132.0,0.0005161411411411411,11.0,1.0909090909090908,148.00000000000003,9.621212121212125,1.3855646458497193,0.0,0.0,0.40740740740740444
001_20200623_003532(5),1,0,0.6302083333333334,0.5157657657657657,0.017361111111111112,0.02252252252252252,358.0,223.99999999999997,368.00000000000006,233.99999999999997,10.0,10.0,99.99999999999999,0.00039101601601601604,10.0,1.0,207.99999999999994,4.840263429752071,0.5267431327569732,0.0,0.0,0.30864197530864373
001_20200623_003532(5),2,0,0.6137152777777778,0.4189189189189189,0.022569444444444444,0.02702702702702703,347.0,179.99999999999997,360.0,192.0,13.0,12.0,156.0,0.000609984984984985,12.0,1.0833333333333333,179.99999999999997,2.2434418145956556,0.3177495103202254,0.0,0.07692307692307693,0.43333333333333435
001_20200623_003536(0),0,0,0.6145833333333334,0.3704954954954955,0.020833333333333332,0.02027027027027027,348.00000000000006,160.0,360.0,169.0,12.0,9.0,108.0,0.0004222972972972973,9.0,1.3333333333333333,160.0,7.648028673835128,1.184867370818933,0.0,0.0,0.26999999999999874
001_20200623_003536(0),1,0,0.6163194444444444,0.44932432432432434,0.020833333333333332,0.024774774774774775,349.0,194.00000000000003,360.99999999999994,205.0,12.0,11.0,132.0,0.0005161411411411411,11.0,1.0909090909090908,194.00000000000003,3.8424242424242436,0.5476975618019205,0.0,0.0,0.3299999999999975
001_20200623_003536(0),2,0,0.6189236111111112,0.5461711711711712,0.022569444444444444,0.02027027027027027,350.00000000000006,238.00000000000003,363.0,247.0,13.0,9.0,117.00000000000001,0.0004574887387387388,9.0,1.4444444444444444,197.0,5.822916666666671,0.7282524131428579,0.0,0.07692307692307693,0.3611111111111084
001_20200623_043227(1),0,0,0.6032986111111112,0.34797297297297297,0.022569444444444444,0.02927927927927928,341.00000000000006,148.0,354.0,161.0,13.0,13.0,169.0,0.000660817067067067,13.0,1.0,148.0,9.759566074950698,1.5006035247089544,0.0,0.07692307692307693,0.46944444444444233
001_20200623_043227(1),1,0,0.6059027777777778,0.42117117117117114,0.024305555555555556,0.03153153153153153,342.0,179.99999999999997,356.0,194.0,14.0,13.999999999999998,195.99999999999997,0.0007663913913913914,13.999999999999998,1.0000000000000002,179.99999999999997,3.691208791208794,0.5537111745160285,0.06666666666666667,0.19523809523809524,0.49000000000000093
001_20200623_043227(1),2,0,0.6111111111111112,0.5259009009009009,0.020833333333333332,0.02027027027027027,346.00000000000006,229.00000000000003,358.0,237.99999999999997,12.0,9.0,108.0,0.0004222972972972973,9.0,1.3333333333333333,206.00000000000003,5.014456391875754,0.6109558846042487,0.0,0.08333333333333333,0.33333333333332965
001_20200623_043231(6),0,0,0.6180555555555556,0.3524774774774775,0.020833333333333332,0.02927927927927928,350.00000000000006,150.0,362.0,163.0,12.0,13.0,155.99999999999997,0.0006099849849849849,12.0,0.9230769230769231,150.0,6.937728937728934,0.8638126371115054,0.0,0.09615384615384616,0.38999999999999807
001_20200623_043231(6),1,0,0.6197916666666666,0.42680180180180183,0.020833333333333332,0.024774774774774775,351.0,184.00000000000003,362.99999999999994,195.0,12.0,11.0,132.0,0.0005161411411411411,11.0,1.0909090909090908,184.00000000000003,1.5181818181818159,0.2573121209223878,0.0,0.0,0.3299999999999975
001_20200623_043231(6),2,0,0.6215277777777778,0.5281531531531531,0.024305555555555556,0.024774774774774775,351.0,228.99999999999997,365.0,240.0,14.0,11.0,154.0,0.0006021646646646646,11.0,1.2727272727272727,204.0,8.105952380952374,0.9411013440215933,0.07142857142857142,0.21428571428571427,0.47530864197530986
001_20200623_043236(1),0,0,0.6154513888888888,0.3322072072072072,0.022569444444444444,0.024774774774774775,348.0,142.0,360.99999999999994,153.0,13.0,11.0,143.0,0.0005591529029029029,11.0,1.1818181818181819,142.0,5.7491772932949345,0.7262957106615836,0.07692307692307693,0.16783216783216784,0.3574999999999985
001_20200623_043236(1),1,0,0.6154513888888888,0.40765765765765766,0.022569444444444444,0.02702702702702703,348.0,175.0,360.99999999999994,187.0,13.0,12.0,156.0,0.000609984984984985,12.0,1.0833333333333333,175.0,1.6405494505494431,0.28649477345143204,0.0,0.0,0.3899999999999983
001_20200623_043236(1),2,0,0.6180555555555556,0.509009009009009,0.020833333333333332,0.03153153153153153,350.00000000000006,219.0,362.0,233.0,12.0,13.999999999999998,167.99999999999997,0.0006569069069069068,12.0,0.8571428571428572,211.0,7.489285714285714,0.7036001700876484,0.07142857142857142,0.14285714285714285,0.46666666666666445
001_20200623_043240(6),0,0,0.6111111111111112,0.3536036036036036,0.020833333333333332,0.03153153153153153,346.00000000000006,150.0,358.0,164.0,12.0,13.999999999999998,167.99999999999997,0.0006569069069069068,12.0,0.8571428571428572,150.0,11.177380952380943,1.382477712982254,0.0,0.08333333333333333,0.419999999999998
001_20200623_043240(6),1,0,0.6189236111111112,0.5337837837837838,0.019097222222222224,0.02252252252252252,351.0,232.0,362.00000000000006,242.0,11.0,10.0,110.0,0.00043011761761761763,10.0,1.1,202.0,5.702083333333334,0.6626244048503367,0.0,0.0,0.3395061728395079
001_20200623_043240(6),2,0,0.6163194444444444,0.43243243243243246,0.020833333333333332,0.02702702702702703,349.0,186.00000000000003,360.99999999999994,198.0,12.0,12.0,144.0,0.0005630630630630631,12.0,1.0,186.00000000000003,2.712826797385617,0.4595499571617142,0.0,0.013888888888888888,0.35999999999999743
001_20200623_043245(2),0,0,0.6171875,0.36486486486486486,0.019097222222222224,0.02702702702702703,350.0,155.99999999999997,361.0,168.0,11.0,12.0,132.0,0.0005161411411411412,11.0,0.9166666666666666,155.99999999999997,10.153537638831764,1.3516349221313113,0.0,0.0,0.3300000000000008
001_20200623_043245(2),1,0,0.6197916666666666,0.44144144144144143,0.020833333333333332,0.02252252252252252,351.0,191.0,362.99999999999994,201.0,12.0,10.0,120.0,0.00046921921921921916,10.0,1.2,191.0,1.46145833333334,0.25254747839642355,0.0,0.0,0.33333333333333176
001_20200623_043245(2),2,0,0.6241319444444444,0.5461711711711712,0.015625,0.02927927927927928,355.0,236.0,364.0,249.00000000000003,9.0,13.0,116.99999999999999,0.00045748873873873873,9.0,0.6923076923076923,194.99999999999997,5.5880230880230926,0.5688508573760137,0.14285714285714285,0.21428571428571427,0.3611111111111119
001_20200623_043249(6),0,0,0.6102430555555556,0.36373873873873874,0.022569444444444444,0.033783783783783786,345.0,154.0,358.0,169.0,13.0,15.0,195.0,0.0007624812312312313,13.0,0.8666666666666667,154.0,8.282726045883948,1.0760717903207033,0.010256410256410256,0.15897435897435896,0.4875
001_20200623_043249(6),1,0,0.6102430555555556,0.4436936936936937,0.019097222222222224,0.02702702702702703,346.0,191.00000000000003,357.00000000000006,203.0,11.0,12.0,132.0,0.0005161411411411412,11.0,0.9166666666666666,191.00000000000003,2.9401143790849744,0.3813867798689637,0.0,0.08333333333333333,0.3666666666666677
001_20200623_043249(6),2,0,0.6137152777777778,0.5416666666666666,0.022569444444444444,0.02027027027027027,347.0,236.0,360.0,244.99999999999997,13.0,9.0,117.00000000000001,0.0004574887387387388,9.0,1.4444444444444444,199.00000000000003,6.745566239316233,0.8886137562148975,0.0,0.0,0.32499999999999896
001_20200623_082407(9),0,0,0.5998263888888888,0.46846846846846846,0.019097222222222224,0.03153153153153153,339.99999999999994,201.0,351.0,215.0,11.0,13.999999999999998,153.99999999999997,0.0006021646646646646,11.0,0.7857142857142858,201.0,11.646031746031738,1.6047174412133052,0.0,0.0,0.385000000000002
001_20200623_082407(9),1,0,0.609375,0.5416666666666666,0.020833333333333332,0.033783783783783786,345.0,233.0,357.0,247.99999999999997,12.0,15.0,180.0,0.0007038288288288288,12.0,0.8,196.00000000000003,3.9714714714714745,0.517574860997985,0.0,0.06666666666666667,0.4499999999999991
001_20200623_082407(9),2,0,0.6241319444444444,0.6407657657657657,0.019097222222222224,0.04279279279279279,353.99999999999994,275.0,365.0,293.99999999999994,11.0,19.0,209.0,0.0008172234734734735,11.0,0.5789473684210527,150.00000000000006,8.90098416773641,0.8064284090515537,0.15789473684210525,0.2631578947368421,0.5225000000000012
001_20200623_082411(0),0,0,0.5998263888888888,0.43243243243243246,0.019097222222222224,0.02702702702702703,339.99999999999994,186.00000000000003,351.0,198.0,11.0,12.0,132.0,0.0005161411411411412,11.0,0.9166666666666666,186.00000000000003,14.316421568627447,1.5651184518226835,0.0,0.0,0.3300000000000009
001_20200623_082411(0),1,0,0.6085069444444444,0.5056306306306306,0.026041666666666668,0.024774774774774775,342.99999999999994,219.0,358.0,230.00000000000003,15.0,11.0,165.0,0.0006451764264264264,11.0,1.3636363636363635,213.99999999999997,6.9959429824561425,1.1966326869162736,0.0,0.07291666666666667,0.3409090909090931
001_20200623_082411(0),2,0,0.6197916666666666,0.6058558558558559,0.024305555555555556,0.02702702702702703,350.0,263.0,364.0,275.0,14.0,12.0,168.0,0.000656906906906907,12.0,1.1666666666666667,169.0,7.015476190476193,0.8390763359132419,0.0,0.07142857142857142,0.4666666666666667
001_20200623_082414(1),0,0,0.6050347222222222,0.34459459459459457,0.022569444444444444,0.03153153153153153,342.0,146.0,355.0,160.0,13.0,13.999999999999998,182.0,0.000711649149149149,13.0,0.9285714285714287,146.0,15.062607662607661,1.623769520376982,0.0,0.14285714285714285,0.455
001_20200623_082414(1),1,0,0.6145833333333334,0.42567567567567566,0.020833333333333332,0.02702702702702703,348.00000000000006,183.0,360.0,194.99999999999997,12.0,12.0,144.0,0.0005630630630630631,12.0,1.0,183.0,2.4347222222222342,0.3890673141182742,0.0,0.0,0.35999999999999743
001_20200623_082414(1),2,0,0.6215277777777778,0.5236486486486487,0.013888888888888888,0.02027027027027027,354.0,228.00000000000003,362.0,237.0,8.0,9.0,72.0,0.00028153153153153153,8.0,0.8888888888888888,207.0,6.147222222222226,0.7448545111678065,0.0,0.0,0.22222222222222152
001_20200623_082416(7),0,0,0.6484375,0.5686936936936937,0.019097222222222224,0.02027027027027027,368.0,248.00000000000003,379.0,257.0,11.0,9.0,99.0,0.0003871058558558559,9.0,1.2222222222222223,187.0,1.699494949494948,0.2777125504717414,0.0,0.0,0.24749999999999922
001_20200623_082416(7),1,0,0.6605902777777778,0.6486486486486487,0.015625,0.02252252252252252,376.0,283.0,385.0,293.0,9.0,10.0,89.99999999999999,0.0003519144144144144,9.0,0.9,151.0,-0.5233716475095775,0.07471676243617183,0.0,0.0,0.25
001_20200623_082416(7),2,0,0.6397569444444444,0.4966216216216216,0.019097222222222224,0.024774774774774775,362.99999999999994,215.0,374.0,226.0,11.0,11.0,121.0,0.0004731293793793794,11.0,1.0,202.0,7.657575757575771,0.6950342611638181,0.0,0.0,0.2160714285714297
001_20200623_082419(6),0,0,0.6458333333333334,0.4358108108108108,0.020833333333333332,0.024774774774774775,366.00000000000006,188.0,378.0,199.0,12.0,11.0,132.0,0.0005161411411411411,11.0,1.0909090909090908,188.0,5.4181818181818215,0.5757493297994235,0.0,0.0,0.3666666666666649
001_20200623_082419(6),1,0,0.6484375,0.5,0.026041666666666668,0.03153153153153153,366.0,215.0,381.0,228.99999999999997,15.0,13.999999999999998,209.99999999999997,0.0008211336336336336,13.999999999999998,1.0714285714285716,195.0,4.928937728937726,0.45996010343464666,0.13333333333333333,0.2571428571428571,0.5249999999999989
001_20200623_082419(6),2,0,0.6536458333333334,0.5900900900900901,0.022569444444444444,0.02702702702702703,370.0,256.0,383.0,268.0,13.0,12.0,156.0,0.000609984984984985,12.0,1.0833333333333333,176.0,1.6234065934065853,0.2113828385621279,0.0,0.00641025641025641,0.39
001_20200623_082422(5),0,0,0.6354166666666666,0.4988738738738739,0.017361111111111112,0.033783783783783786,360.99999999999994,214.0,371.0,229.00000000000003,10.0,15.0,150.0,0.000586524024024024,10.0,0.6666666666666666,205.0,8.065018427518424,0.5868748551126166,0.125,0.1875,0.2678571428571449
001_20200623_082422(5),1,0,0.6449652777777778,0.5641891891891891,0.022569444444444444,0.02927927927927928,365.0,243.99999999999997,378.0,257.0,13.0,13.0,169.0,0.000660817067067067,13.0,1.0,187.0,1.9766260766260757,0.261317653359688,0.0,0.07692307692307693,0.4694444444444455
001_20200623_082422(5),2,0,0.6545138888888888,0.6475225225225225,0.020833333333333332,0.024774774774774775,371.0,282.0,382.99999999999994,293.0,12.0,11.0,132.0,0.0005161411411411411,11.0,1.0909090909090908,151.0,1.315151515151527,0.1821320887546766,0.0,0.0,0.2999999999999986
001_20200623_123214(3),0,0,0.6206597222222222,0.4650900900900901,0.022569444444444444,0.02027027027027027,351.0,202.0,364.0,211.0,13.0,9.0,117.00000000000001,0.0004574887387387388,9.0,1.4444444444444444,202.0,4.544337606837601,0.6100476790082259,0.0,0.0,0.325
001_20200623_123214(3),1,0,0.6302083333333334,0.5337837837837838,0.017361111111111112,0.02252252252252252,358.0,232.0,368.00000000000006,242.0,10.0,10.0,99.99999999999999,0.00039101601601601604,10.0,1.0,202.0,2.9070381231671547,0.4688353512368253,0.0,0.0,0.30864197530864373
001_20200623_123214(3),2,0,0.6458333333333334,0.6182432432432432,0.020833333333333332,0.033783783783783786,366.00000000000006,267.0,378.0,282.0,12.0,15.0,180.0,0.0007038288288288288,12.0,0.8,162.0,4.3492492492492545,0.45956317265766555,0.0,0.06666666666666667,0.44999999999999796
001_20200623_123223(3),0,0,0.6388888888888888,0.44707207207207206,0.017361111111111112,0.02027027027027027,362.99999999999994,194.0,373.0,203.0,10.0,9.0,90.0,0.00035191441441441445,9.0,1.1111111111111112,194.0,5.0159595959596,0.6100150013257889,0.0,0.09090909090909091,0.27777777777777934
001_20200623_123223(3),1,0,0.6423611111111112,0.5202702702702703,0.020833333333333332,0.02702702702702703,364.00000000000006,225.00000000000003,376.0,237.0,12.0,12.0,144.0,0.0005630630630630631,12.0,1.0,200.0,1.2594771241830074,0.19200077117000242,0.0,0.0,0.35999999999999743
001_20200623_123223(3),2,0,0.640625,0.6013513513513513,0.013888888888888888,0.03153153153153153,365.0,260.0,373.0,273.99999999999994,8.0,13.999999999999998,111.99999999999999,0.0004379379379379379,8.0,0.5714285714285715,170.00000000000006,0.9571428571428555,0.11734604523470665,0.0,0.07142857142857142,0.31111111111110984
001_20200623_123232(3),0,0,0.6336805555555556,0.3344594594594595,0.017361111111111112,0.02027027027027027,360.0,144.0,370.0,153.00000000000003,10.0,9.0,90.0,0.00035191441441441445,9.0,1.1111111111111112,144.0,3.519999999999996,0.43251452575427574,0.0,0.0,0.2777777777777787
001_20200623_123232(3),1,0,0.6388888888888888,0.40427927927927926,0.017361111111111112,0.02027027027027027,362.99999999999994,175.0,373.0,184.0,10.0,9.0,90.0,0.00035191441441441445,9.0,1.1111111111111112,175.0,3.1506060606060515,0.5060767732222736,0.0,0.0,0.25000000000000144
001_20200623_123232(3),2,0,0.6501736111111112,0.48873873873873874,0.022569444444444444,0.03153153153153153,368.00000000000006,210.0,381.0,223.99999999999997,13.0,13.999999999999998,182.0,0.000711649149149149,13.0,0.9285714285714287,195.0,4.79212949212949,0.5534425593616636,0.0,0.09340659340659341,0.4549999999999971
001_20200623_123236(9),0,0,0.6102430555555556,0.39076576576576577,0.022569444444444444,0.02027027027027027,345.0,169.0,358.0,178.0,13.0,9.0,117.00000000000001,0.0004574887387387388,9.0,1.4444444444444444,169.0,7.89182692307692,1.1864687800600884,0.0,0.07692307692307693,0.325
001_20200623_123236(9),1,0,0.6171875,0.46621621621621623,0.022569444444444444,0.018018018018018018,349.0,203.0,362.0,211.0,13.0,8.0,104.0,0.00040665665665665665,8.0,1.625,203.0,2.4851116625310112,0.4138933986454619,0.0,0.0,0.23636363636363636
001_20200623_123236(9),2,0,0.6336805555555556,0.5698198198198198,0.024305555555555556,0.02702702702702703,358.0,247.0,372.0,258.99999999999994,14.0,12.0,168.0,0.000656906906906907,12.0,1.1666666666666667,185.00000000000006,6.334126984126996,0.7483291653321784,0.08333333333333333,0.2857142857142857,0.518518518518516
001_20200623_123241(3),0,0,0.6085069444444444,0.4403153153153153,0.026041666666666668,0.024774774774774775,342.99999999999994,190.0,358.0,201.0,15.0,11.0,165.0,0.0006451764264264264,11.0,1.3636363636363635,190.0,12.30113636363636,1.1628532309825637,0.0,0.125,0.3750000000000014
001_20200623_123241(3),1,0,0.6206597222222222,0.6171171171171171,0.022569444444444444,0.02702702702702703,351.0,268.0,364.0,280.0,13.0,12.0,156.0,0.000609984984984985,12.0,1.0833333333333333,164.0,5.420842490842489,0.7198671391092784,0.0,0.08333333333333333,0.43333333333333335
001_20200623_123241(3),2,0,0.6128472222222222,0.5202702702702703,0.017361111111111112,0.02252252252252252,348.0,226.0,358.0,236.0,10.0,10.0,99.99999999999999,0.00039101601601601604,10.0,1.0,208.0,3.4066666666666663,0.5274912543612107,0.0,0.0,0.25
001_20200623_123245(8),0,0,0.6015625,0.38963963963963966,0.022569444444444444,0.03153153153153153,340.0,166.0,353.0,180.0,13.0,13.999999999999998,182.0,0.000711649149149149,13.0,0.9285714285714287,166.0,10.886159786159794,1.4757043930317988,0.0,0.07142857142857142,0.455
001_20200623_123245(8),1,0,0.6102430555555556,0.46621621621621623,0.029513888888888888,0.02702702702702703,343.0,201.00000000000003,360.0,213.0,17.0,12.0,204.0,0.0007976726726726727,12.0,1.4166666666666667,201.00000000000003,1.7163650075414694,0.29838600597663767,0.11764705882352941,0.17647058823529413,0.5099999999999988
001_20200623_123245(8),2,0,0.6197916666666666,0.5664414414414415,0.024305555555555556,0.02927927927927928,350.0,245.0,364.0,258.0,14.0,13.0,182.0,0.0007116491491491492,13.0,1.0769230769230769,186.0,5.3223938223938205,0.6642386166856431,0.0,0.14285714285714285,0.5055555555555555
001_20200623_163159(5),0,0,0.6449652777777778,0.36711711711711714,0.026041666666666668,0.02702702702702703,364.0,157.00000000000003,379.0,169.0,15.0,12.0,180.0,0.0007038288288288289,12.0,1.25,157.00000000000003,7.087987987987987,0.8086014376628077,0.0,0.06666666666666667,0.49999999999999883
001_20200623_163159(5),1,0,0.6440972222222222,0.4369369369369369,0.024305555555555556,0.02702702702702703,364.0,188.0,378.0,199.99999999999997,14.0,12.0,168.0,0.000656906906906907,12.0,1.1666666666666667,188.0,3.2182539682539613,0.4684846908357853,0.0,0.1488095238095238,0.41999999999999904
001_20200623_163159(5),2,0,0.6475694444444444,0.5225225225225225,0.027777777777777776,0.02702702702702703,365.0,226.0,380.99999999999994,237.99999999999997,16.0,12.0,192.0,0.0007507507507507507,12.0,1.3333333333333333,195.00000000000006,2.169133771929836,0.2356161632501174,0.10416666666666667,0.28125,0.2285714285714272
001_20200623_163209(3),0,0,0.6440972222222222,0.36824324324324326,0.020833333333333332,0.024774774774774775,365.0,158.0,377.0,169.0,12.0,11.0,132.0,0.0005161411411411411,11.0,1.0909090909090908,158.0,4.653030303030292,0.5614658253850336,0.0,0.0,0.4074074074074074
001_20200623_163209(3),1,0,0.6440972222222222,0.4403153153153153,0.024305555555555556,0.033783783783783786,364.0,188.0,378.0,203.0,14.0,15.0,210.00000000000003,0.0008211336336336337,14.0,0.9333333333333333,188.0,6.122344322344318,0.9228067532262102,0.08571428571428572,0.21904761904761905,0.525
001_20200623_163209(3),2,0,0.6536458333333334,0.5247747747747747,0.026041666666666668,0.03153153153153153,369.0,226.0,384.00000000000006,239.99999999999997,15.0,13.999999999999998,209.99999999999997,0.0008211336336336336,13.999999999999998,1.0714285714285716,191.99999999999994,3.080357142857139,0.3159529891993361,0.0625,0.25,0.5833333333333344
001_20200623_163212(9),0,0,0.6362847222222222,0.32882882882882886,0.019097222222222224,0.02702702702702703,360.99999999999994,140.0,372.0,152.00000000000003,11.0,12.0,132.0,0.0005161411411411412,11.0,0.9166666666666666,140.0,6.1920879120879135,0.5777064366452251,0.07692307692307693,0.22435897435897437,0.4074074074074105
001_20200623_163212(9),1,0,0.6388888888888888,0.3997747747747748,0.027777777777777776,0.02927927927927928,360.0,171.0,375.99999999999994,184.00000000000003,16.0,13.0,208.0,0.0008133133133133132,13.0,1.2307692307692308,171.0,2.4412499999999966,0.35212846774664286,0.1875,0.30357142857142855,0.5199999999999992
001_20200623_163212(9),2,0,0.6397569444444444,0.48085585585585583,0.019097222222222224,0.024774774774774775,362.99999999999994,208.0,374.0,218.99999999999997,11.0,11.0,121.0,0.0004731293793793794,11.0,1.0,202.0,-0.6272727272727252,0.07185532485983362,0.0,0.08333333333333333,0.3734567901234578
001_20200623_163216(2),0,0,0.59375,0.3738738738738739,0.024305555555555556,0.03153153153153153,335.0,159.0,349.0,173.0,14.0,13.999999999999998,195.99999999999997,0.0007663913913913914,13.999999999999998,1.0000000000000002,159.0,13.92427497314715,1.5634817325585022,0.0,0.0,0.49
001_20200623_163216(2),1,0,0.6015625,0.44932432432432434,0.026041666666666668,0.033783783783783786,339.0,192.0,354.0,207.0,15.0,15.0,225.00000000000003,0.0008797860360360362,15.0,1.0,192.0,4.765555555555551,0.6355536580891983,0.0,0.06666666666666667,0.5113636363636364
001_20200623_163216(2),2,0,0.6085069444444444,0.5529279279279279,0.026041666666666668,0.024774774774774775,342.99999999999994,239.99999999999997,358.0,251.0,15.0,11.0,165.0,0.0006451764264264264,11.0,1.3636363636363635,193.0,9.185197368421058,1.2402929448484479,0.125,0.1875,0.45833333333333626
001_20200623_163219(5),0,0,0.6076388888888888,0.4527027027027027,0.024305555555555556,0.03153153153153153,342.99999999999994,194.0,357.0,208.0,14.0,13.999999999999998,195.99999999999997,0.0007663913913913914,13.999999999999998,1.0000000000000002,194.0,16.350915750915746,1.6072137626471363,0.0,0.13333333333333333,0.490000000000002
001_20200623_163219(5),1,0,0.6171875,0.5326576576576577,0.029513888888888888,0.02927927927927928,347.0,230.00000000000003,364.0,243.00000000000003,17.0,13.0,220.99999999999997,0.0008641453953953953,13.0,1.3076923076923077,200.99999999999997,6.447058823529403,0.685058772607285,0.06722689075630252,0.19327731092436976,0.36833333333333335
001_20200623_163219(5),2,0,0.6328125,0.6283783783783784,0.022569444444444444,0.02702702702702703,358.0,273.0,371.0,285.0,13.0,12.0,156.0,0.000609984984984985,12.0,1.0833333333333333,159.0,4.6222344322344355,0.5570843443772763,0.0,0.07692307692307693,0.48148148148148145
001_20200623_163222(9),0,0,0.6128472222222222,0.46846846846846846,0.024305555555555556,0.03153153153153153,346.0,201.0,360.0,215.0,14.0,13.999999999999998,195.99999999999997,0.0007663913913913914,13.999999999999998,1.0000000000000002,201.0,2.61348012889367,0.3845762301104822,0.0,0.14285714285714285,0.5444444444444444
001_20200623_163222(9),1,0,0.6276041666666666,0.5709459459459459,0.036458333333333336,0.033783783783783786,351.0,246.0,371.99999999999994,261.0,21.0,15.0,315.00000000000006,0.0012317004504504507,15.0,1.4,183.0,7.5202208419599685,0.789032967380859,0.2,0.39365079365079364,0.66279069767442
001_20200623_163222(9),2,0,0.6050347222222222,0.3918918918918919,0.029513888888888888,0.03153153153153153,340.0,167.0,357.0,181.0,17.0,13.999999999999998,237.99999999999997,0.000930618118118118,13.999999999999998,1.2142857142857144,167.0,10.264439434310304,1.4399148422657146,0.12605042016806722,0.29411764705882354,0.6611111111111111
001_20200623_203217(4),0,0,0.6137152777777778,0.46396396396396394,0.026041666666666668,0.02702702702702703,346.0,199.99999999999997,361.0,212.0,15.0,12.0,180.0,0.0007038288288288289,12.0,1.25,199.99999999999997,11.607827260458834,2.0530916208341017,0.0,0.13846153846153847,0.5000000000000012
001_20200623_203217(4),1,0,0.6154513888888888,0.5371621621621622,0.026041666666666668,0.02927927927927928,346.99999999999994,232.0,362.0,245.0,15.0,13.0,195.0,0.0007624812312312313,13.0,1.1538461538461537,199.0,5.564102564102569,0.9633255665255949,0.0,0.1346153846153846,0.48750000000000193
001_20200623_203217(4),2,0,0.6189236111111112,0.6373873873873874,0.019097222222222224,0.02702702702702703,351.0,277.00000000000006,362.00000000000006,289.0,11.0,12.0,132.0,0.0005161411411411412,11.0,0.9166666666666666,155.0,6.003186274509801,0.7504560613559956,0.0,0.0,0.4074074074074076
001_20200623_203222(0),0,0,0.6085069444444444,0.5461711711711712,0.026041666666666668,0.02927927927927928,342.99999999999994,236.0,358.0,249.00000000000003,15.0,13.0,195.0,0.0007624812312312313,13.0,1.1538461538461537,194.99999999999997,17.39696428571429,1.7318368830339959,0.017857142857142856,0.20535714285714285,0.48750000000000293
001_20200623_203222(0),1,0,0.6206597222222222,0.615990990990991,0.022569444444444444,0.033783783783783786,351.0,266.0,364.0,281.0,13.0,15.0,195.0,0.0007624812312312313,13.0,0.8666666666666667,163.0,4.707287449392709,0.5256314126494156,0.0,0.015384615384615385,0.4431818181818182
001_20200623_203222(0),2,0,0.6354166666666666,0.7150900900900901,0.027777777777777776,0.024774774774774775,358.0,311.99999999999994,373.99999999999994,323.0,16.0,11.0,176.0,0.0006881881881881882,11.0,1.4545454545454546,121.0,4.804111842105257,0.5604648731510936,0.0,0.125,0.48888888888888976
001_20200623_203226(3),0,0,0.5980902777777778,0.48085585585585583,0.019097222222222224,0.024774774774774775,339.0,208.0,350.00000000000006,218.99999999999997,11.0,11.0,121.0,0.0004731293793793794,11.0,1.0,208.0,8.315151515151513,1.5228729854211416,0.0,0.0,0.3734567901234578
001_20200623_203226(3),1,0,0.6067708333333334,0.5495495495495496,0.026041666666666668,0.02252252252252252,342.0,239.00000000000003,357.00000000000006,249.00000000000003,15.0,10.0,150.0,0.000586524024024024,10.0,1.5,194.99999999999997,1.3960995085995052,0.2294995475405976,0.0,0.125,0.37500000000000144
001_20200623_203226(3),2,0,0.6180555555555556,0.6509009009009009,0.024305555555555556,0.03153153153153153,349.0,282.0,363.0,296.0,14.0,13.999999999999998,195.99999999999997,0.0007663913913913914,13.999999999999998,1.0000000000000002,148.0,7.695918367346948,0.841905957648092,0.07142857142857142,0.2653061224489796,0.6049382716049383
001_20200623_203230(9),0,0,0.6024305555555556,0.43243243243243246,0.027777777777777776,0.02702702702702703,339.00000000000006,186.00000000000003,355.0,198.0,16.0,12.0,192.0,0.0007507507507507507,12.0,1.3333333333333333,186.00000000000003,9.147368421052633,1.492032284729292,0.0625,0.19791666666666666,0.5333333333333302
001_20200623_203230(9),1,0,0.6050347222222222,0.5022522522522522,0.022569444444444444,0.036036036036036036,342.0,215.0,355.0,231.0,13.0,16.0,208.0,0.0008133133133133133,13.0,0.8125,213.0,5.224358974358964,0.5879619331678428,0.0625,0.19230769230769232,0.52
001_20200623_203230(9),2,0,0.6180555555555556,0.6047297297297297,0.024305555555555556,0.033783783783783786,349.0,261.0,363.0,276.0,14.0,15.0,210.00000000000003,0.0008211336336336337,14.0,0.9333333333333333,168.0,7.472161172161165,0.7859766668832879,0.13333333333333333,0.3142857142857143,0.6481481481481481
001_20200623_203235(3),0,0,0.6050347222222222,0.4132882882882883,0.022569444444444444,0.02927927927927928,342.0,177.0,355.0,190.0,13.0,13.0,169.0,0.000660817067067067,13.0,1.0,177.0,11.312475345167655,2.2214350639324225,0.0,0.14792899408284024,0.5216049382716049
001_20200623_203235(3),1,0,0.6102430555555556,0.48536036036036034,0.019097222222222224,0.033783783783783786,346.0,208.0,357.00000000000006,223.0,11.0,15.0,165.00000000000003,0.0006451764264264265,11.0,0.7333333333333333,208.0,3.438138138138129,0.44493592411446325,0.0,0.005555555555555556,0.3750000000000019
001_20200623_203235(3),2,0,0.6154513888888888,0.588963963963964,0.022569444444444444,0.02927927927927928,348.0,255.0,360.99999999999994,268.0,13.0,13.0,169.0,0.000660817067067067,13.0,1.0,176.0,7.079799474030239,0.8350509585321156,0.0,0.14792899408284024,0.5216049382716027
001_20200623_203247(5),0,0,0.6032986111111112,0.42905405405405406,0.026041666666666668,0.02927927927927928,340.0,184.0,355.00000000000006,197.0,15.0,13.0,195.0,0.0007624812312312313,13.0,1.1538461538461537,184.0,11.154166666666669,1.7089797698498495,0.07692307692307693,0.25961538461538464,0.5416666666666689
001_20200623_203247(5),1,0,0.6102430555555556,0.4988738738738739,0.029513888888888888,0.02927927927927928,343.0,215.0,360.0,228.0,17.0,13.0,220.99999999999997,0.0008641453953953953,13.0,1.3076923076923077,215.0,3.436481900452492,0.5106103497353449,0.17647058823529413,0.34841628959276016,0.6820987654320988
001_20200623_203247(5),2,0,0.6171875,0.5990990990990991,0.026041666666666668,0.036036036036036036,348.0,258.0,363.0,274.0,15.0,16.0,240.0,0.0009384384384384384,15.0,0.9375,170.0,9.19573170731708,1.0077934872124317,0.008333333333333333,0.2,0.6
001_20200624_003240(4),0,0,0.6059027777777778,0.5563063063063063,0.024305555555555556,0.02252252252252252,342.0,242.0,356.0,252.0,14.0,10.0,140.0,0.0005474224224224224,10.0,1.4,192.0,5.555462184873946,0.6307131614018295,0.0,0.14285714285714285,0.43209876543209874
001_20200624_003240(4),1,0,0.6032986111111112,0.45157657657657657,0.019097222222222224,0.02927927927927928,342.0,194.0,353.00000000000006,207.0,11.0,13.0,143.0,0.000559152902902903,11.0,0.8461538461538461,194.0,0.6310256410256301,0.11534449860980567,0.0,0.15384615384615385,0.39722222222222425
001_20200624_003240(4),2,0,0.5980902777777778,0.3783783783783784,0.022569444444444444,0.03153153153153153,338.0,161.0,351.0,175.0,13.0,13.999999999999998,182.0,0.000711649149149149,13.0,0.9285714285714287,161.0,13.36807246807247,1.406791046306611,0.0,0.01098901098901099,0.41363636363636364
001_20200624_003244(2),0,0,0.6163194444444444,0.393018018018018,0.024305555555555556,0.033783783783783786,348.0,167.0,362.0,182.0,14.0,15.0,210.00000000000003,0.0008211336336336337,14.0,0.9333333333333333,167.0,16.066666666666663,2.029187381492351,0.0,0.13333333333333333,0.525
001_20200624_003244(2),1,0,0.6206597222222222,0.4650900900900901,0.026041666666666668,0.02927927927927928,350.0,200.0,365.0,213.00000000000003,15.0,13.0,195.0,0.0007624812312312313,13.0,1.1538461538461537,200.0,4.060805860805857,0.6854760999443216,0.0,0.0761904761904762,0.4431818181818192
001_20200624_003244(2),2,0,0.6284722222222222,0.5686936936936937,0.020833333333333332,0.02927927927927928,356.0,246.0,368.0,259.0,12.0,13.0,155.99999999999997,0.0006099849849849849,12.0,0.9230769230769231,185.0,4.9558608058607945,0.5846937945077321,0.0,0.07692307692307693,0.43333333333333335
001_20200624_003247(7),0,0,0.6041666666666666,0.35585585585585583,0.03125,0.03153153153153153,339.0,151.0,357.0,165.0,18.0,13.999999999999998,252.0,0.0009853603603603603,13.999999999999998,1.2857142857142858,151.0,13.765873015873012,1.3141618253329093,0.1746031746031746,0.3333333333333333,0.63
001_20200624_003247(7),1,0,0.6102430555555556,0.43243243243243246,0.022569444444444444,0.036036036036036036,345.0,184.00000000000003,358.0,200.0,13.0,16.0,208.0,0.0008133133133133133,13.0,0.8125,184.00000000000003,5.63878205128205,0.49003823545626435,0.125,0.25,0.5777777777777767
001_20200624_003247(7),2,0,0.6180555555555556,0.5292792792792793,0.024305555555555556,0.03153153153153153,349.0,228.00000000000003,363.0,242.0,14.0,13.999999999999998,195.99999999999997,0.0007663913913913914,13.999999999999998,1.0000000000000002,202.0,7.851342642320091,0.8625990056734283,0.07142857142857142,0.2653061224489796,0.6049382716049372
001_20200624_003251(1),0,0,0.6102430555555556,0.43243243243243246,0.022569444444444444,0.02702702702702703,345.0,186.00000000000003,358.0,198.0,13.0,12.0,156.0,0.000609984984984985,12.0,1.0833333333333333,186.00000000000003,14.357509157509156,1.5992625968152512,0.0,0.00641025641025641,0.38999999999999907
001_20200624_003251(1),1,0,0.6145833333333334,0.5067567567567568,0.027777777777777776,0.02702702702702703,346.00000000000006,219.00000000000003,362.0,231.0,16.0,12.0,192.0,0.0007507507507507507,12.0,1.3333333333333333,213.0,5.341611842105266,0.7087747986081944,0.0,0.125,0.4363636363636338
001_20200624_003251(1),2,0,0.6180555555555556,0.6103603603603603,0.024305555555555556,0.02702702702702703,349.0,265.0,363.0,277.0,14.0,12.0,168.0,0.000656906906906907,12.0,1.1666666666666667,167.0,6.025793650793659,0.7532851901241111,0.07142857142857142,0.14285714285714285,0.5185185185185185
001_20200624_003254(3),0,0,0.6006944444444444,0.40878378378378377,0.024305555555555556,0.02927927927927928,339.0,175.0,353.0,188.0,14.0,13.0,182.0,0.0007116491491491492,13.0,1.0769230769230769,175.0,14.199554499554495,1.5858733864161885,0.0,0.07692307692307693,0.5055555555555555
001_20200624_003254(3),1,0,0.6076388888888888,0.48423423423423423,0.024305555555555556,0.036036036036036036,342.99999999999994,207.0,357.0,223.0,14.0,16.0,223.99999999999997,0.0008758758758758759,14.0,0.875,207.0,7.800609756097558,0.8736574079074844,0.07083333333333333,0.2,0.5600000000000023
001_20200624_003254(3),2,0,0.6206597222222222,0.5844594594594594,0.022569444444444444,0.02927927927927928,351.0,252.99999999999997,364.0,266.0,13.0,13.0,169.0,0.000660817067067067,13.0,1.0,178.0,6.456459756459765,0.7087475834235972,0.0,0.2087912087912088,0.521604938271606
001_20200624_003303(5),0,0,0.6206597222222222,0.5292792792792793,0.029513888888888888,0.036036036036036036,349.0,227.0,366.0,243.00000000000003,17.0,16.0,272.0,0.0010635635635635634,16.0,1.0625,200.99999999999997,5.002909720037749,0.5121231132215175,0.13494809688581316,0.25259515570934254,0.6181818181818192
001_20200624_003303(5),1,0,0.6145833333333334,0.45382882882882886,0.027777777777777776,0.033783783783783786,346.00000000000006,194.00000000000003,362.0,209.0,16.0,15.0,240.0,0.0009384384384384384,15.0,1.0666666666666667,194.00000000000003,17.48069105691056,1.8693877151234837,0.008333333333333333,0.2,0.5999999999999969
001_20200624_003303(5),2,0,0.6189236111111112,0.6306306306306306,0.026041666666666668,0.036036036036036036,349.0,272.0,364.00000000000006,288.0,15.0,16.0,240.0,0.0009384384384384384,15.0,0.9375,156.0,7.208928571428572,0.8298269953775579,0.0859375,0.265625,0.6000000000000023
001_20200624_043315(2),0,0,0.6050347222222222,0.35135135135135137,0.022569444444444444,0.02702702702702703,342.0,150.0,355.0,162.00000000000003,13.0,12.0,156.0,0.000609984984984985,12.0,1.0833333333333333,150.0,11.83833004602235,2.225785786551671,0.0,0.14792899408284024,0.4814814814814826
001_20200624_043315(2),1,0,0.6067708333333334,0.43243243243243246,0.026041666666666668,0.02702702702702703,342.0,186.00000000000003,357.00000000000006,198.0,15.0,12.0,180.0,0.0007038288288288289,12.0,1.25,186.00000000000003,2.6522478070175453,0.3500552859437949,0.125,0.25,0.5000000000000007
001_20200624_043315(2),2,0,0.6137152777777778,0.5315315315315315,0.022569444444444444,0.02702702702702703,347.0,230.00000000000003,360.0,242.0,13.0,12.0,156.0,0.000609984984984985,12.0,1.0833333333333333,202.0,5.194505494505492,0.6032063050117987,0.0,0.15384615384615385,0.48148148148148034
001_20200624_043324(2),0,0,0.6059027777777778,0.356981981981982,0.024305555555555556,0.02927927927927928,342.0,152.0,356.0,165.00000000000003,14.0,13.0,182.0,0.0007116491491491492,13.0,1.0769230769230769,152.0,13.35751879699248,1.9099699372296557,0.0,0.14795918367346939,0.4550000000000009
001_20200624_043324(2),1,0,0.6067708333333334,0.4313063063063063,0.026041666666666668,0.024774774774774775,342.0,186.0,357.00000000000006,196.99999999999997,15.0,11.0,165.0,0.0006451764264264264,11.0,1.3636363636363635,186.0,1.409950859950854,0.21704124498552183,0.125,0.25,0.45833333333333387
001_20200624_043324(2),2,0,0.6128472222222222,0.5349099099099099,0.027777777777777776,0.033783783783783786,345.0,230.00000000000003,360.99999999999994,245.0,16.0,15.0,240.0,0.0009384384384384384,15.0,1.0666666666666667,199.0,7.767174796747966,0.8110953280689635,0.18333333333333332,0.4,0.7407407407407368
001_20200624_043328(7),0,0,0.6050347222222222,0.3614864864864865,0.022569444444444444,0.04279279279279279,342.0,151.0,355.0,170.0,13.0,19.0,247.0,0.0009658095595595596,13.0,0.6842105263157895,151.0,13.541594370541745,1.5980352486884204,0.10526315789473684,0.31983805668016196,0.5665859564164649
001_20200624_043328(7),1,0,0.6059027777777778,0.44256756756756754,0.020833333333333332,0.02927927927927928,343.0,189.99999999999997,355.0,203.0,12.0,13.0,155.99999999999997,0.0006099849849849849,12.0,0.9230769230769231,189.99999999999997,4.7575396825396865,0.7467052679074015,0.005952380952380952,0.023809523809523808,0.39000000000000085
001_20200624_043328(7),2,0,0.6119791666666666,0.5416666666666666,0.026041666666666668,0.02927927927927928,344.99999999999994,233.99999999999997,360.0,247.0,15.0,13.0,195.0,0.0007624812312312313,13.0,1.1538461538461537,197.0,7.9251785714285745,0.8999391308963293,0.1875,0.35714285714285715,0.6018518518518554
001_20200624_043333(2),0,0,0.6015625,0.36599099099099097,0.029513888888888888,0.033783783783783786,338.0,155.0,355.0,170.0,17.0,15.0,255.0,0.000997090840840841,15.0,1.1333333333333333,155.0,14.536834733893556,1.632724019531738,0.07450980392156863,0.24705882352941178,0.6375
001_20200624_043333(2),1,0,0.6041666666666666,0.44481981981981983,0.027777777777777776,0.033783783783783786,340.0,190.0,355.99999999999994,205.0,16.0,15.0,240.0,0.0009384384384384384,15.0,1.0666666666666667,190.0,3.7525406504065018,0.40222103116184016,0.06666666666666667,0.24166666666666667,0.599999999999998
001_20200624_043333(2),2,0,0.6067708333333334,0.543918918918919,0.022569444444444444,0.033783783783783786,343.0,234.00000000000003,356.0,249.00000000000003,13.0,15.0,195.0,0.0007624812312312313,13.0,0.8666666666666667,194.99999999999997,5.1625000000000085,0.5013393890616062,0.125,0.3076923076923077,0.6018518518518519
001_20200624_043337(8),0,0,0.5998263888888888,0.3581081081081081,0.026041666666666668,0.03153153153153153,337.99999999999994,152.0,353.0,166.0,15.0,13.999999999999998,209.99999999999997,0.0008211336336336336,13.999999999999998,1.0714285714285716,152.0,12.389285714285705,1.6376641899815165,0.0625,0.25,0.5833333333333356
001_20200624_043337(8),1,0,0.6041666666666666,0.4358108108108108,0.027777777777777776,0.033783783783783786,340.0,186.0,355.99999999999994,201.0,16.0,15.0,240.0,0.0009384384384384384,15.0,1.0666666666666667,186.0,2.9382113821138205,0.4185710869483215,0.008333333333333333,0.2,0.5454545454545436
001_20200624_043337(8),2,0,0.6059027777777778,0.5371621621621622,0.024305555555555556,0.02927927927927928,342.0,232.0,356.0,245.0,14.0,13.0,182.0,0.0007116491491491492,13.0,1.0769230769230769,199.0,6.087941787941787,0.7098777180647075,0.0,0.2087912087912088,0.5617283950617284
001_20200624_043349(7),0,0,0.5963541666666666,0.35923423423423423,0.026041666666666668,0.033783783783783786,335.99999999999994,152.0,351.0,167.0,15.0,15.0,225.00000000000003,0.0008797860360360362,15.0,1.0,152.0,16.12408536585366,1.472334504499135,0.125,0.3,0.5624999999999987
001_20200624_043349(7),1,0,0.6032986111111112,0.5382882882882883,0.022569444444444444,0.03153153153153153,341.00000000000006,232.00000000000006,354.0,246.0,13.0,13.999999999999998,182.0,0.000711649149149149,13.0,0.9285714285714287,198.0,6.592545292545296,0.8098748220237316,0.0,0.14285714285714285,0.5055555555555513
001_20200624_043349(7),2,0,0.6006944444444444,0.44144144144144143,0.027777777777777776,0.03153153153153153,338.0,189.0,353.99999999999994,203.0,16.0,13.999999999999998,223.99999999999997,0.0008758758758758758,13.999999999999998,1.142857142857143,189.0,5.472142857142856,0.6400834287067723,0.0,0.125,0.5090909090909073
001_20200624_083150(7),0,0,0.6032986111111112,0.34797297297297297,0.029513888888888888,0.02927927927927928,339.00000000000006,148.0,356.0,161.0,17.0,13.0,220.99999999999997,0.0008641453953953953,13.0,1.3076923076923077,148.0,12.349196832579182,1.2278612657598762,0.058823529411764705,0.2398190045248869,0.5524999999999981
001_20200624_083150(7),1,0,0.6137152777777778,0.42454954954954954,0.026041666666666668,0.033783783783783786,346.0,181.0,361.0,196.0,15.0,15.0,225.00000000000003,0.0008797860360360362,15.0,1.0,181.0,5.158333333333346,0.6876739315595832,0.008888888888888889,0.14666666666666667,0.5625
001_20200624_083150(7),2,0,0.6284722222222222,0.5225225225225225,0.024305555555555556,0.036036036036036036,355.0,223.99999999999997,369.0,240.0,14.0,16.0,223.99999999999997,0.0008758758758758759,14.0,0.875,204.0,9.964336954293913,0.9177138698091257,0.12605042016806722,0.29411764705882354,0.6222222222222232
001_20200624_083153(8),0,0,0.6180555555555556,0.3524774774774775,0.024305555555555556,0.02927927927927928,349.0,150.0,363.0,163.0,14.0,13.0,182.0,0.0007116491491491492,13.0,1.0769230769230769,150.0,14.474903474903485,1.4724291195698802,0.0,0.01098901098901099,0.455
001_20200624_083153(8),1,0,0.6189236111111112,0.42680180180180183,0.026041666666666668,0.033783783783783786,349.0,182.0,364.00000000000006,197.0,15.0,15.0,225.00000000000003,0.0008797860360360362,15.0,1.0,182.0,4.292886178861792,0.5709676052860571,0.08333333333333333,0.21666666666666667,0.5113636363636382
001_20200624_083153(8),2,0,0.6180555555555556,0.5337837837837838,0.024305555555555556,0.02702702702702703,349.0,231.0,363.0,242.99999999999997,14.0,12.0,168.0,0.000656906906906907,12.0,1.1666666666666667,201.00000000000003,6.634126984126979,0.745418044137322,0.07142857142857142,0.14285714285714285,0.5185185185185173
001_20200624_083156(9),0,0,0.5963541666666666,0.509009009009009,0.026041666666666668,0.02702702702702703,335.99999999999994,220.00000000000003,351.0,232.0,15.0,12.0,180.0,0.0007038288288288289,12.0,1.25,212.0,17.336622807017534,1.4235769937584706,0.0625,0.13541666666666666,0.4500000000000006
001_20200624_083156(9),1,0,0.6310763888888888,0.6790540540540541,0.022569444444444444,0.02927927927927928,357.0,295.0,369.99999999999994,308.0,13.0,13.0,169.0,0.000660817067067067,13.0,1.0,136.0,5.8487179487179475,0.6602833212708448,0.0,0.14792899408284024,0.5216049382716027
001_20200624_083156(9),2,0,0.6119791666666666,0.581081081081081,0.026041666666666668,0.036036036036036036,344.99999999999994,249.99999999999997,360.0,266.0,15.0,16.0,240.0,0.0009384384384384384,15.0,0.9375,178.0,6.688218194254446,0.6802951228321157,0.058823529411764705,0.27941176470588236,0.6000000000000033
001_20200624_083159(6),0,0,0.6215277777777778,0.4740990990990991,0.024305555555555556,0.02927927927927928,351.0,204.0,365.0,217.0,14.0,13.0,182.0,0.0007116491491491492,13.0,1.0769230769230769,204.0,8.900237600237602,1.0392866720461331,0.07142857142857142,0.2087912087912088,0.5617283950617284
001_20200624_083159(6),1,0,0.6354166666666666,0.5394144144144144,0.027777777777777776,0.033783783783783786,358.0,232.0,373.99999999999994,247.0,16.0,15.0,240.0,0.0009384384384384384,15.0,1.0666666666666667,197.0,7.0887195121951265,0.7235166811543323,0.008333333333333333,0.2,0.599999999999998
001_20200624_083159(6),2,0,0.6553819444444444,0.6182432432432432,0.022569444444444444,0.02927927927927928,371.0,268.0,384.0,281.0,13.0,13.0,169.0,0.000660817067067067,13.0,1.0,163.0,0.9942143326758668,0.11562464123379775,0.0,0.14792899408284024,0.5216049382716049
001_20200624_083202(6),0,0,0.609375,0.46959459459459457,0.034722222222222224,0.0472972972972973,341.0,198.0,361.0,218.99999999999997,20.0,21.0,420.00000000000006,0.0016422672672672673,20.0,0.9523809523809523,198.0,15.361904761904768,1.2570875136404356,0.0,0.0,0.0
001_20200624_083202(6),1,0,0.6284722222222222,0.5371621621621622,0.024305555555555556,0.02927927927927928,355.0,232.0,369.0,245.0,14.0,13.0,182.0,0.0007116491491491492,13.0,1.0769230769230769,199.0,7.258479358479363,0.7583279627011704,0.005494505494505495,0.02197802197802198,0.455
001_20200624_083202(6),2,0,0.6501736111111112,0.6092342342342343,0.022569444444444444,0.033783783783783786,368.00000000000006,263.0,381.0,278.0,13.0,15.0,195.0,0.0007624812312312313,13.0,0.8666666666666667,166.0,3.541497975708495,0.29516129673876373,0.0,0.13846153846153847,0.5416666666666644
001_20200624_083205(7),0,0,0.6232638888888888,0.46734234234234234,0.03125,0.033783783783783786,350.0,200.0,368.0,215.0,18.0,15.0,270.0,0.0010557432432432433,15.0,1.2,200.0,8.211024978466838,0.7731018875991705,0.16296296296296298,0.4111111111111111,0.6779661016949152
001_20200624_083205(7),1,0,0.6310763888888888,0.5337837837837838,0.029513888888888888,0.02702702702702703,355.0,231.0,371.99999999999994,242.99999999999997,17.0,12.0,204.0,0.0007976726726726727,12.0,1.4166666666666667,201.00000000000003,4.952111613876326,0.5999918343497314,0.058823529411764705,0.17647058823529413,0.5666666666666634
001_20200624_083205(7),2,0,0.6449652777777778,0.6171171171171171,0.026041666666666668,0.02702702702702703,364.0,268.0,379.0,280.0,15.0,12.0,180.0,0.0007038288288288289,12.0,1.25,164.0,4.591291291291299,0.47978334605928136,0.13333333333333333,0.26666666666666666,0.5555555555555556
001_20200624_123313(4),0,0,0.6267361111111112,0.45045045045045046,0.027777777777777776,0.03153153153153153,353.00000000000006,193.0,369.0,207.0,16.0,13.999999999999998,223.99999999999997,0.0008758758758758758,13.999999999999998,1.142857142857143,193.0,7.750535714285704,0.7215642189444537,0.12946428571428573,0.25,0.62222222222222
001_20200624_123313(4),1,0,0.6284722222222222,0.5123873873873874,0.024305555555555556,0.033783783783783786,355.0,220.00000000000003,369.0,235.00000000000003,14.0,15.0,210.00000000000003,0.0008211336336336337,14.0,0.9333333333333333,207.0,7.292500000000004,0.7367891037245446,0.07142857142857142,0.25,0.525
001_20200624_123313(4),2,0,0.6432291666666666,0.5990990990990991,0.026041666666666668,0.03153153153153153,362.99999999999994,259.0,378.0,273.0,15.0,13.999999999999998,209.99999999999997,0.0008211336336336336,13.999999999999998,1.0714285714285716,171.0,2.272678571428571,0.24492017275456462,0.125,0.25,0.5833333333333356
001_20200624_123317(8),0,0,0.6284722222222222,0.356981981981982,0.024305555555555556,0.02927927927927928,355.0,152.0,369.0,165.00000000000003,14.0,13.0,182.0,0.0007116491491491492,13.0,1.0769230769230769,152.0,5.310311493018261,0.4239292997371851,0.20408163265306123,0.32653061224489793,0.5617283950617297
001_20200624_123317(8),1,0,0.6284722222222222,0.42342342342342343,0.027777777777777776,0.036036036036036036,354.0,180.0,369.99999999999994,196.0,16.0,16.0,256.0,0.001001001001001001,16.0,1.0,180.0,6.003236607142853,0.7230886687072373,0.0,0.1796875,0.5818181818181798
001_20200624_123317(8),2,0,0.6319444444444444,0.5033783783783784,0.024305555555555556,0.033783783783783786,357.0,216.0,371.0,231.0,14.0,15.0,210.00000000000003,0.0008211336336336337,14.0,0.9333333333333333,205.0,5.1512820512820525,0.5773257449617797,0.06666666666666667,0.2,0.5833333333333334
001_20200624_123322(3),0,0,0.6336805555555556,0.3400900900900901,0.024305555555555556,0.03153153153153153,358.0,144.0,372.0,158.0,14.0,13.999999999999998,195.99999999999997,0.0007663913913913914,13.999999999999998,1.0000000000000002,144.0,6.295488721804503,0.5719245084472016,0.0,0.2653061224489796,0.6049382716049383
001_20200624_123322(3),1,0,0.640625,0.4099099099099099,0.024305555555555556,0.036036036036036036,362.0,174.0,376.0,189.99999999999997,14.0,16.0,223.99999999999997,0.0008758758758758759,14.0,0.875,174.0,2.371607142857144,0.2957414650800074,0.125,0.35714285714285715,0.6913580246913569
001_20200624_123322(3),2,0,0.6493055555555556,0.49324324324324326,0.03125,0.036036036036036036,365.0,211.0,383.0,227.0,18.0,16.0,288.0,0.0011261261261261261,16.0,1.125,193.0,6.56351010101011,0.5461722854374971,0.15625,0.3194444444444444,0.3695652173913043
001_20200624_123326(6),0,0,0.6102430555555556,0.3063063063063063,0.022569444444444444,0.03153153153153153,345.0,129.0,358.0,143.0,13.0,13.999999999999998,182.0,0.000711649149149149,13.0,0.9285714285714287,129.0,15.567329967329968,1.6557461955800605,0.0,0.0,0.455
001_20200624_123326(6),1,0,0.6171875,0.38175675675675674,0.022569444444444444,0.033783783783783786,349.0,162.0,362.0,177.0,13.0,15.0,195.0,0.0007624812312312313,13.0,0.8666666666666667,162.0,4.5676113360323995,0.656482124665667,0.005128205128205128,0.03076923076923077,0.4431818181818182
001_20200624_123326(6),2,0,0.6284722222222222,0.48536036036036034,0.024305555555555556,0.02927927927927928,355.0,208.99999999999997,369.0,222.0,14.0,13.0,182.0,0.0007116491491491492,13.0,1.0769230769230769,207.0,6.934425349086993,0.686977546428762,0.07142857142857142,0.2653061224489796,0.5617283950617297
001_20200624_123331(2),0,0,0.6154513888888888,0.29617117117117114,0.022569444444444444,0.033783783783783786,348.0,123.99999999999999,360.99999999999994,138.99999999999997,13.0,15.0,195.0,0.0007624812312312313,13.0,0.8666666666666667,123.99999999999999,15.872756410256414,1.7865539290452714,0.0625,0.19230769230769232,0.48749999999999744
001_20200624_123331(2),1,0,0.6197916666666666,0.3716216216216216,0.024305555555555556,0.02702702702702703,350.0,159.0,364.0,170.99999999999997,14.0,12.0,168.0,0.000656906906906907,12.0,1.1666666666666667,159.0,3.9964285714285666,0.7129535050903852,0.011904761904761904,0.09523809523809523,0.41999999999999904
001_20200624_123331(2),2,0,0.6293402777777778,0.47635135135135137,0.022569444444444444,0.038288288288288286,356.0,203.0,369.0,220.00000000000003,13.0,17.0,220.99999999999997,0.0008641453953953953,13.0,0.7647058823529411,203.0,6.311319574734213,0.5725908740642182,0.16666666666666666,0.38461538461538464,0.682098765432098
001_20200624_123335(6),0,0,0.6024305555555556,0.27815315315315314,0.027777777777777776,0.038288288288288286,339.00000000000006,115.00000000000001,355.0,131.99999999999997,16.0,17.0,272.0,0.0010635635635635634,16.0,0.9411764705882353,115.00000000000001,12.176248290013675,1.647519804541414,0.27941176470588236,0.47058823529411764,0.8395061728395009
001_20200624_123335(6),1,0,0.6024305555555556,0.35585585585585583,0.027777777777777776,0.03153153153153153,339.00000000000006,151.0,355.0,165.0,16.0,13.999999999999998,223.99999999999997,0.0008758758758758758,13.999999999999998,1.142857142857143,151.0,3.3141071428571394,0.5159562976172531,0.0625,0.125,0.559999999999998
001_20200624_123335(6),2,0,0.6041666666666666,0.4560810810810811,0.020833333333333332,0.024774774774774775,342.0,197.0,353.99999999999994,208.0,12.0,11.0,132.0,0.0005161411411411411,11.0,1.0909090909090908,197.0,7.706060606060618,0.8737016984684572,0.0,0.08333333333333333,0.4074074074074055
001_20200624_162816(3),0,0,0.5980902777777778,0.3952702702702703,0.03298611111111111,0.033783783783783786,335.0,168.0,354.0,183.0,19.0,15.0,285.0,0.0011143956456456457,15.0,1.2666666666666666,168.0,14.638357256778306,1.3887353240688391,0.1649122807017544,0.3263157894736842,0.7125
001_20200624_162816(3),1,0,0.6076388888888888,0.47072072072072074,0.027777777777777776,0.036036036036036036,342.0,201.00000000000003,357.99999999999994,217.0,16.0,16.0,256.0,0.001001001001001001,16.0,1.0,201.00000000000003,8.543043154761904,0.9367841160741567,0.1796875,0.2890625,0.6399999999999966
001_20200624_162816(3),2,0,0.6302083333333334,0.5619369369369369,0.027777777777777776,0.033783783783783786,355.00000000000006,242.0,371.0,257.0,16.0,15.0,240.0,0.0009384384384384384,15.0,1.0666666666666667,187.0,7.260060975609761,0.6636528371103486,0.24166666666666667,0.4,0.7407407407407383
001_20200624_162821(2),0,0,0.6059027777777778,0.3344594594594595,0.020833333333333332,0.033783783783783786,343.0,141.0,355.0,156.0,12.0,15.0,180.0,0.0007038288288288288,12.0,0.8,141.0,15.91996996996997,1.4311023789546402,0.06666666666666667,0.13333333333333333,0.45
001_20200624_162821(2),1,0,0.6145833333333334,0.41216216216216217,0.024305555555555556,0.03153153153153153,347.0,176.0,361.0,190.0,14.0,13.999999999999998,195.99999999999997,0.0007663913913913914,13.999999999999998,1.0000000000000002,176.0,3.523899033297525,0.5564784992276939,0.01020408163265306,0.09183673469387756,0.49
001_20200624_162821(2),2,0,0.6223958333333334,0.5157657657657657,0.019097222222222224,0.03153153153153153,353.0,221.99999999999997,364.00000000000006,235.99999999999994,11.0,13.999999999999998,153.99999999999997,0.0006021646646646646,11.0,0.7857142857142858,208.00000000000006,8.684534534534535,0.8297131044075315,0.06666666666666667,0.2,0.47530864197531014
001_20200624_162831(2),0,0,0.6388888888888888,0.46621621621621623,0.027777777777777776,0.02702702702702703,360.0,201.00000000000003,375.99999999999994,213.0,16.0,12.0,192.0,0.0007507507507507507,12.0,1.3333333333333333,200.00000000000006,6.590570175438586,0.6848789411046252,0.125,0.25,0.5925925925925891
001_20200624_162831(2),1,0,0.6440972222222222,0.536036036036036,0.024305555555555556,0.04054054054054054,364.0,228.99999999999997,378.0,247.0,14.0,18.0,252.0,0.0009853603603603605,14.0,0.7777777777777778,197.0,8.238608148277677,0.6659867193849217,0.05263157894736842,0.22556390977443608,0.5727272727272735
001_20200624_162831(2),2,0,0.6571180555555556,0.6193693693693694,0.022569444444444444,0.036036036036036036,372.0,267.0,385.0,283.0,13.0,16.0,208.0,0.0008133133133133133,13.0,0.8125,161.0,4.663782051282055,0.4272287787519059,0.08173076923076923,0.21153846153846154,0.52
001_20200624_162835(8),0,0,0.6319444444444444,0.3310810810810811,0.020833333333333332,0.02702702702702703,358.0,141.0,369.99999999999994,153.00000000000003,12.0,12.0,144.0,0.0005630630630630631,12.0,1.0,141.0,4.913516483516489,0.5250662074149767,0.0,0.15384615384615385,0.44444444444444337
001_20200624_162835(8),1,0,0.6354166666666666,0.4009009009009009,0.020833333333333332,0.02702702702702703,360.0,172.00000000000003,371.99999999999994,184.0,12.0,12.0,144.0,0.0005630630630630631,12.0,1.0,172.00000000000003,6.283660130718943,0.7923561461804037,0.0,0.08333333333333333,0.35999999999999743
001_20200624_162835(8),2,0,0.6449652777777778,0.48761261261261263,0.022569444444444444,0.033783783783783786,365.0,209.0,378.0,224.00000000000003,13.0,15.0,195.0,0.0007624812312312313,13.0,0.8666666666666667,198.0,4.658653846153854,0.3823137921763176,0.1875,0.36538461538461536,0.6018518518518512
001_20200624_203149(7),0,0,0.6449652777777778,0.5180180180180181,0.019097222222222224,0.02702702702702703,366.0,224.00000000000003,377.00000000000006,236.0,11.0,12.0,132.0,0.0005161411411411412,11.0,0.9166666666666666,198.99999999999994,3.9518790849673167,0.44655862762703746,0.0,0.1597222222222222,0.40740740740740855
001_20200624_203149(7),1,0,0.6475694444444444,0.588963963963964,0.017361111111111112,0.033783783783783786,368.0,254.00000000000003,378.0,269.0,10.0,15.0,150.0,0.000586524024024024,10.0,0.6666666666666666,175.0,2.6485714285714295,0.41003180932675426,0.06666666666666667,0.2,0.4629629629629621
001_20200624_203149(7),2,0,0.6501736111111112,0.6756756756756757,0.015625,0.03153153153153153,370.0,293.0,379.0,306.99999999999994,9.0,13.999999999999998,126.0,0.0004926801801801801,9.0,0.6428571428571429,137.00000000000006,1.9326118326118262,0.25180109511775645,0.07142857142857142,0.14285714285714285,0.3499999999999986
001_20200624_203154(3),0,0,0.640625,0.46396396396396394,0.024305555555555556,0.02702702702702703,362.0,199.99999999999997,376.0,212.0,14.0,12.0,168.0,0.000656906906906907,12.0,1.1666666666666667,199.99999999999997,3.911315711315723,0.4367260123530503,0.07692307692307693,0.27472527472527475,0.5185185185185197
001_20200624_203154(3),1,0,0.6432291666666666,0.536036036036036,0.022569444444444444,0.03153153153153153,364.0,231.0,377.0,244.99999999999997,13.0,13.999999999999998,182.0,0.000711649149149149,13.0,0.9285714285714287,199.0,3.826106326106327,0.5460566627780206,0.0,0.0,0.45499999999999907
001_20200624_203154(3),2,0,0.6493055555555556,0.6227477477477478,0.020833333333333332,0.038288288288288286,368.00000000000006,268.0,380.0,285.0,12.0,17.0,204.0,0.0007976726726726726,12.0,0.7058823529411765,159.0,2.109803921568627,0.24619515459209046,0.058823529411764705,0.18627450980392157,0.5099999999999976
001_20200624_203203(1),0,0,0.6319444444444444,0.44707207207207206,0.024305555555555556,0.02927927927927928,357.0,192.0,371.0,205.0,14.0,13.0,182.0,0.0007116491491491492,13.0,1.0769230769230769,192.0,7.937451737451738,1.029171555770167,0.07142857142857142,0.2087912087912088,0.5617283950617284
001_20200624_203203(1),1,0,0.6354166666666666,0.5180180180180181,0.020833333333333332,0.02702702702702703,360.0,224.00000000000003,371.99999999999994,236.0,12.0,12.0,144.0,0.0005630630630630631,12.0,1.0,204.00000000000006,4.248039215686276,0.5927877877203612,0.0,0.0,0.35999999999999743
001_20200624_203203(1),2,0,0.6380208333333334,0.6024774774774775,0.019097222222222224,0.038288288288288286,362.0,259.0,373.00000000000006,276.0,11.0,17.0,187.0,0.00073119994994995,11.0,0.6470588235294118,168.0,1.493363499245845,0.17406098487456098,0.17647058823529413,0.29411764705882354,0.5194444444444473
001_20200624_203207(8),0,0,0.6302083333333334,0.4831081081081081,0.024305555555555556,0.024774774774774775,356.0,209.0,370.0,220.0,14.0,11.0,154.0,0.0006021646646646646,11.0,1.2727272727272727,206.0,6.515064935064942,0.8582015127797542,0.0,0.07142857142857142,0.42777777777777776
001_20200624_203207(8),1,0,0.6423611111111112,0.5540540540540541,0.020833333333333332,0.03153153153153153,364.00000000000006,239.00000000000003,376.0,252.99999999999997,12.0,13.999999999999998,167.99999999999997,0.0006569069069069068,12.0,0.8571428571428572,191.00000000000003,3.029761904761898,0.4016309147147184,0.0,0.011904761904761904,0.4199999999999963
001_20200624_203207(8),2,0,0.65625,0.6362612612612613,0.017361111111111112,0.024774774774774775,373.0,277.0,383.0,288.0,10.0,11.0,110.0,0.00043011761761761763,10.0,0.9090909090909091,156.0,-0.14545454545454106,0.019354850346159688,0.0,0.0,0.275
001_20200624_203212(2),0,0,0.6388888888888888,0.4831081081081081,0.017361111111111112,0.024774774774774775,362.99999999999994,209.0,373.0,220.0,10.0,11.0,110.0,0.00043011761761761763,10.0,0.9090909090909091,203.0,-0.16479855371900953,0.016530654573755077,0.0,0.0,0.19642857142857253
001_20200624_203212(2),1,0,0.6449652777777778,0.5529279279279279,0.019097222222222224,0.024774774774774775,366.0,239.99999999999997,377.00000000000006,251.0,11.0,11.0,121.0,0.0004731293793793794,11.0,1.0,193.0,2.7314542483660063,0.3764472267159278,0.0,0.0,0.3025000000000023
001_20200624_203212(2),2,0,0.6571180555555556,0.6373873873873874,0.019097222222222224,0.02252252252252252,373.0,278.0,384.00000000000006,288.0,11.0,10.0,110.0,0.00043011761761761763,10.0,1.1,156.0,-0.94479166666666,0.12954416313091108,0.0,0.0,0.30555555555555713
001_20200624_203225(8),0,0,0.6414930555555556,0.41103603603603606,0.022569444444444444,0.024774774774774775,363.0,177.00000000000003,376.0,188.0,13.0,11.0,143.0,0.0005591529029029029,11.0,1.1818181818181819,177.00000000000003,3.5601809954751076,0.41644351354460635,0.0,0.16083916083916083,0.4413580246913569
001_20200624_203225(8),1,0,0.6380208333333334,0.4797297297297297,0.022569444444444444,0.018018018018018018,361.0,208.99999999999997,374.0,217.0,13.0,8.0,104.0,0.00040665665665665665,8.0,1.625,202.0,4.9883547008547,0.8759611042315301,0.0,0.07692307692307693,0.3209876543209888
001_20200624_203225(8),2,0,0.6449652777777778,0.5653153153153153,0.019097222222222224,0.02702702702702703,366.0,245.0,377.00000000000006,257.0,11.0,12.0,132.0,0.0005161411411411412,11.0,0.9166666666666666,187.0,1.9252450980392126,0.2404542674919029,0.0,0.08333333333333333,0.4074074074074095
001_20200625_003507(0),0,0,0.6024305555555556,0.3344594594594595,0.020833333333333332,0.024774774774774775,341.00000000000006,143.00000000000003,353.0,154.0,12.0,11.0,132.0,0.0005161411411411411,11.0,1.0909090909090908,143.00000000000003,6.574242424242428,1.2115797645011406,0.0,0.0,0.40740740740740444
001_20200625_003507(0),1,0,0.6032986111111112,0.40878378378378377,0.019097222222222224,0.02927927927927928,342.0,175.0,353.00000000000006,188.0,11.0,13.0,143.0,0.000559152902902903,11.0,0.8461538461538461,175.0,3.122783882783878,0.4532687878297137,0.0,0.0,0.35750000000000187
001_20200625_003507(0),2,0,0.609375,0.5157657657657657,0.017361111111111112,0.02702702702702703,346.0,223.0,356.0,234.99999999999997,10.0,12.0,120.0,0.00046921921921921927,10.0,0.8333333333333334,209.00000000000003,4.60208333333334,0.48043973224959985,0.0,0.0,0.3703703703703695
001_20200625_003511(4),0,0,0.6145833333333334,0.3400900900900901,0.020833333333333332,0.02702702702702703,348.00000000000006,145.0,360.0,157.00000000000003,12.0,12.0,144.0,0.0005630630630630631,12.0,1.0,145.0,8.733956043956042,1.4808203131500166,0.0,0.15384615384615385,0.44444444444444337
001_20200625_003511(4),1,0,0.6163194444444444,0.4166666666666667,0.017361111111111112,0.02702702702702703,350.0,179.0,360.0,191.00000000000003,10.0,12.0,120.0,0.00046921921921921927,10.0,0.8333333333333334,179.0,2.9069930069930052,0.5002462864937853,0.0,0.07692307692307693,0.37037037037037124
001_20200625_003511(4),2,0,0.6171875,0.5213963963963963,0.019097222222222224,0.024774774774774775,350.0,225.99999999999997,361.0,237.0,11.0,11.0,121.0,0.0004731293793793794,11.0,1.0,207.0,5.096969696969694,0.5951314016331439,0.0,0.0,0.33611111111111197
001_20200625_003515(9),0,0,0.6076388888888888,0.3614864864864865,0.024305555555555556,0.02927927927927928,342.99999999999994,154.0,357.0,167.00000000000003,14.0,13.0,182.0,0.0007116491491491492,13.0,1.0769230769230769,154.0,16.85274725274725,1.4506464410412312,0.13333333333333333,0.2571428571428571,0.45500000000000285
001_20200625_003515(9),1,0,0.6137152777777778,0.4380630630630631,0.022569444444444444,0.033783783783783786,347.0,187.0,360.0,202.0,13.0,15.0,195.0,0.0007624812312312313,13.0,0.8666666666666667,187.0,3.395411605937923,0.505369066297689,0.005128205128205128,0.08717948717948718,0.4875
001_20200625_003515(9),2,0,0.6163194444444444,0.5427927927927928,0.020833333333333332,0.036036036036036036,349.0,233.0,360.99999999999994,249.00000000000003,12.0,16.0,192.0,0.0007507507507507507,12.0,0.75,194.99999999999997,8.196304675716448,0.7778210900991476,0.11764705882352941,0.17647058823529413,0.5333333333333318
001_20200625_003520(4),0,0,0.6024305555555556,0.3547297297297297,0.024305555555555556,0.024774774774774775,340.0,152.0,354.0,163.0,14.0,11.0,154.0,0.0006021646646646646,11.0,1.2727272727272727,152.0,11.271168831168822,1.5232205268457328,0.0,0.22077922077922077,0.47530864197530864
001_20200625_003520(4),1,0,0.6032986111111112,0.43355855855855857,0.019097222222222224,0.024774774774774775,342.0,187.0,353.00000000000006,198.0,11.0,11.0,121.0,0.0004731293793793794,11.0,1.0,187.0,1.2484848484848499,0.1847492307265086,0.0,0.08333333333333333,0.33611111111111286
001_20200625_003520(4),2,0,0.6085069444444444,0.5371621621621622,0.015625,0.024774774774774775,346.0,233.0,355.0,244.00000000000003,9.0,11.0,99.0,0.00038710585585585586,9.0,0.8181818181818182,199.99999999999997,4.981123058542423,0.6692712166296926,0.0,0.0,0.30555555555555636
001_20200625_003524(9),0,0,0.609375,0.3524774774774775,0.020833333333333332,0.02927927927927928,345.0,150.0,357.0,163.0,12.0,13.0,155.99999999999997,0.0006099849849849849,12.0,0.9230769230769231,150.0,9.664761904761903,1.5706944206735856,0.0,0.0,0.43333333333333335
001_20200625_003524(9),1,0,0.609375,0.42454954954954954,0.017361111111111112,0.024774774774774775,346.0,183.0,356.0,194.0,10.0,11.0,110.0,0.00043011761761761763,10.0,0.9090909090909091,183.0,3.8903225806451616,0.6137426659736279,0.0,0.0,0.25
001_20200625_003524(9),2,0,0.6163194444444444,0.5304054054054054,0.017361111111111112,0.024774774774774775,350.0,229.99999999999997,360.0,241.0,10.0,11.0,110.0,0.00043011761761761763,10.0,0.9090909090909091,203.0,6.007291666666674,0.728629640154502,0.0,0.0,0.33950617283950707
001_20200625_003529(2),0,0,0.5998263888888888,0.34346846846846846,0.015625,0.02927927927927928,341.0,146.0,350.0,159.0,9.0,13.0,116.99999999999999,0.00045748873873873873,9.0,0.6923076923076923,146.0,8.910069444444446,1.0483426052566875,0.0,0.0,0.2925
001_20200625_003529(2),1,0,0.6041666666666666,0.4222972972972973,0.020833333333333332,0.033783783783783786,342.0,180.0,353.99999999999994,195.0,12.0,15.0,180.0,0.0007038288288288288,12.0,0.8,180.0,5.373123123123122,0.6910632524070188,0.06666666666666667,0.1388888888888889,0.44999999999999796
001_20200625_003529(2),2,0,0.6085069444444444,0.5225225225225225,0.019097222222222224,0.02702702702702703,344.99999999999994,226.0,356.0,237.99999999999997,11.0,12.0,132.0,0.0005161411411411412,11.0,0.9166666666666666,206.00000000000003,5.802777777777777,0.6578716417420561,0.0,0.08333333333333333,0.3666666666666677
001_20200625_043323(7),0,0,0.6076388888888888,0.36261261261261263,0.024305555555555556,0.03153153153153153,342.99999999999994,154.0,357.0,168.0,14.0,13.999999999999998,195.99999999999997,0.0007663913913913914,13.999999999999998,1.0000000000000002,154.0,13.097069597069606,2.0287303464240773,0.0,0.14285714285714285,0.490000000000002
001_20200625_043323(7),1,0,0.6085069444444444,0.4403153153153153,0.019097222222222224,0.024774774774774775,344.99999999999994,190.0,356.0,201.0,11.0,11.0,121.0,0.0004731293793793794,11.0,1.0,190.0,1.7772727272727167,0.2919368535766466,0.0,0.08333333333333333,0.30250000000000155
001_20200625_043323(7),2,0,0.6128472222222222,0.5405405405405406,0.017361111111111112,0.03153153153153153,348.0,233.00000000000003,358.0,247.0,10.0,13.999999999999998,140.0,0.0005474224224224224,10.0,0.7142857142857144,197.0,6.29579831932773,0.6933021288137996,0.07142857142857142,0.14285714285714285,0.4320987654320979
001_20200625_043328(3),0,0,0.6059027777777778,0.36036036036036034,0.020833333333333332,0.02702702702702703,343.0,154.0,355.0,165.99999999999997,12.0,12.0,144.0,0.0005630630630630631,12.0,1.0,154.0,14.471813725490208,1.4224147597780388,0.0,0.0,0.35999999999999915
001_20200625_043328(3),1,0,0.609375,0.4358108108108108,0.020833333333333332,0.02027027027027027,345.0,189.0,357.0,198.0,12.0,9.0,108.0,0.0004222972972972973,9.0,1.3333333333333333,189.0,1.7308243727598551,0.26429287158671855,0.0,0.0,0.27
001_20200625_043328(3),2,0,0.6163194444444444,0.5427927927927928,0.020833333333333332,0.02252252252252252,349.0,236.0,360.99999999999994,246.0,12.0,10.0,120.0,0.00046921921921921916,10.0,1.2,198.0,3.927083333333343,0.45318215687397345,0.0,0.0,0.33333333333333176
001_20200625_043337(3),0,0,0.6154513888888888,0.34572072072072074,0.019097222222222224,0.024774774774774775,348.99999999999994,148.00000000000003,360.0,159.0,11.0,11.0,121.0,0.0004731293793793794,11.0,1.0,148.00000000000003,15.560606060606062,1.3626151849010937,0.0,0.08333333333333333,0.30250000000000077
001_20200625_043337(3),1,0,0.6206597222222222,0.43018018018018017,0.022569444444444444,0.02702702702702703,351.0,184.99999999999997,364.0,197.0,13.0,12.0,156.0,0.000609984984984985,12.0,1.0833333333333333,184.99999999999997,2.6144970414201225,0.3757654213697556,0.0,0.07692307692307693,0.43333333333333435
001_20200625_043337(3),2,0,0.6232638888888888,0.5315315315315315,0.020833333333333332,0.02702702702702703,353.0,230.00000000000003,364.99999999999994,242.0,12.0,12.0,144.0,0.0005630630630630631,12.0,1.0,202.0,5.794607843137257,0.6535613261922041,0.0,0.08333333333333333,0.39999999999999714
001_20200625_043341(7),0,0,0.6050347222222222,0.37725225225225223,0.026041666666666668,0.024774774774774775,341.0,162.0,356.0,172.99999999999997,15.0,11.0,165.0,0.0006451764264264264,11.0,1.3636363636363635,162.0,16.624242424242425,1.3826090617442985,0.06666666666666667,0.13333333333333333,0.4124999999999989
001_20200625_043341(7),1,0,0.6102430555555556,0.4594594594594595,0.019097222222222224,0.03153153153153153,346.0,197.0,357.00000000000006,211.0,11.0,13.999999999999998,153.99999999999997,0.0006021646646646646,11.0,0.7857142857142858,197.0,2.261904761904759,0.3572618872588574,0.0,0.08333333333333333,0.42777777777778
001_20200625_043341(7),2,0,0.6085069444444444,0.5596846846846847,0.019097222222222224,0.02927927927927928,344.99999999999994,242.0,356.0,255.0,11.0,13.0,143.0,0.000559152902902903,11.0,0.8461538461538461,189.0,5.571245421245422,0.7026384553046121,0.0,0.15384615384615385,0.4413580246913603
001_20200625_043346(2),0,0,0.5989583333333334,0.3614864864864865,0.017361111111111112,0.024774774774774775,340.0,155.00000000000003,350.00000000000006,166.0,10.0,11.0,110.0,0.00043011761761761763,10.0,0.9090909090909091,155.00000000000003,11.033057851239676,1.424138955667563,0.0,0.0,0.27500000000000085
001_20200625_043346(2),1,0,0.6032986111111112,0.4436936936936937,0.019097222222222224,0.018018018018018018,342.0,193.0,353.00000000000006,201.00000000000003,11.0,8.0,88.0,0.00034409409409409415,8.0,1.375,193.0,2.0741935483871003,0.3865075445400989,0.0,0.08333333333333333,0.2716049382716073
001_20200625_043346(2),2,0,0.6041666666666666,0.5405405405405406,0.020833333333333332,0.02252252252252252,342.0,235.00000000000003,353.99999999999994,245.0,12.0,10.0,120.0,0.00046921921921921916,10.0,1.2,199.0,7.296875,0.9208432312658477,0.0,0.08333333333333333,0.3333333333333308
001_20200625_043359(8),0,0,0.6180555555555556,0.35135135135135137,0.024305555555555556,0.02252252252252252,349.0,151.0,363.0,161.0,14.0,10.0,140.0,0.0005474224224224224,10.0,1.4,151.0,8.041596638655463,0.9757737860656254,0.07142857142857142,0.14285714285714285,0.35
001_20200625_043359(8),1,0,0.6171875,0.4313063063063063,0.022569444444444444,0.024774774774774775,349.0,186.0,362.0,196.99999999999997,13.0,11.0,143.0,0.0005591529029029029,11.0,1.1818181818181819,186.0,1.605470999588647,0.2489620960782377,0.0,0.0,0.3574999999999991
001_20200625_043359(8),2,0,0.6180555555555556,0.5326576576576577,0.017361111111111112,0.024774774774774775,351.0,231.0,361.0,242.00000000000003,10.0,11.0,110.0,0.00043011761761761763,10.0,0.9090909090909091,201.99999999999997,7.241666666666674,0.9082467044152722,0.0,0.0,0.33950617283950707
001_20200629_082825(1),0,0,0.6067708333333334,0.4313063063063063,0.022569444444444444,0.024774774774774775,343.0,186.0,356.0,196.99999999999997,13.0,11.0,143.0,0.0005591529029029029,11.0,1.1818181818181819,186.0,12.330357877416702,1.4863916379046735,0.0,0.0,0.3574999999999991
001_20200629_082825(1),1,0,0.6076388888888888,0.5067567567567568,0.024305555555555556,0.02702702702702703,342.99999999999994,219.00000000000003,357.0,231.0,14.0,12.0,168.0,0.000656906906906907,12.0,1.1666666666666667,213.0,4.533783783783775,0.6415917518020464,0.0,0.06666666666666667,0.42000000000000076
001_20200629_082825(1),2,0,0.6059027777777778,0.6081081081081081,0.024305555555555556,0.03153153153153153,342.0,263.0,356.0,277.0,14.0,13.999999999999998,195.99999999999997,0.0007663913913913914,13.999999999999998,1.0000000000000002,167.0,5.397798066595058,0.5983960455803968,0.0,0.14285714285714285,0.5444444444444444
001_20200629_082828(0),0,0,0.6189236111111112,0.46959459459459457,0.026041666666666668,0.033783783783783786,349.0,201.0,364.00000000000006,216.0,15.0,15.0,225.00000000000003,0.0008797860360360362,15.0,1.0,201.0,11.306605691056916,1.8590333507283099,0.1875,0.3,0.6250000000000022
001_20200629_082828(0),1,0,0.6215277777777778,0.5427927927927928,0.027777777777777776,0.02702702702702703,350.00000000000006,235.00000000000003,366.0,247.0,16.0,12.0,192.0,0.0007507507507507507,12.0,1.3333333333333333,197.0,1.4334429824561425,0.207551495912526,0.0,0.125,0.4363636363636338
001_20200629_082828(0),2,0,0.6302083333333334,0.6463963963963963,0.024305555555555556,0.02702702702702703,356.0,281.0,370.0,292.99999999999994,14.0,12.0,168.0,0.000656906906906907,12.0,1.1666666666666667,151.00000000000006,3.656349206349205,0.4734320640153818,0.0,0.07142857142857142,0.419999999999998
001_20200629_082831(0),0,0,0.6215277777777778,0.49774774774774777,0.024305555555555556,0.02702702702702703,351.0,215.00000000000003,365.0,227.0,14.0,12.0,168.0,0.000656906906906907,12.0,1.1666666666666667,211.0,2.5194444444444457,0.3347447411723343,0.07142857142857142,0.14285714285714285,0.4242424242424233
001_20200629_082831(0),1,0,0.6197916666666666,0.6013513513513513,0.024305555555555556,0.02702702702702703,350.0,261.0,364.0,273.0,14.0,12.0,168.0,0.000656906906906907,12.0,1.1666666666666667,171.0,5.348809523809521,0.6402507710689497,0.0,0.14285714285714285,0.5185185185185185
001_20200629_082831(0),2,0,0.6223958333333334,0.42117117117117114,0.019097222222222224,0.02252252252252252,353.0,182.0,364.00000000000006,192.0,11.0,10.0,110.0,0.00043011761761761763,10.0,1.1,182.0,7.935416666666669,1.2873479565984516,0.0,0.0,0.3395061728395079
001_20200629_082834(2),0,0,0.6284722222222222,0.4132882882882883,0.020833333333333332,0.024774774774774775,356.0,178.0,368.0,189.0,12.0,11.0,132.0,0.0005161411411411411,11.0,1.0909090909090908,178.0,9.486363636363635,1.229723154277247,0.0,0.0,0.36666666666666664
001_20200629_082834(2),1,0,0.6197916666666666,0.49324324324324326,0.024305555555555556,0.03153153153153153,350.0,212.0,364.0,226.0,14.0,13.999999999999998,195.99999999999997,0.0007663913913913914,13.999999999999998,1.0000000000000002,212.0,6.100214822771207,0.6470157572774212,0.0,0.1377551020408163,0.49
001_20200629_082834(2),2,0,0.6076388888888888,0.5923423423423423,0.034722222222222224,0.04054054054054054,339.99999999999994,253.99999999999997,360.0,272.0,20.0,18.0,360.0,0.0014076576576576578,18.0,1.1111111111111112,172.0,17.19236090225563,1.4380226953599669,0.0,0.0,0.0
001_20200629_082837(2),0,0,0.6024305555555556,0.3783783783783784,0.027777777777777776,0.02702702702702703,339.00000000000006,162.00000000000003,355.0,174.0,16.0,12.0,192.0,0.0007507507507507507,12.0,1.3333333333333333,162.00000000000003,8.531140350877195,1.4325803489703857,0.0625,0.19791666666666666,0.5333333333333302
001_20200629_082837(2),1,0,0.6015625,0.4594594594594595,0.029513888888888888,0.03153153153153153,338.0,197.0,355.0,211.0,17.0,13.999999999999998,237.99999999999997,0.000930618118118118,13.999999999999998,1.2142857142857144,197.0,5.982496413199428,0.6671726638419646,0.12605042016806722,0.29411764705882354,0.595
001_20200629_082837(2),2,0,0.6059027777777778,0.5563063063063063,0.024305555555555556,0.03153153153153153,342.0,240.0,356.0,253.99999999999997,14.0,13.999999999999998,195.99999999999997,0.0007663913913913914,13.999999999999998,1.0000000000000002,190.00000000000003,6.345972073039746,0.7239967632413088,0.0,0.2653061224489796,0.6049382716049372
001_20200629_082840(2),0,0,0.6197916666666666,0.4617117117117117,0.027777777777777776,0.03153153153153153,349.0,198.0,364.99999999999994,212.0,16.0,13.999999999999998,223.99999999999997,0.0008758758758758758,13.999999999999998,1.142857142857143,198.0,14.090892857142862,1.644753446799228,0.125,0.25,0.5656565656565636
001_20200629_082840(2),1,0,0.6180555555555556,0.5371621621621622,0.020833333333333332,0.033783783783783786,350.00000000000006,231.0,362.0,246.0,12.0,15.0,180.0,0.0007038288288288288,12.0,0.8,198.0,2.365465465465462,0.30077773110539924,0.06666666666666667,0.20555555555555555,0.4999999999999977
001_20200629_082840(2),2,0,0.6206597222222222,0.6430180180180181,0.022569444444444444,0.024774774774774775,351.0,280.0,364.0,291.00000000000006,13.0,11.0,143.0,0.0005591529029029029,11.0,1.1818181818181819,152.99999999999994,3.4175091575091585,0.45180858309087696,0.0,0.15384615384615385,0.4413580246913603
001_20200629_082905(4),0,0,0.6180555555555556,0.4527027027027027,0.024305555555555556,0.03153153153153153,349.0,194.0,363.0,208.0,14.0,13.999999999999998,195.99999999999997,0.0007663913913913914,13.999999999999998,1.0000000000000002,194.0,10.96364124597207,1.3652698009004234,0.0,0.07142857142857142,0.49
001_20200629_082905(4),1,0,0.6085069444444444,0.5259009009009009,0.019097222222222224,0.024774774774774775,344.99999999999994,228.0,356.0,239.00000000000003,11.0,11.0,121.0,0.0004731293793793794,11.0,1.0,204.99999999999997,4.561519607843138,0.5072459483494574,0.0,0.1597222222222222,0.37345679012345967
001_20200629_082905(4),2,0,0.5972222222222222,0.6295045045045045,0.017361111111111112,0.024774774774774775,339.0,273.99999999999994,349.0,285.0,10.0,11.0,110.0,0.00043011761761761763,10.0,0.9090909090909091,159.0,4.169791666666669,0.4734918372868025,0.0,0.0,0.3395061728395079
001_20200629_123107(1),0,0,0.5998263888888888,0.3761261261261261,0.019097222222222224,0.02702702702702703,339.99999999999994,160.99999999999997,351.0,173.0,11.0,12.0,132.0,0.0005161411411411412,11.0,0.9166666666666666,160.99999999999997,14.218315018315025,1.365744399260439,0.08333333333333333,0.23076923076923078,0.3300000000000025
001_20200629_123107(1),1,0,0.6050347222222222,0.45382882882882886,0.019097222222222224,0.024774774774774775,342.99999999999994,196.00000000000003,354.0,207.0,11.0,11.0,121.0,0.0004731293793793794,11.0,1.0,196.00000000000003,1.5090909090909008,0.2346422272875008,0.0,0.08333333333333333,0.2750000000000007
001_20200629_123107(1),2,0,0.609375,0.5585585585585585,0.013888888888888888,0.02702702702702703,347.0,242.0,355.0,253.99999999999997,8.0,12.0,96.0,0.00037537537537537537,8.0,0.6666666666666666,190.00000000000003,2.828333333333333,0.29480683575532085,0.0,0.08333333333333333,0.2962962962962956
001_20200629_123111(6),0,0,0.6145833333333334,0.3738738738738739,0.020833333333333332,0.02252252252252252,348.00000000000006,161.0,360.0,171.0,12.0,10.0,120.0,0.00046921921921921916,10.0,1.2,161.0,10.036458333333329,1.215501361212807,0.0,0.0,0.2999999999999986
001_20200629_123111(6),1,0,0.6154513888888888,0.45157657657657657,0.019097222222222224,0.02027027027027027,348.99999999999994,196.0,360.0,205.0,11.0,9.0,99.0,0.0003871058558558559,9.0,1.2222222222222223,196.0,1.5810035842293786,0.2542909535654942,0.0,0.08333333333333333,0.2750000000000014
001_20200629_123111(6),2,0,0.6189236111111112,0.5529279279279279,0.019097222222222224,0.024774774774774775,351.0,239.99999999999997,362.00000000000006,251.0,11.0,11.0,121.0,0.0004731293793793794,11.0,1.0,193.0,5.753513071895412,0.6043196944208884,0.0,0.0,0.37345679012345967
001_20200629_123116(1),0,0,0.6015625,0.34121621621621623,0.026041666666666668,0.033783783783783786,339.0,144.0,354.0,159.0,15.0,15.0,225.00000000000003,0.0008797860360360362,15.0,1.0,144.0,13.197500000000005,1.519571096088299,0.008888888888888889,0.09333333333333334,0.5113636363636364
001_20200629_123116(1),1,0,0.6050347222222222,0.42117117117117114,0.019097222222222224,0.02702702702702703,342.99999999999994,180.99999999999997,354.0,193.0,11.0,12.0,132.0,0.0005161411411411412,11.0,0.9166666666666666,180.99999999999997,3.361245421245428,0.4221904622957355,0.0,0.0,0.3300000000000025
001_20200629_123116(1),2,0,0.6102430555555556,0.5202702702702703,0.019097222222222224,0.03153153153153153,346.0,224.00000000000003,357.00000000000006,237.99999999999997,11.0,13.999999999999998,153.99999999999997,0.0006021646646646646,11.0,0.7857142857142858,206.00000000000003,5.425793650793651,0.4884660530425834,0.0,0.1488095238095238,0.4277777777777782
001_20200629_123120(6),0,0,0.6059027777777778,0.3344594594594595,0.024305555555555556,0.02927927927927928,342.0,142.0,356.0,155.00000000000003,14.0,13.0,182.0,0.0007116491491491492,13.0,1.0769230769230769,142.0,14.77180451127819,1.722750343846719,0.0,0.14795918367346939,0.4550000000000009
001_20200629_123120(6),1,0,0.6067708333333334,0.40878378378378377,0.026041666666666668,0.033783783783783786,342.0,174.0,357.00000000000006,189.0,15.0,15.0,225.00000000000003,0.0008797860360360362,15.0,1.0,174.0,4.832926829268288,0.5596358277430559,0.0,0.13333333333333333,0.5113636363636382
001_20200629_123120(6),2,0,0.6050347222222222,0.5123873873873874,0.019097222222222224,0.02027027027027027,342.99999999999994,223.00000000000003,354.0,232.0,11.0,9.0,99.0,0.0003871058558558559,9.0,1.2222222222222223,212.0,5.53357228195938,0.5916414148226483,0.0,0.08333333333333333,0.3055555555555562
001_20200629_123125(2),0,0,0.6059027777777778,0.34572072072072074,0.024305555555555556,0.024774774774774775,342.0,148.00000000000003,356.0,159.0,14.0,11.0,154.0,0.0006021646646646646,11.0,1.2727272727272727,148.00000000000003,15.215844155844152,1.4069256027361978,0.0,0.08441558441558442,0.38499999999999907
001_20200629_123125(2),1,0,0.609375,0.42792792792792794,0.020833333333333332,0.036036036036036036,345.0,182.0,357.0,198.0,12.0,16.0,192.0,0.0007507507507507507,12.0,0.75,182.0,9.040241228070172,0.7398730718925172,0.125,0.19791666666666666,0.48
001_20200629_123125(2),2,0,0.6171875,0.5247747747747747,0.019097222222222224,0.03153153153153153,350.0,226.0,361.0,239.99999999999997,11.0,13.999999999999998,153.99999999999997,0.0006021646646646646,11.0,0.7857142857142858,204.00000000000003,4.839480519480517,0.5354969238909589,0.0,0.14285714285714285,0.4277777777777769
001_20200727_204954(7),0,0,0.5598958333333334,0.35135135135135137,0.019097222222222224,0.018018018018018018,317.0,152.0,328.00000000000006,160.00000000000003,11.0,8.0,88.0,0.00034409409409409415,8.0,1.375,152.0,2.732078853046602,0.42890624119107135,0.0,0.0,0.2716049382716073
001_20200727_204958(2),0,0,0.5642361111111112,0.34234234234234234,0.013888888888888888,0.018018018018018018,321.00000000000006,148.0,329.0,156.0,8.0,8.0,64.0,0.00025025025025025025,8.0,1.0,148.0,7.711298076923072,1.4711439395358765,0.0,0.0,0.19753086419752947
001_20200728_014351(3),0,0,0.5529513888888888,0.4954954954954955,0.019097222222222224,0.02252252252252252,312.99999999999994,215.0,324.0,225.00000000000003,11.0,10.0,110.0,0.00043011761761761763,10.0,1.1,215.0,3.7530303030303003,0.6145853053384901,0.0,0.08333333333333333,0.305555555555558
001_20200728_014355(2),0,0,0.5677083333333334,0.43243243243243246,0.013888888888888888,0.02702702702702703,323.00000000000006,186.00000000000003,331.0,198.0,8.0,12.0,96.0,0.00037537537537537537,8.0,0.6666666666666666,186.00000000000003,8.109583333333333,1.3952565607337692,0.0,0.08333333333333333,0.2962962962962935
001_20200728_043138(3),0,0,0.5789930555555556,0.4166666666666667,0.019097222222222224,0.02702702702702703,328.0,179.0,339.00000000000006,191.00000000000003,11.0,12.0,132.0,0.0005161411411411412,11.0,0.9166666666666666,179.0,9.341135531135535,1.5298098370741136,0.0,0.07692307692307693,0.3666666666666694
001_20200728_043141(5),0,0,0.5520833333333334,0.48986486486486486,0.017361111111111112,0.02027027027027027,313.0,213.0,323.00000000000006,222.0,10.0,9.0,90.0,0.00035191441441441445,9.0,1.1111111111111112,213.0,1.081616161616168,0.15802744598259605,0.0,0.0,0.27777777777777934
001_20200728_083108(2),0,0,0.5668402777777778,0.4358108108108108,0.015625,0.024774774774774775,322.0,188.0,331.0,199.0,9.0,11.0,99.0,0.00038710585585585586,9.0,0.8181818181818182,188.0,5.961818181818174,0.9943662816760002,0.0,0.0,0.3055555555555556
001_20200728_083116(1),0,0,0.5729166666666666,0.46959459459459457,0.013888888888888888,0.024774774774774775,326.0,203.0,333.99999999999994,213.99999999999997,8.0,11.0,88.0,0.0003440940940940941,8.0,0.7272727272727273,203.0,6.2041536050156765,0.9488043569661097,0.0,0.0,0.2716049382716023
001_20200728_123129(2),0,0,0.5824652777777778,0.46846846846846846,0.015625,0.02252252252252252,331.0,203.0,340.0,213.0,9.0,10.0,89.99999999999999,0.0003519144144144144,9.0,0.9,203.0,6.8659003831417635,1.5520819679919111,0.0,0.0,0.2777777777777778
001_20200728_123132(4),0,0,0.5685763888888888,0.5225225225225225,0.015625,0.02702702702702703,323.0,226.0,332.0,237.99999999999997,9.0,12.0,108.0,0.0004222972972972973,9.0,0.75,206.00000000000003,5.186977299880525,0.8438220808803958,0.0,0.08333333333333333,0.33333333333333254
001_20200728_163910(5),0,0,0.5729166666666666,0.4380630630630631,0.020833333333333332,0.02027027027027027,324.0,190.0,335.99999999999994,199.0,12.0,9.0,108.0,0.0004222972972972973,9.0,1.3333333333333333,190.0,1.7914575866188756,0.2230939507942979,0.0,0.08333333333333333,0.33333333333333176
001_20200728_163913(6),0,0,0.5815972222222222,0.4436936936936937,0.017361111111111112,0.02702702702702703,330.0,191.00000000000003,340.0,203.0,10.0,12.0,120.0,0.00046921921921921927,10.0,0.8333333333333334,191.00000000000003,1.7822916666666657,0.2738826182034682,0.0,0.0,0.3703703703703695
001_20200810_085043(8),0,0,0.5746527777777778,0.4864864864864865,0.017361111111111112,0.02702702702702703,326.0,210.00000000000003,336.0,222.0,10.0,12.0,120.0,0.00046921921921921927,10.0,0.8333333333333334,210.00000000000003,4.642708333333331,0.7093369662730736,0.0,0.08333333333333333,0.33333333333333254
001_20200810_123047(8),0,0,0.5685763888888888,0.44144144144144143,0.015625,0.02252252252252252,323.0,191.0,332.0,201.0,9.0,10.0,89.99999999999999,0.0003519144144144144,9.0,0.9,191.0,5.52183908045977,1.188070776624359,0.0,0.0,0.25
001_20200810_123051(3),0,0,0.5755208333333334,0.5202702702702703,0.019097222222222224,0.02252252252252252,326.0,226.0,337.00000000000006,236.0,11.0,10.0,110.0,0.00043011761761761763,10.0,1.1,208.0,6.702083333333334,0.9206863059053303,0.0,0.0,0.30555555555555713
001_20200810_163112(8),0,0,0.5572916666666666,0.5123873873873874,0.024305555555555556,0.024774774774774775,314.0,222.0,328.0,233.00000000000003,14.0,11.0,154.0,0.0006021646646646646,11.0,1.2727272727272727,210.99999999999997,9.268650793650792,0.8875721340132791,0.0,0.07738095238095238,0.38500000000000095
001_20200810_163116(0),0,0,0.5651041666666666,0.44256756756756754,0.019097222222222224,0.024774774774774775,319.99999999999994,191.0,331.0,201.99999999999997,11.0,11.0,121.0,0.0004731293793793794,11.0,1.0,191.0,10.930303030303037,1.0199948644397994,0.08333333333333333,0.16666666666666666,0.33611111111111197
001_20200810_203208(7),0,0,0.5546875,0.43355855855855857,0.015625,0.024774774774774775,315.0,187.0,324.0,198.0,9.0,11.0,99.0,0.00038710585585585586,9.0,0.8181818181818182,187.0,9.259999999999991,1.6254463190375195,0.0,0.0,0.275
001_20200810_203212(6),0,0,0.5607638888888888,0.4527027027027027,0.024305555555555556,0.02702702702702703,315.99999999999994,194.99999999999997,330.0,207.0,14.0,12.0,168.0,0.000656906906906907,12.0,1.1666666666666667,194.99999999999997,2.8255060728744894,0.3470521082066319,0.06666666666666667,0.26153846153846155,0.5185185185185218
001_20200811_003323(2),0,0,0.5711805555555556,0.48423423423423423,0.020833333333333332,0.02702702702702703,323.00000000000006,208.99999999999997,335.0,221.0,12.0,12.0,144.0,0.0005630630630630631,12.0,1.0,208.99999999999997,2.5881318681318817,0.31849433500108965,0.0,0.07692307692307693,0.44444444444444337
001_20200811_003327(0),0,0,0.5668402777777778,0.44932432432432434,0.015625,0.024774774774774775,322.0,194.00000000000003,331.0,205.0,9.0,11.0,99.0,0.00038710585585585586,9.0,0.8181818181818182,194.00000000000003,8.2340404040404,1.538572854451574,0.0,0.0,0.30555555555555475
001_20200811_043037(3),0,0,0.5572916666666666,0.5123873873873874,0.017361111111111112,0.024774774774774775,315.99999999999994,222.0,326.0,233.00000000000003,10.0,11.0,110.0,0.00043011761761761763,10.0,0.9090909090909091,210.99999999999997,7.828787878787878,1.429472365415132,0.0,0.0,0.3055555555555581
001_20200811_043041(6),0,0,0.5460069444444444,0.5461711711711712,0.019097222222222224,0.02927927927927928,308.99999999999994,236.0,320.0,249.00000000000003,11.0,13.0,143.0,0.000559152902902903,11.0,0.8461538461538461,194.99999999999997,4.384523809523813,0.4817995890900166,0.0,0.21428571428571427,0.44135802469136126
001_20200814_033012(7),0,0,0.5572916666666666,0.40653153153153154,0.017361111111111112,0.024774774774774775,315.99999999999994,175.0,326.0,186.0,10.0,11.0,110.0,0.00043011761761761763,10.0,0.9090909090909091,175.0,6.952970041322317,1.2114973131217657,0.09090909090909091,0.18181818181818182,0.3395061728395081
001_20200814_033016(6),0,0,0.5546875,0.32319819819819817,0.015625,0.02927927927927928,315.0,136.99999999999997,324.0,150.0,9.0,13.0,116.99999999999999,0.00045748873873873873,9.0,0.6923076923076923,136.99999999999997,4.926118326118328,0.6328721588235638,0.0,0.07142857142857142,0.32500000000000073
001_20200814_043321(6),0,0,0.5720486111111112,0.4369369369369369,0.022569444444444444,0.03153153153153153,323.00000000000006,187.0,336.0,201.0,13.0,13.999999999999998,182.0,0.000711649149149149,13.0,0.9285714285714287,187.0,3.5182061182061233,0.5125193034462568,0.14285714285714285,0.27472527472527475,0.5617283950617259
001_20200814_083045(8),0,0,0.5737847222222222,0.38626126126126126,0.022569444444444444,0.02927927927927928,324.0,165.0,337.0,178.0,13.0,13.0,169.0,0.000660817067067067,13.0,1.0,165.0,5.99501972386588,1.1353211529342901,0.0,0.14792899408284024,0.5216049382716049
001_20200814_083051(9),0,0,0.5616319444444444,0.34572072072072074,0.022569444444444444,0.024774774774774775,317.0,148.00000000000003,330.0,159.0,13.0,11.0,143.0,0.0005591529029029029,11.0,1.1818181818181819,148.00000000000003,10.591443850267382,1.6867468379206987,0.0,0.0,0.3972222222222212
001_20200814_123136(2),0,0,0.5763888888888888,0.36936936936936937,0.020833333333333332,0.02252252252252252,326.0,159.0,337.99999999999994,169.0,12.0,10.0,120.0,0.00046921921921921916,10.0,1.2,159.0,6.026041666666671,0.9561880203048337,0.0,0.0,0.2999999999999986
001_20200814_123143(5),0,0,0.5833333333333334,0.38288288288288286,0.020833333333333332,0.02702702702702703,330.00000000000006,164.0,342.0,175.99999999999997,12.0,12.0,144.0,0.0005630630630630631,12.0,1.0,164.0,5.30694444444444,0.9786303178655628,0.0,0.1597222222222222,0.4444444444444413
001_20200814_163101(7),0,0,0.578125,0.4177927927927928,0.017361111111111112,0.02927927927927928,328.0,179.0,338.0,192.0,10.0,13.0,130.0,0.0005083208208208209,10.0,0.7692307692307693,179.0,6.6037296037296045,1.5861771884468299,0.0,0.07692307692307693,0.4012345679012346
001_20200814_163105(1),0,0,0.5772569444444444,0.4369369369369369,0.019097222222222224,0.03153153153153153,326.99999999999994,187.0,338.0,201.0,11.0,13.999999999999998,153.99999999999997,0.0006021646646646646,11.0,0.7857142857142858,187.0,8.901587301587298,1.5762406324972746,0.07142857142857142,0.21428571428571427,0.4753086419753111
001_20200814_203438(9),0,0,0.5607638888888888,0.29504504504504503,0.024305555555555556,0.02702702702702703,315.99999999999994,125.0,330.0,136.99999999999997,14.0,12.0,168.0,0.000656906906906907,12.0,1.1666666666666667,125.0,7.730930930930938,0.8545607966716828,0.0,0.06666666666666667,0.2727272727272732
001_20200814_203442(4),0,0,0.5685763888888888,0.3738738738738739,0.015625,0.02702702702702703,323.0,160.0,332.0,172.00000000000003,9.0,12.0,108.0,0.0004222972972972973,9.0,0.75,160.0,2.4025373931624046,0.29096976040940825,0.07692307692307693,0.15384615384615385,0.33333333333333415
001_20200815_003438(6),0,0,0.5564236111111112,0.35923423423423423,0.019097222222222224,0.024774774774774775,315.0,154.0,326.00000000000006,165.0,11.0,11.0,121.0,0.0004731293793793794,11.0,1.0,154.0,4.939393939393938,0.9458305073102988,0.0,0.0,0.3734567901234587
001_20200815_003529(0),0,0,0.5642361111111112,0.45045045045045046,0.020833333333333332,0.02702702702702703,319.00000000000006,194.0,331.0,206.00000000000003,12.0,12.0,144.0,0.0005630630630630631,12.0,1.0,194.0,8.870842490842492,1.334887945421211,0.07692307692307693,0.15384615384615385,0.44444444444444337
001_20200818_083145(2),0,0,0.5737847222222222,0.3322072072072072,0.022569444444444444,0.024774774774774775,324.0,142.0,337.0,153.0,13.0,11.0,143.0,0.0005591529029029029,11.0,1.1818181818181819,142.0,3.192328259975312,0.4306684798251245,0.0,0.07692307692307693,0.44135802469135804
001_20200818_083159(7),0,0,0.5746527777777778,0.44707207207207206,0.017361111111111112,0.02927927927927928,326.0,192.0,336.0,205.0,10.0,13.0,130.0,0.0005083208208208209,10.0,0.7692307692307693,192.0,7.188578088578083,1.2524114904385106,0.0,0.07692307692307693,0.4012345679012346
001_20200818_123634(4),0,0,0.5546875,0.36936936936936937,0.015625,0.03153153153153153,315.0,157.0,324.0,171.0,9.0,13.999999999999998,126.0,0.0004926801801801801,9.0,0.6428571428571429,157.0,4.013997113997107,0.5693468144297201,0.0,0.0,0.315
001_20200818_163230(6),0,0,0.5824652777777778,0.40540540540540543,0.015625,0.03153153153153153,331.0,173.0,340.0,187.0,9.0,13.999999999999998,126.0,0.0004926801801801801,9.0,0.6428571428571429,173.0,5.776623376623377,1.1395620499502799,0.07142857142857142,0.14285714285714285,0.3888888888888889
001_20200818_163233(9),0,0,0.5607638888888888,0.4988738738738739,0.020833333333333332,0.02927927927927928,317.0,215.0,328.99999999999994,228.0,12.0,13.0,155.99999999999997,0.0006099849849849849,12.0,0.9230769230769231,215.0,3.892197802197799,0.44843607142725994,0.08333333333333333,0.23076923076923078,0.4814814814814792
001_20200818_203601(4),0,0,0.5755208333333334,0.4166666666666667,0.015625,0.02252252252252252,327.0,180.0,336.0,190.0,9.0,10.0,89.99999999999999,0.0003519144144144144,9.0,0.9,180.0,9.526436781609192,1.8222626290870352,0.0,0.0,0.2777777777777778
001_20200818_203607(4),0,0,0.5703125,0.42117117117117114,0.022569444444444444,0.02252252252252252,322.0,182.0,335.0,192.0,13.0,10.0,130.0,0.0005083208208208207,10.0,1.3,182.0,7.07389277389278,1.42731612741147,0.0,0.07692307692307693,0.4012345679012346
001_20200819_003039(4),0,0,0.5590277777777778,0.3952702702702703,0.020833333333333332,0.02927927927927928,316.0,169.0,328.0,182.0,12.0,13.0,155.99999999999997,0.0006099849849849849,12.0,0.9230769230769231,169.0,2.6613186813186758,0.33453522684721004,0.0,0.15384615384615385,0.48148148148148145
001_20200819_003044(1),0,0,0.5737847222222222,0.3704954954954955,0.015625,0.02027027027027027,326.0,160.0,335.0,169.0,9.0,9.0,81.00000000000001,0.000316722972972973,9.0,1.0,160.0,3.841181657848324,0.5711997228686876,0.0,0.0,0.25
001_20200819_043209(9),0,0,0.5798611111111112,0.39414414414414417,0.017361111111111112,0.03153153153153153,329.0,168.0,339.00000000000006,182.0,10.0,13.999999999999998,140.0,0.0005474224224224224,10.0,0.7142857142857144,168.0,2.192727272727268,0.34460012741225704,0.0,0.14285714285714285,0.3888888888888911
001_20200819_043216(0),0,0,0.5989583333333334,0.3716216216216216,0.024305555555555556,0.02702702702702703,338.0,159.0,352.0,170.99999999999997,14.0,12.0,168.0,0.000656906906906907,12.0,1.1666666666666667,159.0,4.890476190476178,0.4407747353537476,0.0,0.14285714285714285,0.5185185185185173
001_20200819_083353(5),0,0,0.5538194444444444,0.39864864864864863,0.017361111111111112,0.03153153153153153,314.0,170.0,324.0,184.0,10.0,13.999999999999998,140.0,0.0005474224224224224,10.0,0.7142857142857144,170.0,8.572689075630251,1.1439304447152119,0.0,0.14285714285714285,0.3888888888888889
001_20200819_083401(0),0,0,0.5425347222222222,0.32432432432432434,0.022569444444444444,0.02702702702702703,306.0,138.00000000000003,319.0,150.0,13.0,12.0,156.0,0.000609984984984985,12.0,1.0833333333333333,138.00000000000003,3.264212454212455,0.4444622858065885,0.0,0.15384615384615385,0.48148148148148034
001_20200819_124414(0),0,0,0.5685763888888888,0.38063063063063063,0.015625,0.018018018018018018,323.0,165.0,332.0,173.0,9.0,8.0,72.0,0.00028153153153153153,8.0,1.125,165.0,7.56574074074075,1.155826717556142,0.0,0.0,0.2222222222222222
001_20200819_124415(9),0,0,0.5538194444444444,0.37274774774774777,0.017361111111111112,0.02027027027027027,314.0,161.0,324.0,170.0,10.0,9.0,90.0,0.00035191441441441445,9.0,1.1111111111111112,161.0,2.6980842911877403,0.37133181649928343,0.0,0.0,0.2777777777777778
001_20200819_162723(4),0,0,0.5512152777777778,0.36936936936936937,0.015625,0.02252252252252252,313.0,159.0,322.0,169.0,9.0,10.0,89.99999999999999,0.0003519144144144144,9.0,0.9,159.0,6.657854406130269,1.1087599831423447,0.0,0.0,0.2777777777777778
001_20200821_150525(5),0,0,0.5642361111111112,0.5326576576576577,0.020833333333333332,0.024774774774774775,319.00000000000006,231.0,331.0,242.00000000000003,12.0,11.0,132.0,0.0005161411411411411,11.0,1.0909090909090908,201.99999999999997,1.2397875816993462,0.2241788091491295,0.08333333333333333,0.16666666666666666,0.40740740740740655
001_20200821_150529(4),0,0,0.5407986111111112,0.5664414414414415,0.019097222222222224,0.024774774774774775,306.0,246.0,317.00000000000006,257.00000000000006,11.0,11.0,121.0,0.0004731293793793794,11.0,1.0,186.99999999999994,8.787663398692814,1.3163153775413825,0.0,0.1597222222222222,0.37345679012346067
001_20200821_163349(7),0,0,0.5633680555555556,0.49324324324324326,0.019097222222222224,0.03153153153153153,319.0,212.0,330.00000000000006,226.0,11.0,13.999999999999998,153.99999999999997,0.0006021646646646646,11.0,0.7857142857142858,212.0,6.013492063492066,0.9794933936531045,0.0,0.14285714285714285,0.4753086419753111
001_20200821_163353(8),0,0,0.5885416666666666,0.5236486486486487,0.017361111111111112,0.024774774774774775,333.99999999999994,227.0,344.0,238.00000000000003,10.0,11.0,110.0,0.00043011761761761763,10.0,0.9090909090909091,205.99999999999997,3.577272727272728,0.5675479212881757,0.0,0.0,0.33950617283950896
001_20200826_023328(3),0,0,0.5572916666666666,0.46396396396396394,0.017361111111111112,0.02252252252252252,315.99999999999994,201.0,326.0,211.0,10.0,10.0,99.99999999999999,0.00039101601601601604,10.0,1.0,201.0,6.194721407624627,0.8704249370829598,0.09090909090909091,0.18181818181818182,0.30864197530864373
001_20200826_023332(5),0,0,0.5607638888888888,0.40202702702702703,0.020833333333333332,0.024774774774774775,317.0,173.0,328.99999999999994,184.0,12.0,11.0,132.0,0.0005161411411411411,11.0,1.0909090909090908,173.0,7.127272727272725,0.7673638512473424,0.0,0.0,0.18131868131868045
001_20200826_043252(8),0,0,0.5477430555555556,0.4403153153153153,0.022569444444444444,0.024774774774774775,309.0,190.0,322.0,201.0,13.0,11.0,143.0,0.0005591529029029029,11.0,1.1818181818181819,190.0,5.278794734677092,0.7915836115338967,0.0,0.07692307692307693,0.3972222222222222
001_20200826_043255(8),0,0,0.578125,0.5225225225225225,0.020833333333333332,0.02702702702702703,327.0,226.0,339.0,237.99999999999997,12.0,12.0,144.0,0.0005630630630630631,12.0,1.0,206.00000000000003,2.0168300653594713,0.28532984624548274,0.0,0.08333333333333333,0.44444444444444337
001_20200826_123711(3),0,0,0.5616319444444444,0.4380630630630631,0.015625,0.024774774774774775,319.0,189.00000000000003,328.0,200.0,9.0,11.0,99.0,0.00038710585585585586,9.0,0.8181818181818182,189.00000000000003,4.3749494949495045,0.8242233975789889,0.0,0.0,0.30555555555555475
001_20200826_123714(5),0,0,0.5703125,0.44819819819819817,0.022569444444444444,0.02252252252252252,322.0,194.0,335.0,204.0,13.0,10.0,130.0,0.0005083208208208207,10.0,1.3,194.0,8.310722610722607,0.9830049334974462,0.0,0.0,0.3611111111111111
001_20200831_083711(6),0,0,0.8298611111111112,0.4313063063063063,0.020833333333333332,0.02927927927927928,472.00000000000006,184.99999999999997,484.0,198.0,12.0,13.0,155.99999999999997,0.0006099849849849849,12.0,0.9230769230769231,92.0,2.017857142857139,0.27822952756012975,0.0,0.21428571428571427,0.48148148148148023
001_20200831_083714(8),0,0,0.8342013888888888,0.38738738738738737,0.022569444444444444,0.02702702702702703,474.0,165.99999999999997,486.99999999999994,178.0,13.0,12.0,156.0,0.000609984984984985,12.0,1.0833333333333333,89.00000000000006,6.7969099276791525,1.5767071900012328,0.0,0.07692307692307693,0.43333333333333246
001_20200831_123316(5),0,0,0.8272569444444444,0.25675675675675674,0.019097222222222224,0.02702702702702703,470.99999999999994,108.0,482.0,120.0,11.0,12.0,132.0,0.0005161411411411412,11.0,0.9166666666666666,94.0,4.622549019607845,0.8980459473458038,0.0,0.1597222222222222,0.4074074074074095
001_20200922_163332(2),0,0,0.828125,0.4222972972972973,0.017361111111111112,0.02027027027027027,472.0,183.0,482.0,192.0,10.0,9.0,90.0,0.00035191441441441445,9.0,1.1111111111111112,94.0,4.519923371647508,0.7289831389577196,0.0,0.0,0.25
001_20200922_163335(3),0,0,0.8359375,0.38288288288288286,0.022569444444444444,0.02252252252252252,475.0,165.0,488.0,175.0,13.0,10.0,130.0,0.0005083208208208207,10.0,1.3,88.0,7.396503496503485,1.0122829854275437,0.0,0.0,0.29545454545454547
002_20200622_203053(2),0,0,0.6107954545454546,0.34789156626506024,0.022727272727272728,0.03313253012048193,211.00000000000003,110.0,219.0,121.0,8.0,11.0,88.0,0.0007530120481927711,8.0,0.7272727272727273,110.0,20.172413793103445,1.9500344790844542,0.0,0.09090909090909091,0.271604938271604
002_20200622_203053(2),1,0,0.6193181818181818,0.4186746987951807,0.022727272727272728,0.024096385542168676,214.0,135.0,221.99999999999997,143.0,8.0,8.0,64.0,0.0005476451259583791,8.0,1.0,130.00000000000003,9.327403846153842,1.02585694507256,0.0,0.0,0.19753086419753016
002_20200622_203053(2),2,0,0.6292613636363636,0.49849397590361444,0.019886363636363636,0.0391566265060241,218.00000000000003,159.0,225.0,172.0,7.0,13.0,91.00000000000001,0.0007786829134720701,7.0,0.5384615384615384,127.0,8.004688644688642,0.6442015436504418,0.0,0.07692307692307693,0.28086419753086306
002_20200622_203057(3),0,0,0.5866477272727273,0.3509036144578313,0.019886363636363636,0.03313253012048193,203.00000000000003,111.0,210.0,121.99999999999999,7.0,11.0,77.00000000000001,0.0006588855421686748,7.0,0.6363636363636364,111.0,10.770129870129864,0.914587983656923,0.0,0.0,0.23765432098765304
002_20200622_203057(3),1,0,0.5909090909090909,0.4171686746987952,0.022727272727272728,0.02710843373493976,204.0,134.0,212.0,143.0,8.0,9.0,72.0,0.0006161007667031764,8.0,0.8888888888888888,134.0,14.645370370370372,1.3294366311494576,0.0,0.0,0.2222222222222222
002_20200622_203057(3),2,0,0.6036931818181818,0.4939759036144578,0.019886363636363636,0.03614457831325301,209.0,158.0,215.99999999999997,169.99999999999997,7.0,12.0,84.0,0.0007187842278203724,7.0,0.5833333333333334,136.00000000000003,7.505254515599347,0.6409328865524306,0.0,0.0,0.23333333333333184
002_20200622_203101(3),0,0,0.6065340909090909,0.3614457831325301,0.019886363636363636,0.018072289156626505,210.00000000000003,117.0,217.0,123.0,7.0,6.0,42.0,0.0003593921139101862,6.0,1.1666666666666667,117.0,9.21490683229814,1.0692413121948112,0.0,0.0,0.1296296296296291
002_20200622_203101(3),1,0,0.6065340909090909,0.4246987951807229,0.019886363636363636,0.024096385542168676,210.00000000000003,137.0,217.0,145.0,7.0,8.0,56.00000000000001,0.0004791894852135816,7.0,0.875,135.0,12.678428571428569,1.3933668900603744,0.0,0.0,0.1728395061728388
002_20200622_203101(3),2,0,0.6150568181818182,0.5015060240963856,0.019886363636363636,0.02710843373493976,213.00000000000003,162.0,220.0,171.0,7.0,9.0,63.0,0.0005390881708652793,7.0,0.7777777777777778,132.0,3.664590964590971,0.3513629920874125,0.0,0.0,0.19444444444444364
002_20200622_203105(4),0,0,0.5980113636363636,0.3870481927710843,0.02556818181818182,0.03313253012048193,206.0,123.0,215.0,134.0,9.0,11.0,99.00000000000001,0.0008471385542168676,9.0,0.8181818181818182,123.0,13.813131313131308,1.2409728790737666,0.0,0.0,0.275
002_20200622_203105(4),1,0,0.6008522727272727,0.4563253012048193,0.019886363636363636,0.02710843373493976,208.0,147.0,214.99999999999997,156.0,7.0,9.0,63.0,0.0005390881708652793,7.0,0.7777777777777778,137.00000000000003,6.948168498168499,1.0493239362005868,0.0,0.0,0.19444444444444364
002_20200622_203105(4),2,0,0.6079545454545454,0.5346385542168675,0.017045454545454544,0.02710843373493976,210.99999999999997,173.0,217.0,181.99999999999997,6.0,9.0,54.0,0.0004620755750273822,6.0,0.6666666666666666,135.0,9.274603174603172,0.9047539621102214,0.0,0.0,0.16666666666666693
002_20200622_203109(3),0,0,0.5823863636363636,0.3704819277108434,0.022727272727272728,0.024096385542168676,201.0,119.0,209.0,127.0,8.0,8.0,64.0,0.0005476451259583791,8.0,1.0,119.0,15.082932692307693,1.6881852588900161,0.0,0.0,0.19753086419753085
002_20200622_203109(3),1,0,0.5880681818181818,0.4367469879518072,0.017045454545454544,0.030120481927710843,203.99999999999997,140.0,210.0,150.0,6.0,10.0,60.0,0.0005134173055859802,6.0,0.6,140.0,13.043386243386237,1.115948422256979,0.0,0.0,0.18518518518518606
002_20200622_203109(3),2,0,0.59375,0.5150602409638554,0.022727272727272728,0.024096385542168676,205.0,166.99999999999997,213.0,175.0,8.0,8.0,64.0,0.0005476451259583791,8.0,1.0,139.0,6.477777777777774,0.6260494347836992,0.0,0.0,0.19753086419753157
002_20200622_203121(4),0,0,0.6136363636363636,0.37349397590361444,0.028409090909090908,0.03614457831325301,211.00000000000003,118.0,221.0,130.0,10.0,12.0,120.0,0.0010268346111719604,10.0,0.8333333333333334,118.0,15.367708333333326,1.3933050064809187,0.0,0.08333333333333333,0.3703703703703693
002_20200622_203121(4),1,0,0.6207386363636364,0.4382530120481928,0.019886363636363636,0.02710843373493976,215.0,141.0,221.99999999999997,150.0,7.0,9.0,63.0,0.0005390881708652793,7.0,0.7777777777777778,130.00000000000003,7.263736263736263,0.7079430379511542,0.0,0.0,0.19444444444444364
002_20200622_203121(4),2,0,0.625,0.5120481927710844,0.028409090909090908,0.030120481927710843,215.0,165.0,225.0,175.0,10.0,10.0,99.99999999999999,0.0008556955093099671,10.0,1.0,127.0,9.790000000000006,0.9996041774365994,0.0,0.0,0.30864197530864196
002_20200622_203136(3),0,0,0.5379746835443038,0.4457831325301205,0.05063291139240506,0.04216867469879518,162.0,141.0,178.0,155.0,16.0,13.999999999999998,223.99999999999997,0.0021351227695592494,13.999999999999998,1.142857142857143,138.0,14.310178571428565,1.4674434430178362,0.07142857142857142,0.25,0.6222222222222222
002_20200622_203136(3),1,0,0.5395569620253164,0.5090361445783133,0.04113924050632911,0.04216867469879518,164.0,162.0,177.0,176.0,13.0,13.999999999999998,181.99999999999997,0.0017347872502668901,13.0,0.9285714285714287,139.0,12.740184140184127,1.1708251173451238,0.0,0.14285714285714285,0.5055555555555555
002_20200622_203136(3),2,0,0.5427215189873418,0.588855421686747,0.04113924050632911,0.0391566265060241,165.0,189.0,178.0,202.0,13.0,13.0,169.0,0.0016108738752478268,13.0,1.0,130.0,14.317439184746874,1.2942151598449327,0.07692307692307693,0.21893491124260356,0.5216049382716049
002_20200622_203140(8),0,0,0.5174050632911392,0.45331325301204817,0.04113924050632911,0.0391566265060241,157.0,143.99999999999997,170.0,157.0,13.0,13.0,169.0,0.0016108738752478268,13.0,1.0,143.99999999999997,15.802019602019598,1.5786248875532947,0.0,0.07692307692307693,0.4694444444444455
002_20200622_203140(8),1,0,0.5221518987341772,0.5195783132530121,0.04430379746835443,0.0391566265060241,158.0,166.0,172.0,179.0,14.0,13.0,182.00000000000003,0.0017347872502668903,13.0,1.0769230769230769,144.0,13.168933768933769,1.333852216136098,0.0,0.14285714285714285,0.5055555555555555
002_20200622_203140(8),2,0,0.5284810126582279,0.5933734939759037,0.04430379746835443,0.04216867469879518,160.0,190.0,174.00000000000003,204.00000000000003,14.0,13.999999999999998,196.0,0.0018682324233643434,13.999999999999998,1.0000000000000002,127.99999999999997,18.33055555555555,1.7085948949868224,0.0,0.1288888888888889,0.490000000000002
002_20200622_203145(3),0,0,0.5110759493670886,0.4563253012048193,0.03481012658227848,0.02710843373493976,156.0,147.0,166.99999999999997,156.0,11.0,9.0,99.0,0.0009436480097605612,9.0,1.2222222222222223,147.0,12.474646464646469,1.1072804810934946,0.0,0.0,0.2749999999999993
002_20200622_203145(3),1,0,0.5142405063291139,0.5210843373493976,0.028481012658227847,0.030120481927710843,157.99999999999997,168.00000000000003,166.99999999999997,178.0,9.0,10.0,90.0,0.0008578618270550556,9.0,0.9,149.00000000000003,13.02333333333334,1.41909962846898,0.0,0.0,0.277777777777777
002_20200622_203145(3),2,0,0.5237341772151899,0.5993975903614458,0.03481012658227848,0.030120481927710843,160.0,194.00000000000003,171.0,204.0,11.0,10.0,110.0,0.0010484977886228459,10.0,1.1,128.0,10.501466275659837,1.0102672157137693,0.0,0.0,0.3055555555555547
002_20200622_203149(8),0,0,0.5110759493670886,0.44728915662650603,0.03481012658227848,0.02710843373493976,156.0,144.0,166.99999999999997,153.0,11.0,9.0,99.0,0.0009436480097605612,9.0,1.2222222222222223,144.0,10.798282828282822,1.2119716076108096,0.0,0.0,0.30555555555555475
002_20200622_203149(8),1,0,0.5189873417721519,0.5918674698795181,0.03164556962025317,0.02710843373493976,159.0,192.00000000000003,169.0,201.0,10.0,9.0,90.0,0.0008578618270550558,9.0,1.1111111111111112,131.0,6.478544061302671,0.6504199365766267,0.0,0.0,0.2777777777777769
002_20200622_203149(8),2,0,0.509493670886076,0.5150602409638554,0.0379746835443038,0.024096385542168676,155.00000000000003,166.99999999999997,167.0,175.0,12.0,8.0,96.00000000000001,0.0009150526155253928,8.0,1.5,149.0,14.292712066905622,1.448517161946738,0.0,0.0,0.266666666666667
002_20200622_203154(3),0,0,0.5063291139240507,0.45481927710843373,0.03164556962025317,0.030120481927710843,155.00000000000003,146.0,165.0,156.0,10.0,10.0,99.99999999999999,0.0009531798078389508,10.0,1.0,146.0,14.863333333333344,1.5429767098396021,0.0,0.0,0.3086419753086411
002_20200622_203154(3),1,0,0.5142405063291139,0.5225903614457831,0.028481012658227847,0.03313253012048193,157.99999999999997,168.0,166.99999999999997,178.99999999999997,9.0,11.0,99.00000000000001,0.0009436480097605612,9.0,0.8181818181818182,149.00000000000003,9.097653958944278,0.9775655079239904,0.0,0.0,0.2749999999999993
002_20200622_203154(3),2,0,0.5189873417721519,0.5963855421686747,0.03164556962025317,0.030120481927710843,159.0,193.0,169.0,202.99999999999997,10.0,10.0,99.99999999999999,0.0009531798078389508,10.0,1.0,129.00000000000003,9.036666666666676,1.0586825332220393,0.0,0.0,0.3086419753086411
002_20200622_203158(8),0,0,0.5300632911392406,0.44879518072289154,0.03481012658227848,0.030120481927710843,162.00000000000003,143.99999999999997,173.0,154.0,11.0,10.0,110.0,0.0010484977886228459,10.0,1.1,143.0,13.911751033057854,1.2888711207361987,0.0,0.0,0.2750000000000001
002_20200622_203158(8),1,0,0.5348101265822784,0.516566265060241,0.03164556962025317,0.03313253012048193,164.0,166.0,173.99999999999997,177.0,10.0,11.0,110.0,0.0010484977886228459,10.0,0.9090909090909091,142.00000000000003,7.8269794721407635,1.0613049101617873,0.0,0.0,0.3055555555555547
002_20200622_203158(8),2,0,0.5443037974683544,0.5993975903614458,0.0379746835443038,0.030120481927710843,166.0,194.00000000000003,178.0,204.0,12.0,10.0,120.0,0.0011438157694067409,10.0,1.2,128.0,10.980208333333337,1.065651993873055,0.0,0.0,0.33333333333333237
002_20200623_003346(4),0,0,0.5596590909090909,0.4683734939759036,0.028409090909090908,0.02710843373493976,192.00000000000003,151.0,202.0,160.0,10.0,9.0,90.0,0.0007701259583789705,9.0,1.1111111111111112,150.0,19.38199233716476,1.5319972195305125,0.0,0.0,0.24999999999999928
002_20200623_003346(4),1,0,0.5667613636363636,0.5391566265060241,0.019886363636363636,0.024096385542168676,196.00000000000003,175.0,203.0,183.00000000000003,7.0,8.0,56.00000000000001,0.0004791894852135816,7.0,0.875,148.99999999999997,12.0497557997558,1.0516480798910088,0.0,0.0,0.1728395061728394
002_20200623_003346(4),2,0,0.5809659090909091,0.6370481927710844,0.03125,0.02108433734939759,199.0,208.0,210.0,215.00000000000003,11.0,6.999999999999999,77.0,0.0006588855421686747,6.999999999999999,1.5714285714285716,116.99999999999997,12.967554858934164,1.3652373264501954,0.0,0.0,0.2376543209876553
002_20200623_003350(4),0,0,0.5667613636363636,0.4066265060240964,0.019886363636363636,0.024096385542168676,196.00000000000003,131.0,203.0,139.0,7.0,8.0,56.00000000000001,0.0004791894852135816,7.0,0.875,131.0,17.413428571428568,1.4901159218970232,0.0,0.0,0.1728395061728388
002_20200623_003350(4),1,0,0.5681818181818182,0.4743975903614458,0.022727272727272728,0.02710843373493976,196.00000000000003,153.0,204.0,162.0,8.0,9.0,72.0,0.0006161007667031764,8.0,0.8888888888888888,148.0,14.630555555555546,1.2901155841840721,0.0,0.0,0.22222222222222143
002_20200623_003350(4),2,0,0.578125,0.5768072289156626,0.02556818181818182,0.02710843373493976,199.0,187.0,208.0,195.99999999999997,9.0,9.0,81.0,0.0006931133625410734,9.0,1.0,136.00000000000003,12.11446208112875,1.1106793994620734,0.0,0.0,0.24999999999999922
002_20200623_003351(2),0,0,0.495253164556962,0.4563253012048193,0.03481012658227848,0.03313253012048193,151.0,146.0,162.0,157.0,11.0,11.0,121.00000000000001,0.0011533475674851304,11.0,1.0,146.0,19.06200929752066,1.679297960042952,0.0,0.0,0.3734567901234568
002_20200623_003351(2),1,0,0.5015822784810127,0.5256024096385542,0.03481012658227848,0.03313253012048193,153.0,169.0,164.0,180.0,11.0,11.0,121.00000000000001,0.0011533475674851304,11.0,1.0,152.0,12.128925619834703,1.362112803075841,0.0,0.0,0.3734567901234568
002_20200623_003351(2),2,0,0.5126582278481012,0.6234939759036144,0.04430379746835443,0.024096385542168676,154.99999999999997,202.99999999999997,169.0,211.0,14.0,8.0,112.00000000000001,0.001067561384779625,8.0,1.75,121.0,14.727450980392149,1.7408745855321006,0.0,0.06666666666666667,0.31111111111111284
002_20200623_003354(3),0,0,0.5454545454545454,0.3870481927710843,0.022727272727272728,0.03313253012048193,188.0,123.0,195.99999999999997,134.0,8.0,11.0,88.0,0.0007530120481927711,8.0,0.7272727272727273,123.0,19.17656739811912,1.571134883505018,0.0,0.0,0.271604938271604
002_20200623_003354(3),1,0,0.5568181818181818,0.4563253012048193,0.022727272727272728,0.03313253012048193,192.0,146.0,199.99999999999997,157.0,8.0,11.0,88.0,0.0007530120481927711,8.0,0.7272727272727273,146.0,12.71575235109718,1.1860834683225283,0.0,0.0,0.24444444444444358
002_20200623_003354(3),2,0,0.5752840909090909,0.5496987951807228,0.02556818181818182,0.02710843373493976,198.0,178.0,207.00000000000003,186.99999999999997,9.0,9.0,81.0,0.0006931133625410734,9.0,1.0,144.99999999999997,14.114176245210714,1.324385537762125,0.0,0.0,0.25
002_20200623_003355(7),0,0,0.47151898734177217,0.4623493975903614,0.0379746835443038,0.0391566265060241,143.0,146.99999999999997,155.0,160.0,12.0,13.0,156.0,0.0014869605002287632,12.0,0.9230769230769231,143.0,23.05634920634921,2.0582479557358484,0.0,0.14285714285714285,0.4333333333333343
002_20200623_003355(7),1,0,0.47943037974683544,0.5301204819277109,0.03481012658227848,0.030120481927710843,146.0,171.00000000000003,157.0,181.0,11.0,10.0,110.0,0.0010484977886228459,10.0,1.1,146.0,9.661583577712605,1.3076498273953618,0.0,0.09090909090909091,0.3395061728395052
002_20200623_003355(7),2,0,0.4889240506329114,0.6295180722891566,0.03481012658227848,0.03614457831325301,149.0,202.99999999999997,160.0,214.99999999999997,11.0,12.0,132.0,0.001258197346347415,11.0,0.9166666666666666,117.00000000000003,17.046338955162483,1.9485497888995862,0.0,0.07692307692307693,0.4074074074074074
002_20200623_003358(2),0,0,0.5696022727272727,0.49096385542168675,0.02556818181818182,0.030120481927710843,195.99999999999997,158.0,205.0,168.0,9.0,10.0,90.0,0.0007701259583789705,9.0,0.9,147.0,21.209999999999994,1.7875678789197629,0.0,0.0,0.2777777777777787
002_20200623_003358(2),1,0,0.5724431818181818,0.5617469879518072,0.019886363636363636,0.02108433734939759,198.0,183.0,204.99999999999997,190.0,7.0,6.999999999999999,49.0,0.0004192907995618839,6.999999999999999,1.0000000000000002,142.0,6.625595238095229,0.6001371397604618,0.0,0.0,0.15123456790123396
002_20200623_003358(2),2,0,0.578125,0.6566265060240963,0.019886363636363636,0.030120481927710843,200.00000000000003,213.0,206.99999999999997,222.99999999999997,7.0,10.0,70.0,0.000598986856516977,7.0,0.7,109.00000000000003,10.897883597883592,0.8577243828991906,0.0,0.0,0.216049382716047
002_20200623_003400(2),0,0,0.495253164556962,0.4608433734939759,0.03481012658227848,0.030120481927710843,151.0,148.0,162.0,158.0,11.0,10.0,110.0,0.0010484977886228459,10.0,1.1,148.0,18.051319648093838,1.5702161903160232,0.0,0.0,0.3395061728395062
002_20200623_003400(2),1,0,0.5015822784810127,0.536144578313253,0.03481012658227848,0.030120481927710843,153.0,173.0,164.0,183.0,11.0,10.0,110.0,0.0010484977886228459,10.0,1.1,149.0,8.785043988269791,0.8701709695978155,0.0,0.0,0.3395061728395062
002_20200623_003400(2),2,0,0.5079113924050633,0.625,0.03481012658227848,0.03313253012048193,155.00000000000003,202.0,166.0,213.0,11.0,11.0,121.00000000000001,0.0011533475674851304,11.0,1.0,119.0,14.161260330578514,1.6384147236839068,0.0,0.0,0.33611111111111025
002_20200623_003402(2),0,0,0.5610795454545454,0.4864457831325301,0.02556818181818182,0.03313253012048193,192.99999999999997,156.0,202.0,167.0,9.0,11.0,99.00000000000001,0.0008471385542168676,9.0,0.8181818181818182,150.0,24.087976539589448,2.2157861681353923,0.0,0.1,0.27500000000000085
002_20200623_003402(2),1,0,0.5639204545454546,0.5617469879518072,0.02556818181818182,0.02108433734939759,194.0,183.0,203.00000000000003,190.0,9.0,6.999999999999999,62.99999999999999,0.0005390881708652792,6.999999999999999,1.2857142857142858,142.0,7.630158730158726,0.928080299645017,0.0,0.0,0.19444444444444506
002_20200623_003402(2),2,0,0.5681818181818182,0.6596385542168675,0.022727272727272728,0.024096385542168676,196.00000000000003,214.99999999999997,204.0,223.0,8.0,8.0,64.0,0.0005476451259583791,8.0,1.0,109.0,10.712037037037035,1.025889541791082,0.0,0.0,0.19753086419753085
002_20200623_003404(7),0,0,0.4825949367088608,0.45331325301204817,0.03481012658227848,0.03313253012048193,147.0,145.0,158.0,156.0,11.0,11.0,121.00000000000001,0.0011533475674851304,11.0,1.0,145.0,18.393646694214866,1.606878405712025,0.0,0.0,0.3734567901234568
002_20200623_003404(7),1,0,0.48417721518987344,0.5271084337349398,0.0379746835443038,0.030120481927710843,147.0,170.0,159.0,180.0,12.0,10.0,120.0,0.0011438157694067409,10.0,1.2,147.0,15.246875000000003,1.4522510106157092,0.0,0.0,0.3333333333333333
002_20200623_003404(7),2,0,0.495253164556962,0.625,0.03481012658227848,0.02710843373493976,151.0,203.00000000000003,162.0,211.99999999999997,11.0,9.0,99.0,0.0009436480097605612,9.0,1.2222222222222223,120.00000000000003,12.984141414141419,1.5632503717464226,0.0,0.0,0.30555555555555364
002_20200623_003409(2),0,0,0.48417721518987344,0.45481927710843373,0.03164556962025317,0.030120481927710843,148.00000000000003,146.0,158.0,156.0,10.0,10.0,99.99999999999999,0.0009531798078389508,10.0,1.0,146.0,16.25,1.4039138951354522,0.0,0.0,0.3086419753086411
002_20200623_003409(2),1,0,0.4873417721518987,0.5271084337349398,0.02531645569620253,0.024096385542168676,150.0,171.0,158.0,179.0,8.0,8.0,64.0,0.0006100350770169285,8.0,1.0,150.0,6.417788461538464,0.8884697749248468,0.0,0.0,0.19753086419753085
002_20200623_003409(2),2,0,0.4920886075949367,0.6234939759036144,0.028481012658227847,0.030120481927710843,151.0,202.0,160.0,211.99999999999997,9.0,10.0,90.0,0.0008578618270550556,9.0,0.9,120.00000000000003,14.15785440613027,1.6238616146389262,0.0,0.0,0.277777777777777
002_20200623_003410(2),0,0,0.5909090909090909,0.3569277108433735,0.022727272727272728,0.02710843373493976,204.0,114.0,212.0,123.0,8.0,9.0,72.0,0.0006161007667031764,8.0,0.8888888888888888,114.0,17.169444444444437,1.4961836187818245,0.0,0.0,0.2222222222222222
002_20200623_003410(2),1,0,0.5852272727272727,0.4246987951807229,0.022727272727272728,0.024096385542168676,202.0,137.0,210.0,145.0,8.0,8.0,64.0,0.0005476451259583791,8.0,1.0,137.0,10.435336538461542,1.145506084327674,0.0,0.0,0.19753086419753085
002_20200623_003410(2),2,0,0.5809659090909091,0.5256024096385542,0.019886363636363636,0.02710843373493976,201.0,170.0,207.99999999999997,178.99999999999997,7.0,9.0,63.0,0.0005390881708652793,7.0,0.7777777777777778,144.00000000000003,13.72631257631258,1.3360076011108362,0.0,0.0,0.19444444444444303
002_20200623_003413(7),0,0,0.5031645569620253,0.45331325301204817,0.03164556962025317,0.02710843373493976,154.0,146.0,164.0,155.0,10.0,9.0,90.0,0.0008578618270550558,9.0,1.1111111111111112,146.0,15.173180076628356,1.2653563374436254,0.0,0.0,0.2777777777777778
002_20200623_003413(7),1,0,0.5079113924050633,0.5271084337349398,0.03481012658227848,0.030120481927710843,155.00000000000003,170.0,166.0,180.0,11.0,10.0,110.0,0.0010484977886228459,10.0,1.1,150.0,10.954545454545453,1.1348709925119935,0.0,0.0,0.3395061728395053
002_20200623_003413(7),2,0,0.5174050632911392,0.6204819277108434,0.03481012658227848,0.030120481927710843,158.0,201.00000000000003,169.0,211.0,11.0,10.0,110.0,0.0010484977886228459,10.0,1.1,121.0,13.489442815249262,1.511686794777625,0.0,0.0,0.3055555555555547
002_20200623_043039(3),0,0,0.5454545454545454,0.45933734939759036,0.022727272727272728,0.02710843373493976,188.0,148.0,195.99999999999997,157.0,8.0,9.0,72.0,0.0006161007667031764,8.0,0.8888888888888888,148.0,16.215740740740742,1.5542915824992314,0.0,0.0,0.1999999999999993
002_20200623_043039(3),1,0,0.5610795454545454,0.5286144578313253,0.03125,0.02710843373493976,192.0,171.00000000000003,203.0,180.0,11.0,9.0,99.0,0.0008471385542168675,9.0,1.2222222222222223,149.0,11.928484848484842,1.050868082878018,0.0,0.0,0.27499999999999913
002_20200623_043039(3),2,0,0.5823863636363636,0.6159638554216867,0.017045454545454544,0.02108433734939759,202.0,201.0,208.0,208.0,6.0,6.999999999999999,42.0,0.0003593921139101861,6.0,0.8571428571428572,124.0,12.645962732919259,1.2292141766312674,0.0,0.0,0.12962962962962962
002_20200623_043043(2),0,0,0.5852272727272727,0.3930722891566265,0.022727272727272728,0.02108433734939759,202.0,127.0,210.0,134.0,8.0,6.999999999999999,55.99999999999999,0.0004791894852135816,6.999999999999999,1.142857142857143,127.0,16.05657142857143,1.302327185868044,0.0,0.0,0.1728395061728395
002_20200623_043043(2),1,0,0.5923295454545454,0.46686746987951805,0.019886363636363636,0.030120481927710843,205.0,149.99999999999997,211.99999999999997,160.0,7.0,10.0,70.0,0.000598986856516977,7.0,0.7,140.00000000000003,12.596753246753252,0.937865120647121,0.0,0.0,0.21604938271604912
002_20200623_043043(2),2,0,0.5994318181818182,0.5602409638554217,0.022727272727272728,0.024096385542168676,207.00000000000003,181.99999999999997,215.0,190.0,8.0,8.0,64.0,0.0005476451259583791,8.0,1.0,137.0,13.946296296296296,1.1807476768205507,0.0,0.0,0.19753086419753085
002_20200623_043047(2),0,0,0.5639204545454546,0.4126506024096386,0.02556818181818182,0.024096385542168676,194.0,133.0,203.00000000000003,141.0,9.0,8.0,72.0,0.0006161007667031764,8.0,1.125,133.0,16.54464285714286,1.4158736827207188,0.0,0.0,0.22222222222222293
002_20200623_043047(2),1,0,0.5667613636363636,0.4819277108433735,0.019886363636363636,0.024096385542168676,196.00000000000003,156.0,203.0,164.0,7.0,8.0,56.00000000000001,0.0004791894852135816,7.0,0.875,149.0,11.930571428571426,1.2274372859956073,0.0,0.0,0.1728395061728388
002_20200623_043047(2),2,0,0.578125,0.5783132530120482,0.019886363636363636,0.024096385542168676,200.00000000000003,187.99999999999997,206.99999999999997,196.0,7.0,8.0,56.00000000000001,0.0004791894852135816,7.0,0.875,136.0,10.767704517704516,0.8843860543591678,0.0,0.0,0.17283950617283872
002_20200623_043051(3),0,0,0.5596590909090909,0.4352409638554217,0.017045454545454544,0.02710843373493976,194.0,140.0,200.00000000000003,149.0,6.0,9.0,54.0,0.0004620755750273822,6.0,0.6666666666666666,140.0,13.8579365079365,1.2069673480487462,0.0,0.0,0.16666666666666746
002_20200623_043051(3),1,0,0.5639204545454546,0.5075301204819277,0.02556818181818182,0.03313253012048193,194.0,163.0,203.00000000000003,174.0,9.0,11.0,99.00000000000001,0.0008471385542168676,9.0,0.8181818181818182,148.99999999999997,13.389442815249254,1.1077792197911878,0.0,0.0,0.3055555555555565
002_20200623_043051(3),2,0,0.5681818181818182,0.6039156626506024,0.022727272727272728,0.03313253012048193,196.00000000000003,195.0,204.0,205.99999999999997,8.0,11.0,88.0,0.0007530120481927711,8.0,0.7272727272727273,126.00000000000003,16.22131661442006,1.401641321511352,0.0,0.0,0.27160493827160326
002_20200623_043055(3),0,0,0.5738636363636364,0.463855421686747,0.022727272727272728,0.030120481927710843,198.0,149.0,206.0,159.0,8.0,10.0,80.0,0.0006845564074479737,8.0,0.8,146.0,20.65535714285714,1.6362375990158937,0.0,0.0,0.24691358024691357
002_20200623_043055(3),1,0,0.5795454545454546,0.5376506024096386,0.028409090909090908,0.02710843373493976,199.00000000000003,174.00000000000003,209.0,183.0,10.0,9.0,90.0,0.0007701259583789705,9.0,1.1111111111111112,143.0,10.07203065134101,0.9571807476170514,0.0,0.0,0.2499999999999985
002_20200623_043055(3),2,0,0.5809659090909091,0.6325301204819277,0.019886363636363636,0.030120481927710843,201.0,205.0,207.99999999999997,214.99999999999997,7.0,10.0,70.0,0.000598986856516977,7.0,0.7,117.00000000000003,12.24126984126984,1.0896845453500905,0.0,0.0,0.2160493827160479
002_20200623_043056(0),0,0,0.49683544303797467,0.44728915662650603,0.0379746835443038,0.03313253012048193,151.0,143.0,163.0,154.0,12.0,11.0,132.00000000000003,0.0012581973463474151,11.0,1.0909090909090908,143.0,19.11212121212121,1.5849185904131284,0.0,0.0,0.4074074074074074
002_20200623_043056(0),1,0,0.5031645569620253,0.5195783132530121,0.0379746835443038,0.0391566265060241,153.0,166.0,165.0,179.0,12.0,13.0,156.0,0.0014869605002287632,12.0,0.9230769230769231,151.0,17.147326007326,1.676973915001814,0.0,0.07692307692307693,0.48148148148148145
002_20200623_043056(0),2,0,0.5158227848101266,0.6174698795180723,0.03164556962025317,0.04216867469879518,158.0,198.0,167.99999999999997,212.00000000000003,10.0,13.999999999999998,140.0,0.001334451730974531,10.0,0.7142857142857144,119.99999999999997,15.06285714285714,1.2710905843699671,0.06666666666666667,0.2,0.4320987654320984
002_20200623_043059(4),0,0,0.5625,0.5120481927710844,0.028409090909090908,0.03614457831325301,193.0,164.0,203.0,176.0,10.0,12.0,120.0,0.0010268346111719604,10.0,0.8333333333333334,149.0,16.39583333333333,1.21789855775259,0.0,0.08333333333333333,0.3333333333333333
002_20200623_043059(4),1,0,0.5681818181818182,0.5873493975903614,0.022727272727272728,0.030120481927710843,196.00000000000003,190.0,204.0,199.99999999999997,8.0,10.0,80.0,0.0006845564074479737,8.0,0.8,132.00000000000003,14.085714285714289,1.1796642308041585,0.0,0.0,0.246913580246912
002_20200623_043059(4),2,0,0.5809659090909091,0.6852409638554217,0.02556818181818182,0.02710843373493976,199.99999999999997,223.0,209.0,231.99999999999997,9.0,9.0,81.0,0.0006931133625410734,9.0,1.0,100.00000000000003,16.286206896551718,1.6370548858621772,0.0,0.0,0.25
002_20200623_043100(6),0,0,0.5015822784810127,0.45481927710843373,0.03481012658227848,0.03614457831325301,153.0,145.0,164.0,157.0,11.0,12.0,132.0,0.001258197346347415,11.0,0.9166666666666666,145.0,19.459090909090904,1.8529252887775427,0.0,0.0,0.4074074074074074
002_20200623_043100(6),1,0,0.5110759493670886,0.5225903614457831,0.04113924050632911,0.0391566265060241,154.99999999999997,166.99999999999997,167.99999999999997,180.0,13.0,13.0,169.0,0.0016108738752478268,13.0,1.0,148.00000000000003,16.21933404940924,1.6970556408775783,0.0,0.20408163265306123,0.4694444444444455
002_20200623_043100(6),2,0,0.5189873417721519,0.6189759036144579,0.03164556962025317,0.045180722891566265,159.0,198.00000000000003,169.0,213.0,10.0,15.0,150.0,0.0014297697117584263,10.0,0.6666666666666666,119.0,15.22666666666666,1.3634463194705542,0.0,0.06666666666666667,0.41666666666666585
002_20200623_043105(0),0,0,0.4889240506329114,0.45180722891566266,0.04113924050632911,0.04216867469879518,148.0,143.0,161.00000000000003,157.0,13.0,13.999999999999998,181.99999999999997,0.0017347872502668901,13.0,0.9285714285714287,143.0,21.368206229860363,1.984847294521939,0.0,0.14285714285714285,0.5055555555555565
002_20200623_043105(0),1,0,0.495253164556962,0.5180722891566265,0.03481012658227848,0.04216867469879518,151.0,165.0,162.0,179.0,11.0,13.999999999999998,154.0,0.001467896904071984,11.0,0.7857142857142858,151.0,15.084155844155845,1.4081263526157874,0.07142857142857142,0.14285714285714285,0.47530864197530864
002_20200623_043105(0),2,0,0.5063291139240507,0.6174698795180723,0.03164556962025317,0.04216867469879518,155.00000000000003,198.0,165.0,212.00000000000003,10.0,13.999999999999998,140.0,0.001334451730974531,10.0,0.7142857142857144,119.99999999999997,14.750476190476178,1.2518175285090523,0.06666666666666667,0.2,0.4320987654320984
002_20200623_043109(4),0,0,0.4825949367088608,0.4578313253012048,0.04113924050632911,0.04216867469879518,146.0,145.0,159.0,159.0,13.0,13.999999999999998,181.99999999999997,0.0017347872502668901,13.0,0.9285714285714287,145.0,23.92055242055241,2.3106656498927167,0.07142857142857142,0.2087912087912088,0.5055555555555555
002_20200623_043109(4),1,0,0.4889240506329114,0.5256024096385542,0.03481012658227848,0.0391566265060241,149.0,168.0,160.0,181.0,11.0,13.0,143.0,0.0013630471252096994,11.0,0.8461538461538461,149.0,17.602221308103665,1.7437255449407114,0.0,0.07692307692307693,0.3972222222222222
002_20200623_043109(4),2,0,0.49683544303797467,0.6174698795180723,0.0379746835443038,0.04819277108433735,151.0,197.00000000000003,163.0,213.0,12.0,16.0,192.00000000000003,0.0018301052310507855,12.0,0.75,119.0,16.519462719298247,1.7401425653882467,0.19270833333333334,0.375,0.5357142857142863
002_20200623_043115(4),0,0,0.47151898734177217,0.45481927710843373,0.0379746835443038,0.030120481927710843,143.0,146.0,155.0,156.0,12.0,10.0,120.0,0.0011438157694067409,10.0,1.2,143.0,17.426041666666663,1.5571019111342512,0.0,0.0,0.37037037037037035
002_20200623_043115(4),1,0,0.4778481012658228,0.5271084337349398,0.03164556962025317,0.04216867469879518,146.0,168.0,156.0,182.00000000000003,10.0,13.999999999999998,140.0,0.001334451730974531,10.0,0.7142857142857144,146.0,14.157142857142858,1.1020957592956258,0.06666666666666667,0.13333333333333333,0.38888888888888967
002_20200623_043115(4),2,0,0.48575949367088606,0.6174698795180723,0.03481012658227848,0.05421686746987952,148.0,196.0,159.0,214.0,11.0,18.0,198.0,0.0018872960195211225,11.0,0.6111111111111112,118.0,16.156021756021758,1.4715148557137812,0.1111111111111111,0.29292929292929293,0.55
002_20200623_043120(0),0,0,0.49841772151898733,0.45331325301204817,0.04113924050632911,0.0391566265060241,151.0,143.99999999999997,164.0,157.0,13.0,13.0,169.0,0.0016108738752478268,13.0,1.0,143.99999999999997,19.895574695574695,1.7563049685233574,0.0,0.07692307692307693,0.4694444444444455
002_20200623_043120(0),1,0,0.504746835443038,0.5225903614457831,0.04746835443037975,0.02710843373493976,152.0,169.0,167.0,177.99999999999997,15.000000000000002,9.0,135.00000000000003,0.0012867927405825837,9.0,1.666666666666667,149.0,12.870370370370367,1.2943015772779223,0.0,0.06666666666666667,0.37499999999999883
002_20200623_043120(0),2,0,0.5126582278481012,0.6204819277108434,0.03164556962025317,0.03614457831325301,157.0,200.00000000000003,166.99999999999997,212.00000000000003,10.0,12.0,120.0,0.0011438157694067409,10.0,0.8333333333333334,119.99999999999997,16.440792540792543,1.5719973064070645,0.07692307692307693,0.15384615384615385,0.3703703703703693
002_20200623_082249(3),0,0,0.504746835443038,0.48042168674698793,0.028481012658227847,0.0391566265060241,155.0,153.0,164.0,166.0,9.0,13.0,117.0,0.0011152203751715723,9.0,0.6923076923076923,152.0,20.071714743589737,1.726408416603279,0.0,0.07692307692307693,0.3611111111111111
002_20200623_082249(3),1,0,0.5142405063291139,0.5451807228915663,0.028481012658227847,0.030120481927710843,157.99999999999997,176.0,166.99999999999997,186.0,9.0,10.0,90.0,0.0008578618270550556,9.0,0.9,146.0,13.123333333333335,1.3877428577688806,0.0,0.0,0.2777777777777778
002_20200623_082249(3),2,0,0.5253164556962026,0.6265060240963856,0.0379746835443038,0.04216867469879518,160.0,201.0,172.0,215.00000000000003,12.0,13.999999999999998,168.0,0.0016013420771694372,12.0,0.8571428571428572,116.99999999999997,13.548198198198193,1.034696446926513,0.0,0.14444444444444443,0.4666666666666676
002_20200623_082253(8),0,0,0.5332278481012658,0.4367469879518072,0.04746835443037975,0.03614457831325301,160.99999999999997,139.0,176.0,151.0,15.000000000000002,12.0,180.00000000000003,0.0017157236541101113,12.0,1.2500000000000002,139.0,18.996765350877197,1.7959887150172409,0.0,0.125,0.500000000000001
002_20200623_082253(8),1,0,0.5300632911392406,0.5015060240963856,0.03481012658227848,0.03313253012048193,162.00000000000003,161.0,173.0,172.0,11.0,11.0,121.00000000000001,0.0011533475674851304,11.0,1.0,143.0,14.888791322314049,1.4184145172091538,0.0,0.09090909090909091,0.37345679012345584
002_20200623_082253(8),2,0,0.5411392405063291,0.5843373493975904,0.0379746835443038,0.04216867469879518,165.0,187.0,177.0,201.00000000000003,12.0,13.999999999999998,168.0,0.0016013420771694372,12.0,0.8571428571428572,130.99999999999997,13.673573573573577,1.0154996584838072,0.13333333333333333,0.2,0.5185185185185196
002_20200623_082258(4),0,0,0.5205696202531646,0.46987951807228917,0.03481012658227848,0.04216867469879518,159.0,149.0,170.0,163.0,11.0,13.999999999999998,154.0,0.001467896904071984,11.0,0.7857142857142858,146.0,15.763376623376615,1.4208242524538333,0.07142857142857142,0.14285714285714285,0.47530864197530864
002_20200623_082258(4),1,0,0.5253164556962026,0.5346385542168675,0.0379746835443038,0.03313253012048193,160.0,172.0,172.0,183.0,12.0,11.0,132.00000000000003,0.0012581973463474151,11.0,1.0909090909090908,144.0,9.89090909090909,1.0598547249259462,0.0,0.08333333333333333,0.4074074074074074
002_20200623_082258(4),2,0,0.5268987341772152,0.6114457831325302,0.03481012658227848,0.04216867469879518,161.00000000000003,196.0,172.0,210.00000000000003,11.0,13.999999999999998,154.0,0.001467896904071984,11.0,0.7857142857142858,121.99999999999997,14.665404040404042,1.2687938924689246,0.0,0.06666666666666667,0.42777777777777753
002_20200623_082258(6),0,0,0.5454545454545454,0.5180722891566265,0.022727272727272728,0.024096385542168676,188.0,168.0,195.99999999999997,176.0,8.0,8.0,64.0,0.0005476451259583791,8.0,1.0,156.0,20.08365384615385,1.6048524206212023,0.0,0.0,0.19753086419753016
002_20200623_082258(6),1,0,0.5653409090909091,0.5813253012048193,0.017045454545454544,0.030120481927710843,195.99999999999997,188.00000000000003,202.0,198.0,6.0,10.0,60.0,0.0005134173055859802,6.0,0.6,134.0,12.527513227513225,1.0686209674042446,0.0,0.0,0.166666666666667
002_20200623_082258(6),2,0,0.59375,0.6716867469879518,0.022727272727272728,0.03614457831325301,205.0,217.0,213.0,229.0,8.0,12.0,96.0,0.0008214676889375684,8.0,0.6666666666666666,103.0,13.521666666666661,1.1363741029681562,0.0,0.0,0.2962962962962963
002_20200623_082302(6),0,0,0.5539772727272727,0.5301204819277109,0.028409090909090908,0.024096385542168676,190.0,172.0,199.99999999999997,180.00000000000003,10.0,8.0,80.0,0.0006845564074479737,8.0,1.25,151.99999999999997,17.959003831417633,1.473220594323797,0.0,0.0,0.24691358024691376
002_20200623_082302(6),1,0,0.5625,0.5963855421686747,0.017045454545454544,0.024096385542168676,195.0,193.99999999999997,201.0,202.0,6.0,8.0,48.00000000000001,0.0004107338444687842,6.0,0.75,130.0,11.414370370370364,0.9732364536609235,0.0,0.0,0.14814814814814867
002_20200623_082302(6),2,0,0.5838068181818182,0.6912650602409639,0.019886363636363636,0.02108433734939759,202.00000000000003,226.0,209.0,233.00000000000003,7.0,6.999999999999999,49.0,0.0004192907995618839,6.999999999999999,1.0000000000000002,98.99999999999997,9.328999999999994,1.0110968323949348,0.0,0.0,0.15123456790123457
002_20200623_082302(7),0,0,0.47943037974683544,0.411144578313253,0.03481012658227848,0.02710843373493976,146.0,132.0,157.0,141.0,11.0,9.0,99.0,0.0009436480097605612,9.0,1.2222222222222223,132.0,13.525252525252526,1.2816705253378784,0.0,0.0,0.2475
002_20200623_082302(7),1,0,0.4920886075949367,0.4743975903614458,0.028481012658227847,0.02710843373493976,151.0,153.0,160.0,162.0,9.0,9.0,81.0,0.0007720756443495501,9.0,1.0,151.0,10.492460317460313,0.965514803457993,0.0,0.0,0.25
002_20200623_082302(7),2,0,0.5126582278481012,0.5753012048192772,0.03164556962025317,0.030120481927710843,157.0,186.00000000000003,166.99999999999997,196.0,10.0,10.0,99.99999999999999,0.0009531798078389508,10.0,1.0,136.0,14.25333333333333,1.484723499589195,0.0,0.0,0.30864197530864024
002_20200623_082306(5),0,0,0.5696022727272727,0.5,0.02556818181818182,0.030120481927710843,195.99999999999997,161.0,205.0,171.0,9.0,10.0,90.0,0.0007701259583789705,9.0,0.9,147.0,20.60333333333334,1.7264330545842181,0.0,0.0,0.2777777777777787
002_20200623_082306(5),1,0,0.5795454545454546,0.5677710843373494,0.022727272727272728,0.03313253012048193,200.00000000000003,183.0,208.0,193.99999999999997,8.0,11.0,88.0,0.0007530120481927711,8.0,0.7272727272727273,138.00000000000003,11.98863636363636,1.1076236221636833,0.0,0.0,0.27160493827160326
002_20200623_082306(5),2,0,0.5909090909090909,0.6656626506024096,0.022727272727272728,0.024096385542168676,204.0,216.99999999999997,212.0,225.0,8.0,8.0,64.0,0.0005476451259583791,8.0,1.0,107.0,13.94259259259259,1.4610146832380164,0.0,0.0,0.19753086419753157
002_20200623_082307(2),0,0,0.495253164556962,0.4186746987951807,0.03481012658227848,0.030120481927710843,151.0,134.0,162.0,144.0,11.0,10.0,110.0,0.0010484977886228459,10.0,1.1,134.0,19.321114369501473,1.6106579630393285,0.0,0.0,0.3395061728395062
002_20200623_082307(2),1,0,0.5,0.49096385542168675,0.0379746835443038,0.03614457831325301,152.0,157.0,164.0,169.0,12.0,12.0,143.99999999999997,0.001372578923288089,12.0,1.0,152.0,18.527124183006535,1.659294191157288,0.0,0.08333333333333333,0.4444444444444444
002_20200623_082307(2),2,0,0.5158227848101266,0.5873493975903614,0.0379746835443038,0.030120481927710843,157.0,190.0,169.0,199.99999999999997,12.0,10.0,120.0,0.0011438157694067409,10.0,1.2,132.00000000000003,13.60104166666666,1.509760392631235,0.0,0.0,0.3703703703703693
002_20200623_082310(6),0,0,0.5894886363636364,0.5557228915662651,0.02556818181818182,0.03313253012048193,203.0,179.0,212.0,190.0,9.0,11.0,99.00000000000001,0.0008471385542168676,9.0,0.8181818181818182,140.0,6.983333333333334,0.622644498016393,0.0,0.0,0.3055555555555556
002_20200623_082310(6),1,0,0.5866477272727273,0.47289156626506024,0.03125,0.030120481927710843,201.0,152.0,212.0,162.0,11.0,10.0,110.0,0.0009412650602409639,10.0,1.1,140.0,14.066862170087987,1.4648725618868639,0.0,0.0,0.3055555555555556
002_20200623_082310(6),2,0,0.5923295454545454,0.40512048192771083,0.019886363636363636,0.02710843373493976,205.0,130.0,211.99999999999997,139.0,7.0,9.0,63.0,0.0005390881708652793,7.0,0.7777777777777778,130.0,9.68412698412699,0.8410272969060676,0.0,0.0,0.19444444444444364
002_20200623_082311(8),0,0,0.47468354430379744,0.4322289156626506,0.05063291139240506,0.045180722891566265,141.99999999999997,136.0,158.0,151.0,16.0,15.0,240.0,0.0022876315388134817,15.0,1.0666666666666667,136.0,22.748879551820735,2.2358833046026603,0.12156862745098039,0.3411764705882353,0.6666666666666679
002_20200623_082311(8),1,0,0.4762658227848101,0.5045180722891566,0.03481012658227848,0.0391566265060241,145.0,160.99999999999997,156.0,174.0,11.0,13.0,143.0,0.0013630471252096994,11.0,0.8461538461538461,145.0,15.127792207792197,1.2749630307852386,0.0,0.14285714285714285,0.441358024691359
002_20200623_082311(8),2,0,0.4762658227848101,0.6024096385542169,0.03481012658227848,0.04819277108433735,145.0,192.00000000000003,156.0,208.0,11.0,16.0,176.0,0.0016775964617965532,11.0,0.6875,124.0,20.563513513513513,1.8055649731740506,0.125,0.25,0.48888888888888804
002_20200623_082314(4),0,0,0.5852272727272727,0.463855421686747,0.022727272727272728,0.018072289156626505,202.0,151.0,210.0,157.0,8.0,6.0,48.0,0.0004107338444687842,6.0,1.3333333333333333,142.0,15.6875,1.450249500317642,0.0,0.0,0.14814814814814814
002_20200623_082314(4),1,0,0.5894886363636364,0.5331325301204819,0.014204545454545454,0.024096385542168676,205.0,172.99999999999997,210.0,181.0,5.0,8.0,40.0,0.00034227820372398685,5.0,0.625,142.0,11.026388888888889,0.948817913164259,0.0,0.0,0.12345679012345723
002_20200623_082314(4),2,0,0.59375,0.6099397590361446,0.022727272727272728,0.02710843373493976,205.0,198.00000000000003,213.0,207.0,8.0,9.0,72.0,0.0006161007667031764,8.0,0.8888888888888888,125.0,6.337962962962976,0.5352355546856762,0.0,0.0,0.22222222222222152
002_20200623_082318(5),0,0,0.6008522727272727,0.5677710843373494,0.02556818181818182,0.02710843373493976,206.99999999999997,184.0,216.0,192.99999999999997,9.0,9.0,81.0,0.0006931133625410734,9.0,1.0,136.0,15.588888888888889,1.3163849575114581,0.0,0.0,0.25
002_20200623_082318(5),1,0,0.6107954545454546,0.6340361445783133,0.017045454545454544,0.02108433734939759,212.0,207.0,218.00000000000003,214.0,6.0,6.999999999999999,42.0,0.0003593921139101861,6.0,0.8571428571428572,118.0,6.398809523809533,0.6713373667874196,0.0,0.0,0.12962962962963023
002_20200623_082318(5),2,0,0.625,0.7108433734939759,0.017045454545454544,0.018072289156626505,217.0,232.99999999999997,223.0,239.0,6.0,6.0,35.99999999999999,0.00030805038335158814,6.0,1.0,93.0,4.239751552795042,0.43672836502843376,0.0,0.0,0.11111111111111163
002_20200623_123032(7),0,0,0.6164772727272727,0.4427710843373494,0.028409090909090908,0.030120481927710843,212.0,142.0,221.99999999999997,152.0,10.0,10.0,99.99999999999999,0.0008556955093099671,10.0,1.0,130.00000000000003,16.55333333333334,1.3366389108584897,0.0,0.0,0.277777777777777
002_20200623_123032(7),1,0,0.6164772727272727,0.5105421686746988,0.028409090909090908,0.02108433734939759,212.0,166.0,221.99999999999997,173.0,10.0,6.999999999999999,70.0,0.000598986856516977,6.999999999999999,1.4285714285714288,130.00000000000003,10.817989417989423,1.14283270800928,0.0,0.0,0.21604938271604876
002_20200623_123032(7),2,0,0.6178977272727273,0.5918674698795181,0.019886363636363636,0.02108433734939759,214.00000000000003,193.0,221.0,200.00000000000003,7.0,6.999999999999999,49.0,0.0004192907995618839,6.999999999999999,1.0000000000000002,131.0,7.0544285714285735,0.8008109267457844,0.0,0.0,0.15123456790123457
002_20200623_123036(5),0,0,0.578125,0.516566265060241,0.019886363636363636,0.02108433734939759,200.00000000000003,168.0,206.99999999999997,175.0,7.0,6.999999999999999,49.0,0.0004192907995618839,6.999999999999999,1.0000000000000002,145.00000000000003,12.167942176870753,1.2843272920693716,0.0,0.0,0.15123456790123335
002_20200623_123036(5),1,0,0.5866477272727273,0.5798192771084337,0.02556818181818182,0.02710843373493976,202.0,188.00000000000003,211.00000000000003,196.99999999999997,9.0,9.0,81.0,0.0006931133625410734,9.0,1.0,135.00000000000003,11.12911877394636,0.9942510137101062,0.0,0.0,0.24999999999999922
002_20200623_123036(5),2,0,0.6008522727272727,0.6581325301204819,0.019886363636363636,0.02108433734939759,208.0,214.99999999999997,214.99999999999997,222.0,7.0,6.999999999999999,49.0,0.0004192907995618839,6.999999999999999,1.0000000000000002,110.0,3.420428571428573,0.3328250358120813,0.0,0.0,0.15123456790123457
002_20200623_123040(5),0,0,0.5894886363636364,0.5135542168674698,0.02556818181818182,0.02710843373493976,203.0,165.99999999999997,212.0,174.99999999999997,9.0,9.0,81.0,0.0006931133625410734,9.0,1.0,140.0,20.007279693486595,1.9879051805549028,0.0,0.0,0.25
002_20200623_123040(5),1,0,0.5994318181818182,0.5783132530120482,0.022727272727272728,0.024096385542168676,207.00000000000003,187.99999999999997,215.0,196.0,8.0,8.0,64.0,0.0005476451259583791,8.0,1.0,136.0,8.234259259259261,1.1525531789371766,0.0,0.0,0.17777777777777778
002_20200623_123040(5),2,0,0.6136363636363636,0.6551204819277109,0.022727272727272728,0.02108433734939759,212.0,214.0,220.0,221.00000000000003,8.0,6.999999999999999,55.99999999999999,0.0004791894852135816,6.999999999999999,1.142857142857143,110.99999999999997,6.804807692307691,0.7644294540192972,0.0,0.0,0.17283950617284022
002_20200623_123042(0),0,0,0.5189873417721519,0.38403614457831325,0.0379746835443038,0.0391566265060241,158.0,121.0,170.0,134.0,12.0,13.0,156.0,0.0014869605002287632,12.0,0.9230769230769231,121.0,17.212124542124542,1.7038439860463566,0.0,0.15384615384615385,0.48148148148148145
002_20200623_123042(0),1,0,0.5253164556962026,0.45180722891566266,0.0379746835443038,0.03614457831325301,160.0,144.0,172.0,156.0,12.0,12.0,143.99999999999997,0.001372578923288089,12.0,1.0,144.0,15.493464052287578,1.341718317581441,0.0,0.08333333333333333,0.4
002_20200623_123042(0),2,0,0.5316455696202531,0.5301204819277109,0.03164556962025317,0.04819277108433735,163.0,168.00000000000003,172.99999999999997,184.0,10.0,16.0,160.0,0.0015250876925423213,10.0,0.625,143.00000000000003,15.556249999999991,1.4043896892029537,0.125,0.25,0.49382716049382486
002_20200623_123044(3),0,0,0.578125,0.463855421686747,0.02556818181818182,0.024096385542168676,199.0,150.0,208.0,158.0,9.0,8.0,72.0,0.0006161007667031764,8.0,1.125,144.0,20.450000000000003,1.6295644906434015,0.0,0.0,0.2222222222222222
002_20200623_123044(3),1,0,0.5795454545454546,0.536144578313253,0.022727272727272728,0.03614457831325301,200.00000000000003,172.0,208.0,184.0,8.0,12.0,96.0,0.0008214676889375684,8.0,0.6666666666666666,144.0,15.377499999999998,1.2004078410561037,0.0,0.0,0.2666666666666657
002_20200623_123044(3),2,0,0.5838068181818182,0.6340361445783133,0.019886363636363636,0.03313253012048193,202.00000000000003,205.0,209.0,216.0,7.0,11.0,77.00000000000001,0.0006588855421686748,7.0,0.6363636363636364,116.0,15.566233766233765,1.4172482388657397,0.0,0.0,0.23765432098765335
002_20200623_123046(4),0,0,0.5474683544303798,0.5346385542168675,0.02531645569620253,0.02710843373493976,169.00000000000003,173.0,177.0,181.99999999999997,8.0,9.0,72.0,0.0006862894616440446,8.0,0.8888888888888888,139.0,5.330555555555549,0.5645644901112878,0.0,0.0,0.22222222222222074
002_20200623_123046(4),1,0,0.5332278481012658,0.45481927710843373,0.03481012658227848,0.030120481927710843,163.0,146.0,173.99999999999997,156.0,11.0,10.0,110.0,0.0010484977886228459,10.0,1.1,142.00000000000003,13.662463343108513,1.3951252722876344,0.0,0.0,0.3395061728395053
002_20200623_123046(4),2,0,0.5268987341772152,0.39006024096385544,0.03481012658227848,0.02710843373493976,161.00000000000003,125.0,172.0,134.0,11.0,9.0,99.0,0.0009436480097605612,9.0,1.2222222222222223,125.0,14.087171717171714,1.2469843868579715,0.0,0.0,0.30555555555555475
002_20200623_123048(4),0,0,0.5696022727272727,0.5256024096385542,0.02556818181818182,0.02710843373493976,195.99999999999997,170.0,205.0,178.99999999999997,9.0,9.0,81.0,0.0006931133625410734,9.0,1.0,147.0,22.11954022988506,1.5612268985154019,0.0,0.0,0.25
002_20200623_123048(4),1,0,0.5795454545454546,0.6009036144578314,0.022727272727272728,0.03313253012048193,200.00000000000003,194.00000000000003,208.0,205.0,8.0,11.0,88.0,0.0007530120481927711,8.0,0.7272727272727273,127.0,14.975235109717872,1.2390976288032498,0.0,0.0,0.27160493827160326
002_20200623_123048(4),2,0,0.5923295454545454,0.6912650602409639,0.019886363636363636,0.02710843373493976,205.0,225.00000000000003,211.99999999999997,234.0,7.0,9.0,63.0,0.0005390881708652793,7.0,0.7777777777777778,98.0,13.834004884004884,1.6054108399561047,0.0,0.0,0.19444444444444303
002_20200623_123051(1),0,0,0.5395569620253164,0.4427710843373494,0.03481012658227848,0.03614457831325301,165.0,141.0,176.0,153.0,11.0,12.0,132.0,0.001258197346347415,11.0,0.9166666666666666,140.0,14.533333333333331,1.660529253677319,0.0,0.0,0.4074074074074074
002_20200623_123051(1),1,0,0.5427215189873418,0.5090361445783133,0.03481012658227848,0.03614457831325301,166.0,163.0,177.0,175.0,11.0,12.0,132.0,0.001258197346347415,11.0,0.9166666666666666,139.0,13.846969696969694,1.3636578825081813,0.0,0.0,0.36666666666666664
002_20200623_123051(1),2,0,0.5458860759493671,0.588855421686747,0.03481012658227848,0.03313253012048193,167.0,190.0,178.0,201.0,11.0,11.0,121.00000000000001,0.0011533475674851304,11.0,1.0,131.0,15.10229855371901,1.4288481261355859,0.0,0.0,0.33611111111111114
002_20200623_123052(5),0,0,0.5710227272727273,0.6099397590361446,0.022727272727272728,0.02710843373493976,197.0,198.00000000000003,205.0,207.0,8.0,9.0,72.0,0.0006161007667031764,8.0,0.8888888888888888,125.0,16.44537037037037,1.525039405205551,0.0,0.0,0.17999999999999944
002_20200623_123052(5),1,0,0.5880681818181818,0.7756024096385542,0.022727272727272728,0.02710843373493976,203.0,253.0,210.99999999999997,262.0,8.0,9.0,72.0,0.0006161007667031764,8.0,0.8888888888888888,70.0,11.390740740740739,1.0890152972290637,0.0,0.0,0.22222222222222143
002_20200623_123052(5),2,0,0.5823863636363636,0.6807228915662651,0.028409090909090908,0.024096385542168676,200.00000000000003,222.0,210.0,230.00000000000003,10.0,8.0,80.0,0.0006845564074479737,8.0,1.25,101.99999999999997,6.12567049808429,0.5932145616673442,0.0,0.0,0.22222222222222238
002_20200623_123055(5),0,0,0.47151898734177217,0.4006024096385542,0.05063291139240506,0.030120481927710843,141.0,127.99999999999999,157.0,138.0,16.0,10.0,160.0,0.001525087692542321,10.0,1.6,127.99999999999999,17.570239557739555,1.453726043310312,0.125,0.25,0.49382716049382785
002_20200623_123055(5),1,0,0.4873417721518987,0.5677710843373494,0.0379746835443038,0.045180722891566265,148.0,181.0,160.0,195.99999999999997,12.0,15.0,180.0,0.0017157236541101113,12.0,0.8,136.00000000000003,16.691441441441455,1.42149799642614,0.06666666666666667,0.2,0.49999999999999906
002_20200623_123100(0),0,0,0.47468354430379744,0.411144578313253,0.03164556962025317,0.03313253012048193,145.0,131.0,154.99999999999997,142.0,10.0,11.0,110.0,0.0010484977886228459,10.0,0.9090909090909091,131.0,19.83519061583577,1.5826386466170543,0.0,0.0,0.3395061728395052
002_20200623_123100(0),1,0,0.4778481012658228,0.48493975903614456,0.03164556962025317,0.030120481927710843,146.0,156.0,156.0,166.0,10.0,10.0,99.99999999999999,0.0009531798078389508,10.0,1.0,146.0,10.763333333333335,1.029415890567327,0.0,0.0,0.30864197530864196
002_20200623_123100(0),2,0,0.47468354430379744,0.5843373493975904,0.02531645569620253,0.030120481927710843,146.0,189.00000000000003,154.0,199.0,8.0,10.0,80.0,0.0007625438462711605,8.0,0.8,133.0,9.833928571428572,1.0927002499826604,0.0,0.0,0.2222222222222216
002_20200623_123104(5),0,0,0.49683544303797467,0.3930722891566265,0.03164556962025317,0.02710843373493976,152.0,126.0,162.0,135.0,10.0,9.0,90.0,0.0008578618270550558,9.0,1.1111111111111112,126.0,14.956704980842915,1.3333661109403123,0.0,0.0,0.25
002_20200623_123104(5),1,0,0.5031645569620253,0.4623493975903614,0.03164556962025317,0.03313253012048193,154.0,148.0,164.0,159.0,10.0,11.0,110.0,0.0010484977886228459,10.0,0.9090909090909091,148.0,13.097947214076243,1.2846497933452758,0.0,0.00909090909090909,0.275
002_20200623_123104(5),2,0,0.5142405063291139,0.5632530120481928,0.028481012658227847,0.030120481927710843,157.99999999999997,182.00000000000003,166.99999999999997,192.0,9.0,10.0,90.0,0.0008578618270550556,9.0,0.9,140.0,16.123333333333335,1.6889924288470648,0.0,0.0,0.277777777777777
002_20200623_163020(3),0,0,0.5126582278481012,0.4352409638554217,0.03164556962025317,0.03313253012048193,157.0,139.00000000000003,166.99999999999997,150.0,10.0,11.0,110.0,0.0010484977886228459,10.0,0.9090909090909091,139.00000000000003,11.324633431085047,1.4193043027675862,0.0,0.0,0.3055555555555539
002_20200623_163020(3),1,0,0.5205696202531646,0.49698795180722893,0.028481012658227847,0.030120481927710843,160.0,160.0,169.0,170.0,9.0,10.0,90.0,0.0008578618270550556,9.0,0.9,147.0,7.362452107279694,0.9648578921838329,0.0,0.0,0.2777777777777778
002_20200623_163020(3),2,0,0.5348101265822784,0.5753012048192772,0.03164556962025317,0.030120481927710843,164.0,186.00000000000003,173.99999999999997,196.0,10.0,10.0,99.99999999999999,0.0009531798078389508,10.0,1.0,136.0,9.176666666666662,0.835133786839727,0.0,0.0,0.30864197530864024
002_20200623_163023(3),0,0,0.4873417721518987,0.411144578313253,0.03164556962025317,0.045180722891566265,149.0,129.0,159.0,144.0,10.0,15.0,150.0,0.0014297697117584263,10.0,0.6666666666666666,129.0,9.679047619047608,0.8676940187514367,0.013333333333333334,0.04,0.1171875
002_20200623_163023(3),1,0,0.509493670886076,0.4713855421686747,0.0379746835443038,0.045180722891566265,155.00000000000003,149.0,167.0,164.0,12.0,15.0,180.0,0.0017157236541101113,12.0,0.8,149.0,13.114864864864856,1.1601502271493422,0.0,0.06666666666666667,0.14062499999999967
002_20200623_163023(3),2,0,0.5348101265822784,0.5421686746987951,0.0379746835443038,0.04216867469879518,163.0,172.99999999999997,174.99999999999997,187.0,12.0,13.999999999999998,168.0,0.0016013420771694372,12.0,0.8571428571428572,141.00000000000003,12.14969969969971,1.062779512426044,0.0,0.06666666666666667,0.46666666666666645
002_20200623_163026(3),0,0,0.5158227848101266,0.4036144578313253,0.0379746835443038,0.04216867469879518,157.0,127.00000000000001,169.0,141.0,12.0,13.999999999999998,168.0,0.0016013420771694372,12.0,0.8571428571428572,127.00000000000001,16.51507936507936,1.7593566610264917,0.07142857142857142,0.14285714285714285,0.518518518518518
002_20200623_163026(3),1,0,0.5189873417721519,0.4683734939759036,0.03164556962025317,0.02710843373493976,159.0,151.0,169.0,160.0,10.0,9.0,90.0,0.0008578618270550558,9.0,1.1111111111111112,147.0,7.486206896551721,1.0528714282041984,0.0,0.0,0.25
002_20200623_163026(3),2,0,0.5300632911392406,0.5481927710843374,0.04746835443037975,0.030120481927710843,160.0,177.00000000000003,175.00000000000003,187.0,15.000000000000002,10.0,150.00000000000003,0.0014297697117584263,10.0,1.5000000000000002,140.99999999999997,9.11944444444444,1.0872486381851074,0.125,0.25,0.4166666666666663
002_20200623_163029(6),0,0,0.4889240506329114,0.3614457831325301,0.028481012658227847,0.03614457831325301,150.0,114.0,159.0,126.0,9.0,12.0,108.0,0.0010294341924660668,9.0,0.75,114.0,17.526224611708486,1.528029278608284,0.0,0.0,0.3
002_20200623_163029(6),1,0,0.49050632911392406,0.4322289156626506,0.0379746835443038,0.02710843373493976,149.0,139.0,161.00000000000003,148.0,12.0,9.0,108.0,0.0010294341924660668,9.0,1.3333333333333333,139.0,9.759829059829059,1.1349116661462402,0.0,0.07692307692307693,0.3000000000000007
002_20200623_163029(6),2,0,0.4920886075949367,0.5316265060240963,0.03481012658227848,0.02710843373493976,150.0,172.0,161.00000000000003,180.99999999999997,11.0,9.0,99.0,0.0009436480097605612,9.0,1.2222222222222223,150.0,11.128255675029862,1.211573192718065,0.0,0.08333333333333333,0.30555555555555536
002_20200623_163032(5),0,0,0.4810126582278481,0.49698795180722893,0.03164556962025317,0.030120481927710843,147.0,160.0,157.0,170.0,10.0,10.0,99.99999999999999,0.0009531798078389508,10.0,1.0,147.0,12.840000000000003,1.1571679314169385,0.0,0.0,0.30864197530864196
002_20200623_163032(5),1,0,0.49841772151898733,0.5632530120481928,0.022151898734177215,0.024096385542168676,154.0,183.0,160.99999999999997,191.00000000000003,7.0,8.0,56.00000000000001,0.0005337806923898125,7.0,0.875,140.99999999999997,8.427106227106222,0.9700622089504758,0.0,0.0,0.1728395061728394
002_20200623_163032(5),2,0,0.5300632911392406,0.6551204819277109,0.03481012658227848,0.02710843373493976,162.00000000000003,213.00000000000003,173.0,222.0,11.0,9.0,99.0,0.0009436480097605612,9.0,1.2222222222222223,110.0,12.889191919191916,1.213180141977507,0.0,0.0,0.2749999999999984
002_20200623_163035(5),0,0,0.5031645569620253,0.36596385542168675,0.03164556962025317,0.02710843373493976,154.0,117.0,164.0,126.0,10.0,9.0,90.0,0.0008578618270550558,9.0,1.1111111111111112,117.0,13.781609195402297,1.2751209771121628,0.0,0.0,0.2777777777777778
002_20200623_163035(5),1,0,0.5031645569620253,0.4367469879518072,0.03164556962025317,0.024096385542168676,154.0,141.0,164.0,149.0,10.0,8.0,80.0,0.0007625438462711606,8.0,1.25,141.0,7.226785714285711,0.9391760932487615,0.0,0.0,0.24691358024691357
002_20200623_163035(5),2,0,0.504746835443038,0.5301204819277109,0.03481012658227848,0.030120481927710843,154.0,171.00000000000003,165.0,181.0,11.0,10.0,110.0,0.0010484977886228459,10.0,1.1,151.0,13.885043988269786,1.428863560351692,0.0,0.0,0.3055555555555547
002_20200623_163039(5),0,0,0.5951704545454546,0.44728915662650603,0.019886363636363636,0.03313253012048193,206.00000000000003,143.0,213.0,154.0,7.0,11.0,77.00000000000001,0.0006588855421686748,7.0,0.6363636363636364,139.0,15.086038961038952,1.4533914803615915,0.0,0.0,0.23765432098765335
002_20200623_163039(5),1,0,0.6150568181818182,0.5858433734939759,0.019886363636363636,0.02710843373493976,213.00000000000003,190.0,220.0,198.99999999999997,7.0,9.0,63.0,0.0005390881708652793,7.0,0.7777777777777778,132.0,4.613308913308913,0.3807645980771382,0.0,0.0,0.19444444444444303
002_20200623_163039(5),2,0,0.6065340909090909,0.5120481927710844,0.02556818181818182,0.024096385542168676,209.0,166.0,218.00000000000003,174.00000000000003,9.0,8.0,72.0,0.0006161007667031764,8.0,1.125,133.99999999999997,4.785823754789277,0.7320653092618454,0.0,0.0,0.2222222222222237
002_20200623_163043(7),0,0,0.5809659090909091,0.4246987951807229,0.019886363636363636,0.030120481927710843,201.0,136.0,207.99999999999997,146.0,7.0,10.0,70.0,0.000598986856516977,7.0,0.7,136.0,13.734920634920641,1.1211543926099188,0.0,0.0,0.2160493827160485
002_20200623_163043(7),1,0,0.5894886363636364,0.4924698795180723,0.02556818181818182,0.02710843373493976,203.0,159.0,212.0,168.0,9.0,9.0,81.0,0.0006931133625410734,9.0,1.0,140.0,8.643342151675483,0.9035012726699524,0.0,0.0,0.25
002_20200623_163043(7),2,0,0.5980113636363636,0.5632530120481928,0.02556818181818182,0.030120481927710843,206.0,182.00000000000003,215.0,192.0,9.0,10.0,90.0,0.0007701259583789705,9.0,0.9,137.0,8.600766283524905,0.6319253992864661,0.0,0.1,0.277777777777777
002_20200623_163047(6),0,0,0.6036931818181818,0.42771084337349397,0.02556818181818182,0.030120481927710843,207.99999999999997,137.0,217.0,147.0,9.0,10.0,90.0,0.0007701259583789705,9.0,0.9,135.0,15.906666666666666,1.6912561000101798,0.0,0.0,0.2500000000000008
002_20200623_163047(6),1,0,0.6122159090909091,0.4894578313253012,0.019886363636363636,0.02710843373493976,212.0,158.0,218.99999999999997,166.99999999999997,7.0,9.0,63.0,0.0005390881708652793,7.0,0.7777777777777778,133.00000000000003,6.145238095238099,0.7548368287108344,0.0,0.0,0.17499999999999874
002_20200623_163047(6),2,0,0.6278409090909091,0.5677710843373494,0.017045454545454544,0.02108433734939759,217.99999999999997,184.99999999999997,224.0,192.0,6.0,6.999999999999999,42.0,0.0003593921139101861,6.0,0.8571428571428572,128.0,3.912000000000006,0.35118298562798367,0.0,0.0,0.12962962962963076
002_20200623_163051(7),0,0,0.5255681818181818,0.4066265060240964,0.022727272727272728,0.024096385542168676,181.0,131.0,188.99999999999997,139.0,8.0,8.0,64.0,0.0005476451259583791,8.0,1.0,131.0,13.333173076923075,1.187218059640218,0.0,0.0,0.19753086419753016
002_20200623_163051(7),1,0,0.5454545454545454,0.46987951807228917,0.017045454545454544,0.030120481927710843,188.99999999999997,151.0,195.0,161.0,6.0,10.0,60.0,0.0005134173055859802,6.0,0.6,151.0,12.366666666666674,1.3034349407084946,0.0,0.0,0.16666666666666746
002_20200623_163051(7),2,0,0.578125,0.5587349397590361,0.019886363636363636,0.02710843373493976,200.00000000000003,181.0,206.99999999999997,189.99999999999997,7.0,9.0,63.0,0.0005390881708652793,7.0,0.7777777777777778,142.00000000000003,14.516971916971926,1.3292241224530439,0.0,0.0,0.19444444444444225
002_20200623_163055(6),0,0,0.5809659090909091,0.44879518072289154,0.019886363636363636,0.030120481927710843,201.0,143.99999999999997,207.99999999999997,154.0,7.0,10.0,70.0,0.000598986856516977,7.0,0.7,143.99999999999997,22.56558441558441,1.872303941858908,0.0,0.0,0.21604938271604912
002_20200623_163055(6),1,0,0.5795454545454546,0.5240963855421686,0.022727272727272728,0.024096385542168676,200.00000000000003,169.99999999999997,208.0,178.0,8.0,8.0,64.0,0.0005476451259583791,8.0,1.0,144.0,15.150925925925932,1.3367052523059988,0.0,0.0,0.19753086419753085
002_20200623_163055(6),2,0,0.5795454545454546,0.6174698795180723,0.017045454545454544,0.024096385542168676,201.0,201.0,207.00000000000003,209.00000000000003,6.0,8.0,48.00000000000001,0.0004107338444687842,6.0,0.75,122.99999999999997,13.30811965811965,1.2398423481662042,0.0,0.0,0.1481481481481494
002_20200623_163059(6),0,0,0.5568181818181818,0.47289156626506024,0.022727272727272728,0.024096385542168676,192.0,153.0,199.99999999999997,161.0,8.0,8.0,64.0,0.0005476451259583791,8.0,1.0,152.00000000000003,11.505048076923075,1.1731106034081364,0.0,0.0,0.19753086419753016
002_20200623_163059(6),1,0,0.5653409090909091,0.5421686746987951,0.022727272727272728,0.03614457831325301,195.0,174.0,203.0,186.0,8.0,12.0,96.0,0.0008214676889375684,8.0,0.6666666666666666,146.0,13.83541666666666,1.07617653092366,0.0,0.08333333333333333,0.2962962962962963
002_20200623_163059(6),2,0,0.5880681818181818,0.6355421686746988,0.028409090909090908,0.024096385542168676,202.0,207.0,211.99999999999997,215.00000000000003,10.0,8.0,80.0,0.0006845564074479737,8.0,1.25,116.99999999999997,14.263601532567051,1.3078926357045226,0.0,0.0,0.24691358024691376
002_20200623_203033(6),0,0,0.47943037974683544,0.4563253012048193,0.04113924050632911,0.045180722891566265,145.0,144.0,158.0,159.0,13.0,15.0,195.0,0.001858700625285954,13.0,0.8666666666666667,144.0,21.357152496626185,2.118944669951725,0.06666666666666667,0.26153846153846155,0.6018518518518519
002_20200623_203033(6),1,0,0.4825949367088608,0.5225903614457831,0.03481012658227848,0.0391566265060241,147.0,166.99999999999997,158.0,180.0,11.0,13.0,143.0,0.0013630471252096994,11.0,0.8461538461538461,147.0,18.17740259740259,1.7527938703657864,0.0,0.14285714285714285,0.441358024691359
002_20200623_203033(6),2,0,0.49683544303797467,0.6204819277108434,0.04430379746835443,0.03614457831325301,150.0,200.00000000000003,164.0,212.00000000000003,14.0,12.0,168.0,0.0016013420771694372,12.0,1.1666666666666667,119.99999999999997,14.815978615978608,1.3103485608877403,0.0,0.08241758241758242,0.42
002_20200623_203038(0),0,0,0.4825949367088608,0.45481927710843373,0.03481012658227848,0.030120481927710843,147.0,146.0,158.0,156.0,11.0,10.0,110.0,0.0010484977886228459,10.0,1.1,146.0,18.403812316715545,1.5693911603988133,0.0,0.0,0.3395061728395062
002_20200623_203038(0),1,0,0.4889240506329114,0.5256024096385542,0.03481012658227848,0.03313253012048193,149.0,169.0,160.0,180.0,11.0,11.0,121.00000000000001,0.0011533475674851304,11.0,1.0,149.0,10.282412190082638,1.1198365488222748,0.0,0.0,0.33611111111111114
002_20200623_203038(0),2,0,0.49841772151898733,0.6204819277108434,0.03481012658227848,0.03614457831325301,152.0,200.00000000000003,163.0,212.00000000000003,11.0,12.0,132.0,0.001258197346347415,11.0,0.9166666666666666,119.99999999999997,14.109543397778694,1.2860849190442716,0.0,0.0,0.36666666666666664
002_20200623_203040(4),0,0,0.5568181818181818,0.5512048192771084,0.022727272727272728,0.030120481927710843,192.0,178.0,199.99999999999997,187.99999999999997,8.0,10.0,80.0,0.0006845564074479737,8.0,0.8,144.00000000000003,21.035714285714292,1.458194145927361,0.0,0.0,0.246913580246912
002_20200623_203040(4),1,0,0.5752840909090909,0.6219879518072289,0.02556818181818182,0.015060240963855422,198.0,204.0,207.00000000000003,208.99999999999997,9.0,5.0,45.0,0.0003850629791894852,5.0,1.8,123.00000000000003,3.059999999999988,0.3752513870663912,0.0,0.0,0.12499999999999968
002_20200623_203040(4),2,0,0.5894886363636364,0.7153614457831325,0.019886363636363636,0.02710843373493976,204.0,233.00000000000003,210.99999999999997,242.0,7.0,9.0,63.0,0.0005390881708652793,7.0,0.7777777777777778,90.0,10.681379731379721,1.0560430281524216,0.0,0.0,0.19444444444444303
002_20200623_203042(5),0,0,0.495253164556962,0.4563253012048193,0.028481012658227847,0.03313253012048193,151.99999999999997,146.0,160.99999999999997,157.0,9.0,11.0,99.00000000000001,0.0009436480097605612,9.0,0.8181818181818182,146.0,20.362463343108516,1.7923356285598455,0.0,0.0,0.3055555555555556
002_20200623_203042(5),1,0,0.5,0.5210843373493976,0.03164556962025317,0.030120481927710843,153.0,168.00000000000003,163.0,178.0,10.0,10.0,99.99999999999999,0.0009531798078389508,10.0,1.0,153.0,12.526666666666657,1.3487572625198396,0.0,0.0,0.3086419753086411
002_20200623_203042(5),2,0,0.5126582278481012,0.6234939759036144,0.02531645569620253,0.04216867469879518,157.99999999999997,199.99999999999997,165.99999999999997,214.0,8.0,13.999999999999998,111.99999999999999,0.0010675613847796247,8.0,0.5714285714285715,118.0,13.714596949891074,1.110139825626782,0.0,0.06666666666666667,0.3111111111111117
002_20200623_203044(0),0,0,0.5511363636363636,0.44728915662650603,0.022727272727272728,0.02710843373493976,190.0,144.0,198.0,153.0,8.0,9.0,72.0,0.0006161007667031764,8.0,0.8888888888888888,144.0,19.42129629629629,1.4459545140888506,0.0,0.0,0.2222222222222222
002_20200623_203044(0),1,0,0.5553977272727273,0.5180722891566265,0.02556818181818182,0.030120481927710843,191.0,167.0,200.00000000000003,177.0,9.0,10.0,90.0,0.0007701259583789705,9.0,0.9,151.99999999999997,13.176666666666662,1.8080653519877519,0.0,0.0,0.2777777777777787
002_20200623_203044(0),2,0,0.5610795454545454,0.6129518072289156,0.02556818181818182,0.03313253012048193,192.99999999999997,198.0,202.0,208.99999999999997,9.0,11.0,99.00000000000001,0.0008471385542168676,9.0,0.8181818181818182,123.00000000000003,21.746627565982408,2.3689750894798456,0.0,0.18181818181818182,0.30555555555555575
002_20200623_203047(0),0,0,0.48417721518987344,0.4578313253012048,0.04430379746835443,0.04216867469879518,146.0,145.0,160.0,159.0,14.0,13.999999999999998,196.0,0.0018682324233643434,13.999999999999998,1.0000000000000002,145.0,21.72062298603653,2.2263023901743493,0.07142857142857142,0.2653061224489796,0.6049382716049383
002_20200623_203047(0),1,0,0.49050632911392406,0.5240963855421686,0.03164556962025317,0.030120481927710843,150.0,169.0,160.0,178.99999999999997,10.0,10.0,99.99999999999999,0.0009531798078389508,10.0,1.0,150.0,8.183333333333337,0.9906846438503925,0.0,0.0,0.277777777777777
002_20200623_203047(0),2,0,0.5015822784810127,0.6204819277108434,0.03481012658227848,0.030120481927710843,153.0,201.00000000000003,164.0,211.0,11.0,10.0,110.0,0.0010484977886228459,10.0,1.1,121.0,10.280351906158359,1.1004611013191823,0.0,0.0,0.27499999999999925
002_20200623_203047(7),0,0,0.5355113636363636,0.45331325301204817,0.02556818181818182,0.03313253012048193,184.0,145.0,193.0,156.0,9.0,11.0,99.00000000000001,0.0008471385542168676,9.0,0.8181818181818182,145.0,18.77868686868686,1.4709719134766477,0.0,0.0,0.3055555555555556
002_20200623_203047(7),1,0,0.5525568181818182,0.5195783132530121,0.02556818181818182,0.03313253012048193,190.0,167.0,199.00000000000003,178.0,9.0,11.0,99.00000000000001,0.0008471385542168676,9.0,0.8181818181818182,152.99999999999997,9.391202346041055,0.763846537757568,0.0,0.0,0.27500000000000085
002_20200623_203047(7),2,0,0.5738636363636364,0.6114457831325302,0.022727272727272728,0.03614457831325301,198.0,197.00000000000003,206.0,209.00000000000003,8.0,12.0,96.0,0.0008214676889375684,8.0,0.6666666666666666,122.99999999999997,11.211786600496268,0.8473982999584879,0.0,0.0,0.26666666666666666
002_20200623_203050(0),0,0,0.48575949367088606,0.4066265060240964,0.04113924050632911,0.030120481927710843,147.0,130.0,160.0,140.0,13.0,10.0,130.0,0.0012391337501906359,10.0,1.3,130.0,17.3062937062937,1.4234653662421792,0.0,0.0,0.3611111111111111
002_20200623_203050(0),1,0,0.495253164556962,0.4789156626506024,0.028481012658227847,0.030120481927710843,151.99999999999997,154.0,160.99999999999997,164.0,9.0,10.0,90.0,0.0008578618270550556,9.0,0.9,151.99999999999997,11.513333333333335,1.0865769656445148,0.0,0.0,0.2777777777777778
002_20200623_203050(0),2,0,0.5079113924050633,0.5737951807228916,0.028481012658227847,0.03313253012048193,156.0,185.00000000000003,165.0,196.0,9.0,11.0,99.00000000000001,0.0009436480097605612,9.0,0.8181818181818182,136.0,11.76414141414142,1.1064012066907014,0.0,0.0,0.30555555555555475
002_20200623_203051(2),0,0,0.5610795454545454,0.4141566265060241,0.03125,0.02710843373493976,192.0,133.0,203.0,142.0,11.0,9.0,99.0,0.0008471385542168675,9.0,1.2222222222222223,133.0,16.733131313131324,1.3991682976045183,0.0,0.0,0.3055555555555556
002_20200623_203051(2),1,0,0.5696022727272727,0.48042168674698793,0.02556818181818182,0.0391566265060241,195.99999999999997,153.0,205.0,166.0,9.0,13.0,117.0,0.0010011637458926617,9.0,0.6923076923076923,147.0,14.801631701631706,1.1388934502089265,0.0,0.0,0.2925000000000009
002_20200623_203051(2),2,0,0.5795454545454546,0.5783132530120482,0.022727272727272728,0.030120481927710843,200.00000000000003,187.0,208.0,196.99999999999997,8.0,10.0,80.0,0.0006845564074479737,8.0,0.8,135.00000000000003,13.907142857142858,1.455410873027858,0.0,0.0,0.2222222222222208
002_20200623_203054(6),0,0,0.4825949367088608,0.45180722891566266,0.028481012658227847,0.03614457831325301,148.0,144.0,157.0,156.0,9.0,12.0,108.0,0.0010294341924660668,9.0,0.75,144.0,17.874970131421748,1.4365970947970184,0.0,0.0,0.3
002_20200623_203054(6),1,0,0.4873417721518987,0.5210843373493976,0.02531645569620253,0.030120481927710843,150.0,168.00000000000003,158.0,178.0,8.0,10.0,80.0,0.0007625438462711605,8.0,0.8,150.0,12.44285714285715,1.1891219478558166,0.0,0.0,0.24691358024691287
002_20200623_203054(6),2,0,0.5015822784810127,0.6204819277108434,0.03481012658227848,0.03614457831325301,153.0,200.00000000000003,164.0,212.00000000000003,11.0,12.0,132.0,0.001258197346347415,11.0,0.9166666666666666,119.99999999999997,13.683751542575067,1.1419733563464178,0.07692307692307693,0.15384615384615385,0.36666666666666664
002_20200623_203054(7),0,0,0.5269886363636364,0.44728915662650603,0.02556818181818182,0.03313253012048193,181.0,143.0,190.0,154.0,9.0,11.0,99.00000000000001,0.0008471385542168676,9.0,0.8181818181818182,143.0,21.6289898989899,1.6507664817067302,0.0,0.0,0.3055555555555556
002_20200623_203054(7),1,0,0.5482954545454546,0.5105421686746988,0.022727272727272728,0.03313253012048193,189.00000000000003,164.0,197.0,175.0,8.0,11.0,88.0,0.0007530120481927711,8.0,0.7272727272727273,155.0,9.489890282131654,0.8226893600569997,0.0,0.09090909090909091,0.271604938271604
002_20200623_203054(7),2,0,0.5752840909090909,0.6054216867469879,0.02556818181818182,0.04216867469879518,198.0,193.99999999999997,207.00000000000003,208.0,9.0,13.999999999999998,125.99999999999999,0.0010781763417305585,9.0,0.6428571428571429,124.0,15.559047619047618,1.2481646735086336,0.06666666666666667,0.2,0.3888888888888909
002_20200623_203058(3),0,0,0.5667613636363636,0.45180722891566266,0.02556818181818182,0.030120481927710843,195.0,145.0,204.0,155.0,9.0,10.0,90.0,0.0007701259583789705,9.0,0.9,145.0,20.202681992337162,1.7383870494934475,0.0,0.0,0.2777777777777778
002_20200623_203058(3),1,0,0.5795454545454546,0.5180722891566265,0.03409090909090909,0.030120481927710843,198.0,167.0,210.00000000000003,177.0,12.0,10.0,120.0,0.0010268346111719604,10.0,1.2,141.99999999999997,14.088578088578089,1.4408822623962378,0.0,0.07692307692307693,0.37037037037037124
002_20200623_203058(3),2,0,0.6051136363636364,0.6144578313253012,0.022727272727272728,0.03614457831325301,209.0,198.0,217.0,210.0,8.0,12.0,96.0,0.0008214676889375684,8.0,0.6666666666666666,122.0,9.591250000000002,0.7414227523002352,0.0,0.0,0.26666666666666666
002_20200624_003107(0),0,0,0.5639204545454546,0.4894578313253012,0.019886363636363636,0.02710843373493976,195.00000000000003,158.0,202.0,166.99999999999997,7.0,9.0,63.0,0.0005390881708652793,7.0,0.7777777777777778,150.0,15.974481074481076,1.3877087347492287,0.0,0.0,0.19444444444444303
002_20200624_003107(0),1,0,0.5653409090909091,0.5617469879518072,0.017045454545454544,0.02710843373493976,195.99999999999997,182.00000000000003,202.0,190.99999999999997,6.0,9.0,54.0,0.0004620755750273822,6.0,0.6666666666666666,141.00000000000003,12.22393162393162,1.1347331031242331,0.0,0.0,0.1666666666666664
002_20200624_003107(0),2,0,0.5681818181818182,0.6551204819277109,0.022727272727272728,0.02710843373493976,196.00000000000003,213.00000000000003,204.0,222.0,8.0,9.0,72.0,0.0006161007667031764,8.0,0.8888888888888888,110.0,15.655555555555551,1.5817795891821924,0.0,0.0,0.22222222222222074
002_20200624_003111(0),0,0,0.5823863636363636,0.411144578313253,0.028409090909090908,0.02710843373493976,200.00000000000003,132.0,210.0,141.0,10.0,9.0,90.0,0.0007701259583789705,9.0,1.1111111111111112,132.0,18.007662835249036,1.4388041868993007,0.0,0.0,0.277777777777777
002_20200624_003111(0),1,0,0.5838068181818182,0.48493975903614456,0.019886363636363636,0.030120481927710843,202.00000000000003,156.0,209.0,166.0,7.0,10.0,70.0,0.000598986856516977,7.0,0.7,143.0,9.706878306878295,0.7951790063607019,0.0,0.0,0.2160493827160485
002_20200624_003111(0),2,0,0.5838068181818182,0.5828313253012049,0.02556818181818182,0.02710843373493976,201.0,189.00000000000003,210.00000000000003,198.0,9.0,9.0,81.0,0.0006931133625410734,9.0,1.0,134.0,12.16168582375478,1.0642252075527736,0.0,0.0,0.225
002_20200624_003115(1),0,0,0.5639204545454546,0.34186746987951805,0.02556818181818182,0.02710843373493976,194.0,108.99999999999999,203.00000000000003,118.0,9.0,9.0,81.0,0.0006931133625410734,9.0,1.0,108.99999999999999,18.213333333333324,1.3737124484474714,0.0,0.0,0.25000000000000117
002_20200624_003115(1),1,0,0.5710227272727273,0.4126506024096386,0.022727272727272728,0.030120481927710843,197.0,132.0,205.0,142.00000000000003,8.0,10.0,80.0,0.0006845564074479737,8.0,0.8,132.0,13.664420062695925,1.0001867666726914,0.0,0.0,0.2469135802469143
002_20200624_003115(1),2,0,0.578125,0.5075301204819277,0.019886363636363636,0.02710843373493976,200.00000000000003,164.0,206.99999999999997,172.99999999999997,7.0,9.0,63.0,0.0005390881708652793,7.0,0.7777777777777778,145.00000000000003,16.693528693528705,1.7127944098959778,0.0,0.0,0.19444444444444225
002_20200624_003115(6),0,0,0.5031645569620253,0.44879518072289154,0.0379746835443038,0.030120481927710843,153.0,143.99999999999997,165.0,154.0,12.0,10.0,120.0,0.0011438157694067409,10.0,1.2,143.99999999999997,18.203030303030303,1.6327952782705992,0.0,0.0,0.3703703703703714
002_20200624_003115(6),1,0,0.509493670886076,0.5240963855421686,0.0379746835443038,0.030120481927710843,155.00000000000003,169.0,167.0,178.99999999999997,12.0,10.0,120.0,0.0011438157694067409,10.0,1.2,149.0,10.11770833333334,0.9596156771542672,0.0,0.0,0.37037037037036846
002_20200624_003115(6),2,0,0.5142405063291139,0.6174698795180723,0.03481012658227848,0.03614457831325301,157.0,199.0,167.99999999999997,211.0,11.0,12.0,132.0,0.001258197346347415,11.0,0.9166666666666666,121.0,16.203030303030303,1.7910613497553927,0.0,0.0,0.40740740740740633
002_20200624_003118(6),0,0,0.4762658227848101,0.4352409638554217,0.03481012658227848,0.02710843373493976,145.0,140.0,156.0,149.0,11.0,9.0,99.0,0.0009436480097605612,9.0,1.2222222222222223,140.0,17.99909090909091,1.3904925250812878,0.0,0.0,0.3055555555555556
002_20200624_003118(6),1,0,0.48417721518987344,0.5090361445783133,0.04430379746835443,0.030120481927710843,146.0,164.0,160.0,174.0,14.0,10.0,140.0,0.001334451730974531,10.0,1.4,146.0,11.075210084033614,1.0404952712795836,0.0,0.07142857142857142,0.3888888888888889
002_20200624_003118(6),2,0,0.4873417721518987,0.608433734939759,0.0379746835443038,0.03614457831325301,148.0,196.0,160.0,208.0,12.0,12.0,143.99999999999997,0.001372578923288089,12.0,1.0,124.0,14.901225490196083,1.3556580842336865,0.0,0.08333333333333333,0.4
002_20200624_003119(1),0,0,0.5909090909090909,0.3810240963855422,0.028409090909090908,0.02710843373493976,203.00000000000003,122.0,213.0,131.0,10.0,9.0,90.0,0.0007701259583789705,9.0,1.1111111111111112,122.0,18.544061302681996,1.67572949323142,0.0,0.0,0.277777777777777
002_20200624_003119(1),1,0,0.5866477272727273,0.44879518072289154,0.019886363636363636,0.024096385542168676,203.00000000000003,145.0,210.0,153.0,7.0,8.0,56.00000000000001,0.0004791894852135816,7.0,0.875,142.0,7.0789999999999935,0.7247643224976826,0.0,0.0,0.1728395061728388
002_20200624_003119(1),2,0,0.5795454545454546,0.5466867469879518,0.022727272727272728,0.02108433734939759,200.00000000000003,178.0,208.0,185.00000000000003,8.0,6.999999999999999,55.99999999999999,0.0004791894852135816,6.999999999999999,1.142857142857143,144.0,14.463701923076925,1.330632838884723,0.0,0.0,0.1728395061728396
002_20200624_003123(0),0,0,0.49050632911392406,0.44879518072289154,0.0379746835443038,0.030120481927710843,149.0,143.99999999999997,161.00000000000003,154.0,12.0,10.0,120.0,0.0011438157694067409,10.0,1.2,143.99999999999997,18.633052241875774,1.5546058009534136,0.0,0.07692307692307693,0.3703703703703723
002_20200624_003123(0),1,0,0.495253164556962,0.5210843373493976,0.03481012658227848,0.03614457831325301,151.0,167.0,162.0,179.0,11.0,12.0,132.0,0.001258197346347415,11.0,0.9166666666666666,151.0,15.786363636363632,1.534616017545132,0.0,0.0,0.4074074074074074
002_20200624_003123(0),2,0,0.5031645569620253,0.6174698795180723,0.04430379746835443,0.030120481927710843,152.0,200.00000000000003,166.0,210.0,14.0,10.0,140.0,0.001334451730974531,10.0,1.4,122.0,19.160084033613444,1.8560082493040009,0.0,0.07142857142857142,0.3888888888888878
002_20200624_003123(1),0,0,0.5667613636363636,0.37349397590361444,0.019886363636363636,0.024096385542168676,196.00000000000003,120.0,203.0,127.99999999999999,7.0,8.0,56.00000000000001,0.0004791894852135816,7.0,0.875,120.0,12.888571428571424,1.1059651168391607,0.0,0.0,0.1728395061728385
002_20200624_003123(1),1,0,0.5639204545454546,0.4503012048192771,0.03125,0.02108433734939759,193.0,146.0,204.0,153.0,11.0,6.999999999999999,77.0,0.0006588855421686747,6.999999999999999,1.5714285714285716,146.0,10.125649350649354,1.1726934065769463,0.0,0.0,0.23765432098765432
002_20200624_003123(1),2,0,0.5610795454545454,0.5436746987951807,0.02556818181818182,0.02710843373493976,192.99999999999997,176.0,202.0,184.99999999999997,9.0,9.0,81.0,0.0006931133625410734,9.0,1.0,147.00000000000003,17.051340996168577,1.5816923653831019,0.0,0.0,0.225
002_20200624_003127(0),0,0,0.5880681818181818,0.37801204819277107,0.022727272727272728,0.03313253012048193,203.0,120.0,210.99999999999997,131.0,8.0,11.0,88.0,0.0007530120481927711,8.0,0.7272727272727273,120.0,17.232915360501565,1.4060389453644853,0.0,0.0,0.271604938271604
002_20200624_003127(0),1,0,0.5909090909090909,0.44879518072289154,0.028409090909090908,0.03614457831325301,203.00000000000003,143.0,213.0,155.0,10.0,12.0,120.0,0.0010268346111719604,10.0,0.8333333333333334,139.0,13.847916666666663,1.0801968539459816,0.0,0.0,0.3703703703703693
002_20200624_003127(0),2,0,0.5923295454545454,0.5451807228915663,0.02556818181818182,0.024096385542168676,203.99999999999997,177.0,213.0,185.00000000000003,9.0,8.0,72.0,0.0006161007667031764,8.0,1.125,139.0,16.27624521072798,1.724731294197532,0.0,0.0,0.2222222222222237
002_20200624_003127(5),0,0,0.4873417721518987,0.45180722891566266,0.03164556962025317,0.03614457831325301,149.0,144.0,159.0,156.0,10.0,12.0,120.0,0.0011438157694067409,10.0,0.8333333333333334,144.0,22.105208333333337,1.9240568803745632,0.0,0.08333333333333333,0.3333333333333333
002_20200624_003127(5),1,0,0.5015822784810127,0.5180722891566265,0.04113924050632911,0.03614457831325301,152.0,166.0,165.0,178.0,13.0,12.0,156.0,0.001486960500228763,12.0,1.0833333333333333,151.0,11.709194139194139,1.1920700435079221,0.07692307692307693,0.15384615384615385,0.43333333333333335
002_20200624_003127(5),2,0,0.504746835443038,0.6144578313253012,0.028481012658227847,0.03614457831325301,155.0,198.0,164.0,210.0,9.0,12.0,108.0,0.0010294341924660668,9.0,0.75,122.0,14.336140979689375,1.4618630125810192,0.0,0.08333333333333333,0.3333333333333333
002_20200624_003132(0),0,0,0.4699367088607595,0.44879518072289154,0.03481012658227848,0.03614457831325301,143.0,143.0,154.0,155.0,11.0,12.0,132.0,0.001258197346347415,11.0,0.9166666666666666,143.0,21.22121212121212,1.8199817588155012,0.0,0.0,0.36666666666666664
002_20200624_003132(0),1,0,0.47943037974683544,0.5271084337349398,0.04113924050632911,0.04216867469879518,145.0,168.0,158.0,182.00000000000003,13.0,13.999999999999998,181.99999999999997,0.0017347872502668901,13.0,0.9285714285714287,145.0,14.912955465587032,1.205516601421079,0.13333333333333333,0.26666666666666666,0.5055555555555551
002_20200624_003132(0),2,0,0.4889240506329114,0.6204819277108434,0.04113924050632911,0.03614457831325301,148.0,200.00000000000003,161.00000000000003,212.00000000000003,13.0,12.0,156.0,0.001486960500228763,12.0,1.0833333333333333,119.99999999999997,16.720938520938518,1.5686894371982396,0.07692307692307693,0.27472527472527475,0.4814814814814825
002_20200624_003136(5),0,0,0.46835443037974683,0.4503012048192771,0.04430379746835443,0.045180722891566265,141.0,142.0,155.0,157.0,14.0,15.0,210.0,0.0020016775964617965,14.0,0.9333333333333333,141.0,21.721978021978018,2.142270814593445,0.06666666666666667,0.2,0.5833333333333334
002_20200624_003136(5),1,0,0.4762658227848101,0.5195783132530121,0.04113924050632911,0.045180722891566265,144.0,165.0,157.0,180.0,13.0,15.0,195.0,0.001858700625285954,13.0,0.8666666666666667,144.0,16.21275303643725,1.390379997568252,0.005128205128205128,0.08717948717948718,0.4875
002_20200624_003136(5),2,0,0.4825949367088608,0.6189759036144579,0.028481012658227847,0.045180722891566265,148.0,198.00000000000003,157.0,213.0,9.0,15.0,135.0,0.0012867927405825835,9.0,0.6,119.0,15.318518518518516,1.2798620821526105,0.06666666666666667,0.2,0.41666666666666585
002_20200624_043128(1),0,0,0.546875,0.47289156626506024,0.02556818181818182,0.024096385542168676,188.0,153.0,197.0,161.0,9.0,8.0,72.0,0.0006161007667031764,8.0,1.125,153.0,10.585185185185196,1.1739941328881858,0.0,0.0,0.18
002_20200624_043128(1),1,0,0.5582386363636364,0.5391566265060241,0.019886363636363636,0.024096385542168676,193.0,175.0,199.99999999999997,183.00000000000003,7.0,8.0,56.00000000000001,0.0004791894852135816,7.0,0.875,148.99999999999997,10.359035409035414,0.9594627339763913,0.0,0.0,0.1728395061728394
002_20200624_043128(1),2,0,0.5809659090909091,0.6310240963855421,0.03125,0.02710843373493976,199.0,205.0,210.0,213.99999999999997,11.0,9.0,99.0,0.0008471385542168675,9.0,1.2222222222222223,118.00000000000003,13.790808080808077,1.3630803130522322,0.0,0.0,0.3055555555555546
002_20200624_043132(2),0,0,0.5795454545454546,0.35843373493975905,0.022727272727272728,0.03614457831325301,200.00000000000003,113.0,208.0,125.0,8.0,12.0,96.0,0.0008214676889375684,8.0,0.6666666666666666,113.0,21.469166666666666,1.6531439243479162,0.0,0.0,0.2962962962962952
002_20200624_043132(2),1,0,0.5823863636363636,0.4307228915662651,0.022727272727272728,0.030120481927710843,201.0,138.0,209.0,148.00000000000003,8.0,10.0,80.0,0.0006845564074479737,8.0,0.8,138.0,12.432680250783704,0.9519991000685679,0.0,0.0,0.2469135802469143
002_20200624_043132(2),2,0,0.5852272727272727,0.5286144578313253,0.017045454545454544,0.02710843373493976,203.0,171.00000000000003,209.0,180.0,6.0,9.0,54.0,0.0004620755750273822,6.0,0.6666666666666666,143.0,13.930370370370369,1.2363618278266657,0.0,0.0,0.16666666666666613
002_20200624_043136(1),0,0,0.5667613636363636,0.4397590361445783,0.019886363636363636,0.03614457831325301,196.00000000000003,140.0,203.0,152.0,7.0,12.0,84.0,0.0007187842278203724,7.0,0.5833333333333334,140.0,15.727586206896547,1.2100737623864999,0.0,0.0,0.20999999999999916
002_20200624_043136(1),1,0,0.5710227272727273,0.5105421686746988,0.017045454545454544,0.03313253012048193,198.0,164.0,204.0,175.0,6.0,11.0,66.00000000000001,0.0005647590361445783,6.0,0.5454545454545454,148.0,12.26464646464646,1.1294533722342779,0.0,0.0,0.18333333333333332
002_20200624_043136(1),2,0,0.5852272727272727,0.6069277108433735,0.022727272727272728,0.02710843373493976,202.0,197.00000000000003,210.0,205.99999999999997,8.0,9.0,72.0,0.0006161007667031764,8.0,0.8888888888888888,126.00000000000003,11.537037037037038,1.1107314267135144,0.0,0.0,0.22222222222222082
002_20200624_043136(9),0,0,0.4889240506329114,0.4503012048192771,0.03481012658227848,0.03313253012048193,149.0,144.0,160.0,155.0,11.0,11.0,121.00000000000001,0.0011533475674851304,11.0,1.0,144.0,19.130681818181813,1.7186626886720848,0.0,0.0,0.3734567901234568
002_20200624_043136(9),1,0,0.495253164556962,0.5195783132530121,0.03481012658227848,0.02710843373493976,151.0,168.00000000000003,162.0,177.0,11.0,9.0,99.0,0.0009436480097605612,9.0,1.2222222222222223,151.0,10.681717171717182,1.240134048276043,0.0,0.0,0.3055555555555546
002_20200624_043136(9),2,0,0.504746835443038,0.6159638554216867,0.04113924050632911,0.0391566265060241,153.0,198.0,166.0,211.0,13.0,13.0,169.0,0.0016108738752478268,13.0,1.0,121.0,16.93839579224195,1.8729296673645262,0.0,0.14792899408284024,0.5216049382716049
002_20200624_043140(2),0,0,0.5511363636363636,0.4954819277108434,0.028409090909090908,0.03313253012048193,189.00000000000003,159.0,199.0,170.0,10.0,11.0,110.0,0.0009412650602409639,10.0,0.9090909090909091,153.0,22.17096774193547,1.8157967016426426,0.0,0.0,0.3055555555555547
002_20200624_043140(2),1,0,0.5639204545454546,0.5662650602409639,0.02556818181818182,0.03614457831325301,194.0,182.00000000000003,203.00000000000003,194.00000000000003,9.0,12.0,108.0,0.0009241511500547645,9.0,0.75,137.99999999999997,16.8041958041958,1.3027295624124822,0.0,0.0,0.30000000000000093
002_20200624_043140(2),2,0,0.5809659090909091,0.6596385542168675,0.02556818181818182,0.03614457831325301,199.99999999999997,213.0,209.0,225.0,9.0,12.0,108.0,0.0009241511500547645,9.0,0.75,107.0,17.55729166666667,1.6439713286109758,0.0,0.0,0.33333333333333437
002_20200624_043141(4),0,0,0.495253164556962,0.4457831325301205,0.03481012658227848,0.04216867469879518,151.0,141.0,162.0,155.0,11.0,13.999999999999998,154.0,0.001467896904071984,11.0,0.7857142857142858,141.0,19.79740259740261,1.7321413168494875,0.0,0.0,0.42777777777777776
002_20200624_043141(4),1,0,0.5015822784810127,0.5210843373493976,0.03481012658227848,0.04216867469879518,153.0,166.0,164.0,180.00000000000003,11.0,13.999999999999998,154.0,0.001467896904071984,11.0,0.7857142857142858,151.99999999999997,14.085858585858588,1.097637957154729,0.06666666666666667,0.13333333333333333,0.3850000000000008
002_20200624_043141(4),2,0,0.504746835443038,0.6174698795180723,0.028481012658227847,0.04216867469879518,155.0,198.0,164.0,212.00000000000003,9.0,13.999999999999998,125.99999999999999,0.0012010065578770778,9.0,0.6428571428571429,119.99999999999997,16.913834422657956,1.5695855008135156,0.06666666666666667,0.2,0.38888888888888967
002_20200624_043144(2),0,0,0.5823863636363636,0.4608433734939759,0.028409090909090908,0.024096385542168676,200.00000000000003,149.0,210.0,157.0,10.0,8.0,80.0,0.0006845564074479737,8.0,1.25,142.0,17.503571428571433,1.5275901277778543,0.0,0.0,0.24691358024691287
002_20200624_043144(2),1,0,0.5752840909090909,0.5286144578313253,0.02556818181818182,0.03313253012048193,198.0,170.0,207.00000000000003,181.0,9.0,11.0,99.00000000000001,0.0008471385542168676,9.0,0.8181818181818182,144.99999999999997,12.269208211143692,1.0320919227232628,0.0,0.09090909090909091,0.3055555555555565
002_20200624_043144(2),2,0,0.5596590909090909,0.625,0.022727272727272728,0.0391566265060241,193.0,201.0,201.0,214.0,8.0,13.0,104.0,0.0008899233296823659,8.0,0.6153846153846154,118.0,15.81997518610423,1.3906590098260394,0.0,0.0,0.28888888888888886
002_20200624_043145(8),0,0,0.5015822784810127,0.44728915662650603,0.03481012658227848,0.03313253012048193,153.0,143.0,164.0,154.0,11.0,11.0,121.00000000000001,0.0011533475674851304,11.0,1.0,143.0,19.664953512396693,1.632465886701067,0.0,0.0,0.3734567901234568
002_20200624_043145(8),1,0,0.509493670886076,0.5225903614457831,0.0379746835443038,0.02710843373493976,155.00000000000003,169.0,167.0,177.99999999999997,12.0,9.0,108.0,0.0010294341924660668,9.0,1.3333333333333333,149.0,10.817741935483866,1.173614270597519,0.0,0.0,0.3333333333333315
002_20200624_043145(8),2,0,0.5205696202531646,0.6159638554216867,0.028481012658227847,0.03313253012048193,160.0,199.0,169.0,210.0,9.0,11.0,99.00000000000001,0.0009436480097605612,9.0,0.8181818181818182,122.0,12.098686868686869,1.1991678363232952,0.0,0.0,0.3055555555555556
002_20200624_043148(1),0,0,0.5738636363636364,0.3810240963855422,0.022727272727272728,0.03313253012048193,198.0,121.00000000000001,206.0,132.0,8.0,11.0,88.0,0.0007530120481927711,8.0,0.7272727272727273,121.00000000000001,19.476410658307216,1.5500430479214633,0.0,0.0,0.2716049382716046
002_20200624_043148(1),1,0,0.5724431818181818,0.45331325301204817,0.019886363636363636,0.02710843373493976,198.0,146.0,204.99999999999997,155.0,7.0,9.0,63.0,0.0005390881708652793,7.0,0.7777777777777778,146.0,11.293406593406601,1.014492719857965,0.0,0.0,0.19444444444444364
002_20200624_043148(1),2,0,0.578125,0.5496987951807228,0.02556818181818182,0.02108433734939759,199.0,178.99999999999997,208.0,186.0,9.0,6.999999999999999,62.99999999999999,0.0005390881708652792,6.999999999999999,1.2857142857142858,144.0,11.020370370370372,0.9357196895056636,0.0,0.0,0.19444444444444522
002_20200624_043150(3),0,0,0.4810126582278481,0.4442771084337349,0.0379746835443038,0.03313253012048193,146.0,142.0,158.0,153.0,12.0,11.0,132.00000000000003,0.0012581973463474151,11.0,1.0909090909090908,142.0,21.615151515151524,1.909727352996637,0.0,0.08333333333333333,0.4074074074074074
002_20200624_043150(3),1,0,0.4889240506329114,0.516566265060241,0.03481012658227848,0.045180722891566265,149.0,164.0,160.0,178.99999999999997,11.0,15.0,165.0,0.0015727466829342687,11.0,0.7333333333333333,149.0,18.27777777777777,1.6557608381607305,0.06666666666666667,0.2,0.5092592592592583
002_20200624_043150(3),2,0,0.5,0.608433734939759,0.03164556962025317,0.04216867469879518,153.0,195.0,163.0,209.00000000000003,10.0,13.999999999999998,140.0,0.001334451730974531,10.0,0.7142857142857144,122.99999999999997,14.279047619047617,1.291426974075364,0.06666666666666667,0.2,0.43209876543209963
002_20200624_043154(8),0,0,0.49683544303797467,0.44879518072289154,0.04430379746835443,0.03614457831325301,150.0,143.0,164.0,155.0,14.0,12.0,168.0,0.0016013420771694372,12.0,1.1666666666666667,143.0,16.243253968253967,1.4114541126337026,0.0,0.07142857142857142,0.4666666666666667
002_20200624_043154(8),1,0,0.5,0.5210843373493976,0.0379746835443038,0.03614457831325301,152.0,167.0,164.0,179.0,12.0,12.0,143.99999999999997,0.001372578923288089,12.0,1.0,152.0,15.63267973856209,1.3391060559476868,0.0,0.0,0.4
002_20200624_043154(8),2,0,0.5079113924050633,0.6189759036144579,0.028481012658227847,0.0391566265060241,156.0,199.0,165.0,212.00000000000003,9.0,13.0,117.0,0.0011152203751715723,9.0,0.6923076923076923,119.99999999999997,15.042568542568546,1.3290090526375202,0.07142857142857142,0.14285714285714285,0.3611111111111119
002_20200624_043159(4),0,0,0.49050632911392406,0.44728915662650603,0.03164556962025317,0.045180722891566265,150.0,141.0,160.0,156.0,10.0,15.0,150.0,0.0014297697117584263,10.0,0.6666666666666666,141.0,18.765714285714296,1.615378688350318,0.06666666666666667,0.2,0.46296296296296297
002_20200624_043159(4),1,0,0.49683544303797467,0.5180722891566265,0.02531645569620253,0.03614457831325301,153.0,166.0,160.99999999999997,178.0,8.0,12.0,96.0,0.0009150526155253927,8.0,0.6666666666666666,153.0,11.039583333333326,1.0259285478450229,0.0,0.08333333333333333,0.2962962962962952
002_20200624_043159(4),2,0,0.5031645569620253,0.6159638554216867,0.02531645569620253,0.0391566265060241,155.0,198.0,163.0,211.0,8.0,13.0,104.0,0.0009913070001525087,8.0,0.6153846153846154,121.0,14.213399503722087,1.273994142260411,0.0,0.07692307692307693,0.28888888888888886
002_20200624_083032(4),0,0,0.5063291139240507,0.44126506024096385,0.03164556962025317,0.0391566265060241,155.00000000000003,140.0,165.0,153.0,10.0,13.0,130.0,0.001239133750190636,10.0,0.7692307692307693,140.0,14.211188811188805,1.577229380906446,0.0,0.07692307692307693,0.4012345679012334
002_20200624_083032(4),1,0,0.5126582278481012,0.5090361445783133,0.03164556962025317,0.04216867469879518,157.0,162.0,166.99999999999997,176.0,10.0,13.999999999999998,140.0,0.001334451730974531,10.0,0.7142857142857144,149.00000000000003,14.9970588235294,1.2107813069421716,0.0,0.14285714285714285,0.4320987654320975
002_20200624_083032(4),2,0,0.5205696202531646,0.5843373493975904,0.03481012658227848,0.030120481927710843,159.0,189.00000000000003,170.0,199.0,11.0,10.0,110.0,0.0010484977886228459,10.0,1.1,133.0,10.053665689149568,1.2458970161080432,0.0,0.0,0.3395061728395052
002_20200624_083036(9),0,0,0.5174050632911392,0.4623493975903614,0.03481012658227848,0.03313253012048193,158.0,148.0,169.0,159.0,11.0,11.0,121.00000000000001,0.0011533475674851304,11.0,1.0,147.0,11.137112603305795,1.120009275600621,0.0,0.0,0.3734567901234568
002_20200624_083036(9),1,0,0.5174050632911392,0.5286144578313253,0.04113924050632911,0.02710843373493976,157.0,171.00000000000003,170.0,180.0,13.0,9.0,117.0,0.0011152203751715723,9.0,1.4444444444444444,146.0,12.830822649572653,1.2762902533655092,0.0,0.0,0.32499999999999896
002_20200624_083036(9),2,0,0.5268987341772152,0.6099397590361446,0.03481012658227848,0.03313253012048193,161.00000000000003,197.00000000000003,172.0,208.0,11.0,11.0,121.00000000000001,0.0011533475674851304,11.0,1.0,124.0,10.027737603305795,1.0791564623926644,0.0,0.0,0.33611111111110936
002_20200624_083041(3),0,0,0.5174050632911392,0.4608433734939759,0.028481012658227847,0.030120481927710843,159.0,148.0,167.99999999999997,158.0,9.0,10.0,90.0,0.0008578618270550556,9.0,0.9,148.0,10.872030651340992,0.9990796835496976,0.0,0.0,0.2777777777777769
002_20200624_083041(3),1,0,0.5221518987341772,0.5271084337349398,0.0379746835443038,0.024096385542168676,159.0,171.0,171.0,179.0,12.0,8.0,96.00000000000001,0.0009150526155253928,8.0,1.5,145.0,6.322083333333339,1.006859447242658,0.0,0.0,0.2962962962962963
002_20200624_083041(3),2,0,0.5268987341772152,0.6054216867469879,0.03481012658227848,0.030120481927710843,161.00000000000003,196.0,172.0,205.99999999999997,11.0,10.0,110.0,0.0010484977886228459,10.0,1.1,126.00000000000003,8.03988269794722,0.8852059030290503,0.0,0.0,0.3055555555555539
002_20200624_083045(5),0,0,0.5894886363636364,0.4246987951807229,0.02556818181818182,0.030120481927710843,203.0,136.0,212.0,146.0,9.0,10.0,90.0,0.0007701259583789705,9.0,0.9,136.0,9.904214559386972,0.9218331219470556,0.0,0.0,0.2777777777777778
002_20200624_083045(5),1,0,0.5909090909090909,0.5240963855421686,0.022727272727272728,0.024096385542168676,204.0,169.99999999999997,212.0,178.0,8.0,8.0,64.0,0.0005476451259583791,8.0,1.0,140.0,15.785185185185185,1.5318094453739226,0.0,0.0,0.19753086419753157
002_20200624_083045(5),2,0,0.5852272727272727,0.3493975903614458,0.022727272727272728,0.024096385542168676,202.0,112.00000000000001,210.0,120.0,8.0,8.0,64.0,0.0005476451259583791,8.0,1.0,112.00000000000001,17.106490384615384,1.4116973626193492,0.0,0.0,0.19753086419753052
002_20200624_083045(8),0,0,0.49050632911392406,0.411144578313253,0.03164556962025317,0.03313253012048193,150.0,131.0,160.0,142.0,10.0,11.0,110.0,0.0010484977886228459,10.0,0.9090909090909091,131.0,17.24545454545455,1.4529957946644363,0.0,0.0,0.3055555555555556
002_20200624_083045(8),1,0,0.504746835443038,0.48493975903614456,0.028481012658227847,0.03614457831325301,155.0,155.0,164.0,166.99999999999997,9.0,12.0,108.0,0.0010294341924660668,9.0,0.75,152.0,12.1542413381123,0.9889658113000251,0.0,0.0,0.33333333333333254
002_20200624_083045(8),2,0,0.5158227848101266,0.5768072289156626,0.03164556962025317,0.0391566265060241,158.0,184.99999999999997,167.99999999999997,198.0,10.0,13.0,130.0,0.001239133750190636,10.0,0.7692307692307693,134.0,14.042857142857144,1.2542117140955475,0.14285714285714285,0.21428571428571427,0.4012345679012343
002_20200624_083049(6),0,0,0.5568181818181818,0.3539156626506024,0.022727272727272728,0.02710843373493976,192.0,113.0,199.99999999999997,122.0,8.0,9.0,72.0,0.0006161007667031764,8.0,0.8888888888888888,113.0,18.563888888888897,1.479164795700541,0.0,0.0,0.22222222222222143
002_20200624_083049(6),1,0,0.5696022727272727,0.42771084337349397,0.03125,0.030120481927710843,195.0,137.0,206.0,147.0,11.0,10.0,110.0,0.0009412650602409639,10.0,1.1,137.0,11.958357771260992,1.0817345965583531,0.0,0.0,0.3395061728395062
002_20200624_083049(6),2,0,0.5823863636363636,0.5210843373493976,0.028409090909090908,0.024096385542168676,200.00000000000003,169.0,210.0,177.00000000000003,10.0,8.0,80.0,0.0006845564074479737,8.0,1.25,142.0,14.566666666666663,1.4120197565266353,0.0,0.0,0.24691358024691376
002_20200624_083050(4),0,0,0.49050632911392406,0.45481927710843373,0.03164556962025317,0.030120481927710843,150.0,146.0,160.0,156.0,10.0,10.0,99.99999999999999,0.0009531798078389508,10.0,1.0,146.0,15.903333333333336,1.410436839535726,0.0,0.0,0.30864197530864196
002_20200624_083050(4),1,0,0.4920886075949367,0.5271084337349398,0.028481012658227847,0.030120481927710843,151.0,170.0,160.0,180.0,9.0,10.0,90.0,0.0008578618270550556,9.0,0.9,151.0,11.862068965517238,0.9942785392962166,0.0,0.0,0.25
002_20200624_083050(4),2,0,0.5015822784810127,0.625,0.03481012658227848,0.03313253012048193,153.0,202.0,164.0,213.0,11.0,11.0,121.00000000000001,0.0011533475674851304,11.0,1.0,119.0,11.667949380165297,1.287660717174569,0.0,0.0,0.33611111111111114
002_20200624_083053(3),0,0,0.5482954545454546,0.4292168674698795,0.022727272727272728,0.02710843373493976,189.00000000000003,138.0,197.0,147.0,8.0,9.0,72.0,0.0006161007667031764,8.0,0.8888888888888888,138.0,22.436111111111117,1.6753130147009552,0.0,0.0,0.22222222222222143
002_20200624_083053(3),1,0,0.5582386363636364,0.5015060240963856,0.019886363636363636,0.02710843373493976,193.0,162.0,199.99999999999997,171.0,7.0,9.0,63.0,0.0005390881708652793,7.0,0.7777777777777778,152.00000000000003,9.22387057387057,0.886060052811486,0.0,0.0,0.19444444444444364
002_20200624_083053(3),2,0,0.5724431818181818,0.5993975903614458,0.02556818181818182,0.024096385542168676,196.99999999999997,195.0,206.0,203.00000000000003,9.0,8.0,72.0,0.0006161007667031764,8.0,1.125,128.99999999999997,14.774712643678157,1.5834629829099938,0.0,0.1,0.2222222222222237
002_20200624_083054(9),0,0,0.48575949367088606,0.42319277108433734,0.04113924050632911,0.03313253012048193,147.0,135.0,160.0,146.0,13.0,11.0,143.0,0.0013630471252096996,11.0,1.1818181818181819,135.0,19.816844919786092,1.5900333606625174,0.0,0.0,0.3972222222222222
002_20200624_083054(9),1,0,0.4873417721518987,0.4954819277108434,0.02531645569620253,0.02710843373493976,150.0,160.0,158.0,169.0,8.0,9.0,72.0,0.0006862894616440446,8.0,0.8888888888888888,150.0,9.797222222222217,0.9742284128896059,0.0,0.0,0.2222222222222222
002_20200624_083054(9),2,0,0.49050632911392406,0.5963855421686747,0.03164556962025317,0.030120481927710843,150.0,193.0,160.0,202.99999999999997,10.0,10.0,99.99999999999999,0.0009531798078389508,10.0,1.0,129.00000000000003,13.780000000000001,1.4223900051570058,0.0,0.0,0.24999999999999928
002_20200624_083057(4),0,0,0.5965909090909091,0.35240963855421686,0.022727272727272728,0.024096385542168676,206.0,113.0,214.0,121.0,8.0,8.0,64.0,0.0005476451259583791,8.0,1.0,113.0,11.419951923076923,1.135359266931229,0.0,0.0,0.19753086419753085
002_20200624_083057(4),1,0,0.6036931818181818,0.4186746987951807,0.019886363636363636,0.024096385542168676,209.0,135.0,215.99999999999997,143.0,7.0,8.0,56.00000000000001,0.0004791894852135816,7.0,0.875,135.0,9.52428571428571,0.9840397409446889,0.0,0.0,0.1728395061728388
002_20200624_083057(4),2,0,0.6136363636363636,0.4954819277108434,0.028409090909090908,0.03313253012048193,211.00000000000003,159.0,221.0,170.0,10.0,11.0,110.0,0.0009412650602409639,10.0,0.9090909090909091,131.0,12.40733137829912,1.2643557169470307,0.0,0.0,0.3395061728395052
002_20200624_083101(4),0,0,0.5951704545454546,0.44879518072289154,0.02556818181818182,0.030120481927710843,205.0,143.99999999999997,214.00000000000003,154.0,9.0,10.0,90.0,0.0007701259583789705,9.0,0.9,137.99999999999997,13.172140762463343,1.077468926828071,0.0,0.0,0.2500000000000015
002_20200624_083101(4),1,0,0.6008522727272727,0.516566265060241,0.03125,0.02710843373493976,206.0,167.0,217.0,175.99999999999997,11.0,9.0,99.0,0.0008471385542168675,9.0,1.2222222222222223,135.0,12.715151515151518,1.2052290214748675,0.0,0.0,0.27499999999999913
002_20200624_083101(4),2,0,0.6079545454545454,0.5978915662650602,0.022727272727272728,0.02710843373493976,210.0,194.00000000000003,217.99999999999997,202.99999999999997,8.0,9.0,72.0,0.0006161007667031764,8.0,0.8888888888888888,129.00000000000003,9.923148148148144,0.982440146267468,0.0,0.0,0.22222222222222002
002_20200624_083105(5),0,0,0.609375,0.411144578313253,0.02556818181818182,0.02710843373493976,210.0,132.0,219.0,141.0,9.0,9.0,81.0,0.0006931133625410734,9.0,1.0,132.0,12.750617283950618,1.2471185096866635,0.0,0.0,0.225
002_20200624_083105(5),1,0,0.6178977272727273,0.4789156626506024,0.02556818181818182,0.030120481927710843,213.0,154.0,222.00000000000003,164.0,9.0,10.0,90.0,0.0007701259583789705,9.0,0.9,129.99999999999997,8.24666666666667,0.77224868867002,0.0,0.0,0.2500000000000008
002_20200624_083105(5),2,0,0.6264204545454546,0.5542168674698795,0.019886363636363636,0.024096385542168676,217.00000000000003,180.0,224.0,188.00000000000003,7.0,8.0,56.00000000000001,0.0004791894852135816,7.0,0.875,128.0,9.338644688644692,0.8703305537756022,0.0,0.0,0.15555555555555547
002_20200624_123122(6),0,0,0.5667613636363636,0.4563253012048193,0.03125,0.02710843373493976,194.0,147.0,205.0,156.0,11.0,9.0,99.0,0.0008471385542168675,9.0,1.2222222222222223,147.0,17.081919191919184,1.3923517479247558,0.0,0.0,0.275
002_20200624_123122(6),1,0,0.5752840909090909,0.5210843373493976,0.02556818181818182,0.024096385542168676,198.0,169.0,207.00000000000003,177.00000000000003,9.0,8.0,72.0,0.0006161007667031764,8.0,1.125,144.99999999999997,8.78429118773947,0.945503749168432,0.0,0.0,0.20000000000000134
002_20200624_123122(6),2,0,0.5809659090909091,0.6219879518072289,0.019886363636363636,0.03313253012048193,201.0,201.0,207.99999999999997,211.99999999999997,7.0,11.0,77.00000000000001,0.0006588855421686748,7.0,0.6363636363636364,120.00000000000003,20.509415584415578,2.1376735012621007,0.0,0.0,0.23765432098765274
002_20200624_123126(4),0,0,0.5582386363636364,0.3990963855421687,0.019886363636363636,0.02108433734939759,193.0,129.0,199.99999999999997,136.0,7.0,6.999999999999999,49.0,0.0004192907995618839,6.999999999999999,1.0000000000000002,129.0,14.159183673469386,1.3150628246727896,0.0,0.0,0.15123456790123396
002_20200624_123126(4),1,0,0.5738636363636364,0.5677710843373494,0.017045454545454544,0.02108433734939759,199.0,184.99999999999997,205.0,192.0,6.0,6.999999999999999,42.0,0.0003593921139101861,6.0,0.8571428571428572,140.0,12.274999999999991,1.0664341378902527,0.0,0.0,0.12962962962963015
002_20200624_123126(4),2,0,0.5653409090909091,0.47289156626506024,0.022727272727272728,0.024096385542168676,195.0,153.0,203.0,161.0,8.0,8.0,64.0,0.0005476451259583791,8.0,1.0,149.0,8.194471153846152,0.8350242802450454,0.0,0.0,0.19753086419753085
002_20200624_123129(9),0,0,0.546875,0.5406626506024096,0.019886363636363636,0.02710843373493976,189.00000000000003,175.0,195.99999999999997,183.99999999999997,7.0,9.0,63.0,0.0005390881708652793,7.0,0.7777777777777778,148.00000000000003,16.525396825396825,1.4121254527590845,0.0,0.0,0.19444444444444225
002_20200624_123129(9),1,0,0.5525568181818182,0.6114457831325302,0.019886363636363636,0.030120481927710843,191.00000000000003,198.00000000000003,198.0,208.0,7.0,10.0,70.0,0.000598986856516977,7.0,0.7,124.0,14.4968253968254,1.1183141657766162,0.0,0.0,0.2160493827160479
002_20200624_123129(9),2,0,0.5639204545454546,0.7078313253012049,0.02556818181818182,0.024096385542168676,194.0,231.0,203.00000000000003,239.00000000000003,9.0,8.0,72.0,0.0006161007667031764,8.0,1.125,92.99999999999997,13.918390804597706,1.4076516078832968,0.0,0.0,0.2222222222222237
002_20200624_123133(0),0,0,0.5894886363636364,0.5240963855421686,0.02556818181818182,0.030120481927710843,203.0,169.0,212.0,178.99999999999997,9.0,10.0,90.0,0.0007701259583789705,9.0,0.9,140.0,7.049808429118784,0.6993094698246151,0.0,0.0,0.277777777777777
002_20200624_123133(0),1,0,0.5909090909090909,0.5873493975903614,0.028409090909090908,0.024096385542168676,203.00000000000003,190.99999999999997,213.0,199.0,10.0,8.0,80.0,0.0006845564074479737,8.0,1.25,133.0,7.44597701149425,0.8541066970992024,0.0,0.0,0.20000000000000015
002_20200624_123133(0),2,0,0.5980113636363636,0.6656626506024096,0.019886363636363636,0.024096385542168676,207.00000000000003,216.99999999999997,214.0,225.0,7.0,8.0,56.00000000000001,0.0004791894852135816,7.0,0.875,107.0,4.648778998778994,0.486853770761653,0.0,0.0,0.1728395061728394
002_20200624_123136(5),0,0,0.6036931818181818,0.47740963855421686,0.02556818181818182,0.02710843373493976,207.99999999999997,154.0,217.0,163.0,9.0,9.0,81.0,0.0006931133625410734,9.0,1.0,135.0,15.627203065134097,1.56210583042153,0.0,0.0,0.2500000000000008
002_20200624_123136(5),1,0,0.6136363636363636,0.5406626506024096,0.022727272727272728,0.02710843373493976,212.0,175.0,220.0,183.99999999999997,8.0,9.0,72.0,0.0006161007667031764,8.0,0.8888888888888888,132.0,9.552777777777777,1.1526112773144008,0.0,0.0,0.22222222222222152
002_20200624_123136(5),2,0,0.6321022727272727,0.6189759036144579,0.02556818181818182,0.02710843373493976,217.99999999999997,201.00000000000003,227.0,210.0,9.0,9.0,81.0,0.0006931133625410734,9.0,1.0,122.0,8.639463601532569,0.8459244184077966,0.0,0.0,0.25
002_20200624_123143(7),0,0,0.5866477272727273,0.5210843373493976,0.03125,0.030120481927710843,201.0,168.00000000000003,212.0,178.0,11.0,10.0,110.0,0.0009412650602409639,10.0,1.1,140.0,19.15425219941349,1.669348158830594,0.0,0.0,0.3395061728395052
002_20200624_123143(7),1,0,0.5909090909090909,0.5858433734939759,0.028409090909090908,0.03313253012048193,203.00000000000003,189.0,213.0,199.99999999999997,10.0,11.0,110.0,0.0009412650602409639,10.0,0.9090909090909091,132.00000000000003,10.488269794721404,1.2048785096024017,0.0,0.0,0.3055555555555539
002_20200624_123143(7),2,0,0.5951704545454546,0.6656626506024096,0.02556818181818182,0.030120481927710843,205.0,216.0,214.00000000000003,225.99999999999997,9.0,10.0,90.0,0.0007701259583789705,9.0,0.9,106.00000000000003,11.043333333333337,1.0361679994584778,0.0,0.0,0.27777777777777785
002_20200624_123144(0),0,0,0.5284810126582279,0.41566265060240964,0.0379746835443038,0.03614457831325301,161.00000000000003,132.0,173.0,144.0,12.0,12.0,143.99999999999997,0.001372578923288089,12.0,1.0,132.0,18.784150326797388,1.6307303737134915,0.0,0.08333333333333333,0.44444444444444337
002_20200624_123144(0),1,0,0.5427215189873418,0.48042168674698793,0.04113924050632911,0.03313253012048193,165.0,154.0,178.0,165.0,13.0,11.0,143.0,0.0013630471252096996,11.0,1.1818181818181819,138.0,11.636548745372266,0.9809214762832362,0.0,0.07692307692307693,0.3972222222222222
002_20200624_123144(0),2,0,0.5506329113924051,0.5572289156626506,0.0379746835443038,0.030120481927710843,168.00000000000003,180.00000000000003,180.0,190.0,12.0,10.0,120.0,0.0011438157694067409,10.0,1.2,136.0,10.401041666666671,0.95814547956736,0.0,0.0,0.3333333333333316
002_20200624_123148(2),0,0,0.5110759493670886,0.4307228915662651,0.03481012658227848,0.030120481927710843,156.0,138.0,166.99999999999997,148.00000000000003,11.0,10.0,110.0,0.0010484977886228459,10.0,1.1,138.0,14.1610020661157,1.245978524974395,0.0,0.0,0.33950617283950624
002_20200624_123148(2),1,0,0.5142405063291139,0.5,0.028481012658227847,0.03614457831325301,157.99999999999997,160.0,166.99999999999997,172.0,9.0,12.0,108.0,0.0010294341924660668,9.0,0.75,149.00000000000003,17.45104166666667,1.5536814215352486,0.0,0.08333333333333333,0.3333333333333333
002_20200624_123148(2),2,0,0.5300632911392406,0.572289156626506,0.03481012658227848,0.03614457831325301,162.00000000000003,184.0,173.0,196.0,11.0,12.0,132.0,0.001258197346347415,11.0,0.9166666666666666,136.0,12.184848484848487,1.01136874964558,0.0,0.08333333333333333,0.3666666666666657
002_20200624_123152(7),0,0,0.5126582278481012,0.35240963855421686,0.03164556962025317,0.030120481927710843,157.0,111.99999999999999,166.99999999999997,122.0,10.0,10.0,99.99999999999999,0.0009531798078389508,10.0,1.0,111.99999999999999,14.165395894428158,1.527873804922121,0.0,0.0,0.3086419753086415
002_20200624_123152(7),1,0,0.5158227848101266,0.42168674698795183,0.0379746835443038,0.024096385542168676,157.0,136.0,169.0,144.0,12.0,8.0,96.00000000000001,0.0009150526155253928,8.0,1.5,136.0,9.015833333333333,1.1089157655542534,0.0,0.0,0.2962962962962963
002_20200624_123152(7),2,0,0.5174050632911392,0.5,0.04113924050632911,0.030120481927710843,157.0,161.0,170.0,171.0,13.0,10.0,130.0,0.0012391337501906359,10.0,1.3,146.0,13.002564102564108,1.199627043777711,0.0,0.0,0.3611111111111111
002_20200624_123157(4),0,0,0.509493670886076,0.29518072289156627,0.0379746835443038,0.030120481927710843,155.00000000000003,93.0,167.0,103.00000000000001,12.0,10.0,120.0,0.0011438157694067409,10.0,1.2,93.0,15.692424242424238,1.5086895601100592,0.0,0.0,0.33333333333333304
002_20200624_123157(4),1,0,0.49841772151898733,0.36596385542168675,0.03481012658227848,0.03313253012048193,152.0,116.0,163.0,127.0,11.0,11.0,121.00000000000001,0.0011533475674851304,11.0,1.0,116.0,11.733161157024796,1.0953207353524794,0.0,0.0,0.33611111111111114
002_20200624_123157(4),2,0,0.48417721518987344,0.4623493975903614,0.04430379746835443,0.03313253012048193,146.0,148.0,160.0,159.0,14.0,11.0,154.00000000000003,0.0014678969040719842,11.0,1.2727272727272727,146.0,15.988311688311683,1.6091811147583246,0.0,0.14285714285714285,0.42777777777777776
002_20200624_123201(7),0,0,0.504746835443038,0.3990963855421687,0.03481012658227848,0.02108433734939759,154.0,129.0,165.0,136.0,11.0,6.999999999999999,77.0,0.000733948452035992,6.999999999999999,1.5714285714285716,129.0,15.803246753246754,1.2898928980043463,0.0,0.09090909090909091,0.23765432098765432
002_20200624_123201(7),1,0,0.5126582278481012,0.46987951807228917,0.03164556962025317,0.03614457831325301,157.0,150.0,166.99999999999997,162.0,10.0,12.0,120.0,0.0011438157694067409,10.0,0.8333333333333334,149.00000000000003,15.151041666666671,1.3057637795055832,0.0,0.08333333333333333,0.3703703703703693
002_20200624_123201(7),2,0,0.5253164556962026,0.5662650602409639,0.0379746835443038,0.03614457831325301,160.0,182.00000000000003,172.0,194.00000000000003,12.0,12.0,143.99999999999997,0.001372578923288089,12.0,1.0,137.99999999999997,17.219047619047615,1.5017283368022538,0.0,0.07692307692307693,0.4
002_20200624_123206(2),0,0,0.5015822784810127,0.3689759036144578,0.03481012658227848,0.02710843373493976,153.0,118.0,164.0,127.0,11.0,9.0,99.0,0.0009436480097605612,9.0,1.2222222222222223,118.0,17.375454545454545,1.4873771158686402,0.0,0.0,0.3055555555555556
002_20200624_123206(2),1,0,0.5110759493670886,0.44879518072289154,0.03481012658227848,0.03614457831325301,156.0,143.0,166.99999999999997,155.0,11.0,12.0,132.0,0.001258197346347415,11.0,0.9166666666666666,143.0,11.88636363636364,1.0356621098664667,0.0,0.0,0.3666666666666657
002_20200624_123206(2),2,0,0.5174050632911392,0.5391566265060241,0.028481012658227847,0.030120481927710843,159.0,174.00000000000003,167.99999999999997,184.0,9.0,10.0,90.0,0.0008578618270550556,9.0,0.9,148.0,14.421072796934865,1.663422560682579,0.0,0.0,0.2499999999999985
002_20200624_162522(0),0,0,0.5795454545454546,0.5225903614457831,0.022727272727272728,0.02710843373493976,200.00000000000003,169.0,208.0,177.99999999999997,8.0,9.0,72.0,0.0006161007667031764,8.0,0.8888888888888888,144.0,19.459259259259255,1.6234547761735987,0.0,0.0,0.22222222222222074
002_20200624_162522(0),1,0,0.5880681818181818,0.5933734939759037,0.017045454545454544,0.024096385542168676,203.99999999999997,193.0,210.0,201.00000000000003,6.0,8.0,48.00000000000001,0.0004107338444687842,6.0,0.75,130.99999999999997,12.185836385836396,0.995078424185604,0.0,0.0,0.1481481481481494
002_20200624_162522(0),2,0,0.6036931818181818,0.6882530120481928,0.02556818181818182,0.02710843373493976,207.99999999999997,224.00000000000003,217.0,232.99999999999997,9.0,9.0,81.0,0.0006931133625410734,9.0,1.0,99.00000000000003,13.587739463601537,1.5666823204775056,0.0,0.0,0.24999999999999922
002_20200624_162527(8),0,0,0.5568181818181818,0.4503012048192771,0.022727272727272728,0.03313253012048193,192.0,144.0,199.99999999999997,155.0,8.0,11.0,88.0,0.0007530120481927711,8.0,0.7272727272727273,144.0,13.801959247648895,1.134146998108016,0.0,0.0,0.21999999999999922
002_20200624_162527(8),1,0,0.5710227272727273,0.5195783132530121,0.028409090909090908,0.02108433734939759,196.00000000000003,169.0,206.0,176.0,10.0,6.999999999999999,70.0,0.000598986856516977,6.999999999999999,1.4285714285714288,146.0,9.058201058201064,0.9178711760609897,0.0,0.0,0.21604938271604876
002_20200624_162527(8),2,0,0.5923295454545454,0.6129518072289156,0.019886363636363636,0.02710843373493976,205.0,199.0,211.99999999999997,207.99999999999997,7.0,9.0,63.0,0.0005390881708652793,7.0,0.7777777777777778,124.00000000000003,13.966483516483521,1.2498058982015545,0.0,0.0,0.19444444444444303
002_20200624_162531(7),0,0,0.5625,0.4789156626506024,0.028409090909090908,0.030120481927710843,193.0,154.0,203.0,164.0,10.0,10.0,99.99999999999999,0.0008556955093099671,10.0,1.0,149.0,20.64,1.7292213394908944,0.0,0.0,0.2777777777777778
002_20200624_162531(7),1,0,0.5767045454545454,0.5542168674698795,0.028409090909090908,0.024096385542168676,198.0,180.0,207.99999999999997,188.00000000000003,10.0,8.0,80.0,0.0006845564074479737,8.0,1.25,143.99999999999997,10.90574712643678,0.9779750990260406,0.0,0.0,0.24691358024691376
002_20200624_162531(7),2,0,0.5923295454545454,0.6490963855421686,0.019886363636363636,0.02108433734939759,205.0,211.99999999999997,211.99999999999997,219.0,7.0,6.999999999999999,49.0,0.0004192907995618839,6.999999999999999,1.0000000000000002,113.0,12.547428571428568,1.242079546314414,0.0,0.0,0.15123456790123457
002_20200624_162536(8),0,0,0.6022727272727273,0.44728915662650603,0.022727272727272728,0.02710843373493976,208.0,144.0,216.0,153.0,8.0,9.0,72.0,0.0006161007667031764,8.0,0.8888888888888888,136.0,15.108333333333334,1.304053833514305,0.0,0.0,0.2222222222222222
002_20200624_162536(8),1,0,0.6107954545454546,0.5135542168674698,0.022727272727272728,0.02710843373493976,211.00000000000003,165.99999999999997,219.0,174.99999999999997,8.0,9.0,72.0,0.0006161007667031764,8.0,0.8888888888888888,133.0,10.185714285714283,0.8330638465745482,0.0,0.0,0.22222222222222143
002_20200624_162536(8),2,0,0.6221590909090909,0.5933734939759037,0.017045454545454544,0.024096385542168676,216.0,193.0,222.00000000000003,201.00000000000003,6.0,8.0,48.00000000000001,0.0004107338444687842,6.0,0.75,129.99999999999997,5.87673992673993,0.5290634054296951,0.0,0.0,0.1481481481481494
002_20200624_162540(3),0,0,0.5852272727272727,0.5225903614457831,0.03409090909090909,0.03313253012048193,199.99999999999997,168.0,212.0,178.99999999999997,12.0,11.0,132.00000000000003,0.0011295180722891566,11.0,1.0909090909090908,140.0,19.429740847387905,1.7454098346488298,0.07692307692307693,0.15384615384615385,0.40740740740740733
002_20200624_162540(3),1,0,0.5923295454545454,0.5858433734939759,0.03125,0.02710843373493976,203.0,190.0,214.0,198.99999999999997,11.0,9.0,99.0,0.0008471385542168675,9.0,1.2222222222222223,133.00000000000003,10.298686868686872,1.470430923461311,0.0,0.0,0.27499999999999913
002_20200624_162540(3),2,0,0.6022727272727273,0.6671686746987951,0.028409090909090908,0.02710843373493976,207.00000000000003,217.0,217.0,225.99999999999997,10.0,9.0,90.0,0.0007701259583789705,9.0,1.1111111111111112,106.00000000000003,7.836398467432943,0.741109107637683,0.0,0.0,0.2777777777777761
002_20200624_162543(7),0,0,0.5951704545454546,0.5572289156626506,0.03125,0.030120481927710843,204.0,180.00000000000003,215.0,190.0,11.0,10.0,110.0,0.0009412650602409639,10.0,1.1,137.0,15.938709677419354,1.7875664117072068,0.0,0.09090909090909091,0.3395061728395052
002_20200624_162543(7),1,0,0.6065340909090909,0.6174698795180723,0.03125,0.03614457831325301,208.0,199.0,219.0,211.0,11.0,12.0,132.0,0.0011295180722891566,11.0,0.9166666666666666,121.0,11.274242424242416,1.189200677467315,0.0,0.09090909090909091,0.4074074074074074
002_20200624_162543(7),2,0,0.6235795454545454,0.6957831325301205,0.02556818181818182,0.030120481927710843,214.99999999999997,226.0,224.0,236.0,9.0,10.0,90.0,0.0007701259583789705,9.0,0.9,96.0,7.433333333333337,0.708425528220698,0.0,0.1,0.2777777777777787
002_20200624_162708(9),0,0,0.5284810126582279,0.4623493975903614,0.03164556962025317,0.03313253012048193,162.00000000000003,148.0,172.0,159.0,10.0,11.0,110.0,0.0010484977886228459,10.0,0.9090909090909091,144.0,13.529618768328447,1.3556355160804678,0.0,0.0,0.3055555555555547
002_20200624_162708(9),1,0,0.5348101265822784,0.5286144578313253,0.03164556962025317,0.02710843373493976,164.0,171.00000000000003,173.99999999999997,180.0,10.0,9.0,90.0,0.0008578618270550558,9.0,1.1111111111111112,142.00000000000003,7.446360153256705,0.9702267106392173,0.0,0.0,0.2777777777777761
002_20200624_162708(9),2,0,0.5458860759493671,0.6099397590361446,0.03481012658227848,0.03313253012048193,167.0,197.00000000000003,178.0,208.0,11.0,11.0,121.00000000000001,0.0011533475674851304,11.0,1.0,124.0,11.370583677685957,1.0786920050851831,0.0,0.09090909090909091,0.37345679012345584
002_20200624_162713(4),0,0,0.5395569620253164,0.4307228915662651,0.04113924050632911,0.030120481927710843,164.0,138.0,177.0,148.00000000000003,13.0,10.0,130.0,0.0012391337501906359,10.0,1.3,138.0,15.08449197860962,1.2880921546995998,0.0,0.0,0.36111111111111216
002_20200624_162713(4),1,0,0.5411392405063291,0.49849397590361444,0.0379746835443038,0.02710843373493976,165.0,161.0,177.0,169.99999999999997,12.0,9.0,108.0,0.0010294341924660668,9.0,1.3333333333333333,139.0,10.031003584229381,1.323517948376068,0.0,0.0,0.33333333333333226
002_20200624_162713(4),2,0,0.5443037974683544,0.5753012048192772,0.03164556962025317,0.030120481927710843,167.0,186.00000000000003,177.0,196.0,10.0,10.0,99.99999999999999,0.0009531798078389508,10.0,1.0,136.0,12.136666666666656,1.2284907774270573,0.0,0.0,0.3086419753086411
002_20200624_162717(9),0,0,0.5189873417721519,0.3795180722891566,0.03164556962025317,0.030120481927710843,159.0,121.0,169.0,131.0,10.0,10.0,99.99999999999999,0.0009531798078389508,10.0,1.0,121.0,16.62333333333332,1.6947051311807777,0.0,0.0,0.30864197530864196
002_20200624_162717(9),1,0,0.5237341772151899,0.4503012048192771,0.028481012658227847,0.03313253012048193,161.00000000000003,144.0,170.0,155.0,9.0,11.0,99.00000000000001,0.0009436480097605612,9.0,0.8181818181818182,144.0,10.230909090909094,1.0439197266820992,0.0,0.0,0.3055555555555546
002_20200624_162717(9),2,0,0.5316455696202531,0.5271084337349398,0.02531645569620253,0.030120481927710843,164.0,170.0,171.99999999999997,180.0,8.0,10.0,80.0,0.0007625438462711605,8.0,0.8,144.00000000000003,6.910714285714292,0.6709727971063795,0.0,0.0,0.2469135802469127
002_20200624_162722(4),0,0,0.4810126582278481,0.35993975903614456,0.0379746835443038,0.03313253012048193,146.0,114.0,158.0,124.99999999999999,12.0,11.0,132.00000000000003,0.0012581973463474151,11.0,1.0909090909090908,114.0,20.27424242424243,1.8372676519294686,0.0,0.08333333333333333,0.4074074074074069
002_20200624_162722(4),1,0,0.49050632911392406,0.4307228915662651,0.03164556962025317,0.030120481927710843,150.0,138.0,160.0,148.00000000000003,10.0,10.0,99.99999999999999,0.0009531798078389508,10.0,1.0,138.0,12.451906158357772,1.076880581820856,0.0,0.0,0.30864197530864285
002_20200624_162722(4),2,0,0.504746835443038,0.5271084337349398,0.03481012658227848,0.03614457831325301,154.0,169.0,165.0,181.0,11.0,12.0,132.0,0.001258197346347415,11.0,0.9166666666666666,151.0,11.663636363636357,1.1404761728421609,0.0,0.0,0.4074074074074074
002_20200624_203003(9),0,0,0.5738636363636364,0.48493975903614456,0.028409090909090908,0.03614457831325301,197.0,155.0,206.99999999999997,166.99999999999997,10.0,12.0,120.0,0.0010268346111719604,10.0,0.8333333333333334,145.00000000000003,23.88749999999999,2.141022068954389,0.0,0.0,0.37037037037036846
002_20200624_203003(9),1,0,0.5866477272727273,0.5557228915662651,0.02556818181818182,0.03313253012048193,202.0,179.0,211.00000000000003,190.0,9.0,11.0,99.00000000000001,0.0008471385542168676,9.0,0.8181818181818182,140.99999999999997,14.222873900293251,1.2403186605426424,0.0,0.0,0.27500000000000085
002_20200624_203003(9),2,0,0.6051136363636364,0.6475903614457831,0.022727272727272728,0.030120481927710843,209.0,210.0,217.0,219.99999999999997,8.0,10.0,80.0,0.0006845564074479737,8.0,0.8,112.00000000000003,13.51428571428572,1.1622182475896525,0.0,0.0,0.24691358024691287
002_20200624_203012(9),0,0,0.5639204545454546,0.38403614457831325,0.02556818181818182,0.03313253012048193,194.0,122.0,203.00000000000003,133.0,9.0,11.0,99.00000000000001,0.0008471385542168676,9.0,0.8181818181818182,122.0,17.82375366568914,1.4678035567128567,0.0,0.0,0.27500000000000085
002_20200624_203012(9),1,0,0.5625,0.4608433734939759,0.028409090909090908,0.030120481927710843,193.0,148.0,203.0,158.0,10.0,10.0,99.99999999999999,0.0008556955093099671,10.0,1.0,148.0,13.370000000000005,1.2800905346389075,0.0,0.0,0.30864197530864196
002_20200624_203012(9),2,0,0.5639204545454546,0.5572289156626506,0.03125,0.030120481927710843,193.0,180.00000000000003,204.0,190.0,11.0,10.0,110.0,0.0009412650602409639,10.0,1.1,142.0,18.65219941348974,1.7723714856623478,0.0,0.0,0.3055555555555547
002_20200624_203017(4),0,0,0.5696022727272727,0.40512048192771083,0.036931818181818184,0.0391566265060241,194.0,127.99999999999999,206.99999999999997,141.0,13.0,13.0,169.0,0.0014461254107338446,13.0,1.0,127.99999999999999,23.826462726462736,2.1416877676276806,0.07142857142857142,0.2087912087912088,0.4694444444444439
002_20200624_203017(4),1,0,0.5696022727272727,0.47289156626506024,0.02556818181818182,0.024096385542168676,195.99999999999997,153.0,205.0,161.0,9.0,8.0,72.0,0.0006161007667031764,8.0,1.125,147.0,13.373214285714283,1.334071835950503,0.0,0.0,0.22222222222222293
002_20200624_203017(4),2,0,0.5752840909090909,0.5707831325301205,0.03125,0.02710843373493976,197.0,185.00000000000003,208.0,193.99999999999997,11.0,9.0,99.0,0.0008471385542168675,9.0,1.2222222222222223,138.00000000000003,15.543939393939397,1.6790471594456806,0.0,0.0,0.30555555555555364
002_20200624_203021(9),0,0,0.5539772727272727,0.44728915662650603,0.028409090909090908,0.03313253012048193,190.0,143.0,199.99999999999997,154.0,10.0,11.0,110.0,0.0009412650602409639,10.0,0.9090909090909091,143.0,18.03431085043988,1.468940563108075,0.0,0.0,0.3395061728395052
002_20200624_203021(9),1,0,0.5681818181818182,0.5256024096385542,0.028409090909090908,0.02710843373493976,195.00000000000003,170.0,205.0,178.99999999999997,10.0,9.0,90.0,0.0007701259583789705,9.0,1.1111111111111112,147.0,8.646360153256708,1.0336328407884225,0.0,0.0,0.2499999999999985
002_20200624_203021(9),2,0,0.5852272727272727,0.6144578313253012,0.028409090909090908,0.030120481927710843,201.0,199.0,210.99999999999997,208.99999999999997,10.0,10.0,99.99999999999999,0.0008556955093099671,10.0,1.0,123.00000000000003,16.74000000000001,1.6630549739094604,0.0,0.0,0.30864197530864024
002_20200624_203026(4),0,0,0.5696022727272727,0.49096385542168675,0.02556818181818182,0.030120481927710843,195.99999999999997,158.0,205.0,168.0,9.0,10.0,90.0,0.0007701259583789705,9.0,0.9,147.0,21.36666666666666,1.8260242251271663,0.0,0.0,0.2777777777777787
002_20200624_203026(4),1,0,0.5866477272727273,0.5662650602409639,0.02556818181818182,0.030120481927710843,202.0,183.00000000000003,211.00000000000003,193.0,9.0,10.0,90.0,0.0007701259583789705,9.0,0.9,139.0,9.556666666666672,0.8136869905116013,0.0,0.0,0.27777777777777785
002_20200624_203026(4),2,0,0.6051136363636364,0.6536144578313253,0.022727272727272728,0.030120481927710843,209.0,212.00000000000003,217.0,222.0,8.0,10.0,80.0,0.0006845564074479737,8.0,0.8,110.0,12.310714285714283,1.0481749761526902,0.0,0.0,0.24691358024691287
002_20200624_203044(4),0,0,0.5653409090909091,0.4352409638554217,0.03409090909090909,0.03313253012048193,192.99999999999997,139.00000000000003,205.0,150.0,12.0,11.0,132.00000000000003,0.0011295180722891566,11.0,1.0909090909090908,139.00000000000003,20.975565610859718,1.8103782067409226,0.0,0.07692307692307693,0.40740740740740733
002_20200624_203044(4),1,0,0.5653409090909091,0.516566265060241,0.03409090909090909,0.02710843373493976,192.99999999999997,167.0,205.0,175.99999999999997,12.0,9.0,108.0,0.0009241511500547644,9.0,1.3333333333333333,147.0,15.266506410256412,1.6295751640108287,0.0,0.07692307692307693,0.3333333333333331
002_20200624_203044(4),2,0,0.5767045454545454,0.608433734939759,0.028409090909090908,0.030120481927710843,198.0,197.00000000000003,207.99999999999997,207.0,10.0,10.0,99.99999999999999,0.0008556955093099671,10.0,1.0,125.0,10.113333333333344,0.9281752430993981,0.0,0.0,0.30864197530864024
002_20200624_203111(4),0,0,0.5443037974683544,0.4503012048192771,0.0379746835443038,0.02710843373493976,166.0,145.0,178.0,154.0,12.0,9.0,108.0,0.0010294341924660668,9.0,1.3333333333333333,138.0,12.515591397849462,1.1947858372247506,0.0,0.0,0.27
002_20200624_203111(4),1,0,0.5458860759493671,0.516566265060241,0.028481012658227847,0.03313253012048193,168.00000000000003,166.0,177.0,177.0,9.0,11.0,99.00000000000001,0.0009436480097605612,9.0,0.8181818181818182,139.0,8.354040404040404,1.114733748682854,0.0,0.0,0.27499999999999913
002_20200624_203111(4),2,0,0.555379746835443,0.5978915662650602,0.03481012658227848,0.03313253012048193,170.0,193.0,180.99999999999997,204.0,11.0,11.0,121.00000000000001,0.0011533475674851304,11.0,1.0,128.0,10.349948347107443,0.9882449379805197,0.0,0.0,0.3024999999999992
002_20200624_203114(3),0,0,0.49683544303797467,0.4186746987951807,0.02531645569620253,0.030120481927710843,153.0,134.0,160.99999999999997,144.0,8.0,10.0,80.0,0.0007625438462711605,8.0,0.8,134.0,8.223214285714292,0.7108743340151353,0.0,0.0,0.06249999999999978
002_20200624_203114(3),1,0,0.5126582278481012,0.48493975903614456,0.02531645569620253,0.030120481927710843,157.99999999999997,156.0,165.99999999999997,166.0,8.0,10.0,80.0,0.0007625438462711605,8.0,0.8,150.00000000000003,10.654022988505758,1.000874509033518,0.0,0.0,0.0625
002_20200624_203114(3),2,0,0.5379746835443038,0.5572289156626506,0.0379746835443038,0.030120481927710843,164.0,180.00000000000003,176.0,190.0,12.0,10.0,120.0,0.0011438157694067409,10.0,1.2,140.0,7.777083333333337,0.7091656965140828,0.0,0.08333333333333333,0.3703703703703693
002_20200624_203117(3),0,0,0.49841772151898733,0.3810240963855422,0.03481012658227848,0.03313253012048193,152.0,121.00000000000001,163.0,132.0,11.0,11.0,121.00000000000001,0.0011533475674851304,11.0,1.0,121.00000000000001,12.841554752066116,1.182610390959751,0.0,0.0,0.3361111111111107
002_20200624_203117(3),1,0,0.5142405063291139,0.4442771084337349,0.028481012658227847,0.03313253012048193,157.99999999999997,142.0,166.99999999999997,153.0,9.0,11.0,99.00000000000001,0.0009436480097605612,9.0,0.8181818181818182,142.0,9.981524926686205,1.236336771803758,0.0,0.0,0.275
002_20200624_203117(3),2,0,0.5395569620253164,0.5195783132530121,0.04113924050632911,0.03313253012048193,164.0,167.0,177.0,178.0,13.0,11.0,143.0,0.0013630471252096996,11.0,1.1818181818181819,139.0,9.996955985191278,0.9082952795699574,0.0,0.0,0.3972222222222222
002_20200624_203120(3),0,0,0.5268987341772152,0.3885542168674699,0.03481012658227848,0.024096385542168676,161.00000000000003,125.0,172.0,133.0,11.0,8.0,88.0,0.0008387982308982766,8.0,1.375,125.0,10.024373040752351,1.1347953968497893,0.0,0.0,0.27160493827160426
002_20200624_203120(3),1,0,0.5395569620253164,0.4503012048192771,0.03481012658227848,0.02108433734939759,165.0,146.0,176.0,153.0,11.0,6.999999999999999,77.0,0.000733948452035992,6.999999999999999,1.5714285714285716,140.0,8.31103896103896,1.1705906212405526,0.0,0.0,0.23765432098765432
002_20200624_203120(3),2,0,0.560126582278481,0.5256024096385542,0.03164556962025317,0.02710843373493976,172.0,170.0,182.0,178.99999999999997,10.0,9.0,90.0,0.0008578618270550558,9.0,1.1111111111111112,134.0,7.75210727969349,0.8063037858682894,0.0,0.0,0.24999999999999922
002_20200624_203123(3),0,0,0.5015822784810127,0.42319277108433734,0.03481012658227848,0.0391566265060241,153.0,134.0,164.0,147.0,11.0,13.0,143.0,0.0013630471252096994,11.0,0.8461538461538461,134.0,13.590559440559446,1.1244076070215485,0.0,0.02097902097902098,0.275
002_20200624_203123(3),1,0,0.5142405063291139,0.4894578313253012,0.03481012658227848,0.02710843373493976,157.0,158.0,167.99999999999997,166.99999999999997,11.0,9.0,99.0,0.0009436480097605612,9.0,1.2222222222222223,148.00000000000003,11.609494949494945,1.2416909327884453,0.0,0.0,0.3055555555555538
002_20200624_203123(3),2,0,0.5332278481012658,0.5662650602409639,0.03481012658227848,0.03614457831325301,163.0,182.00000000000003,173.99999999999997,194.00000000000003,11.0,12.0,132.0,0.001258197346347415,11.0,0.9166666666666666,137.99999999999997,10.864191690662281,0.9096606700769652,0.0,0.0,0.3666666666666657
002_20200624_203126(3),0,0,0.5205696202531646,0.4126506024096386,0.03481012658227848,0.024096385542168676,159.0,133.0,170.0,141.0,11.0,8.0,88.0,0.0008387982308982766,8.0,1.375,133.0,13.7346394984326,1.394644733262148,0.0,0.0,0.2716049382716049
002_20200624_203126(3),1,0,0.5379746835443038,0.4743975903614458,0.03164556962025317,0.0391566265060241,165.0,151.0,174.99999999999997,164.0,10.0,13.0,130.0,0.001239133750190636,10.0,0.7692307692307693,141.00000000000003,9.678787878787873,0.9346459319876584,0.0,0.0,0.32499999999999907
002_20200624_203126(3),2,0,0.5569620253164557,0.5451807228915663,0.03164556962025317,0.03614457831325301,171.0,175.0,180.99999999999997,187.0,10.0,12.0,120.0,0.0011438157694067409,10.0,0.8333333333333334,135.00000000000003,10.705208333333346,0.9629730708494202,0.0,0.0,0.33333333333333237
002_20200625_003116(4),0,0,0.5710227272727273,0.5225903614457831,0.028409090909090908,0.03313253012048193,196.00000000000003,168.0,206.0,178.99999999999997,10.0,11.0,110.0,0.0009412650602409639,10.0,0.9090909090909091,146.0,21.756011730205273,1.7018980205624508,0.0,0.0,0.3055555555555539
002_20200625_003116(4),1,0,0.5809659090909091,0.6009036144578314,0.019886363636363636,0.02710843373493976,201.0,195.00000000000003,207.99999999999997,204.0,7.0,9.0,63.0,0.0005390881708652793,7.0,0.7777777777777778,128.0,9.841086691086687,0.902403544640942,0.0,0.0,0.19444444444444303
002_20200625_003116(4),2,0,0.59375,0.697289156626506,0.03409090909090909,0.02710843373493976,203.0,227.00000000000003,215.0,236.0,12.0,9.0,108.0,0.0009241511500547644,9.0,1.3333333333333333,96.0,12.007646356033447,1.3037516824719984,0.0,0.0,0.33333333333333226
002_20200625_003120(7),0,0,0.5681818181818182,0.3539156626506024,0.03977272727272727,0.03313253012048193,193.0,112.00000000000001,207.00000000000003,123.0,14.0,11.0,154.00000000000003,0.0013177710843373495,11.0,1.2727272727272727,112.00000000000001,19.871969696969686,1.7115965967379259,0.0,0.06666666666666667,0.4277777777777781
002_20200625_003120(7),1,0,0.5696022727272727,0.42620481927710846,0.02556818181818182,0.03313253012048193,195.99999999999997,136.0,205.0,147.0,9.0,11.0,99.00000000000001,0.0008471385542168676,9.0,0.8181818181818182,136.0,16.933724340175957,1.4823783728677749,0.0,0.0,0.3055555555555565
002_20200625_003120(7),2,0,0.5752840909090909,0.5180722891566265,0.03125,0.03614457831325301,197.0,166.0,208.0,178.0,11.0,12.0,132.0,0.0011295180722891566,11.0,0.9166666666666666,144.0,18.23181818181817,1.778679769172545,0.0,0.08333333333333333,0.4074074074074074
002_20200625_003125(4),0,0,0.5767045454545454,0.42319277108433734,0.028409090909090908,0.03313253012048193,198.0,135.0,207.99999999999997,146.0,10.0,11.0,110.0,0.0009412650602409639,10.0,0.9090909090909091,135.0,19.921700879765396,1.6666270565121384,0.0,0.0,0.3395061728395052
002_20200625_003125(4),1,0,0.5838068181818182,0.49698795180722893,0.02556818181818182,0.030120481927710843,201.0,160.0,210.00000000000003,170.0,9.0,10.0,90.0,0.0007701259583789705,9.0,0.9,141.99999999999997,11.190000000000012,1.0389575583382304,0.0,0.0,0.2777777777777787
002_20200625_003125(4),2,0,0.5965909090909091,0.5903614457831325,0.028409090909090908,0.030120481927710843,205.0,191.00000000000003,214.99999999999997,201.0,10.0,10.0,99.99999999999999,0.0008556955093099671,10.0,1.0,131.0,14.679999999999993,1.468647914623319,0.0,0.0,0.30864197530864024
002_20200625_003130(0),0,0,0.5653409090909091,0.3539156626506024,0.028409090909090908,0.02710843373493976,194.0,113.0,203.99999999999997,122.0,10.0,9.0,90.0,0.0007701259583789705,9.0,1.1111111111111112,113.0,16.51379310344828,1.3863328220167153,0.0,0.0,0.277777777777777
002_20200625_003130(0),1,0,0.5696022727272727,0.4246987951807229,0.02556818181818182,0.030120481927710843,195.99999999999997,136.0,205.0,146.0,9.0,10.0,90.0,0.0007701259583789705,9.0,0.9,136.0,12.416666666666671,1.1074714190283612,0.0,0.0,0.2777777777777787
002_20200625_003130(0),2,0,0.578125,0.5225903614457831,0.02556818181818182,0.02710843373493976,199.0,169.0,208.0,177.99999999999997,9.0,9.0,81.0,0.0006931133625410734,9.0,1.0,144.0,10.976543209876539,1.0290924648910402,0.0,0.0,0.24999999999999922
002_20200625_003134(4),0,0,0.5767045454545454,0.41566265060240964,0.028409090909090908,0.03614457831325301,198.0,132.0,207.99999999999997,144.0,10.0,12.0,120.0,0.0010268346111719604,10.0,0.8333333333333334,132.0,19.762500000000003,1.701185333385847,0.0,0.08333333333333333,0.3703703703703693
002_20200625_003134(4),1,0,0.5809659090909091,0.4894578313253012,0.02556818181818182,0.03313253012048193,199.99999999999997,157.0,209.0,168.0,9.0,11.0,99.00000000000001,0.0008471385542168676,9.0,0.8181818181818182,143.0,12.840175953079182,1.1536889276946511,0.0,0.0,0.3055555555555565
002_20200625_003134(4),2,0,0.5852272727272727,0.5858433734939759,0.028409090909090908,0.03313253012048193,201.0,189.0,210.99999999999997,199.99999999999997,10.0,11.0,110.0,0.0009412650602409639,10.0,0.9090909090909091,132.00000000000003,16.75131964809384,1.592860618655855,0.0,0.0,0.33950617283950435
002_20200625_003139(0),0,0,0.5767045454545454,0.5030120481927711,0.028409090909090908,0.030120481927710843,198.0,162.0,207.99999999999997,172.0,10.0,10.0,99.99999999999999,0.0008556955093099671,10.0,1.0,144.00000000000003,17.75333333333333,1.4901038054265219,0.0,0.0,0.3086419753086411
002_20200625_003139(0),1,0,0.5809659090909091,0.5828313253012049,0.03125,0.02710843373493976,199.0,189.00000000000003,210.0,198.0,11.0,9.0,99.0,0.0008471385542168675,9.0,1.2222222222222223,134.0,13.941414141414143,1.3578725622383783,0.0,0.0,0.3055555555555546
002_20200625_003139(0),2,0,0.59375,0.6746987951807228,0.028409090909090908,0.024096385542168676,204.0,219.99999999999997,214.0,228.0,10.0,8.0,80.0,0.0006845564074479737,8.0,1.25,104.0,14.008045977011491,1.4622162868855109,0.0,0.0,0.24691358024691445
002_20200625_003352(9),0,0,0.4920886075949367,0.4442771084337349,0.028481012658227847,0.03313253012048193,151.0,142.0,160.0,153.0,9.0,11.0,99.00000000000001,0.0009436480097605612,9.0,0.8181818181818182,142.0,20.119191919191906,1.5978574368711234,0.0,0.0,0.275
002_20200625_003352(9),1,0,0.5031645569620253,0.5210843373493976,0.03164556962025317,0.024096385542168676,154.0,169.0,164.0,177.00000000000003,10.0,8.0,80.0,0.0007625438462711606,8.0,1.25,152.0,9.18007662835248,0.9632331779232968,0.0,0.0,0.24691358024691445
002_20200625_003352(9),2,0,0.5110759493670886,0.6189759036144579,0.03481012658227848,0.02710843373493976,156.0,201.00000000000003,166.99999999999997,210.0,11.0,9.0,99.0,0.0009436480097605612,9.0,1.2222222222222223,122.0,14.139494949494946,1.334465486453462,0.0,0.0,0.2749999999999984
002_20200625_003357(4),0,0,0.5079113924050633,0.4397590361445783,0.028481012658227847,0.030120481927710843,156.0,140.99999999999997,165.0,151.0,9.0,10.0,90.0,0.0008578618270550556,9.0,0.9,140.99999999999997,17.607777777777784,1.4086221596167947,0.0,0.09090909090909091,0.27777777777777857
002_20200625_003357(4),1,0,0.5158227848101266,0.516566265060241,0.03164556962025317,0.02710843373493976,158.0,167.0,167.99999999999997,175.99999999999997,10.0,9.0,90.0,0.0008578618270550558,9.0,1.1111111111111112,148.00000000000003,9.437164750957848,0.9866582621184519,0.0,0.0,0.2777777777777761
002_20200625_003357(4),2,0,0.5205696202531646,0.6129518072289156,0.028481012658227847,0.02710843373493976,160.0,199.0,169.0,207.99999999999997,9.0,9.0,81.0,0.0007720756443495501,9.0,1.0,124.00000000000003,13.07142857142857,1.3289510188838856,0.0,0.0,0.24999999999999922
002_20200625_003401(8),0,0,0.5015822784810127,0.4442771084337349,0.03481012658227848,0.02710843373493976,153.0,143.0,164.0,152.0,11.0,9.0,99.0,0.0009436480097605612,9.0,1.2222222222222223,143.0,16.84282828282828,1.47497287100323,0.0,0.0,0.275
002_20200625_003401(8),1,0,0.5079113924050633,0.516566265060241,0.03481012658227848,0.03313253012048193,155.00000000000003,166.0,166.0,177.0,11.0,11.0,121.00000000000001,0.0011533475674851304,11.0,1.0,150.0,11.753848140495876,1.3681528920629318,0.0,0.0,0.33611111111111025
002_20200625_003401(8),2,0,0.5174050632911392,0.6144578313253012,0.03481012658227848,0.030120481927710843,158.0,199.0,169.0,208.99999999999997,11.0,10.0,110.0,0.0010484977886228459,10.0,1.1,123.00000000000003,14.051319648093838,1.4777768476827529,0.0,0.0,0.3055555555555547
002_20200625_003406(3),0,0,0.4889240506329114,0.4503012048192771,0.03481012658227848,0.02710843373493976,149.0,145.0,160.0,154.0,11.0,9.0,99.0,0.0009436480097605612,9.0,1.2222222222222223,145.0,17.911616161616166,1.513683099418309,0.0,0.0,0.3055555555555556
002_20200625_003406(3),1,0,0.49683544303797467,0.5195783132530121,0.03164556962025317,0.02710843373493976,152.0,168.00000000000003,162.0,177.0,10.0,9.0,90.0,0.0008578618270550558,9.0,1.1111111111111112,152.0,10.497701149425296,1.1431258476219628,0.0,0.0,0.24999999999999922
002_20200625_003406(3),2,0,0.5063291139240507,0.6159638554216867,0.03164556962025317,0.03313253012048193,155.00000000000003,199.0,165.0,210.0,10.0,11.0,110.0,0.0010484977886228459,10.0,0.9090909090909091,122.0,14.378005865102637,1.5683127765999016,0.0,0.0,0.3395061728395052
002_20200625_003410(8),0,0,0.5063291139240507,0.44126506024096385,0.03164556962025317,0.03313253012048193,155.00000000000003,141.0,165.0,152.0,10.0,11.0,110.0,0.0010484977886228459,10.0,0.9090909090909091,141.0,18.936950146627566,1.7342023500237174,0.0,0.0,0.3395061728395052
002_20200625_003410(8),1,0,0.5110759493670886,0.5135542168674698,0.03481012658227848,0.02710843373493976,156.0,165.99999999999997,166.99999999999997,174.99999999999997,11.0,9.0,99.0,0.0009436480097605612,9.0,1.2222222222222223,149.00000000000003,13.252785923753677,1.274033829404828,0.0,0.0,0.2749999999999993
002_20200625_003410(8),2,0,0.5189873417721519,0.6099397590361446,0.03164556962025317,0.03313253012048193,159.0,197.00000000000003,169.0,208.0,10.0,11.0,110.0,0.0010484977886228459,10.0,0.9090909090909091,124.0,14.885923753665693,1.5594386506729903,0.0,0.0,0.3395061728395053
002_20200625_003415(4),0,0,0.4825949367088608,0.4442771084337349,0.028481012658227847,0.02710843373493976,148.0,143.0,157.0,152.0,9.0,9.0,81.0,0.0007720756443495501,9.0,1.0,143.0,15.767063492063485,1.3821990772923414,0.0,0.0,0.25
002_20200625_003415(4),1,0,0.4889240506329114,0.516566265060241,0.03481012658227848,0.02710843373493976,149.0,167.0,160.0,175.99999999999997,11.0,9.0,99.0,0.0009436480097605612,9.0,1.2222222222222223,149.0,11.639191919191916,1.2631623172382642,0.0,0.0,0.3055555555555546
002_20200625_003415(4),2,0,0.49683544303797467,0.6144578313253012,0.0379746835443038,0.030120481927710843,151.0,199.0,163.0,208.99999999999997,12.0,10.0,120.0,0.0011438157694067409,10.0,1.2,123.00000000000003,15.327083333333334,1.6183470763481405,0.0,0.0,0.29999999999999916
002_20200625_042934(9),0,0,0.5340909090909091,0.4608433734939759,0.028409090909090908,0.030120481927710843,183.0,148.0,192.99999999999997,158.0,10.0,10.0,99.99999999999999,0.0008556955093099671,10.0,1.0,148.0,20.409999999999997,1.656783790059504,0.0,0.0,0.3086419753086411
002_20200625_042934(9),1,0,0.5511363636363636,0.5331325301204819,0.028409090909090908,0.030120481927710843,189.00000000000003,172.0,199.0,181.99999999999997,10.0,10.0,99.99999999999999,0.0008556955093099671,10.0,1.0,150.00000000000003,14.820000000000007,1.3686018021130375,0.0,0.0,0.30864197530864024
002_20200625_042934(9),2,0,0.5752840909090909,0.6234939759036144,0.03125,0.030120481927710843,197.0,202.0,208.0,211.99999999999997,11.0,10.0,110.0,0.0009412650602409639,10.0,1.1,120.00000000000003,17.946041055718467,1.6196725430201364,0.0,0.0,0.3395061728395052
002_20200625_042939(2),0,0,0.5625,0.41566265060240964,0.028409090909090908,0.030120481927710843,193.0,133.0,203.0,143.0,10.0,10.0,99.99999999999999,0.0008556955093099671,10.0,1.0,133.0,20.986666666666665,1.787202238892557,0.0,0.0,0.2777777777777778
002_20200625_042939(2),1,0,0.5667613636363636,0.4939759036144578,0.02556818181818182,0.030120481927710843,195.0,159.0,204.0,169.0,9.0,10.0,90.0,0.0007701259583789705,9.0,0.9,148.0,12.092337164750958,1.1123368787603185,0.0,0.0,0.2777777777777778
002_20200625_042939(2),2,0,0.578125,0.5858433734939759,0.02556818181818182,0.03313253012048193,199.0,189.0,208.0,199.99999999999997,9.0,11.0,99.00000000000001,0.0008471385542168676,9.0,0.8181818181818182,132.00000000000003,13.900505050505046,1.256521414591389,0.0,0.0,0.30555555555555475
002_20200625_042943(7),0,0,0.5795454545454546,0.375,0.028409090909090908,0.03313253012048193,199.00000000000003,119.0,209.0,130.0,10.0,11.0,110.0,0.0009412650602409639,10.0,0.9090909090909091,119.0,22.253958944281536,1.751475107242807,0.0,0.0,0.3395061728395052
002_20200625_042943(7),1,0,0.5909090909090909,0.45180722891566266,0.028409090909090908,0.024096385542168676,203.00000000000003,146.0,213.0,154.0,10.0,8.0,80.0,0.0006845564074479737,8.0,1.25,139.0,9.13392857142857,0.9383496846368998,0.0,0.0,0.24691358024691287
002_20200625_042943(7),2,0,0.6022727272727273,0.5466867469879518,0.028409090909090908,0.02710843373493976,207.00000000000003,177.00000000000003,217.0,186.0,10.0,9.0,90.0,0.0007701259583789705,9.0,1.1111111111111112,135.0,16.804597701149433,1.7270960330967748,0.0,0.0,0.2777777777777761
002_20200625_042948(3),0,0,0.5568181818181818,0.39156626506024095,0.022727272727272728,0.024096385542168676,192.0,126.0,199.99999999999997,134.0,8.0,8.0,64.0,0.0005476451259583791,8.0,1.0,126.0,17.302644230769232,1.5556746909035433,0.0,0.0,0.19753086419753016
002_20200625_042948(3),1,0,0.5653409090909091,0.45933734939759036,0.03409090909090909,0.02710843373493976,192.99999999999997,148.0,205.0,157.0,12.0,9.0,108.0,0.0009241511500547644,9.0,1.3333333333333333,147.0,17.011565170940173,1.4291068937781053,0.0,0.07692307692307693,0.3000000000000007
002_20200625_042948(3),2,0,0.5809659090909091,0.5602409638554217,0.03125,0.030120481927710843,199.0,181.0,210.0,190.99999999999997,11.0,10.0,110.0,0.0009412650602409639,10.0,1.1,141.00000000000003,18.57507331378298,1.8269680914757374,0.0,0.0,0.3395061728395052
002_20200625_042952(8),0,0,0.5923295454545454,0.3930722891566265,0.02556818181818182,0.02710843373493976,203.99999999999997,126.0,213.0,135.0,9.0,9.0,81.0,0.0006931133625410734,9.0,1.0,126.0,20.03141762452107,1.726511500941312,0.0,0.0,0.2500000000000008
002_20200625_042952(8),1,0,0.5852272727272727,0.46536144578313254,0.022727272727272728,0.02710843373493976,202.0,150.0,210.0,159.0,8.0,9.0,72.0,0.0006161007667031764,8.0,0.8888888888888888,142.0,10.431481481481484,1.0187642398721506,0.0,0.0,0.2222222222222222
002_20200625_042952(8),2,0,0.5752840909090909,0.5647590361445783,0.03125,0.03313253012048193,197.0,182.00000000000003,208.0,193.0,11.0,11.0,121.00000000000001,0.0010353915662650603,11.0,1.0,139.0,18.284504132231405,1.6394742441031795,0.0,0.0,0.33611111111111025
002_20200625_042957(3),0,0,0.5880681818181818,0.5376506024096386,0.028409090909090908,0.02710843373493976,202.0,174.00000000000003,211.99999999999997,183.0,10.0,9.0,90.0,0.0007701259583789705,9.0,1.1111111111111112,140.00000000000003,17.089272030651344,1.4392621410014443,0.0,0.0,0.2777777777777761
002_20200625_042957(3),1,0,0.5923295454545454,0.6144578313253012,0.03125,0.024096385542168676,203.0,199.99999999999997,214.0,208.0,11.0,8.0,88.0,0.0007530120481927711,8.0,1.375,124.0,12.771010101010106,1.2573007062408152,0.0,0.0,0.2716049382716059
002_20200625_042957(3),2,0,0.6022727272727273,0.7078313253012049,0.028409090909090908,0.030120481927710843,207.00000000000003,230.00000000000003,217.0,240.0,10.0,10.0,99.99999999999999,0.0008556955093099671,10.0,1.0,92.0,15.736666666666665,1.6957811123045932,0.0,0.0,0.30864197530864024
002_20200629_082630(7),0,0,0.5383522727272727,0.4171686746987952,0.03125,0.0391566265060241,184.0,132.0,195.0,145.00000000000003,11.0,13.0,143.0,0.001223644578313253,11.0,0.8461538461538461,132.0,21.242857142857147,1.7776895778075135,0.0,0.14285714285714285,0.441358024691359
002_20200629_082630(7),1,0,0.5525568181818182,0.48493975903614456,0.02556818181818182,0.03614457831325301,190.0,155.0,199.00000000000003,166.99999999999997,9.0,12.0,108.0,0.0009241511500547645,9.0,0.75,152.99999999999997,14.65625,1.242172248528195,0.0,0.0,0.3333333333333336
002_20200629_082630(7),2,0,0.5738636363636364,0.5753012048192772,0.028409090909090908,0.024096385542168676,197.0,187.0,206.99999999999997,195.00000000000003,10.0,8.0,80.0,0.0006845564074479737,8.0,1.25,136.99999999999997,16.17356321839081,1.5879611151071802,0.0,0.0,0.24691358024691376
002_20200629_082639(2),0,0,0.5752840909090909,0.5045180722891566,0.02556818181818182,0.03313253012048193,198.0,162.0,207.00000000000003,172.99999999999997,9.0,11.0,99.00000000000001,0.0008471385542168676,9.0,0.8181818181818182,144.99999999999997,17.669794721407627,1.5583149842663087,0.0,0.0,0.27500000000000013
002_20200629_082639(2),1,0,0.5752840909090909,0.5798192771084337,0.03125,0.02108433734939759,197.0,189.0,208.0,196.0,11.0,6.999999999999999,77.0,0.0006588855421686747,6.999999999999999,1.5714285714285716,136.0,11.186363636363637,1.1606752607435395,0.0,0.0,0.23765432098765432
002_20200629_082639(2),2,0,0.578125,0.677710843373494,0.02556818181818182,0.024096385542168676,199.0,220.99999999999997,208.0,229.0,9.0,8.0,72.0,0.0006161007667031764,8.0,1.125,103.0,14.68108465608465,1.6638308892827267,0.0,0.0,0.22222222222222301
002_20200629_082642(2),0,0,0.546875,0.5075301204819277,0.02556818181818182,0.02710843373493976,188.0,164.0,197.0,172.99999999999997,9.0,9.0,81.0,0.0006931133625410734,9.0,1.0,155.0,17.230687830687827,1.4301598903158892,0.0,0.0,0.24999999999999922
002_20200629_082642(2),1,0,0.5596590909090909,0.5753012048192772,0.028409090909090908,0.030120481927710843,192.00000000000003,186.00000000000003,202.0,196.0,10.0,10.0,99.99999999999999,0.0008556955093099671,10.0,1.0,136.0,13.11999999999999,1.0924514183901033,0.0,0.0,0.30864197530864024
002_20200629_082642(2),2,0,0.5767045454545454,0.6701807228915663,0.028409090909090908,0.03313253012048193,198.0,217.0,207.99999999999997,228.0,10.0,11.0,110.0,0.0009412650602409639,10.0,0.9090909090909091,104.0,15.499413489736071,1.364446349220207,0.0,0.0,0.3395061728395052
002_20200629_082645(4),0,0,0.5710227272727273,0.4367469879518072,0.03409090909090909,0.030120481927710843,195.0,140.0,207.00000000000003,150.0,12.0,10.0,120.0,0.0010268346111719604,10.0,1.2,140.0,19.09067599067599,1.5747412968261416,0.0,0.07692307692307693,0.37037037037037124
002_20200629_082645(4),1,0,0.5809659090909091,0.5090361445783133,0.03125,0.018072289156626505,199.0,166.0,210.0,172.0,11.0,6.0,66.0,0.0005647590361445783,6.0,1.8333333333333333,142.0,6.945791245791241,1.0172666937415256,0.0,0.0,0.2037037037037037
002_20200629_082645(4),2,0,0.5965909090909091,0.6054216867469879,0.028409090909090908,0.024096385542168676,205.0,196.99999999999997,214.99999999999997,205.0,10.0,8.0,80.0,0.0006845564074479737,8.0,1.25,127.0,13.9103448275862,1.4747171860028638,0.0,0.0,0.24691358024691376
002_20200629_082823(5),0,0,0.49050632911392406,0.44728915662650603,0.03164556962025317,0.02710843373493976,150.0,144.0,160.0,153.0,10.0,9.0,90.0,0.0008578618270550558,9.0,1.1111111111111112,144.0,16.204597701149424,1.4020577794408113,0.0,0.0,0.25
002_20200629_082823(5),1,0,0.495253164556962,0.5210843373493976,0.03481012658227848,0.030120481927710843,151.0,168.00000000000003,162.0,178.0,11.0,10.0,110.0,0.0010484977886228459,10.0,1.1,151.0,10.799706744868033,1.3515695351083707,0.0,0.0,0.3055555555555547
002_20200629_082823(5),2,0,0.5031645569620253,0.6204819277108434,0.03164556962025317,0.030120481927710843,154.0,201.00000000000003,164.0,211.0,10.0,10.0,99.99999999999999,0.0009531798078389508,10.0,1.0,121.0,11.796666666666667,1.3468073084893677,0.0,0.0,0.24999999999999928
002_20200629_082828(5),0,0,0.5015822784810127,0.48343373493975905,0.03481012658227848,0.03313253012048193,153.0,155.0,164.0,166.0,11.0,11.0,121.00000000000001,0.0011533475674851304,11.0,1.0,152.0,18.011466942148758,1.676801752257404,0.0,0.0,0.33611111111111114
002_20200629_082828(5),1,0,0.5079113924050633,0.5602409638554217,0.028481012658227847,0.030120481927710843,156.0,181.0,165.0,190.99999999999997,9.0,10.0,90.0,0.0008578618270550556,9.0,0.9,141.00000000000003,8.952490421455948,1.016986421083696,0.0,0.0,0.24999999999999928
002_20200629_082828(5),2,0,0.5205696202531646,0.6581325301204819,0.028481012658227847,0.03313253012048193,160.0,213.0,169.0,223.99999999999997,9.0,11.0,99.00000000000001,0.0009436480097605612,9.0,0.8181818181818182,108.00000000000003,10.959090909090918,1.0609946531903616,0.0,0.0,0.2749999999999993
002_20200629_082831(3),0,0,0.4873417721518987,0.4427710843373494,0.03164556962025317,0.030120481927710843,149.0,142.0,159.0,152.0,10.0,10.0,99.99999999999999,0.0009531798078389508,10.0,1.0,142.0,20.169999999999995,1.7107737466672293,0.0,0.0,0.2777777777777778
002_20200629_082831(3),1,0,0.495253164556962,0.5195783132530121,0.03481012658227848,0.02710843373493976,151.0,168.00000000000003,162.0,177.0,11.0,9.0,99.0,0.0009436480097605612,9.0,1.2222222222222223,151.0,9.212929292929289,0.94962249093092,0.0,0.0,0.3055555555555546
002_20200629_082831(3),2,0,0.5015822784810127,0.6174698795180723,0.028481012658227847,0.03614457831325301,154.0,199.0,163.0,211.0,9.0,12.0,108.0,0.0010294341924660668,9.0,0.75,121.0,9.524372759856632,0.8170152761244245,0.0,0.0,0.3
002_20200629_082834(2),0,0,0.4762658227848101,0.4307228915662651,0.03481012658227848,0.030120481927710843,145.0,138.0,156.0,148.00000000000003,11.0,10.0,110.0,0.0010484977886228459,10.0,1.1,138.0,19.59369834710745,1.7840683880167303,0.0,0.0,0.3395061728395071
002_20200629_082834(2),1,0,0.4762658227848101,0.5015060240963856,0.028481012658227847,0.02710843373493976,146.0,162.0,155.0,171.0,9.0,9.0,81.0,0.0007720756443495501,9.0,1.0,146.0,11.34673721340387,1.223210436349727,0.0,0.0,0.25
002_20200629_082834(2),2,0,0.4810126582278481,0.6009036144578314,0.02531645569620253,0.03313253012048193,148.0,194.00000000000003,156.0,205.0,8.0,11.0,88.0,0.0008387982308982767,8.0,0.7272727272727273,127.0,11.797413793103445,1.2420374679101127,0.0,0.0,0.24444444444444383
002_20200629_082837(0),0,0,0.48575949367088606,0.4427710843373494,0.028481012658227847,0.030120481927710843,149.0,142.0,158.0,152.0,9.0,10.0,90.0,0.0008578618270550556,9.0,0.9,142.0,12.58275862068966,1.266911122213427,0.0,0.0,0.2777777777777778
002_20200629_082837(0),1,0,0.4873417721518987,0.5120481927710844,0.02531645569620253,0.024096385542168676,150.0,166.0,158.0,174.00000000000003,8.0,8.0,64.0,0.0006100350770169285,8.0,1.0,150.0,7.390740740740739,0.9764933674179965,0.0,0.0,0.17777777777777842
002_20200629_082837(0),2,0,0.5,0.6114457831325302,0.02531645569620253,0.030120481927710843,154.0,198.00000000000003,162.0,208.0,8.0,10.0,80.0,0.0007625438462711605,8.0,0.8,124.0,10.039285714285711,1.016461605901383,0.0,0.0,0.24691358024691287
002_20200629_082839(9),0,0,0.504746835443038,0.4427710843373494,0.03481012658227848,0.030120481927710843,154.0,142.0,165.0,152.0,11.0,10.0,110.0,0.0010484977886228459,10.0,1.1,142.0,15.223167155425216,1.4077377908595297,0.0,0.0,0.3395061728395062
002_20200629_082839(9),1,0,0.5015822784810127,0.5105421686746988,0.03481012658227848,0.02108433734939759,153.0,166.0,164.0,173.0,11.0,6.999999999999999,77.0,0.000733948452035992,6.999999999999999,1.5714285714285716,152.0,7.516558441558445,1.0950839943449795,0.0,0.0,0.23765432098765432
002_20200629_082839(9),2,0,0.5,0.6114457831325302,0.02531645569620253,0.030120481927710843,154.0,198.00000000000003,162.0,208.0,8.0,10.0,80.0,0.0007625438462711605,8.0,0.8,124.0,10.119642857142864,1.0200341444995935,0.0,0.0,0.24691358024691287
002_20200629_123442(5),0,0,0.49050632911392406,0.4397590361445783,0.02531645569620253,0.030120481927710843,151.0,140.99999999999997,159.0,151.0,8.0,10.0,80.0,0.0007625438462711605,8.0,0.8,140.99999999999997,15.166771159874614,1.173581365158293,0.0,0.09090909090909091,0.2469135802469143
002_20200629_123442(5),1,0,0.495253164556962,0.5150602409638554,0.028481012658227847,0.030120481927710843,151.99999999999997,165.99999999999997,160.99999999999997,175.99999999999997,9.0,10.0,90.0,0.0008578618270550556,9.0,0.9,151.99999999999997,15.634017595307924,1.5314666768313363,0.0,0.0,0.2777777777777778
002_20200629_123442(5),2,0,0.504746835443038,0.608433734939759,0.03481012658227848,0.030120481927710843,154.0,197.00000000000003,165.0,207.0,11.0,10.0,110.0,0.0010484977886228459,10.0,1.1,125.0,14.331671554252196,1.4148104550362384,0.0,0.0,0.3055555555555547
002_20200629_123447(0),0,0,0.4825949367088608,0.44728915662650603,0.028481012658227847,0.02710843373493976,148.0,144.0,157.0,153.0,9.0,9.0,81.0,0.0007720756443495501,9.0,1.0,144.0,14.744268077601404,1.4224752345967968,0.0,0.0,0.225
002_20200629_123447(0),1,0,0.4889240506329114,0.5195783132530121,0.022151898734177215,0.02710843373493976,151.0,168.00000000000003,158.0,177.0,7.0,9.0,63.0,0.000600503278938539,7.0,0.7777777777777778,151.0,6.002442002441995,0.7844624265125254,0.0,0.0,0.17499999999999943
002_20200629_123447(0),2,0,0.495253164556962,0.6144578313253012,0.028481012658227847,0.030120481927710843,151.99999999999997,199.0,160.99999999999997,208.99999999999997,9.0,10.0,90.0,0.0008578618270550556,9.0,0.9,123.00000000000003,15.519999999999996,1.777915605116079,0.0,0.0,0.22499999999999937
002_20200629_123451(5),0,0,0.4920886075949367,0.44879518072289154,0.028481012658227847,0.030120481927710843,151.0,143.99999999999997,160.0,154.0,9.0,10.0,90.0,0.0008578618270550556,9.0,0.9,143.99999999999997,14.531212121212121,1.3771084824821234,0.0,0.0,0.27777777777777857
002_20200629_123451(5),1,0,0.495253164556962,0.5195783132530121,0.028481012658227847,0.02710843373493976,151.99999999999997,168.00000000000003,160.99999999999997,177.0,9.0,9.0,81.0,0.0007720756443495501,9.0,1.0,151.99999999999997,10.760536398467423,1.4640001926396187,0.0,0.0,0.24999999999999922
002_20200629_123451(5),2,0,0.504746835443038,0.6174698795180723,0.028481012658227847,0.030120481927710843,155.0,200.00000000000003,164.0,210.0,9.0,10.0,90.0,0.0008578618270550556,9.0,0.9,122.0,11.90306513409962,1.092006737950283,0.0,0.0,0.24999999999999928
002_20200629_123456(0),0,0,0.47151898734177217,0.4457831325301205,0.03164556962025317,0.024096385542168676,144.0,144.0,154.0,152.0,10.0,8.0,80.0,0.0007625438462711606,8.0,1.25,144.0,13.935714285714283,1.282559502680857,0.0,0.0,0.24691358024691357
002_20200629_123456(0),1,0,0.4762658227848101,0.5150602409638554,0.022151898734177215,0.024096385542168676,147.0,166.99999999999997,154.0,175.0,7.0,8.0,56.00000000000001,0.0005337806923898125,7.0,0.875,147.0,9.388888888888886,0.9737232779583004,0.0,0.0,0.1728395061728401
002_20200629_123456(0),2,0,0.48575949367088606,0.6129518072289156,0.028481012658227847,0.02108433734939759,149.0,199.99999999999997,158.0,207.0,9.0,6.999999999999999,62.99999999999999,0.0006005032789385389,6.999999999999999,1.2857142857142858,125.0,9.79074074074073,1.0233149117836247,0.0,0.0,0.1750000000000007
002_20200629_123500(5),0,0,0.4825949367088608,0.44728915662650603,0.03481012658227848,0.02710843373493976,147.0,144.0,158.0,153.0,11.0,9.0,99.0,0.0009436480097605612,9.0,1.2222222222222223,144.0,16.017575757575756,1.470230036706459,0.0,0.0,0.275
002_20200629_123500(5),1,0,0.4889240506329114,0.516566265060241,0.028481012658227847,0.02710843373493976,150.0,167.0,159.0,175.99999999999997,9.0,9.0,81.0,0.0007720756443495501,9.0,1.0,150.0,7.701058201058203,0.9854260850845786,0.0,0.0,0.22499999999999928
002_20200629_123500(5),2,0,0.495253164556962,0.6159638554216867,0.028481012658227847,0.02710843373493976,151.99999999999997,200.00000000000003,160.99999999999997,208.99999999999997,9.0,9.0,81.0,0.0007720756443495501,9.0,1.0,123.00000000000003,16.19463601532567,1.9182507238108075,0.0,0.0,0.2249999999999986
002_20200629_123505(0),0,0,0.48417721518987344,0.4397590361445783,0.03164556962025317,0.024096385542168676,148.00000000000003,142.0,158.0,149.99999999999997,10.0,8.0,80.0,0.0007625438462711606,8.0,1.25,142.0,15.235714285714295,1.2373046551402556,0.0,0.0,0.2222222222222208
002_20200629_123505(0),1,0,0.4889240506329114,0.5150602409638554,0.022151898734177215,0.024096385542168676,151.0,166.99999999999997,158.0,175.0,7.0,8.0,56.00000000000001,0.0005337806923898125,7.0,0.875,151.0,10.88296703296703,1.0830241587306302,0.0,0.0,0.1728395061728401
002_20200629_123505(0),2,0,0.49841772151898733,0.6144578313253012,0.022151898734177215,0.024096385542168676,154.0,199.99999999999997,160.99999999999997,208.0,7.0,8.0,56.00000000000001,0.0005337806923898125,7.0,0.875,124.0,11.254822954822956,1.2765291314060634,0.0,0.0,0.1728395061728394
002_20200629_163656(7),0,0,0.495253164556962,0.4442771084337349,0.028481012658227847,0.02710843373493976,151.99999999999997,143.0,160.99999999999997,152.0,9.0,9.0,81.0,0.0007720756443495501,9.0,1.0,143.0,17.560536398467434,1.556969032495344,0.0,0.0,0.225
002_20200629_163656(7),1,0,0.5015822784810127,0.516566265060241,0.028481012658227847,0.02710843373493976,154.0,167.0,163.0,175.99999999999997,9.0,9.0,81.0,0.0007720756443495501,9.0,1.0,153.0,5.947839506172841,0.7836279356707744,0.0,0.0,0.22499999999999928
002_20200629_163656(7),2,0,0.5063291139240507,0.6159638554216867,0.02531645569620253,0.02710843373493976,156.0,200.00000000000003,164.0,208.99999999999997,8.0,9.0,72.0,0.0006862894616440446,8.0,0.8888888888888888,123.00000000000003,11.605555555555554,1.284852679726979,0.0,0.0,0.22222222222222082
002_20200629_163659(7),0,0,0.4651898734177215,0.4322289156626506,0.03164556962025317,0.02108433734939759,141.99999999999997,140.0,152.0,147.0,10.0,6.999999999999999,70.0,0.0006672258654872655,6.999999999999999,1.4285714285714288,140.0,16.656168831168827,1.400088164361323,0.0,0.0,0.194444444444445
002_20200629_163659(7),1,0,0.47943037974683544,0.5045180722891566,0.022151898734177215,0.02108433734939759,148.0,163.99999999999997,155.0,171.0,7.0,6.999999999999999,49.0,0.00046705810584108585,6.999999999999999,1.0000000000000002,148.0,7.885714285714286,0.983917080458704,0.0,0.0,0.15123456790123518
002_20200629_163659(7),2,0,0.5,0.5948795180722891,0.02531645569620253,0.02710843373493976,154.0,193.0,162.0,201.99999999999997,8.0,9.0,72.0,0.0006862894616440446,8.0,0.8888888888888888,130.00000000000003,11.597222222222229,1.1830546165257307,0.0,0.0,0.22222222222222152
002_20200629_163702(8),0,0,0.4825949367088608,0.4457831325301205,0.03481012658227848,0.030120481927710843,147.0,143.0,158.0,153.0,11.0,10.0,110.0,0.0010484977886228459,10.0,1.1,143.0,16.803225806451607,1.602625246371085,0.0,0.0,0.3395061728395062
002_20200629_163702(8),1,0,0.48575949367088606,0.5180722891566265,0.028481012658227847,0.030120481927710843,149.0,167.0,158.0,177.0,9.0,10.0,90.0,0.0008578618270550556,9.0,0.9,149.0,9.70919540229886,1.292029865033673,0.0,0.0,0.2777777777777778
002_20200629_163702(8),2,0,0.495253164556962,0.6159638554216867,0.028481012658227847,0.02710843373493976,151.99999999999997,200.00000000000003,160.99999999999997,208.99999999999997,9.0,9.0,81.0,0.0007720756443495501,9.0,1.0,123.00000000000003,13.537931034482767,1.6168427597797435,0.0,0.0,0.24999999999999842
002_20200629_163705(8),0,0,0.49841772151898733,0.4442771084337349,0.03481012658227848,0.02710843373493976,152.0,143.0,163.0,152.0,11.0,9.0,99.0,0.0009436480097605612,9.0,1.2222222222222223,143.0,15.5239393939394,1.3830445801876696,0.0,0.0,0.275
002_20200629_163705(8),1,0,0.5079113924050633,0.5135542168674698,0.028481012658227847,0.03313253012048193,156.0,165.0,165.0,175.99999999999997,9.0,11.0,99.00000000000001,0.0009436480097605612,9.0,0.8181818181818182,151.0,11.420707070707067,1.1417487285524042,0.0,0.0,0.30555555555555475
002_20200629_163705(8),2,0,0.5189873417721519,0.6114457831325302,0.02531645569620253,0.03614457831325301,160.0,197.00000000000003,167.99999999999997,209.00000000000003,8.0,12.0,96.0,0.0009150526155253927,8.0,0.6666666666666666,122.99999999999997,12.83151364764268,1.152805985999595,0.0,0.07692307692307693,0.2962962962962952
002_20200629_163708(9),0,0,0.5015822784810127,0.42319277108433734,0.028481012658227847,0.02710843373493976,154.0,136.0,163.0,145.0,9.0,9.0,81.0,0.0007720756443495501,9.0,1.0,136.0,15.992901234567896,1.320316952422908,0.0,0.0,0.25
002_20200629_163708(9),1,0,0.5015822784810127,0.49849397590361444,0.03481012658227848,0.02108433734939759,153.0,162.0,164.0,169.0,11.0,6.999999999999999,77.0,0.000733948452035992,6.999999999999999,1.5714285714285716,152.0,6.447727272727278,0.8967072199636329,0.0,0.0,0.23765432098765432
002_20200629_163708(9),2,0,0.5015822784810127,0.5948795180722891,0.028481012658227847,0.02710843373493976,154.0,193.0,163.0,201.99999999999997,9.0,9.0,81.0,0.0007720756443495501,9.0,1.0,130.00000000000003,13.758686067019397,1.538641728833165,0.0,0.0,0.24999999999999922
002_20200629_163711(8),0,0,0.49841772151898733,0.4427710843373494,0.028481012658227847,0.030120481927710843,153.0,142.0,162.0,152.0,9.0,10.0,90.0,0.0008578618270550556,9.0,0.9,142.0,14.43180076628353,1.2552962961506025,0.0,0.0,0.25
002_20200629_163711(8),1,0,0.5063291139240507,0.5150602409638554,0.02531645569620253,0.030120481927710843,156.0,165.99999999999997,164.0,175.99999999999997,8.0,10.0,80.0,0.0007625438462711605,8.0,0.8,152.0,10.613949843260187,0.8420196255292925,0.0,0.0,0.2222222222222222
002_20200629_163711(8),2,0,0.5126582278481012,0.6174698795180723,0.0189873417721519,0.030120481927710843,158.99999999999997,200.00000000000003,165.0,210.0,6.0,10.0,60.0,0.0005719078847033704,6.0,0.6,122.0,13.32804232804233,1.3654535102999696,0.0,0.0,0.18518518518518554
002_20200714_042641(8),0,0,0.5426136363636364,0.3629518072289157,0.022727272727272728,0.03313253012048193,187.0,115.00000000000001,195.0,126.0,8.0,11.0,88.0,0.0007530120481927711,8.0,0.7272727272727273,115.00000000000001,23.127586206896552,1.797444018159317,0.0,0.0,0.2716049382716046
002_20200714_042641(8),1,0,0.5511363636363636,0.4352409638554217,0.022727272727272728,0.03313253012048193,190.0,139.00000000000003,198.0,150.0,8.0,11.0,88.0,0.0007530120481927711,8.0,0.7272727272727273,139.00000000000003,15.325548589341693,1.4784513374105588,0.0,0.0,0.27160493827160426
002_20200714_042641(8),2,0,0.5653409090909091,0.5331325301204819,0.022727272727272728,0.030120481927710843,195.0,172.0,203.0,181.99999999999997,8.0,10.0,80.0,0.0006845564074479737,8.0,0.8,149.0,15.067857142857136,1.3662391598418915,0.0,0.0,0.24691358024691287
002_20200714_083054(2),0,0,0.5610795454545454,0.42771084337349397,0.02556818181818182,0.030120481927710843,192.99999999999997,137.0,202.0,147.0,9.0,10.0,90.0,0.0007701259583789705,9.0,0.9,137.0,23.19999999999999,1.9993617562453168,0.0,0.1,0.2777777777777787
002_20200714_083054(2),1,0,0.5653409090909091,0.4954819277108434,0.022727272727272728,0.02710843373493976,195.0,160.0,203.0,169.0,8.0,9.0,72.0,0.0006161007667031764,8.0,0.8888888888888888,149.0,9.603703703703715,1.1531077759250616,0.0,0.0,0.2222222222222222
002_20200714_083054(2),2,0,0.5738636363636364,0.5948795180722891,0.022727272727272728,0.02710843373493976,198.0,193.0,206.0,201.99999999999997,8.0,9.0,72.0,0.0006161007667031764,8.0,0.8888888888888888,130.00000000000003,17.04907407407407,1.567953428368966,0.0,0.0,0.22222222222222152
002_20200714_083057(5),0,0,0.5525568181818182,0.39457831325301207,0.02556818181818182,0.03614457831325301,190.0,125.0,199.00000000000003,137.0,9.0,12.0,108.0,0.0009241511500547645,9.0,0.75,125.0,19.580208333333346,1.494384574905078,0.0,0.0,0.27000000000000085
002_20200714_083057(5),1,0,0.5596590909090909,0.4683734939759036,0.028409090909090908,0.02710843373493976,192.00000000000003,151.0,202.0,160.0,10.0,9.0,90.0,0.0007701259583789705,9.0,1.1111111111111112,150.0,15.633333333333326,1.521505347401709,0.0,0.1,0.277777777777777
002_20200714_083057(5),2,0,0.5838068181818182,0.5692771084337349,0.019886363636363636,0.030120481927710843,202.00000000000003,184.0,209.0,193.99999999999997,7.0,10.0,70.0,0.000598986856516977,7.0,0.7,138.00000000000003,6.7238095238095354,0.5237535798556774,0.0,0.1,0.2160493827160479
002_20200714_083101(7),0,0,0.5610795454545454,0.39006024096385544,0.02556818181818182,0.0391566265060241,192.99999999999997,123.0,202.0,136.0,9.0,13.0,117.0,0.0010011637458926617,9.0,0.6923076923076923,123.0,26.556177156177156,2.3462644510184343,0.0,0.16923076923076924,0.36111111111111227
002_20200714_083101(7),1,0,0.5738636363636364,0.45933734939759036,0.022727272727272728,0.03313253012048193,198.0,147.0,206.0,158.0,8.0,11.0,88.0,0.0007530120481927711,8.0,0.7272727272727273,146.0,10.437617554858946,0.9623285996654732,0.0,0.0,0.24444444444444444
002_20200714_083101(7),2,0,0.5866477272727273,0.5557228915662651,0.02556818181818182,0.03313253012048193,202.0,179.0,211.00000000000003,190.0,9.0,11.0,99.00000000000001,0.0008471385542168676,9.0,0.8181818181818182,140.99999999999997,17.36422287390029,1.5604135462728113,0.0,0.0,0.27500000000000085
002_20200714_083106(2),0,0,0.5525568181818182,0.44728915662650603,0.02556818181818182,0.02710843373493976,190.0,144.0,199.00000000000003,153.0,9.0,9.0,81.0,0.0006931133625410734,9.0,1.0,144.0,15.819157088122608,1.3799989643561226,0.0,0.0,0.2500000000000008
002_20200714_083106(2),1,0,0.5625,0.5135542168674698,0.022727272727272728,0.02108433734939759,194.0,166.99999999999997,202.0,174.0,8.0,6.999999999999999,55.99999999999999,0.0004791894852135816,6.999999999999999,1.142857142857143,150.0,11.433894230769226,1.0690775222329432,0.0,0.0,0.17283950617284022
002_20200714_083106(2),2,0,0.5866477272727273,0.6114457831325302,0.02556818181818182,0.024096385542168676,202.0,199.0,211.00000000000003,207.00000000000003,9.0,8.0,72.0,0.0006161007667031764,8.0,1.125,124.99999999999997,13.860919540229887,1.3479525921160505,0.0,0.0,0.2222222222222237
002_20200714_083110(8),0,0,0.5511363636363636,0.4789156626506024,0.022727272727272728,0.024096385542168676,190.0,155.0,198.0,163.0,8.0,8.0,64.0,0.0005476451259583791,8.0,1.0,154.0,17.8579326923077,1.4973367474231263,0.0,0.0,0.19753086419753085
002_20200714_083110(8),1,0,0.5696022727272727,0.5436746987951807,0.019886363636363636,0.02710843373493976,197.0,176.0,203.99999999999997,184.99999999999997,7.0,9.0,63.0,0.0005390881708652793,7.0,0.7777777777777778,147.00000000000003,9.78137973137973,0.8737317600585359,0.0,0.0,0.19444444444444303
002_20200714_083110(8),2,0,0.5951704545454546,0.6430722891566265,0.019886363636363636,0.02710843373493976,206.00000000000003,209.00000000000003,213.0,217.99999999999997,7.0,9.0,63.0,0.0005390881708652793,7.0,0.7777777777777778,114.00000000000003,12.756898656898656,1.2171998142887102,0.0,0.0,0.19444444444444242
002_20200714_083115(1),0,0,0.5639204545454546,0.5120481927710844,0.019886363636363636,0.03614457831325301,195.00000000000003,164.0,202.0,176.0,7.0,12.0,84.0,0.0007187842278203724,7.0,0.5833333333333334,150.0,16.29351395730707,1.333209656494954,0.0,0.0,0.2333333333333324
002_20200714_083115(1),1,0,0.5681818181818182,0.5813253012048193,0.022727272727272728,0.030120481927710843,196.00000000000003,188.00000000000003,204.0,198.0,8.0,10.0,80.0,0.0006845564074479737,8.0,0.8,134.0,15.526785714285722,1.2519889424823714,0.0,0.0,0.246913580246912
002_20200714_083115(1),2,0,0.5795454545454546,0.6822289156626506,0.022727272727272728,0.02710843373493976,200.00000000000003,222.00000000000003,208.0,231.0,8.0,9.0,72.0,0.0006161007667031764,8.0,0.8888888888888888,101.0,15.768518518518519,1.5283665765051542,0.0,0.0,0.22222222222222074
002_20200714_123109(8),0,0,0.5610795454545454,0.516566265060241,0.02556818181818182,0.02108433734939759,192.99999999999997,168.0,202.0,175.0,9.0,6.999999999999999,62.99999999999999,0.0005390881708652792,6.999999999999999,1.2857142857142858,150.0,22.080423280423275,1.6295481413802224,0.0,0.1,0.19444444444444506
002_20200714_123109(8),1,0,0.5767045454545454,0.5858433734939759,0.022727272727272728,0.02710843373493976,199.0,190.0,206.99999999999997,198.99999999999997,8.0,9.0,72.0,0.0006161007667031764,8.0,0.8888888888888888,133.00000000000003,10.773148148148152,0.9525351399597186,0.0,0.0,0.19999999999999865
002_20200714_123109(8),2,0,0.5994318181818182,0.6807228915662651,0.028409090909090908,0.024096385542168676,206.00000000000003,222.0,216.0,230.00000000000003,10.0,8.0,80.0,0.0006845564074479737,8.0,1.25,101.99999999999997,12.56819923371647,1.2411856818626394,0.0,0.0,0.24691358024691376
002_20200714_123113(1),0,0,0.5795454545454546,0.2891566265060241,0.022727272727272728,0.024096385542168676,200.00000000000003,92.0,208.0,99.99999999999999,8.0,8.0,64.0,0.0005476451259583791,8.0,1.0,92.0,15.843509615384619,1.3965066628728549,0.0,0.0,0.1975308641975298
002_20200714_123113(1),1,0,0.5809659090909091,0.3614457831325301,0.03125,0.024096385542168676,199.0,116.0,210.0,124.0,11.0,8.0,88.0,0.0007530120481927711,8.0,1.375,116.0,12.51598746081504,1.2139003755081188,0.0,0.0,0.2716049382716049
002_20200714_123113(1),2,0,0.5880681818181818,0.4578313253012048,0.028409090909090908,0.024096385542168676,202.0,148.0,211.99999999999997,156.0,10.0,8.0,80.0,0.0006845564074479737,8.0,1.25,140.00000000000003,15.519642857142856,1.4507418648357573,0.0,0.0,0.2222222222222216
002_20200714_123117(3),0,0,0.5795454545454546,0.4427710843373494,0.022727272727272728,0.024096385542168676,200.00000000000003,143.0,208.0,151.0,8.0,8.0,64.0,0.0005476451259583791,8.0,1.0,143.0,17.395673076923075,1.441521614150177,0.0,0.0,0.19753086419753016
002_20200714_123117(3),1,0,0.5852272727272727,0.5135542168674698,0.028409090909090908,0.02710843373493976,201.0,165.99999999999997,210.99999999999997,174.99999999999997,10.0,9.0,90.0,0.0007701259583789705,9.0,1.1111111111111112,141.00000000000003,12.733333333333334,1.1383436745028859,0.0,0.0,0.277777777777777
002_20200714_123117(3),2,0,0.5909090909090909,0.6114457831325302,0.022727272727272728,0.030120481927710843,204.0,198.00000000000003,212.0,208.0,8.0,10.0,80.0,0.0006845564074479737,8.0,0.8,124.0,15.942857142857136,1.4584885471305744,0.0,0.0,0.24691358024691287
002_20200714_123120(4),0,0,0.5738636363636364,0.4367469879518072,0.028409090909090908,0.024096385542168676,197.0,141.0,206.99999999999997,149.0,10.0,8.0,80.0,0.0006845564074479737,8.0,1.25,141.0,18.91964285714286,1.4897704140049777,0.0,0.0,0.24691358024691287
002_20200714_123120(4),1,0,0.5823863636363636,0.5090361445783133,0.022727272727272728,0.030120481927710843,201.0,164.0,209.0,174.0,8.0,10.0,80.0,0.0006845564074479737,8.0,0.8,143.0,9.305357142857147,0.8758576643775705,0.0,0.0,0.2222222222222222
002_20200714_123120(4),2,0,0.5951704545454546,0.6009036144578314,0.02556818181818182,0.02710843373493976,205.0,195.00000000000003,214.00000000000003,204.0,9.0,9.0,81.0,0.0006931133625410734,9.0,1.0,128.0,11.055938697317998,1.088783246512982,0.0,0.0,0.25
002_20200714_123123(5),0,0,0.5667613636363636,0.5075301204819277,0.02556818181818182,0.02710843373493976,195.0,164.0,204.0,172.99999999999997,9.0,9.0,81.0,0.0006931133625410734,9.0,1.0,148.0,21.33130511463844,1.6360728747238498,0.0,0.0,0.24999999999999922
002_20200714_123123(5),1,0,0.5738636363636364,0.5828313253012049,0.022727272727272728,0.02710843373493976,198.0,189.00000000000003,206.0,198.0,8.0,9.0,72.0,0.0006161007667031764,8.0,0.8888888888888888,134.0,9.922222222222217,0.9057330011777697,0.0,0.0,0.22222222222222152
002_20200714_123123(5),2,0,0.578125,0.6807228915662651,0.02556818181818182,0.024096385542168676,199.0,222.0,208.0,230.00000000000003,9.0,8.0,72.0,0.0006161007667031764,8.0,1.125,101.99999999999997,10.852072310405646,1.1142000192503636,0.0,0.0,0.22222222222222301
002_20200714_123126(4),0,0,0.5582386363636364,0.463855421686747,0.02556818181818182,0.030120481927710843,192.0,149.0,201.0,159.0,9.0,10.0,90.0,0.0007701259583789705,9.0,0.9,149.0,18.898084291187743,1.5469739414693175,0.0,0.0,0.2777777777777778
002_20200714_123126(4),1,0,0.5639204545454546,0.5346385542168675,0.03125,0.02710843373493976,193.0,173.0,204.0,181.99999999999997,11.0,9.0,99.0,0.0008471385542168675,9.0,1.2222222222222223,148.0,13.370707070707084,1.3209291080544965,0.0,0.0,0.27499999999999913
002_20200714_123126(4),2,0,0.5795454545454546,0.6340361445783133,0.028409090909090908,0.02710843373493976,199.00000000000003,206.00000000000003,209.0,214.99999999999997,10.0,9.0,90.0,0.0007701259583789705,9.0,1.1111111111111112,117.00000000000003,11.297701149425293,1.201687884490669,0.0,0.0,0.27777777777777524
002_20200714_163046(2),0,0,0.5880681818181818,0.4141566265060241,0.028409090909090908,0.02710843373493976,202.0,133.0,211.99999999999997,142.0,10.0,9.0,90.0,0.0007701259583789705,9.0,1.1111111111111112,133.0,14.997318007662827,1.1799436512298136,0.0,0.0,0.24999999999999928
002_20200714_163046(2),1,0,0.5880681818181818,0.48042168674698793,0.028409090909090908,0.02710843373493976,202.0,155.0,211.99999999999997,164.0,10.0,9.0,90.0,0.0007701259583789705,9.0,1.1111111111111112,140.00000000000003,13.696551724137933,1.2401712018898563,0.0,0.0,0.24999999999999928
002_20200714_163046(2),2,0,0.59375,0.5572289156626506,0.028409090909090908,0.030120481927710843,204.0,180.00000000000003,214.0,190.0,10.0,10.0,99.99999999999999,0.0008556955093099671,10.0,1.0,138.0,8.933333333333337,0.8138840338323774,0.0,0.0,0.3086419753086411
002_20200714_163049(8),0,0,0.5965909090909091,0.41566265060240964,0.03409090909090909,0.030120481927710843,203.99999999999997,133.0,216.0,143.0,12.0,10.0,120.0,0.0010268346111719604,10.0,1.2,133.0,18.981585081585067,2.0219055343025847,0.07692307692307693,0.15384615384615385,0.37037037037037124
002_20200714_163049(8),1,0,0.6065340909090909,0.4879518072289157,0.02556818181818182,0.030120481927710843,209.0,157.0,218.00000000000003,167.0,9.0,10.0,90.0,0.0007701259583789705,9.0,0.9,133.99999999999997,10.36333333333333,0.8366633044772666,0.0,0.0,0.2777777777777787
002_20200714_163049(8),2,0,0.6164772727272727,0.5557228915662651,0.028409090909090908,0.03313253012048193,212.0,179.0,221.99999999999997,190.0,10.0,11.0,110.0,0.0009412650602409639,10.0,0.9090909090909091,130.00000000000003,11.23607038123167,0.9636522433071616,0.0,0.0,0.3395061728395052
002_20200714_163053(5),0,0,0.5653409090909091,0.4608433734939759,0.022727272727272728,0.030120481927710843,195.0,148.0,203.0,158.0,8.0,10.0,80.0,0.0006845564074479737,8.0,0.8,148.0,12.473214285714292,1.3152470818026516,0.0,0.0,0.24691358024691357
002_20200714_163053(5),1,0,0.5809659090909091,0.5210843373493976,0.02556818181818182,0.024096385542168676,199.99999999999997,169.0,209.0,177.00000000000003,9.0,8.0,72.0,0.0006161007667031764,8.0,1.125,143.0,13.463984674329495,1.408956626424069,0.0,0.0,0.2222222222222237
002_20200714_163053(5),2,0,0.6022727272727273,0.5918674698795181,0.022727272727272728,0.02710843373493976,208.0,192.00000000000003,216.0,201.0,8.0,9.0,72.0,0.0006161007667031764,8.0,0.8888888888888888,131.0,6.718518518518522,0.6201671136394029,0.0,0.0,0.22222222222222152
002_20200714_163056(8),0,0,0.6022727272727273,0.45933734939759036,0.028409090909090908,0.02710843373493976,207.00000000000003,148.0,217.0,157.0,10.0,9.0,90.0,0.0007701259583789705,9.0,1.1111111111111112,135.0,12.386206896551727,1.6307598766628195,0.0,0.0,0.277777777777777
002_20200714_163056(8),1,0,0.609375,0.5240963855421686,0.03125,0.030120481927710843,209.0,169.0,220.0,178.99999999999997,11.0,10.0,110.0,0.0009412650602409639,10.0,1.1,132.0,8.477712609970666,1.306630904841653,0.0,0.0,0.3395061728395052
002_20200714_163056(8),2,0,0.6193181818181818,0.5978915662650602,0.028409090909090908,0.02710843373493976,213.0,194.00000000000003,222.99999999999997,202.99999999999997,10.0,9.0,90.0,0.0007701259583789705,9.0,1.1111111111111112,129.00000000000003,6.6831417624521094,0.5977230383590382,0.0,0.0,0.27777777777777524
002_20200714_163100(2),0,0,0.5823863636363636,0.46536144578313254,0.022727272727272728,0.02710843373493976,201.0,150.0,209.0,159.0,8.0,9.0,72.0,0.0006161007667031764,8.0,0.8888888888888888,143.0,13.782407407407405,1.6608509706991743,0.0,0.0,0.2222222222222222
002_20200714_163100(2),1,0,0.5923295454545454,0.5256024096385542,0.02556818181818182,0.02710843373493976,203.99999999999997,170.0,213.0,178.99999999999997,9.0,9.0,81.0,0.0006931133625410734,9.0,1.0,139.0,12.15785440613027,1.2922136452479522,0.0,0.0,0.25
002_20200714_163100(2),2,0,0.6079545454545454,0.6069277108433735,0.022727272727272728,0.02710843373493976,210.0,197.00000000000003,217.99999999999997,205.99999999999997,8.0,9.0,72.0,0.0006161007667031764,8.0,0.8888888888888888,126.00000000000003,7.986111111111114,0.7973397465511689,0.0,0.0,0.22222222222222002
002_20200714_163103(5),0,0,0.5809659090909091,0.4292168674698795,0.02556818181818182,0.02710843373493976,199.99999999999997,138.0,209.0,147.0,9.0,9.0,81.0,0.0006931133625410734,9.0,1.0,138.0,19.12988505747127,1.6619349095296878,0.0,0.0,0.2500000000000008
002_20200714_163103(5),1,0,0.5852272727272727,0.49698795180722893,0.022727272727272728,0.030120481927710843,202.0,160.0,210.0,170.0,8.0,10.0,80.0,0.0006845564074479737,8.0,0.8,142.0,15.364285714285714,1.3205588261184549,0.0,0.0,0.24691358024691357
002_20200714_163103(5),2,0,0.5980113636363636,0.572289156626506,0.02556818181818182,0.030120481927710843,206.0,185.00000000000003,215.0,195.0,9.0,10.0,90.0,0.0007701259583789705,9.0,0.9,137.0,8.498084291187737,0.9078926107242178,0.0,0.0,0.277777777777777
002_20200714_225756(0),0,0,0.5454545454545454,0.45481927710843373,0.022727272727272728,0.030120481927710843,188.0,146.0,195.99999999999997,156.0,8.0,10.0,80.0,0.0006845564074479737,8.0,0.8,146.0,17.50892857142857,1.5539922639629435,0.0,0.0,0.2469135802469127
002_20200714_225756(0),1,0,0.5625,0.5210843373493976,0.022727272727272728,0.030120481927710843,194.0,168.00000000000003,202.0,178.0,8.0,10.0,80.0,0.0006845564074479737,8.0,0.8,150.0,12.085714285714275,1.1565678971690116,0.0,0.0,0.24691358024691287
002_20200714_225756(0),2,0,0.5894886363636364,0.6114457831325302,0.02556818181818182,0.030120481927710843,203.0,198.00000000000003,212.0,208.0,9.0,10.0,90.0,0.0007701259583789705,9.0,0.9,124.0,13.386973180076623,1.2649824468730035,0.0,0.0,0.277777777777777
002_20200714_225759(8),0,0,0.578125,0.43373493975903615,0.02556818181818182,0.030120481927710843,199.0,139.0,208.0,149.0,9.0,10.0,90.0,0.0007701259583789705,9.0,0.9,139.0,19.92528735632183,1.7829292341730791,0.0,0.0,0.25
002_20200714_225759(8),1,0,0.5838068181818182,0.5015060240963856,0.02556818181818182,0.02710843373493976,201.0,162.0,210.00000000000003,171.0,9.0,9.0,81.0,0.0006931133625410734,9.0,1.0,141.99999999999997,10.346743295019166,0.9864996579771346,0.0,0.0,0.2500000000000008
002_20200714_225759(8),2,0,0.5951704545454546,0.6054216867469879,0.02556818181818182,0.030120481927710843,205.0,196.0,214.00000000000003,205.99999999999997,9.0,10.0,90.0,0.0007701259583789705,9.0,0.9,126.00000000000003,12.096666666666664,1.0812490668487962,0.0,0.0,0.27777777777777785
002_20200714_225803(3),0,0,0.5610795454545454,0.4563253012048193,0.02556818181818182,0.02710843373493976,192.99999999999997,147.0,202.0,156.0,9.0,9.0,81.0,0.0006931133625410734,9.0,1.0,147.0,23.11954022988506,1.7460574936959905,0.0,0.1,0.2500000000000008
002_20200714_225803(3),1,0,0.5653409090909091,0.5271084337349398,0.022727272727272728,0.024096385542168676,195.0,171.0,203.0,179.0,8.0,8.0,64.0,0.0005476451259583791,8.0,1.0,149.0,9.624038461538461,0.9085165728262923,0.0,0.0,0.19753086419753085
002_20200714_225803(3),2,0,0.5696022727272727,0.6265060240963856,0.019886363636363636,0.03614457831325301,197.0,202.0,203.99999999999997,214.0,7.0,12.0,84.0,0.0007187842278203724,7.0,0.5833333333333334,118.0,15.192446633825952,1.2479986208845035,0.0,0.0,0.2333333333333324
002_20200714_225807(3),0,0,0.6008522727272727,0.4352409638554217,0.02556818181818182,0.02710843373493976,206.99999999999997,140.0,216.0,149.0,9.0,9.0,81.0,0.0006931133625410734,9.0,1.0,136.0,20.69463601532567,1.9406565423839546,0.0,0.1,0.2500000000000008
002_20200714_225807(3),1,0,0.6136363636363636,0.5015060240963856,0.028409090909090908,0.02710843373493976,211.00000000000003,162.0,221.0,171.0,10.0,9.0,90.0,0.0007701259583789705,9.0,1.1111111111111112,131.0,9.304214559386978,1.0431245710137291,0.0,0.0,0.277777777777777
002_20200714_225807(3),2,0,0.6264204545454546,0.5753012048192772,0.02556818181818182,0.030120481927710843,216.0,186.00000000000003,225.00000000000003,196.0,9.0,10.0,90.0,0.0007701259583789705,9.0,0.9,126.99999999999997,10.129999999999995,0.8906234559326227,0.0,0.0,0.27777777777777785
002_20200714_225810(5),0,0,0.5866477272727273,0.45481927710843373,0.03125,0.030120481927710843,201.0,146.0,212.0,156.0,11.0,10.0,110.0,0.0009412650602409639,10.0,1.1,140.0,18.3624633431085,1.6324225209254861,0.0,0.0,0.3395061728395062
002_20200714_225810(5),1,0,0.5852272727272727,0.5210843373493976,0.022727272727272728,0.024096385542168676,202.0,169.0,210.0,177.00000000000003,8.0,8.0,64.0,0.0005476451259583791,8.0,1.0,142.0,8.891666666666666,1.0113844395303722,0.0,0.0,0.19753086419753157
002_20200714_225810(5),2,0,0.5852272727272727,0.5993975903614458,0.022727272727272728,0.024096385542168676,202.0,195.0,210.0,203.00000000000003,8.0,8.0,64.0,0.0005476451259583791,8.0,1.0,128.99999999999997,5.833333333333329,0.5655961129951724,0.0,0.0,0.19753086419753157
002_20200714_225817(4),0,0,0.5838068181818182,0.3132530120481928,0.02556818181818182,0.030120481927710843,201.0,99.0,210.00000000000003,109.00000000000001,9.0,10.0,90.0,0.0007701259583789705,9.0,0.9,99.0,14.099413489736065,1.292495009265212,0.0,0.09090909090909091,0.27777777777777907
002_20200714_225817(4),1,0,0.5838068181818182,0.3795180722891566,0.02556818181818182,0.024096385542168676,201.0,122.0,210.00000000000003,130.0,9.0,8.0,72.0,0.0006161007667031764,8.0,1.125,122.0,8.308928571428567,1.0508291679633084,0.0,0.0,0.22222222222222293
002_20200714_225817(4),2,0,0.5852272727272727,0.4563253012048193,0.022727272727272728,0.02710843373493976,202.0,147.0,210.0,156.0,8.0,9.0,72.0,0.0006161007667031764,8.0,0.8888888888888888,142.0,8.451851851851856,0.841567956129855,0.0,0.0,0.2222222222222222
002_20200715_002443(4),0,0,0.5497159090909091,0.4246987951807229,0.02556818181818182,0.024096385542168676,188.99999999999997,137.0,198.0,145.0,9.0,8.0,72.0,0.0006161007667031764,8.0,1.125,137.0,21.991071428571416,1.6755270729237548,0.0,0.1,0.22222222222222293
002_20200715_002443(4),1,0,0.5553977272727273,0.4954819277108434,0.02556818181818182,0.02710843373493976,191.0,160.0,200.00000000000003,169.0,9.0,9.0,81.0,0.0006931133625410734,9.0,1.0,151.99999999999997,11.01762452107279,1.0944188473111265,0.0,0.0,0.2500000000000008
002_20200715_002443(4),2,0,0.5667613636363636,0.5978915662650602,0.02556818181818182,0.02710843373493976,195.0,194.00000000000003,204.0,202.99999999999997,9.0,9.0,81.0,0.0006931133625410734,9.0,1.0,129.00000000000003,15.078835978835983,1.7753073622431639,0.0,0.0,0.24999999999999842
002_20200715_002447(9),0,0,0.5710227272727273,0.40963855421686746,0.022727272727272728,0.030120481927710843,197.0,131.0,205.0,141.0,8.0,10.0,80.0,0.0006845564074479737,8.0,0.8,131.0,15.126785714285717,1.361636284289141,0.0,0.0,0.2222222222222222
002_20200715_002447(9),1,0,0.5795454545454546,0.48042168674698793,0.022727272727272728,0.02710843373493976,200.00000000000003,155.0,208.0,164.0,8.0,9.0,72.0,0.0006161007667031764,8.0,0.8888888888888888,144.0,13.250925925925927,1.1706376071451434,0.0,0.0,0.22222222222222143
002_20200715_002447(9),2,0,0.5965909090909091,0.5768072289156626,0.028409090909090908,0.03313253012048193,205.0,186.0,214.99999999999997,196.99999999999997,10.0,11.0,110.0,0.0009412650602409639,10.0,0.9090909090909091,135.00000000000003,16.434897360703815,1.6357697132002098,0.0,0.0,0.33950617283950435
002_20200715_002456(9),0,0,0.5440340909090909,0.40963855421686746,0.03125,0.030120481927710843,186.0,131.0,197.0,141.0,11.0,10.0,110.0,0.0009412650602409639,10.0,1.1,131.0,18.719941348973606,1.4736789023517325,0.0,0.0,0.3055555555555556
002_20200715_002456(9),1,0,0.5525568181818182,0.48343373493975905,0.03125,0.03313253012048193,189.00000000000003,155.0,200.00000000000003,166.0,11.0,11.0,121.00000000000001,0.0010353915662650603,11.0,1.0,151.99999999999997,15.918181818181822,1.633943640956313,0.0,0.0,0.3734567901234568
002_20200715_002456(9),2,0,0.5653409090909091,0.5798192771084337,0.022727272727272728,0.02710843373493976,195.0,188.00000000000003,203.0,196.99999999999997,8.0,9.0,72.0,0.0006161007667031764,8.0,0.8888888888888888,135.00000000000003,13.175925925925924,1.2540938137814759,0.0,0.0,0.22222222222222082
002_20200715_002509(0),0,0,0.6036931818181818,0.4006024096385542,0.02556818181818182,0.024096385542168676,207.99999999999997,129.0,217.0,137.0,9.0,8.0,72.0,0.0006161007667031764,8.0,1.125,129.0,14.167857142857144,1.4465097294110245,0.0,0.0,0.22222222222222293
002_20200715_002509(0),1,0,0.6065340909090909,0.46536144578313254,0.019886363636363636,0.02108433734939759,210.00000000000003,151.0,217.0,158.0,7.0,6.999999999999999,49.0,0.0004192907995618839,6.999999999999999,1.0000000000000002,135.0,9.105017006802711,1.0336520883284825,0.0,0.0,0.15123456790123396
002_20200715_002509(0),2,0,0.6164772727272727,0.5451807228915663,0.028409090909090908,0.018072289156626505,212.0,178.0,221.99999999999997,184.0,10.0,6.0,60.0,0.0005134173055859802,6.0,1.6666666666666667,130.00000000000003,4.741025641025644,0.6324928103762488,0.0,0.0,0.18518518518518465
002_20200715_002513(4),0,0,0.5923295454545454,0.4292168674698795,0.019886363636363636,0.02710843373493976,205.0,138.0,211.99999999999997,147.0,7.0,9.0,63.0,0.0005390881708652793,7.0,0.7777777777777778,138.0,12.96208791208791,1.1837549874926385,0.0,0.0,0.19444444444444364
002_20200715_002513(4),1,0,0.6036931818181818,0.4954819277108434,0.02556818181818182,0.02710843373493976,207.99999999999997,160.0,217.0,169.0,9.0,9.0,81.0,0.0006931133625410734,9.0,1.0,135.0,7.84904214559387,1.1099691048769336,0.0,0.0,0.2250000000000007
002_20200715_002513(4),2,0,0.6136363636363636,0.5692771084337349,0.022727272727272728,0.024096385542168676,212.0,184.99999999999997,220.0,193.0,8.0,8.0,64.0,0.0005476451259583791,8.0,1.0,132.0,7.515740740740739,0.6938167395906539,0.0,0.0,0.19753086419753157
002_20200831_163149(1),0,0,0.8117088607594937,0.375,0.022151898734177215,0.02710843373493976,253.00000000000003,120.0,260.0,129.0,7.0,9.0,63.0,0.000600503278938539,7.0,0.7777777777777778,56.0,6.171672771672775,0.7690643794851423,0.0,0.0,0.19444444444444364
002_20200831_163150(6),0,0,0.7784810126582279,0.4292168674698795,0.03164556962025317,0.03313253012048193,241.00000000000003,137.0,251.0,148.0,10.0,11.0,110.0,0.0010484977886228459,10.0,0.9090909090909091,65.0,13.019648093841639,1.2322337398441066,0.0,0.0,0.3055555555555547
002_20200831_203101(4),0,0,0.7990506329113924,0.48343373493975905,0.028481012658227847,0.02710843373493976,248.00000000000003,156.0,257.0,165.0,9.0,9.0,81.0,0.0007720756443495501,9.0,1.0,59.0,11.423059964726633,1.2308152545313122,0.0,0.0,0.24999999999999922
002_20200831_203105(9),0,0,0.7832278481012658,0.47740963855421686,0.028481012658227847,0.03313253012048193,243.0,153.0,251.99999999999997,164.0,9.0,11.0,99.00000000000001,0.0009436480097605612,9.0,0.8181818181818182,64.00000000000003,18.04040404040404,1.440729433589134,0.0,0.0,0.3055555555555546
002_20200901_003133(6),0,0,0.7895569620253164,0.4789156626506024,0.028481012658227847,0.024096385542168676,245.0,155.0,253.99999999999997,163.0,9.0,8.0,72.0,0.0006862894616440446,8.0,1.125,62.00000000000003,13.450000000000003,1.2535454942498419,0.0,0.0,0.22222222222222152
002_20200901_003136(6),0,0,0.7642405063291139,0.48343373493975905,0.03481012658227848,0.02710843373493976,236.0,156.0,246.99999999999997,165.0,11.0,9.0,99.0,0.0009436480097605612,9.0,1.2222222222222223,69.00000000000003,9.59525252525252,1.0300577672675846,0.0,0.0,0.24749999999999936
002_20200901_003139(6),0,0,0.7943037974683544,0.45933734939759036,0.03164556962025317,0.02710843373493976,246.0,148.0,256.0,157.0,10.0,9.0,90.0,0.0008578618270550558,9.0,1.1111111111111112,60.0,10.70498084291188,1.1023058292669003,0.0,0.0,0.25
002_20200901_003142(6),0,0,0.7911392405063291,0.4819277108433735,0.03164556962025317,0.024096385542168676,245.0,156.0,255.0,164.0,10.0,8.0,80.0,0.0007625438462711606,8.0,1.25,61.0,11.405357142857142,1.1415331302231908,0.0,0.0,0.24691358024691357
002_20200901_003148(6),0,0,0.7927215189873418,0.48042168674698793,0.03481012658227848,0.03313253012048193,245.0,154.0,256.0,165.0,11.0,11.0,121.00000000000001,0.0011533475674851304,11.0,1.0,60.0,13.867897727272734,1.2324482673261319,0.0,0.0,0.33611111111111114
002_20200901_043133(6),0,0,0.7768987341772152,0.4879518072289157,0.03481012658227848,0.030120481927710843,240.00000000000003,157.0,251.0,167.0,11.0,10.0,110.0,0.0010484977886228459,10.0,1.1,65.0,15.259824046920826,1.392937822820969,0.0,0.0,0.30555555555555475
002_20200901_043136(6),0,0,0.7737341772151899,0.4457831325301205,0.03481012658227848,0.030120481927710843,239.0,143.0,250.0,153.0,11.0,10.0,110.0,0.0010484977886228459,10.0,1.1,66.0,12.55982404692081,1.3109825258898584,0.0,0.0,0.3395061728395062
002_20200901_043139(6),0,0,0.7848101265822784,0.47740963855421686,0.03164556962025317,0.03313253012048193,243.0,153.0,252.99999999999997,164.0,10.0,11.0,110.0,0.0010484977886228459,10.0,0.9090909090909091,63.00000000000003,20.484457478005865,1.6978681056391527,0.0,0.0,0.3395061728395052
002_20200901_043142(6),0,0,0.7689873417721519,0.4879518072289157,0.03164556962025317,0.030120481927710843,238.0,157.0,248.0,167.0,10.0,10.0,99.99999999999999,0.0009531798078389508,10.0,1.0,68.0,13.016666666666666,1.3412250909779346,0.0,0.0,0.30864197530864196
002_20200901_043145(5),0,0,0.7658227848101266,0.48042168674698793,0.03164556962025317,0.02710843373493976,237.0,155.0,246.99999999999997,164.0,10.0,9.0,90.0,0.0008578618270550558,9.0,1.1111111111111112,69.00000000000003,10.696168582375492,1.2232954851579134,0.0,0.0,0.277777777777777
002_20200901_043148(6),0,0,0.7705696202531646,0.48042168674698793,0.028481012658227847,0.03313253012048193,239.0,154.0,248.0,165.0,9.0,11.0,99.00000000000001,0.0009436480097605612,9.0,0.8181818181818182,68.0,17.27878787878788,1.4524148746773038,0.0,0.0,0.3055555555555556
002_20200901_083204(5),0,0,0.7848101265822784,0.5045180722891566,0.03164556962025317,0.02710843373493976,243.0,162.99999999999997,252.99999999999997,171.99999999999997,10.0,9.0,90.0,0.0008578618270550558,9.0,1.1111111111111112,63.00000000000003,8.519999999999996,0.9389287149867899,0.0,0.0,0.22499999999999937
002_20200901_083452(2),0,0,0.7832278481012658,0.5271084337349398,0.03481012658227848,0.030120481927710843,242.0,170.0,252.99999999999997,180.0,11.0,10.0,110.0,0.0010484977886228459,10.0,1.1,63.00000000000003,10.024926686217015,1.0009787563470005,0.0,0.0,0.2749999999999993
002_20200901_083456(7),0,0,0.7674050632911392,0.5557228915662651,0.03481012658227848,0.02710843373493976,237.0,180.00000000000003,248.0,189.0,11.0,9.0,99.0,0.0009436480097605612,9.0,1.2222222222222223,68.0,12.780505050505056,1.1738062118950487,0.0,0.0,0.3055555555555546
002_20200901_083501(2),0,0,0.7848101265822784,0.5632530120481928,0.0379746835443038,0.030120481927710843,242.0,182.00000000000003,253.99999999999997,192.0,12.0,10.0,120.0,0.0011438157694067409,10.0,1.2,62.00000000000003,14.700000000000003,1.312271060870772,0.0,0.0,0.3333333333333316
002_20200901_083505(8),0,0,0.7642405063291139,0.5783132530120482,0.03481012658227848,0.030120481927710843,236.0,187.0,246.99999999999997,196.99999999999997,11.0,10.0,110.0,0.0010484977886228459,10.0,1.1,69.00000000000003,9.287683284457486,0.9162983698761324,0.0,0.0,0.1785714285714276
002_20200901_083510(2),0,0,0.7800632911392406,0.4683734939759036,0.03481012658227848,0.03313253012048193,241.00000000000003,150.0,252.0,161.0,11.0,11.0,121.00000000000001,0.0011533475674851304,11.0,1.0,64.0,9.88762913223141,1.0604698594970143,0.0,0.0,0.37345679012345584
002_20200901_083514(7),0,0,0.7943037974683544,0.5210843373493976,0.03164556962025317,0.030120481927710843,246.0,168.00000000000003,256.0,178.0,10.0,10.0,99.99999999999999,0.0009531798078389508,10.0,1.0,60.0,11.163333333333327,1.159877653241709,0.0,0.0,0.3086419753086411
002_20200901_123049(7),0,0,0.8006329113924051,0.44728915662650603,0.04430379746835443,0.02710843373493976,246.0,144.0,260.0,153.0,14.0,9.0,126.0,0.001201006557877078,9.0,1.5555555555555556,56.0,15.197258297258294,1.455937363571012,0.0,0.07142857142857142,0.35
002_20200901_123052(7),0,0,0.7784810126582279,0.4819277108433735,0.03164556962025317,0.030120481927710843,241.00000000000003,155.0,251.0,165.0,10.0,10.0,99.99999999999999,0.0009531798078389508,10.0,1.0,65.0,13.476666666666674,1.2466879569533067,0.0,0.0,0.3086419753086411
002_20200901_123100(3),0,0,0.8085443037974683,0.5240963855421686,0.028481012658227847,0.03614457831325301,251.0,168.0,260.0,180.0,9.0,12.0,108.0,0.0010294341924660668,9.0,0.75,56.0,6.877598566308237,0.6415342733124152,0.0,0.0,0.17307692307692307
002_20200901_123104(8),0,0,0.7911392405063291,0.5105421686746988,0.03164556962025317,0.03313253012048193,245.0,164.0,255.0,175.0,10.0,11.0,110.0,0.0010484977886228459,10.0,0.9090909090909091,61.0,9.057184750733128,0.9047574136575457,0.0,0.0,0.1636904761904762
002_20200901_123109(2),0,0,0.805379746835443,0.5376506024096386,0.03481012658227848,0.03313253012048193,249.0,173.0,260.0,184.0,11.0,11.0,121.00000000000001,0.0011533475674851304,11.0,1.0,56.0,13.877556818181816,1.3280893915409524,0.0,0.01652892561983471,0.17899408284023668
002_20200901_191340(2),0,0,0.7848101265822784,0.46536144578313254,0.03164556962025317,0.02710843373493976,243.0,150.0,252.99999999999997,159.0,10.0,9.0,90.0,0.0008578618270550558,9.0,1.1111111111111112,63.00000000000003,6.033716475095787,0.7335500070048024,0.0,0.0,0.24999999999999928
002_20200901_191343(2),0,0,0.7895569620253164,0.5346385542168675,0.028481012658227847,0.03313253012048193,245.0,172.0,253.99999999999997,183.0,9.0,11.0,99.00000000000001,0.0009436480097605612,9.0,0.8181818181818182,62.00000000000003,9.23565656565657,0.9754584101985421,0.0,0.0,0.27499999999999913
002_20200901_191346(1),0,0,0.7943037974683544,0.4939759036144578,0.03164556962025317,0.030120481927710843,246.0,159.0,256.0,169.0,10.0,10.0,99.99999999999999,0.0009531798078389508,10.0,1.0,60.0,9.700000000000003,1.2202810677904745,0.0,0.0,0.30864197530864196
002_20200901_191348(8),0,0,0.7816455696202531,0.4307228915662651,0.03164556962025317,0.030120481927710843,242.0,138.0,251.99999999999997,148.00000000000003,10.0,10.0,99.99999999999999,0.0009531798078389508,10.0,1.0,64.00000000000003,14.610557184750732,1.292966386922313,0.0,0.0,0.30864197530864196
002_20200901_191351(5),0,0,0.7658227848101266,0.552710843373494,0.0379746835443038,0.03313253012048193,236.0,178.0,248.0,189.0,12.0,11.0,132.00000000000003,0.0012581973463474151,11.0,1.0909090909090908,68.0,13.815151515151513,1.260021914825589,0.0,0.08333333333333333,0.36666666666666664
002_20200904_230054(2),0,0,0.7626582278481012,0.4322289156626506,0.03164556962025317,0.03313253012048193,236.0,138.0,245.99999999999997,149.0,10.0,11.0,110.0,0.0010484977886228459,10.0,0.9090909090909091,70.00000000000003,12.270674486803514,1.183687406857341,0.0,0.0,0.3055555555555547
002_20200904_230057(6),0,0,0.7943037974683544,0.5135542168674698,0.03164556962025317,0.02710843373493976,246.0,165.99999999999997,256.0,174.99999999999997,10.0,9.0,90.0,0.0008578618270550558,9.0,1.1111111111111112,60.0,12.530000000000001,1.3515445245818363,0.0,0.0,0.2777777777777778
002_20200904_230105(4),0,0,0.7848101265822784,0.44126506024096385,0.03164556962025317,0.02710843373493976,243.0,142.0,252.99999999999997,151.0,10.0,9.0,90.0,0.0008578618270550558,9.0,1.1111111111111112,63.00000000000003,14.539463601532574,1.4155904678576992,0.0,0.0,0.277777777777777
002_20200905_003315(2),0,0,0.7943037974683544,0.5240963855421686,0.03164556962025317,0.03614457831325301,246.0,168.0,256.0,180.0,10.0,12.0,120.0,0.0011438157694067409,10.0,0.8333333333333334,60.0,13.615625000000009,1.270415023985256,0.0,0.0,0.3333333333333333
002_20200905_003319(2),0,0,0.7943037974683544,0.5015060240963856,0.03164556962025317,0.02710843373493976,246.0,162.0,256.0,171.0,10.0,9.0,90.0,0.0008578618270550558,9.0,1.1111111111111112,60.0,10.7808429118774,1.1262389226840719,0.0,0.0,0.2777777777777778
002_20200905_003323(3),0,0,0.7911392405063291,0.5,0.03164556962025317,0.030120481927710843,245.0,161.0,255.0,171.0,10.0,10.0,99.99999999999999,0.0009531798078389508,10.0,1.0,61.0,12.843333333333334,1.308198841538126,0.0,0.0,0.2777777777777778
002_20200905_003327(3),0,0,0.7816455696202531,0.5045180722891566,0.03164556962025317,0.03313253012048193,242.0,162.0,251.99999999999997,172.99999999999997,10.0,11.0,110.0,0.0010484977886228459,10.0,0.9090909090909091,64.00000000000003,12.574486803519065,1.224130981530724,0.0,0.0,0.3055555555555539
002_20200905_003331(2),0,0,0.7958860759493671,0.5075301204819277,0.028481012658227847,0.02710843373493976,247.00000000000003,164.0,256.0,172.99999999999997,9.0,9.0,81.0,0.0007720756443495501,9.0,1.0,60.0,8.461243386243382,0.9031819746822921,0.0,0.0,0.24999999999999842
002_20200905_003335(3),0,0,0.7895569620253164,0.5150602409638554,0.028481012658227847,0.030120481927710843,245.0,165.99999999999997,253.99999999999997,175.99999999999997,9.0,10.0,90.0,0.0008578618270550556,9.0,0.9,62.00000000000003,14.957676767676759,1.3996294522637502,0.0,0.0,0.2777777777777769
002_20200905_043156(0),0,0,0.805379746835443,0.5180722891566265,0.028481012658227847,0.030120481927710843,250.0,167.0,259.0,177.0,9.0,10.0,90.0,0.0008578618270550556,9.0,0.9,57.0,5.188505747126442,0.7264766602719076,0.0,0.0,0.2777777777777778
002_20200905_043200(0),0,0,0.8117088607594937,0.5301204819277109,0.028481012658227847,0.030120481927710843,252.0,171.00000000000003,261.0,181.0,9.0,10.0,90.0,0.0008578618270550556,9.0,0.9,55.0,5.925287356321846,0.751520042181833,0.0,0.0,0.277777777777777
002_20200905_043204(0),0,0,0.7958860759493671,0.5256024096385542,0.03481012658227848,0.02710843373493976,246.0,170.0,257.0,178.99999999999997,11.0,9.0,99.0,0.0009436480097605612,9.0,1.2222222222222223,59.0,7.366969696969704,0.7888504094103146,0.0,0.0,0.27499999999999913
002_20200905_043208(0),0,0,0.7753164556962026,0.5271084337349398,0.03164556962025317,0.024096385542168676,240.00000000000003,171.0,250.0,179.0,10.0,8.0,80.0,0.0007625438462711606,8.0,1.25,66.0,4.875,0.6046389418841858,0.0,0.0,0.2222222222222216
002_20200905_043212(1),0,0,0.7784810126582279,0.5210843373493976,0.02531645569620253,0.030120481927710843,242.00000000000003,168.00000000000003,250.0,178.0,8.0,10.0,80.0,0.0007625438462711605,8.0,0.8,66.0,6.403571428571425,0.67716804300154,0.0,0.0,0.2222222222222208
002_20200905_043216(0),0,0,0.8069620253164557,0.5301204819277109,0.03164556962025317,0.030120481927710843,250.0,171.00000000000003,260.0,181.0,10.0,10.0,99.99999999999999,0.0009531798078389508,10.0,1.0,56.0,6.343333333333334,0.6406758919332971,0.0,0.0,0.24999999999999928
002_20200905_083407(3),0,0,0.7753164556962026,0.46536144578313254,0.03164556962025317,0.02710843373493976,240.00000000000003,150.0,250.0,159.0,10.0,9.0,90.0,0.0008578618270550558,9.0,1.1111111111111112,66.0,7.637931034482747,0.8374922288279754,0.0,0.0,0.277777777777777
002_20200905_083410(5),0,0,0.7911392405063291,0.4894578313253012,0.03164556962025317,0.03313253012048193,245.0,157.0,255.0,168.0,10.0,11.0,110.0,0.0010484977886228459,10.0,0.9090909090909091,61.0,9.124633431085044,0.8994502629779505,0.0,0.0,0.3395061728395062
002_20200905_083413(6),0,0,0.7943037974683544,0.4352409638554217,0.02531645569620253,0.02710843373493976,247.00000000000003,140.0,255.0,149.0,8.0,9.0,72.0,0.0006862894616440446,8.0,0.8888888888888888,61.0,6.522222222222226,0.7932750174741662,0.0,0.0,0.22222222222222143
002_20200905_083416(3),0,0,0.7927215189873418,0.3810240963855422,0.028481012658227847,0.02710843373493976,246.0,122.0,255.0,131.0,9.0,9.0,81.0,0.0007720756443495501,9.0,1.0,61.0,9.027204585537916,1.0631515266828109,0.0,0.0,0.25
002_20200905_083419(3),0,0,0.7848101265822784,0.5572289156626506,0.02531645569620253,0.03614457831325301,244.0,179.0,251.99999999999997,191.00000000000003,8.0,12.0,96.0,0.0009150526155253927,8.0,0.6666666666666666,64.00000000000003,13.356141439205956,1.0585404104093143,0.0,0.0,0.26666666666666633
002_20200905_083422(4),0,0,0.7879746835443038,0.5376506024096386,0.03164556962025317,0.03313253012048193,244.0,173.0,253.99999999999997,184.0,10.0,11.0,110.0,0.0010484977886228459,10.0,0.9090909090909091,62.00000000000003,14.935777126099708,1.397729486038429,0.0,0.0,0.3395061728395052
002_20200905_123055(0),0,0,0.7990506329113924,0.4246987951807229,0.028481012658227847,0.024096385542168676,248.00000000000003,137.0,257.0,145.0,9.0,8.0,72.0,0.0006862894616440446,8.0,1.125,59.0,4.356481481481481,0.4627669379089597,0.0,0.0,0.19999999999999937
002_20200905_123058(4),0,0,0.7626582278481012,0.463855421686747,0.02531645569620253,0.030120481927710843,237.0,149.0,244.99999999999997,159.0,8.0,10.0,80.0,0.0007625438462711605,8.0,0.8,71.00000000000003,8.371428571428567,0.900417602615956,0.0,0.0,0.22222222222222143
002_20200905_123102(0),0,0,0.7879746835443038,0.4713855421686747,0.03164556962025317,0.02108433734939759,244.0,153.0,253.99999999999997,160.0,10.0,6.999999999999999,70.0,0.0006672258654872655,6.999999999999999,1.4285714285714288,62.00000000000003,6.5047619047619065,0.9533844033238335,0.0,0.0,0.21604938271604876
002_20200905_123103(4),0,0,0.7800632911392406,0.45331325301204817,0.03481012658227848,0.02710843373493976,241.00000000000003,146.0,252.0,155.0,11.0,9.0,99.0,0.0009436480097605612,9.0,1.2222222222222223,64.0,12.438383838383842,1.1640653103856127,0.0,0.0,0.30555555555555475
002_20200905_123105(0),0,0,0.7626582278481012,0.4819277108433735,0.02531645569620253,0.03614457831325301,237.0,154.0,244.99999999999997,166.0,8.0,12.0,96.0,0.0009150526155253927,8.0,0.6666666666666666,71.00000000000003,13.692916666666676,1.1674007260671462,0.0,0.0,0.2666666666666657
002_20200905_123107(5),0,0,0.7689873417721519,0.44126506024096385,0.0379746835443038,0.03313253012048193,237.0,141.0,249.0,152.0,12.0,11.0,132.00000000000003,0.0012581973463474151,11.0,1.0909090909090908,67.0,12.73181818181817,1.1442117604375612,0.0,0.0,0.36666666666666664
002_20200905_123108(4),0,0,0.7974683544303798,0.4894578313253012,0.03164556962025317,0.0391566265060241,247.00000000000003,156.0,257.0,169.0,10.0,13.0,130.0,0.001239133750190636,10.0,0.7692307692307693,59.0,17.216783216783213,1.3218510527231413,0.0,0.07692307692307693,0.4012345679012334
002_20200905_123111(6),0,0,0.7974683544303798,0.37801204819277107,0.03164556962025317,0.03313253012048193,247.00000000000003,120.0,257.0,131.0,10.0,11.0,110.0,0.0010484977886228459,10.0,0.9090909090909091,59.0,14.322580645161295,1.2101883459676057,0.0,0.0,0.3395061728395052
002_20200905_123112(0),0,0,0.7721518987341772,0.44126506024096385,0.02531645569620253,0.03313253012048193,240.00000000000003,141.0,248.0,152.0,8.0,11.0,88.0,0.0008387982308982767,8.0,0.7272727272727273,68.0,11.140047021943573,1.0375580307575294,0.0,0.0,0.271604938271604
002_20200905_163920(4),0,0,0.7674050632911392,0.4894578313253012,0.028481012658227847,0.03313253012048193,238.0,157.0,246.99999999999997,168.0,9.0,11.0,99.00000000000001,0.0009436480097605612,9.0,0.8181818181818182,69.00000000000003,13.762424242424245,1.2238939985498356,0.0,0.0,0.3055555555555546
002_20200905_163922(9),0,0,0.7943037974683544,0.4759036144578313,0.0379746835443038,0.030120481927710843,245.0,153.0,257.0,163.0,12.0,10.0,120.0,0.0011438157694067409,10.0,1.2,59.0,13.097916666666677,1.113746239714273,0.0,0.0,0.3333333333333333
002_20200905_163924(2),0,0,0.7642405063291139,0.45331325301204817,0.028481012658227847,0.02710843373493976,237.0,146.0,245.99999999999997,155.0,9.0,9.0,81.0,0.0007720756443495501,9.0,1.0,70.00000000000003,13.76975308641974,1.2012738060253858,0.0,0.0,0.24999999999999922
002_20200905_163926(4),0,0,0.7800632911392406,0.4307228915662651,0.028481012658227847,0.030120481927710843,242.00000000000003,138.0,251.0,148.00000000000003,9.0,10.0,90.0,0.0008578618270550556,9.0,0.9,65.0,13.719090909090909,1.1393498207719523,0.0,0.0,0.2777777777777777
002_20200905_163928(3),0,0,0.7800632911392406,0.4307228915662651,0.028481012658227847,0.030120481927710843,242.00000000000003,138.0,251.0,148.00000000000003,9.0,10.0,90.0,0.0008578618270550556,9.0,0.9,65.0,15.475959595959594,1.2265220265775192,0.0,0.0,0.2777777777777777
002_20200905_163929(7),0,0,0.7800632911392406,0.4006024096385542,0.028481012658227847,0.030120481927710843,242.00000000000003,127.99999999999999,251.0,138.0,9.0,10.0,90.0,0.0008578618270550556,9.0,0.9,65.0,12.75737373737374,1.0027278320072366,0.0,0.0,0.24999999999999956
002_20200905_163932(3),0,0,0.7784810126582279,0.41566265060240964,0.03164556962025317,0.03614457831325301,241.00000000000003,132.0,251.0,144.0,10.0,12.0,120.0,0.0011438157694067409,10.0,0.8333333333333334,65.0,11.347916666666663,0.9042371398490289,0.0,0.0,0.33333333333333237
002_20200905_163932(9),0,0,0.7974683544303798,0.463855421686747,0.03164556962025317,0.03614457831325301,247.00000000000003,148.0,257.0,160.0,10.0,12.0,120.0,0.0011438157694067409,10.0,0.8333333333333334,59.0,10.026041666666657,0.8461168484410669,0.0,0.0,0.33333333333333237
002_20200905_163936(2),0,0,0.7737341772151899,0.4608433734939759,0.03481012658227848,0.030120481927710843,239.0,148.0,250.0,158.0,11.0,10.0,110.0,0.0010484977886228459,10.0,1.1,66.0,10.610850439882697,1.0679986853253196,0.0,0.0,0.3395061728395062
002_20200905_163936(3),0,0,0.7974683544303798,0.42168674698795183,0.03164556962025317,0.030120481927710843,247.00000000000003,135.0,257.0,145.00000000000003,10.0,10.0,99.99999999999999,0.0009531798078389508,10.0,1.0,59.0,9.229325513196486,0.8516220076430111,0.0,0.0,0.30864197530864196
002_20200905_163939(7),0,0,0.8037974683544303,0.3930722891566265,0.03164556962025317,0.02710843373493976,249.0,126.0,259.0,135.0,10.0,9.0,90.0,0.0008578618270550558,9.0,1.1111111111111112,57.0,5.0256704980842954,0.6209036255193632,0.0,0.0,0.2777777777777778
002_20200905_163940(2),0,0,0.7911392405063291,0.5120481927710844,0.02531645569620253,0.024096385542168676,246.0,166.0,253.99999999999997,174.00000000000003,8.0,8.0,64.0,0.0006100350770169285,8.0,1.0,62.00000000000003,5.407407407407405,0.614416882194788,0.0,0.0,0.19753086419753085
002_20200905_203836(3),0,0,0.8069620253164557,0.411144578313253,0.03164556962025317,0.02710843373493976,250.0,132.0,260.0,141.0,10.0,9.0,90.0,0.0008578618270550558,9.0,1.1111111111111112,56.0,8.441379310344828,0.8696413950498005,0.0,0.0,0.2777777777777778
002_20200905_203840(3),0,0,0.7958860759493671,0.411144578313253,0.028481012658227847,0.02710843373493976,247.00000000000003,132.0,256.0,141.0,9.0,9.0,81.0,0.0007720756443495501,9.0,1.0,60.0,9.851366843033503,1.0735038155578833,0.0,0.0,0.24999999999999922
002_20200905_203844(2),0,0,0.7863924050632911,0.5798192771084337,0.03481012658227848,0.02710843373493976,243.0,188.00000000000003,253.99999999999997,196.99999999999997,11.0,9.0,99.0,0.0009436480097605612,9.0,1.2222222222222223,62.00000000000003,10.222222222222229,0.9453679493397441,0.0,0.0,0.30555555555555286
002_20200905_203848(4),0,0,0.7800632911392406,0.48493975903614456,0.028481012658227847,0.030120481927710843,242.00000000000003,156.0,251.0,166.0,9.0,10.0,90.0,0.0008578618270550556,9.0,0.9,65.0,9.984674329501914,0.8998338934209028,0.0,0.0,0.2777777777777769
002_20200905_203856(3),0,0,0.7753164556962026,0.7228915662650602,0.0379746835443038,0.030120481927710843,239.0,235.0,251.0,245.0,12.0,10.0,120.0,0.0011438157694067409,10.0,1.2,65.0,11.817708333333343,1.0262499940028071,0.0,0.0,0.37037037037037035
002_20200905_203900(3),0,0,0.7927215189873418,0.7168674698795181,0.028481012658227847,0.030120481927710843,246.0,233.00000000000003,255.0,243.0,9.0,10.0,90.0,0.0008578618270550556,9.0,0.9,61.0,8.796934865900383,0.758165974869725,0.0,0.0,0.277777777777777
002_20200905_204033(3),0,0,0.8180379746835443,0.5225903614457831,0.03481012658227848,0.02710843373493976,253.00000000000003,169.0,264.0,177.99999999999997,11.0,9.0,99.0,0.0009436480097605612,9.0,1.2222222222222223,52.0,10.779797979797976,1.270156435754048,0.0,0.09090909090909091,0.3055555555555538
002_20200905_204039(5),0,0,0.7879746835443038,0.6234939759036144,0.03164556962025317,0.030120481927710843,244.0,202.0,253.99999999999997,211.99999999999997,10.0,10.0,99.99999999999999,0.0009531798078389508,10.0,1.0,62.00000000000003,9.313333333333347,0.9614553077515915,0.0,0.0,0.30864197530864024
002_20200905_204042(9),0,0,0.7974683544303798,0.5030120481927711,0.02531645569620253,0.024096385542168676,248.00000000000003,163.00000000000003,256.0,171.00000000000003,8.0,8.0,64.0,0.0006100350770169285,8.0,1.0,60.0,5.901851851851859,0.5614025753033743,0.0,0.0,0.19753086419753016
002_20200905_204046(0),0,0,0.7879746835443038,0.5150602409638554,0.03164556962025317,0.024096385542168676,244.0,166.99999999999997,253.99999999999997,175.0,10.0,8.0,80.0,0.0007625438462711606,8.0,1.25,62.00000000000003,5.707662835249039,0.6912834454932887,0.0,0.0,0.22222222222222238
002_20200905_204049(1),0,0,0.7990506329113924,0.49096385542168675,0.022151898734177215,0.030120481927710843,249.00000000000003,158.0,256.0,168.0,7.0,10.0,70.0,0.0006672258654872655,7.0,0.7,60.0,6.379365079365087,0.6669031404618524,0.0,0.0,0.19444444444444364
002_20200905_204052(3),0,0,0.7768987341772152,0.5225903614457831,0.028481012658227847,0.02710843373493976,241.00000000000003,169.0,250.0,177.99999999999997,9.0,9.0,81.0,0.0007720756443495501,9.0,1.0,66.0,9.55559964726632,0.9986326581320104,0.0,0.0,0.24999999999999842
002_20200906_003059(0),0,0,0.7816455696202531,0.4819277108433735,0.02531645569620253,0.030120481927710843,243.0,155.0,250.99999999999997,165.0,8.0,10.0,80.0,0.0007625438462711605,8.0,0.8,65.00000000000003,8.426785714285714,0.8722178107444366,0.0,0.0,0.2469135802469127
002_20200906_003114(0),0,0,0.7911392405063291,0.4789156626506024,0.03164556962025317,0.03614457831325301,245.0,153.0,255.0,165.0,10.0,12.0,120.0,0.0011438157694067409,10.0,0.8333333333333334,61.0,10.596874999999997,0.9982444549118644,0.0,0.0,0.3333333333333333
002_20200906_003114(8),0,0,0.7911392405063291,0.44728915662650603,0.0379746835443038,0.03313253012048193,244.0,143.0,256.0,154.0,12.0,11.0,132.00000000000003,0.0012581973463474151,11.0,1.0909090909090908,60.0,14.51969696969698,1.203521036867547,0.0,0.0,0.36666666666666664
002_20200906_003117(3),0,0,0.7927215189873418,0.5120481927710844,0.03481012658227848,0.03614457831325301,245.0,164.0,256.0,176.0,11.0,12.0,132.0,0.001258197346347415,11.0,0.9166666666666666,60.0,10.077272727272728,1.0020349614740192,0.0,0.08333333333333333,0.4074074074074074
002_20200906_003118(7),0,0,0.7943037974683544,0.42319277108433734,0.03164556962025317,0.02710843373493976,246.0,136.0,256.0,145.0,10.0,9.0,90.0,0.0008578618270550558,9.0,1.1111111111111112,60.0,11.358237547892713,1.1679353676114022,0.0,0.0,0.2777777777777778
002_20200906_003120(8),0,0,0.8006329113924051,0.5557228915662651,0.03164556962025317,0.02710843373493976,248.00000000000003,180.00000000000003,258.0,189.0,10.0,9.0,90.0,0.0008578618270550558,9.0,1.1111111111111112,58.0,6.522988505747122,0.680445175306752,0.0,0.0,0.2499999999999985
002_20200906_003122(7),0,0,0.8006329113924051,0.4759036144578313,0.03164556962025317,0.030120481927710843,248.00000000000003,153.0,258.0,163.0,10.0,10.0,99.99999999999999,0.0009531798078389508,10.0,1.0,58.0,7.576666666666668,0.9199349481931223,0.0,0.0,0.3086419753086411
002_20200906_003124(0),0,0,0.7974683544303798,0.46536144578313254,0.0379746835443038,0.02710843373493976,246.0,150.0,258.0,159.0,12.0,9.0,108.0,0.0010294341924660668,9.0,1.3333333333333333,58.0,10.674551971326153,1.0702084327938215,0.0,0.0,0.3
002_20200906_003126(8),0,0,0.7816455696202531,0.44879518072289154,0.02531645569620253,0.030120481927710843,243.0,143.99999999999997,250.99999999999997,154.0,8.0,10.0,80.0,0.0007625438462711605,8.0,0.8,65.00000000000003,9.034482758620683,0.7422308654687179,0.0,0.0,0.2469135802469134
002_20200906_003127(3),0,0,0.7990506329113924,0.5030120481927711,0.028481012658227847,0.03614457831325301,248.00000000000003,161.0,257.0,173.0,9.0,12.0,108.0,0.0010294341924660668,9.0,0.75,59.0,10.00549581839904,0.9196654944154883,0.0,0.0,0.29999999999999905
002_20200906_003130(7),0,0,0.7784810126582279,0.4563253012048193,0.03164556962025317,0.03313253012048193,241.00000000000003,146.0,251.0,157.0,10.0,11.0,110.0,0.0010484977886228459,10.0,0.9090909090909091,65.0,7.404105571847509,0.753242568564333,0.0,0.0,0.3055555555555547
002_20200906_003132(7),0,0,0.7911392405063291,0.47289156626506024,0.03164556962025317,0.024096385542168676,245.0,153.0,255.0,161.0,10.0,8.0,80.0,0.0007625438462711606,8.0,1.25,61.0,5.212500000000006,0.5655600292000352,0.0,0.0,0.24691358024691357
002_20200907_184813(1),0,0,0.805379746835443,0.32981927710843373,0.022151898734177215,0.02710843373493976,251.0,105.0,258.0,114.0,7.0,9.0,63.0,0.000600503278938539,7.0,0.7777777777777778,58.0,7.5105006105006,0.6679725511854244,0.0,0.0,0.19444444444444445
002_20200907_184815(7),0,0,0.7705696202531646,0.7304216867469879,0.028481012658227847,0.02710843373493976,239.0,238.0,248.0,246.99999999999997,9.0,9.0,81.0,0.0007720756443495501,9.0,1.0,68.0,5.1380952380952465,0.4910491905375149,0.0,0.0,0.22499999999999928
002_20200907_184818(2),0,0,0.7658227848101266,0.4954819277108434,0.02531645569620253,0.03313253012048193,238.0,159.0,245.99999999999997,170.0,8.0,11.0,88.0,0.0008387982308982767,8.0,0.7272727272727273,70.00000000000003,7.2051724137931075,0.693141862485953,0.0,0.0,0.271604938271604
002_20200907_184823(7),0,0,0.7974683544303798,0.5692771084337349,0.02531645569620253,0.03614457831325301,248.00000000000003,183.0,256.0,195.0,8.0,12.0,96.0,0.0009150526155253927,8.0,0.6666666666666666,60.0,7.890416666666667,0.6377175924340502,0.0,0.0,0.2962962962962952
002_20200907_184826(3),0,0,0.7879746835443038,0.5798192771084337,0.03164556962025317,0.02108433734939759,244.0,189.0,253.99999999999997,196.0,10.0,6.999999999999999,70.0,0.0006672258654872655,6.999999999999999,1.4285714285714288,62.00000000000003,7.196825396825403,0.974689810583789,0.0,0.0,0.21604938271604876
002_20200907_184828(8),0,0,0.7721518987341772,0.5271084337349398,0.03164556962025317,0.030120481927710843,239.0,170.0,249.0,180.0,10.0,10.0,99.99999999999999,0.0009531798078389508,10.0,1.0,67.0,8.86999999999999,0.7522611694750628,0.0,0.0,0.30864197530864196
002_20200907_204635(5),0,0,0.7737341772151899,0.3463855421686747,0.03481012658227848,0.030120481927710843,239.0,109.99999999999999,250.0,120.0,11.0,10.0,110.0,0.0010484977886228459,10.0,1.1,66.0,12.546255165289253,1.1241436147562225,0.0,0.0,0.3395061728395067
002_20200907_204640(0),0,0,0.8006329113924051,0.5331325301204819,0.03164556962025317,0.030120481927710843,248.00000000000003,172.0,258.0,181.99999999999997,10.0,10.0,99.99999999999999,0.0009531798078389508,10.0,1.0,58.0,10.486666666666679,0.9028066957107281,0.0,0.0,0.30864197530864024
002_20200907_204644(5),0,0,0.7943037974683544,0.4382530120481928,0.03164556962025317,0.03313253012048193,246.0,140.0,256.0,151.0,10.0,11.0,110.0,0.0010484977886228459,10.0,0.9090909090909091,60.0,9.837536656891501,0.8593499129899373,0.0,0.0,0.3395061728395062
002_20200907_204649(0),0,0,0.7689873417721519,0.3313253012048193,0.03164556962025317,0.030120481927710843,238.0,105.0,248.0,115.00000000000001,10.0,10.0,99.99999999999999,0.0009531798078389508,10.0,1.0,68.0,16.662170087976534,1.3528117986520913,0.0,0.0,0.3086419753086424
002_20200907_204653(4),0,0,0.7848101265822784,0.3855421686746988,0.03164556962025317,0.03614457831325301,243.0,122.0,252.99999999999997,134.0,10.0,12.0,120.0,0.0011438157694067409,10.0,0.8333333333333334,63.00000000000003,15.535416666666663,1.2654215691828135,0.0,0.08333333333333333,0.3703703703703693
