stem,valid_boxes,label_sha256,image_found,candidate_files,raw_pixel_variants,path,width,height,mode,pixel_sha256,chroma_pixels,chroma_fraction,chroma10_pixels,chroma60_pixels,color_components,phash,prefix,date,time,gray_mean,gray_std,markers_iou05_matched_gt,markers_iou01_matched_gt
001_20200622_203305(8),3,beacc3ef7875fb3ff6e932e43388a6f8a99590db908f64487df91a5c2f644a94,True,7,1,4. X-ray 검사장비 AI 데이터셋/dataset/test1/yolov3/X선이물검출기(06.23_09.22)/3호기(2020.09.22)/SN12053_20200622_NgImage/001_20200622_203305(8).bmp,576,444,P,11e66359bfc8acc10dd487bbb044e18871be7f4682ae3082a1682e64e3aff576,408,0.0015953453453453454,408,408,3,6a9395646a326e99,001,20200622,203305,191.85797907282281,37.05009785930155,0,3
001_20200622_203309(1),3,f11feaf4aeeaecfba595478080f53ba00ccd38cb20ff1a6e3f33ee718dcd6e1a,True,7,1,4. X-ray 검사장비 AI 데이터셋/dataset/test1/yolov3/X선이물검출기(06.23_09.22)/3호기(2020.09.22)/SN12053_20200622_NgImage/001_20200622_203309(1).bmp,576,444,P,6f207113c7caafabe9d68a1575cf4acd8a89a0ab8f173137e34b6461ca252040,424,0.0016579079079079078,424,424,3,6ea5915a6a956e24,001,20200622,203309,191.96839026526527,37.22508076753488,0,3
001_20200622_203312(6),3,23d2a26f38d5f6c86ffafc6860c7e965870f84d9dd54a29bc2ce720bcb249745,True,7,1,4. X-ray 검사장비 AI 데이터셋/dataset/test1/yolov3/X선이물검출기(06.23_09.22)/3호기(2020.09.22)/SN12053_20200622_NgImage/001_20200622_203312(6).bmp,576,444,P,12e571bb4641555af7363ecfb01ce1db67361da560a18d45f74bc0dedddd919d,408,0.0015953453453453454,408,408,3,6a95914a6a946eb5,001,20200622,203312,191.88935028778778,37.373655342844536,1,3
001_20200622_203316(0),3,29a0779224f6fcc5c717fce7b644e331d25818aa01070a0a791b289690929058,True,7,1,4. X-ray 검사장비 AI 데이터셋/dataset/test1/yolov3/X선이물검출기(06.23_09.22)/3호기(2020.09.22)/SN12053_20200622_NgImage/001_20200622_203316(0).bmp,576,444,P,250da7fbf716b9b541fe4dcc65bdfa895a9eb8ab808fd58c8735fb5feef660d8,416,0.0016266266266266266,416,416,3,6e91956e6ab46891,001,20200622,203316,191.82288538538538,37.57980192431231,0,3
001_20200622_203319(4),3,b6efa2ea290bf86b11de2de2e480447be4a15c6c20b79e973a343d7636a1556e,True,7,1,4. X-ray 검사장비 AI 데이터셋/dataset/test1/yolov3/X선이물검출기(06.23_09.22)/3호기(2020.09.22)/SN12053_20200622_NgImage/001_20200622_203319(4).bmp,576,444,P,439693848038e6965355647372d4cf04e884ed8df0f5b676698df2bec71d374f,416,0.0016266266266266266,416,416,3,6e93956c4ab64a91,001,20200622,203319,191.84593577952953,37.54171232389,0,3
001_20200622_203330(3),3,7b23b878531e9b9227ad319fd396918a45cf25906ec7b195d4ab54ab47919d85,True,8,1,4. X-ray 검사장비 AI 데이터셋/dataset/test1/yolov3/X선이물검출기(06.23_09.22)/3호기(2020.09.22)/SN12053_20200622_NgImage/001_20200622_203330(3).bmp,576,444,P,607d9e9f06188e0b4d9823fc775b8e4c07f7a604235bc8af0638d3bc2c71aa5e,416,0.0016266266266266266,416,416,3,6e91956e4aa45b91,001,20200622,203330,191.95253847597598,36.72254318053803,0,3
001_20200623_003516(8),3,fac5b8f5df457bcc84a1cb795d92de897e91dc5e8e623f8a5612e9c46112679b,True,7,1,4. X-ray 검사장비 AI 데이터셋/dataset/test1/yolov3/X선이물검출기(06.23_09.22)/3호기(2020.09.22)/SN12053_20200623_NgImage/001_20200623_003516(8).bmp,576,444,P,2fdfa1e235ceb4c68e7aacb03f468a3d1835ecb076312153046ee1dbe4356b56,424,0.0016579079079079078,424,424,3,6ab5914a6e896cb4,001,20200623,003516,192.1811616303804,36.325232781099494,1,3
001_20200623_003520(5),3,3007cfe0ebcbfc865ed08be164df00d72345f9b0485727108924325a1c6dfe17,True,7,1,4. X-ray 검사장비 AI 데이터셋/dataset/test1/yolov3/X선이물검출기(06.23_09.22)/3호기(2020.09.22)/SN12053_20200623_NgImage/001_20200623_003520(5).bmp,576,444,P,2a54a3d480814b48d3200954188e6bec5e575cd37a6f5388d7958adbe001b0f9,424,0.0016579079079079078,424,424,3,6a95956a6a846e95,001,20200623,003520,192.20734015265265,36.36759039646127,0,3
001_20200623_003524(0),3,c72e1be91da74927ffd64c80b4e8a33f39af531da597957d679fc7f9c556f134,True,7,1,4. X-ray 검사장비 AI 데이터셋/dataset/test1/yolov3/X선이물검출기(06.23_09.22)/3호기(2020.09.22)/SN12053_20200623_NgImage/001_20200623_003524(0).bmp,576,444,P,b0b2776f7cc89c8a13f3fde4569b3eab01753205e2fc67de28e54090cb5e5554,416,0.0016266266266266266,416,416,3,6ab5914a6a896cb5,001,20200623,003524,192.1424705955956,36.373038736634285,1,3
001_20200623_003529(0),3,9e7dd344a6dd08bc7943e598204a828d0d31bc88f1b954630fa110778823d49f,True,7,1,4. X-ray 검사장비 AI 데이터셋/dataset/test1/yolov3/X선이물검출기(06.23_09.22)/3호기(2020.09.22)/SN12053_20200623_NgImage/001_20200623_003529(0).bmp,576,444,P,de976fafb2d29e204fc42b6fd9143951d4957c8739068e3633ecedf72ed8550c,424,0.0016579079079079078,424,424,3,6a6495936ad96a64,001,20200623,003529,192.14963400900902,36.22900157914383,0,3
001_20200623_003532(5),3,15719cbc1c6582055c4aa0a42a526defa074c71f79ec8463bbf5ae6de6b1e174,True,7,1,4. X-ray 검사장비 AI 데이터셋/dataset/test1/yolov3/X선이물검출기(06.23_09.22)/3호기(2020.09.22)/SN12053_20200623_NgImage/001_20200623_003532(5).bmp,576,444,P,575f472cb8030dd63010d9ee9dd40b01594fa43411a954027b9376dcb241db0e,392,0.0015327827827827827,392,392,3,6e6a91956453a56c,001,20200623,003532,192.2569209834835,36.1451114451944,0,3
001_20200623_003536(0),3,1bd74629eae32f097bc83286f6ec09c446f24f8f956adb3ed399eb3797ce3247,True,7,1,4. X-ray 검사장비 AI 데이터셋/dataset/test1/yolov3/X선이물검출기(06.23_09.22)/3호기(2020.09.22)/SN12053_20200623_NgImage/001_20200623_003536(0).bmp,576,444,P,a364f4793449176899ab82fd58bd8b9012252d2a45410fe146633bec33c0481a,416,0.0016266266266266266,416,416,3,6a6c95936a58686e,001,20200623,003536,192.16100084459458,36.20988824547532,0,3
001_20200623_043227(1),3,016e05725fbc674e65e5a4a585583187002f8f6adec43283a55557673d637681,True,7,1,4. X-ray 검사장비 AI 데이터셋/dataset/test1/yolov3/X선이물검출기(06.23_09.22)/3호기(2020.09.22)/SN12053_20200623_NgImage/001_20200623_043227(1).bmp,576,444,P,fde3e053a9a79c5a3273e4e7ef576dbc0d5593988c9931de6f6100b1205c3ba5,408,0.0015953453453453454,408,408,3,6a6e95916a526a6a,001,20200623,043227,192.29876360735736,36.07247156926563,0,3
001_20200623_043231(6),3,a102ce94deba6f303c0e033bc55cc108e2bd920dc7decb73089f5426bcd9c7fa,True,7,1,4. X-ray 검사장비 AI 데이터셋/dataset/test1/yolov3/X선이물검출기(06.23_09.22)/3호기(2020.09.22)/SN12053_20200623_NgImage/001_20200623_043231(6).bmp,576,444,P,bcdd0089c0236d332b058f03071788bfa52c732833654ada32e40eb0d2d21e5a,416,0.0016266266266266266,416,416,3,6e6c95914a526a6e,001,20200623,043231,192.27500547422423,35.98893708649956,0,3
001_20200623_043236(1),3,a0d9ed5be6e7872b18dc9857939545956562653fbc82e3723b2464bbec0c17fe,True,7,1,4. X-ray 검사장비 AI 데이터셋/dataset/test1/yolov3/X선이물검출기(06.23_09.22)/3호기(2020.09.22)/SN12053_20200623_NgImage/001_20200623_043236(1).bmp,576,444,P,3bb5c359861e5edb98fca6590c0188afc7be498b66979a8be4ac57372cfb3853,424,0.0016579079079079078,424,424,3,6e6e95914a5b486a,001,20200623,043236,192.302881006006,35.928721989996234,0,3
001_20200623_043240(6),3,3bebac1dff88e8e34249411f9e6f76d56fd44f2214138751aa81fbd74198604b,True,6,1,4. X-ray 검사장비 AI 데이터셋/dataset/test1/yolov3/X선이물검출기(06.23_09.22)/3호기(2020.09.22)/SN12053_20200623_NgImage/001_20200623_043240(6).bmp,576,444,P,4d01eab66787e25202e7401227733dcf269be152ead739cc0b72950f317e761f,416,0.0016266266266266266,416,416,3,6e6c95916a52686e,001,20200623,043240,192.19359984984985,35.88412809450918,0,3
001_20200623_043245(2),3,81397cb26c97c8a3fc47085164788ca8a6cd124f71ee344bf2cf0bddea25bb56,True,6,1,4. X-ray 검사장비 AI 데이터셋/dataset/test1/yolov3/X선이물검출기(06.23_09.22)/3호기(2020.09.22)/SN12053_20200623_NgImage/001_20200623_043245(2).bmp,576,444,P,d75f20b1f2c90a1dddfe1f4e7ad578b49b9b9b333a81ec23a3f6cae5ff0af2f9,408,0.0015953453453453454,408,408,3,6e6c91914a556a6e,001,20200623,043245,192.29663257007007,36.00213905799218,0,3
001_20200623_043249(6),3,bc47ec20bf28cebf07e7c9a592313ab6e246b4751b6972e5d3dae2f69354ac51,True,6,1,4. X-ray 검사장비 AI 데이터셋/dataset/test1/yolov3/X선이물검출기(06.23_09.22)/3호기(2020.09.22)/SN12053_20200623_NgImage/001_20200623_043249(6).bmp,576,444,P,bac870127a6659c9cc73131fed7503b170197f808f44f5e025aa37b248fd8947,416,0.0016266266266266266,416,416,3,6e6c95916a51686e,001,20200623,043249,192.3404420045045,35.911426982476556,0,3
001_20200623_082407(9),3,c0778c60eec3a890baff173f96e75d243953c90d9733ca4921d8dbb89b79953f,True,6,1,4. X-ray 검사장비 AI 데이터셋/dataset/test1/yolov3/X선이물검출기(06.23_09.22)/3호기(2020.09.22)/SN12053_20200623_NgImage/001_20200623_082407(9).bmp,576,444,P,c76bebccebf449ffdd817359c81a37f4e27cbb112943103af4a3abd65177df3b,432,0.0016891891891891893,432,432,3,6a9395646a266a9b,001,20200623,082407,192.31712962962962,36.06789681090478,1,3
001_20200623_082411(0),3,b416fbdc21a7f377544f6ef4f64cffbd24b4e52cb3227ae7740841877bea549d,True,6,1,4. X-ray 검사장비 AI 데이터셋/dataset/test1/yolov3/X선이물검출기(06.23_09.22)/3호기(2020.09.22)/SN12053_20200623_NgImage/001_20200623_082411(0).bmp,576,444,P,b8e26354a491df4e5a09b4094f5037b7ec87706a8256016694b48df864323f4d,440,0.0017204704704704705,440,440,3,6a5a95a56a626a5a,001,20200623,082411,192.33598442192192,35.98792102047065,0,3
001_20200623_082414(1),3,f3b3385d10d76702547e448a837c54c0c38949c99aca3a79a9f7719e8e7b9955,True,6,1,4. X-ray 검사장비 AI 데이터셋/dataset/test1/yolov3/X선이물검출기(06.23_09.22)/3호기(2020.09.22)/SN12053_20200623_NgImage/001_20200623_082414(1).bmp,576,444,P,5914860e77cd1fa6bcfd5db5be44161dd42f1c642711aaac45a48f81850447e3,416,0.0016266266266266266,416,416,3,6a6a91956e526c6a,001,20200623,082414,192.19194194194193,36.01220772860393,0,3
001_20200623_082416(7),3,f1e4251c7b6a22b8b23a3ff5c3a900acc756215ebdead5fe921fed94cc2db6af,True,6,1,4. X-ray 검사장비 AI 데이터셋/dataset/test1/yolov3/X선이물검출기(06.23_09.22)/3호기(2020.09.22)/SN12053_20200623_NgImage/001_20200623_082416(7).bmp,576,444,P,1e826657dc56da1662ec14aac76f4060c1d0eb317c533fa7059b55737c741327,456,0.001783033033033033,456,456,3,6e93956c4aac4a93,001,20200623,082416,192.17087790915915,36.058925541492194,0,3
001_20200623_082419(6),3,3ffa2986a52ec2c56770f4d47699a0cf8722e9bd151e863dc7ab344a4008a776,True,6,1,4. X-ray 검사장비 AI 데이터셋/dataset/test1/yolov3/X선이물검출기(06.23_09.22)/3호기(2020.09.22)/SN12053_20200623_NgImage/001_20200623_082419(6).bmp,576,444,P,a7a4dba886fe11be3fc87fbdb5eb780997b6f52fe6bd712a29e4c93962cbe229,424,0.0016579079079079078,424,424,3,6e91956a4aa56e91,001,20200623,082419,192.19835460460462,36.00780893048556,1,3
001_20200623_082422(5),3,d46737910069853e322bb22d034f259b236a03f1e511209a67fe30ef27f4012e,True,6,1,4. X-ray 검사장비 AI 데이터셋/dataset/test1/yolov3/X선이물검출기(06.23_09.22)/3호기(2020.09.22)/SN12053_20200623_NgImage/001_20200623_082422(5).bmp,576,444,P,22a17bc6868df9ba0a4bda66fd53e4209738ef8ca3a862f8310ea10e969257a0,464,0.0018143143143143144,464,464,3,6a93956e4aae4a91,001,20200623,082422,192.14242367367368,36.07868128080823,0,3
001_20200623_123214(3),3,ede45a06d27568bfa1c9ce6e6bc5522e87f18c50012689abcaaafe0e9498f86b,True,6,1,4. X-ray 검사장비 AI 데이터셋/dataset/test1/yolov3/X선이물검출기(06.23_09.22)/3호기(2020.09.22)/SN12053_20200623_NgImage/001_20200623_123214(3).bmp,576,444,P,5992c628230996f571c1de364d1944029f477dcfdb0e45d44122a93088b077a0,408,0.0015953453453453454,408,408,3,6e9b95646a24689b,001,20200623,123214,191.98652949824825,36.08854143136614,0,3
001_20200623_123223(3),3,06e4bde0e82667f4597ed6fde99640df575c9a165650537a6b30c15eb291812f,True,6,1,4. X-ray 검사장비 AI 데이터셋/dataset/test1/yolov3/X선이물검출기(06.23_09.22)/3호기(2020.09.22)/SN12053_20200623_NgImage/001_20200623_123223(3).bmp,576,444,P,febaeb2afa54b1cd89a4f0f5bb284f8b31a4215aa3be9dd94c32cf1d17abf3bd,408,0.0015953453453453454,408,408,3,6e95914a6aa56e91,001,20200623,123223,192.0987471846847,36.19006795829277,0,3
001_20200623_123232(3),3,f8e6ae319f7108b7434f7ed90f6a03cb87b236f4a67f4f2f00f986fb7eff6142,True,6,1,4. X-ray 검사장비 AI 데이터셋/dataset/test1/yolov3/X선이물검출기(06.23_09.22)/3호기(2020.09.22)/SN12053_20200623_NgImage/001_20200623_123232(3).bmp,576,444,P,044844a0922e634f968c0f9d32072265d641c6f0272dc22f006550a437558efd,408,0.0015953453453453454,408,408,3,6e6a91956c52266e,001,20200623,123232,192.15372403653654,35.99820858578321,0,3
001_20200623_123236(9),3,8e5875ce60952385b9e60f7fa5a9daa172dc02d6e53881301a36f4103b21f192,True,6,1,4. X-ray 검사장비 AI 데이터셋/dataset/test1/yolov3/X선이물검출기(06.23_09.22)/3호기(2020.09.22)/SN12053_20200623_NgImage/001_20200623_123236(9).bmp,576,444,P,7c80762f389c0680924e602b9da73b9a95ccab42e180a384adfb570bf10e0b73,416,0.0016266266266266266,416,416,3,6e4a91b56e526c4a,001,20200623,123236,192.21428850725727,35.97185177338634,1,3
001_20200623_123241(3),3,29ea4130525e92dc8e7dd964706b84b3265e1e625ed212853581849e5292e378,True,6,1,4. X-ray 검사장비 AI 데이터셋/dataset/test1/yolov3/X선이물검출기(06.23_09.22)/3호기(2020.09.22)/SN12053_20200623_NgImage/001_20200623_123241(3).bmp,576,444,P,ff0c1aa4bc9009bc16cb0f3bafb19ff59f1627ab969755e73b3e44c00eb318af,432,0.0016891891891891893,432,432,3,6e91956e6a296c91,001,20200623,123241,192.2556736423924,36.25786775118898,0,3
001_20200623_123245(8),3,c9838ac19a9d045aefa49ccb99f7ede3e6587beae8e99ec7003ed806f04bc586,True,6,1,4. X-ray 검사장비 AI 데이터셋/dataset/test1/yolov3/X선이물검출기(06.23_09.22)/3호기(2020.09.22)/SN12053_20200623_NgImage/001_20200623_123245(8).bmp,576,444,P,7b1c5c64764048e6a40cdeb5dc9269114748532807be2b34ce34618e3493aea7,424,0.0016579079079079078,424,424,3,6a6a91956a526e6a,001,20200623,123245,192.33956612862863,36.069778121450575,2,3
001_20200623_163159(5),3,ce8a61829761ea8737b06ff826cfa97465f85eec6b0d908e59b02f392edc37d7,True,6,1,4. X-ray 검사장비 AI 데이터셋/dataset/test1/yolov3/X선이물검출기(06.23_09.22)/3호기(2020.09.22)/SN12053_20200623_NgImage/001_20200623_163159(5).bmp,576,444,P,d07a42a0181551c84dffef835d0cee8b1491df32de4476af0a71d646d475a9e6,496,0.0019394394394394395,496,496,3,6e6c91934a516c6e,001,20200623,163159,192.1904130693193,35.98695521344441,0,3
001_20200623_163209(3),3,6442058549a0544d8a2d643307eed8e5ca0e80114581d65be630e45c617460fa,True,6,1,4. X-ray 검사장비 AI 데이터셋/dataset/test1/yolov3/X선이물검출기(06.23_09.22)/3호기(2020.09.22)/SN12053_20200623_NgImage/001_20200623_163209(3).bmp,576,444,P,0b0509c7811a659e6cda8b35a7f4393887eceb38da6e7268f4e4e491f293255d,408,0.0015953453453453454,408,408,3,6e6e91914a526c6e,001,20200623,163209,192.21098442192192,36.03938872265504,2,3
001_20200623_163212(9),3,47fb718c60d45fdd5a22a95b979377ba2fc3eaaf4d50462475a50252b55d63a5,True,6,1,4. X-ray 검사장비 AI 데이터셋/dataset/test1/yolov3/X선이물검출기(06.23_09.22)/3호기(2020.09.22)/SN12053_20200623_NgImage/001_20200623_163212(9).bmp,576,444,P,f874d0e89da49d13bfb6abe94d1045eb86308a532b033a2d1df5ff0948b8a642,400,0.0015640640640640642,400,400,3,6e6e95914a5a486e,001,20200623,163212,192.1807002314815,35.95905092711354,1,3
001_20200623_163216(2),3,1ce6c53fbfe2174499732577e89f0d19022711896a05e5cfbe1fc212ef8116fd,True,6,1,4. X-ray 검사장비 AI 데이터셋/dataset/test1/yolov3/X선이물검출기(06.23_09.22)/3호기(2020.09.22)/SN12053_20200623_NgImage/001_20200623_163216(2).bmp,576,444,P,4fa6566428b6c24fd95ae6f7f1079079c9e3844565f11068bfaa1b9156110fc2,432,0.0016891891891891893,432,432,3,6a6a95956a526c6a,001,20200623,163216,192.35320867742743,36.0229243407357,1,3
001_20200623_163219(5),3,73134d77bad50b83e9572bd2e402023fda38395d8e8348fb57ca5b3579876878,True,5,1,4. X-ray 검사장비 AI 데이터셋/dataset/test1/yolov3/X선이물검출기(06.23_09.22)/3호기(2020.09.22)/SN12053_20200623_NgImage/001_20200623_163219(5).bmp,576,444,P,f1265eb7636ef6ddfae47eac321f0b31e5a0c190ddcad7dae75de727505fa17a,456,0.001783033033033033,456,456,3,6e9b95644a226a9b,001,20200623,163219,192.2957254129129,36.158306586369214,0,3
001_20200623_163222(9),3,9ffcebf87865bde2a34b366e47670d9f04b833e8e0ff9c1ec4a6a63998e8ae24,True,5,1,4. X-ray 검사장비 AI 데이터셋/dataset/test1/yolov3/X선이물검출기(06.23_09.22)/3호기(2020.09.22)/SN12053_20200623_NgImage/001_20200623_163222(9).bmp,576,444,P,e8feffc717627f20ddc82b7185fabcbf8b125cadf48d6a1f99e95815f30ec385,416,0.0016266266266266266,416,416,3,6e4a91b56a526c6a,001,20200623,163222,192.36012184059058,36.0179200474356,3,3
001_20200623_203217(4),3,91a36936daf149b29a4b2659ff5fe69d8e8d575aceff7ce105872fdf45a0a4ff,True,6,1,4. X-ray 검사장비 AI 데이터셋/dataset/test1/yolov3/X선이물검출기(06.23_09.22)/3호기(2020.09.22)/SN12053_20200623_NgImage/001_20200623_203217(4).bmp,576,444,P,57c78bc8fc49384ed4fab30734d6cc737b47ba619ebec86c35c886fb554d608e,408,0.0015953453453453454,408,408,3,6a95916a6aa86e95,001,20200623,203217,192.29574105355354,36.33127085836935,1,3
001_20200623_203222(0),3,4cdc15a6bb1c12d33ca4f353962521ce8788c0e23d337eeafe309aebda0b6fca,True,6,1,4. X-ray 검사장비 AI 데이터셋/dataset/test1/yolov3/X선이물검출기(06.23_09.22)/3호기(2020.09.22)/SN12053_20200623_NgImage/001_20200623_203222(0).bmp,576,444,P,07c8bb0ab00e8a049e80d5e38ef0782ccaf89de794b4fb5f74eb753d0fecc095,432,0.0016891891891891893,432,432,3,6a91956e4aa8da95,001,20200623,203222,192.23512575075074,36.52905257339509,0,3
001_20200623_203226(3),3,c979b21af6f9e7080392b7f94c0cbf1ca91b2de5d7bf787b00fedb7dbc53b201,True,6,1,4. X-ray 검사장비 AI 데이터셋/dataset/test1/yolov3/X선이물검출기(06.23_09.22)/3호기(2020.09.22)/SN12053_20200623_NgImage/001_20200623_203226(3).bmp,576,444,P,5aabd6be9160ccaeb4643d745760876ea3309535bd5fc53670e513228f073fab,400,0.0015640640640640642,400,400,3,6a91956e6aa66a91,001,20200623,203226,192.291455518018,36.378001131778525,1,3
001_20200623_203230(9),3,bfad9bd2b3edaa510f33dd574fe3a017b7814c932b1839a7f00086ff1b101260,True,6,1,4. X-ray 검사장비 AI 데이터셋/dataset/test1/yolov3/X선이물검출기(06.23_09.22)/3호기(2020.09.22)/SN12053_20200623_NgImage/001_20200623_203230(9).bmp,576,444,P,daa7c5425f59072527558c074c933787e1db79acb2aa8c1335ccdfe38cba57d4,408,0.0015953453453453454,408,408,3,6a5a95a56a426ed8,001,20200623,203230,192.19763122497497,36.41220312649031,3,3
001_20200623_203235(3),3,c5a38d06b2ce6a74caa2e5195310751939bd57b5ae234ad79e9bace4a103397c,True,6,1,4. X-ray 검사장비 AI 데이터셋/dataset/test1/yolov3/X선이물검출기(06.23_09.22)/3호기(2020.09.22)/SN12053_20200623_NgImage/001_20200623_203235(3).bmp,576,444,P,0d7aceebb7fbf585de13b5ed33c27d4612b01089a4a5b74243cf26ec8621272c,408,0.0015953453453453454,408,408,3,6a2495336adc6e26,001,20200623,203235,192.33070179554554,36.434329823252135,2,3
001_20200623_203247(5),3,d6fff4c89299303319682acb431e9f9bbaeee220a6c083cf35f09a39b1117a9e,True,6,1,4. X-ray 검사장비 AI 데이터셋/dataset/test1/yolov3/X선이물검출기(06.23_09.22)/3호기(2020.09.22)/SN12053_20200623_NgImage/001_20200623_203247(5).bmp,576,444,P,1988a215b1132030187f9f9523775c17d1cc7c66c76ac911ce91dc0a2989a7d4,408,0.0015953453453453454,408,408,3,6ada95246a936aca,001,20200623,203247,192.3148343656156,36.528022706608546,3,3
001_20200624_003240(4),3,89dbde0a5d6216c25e0cef40d65f314fdf916ddcbefd0e9efc17db3c4b1405bd,True,5,1,4. X-ray 검사장비 AI 데이터셋/dataset/test1/yolov3/X선이물검출기(06.23_09.22)/3호기(2020.09.22)/SN12053_20200624_NgImage/001_20200624_003240(4).bmp,576,444,P,54af6310c0a0bd720ca594cbf3997096d0c20203d93d905ed1fe9e6fe67b5b12,416,0.0016266266266266266,416,416,3,6a6e95916a506e6c,001,20200624,003240,192.42089745995995,35.79663577143701,0,3
001_20200624_003244(2),3,0064079d0f2516b02f6e5f79738f53db9ad5e2328d3a4c94bb90c96884c75686,True,5,1,4. X-ray 검사장비 AI 데이터셋/dataset/test1/yolov3/X선이물검출기(06.23_09.22)/3호기(2020.09.22)/SN12053_20200624_NgImage/001_20200624_003244(2).bmp,576,444,P,0a507e6bc2e1b9ce19aecef0e32ed4e8e1279e269175b51222f0029181107a29,432,0.0016891891891891893,432,432,3,6e6a91916e496a6a,001,20200624,003244,192.4105081644144,35.85800739516913,1,3
001_20200624_003247(7),3,5335c26d0aeb6443a2afbdcb5c453dc08f79116dd9a8ab86ff3de62da839690d,True,5,1,4. X-ray 검사장비 AI 데이터셋/dataset/test1/yolov3/X선이물검출기(06.23_09.22)/3호기(2020.09.22)/SN12053_20200624_NgImage/001_20200624_003247(7).bmp,576,444,P,dbd2cdd5a03c579733fa39502d90a64dbfbbb27cd32987f90f40cc54082ec05f,408,0.0015953453453453454,408,408,3,6a6a95956a526a6a,001,20200624,003247,192.41986517767768,35.844814255040006,3,3
001_20200624_003251(1),3,13f17adb7d8d330c0368eeafb042841d03d54701befffb7a44097e1f47736e25,True,5,1,4. X-ray 검사장비 AI 데이터셋/dataset/test1/yolov3/X선이물검출기(06.23_09.22)/3호기(2020.09.22)/SN12053_20200624_NgImage/001_20200624_003251(1).bmp,576,444,P,4908cffde34006341ddb346998392b51de069f381b2705145422efbe09920755,424,0.0016579079079079078,424,424,3,6a95954a6a8c6e95,001,20200624,003251,192.2049510447948,36.159621664320895,1,3
001_20200624_003254(3),3,44efa5c614ba8c514d09674e3b47e302d59174243a04cc8e2938d0991b0ad72b,True,5,1,4. X-ray 검사장비 AI 데이터셋/dataset/test1/yolov3/X선이물검출기(06.23_09.22)/3호기(2020.09.22)/SN12053_20200624_NgImage/001_20200624_003254(3).bmp,576,444,P,43e65bba6e90e008e167cbaa8e0cea36537bdf68a20442bb6817f090b5bf613b,408,0.0015953453453453454,408,408,3,6a4a95b56a526e4a,001,20200624,003254,192.37573902027026,35.92809545909755,3,3
001_20200624_003303(5),3,be6d68140518873e125c698f6e8c3be21cd2ad155706236929b273705b4cae35,True,5,1,4. X-ray 검사장비 AI 데이터셋/dataset/test1/yolov3/X선이물검출기(06.23_09.22)/3호기(2020.09.22)/SN12053_20200624_NgImage/001_20200624_003303(5).bmp,576,444,P,4866a217ef005acde173bea7613a722a0a4d4cab17df81d3f6bf7e4a9ef03e1b,440,0.0017204704704704705,440,440,3,6a95914a6eac6c95,001,20200624,003303,192.2339057807808,36.05224146602894,3,3
001_20200624_043315(2),3,efa2dcd0611c18bb039e66d991fced74fc5d9238b5c0650e9d4eea202bc31662,True,5,1,4. X-ray 검사장비 AI 데이터셋/dataset/test1/yolov3/X선이물검출기(06.23_09.22)/3호기(2020.09.22)/SN12053_20200624_NgImage/001_20200624_043315(2).bmp,576,444,P,ef44925d6bf6cb52aac5a2a29395cb0204d6f5f7c22a96139ba10bd1c7ec9486,392,0.0015327827827827827,392,392,3,6a6c95916a526a6e,001,20200624,043315,192.45079454454455,35.88717348113104,1,3
001_20200624_043324(2),3,5e88c5e4c0ffc1e81ab023f0e5cfc41809a6c4a5ec334912f03fdc418f15d21a,True,5,1,4. X-ray 검사장비 AI 데이터셋/dataset/test1/yolov3/X선이물검출기(06.23_09.22)/3호기(2020.09.22)/SN12053_20200624_NgImage/001_20200624_043324(2).bmp,576,444,P,8e00f6167830dc018eae00a3118e6739d715d237074b41bdd525734e12a5c7be,408,0.0015953453453453454,408,408,3,6a6c95916a516a6e,001,20200624,043324,192.27317551926927,35.92899239609824,1,3
001_20200624_043328(7),3,5585311de32bbe4f935c9f357773779af97f7268a79ff309dd189e704123db5e,True,5,1,4. X-ray 검사장비 AI 데이터셋/dataset/test1/yolov3/X선이물검출기(06.23_09.22)/3호기(2020.09.22)/SN12053_20200624_NgImage/001_20200624_043328(7).bmp,576,444,P,b54f50d719ee0c0651c70a4a8d0f8974ec47870f9a8acc1ed7db35f54d57c4ad,416,0.0016266266266266266,416,416,3,6a6c95916a59686e,001,20200624,043328,192.43134931806807,35.8573654866602,2,3
001_20200624_043333(2),3,b634569ec0e0db2b35540a891347ba8c6be8b7de45f97b68e4739f14a32aa0e7,True,5,1,4. X-ray 검사장비 AI 데이터셋/dataset/test1/yolov3/X선이물검출기(06.23_09.22)/3호기(2020.09.22)/SN12053_20200624_NgImage/001_20200624_043333(2).bmp,576,444,P,41ddaacb5b62cc20694687913eb6f8a077dfa99c430c1290fb560fe7b2214c72,416,0.0016266266266266266,416,416,3,6a6e95916a51686e,001,20200624,043333,192.46042135885887,35.90137096664861,3,3
001_20200624_043337(8),3,ed585b51c6d5ca7f331e538594bd6dd2ac21beaa389894342f24579c548f27a2,True,5,1,4. X-ray 검사장비 AI 데이터셋/dataset/test1/yolov3/X선이물검출기(06.23_09.22)/3호기(2020.09.22)/SN12053_20200624_NgImage/001_20200624_043337(8).bmp,576,444,P,68b579ff12c3728a0e3389b5c1c00b093f396d754387da6e66165b0bcb2e2aa7,416,0.0016266266266266266,416,416,3,6a6e95916a52686e,001,20200624,043337,192.44263013013014,35.955586652331874,3,3
001_20200624_043349(7),3,a0457e864e1e3da10baf30cfefeba25a2906f07cf660968787f7b801f816c7fe,True,5,1,4. X-ray 검사장비 AI 데이터셋/dataset/test1/yolov3/X선이물검출기(06.23_09.22)/3호기(2020.09.22)/SN12053_20200624_NgImage/001_20200624_043349(7).bmp,576,444,P,9fd7d158b37cf97639df2078fb7b135b22e95eaabf07b4b2b838eb22e9873cc7,432,0.0016891891891891893,432,432,3,6a6e95916a52686e,001,20200624,043349,192.4143870432933,35.967462185804955,3,3
001_20200624_083150(7),3,dc25311961542def8a2259c92448a7e3b7f7bdc88308d2cde710721587fbb145,True,5,1,4. X-ray 검사장비 AI 데이터셋/dataset/test1/yolov3/X선이물검출기(06.23_09.22)/3호기(2020.09.22)/SN12053_20200624_NgImage/001_20200624_083150(7).bmp,576,444,P,330c4d57ddacff5d26b67c6d7861f2ae2d34229d0d3411743f4669484996e285,424,0.0016579079079079078,424,424,3,6a6a91b56453256e,001,20200624,083150,192.47915102602602,35.814955896710906,3,3
001_20200624_083153(8),3,ad8137c907dcc67f0f4fb62d948a194f3ef2cf237ba172d08168c5c950e43990,True,5,1,4. X-ray 검사장비 AI 데이터셋/dataset/test1/yolov3/X선이물검출기(06.23_09.22)/3호기(2020.09.22)/SN12053_20200624_NgImage/001_20200624_083153(8).bmp,576,444,P,6e78f3f6af3a6f304ab2acdf3b249339c11bb23439dddaf698fc4aff40642e4d,424,0.0016579079079079078,424,424,3,6a6c95934a516a6e,001,20200624,083153,192.26567583208208,36.04223090002054,2,3
001_20200624_083156(9),3,f59a1888b9ef7040c40c07707e566c00106a55e9586e897520dc28212ee4ff16,True,5,1,4. X-ray 검사장비 AI 데이터셋/dataset/test1/yolov3/X선이물검출기(06.23_09.22)/3호기(2020.09.22)/SN12053_20200624_NgImage/001_20200624_083156(9).bmp,576,444,P,9ef8339dd8847b1c14c6c8fe6b3a99b8b2527866d369fc6f977cdeaa816d5e79,416,0.0016266266266266266,416,416,3,6a9b956c4aac4a93,001,20200624,083156,192.40016970095095,36.049102846930175,2,3
001_20200624_083159(6),3,319d31489bc474b4f7aa5f8261f18be82bbef6b2ab9a8e32ba8eb57e4ddfa235,True,5,1,4. X-ray 검사장비 AI 데이터셋/dataset/test1/yolov3/X선이물검출기(06.23_09.22)/3호기(2020.09.22)/SN12053_20200624_NgImage/001_20200624_083159(6).bmp,576,444,P,e046ad8c19363a023c966b789092d1f8836f402b833b94191485a1e992c967c3,400,0.0015640640640640642,400,400,3,6ada95246a6468db,001,20200624,083159,192.28659518893895,35.91646096111365,3,3
001_20200624_083202(6),3,ebc4ca696fd08f0d8c15dc5482f3cf2357205e9081b6f930813e9acf381c1b0b,True,5,1,4. X-ray 검사장비 AI 데이터셋/dataset/test1/yolov3/X선이물검출기(06.23_09.22)/3호기(2020.09.22)/SN12053_20200624_NgImage/001_20200624_083202(6).bmp,576,444,P,191ae745905aafda56ba81b2c61cf0a0a055e7f5b2fe626baa14a96dfc8c4c71,280,0.0010948448448448449,280,280,2,6a5a95a5624469db,001,20200624,083202,192.34644410035034,35.82376182195518,1,2
001_20200624_083205(7),3,30f8bbacfb478db2b220763ff0db36dede641c3c5fde3e1e6f441c30a2103b6b,True,5,1,4. X-ray 검사장비 AI 데이터셋/dataset/test1/yolov3/X선이물검출기(06.23_09.22)/3호기(2020.09.22)/SN12053_20200624_NgImage/001_20200624_083205(7).bmp,576,444,P,891b1b9664a116491a9b4596ad79fbb68128dd9a8d9c0956856bb393d04b06d3,392,0.0015327827827827827,392,392,3,6adb95246a64689b,001,20200624,083205,192.3315620307808,35.87249840199279,3,3
001_20200624_123313(4),3,8203f70e615eb6a152db5a6396fe91a81a595de0177dbc2a132193289e2c545c,True,5,1,4. X-ray 검사장비 AI 데이터셋/dataset/test1/yolov3/X선이물검출기(06.23_09.22)/3호기(2020.09.22)/SN12053_20200624_NgImage/001_20200624_123313(4).bmp,576,444,P,2b7495eee1f864bf1504633ff326a58c38f0c0673ef2970dbffa934f312592b1,416,0.0016266266266266266,416,416,3,6ada95246a646c9b,001,20200624,123313,192.25369901151151,35.92333132914499,3,3
001_20200624_123317(8),3,104cf9abfcea8f34a9bdd8ed6ebe492112b4b959e8f254405967c1d37726b4bb,True,5,1,4. X-ray 검사장비 AI 데이터셋/dataset/test1/yolov3/X선이물검출기(06.23_09.22)/3호기(2020.09.22)/SN12053_20200624_NgImage/001_20200624_123317(8).bmp,576,444,P,d49fbdd6f5b2214c1d7b9531207bfd358f96a26211aae57898d8dc5b08a93514,416,0.0016266266266266266,416,416,3,6a6a95916a4a6c6e,001,20200624,123317,192.27657735860862,35.97737282179799,3,3
001_20200624_123322(3),3,3cfeb7fd8fde40b9c83135f567ead2159c53c71c232dc3d405815073faf77b2c,True,5,1,4. X-ray 검사장비 AI 데이터셋/dataset/test1/yolov3/X선이물검출기(06.23_09.22)/3호기(2020.09.22)/SN12053_20200624_NgImage/001_20200624_123322(3).bmp,576,444,P,1e34010d12b728afd26ecc64cdb5fdd50ade246a1dbd9b509e0eb66c6974ce5f,456,0.001783033033033033,456,456,3,6a6a91956c5b246e,001,20200624,123322,192.13194444444446,36.05427640440121,2,3
001_20200624_123326(6),3,bd52bc1ce3562560f338f085fe29eabff0c9561c3bd99b61f73231bc5d892f69,True,5,1,4. X-ray 검사장비 AI 데이터셋/dataset/test1/yolov3/X선이물검출기(06.23_09.22)/3호기(2020.09.22)/SN12053_20200624_NgImage/001_20200624_123326(6).bmp,576,444,P,b6d8b8c5068fec16323b9793d06a2c6f8a0bdf680513422a05a68282a63b7f75,424,0.0016579079079079078,424,424,3,6a6a95956652996a,001,20200624,123326,192.4104612424925,35.92009668328204,1,3
001_20200624_123331(2),3,dd0b885d747d29ed6ef4449fc4f650794c5c4cc7c765427126d631e714736448,True,5,1,4. X-ray 검사장비 AI 데이터셋/dataset/test1/yolov3/X선이물검출기(06.23_09.22)/3호기(2020.09.22)/SN12053_20200624_NgImage/001_20200624_123331(2).bmp,576,444,P,f2f607190bf920ea31cf341948913bd3bc6a6d65baa274ef0a4f642dc9370a01,416,0.0016266266266266266,416,416,3,6e6e95914a53916a,001,20200624,123331,192.37982122747746,35.99839518591813,1,3
001_20200624_123335(6),3,ba460c6679150917398f75fc26153623b15004c3b6873a0f16b5a5b35ba6f42e,True,5,1,4. X-ray 검사장비 AI 데이터셋/dataset/test1/yolov3/X선이물검출기(06.23_09.22)/3호기(2020.09.22)/SN12053_20200624_NgImage/001_20200624_123335(6).bmp,576,444,P,408f4fd3b045aef24529f0e352945815309796be1ff125086a053e5ddf53f982,400,0.0015640640640640642,400,400,3,6a6e959152529b6a,001,20200624,123335,192.35530843343344,36.0207609738099,2,3
001_20200624_162816(3),3,b81d3c514b1808879a213623227e7727564e85916ad51fc6ff79017d2bb37aa8,True,5,1,4. X-ray 검사장비 AI 데이터셋/dataset/test1/yolov3/X선이물검출기(06.23_09.22)/3호기(2020.09.22)/SN12053_20200624_NgImage/001_20200624_162816(3).bmp,576,444,P,688a7ec59f04378b62e950f1a53324853cb8e232dbaf14e7cd5af6c8dca79f5a,416,0.0016266266266266266,416,416,3,6a4a91b566766c4a,001,20200624,162816,192.45525603728728,35.95277599966246,3,3
001_20200624_162821(2),3,31daa403e28f790bbaf34eb45f07478440505ca1c18c31637655bfb9e069b9f4,True,4,1,4. X-ray 검사장비 AI 데이터셋/dataset/test1/yolov3/X선이물검출기(06.23_09.22)/3호기(2020.09.22)/SN12053_20200624_NgImage/001_20200624_162821(2).bmp,576,444,P,d6000188e75eb83179b2ff477edf5579c8be2a9fb2a323c7f58ff2d7e450d4ea,416,0.0016266266266266266,416,416,3,6a6a91956a5b686a,001,20200624,162821,192.43453218843842,35.988516953908025,0,3
001_20200624_162831(2),3,287cd954a00a87bad5249ae731a2c7795f7717ae3c8004c7177437db0c551c84,True,4,1,4. X-ray 검사장비 AI 데이터셋/dataset/test1/yolov3/X선이물검출기(06.23_09.22)/3호기(2020.09.22)/SN12053_20200624_NgImage/001_20200624_162831(2).bmp,576,444,P,77d0df9dc7b577515631013cc17332aed13c991739b2af370772547a8af3c1ea,424,0.0016579079079079078,424,424,3,6e9b95644a226a9b,001,20200624,162831,192.30716263138137,35.90986287915919,3,3
001_20200624_162835(8),3,5c2d68fa4403e6e3b949ce95871275f173a26f9339fbd916c7a3e28d1b6cbb60,True,4,1,4. X-ray 검사장비 AI 데이터셋/dataset/test1/yolov3/X선이물검출기(06.23_09.22)/3호기(2020.09.22)/SN12053_20200624_NgImage/001_20200624_162835(8).bmp,576,444,P,3799941fe5453f27a67afb9de0a6b892739c3c62395b4fc49e2b5b450efff8cd,400,0.0015640640640640642,400,400,3,6a6a91956c5b246e,001,20200624,162835,192.36162725225225,35.78712927857863,1,3
001_20200624_203149(7),3,bb05ce985f0421abed64f43677a07eeff8daff2ea076b7906c34b5f1ccb448e4,True,5,1,4. X-ray 검사장비 AI 데이터셋/dataset/test1/yolov3/X선이물검출기(06.23_09.22)/3호기(2020.09.22)/SN12053_20200624_NgImage/001_20200624_203149(7).bmp,576,444,P,eb2909aa1831953f0496f8f3c0a7aa42d964f4431688f40ba6e89744db67e16d,392,0.0015327827827827827,392,392,3,6e95916a6ea49a91,001,20200624,203149,192.1127025462963,36.78884659755114,0,3
001_20200624_203154(3),3,cd10906c6d338a3d735fbc8d6d4564b9ca69d8a9751a18e8a6c058dfecf461af,True,5,1,4. X-ray 검사장비 AI 데이터셋/dataset/test1/yolov3/X선이물검출기(06.23_09.22)/3호기(2020.09.22)/SN12053_20200624_NgImage/001_20200624_203154(3).bmp,576,444,P,0014db57d5cd9544a9b32ae53d5e4e28e4dfe1f4e00969ddd1ae3e67fda8b7ea,416,0.0016266266266266266,416,416,3,6a91956a6ab66a91,001,20200624,203154,191.9305790165165,37.32852706180528,2,3
001_20200624_203203(1),3,87a2696ebd8e5a90a3b60ee990edeefccbe13123588fb451b4d8b344b4e2d590,True,5,1,4. X-ray 검사장비 AI 데이터셋/dataset/test1/yolov3/X선이물검출기(06.23_09.22)/3호기(2020.09.22)/SN12053_20200624_NgImage/001_20200624_203203(1).bmp,576,444,P,bed9fad7d6250798d721dd1fc045136c6e01d97832f4ae9e97afd6b76fa34161,408,0.0015953453453453454,408,408,3,6a95956a6a946e91,001,20200624,203203,192.14232982982983,37.09676729256041,2,3
001_20200624_203207(8),3,5b7f85c28ed341ce68325fbbdf79c46702d0a949fb1dc6e4629cf5cc3f89e5e6,True,5,1,4. X-ray 검사장비 AI 데이터셋/dataset/test1/yolov3/X선이물검출기(06.23_09.22)/3호기(2020.09.22)/SN12053_20200624_NgImage/001_20200624_203207(8).bmp,576,444,P,1cc389ea24f591d862e318f299d68f8b1733a6103b1a9a180d33fc3bf0df6455,424,0.0016579079079079078,424,424,3,6a9b95644ab6489b,001,20200624,203207,192.0934371871872,37.34751118048477,0,3
001_20200624_203212(2),3,869ba9ea0224ea3a3cb7ab02970e770358a29d956991de3af1f4fa177709ec3d,True,5,1,4. X-ray 검사장비 AI 데이터셋/dataset/test1/yolov3/X선이물검출기(06.23_09.22)/3호기(2020.09.22)/SN12053_20200624_NgImage/001_20200624_203212(2).bmp,576,444,P,e4d2c96ccdb34a403ad2a36e32fffa3fb073eba3423702156b266bbeeaf30257,456,0.001783033033033033,456,456,3,6e9b95644ab64899,001,20200624,203212,191.9676786161161,37.46868587626352,0,3
001_20200624_203225(8),3,cbaef0f90b4126bd8f1802c135d68dbef69ddaaae25e014c3b57902500b5af99,True,5,1,4. X-ray 검사장비 AI 데이터셋/dataset/test1/yolov3/X선이물검출기(06.23_09.22)/3호기(2020.09.22)/SN12053_20200624_NgImage/001_20200624_203225(8).bmp,576,444,P,90f0d4a93654056e5ed51b8c686d1718a594f376d34a865d9bbd7d08ba6c0ba9,384,0.0015015015015015015,384,384,3,6a2595526a9d6e64,001,20200624,203225,192.23047266016016,36.68609484567131,0,3
001_20200625_003507(0),3,8f4620e3ccdb7137a25ce23562585ea36277df2f869f9bfd8013947f54740ff5,True,4,1,4. X-ray 검사장비 AI 데이터셋/dataset/test1/yolov3/X선이물검출기(06.23_09.22)/3호기(2020.09.22)/SN12053_20200625_NgImage/001_20200625_003507(0).bmp,576,444,P,ec1c53daa8391613fc7a9219170e5c5e34a7a3af78bf1cd90f4e8b35bb5594e1,400,0.0015640640640640642,400,400,3,6e6e95916a53486a,001,20200625,003507,192.474462743994,35.76547067204765,0,3
001_20200625_003511(4),3,8fbba3bfd2d9f3b0a96f7d748ee0bf5b594be168fbc95f21facbb591ece05daf,True,4,1,4. X-ray 검사장비 AI 데이터셋/dataset/test1/yolov3/X선이물검출기(06.23_09.22)/3호기(2020.09.22)/SN12053_20200625_NgImage/001_20200625_003511(4).bmp,576,444,P,629912015b6904638cd647fa57fe425d7ecd1795b701be4998cdc8596d2b38e4,392,0.0015327827827827827,392,392,3,6e6e95916a52486e,001,20200625,003511,192.48532907907907,35.78566468872738,0,3
001_20200625_003515(9),3,2172b04468e13f5d49bbc08c62acf37629ef733faabf22a92956a35e9bca7bd3,True,4,1,4. X-ray 검사장비 AI 데이터셋/dataset/test1/yolov3/X선이물검출기(06.23_09.22)/3호기(2020.09.22)/SN12053_20200625_NgImage/001_20200625_003515(9).bmp,576,444,P,8df1ab40d60e24a93131e35f4251405dd86aaaa4c312474a52d95169557f9149,424,0.0016579079079079078,424,424,3,6e6c95916a51686e,001,20200625,003515,192.43125547422423,35.809541771507924,1,3
001_20200625_003520(4),3,82b6c443b33abb5d1080cc568b468a6840cde5bcf680981d757607a0034f8db1,True,4,1,4. X-ray 검사장비 AI 데이터셋/dataset/test1/yolov3/X선이물검출기(06.23_09.22)/3호기(2020.09.22)/SN12053_20200625_NgImage/001_20200625_003520(4).bmp,576,444,P,2c1b2604d73e0771e1806206be5b431f82ec1c82c7b159c8b868233e8976142b,392,0.0015327827827827827,392,392,3,6a6c95916a53686e,001,20200625,003520,192.342334522022,35.906616926334785,0,3
001_20200625_003524(9),3,37764b78fcfdb6375b7fbd1178960cc64a4ab7a920bc6efe9e6e05d65e1df41a,True,4,1,4. X-ray 검사장비 AI 데이터셋/dataset/test1/yolov3/X선이물검출기(06.23_09.22)/3호기(2020.09.22)/SN12053_20200625_NgImage/001_20200625_003524(9).bmp,576,444,P,ef24cd6354704e0fab2a914428429ff471483656ce76fbd08a451bdd57514850,416,0.0016266266266266266,416,416,3,6a6e95916a59486e,001,20200625,003524,192.33956221846847,35.807859919863674,0,3
001_20200625_003529(2),3,63a4aebda5ffbfa38163c2c284076b2492cfe52ac891194d2bb4a58ca9cbedfd,True,4,1,4. X-ray 검사장비 AI 데이터셋/dataset/test1/yolov3/X선이물검출기(06.23_09.22)/3호기(2020.09.22)/SN12053_20200625_NgImage/001_20200625_003529(2).bmp,576,444,P,b64f8b5a8af0c218c7318e23a28c8086eabc325ec265594abe618bbe66318442,424,0.0016579079079079078,424,424,3,6e6e91916a52686e,001,20200625,003529,192.47131506506506,35.73863015695102,0,3
001_20200625_043323(7),3,b05217f20e6325f8b279c7f205a7550af3613a12125c6bd7556126df7aab182e,True,4,1,4. X-ray 검사장비 AI 데이터셋/dataset/test1/yolov3/X선이물검출기(06.23_09.22)/3호기(2020.09.22)/SN12053_20200625_NgImage/001_20200625_043323(7).bmp,576,444,P,93fb6f358f90114ebc9673fb469c42d56667c992ee18220c38a155eed974c0fc,416,0.0016266266266266266,416,416,3,6e6c95916a58686e,001,20200625,043323,192.45271052302303,35.94110261140559,0,3
001_20200625_043328(3),3,2a6d18c8ca1c78799e235ab044bfed480171a2b950a812100a8b2217839b1883,True,4,1,4. X-ray 검사장비 AI 데이터셋/dataset/test1/yolov3/X선이물검출기(06.23_09.22)/3호기(2020.09.22)/SN12053_20200625_NgImage/001_20200625_043328(3).bmp,576,444,P,b39e287843ac0f021936d208a9c67bcc3eb2dd7a87f01999731707348056622d,424,0.0016579079079079078,424,424,3,6e6c95916a58686e,001,20200625,043328,192.47357513763762,35.83227677906602,0,3
001_20200625_043337(3),3,9187ba5141cf3fa9716fdb42818758df64eaf3507dd562ecbd345703e44a167a,True,4,1,4. X-ray 검사장비 AI 데이터셋/dataset/test1/yolov3/X선이물검출기(06.23_09.22)/3호기(2020.09.22)/SN12053_20200625_NgImage/001_20200625_043337(3).bmp,576,444,P,3ca5fb5ae448690fa6678118afe21a21448aaba26ff2caca8f446c3cca893fe9,416,0.0016266266266266266,416,416,3,6e6c91914a536a6e,001,20200625,043337,192.30911771146145,35.989322902785645,0,3
001_20200625_043341(7),3,e9a40c868ad6a063872ab72db6206bc800768cb285a81d861ddf7330e7a831e7,True,4,1,4. X-ray 검사장비 AI 데이터셋/dataset/test1/yolov3/X선이물검출기(06.23_09.22)/3호기(2020.09.22)/SN12053_20200625_NgImage/001_20200625_043341(7).bmp,576,444,P,efea24bb72d56129ca49de1f47a1e77db10a9b35dc0702945c2046f57f899b67,408,0.0015953453453453454,408,408,3,6e64959b6a916c64,001,20200625,043341,192.4273609547047,36.11669936391576,0,3
001_20200625_043346(2),3,a875b7c93a727ff9ad2f4ac9f27db6a69b6a36fc8e31ee39d14e7908576fcaba,True,4,1,4. X-ray 검사장비 AI 데이터셋/dataset/test1/yolov3/X선이물검출기(06.23_09.22)/3호기(2020.09.22)/SN12053_20200625_NgImage/001_20200625_043346(2).bmp,576,444,P,cd3c7b62f3d9fb2d92e803bf11749066d7e3fb13295a92d8ddbe6662d58ecd24,408,0.0015953453453453454,408,408,3,6e6c95916a52686e,001,20200625,043346,192.48841028528528,36.00508804308531,0,3
001_20200625_043359(8),3,4c15e2bca247af2680cea73944b576860accf8e879f72164ba0f57e9e2dc05e4,True,4,1,4. X-ray 검사장비 AI 데이터셋/dataset/test1/yolov3/X선이물검출기(06.23_09.22)/3호기(2020.09.22)/SN12053_20200625_NgImage/001_20200625_043359(8).bmp,576,444,P,44f56b1ffffdcd135210f914c5408c3ef4edd7f5ada50570af7f5c5f054117ff,416,0.0016266266266266266,416,416,3,6e6c91936a506a6e,001,20200625,043359,192.38395426676678,36.036333554698324,0,3
001_20200629_082825(1),3,32a1461bd2b3d82623d5cbe169b3b64c2e3cfa4789cdf87bdd715c02816e00f0,True,4,1,4. X-ray 검사장비 AI 데이터셋/dataset/test1/yolov3/X선이물검출기(06.23_09.22)/3호기(2020.09.22)/SN12053_20200629_NgImage/001_20200629_082825(1).bmp,576,444,P,ff70a582f925039e5e06a48a0bffc802a0debba819fd5220b8aae52141c6e5cc,424,0.0016579079079079078,424,424,3,6ab5914a6a8c6cb5,001,20200629,082825,192.9665133883884,35.06744634359989,1,3
001_20200629_082828(0),3,5f0b1de48c94ad6c6eeb79a81f563a3c6388b9b990225af5102c356f220a94c7,True,4,1,4. X-ray 검사장비 AI 데이터셋/dataset/test1/yolov3/X선이물검출기(06.23_09.22)/3호기(2020.09.22)/SN12053_20200629_NgImage/001_20200629_082828(0).bmp,576,444,P,af096d6df11e928f98f40db877f126d9627ea17b245da47a1187ce1928d01e62,432,0.0016891891891891893,432,432,3,6e91916a6aac6a95,001,20200629,082828,192.97992132757759,35.04591370222126,1,3
001_20200629_082831(0),3,f46e7b5ce2acc1088c19e8860d92dda6f9bf91b9cb01af2d47d3c478240a9102,True,4,1,4. X-ray 검사장비 AI 데이터셋/dataset/test1/yolov3/X선이물검출기(06.23_09.22)/3호기(2020.09.22)/SN12053_20200629_NgImage/001_20200629_082831(0).bmp,576,444,P,ffcd237dad3944e3d3845d0f1d19dba318303af72eccc1ec2a5e613318da9314,400,0.0015640640640640642,400,400,3,6eb5914a6a886cb5,001,20200629,082831,192.99185122622623,34.95972178180126,1,3
001_20200629_082834(2),3,f7b3fc4de0ffb7ece30d1158cec3eb9a83edabb270c73491855e02d513851368,True,4,1,4. X-ray 검사장비 AI 데이터셋/dataset/test1/yolov3/X선이물검출기(06.23_09.22)/3호기(2020.09.22)/SN12053_20200629_NgImage/001_20200629_082834(2).bmp,576,444,P,7e4dac8c8ec28f6021fd2a25327fa6753a0eeb729323e6d1ab4380cf217bed17,280,0.0010948448448448449,280,280,2,6eb5914a66896cb4,001,20200629,082834,192.95880646271272,34.97550807598535,0,2
001_20200629_082837(2),3,03b19287162c69ed119d3646ab71fdbf793cec3495cef60b85a6c62d35d551cf,True,4,1,4. X-ray 검사장비 AI 데이터셋/dataset/test1/yolov3/X선이물검출기(06.23_09.22)/3호기(2020.09.22)/SN12053_20200629_NgImage/001_20200629_082837(2).bmp,576,444,P,3c3feb5ee47d9f917161b6a51abc824b90dd60ba4ea5d94eb8d9e48aa9feda9c,408,0.0015953453453453454,408,408,3,6e6e91916a526c6c,001,20200629,082837,192.86136136136136,34.98847153172277,3,3
001_20200629_082840(2),3,e1380e17cf00d3808c29a18bbe21e7e763a1d0ee92d42f09f0e1c53e574d2544,True,4,1,4. X-ray 검사장비 AI 데이터셋/dataset/test1/yolov3/X선이물검출기(06.23_09.22)/3호기(2020.09.22)/SN12053_20200629_NgImage/001_20200629_082840(2).bmp,576,444,P,2495214b621402a2a9e5156e0cc18dfedaf78fb3e249a0ba0572649d11e7ecf0,408,0.0015953453453453454,408,408,3,6e95914a6ea86c95,001,20200629,082840,192.99015030655656,34.98856036396966,1,3
001_20200629_082905(4),3,547dfba46707b2be09e165334a04ffe98507abf58860e303777affe7afc7aadc,True,4,1,4. X-ray 검사장비 AI 데이터셋/dataset/test1/yolov3/X선이물검출기(06.23_09.22)/3호기(2020.09.22)/SN12053_20200629_NgImage/001_20200629_082905(4).bmp,576,444,P,078b126fd670590e5e0179c494084347bb0796e25787b8dc528ea74a41070354,400,0.0015640640640640642,400,400,3,6eb5914a66ad2496,001,20200629,082905,192.92371668543544,35.0784625213845,0,3
001_20200629_123107(1),3,c30c84eec966a7b7eabac88dce6183c46cc5d8257869568bdb182a098543f382,True,4,1,4. X-ray 검사장비 AI 데이터셋/dataset/test1/yolov3/X선이물검출기(06.23_09.22)/3호기(2020.09.22)/SN12053_20200629_NgImage/001_20200629_123107(1).bmp,576,444,P,7e2f9c395fb42fa9e5a58186b2517e4738376f539174061dff7b95f97d17257c,424,0.0016579079079079078,424,424,3,6a6c95936a596c64,001,20200629,123107,192.04315252752752,35.9661593501782,0,3
001_20200629_123111(6),3,b034de50cb5b2135700dafcab21ea3d11caeb21736f50fe951ac60d2ac875ff9,True,4,1,4. X-ray 검사장비 AI 데이터셋/dataset/test1/yolov3/X선이물검출기(06.23_09.22)/3호기(2020.09.22)/SN12053_20200629_NgImage/001_20200629_123111(6).bmp,576,444,P,b9c3672e8a21a303034db8bb15cc7e48157a620303dcbeabc9247d7a8e00814d,408,0.0015953453453453454,408,408,3,6e6c95936a896a64,001,20200629,123111,192.02288616741743,35.93694727168092,0,3
001_20200629_123116(1),3,c6af18aa8300a2273c89eba4718a8e1ad136619d60be9614e6bb89cc592a5806,True,4,1,4. X-ray 검사장비 AI 데이터셋/dataset/test1/yolov3/X선이물검출기(06.23_09.22)/3호기(2020.09.22)/SN12053_20200629_NgImage/001_20200629_123116(1).bmp,576,444,P,3fd73195e0cee38e5f573c57943a2bbfd97f962ce03be2c585bcd61c27ddbfd8,432,0.0016891891891891893,432,432,3,6a6e95916a53686a,001,20200629,123116,192.02482560685687,35.958061227686606,1,3
001_20200629_123120(6),3,48eba56f0911184eda2af97435e16ed8083387fa9df44e215ce3b7aff00e6767,True,4,1,4. X-ray 검사장비 AI 데이터셋/dataset/test1/yolov3/X선이물검출기(06.23_09.22)/3호기(2020.09.22)/SN12053_20200629_NgImage/001_20200629_123120(6).bmp,576,444,P,52bcf09c44084c71f1c36d76f34cfcd47048fe90c639f2a3784b4d455bcaee15,424,0.0016579079079079078,424,424,3,6a6c95936a534a6c,001,20200629,123120,191.83358749374375,35.93602042750839,1,3
001_20200629_123125(2),3,f1a3766706d211aba08ebb097d7baf5d78827f8bc40102a32f603dc1d63e117a,True,4,1,4. X-ray 검사장비 AI 데이터셋/dataset/test1/yolov3/X선이물검출기(06.23_09.22)/3호기(2020.09.22)/SN12053_20200629_NgImage/001_20200629_123125(2).bmp,576,444,P,2f9a2cdd66b5723c31c80931ad4ea0c3cc1297c5d465b86066c14ee74f2d84f6,424,0.0016579079079079078,424,424,3,6e6e95916a51686a,001,20200629,123125,192.07573589214215,35.890713825873505,0,3
001_20200727_204954(7),1,e7eff7083839c98b26bf98bb799d9a78e223f57a197ee6f5616f718d2b2efcbe,True,7,1,4. X-ray 검사장비 AI 데이터셋/dataset/test1/yolov3/X선이물검출기(06.23_09.22)/3호기(2020.09.22)/SN12053_20200727_NgImage/001_20200727_204954(7).bmp,576,444,P,4cb97bb2267dfd3b63218566f48752caddb7e3204ad248ef93f6fc86d2dc050a,128,0.0005005005005005005,128,128,1,6a6a9195b4979525,001,20200727,204954,193.7942551926927,31.785417142112355,0,1
001_20200727_204958(2),1,7c22c83dda144996b84cc981b95aeaa34a4882d70ce5d7b2a4e7848896af828e,True,7,1,4. X-ray 검사장비 AI 데이터셋/dataset/test1/yolov3/X선이물검출기(06.23_09.22)/3호기(2020.09.22)/SN12053_20200727_NgImage/001_20200727_204958(2).bmp,576,444,P,a7a669e3c4adfa882957a0650424b7ce1afab56b225312084724d223e5e9ef5f,128,0.0005005005005005005,128,128,1,6e6a9191959595a5,001,20200727,204958,193.84428178178177,31.808464623333712,0,1
001_20200728_014351(3),1,9bcc10677f47f4521203cb677e869359cfa09928b642172f2c68d6e9df92c3b8,True,7,1,4. X-ray 검사장비 AI 데이터셋/dataset/test1/yolov3/X선이물검출기(06.23_09.22)/3호기(2020.09.22)/SN12053_20200728_NgImage/001_20200728_014351(3).bmp,576,444,P,13bfa0214e1763234bfec0e05e9f618bfa693f1f3d3b946c09fdea3fce39ccc3,136,0.0005317817817817818,136,136,1,6a4b95a46a296ada,001,20200728,014351,193.78553162537537,31.848342207571655,0,1
001_20200728_014355(2),1,bb1dab65b582ac83718aabe6a3060632a03b804b4d82b08458a64d637fb944df,True,6,1,4. X-ray 검사장비 AI 데이터셋/dataset/test1/yolov3/X선이물검출기(06.23_09.22)/3호기(2020.09.22)/SN12053_20200728_NgImage/001_20200728_014355(2).bmp,576,444,P,e6c6c5b941260129b09e1d39794940133095d6ae487c5e9242f83cc181311758,128,0.0005005005005005005,128,128,1,6e6e91916a916a66,001,20200728,014355,193.8716138013013,31.842487968232113,0,1
001_20200728_043138(3),1,7b6ecebd7e7184fb6278d726d3cad336df8d2f13db63cf4e31f6b6fabd1ac167,True,6,1,4. X-ray 검사장비 AI 데이터셋/dataset/test1/yolov3/X선이물검출기(06.23_09.22)/3호기(2020.09.22)/SN12053_20200728_NgImage/001_20200728_043138(3).bmp,576,444,P,03f7d51f4d6eccb1e6698a9a03219bb81396116430d0cf826e984e55d5d874cc,136,0.0005317817817817818,136,136,1,6e6c91916a916a6e,001,20200728,043138,193.8319139451952,31.87472039838667,0,1
001_20200728_043141(5),1,be1cb4398577ce18eb890068bf8241ac01ae4621e69fa5b539fc7d444516076b,True,6,1,4. X-ray 검사장비 AI 데이터셋/dataset/test1/yolov3/X선이물검출기(06.23_09.22)/3호기(2020.09.22)/SN12053_20200728_NgImage/001_20200728_043141(5).bmp,576,444,P,42fb2c1937f22d35091341bed95f9f0419d2bb8f4ef2af5380c6bd721ba4d041,128,0.0005005005005005005,128,128,1,6a4a91b566656e4a,001,20200728,043141,193.81009134134135,32.23124181156197,0,1
001_20200728_083108(2),1,6c030cdf9853e221bc65063e2de69405ba0ef0d93dcc88712acdb27d217645ee,True,6,1,4. X-ray 검사장비 AI 데이터셋/dataset/test1/yolov3/X선이물검출기(06.23_09.22)/3호기(2020.09.22)/SN12053_20200728_NgImage/001_20200728_083108(2).bmp,576,444,P,4e66ab16eca520bf60fe2fb657d87217973d29e5906e2ccc4d0660d9768c5613,128,0.0005005005005005005,128,128,1,6e6a91956633246e,001,20200728,083108,193.82144644644646,32.08012886492782,0,1
001_20200728_083116(1),1,931ff79ba853d9207ce8b3f5cd0d4112b4f01ac5f5091f021423132f9452db35,True,7,1,4. X-ray 검사장비 AI 데이터셋/dataset/test1/yolov3/X선이물검출기(06.23_09.22)/3호기(2020.09.22)/SN12053_20200728_NgImage/001_20200728_083116(1).bmp,576,444,P,dbed6024e8e790123206dc8e7df8b34d7534be86dd61c3c149b7b80db7db74a6,128,0.0005005005005005005,128,128,1,6ab5914a66c86cb5,001,20200728,083116,193.8257124311812,32.63543647961487,0,1
001_20200728_123129(2),1,70d27b99bdbc326a563c40e157973b20cfe0687b5e647f9afeae4a6f0b1924b9,True,7,1,4. X-ray 검사장비 AI 데이터셋/dataset/test1/yolov3/X선이물검출기(06.23_09.22)/3호기(2020.09.22)/SN12053_20200728_NgImage/001_20200728_123129(2).bmp,576,444,P,539d4c7e6d6cefa7450807cededcb2856d3dc6717fda1b06096a64091f5b0396,128,0.0005005005005005005,128,128,1,6e6891916e496e66,001,20200728,123129,193.95078281406407,31.821300714715704,0,1
001_20200728_123132(4),1,058bf9a6200ff85308c0e5d4ea081fca71526dfe8301271bedcd5ad9dd57f848,True,6,1,4. X-ray 검사장비 AI 데이터셋/dataset/test1/yolov3/X선이물검출기(06.23_09.22)/3호기(2020.09.22)/SN12053_20200728_NgImage/001_20200728_123132(4).bmp,576,444,P,6981388b8894785fbfbbc34ef618cd6a885ead8f4e36a485567c7727e67bb145,128,0.0005005005005005005,128,128,1,6e95916a6e4c6495,001,20200728,123132,193.92885072572574,31.95518184586487,0,1
001_20200728_163910(5),1,ddd4179a85a6605592245fb3dd830fca139a6aa7cb3896509ea13625dc492cb2,True,6,1,4. X-ray 검사장비 AI 데이터셋/dataset/test1/yolov3/X선이물검출기(06.23_09.22)/3호기(2020.09.22)/SN12053_20200728_NgImage/001_20200728_163910(5).bmp,576,444,P,c1f34805136104cd24a48cef7ed455c357a55e1f63fe461f43175de29940d4fb,128,0.0005005005005005005,128,128,1,6aa5955a664a6ca5,001,20200728,163910,193.8495018455956,31.916467981511992,0,1
001_20200728_163913(6),1,2625178cafa7a12ac3b5e7099fa2f65c5c2773598406085f49fc7e068445d3a8,True,6,1,4. X-ray 검사장비 AI 데이터셋/dataset/test1/yolov3/X선이물검출기(06.23_09.22)/3호기(2020.09.22)/SN12053_20200728_NgImage/001_20200728_163913(6).bmp,576,444,P,f5f546202e54f2a486730e4944e7930eb45b475c34127c9717ddc7bcbecce2c7,128,0.0005005005005005005,128,128,1,6e6a91916e886e66,001,20200728,163913,193.85263779404406,31.820362513217823,0,1
001_20200810_085043(8),1,a654c9d50b03777d99441a0bf11cc1d84ddbdce6aa56f292b728a9950e1df2ba,True,6,1,4. X-ray 검사장비 AI 데이터셋/dataset/test1/yolov3/X선이물검출기(06.23_09.22)/3호기(2020.09.22)/SN12053_20200810_NgImage/001_20200810_085043(8).bmp,576,444,P,71c67d47e1d591818fec65e903a98f53dac5042bb3ab821e28f4d5b18dc5566f,136,0.0005317817817817818,136,136,1,6ea5914a6a4c6cb5,001,20200810,085043,193.4584662787788,32.2725399150752,0,1
001_20200810_123047(8),1,43c61aee738698dd8dfa98ca38d8c1ac1f6490bc4b08e42213bf21d240577196,True,6,1,4. X-ray 검사장비 AI 데이터셋/dataset/test1/yolov3/X선이물검출기(06.23_09.22)/3호기(2020.09.22)/SN12053_20200810_NgImage/001_20200810_123047(8).bmp,576,444,P,e677eab40575a1c7dbf4d388aa2594dc038b64a87e8254e4bdd85c0e2cc9969a,136,0.0005317817817817818,136,136,1,6e6a91956663646a,001,20200810,123047,193.33062359234233,32.772627958048666,0,1
001_20200810_123051(3),1,054c6291c49443e19cec6f7677af7cf267abeaad0fb2cdb3e04a422e5f289db3,True,6,1,4. X-ray 검사장비 AI 데이터셋/dataset/test1/yolov3/X선이물검출기(06.23_09.22)/3호기(2020.09.22)/SN12053_20200810_NgImage/001_20200810_123051(3).bmp,576,444,P,1ea99dfdf28ce8e5a19a89bec36517187f7980ea808b6cc1e3424086414bbdf4,136,0.0005317817817817818,136,136,1,6e95916a6e0c6e91,001,20200810,123051,193.21176645395394,33.1477016728189,0,1
001_20200810_163112(8),1,a06cdac9a0845120a41b9ce49b4db9a01f7ed46a0d33297c2c2b61f8f9aa31f4,True,6,1,4. X-ray 검사장비 AI 데이터셋/dataset/test1/yolov3/X선이물검출기(06.23_09.22)/3호기(2020.09.22)/SN12053_20200810_NgImage/001_20200810_163112(8).bmp,576,444,P,09011990824b3ecab2726c191e9516be1ec201bf4c33fa1725494f6dc2efd97a,144,0.0005630630630630631,144,144,1,6e95916a666ca493,001,20200810,163112,193.44846017892894,32.51623097131303,0,1
001_20200810_163116(0),1,a1eae7998e98eb89cf5bf911ab96040096ce2b0a8f424e72cdcd41b98bc2e0c6,True,5,1,4. X-ray 검사장비 AI 데이터셋/dataset/test1/yolov3/X선이물검출기(06.23_09.22)/3호기(2020.09.22)/SN12053_20200810_NgImage/001_20200810_163116(0).bmp,576,444,P,7b4390690196619d3e13b9476bda48a96c57a4e039bc18d4299d5945bd7d7449,136,0.0005317817817817818,136,136,1,6e6a91916a546e6a,001,20200810,163116,193.51962118368368,32.475862072067706,0,1
001_20200810_203208(7),1,bf17e26606f984f0eb8c16c594b3ad24b25a5aea69fde4c7ba74ae5caba93807,True,5,1,4. X-ray 검사장비 AI 데이터셋/dataset/test1/yolov3/X선이물검출기(06.23_09.22)/3호기(2020.09.22)/SN12053_20200810_NgImage/001_20200810_203208(7).bmp,576,444,P,bb0f2d52b98149626832955ce0ef9b50d6553fbf270e177406e8813ab57df816,136,0.0005317817817817818,136,136,1,6a6a919566b5646a,001,20200810,203208,193.47295342217217,32.59214067893794,0,1
001_20200810_203212(6),1,7b11439d8c3e57af3f53f53c8c36df4d705b576b384a1771b663ef175a059537,True,5,1,4. X-ray 검사장비 AI 데이터셋/dataset/test1/yolov3/X선이물검출기(06.23_09.22)/3호기(2020.09.22)/SN12053_20200810_NgImage/001_20200810_203212(6).bmp,576,444,P,2abb0db66cadfee6519cbe6319f1a2213caa2436232391d1eeb20bcef0cf1fde,128,0.0005005005005005005,128,128,1,6a6a91956e256e4a,001,20200810,203212,193.61928334584584,32.30848074929783,1,1
001_20200811_003323(2),1,71570a6725f76902a3fc0594c8a10085381fa19480b17805335f8235dbaca7b1,True,5,1,4. X-ray 검사장비 AI 데이터셋/dataset/test1/yolov3/X선이물검출기(06.23_09.22)/3호기(2020.09.22)/SN12053_20200811_NgImage/001_20200811_003323(2).bmp,576,444,P,bf218bc29ed27baacb013b68e5d08097ec2990c10534bb9530198275f41a0b6b,128,0.0005005005005005005,128,128,1,6a4a91b56e296a5a,001,20200811,003323,193.92161692942943,32.0095417346565,0,1
001_20200811_003327(0),1,c3e746735544ce54d24b69c56c12eec914e85a4c0002b24fcd5ca1d7f6fe24a2,True,5,1,4. X-ray 검사장비 AI 데이터셋/dataset/test1/yolov3/X선이물검출기(06.23_09.22)/3호기(2020.09.22)/SN12053_20200811_NgImage/001_20200811_003327(0).bmp,576,444,P,7303fb5a6255e1e4481c3d5645c2e4dc9c2a9d9091cd9ec58ee7f27816848738,128,0.0005005005005005005,128,128,1,6a6a91956e316e4a,001,20200811,003327,193.9651682932933,31.562382971811793,0,1
001_20200811_043037(3),1,defef782a150cf5242a4b35db0c136ac2757e65fcda3b42ab121fbd5af55bf02,True,5,1,4. X-ray 검사장비 AI 데이터셋/dataset/test1/yolov3/X선이물검출기(06.23_09.22)/3호기(2020.09.22)/SN12053_20200811_NgImage/001_20200811_043037(3).bmp,576,444,P,c1babf79b321b96cc5c97bda9a1f1b0e4793ec999d509d5f3f3e8d96920ce772,136,0.0005317817817817818,136,136,1,6a95916a6a926e95,001,20200811,043037,193.83142126501502,32.647441638560196,0,1
001_20200811_043041(6),1,f582c3afa19ac2d5f9036e873537e39d1ab7c6bcb1bc56ca440386c4865a4324,True,5,1,4. X-ray 검사장비 AI 데이터셋/dataset/test1/yolov3/X선이물검출기(06.23_09.22)/3호기(2020.09.22)/SN12053_20200811_NgImage/001_20200811_043041(6).bmp,576,444,P,55b7fbbdb0c84067dcf065cb2d8060f3052304041e607d28738d16ed31b1f67f,128,0.0005005005005005005,128,128,1,6a9995666a294a9b,001,20200811,043041,193.76735720095095,32.220986257987356,0,1
001_20200814_033012(7),1,d31a3b5c698dbe275e736d0862f617e7ef28816885fe8e193d77eafbd47a1812,True,5,1,4. X-ray 검사장비 AI 데이터셋/dataset/test1/yolov3/X선이물검출기(06.23_09.22)/3호기(2020.09.22)/SN12053_20200814_NgImage/001_20200814_033012(7).bmp,576,444,P,d2c022a6332242d71cfe1d15bf867bc50ec1d71b2febcb6bbc03f64c9f60b11d,128,0.0005005005005005005,128,128,1,6a6a91956e65266a,001,20200814,033012,193.4361549049049,32.66847284363725,0,1
001_20200814_033016(6),1,b77971e1960a78423d90464e8e952e65ce0d38852e2702fedab06bbc09736bce,True,5,1,4. X-ray 검사장비 AI 데이터셋/dataset/test1/yolov3/X선이물검출기(06.23_09.22)/3호기(2020.09.22)/SN12053_20200814_NgImage/001_20200814_033016(6).bmp,576,444,P,17b984858371bf6fd17212523d53805a4c9451e09fca61e9077dc9fd77b82e27,136,0.0005317817817817818,136,136,1,6a6a9195959695a5,001,20200814,033016,193.41778497247248,31.943822376933987,0,1
001_20200814_043321(6),1,746eacc25892b16278ee07711fb32f0816534013d40367549da4c22ebcbea40e,True,5,1,4. X-ray 검사장비 AI 데이터셋/dataset/test1/yolov3/X선이물검출기(06.23_09.22)/3호기(2020.09.22)/SN12053_20200814_NgImage/001_20200814_043321(6).bmp,576,444,P,ae727228c2512df8dddab1373cfc81c98e3c22130963f79d2c42746e43bf98e3,128,0.0005005005005005005,128,128,1,6a6a919566336c6a,001,20200814,043321,193.51591435185185,31.811751589835243,1,1
001_20200814_083045(8),1,96701b9b2b96bffa811b0c1a320b76de260530354b55651778ac2121e0326bfc,True,5,1,4. X-ray 검사장비 AI 데이터셋/dataset/test1/yolov3/X선이물검출기(06.23_09.22)/3호기(2020.09.22)/SN12053_20200814_NgImage/001_20200814_083045(8).bmp,576,444,P,01014c19353d505c4c82149972cd92741715c9120445ecfc566e7d23a143e9f0,128,0.0005005005005005005,128,128,1,6e6e91916a93486e,001,20200814,083045,193.59901307557558,32.09154147413521,1,1
001_20200814_083051(9),1,ff056ff9753bc4ccf3127b5a3ca519d858987f6d9147418bbcd4bca8a21a729a,True,5,1,4. X-ray 검사장비 AI 데이터셋/dataset/test1/yolov3/X선이물검출기(06.23_09.22)/3호기(2020.09.22)/SN12053_20200814_NgImage/001_20200814_083051(9).bmp,576,444,P,92a22b0b70d4647846800d8b112007cd340e67085e58db83122106552ac70f97,136,0.0005317817817817818,136,136,1,6e6e959199939168,001,20200814,083051,193.575829735986,32.235077160615575,0,1
001_20200814_123136(2),1,c96a1caa055296533bdfba05146cdbf49026aff13a3f0a9ab088818d5af63d26,True,5,1,4. X-ray 검사장비 AI 데이터셋/dataset/test1/yolov3/X선이물검출기(06.23_09.22)/3호기(2020.09.22)/SN12053_20200814_NgImage/001_20200814_123136(2).bmp,576,444,P,0aff9bc1434578a729361003fafcf9b1658f34083ff7ec08b85d5ea4c8f0d6c6,144,0.0005630630630630631,144,144,1,6e6e91916a91916e,001,20200814,123136,193.35779138513513,32.877463517628634,0,1
001_20200814_123143(5),1,07b2e31f986f862e485334c9e7059d7607acececd1a470153e0fe3d87d4e034c,True,5,1,4. X-ray 검사장비 AI 데이터셋/dataset/test1/yolov3/X선이물검출기(06.23_09.22)/3호기(2020.09.22)/SN12053_20200814_NgImage/001_20200814_123143(5).bmp,576,444,P,6a83a29c55f1b4d085435abafadbcb523f4cd746f537559698345b565bf2f1db,128,0.0005005005005005005,128,128,1,6e6e91916c91a16e,001,20200814,123143,193.5402316378879,32.58068532067524,0,1
001_20200814_163101(7),1,376a48d59221a76f6581c6ebd3760b9d224a5a4da0f45a88bab670c6cca7c6b9,True,5,1,4. X-ray 검사장비 AI 데이터셋/dataset/test1/yolov3/X선이물검출기(06.23_09.22)/3호기(2020.09.22)/SN12053_20200814_NgImage/001_20200814_163101(7).bmp,576,444,P,fa6973f901b77abae0ae8679bee0b818664fa4c74822ae2a353302b0fe381363,128,0.0005005005005005005,128,128,1,6e6e91916a196a66,001,20200814,163101,193.9536333208208,31.907271967536506,0,1
001_20200814_163105(1),1,9c76f40b49d86d8156ffc762803e0dcdbd134f0595f10258125c5f33a14546b9,True,5,1,4. X-ray 검사장비 AI 데이터셋/dataset/test1/yolov3/X선이물검출기(06.23_09.22)/3호기(2020.09.22)/SN12053_20200814_NgImage/001_20200814_163105(1).bmp,576,444,P,72a507cf64835ddbf8832858e876e5184a48e445dc2e389c7c0a31c63d02aa7b,128,0.0005005005005005005,128,128,1,6e6c91936a586a66,001,20200814,163105,193.98819131631632,31.981871782185088,0,1
001_20200814_203438(9),1,1da8c6742ab6442f50ba7a37064895aa7b9fb0f8b9b23d63489bb24a07b26045,True,5,1,4. X-ray 검사장비 AI 데이터셋/dataset/test1/yolov3/X선이물검출기(06.23_09.22)/3호기(2020.09.22)/SN12053_20200814_NgImage/001_20200814_203438(9).bmp,576,444,P,c58b8a8c33a4c647d9086b25d7721418b45ff70f327f876b009774e93a68d6d0,184,0.0007194694694694695,184,184,1,6e6a919595939195,001,20200814,203438,193.94050300300302,31.719851756513556,0,1
001_20200814_203442(4),1,cc2b2d600453d310b89229c9367614928a98702c1f9119ef831742d96ca403ba,True,4,1,4. X-ray 검사장비 AI 데이터셋/dataset/test1/yolov3/X선이물검출기(06.23_09.22)/3호기(2020.09.22)/SN12053_20200814_NgImage/001_20200814_203442(4).bmp,576,444,P,91dbe71b30544f4ad53e5359694296f827430811810a7b4a76bdcc4d880bf569,128,0.0005005005005005005,128,128,1,6a6495996a534a6e,001,20200814,203442,193.84536489614615,32.37310505046635,0,1
001_20200815_003438(6),1,c55e999f1bcdab9f5dccacb8f2321cca38a707116db964b82afcde09db825d81,True,4,1,4. X-ray 검사장비 AI 데이터셋/dataset/test1/yolov3/X선이물검출기(06.23_09.22)/3호기(2020.09.22)/SN12053_20200815_NgImage/001_20200815_003438(6).bmp,576,444,P,bb0f204aab306c9d901430de5ea841db794f914f1861c1d5dba425a8f81593ba,128,0.0005005005005005005,128,128,1,6e6a9195b5919525,001,20200815,003438,193.6619040915916,32.01299804390898,0,1
001_20200815_003529(0),1,4ccd824565057357e90edf9a498c8ff4730d043bb4d94202d34bd4bd61585ae0,True,4,1,4. X-ray 검사장비 AI 데이터셋/dataset/test1/yolov3/X선이물검출기(06.23_09.22)/3호기(2020.09.22)/SN12053_20200815_NgImage/001_20200815_003529(0).bmp,576,444,P,355148272324ed289e4c7caa8ef15d62bd993e5922e651604ecc542dab8b5bfd,128,0.0005005005005005005,128,128,1,6e6a919564b3246e,001,20200815,003529,193.7806908470971,32.05384456386678,0,1
001_20200818_083145(2),1,725806869f2192ba19353e45e783a3dba1543935e45d51b9aa503d732d63185e,True,4,1,4. X-ray 검사장비 AI 데이터셋/dataset/test1/yolov3/X선이물검출기(06.23_09.22)/3호기(2020.09.22)/SN12053_20200818_NgImage/001_20200818_083145(2).bmp,576,444,P,5d9e1ef233ccc861b79602be1de166aa9f6f25481a2e6e4937037a89f6ab3192,128,0.0005005005005005005,128,128,1,6a6a919595979166,001,20200818,083145,193.85343546671672,31.196614266883394,0,1
001_20200818_083159(7),1,597d8bbc0b5692604f309cd00cfdf3f2569847c3191b40f785cb62ff8d09906e,True,4,1,4. X-ray 검사장비 AI 데이터셋/dataset/test1/yolov3/X선이물검출기(06.23_09.22)/3호기(2020.09.22)/SN12053_20200818_NgImage/001_20200818_083159(7).bmp,576,444,P,7420fef53140a3f1ef820b1786eea69b1cc7a16538b362474a61e814586e773e,128,0.0005005005005005005,128,128,1,6a6e91916a956a6a,001,20200818,083159,193.98836336336336,31.122856679126816,0,1
001_20200818_123634(4),1,539f75795012b57d4df855cc386218668f83e1f21597c632ca4200305fb1ac00,True,4,1,4. X-ray 검사장비 AI 데이터셋/dataset/test1/yolov3/X선이물검출기(06.23_09.22)/3호기(2020.09.22)/SN12053_20200818_NgImage/001_20200818_123634(4).bmp,576,444,P,a6769eca0fdf3b5ae5039054bd43b1847edbf55389fa5b1df2dad6cb701e6d94,144,0.0005630630630630631,144,144,1,6a6a91956694b56a,001,20200818,123634,193.50331581581582,31.786449922333652,0,1
001_20200818_163230(6),1,fdd7e0a9b707656513a585c0b89cf97764fda0bbb6e5fc97785a6a5a31b034c7,True,4,1,4. X-ray 검사장비 AI 데이터셋/dataset/test1/yolov3/X선이물검출기(06.23_09.22)/3호기(2020.09.22)/SN12053_20200818_NgImage/001_20200818_163230(6).bmp,576,444,P,25061180f3925821dee60816779b0ed47b1279450750b0c552f4f5129d71d8d3,128,0.0005005005005005005,128,128,1,6e6e91916a95486e,001,20200818,163230,193.65626564064064,32.075962880921345,0,1
001_20200818_163233(9),1,e9e547536d81e00588c8d237f5621c5e26446fd64ded0877a24b89c96ae96d61,True,4,1,4. X-ray 검사장비 AI 데이터셋/dataset/test1/yolov3/X선이물검출기(06.23_09.22)/3호기(2020.09.22)/SN12053_20200818_NgImage/001_20200818_163233(9).bmp,576,444,P,3611ac2211f80dc17aa36541e06b3118735923c7fd111895a3c7f1a6217a06af,128,0.0005005005005005005,128,128,1,6a4a91b466a56e5a,001,20200818,163233,193.55744807307306,32.22991006711958,0,1
001_20200818_203601(4),1,6a5a06cc4af002f1b6d83963479f5e1ec734df09636eaf1bf445bf8f98a69d55,True,5,1,4. X-ray 검사장비 AI 데이터셋/dataset/test1/yolov3/X선이물검출기(06.23_09.22)/3호기(2020.09.22)/SN12053_20200818_NgImage/001_20200818_203601(4).bmp,576,444,P,2e063db02966d4d0451171b250aedaf4989e6d462b73b96f5efbee249acf267d,128,0.0005005005005005005,128,128,1,6e6e91916a11666e,001,20200818,203601,193.7177568193193,32.28558338531615,0,1
001_20200818_203607(4),1,397f272e5ca620e985ee1b4a482d94f0ed9e1456458da2739fce7ac477227b07,True,5,1,4. X-ray 검사장비 AI 데이터셋/dataset/test1/yolov3/X선이물검출기(06.23_09.22)/3호기(2020.09.22)/SN12053_20200818_NgImage/001_20200818_203607(4).bmp,576,444,P,1593d1592cf5d95a5f4604183ea3b5b38d129ba38d4db835f0a5bdcab14c529c,128,0.0005005005005005005,128,128,1,6e64959b6a4d4a64,001,20200818,203607,193.6088744994995,32.73967068284189,0,1
001_20200819_003039(4),1,fce7b7f6ad7274739b21aad385ba03b8445eca502df9b624877d6a257b3a8e36,True,4,1,4. X-ray 검사장비 AI 데이터셋/dataset/test1/yolov3/X선이물검출기(06.23_09.22)/3호기(2020.09.22)/SN12053_20200819_NgImage/001_20200819_003039(4).bmp,576,444,P,d9a208aba42536c9221dbc7c528e3d7c22526a25f60ac247bda4bd3f7bb34369,128,0.0005005005005005005,128,128,1,6e6a91956691666a,001,20200819,003039,193.80028856981983,31.68963185179757,0,1
001_20200819_003044(1),1,77ed8e35a12f69a1576cd57426d348082d82fd448d0523c586c38d7ba08d55f8,True,4,1,4. X-ray 검사장비 AI 데이터셋/dataset/test1/yolov3/X선이물검출기(06.23_09.22)/3호기(2020.09.22)/SN12053_20200819_NgImage/001_20200819_003044(1).bmp,576,444,P,911db0c7560cc4f63bc572e9fcf3f9e7556a76f8389bfab5380f6b57fbf07207,128,0.0005005005005005005,128,128,1,6e6a91916693916e,001,20200819,003044,193.77465746996998,31.840634475104174,0,1
001_20200819_043209(9),1,4483611773c3f7b64e91800e64f19dbd5496f545021861d2c653ad958da4c59e,True,4,1,4. X-ray 검사장비 AI 데이터셋/dataset/test1/yolov3/X선이물검출기(06.23_09.22)/3호기(2020.09.22)/SN12053_20200819_NgImage/001_20200819_043209(9).bmp,576,444,P,0d8ffa1b641ec70b378a822d6b86ad9adf73d96fb74061d01cf4d44dff29390c,136,0.0005317817817817818,136,136,1,6e6e91916691686e,001,20200819,043209,193.82318255755754,31.767780419660227,0,1
001_20200819_043216(0),1,96095c8f974ae4d3788f14bb99121c90452db13987f6afe86b5bba7efad1a04e,True,4,1,4. X-ray 검사장비 AI 데이터셋/dataset/test1/yolov3/X선이물검출기(06.23_09.22)/3호기(2020.09.22)/SN12053_20200819_NgImage/001_20200819_043216(0).bmp,576,444,P,1b0f7249fa65d37fa46fae96328c71a1fd9cf5d4568f72957f18b81a2e56544f,128,0.0005005005005005005,128,128,1,6ea4915a662b6d64,001,20200819,043216,193.57170060685687,33.01884675783924,1,1
001_20200819_083353(5),1,f92cd6c218ac945a77e49196e4a89706248fc5b505338d32ffda8d7987181782,True,4,1,4. X-ray 검사장비 AI 데이터셋/dataset/test1/yolov3/X선이물검출기(06.23_09.22)/3호기(2020.09.22)/SN12053_20200819_NgImage/001_20200819_083353(5).bmp,576,444,P,7e1ca98d62e4ca75f6690c503d61e5f5993ea1c2f40fda9e80773899a0b7f277,136,0.0005317817817817818,136,136,1,6e6a91956495a566,001,20200819,083353,193.8609156031031,31.86056727656766,0,1
001_20200819_083401(0),1,616fe924c9256301664557b8b81ee793130f8da0b5bbf5a2c593c7b2daf5ae4a,True,4,1,4. X-ray 검사장비 AI 데이터셋/dataset/test1/yolov3/X선이물검출기(06.23_09.22)/3호기(2020.09.22)/SN12053_20200819_NgImage/001_20200819_083401(0).bmp,576,444,P,49a4104fa5d8612781a5fae9b3837b0b47072854b7e522d2f79f4596c018870d,128,0.0005005005005005005,128,128,1,6a6a999195d293b4,001,20200819,083401,193.77857936061062,31.947430575935307,0,1
001_20200819_124414(0),1,41f62573168a16b422ae1c2d9285325eaea08912597f99bbdcf7060900cf7fab,True,4,1,4. X-ray 검사장비 AI 데이터셋/dataset/test1/yolov3/X선이물검출기(06.23_09.22)/3호기(2020.09.22)/SN12053_20200819_NgImage/001_20200819_124414(0).bmp,576,444,P,16b565e996633f28962740369e002d39531c0f34ae6756b0081394e1bbdf1ead,128,0.0005005005005005005,128,128,1,6e6a91916693a566,001,20200819,124414,193.98878566066065,31.777496152955564,0,1
001_20200819_124415(9),1,ec4d5cbd9bf43e7ee4ae56d777da847b443e68d01e1d597f958ea4cc22bae193,True,4,1,4. X-ray 검사장비 AI 데이터셋/dataset/test1/yolov3/X선이물검출기(06.23_09.22)/3호기(2020.09.22)/SN12053_20200819_NgImage/001_20200819_124415(9).bmp,576,444,P,c83617633f87f1499b8c0dfc8d92d8067632ac42847f589aef0d208e5f79b623,128,0.0005005005005005005,128,128,1,6a6a91956691b566,001,20200819,124415,193.79848989614615,31.62850233136786,0,1
001_20200819_162723(4),1,d980a852853dc8da586f623e172ad11cee07d7e160c1c8fd57d3281b598c4316,True,4,1,4. X-ray 검사장비 AI 데이터셋/dataset/test1/yolov3/X선이물검출기(06.23_09.22)/3호기(2020.09.22)/SN12053_20200819_NgImage/001_20200819_162723(4).bmp,576,444,P,578274fa5976bef2e39000e4444a8cd8415503e9aeef2929c4d4e60d369c12e6,128,0.0005005005005005005,128,128,1,6e6a9195b4919566,001,20200819,162723,193.67698557932934,32.43652611300854,0,1
001_20200821_150525(5),1,ba05f9bed411edb5c665ef8c8ddb43aca91d0da5e0509f57843546c2a43311f7,True,4,1,4. X-ray 검사장비 AI 데이터셋/dataset/test1/yolov3/X선이물검출기(06.23_09.22)/3호기(2020.09.22)/SN12053_20200821_NgImage/001_20200821_150525(5).bmp,576,444,P,43a165b6948b3c0528768e407b1041dcda7c57432d28f69c48770f21101022dc,128,0.0005005005005005005,128,128,1,6a9195666a696a99,001,20200821,150525,192.96362378003002,32.02196283379313,0,1
001_20200821_150529(4),1,0c6fbf823ae35f0ae97e7cec3ab05dc81e42869a6eab4da3fac05ac43081f171,True,4,1,4. X-ray 검사장비 AI 데이터셋/dataset/test1/yolov3/X선이물검출기(06.23_09.22)/3호기(2020.09.22)/SN12053_20200821_NgImage/001_20200821_150529(4).bmp,576,444,P,ec75459dfa1ba466002d8c23838a511ded30e3b87a57a8b6a16de099d366dab6,128,0.0005005005005005005,128,128,1,6e9995666a226a99,001,20200821,150529,193.23615803303304,31.853465499940608,0,1
001_20200821_163349(7),1,fefb863d8f21b6059a222cdea1e01550a303a4027d882be33a84425e677a2684,True,4,1,4. X-ray 검사장비 AI 데이터셋/dataset/test1/yolov3/X선이물검출기(06.23_09.22)/3호기(2020.09.22)/SN12053_20200821_NgImage/001_20200821_163349(7).bmp,576,444,P,14b69b8c0905710eb5bef81c742514005ad52be9d89d404b9d544e93ba12551d,128,0.0005005005005005005,128,128,1,6e4a91b566336c4a,001,20200821,163349,193.19524993743744,32.39782743189388,0,1
001_20200821_163353(8),1,d97f9ee61b4f1853866a4692f325ff287cdf936e587e800637985076fd5aa30c,True,4,1,4. X-ray 검사장비 AI 데이터셋/dataset/test1/yolov3/X선이물검출기(06.23_09.22)/3호기(2020.09.22)/SN12053_20200821_NgImage/001_20200821_163353(8).bmp,576,444,P,67f62474b48aa43f053b2ead2b2bf510c712b53c175da5e0fab6551061eb4ca0,128,0.0005005005005005005,128,128,1,6e95916a664a6e91,001,20200821,163353,193.17321618493494,31.836671965992984,0,1
001_20200826_023328(3),1,c7f6ec4c4ae53a14aa23bd437294ab7f2843d29183bc01685112f13e83f6303f,True,4,1,4. X-ray 검사장비 AI 데이터셋/dataset/test1/yolov3/X선이물검출기(06.23_09.22)/3호기(2020.09.22)/SN12053_20200826_NgImage/001_20200826_023328(3).bmp,576,444,P,02363ff9249e62ba1cf2b76999c03adfac545216f41597b5566e62bc951a4f53,128,0.0005005005005005005,128,128,1,6a4a959566b56a4a,001,20200826,023328,193.9029615553053,31.34417009867442,0,1
001_20200826_023332(5),1,e3ec3ae34c7fa7a375cacd724834b6d818b17fefe19fd4aefa2b19001ae55774,True,4,1,4. X-ray 검사장비 AI 데이터셋/dataset/test1/yolov3/X선이물검출기(06.23_09.22)/3호기(2020.09.22)/SN12053_20200826_NgImage/001_20200826_023332(5).bmp,576,444,P,680a7888eec5bb42a350611456103fd765b4232eace41d4a41a976e98623ae33,200,0.0007820320320320321,200,200,1,6a6a91956635956a,001,20200826,023332,193.94403387762762,31.935595577803348,0,1
001_20200826_043252(8),1,1c7aceddab50acb6055eafe7bed488dccdc3bbf45dcd649ccfc6b39163df7117,True,4,1,4. X-ray 검사장비 AI 데이터셋/dataset/test1/yolov3/X선이물검출기(06.23_09.22)/3호기(2020.09.22)/SN12053_20200826_NgImage/001_20200826_043252(8).bmp,576,444,P,76c0dc18e592b27076f819b7a0cac2c64a9dd4593d0a6f7bfdf6dfd57b2da2de,136,0.0005317817817817818,136,136,1,6a6a919566b3256a,001,20200826,043252,193.48826560935936,32.375283751687405,0,1
001_20200826_043255(8),1,485bad587dc87e4249e9db03b0a499fab0a7dfddf77701c19e0a8dd8f6a01f96,True,4,1,4. X-ray 검사장비 AI 데이터셋/dataset/test1/yolov3/X선이물검출기(06.23_09.22)/3호기(2020.09.22)/SN12053_20200826_NgImage/001_20200826_043255(8).bmp,576,444,P,ffd434b5440ad8873feadc09b2368d4bba136217f995136aba4821effa9bbf99,128,0.0005005005005005005,128,128,1,6a91956e6a6c6a91,001,20200826,043255,193.4318967404905,32.1390225073325,0,1
001_20200826_123711(3),1,5b78b13888514682877becd4d1c39d7e47402dc1387fb1a1159c2a9d57610d47,True,4,1,4. X-ray 검사장비 AI 데이터셋/dataset/test1/yolov3/X선이물검출기(06.23_09.22)/3호기(2020.09.22)/SN12053_20200826_NgImage/001_20200826_123711(3).bmp,576,444,P,838d2c1333dd7c0714d20fa9a139c3de69e1b27e2f911eb7bc64620b1529a489,128,0.0005005005005005005,128,128,1,6e6a91916a496e6a,001,20200826,123711,193.8200661599099,32.48361512512461,0,1
001_20200826_123714(5),1,3c695c98a38c181ad3469014a7a1da344acf0dd0d78264f262b0e7316b0d5f18,True,4,1,4. X-ray 검사장비 AI 데이터셋/dataset/test1/yolov3/X선이물검출기(06.23_09.22)/3호기(2020.09.22)/SN12053_20200826_NgImage/001_20200826_123714(5).bmp,576,444,P,cf1e471edf4c6584c3a9a888799bdd198426d0c9d0ea28fcef9f700ceb95eaaa,136,0.0005317817817817818,136,136,1,6eb5914a66892cb6,001,20200826,123714,193.74735673173174,32.61876485384924,0,1
001_20200831_083711(6),1,4c5cf45e3fd99d678324f5b5af5975d77cdfc922da027b26068e447b13e5b85c,True,4,1,4. X-ray 검사장비 AI 데이터셋/dataset/test1/yolov3/X선이물검출기(06.23_09.22)/3호기(2020.09.22)/SN12053_20200831_NgImage/001_20200831_083711(6).bmp,576,444,P,ab0f74baba3269c878d285cab98ff86c954ea15e4e671ea69243250a01b92dbb,128,0.0005005005005005005,128,128,1,6a4a91b56e356c4a,001,20200831,083711,193.97915493618618,32.44777327205051,0,1
001_20200831_083714(8),1,a2d9c4a45bd6d4b33403c3be38c2f17539c2e755e3b1092aab005e73056b633c,True,4,1,4. X-ray 검사장비 AI 데이터셋/dataset/test1/yolov3/X선이물검출기(06.23_09.22)/3호기(2020.09.22)/SN12053_20200831_NgImage/001_20200831_083714(8).bmp,576,444,P,691c6a08b2a876ce5c8cba3b5388b203143c71fea7e25b405ba62ac53f48711c,136,0.0005317817817817818,136,136,1,6a4a91956e656c6a,001,20200831,083714,193.83785738863864,33.42159588000285,0,1
001_20200831_123316(5),1,88533991cf9b376c6dde4a45571c48435156e7fdb8ac4ac99eea13811248c793,True,4,1,4. X-ray 검사장비 AI 데이터셋/dataset/test1/yolov3/X선이물검출기(06.23_09.22)/3호기(2020.09.22)/SN12053_20200831_NgImage/001_20200831_123316(5).bmp,576,444,P,44909fb993225c2fd908b4ad16eb031863c7e93849f87638e876ca7f55c8494b,128,0.0005005005005005005,128,128,1,6a6a9191959695b5,001,20200831,123316,193.470752002002,33.921630759457,0,1
001_20200922_163332(2),1,a5b7b1759cf3f4ae8430dd38ddc3df07dc3c9e4f05cdb4aacffaaf96762c14a6,True,4,1,4. X-ray 검사장비 AI 데이터셋/dataset/test1/yolov3/X선이물검출기(06.23_09.22)/3호기(2020.09.22)/SN12053_20200922_NgImage/001_20200922_163332(2).bmp,576,444,P,2f02e406b6fcbc779118ec2fbbfc111498f5a65ee5d35dcea3734b9cb6097c9f,136,0.0005317817817817818,136,136,1,6e4a91b56a496e4a,001,20200922,163332,193.29342232857857,34.845949806727,0,1
001_20200922_163335(3),1,06bb65a093587f540544b3f347141ea1f0f58a7e4127fd89f803a13918593c26,True,4,1,4. X-ray 검사장비 AI 데이터셋/dataset/test1/yolov3/X선이물검출기(06.23_09.22)/3호기(2020.09.22)/SN12053_20200922_NgImage/001_20200922_163335(3).bmp,576,444,P,fbc5c39b747665f1add2eb7aff41d3ee958253bbd54dd445473be740de7efdc3,152,0.0005943443443443444,152,152,1,6e4a91b56e69644a,001,20200922,163335,193.23469563313313,35.202904470369745,0,1
002_20200622_203053(2),3,dfa57b1c442bfb2cc29c8029c00ed754ec8fd5f951dfb60c7edadf01d482a281,True,5,1,4. X-ray 검사장비 AI 데이터셋/dataset/test1/yolov3/X선이물검출기(06.23_09.22)/1호기(2020.09.22)/SN77128_20200622_NgImage/002_20200622_203053(2).bmp,352,332,P,fbb1ac2eed072cb389128b28a1fe159b3e9fbfa008e0e020051ccb47574c87a5,384,0.0032858707557502738,384,384,3,666a999566496a66,002,20200622,203053,193.8792100219058,30.463807144447564,0,3
002_20200622_203057(3),3,dd7e03878888cc52eb75f1b1e1284ad1bfa80486338094562ff24791a78d8aa7,True,5,1,4. X-ray 검사장비 AI 데이터셋/dataset/test1/yolov3/X선이물검출기(06.23_09.22)/1호기(2020.09.22)/SN77128_20200622_NgImage/002_20200622_203057(3).bmp,352,332,P,9f16e71077ba3019ed89a7c7c3c4db46225ef3f68628fc7b75b798fa39021d9a,392,0.003354326396495071,392,392,3,626a9d9567496662,002,20200622,203057,193.81452799835708,30.642332658922847,0,3
002_20200622_203101(3),3,10468611c32bd07a8ecd723ff1bce1d097ff8a5abfb9827b4acb88f3ce0a5f57,True,5,1,4. X-ray 검사장비 AI 데이터셋/dataset/test1/yolov3/X선이물검출기(06.23_09.22)/1호기(2020.09.22)/SN77128_20200622_NgImage/002_20200622_203101(3).bmp,352,332,P,43aaada8f48a8df64335104a87e0dbbdaf7d4e05f9c1ba5c707a9ef402050553,384,0.0032858707557502738,384,384,3,626a9d956a496666,002,20200622,203101,193.83651937294633,30.58953616758866,0,3
002_20200622_203105(4),3,366a1b770c92232a81c52cb1b21df340978bfb721e4a1197c79b2de5c226d81a,True,5,1,4. X-ray 검사장비 AI 데이터셋/dataset/test1/yolov3/X선이물검출기(06.23_09.22)/1호기(2020.09.22)/SN77128_20200622_NgImage/002_20200622_203105(4).bmp,352,332,P,5f469afc4943d889253f7bb7db0211fc34fb925e1238754e7a6b70b723635906,392,0.003354326396495071,392,392,3,626a9d956a4b626a,002,20200622,203105,193.7747894989047,30.73661647035405,0,3
002_20200622_203109(3),3,ffe45f1138f424a56e90a92a86662f52acc8936a5ecfe57248a61318447abed4,True,5,1,4. X-ray 검사장비 AI 데이터셋/dataset/test1/yolov3/X선이물검출기(06.23_09.22)/1호기(2020.09.22)/SN77128_20200622_NgImage/002_20200622_203109(3).bmp,352,332,P,e82d76b7e1a80fae55cb586d6ecdee0a1689571cb527a50e911b1884c54ca9a7,384,0.0032858707557502738,384,384,3,626a9d956a696662,002,20200622,203109,193.8004518072289,30.920738076519882,0,3
002_20200622_203121(4),3,8fcf4c2ea6f348b279435ea9a98351cfa954648628d7f245643230090c44b43e,True,5,1,4. X-ray 검사장비 AI 데이터셋/dataset/test1/yolov3/X선이물검출기(06.23_09.22)/1호기(2020.09.22)/SN77128_20200622_NgImage/002_20200622_203121(4).bmp,352,332,P,e5eeda01b33bc8af72a926ad11fc0191290cbc39656cbea5e0eb9cc3ce4ca0d4,384,0.0032858707557502738,384,384,3,664a99b5664d6662,002,20200622,203121,193.8561490279299,30.643533118737285,0,3
002_20200622_203136(3),3,0d1e35737676f3af189e291719a454ffd62240f508a524be2aded26460ce6790,True,5,1,4. X-ray 검사장비 AI 데이터셋/dataset/test1/yolov3/X선이물검출기(06.23_09.22)/2호기(2020.09.22)/SN77127_20200622_NgImage/002_20200622_203136(3).bmp,316,332,P,1da7a8ed9a8134b9cea7d74a5ceec02d567039bc2b082619e780376cdb8d4752,400,0.003812719231355803,400,400,3,62949d6a6a27639c,002,20200622,203136,182.40476780539882,45.84198464914659,3,3
002_20200622_203140(8),3,6ecdd02b7aeaa04bfcad86dc5409fa02b618c721b3b94c66de64bd247dd86a23,True,5,1,4. X-ray 검사장비 AI 데이터셋/dataset/test1/yolov3/X선이물검출기(06.23_09.22)/2호기(2020.09.22)/SN77127_20200622_NgImage/002_20200622_203140(8).bmp,316,332,P,59dafff3a5b7c5f6ca383401451f2e2221358008956dd48403c538ed0e73eeb7,416,0.003965228000610035,416,416,3,6a9c95626a33639c,002,20200622,203140,182.5339617965533,45.75977701692582,1,3
002_20200622_203145(3),3,2602aa141c67ee8a7b177e3d7af835f5c8bb077520355c1bb8a3c6c19042e838,True,5,1,4. X-ray 검사장비 AI 데이터셋/dataset/test1/yolov3/X선이물검출기(06.23_09.22)/2호기(2020.09.22)/SN77127_20200622_NgImage/002_20200622_203145(3).bmp,316,332,P,fab1257c87c4f856663c72430aa293e59e3c1934f73d654f0a11a1c435227406,400,0.003812719231355803,400,400,3,6a9c95626a33639c,002,20200622,203145,182.45464770474302,45.59569040917306,0,3
002_20200622_203149(8),3,da4e33eaa28704299eaf2f585c146a7b85858071e9895c4657d670ca7e0694e4,True,5,1,4. X-ray 검사장비 AI 데이터셋/dataset/test1/yolov3/X선이물검출기(06.23_09.22)/2호기(2020.09.22)/SN77127_20200622_NgImage/002_20200622_203149(8).bmp,316,332,P,38aefb04d9cb7e9a03a1376452d349851ffc57d58936e44c0e2d7306ac024db6,392,0.003736464846728687,392,392,3,6a9c95626a33639c,002,20200622,203149,182.3911849931371,45.62705574242683,0,3
002_20200622_203154(3),3,477cd742d93abd26545709136c21aaf72a5587714424ae283727ff707499126d,True,5,1,4. X-ray 검사장비 AI 데이터셋/dataset/test1/yolov3/X선이물검출기(06.23_09.22)/2호기(2020.09.22)/SN77127_20200622_NgImage/002_20200622_203154(3).bmp,316,332,P,39dd6b9751ce3039c6ed5c8d6e37a591520b8f78dcb65cbf683dcd0061780e3e,392,0.003736464846728687,392,392,3,6a9c95626a33639c,002,20200622,203154,182.56706573127954,45.682805661276596,0,3
002_20200622_203158(8),3,412857668c7077d11ad1647e6c85bfd4a88fe19affd2c872bd76519ebf02f4fe,True,5,1,4. X-ray 검사장비 AI 데이터셋/dataset/test1/yolov3/X선이물검출기(06.23_09.22)/2호기(2020.09.22)/SN77127_20200622_NgImage/002_20200622_203158(8).bmp,316,332,P,3d0cc82a11c8dde4e12a80f486beaa3637653e952ef30765dc6abb8de2ea1762,416,0.003965228000610035,416,416,3,629c9d626a33639c,002,20200622,203158,182.39787631538815,45.676164598381476,0,3
002_20200623_003346(4),3,c71872b1a528c8e459a193a3dc0977489834edbeec1488f41639a0ca3c69fb00,True,4,1,4. X-ray 검사장비 AI 데이터셋/dataset/test1/yolov3/X선이물검출기(06.23_09.22)/1호기(2020.09.22)/SN77128_20200623_NgImage/002_20200623_003346(4).bmp,352,332,P,9dfdaa9f16d380e80c4d16b8192cb2cea904f1973bb79b7be4aae612f27e0bfd,392,0.003354326396495071,392,392,3,6a9995626aa66a99,002,20200623,003346,194.04257940854328,30.41231443834399,0,3
002_20200623_003350(4),3,45b81224e8cc94799b78c05de3c0845654ac04659499014b82272d37a75e5f70,True,4,1,4. X-ray 검사장비 AI 데이터셋/dataset/test1/yolov3/X선이물검출기(06.23_09.22)/1호기(2020.09.22)/SN77128_20200623_NgImage/002_20200623_003350(4).bmp,352,332,P,07a484e3b9d39e58d699b16a85f14b3f4fda8dabc7e9761117b6bf4ce35d1659,384,0.0032858707557502738,384,384,3,6266959962656e72,002,20200623,003350,194.0603693181818,30.26304662713334,0,3
002_20200623_003351(2),3,6c6843978ad5c136de42c34c0c910f2fa9d0e79780dccfaf0e7690741485ccf6,True,4,1,4. X-ray 검사장비 AI 데이터셋/dataset/test1/yolov3/X선이물검출기(06.23_09.22)/2호기(2020.09.22)/SN77127_20200623_NgImage/002_20200623_003351(2).bmp,316,332,P,d51d9ae6d2ac464eb752e04bf838f2b294f3029a920d7ce655353f27dffd10dc,392,0.003736464846728687,392,392,3,62959d6a6ab36294,002,20200623,003351,183.02927215189874,46.13609645304214,0,3
002_20200623_003354(3),3,042e4849632882af50a51f2bd7cc052051d53a8fe975002a2a14c188a767bd31,True,4,1,4. X-ray 검사장비 AI 데이터셋/dataset/test1/yolov3/X선이물검출기(06.23_09.22)/1호기(2020.09.22)/SN77128_20200623_NgImage/002_20200623_003354(3).bmp,352,332,P,f599d822a695b56a119946dd5d983075fb21a6fcc26dc1ad44e4ebe72c7feab7,392,0.003354326396495071,392,392,3,6a6a9d956652626a,002,20200623,003354,194.02783577491786,30.39962763087243,0,3
002_20200623_003355(7),3,8a732f8fbc7d8cef6215abed7a212ee46d9eca0df8e26ed84fe0e49d153a6086,True,4,1,4. X-ray 검사장비 AI 데이터셋/dataset/test1/yolov3/X선이물검출기(06.23_09.22)/2호기(2020.09.22)/SN77127_20200623_NgImage/002_20200623_003355(7).bmp,316,332,P,22d7cecd0fb47417b1c8160c6a810e72219a0619b8b6bd242c6f38916e96ff1c,392,0.003736464846728687,392,392,3,6b94956a6aa36394,002,20200623,003355,183.12621053835596,45.88492078588699,0,3
002_20200623_003358(2),3,3e823fb79abc6964d33cb87b1abcc664dfe5ffde9ce26abdd0a3eb8f0a512f74,True,4,1,4. X-ray 검사장비 AI 데이터셋/dataset/test1/yolov3/X선이물검출기(06.23_09.22)/1호기(2020.09.22)/SN77128_20200623_NgImage/002_20200623_003358(2).bmp,352,332,P,0dd459d74c89c8a19b79ebb3639124c68cd49a922fb2f7e06b79c319e74c4a26,384,0.0032858707557502738,384,384,3,62959d6a66a4629d,002,20200623,003358,194.10973439211392,30.14271951154337,0,3
002_20200623_003400(2),3,42d426bc67d3bfdea938a110dec161ba8df796cc6c0b9e0e86592a4c7fc22346,True,4,1,4. X-ray 검사장비 AI 데이터셋/dataset/test1/yolov3/X선이물검출기(06.23_09.22)/2호기(2020.09.22)/SN77127_20200623_NgImage/002_20200623_003400(2).bmp,316,332,P,91d0129c146fc11eb2c2aa589913f3174e8f6c916dbb32cee6e55d96ccafe74e,392,0.003736464846728687,392,392,3,62959d6a6aa56394,002,20200623,003400,182.9600808296477,45.77735587590604,0,3
002_20200623_003402(2),3,3e23961c7ff0ead03b70bd7163c490444e22a1a12fab66429e7b6f5263fa10b0,True,4,1,4. X-ray 검사장비 AI 데이터셋/dataset/test1/yolov3/X선이물검출기(06.23_09.22)/1호기(2020.09.22)/SN77128_20200623_NgImage/002_20200623_003402(2).bmp,352,332,P,f9533a784ebc12e9a2694f0b91b3e0fe19551b2621f7d255bdc6c52b1ab8d5e4,392,0.003354326396495071,392,392,3,62959d6a66a56295,002,20200623,003402,194.08798261226724,30.186114253508602,0,3
002_20200623_003404(7),3,60563613452aefe584bf5577352ed2d54f8d7e952456b0c1a314fd6b946c0bcb,True,4,1,4. X-ray 검사장비 AI 데이터셋/dataset/test1/yolov3/X선이물검출기(06.23_09.22)/2호기(2020.09.22)/SN77127_20200623_NgImage/002_20200623_003404(7).bmp,316,332,P,677b8bbd24ab93897d2c1d7860e0ffa3eb40f5b0caa54cdb6622ea4a45ae42a9,392,0.003736464846728687,392,392,3,6a95956a6aa56394,002,20200623,003404,183.00711072136647,45.708917077757626,0,3
002_20200623_003409(2),3,a2328e6607495058c5b0ec92ab7eabe8da5f4b153bc3a796ffd4ccb47b963eb3,True,4,1,4. X-ray 검사장비 AI 데이터셋/dataset/test1/yolov3/X선이물검출기(06.23_09.22)/2호기(2020.09.22)/SN77127_20200623_NgImage/002_20200623_003409(2).bmp,316,332,P,9ba64329c31c6864eb78c3fb74e1bcef1216fa2e2a0113539e811bf003fcdb89,384,0.0036602104621015707,384,384,3,6a95956a6aa56394,002,20200623,003409,183.08960843373495,45.73923536376106,0,3
002_20200623_003410(2),3,6f335351784448ed5a5a830fc988923966113ed3c09559cc3049f6e27a540721,True,4,1,4. X-ray 검사장비 AI 데이터셋/dataset/test1/yolov3/X선이물검출기(06.23_09.22)/1호기(2020.09.22)/SN77128_20200623_NgImage/002_20200623_003410(2).bmp,352,332,P,f8f349ede872462ee7276b11a2f930b4b4115116b468722f2502620a22530eb7,384,0.0032858707557502738,384,384,3,6e24959a6a6d6a26,002,20200623,003410,193.66349774096386,31.64357498180155,0,3
002_20200623_003413(7),3,0f0a795f1809b68acf8662f32419537cd11df931381d39e5d50aa857fde0136d,True,4,1,4. X-ray 검사장비 AI 데이터셋/dataset/test1/yolov3/X선이물검출기(06.23_09.22)/2호기(2020.09.22)/SN77127_20200623_NgImage/002_20200623_003413(7).bmp,316,332,P,e540cc5973c2bb14da7489e28e8578300143db6d81d4157ee7c58412db204b27,392,0.003736464846728687,392,392,3,62959d6a62a36395,002,20200623,003413,182.92045714503584,45.6723707429351,0,3
002_20200623_043039(3),3,ee0cbc91bfa22cf19ecd4d65a63ed7cca3bb6d7e960b4b5ddb9d484fda16b3cd,True,4,1,4. X-ray 검사장비 AI 데이터셋/dataset/test1/yolov3/X선이물검출기(06.23_09.22)/1호기(2020.09.22)/SN77128_20200623_NgImage/002_20200623_043039(3).bmp,352,332,P,792d694d2a50371e5b3a705dcb4c9ac0b211cd56ff9cfa152b13f688fd1d7792,400,0.0034227820372398684,400,400,3,6a5a95a5624a6ada,002,20200623,043039,194.08240347754656,30.391032763866416,0,3
002_20200623_043043(2),3,7a063c830ac85ae92bb86a549f301b07f0038d4eaab1a9df324e521f01ced153,True,4,1,4. X-ray 검사장비 AI 데이터셋/dataset/test1/yolov3/X선이물검출기(06.23_09.22)/1호기(2020.09.22)/SN77128_20200623_NgImage/002_20200623_043043(2).bmp,352,332,P,7189e7bfdb819e57b8e6e85acd0d855c0cc856448ac4701b39c76b257e3d56f8,384,0.0032858707557502738,384,384,3,6e6e919166456a66,002,20200623,043043,194.06208926615554,30.378565045112595,0,3
002_20200623_043047(2),3,e49326cf79376370d0e098d81014f5aec679a2ede718fe36b84d528aed2fd2bd,True,4,1,4. X-ray 검사장비 AI 데이터셋/dataset/test1/yolov3/X선이물검출기(06.23_09.22)/1호기(2020.09.22)/SN77128_20200623_NgImage/002_20200623_043047(2).bmp,352,332,P,9641f9f697596e44a3833d448ce88dfa6fae31af3aa37c37dcb491b2c499b4b8,384,0.0032858707557502738,384,384,3,626a9d91626d665a,002,20200623,043047,194.08419188116102,30.32870795781358,0,3
002_20200623_043051(3),3,91044535cbfb30c27c0cab10afd0c50b19d5db1492aa342601c781a1cf31a119,True,4,1,4. X-ray 검사장비 AI 데이터셋/dataset/test1/yolov3/X선이물검출기(06.23_09.22)/1호기(2020.09.22)/SN77128_20200623_NgImage/002_20200623_043051(3).bmp,352,332,P,9790c2cf08a0bee614499fbfb0f93476f91b9ac68ffda5957b92063b0b71e40a,384,0.0032858707557502738,384,384,3,62b59d4a6a2d6295,002,20200623,043051,194.10688492606792,30.26919824690059,0,3
002_20200623_043055(3),3,ad37d273416df3e82ccb7ef2a90a883acfcf77662e57417b4fb2a1efb1c2ab3e,True,4,1,4. X-ray 검사장비 AI 데이터셋/dataset/test1/yolov3/X선이물검출기(06.23_09.22)/1호기(2020.09.22)/SN77128_20200623_NgImage/002_20200623_043055(3).bmp,352,332,P,ba6bfe3b63ddf0b968c51807848f5f1ce88c4d7fd60a90d987cbbf41125172e8,392,0.003354326396495071,392,392,3,6a95916a66ac6695,002,20200623,043055,194.1153220837897,30.19782303276686,0,3
002_20200623_043056(0),3,3709c27deeeb0714e7fe58f68b3a6707f8a2aeb0a7b7ae830f9bdddbf5b1c3df,True,4,1,4. X-ray 검사장비 AI 데이터셋/dataset/test1/yolov3/X선이물검출기(06.23_09.22)/2호기(2020.09.22)/SN77127_20200623_NgImage/002_20200623_043056(0).bmp,316,332,P,3cd4216bc9698dbee025d7c3bb98de21c1c36491d5304c74c92f18d6d176c0b5,384,0.0036602104621015707,384,384,3,629c9d6a6a23639c,002,20200623,043056,183.06638897361597,45.555561660380825,0,3
002_20200623_043059(4),3,e487d6bd5afa58b9f392c92dc98b51fb3ab285f2bcdbdabc9b789951675947da,True,4,1,4. X-ray 검사장비 AI 데이터셋/dataset/test1/yolov3/X선이물검출기(06.23_09.22)/1호기(2020.09.22)/SN77128_20200623_NgImage/002_20200623_043059(4).bmp,352,332,P,69f61e0899dde94d5b2980b2be15cb38549c85382a8ab41e84b18cf396eef14f,392,0.003354326396495071,392,392,3,6a9995666aac5895,002,20200623,043059,194.12317736856517,30.180301713124706,0,3
002_20200623_043100(6),3,dbf6029d84c4147bf8325989c173226d4490799ab10f0a9e8f9c7c4012338f31,True,4,1,4. X-ray 검사장비 AI 데이터셋/dataset/test1/yolov3/X선이물검출기(06.23_09.22)/2호기(2020.09.22)/SN77127_20200623_NgImage/002_20200623_043100(6).bmp,316,332,P,aaec4c9650278e82de7be4becf837dc654c7282f26444540b6a33d641798e0b4,400,0.003812719231355803,400,400,3,629c9d6362236b9c,002,20200623,043100,183.0357251791978,45.56400657863012,0,3
002_20200623_043105(0),3,2b4459c370c599a5d662f8ead56ae7685aa7b4062207f605d9553465600a433c,True,4,1,4. X-ray 검사장비 AI 데이터셋/dataset/test1/yolov3/X선이물검출기(06.23_09.22)/2호기(2020.09.22)/SN77127_20200623_NgImage/002_20200623_043105(0).bmp,316,332,P,679549632f8094408484ea06e6b3f26d05d1a1807f594b170d1d0479c3a22798,392,0.003736464846728687,392,392,3,6a9c95626a236b9c,002,20200623,043105,183.1191284123837,45.50713793285117,1,3
002_20200623_043109(4),3,de4d10e05b7799654590567181794c4b7cfee3f8b4643819105961dd9843ca1d,True,3,1,4. X-ray 검사장비 AI 데이터셋/dataset/test1/yolov3/X선이물검출기(06.23_09.22)/2호기(2020.09.22)/SN77127_20200623_NgImage/002_20200623_043109(4).bmp,316,332,P,6266e51577e5d28945ea221c2ed407e68aff91ec74827641915f743433b86117,400,0.003812719231355803,400,400,3,6a95956a6a23639c,002,20200623,043109,183.07295638249198,45.523815259221855,2,3
002_20200623_043115(4),3,406f7b9b582b3bb57e0a8495dcffcf638d825195b8dd5f5e43dc2e3381cca76a,True,3,1,4. X-ray 검사장비 AI 데이터셋/dataset/test1/yolov3/X선이물검출기(06.23_09.22)/2호기(2020.09.22)/SN77127_20200623_NgImage/002_20200623_043115(4).bmp,316,332,P,114185fdb3cd33a661d30419e8b2da4353b1293e9c290b5530e34a182c4b0f90,400,0.003812719231355803,400,400,3,6b9c95626a216b9c,002,20200623,043115,183.15004956535,45.55792022931404,1,3
002_20200623_043120(0),3,e0701a8245f87b7f731372442e5e58e6c8b446ac747cbd272dcb57b8b4c55499,True,3,1,4. X-ray 검사장비 AI 데이터셋/dataset/test1/yolov3/X선이물검출기(06.23_09.22)/2호기(2020.09.22)/SN77127_20200623_NgImage/002_20200623_043120(0).bmp,316,332,P,c03a84690789a9c933a408fab48d93dc9981ace47ab4360adfe2a9efb09325a4,400,0.003812719231355803,400,400,3,629c9d626a236b9c,002,20200623,043120,182.98635046515176,45.56798806483283,0,3
002_20200623_082249(3),3,e924918e3e54d2656083bdaa22928d74ce22332e4b7ff4c325978c62ec4c4e96,True,3,1,4. X-ray 검사장비 AI 데이터셋/dataset/test1/yolov3/X선이물검출기(06.23_09.22)/2호기(2020.09.22)/SN77127_20200623_NgImage/002_20200623_082249(3).bmp,316,332,P,c456e8a8e264dfc2efaf27fd45bf6149251cf14ead4072151e421b1cd55e6b7a,392,0.003736464846728687,392,392,3,6a9c95626a236b9c,002,20200623,082249,183.18671839255757,45.4194074902289,0,3
002_20200623_082253(8),3,4614cbccebab8d3d5cf3d6ee02dedab2bb768a76ac2235ad796a75d399f48aaa,True,3,1,4. X-ray 검사장비 AI 데이터셋/dataset/test1/yolov3/X선이물검출기(06.23_09.22)/2호기(2020.09.22)/SN77127_20200623_NgImage/002_20200623_082253(8).bmp,316,332,P,a725be28601ccd8434cd15a5f9d1d82724d1dbe7b68fe114972a56cb7b59318a,392,0.003736464846728687,392,392,3,6295956a6a676394,002,20200623,082253,183.03888973615983,45.67610360922589,2,3
002_20200623_082258(4),3,db8376309bb68d43a279c1ea98975ab49d305218faea893191cb884a805135a1,True,3,1,4. X-ray 검사장비 AI 데이터셋/dataset/test1/yolov3/X선이물검출기(06.23_09.22)/2호기(2020.09.22)/SN77127_20200623_NgImage/002_20200623_082258(4).bmp,316,332,P,5a49d696119a9be9cb0eb9f06ea2df0c0f0d6a7f6ba077dba05b0bad2a5f541d,392,0.003736464846728687,392,392,3,6a95956a6a276394,002,20200623,082258,183.288422678054,45.31280631079618,0,3
002_20200623_082258(6),3,447f6a3ff1283edb6f3d60de8096f9be29c57829844a7cfb061a0b46381be302,True,3,1,4. X-ray 검사장비 AI 데이터셋/dataset/test1/yolov3/X선이물검출기(06.23_09.22)/1호기(2020.09.22)/SN77128_20200623_NgImage/002_20200623_082258(6).bmp,352,332,P,5028ce057bc644f136b8929119c2f3a85138bc887380826337bd5ab806a948e4,392,0.003354326396495071,392,392,3,6a9995666aca4a9a,002,20200623,082258,194.10893859529025,30.270646205353547,0,3
002_20200623_082302(6),3,97643ee9bafc9944d6ebc8c249f6ea4b8c501823ae5145c96150993bfad803a7,True,3,1,4. X-ray 검사장비 AI 데이터셋/dataset/test1/yolov3/X선이물검출기(06.23_09.22)/1호기(2020.09.22)/SN77128_20200623_NgImage/002_20200623_082302(6).bmp,352,332,P,b31bc0b6ca43f1ca04bac7bf073e94c5d9be378e85c152b273b9e8f4a9fd9912,384,0.0032858707557502738,384,384,3,6a9995664aaec895,002,20200623,082302,194.1666638143483,30.123657968124395,0,3
002_20200623_082302(7),3,f83c307e9abaa71c0f3950e07c87b2b91964be9626f3e7bd6ff42ceb8b0c1685,True,3,1,4. X-ray 검사장비 AI 데이터셋/dataset/test1/yolov3/X선이물검출기(06.23_09.22)/2호기(2020.09.22)/SN77127_20200623_NgImage/002_20200623_082302(7).bmp,316,332,P,5d594ef341309c8845c376662f6d861f6aa208a2198c6ac55f25c236e1e6702f,400,0.003812719231355803,400,400,3,626a9d956278636a,002,20200623,082302,182.83386075949366,46.06013081575878,0,3
002_20200623_082306(5),3,1b2146839ceb09f584cfaa10c01520d435ac0e751e3ab37742a2795bbd5d250f,True,3,1,4. X-ray 검사장비 AI 데이터셋/dataset/test1/yolov3/X선이물검출기(06.23_09.22)/1호기(2020.09.22)/SN77128_20200623_NgImage/002_20200623_082306(5).bmp,352,332,P,c800ab303dad469d4d11020376371848eeefcc850ba0d5c194fd76566b91621e,384,0.0032858707557502738,384,384,3,6e99916662aa6a95,002,20200623,082306,194.16751095290252,30.12666942002596,0,3
002_20200623_082307(2),3,f6131d4e6e84158cd39aeaf51777191a6234afde2a32ea4e874556fc728ddae4,True,3,1,4. X-ray 검사장비 AI 데이터셋/dataset/test1/yolov3/X선이물검출기(06.23_09.22)/2호기(2020.09.22)/SN77127_20200623_NgImage/002_20200623_082307(2).bmp,316,332,P,37c3199434eaffc7b9c43aab125e8d1b58d14c8bd7f15c8b1b9b585305edea88,384,0.0036602104621015707,384,384,3,62ea9d956a61634a,002,20200623,082307,183.12240735092269,45.780664304457005,0,3
002_20200623_082310(6),3,56ee349a37923434648e52d7675380bc4a04340886b37af48116ce1eda050e3c,True,3,1,4. X-ray 검사장비 AI 데이터셋/dataset/test1/yolov3/X선이물검출기(06.23_09.22)/1호기(2020.09.22)/SN77128_20200623_NgImage/002_20200623_082310(6).bmp,352,332,P,6e053fe47abff75d329ad56ed889a04026c42231b2f5b99b1bc51e3418c00aa7,392,0.003354326396495071,392,392,3,6a2595da6ae56223,002,20200623,082310,193.99833995071194,30.309157370655395,0,3
002_20200623_082311(8),3,3990deb2b1ff98079d58dffe79c8c56f56e2354f0b407c55b9d81b0ac08cf9ff,True,3,1,4. X-ray 검사장비 AI 데이터셋/dataset/test1/yolov3/X선이물검출기(06.23_09.22)/2호기(2020.09.22)/SN77127_20200623_NgImage/002_20200623_082311(8).bmp,316,332,P,8d61f548a5e49bb60f94825b6736899c80d141bb65afa55104206198e77c03fb,400,0.003812719231355803,400,400,3,6b95954a6a256395,002,20200623,082311,183.2522399725484,45.62342962606998,1,3
002_20200623_082314(4),3,55009425b487e517821063e62f11f5380010965bc292359b39dca9070a3ebacb,True,3,1,4. X-ray 검사장비 AI 데이터셋/dataset/test1/yolov3/X선이물검출기(06.23_09.22)/1호기(2020.09.22)/SN77128_20200623_NgImage/002_20200623_082314(4).bmp,352,332,P,e9228114b98ffdd4e00c675ca29cc587ce0d99c2b938ddb3350dc4a51dca0b0c,384,0.0032858707557502738,384,384,3,629595626ab6629d,002,20200623,082314,194.01790970700986,30.244356057643525,0,3
002_20200623_082318(5),3,5e36784a3c89e4ad9ce7e02f08d7f39fa21a436b7aa44a100e9a4ecd0d7cc695,True,3,1,4. X-ray 검사장비 AI 데이터셋/dataset/test1/yolov3/X선이물검출기(06.23_09.22)/1호기(2020.09.22)/SN77128_20200623_NgImage/002_20200623_082318(5).bmp,352,332,P,a3bf880e3a441d266114c326177194b28195492c503cb242757d13f7e060288e,384,0.0032858707557502738,384,384,3,629995665aa499b5,002,20200623,082318,194.07234905531215,30.126215033115827,0,3
002_20200623_123032(7),3,35bea16881d8b6d91abfeb93eefda2458cc987b043ce6d511337dba1b2484fc3,True,3,1,4. X-ray 검사장비 AI 데이터셋/dataset/test1/yolov3/X선이물검출기(06.23_09.22)/1호기(2020.09.22)/SN77128_20200623_NgImage/002_20200623_123032(7).bmp,352,332,P,040168bc448a9785c6fbac520db83a8084fd5fb556d4d64477821b93ea96a1a3,392,0.003354326396495071,392,392,3,66b5994a66a466b1,002,20200623,123032,194.1029230558598,30.04176168113163,0,3
002_20200623_123036(5),3,802b160aa16638a5c5ee3613a30d25249fa456a06ba9b163dd7ebe06dee89abc,True,3,1,4. X-ray 검사장비 AI 데이터셋/dataset/test1/yolov3/X선이물검출기(06.23_09.22)/1호기(2020.09.22)/SN77128_20200623_NgImage/002_20200623_123036(5).bmp,352,332,P,4627ebdb7398d0c8a2ccd52cf994c543f688e95f406bee2d20c819a41489351b,384,0.0032858707557502738,384,384,3,6a9995664ab2c89d,002,20200623,123036,194.0782533543264,30.073009430321683,0,3
002_20200623_123040(5),3,05718c7b1be18b7872374696bb4efc864cf20658bf1cc3bbb3a877114c07539d,True,3,1,4. X-ray 검사장비 AI 데이터셋/dataset/test1/yolov3/X선이물검출기(06.23_09.22)/1호기(2020.09.22)/SN77128_20200623_NgImage/002_20200623_123040(5).bmp,352,332,P,769346500d64a5277959ad7d331a9114df9a3b010560b05972f8218ee75ede7d,392,0.003354326396495071,392,392,3,6a9995666aa6c899,002,20200623,123040,194.07711527929902,30.09667260999416,0,3
002_20200623_123042(0),3,edcb4fca69a38185f6e22f1bcc776e10119e7c1fb991159df31013b1371a5b8a,True,3,1,4. X-ray 검사장비 AI 데이터셋/dataset/test1/yolov3/X선이물검출기(06.23_09.22)/2호기(2020.09.22)/SN77127_20200623_NgImage/002_20200623_123042(0).bmp,316,332,P,77e21b64aaf04c10a926a240a62378a34d03a4320251b682631358659f5be44b,392,0.003736464846728687,392,392,3,6a6a95956a686363,002,20200623,123042,182.8137391337502,46.03919497187199,0,3
002_20200623_123044(3),3,bfd41d7bda741a79d8d891c40cbecd917f496d8056503414f4da7c16000cb67a,True,3,1,4. X-ray 검사장비 AI 데이터셋/dataset/test1/yolov3/X선이물검출기(06.23_09.22)/1호기(2020.09.22)/SN77128_20200623_NgImage/002_20200623_123044(3).bmp,352,332,P,515f5770a37da5daddb0f81fc8fdd084881b66a0009d7af2a499ac9d08437e97,392,0.003354326396495071,392,392,3,6e95994a66ac6295,002,20200623,123044,194.1702834063527,30.12419149681841,0,3
002_20200623_123046(4),3,f7031ee5607f9c4003524cdded324fa5b90b1eab6b4e124a5030c33819c067b1,True,3,1,4. X-ray 검사장비 AI 데이터셋/dataset/test1/yolov3/X선이물검출기(06.23_09.22)/2호기(2020.09.22)/SN77127_20200623_NgImage/002_20200623_123046(4).bmp,316,332,P,3c63705c37ba253e32f3443461582cc6eda033e659be34bb190af67c7a9a7aba,384,0.0036602104621015707,384,384,3,626a9d956a68636a,002,20200623,123046,182.72416882720756,46.05749613535802,0,3
002_20200623_123048(4),3,4d032b06d46432a5a1a1f4fe343c46a0e630d931623a2b39f633adfc0b062cfd,True,3,1,4. X-ray 검사장비 AI 데이터셋/dataset/test1/yolov3/X선이물검출기(06.23_09.22)/1호기(2020.09.22)/SN77128_20200623_NgImage/002_20200623_123048(4).bmp,352,332,P,c6baa595814c3b8f3170563ca9b1d6cfe5b7051f4998bc82fa7d4cc88d9d7fff,384,0.0032858707557502738,384,384,3,6e99956642aad895,002,20200623,123048,194.17316710021905,30.09182998086609,0,3
002_20200623_123051(1),3,fae039fbb4e21f9c5e13597a449a9989a267ebf91045c4129ce49ab9a54ce18d,True,3,1,4. X-ray 검사장비 AI 데이터셋/dataset/test1/yolov3/X선이물검출기(06.23_09.22)/2호기(2020.09.22)/SN77127_20200623_NgImage/002_20200623_123051(1).bmp,316,332,P,c10511faec15349c2894afd6fe42166222a87b36ecb9b4ca7dacb9f1e1a92847,400,0.003812719231355803,400,400,3,62949d6a6a27639c,002,20200623,123051,183.0929445630624,45.53480798838003,0,3
002_20200623_123052(5),3,363bbe26265f3c4680a32e748870bda00a5091e0520bc3a401b90d812512f785,True,3,1,4. X-ray 검사장비 AI 데이터셋/dataset/test1/yolov3/X선이물검출기(06.23_09.22)/1호기(2020.09.22)/SN77128_20200623_NgImage/002_20200623_123052(5).bmp,352,332,P,dbb1cf02d888f409cac88dcd3e272358a12eb859952a0f65a6262209e3a06e5f,408,0.003491237677984666,408,408,3,6e91956a95ac9166,002,20200623,123052,194.15741374589265,30.068086616363217,0,3
002_20200623_123055(5),2,7f53f3f8cedcdaf377beed42f5569ae90bfb65d603b9560e70f11fa2955224c8,True,3,1,4. X-ray 검사장비 AI 데이터셋/dataset/test1/yolov3/X선이물검출기(06.23_09.22)/2호기(2020.09.22)/SN77127_20200623_NgImage/002_20200623_123055(5).bmp,316,332,P,e5f39748e7352c84900cecb9dfa480d88b39bffa11dc9e41c362f42c1cd285d2,392,0.003736464846728687,392,392,3,6a6395946a6a6369,002,20200623,123055,183.17141985664176,45.98639644267308,0,2
002_20200623_123100(0),3,1fef9db53e116f7b5f300f1a476e862692ef26d05f74c70eb7f5520b437544ec,True,3,1,4. X-ray 검사장비 AI 데이터셋/dataset/test1/yolov3/X선이물검출기(06.23_09.22)/2호기(2020.09.22)/SN77127_20200623_NgImage/002_20200623_123100(0).bmp,316,332,P,e800cd68057a83380175c4a8cf4474e1b7d912c97419866f8919ee9a2fb03be5,392,0.003736464846728687,392,392,3,6bb5944a6a2563b4,002,20200623,123100,183.30635199023945,45.70407418934221,0,3
002_20200623_123104(5),3,af516c084bd5c14e8f9ea73a290c8cf4a42c087d2a93c9e95a363eb02dba7bb1,True,3,1,4. X-ray 검사장비 AI 데이터셋/dataset/test1/yolov3/X선이물검출기(06.23_09.22)/2호기(2020.09.22)/SN77127_20200623_NgImage/002_20200623_123104(5).bmp,316,332,P,8625ca0bd56345034968fa554ecb357614c3b114989b06a5565869585e2ad8f1,408,0.003888973615982919,408,408,3,62639d9c625a6363,002,20200623,123104,183.0088264450206,46.15078398700772,0,3
002_20200623_163020(3),3,c0d7b4269c729d172bcbc095295a622257b56385f89cf32b53a3af020190f757,True,3,1,4. X-ray 검사장비 AI 데이터셋/dataset/test1/yolov3/X선이물검출기(06.23_09.22)/2호기(2020.09.22)/SN77127_20200623_NgImage/002_20200623_163020(3).bmp,316,332,P,8f054cd9952f228a44fdff58b331e1a55c1e44eb261c35b1bed2c366f82e3dc7,392,0.003736464846728687,392,392,3,6a4a95b56a72634a,002,20200623,163020,183.13538012810736,45.77642505461988,0,3
002_20200623_163023(3),3,8dbfc6c2ee592cab69833f02bb1d073c49643261a827a1a3a2db09dc2167e6ba,True,3,1,4. X-ray 검사장비 AI 데이터셋/dataset/test1/yolov3/X선이물검출기(06.23_09.22)/2호기(2020.09.22)/SN77127_20200623_NgImage/002_20200623_163023(3).bmp,316,332,P,325658c1b174301242525aa73aece443d32883104edb1be6753b92d5eb9ca8e7,424,0.004041482385237151,424,424,2,6b6a9c957058236d,002,20200623,163023,182.949052539271,46.04274110397019,0,3
002_20200623_163026(3),3,77d3d6921aac82c84ba51c84316e95bcef7f9411c8a03ed597e94d6c0e007393,True,3,1,4. X-ray 검사장비 AI 데이터셋/dataset/test1/yolov3/X선이물검출기(06.23_09.22)/2호기(2020.09.22)/SN77127_20200623_NgImage/002_20200623_163026(3).bmp,316,332,P,54bd4b4e109ad79ebc6eaa0c50887e942d16efb5b18571538be13c8e98d93f14,400,0.003812719231355803,400,400,3,6a6a95946a68636b,002,20200623,163026,183.10582202226627,45.813323586911324,1,3
002_20200623_163029(6),3,a28146c1990bbea1d5e195e1de43e4f3ebfb100180cf42a3744d954a6213d68d,True,3,1,4. X-ray 검사장비 AI 데이터셋/dataset/test1/yolov3/X선이물검출기(06.23_09.22)/2호기(2020.09.22)/SN77127_20200623_NgImage/002_20200623_163029(6).bmp,316,332,P,a3739ac3fb7133c3ff8a3758f8706f9a0253910faa7581b41b364c9236fe0b0c,400,0.003812719231355803,400,400,3,6263959c6a586b63,002,20200623,163029,183.1183849321336,46.13762884996334,0,3
002_20200623_163032(5),3,01cc823fbc1c2db18702bad69d843a502191fec4fbeab6956810a8d521d36e2f,True,3,1,4. X-ray 검사장비 AI 데이터셋/dataset/test1/yolov3/X선이물검출기(06.23_09.22)/2호기(2020.09.22)/SN77127_20200623_NgImage/002_20200623_163032(5).bmp,316,332,P,9bdc68547399048dab1efddc2750bf33388a733cbe1ec2acf7091d1f56e2a5c9,392,0.003736464846728687,392,392,3,62c895356a626fd8,002,20200623,163032,183.49320382797012,45.63732416780963,0,3
002_20200623_163035(5),3,4750fd1fcefd85d15c57c04b75c79ef4b5b37c5f3b7a91641ba26f889e370bd6,True,3,1,4. X-ray 검사장비 AI 데이터셋/dataset/test1/yolov3/X선이물검출기(06.23_09.22)/2호기(2020.09.22)/SN77127_20200623_NgImage/002_20200623_163035(5).bmp,316,332,P,0ebce881ac07d0d32b323e753c0bff15f95ca81c97c1ff934db026869e955cbc,392,0.003736464846728687,392,392,3,6263959c6a466b63,002,20200623,163035,183.07695020588685,46.15133377782906,0,3
002_20200623_163039(5),3,52050e934d0689ce4ded1e6a0f6f301b563467d0a9d0cdc5c0528c0f6d67718d,True,3,1,4. X-ray 검사장비 AI 데이터셋/dataset/test1/yolov3/X선이물검출기(06.23_09.22)/1호기(2020.09.22)/SN77128_20200623_NgImage/002_20200623_163039(5).bmp,352,332,P,a4f9553d705ea57255d889c45cec01aad559ea039da2e4610a98e4957e4f5140,384,0.0032858707557502738,384,384,3,62999d666a2366d8,002,20200623,163039,194.04531763417305,30.001607808465447,0,3
002_20200623_163043(7),3,0b082a3f0feb4dfb6c4346c6be7fb4324188ac788c250925f59cf6ec6bb0d2a8,True,3,1,4. X-ray 검사장비 AI 데이터셋/dataset/test1/yolov3/X선이물검출기(06.23_09.22)/1호기(2020.09.22)/SN77128_20200623_NgImage/002_20200623_163043(7).bmp,352,332,P,6e212ff7824c3827ca8c71dda6ae1e3ea03c518b41a9bbdd77d2e70fd11434b6,384,0.0032858707557502738,384,384,3,624a9db56a6a625a,002,20200623,163043,194.09116579956188,29.932747203425837,0,3
002_20200623_163047(6),3,1bd6dfff321ed0d772121ab77b500653e19364786e8764690a66e05f4c348e50,True,3,1,4. X-ray 검사장비 AI 데이터셋/dataset/test1/yolov3/X선이물검출기(06.23_09.22)/1호기(2020.09.22)/SN77128_20200623_NgImage/002_20200623_163047(6).bmp,352,332,P,0a2784409e3f97d92ff2c27642e98d6a2848bfedfab24c5cc408baff0d1b8dd6,400,0.0034227820372398684,400,400,3,665a99a562736658,002,20200623,163047,194.06788232475355,29.946356191080472,0,3
002_20200623_163051(7),3,83a3387075842b6062b64e03a66e440a6eea88666354c9563c1ad81feb66da6e,True,3,1,4. X-ray 검사장비 AI 데이터셋/dataset/test1/yolov3/X선이물검출기(06.23_09.22)/1호기(2020.09.22)/SN77128_20200623_NgImage/002_20200623_163051(7).bmp,352,332,P,dfaff6fc6bd96aff3a736666d2b86d19084263f790505a30e3010fbe92004382,392,0.003354326396495071,392,392,3,6a4a99956553266d,002,20200623,163051,194.1202680038335,30.28337784420521,0,3
002_20200623_163055(6),3,86572226b74e33514b261433a81c9aeb7943a644ff3bf8fd333ae0aab74f0d5b,True,3,1,4. X-ray 검사장비 AI 데이터셋/dataset/test1/yolov3/X선이물검출기(06.23_09.22)/1호기(2020.09.22)/SN77128_20200623_NgImage/002_20200623_163055(6).bmp,352,332,P,df87a0beb8f83ece1d874bed46ce205e16d46545d5be89a6827279aec49ca0a1,384,0.0032858707557502738,384,384,3,66b5914a66ac6695,002,20200623,163055,194.13822905257393,30.151483113427776,0,3
002_20200623_163059(6),3,ec77b8cccdad72cfe3ca5bfbbb74f9677d3b400e334086613200714d926c4b42,True,3,1,4. X-ray 검사장비 AI 데이터셋/dataset/test1/yolov3/X선이물검출기(06.23_09.22)/1호기(2020.09.22)/SN77128_20200623_NgImage/002_20200623_163059(6).bmp,352,332,P,1fe724c79c64c55677c6033157dba296415358383dd217a82e065a02091c38f7,384,0.0032858707557502738,384,384,3,6ada95256a4a6ad8,002,20200623,163059,194.17318421412924,30.15770772227292,0,3
002_20200623_203033(6),3,1ff694b7c312840925a36eb45ad46cfde9f0a9104a0558376fe99268dab5dc97,True,4,1,4. X-ray 검사장비 AI 데이터셋/dataset/test1/yolov3/X선이물검출기(06.23_09.22)/2호기(2020.09.22)/SN77127_20200623_NgImage/002_20200623_203033(6).bmp,316,332,P,9f0c33988f453367a897ff997015562bbafc4ae7925ef8c6c3021c22691daf3a,400,0.003812719231355803,400,400,3,6b95956a6aa16394,002,20200623,203033,183.69006405368307,45.55656843596747,1,3
002_20200623_203038(0),3,b663c0efaf68495b91c41d39929e008161e78e8d094b6f99cfa73fc4a358153f,True,4,1,4. X-ray 검사장비 AI 데이터셋/dataset/test1/yolov3/X선이물검출기(06.23_09.22)/2호기(2020.09.22)/SN77127_20200623_NgImage/002_20200623_203038(0).bmp,316,332,P,94f954ca298e42c39c5aee7a9bb5c6372907fd950bb53e47fbbbf0cd7929f31a,400,0.003812719231355803,400,400,3,6a95956a6aa56394,002,20200623,203038,183.6654815464389,45.56959521221716,0,3
002_20200623_203040(4),3,5d1b301b2f16e5c1ede5e104baeaf249b73b42bf5de98b7cd7b4f3489f23df5e,True,4,1,4. X-ray 검사장비 AI 데이터셋/dataset/test1/yolov3/X선이물검출기(06.23_09.22)/1호기(2020.09.22)/SN77128_20200623_NgImage/002_20200623_203040(4).bmp,352,332,P,a5348831ae9d770ea02d6d8fff74cca79aa05be3249d5da62a6f7783553ef1b6,392,0.003354326396495071,392,392,3,6a9995664aac9995,002,20200623,203040,194.22787171412924,29.998085145660962,0,3
002_20200623_203042(5),3,1c8a388eaa3ad7ba19f647ac174c18de7bcb0ec325793dbb529a2b480c959b2b,True,4,1,4. X-ray 검사장비 AI 데이터셋/dataset/test1/yolov3/X선이물검출기(06.23_09.22)/2호기(2020.09.22)/SN77127_20200623_NgImage/002_20200623_203042(5).bmp,316,332,P,de121df42fb4203890b6c315de21275f95ff684ff4e84bd84f2e4d6c95c8dda0,392,0.003736464846728687,392,392,3,62959d6a6a25639c,002,20200623,203042,183.64128984291597,45.58098232755929,0,3
002_20200623_203044(0),3,be4b6bd90264839c8206bd310b52ddbb31a075b532f64d2c96c627d498803871,True,4,1,4. X-ray 검사장비 AI 데이터셋/dataset/test1/yolov3/X선이물검출기(06.23_09.22)/1호기(2020.09.22)/SN77128_20200623_NgImage/002_20200623_203044(0).bmp,352,332,P,cb84ac2013a17e37c7e5b4f8141af07c0c91e953bb9246da1271adfc1428d14e,384,0.0032858707557502738,384,384,3,6a9595626aa5629d,002,20200623,203044,194.2072066675794,30.073386743868877,0,3
002_20200623_203047(0),3,4dd8cdd780d9cbb1d96e872fa2d177fa23fca7a04fe0b4013be801153ba34662,True,4,1,4. X-ray 검사장비 AI 데이터셋/dataset/test1/yolov3/X선이물검출기(06.23_09.22)/2호기(2020.09.22)/SN77127_20200623_NgImage/002_20200623_203047(0).bmp,316,332,P,c235764f281ce6b93a41471a9ef992d01fea838cc4ba0f2bdbc1cd336f4cac9f,408,0.003888973615982919,408,408,3,6a95956a6aa1639c,002,20200623,203047,183.68575568095164,45.56119384312318,1,3
002_20200623_203047(7),3,4e28e299e358d612fe7f27a9bcc3de312d1777a2f731adf2d8f623604dc4de61,True,4,1,4. X-ray 검사장비 AI 데이터셋/dataset/test1/yolov3/X선이물검출기(06.23_09.22)/1호기(2020.09.22)/SN77128_20200623_NgImage/002_20200623_203047(7).bmp,352,332,P,e83673df29ed15cc34032c5f714f84a40821a150c817fa72b6e89ad6e296a4f0,400,0.0034227820372398684,400,400,3,6a4a95a5626a6ada,002,20200623,203047,194.17306441675794,30.16199797344037,0,3
002_20200623_203050(0),3,563c37d72a834ff2a732549cc99a584f422c6e80fb9195ef803a8c010f238f7b,True,4,1,4. X-ray 검사장비 AI 데이터셋/dataset/test1/yolov3/X선이물검출기(06.23_09.22)/2호기(2020.09.22)/SN77127_20200623_NgImage/002_20200623_203050(0).bmp,316,332,P,4dd21e4512ff7de51023960a06a15a72c7e0954eb080f53578eb5466f1590722,392,0.003736464846728687,392,392,3,6a6a95956a68636a,002,20200623,203050,183.32107861827055,46.06132188617038,0,3
002_20200623_203051(2),3,3dec3d7cc1a965f679fd0b907e3c56fa2c73ce6be7e5d80ae5c3deecbd3021f2,True,4,1,4. X-ray 검사장비 AI 데이터셋/dataset/test1/yolov3/X선이물검출기(06.23_09.22)/1호기(2020.09.22)/SN77128_20200623_NgImage/002_20200623_203051(2).bmp,352,332,P,492ddaaf1ee64d19663b595819a1d572f70c9f4a61deae1c95784cff5d7326e6,408,0.003491237677984666,408,408,3,6a4a95b56267664a,002,20200623,203051,194.18346111719606,30.181438174974772,0,3
002_20200623_203054(6),3,faa15d2c0d7b4ee833c51a005390e402ee6f5a0990669347db14152fbc375bdd,True,4,1,4. X-ray 검사장비 AI 데이터셋/dataset/test1/yolov3/X선이물검출기(06.23_09.22)/2호기(2020.09.22)/SN77127_20200623_NgImage/002_20200623_203054(6).bmp,316,332,P,e13cdd09e64818da90c937b3cd151efbc0c095af7468504069af175e5d65fde5,400,0.003812719231355803,400,400,3,6a95956a6aa56394,002,20200623,203054,183.69709852066495,45.51397570097001,0,3
002_20200623_203054(7),3,a24b51bf7c96a6c8e04f8bd6a3f8aa9089a35f767176d8fe706f07836d70fac8,True,4,1,4. X-ray 검사장비 AI 데이터셋/dataset/test1/yolov3/X선이물검출기(06.23_09.22)/1호기(2020.09.22)/SN77128_20200623_NgImage/002_20200623_203054(7).bmp,352,332,P,e2cbef59cebb4f6bc78d850a853e48aef999b7c2fcb39c37139533b3ac25c721,384,0.0032858707557502738,384,384,3,6a4a95b5634a6e4a,002,20200623,203054,194.18882632803943,30.165293733041004,0,3
002_20200623_203058(3),3,2328a00220c9f07ec1b9a56c4fc7e785149625714c5026a292d6a05fe0fceebe,True,4,1,4. X-ray 검사장비 AI 데이터셋/dataset/test1/yolov3/X선이물검출기(06.23_09.22)/1호기(2020.09.22)/SN77128_20200623_NgImage/002_20200623_203058(3).bmp,352,332,P,069c3c96fe7deef1bfa390a897878b2cee276a5e2f15bf7f185de927efee5b7e,392,0.003354326396495071,392,392,3,6e5a91a5626a6ad8,002,20200623,203058,194.17159262048193,30.21073133333485,0,3
002_20200624_003107(0),3,7ba0f4356f904be854ba1931065d50437b79cec9d9a5d52c71fc69fe240051c8,True,3,1,4. X-ray 검사장비 AI 데이터셋/dataset/test1/yolov3/X선이물검출기(06.23_09.22)/1호기(2020.09.22)/SN77128_20200624_NgImage/002_20200624_003107(0).bmp,352,332,P,5f22df9a8ff21f044ee47965300bee38e92d51d246f864b0166eaae15b2930c2,384,0.0032858707557502738,384,384,3,6a959d6a668d2295,002,20200624,003107,194.2586510815991,29.925531769466485,0,3
002_20200624_003111(0),3,17a4804b030a054e53bff701a502c2ca3cac73a98878bdef6c3cf2320aa33341,True,3,1,4. X-ray 검사장비 AI 데이터셋/dataset/test1/yolov3/X선이물검출기(06.23_09.22)/1호기(2020.09.22)/SN77128_20200624_NgImage/002_20200624_003111(0).bmp,352,332,P,307b33ed1f8a526a43c01eb35e66e026c0d6a05f2ed697177da83d3bbdc56158,392,0.003354326396495071,392,392,3,6aa5955a628c6ab5,002,20200624,003111,194.1887493154436,29.981816745500275,0,3
002_20200624_003115(1),3,df1abe9886402519714671e4328f085b50948bb71298622a2b06dc3e8d865440,True,3,1,4. X-ray 검사장비 AI 데이터셋/dataset/test1/yolov3/X선이물검출기(06.23_09.22)/1호기(2020.09.22)/SN77128_20200624_NgImage/002_20200624_003115(1).bmp,352,332,P,e3f53e19e338f571f9e9ea1756a402feb1f8fb8a3777b20daf4a300a8c20fb1b,384,0.0032858707557502738,384,384,3,6a6a9d95624a6e62,002,20200624,003115,194.261397864184,29.838383984971184,0,3
002_20200624_003115(6),3,bcf13bb10b74623e2c84b4b79868edefcb993982f05e1024f98680b8fbaba7d4,True,3,1,4. X-ray 검사장비 AI 데이터셋/dataset/test1/yolov3/X선이물검출기(06.23_09.22)/2호기(2020.09.22)/SN77127_20200624_NgImage/002_20200624_003115(6).bmp,316,332,P,d5d47cf3af638c34df295b6d1ee47342c020d5b628979eadb5b79e880fa993dc,384,0.0036602104621015707,384,384,3,629c9d6a62236b9c,002,20200624,003115,183.65585443037975,45.39073176372263,0,3
002_20200624_003118(6),3,0ddfd3e7ed5b3602a1d411918e3396a1c6f1f1ac2a38b1f6176d2b5ed2aebd0f,True,3,1,4. X-ray 검사장비 AI 데이터셋/dataset/test1/yolov3/X선이물검출기(06.23_09.22)/2호기(2020.09.22)/SN77127_20200624_NgImage/002_20200624_003118(6).bmp,316,332,P,0e9ca1ddf3a242cd5ce854270c38b3e967fa9a33e8183d38e8ccefebd73dac20,400,0.003812719231355803,400,400,3,6b95946a6a256395,002,20200624,003118,183.60467820649689,45.46422896153919,0,3
002_20200624_003119(1),3,aca917657af30d5670d722e43b00cc7176db129d9e4014590eef51894c26535a,True,3,1,4. X-ray 검사장비 AI 데이터셋/dataset/test1/yolov3/X선이물검출기(06.23_09.22)/1호기(2020.09.22)/SN77128_20200624_NgImage/002_20200624_003119(1).bmp,352,332,P,e92d5dab1343c007c268f1ac2d8ae7ab9992fb58ca37813bdd4c629726087041,384,0.0032858707557502738,384,384,3,6e2491db626d6a26,002,20200624,003119,194.26541107612266,29.884410559030126,0,3
002_20200624_003123(0),3,4f28b36cbac8dbbbc9c39ef3745e64facf5b1f9f79a35901638923abc6651ebe,True,3,1,4. X-ray 검사장비 AI 데이터셋/dataset/test1/yolov3/X선이물검출기(06.23_09.22)/2호기(2020.09.22)/SN77127_20200624_NgImage/002_20200624_003123(0).bmp,316,332,P,b019dba1aeba48ceddf8767a8210ce01cf9fa88061b4da36e33c9d9def9d2f4c,392,0.003736464846728687,392,392,3,6a95956a6a276394,002,20200624,003123,183.66402318133294,45.39374800843771,0,3
002_20200624_003123(1),3,7ba967b75b655f78d1a206a05cfde4f946b32e73b74b569f158d8ccbb1887b33,True,3,1,4. X-ray 검사장비 AI 데이터셋/dataset/test1/yolov3/X선이물검출기(06.23_09.22)/1호기(2020.09.22)/SN77128_20200624_NgImage/002_20200624_003123(1).bmp,352,332,P,123e91848875874606f6741edbdd7f5c39db5ca0cfe623b794e7f8765b2ef0ca,392,0.003354326396495071,392,392,3,6a6695996a456a27,002,20200624,003123,194.26895365553122,29.880870499427807,0,3
002_20200624_003127(0),3,e352327ab022bd4b0c88506f74c7cf409e2ed05558fb76493144f898f0acf1d9,True,3,1,4. X-ray 검사장비 AI 데이터셋/dataset/test1/yolov3/X선이물검출기(06.23_09.22)/1호기(2020.09.22)/SN77128_20200624_NgImage/002_20200624_003127(0).bmp,352,332,P,56d3af287d7adf166a9e4df059db2d449d6338dcc1625e1baef0fd9f8192ea56,384,0.0032858707557502738,384,384,3,6e66919962456e66,002,20200624,003127,194.21849329134722,29.959967670043802,0,3
002_20200624_003127(5),3,4d60d4b9686e6b4b9d6ca2ab85e7c74efca7568b705a84465cf9c0ef98cd3f1b,True,3,1,4. X-ray 검사장비 AI 데이터셋/dataset/test1/yolov3/X선이물검출기(06.23_09.22)/2호기(2020.09.22)/SN77127_20200624_NgImage/002_20200624_003127(5).bmp,316,332,P,0740d476ce359e4e774a94a57e74cd7378368c937be6dc588e0f010153f842ef,400,0.003812719231355803,400,400,3,6a94956a6a27639c,002,20200624,003127,183.76965456763764,45.401902913512366,0,3
002_20200624_003132(0),3,b135dc069556fab784e6c87b2a3f3370f1adaf06e263325dfe15b80169145554,True,3,1,4. X-ray 검사장비 AI 데이터셋/dataset/test1/yolov3/X선이물검출기(06.23_09.22)/2호기(2020.09.22)/SN77127_20200624_NgImage/002_20200624_003132(0).bmp,316,332,P,22047a2ab69902706953a39f924a10f7aaaef11ab938efbdf9abd68ea99862cb,400,0.003812719231355803,400,400,3,6b95956a6a21639c,002,20200624,003132,183.6245996644807,45.40359751426278,1,3
002_20200624_003136(5),3,51c6ed4bf022dafac28028d29f4dbd282849da28abc7176dbec90b301195aa21,True,3,1,4. X-ray 검사장비 AI 데이터셋/dataset/test1/yolov3/X선이물검출기(06.23_09.22)/2호기(2020.09.22)/SN77127_20200624_NgImage/002_20200624_003136(5).bmp,316,332,P,37c574f83ec50fc766d84aaafbebc5031e6eb9ceabe2f358b0503f5a90f6f5d2,408,0.003888973615982919,408,408,3,6b95946a6a25639c,002,20200624,003136,183.65696965075492,45.36673791223882,1,3
002_20200624_043128(1),3,d2aedd3dd153576541f85cf27cb96554a0bf0f554b053fdd28b2ae40297c5467,True,3,1,4. X-ray 검사장비 AI 데이터셋/dataset/test1/yolov3/X선이물검출기(06.23_09.22)/1호기(2020.09.22)/SN77128_20200624_NgImage/002_20200624_043128(1).bmp,352,332,P,e589c68069b32cbd6de6dae515b7aba09f728031dfadb6d7f1abc764f4b74a78,400,0.0034227820372398684,400,400,3,6ad895256a6a6ad8,002,20200624,043128,194.1501745618839,30.232134935977683,0,3
002_20200624_043132(2),3,784040cf50e6c55d4d393fb329ca0a4a30bf6babe3719d07e069212a5b560d7e,True,3,1,4. X-ray 검사장비 AI 데이터셋/dataset/test1/yolov3/X선이물검출기(06.23_09.22)/1호기(2020.09.22)/SN77128_20200624_NgImage/002_20200624_043132(2).bmp,352,332,P,bebdf62aa6bcb3f7ff8a1a13fd8136ecb3041d54b69ba97710ce060ac9b290c0,384,0.0032858707557502738,384,384,3,6e669199624d6a66,002,20200624,043132,194.23533337897044,29.940780169074323,0,3
002_20200624_043136(1),3,98e2719fc6bb5e09a6b2b61165558c9a3c086040dc7bff1882eadfbf9c77336a,True,3,1,4. X-ray 검사장비 AI 데이터셋/dataset/test1/yolov3/X선이물검출기(06.23_09.22)/1호기(2020.09.22)/SN77128_20200624_NgImage/002_20200624_043136(1).bmp,352,332,P,2c232bd3c8ffd0c1b3f74e6d9c4aad57d3213d3ff6a232ec8149bdd92df7accd,408,0.003491237677984666,408,408,3,6a9995666a646699,002,20200624,043136,194.25811199342826,29.912209579872524,0,3
002_20200624_043136(9),3,2dba227f4fdac4043e6efc902db12c3b193053aaf5adb0b56697f1bf1904fad5,True,3,1,4. X-ray 검사장비 AI 데이터셋/dataset/test1/yolov3/X선이물검출기(06.23_09.22)/2호기(2020.09.22)/SN77127_20200624_NgImage/002_20200624_043136(9).bmp,316,332,P,c6b747450c39d8ffee2b1185d4255591a482afd8abe500b4c678f9c97d71e575,384,0.0036602104621015707,384,384,3,6a94956a6aa76394,002,20200624,043136,183.85941551014184,45.34145628695377,1,3
002_20200624_043140(2),3,2e7252009161d01928d045f6e0cd97225180c94c36636b8f780e514657a56409,True,3,1,4. X-ray 검사장비 AI 데이터셋/dataset/test1/yolov3/X선이물검출기(06.23_09.22)/1호기(2020.09.22)/SN77128_20200624_NgImage/002_20200624_043140(2).bmp,352,332,P,c6053edf833e8e55d74f76e75e8ddb983ebcf0926be18a3c50ff6062079cac6c,400,0.0034227820372398684,400,400,3,6a9995666aaa4a95,002,20200624,043140,194.30916278751369,29.81023147005953,0,3
002_20200624_043141(4),3,2df121743623d538234ce78e92cbfc0eddf57d447fc4f996f745baac0680731d,True,3,1,4. X-ray 검사장비 AI 데이터셋/dataset/test1/yolov3/X선이물검출기(06.23_09.22)/2호기(2020.09.22)/SN77127_20200624_NgImage/002_20200624_043141(4).bmp,316,332,P,c93ca60097200102cf95b9e6aa5d9d0c4ac9e470050e1c6a1ecd26a37182cfd1,408,0.003888973615982919,408,408,3,6295956a6a27639c,002,20200624,043141,183.8064568400183,45.4200754473443,0,3
002_20200624_043144(2),3,acbb6f40e7743a72d0306eec270822d92ff1456f08abaeb133a4dcb8bf9c3bde,True,3,1,4. X-ray 검사장비 AI 데이터셋/dataset/test1/yolov3/X선이물검출기(06.23_09.22)/1호기(2020.09.22)/SN77128_20200624_NgImage/002_20200624_043144(2).bmp,352,332,P,9f3bad810aedf486f1dabfc79f63206eb8026307a3c4e4197d5f19cdf24e0361,392,0.003354326396495071,392,392,3,6ab5994a65ac2693,002,20200624,043144,194.26059351040524,29.837875965249687,0,3
002_20200624_043145(8),3,104f51288f27164e53f5f8377b6cb1361248c4fe033f39dca7822307d45f26da,True,3,1,4. X-ray 검사장비 AI 데이터셋/dataset/test1/yolov3/X선이물검출기(06.23_09.22)/2호기(2020.09.22)/SN77127_20200624_NgImage/002_20200624_043145(8).bmp,316,332,P,116a50e8a3fb69ab1868de508f3e47d63b11c76dffd6d16fd1b353d71ef3d6e8,384,0.0036602104621015707,384,384,3,629d9d6262236b9c,002,20200624,043145,183.7571393167607,45.379979989085285,0,3
002_20200624_043148(1),3,dfceab5e68e447a08c1d9ed6a55ec471822642ef76a9cf3b3ab4760496d82d0c,True,3,1,4. X-ray 검사장비 AI 데이터셋/dataset/test1/yolov3/X선이물검출기(06.23_09.22)/1호기(2020.09.22)/SN77128_20200624_NgImage/002_20200624_043148(1).bmp,352,332,P,9714c0a29b1f8cea9dadc9f3baea3e98ece1a181327f7e52ceb90ac864d9602c,384,0.0032858707557502738,384,384,3,6a66959b624d6a26,002,20200624,043148,194.2309179901424,29.91139629436118,0,3
002_20200624_043150(3),3,cf18c6657c78ea231727b3379301742167211ad249599cb1e1dd24356b803970,True,3,1,4. X-ray 검사장비 AI 데이터셋/dataset/test1/yolov3/X선이물검출기(06.23_09.22)/2호기(2020.09.22)/SN77127_20200624_NgImage/002_20200624_043150(3).bmp,316,332,P,664dcdd3e0643d734bc39fea872a34764560f0c48d385de285f34d15c68ebdbf,384,0.0036602104621015707,384,384,3,6a9c95626a27639c,002,20200624,043150,183.79184459356412,45.36061516108019,1,3
002_20200624_043154(8),3,39652cba7b713cc6e0856c4d3ebb1976e0a0ec15753494dd666de48b0c0d20ea,True,3,1,4. X-ray 검사장비 AI 데이터셋/dataset/test1/yolov3/X선이물검출기(06.23_09.22)/2호기(2020.09.22)/SN77127_20200624_NgImage/002_20200624_043154(8).bmp,316,332,P,9125e1901c2d294da2b03dcbf8be9585fe2127e0acf62adb19ef61d33f6091a7,400,0.003812719231355803,400,400,3,629d95626a27639c,002,20200624,043154,183.79893625133445,45.35318511043612,0,3
002_20200624_043159(4),3,d86d2d60e899cca7162710af39e71efee58c498abfd4557a36e6856e0b392634,True,3,1,4. X-ray 검사장비 AI 데이터셋/dataset/test1/yolov3/X선이물검출기(06.23_09.22)/2호기(2020.09.22)/SN77127_20200624_NgImage/002_20200624_043159(4).bmp,316,332,P,cb0406244289dd0cb9a3f226e1b3eaa4676286ae6b96b1bb40040941f0a60e08,392,0.003736464846728687,392,392,3,629d95626a27639c,002,20200624,043159,183.74114495958517,45.360743864843876,0,3
002_20200624_083032(4),3,314d2d3ce674741f53382500da366c403176378e80076dc1a56d15cc61a99b82,True,3,1,4. X-ray 검사장비 AI 데이터셋/dataset/test1/yolov3/X선이물검출기(06.23_09.22)/2호기(2020.09.22)/SN77127_20200624_NgImage/002_20200624_083032(4).bmp,316,332,P,f5c8f2f43f9a6364b1153706745f4dc9b609570158bcbe48778bd549c67fc9cd,384,0.0036602104621015707,384,384,3,6acc95336a2163ce,002,20200624,083032,183.49452874790302,45.61543916462175,0,3
002_20200624_083036(9),3,54c277176a40aea2dbe781fa5e7a1c449240e05fcbdb8a6d78d235a98a512315,True,3,1,4. X-ray 검사장비 AI 데이터셋/dataset/test1/yolov3/X선이물검출기(06.23_09.22)/2호기(2020.09.22)/SN77127_20200624_NgImage/002_20200624_083036(9).bmp,316,332,P,0bd65d5367d836c4a0f870adfbefc99dc1aff7a878c07300ae06aa3fd2531490,400,0.003812719231355803,400,400,3,6a9c95636aa1639c,002,20200624,083036,183.64796210157084,45.39416373575635,0,3
002_20200624_083041(3),3,9a7f102707cf3c6f94a90d18edddf5161b151b7307d942b0e9843cd6c8b34555,True,3,1,4. X-ray 검사장비 AI 데이터셋/dataset/test1/yolov3/X선이물검출기(06.23_09.22)/2호기(2020.09.22)/SN77127_20200624_NgImage/002_20200624_083041(3).bmp,316,332,P,ad4f0a3a153f066486397bf677685aec67686a7b235dc355bf48922691a18642,392,0.003736464846728687,392,392,3,6a94956a6aa5639c,002,20200624,083041,183.76844402928168,45.32280784171014,0,3
002_20200624_083045(5),3,56c6160350fbab0de6c1cc66361cbb2127bfe55e05895ccc0a84071d884281d4,True,3,1,4. X-ray 검사장비 AI 데이터셋/dataset/test1/yolov3/X선이물검출기(06.23_09.22)/1호기(2020.09.22)/SN77128_20200624_NgImage/002_20200624_083045(5).bmp,352,332,P,20ad33fa3e5dd737f8c0d63040a8f0f8b31663538eef303e9ad740a76f9fc6fc,384,0.0032858707557502738,384,384,3,6e6e919162516e66,002,20200624,083045,194.17364628970427,30.073114115412157,0,3
002_20200624_083045(8),3,2cf171fc29c60bf8923c87c16e6b0e4fa43702f4900fc84015c5f3d51878e890,True,3,1,4. X-ray 검사장비 AI 데이터셋/dataset/test1/yolov3/X선이물검출기(06.23_09.22)/2호기(2020.09.22)/SN77127_20200624_NgImage/002_20200624_083045(8).bmp,316,332,P,ae26ca2f0378757eeb68525c313839e0fe447d0bdd904ac1c630c49be797b3d1,392,0.003736464846728687,392,392,3,626a9d956a63634a,002,20200624,083045,183.51364000305017,45.88758743889975,0,3
002_20200624_083049(6),3,724bef20866e019b64eb04bc74243508066c49a969db8bc9c82f286af172a62d,True,3,1,4. X-ray 검사장비 AI 데이터셋/dataset/test1/yolov3/X선이물검출기(06.23_09.22)/1호기(2020.09.22)/SN77128_20200624_NgImage/002_20200624_083049(6).bmp,352,332,P,60573ba0a0d636cbc6604163eb35c32971975ac1e8b6ccbcd8b977f59e6cd672,384,0.0032858707557502738,384,384,3,6a6a9d9566496562,002,20200624,083049,194.25516840087624,29.916314755322876,0,3
002_20200624_083050(4),3,96405a5b9de0033c029751aa74ef7d8543decaa520722af569cbca178f350a77,True,3,1,4. X-ray 검사장비 AI 데이터셋/dataset/test1/yolov3/X선이물검출기(06.23_09.22)/2호기(2020.09.22)/SN77127_20200624_NgImage/002_20200624_083050(4).bmp,316,332,P,7b48f8351f4b3c9568b49a2fc6a78f9dc812db858aa1d2d95068cf3fc53836ca,400,0.003812719231355803,400,400,3,6295956a6aa76394,002,20200624,083050,183.81710385847185,45.402779533027854,0,3
002_20200624_083053(3),3,0bca33573aba21e0248270101b03227fda46ec7489693e8924947cfce2bed58b,True,3,1,4. X-ray 검사장비 AI 데이터셋/dataset/test1/yolov3/X선이물검출기(06.23_09.22)/1호기(2020.09.22)/SN77128_20200624_NgImage/002_20200624_083053(3).bmp,352,332,P,12254d2183c708b7239982baae725e2cea657061fdb2671902c5a34d35fbee84,384,0.0032858707557502738,384,384,3,624a9db56a4a6ad8,002,20200624,083053,194.2430603094195,29.94148479231184,0,3
002_20200624_083054(9),3,989a3f2616ca710b4297707870026bcc79ff8f81fe06d960e44c7a0b80148263,True,3,1,4. X-ray 검사장비 AI 데이터셋/dataset/test1/yolov3/X선이물검출기(06.23_09.22)/2호기(2020.09.22)/SN77127_20200624_NgImage/002_20200624_083054(9).bmp,316,332,P,bd99458f1dcd05cd798ceb4705ac8f06c79c188c00693e490e434c0864501c44,408,0.003888973615982919,408,408,3,6b95954a6a256395,002,20200624,083054,183.83041978038736,45.56690718419634,0,3
002_20200624_083057(4),3,1670fd3f879b54e887195ed29b1a6ffa334261ca409e7aad7ef0029f97e64f3c,True,3,1,4. X-ray 검사장비 AI 데이터셋/dataset/test1/yolov3/X선이물검출기(06.23_09.22)/1호기(2020.09.22)/SN77128_20200624_NgImage/002_20200624_083057(4).bmp,352,332,P,86759d752e77d0cdfb24de06a6ec7b436576dbe32e478d17d0769702603c1f8e,384,0.0032858707557502738,384,384,3,626a9d9566496666,002,20200624,083057,194.20688150328587,29.794837047830896,0,3
002_20200624_083101(4),3,051608829d1f9d3c144807b0228efd3d929f868d01cda00c56774c847e875dad,True,3,1,4. X-ray 검사장비 AI 데이터셋/dataset/test1/yolov3/X선이물검출기(06.23_09.22)/1호기(2020.09.22)/SN77128_20200624_NgImage/002_20200624_083101(4).bmp,352,332,P,34346ff6ea5e0a7316c2010cde335f02e2e347a71d47b99ec783a6cf5e2a1341,400,0.0034227820372398684,400,400,3,62999d6662b66299,002,20200624,083101,194.2029880887185,29.758867813681324,0,3
002_20200624_083105(5),3,8b5fd3a3506273698b4e0a38de393261e34ddf18f3376f8ba40aa94af7919abf,True,3,1,4. X-ray 검사장비 AI 데이터셋/dataset/test1/yolov3/X선이물검출기(06.23_09.22)/1호기(2020.09.22)/SN77128_20200624_NgImage/002_20200624_083105(5).bmp,352,332,P,04656a18613764bfd1cd8e7bacee892438c9d26677277fab909bae524d20cfc7,408,0.003491237677984666,408,408,3,664a99b56653664a,002,20200624,083105,194.1713872535597,29.83856629795811,0,3
002_20200624_123122(6),3,2357b0bffe2905744437cd89bf2df101c225c0294c2e6a131a8ff1d8d94b1ae3,True,3,1,4. X-ray 검사장비 AI 데이터셋/dataset/test1/yolov3/X선이물검출기(06.23_09.22)/1호기(2020.09.22)/SN77128_20200624_NgImage/002_20200624_123122(6).bmp,352,332,P,509b604a909bd381092963c610b776cddfdd5d32ed34327dfc26a103979af99c,400,0.0034227820372398684,400,400,3,629995666a2b6699,002,20200624,123122,194.20068626779846,30.121547522415533,0,3
002_20200624_123126(4),3,ecfbf7418685d8b0f2139078ef950c0d88be2fe95c53c637ec3068edd9948451,True,3,1,4. X-ray 검사장비 AI 데이터셋/dataset/test1/yolov3/X선이물검출기(06.23_09.22)/1호기(2020.09.22)/SN77128_20200624_NgImage/002_20200624_123126(4).bmp,352,332,P,55b928bb4d0d6645326eab04db739f70c2c7b8bd9dec3c7df73617476ce462cc,384,0.0032858707557502738,384,384,3,6a6a95956a6e624a,002,20200624,123126,194.22713581599123,30.08144818673341,0,3
002_20200624_123129(9),3,dc5700ddab6d2211d008cd3432647d1fa788c89cd7a21bb242bf5549ca5be2b3,True,3,1,4. X-ray 검사장비 AI 데이터셋/dataset/test1/yolov3/X선이물검출기(06.23_09.22)/1호기(2020.09.22)/SN77128_20200624_NgImage/002_20200624_123129(9).bmp,352,332,P,e7ae8961885dfcc9129905e1563830324e4ecf477a0847c99f00d5fd407013ca,384,0.0032858707557502738,384,384,3,629d95626aa4999d,002,20200624,123129,194.32247740963857,29.831562836384002,0,3
002_20200624_123133(0),3,c39b18a9a771837240b74c2e21ca0984bebfd384d775829ab65f77ee3bc445b4,True,3,1,4. X-ray 검사장비 AI 데이터셋/dataset/test1/yolov3/X선이물검출기(06.23_09.22)/1호기(2020.09.22)/SN77128_20200624_NgImage/002_20200624_123133(0).bmp,352,332,P,62c0d098e4e2166ee00a9d11a90c14c1459bd2214a6bde8e9c29876fa84ae92f,400,0.0034227820372398684,400,400,3,6a95956a62b6889d,002,20200624,123133,194.2850835158817,29.636806701338447,0,3
002_20200624_123136(5),3,3160fb91c8130000e54b87deda210a4f9f3328dc397b4328f3dc5e14e8df5868,True,3,1,4. X-ray 검사장비 AI 데이터셋/dataset/test1/yolov3/X선이물검출기(06.23_09.22)/1호기(2020.09.22)/SN77128_20200624_NgImage/002_20200624_123136(5).bmp,352,332,P,e3ee77a0ca55d80e86db60a8b35dc24822c7fe9bf50cef7d1b0713ab73e6fe9d,384,0.0032858707557502738,384,384,3,6a9995654b626a99,002,20200624,123136,194.2284193592552,29.684946721588844,0,3
002_20200624_123143(7),3,3694b0a66fa9d4eabfa98326d89f589a2842856fd6ab91c8a1e4ed5dca6ba62f,True,3,1,4. X-ray 검사장비 AI 데이터셋/dataset/test1/yolov3/X선이물검출기(06.23_09.22)/1호기(2020.09.22)/SN77128_20200624_NgImage/002_20200624_123143(7).bmp,352,332,P,a62984727627c88576ad8fc3bd58ded361ca71e44c5c5e63eb8704497a3205b6,392,0.003354326396495071,392,392,3,6295956a62b6989d,002,20200624,123143,194.2668743154436,29.624661868198995,0,3
002_20200624_123144(0),3,8f08392415e6a31656a12aed2c44610a2e240fe2859d9be4bca8b66fb1cf0361,True,3,1,4. X-ray 검사장비 AI 데이터셋/dataset/test1/yolov3/X선이물검출기(06.23_09.22)/2호기(2020.09.22)/SN77127_20200624_NgImage/002_20200624_123144(0).bmp,316,332,P,b2c75405302f05c0c758d5723159493e7c2791dca59f18b2cbadd30215aaff63,400,0.003812719231355803,400,400,3,626a9d956a6a634a,002,20200624,123144,183.62779281683697,45.648750029210035,0,3
002_20200624_123148(2),3,4090f6286489d73e950680719576120726d2d0b597ebbfed2343d5671f0f8df6,True,3,1,4. X-ray 검사장비 AI 데이터셋/dataset/test1/yolov3/X선이물검출기(06.23_09.22)/2호기(2020.09.22)/SN77127_20200624_NgImage/002_20200624_123148(2).bmp,316,332,P,ed828fb6989aa9255e49bb95c4b4def67d513339672e44a90e91b80cc498f7b3,392,0.003736464846728687,392,392,3,6a4a95b56a6a634c,002,20200624,123148,183.85821450358395,45.450362737550094,0,3
002_20200624_123152(7),3,64db2be84933b3feb02fd6baf88578f59c2723e377774dd8428c99633440c854,True,3,1,4. X-ray 검사장비 AI 데이터셋/dataset/test1/yolov3/X선이물검출기(06.23_09.22)/2호기(2020.09.22)/SN77127_20200624_NgImage/002_20200624_123152(7).bmp,316,332,P,87a1482b02e5e841783f680e0f4913282e31f6c86a53276e360ea34336519e79,392,0.003736464846728687,392,392,3,6a6395956a4a6363,002,20200624,123152,183.45483834070458,45.9210709559389,0,3
002_20200624_123157(4),3,8411122ad288b9a31442f239bd9f39c6acffc590e2eb2030963d48104a7699a3,True,3,1,4. X-ray 검사장비 AI 데이터셋/dataset/test1/yolov3/X선이물검출기(06.23_09.22)/2호기(2020.09.22)/SN77127_20200624_NgImage/002_20200624_123157(4).bmp,316,332,P,1fd1fd1ed05cc503c6c2203f7569b0f0537a89972cfd3ba77c4081a90c4137c8,408,0.003888973615982919,408,408,3,6b63959c4a584967,002,20200624,123157,183.54509493670886,46.17257281383318,0,3
002_20200624_123201(7),3,494444ac92086ecdf0eac2fcce4b33b43c3ffee089429d2d1be18a5aa4554df0,True,3,1,4. X-ray 검사장비 AI 데이터셋/dataset/test1/yolov3/X선이물검출기(06.23_09.22)/2호기(2020.09.22)/SN77127_20200624_NgImage/002_20200624_123201(7).bmp,316,332,P,42dd0926f3e4a68b4184b7daa41de24397cf55118423513199d09a52f12ba1c6,392,0.003736464846728687,392,392,3,62629d956a62636b,002,20200624,123201,183.85906283361294,45.753541014815504,0,3
002_20200624_123206(2),3,841ffa6c6ec05aa6d53813d761bd5ca6d7ac1fa268ac2f3e88ec7588580b84fe,True,3,1,4. X-ray 검사장비 AI 데이터셋/dataset/test1/yolov3/X선이물검출기(06.23_09.22)/2호기(2020.09.22)/SN77127_20200624_NgImage/002_20200624_123206(2).bmp,316,332,P,1319597e23f17f525ffb9ca70969bc4e59f560edbb1b2d1c118cd33d7644920a,400,0.003812719231355803,400,400,3,626a9d956a68636a,002,20200624,123206,183.72307267042854,45.99519027575469,0,3
002_20200624_162522(0),3,d13fa494771c837fa9b2db72a6ad8804d2a1dea4858d2fbe14070d3b3fe5f6ca,True,3,1,4. X-ray 검사장비 AI 데이터셋/dataset/test1/yolov3/X선이물검출기(06.23_09.22)/1호기(2020.09.22)/SN77128_20200624_NgImage/002_20200624_162522(0).bmp,352,332,P,e098495703441146a1122034e03ce4c1722783464b20528654cb06b7abbf5088,384,0.0032858707557502738,384,384,3,6e9991664aaad895,002,20200624,162522,194.42195201259582,29.710908599068436,0,3
002_20200624_162527(8),3,75769ce4ca5932d431d1227b2647f3ce16971a1f0c8c76d5f1c5849cd48bde1a,True,2,1,4. X-ray 검사장비 AI 데이터셋/dataset/test1/yolov3/X선이물검출기(06.23_09.22)/1호기(2020.09.22)/SN77128_20200624_NgImage/002_20200624_162527(8).bmp,352,332,P,e95ae4a3382c1f71c483c62a16498f154fb9d024448c5f936e76021682d52bc3,400,0.0034227820372398684,400,400,3,6a5a95a5624a6ada,002,20200624,162527,194.36538198247536,29.833454368654255,0,3
002_20200624_162531(7),3,2ba97e62fbdc003b9aa404aae4c0f5e92ee866d6fa9964574d4550bdc6883003,True,2,1,4. X-ray 검사장비 AI 데이터셋/dataset/test1/yolov3/X선이물검출기(06.23_09.22)/1호기(2020.09.22)/SN77128_20200624_NgImage/002_20200624_162531(7).bmp,352,332,P,f401178cdb2c7651aca4a1fea2ec5c87b0f946daf3aacb7dfbe6e57de18ffbd7,392,0.003354326396495071,392,392,3,6a9995666a2a6a99,002,20200624,162531,194.40755065717414,29.75141181768183,0,3
002_20200624_162536(8),3,77cdf412d283996dd69f6a854ea816218771a98bec6bf900dcfd405343603fa2,True,2,1,4. X-ray 검사장비 AI 데이터셋/dataset/test1/yolov3/X선이물검출기(06.23_09.22)/1호기(2020.09.22)/SN77128_20200624_NgImage/002_20200624_162536(8).bmp,352,332,P,4be70e0e16994e8ed161fb671619f215d06ccad3de92be12c59f73967b8c1f3b,384,0.0032858707557502738,384,384,3,6a9995666a336698,002,20200624,162536,194.25109529025193,29.882382252143298,0,3
002_20200624_162540(3),3,9b679f5f7da181a8f8278da82220c72c027b4dbcbf73d94c4923c3e62053bf6a,True,2,1,4. X-ray 검사장비 AI 데이터셋/dataset/test1/yolov3/X선이물검출기(06.23_09.22)/1호기(2020.09.22)/SN77128_20200624_NgImage/002_20200624_162540(3).bmp,352,332,P,a0a50b5a0828f53bfa0eb3424fe14387ddc4f025e687a246cfeba06cf07e1b53,392,0.003354326396495071,392,392,3,629d95626ab24a9d,002,20200624,162540,194.3366905120482,29.66531564886411,0,3
002_20200624_162543(7),3,79b2ffcafff46b1220cd854f8ccdbc47b34e333f074af8c46193ef34bc3bb783,True,2,1,4. X-ray 검사장비 AI 데이터셋/dataset/test1/yolov3/X선이물검출기(06.23_09.22)/1호기(2020.09.22)/SN77128_20200624_NgImage/002_20200624_162543(7).bmp,352,332,P,13a269767757694b1ffab6ba68612aa0f2d79e3cf2ddfe558fae6b0aa987c3d6,384,0.0032858707557502738,384,384,3,6a9995664aa4d8b5,002,20200624,162543,194.3242829271632,29.759177342563614,0,3
002_20200624_162708(9),3,2c4db4e454c1e896ab4bb6deeb8776491865f90aec6c316c91552a29130b94c9,True,2,1,4. X-ray 검사장비 AI 데이터셋/dataset/test1/yolov3/X선이물검출기(06.23_09.22)/2호기(2020.09.22)/SN77127_20200624_NgImage/002_20200624_162708(9).bmp,316,332,P,eaec00f2c6ec6dd4bd8dc978b22277e7a237337686055a9e52e7410dce9ee660,392,0.003736464846728687,392,392,3,629c95636a236b9c,002,20200624,162708,183.90712215952416,45.357381790316396,0,3
002_20200624_162713(4),3,930dd34ad02bfba5ae34c254289de56508bfe24fd2a5d6afc4e7b018a8aec758,True,2,1,4. X-ray 검사장비 AI 데이터셋/dataset/test1/yolov3/X선이물검출기(06.23_09.22)/2호기(2020.09.22)/SN77127_20200624_NgImage/002_20200624_162713(4).bmp,316,332,P,cc4f8221ffdce9812bb3f1ab304782b53d5b90fe87d9451b618aa77e6794ed66,392,0.003736464846728687,392,392,3,62849d7a6a66639c,002,20200624,162713,183.82563481775202,45.51896216265641,0,3
002_20200624_162717(9),3,9b78f6ce09639f69b982d825a11ddbcf43079a73d7abee61c436ca30d0ac6ba6,True,2,1,4. X-ray 검사장비 AI 데이터셋/dataset/test1/yolov3/X선이물검출기(06.23_09.22)/2호기(2020.09.22)/SN77127_20200624_NgImage/002_20200624_162717(9).bmp,316,332,P,e7be26c30b2df2c16eea289f84a21bce4cf137fba78292443bf54a9be8e6d7d8,384,0.0036602104621015707,384,384,3,6a6295956a64636b,002,20200624,162717,183.65356679884093,45.81355689363716,0,3
002_20200624_162722(4),3,319220ef3eb7ed9e9a08d9dcb40356511aeef7d5c5cc80c02c56ab77366f775a,True,2,1,4. X-ray 검사장비 AI 데이터셋/dataset/test1/yolov3/X선이물검출기(06.23_09.22)/2호기(2020.09.22)/SN77127_20200624_NgImage/002_20200624_162722(4).bmp,316,332,P,8a10a1058ad08a625d0a904352d8b16283ab8a33602d1b9932d97f62e45b6cb8,384,0.0036602104621015707,384,384,3,6a6a95956258636b,002,20200624,162722,183.55396904071983,46.228948527674035,0,3
002_20200624_203003(9),3,b9c1722a5e006e15ba4fab221d0463d408a01444e942f024e41360194215242f,True,2,1,4. X-ray 검사장비 AI 데이터셋/dataset/test1/yolov3/X선이물검출기(06.23_09.22)/1호기(2020.09.22)/SN77128_20200625_NgImage/002_20200624_203003(9).bmp,352,332,P,67aace1437944b574b761717971135b33d88382686eee23a551e3efc07cbc913,392,0.003354326396495071,392,392,3,6e9991664aaa6a99,002,20200624,203003,194.37343407721795,29.964812555269685,0,3
002_20200624_203012(9),3,8e9d62fe62eae484ed03622dd2b2a973a5221de378390f8ea632aeabfabcb394,True,2,1,4. X-ray 검사장비 AI 데이터셋/dataset/test1/yolov3/X선이물검출기(06.23_09.22)/1호기(2020.09.22)/SN77128_20200625_NgImage/002_20200624_203012(9).bmp,352,332,P,9009bf59aa4c971e64457c1d56c782cfd11dd9d925dacd9c395dba62512e7a11,400,0.0034227820372398684,400,400,3,6a6695996a496a66,002,20200624,203012,194.30932536966046,29.94587909794538,0,3
002_20200624_203017(4),3,5d4614185a17d0c47e7aeaf44c12efe32d5f85cc5e06ce4746ee0d528261c293,True,2,1,4. X-ray 검사장비 AI 데이터셋/dataset/test1/yolov3/X선이물검출기(06.23_09.22)/1호기(2020.09.22)/SN77128_20200625_NgImage/002_20200624_203017(4).bmp,352,332,P,265f4b698857eded54b2f908611344b1d082720f82919dbb48262eca7b860063,392,0.003354326396495071,392,392,3,6a669599626d6a62,002,20200624,203017,194.4221060377875,29.731919186472567,0,3
002_20200624_203021(9),3,b15f68d198c85c31c027462512e5a1c3144661a2cc260dd95ce71fefdc4fefe5,True,2,1,4. X-ray 검사장비 AI 데이터셋/dataset/test1/yolov3/X선이물검출기(06.23_09.22)/1호기(2020.09.22)/SN77128_20200625_NgImage/002_20200624_203021(9).bmp,352,332,P,feec489c1aaa766006c44a7df7e6c610d4d6ebed2401a5d00ce7aa071981d15a,392,0.003354326396495071,392,392,3,6a5a95a5624a6ada,002,20200624,203021,194.37954374315444,29.764069533074686,0,3
002_20200624_203026(4),3,88c327ab4a18f3e92a01dd9c0f0e0aa51a64c13538a4eb9e2f95e96ce80a4ef8,True,2,1,4. X-ray 검사장비 AI 데이터셋/dataset/test1/yolov3/X선이물검출기(06.23_09.22)/1호기(2020.09.22)/SN77128_20200625_NgImage/002_20200624_203026(4).bmp,352,332,P,9131c6d83486480cf5ef47238688651ea2997b47c4488dfadbc5940ad81284cb,384,0.0032858707557502738,384,384,3,6e9991666aaa4a99,002,20200624,203026,194.39598165388827,29.731004621849177,0,3
002_20200624_203044(4),3,21b8427d86c991bb84e7ecdd433233d7ac0fcee8e9bd790b2c20922dcd491a63,True,2,1,4. X-ray 검사장비 AI 데이터셋/dataset/test1/yolov3/X선이물검출기(06.23_09.22)/1호기(2020.09.22)/SN77128_20200625_NgImage/002_20200624_203044(4).bmp,352,332,P,9faf90475e9ce4ab4a10c2b76ebfb0ce263f21bc82fb0e857e28c65a2b67d43e,384,0.0032858707557502738,384,384,3,62959d6a6aad6291,002,20200624,203044,194.40442736856517,29.749464221822265,0,3
002_20200624_203111(4),3,223f1f4d2a8c539289812456b9c51900a450207189c405941dac14c002791397,True,3,1,4. X-ray 검사장비 AI 데이터셋/dataset/test1/yolov3/X선이물검출기(06.23_09.22)/2호기(2020.09.22)/SN77127_20200624_NgImage/002_20200624_203111(4).bmp,316,332,P,a38d289c383810f08f4feb58e101a3338a322b9d77784710f21be5c4e2a34cc9,424,0.004041482385237151,424,424,3,62949d6b62236b9c,002,20200624,203111,183.9767996034772,45.388464178017486,0,3
002_20200624_203114(3),3,3b8417f51c9a0c3b43f7a6d635b5bec98c1d6697e53d5ef07cd5c8841b2e80f3,True,3,1,4. X-ray 검사장비 AI 데이터셋/dataset/test1/yolov3/X선이물검출기(06.23_09.22)/2호기(2020.09.22)/SN77127_20200624_NgImage/002_20200624_203114(3).bmp,316,332,P,a9db0698d0bc41c408a31a59c562e74db54029db45fa3ba3cea09cc46582a43d,424,0.004041482385237151,424,424,2,6b4a9595627a634a,002,20200624,203114,183.66137334146714,46.14905918534747,0,1
002_20200624_203117(3),3,8dd4380e8faf40f6712bd7da8fa5eea74156dbe50e8e1ca5b7bfefcd6b198af8,True,3,1,4. X-ray 검사장비 AI 데이터셋/dataset/test1/yolov3/X선이물검출기(06.23_09.22)/2호기(2020.09.22)/SN77127_20200624_NgImage/002_20200624_203117(3).bmp,316,332,P,5ea37d7320ba2023f4871e768e73129daf909877952447783d77466383753ca3,408,0.003888973615982919,408,408,3,6a6a9c9570783369,002,20200624,203117,183.48515899039194,46.40251100337864,0,3
002_20200624_203120(3),3,8517146b549629d0fc9056846802ce6259bd29c397880973d7e15cfef1b670ff,True,3,1,4. X-ray 검사장비 AI 데이터셋/dataset/test1/yolov3/X선이물검출기(06.23_09.22)/2호기(2020.09.22)/SN77127_20200624_NgImage/002_20200624_203120(3).bmp,316,332,P,4ba9bf3bb901579fb4662836b2d38705cd638f0ec784c02aefcc07579fcc8957,392,0.003736464846728687,392,392,3,6a6a9d956178236a,002,20200624,203120,183.5493556504499,46.50610491438742,0,3
002_20200624_203123(3),3,38d897cab48f8d5dd82edca39418868e519a00f9b13c4e2e2f91cbaeffb23f1e,True,3,1,4. X-ray 검사장비 AI 데이터셋/dataset/test1/yolov3/X선이물검출기(06.23_09.22)/2호기(2020.09.22)/SN77127_20200624_NgImage/002_20200624_203123(3).bmp,316,332,P,cd46b06207d4d700cf53cf57163b283ef49727d9a3e8abb475dbc538cc1b2ccf,432,0.004117736769864267,432,432,3,6b4a95b56a68634a,002,20200624,203123,183.75727276193382,46.170770497519634,0,3
002_20200624_203126(3),3,f813c3b3dcac6cd457bc3f950a9631e7d75cc3865d61ce3cd0ee76d94edeba9e,True,3,1,4. X-ray 검사장비 AI 데이터셋/dataset/test1/yolov3/X선이물검출기(06.23_09.22)/2호기(2020.09.22)/SN77127_20200624_NgImage/002_20200624_203126(3).bmp,316,332,P,b979f4db8c88f5504f305f9bfc4865243066dc1dcd05c92ee0811bbbe8b3a945,408,0.003888973615982919,408,408,3,6a4a9db56170674a,002,20200624,203126,183.67658609120025,45.99049649590177,0,3
002_20200625_003116(4),3,f5545e265266e87efc4de2081e3952e7209f39b88ffb3a069a33aec62346bc85,True,2,1,4. X-ray 검사장비 AI 데이터셋/dataset/test1/yolov3/X선이물검출기(06.23_09.22)/1호기(2020.09.22)/SN77128_20200625_NgImage/002_20200625_003116(4).bmp,352,332,P,82cc352d93901f6379ee8b30afbbac74b3ee8cfb9e5b413b62e68efb5abd42e8,392,0.003354326396495071,392,392,3,6e9995664ab28c95,002,20200625,003116,194.4784279162103,29.633813524955553,0,3
002_20200625_003120(7),3,61c9ee7fa475b9f9aa61c1278c8e49b4666cf87fe61600051309df20ace5535e,True,2,1,4. X-ray 검사장비 AI 데이터셋/dataset/test1/yolov3/X선이물검출기(06.23_09.22)/1호기(2020.09.22)/SN77128_20200625_NgImage/002_20200625_003120(7).bmp,352,332,P,3ac8399e7ff2247c1f3e93982262ec1b0eadaaaf8c0e45c879d486a42466dafa,392,0.003354326396495071,392,392,3,6a6295956a4b6666,002,20200625,003120,194.3893671276013,29.83967370826894,0,3
002_20200625_003125(4),3,9f5e4e4f9e894c60ac7136dbc70fbda39d5634ada569c29d3927d9724ed72504,True,2,1,4. X-ray 검사장비 AI 데이터셋/dataset/test1/yolov3/X선이물검출기(06.23_09.22)/1호기(2020.09.22)/SN77128_20200625_NgImage/002_20200625_003125(4).bmp,352,332,P,533b40df742f1fa262bf2786d62623fb051230b239f541d71139639d4472d756,384,0.0032858707557502738,384,384,3,665a99a5664a6e54,002,20200625,003125,194.40765334063528,29.811465095615112,0,3
002_20200625_003130(0),3,599dc88a16968639f9fec8b2a7823af87785f615e62c3958eb5d488e2e86f698,True,2,1,4. X-ray 검사장비 AI 데이터셋/dataset/test1/yolov3/X선이물검출기(06.23_09.22)/1호기(2020.09.22)/SN77128_20200625_NgImage/002_20200625_003130(0).bmp,352,332,P,cf67774b8c9bbb6da8e5e0b68c541b347c213e6c4c8b10dfdec314d1a9395ba1,384,0.0032858707557502738,384,384,3,6a6a9d9562496e62,002,20200625,003130,194.41075095837897,29.772375304891558,0,3
002_20200625_003134(4),3,16a408e7655bfd8a20e76431e569dffc08f14a9dd1adf2ea9a592a2ce44a82b6,True,2,1,4. X-ray 검사장비 AI 데이터셋/dataset/test1/yolov3/X선이물검출기(06.23_09.22)/1호기(2020.09.22)/SN77128_20200625_NgImage/002_20200625_003134(4).bmp,352,332,P,91bf643c3215a37281c652d4884912b4b48b725927c0358885e6dc7a5a843ec7,384,0.0032858707557502738,384,384,3,6a4e95b16a4e6623,002,20200625,003134,194.4415987814896,29.73041774601294,0,3
002_20200625_003139(0),3,a451c62da53ec7467615db3df805fef80390cf17b8715bf9300f74a8e4c64cfa,True,2,1,4. X-ray 검사장비 AI 데이터셋/dataset/test1/yolov3/X선이물검출기(06.23_09.22)/1호기(2020.09.22)/SN77128_20200625_NgImage/002_20200625_003139(0).bmp,352,332,P,67ec778ae05f8aafb64dccb4e949815d662a014b52a0376a617594ec8d687864,384,0.0032858707557502738,384,384,3,6e9991664aa66699,002,20200625,003139,194.48662547918948,29.59263935984936,0,3
002_20200625_003352(9),3,e4a1fc43a218fd6f22b22d61053bb8ff82a06bb9472ff86f8afe7dd0430a5aa0,True,2,1,4. X-ray 검사장비 AI 데이터셋/dataset/test1/yolov3/X선이물검출기(06.23_09.22)/2호기(2020.09.22)/SN77127_20200625_NgImage/002_20200625_003352(9).bmp,316,332,P,f1f09649ec088d0bd393faa4a3ae0307fa9da42e43a76e09185c6b92cb6cff59,400,0.003812719231355803,400,400,3,62949d6a62a7639c,002,20200625,003352,184.28929007167912,45.26476029892585,0,3
002_20200625_003357(4),3,476afcd17342b91643de2e26fbfb981de65477a9591b9b0cdc66776064d5d0f3,True,2,1,4. X-ray 검사장비 AI 데이터셋/dataset/test1/yolov3/X선이물검출기(06.23_09.22)/2호기(2020.09.22)/SN77127_20200625_NgImage/002_20200625_003357(4).bmp,316,332,P,c1662348a12aa8b4dedcb4803b41af76d1c4c8711c564852052a1a98174ac038,384,0.0036602104621015707,384,384,3,629c9d6262276a9d,002,20200625,003357,184.19678397132836,45.290023160823004,0,3
002_20200625_003401(8),3,dda6d1946cf8419604fa8c3b7a491dd3d223138c933f709539af5eeed56e706e,True,2,1,4. X-ray 검사장비 AI 데이터셋/dataset/test1/yolov3/X선이물검출기(06.23_09.22)/2호기(2020.09.22)/SN77127_20200625_NgImage/002_20200625_003401(8).bmp,316,332,P,fefa9afd83dc45705dde0fe790867b4318f4199762b9cda1bb6d134e30e26269,408,0.003888973615982919,408,408,3,629c9d6262276b9c,002,20200625,003401,184.2176681409181,45.241507827701774,0,3
002_20200625_003406(3),3,11b5548c0b5199c3e38c31f89680973cd952a257c40c55f160cb26c243d602cb,True,2,1,4. X-ray 검사장비 AI 데이터셋/dataset/test1/yolov3/X선이물검출기(06.23_09.22)/2호기(2020.09.22)/SN77127_20200625_NgImage/002_20200625_003406(3).bmp,316,332,P,6f8ca97e59069618093976db57c79d4f1c9edfb0bdd90bfa474af90fc6db6890,392,0.003736464846728687,392,392,3,629c9d626a27639c,002,20200625,003406,184.2977733719689,45.159242791143626,0,3
002_20200625_003410(8),3,a94f82448e2dd83cc46ce22429f05de70f752da945ad8220e69347311074a7e6,True,2,1,4. X-ray 검사장비 AI 데이터셋/dataset/test1/yolov3/X선이물검출기(06.23_09.22)/2호기(2020.09.22)/SN77127_20200625_NgImage/002_20200625_003410(8).bmp,316,332,P,580fa912faab960184642290759cf654379259b33d5297c426f297c29ab43ec0,392,0.003736464846728687,392,392,3,62949d6b6a27629c,002,20200625,003410,184.20114000305017,45.230731400885986,0,3
002_20200625_003415(4),3,eddacb57aeadaf1a3c7d5bba5f807685716fa8e96ce52edb47603e776daeec98,True,2,1,4. X-ray 검사장비 AI 데이터셋/dataset/test1/yolov3/X선이물검출기(06.23_09.22)/2호기(2020.09.22)/SN77127_20200625_NgImage/002_20200625_003415(4).bmp,316,332,P,f125acff8b00f981732824dca6eb19f2b1dfffb041c537a8ecb0a5ce23a89774,400,0.003812719231355803,400,400,3,6394956a6a27639c,002,20200625,003415,184.19805170047277,45.219164172569954,0,3
002_20200625_042934(9),3,c1bc0d8fcdf559cc500663402cc66238c34a71f2f13cac2c46b41d8901029126,True,2,1,4. X-ray 검사장비 AI 데이터셋/dataset/test1/yolov3/X선이물검출기(06.23_09.22)/1호기(2020.09.22)/SN77128_20200625_NgImage/002_20200625_042934(9).bmp,352,332,P,e14d0393fda9ab62fddefdfb1e8e503128db54af7e2d2b712887982847b86cc4,384,0.0032858707557502738,384,384,3,6a4a95b5626a6ad8,002,20200625,042934,194.55137595837897,29.695887735182477,0,3
002_20200625_042939(2),3,63ab501582af73084f43398da210db6708101710914d9c9a4122f68ed21c94d8,True,2,1,4. X-ray 검사장비 AI 데이터셋/dataset/test1/yolov3/X선이물검출기(06.23_09.22)/1호기(2020.09.22)/SN77128_20200625_NgImage/002_20200625_042939(2).bmp,352,332,P,9e2e585ff45f2673f6c09713893051dfd91bd07be06c225aa72b77ee7a0e23cd,392,0.003354326396495071,392,392,3,6a4a9595626b6a5a,002,20200625,042939,194.57828758214677,29.596789740138227,0,3
002_20200625_042943(7),3,0c8f7ec7d1e6a808071ecddaa72a21a8314cc4a15e3397076784a19a84029497,True,2,1,4. X-ray 검사장비 AI 데이터셋/dataset/test1/yolov3/X선이물검출기(06.23_09.22)/1호기(2020.09.22)/SN77128_20200625_NgImage/002_20200625_042943(7).bmp,352,332,P,29e6297ab33e766071569358647be98abde402490376e5b715febfd8625a7187,384,0.0032858707557502738,384,384,3,6e4a91b56744666a,002,20200625,042943,194.55959063526834,29.646659449391844,0,3
002_20200625_042948(3),3,a741802092c5cb4691f1af5657fcd1519d332fb1f948edf933603bf47533b6bb,True,2,1,4. X-ray 검사장비 AI 데이터셋/dataset/test1/yolov3/X선이물검출기(06.23_09.22)/1호기(2020.09.22)/SN77128_20200625_NgImage/002_20200625_042948(3).bmp,352,332,P,ae3d4a3ebe6239c284319cf5482280e3b131ed76c58c362974e9ebd4a4ae989a,392,0.003354326396495071,392,392,3,6a6a9d956648666a,002,20200625,042948,194.56171276013143,29.622421237080975,0,3
002_20200625_042952(8),3,e314af58f58d9600f85ad955046f24d8730e8920ee8b5ea4d48e1950b104cd24,True,2,1,4. X-ray 검사장비 AI 데이터셋/dataset/test1/yolov3/X선이물검출기(06.23_09.22)/1호기(2020.09.22)/SN77128_20200625_NgImage/002_20200625_042952(8).bmp,352,332,P,4046c958c4d2007f5af01972cbbbf2c6f0c7e1c2b56a8fc5dcd7b81e66404630,392,0.003354326396495071,392,392,3,6ea4915a62ac6ea5,002,20200625,042952,194.5760199890471,29.56340599412242,0,3
002_20200625_042957(3),3,73dee2fe0ae2e577e7ba5e970beca254c79420c731077e827181c5af244c415d,True,2,1,4. X-ray 검사장비 AI 데이터셋/dataset/test1/yolov3/X선이물검출기(06.23_09.22)/1호기(2020.09.22)/SN77128_20200625_NgImage/002_20200625_042957(3).bmp,352,332,P,a18d989c4422d3b9fcadde155c4ecc961fe00af91660b4205f18eeee94fdbdcc,384,0.0032858707557502738,384,384,3,6e9991664aae9991,002,20200625,042957,194.61935240963857,29.427081093130493,0,3
002_20200629_082630(7),3,9a9c82a27f3bdc07cb5c0250e0b1322c449aab085af71248c2d9504659f71b48,True,2,1,4. X-ray 검사장비 AI 데이터셋/dataset/test1/yolov3/X선이물검출기(06.23_09.22)/1호기(2020.09.22)/SN77128_20200629_NgImage/002_20200629_082630(7).bmp,352,332,P,21da4c00e91e196674e1ac26b19fddd7e205361f92cecdbf3bc33c1b0c753f9f,384,0.0032858707557502738,384,384,3,6a4a9db56253664a,002,20200629,082630,193.52127259036143,31.02700021876874,0,3
002_20200629_082639(2),3,45290d7840acd1809c75b057ceb29ba96882a42cf3df03e86685f84faa5d9601,True,2,1,4. X-ray 검사장비 AI 데이터셋/dataset/test1/yolov3/X선이물검출기(06.23_09.22)/1호기(2020.09.22)/SN77128_20200629_NgImage/002_20200629_082639(2).bmp,352,332,P,41aae84de3737da34cef3b8736cc9bb1b4aa7406c8495375cdb8c85b1f897deb,392,0.003354326396495071,392,392,3,6695996a66a62599,002,20200629,082639,193.53053977272728,30.96013525558437,0,3
002_20200629_082642(2),3,ecb6058bfda6a65e045a7703a3aaef6e13828a5c9654da2c7913979dd88f3d1d,True,2,1,4. X-ray 검사장비 AI 데이터셋/dataset/test1/yolov3/X선이물검출기(06.23_09.22)/1호기(2020.09.22)/SN77128_20200629_NgImage/002_20200629_082642(2).bmp,352,332,P,b344c261365c9fa2bfef90905cf856283fc688559f14000cf8474141be04c4eb,384,0.0032858707557502738,384,384,3,629995666aaa4a9d,002,20200629,082642,193.56083139375684,30.983452995246918,0,3
002_20200629_082645(4),3,9cc8419ed3e145ef92c88b26ef11eab9376b4ebf802c464832db0b648a40febd,True,2,1,4. X-ray 검사장비 AI 데이터셋/dataset/test1/yolov3/X선이물검출기(06.23_09.22)/1호기(2020.09.22)/SN77128_20200629_NgImage/002_20200629_082645(4).bmp,352,332,P,5b613dca592fd652505e1a54dda0a52ad05cc6791ceb0edd70ae12244554d25f,384,0.0032858707557502738,384,384,3,665a99a562626ad9,002,20200629,082645,193.5335860487404,31.086840517009986,0,3
002_20200629_082823(5),3,41ccd187f1d874b9b5af0dc06fb72fed63f29f06003d9dde92d0fc93d4a33deb,True,2,1,4. X-ray 검사장비 AI 데이터셋/dataset/test1/yolov3/X선이물검출기(06.23_09.22)/2호기(2020.09.22)/SN77127_20200629_NgImage/002_20200629_082823(5).bmp,316,332,P,c850b9fc133dba3bcf3f1963a0742674c4e8d380b5d1486c84fa1b179f7a6e83,416,0.003965228000610035,416,416,3,62959d6a6a636394,002,20200629,082823,181.60987303644959,45.480937175751706,0,3
002_20200629_082828(5),3,2e6f20c7104a659d48f359a24a0b2424bf36f9d80a24dd5a891ecd7dc6548b40,True,2,1,4. X-ray 검사장비 AI 데이터셋/dataset/test1/yolov3/X선이물검출기(06.23_09.22)/2호기(2020.09.22)/SN77127_20200629_NgImage/002_20200629_082828(5).bmp,316,332,P,a4ff000b4b8313cd405b37b4c6484f5db15a7a3f16d20e56c0be29ba16c5c63b,408,0.003888973615982919,408,408,3,629c9d6362236a9d,002,20200629,082828,181.69573547353974,45.18000031891342,0,3
002_20200629_082831(3),3,9372e780eef3c279eacc0be50f3f599bdd6169b3062491bd536c786a7f36c7e5,True,2,1,4. X-ray 검사장비 AI 데이터셋/dataset/test1/yolov3/X선이물검출기(06.23_09.22)/2호기(2020.09.22)/SN77127_20200629_NgImage/002_20200629_082831(3).bmp,316,332,P,305f6a83e5bd3f0cd12f4f780e4105a9cb79a4b1b60499c713e429c831ea4b36,400,0.003812719231355803,400,400,3,62959d6a6a236395,002,20200629,082831,181.50258311727924,45.45792198705846,0,3
002_20200629_082834(2),3,8435d2fd3b0f1714bea042dafb2d26183af8eda6b156048d2867e0119f47063f,True,2,1,4. X-ray 검사장비 AI 데이터셋/dataset/test1/yolov3/X선이물검출기(06.23_09.22)/2호기(2020.09.22)/SN77127_20200629_NgImage/002_20200629_082834(2).bmp,316,332,P,91ed7e454a764a85b9a6bc27c421089c2e91cc143c5bc9b06f421a72282e0e8d,392,0.003736464846728687,392,392,3,6395954a6a276395,002,20200629,082834,181.4352504956535,45.562144076208625,0,3
002_20200629_082837(0),3,8d2e77bdefc73c1836dfdf9b90bd0039e1dc413c74c4458d75d4be81a489e56d,True,2,1,4. X-ray 검사장비 AI 데이터셋/dataset/test1/yolov3/X선이물검출기(06.23_09.22)/2호기(2020.09.22)/SN77127_20200629_NgImage/002_20200629_082837(0).bmp,316,332,P,944dca5f1866a75c592c5c281f24488dc7a39cf69d63ed5d6c79ebb3ee3e5ecf,392,0.003736464846728687,392,392,3,629c95726a63639c,002,20200629,082837,181.3614648467287,45.65145357189744,0,3
002_20200629_082839(9),3,ef7f78fcfd11337a3704010d3b6abf46fb88fbeae4a1e6ab3b9e393e6200d62c,True,2,1,4. X-ray 검사장비 AI 데이터셋/dataset/test1/yolov3/X선이물검출기(06.23_09.22)/2호기(2020.09.22)/SN77127_20200629_NgImage/002_20200629_082839(9).bmp,316,332,P,39b5e39390267b6b7b43a528eaeb096b230ab9f1c545162529e88e753701414d,384,0.0036602104621015707,384,384,3,63959d6a62272395,002,20200629,082839,181.5830124294647,45.33676592863258,0,3
002_20200629_123442(5),3,ad0bee90d4b52e5d5cdcc3bb3cced4ed29585a0fedf7e75bbf17ec707a1df4d3,True,2,1,4. X-ray 검사장비 AI 데이터셋/dataset/test1/yolov3/X선이물검출기(06.23_09.22)/2호기(2020.09.22)/SN77127_20200629_NgImage/002_20200629_123442(5).bmp,316,332,P,9628407077472172b2d0ee6e5faf79fbad4649d2378e256e829e4ccbe3ccd861,392,0.003736464846728687,392,392,3,6394956a6a27639c,002,20200629,123442,182.88494166539576,45.42704149014949,0,3
002_20200629_123447(0),3,c79d8b977c4128d4498f2f1c9ebfabc4bcb44515cb06c62ae8df183b6d1a2bf7,True,2,1,4. X-ray 검사장비 AI 데이터셋/dataset/test1/yolov3/X선이물검출기(06.23_09.22)/2호기(2020.09.22)/SN77127_20200629_NgImage/002_20200629_123447(0).bmp,316,332,P,5212814137cc88fcad4e1b47c9877b2aa78a76730f009fa63f313279ded25777,416,0.003965228000610035,416,416,3,6b94956a6a23639c,002,20200629,123447,182.7410401098063,45.444036404481125,0,3
002_20200629_123451(5),3,da6df873fbf349db7c21fa7efd16fbcf4d1bb944eee40e304b9b9743c29d25ce,True,2,1,4. X-ray 검사장비 AI 데이터셋/dataset/test1/yolov3/X선이물검출기(06.23_09.22)/2호기(2020.09.22)/SN77127_20200629_NgImage/002_20200629_123451(5).bmp,316,332,P,a09c8e04781e904cc6af181d2fc3a8bc9da0d46b8b0306fd5ba578a90bc9e131,392,0.003736464846728687,392,392,3,6394956a6a27639c,002,20200629,123451,182.80701921610492,45.34541096801252,0,3
002_20200629_123456(0),3,9b9ac62a783d13e74e35a3609f415562489d0d35462ea023cbdfbb89f8dd65a2,True,2,1,4. X-ray 검사장비 AI 데이터셋/dataset/test1/yolov3/X선이물검출기(06.23_09.22)/2호기(2020.09.22)/SN77127_20200629_NgImage/002_20200629_123456(0).bmp,316,332,P,53bae926359c1ed5284b7de5c2e6dd10caae17b1948f05bf80162f7128bdfe3c,392,0.003736464846728687,392,392,3,6b94946a6a27639c,002,20200629,123456,182.86442923593106,45.35539455674355,0,3
002_20200629_123500(5),3,baf3740a49a8b8d3074778cb3a420225e3aa2d5a51e1933df77af216926fe976,True,2,1,4. X-ray 검사장비 AI 데이터셋/dataset/test1/yolov3/X선이물검출기(06.23_09.22)/2호기(2020.09.22)/SN77127_20200629_NgImage/002_20200629_123500(5).bmp,316,332,P,c097c501764831dc47c6d193eb2dd53b49beca114b584a245afc5416ecb85270,408,0.003888973615982919,408,408,3,6b94956a6a25639c,002,20200629,123500,182.7226532713131,45.34650550211756,0,3
002_20200629_123505(0),3,92070ebe9770cf728e122ca9af82f9bad9fd2943d04d8356fc39ddef9c03d074,True,2,1,4. X-ray 검사장비 AI 데이터셋/dataset/test1/yolov3/X선이물검출기(06.23_09.22)/2호기(2020.09.22)/SN77127_20200629_NgImage/002_20200629_123505(0).bmp,316,332,P,36c3dabbd095b2871d5da78e14d5060710a7ebd93f33ada12f5639d4fd4aef86,392,0.003736464846728687,392,392,3,6a94956a6a27639c,002,20200629,123505,182.73515899039194,45.396270108000145,0,3
002_20200629_163656(7),3,7ee1e39c52bde5a9a12a93adece333e2c3425727333c133c264b136e8ff7e804,True,2,1,4. X-ray 검사장비 AI 데이터셋/dataset/test1/yolov3/X선이물검출기(06.23_09.22)/2호기(2020.09.22)/SN77127_20200629_NgImage/002_20200629_163656(7).bmp,316,332,P,95dd8106acd1946ad9e467f74fd522a4fad3bb96970f49fae85deea7481d8b71,400,0.003812719231355803,400,400,3,63959d6a62276394,002,20200629,163656,183.28499123074576,45.477748394646184,0,3
002_20200629_163659(7),3,93fd947fd00c8f6747051aee29d6f506e35e6aeec5e9419d6d92fa2e132da050,True,2,1,4. X-ray 검사장비 AI 데이터셋/dataset/test1/yolov3/X선이물검출기(06.23_09.22)/2호기(2020.09.22)/SN77127_20200629_NgImage/002_20200629_163659(7).bmp,316,332,P,f06d7889811bed3f7cc406f685528e5a4571d47b50084881d978eb2745d8d336,392,0.003736464846728687,392,392,3,6b4a94b56a72634a,002,20200629,163659,182.99238409333537,45.90857929036867,0,3
002_20200629_163702(8),3,4e9725e0dc25ad200a5958836fe543c2c44d90ed25cd2ef66a5e3e147083cdf5,True,2,1,4. X-ray 검사장비 AI 데이터셋/dataset/test1/yolov3/X선이물검출기(06.23_09.22)/2호기(2020.09.22)/SN77127_20200629_NgImage/002_20200629_163702(8).bmp,316,332,P,cb3d659b82a0e48eead652982013e118941b6aabed5d48d19b4614c4e8b2155b,384,0.0036602104621015707,384,384,3,6b95956a6a21639c,002,20200629,163702,183.28606832392862,45.43952659128647,0,3
002_20200629_163705(8),3,51d5f5d1a98c7c80cee1c97b7b474ac09672f115be4d5350069db69fe3238fba,True,2,1,4. X-ray 검사장비 AI 데이터셋/dataset/test1/yolov3/X선이물검출기(06.23_09.22)/2호기(2020.09.22)/SN77127_20200629_NgImage/002_20200629_163705(8).bmp,316,332,P,db18d0fb31a7a2200d7370d215a5af934e710ac6cfd9ad2db9b07d1220704e41,392,0.003736464846728687,392,392,3,629c9d636a63629c,002,20200629,163705,183.15338569467744,45.58504113069919,0,3
002_20200629_163708(9),3,72b52867c537de88d7666fc857d2e4b07bc9cbe489500789a0f39920cae70ed0,True,2,1,4. X-ray 검사장비 AI 데이터셋/dataset/test1/yolov3/X선이물검출기(06.23_09.22)/2호기(2020.09.22)/SN77127_20200629_NgImage/002_20200629_163708(9).bmp,316,332,P,27e630db3af391e2ee75b246132c0da2ce45263b783777399886d9f2da8eb0cd,384,0.0036602104621015707,384,384,3,62b59d4a62276395,002,20200629,163708,183.19873798993441,45.49688208527033,0,3
002_20200629_163711(8),3,c502157c86855ff96304b105d9ab7fc080a874ad41104964ddc934007bfa3b37,True,2,1,4. X-ray 검사장비 AI 데이터셋/dataset/test1/yolov3/X선이물검출기(06.23_09.22)/2호기(2020.09.22)/SN77127_20200629_NgImage/002_20200629_163711(8).bmp,316,332,P,3418b940cf6e13f2d27124ddae79834d3d32f7ca79c3b2510c120c7ca51ba0f1,400,0.003812719231355803,400,400,3,629c9d6262276b9c,002,20200629,163711,183.17656702760408,45.54262522234886,0,3
002_20200714_042641(8),3,82820d6dcf63d6186abb06437a5afb77f6def4d7f1d19d0f8776e304226d3ce3,True,2,1,4. X-ray 검사장비 AI 데이터셋/dataset/test1/yolov3/X선이물검출기(06.23_09.22)/1호기(2020.09.22)/SN77128_20200714_NgImage/002_20200714_042641(8).bmp,352,332,P,03bc43e50d500d205778544c60d263bfcc21d65ce6d4092060f7657e383097c4,384,0.0032858707557502738,384,384,3,626a9d95664a6a6a,002,20200714,042641,194.18790217688937,29.927374049261427,0,3
002_20200714_083054(2),3,1051548415a3b01745c8992f423d9bc5002972bb926112a39e7c02d89be6349c,True,2,1,4. X-ray 검사장비 AI 데이터셋/dataset/test1/yolov3/X선이물검출기(06.23_09.22)/1호기(2020.09.22)/SN77128_20200714_NgImage/002_20200714_083054(2).bmp,352,332,P,bbf5909a1433ab6be9498707963f623c19e8fe6d15f5b645fbebc7d94e0f6507,384,0.0032858707557502738,384,384,3,6a5a9da5624b62d8,002,20200714,083054,194.33912068729464,29.629854076040342,0,3
002_20200714_083057(5),3,925d54b5ffb96d350e3120063c5615c32b7bf13bcf1bf751cb7de2f0149846bb,True,2,1,4. X-ray 검사장비 AI 데이터셋/dataset/test1/yolov3/X선이물검출기(06.23_09.22)/1호기(2020.09.22)/SN77128_20200714_NgImage/002_20200714_083057(5).bmp,352,332,P,3cd04de922a0a4ffa22f5a6e02339ecafed96b7bff24fa74d4c6a81448450a2f,400,0.0034227820372398684,400,400,3,626a9d95626a6a6a,002,20200714,083057,194.1490450438116,30.19132865742504,0,3
002_20200714_083101(7),3,e87b144987477a8115d7b7b280f14055b5a1759ca6925ac7a2344d56bcdb63bd,True,2,1,4. X-ray 검사장비 AI 데이터셋/dataset/test1/yolov3/X선이물검출기(06.23_09.22)/1호기(2020.09.22)/SN77128_20200714_NgImage/002_20200714_083101(7).bmp,352,332,P,38459f9ddf06e596fcc0689634f7f71b75db7ca7f96ba3ff1521656123163da1,400,0.0034227820372398684,400,400,3,626a9d956649666a,002,20200714,083101,194.1630784501643,30.243883075251354,0,3
002_20200714_083106(2),3,2917f59e2acd47dbad1c3fc8dc47c1a2dfd01bf5a1e3b06a66d5eafcaf6915a4,True,2,1,4. X-ray 검사장비 AI 데이터셋/dataset/test1/yolov3/X선이물검출기(06.23_09.22)/1호기(2020.09.22)/SN77128_20200714_NgImage/002_20200714_083106(2).bmp,352,332,P,8a24e9731faa733b5c4ec0e230171f8ad789990a7a225cad54a8590aedc7f1af,384,0.0032858707557502738,384,384,3,6a5a95a56a4a6ad8,002,20200714,083106,194.0820954271632,30.59547501274341,0,3
002_20200714_083110(8),3,a8c4f726c681a2e9dd8e49711d2b858a1232ad5785f5897cec904dbc632f5386,True,2,1,4. X-ray 검사장비 AI 데이터셋/dataset/test1/yolov3/X선이물검출기(06.23_09.22)/1호기(2020.09.22)/SN77128_20200714_NgImage/002_20200714_083110(8).bmp,352,332,P,59c62e7a2717c38fa763ffd9925b9b1531dc6f5fc08715df9cbd75023253b533,384,0.0032858707557502738,384,384,3,6ad895246b4a6ada,002,20200714,083110,194.16052847754656,30.40998498063529,0,3
002_20200714_083115(1),3,ae66ed2bd8ed41b4cef8cf5804ee1c206ebf2d0bd4b17fbc9eb852cd00bf2c5d,True,2,1,4. X-ray 검사장비 AI 데이터셋/dataset/test1/yolov3/X선이물검출기(06.23_09.22)/1호기(2020.09.22)/SN77128_20200714_NgImage/002_20200714_083115(1).bmp,352,332,P,4fd244467c9d153b910e0668daedbe7f5135726e56611d1e34851edabda4e23a,392,0.003354326396495071,392,392,3,629995626ab69c95,002,20200714,083115,194.3182074890471,30.061928912017937,0,3
002_20200714_123109(8),3,4fbaddcaccdfe7f283ebfff460ab6563685a2e2dc64742a83e42860ea8d27f1f,True,2,1,4. X-ray 검사장비 AI 데이터셋/dataset/test1/yolov3/X선이물검출기(06.23_09.22)/1호기(2020.09.22)/SN77128_20200714_NgImage/002_20200714_123109(8).bmp,352,332,P,17ef8b609818037d6d6d5cbfae3852a86a1d2cf6b82c24ed0959d6963c9d6bac,392,0.003354326396495071,392,392,3,6a9995664aaa5a95,002,20200714,123109,194.38288095564076,29.65526980097198,0,3
002_20200714_123113(1),3,c0468ce6abb04193724dbad279a672c9431943d0525b8174d6d2d63ea95fbdc7,True,2,1,4. X-ray 검사장비 AI 데이터셋/dataset/test1/yolov3/X선이물검출기(06.23_09.22)/1호기(2020.09.22)/SN77128_20200714_NgImage/002_20200714_123113(1).bmp,352,332,P,4d2544f00e15593077be68f1958ad8d3c468d9d8c4699a0b03b3fb09c52f4ad7,392,0.003354326396495071,392,392,3,6a6e95915351956a,002,20200714,123113,194.33062363088717,29.631001155864062,0,3
002_20200714_123117(3),3,2aa9a1e2a8dadb6a724d5691f2eda2662b573b7997f1a4d435c893a292c556d5,True,2,1,4. X-ray 검사장비 AI 데이터셋/dataset/test1/yolov3/X선이물검출기(06.23_09.22)/1호기(2020.09.22)/SN77128_20200714_NgImage/002_20200714_123117(3).bmp,352,332,P,4bec10e20d3797bcf377ff3abd07b8ab26884ca6aa69e514de489fd1f7622467,384,0.0032858707557502738,384,384,3,6e95916266ac6a95,002,20200714,123117,194.38473781489594,29.56074917970967,0,3
002_20200714_123120(4),3,18b3c9d09debfee744bc84b22ee2afbc8c12f715c019989a1b33886bcdc0620b,True,2,1,4. X-ray 검사장비 AI 데이터셋/dataset/test1/yolov3/X선이물검출기(06.23_09.22)/1호기(2020.09.22)/SN77128_20200714_NgImage/002_20200714_123120(4).bmp,352,332,P,bee2cc85e6f31977b09a3ba82c492133d005ed10032fb88fe54e65f6275319fd,392,0.003354326396495071,392,392,3,6e9891256e2a6ad9,002,20200714,123120,194.31365518893756,29.705939173189353,0,3
002_20200714_123123(5),3,1c944048ee6fc7556a32f6c9227b8f7abadcac1628cb64cd8b0a56a48dfb89fd,True,2,1,4. X-ray 검사장비 AI 데이터셋/dataset/test1/yolov3/X선이물검출기(06.23_09.22)/1호기(2020.09.22)/SN77128_20200714_NgImage/002_20200714_123123(5).bmp,352,332,P,bd4a960d5cf4698a9e98c9ee6fead07edc18dc06172c5e7e0615c67e749004e1,384,0.0032858707557502738,384,384,3,6a95956a66a6309d,002,20200714,123123,194.39636671686748,29.494688248374565,0,3
002_20200714_123126(4),3,344f1201e23bdc02d4d9a783a22178dc52815e9858198fe8eeb5df3ce316c9d7,True,2,1,4. X-ray 검사장비 AI 데이터셋/dataset/test1/yolov3/X선이물검출기(06.23_09.22)/1호기(2020.09.22)/SN77128_20200714_NgImage/002_20200714_123126(4).bmp,352,332,P,c50af6c1177483ec337194a6e36c630dfcf7c241d7672d71939e380fe70a5a1a,392,0.003354326396495071,392,392,3,6a9995626aa66a99,002,20200714,123126,194.34841354052574,29.6403079609434,0,3
002_20200714_163046(2),3,409d1f9fe3286b6357ead34cf4be8e52b8bf979b628bdcd12c75edad515dcdeb,True,2,1,4. X-ray 검사장비 AI 데이터셋/dataset/test1/yolov3/X선이물검출기(06.23_09.22)/1호기(2020.09.22)/SN77128_20200714_NgImage/002_20200714_163046(2).bmp,352,332,P,7de1c000e76cb86480604b55840e3520dc3a9142fe7414c6c2bd3448e751c82d,400,0.0034227820372398684,400,400,3,62379d9a6a5462a3,002,20200714,163046,194.28491237677986,29.533360159560875,0,3
002_20200714_163049(8),3,1d808d628d6b79b2b7315e94c5cbcd0fe5dd16ae0532b8f6fb1aeae49bf44d7a,True,2,1,4. X-ray 검사장비 AI 데이터셋/dataset/test1/yolov3/X선이물검출기(06.23_09.22)/1호기(2020.09.22)/SN77128_20200714_NgImage/002_20200714_163049(8).bmp,352,332,P,d9aa2523b9de32f562e14ea35d596511dd73725eb93c3e0a3bc3f93164636f7f,384,0.0032858707557502738,384,384,3,624a9db56273664a,002,20200714,163049,194.18933118838993,29.84335227124192,0,3
002_20200714_163053(5),3,781cca16136e747bfc0a0e064928aae4c0c11d5598da16aed8378bd6acea8b30,True,2,1,4. X-ray 검사장비 AI 데이터셋/dataset/test1/yolov3/X선이물검출기(06.23_09.22)/1호기(2020.09.22)/SN77128_20200714_NgImage/002_20200714_163053(5).bmp,352,332,P,d5b8332910171d7f93041b195c339fcc9f7cfe0220c31e622c3a0d2345870dca,384,0.0032858707557502738,384,384,3,6a4a95a5635a6ec8,002,20200714,163053,194.13433563800658,30.18581472033044,0,3
002_20200714_163056(8),3,a29d6cf39498c368ecb99e1fb98356c6714948132fe8269df7529830e662ddf3,True,2,1,4. X-ray 검사장비 AI 데이터셋/dataset/test1/yolov3/X선이물검출기(06.23_09.22)/1호기(2020.09.22)/SN77128_20200714_NgImage/002_20200714_163056(8).bmp,352,332,P,5cf2479d61314e85892c9a86e4dfbca456ff025acff42053d3596768dcbe1d50,384,0.0032858707557502738,384,384,3,62999d666ab26299,002,20200714,163056,194.10164806955092,30.37059563388267,0,3
002_20200714_163100(2),3,28a6e68dea3917e732cdf96d9fbdb31c714b9617f29e5a982fada035715c3a13,True,2,1,4. X-ray 검사장비 AI 데이터셋/dataset/test1/yolov3/X선이물검출기(06.23_09.22)/1호기(2020.09.22)/SN77128_20200714_NgImage/002_20200714_163100(2).bmp,352,332,P,353aeb8db2dbecc43db983d39df5d8f824d60327ecce07d4021afdabf578a353,384,0.0032858707557502738,384,384,3,629995676a926ad8,002,20200714,163100,194.11082112541072,30.256053723650684,0,3
002_20200714_163103(5),3,8f5fe50f7ba869bb7310575956a8c34da392c1829b162979dd3277fe39709bdb,True,2,1,4. X-ray 검사장비 AI 데이터셋/dataset/test1/yolov3/X선이물검출기(06.23_09.22)/1호기(2020.09.22)/SN77128_20200714_NgImage/002_20200714_163103(5).bmp,352,332,P,90e95a841b284ee76b3a952bad208fc04f2aff9c43078dbfd8d9e3ec136af53f,384,0.0032858707557502738,384,384,3,62589db76a7262c8,002,20200714,163103,194.0874435240964,30.250551517548484,0,3
002_20200714_225756(0),3,22893d66f4f68b3f9a7e49cd3002c7dd12d99535c606be99168672e89b9cdd57,True,2,1,4. X-ray 검사장비 AI 데이터셋/dataset/test1/yolov3/X선이물검출기(06.23_09.22)/1호기(2020.09.22)/SN77128_20200714_NgImage/002_20200714_225756(0).bmp,352,332,P,602c5d1e5d2a6a0bddb19b6ee1888d4d4e3b9f8469265780fc97a7d16351d685,384,0.0032858707557502738,384,384,3,6a4a95b563426eca,002,20200714,225756,194.33450848849947,29.6661870654474,0,3
002_20200714_225759(8),3,33bc5e52b56475cb49c369b67bb7d4715375cfbf28ff17591e942e432a079e67,True,2,1,4. X-ray 검사장비 AI 데이터셋/dataset/test1/yolov3/X선이물검출기(06.23_09.22)/1호기(2020.09.22)/SN77128_20200714_NgImage/002_20200714_225759(8).bmp,352,332,P,20cc81f991024b68e924c4b11415f73e8c53433969a9d279957a28040415d432,392,0.003354326396495071,392,392,3,6e999166666a6299,002,20200714,225759,194.40756777108433,29.519177523913417,0,3
002_20200714_225803(3),3,4dd425914469d7e9d6476fbd28c907b720498624662294eb9659a9ff4a87ed0f,True,2,1,4. X-ray 검사장비 AI 데이터셋/dataset/test1/yolov3/X선이물검출기(06.23_09.22)/1호기(2020.09.22)/SN77128_20200714_NgImage/002_20200714_225803(3).bmp,352,332,P,adc809f744b6e955cd57685af4156ca040ea69b89b82f4d5913d7c3b459aca3e,392,0.003354326396495071,392,392,3,6295956a6aac6695,002,20200714,225803,194.41999246987953,29.50796819447231,0,3
002_20200714_225807(3),3,ef23d5ffcb64c893be6d031800216b6a86f81d12da16017695555dc5f48e281e,True,2,1,4. X-ray 검사장비 AI 데이터셋/dataset/test1/yolov3/X선이물검출기(06.23_09.22)/1호기(2020.09.22)/SN77128_20200714_NgImage/002_20200714_225807(3).bmp,352,332,P,abebbd457d6b22de5a55e6267f49a7f1162dd40081c64c89e8cdb0f23efeb7be,384,0.0032858707557502738,384,384,3,625a9da562536ad8,002,20200714,225807,194.12667716319825,30.050881953027808,0,3
002_20200714_225810(5),3,c6a1b9f1f969ae542460a02248a37be52ba7abe0bd029aa2fcf5f8c530e01dcf,True,2,1,4. X-ray 검사장비 AI 데이터셋/dataset/test1/yolov3/X선이물검출기(06.23_09.22)/1호기(2020.09.22)/SN77128_20200714_NgImage/002_20200714_225810(5).bmp,352,332,P,b88bdea94f00375aadba52c46f6cb96309f5985803b24d7ec568b6c6fb91d83f,384,0.0032858707557502738,384,384,3,6a959d4a66a56295,002,20200714,225810,194.20761740142387,29.70542406955479,0,3
002_20200714_225817(4),3,13a494ffb86705453c013f6b8ebf97ebd4596f1592bd44b11220ef987dce4a74,True,2,1,4. X-ray 검사장비 AI 데이터셋/dataset/test1/yolov3/X선이물검출기(06.23_09.22)/1호기(2020.09.22)/SN77128_20200714_NgImage/002_20200714_225817(4).bmp,352,332,P,9fccb50c615ea3a47cd0f7e1e9e5a457ce608a45e0f6ca61307a3b8146ffbdfc,384,0.0032858707557502738,384,384,3,6a62959d5a4e4c66,002,20200714,225817,194.17343236582695,29.82415303057313,0,3
002_20200715_002443(4),3,1cdf16ac59373d165cbc6a31ff756e0c5f719c6341d0bdc3bca049cbc9241145,True,2,1,4. X-ray 검사장비 AI 데이터셋/dataset/test1/yolov3/X선이물검출기(06.23_09.22)/1호기(2020.09.22)/SN77128_20200715_NgImage/002_20200715_002443(4).bmp,352,332,P,32ceb24b4308a1e420790aab9db130e07fa8bb19f029c437fcd96fd2a522c10b,384,0.0032858707557502738,384,384,3,6a4a95b5624a6ada,002,20200715,002443,194.40504346933187,29.52967021052719,0,3
002_20200715_002447(9),3,6606fd6371a03bc782b3e472aac23750b19c4acbd02484a4b112c8950c49b983,True,2,1,4. X-ray 검사장비 AI 데이터셋/dataset/test1/yolov3/X선이물검출기(06.23_09.22)/1호기(2020.09.22)/SN77128_20200715_NgImage/002_20200715_002447(9).bmp,352,332,P,eec8d23ca555fcb39a60787d1ca8c24f8f8fff4c976c311399fbf4605c01a7bd,392,0.003354326396495071,392,392,3,6e4a99b5664a6a4a,002,20200715,002447,194.36796618291348,29.74738199127968,0,3
002_20200715_002456(9),3,4d74bb1c09a08ebcf3470dea489abe9d26bbe68c736321cc37ebb873f73e9c32,True,2,1,4. X-ray 검사장비 AI 데이터셋/dataset/test1/yolov3/X선이물검출기(06.23_09.22)/1호기(2020.09.22)/SN77128_20200715_NgImage/002_20200715_002456(9).bmp,352,332,P,dc043c15edd806965560164e082d9357756d5f54f4423022d41d170067e0f528,392,0.003354326396495071,392,392,3,6a4a95b56a6e624a,002,20200715,002456,194.39442428806134,29.728908676238202,0,3
002_20200715_002509(0),3,f2dad930511fd3f2f1be10a2fa73bb2559a1923b4baf8fe01883c4514d908b68,True,2,1,4. X-ray 검사장비 AI 데이터셋/dataset/test1/yolov3/X선이물검출기(06.23_09.22)/1호기(2020.09.22)/SN77128_20200715_NgImage/002_20200715_002509(0).bmp,352,332,P,ceeccaf37f13be7b45c4fc546f6c0964896ad7e21a48a90187addfa4624b8b44,384,0.0032858707557502738,384,384,3,6a4a95b56a69664a,002,20200715,002509,194.3216644989047,29.390458067999866,0,3
002_20200715_002513(4),3,6a5651c44acb1c1acc626606c108c0efbc92595a64d4532f17be2169a84fe014,True,2,1,4. X-ray 검사장비 AI 데이터셋/dataset/test1/yolov3/X선이물검출기(06.23_09.22)/1호기(2020.09.22)/SN77128_20200715_NgImage/002_20200715_002513(4).bmp,352,332,P,f885700cd853b97f541709efadba4f5458ee5a6ec5ccabb9eb1f1bba66f47166,392,0.003354326396495071,392,392,3,6a5a95a56a6266d8,002,20200715,002513,194.31775397042716,29.45026254249231,0,3
002_20200831_163149(1),1,4664d9eac02a873871e91c14ab4adceb49efc9bb92cb7019460320cbf6b9bc92,True,2,1,4. X-ray 검사장비 AI 데이터셋/dataset/test1/yolov3/X선이물검출기(06.23_09.22)/2호기(2020.09.22)/SN77127_20200831_NgImage/002_20200831_163149(1).bmp,316,332,P,f5537badef7ade13b34e831d2de49c268c9e453f4dcd038c62c4e8305994ef3b,128,0.001220070154033857,128,128,1,62629d9d68649c6b,002,20200831,163149,183.18606069849017,43.713181210267784,0,1
002_20200831_163150(6),1,d1990668cc29dc96f97ab4a35643883e67312599f203b3c6c918ab65f9e91572,True,2,1,4. X-ray 검사장비 AI 데이터셋/dataset/test1/yolov3/X선이물검출기(06.23_09.22)/2호기(2020.09.22)/SN77127_20200831_NgImage/002_20200831_163150(6).bmp,316,332,P,a18765b17022469df59de721c81b3c455ffabdf9fc495c11e67b13239184fcee,136,0.001296324538660973,136,136,1,636a9c956369634a,002,20200831,163150,183.96732499618727,44.10477507182305,0,1
002_20200831_203101(4),1,a0649a5ac280ff4a44a9e287a0434e5c1fc9890ed4d6669b188666dbe4f7572d,True,2,1,4. X-ray 검사장비 AI 데이터셋/dataset/test1/yolov3/X선이물검출기(06.23_09.22)/2호기(2020.09.22)/SN77127_20200831_NgImage/002_20200831_203101(4).bmp,316,332,P,54c6ef9242815db2c91aca4a5eb410364769460a5da1d99a4691c10521557e93,128,0.001220070154033857,128,128,1,629c9d33636a629c,002,20200831,203101,184.68578427634588,43.570240507129945,0,1
002_20200831_203105(9),1,8168a8b4b1ac6858b4b1798289988fcc968d1cd5720515cb6ef43ee3a34bc740,True,2,1,4. X-ray 검사장비 AI 데이터셋/dataset/test1/yolov3/X선이물검출기(06.23_09.22)/2호기(2020.09.22)/SN77127_20200831_NgImage/002_20200831_203105(9).bmp,316,332,P,ff29b4343b8e78b84a80738d0e9f716d0de778404da7492d79171210fffef3b5,128,0.001220070154033857,128,128,1,63c89cb46269639e,002,20200831,203105,184.54894578313252,43.45929778244215,0,1
002_20200901_003133(6),1,e54d5f6d94310187a0ced1e08e06407d70b820ce6647f51097cdbc690acead00,True,2,1,4. X-ray 검사장비 AI 데이터셋/dataset/test1/yolov3/X선이물검출기(06.23_09.22)/2호기(2020.09.22)/SN77127_20200901_NgImage/002_20200901_003133(6).bmp,316,332,P,cd631f99f441c4c31f1d10aa3a1a67bbf8f39a62baa7e6d318f65586e18fcd50,128,0.001220070154033857,128,128,1,63da9c2563486a9e,002,20200901,003133,185.08823585481164,43.51725879412202,0,1
002_20200901_003136(6),1,d8599dcf2f8b89afca79b8ce08b258c78516037e4a8c17f5f71dee52d19b87a3,True,2,1,4. X-ray 검사장비 AI 데이터셋/dataset/test1/yolov3/X선이물검출기(06.23_09.22)/2호기(2020.09.22)/SN77127_20200901_NgImage/002_20200901_003136(6).bmp,316,332,P,1a25d26ff1cff7018a6dcbed805940ce12183286d2e2d4e37eea25df131e8811,144,0.0013725789232880892,144,144,1,6bc2949d6a626396,002,20200901,003136,185.02750876925424,43.54420865140717,0,1
002_20200901_003139(6),1,37b58f13732a61a62a7b6a9e411edb9cce07a1a675f646d704d9bf8cce8587a1,True,2,1,4. X-ray 검사장비 AI 데이터셋/dataset/test1/yolov3/X선이물검출기(06.23_09.22)/2호기(2020.09.22)/SN77127_20200901_NgImage/002_20200901_003139(6).bmp,316,332,P,ae72c8b7b373746a52808796b9bbaed779ba14f3f23c93d09e5640270f94a664,136,0.001296324538660973,136,136,1,636a9c956273634a,002,20200901,003139,184.9267385999695,43.589157914215576,0,1
002_20200901_003142(6),1,565e282077ba86f1f17d2a293c49249bed14d571352d5ef8d9cb228465556204,True,2,1,4. X-ray 검사장비 AI 데이터셋/dataset/test1/yolov3/X선이물검출기(06.23_09.22)/2호기(2020.09.22)/SN77127_20200901_NgImage/002_20200901_003142(6).bmp,316,332,P,bfbdccdf96a60d7ca1a76aa66c881c66959ce6f1a3e14880505e14f0b9bd328e,128,0.001220070154033857,128,128,1,629c9d636363629c,002,20200901,003142,185.0268510751868,43.425503533989165,0,1
002_20200901_003148(6),1,0145b507cc76f28ea4fa18a0a9f826015b0ff64de210c15ec534317cfa1c0a8f,True,2,1,4. X-ray 검사장비 AI 데이터셋/dataset/test1/yolov3/X선이물검출기(06.23_09.22)/2호기(2020.09.22)/SN77127_20200901_NgImage/002_20200901_003148(6).bmp,316,332,P,0f7a0b02678bf8a8b42aa6b5f708bec4d730c229fb2d9b08ff734e8fb4f7bd18,136,0.001296324538660973,136,136,1,62d69da86365629a,002,20200901,003148,184.97385427787097,43.541436057844656,0,1
002_20200901_043133(6),1,bb365bbd2d3b280cd94440adadc3b71a95dbb34d37f2ee65af6b5ea965153f57,True,1,1,4. X-ray 검사장비 AI 데이터셋/dataset/test1/yolov3/X선이물검출기(06.23_09.22)/2호기(2020.09.22)/SN77127_20200901_NgImage/002_20200901_043133(6).bmp,316,332,P,db75d71426cc9de99dbe72aebe076b4fc16fd0f211de14c3a94080bad4b72962,136,0.001296324538660973,136,136,1,63969c696a526395,002,20200901,043133,185.32046858319353,43.28134192609248,0,1
002_20200901_043136(6),1,e99afea38492c30773f7e0f7e3026ca2b1521572c39a40b910ec7c66e66f30af,True,1,1,4. X-ray 검사장비 AI 데이터셋/dataset/test1/yolov3/X선이물검출기(06.23_09.22)/2호기(2020.09.22)/SN77127_20200901_NgImage/002_20200901_043136(6).bmp,316,332,P,9b34966f127bcff5dcf0382e6ce16f64b28f502d8f112d7994345ea5b4dfce3c,128,0.001220070154033857,128,128,1,636a9c956371634a,002,20200901,043136,185.16793121854508,43.50611913602523,0,1
002_20200901_043139(6),1,9428cba29456f58daaa8a73e06c2e2e26db361658e0a80335a4733c490b62962,True,1,1,4. X-ray 검사장비 AI 데이터셋/dataset/test1/yolov3/X선이물검출기(06.23_09.22)/2호기(2020.09.22)/SN77127_20200901_NgImage/002_20200901_043139(6).bmp,316,332,P,48733ab50f7ddc07d73d5d1b8ac0bee0883492312a9f79cad3773a0a9e4d0b4c,128,0.001220070154033857,128,128,1,63c69c9863636396,002,20200901,043139,185.25174431904836,43.30832714016593,0,1
002_20200901_043142(6),1,54d5784e3bef41762757d680b7d322c2a9a210bb0a7fb8ab3cf75e6783c01af0,True,1,1,4. X-ray 검사장비 AI 데이터셋/dataset/test1/yolov3/X선이물검출기(06.23_09.22)/2호기(2020.09.22)/SN77127_20200901_NgImage/002_20200901_043142(6).bmp,316,332,P,35e7d07f484eefdb54c53e17e4ed24e31d22813753f01b0655a6d904621c2d52,128,0.001220070154033857,128,128,1,63b594c86a666395,002,20200901,043142,185.26985473539727,43.29850080300301,0,1
002_20200901_043145(5),1,9339e01b4f599d0e9a4d1e1a11f469dd339ca4bef0f12908bb2f87617b34cc76,True,1,1,4. X-ray 검사장비 AI 데이터셋/dataset/test1/yolov3/X선이물검출기(06.23_09.22)/2호기(2020.09.22)/SN77127_20200901_NgImage/002_20200901_043145(5).bmp,316,332,P,d13408439c57bfd21877c624f3463fd03f94fc5ae5c8f6c1b960f26be4344281,128,0.001220070154033857,128,128,1,6bb594886a636395,002,20200901,043145,185.21924088760105,43.34265904961482,0,1
002_20200901_043148(6),1,a86ae1db26529310b56e74e888dc50ebad654b51c04def668318db7887849d20,True,1,1,4. X-ray 검사장비 AI 데이터셋/dataset/test1/yolov3/X선이물검출기(06.23_09.22)/2호기(2020.09.22)/SN77127_20200901_NgImage/002_20200901_043148(6).bmp,316,332,P,e4a9754157be942044804550323c16970314ccdbefef253cd461c97c2f7734ba,128,0.001220070154033857,128,128,1,6b73948c6a636331,002,20200901,043148,185.06936289461643,43.546289856714104,0,1
002_20200901_083204(5),1,1fa68ddb6b02bd8f2514b877779d425a6471527644e6b303afed1453e1e738d0,True,1,1,4. X-ray 검사장비 AI 데이터셋/dataset/test1/yolov3/X선이물검출기(06.23_09.22)/2호기(2020.09.22)/SN77127_20200901_NgImage/002_20200901_083204(5).bmp,316,332,P,821c90dbca20fdc0855859eefc24ec7c782410cb9f55a20a88f89bc4f92bfd2b,144,0.0013725789232880892,144,144,1,6b3595c86a4663b1,002,20200901,083204,185.19130318743328,42.66715490671367,0,1
002_20200901_083452(2),1,a3ed5b529e2e717d5ba9285cece5d2b3cccb7b710c2b37f47d7b8e5dcfdf7489,True,1,1,4. X-ray 검사장비 AI 데이터셋/dataset/test1/yolov3/X선이물검출기(06.23_09.22)/2호기(2020.09.22)/SN77127_20200901_NgImage/002_20200901_083452(2).bmp,316,332,P,81af8e7ab71ab89ac08462a0a43cf1cffa505000db9c733dc71d2d5a778120b0,144,0.0013725789232880892,144,144,1,63949c6a6a876395,002,20200901,083452,185.63925956992526,42.834123077670625,0,1
002_20200901_083456(7),1,475abdbcf75855d6ea1723e3bf0324742b40b8cfd1e5e8c75cd807f4875678b4,True,1,1,4. X-ray 검사장비 AI 데이터셋/dataset/test1/yolov3/X선이물검출기(06.23_09.22)/2호기(2020.09.22)/SN77127_20200901_NgImage/002_20200901_083456(7).bmp,316,332,P,5d9bf5bbe6bd50281b2ae618793e37446a87489e007b68e9e4c54d25c4aa28d0,128,0.001220070154033857,128,128,1,6b95944872e72395,002,20200901,083456,185.55198642671954,43.00886969416305,0,1
002_20200901_083501(2),1,f870bd667101ddb68ea2975faaa23a7855366f83b4a74a675a3ed5decb7ef4ea,True,1,1,4. X-ray 검사장비 AI 데이터셋/dataset/test1/yolov3/X선이물검출기(06.23_09.22)/2호기(2020.09.22)/SN77127_20200901_NgImage/002_20200901_083501(2).bmp,316,332,P,2e344f72fc8eea230411a0d862266953d2d63976292b3aaf4149357617cbc139,136,0.001296324538660973,136,136,1,63b59c4870a727b1,002,20200901,083501,185.4906016470947,43.16557537361385,0,1
002_20200901_083505(8),1,47e8fcda7c5283c2f20edb688527f9e78c99bd96f3d6ffbf1164481f9d8d25cc,True,1,1,4. X-ray 검사장비 AI 데이터셋/dataset/test1/yolov3/X선이물검출기(06.23_09.22)/2호기(2020.09.22)/SN77127_20200901_NgImage/002_20200901_083505(8).bmp,316,332,P,0a7989ca5d2a6f469128b11c3578739dca145b6b6368a1c9786db5db402d4743,184,0.0017538508464236694,184,184,1,6b95956a70a73390,002,20200901,083505,185.51004651517462,42.249175678786386,0,1
002_20200901_083510(2),1,f19019a7ff49cd4c99ebfc55b56ad10d8d3e31f02b9cf077e84bc8fac4948046,True,1,1,4. X-ray 검사장비 AI 데이터셋/dataset/test1/yolov3/X선이물검출기(06.23_09.22)/2호기(2020.09.22)/SN77127_20200901_NgImage/002_20200901_083510(2).bmp,316,332,P,955a037409a4c1051c3e0f457d8d6b56eaf690541e4426e8d958301348d8ee8e,128,0.001220070154033857,128,128,1,6a72958d6a6263b1,002,20200901,083510,185.22101380204361,42.76405518005925,0,1
002_20200901_083514(7),1,80157a4a34843956319e0d2c36dcdfdbb350a6cc77468117f4ab4440b318334e,True,1,1,4. X-ray 검사장비 AI 데이터셋/dataset/test1/yolov3/X선이물검출기(06.23_09.22)/2호기(2020.09.22)/SN77127_20200901_NgImage/002_20200901_083514(7).bmp,316,332,P,8c294f389266fd1593f5b5773faee7a8c8626a46d9ed02cf8b73c836554bd111,128,0.001220070154033857,128,128,1,6ab5954a606663b5,002,20200901,083514,185.30726704285496,42.551940887394764,0,1
002_20200901_123049(7),1,042b8a3e362633069bccb2808a2ce45586d504654c57f9cafb816699049c2dbb,True,1,1,4. X-ray 검사장비 AI 데이터셋/dataset/test1/yolov3/X선이물검출기(06.23_09.22)/2호기(2020.09.22)/SN77127_20200901_NgImage/002_20200901_123049(7).bmp,316,332,P,19ca24925afdaaa9204a59e98f50eea6c4c3e4689143e815b13bbfafd123c58b,136,0.001296324538660973,136,136,1,62489db7636962ca,002,20200901,123049,185.45481927710844,43.71996298279012,0,1
002_20200901_123052(7),1,6eecbf7d3de7151f124728ca1cd5c3e3efbe99eb0c1ddda882280ea7187180c4,True,1,1,4. X-ray 검사장비 AI 데이터셋/dataset/test1/yolov3/X선이물검출기(06.23_09.22)/2호기(2020.09.22)/SN77127_20200901_NgImage/002_20200901_123052(7).bmp,316,332,P,2d7a7bfcac01fb6ebea65d64715b1f8beb52f62041f5e738a8f06a8397321b7d,128,0.001220070154033857,128,128,1,63b794486a666395,002,20200901,123052,185.45101608967516,43.39873027033588,0,1
002_20200901_123100(3),1,366d2755d1effad6c4b51148ce01e3b67eec9e70fcea85c1d3a9d88551a96577,True,1,1,4. X-ray 검사장비 AI 데이터셋/dataset/test1/yolov3/X선이물검출기(06.23_09.22)/2호기(2020.09.22)/SN77127_20200901_NgImage/002_20200901_123100(3).bmp,316,332,P,fb74c763fc9ef8177b848914385527c39de47cd643bee1048ad5dc8280ea5198,184,0.0017538508464236694,184,184,1,62959c6a63666395,002,20200901,123100,185.60362017691017,42.290296853483774,0,1
002_20200901_123104(8),1,bea5bac3fa11f5a6fb4829037e05fce671e06b94d498cbb5e545446547960c51,True,1,1,4. X-ray 검사장비 AI 데이터셋/dataset/test1/yolov3/X선이물검출기(06.23_09.22)/2호기(2020.09.22)/SN77127_20200901_NgImage/002_20200901_123104(8).bmp,316,332,P,829d191e050e52c2a79a9cb3816c3d711b810ca48a3cec024c64c8f7d6c6b96a,192,0.0018301052310507853,192,192,1,6a3595c86a6663b1,002,20200901,123104,185.32283246911697,42.70032909210821,0,1
002_20200901_123109(2),1,c59f11a7e39aa1aa94cbe6a644600c3193280f6239f8b96cb0e0aa21d1a41634,True,1,1,4. X-ray 검사장비 AI 데이터셋/dataset/test1/yolov3/X선이물검출기(06.23_09.22)/2호기(2020.09.22)/SN77127_20200901_NgImage/002_20200901_123109(2).bmp,316,332,P,29de1962dc130b2367515c763785d4339781aa1956961b2cf8e6c810d07e351a,192,0.0018301052310507853,192,192,1,62b59c4a626663b5,002,20200901,123109,185.48840933353668,42.44194398215275,0,1
002_20200901_191340(2),1,aedc05c1cb47cbef4f083c96be5345a81c08323046d12c1835bf7e627cde9328,True,1,1,4. X-ray 검사장비 AI 데이터셋/dataset/test1/yolov3/X선이물검출기(06.23_09.22)/2호기(2020.09.22)/SN77127_20200901_NgImage/002_20200901_191340(2).bmp,316,332,P,692be54a8dd94134b317b7a7856a7f152a4593cd0189a29e64ed22c2a72356d2,136,0.001296324538660973,136,136,1,6a72958d62626b33,002,20200901,191340,185.31366287936555,43.5251679833142,0,1
002_20200901_191343(2),1,6b91721ff39950e3a59757aeea357e8e559b53e2f3530b33abee02b829642354,True,1,1,4. X-ray 검사장비 AI 데이터셋/dataset/test1/yolov3/X선이물검출기(06.23_09.22)/2호기(2020.09.22)/SN77127_20200901_NgImage/002_20200901_191343(2).bmp,316,332,P,a7c8134a1ac1a2704f057b1a1287266221b3d47f70c168bd983c848e07319a0e,136,0.001296324538660973,136,136,1,6ab59d4a606623b5,002,20200901,191343,185.59917835900563,42.529024848491204,0,1
002_20200901_191346(1),1,6cdc585f2d00707402d27b8670209127ec30138a7c2631b6d5545240bf954270,True,1,1,4. X-ray 검사장비 AI 데이터셋/dataset/test1/yolov3/X선이물검출기(06.23_09.22)/2호기(2020.09.22)/SN77127_20200901_NgImage/002_20200901_191346(1).bmp,316,332,P,898d8bc4a7b1fd0afbdc99ed0d543e37186d4c0e0db322e8b31a680dbbfd6710,128,0.001220070154033857,128,128,1,62949d6a6a63639c,002,20200901,191346,185.5622807686442,42.366889244655304,0,1
002_20200901_191348(8),1,5047e3f650516d37563b4e5b8016ec1d31834e59779f8fc964a5def00edd82c9,True,1,1,4. X-ray 검사장비 AI 데이터셋/dataset/test1/yolov3/X선이물검출기(06.23_09.22)/2호기(2020.09.22)/SN77127_20200901_NgImage/002_20200901_191348(8).bmp,316,332,P,6b41fa1f5d22ae78d8c34bea1382c669f5b07b31431513a2061d682c4492cc86,128,0.001220070154033857,128,128,1,636a9c956369634a,002,20200901,191348,185.424489095623,43.48682196962739,0,1
002_20200901_191351(5),1,fb08eb9bf6737135612c67466e6d8fb3a848acf0fcdbee11042a1a226532d822,True,1,1,4. X-ray 검사장비 AI 데이터셋/dataset/test1/yolov3/X선이물검출기(06.23_09.22)/2호기(2020.09.22)/SN77127_20200901_NgImage/002_20200901_191351(5).bmp,316,332,P,b09798fdd99e881d08aa81b6ba60cd695e34b1d78669886d520d517d59405e7e,136,0.001296324538660973,136,136,1,6b94946a6a876b94,002,20200901,191351,186.0302539271008,42.33444753540894,0,1
002_20200904_230054(2),1,041ba47c49ae5d1ef28f869a763b432dcc90984cebb1b3af9248a96ba77f4167,True,2,1,4. X-ray 검사장비 AI 데이터셋/dataset/test1/yolov3/X선이물검출기(06.23_09.22)/2호기(2020.09.22)/SN77127_20200904_NgImage/002_20200904_230054(2).bmp,316,332,P,15635a45e9893d3ea2ad008d04b1327c4cf72401c3e25a24c5d95f6ab53b0777,136,0.001296324538660973,136,136,1,6bca94b562686b4a,002,20200904,230054,182.06090818972092,45.272205831298265,0,1
002_20200904_230057(6),1,5d798d7ca411afa28ddec5e04cd01c11d1aab38a379c2ba9c79cd7cae39b2ab7,True,2,1,4. X-ray 검사장비 AI 데이터셋/dataset/test1/yolov3/X선이물검출기(06.23_09.22)/2호기(2020.09.22)/SN77127_20200904_NgImage/002_20200904_230057(6).bmp,316,332,P,f319e3777d77c22744a9971aa0937ac671dfb2b36aebf0d8d7f744cf50ad4b85,128,0.001220070154033857,128,128,1,63959c6a625263b5,002,20200904,230057,182.5286716486198,44.77078841677711,0,1
002_20200904_230105(4),1,e9d22b474321bf31ab76264022596376abc258e6a7fbabc2c4814f92f7fb7cbd,True,2,1,4. X-ray 검사장비 AI 데이터셋/dataset/test1/yolov3/X선이물검출기(06.23_09.22)/2호기(2020.09.22)/SN77127_20200904_NgImage/002_20200904_230105(4).bmp,316,332,P,4984170411a28ba75bfabcee654398752f4fa829b68da51ef81c4a2ac38b1a14,128,0.001220070154033857,128,128,1,63ca9c956369634a,002,20200904,230105,182.07279434192466,45.21363290598046,0,1
002_20200905_003315(2),1,95ccc3be54b49290b5ddbd823b366baa80d7e0fbc56058300c71a383ab097c94,True,1,1,4. X-ray 검사장비 AI 데이터셋/dataset/test1/yolov3/X선이물검출기(06.23_09.22)/2호기(2020.09.22)/SN77127_20200905_NgImage/002_20200905_003315(2).bmp,316,332,P,58a080109de114269675a8d23331a9c2e6d56082ef2bcee22d8184d3221a7596,136,0.001296324538660973,136,136,1,62959d6a6392629d,002,20200905,003315,183.3689473082202,44.07132627423985,0,1
002_20200905_003319(2),1,beae57d4d154dbd9a40053458ecff32d8ace7b4690c112e18632ca073cd1754d,True,1,1,4. X-ray 검사장비 AI 데이터셋/dataset/test1/yolov3/X선이물검출기(06.23_09.22)/2호기(2020.09.22)/SN77127_20200905_NgImage/002_20200905_003319(2).bmp,316,332,P,7d480ceff298de520e79392527321665ba57e7cdd70b9f4fef7cebb86a555780,128,0.001220070154033857,128,128,1,639c9c63626b629c,002,20200905,003319,183.4611865182248,43.50655058576844,0,1
002_20200905_003323(3),1,3977c72d0c35817a2c19ac5e92e907dfb1b2da5affc86fb82d493008ca0d0d47,True,1,1,4. X-ray 검사장비 AI 데이터셋/dataset/test1/yolov3/X선이물검출기(06.23_09.22)/2호기(2020.09.22)/SN77127_20200905_NgImage/002_20200905_003323(3).bmp,316,332,P,511a245740798aff94ec2ac812d1dcf0d40ec2a1fc8677fb58c99bec79975c21,136,0.001296324538660973,136,136,1,639c9c63626b629c,002,20200905,003323,183.3351284886381,43.40780806918636,0,1
002_20200905_003327(3),1,0608c6a73944334d0a364170880e0dbcfe2334e34e097b05fc648dc40a6cab6f,True,1,1,4. X-ray 검사장비 AI 데이터셋/dataset/test1/yolov3/X선이물검출기(06.23_09.22)/2호기(2020.09.22)/SN77127_20200905_NgImage/002_20200905_003327(3).bmp,316,332,P,6e901078e2444871e218c0ef9069c153fbf59175fb35b1bcd073900c00dccc06,136,0.001296324538660973,136,136,1,639c9c63626b6394,002,20200905,003327,183.4562109196279,43.33291150640381,0,1
002_20200905_003331(2),1,5e52c55e99ffd0451722cdfac5772d7619ef88a609aec5a5713f951b15c3807e,True,1,1,4. X-ray 검사장비 AI 데이터셋/dataset/test1/yolov3/X선이물검출기(06.23_09.22)/2호기(2020.09.22)/SN77127_20200905_NgImage/002_20200905_003331(2).bmp,316,332,P,e2dee8511ab369b7c9ebe7e1e2fd9061bcb3a37aef2f0b8a181811026bc2748d,128,0.001220070154033857,128,128,1,629c9d636267629c,002,20200905,003331,183.37021503736466,43.630147588070095,0,1
002_20200905_003335(3),1,6d395eec16f512280b7ac54fa88b8478b24ab718353cb6691c4eefeb12c16349,True,1,1,4. X-ray 검사장비 AI 데이터셋/dataset/test1/yolov3/X선이물검출기(06.23_09.22)/2호기(2020.09.22)/SN77127_20200905_NgImage/002_20200905_003335(3).bmp,316,332,P,0c2218dca336ccf26a5e13e299c8da9728ddb449c64c94fa67b3136d41020b10,128,0.001220070154033857,128,128,1,629c9d6b6262629d,002,20200905,003335,183.45641108738752,43.44898336402568,0,1
002_20200905_043156(0),1,3bc3e33b1830a1c30cdc5dbfa1e16c0174a134fd01acf75cce49624ee96a0f44,True,1,1,4. X-ray 검사장비 AI 데이터셋/dataset/test1/yolov3/X선이물검출기(06.23_09.22)/2호기(2020.09.22)/SN77127_20200905_NgImage/002_20200905_043156(0).bmp,316,332,P,eaa9a6e20c35cccfad574b523e7c4f96d8471f246df1118be82db402fc846958,128,0.001220070154033857,128,128,1,629c9d636263639c,002,20200905,043156,183.31459699557723,42.60261228214691,0,1
002_20200905_043200(0),1,526a726f03e1fbc8474c345d2aafa8aa55e497f176bd8a2a7a5a093abbd9ad26,True,1,1,4. X-ray 검사장비 AI 데이터셋/dataset/test1/yolov3/X선이물검출기(06.23_09.22)/2호기(2020.09.22)/SN77127_20200905_NgImage/002_20200905_043200(0).bmp,316,332,P,a9041bea1f7299e24787a3e4da5d77d0769d4554d7f119bdf4986f44cfb541b2,128,0.001220070154033857,128,128,1,639d9c63622a629d,002,20200905,043200,183.47657084032332,42.57931716300672,0,1
002_20200905_043204(0),1,00ab27b0769f7e61333706c2e0cd0af5df3dac208ee80d6c0402335099e08a25,True,1,1,4. X-ray 검사장비 AI 데이터셋/dataset/test1/yolov3/X선이물검출기(06.23_09.22)/2호기(2020.09.22)/SN77127_20200905_NgImage/002_20200905_043204(0).bmp,316,332,P,0ea512380acaa918eaeb763317042f2284111955e46f9256cfa87ac9a128dfa6,136,0.001296324538660973,136,136,1,639c9d626263639c,002,20200905,043204,183.36733643434496,42.56295850652236,0,1
002_20200905_043208(0),1,f5c18fb01a5afb32709a464d783c8803a2f350c8ec65632b727b016ecd54545d,True,1,1,4. X-ray 검사장비 AI 데이터셋/dataset/test1/yolov3/X선이물검출기(06.23_09.22)/2호기(2020.09.22)/SN77127_20200905_NgImage/002_20200905_043208(0).bmp,316,332,P,b3de2d0967c3498d60e972fb9bfd41dcf2aa8a449dbb96022fe0118a6cf8121d,136,0.001296324538660973,136,136,1,6b9c94636a236b8c,002,20200905,043208,183.4673154643892,42.6205243118604,0,1
002_20200905_043212(1),1,8b205babb4d609873dcfe50aafce0df9de6e5674a0d7b2b1d2777f99579f0a2e,True,1,1,4. X-ray 검사장비 AI 데이터셋/dataset/test1/yolov3/X선이물검출기(06.23_09.22)/2호기(2020.09.22)/SN77127_20200905_NgImage/002_20200905_043212(1).bmp,316,332,P,9b3f9ec50b35a77a8d4d8a087fa43bb58e3824600f2966255e4a25eac36da8ee,136,0.001296324538660973,136,136,1,6b9c95636a23638c,002,20200905,043212,183.34282064968735,42.60855169207629,0,1
002_20200905_043216(0),1,9768b02ec91dcf0afc339bdceeacb7a3714ebbfe6bbfeddc7fee894682e59173,True,1,1,4. X-ray 검사장비 AI 데이터셋/dataset/test1/yolov3/X선이물검출기(06.23_09.22)/2호기(2020.09.22)/SN77127_20200905_NgImage/002_20200905_043216(0).bmp,316,332,P,076af91bd7f20e32041ebad585146949bbc3f9d28abd61453a96092672ac6239,144,0.0013725789232880892,144,144,1,639c9c626363639c,002,20200905,043216,183.49678778404757,42.56208346594216,0,1
002_20200905_083407(3),1,f5768297d23e03f943cf4504cea69dd8a8cee926c024fdb044d17e4e48fc674f,True,1,1,4. X-ray 검사장비 AI 데이터셋/dataset/test1/yolov3/X선이물검출기(06.23_09.22)/2호기(2020.09.22)/SN77127_20200905_NgImage/002_20200905_083407(3).bmp,316,332,P,1e1d40021ba0a0006aba5bca3d8af148dc3722d62df760a5e22f73ee901fc413,128,0.001220070154033857,128,128,1,6b73958c6a584a63,002,20200905,083407,182.81468278175996,43.798273990501926,0,1
002_20200905_083410(5),1,aaf86de29aec08031e553c982e3b74439048700867a356b06ca3e9c3fc64c66f,True,1,1,4. X-ray 검사장비 AI 데이터셋/dataset/test1/yolov3/X선이물검출기(06.23_09.22)/2호기(2020.09.22)/SN77127_20200905_NgImage/002_20200905_083410(5).bmp,316,332,P,f11bd27835fa22bba5b11fbaa666ac4b490fd46ba3fe1a8da68bd41f852e2d56,128,0.001220070154033857,128,128,1,62e3959c6a466333,002,20200905,083410,183.09886380966907,43.24242630506559,0,1
002_20200905_083413(6),1,542238330aa60a796e47d495fc9bc0ae4327cb5bbaf13f855cbc95b55dfb2f22,True,1,1,4. X-ray 검사장비 AI 데이터셋/dataset/test1/yolov3/X선이물검출기(06.23_09.22)/2호기(2020.09.22)/SN77127_20200905_NgImage/002_20200905_083413(6).bmp,316,332,P,a60bc4a57e884fcf682af1ad1d84ec4834d452e0f1e4a4996de5734ad188b8e8,128,0.001220070154033857,128,128,1,6a6a9d956268636a,002,20200905,083413,182.910505947842,43.407110712115795,0,1
002_20200905_083416(3),1,b82519e0ab5f400e008b3d1ab7a9ddcdf310a43c20dc944231195e2b301db693,True,1,1,4. X-ray 검사장비 AI 데이터셋/dataset/test1/yolov3/X선이물검출기(06.23_09.22)/2호기(2020.09.22)/SN77127_20200905_NgImage/002_20200905_083416(3).bmp,316,332,P,0421af4048292df5ac8977a68b7a0f4d08a26c9c2802c666c007e030c125ab1e,128,0.001220070154033857,128,128,1,63639c9c6a706d62,002,20200905,083416,182.7495234100961,44.19994719727592,0,1
002_20200905_083419(3),1,ada231b554de742ef4b736536abacba187589edc2f53c314f5ec959464d8653f,True,1,1,4. X-ray 검사장비 AI 데이터셋/dataset/test1/yolov3/X선이물검출기(06.23_09.22)/2호기(2020.09.22)/SN77127_20200905_NgImage/002_20200905_083419(3).bmp,316,332,P,22e702e0861a8261d6ccc3f4d7415ed805b0e2b22c162672f40ccf558698264a,136,0.001296324538660973,136,136,1,629c9d636aa7889c,002,20200905,083419,183.93848177520206,42.82497080156932,0,1
002_20200905_083422(4),1,c2e9ee87906f74ecc9e4be74ee135db308cb7f6a67c6da01d1a22e00abaa51f0,True,1,1,4. X-ray 검사장비 AI 데이터셋/dataset/test1/yolov3/X선이물검출기(06.23_09.22)/2호기(2020.09.22)/SN77127_20200905_NgImage/002_20200905_083422(4).bmp,316,332,P,e5422d3ebb4efb19e36c7083de8f8373f6b02b63fdf19a8de3330a9b00779e18,128,0.001220070154033857,128,128,1,63959c6a62666395,002,20200905,083422,183.6917321183468,43.17436006537525,0,1
002_20200905_123055(0),1,29fb7f153479a3b9ca51970a6e6c61b06191b5da7e891667748dbb08ad620dea,True,1,1,4. X-ray 검사장비 AI 데이터셋/dataset/test1/yolov3/X선이물검출기(06.23_09.22)/2호기(2020.09.22)/SN77127_20200905_NgImage/002_20200905_123055(0).bmp,316,332,P,5527ff9be9dc123f14aa337dc59d264bd2f8287c5f1eebb4ed1ecb661ada7653,136,0.001296324538660973,136,136,1,6363959c4a59cc6a,002,20200905,123055,182.90613085252403,43.61675569885988,0,1
002_20200905_123058(4),1,e7d2de31638d49f448926ad1f0e495c543ab854015d03bae07c17fed0ff3793f,True,1,1,4. X-ray 검사장비 AI 데이터셋/dataset/test1/yolov3/X선이물검출기(06.23_09.22)/2호기(2020.09.22)/SN77127_20200905_NgImage/002_20200905_123058(4).bmp,316,332,P,e809e55808e0d16fbc91f9f6991685ad9d7019b7ef18c7835efe24273466db6a,136,0.001296324538660973,136,136,1,6bca95b56828634e,002,20200905,123058,183.52719421991765,42.88859859829399,0,1
002_20200905_123102(0),1,be5d77ec2548148675a789b531b8741d742c11178b97c27577d86e21d59cfdaa,True,1,1,4. X-ray 검사장비 AI 데이터셋/dataset/test1/yolov3/X선이물검출기(06.23_09.22)/2호기(2020.09.22)/SN77127_20200905_NgImage/002_20200905_123102(0).bmp,316,332,P,c2bd22ed5d897b44386d79e2d6d0d86101c34b92498e0c2d7c2ab5b3ac057b92,128,0.001220070154033857,128,128,1,626a9d956a68636a,002,20200905,123102,183.4250610035077,43.104772989233425,0,1
002_20200905_123103(4),1,3e2fa7b7ad36adcbf82fe3f5a1e64a83c092bb516782e9778ffbca63db96195b,True,1,1,4. X-ray 검사장비 AI 데이터셋/dataset/test1/yolov3/X선이물검출기(06.23_09.22)/1호기(2020.09.22)/SN77128_20200905_NgImage/002_20200905_123103(4).bmp,316,332,P,f2e19009cc2e98e2abe9ffdc328aaccea60743bea31b35cfed2ec6a0fa717d3d,128,0.001220070154033857,128,128,1,6363959c6a506e63,002,20200905,123103,193.7034657617813,28.92268754275493,0,1
002_20200905_123105(0),1,4a1410e8b62ca401f8bdc97b97d3a36156e42d2f7e916059dfd852e3b069a634,True,1,1,4. X-ray 검사장비 AI 데이터셋/dataset/test1/yolov3/X선이물검출기(06.23_09.22)/2호기(2020.09.22)/SN77127_20200905_NgImage/002_20200905_123105(0).bmp,316,332,P,fb14acac011d268bbbcdb0c7de11fbf9f91ee92a1753b9b8cebe679e49e6d871,136,0.001296324538660973,136,136,1,6b8c94316a636b9c,002,20200905,123105,183.84431714198567,43.31082423284751,0,1
002_20200905_123107(5),1,f6b4ea67aac032457c68ae9682b32a694b9d41174772ecd98d2ffbd75b4ce4fb,True,1,1,4. X-ray 검사장비 AI 데이터셋/dataset/test1/yolov3/X선이물검출기(06.23_09.22)/1호기(2020.09.22)/SN77128_20200905_NgImage/002_20200905_123107(5).bmp,316,332,P,4dae6d0b76d055d35dabca4aae39c905a1714b31d22a69fa6a07a907c6ad0cee,136,0.001296324538660973,136,136,1,6b63949c6a636362,002,20200905,123107,193.64920123532104,29.00805334205506,0,1
002_20200905_123108(4),1,d5a1d252bc0fce44d1a23f74688e78252b59aca90329fae7b37f4ddf19cff386,True,1,1,4. X-ray 검사장비 AI 데이터셋/dataset/test1/yolov3/X선이물검출기(06.23_09.22)/2호기(2020.09.22)/SN77127_20200905_NgImage/002_20200905_123108(4).bmp,316,332,P,12560a7db2128374c4906e86b8771e2c1b0fd0a88d50c32cec0d0b04395efeee,128,0.001220070154033857,128,128,1,639c9c636266639c,002,20200905,123108,183.8085824309898,43.49790842696659,0,1
002_20200905_123111(6),1,6354b47f587db7fe60cc6a68ee92ded3b8dd19a4d7620488a68d488846402568,True,1,1,4. X-ray 검사장비 AI 데이터셋/dataset/test1/yolov3/X선이물검출기(06.23_09.22)/1호기(2020.09.22)/SN77128_20200905_NgImage/002_20200905_123111(6).bmp,316,332,P,8770b30fec60f53f75bef2e2f35a06f3de29036cf76ec991beeeae7a5ec79452,128,0.001220070154033857,128,128,1,62639d9c6a696662,002,20200905,123111,193.71884055208176,28.939070802180126,0,1
002_20200905_123112(0),1,02dad5a846e284f2c71734cf06221317958cd2117c59d54396d006e4dc6f36f5,True,1,1,4. X-ray 검사장비 AI 데이터셋/dataset/test1/yolov3/X선이물검출기(06.23_09.22)/2호기(2020.09.22)/SN77127_20200905_NgImage/002_20200905_123112(0).bmp,316,332,P,9c5a7c27778b05d06ebb2f848882890d5aa3da6263e1aa851d5703641f16bb83,128,0.001220070154033857,128,128,1,63ca9cb5626863ca,002,20200905,123112,183.67214427329571,43.65702577326266,0,1
002_20200905_163920(4),1,ff13e08984de47c5c57b8eadf5c960b0082e119f597c774c0b48e34f5ff56c6a,True,1,1,4. X-ray 검사장비 AI 데이터셋/dataset/test1/yolov3/X선이물검출기(06.23_09.22)/1호기(2020.09.22)/SN77128_20200905_NgImage/002_20200905_163920(4).bmp,316,332,P,7782772cd8c1960c403af9b7b40fb19792646d0b3fcfae00fc6677143b1c2747,128,0.001220070154033857,128,128,1,633394cc68506f37,002,20200905,163920,193.73625514717097,28.95537627448066,0,1
002_20200905_163922(9),1,48a20e47d3cc7c2287fdacbe0143c517e7f3c9fad804877e028e3951268245b5,True,1,1,4. X-ray 검사장비 AI 데이터셋/dataset/test1/yolov3/X선이물검출기(06.23_09.22)/2호기(2020.09.22)/SN77127_20200905_NgImage/002_20200905_163922(9).bmp,316,332,P,4b5021b85148cb88111338f23a7bc77b37ae27197d905614a5f78e31f450d4b8,136,0.001296324538660973,136,136,1,63379c886a656333,002,20200905,163922,184.16498589293883,43.6795352122117,0,1
002_20200905_163924(2),1,489b1005c88cef527f64e1a0cfaaa644b3f764a54b08917367cd4e7dfde901cf,True,1,1,4. X-ray 검사장비 AI 데이터셋/dataset/test1/yolov3/X선이물검출기(06.23_09.22)/1호기(2020.09.22)/SN77128_20200905_NgImage/002_20200905_163924(2).bmp,316,332,P,a70bc631935f3b4d2b32060dfb94c6106c5b282eb453f62c99a7d55549a61d00,128,0.001220070154033857,128,128,1,6373948c68586e67,002,20200905,163924,193.82390003050176,28.79799068529814,0,1
002_20200905_163926(4),1,4a574cedcccc12a4c3d28f021037885cd9bf5334d61954bedc22f2fb1287d111,True,1,1,4. X-ray 검사장비 AI 데이터셋/dataset/test1/yolov3/X선이물검출기(06.23_09.22)/2호기(2020.09.22)/SN77127_20200905_NgImage/002_20200905_163926(4).bmp,316,332,P,c3bffe6b2c2ee4f091955545a7dd9d0f6fa41d247e404a69ef802f85cc8ff4c0,128,0.001220070154033857,128,128,1,63639c9c6a646363,002,20200905,163926,183.82055436937623,43.940527720184825,0,1
002_20200905_163928(3),1,4a574cedcccc12a4c3d28f021037885cd9bf5334d61954bedc22f2fb1287d111,True,1,1,4. X-ray 검사장비 AI 데이터셋/dataset/test1/yolov3/X선이물검출기(06.23_09.22)/1호기(2020.09.22)/SN77128_20200905_NgImage/002_20200905_163928(3).bmp,316,332,P,c324e8df4c917ca9f625fa9ba217be8c6b185bc636ceec62c1537293979f7a23,128,0.001220070154033857,128,128,1,636a9c956369634a,002,20200905,163928,193.80439797163336,28.824498839786898,0,1
002_20200905_163929(7),1,752737fef8bd9288ab9217fdc885e5f40870156e4a4962c6dfeefe121239dc23,True,1,1,4. X-ray 검사장비 AI 데이터셋/dataset/test1/yolov3/X선이물검출기(06.23_09.22)/2호기(2020.09.22)/SN77127_20200905_NgImage/002_20200905_163929(7).bmp,316,332,P,91a1b68588f69f188f544e4a9f1b1a885093af031cd3b17c52d8b22bba0ed541,136,0.001296324538660973,136,136,1,63639c9c62786363,002,20200905,163929,183.6976894921458,44.10062952645377,0,1
002_20200905_163932(3),1,9d20661bc0cf8ec69827f04cda23ff1b98a957053f2ef05dae302d7768b1cdaa,True,1,1,4. X-ray 검사장비 AI 데이터셋/dataset/test1/yolov3/X선이물검출기(06.23_09.22)/1호기(2020.09.22)/SN77128_20200905_NgImage/002_20200905_163932(3).bmp,316,332,P,d0f3b77e92f4f851ab8565c1b4e34b388d7f23808f104e27d7e145d3fdb475f4,136,0.001296324538660973,136,136,1,6b63959c68704e6a,002,20200905,163932,193.89072746682933,27.976974184584947,0,1
002_20200905_163932(9),1,ee325f6e356d12bfe61a8200c81d27452f10511afcf2f68dc32a900adf406319,True,1,1,4. X-ray 검사장비 AI 데이터셋/dataset/test1/yolov3/X선이물검출기(06.23_09.22)/2호기(2020.09.22)/SN77127_20200905_NgImage/002_20200905_163932(9).bmp,316,332,P,613d74c69a4022f7b84ea53e17308dcb49fbe077cd6d21cfa1899b89a7ff99c7,136,0.001296324538660973,136,136,1,636a9c956279634a,002,20200905,163932,183.8764488333079,42.98384350742258,0,1
002_20200905_163936(2),1,228783a7e611d0c50a5322376802f7a4e432da0c232ebe6e5e10050a64317ff7,True,1,1,4. X-ray 검사장비 AI 데이터셋/dataset/test1/yolov3/X선이물검출기(06.23_09.22)/2호기(2020.09.22)/SN77127_20200905_NgImage/002_20200905_163936(2).bmp,316,332,P,b215f73fb2f9e8a53483190358d3c133a30a1ca22481dd8d8b1071be0e28c8dd,128,0.001220070154033857,128,128,1,6b6a94956a68636a,002,20200905,163936,183.8632282293732,43.20257191828751,0,1
002_20200905_163936(3),1,8219fc0d2bb867b3605123021230bc68e14defe13cc8930b72ba9acd3056cb81,True,1,1,4. X-ray 검사장비 AI 데이터셋/dataset/test1/yolov3/X선이물검출기(06.23_09.22)/1호기(2020.09.22)/SN77128_20200905_NgImage/002_20200905_163936(3).bmp,316,332,P,4981e652e419b3ec21dcdc8506f5f348caad0c56eede9df2d4bce79cc2ffeb29,128,0.001220070154033857,128,128,1,636b9c9562686363,002,20200905,163936,193.8160744242794,28.127494885715166,0,1
002_20200905_163939(7),1,6a4d47164c650a3a45c2249ff3f5bc688e02ebbbb766fcb3c764c117b8ec068d,True,1,1,4. X-ray 검사장비 AI 데이터셋/dataset/test1/yolov3/X선이물검출기(06.23_09.22)/2호기(2020.09.22)/SN77127_20200905_NgImage/002_20200905_163939(7).bmp,316,332,P,e6692d2ebd23b811b405ce850345cc0e495b1bfade30ea2a38289fb6d85ed0a7,128,0.001220070154033857,128,128,1,63639c9c6a58cc63,002,20200905,163939,183.42667187738294,43.68064361180621,0,1
002_20200905_163940(2),1,7b71db7284e0a681367298a6d091a74c6aa5f0039548fd58944d8d2413d6efc1,True,1,1,4. X-ray 검사장비 AI 데이터셋/dataset/test1/yolov3/X선이물검출기(06.23_09.22)/1호기(2020.09.22)/SN77128_20200905_NgImage/002_20200905_163940(2).bmp,316,332,P,339c8f851660b90e55cbbeac77da2e722ce26c94e1d4d11ef34cd5919bbb72d4,128,0.001220070154033857,128,128,1,63859c78624f6395,002,20200905,163940,193.82786525850236,28.11823036632648,0,1
002_20200905_203836(3),1,cd4024d232e723ad8cfd702b7052b550fb5d0063e81a52e81c0df750635f068c,True,2,1,4. X-ray 검사장비 AI 데이터셋/dataset/test1/yolov3/X선이물검출기(06.23_09.22)/1호기(2020.09.22)/SN77128_20200905_NgImage/002_20200905_203836(3).bmp,316,332,P,8c9b0b6a37c9f9510de4dbd84650ad0d1720501b8cc42f146072b09951a24ac6,128,0.001220070154033857,128,128,1,63639c9c6a684e63,002,20200905,203836,193.90431981088912,27.91745167859219,0,1
002_20200905_203840(3),1,41e99689c641ae0978e7338201d8d7834c27abc4856a7edb9a429254502eaf3b,True,2,1,4. X-ray 검사장비 AI 데이터셋/dataset/test1/yolov3/X선이물검출기(06.23_09.22)/1호기(2020.09.22)/SN77128_20200905_NgImage/002_20200905_203840(3).bmp,316,332,P,92161e55a55bb82a6700690226ac21c499ccdbefa4840dfbb434125ffa02fdf7,128,0.001220070154033857,128,128,1,634a9cb57178634a,002,20200905,203840,193.82299450968432,28.09998247777575,0,1
002_20200905_203844(2),1,9890608e343d0fdb29b35033e598c2c7d37a0c9dd647b2bc3d6596ad08dddd65,True,2,1,4. X-ray 검사장비 AI 데이터셋/dataset/test1/yolov3/X선이물검출기(06.23_09.22)/1호기(2020.09.22)/SN77128_20200905_NgImage/002_20200905_203844(2).bmp,316,332,P,6a9d91c3ff8357a70e7d8ae0f1cfb242a691e22c781a5001b5916d9c9a4f7962,128,0.001220070154033857,128,128,1,639c95634887ccb5,002,20200905,203844,193.81348177520206,28.3720438903769,0,1
002_20200905_203848(4),1,73dfa08c100633cfa78187f49e6bdbe5bf97766c096be43e55b79b98a6a41220,True,2,1,4. X-ray 검사장비 AI 데이터셋/dataset/test1/yolov3/X선이물검출기(06.23_09.22)/1호기(2020.09.22)/SN77128_20200905_NgImage/002_20200905_203848(4).bmp,316,332,P,1241d40ab45fc0186465367393df7fc57e73f435a5b9063e3faedd75d1218122,128,0.001220070154033857,128,128,1,6bca94356a8863ce,002,20200905,203848,193.71036678359005,28.56802388620591,0,1
002_20200905_203856(3),1,aa2b500913028e639d076da1ace84297570295392c0f023fbed93850961c571c,True,2,1,4. X-ray 검사장비 AI 데이터셋/dataset/test1/yolov3/X선이물검출기(06.23_09.22)/1호기(2020.09.22)/SN77128_20200905_NgImage/002_20200905_203856(3).bmp,316,332,P,79a5b485a423fb8d20f7caab3dddbedfcf5d7f38ef36a145804626a4d63b1fe8,128,0.001220070154033857,128,128,1,63959c6a958b94ca,002,20200905,203856,193.70339903919475,28.88869620152266,0,1
002_20200905_203900(3),1,0d6edc99f405a2f232fba663ef0df2a3451cf56d38ff371727b8c32e69f87193,True,2,1,4. X-ray 검사장비 AI 데이터셋/dataset/test1/yolov3/X선이물검출기(06.23_09.22)/1호기(2020.09.22)/SN77128_20200905_NgImage/002_20200905_203900(3).bmp,316,332,P,6fc7103cba117f616b6aa385275fa7f34778f06c3094fb85ea2cf49de369dcab,128,0.001220070154033857,128,128,1,63959c6295a99c6a,002,20200905,203900,193.7436041634894,28.66656425277279,0,1
002_20200905_204033(3),1,05ae8ce0f182505ccd83dcee2ed20ab98137d9bb04baf38d4d77e9b1bb15d335,True,2,1,4. X-ray 검사장비 AI 데이터셋/dataset/test1/yolov3/X선이물검출기(06.23_09.22)/2호기(2020.09.22)/SN77127_20200905_NgImage/002_20200905_204033(3).bmp,316,332,P,94c7924d296269541ceb94aa096a2a7932389228afcbe42fe3d4496044c2dd81,128,0.001220070154033857,128,128,1,639c9c6363b3628c,002,20200905,204033,184.38828732652127,43.204550515157756,0,1
002_20200905_204039(5),1,e150467275d71e822846d77316a92d12dd188f023d9fdbacdc2950587895f5c3,True,2,1,4. X-ray 검사장비 AI 데이터셋/dataset/test1/yolov3/X선이물검출기(06.23_09.22)/2호기(2020.09.22)/SN77127_20200905_NgImage/002_20200905_204039(5).bmp,316,332,P,bde96ebb05a2368bd2801e41ce7989bb211e78cc592787cf5d48e10564329ee9,128,0.001220070154033857,128,128,1,63959c6a7183959c,002,20200905,204039,184.9004975598597,42.22742191291969,0,1
002_20200905_204042(9),1,c6e257ecdc35b4f165ab6903676657b8bb80f9afa69f27952d6446dd09e1a1ab,True,2,1,4. X-ray 검사장비 AI 데이터셋/dataset/test1/yolov3/X선이물검출기(06.23_09.22)/2호기(2020.09.22)/SN77127_20200905_NgImage/002_20200905_204042(9).bmp,316,332,P,06eb811c521c46a43192342c780715d095089c14c573d7c2a505d0b1f64bf6bf,128,0.001220070154033857,128,128,1,63739c8c6a736231,002,20200905,204042,184.19692694829953,43.15966504102954,0,1
002_20200905_204046(0),1,b493a60a3ec5dc4382fd598af2025cf67424b41aafd26131206ec90d88c8ede9,True,2,1,4. X-ray 검사장비 AI 데이터셋/dataset/test1/yolov3/X선이물검출기(06.23_09.22)/2호기(2020.09.22)/SN77127_20200905_NgImage/002_20200905_204046(0).bmp,316,332,P,09741832235972889af46adbace7fbcbc59e990bb50ac877537ab7b4c0df3307,136,0.001296324538660973,136,136,1,639c9d6362236b8c,002,20200905,204046,184.37499046820193,42.81816117284571,0,1
002_20200905_204049(1),1,9d9bd1943bbb372fc2c8181d675e8aa13dc5d7e4b24dd3fd0ce968842912483e,True,2,1,4. X-ray 검사장비 AI 데이터셋/dataset/test1/yolov3/X선이물검출기(06.23_09.22)/2호기(2020.09.22)/SN77127_20200905_NgImage/002_20200905_204049(1).bmp,316,332,P,9700bd8bb82963c81daeb2a0d0976fb2977ecb4cb892344bb4a1e7484ef98a1d,136,0.001296324538660973,136,136,1,63639c9c6a706a63,002,20200905,204049,184.00694868079916,43.56626432289228,0,1
002_20200905_204052(3),1,013eef03a389344aa2d11cd1a367dd642a462f7993c27f3ad65914dc03e4ca47,True,2,1,4. X-ray 검사장비 AI 데이터셋/dataset/test1/yolov3/X선이물검출기(06.23_09.22)/2호기(2020.09.22)/SN77127_20200905_NgImage/002_20200905_204052(3).bmp,316,332,P,5156241b2c9bffe6af2b9c49ab970dcf7107aa7993d538ddb31dfc19355b548c,128,0.001220070154033857,128,128,1,6b9d94626a316b8c,002,20200905,204052,184.3811766051548,42.908045374914934,0,1
002_20200906_003059(0),1,433be9f8389fd73f4e6a3fd2ada599e9cb7cc56aade5eb61b452d0fca7cb6b98,True,1,1,4. X-ray 검사장비 AI 데이터셋/dataset/test1/yolov3/X선이물검출기(06.23_09.22)/1호기(2020.09.22)/SN77128_20200906_NgImage/002_20200906_003059(0).bmp,316,332,P,5d24e85c35603ceaddbe4c734ac5433fbefd061a981e1ba67dcd945886b8b635,128,0.001220070154033857,128,128,1,6b6a949562706b6a,002,20200906,003059,193.96156779014794,27.655960182397536,0,1
002_20200906_003114(0),1,a69f9c4d3e1e51ce3a66e87eb233283d19957af6a0d57d773a5407379091e619,True,1,1,4. X-ray 검사장비 AI 데이터셋/dataset/test1/yolov3/X선이물검출기(06.23_09.22)/2호기(2020.09.22)/SN77127_20200906_NgImage/002_20200906_003114(0).bmp,316,332,P,ad29801dc876f6989a9b85bccfec0881c69609a7a4af01c8290670d452611bf4,136,0.001296324538660973,136,136,1,62ca9db5606963ca,002,20200906,003114,184.63979335061765,42.93576997606478,0,1
002_20200906_003114(8),1,c223094b1496d844e1466e556fb2ea9c89da41c13a8781b639bb4d4e111dd9b2,True,1,1,4. X-ray 검사장비 AI 데이터셋/dataset/test1/yolov3/X선이물검출기(06.23_09.22)/1호기(2020.09.22)/SN77128_20200906_NgImage/002_20200906_003114(8).bmp,316,332,P,1a1f0e461a9633bac645bc7c326c31d9f645135723b78b916bac04e83eb9d067,136,0.001296324538660973,136,136,1,6b6a9495626c6b62,002,20200906,003114,193.9409409791063,27.713774254356007,0,1
002_20200906_003117(3),1,0dc957fd923ddec895b77b9f0086abb0fc08da199bb67003074d2e61d217e0d3,True,1,1,4. X-ray 검사장비 AI 데이터셋/dataset/test1/yolov3/X선이물검출기(06.23_09.22)/2호기(2020.09.22)/SN77127_20200906_NgImage/002_20200906_003117(3).bmp,316,332,P,b6b043270b0e6f04fa8b078930298760fbc1b55b628563cdd07669b1a8d1daba,128,0.001220070154033857,128,128,1,629c9d636a63638c,002,20200906,003117,184.8852752783285,42.73979297638793,0,1
002_20200906_003118(7),1,c0808773fb349f529c2691153149517cc13e277a2f87f5bc4c06cb0d0b4761fe,True,1,1,4. X-ray 검사장비 AI 데이터셋/dataset/test1/yolov3/X선이물검출기(06.23_09.22)/1호기(2020.09.22)/SN77128_20200906_NgImage/002_20200906_003118(7).bmp,316,332,P,d8f7ac452e62ac66ee4e430cfc89a029037414852b3e002e11d683a407c5668e,128,0.001220070154033857,128,128,1,6b6a9c956278634a,002,20200906,003118,193.89399687357022,27.85482647392771,0,1
002_20200906_003120(8),1,556bac5c07f837496750c9f43da02725354fe46eebf7d8e9c7b62d9eb5a31dd4,True,1,1,4. X-ray 검사장비 AI 데이터셋/dataset/test1/yolov3/X선이물검출기(06.23_09.22)/2호기(2020.09.22)/SN77127_20200906_NgImage/002_20200906_003120(8).bmp,316,332,P,6e2c059fd1aef48b619f77d8d8380b2b454b983e1d4d0216316bce98cfafd990,136,0.001296324538660973,136,136,1,62959c6a62a7639c,002,20200906,003120,184.9410362970871,42.430997152040995,0,1
002_20200906_003122(7),1,264c51eb2fc769c7369464d7ff7049210a5b67aa060a28843126cb2d2d6bca63,True,1,1,4. X-ray 검사장비 AI 데이터셋/dataset/test1/yolov3/X선이물검출기(06.23_09.22)/1호기(2020.09.22)/SN77128_20200906_NgImage/002_20200906_003122(7).bmp,316,332,P,3defc6f41dc91b0711ffb5256a93da1adfa86eedb8c343fcc12d8852422ae074,128,0.001220070154033857,128,128,1,636a9c956263635a,002,20200906,003122,193.84892100045752,27.979221378390626,0,1
002_20200906_003124(0),1,fb8474c8dccf9dc3245b072dbe4e93e252742ef15c12eb3b93de0801bc5c6b53,True,1,1,4. X-ray 검사장비 AI 데이터셋/dataset/test1/yolov3/X선이물검출기(06.23_09.22)/2호기(2020.09.22)/SN77127_20200906_NgImage/002_20200906_003124(0).bmp,316,332,P,66cc1f10f21e2a889a0d5549b37a71161747bdd017713aaaa842cbcbe00b6464,136,0.001296324538660973,136,136,1,62ca9db5626863ca,002,20200906,003124,184.66638706725638,42.91427839341347,0,1
002_20200906_003126(8),1,d9e480b22a7f0142b4a2b93631758bb247d0473940f3ad2607ce58c531c3d10a,True,1,1,4. X-ray 검사장비 AI 데이터셋/dataset/test1/yolov3/X선이물검출기(06.23_09.22)/1호기(2020.09.22)/SN77128_20200906_NgImage/002_20200906_003126(8).bmp,316,332,P,c34edc61d03d238163ba52d97f4ca226369f29e9f6c0f4e9a6a738d5f072dbb8,128,0.001220070154033857,128,128,1,6b4a94b562696b4a,002,20200906,003126,193.8673269025469,27.959580908644707,0,1
002_20200906_003127(3),1,7f248c4ead4fbcd1d5a9b923e0d23e34651ddc5bb1e0ec94842b0af34b12f807,True,1,1,4. X-ray 검사장비 AI 데이터셋/dataset/test1/yolov3/X선이물검출기(06.23_09.22)/2호기(2020.09.22)/SN77127_20200906_NgImage/002_20200906_003127(3).bmp,316,332,P,ea254b57ced92489bf344dbbc94f3413688e21f7cf03bc342716d52d079abfff,136,0.001296324538660973,136,136,1,628c9d7362696b8c,002,20200906,003127,184.78045409486046,42.680087931234326,0,1
002_20200906_003130(7),1,6ce5d1dd26e1712622d52350c27769278893d07919d783e85c0069835f2203f9,True,1,1,4. X-ray 검사장비 AI 데이터셋/dataset/test1/yolov3/X선이물검출기(06.23_09.22)/2호기(2020.09.22)/SN77127_20200906_NgImage/002_20200906_003130(7).bmp,316,332,P,0da834b637bb06772a79cd0f249330445f8fa8747757d78a92f3502a36b229ad,136,0.001296324538660973,136,136,1,6b4a95b562686b4a,002,20200906,003130,184.684459356413,42.985761385940286,0,1
002_20200906_003132(7),1,c9409d5d551d422df0ea6797c67bc818c29497e5f18eddde1f978cdec1f24a86,True,1,1,4. X-ray 검사장비 AI 데이터셋/dataset/test1/yolov3/X선이물검출기(06.23_09.22)/1호기(2020.09.22)/SN77128_20200906_NgImage/002_20200906_003132(7).bmp,316,332,P,e71f569b2c44c8dcfed330f4e3b359853cd8bda25b44704fca39131a53fc3313,128,0.001220070154033857,128,128,1,636a9c956279634a,002,20200906,003132,193.86258006710386,27.8582081322607,0,1
002_20200907_184813(1),1,bdd406a0c071520970f544cda67ee408701d150d3a82fba92bf2c0c73fe0a559,True,1,1,4. X-ray 검사장비 AI 데이터셋/dataset/test1/yolov3/X선이물검출기(06.23_09.22)/1호기(2020.09.22)/SN77128_20200907_NgImage/002_20200907_184813(1).bmp,316,332,P,5eea14babfce7a46ac669b30710bd9c984ea287c399dca32545128addb2f5f5b,128,0.001220070154033857,128,128,1,6263959d9c789c8c,002,20200907,184813,193.3533437547659,28.302495312539136,0,1
002_20200907_184815(7),1,f85f933d726fc0c058052fadeb42205a6ce25bd0276ab06f76d3629a33ecbc1e,True,1,1,4. X-ray 검사장비 AI 데이터셋/dataset/test1/yolov3/X선이물검출기(06.23_09.22)/1호기(2020.09.22)/SN77128_20200907_NgImage/002_20200907_184815(7).bmp,316,332,P,155bec39fc08e85a8c5633dffd4da18efd25e03fa39277bc8318fec43be598cb,136,0.001296324538660973,136,136,1,6b958c6ab5a3944a,002,20200907,184815,193.38993632758883,28.284914420528803,0,1
002_20200907_184818(2),1,c74f5fd9d91ced8430034527212f88881f852f927707ec8bd8e9ba2628816266,True,1,1,4. X-ray 검사장비 AI 데이터셋/dataset/test1/yolov3/X선이물검출기(06.23_09.22)/1호기(2020.09.22)/SN77128_20200907_NgImage/002_20200907_184818(2).bmp,316,332,P,5b3502883386d613e4fe917a6e3ad0ce0150e87362c7249745a2dd705fa70143,128,0.001220070154033857,128,128,1,6ace9531682963ce,002,20200907,184818,193.3070764068934,28.615859332119495,0,1
002_20200907_184823(7),1,0659b9926ee745400d722d38eed1b4da7153e8679230ff63580cb1e673401a26,True,1,1,4. X-ray 검사장비 AI 데이터셋/dataset/test1/yolov3/X선이물검출기(06.23_09.22)/1호기(2020.09.22)/SN77128_20200907_NgImage/002_20200907_184823(7).bmp,316,332,P,ea871c1944776114dad2debf795d9596e6a705db2d9f30d60c9ec41949ede187,128,0.001220070154033857,128,128,1,62959c6a62a76395,002,20200907,184823,193.30863962177824,28.71941156279594,0,1
002_20200907_184826(3),1,5ef6544e4d89e321b4f6b10dd740df2a79337e70457729b63602836ae2ecd490,True,1,1,4. X-ray 검사장비 AI 데이터셋/dataset/test1/yolov3/X선이물검출기(06.23_09.22)/1호기(2020.09.22)/SN77128_20200907_NgImage/002_20200907_184826(3).bmp,316,332,P,f3df105b6d24b8c0d5227bad17922a8f833c8893a5fcf582a4b3709e1a14ae31,128,0.001220070154033857,128,128,1,62959d6a62936395,002,20200907,184826,193.23775163946928,28.892722799507574,0,1
002_20200907_184828(8),1,1f78698b6983c8bf5585c62b0cecbdfddf5586d2185753406415f7152d3de3b2,True,1,1,4. X-ray 검사장비 AI 데이터셋/dataset/test1/yolov3/X선이물검출기(06.23_09.22)/1호기(2020.09.22)/SN77128_20200907_NgImage/002_20200907_184828(8).bmp,316,332,P,051413a53ac663a62360a1a3bcc89f56528e7ea327ac138e0e56d2fe3861b617,128,0.001220070154033857,128,128,1,629c95636aa96a8e,002,20200907,184828,193.26607061156017,28.817795734718803,0,1
002_20200907_204635(5),1,067aee9f8e29021b4ac702de1f5c530dc77d54f97b8a59cb439147ffd5b79a9e,True,1,1,4. X-ray 검사장비 AI 데이터셋/dataset/test1/yolov3/X선이물검출기(06.23_09.22)/1호기(2020.09.22)/SN77128_20200907_NgImage/002_20200907_204635(5).bmp,316,332,P,203997c3703412973513aa972cd076d0de0c3ce4176362cfc2ae9a4c4e2cdf42,128,0.001220070154033857,128,128,1,6a6a9c957074256b,002,20200907,204635,193.23017385999694,28.860653103492552,0,1
002_20200907_204640(0),1,38b584dc7c5cb2f2165ec40295984d1cb63769474f3c891d0b28784ddb649a64,True,1,1,4. X-ray 검사장비 AI 데이터셋/dataset/test1/yolov3/X선이물검출기(06.23_09.22)/1호기(2020.09.22)/SN77128_20200907_NgImage/002_20200907_204640(0).bmp,316,332,P,97f4324559e5b9617d4ec127b95a1f43aa0624c62e06fe6e22a05a6b688faf15,128,0.001220070154033857,128,128,1,62959c6a6227639d,002,20200907,204640,193.39983986579227,28.37449212568488,0,1
002_20200907_204644(5),1,d717183fb80e33170a8b238c05e6aa579efbaac23c704581f894bcf9235c4583,True,1,1,4. X-ray 검사장비 AI 데이터셋/dataset/test1/yolov3/X선이물검출기(06.23_09.22)/1호기(2020.09.22)/SN77128_20200907_NgImage/002_20200907_204644(5).bmp,316,332,P,9c6c47aa75add195133de2dbccf331058acce1317efcbb446960804cefa36fda,128,0.001220070154033857,128,128,1,624a9db5626963ca,002,20200907,204644,193.33608166844593,28.52807205196354,0,1
002_20200907_204649(0),1,fbd8c9e9dd21c2d677543c653944555970a9f87699c78b65cf02c2f4e96fcd99,True,1,1,4. X-ray 검사장비 AI 데이터셋/dataset/test1/yolov3/X선이물검출기(06.23_09.22)/1호기(2020.09.22)/SN77128_20200907_NgImage/002_20200907_204649(0).bmp,316,332,P,7b78856dcb9c5d738b5e09fbbcad437a83348cbf67065cc9b36b68a2c7ca9d56,128,0.001220070154033857,128,128,1,636a9c9533703563,002,20200907,204649,193.36483910324844,29.30609947816763,0,1
002_20200907_204653(4),1,a2eef515a12147bfa364c2032f14e6bf5def9847d4df8155473cd368cd240ca6,True,1,1,4. X-ray 검사장비 AI 데이터셋/dataset/test1/yolov3/X선이물검출기(06.23_09.22)/1호기(2020.09.22)/SN77128_20200907_NgImage/002_20200907_204653(4).bmp,316,332,P,e487d75e9e7c8679518d24adbe5ceb228942e0b49f511a4d704eaea39204f7cc,128,0.001220070154033857,128,128,1,636a9c95636c6362,002,20200907,204653,193.33577665090743,29.375391546769013,0,1
