image_id,gt_id,short_side_original_px,stage,candidates,best_iou,best_query,leader_query,leader_iou,best_score,leader_score,best_iou_score_ge_0,count_iou50_score_ge_0,best_iou_score_ge_0.001,count_iou50_score_ge_0.001,best_iou_score_ge_0.05,count_iou50_score_ge_0.05,best_width_relative_error,best_height_relative_error,best_center_error_input_px
1,1,8.000000000000002,encoder_all_counterfactual,34000,0.6951048970222473,17139,16814,0.15418657660484314,0.03263160213828087,0.05782724544405937,0.6951048970222473,7,0.6951048970222473,7,0.48164913058280945,0,-0.08398300409317017,-0.1399620920419693,1.587849497795105
1,2,8.000000000000002,encoder_all_counterfactual,34000,0.6872184872627258,18900,8084,0.27397236227989197,0.025965135544538498,0.10272213816642761,0.6872184872627258,2,0.6872184872627258,2,0.27575263381004333,0,0.1555625945329666,0.2232092022895813,1.527172565460205
1,3,7.0,encoder_all_counterfactual,34000,0.6126411557197571,3087,1607,0.2925529479980469,0.020265452563762665,0.0810222178697586,0.6126411557197571,3,0.6126411557197571,3,0.43768855929374695,0,0.04617252200841904,-0.08906147629022598,3.2043981552124023
1,1,8.000000000000002,topk,300,0.0,0,-1,0,0.11154046654701233,,0.0,0,0.0,0,0.0,0,1.129946231842041,0.17422708868980408,316.8043518066406
1,2,8.000000000000002,topk,300,0.27397236227989197,42,42,0.27397236227989197,0.10272213816642761,0.10272213816642761,0.27397236227989197,0,0.27397236227989197,0,0.27397236227989197,0,1.2691233158111572,0.6085484027862549,7.966841697692871
1,3,7.0,topk,300,0.07511194795370102,268,-1,0,0.08167645335197449,,0.07511194795370102,0,0.07511194795370102,0,0.07511194795370102,0,0.9890376925468445,-0.08017313480377197,18.277151107788086
1,1,8.000000000000002,pre_bbox,300,0.5267738699913025,236,236,0.5267738699913025,0.05955887958407402,0.05955887958407402,0.5267738699913025,1,0.5267738699913025,1,0.5267738699913025,1,0.6617151498794556,0.09384538233280182,3.1332900524139404
1,2,8.000000000000002,pre_bbox,300,0.8108143210411072,267,42,0.810213565826416,0.26768186688423157,0.5861929655075073,0.8108143210411072,5,0.8108143210411072,5,0.8108143210411072,5,0.06417375057935715,0.1589522808790207,0.42557212710380554
1,3,7.0,pre_bbox,300,0.5820984840393066,268,268,0.5820984840393066,0.32985958456993103,0.32985958456993103,0.5820984840393066,3,0.5820984840393066,3,0.5820984840393066,3,0.3988467752933502,-0.2418951690196991,2.4288363456726074
1,1,8.000000000000002,decoder_1,300,0.3551514446735382,236,236,0.3551514446735382,0.06008823588490486,0.06008823588490486,0.3551514446735382,0,0.3551514446735382,0,0.3551514446735382,0,0.5363766551017761,0.741589367389679,8.657272338867188
1,2,8.000000000000002,decoder_1,300,0.8468283414840698,267,42,0.8091151118278503,0.27550292015075684,0.5931218266487122,0.8468283414840698,5,0.8468283414840698,5,0.8468283414840698,5,0.06002780795097351,0.10252252221107483,0.8660998344421387
1,3,7.0,decoder_1,300,0.5761470198631287,268,268,0.5761470198631287,0.3383839726448059,0.3383839726448059,0.5761470198631287,3,0.5761470198631287,3,0.5761470198631287,3,0.3698956370353699,-0.2678169310092926,2.244997262954712
1,1,8.000000000000002,decoder_2,300,0.597487211227417,298,48,0.32298579812049866,0.07519412040710449,0.08884070813655853,0.597487211227417,3,0.597487211227417,3,0.597487211227417,1,0.3709375560283661,-0.2086114138364792,3.1273093223571777
1,2,8.000000000000002,decoder_2,300,0.8951453566551208,42,42,0.8951453566551208,0.7454958558082581,0.7454958558082581,0.8951453566551208,12,0.8951453566551208,12,0.8951453566551208,12,0.022574394941329956,0.044832441955804825,0.5545406341552734
1,3,7.0,decoder_2,300,0.5973918437957764,90,268,0.5903803706169128,0.22245799005031586,0.6559677720069885,0.5973918437957764,11,0.5973918437957764,11,0.5973918437957764,11,0.38305360078811646,-0.2253393977880478,1.554590106010437
1,1,8.000000000000002,decoder_3,300,0.5469914674758911,298,298,0.5469914674758911,0.2503223717212677,0.2503223717212677,0.5469914674758911,3,0.5469914674758911,3,0.5469914674758911,3,0.2857474982738495,-0.19952169060707092,3.6548917293548584
1,2,8.000000000000002,decoder_3,300,0.902826726436615,42,42,0.902826726436615,0.7424800992012024,0.7424800992012024,0.902826726436615,15,0.902826726436615,15,0.902826726436615,15,0.017914026975631714,0.032286904752254486,0.5406942963600159
1,3,7.0,decoder_3,300,0.7103562951087952,66,268,0.5848878622055054,0.28715547919273376,0.6990807056427002,0.7103562951087952,11,0.7103562951087952,11,0.7103562951087952,11,0.0962875708937645,-0.2374880462884903,1.5239691734313965
1,1,8.000000000000002,final_nms07,231,0.5469914674758911,2,2,0.5469914674758911,0.2503223717212677,0.2503223717212677,0.5469914674758911,3,0.5469914674758911,3,0.5469914674758911,3,0.2857474982738495,-0.19952169060707092,3.6548917293548584
1,2,8.000000000000002,final_nms07,231,0.902826726436615,0,0,0.902826726436615,0.7424800992012024,0.7424800992012024,0.902826726436615,6,0.902826726436615,6,0.902826726436615,6,0.017914026975631714,0.032286904752254486,0.5406942963600159
1,3,7.0,final_nms07,231,0.5848878622055054,1,1,0.5848878622055054,0.6990807056427002,0.6990807056427002,0.5848878622055054,2,0.5848878622055054,2,0.5848878622055054,2,0.2649315297603607,-0.2912295460700989,2.237971544265747
2,4,7.0,encoder_all_counterfactual,34000,0.7460139989852905,17133,966,0.36621394753456116,0.03426065668463707,0.08257835358381271,0.7460139989852905,11,0.7460139989852905,11,0.6212126016616821,1,0.06313949823379517,-0.017434678971767426,2.355260133743286
2,5,8.000000000000002,encoder_all_counterfactual,34000,0.613109290599823,15180,1207,0.14504176378250122,0.020776763558387756,0.08159743249416351,0.613109290599823,3,0.613109290599823,3,0.43888917565345764,0,0.10182267427444458,-0.2931883931159973,2.907135009765625
2,6,7.0,encoder_all_counterfactual,34000,0.6832290291786194,20497,1607,0.29100754857063293,0.039301659911870956,0.08038468658924103,0.6832290291786194,7,0.6832290291786194,7,0.626755952835083,1,0.14939680695533752,-0.21629644930362701,1.1529568433761597
2,4,7.0,topk,300,0.36621394753456116,162,162,0.36621394753456116,0.08257835358381271,0.08257835358381271,0.36621394753456116,0,0.36621394753456116,0,0.36621394753456116,0,0.7139163017272949,-0.02298191376030445,5.442679405212402
2,5,8.000000000000002,topk,300,0.26224005222320557,256,189,0.14504176378250122,0.0799129456281662,0.08159743249416351,0.26224005222320557,0,0.26224005222320557,0,0.26224005222320557,0,0.6902676820755005,0.20545311272144318,9.633077621459961
2,6,7.0,topk,300,0.32027989625930786,288,231,0.29100754857063293,0.0794534906744957,0.08038468658924103,0.32027989625930786,0,0.32027989625930786,0,0.32027989625930786,0,0.9604713320732117,-0.06463256478309631,6.131005764007568
2,4,7.0,pre_bbox,300,0.6935819983482361,142,162,0.666229248046875,0.257429301738739,0.65716153383255,0.6935819983482361,7,0.6935819983482361,7,0.6935819983482361,7,0.22161239385604858,-0.15485970675945282,2.0146403312683105
2,5,8.000000000000002,pre_bbox,300,0.812289834022522,256,256,0.812289834022522,0.5902456045150757,0.5902456045150757,0.812289834022522,8,0.812289834022522,8,0.812289834022522,8,0.04683859646320343,-0.09657128155231476,1.1625382900238037
2,6,7.0,pre_bbox,300,0.6978722810745239,11,288,0.6537937521934509,0.10638304054737091,0.6030347943305969,0.6978722810745239,11,0.6978722810745239,11,0.6978722810745239,11,0.21257272362709045,-0.15813206136226654,2.304516553878784
2,4,7.0,decoder_1,300,0.6643081903457642,162,162,0.6643081903457642,0.6645612120628357,0.6645612120628357,0.6643081903457642,6,0.6643081903457642,6,0.6643081903457642,6,0.24242207407951355,-0.2081720381975174,0.6163128614425659
2,5,8.000000000000002,decoder_1,300,0.8077782988548279,256,256,0.8077782988548279,0.5984482169151306,0.5984482169151306,0.8077782988548279,7,0.8077782988548279,7,0.8077782988548279,7,0.04729768633842468,-0.0906602293252945,1.1908953189849854
2,6,7.0,decoder_1,300,0.6880717277526855,211,288,0.6532158255577087,0.17850568890571594,0.6103436350822449,0.6880717277526855,11,0.6880717277526855,11,0.6880717277526855,11,0.19181330502033234,-0.20730668306350708,1.5282527208328247
2,4,7.0,decoder_2,300,0.7118250727653503,122,165,0.6334559917449951,0.06497273594141006,0.7241239547729492,0.7118250727653503,12,0.7118250727653503,12,0.7118250727653503,7,0.16614775359630585,-0.0802459791302681,1.9638880491256714
2,5,8.000000000000002,decoder_2,300,0.8765589594841003,220,256,0.801974892616272,0.08024414628744125,0.6513239741325378,0.8765589594841003,16,0.8765589594841003,16,0.8765589594841003,13,-0.035377293825149536,-0.07554797828197479,0.775528073310852
2,6,7.0,decoder_2,300,0.7014132142066956,11,288,0.6662257313728333,0.06244347244501114,0.6646362543106079,0.7014132142066956,13,0.7014132142066956,13,0.7014132142066956,13,0.2197897583246231,-0.1707451343536377,0.8620905876159668
2,4,7.0,decoder_3,300,0.721291184425354,122,165,0.6477321982383728,0.14119482040405273,0.7254553437232971,0.721291184425354,14,0.721291184425354,14,0.721291184425354,11,0.2327379286289215,-0.1331983208656311,1.3949403762817383
2,5,8.000000000000002,decoder_3,300,0.8809404373168945,65,256,0.8075840473175049,0.10176775604486465,0.7163518667221069,0.8809404373168945,17,0.8809404373168945,17,0.8809404373168945,17,0.08671805262565613,-0.024430986493825912,0.7677667737007141
2,6,7.0,decoder_3,300,0.6905070543289185,295,288,0.6627869606018066,0.062200337648391724,0.7258997559547424,0.6905070543289185,16,0.6905070543289185,16,0.6905070543289185,16,0.1920231133699417,-0.20164614915847778,1.288574457168579
2,4,7.0,final_nms07,214,0.6477321982383728,1,1,0.6477321982383728,0.7254553437232971,0.7254553437232971,0.6477321982383728,2,0.6477321982383728,2,0.6477321982383728,2,0.31652939319610596,-0.18521566689014435,1.1554880142211914
2,5,8.000000000000002,final_nms07,214,0.8075840473175049,2,2,0.8075840473175049,0.7163518667221069,0.7163518667221069,0.8075840473175049,3,0.8075840473175049,3,0.8075840473175049,3,0.02947184443473816,-0.07498765736818314,1.0468248128890991
2,6,7.0,final_nms07,214,0.6627869606018066,0,0,0.6627869606018066,0.7258997559547424,0.7258997559547424,0.6627869606018066,3,0.6627869606018066,3,0.6627869606018066,3,0.18137983977794647,-0.23999261856079102,1.2469247579574585
3,7,5.999999999999999,encoder_all_counterfactual,34000,0.46682900190353394,17933,8064,0.1019531786441803,0.03731175884604454,0.09566814452409744,0.46682900190353394,0,0.46682900190353394,0,0.2163955271244049,0,0.4818234443664551,0.1281646490097046,2.4403624534606934
3,8,7.0,encoder_all_counterfactual,34000,0.48459485173225403,19379,1207,0.10718940198421478,0.027725806459784508,0.08222787082195282,0.48459485173225403,0,0.48459485173225403,0,0.36492040753364563,0,-0.19506233930587769,-0.05812942609190941,3.384277820587158
3,9,7.0,encoder_all_counterfactual,34000,0.6566085815429688,21300,20494,0.3297651708126068,0.030553875491023064,0.08720262348651886,0.6566085815429688,3,0.6566085815429688,3,0.4264010190963745,0,0.39225056767463684,0.09389282763004303,1.030714511871338
3,7,5.999999999999999,topk,300,0.1794711798429489,174,59,0.1019531786441803,0.08293802291154861,0.09566814452409744,0.1794711798429489,0,0.1794711798429489,0,0.1794711798429489,0,0.8150193095207214,0.9089134335517883,9.302482604980469
3,8,7.0,topk,300,0.3433536887168884,256,194,0.10718940198421478,0.08053737133741379,0.08222787082195282,0.3433536887168884,0,0.3433536887168884,0,0.3433536887168884,0,1.023444414138794,0.43934890627861023,5.019272804260254
3,9,7.0,topk,300,0.35581573843955994,235,128,0.3297651708126068,0.08079370111227036,0.08720262348651886,0.35581573843955994,0,0.35581573843955994,0,0.35581573843955994,0,0.8517362475395203,0.2901182770729065,6.832165718078613
3,7,5.999999999999999,pre_bbox,300,0.5287880301475525,174,59,0.42929673194885254,0.4896796941757202,0.5326998233795166,0.5287880301475525,1,0.5287880301475525,1,0.5287880301475525,1,0.24081794917583466,0.5240846872329712,0.9353651404380798
3,8,7.0,pre_bbox,300,0.565863847732544,50,256,0.5150881409645081,0.16392968595027924,0.6894869804382324,0.565863847732544,5,0.565863847732544,5,0.565863847732544,5,0.4564192593097687,0.17970123887062073,3.257842779159546
3,9,7.0,pre_bbox,300,0.7588105201721191,230,128,0.6497511863708496,0.10501634329557419,0.5356295704841614,0.7588105201721191,15,0.7588105201721191,15,0.7588105201721191,15,0.15896624326705933,-0.018085891380906105,1.4978989362716675
3,7,5.999999999999999,decoder_1,300,0.5297046303749084,174,59,0.4346296787261963,0.4993123412132263,0.5411524176597595,0.5297046303749084,1,0.5297046303749084,1,0.5297046303749084,1,0.23471911251544952,0.5289681553840637,0.9335160851478577
3,8,7.0,decoder_1,300,0.5618823170661926,290,256,0.5114701986312866,0.2549770772457123,0.6965193748474121,0.5618823170661926,5,0.5618823170661926,5,0.5618823170661926,5,0.27969902753829956,0.08431950211524963,3.573554754257202
3,9,7.0,decoder_1,300,0.8594883680343628,230,128,0.642806351184845,0.10820195078849792,0.5453183650970459,0.8594883680343628,11,0.8594883680343628,11,0.8594883680343628,11,0.0724773183465004,-0.05429786443710327,0.800800621509552
3,7,5.999999999999999,decoder_2,300,0.5147601962089539,250,174,0.43227869272232056,0.058658353984355927,0.5736028552055359,0.5147601962089539,1,0.5147601962089539,1,0.5147601962089539,1,0.34648701548576355,0.36514535546302795,2.392467737197876
3,8,7.0,decoder_2,300,0.6219425201416016,245,256,0.5734564661979675,0.08381972461938858,0.7097755670547485,0.6219425201416016,11,0.6219425201416016,11,0.6219425201416016,9,0.37314465641975403,0.17093652486801147,2.544696569442749
3,9,7.0,decoder_2,300,0.7265464663505554,228,235,0.630779504776001,0.05459315702319145,0.6796077489852905,0.7265464663505554,21,0.7265464663505554,21,0.7265464663505554,21,0.11247877776622772,0.08682280778884888,1.7916525602340698
3,7,5.999999999999999,decoder_3,300,0.778962254524231,0,174,0.43177199363708496,0.0852917730808258,0.716528594493866,0.778962254524231,5,0.778962254524231,5,0.778962254524231,4,0.10908287763595581,0.014230245724320412,1.539540410041809
3,8,7.0,decoder_3,300,0.5863291025161743,225,256,0.5826483368873596,0.07082603871822357,0.7604245543479919,0.5863291025161743,15,0.5863291025161743,15,0.5863291025161743,12,0.3607120215892792,0.06321631371974945,3.0178730487823486
3,9,7.0,decoder_3,300,0.6494019031524658,238,235,0.6331679821014404,0.12328094989061356,0.704147219657898,0.6494019031524658,20,0.6494019031524658,20,0.6494019031524658,18,0.2300763577222824,0.02789866179227829,2.013258934020996
3,7,5.999999999999999,final_nms07,222,0.778962254524231,11,1,0.43177199363708496,0.0852917730808258,0.716528594493866,0.778962254524231,2,0.778962254524231,2,0.778962254524231,2,0.10908287763595581,0.014230245724320412,1.539540410041809
3,8,7.0,final_nms07,222,0.5826483368873596,0,0,0.5826483368873596,0.7604245543479919,0.7604245543479919,0.5826483368873596,1,0.5826483368873596,1,0.5826483368873596,1,0.29811719059944153,0.13426314294338226,3.1305878162384033
3,9,7.0,final_nms07,222,0.6331679821014404,2,2,0.6331679821014404,0.704147219657898,0.704147219657898,0.6331679821014404,1,0.6331679821014404,1,0.6331679821014404,1,0.1595657616853714,0.011555111967027187,2.697141170501709
4,10,9.0,encoder_all_counterfactual,34000,0.5427154898643494,19508,1047,0.24949905276298523,0.020832961425185204,0.08239354938268661,0.5427154898643494,1,0.5427154898643494,1,0.2982729375362396,0,0.34716323018074036,0.01076069101691246,3.6755495071411133
4,11,7.0,encoder_all_counterfactual,34000,0.6011518836021423,19855,1287,0.16857555508613586,0.028437599539756775,0.08026745915412903,0.6011518836021423,1,0.6011518836021423,1,0.417477011680603,0,0.11319781839847565,-0.11007864773273468,2.876100540161133
4,12,6.0,encoder_all_counterfactual,34000,0.5761317014694214,21934,1607,0.1454736292362213,0.021609030663967133,0.0801149383187294,0.5761317014694214,1,0.5761317014694214,1,0.32032185792922974,0,0.19395916163921356,-0.35138726234436035,0.29290124773979187
4,10,9.0,topk,300,0.2982729375362396,130,116,0.24949905276298523,0.08150047808885574,0.08239354938268661,0.2982729375362396,0,0.2982729375362396,0,0.2982729375362396,0,0.3643154203891754,-0.03683169558644295,9.433753967285156
4,11,7.0,topk,300,0.417477011680603,156,147,0.16857555508613586,0.08007097244262695,0.08026745915412903,0.417477011680603,0,0.417477011680603,0,0.417477011680603,0,0.8801537156105042,0.21347764134407043,2.447768211364746
4,12,6.0,topk,300,0.32032185792922974,159,155,0.1454736292362213,0.07999078184366226,0.0801149383187294,0.32032185792922974,0,0.32032185792922974,0,0.32032185792922974,0,0.9952564239501953,0.21904225647449493,7.299135684967041
4,10,9.0,pre_bbox,300,0.6857478022575378,130,130,0.6857478022575378,0.5723525881767273,0.5723525881767273,0.6857478022575378,6,0.6857478022575378,6,0.6857478022575378,6,0.036699678748846054,-0.16734522581100464,2.5563626289367676
4,11,7.0,pre_bbox,300,0.7477995753288269,273,156,0.7279126048088074,0.2750775218009949,0.6114946007728577,0.7477995753288269,8,0.7477995753288269,8,0.7477995753288269,8,0.21883399784564972,-0.10028859227895737,0.8757164478302002
4,12,6.0,pre_bbox,300,0.72265625,159,159,0.72265625,0.46254652738571167,0.46254652738571167,0.72265625,9,0.72265625,9,0.72265625,9,0.31496158242225647,-0.06439091265201569,1.532496690750122
4,10,9.0,decoder_1,300,0.6976837515830994,130,130,0.6976837515830994,0.5820560455322266,0.5820560455322266,0.6976837515830994,5,0.6976837515830994,5,0.6976837515830994,5,0.032590463757514954,-0.16260050237178802,2.4414515495300293
4,11,7.0,decoder_1,300,0.7631986737251282,273,156,0.7186335921287537,0.2815012037754059,0.618549644947052,0.7631986737251282,7,0.7631986737251282,7,0.7631986737251282,7,0.20158438384532928,-0.09239709377288818,0.8855612874031067
4,12,6.0,decoder_1,300,0.7271245121955872,159,159,0.7271245121955872,0.4722590446472168,0.4722590446472168,0.7271245121955872,9,0.7271245121955872,9,0.7271245121955872,9,0.30741721391677856,-0.06354833394289017,1.6510852575302124
4,10,9.0,decoder_2,300,0.8695222735404968,151,130,0.7096400260925293,0.06732317805290222,0.6778067350387573,0.8695222735404968,16,0.8695222735404968,16,0.8695222735404968,13,0.06056724116206169,-0.07655081152915955,0.8377422094345093
4,11,7.0,decoder_2,300,0.7557377815246582,147,156,0.7304720878601074,0.09613353759050369,0.6870226263999939,0.7557377815246582,13,0.7557377815246582,13,0.7557377815246582,10,0.3059999942779541,-0.0169138852506876,1.3904577493667603
4,12,6.0,decoder_2,300,0.7367832660675049,178,159,0.6735329031944275,0.06250116974115372,0.6527655720710754,0.7367832660675049,14,0.7367832660675049,14,0.7367832660675049,11,0.29367828369140625,-0.018352538347244263,1.5777080059051514
4,10,9.0,decoder_3,300,0.8304316997528076,110,130,0.7126333117485046,0.048639554530382156,0.737326979637146,0.8304316997528076,23,0.8304316997528076,23,0.8048776984214783,17,-0.05673427879810333,-0.07774123549461365,1.23452889919281
4,11,7.0,decoder_3,300,0.7496570944786072,289,156,0.7445423603057861,0.044503651559352875,0.7592992782592773,0.7496570944786072,16,0.7496570944786072,16,0.7491322159767151,12,0.30603596568107605,-0.011892001144587994,1.7782540321350098
4,12,6.0,decoder_3,300,0.7510327696800232,240,159,0.6779743432998657,0.05717696249485016,0.7154049873352051,0.7510327696800232,14,0.7510327696800232,14,0.7510327696800232,10,0.27647748589515686,-0.05215328186750412,1.4841402769088745
4,10,9.0,final_nms07,203,0.7126333117485046,1,1,0.7126333117485046,0.737326979637146,0.737326979637146,0.7126333117485046,4,0.7126333117485046,4,0.7126333117485046,4,-0.049097251147031784,-0.12912380695343018,2.285001516342163
4,11,7.0,final_nms07,203,0.7445423603057861,0,0,0.7445423603057861,0.7592992782592773,0.7592992782592773,0.7445423603057861,1,0.7445423603057861,1,0.7445423603057861,1,0.30858364701271057,-0.03337159752845764,1.1475207805633545
4,12,6.0,final_nms07,203,0.6779743432998657,2,2,0.6779743432998657,0.7154049873352051,0.7154049873352051,0.6779743432998657,1,0.6779743432998657,1,0.6779743432998657,1,0.386158287525177,0.006958415266126394,1.2031962871551514
5,13,8.000000000000002,encoder_all_counterfactual,34000,0.5685242414474487,17612,1046,0.20376700162887573,0.03555808216333389,0.0816030204296112,0.5685242414474487,3,0.5685242414474487,3,0.41381871700286865,0,-0.20827044546604156,0.2733554542064667,2.4485466480255127
5,14,6.0,encoder_all_counterfactual,34000,0.5052195191383362,19372,1366,0.11829013377428055,0.039771806448698044,0.07950633764266968,0.5052195191383362,1,0.5052195191383362,1,0.47956112027168274,0,0.41235285997390747,0.031054537743330002,3.813281536102295
5,15,8.000000000000002,encoder_all_counterfactual,34000,0.6197128295898438,7131,1607,0.23531490564346313,0.016376612707972527,0.0794038325548172,0.6197128295898438,2,0.6197128295898438,2,0.4021553099155426,0,0.47656163573265076,0.050083402544260025,2.49542236328125
5,13,8.000000000000002,topk,300,0.3879123628139496,199,192,0.20376700162887573,0.08128917962312698,0.0816030204296112,0.3879123628139496,0,0.3879123628139496,0,0.3879123628139496,0,0.6769367456436157,0.5372693538665771,5.253695964813232
5,14,6.0,topk,300,0.11829013377428055,268,268,0.11829013377428055,0.07950633764266968,0.07950633764266968,0.11829013377428055,0,0.11829013377428055,0,0.11829013377428055,0,1.3263022899627686,0.31456559896469116,13.674649238586426
5,15,8.000000000000002,topk,300,0.4021553099155426,280,274,0.23531490564346313,0.07934113591909409,0.0794038325548172,0.4021553099155426,0,0.4021553099155426,0,0.4021553099155426,0,0.6566561460494995,0.5009772181510925,4.175014495849609
5,13,8.000000000000002,pre_bbox,300,0.6550867557525635,192,199,0.6238900423049927,0.5423368811607361,0.6112991571426392,0.6550867557525635,9,0.6550867557525635,9,0.6550867557525635,9,0.23362703621387482,0.2374211847782135,1.4804474115371704
5,14,6.0,pre_bbox,300,0.6153208613395691,268,268,0.6153208613395691,0.48546770215034485,0.48546770215034485,0.6153208613395691,3,0.6153208613395691,3,0.6153208613395691,3,0.3926059603691101,-0.1688607633113861,2.381460189819336
5,15,8.000000000000002,pre_bbox,300,0.8168948888778687,274,280,0.7880367040634155,0.52437824010849,0.5510378479957581,0.8168948888778687,9,0.8168948888778687,9,0.8168948888778687,9,0.04392999783158302,0.11242829263210297,0.840749204158783
5,13,8.000000000000002,decoder_1,300,0.6970537304878235,196,199,0.6200453042984009,0.26106247305870056,0.618589460849762,0.6970537304878235,10,0.6970537304878235,10,0.6970537304878235,10,0.15937206149101257,0.027590027078986168,2.1591172218322754
5,14,6.0,decoder_1,300,0.6345514059066772,268,268,0.6345514059066772,0.4954662322998047,0.4954662322998047,0.6345514059066772,3,0.6345514059066772,3,0.6345514059066772,3,0.354938805103302,-0.17441056668758392,2.393315076828003
5,15,8.000000000000002,decoder_1,300,0.8786386847496033,248,280,0.7737523317337036,0.16622167825698853,0.5605692863464355,0.8786386847496033,9,0.8786386847496033,9,0.8786386847496033,9,0.09843847155570984,0.012488989159464836,0.6303653717041016
5,13,8.000000000000002,decoder_2,300,0.6614547371864319,189,199,0.5784536004066467,0.05056649073958397,0.7677192091941833,0.6614547371864319,11,0.6614547371864319,11,0.6614547371864319,10,0.13344237208366394,-0.1552068293094635,2.1819396018981934
5,14,6.0,decoder_2,300,0.6650160551071167,251,268,0.6396163702011108,0.07018091529607773,0.6366498470306396,0.6650160551071167,7,0.6650160551071167,7,0.6650160551071167,6,0.4515066146850586,0.035973887890577316,1.097833275794983
5,15,8.000000000000002,decoder_2,300,0.8523844480514526,248,280,0.826943039894104,0.05481978878378868,0.6842604875564575,0.8523844480514526,12,0.8523844480514526,12,0.8523844480514526,9,0.06419774889945984,0.10176373273134232,0.5883314609527588
5,13,8.000000000000002,decoder_3,300,0.7419106364250183,269,199,0.5730025172233582,0.035517413169145584,0.7530961632728577,0.7419106364250183,15,0.7419106364250183,15,0.5730025172233582,6,0.17691728472709656,0.14525046944618225,0.45155784487724304
5,14,6.0,decoder_3,300,0.6585568785667419,16,268,0.6473589539527893,0.062245529145002365,0.7672946453094482,0.6585568785667419,7,0.6585568785667419,7,0.6585568785667419,7,0.4645252227783203,-0.05118778720498085,1.1252772808074951
5,15,8.000000000000002,decoder_3,300,0.8272769451141357,280,280,0.8272769451141357,0.6972143054008484,0.6972143054008484,0.8272769451141357,12,0.8272769451141357,12,0.8272769451141357,9,0.016969889402389526,0.048530708998441696,1.0549453496932983
5,13,8.000000000000002,final_nms07,202,0.7419106364250183,13,1,0.5730025172233582,0.035517413169145584,0.7530961632728577,0.7419106364250183,2,0.7419106364250183,2,0.5730025172233582,1,0.17691728472709656,0.14525046944618225,0.45155784487724304
5,14,6.0,final_nms07,202,0.6473589539527893,0,0,0.6473589539527893,0.7672946453094482,0.7672946453094482,0.6473589539527893,1,0.6473589539527893,1,0.6473589539527893,1,0.47849494218826294,-0.06213528290390968,0.7364146113395691
5,15,8.000000000000002,final_nms07,202,0.8272769451141357,2,2,0.8272769451141357,0.6972143054008484,0.6972143054008484,0.8272769451141357,1,0.8272769451141357,1,0.8272769451141357,1,0.016969889402389526,0.048530708998441696,1.0549453496932983
6,16,10.0,encoder_all_counterfactual,34000,0.5967463850975037,18590,1047,0.25021469593048096,0.011817173101007938,0.08133694529533386,0.5967463850975037,5,0.5967463850975037,5,0.4215133488178253,0,-0.13734102249145508,-0.14543528854846954,3.8229100704193115
6,17,7.0,encoder_all_counterfactual,34000,0.7359015941619873,19219,8084,0.1393972486257553,0.02927975356578827,0.10769703984260559,0.7359015941619873,4,0.7359015941619873,4,0.32517945766448975,0,-0.08799197524785995,0.19105097651481628,1.737420678138733
6,18,10.0,encoder_all_counterfactual,34000,0.6776631474494934,23053,1607,0.16398966312408447,0.018900565803050995,0.07935547083616257,0.6776631474494934,7,0.6776631474494934,7,0.5098888874053955,1,0.0051995753310620785,0.12013102322816849,3.0998172760009766
6,16,10.0,topk,300,0.4215133488178253,222,192,0.25021469593048096,0.08052349090576172,0.08133694529533386,0.4215133488178253,0,0.4215133488178253,0,0.4215133488178253,0,0.2541666626930237,-0.09026951342821121,7.0178327560424805
6,17,7.0,topk,300,0.32517945766448975,282,8,0.1393972486257553,0.07899552583694458,0.10769703984260559,0.32517945766448975,0,0.32517945766448975,0,0.32517945766448975,0,0.9054090976715088,0.2994410991668701,7.6139750480651855
6,18,10.0,topk,300,0.23100951313972473,264,259,0.16398966312408447,0.07922320812940598,0.07935547083616257,0.23100951313972473,0,0.23100951313972473,0,0.23100951313972473,0,0.25146496295928955,0.18680037558078766,11.813925743103027
6,16,10.0,pre_bbox,300,0.7106496095657349,192,222,0.708899736404419,0.5358051061630249,0.5413252711296082,0.7106496095657349,8,0.7106496095657349,8,0.7106496095657349,8,-0.043955374509096146,-0.2444750964641571,2.4846153259277344
6,17,7.0,pre_bbox,300,0.7580856680870056,282,282,0.7580856680870056,0.6103004813194275,0.6103004813194275,0.7580856680870056,10,0.7580856680870056,10,0.7580856680870056,10,0.2636852562427521,-0.01770019344985485,1.5957684516906738
6,18,10.0,pre_bbox,300,0.6470028162002563,152,264,0.43230918049812317,0.11841310560703278,0.4076499938964844,0.6470028162002563,6,0.6470028162002563,6,0.6470028162002563,6,-0.05436323210597038,0.04601000249385834,2.9460575580596924
6,16,10.0,decoder_1,300,0.7201199531555176,192,222,0.7105617523193359,0.543515145778656,0.5482938289642334,0.7201199531555176,9,0.7201199531555176,9,0.7201199531555176,9,-0.03466338291764259,-0.23864366114139557,2.4633402824401855
6,17,7.0,decoder_1,300,0.7627877593040466,282,282,0.7627877593040466,0.617900550365448,0.617900550365448,0.7627877593040466,10,0.7627877593040466,10,0.7627877593040466,10,0.25813373923301697,-0.014594568870961666,1.498105525970459
6,18,10.0,decoder_1,300,0.6154497265815735,266,264,0.42327576875686646,0.3503204882144928,0.41726812720298767,0.6154497265815735,5,0.6154497265815735,5,0.6154497265815735,5,-0.13505248725414276,-0.15904507040977478,2.7601382732391357
6,16,10.0,decoder_2,300,0.7821478843688965,193,222,0.7564285397529602,0.46004289388656616,0.6992669701576233,0.7821478843688965,12,0.7821478843688965,12,0.7821478843688965,9,-0.06700114160776138,-0.16168424487113953,1.721803069114685
6,17,7.0,decoder_2,300,0.7322059273719788,209,282,0.6786308884620667,0.07194686681032181,0.6388982534408569,0.7322059273719788,12,0.7322059273719788,12,0.7322059273719788,12,0.16460716724395752,0.02560730278491974,1.6958014965057373
6,18,10.0,decoder_2,300,0.7359234690666199,264,264,0.7359234690666199,0.4913405478000641,0.4913405478000641,0.7359234690666199,11,0.7359234690666199,11,0.7359234690666199,10,-0.1399724930524826,-0.0784076601266861,1.887812852859497
6,16,10.0,decoder_3,300,0.7792985439300537,193,222,0.7516992092132568,0.17837807536125183,0.7441502809524536,0.7792985439300537,13,0.7792985439300537,13,0.7792985439300537,11,-0.06614092737436295,-0.16550394892692566,1.736057996749878
6,17,7.0,decoder_3,300,0.7409074306488037,267,282,0.6714761853218079,0.09617016464471817,0.7488754987716675,0.7409074306488037,13,0.7409074306488037,13,0.7409074306488037,13,0.0789274275302887,-0.12622345983982086,1.340681552886963
6,18,10.0,decoder_3,300,0.7717732191085815,152,264,0.7024565935134888,0.039931800216436386,0.7233136892318726,0.7717732191085815,12,0.7717732191085815,12,0.7024565935134888,11,-0.07781466841697693,-0.10295093804597855,1.7035154104232788
6,16,10.0,final_nms07,237,0.7516992092132568,1,1,0.7516992092132568,0.7441502809524536,0.7441502809524536,0.7516992092132568,2,0.7516992092132568,2,0.7516992092132568,2,-0.07221068441867828,-0.18979386985301971,1.582504391670227
6,17,7.0,final_nms07,237,0.7238645553588867,11,0,0.6714761853218079,0.050106294453144073,0.7488754987716675,0.7238645553588867,2,0.7238645553588867,2,0.7238645553588867,2,0.1547461748123169,-0.1208358034491539,1.6950278282165527
6,18,10.0,final_nms07,237,0.7024565935134888,2,2,0.7024565935134888,0.7233136892318726,0.7233136892318726,0.7024565935134888,1,0.7024565935134888,1,0.7024565935134888,1,-0.13344325125217438,-0.10289642214775085,2.1805672645568848
7,19,11.0,encoder_all_counterfactual,34000,0.7577958703041077,25283,8083,0.33433157205581665,0.015953805297613144,0.09328130632638931,0.7577958703041077,9,0.7577958703041077,9,0.33433157205581665,0,0.0862063392996788,0.21488820016384125,0.3896375894546509
7,20,9.0,encoder_all_counterfactual,34000,0.7898510694503784,3002,8103,0.17425917088985443,0.01959780789911747,0.10472027212381363,0.7898510694503784,9,0.7898510694503784,9,0.5028502345085144,1,-0.03355616703629494,-0.14121945202350616,0.8043887615203857
7,21,8.000000000000002,encoder_all_counterfactual,34000,0.6585107445716858,18213,8123,0.1795329451560974,0.023189060389995575,0.10581859201192856,0.6585107445716858,13,0.6585107445716858,13,0.2518659234046936,0,-0.018866701051592827,-0.04691170156002045,3.205073118209839
7,19,11.0,topk,300,0.33433157205581665,51,51,0.33433157205581665,0.09328130632638931,0.09328130632638931,0.33433157205581665,0,0.33433157205581665,0,0.33433157205581665,0,0.5132731199264526,0.09123862534761429,9.11475658416748
7,20,9.0,topk,300,0.5028502345085144,147,17,0.17425917088985443,0.08102844655513763,0.10472027212381363,0.5028502345085144,1,0.5028502345085144,1,0.5028502345085144,1,0.2654017508029938,-0.0430314727127552,5.257436275482178
7,21,8.000000000000002,topk,300,0.2518659234046936,20,11,0.1795329451560974,0.1045432835817337,0.10581859201192856,0.2518659234046936,0,0.2518659234046936,0,0.2518659234046936,0,0.6316547989845276,0.8451664447784424,9.32110595703125
7,19,11.0,pre_bbox,300,0.7013334035873413,136,51,0.6710809469223022,0.36669692397117615,0.6332253217697144,0.7013334035873413,7,0.7013334035873413,7,0.7013334035873413,7,-0.07031192630529404,-0.2309003323316574,2.976958751678467
7,20,9.0,pre_bbox,300,0.7076146006584167,167,148,0.6742244362831116,0.17421787977218628,0.6309379935264587,0.7076146006584167,10,0.7076146006584167,10,0.7076146006584167,10,0.1506384313106537,-0.20795826613903046,2.0565924644470215
7,21,8.000000000000002,pre_bbox,300,0.703237771987915,209,20,0.6874098181724548,0.23598012328147888,0.5898697972297668,0.703237771987915,8,0.703237771987915,8,0.703237771987915,8,-0.08604523539543152,0.25907662510871887,2.10092830657959
7,19,11.0,decoder_1,300,0.724140465259552,136,51,0.6729854941368103,0.37567585706710815,0.6405704021453857,0.724140465259552,6,0.724140465259552,6,0.724140465259552,6,-0.06506919860839844,-0.22389985620975494,2.729665994644165
7,20,9.0,decoder_1,300,0.7127600312232971,167,148,0.6723130345344543,0.1789526790380478,0.6389296054840088,0.7127600312232971,9,0.7127600312232971,9,0.7127600312232971,9,0.11100050806999207,-0.22600333392620087,2.0676920413970947
7,21,8.000000000000002,decoder_1,300,0.6974616646766663,11,20,0.6823237538337708,0.5044103264808655,0.5963136553764343,0.6974616646766663,9,0.6974616646766663,9,0.6974616646766663,9,-0.07766780257225037,0.349563330411911,2.445406675338745
7,19,11.0,decoder_2,300,0.7371722459793091,140,51,0.6716017723083496,0.05716599151492119,0.7231384515762329,0.7371722459793091,11,0.7371722459793091,11,0.7371722459793091,9,-0.07947158813476562,-0.19918479025363922,0.6925011277198792
7,20,9.0,decoder_2,300,0.7530640363693237,47,147,0.7085292339324951,0.09960035234689713,0.6508446335792542,0.7530640363693237,13,0.7530640363693237,13,0.7530640363693237,9,-0.021565735340118408,-0.22791580855846405,0.23404385149478912
7,21,8.000000000000002,decoder_2,300,0.7270999550819397,211,20,0.667176365852356,0.0463220551609993,0.8104395270347595,0.7270999550819397,11,0.7270999550819397,11,0.7184032201766968,7,-0.06446246057748795,0.24254687130451202,1.8326483964920044
7,19,11.0,decoder_3,300,0.7205953598022461,123,51,0.6776953339576721,0.02550751343369484,0.7344382405281067,0.7205953598022461,13,0.7205953598022461,13,0.7014296054840088,10,-0.03681182861328125,-0.25186336040496826,0.415609747171402
7,20,9.0,decoder_3,300,0.731559157371521,47,147,0.6990252137184143,0.05976853892207146,0.7504751682281494,0.731559157371521,13,0.731559157371521,13,0.731559157371521,8,-0.023861970752477646,-0.23510877788066864,0.3909483551979065
7,21,8.000000000000002,decoder_3,300,0.6869819164276123,34,20,0.6760180592536926,0.039495281875133514,0.772175133228302,0.6869819164276123,12,0.6869819164276123,12,0.6820188164710999,4,-0.07208690047264099,0.24606166779994965,2.3229997158050537
7,19,11.0,final_nms07,218,0.6776953339576721,2,2,0.6776953339576721,0.7344382405281067,0.7344382405281067,0.6776953339576721,2,0.6776953339576721,2,0.6776953339576721,2,-0.07856178283691406,-0.2645249366760254,0.5923038125038147
7,20,9.0,final_nms07,218,0.6990252137184143,1,1,0.6990252137184143,0.7504751682281494,0.7504751682281494,0.6990252137184143,1,0.6990252137184143,1,0.6990252137184143,1,-0.05022788792848587,-0.26400646567344666,0.2925227880477905
7,21,8.000000000000002,final_nms07,218,0.6760180592536926,0,0,0.6760180592536926,0.772175133228302,0.772175133228302,0.6760180592536926,1,0.6760180592536926,1,0.6760180592536926,1,-0.07129382342100143,0.17849686741828918,2.4263710975646973
8,22,9.0,encoder_all_counterfactual,34000,0.6727758049964905,22440,1767,0.38363081216812134,0.009139254689216614,0.07279166579246521,0.6727758049964905,3,0.6727758049964905,3,0.38363081216812134,0,-0.14353840053081512,0.3187829256057739,1.7563501596450806
8,23,6.999999999999999,encoder_all_counterfactual,34000,0.6749270558357239,24003,2008,0.17302998900413513,0.019771477207541466,0.07196486741304398,0.6749270558357239,3,0.6749270558357239,3,0.4224347174167633,0,0.13534030318260193,0.3050214648246765,1.5518208742141724
8,24,8.000000000000002,encoder_all_counterfactual,34000,0.6765159368515015,25453,8163,0.20245444774627686,0.03266395628452301,0.10592545568943024,0.6765159368515015,8,0.6765159368515015,8,0.4877881407737732,0,-0.27821728587150574,0.09270311146974564,1.1403566598892212
8,22,9.0,topk,300,0.04327406734228134,23,-1,0,0.10326434671878815,,0.04327406734228134,0,0.04327406734228134,0,0.04327406734228134,0,0.9736427068710327,0.24710331857204437,19.89415168762207
8,23,6.999999999999999,topk,300,0.03682127594947815,14,-1,0,0.10501959174871445,,0.03682127594947815,0,0.03682127594947815,0,0.03682127594947815,0,0.6206580996513367,1.0758635997772217,17.636568069458008
8,24,8.000000000000002,topk,300,0.2889387011528015,32,9,0.20245444774627686,0.10146322101354599,0.10592545568943024,0.2889387011528015,0,0.2889387011528015,0,0.2889387011528015,0,1.0162904262542725,0.7164921760559082,8.122833251953125
8,22,9.0,pre_bbox,300,0.8059035539627075,23,23,0.8059035539627075,0.30441099405288696,0.30441099405288696,0.8059035539627075,2,0.8059035539627075,2,0.8059035539627075,2,-0.029604075476527214,-0.12511231005191803,1.624503254890442
8,23,6.999999999999999,pre_bbox,300,0.6540845632553101,14,14,0.6540845632553101,0.38370534777641296,0.38370534777641296,0.6540845632553101,1,0.6540845632553101,1,0.6540845632553101,1,-0.16185931861400604,0.33573824167251587,2.137566089630127
8,24,8.000000000000002,pre_bbox,300,0.9320473074913025,24,32,0.7133671045303345,0.3564251661300659,0.6263449788093567,0.9320473074913025,5,0.9320473074913025,5,0.9320473074913025,5,-0.010112529620528221,0.03254101425409317,0.42300716042518616
8,22,9.0,decoder_1,300,0.7312875986099243,23,23,0.7312875986099243,0.30896231532096863,0.30896231532096863,0.7312875986099243,3,0.7312875986099243,3,0.7312875986099243,3,-0.05913308635354042,-0.1760973483324051,2.3161940574645996
8,23,6.999999999999999,decoder_1,300,0.6196234226226807,14,14,0.6196234226226807,0.39088529348373413,0.39088529348373413,0.6196234226226807,3,0.6196234226226807,3,0.6196234226226807,3,-0.16483306884765625,0.28830140829086304,2.6408207416534424
8,24,8.000000000000002,decoder_1,300,0.8790765404701233,24,32,0.7123128771781921,0.3648485839366913,0.6350248456001282,0.8790765404701233,6,0.8790765404701233,6,0.8790765404701233,6,-0.03001401759684086,-0.00244299229234457,0.757011890411377
8,22,9.0,decoder_2,300,0.8207787871360779,23,23,0.8207787871360779,0.623917281627655,0.623917281627655,0.8207787871360779,8,0.8207787871360779,8,0.8207787871360779,7,0.04568483680486679,-0.1472451090812683,1.0997650623321533
8,23,6.999999999999999,decoder_2,300,0.9047092795372009,51,14,0.6287548542022705,0.0519961453974247,0.6453111171722412,0.9047092795372009,9,0.9047092795372009,9,0.9047092795372009,9,0.025318145751953125,0.05892125144600868,0.4624781012535095
8,24,8.000000000000002,decoder_2,300,0.8282695412635803,147,32,0.7738900184631348,0.0737525075674057,0.6468234658241272,0.8282695412635803,10,0.8282695412635803,10,0.8282695412635803,8,0.004648653790354729,0.2017558515071869,0.07457693666219711
8,22,9.0,decoder_3,300,0.8153893947601318,23,23,0.8153893947601318,0.7284112572669983,0.7284112572669983,0.8153893947601318,10,0.8153893947601318,10,0.8153893947601318,10,0.04623733088374138,-0.15266825258731842,1.1409363746643066
8,23,6.999999999999999,decoder_3,300,0.7199433445930481,51,14,0.6228365302085876,0.08406002819538116,0.725439190864563,0.7199433445930481,12,0.7199433445930481,12,0.7199433445930481,12,-0.2359333038330078,0.08021596074104309,1.4981598854064941
8,24,8.000000000000002,decoder_3,300,0.7647664546966553,32,32,0.7647664546966553,0.6501282453536987,0.6501282453536987,0.7647664546966553,10,0.7647664546966553,10,0.7647664546966553,10,-0.05147974193096161,0.21293452382087708,0.7315846085548401
8,22,9.0,final_nms07,211,0.8153893947601318,0,0,0.8153893947601318,0.7284112572669983,0.7284112572669983,0.8153893947601318,4,0.8153893947601318,4,0.8153893947601318,4,0.04623733088374138,-0.15266825258731842,1.1409363746643066
8,23,6.999999999999999,final_nms07,211,0.6228365302085876,1,1,0.6228365302085876,0.725439190864563,0.725439190864563,0.6228365302085876,1,0.6228365302085876,1,0.6228365302085876,1,-0.19377517700195312,0.3652127981185913,0.875188410282135
8,24,8.000000000000002,final_nms07,211,0.7647664546966553,2,2,0.7647664546966553,0.6501282453536987,0.6501282453536987,0.7647664546966553,1,0.7647664546966553,1,0.7647664546966553,1,-0.05147974193096161,0.21293452382087708,0.7315846085548401
9,25,9.0,encoder_all_counterfactual,34000,0.6476499438285828,23842,8103,0.12579965591430664,0.0177005622535944,0.10977859050035477,0.6476499438285828,11,0.6476499438285828,11,0.6388240456581116,2,0.0991753563284874,0.2778743803501129,2.057936191558838
9,26,10.0,encoder_all_counterfactual,34000,0.7449373006820679,24321,8123,0.351552277803421,0.020240189507603645,0.10814283788204193,0.7449373006820679,9,0.7449373006820679,9,0.5057423114776611,1,0.19870005548000336,-0.09867803752422333,1.7190021276474
9,27,10.0,encoder_all_counterfactual,34000,0.6450563669204712,25924,8143,0.10768943279981613,0.01646641455590725,0.10778237134218216,0.6450563669204712,6,0.6450563669204712,6,0.6335397958755493,1,0.2997964024543762,0.019463352859020233,2.6998777389526367
9,25,9.0,topk,300,0.5167934894561768,192,4,0.12579965591430664,0.07878254354000092,0.10977859050035477,0.5167934894561768,1,0.5167934894561768,1,0.5167934894561768,1,0.3092304766178131,0.4367000162601471,4.018471717834473
9,26,10.0,topk,300,0.351552277803421,5,5,0.351552277803421,0.10814283788204193,0.10814283788204193,0.351552277803421,0,0.351552277803421,0,0.351552277803421,0,0.7393097877502441,0.4671149253845215,6.183770179748535
9,27,10.0,topk,300,0.24001112580299377,37,7,0.10768943279981613,0.10207594931125641,0.10778237134218216,0.24001112580299377,0,0.24001112580299377,0,0.24001112580299377,0,0.6717817783355713,0.30979862809181213,10.867030143737793
9,25,9.0,pre_bbox,300,0.8692294359207153,157,192,0.8251340985298157,0.5424675345420837,0.6270970106124878,0.8692294359207153,12,0.8692294359207153,12,0.8692294359207153,12,0.06566080451011658,0.023249078541994095,1.0071941614151
9,26,10.0,pre_bbox,300,0.8002451062202454,215,5,0.684914231300354,0.23837551474571228,0.6838290691375732,0.8002451062202454,11,0.8002451062202454,11,0.8002451062202454,11,0.013078613206744194,0.017735743895173073,1.8943403959274292
9,27,10.0,pre_bbox,300,0.6947899460792542,37,37,0.6947899460792542,0.5988019108772278,0.5988019108772278,0.6947899460792542,4,0.6947899460792542,4,0.6947899460792542,4,-0.12071464955806732,-0.1550622433423996,2.2146213054656982
9,25,9.0,decoder_1,300,0.8595144748687744,157,192,0.8191449642181396,0.5509828329086304,0.6357367038726807,0.8595144748687744,11,0.8595144748687744,11,0.8595144748687744,11,0.06984776258468628,0.02697722613811493,1.0713289976119995
9,26,10.0,decoder_1,300,0.8036758899688721,215,5,0.6799625754356384,0.24571479856967926,0.6900516748428345,0.8036758899688721,10,0.8036758899688721,10,0.8036758899688721,10,0.0027370548341423273,0.007534713950008154,1.888759732246399
9,27,10.0,decoder_1,300,0.7223180532455444,48,37,0.6943486928939819,0.25891274213790894,0.6057538986206055,0.7223180532455444,4,0.7223180532455444,4,0.7223180532455444,4,-0.006614103447645903,-0.07244867086410522,2.3206136226654053
9,25,9.0,decoder_2,300,0.9271432757377625,170,192,0.7858628630638123,0.06664764136075974,0.714560329914093,0.9271432757377625,18,0.9271432757377625,18,0.9271432757377625,12,0.026760123670101166,0.009415189735591412,0.5543196201324463
9,26,10.0,decoder_2,300,0.8875014781951904,227,5,0.6992842555046082,0.05977645516395569,0.7131324410438538,0.8875014781951904,14,0.8875014781951904,14,0.8875014781951904,13,0.009971247054636478,0.041622720658779144,0.9722253084182739
9,27,10.0,decoder_2,300,0.9393287897109985,63,37,0.6840338706970215,0.04410289227962494,0.7459217309951782,0.9393287897109985,11,0.9393287897109985,11,0.7936658263206482,7,0.006889162119477987,-0.050611238926649094,0.15040414035320282
9,25,9.0,decoder_3,300,0.8371500968933105,146,192,0.7966083884239197,0.12011323124170303,0.7301589846611023,0.8371500968933105,18,0.8371500968933105,18,0.8371500968933105,10,0.031140455976128578,-0.1404445618391037,0.5702118873596191
9,26,10.0,decoder_3,300,0.7742195725440979,245,5,0.7118484973907471,0.07785311341285706,0.7320945858955383,0.7742195725440979,15,0.7742195725440979,15,0.7742195725440979,8,-0.08084849268198013,0.01883447915315628,1.7492867708206177
9,27,10.0,decoder_3,300,0.7576032280921936,39,37,0.6834617257118225,0.09171224385499954,0.7481131553649902,0.7576032280921936,11,0.7576032280921936,11,0.7576032280921936,9,-0.015325346030294895,-0.10046981275081635,2.3708372116088867
9,25,9.0,final_nms07,211,0.8371500968933105,4,2,0.7966083884239197,0.12011323124170303,0.7301589846611023,0.8371500968933105,4,0.8371500968933105,4,0.8371500968933105,4,0.031140455976128578,-0.1404445618391037,0.5702118873596191
9,26,10.0,final_nms07,211,0.7118484973907471,1,1,0.7118484973907471,0.7320945858955383,0.7320945858955383,0.7118484973907471,2,0.7118484973907471,2,0.7118484973907471,2,-0.07854270190000534,-0.03877566009759903,2.3028664588928223
9,27,10.0,final_nms07,211,0.6834617257118225,0,0,0.6834617257118225,0.7481131553649902,0.7481131553649902,0.6834617257118225,1,0.6834617257118225,1,0.6834617257118225,1,-0.11980360746383667,-0.15028263628482819,2.4174695014953613
10,28,10.0,encoder_all_counterfactual,34000,0.7406412363052368,22072,1206,0.3267976641654968,0.018291050568223,0.08330556005239487,0.7406412363052368,8,0.7406412363052368,8,0.5220357179641724,1,0.010355702601373196,0.3275586664676666,2.7929325103759766
10,29,5.999999999999999,encoder_all_counterfactual,34000,0.5095889568328857,3164,8103,0.2522404193878174,0.022101392969489098,0.10717038810253143,0.5095889568328857,1,0.5095889568328857,1,0.49938511848449707,0,-0.21473431587219238,0.6889087557792664,3.2565906047821045
10,30,8.000000000000002,encoder_all_counterfactual,34000,0.7216436266899109,22218,8124,0.12016452848911285,0.021987246349453926,0.09883018583059311,0.7216436266899109,9,0.7216436266899109,9,0.5446500182151794,2,-0.18192099034786224,-0.10873500257730484,0.87137770652771
10,28,10.0,topk,300,0.5220357179641724,141,133,0.3267976641654968,0.08288947492837906,0.08330556005239487,0.5220357179641724,1,0.5220357179641724,1,0.5220357179641724,1,-0.04088806360960007,0.14078187942504883,5.732007026672363
10,29,5.999999999999999,topk,300,0.2522404193878174,14,14,0.2522404193878174,0.10717038810253143,0.10717038810253143,0.2522404193878174,0,0.2522404193878174,0,0.2522404193878174,0,0.48846617341041565,1.4242808818817139,9.202770233154297
10,30,8.000000000000002,topk,300,0.12016452848911285,48,48,0.12016452848911285,0.09883018583059311,0.09883018583059311,0.12016452848911285,0,0.12016452848911285,0,0.12016452848911285,0,0.7975997924804688,0.7984655499458313,16.38265609741211
10,28,10.0,pre_bbox,300,0.798101007938385,142,141,0.7346386313438416,0.30794641375541687,0.6289020776748657,0.798101007938385,13,0.798101007938385,13,0.798101007938385,13,-0.18261097371578217,-0.017410947009921074,0.24025757610797882
10,29,5.999999999999999,pre_bbox,300,0.6175680756568909,162,14,0.5414730310440063,0.4109858274459839,0.6412643194198608,0.6175680756568909,10,0.6175680756568909,10,0.6175680756568909,10,-0.18815049529075623,0.3874936103820801,1.5772963762283325
10,30,8.000000000000002,pre_bbox,300,0.6850290894508362,48,48,0.6850290894508362,0.4501386880874634,0.4501386880874634,0.6850290894508362,5,0.6850290894508362,5,0.6850290894508362,5,-0.09396497905254364,0.2143247127532959,1.842722773551941
10,28,10.0,decoder_1,300,0.7879390716552734,142,141,0.7429929375648499,0.31643709540367126,0.6384166479110718,0.7879390716552734,12,0.7879390716552734,12,0.7879390716552734,12,-0.19307884573936462,-0.012672343291342258,0.3509618937969208
10,29,5.999999999999999,decoder_1,300,0.6094321608543396,162,14,0.540467381477356,0.4210050404071808,0.6477451324462891,0.6094321608543396,10,0.6094321608543396,10,0.6094321608543396,10,-0.1977405548095703,0.39439424872398376,1.4844332933425903
10,30,8.000000000000002,decoder_1,300,0.7081089615821838,48,48,0.7081089615821838,0.4601965546607971,0.4601965546607971,0.7081089615821838,5,0.7081089615821838,5,0.7081089615821838,5,-0.11444510519504547,0.1851097196340561,1.7828301191329956
10,28,10.0,decoder_2,300,0.8262144327163696,190,141,0.756245493888855,0.06246692314743996,0.745870053768158,0.8262144327163696,17,0.8262144327163696,17,0.8262144327163696,14,-0.11755482852458954,0.07549790292978287,0.7994985580444336
10,29,5.999999999999999,decoder_2,300,0.6431334614753723,54,227,0.5603554844856262,0.053814440965652466,0.617358386516571,0.6431334614753723,15,0.6431334614753723,15,0.6431334614753723,13,-0.20941925048828125,0.28999006748199463,2.4752280712127686
10,30,8.000000000000002,decoder_2,300,0.8034552931785583,6,48,0.7797768115997314,0.7242034673690796,0.751720666885376,0.8034552931785583,7,0.8034552931785583,7,0.8034552931785583,7,-0.0637323260307312,0.17655207216739655,0.7649122476577759
10,28,10.0,decoder_3,300,0.8655849695205688,188,141,0.753258228302002,0.05812717601656914,0.7404334545135498,0.8655849695205688,18,0.8655849695205688,18,0.8655849695205688,15,0.019637100398540497,-0.008856129832565784,1.1437950134277344
10,29,5.999999999999999,decoder_3,300,0.6702065467834473,54,227,0.5661638975143433,0.1484350860118866,0.6709323525428772,0.6702065467834473,15,0.6702065467834473,15,0.6702065467834473,12,-0.18955612182617188,0.25818130373954773,1.2297717332839966
10,30,8.000000000000002,decoder_3,300,0.7901025414466858,6,6,0.7901025414466858,0.7580254077911377,0.7580254077911377,0.7901025414466858,7,0.7901025414466858,7,0.7901025414466858,6,-0.08264026045799255,0.1755744218826294,0.7447742223739624
10,28,10.0,final_nms07,213,0.753258228302002,1,1,0.753258228302002,0.7404334545135498,0.7404334545135498,0.753258228302002,3,0.753258228302002,3,0.753258228302002,3,-0.17912134528160095,-0.024030817672610283,1.1492218971252441
10,29,5.999999999999999,final_nms07,213,0.5661638975143433,2,2,0.5661638975143433,0.6709323525428772,0.6709323525428772,0.5661638975143433,1,0.5661638975143433,1,0.5661638975143433,1,-0.21604347229003906,0.4906907379627228,0.5924737453460693
10,30,8.000000000000002,final_nms07,213,0.7901025414466858,0,0,0.7901025414466858,0.7580254077911377,0.7580254077911377,0.7901025414466858,1,0.7901025414466858,1,0.7901025414466858,1,-0.08264026045799255,0.1755744218826294,0.7447742223739624
11,31,8.000000000000002,encoder_all_counterfactual,34000,0.593419075012207,19207,1286,0.20099709928035736,0.027078038081526756,0.08314269781112671,0.593419075012207,5,0.593419075012207,5,0.42728522419929504,0,-0.15367063879966736,0.26741543412208557,3.2642698287963867
11,32,9.0,encoder_all_counterfactual,34000,0.7784058451652527,20809,8103,0.22953344881534576,0.025838688015937805,0.10085008293390274,0.7784058451652527,7,0.7784058451652527,7,0.39188870787620544,0,-0.09343436360359192,-0.11645729094743729,1.3873000144958496
11,33,9.0,encoder_all_counterfactual,34000,0.7053388357162476,23052,8143,0.2791125774383545,0.027684573084115982,0.10515923798084259,0.7053388357162476,11,0.7053388357162476,11,0.2791125774383545,0,0.111381895840168,0.27567365765571594,2.0746936798095703
11,31,8.000000000000002,topk,300,0.31115812063217163,98,93,0.20099709928035736,0.08274660259485245,0.08314269781112671,0.31115812063217163,0,0.31115812063217163,0,0.31115812063217163,0,0.2742839753627777,0.4511069655418396,7.557718753814697
11,32,9.0,topk,300,0.39188870787620544,112,32,0.22953344881534576,0.08210930228233337,0.10085008293390274,0.39188870787620544,0,0.39188870787620544,0,0.39188870787620544,0,0.29743692278862,0.3700006306171417,6.591060161590576
11,33,9.0,topk,300,0.2791125774383545,13,13,0.2791125774383545,0.10515923798084259,0.10515923798084259,0.2791125774383545,0,0.2791125774383545,0,0.2791125774383545,0,1.0591011047363281,0.6063055396080017,10.211747169494629
11,31,8.000000000000002,pre_bbox,300,0.7455577254295349,101,98,0.6933972239494324,0.17558051645755768,0.5691418051719666,0.7455577254295349,8,0.7455577254295349,8,0.7455577254295349,8,0.05676831305027008,0.2692287862300873,0.45891308784484863
11,32,9.0,pre_bbox,300,0.8329215049743652,113,32,0.7697471976280212,0.31034642457962036,0.6167188882827759,0.8329215049743652,11,0.8329215049743652,11,0.8329215049743652,11,0.015570344403386116,0.15734703838825226,0.619220495223999
11,33,9.0,pre_bbox,300,0.8657184839248657,13,13,0.8657184839248657,0.5573217272758484,0.5573217272758484,0.8657184839248657,4,0.8657184839248657,4,0.8657184839248657,4,0.09884665906429291,-0.0025944658555090427,1.0808295011520386
11,31,8.000000000000002,decoder_1,300,0.7347396612167358,101,98,0.6848160028457642,0.1810341775417328,0.5781426429748535,0.7347396612167358,8,0.7347396612167358,8,0.7347396612167358,8,0.03218250349164009,0.23713445663452148,0.8487626314163208
11,32,9.0,decoder_1,300,0.8527214527130127,113,32,0.7601656317710876,0.3118628263473511,0.6225235462188721,0.8527214527130127,11,0.8527214527130127,11,0.8527214527130127,11,0.008667649701237679,0.13467341661453247,0.9355338215827942
11,33,9.0,decoder_1,300,0.8544059991836548,13,13,0.8544059991836548,0.5676069259643555,0.5676069259643555,0.8544059991836548,4,0.8544059991836548,4,0.8544059991836548,4,0.09304557740688324,-0.006906227674335241,1.1372532844543457
11,31,8.000000000000002,decoder_2,300,0.7346293926239014,98,98,0.7346293926239014,0.6301528811454773,0.6301528811454773,0.7346293926239014,9,0.7346293926239014,9,0.7346293926239014,7,0.09109435975551605,0.24758054316043854,1.3538072109222412
11,32,9.0,decoder_2,300,0.8072758316993713,42,223,0.7441749572753906,0.05218441039323807,0.6241121888160706,0.8072758316993713,16,0.8072758316993713,16,0.8072758316993713,16,-0.06709647923707962,0.16680952906608582,0.32794052362442017
11,33,9.0,decoder_2,300,0.8308401107788086,13,13,0.8308401107788086,0.7356400489807129,0.7356400489807129,0.8308401107788086,5,0.8308401107788086,5,0.8308401107788086,4,-0.04248595982789993,-0.020642731338739395,1.0798536539077759
11,31,8.000000000000002,decoder_3,300,0.7424988746643066,98,98,0.7424988746643066,0.7280694246292114,0.7280694246292114,0.7424988746643066,11,0.7424988746643066,11,0.7424988746643066,9,0.06884534657001495,0.24835768342018127,1.3729302883148193
11,32,9.0,decoder_3,300,0.7383874654769897,205,223,0.7279958128929138,0.05857781320810318,0.7342391610145569,0.7383874654769897,18,0.7383874654769897,18,0.7383874654769897,16,0.030007490888237953,0.22629515826702118,2.1369869709014893
11,33,9.0,decoder_3,300,0.8855440616607666,214,13,0.8005441427230835,0.05731829255819321,0.7308658957481384,0.8855440616607666,6,0.8855440616607666,6,0.8855440616607666,6,-0.007112270221114159,-0.04999588802456856,0.6389515399932861
11,31,8.000000000000002,final_nms07,218,0.7424988746643066,2,2,0.7424988746643066,0.7280694246292114,0.7280694246292114,0.7424988746643066,2,0.7424988746643066,2,0.7424988746643066,2,0.06884534657001495,0.24835768342018127,1.3729302883148193
11,32,9.0,final_nms07,218,0.7279958128929138,0,0,0.7279958128929138,0.7342391610145569,0.7342391610145569,0.7279958128929138,2,0.7279958128929138,2,0.7279958128929138,2,-0.009254646487534046,0.09298630058765411,2.057018756866455
11,33,9.0,final_nms07,218,0.8005441427230835,1,1,0.8005441427230835,0.7308658957481384,0.7308658957481384,0.8005441427230835,1,0.8005441427230835,1,0.8005441427230835,1,-0.06255762279033661,-0.05057833716273308,1.2739477157592773
12,34,8.000000000000002,encoder_all_counterfactual,34000,0.6290645003318787,18572,18408,0.16556961834430695,0.03662067651748657,0.060462918132543564,0.6290645003318787,5,0.6290645003318787,5,0.16556961834430695,0,0.0450408011674881,0.043723106384277344,3.130868911743164
12,35,8.000000000000002,encoder_all_counterfactual,34000,0.6251382827758789,18056,20008,0.34198474884033203,0.01956074684858322,0.06767874956130981,0.6251382827758789,3,0.6251382827758789,3,0.34198474884033203,0,-0.02223004586994648,-0.3606484532356262,1.3878287076950073
12,36,10.0,encoder_all_counterfactual,34000,0.7138559818267822,23218,8143,0.1951708197593689,0.02567439340054989,0.10424783080816269,0.7138559818267822,10,0.7138559818267822,10,0.5180073380470276,1,0.05795368179678917,-0.1744551658630371,2.1240296363830566
12,34,8.000000000000002,topk,300,0.0,0,-1,0,0.10924721509218216,,0.0,0,0.0,0,0.0,0,1.4128363132476807,0.24962414801120758,358.2636413574219
12,35,8.000000000000002,topk,300,0.0,0,-1,0,0.10924721509218216,,0.0,0,0.0,0,0.0,0,1.4128363132476807,0.388471394777298,315.8674011230469
12,36,10.0,topk,300,0.2110992968082428,31,14,0.1951708197593689,0.10053976625204086,0.10424783080816269,0.2110992968082428,0,0.2110992968082428,0,0.2110992968082428,0,0.32546740770339966,0.16538488864898682,12.307888984680176
12,34,8.000000000000002,pre_bbox,300,0.3025485873222351,5,83,0.2607654929161072,0.07527347654104233,0.10716848820447922,0.3025485873222351,0,0.3025485873222351,0,0.3025485873222351,0,0.286093533039093,-0.009982332587242126,7.965853214263916
12,35,8.000000000000002,pre_bbox,300,0.06774885207414627,10,-1,0,0.06722079962491989,,0.06774885207414627,0,0.06774885207414627,0,0.06774885207414627,0,0.8525893092155457,0.21002686023712158,17.77113151550293
12,36,10.0,pre_bbox,300,0.8836482763290405,56,31,0.8113617897033691,0.2107933610677719,0.517454206943512,0.8836482763290405,5,0.8836482763290405,5,0.8836482763290405,5,-0.0682092159986496,-0.0464252233505249,0.7749531269073486
12,34,8.000000000000002,decoder_1,300,0.3759206533432007,5,83,0.2937626242637634,0.07280699908733368,0.10686331987380981,0.3759206533432007,0,0.3759206533432007,0,0.3759206533432007,0,0.6319732069969177,0.39619818329811096,6.322204113006592
12,35,8.000000000000002,decoder_1,300,0.17064563930034637,10,10,0.17064563930034637,0.05454426631331444,0.05454426631331444,0.17064563930034637,0,0.17064563930034637,0,0.17064563930034637,0,1.8130053281784058,1.0832144021987915,6.152177333831787
12,36,10.0,decoder_1,300,0.8229639530181885,31,31,0.8229639530181885,0.5241549015045166,0.5241549015045166,0.8229639530181885,5,0.8229639530181885,5,0.8229639530181885,5,-0.052320852875709534,-0.06631641834974289,1.2007007598876953
12,34,8.000000000000002,decoder_2,300,0.6035428047180176,83,83,0.6035428047180176,0.26811060309410095,0.26811060309410095,0.6035428047180176,1,0.6035428047180176,1,0.6035428047180176,1,0.27338454127311707,0.037153348326683044,3.2423694133758545
12,35,8.000000000000002,decoder_2,300,0.4578830599784851,40,40,0.4578830599784851,0.20205377042293549,0.20205377042293549,0.4578830599784851,0,0.4578830599784851,0,0.4578830599784851,0,0.05042383074760437,-0.13750553131103516,4.799734592437744
12,36,10.0,decoder_2,300,0.8473725914955139,56,14,0.7901689410209656,0.042104966938495636,0.6367583274841309,0.8473725914955139,6,0.8473725914955139,6,0.8049531579017639,3,-0.06960276514291763,-0.053451474756002426,1.0350381135940552
12,34,8.000000000000002,decoder_3,300,0.7610132098197937,83,83,0.7610132098197937,0.35595235228538513,0.35595235228538513,0.7610132098197937,2,0.7610132098197937,2,0.7610132098197937,2,0.17172715067863464,0.017277589067816734,1.1170670986175537
12,35,8.000000000000002,decoder_3,300,0.5120495557785034,40,40,0.5120495557785034,0.3070148825645447,0.3070148825645447,0.5120495557785034,1,0.5120495557785034,1,0.5120495557785034,1,0.10870596766471863,-0.13308122754096985,4.430923938751221
12,36,10.0,decoder_3,300,0.7912113666534424,4,14,0.7611835598945618,0.06512129306793213,0.7157058715820312,0.7912113666534424,6,0.7912113666534424,6,0.7912113666534424,6,-0.1333761066198349,-0.08702156692743301,1.0210087299346924
12,34,8.000000000000002,final_nms07,235,0.7610132098197937,1,1,0.7610132098197937,0.35595235228538513,0.35595235228538513,0.7610132098197937,1,0.7610132098197937,1,0.7610132098197937,1,0.17172715067863464,0.017277589067816734,1.1170670986175537
12,35,8.000000000000002,final_nms07,235,0.5120495557785034,2,2,0.5120495557785034,0.3070148825645447,0.3070148825645447,0.5120495557785034,1,0.5120495557785034,1,0.5120495557785034,1,0.10870596766471863,-0.13308122754096985,4.430923938751221
12,36,10.0,final_nms07,235,0.7611835598945618,0,0,0.7611835598945618,0.7157058715820312,0.7157058715820312,0.7611835598945618,2,0.7611835598945618,2,0.7611835598945618,2,-0.1157710924744606,-0.13915614783763885,1.30037260055542
13,37,10.0,encoder_all_counterfactual,34000,0.7464024424552917,18731,1206,0.13447923958301544,0.014476139098405838,0.08187135308980942,0.7464024424552917,8,0.7464024424552917,8,0.30579477548599243,0,0.1789698600769043,0.04266022890806198,2.19384765625
13,38,11.0,encoder_all_counterfactual,34000,0.7675875425338745,22386,8103,0.12302277237176895,0.02553555741906166,0.10330136865377426,0.7675875425338745,10,0.7675875425338745,10,0.5925513505935669,1,0.0689580887556076,0.19157665967941284,2.181384563446045
13,39,8.000000000000002,encoder_all_counterfactual,34000,0.5894504189491272,22889,22405,0.2063979059457779,0.03345135226845741,0.07634840160608292,0.5894504189491272,2,0.5894504189491272,2,0.2063979059457779,0,0.23690646886825562,-0.005942156072705984,3.5156307220458984
13,37,10.0,topk,300,0.13447923958301544,124,124,0.13447923958301544,0.08187135308980942,0.08187135308980942,0.13447923958301544,0,0.13447923958301544,0,0.13447923958301544,0,0.019411182031035423,0.13546821475028992,14.567474365234375
13,38,11.0,topk,300,0.5925513505935669,171,22,0.12302277237176895,0.08042363822460175,0.10330136865377426,0.5925513505935669,1,0.5925513505935669,1,0.5925513505935669,1,0.06407280266284943,0.1113947182893753,4.423891544342041
13,39,8.000000000000002,topk,300,0.0817204937338829,12,-1,0,0.1059778705239296,,0.0817204937338829,0,0.0817204937338829,0,0.0817204937338829,0,0.9659761786460876,0.6674706935882568,17.237882614135742
13,37,10.0,pre_bbox,300,0.745551347732544,134,124,0.7066856622695923,0.187141552567482,0.4665773808956146,0.745551347732544,8,0.745551347732544,8,0.745551347732544,8,-0.0019379615550860763,-0.029861027374863625,2.4324867725372314
13,38,11.0,pre_bbox,300,0.8277996778488159,177,171,0.6407906413078308,0.1637614667415619,0.6514856219291687,0.8277996778488159,9,0.8277996778488159,9,0.8277996778488159,9,-0.009784221649169922,-0.022622784599661827,1.5581753253936768
13,39,8.000000000000002,pre_bbox,300,0.8551465272903442,11,12,0.7569481730461121,0.2291763573884964,0.4121079444885254,0.8551465272903442,10,0.8551465272903442,10,0.8551465272903442,10,0.09381573647260666,0.06909489631652832,0.2887171506881714
13,37,10.0,decoder_1,300,0.7451825141906738,133,124,0.7178130149841309,0.1859506219625473,0.4772002696990967,0.7451825141906738,7,0.7451825141906738,7,0.7451825141906738,7,-0.06435394287109375,0.04101988673210144,2.498626947402954
13,38,11.0,decoder_1,300,0.7804219722747803,177,171,0.6461916565895081,0.16827428340911865,0.65815669298172,0.7804219722747803,9,0.7804219722747803,9,0.7804219722747803,9,-0.041149139404296875,-0.039639148861169815,2.075169801712036
13,39,8.000000000000002,decoder_1,300,0.8846186399459839,11,12,0.7615057229995728,0.2337152361869812,0.4206884205341339,0.8846186399459839,10,0.8846186399459839,10,0.8846186399459839,10,0.07264253497123718,0.0006423260201700032,0.5390705466270447
13,37,10.0,decoder_2,300,0.8353623151779175,134,124,0.7077038884162903,0.05324815958738327,0.6514332890510559,0.8353623151779175,13,0.8353623151779175,13,0.8353623151779175,12,-0.07024765014648438,-0.06346571445465088,0.982306718826294
13,38,11.0,decoder_2,300,0.7817355394363403,173,171,0.6280731558799744,0.03717830032110214,0.7030882835388184,0.7817355394363403,14,0.7817355394363403,14,0.7679938077926636,10,-0.11112213134765625,-0.12053542584180832,1.1678950786590576
13,39,8.000000000000002,decoder_2,300,0.8977050185203552,293,12,0.8666494488716125,0.1912553310394287,0.6790130138397217,0.8977050185203552,12,0.8977050185203552,12,0.8977050185203552,11,0.057617634534835815,0.03824297711253166,0.5485167503356934
13,37,10.0,decoder_3,300,0.8480592966079712,130,124,0.7082499265670776,0.051178835332393646,0.7033907175064087,0.8480592966079712,15,0.8480592966079712,15,0.8480592966079712,12,0.01197052001953125,-0.017430027946829796,1.2605078220367432
13,38,11.0,decoder_3,300,0.7071971893310547,201,171,0.6216359734535217,0.055990394204854965,0.7349103689193726,0.7071971893310547,15,0.7071971893310547,15,0.7071971893310547,14,-0.15251922607421875,-0.15216787159442902,1.9146699905395508
13,39,8.000000000000002,decoder_3,300,0.8952485918998718,12,12,0.8952485918998718,0.7138391733169556,0.7138391733169556,0.8952485918998718,12,0.8952485918998718,12,0.8952485918998718,8,0.042847126722335815,0.0469331331551075,0.49527737498283386
13,37,10.0,final_nms07,199,0.7082499265670776,2,2,0.7082499265670776,0.7033907175064087,0.7033907175064087,0.7082499265670776,2,0.7082499265670776,2,0.7082499265670776,2,-0.128448486328125,-0.05976692587137222,2.0273807048797607
13,38,11.0,final_nms07,199,0.6216359734535217,0,0,0.6216359734535217,0.7349103689193726,0.7349103689193726,0.6216359734535217,1,0.6216359734535217,1,0.6216359734535217,1,-0.19263839721679688,-0.23004092276096344,0.9507933259010315
13,39,8.000000000000002,final_nms07,199,0.8952485918998718,1,1,0.8952485918998718,0.7138391733169556,0.7138391733169556,0.8952485918998718,1,0.8952485918998718,1,0.8952485918998718,1,0.042847126722335815,0.0469331331551075,0.49527737498283386
14,40,8.000000000000002,encoder_all_counterfactual,34000,0.5617613196372986,18415,1207,0.16926679015159607,0.02626747637987137,0.08197345584630966,0.5617613196372986,3,0.5617613196372986,3,0.43492838740348816,0,-0.32457807660102844,0.299554705619812,2.6887454986572266
14,41,6.999999999999999,encoder_all_counterfactual,34000,0.5585610866546631,20176,1367,0.24114380776882172,0.022094963118433952,0.08056610822677612,0.5585610866546631,3,0.5585610866546631,3,0.3730306327342987,0,-0.06644697487354279,0.218211829662323,2.841315269470215
14,42,5.999999999999999,encoder_all_counterfactual,34000,0.44041314721107483,3487,1767,0.35526642203330994,0.019040433689951897,0.07957819849252701,0.44041314721107483,0,0.44041314721107483,0,0.35526642203330994,0,-0.1881425976753235,0.9674961566925049,5.70687198638916
14,40,8.000000000000002,topk,300,0.43492838740348816,170,163,0.16926679015159607,0.08176876604557037,0.08197345584630966,0.43492838740348816,0,0.43492838740348816,0,0.43492838740348816,0,0.351849764585495,0.3411853611469269,5.548874378204346
14,41,6.999999999999999,topk,300,0.3262838125228882,211,199,0.24114380776882172,0.08014801144599915,0.08056610822677612,0.3262838125228882,0,0.3262838125228882,0,0.3262838125228882,0,0.8667343854904175,0.641801655292511,3.552112340927124
14,42,5.999999999999999,topk,300,0.35526642203330994,235,235,0.35526642203330994,0.07957819849252701,0.07957819849252701,0.35526642203330994,0,0.35526642203330994,0,0.35526642203330994,0,0.15067711472511292,0.8423073887825012,4.688381195068359
14,40,8.000000000000002,pre_bbox,300,0.769279956817627,160,170,0.7243117094039917,0.3721733093261719,0.597916305065155,0.769279956817627,8,0.769279956817627,8,0.769279956817627,8,-0.03230232745409012,0.023520492017269135,1.4778687953948975
14,41,6.999999999999999,pre_bbox,300,0.6103484630584717,211,211,0.6103484630584717,0.6461323499679565,0.6461323499679565,0.6103484630584717,5,0.6103484630584717,5,0.6103484630584717,5,0.3095023036003113,0.24164865911006927,2.2107300758361816
14,42,5.999999999999999,pre_bbox,300,0.5892801880836487,237,235,0.5721960067749023,0.4818800389766693,0.5670479536056519,0.5892801880836487,4,0.5892801880836487,4,0.5892801880836487,4,-0.1574985682964325,0.5100475549697876,1.2677537202835083
14,40,8.000000000000002,decoder_1,300,0.7940054535865784,160,170,0.73259037733078,0.3815070688724518,0.604914665222168,0.7940054535865784,7,0.7940054535865784,7,0.7940054535865784,7,-0.057396337389945984,0.003905131248757243,1.2717509269714355
14,41,6.999999999999999,decoder_1,300,0.6165063977241516,211,211,0.6165063977241516,0.6535782814025879,0.6535782814025879,0.6165063977241516,5,0.6165063977241516,5,0.6165063977241516,5,0.2974937856197357,0.25013479590415955,2.2591753005981445
14,42,5.999999999999999,decoder_1,300,0.5853540301322937,9,235,0.5703536868095398,0.3314865827560425,0.5762386322021484,0.5853540301322937,5,0.5853540301322937,5,0.5853540301322937,5,-0.08585242182016373,0.6144503355026245,0.797617495059967
14,40,8.000000000000002,decoder_2,300,0.8762264847755432,170,170,0.8762264847755432,0.6971918940544128,0.6971918940544128,0.8762264847755432,16,0.8762264847755432,16,0.8762264847755432,11,0.0013872995041310787,0.12915344536304474,0.6810334324836731
14,41,6.999999999999999,decoder_2,300,0.6835829019546509,14,211,0.6170850396156311,0.060169510543346405,0.6765559911727905,0.6835829019546509,14,0.6835829019546509,14,0.6835829019546509,14,0.20852304995059967,0.21046894788742065,1.1462209224700928
14,42,5.999999999999999,decoder_2,300,0.578292191028595,29,235,0.5659747123718262,0.058396175503730774,0.6647444367408752,0.578292191028595,8,0.578292191028595,8,0.578292191028595,7,-0.09440630674362183,0.6167603135108948,0.9445093870162964
14,40,8.000000000000002,decoder_3,300,0.8661322593688965,230,170,0.863524854183197,0.05350515618920326,0.7405784726142883,0.8661322593688965,18,0.8661322593688965,18,0.8661322593688965,14,-0.000985866179689765,0.1535722315311432,0.7668594717979431
14,41,6.999999999999999,decoder_3,300,0.70600825548172,186,211,0.6426255106925964,0.12515129148960114,0.7216385006904602,0.70600825548172,15,0.70600825548172,15,0.70600825548172,14,0.20776773989200592,-0.008064670488238335,1.4977054595947266
14,42,5.999999999999999,decoder_3,300,0.6174539923667908,108,235,0.571891725063324,0.06887111812829971,0.6962546110153198,0.6174539923667908,8,0.6174539923667908,8,0.6174539923667908,7,-0.018130483105778694,0.42434558272361755,1.4292902946472168
14,40,8.000000000000002,final_nms07,202,0.863524854183197,0,0,0.863524854183197,0.7405784726142883,0.7405784726142883,0.863524854183197,6,0.863524854183197,6,0.863524854183197,5,-0.010301357135176659,0.1371777206659317,0.6803414821624756
14,41,6.999999999999999,final_nms07,202,0.6426255106925964,1,1,0.6426255106925964,0.7216385006904602,0.7216385006904602,0.6426255106925964,1,0.6426255106925964,1,0.6426255106925964,1,0.2522321045398712,0.24267160892486572,1.556698203086853
14,42,5.999999999999999,final_nms07,202,0.571891725063324,2,2,0.571891725063324,0.6962546110153198,0.6962546110153198,0.571891725063324,1,0.571891725063324,1,0.571891725063324,1,-0.19349250197410583,0.5086691975593567,1.171934723854065
15,43,7.0,encoder_all_counterfactual,34000,0.6341104507446289,19050,1207,0.2724144458770752,0.03582661598920822,0.08237352967262268,0.6341104507446289,5,0.6341104507446289,5,0.2724144458770752,0,0.21061843633651733,0.044475309550762177,2.4233572483062744
15,44,9.0,encoder_all_counterfactual,34000,0.6687601804733276,21298,8084,0.1496373862028122,0.024809738621115685,0.11313667893409729,0.6687601804733276,6,0.6687601804733276,6,0.5740522742271423,1,-0.1684623509645462,0.29271218180656433,2.4326789379119873
15,45,8.000000000000002,encoder_all_counterfactual,34000,0.5730177760124207,23029,8105,0.22210170328617096,0.017444176599383354,0.10198966413736343,0.5730177760124207,3,0.5730177760124207,3,0.5192707777023315,1,0.17693091928958893,0.04170555993914604,4.046145915985107
15,43,7.0,topk,300,0.2724144458770752,132,132,0.2724144458770752,0.08237352967262268,0.08237352967262268,0.2724144458770752,0,0.2724144458770752,0,0.2724144458770752,0,0.6450511813163757,0.148166224360466,8.804583549499512
15,44,9.0,topk,300,0.5740522742271423,175,0,0.1496373862028122,0.08001073449850082,0.11313667893409729,0.5740522742271423,1,0.5740522742271423,1,0.5740522742271423,1,0.39354872703552246,0.25005027651786804,1.6930087804794312
15,45,8.000000000000002,topk,300,0.5192707777023315,181,38,0.22210170328617096,0.07979653775691986,0.10198966413736343,0.5192707777023315,1,0.5192707777023315,1,0.5192707777023315,1,0.4102935194969177,0.3543168306350708,3.074410915374756
15,43,7.0,pre_bbox,300,0.755948543548584,40,132,0.7290998101234436,0.3326471447944641,0.5227814316749573,0.755948543548584,8,0.755948543548584,8,0.755948543548584,8,0.27367931604385376,-0.0014823356177657843,1.0420857667922974
15,44,9.0,pre_bbox,300,0.7933480739593506,175,175,0.7933480739593506,0.5815704464912415,0.5815704464912415,0.7933480739593506,12,0.7933480739593506,12,0.7933480739593506,12,-0.0636761337518692,-0.00026152009377256036,1.3951234817504883
15,45,8.000000000000002,pre_bbox,300,0.8496183753013611,38,181,0.652958333492279,0.478158563375473,0.522916316986084,0.8496183753013611,9,0.8496183753013611,9,0.8496183753013611,9,0.07649900764226913,0.09335692971944809,0.5725882053375244
15,43,7.0,decoder_1,300,0.7727944850921631,40,132,0.7172055840492249,0.3412330150604248,0.5332916975021362,0.7727944850921631,8,0.7727944850921631,8,0.7727944850921631,8,0.23530957102775574,-0.05543830245733261,0.7142284512519836
15,44,9.0,decoder_1,300,0.7868512272834778,175,175,0.7868512272834778,0.5900354981422424,0.5900354981422424,0.7868512272834778,12,0.7868512272834778,12,0.7868512272834778,12,-0.07548648118972778,0.0018747904105111957,1.3741340637207031
15,45,8.000000000000002,decoder_1,300,0.8556209802627563,38,181,0.6415693163871765,0.4879150390625,0.532072901725769,0.8556209802627563,9,0.8556209802627563,9,0.8556209802627563,9,0.06830736994743347,0.08375728875398636,0.6446542143821716
15,43,7.0,decoder_2,300,0.8469036221504211,47,126,0.727817177772522,0.02991543523967266,0.4911864399909973,0.8469036221504211,14,0.8469036221504211,14,0.7498903274536133,10,-0.013834836892783642,-0.14121806621551514,0.9185192584991455
15,44,9.0,decoder_2,300,0.8769567608833313,164,175,0.8387697339057922,0.052407894283533096,0.6282095909118652,0.8769567608833313,16,0.8769567608833313,16,0.8769567608833313,11,-0.023332787677645683,0.10360436141490936,0.9470595717430115
15,45,8.000000000000002,decoder_2,300,0.8815643787384033,181,181,0.8815643787384033,0.5526100397109985,0.5526100397109985,0.8815643787384033,12,0.8815643787384033,12,0.8815643787384033,10,0.014315813779830933,0.07095357775688171,0.44214874505996704
15,43,7.0,decoder_3,300,0.744023859500885,215,126,0.7135178446769714,0.13864083588123322,0.5563910603523254,0.744023859500885,21,0.744023859500885,21,0.744023859500885,19,0.3067972660064697,0.026614941656589508,0.38615384697914124
15,44,9.0,decoder_3,300,0.883592426776886,164,175,0.8224267363548279,0.06384501606225967,0.6938495635986328,0.883592426776886,16,0.883592426776886,16,0.883592426776886,15,-0.01875896565616131,0.05941736698150635,0.8955196738243103
15,45,8.000000000000002,decoder_3,300,0.8596495985984802,181,181,0.8596495985984802,0.6579412817955017,0.6579412817955017,0.8596495985984802,12,0.8596495985984802,12,0.8596495985984802,11,0.01247212290763855,0.063326396048069,0.6830053925514221
15,43,7.0,final_nms07,217,0.7135178446769714,2,2,0.7135178446769714,0.5563910603523254,0.5563910603523254,0.7135178446769714,3,0.7135178446769714,3,0.7135178446769714,3,0.29799431562423706,0.059893812984228134,0.6710935831069946
15,44,9.0,final_nms07,217,0.8224267363548279,0,0,0.8224267363548279,0.6938495635986328,0.6938495635986328,0.8224267363548279,3,0.8224267363548279,3,0.8224267363548279,3,-0.04318765178322792,-0.02119489386677742,1.2828099727630615
15,45,8.000000000000002,final_nms07,217,0.8596495985984802,1,1,0.8596495985984802,0.6579412817955017,0.6579412817955017,0.8596495985984802,1,0.8596495985984802,1,0.8596495985984802,1,0.01247212290763855,0.063326396048069,0.6830053925514221
16,46,6.999999999999999,encoder_all_counterfactual,34000,0.655211329460144,19562,16208,0.11358830332756042,0.019177958369255066,0.0522024929523468,0.655211329460144,3,0.655211329460144,3,0.11358830332756042,0,0.39810916781425476,0.09162737429141998,1.9675246477127075
16,46,6.999999999999999,topk,300,0.11358830332756042,191,191,0.11358830332756042,0.0522024929523468,0.0522024929523468,0.11358830332756042,0,0.11358830332756042,0,0.11358830332756042,0,0.34779226779937744,0.6079819202423096,12.805441856384277
16,46,6.999999999999999,pre_bbox,300,0.7187334299087524,168,191,0.5319252610206604,0.11552958935499191,0.5129225254058838,0.7187334299087524,5,0.7187334299087524,5,0.7187334299087524,5,0.2299686223268509,-0.015295708552002907,1.3488743305206299
16,46,6.999999999999999,decoder_1,300,0.7392140030860901,168,191,0.5241451859474182,0.1191977858543396,0.5214065313339233,0.7392140030860901,4,0.7392140030860901,4,0.7392140030860901,4,0.19124086201190948,-0.07031940668821335,1.8160449266433716
16,46,6.999999999999999,decoder_2,300,0.7726489305496216,108,191,0.7169157266616821,0.5464397668838501,0.6453685164451599,0.7726489305496216,8,0.7726489305496216,8,0.7726489305496216,8,0.2606748044490814,-0.015814613550901413,0.2709404528141022
16,46,6.999999999999999,decoder_3,300,0.786334216594696,108,191,0.7686444520950317,0.5889061093330383,0.743895411491394,0.786334216594696,10,0.786334216594696,10,0.786334216594696,10,0.2507241666316986,-0.011886547319591045,0.1776212602853775
16,46,6.999999999999999,final_nms07,247,0.7686444520950317,0,0,0.7686444520950317,0.743895411491394,0.743895411491394,0.7686444520950317,3,0.7686444520950317,3,0.7686444520950317,3,0.2719346582889557,0.012735044583678246,0.24490036070346832
17,47,8.999999999999998,encoder_all_counterfactual,34000,0.6261932849884033,27242,26761,0.4793148636817932,0.02337503246963024,0.04986917972564697,0.6261932849884033,8,0.6261932849884033,8,0.05060180276632309,0,-0.20115317404270172,0.280265212059021,2.897022008895874
17,47,8.999999999999998,topk,300,0.05060180276632309,279,-1,0,0.05254090204834938,,0.05060180276632309,0,0.05060180276632309,0,0.05060180276632309,0,2.686497926712036,1.9324898719787598,28.024328231811523
17,47,8.999999999999998,pre_bbox,300,0.3158901631832123,279,279,0.3158901631832123,0.10889288783073425,0.10889288783073425,0.3158901631832123,0,0.3158901631832123,0,0.3158901631832123,0,0.28967878222465515,0.440618097782135,7.969029903411865
17,47,8.999999999999998,decoder_1,300,0.35366693139076233,279,279,0.35366693139076233,0.11164712905883789,0.11164712905883789,0.35366693139076233,0,0.35366693139076233,0,0.35366693139076233,0,0.1442374289035797,0.38166314363479614,6.919620037078857
17,47,8.999999999999998,decoder_2,300,0.5976806282997131,279,279,0.5976806282997131,0.5683239698410034,0.5683239698410034,0.5976806282997131,1,0.5976806282997131,1,0.5976806282997131,1,0.06593523174524307,0.15394310653209686,3.479667901992798
17,47,8.999999999999998,decoder_3,300,0.6509876847267151,279,279,0.6509876847267151,0.7133831977844238,0.7133831977844238,0.6509876847267151,2,0.6509876847267151,2,0.6509876847267151,2,0.1439955085515976,0.11861360818147659,2.7927820682525635
17,47,8.999999999999998,final_nms07,271,0.6509876847267151,0,0,0.6509876847267151,0.7133831977844238,0.7133831977844238,0.6509876847267151,2,0.6509876847267151,2,0.6509876847267151,2,0.1439955085515976,0.11861360818147659,2.7927820682525635
18,48,8.0,encoder_all_counterfactual,34000,0.7062017917633057,21314,6846,0.14263811707496643,0.02886342816054821,0.09711179882287979,0.7062017917633057,2,0.7062017917633057,2,0.39219728112220764,0,0.07809847593307495,0.041964367032051086,2.4295198917388916
18,48,8.0,topk,300,0.39219728112220764,44,15,0.14263811707496643,0.09258405864238739,0.09711179882287979,0.39219728112220764,0,0.39219728112220764,0,0.39219728112220764,0,0.520768940448761,0.06600472331047058,7.613524913787842
18,48,8.0,pre_bbox,300,0.7546545267105103,30,67,0.6775255799293518,0.12476535886526108,0.5686885714530945,0.7546545267105103,7,0.7546545267105103,7,0.7546545267105103,7,-0.07631907612085342,-0.13388586044311523,1.8424134254455566
18,48,8.0,decoder_1,300,0.7128852009773254,30,67,0.6669685244560242,0.12750962376594543,0.5754557847976685,0.7128852009773254,7,0.7128852009773254,7,0.7128852009773254,7,-0.15192587673664093,-0.07385716587305069,2.1707077026367188
18,48,8.0,decoder_2,300,0.742462158203125,73,44,0.6947816014289856,0.05842442065477371,0.6351534128189087,0.742462158203125,15,0.742462158203125,15,0.742462158203125,12,0.2139284461736679,-0.040854040533304214,2.2427594661712646
18,48,8.0,decoder_3,300,0.7093808054924011,73,44,0.6883112192153931,0.08639061450958252,0.7130230665206909,0.7093808054924011,11,0.7093808054924011,11,0.7093808054924011,10,0.1778912991285324,-0.04759390652179718,2.5471949577331543
18,48,8.0,final_nms07,258,0.6883112192153931,0,0,0.6883112192153931,0.7130230665206909,0.7130230665206909,0.6883112192153931,1,0.6883112192153931,1,0.6883112192153931,1,0.15166695415973663,-0.12865489721298218,2.147916555404663
19,49,8.0,encoder_all_counterfactual,34000,0.6252636313438416,27882,6925,0.22787481546401978,0.013495082035660744,0.09389632195234299,0.6252636313438416,6,0.6252636313438416,6,0.5145190358161926,1,0.3026103675365448,0.052880220115184784,3.5837812423706055
19,49,8.0,topk,300,0.5145190358161926,37,36,0.22787481546401978,0.09362854063510895,0.09389632195234299,0.5145190358161926,1,0.5145190358161926,1,0.5145190358161926,1,0.4417840242385864,-0.10376638919115067,5.431960582733154
19,49,8.0,pre_bbox,300,0.6970725059509277,37,37,0.6970725059509277,0.5816276669502258,0.5816276669502258,0.6970725059509277,7,0.6970725059509277,7,0.6970725059509277,7,0.23082298040390015,-0.16926193237304688,1.6087419986724854
19,49,8.0,decoder_1,300,0.7031149864196777,37,37,0.7031149864196777,0.5910068154335022,0.5910068154335022,0.7031149864196777,5,0.7031149864196777,5,0.7031149864196777,5,0.22862784564495087,-0.1622122824192047,1.679396629333496
19,49,8.0,decoder_2,300,0.7181723117828369,37,37,0.7181723117828369,0.5925250053405762,0.5925250053405762,0.7181723117828369,15,0.7181723117828369,15,0.7181723117828369,9,0.15688015520572662,-0.15886633098125458,1.639552116394043
19,49,8.0,decoder_3,300,0.7166607975959778,288,37,0.7012196779251099,0.022533291950821877,0.7157144546508789,0.7166607975959778,14,0.7166607975959778,14,0.7079997062683105,11,0.32141390442848206,-0.003209733869880438,1.9537994861602783
19,49,8.0,final_nms07,252,0.7012196779251099,0,0,0.7012196779251099,0.7157144546508789,0.7157144546508789,0.7012196779251099,1,0.7012196779251099,1,0.7012196779251099,1,0.15578407049179077,-0.1609870195388794,1.7926323413848877
20,50,6.999999999999999,encoder_all_counterfactual,34000,0.6010532379150391,28200,22766,0.13700494170188904,0.010656416416168213,0.05132744088768959,0.6010532379150391,1,0.6010532379150391,1,0.13700494170188904,0,-0.07928428798913956,0.19784820079803467,3.1144626140594482
20,50,6.999999999999999,topk,300,0.035396382212638855,181,-1,0,0.07256536930799484,,0.035396382212638855,0,0.035396382212638855,0,0.035396382212638855,0,1.316933035850525,2.223066568374634,30.62759017944336
20,50,6.999999999999999,pre_bbox,300,0.7330294847488403,149,3,0.4275180399417877,0.16691729426383972,0.2526816129684448,0.7330294847488403,7,0.7330294847488403,7,0.7330294847488403,7,-0.046130020171403885,0.3092588186264038,0.8717877268791199
20,50,6.999999999999999,decoder_1,300,0.697006344795227,149,3,0.45763105154037476,0.17158448696136475,0.2572706639766693,0.697006344795227,6,0.697006344795227,6,0.697006344795227,6,-0.09222124516963959,0.3331195116043091,1.066943645477295
20,50,6.999999999999999,decoder_2,300,0.7610667943954468,188,3,0.6447393298149109,0.1949733942747116,0.6730602383613586,0.7610667943954468,11,0.7610667943954468,11,0.7610667943954468,11,-0.011434698477387428,0.25380340218544006,1.0197978019714355
20,50,6.999999999999999,decoder_3,300,0.7714301347732544,188,3,0.6484520435333252,0.17921113967895508,0.7519551515579224,0.7714301347732544,11,0.7714301347732544,11,0.7714301347732544,11,-0.023861266672611237,0.2660582959651947,0.4900609850883484
20,50,6.999999999999999,final_nms07,266,0.6484520435333252,0,0,0.6484520435333252,0.7519551515579224,0.7519551515579224,0.6484520435333252,1,0.6484520435333252,1,0.6484520435333252,1,0.020926237106323242,0.3862268626689911,1.1834598779678345
21,51,9.999999999999998,encoder_all_counterfactual,34000,0.702003538608551,21640,8088,0.4047837555408478,0.03676054999232292,0.10174961388111115,0.702003538608551,12,0.702003538608551,12,0.5150102972984314,1,-0.006462587043642998,-0.057962607592344284,2.5870437622070312
21,51,9.999999999999998,topk,300,0.4047837555408478,13,13,0.4047837555408478,0.10174961388111115,0.10174961388111115,0.4047837555408478,0,0.4047837555408478,0,0.4047837555408478,0,0.12505900859832764,0.4545767605304718,6.1714582443237305
21,51,9.999999999999998,pre_bbox,300,0.7233822345733643,31,13,0.719332754611969,0.27534356713294983,0.7286556363105774,0.7233822345733643,10,0.7233822345733643,10,0.7233822345733643,10,-0.14568635821342468,-0.053908586502075195,1.6741658449172974
21,51,9.999999999999998,decoder_1,300,0.7212276458740234,13,13,0.7212276458740234,0.7356680631637573,0.7356680631637573,0.7212276458740234,7,0.7212276458740234,7,0.7212276458740234,7,-0.10597201436758041,-0.06252817064523697,2.4580423831939697
21,51,9.999999999999998,decoder_2,300,0.7485179901123047,49,13,0.7285832166671753,0.11919228732585907,0.7311442494392395,0.7485179901123047,12,0.7485179901123047,12,0.7485179901123047,6,-0.08516078442335129,-0.06632562726736069,2.156953811645508
21,51,9.999999999999998,decoder_3,300,0.724620521068573,49,13,0.717132568359375,0.07632364332675934,0.7370575070381165,0.724620521068573,13,0.724620521068573,13,0.724620521068573,5,-0.07368630170822144,-0.08190134912729263,2.370049238204956
21,51,9.999999999999998,final_nms07,252,0.717132568359375,0,0,0.717132568359375,0.7370575070381165,0.7370575070381165,0.717132568359375,1,0.717132568359375,1,0.717132568359375,1,-0.07896333187818527,-0.11296966671943665,2.199939250946045
22,52,9.999999999999998,encoder_all_counterfactual,34000,0.6202344298362732,2138,6729,0.2625099718570709,0.028045853599905968,0.09275417774915695,0.6202344298362732,5,0.6202344298362732,5,0.33852618932724,0,-0.31084078550338745,0.0107912952080369,2.637681245803833
22,52,9.999999999999998,topk,300,0.33852618932724,46,29,0.2625099718570709,0.08921696990728378,0.09275417774915695,0.33852618932724,0,0.33852618932724,0,0.33852618932724,0,0.12961909174919128,0.23025961220264435,8.991644859313965
22,52,9.999999999999998,pre_bbox,300,0.8218535780906677,29,264,0.7391151785850525,0.5547149777412415,0.6267268657684326,0.8218535780906677,13,0.8218535780906677,13,0.8218535780906677,12,-0.11188805103302002,0.023685837164521217,1.7575955390930176
22,52,9.999999999999998,decoder_1,300,0.8200300335884094,29,264,0.7392484545707703,0.5627065300941467,0.6310778856277466,0.8200300335884094,12,0.8200300335884094,12,0.8200300335884094,12,-0.11542268842458725,0.020390616729855537,1.8039674758911133
22,52,9.999999999999998,decoder_2,300,0.8458220362663269,191,264,0.8146164417266846,0.06357907503843307,0.711518406867981,0.8458220362663269,26,0.8458220362663269,26,0.8458220362663269,17,-0.11161867529153824,0.025346705690026283,1.453315258026123
22,52,9.999999999999998,decoder_3,300,0.8148838877677917,191,264,0.7944901585578918,0.0473879836499691,0.7317981719970703,0.8148838877677917,32,0.8148838877677917,32,0.8140760660171509,22,-0.11237084120512009,0.02221118099987507,1.6182234287261963
22,52,9.999999999999998,final_nms07,211,0.7944901585578918,0,0,0.7944901585578918,0.7317981719970703,0.7317981719970703,0.7944901585578918,7,0.7944901585578918,7,0.7944901585578918,6,-0.13948479294776917,-0.04696926847100258,0.952433168888092
23,53,9.999999999999998,encoder_all_counterfactual,34000,0.6224717497825623,21644,8087,0.28215155005455017,0.015100345946848392,0.11317628622055054,0.6224717497825623,4,0.6224717497825623,4,0.28215155005455017,0,0.002865453949198127,-0.1064486876130104,3.8394882678985596
23,53,9.999999999999998,topk,300,0.28215155005455017,0,0,0.28215155005455017,0.11317628622055054,0.11317628622055054,0.28215155005455017,0,0.28215155005455017,0,0.28215155005455017,0,0.24048812687397003,0.46748536825180054,10.815170288085938
23,53,9.999999999999998,pre_bbox,300,0.8953666090965271,48,168,0.8281779885292053,0.44439828395843506,0.5232906937599182,0.8953666090965271,15,0.8953666090965271,15,0.8953666090965271,15,0.06374583393335342,-0.011866615153849125,0.9885342121124268
23,53,9.999999999999998,decoder_1,300,0.9118520021438599,48,168,0.8382567763328552,0.4519335627555847,0.5329833030700684,0.9118520021438599,14,0.9118520021438599,14,0.9118520021438599,14,0.05884725973010063,-0.00588685367256403,0.860549807548523
23,53,9.999999999999998,decoder_2,300,0.94329833984375,0,97,0.9076059460639954,0.10187128186225891,0.7224343419075012,0.94329833984375,19,0.94329833984375,19,0.94329833984375,11,0.011124331504106522,0.04112327843904495,0.4676413834095001
23,53,9.999999999999998,decoder_3,300,0.9135788679122925,19,48,0.9029272198677063,0.062018491327762604,0.7462450861930847,0.9135788679122925,24,0.9135788679122925,24,0.9135788679122925,14,-0.024520400911569595,-0.030808795243501663,0.6261839270591736
23,53,9.999999999999998,final_nms07,248,0.9029272198677063,0,0,0.9029272198677063,0.7462450861930847,0.7462450861930847,0.9029272198677063,4,0.9029272198677063,4,0.9029272198677063,3,0.0005286932573653758,-0.039335764944553375,0.7021145224571228
24,54,10.000000000000002,encoder_all_counterfactual,34000,0.771522581577301,24040,6766,0.24079300463199615,0.018247967585921288,0.08920114487409592,0.771522581577301,15,0.771522581577301,15,0.35222309827804565,0,-0.06467792391777039,0.22698892652988434,1.6684173345565796
24,54,10.000000000000002,topk,300,0.35222309827804565,52,48,0.24079300463199615,0.08845990896224976,0.08920114487409592,0.35222309827804565,0,0.35222309827804565,0,0.35222309827804565,0,0.35586270689964294,0.1199169009923935,8.796266555786133
24,54,10.000000000000002,pre_bbox,300,0.7905491590499878,42,52,0.680915355682373,0.15262585878372192,0.5771976709365845,0.7905491590499878,29,0.7905491590499878,29,0.7905491590499878,29,-0.0012105907080695033,0.041848424822092056,1.8584372997283936
24,54,10.000000000000002,decoder_1,300,0.8417970538139343,261,52,0.6893234848976135,0.09200027585029602,0.5829892158508301,0.8417970538139343,29,0.8417970538139343,29,0.8417970538139343,29,-0.06415952742099762,-0.08942191302776337,1.1016236543655396
24,54,10.000000000000002,decoder_2,300,0.8559339642524719,26,52,0.7127944827079773,0.039179764688014984,0.7512730956077576,0.8559339642524719,33,0.8559339642524719,33,0.7771376371383667,23,-0.02561301924288273,-0.039287131279706955,1.2770107984542847
24,54,10.000000000000002,decoder_3,300,0.8227943181991577,26,52,0.7172561883926392,0.02955959364771843,0.783292293548584,0.8227943181991577,36,0.8227943181991577,36,0.7590165138244629,9,-0.0357474610209465,-0.08305712789297104,1.6415315866470337
24,54,10.000000000000002,final_nms07,218,0.7172561883926392,0,0,0.7172561883926392,0.783292293548584,0.783292293548584,0.7172561883926392,5,0.7172561883926392,5,0.7172561883926392,2,-0.022784480825066566,-0.14948974549770355,2.9936366081237793
25,55,9.999999999999998,encoder_all_counterfactual,34000,0.766884446144104,18531,8045,0.2425648719072342,0.02248530276119709,0.08922981470823288,0.766884446144104,7,0.766884446144104,7,0.3337153196334839,0,0.110690176486969,-0.11758717149496078,1.9077266454696655
25,55,9.999999999999998,topk,300,0.3337153196334839,211,31,0.2425648719072342,0.05100063979625702,0.08922981470823288,0.3337153196334839,0,0.3337153196334839,0,0.3337153196334839,0,0.09632707387208939,0.1665305644273758,9.212063789367676
25,55,9.999999999999998,pre_bbox,300,0.7776224613189697,153,211,0.664396345615387,0.36202046275138855,0.6401669383049011,0.7776224613189697,17,0.7776224613189697,17,0.7776224613189697,17,-0.15157562494277954,-0.030285876244306564,1.7023874521255493
25,55,9.999999999999998,decoder_1,300,0.7471103668212891,153,211,0.6643728613853455,0.37064462900161743,0.6481990218162537,0.7471103668212891,17,0.7471103668212891,17,0.7471103668212891,17,-0.164615198969841,-0.05910273641347885,1.8620493412017822
25,55,9.999999999999998,decoder_2,300,0.8360121846199036,153,211,0.8147839307785034,0.06893196702003479,0.7125000357627869,0.8360121846199036,32,0.8360121846199036,31,0.8360121846199036,24,-0.09256169945001602,-0.007252276875078678,1.3503563404083252
25,55,9.999999999999998,decoder_3,300,0.8110813498497009,173,211,0.8098019361495972,0.07979024201631546,0.6893302202224731,0.8110813498497009,38,0.8110813498497009,38,0.8110813498497009,18,-0.11065524071455002,-0.014512766152620316,1.4105092287063599
25,55,9.999999999999998,final_nms07,210,0.8098019361495972,0,0,0.8098019361495972,0.6893302202224731,0.6893302202224731,0.8098019361495972,5,0.8098019361495972,5,0.8098019361495972,4,-0.1010017842054367,-0.06921478360891342,1.386928915977478
26,56,10.000000000000002,encoder_all_counterfactual,34000,0.7486143708229065,17804,18124,0.11628444492816925,0.03020438365638256,0.04081932082772255,0.7486143708229065,5,0.7486143708229065,5,0.031794048845767975,0,0.006604607682675123,0.12076030671596527,3.4052629470825195
26,56,10.000000000000002,topk,300,0.031794048845767975,7,-1,0,0.10030050575733185,,0.031794048845767975,0,0.031794048845767975,0,0.031794048845767975,0,0.3925282955169678,0.001276208902709186,21.6464900970459
26,56,10.000000000000002,pre_bbox,300,0.8025096654891968,22,7,0.7433698773384094,0.17317621409893036,0.2660413682460785,0.8025096654891968,5,0.8025096654891968,5,0.8025096654891968,5,0.08085522800683975,-0.027654271572828293,1.805227518081665
26,56,10.000000000000002,decoder_1,300,0.8446751236915588,22,7,0.7053259611129761,0.17661435902118683,0.273424357175827,0.8446751236915588,5,0.8446751236915588,5,0.8446751236915588,5,0.053516779094934464,-0.06390180438756943,1.3705226182937622
26,56,10.000000000000002,decoder_2,300,0.8470107913017273,22,7,0.747891902923584,0.22914324700832367,0.746949315071106,0.8470107913017273,8,0.8470107913017273,8,0.8470107913017273,8,-0.0008588543278165162,-0.1252988576889038,0.8266095519065857
26,56,10.000000000000002,decoder_3,300,0.8362260460853577,60,7,0.72883540391922,0.10680487751960754,0.702141284942627,0.8362260460853577,15,0.8362260460853577,15,0.8362260460853577,15,-0.1285448968410492,-0.0231741014868021,0.7178963422775269
26,56,10.000000000000002,final_nms07,223,0.72883540391922,0,0,0.72883540391922,0.702141284942627,0.702141284942627,0.72883540391922,5,0.72883540391922,5,0.72883540391922,5,-0.004538527689874172,-0.19761598110198975,1.1297978162765503
27,57,13.999999999999998,encoder_all_counterfactual,34000,0.6782886385917664,19373,6804,0.18209558725357056,0.013156723231077194,0.103282131254673,0.6782886385917664,9,0.6782886385917664,9,0.30542081594467163,0,-0.055907491594552994,-0.0556400790810585,4.14058780670166
27,58,12.999999999999998,encoder_all_counterfactual,34000,0.7008663415908813,3240,8103,0.2577052414417267,0.017306767404079437,0.11114002019166946,0.7008663415908813,9,0.7008663415908813,9,0.43530216813087463,0,0.22047869861125946,0.0721321552991867,3.5497334003448486
27,59,12.999999999999998,encoder_all_counterfactual,34000,0.8666952848434448,3720,8143,0.16389821469783783,0.015300088562071323,0.08697283267974854,0.8666952848434448,10,0.8666952848434448,10,0.22701844573020935,0,-0.08779774606227875,0.009016435593366623,0.6874310970306396
27,57,13.999999999999998,topk,300,0.30542081594467163,165,30,0.18209558725357056,0.08522684127092361,0.103282131254673,0.30542081594467163,0,0.30542081594467163,0,0.30542081594467163,0,-0.2103414386510849,-0.20590858161449432,11.622220039367676
27,58,12.999999999999998,topk,300,0.43530216813087463,139,9,0.2577052414417267,0.09072744101285934,0.11114002019166946,0.43530216813087463,0,0.43530216813087463,0,0.43530216813087463,0,-0.05784891918301582,-0.2539450526237488,8.288437843322754
27,59,12.999999999999998,topk,300,0.16389821469783783,159,159,0.16389821469783783,0.08697283267974854,0.08697283267974854,0.16389821469783783,0,0.16389821469783783,0,0.16389821469783783,0,0.11296926438808441,0.20795851945877075,18.47523307800293
27,57,13.999999999999998,pre_bbox,300,0.6375601291656494,19,45,0.4840465188026428,0.19788537919521332,0.5619823336601257,0.6375601291656494,20,0.6375601291656494,20,0.6375601291656494,20,-0.24132342636585236,-0.1458444446325302,3.2424380779266357
27,58,12.999999999999998,pre_bbox,300,0.7545729875564575,20,139,0.5074520111083984,0.1079438254237175,0.6566184759140015,0.7545729875564575,12,0.7545729875564575,12,0.7545729875564575,12,-0.058476995676755905,-0.0854065865278244,2.413891553878784
27,59,12.999999999999998,pre_bbox,300,0.8793416023254395,11,159,0.6332757472991943,0.23287375271320343,0.36056098341941833,0.8793416023254395,3,0.8793416023254395,3,0.8793416023254395,3,-0.06894998997449875,-0.03121521696448326,0.99277663230896
27,57,13.999999999999998,decoder_1,300,0.6335011124610901,28,45,0.4877430200576782,0.1444404572248459,0.5686899423599243,0.6335011124610901,17,0.6335011124610901,17,0.6335011124610901,17,-0.2154628485441208,-0.19251824915409088,3.4976394176483154
27,58,12.999999999999998,decoder_1,300,0.757239043712616,20,139,0.5125846862792969,0.10805273056030273,0.662455677986145,0.757239043712616,12,0.757239043712616,12,0.757239043712616,12,-0.07900670170783997,0.03756193071603775,2.9473483562469482
27,59,12.999999999999998,decoder_1,300,0.839849054813385,11,159,0.6163773536682129,0.23986618220806122,0.3701116740703583,0.839849054813385,3,0.839849054813385,3,0.839849054813385,3,-0.11491423100233078,-0.05043571814894676,0.6416925191879272
27,57,13.999999999999998,decoder_2,300,0.6298479437828064,128,45,0.5345535278320312,0.020102236419916153,0.7364513278007507,0.6298479437828064,23,0.6298479437828064,23,0.6230441927909851,15,0.45670968294143677,0.06119675561785698,2.9054744243621826
27,58,12.999999999999998,decoder_2,300,0.6749880313873291,99,139,0.5964500904083252,0.15911033749580383,0.6954763531684875,0.6749880313873291,13,0.6749880313873291,13,0.6749880313873291,13,-0.1952969878911972,-0.1611940711736679,2.166189193725586
27,59,12.999999999999998,decoder_2,300,0.7089168429374695,29,23,0.5728819370269775,0.0921403020620346,0.553768515586853,0.7089168429374695,6,0.7089168429374695,6,0.7089168429374695,6,-0.12239934504032135,-0.15601322054862976,2.8398125171661377
27,57,13.999999999999998,decoder_3,300,0.6700106263160706,128,45,0.5370408892631531,0.04918994754552841,0.7375946640968323,0.6700106263160706,27,0.6700106263160706,27,0.6078938841819763,16,-0.1750401258468628,0.015243763104081154,5.067235946655273
27,58,12.999999999999998,decoder_3,300,0.6542676687240601,14,139,0.5948342680931091,0.04785320907831192,0.7559309601783752,0.6542676687240601,13,0.6542676687240601,13,0.6413829922676086,12,-0.17214429378509521,-0.20968568325042725,1.8962795734405518
27,59,12.999999999999998,decoder_3,300,0.6501163840293884,29,23,0.5619270205497742,0.07245847582817078,0.6675578951835632,0.6501163840293884,6,0.6501163840293884,6,0.6501163840293884,6,-0.17905843257904053,-0.20808348059654236,1.859297752380371
27,57,13.999999999999998,final_nms07,223,0.5916658639907837,15,1,0.5370408892631531,0.053715866059064865,0.7375946640968323,0.5916658639907837,5,0.5916658639907837,5,0.5916658639907837,2,-0.0996924340724945,0.16219072043895721,5.770332336425781
27,58,12.999999999999998,final_nms07,223,0.5948342680931091,0,0,0.5948342680931091,0.7559309601783752,0.7559309601783752,0.5948342680931091,1,0.5948342680931091,1,0.5948342680931091,1,-0.20679263770580292,-0.2500907778739929,1.9787935018539429
27,59,12.999999999999998,final_nms07,223,0.5619270205497742,2,2,0.5619270205497742,0.6675578951835632,0.6675578951835632,0.5619270205497742,1,0.5619270205497742,1,0.5619270205497742,1,-0.2441999316215515,-0.25651416182518005,1.7687186002731323
28,60,12.999999999999998,encoder_all_counterfactual,34000,0.598478376865387,19687,8082,0.11866828054189682,0.012858093716204166,0.11074129492044449,0.598478376865387,5,0.598478376865387,5,0.29948434233665466,0,-0.20697557926177979,-0.24532049894332886,3.108952522277832
28,61,13.0,encoder_all_counterfactual,34000,0.6662791967391968,20826,8103,0.10040310770273209,0.012143479660153389,0.11142151057720184,0.6662791967391968,13,0.6662791967391968,13,0.22557319700717926,0,-0.2856505215167999,0.10099495947360992,2.821439266204834
28,62,13.999999999999998,encoder_all_counterfactual,34000,0.642288327217102,26722,8143,0.5726208686828613,0.007835488766431808,0.07485562562942505,0.642288327217102,9,0.642288327217102,9,0.5726208686828613,1,-0.12331387400627136,0.10610342025756836,4.718288421630859
28,60,12.999999999999998,topk,300,0.29948434233665466,37,13,0.11866828054189682,0.10146045684814453,0.11074129492044449,0.29948434233665466,0,0.29948434233665466,0,0.29948434233665466,0,0.04916490986943245,-0.16724492609500885,11.004613876342773
28,61,13.0,topk,300,0.22557319700717926,230,12,0.10040310770273209,0.08130067586898804,0.11142151057720184,0.22557319700717926,0,0.22557319700717926,0,0.22557319700717926,0,-0.5394964218139648,-0.3382361829280853,10.401869773864746
28,62,13.999999999999998,topk,300,0.5726208686828613,254,254,0.5726208686828613,0.07485562562942505,0.07485562562942505,0.5726208686828613,1,0.5726208686828613,1,0.5726208686828613,1,0.04137752205133438,0.03954850882291794,7.056817054748535
28,60,12.999999999999998,pre_bbox,300,0.8437178134918213,17,27,0.6063594222068787,0.17843326926231384,0.6050313115119934,0.8437178134918213,19,0.8437178134918213,19,0.8437178134918213,19,-0.019826948642730713,-0.13921333849430084,1.72952139377594
28,61,13.0,pre_bbox,300,0.758908748626709,93,230,0.5772207379341125,0.12562695145606995,0.4623014032840729,0.758908748626709,6,0.758908748626709,6,0.758908748626709,6,-0.1703401356935501,-0.08527988940477371,1.1090154647827148
28,62,13.999999999999998,pre_bbox,300,0.6193491220474243,254,254,0.6193491220474243,0.6420853734016418,0.6420853734016418,0.6193491220474243,4,0.6193491220474243,4,0.6193491220474243,4,-0.23885436356067657,-0.18629497289657593,2.1767237186431885
28,60,12.999999999999998,decoder_1,300,0.8103815317153931,60,27,0.6142662763595581,0.12839964032173157,0.614615797996521,0.8103815317153931,18,0.8103815317153931,18,0.8103815317153931,18,0.010663165710866451,-0.00026593025540933013,2.4420135021209717
28,61,13.0,decoder_1,300,0.753470242023468,93,230,0.582544207572937,0.12686693668365479,0.4707168936729431,0.753470242023468,5,0.753470242023468,5,0.753470242023468,5,-0.19050155580043793,0.04495134577155113,1.0906835794448853
28,62,13.999999999999998,decoder_1,300,0.6118491888046265,254,254,0.6118491888046265,0.6491855382919312,0.6491855382919312,0.6118491888046265,4,0.6118491888046265,4,0.6118491888046265,4,-0.24229919910430908,-0.1924935132265091,2.1311535835266113
28,60,12.999999999999998,decoder_2,300,0.7784411311149597,13,27,0.7089372873306274,0.07048230618238449,0.7569252848625183,0.7784411311149597,21,0.7784411311149597,21,0.7784411311149597,21,-0.10383882373571396,-0.12703488767147064,1.7866724729537964
28,61,13.0,decoder_2,300,0.7548673152923584,14,230,0.7078773379325867,0.1025950238108635,0.15466007590293884,0.7548673152923584,7,0.7548673152923584,7,0.7548673152923584,7,-0.17424093186855316,-0.043564457446336746,1.197941541671753
28,62,13.999999999999998,decoder_2,300,0.6861555576324463,16,254,0.6506847739219666,0.04597268998622894,0.7368755340576172,0.6861555576324463,6,0.6861555576324463,6,0.6785192489624023,5,-0.18324711918830872,-0.07585866004228592,3.401470184326172
28,60,12.999999999999998,decoder_3,300,0.8446339964866638,5,27,0.6945669054985046,0.08164440840482712,0.7441164255142212,0.8446339964866638,31,0.8446339964866638,31,0.8446339964866638,24,-0.09858965128660202,0.033308714628219604,1.1490272283554077
28,61,13.0,decoder_3,300,0.751594066619873,14,25,0.39995068311691284,0.06233423203229904,0.12271955609321594,0.751594066619873,9,0.751594066619873,9,0.751594066619873,7,-0.18718186020851135,-0.06653918325901031,1.031629204750061
28,62,13.999999999999998,decoder_3,300,0.7467640042304993,115,254,0.6459317207336426,0.03125770390033722,0.7683406472206116,0.7467640042304993,7,0.7467640042304993,7,0.6716880798339844,3,-0.09830896556377411,-0.13245728611946106,2.7283403873443604
28,60,12.999999999999998,final_nms07,231,0.6945669054985046,1,1,0.6945669054985046,0.7441164255142212,0.7441164255142212,0.6945669054985046,7,0.6945669054985046,7,0.6945669054985046,7,-0.12458503991365433,-0.2065848708152771,1.7346845865249634
28,61,13.0,final_nms07,231,0.7176384925842285,8,2,0.39995068311691284,0.08137860894203186,0.12271955609321594,0.7176384925842285,3,0.7176384925842285,3,0.7176384925842285,2,-0.214512899518013,-0.08637816458940506,1.292030692100525
28,62,13.999999999999998,final_nms07,231,0.6459317207336426,0,0,0.6459317207336426,0.7683406472206116,0.7683406472206116,0.6459317207336426,1,0.6459317207336426,1,0.6459317207336426,1,-0.19529025256633759,-0.19731348752975464,2.47868275642395
29,63,9.0,encoder_all_counterfactual,34000,0.7155189514160156,19521,8082,0.19053401052951813,0.03715238720178604,0.11197519302368164,0.7155189514160156,3,0.7155189514160156,3,0.336996853351593,0,0.01302650012075901,0.3119744658470154,2.624389886856079
29,64,8.999999999999998,encoder_all_counterfactual,34000,0.5958104729652405,23032,6884,0.15989595651626587,0.017312616109848022,0.10145267844200134,0.5958104729652405,4,0.5958104729652405,4,0.21901661157608032,0,0.10427896678447723,0.06523635983467102,3.8149712085723877
29,65,9.999999999999998,encoder_all_counterfactual,34000,0.5362090468406677,23684,8143,0.10184917598962784,0.032271262258291245,0.08682744950056076,0.5362090468406677,5,0.5362090468406677,5,0.10936376452445984,0,-0.38403257727622986,-0.12948524951934814,1.010899305343628
29,63,9.0,topk,300,0.21751372516155243,67,12,0.19053401052951813,0.09832995384931564,0.11197519302368164,0.21751372516155243,0,0.21751372516155243,0,0.21751372516155243,0,0.20125477015972137,0.2117128223180771,12.392326354980469
29,64,8.999999999999998,topk,300,0.21901661157608032,224,38,0.15989595651626587,0.08483339846134186,0.10145267844200134,0.21901661157608032,0,0.21901661157608032,0,0.21901661157608032,0,-0.13172876834869385,0.06245257332921028,9.896726608276367
29,65,9.999999999999998,topk,300,0.10184917598962784,214,214,0.10184917598962784,0.08682744950056076,0.08682744950056076,0.10184917598962784,0,0.10184917598962784,0,0.10184917598962784,0,0.3059014081954956,0.614030122756958,19.620092391967773
29,63,9.0,pre_bbox,300,0.877612292766571,216,67,0.7861398458480835,0.3749929964542389,0.5269676446914673,0.877612292766571,15,0.877612292766571,15,0.877612292766571,15,-0.012784835882484913,0.03179193288087845,1.0455917119979858
29,64,8.999999999999998,pre_bbox,300,0.7097872495651245,53,224,0.6755802631378174,0.17069019377231598,0.5553176999092102,0.7097872495651245,8,0.7097872495651245,8,0.7097872495651245,8,0.21063737571239471,0.16374529898166656,0.6213201880455017
29,65,9.999999999999998,pre_bbox,300,0.7822283506393433,26,214,0.7799062728881836,0.3491211235523224,0.40557387471199036,0.7822283506393433,4,0.7822283506393433,4,0.7822283506393433,4,-0.006145354826003313,0.14736507833003998,1.5475901365280151
29,63,9.0,decoder_1,300,0.8854219913482666,216,67,0.778824508190155,0.3836531937122345,0.5326755046844482,0.8854219913482666,13,0.8854219913482666,13,0.8854219913482666,13,-0.006033879704773426,0.04002152010798454,0.9418103694915771
29,64,8.999999999999998,decoder_1,300,0.7479889988899231,53,224,0.6714469790458679,0.17217758297920227,0.5624901056289673,0.7479889988899231,9,0.7479889988899231,9,0.7479889988899231,9,0.16836611926555634,0.14426615834236145,1.1992933750152588
29,65,9.999999999999998,decoder_1,300,0.7701748013496399,214,214,0.7701748013496399,0.41451549530029297,0.41451549530029297,0.7701748013496399,5,0.7701748013496399,5,0.7701748013496399,5,0.04961647838354111,0.23702390491962433,0.8553807139396667
29,63,9.0,decoder_2,300,0.7769873738288879,67,67,0.7769873738288879,0.7415371537208557,0.7415371537208557,0.7769873738288879,16,0.7769873738288879,16,0.7769873738288879,9,0.06712502241134644,0.20606446266174316,1.833754539489746
29,64,8.999999999999998,decoder_2,300,0.7023535370826721,21,224,0.6748090982437134,0.07280340790748596,0.6211035251617432,0.7023535370826721,17,0.7023535370826721,17,0.7023535370826721,16,0.26154667139053345,0.12860336899757385,1.865031361579895
29,65,9.999999999999998,decoder_2,300,0.9059517979621887,26,26,0.9059517979621887,0.6522344946861267,0.6522344946861267,0.9059517979621887,5,0.9059517979621887,5,0.9059517979621887,5,0.014736147597432137,0.08731020241975784,0.5336389541625977
29,63,9.0,decoder_3,300,0.8727027773857117,160,67,0.7731221318244934,0.06564608216285706,0.7676035761833191,0.8727027773857117,21,0.8727027773857117,21,0.8727027773857117,16,0.01001711841672659,0.13449956476688385,0.9043024778366089
29,64,8.999999999999998,decoder_3,300,0.695072591304779,131,224,0.6785877346992493,0.057990122586488724,0.7278478741645813,0.695072591304779,18,0.695072591304779,18,0.695072591304779,18,0.2873303294181824,0.04647019878029823,2.9907326698303223
29,65,9.999999999999998,decoder_3,300,0.8910925388336182,26,26,0.8910925388336182,0.6930102109909058,0.6930102109909058,0.8910925388336182,5,0.8910925388336182,5,0.8910925388336182,5,0.03304184228181839,0.08631878346204758,0.5177974104881287
29,63,9.0,final_nms07,229,0.7755172252655029,4,0,0.7731221318244934,0.1055278405547142,0.7676035761833191,0.7755172252655029,3,0.7755172252655029,3,0.7755172252655029,2,-0.19695886969566345,0.044194746762514114,0.9201297760009766
29,64,8.999999999999998,final_nms07,229,0.6785877346992493,1,1,0.6785877346992493,0.7278478741645813,0.7278478741645813,0.6785877346992493,2,0.6785877346992493,2,0.6785877346992493,2,0.3077905774116516,0.12682238221168518,1.3221551179885864
29,65,9.999999999999998,final_nms07,229,0.8910925388336182,2,2,0.8910925388336182,0.6930102109909058,0.6930102109909058,0.8910925388336182,1,0.8910925388336182,1,0.8910925388336182,1,0.03304184228181839,0.08631878346204758,0.5177974104881287
30,66,9.0,encoder_all_counterfactual,34000,0.7692387700080872,19998,8082,0.10459834337234497,0.019842933863401413,0.11111379414796829,0.7692387700080872,5,0.7692387700080872,5,0.31401386857032776,0,-0.09811550378799438,-0.003168397583067417,1.7716529369354248
30,67,9.0,encoder_all_counterfactual,34000,0.5952990651130676,23044,8143,0.3623902201652527,0.032583702355623245,0.080284483730793,0.5952990651130676,4,0.5952990651130676,4,0.3623902201652527,0,-0.21705520153045654,0.1593463122844696,3.5893781185150146
30,68,8.0,encoder_all_counterfactual,34000,0.7188902497291565,21283,8102,0.12973369657993317,0.021221783012151718,0.11000027507543564,0.7188902497291565,3,0.7188902497291565,3,0.29800960421562195,0,-0.1637149453163147,0.04743923991918564,2.8256418704986572
30,66,9.0,topk,300,0.31401386857032776,54,13,0.10459834337234497,0.0986725464463234,0.11111379414796829,0.31401386857032776,0,0.31401386857032776,0,0.31401386857032776,0,0.19558265805244446,0.21864591538906097,9.092501640319824
30,67,9.0,topk,300,0.3623902201652527,226,226,0.3623902201652527,0.080284483730793,0.080284483730793,0.3623902201652527,0,0.3623902201652527,0,0.3623902201652527,0,0.48911625146865845,0.7251006364822388,7.405012130737305
30,68,8.0,topk,300,0.12973369657993317,15,15,0.12973369657993317,0.11000027507543564,0.11000027507543564,0.12973369657993317,0,0.12973369657993317,0,0.12973369657993317,0,0.38141927123069763,0.9412736892700195,18.41844940185547
30,66,9.0,pre_bbox,300,0.871756911277771,36,54,0.6930796504020691,0.2509349286556244,0.5496460795402527,0.871756911277771,18,0.871756911277771,18,0.871756911277771,18,-0.07723444700241089,0.05853378027677536,0.9281172156333923
30,67,9.0,pre_bbox,300,0.7948920726776123,256,226,0.725310742855072,0.08562858402729034,0.6271003484725952,0.7948920726776123,3,0.7948920726776123,3,0.7948920726776123,3,0.06717115640640259,0.15877211093902588,1.5874543190002441
30,68,8.0,pre_bbox,300,0.6207454800605774,40,15,0.524803102016449,0.3400711417198181,0.45480579137802124,0.6207454800605774,8,0.6207454800605774,8,0.6207454800605774,8,-0.15313711762428284,0.1979558765888214,3.6856727600097656
30,66,9.0,decoder_1,300,0.8496237397193909,36,54,0.6966723799705505,0.2543583810329437,0.5590903759002686,0.8496237397193909,16,0.8496237397193909,16,0.8496237397193909,16,-0.08719488233327866,0.04641878232359886,0.9629057049751282
30,67,9.0,decoder_1,300,0.7659526467323303,24,226,0.7294946908950806,0.4180394113063812,0.6342257857322693,0.7659526467323303,3,0.7659526467323303,3,0.7659526467323303,3,0.025011682882905006,0.21955157816410065,0.8210096955299377
30,68,8.0,decoder_1,300,0.6207192540168762,40,15,0.5194923877716064,0.3500230610370636,0.46496081352233887,0.6207192540168762,8,0.6207192540168762,8,0.6207192540168762,8,-0.14161990582942963,0.21923384070396423,3.509836196899414
30,66,9.0,decoder_2,300,0.9366165399551392,55,34,0.7301558256149292,0.030702227726578712,0.6725252270698547,0.9366165399551392,23,0.9366165399551392,23,0.7944613695144653,14,-0.01586601510643959,0.03237757086753845,0.3616963028907776
30,67,9.0,decoder_2,300,0.708667516708374,226,226,0.708667516708374,0.7260019183158875,0.7260019183158875,0.708667516708374,5,0.708667516708374,5,0.708667516708374,3,0.1511201560497284,0.22584880888462067,1.6084693670272827
30,68,8.0,decoder_2,300,0.7349033951759338,112,15,0.6523614525794983,0.032353632152080536,0.7079309225082397,0.7349033951759338,13,0.7349033951759338,13,0.6523614525794983,10,-0.09032007306814194,0.26143333315849304,0.6043904423713684
30,66,9.0,decoder_3,300,0.8138154745101929,236,34,0.6961376070976257,0.1650533825159073,0.5927866697311401,0.8138154745101929,22,0.8138154745101929,22,0.8138154745101929,9,0.17055228352546692,0.049742192029953,1.1130322217941284
30,67,9.0,decoder_3,300,0.7427375912666321,173,226,0.7150337100028992,0.04613296687602997,0.7695016264915466,0.7427375912666321,6,0.7427375912666321,6,0.7150337100028992,3,0.05016568303108215,0.28205323219299316,2.0167949199676514
30,68,8.0,decoder_3,300,0.649074912071228,15,15,0.649074912071228,0.7690251469612122,0.7690251469612122,0.649074912071228,16,0.649074912071228,16,0.649074912071228,12,-0.03969157859683037,0.3546964228153229,1.8113701343536377
30,66,9.0,final_nms07,237,0.6961376070976257,2,2,0.6961376070976257,0.5927866697311401,0.5927866697311401,0.6961376070976257,1,0.6961376070976257,1,0.6961376070976257,1,-0.006310093216598034,0.1802368462085724,2.4030656814575195
30,67,9.0,final_nms07,237,0.7150337100028992,0,0,0.7150337100028992,0.7695016264915466,0.7695016264915466,0.7150337100028992,1,0.7150337100028992,1,0.7150337100028992,1,0.14399833977222443,0.22250010073184967,1.5572491884231567
30,68,8.0,final_nms07,237,0.649074912071228,1,1,0.649074912071228,0.7690251469612122,0.7690251469612122,0.649074912071228,3,0.649074912071228,3,0.649074912071228,3,-0.03969157859683037,0.3546964228153229,1.8113701343536377
31,69,9.999999999999998,encoder_all_counterfactual,34000,0.7260466814041138,22197,8082,0.15027853846549988,0.025498351082205772,0.10817834734916687,0.7260466814041138,4,0.7260466814041138,4,0.4667508006095886,0,0.18739096820354462,0.1599566489458084,1.2982314825057983
31,70,8.999999999999998,encoder_all_counterfactual,34000,0.7101216912269592,2490,20957,0.21080255508422852,0.04508499056100845,0.06847471743822098,0.7101216912269592,8,0.7101216912269592,8,0.21080255508422852,0,-0.06279736012220383,-0.24229489266872406,0.7110437154769897
31,71,9.999999999999998,encoder_all_counterfactual,34000,0.6616595387458801,23365,8122,0.10492908954620361,0.0242652278393507,0.10279802232980728,0.6616595387458801,6,0.6616595387458801,6,0.3802855610847473,0,-0.1670762598514557,-0.17380842566490173,2.438331127166748
31,69,9.999999999999998,topk,300,0.4667508006095886,25,14,0.15027853846549988,0.1031404361128807,0.10817834734916687,0.4667508006095886,0,0.4667508006095886,0,0.4667508006095886,0,0.29383912682533264,0.08105349540710449,5.954999923706055
31,70,8.999999999999998,topk,300,0.07474485784769058,15,-1,0,0.10771704465150833,,0.07474485784769058,0,0.07474485784769058,0,0.07474485784769058,0,0.7842952013015747,0.38894179463386536,19.981027603149414
31,71,9.999999999999998,topk,300,0.10492908954620361,26,26,0.10492908954620361,0.10279802232980728,0.10279802232980728,0.10492908954620361,0,0.10492908954620361,0,0.10492908954620361,0,0.7293152213096619,0.5484700202941895,20.154264450073242
31,69,9.999999999999998,pre_bbox,300,0.9066661596298218,18,25,0.6931867003440857,0.1845959722995758,0.6414015293121338,0.9066661596298218,14,0.9066661596298218,14,0.9066661596298218,14,0.02980683743953705,0.05836699157953262,0.6054006218910217
31,70,8.999999999999998,pre_bbox,300,0.7172123193740845,10,15,0.5697393417358398,0.28876063227653503,0.4334769546985626,0.7172123193740845,2,0.7172123193740845,2,0.7172123193740845,2,0.1963426023721695,0.15437369048595428,2.3621175289154053
31,71,9.999999999999998,pre_bbox,300,0.6653662919998169,26,26,0.6653662919998169,0.4018821716308594,0.4018821716308594,0.6653662919998169,3,0.6653662919998169,3,0.6653662919998169,3,0.022225206717848778,0.05515547841787338,3.3560774326324463
31,69,9.999999999999998,decoder_1,300,0.8169366121292114,58,25,0.6909594535827637,0.2434711903333664,0.6477581262588501,0.8169366121292114,14,0.8169366121292114,14,0.8169366121292114,14,0.07774443179368973,0.043591924011707306,1.4741227626800537
31,70,8.999999999999998,decoder_1,300,0.6898183226585388,10,15,0.5762845873832703,0.29752370715141296,0.44328778982162476,0.6898183226585388,2,0.6898183226585388,2,0.6898183226585388,2,0.1688653528690338,0.14627370238304138,2.718770742416382
31,71,9.999999999999998,decoder_1,300,0.6556525826454163,220,26,0.6470315456390381,0.16561803221702576,0.41120538115501404,0.6556525826454163,4,0.6556525826454163,4,0.6556525826454163,4,-0.03964090719819069,-0.014427674934267998,3.468212366104126
31,69,9.999999999999998,decoder_2,300,0.8030900955200195,5,25,0.7280251979827881,0.11530929058790207,0.765288770198822,0.8030900955200195,18,0.8030900955200195,18,0.8030900955200195,17,0.029051603749394417,0.0772763192653656,1.805193305015564
31,70,8.999999999999998,decoder_2,300,0.6930329203605652,16,15,0.6539153456687927,0.14775677025318146,0.5958144664764404,0.6930329203605652,6,0.6930329203605652,6,0.6930329203605652,6,0.21529948711395264,-0.05026988312602043,2.4439122676849365
31,71,9.999999999999998,decoder_2,300,0.7727050185203552,220,26,0.7720273733139038,0.1169726550579071,0.678399384021759,0.7727050185203552,7,0.7727050185203552,7,0.7727050185203552,7,0.05832866206765175,0.1079854816198349,2.0811774730682373
31,69,9.999999999999998,decoder_3,300,0.7917811274528503,20,25,0.7368443608283997,0.08108746260404587,0.7827981114387512,0.7917811274528503,22,0.7917811274528503,22,0.7917811274528503,21,0.12540698051452637,-0.11671370267868042,1.2593644857406616
31,70,8.999999999999998,decoder_3,300,0.7851128578186035,29,15,0.6600866317749023,0.09511631727218628,0.6362938284873962,0.7851128578186035,7,0.7851128578186035,7,0.7851128578186035,7,0.1625368297100067,-0.10004396736621857,1.0914191007614136
31,71,9.999999999999998,decoder_3,300,0.7934220433235168,220,26,0.7863661646842957,0.08934534341096878,0.774391770362854,0.7934220433235168,8,0.7934220433235168,8,0.7934220433235168,8,0.045375578105449677,0.10781925171613693,1.9234732389450073
31,69,9.999999999999998,final_nms07,231,0.7368443608283997,0,0,0.7368443608283997,0.7827981114387512,0.7827981114387512,0.7368443608283997,5,0.7368443608283997,5,0.7368443608283997,5,0.07459424436092377,-0.0044343601912260056,2.1889760494232178
31,70,8.999999999999998,final_nms07,231,0.6600866317749023,2,2,0.6600866317749023,0.6362938284873962,0.6362938284873962,0.6600866317749023,1,0.6600866317749023,1,0.6600866317749023,1,0.2132607251405716,0.07439380139112473,2.597421407699585
31,71,9.999999999999998,final_nms07,231,0.7863661646842957,1,1,0.7863661646842957,0.774391770362854,0.774391770362854,0.7863661646842957,1,0.7863661646842957,1,0.7863661646842957,1,0.0782293751835823,0.11652036011219025,1.77559494972229
32,72,9.999999999999998,encoder_all_counterfactual,34000,0.6371957063674927,19687,6805,0.11512627452611923,0.013630448840558529,0.09858527779579163,0.6371957063674927,4,0.6371957063674927,4,0.2803736925125122,0,-0.20461297035217285,0.0008507180027663708,3.2890594005584717
32,73,10.000000000000002,encoder_all_counterfactual,34000,0.6179682612419128,23837,8103,0.33954280614852905,0.017802372574806213,0.10855816304683685,0.6179682612419128,6,0.6179682612419128,6,0.5042681694030762,1,0.4387660026550293,-0.08685395866632462,3.059413194656372
32,74,9.999999999999998,encoder_all_counterfactual,34000,0.752769410610199,23212,23204,0.36923545598983765,0.019430477172136307,0.04919923469424248,0.752769410610199,8,0.752769410610199,8,0.03369811177253723,0,-0.012604876421391964,0.09130139648914337,2.2210183143615723
32,72,9.999999999999998,topk,300,0.2803736925125122,91,59,0.11512627452611923,0.09635937958955765,0.09858527779579163,0.2803736925125122,0,0.2803736925125122,0,0.2803736925125122,0,0.16870389878749847,0.07403077185153961,10.119338989257812
32,73,10.000000000000002,topk,300,0.5042681694030762,41,18,0.33954280614852905,0.0999719575047493,0.10855816304683685,0.5042681694030762,1,0.5042681694030762,1,0.5042681694030762,1,0.22846634685993195,-0.07773341983556747,5.500267505645752
32,74,9.999999999999998,topk,300,0.005375461652874947,155,-1,0,0.09079614281654358,,0.005375461652874947,0,0.005375461652874947,0,0.005375461652874947,0,0.24487896263599396,0.6530494689941406,26.379199981689453
32,72,9.999999999999998,pre_bbox,300,0.927180290222168,22,91,0.8286728262901306,0.34067055583000183,0.5404973030090332,0.927180290222168,20,0.927180290222168,20,0.927180290222168,20,-0.05702674761414528,0.018062865361571312,0.3805725872516632
32,73,10.000000000000002,pre_bbox,300,0.8455207347869873,41,41,0.8455207347869873,0.6297664046287537,0.6297664046287537,0.8455207347869873,15,0.8455207347869873,15,0.8455207347869873,15,0.0529063381254673,-0.0010121942032128572,1.2606512308120728
32,74,9.999999999999998,pre_bbox,300,0.7328433990478516,155,7,0.705241322517395,0.19596925377845764,0.2833874821662903,0.7328433990478516,4,0.7328433990478516,4,0.7328433990478516,4,-0.12625578045845032,0.22004397213459015,2.1922876834869385
32,72,9.999999999999998,decoder_1,300,0.9164239168167114,65,91,0.8271891474723816,0.3646623492240906,0.5489616990089417,0.9164239168167114,19,0.9164239168167114,19,0.9164239168167114,19,-0.04335334897041321,0.018556199967861176,0.5299929976463318
32,73,10.000000000000002,decoder_1,300,0.8476783633232117,41,41,0.8476783633232117,0.6352657675743103,0.6352657675743103,0.8476783633232117,15,0.8476783633232117,15,0.8476783633232117,15,0.053158510476350784,0.003397187450900674,1.234850525856018
32,74,9.999999999999998,decoder_1,300,0.7457607984542847,155,7,0.7250555157661438,0.20237423479557037,0.29127344489097595,0.7457607984542847,3,0.7457607984542847,3,0.7457607984542847,3,-0.15543848276138306,0.1568676233291626,1.5978225469589233
32,72,9.999999999999998,decoder_2,300,0.890022873878479,52,59,0.8381357192993164,0.04517055302858353,0.6528234481811523,0.890022873878479,23,0.890022873878479,23,0.8830590844154358,22,-0.030926421284675598,0.05632499232888222,0.7416611909866333
32,73,10.000000000000002,decoder_2,300,0.8912617564201355,9,41,0.8056725263595581,0.08882086724042892,0.6848819851875305,0.8912617564201355,18,0.8912617564201355,18,0.8912617564201355,14,0.10103780776262283,0.01344357244670391,0.542166531085968
32,74,9.999999999999998,decoder_2,300,0.8700028657913208,28,7,0.7074911594390869,0.032015714794397354,0.5068679451942444,0.8700028657913208,10,0.8700028657913208,10,0.8111184239387512,8,0.003730312455445528,0.041245970875024796,1.1554718017578125
32,72,9.999999999999998,decoder_3,300,0.8839109539985657,137,91,0.8433984518051147,0.03549996018409729,0.7520651817321777,0.8839109539985657,24,0.8839109539985657,24,0.8817616105079651,15,0.0015156676527112722,0.12144182622432709,1.1535440683364868
32,73,10.000000000000002,decoder_3,300,0.8469460606575012,169,41,0.8189575672149658,0.028945038095116615,0.7506042718887329,0.8469460606575012,19,0.8469460606575012,19,0.8446595072746277,11,0.1139453649520874,0.030997086316347122,0.9145525097846985
32,74,9.999999999999998,decoder_3,300,0.8037122488021851,156,7,0.747442901134491,0.060794442892074585,0.6354382038116455,0.8037122488021851,8,0.8037122488021851,8,0.8037122488021851,7,0.05240828916430473,0.15487688779830933,1.8007121086120605
32,72,9.999999999999998,final_nms07,217,0.8433984518051147,0,0,0.8433984518051147,0.7520651817321777,0.7520651817321777,0.8433984518051147,2,0.8433984518051147,2,0.8433984518051147,2,-0.02450782246887684,0.10660026967525482,1.3442708253860474
32,73,10.000000000000002,final_nms07,217,0.8189575672149658,1,1,0.8189575672149658,0.7506042718887329,0.7506042718887329,0.8189575672149658,2,0.8189575672149658,2,0.8189575672149658,2,0.11498652398586273,0.0040106382220983505,1.1801527738571167
32,74,9.999999999999998,final_nms07,217,0.747442901134491,2,2,0.747442901134491,0.6354382038116455,0.6354382038116455,0.747442901134491,1,0.747442901134491,1,0.747442901134491,1,-0.03567095845937729,0.16408854722976685,2.208831548690796
33,75,8.999999999999998,encoder_all_counterfactual,34000,0.7261525988578796,19201,19196,0.34810078144073486,0.02596879005432129,0.06140974164009094,0.7261525988578796,4,0.7261525988578796,4,0.34810078144073486,0,-0.05747699737548828,0.07279756665229797,2.330906391143799
33,76,8.0,encoder_all_counterfactual,34000,0.6861335635185242,21924,20955,0.2007533758878708,0.017826642841100693,0.07227151840925217,0.6861335635185242,3,0.6861335635185242,3,0.2007533758878708,0,0.3196658194065094,0.05885239690542221,2.2310688495635986
33,77,9.0,encoder_all_counterfactual,34000,0.8860983848571777,25227,8122,0.22996629774570465,0.03475482389330864,0.09155959635972977,0.8860983848571777,7,0.8860983848571777,7,0.22996629774570465,0,0.04896022006869316,0.06444599479436874,0.6659166216850281
33,75,8.999999999999998,topk,300,0.06827382743358612,125,-1,0,0.08887558430433273,,0.06827382743358612,0,0.06827382743358612,0,0.06827382743358612,0,0.4999612867832184,0.23642294108867645,20.625883102416992
33,76,8.0,topk,300,0.2007533758878708,265,265,0.2007533758878708,0.07227151840925217,0.07227151840925217,0.2007533758878708,0,0.2007533758878708,0,0.2007533758878708,0,-0.38952645659446716,0.14492613077163696,9.609702110290527
33,77,9.0,topk,300,0.22996629774570465,104,104,0.22996629774570465,0.09155959635972977,0.09155959635972977,0.22996629774570465,0,0.22996629774570465,0,0.22996629774570465,0,0.30909669399261475,0.5544654726982117,12.611610412597656
33,75,8.999999999999998,pre_bbox,300,0.6692245006561279,125,66,0.49478644132614136,0.29909780621528625,0.313503623008728,0.6692245006561279,1,0.6692245006561279,1,0.6692245006561279,1,0.1794208586215973,0.01671465113759041,3.4860892295837402
33,76,8.0,pre_bbox,300,0.7001807689666748,265,265,0.7001807689666748,0.5138285756111145,0.5138285756111145,0.7001807689666748,2,0.7001807689666748,2,0.7001807689666748,2,-0.021916918456554413,0.3780097961425781,0.7896102666854858
33,77,9.0,pre_bbox,300,0.7084304690361023,104,104,0.7084304690361023,0.5721938610076904,0.5721938610076904,0.7084304690361023,4,0.7084304690361023,4,0.7084304690361023,4,0.08807913213968277,0.2738201320171356,1.9249459505081177
33,75,8.999999999999998,decoder_1,300,0.6561703681945801,125,66,0.5246281623840332,0.3057604730129242,0.3200802803039551,0.6561703681945801,2,0.6561703681945801,2,0.6561703681945801,2,0.15757077932357788,-0.029670700430870056,3.6872060298919678
33,76,8.0,decoder_1,300,0.7038650512695312,265,265,0.7038650512695312,0.5229591131210327,0.5229591131210327,0.7038650512695312,2,0.7038650512695312,2,0.7038650512695312,2,-0.019168147817254066,0.3788127303123474,0.8278145790100098
33,77,9.0,decoder_1,300,0.712816596031189,104,104,0.712816596031189,0.5801964402198792,0.5801964402198792,0.712816596031189,4,0.712816596031189,4,0.712816596031189,4,0.07808360457420349,0.2798434793949127,1.8313584327697754
33,75,8.999999999999998,decoder_2,300,0.7033684253692627,125,66,0.6302487254142761,0.5703197717666626,0.7003938555717468,0.7033684253692627,7,0.7033684253692627,7,0.7033684253692627,7,0.2538633644580841,0.0928620919585228,2.6358840465545654
33,76,8.0,decoder_2,300,0.6636874675750732,265,265,0.6636874675750732,0.5889840722084045,0.5889840722084045,0.6636874675750732,4,0.6636874675750732,4,0.6636874675750732,4,0.08621618896722794,0.38714131712913513,0.9816039800643921
33,77,9.0,decoder_2,300,0.7499485611915588,104,104,0.7499485611915588,0.6925994753837585,0.6925994753837585,0.7499485611915588,9,0.7499485611915588,9,0.7499485611915588,5,0.024051843211054802,0.2979413866996765,1.5002100467681885
33,75,8.999999999999998,decoder_3,300,0.6866480112075806,125,66,0.6519428491592407,0.6685007810592651,0.7548508048057556,0.6866480112075806,8,0.6866480112075806,8,0.6866480112075806,8,0.2573052942752838,0.06911290436983109,2.753399133682251
33,76,8.0,decoder_3,300,0.7825091481208801,115,265,0.6661098003387451,0.09644312411546707,0.7072747349739075,0.7825091481208801,4,0.7825091481208801,4,0.7825091481208801,4,0.08264241367578506,0.1476752758026123,1.4199358224868774
33,77,9.0,decoder_3,300,0.7782825231552124,223,104,0.7480579614639282,0.1053466722369194,0.7194713950157166,0.7782825231552124,9,0.7782825231552124,9,0.7782825231552124,6,-0.06722200661897659,0.20164717733860016,1.8797616958618164
33,75,8.999999999999998,final_nms07,256,0.6519428491592407,0,0,0.6519428491592407,0.7548508048057556,0.7548508048057556,0.6519428491592407,1,0.6519428491592407,1,0.6519428491592407,1,0.3083238899707794,0.08000660687685013,2.9464051723480225
33,76,8.0,final_nms07,256,0.6661098003387451,2,2,0.6661098003387451,0.7072747349739075,0.7072747349739075,0.6661098003387451,1,0.6661098003387451,1,0.6661098003387451,1,0.08301354944705963,0.3861790895462036,0.89545077085495
33,77,9.0,final_nms07,256,0.7480579614639282,1,1,0.7480579614639282,0.7194713950157166,0.7194713950157166,0.7480579614639282,1,0.7480579614639282,1,0.7480579614639282,1,0.036537252366542816,0.2896718978881836,1.428622841835022
34,78,8.999999999999998,encoder_all_counterfactual,34000,0.8606369495391846,19364,6848,0.30775144696235657,0.017470872029662132,0.09926878660917282,0.8606369495391846,8,0.8606369495391846,8,0.43688976764678955,0,0.037758052349090576,-0.07002948969602585,0.7254986763000488
34,79,9.0,encoder_all_counterfactual,34000,0.5969469547271729,21755,8082,0.1522144377231598,0.014749420806765556,0.09338165819644928,0.5969469547271729,2,0.5969469547271729,2,0.1522144377231598,0,-0.1589404046535492,0.22963768243789673,3.662534713745117
34,80,8.999999999999998,encoder_all_counterfactual,34000,0.7645506858825684,23523,8122,0.27717819809913635,0.04433194920420647,0.09149046987295151,0.7645506858825684,3,0.7645506858825684,3,0.3037070035934448,0,-0.1439519077539444,0.11258947849273682,1.3282641172409058
34,78,8.999999999999998,topk,300,0.43688976764678955,121,30,0.30775144696235657,0.08662021905183792,0.09926878660917282,0.43688976764678955,0,0.43688976764678955,0,0.43688976764678955,0,0.4508122205734253,0.3547782897949219,5.812118053436279
34,79,9.0,topk,300,0.1522144377231598,85,85,0.1522144377231598,0.09338165819644928,0.09338165819644928,0.1522144377231598,0,0.1522144377231598,0,0.1522144377231598,0,0.3756263554096222,0.5551127791404724,15.312559127807617
34,80,8.999999999999998,topk,300,0.3037070035934448,192,94,0.27717819809913635,0.0808744803071022,0.09149046987295151,0.3037070035934448,0,0.3037070035934448,0,0.3037070035934448,0,-0.11770687997341156,-0.06578360497951508,7.481968879699707
34,78,8.999999999999998,pre_bbox,300,0.7567033767700195,121,121,0.7567033767700195,0.6361622214317322,0.6361622214317322,0.7567033767700195,3,0.7567033767700195,3,0.7567033767700195,3,0.16446684300899506,0.11402153968811035,1.338813304901123
34,79,9.0,pre_bbox,300,0.7310388088226318,262,85,0.6487760543823242,0.06851819157600403,0.6221749186515808,0.7310388088226318,4,0.7310388088226318,4,0.7310388088226318,4,-0.005072466097772121,-0.011739451438188553,2.109844446182251
34,80,8.999999999999998,pre_bbox,300,0.7535489201545715,255,94,0.6047672033309937,0.16500972211360931,0.6452656984329224,0.7535489201545715,5,0.7535489201545715,5,0.7535489201545715,5,0.0029169509653002024,0.16003958880901337,2.2984282970428467
34,78,8.999999999999998,decoder_1,300,0.7578504085540771,121,121,0.7578504085540771,0.6428031325340271,0.6428031325340271,0.7578504085540771,3,0.7578504085540771,3,0.7578504085540771,3,0.16822755336761475,0.1164797991514206,1.2828348875045776
34,79,9.0,decoder_1,300,0.7187645435333252,283,85,0.6511834263801575,0.49875274300575256,0.6296420693397522,0.7187645435333252,4,0.7187645435333252,4,0.7187645435333252,4,-0.01878414861857891,0.23070473968982697,1.5791634321212769
34,80,8.999999999999998,decoder_1,300,0.7082631587982178,255,94,0.60727459192276,0.1693447232246399,0.6513897776603699,0.7082631587982178,5,0.7082631587982178,5,0.7082631587982178,5,-0.04894156754016876,0.1166699156165123,2.495335817337036
34,78,8.999999999999998,decoder_2,300,0.6939011812210083,121,121,0.6939011812210083,0.5497786998748779,0.5497786998748779,0.6939011812210083,6,0.6939011812210083,6,0.6939011812210083,3,0.1941244900226593,0.11149105429649353,2.145987033843994
34,79,9.0,decoder_2,300,0.8113977909088135,85,85,0.8113977909088135,0.6920710206031799,0.6920710206031799,0.8113977909088135,6,0.8113977909088135,6,0.8113977909088135,5,0.002484323689714074,0.20738591253757477,0.5966331362724304
34,80,8.999999999999998,decoder_2,300,0.6604917049407959,150,94,0.6261391043663025,0.05744510889053345,0.7411130666732788,0.6604917049407959,10,0.6604917049407959,10,0.6604917049407959,8,0.21357741951942444,0.2475702464580536,0.7189675569534302
34,78,8.999999999999998,decoder_3,300,0.7097377777099609,121,121,0.7097377777099609,0.6239681839942932,0.6239681839942932,0.7097377777099609,6,0.7097377777099609,6,0.7097377777099609,5,0.18641918897628784,0.0948210209608078,2.006976842880249
34,79,9.0,decoder_3,300,0.7761479020118713,85,85,0.7761479020118713,0.6672816276550293,0.6672816276550293,0.7761479020118713,7,0.7761479020118713,7,0.7761479020118713,6,0.017306935042142868,0.22204937040805817,1.06060791015625
34,80,8.999999999999998,decoder_3,300,0.7086257338523865,279,94,0.6285153031349182,0.0835074782371521,0.7997159957885742,0.7086257338523865,10,0.7086257338523865,10,0.7086257338523865,6,0.10757925361394882,0.27411574125289917,0.8047580122947693
34,78,8.999999999999998,final_nms07,257,0.7097377777099609,2,2,0.7097377777099609,0.6239681839942932,0.6239681839942932,0.7097377777099609,3,0.7097377777099609,3,0.7097377777099609,3,0.18641918897628784,0.0948210209608078,2.006976842880249
34,79,9.0,final_nms07,257,0.7761479020118713,1,1,0.7761479020118713,0.6672816276550293,0.6672816276550293,0.7761479020118713,2,0.7761479020118713,2,0.7761479020118713,1,0.017306935042142868,0.22204937040805817,1.06060791015625
34,80,8.999999999999998,final_nms07,257,0.6285153031349182,0,0,0.6285153031349182,0.7997159957885742,0.7997159957885742,0.6285153031349182,1,0.6285153031349182,1,0.6285153031349182,1,0.2509811818599701,0.27184662222862244,1.101976990699768
35,81,9.0,encoder_all_counterfactual,34000,0.8475700616836548,19523,19197,0.39070695638656616,0.019054317846894264,0.05668092519044876,0.8475700616836548,5,0.8475700616836548,5,0.39070695638656616,0,0.008096756413578987,-0.08782001584768295,1.1094224452972412
35,82,11.0,encoder_all_counterfactual,34000,0.7833291292190552,21284,20796,0.10441799461841583,0.017554597929120064,0.05837882682681084,0.7833291292190552,9,0.7833291292190552,9,0.10441799461841583,0,-0.11832284182310104,-0.11154815554618835,1.1965430974960327
35,83,9.999999999999998,encoder_all_counterfactual,34000,0.5761827826499939,23844,8162,0.1089216023683548,0.0229384433478117,0.043276552110910416,0.5761827826499939,2,0.5761827826499939,2,0.08014830201864243,0,-0.11649668216705322,-0.16071633994579315,3.83194637298584
35,81,9.0,topk,300,0.038593754172325134,32,-1,0,0.09925821423530579,,0.038593754172325134,0,0.038593754172325134,0,0.038593754172325134,0,0.47981056571006775,0.6981128454208374,25.18354606628418
35,82,11.0,topk,300,0.04201360046863556,44,-1,0,0.09757581353187561,,0.04201360046863556,0,0.04201360046863556,0,0.04201360046863556,0,0.5516022443771362,0.35519173741340637,24.756128311157227
35,83,9.999999999999998,topk,300,0.08014830201864243,116,-1,0,0.09119313210248947,,0.08014830201864243,0,0.08014830201864243,0,0.08014830201864243,0,0.37833523750305176,0.4364767074584961,20.935047149658203
35,81,9.0,pre_bbox,300,0.7177509069442749,25,20,0.6999422907829285,0.14786717295646667,0.27016234397888184,0.7177509069442749,6,0.7177509069442749,6,0.7177509069442749,6,-0.03066595271229744,0.12162776291370392,2.5819590091705322
35,82,11.0,pre_bbox,300,0.8450554013252258,44,44,0.8450554013252258,0.39472395181655884,0.39472395181655884,0.8450554013252258,1,0.8450554013252258,1,0.8450554013252258,1,0.060681406408548355,0.014404315501451492,1.3118784427642822
35,83,9.999999999999998,pre_bbox,300,0.7491799592971802,224,116,0.7342901825904846,0.4000091552734375,0.46109887957572937,0.7491799592971802,4,0.7491799592971802,4,0.7491799592971802,4,-0.07988574355840683,0.02803559973835945,2.108121156692505
35,81,9.0,decoder_1,300,0.7163776159286499,20,32,0.49644431471824646,0.2765866219997406,0.27729007601737976,0.7163776159286499,4,0.7163776159286499,4,0.7163776159286499,4,-0.04494045302271843,0.26665759086608887,1.9742518663406372
35,82,11.0,decoder_1,300,0.8846493363380432,44,44,0.8846493363380432,0.4043501615524292,0.4043501615524292,0.8846493363380432,2,0.8846493363380432,2,0.8846493363380432,2,0.03215741738677025,-0.008546218276023865,0.9541516304016113
35,83,9.999999999999998,decoder_1,300,0.7792341113090515,224,116,0.7431138753890991,0.4079320728778839,0.4708065986633301,0.7792341113090515,4,0.7792341113090515,4,0.7792341113090515,4,-0.09894432127475739,0.01227327436208725,1.797000765800476
35,81,9.0,decoder_2,300,0.7606833577156067,11,32,0.7080672383308411,0.42656201124191284,0.482098251581192,0.7606833577156067,8,0.7606833577156067,8,0.7606833577156067,7,-0.03806029632687569,0.275041401386261,0.7863332629203796
35,82,11.0,decoder_2,300,0.8572161197662354,44,44,0.8572161197662354,0.7172849178314209,0.7172849178314209,0.8572161197662354,4,0.8572161197662354,4,0.8572161197662354,4,-0.050022970885038376,0.06297029554843903,1.1894116401672363
35,83,9.999999999999998,decoder_2,300,0.9248798489570618,132,116,0.8501578569412231,0.034846484661102295,0.7290194630622864,0.9248798489570618,10,0.9248798489570618,10,0.8753003478050232,9,0.01340906135737896,-0.020645296201109886,0.5621834993362427
35,81,9.0,decoder_3,300,0.7636549472808838,25,32,0.7342101335525513,0.10422289371490479,0.7019445300102234,0.7636549472808838,11,0.7636549472808838,11,0.7636549472808838,11,-0.08728575706481934,0.21386012434959412,0.9097364544868469
35,82,11.0,decoder_3,300,0.9556218981742859,139,44,0.8851287961006165,0.06351586431264877,0.7658870220184326,0.9556218981742859,4,0.9556218981742859,4,0.9556218981742859,4,0.0169080700725317,-0.0029693907126784325,0.3502487242221832
35,83,9.999999999999998,decoder_3,300,0.8867754936218262,255,116,0.8531731963157654,0.19885259866714478,0.74540114402771,0.8867754936218262,10,0.8867754936218262,10,0.8867754936218262,9,-0.06172742322087288,-0.021783148869872093,0.5567613244056702
35,81,9.0,final_nms07,247,0.7342101335525513,2,2,0.7342101335525513,0.7019445300102234,0.7019445300102234,0.7342101335525513,3,0.7342101335525513,3,0.7342101335525513,3,-0.054579149931669235,0.3042781949043274,1.1275508403778076
35,82,11.0,final_nms07,247,0.8851287961006165,0,0,0.8851287961006165,0.7658870220184326,0.7658870220184326,0.8851287961006165,1,0.8851287961006165,1,0.8851287961006165,1,-0.0316992811858654,0.058053694665431976,0.9671716094017029
35,83,9.999999999999998,final_nms07,247,0.8531731963157654,1,1,0.8531731963157654,0.74540114402771,0.74540114402771,0.8531731963157654,2,0.8531731963157654,2,0.8531731963157654,2,-0.07345166802406311,0.09282136708498001,0.9212790727615356
36,84,9.0,encoder_all_counterfactual,34000,0.6648968458175659,19522,19355,0.20377835631370544,0.011510096490383148,0.04268278554081917,0.6648968458175659,7,0.6648968458175659,7,0.057615622878074646,0,-0.2985450327396393,0.06191963329911232,1.4153698682785034
36,85,9.0,encoder_all_counterfactual,34000,0.7668830156326294,21442,20954,0.18494465947151184,0.02524743787944317,0.059790752828121185,0.7668830156326294,5,0.7668830156326294,5,0.18494465947151184,0,-0.10876473039388657,-0.1002696081995964,1.5734667778015137
36,86,10.000000000000002,encoder_all_counterfactual,34000,0.7428625822067261,23529,8122,0.18868017196655273,0.019444651901721954,0.08819395303726196,0.7428625822067261,10,0.7428625822067261,10,0.3775126338005066,0,0.1458093822002411,0.1748424470424652,1.2484643459320068
36,84,9.0,topk,300,0.057615622878074646,83,-1,0,0.0950918048620224,,0.057615622878074646,0,0.057615622878074646,0,0.057615622878074646,0,0.38530007004737854,0.6029201149940491,22.451433181762695
36,85,9.0,topk,300,0.048325441777706146,108,-1,0,0.09202885627746582,,0.048325441777706146,0,0.048325441777706146,0,0.048325441777706146,0,0.5290740728378296,0.601438581943512,22.774953842163086
36,86,10.000000000000002,topk,300,0.18868017196655273,136,136,0.18868017196655273,0.08819395303726196,0.08819395303726196,0.18868017196655273,0,0.18868017196655273,0,0.18868017196655273,0,0.48978787660598755,0.2884952127933502,15.279582023620605
36,84,9.0,pre_bbox,300,0.7176632881164551,83,83,0.7176632881164551,0.3293473720550537,0.3293473720550537,0.7176632881164551,4,0.7176632881164551,4,0.7176632881164551,4,0.002688721986487508,0.25195521116256714,1.4017759561538696
36,85,9.0,pre_bbox,300,0.6527542471885681,108,108,0.6527542471885681,0.4211328327655792,0.4211328327655792,0.6527542471885681,2,0.6527542471885681,2,0.6527542471885681,2,0.09727995097637177,0.20051196217536926,2.9713377952575684
36,86,10.000000000000002,pre_bbox,300,0.7508594393730164,136,136,0.7508594393730164,0.47996875643730164,0.47996875643730164,0.7508594393730164,4,0.7508594393730164,4,0.7508594393730164,4,0.004983096849173307,-0.026250936090946198,2.5279953479766846
36,84,9.0,decoder_1,300,0.7381877303123474,83,83,0.7381877303123474,0.33819010853767395,0.33819010853767395,0.7381877303123474,4,0.7381877303123474,4,0.7381877303123474,4,-0.003008122555911541,0.19846667349338531,1.407906413078308
36,85,9.0,decoder_1,300,0.6619477868080139,108,108,0.6619477868080139,0.43085363507270813,0.43085363507270813,0.6619477868080139,2,0.6619477868080139,2,0.6619477868080139,2,0.07361543923616409,0.15878255665302277,2.955235719680786
36,86,10.000000000000002,decoder_1,300,0.7330482006072998,136,136,0.7330482006072998,0.48976725339889526,0.48976725339889526,0.7330482006072998,4,0.7330482006072998,4,0.7330482006072998,4,-0.023623740300536156,-0.0329529345035553,2.659231662750244
36,84,9.0,decoder_2,300,0.7681941390037537,143,83,0.737980306148529,0.40639472007751465,0.7376799583435059,0.7681941390037537,6,0.7681941390037537,6,0.7681941390037537,6,-0.10851553827524185,0.18002797663211823,1.674716591835022
36,85,9.0,decoder_2,300,0.6901180148124695,108,108,0.6901180148124695,0.6884704828262329,0.6884704828262329,0.6901180148124695,2,0.6901180148124695,2,0.6901180148124695,2,0.12068318575620651,0.2698809504508972,1.4475526809692383
36,86,10.000000000000002,decoder_2,300,0.8399286866188049,136,136,0.8399286866188049,0.7012153267860413,0.7012153267860413,0.8399286866188049,5,0.8399286866188049,5,0.8399286866188049,3,0.06912322342395782,0.07549477368593216,1.2974053621292114
36,84,9.0,decoder_3,300,0.7895326614379883,12,83,0.7647996544837952,0.1140747219324112,0.7460538148880005,0.7895326614379883,6,0.7895326614379883,6,0.7895326614379883,6,-0.0540923997759819,0.20938457548618317,0.9598584175109863
36,85,9.0,decoder_3,300,0.6970453262329102,108,108,0.6970453262329102,0.7449274659156799,0.7449274659156799,0.6970453262329102,3,0.6970453262329102,3,0.6970453262329102,3,0.1290767639875412,0.2631835639476776,1.4153766632080078
36,86,10.000000000000002,decoder_3,300,0.842120885848999,136,136,0.842120885848999,0.6524298787117004,0.6524298787117004,0.842120885848999,5,0.842120885848999,5,0.842120885848999,4,0.08461486548185349,0.07570525258779526,1.1457037925720215
36,84,9.0,final_nms07,267,0.7647996544837952,0,0,0.7647996544837952,0.7460538148880005,0.7460538148880005,0.7647996544837952,3,0.7647996544837952,3,0.7647996544837952,3,-0.0747886523604393,0.2159060537815094,1.133189082145691
36,85,9.0,final_nms07,267,0.6970453262329102,1,1,0.6970453262329102,0.7449274659156799,0.7449274659156799,0.6970453262329102,2,0.6970453262329102,2,0.6970453262329102,2,0.1290767639875412,0.2631835639476776,1.4153766632080078
36,86,10.000000000000002,final_nms07,267,0.842120885848999,2,2,0.842120885848999,0.6524298787117004,0.6524298787117004,0.842120885848999,1,0.842120885848999,1,0.842120885848999,1,0.08461486548185349,0.07570525258779526,1.1457037925720215
37,87,10.000000000000002,encoder_all_counterfactual,34000,0.619071900844574,19365,19521,0.2644801735877991,0.014268459752202034,0.04001927748322487,0.619071900844574,11,0.619071900844574,11,0.0764409527182579,0,-0.015619906596839428,0.07371953874826431,4.061221122741699
37,88,9.0,encoder_all_counterfactual,34000,0.548369288444519,21284,20796,0.14428158104419708,0.022427165880799294,0.06553514301776886,0.548369288444519,3,0.548369288444519,3,0.21863913536071777,0,-0.01501488033682108,0.013475803658366203,4.537666320800781
37,89,10.000000000000002,encoder_all_counterfactual,34000,0.7511736154556274,26197,8122,0.21562735736370087,0.026053884997963905,0.0909876823425293,0.7511736154556274,13,0.7511736154556274,13,0.2762938141822815,0,0.12943097949028015,-0.09217920154333115,1.820752739906311
37,87,10.000000000000002,topk,300,0.03157719597220421,127,-1,0,0.0871998742222786,,0.03157719597220421,0,0.03157719597220421,0,0.03157719597220421,0,0.3408280909061432,0.24979589879512787,23.688655853271484
37,88,9.0,topk,300,0.14428158104419708,284,284,0.14428158104419708,0.06553514301776886,0.06553514301776886,0.14428158104419708,0,0.14428158104419708,0,0.14428158104419708,0,-0.22043760120868683,0.19558939337730408,13.412981986999512
37,89,10.000000000000002,topk,300,0.2762938141822815,259,102,0.21562735736370087,0.07056056708097458,0.0909876823425293,0.2762938141822815,0,0.2762938141822815,0,0.2762938141822815,0,-0.21697938442230225,-0.0672636479139328,8.993171691894531
37,87,10.000000000000002,pre_bbox,300,0.8386393189430237,127,127,0.8386393189430237,0.3102114498615265,0.3102114498615265,0.8386393189430237,3,0.8386393189430237,3,0.8386393189430237,3,0.05030374601483345,0.002822054550051689,1.3702532052993774
37,88,9.0,pre_bbox,300,0.7736982107162476,284,284,0.7736982107162476,0.5354722738265991,0.5354722738265991,0.7736982107162476,5,0.7736982107162476,5,0.7736982107162476,5,0.04234035313129425,0.1686038225889206,1.5005667209625244
37,89,10.000000000000002,pre_bbox,300,0.9457377791404724,259,102,0.763684093952179,0.49563825130462646,0.5968177914619446,0.9457377791404724,7,0.9457377791404724,7,0.9457377791404724,7,0.030870260670781136,0.018688037991523743,0.3917406499385834
37,87,10.000000000000002,decoder_1,300,0.8190615773200989,127,127,0.8190615773200989,0.3186851441860199,0.3186851441860199,0.8190615773200989,3,0.8190615773200989,3,0.8190615773200989,3,0.03460872173309326,-0.03958486020565033,1.6339950561523438
37,88,9.0,decoder_1,300,0.7805677056312561,284,284,0.7805677056312561,0.5436662435531616,0.5436662435531616,0.7805677056312561,4,0.7805677056312561,4,0.7805677056312561,4,0.04746974632143974,0.17869992554187775,1.3185560703277588
37,89,10.000000000000002,decoder_1,300,0.9457169771194458,259,102,0.7818856835365295,0.5064123868942261,0.6062392592430115,0.9457169771194458,8,0.9457169771194458,8,0.9457169771194458,8,0.034884847700595856,0.018120011314749718,0.40224993228912354
37,87,10.000000000000002,decoder_2,300,0.9131321907043457,25,127,0.8487959504127502,0.07528757303953171,0.652161717414856,0.9131321907043457,4,0.9131321907043457,4,0.9131321907043457,4,0.05561888590455055,-0.02904735505580902,0.6306968331336975
37,88,9.0,decoder_2,300,0.7864903807640076,284,284,0.7864903807640076,0.70290607213974,0.70290607213974,0.7864903807640076,6,0.7864903807640076,6,0.7864903807640076,5,0.043309442698955536,0.19168134033679962,1.098491907119751
37,89,10.000000000000002,decoder_2,300,0.9359443783760071,134,102,0.8617036938667297,0.06763897836208344,0.6994354724884033,0.9359443783760071,10,0.9359443783760071,10,0.9359443783760071,9,0.024192219600081444,-5.145073009771295e-05,0.48027676343917847
37,87,10.000000000000002,decoder_3,300,0.8651436567306519,127,127,0.8651436567306519,0.7492319345474243,0.7492319345474243,0.8651436567306519,7,0.8651436567306519,7,0.8651436567306519,7,0.10253224521875381,0.04838419705629349,0.6298456788063049
37,88,9.0,decoder_3,300,0.7885730862617493,284,284,0.7885730862617493,0.7649110555648804,0.7649110555648804,0.7885730862617493,8,0.7885730862617493,8,0.7885730862617493,7,0.047352783381938934,0.1848740130662918,1.170177698135376
37,89,10.000000000000002,decoder_3,300,0.8699471950531006,157,102,0.8537331819534302,0.089854896068573,0.7514693737030029,0.8699471950531006,11,0.8699471950531006,11,0.8699471950531006,8,-0.06212274357676506,0.03353184461593628,1.0131781101226807
37,87,10.000000000000002,final_nms07,251,0.8651436567306519,2,2,0.8651436567306519,0.7492319345474243,0.7492319345474243,0.8651436567306519,3,0.8651436567306519,3,0.8651436567306519,3,0.10253224521875381,0.04838419705629349,0.6298456788063049
37,88,9.0,final_nms07,251,0.7885730862617493,0,0,0.7885730862617493,0.7649110555648804,0.7649110555648804,0.7885730862617493,3,0.7885730862617493,3,0.7885730862617493,3,0.047352783381938934,0.1848740130662918,1.170177698135376
37,89,10.000000000000002,final_nms07,251,0.8537331819534302,1,1,0.8537331819534302,0.7514693737030029,0.7514693737030029,0.8537331819534302,1,0.8537331819534302,1,0.8537331819534302,1,-0.02827529050409794,-0.0418434776365757,1.2802164554595947
38,90,8.999999999999998,encoder_all_counterfactual,34000,0.7626515030860901,19509,8082,0.21157021820545197,0.02327246032655239,0.10127311944961548,0.7626515030860901,7,0.7626515030860901,7,0.21157021820545197,0,0.239071324467659,-0.06728754937648773,0.15013407170772552
38,91,9.0,encoder_all_counterfactual,34000,0.8257238268852234,21282,8102,0.1825864613056183,0.011731330305337906,0.09903904795646667,0.8257238268852234,6,0.8257238268852234,6,0.1935744285583496,0,0.14303156733512878,-0.016441915184259415,1.073866605758667
38,92,9.999999999999998,encoder_all_counterfactual,34000,0.8304392099380493,25414,8122,0.3413286507129669,0.02370414510369301,0.09274425357580185,0.8304392099380493,8,0.8304392099380493,8,0.3413286507129669,0,-0.012696835212409496,-0.13160185515880585,0.8535299897193909
38,90,8.999999999999998,topk,300,0.21157021820545197,21,21,0.21157021820545197,0.10127311944961548,0.10127311944961548,0.21157021820545197,0,0.21157021820545197,0,0.21157021820545197,0,0.8196057081222534,0.6624137163162231,13.012812614440918
38,91,9.0,topk,300,0.1825864613056183,32,32,0.1825864613056183,0.09903904795646667,0.09903904795646667,0.1825864613056183,0,0.1825864613056183,0,0.1825864613056183,0,0.5287930965423584,0.6138594150543213,15.563733100891113
38,92,9.999999999999998,topk,300,0.3413286507129669,111,111,0.3413286507129669,0.09274425357580185,0.09274425357580185,0.3413286507129669,0,0.3413286507129669,0,0.3413286507129669,0,0.30926162004470825,0.45914578437805176,10.264301300048828
38,90,8.999999999999998,pre_bbox,300,0.6203908324241638,28,21,0.6060193181037903,0.3025478720664978,0.5392668843269348,0.6203908324241638,6,0.6203908324241638,6,0.6203908324241638,6,0.25131547451019287,0.20634721219539642,2.891218662261963
38,91,9.0,pre_bbox,300,0.8313857913017273,32,32,0.8313857913017273,0.5184802412986755,0.5184802412986755,0.8313857913017273,1,0.8313857913017273,1,0.8313857913017273,1,0.003433419857174158,0.19062857329845428,0.5577531456947327
38,92,9.999999999999998,pre_bbox,300,0.8229214549064636,111,111,0.8229214549064636,0.5926089286804199,0.5926089286804199,0.8229214549064636,3,0.8229214549064636,3,0.8229214549064636,3,-0.04148712754249573,0.17092931270599365,1.3737061023712158
38,90,8.999999999999998,decoder_1,300,0.6307713985443115,28,21,0.6202858686447144,0.3095417022705078,0.5456053614616394,0.6307713985443115,5,0.6307713985443115,5,0.6307713985443115,5,0.23864302039146423,0.21919208765029907,2.588437080383301
38,91,9.0,decoder_1,300,0.825223982334137,32,32,0.825223982334137,0.5285097360610962,0.5285097360610962,0.825223982334137,1,0.825223982334137,1,0.825223982334137,1,-0.032442450523376465,0.17826128005981445,0.6873248219490051
38,92,9.999999999999998,decoder_1,300,0.8115865588188171,111,111,0.8115865588188171,0.5984386801719666,0.5984386801719666,0.8115865588188171,4,0.8115865588188171,4,0.8115865588188171,4,-0.053598396480083466,0.17205746471881866,1.4534690380096436
38,90,8.999999999999998,decoder_2,300,0.8258810043334961,18,21,0.677980363368988,0.0666375458240509,0.7281870245933533,0.8258810043334961,12,0.8258810043334961,12,0.8258810043334961,12,0.1708788275718689,0.027214907109737396,1.558738112449646
38,91,9.0,decoder_2,300,0.7739019393920898,32,32,0.7739019393920898,0.7015551328659058,0.7015551328659058,0.7739019393920898,3,0.7739019393920898,3,0.7739019393920898,3,-0.06951269507408142,0.18677043914794922,1.0999549627304077
38,92,9.999999999999998,decoder_2,300,0.718565046787262,241,240,0.715527355670929,0.0372653491795063,0.6729920506477356,0.718565046787262,6,0.718565046787262,6,0.7175129652023315,2,-0.18778902292251587,0.12816603481769562,2.521892547607422
38,90,8.999999999999998,decoder_3,300,0.7982760071754456,22,21,0.696689784526825,0.06553710997104645,0.7805514931678772,0.7982760071754456,15,0.7982760071754456,15,0.7982760071754456,13,0.07280588895082474,0.033882614225149155,1.7611149549484253
38,91,9.0,decoder_3,300,0.7886270880699158,32,32,0.7886270880699158,0.7493758797645569,0.7493758797645569,0.7886270880699158,3,0.7886270880699158,3,0.7886270880699158,3,-0.06924007833003998,0.18530386686325073,0.9460480809211731
38,92,9.999999999999998,decoder_3,300,0.7263668775558472,241,111,0.7124176025390625,0.055352602154016495,0.637796938419342,0.7263668775558472,6,0.7263668775558472,6,0.7263668775558472,4,-0.09937245398759842,0.16242629289627075,2.1033167839050293
38,90,8.999999999999998,final_nms07,250,0.696689784526825,0,0,0.696689784526825,0.7805514931678772,0.7805514931678772,0.696689784526825,2,0.696689784526825,2,0.696689784526825,2,0.23510541021823883,0.1621345430612564,0.1301329880952835
38,91,9.0,final_nms07,250,0.7886270880699158,1,1,0.7886270880699158,0.7493758797645569,0.7493758797645569,0.7886270880699158,1,0.7886270880699158,1,0.7886270880699158,1,-0.06924007833003998,0.18530386686325073,0.9460480809211731
38,92,9.999999999999998,final_nms07,250,0.7124176025390625,2,2,0.7124176025390625,0.637796938419342,0.637796938419342,0.7124176025390625,1,0.7124176025390625,1,0.7124176025390625,1,-0.06911841034889221,0.2004740983247757,1.9560413360595703
39,93,10.000000000000002,encoder_all_counterfactual,34000,0.8056427240371704,20205,6928,0.2615567743778229,0.03113112598657608,0.09328772872686386,0.8056427240371704,10,0.8056427240371704,10,0.2615567743778229,0,-0.06621788442134857,0.04074353724718094,1.6326180696487427
39,93,10.000000000000002,topk,300,0.2615567743778229,137,137,0.2615567743778229,0.09328772872686386,0.09328772872686386,0.2615567743778229,0,0.2615567743778229,0,0.2615567743778229,0,0.08265627175569534,-0.09361204504966736,10.689919471740723
39,93,10.000000000000002,pre_bbox,300,0.8289534449577332,5,137,0.6516711115837097,0.2761979401111603,0.6165128350257874,0.8289534449577332,14,0.8289534449577332,14,0.8289534449577332,14,0.09963630884885788,-0.05006444454193115,1.461134910583496
39,93,10.000000000000002,decoder_1,300,0.8168560266494751,5,137,0.6607638001441956,0.2817116677761078,0.624229371547699,0.8168560266494751,13,0.8168560266494751,13,0.8168560266494751,13,0.06543266773223877,-0.0740789920091629,1.493406891822815
39,93,10.000000000000002,decoder_2,300,0.7885310053825378,166,137,0.7207056879997253,0.09445527195930481,0.7407171130180359,0.7885310053825378,18,0.7885310053825378,18,0.7885310053825378,14,-0.029213517904281616,-0.1877381056547165,0.4074680507183075
39,93,10.000000000000002,decoder_3,300,0.7377293705940247,5,137,0.7185024619102478,0.08055595308542252,0.7999709844589233,0.7377293705940247,19,0.7377293705940247,19,0.7377293705940247,12,0.015625448897480965,-0.1919267177581787,1.077077865600586
39,93,10.000000000000002,final_nms07,254,0.7185024619102478,0,0,0.7185024619102478,0.7999709844589233,0.7999709844589233,0.7185024619102478,2,0.7185024619102478,2,0.7185024619102478,2,-0.016074372455477715,-0.2453291118144989,0.6524463295936584
40,94,11.0,encoder_all_counterfactual,34000,0.6893224716186523,20847,6885,0.2810438871383667,0.028263190761208534,0.09846491366624832,0.6893224716186523,7,0.6893224716186523,7,0.687345027923584,2,0.049064408987760544,-0.04757395014166832,3.716370105743408
40,94,11.0,topk,300,0.687345027923584,88,67,0.2810438871383667,0.09654828161001205,0.09846491366624832,0.687345027923584,2,0.687345027923584,2,0.687345027923584,2,-0.022032244130969048,-0.11667466908693314,2.93942928314209
40,94,11.0,pre_bbox,300,0.7595794200897217,147,147,0.7595794200897217,0.6899747252464294,0.6899747252464294,0.7595794200897217,12,0.7595794200897217,12,0.7595794200897217,12,-0.033965494483709335,-0.21371495723724365,2.3739848136901855
40,94,11.0,decoder_1,300,0.7702916264533997,147,147,0.7702916264533997,0.6974998712539673,0.6974998712539673,0.7702916264533997,10,0.7702916264533997,10,0.7702916264533997,10,-0.02948327176272869,-0.2063048928976059,2.360795021057129
40,94,11.0,decoder_2,300,0.864328145980835,21,147,0.7529866695404053,0.0361439473927021,0.6026820540428162,0.864328145980835,15,0.864328145980835,15,0.7529866695404053,6,0.0014220967423170805,-0.1131460890173912,0.42093706130981445
40,94,11.0,decoder_3,300,0.7543743252754211,35,147,0.7366738319396973,0.03660380467772484,0.7188719511032104,0.7543743252754211,15,0.7543743252754211,15,0.747150719165802,12,0.0037199805956333876,-0.23203355073928833,1.5751285552978516
40,94,11.0,final_nms07,250,0.7366738319396973,0,0,0.7366738319396973,0.7188719511032104,0.7188719511032104,0.7366738319396973,1,0.7366738319396973,1,0.7366738319396973,1,-0.07890486717224121,-0.17343413829803467,2.3780784606933594
41,95,9.0,encoder_all_counterfactual,34000,0.7764320969581604,24205,6969,0.1492576152086258,0.024317007511854172,0.08031300455331802,0.7764320969581604,8,0.7764320969581604,8,0.294092059135437,0,0.08790945261716843,0.18386676907539368,1.1677055358886719
41,95,9.0,topk,300,0.1492576152086258,262,262,0.1492576152086258,0.08031300455331802,0.08031300455331802,0.1492576152086258,0,0.1492576152086258,0,0.1492576152086258,0,0.2963237464427948,0.1050734892487526,13.113504409790039
41,95,9.0,pre_bbox,300,0.868121862411499,262,262,0.868121862411499,0.4789551794528961,0.4789551794528961,0.868121862411499,13,0.868121862411499,13,0.868121862411499,13,0.041610296815633774,0.03737323731184006,0.9593818187713623
41,95,9.0,decoder_1,300,0.8737888336181641,262,262,0.8737888336181641,0.48469609022140503,0.48469609022140503,0.8737888336181641,13,0.8737888336181641,13,0.8737888336181641,13,0.04139701649546623,0.03805803880095482,0.9032294750213623
41,95,9.0,decoder_2,300,0.8596798181533813,40,40,0.8596798181533813,0.7234432101249695,0.7234432101249695,0.8596798181533813,23,0.8596798181533813,23,0.8596798181533813,22,0.04944518953561783,0.10841801017522812,0.559979259967804
41,95,9.0,decoder_3,300,0.8779663443565369,272,40,0.8579836487770081,0.03919025510549545,0.7787294983863831,0.8779663443565369,26,0.8779663443565369,26,0.8679482340812683,15,-0.02122274786233902,0.10050910711288452,0.4403071999549866
41,95,9.0,final_nms07,245,0.8579836487770081,0,0,0.8579836487770081,0.7787294983863831,0.7787294983863831,0.8579836487770081,3,0.8579836487770081,3,0.8579836487770081,2,0.050246838480234146,0.10976364463567734,0.4039904773235321
42,96,9.0,encoder_all_counterfactual,34000,0.7728346586227417,21799,8087,0.10171043127775192,0.030084583908319473,0.11815441399812698,0.7728346586227417,7,0.7728346586227417,7,0.10171043127775192,0,0.023802906274795532,0.248790442943573,0.9745962619781494
42,96,9.0,topk,300,0.10171043127775192,1,1,0.10171043127775192,0.11815441399812698,0.11815441399812698,0.10171043127775192,0,0.10171043127775192,0,0.10171043127775192,0,0.22655260562896729,0.6552625298500061,18.57450294494629
42,96,9.0,pre_bbox,300,0.6780387759208679,26,1,0.5737219452857971,0.20562531054019928,0.5298282504081726,0.6780387759208679,10,0.6780387759208679,10,0.6780387759208679,10,-0.17590059340000153,0.11853643506765366,2.1914255619049072
42,96,9.0,decoder_1,300,0.6560579538345337,110,1,0.5855420231819153,0.24821671843528748,0.5402477979660034,0.6560579538345337,8,0.6560579538345337,8,0.6560579538345337,8,-0.21898327767848969,0.036691516637802124,2.1964757442474365
42,96,9.0,decoder_2,300,0.7771734595298767,76,1,0.7525928616523743,0.0902988612651825,0.7333531975746155,0.7771734595298767,20,0.7771734595298767,20,0.7771734595298767,20,-0.15452630817890167,0.10394905507564545,0.6157649755477905
42,96,9.0,decoder_3,300,0.7829840779304504,76,1,0.7218124270439148,0.08562733232975006,0.8160310387611389,0.7829840779304504,21,0.7829840779304504,21,0.7829840779304504,21,-0.10364627093076706,0.1270568072795868,1.4353684186935425
42,96,9.0,final_nms07,242,0.7218124270439148,0,0,0.7218124270439148,0.8160310387611389,0.8160310387611389,0.7218124270439148,2,0.7218124270439148,2,0.7218124270439148,2,-0.15231600403785706,0.06628118455410004,2.156888961791992
43,97,8.999999999999998,encoder_all_counterfactual,34000,0.6915206909179688,21006,8087,0.25102460384368896,0.02649853006005287,0.11855078488588333,0.6915206909179688,7,0.6915206909179688,7,0.334775447845459,0,-0.11241213977336884,-0.22089752554893494,1.6814827919006348
43,97,8.999999999999998,topk,300,0.334775447845459,97,0,0.25102460384368896,0.09490571916103363,0.11855078488588333,0.334775447845459,0,0.334775447845459,0,0.334775447845459,0,0.23657026886940002,-0.08448201417922974,8.529608726501465
43,97,8.999999999999998,pre_bbox,300,0.771993100643158,44,97,0.7106441259384155,0.23861734569072723,0.6568215489387512,0.771993100643158,17,0.771993100643158,17,0.771993100643158,17,0.046313606202602386,-0.15752391517162323,2.161153793334961
43,97,8.999999999999998,decoder_1,300,0.8010652661323547,44,97,0.715429961681366,0.2441202998161316,0.6627861261367798,0.8010652661323547,17,0.8010652661323547,17,0.8010652661323547,17,0.011412023566663265,-0.1823761761188507,1.80314302444458
43,97,8.999999999999998,decoder_2,300,0.8469871878623962,26,97,0.7462136149406433,0.06046353280544281,0.7098065614700317,0.8469871878623962,21,0.8469871878623962,21,0.8469871878623962,12,0.0152432294562459,-0.14173009991645813,1.3855823278427124
43,97,8.999999999999998,decoder_3,300,0.8138913512229919,147,97,0.7514556646347046,0.043416865170001984,0.7788306474685669,0.8138913512229919,21,0.8138913512229919,21,0.7954199910163879,7,0.07555723190307617,-0.13277900218963623,1.497596025466919
43,97,8.999999999999998,final_nms07,238,0.7514556646347046,0,0,0.7514556646347046,0.7788306474685669,0.7788306474685669,0.7514556646347046,1,0.7514556646347046,1,0.7514556646347046,1,0.06676657497882843,-0.20011019706726074,1.8381845951080322
44,98,10.000000000000002,encoder_all_counterfactual,34000,0.689760148525238,23718,8086,0.16049322485923767,0.025399217382073402,0.11784732341766357,0.689760148525238,3,0.689760148525238,3,0.16049322485923767,0,-0.07978121191263199,0.02997220866382122,2.790757894515991
44,98,10.000000000000002,topk,300,0.16049322485923767,3,3,0.16049322485923767,0.11784732341766357,0.11784732341766357,0.16049322485923767,0,0.16049322485923767,0,0.16049322485923767,0,0.5744786262512207,0.4742213785648346,16.89125633239746
44,98,10.000000000000002,pre_bbox,300,0.8110823035240173,134,3,0.6669995784759521,0.0869610458612442,0.3960075080394745,0.8110823035240173,7,0.8110823035240173,7,0.8110823035240173,7,-0.1300179660320282,0.08347098529338837,0.8674150109291077
44,98,10.000000000000002,decoder_1,300,0.709137499332428,31,3,0.6250331401824951,0.39876869320869446,0.4035029411315918,0.709137499332428,4,0.709137499332428,4,0.709137499332428,4,-0.08803484588861465,-0.1070500835776329,2.42806339263916
44,98,10.000000000000002,decoder_2,300,0.7690790891647339,31,31,0.7690790891647339,0.7323189377784729,0.7323189377784729,0.7690790891647339,10,0.7690790891647339,10,0.7690790891647339,8,-0.11340855807065964,-0.11982191354036331,1.2518517971038818
44,98,10.000000000000002,decoder_3,300,0.8073705434799194,4,31,0.7708576321601868,0.06256315857172012,0.7407047152519226,0.8073705434799194,14,0.8073705434799194,14,0.8073705434799194,11,0.010964001528918743,-0.09082961082458496,1.5527931451797485
44,98,10.000000000000002,final_nms07,255,0.7708576321601868,0,0,0.7708576321601868,0.7407047152519226,0.7407047152519226,0.7708576321601868,4,0.7708576321601868,4,0.7708576321601868,3,-0.11699915677309036,-0.12306097149848938,1.1988056898117065
45,99,11.0,encoder_all_counterfactual,34000,0.6336884498596191,19697,19214,0.21627631783485413,0.02911154367029667,0.05374544486403465,0.6336884498596191,2,0.6336884498596191,2,0.21627631783485413,0,0.18910638988018036,0.3271016776561737,0.4607897400856018
45,100,12.0,encoder_all_counterfactual,34000,0.6266925930976868,21780,20653,0.12124762684106827,0.029906732961535454,0.05910583212971687,0.6266925930976868,2,0.6266925930976868,2,0.12124762684106827,0,0.19166912138462067,0.33902934193611145,1.6550923585891724
45,101,13.999999999999996,encoder_all_counterfactual,34000,0.5895217657089233,23217,22573,0.36240440607070923,0.03566272184252739,0.06255808472633362,0.5895217657089233,3,0.5895217657089233,3,0.36240440607070923,0,0.050743963569402695,0.0651482492685318,3.465097188949585
45,99,11.0,topk,300,0.284140020608902,12,4,0.21627631783485413,0.04723065719008446,0.05374544486403465,0.284140020608902,0,0.284140020608902,0,0.21627631783485413,0,0.05619388073682785,0.5419929027557373,6.52768087387085
45,100,12.0,topk,300,0.2933405935764313,38,1,0.12124762684106827,0.04371656849980354,0.05910583212971687,0.2933405935764313,0,0.2933405935764313,0,0.12124762684106827,0,-0.1464659571647644,0.504224419593811,7.927340507507324
45,101,13.999999999999996,topk,300,0.36240440607070923,0,0,0.36240440607070923,0.06255808472633362,0.06255808472633362,0.36240440607070923,0,0.36240440607070923,0,0.36240440607070923,0,0.057169124484062195,0.6528430581092834,7.039823055267334
45,99,11.0,pre_bbox,300,0.7918550372123718,132,12,0.779931902885437,0.4914189577102661,0.5116817951202393,0.7918550372123718,4,0.7918550372123718,4,0.7918550372123718,4,-0.004827448166906834,0.1766587346792221,0.6621989607810974
45,100,12.0,pre_bbox,300,0.7388107776641846,59,38,0.5825001001358032,0.318911612033844,0.5068662762641907,0.7388107776641846,5,0.7388107776641846,5,0.7388107776641846,5,-0.007487072143703699,0.3161865174770355,1.1673556566238403
45,101,13.999999999999996,pre_bbox,300,0.8832101821899414,2,0,0.7167817950248718,0.2880479693412781,0.4757513701915741,0.8832101821899414,5,0.8832101821899414,5,0.8832101821899414,5,-0.03118247352540493,-0.035087935626506805,0.6960577964782715
45,99,11.0,decoder_1,300,0.7878601551055908,132,12,0.7777504324913025,0.5012062191963196,0.5214715003967285,0.7878601551055908,4,0.7878601551055908,4,0.7878601551055908,4,0.005439156666398048,0.18754279613494873,0.6631585359573364
45,100,12.0,decoder_1,300,0.7427794933319092,59,38,0.5807214379310608,0.32717496156692505,0.5173433423042297,0.7427794933319092,5,0.7427794933319092,5,0.7427794933319092,5,-0.04570741578936577,0.2710857689380646,1.2258654832839966
45,101,13.999999999999996,decoder_1,300,0.8931542634963989,2,0,0.7121009230613708,0.2965679466724396,0.48557987809181213,0.8931542634963989,5,0.8931542634963989,5,0.8931542634963989,5,-0.04547690227627754,-0.03951132670044899,0.5704458355903625
45,99,11.0,decoder_2,300,0.8688311576843262,12,12,0.8688311576843262,0.7266048192977905,0.7266048192977905,0.8688311576843262,4,0.8688311576843262,4,0.8688311576843262,3,0.06511657685041428,0.0806097686290741,0.48881250619888306
45,100,12.0,decoder_2,300,0.808860719203949,131,1,0.8017882108688354,0.06180229038000107,0.6114511489868164,0.808860719203949,5,0.808860719203949,5,0.808860719203949,5,0.024786554276943207,0.048997581005096436,1.1686493158340454
45,101,13.999999999999996,decoder_2,300,0.787175714969635,2,0,0.7144389152526855,0.14995619654655457,0.6688870191574097,0.787175714969635,6,0.787175714969635,6,0.787175714969635,6,-0.11036980897188187,-0.1029217466711998,1.2202266454696655
45,99,11.0,decoder_3,300,0.890591025352478,132,12,0.876895010471344,0.09273255616426468,0.7508202195167542,0.890591025352478,4,0.890591025352478,4,0.890591025352478,3,0.015168394893407822,0.1060749962925911,0.2652970254421234
45,100,12.0,decoder_3,300,0.8407823443412781,131,1,0.8107252717018127,0.10910667479038239,0.6920210123062134,0.8407823443412781,5,0.8407823443412781,5,0.8407823443412781,5,0.025191184133291245,0.06339109688997269,0.9872580170631409
45,101,13.999999999999996,decoder_3,300,0.8646200895309448,29,0,0.7247605919837952,0.10203225910663605,0.7283670902252197,0.8646200895309448,6,0.8646200895309448,6,0.8646200895309448,6,-0.07882825285196304,-0.027415741235017776,0.6425707936286926
45,99,11.0,final_nms07,118,0.876895010471344,0,0,0.876895010471344,0.7508202195167542,0.7508202195167542,0.876895010471344,1,0.876895010471344,1,0.876895010471344,1,0.053118765354156494,0.07757867872714996,0.5196177363395691
45,100,12.0,final_nms07,118,0.8107252717018127,2,2,0.8107252717018127,0.6920210123062134,0.6920210123062134,0.8107252717018127,1,0.8107252717018127,1,0.8107252717018127,1,0.0021100861486047506,0.10041915625333786,0.9961630702018738
45,101,13.999999999999996,final_nms07,118,0.7247605919837952,1,1,0.7247605919837952,0.7283670902252197,0.7283670902252197,0.7247605919837952,1,0.7247605919837952,1,0.7247605919837952,1,-0.16440635919570923,-0.057469431310892105,1.3311554193496704
46,102,15.0,encoder_all_counterfactual,34000,0.7363682985305786,20340,20175,0.31813469529151917,0.02471284568309784,0.050139348953962326,0.7363682985305786,8,0.7363682985305786,8,0.31813469529151917,0,0.08195629715919495,0.1672784835100174,2.1230506896972656
46,103,12.0,encoder_all_counterfactual,34000,0.5893953442573547,22258,21295,0.257337361574173,0.028286026790738106,0.056705452501773834,0.5893953442573547,5,0.5893953442573547,5,0.257337361574173,0,-0.38521653413772583,0.0700640082359314,2.9823713302612305
46,104,12.0,encoder_all_counterfactual,34000,0.7807864546775818,23701,23536,0.21341364085674286,0.02779211662709713,0.04827739670872688,0.7807864546775818,7,0.7807864546775818,7,0.0,0,0.04368966072797775,0.14228804409503937,0.994380533695221
46,102,15.0,topk,300,0.31813469529151917,13,13,0.31813469529151917,0.050139348953962326,0.050139348953962326,0.31813469529151917,0,0.31813469529151917,0,0.31813469529151917,0,-0.23645159602165222,-0.041282813996076584,7.062206268310547
46,103,12.0,topk,300,0.257337361574173,3,3,0.257337361574173,0.056705452501773834,0.056705452501773834,0.257337361574173,0,0.257337361574173,0,0.257337361574173,0,-0.3047701120376587,0.341922789812088,8.022738456726074
46,104,12.0,topk,300,0.2532661557197571,25,19,0.21341364085674286,0.04670783132314682,0.04827739670872688,0.2532661557197571,0,0.2532661557197571,0,0.0,0,-0.2611696720123291,-0.04486118257045746,7.084727764129639
46,102,15.0,pre_bbox,300,0.8394598960876465,63,13,0.7335090637207031,0.4456970691680908,0.574170708656311,0.8394598960876465,6,0.8394598960876465,6,0.8394598960876465,6,-0.09111477434635162,0.010596034117043018,1.1042404174804688
46,103,12.0,pre_bbox,300,0.657876193523407,5,14,0.6499369144439697,0.38570937514305115,0.5316794514656067,0.657876193523407,6,0.657876193523407,6,0.657876193523407,6,-0.2679327130317688,0.15404865145683289,1.410202980041504
46,104,12.0,pre_bbox,300,0.7170811891555786,25,25,0.7170811891555786,0.43557968735694885,0.43557968735694885,0.7170811891555786,6,0.7170811891555786,6,0.7170811891555786,6,-0.08206934481859207,0.12220326066017151,1.8060287237167358
46,102,15.0,decoder_1,300,0.8266581892967224,63,13,0.7271966338157654,0.45638638734817505,0.5823653936386108,0.8266581892967224,7,0.8266581892967224,7,0.8266581892967224,7,-0.10039593279361725,0.0005452216137200594,1.1261893510818481
46,103,12.0,decoder_1,300,0.6649855971336365,5,14,0.6434566378593445,0.39539533853530884,0.541100025177002,0.6649855971336365,6,0.6649855971336365,6,0.6649855971336365,6,-0.25440385937690735,0.1625753939151764,1.3617238998413086
46,104,12.0,decoder_1,300,0.7213398814201355,25,25,0.7213398814201355,0.4454355835914612,0.4454355835914612,0.7213398814201355,6,0.7213398814201355,6,0.7213398814201355,6,-0.08694293349981308,0.11456932127475739,1.780017375946045
46,102,15.0,decoder_2,300,0.8669924736022949,77,13,0.7432164549827576,0.050565607845783234,0.6636126041412354,0.8669924736022949,8,0.8669924736022949,8,0.8669924736022949,6,-0.06226879358291626,-0.03476191312074661,0.6916735768318176
46,103,12.0,decoder_2,300,0.6877360939979553,3,14,0.6876750588417053,0.5351865291595459,0.6618912220001221,0.6877360939979553,6,0.6877360939979553,6,0.6877360939979553,5,-0.2064245194196701,0.19392476975917816,0.43780091404914856
46,104,12.0,decoder_2,300,0.7324568629264832,25,25,0.7324568629264832,0.6941968202590942,0.6941968202590942,0.7324568629264832,8,0.7324568629264832,8,0.7324568629264832,6,-0.025966359302401543,0.1772337406873703,1.3804802894592285
46,102,15.0,decoder_3,300,0.8586738109588623,77,13,0.7336273193359375,0.025475911796092987,0.7322545051574707,0.8586738109588623,9,0.8586738109588623,9,0.7445889711380005,4,-0.077738918364048,-0.025744743645191193,0.6188111305236816
46,103,12.0,decoder_3,300,0.6915048956871033,3,14,0.6889451742172241,0.3119429051876068,0.7072208523750305,0.6915048956871033,7,0.6915048956871033,7,0.6915048956871033,6,-0.20334963500499725,0.19086427986621857,0.45495927333831787
46,104,12.0,decoder_3,300,0.7514499425888062,37,25,0.7394716739654541,0.04173705726861954,0.7617965936660767,0.7514499425888062,8,0.7514499425888062,8,0.7394716739654541,5,-0.06636073440313339,0.2596840560436249,0.9522624015808105
46,102,15.0,final_nms07,127,0.7336273193359375,1,1,0.7336273193359375,0.7322545051574707,0.7322545051574707,0.7336273193359375,3,0.7336273193359375,3,0.7336273193359375,3,-0.14877240359783173,-0.13815705478191376,1.2718557119369507
46,103,12.0,final_nms07,127,0.6889451742172241,2,2,0.6889451742172241,0.7072208523750305,0.7072208523750305,0.6889451742172241,1,0.6889451742172241,1,0.6889451742172241,1,-0.2171962708234787,0.174027219414711,0.6460802555084229
46,104,12.0,final_nms07,127,0.7394716739654541,0,0,0.7394716739654541,0.7617965936660767,0.7617965936660767,0.7394716739654541,1,0.7394716739654541,1,0.7394716739654541,1,-0.036754049360752106,0.17131313681602478,1.3616677522659302
47,105,12.0,encoder_all_counterfactual,34000,0.6910452246665955,22098,20977,0.29034656286239624,0.03406520187854767,0.05262063816189766,0.6910452246665955,1,0.6910452246665955,1,0.29034656286239624,0,-0.15724311769008636,0.2605067193508148,0.8842142224311829
47,106,12.0,encoder_all_counterfactual,34000,0.5960574746131897,23059,22416,0.13034094870090485,0.029068421572446823,0.059012122452259064,0.5960574746131897,5,0.5960574746131897,5,0.13034094870090485,0,-0.05991576984524727,-0.195443794131279,2.725364923477173
47,107,9.999999999999998,encoder_all_counterfactual,34000,0.5837101936340332,19378,19057,0.42961007356643677,0.03673221170902252,0.060795217752456665,0.5837101936340332,1,0.5837101936340332,1,0.42961007356643677,0,-0.06068846210837364,0.24089966714382172,2.297642707824707
47,105,12.0,topk,300,0.309689998626709,52,3,0.29034656286239624,0.04283273220062256,0.05262063816189766,0.309689998626709,0,0.309689998626709,0,0.29034656286239624,0,-0.049033112823963165,0.5008478164672852,8.24406623840332
47,106,12.0,topk,300,0.17229600250720978,98,1,0.13034094870090485,0.04126567021012306,0.059012122452259064,0.17229600250720978,0,0.17229600250720978,0,0.13034094870090485,0,-0.33141618967056274,-0.02916659228503704,8.435266494750977
47,107,9.999999999999998,topk,300,0.42961007356643677,0,0,0.42961007356643677,0.060795217752456665,0.060795217752456665,0.42961007356643677,0,0.42961007356643677,0,0.42961007356643677,0,0.1729198843240738,0.7699041366577148,3.49397873878479
47,105,12.0,pre_bbox,300,0.7214949131011963,52,52,0.7214949131011963,0.549545407295227,0.549545407295227,0.7214949131011963,3,0.7214949131011963,3,0.7214949131011963,3,-0.06809426844120026,0.27371081709861755,2.096102237701416
47,106,12.0,pre_bbox,300,0.7154284715652466,17,98,0.6672129034996033,0.3340020179748535,0.3474641740322113,0.7154284715652466,10,0.7154284715652466,10,0.7154284715652466,10,-0.0330624096095562,0.3635721802711487,2.1260061264038086
47,107,9.999999999999998,pre_bbox,300,0.7486113905906677,49,0,0.6661685705184937,0.42609554529190063,0.5549197196960449,0.7486113905906677,4,0.7486113905906677,4,0.7486113905906677,4,-0.02015249989926815,0.14925767481327057,0.9741894602775574
47,105,12.0,decoder_1,300,0.7306276559829712,15,52,0.7194166779518127,0.2207248955965042,0.5579658150672913,0.7306276559829712,3,0.7306276559829712,3,0.7306276559829712,3,0.08764159679412842,0.2583971321582794,1.7894920110702515
47,106,12.0,decoder_1,300,0.7445593476295471,122,98,0.6633459329605103,0.1848529577255249,0.3570941090583801,0.7445593476295471,10,0.7445593476295471,10,0.7445593476295471,10,-0.027354363352060318,0.2752041220664978,0.47277793288230896
47,107,9.999999999999998,decoder_1,300,0.739857017993927,49,0,0.6712568402290344,0.4362509846687317,0.562911868095398,0.739857017993927,4,0.739857017993927,4,0.739857017993927,4,-0.013899031095206738,0.15924525260925293,1.0003525018692017
47,105,12.0,decoder_2,300,0.8324614763259888,52,52,0.8324614763259888,0.5175043940544128,0.5175043940544128,0.8324614763259888,4,0.8324614763259888,4,0.8324614763259888,4,-0.09761536866426468,0.09308426082134247,0.6242810487747192
47,106,12.0,decoder_2,300,0.8059892654418945,67,17,0.7760533690452576,0.038927242159843445,0.6128706336021423,0.8059892654418945,10,0.8059892654418945,10,0.797508955001831,7,-0.13006426393985748,0.09120186418294907,0.3370157778263092
47,107,9.999999999999998,decoder_2,300,0.7942999005317688,49,0,0.7237977385520935,0.0470690093934536,0.7508641481399536,0.7942999005317688,4,0.7942999005317688,4,0.7237977385520935,2,-0.00597451813519001,0.22271530330181122,0.5676259398460388
47,105,12.0,decoder_3,300,0.8681638240814209,52,52,0.8681638240814209,0.628757655620575,0.628757655620575,0.8681638240814209,4,0.8681638240814209,4,0.8681638240814209,4,-0.0809568539261818,0.06377187371253967,0.4242207109928131
47,106,12.0,decoder_3,300,0.8222230672836304,122,98,0.797014594078064,0.04678406938910484,0.7382348775863647,0.8222230672836304,10,0.8222230672836304,10,0.8037827610969543,8,-0.07333508878946304,0.10554242134094238,0.9372419118881226
47,107,9.999999999999998,decoder_3,300,0.7865945100784302,49,0,0.7235022187232971,0.056514814496040344,0.7799327373504639,0.7865945100784302,5,0.7865945100784302,5,0.7865945100784302,3,0.005882601253688335,0.23301507532596588,0.7068303823471069
47,105,12.0,final_nms07,119,0.8681638240814209,2,2,0.8681638240814209,0.628757655620575,0.628757655620575,0.8681638240814209,1,0.8681638240814209,1,0.8681638240814209,1,-0.0809568539261818,0.06377187371253967,0.4242207109928131
47,106,12.0,final_nms07,119,0.797014594078064,1,1,0.797014594078064,0.7382348775863647,0.7382348775863647,0.797014594078064,1,0.797014594078064,1,0.797014594078064,1,-0.13309532403945923,0.10115064680576324,0.3982834815979004
47,107,9.999999999999998,final_nms07,119,0.7235022187232971,0,0,0.7235022187232971,0.7799327373504639,0.7799327373504639,0.7235022187232971,2,0.7235022187232971,2,0.7235022187232971,2,0.037936460226774216,0.28297483921051025,0.906521737575531
48,108,11.0,encoder_all_counterfactual,34000,0.5030602812767029,19220,18738,0.1386268585920334,0.02643704041838646,0.05331043154001236,0.5030602812767029,1,0.5030602812767029,1,0.18081432580947876,0,-0.05163731798529625,0.4848937690258026,4.25641393661499
48,109,13.999999999999996,encoder_all_counterfactual,34000,0.6344751715660095,20982,20016,0.1270810067653656,0.0117905642837286,0.047509901225566864,0.6344751715660095,2,0.6344751715660095,2,0.0,0,-0.15286961197853088,-0.1534571349620819,2.1497185230255127
48,110,18.0,encoder_all_counterfactual,34000,0.9295491576194763,24782,22255,0.3048354685306549,0.025439558550715446,0.062102288007736206,0.9295491576194763,11,0.9295491576194763,11,0.3048354685306549,0,0.04745115339756012,-0.008100737817585468,0.5147990584373474
48,108,11.0,topk,300,0.2971564531326294,36,1,0.1386268585920334,0.043750252574682236,0.05331043154001236,0.2971564531326294,0,0.2971564531326294,0,0.18081432580947876,0,-0.31070443987846375,-0.04231253266334534,5.346094131469727
48,109,13.999999999999996,topk,300,0.49625828862190247,98,12,0.1270810067653656,0.04118688032031059,0.047509901225566864,0.49625828862190247,0,0.49625828862190247,0,0.0,0,0.004616832826286554,0.3830479383468628,4.8557353019714355
48,110,18.0,topk,300,0.3191069960594177,83,0,0.3048354685306549,0.04163902625441551,0.062102288007736206,0.3191069960594177,0,0.3191069960594177,0,0.3048354685306549,0,-0.3450988531112671,-0.19809308648109436,7.628021717071533
48,108,11.0,pre_bbox,300,0.8220142722129822,36,36,0.8220142722129822,0.40698671340942383,0.40698671340942383,0.8220142722129822,3,0.8220142722129822,3,0.8220142722129822,3,0.026006413623690605,0.12336744368076324,1.1105304956436157
48,109,13.999999999999996,pre_bbox,300,0.6637173891067505,12,98,0.6445675492286682,0.282850056886673,0.6747583150863647,0.6637173891067505,4,0.6637173891067505,4,0.6637173891067505,4,-0.11539825797080994,0.3549554646015167,2.8936400413513184
48,110,18.0,pre_bbox,300,0.48119673132896423,19,0,0.4550628960132599,0.3054645359516144,0.49104878306388855,0.48119673132896423,0,0.48119673132896423,0,0.48119673132896423,0,-0.43708765506744385,-0.14516672492027283,3.846811532974243
48,108,11.0,decoder_1,300,0.8204746842384338,36,36,0.8204746842384338,0.4169783890247345,0.4169783890247345,0.8204746842384338,3,0.8204746842384338,3,0.8204746842384338,3,0.030205750837922096,0.12301068753004074,1.0999832153320312
48,109,13.999999999999996,decoder_1,300,0.6702806353569031,12,98,0.638778030872345,0.29104432463645935,0.6836814284324646,0.6702806353569031,4,0.6702806353569031,4,0.6702806353569031,4,-0.11712345480918884,0.342214971780777,2.774573564529419
48,110,18.0,decoder_1,300,0.4610768258571625,0,0,0.4610768258571625,0.4990607798099518,0.4990607798099518,0.4610768258571625,0,0.4610768258571625,0,0.4610768258571625,0,-0.4402843117713928,-0.1762298196554184,3.059009313583374
48,108,11.0,decoder_2,300,0.922632098197937,36,2,0.7852867245674133,0.4865987300872803,0.5706077218055725,0.922632098197937,3,0.922632098197937,3,0.922632098197937,3,-0.00998017843812704,0.06936147063970566,0.4533771574497223
48,109,13.999999999999996,decoder_2,300,0.7173725366592407,4,98,0.6873196363449097,0.058990463614463806,0.6837567687034607,0.7173725366592407,6,0.7173725366592407,6,0.7173725366592407,6,-0.09636224061250687,0.1957342028617859,2.147172451019287
48,110,18.0,decoder_2,300,0.49192699790000916,17,0,0.3753872215747833,0.04124367609620094,0.4903485178947449,0.49192699790000916,0,0.49192699790000916,0,0.40214720368385315,0,-0.3006635308265686,0.012555499561131,5.6616926193237305
48,108,11.0,decoder_3,300,0.8865585327148438,36,2,0.7874930500984192,0.48119255900382996,0.7531452775001526,0.8865585327148438,4,0.8865585327148438,4,0.8865585327148438,4,-0.01412293966859579,0.08819140493869781,0.48312559723854065
48,109,13.999999999999996,decoder_3,300,0.7387298345565796,4,98,0.698703408241272,0.0689328983426094,0.793566882610321,0.7387298345565796,6,0.7387298345565796,6,0.7387298345565796,6,-0.04124176874756813,0.1357237547636032,2.2313146591186523
48,110,18.0,decoder_3,300,0.6028690338134766,17,83,0.40370121598243713,0.056837622076272964,0.5549157857894897,0.6028690338134766,2,0.6028690338134766,2,0.6028690338134766,2,-0.2023341804742813,-0.10322249680757523,4.08666467666626
48,108,11.0,final_nms07,112,0.7874930500984192,1,1,0.7874930500984192,0.7531452775001526,0.7531452775001526,0.7874930500984192,2,0.7874930500984192,2,0.7874930500984192,2,-0.004444098565727472,0.16611121594905853,0.6573659181594849
48,109,13.999999999999996,final_nms07,112,0.698703408241272,0,0,0.698703408241272,0.793566882610321,0.793566882610321,0.698703408241272,1,0.698703408241272,1,0.698703408241272,1,-0.05587712675333023,0.014156853780150414,2.399592399597168
48,110,18.0,final_nms07,112,0.6028690338134766,15,2,0.40370121598243713,0.056837622076272964,0.5549157857894897,0.6028690338134766,2,0.6028690338134766,2,0.6028690338134766,2,-0.2023341804742813,-0.10322249680757523,4.08666467666626
49,111,12.0,encoder_all_counterfactual,34000,0.5673819184303284,18735,18413,0.12013531476259232,0.02819197066128254,0.048312343657016754,0.5673819184303284,2,0.5673819184303284,2,0.0,0,-0.27305588126182556,0.38685932755470276,2.6296520233154297
49,112,13.999999999999996,encoder_all_counterfactual,34000,0.578173816204071,19855,20014,0.1840362697839737,0.04312456026673317,0.04920419678092003,0.578173816204071,2,0.578173816204071,2,0.03777560219168663,0,-0.3500145673751831,0.1910889744758606,0.11697625368833542
49,113,13.999999999999996,encoder_all_counterfactual,34000,0.8891693949699402,22418,21773,0.20764067769050598,0.01887727528810501,0.06407927721738815,0.8891693949699402,8,0.8891693949699402,8,0.20764067769050598,0,-0.05983257293701172,-0.05424609035253525,0.3870643377304077
49,111,12.0,topk,300,0.28895896673202515,40,9,0.12013531476259232,0.04395192116498947,0.048312343657016754,0.28895896673202515,0,0.28895896673202515,0,0.0,0,-0.32103636860847473,-0.3598255515098572,5.224918365478516
49,112,13.999999999999996,topk,300,0.578173816204071,60,6,0.1840362697839737,0.04312456026673317,0.04920419678092003,0.578173816204071,1,0.578173816204071,1,0.03777560219168663,0,-0.3500145673751831,0.1910889744758606,0.11697625368833542
49,113,13.999999999999996,topk,300,0.20764067769050598,0,0,0.20764067769050598,0.06407927721738815,0.06407927721738815,0.20764067769050598,0,0.20764067769050598,0,0.20764067769050598,0,-0.20420457422733307,0.10526233166456223,8.73444938659668
49,111,12.0,pre_bbox,300,0.6885919570922852,27,40,0.6468295454978943,0.2664985656738281,0.35968518257141113,0.6885919570922852,4,0.6885919570922852,4,0.6885919570922852,4,0.03638041019439697,0.3229080140590668,0.9462577700614929
49,112,13.999999999999996,pre_bbox,300,0.7093369364738464,60,38,0.6703439950942993,0.6050891876220703,0.6291764974594116,0.7093369364738464,11,0.7093369364738464,11,0.7093369364738464,11,-0.08428613841533661,0.07464595139026642,2.1695847511291504
49,113,13.999999999999996,pre_bbox,300,0.8008104562759399,0,0,0.8008104562759399,0.4068360924720764,0.4068360924720764,0.8008104562759399,5,0.8008104562759399,5,0.8008104562759399,5,-0.09937887638807297,0.1383885145187378,0.6389352679252625
49,111,12.0,decoder_1,300,0.7156404256820679,27,40,0.6398284435272217,0.27327531576156616,0.3679606020450592,0.7156404256820679,4,0.7156404256820679,4,0.7156404256820679,4,0.046951960772275925,0.2989523708820343,0.9873379468917847
49,112,13.999999999999996,decoder_1,300,0.7083212733268738,60,38,0.669399082660675,0.6151700019836426,0.6378791928291321,0.7083212733268738,11,0.7083212733268738,11,0.7083212733268738,11,-0.08556794375181198,0.06755509972572327,2.159069061279297
49,113,13.999999999999996,decoder_1,300,0.799272358417511,0,0,0.799272358417511,0.41648560762405396,0.41648560762405396,0.799272358417511,5,0.799272358417511,5,0.799272358417511,5,-0.10480061918497086,0.1340697854757309,0.7142130732536316
49,111,12.0,decoder_2,300,0.7269791960716248,40,9,0.7084481716156006,0.41130709648132324,0.635542094707489,0.7269791960716248,6,0.7269791960716248,6,0.7269791960716248,6,-0.19448547065258026,0.01237033773213625,2.2244083881378174
49,112,13.999999999999996,decoder_2,300,0.7645361423492432,21,38,0.7013668417930603,0.06415818631649017,0.7490670084953308,0.7645361423492432,14,0.7645361423492432,14,0.7645361423492432,13,-0.08806208521127701,0.12952503561973572,1.5748732089996338
49,113,13.999999999999996,decoder_2,300,0.8607019782066345,17,0,0.8022096157073975,0.05032913759350777,0.6086423993110657,0.8607019782066345,5,0.8607019782066345,5,0.8607019782066345,4,-0.08919905126094818,0.03194563463330269,0.7351239919662476
49,111,12.0,decoder_3,300,0.7305297255516052,40,9,0.6980624198913574,0.26489686965942383,0.7159726023674011,0.7305297255516052,6,0.7305297255516052,6,0.7305297255516052,4,-0.18721561133861542,0.03575783595442772,2.1966145038604736
49,112,13.999999999999996,decoder_3,300,0.8136942982673645,5,38,0.7020386457443237,0.06350429356098175,0.7783845067024231,0.8136942982673645,14,0.8136942982673645,14,0.8136942982673645,13,0.01899806782603264,0.18578706681728363,1.205109715461731
49,113,13.999999999999996,decoder_3,300,0.8420236706733704,3,0,0.798839807510376,0.1863759309053421,0.6501772999763489,0.8420236706733704,6,0.8420236706733704,6,0.8420236706733704,5,-0.07231983542442322,-0.002947271568700671,0.7810989618301392
49,111,12.0,final_nms07,112,0.6980624198913574,1,1,0.6980624198913574,0.7159726023674011,0.7159726023674011,0.6980624198913574,1,0.6980624198913574,1,0.6980624198913574,1,-0.13420657813549042,0.07645048201084137,2.393946409225464
49,112,13.999999999999996,final_nms07,112,0.7020386457443237,0,0,0.7020386457443237,0.7783845067024231,0.7783845067024231,0.7020386457443237,1,0.7020386457443237,1,0.7020386457443237,1,-0.08021614700555801,0.047477997839450836,2.237051486968994
49,113,13.999999999999996,final_nms07,112,0.798839807510376,2,2,0.798839807510376,0.6501772999763489,0.6501772999763489,0.798839807510376,2,0.798839807510376,2,0.798839807510376,2,-0.0955701395869255,-0.05385228991508484,0.9751773476600647
50,114,13.999999999999996,encoder_all_counterfactual,34000,0.7419694662094116,20339,20177,0.4071335196495056,0.025930130854249,0.04338347911834717,0.7419694662094116,6,0.7419694662094116,6,0.09385836869478226,0,-0.04488590732216835,0.07252915948629379,1.8673663139343262
50,115,11.999999999999998,encoder_all_counterfactual,34000,0.6855983734130859,18711,21295,0.2788781523704529,0.030301600694656372,0.06767585873603821,0.6855983734130859,5,0.6855983734130859,5,0.2788781523704529,0,0.2795480489730835,-0.1518508642911911,1.7584550380706787
50,116,11.0,encoder_all_counterfactual,34000,0.5803991556167603,24342,23538,0.18738345801830292,0.02051730640232563,0.046395014971494675,0.5803991556167603,2,0.5803991556167603,2,0.0,0,0.48882412910461426,0.15726140141487122,1.8211063146591187
50,114,13.999999999999996,topk,300,0.4071335196495056,48,48,0.4071335196495056,0.04338347911834717,0.04338347911834717,0.4071335196495056,0,0.4071335196495056,0,0.09385836869478226,0,-0.2623955011367798,-0.16707871854305267,5.316280364990234
50,115,11.999999999999998,topk,300,0.5838007926940918,15,0,0.2788781523704529,0.04563158378005028,0.06767585873603821,0.5838007926940918,1,0.5838007926940918,1,0.2788781523704529,0,-0.22738796472549438,0.19234997034072876,3.019383668899536
50,116,11.0,topk,300,0.3791014552116394,79,9,0.18738345801830292,0.04173637181520462,0.046395014971494675,0.3791014552116394,0,0.3791014552116394,0,0.0,0,-0.226247176527977,0.2446267008781433,5.016827583312988
50,114,13.999999999999996,pre_bbox,300,0.6663388609886169,2,48,0.6010635495185852,0.24476675689220428,0.45728155970573425,0.6663388609886169,3,0.6663388609886169,3,0.6663388609886169,3,-0.19998495280742645,0.24968311190605164,2.022531270980835
50,115,11.999999999999998,pre_bbox,300,0.8414211869239807,15,15,0.8414211869239807,0.5649503469467163,0.5649503469467163,0.8414211869239807,4,0.8414211869239807,4,0.8414211869239807,4,0.05523505434393883,0.029391007497906685,0.9959741830825806
50,116,11.0,pre_bbox,300,0.7168458700180054,79,9,0.6596606969833374,0.44600099325180054,0.46214020252227783,0.7168458700180054,8,0.7168458700180054,8,0.7168458700180054,8,-0.01869649812579155,0.3081866204738617,0.6337055563926697
50,114,13.999999999999996,decoder_1,300,0.6758320331573486,2,48,0.599926769733429,0.2516072690486908,0.4671068787574768,0.6758320331573486,3,0.6758320331573486,3,0.6758320331573486,3,-0.20316724479198456,0.2246946543455124,2.174193859100342
50,115,11.999999999999998,decoder_1,300,0.8425539135932922,15,15,0.8425539135932922,0.5732882618904114,0.5732882618904114,0.8425539135932922,4,0.8425539135932922,4,0.8425539135932922,4,0.05372050032019615,0.025243382900953293,1.0133216381072998
50,116,11.0,decoder_1,300,0.7151944041252136,79,9,0.665105938911438,0.45607060194015503,0.4721980690956116,0.7151944041252136,8,0.7151944041252136,8,0.7151944041252136,8,-0.016237713396549225,0.304502934217453,0.6738878488540649
50,114,13.999999999999996,decoder_2,300,0.759534478187561,2,48,0.577347993850708,0.041834015399217606,0.6330636739730835,0.759534478187561,3,0.759534478187561,3,0.7204611301422119,2,-0.2117932289838791,0.047898851335048676,0.7806782126426697
50,115,11.999999999999998,decoder_2,300,0.7750635147094727,97,15,0.7714647650718689,0.12185418605804443,0.7072476744651794,0.7750635147094727,6,0.7750635147094727,6,0.7750635147094727,4,0.19259169697761536,-0.08894510567188263,0.29866909980773926
50,116,11.0,decoder_2,300,0.752175509929657,79,79,0.752175509929657,0.6517737507820129,0.6517737507820129,0.752175509929657,10,0.752175509929657,10,0.752175509929657,6,-0.04230647534132004,0.18110425770282745,0.9850314855575562
50,114,13.999999999999996,decoder_3,300,0.7810205221176147,2,48,0.5847364664077759,0.03803277388215065,0.7454996705055237,0.7810205221176147,3,0.7810205221176147,3,0.7356223464012146,2,-0.19456486403942108,0.02102181687951088,0.6818673014640808
50,115,11.999999999999998,decoder_3,300,0.8038191795349121,97,15,0.7875031232833862,0.09816982597112656,0.7510923147201538,0.8038191795349121,8,0.8038191795349121,8,0.8038191795349121,6,0.1765470802783966,-0.053160425275564194,0.7358684539794922
50,116,11.0,decoder_3,300,0.7366239428520203,79,79,0.7366239428520203,0.7551225423812866,0.7551225423812866,0.7366239428520203,10,0.7366239428520203,10,0.7366239428520203,9,-0.03162649646401405,0.19860370457172394,0.9959080815315247
50,114,13.999999999999996,final_nms07,101,0.5847364664077759,2,2,0.5847364664077759,0.7454996705055237,0.7454996705055237,0.5847364664077759,1,0.5847364664077759,1,0.5847364664077759,1,-0.29957011342048645,-0.16517511010169983,0.44115129113197327
50,115,11.999999999999998,final_nms07,101,0.7875031232833862,1,1,0.7875031232833862,0.7510923147201538,0.7510923147201538,0.7875031232833862,3,0.7875031232833862,3,0.7875031232833862,3,0.14097025990486145,-0.05352001264691353,1.31790030002594
50,116,11.0,final_nms07,101,0.7366239428520203,0,0,0.7366239428520203,0.7551225423812866,0.7551225423812866,0.7366239428520203,1,0.7366239428520203,1,0.7366239428520203,1,-0.03162649646401405,0.19860370457172394,0.9959080815315247
51,117,13.999999999999996,encoder_all_counterfactual,34000,0.6220896244049072,19860,19377,0.2714655101299286,0.020469462499022484,0.051180362701416016,0.6220896244049072,5,0.6220896244049072,5,0.2714655101299286,0,0.33681127429008484,0.20247536897659302,2.19692325592041
51,118,11.0,encoder_all_counterfactual,34000,0.555404782295227,20814,20814,0.555404782295227,0.05042533576488495,0.05042533576488495,0.555404782295227,1,0.555404782295227,1,0.555404782295227,1,0.017695166170597076,0.7097830772399902,0.9331836104393005
51,119,10.0,encoder_all_counterfactual,34000,0.7321209907531738,23215,22893,0.4659923017024994,0.02622189372777939,0.05566669628024101,0.7321209907531738,2,0.7321209907531738,2,0.4659923017024994,0,-0.0972561314702034,0.028234824538230896,1.3596775531768799
51,117,13.999999999999996,topk,300,0.3161454498767853,14,5,0.2714655101299286,0.046553030610084534,0.051180362701416016,0.3161454498767853,0,0.3161454498767853,0,0.2714655101299286,0,-0.14982561767101288,0.03632448613643646,6.844146728515625
51,118,11.0,topk,300,0.555404782295227,6,6,0.555404782295227,0.05042533576488495,0.05042533576488495,0.555404782295227,1,0.555404782295227,1,0.555404782295227,1,0.017695166170597076,0.7097830772399902,0.9331836104393005
51,119,10.0,topk,300,0.4659923017024994,1,1,0.4659923017024994,0.05566669628024101,0.05566669628024101,0.4659923017024994,0,0.4659923017024994,0,0.4659923017024994,0,0.07342275232076645,0.6257550120353699,3.114793539047241
51,117,13.999999999999996,pre_bbox,300,0.7826911211013794,88,14,0.7390596270561218,0.2750055193901062,0.5450522899627686,0.7826911211013794,8,0.7826911211013794,8,0.7826911211013794,8,-0.04379639774560928,0.030424177646636963,1.6374387741088867
51,118,11.0,pre_bbox,300,0.582536518573761,11,6,0.5776614546775818,0.09390594065189362,0.6310127377510071,0.582536518573761,2,0.582536518573761,2,0.582536518573761,2,0.17588089406490326,0.40101858973503113,2.844865322113037
51,119,10.0,pre_bbox,300,0.5286223292350769,1,1,0.5286223292350769,0.5457695126533508,0.5457695126533508,0.5286223292350769,2,0.5286223292350769,2,0.5286223292350769,2,0.34467124938964844,0.4068179428577423,2.0795323848724365
51,117,13.999999999999996,decoder_1,300,0.7876564860343933,66,14,0.735289454460144,0.2779217064380646,0.5538454651832581,0.7876564860343933,8,0.7876564860343933,8,0.7876564860343933,8,-0.11240766942501068,-0.10278432071208954,0.9955058097839355
51,118,11.0,decoder_1,300,0.5791571736335754,6,6,0.5791571736335754,0.6388638615608215,0.6388638615608215,0.5791571736335754,2,0.5791571736335754,2,0.5791571736335754,2,0.23891136050224304,0.28358668088912964,2.4802396297454834
51,119,10.0,decoder_1,300,0.5342761278152466,1,1,0.5342761278152466,0.5536882877349854,0.5536882877349854,0.5342761278152466,3,0.5342761278152466,3,0.5342761278152466,3,0.3338295519351959,0.40324684977531433,2.1223835945129395
51,117,13.999999999999996,decoder_2,300,0.8056018948554993,66,14,0.7633060216903687,0.05765259638428688,0.7558197379112244,0.8056018948554993,11,0.8056018948554993,11,0.8056018948554993,10,-0.13671492040157318,-0.061880432069301605,0.5996814370155334
51,118,11.0,decoder_2,300,0.5726587772369385,6,6,0.5726587772369385,0.39575910568237305,0.39575910568237305,0.5726587772369385,2,0.5726587772369385,2,0.5726587772369385,2,0.24216043949127197,0.3324776589870453,2.449227809906006
51,119,10.0,decoder_2,300,0.6263765096664429,1,68,0.5851891040802002,0.2763617932796478,0.6129054427146912,0.6263765096664429,7,0.6263765096664429,7,0.6263765096664429,6,0.2427254170179367,0.28466421365737915,1.9235165119171143
51,117,13.999999999999996,decoder_3,300,0.8099925518035889,8,14,0.7545338869094849,0.03159259259700775,0.7579100728034973,0.8099925518035889,11,0.8099925518035889,11,0.8073837161064148,9,-0.05730682238936424,0.08468130975961685,1.3148056268692017
51,118,11.0,decoder_3,300,0.5771923661231995,11,6,0.5629736185073853,0.17705726623535156,0.42291632294654846,0.5771923661231995,2,0.5771923661231995,2,0.5771923661231995,2,0.2466985434293747,0.38968580961227417,2.1995432376861572
51,119,10.0,decoder_3,300,0.5877134799957275,1,68,0.5652018189430237,0.21547064185142517,0.6933596730232239,0.5877134799957275,7,0.5877134799957275,7,0.5877134799957275,7,0.29333120584487915,0.3156028687953949,2.1015470027923584
51,117,13.999999999999996,final_nms07,124,0.7545338869094849,0,0,0.7545338869094849,0.7579100728034973,0.7579100728034973,0.7545338869094849,2,0.7545338869094849,2,0.7545338869094849,2,-0.10911913216114044,0.0160856693983078,1.609805703163147
51,118,11.0,final_nms07,124,0.5629736185073853,2,2,0.5629736185073853,0.42291632294654846,0.42291632294654846,0.5629736185073853,1,0.5629736185073853,1,0.5629736185073853,1,0.27079978585243225,0.32253021001815796,2.4069247245788574
51,119,10.0,final_nms07,124,0.5652018189430237,1,1,0.5652018189430237,0.6933596730232239,0.6933596730232239,0.5652018189430237,1,0.5652018189430237,1,0.5652018189430237,1,0.33160480856895447,0.32868608832359314,2.0916740894317627
52,120,11.0,encoder_all_counterfactual,34000,0.5557057857513428,18094,18094,0.5557057857513428,0.058441560715436935,0.058441560715436935,0.5557057857513428,2,0.5557057857513428,2,0.5557057857513428,1,-0.12194699048995972,0.3795228600502014,3.7742536067962646
52,121,11.0,encoder_all_counterfactual,34000,0.6618114709854126,20336,19696,0.17314988374710083,0.026138819754123688,0.05183335021138191,0.6618114709854126,1,0.6618114709854126,1,0.17314988374710083,0,-0.13077038526535034,-0.08936713635921478,1.7573661804199219
52,122,8.0,encoder_all_counterfactual,34000,0.38202211260795593,21937,21614,0.13582772016525269,0.041820771992206573,0.04553989693522453,0.38202211260795593,0,0.38202211260795593,0,0.08618789166212082,0,0.7604439854621887,0.4869216978549957,2.630690813064575
52,120,11.0,topk,300,0.5557057857513428,0,0,0.5557057857513428,0.058441560715436935,0.058441560715436935,0.5557057857513428,1,0.5557057857513428,1,0.5557057857513428,1,-0.12194699048995972,0.3795228600502014,3.7742536067962646
52,121,11.0,topk,300,0.36927223205566406,39,4,0.17314988374710083,0.04341283440589905,0.05183335021138191,0.36927223205566406,0,0.36927223205566406,0,0.17314988374710083,0,-0.017293166369199753,0.04427555948495865,5.668345928192139
52,122,8.0,topk,300,0.38202211260795593,71,21,0.13582772016525269,0.041820771992206573,0.04553989693522453,0.38202211260795593,0,0.38202211260795593,0,0.08618789166212082,0,0.7604439854621887,0.4869216978549957,2.630690813064575
52,120,11.0,pre_bbox,300,0.6258604526519775,40,98,0.5206830501556396,0.5761488080024719,0.5765813589096069,0.6258604526519775,6,0.6258604526519775,6,0.6258604526519775,6,0.21239756047725677,0.14923551678657532,2.298835515975952
52,121,11.0,pre_bbox,300,0.6929279565811157,39,14,0.643916666507721,0.43397197127342224,0.5637322664260864,0.6929279565811157,6,0.6929279565811157,6,0.6929279565811157,6,0.21254299581050873,0.19019043445587158,0.8087514638900757
52,122,8.0,pre_bbox,300,0.5634727478027344,102,71,0.5281041264533997,0.40492838621139526,0.620579719543457,0.5634727478027344,3,0.5634727478027344,3,0.5634727478027344,3,0.47411754727363586,0.2039133459329605,1.3920282125473022
52,120,11.0,decoder_1,300,0.6538112759590149,56,98,0.5226004123687744,0.19749094545841217,0.5866267681121826,0.6538112759590149,6,0.6538112759590149,6,0.6538112759590149,6,0.21208536624908447,0.19175894558429718,2.1320815086364746
52,121,11.0,decoder_1,300,0.6961081624031067,39,14,0.6480226516723633,0.4435841739177704,0.571671187877655,0.6961081624031067,6,0.6961081624031067,6,0.6961081624031067,6,0.20738495886325836,0.1898118108510971,0.8981664180755615
52,122,8.0,decoder_1,300,0.5705267786979675,102,71,0.5291205048561096,0.4152373671531677,0.630412220954895,0.5705267786979675,3,0.5705267786979675,3,0.5705267786979675,3,0.4699706435203552,0.19238163530826569,1.3460999727249146
52,120,11.0,decoder_2,300,0.638647735118866,114,98,0.5870746374130249,0.032869983464479446,0.6509127616882324,0.638647735118866,9,0.638647735118866,9,0.620392918586731,5,0.026956375688314438,0.03511080890893936,2.1534218788146973
52,121,11.0,decoder_2,300,0.8403052091598511,22,4,0.6246386170387268,0.05420024320483208,0.6909205317497253,0.8403052091598511,7,0.8403052091598511,7,0.8403052091598511,6,0.07240919023752213,0.08630809932947159,0.6743239164352417
52,122,8.0,decoder_2,300,0.5212984681129456,102,71,0.5179800391197205,0.2087942659854889,0.7380059957504272,0.5212984681129456,5,0.5212984681129456,5,0.5212984681129456,5,0.5015220046043396,0.12540848553180695,1.9663257598876953
52,120,11.0,decoder_3,300,0.6260249018669128,25,98,0.597644031047821,0.046541985124349594,0.758613109588623,0.6260249018669128,9,0.6260249018669128,9,0.6010368466377258,3,0.2980690002441406,0.12487310916185379,2.47038197517395
52,121,11.0,decoder_3,300,0.6678041815757751,39,4,0.6243757605552673,0.0830177366733551,0.7239887118339539,0.6678041815757751,8,0.6678041815757751,8,0.6678041815757751,7,0.18299032747745514,0.26581552624702454,0.7088173031806946
52,122,8.0,decoder_3,300,0.5232402086257935,8,71,0.5200725197792053,0.06489383429288864,0.7472310662269592,0.5232402086257935,7,0.5232402086257935,7,0.5232402086257935,7,0.4964837431907654,0.16148459911346436,1.9963207244873047
52,120,11.0,final_nms07,95,0.597644031047821,0,0,0.597644031047821,0.758613109588623,0.758613109588623,0.597644031047821,1,0.597644031047821,1,0.597644031047821,1,0.233786478638649,0.17227652668952942,2.466634511947632
52,121,11.0,final_nms07,95,0.6243757605552673,2,2,0.6243757605552673,0.7239887118339539,0.7239887118339539,0.6243757605552673,1,0.6243757605552673,1,0.6243757605552673,1,0.2518889605998993,0.2793453335762024,0.7408341765403748
52,122,8.0,final_nms07,95,0.5200725197792053,1,1,0.5200725197792053,0.7472310662269592,0.7472310662269592,0.5200725197792053,1,0.5200725197792053,1,0.5200725197792053,1,0.560689389705658,0.06371461600065231,1.770158052444458
53,123,9.999999999999998,encoder_all_counterfactual,34000,0.5591832399368286,18736,19212,0.2777826488018036,0.027906054630875587,0.04455538094043732,0.5591832399368286,2,0.5591832399368286,2,0.0,0,-0.2059045433998108,0.5290255546569824,1.4785370826721191
53,124,9.0,encoder_all_counterfactual,34000,0.5649999380111694,20177,19535,0.2758515775203705,0.02260592021048069,0.04052065312862396,0.5649999380111694,2,0.5649999380111694,2,0.08050579577684402,0,-0.19038987159729004,0.023102156817913055,2.2699525356292725
53,125,11.0,encoder_all_counterfactual,34000,0.6690992712974548,22100,21937,0.14751262962818146,0.026380669325590134,0.042949654161930084,0.6690992712974548,2,0.6690992712974548,2,0.051644209772348404,0,-0.19199341535568237,-0.01626349799335003,1.430806279182434
53,123,9.999999999999998,topk,300,0.2779259979724884,72,23,0.2777826488018036,0.041492361575365067,0.04455538094043732,0.2779259979724884,0,0.2779259979724884,0,0.0,0,0.0782187208533287,1.1593177318572998,8.264817237854004
53,124,9.0,topk,300,0.2758515775203705,100,100,0.2758515775203705,0.04052065312862396,0.04052065312862396,0.2758515775203705,0,0.2758515775203705,0,0.08050579577684402,0,-0.10991392284631729,0.9146069288253784,4.404966831207275
53,125,11.0,topk,300,0.14751262962818146,45,45,0.14751262962818146,0.042949654161930084,0.042949654161930084,0.14751262962818146,0,0.14751262962818146,0,0.051644209772348404,0,0.3865044116973877,0.35949450731277466,10.178089141845703
53,123,9.999999999999998,pre_bbox,300,0.6994209289550781,23,72,0.647597074508667,0.3602944612503052,0.3758498430252075,0.6994209289550781,4,0.6994209289550781,4,0.6994209289550781,4,0.1363225281238556,0.2582247853279114,0.6143056154251099
53,124,9.0,pre_bbox,300,0.606037974357605,100,100,0.606037974357605,0.5496168732643127,0.5496168732643127,0.606037974357605,1,0.606037974357605,1,0.606037974357605,1,0.07302311062812805,0.5377750396728516,1.0406099557876587
53,125,11.0,pre_bbox,300,0.7230687141418457,8,45,0.5934956073760986,0.29492273926734924,0.4346354305744171,0.7230687141418457,4,0.7230687141418457,4,0.7230687141418457,4,0.0975460335612297,0.26008033752441406,1.0941747426986694
53,123,9.999999999999998,decoder_1,300,0.7164528369903564,23,72,0.6567317247390747,0.3668663203716278,0.38566455245018005,0.7164528369903564,4,0.7164528369903564,4,0.7164528369903564,4,0.1155271828174591,0.2512166202068329,0.6257957220077515
53,124,9.0,decoder_1,300,0.6126930117607117,100,100,0.6126930117607117,0.5593032240867615,0.5593032240867615,0.6126930117607117,1,0.6126930117607117,1,0.6126930117607117,1,0.06856708973646164,0.5274068713188171,1.0202823877334595
53,125,11.0,decoder_1,300,0.7359755635261536,8,45,0.6049779057502747,0.3033313751220703,0.44482049345970154,0.7359755635261536,5,0.7359755635261536,5,0.7359755635261536,5,0.08574259281158447,0.25144243240356445,1.1452568769454956
53,123,9.999999999999998,decoder_2,300,0.8035630583763123,62,23,0.7819080352783203,0.0659341812133789,0.6837611794471741,0.8035630583763123,7,0.8035630583763123,7,0.8035630583763123,6,0.04623892530798912,0.13816644251346588,0.776790976524353
53,124,9.0,decoder_2,300,0.5682550072669983,82,100,0.5656561255455017,0.04734409227967262,0.6160628795623779,0.5682550072669983,3,0.5682550072669983,3,0.5656561255455017,2,0.07890422642230988,0.4785533547401428,1.5956121683120728
53,125,11.0,decoder_2,300,0.749803900718689,2,45,0.7314611673355103,0.10148539394140244,0.7365856170654297,0.749803900718689,9,0.749803900718689,9,0.749803900718689,9,-0.0026598931290209293,0.01325270812958479,1.5911872386932373
53,123,9.999999999999998,decoder_3,300,0.7805324792861938,23,23,0.7805324792861938,0.7412233948707581,0.7412233948707581,0.7805324792861938,7,0.7805324792861938,7,0.7805324792861938,7,0.034279849380254745,0.2387077808380127,0.26143214106559753
53,124,9.0,decoder_3,300,0.597314715385437,82,100,0.5587784647941589,0.058739133179187775,0.71000736951828,0.597314715385437,4,0.597314715385437,4,0.597314715385437,4,0.13276532292366028,0.4593600928783417,1.182430386543274
53,125,11.0,decoder_3,300,0.8299798965454102,2,45,0.7486507296562195,0.25489747524261475,0.7412534356117249,0.8299798965454102,9,0.8299798965454102,9,0.8299798965454102,9,0.09636063128709793,0.06793415546417236,0.619159996509552
53,123,9.999999999999998,final_nms07,85,0.7805324792861938,1,1,0.7805324792861938,0.7412233948707581,0.7412233948707581,0.7805324792861938,2,0.7805324792861938,2,0.7805324792861938,2,0.034279849380254745,0.2387077808380127,0.26143214106559753
53,124,9.0,final_nms07,85,0.5587784647941589,2,2,0.5587784647941589,0.71000736951828,0.71000736951828,0.5587784647941589,1,0.5587784647941589,1,0.5587784647941589,1,0.18146097660064697,0.5147525668144226,0.5908763408660889
53,125,11.0,final_nms07,85,0.7486507296562195,0,0,0.7486507296562195,0.7412534356117249,0.7412534356117249,0.7486507296562195,1,0.7486507296562195,1,0.7486507296562195,1,0.11960045993328094,0.19305060803890228,1.0292364358901978
54,126,15.0,encoder_all_counterfactual,34000,0.6489373445510864,17775,17294,0.4548230767250061,0.029407937079668045,0.05682532489299774,0.6489373445510864,5,0.6489373445510864,5,0.4548230767250061,0,-0.2087039053440094,0.0650060847401619,2.873039722442627
54,127,11.0,encoder_all_counterfactual,34000,0.5682381987571716,19696,18389,0.13492178916931152,0.023888656869530678,0.03699683025479317,0.5682381987571716,1,0.5682381987571716,1,0.025951826944947243,0,-0.15235359966754913,0.2973010241985321,3.3628969192504883
54,128,11.0,encoder_all_counterfactual,34000,0.8707789778709412,21298,20973,0.18685173988342285,0.031651291996240616,0.05410325899720192,0.8707789778709412,1,0.8707789778709412,1,0.18685173988342285,0,0.056386783719062805,-0.0019280178239569068,0.7332764863967896
54,126,15.0,topk,300,0.4548230767250061,1,1,0.4548230767250061,0.05682532489299774,0.05682532489299774,0.4548230767250061,0,0.4548230767250061,0,0.4548230767250061,0,0.10202740132808685,0.4194850027561188,4.384718894958496
54,127,11.0,topk,300,0.06445402652025223,76,-1,0,0.041080132126808167,,0.06445402652025223,0,0.06445402652025223,0,0.025951826944947243,0,4.117654800415039,2.031653881072998,11.253022193908691
54,128,11.0,topk,300,0.18685173988342285,4,4,0.18685173988342285,0.05410325899720192,0.05410325899720192,0.18685173988342285,0,0.18685173988342285,0,0.18685173988342285,0,0.18701352179050446,0.18563441932201385,9.164824485778809
54,126,15.0,pre_bbox,300,0.8403350114822388,82,1,0.7705774903297424,0.38478854298591614,0.5810873508453369,0.8403350114822388,8,0.8403350114822388,8,0.8403350114822388,8,-0.0009675979963503778,-0.023802170529961586,1.04171884059906
54,127,11.0,pre_bbox,300,0.5860713124275208,16,27,0.5044044852256775,0.21337556838989258,0.2643602192401886,0.5860713124275208,4,0.5860713124275208,4,0.5860713124275208,4,0.1955118477344513,0.16739733517169952,2.6579172611236572
54,128,11.0,pre_bbox,300,0.7437968850135803,94,6,0.6586852669715881,0.242819681763649,0.45727163553237915,0.7437968850135803,7,0.7437968850135803,7,0.7437968850135803,7,0.05492750555276871,0.17960982024669647,1.9525779485702515
54,126,15.0,decoder_1,300,0.8395316004753113,82,1,0.7673671245574951,0.3936878740787506,0.5880429744720459,0.8395316004753113,8,0.8395316004753113,8,0.8395316004753113,8,-0.0027824020944535732,-0.02150069549679756,1.0524563789367676
54,127,11.0,decoder_1,300,0.6147679090499878,16,27,0.4964916706085205,0.2192535698413849,0.2725130021572113,0.6147679090499878,1,0.6147679090499878,1,0.6147679090499878,1,0.136339008808136,0.12508639693260193,2.6273295879364014
54,128,11.0,decoder_1,300,0.698178231716156,92,6,0.6683894991874695,0.0809820368885994,0.4676659405231476,0.698178231716156,7,0.698178231716156,7,0.698178231716156,7,0.011285252869129181,0.05302027240395546,2.494762659072876
54,126,15.0,decoder_2,300,0.8712925314903259,82,1,0.7806789875030518,0.04293912649154663,0.7178671360015869,0.8712925314903259,8,0.8712925314903259,8,0.819338321685791,4,-0.04733196273446083,-0.05684218928217888,0.7546938061714172
54,127,11.0,decoder_2,300,0.608100950717926,16,76,0.5703189969062805,0.14196650683879852,0.3209702968597412,0.608100950717926,7,0.608100950717926,7,0.608100950717926,7,0.2755407691001892,0.19636830687522888,2.1221845149993896
54,128,11.0,decoder_2,300,0.7970210909843445,94,6,0.7535370588302612,0.05617298185825348,0.6887315511703491,0.7970210909843445,8,0.7970210909843445,8,0.7970210909843445,8,0.1421942114830017,0.032841332256793976,1.2904598712921143
54,126,15.0,decoder_3,300,0.8562756776809692,29,1,0.7953916192054749,0.03455017879605293,0.7665531039237976,0.8562756776809692,9,0.8562756776809692,9,0.8537222743034363,5,0.01662220060825348,-0.10839259624481201,0.7876855731010437
54,127,11.0,decoder_3,300,0.6477738618850708,2,76,0.587573230266571,0.09608268737792969,0.5760203003883362,0.6477738618850708,7,0.6477738618850708,7,0.6477738618850708,7,0.3128069043159485,0.17592106759548187,1.091280221939087
54,128,11.0,decoder_3,300,0.7600159645080566,6,6,0.7600159645080566,0.7601075172424316,0.7601075172424316,0.7600159645080566,9,0.7600159645080566,9,0.7600159645080566,8,0.2544794976711273,-0.0271139033138752,1.6760098934173584
54,126,15.0,final_nms07,77,0.7953916192054749,0,0,0.7953916192054749,0.7665531039237976,0.7665531039237976,0.7953916192054749,1,0.7953916192054749,1,0.7953916192054749,1,-0.08753734827041626,-0.12776337563991547,1.096448302268982
54,127,11.0,final_nms07,77,0.587573230266571,2,2,0.587573230266571,0.5760203003883362,0.5760203003883362,0.587573230266571,1,0.587573230266571,1,0.587573230266571,1,0.3783472180366516,0.23475198447704315,0.798978328704834
54,128,11.0,final_nms07,77,0.7600159645080566,1,1,0.7600159645080566,0.7601075172424316,0.7601075172424316,0.7600159645080566,1,0.7600159645080566,1,0.7600159645080566,1,0.2544794976711273,-0.0271139033138752,1.6760098934173584
55,129,12.999999999999998,encoder_all_counterfactual,34000,0.6516873240470886,17777,17134,0.42751505970954895,0.02478695474565029,0.05641420558094978,0.6516873240470886,2,0.6516873240470886,2,0.42751505970954895,0,-0.09722238034009933,0.16321182250976562,2.4358267784118652
55,130,15.0,encoder_all_counterfactual,34000,0.7599935531616211,19209,18896,0.4882259964942932,0.02707855775952339,0.057124510407447815,0.7599935531616211,4,0.7599935531616211,4,0.4882259964942932,0,-0.05883144587278366,0.04682870954275131,1.8936657905578613
55,131,9.0,encoder_all_counterfactual,34000,0.6821928024291992,21295,20813,0.1620185226202011,0.0215583648532629,0.05468166247010231,0.6821928024291992,2,0.6821928024291992,2,0.1620185226202011,0,-0.203956738114357,0.14488635957241058,1.594889521598816
55,129,12.999999999999998,topk,300,0.42751505970954895,2,2,0.42751505970954895,0.05641420558094978,0.05641420558094978,0.42751505970954895,0,0.42751505970954895,0,0.42751505970954895,0,-0.019700104370713234,0.7439745664596558,7.137110233306885
55,130,15.0,topk,300,0.4882259964942932,1,1,0.4882259964942932,0.057124510407447815,0.057124510407447815,0.4882259964942932,0,0.4882259964942932,0,0.4882259964942932,0,0.06678646057844162,0.2138269692659378,4.735191345214844
55,131,9.0,topk,300,0.1620185226202011,3,3,0.1620185226202011,0.05468166247010231,0.05468166247010231,0.1620185226202011,0,0.1620185226202011,0,0.1620185226202011,0,0.10411231219768524,0.9033041596412659,8.93383502960205
55,129,12.999999999999998,pre_bbox,300,0.8948063254356384,23,2,0.6700922846794128,0.39037802815437317,0.44605204463005066,0.8948063254356384,6,0.8948063254356384,6,0.8948063254356384,6,-0.07733412832021713,0.033746205270290375,0.3795175552368164
55,130,15.0,pre_bbox,300,0.88453209400177,33,1,0.8352639079093933,0.24592767655849457,0.6732276678085327,0.88453209400177,7,0.88453209400177,7,0.88453209400177,7,-0.030485574156045914,0.024128776043653488,0.8012285232543945
55,131,9.0,pre_bbox,300,0.7268711924552917,61,3,0.4873184561729431,0.2908625304698944,0.45055732131004333,0.7268711924552917,2,0.7268711924552917,2,0.7268711924552917,2,0.15890264511108398,0.18712547421455383,0.282630056142807
55,129,12.999999999999998,decoder_1,300,0.8911399245262146,23,2,0.6641041040420532,0.3994501531124115,0.45570307970046997,0.8911399245262146,6,0.8911399245262146,6,0.8911399245262146,6,-0.07452691346406937,0.04162933677434921,0.3454357385635376
55,130,15.0,decoder_1,300,0.9174240827560425,33,1,0.839931845664978,0.2531406581401825,0.6824862360954285,0.9174240827560425,8,0.9174240827560425,8,0.9174240827560425,8,-0.07230526208877563,-0.011071514338254929,0.39272525906562805
55,131,9.0,decoder_1,300,0.739949107170105,61,3,0.490427702665329,0.29961222410202026,0.4605877995491028,0.739949107170105,2,0.739949107170105,2,0.739949107170105,2,0.15138903260231018,0.17375336587429047,0.18880324065685272
55,129,12.999999999999998,decoder_2,300,0.751293420791626,96,2,0.6881433725357056,0.05580095201730728,0.5905671119689941,0.751293420791626,9,0.751293420791626,9,0.751293420791626,6,-0.0941600650548935,0.07163753360509872,1.635400414466858
55,130,15.0,decoder_2,300,0.9158514142036438,7,1,0.8605325222015381,0.025385452434420586,0.6777029037475586,0.9158514142036438,11,0.9158514142036438,11,0.8605325222015381,4,0.009819832630455494,0.0755627229809761,0.6753561496734619
55,131,9.0,decoder_2,300,0.6820127367973328,61,26,0.6513495445251465,0.1405724138021469,0.6699159145355225,0.6820127367973328,6,0.6820127367973328,6,0.6820127367973328,5,0.11676649004220963,0.31294652819633484,0.46099162101745605
55,129,12.999999999999998,decoder_3,300,0.7331259846687317,35,2,0.6982570886611938,0.03252800554037094,0.6806475520133972,0.7331259846687317,9,0.7331259846687317,9,0.7169041037559509,6,-0.04502812772989273,0.122562937438488,2.036196231842041
55,130,15.0,decoder_3,300,0.8997222185134888,7,1,0.8742765188217163,0.06860502809286118,0.7198519706726074,0.8997222185134888,12,0.8997222185134888,12,0.8997222185134888,11,0.044323768466711044,0.05099625885486603,0.5342980027198792
55,131,9.0,decoder_3,300,0.642875611782074,26,26,0.642875611782074,0.7722737789154053,0.7722737789154053,0.642875611782074,6,0.642875611782074,6,0.642875611782074,6,0.15733163058757782,0.3440515995025635,0.7097154259681702
55,129,12.999999999999998,final_nms07,101,0.6982570886611938,2,2,0.6982570886611938,0.6806475520133972,0.6806475520133972,0.6982570886611938,1,0.6982570886611938,1,0.6982570886611938,1,-0.1222316101193428,0.015327569097280502,1.908499002456665
55,130,15.0,final_nms07,101,0.8742765188217163,1,1,0.8742765188217163,0.7198519706726074,0.7198519706726074,0.8742765188217163,3,0.8742765188217163,3,0.8742765188217163,3,-0.0231940858066082,-0.026885345578193665,0.8313617706298828
55,131,9.0,final_nms07,101,0.642875611782074,0,0,0.642875611782074,0.7722737789154053,0.7722737789154053,0.642875611782074,1,0.642875611782074,1,0.642875611782074,1,0.15733163058757782,0.3440515995025635,0.7097154259681702
56,132,11.0,encoder_all_counterfactual,34000,0.5945901870727539,17935,17938,0.12539181113243103,0.034050218760967255,0.042282477021217346,0.5945901870727539,3,0.5945901870727539,3,0.0,0,-0.30797964334487915,-0.05824918672442436,1.412345290184021
56,133,11.999999999999998,encoder_all_counterfactual,34000,0.7099677324295044,19058,20656,0.3782494366168976,0.0210763867944479,0.06593465059995651,0.7099677324295044,6,0.7099677324295044,6,0.3782494366168976,0,0.05936165153980255,0.19143930077552795,1.212058424949646
56,134,11.0,encoder_all_counterfactual,34000,0.6636332869529724,21297,20975,0.2583816945552826,0.03033616952598095,0.061696313321590424,0.6636332869529724,3,0.6636332869529724,3,0.2583816945552826,0,-0.0946265384554863,-0.015698924660682678,2.2654225826263428
56,132,11.0,topk,300,0.4125692546367645,75,74,0.12539181113243103,0.042280614376068115,0.042282477021217346,0.4125692546367645,0,0.4125692546367645,0,0.0,0,-0.42297565937042236,-0.0821707546710968,2.527906894683838
56,133,11.999999999999998,topk,300,0.3782494366168976,0,0,0.3782494366168976,0.06593465059995651,0.06593465059995651,0.3782494366168976,0,0.3782494366168976,0,0.3782494366168976,0,0.9571430087089539,0.28585514426231384,5.817010879516602
56,134,11.0,topk,300,0.2583816945552826,1,1,0.2583816945552826,0.061696313321590424,0.061696313321590424,0.2583816945552826,0,0.2583816945552826,0,0.2583816945552826,0,0.13567772507667542,0.6026833057403564,6.974391937255859
56,132,11.0,pre_bbox,300,0.7672961950302124,75,105,0.6667177081108093,0.421277791261673,0.429575651884079,0.7672961950302124,6,0.7672961950302124,6,0.7672961950302124,6,0.04147522896528244,0.08655185997486115,1.347061038017273
56,133,11.999999999999998,pre_bbox,300,0.6317502856254578,5,0,0.6019598245620728,0.28293582797050476,0.5877744555473328,0.6317502856254578,7,0.6317502856254578,7,0.6317502856254578,7,0.08845546096563339,-0.052382562309503555,3.3613250255584717
56,134,11.0,pre_bbox,300,0.8681692481040955,1,1,0.8681692481040955,0.5174832344055176,0.5174832344055176,0.8681692481040955,8,0.8681692481040955,8,0.8681692481040955,8,0.07785147428512573,0.00800237525254488,0.5991526246070862
56,132,11.0,decoder_1,300,0.7712704539299011,75,105,0.6688413023948669,0.4295676052570343,0.4386833906173706,0.7712704539299011,6,0.7712704539299011,6,0.7712704539299011,6,0.046379104256629944,0.08371581882238388,1.3199645280838013
56,133,11.999999999999998,decoder_1,300,0.6585735082626343,9,0,0.5922914147377014,0.11804191023111343,0.5954432487487793,0.6585735082626343,7,0.6585735082626343,7,0.6585735082626343,7,0.08469965308904648,-0.1449735015630722,2.9141712188720703
56,134,11.0,decoder_1,300,0.8739532232284546,1,1,0.8739532232284546,0.5261000394821167,0.5261000394821167,0.8739532232284546,8,0.8739532232284546,8,0.8739532232284546,8,0.06553024798631668,0.0025692384224385023,0.6519255042076111
56,132,11.0,decoder_2,300,0.7806814908981323,75,75,0.7806814908981323,0.6438681483268738,0.6438681483268738,0.7806814908981323,8,0.7806814908981323,8,0.7806814908981323,5,-0.045042842626571655,0.09313234686851501,1.282901644706726
56,133,11.999999999999998,decoder_2,300,0.6720753908157349,58,0,0.6310643553733826,0.05701379105448723,0.6568195223808289,0.6720753908157349,11,0.6720753908157349,11,0.6720753908157349,9,0.2452116310596466,-0.17662456631660461,1.8508254289627075
56,134,11.0,decoder_2,300,0.7994182705879211,27,1,0.788892388343811,0.40838226675987244,0.7175568342208862,0.7994182705879211,13,0.7994182705879211,13,0.7994182705879211,7,0.15887969732284546,-0.08404340595006943,0.8176380395889282
56,132,11.0,decoder_3,300,0.8490214347839355,15,88,0.7668001055717468,0.10838274657726288,0.6609662175178528,0.8490214347839355,8,0.8490214347839355,8,0.8490214347839355,7,-0.03199412673711777,0.05536941438913345,0.8755065202713013
56,133,11.999999999999998,decoder_3,300,0.6530062556266785,85,0,0.6316879391670227,0.04881470277905464,0.7297629714012146,0.6530062556266785,13,0.6530062556266785,13,0.645634114742279,11,0.12151530385017395,-0.19057075679302216,2.7602031230926514
56,134,11.0,decoder_3,300,0.7973507642745972,27,1,0.7888926863670349,0.2418411374092102,0.7584533095359802,0.7973507642745972,13,0.7973507642745972,13,0.7973507642745972,8,0.16952583193778992,-0.07118218392133713,0.7345291972160339
56,132,11.0,final_nms07,87,0.7668001055717468,2,2,0.7668001055717468,0.6609662175178528,0.6609662175178528,0.7668001055717468,1,0.7668001055717468,1,0.7668001055717468,1,-0.011875411495566368,0.17478753626346588,1.1000995635986328
56,133,11.999999999999998,final_nms07,87,0.6316879391670227,1,1,0.6316879391670227,0.7297629714012146,0.7297629714012146,0.6316879391670227,2,0.6316879391670227,2,0.6316879391670227,2,0.12067988514900208,-0.19264604151248932,2.852696418762207
56,134,11.0,final_nms07,87,0.7888926863670349,0,0,0.7888926863670349,0.7584533095359802,0.7584533095359802,0.7888926863670349,1,0.7888926863670349,1,0.7888926863670349,1,0.15967246890068054,-0.06739571690559387,0.989673376083374
57,135,8.0,encoder_all_counterfactual,34000,0.5405154228210449,18089,17930,0.15567512810230255,0.030047591775655746,0.04600765183568001,0.5405154228210449,1,0.5405154228210449,1,0.0,0,-0.021295998245477676,0.7021233439445496,0.7081011533737183
57,135,8.0,topk,300,0.15567512810230255,23,23,0.15567512810230255,0.04600765183568001,0.04600765183568001,0.15567512810230255,0,0.15567512810230255,0,0.0,0,0.041978150606155396,0.616147518157959,8.079856872558594
57,135,8.0,pre_bbox,300,0.565386176109314,23,23,0.565386176109314,0.5304609537124634,0.5304609537124634,0.565386176109314,1,0.565386176109314,1,0.565386176109314,1,0.08891957998275757,0.6242716312408447,1.2770661115646362
57,135,8.0,decoder_1,300,0.5662912130355835,23,23,0.5662912130355835,0.540420651435852,0.540420651435852,0.5662912130355835,1,0.5662912130355835,1,0.5662912130355835,1,0.0880022794008255,0.623043417930603,1.3067213296890259
57,135,8.0,decoder_2,300,0.589496374130249,24,24,0.589496374130249,0.4313369393348694,0.4313369393348694,0.589496374130249,4,0.589496374130249,4,0.589496374130249,4,0.08582062274217606,0.5622814297676086,1.0067428350448608
57,135,8.0,decoder_3,300,0.6077965497970581,24,24,0.6077965497970581,0.6982773542404175,0.6982773542404175,0.6077965497970581,4,0.6077965497970581,4,0.6077965497970581,4,0.06406956166028976,0.5272710919380188,1.0279936790466309
57,135,8.0,final_nms07,124,0.6077965497970581,0,0,0.6077965497970581,0.6982773542404175,0.6982773542404175,0.6077965497970581,1,0.6077965497970581,1,0.6077965497970581,1,0.06406956166028976,0.5272710919380188,1.0279936790466309
58,136,8.0,encoder_all_counterfactual,34000,0.3531445860862732,17769,17607,0.30221933126449585,0.042606793344020844,0.05213974788784981,0.3531445860862732,0,0.3531445860862732,0,0.30221933126449585,0,0.5405721664428711,0.8115195631980896,3.406230926513672
58,136,8.0,topk,300,0.3531445860862732,69,1,0.30221933126449585,0.042606793344020844,0.05213974788784981,0.3531445860862732,0,0.3531445860862732,0,0.30221933126449585,0,0.5405721664428711,0.8115195631980896,3.406230926513672
58,136,8.0,pre_bbox,300,0.39190682768821716,1,1,0.39190682768821716,0.6538276672363281,0.6538276672363281,0.39190682768821716,0,0.39190682768821716,0,0.39190682768821716,0,0.3047507405281067,0.4237320125102997,3.0953099727630615
58,136,8.0,decoder_1,300,0.39860332012176514,41,1,0.3942844271659851,0.34425774216651917,0.6608026623725891,0.39860332012176514,0,0.39860332012176514,0,0.39860332012176514,0,0.5971717238426208,0.5707457661628723,2.3648972511291504
58,136,8.0,decoder_2,300,0.5051032900810242,36,1,0.43251505494117737,0.06789759546518326,0.5955033302307129,0.5051032900810242,1,0.5051032900810242,1,0.5051032900810242,1,0.4930548071861267,0.28607407212257385,2.445038318634033
58,136,8.0,decoder_3,300,0.4285718500614166,1,1,0.4285718500614166,0.7274749279022217,0.7274749279022217,0.4285718500614166,0,0.4285718500614166,0,0.4285718500614166,0,0.4429897665977478,0.4778141975402832,2.51273512840271
58,136,8.0,final_nms07,137,0.4285718500614166,0,0,0.4285718500614166,0.7274749279022217,0.7274749279022217,0.4285718500614166,0,0.4285718500614166,0,0.4285718500614166,0,0.4429897665977478,0.4778141975402832,2.51273512840271
59,137,9.999999999999998,encoder_all_counterfactual,34000,0.4754796326160431,20647,20166,0.16018898785114288,0.02945134788751602,0.04833529517054558,0.4754796326160431,0,0.4754796326160431,0,0,0,-0.033197078853845596,-0.02480638027191162,3.0586235523223877
59,137,9.999999999999998,topk,300,0.2486969381570816,3,2,0.16018898785114288,0.04813505709171295,0.04833529517054558,0.2486969381570816,0,0.2486969381570816,0,0,0,0.14764398336410522,0.6473042964935303,6.635837554931641
59,137,9.999999999999998,pre_bbox,300,0.5786542296409607,5,5,0.5786542296409607,0.5914660692214966,0.5914660692214966,0.5786542296409607,3,0.5786542296409607,3,0.5786542296409607,3,0.2779902517795563,0.35224074125289917,2.252251148223877
59,137,9.999999999999998,decoder_1,300,0.5940217971801758,5,5,0.5940217971801758,0.599636971950531,0.599636971950531,0.5940217971801758,3,0.5940217971801758,3,0.5940217971801758,3,0.25014805793762207,0.33824077248573303,2.1922833919525146
59,137,9.999999999999998,decoder_2,300,0.7089384198188782,2,5,0.6373134255409241,0.5320005416870117,0.5914483666419983,0.7089384198188782,5,0.7089384198188782,5,0.7089384198188782,3,0.22741666436195374,0.054349351674318314,0.8824396729469299
59,137,9.999999999999998,decoder_3,300,0.6983532309532166,2,5,0.638938307762146,0.6015037298202515,0.7311904430389404,0.6983532309532166,5,0.6983532309532166,5,0.6983532309532166,5,0.22550435364246368,0.06586188077926636,0.9855250120162964
59,137,9.999999999999998,final_nms07,112,0.638938307762146,0,0,0.638938307762146,0.7311904430389404,0.7311904430389404,0.638938307762146,1,0.638938307762146,1,0.638938307762146,1,0.24475102126598358,0.16787879168987274,1.4935581684112549
60,138,11.0,encoder_all_counterfactual,34000,0.5641849637031555,19051,18887,0.3032797873020172,0.027799980714917183,0.04693744704127312,0.5641849637031555,3,0.5641849637031555,3,0.0,0,-0.07116229832172394,0.11291392147541046,3.1622469425201416
60,138,11.0,topk,300,0.35503390431404114,40,14,0.3032797873020172,0.04424425587058067,0.04693744704127312,0.35503390431404114,0,0.35503390431404114,0,0.0,0,-0.15410692989826202,0.36938154697418213,4.913225173950195
60,138,11.0,pre_bbox,300,0.7304572463035583,40,40,0.7304572463035583,0.6055775284767151,0.6055775284767151,0.7304572463035583,2,0.7304572463035583,2,0.7304572463035583,2,-0.028569817543029785,0.03763917088508606,1.4837208986282349
60,138,11.0,decoder_1,300,0.7293881177902222,40,40,0.7293881177902222,0.6142611503601074,0.6142611503601074,0.7293881177902222,3,0.7293881177902222,3,0.7293881177902222,3,-0.04117391258478165,0.02984016388654709,1.4764750003814697
60,138,11.0,decoder_2,300,0.7289268970489502,40,40,0.7289268970489502,0.5903435945510864,0.5903435945510864,0.7289268970489502,3,0.7289268970489502,3,0.7289268970489502,3,-0.02075192891061306,0.024254273623228073,1.4803179502487183
60,138,11.0,decoder_3,300,0.7174529433250427,40,40,0.7174529433250427,0.6954804062843323,0.6954804062843323,0.7174529433250427,3,0.7174529433250427,3,0.7174529433250427,3,-0.02311227284371853,0.018983827903866768,1.5483453273773193
60,138,11.0,final_nms07,161,0.7174529433250427,0,0,0.7174529433250427,0.6954804062843323,0.6954804062843323,0.7174529433250427,2,0.7174529433250427,2,0.7174529433250427,2,-0.02311227284371853,0.018983827903866768,1.5483453273773193
61,139,11.0,encoder_all_counterfactual,34000,0.5845001339912415,20781,19524,0.5435070395469666,0.017557600513100624,0.05672795698046684,0.5845001339912415,2,0.5845001339912415,2,0.5435070395469666,1,-0.011673633940517902,0.4205158054828644,3.0532350540161133
61,139,11.0,topk,300,0.5435070395469666,0,0,0.5435070395469666,0.05672795698046684,0.05672795698046684,0.5435070395469666,1,0.5435070395469666,1,0.5435070395469666,1,0.05047662928700447,0.47155526280403137,2.1080610752105713
61,139,11.0,pre_bbox,300,0.7229938507080078,5,0,0.6121996641159058,0.48229745030403137,0.5866846442222595,0.7229938507080078,6,0.7229938507080078,6,0.7229938507080078,6,-0.050808731466531754,0.3167822062969208,2.0139124393463135
61,139,11.0,decoder_1,300,0.7241504788398743,5,0,0.6045842170715332,0.4928501844406128,0.595838189125061,0.7241504788398743,6,0.7241504788398743,6,0.7241504788398743,6,-0.0530894473195076,0.3248601257801056,1.8717916011810303
61,139,11.0,decoder_2,300,0.7874478697776794,19,0,0.7081427574157715,0.35832446813583374,0.6529129147529602,0.7874478697776794,7,0.7874478697776794,7,0.7874478697776794,7,-0.027643952518701553,0.23213154077529907,1.2902635335922241
61,139,11.0,decoder_3,300,0.7817829251289368,19,0,0.713489294052124,0.4317249655723572,0.736973762512207,0.7817829251289368,7,0.7817829251289368,7,0.7817829251289368,7,-0.045425429940223694,0.23153968155384064,1.3068901300430298
61,139,11.0,final_nms07,119,0.713489294052124,0,0,0.713489294052124,0.736973762512207,0.736973762512207,0.713489294052124,2,0.713489294052124,2,0.713489294052124,2,-0.14008744060993195,0.21017369627952576,1.4677159786224365
62,140,11.999999999999998,encoder_all_counterfactual,34000,0.4948215186595917,21936,21128,0.2943795323371887,0.010384991765022278,0.06468022614717484,0.4948215186595917,0,0.4948215186595917,0,0.2943795323371887,0,0.4700060784816742,0.1369500607252121,3.1129724979400635
62,140,11.999999999999998,topk,300,0.2943795323371887,0,0,0.2943795323371887,0.06468022614717484,0.06468022614717484,0.2943795323371887,0,0.2943795323371887,0,0.2943795323371887,0,0.08610112965106964,0.7302901148796082,7.283408164978027
62,140,11.999999999999998,pre_bbox,300,0.7455663681030273,112,0,0.6927734017372131,0.4832417964935303,0.5803205370903015,0.7455663681030273,5,0.7455663681030273,5,0.7455663681030273,5,-0.14040234684944153,0.022859569638967514,1.4231089353561401
62,140,11.999999999999998,decoder_1,300,0.7583260536193848,112,0,0.6778930425643921,0.49328434467315674,0.5908141136169434,0.7583260536193848,4,0.7583260536193848,4,0.7583260536193848,4,-0.15631864964962006,0.01602347195148468,1.313222885131836
62,140,11.999999999999998,decoder_2,300,0.719524085521698,0,112,0.635712742805481,0.2996019721031189,0.5467256307601929,0.719524085521698,4,0.719524085521698,4,0.719524085521698,4,-0.12099931389093399,-0.05946984887123108,1.658227562904358
62,140,11.999999999999998,decoder_3,300,0.7856653332710266,74,112,0.6564571857452393,0.057319194078445435,0.7167345881462097,0.7856653332710266,8,0.7856653332710266,8,0.7856653332710266,8,-0.09614274650812149,-0.12693257629871368,0.6708989143371582
62,140,11.999999999999998,final_nms07,114,0.6564571857452393,0,0,0.6564571857452393,0.7167345881462097,0.7167345881462097,0.6564571857452393,3,0.6564571857452393,3,0.6564571857452393,3,-0.1390838474035263,-0.14491768181324005,1.9065399169921875
63,141,9.0,encoder_all_counterfactual,34000,0.6193955540657043,19691,19688,0.1014825850725174,0.023958155885338783,0.049712885171175,0.6193955540657043,1,0.6193955540657043,1,0.0,0,0.20388373732566833,0.34106171131134033,1.223515272140503
63,141,9.0,topk,300,0.2666017413139343,29,3,0.1014825850725174,0.04551556333899498,0.049712885171175,0.2666017413139343,0,0.2666017413139343,0,0.0,0,0.16571426391601562,0.24301090836524963,5.817081928253174
63,141,9.0,pre_bbox,300,0.67022305727005,29,29,0.67022305727005,0.5941045880317688,0.5941045880317688,0.67022305727005,2,0.67022305727005,2,0.67022305727005,2,0.18764476478099823,-0.017881251871585846,1.6967442035675049
63,141,9.0,decoder_1,300,0.6745719313621521,29,29,0.6745719313621521,0.603382408618927,0.603382408618927,0.6745719313621521,2,0.6745719313621521,2,0.6745719313621521,2,0.19083404541015625,-0.018955564126372337,1.6683655977249146
63,141,9.0,decoder_2,300,0.8327134847640991,105,29,0.6152800917625427,0.09163713455200195,0.7142173647880554,0.8327134847640991,7,0.8327134847640991,7,0.8327134847640991,4,0.1380462646484375,-0.056838735938072205,0.4106912314891815
63,141,9.0,decoder_3,300,0.7233098745346069,105,29,0.6233091950416565,0.22791919112205505,0.7379002571105957,0.7233098745346069,9,0.7233098745346069,9,0.7233098745346069,9,0.15839385986328125,0.007727720774710178,1.3644369840621948
63,141,9.0,final_nms07,128,0.6233091950416565,0,0,0.6233091950416565,0.7379002571105957,0.7379002571105957,0.6233091950416565,1,0.6233091950416565,1,0.6233091950416565,1,0.17876434326171875,-0.03556331992149353,2.0218894481658936
64,142,9.999999999999998,encoder_all_counterfactual,34000,0.625443696975708,19692,19209,0.17962317168712616,0.02493930421769619,0.052491333335638046,0.625443696975708,2,0.625443696975708,2,0.3236808776855469,0,-0.07755912095308304,0.02576395496726036,2.2158219814300537
64,142,9.999999999999998,topk,300,0.3236808776855469,4,1,0.17962317168712616,0.051778994500637054,0.052491333335638046,0.3236808776855469,0,0.3236808776855469,0,0.3236808776855469,0,-0.34435945749282837,0.5672606825828552,6.2820234298706055
64,142,9.999999999999998,pre_bbox,300,0.7599162459373474,21,21,0.7599162459373474,0.5364794731140137,0.5364794731140137,0.7599162459373474,5,0.7599162459373474,5,0.7599162459373474,5,-0.14448751509189606,0.14704303443431854,0.7917130589485168
64,142,9.999999999999998,decoder_1,300,0.7513166069984436,21,21,0.7513166069984436,0.5461652874946594,0.5461652874946594,0.7513166069984436,5,0.7513166069984436,5,0.7513166069984436,5,-0.14945749938488007,0.1388690173625946,0.8655654191970825
64,142,9.999999999999998,decoder_2,300,0.7309201955795288,8,21,0.6746889352798462,0.05466208979487419,0.5844387412071228,0.7309201955795288,6,0.7309201955795288,6,0.7309201955795288,6,-0.17488187551498413,0.15618418157100677,0.38725534081459045
64,142,9.999999999999998,decoder_3,300,0.7407020926475525,8,21,0.6644993424415588,0.1621706485748291,0.7432795166969299,0.7407020926475525,6,0.7407020926475525,6,0.7407020926475525,6,-0.14099591970443726,0.18593259155750275,0.5389013290405273
64,142,9.999999999999998,final_nms07,84,0.6644993424415588,0,0,0.6644993424415588,0.7432795166969299,0.7432795166969299,0.6644993424415588,1,0.6644993424415588,1,0.6644993424415588,1,-0.16593435406684875,0.30594319105148315,1.0997568368911743
65,143,9.0,encoder_all_counterfactual,34000,0.57121342420578,19412,19411,0.5072651505470276,0.03092949651181698,0.04046630859375,0.57121342420578,3,0.57121342420578,3,0.0,0,-0.0821811705827713,0.4947873651981354,1.0899194478988647
65,143,9.0,topk,300,0.5072651505470276,108,108,0.5072651505470276,0.04046630859375,0.04046630859375,0.5072651505470276,1,0.5072651505470276,1,0.0,0,-0.06800039857625961,0.5593572854995728,3.6250767707824707
65,143,9.0,pre_bbox,300,0.49299681186676025,108,108,0.49299681186676025,0.37378403544425964,0.37378403544425964,0.49299681186676025,0,0.49299681186676025,0,0.49299681186676025,0,0.14279651641845703,0.5060780048370361,3.09809947013855
65,143,9.0,decoder_1,300,0.48941880464553833,108,108,0.48941880464553833,0.38215622305870056,0.38215622305870056,0.48941880464553833,0,0.48941880464553833,0,0.48941880464553833,0,0.13756908476352692,0.49718737602233887,3.1975529193878174
65,143,9.0,decoder_2,300,0.5261300206184387,108,108,0.5261300206184387,0.4983987510204315,0.4983987510204315,0.5261300206184387,1,0.5261300206184387,1,0.5261300206184387,1,0.30168765783309937,0.46015408635139465,1.7196588516235352
65,143,9.0,decoder_3,300,0.5169464349746704,108,108,0.5169464349746704,0.7256197333335876,0.7256197333335876,0.5169464349746704,1,0.5169464349746704,1,0.5169464349746704,1,0.32416844367980957,0.4608660042285919,1.7707972526550293
65,143,9.0,final_nms07,111,0.5169464349746704,0,0,0.5169464349746704,0.7256197333335876,0.7256197333335876,0.5169464349746704,1,0.5169464349746704,1,0.5169464349746704,1,0.32416844367980957,0.4608660042285919,1.7707972526550293
66,144,9.999999999999998,encoder_all_counterfactual,34000,0.5503231883049011,18774,15043,0.11723513156175613,0.03616701066493988,0.04439064487814903,0.5503231883049011,2,0.5503231883049011,2,0.0,0,-0.02085593342781067,0.39686766266822815,2.3956546783447266
66,144,9.999999999999998,topk,300,0.11723513156175613,23,23,0.11723513156175613,0.04439064487814903,0.04439064487814903,0.11723513156175613,0,0.11723513156175613,0,0.0,0,1.570522427558899,2.3183486461639404,8.5282564163208
66,144,9.999999999999998,pre_bbox,300,0.6616018414497375,18,18,0.6616018414497375,0.3086218237876892,0.3086218237876892,0.6616018414497375,2,0.6616018414497375,2,0.6616018414497375,2,-0.011736818589270115,0.494934618473053,0.8307232856750488
66,144,9.999999999999998,decoder_1,300,0.6622209548950195,18,18,0.6622209548950195,0.31706973910331726,0.31706973910331726,0.6622209548950195,2,0.6622209548950195,2,0.6622209548950195,2,-0.01833198219537735,0.485055536031723,0.6359797120094299
66,144,9.999999999999998,decoder_2,300,0.708940327167511,23,18,0.6713773608207703,0.05989716202020645,0.6567174196243286,0.708940327167511,3,0.708940327167511,3,0.708940327167511,3,-0.02073788270354271,0.29544585943222046,1.181693434715271
66,144,9.999999999999998,decoder_3,300,0.7019692659378052,23,18,0.6588568091392517,0.0884508565068245,0.7262834906578064,0.7019692659378052,3,0.7019692659378052,3,0.7019692659378052,3,0.0926721841096878,0.3037410080432892,0.9842674136161804
66,144,9.999999999999998,final_nms07,109,0.6588568091392517,0,0,0.6588568091392517,0.7262834906578064,0.7262834906578064,0.6588568091392517,1,0.6588568091392517,1,0.6588568091392517,1,0.17768682539463043,0.26202312111854553,1.5889168977737427
