Not init distributed mode.
cfg: 
{'_collate_fn': None,
 '_criterion': None,
 '_ema': None,
 '_evaluator': None,
 '_lr_scheduler': None,
 '_lr_warmup_scheduler': None,
 '_model': None,
 '_optimizer': None,
 '_postprocessor': None,
 '_scaler': None,
 '_train_batch_size': None,
 '_train_dataloader': None,
 '_train_dataset': None,
 '_train_shuffle': None,
 '_val_batch_size': None,
 '_val_dataloader': None,
 '_val_dataset': None,
 '_val_shuffle': None,
 '_writer': None,
 'batch_size': None,
 'checkpoint_freq': 12,
 'clip_max_norm': 0.1,
 'device': 'cuda:0',
 'ema_decay': 0.9999,
 'ema_warmups': 2000,
 'epochs': 12,
 'find_unused_parameters': False,
 'last_epoch': -1,
 'num_workers': 0,
 'output_dir': '/home/viplab/contest/experiments/kamp_synth_train_v1/runs/dfine_M_synth25_seed20260930',
 'print_freq': 10,
 'resume': None,
 'seed': 20260930,
 'summary_dir': None,
 'sync_bn': False,
 'task': 'detection',
 'tuning': '/home/viplab/contest/experiments/kamp_v2_mal/runs/dfine_M_seed20260930/best_stg1.pth',
 'use_amp': False,
 'use_ema': True,
 'yaml_cfg': {'DFINE': {'backbone': 'HGNetv2',
                        'decoder': 'DFINETransformer',
                        'encoder': 'HybridEncoder'},
              'DFINECriterion': {'alpha': 0.75,
                                 'gamma': 2.0,
                                 'losses': ['vfl', 'boxes', 'local'],
                                 'matcher': {'alpha': 0.25,
                                             'gamma': 2.0,
                                             'type': 'HungarianMatcher',
                                             'weight_dict': {'cost_bbox': 5,
                                                             'cost_class': 2,
                                                             'cost_giou': 2}},
                                 'reg_max': 32,
                                 'weight_dict': {'loss_bbox': 5,
                                                 'loss_ddf': 1.5,
                                                 'loss_fgl': 0.15,
                                                 'loss_giou': 2,
                                                 'loss_vfl': 1}},
              'DFINEPostProcessor': {'num_top_queries': 300},
              'DFINETransformer': {'box_noise_scale': 1.0,
                                   'cross_attn_method': 'default',
                                   'eval_idx': -1,
                                   'feat_channels': [256, 256, 256],
                                   'feat_strides': [8, 16, 32],
                                   'hidden_dim': 256,
                                   'label_noise_ratio': 0.5,
                                   'layer_scale': 1,
                                   'num_denoising': 100,
                                   'num_layers': 3,
                                   'num_levels': 3,
                                   'num_points': [3, 6, 3],
                                   'num_queries': 300,
                                   'query_select_method': 'default',
                                   'reg_max': 32,
                                   'reg_scale': 4},
              'HGNetv2': {'freeze_at': -1,
                          'freeze_norm': False,
                          'local_model_dir': 'weight/hgnetv2/',
                          'name': 'B0',
                          'pretrained': False,
                          'return_idx': [1, 2, 3],
                          'use_lab': True},
              'HybridEncoder': {'act': 'silu',
                                'depth_mult': 0.34,
                                'dim_feedforward': 1024,
                                'dropout': 0.0,
                                'enc_act': 'gelu',
                                'expansion': 0.5,
                                'feat_strides': [8, 16, 32],
                                'hidden_dim': 256,
                                'in_channels': [256, 512, 1024],
                                'nhead': 8,
                                'num_encoder_layers': 1,
                                'use_encoder_idx': [2]},
              '__include__': ['/home/viplab/contest/models/D-FINE/configs/dfine/dfine_hgnetv2_s_coco.yml'],
              'checkpoint_freq': 12,
              'clip_max_norm': 0.1,
              'config': '/home/viplab/contest/experiments/kamp_synth_train_v1/configs/dfine_M_synth25_seed20260930.yml',
              'criterion': 'DFINECriterion',
              'device': 'cuda:0',
              'ema': {'decay': 0.9999,
                      'start': 0,
                      'type': 'ModelEMA',
                      'warmups': 100},
              'epochs': 12,
              'eval_spatial_size': [640, 640],
              'evaluator': {'iou_types': ['bbox'], 'type': 'CocoEvaluator'},
              'exp_name': 'baseline',
              'find_unused_parameters': False,
              'lr_scheduler': {'gamma': 0.1,
                               'milestones': [10],
                               'type': 'MultiStepLR'},
              'lr_warmup_scheduler': {'type': 'LinearWarmup',
                                      'warmup_duration': 15},
              'model': 'DFINE',
              'num_classes': 1,
              'optimizer': {'betas': [0.9, 0.999],
                            'lr': 5e-05,
                            'params': [{'lr': 0.0001,
                                        'params': '^(?=.*backbone)(?!.*norm|bn).*$'},
                                       {'lr': 0.0001,
                                        'params': '^(?=.*backbone)(?=.*norm|bn).*$',
                                        'weight_decay': 0.0},
                                       {'params': '^(?=.*(?:encoder|decoder))(?=.*(?:norm|bn|bias)).*$',
                                        'weight_decay': 0.0}],
                            'type': 'AdamW',
                            'weight_decay': 0.0001},
              'output_dir': '/home/viplab/contest/experiments/kamp_synth_train_v1/runs/dfine_M_synth25_seed20260930',
              'postprocessor': 'DFINEPostProcessor',
              'print_freq': 10,
              'print_method': 'builtin',
              'print_rank': 0,
              'project_name': 'D-FINE',
              'remap_mscoco_category': False,
              'scaler': {'enabled': True, 'type': 'GradScaler'},
              'seed': 20260930,
              'sync_bn': False,
              'task': 'detection',
              'test_only': False,
              'train_dataloader': {'collate_fn': {'base_size': 640,
                                                  'base_size_repeat': None,
                                                  'ema_restart_decay': 0.9999,
                                                  'stop_epoch': 1000,
                                                  'type': 'BatchImageCollateFunction'},
                                   'dataset': {'ann_file': '/home/viplab/contest/experiments/kamp_synth_train_v1/data640_mix25/annotations/train.json',
                                               'img_folder': '/home/viplab/contest/experiments/kamp_synth_train_v1/data640_mix25/images/train',
                                               'return_masks': False,
                                               'transforms': {'ops': [{'dtype': 'float32',
                                                                       'scale': True,
                                                                       'type': 'ConvertPILImage'},
                                                                      {'fmt': 'cxcywh',
                                                                       'normalize': True,
                                                                       'type': 'ConvertBoxes'}],
                                                              'policy': {'epoch': 1000,
                                                                         'name': 'stop_epoch',
                                                                         'ops': ['RandomPhotometricDistort',
                                                                                 'RandomZoomOut',
                                                                                 'RandomIoUCrop']},
                                                              'type': 'Compose'},
                                               'type': 'CocoDetection'},
                                   'drop_last': False,
                                   'num_workers': 2,
                                   'shuffle': True,
                                   'total_batch_size': 8,
                                   'type': 'DataLoader'},
              'tuning': '/home/viplab/contest/experiments/kamp_v2_mal/runs/dfine_M_seed20260930/best_stg1.pth',
              'use_amp': False,
              'use_ema': True,
              'use_focal_loss': True,
              'use_wandb': False,
              'val_dataloader': {'collate_fn': {'type': 'BatchImageCollateFunction'},
                                 'dataset': {'ann_file': '/home/viplab/contest/experiments/kamp_synth_train_v1/data640_mix25/annotations/val.json',
                                             'img_folder': '/home/viplab/contest/experiments/kamp_synth_train_v1/data640_mix25/images/val',
                                             'return_masks': False,
                                             'transforms': {'ops': [{'dtype': 'float32',
                                                                     'scale': True,
                                                                     'type': 'ConvertPILImage'}],
                                                            'type': 'Compose'},
                                             'type': 'CocoDetection'},
                                 'drop_last': False,
                                 'num_workers': 2,
                                 'shuffle': False,
                                 'total_batch_size': 8,
                                 'type': 'DataLoader'}}}
Tuning checkpoint from /home/viplab/contest/experiments/kamp_v2_mal/runs/dfine_M_seed20260930/best_stg1.pth
Load model.state_dict, {'missed': [], 'unmatched': []}
Initial lr: [0.0001, 0.0001, 5e-05, 5e-05]
building train_dataloader with batch_size=8...
building val_dataloader with batch_size=8...

------------------------------------- Calculate Flops Results -------------------------------------
Notations:
number of parameters (Params), number of multiply-accumulate operations(MACs),
number of floating-point operations (FLOPs), floating-point operations per second (FLOPS),
fwd FLOPs (model forward propagation FLOPs), bwd FLOPs (model backward propagation FLOPs),
default model backpropagation takes 2.00 times as much computation as forward propagation.

Total Training Params:                                                  10.18 M 
fwd MACs:                                                               12.3563 GMACs
fwd FLOPs:                                                              24.8195 GFLOPS
fwd+bwd MACs:                                                           37.069 GMACs
fwd+bwd FLOPs:                                                          74.4584 GFLOPS
---------------------------------------------------------------------------------------------------
{'Model FLOPs:24.8195 GFLOPS   MACs:12.3563 GMACs   Params:10176661'}
------------------------------------------Start training-------------------------------------------
/home/viplab/contest/models/D-FINE/src/solver/det_engine.py:125: UserWarning: Converting a tensor with requires_grad=True to a scalar may lead to unexpected behavior.
Consider using tensor.detach() first. (Triggered internally at /pytorch/torch/csrc/autograd/generated/python_variable_methods.cpp:836.)
  if not math.isfinite(loss_value):
Epoch: [0/12]  [ 0/59]  eta: 0:01:36  lr: 0.000013  loss: 21.5121 (21.5121)  loss_mal: 0.7207 (0.7207)  loss_bbox: 0.1374 (0.1374)  loss_giou: 0.9407 (0.9407)  loss_fgl: 1.0788 (1.0788)  loss_mal_aux_0: 0.6923 (0.6923)  loss_bbox_aux_0: 0.1373 (0.1373)  loss_giou_aux_0: 1.0001 (1.0001)  loss_fgl_aux_0: 1.0629 (1.0629)  loss_ddf_aux_0: 0.0286 (0.0286)  loss_mal_aux_1: 0.6667 (0.6667)  loss_bbox_aux_1: 0.1374 (0.1374)  loss_giou_aux_1: 0.9489 (0.9489)  loss_fgl_aux_1: 1.0745 (1.0745)  loss_ddf_aux_1: 0.0010 (0.0010)  loss_mal_pre: 0.6985 (0.6985)  loss_bbox_pre: 0.1353 (0.1353)  loss_giou_pre: 0.9809 (0.9809)  loss_mal_enc_0: 0.8228 (0.8228)  loss_bbox_enc_0: 0.1253 (0.1253)  loss_giou_enc_0: 0.9470 (0.9470)  loss_mal_dn_0: 0.6765 (0.6765)  loss_bbox_dn_0: 0.0655 (0.0655)  loss_giou_dn_0: 0.7047 (0.7047)  loss_fgl_dn_0: 1.1668 (1.1668)  loss_ddf_dn_0: 0.2258 (0.2258)  loss_mal_dn_1: 0.6460 (0.6460)  loss_bbox_dn_1: 0.0504 (0.0504)  loss_giou_dn_1: 0.5831 (0.5831)  loss_fgl_dn_1: 1.1634 (1.1634)  loss_ddf_dn_1: 0.0078 (0.0078)  loss_mal_dn_2: 0.6416 (0.6416)  loss_bbox_dn_2: 0.0506 (0.0506)  loss_giou_dn_2: 0.5910 (0.5910)  loss_fgl_dn_2: 1.1617 (1.1617)  loss_ddf_dn_2: -0.0000 (0.0000)  loss_mal_dn_pre: 0.6812 (0.6812)  loss_bbox_dn_pre: 0.0649 (0.0649)  loss_giou_dn_pre: 0.6942 (0.6942)  time: 1.6375  data: 0.2644  max mem: 5074
Epoch: [0/12]  [10/59]  eta: 0:00:30  lr: 0.000080  loss: 22.4804 (22.3637)  loss_mal: 0.7207 (0.7283)  loss_bbox: 0.1374 (0.1279)  loss_giou: 1.1339 (1.0203)  loss_fgl: 1.1778 (1.2066)  loss_mal_aux_0: 0.7192 (0.7244)  loss_bbox_aux_0: 0.1373 (0.1300)  loss_giou_aux_0: 1.1531 (1.0535)  loss_fgl_aux_0: 1.1755 (1.1566)  loss_ddf_aux_0: 0.0271 (0.0279)  loss_mal_aux_1: 0.6910 (0.6955)  loss_bbox_aux_1: 0.1374 (0.1285)  loss_giou_aux_1: 1.1382 (1.0283)  loss_fgl_aux_1: 1.2046 (1.1933)  loss_ddf_aux_1: 0.0013 (0.0013)  loss_mal_pre: 0.6985 (0.7072)  loss_bbox_pre: 0.1353 (0.1309)  loss_giou_pre: 1.1766 (1.0607)  loss_mal_enc_0: 0.8978 (0.8872)  loss_bbox_enc_0: 0.1253 (0.1235)  loss_giou_enc_0: 1.0659 (1.0238)  loss_mal_dn_0: 0.6933 (0.6859)  loss_bbox_dn_0: 0.0655 (0.0750)  loss_giou_dn_0: 0.7047 (0.6952)  loss_fgl_dn_0: 1.2053 (1.1736)  loss_ddf_dn_0: 0.2258 (0.2120)  loss_mal_dn_1: 0.6617 (0.6560)  loss_bbox_dn_1: 0.0504 (0.0521)  loss_giou_dn_1: 0.5831 (0.5809)  loss_fgl_dn_1: 1.1938 (1.1677)  loss_ddf_dn_1: 0.0064 (0.0064)  loss_mal_dn_2: 0.6570 (0.6543)  loss_bbox_dn_2: 0.0506 (0.0514)  loss_giou_dn_2: 0.5786 (0.5754)  loss_fgl_dn_2: 1.1958 (1.1686)  loss_ddf_dn_2: -0.0000 (0.0000)  loss_mal_dn_pre: 0.6948 (0.6908)  loss_bbox_dn_pre: 0.0667 (0.0752)  loss_giou_dn_pre: 0.6953 (0.6874)  time: 0.6283  data: 0.0338  max mem: 5174
Epoch: [0/12]  [20/59]  eta: 0:00:23  lr: 0.000100  loss: 21.5334 (21.7753)  loss_mal: 0.7257 (0.7294)  loss_bbox: 0.0758 (0.1105)  loss_giou: 0.7833 (0.9157)  loss_fgl: 1.2018 (1.2041)  loss_mal_aux_0: 0.7324 (0.7492)  loss_bbox_aux_0: 0.0838 (0.1134)  loss_giou_aux_0: 0.8444 (0.9475)  loss_fgl_aux_0: 1.1849 (1.1752)  loss_ddf_aux_0: 0.0265 (0.0277)  loss_mal_aux_1: 0.7210 (0.7092)  loss_bbox_aux_1: 0.0762 (0.1107)  loss_giou_aux_1: 0.7837 (0.9217)  loss_fgl_aux_1: 1.2046 (1.1952)  loss_ddf_aux_1: 0.0013 (0.0013)  loss_mal_pre: 0.7236 (0.7358)  loss_bbox_pre: 0.0792 (0.1134)  loss_giou_pre: 0.8246 (0.9508)  loss_mal_enc_0: 0.8978 (0.8907)  loss_bbox_enc_0: 0.0741 (0.1100)  loss_giou_enc_0: 0.8211 (0.9422)  loss_mal_dn_0: 0.7079 (0.6958)  loss_bbox_dn_0: 0.0553 (0.0660)  loss_giou_dn_0: 0.6718 (0.6726)  loss_fgl_dn_0: 1.2075 (1.1894)  loss_ddf_dn_0: 0.1979 (0.1967)  loss_mal_dn_1: 0.6658 (0.6579)  loss_bbox_dn_1: 0.0436 (0.0477)  loss_giou_dn_1: 0.5400 (0.5528)  loss_fgl_dn_1: 1.1938 (1.1747)  loss_ddf_dn_1: 0.0044 (0.0055)  loss_mal_dn_2: 0.6667 (0.6580)  loss_bbox_dn_2: 0.0434 (0.0473)  loss_giou_dn_2: 0.5425 (0.5486)  loss_fgl_dn_2: 1.1958 (1.1758)  loss_ddf_dn_2: -0.0000 (0.0000)  loss_mal_dn_pre: 0.7115 (0.6998)  loss_bbox_dn_pre: 0.0551 (0.0663)  loss_giou_dn_pre: 0.6734 (0.6666)  time: 0.5487  data: 0.0117  max mem: 5174
Epoch: [0/12]  [30/59]  eta: 0:00:16  lr: 0.000100  loss: 20.1792 (21.3736)  loss_mal: 0.7278 (0.7293)  loss_bbox: 0.0640 (0.0983)  loss_giou: 0.6548 (0.8623)  loss_fgl: 1.1803 (1.1842)  loss_mal_aux_0: 0.7603 (0.7570)  loss_bbox_aux_0: 0.0677 (0.1009)  loss_giou_aux_0: 0.6858 (0.8867)  loss_fgl_aux_0: 1.1849 (1.1656)  loss_ddf_aux_0: 0.0261 (0.0270)  loss_mal_aux_1: 0.7262 (0.7163)  loss_bbox_aux_1: 0.0648 (0.0984)  loss_giou_aux_1: 0.6677 (0.8668)  loss_fgl_aux_1: 1.1846 (1.1784)  loss_ddf_aux_1: 0.0014 (0.0014)  loss_mal_pre: 0.7522 (0.7468)  loss_bbox_pre: 0.0679 (0.1008)  loss_giou_pre: 0.6816 (0.8897)  loss_mal_enc_0: 0.8968 (0.9058)  loss_bbox_enc_0: 0.0722 (0.0988)  loss_giou_enc_0: 0.7233 (0.8887)  loss_mal_dn_0: 0.7090 (0.7025)  loss_bbox_dn_0: 0.0511 (0.0610)  loss_giou_dn_0: 0.6083 (0.6548)  loss_fgl_dn_0: 1.2291 (1.1955)  loss_ddf_dn_0: 0.1710 (0.1899)  loss_mal_dn_1: 0.6693 (0.6610)  loss_bbox_dn_1: 0.0374 (0.0449)  loss_giou_dn_1: 0.4859 (0.5392)  loss_fgl_dn_1: 1.1937 (1.1781)  loss_ddf_dn_1: 0.0037 (0.0050)  loss_mal_dn_2: 0.6675 (0.6612)  loss_bbox_dn_2: 0.0374 (0.0446)  loss_giou_dn_2: 0.4861 (0.5361)  loss_fgl_dn_2: 1.1921 (1.1792)  loss_ddf_dn_2: -0.0000 (0.0000)  loss_mal_dn_pre: 0.7119 (0.7053)  loss_bbox_dn_pre: 0.0512 (0.0614)  loss_giou_dn_pre: 0.6111 (0.6509)  time: 0.5292  data: 0.0123  max mem: 5174
Epoch: [0/12]  [40/59]  eta: 0:00:10  lr: 0.000100  loss: 19.9244 (21.0081)  loss_mal: 0.7310 (0.7308)  loss_bbox: 0.0512 (0.0876)  loss_giou: 0.6119 (0.7979)  loss_fgl: 1.2336 (1.1931)  loss_mal_aux_0: 0.7904 (0.7670)  loss_bbox_aux_0: 0.0557 (0.0902)  loss_giou_aux_0: 0.6116 (0.8220)  loss_fgl_aux_0: 1.2244 (1.1792)  loss_ddf_aux_0: 0.0257 (0.0269)  loss_mal_aux_1: 0.7236 (0.7215)  loss_bbox_aux_1: 0.0519 (0.0877)  loss_giou_aux_1: 0.6157 (0.8019)  loss_fgl_aux_1: 1.2294 (1.1884)  loss_ddf_aux_1: 0.0015 (0.0014)  loss_mal_pre: 0.7880 (0.7580)  loss_bbox_pre: 0.0555 (0.0902)  loss_giou_pre: 0.6172 (0.8242)  loss_mal_enc_0: 0.9345 (0.9146)  loss_bbox_enc_0: 0.0571 (0.0891)  loss_giou_enc_0: 0.6492 (0.8298)  loss_mal_dn_0: 0.7188 (0.7084)  loss_bbox_dn_0: 0.0481 (0.0574)  loss_giou_dn_0: 0.5882 (0.6318)  loss_fgl_dn_0: 1.2302 (1.2051)  loss_ddf_dn_0: 0.1761 (0.1852)  loss_mal_dn_1: 0.6693 (0.6638)  loss_bbox_dn_1: 0.0364 (0.0425)  loss_giou_dn_1: 0.4757 (0.5195)  loss_fgl_dn_1: 1.2032 (1.1846)  loss_ddf_dn_1: 0.0037 (0.0047)  loss_mal_dn_2: 0.6663 (0.6629)  loss_bbox_dn_2: 0.0360 (0.0422)  loss_giou_dn_2: 0.4728 (0.5166)  loss_fgl_dn_2: 1.2027 (1.1853)  loss_ddf_dn_2: -0.0000 (0.0000)  loss_mal_dn_pre: 0.7198 (0.7105)  loss_bbox_dn_pre: 0.0481 (0.0576)  loss_giou_dn_pre: 0.5847 (0.6287)  time: 0.5353  data: 0.0120  max mem: 5186
Epoch: [0/12]  [50/59]  eta: 0:00:05  lr: 0.000100  loss: 19.9362 (20.8551)  loss_mal: 0.7299 (0.7327)  loss_bbox: 0.0513 (0.0817)  loss_giou: 0.5937 (0.7699)  loss_fgl: 1.2179 (1.1922)  loss_mal_aux_0: 0.7993 (0.7756)  loss_bbox_aux_0: 0.0534 (0.0844)  loss_giou_aux_0: 0.5860 (0.7939)  loss_fgl_aux_0: 1.2244 (1.1802)  loss_ddf_aux_0: 0.0294 (0.0278)  loss_mal_aux_1: 0.7284 (0.7266)  loss_bbox_aux_1: 0.0520 (0.0817)  loss_giou_aux_1: 0.5973 (0.7740)  loss_fgl_aux_1: 1.2181 (1.1883)  loss_ddf_aux_1: 0.0017 (0.0016)  loss_mal_pre: 0.7909 (0.7669)  loss_bbox_pre: 0.0533 (0.0844)  loss_giou_pre: 0.5928 (0.7964)  loss_mal_enc_0: 0.9444 (0.9188)  loss_bbox_enc_0: 0.0553 (0.0836)  loss_giou_enc_0: 0.6336 (0.8045)  loss_mal_dn_0: 0.7316 (0.7133)  loss_bbox_dn_0: 0.0461 (0.0553)  loss_giou_dn_0: 0.5690 (0.6214)  loss_fgl_dn_0: 1.2257 (1.2092)  loss_ddf_dn_0: 0.1761 (0.1844)  loss_mal_dn_1: 0.6751 (0.6673)  loss_bbox_dn_1: 0.0357 (0.0413)  loss_giou_dn_1: 0.4664 (0.5118)  loss_fgl_dn_1: 1.2041 (1.1875)  loss_ddf_dn_1: 0.0037 (0.0045)  loss_mal_dn_2: 0.6705 (0.6654)  loss_bbox_dn_2: 0.0358 (0.0411)  loss_giou_dn_2: 0.4663 (0.5092)  loss_fgl_dn_2: 1.2050 (1.1883)  loss_ddf_dn_2: -0.0000 (0.0000)  loss_mal_dn_pre: 0.7308 (0.7147)  loss_bbox_dn_pre: 0.0465 (0.0556)  loss_giou_dn_pre: 0.5757 (0.6194)  time: 0.5879  data: 0.0121  max mem: 5186
Epoch: [0/12]  [58/59]  eta: 0:00:00  lr: 0.000100  loss: 20.0456 (20.7872)  loss_mal: 0.7365 (0.7416)  loss_bbox: 0.0512 (0.0780)  loss_giou: 0.5937 (0.7495)  loss_fgl: 1.2153 (1.1951)  loss_mal_aux_0: 0.8300 (0.7857)  loss_bbox_aux_0: 0.0518 (0.0806)  loss_giou_aux_0: 0.5860 (0.7745)  loss_fgl_aux_0: 1.2125 (1.1841)  loss_ddf_aux_0: 0.0316 (0.0289)  loss_mal_aux_1: 0.7500 (0.7374)  loss_bbox_aux_1: 0.0519 (0.0780)  loss_giou_aux_1: 0.5978 (0.7533)  loss_fgl_aux_1: 1.2134 (1.1917)  loss_ddf_aux_1: 0.0019 (0.0016)  loss_mal_pre: 0.8261 (0.7771)  loss_bbox_pre: 0.0526 (0.0806)  loss_giou_pre: 0.5928 (0.7768)  loss_mal_enc_0: 0.9470 (0.9271)  loss_bbox_enc_0: 0.0553 (0.0804)  loss_giou_enc_0: 0.6564 (0.7888)  loss_mal_dn_0: 0.7343 (0.7166)  loss_bbox_dn_0: 0.0444 (0.0537)  loss_giou_dn_0: 0.5620 (0.6143)  loss_fgl_dn_0: 1.2253 (1.2127)  loss_ddf_dn_0: 0.1810 (0.1868)  loss_mal_dn_1: 0.6766 (0.6686)  loss_bbox_dn_1: 0.0339 (0.0402)  loss_giou_dn_1: 0.4663 (0.5051)  loss_fgl_dn_1: 1.2007 (1.1898)  loss_ddf_dn_1: 0.0037 (0.0044)  loss_mal_dn_2: 0.6699 (0.6666)  loss_bbox_dn_2: 0.0341 (0.0399)  loss_giou_dn_2: 0.4625 (0.5025)  loss_fgl_dn_2: 1.2016 (1.1904)  loss_ddf_dn_2: -0.0000 (0.0000)  loss_mal_dn_pre: 0.7328 (0.7178)  loss_bbox_dn_pre: 0.0448 (0.0540)  loss_giou_dn_pre: 0.5604 (0.6125)  time: 0.5847  data: 0.0122  max mem: 5186
Epoch: [0/12] Total time: 0:00:33 (0.5754 s / it)
Averaged stats: lr: 0.000100  loss: 20.0456 (20.7872)  loss_mal: 0.7365 (0.7416)  loss_bbox: 0.0512 (0.0780)  loss_giou: 0.5937 (0.7495)  loss_fgl: 1.2153 (1.1951)  loss_mal_aux_0: 0.8300 (0.7857)  loss_bbox_aux_0: 0.0518 (0.0806)  loss_giou_aux_0: 0.5860 (0.7745)  loss_fgl_aux_0: 1.2125 (1.1841)  loss_ddf_aux_0: 0.0316 (0.0289)  loss_mal_aux_1: 0.7500 (0.7374)  loss_bbox_aux_1: 0.0519 (0.0780)  loss_giou_aux_1: 0.5978 (0.7533)  loss_fgl_aux_1: 1.2134 (1.1917)  loss_ddf_aux_1: 0.0019 (0.0016)  loss_mal_pre: 0.8261 (0.7771)  loss_bbox_pre: 0.0526 (0.0806)  loss_giou_pre: 0.5928 (0.7768)  loss_mal_enc_0: 0.9470 (0.9271)  loss_bbox_enc_0: 0.0553 (0.0804)  loss_giou_enc_0: 0.6564 (0.7888)  loss_mal_dn_0: 0.7343 (0.7166)  loss_bbox_dn_0: 0.0444 (0.0537)  loss_giou_dn_0: 0.5620 (0.6143)  loss_fgl_dn_0: 1.2253 (1.2127)  loss_ddf_dn_0: 0.1810 (0.1868)  loss_mal_dn_1: 0.6766 (0.6686)  loss_bbox_dn_1: 0.0339 (0.0402)  loss_giou_dn_1: 0.4663 (0.5051)  loss_fgl_dn_1: 1.2007 (1.1898)  loss_ddf_dn_1: 0.0037 (0.0044)  loss_mal_dn_2: 0.6699 (0.6666)  loss_bbox_dn_2: 0.0341 (0.0399)  loss_giou_dn_2: 0.4625 (0.5025)  loss_fgl_dn_2: 1.2016 (1.1904)  loss_ddf_dn_2: -0.0000 (0.0000)  loss_mal_dn_pre: 0.7328 (0.7178)  loss_bbox_dn_pre: 0.0448 (0.0540)  loss_giou_dn_pre: 0.5604 (0.6125)
Test:  [0/9]  eta: 0:00:06    time: 0.6805  data: 0.2359  max mem: 5186
Test:  [8/9]  eta: 0:00:00    time: 0.1826  data: 0.0368  max mem: 5186
Test: Total time: 0:00:01 (0.1861 s / it)
Metrics: {'f1': 0.8735632183908045, 'precision': 0.9743589743589743, 'recall': 0.7916666666666666, 'iou': 0.5509582705238238, 'TPs': 114, 'FPs': 3, 'FNs': 30}
Averaged stats: 
Accumulating evaluation results...
COCOeval_opt.accumulate() finished...
DONE (t=0.01s).
IoU metric: bbox
 Average Precision  (AP) @[ IoU=0.50:0.95 | area=   all | maxDets=100 ] = 0.351
 Average Precision  (AP) @[ IoU=0.50      | area=   all | maxDets=100 ] = 0.940
 Average Precision  (AP) @[ IoU=0.75      | area=   all | maxDets=100 ] = 0.174
 Average Precision  (AP) @[ IoU=0.50:0.95 | area= small | maxDets=100 ] = 0.351
 Average Precision  (AP) @[ IoU=0.50:0.95 | area=medium | maxDets=100 ] = -1.000
 Average Precision  (AP) @[ IoU=0.50:0.95 | area= large | maxDets=100 ] = -1.000
 Average Recall     (AR) @[ IoU=0.50:0.95 | area=   all | maxDets=  1 ] = 0.210
 Average Recall     (AR) @[ IoU=0.50:0.95 | area=   all | maxDets= 10 ] = 0.478
 Average Recall     (AR) @[ IoU=0.50:0.95 | area=   all | maxDets=100 ] = 0.555
 Average Recall     (AR) @[ IoU=0.50:0.95 | area= small | maxDets=100 ] = 0.555
 Average Recall     (AR) @[ IoU=0.50:0.95 | area=medium | maxDets=100 ] = -1.000
 Average Recall     (AR) @[ IoU=0.50:0.95 | area= large | maxDets=100 ] = -1.000
 Average Recall     (AR) @[ IoU=0.50      | area=   all | maxDets=100 ] = 0.986
 Average Recall     (AR) @[ IoU=0.75      | area=   all | maxDets=100 ] = 0.583
best_stat: {'epoch': 0, 'coco_eval_bbox': 0.35081519851753207}
Epoch: [1/12]  [ 0/59]  eta: 0:00:54  lr: 0.000100  loss: 21.5851 (21.5851)  loss_mal: 0.7004 (0.7004)  loss_bbox: 0.1050 (0.1050)  loss_giou: 0.8825 (0.8825)  loss_fgl: 1.1620 (1.1620)  loss_mal_aux_0: 0.7322 (0.7322)  loss_bbox_aux_0: 0.1116 (0.1116)  loss_giou_aux_0: 0.8809 (0.8809)  loss_fgl_aux_0: 1.1538 (1.1538)  loss_ddf_aux_0: 0.0352 (0.0352)  loss_mal_aux_1: 0.6984 (0.6984)  loss_bbox_aux_1: 0.1046 (0.1046)  loss_giou_aux_1: 0.8844 (0.8844)  loss_fgl_aux_1: 1.1602 (1.1602)  loss_ddf_aux_1: 0.0016 (0.0016)  loss_mal_pre: 0.7330 (0.7330)  loss_bbox_pre: 0.1083 (0.1083)  loss_giou_pre: 0.8880 (0.8880)  loss_mal_enc_0: 0.9795 (0.9795)  loss_bbox_enc_0: 0.0834 (0.0834)  loss_giou_enc_0: 0.8846 (0.8846)  loss_mal_dn_0: 0.6976 (0.6976)  loss_bbox_dn_0: 0.0722 (0.0722)  loss_giou_dn_0: 0.6969 (0.6969)  loss_fgl_dn_0: 1.1722 (1.1722)  loss_ddf_dn_0: 0.3374 (0.3374)  loss_mal_dn_1: 0.6664 (0.6664)  loss_bbox_dn_1: 0.0418 (0.0418)  loss_giou_dn_1: 0.5421 (0.5421)  loss_fgl_dn_1: 1.1727 (1.1727)  loss_ddf_dn_1: 0.0082 (0.0082)  loss_mal_dn_2: 0.6644 (0.6644)  loss_bbox_dn_2: 0.0413 (0.0413)  loss_giou_dn_2: 0.5447 (0.5447)  loss_fgl_dn_2: 1.1731 (1.1731)  loss_ddf_dn_2: -0.0000 (0.0000)  loss_mal_dn_pre: 0.6928 (0.6928)  loss_bbox_dn_pre: 0.0741 (0.0741)  loss_giou_dn_pre: 0.6980 (0.6980)  time: 0.9298  data: 0.2668  max mem: 5186
Epoch: [1/12]  [10/59]  eta: 0:00:29  lr: 0.000100  loss: 20.2185 (20.2370)  loss_mal: 0.7331 (0.7385)  loss_bbox: 0.0619 (0.0663)  loss_giou: 0.6698 (0.6615)  loss_fgl: 1.1620 (1.1927)  loss_mal_aux_0: 0.8304 (0.8178)  loss_bbox_aux_0: 0.0632 (0.0682)  loss_giou_aux_0: 0.7211 (0.6824)  loss_fgl_aux_0: 1.1538 (1.1911)  loss_ddf_aux_0: 0.0364 (0.0357)  loss_mal_aux_1: 0.7381 (0.7359)  loss_bbox_aux_1: 0.0610 (0.0662)  loss_giou_aux_1: 0.6774 (0.6638)  loss_fgl_aux_1: 1.1602 (1.1916)  loss_ddf_aux_1: 0.0020 (0.0021)  loss_mal_pre: 0.8266 (0.8146)  loss_bbox_pre: 0.0633 (0.0677)  loss_giou_pre: 0.7222 (0.6823)  loss_mal_enc_0: 0.9521 (0.9463)  loss_bbox_enc_0: 0.0700 (0.0677)  loss_giou_enc_0: 0.7586 (0.7037)  loss_mal_dn_0: 0.7341 (0.7258)  loss_bbox_dn_0: 0.0443 (0.0468)  loss_giou_dn_0: 0.5577 (0.5667)  loss_fgl_dn_0: 1.2343 (1.2379)  loss_ddf_dn_0: 0.1934 (0.2122)  loss_mal_dn_1: 0.6677 (0.6682)  loss_bbox_dn_1: 0.0329 (0.0344)  loss_giou_dn_1: 0.4281 (0.4505)  loss_fgl_dn_1: 1.2066 (1.2080)  loss_ddf_dn_1: 0.0035 (0.0038)  loss_mal_dn_2: 0.6644 (0.6622)  loss_bbox_dn_2: 0.0328 (0.0342)  loss_giou_dn_2: 0.4229 (0.4477)  loss_fgl_dn_2: 1.2053 (1.2075)  loss_ddf_dn_2: -0.0000 (0.0000)  loss_mal_dn_pre: 0.7303 (0.7236)  loss_bbox_dn_pre: 0.0448 (0.0469)  loss_giou_dn_pre: 0.5569 (0.5646)  time: 0.5939  data: 0.0343  max mem: 5186
Epoch: [1/12]  [20/59]  eta: 0:00:22  lr: 0.000100  loss: 19.7926 (20.0952)  loss_mal: 0.7507 (0.7531)  loss_bbox: 0.0470 (0.0596)  loss_giou: 0.5555 (0.6288)  loss_fgl: 1.2149 (1.1984)  loss_mal_aux_0: 0.8304 (0.8237)  loss_bbox_aux_0: 0.0493 (0.0615)  loss_giou_aux_0: 0.5703 (0.6513)  loss_fgl_aux_0: 1.2080 (1.1993)  loss_ddf_aux_0: 0.0344 (0.0347)  loss_mal_aux_1: 0.7405 (0.7564)  loss_bbox_aux_1: 0.0471 (0.0594)  loss_giou_aux_1: 0.5615 (0.6303)  loss_fgl_aux_1: 1.2137 (1.1982)  loss_ddf_aux_1: 0.0018 (0.0019)  loss_mal_pre: 0.8264 (0.8183)  loss_bbox_pre: 0.0493 (0.0611)  loss_giou_pre: 0.5714 (0.6511)  loss_mal_enc_0: 0.9593 (0.9698)  loss_bbox_enc_0: 0.0542 (0.0628)  loss_giou_enc_0: 0.6021 (0.6828)  loss_mal_dn_0: 0.7299 (0.7270)  loss_bbox_dn_0: 0.0412 (0.0444)  loss_giou_dn_0: 0.5406 (0.5571)  loss_fgl_dn_0: 1.2348 (1.2386)  loss_ddf_dn_0: 0.1860 (0.2001)  loss_mal_dn_1: 0.6712 (0.6670)  loss_bbox_dn_1: 0.0317 (0.0333)  loss_giou_dn_1: 0.4254 (0.4461)  loss_fgl_dn_1: 1.2065 (1.2059)  loss_ddf_dn_1: 0.0030 (0.0036)  loss_mal_dn_2: 0.6643 (0.6613)  loss_bbox_dn_2: 0.0313 (0.0332)  loss_giou_dn_2: 0.4210 (0.4438)  loss_fgl_dn_2: 1.2053 (1.2055)  loss_ddf_dn_2: -0.0000 (0.0000)  loss_mal_dn_pre: 0.7287 (0.7256)  loss_bbox_dn_pre: 0.0410 (0.0445)  loss_giou_dn_pre: 0.5386 (0.5558)  time: 0.5683  data: 0.0118  max mem: 5186
Epoch: [1/12]  [30/59]  eta: 0:00:16  lr: 0.000100  loss: 19.5650 (20.0918)  loss_mal: 0.7532 (0.7521)  loss_bbox: 0.0444 (0.0607)  loss_giou: 0.5254 (0.6308)  loss_fgl: 1.2377 (1.2008)  loss_mal_aux_0: 0.8212 (0.8214)  loss_bbox_aux_0: 0.0466 (0.0626)  loss_giou_aux_0: 0.5574 (0.6515)  loss_fgl_aux_0: 1.2393 (1.2022)  loss_ddf_aux_0: 0.0320 (0.0336)  loss_mal_aux_1: 0.7559 (0.7567)  loss_bbox_aux_1: 0.0453 (0.0607)  loss_giou_aux_1: 0.5377 (0.6334)  loss_fgl_aux_1: 1.2359 (1.2006)  loss_ddf_aux_1: 0.0017 (0.0019)  loss_mal_pre: 0.8146 (0.8162)  loss_bbox_pre: 0.0472 (0.0624)  loss_giou_pre: 0.5601 (0.6520)  loss_mal_enc_0: 0.9795 (0.9640)  loss_bbox_enc_0: 0.0476 (0.0640)  loss_giou_enc_0: 0.5836 (0.6830)  loss_mal_dn_0: 0.7326 (0.7301)  loss_bbox_dn_0: 0.0421 (0.0443)  loss_giou_dn_0: 0.5327 (0.5518)  loss_fgl_dn_0: 1.2365 (1.2395)  loss_ddf_dn_0: 0.1860 (0.2007)  loss_mal_dn_1: 0.6712 (0.6686)  loss_bbox_dn_1: 0.0316 (0.0332)  loss_giou_dn_1: 0.4225 (0.4409)  loss_fgl_dn_1: 1.2033 (1.2051)  loss_ddf_dn_1: 0.0030 (0.0036)  loss_mal_dn_2: 0.6643 (0.6632)  loss_bbox_dn_2: 0.0313 (0.0330)  loss_giou_dn_2: 0.4192 (0.4379)  loss_fgl_dn_2: 1.2037 (1.2046)  loss_ddf_dn_2: -0.0000 (0.0000)  loss_mal_dn_pre: 0.7333 (0.7286)  loss_bbox_dn_pre: 0.0426 (0.0446)  loss_giou_dn_pre: 0.5341 (0.5517)  time: 0.5452  data: 0.0123  max mem: 5186
Epoch: [1/12]  [40/59]  eta: 0:00:10  lr: 0.000100  loss: 19.8442 (20.0295)  loss_mal: 0.7336 (0.7479)  loss_bbox: 0.0487 (0.0585)  loss_giou: 0.5693 (0.6213)  loss_fgl: 1.2377 (1.2076)  loss_mal_aux_0: 0.8130 (0.8184)  loss_bbox_aux_0: 0.0500 (0.0604)  loss_giou_aux_0: 0.5770 (0.6386)  loss_fgl_aux_0: 1.2393 (1.2088)  loss_ddf_aux_0: 0.0306 (0.0330)  loss_mal_aux_1: 0.7368 (0.7526)  loss_bbox_aux_1: 0.0492 (0.0585)  loss_giou_aux_1: 0.5701 (0.6234)  loss_fgl_aux_1: 1.2359 (1.2074)  loss_ddf_aux_1: 0.0017 (0.0018)  loss_mal_pre: 0.8092 (0.8132)  loss_bbox_pre: 0.0507 (0.0602)  loss_giou_pre: 0.5818 (0.6389)  loss_mal_enc_0: 0.9489 (0.9627)  loss_bbox_enc_0: 0.0522 (0.0618)  loss_giou_enc_0: 0.5937 (0.6688)  loss_mal_dn_0: 0.7355 (0.7312)  loss_bbox_dn_0: 0.0447 (0.0443)  loss_giou_dn_0: 0.5399 (0.5513)  loss_fgl_dn_0: 1.2439 (1.2425)  loss_ddf_dn_0: 0.1775 (0.1952)  loss_mal_dn_1: 0.6702 (0.6688)  loss_bbox_dn_1: 0.0331 (0.0332)  loss_giou_dn_1: 0.4230 (0.4404)  loss_fgl_dn_1: 1.2061 (1.2078)  loss_ddf_dn_1: 0.0033 (0.0035)  loss_mal_dn_2: 0.6641 (0.6639)  loss_bbox_dn_2: 0.0329 (0.0330)  loss_giou_dn_2: 0.4217 (0.4377)  loss_fgl_dn_2: 1.2059 (1.2075)  loss_ddf_dn_2: -0.0000 (0.0000)  loss_mal_dn_pre: 0.7336 (0.7294)  loss_bbox_dn_pre: 0.0447 (0.0445)  loss_giou_dn_pre: 0.5415 (0.5512)  time: 0.5493  data: 0.0118  max mem: 5186
Epoch: [1/12]  [50/59]  eta: 0:00:05  lr: 0.000100  loss: 19.6605 (19.9345)  loss_mal: 0.7304 (0.7450)  loss_bbox: 0.0471 (0.0571)  loss_giou: 0.5716 (0.6098)  loss_fgl: 1.2459 (1.2106)  loss_mal_aux_0: 0.7998 (0.8156)  loss_bbox_aux_0: 0.0489 (0.0589)  loss_giou_aux_0: 0.5749 (0.6266)  loss_fgl_aux_0: 1.2423 (1.2122)  loss_ddf_aux_0: 0.0295 (0.0323)  loss_mal_aux_1: 0.7347 (0.7505)  loss_bbox_aux_1: 0.0473 (0.0571)  loss_giou_aux_1: 0.5701 (0.6113)  loss_fgl_aux_1: 1.2465 (1.2107)  loss_ddf_aux_1: 0.0016 (0.0018)  loss_mal_pre: 0.8004 (0.8103)  loss_bbox_pre: 0.0493 (0.0588)  loss_giou_pre: 0.5732 (0.6272)  loss_mal_enc_0: 0.9502 (0.9600)  loss_bbox_enc_0: 0.0513 (0.0605)  loss_giou_enc_0: 0.5862 (0.6573)  loss_mal_dn_0: 0.7244 (0.7299)  loss_bbox_dn_0: 0.0447 (0.0438)  loss_giou_dn_0: 0.5304 (0.5440)  loss_fgl_dn_0: 1.2520 (1.2436)  loss_ddf_dn_0: 0.1852 (0.1960)  loss_mal_dn_1: 0.6649 (0.6671)  loss_bbox_dn_1: 0.0340 (0.0330)  loss_giou_dn_1: 0.4286 (0.4369)  loss_fgl_dn_1: 1.2087 (1.2088)  loss_ddf_dn_1: 0.0035 (0.0036)  loss_mal_dn_2: 0.6597 (0.6625)  loss_bbox_dn_2: 0.0343 (0.0328)  loss_giou_dn_2: 0.4271 (0.4344)  loss_fgl_dn_2: 1.2091 (1.2085)  loss_ddf_dn_2: -0.0000 (0.0000)  loss_mal_dn_pre: 0.7219 (0.7283)  loss_bbox_dn_pre: 0.0446 (0.0440)  loss_giou_dn_pre: 0.5333 (0.5437)  time: 0.5878  data: 0.0117  max mem: 5186
Epoch: [1/12]  [58/59]  eta: 0:00:00  lr: 0.000100  loss: 19.6368 (19.8977)  loss_mal: 0.7400 (0.7473)  loss_bbox: 0.0443 (0.0554)  loss_giou: 0.5425 (0.6008)  loss_fgl: 1.2460 (1.2144)  loss_mal_aux_0: 0.7998 (0.8151)  loss_bbox_aux_0: 0.0459 (0.0573)  loss_giou_aux_0: 0.5511 (0.6178)  loss_fgl_aux_0: 1.2423 (1.2160)  loss_ddf_aux_0: 0.0298 (0.0323)  loss_mal_aux_1: 0.7423 (0.7529)  loss_bbox_aux_1: 0.0446 (0.0555)  loss_giou_aux_1: 0.5416 (0.6023)  loss_fgl_aux_1: 1.2465 (1.2146)  loss_ddf_aux_1: 0.0016 (0.0018)  loss_mal_pre: 0.7954 (0.8096)  loss_bbox_pre: 0.0466 (0.0572)  loss_giou_pre: 0.5502 (0.6187)  loss_mal_enc_0: 0.9485 (0.9588)  loss_bbox_enc_0: 0.0486 (0.0592)  loss_giou_enc_0: 0.5740 (0.6488)  loss_mal_dn_0: 0.7310 (0.7310)  loss_bbox_dn_0: 0.0420 (0.0437)  loss_giou_dn_0: 0.5223 (0.5427)  loss_fgl_dn_0: 1.2472 (1.2433)  loss_ddf_dn_0: 0.1971 (0.1972)  loss_mal_dn_1: 0.6651 (0.6683)  loss_bbox_dn_1: 0.0319 (0.0330)  loss_giou_dn_1: 0.4199 (0.4360)  loss_fgl_dn_1: 1.2076 (1.2083)  loss_ddf_dn_1: 0.0039 (0.0038)  loss_mal_dn_2: 0.6634 (0.6643)  loss_bbox_dn_2: 0.0316 (0.0328)  loss_giou_dn_2: 0.4212 (0.4337)  loss_fgl_dn_2: 1.2084 (1.2078)  loss_ddf_dn_2: -0.0000 (0.0000)  loss_mal_dn_pre: 0.7294 (0.7294)  loss_bbox_dn_pre: 0.0427 (0.0439)  loss_giou_dn_pre: 0.5242 (0.5427)  time: 0.5874  data: 0.0119  max mem: 5186
Epoch: [1/12] Total time: 0:00:33 (0.5742 s / it)
Averaged stats: lr: 0.000100  loss: 19.6368 (19.8977)  loss_mal: 0.7400 (0.7473)  loss_bbox: 0.0443 (0.0554)  loss_giou: 0.5425 (0.6008)  loss_fgl: 1.2460 (1.2144)  loss_mal_aux_0: 0.7998 (0.8151)  loss_bbox_aux_0: 0.0459 (0.0573)  loss_giou_aux_0: 0.5511 (0.6178)  loss_fgl_aux_0: 1.2423 (1.2160)  loss_ddf_aux_0: 0.0298 (0.0323)  loss_mal_aux_1: 0.7423 (0.7529)  loss_bbox_aux_1: 0.0446 (0.0555)  loss_giou_aux_1: 0.5416 (0.6023)  loss_fgl_aux_1: 1.2465 (1.2146)  loss_ddf_aux_1: 0.0016 (0.0018)  loss_mal_pre: 0.7954 (0.8096)  loss_bbox_pre: 0.0466 (0.0572)  loss_giou_pre: 0.5502 (0.6187)  loss_mal_enc_0: 0.9485 (0.9588)  loss_bbox_enc_0: 0.0486 (0.0592)  loss_giou_enc_0: 0.5740 (0.6488)  loss_mal_dn_0: 0.7310 (0.7310)  loss_bbox_dn_0: 0.0420 (0.0437)  loss_giou_dn_0: 0.5223 (0.5427)  loss_fgl_dn_0: 1.2472 (1.2433)  loss_ddf_dn_0: 0.1971 (0.1972)  loss_mal_dn_1: 0.6651 (0.6683)  loss_bbox_dn_1: 0.0319 (0.0330)  loss_giou_dn_1: 0.4199 (0.4360)  loss_fgl_dn_1: 1.2076 (1.2083)  loss_ddf_dn_1: 0.0039 (0.0038)  loss_mal_dn_2: 0.6634 (0.6643)  loss_bbox_dn_2: 0.0316 (0.0328)  loss_giou_dn_2: 0.4212 (0.4337)  loss_fgl_dn_2: 1.2084 (1.2078)  loss_ddf_dn_2: -0.0000 (0.0000)  loss_mal_dn_pre: 0.7294 (0.7294)  loss_bbox_dn_pre: 0.0427 (0.0439)  loss_giou_dn_pre: 0.5242 (0.5427)
Test:  [0/9]  eta: 0:00:02    time: 0.3269  data: 0.2312  max mem: 5186
Test:  [8/9]  eta: 0:00:00    time: 0.1865  data: 0.0379  max mem: 5186
Test: Total time: 0:00:01 (0.1902 s / it)
Metrics: {'f1': 0.9688581314878894, 'precision': 0.9655172413793104, 'recall': 0.9722222222222222, 'iou': 0.6615275228583573, 'TPs': 140, 'FPs': 5, 'FNs': 4}
Averaged stats: 
Accumulating evaluation results...
COCOeval_opt.accumulate() finished...
DONE (t=0.01s).
IoU metric: bbox
 Average Precision  (AP) @[ IoU=0.50:0.95 | area=   all | maxDets=100 ] = 0.362
 Average Precision  (AP) @[ IoU=0.50      | area=   all | maxDets=100 ] = 0.973
 Average Precision  (AP) @[ IoU=0.75      | area=   all | maxDets=100 ] = 0.137
 Average Precision  (AP) @[ IoU=0.50:0.95 | area= small | maxDets=100 ] = 0.362
 Average Precision  (AP) @[ IoU=0.50:0.95 | area=medium | maxDets=100 ] = -1.000
 Average Precision  (AP) @[ IoU=0.50:0.95 | area= large | maxDets=100 ] = -1.000
 Average Recall     (AR) @[ IoU=0.50:0.95 | area=   all | maxDets=  1 ] = 0.217
 Average Recall     (AR) @[ IoU=0.50:0.95 | area=   all | maxDets= 10 ] = 0.472
 Average Recall     (AR) @[ IoU=0.50:0.95 | area=   all | maxDets=100 ] = 0.561
 Average Recall     (AR) @[ IoU=0.50:0.95 | area= small | maxDets=100 ] = 0.561
 Average Recall     (AR) @[ IoU=0.50:0.95 | area=medium | maxDets=100 ] = -1.000
 Average Recall     (AR) @[ IoU=0.50:0.95 | area= large | maxDets=100 ] = -1.000
 Average Recall     (AR) @[ IoU=0.50      | area=   all | maxDets=100 ] = 0.993
 Average Recall     (AR) @[ IoU=0.75      | area=   all | maxDets=100 ] = 0.542
best_stat: {'epoch': 1, 'coco_eval_bbox': 0.36209895798631136}
Epoch: [2/12]  [ 0/59]  eta: 0:00:33  lr: 0.000100  loss: 18.1768 (18.1768)  loss_mal: 0.7115 (0.7115)  loss_bbox: 0.0351 (0.0351)  loss_giou: 0.3804 (0.3804)  loss_fgl: 1.2460 (1.2460)  loss_mal_aux_0: 0.8139 (0.8139)  loss_bbox_aux_0: 0.0371 (0.0371)  loss_giou_aux_0: 0.4093 (0.4093)  loss_fgl_aux_0: 1.2533 (1.2533)  loss_ddf_aux_0: 0.0293 (0.0293)  loss_mal_aux_1: 0.7328 (0.7328)  loss_bbox_aux_1: 0.0351 (0.0351)  loss_giou_aux_1: 0.3820 (0.3820)  loss_fgl_aux_1: 1.2423 (1.2423)  loss_ddf_aux_1: 0.0018 (0.0018)  loss_mal_pre: 0.8114 (0.8114)  loss_bbox_pre: 0.0375 (0.0375)  loss_giou_pre: 0.4106 (0.4106)  loss_mal_enc_0: 0.9558 (0.9558)  loss_bbox_enc_0: 0.0413 (0.0413)  loss_giou_enc_0: 0.4567 (0.4567)  loss_mal_dn_0: 0.7116 (0.7116)  loss_bbox_dn_0: 0.0361 (0.0361)  loss_giou_dn_0: 0.4163 (0.4163)  loss_fgl_dn_0: 1.2470 (1.2470)  loss_ddf_dn_0: 0.1649 (0.1649)  loss_mal_dn_1: 0.6366 (0.6366)  loss_bbox_dn_1: 0.0289 (0.0289)  loss_giou_dn_1: 0.3476 (0.3476)  loss_fgl_dn_1: 1.1986 (1.1986)  loss_ddf_dn_1: 0.0029 (0.0029)  loss_mal_dn_2: 0.6321 (0.6321)  loss_bbox_dn_2: 0.0285 (0.0285)  loss_giou_dn_2: 0.3441 (0.3441)  loss_fgl_dn_2: 1.1957 (1.1957)  loss_ddf_dn_2: -0.0000 (0.0000)  loss_mal_dn_pre: 0.7109 (0.7109)  loss_bbox_dn_pre: 0.0361 (0.0361)  loss_giou_dn_pre: 0.4155 (0.4155)  time: 0.5647  data: 0.2123  max mem: 5186
Epoch: [2/12]  [10/59]  eta: 0:00:28  lr: 0.000100  loss: 19.2968 (19.1985)  loss_mal: 0.7116 (0.7293)  loss_bbox: 0.0398 (0.0446)  loss_giou: 0.4923 (0.5020)  loss_fgl: 1.2521 (1.2457)  loss_mal_aux_0: 0.8120 (0.8173)  loss_bbox_aux_0: 0.0422 (0.0477)  loss_giou_aux_0: 0.5267 (0.5284)  loss_fgl_aux_0: 1.2546 (1.2474)  loss_ddf_aux_0: 0.0302 (0.0305)  loss_mal_aux_1: 0.7257 (0.7402)  loss_bbox_aux_1: 0.0399 (0.0447)  loss_giou_aux_1: 0.4904 (0.5030)  loss_fgl_aux_1: 1.2526 (1.2436)  loss_ddf_aux_1: 0.0015 (0.0015)  loss_mal_pre: 0.8047 (0.8140)  loss_bbox_pre: 0.0417 (0.0469)  loss_giou_pre: 0.5162 (0.5266)  loss_mal_enc_0: 0.9558 (0.9557)  loss_bbox_enc_0: 0.0463 (0.0486)  loss_giou_enc_0: 0.5418 (0.5598)  loss_mal_dn_0: 0.7257 (0.7262)  loss_bbox_dn_0: 0.0390 (0.0399)  loss_giou_dn_0: 0.4990 (0.4954)  loss_fgl_dn_0: 1.2587 (1.2545)  loss_ddf_dn_0: 0.1765 (0.1781)  loss_mal_dn_1: 0.6505 (0.6508)  loss_bbox_dn_1: 0.0297 (0.0306)  loss_giou_dn_1: 0.3858 (0.3958)  loss_fgl_dn_1: 1.2104 (1.2083)  loss_ddf_dn_1: 0.0033 (0.0033)  loss_mal_dn_2: 0.6515 (0.6485)  loss_bbox_dn_2: 0.0295 (0.0303)  loss_giou_dn_2: 0.3840 (0.3927)  loss_fgl_dn_2: 1.2091 (1.2070)  loss_ddf_dn_2: -0.0000 (0.0000)  loss_mal_dn_pre: 0.7244 (0.7252)  loss_bbox_dn_pre: 0.0392 (0.0399)  loss_giou_dn_pre: 0.4982 (0.4944)  time: 0.5901  data: 0.0318  max mem: 5186
Epoch: [2/12]  [20/59]  eta: 0:00:22  lr: 0.000100  loss: 19.2736 (19.3134)  loss_mal: 0.7186 (0.7336)  loss_bbox: 0.0391 (0.0471)  loss_giou: 0.4783 (0.5303)  loss_fgl: 1.2464 (1.2296)  loss_mal_aux_0: 0.8120 (0.8219)  loss_bbox_aux_0: 0.0414 (0.0499)  loss_giou_aux_0: 0.5063 (0.5520)  loss_fgl_aux_0: 1.2544 (1.2328)  loss_ddf_aux_0: 0.0295 (0.0294)  loss_mal_aux_1: 0.7255 (0.7417)  loss_bbox_aux_1: 0.0395 (0.0471)  loss_giou_aux_1: 0.4762 (0.5309)  loss_fgl_aux_1: 1.2466 (1.2286)  loss_ddf_aux_1: 0.0014 (0.0015)  loss_mal_pre: 0.8047 (0.8190)  loss_bbox_pre: 0.0416 (0.0493)  loss_giou_pre: 0.5037 (0.5517)  loss_mal_enc_0: 0.9279 (0.9463)  loss_bbox_enc_0: 0.0439 (0.0512)  loss_giou_enc_0: 0.5382 (0.5864)  loss_mal_dn_0: 0.7257 (0.7257)  loss_bbox_dn_0: 0.0390 (0.0398)  loss_giou_dn_0: 0.4990 (0.5016)  loss_fgl_dn_0: 1.2526 (1.2452)  loss_ddf_dn_0: 0.1774 (0.1796)  loss_mal_dn_1: 0.6505 (0.6527)  loss_bbox_dn_1: 0.0297 (0.0305)  loss_giou_dn_1: 0.3858 (0.4045)  loss_fgl_dn_1: 1.2034 (1.2015)  loss_ddf_dn_1: 0.0034 (0.0035)  loss_mal_dn_2: 0.6515 (0.6497)  loss_bbox_dn_2: 0.0295 (0.0302)  loss_giou_dn_2: 0.3840 (0.4017)  loss_fgl_dn_2: 1.2043 (1.2004)  loss_ddf_dn_2: -0.0000 (0.0000)  loss_mal_dn_pre: 0.7238 (0.7247)  loss_bbox_dn_pre: 0.0392 (0.0400)  loss_giou_dn_pre: 0.4982 (0.5018)  time: 0.5861  data: 0.0138  max mem: 5186
Epoch: [2/12]  [30/59]  eta: 0:00:16  lr: 0.000100  loss: 19.0172 (19.1936)  loss_mal: 0.7199 (0.7264)  loss_bbox: 0.0363 (0.0445)  loss_giou: 0.4609 (0.5100)  loss_fgl: 1.2443 (1.2397)  loss_mal_aux_0: 0.8191 (0.8215)  loss_bbox_aux_0: 0.0379 (0.0467)  loss_giou_aux_0: 0.4684 (0.5277)  loss_fgl_aux_0: 1.2458 (1.2432)  loss_ddf_aux_0: 0.0277 (0.0290)  loss_mal_aux_1: 0.7367 (0.7398)  loss_bbox_aux_1: 0.0361 (0.0445)  loss_giou_aux_1: 0.4635 (0.5105)  loss_fgl_aux_1: 1.2466 (1.2391)  loss_ddf_aux_1: 0.0013 (0.0014)  loss_mal_pre: 0.8133 (0.8181)  loss_bbox_pre: 0.0382 (0.0463)  loss_giou_pre: 0.4701 (0.5280)  loss_mal_enc_0: 0.9407 (0.9538)  loss_bbox_enc_0: 0.0422 (0.0484)  loss_giou_enc_0: 0.4973 (0.5649)  loss_mal_dn_0: 0.7221 (0.7254)  loss_bbox_dn_0: 0.0373 (0.0391)  loss_giou_dn_0: 0.4737 (0.4920)  loss_fgl_dn_0: 1.2448 (1.2501)  loss_ddf_dn_0: 0.1719 (0.1754)  loss_mal_dn_1: 0.6525 (0.6529)  loss_bbox_dn_1: 0.0288 (0.0302)  loss_giou_dn_1: 0.3809 (0.3987)  loss_fgl_dn_1: 1.2005 (1.2070)  loss_ddf_dn_1: 0.0030 (0.0032)  loss_mal_dn_2: 0.6496 (0.6488)  loss_bbox_dn_2: 0.0286 (0.0300)  loss_giou_dn_2: 0.3783 (0.3960)  loss_fgl_dn_2: 1.1994 (1.2060)  loss_ddf_dn_2: -0.0000 (0.0000)  loss_mal_dn_pre: 0.7212 (0.7243)  loss_bbox_dn_pre: 0.0378 (0.0393)  loss_giou_dn_pre: 0.4676 (0.4917)  time: 0.5567  data: 0.0135  max mem: 5186
Epoch: [2/12]  [40/59]  eta: 0:00:10  lr: 0.000100  loss: 19.1427 (19.2360)  loss_mal: 0.7173 (0.7258)  loss_bbox: 0.0433 (0.0446)  loss_giou: 0.4994 (0.5146)  loss_fgl: 1.2469 (1.2413)  loss_mal_aux_0: 0.8137 (0.8138)  loss_bbox_aux_0: 0.0439 (0.0469)  loss_giou_aux_0: 0.5159 (0.5325)  loss_fgl_aux_0: 1.2546 (1.2451)  loss_ddf_aux_0: 0.0280 (0.0289)  loss_mal_aux_1: 0.7367 (0.7383)  loss_bbox_aux_1: 0.0432 (0.0446)  loss_giou_aux_1: 0.4938 (0.5153)  loss_fgl_aux_1: 1.2480 (1.2409)  loss_ddf_aux_1: 0.0013 (0.0014)  loss_mal_pre: 0.8065 (0.8106)  loss_bbox_pre: 0.0446 (0.0465)  loss_giou_pre: 0.5138 (0.5323)  loss_mal_enc_0: 0.9595 (0.9554)  loss_bbox_enc_0: 0.0466 (0.0489)  loss_giou_enc_0: 0.5358 (0.5692)  loss_mal_dn_0: 0.7279 (0.7269)  loss_bbox_dn_0: 0.0405 (0.0397)  loss_giou_dn_0: 0.4776 (0.4962)  loss_fgl_dn_0: 1.2586 (1.2538)  loss_ddf_dn_0: 0.1686 (0.1752)  loss_mal_dn_1: 0.6533 (0.6548)  loss_bbox_dn_1: 0.0310 (0.0305)  loss_giou_dn_1: 0.3903 (0.4009)  loss_fgl_dn_1: 1.2126 (1.2092)  loss_ddf_dn_1: 0.0027 (0.0032)  loss_mal_dn_2: 0.6496 (0.6505)  loss_bbox_dn_2: 0.0307 (0.0303)  loss_giou_dn_2: 0.3878 (0.3987)  loss_fgl_dn_2: 1.2088 (1.2086)  loss_ddf_dn_2: -0.0000 (0.0000)  loss_mal_dn_pre: 0.7251 (0.7254)  loss_bbox_dn_pre: 0.0400 (0.0398)  loss_giou_dn_pre: 0.4777 (0.4958)  time: 0.5606  data: 0.0128  max mem: 5186
Epoch: [2/12]  [50/59]  eta: 0:00:05  lr: 0.000100  loss: 19.1964 (19.2199)  loss_mal: 0.7315 (0.7361)  loss_bbox: 0.0433 (0.0440)  loss_giou: 0.5094 (0.5083)  loss_fgl: 1.2448 (1.2420)  loss_mal_aux_0: 0.8103 (0.8203)  loss_bbox_aux_0: 0.0434 (0.0460)  loss_giou_aux_0: 0.5226 (0.5257)  loss_fgl_aux_0: 1.2546 (1.2459)  loss_ddf_aux_0: 0.0290 (0.0293)  loss_mal_aux_1: 0.7377 (0.7468)  loss_bbox_aux_1: 0.0429 (0.0440)  loss_giou_aux_1: 0.5155 (0.5090)  loss_fgl_aux_1: 1.2462 (1.2416)  loss_ddf_aux_1: 0.0014 (0.0014)  loss_mal_pre: 0.8044 (0.8165)  loss_bbox_pre: 0.0444 (0.0457)  loss_giou_pre: 0.5251 (0.5255)  loss_mal_enc_0: 0.9504 (0.9579)  loss_bbox_enc_0: 0.0475 (0.0480)  loss_giou_enc_0: 0.5205 (0.5593)  loss_mal_dn_0: 0.7279 (0.7274)  loss_bbox_dn_0: 0.0406 (0.0399)  loss_giou_dn_0: 0.5014 (0.4955)  loss_fgl_dn_0: 1.2439 (1.2509)  loss_ddf_dn_0: 0.1708 (0.1746)  loss_mal_dn_1: 0.6533 (0.6545)  loss_bbox_dn_1: 0.0312 (0.0305)  loss_giou_dn_1: 0.3952 (0.4000)  loss_fgl_dn_1: 1.1970 (1.2059)  loss_ddf_dn_1: 0.0027 (0.0031)  loss_mal_dn_2: 0.6486 (0.6500)  loss_bbox_dn_2: 0.0312 (0.0303)  loss_giou_dn_2: 0.3950 (0.3977)  loss_fgl_dn_2: 1.1976 (1.2051)  loss_ddf_dn_2: -0.0000 (0.0000)  loss_mal_dn_pre: 0.7251 (0.7258)  loss_bbox_dn_pre: 0.0400 (0.0400)  loss_giou_dn_pre: 0.5007 (0.4954)  time: 0.5878  data: 0.0126  max mem: 5186
Epoch: [2/12]  [58/59]  eta: 0:00:00  lr: 0.000100  loss: 19.2777 (19.2690)  loss_mal: 0.7300 (0.7353)  loss_bbox: 0.0417 (0.0442)  loss_giou: 0.5094 (0.5122)  loss_fgl: 1.2323 (1.2415)  loss_mal_aux_0: 0.8196 (0.8233)  loss_bbox_aux_0: 0.0421 (0.0460)  loss_giou_aux_0: 0.5171 (0.5292)  loss_fgl_aux_0: 1.2385 (1.2456)  loss_ddf_aux_0: 0.0292 (0.0296)  loss_mal_aux_1: 0.7409 (0.7467)  loss_bbox_aux_1: 0.0418 (0.0443)  loss_giou_aux_1: 0.5155 (0.5129)  loss_fgl_aux_1: 1.2339 (1.2412)  loss_ddf_aux_1: 0.0014 (0.0014)  loss_mal_pre: 0.8155 (0.8196)  loss_bbox_pre: 0.0427 (0.0458)  loss_giou_pre: 0.5196 (0.5286)  loss_mal_enc_0: 0.9471 (0.9592)  loss_bbox_enc_0: 0.0447 (0.0482)  loss_giou_enc_0: 0.5369 (0.5634)  loss_mal_dn_0: 0.7258 (0.7273)  loss_bbox_dn_0: 0.0400 (0.0400)  loss_giou_dn_0: 0.5155 (0.5003)  loss_fgl_dn_0: 1.2415 (1.2509)  loss_ddf_dn_0: 0.1708 (0.1752)  loss_mal_dn_1: 0.6600 (0.6557)  loss_bbox_dn_1: 0.0300 (0.0306)  loss_giou_dn_1: 0.4146 (0.4045)  loss_fgl_dn_1: 1.1886 (1.2068)  loss_ddf_dn_1: 0.0028 (0.0032)  loss_mal_dn_2: 0.6515 (0.6515)  loss_bbox_dn_2: 0.0297 (0.0304)  loss_giou_dn_2: 0.4130 (0.4022)  loss_fgl_dn_2: 1.1878 (1.2062)  loss_ddf_dn_2: -0.0000 (0.0000)  loss_mal_dn_pre: 0.7240 (0.7257)  loss_bbox_dn_pre: 0.0403 (0.0402)  loss_giou_dn_pre: 0.5127 (0.5002)  time: 0.5737  data: 0.0121  max mem: 5186
Epoch: [2/12] Total time: 0:00:33 (0.5753 s / it)
Averaged stats: lr: 0.000100  loss: 19.2777 (19.2690)  loss_mal: 0.7300 (0.7353)  loss_bbox: 0.0417 (0.0442)  loss_giou: 0.5094 (0.5122)  loss_fgl: 1.2323 (1.2415)  loss_mal_aux_0: 0.8196 (0.8233)  loss_bbox_aux_0: 0.0421 (0.0460)  loss_giou_aux_0: 0.5171 (0.5292)  loss_fgl_aux_0: 1.2385 (1.2456)  loss_ddf_aux_0: 0.0292 (0.0296)  loss_mal_aux_1: 0.7409 (0.7467)  loss_bbox_aux_1: 0.0418 (0.0443)  loss_giou_aux_1: 0.5155 (0.5129)  loss_fgl_aux_1: 1.2339 (1.2412)  loss_ddf_aux_1: 0.0014 (0.0014)  loss_mal_pre: 0.8155 (0.8196)  loss_bbox_pre: 0.0427 (0.0458)  loss_giou_pre: 0.5196 (0.5286)  loss_mal_enc_0: 0.9471 (0.9592)  loss_bbox_enc_0: 0.0447 (0.0482)  loss_giou_enc_0: 0.5369 (0.5634)  loss_mal_dn_0: 0.7258 (0.7273)  loss_bbox_dn_0: 0.0400 (0.0400)  loss_giou_dn_0: 0.5155 (0.5003)  loss_fgl_dn_0: 1.2415 (1.2509)  loss_ddf_dn_0: 0.1708 (0.1752)  loss_mal_dn_1: 0.6600 (0.6557)  loss_bbox_dn_1: 0.0300 (0.0306)  loss_giou_dn_1: 0.4146 (0.4045)  loss_fgl_dn_1: 1.1886 (1.2068)  loss_ddf_dn_1: 0.0028 (0.0032)  loss_mal_dn_2: 0.6515 (0.6515)  loss_bbox_dn_2: 0.0297 (0.0304)  loss_giou_dn_2: 0.4130 (0.4022)  loss_fgl_dn_2: 1.1878 (1.2062)  loss_ddf_dn_2: -0.0000 (0.0000)  loss_mal_dn_pre: 0.7240 (0.7257)  loss_bbox_dn_pre: 0.0403 (0.0402)  loss_giou_dn_pre: 0.5127 (0.5002)
Test:  [0/9]  eta: 0:00:03    time: 0.3726  data: 0.2391  max mem: 5186
Test:  [8/9]  eta: 0:00:00    time: 0.1534  data: 0.0380  max mem: 5186
Test: Total time: 0:00:01 (0.1570 s / it)
Metrics: {'f1': 0.8962962962962963, 'precision': 0.9603174603174603, 'recall': 0.8402777777777778, 'iou': 0.5797304223047807, 'TPs': 121, 'FPs': 5, 'FNs': 23}
Averaged stats: 
Accumulating evaluation results...
COCOeval_opt.accumulate() finished...
DONE (t=0.01s).
IoU metric: bbox
 Average Precision  (AP) @[ IoU=0.50:0.95 | area=   all | maxDets=100 ] = 0.355
 Average Precision  (AP) @[ IoU=0.50      | area=   all | maxDets=100 ] = 0.931
 Average Precision  (AP) @[ IoU=0.75      | area=   all | maxDets=100 ] = 0.159
 Average Precision  (AP) @[ IoU=0.50:0.95 | area= small | maxDets=100 ] = 0.355
 Average Precision  (AP) @[ IoU=0.50:0.95 | area=medium | maxDets=100 ] = -1.000
 Average Precision  (AP) @[ IoU=0.50:0.95 | area= large | maxDets=100 ] = -1.000
 Average Recall     (AR) @[ IoU=0.50:0.95 | area=   all | maxDets=  1 ] = 0.210
 Average Recall     (AR) @[ IoU=0.50:0.95 | area=   all | maxDets= 10 ] = 0.478
 Average Recall     (AR) @[ IoU=0.50:0.95 | area=   all | maxDets=100 ] = 0.560
 Average Recall     (AR) @[ IoU=0.50:0.95 | area= small | maxDets=100 ] = 0.560
 Average Recall     (AR) @[ IoU=0.50:0.95 | area=medium | maxDets=100 ] = -1.000
 Average Recall     (AR) @[ IoU=0.50:0.95 | area= large | maxDets=100 ] = -1.000
 Average Recall     (AR) @[ IoU=0.50      | area=   all | maxDets=100 ] = 0.979
 Average Recall     (AR) @[ IoU=0.75      | area=   all | maxDets=100 ] = 0.576
best_stat: {'epoch': 1, 'coco_eval_bbox': 0.36209895798631136}
Epoch: [3/12]  [ 0/59]  eta: 0:00:46  lr: 0.000100  loss: 19.0294 (19.0294)  loss_mal: 0.7245 (0.7245)  loss_bbox: 0.0420 (0.0420)  loss_giou: 0.4828 (0.4828)  loss_fgl: 1.2795 (1.2795)  loss_mal_aux_0: 0.8097 (0.8097)  loss_bbox_aux_0: 0.0424 (0.0424)  loss_giou_aux_0: 0.4943 (0.4943)  loss_fgl_aux_0: 1.2809 (1.2809)  loss_ddf_aux_0: 0.0319 (0.0319)  loss_mal_aux_1: 0.7419 (0.7419)  loss_bbox_aux_1: 0.0416 (0.0416)  loss_giou_aux_1: 0.4751 (0.4751)  loss_fgl_aux_1: 1.2817 (1.2817)  loss_ddf_aux_1: 0.0016 (0.0016)  loss_mal_pre: 0.8008 (0.8008)  loss_bbox_pre: 0.0420 (0.0420)  loss_giou_pre: 0.4879 (0.4879)  loss_mal_enc_0: 0.9525 (0.9525)  loss_bbox_enc_0: 0.0430 (0.0430)  loss_giou_enc_0: 0.5129 (0.5129)  loss_mal_dn_0: 0.7242 (0.7242)  loss_bbox_dn_0: 0.0396 (0.0396)  loss_giou_dn_0: 0.4763 (0.4763)  loss_fgl_dn_0: 1.2712 (1.2712)  loss_ddf_dn_0: 0.1521 (0.1521)  loss_mal_dn_1: 0.6532 (0.6532)  loss_bbox_dn_1: 0.0305 (0.0305)  loss_giou_dn_1: 0.3877 (0.3877)  loss_fgl_dn_1: 1.2059 (1.2059)  loss_ddf_dn_1: 0.0025 (0.0025)  loss_mal_dn_2: 0.6552 (0.6552)  loss_bbox_dn_2: 0.0306 (0.0306)  loss_giou_dn_2: 0.3901 (0.3901)  loss_fgl_dn_2: 1.2067 (1.2067)  loss_ddf_dn_2: -0.0000 (0.0000)  loss_mal_dn_pre: 0.7220 (0.7220)  loss_bbox_dn_pre: 0.0395 (0.0395)  loss_giou_dn_pre: 0.4730 (0.4730)  time: 0.7871  data: 0.2375  max mem: 5186
Epoch: [3/12]  [10/59]  eta: 0:00:30  lr: 0.000100  loss: 19.0294 (19.0821)  loss_mal: 0.7142 (0.7106)  loss_bbox: 0.0406 (0.0455)  loss_giou: 0.4828 (0.5127)  loss_fgl: 1.2419 (1.2338)  loss_mal_aux_0: 0.8097 (0.8044)  loss_bbox_aux_0: 0.0420 (0.0463)  loss_giou_aux_0: 0.4943 (0.5261)  loss_fgl_aux_0: 1.2474 (1.2409)  loss_ddf_aux_0: 0.0284 (0.0278)  loss_mal_aux_1: 0.7333 (0.7255)  loss_bbox_aux_1: 0.0406 (0.0454)  loss_giou_aux_1: 0.4751 (0.5124)  loss_fgl_aux_1: 1.2420 (1.2349)  loss_ddf_aux_1: 0.0014 (0.0013)  loss_mal_pre: 0.8008 (0.7992)  loss_bbox_pre: 0.0420 (0.0462)  loss_giou_pre: 0.4904 (0.5255)  loss_mal_enc_0: 0.9525 (0.9638)  loss_bbox_enc_0: 0.0430 (0.0492)  loss_giou_enc_0: 0.5439 (0.5630)  loss_mal_dn_0: 0.7190 (0.7177)  loss_bbox_dn_0: 0.0396 (0.0396)  loss_giou_dn_0: 0.4763 (0.4859)  loss_fgl_dn_0: 1.2535 (1.2565)  loss_ddf_dn_0: 0.1733 (0.1705)  loss_mal_dn_1: 0.6497 (0.6486)  loss_bbox_dn_1: 0.0303 (0.0303)  loss_giou_dn_1: 0.3877 (0.3943)  loss_fgl_dn_1: 1.2057 (1.2061)  loss_ddf_dn_1: 0.0029 (0.0030)  loss_mal_dn_2: 0.6463 (0.6455)  loss_bbox_dn_2: 0.0300 (0.0302)  loss_giou_dn_2: 0.3864 (0.3925)  loss_fgl_dn_2: 1.2064 (1.2053)  loss_ddf_dn_2: -0.0000 (0.0000)  loss_mal_dn_pre: 0.7190 (0.7170)  loss_bbox_dn_pre: 0.0395 (0.0396)  loss_giou_dn_pre: 0.4730 (0.4850)  time: 0.6241  data: 0.0309  max mem: 5186
Epoch: [3/12]  [20/59]  eta: 0:00:23  lr: 0.000100  loss: 18.7787 (18.9938)  loss_mal: 0.7142 (0.7154)  loss_bbox: 0.0388 (0.0419)  loss_giou: 0.4739 (0.4913)  loss_fgl: 1.2419 (1.2409)  loss_mal_aux_0: 0.8058 (0.8118)  loss_bbox_aux_0: 0.0402 (0.0431)  loss_giou_aux_0: 0.4850 (0.5078)  loss_fgl_aux_0: 1.2504 (1.2483)  loss_ddf_aux_0: 0.0290 (0.0294)  loss_mal_aux_1: 0.7303 (0.7307)  loss_bbox_aux_1: 0.0387 (0.0419)  loss_giou_aux_1: 0.4773 (0.4921)  loss_fgl_aux_1: 1.2420 (1.2412)  loss_ddf_aux_1: 0.0013 (0.0014)  loss_mal_pre: 0.7995 (0.8068)  loss_bbox_pre: 0.0398 (0.0431)  loss_giou_pre: 0.4824 (0.5075)  loss_mal_enc_0: 0.9469 (0.9627)  loss_bbox_enc_0: 0.0431 (0.0464)  loss_giou_enc_0: 0.5273 (0.5481)  loss_mal_dn_0: 0.7202 (0.7213)  loss_bbox_dn_0: 0.0374 (0.0385)  loss_giou_dn_0: 0.4688 (0.4823)  loss_fgl_dn_0: 1.2454 (1.2496)  loss_ddf_dn_0: 0.1770 (0.1799)  loss_mal_dn_1: 0.6465 (0.6484)  loss_bbox_dn_1: 0.0287 (0.0292)  loss_giou_dn_1: 0.3777 (0.3884)  loss_fgl_dn_1: 1.2006 (1.2012)  loss_ddf_dn_1: 0.0032 (0.0032)  loss_mal_dn_2: 0.6430 (0.6443)  loss_bbox_dn_2: 0.0283 (0.0290)  loss_giou_dn_2: 0.3782 (0.3860)  loss_fgl_dn_2: 1.1984 (1.2003)  loss_ddf_dn_2: -0.0000 (0.0000)  loss_mal_dn_pre: 0.7210 (0.7202)  loss_bbox_dn_pre: 0.0372 (0.0385)  loss_giou_dn_pre: 0.4679 (0.4816)  time: 0.5841  data: 0.0110  max mem: 5186
Epoch: [3/12]  [30/59]  eta: 0:00:16  lr: 0.000100  loss: 18.7473 (18.8754)  loss_mal: 0.7037 (0.7124)  loss_bbox: 0.0361 (0.0408)  loss_giou: 0.4641 (0.4785)  loss_fgl: 1.2434 (1.2415)  loss_mal_aux_0: 0.7943 (0.8075)  loss_bbox_aux_0: 0.0368 (0.0421)  loss_giou_aux_0: 0.4604 (0.4947)  loss_fgl_aux_0: 1.2519 (1.2488)  loss_ddf_aux_0: 0.0281 (0.0292)  loss_mal_aux_1: 0.7227 (0.7269)  loss_bbox_aux_1: 0.0362 (0.0409)  loss_giou_aux_1: 0.4608 (0.4793)  loss_fgl_aux_1: 1.2437 (1.2416)  loss_ddf_aux_1: 0.0013 (0.0014)  loss_mal_pre: 0.7889 (0.8032)  loss_bbox_pre: 0.0372 (0.0421)  loss_giou_pre: 0.4631 (0.4944)  loss_mal_enc_0: 0.9567 (0.9656)  loss_bbox_enc_0: 0.0412 (0.0452)  loss_giou_enc_0: 0.5098 (0.5339)  loss_mal_dn_0: 0.7220 (0.7211)  loss_bbox_dn_0: 0.0360 (0.0380)  loss_giou_dn_0: 0.4688 (0.4748)  loss_fgl_dn_0: 1.2506 (1.2506)  loss_ddf_dn_0: 0.1756 (0.1779)  loss_mal_dn_1: 0.6454 (0.6465)  loss_bbox_dn_1: 0.0283 (0.0289)  loss_giou_dn_1: 0.3777 (0.3814)  loss_fgl_dn_1: 1.1988 (1.2010)  loss_ddf_dn_1: 0.0031 (0.0032)  loss_mal_dn_2: 0.6431 (0.6422)  loss_bbox_dn_2: 0.0279 (0.0287)  loss_giou_dn_2: 0.3782 (0.3791)  loss_fgl_dn_2: 1.1984 (1.2001)  loss_ddf_dn_2: -0.0000 (0.0000)  loss_mal_dn_pre: 0.7212 (0.7197)  loss_bbox_dn_pre: 0.0362 (0.0380)  loss_giou_dn_pre: 0.4678 (0.4740)  time: 0.5419  data: 0.0117  max mem: 5186
Epoch: [3/12]  [40/59]  eta: 0:00:10  lr: 0.000100  loss: 18.4927 (18.8162)  loss_mal: 0.7001 (0.7133)  loss_bbox: 0.0375 (0.0404)  loss_giou: 0.4390 (0.4700)  loss_fgl: 1.2434 (1.2439)  loss_mal_aux_0: 0.7997 (0.8110)  loss_bbox_aux_0: 0.0378 (0.0416)  loss_giou_aux_0: 0.4542 (0.4846)  loss_fgl_aux_0: 1.2527 (1.2518)  loss_ddf_aux_0: 0.0275 (0.0290)  loss_mal_aux_1: 0.7110 (0.7282)  loss_bbox_aux_1: 0.0371 (0.0404)  loss_giou_aux_1: 0.4390 (0.4703)  loss_fgl_aux_1: 1.2437 (1.2444)  loss_ddf_aux_1: 0.0013 (0.0014)  loss_mal_pre: 0.8005 (0.8063)  loss_bbox_pre: 0.0373 (0.0416)  loss_giou_pre: 0.4512 (0.4839)  loss_mal_enc_0: 0.9663 (0.9657)  loss_bbox_enc_0: 0.0401 (0.0445)  loss_giou_enc_0: 0.4892 (0.5234)  loss_mal_dn_0: 0.7188 (0.7197)  loss_bbox_dn_0: 0.0360 (0.0378)  loss_giou_dn_0: 0.4510 (0.4683)  loss_fgl_dn_0: 1.2554 (1.2520)  loss_ddf_dn_0: 0.1706 (0.1754)  loss_mal_dn_1: 0.6379 (0.6451)  loss_bbox_dn_1: 0.0279 (0.0290)  loss_giou_dn_1: 0.3600 (0.3777)  loss_fgl_dn_1: 1.2017 (1.2021)  loss_ddf_dn_1: 0.0029 (0.0031)  loss_mal_dn_2: 0.6329 (0.6410)  loss_bbox_dn_2: 0.0277 (0.0288)  loss_giou_dn_2: 0.3595 (0.3756)  loss_fgl_dn_2: 1.2029 (1.2011)  loss_ddf_dn_2: -0.0000 (0.0000)  loss_mal_dn_pre: 0.7174 (0.7182)  loss_bbox_dn_pre: 0.0362 (0.0379)  loss_giou_dn_pre: 0.4501 (0.4676)  time: 0.5571  data: 0.0120  max mem: 5186
Epoch: [3/12]  [50/59]  eta: 0:00:05  lr: 0.000100  loss: 18.6934 (18.8763)  loss_mal: 0.7050 (0.7138)  loss_bbox: 0.0378 (0.0405)  loss_giou: 0.4637 (0.4756)  loss_fgl: 1.2470 (1.2463)  loss_mal_aux_0: 0.8104 (0.8095)  loss_bbox_aux_0: 0.0400 (0.0418)  loss_giou_aux_0: 0.4634 (0.4904)  loss_fgl_aux_0: 1.2567 (1.2535)  loss_ddf_aux_0: 0.0276 (0.0286)  loss_mal_aux_1: 0.7183 (0.7299)  loss_bbox_aux_1: 0.0377 (0.0405)  loss_giou_aux_1: 0.4613 (0.4758)  loss_fgl_aux_1: 1.2489 (1.2467)  loss_ddf_aux_1: 0.0013 (0.0014)  loss_mal_pre: 0.8064 (0.8049)  loss_bbox_pre: 0.0401 (0.0418)  loss_giou_pre: 0.4607 (0.4899)  loss_mal_enc_0: 0.9542 (0.9614)  loss_bbox_enc_0: 0.0428 (0.0445)  loss_giou_enc_0: 0.4952 (0.5280)  loss_mal_dn_0: 0.7174 (0.7212)  loss_bbox_dn_0: 0.0370 (0.0382)  loss_giou_dn_0: 0.4658 (0.4734)  loss_fgl_dn_0: 1.2476 (1.2525)  loss_ddf_dn_0: 0.1796 (0.1776)  loss_mal_dn_1: 0.6451 (0.6468)  loss_bbox_dn_1: 0.0289 (0.0293)  loss_giou_dn_1: 0.3760 (0.3825)  loss_fgl_dn_1: 1.2031 (1.2025)  loss_ddf_dn_1: 0.0030 (0.0031)  loss_mal_dn_2: 0.6372 (0.6427)  loss_bbox_dn_2: 0.0286 (0.0291)  loss_giou_dn_2: 0.3699 (0.3805)  loss_fgl_dn_2: 1.2040 (1.2018)  loss_ddf_dn_2: -0.0000 (0.0000)  loss_mal_dn_pre: 0.7162 (0.7195)  loss_bbox_dn_pre: 0.0371 (0.0382)  loss_giou_dn_pre: 0.4629 (0.4727)  time: 0.5906  data: 0.0128  max mem: 5186
Epoch: [3/12]  [58/59]  eta: 0:00:00  lr: 0.000100  loss: 18.8902 (18.8925)  loss_mal: 0.7086 (0.7155)  loss_bbox: 0.0383 (0.0405)  loss_giou: 0.4796 (0.4770)  loss_fgl: 1.2499 (1.2442)  loss_mal_aux_0: 0.8009 (0.8119)  loss_bbox_aux_0: 0.0398 (0.0418)  loss_giou_aux_0: 0.5002 (0.4915)  loss_fgl_aux_0: 1.2566 (1.2516)  loss_ddf_aux_0: 0.0280 (0.0286)  loss_mal_aux_1: 0.7238 (0.7327)  loss_bbox_aux_1: 0.0378 (0.0405)  loss_giou_aux_1: 0.4851 (0.4772)  loss_fgl_aux_1: 1.2489 (1.2446)  loss_ddf_aux_1: 0.0012 (0.0013)  loss_mal_pre: 0.7999 (0.8073)  loss_bbox_pre: 0.0398 (0.0417)  loss_giou_pre: 0.5008 (0.4912)  loss_mal_enc_0: 0.9400 (0.9622)  loss_bbox_enc_0: 0.0428 (0.0444)  loss_giou_enc_0: 0.5206 (0.5297)  loss_mal_dn_0: 0.7198 (0.7210)  loss_bbox_dn_0: 0.0374 (0.0380)  loss_giou_dn_0: 0.4889 (0.4743)  loss_fgl_dn_0: 1.2428 (1.2519)  loss_ddf_dn_0: 0.1877 (0.1811)  loss_mal_dn_1: 0.6460 (0.6469)  loss_bbox_dn_1: 0.0289 (0.0292)  loss_giou_dn_1: 0.3819 (0.3837)  loss_fgl_dn_1: 1.1953 (1.2024)  loss_ddf_dn_1: 0.0030 (0.0031)  loss_mal_dn_2: 0.6410 (0.6427)  loss_bbox_dn_2: 0.0287 (0.0290)  loss_giou_dn_2: 0.3819 (0.3814)  loss_fgl_dn_2: 1.1941 (1.2016)  loss_ddf_dn_2: -0.0000 (0.0000)  loss_mal_dn_pre: 0.7181 (0.7193)  loss_bbox_dn_pre: 0.0376 (0.0380)  loss_giou_dn_pre: 0.4892 (0.4737)  time: 0.5761  data: 0.0129  max mem: 5186
Epoch: [3/12] Total time: 0:00:34 (0.5763 s / it)
Averaged stats: lr: 0.000100  loss: 18.8902 (18.8925)  loss_mal: 0.7086 (0.7155)  loss_bbox: 0.0383 (0.0405)  loss_giou: 0.4796 (0.4770)  loss_fgl: 1.2499 (1.2442)  loss_mal_aux_0: 0.8009 (0.8119)  loss_bbox_aux_0: 0.0398 (0.0418)  loss_giou_aux_0: 0.5002 (0.4915)  loss_fgl_aux_0: 1.2566 (1.2516)  loss_ddf_aux_0: 0.0280 (0.0286)  loss_mal_aux_1: 0.7238 (0.7327)  loss_bbox_aux_1: 0.0378 (0.0405)  loss_giou_aux_1: 0.4851 (0.4772)  loss_fgl_aux_1: 1.2489 (1.2446)  loss_ddf_aux_1: 0.0012 (0.0013)  loss_mal_pre: 0.7999 (0.8073)  loss_bbox_pre: 0.0398 (0.0417)  loss_giou_pre: 0.5008 (0.4912)  loss_mal_enc_0: 0.9400 (0.9622)  loss_bbox_enc_0: 0.0428 (0.0444)  loss_giou_enc_0: 0.5206 (0.5297)  loss_mal_dn_0: 0.7198 (0.7210)  loss_bbox_dn_0: 0.0374 (0.0380)  loss_giou_dn_0: 0.4889 (0.4743)  loss_fgl_dn_0: 1.2428 (1.2519)  loss_ddf_dn_0: 0.1877 (0.1811)  loss_mal_dn_1: 0.6460 (0.6469)  loss_bbox_dn_1: 0.0289 (0.0292)  loss_giou_dn_1: 0.3819 (0.3837)  loss_fgl_dn_1: 1.1953 (1.2024)  loss_ddf_dn_1: 0.0030 (0.0031)  loss_mal_dn_2: 0.6410 (0.6427)  loss_bbox_dn_2: 0.0287 (0.0290)  loss_giou_dn_2: 0.3819 (0.3814)  loss_fgl_dn_2: 1.1941 (1.2016)  loss_ddf_dn_2: -0.0000 (0.0000)  loss_mal_dn_pre: 0.7181 (0.7193)  loss_bbox_dn_pre: 0.0376 (0.0380)  loss_giou_dn_pre: 0.4892 (0.4737)
Test:  [0/9]  eta: 0:00:04    time: 0.4763  data: 0.2461  max mem: 5186
Test:  [8/9]  eta: 0:00:00    time: 0.1907  data: 0.0372  max mem: 5186
Test: Total time: 0:00:01 (0.1939 s / it)
Metrics: {'f1': 0.9252669039145908, 'precision': 0.948905109489051, 'recall': 0.9027777777777778, 'iou': 0.6134383157389054, 'TPs': 130, 'FPs': 7, 'FNs': 14}
Averaged stats: 
Accumulating evaluation results...
COCOeval_opt.accumulate() finished...
DONE (t=0.01s).
IoU metric: bbox
 Average Precision  (AP) @[ IoU=0.50:0.95 | area=   all | maxDets=100 ] = 0.364
 Average Precision  (AP) @[ IoU=0.50      | area=   all | maxDets=100 ] = 0.959
 Average Precision  (AP) @[ IoU=0.75      | area=   all | maxDets=100 ] = 0.152
 Average Precision  (AP) @[ IoU=0.50:0.95 | area= small | maxDets=100 ] = 0.365
 Average Precision  (AP) @[ IoU=0.50:0.95 | area=medium | maxDets=100 ] = -1.000
 Average Precision  (AP) @[ IoU=0.50:0.95 | area= large | maxDets=100 ] = -1.000
 Average Recall     (AR) @[ IoU=0.50:0.95 | area=   all | maxDets=  1 ] = 0.216
 Average Recall     (AR) @[ IoU=0.50:0.95 | area=   all | maxDets= 10 ] = 0.489
 Average Recall     (AR) @[ IoU=0.50:0.95 | area=   all | maxDets=100 ] = 0.560
 Average Recall     (AR) @[ IoU=0.50:0.95 | area= small | maxDets=100 ] = 0.560
 Average Recall     (AR) @[ IoU=0.50:0.95 | area=medium | maxDets=100 ] = -1.000
 Average Recall     (AR) @[ IoU=0.50:0.95 | area= large | maxDets=100 ] = -1.000
 Average Recall     (AR) @[ IoU=0.50      | area=   all | maxDets=100 ] = 0.986
 Average Recall     (AR) @[ IoU=0.75      | area=   all | maxDets=100 ] = 0.549
best_stat: {'epoch': 3, 'coco_eval_bbox': 0.3644497161181611}
Epoch: [4/12]  [ 0/59]  eta: 0:00:51  lr: 0.000100  loss: 19.4433 (19.4433)  loss_mal: 0.7800 (0.7800)  loss_bbox: 0.0423 (0.0423)  loss_giou: 0.5174 (0.5174)  loss_fgl: 1.2462 (1.2462)  loss_mal_aux_0: 0.8103 (0.8103)  loss_bbox_aux_0: 0.0431 (0.0431)  loss_giou_aux_0: 0.5334 (0.5334)  loss_fgl_aux_0: 1.2527 (1.2527)  loss_ddf_aux_0: 0.0250 (0.0250)  loss_mal_aux_1: 0.7739 (0.7739)  loss_bbox_aux_1: 0.0425 (0.0425)  loss_giou_aux_1: 0.5183 (0.5183)  loss_fgl_aux_1: 1.2514 (1.2514)  loss_ddf_aux_1: 0.0014 (0.0014)  loss_mal_pre: 0.8060 (0.8060)  loss_bbox_pre: 0.0435 (0.0435)  loss_giou_pre: 0.5349 (0.5349)  loss_mal_enc_0: 0.8853 (0.8853)  loss_bbox_enc_0: 0.0449 (0.0449)  loss_giou_enc_0: 0.5425 (0.5425)  loss_mal_dn_0: 0.7350 (0.7350)  loss_bbox_dn_0: 0.0413 (0.0413)  loss_giou_dn_0: 0.5373 (0.5373)  loss_fgl_dn_0: 1.2649 (1.2649)  loss_ddf_dn_0: 0.1892 (0.1892)  loss_mal_dn_1: 0.6644 (0.6644)  loss_bbox_dn_1: 0.0312 (0.0312)  loss_giou_dn_1: 0.4262 (0.4262)  loss_fgl_dn_1: 1.2158 (1.2158)  loss_ddf_dn_1: 0.0030 (0.0030)  loss_mal_dn_2: 0.6617 (0.6617)  loss_bbox_dn_2: 0.0311 (0.0311)  loss_giou_dn_2: 0.4234 (0.4234)  loss_fgl_dn_2: 1.2142 (1.2142)  loss_ddf_dn_2: -0.0000 (0.0000)  loss_mal_dn_pre: 0.7308 (0.7308)  loss_bbox_dn_pre: 0.0417 (0.0417)  loss_giou_dn_pre: 0.5371 (0.5371)  time: 0.8737  data: 0.2364  max mem: 5186
Epoch: [4/12]  [10/59]  eta: 0:00:29  lr: 0.000100  loss: 18.9285 (18.8382)  loss_mal: 0.7394 (0.7251)  loss_bbox: 0.0391 (0.0371)  loss_giou: 0.4833 (0.4676)  loss_fgl: 1.2525 (1.2536)  loss_mal_aux_0: 0.8103 (0.8035)  loss_bbox_aux_0: 0.0403 (0.0381)  loss_giou_aux_0: 0.4891 (0.4833)  loss_fgl_aux_0: 1.2608 (1.2604)  loss_ddf_aux_0: 0.0297 (0.0291)  loss_mal_aux_1: 0.7283 (0.7291)  loss_bbox_aux_1: 0.0393 (0.0371)  loss_giou_aux_1: 0.4823 (0.4663)  loss_fgl_aux_1: 1.2555 (1.2547)  loss_ddf_aux_1: 0.0013 (0.0014)  loss_mal_pre: 0.8021 (0.7963)  loss_bbox_pre: 0.0400 (0.0380)  loss_giou_pre: 0.4886 (0.4822)  loss_mal_enc_0: 0.9171 (0.9168)  loss_bbox_enc_0: 0.0422 (0.0399)  loss_giou_enc_0: 0.5187 (0.5089)  loss_mal_dn_0: 0.7203 (0.7205)  loss_bbox_dn_0: 0.0389 (0.0376)  loss_giou_dn_0: 0.4694 (0.4823)  loss_fgl_dn_0: 1.2554 (1.2558)  loss_ddf_dn_0: 0.1886 (0.1936)  loss_mal_dn_1: 0.6556 (0.6492)  loss_bbox_dn_1: 0.0297 (0.0290)  loss_giou_dn_1: 0.3848 (0.3900)  loss_fgl_dn_1: 1.2064 (1.2027)  loss_ddf_dn_1: 0.0031 (0.0034)  loss_mal_dn_2: 0.6555 (0.6468)  loss_bbox_dn_2: 0.0295 (0.0289)  loss_giou_dn_2: 0.3874 (0.3886)  loss_fgl_dn_2: 1.2029 (1.2021)  loss_ddf_dn_2: -0.0000 (0.0000)  loss_mal_dn_pre: 0.7186 (0.7187)  loss_bbox_dn_pre: 0.0388 (0.0378)  loss_giou_dn_pre: 0.4720 (0.4829)  time: 0.6062  data: 0.0319  max mem: 5186
Epoch: [4/12]  [20/59]  eta: 0:00:23  lr: 0.000100  loss: 18.3827 (18.6618)  loss_mal: 0.6946 (0.7093)  loss_bbox: 0.0388 (0.0377)  loss_giou: 0.4431 (0.4549)  loss_fgl: 1.2522 (1.2506)  loss_mal_aux_0: 0.7820 (0.7936)  loss_bbox_aux_0: 0.0403 (0.0389)  loss_giou_aux_0: 0.4632 (0.4720)  loss_fgl_aux_0: 1.2608 (1.2591)  loss_ddf_aux_0: 0.0295 (0.0291)  loss_mal_aux_1: 0.6952 (0.7179)  loss_bbox_aux_1: 0.0388 (0.0378)  loss_giou_aux_1: 0.4493 (0.4544)  loss_fgl_aux_1: 1.2529 (1.2516)  loss_ddf_aux_1: 0.0012 (0.0013)  loss_mal_pre: 0.7745 (0.7888)  loss_bbox_pre: 0.0400 (0.0390)  loss_giou_pre: 0.4652 (0.4723)  loss_mal_enc_0: 0.9192 (0.9275)  loss_bbox_enc_0: 0.0422 (0.0415)  loss_giou_enc_0: 0.4977 (0.5035)  loss_mal_dn_0: 0.7142 (0.7166)  loss_bbox_dn_0: 0.0384 (0.0379)  loss_giou_dn_0: 0.4557 (0.4680)  loss_fgl_dn_0: 1.2515 (1.2516)  loss_ddf_dn_0: 0.1886 (0.2003)  loss_mal_dn_1: 0.6335 (0.6425)  loss_bbox_dn_1: 0.0293 (0.0288)  loss_giou_dn_1: 0.3568 (0.3753)  loss_fgl_dn_1: 1.1943 (1.1968)  loss_ddf_dn_1: 0.0031 (0.0032)  loss_mal_dn_2: 0.6310 (0.6398)  loss_bbox_dn_2: 0.0291 (0.0287)  loss_giou_dn_2: 0.3565 (0.3735)  loss_fgl_dn_2: 1.1939 (1.1958)  loss_ddf_dn_2: -0.0000 (0.0000)  loss_mal_dn_pre: 0.7129 (0.7155)  loss_bbox_dn_pre: 0.0382 (0.0381)  loss_giou_dn_pre: 0.4574 (0.4686)  time: 0.5886  data: 0.0119  max mem: 5186
Epoch: [4/12]  [30/59]  eta: 0:00:16  lr: 0.000100  loss: 18.3827 (18.5739)  loss_mal: 0.6809 (0.7006)  loss_bbox: 0.0363 (0.0374)  loss_giou: 0.4369 (0.4529)  loss_fgl: 1.2429 (1.2447)  loss_mal_aux_0: 0.7794 (0.7909)  loss_bbox_aux_0: 0.0375 (0.0387)  loss_giou_aux_0: 0.4632 (0.4696)  loss_fgl_aux_0: 1.2557 (1.2544)  loss_ddf_aux_0: 0.0295 (0.0292)  loss_mal_aux_1: 0.6900 (0.7087)  loss_bbox_aux_1: 0.0366 (0.0375)  loss_giou_aux_1: 0.4406 (0.4531)  loss_fgl_aux_1: 1.2433 (1.2453)  loss_ddf_aux_1: 0.0012 (0.0013)  loss_mal_pre: 0.7773 (0.7861)  loss_bbox_pre: 0.0377 (0.0387)  loss_giou_pre: 0.4686 (0.4699)  loss_mal_enc_0: 0.9204 (0.9264)  loss_bbox_enc_0: 0.0410 (0.0413)  loss_giou_enc_0: 0.4977 (0.5024)  loss_mal_dn_0: 0.7099 (0.7147)  loss_bbox_dn_0: 0.0368 (0.0374)  loss_giou_dn_0: 0.4473 (0.4642)  loss_fgl_dn_0: 1.2389 (1.2491)  loss_ddf_dn_0: 0.1936 (0.1985)  loss_mal_dn_1: 0.6290 (0.6400)  loss_bbox_dn_1: 0.0268 (0.0284)  loss_giou_dn_1: 0.3559 (0.3717)  loss_fgl_dn_1: 1.1806 (1.1943)  loss_ddf_dn_1: 0.0030 (0.0032)  loss_mal_dn_2: 0.6279 (0.6362)  loss_bbox_dn_2: 0.0265 (0.0283)  loss_giou_dn_2: 0.3510 (0.3699)  loss_fgl_dn_2: 1.1793 (1.1934)  loss_ddf_dn_2: -0.0000 (0.0000)  loss_mal_dn_pre: 0.7103 (0.7137)  loss_bbox_dn_pre: 0.0366 (0.0376)  loss_giou_dn_pre: 0.4482 (0.4644)  time: 0.5664  data: 0.0122  max mem: 5186
Epoch: [4/12]  [40/59]  eta: 0:00:11  lr: 0.000100  loss: 18.4058 (18.5134)  loss_mal: 0.6809 (0.6989)  loss_bbox: 0.0348 (0.0369)  loss_giou: 0.4333 (0.4477)  loss_fgl: 1.2388 (1.2403)  loss_mal_aux_0: 0.7825 (0.7932)  loss_bbox_aux_0: 0.0359 (0.0383)  loss_giou_aux_0: 0.4559 (0.4645)  loss_fgl_aux_0: 1.2502 (1.2514)  loss_ddf_aux_0: 0.0297 (0.0293)  loss_mal_aux_1: 0.6914 (0.7075)  loss_bbox_aux_1: 0.0347 (0.0369)  loss_giou_aux_1: 0.4391 (0.4482)  loss_fgl_aux_1: 1.2391 (1.2406)  loss_ddf_aux_1: 0.0014 (0.0013)  loss_mal_pre: 0.7790 (0.7886)  loss_bbox_pre: 0.0363 (0.0384)  loss_giou_pre: 0.4574 (0.4651)  loss_mal_enc_0: 0.9230 (0.9340)  loss_bbox_enc_0: 0.0390 (0.0410)  loss_giou_enc_0: 0.4894 (0.4995)  loss_mal_dn_0: 0.7088 (0.7126)  loss_bbox_dn_0: 0.0342 (0.0365)  loss_giou_dn_0: 0.4470 (0.4596)  loss_fgl_dn_0: 1.2448 (1.2483)  loss_ddf_dn_0: 0.1887 (0.1938)  loss_mal_dn_1: 0.6314 (0.6375)  loss_bbox_dn_1: 0.0264 (0.0279)  loss_giou_dn_1: 0.3648 (0.3694)  loss_fgl_dn_1: 1.1878 (1.1938)  loss_ddf_dn_1: 0.0029 (0.0032)  loss_mal_dn_2: 0.6266 (0.6332)  loss_bbox_dn_2: 0.0262 (0.0277)  loss_giou_dn_2: 0.3638 (0.3674)  loss_fgl_dn_2: 1.1879 (1.1928)  loss_ddf_dn_2: -0.0000 (0.0000)  loss_mal_dn_pre: 0.7079 (0.7116)  loss_bbox_dn_pre: 0.0342 (0.0366)  loss_giou_dn_pre: 0.4482 (0.4597)  time: 0.5713  data: 0.0125  max mem: 5186
Epoch: [4/12]  [50/59]  eta: 0:00:05  lr: 0.000100  loss: 18.3530 (18.5002)  loss_mal: 0.6936 (0.6997)  loss_bbox: 0.0360 (0.0370)  loss_giou: 0.4175 (0.4462)  loss_fgl: 1.2404 (1.2415)  loss_mal_aux_0: 0.7825 (0.7926)  loss_bbox_aux_0: 0.0361 (0.0383)  loss_giou_aux_0: 0.4391 (0.4621)  loss_fgl_aux_0: 1.2566 (1.2523)  loss_ddf_aux_0: 0.0283 (0.0288)  loss_mal_aux_1: 0.7030 (0.7085)  loss_bbox_aux_1: 0.0362 (0.0370)  loss_giou_aux_1: 0.4242 (0.4470)  loss_fgl_aux_1: 1.2407 (1.2418)  loss_ddf_aux_1: 0.0011 (0.0013)  loss_mal_pre: 0.7784 (0.7881)  loss_bbox_pre: 0.0366 (0.0384)  loss_giou_pre: 0.4373 (0.4623)  loss_mal_enc_0: 0.9488 (0.9390)  loss_bbox_enc_0: 0.0387 (0.0410)  loss_giou_enc_0: 0.4743 (0.4960)  loss_mal_dn_0: 0.7066 (0.7128)  loss_bbox_dn_0: 0.0342 (0.0365)  loss_giou_dn_0: 0.4463 (0.4570)  loss_fgl_dn_0: 1.2478 (1.2486)  loss_ddf_dn_0: 0.1835 (0.1919)  loss_mal_dn_1: 0.6345 (0.6376)  loss_bbox_dn_1: 0.0271 (0.0279)  loss_giou_dn_1: 0.3613 (0.3675)  loss_fgl_dn_1: 1.1932 (1.1939)  loss_ddf_dn_1: 0.0028 (0.0031)  loss_mal_dn_2: 0.6266 (0.6331)  loss_bbox_dn_2: 0.0268 (0.0278)  loss_giou_dn_2: 0.3601 (0.3654)  loss_fgl_dn_2: 1.1932 (1.1930)  loss_ddf_dn_2: -0.0000 (0.0000)  loss_mal_dn_pre: 0.7043 (0.7116)  loss_bbox_dn_pre: 0.0342 (0.0366)  loss_giou_dn_pre: 0.4444 (0.4568)  time: 0.5802  data: 0.0121  max mem: 5186
Epoch: [4/12]  [58/59]  eta: 0:00:00  lr: 0.000100  loss: 18.3530 (18.4724)  loss_mal: 0.6974 (0.6996)  loss_bbox: 0.0365 (0.0367)  loss_giou: 0.4240 (0.4423)  loss_fgl: 1.2404 (1.2412)  loss_mal_aux_0: 0.7856 (0.7952)  loss_bbox_aux_0: 0.0374 (0.0380)  loss_giou_aux_0: 0.4368 (0.4572)  loss_fgl_aux_0: 1.2559 (1.2520)  loss_ddf_aux_0: 0.0263 (0.0285)  loss_mal_aux_1: 0.7166 (0.7103)  loss_bbox_aux_1: 0.0362 (0.0367)  loss_giou_aux_1: 0.4291 (0.4430)  loss_fgl_aux_1: 1.2411 (1.2414)  loss_ddf_aux_1: 0.0011 (0.0013)  loss_mal_pre: 0.7784 (0.7909)  loss_bbox_pre: 0.0371 (0.0380)  loss_giou_pre: 0.4363 (0.4574)  loss_mal_enc_0: 0.9472 (0.9399)  loss_bbox_enc_0: 0.0388 (0.0407)  loss_giou_enc_0: 0.4649 (0.4920)  loss_mal_dn_0: 0.7066 (0.7120)  loss_bbox_dn_0: 0.0364 (0.0363)  loss_giou_dn_0: 0.4271 (0.4536)  loss_fgl_dn_0: 1.2478 (1.2485)  loss_ddf_dn_0: 0.1934 (0.1929)  loss_mal_dn_1: 0.6347 (0.6372)  loss_bbox_dn_1: 0.0279 (0.0278)  loss_giou_dn_1: 0.3576 (0.3666)  loss_fgl_dn_1: 1.1938 (1.1939)  loss_ddf_dn_1: 0.0030 (0.0031)  loss_mal_dn_2: 0.6308 (0.6326)  loss_bbox_dn_2: 0.0278 (0.0277)  loss_giou_dn_2: 0.3576 (0.3644)  loss_fgl_dn_2: 1.1953 (1.1930)  loss_ddf_dn_2: -0.0000 (0.0000)  loss_mal_dn_pre: 0.7043 (0.7108)  loss_bbox_dn_pre: 0.0364 (0.0364)  loss_giou_dn_pre: 0.4265 (0.4534)  time: 0.5619  data: 0.0119  max mem: 5186
Epoch: [4/12] Total time: 0:00:34 (0.5779 s / it)
Averaged stats: lr: 0.000100  loss: 18.3530 (18.4724)  loss_mal: 0.6974 (0.6996)  loss_bbox: 0.0365 (0.0367)  loss_giou: 0.4240 (0.4423)  loss_fgl: 1.2404 (1.2412)  loss_mal_aux_0: 0.7856 (0.7952)  loss_bbox_aux_0: 0.0374 (0.0380)  loss_giou_aux_0: 0.4368 (0.4572)  loss_fgl_aux_0: 1.2559 (1.2520)  loss_ddf_aux_0: 0.0263 (0.0285)  loss_mal_aux_1: 0.7166 (0.7103)  loss_bbox_aux_1: 0.0362 (0.0367)  loss_giou_aux_1: 0.4291 (0.4430)  loss_fgl_aux_1: 1.2411 (1.2414)  loss_ddf_aux_1: 0.0011 (0.0013)  loss_mal_pre: 0.7784 (0.7909)  loss_bbox_pre: 0.0371 (0.0380)  loss_giou_pre: 0.4363 (0.4574)  loss_mal_enc_0: 0.9472 (0.9399)  loss_bbox_enc_0: 0.0388 (0.0407)  loss_giou_enc_0: 0.4649 (0.4920)  loss_mal_dn_0: 0.7066 (0.7120)  loss_bbox_dn_0: 0.0364 (0.0363)  loss_giou_dn_0: 0.4271 (0.4536)  loss_fgl_dn_0: 1.2478 (1.2485)  loss_ddf_dn_0: 0.1934 (0.1929)  loss_mal_dn_1: 0.6347 (0.6372)  loss_bbox_dn_1: 0.0279 (0.0278)  loss_giou_dn_1: 0.3576 (0.3666)  loss_fgl_dn_1: 1.1938 (1.1939)  loss_ddf_dn_1: 0.0030 (0.0031)  loss_mal_dn_2: 0.6308 (0.6326)  loss_bbox_dn_2: 0.0278 (0.0277)  loss_giou_dn_2: 0.3576 (0.3644)  loss_fgl_dn_2: 1.1953 (1.1930)  loss_ddf_dn_2: -0.0000 (0.0000)  loss_mal_dn_pre: 0.7043 (0.7108)  loss_bbox_dn_pre: 0.0364 (0.0364)  loss_giou_dn_pre: 0.4265 (0.4534)
Test:  [0/9]  eta: 0:00:03    time: 0.3994  data: 0.2296  max mem: 5186
Test:  [8/9]  eta: 0:00:00    time: 0.1640  data: 0.0373  max mem: 5186
Test: Total time: 0:00:01 (0.1692 s / it)
Metrics: {'f1': 0.965034965034965, 'precision': 0.971830985915493, 'recall': 0.9583333333333334, 'iou': 0.6657533512727635, 'TPs': 138, 'FPs': 4, 'FNs': 6}
Averaged stats: 
Accumulating evaluation results...
COCOeval_opt.accumulate() finished...
DONE (t=0.01s).
IoU metric: bbox
 Average Precision  (AP) @[ IoU=0.50:0.95 | area=   all | maxDets=100 ] = 0.386
 Average Precision  (AP) @[ IoU=0.50      | area=   all | maxDets=100 ] = 0.979
 Average Precision  (AP) @[ IoU=0.75      | area=   all | maxDets=100 ] = 0.156
 Average Precision  (AP) @[ IoU=0.50:0.95 | area= small | maxDets=100 ] = 0.386
 Average Precision  (AP) @[ IoU=0.50:0.95 | area=medium | maxDets=100 ] = -1.000
 Average Precision  (AP) @[ IoU=0.50:0.95 | area= large | maxDets=100 ] = -1.000
 Average Recall     (AR) @[ IoU=0.50:0.95 | area=   all | maxDets=  1 ] = 0.218
 Average Recall     (AR) @[ IoU=0.50:0.95 | area=   all | maxDets= 10 ] = 0.493
 Average Recall     (AR) @[ IoU=0.50:0.95 | area=   all | maxDets=100 ] = 0.562
 Average Recall     (AR) @[ IoU=0.50:0.95 | area= small | maxDets=100 ] = 0.562
 Average Recall     (AR) @[ IoU=0.50:0.95 | area=medium | maxDets=100 ] = -1.000
 Average Recall     (AR) @[ IoU=0.50:0.95 | area= large | maxDets=100 ] = -1.000
 Average Recall     (AR) @[ IoU=0.50      | area=   all | maxDets=100 ] = 1.000
 Average Recall     (AR) @[ IoU=0.75      | area=   all | maxDets=100 ] = 0.562
best_stat: {'epoch': 4, 'coco_eval_bbox': 0.38578283117905976}
Epoch: [5/12]  [ 0/59]  eta: 0:00:49  lr: 0.000100  loss: 18.4048 (18.4048)  loss_mal: 0.6885 (0.6885)  loss_bbox: 0.0394 (0.0394)  loss_giou: 0.4451 (0.4451)  loss_fgl: 1.2512 (1.2512)  loss_mal_aux_0: 0.7990 (0.7990)  loss_bbox_aux_0: 0.0397 (0.0397)  loss_giou_aux_0: 0.4509 (0.4509)  loss_fgl_aux_0: 1.2705 (1.2705)  loss_ddf_aux_0: 0.0280 (0.0280)  loss_mal_aux_1: 0.7196 (0.7196)  loss_bbox_aux_1: 0.0395 (0.0395)  loss_giou_aux_1: 0.4481 (0.4481)  loss_fgl_aux_1: 1.2505 (1.2505)  loss_ddf_aux_1: 0.0010 (0.0010)  loss_mal_pre: 0.7920 (0.7920)  loss_bbox_pre: 0.0398 (0.0398)  loss_giou_pre: 0.4502 (0.4502)  loss_mal_enc_0: 0.8896 (0.8896)  loss_bbox_enc_0: 0.0421 (0.0421)  loss_giou_enc_0: 0.5058 (0.5058)  loss_mal_dn_0: 0.7173 (0.7173)  loss_bbox_dn_0: 0.0357 (0.0357)  loss_giou_dn_0: 0.4408 (0.4408)  loss_fgl_dn_0: 1.2657 (1.2657)  loss_ddf_dn_0: 0.1760 (0.1760)  loss_mal_dn_1: 0.6215 (0.6215)  loss_bbox_dn_1: 0.0279 (0.0279)  loss_giou_dn_1: 0.3476 (0.3476)  loss_fgl_dn_1: 1.1942 (1.1942)  loss_ddf_dn_1: 0.0030 (0.0030)  loss_mal_dn_2: 0.6220 (0.6220)  loss_bbox_dn_2: 0.0277 (0.0277)  loss_giou_dn_2: 0.3464 (0.3464)  loss_fgl_dn_2: 1.1950 (1.1950)  loss_ddf_dn_2: -0.0000 (0.0000)  loss_mal_dn_pre: 0.7151 (0.7151)  loss_bbox_dn_pre: 0.0360 (0.0360)  loss_giou_dn_pre: 0.4424 (0.4424)  time: 0.8447  data: 0.2526  max mem: 5186
Epoch: [5/12]  [10/59]  eta: 0:00:29  lr: 0.000100  loss: 18.3196 (18.1992)  loss_mal: 0.6841 (0.6773)  loss_bbox: 0.0345 (0.0357)  loss_giou: 0.4170 (0.4244)  loss_fgl: 1.2400 (1.2405)  loss_mal_aux_0: 0.7954 (0.7978)  loss_bbox_aux_0: 0.0369 (0.0372)  loss_giou_aux_0: 0.4365 (0.4390)  loss_fgl_aux_0: 1.2531 (1.2533)  loss_ddf_aux_0: 0.0279 (0.0266)  loss_mal_aux_1: 0.6923 (0.6983)  loss_bbox_aux_1: 0.0345 (0.0357)  loss_giou_aux_1: 0.4150 (0.4250)  loss_fgl_aux_1: 1.2368 (1.2401)  loss_ddf_aux_1: 0.0011 (0.0011)  loss_mal_pre: 0.7890 (0.7915)  loss_bbox_pre: 0.0368 (0.0372)  loss_giou_pre: 0.4358 (0.4390)  loss_mal_enc_0: 0.9161 (0.9279)  loss_bbox_enc_0: 0.0410 (0.0405)  loss_giou_enc_0: 0.4817 (0.4766)  loss_mal_dn_0: 0.7120 (0.7111)  loss_bbox_dn_0: 0.0338 (0.0349)  loss_giou_dn_0: 0.4399 (0.4330)  loss_fgl_dn_0: 1.2477 (1.2454)  loss_ddf_dn_0: 0.1919 (0.1902)  loss_mal_dn_1: 0.6211 (0.6242)  loss_bbox_dn_1: 0.0264 (0.0266)  loss_giou_dn_1: 0.3476 (0.3457)  loss_fgl_dn_1: 1.1897 (1.1856)  loss_ddf_dn_1: 0.0030 (0.0032)  loss_mal_dn_2: 0.6166 (0.6200)  loss_bbox_dn_2: 0.0263 (0.0265)  loss_giou_dn_2: 0.3464 (0.3446)  loss_fgl_dn_2: 1.1893 (1.1855)  loss_ddf_dn_2: -0.0000 (0.0000)  loss_mal_dn_pre: 0.7100 (0.7094)  loss_bbox_dn_pre: 0.0338 (0.0350)  loss_giou_dn_pre: 0.4423 (0.4336)  time: 0.6015  data: 0.0337  max mem: 5186
Epoch: [5/12]  [20/59]  eta: 0:00:23  lr: 0.000100  loss: 18.2451 (18.1729)  loss_mal: 0.6810 (0.6812)  loss_bbox: 0.0337 (0.0352)  loss_giou: 0.4170 (0.4236)  loss_fgl: 1.2312 (1.2375)  loss_mal_aux_0: 0.7866 (0.7910)  loss_bbox_aux_0: 0.0349 (0.0365)  loss_giou_aux_0: 0.4300 (0.4379)  loss_fgl_aux_0: 1.2431 (1.2496)  loss_ddf_aux_0: 0.0279 (0.0274)  loss_mal_aux_1: 0.6881 (0.6974)  loss_bbox_aux_1: 0.0335 (0.0352)  loss_giou_aux_1: 0.4150 (0.4241)  loss_fgl_aux_1: 1.2306 (1.2375)  loss_ddf_aux_1: 0.0010 (0.0011)  loss_mal_pre: 0.7791 (0.7850)  loss_bbox_pre: 0.0350 (0.0366)  loss_giou_pre: 0.4307 (0.4384)  loss_mal_enc_0: 0.9227 (0.9264)  loss_bbox_enc_0: 0.0391 (0.0402)  loss_giou_enc_0: 0.4832 (0.4810)  loss_mal_dn_0: 0.7093 (0.7112)  loss_bbox_dn_0: 0.0333 (0.0342)  loss_giou_dn_0: 0.4310 (0.4307)  loss_fgl_dn_0: 1.2427 (1.2450)  loss_ddf_dn_0: 0.1919 (0.1931)  loss_mal_dn_1: 0.6216 (0.6241)  loss_bbox_dn_1: 0.0257 (0.0264)  loss_giou_dn_1: 0.3479 (0.3455)  loss_fgl_dn_1: 1.1819 (1.1857)  loss_ddf_dn_1: 0.0031 (0.0032)  loss_mal_dn_2: 0.6198 (0.6207)  loss_bbox_dn_2: 0.0259 (0.0262)  loss_giou_dn_2: 0.3488 (0.3442)  loss_fgl_dn_2: 1.1806 (1.1852)  loss_ddf_dn_2: -0.0000 (0.0000)  loss_mal_dn_pre: 0.7086 (0.7094)  loss_bbox_dn_pre: 0.0334 (0.0343)  loss_giou_dn_pre: 0.4326 (0.4310)  time: 0.5852  data: 0.0121  max mem: 5186
Epoch: [5/12]  [30/59]  eta: 0:00:16  lr: 0.000100  loss: 18.1425 (18.1015)  loss_mal: 0.6810 (0.6809)  loss_bbox: 0.0319 (0.0339)  loss_giou: 0.3933 (0.4155)  loss_fgl: 1.2340 (1.2342)  loss_mal_aux_0: 0.7750 (0.7883)  loss_bbox_aux_0: 0.0336 (0.0354)  loss_giou_aux_0: 0.4033 (0.4319)  loss_fgl_aux_0: 1.2476 (1.2479)  loss_ddf_aux_0: 0.0283 (0.0282)  loss_mal_aux_1: 0.6852 (0.6961)  loss_bbox_aux_1: 0.0318 (0.0340)  loss_giou_aux_1: 0.3940 (0.4164)  loss_fgl_aux_1: 1.2322 (1.2344)  loss_ddf_aux_1: 0.0011 (0.0012)  loss_mal_pre: 0.7747 (0.7826)  loss_bbox_pre: 0.0340 (0.0355)  loss_giou_pre: 0.4070 (0.4326)  loss_mal_enc_0: 0.9279 (0.9275)  loss_bbox_enc_0: 0.0382 (0.0394)  loss_giou_enc_0: 0.4780 (0.4821)  loss_mal_dn_0: 0.7032 (0.7069)  loss_bbox_dn_0: 0.0331 (0.0335)  loss_giou_dn_0: 0.4245 (0.4285)  loss_fgl_dn_0: 1.2333 (1.2422)  loss_ddf_dn_0: 0.1906 (0.1904)  loss_mal_dn_1: 0.6242 (0.6233)  loss_bbox_dn_1: 0.0256 (0.0259)  loss_giou_dn_1: 0.3487 (0.3461)  loss_fgl_dn_1: 1.1785 (1.1832)  loss_ddf_dn_1: 0.0031 (0.0032)  loss_mal_dn_2: 0.6239 (0.6196)  loss_bbox_dn_2: 0.0257 (0.0258)  loss_giou_dn_2: 0.3492 (0.3445)  loss_fgl_dn_2: 1.1756 (1.1824)  loss_ddf_dn_2: -0.0000 (0.0000)  loss_mal_dn_pre: 0.7031 (0.7055)  loss_bbox_dn_pre: 0.0332 (0.0337)  loss_giou_dn_pre: 0.4241 (0.4288)  time: 0.5640  data: 0.0126  max mem: 5186
Epoch: [5/12]  [40/59]  eta: 0:00:11  lr: 0.000100  loss: 18.0216 (18.0837)  loss_mal: 0.6718 (0.6797)  loss_bbox: 0.0316 (0.0337)  loss_giou: 0.3933 (0.4141)  loss_fgl: 1.2386 (1.2349)  loss_mal_aux_0: 0.7742 (0.7825)  loss_bbox_aux_0: 0.0333 (0.0352)  loss_giou_aux_0: 0.4033 (0.4311)  loss_fgl_aux_0: 1.2501 (1.2480)  loss_ddf_aux_0: 0.0294 (0.0287)  loss_mal_aux_1: 0.6929 (0.6973)  loss_bbox_aux_1: 0.0318 (0.0338)  loss_giou_aux_1: 0.3940 (0.4150)  loss_fgl_aux_1: 1.2361 (1.2351)  loss_ddf_aux_1: 0.0012 (0.0012)  loss_mal_pre: 0.7685 (0.7781)  loss_bbox_pre: 0.0334 (0.0353)  loss_giou_pre: 0.4070 (0.4317)  loss_mal_enc_0: 0.9265 (0.9262)  loss_bbox_enc_0: 0.0375 (0.0389)  loss_giou_enc_0: 0.4624 (0.4755)  loss_mal_dn_0: 0.6990 (0.7064)  loss_bbox_dn_0: 0.0331 (0.0337)  loss_giou_dn_0: 0.4281 (0.4289)  loss_fgl_dn_0: 1.2377 (1.2433)  loss_ddf_dn_0: 0.1895 (0.1911)  loss_mal_dn_1: 0.6242 (0.6240)  loss_bbox_dn_1: 0.0255 (0.0260)  loss_giou_dn_1: 0.3487 (0.3457)  loss_fgl_dn_1: 1.1804 (1.1846)  loss_ddf_dn_1: 0.0031 (0.0032)  loss_mal_dn_2: 0.6239 (0.6197)  loss_bbox_dn_2: 0.0253 (0.0258)  loss_giou_dn_2: 0.3492 (0.3440)  loss_fgl_dn_2: 1.1780 (1.1836)  loss_ddf_dn_2: -0.0000 (0.0000)  loss_mal_dn_pre: 0.6996 (0.7052)  loss_bbox_dn_pre: 0.0332 (0.0338)  loss_giou_dn_pre: 0.4276 (0.4288)  time: 0.5635  data: 0.0128  max mem: 5186
Epoch: [5/12]  [50/59]  eta: 0:00:05  lr: 0.000100  loss: 18.0714 (18.1151)  loss_mal: 0.6756 (0.6843)  loss_bbox: 0.0351 (0.0343)  loss_giou: 0.4242 (0.4155)  loss_fgl: 1.2395 (1.2365)  loss_mal_aux_0: 0.7742 (0.7845)  loss_bbox_aux_0: 0.0373 (0.0357)  loss_giou_aux_0: 0.4277 (0.4304)  loss_fgl_aux_0: 1.2525 (1.2498)  loss_ddf_aux_0: 0.0302 (0.0294)  loss_mal_aux_1: 0.7036 (0.7009)  loss_bbox_aux_1: 0.0355 (0.0344)  loss_giou_aux_1: 0.4240 (0.4163)  loss_fgl_aux_1: 1.2380 (1.2366)  loss_ddf_aux_1: 0.0012 (0.0012)  loss_mal_pre: 0.7698 (0.7802)  loss_bbox_pre: 0.0373 (0.0358)  loss_giou_pre: 0.4319 (0.4308)  loss_mal_enc_0: 0.9120 (0.9289)  loss_bbox_enc_0: 0.0408 (0.0395)  loss_giou_enc_0: 0.4634 (0.4767)  loss_mal_dn_0: 0.7034 (0.7055)  loss_bbox_dn_0: 0.0356 (0.0342)  loss_giou_dn_0: 0.4357 (0.4298)  loss_fgl_dn_0: 1.2453 (1.2454)  loss_ddf_dn_0: 0.1867 (0.1884)  loss_mal_dn_1: 0.6236 (0.6246)  loss_bbox_dn_1: 0.0279 (0.0264)  loss_giou_dn_1: 0.3482 (0.3468)  loss_fgl_dn_1: 1.1831 (1.1852)  loss_ddf_dn_1: 0.0031 (0.0032)  loss_mal_dn_2: 0.6197 (0.6199)  loss_bbox_dn_2: 0.0275 (0.0262)  loss_giou_dn_2: 0.3470 (0.3451)  loss_fgl_dn_2: 1.1845 (1.1842)  loss_ddf_dn_2: -0.0000 (0.0000)  loss_mal_dn_pre: 0.7028 (0.7043)  loss_bbox_dn_pre: 0.0357 (0.0343)  loss_giou_dn_pre: 0.4365 (0.4298)  time: 0.5631  data: 0.0125  max mem: 5186
Epoch: [5/12]  [58/59]  eta: 0:00:00  lr: 0.000100  loss: 18.3313 (18.1749)  loss_mal: 0.6864 (0.6840)  loss_bbox: 0.0379 (0.0350)  loss_giou: 0.4320 (0.4217)  loss_fgl: 1.2401 (1.2380)  loss_mal_aux_0: 0.7903 (0.7839)  loss_bbox_aux_0: 0.0381 (0.0362)  loss_giou_aux_0: 0.4513 (0.4356)  loss_fgl_aux_0: 1.2535 (1.2503)  loss_ddf_aux_0: 0.0308 (0.0295)  loss_mal_aux_1: 0.7079 (0.7011)  loss_bbox_aux_1: 0.0378 (0.0350)  loss_giou_aux_1: 0.4353 (0.4225)  loss_fgl_aux_1: 1.2403 (1.2382)  loss_ddf_aux_1: 0.0013 (0.0012)  loss_mal_pre: 0.7821 (0.7797)  loss_bbox_pre: 0.0380 (0.0363)  loss_giou_pre: 0.4511 (0.4361)  loss_mal_enc_0: 0.9127 (0.9292)  loss_bbox_enc_0: 0.0417 (0.0398)  loss_giou_enc_0: 0.4757 (0.4796)  loss_mal_dn_0: 0.7044 (0.7066)  loss_bbox_dn_0: 0.0372 (0.0347)  loss_giou_dn_0: 0.4364 (0.4341)  loss_fgl_dn_0: 1.2577 (1.2472)  loss_ddf_dn_0: 0.1771 (0.1874)  loss_mal_dn_1: 0.6350 (0.6270)  loss_bbox_dn_1: 0.0280 (0.0267)  loss_giou_dn_1: 0.3580 (0.3503)  loss_fgl_dn_1: 1.1925 (1.1872)  loss_ddf_dn_1: 0.0031 (0.0032)  loss_mal_dn_2: 0.6267 (0.6219)  loss_bbox_dn_2: 0.0280 (0.0266)  loss_giou_dn_2: 0.3504 (0.3485)  loss_fgl_dn_2: 1.1901 (1.1862)  loss_ddf_dn_2: -0.0000 (0.0000)  loss_mal_dn_pre: 0.7030 (0.7053)  loss_bbox_dn_pre: 0.0374 (0.0348)  loss_giou_dn_pre: 0.4374 (0.4343)  time: 0.5554  data: 0.0124  max mem: 5186
Epoch: [5/12] Total time: 0:00:33 (0.5726 s / it)
Averaged stats: lr: 0.000100  loss: 18.3313 (18.1749)  loss_mal: 0.6864 (0.6840)  loss_bbox: 0.0379 (0.0350)  loss_giou: 0.4320 (0.4217)  loss_fgl: 1.2401 (1.2380)  loss_mal_aux_0: 0.7903 (0.7839)  loss_bbox_aux_0: 0.0381 (0.0362)  loss_giou_aux_0: 0.4513 (0.4356)  loss_fgl_aux_0: 1.2535 (1.2503)  loss_ddf_aux_0: 0.0308 (0.0295)  loss_mal_aux_1: 0.7079 (0.7011)  loss_bbox_aux_1: 0.0378 (0.0350)  loss_giou_aux_1: 0.4353 (0.4225)  loss_fgl_aux_1: 1.2403 (1.2382)  loss_ddf_aux_1: 0.0013 (0.0012)  loss_mal_pre: 0.7821 (0.7797)  loss_bbox_pre: 0.0380 (0.0363)  loss_giou_pre: 0.4511 (0.4361)  loss_mal_enc_0: 0.9127 (0.9292)  loss_bbox_enc_0: 0.0417 (0.0398)  loss_giou_enc_0: 0.4757 (0.4796)  loss_mal_dn_0: 0.7044 (0.7066)  loss_bbox_dn_0: 0.0372 (0.0347)  loss_giou_dn_0: 0.4364 (0.4341)  loss_fgl_dn_0: 1.2577 (1.2472)  loss_ddf_dn_0: 0.1771 (0.1874)  loss_mal_dn_1: 0.6350 (0.6270)  loss_bbox_dn_1: 0.0280 (0.0267)  loss_giou_dn_1: 0.3580 (0.3503)  loss_fgl_dn_1: 1.1925 (1.1872)  loss_ddf_dn_1: 0.0031 (0.0032)  loss_mal_dn_2: 0.6267 (0.6219)  loss_bbox_dn_2: 0.0280 (0.0266)  loss_giou_dn_2: 0.3504 (0.3485)  loss_fgl_dn_2: 1.1901 (1.1862)  loss_ddf_dn_2: -0.0000 (0.0000)  loss_mal_dn_pre: 0.7030 (0.7053)  loss_bbox_dn_pre: 0.0374 (0.0348)  loss_giou_dn_pre: 0.4374 (0.4343)
Test:  [0/9]  eta: 0:00:03    time: 0.4140  data: 0.2422  max mem: 5186
Test:  [8/9]  eta: 0:00:00    time: 0.1937  data: 0.0371  max mem: 5186
Test: Total time: 0:00:01 (0.1971 s / it)
Metrics: {'f1': 0.968421052631579, 'precision': 0.9787234042553191, 'recall': 0.9583333333333334, 'iou': 0.663314899214271, 'TPs': 138, 'FPs': 3, 'FNs': 6}
Averaged stats: 
Accumulating evaluation results...
COCOeval_opt.accumulate() finished...
DONE (t=0.01s).
IoU metric: bbox
 Average Precision  (AP) @[ IoU=0.50:0.95 | area=   all | maxDets=100 ] = 0.375
 Average Precision  (AP) @[ IoU=0.50      | area=   all | maxDets=100 ] = 0.977
 Average Precision  (AP) @[ IoU=0.75      | area=   all | maxDets=100 ] = 0.141
 Average Precision  (AP) @[ IoU=0.50:0.95 | area= small | maxDets=100 ] = 0.375
 Average Precision  (AP) @[ IoU=0.50:0.95 | area=medium | maxDets=100 ] = -1.000
 Average Precision  (AP) @[ IoU=0.50:0.95 | area= large | maxDets=100 ] = -1.000
 Average Recall     (AR) @[ IoU=0.50:0.95 | area=   all | maxDets=  1 ] = 0.223
 Average Recall     (AR) @[ IoU=0.50:0.95 | area=   all | maxDets= 10 ] = 0.484
 Average Recall     (AR) @[ IoU=0.50:0.95 | area=   all | maxDets=100 ] = 0.544
 Average Recall     (AR) @[ IoU=0.50:0.95 | area= small | maxDets=100 ] = 0.544
 Average Recall     (AR) @[ IoU=0.50:0.95 | area=medium | maxDets=100 ] = -1.000
 Average Recall     (AR) @[ IoU=0.50:0.95 | area= large | maxDets=100 ] = -1.000
 Average Recall     (AR) @[ IoU=0.50      | area=   all | maxDets=100 ] = 1.000
 Average Recall     (AR) @[ IoU=0.75      | area=   all | maxDets=100 ] = 0.528
best_stat: {'epoch': 4, 'coco_eval_bbox': 0.38578283117905976}
Epoch: [6/12]  [ 0/59]  eta: 0:00:49  lr: 0.000100  loss: 18.4295 (18.4295)  loss_mal: 0.6885 (0.6885)  loss_bbox: 0.0368 (0.0368)  loss_giou: 0.4382 (0.4382)  loss_fgl: 1.2614 (1.2614)  loss_mal_aux_0: 0.8012 (0.8012)  loss_bbox_aux_0: 0.0376 (0.0376)  loss_giou_aux_0: 0.4498 (0.4498)  loss_fgl_aux_0: 1.2721 (1.2721)  loss_ddf_aux_0: 0.0337 (0.0337)  loss_mal_aux_1: 0.6981 (0.6981)  loss_bbox_aux_1: 0.0368 (0.0368)  loss_giou_aux_1: 0.4372 (0.4372)  loss_fgl_aux_1: 1.2608 (1.2608)  loss_ddf_aux_1: 0.0013 (0.0013)  loss_mal_pre: 0.7881 (0.7881)  loss_bbox_pre: 0.0375 (0.0375)  loss_giou_pre: 0.4500 (0.4500)  loss_mal_enc_0: 0.8976 (0.8976)  loss_bbox_enc_0: 0.0407 (0.0407)  loss_giou_enc_0: 0.4983 (0.4983)  loss_mal_dn_0: 0.7062 (0.7062)  loss_bbox_dn_0: 0.0356 (0.0356)  loss_giou_dn_0: 0.4460 (0.4460)  loss_fgl_dn_0: 1.2679 (1.2679)  loss_ddf_dn_0: 0.1829 (0.1829)  loss_mal_dn_1: 0.6359 (0.6359)  loss_bbox_dn_1: 0.0268 (0.0268)  loss_giou_dn_1: 0.3608 (0.3608)  loss_fgl_dn_1: 1.1940 (1.1940)  loss_ddf_dn_1: 0.0032 (0.0032)  loss_mal_dn_2: 0.6319 (0.6319)  loss_bbox_dn_2: 0.0269 (0.0269)  loss_giou_dn_2: 0.3624 (0.3624)  loss_fgl_dn_2: 1.1981 (1.1981)  loss_ddf_dn_2: -0.0000 (0.0000)  loss_mal_dn_pre: 0.7050 (0.7050)  loss_bbox_dn_pre: 0.0356 (0.0356)  loss_giou_dn_pre: 0.4447 (0.4447)  time: 0.8377  data: 0.2379  max mem: 5186
Epoch: [6/12]  [10/59]  eta: 0:00:30  lr: 0.000100  loss: 18.2409 (18.1971)  loss_mal: 0.6832 (0.6875)  loss_bbox: 0.0358 (0.0362)  loss_giou: 0.4379 (0.4347)  loss_fgl: 1.2394 (1.2397)  loss_mal_aux_0: 0.7577 (0.7623)  loss_bbox_aux_0: 0.0376 (0.0374)  loss_giou_aux_0: 0.4524 (0.4460)  loss_fgl_aux_0: 1.2465 (1.2497)  loss_ddf_aux_0: 0.0279 (0.0270)  loss_mal_aux_1: 0.6981 (0.7018)  loss_bbox_aux_1: 0.0364 (0.0361)  loss_giou_aux_1: 0.4379 (0.4344)  loss_fgl_aux_1: 1.2386 (1.2402)  loss_ddf_aux_1: 0.0012 (0.0012)  loss_mal_pre: 0.7524 (0.7580)  loss_bbox_pre: 0.0375 (0.0374)  loss_giou_pre: 0.4518 (0.4454)  loss_mal_enc_0: 0.8976 (0.9064)  loss_bbox_enc_0: 0.0407 (0.0409)  loss_giou_enc_0: 0.4799 (0.4839)  loss_mal_dn_0: 0.7098 (0.7086)  loss_bbox_dn_0: 0.0354 (0.0360)  loss_giou_dn_0: 0.4448 (0.4436)  loss_fgl_dn_0: 1.2398 (1.2412)  loss_ddf_dn_0: 0.1655 (0.1703)  loss_mal_dn_1: 0.6396 (0.6341)  loss_bbox_dn_1: 0.0268 (0.0276)  loss_giou_dn_1: 0.3632 (0.3576)  loss_fgl_dn_1: 1.1854 (1.1846)  loss_ddf_dn_1: 0.0029 (0.0031)  loss_mal_dn_2: 0.6333 (0.6292)  loss_bbox_dn_2: 0.0269 (0.0275)  loss_giou_dn_2: 0.3608 (0.3563)  loss_fgl_dn_2: 1.1848 (1.1843)  loss_ddf_dn_2: -0.0000 (0.0000)  loss_mal_dn_pre: 0.7090 (0.7078)  loss_bbox_dn_pre: 0.0356 (0.0360)  loss_giou_dn_pre: 0.4453 (0.4434)  time: 0.6206  data: 0.0323  max mem: 5186
Epoch: [6/12]  [20/59]  eta: 0:00:23  lr: 0.000100  loss: 18.1682 (18.2205)  loss_mal: 0.6911 (0.6990)  loss_bbox: 0.0350 (0.0349)  loss_giou: 0.4304 (0.4206)  loss_fgl: 1.2394 (1.2408)  loss_mal_aux_0: 0.7759 (0.7914)  loss_bbox_aux_0: 0.0359 (0.0362)  loss_giou_aux_0: 0.4467 (0.4339)  loss_fgl_aux_0: 1.2486 (1.2538)  loss_ddf_aux_0: 0.0273 (0.0273)  loss_mal_aux_1: 0.7167 (0.7183)  loss_bbox_aux_1: 0.0349 (0.0349)  loss_giou_aux_1: 0.4253 (0.4210)  loss_fgl_aux_1: 1.2386 (1.2416)  loss_ddf_aux_1: 0.0012 (0.0013)  loss_mal_pre: 0.7705 (0.7866)  loss_bbox_pre: 0.0360 (0.0362)  loss_giou_pre: 0.4460 (0.4336)  loss_mal_enc_0: 0.9276 (0.9243)  loss_bbox_enc_0: 0.0381 (0.0399)  loss_giou_enc_0: 0.4677 (0.4774)  loss_mal_dn_0: 0.7093 (0.7062)  loss_bbox_dn_0: 0.0347 (0.0355)  loss_giou_dn_0: 0.4431 (0.4408)  loss_fgl_dn_0: 1.2398 (1.2436)  loss_ddf_dn_0: 0.1655 (0.1706)  loss_mal_dn_1: 0.6369 (0.6301)  loss_bbox_dn_1: 0.0265 (0.0272)  loss_giou_dn_1: 0.3574 (0.3536)  loss_fgl_dn_1: 1.1854 (1.1858)  loss_ddf_dn_1: 0.0031 (0.0032)  loss_mal_dn_2: 0.6323 (0.6251)  loss_bbox_dn_2: 0.0264 (0.0270)  loss_giou_dn_2: 0.3569 (0.3516)  loss_fgl_dn_2: 1.1837 (1.1849)  loss_ddf_dn_2: -0.0000 (0.0000)  loss_mal_dn_pre: 0.7088 (0.7056)  loss_bbox_dn_pre: 0.0346 (0.0356)  loss_giou_dn_pre: 0.4453 (0.4413)  time: 0.5943  data: 0.0118  max mem: 5186
Epoch: [6/12]  [30/59]  eta: 0:00:16  lr: 0.000100  loss: 17.8846 (18.0299)  loss_mal: 0.6883 (0.6909)  loss_bbox: 0.0328 (0.0332)  loss_giou: 0.3914 (0.4061)  loss_fgl: 1.2269 (1.2348)  loss_mal_aux_0: 0.8031 (0.7877)  loss_bbox_aux_0: 0.0349 (0.0349)  loss_giou_aux_0: 0.4202 (0.4237)  loss_fgl_aux_0: 1.2483 (1.2516)  loss_ddf_aux_0: 0.0302 (0.0292)  loss_mal_aux_1: 0.7217 (0.7068)  loss_bbox_aux_1: 0.0326 (0.0333)  loss_giou_aux_1: 0.3889 (0.4064)  loss_fgl_aux_1: 1.2271 (1.2360)  loss_ddf_aux_1: 0.0014 (0.0013)  loss_mal_pre: 0.8010 (0.7829)  loss_bbox_pre: 0.0345 (0.0349)  loss_giou_pre: 0.4181 (0.4233)  loss_mal_enc_0: 0.9276 (0.9186)  loss_bbox_enc_0: 0.0371 (0.0383)  loss_giou_enc_0: 0.4670 (0.4686)  loss_mal_dn_0: 0.6933 (0.7009)  loss_bbox_dn_0: 0.0338 (0.0344)  loss_giou_dn_0: 0.4221 (0.4301)  loss_fgl_dn_0: 1.2442 (1.2421)  loss_ddf_dn_0: 0.1628 (0.1692)  loss_mal_dn_1: 0.6092 (0.6228)  loss_bbox_dn_1: 0.0260 (0.0263)  loss_giou_dn_1: 0.3241 (0.3449)  loss_fgl_dn_1: 1.1727 (1.1817)  loss_ddf_dn_1: 0.0032 (0.0032)  loss_mal_dn_2: 0.6065 (0.6173)  loss_bbox_dn_2: 0.0258 (0.0261)  loss_giou_dn_2: 0.3206 (0.3426)  loss_fgl_dn_2: 1.1705 (1.1802)  loss_ddf_dn_2: -0.0000 (0.0000)  loss_mal_dn_pre: 0.6934 (0.7007)  loss_bbox_dn_pre: 0.0341 (0.0345)  loss_giou_dn_pre: 0.4207 (0.4301)  time: 0.5654  data: 0.0123  max mem: 5186
Epoch: [6/12]  [40/59]  eta: 0:00:11  lr: 0.000100  loss: 17.8086 (17.9391)  loss_mal: 0.6704 (0.6863)  loss_bbox: 0.0309 (0.0330)  loss_giou: 0.3881 (0.4027)  loss_fgl: 1.2231 (1.2335)  loss_mal_aux_0: 0.7743 (0.7845)  loss_bbox_aux_0: 0.0338 (0.0346)  loss_giou_aux_0: 0.4144 (0.4193)  loss_fgl_aux_0: 1.2451 (1.2494)  loss_ddf_aux_0: 0.0316 (0.0297)  loss_mal_aux_1: 0.6884 (0.7017)  loss_bbox_aux_1: 0.0309 (0.0331)  loss_giou_aux_1: 0.3867 (0.4032)  loss_fgl_aux_1: 1.2244 (1.2345)  loss_ddf_aux_1: 0.0015 (0.0014)  loss_mal_pre: 0.7695 (0.7792)  loss_bbox_pre: 0.0338 (0.0346)  loss_giou_pre: 0.4114 (0.4189)  loss_mal_enc_0: 0.8988 (0.9144)  loss_bbox_enc_0: 0.0359 (0.0379)  loss_giou_enc_0: 0.4474 (0.4624)  loss_mal_dn_0: 0.6895 (0.6989)  loss_bbox_dn_0: 0.0313 (0.0338)  loss_giou_dn_0: 0.4018 (0.4236)  loss_fgl_dn_0: 1.2354 (1.2400)  loss_ddf_dn_0: 0.1616 (0.1658)  loss_mal_dn_1: 0.6034 (0.6201)  loss_bbox_dn_1: 0.0248 (0.0260)  loss_giou_dn_1: 0.3200 (0.3406)  loss_fgl_dn_1: 1.1689 (1.1797)  loss_ddf_dn_1: 0.0029 (0.0031)  loss_mal_dn_2: 0.6007 (0.6147)  loss_bbox_dn_2: 0.0245 (0.0258)  loss_giou_dn_2: 0.3176 (0.3385)  loss_fgl_dn_2: 1.1686 (1.1782)  loss_ddf_dn_2: -0.0000 (0.0000)  loss_mal_dn_pre: 0.6898 (0.6987)  loss_bbox_dn_pre: 0.0311 (0.0339)  loss_giou_dn_pre: 0.3996 (0.4236)  time: 0.5636  data: 0.0121  max mem: 5186
Epoch: [6/12]  [50/59]  eta: 0:00:05  lr: 0.000100  loss: 17.8824 (17.9033)  loss_mal: 0.6587 (0.6816)  loss_bbox: 0.0315 (0.0329)  loss_giou: 0.4032 (0.4010)  loss_fgl: 1.2293 (1.2322)  loss_mal_aux_0: 0.7684 (0.7817)  loss_bbox_aux_0: 0.0338 (0.0344)  loss_giou_aux_0: 0.4177 (0.4186)  loss_fgl_aux_0: 1.2474 (1.2485)  loss_ddf_aux_0: 0.0318 (0.0305)  loss_mal_aux_1: 0.6798 (0.6973)  loss_bbox_aux_1: 0.0312 (0.0330)  loss_giou_aux_1: 0.4014 (0.4017)  loss_fgl_aux_1: 1.2303 (1.2331)  loss_ddf_aux_1: 0.0014 (0.0014)  loss_mal_pre: 0.7616 (0.7766)  loss_bbox_pre: 0.0338 (0.0345)  loss_giou_pre: 0.4114 (0.4181)  loss_mal_enc_0: 0.8860 (0.9084)  loss_bbox_enc_0: 0.0359 (0.0376)  loss_giou_enc_0: 0.4479 (0.4615)  loss_mal_dn_0: 0.6916 (0.6978)  loss_bbox_dn_0: 0.0313 (0.0337)  loss_giou_dn_0: 0.4026 (0.4220)  loss_fgl_dn_0: 1.2299 (1.2414)  loss_ddf_dn_0: 0.1638 (0.1678)  loss_mal_dn_1: 0.6135 (0.6189)  loss_bbox_dn_1: 0.0249 (0.0259)  loss_giou_dn_1: 0.3270 (0.3393)  loss_fgl_dn_1: 1.1697 (1.1805)  loss_ddf_dn_1: 0.0029 (0.0031)  loss_mal_dn_2: 0.6112 (0.6134)  loss_bbox_dn_2: 0.0247 (0.0257)  loss_giou_dn_2: 0.3271 (0.3371)  loss_fgl_dn_2: 1.1712 (1.1791)  loss_ddf_dn_2: -0.0000 (0.0000)  loss_mal_dn_pre: 0.6908 (0.6975)  loss_bbox_dn_pre: 0.0311 (0.0337)  loss_giou_dn_pre: 0.3996 (0.4217)  time: 0.5619  data: 0.0120  max mem: 5186
Epoch: [6/12]  [58/59]  eta: 0:00:00  lr: 0.000100  loss: 17.5373 (17.8476)  loss_mal: 0.6472 (0.6767)  loss_bbox: 0.0293 (0.0327)  loss_giou: 0.3892 (0.3980)  loss_fgl: 1.2218 (1.2304)  loss_mal_aux_0: 0.7574 (0.7800)  loss_bbox_aux_0: 0.0305 (0.0341)  loss_giou_aux_0: 0.3937 (0.4151)  loss_fgl_aux_0: 1.2362 (1.2466)  loss_ddf_aux_0: 0.0314 (0.0306)  loss_mal_aux_1: 0.6722 (0.6931)  loss_bbox_aux_1: 0.0293 (0.0328)  loss_giou_aux_1: 0.3855 (0.3987)  loss_fgl_aux_1: 1.2248 (1.2312)  loss_ddf_aux_1: 0.0013 (0.0014)  loss_mal_pre: 0.7555 (0.7748)  loss_bbox_pre: 0.0305 (0.0342)  loss_giou_pre: 0.3944 (0.4146)  loss_mal_enc_0: 0.8913 (0.9107)  loss_bbox_enc_0: 0.0350 (0.0374)  loss_giou_enc_0: 0.4354 (0.4577)  loss_mal_dn_0: 0.6916 (0.6970)  loss_bbox_dn_0: 0.0306 (0.0334)  loss_giou_dn_0: 0.4026 (0.4185)  loss_fgl_dn_0: 1.2364 (1.2396)  loss_ddf_dn_0: 0.1668 (0.1668)  loss_mal_dn_1: 0.6135 (0.6177)  loss_bbox_dn_1: 0.0240 (0.0258)  loss_giou_dn_1: 0.3241 (0.3372)  loss_fgl_dn_1: 1.1787 (1.1790)  loss_ddf_dn_1: 0.0029 (0.0031)  loss_mal_dn_2: 0.6081 (0.6122)  loss_bbox_dn_2: 0.0235 (0.0256)  loss_giou_dn_2: 0.3149 (0.3350)  loss_fgl_dn_2: 1.1761 (1.1775)  loss_ddf_dn_2: -0.0000 (0.0000)  loss_mal_dn_pre: 0.6908 (0.6967)  loss_bbox_dn_pre: 0.0305 (0.0335)  loss_giou_dn_pre: 0.3982 (0.4184)  time: 0.5584  data: 0.0122  max mem: 5186
Epoch: [6/12] Total time: 0:00:33 (0.5760 s / it)
Averaged stats: lr: 0.000100  loss: 17.5373 (17.8476)  loss_mal: 0.6472 (0.6767)  loss_bbox: 0.0293 (0.0327)  loss_giou: 0.3892 (0.3980)  loss_fgl: 1.2218 (1.2304)  loss_mal_aux_0: 0.7574 (0.7800)  loss_bbox_aux_0: 0.0305 (0.0341)  loss_giou_aux_0: 0.3937 (0.4151)  loss_fgl_aux_0: 1.2362 (1.2466)  loss_ddf_aux_0: 0.0314 (0.0306)  loss_mal_aux_1: 0.6722 (0.6931)  loss_bbox_aux_1: 0.0293 (0.0328)  loss_giou_aux_1: 0.3855 (0.3987)  loss_fgl_aux_1: 1.2248 (1.2312)  loss_ddf_aux_1: 0.0013 (0.0014)  loss_mal_pre: 0.7555 (0.7748)  loss_bbox_pre: 0.0305 (0.0342)  loss_giou_pre: 0.3944 (0.4146)  loss_mal_enc_0: 0.8913 (0.9107)  loss_bbox_enc_0: 0.0350 (0.0374)  loss_giou_enc_0: 0.4354 (0.4577)  loss_mal_dn_0: 0.6916 (0.6970)  loss_bbox_dn_0: 0.0306 (0.0334)  loss_giou_dn_0: 0.4026 (0.4185)  loss_fgl_dn_0: 1.2364 (1.2396)  loss_ddf_dn_0: 0.1668 (0.1668)  loss_mal_dn_1: 0.6135 (0.6177)  loss_bbox_dn_1: 0.0240 (0.0258)  loss_giou_dn_1: 0.3241 (0.3372)  loss_fgl_dn_1: 1.1787 (1.1790)  loss_ddf_dn_1: 0.0029 (0.0031)  loss_mal_dn_2: 0.6081 (0.6122)  loss_bbox_dn_2: 0.0235 (0.0256)  loss_giou_dn_2: 0.3149 (0.3350)  loss_fgl_dn_2: 1.1761 (1.1775)  loss_ddf_dn_2: -0.0000 (0.0000)  loss_mal_dn_pre: 0.6908 (0.6967)  loss_bbox_dn_pre: 0.0305 (0.0335)  loss_giou_dn_pre: 0.3982 (0.4184)
Test:  [0/9]  eta: 0:00:03    time: 0.3441  data: 0.2466  max mem: 5186
Test:  [8/9]  eta: 0:00:00    time: 0.1569  data: 0.0384  max mem: 5186
Test: Total time: 0:00:01 (0.1601 s / it)
Metrics: {'f1': 0.972027972027972, 'precision': 0.9788732394366197, 'recall': 0.9652777777777778, 'iou': 0.669600849248925, 'TPs': 139, 'FPs': 3, 'FNs': 5}
Averaged stats: 
Accumulating evaluation results...
COCOeval_opt.accumulate() finished...
DONE (t=0.01s).
IoU metric: bbox
 Average Precision  (AP) @[ IoU=0.50:0.95 | area=   all | maxDets=100 ] = 0.374
 Average Precision  (AP) @[ IoU=0.50      | area=   all | maxDets=100 ] = 0.971
 Average Precision  (AP) @[ IoU=0.75      | area=   all | maxDets=100 ] = 0.150
 Average Precision  (AP) @[ IoU=0.50:0.95 | area= small | maxDets=100 ] = 0.374
 Average Precision  (AP) @[ IoU=0.50:0.95 | area=medium | maxDets=100 ] = -1.000
 Average Precision  (AP) @[ IoU=0.50:0.95 | area= large | maxDets=100 ] = -1.000
 Average Recall     (AR) @[ IoU=0.50:0.95 | area=   all | maxDets=  1 ] = 0.212
 Average Recall     (AR) @[ IoU=0.50:0.95 | area=   all | maxDets= 10 ] = 0.487
 Average Recall     (AR) @[ IoU=0.50:0.95 | area=   all | maxDets=100 ] = 0.537
 Average Recall     (AR) @[ IoU=0.50:0.95 | area= small | maxDets=100 ] = 0.537
 Average Recall     (AR) @[ IoU=0.50:0.95 | area=medium | maxDets=100 ] = -1.000
 Average Recall     (AR) @[ IoU=0.50:0.95 | area= large | maxDets=100 ] = -1.000
 Average Recall     (AR) @[ IoU=0.50      | area=   all | maxDets=100 ] = 0.993
 Average Recall     (AR) @[ IoU=0.75      | area=   all | maxDets=100 ] = 0.493
best_stat: {'epoch': 4, 'coco_eval_bbox': 0.38578283117905976}
Epoch: [7/12]  [ 0/59]  eta: 0:00:44  lr: 0.000100  loss: 17.9371 (17.9371)  loss_mal: 0.7203 (0.7203)  loss_bbox: 0.0301 (0.0301)  loss_giou: 0.3722 (0.3722)  loss_fgl: 1.2292 (1.2292)  loss_mal_aux_0: 0.8667 (0.8667)  loss_bbox_aux_0: 0.0318 (0.0318)  loss_giou_aux_0: 0.3827 (0.3827)  loss_fgl_aux_0: 1.2423 (1.2423)  loss_ddf_aux_0: 0.0310 (0.0310)  loss_mal_aux_1: 0.7260 (0.7260)  loss_bbox_aux_1: 0.0303 (0.0303)  loss_giou_aux_1: 0.3705 (0.3705)  loss_fgl_aux_1: 1.2336 (1.2336)  loss_ddf_aux_1: 0.0017 (0.0017)  loss_mal_pre: 0.8653 (0.8653)  loss_bbox_pre: 0.0316 (0.0316)  loss_giou_pre: 0.3814 (0.3814)  loss_mal_enc_0: 0.9624 (0.9624)  loss_bbox_enc_0: 0.0361 (0.0361)  loss_giou_enc_0: 0.4654 (0.4654)  loss_mal_dn_0: 0.6968 (0.6968)  loss_bbox_dn_0: 0.0306 (0.0306)  loss_giou_dn_0: 0.4013 (0.4013)  loss_fgl_dn_0: 1.2293 (1.2293)  loss_ddf_dn_0: 0.1637 (0.1637)  loss_mal_dn_1: 0.6146 (0.6146)  loss_bbox_dn_1: 0.0241 (0.0241)  loss_giou_dn_1: 0.3330 (0.3330)  loss_fgl_dn_1: 1.1670 (1.1670)  loss_ddf_dn_1: 0.0037 (0.0037)  loss_mal_dn_2: 0.6090 (0.6090)  loss_bbox_dn_2: 0.0240 (0.0240)  loss_giou_dn_2: 0.3327 (0.3327)  loss_fgl_dn_2: 1.1660 (1.1660)  loss_ddf_dn_2: -0.0000 (0.0000)  loss_mal_dn_pre: 0.6969 (0.6969)  loss_bbox_dn_pre: 0.0308 (0.0308)  loss_giou_dn_pre: 0.4030 (0.4030)  time: 0.7470  data: 0.2466  max mem: 5186
Epoch: [7/12]  [10/59]  eta: 0:00:29  lr: 0.000100  loss: 17.9057 (17.8628)  loss_mal: 0.6962 (0.6916)  loss_bbox: 0.0347 (0.0341)  loss_giou: 0.3817 (0.3986)  loss_fgl: 1.2292 (1.2316)  loss_mal_aux_0: 0.7651 (0.7748)  loss_bbox_aux_0: 0.0381 (0.0356)  loss_giou_aux_0: 0.3927 (0.4177)  loss_fgl_aux_0: 1.2423 (1.2448)  loss_ddf_aux_0: 0.0300 (0.0303)  loss_mal_aux_1: 0.6823 (0.6858)  loss_bbox_aux_1: 0.0344 (0.0340)  loss_giou_aux_1: 0.3811 (0.3980)  loss_fgl_aux_1: 1.2297 (1.2314)  loss_ddf_aux_1: 0.0015 (0.0014)  loss_mal_pre: 0.7603 (0.7695)  loss_bbox_pre: 0.0383 (0.0357)  loss_giou_pre: 0.3943 (0.4165)  loss_mal_enc_0: 0.8946 (0.8946)  loss_bbox_enc_0: 0.0410 (0.0381)  loss_giou_enc_0: 0.4533 (0.4535)  loss_mal_dn_0: 0.6968 (0.6985)  loss_bbox_dn_0: 0.0367 (0.0346)  loss_giou_dn_0: 0.4094 (0.4188)  loss_fgl_dn_0: 1.2413 (1.2452)  loss_ddf_dn_0: 0.1637 (0.1704)  loss_mal_dn_1: 0.6183 (0.6176)  loss_bbox_dn_1: 0.0257 (0.0266)  loss_giou_dn_1: 0.3358 (0.3389)  loss_fgl_dn_1: 1.1670 (1.1817)  loss_ddf_dn_1: 0.0030 (0.0030)  loss_mal_dn_2: 0.6156 (0.6125)  loss_bbox_dn_2: 0.0257 (0.0264)  loss_giou_dn_2: 0.3354 (0.3375)  loss_fgl_dn_2: 1.1660 (1.1808)  loss_ddf_dn_2: -0.0000 (0.0000)  loss_mal_dn_pre: 0.6969 (0.6980)  loss_bbox_dn_pre: 0.0371 (0.0347)  loss_giou_dn_pre: 0.4116 (0.4198)  time: 0.6058  data: 0.0323  max mem: 5186
Epoch: [7/12]  [20/59]  eta: 0:00:23  lr: 0.000100  loss: 17.4579 (17.5611)  loss_mal: 0.6819 (0.6761)  loss_bbox: 0.0303 (0.0318)  loss_giou: 0.3730 (0.3789)  loss_fgl: 1.2156 (1.2228)  loss_mal_aux_0: 0.7651 (0.7701)  loss_bbox_aux_0: 0.0318 (0.0334)  loss_giou_aux_0: 0.3919 (0.3965)  loss_fgl_aux_0: 1.2395 (1.2415)  loss_ddf_aux_0: 0.0322 (0.0325)  loss_mal_aux_1: 0.6766 (0.6712)  loss_bbox_aux_1: 0.0307 (0.0319)  loss_giou_aux_1: 0.3734 (0.3796)  loss_fgl_aux_1: 1.2179 (1.2235)  loss_ddf_aux_1: 0.0015 (0.0015)  loss_mal_pre: 0.7603 (0.7666)  loss_bbox_pre: 0.0319 (0.0334)  loss_giou_pre: 0.3898 (0.3963)  loss_mal_enc_0: 0.8946 (0.9112)  loss_bbox_enc_0: 0.0358 (0.0359)  loss_giou_enc_0: 0.4381 (0.4352)  loss_mal_dn_0: 0.6876 (0.6898)  loss_bbox_dn_0: 0.0303 (0.0322)  loss_giou_dn_0: 0.3903 (0.3991)  loss_fgl_dn_0: 1.2383 (1.2400)  loss_ddf_dn_0: 0.1677 (0.1705)  loss_mal_dn_1: 0.5960 (0.6052)  loss_bbox_dn_1: 0.0234 (0.0248)  loss_giou_dn_1: 0.3125 (0.3211)  loss_fgl_dn_1: 1.1632 (1.1710)  loss_ddf_dn_1: 0.0030 (0.0030)  loss_mal_dn_2: 0.5911 (0.5992)  loss_bbox_dn_2: 0.0232 (0.0246)  loss_giou_dn_2: 0.3089 (0.3191)  loss_fgl_dn_2: 1.1601 (1.1690)  loss_ddf_dn_2: -0.0000 (0.0000)  loss_mal_dn_pre: 0.6897 (0.6899)  loss_bbox_dn_pre: 0.0303 (0.0323)  loss_giou_dn_pre: 0.3932 (0.3999)  time: 0.5886  data: 0.0115  max mem: 5186
Epoch: [7/12]  [30/59]  eta: 0:00:16  lr: 0.000100  loss: 17.4579 (17.6004)  loss_mal: 0.6512 (0.6697)  loss_bbox: 0.0298 (0.0315)  loss_giou: 0.3700 (0.3786)  loss_fgl: 1.2119 (1.2197)  loss_mal_aux_0: 0.7838 (0.7744)  loss_bbox_aux_0: 0.0308 (0.0332)  loss_giou_aux_0: 0.3919 (0.3979)  loss_fgl_aux_0: 1.2364 (1.2395)  loss_ddf_aux_0: 0.0348 (0.0328)  loss_mal_aux_1: 0.6667 (0.6745)  loss_bbox_aux_1: 0.0300 (0.0317)  loss_giou_aux_1: 0.3757 (0.3803)  loss_fgl_aux_1: 1.2117 (1.2209)  loss_ddf_aux_1: 0.0014 (0.0014)  loss_mal_pre: 0.7768 (0.7693)  loss_bbox_pre: 0.0306 (0.0332)  loss_giou_pre: 0.3898 (0.3978)  loss_mal_enc_0: 0.9107 (0.9115)  loss_bbox_enc_0: 0.0350 (0.0362)  loss_giou_enc_0: 0.4413 (0.4417)  loss_mal_dn_0: 0.6875 (0.6935)  loss_bbox_dn_0: 0.0310 (0.0326)  loss_giou_dn_0: 0.3924 (0.4064)  loss_fgl_dn_0: 1.2383 (1.2419)  loss_ddf_dn_0: 0.1697 (0.1715)  loss_mal_dn_1: 0.6012 (0.6074)  loss_bbox_dn_1: 0.0234 (0.0249)  loss_giou_dn_1: 0.3141 (0.3246)  loss_fgl_dn_1: 1.1635 (1.1702)  loss_ddf_dn_1: 0.0030 (0.0031)  loss_mal_dn_2: 0.5950 (0.6010)  loss_bbox_dn_2: 0.0232 (0.0246)  loss_giou_dn_2: 0.3115 (0.3222)  loss_fgl_dn_2: 1.1634 (1.1681)  loss_ddf_dn_2: -0.0000 (0.0000)  loss_mal_dn_pre: 0.6885 (0.6930)  loss_bbox_dn_pre: 0.0310 (0.0327)  loss_giou_dn_pre: 0.3932 (0.4069)  time: 0.5282  data: 0.0126  max mem: 5186
Epoch: [7/12]  [40/59]  eta: 0:00:10  lr: 0.000100  loss: 17.5333 (17.5689)  loss_mal: 0.6492 (0.6638)  loss_bbox: 0.0311 (0.0312)  loss_giou: 0.3867 (0.3797)  loss_fgl: 1.2173 (1.2199)  loss_mal_aux_0: 0.7468 (0.7678)  loss_bbox_aux_0: 0.0323 (0.0327)  loss_giou_aux_0: 0.4031 (0.3989)  loss_fgl_aux_0: 1.2364 (1.2375)  loss_ddf_aux_0: 0.0336 (0.0332)  loss_mal_aux_1: 0.6829 (0.6738)  loss_bbox_aux_1: 0.0308 (0.0312)  loss_giou_aux_1: 0.3891 (0.3813)  loss_fgl_aux_1: 1.2191 (1.2206)  loss_ddf_aux_1: 0.0013 (0.0014)  loss_mal_pre: 0.7394 (0.7617)  loss_bbox_pre: 0.0322 (0.0328)  loss_giou_pre: 0.4072 (0.3986)  loss_mal_enc_0: 0.9057 (0.9071)  loss_bbox_enc_0: 0.0360 (0.0361)  loss_giou_enc_0: 0.4601 (0.4434)  loss_mal_dn_0: 0.6986 (0.6927)  loss_bbox_dn_0: 0.0321 (0.0321)  loss_giou_dn_0: 0.4087 (0.4066)  loss_fgl_dn_0: 1.2393 (1.2402)  loss_ddf_dn_0: 0.1724 (0.1709)  loss_mal_dn_1: 0.6083 (0.6074)  loss_bbox_dn_1: 0.0242 (0.0245)  loss_giou_dn_1: 0.3287 (0.3241)  loss_fgl_dn_1: 1.1684 (1.1694)  loss_ddf_dn_1: 0.0030 (0.0031)  loss_mal_dn_2: 0.6051 (0.6009)  loss_bbox_dn_2: 0.0238 (0.0243)  loss_giou_dn_2: 0.3253 (0.3217)  loss_fgl_dn_2: 1.1673 (1.1673)  loss_ddf_dn_2: -0.0000 (0.0000)  loss_mal_dn_pre: 0.6977 (0.6922)  loss_bbox_dn_pre: 0.0325 (0.0322)  loss_giou_dn_pre: 0.4069 (0.4068)  time: 0.5292  data: 0.0127  max mem: 5186
Epoch: [7/12]  [50/59]  eta: 0:00:05  lr: 0.000100  loss: 17.3245 (17.5240)  loss_mal: 0.6492 (0.6598)  loss_bbox: 0.0309 (0.0311)  loss_giou: 0.3809 (0.3786)  loss_fgl: 1.2181 (1.2198)  loss_mal_aux_0: 0.7376 (0.7648)  loss_bbox_aux_0: 0.0323 (0.0326)  loss_giou_aux_0: 0.3947 (0.3968)  loss_fgl_aux_0: 1.2311 (1.2367)  loss_ddf_aux_0: 0.0312 (0.0329)  loss_mal_aux_1: 0.6686 (0.6708)  loss_bbox_aux_1: 0.0308 (0.0312)  loss_giou_aux_1: 0.3825 (0.3802)  loss_fgl_aux_1: 1.2176 (1.2205)  loss_ddf_aux_1: 0.0013 (0.0014)  loss_mal_pre: 0.7352 (0.7591)  loss_bbox_pre: 0.0322 (0.0327)  loss_giou_pre: 0.3930 (0.3968)  loss_mal_enc_0: 0.8889 (0.9045)  loss_bbox_enc_0: 0.0357 (0.0360)  loss_giou_enc_0: 0.4281 (0.4407)  loss_mal_dn_0: 0.6845 (0.6906)  loss_bbox_dn_0: 0.0306 (0.0320)  loss_giou_dn_0: 0.3966 (0.4035)  loss_fgl_dn_0: 1.2306 (1.2378)  loss_ddf_dn_0: 0.1740 (0.1712)  loss_mal_dn_1: 0.6017 (0.6062)  loss_bbox_dn_1: 0.0246 (0.0245)  loss_giou_dn_1: 0.3145 (0.3226)  loss_fgl_dn_1: 1.1649 (1.1684)  loss_ddf_dn_1: 0.0030 (0.0031)  loss_mal_dn_2: 0.5963 (0.5999)  loss_bbox_dn_2: 0.0245 (0.0243)  loss_giou_dn_2: 0.3118 (0.3204)  loss_fgl_dn_2: 1.1655 (1.1663)  loss_ddf_dn_2: -0.0000 (0.0000)  loss_mal_dn_pre: 0.6851 (0.6904)  loss_bbox_dn_pre: 0.0307 (0.0321)  loss_giou_dn_pre: 0.3963 (0.4039)  time: 0.5679  data: 0.0120  max mem: 5186
Epoch: [7/12]  [58/59]  eta: 0:00:00  lr: 0.000100  loss: 17.3245 (17.5570)  loss_mal: 0.6559 (0.6613)  loss_bbox: 0.0311 (0.0314)  loss_giou: 0.3809 (0.3814)  loss_fgl: 1.2154 (1.2194)  loss_mal_aux_0: 0.7686 (0.7672)  loss_bbox_aux_0: 0.0323 (0.0329)  loss_giou_aux_0: 0.3880 (0.3994)  loss_fgl_aux_0: 1.2344 (1.2367)  loss_ddf_aux_0: 0.0316 (0.0332)  loss_mal_aux_1: 0.6700 (0.6725)  loss_bbox_aux_1: 0.0308 (0.0315)  loss_giou_aux_1: 0.3826 (0.3830)  loss_fgl_aux_1: 1.2149 (1.2201)  loss_ddf_aux_1: 0.0014 (0.0014)  loss_mal_pre: 0.7628 (0.7615)  loss_bbox_pre: 0.0322 (0.0330)  loss_giou_pre: 0.3893 (0.3992)  loss_mal_enc_0: 0.9062 (0.9055)  loss_bbox_enc_0: 0.0349 (0.0361)  loss_giou_enc_0: 0.4238 (0.4421)  loss_mal_dn_0: 0.6845 (0.6919)  loss_bbox_dn_0: 0.0305 (0.0322)  loss_giou_dn_0: 0.3867 (0.4046)  loss_fgl_dn_0: 1.2313 (1.2379)  loss_ddf_dn_0: 0.1627 (0.1704)  loss_mal_dn_1: 0.6017 (0.6076)  loss_bbox_dn_1: 0.0247 (0.0246)  loss_giou_dn_1: 0.3145 (0.3238)  loss_fgl_dn_1: 1.1649 (1.1686)  loss_ddf_dn_1: 0.0030 (0.0031)  loss_mal_dn_2: 0.5990 (0.6017)  loss_bbox_dn_2: 0.0245 (0.0245)  loss_giou_dn_2: 0.3143 (0.3217)  loss_fgl_dn_2: 1.1655 (1.1667)  loss_ddf_dn_2: -0.0000 (0.0000)  loss_mal_dn_pre: 0.6843 (0.6916)  loss_bbox_dn_pre: 0.0307 (0.0323)  loss_giou_dn_pre: 0.3907 (0.4050)  time: 0.5637  data: 0.0121  max mem: 5186
Epoch: [7/12] Total time: 0:00:33 (0.5627 s / it)
Averaged stats: lr: 0.000100  loss: 17.3245 (17.5570)  loss_mal: 0.6559 (0.6613)  loss_bbox: 0.0311 (0.0314)  loss_giou: 0.3809 (0.3814)  loss_fgl: 1.2154 (1.2194)  loss_mal_aux_0: 0.7686 (0.7672)  loss_bbox_aux_0: 0.0323 (0.0329)  loss_giou_aux_0: 0.3880 (0.3994)  loss_fgl_aux_0: 1.2344 (1.2367)  loss_ddf_aux_0: 0.0316 (0.0332)  loss_mal_aux_1: 0.6700 (0.6725)  loss_bbox_aux_1: 0.0308 (0.0315)  loss_giou_aux_1: 0.3826 (0.3830)  loss_fgl_aux_1: 1.2149 (1.2201)  loss_ddf_aux_1: 0.0014 (0.0014)  loss_mal_pre: 0.7628 (0.7615)  loss_bbox_pre: 0.0322 (0.0330)  loss_giou_pre: 0.3893 (0.3992)  loss_mal_enc_0: 0.9062 (0.9055)  loss_bbox_enc_0: 0.0349 (0.0361)  loss_giou_enc_0: 0.4238 (0.4421)  loss_mal_dn_0: 0.6845 (0.6919)  loss_bbox_dn_0: 0.0305 (0.0322)  loss_giou_dn_0: 0.3867 (0.4046)  loss_fgl_dn_0: 1.2313 (1.2379)  loss_ddf_dn_0: 0.1627 (0.1704)  loss_mal_dn_1: 0.6017 (0.6076)  loss_bbox_dn_1: 0.0247 (0.0246)  loss_giou_dn_1: 0.3145 (0.3238)  loss_fgl_dn_1: 1.1649 (1.1686)  loss_ddf_dn_1: 0.0030 (0.0031)  loss_mal_dn_2: 0.5990 (0.6017)  loss_bbox_dn_2: 0.0245 (0.0245)  loss_giou_dn_2: 0.3143 (0.3217)  loss_fgl_dn_2: 1.1655 (1.1667)  loss_ddf_dn_2: -0.0000 (0.0000)  loss_mal_dn_pre: 0.6843 (0.6916)  loss_bbox_dn_pre: 0.0307 (0.0323)  loss_giou_dn_pre: 0.3907 (0.4050)
Test:  [0/9]  eta: 0:00:03    time: 0.4083  data: 0.2199  max mem: 5186
Test:  [8/9]  eta: 0:00:00    time: 0.1710  data: 0.0359  max mem: 5186
Test: Total time: 0:00:01 (0.1750 s / it)
Metrics: {'f1': 0.972027972027972, 'precision': 0.9788732394366197, 'recall': 0.9652777777777778, 'iou': 0.6698302148150749, 'TPs': 139, 'FPs': 3, 'FNs': 5}
Averaged stats: 
Accumulating evaluation results...
COCOeval_opt.accumulate() finished...
DONE (t=0.01s).
IoU metric: bbox
 Average Precision  (AP) @[ IoU=0.50:0.95 | area=   all | maxDets=100 ] = 0.375
 Average Precision  (AP) @[ IoU=0.50      | area=   all | maxDets=100 ] = 0.976
 Average Precision  (AP) @[ IoU=0.75      | area=   all | maxDets=100 ] = 0.160
 Average Precision  (AP) @[ IoU=0.50:0.95 | area= small | maxDets=100 ] = 0.375
 Average Precision  (AP) @[ IoU=0.50:0.95 | area=medium | maxDets=100 ] = -1.000
 Average Precision  (AP) @[ IoU=0.50:0.95 | area= large | maxDets=100 ] = -1.000
 Average Recall     (AR) @[ IoU=0.50:0.95 | area=   all | maxDets=  1 ] = 0.216
 Average Recall     (AR) @[ IoU=0.50:0.95 | area=   all | maxDets= 10 ] = 0.487
 Average Recall     (AR) @[ IoU=0.50:0.95 | area=   all | maxDets=100 ] = 0.542
 Average Recall     (AR) @[ IoU=0.50:0.95 | area= small | maxDets=100 ] = 0.542
 Average Recall     (AR) @[ IoU=0.50:0.95 | area=medium | maxDets=100 ] = -1.000
 Average Recall     (AR) @[ IoU=0.50:0.95 | area= large | maxDets=100 ] = -1.000
 Average Recall     (AR) @[ IoU=0.50      | area=   all | maxDets=100 ] = 0.993
 Average Recall     (AR) @[ IoU=0.75      | area=   all | maxDets=100 ] = 0.535
best_stat: {'epoch': 4, 'coco_eval_bbox': 0.38578283117905976}
Epoch: [8/12]  [ 0/59]  eta: 0:00:46  lr: 0.000100  loss: 17.8027 (17.8027)  loss_mal: 0.6877 (0.6877)  loss_bbox: 0.0325 (0.0325)  loss_giou: 0.3829 (0.3829)  loss_fgl: 1.2522 (1.2522)  loss_mal_aux_0: 0.8031 (0.8031)  loss_bbox_aux_0: 0.0358 (0.0358)  loss_giou_aux_0: 0.4078 (0.4078)  loss_fgl_aux_0: 1.2804 (1.2804)  loss_ddf_aux_0: 0.0279 (0.0279)  loss_mal_aux_1: 0.7085 (0.7085)  loss_bbox_aux_1: 0.0327 (0.0327)  loss_giou_aux_1: 0.3848 (0.3848)  loss_fgl_aux_1: 1.2506 (1.2506)  loss_ddf_aux_1: 0.0013 (0.0013)  loss_mal_pre: 0.7965 (0.7965)  loss_bbox_pre: 0.0359 (0.0359)  loss_giou_pre: 0.4078 (0.4078)  loss_mal_enc_0: 0.8508 (0.8508)  loss_bbox_enc_0: 0.0373 (0.0373)  loss_giou_enc_0: 0.4573 (0.4573)  loss_mal_dn_0: 0.6909 (0.6909)  loss_bbox_dn_0: 0.0314 (0.0314)  loss_giou_dn_0: 0.3933 (0.3933)  loss_fgl_dn_0: 1.2493 (1.2493)  loss_ddf_dn_0: 0.1400 (0.1400)  loss_mal_dn_1: 0.6286 (0.6286)  loss_bbox_dn_1: 0.0251 (0.0251)  loss_giou_dn_1: 0.3282 (0.3282)  loss_fgl_dn_1: 1.1793 (1.1793)  loss_ddf_dn_1: 0.0024 (0.0024)  loss_mal_dn_2: 0.6194 (0.6194)  loss_bbox_dn_2: 0.0251 (0.0251)  loss_giou_dn_2: 0.3251 (0.3251)  loss_fgl_dn_2: 1.1780 (1.1780)  loss_ddf_dn_2: -0.0000 (0.0000)  loss_mal_dn_pre: 0.6893 (0.6893)  loss_bbox_dn_pre: 0.0314 (0.0314)  loss_giou_dn_pre: 0.3920 (0.3920)  time: 0.7942  data: 0.2485  max mem: 5186
Epoch: [8/12]  [10/59]  eta: 0:00:29  lr: 0.000100  loss: 17.0267 (16.9175)  loss_mal: 0.6380 (0.6350)  loss_bbox: 0.0267 (0.0270)  loss_giou: 0.3437 (0.3354)  loss_fgl: 1.1914 (1.2005)  loss_mal_aux_0: 0.7365 (0.7415)  loss_bbox_aux_0: 0.0292 (0.0289)  loss_giou_aux_0: 0.3621 (0.3537)  loss_fgl_aux_0: 1.2210 (1.2247)  loss_ddf_aux_0: 0.0340 (0.0334)  loss_mal_aux_1: 0.6389 (0.6563)  loss_bbox_aux_1: 0.0261 (0.0271)  loss_giou_aux_1: 0.3525 (0.3369)  loss_fgl_aux_1: 1.1955 (1.2007)  loss_ddf_aux_1: 0.0016 (0.0016)  loss_mal_pre: 0.7266 (0.7366)  loss_bbox_pre: 0.0289 (0.0289)  loss_giou_pre: 0.3601 (0.3531)  loss_mal_enc_0: 0.8816 (0.8913)  loss_bbox_enc_0: 0.0329 (0.0320)  loss_giou_enc_0: 0.4326 (0.4072)  loss_mal_dn_0: 0.6829 (0.6756)  loss_bbox_dn_0: 0.0294 (0.0287)  loss_giou_dn_0: 0.3819 (0.3721)  loss_fgl_dn_0: 1.2322 (1.2321)  loss_ddf_dn_0: 0.1566 (0.1523)  loss_mal_dn_1: 0.5955 (0.5910)  loss_bbox_dn_1: 0.0223 (0.0221)  loss_giou_dn_1: 0.3041 (0.2991)  loss_fgl_dn_1: 1.1597 (1.1558)  loss_ddf_dn_1: 0.0031 (0.0031)  loss_mal_dn_2: 0.5918 (0.5849)  loss_bbox_dn_2: 0.0221 (0.0220)  loss_giou_dn_2: 0.3013 (0.2970)  loss_fgl_dn_2: 1.1556 (1.1534)  loss_ddf_dn_2: -0.0000 (0.0000)  loss_mal_dn_pre: 0.6843 (0.6761)  loss_bbox_dn_pre: 0.0294 (0.0287)  loss_giou_dn_pre: 0.3798 (0.3715)  time: 0.6083  data: 0.0334  max mem: 5186
Epoch: [8/12]  [20/59]  eta: 0:00:23  lr: 0.000100  loss: 17.1920 (17.1015)  loss_mal: 0.6370 (0.6342)  loss_bbox: 0.0276 (0.0289)  loss_giou: 0.3568 (0.3554)  loss_fgl: 1.2012 (1.2082)  loss_mal_aux_0: 0.7332 (0.7444)  loss_bbox_aux_0: 0.0292 (0.0306)  loss_giou_aux_0: 0.3635 (0.3747)  loss_fgl_aux_0: 1.2230 (1.2319)  loss_ddf_aux_0: 0.0330 (0.0331)  loss_mal_aux_1: 0.6378 (0.6518)  loss_bbox_aux_1: 0.0275 (0.0290)  loss_giou_aux_1: 0.3535 (0.3568)  loss_fgl_aux_1: 1.2000 (1.2085)  loss_ddf_aux_1: 0.0015 (0.0015)  loss_mal_pre: 0.7264 (0.7401)  loss_bbox_pre: 0.0289 (0.0307)  loss_giou_pre: 0.3653 (0.3754)  loss_mal_enc_0: 0.8742 (0.8747)  loss_bbox_enc_0: 0.0329 (0.0339)  loss_giou_enc_0: 0.4339 (0.4254)  loss_mal_dn_0: 0.6832 (0.6806)  loss_bbox_dn_0: 0.0294 (0.0300)  loss_giou_dn_0: 0.3923 (0.3843)  loss_fgl_dn_0: 1.2321 (1.2321)  loss_ddf_dn_0: 0.1595 (0.1593)  loss_mal_dn_1: 0.5955 (0.5938)  loss_bbox_dn_1: 0.0223 (0.0228)  loss_giou_dn_1: 0.3058 (0.3050)  loss_fgl_dn_1: 1.1576 (1.1563)  loss_ddf_dn_1: 0.0032 (0.0032)  loss_mal_dn_2: 0.5913 (0.5884)  loss_bbox_dn_2: 0.0221 (0.0227)  loss_giou_dn_2: 0.3056 (0.3034)  loss_fgl_dn_2: 1.1539 (1.1548)  loss_ddf_dn_2: -0.0000 (0.0000)  loss_mal_dn_pre: 0.6844 (0.6809)  loss_bbox_dn_pre: 0.0296 (0.0301)  loss_giou_dn_pre: 0.3931 (0.3846)  time: 0.5899  data: 0.0124  max mem: 5186
Epoch: [8/12]  [30/59]  eta: 0:00:16  lr: 0.000100  loss: 17.3819 (17.1488)  loss_mal: 0.6181 (0.6301)  loss_bbox: 0.0312 (0.0301)  loss_giou: 0.3775 (0.3621)  loss_fgl: 1.2184 (1.2110)  loss_mal_aux_0: 0.7496 (0.7476)  loss_bbox_aux_0: 0.0325 (0.0315)  loss_giou_aux_0: 0.3944 (0.3784)  loss_fgl_aux_0: 1.2312 (1.2323)  loss_ddf_aux_0: 0.0314 (0.0329)  loss_mal_aux_1: 0.6357 (0.6466)  loss_bbox_aux_1: 0.0317 (0.0302)  loss_giou_aux_1: 0.3773 (0.3631)  loss_fgl_aux_1: 1.2192 (1.2114)  loss_ddf_aux_1: 0.0014 (0.0015)  loss_mal_pre: 0.7390 (0.7424)  loss_bbox_pre: 0.0327 (0.0316)  loss_giou_pre: 0.3976 (0.3790)  loss_mal_enc_0: 0.8633 (0.8715)  loss_bbox_enc_0: 0.0365 (0.0347)  loss_giou_enc_0: 0.4442 (0.4257)  loss_mal_dn_0: 0.6897 (0.6812)  loss_bbox_dn_0: 0.0307 (0.0308)  loss_giou_dn_0: 0.4022 (0.3865)  loss_fgl_dn_0: 1.2310 (1.2313)  loss_ddf_dn_0: 0.1693 (0.1634)  loss_mal_dn_1: 0.5982 (0.5955)  loss_bbox_dn_1: 0.0237 (0.0235)  loss_giou_dn_1: 0.3170 (0.3080)  loss_fgl_dn_1: 1.1490 (1.1570)  loss_ddf_dn_1: 0.0031 (0.0032)  loss_mal_dn_2: 0.5922 (0.5901)  loss_bbox_dn_2: 0.0238 (0.0234)  loss_giou_dn_2: 0.3137 (0.3063)  loss_fgl_dn_2: 1.1499 (1.1554)  loss_ddf_dn_2: -0.0000 (0.0000)  loss_mal_dn_pre: 0.6896 (0.6818)  loss_bbox_dn_pre: 0.0308 (0.0309)  loss_giou_dn_pre: 0.4026 (0.3870)  time: 0.5654  data: 0.0127  max mem: 5186
Epoch: [8/12]  [40/59]  eta: 0:00:10  lr: 0.000100  loss: 17.0470 (17.1153)  loss_mal: 0.6177 (0.6301)  loss_bbox: 0.0298 (0.0298)  loss_giou: 0.3748 (0.3596)  loss_fgl: 1.2061 (1.2078)  loss_mal_aux_0: 0.7341 (0.7442)  loss_bbox_aux_0: 0.0304 (0.0314)  loss_giou_aux_0: 0.3867 (0.3764)  loss_fgl_aux_0: 1.2208 (1.2295)  loss_ddf_aux_0: 0.0330 (0.0333)  loss_mal_aux_1: 0.6324 (0.6464)  loss_bbox_aux_1: 0.0299 (0.0300)  loss_giou_aux_1: 0.3730 (0.3609)  loss_fgl_aux_1: 1.2085 (1.2086)  loss_ddf_aux_1: 0.0016 (0.0016)  loss_mal_pre: 0.7300 (0.7401)  loss_bbox_pre: 0.0302 (0.0314)  loss_giou_pre: 0.3860 (0.3765)  loss_mal_enc_0: 0.8716 (0.8738)  loss_bbox_enc_0: 0.0333 (0.0347)  loss_giou_enc_0: 0.4212 (0.4251)  loss_mal_dn_0: 0.6756 (0.6799)  loss_bbox_dn_0: 0.0297 (0.0308)  loss_giou_dn_0: 0.3889 (0.3850)  loss_fgl_dn_0: 1.2223 (1.2294)  loss_ddf_dn_0: 0.1728 (0.1675)  loss_mal_dn_1: 0.5963 (0.5944)  loss_bbox_dn_1: 0.0231 (0.0235)  loss_giou_dn_1: 0.3098 (0.3071)  loss_fgl_dn_1: 1.1469 (1.1552)  loss_ddf_dn_1: 0.0033 (0.0033)  loss_mal_dn_2: 0.5897 (0.5888)  loss_bbox_dn_2: 0.0229 (0.0233)  loss_giou_dn_2: 0.3085 (0.3051)  loss_fgl_dn_2: 1.1444 (1.1533)  loss_ddf_dn_2: -0.0000 (0.0000)  loss_mal_dn_pre: 0.6792 (0.6807)  loss_bbox_dn_pre: 0.0299 (0.0309)  loss_giou_dn_pre: 0.3926 (0.3856)  time: 0.5246  data: 0.0124  max mem: 5186
Epoch: [8/12]  [50/59]  eta: 0:00:05  lr: 0.000100  loss: 17.2728 (17.1777)  loss_mal: 0.6612 (0.6399)  loss_bbox: 0.0281 (0.0298)  loss_giou: 0.3546 (0.3606)  loss_fgl: 1.2061 (1.2080)  loss_mal_aux_0: 0.7497 (0.7501)  loss_bbox_aux_0: 0.0302 (0.0314)  loss_giou_aux_0: 0.3846 (0.3780)  loss_fgl_aux_0: 1.2217 (1.2295)  loss_ddf_aux_0: 0.0358 (0.0339)  loss_mal_aux_1: 0.6675 (0.6522)  loss_bbox_aux_1: 0.0283 (0.0300)  loss_giou_aux_1: 0.3576 (0.3617)  loss_fgl_aux_1: 1.2085 (1.2089)  loss_ddf_aux_1: 0.0016 (0.0016)  loss_mal_pre: 0.7439 (0.7454)  loss_bbox_pre: 0.0297 (0.0314)  loss_giou_pre: 0.3851 (0.3783)  loss_mal_enc_0: 0.8790 (0.8790)  loss_bbox_enc_0: 0.0342 (0.0347)  loss_giou_enc_0: 0.4245 (0.4273)  loss_mal_dn_0: 0.6843 (0.6818)  loss_bbox_dn_0: 0.0296 (0.0308)  loss_giou_dn_0: 0.3808 (0.3871)  loss_fgl_dn_0: 1.2348 (1.2314)  loss_ddf_dn_0: 0.1701 (0.1677)  loss_mal_dn_1: 0.6032 (0.5960)  loss_bbox_dn_1: 0.0231 (0.0236)  loss_giou_dn_1: 0.3098 (0.3088)  loss_fgl_dn_1: 1.1689 (1.1576)  loss_ddf_dn_1: 0.0033 (0.0033)  loss_mal_dn_2: 0.6007 (0.5908)  loss_bbox_dn_2: 0.0230 (0.0234)  loss_giou_dn_2: 0.3085 (0.3070)  loss_fgl_dn_2: 1.1665 (1.1559)  loss_ddf_dn_2: -0.0000 (0.0000)  loss_mal_dn_pre: 0.6847 (0.6825)  loss_bbox_dn_pre: 0.0295 (0.0309)  loss_giou_dn_pre: 0.3825 (0.3876)  time: 0.5437  data: 0.0120  max mem: 5186
Epoch: [8/12]  [58/59]  eta: 0:00:00  lr: 0.000100  loss: 17.3131 (17.2048)  loss_mal: 0.6677 (0.6414)  loss_bbox: 0.0295 (0.0299)  loss_giou: 0.3590 (0.3623)  loss_fgl: 1.2160 (1.2101)  loss_mal_aux_0: 0.7548 (0.7506)  loss_bbox_aux_0: 0.0315 (0.0315)  loss_giou_aux_0: 0.3899 (0.3797)  loss_fgl_aux_0: 1.2412 (1.2309)  loss_ddf_aux_0: 0.0358 (0.0340)  loss_mal_aux_1: 0.6675 (0.6544)  loss_bbox_aux_1: 0.0293 (0.0300)  loss_giou_aux_1: 0.3605 (0.3636)  loss_fgl_aux_1: 1.2179 (1.2110)  loss_ddf_aux_1: 0.0015 (0.0016)  loss_mal_pre: 0.7457 (0.7460)  loss_bbox_pre: 0.0315 (0.0315)  loss_giou_pre: 0.3911 (0.3802)  loss_mal_enc_0: 0.8735 (0.8778)  loss_bbox_enc_0: 0.0349 (0.0347)  loss_giou_enc_0: 0.4333 (0.4275)  loss_mal_dn_0: 0.6861 (0.6826)  loss_bbox_dn_0: 0.0301 (0.0309)  loss_giou_dn_0: 0.3857 (0.3881)  loss_fgl_dn_0: 1.2358 (1.2324)  loss_ddf_dn_0: 0.1668 (0.1671)  loss_mal_dn_1: 0.5982 (0.5967)  loss_bbox_dn_1: 0.0232 (0.0237)  loss_giou_dn_1: 0.3126 (0.3098)  loss_fgl_dn_1: 1.1691 (1.1589)  loss_ddf_dn_1: 0.0030 (0.0033)  loss_mal_dn_2: 0.5968 (0.5917)  loss_bbox_dn_2: 0.0231 (0.0235)  loss_giou_dn_2: 0.3109 (0.3079)  loss_fgl_dn_2: 1.1667 (1.1572)  loss_ddf_dn_2: -0.0000 (0.0000)  loss_mal_dn_pre: 0.6877 (0.6832)  loss_bbox_dn_pre: 0.0303 (0.0310)  loss_giou_dn_pre: 0.3888 (0.3885)  time: 0.5743  data: 0.0117  max mem: 5186
Epoch: [8/12] Total time: 0:00:33 (0.5695 s / it)
Averaged stats: lr: 0.000100  loss: 17.3131 (17.2048)  loss_mal: 0.6677 (0.6414)  loss_bbox: 0.0295 (0.0299)  loss_giou: 0.3590 (0.3623)  loss_fgl: 1.2160 (1.2101)  loss_mal_aux_0: 0.7548 (0.7506)  loss_bbox_aux_0: 0.0315 (0.0315)  loss_giou_aux_0: 0.3899 (0.3797)  loss_fgl_aux_0: 1.2412 (1.2309)  loss_ddf_aux_0: 0.0358 (0.0340)  loss_mal_aux_1: 0.6675 (0.6544)  loss_bbox_aux_1: 0.0293 (0.0300)  loss_giou_aux_1: 0.3605 (0.3636)  loss_fgl_aux_1: 1.2179 (1.2110)  loss_ddf_aux_1: 0.0015 (0.0016)  loss_mal_pre: 0.7457 (0.7460)  loss_bbox_pre: 0.0315 (0.0315)  loss_giou_pre: 0.3911 (0.3802)  loss_mal_enc_0: 0.8735 (0.8778)  loss_bbox_enc_0: 0.0349 (0.0347)  loss_giou_enc_0: 0.4333 (0.4275)  loss_mal_dn_0: 0.6861 (0.6826)  loss_bbox_dn_0: 0.0301 (0.0309)  loss_giou_dn_0: 0.3857 (0.3881)  loss_fgl_dn_0: 1.2358 (1.2324)  loss_ddf_dn_0: 0.1668 (0.1671)  loss_mal_dn_1: 0.5982 (0.5967)  loss_bbox_dn_1: 0.0232 (0.0237)  loss_giou_dn_1: 0.3126 (0.3098)  loss_fgl_dn_1: 1.1691 (1.1589)  loss_ddf_dn_1: 0.0030 (0.0033)  loss_mal_dn_2: 0.5968 (0.5917)  loss_bbox_dn_2: 0.0231 (0.0235)  loss_giou_dn_2: 0.3109 (0.3079)  loss_fgl_dn_2: 1.1667 (1.1572)  loss_ddf_dn_2: -0.0000 (0.0000)  loss_mal_dn_pre: 0.6877 (0.6832)  loss_bbox_dn_pre: 0.0303 (0.0310)  loss_giou_dn_pre: 0.3888 (0.3885)
Test:  [0/9]  eta: 0:00:02    time: 0.2938  data: 0.2213  max mem: 5186
Test:  [8/9]  eta: 0:00:00    time: 0.1499  data: 0.0367  max mem: 5186
Test: Total time: 0:00:01 (0.1534 s / it)
Metrics: {'f1': 0.9757785467128027, 'precision': 0.9724137931034482, 'recall': 0.9791666666666666, 'iou': 0.6733649103222666, 'TPs': 141, 'FPs': 4, 'FNs': 3}
Averaged stats: 
Accumulating evaluation results...
COCOeval_opt.accumulate() finished...
DONE (t=0.01s).
IoU metric: bbox
 Average Precision  (AP) @[ IoU=0.50:0.95 | area=   all | maxDets=100 ] = 0.377
 Average Precision  (AP) @[ IoU=0.50      | area=   all | maxDets=100 ] = 0.976
 Average Precision  (AP) @[ IoU=0.75      | area=   all | maxDets=100 ] = 0.161
 Average Precision  (AP) @[ IoU=0.50:0.95 | area= small | maxDets=100 ] = 0.377
 Average Precision  (AP) @[ IoU=0.50:0.95 | area=medium | maxDets=100 ] = -1.000
 Average Precision  (AP) @[ IoU=0.50:0.95 | area= large | maxDets=100 ] = -1.000
 Average Recall     (AR) @[ IoU=0.50:0.95 | area=   all | maxDets=  1 ] = 0.210
 Average Recall     (AR) @[ IoU=0.50:0.95 | area=   all | maxDets= 10 ] = 0.493
 Average Recall     (AR) @[ IoU=0.50:0.95 | area=   all | maxDets=100 ] = 0.551
 Average Recall     (AR) @[ IoU=0.50:0.95 | area= small | maxDets=100 ] = 0.551
 Average Recall     (AR) @[ IoU=0.50:0.95 | area=medium | maxDets=100 ] = -1.000
 Average Recall     (AR) @[ IoU=0.50:0.95 | area= large | maxDets=100 ] = -1.000
 Average Recall     (AR) @[ IoU=0.50      | area=   all | maxDets=100 ] = 0.993
 Average Recall     (AR) @[ IoU=0.75      | area=   all | maxDets=100 ] = 0.542
best_stat: {'epoch': 4, 'coco_eval_bbox': 0.38578283117905976}
Epoch: [9/12]  [ 0/59]  eta: 0:00:40  lr: 0.000100  loss: 17.0608 (17.0608)  loss_mal: 0.6261 (0.6261)  loss_bbox: 0.0286 (0.0286)  loss_giou: 0.3486 (0.3486)  loss_fgl: 1.1790 (1.1790)  loss_mal_aux_0: 0.7486 (0.7486)  loss_bbox_aux_0: 0.0319 (0.0319)  loss_giou_aux_0: 0.3841 (0.3841)  loss_fgl_aux_0: 1.2067 (1.2067)  loss_ddf_aux_0: 0.0399 (0.0399)  loss_mal_aux_1: 0.6414 (0.6414)  loss_bbox_aux_1: 0.0288 (0.0288)  loss_giou_aux_1: 0.3491 (0.3491)  loss_fgl_aux_1: 1.1781 (1.1781)  loss_ddf_aux_1: 0.0019 (0.0019)  loss_mal_pre: 0.7487 (0.7487)  loss_bbox_pre: 0.0324 (0.0324)  loss_giou_pre: 0.3890 (0.3890)  loss_mal_enc_0: 0.8742 (0.8742)  loss_bbox_enc_0: 0.0345 (0.0345)  loss_giou_enc_0: 0.4340 (0.4340)  loss_mal_dn_0: 0.6935 (0.6935)  loss_bbox_dn_0: 0.0336 (0.0336)  loss_giou_dn_0: 0.4051 (0.4051)  loss_fgl_dn_0: 1.2201 (1.2201)  loss_ddf_dn_0: 0.1508 (0.1508)  loss_mal_dn_1: 0.5976 (0.5976)  loss_bbox_dn_1: 0.0241 (0.0241)  loss_giou_dn_1: 0.3082 (0.3082)  loss_fgl_dn_1: 1.1339 (1.1339)  loss_ddf_dn_1: 0.0028 (0.0028)  loss_mal_dn_2: 0.5901 (0.5901)  loss_bbox_dn_2: 0.0238 (0.0238)  loss_giou_dn_2: 0.3047 (0.3047)  loss_fgl_dn_2: 1.1312 (1.1312)  loss_ddf_dn_2: -0.0000 (0.0000)  loss_mal_dn_pre: 0.6949 (0.6949)  loss_bbox_dn_pre: 0.0337 (0.0337)  loss_giou_dn_pre: 0.4068 (0.4068)  time: 0.6822  data: 0.2204  max mem: 5186
Epoch: [9/12]  [10/59]  eta: 0:00:29  lr: 0.000100  loss: 16.8372 (17.1410)  loss_mal: 0.6328 (0.6404)  loss_bbox: 0.0308 (0.0311)  loss_giou: 0.3461 (0.3596)  loss_fgl: 1.1893 (1.2024)  loss_mal_aux_0: 0.7463 (0.7403)  loss_bbox_aux_0: 0.0328 (0.0328)  loss_giou_aux_0: 0.3557 (0.3802)  loss_fgl_aux_0: 1.2171 (1.2244)  loss_ddf_aux_0: 0.0358 (0.0360)  loss_mal_aux_1: 0.6414 (0.6467)  loss_bbox_aux_1: 0.0308 (0.0313)  loss_giou_aux_1: 0.3450 (0.3614)  loss_fgl_aux_1: 1.1909 (1.2030)  loss_ddf_aux_1: 0.0016 (0.0017)  loss_mal_pre: 0.7430 (0.7379)  loss_bbox_pre: 0.0331 (0.0331)  loss_giou_pre: 0.3573 (0.3830)  loss_mal_enc_0: 0.8742 (0.8902)  loss_bbox_enc_0: 0.0367 (0.0368)  loss_giou_enc_0: 0.4245 (0.4367)  loss_mal_dn_0: 0.6697 (0.6778)  loss_bbox_dn_0: 0.0311 (0.0319)  loss_giou_dn_0: 0.3704 (0.3859)  loss_fgl_dn_0: 1.2246 (1.2303)  loss_ddf_dn_0: 0.1690 (0.1700)  loss_mal_dn_1: 0.5838 (0.5907)  loss_bbox_dn_1: 0.0239 (0.0240)  loss_giou_dn_1: 0.2986 (0.3049)  loss_fgl_dn_1: 1.1491 (1.1520)  loss_ddf_dn_1: 0.0034 (0.0036)  loss_mal_dn_2: 0.5821 (0.5853)  loss_bbox_dn_2: 0.0235 (0.0238)  loss_giou_dn_2: 0.2949 (0.3026)  loss_fgl_dn_2: 1.1480 (1.1504)  loss_ddf_dn_2: -0.0000 (0.0000)  loss_mal_dn_pre: 0.6709 (0.6792)  loss_bbox_dn_pre: 0.0315 (0.0321)  loss_giou_dn_pre: 0.3735 (0.3876)  time: 0.6076  data: 0.0308  max mem: 5186
Epoch: [9/12]  [20/59]  eta: 0:00:23  lr: 0.000100  loss: 16.8156 (17.0945)  loss_mal: 0.6227 (0.6327)  loss_bbox: 0.0279 (0.0298)  loss_giou: 0.3390 (0.3577)  loss_fgl: 1.1893 (1.2017)  loss_mal_aux_0: 0.7305 (0.7345)  loss_bbox_aux_0: 0.0300 (0.0317)  loss_giou_aux_0: 0.3557 (0.3779)  loss_fgl_aux_0: 1.2127 (1.2257)  loss_ddf_aux_0: 0.0358 (0.0380)  loss_mal_aux_1: 0.6307 (0.6460)  loss_bbox_aux_1: 0.0287 (0.0300)  loss_giou_aux_1: 0.3397 (0.3587)  loss_fgl_aux_1: 1.1902 (1.2026)  loss_ddf_aux_1: 0.0016 (0.0017)  loss_mal_pre: 0.7298 (0.7313)  loss_bbox_pre: 0.0300 (0.0318)  loss_giou_pre: 0.3573 (0.3786)  loss_mal_enc_0: 0.8636 (0.8753)  loss_bbox_enc_0: 0.0346 (0.0356)  loss_giou_enc_0: 0.4230 (0.4338)  loss_mal_dn_0: 0.6697 (0.6778)  loss_bbox_dn_0: 0.0302 (0.0310)  loss_giou_dn_0: 0.3621 (0.3849)  loss_fgl_dn_0: 1.2230 (1.2324)  loss_ddf_dn_0: 0.1690 (0.1730)  loss_mal_dn_1: 0.5837 (0.5918)  loss_bbox_dn_1: 0.0224 (0.0234)  loss_giou_dn_1: 0.2914 (0.3046)  loss_fgl_dn_1: 1.1466 (1.1547)  loss_ddf_dn_1: 0.0036 (0.0037)  loss_mal_dn_2: 0.5774 (0.5871)  loss_bbox_dn_2: 0.0218 (0.0232)  loss_giou_dn_2: 0.2878 (0.3028)  loss_fgl_dn_2: 1.1471 (1.1536)  loss_ddf_dn_2: -0.0000 (0.0000)  loss_mal_dn_pre: 0.6709 (0.6787)  loss_bbox_dn_pre: 0.0303 (0.0311)  loss_giou_dn_pre: 0.3665 (0.3857)  time: 0.5905  data: 0.0121  max mem: 5186
Epoch: [9/12]  [30/59]  eta: 0:00:17  lr: 0.000100  loss: 16.8481 (17.0440)  loss_mal: 0.6226 (0.6318)  loss_bbox: 0.0256 (0.0295)  loss_giou: 0.3470 (0.3565)  loss_fgl: 1.1858 (1.1996)  loss_mal_aux_0: 0.7244 (0.7319)  loss_bbox_aux_0: 0.0284 (0.0314)  loss_giou_aux_0: 0.3648 (0.3775)  loss_fgl_aux_0: 1.2127 (1.2245)  loss_ddf_aux_0: 0.0386 (0.0393)  loss_mal_aux_1: 0.6465 (0.6479)  loss_bbox_aux_1: 0.0260 (0.0296)  loss_giou_aux_1: 0.3472 (0.3569)  loss_fgl_aux_1: 1.1841 (1.2005)  loss_ddf_aux_1: 0.0017 (0.0017)  loss_mal_pre: 0.7216 (0.7291)  loss_bbox_pre: 0.0283 (0.0315)  loss_giou_pre: 0.3616 (0.3783)  loss_mal_enc_0: 0.8533 (0.8709)  loss_bbox_enc_0: 0.0326 (0.0350)  loss_giou_enc_0: 0.4183 (0.4282)  loss_mal_dn_0: 0.6727 (0.6770)  loss_bbox_dn_0: 0.0288 (0.0304)  loss_giou_dn_0: 0.3793 (0.3827)  loss_fgl_dn_0: 1.2182 (1.2273)  loss_ddf_dn_0: 0.1779 (0.1778)  loss_mal_dn_1: 0.5835 (0.5894)  loss_bbox_dn_1: 0.0216 (0.0229)  loss_giou_dn_1: 0.2912 (0.3019)  loss_fgl_dn_1: 1.1358 (1.1500)  loss_ddf_dn_1: 0.0036 (0.0038)  loss_mal_dn_2: 0.5768 (0.5850)  loss_bbox_dn_2: 0.0212 (0.0228)  loss_giou_dn_2: 0.2878 (0.3001)  loss_fgl_dn_2: 1.1359 (1.1489)  loss_ddf_dn_2: -0.0000 (0.0000)  loss_mal_dn_pre: 0.6744 (0.6782)  loss_bbox_dn_pre: 0.0289 (0.0306)  loss_giou_dn_pre: 0.3786 (0.3835)  time: 0.5916  data: 0.0124  max mem: 5186
Epoch: [9/12]  [40/59]  eta: 0:00:10  lr: 0.000100  loss: 16.7547 (16.9133)  loss_mal: 0.6149 (0.6258)  loss_bbox: 0.0259 (0.0289)  loss_giou: 0.3319 (0.3499)  loss_fgl: 1.1830 (1.1954)  loss_mal_aux_0: 0.7244 (0.7354)  loss_bbox_aux_0: 0.0292 (0.0307)  loss_giou_aux_0: 0.3572 (0.3710)  loss_fgl_aux_0: 1.2051 (1.2219)  loss_ddf_aux_0: 0.0395 (0.0396)  loss_mal_aux_1: 0.6462 (0.6451)  loss_bbox_aux_1: 0.0261 (0.0290)  loss_giou_aux_1: 0.3325 (0.3505)  loss_fgl_aux_1: 1.1841 (1.1970)  loss_ddf_aux_1: 0.0017 (0.0017)  loss_mal_pre: 0.7216 (0.7314)  loss_bbox_pre: 0.0294 (0.0308)  loss_giou_pre: 0.3575 (0.3715)  loss_mal_enc_0: 0.8231 (0.8599)  loss_bbox_enc_0: 0.0319 (0.0342)  loss_giou_enc_0: 0.4022 (0.4202)  loss_mal_dn_0: 0.6694 (0.6726)  loss_bbox_dn_0: 0.0286 (0.0297)  loss_giou_dn_0: 0.3668 (0.3738)  loss_fgl_dn_0: 1.2087 (1.2217)  loss_ddf_dn_0: 0.1724 (0.1757)  loss_mal_dn_1: 0.5777 (0.5848)  loss_bbox_dn_1: 0.0216 (0.0225)  loss_giou_dn_1: 0.2859 (0.2964)  loss_fgl_dn_1: 1.1287 (1.1446)  loss_ddf_dn_1: 0.0035 (0.0037)  loss_mal_dn_2: 0.5745 (0.5804)  loss_bbox_dn_2: 0.0212 (0.0223)  loss_giou_dn_2: 0.2835 (0.2946)  loss_fgl_dn_2: 1.1250 (1.1430)  loss_ddf_dn_2: -0.0000 (0.0000)  loss_mal_dn_pre: 0.6712 (0.6739)  loss_bbox_dn_pre: 0.0288 (0.0297)  loss_giou_dn_pre: 0.3696 (0.3742)  time: 0.5336  data: 0.0123  max mem: 5186
Epoch: [9/12]  [50/59]  eta: 0:00:04  lr: 0.000100  loss: 16.7547 (16.8877)  loss_mal: 0.6219 (0.6253)  loss_bbox: 0.0286 (0.0289)  loss_giou: 0.3347 (0.3489)  loss_fgl: 1.1838 (1.1959)  loss_mal_aux_0: 0.7219 (0.7322)  loss_bbox_aux_0: 0.0296 (0.0305)  loss_giou_aux_0: 0.3574 (0.3679)  loss_fgl_aux_0: 1.2100 (1.2206)  loss_ddf_aux_0: 0.0378 (0.0395)  loss_mal_aux_1: 0.6328 (0.6432)  loss_bbox_aux_1: 0.0284 (0.0290)  loss_giou_aux_1: 0.3355 (0.3495)  loss_fgl_aux_1: 1.1868 (1.1974)  loss_ddf_aux_1: 0.0016 (0.0016)  loss_mal_pre: 0.7177 (0.7284)  loss_bbox_pre: 0.0297 (0.0306)  loss_giou_pre: 0.3572 (0.3687)  loss_mal_enc_0: 0.8278 (0.8605)  loss_bbox_enc_0: 0.0333 (0.0340)  loss_giou_enc_0: 0.3943 (0.4170)  loss_mal_dn_0: 0.6654 (0.6730)  loss_bbox_dn_0: 0.0283 (0.0296)  loss_giou_dn_0: 0.3566 (0.3728)  loss_fgl_dn_0: 1.2087 (1.2209)  loss_ddf_dn_0: 0.1674 (0.1754)  loss_mal_dn_1: 0.5766 (0.5850)  loss_bbox_dn_1: 0.0219 (0.0225)  loss_giou_dn_1: 0.2816 (0.2957)  loss_fgl_dn_1: 1.1281 (1.1438)  loss_ddf_dn_1: 0.0034 (0.0037)  loss_mal_dn_2: 0.5718 (0.5803)  loss_bbox_dn_2: 0.0217 (0.0223)  loss_giou_dn_2: 0.2805 (0.2940)  loss_fgl_dn_2: 1.1239 (1.1420)  loss_ddf_dn_2: -0.0000 (0.0000)  loss_mal_dn_pre: 0.6686 (0.6745)  loss_bbox_dn_pre: 0.0284 (0.0297)  loss_giou_dn_pre: 0.3567 (0.3733)  time: 0.4618  data: 0.0118  max mem: 5186
Epoch: [9/12]  [58/59]  eta: 0:00:00  lr: 0.000100  loss: 16.7940 (16.9288)  loss_mal: 0.6242 (0.6276)  loss_bbox: 0.0289 (0.0290)  loss_giou: 0.3461 (0.3515)  loss_fgl: 1.1984 (1.1974)  loss_mal_aux_0: 0.7434 (0.7345)  loss_bbox_aux_0: 0.0298 (0.0306)  loss_giou_aux_0: 0.3649 (0.3707)  loss_fgl_aux_0: 1.2161 (1.2215)  loss_ddf_aux_0: 0.0374 (0.0391)  loss_mal_aux_1: 0.6396 (0.6446)  loss_bbox_aux_1: 0.0293 (0.0291)  loss_giou_aux_1: 0.3491 (0.3523)  loss_fgl_aux_1: 1.2003 (1.1990)  loss_ddf_aux_1: 0.0015 (0.0016)  loss_mal_pre: 0.7356 (0.7310)  loss_bbox_pre: 0.0299 (0.0308)  loss_giou_pre: 0.3642 (0.3718)  loss_mal_enc_0: 0.8334 (0.8574)  loss_bbox_enc_0: 0.0333 (0.0341)  loss_giou_enc_0: 0.4099 (0.4186)  loss_mal_dn_0: 0.6730 (0.6738)  loss_bbox_dn_0: 0.0297 (0.0297)  loss_giou_dn_0: 0.3668 (0.3746)  loss_fgl_dn_0: 1.2188 (1.2221)  loss_ddf_dn_0: 0.1662 (0.1738)  loss_mal_dn_1: 0.5788 (0.5866)  loss_bbox_dn_1: 0.0227 (0.0227)  loss_giou_dn_1: 0.2931 (0.2981)  loss_fgl_dn_1: 1.1443 (1.1464)  loss_ddf_dn_1: 0.0032 (0.0036)  loss_mal_dn_2: 0.5752 (0.5818)  loss_bbox_dn_2: 0.0225 (0.0225)  loss_giou_dn_2: 0.2905 (0.2963)  loss_fgl_dn_2: 1.1436 (1.1445)  loss_ddf_dn_2: -0.0000 (0.0000)  loss_mal_dn_pre: 0.6735 (0.6752)  loss_bbox_dn_pre: 0.0297 (0.0298)  loss_giou_dn_pre: 0.3672 (0.3750)  time: 0.4539  data: 0.0114  max mem: 5186
Epoch: [9/12] Total time: 0:00:31 (0.5314 s / it)
Averaged stats: lr: 0.000100  loss: 16.7940 (16.9288)  loss_mal: 0.6242 (0.6276)  loss_bbox: 0.0289 (0.0290)  loss_giou: 0.3461 (0.3515)  loss_fgl: 1.1984 (1.1974)  loss_mal_aux_0: 0.7434 (0.7345)  loss_bbox_aux_0: 0.0298 (0.0306)  loss_giou_aux_0: 0.3649 (0.3707)  loss_fgl_aux_0: 1.2161 (1.2215)  loss_ddf_aux_0: 0.0374 (0.0391)  loss_mal_aux_1: 0.6396 (0.6446)  loss_bbox_aux_1: 0.0293 (0.0291)  loss_giou_aux_1: 0.3491 (0.3523)  loss_fgl_aux_1: 1.2003 (1.1990)  loss_ddf_aux_1: 0.0015 (0.0016)  loss_mal_pre: 0.7356 (0.7310)  loss_bbox_pre: 0.0299 (0.0308)  loss_giou_pre: 0.3642 (0.3718)  loss_mal_enc_0: 0.8334 (0.8574)  loss_bbox_enc_0: 0.0333 (0.0341)  loss_giou_enc_0: 0.4099 (0.4186)  loss_mal_dn_0: 0.6730 (0.6738)  loss_bbox_dn_0: 0.0297 (0.0297)  loss_giou_dn_0: 0.3668 (0.3746)  loss_fgl_dn_0: 1.2188 (1.2221)  loss_ddf_dn_0: 0.1662 (0.1738)  loss_mal_dn_1: 0.5788 (0.5866)  loss_bbox_dn_1: 0.0227 (0.0227)  loss_giou_dn_1: 0.2931 (0.2981)  loss_fgl_dn_1: 1.1443 (1.1464)  loss_ddf_dn_1: 0.0032 (0.0036)  loss_mal_dn_2: 0.5752 (0.5818)  loss_bbox_dn_2: 0.0225 (0.0225)  loss_giou_dn_2: 0.2905 (0.2963)  loss_fgl_dn_2: 1.1436 (1.1445)  loss_ddf_dn_2: -0.0000 (0.0000)  loss_mal_dn_pre: 0.6735 (0.6752)  loss_bbox_dn_pre: 0.0297 (0.0298)  loss_giou_dn_pre: 0.3672 (0.3750)
Test:  [0/9]  eta: 0:00:03    time: 0.4282  data: 0.2514  max mem: 5186
Test:  [8/9]  eta: 0:00:00    time: 0.1842  data: 0.0391  max mem: 5186
Test: Total time: 0:00:01 (0.1882 s / it)
Metrics: {'f1': 0.9690721649484536, 'precision': 0.9591836734693877, 'recall': 0.9791666666666666, 'iou': 0.6633000699679057, 'TPs': 141, 'FPs': 6, 'FNs': 3}
Averaged stats: 
Accumulating evaluation results...
COCOeval_opt.accumulate() finished...
DONE (t=0.01s).
IoU metric: bbox
 Average Precision  (AP) @[ IoU=0.50:0.95 | area=   all | maxDets=100 ] = 0.367
 Average Precision  (AP) @[ IoU=0.50      | area=   all | maxDets=100 ] = 0.970
 Average Precision  (AP) @[ IoU=0.75      | area=   all | maxDets=100 ] = 0.128
 Average Precision  (AP) @[ IoU=0.50:0.95 | area= small | maxDets=100 ] = 0.367
 Average Precision  (AP) @[ IoU=0.50:0.95 | area=medium | maxDets=100 ] = -1.000
 Average Precision  (AP) @[ IoU=0.50:0.95 | area= large | maxDets=100 ] = -1.000
 Average Recall     (AR) @[ IoU=0.50:0.95 | area=   all | maxDets=  1 ] = 0.207
 Average Recall     (AR) @[ IoU=0.50:0.95 | area=   all | maxDets= 10 ] = 0.485
 Average Recall     (AR) @[ IoU=0.50:0.95 | area=   all | maxDets=100 ] = 0.551
 Average Recall     (AR) @[ IoU=0.50:0.95 | area= small | maxDets=100 ] = 0.551
 Average Recall     (AR) @[ IoU=0.50:0.95 | area=medium | maxDets=100 ] = -1.000
 Average Recall     (AR) @[ IoU=0.50:0.95 | area= large | maxDets=100 ] = -1.000
 Average Recall     (AR) @[ IoU=0.50      | area=   all | maxDets=100 ] = 0.993
 Average Recall     (AR) @[ IoU=0.75      | area=   all | maxDets=100 ] = 0.556
best_stat: {'epoch': 4, 'coco_eval_bbox': 0.38578283117905976}
Epoch: [10/12]  [ 0/59]  eta: 0:01:02  lr: 0.000010  loss: 15.8612 (15.8612)  loss_mal: 0.5470 (0.5470)  loss_bbox: 0.0239 (0.0239)  loss_giou: 0.2853 (0.2853)  loss_fgl: 1.1643 (1.1643)  loss_mal_aux_0: 0.6462 (0.6462)  loss_bbox_aux_0: 0.0260 (0.0260)  loss_giou_aux_0: 0.3032 (0.3032)  loss_fgl_aux_0: 1.1996 (1.1996)  loss_ddf_aux_0: 0.0385 (0.0385)  loss_mal_aux_1: 0.5564 (0.5564)  loss_bbox_aux_1: 0.0238 (0.0238)  loss_giou_aux_1: 0.2818 (0.2818)  loss_fgl_aux_1: 1.1670 (1.1670)  loss_ddf_aux_1: 0.0015 (0.0015)  loss_mal_pre: 0.6512 (0.6512)  loss_bbox_pre: 0.0258 (0.0258)  loss_giou_pre: 0.3025 (0.3025)  loss_mal_enc_0: 0.8312 (0.8312)  loss_bbox_enc_0: 0.0308 (0.0308)  loss_giou_enc_0: 0.3799 (0.3799)  loss_mal_dn_0: 0.6505 (0.6505)  loss_bbox_dn_0: 0.0260 (0.0260)  loss_giou_dn_0: 0.3304 (0.3304)  loss_fgl_dn_0: 1.2227 (1.2227)  loss_ddf_dn_0: 0.1734 (0.1734)  loss_mal_dn_1: 0.5598 (0.5598)  loss_bbox_dn_1: 0.0209 (0.0209)  loss_giou_dn_1: 0.2661 (0.2661)  loss_fgl_dn_1: 1.1393 (1.1393)  loss_ddf_dn_1: 0.0041 (0.0041)  loss_mal_dn_2: 0.5525 (0.5525)  loss_bbox_dn_2: 0.0207 (0.0207)  loss_giou_dn_2: 0.2648 (0.2648)  loss_fgl_dn_2: 1.1358 (1.1358)  loss_ddf_dn_2: -0.0000 (0.0000)  loss_mal_dn_pre: 0.6526 (0.6526)  loss_bbox_dn_pre: 0.0261 (0.0261)  loss_giou_dn_pre: 0.3295 (0.3295)  time: 1.0583  data: 0.2592  max mem: 5186
Epoch: [10/12]  [10/59]  eta: 0:00:40  lr: 0.000010  loss: 16.5948 (16.7458)  loss_mal: 0.6128 (0.6278)  loss_bbox: 0.0271 (0.0272)  loss_giou: 0.3369 (0.3380)  loss_fgl: 1.1898 (1.1889)  loss_mal_aux_0: 0.7079 (0.7115)  loss_bbox_aux_0: 0.0288 (0.0288)  loss_giou_aux_0: 0.3487 (0.3564)  loss_fgl_aux_0: 1.2086 (1.2099)  loss_ddf_aux_0: 0.0360 (0.0365)  loss_mal_aux_1: 0.6209 (0.6439)  loss_bbox_aux_1: 0.0273 (0.0273)  loss_giou_aux_1: 0.3339 (0.3377)  loss_fgl_aux_1: 1.1933 (1.1909)  loss_ddf_aux_1: 0.0015 (0.0016)  loss_mal_pre: 0.7102 (0.7129)  loss_bbox_pre: 0.0285 (0.0290)  loss_giou_pre: 0.3506 (0.3582)  loss_mal_enc_0: 0.8330 (0.8387)  loss_bbox_enc_0: 0.0338 (0.0338)  loss_giou_enc_0: 0.3889 (0.4148)  loss_mal_dn_0: 0.6691 (0.6737)  loss_bbox_dn_0: 0.0290 (0.0287)  loss_giou_dn_0: 0.3676 (0.3680)  loss_fgl_dn_0: 1.2227 (1.2213)  loss_ddf_dn_0: 0.1744 (0.1762)  loss_mal_dn_1: 0.5857 (0.5867)  loss_bbox_dn_1: 0.0222 (0.0220)  loss_giou_dn_1: 0.2952 (0.2932)  loss_fgl_dn_1: 1.1451 (1.1462)  loss_ddf_dn_1: 0.0037 (0.0036)  loss_mal_dn_2: 0.5830 (0.5822)  loss_bbox_dn_2: 0.0219 (0.0218)  loss_giou_dn_2: 0.2911 (0.2907)  loss_fgl_dn_2: 1.1401 (1.1436)  loss_ddf_dn_2: -0.0000 (0.0000)  loss_mal_dn_pre: 0.6726 (0.6758)  loss_bbox_dn_pre: 0.0294 (0.0289)  loss_giou_dn_pre: 0.3703 (0.3697)  time: 0.8360  data: 0.0333  max mem: 5186
Epoch: [10/12]  [20/59]  eta: 0:00:30  lr: 0.000010  loss: 16.4991 (16.4700)  loss_mal: 0.5947 (0.6086)  loss_bbox: 0.0251 (0.0260)  loss_giou: 0.3223 (0.3251)  loss_fgl: 1.1810 (1.1810)  loss_mal_aux_0: 0.6978 (0.7004)  loss_bbox_aux_0: 0.0278 (0.0276)  loss_giou_aux_0: 0.3440 (0.3450)  loss_fgl_aux_0: 1.2042 (1.2049)  loss_ddf_aux_0: 0.0360 (0.0366)  loss_mal_aux_1: 0.6111 (0.6225)  loss_bbox_aux_1: 0.0251 (0.0260)  loss_giou_aux_1: 0.3242 (0.3249)  loss_fgl_aux_1: 1.1829 (1.1822)  loss_ddf_aux_1: 0.0015 (0.0016)  loss_mal_pre: 0.7013 (0.7006)  loss_bbox_pre: 0.0277 (0.0278)  loss_giou_pre: 0.3405 (0.3465)  loss_mal_enc_0: 0.8213 (0.8298)  loss_bbox_enc_0: 0.0310 (0.0317)  loss_giou_enc_0: 0.3868 (0.3943)  loss_mal_dn_0: 0.6618 (0.6670)  loss_bbox_dn_0: 0.0278 (0.0277)  loss_giou_dn_0: 0.3574 (0.3578)  loss_fgl_dn_0: 1.2148 (1.2147)  loss_ddf_dn_0: 0.1707 (0.1676)  loss_mal_dn_1: 0.5702 (0.5769)  loss_bbox_dn_1: 0.0214 (0.0212)  loss_giou_dn_1: 0.2808 (0.2845)  loss_fgl_dn_1: 1.1364 (1.1384)  loss_ddf_dn_1: 0.0034 (0.0034)  loss_mal_dn_2: 0.5657 (0.5725)  loss_bbox_dn_2: 0.0214 (0.0211)  loss_giou_dn_2: 0.2793 (0.2824)  loss_fgl_dn_2: 1.1349 (1.1362)  loss_ddf_dn_2: -0.0000 (0.0000)  loss_mal_dn_pre: 0.6631 (0.6691)  loss_bbox_dn_pre: 0.0283 (0.0279)  loss_giou_dn_pre: 0.3582 (0.3589)  time: 0.7685  data: 0.0116  max mem: 5186
Epoch: [10/12]  [30/59]  eta: 0:00:22  lr: 0.000010  loss: 16.3134 (16.4428)  loss_mal: 0.5891 (0.6027)  loss_bbox: 0.0251 (0.0259)  loss_giou: 0.3211 (0.3219)  loss_fgl: 1.1781 (1.1759)  loss_mal_aux_0: 0.6996 (0.7085)  loss_bbox_aux_0: 0.0273 (0.0278)  loss_giou_aux_0: 0.3440 (0.3434)  loss_fgl_aux_0: 1.2068 (1.2028)  loss_ddf_aux_0: 0.0379 (0.0388)  loss_mal_aux_1: 0.6022 (0.6196)  loss_bbox_aux_1: 0.0251 (0.0260)  loss_giou_aux_1: 0.3185 (0.3218)  loss_fgl_aux_1: 1.1758 (1.1772)  loss_ddf_aux_1: 0.0015 (0.0016)  loss_mal_pre: 0.6970 (0.7084)  loss_bbox_pre: 0.0273 (0.0280)  loss_giou_pre: 0.3469 (0.3452)  loss_mal_enc_0: 0.8218 (0.8373)  loss_bbox_enc_0: 0.0305 (0.0319)  loss_giou_enc_0: 0.3874 (0.3980)  loss_mal_dn_0: 0.6616 (0.6650)  loss_bbox_dn_0: 0.0272 (0.0277)  loss_giou_dn_0: 0.3514 (0.3557)  loss_fgl_dn_0: 1.2130 (1.2142)  loss_ddf_dn_0: 0.1692 (0.1734)  loss_mal_dn_1: 0.5672 (0.5724)  loss_bbox_dn_1: 0.0204 (0.0211)  loss_giou_dn_1: 0.2748 (0.2806)  loss_fgl_dn_1: 1.1345 (1.1346)  loss_ddf_dn_1: 0.0030 (0.0035)  loss_mal_dn_2: 0.5611 (0.5679)  loss_bbox_dn_2: 0.0202 (0.0209)  loss_giou_dn_2: 0.2727 (0.2786)  loss_fgl_dn_2: 1.1312 (1.1324)  loss_ddf_dn_2: -0.0000 (0.0000)  loss_mal_dn_pre: 0.6631 (0.6671)  loss_bbox_dn_pre: 0.0272 (0.0279)  loss_giou_dn_pre: 0.3495 (0.3568)  time: 0.7245  data: 0.0122  max mem: 5186
Epoch: [10/12]  [40/59]  eta: 0:00:14  lr: 0.000010  loss: 16.3134 (16.3973)  loss_mal: 0.5891 (0.6004)  loss_bbox: 0.0262 (0.0260)  loss_giou: 0.3144 (0.3187)  loss_fgl: 1.1649 (1.1720)  loss_mal_aux_0: 0.7106 (0.7104)  loss_bbox_aux_0: 0.0287 (0.0280)  loss_giou_aux_0: 0.3399 (0.3411)  loss_fgl_aux_0: 1.2040 (1.2010)  loss_ddf_aux_0: 0.0399 (0.0393)  loss_mal_aux_1: 0.6068 (0.6173)  loss_bbox_aux_1: 0.0262 (0.0260)  loss_giou_aux_1: 0.3128 (0.3185)  loss_fgl_aux_1: 1.1727 (1.1732)  loss_ddf_aux_1: 0.0017 (0.0016)  loss_mal_pre: 0.7049 (0.7094)  loss_bbox_pre: 0.0285 (0.0282)  loss_giou_pre: 0.3439 (0.3426)  loss_mal_enc_0: 0.8455 (0.8399)  loss_bbox_enc_0: 0.0332 (0.0321)  loss_giou_enc_0: 0.3920 (0.3965)  loss_mal_dn_0: 0.6576 (0.6632)  loss_bbox_dn_0: 0.0285 (0.0279)  loss_giou_dn_0: 0.3464 (0.3534)  loss_fgl_dn_0: 1.2090 (1.2122)  loss_ddf_dn_0: 0.1728 (0.1758)  loss_mal_dn_1: 0.5616 (0.5697)  loss_bbox_dn_1: 0.0213 (0.0212)  loss_giou_dn_1: 0.2637 (0.2779)  loss_fgl_dn_1: 1.1237 (1.1309)  loss_ddf_dn_1: 0.0033 (0.0035)  loss_mal_dn_2: 0.5566 (0.5654)  loss_bbox_dn_2: 0.0210 (0.0211)  loss_giou_dn_2: 0.2624 (0.2761)  loss_fgl_dn_2: 1.1239 (1.1289)  loss_ddf_dn_2: -0.0000 (0.0000)  loss_mal_dn_pre: 0.6594 (0.6654)  loss_bbox_dn_pre: 0.0286 (0.0280)  loss_giou_dn_pre: 0.3466 (0.3543)  time: 0.7474  data: 0.0119  max mem: 5186
Epoch: [10/12]  [50/59]  eta: 0:00:06  lr: 0.000010  loss: 15.9914 (16.3779)  loss_mal: 0.5733 (0.5973)  loss_bbox: 0.0237 (0.0261)  loss_giou: 0.2895 (0.3193)  loss_fgl: 1.1499 (1.1684)  loss_mal_aux_0: 0.7095 (0.7114)  loss_bbox_aux_0: 0.0268 (0.0282)  loss_giou_aux_0: 0.3093 (0.3421)  loss_fgl_aux_0: 1.1865 (1.1981)  loss_ddf_aux_0: 0.0404 (0.0396)  loss_mal_aux_1: 0.6017 (0.6136)  loss_bbox_aux_1: 0.0236 (0.0262)  loss_giou_aux_1: 0.2891 (0.3196)  loss_fgl_aux_1: 1.1510 (1.1698)  loss_ddf_aux_1: 0.0016 (0.0016)  loss_mal_pre: 0.7047 (0.7099)  loss_bbox_pre: 0.0269 (0.0284)  loss_giou_pre: 0.3114 (0.3440)  loss_mal_enc_0: 0.8395 (0.8415)  loss_bbox_enc_0: 0.0308 (0.0324)  loss_giou_enc_0: 0.3741 (0.3976)  loss_mal_dn_0: 0.6528 (0.6624)  loss_bbox_dn_0: 0.0261 (0.0279)  loss_giou_dn_0: 0.3341 (0.3529)  loss_fgl_dn_0: 1.1946 (1.2106)  loss_ddf_dn_0: 0.1705 (0.1744)  loss_mal_dn_1: 0.5556 (0.5688)  loss_bbox_dn_1: 0.0199 (0.0212)  loss_giou_dn_1: 0.2615 (0.2776)  loss_fgl_dn_1: 1.1170 (1.1292)  loss_ddf_dn_1: 0.0034 (0.0035)  loss_mal_dn_2: 0.5520 (0.5642)  loss_bbox_dn_2: 0.0198 (0.0210)  loss_giou_dn_2: 0.2610 (0.2757)  loss_fgl_dn_2: 1.1114 (1.1270)  loss_ddf_dn_2: -0.0000 (0.0000)  loss_mal_dn_pre: 0.6566 (0.6646)  loss_bbox_dn_pre: 0.0262 (0.0280)  loss_giou_dn_pre: 0.3313 (0.3539)  time: 0.7689  data: 0.0118  max mem: 5186
Epoch: [10/12]  [58/59]  eta: 0:00:00  lr: 0.000010  loss: 15.9589 (16.3678)  loss_mal: 0.5682 (0.5953)  loss_bbox: 0.0241 (0.0261)  loss_giou: 0.2935 (0.3198)  loss_fgl: 1.1521 (1.1680)  loss_mal_aux_0: 0.7063 (0.7098)  loss_bbox_aux_0: 0.0254 (0.0281)  loss_giou_aux_0: 0.3049 (0.3424)  loss_fgl_aux_0: 1.1824 (1.1973)  loss_ddf_aux_0: 0.0404 (0.0395)  loss_mal_aux_1: 0.5840 (0.6123)  loss_bbox_aux_1: 0.0242 (0.0262)  loss_giou_aux_1: 0.3005 (0.3204)  loss_fgl_aux_1: 1.1510 (1.1694)  loss_ddf_aux_1: 0.0016 (0.0016)  loss_mal_pre: 0.7047 (0.7082)  loss_bbox_pre: 0.0256 (0.0283)  loss_giou_pre: 0.3114 (0.3442)  loss_mal_enc_0: 0.8465 (0.8401)  loss_bbox_enc_0: 0.0299 (0.0322)  loss_giou_enc_0: 0.3731 (0.3969)  loss_mal_dn_0: 0.6516 (0.6619)  loss_bbox_dn_0: 0.0260 (0.0278)  loss_giou_dn_0: 0.3340 (0.3526)  loss_fgl_dn_0: 1.1985 (1.2112)  loss_ddf_dn_0: 0.1706 (0.1753)  loss_mal_dn_1: 0.5561 (0.5683)  loss_bbox_dn_1: 0.0197 (0.0212)  loss_giou_dn_1: 0.2609 (0.2777)  loss_fgl_dn_1: 1.1167 (1.1292)  loss_ddf_dn_1: 0.0034 (0.0035)  loss_mal_dn_2: 0.5520 (0.5635)  loss_bbox_dn_2: 0.0195 (0.0210)  loss_giou_dn_2: 0.2566 (0.2756)  loss_fgl_dn_2: 1.1114 (1.1269)  loss_ddf_dn_2: -0.0000 (0.0000)  loss_mal_dn_pre: 0.6548 (0.6642)  loss_bbox_dn_pre: 0.0264 (0.0280)  loss_giou_dn_pre: 0.3351 (0.3538)  time: 0.7327  data: 0.0116  max mem: 5186
Epoch: [10/12] Total time: 0:00:44 (0.7612 s / it)
Averaged stats: lr: 0.000010  loss: 15.9589 (16.3678)  loss_mal: 0.5682 (0.5953)  loss_bbox: 0.0241 (0.0261)  loss_giou: 0.2935 (0.3198)  loss_fgl: 1.1521 (1.1680)  loss_mal_aux_0: 0.7063 (0.7098)  loss_bbox_aux_0: 0.0254 (0.0281)  loss_giou_aux_0: 0.3049 (0.3424)  loss_fgl_aux_0: 1.1824 (1.1973)  loss_ddf_aux_0: 0.0404 (0.0395)  loss_mal_aux_1: 0.5840 (0.6123)  loss_bbox_aux_1: 0.0242 (0.0262)  loss_giou_aux_1: 0.3005 (0.3204)  loss_fgl_aux_1: 1.1510 (1.1694)  loss_ddf_aux_1: 0.0016 (0.0016)  loss_mal_pre: 0.7047 (0.7082)  loss_bbox_pre: 0.0256 (0.0283)  loss_giou_pre: 0.3114 (0.3442)  loss_mal_enc_0: 0.8465 (0.8401)  loss_bbox_enc_0: 0.0299 (0.0322)  loss_giou_enc_0: 0.3731 (0.3969)  loss_mal_dn_0: 0.6516 (0.6619)  loss_bbox_dn_0: 0.0260 (0.0278)  loss_giou_dn_0: 0.3340 (0.3526)  loss_fgl_dn_0: 1.1985 (1.2112)  loss_ddf_dn_0: 0.1706 (0.1753)  loss_mal_dn_1: 0.5561 (0.5683)  loss_bbox_dn_1: 0.0197 (0.0212)  loss_giou_dn_1: 0.2609 (0.2777)  loss_fgl_dn_1: 1.1167 (1.1292)  loss_ddf_dn_1: 0.0034 (0.0035)  loss_mal_dn_2: 0.5520 (0.5635)  loss_bbox_dn_2: 0.0195 (0.0210)  loss_giou_dn_2: 0.2566 (0.2756)  loss_fgl_dn_2: 1.1114 (1.1269)  loss_ddf_dn_2: -0.0000 (0.0000)  loss_mal_dn_pre: 0.6548 (0.6642)  loss_bbox_dn_pre: 0.0264 (0.0280)  loss_giou_dn_pre: 0.3351 (0.3538)
Test:  [0/9]  eta: 0:00:03    time: 0.4210  data: 0.2179  max mem: 5186
Test:  [8/9]  eta: 0:00:00    time: 0.1813  data: 0.0348  max mem: 5186
Test: Total time: 0:00:01 (0.1847 s / it)
Metrics: {'f1': 0.9724137931034483, 'precision': 0.9657534246575342, 'recall': 0.9791666666666666, 'iou': 0.6677914589843494, 'TPs': 141, 'FPs': 5, 'FNs': 3}
Averaged stats: 
Accumulating evaluation results...
COCOeval_opt.accumulate() finished...
DONE (t=0.01s).
IoU metric: bbox
 Average Precision  (AP) @[ IoU=0.50:0.95 | area=   all | maxDets=100 ] = 0.371
 Average Precision  (AP) @[ IoU=0.50      | area=   all | maxDets=100 ] = 0.975
 Average Precision  (AP) @[ IoU=0.75      | area=   all | maxDets=100 ] = 0.126
 Average Precision  (AP) @[ IoU=0.50:0.95 | area= small | maxDets=100 ] = 0.371
 Average Precision  (AP) @[ IoU=0.50:0.95 | area=medium | maxDets=100 ] = -1.000
 Average Precision  (AP) @[ IoU=0.50:0.95 | area= large | maxDets=100 ] = -1.000
 Average Recall     (AR) @[ IoU=0.50:0.95 | area=   all | maxDets=  1 ] = 0.212
 Average Recall     (AR) @[ IoU=0.50:0.95 | area=   all | maxDets= 10 ] = 0.486
 Average Recall     (AR) @[ IoU=0.50:0.95 | area=   all | maxDets=100 ] = 0.548
 Average Recall     (AR) @[ IoU=0.50:0.95 | area= small | maxDets=100 ] = 0.548
 Average Recall     (AR) @[ IoU=0.50:0.95 | area=medium | maxDets=100 ] = -1.000
 Average Recall     (AR) @[ IoU=0.50:0.95 | area= large | maxDets=100 ] = -1.000
 Average Recall     (AR) @[ IoU=0.50      | area=   all | maxDets=100 ] = 0.993
 Average Recall     (AR) @[ IoU=0.75      | area=   all | maxDets=100 ] = 0.535
best_stat: {'epoch': 4, 'coco_eval_bbox': 0.38578283117905976}
Epoch: [11/12]  [ 0/59]  eta: 0:01:07  lr: 0.000010  loss: 14.7893 (14.7893)  loss_mal: 0.5031 (0.5031)  loss_bbox: 0.0223 (0.0223)  loss_giou: 0.2253 (0.2253)  loss_fgl: 1.0774 (1.0774)  loss_mal_aux_0: 0.6504 (0.6504)  loss_bbox_aux_0: 0.0265 (0.0265)  loss_giou_aux_0: 0.2737 (0.2737)  loss_fgl_aux_0: 1.1496 (1.1496)  loss_ddf_aux_0: 0.0608 (0.0608)  loss_mal_aux_1: 0.5177 (0.5177)  loss_bbox_aux_1: 0.0224 (0.0224)  loss_giou_aux_1: 0.2284 (0.2284)  loss_fgl_aux_1: 1.0784 (1.0784)  loss_ddf_aux_1: 0.0019 (0.0019)  loss_mal_pre: 0.6464 (0.6464)  loss_bbox_pre: 0.0271 (0.0271)  loss_giou_pre: 0.2768 (0.2768)  loss_mal_enc_0: 0.8492 (0.8492)  loss_bbox_enc_0: 0.0296 (0.0296)  loss_giou_enc_0: 0.3330 (0.3330)  loss_mal_dn_0: 0.6145 (0.6145)  loss_bbox_dn_0: 0.0265 (0.0265)  loss_giou_dn_0: 0.2893 (0.2893)  loss_fgl_dn_0: 1.1642 (1.1642)  loss_ddf_dn_0: 0.1855 (0.1855)  loss_mal_dn_1: 0.5011 (0.5011)  loss_bbox_dn_1: 0.0192 (0.0192)  loss_giou_dn_1: 0.2139 (0.2139)  loss_fgl_dn_1: 1.0598 (1.0598)  loss_ddf_dn_1: 0.0038 (0.0038)  loss_mal_dn_2: 0.4935 (0.4935)  loss_bbox_dn_2: 0.0189 (0.0189)  loss_giou_dn_2: 0.2107 (0.2107)  loss_fgl_dn_2: 1.0540 (1.0540)  loss_ddf_dn_2: -0.0000 (0.0000)  loss_mal_dn_pre: 0.6188 (0.6188)  loss_bbox_dn_pre: 0.0265 (0.0265)  loss_giou_dn_pre: 0.2888 (0.2888)  time: 1.1395  data: 0.2326  max mem: 5186
Epoch: [11/12]  [10/59]  eta: 0:00:38  lr: 0.000010  loss: 16.2980 (16.1138)  loss_mal: 0.5813 (0.5770)  loss_bbox: 0.0255 (0.0250)  loss_giou: 0.3191 (0.3049)  loss_fgl: 1.1626 (1.1591)  loss_mal_aux_0: 0.6890 (0.6838)  loss_bbox_aux_0: 0.0270 (0.0272)  loss_giou_aux_0: 0.3335 (0.3310)  loss_fgl_aux_0: 1.1991 (1.1980)  loss_ddf_aux_0: 0.0443 (0.0429)  loss_mal_aux_1: 0.5969 (0.5939)  loss_bbox_aux_1: 0.0254 (0.0251)  loss_giou_aux_1: 0.3222 (0.3072)  loss_fgl_aux_1: 1.1652 (1.1606)  loss_ddf_aux_1: 0.0016 (0.0017)  loss_mal_pre: 0.6867 (0.6808)  loss_bbox_pre: 0.0273 (0.0274)  loss_giou_pre: 0.3348 (0.3330)  loss_mal_enc_0: 0.8255 (0.8331)  loss_bbox_enc_0: 0.0311 (0.0303)  loss_giou_enc_0: 0.3875 (0.3772)  loss_mal_dn_0: 0.6619 (0.6589)  loss_bbox_dn_0: 0.0271 (0.0277)  loss_giou_dn_0: 0.3514 (0.3471)  loss_fgl_dn_0: 1.2059 (1.2073)  loss_ddf_dn_0: 0.1936 (0.1884)  loss_mal_dn_1: 0.5688 (0.5609)  loss_bbox_dn_1: 0.0205 (0.0205)  loss_giou_dn_1: 0.2715 (0.2692)  loss_fgl_dn_1: 1.1214 (1.1176)  loss_ddf_dn_1: 0.0039 (0.0038)  loss_mal_dn_2: 0.5634 (0.5559)  loss_bbox_dn_2: 0.0203 (0.0203)  loss_giou_dn_2: 0.2686 (0.2664)  loss_fgl_dn_2: 1.1171 (1.1140)  loss_ddf_dn_2: -0.0000 (0.0000)  loss_mal_dn_pre: 0.6644 (0.6613)  loss_bbox_dn_pre: 0.0271 (0.0278)  loss_giou_dn_pre: 0.3517 (0.3474)  time: 0.7794  data: 0.0311  max mem: 5186
Epoch: [11/12]  [20/59]  eta: 0:00:30  lr: 0.000010  loss: 16.1128 (15.8819)  loss_mal: 0.5691 (0.5695)  loss_bbox: 0.0246 (0.0237)  loss_giou: 0.2988 (0.2909)  loss_fgl: 1.1552 (1.1468)  loss_mal_aux_0: 0.6858 (0.6881)  loss_bbox_aux_0: 0.0263 (0.0258)  loss_giou_aux_0: 0.3301 (0.3162)  loss_fgl_aux_0: 1.1863 (1.1855)  loss_ddf_aux_0: 0.0430 (0.0433)  loss_mal_aux_1: 0.5837 (0.5880)  loss_bbox_aux_1: 0.0249 (0.0238)  loss_giou_aux_1: 0.3054 (0.2928)  loss_fgl_aux_1: 1.1548 (1.1483)  loss_ddf_aux_1: 0.0016 (0.0017)  loss_mal_pre: 0.6848 (0.6858)  loss_bbox_pre: 0.0264 (0.0260)  loss_giou_pre: 0.3324 (0.3180)  loss_mal_enc_0: 0.8255 (0.8339)  loss_bbox_enc_0: 0.0292 (0.0289)  loss_giou_enc_0: 0.3699 (0.3653)  loss_mal_dn_0: 0.6546 (0.6518)  loss_bbox_dn_0: 0.0266 (0.0261)  loss_giou_dn_0: 0.3399 (0.3345)  loss_fgl_dn_0: 1.1928 (1.1958)  loss_ddf_dn_0: 0.1855 (0.1866)  loss_mal_dn_1: 0.5589 (0.5522)  loss_bbox_dn_1: 0.0193 (0.0195)  loss_giou_dn_1: 0.2616 (0.2599)  loss_fgl_dn_1: 1.1104 (1.1066)  loss_ddf_dn_1: 0.0039 (0.0039)  loss_mal_dn_2: 0.5520 (0.5465)  loss_bbox_dn_2: 0.0190 (0.0193)  loss_giou_dn_2: 0.2581 (0.2576)  loss_fgl_dn_2: 1.1072 (1.1034)  loss_ddf_dn_2: -0.0000 (0.0000)  loss_mal_dn_pre: 0.6575 (0.6545)  loss_bbox_dn_pre: 0.0267 (0.0262)  loss_giou_dn_pre: 0.3403 (0.3347)  time: 0.7525  data: 0.0114  max mem: 5186
Epoch: [11/12]  [30/59]  eta: 0:00:22  lr: 0.000010  loss: 16.0659 (16.1253)  loss_mal: 0.5678 (0.5887)  loss_bbox: 0.0244 (0.0245)  loss_giou: 0.2867 (0.2994)  loss_fgl: 1.1515 (1.1569)  loss_mal_aux_0: 0.7137 (0.7066)  loss_bbox_aux_0: 0.0261 (0.0266)  loss_giou_aux_0: 0.3047 (0.3239)  loss_fgl_aux_0: 1.1853 (1.1914)  loss_ddf_aux_0: 0.0400 (0.0421)  loss_mal_aux_1: 0.5881 (0.6061)  loss_bbox_aux_1: 0.0244 (0.0247)  loss_giou_aux_1: 0.2910 (0.3010)  loss_fgl_aux_1: 1.1548 (1.1585)  loss_ddf_aux_1: 0.0017 (0.0017)  loss_mal_pre: 0.7086 (0.7037)  loss_bbox_pre: 0.0264 (0.0268)  loss_giou_pre: 0.3059 (0.3258)  loss_mal_enc_0: 0.8444 (0.8451)  loss_bbox_enc_0: 0.0298 (0.0304)  loss_giou_enc_0: 0.3617 (0.3766)  loss_mal_dn_0: 0.6508 (0.6572)  loss_bbox_dn_0: 0.0268 (0.0270)  loss_giou_dn_0: 0.3399 (0.3429)  loss_fgl_dn_0: 1.1945 (1.2032)  loss_ddf_dn_0: 0.1842 (0.1866)  loss_mal_dn_1: 0.5523 (0.5597)  loss_bbox_dn_1: 0.0197 (0.0202)  loss_giou_dn_1: 0.2593 (0.2670)  loss_fgl_dn_1: 1.1075 (1.1158)  loss_ddf_dn_1: 0.0036 (0.0039)  loss_mal_dn_2: 0.5494 (0.5542)  loss_bbox_dn_2: 0.0196 (0.0200)  loss_giou_dn_2: 0.2572 (0.2645)  loss_fgl_dn_2: 1.1038 (1.1127)  loss_ddf_dn_2: -0.0000 (0.0000)  loss_mal_dn_pre: 0.6531 (0.6597)  loss_bbox_dn_pre: 0.0267 (0.0271)  loss_giou_dn_pre: 0.3389 (0.3433)  time: 0.7836  data: 0.0118  max mem: 5186
Epoch: [11/12]  [40/59]  eta: 0:00:13  lr: 0.000010  loss: 16.4027 (16.2128)  loss_mal: 0.6183 (0.5927)  loss_bbox: 0.0264 (0.0252)  loss_giou: 0.3042 (0.3057)  loss_fgl: 1.1590 (1.1631)  loss_mal_aux_0: 0.7156 (0.7054)  loss_bbox_aux_0: 0.0283 (0.0273)  loss_giou_aux_0: 0.3412 (0.3303)  loss_fgl_aux_0: 1.1920 (1.1962)  loss_ddf_aux_0: 0.0359 (0.0409)  loss_mal_aux_1: 0.6316 (0.6091)  loss_bbox_aux_1: 0.0264 (0.0253)  loss_giou_aux_1: 0.3044 (0.3072)  loss_fgl_aux_1: 1.1596 (1.1642)  loss_ddf_aux_1: 0.0015 (0.0016)  loss_mal_pre: 0.7141 (0.7027)  loss_bbox_pre: 0.0279 (0.0275)  loss_giou_pre: 0.3406 (0.3319)  loss_mal_enc_0: 0.8473 (0.8442)  loss_bbox_enc_0: 0.0332 (0.0313)  loss_giou_enc_0: 0.3973 (0.3824)  loss_mal_dn_0: 0.6663 (0.6590)  loss_bbox_dn_0: 0.0288 (0.0276)  loss_giou_dn_0: 0.3602 (0.3466)  loss_fgl_dn_0: 1.2075 (1.2067)  loss_ddf_dn_0: 0.1814 (0.1839)  loss_mal_dn_1: 0.5671 (0.5619)  loss_bbox_dn_1: 0.0213 (0.0206)  loss_giou_dn_1: 0.2732 (0.2696)  loss_fgl_dn_1: 1.1147 (1.1200)  loss_ddf_dn_1: 0.0035 (0.0037)  loss_mal_dn_2: 0.5616 (0.5571)  loss_bbox_dn_2: 0.0212 (0.0205)  loss_giou_dn_2: 0.2714 (0.2675)  loss_fgl_dn_2: 1.1138 (1.1175)  loss_ddf_dn_2: -0.0000 (0.0000)  loss_mal_dn_pre: 0.6692 (0.6615)  loss_bbox_dn_pre: 0.0289 (0.0277)  loss_giou_dn_pre: 0.3616 (0.3472)  time: 0.6838  data: 0.0123  max mem: 5186
Epoch: [11/12]  [50/59]  eta: 0:00:06  lr: 0.000010  loss: 16.1101 (16.1271)  loss_mal: 0.5814 (0.5892)  loss_bbox: 0.0264 (0.0247)  loss_giou: 0.3042 (0.3023)  loss_fgl: 1.1451 (1.1577)  loss_mal_aux_0: 0.7048 (0.7028)  loss_bbox_aux_0: 0.0278 (0.0268)  loss_giou_aux_0: 0.3211 (0.3257)  loss_fgl_aux_0: 1.1860 (1.1915)  loss_ddf_aux_0: 0.0378 (0.0408)  loss_mal_aux_1: 0.5947 (0.6042)  loss_bbox_aux_1: 0.0264 (0.0249)  loss_giou_aux_1: 0.3044 (0.3039)  loss_fgl_aux_1: 1.1483 (1.1590)  loss_ddf_aux_1: 0.0016 (0.0016)  loss_mal_pre: 0.7017 (0.6996)  loss_bbox_pre: 0.0279 (0.0270)  loss_giou_pre: 0.3218 (0.3271)  loss_mal_enc_0: 0.8319 (0.8425)  loss_bbox_enc_0: 0.0308 (0.0306)  loss_giou_enc_0: 0.3823 (0.3788)  loss_mal_dn_0: 0.6587 (0.6566)  loss_bbox_dn_0: 0.0278 (0.0273)  loss_giou_dn_0: 0.3525 (0.3436)  loss_fgl_dn_0: 1.2006 (1.2044)  loss_ddf_dn_0: 0.1671 (0.1795)  loss_mal_dn_1: 0.5598 (0.5599)  loss_bbox_dn_1: 0.0212 (0.0204)  loss_giou_dn_1: 0.2724 (0.2679)  loss_fgl_dn_1: 1.1063 (1.1172)  loss_ddf_dn_1: 0.0032 (0.0036)  loss_mal_dn_2: 0.5557 (0.5549)  loss_bbox_dn_2: 0.0211 (0.0202)  loss_giou_dn_2: 0.2678 (0.2656)  loss_fgl_dn_2: 1.1077 (1.1147)  loss_ddf_dn_2: -0.0000 (0.0000)  loss_mal_dn_pre: 0.6597 (0.6591)  loss_bbox_dn_pre: 0.0280 (0.0273)  loss_giou_dn_pre: 0.3531 (0.3440)  time: 0.5427  data: 0.0125  max mem: 5186
Epoch: [11/12]  [58/59]  eta: 0:00:00  lr: 0.000010  loss: 16.1101 (16.1784)  loss_mal: 0.5837 (0.5906)  loss_bbox: 0.0264 (0.0252)  loss_giou: 0.2982 (0.3079)  loss_fgl: 1.1438 (1.1578)  loss_mal_aux_0: 0.7048 (0.7027)  loss_bbox_aux_0: 0.0273 (0.0272)  loss_giou_aux_0: 0.3195 (0.3307)  loss_fgl_aux_0: 1.1858 (1.1906)  loss_ddf_aux_0: 0.0406 (0.0407)  loss_mal_aux_1: 0.6076 (0.6055)  loss_bbox_aux_1: 0.0264 (0.0253)  loss_giou_aux_1: 0.2990 (0.3092)  loss_fgl_aux_1: 1.1448 (1.1590)  loss_ddf_aux_1: 0.0016 (0.0016)  loss_mal_pre: 0.7017 (0.6996)  loss_bbox_pre: 0.0274 (0.0274)  loss_giou_pre: 0.3195 (0.3320)  loss_mal_enc_0: 0.8389 (0.8427)  loss_bbox_enc_0: 0.0304 (0.0311)  loss_giou_enc_0: 0.3689 (0.3836)  loss_mal_dn_0: 0.6554 (0.6580)  loss_bbox_dn_0: 0.0276 (0.0274)  loss_giou_dn_0: 0.3471 (0.3459)  loss_fgl_dn_0: 1.2006 (1.2057)  loss_ddf_dn_0: 0.1668 (0.1788)  loss_mal_dn_1: 0.5590 (0.5618)  loss_bbox_dn_1: 0.0210 (0.0206)  loss_giou_dn_1: 0.2656 (0.2703)  loss_fgl_dn_1: 1.1146 (1.1194)  loss_ddf_dn_1: 0.0032 (0.0036)  loss_mal_dn_2: 0.5549 (0.5568)  loss_bbox_dn_2: 0.0208 (0.0204)  loss_giou_dn_2: 0.2627 (0.2681)  loss_fgl_dn_2: 1.1128 (1.1170)  loss_ddf_dn_2: -0.0000 (0.0000)  loss_mal_dn_pre: 0.6568 (0.6604)  loss_bbox_dn_pre: 0.0277 (0.0275)  loss_giou_dn_pre: 0.3448 (0.3464)  time: 0.7195  data: 0.0119  max mem: 5186
Epoch: [11/12] Total time: 0:00:43 (0.7308 s / it)
Averaged stats: lr: 0.000010  loss: 16.1101 (16.1784)  loss_mal: 0.5837 (0.5906)  loss_bbox: 0.0264 (0.0252)  loss_giou: 0.2982 (0.3079)  loss_fgl: 1.1438 (1.1578)  loss_mal_aux_0: 0.7048 (0.7027)  loss_bbox_aux_0: 0.0273 (0.0272)  loss_giou_aux_0: 0.3195 (0.3307)  loss_fgl_aux_0: 1.1858 (1.1906)  loss_ddf_aux_0: 0.0406 (0.0407)  loss_mal_aux_1: 0.6076 (0.6055)  loss_bbox_aux_1: 0.0264 (0.0253)  loss_giou_aux_1: 0.2990 (0.3092)  loss_fgl_aux_1: 1.1448 (1.1590)  loss_ddf_aux_1: 0.0016 (0.0016)  loss_mal_pre: 0.7017 (0.6996)  loss_bbox_pre: 0.0274 (0.0274)  loss_giou_pre: 0.3195 (0.3320)  loss_mal_enc_0: 0.8389 (0.8427)  loss_bbox_enc_0: 0.0304 (0.0311)  loss_giou_enc_0: 0.3689 (0.3836)  loss_mal_dn_0: 0.6554 (0.6580)  loss_bbox_dn_0: 0.0276 (0.0274)  loss_giou_dn_0: 0.3471 (0.3459)  loss_fgl_dn_0: 1.2006 (1.2057)  loss_ddf_dn_0: 0.1668 (0.1788)  loss_mal_dn_1: 0.5590 (0.5618)  loss_bbox_dn_1: 0.0210 (0.0206)  loss_giou_dn_1: 0.2656 (0.2703)  loss_fgl_dn_1: 1.1146 (1.1194)  loss_ddf_dn_1: 0.0032 (0.0036)  loss_mal_dn_2: 0.5549 (0.5568)  loss_bbox_dn_2: 0.0208 (0.0204)  loss_giou_dn_2: 0.2627 (0.2681)  loss_fgl_dn_2: 1.1128 (1.1170)  loss_ddf_dn_2: -0.0000 (0.0000)  loss_mal_dn_pre: 0.6568 (0.6604)  loss_bbox_dn_pre: 0.0277 (0.0275)  loss_giou_dn_pre: 0.3448 (0.3464)
Test:  [0/9]  eta: 0:00:03    time: 0.3956  data: 0.2220  max mem: 5186
Test:  [8/9]  eta: 0:00:00    time: 0.2341  data: 0.0346  max mem: 5186
Test: Total time: 0:00:02 (0.2379 s / it)
Metrics: {'f1': 0.9757785467128027, 'precision': 0.9724137931034482, 'recall': 0.9791666666666666, 'iou': 0.6720431394673683, 'TPs': 141, 'FPs': 4, 'FNs': 3}
Averaged stats: 
Accumulating evaluation results...
COCOeval_opt.accumulate() finished...
DONE (t=0.01s).
IoU metric: bbox
 Average Precision  (AP) @[ IoU=0.50:0.95 | area=   all | maxDets=100 ] = 0.373
 Average Precision  (AP) @[ IoU=0.50      | area=   all | maxDets=100 ] = 0.973
 Average Precision  (AP) @[ IoU=0.75      | area=   all | maxDets=100 ] = 0.129
 Average Precision  (AP) @[ IoU=0.50:0.95 | area= small | maxDets=100 ] = 0.373
 Average Precision  (AP) @[ IoU=0.50:0.95 | area=medium | maxDets=100 ] = -1.000
 Average Precision  (AP) @[ IoU=0.50:0.95 | area= large | maxDets=100 ] = -1.000
 Average Recall     (AR) @[ IoU=0.50:0.95 | area=   all | maxDets=  1 ] = 0.212
 Average Recall     (AR) @[ IoU=0.50:0.95 | area=   all | maxDets= 10 ] = 0.483
 Average Recall     (AR) @[ IoU=0.50:0.95 | area=   all | maxDets=100 ] = 0.548
 Average Recall     (AR) @[ IoU=0.50:0.95 | area= small | maxDets=100 ] = 0.548
 Average Recall     (AR) @[ IoU=0.50:0.95 | area=medium | maxDets=100 ] = -1.000
 Average Recall     (AR) @[ IoU=0.50:0.95 | area= large | maxDets=100 ] = -1.000
 Average Recall     (AR) @[ IoU=0.50      | area=   all | maxDets=100 ] = 0.993
 Average Recall     (AR) @[ IoU=0.75      | area=   all | maxDets=100 ] = 0.542
best_stat: {'epoch': 4, 'coco_eval_bbox': 0.38578283117905976}
Training time 0:07:36
