Not init distributed mode.
cfg: 
{'_collate_fn': None,
 '_criterion': None,
 '_ema': None,
 '_evaluator': None,
 '_lr_scheduler': None,
 '_lr_warmup_scheduler': None,
 '_model': None,
 '_optimizer': None,
 '_postprocessor': None,
 '_scaler': None,
 '_train_batch_size': None,
 '_train_dataloader': None,
 '_train_dataset': None,
 '_train_shuffle': None,
 '_val_batch_size': None,
 '_val_dataloader': None,
 '_val_dataset': None,
 '_val_shuffle': None,
 '_writer': None,
 'batch_size': None,
 'checkpoint_freq': 30,
 'clip_max_norm': 0.1,
 'device': 'cuda:0',
 'ema_decay': 0.9999,
 'ema_warmups': 2000,
 'epochs': 30,
 'find_unused_parameters': False,
 'last_epoch': -1,
 'num_workers': 0,
 'output_dir': '/home/viplab/contest/experiments/kamp_ablation_v31/runs/dfine_G01_v31_seed20260929',
 'print_freq': 45,
 'resume': None,
 'seed': 20260929,
 'summary_dir': None,
 'sync_bn': False,
 'task': 'detection',
 'tuning': '/home/viplab/contest/experiments/kamp_pilot_v1/dfine_s_init.pth',
 'use_amp': False,
 'use_ema': True,
 'yaml_cfg': {'DFINE': {'backbone': 'HGNetv2',
                        'decoder': 'DFINETransformer',
                        'encoder': 'HybridEncoder'},
              'DFINECriterion': {'alpha': 0.75,
                                 'gamma': 2.0,
                                 'losses': ['vfl', 'boxes', 'local'],
                                 'matcher': {'alpha': 0.25,
                                             'gamma': 2.0,
                                             'type': 'HungarianMatcher',
                                             'weight_dict': {'cost_bbox': 5,
                                                             'cost_class': 2,
                                                             'cost_giou': 2}},
                                 'reg_max': 32,
                                 'weight_dict': {'loss_bbox': 5,
                                                 'loss_ddf': 1.5,
                                                 'loss_fgl': 0.15,
                                                 'loss_giou': 2,
                                                 'loss_vfl': 1}},
              'DFINEPostProcessor': {'num_top_queries': 300},
              'DFINETransformer': {'box_noise_scale': 1.0,
                                   'cross_attn_method': 'default',
                                   'eval_idx': -1,
                                   'feat_channels': [256, 256, 256],
                                   'feat_strides': [8, 16, 32],
                                   'hidden_dim': 256,
                                   'label_noise_ratio': 0.5,
                                   'layer_scale': 1,
                                   'num_denoising': 100,
                                   'num_layers': 3,
                                   'num_levels': 3,
                                   'num_points': [3, 6, 3],
                                   'num_queries': 300,
                                   'query_select_method': 'default',
                                   'reg_max': 32,
                                   'reg_scale': 4},
              'HGNetv2': {'freeze_at': -1,
                          'freeze_norm': False,
                          'local_model_dir': 'weight/hgnetv2/',
                          'name': 'B0',
                          'pretrained': False,
                          'return_idx': [1, 2, 3],
                          'use_lab': True},
              'HybridEncoder': {'act': 'silu',
                                'depth_mult': 0.34,
                                'dim_feedforward': 1024,
                                'dropout': 0.0,
                                'enc_act': 'gelu',
                                'expansion': 0.5,
                                'feat_strides': [8, 16, 32],
                                'hidden_dim': 256,
                                'in_channels': [256, 512, 1024],
                                'nhead': 8,
                                'num_encoder_layers': 1,
                                'use_encoder_idx': [2]},
              '__include__': ['/home/viplab/contest/experiments/kamp_pilot_v1/dfine_s.yml'],
              'checkpoint_freq': 30,
              'clip_max_norm': 0.1,
              'config': '/home/viplab/contest/experiments/kamp_ablation_v31/configs/dfine_G01_v31_seed20260929.yml',
              'criterion': 'DFINECriterion',
              'device': 'cuda:0',
              'ema': {'decay': 0.9999,
                      'start': 0,
                      'type': 'ModelEMA',
                      'warmups': 100},
              'epochs': 30,
              'eval_spatial_size': [640, 640],
              'evaluator': {'iou_types': ['bbox'], 'type': 'CocoEvaluator'},
              'exp_name': 'baseline',
              'find_unused_parameters': False,
              'lr_scheduler': {'gamma': 0.1,
                               'milestones': [24],
                               'type': 'MultiStepLR'},
              'lr_warmup_scheduler': {'type': 'LinearWarmup',
                                      'warmup_duration': 45},
              'model': 'DFINE',
              'num_classes': 1,
              'optimizer': {'betas': [0.9, 0.999],
                            'lr': 0.0002,
                            'params': [{'lr': 0.0001,
                                        'params': '^(?=.*backbone)(?!.*norm|bn).*$'},
                                       {'lr': 0.0001,
                                        'params': '^(?=.*backbone)(?=.*norm|bn).*$',
                                        'weight_decay': 0.0},
                                       {'params': '^(?=.*(?:encoder|decoder))(?=.*(?:norm|bn|bias)).*$',
                                        'weight_decay': 0.0}],
                            'type': 'AdamW',
                            'weight_decay': 0.0001},
              'output_dir': '/home/viplab/contest/experiments/kamp_ablation_v31/runs/dfine_G01_v31_seed20260929',
              'postprocessor': 'DFINEPostProcessor',
              'print_freq': 45,
              'print_method': 'builtin',
              'print_rank': 0,
              'project_name': 'D-FINE',
              'remap_mscoco_category': False,
              'scaler': {'enabled': True, 'type': 'GradScaler'},
              'seed': 20260929,
              'sync_bn': False,
              'task': 'detection',
              'test_only': False,
              'train_dataloader': {'collate_fn': {'base_size': 640,
                                                  'base_size_repeat': None,
                                                  'ema_restart_decay': 0.9999,
                                                  'stop_epoch': 1000,
                                                  'type': 'BatchImageCollateFunction'},
                                   'dataset': {'ann_file': '/home/viplab/contest/data/processed/kamp500_telea_v1_640/annotations/train.json',
                                               'img_folder': '/home/viplab/contest/data/processed/kamp500_telea_v1_640/images/train',
                                               'return_masks': False,
                                               'transforms': {'ops': [{'dtype': 'float32',
                                                                       'scale': True,
                                                                       'type': 'ConvertPILImage'},
                                                                      {'fmt': 'cxcywh',
                                                                       'normalize': True,
                                                                       'type': 'ConvertBoxes'}],
                                                              'policy': {'epoch': 1000,
                                                                         'name': 'stop_epoch',
                                                                         'ops': ['RandomPhotometricDistort',
                                                                                 'RandomZoomOut',
                                                                                 'RandomIoUCrop']},
                                                              'type': 'Compose'},
                                               'type': 'CocoDetection'},
                                   'drop_last': False,
                                   'num_workers': 2,
                                   'shuffle': True,
                                   'total_batch_size': 8,
                                   'type': 'DataLoader'},
              'tuning': '/home/viplab/contest/experiments/kamp_pilot_v1/dfine_s_init.pth',
              'use_amp': False,
              'use_ema': True,
              'use_focal_loss': True,
              'use_wandb': False,
              'val_dataloader': {'collate_fn': {'type': 'BatchImageCollateFunction'},
                                 'dataset': {'ann_file': '/home/viplab/contest/data/processed/kamp500_telea_v1_640/annotations/val.json',
                                             'img_folder': '/home/viplab/contest/data/processed/kamp500_telea_v1_640/images/val',
                                             'return_masks': False,
                                             'transforms': {'ops': [{'dtype': 'float32',
                                                                     'scale': True,
                                                                     'type': 'ConvertPILImage'}],
                                                            'type': 'Compose'},
                                             'type': 'CocoDetection'},
                                 'drop_last': False,
                                 'num_workers': 2,
                                 'shuffle': False,
                                 'total_batch_size': 8,
                                 'type': 'DataLoader'}}}
Tuning checkpoint from /home/viplab/contest/experiments/kamp_pilot_v1/dfine_s_init.pth
/home/viplab/contest/models/D-FINE/src/solver/_solver.py:254: UserWarning: Environment variable TORCH_FORCE_NO_WEIGHTS_ONLY_LOAD detected, since the`weights_only` argument was not explicitly passed to `torch.load`, forcing weights_only=False.
  state = torch.load(path, map_location="cpu")
Load model.state_dict, {'missed': [], 'unmatched': []}
Initial lr: [0.0001, 0.0001, 0.0002, 0.0002]
building train_dataloader with batch_size=8...
building val_dataloader with batch_size=8...

------------------------------------- Calculate Flops Results -------------------------------------
Notations:
number of parameters (Params), number of multiply-accumulate operations(MACs),
number of floating-point operations (FLOPs), floating-point operations per second (FLOPS),
fwd FLOPs (model forward propagation FLOPs), bwd FLOPs (model backward propagation FLOPs),
default model backpropagation takes 2.00 times as much computation as forward propagation.

Total Training Params:                                                  10.18 M 
fwd MACs:                                                               12.3563 GMACs
fwd FLOPs:                                                              24.8195 GFLOPS
fwd+bwd MACs:                                                           37.069 GMACs
fwd+bwd FLOPs:                                                          74.4584 GFLOPS
---------------------------------------------------------------------------------------------------
{'Model FLOPs:24.8195 GFLOPS   MACs:12.3563 GMACs   Params:10176661'}
------------------------------------------Start training-------------------------------------------
/home/viplab/contest/models/D-FINE/src/solver/det_engine.py:125: UserWarning: Converting a tensor with requires_grad=True to a scalar may lead to unexpected behavior.
Consider using tensor.detach() first. (Triggered internally at /pytorch/torch/csrc/autograd/generated/python_variable_methods.cpp:836.)
  if not math.isfinite(loss_value):
Epoch: [0/30]  [ 0/45]  eta: 0:00:53  lr: 0.000004  loss: 31.8939 (31.8939)  loss_vfl: 0.0410 (0.0410)  loss_bbox: 1.3735 (1.3735)  loss_giou: 2.5869 (2.5869)  loss_fgl: 0.1037 (0.1037)  loss_vfl_aux_0: 0.0485 (0.0485)  loss_bbox_aux_0: 1.3467 (1.3467)  loss_giou_aux_0: 2.6151 (2.6151)  loss_fgl_aux_0: 0.1066 (0.1066)  loss_ddf_aux_0: 0.0210 (0.0210)  loss_vfl_aux_1: 0.0410 (0.0410)  loss_bbox_aux_1: 1.3718 (1.3718)  loss_giou_aux_1: 2.6027 (2.6027)  loss_fgl_aux_1: 0.1013 (0.1013)  loss_ddf_aux_1: 0.0015 (0.0015)  loss_vfl_pre: 0.0485 (0.0485)  loss_bbox_pre: 1.3485 (1.3485)  loss_giou_pre: 2.6196 (2.6196)  loss_vfl_enc_0: 0.0325 (0.0325)  loss_bbox_enc_0: 1.4201 (1.4201)  loss_giou_enc_0: 2.6133 (2.6133)  loss_vfl_dn_0: 0.2937 (0.2937)  loss_bbox_dn_0: 0.3485 (0.3485)  loss_giou_dn_0: 1.6225 (1.6225)  loss_fgl_dn_0: 0.5715 (0.5715)  loss_ddf_dn_0: 0.0653 (0.0653)  loss_vfl_dn_1: 0.5191 (0.5191)  loss_bbox_dn_1: 0.2160 (0.2160)  loss_giou_dn_1: 1.4458 (1.4458)  loss_fgl_dn_1: 0.7072 (0.7072)  loss_ddf_dn_1: 0.0055 (0.0055)  loss_vfl_dn_2: 0.5024 (0.5024)  loss_bbox_dn_2: 0.2122 (0.2122)  loss_giou_dn_2: 1.4341 (1.4341)  loss_fgl_dn_2: 0.7046 (0.7046)  loss_ddf_dn_2: -0.0000 (0.0000)  loss_vfl_dn_pre: 0.2983 (0.2983)  loss_bbox_dn_pre: 0.3439 (0.3439)  loss_giou_dn_pre: 1.6175 (1.6175)  loss_size: 0.5420 (0.5420)  time: 1.1870  data: 0.2427  max mem: 5094
Epoch: [0/30]  [44/45]  eta: 0:00:00  lr: 0.000100  loss: 30.8856 (32.3489)  loss_vfl: 0.2400 (0.2472)  loss_bbox: 0.5872 (0.9512)  loss_giou: 2.3413 (2.5007)  loss_fgl: 0.3361 (0.2670)  loss_vfl_aux_0: 0.2264 (0.2352)  loss_bbox_aux_0: 0.6492 (1.0058)  loss_giou_aux_0: 2.5143 (2.5636)  loss_fgl_aux_0: 0.2517 (0.2291)  loss_ddf_aux_0: 0.1023 (0.0768)  loss_vfl_aux_1: 0.2842 (0.2960)  loss_bbox_aux_1: 0.6163 (0.9785)  loss_giou_aux_1: 2.4012 (2.5061)  loss_fgl_aux_1: 0.3067 (0.2591)  loss_ddf_aux_1: 0.0117 (0.0075)  loss_vfl_pre: 0.2316 (0.2298)  loss_bbox_pre: 0.6820 (1.0248)  loss_giou_pre: 2.4942 (2.5574)  loss_vfl_enc_0: 0.1220 (0.1230)  loss_bbox_enc_0: 1.0474 (1.2096)  loss_giou_enc_0: 2.5785 (2.6293)  loss_vfl_dn_0: 1.1731 (0.9713)  loss_bbox_dn_0: 0.0915 (0.1635)  loss_giou_dn_0: 1.0554 (1.1841)  loss_fgl_dn_0: 1.0216 (0.9109)  loss_ddf_dn_0: 0.2889 (0.2360)  loss_vfl_dn_1: 1.4197 (1.2187)  loss_bbox_dn_1: 0.0716 (0.1055)  loss_giou_dn_1: 0.7986 (0.9873)  loss_fgl_dn_1: 1.1182 (0.9936)  loss_ddf_dn_1: 0.0152 (0.0107)  loss_vfl_dn_2: 1.0591 (1.0285)  loss_bbox_dn_2: 0.0691 (0.1030)  loss_giou_dn_2: 0.7932 (0.9704)  loss_fgl_dn_2: 1.1236 (0.9984)  loss_ddf_dn_2: -0.0000 (0.0000)  loss_vfl_dn_pre: 1.1882 (0.9668)  loss_bbox_dn_pre: 0.0907 (0.1640)  loss_giou_dn_pre: 1.0501 (1.1836)  loss_size: 0.0883 (0.2546)  time: 0.2693  data: 0.0126  max mem: 5225
Epoch: [0/30] Total time: 0:00:12 (0.2833 s / it)
Averaged stats: lr: 0.000100  loss: 30.8856 (32.3489)  loss_vfl: 0.2400 (0.2472)  loss_bbox: 0.5872 (0.9512)  loss_giou: 2.3413 (2.5007)  loss_fgl: 0.3361 (0.2670)  loss_vfl_aux_0: 0.2264 (0.2352)  loss_bbox_aux_0: 0.6492 (1.0058)  loss_giou_aux_0: 2.5143 (2.5636)  loss_fgl_aux_0: 0.2517 (0.2291)  loss_ddf_aux_0: 0.1023 (0.0768)  loss_vfl_aux_1: 0.2842 (0.2960)  loss_bbox_aux_1: 0.6163 (0.9785)  loss_giou_aux_1: 2.4012 (2.5061)  loss_fgl_aux_1: 0.3067 (0.2591)  loss_ddf_aux_1: 0.0117 (0.0075)  loss_vfl_pre: 0.2316 (0.2298)  loss_bbox_pre: 0.6820 (1.0248)  loss_giou_pre: 2.4942 (2.5574)  loss_vfl_enc_0: 0.1220 (0.1230)  loss_bbox_enc_0: 1.0474 (1.2096)  loss_giou_enc_0: 2.5785 (2.6293)  loss_vfl_dn_0: 1.1731 (0.9713)  loss_bbox_dn_0: 0.0915 (0.1635)  loss_giou_dn_0: 1.0554 (1.1841)  loss_fgl_dn_0: 1.0216 (0.9109)  loss_ddf_dn_0: 0.2889 (0.2360)  loss_vfl_dn_1: 1.4197 (1.2187)  loss_bbox_dn_1: 0.0716 (0.1055)  loss_giou_dn_1: 0.7986 (0.9873)  loss_fgl_dn_1: 1.1182 (0.9936)  loss_ddf_dn_1: 0.0152 (0.0107)  loss_vfl_dn_2: 1.0591 (1.0285)  loss_bbox_dn_2: 0.0691 (0.1030)  loss_giou_dn_2: 0.7932 (0.9704)  loss_fgl_dn_2: 1.1236 (0.9984)  loss_ddf_dn_2: -0.0000 (0.0000)  loss_vfl_dn_pre: 1.1882 (0.9668)  loss_bbox_dn_pre: 0.0907 (0.1640)  loss_giou_dn_pre: 1.0501 (1.1836)  loss_size: 0.0883 (0.2546)
Test:  [0/8]  eta: 0:00:04    time: 0.5530  data: 0.2238  max mem: 5225
Test:  [7/8]  eta: 0:00:00    time: 0.1311  data: 0.0393  max mem: 5225
Test: Total time: 0:00:01 (0.1347 s / it)
Metrics: {'f1': 0, 'precision': 0, 'recall': 0.0, 'iou': 0.0, 'TPs': 0, 'FPs': 0, 'FNs': 142}
Averaged stats: 
Accumulating evaluation results...
COCOeval_opt.accumulate() finished...
DONE (t=0.00s).
IoU metric: bbox
 Average Precision  (AP) @[ IoU=0.50:0.95 | area=   all | maxDets=100 ] = 0.009
 Average Precision  (AP) @[ IoU=0.50      | area=   all | maxDets=100 ] = 0.036
 Average Precision  (AP) @[ IoU=0.75      | area=   all | maxDets=100 ] = 0.001
 Average Precision  (AP) @[ IoU=0.50:0.95 | area= small | maxDets=100 ] = 0.012
 Average Precision  (AP) @[ IoU=0.50:0.95 | area=medium | maxDets=100 ] = -1.000
 Average Precision  (AP) @[ IoU=0.50:0.95 | area= large | maxDets=100 ] = -1.000
 Average Recall     (AR) @[ IoU=0.50:0.95 | area=   all | maxDets=  1 ] = 0.027
 Average Recall     (AR) @[ IoU=0.50:0.95 | area=   all | maxDets= 10 ] = 0.095
 Average Recall     (AR) @[ IoU=0.50:0.95 | area=   all | maxDets=100 ] = 0.139
 Average Recall     (AR) @[ IoU=0.50:0.95 | area= small | maxDets=100 ] = 0.139
 Average Recall     (AR) @[ IoU=0.50:0.95 | area=medium | maxDets=100 ] = -1.000
 Average Recall     (AR) @[ IoU=0.50:0.95 | area= large | maxDets=100 ] = -1.000
 Average Recall     (AR) @[ IoU=0.50      | area=   all | maxDets=100 ] = 0.380
 Average Recall     (AR) @[ IoU=0.75      | area=   all | maxDets=100 ] = 0.070
best_stat: {'epoch': 0, 'coco_eval_bbox': 0.009448972577357405}
Epoch: [1/30]  [ 0/45]  eta: 0:00:23  lr: 0.000100  loss: 27.5561 (27.5561)  loss_vfl: 0.6536 (0.6536)  loss_bbox: 0.2679 (0.2679)  loss_giou: 1.4070 (1.4070)  loss_fgl: 0.6647 (0.6647)  loss_vfl_aux_0: 0.6742 (0.6742)  loss_bbox_aux_0: 0.3465 (0.3465)  loss_giou_aux_0: 1.5705 (1.5705)  loss_fgl_aux_0: 0.5823 (0.5823)  loss_ddf_aux_0: 0.2988 (0.2988)  loss_vfl_aux_1: 0.7570 (0.7570)  loss_bbox_aux_1: 0.3131 (0.3131)  loss_giou_aux_1: 1.4475 (1.4475)  loss_fgl_aux_1: 0.6467 (0.6467)  loss_ddf_aux_1: 0.0325 (0.0325)  loss_vfl_pre: 0.5935 (0.5935)  loss_bbox_pre: 0.3768 (0.3768)  loss_giou_pre: 1.5857 (1.5857)  loss_vfl_enc_0: 0.2390 (0.2390)  loss_bbox_enc_0: 0.6842 (0.6842)  loss_giou_enc_0: 1.9959 (1.9959)  loss_vfl_dn_0: 1.3992 (1.3992)  loss_bbox_dn_0: 0.0739 (0.0739)  loss_giou_dn_0: 0.8292 (0.8292)  loss_fgl_dn_0: 1.1505 (1.1505)  loss_ddf_dn_0: 0.7322 (0.7322)  loss_vfl_dn_1: 1.2098 (1.2098)  loss_bbox_dn_1: 0.0560 (0.0560)  loss_giou_dn_1: 0.6728 (0.6728)  loss_fgl_dn_1: 1.1854 (1.1854)  loss_ddf_dn_1: 0.0355 (0.0355)  loss_vfl_dn_2: 0.7939 (0.7939)  loss_bbox_dn_2: 0.0565 (0.0565)  loss_giou_dn_2: 0.6799 (0.6799)  loss_fgl_dn_2: 1.1933 (1.1933)  loss_ddf_dn_2: -0.0000 (0.0000)  loss_vfl_dn_pre: 1.3991 (1.3991)  loss_bbox_dn_pre: 0.0737 (0.0737)  loss_giou_dn_pre: 0.8282 (0.8282)  loss_size: 0.0493 (0.0493)  time: 0.5144  data: 0.2420  max mem: 5225
Epoch: [1/30]  [44/45]  eta: 0:00:00  lr: 0.000100  loss: 26.0545 (26.9073)  loss_vfl: 0.5105 (0.5065)  loss_bbox: 0.2596 (0.3027)  loss_giou: 1.5076 (1.5988)  loss_fgl: 0.6882 (0.6579)  loss_vfl_aux_0: 0.4662 (0.4623)  loss_bbox_aux_0: 0.3163 (0.3878)  loss_giou_aux_0: 1.9063 (1.9449)  loss_fgl_aux_0: 0.5292 (0.5059)  loss_ddf_aux_0: 0.2054 (0.2749)  loss_vfl_aux_1: 0.5082 (0.5176)  loss_bbox_aux_1: 0.2693 (0.3247)  loss_giou_aux_1: 1.5524 (1.6654)  loss_fgl_aux_1: 0.6575 (0.6354)  loss_ddf_aux_1: 0.0254 (0.0344)  loss_vfl_pre: 0.4450 (0.4504)  loss_bbox_pre: 0.3354 (0.4162)  loss_giou_pre: 1.9151 (1.9102)  loss_vfl_enc_0: 0.0997 (0.1093)  loss_bbox_enc_0: 0.6012 (0.6914)  loss_giou_enc_0: 2.5581 (2.4323)  loss_vfl_dn_0: 0.7219 (0.9980)  loss_bbox_dn_0: 0.0629 (0.0675)  loss_giou_dn_0: 0.7457 (0.7683)  loss_fgl_dn_0: 1.2012 (1.1902)  loss_ddf_dn_0: 0.8636 (1.0019)  loss_vfl_dn_1: 0.5514 (0.6351)  loss_bbox_dn_1: 0.0550 (0.0564)  loss_giou_dn_1: 0.6477 (0.6695)  loss_fgl_dn_1: 1.2197 (1.2219)  loss_ddf_dn_1: 0.0625 (0.0689)  loss_vfl_dn_2: 0.5410 (0.5705)  loss_bbox_dn_2: 0.0552 (0.0572)  loss_giou_dn_2: 0.6549 (0.6709)  loss_fgl_dn_2: 1.2278 (1.2325)  loss_ddf_dn_2: -0.0000 (0.0000)  loss_vfl_dn_pre: 0.7320 (1.0007)  loss_bbox_dn_pre: 0.0631 (0.0676)  loss_giou_dn_pre: 0.7401 (0.7669)  loss_size: 0.0129 (0.0341)  time: 0.2538  data: 0.0123  max mem: 5225
Epoch: [1/30] Total time: 0:00:11 (0.2633 s / it)
Averaged stats: lr: 0.000100  loss: 26.0545 (26.9073)  loss_vfl: 0.5105 (0.5065)  loss_bbox: 0.2596 (0.3027)  loss_giou: 1.5076 (1.5988)  loss_fgl: 0.6882 (0.6579)  loss_vfl_aux_0: 0.4662 (0.4623)  loss_bbox_aux_0: 0.3163 (0.3878)  loss_giou_aux_0: 1.9063 (1.9449)  loss_fgl_aux_0: 0.5292 (0.5059)  loss_ddf_aux_0: 0.2054 (0.2749)  loss_vfl_aux_1: 0.5082 (0.5176)  loss_bbox_aux_1: 0.2693 (0.3247)  loss_giou_aux_1: 1.5524 (1.6654)  loss_fgl_aux_1: 0.6575 (0.6354)  loss_ddf_aux_1: 0.0254 (0.0344)  loss_vfl_pre: 0.4450 (0.4504)  loss_bbox_pre: 0.3354 (0.4162)  loss_giou_pre: 1.9151 (1.9102)  loss_vfl_enc_0: 0.0997 (0.1093)  loss_bbox_enc_0: 0.6012 (0.6914)  loss_giou_enc_0: 2.5581 (2.4323)  loss_vfl_dn_0: 0.7219 (0.9980)  loss_bbox_dn_0: 0.0629 (0.0675)  loss_giou_dn_0: 0.7457 (0.7683)  loss_fgl_dn_0: 1.2012 (1.1902)  loss_ddf_dn_0: 0.8636 (1.0019)  loss_vfl_dn_1: 0.5514 (0.6351)  loss_bbox_dn_1: 0.0550 (0.0564)  loss_giou_dn_1: 0.6477 (0.6695)  loss_fgl_dn_1: 1.2197 (1.2219)  loss_ddf_dn_1: 0.0625 (0.0689)  loss_vfl_dn_2: 0.5410 (0.5705)  loss_bbox_dn_2: 0.0552 (0.0572)  loss_giou_dn_2: 0.6549 (0.6709)  loss_fgl_dn_2: 1.2278 (1.2325)  loss_ddf_dn_2: -0.0000 (0.0000)  loss_vfl_dn_pre: 0.7320 (1.0007)  loss_bbox_dn_pre: 0.0631 (0.0676)  loss_giou_dn_pre: 0.7401 (0.7669)  loss_size: 0.0129 (0.0341)
Test:  [0/8]  eta: 0:00:02    time: 0.2960  data: 0.2373  max mem: 5225
Test:  [7/8]  eta: 0:00:00    time: 0.1249  data: 0.0447  max mem: 5225
Test: Total time: 0:00:01 (0.1288 s / it)
Metrics: {'f1': 0.452991452991453, 'precision': 0.5760869565217391, 'recall': 0.3732394366197183, 'iou': 0.19965756960336675, 'TPs': 53, 'FPs': 39, 'FNs': 89}
Averaged stats: 
Accumulating evaluation results...
COCOeval_opt.accumulate() finished...
DONE (t=0.01s).
IoU metric: bbox
 Average Precision  (AP) @[ IoU=0.50:0.95 | area=   all | maxDets=100 ] = 0.140
 Average Precision  (AP) @[ IoU=0.50      | area=   all | maxDets=100 ] = 0.428
 Average Precision  (AP) @[ IoU=0.75      | area=   all | maxDets=100 ] = 0.048
 Average Precision  (AP) @[ IoU=0.50:0.95 | area= small | maxDets=100 ] = 0.140
 Average Precision  (AP) @[ IoU=0.50:0.95 | area=medium | maxDets=100 ] = -1.000
 Average Precision  (AP) @[ IoU=0.50:0.95 | area= large | maxDets=100 ] = -1.000
 Average Recall     (AR) @[ IoU=0.50:0.95 | area=   all | maxDets=  1 ] = 0.129
 Average Recall     (AR) @[ IoU=0.50:0.95 | area=   all | maxDets= 10 ] = 0.304
 Average Recall     (AR) @[ IoU=0.50:0.95 | area=   all | maxDets=100 ] = 0.324
 Average Recall     (AR) @[ IoU=0.50:0.95 | area= small | maxDets=100 ] = 0.324
 Average Recall     (AR) @[ IoU=0.50:0.95 | area=medium | maxDets=100 ] = -1.000
 Average Recall     (AR) @[ IoU=0.50:0.95 | area= large | maxDets=100 ] = -1.000
 Average Recall     (AR) @[ IoU=0.50      | area=   all | maxDets=100 ] = 0.739
 Average Recall     (AR) @[ IoU=0.75      | area=   all | maxDets=100 ] = 0.225
best_stat: {'epoch': 1, 'coco_eval_bbox': 0.13990108830297782}
Epoch: [2/30]  [ 0/45]  eta: 0:00:22  lr: 0.000100  loss: 28.7349 (28.7349)  loss_vfl: 0.4044 (0.4044)  loss_bbox: 0.8036 (0.8036)  loss_giou: 1.8518 (1.8518)  loss_fgl: 0.5400 (0.5400)  loss_vfl_aux_0: 0.2459 (0.2459)  loss_bbox_aux_0: 0.8946 (0.8946)  loss_giou_aux_0: 2.2225 (2.2225)  loss_fgl_aux_0: 0.3710 (0.3710)  loss_ddf_aux_0: 0.1763 (0.1763)  loss_vfl_aux_1: 0.4227 (0.4227)  loss_bbox_aux_1: 0.8334 (0.8334)  loss_giou_aux_1: 1.9190 (1.9190)  loss_fgl_aux_1: 0.5154 (0.5154)  loss_ddf_aux_1: 0.0237 (0.0237)  loss_vfl_pre: 0.2487 (0.2487)  loss_bbox_pre: 0.9442 (0.9442)  loss_giou_pre: 2.2218 (2.2218)  loss_vfl_enc_0: 0.0450 (0.0450)  loss_bbox_enc_0: 1.3583 (1.3583)  loss_giou_enc_0: 2.6323 (2.6323)  loss_vfl_dn_0: 0.6314 (0.6314)  loss_bbox_dn_0: 0.0598 (0.0598)  loss_giou_dn_0: 0.6937 (0.6937)  loss_fgl_dn_0: 1.2557 (1.2557)  loss_ddf_dn_0: 0.9132 (0.9132)  loss_vfl_dn_1: 0.5459 (0.5459)  loss_bbox_dn_1: 0.0492 (0.0492)  loss_giou_dn_1: 0.5840 (0.5840)  loss_fgl_dn_1: 1.2614 (1.2614)  loss_ddf_dn_1: 0.0574 (0.0574)  loss_vfl_dn_2: 0.5373 (0.5373)  loss_bbox_dn_2: 0.0490 (0.0490)  loss_giou_dn_2: 0.5827 (0.5827)  loss_fgl_dn_2: 1.2687 (1.2687)  loss_ddf_dn_2: -0.0000 (0.0000)  loss_vfl_dn_pre: 0.6421 (0.6421)  loss_bbox_dn_pre: 0.0589 (0.0589)  loss_giou_dn_pre: 0.6863 (0.6863)  loss_size: 0.1833 (0.1833)  time: 0.4906  data: 0.2291  max mem: 5225
Epoch: [2/30]  [44/45]  eta: 0:00:00  lr: 0.000100  loss: 24.5665 (25.1776)  loss_vfl: 0.5725 (0.5347)  loss_bbox: 0.2159 (0.3089)  loss_giou: 1.3686 (1.5277)  loss_fgl: 0.7863 (0.7248)  loss_vfl_aux_0: 0.4770 (0.4316)  loss_bbox_aux_0: 0.2809 (0.3816)  loss_giou_aux_0: 1.8392 (1.8841)  loss_fgl_aux_0: 0.6109 (0.5916)  loss_ddf_aux_0: 0.2218 (0.2039)  loss_vfl_aux_1: 0.5590 (0.5298)  loss_bbox_aux_1: 0.2358 (0.3325)  loss_giou_aux_1: 1.4234 (1.5905)  loss_fgl_aux_1: 0.7721 (0.7040)  loss_ddf_aux_1: 0.0268 (0.0263)  loss_vfl_pre: 0.4543 (0.4170)  loss_bbox_pre: 0.2991 (0.4047)  loss_giou_pre: 1.7697 (1.8606)  loss_vfl_enc_0: 0.1317 (0.1318)  loss_bbox_enc_0: 0.7295 (0.7909)  loss_giou_enc_0: 2.4767 (2.5519)  loss_vfl_dn_0: 0.5365 (0.5491)  loss_bbox_dn_0: 0.0623 (0.0612)  loss_giou_dn_0: 0.7044 (0.7131)  loss_fgl_dn_0: 1.2159 (1.2210)  loss_ddf_dn_0: 0.4893 (0.5721)  loss_vfl_dn_1: 0.5068 (0.5228)  loss_bbox_dn_1: 0.0467 (0.0480)  loss_giou_dn_1: 0.5687 (0.5860)  loss_fgl_dn_1: 1.2186 (1.2274)  loss_ddf_dn_1: 0.0312 (0.0367)  loss_vfl_dn_2: 0.4919 (0.5071)  loss_bbox_dn_2: 0.0461 (0.0480)  loss_giou_dn_2: 0.5653 (0.5841)  loss_fgl_dn_2: 1.2197 (1.2291)  loss_ddf_dn_2: -0.0000 (0.0000)  loss_vfl_dn_pre: 0.5355 (0.5514)  loss_bbox_dn_pre: 0.0596 (0.0603)  loss_giou_dn_pre: 0.6969 (0.7052)  loss_size: 0.0152 (0.0259)  time: 0.2494  data: 0.0117  max mem: 5225
Epoch: [2/30] Total time: 0:00:11 (0.2591 s / it)
Averaged stats: lr: 0.000100  loss: 24.5665 (25.1776)  loss_vfl: 0.5725 (0.5347)  loss_bbox: 0.2159 (0.3089)  loss_giou: 1.3686 (1.5277)  loss_fgl: 0.7863 (0.7248)  loss_vfl_aux_0: 0.4770 (0.4316)  loss_bbox_aux_0: 0.2809 (0.3816)  loss_giou_aux_0: 1.8392 (1.8841)  loss_fgl_aux_0: 0.6109 (0.5916)  loss_ddf_aux_0: 0.2218 (0.2039)  loss_vfl_aux_1: 0.5590 (0.5298)  loss_bbox_aux_1: 0.2358 (0.3325)  loss_giou_aux_1: 1.4234 (1.5905)  loss_fgl_aux_1: 0.7721 (0.7040)  loss_ddf_aux_1: 0.0268 (0.0263)  loss_vfl_pre: 0.4543 (0.4170)  loss_bbox_pre: 0.2991 (0.4047)  loss_giou_pre: 1.7697 (1.8606)  loss_vfl_enc_0: 0.1317 (0.1318)  loss_bbox_enc_0: 0.7295 (0.7909)  loss_giou_enc_0: 2.4767 (2.5519)  loss_vfl_dn_0: 0.5365 (0.5491)  loss_bbox_dn_0: 0.0623 (0.0612)  loss_giou_dn_0: 0.7044 (0.7131)  loss_fgl_dn_0: 1.2159 (1.2210)  loss_ddf_dn_0: 0.4893 (0.5721)  loss_vfl_dn_1: 0.5068 (0.5228)  loss_bbox_dn_1: 0.0467 (0.0480)  loss_giou_dn_1: 0.5687 (0.5860)  loss_fgl_dn_1: 1.2186 (1.2274)  loss_ddf_dn_1: 0.0312 (0.0367)  loss_vfl_dn_2: 0.4919 (0.5071)  loss_bbox_dn_2: 0.0461 (0.0480)  loss_giou_dn_2: 0.5653 (0.5841)  loss_fgl_dn_2: 1.2197 (1.2291)  loss_ddf_dn_2: -0.0000 (0.0000)  loss_vfl_dn_pre: 0.5355 (0.5514)  loss_bbox_dn_pre: 0.0596 (0.0603)  loss_giou_dn_pre: 0.6969 (0.7052)  loss_size: 0.0152 (0.0259)
Test:  [0/8]  eta: 0:00:02    time: 0.3026  data: 0.2438  max mem: 5225
Test:  [7/8]  eta: 0:00:00    time: 0.1022  data: 0.0443  max mem: 5225
Test: Total time: 0:00:00 (0.1066 s / it)
Metrics: {'f1': 0.48945147679324896, 'precision': 0.6105263157894737, 'recall': 0.4084507042253521, 'iou': 0.22592710749397066, 'TPs': 58, 'FPs': 37, 'FNs': 84}
Averaged stats: 
Accumulating evaluation results...
COCOeval_opt.accumulate() finished...
DONE (t=0.01s).
IoU metric: bbox
 Average Precision  (AP) @[ IoU=0.50:0.95 | area=   all | maxDets=100 ] = 0.177
 Average Precision  (AP) @[ IoU=0.50      | area=   all | maxDets=100 ] = 0.488
 Average Precision  (AP) @[ IoU=0.75      | area=   all | maxDets=100 ] = 0.068
 Average Precision  (AP) @[ IoU=0.50:0.95 | area= small | maxDets=100 ] = 0.177
 Average Precision  (AP) @[ IoU=0.50:0.95 | area=medium | maxDets=100 ] = -1.000
 Average Precision  (AP) @[ IoU=0.50:0.95 | area= large | maxDets=100 ] = -1.000
 Average Recall     (AR) @[ IoU=0.50:0.95 | area=   all | maxDets=  1 ] = 0.146
 Average Recall     (AR) @[ IoU=0.50:0.95 | area=   all | maxDets= 10 ] = 0.337
 Average Recall     (AR) @[ IoU=0.50:0.95 | area=   all | maxDets=100 ] = 0.365
 Average Recall     (AR) @[ IoU=0.50:0.95 | area= small | maxDets=100 ] = 0.365
 Average Recall     (AR) @[ IoU=0.50:0.95 | area=medium | maxDets=100 ] = -1.000
 Average Recall     (AR) @[ IoU=0.50:0.95 | area= large | maxDets=100 ] = -1.000
 Average Recall     (AR) @[ IoU=0.50      | area=   all | maxDets=100 ] = 0.789
 Average Recall     (AR) @[ IoU=0.75      | area=   all | maxDets=100 ] = 0.289
best_stat: {'epoch': 2, 'coco_eval_bbox': 0.1766481145568603}
Epoch: [3/30]  [ 0/45]  eta: 0:00:21  lr: 0.000100  loss: 22.6678 (22.6678)  loss_vfl: 0.6539 (0.6539)  loss_bbox: 0.1066 (0.1066)  loss_giou: 0.8975 (0.8975)  loss_fgl: 0.9611 (0.9611)  loss_vfl_aux_0: 0.4167 (0.4167)  loss_bbox_aux_0: 0.1707 (0.1707)  loss_giou_aux_0: 1.5867 (1.5867)  loss_fgl_aux_0: 0.7129 (0.7129)  loss_ddf_aux_0: 0.2520 (0.2520)  loss_vfl_aux_1: 0.6807 (0.6807)  loss_bbox_aux_1: 0.1228 (0.1228)  loss_giou_aux_1: 0.9783 (0.9783)  loss_fgl_aux_1: 0.9552 (0.9552)  loss_ddf_aux_1: 0.0322 (0.0322)  loss_vfl_pre: 0.4174 (0.4174)  loss_bbox_pre: 0.1809 (0.1809)  loss_giou_pre: 1.4920 (1.4920)  loss_vfl_enc_0: 0.1202 (0.1202)  loss_bbox_enc_0: 0.7144 (0.7144)  loss_giou_enc_0: 2.3539 (2.3539)  loss_vfl_dn_0: 0.5421 (0.5421)  loss_bbox_dn_0: 0.0577 (0.0577)  loss_giou_dn_0: 0.6868 (0.6868)  loss_fgl_dn_0: 1.2280 (1.2280)  loss_ddf_dn_0: 0.3825 (0.3825)  loss_vfl_dn_1: 0.5144 (0.5144)  loss_bbox_dn_1: 0.0454 (0.0454)  loss_giou_dn_1: 0.5608 (0.5608)  loss_fgl_dn_1: 1.2259 (1.2259)  loss_ddf_dn_1: 0.0181 (0.0181)  loss_vfl_dn_2: 0.4860 (0.4860)  loss_bbox_dn_2: 0.0453 (0.0453)  loss_giou_dn_2: 0.5601 (0.5601)  loss_fgl_dn_2: 1.2251 (1.2251)  loss_ddf_dn_2: -0.0000 (0.0000)  loss_vfl_dn_pre: 0.5435 (0.5435)  loss_bbox_dn_pre: 0.0570 (0.0570)  loss_giou_dn_pre: 0.6781 (0.6781)  loss_size: 0.0048 (0.0048)  time: 0.4855  data: 0.2368  max mem: 5225
Epoch: [3/30]  [44/45]  eta: 0:00:00  lr: 0.000100  loss: 22.7315 (23.0084)  loss_vfl: 0.6720 (0.6824)  loss_bbox: 0.0958 (0.1265)  loss_giou: 0.8728 (1.0008)  loss_fgl: 0.9443 (0.9079)  loss_vfl_aux_0: 0.5239 (0.5103)  loss_bbox_aux_0: 0.1743 (0.2025)  loss_giou_aux_0: 1.4271 (1.5054)  loss_fgl_aux_0: 0.7680 (0.7511)  loss_ddf_aux_0: 0.4146 (0.3738)  loss_vfl_aux_1: 0.6688 (0.6594)  loss_bbox_aux_1: 0.1129 (0.1420)  loss_giou_aux_1: 1.0083 (1.0932)  loss_fgl_aux_1: 0.9011 (0.8838)  loss_ddf_aux_1: 0.0536 (0.0495)  loss_vfl_pre: 0.4758 (0.4938)  loss_bbox_pre: 0.1818 (0.2189)  loss_giou_pre: 1.4208 (1.4892)  loss_vfl_enc_0: 0.1621 (0.1643)  loss_bbox_enc_0: 0.5476 (0.6391)  loss_giou_enc_0: 2.3430 (2.4186)  loss_vfl_dn_0: 0.5344 (0.5351)  loss_bbox_dn_0: 0.0546 (0.0565)  loss_giou_dn_0: 0.6627 (0.6651)  loss_fgl_dn_0: 1.2424 (1.2389)  loss_ddf_dn_0: 0.3487 (0.3555)  loss_vfl_dn_1: 0.4689 (0.4771)  loss_bbox_dn_1: 0.0418 (0.0436)  loss_giou_dn_1: 0.5257 (0.5326)  loss_fgl_dn_1: 1.2355 (1.2365)  loss_ddf_dn_1: 0.0219 (0.0206)  loss_vfl_dn_2: 0.4620 (0.4655)  loss_bbox_dn_2: 0.0419 (0.0434)  loss_giou_dn_2: 0.5154 (0.5312)  loss_fgl_dn_2: 1.2370 (1.2370)  loss_ddf_dn_2: -0.0000 (0.0000)  loss_vfl_dn_pre: 0.5317 (0.5337)  loss_bbox_dn_pre: 0.0537 (0.0559)  loss_giou_dn_pre: 0.6561 (0.6609)  loss_size: 0.0047 (0.0068)  time: 0.2524  data: 0.0119  max mem: 5225
Epoch: [3/30] Total time: 0:00:11 (0.2583 s / it)
Averaged stats: lr: 0.000100  loss: 22.7315 (23.0084)  loss_vfl: 0.6720 (0.6824)  loss_bbox: 0.0958 (0.1265)  loss_giou: 0.8728 (1.0008)  loss_fgl: 0.9443 (0.9079)  loss_vfl_aux_0: 0.5239 (0.5103)  loss_bbox_aux_0: 0.1743 (0.2025)  loss_giou_aux_0: 1.4271 (1.5054)  loss_fgl_aux_0: 0.7680 (0.7511)  loss_ddf_aux_0: 0.4146 (0.3738)  loss_vfl_aux_1: 0.6688 (0.6594)  loss_bbox_aux_1: 0.1129 (0.1420)  loss_giou_aux_1: 1.0083 (1.0932)  loss_fgl_aux_1: 0.9011 (0.8838)  loss_ddf_aux_1: 0.0536 (0.0495)  loss_vfl_pre: 0.4758 (0.4938)  loss_bbox_pre: 0.1818 (0.2189)  loss_giou_pre: 1.4208 (1.4892)  loss_vfl_enc_0: 0.1621 (0.1643)  loss_bbox_enc_0: 0.5476 (0.6391)  loss_giou_enc_0: 2.3430 (2.4186)  loss_vfl_dn_0: 0.5344 (0.5351)  loss_bbox_dn_0: 0.0546 (0.0565)  loss_giou_dn_0: 0.6627 (0.6651)  loss_fgl_dn_0: 1.2424 (1.2389)  loss_ddf_dn_0: 0.3487 (0.3555)  loss_vfl_dn_1: 0.4689 (0.4771)  loss_bbox_dn_1: 0.0418 (0.0436)  loss_giou_dn_1: 0.5257 (0.5326)  loss_fgl_dn_1: 1.2355 (1.2365)  loss_ddf_dn_1: 0.0219 (0.0206)  loss_vfl_dn_2: 0.4620 (0.4655)  loss_bbox_dn_2: 0.0419 (0.0434)  loss_giou_dn_2: 0.5154 (0.5312)  loss_fgl_dn_2: 1.2370 (1.2370)  loss_ddf_dn_2: -0.0000 (0.0000)  loss_vfl_dn_pre: 0.5317 (0.5337)  loss_bbox_dn_pre: 0.0537 (0.0559)  loss_giou_dn_pre: 0.6561 (0.6609)  loss_size: 0.0047 (0.0068)
Test:  [0/8]  eta: 0:00:02    time: 0.2937  data: 0.2353  max mem: 5225
Test:  [7/8]  eta: 0:00:00    time: 0.1244  data: 0.0436  max mem: 5225
Test: Total time: 0:00:01 (0.1291 s / it)
Metrics: {'f1': 0.610909090909091, 'precision': 0.631578947368421, 'recall': 0.5915492957746479, 'iou': 0.2997948365061695, 'TPs': 84, 'FPs': 49, 'FNs': 58}
Averaged stats: 
Accumulating evaluation results...
COCOeval_opt.accumulate() finished...
DONE (t=0.01s).
IoU metric: bbox
 Average Precision  (AP) @[ IoU=0.50:0.95 | area=   all | maxDets=100 ] = 0.200
 Average Precision  (AP) @[ IoU=0.50      | area=   all | maxDets=100 ] = 0.575
 Average Precision  (AP) @[ IoU=0.75      | area=   all | maxDets=100 ] = 0.047
 Average Precision  (AP) @[ IoU=0.50:0.95 | area= small | maxDets=100 ] = 0.200
 Average Precision  (AP) @[ IoU=0.50:0.95 | area=medium | maxDets=100 ] = -1.000
 Average Precision  (AP) @[ IoU=0.50:0.95 | area= large | maxDets=100 ] = -1.000
 Average Recall     (AR) @[ IoU=0.50:0.95 | area=   all | maxDets=  1 ] = 0.138
 Average Recall     (AR) @[ IoU=0.50:0.95 | area=   all | maxDets= 10 ] = 0.371
 Average Recall     (AR) @[ IoU=0.50:0.95 | area=   all | maxDets=100 ] = 0.442
 Average Recall     (AR) @[ IoU=0.50:0.95 | area= small | maxDets=100 ] = 0.442
 Average Recall     (AR) @[ IoU=0.50:0.95 | area=medium | maxDets=100 ] = -1.000
 Average Recall     (AR) @[ IoU=0.50:0.95 | area= large | maxDets=100 ] = -1.000
 Average Recall     (AR) @[ IoU=0.50      | area=   all | maxDets=100 ] = 0.824
 Average Recall     (AR) @[ IoU=0.75      | area=   all | maxDets=100 ] = 0.394
best_stat: {'epoch': 3, 'coco_eval_bbox': 0.19994035712880437}
Epoch: [4/30]  [ 0/45]  eta: 0:00:22  lr: 0.000100  loss: 22.6385 (22.6385)  loss_vfl: 0.8401 (0.8401)  loss_bbox: 0.1029 (0.1029)  loss_giou: 0.9448 (0.9448)  loss_fgl: 0.7940 (0.7940)  loss_vfl_aux_0: 0.3903 (0.3903)  loss_bbox_aux_0: 0.2413 (0.2413)  loss_giou_aux_0: 1.6168 (1.6168)  loss_fgl_aux_0: 0.6002 (0.6002)  loss_ddf_aux_0: 0.5344 (0.5344)  loss_vfl_aux_1: 0.6304 (0.6304)  loss_bbox_aux_1: 0.1227 (0.1227)  loss_giou_aux_1: 1.1024 (1.1024)  loss_fgl_aux_1: 0.7565 (0.7565)  loss_ddf_aux_1: 0.1006 (0.1006)  loss_vfl_pre: 0.4005 (0.4005)  loss_bbox_pre: 0.2803 (0.2803)  loss_giou_pre: 1.6115 (1.6115)  loss_vfl_enc_0: 0.0976 (0.0976)  loss_bbox_enc_0: 0.6563 (0.6563)  loss_giou_enc_0: 2.6330 (2.6330)  loss_vfl_dn_0: 0.5369 (0.5369)  loss_bbox_dn_0: 0.0441 (0.0441)  loss_giou_dn_0: 0.5528 (0.5528)  loss_fgl_dn_0: 1.2624 (1.2624)  loss_ddf_dn_0: 0.2549 (0.2549)  loss_vfl_dn_1: 0.4548 (0.4548)  loss_bbox_dn_1: 0.0355 (0.0355)  loss_giou_dn_1: 0.4668 (0.4668)  loss_fgl_dn_1: 1.2321 (1.2321)  loss_ddf_dn_1: 0.0198 (0.0198)  loss_vfl_dn_2: 0.4504 (0.4504)  loss_bbox_dn_2: 0.0353 (0.0353)  loss_giou_dn_2: 0.4634 (0.4634)  loss_fgl_dn_2: 1.2328 (1.2328)  loss_ddf_dn_2: -0.0000 (0.0000)  loss_vfl_dn_pre: 0.5352 (0.5352)  loss_bbox_dn_pre: 0.0441 (0.0441)  loss_giou_dn_pre: 0.5548 (0.5548)  loss_size: 0.0058 (0.0058)  time: 0.4928  data: 0.2331  max mem: 5225
Epoch: [4/30]  [44/45]  eta: 0:00:00  lr: 0.000100  loss: 21.8630 (22.7620)  loss_vfl: 0.6184 (0.6272)  loss_bbox: 0.0962 (0.1485)  loss_giou: 0.8916 (1.0552)  loss_fgl: 1.0191 (0.9258)  loss_vfl_aux_0: 0.5869 (0.5187)  loss_bbox_aux_0: 0.1377 (0.2126)  loss_giou_aux_0: 1.2532 (1.4529)  loss_fgl_aux_0: 0.9125 (0.8049)  loss_ddf_aux_0: 0.3929 (0.4460)  loss_vfl_aux_1: 0.6088 (0.6151)  loss_bbox_aux_1: 0.1016 (0.1611)  loss_giou_aux_1: 0.9175 (1.1216)  loss_fgl_aux_1: 1.0033 (0.9073)  loss_ddf_aux_1: 0.0394 (0.0434)  loss_vfl_pre: 0.5984 (0.5128)  loss_bbox_pre: 0.1432 (0.2228)  loss_giou_pre: 1.2681 (1.4377)  loss_vfl_enc_0: 0.2484 (0.2008)  loss_bbox_enc_0: 0.4288 (0.5387)  loss_giou_enc_0: 2.2004 (2.3309)  loss_vfl_dn_0: 0.5237 (0.5238)  loss_bbox_dn_0: 0.0542 (0.0541)  loss_giou_dn_0: 0.6289 (0.6401)  loss_fgl_dn_0: 1.2286 (1.2437)  loss_ddf_dn_0: 0.2238 (0.2948)  loss_vfl_dn_1: 0.4535 (0.4616)  loss_bbox_dn_1: 0.0422 (0.0412)  loss_giou_dn_1: 0.5002 (0.5114)  loss_fgl_dn_1: 1.2187 (1.2318)  loss_ddf_dn_1: 0.0103 (0.0150)  loss_vfl_dn_2: 0.4472 (0.4532)  loss_bbox_dn_2: 0.0422 (0.0414)  loss_giou_dn_2: 0.5063 (0.5130)  loss_fgl_dn_2: 1.2196 (1.2334)  loss_ddf_dn_2: -0.0000 (0.0000)  loss_vfl_dn_pre: 0.5216 (0.5225)  loss_bbox_dn_pre: 0.0539 (0.0537)  loss_giou_dn_pre: 0.6308 (0.6357)  loss_size: 0.0048 (0.0074)  time: 0.2500  data: 0.0118  max mem: 5225
Epoch: [4/30] Total time: 0:00:11 (0.2574 s / it)
Averaged stats: lr: 0.000100  loss: 21.8630 (22.7620)  loss_vfl: 0.6184 (0.6272)  loss_bbox: 0.0962 (0.1485)  loss_giou: 0.8916 (1.0552)  loss_fgl: 1.0191 (0.9258)  loss_vfl_aux_0: 0.5869 (0.5187)  loss_bbox_aux_0: 0.1377 (0.2126)  loss_giou_aux_0: 1.2532 (1.4529)  loss_fgl_aux_0: 0.9125 (0.8049)  loss_ddf_aux_0: 0.3929 (0.4460)  loss_vfl_aux_1: 0.6088 (0.6151)  loss_bbox_aux_1: 0.1016 (0.1611)  loss_giou_aux_1: 0.9175 (1.1216)  loss_fgl_aux_1: 1.0033 (0.9073)  loss_ddf_aux_1: 0.0394 (0.0434)  loss_vfl_pre: 0.5984 (0.5128)  loss_bbox_pre: 0.1432 (0.2228)  loss_giou_pre: 1.2681 (1.4377)  loss_vfl_enc_0: 0.2484 (0.2008)  loss_bbox_enc_0: 0.4288 (0.5387)  loss_giou_enc_0: 2.2004 (2.3309)  loss_vfl_dn_0: 0.5237 (0.5238)  loss_bbox_dn_0: 0.0542 (0.0541)  loss_giou_dn_0: 0.6289 (0.6401)  loss_fgl_dn_0: 1.2286 (1.2437)  loss_ddf_dn_0: 0.2238 (0.2948)  loss_vfl_dn_1: 0.4535 (0.4616)  loss_bbox_dn_1: 0.0422 (0.0412)  loss_giou_dn_1: 0.5002 (0.5114)  loss_fgl_dn_1: 1.2187 (1.2318)  loss_ddf_dn_1: 0.0103 (0.0150)  loss_vfl_dn_2: 0.4472 (0.4532)  loss_bbox_dn_2: 0.0422 (0.0414)  loss_giou_dn_2: 0.5063 (0.5130)  loss_fgl_dn_2: 1.2196 (1.2334)  loss_ddf_dn_2: -0.0000 (0.0000)  loss_vfl_dn_pre: 0.5216 (0.5225)  loss_bbox_dn_pre: 0.0539 (0.0537)  loss_giou_dn_pre: 0.6308 (0.6357)  loss_size: 0.0048 (0.0074)
Test:  [0/8]  eta: 0:00:02    time: 0.2946  data: 0.2368  max mem: 5225
Test:  [7/8]  eta: 0:00:00    time: 0.1006  data: 0.0425  max mem: 5225
Test: Total time: 0:00:00 (0.1049 s / it)
Metrics: {'f1': 0.6484641638225255, 'precision': 0.6291390728476821, 'recall': 0.6690140845070423, 'iou': 0.33739085781453837, 'TPs': 95, 'FPs': 56, 'FNs': 47}
Averaged stats: 
Accumulating evaluation results...
COCOeval_opt.accumulate() finished...
DONE (t=0.01s).
IoU metric: bbox
 Average Precision  (AP) @[ IoU=0.50:0.95 | area=   all | maxDets=100 ] = 0.242
 Average Precision  (AP) @[ IoU=0.50      | area=   all | maxDets=100 ] = 0.643
 Average Precision  (AP) @[ IoU=0.75      | area=   all | maxDets=100 ] = 0.065
 Average Precision  (AP) @[ IoU=0.50:0.95 | area= small | maxDets=100 ] = 0.242
 Average Precision  (AP) @[ IoU=0.50:0.95 | area=medium | maxDets=100 ] = -1.000
 Average Precision  (AP) @[ IoU=0.50:0.95 | area= large | maxDets=100 ] = -1.000
 Average Recall     (AR) @[ IoU=0.50:0.95 | area=   all | maxDets=  1 ] = 0.177
 Average Recall     (AR) @[ IoU=0.50:0.95 | area=   all | maxDets= 10 ] = 0.451
 Average Recall     (AR) @[ IoU=0.50:0.95 | area=   all | maxDets=100 ] = 0.527
 Average Recall     (AR) @[ IoU=0.50:0.95 | area= small | maxDets=100 ] = 0.527
 Average Recall     (AR) @[ IoU=0.50:0.95 | area=medium | maxDets=100 ] = -1.000
 Average Recall     (AR) @[ IoU=0.50:0.95 | area= large | maxDets=100 ] = -1.000
 Average Recall     (AR) @[ IoU=0.50      | area=   all | maxDets=100 ] = 0.972
 Average Recall     (AR) @[ IoU=0.75      | area=   all | maxDets=100 ] = 0.472
best_stat: {'epoch': 4, 'coco_eval_bbox': 0.24205735704729087}
Epoch: [5/30]  [ 0/45]  eta: 0:00:21  lr: 0.000100  loss: 22.5191 (22.5191)  loss_vfl: 0.6293 (0.6293)  loss_bbox: 0.1065 (0.1065)  loss_giou: 0.8324 (0.8324)  loss_fgl: 1.3168 (1.3168)  loss_vfl_aux_0: 0.5900 (0.5900)  loss_bbox_aux_0: 0.1692 (0.1692)  loss_giou_aux_0: 1.1690 (1.1690)  loss_fgl_aux_0: 1.0329 (1.0329)  loss_ddf_aux_0: 0.4035 (0.4035)  loss_vfl_aux_1: 0.6282 (0.6282)  loss_bbox_aux_1: 0.1213 (0.1213)  loss_giou_aux_1: 0.9538 (0.9538)  loss_fgl_aux_1: 1.1617 (1.1617)  loss_ddf_aux_1: 0.0497 (0.0497)  loss_vfl_pre: 0.6462 (0.6462)  loss_bbox_pre: 0.1469 (0.1469)  loss_giou_pre: 1.1665 (1.1665)  loss_vfl_enc_0: 0.2975 (0.2975)  loss_bbox_enc_0: 0.4323 (0.4323)  loss_giou_enc_0: 2.1661 (2.1661)  loss_vfl_dn_0: 0.5205 (0.5205)  loss_bbox_dn_0: 0.0589 (0.0589)  loss_giou_dn_0: 0.6488 (0.6488)  loss_fgl_dn_0: 1.2716 (1.2716)  loss_ddf_dn_0: 0.2959 (0.2959)  loss_vfl_dn_1: 0.4607 (0.4607)  loss_bbox_dn_1: 0.0428 (0.0428)  loss_giou_dn_1: 0.4811 (0.4811)  loss_fgl_dn_1: 1.2468 (1.2468)  loss_ddf_dn_1: 0.0183 (0.0183)  loss_vfl_dn_2: 0.4597 (0.4597)  loss_bbox_dn_2: 0.0431 (0.0431)  loss_giou_dn_2: 0.4791 (0.4791)  loss_fgl_dn_2: 1.2504 (1.2504)  loss_ddf_dn_2: -0.0000 (0.0000)  loss_vfl_dn_pre: 0.5196 (0.5196)  loss_bbox_dn_pre: 0.0586 (0.0586)  loss_giou_dn_pre: 0.6409 (0.6409)  loss_size: 0.0027 (0.0027)  time: 0.4765  data: 0.2291  max mem: 5225
Epoch: [5/30]  [44/45]  eta: 0:00:00  lr: 0.000100  loss: 22.6738 (23.0258)  loss_vfl: 0.6394 (0.6679)  loss_bbox: 0.1200 (0.1373)  loss_giou: 0.9518 (1.0023)  loss_fgl: 0.9345 (0.9340)  loss_vfl_aux_0: 0.5711 (0.5414)  loss_bbox_aux_0: 0.1750 (0.2129)  loss_giou_aux_0: 1.3784 (1.4873)  loss_fgl_aux_0: 0.7989 (0.7849)  loss_ddf_aux_0: 0.5524 (0.5464)  loss_vfl_aux_1: 0.6385 (0.6393)  loss_bbox_aux_1: 0.1245 (0.1501)  loss_giou_aux_1: 0.9821 (1.0804)  loss_fgl_aux_1: 0.9214 (0.9093)  loss_ddf_aux_1: 0.0453 (0.0603)  loss_vfl_pre: 0.5558 (0.5402)  loss_bbox_pre: 0.1786 (0.2130)  loss_giou_pre: 1.3818 (1.4790)  loss_vfl_enc_0: 0.1700 (0.1839)  loss_bbox_enc_0: 0.5384 (0.6319)  loss_giou_enc_0: 2.4405 (2.5244)  loss_vfl_dn_0: 0.5193 (0.5185)  loss_bbox_dn_0: 0.0504 (0.0515)  loss_giou_dn_0: 0.6035 (0.6143)  loss_fgl_dn_0: 1.2445 (1.2485)  loss_ddf_dn_0: 0.2146 (0.2436)  loss_vfl_dn_1: 0.4418 (0.4480)  loss_bbox_dn_1: 0.0387 (0.0396)  loss_giou_dn_1: 0.4861 (0.4970)  loss_fgl_dn_1: 1.2184 (1.2309)  loss_ddf_dn_1: 0.0092 (0.0111)  loss_vfl_dn_2: 0.4354 (0.4430)  loss_bbox_dn_2: 0.0390 (0.0397)  loss_giou_dn_2: 0.4826 (0.4965)  loss_fgl_dn_2: 1.2193 (1.2317)  loss_ddf_dn_2: -0.0000 (0.0000)  loss_vfl_dn_pre: 0.5170 (0.5162)  loss_bbox_dn_pre: 0.0504 (0.0513)  loss_giou_dn_pre: 0.6036 (0.6119)  loss_size: 0.0036 (0.0064)  time: 0.2513  data: 0.0119  max mem: 5225
Epoch: [5/30] Total time: 0:00:11 (0.2581 s / it)
Averaged stats: lr: 0.000100  loss: 22.6738 (23.0258)  loss_vfl: 0.6394 (0.6679)  loss_bbox: 0.1200 (0.1373)  loss_giou: 0.9518 (1.0023)  loss_fgl: 0.9345 (0.9340)  loss_vfl_aux_0: 0.5711 (0.5414)  loss_bbox_aux_0: 0.1750 (0.2129)  loss_giou_aux_0: 1.3784 (1.4873)  loss_fgl_aux_0: 0.7989 (0.7849)  loss_ddf_aux_0: 0.5524 (0.5464)  loss_vfl_aux_1: 0.6385 (0.6393)  loss_bbox_aux_1: 0.1245 (0.1501)  loss_giou_aux_1: 0.9821 (1.0804)  loss_fgl_aux_1: 0.9214 (0.9093)  loss_ddf_aux_1: 0.0453 (0.0603)  loss_vfl_pre: 0.5558 (0.5402)  loss_bbox_pre: 0.1786 (0.2130)  loss_giou_pre: 1.3818 (1.4790)  loss_vfl_enc_0: 0.1700 (0.1839)  loss_bbox_enc_0: 0.5384 (0.6319)  loss_giou_enc_0: 2.4405 (2.5244)  loss_vfl_dn_0: 0.5193 (0.5185)  loss_bbox_dn_0: 0.0504 (0.0515)  loss_giou_dn_0: 0.6035 (0.6143)  loss_fgl_dn_0: 1.2445 (1.2485)  loss_ddf_dn_0: 0.2146 (0.2436)  loss_vfl_dn_1: 0.4418 (0.4480)  loss_bbox_dn_1: 0.0387 (0.0396)  loss_giou_dn_1: 0.4861 (0.4970)  loss_fgl_dn_1: 1.2184 (1.2309)  loss_ddf_dn_1: 0.0092 (0.0111)  loss_vfl_dn_2: 0.4354 (0.4430)  loss_bbox_dn_2: 0.0390 (0.0397)  loss_giou_dn_2: 0.4826 (0.4965)  loss_fgl_dn_2: 1.2193 (1.2317)  loss_ddf_dn_2: -0.0000 (0.0000)  loss_vfl_dn_pre: 0.5170 (0.5162)  loss_bbox_dn_pre: 0.0504 (0.0513)  loss_giou_dn_pre: 0.6036 (0.6119)  loss_size: 0.0036 (0.0064)
Test:  [0/8]  eta: 0:00:02    time: 0.2928  data: 0.2345  max mem: 5225
Test:  [7/8]  eta: 0:00:00    time: 0.1230  data: 0.0415  max mem: 5225
Test: Total time: 0:00:01 (0.1276 s / it)
Metrics: {'f1': 0.6920152091254753, 'precision': 0.7520661157024794, 'recall': 0.6408450704225352, 'iou': 0.37368755319783853, 'TPs': 91, 'FPs': 30, 'FNs': 51}
Averaged stats: 
Accumulating evaluation results...
COCOeval_opt.accumulate() finished...
DONE (t=0.01s).
IoU metric: bbox
 Average Precision  (AP) @[ IoU=0.50:0.95 | area=   all | maxDets=100 ] = 0.292
 Average Precision  (AP) @[ IoU=0.50      | area=   all | maxDets=100 ] = 0.748
 Average Precision  (AP) @[ IoU=0.75      | area=   all | maxDets=100 ] = 0.137
 Average Precision  (AP) @[ IoU=0.50:0.95 | area= small | maxDets=100 ] = 0.292
 Average Precision  (AP) @[ IoU=0.50:0.95 | area=medium | maxDets=100 ] = -1.000
 Average Precision  (AP) @[ IoU=0.50:0.95 | area= large | maxDets=100 ] = -1.000
 Average Recall     (AR) @[ IoU=0.50:0.95 | area=   all | maxDets=  1 ] = 0.187
 Average Recall     (AR) @[ IoU=0.50:0.95 | area=   all | maxDets= 10 ] = 0.475
 Average Recall     (AR) @[ IoU=0.50:0.95 | area=   all | maxDets=100 ] = 0.564
 Average Recall     (AR) @[ IoU=0.50:0.95 | area= small | maxDets=100 ] = 0.564
 Average Recall     (AR) @[ IoU=0.50:0.95 | area=medium | maxDets=100 ] = -1.000
 Average Recall     (AR) @[ IoU=0.50:0.95 | area= large | maxDets=100 ] = -1.000
 Average Recall     (AR) @[ IoU=0.50      | area=   all | maxDets=100 ] = 0.979
 Average Recall     (AR) @[ IoU=0.75      | area=   all | maxDets=100 ] = 0.585
best_stat: {'epoch': 5, 'coco_eval_bbox': 0.2921205887637722}
Epoch: [6/30]  [ 0/45]  eta: 0:00:21  lr: 0.000100  loss: 21.8100 (21.8100)  loss_vfl: 0.6297 (0.6297)  loss_bbox: 0.0643 (0.0643)  loss_giou: 0.7374 (0.7374)  loss_fgl: 1.0306 (1.0306)  loss_vfl_aux_0: 0.7018 (0.7018)  loss_bbox_aux_0: 0.1302 (0.1302)  loss_giou_aux_0: 1.1621 (1.1621)  loss_fgl_aux_0: 0.9163 (0.9163)  loss_ddf_aux_0: 0.6296 (0.6296)  loss_vfl_aux_1: 0.6285 (0.6285)  loss_bbox_aux_1: 0.0727 (0.0727)  loss_giou_aux_1: 0.8103 (0.8103)  loss_fgl_aux_1: 1.0065 (1.0065)  loss_ddf_aux_1: 0.0535 (0.0535)  loss_vfl_pre: 0.6644 (0.6644)  loss_bbox_pre: 0.1407 (0.1407)  loss_giou_pre: 1.1838 (1.1838)  loss_vfl_enc_0: 0.1132 (0.1132)  loss_bbox_enc_0: 0.4768 (0.4768)  loss_giou_enc_0: 2.6315 (2.6315)  loss_vfl_dn_0: 0.5126 (0.5126)  loss_bbox_dn_0: 0.0453 (0.0453)  loss_giou_dn_0: 0.5859 (0.5859)  loss_fgl_dn_0: 1.2348 (1.2348)  loss_ddf_dn_0: 0.1894 (0.1894)  loss_vfl_dn_1: 0.4410 (0.4410)  loss_bbox_dn_1: 0.0336 (0.0336)  loss_giou_dn_1: 0.4625 (0.4625)  loss_fgl_dn_1: 1.2142 (1.2142)  loss_ddf_dn_1: 0.0069 (0.0069)  loss_vfl_dn_2: 0.4373 (0.4373)  loss_bbox_dn_2: 0.0337 (0.0337)  loss_giou_dn_2: 0.4647 (0.4647)  loss_fgl_dn_2: 1.2152 (1.2152)  loss_ddf_dn_2: -0.0000 (0.0000)  loss_vfl_dn_pre: 0.5102 (0.5102)  loss_bbox_dn_pre: 0.0457 (0.0457)  loss_giou_dn_pre: 0.5892 (0.5892)  loss_size: 0.0038 (0.0038)  time: 0.4795  data: 0.2246  max mem: 5225
Epoch: [6/30]  [44/45]  eta: 0:00:00  lr: 0.000100  loss: 22.5595 (22.7033)  loss_vfl: 0.6392 (0.6322)  loss_bbox: 0.1250 (0.1499)  loss_giou: 0.9234 (0.9616)  loss_fgl: 0.9460 (0.9541)  loss_vfl_aux_0: 0.6098 (0.6056)  loss_bbox_aux_0: 0.1951 (0.2094)  loss_giou_aux_0: 1.2646 (1.3668)  loss_fgl_aux_0: 0.8641 (0.8522)  loss_ddf_aux_0: 0.5800 (0.5822)  loss_vfl_aux_1: 0.6727 (0.6589)  loss_bbox_aux_1: 0.1326 (0.1579)  loss_giou_aux_1: 0.9840 (1.0124)  loss_fgl_aux_1: 0.9418 (0.9453)  loss_ddf_aux_1: 0.0496 (0.0485)  loss_vfl_pre: 0.6129 (0.5956)  loss_bbox_pre: 0.1986 (0.2100)  loss_giou_pre: 1.2902 (1.3634)  loss_vfl_enc_0: 0.1794 (0.1875)  loss_bbox_enc_0: 0.5300 (0.5931)  loss_giou_enc_0: 2.4319 (2.4905)  loss_vfl_dn_0: 0.5039 (0.5094)  loss_bbox_dn_0: 0.0499 (0.0492)  loss_giou_dn_0: 0.5794 (0.5831)  loss_fgl_dn_0: 1.2452 (1.2528)  loss_ddf_dn_0: 0.1952 (0.2102)  loss_vfl_dn_1: 0.4367 (0.4395)  loss_bbox_dn_1: 0.0386 (0.0389)  loss_giou_dn_1: 0.4565 (0.4769)  loss_fgl_dn_1: 1.2217 (1.2316)  loss_ddf_dn_1: 0.0083 (0.0077)  loss_vfl_dn_2: 0.4271 (0.4320)  loss_bbox_dn_2: 0.0387 (0.0391)  loss_giou_dn_2: 0.4539 (0.4780)  loss_fgl_dn_2: 1.2227 (1.2330)  loss_ddf_dn_2: -0.0000 (0.0000)  loss_vfl_dn_pre: 0.5024 (0.5070)  loss_bbox_dn_pre: 0.0497 (0.0491)  loss_giou_dn_pre: 0.5782 (0.5817)  loss_size: 0.0030 (0.0069)  time: 0.2525  data: 0.0120  max mem: 5225
Epoch: [6/30] Total time: 0:00:11 (0.2591 s / it)
Averaged stats: lr: 0.000100  loss: 22.5595 (22.7033)  loss_vfl: 0.6392 (0.6322)  loss_bbox: 0.1250 (0.1499)  loss_giou: 0.9234 (0.9616)  loss_fgl: 0.9460 (0.9541)  loss_vfl_aux_0: 0.6098 (0.6056)  loss_bbox_aux_0: 0.1951 (0.2094)  loss_giou_aux_0: 1.2646 (1.3668)  loss_fgl_aux_0: 0.8641 (0.8522)  loss_ddf_aux_0: 0.5800 (0.5822)  loss_vfl_aux_1: 0.6727 (0.6589)  loss_bbox_aux_1: 0.1326 (0.1579)  loss_giou_aux_1: 0.9840 (1.0124)  loss_fgl_aux_1: 0.9418 (0.9453)  loss_ddf_aux_1: 0.0496 (0.0485)  loss_vfl_pre: 0.6129 (0.5956)  loss_bbox_pre: 0.1986 (0.2100)  loss_giou_pre: 1.2902 (1.3634)  loss_vfl_enc_0: 0.1794 (0.1875)  loss_bbox_enc_0: 0.5300 (0.5931)  loss_giou_enc_0: 2.4319 (2.4905)  loss_vfl_dn_0: 0.5039 (0.5094)  loss_bbox_dn_0: 0.0499 (0.0492)  loss_giou_dn_0: 0.5794 (0.5831)  loss_fgl_dn_0: 1.2452 (1.2528)  loss_ddf_dn_0: 0.1952 (0.2102)  loss_vfl_dn_1: 0.4367 (0.4395)  loss_bbox_dn_1: 0.0386 (0.0389)  loss_giou_dn_1: 0.4565 (0.4769)  loss_fgl_dn_1: 1.2217 (1.2316)  loss_ddf_dn_1: 0.0083 (0.0077)  loss_vfl_dn_2: 0.4271 (0.4320)  loss_bbox_dn_2: 0.0387 (0.0391)  loss_giou_dn_2: 0.4539 (0.4780)  loss_fgl_dn_2: 1.2227 (1.2330)  loss_ddf_dn_2: -0.0000 (0.0000)  loss_vfl_dn_pre: 0.5024 (0.5070)  loss_bbox_dn_pre: 0.0497 (0.0491)  loss_giou_dn_pre: 0.5782 (0.5817)  loss_size: 0.0030 (0.0069)
Test:  [0/8]  eta: 0:00:02    time: 0.3028  data: 0.2437  max mem: 5225
Test:  [7/8]  eta: 0:00:00    time: 0.1028  data: 0.0437  max mem: 5225
Test: Total time: 0:00:00 (0.1074 s / it)
Metrics: {'f1': 0.7632508833922261, 'precision': 0.7659574468085106, 'recall': 0.7605633802816901, 'iou': 0.43725669860839844, 'TPs': 108, 'FPs': 33, 'FNs': 34}
Averaged stats: 
Accumulating evaluation results...
COCOeval_opt.accumulate() finished...
DONE (t=0.01s).
IoU metric: bbox
 Average Precision  (AP) @[ IoU=0.50:0.95 | area=   all | maxDets=100 ] = 0.314
 Average Precision  (AP) @[ IoU=0.50      | area=   all | maxDets=100 ] = 0.774
 Average Precision  (AP) @[ IoU=0.75      | area=   all | maxDets=100 ] = 0.166
 Average Precision  (AP) @[ IoU=0.50:0.95 | area= small | maxDets=100 ] = 0.314
 Average Precision  (AP) @[ IoU=0.50:0.95 | area=medium | maxDets=100 ] = -1.000
 Average Precision  (AP) @[ IoU=0.50:0.95 | area= large | maxDets=100 ] = -1.000
 Average Recall     (AR) @[ IoU=0.50:0.95 | area=   all | maxDets=  1 ] = 0.196
 Average Recall     (AR) @[ IoU=0.50:0.95 | area=   all | maxDets= 10 ] = 0.499
 Average Recall     (AR) @[ IoU=0.50:0.95 | area=   all | maxDets=100 ] = 0.592
 Average Recall     (AR) @[ IoU=0.50:0.95 | area= small | maxDets=100 ] = 0.592
 Average Recall     (AR) @[ IoU=0.50:0.95 | area=medium | maxDets=100 ] = -1.000
 Average Recall     (AR) @[ IoU=0.50:0.95 | area= large | maxDets=100 ] = -1.000
 Average Recall     (AR) @[ IoU=0.50      | area=   all | maxDets=100 ] = 0.979
 Average Recall     (AR) @[ IoU=0.75      | area=   all | maxDets=100 ] = 0.627
best_stat: {'epoch': 6, 'coco_eval_bbox': 0.3136239083764647}
Epoch: [7/30]  [ 0/45]  eta: 0:00:22  lr: 0.000100  loss: 21.8259 (21.8259)  loss_vfl: 0.6271 (0.6271)  loss_bbox: 0.0891 (0.0891)  loss_giou: 0.9001 (0.9001)  loss_fgl: 0.9379 (0.9379)  loss_vfl_aux_0: 0.4617 (0.4617)  loss_bbox_aux_0: 0.1532 (0.1532)  loss_giou_aux_0: 1.3961 (1.3961)  loss_fgl_aux_0: 0.7467 (0.7467)  loss_ddf_aux_0: 0.5797 (0.5797)  loss_vfl_aux_1: 0.6310 (0.6310)  loss_bbox_aux_1: 0.0909 (0.0909)  loss_giou_aux_1: 0.9263 (0.9263)  loss_fgl_aux_1: 0.9266 (0.9266)  loss_ddf_aux_1: 0.0523 (0.0523)  loss_vfl_pre: 0.4463 (0.4463)  loss_bbox_pre: 0.1572 (0.1572)  loss_giou_pre: 1.3815 (1.3815)  loss_vfl_enc_0: 0.1125 (0.1125)  loss_bbox_enc_0: 0.5981 (0.5981)  loss_giou_enc_0: 2.6025 (2.6025)  loss_vfl_dn_0: 0.5239 (0.5239)  loss_bbox_dn_0: 0.0421 (0.0421)  loss_giou_dn_0: 0.5578 (0.5578)  loss_fgl_dn_0: 1.2470 (1.2470)  loss_ddf_dn_0: 0.1978 (0.1978)  loss_vfl_dn_1: 0.4398 (0.4398)  loss_bbox_dn_1: 0.0334 (0.0334)  loss_giou_dn_1: 0.4588 (0.4588)  loss_fgl_dn_1: 1.2226 (1.2226)  loss_ddf_dn_1: 0.0071 (0.0071)  loss_vfl_dn_2: 0.4323 (0.4323)  loss_bbox_dn_2: 0.0341 (0.0341)  loss_giou_dn_2: 0.4618 (0.4618)  loss_fgl_dn_2: 1.2253 (1.2253)  loss_ddf_dn_2: -0.0000 (0.0000)  loss_vfl_dn_pre: 0.5197 (0.5197)  loss_bbox_dn_pre: 0.0423 (0.0423)  loss_giou_dn_pre: 0.5587 (0.5587)  loss_size: 0.0045 (0.0045)  time: 0.4996  data: 0.2475  max mem: 5225
Epoch: [7/30]  [44/45]  eta: 0:00:00  lr: 0.000100  loss: 22.1131 (22.0897)  loss_vfl: 0.6509 (0.6505)  loss_bbox: 0.0863 (0.0976)  loss_giou: 0.7761 (0.8146)  loss_fgl: 1.0380 (1.0467)  loss_vfl_aux_0: 0.6519 (0.6898)  loss_bbox_aux_0: 0.1412 (0.1478)  loss_giou_aux_0: 1.1944 (1.1758)  loss_fgl_aux_0: 0.9267 (0.9472)  loss_ddf_aux_0: 0.7259 (0.6627)  loss_vfl_aux_1: 0.6747 (0.6719)  loss_bbox_aux_1: 0.0971 (0.1029)  loss_giou_aux_1: 0.8224 (0.8513)  loss_fgl_aux_1: 1.0298 (1.0385)  loss_ddf_aux_1: 0.0422 (0.0426)  loss_vfl_pre: 0.6588 (0.6897)  loss_bbox_pre: 0.1360 (0.1445)  loss_giou_pre: 1.2042 (1.1628)  loss_vfl_enc_0: 0.2249 (0.2210)  loss_bbox_enc_0: 0.6154 (0.5648)  loss_giou_enc_0: 2.4962 (2.3773)  loss_vfl_dn_0: 0.5037 (0.5036)  loss_bbox_dn_0: 0.0477 (0.0482)  loss_giou_dn_0: 0.5725 (0.5742)  loss_fgl_dn_0: 1.2603 (1.2535)  loss_ddf_dn_0: 0.2189 (0.2091)  loss_vfl_dn_1: 0.4276 (0.4280)  loss_bbox_dn_1: 0.0356 (0.0357)  loss_giou_dn_1: 0.4580 (0.4506)  loss_fgl_dn_1: 1.2238 (1.2229)  loss_ddf_dn_1: 0.0060 (0.0066)  loss_vfl_dn_2: 0.4232 (0.4226)  loss_bbox_dn_2: 0.0355 (0.0356)  loss_giou_dn_2: 0.4495 (0.4491)  loss_fgl_dn_2: 1.2224 (1.2235)  loss_ddf_dn_2: -0.0000 (0.0000)  loss_vfl_dn_pre: 0.5011 (0.5013)  loss_bbox_dn_pre: 0.0476 (0.0481)  loss_giou_dn_pre: 0.5718 (0.5734)  loss_size: 0.0028 (0.0035)  time: 0.2512  data: 0.0119  max mem: 5225
Epoch: [7/30] Total time: 0:00:11 (0.2594 s / it)
Averaged stats: lr: 0.000100  loss: 22.1131 (22.0897)  loss_vfl: 0.6509 (0.6505)  loss_bbox: 0.0863 (0.0976)  loss_giou: 0.7761 (0.8146)  loss_fgl: 1.0380 (1.0467)  loss_vfl_aux_0: 0.6519 (0.6898)  loss_bbox_aux_0: 0.1412 (0.1478)  loss_giou_aux_0: 1.1944 (1.1758)  loss_fgl_aux_0: 0.9267 (0.9472)  loss_ddf_aux_0: 0.7259 (0.6627)  loss_vfl_aux_1: 0.6747 (0.6719)  loss_bbox_aux_1: 0.0971 (0.1029)  loss_giou_aux_1: 0.8224 (0.8513)  loss_fgl_aux_1: 1.0298 (1.0385)  loss_ddf_aux_1: 0.0422 (0.0426)  loss_vfl_pre: 0.6588 (0.6897)  loss_bbox_pre: 0.1360 (0.1445)  loss_giou_pre: 1.2042 (1.1628)  loss_vfl_enc_0: 0.2249 (0.2210)  loss_bbox_enc_0: 0.6154 (0.5648)  loss_giou_enc_0: 2.4962 (2.3773)  loss_vfl_dn_0: 0.5037 (0.5036)  loss_bbox_dn_0: 0.0477 (0.0482)  loss_giou_dn_0: 0.5725 (0.5742)  loss_fgl_dn_0: 1.2603 (1.2535)  loss_ddf_dn_0: 0.2189 (0.2091)  loss_vfl_dn_1: 0.4276 (0.4280)  loss_bbox_dn_1: 0.0356 (0.0357)  loss_giou_dn_1: 0.4580 (0.4506)  loss_fgl_dn_1: 1.2238 (1.2229)  loss_ddf_dn_1: 0.0060 (0.0066)  loss_vfl_dn_2: 0.4232 (0.4226)  loss_bbox_dn_2: 0.0355 (0.0356)  loss_giou_dn_2: 0.4495 (0.4491)  loss_fgl_dn_2: 1.2224 (1.2235)  loss_ddf_dn_2: -0.0000 (0.0000)  loss_vfl_dn_pre: 0.5011 (0.5013)  loss_bbox_dn_pre: 0.0476 (0.0481)  loss_giou_dn_pre: 0.5718 (0.5734)  loss_size: 0.0028 (0.0035)
Test:  [0/8]  eta: 0:00:02    time: 0.3124  data: 0.2536  max mem: 5225
Test:  [7/8]  eta: 0:00:00    time: 0.1260  data: 0.0674  max mem: 5225
Test: Total time: 0:00:01 (0.1302 s / it)
Metrics: {'f1': 0.7526881720430106, 'precision': 0.7664233576642335, 'recall': 0.7394366197183099, 'iou': 0.4291155146456313, 'TPs': 105, 'FPs': 32, 'FNs': 37}
Averaged stats: 
Accumulating evaluation results...
COCOeval_opt.accumulate() finished...
DONE (t=0.01s).
IoU metric: bbox
 Average Precision  (AP) @[ IoU=0.50:0.95 | area=   all | maxDets=100 ] = 0.332
 Average Precision  (AP) @[ IoU=0.50      | area=   all | maxDets=100 ] = 0.836
 Average Precision  (AP) @[ IoU=0.75      | area=   all | maxDets=100 ] = 0.148
 Average Precision  (AP) @[ IoU=0.50:0.95 | area= small | maxDets=100 ] = 0.332
 Average Precision  (AP) @[ IoU=0.50:0.95 | area=medium | maxDets=100 ] = -1.000
 Average Precision  (AP) @[ IoU=0.50:0.95 | area= large | maxDets=100 ] = -1.000
 Average Recall     (AR) @[ IoU=0.50:0.95 | area=   all | maxDets=  1 ] = 0.193
 Average Recall     (AR) @[ IoU=0.50:0.95 | area=   all | maxDets= 10 ] = 0.509
 Average Recall     (AR) @[ IoU=0.50:0.95 | area=   all | maxDets=100 ] = 0.590
 Average Recall     (AR) @[ IoU=0.50:0.95 | area= small | maxDets=100 ] = 0.590
 Average Recall     (AR) @[ IoU=0.50:0.95 | area=medium | maxDets=100 ] = -1.000
 Average Recall     (AR) @[ IoU=0.50:0.95 | area= large | maxDets=100 ] = -1.000
 Average Recall     (AR) @[ IoU=0.50      | area=   all | maxDets=100 ] = 0.979
 Average Recall     (AR) @[ IoU=0.75      | area=   all | maxDets=100 ] = 0.634
best_stat: {'epoch': 7, 'coco_eval_bbox': 0.3323429838651519}
Epoch: [8/30]  [ 0/45]  eta: 0:00:23  lr: 0.000100  loss: 20.8673 (20.8673)  loss_vfl: 0.8182 (0.8182)  loss_bbox: 0.0411 (0.0411)  loss_giou: 0.5399 (0.5399)  loss_fgl: 1.1319 (1.1319)  loss_vfl_aux_0: 0.7021 (0.7021)  loss_bbox_aux_0: 0.0774 (0.0774)  loss_giou_aux_0: 0.8954 (0.8954)  loss_fgl_aux_0: 1.0617 (1.0617)  loss_ddf_aux_0: 0.6948 (0.6948)  loss_vfl_aux_1: 0.7739 (0.7739)  loss_bbox_aux_1: 0.0486 (0.0486)  loss_giou_aux_1: 0.6059 (0.6059)  loss_fgl_aux_1: 1.1252 (1.1252)  loss_ddf_aux_1: 0.0425 (0.0425)  loss_vfl_pre: 0.7238 (0.7238)  loss_bbox_pre: 0.0765 (0.0765)  loss_giou_pre: 0.9022 (0.9022)  loss_vfl_enc_0: 0.2005 (0.2005)  loss_bbox_enc_0: 0.4309 (0.4309)  loss_giou_enc_0: 2.0815 (2.0815)  loss_vfl_dn_0: 0.5121 (0.5121)  loss_bbox_dn_0: 0.0433 (0.0433)  loss_giou_dn_0: 0.5702 (0.5702)  loss_fgl_dn_0: 1.2407 (1.2407)  loss_ddf_dn_0: 0.2074 (0.2074)  loss_vfl_dn_1: 0.4259 (0.4259)  loss_bbox_dn_1: 0.0317 (0.0317)  loss_giou_dn_1: 0.4345 (0.4345)  loss_fgl_dn_1: 1.2078 (1.2078)  loss_ddf_dn_1: 0.0050 (0.0050)  loss_vfl_dn_2: 0.4226 (0.4226)  loss_bbox_dn_2: 0.0313 (0.0313)  loss_giou_dn_2: 0.4306 (0.4306)  loss_fgl_dn_2: 1.2053 (1.2053)  loss_ddf_dn_2: -0.0000 (0.0000)  loss_vfl_dn_pre: 0.5093 (0.5093)  loss_bbox_dn_pre: 0.0431 (0.0431)  loss_giou_dn_pre: 0.5677 (0.5677)  loss_size: 0.0046 (0.0046)  time: 0.5148  data: 0.2608  max mem: 5225
Epoch: [8/30]  [44/45]  eta: 0:00:00  lr: 0.000100  loss: 20.4795 (20.6181)  loss_vfl: 0.5837 (0.5864)  loss_bbox: 0.0660 (0.0667)  loss_giou: 0.7196 (0.6669)  loss_fgl: 1.1256 (1.1526)  loss_vfl_aux_0: 0.6822 (0.7478)  loss_bbox_aux_0: 0.0946 (0.0903)  loss_giou_aux_0: 0.9214 (0.8952)  loss_fgl_aux_0: 1.0921 (1.1050)  loss_ddf_aux_0: 0.4497 (0.5224)  loss_vfl_aux_1: 0.5909 (0.6075)  loss_bbox_aux_1: 0.0711 (0.0696)  loss_giou_aux_1: 0.7556 (0.6911)  loss_fgl_aux_1: 1.1257 (1.1481)  loss_ddf_aux_1: 0.0357 (0.0341)  loss_vfl_pre: 0.6717 (0.7369)  loss_bbox_pre: 0.0922 (0.0902)  loss_giou_pre: 0.9116 (0.8957)  loss_vfl_enc_0: 0.2692 (0.3214)  loss_bbox_enc_0: 0.3063 (0.3157)  loss_giou_enc_0: 2.0347 (1.9728)  loss_vfl_dn_0: 0.4998 (0.5014)  loss_bbox_dn_0: 0.0451 (0.0467)  loss_giou_dn_0: 0.5427 (0.5569)  loss_fgl_dn_0: 1.2513 (1.2546)  loss_ddf_dn_0: 0.1718 (0.1858)  loss_vfl_dn_1: 0.4225 (0.4248)  loss_bbox_dn_1: 0.0340 (0.0351)  loss_giou_dn_1: 0.4327 (0.4420)  loss_fgl_dn_1: 1.2184 (1.2213)  loss_ddf_dn_1: 0.0076 (0.0066)  loss_vfl_dn_2: 0.4193 (0.4224)  loss_bbox_dn_2: 0.0337 (0.0351)  loss_giou_dn_2: 0.4335 (0.4418)  loss_fgl_dn_2: 1.2201 (1.2217)  loss_ddf_dn_2: -0.0000 (0.0000)  loss_vfl_dn_pre: 0.4972 (0.4991)  loss_bbox_dn_pre: 0.0450 (0.0467)  loss_giou_dn_pre: 0.5429 (0.5564)  loss_size: 0.0028 (0.0034)  time: 0.2554  data: 0.0121  max mem: 5225
Epoch: [8/30] Total time: 0:00:11 (0.2625 s / it)
Averaged stats: lr: 0.000100  loss: 20.4795 (20.6181)  loss_vfl: 0.5837 (0.5864)  loss_bbox: 0.0660 (0.0667)  loss_giou: 0.7196 (0.6669)  loss_fgl: 1.1256 (1.1526)  loss_vfl_aux_0: 0.6822 (0.7478)  loss_bbox_aux_0: 0.0946 (0.0903)  loss_giou_aux_0: 0.9214 (0.8952)  loss_fgl_aux_0: 1.0921 (1.1050)  loss_ddf_aux_0: 0.4497 (0.5224)  loss_vfl_aux_1: 0.5909 (0.6075)  loss_bbox_aux_1: 0.0711 (0.0696)  loss_giou_aux_1: 0.7556 (0.6911)  loss_fgl_aux_1: 1.1257 (1.1481)  loss_ddf_aux_1: 0.0357 (0.0341)  loss_vfl_pre: 0.6717 (0.7369)  loss_bbox_pre: 0.0922 (0.0902)  loss_giou_pre: 0.9116 (0.8957)  loss_vfl_enc_0: 0.2692 (0.3214)  loss_bbox_enc_0: 0.3063 (0.3157)  loss_giou_enc_0: 2.0347 (1.9728)  loss_vfl_dn_0: 0.4998 (0.5014)  loss_bbox_dn_0: 0.0451 (0.0467)  loss_giou_dn_0: 0.5427 (0.5569)  loss_fgl_dn_0: 1.2513 (1.2546)  loss_ddf_dn_0: 0.1718 (0.1858)  loss_vfl_dn_1: 0.4225 (0.4248)  loss_bbox_dn_1: 0.0340 (0.0351)  loss_giou_dn_1: 0.4327 (0.4420)  loss_fgl_dn_1: 1.2184 (1.2213)  loss_ddf_dn_1: 0.0076 (0.0066)  loss_vfl_dn_2: 0.4193 (0.4224)  loss_bbox_dn_2: 0.0337 (0.0351)  loss_giou_dn_2: 0.4335 (0.4418)  loss_fgl_dn_2: 1.2201 (1.2217)  loss_ddf_dn_2: -0.0000 (0.0000)  loss_vfl_dn_pre: 0.4972 (0.4991)  loss_bbox_dn_pre: 0.0450 (0.0467)  loss_giou_dn_pre: 0.5429 (0.5564)  loss_size: 0.0028 (0.0034)
Test:  [0/8]  eta: 0:00:02    time: 0.2934  data: 0.2337  max mem: 5225
Test:  [7/8]  eta: 0:00:00    time: 0.1014  data: 0.0426  max mem: 5225
Test: Total time: 0:00:00 (0.1053 s / it)
Metrics: {'f1': 0.805111821086262, 'precision': 0.7368421052631579, 'recall': 0.8873239436619719, 'iou': 0.480223426844347, 'TPs': 126, 'FPs': 45, 'FNs': 16}
Averaged stats: 
Accumulating evaluation results...
COCOeval_opt.accumulate() finished...
DONE (t=0.01s).
IoU metric: bbox
 Average Precision  (AP) @[ IoU=0.50:0.95 | area=   all | maxDets=100 ] = 0.337
 Average Precision  (AP) @[ IoU=0.50      | area=   all | maxDets=100 ] = 0.848
 Average Precision  (AP) @[ IoU=0.75      | area=   all | maxDets=100 ] = 0.143
 Average Precision  (AP) @[ IoU=0.50:0.95 | area= small | maxDets=100 ] = 0.337
 Average Precision  (AP) @[ IoU=0.50:0.95 | area=medium | maxDets=100 ] = -1.000
 Average Precision  (AP) @[ IoU=0.50:0.95 | area= large | maxDets=100 ] = -1.000
 Average Recall     (AR) @[ IoU=0.50:0.95 | area=   all | maxDets=  1 ] = 0.201
 Average Recall     (AR) @[ IoU=0.50:0.95 | area=   all | maxDets= 10 ] = 0.509
 Average Recall     (AR) @[ IoU=0.50:0.95 | area=   all | maxDets=100 ] = 0.608
 Average Recall     (AR) @[ IoU=0.50:0.95 | area= small | maxDets=100 ] = 0.608
 Average Recall     (AR) @[ IoU=0.50:0.95 | area=medium | maxDets=100 ] = -1.000
 Average Recall     (AR) @[ IoU=0.50:0.95 | area= large | maxDets=100 ] = -1.000
 Average Recall     (AR) @[ IoU=0.50      | area=   all | maxDets=100 ] = 0.986
 Average Recall     (AR) @[ IoU=0.75      | area=   all | maxDets=100 ] = 0.648
best_stat: {'epoch': 8, 'coco_eval_bbox': 0.33657303578767567}
Epoch: [9/30]  [ 0/45]  eta: 0:00:22  lr: 0.000100  loss: 23.2190 (23.2190)  loss_vfl: 0.5510 (0.5510)  loss_bbox: 0.1804 (0.1804)  loss_giou: 1.0385 (1.0385)  loss_fgl: 0.9152 (0.9152)  loss_vfl_aux_0: 0.5645 (0.5645)  loss_bbox_aux_0: 0.2974 (0.2974)  loss_giou_aux_0: 1.5083 (1.5083)  loss_fgl_aux_0: 0.7763 (0.7763)  loss_ddf_aux_0: 0.5880 (0.5880)  loss_vfl_aux_1: 0.5948 (0.5948)  loss_bbox_aux_1: 0.2105 (0.2105)  loss_giou_aux_1: 1.1528 (1.1528)  loss_fgl_aux_1: 0.8690 (0.8690)  loss_ddf_aux_1: 0.0494 (0.0494)  loss_vfl_pre: 0.5982 (0.5982)  loss_bbox_pre: 0.2613 (0.2613)  loss_giou_pre: 1.5130 (1.5130)  loss_vfl_enc_0: 0.1152 (0.1152)  loss_bbox_enc_0: 0.7846 (0.7846)  loss_giou_enc_0: 2.8527 (2.8527)  loss_vfl_dn_0: 0.5084 (0.5084)  loss_bbox_dn_0: 0.0427 (0.0427)  loss_giou_dn_0: 0.5367 (0.5367)  loss_fgl_dn_0: 1.2553 (1.2553)  loss_ddf_dn_0: 0.1855 (0.1855)  loss_vfl_dn_1: 0.4122 (0.4122)  loss_bbox_dn_1: 0.0322 (0.0322)  loss_giou_dn_1: 0.4276 (0.4276)  loss_fgl_dn_1: 1.2180 (1.2180)  loss_ddf_dn_1: 0.0078 (0.0078)  loss_vfl_dn_2: 0.4076 (0.4076)  loss_bbox_dn_2: 0.0318 (0.0318)  loss_giou_dn_2: 0.4243 (0.4243)  loss_fgl_dn_2: 1.2162 (1.2162)  loss_ddf_dn_2: -0.0000 (0.0000)  loss_vfl_dn_pre: 0.5047 (0.5047)  loss_bbox_dn_pre: 0.0428 (0.0428)  loss_giou_dn_pre: 0.5372 (0.5372)  loss_size: 0.0071 (0.0071)  time: 0.5049  data: 0.2452  max mem: 5225
Epoch: [9/30]  [44/45]  eta: 0:00:00  lr: 0.000100  loss: 20.1840 (21.2756)  loss_vfl: 0.5561 (0.5827)  loss_bbox: 0.0534 (0.0841)  loss_giou: 0.6230 (0.7450)  loss_fgl: 1.1725 (1.1245)  loss_vfl_aux_0: 0.7427 (0.7532)  loss_bbox_aux_0: 0.0747 (0.1267)  loss_giou_aux_0: 0.7840 (1.0059)  loss_fgl_aux_0: 1.1449 (1.0588)  loss_ddf_aux_0: 0.5782 (0.6057)  loss_vfl_aux_1: 0.5717 (0.6049)  loss_bbox_aux_1: 0.0545 (0.0896)  loss_giou_aux_1: 0.6041 (0.7781)  loss_fgl_aux_1: 1.1695 (1.1123)  loss_ddf_aux_1: 0.0324 (0.0415)  loss_vfl_pre: 0.7475 (0.7435)  loss_bbox_pre: 0.0745 (0.1231)  loss_giou_pre: 0.7844 (1.0073)  loss_vfl_enc_0: 0.3803 (0.3218)  loss_bbox_enc_0: 0.2516 (0.3973)  loss_giou_enc_0: 1.8734 (2.1007)  loss_vfl_dn_0: 0.4941 (0.4943)  loss_bbox_dn_0: 0.0452 (0.0461)  loss_giou_dn_0: 0.5404 (0.5519)  loss_fgl_dn_0: 1.2679 (1.2578)  loss_ddf_dn_0: 0.1653 (0.1766)  loss_vfl_dn_1: 0.4256 (0.4243)  loss_bbox_dn_1: 0.0349 (0.0348)  loss_giou_dn_1: 0.4375 (0.4397)  loss_fgl_dn_1: 1.2343 (1.2235)  loss_ddf_dn_1: 0.0063 (0.0072)  loss_vfl_dn_2: 0.4215 (0.4203)  loss_bbox_dn_2: 0.0349 (0.0348)  loss_giou_dn_2: 0.4400 (0.4395)  loss_fgl_dn_2: 1.2369 (1.2243)  loss_ddf_dn_2: -0.0000 (0.0000)  loss_vfl_dn_pre: 0.4914 (0.4928)  loss_bbox_dn_pre: 0.0447 (0.0460)  loss_giou_dn_pre: 0.5398 (0.5508)  loss_size: 0.0028 (0.0040)  time: 0.2560  data: 0.0125  max mem: 5225
Epoch: [9/30] Total time: 0:00:11 (0.2640 s / it)
Averaged stats: lr: 0.000100  loss: 20.1840 (21.2756)  loss_vfl: 0.5561 (0.5827)  loss_bbox: 0.0534 (0.0841)  loss_giou: 0.6230 (0.7450)  loss_fgl: 1.1725 (1.1245)  loss_vfl_aux_0: 0.7427 (0.7532)  loss_bbox_aux_0: 0.0747 (0.1267)  loss_giou_aux_0: 0.7840 (1.0059)  loss_fgl_aux_0: 1.1449 (1.0588)  loss_ddf_aux_0: 0.5782 (0.6057)  loss_vfl_aux_1: 0.5717 (0.6049)  loss_bbox_aux_1: 0.0545 (0.0896)  loss_giou_aux_1: 0.6041 (0.7781)  loss_fgl_aux_1: 1.1695 (1.1123)  loss_ddf_aux_1: 0.0324 (0.0415)  loss_vfl_pre: 0.7475 (0.7435)  loss_bbox_pre: 0.0745 (0.1231)  loss_giou_pre: 0.7844 (1.0073)  loss_vfl_enc_0: 0.3803 (0.3218)  loss_bbox_enc_0: 0.2516 (0.3973)  loss_giou_enc_0: 1.8734 (2.1007)  loss_vfl_dn_0: 0.4941 (0.4943)  loss_bbox_dn_0: 0.0452 (0.0461)  loss_giou_dn_0: 0.5404 (0.5519)  loss_fgl_dn_0: 1.2679 (1.2578)  loss_ddf_dn_0: 0.1653 (0.1766)  loss_vfl_dn_1: 0.4256 (0.4243)  loss_bbox_dn_1: 0.0349 (0.0348)  loss_giou_dn_1: 0.4375 (0.4397)  loss_fgl_dn_1: 1.2343 (1.2235)  loss_ddf_dn_1: 0.0063 (0.0072)  loss_vfl_dn_2: 0.4215 (0.4203)  loss_bbox_dn_2: 0.0349 (0.0348)  loss_giou_dn_2: 0.4400 (0.4395)  loss_fgl_dn_2: 1.2369 (1.2243)  loss_ddf_dn_2: -0.0000 (0.0000)  loss_vfl_dn_pre: 0.4914 (0.4928)  loss_bbox_dn_pre: 0.0447 (0.0460)  loss_giou_dn_pre: 0.5398 (0.5508)  loss_size: 0.0028 (0.0040)
Test:  [0/8]  eta: 0:00:02    time: 0.3095  data: 0.2507  max mem: 5225
Test:  [7/8]  eta: 0:00:00    time: 0.1037  data: 0.0450  max mem: 5225
Test: Total time: 0:00:00 (0.1075 s / it)
Metrics: {'f1': 0.8098159509202454, 'precision': 0.717391304347826, 'recall': 0.9295774647887324, 'iou': 0.4798356254690701, 'TPs': 132, 'FPs': 52, 'FNs': 10}
Averaged stats: 
Accumulating evaluation results...
COCOeval_opt.accumulate() finished...
DONE (t=0.01s).
IoU metric: bbox
 Average Precision  (AP) @[ IoU=0.50:0.95 | area=   all | maxDets=100 ] = 0.334
 Average Precision  (AP) @[ IoU=0.50      | area=   all | maxDets=100 ] = 0.873
 Average Precision  (AP) @[ IoU=0.75      | area=   all | maxDets=100 ] = 0.114
 Average Precision  (AP) @[ IoU=0.50:0.95 | area= small | maxDets=100 ] = 0.334
 Average Precision  (AP) @[ IoU=0.50:0.95 | area=medium | maxDets=100 ] = -1.000
 Average Precision  (AP) @[ IoU=0.50:0.95 | area= large | maxDets=100 ] = -1.000
 Average Recall     (AR) @[ IoU=0.50:0.95 | area=   all | maxDets=  1 ] = 0.188
 Average Recall     (AR) @[ IoU=0.50:0.95 | area=   all | maxDets= 10 ] = 0.499
 Average Recall     (AR) @[ IoU=0.50:0.95 | area=   all | maxDets=100 ] = 0.611
 Average Recall     (AR) @[ IoU=0.50:0.95 | area= small | maxDets=100 ] = 0.611
 Average Recall     (AR) @[ IoU=0.50:0.95 | area=medium | maxDets=100 ] = -1.000
 Average Recall     (AR) @[ IoU=0.50:0.95 | area= large | maxDets=100 ] = -1.000
 Average Recall     (AR) @[ IoU=0.50      | area=   all | maxDets=100 ] = 1.000
 Average Recall     (AR) @[ IoU=0.75      | area=   all | maxDets=100 ] = 0.697
best_stat: {'epoch': 8, 'coco_eval_bbox': 0.33657303578767567}
Epoch: [10/30]  [ 0/45]  eta: 0:00:23  lr: 0.000100  loss: 20.4310 (20.4310)  loss_vfl: 0.6056 (0.6056)  loss_bbox: 0.0558 (0.0558)  loss_giou: 0.6325 (0.6325)  loss_fgl: 1.1581 (1.1581)  loss_vfl_aux_0: 0.7842 (0.7842)  loss_bbox_aux_0: 0.0770 (0.0770)  loss_giou_aux_0: 0.8601 (0.8601)  loss_fgl_aux_0: 1.1392 (1.1392)  loss_ddf_aux_0: 0.5956 (0.5956)  loss_vfl_aux_1: 0.6920 (0.6920)  loss_bbox_aux_1: 0.0589 (0.0589)  loss_giou_aux_1: 0.6500 (0.6500)  loss_fgl_aux_1: 1.1657 (1.1657)  loss_ddf_aux_1: 0.0302 (0.0302)  loss_vfl_pre: 0.7766 (0.7766)  loss_bbox_pre: 0.0777 (0.0777)  loss_giou_pre: 0.8612 (0.8612)  loss_vfl_enc_0: 0.4533 (0.4533)  loss_bbox_enc_0: 0.2353 (0.2353)  loss_giou_enc_0: 1.9354 (1.9354)  loss_vfl_dn_0: 0.4846 (0.4846)  loss_bbox_dn_0: 0.0412 (0.0412)  loss_giou_dn_0: 0.5035 (0.5035)  loss_fgl_dn_0: 1.2794 (1.2794)  loss_ddf_dn_0: 0.1360 (0.1360)  loss_vfl_dn_1: 0.4015 (0.4015)  loss_bbox_dn_1: 0.0307 (0.0307)  loss_giou_dn_1: 0.3915 (0.3915)  loss_fgl_dn_1: 1.2400 (1.2400)  loss_ddf_dn_1: 0.0045 (0.0045)  loss_vfl_dn_2: 0.3981 (0.3981)  loss_bbox_dn_2: 0.0301 (0.0301)  loss_giou_dn_2: 0.3861 (0.3861)  loss_fgl_dn_2: 1.2384 (1.2384)  loss_ddf_dn_2: -0.0000 (0.0000)  loss_vfl_dn_pre: 0.4830 (0.4830)  loss_bbox_dn_pre: 0.0406 (0.0406)  loss_giou_dn_pre: 0.4961 (0.4961)  loss_size: 0.0014 (0.0014)  time: 0.5133  data: 0.2417  max mem: 5225
Epoch: [10/30]  [44/45]  eta: 0:00:00  lr: 0.000100  loss: 19.6112 (20.3457)  loss_vfl: 0.5096 (0.5540)  loss_bbox: 0.0495 (0.0642)  loss_giou: 0.5673 (0.6532)  loss_fgl: 1.2189 (1.1675)  loss_vfl_aux_0: 0.7897 (0.7770)  loss_bbox_aux_0: 0.0587 (0.0879)  loss_giou_aux_0: 0.6991 (0.8363)  loss_fgl_aux_0: 1.2210 (1.1365)  loss_ddf_aux_0: 0.2695 (0.4185)  loss_vfl_aux_1: 0.5535 (0.5820)  loss_bbox_aux_1: 0.0482 (0.0668)  loss_giou_aux_1: 0.5821 (0.6755)  loss_fgl_aux_1: 1.2145 (1.1621)  loss_ddf_aux_1: 0.0179 (0.0286)  loss_vfl_pre: 0.7898 (0.7716)  loss_bbox_pre: 0.0604 (0.0887)  loss_giou_pre: 0.7003 (0.8391)  loss_vfl_enc_0: 0.4507 (0.3725)  loss_bbox_enc_0: 0.1959 (0.2939)  loss_giou_enc_0: 1.6818 (1.8953)  loss_vfl_dn_0: 0.4883 (0.4898)  loss_bbox_dn_0: 0.0502 (0.0476)  loss_giou_dn_0: 0.5650 (0.5624)  loss_fgl_dn_0: 1.2404 (1.2488)  loss_ddf_dn_0: 0.1998 (0.1962)  loss_vfl_dn_1: 0.4224 (0.4241)  loss_bbox_dn_1: 0.0347 (0.0351)  loss_giou_dn_1: 0.4415 (0.4396)  loss_fgl_dn_1: 1.2071 (1.2144)  loss_ddf_dn_1: 0.0055 (0.0061)  loss_vfl_dn_2: 0.4192 (0.4212)  loss_bbox_dn_2: 0.0348 (0.0351)  loss_giou_dn_2: 0.4390 (0.4386)  loss_fgl_dn_2: 1.2071 (1.2147)  loss_ddf_dn_2: -0.0000 (0.0000)  loss_vfl_dn_pre: 0.4861 (0.4882)  loss_bbox_dn_pre: 0.0502 (0.0475)  loss_giou_dn_pre: 0.5627 (0.5615)  loss_size: 0.0030 (0.0035)  time: 0.2527  data: 0.0119  max mem: 5225
Epoch: [10/30] Total time: 0:00:11 (0.2626 s / it)
Averaged stats: lr: 0.000100  loss: 19.6112 (20.3457)  loss_vfl: 0.5096 (0.5540)  loss_bbox: 0.0495 (0.0642)  loss_giou: 0.5673 (0.6532)  loss_fgl: 1.2189 (1.1675)  loss_vfl_aux_0: 0.7897 (0.7770)  loss_bbox_aux_0: 0.0587 (0.0879)  loss_giou_aux_0: 0.6991 (0.8363)  loss_fgl_aux_0: 1.2210 (1.1365)  loss_ddf_aux_0: 0.2695 (0.4185)  loss_vfl_aux_1: 0.5535 (0.5820)  loss_bbox_aux_1: 0.0482 (0.0668)  loss_giou_aux_1: 0.5821 (0.6755)  loss_fgl_aux_1: 1.2145 (1.1621)  loss_ddf_aux_1: 0.0179 (0.0286)  loss_vfl_pre: 0.7898 (0.7716)  loss_bbox_pre: 0.0604 (0.0887)  loss_giou_pre: 0.7003 (0.8391)  loss_vfl_enc_0: 0.4507 (0.3725)  loss_bbox_enc_0: 0.1959 (0.2939)  loss_giou_enc_0: 1.6818 (1.8953)  loss_vfl_dn_0: 0.4883 (0.4898)  loss_bbox_dn_0: 0.0502 (0.0476)  loss_giou_dn_0: 0.5650 (0.5624)  loss_fgl_dn_0: 1.2404 (1.2488)  loss_ddf_dn_0: 0.1998 (0.1962)  loss_vfl_dn_1: 0.4224 (0.4241)  loss_bbox_dn_1: 0.0347 (0.0351)  loss_giou_dn_1: 0.4415 (0.4396)  loss_fgl_dn_1: 1.2071 (1.2144)  loss_ddf_dn_1: 0.0055 (0.0061)  loss_vfl_dn_2: 0.4192 (0.4212)  loss_bbox_dn_2: 0.0348 (0.0351)  loss_giou_dn_2: 0.4390 (0.4386)  loss_fgl_dn_2: 1.2071 (1.2147)  loss_ddf_dn_2: -0.0000 (0.0000)  loss_vfl_dn_pre: 0.4861 (0.4882)  loss_bbox_dn_pre: 0.0502 (0.0475)  loss_giou_dn_pre: 0.5627 (0.5615)  loss_size: 0.0030 (0.0035)
Test:  [0/8]  eta: 0:00:02    time: 0.3009  data: 0.2411  max mem: 5225
Test:  [7/8]  eta: 0:00:00    time: 0.1039  data: 0.0449  max mem: 5225
Test: Total time: 0:00:00 (0.1083 s / it)
Metrics: {'f1': 0.8289473684210527, 'precision': 0.7777777777777778, 'recall': 0.8873239436619719, 'iou': 0.5041294107946117, 'TPs': 126, 'FPs': 36, 'FNs': 16}
Averaged stats: 
Accumulating evaluation results...
COCOeval_opt.accumulate() finished...
DONE (t=0.01s).
IoU metric: bbox
 Average Precision  (AP) @[ IoU=0.50:0.95 | area=   all | maxDets=100 ] = 0.344
 Average Precision  (AP) @[ IoU=0.50      | area=   all | maxDets=100 ] = 0.866
 Average Precision  (AP) @[ IoU=0.75      | area=   all | maxDets=100 ] = 0.160
 Average Precision  (AP) @[ IoU=0.50:0.95 | area= small | maxDets=100 ] = 0.344
 Average Precision  (AP) @[ IoU=0.50:0.95 | area=medium | maxDets=100 ] = -1.000
 Average Precision  (AP) @[ IoU=0.50:0.95 | area= large | maxDets=100 ] = -1.000
 Average Recall     (AR) @[ IoU=0.50:0.95 | area=   all | maxDets=  1 ] = 0.204
 Average Recall     (AR) @[ IoU=0.50:0.95 | area=   all | maxDets= 10 ] = 0.500
 Average Recall     (AR) @[ IoU=0.50:0.95 | area=   all | maxDets=100 ] = 0.616
 Average Recall     (AR) @[ IoU=0.50:0.95 | area= small | maxDets=100 ] = 0.616
 Average Recall     (AR) @[ IoU=0.50:0.95 | area=medium | maxDets=100 ] = -1.000
 Average Recall     (AR) @[ IoU=0.50:0.95 | area= large | maxDets=100 ] = -1.000
 Average Recall     (AR) @[ IoU=0.50      | area=   all | maxDets=100 ] = 1.000
 Average Recall     (AR) @[ IoU=0.75      | area=   all | maxDets=100 ] = 0.676
best_stat: {'epoch': 10, 'coco_eval_bbox': 0.3443722658399833}
Epoch: [11/30]  [ 0/45]  eta: 0:00:23  lr: 0.000100  loss: 19.9479 (19.9479)  loss_vfl: 0.5687 (0.5687)  loss_bbox: 0.0559 (0.0559)  loss_giou: 0.6300 (0.6300)  loss_fgl: 1.1787 (1.1787)  loss_vfl_aux_0: 0.7392 (0.7392)  loss_bbox_aux_0: 0.0749 (0.0749)  loss_giou_aux_0: 0.8136 (0.8136)  loss_fgl_aux_0: 1.1497 (1.1497)  loss_ddf_aux_0: 0.2358 (0.2358)  loss_vfl_aux_1: 0.5894 (0.5894)  loss_bbox_aux_1: 0.0572 (0.0572)  loss_giou_aux_1: 0.6466 (0.6466)  loss_fgl_aux_1: 1.1715 (1.1715)  loss_ddf_aux_1: 0.0174 (0.0174)  loss_vfl_pre: 0.7452 (0.7452)  loss_bbox_pre: 0.0721 (0.0721)  loss_giou_pre: 0.8058 (0.8058)  loss_vfl_enc_0: 0.2139 (0.2139)  loss_bbox_enc_0: 0.3033 (0.3033)  loss_giou_enc_0: 2.1660 (2.1660)  loss_vfl_dn_0: 0.4929 (0.4929)  loss_bbox_dn_0: 0.0425 (0.0425)  loss_giou_dn_0: 0.5192 (0.5192)  loss_fgl_dn_0: 1.2657 (1.2657)  loss_ddf_dn_0: 0.1544 (0.1544)  loss_vfl_dn_1: 0.4143 (0.4143)  loss_bbox_dn_1: 0.0322 (0.0322)  loss_giou_dn_1: 0.4181 (0.4181)  loss_fgl_dn_1: 1.2249 (1.2249)  loss_ddf_dn_1: 0.0044 (0.0044)  loss_vfl_dn_2: 0.4143 (0.4143)  loss_bbox_dn_2: 0.0322 (0.0322)  loss_giou_dn_2: 0.4196 (0.4196)  loss_fgl_dn_2: 1.2250 (1.2250)  loss_ddf_dn_2: -0.0000 (0.0000)  loss_vfl_dn_pre: 0.4915 (0.4915)  loss_bbox_dn_pre: 0.0424 (0.0424)  loss_giou_dn_pre: 0.5169 (0.5169)  loss_size: 0.0025 (0.0025)  time: 0.5238  data: 0.2635  max mem: 5225
Epoch: [11/30]  [44/45]  eta: 0:00:00  lr: 0.000100  loss: 19.7658 (20.0240)  loss_vfl: 0.5136 (0.5252)  loss_bbox: 0.0593 (0.0680)  loss_giou: 0.6490 (0.6633)  loss_fgl: 1.2106 (1.1647)  loss_vfl_aux_0: 0.7909 (0.7769)  loss_bbox_aux_0: 0.0653 (0.0875)  loss_giou_aux_0: 0.7118 (0.8275)  loss_fgl_aux_0: 1.2134 (1.1374)  loss_ddf_aux_0: 0.2333 (0.2634)  loss_vfl_aux_1: 0.5276 (0.5373)  loss_bbox_aux_1: 0.0600 (0.0702)  loss_giou_aux_1: 0.6481 (0.6838)  loss_fgl_aux_1: 1.2077 (1.1595)  loss_ddf_aux_1: 0.0226 (0.0231)  loss_vfl_pre: 0.7851 (0.7736)  loss_bbox_pre: 0.0653 (0.0855)  loss_giou_pre: 0.7147 (0.8199)  loss_vfl_enc_0: 0.3824 (0.3434)  loss_bbox_enc_0: 0.2315 (0.2916)  loss_giou_enc_0: 1.7187 (1.8908)  loss_vfl_dn_0: 0.4804 (0.4882)  loss_bbox_dn_0: 0.0458 (0.0467)  loss_giou_dn_0: 0.5448 (0.5542)  loss_fgl_dn_0: 1.2523 (1.2548)  loss_ddf_dn_0: 0.1919 (0.1830)  loss_vfl_dn_1: 0.4157 (0.4194)  loss_bbox_dn_1: 0.0338 (0.0344)  loss_giou_dn_1: 0.4339 (0.4344)  loss_fgl_dn_1: 1.2191 (1.2174)  loss_ddf_dn_1: 0.0070 (0.0068)  loss_vfl_dn_2: 0.4154 (0.4169)  loss_bbox_dn_2: 0.0338 (0.0344)  loss_giou_dn_2: 0.4312 (0.4333)  loss_fgl_dn_2: 1.2204 (1.2179)  loss_ddf_dn_2: -0.0000 (0.0000)  loss_vfl_dn_pre: 0.4820 (0.4866)  loss_bbox_dn_pre: 0.0455 (0.0465)  loss_giou_dn_pre: 0.5408 (0.5526)  loss_size: 0.0028 (0.0040)  time: 0.2580  data: 0.0124  max mem: 5225
Epoch: [11/30] Total time: 0:00:12 (0.2683 s / it)
Averaged stats: lr: 0.000100  loss: 19.7658 (20.0240)  loss_vfl: 0.5136 (0.5252)  loss_bbox: 0.0593 (0.0680)  loss_giou: 0.6490 (0.6633)  loss_fgl: 1.2106 (1.1647)  loss_vfl_aux_0: 0.7909 (0.7769)  loss_bbox_aux_0: 0.0653 (0.0875)  loss_giou_aux_0: 0.7118 (0.8275)  loss_fgl_aux_0: 1.2134 (1.1374)  loss_ddf_aux_0: 0.2333 (0.2634)  loss_vfl_aux_1: 0.5276 (0.5373)  loss_bbox_aux_1: 0.0600 (0.0702)  loss_giou_aux_1: 0.6481 (0.6838)  loss_fgl_aux_1: 1.2077 (1.1595)  loss_ddf_aux_1: 0.0226 (0.0231)  loss_vfl_pre: 0.7851 (0.7736)  loss_bbox_pre: 0.0653 (0.0855)  loss_giou_pre: 0.7147 (0.8199)  loss_vfl_enc_0: 0.3824 (0.3434)  loss_bbox_enc_0: 0.2315 (0.2916)  loss_giou_enc_0: 1.7187 (1.8908)  loss_vfl_dn_0: 0.4804 (0.4882)  loss_bbox_dn_0: 0.0458 (0.0467)  loss_giou_dn_0: 0.5448 (0.5542)  loss_fgl_dn_0: 1.2523 (1.2548)  loss_ddf_dn_0: 0.1919 (0.1830)  loss_vfl_dn_1: 0.4157 (0.4194)  loss_bbox_dn_1: 0.0338 (0.0344)  loss_giou_dn_1: 0.4339 (0.4344)  loss_fgl_dn_1: 1.2191 (1.2174)  loss_ddf_dn_1: 0.0070 (0.0068)  loss_vfl_dn_2: 0.4154 (0.4169)  loss_bbox_dn_2: 0.0338 (0.0344)  loss_giou_dn_2: 0.4312 (0.4333)  loss_fgl_dn_2: 1.2204 (1.2179)  loss_ddf_dn_2: -0.0000 (0.0000)  loss_vfl_dn_pre: 0.4820 (0.4866)  loss_bbox_dn_pre: 0.0455 (0.0465)  loss_giou_dn_pre: 0.5408 (0.5526)  loss_size: 0.0028 (0.0040)
Test:  [0/8]  eta: 0:00:02    time: 0.2946  data: 0.2360  max mem: 5225
Test:  [7/8]  eta: 0:00:00    time: 0.0999  data: 0.0414  max mem: 5225
Test: Total time: 0:00:00 (0.1043 s / it)
Metrics: {'f1': 0.8300653594771242, 'precision': 0.774390243902439, 'recall': 0.8943661971830986, 'iou': 0.5012942279517317, 'TPs': 127, 'FPs': 37, 'FNs': 15}
Averaged stats: 
Accumulating evaluation results...
COCOeval_opt.accumulate() finished...
DONE (t=0.01s).
IoU metric: bbox
 Average Precision  (AP) @[ IoU=0.50:0.95 | area=   all | maxDets=100 ] = 0.340
 Average Precision  (AP) @[ IoU=0.50      | area=   all | maxDets=100 ] = 0.868
 Average Precision  (AP) @[ IoU=0.75      | area=   all | maxDets=100 ] = 0.130
 Average Precision  (AP) @[ IoU=0.50:0.95 | area= small | maxDets=100 ] = 0.340
 Average Precision  (AP) @[ IoU=0.50:0.95 | area=medium | maxDets=100 ] = -1.000
 Average Precision  (AP) @[ IoU=0.50:0.95 | area= large | maxDets=100 ] = -1.000
 Average Recall     (AR) @[ IoU=0.50:0.95 | area=   all | maxDets=  1 ] = 0.209
 Average Recall     (AR) @[ IoU=0.50:0.95 | area=   all | maxDets= 10 ] = 0.488
 Average Recall     (AR) @[ IoU=0.50:0.95 | area=   all | maxDets=100 ] = 0.599
 Average Recall     (AR) @[ IoU=0.50:0.95 | area= small | maxDets=100 ] = 0.599
 Average Recall     (AR) @[ IoU=0.50:0.95 | area=medium | maxDets=100 ] = -1.000
 Average Recall     (AR) @[ IoU=0.50:0.95 | area= large | maxDets=100 ] = -1.000
 Average Recall     (AR) @[ IoU=0.50      | area=   all | maxDets=100 ] = 0.993
 Average Recall     (AR) @[ IoU=0.75      | area=   all | maxDets=100 ] = 0.627
best_stat: {'epoch': 10, 'coco_eval_bbox': 0.3443722658399833}
Epoch: [12/30]  [ 0/45]  eta: 0:00:22  lr: 0.000100  loss: 19.9458 (19.9458)  loss_vfl: 0.4630 (0.4630)  loss_bbox: 0.0572 (0.0572)  loss_giou: 0.6783 (0.6783)  loss_fgl: 1.0890 (1.0890)  loss_vfl_aux_0: 0.7626 (0.7626)  loss_bbox_aux_0: 0.1034 (0.1034)  loss_giou_aux_0: 0.9763 (0.9763)  loss_fgl_aux_0: 1.0178 (1.0178)  loss_ddf_aux_0: 0.2478 (0.2478)  loss_vfl_aux_1: 0.4762 (0.4762)  loss_bbox_aux_1: 0.0620 (0.0620)  loss_giou_aux_1: 0.7484 (0.7484)  loss_fgl_aux_1: 1.0627 (1.0627)  loss_ddf_aux_1: 0.0378 (0.0378)  loss_vfl_pre: 0.6826 (0.6826)  loss_bbox_pre: 0.0928 (0.0928)  loss_giou_pre: 1.0250 (1.0250)  loss_vfl_enc_0: 0.4069 (0.4069)  loss_bbox_enc_0: 0.2871 (0.2871)  loss_giou_enc_0: 1.9804 (1.9804)  loss_vfl_dn_0: 0.4929 (0.4929)  loss_bbox_dn_0: 0.0430 (0.0430)  loss_giou_dn_0: 0.5468 (0.5468)  loss_fgl_dn_0: 1.2263 (1.2263)  loss_ddf_dn_0: 0.1843 (0.1843)  loss_vfl_dn_1: 0.4154 (0.4154)  loss_bbox_dn_1: 0.0321 (0.0321)  loss_giou_dn_1: 0.4184 (0.4184)  loss_fgl_dn_1: 1.1876 (1.1876)  loss_ddf_dn_1: 0.0063 (0.0063)  loss_vfl_dn_2: 0.4114 (0.4114)  loss_bbox_dn_2: 0.0323 (0.0323)  loss_giou_dn_2: 0.4218 (0.4218)  loss_fgl_dn_2: 1.1887 (1.1887)  loss_ddf_dn_2: -0.0000 (0.0000)  loss_vfl_dn_pre: 0.4890 (0.4890)  loss_bbox_dn_pre: 0.0430 (0.0430)  loss_giou_dn_pre: 0.5450 (0.5450)  loss_size: 0.0044 (0.0044)  time: 0.4922  data: 0.2381  max mem: 5225
Epoch: [12/30]  [44/45]  eta: 0:00:00  lr: 0.000100  loss: 19.5227 (19.4384)  loss_vfl: 0.4948 (0.4997)  loss_bbox: 0.0500 (0.0545)  loss_giou: 0.5931 (0.5944)  loss_fgl: 1.2090 (1.2079)  loss_vfl_aux_0: 0.7653 (0.8124)  loss_bbox_aux_0: 0.0595 (0.0696)  loss_giou_aux_0: 0.7114 (0.7061)  loss_fgl_aux_0: 1.2189 (1.1971)  loss_ddf_aux_0: 0.2408 (0.2237)  loss_vfl_aux_1: 0.5295 (0.5352)  loss_bbox_aux_1: 0.0502 (0.0557)  loss_giou_aux_1: 0.5972 (0.6059)  loss_fgl_aux_1: 1.2108 (1.2047)  loss_ddf_aux_1: 0.0252 (0.0236)  loss_vfl_pre: 0.7662 (0.8034)  loss_bbox_pre: 0.0599 (0.0674)  loss_giou_pre: 0.7049 (0.7081)  loss_vfl_enc_0: 0.4057 (0.4751)  loss_bbox_enc_0: 0.1987 (0.2055)  loss_giou_enc_0: 1.6500 (1.6628)  loss_vfl_dn_0: 0.4818 (0.4843)  loss_bbox_dn_0: 0.0436 (0.0448)  loss_giou_dn_0: 0.5257 (0.5376)  loss_fgl_dn_0: 1.2592 (1.2558)  loss_ddf_dn_0: 0.1710 (0.1687)  loss_vfl_dn_1: 0.4176 (0.4155)  loss_bbox_dn_1: 0.0330 (0.0333)  loss_giou_dn_1: 0.4138 (0.4210)  loss_fgl_dn_1: 1.2125 (1.2135)  loss_ddf_dn_1: 0.0049 (0.0053)  loss_vfl_dn_2: 0.4099 (0.4125)  loss_bbox_dn_2: 0.0328 (0.0333)  loss_giou_dn_2: 0.4112 (0.4200)  loss_fgl_dn_2: 1.2143 (1.2138)  loss_ddf_dn_2: -0.0000 (0.0000)  loss_vfl_dn_pre: 0.4792 (0.4824)  loss_bbox_dn_pre: 0.0437 (0.0448)  loss_giou_dn_pre: 0.5232 (0.5359)  loss_size: 0.0027 (0.0032)  time: 0.2544  data: 0.0118  max mem: 5225
Epoch: [12/30] Total time: 0:00:11 (0.2608 s / it)
Averaged stats: lr: 0.000100  loss: 19.5227 (19.4384)  loss_vfl: 0.4948 (0.4997)  loss_bbox: 0.0500 (0.0545)  loss_giou: 0.5931 (0.5944)  loss_fgl: 1.2090 (1.2079)  loss_vfl_aux_0: 0.7653 (0.8124)  loss_bbox_aux_0: 0.0595 (0.0696)  loss_giou_aux_0: 0.7114 (0.7061)  loss_fgl_aux_0: 1.2189 (1.1971)  loss_ddf_aux_0: 0.2408 (0.2237)  loss_vfl_aux_1: 0.5295 (0.5352)  loss_bbox_aux_1: 0.0502 (0.0557)  loss_giou_aux_1: 0.5972 (0.6059)  loss_fgl_aux_1: 1.2108 (1.2047)  loss_ddf_aux_1: 0.0252 (0.0236)  loss_vfl_pre: 0.7662 (0.8034)  loss_bbox_pre: 0.0599 (0.0674)  loss_giou_pre: 0.7049 (0.7081)  loss_vfl_enc_0: 0.4057 (0.4751)  loss_bbox_enc_0: 0.1987 (0.2055)  loss_giou_enc_0: 1.6500 (1.6628)  loss_vfl_dn_0: 0.4818 (0.4843)  loss_bbox_dn_0: 0.0436 (0.0448)  loss_giou_dn_0: 0.5257 (0.5376)  loss_fgl_dn_0: 1.2592 (1.2558)  loss_ddf_dn_0: 0.1710 (0.1687)  loss_vfl_dn_1: 0.4176 (0.4155)  loss_bbox_dn_1: 0.0330 (0.0333)  loss_giou_dn_1: 0.4138 (0.4210)  loss_fgl_dn_1: 1.2125 (1.2135)  loss_ddf_dn_1: 0.0049 (0.0053)  loss_vfl_dn_2: 0.4099 (0.4125)  loss_bbox_dn_2: 0.0328 (0.0333)  loss_giou_dn_2: 0.4112 (0.4200)  loss_fgl_dn_2: 1.2143 (1.2138)  loss_ddf_dn_2: -0.0000 (0.0000)  loss_vfl_dn_pre: 0.4792 (0.4824)  loss_bbox_dn_pre: 0.0437 (0.0448)  loss_giou_dn_pre: 0.5232 (0.5359)  loss_size: 0.0027 (0.0032)
Test:  [0/8]  eta: 0:00:02    time: 0.2980  data: 0.2347  max mem: 5225
Test:  [7/8]  eta: 0:00:00    time: 0.1260  data: 0.0425  max mem: 5225
Test: Total time: 0:00:01 (0.1308 s / it)
Metrics: {'f1': 0.8354430379746836, 'precision': 0.7586206896551724, 'recall': 0.9295774647887324, 'iou': 0.5072576095876487, 'TPs': 132, 'FPs': 42, 'FNs': 10}
Averaged stats: 
Accumulating evaluation results...
COCOeval_opt.accumulate() finished...
DONE (t=0.01s).
IoU metric: bbox
 Average Precision  (AP) @[ IoU=0.50:0.95 | area=   all | maxDets=100 ] = 0.332
 Average Precision  (AP) @[ IoU=0.50      | area=   all | maxDets=100 ] = 0.858
 Average Precision  (AP) @[ IoU=0.75      | area=   all | maxDets=100 ] = 0.129
 Average Precision  (AP) @[ IoU=0.50:0.95 | area= small | maxDets=100 ] = 0.332
 Average Precision  (AP) @[ IoU=0.50:0.95 | area=medium | maxDets=100 ] = -1.000
 Average Precision  (AP) @[ IoU=0.50:0.95 | area= large | maxDets=100 ] = -1.000
 Average Recall     (AR) @[ IoU=0.50:0.95 | area=   all | maxDets=  1 ] = 0.205
 Average Recall     (AR) @[ IoU=0.50:0.95 | area=   all | maxDets= 10 ] = 0.492
 Average Recall     (AR) @[ IoU=0.50:0.95 | area=   all | maxDets=100 ] = 0.610
 Average Recall     (AR) @[ IoU=0.50:0.95 | area= small | maxDets=100 ] = 0.610
 Average Recall     (AR) @[ IoU=0.50:0.95 | area=medium | maxDets=100 ] = -1.000
 Average Recall     (AR) @[ IoU=0.50:0.95 | area= large | maxDets=100 ] = -1.000
 Average Recall     (AR) @[ IoU=0.50      | area=   all | maxDets=100 ] = 1.000
 Average Recall     (AR) @[ IoU=0.75      | area=   all | maxDets=100 ] = 0.655
best_stat: {'epoch': 10, 'coco_eval_bbox': 0.3443722658399833}
Epoch: [13/30]  [ 0/45]  eta: 0:00:22  lr: 0.000100  loss: 19.0884 (19.0884)  loss_vfl: 0.4897 (0.4897)  loss_bbox: 0.0409 (0.0409)  loss_giou: 0.5329 (0.5329)  loss_fgl: 1.2299 (1.2299)  loss_vfl_aux_0: 0.9221 (0.9221)  loss_bbox_aux_0: 0.0476 (0.0476)  loss_giou_aux_0: 0.6263 (0.6263)  loss_fgl_aux_0: 1.2324 (1.2324)  loss_ddf_aux_0: 0.2211 (0.2211)  loss_vfl_aux_1: 0.5088 (0.5088)  loss_bbox_aux_1: 0.0419 (0.0419)  loss_giou_aux_1: 0.5393 (0.5393)  loss_fgl_aux_1: 1.2291 (1.2291)  loss_ddf_aux_1: 0.0199 (0.0199)  loss_vfl_pre: 0.9052 (0.9052)  loss_bbox_pre: 0.0478 (0.0478)  loss_giou_pre: 0.6215 (0.6215)  loss_vfl_enc_0: 0.3930 (0.3930)  loss_bbox_enc_0: 0.1890 (0.1890)  loss_giou_enc_0: 1.5275 (1.5275)  loss_vfl_dn_0: 0.4811 (0.4811)  loss_bbox_dn_0: 0.0406 (0.0406)  loss_giou_dn_0: 0.5471 (0.5471)  loss_fgl_dn_0: 1.2406 (1.2406)  loss_ddf_dn_0: 0.1950 (0.1950)  loss_vfl_dn_1: 0.4158 (0.4158)  loss_bbox_dn_1: 0.0290 (0.0290)  loss_giou_dn_1: 0.4308 (0.4308)  loss_fgl_dn_1: 1.2020 (1.2020)  loss_ddf_dn_1: 0.0048 (0.0048)  loss_vfl_dn_2: 0.4110 (0.4110)  loss_bbox_dn_2: 0.0286 (0.0286)  loss_giou_dn_2: 0.4243 (0.4243)  loss_fgl_dn_2: 1.2007 (1.2007)  loss_ddf_dn_2: -0.0000 (0.0000)  loss_vfl_dn_pre: 0.4799 (0.4799)  loss_bbox_dn_pre: 0.0407 (0.0407)  loss_giou_dn_pre: 0.5463 (0.5463)  loss_size: 0.0042 (0.0042)  time: 0.5088  data: 0.2586  max mem: 5225
Epoch: [13/30]  [44/45]  eta: 0:00:00  lr: 0.000100  loss: 19.4086 (19.3017)  loss_vfl: 0.4888 (0.5015)  loss_bbox: 0.0476 (0.0528)  loss_giou: 0.5724 (0.5755)  loss_fgl: 1.2172 (1.2141)  loss_vfl_aux_0: 0.7929 (0.7795)  loss_bbox_aux_0: 0.0583 (0.0660)  loss_giou_aux_0: 0.7008 (0.6897)  loss_fgl_aux_0: 1.2027 (1.2065)  loss_ddf_aux_0: 0.2567 (0.2568)  loss_vfl_aux_1: 0.5257 (0.5253)  loss_bbox_aux_1: 0.0473 (0.0530)  loss_giou_aux_1: 0.5784 (0.5862)  loss_fgl_aux_1: 1.2119 (1.2125)  loss_ddf_aux_1: 0.0227 (0.0235)  loss_vfl_pre: 0.7772 (0.7726)  loss_bbox_pre: 0.0572 (0.0640)  loss_giou_pre: 0.6890 (0.6847)  loss_vfl_enc_0: 0.4095 (0.4474)  loss_bbox_enc_0: 0.2054 (0.2043)  loss_giou_enc_0: 1.7113 (1.6761)  loss_vfl_dn_0: 0.4824 (0.4794)  loss_bbox_dn_0: 0.0431 (0.0444)  loss_giou_dn_0: 0.5357 (0.5327)  loss_fgl_dn_0: 1.2469 (1.2544)  loss_ddf_dn_0: 0.2048 (0.1869)  loss_vfl_dn_1: 0.4144 (0.4144)  loss_bbox_dn_1: 0.0321 (0.0328)  loss_giou_dn_1: 0.4262 (0.4173)  loss_fgl_dn_1: 1.2080 (1.2108)  loss_ddf_dn_1: 0.0060 (0.0055)  loss_vfl_dn_2: 0.4130 (0.4128)  loss_bbox_dn_2: 0.0318 (0.0327)  loss_giou_dn_2: 0.4239 (0.4168)  loss_fgl_dn_2: 1.2088 (1.2111)  loss_ddf_dn_2: -0.0000 (0.0000)  loss_vfl_dn_pre: 0.4803 (0.4781)  loss_bbox_dn_pre: 0.0429 (0.0444)  loss_giou_dn_pre: 0.5368 (0.5325)  loss_size: 0.0028 (0.0030)  time: 0.2540  data: 0.0121  max mem: 5225
Epoch: [13/30] Total time: 0:00:11 (0.2611 s / it)
Averaged stats: lr: 0.000100  loss: 19.4086 (19.3017)  loss_vfl: 0.4888 (0.5015)  loss_bbox: 0.0476 (0.0528)  loss_giou: 0.5724 (0.5755)  loss_fgl: 1.2172 (1.2141)  loss_vfl_aux_0: 0.7929 (0.7795)  loss_bbox_aux_0: 0.0583 (0.0660)  loss_giou_aux_0: 0.7008 (0.6897)  loss_fgl_aux_0: 1.2027 (1.2065)  loss_ddf_aux_0: 0.2567 (0.2568)  loss_vfl_aux_1: 0.5257 (0.5253)  loss_bbox_aux_1: 0.0473 (0.0530)  loss_giou_aux_1: 0.5784 (0.5862)  loss_fgl_aux_1: 1.2119 (1.2125)  loss_ddf_aux_1: 0.0227 (0.0235)  loss_vfl_pre: 0.7772 (0.7726)  loss_bbox_pre: 0.0572 (0.0640)  loss_giou_pre: 0.6890 (0.6847)  loss_vfl_enc_0: 0.4095 (0.4474)  loss_bbox_enc_0: 0.2054 (0.2043)  loss_giou_enc_0: 1.7113 (1.6761)  loss_vfl_dn_0: 0.4824 (0.4794)  loss_bbox_dn_0: 0.0431 (0.0444)  loss_giou_dn_0: 0.5357 (0.5327)  loss_fgl_dn_0: 1.2469 (1.2544)  loss_ddf_dn_0: 0.2048 (0.1869)  loss_vfl_dn_1: 0.4144 (0.4144)  loss_bbox_dn_1: 0.0321 (0.0328)  loss_giou_dn_1: 0.4262 (0.4173)  loss_fgl_dn_1: 1.2080 (1.2108)  loss_ddf_dn_1: 0.0060 (0.0055)  loss_vfl_dn_2: 0.4130 (0.4128)  loss_bbox_dn_2: 0.0318 (0.0327)  loss_giou_dn_2: 0.4239 (0.4168)  loss_fgl_dn_2: 1.2088 (1.2111)  loss_ddf_dn_2: -0.0000 (0.0000)  loss_vfl_dn_pre: 0.4803 (0.4781)  loss_bbox_dn_pre: 0.0429 (0.0444)  loss_giou_dn_pre: 0.5368 (0.5325)  loss_size: 0.0028 (0.0030)
Test:  [0/8]  eta: 0:00:02    time: 0.3076  data: 0.2453  max mem: 5225
Test:  [7/8]  eta: 0:00:00    time: 0.1026  data: 0.0430  max mem: 5225
Test: Total time: 0:00:00 (0.1089 s / it)
Metrics: {'f1': 0.8459016393442623, 'precision': 0.7914110429447853, 'recall': 0.9084507042253521, 'iou': 0.5181262344121933, 'TPs': 129, 'FPs': 34, 'FNs': 13}
Averaged stats: 
Accumulating evaluation results...
COCOeval_opt.accumulate() finished...
DONE (t=0.01s).
IoU metric: bbox
 Average Precision  (AP) @[ IoU=0.50:0.95 | area=   all | maxDets=100 ] = 0.322
 Average Precision  (AP) @[ IoU=0.50      | area=   all | maxDets=100 ] = 0.848
 Average Precision  (AP) @[ IoU=0.75      | area=   all | maxDets=100 ] = 0.112
 Average Precision  (AP) @[ IoU=0.50:0.95 | area= small | maxDets=100 ] = 0.322
 Average Precision  (AP) @[ IoU=0.50:0.95 | area=medium | maxDets=100 ] = -1.000
 Average Precision  (AP) @[ IoU=0.50:0.95 | area= large | maxDets=100 ] = -1.000
 Average Recall     (AR) @[ IoU=0.50:0.95 | area=   all | maxDets=  1 ] = 0.189
 Average Recall     (AR) @[ IoU=0.50:0.95 | area=   all | maxDets= 10 ] = 0.478
 Average Recall     (AR) @[ IoU=0.50:0.95 | area=   all | maxDets=100 ] = 0.601
 Average Recall     (AR) @[ IoU=0.50:0.95 | area= small | maxDets=100 ] = 0.601
 Average Recall     (AR) @[ IoU=0.50:0.95 | area=medium | maxDets=100 ] = -1.000
 Average Recall     (AR) @[ IoU=0.50:0.95 | area= large | maxDets=100 ] = -1.000
 Average Recall     (AR) @[ IoU=0.50      | area=   all | maxDets=100 ] = 0.993
 Average Recall     (AR) @[ IoU=0.75      | area=   all | maxDets=100 ] = 0.641
best_stat: {'epoch': 10, 'coco_eval_bbox': 0.3443722658399833}
Epoch: [14/30]  [ 0/45]  eta: 0:00:22  lr: 0.000100  loss: 18.9876 (18.9876)  loss_vfl: 0.5212 (0.5212)  loss_bbox: 0.0597 (0.0597)  loss_giou: 0.5815 (0.5815)  loss_fgl: 1.2575 (1.2575)  loss_vfl_aux_0: 0.7532 (0.7532)  loss_bbox_aux_0: 0.0681 (0.0681)  loss_giou_aux_0: 0.6413 (0.6413)  loss_fgl_aux_0: 1.2683 (1.2683)  loss_ddf_aux_0: 0.1820 (0.1820)  loss_vfl_aux_1: 0.5033 (0.5033)  loss_bbox_aux_1: 0.0590 (0.0590)  loss_giou_aux_1: 0.5765 (0.5765)  loss_fgl_aux_1: 1.2601 (1.2601)  loss_ddf_aux_1: 0.0165 (0.0165)  loss_vfl_pre: 0.7473 (0.7473)  loss_bbox_pre: 0.0682 (0.0682)  loss_giou_pre: 0.6466 (0.6466)  loss_vfl_enc_0: 0.6080 (0.6080)  loss_bbox_enc_0: 0.1507 (0.1507)  loss_giou_enc_0: 1.2916 (1.2916)  loss_vfl_dn_0: 0.4828 (0.4828)  loss_bbox_dn_0: 0.0486 (0.0486)  loss_giou_dn_0: 0.5155 (0.5155)  loss_fgl_dn_0: 1.2633 (1.2633)  loss_ddf_dn_0: 0.2161 (0.2161)  loss_vfl_dn_1: 0.4174 (0.4174)  loss_bbox_dn_1: 0.0348 (0.0348)  loss_giou_dn_1: 0.4051 (0.4051)  loss_fgl_dn_1: 1.2113 (1.2113)  loss_ddf_dn_1: 0.0075 (0.0075)  loss_vfl_dn_2: 0.4173 (0.4173)  loss_bbox_dn_2: 0.0350 (0.0350)  loss_giou_dn_2: 0.4073 (0.4073)  loss_fgl_dn_2: 1.2123 (1.2123)  loss_ddf_dn_2: -0.0000 (0.0000)  loss_vfl_dn_pre: 0.4835 (0.4835)  loss_bbox_dn_pre: 0.0488 (0.0488)  loss_giou_dn_pre: 0.5174 (0.5174)  loss_size: 0.0029 (0.0029)  time: 0.5085  data: 0.2520  max mem: 5225
Epoch: [14/30]  [44/45]  eta: 0:00:00  lr: 0.000100  loss: 18.4599 (18.6385)  loss_vfl: 0.4622 (0.4837)  loss_bbox: 0.0452 (0.0486)  loss_giou: 0.5444 (0.5490)  loss_fgl: 1.2440 (1.2412)  loss_vfl_aux_0: 0.7899 (0.7918)  loss_bbox_aux_0: 0.0496 (0.0533)  loss_giou_aux_0: 0.5598 (0.6030)  loss_fgl_aux_0: 1.2496 (1.2416)  loss_ddf_aux_0: 0.0799 (0.1334)  loss_vfl_aux_1: 0.5015 (0.5114)  loss_bbox_aux_1: 0.0466 (0.0491)  loss_giou_aux_1: 0.5410 (0.5522)  loss_fgl_aux_1: 1.2438 (1.2399)  loss_ddf_aux_1: 0.0091 (0.0134)  loss_vfl_pre: 0.7844 (0.7831)  loss_bbox_pre: 0.0493 (0.0528)  loss_giou_pre: 0.5611 (0.6000)  loss_vfl_enc_0: 0.8609 (0.8488)  loss_bbox_enc_0: 0.0710 (0.1005)  loss_giou_enc_0: 0.8355 (1.0183)  loss_vfl_dn_0: 0.4785 (0.4791)  loss_bbox_dn_0: 0.0441 (0.0446)  loss_giou_dn_0: 0.5356 (0.5342)  loss_fgl_dn_0: 1.2599 (1.2552)  loss_ddf_dn_0: 0.2070 (0.2125)  loss_vfl_dn_1: 0.4157 (0.4135)  loss_bbox_dn_1: 0.0323 (0.0324)  loss_giou_dn_1: 0.4162 (0.4135)  loss_fgl_dn_1: 1.2096 (1.2082)  loss_ddf_dn_1: 0.0054 (0.0057)  loss_vfl_dn_2: 0.4104 (0.4124)  loss_bbox_dn_2: 0.0323 (0.0324)  loss_giou_dn_2: 0.4158 (0.4129)  loss_fgl_dn_2: 1.2113 (1.2084)  loss_ddf_dn_2: -0.0000 (0.0000)  loss_vfl_dn_pre: 0.4771 (0.4781)  loss_bbox_dn_pre: 0.0438 (0.0445)  loss_giou_dn_pre: 0.5326 (0.5328)  loss_size: 0.0026 (0.0031)  time: 0.2530  data: 0.0121  max mem: 5225
Epoch: [14/30] Total time: 0:00:11 (0.2605 s / it)
Averaged stats: lr: 0.000100  loss: 18.4599 (18.6385)  loss_vfl: 0.4622 (0.4837)  loss_bbox: 0.0452 (0.0486)  loss_giou: 0.5444 (0.5490)  loss_fgl: 1.2440 (1.2412)  loss_vfl_aux_0: 0.7899 (0.7918)  loss_bbox_aux_0: 0.0496 (0.0533)  loss_giou_aux_0: 0.5598 (0.6030)  loss_fgl_aux_0: 1.2496 (1.2416)  loss_ddf_aux_0: 0.0799 (0.1334)  loss_vfl_aux_1: 0.5015 (0.5114)  loss_bbox_aux_1: 0.0466 (0.0491)  loss_giou_aux_1: 0.5410 (0.5522)  loss_fgl_aux_1: 1.2438 (1.2399)  loss_ddf_aux_1: 0.0091 (0.0134)  loss_vfl_pre: 0.7844 (0.7831)  loss_bbox_pre: 0.0493 (0.0528)  loss_giou_pre: 0.5611 (0.6000)  loss_vfl_enc_0: 0.8609 (0.8488)  loss_bbox_enc_0: 0.0710 (0.1005)  loss_giou_enc_0: 0.8355 (1.0183)  loss_vfl_dn_0: 0.4785 (0.4791)  loss_bbox_dn_0: 0.0441 (0.0446)  loss_giou_dn_0: 0.5356 (0.5342)  loss_fgl_dn_0: 1.2599 (1.2552)  loss_ddf_dn_0: 0.2070 (0.2125)  loss_vfl_dn_1: 0.4157 (0.4135)  loss_bbox_dn_1: 0.0323 (0.0324)  loss_giou_dn_1: 0.4162 (0.4135)  loss_fgl_dn_1: 1.2096 (1.2082)  loss_ddf_dn_1: 0.0054 (0.0057)  loss_vfl_dn_2: 0.4104 (0.4124)  loss_bbox_dn_2: 0.0323 (0.0324)  loss_giou_dn_2: 0.4158 (0.4129)  loss_fgl_dn_2: 1.2113 (1.2084)  loss_ddf_dn_2: -0.0000 (0.0000)  loss_vfl_dn_pre: 0.4771 (0.4781)  loss_bbox_dn_pre: 0.0438 (0.0445)  loss_giou_dn_pre: 0.5326 (0.5328)  loss_size: 0.0026 (0.0031)
Test:  [0/8]  eta: 0:00:02    time: 0.2981  data: 0.2400  max mem: 5225
Test:  [7/8]  eta: 0:00:00    time: 0.1243  data: 0.0425  max mem: 5225
Test: Total time: 0:00:01 (0.1286 s / it)
Metrics: {'f1': 0.8646864686468647, 'precision': 0.8136645962732919, 'recall': 0.9225352112676056, 'iou': 0.5351429616296014, 'TPs': 131, 'FPs': 30, 'FNs': 11}
Averaged stats: 
Accumulating evaluation results...
COCOeval_opt.accumulate() finished...
DONE (t=0.01s).
IoU metric: bbox
 Average Precision  (AP) @[ IoU=0.50:0.95 | area=   all | maxDets=100 ] = 0.327
 Average Precision  (AP) @[ IoU=0.50      | area=   all | maxDets=100 ] = 0.872
 Average Precision  (AP) @[ IoU=0.75      | area=   all | maxDets=100 ] = 0.125
 Average Precision  (AP) @[ IoU=0.50:0.95 | area= small | maxDets=100 ] = 0.327
 Average Precision  (AP) @[ IoU=0.50:0.95 | area=medium | maxDets=100 ] = -1.000
 Average Precision  (AP) @[ IoU=0.50:0.95 | area= large | maxDets=100 ] = -1.000
 Average Recall     (AR) @[ IoU=0.50:0.95 | area=   all | maxDets=  1 ] = 0.192
 Average Recall     (AR) @[ IoU=0.50:0.95 | area=   all | maxDets= 10 ] = 0.486
 Average Recall     (AR) @[ IoU=0.50:0.95 | area=   all | maxDets=100 ] = 0.601
 Average Recall     (AR) @[ IoU=0.50:0.95 | area= small | maxDets=100 ] = 0.601
 Average Recall     (AR) @[ IoU=0.50:0.95 | area=medium | maxDets=100 ] = -1.000
 Average Recall     (AR) @[ IoU=0.50:0.95 | area= large | maxDets=100 ] = -1.000
 Average Recall     (AR) @[ IoU=0.50      | area=   all | maxDets=100 ] = 0.993
 Average Recall     (AR) @[ IoU=0.75      | area=   all | maxDets=100 ] = 0.648
best_stat: {'epoch': 10, 'coco_eval_bbox': 0.3443722658399833}
Epoch: [15/30]  [ 0/45]  eta: 0:00:22  lr: 0.000100  loss: 18.0861 (18.0861)  loss_vfl: 0.4982 (0.4982)  loss_bbox: 0.0393 (0.0393)  loss_giou: 0.5169 (0.5169)  loss_fgl: 1.2628 (1.2628)  loss_vfl_aux_0: 0.7294 (0.7294)  loss_bbox_aux_0: 0.0395 (0.0395)  loss_giou_aux_0: 0.5351 (0.5351)  loss_fgl_aux_0: 1.2597 (1.2597)  loss_ddf_aux_0: 0.0714 (0.0714)  loss_vfl_aux_1: 0.5210 (0.5210)  loss_bbox_aux_1: 0.0392 (0.0392)  loss_giou_aux_1: 0.5213 (0.5213)  loss_fgl_aux_1: 1.2600 (1.2600)  loss_ddf_aux_1: 0.0082 (0.0082)  loss_vfl_pre: 0.7374 (0.7374)  loss_bbox_pre: 0.0393 (0.0393)  loss_giou_pre: 0.5376 (0.5376)  loss_vfl_enc_0: 0.8113 (0.8113)  loss_bbox_enc_0: 0.0642 (0.0642)  loss_giou_enc_0: 0.8597 (0.8597)  loss_vfl_dn_0: 0.4739 (0.4739)  loss_bbox_dn_0: 0.0381 (0.0381)  loss_giou_dn_0: 0.5303 (0.5303)  loss_fgl_dn_0: 1.2564 (1.2564)  loss_ddf_dn_0: 0.2205 (0.2205)  loss_vfl_dn_1: 0.4140 (0.4140)  loss_bbox_dn_1: 0.0278 (0.0278)  loss_giou_dn_1: 0.4234 (0.4234)  loss_fgl_dn_1: 1.2177 (1.2177)  loss_ddf_dn_1: 0.0046 (0.0046)  loss_vfl_dn_2: 0.4133 (0.4133)  loss_bbox_dn_2: 0.0278 (0.0278)  loss_giou_dn_2: 0.4256 (0.4256)  loss_fgl_dn_2: 1.2200 (1.2200)  loss_ddf_dn_2: -0.0000 (0.0000)  loss_vfl_dn_pre: 0.4728 (0.4728)  loss_bbox_dn_pre: 0.0380 (0.0380)  loss_giou_dn_pre: 0.5276 (0.5276)  loss_size: 0.0030 (0.0030)  time: 0.4957  data: 0.2293  max mem: 5225
Epoch: [15/30]  [44/45]  eta: 0:00:00  lr: 0.000100  loss: 17.6169 (17.8921)  loss_vfl: 0.4510 (0.4566)  loss_bbox: 0.0476 (0.0462)  loss_giou: 0.5177 (0.5306)  loss_fgl: 1.2620 (1.2491)  loss_vfl_aux_0: 0.6696 (0.7347)  loss_bbox_aux_0: 0.0502 (0.0491)  loss_giou_aux_0: 0.5501 (0.5626)  loss_fgl_aux_0: 1.2521 (1.2518)  loss_ddf_aux_0: 0.0754 (0.0713)  loss_vfl_aux_1: 0.4594 (0.4853)  loss_bbox_aux_1: 0.0481 (0.0465)  loss_giou_aux_1: 0.5197 (0.5319)  loss_fgl_aux_1: 1.2628 (1.2489)  loss_ddf_aux_1: 0.0092 (0.0093)  loss_vfl_pre: 0.6699 (0.7285)  loss_bbox_pre: 0.0501 (0.0487)  loss_giou_pre: 0.5472 (0.5603)  loss_vfl_enc_0: 0.6884 (0.7132)  loss_bbox_enc_0: 0.0653 (0.0721)  loss_giou_enc_0: 0.7669 (0.8234)  loss_vfl_dn_0: 0.4748 (0.4749)  loss_bbox_dn_0: 0.0453 (0.0445)  loss_giou_dn_0: 0.5192 (0.5297)  loss_fgl_dn_0: 1.2454 (1.2548)  loss_ddf_dn_0: 0.1709 (0.1799)  loss_vfl_dn_1: 0.4132 (0.4136)  loss_bbox_dn_1: 0.0332 (0.0324)  loss_giou_dn_1: 0.4059 (0.4104)  loss_fgl_dn_1: 1.2124 (1.2121)  loss_ddf_dn_1: 0.0063 (0.0059)  loss_vfl_dn_2: 0.4117 (0.4116)  loss_bbox_dn_2: 0.0332 (0.0324)  loss_giou_dn_2: 0.4103 (0.4098)  loss_fgl_dn_2: 1.2111 (1.2125)  loss_ddf_dn_2: -0.0000 (0.0000)  loss_vfl_dn_pre: 0.4746 (0.4741)  loss_bbox_dn_pre: 0.0450 (0.0442)  loss_giou_dn_pre: 0.5155 (0.5265)  loss_size: 0.0027 (0.0028)  time: 0.2510  data: 0.0116  max mem: 5225
Epoch: [15/30] Total time: 0:00:11 (0.2590 s / it)
Averaged stats: lr: 0.000100  loss: 17.6169 (17.8921)  loss_vfl: 0.4510 (0.4566)  loss_bbox: 0.0476 (0.0462)  loss_giou: 0.5177 (0.5306)  loss_fgl: 1.2620 (1.2491)  loss_vfl_aux_0: 0.6696 (0.7347)  loss_bbox_aux_0: 0.0502 (0.0491)  loss_giou_aux_0: 0.5501 (0.5626)  loss_fgl_aux_0: 1.2521 (1.2518)  loss_ddf_aux_0: 0.0754 (0.0713)  loss_vfl_aux_1: 0.4594 (0.4853)  loss_bbox_aux_1: 0.0481 (0.0465)  loss_giou_aux_1: 0.5197 (0.5319)  loss_fgl_aux_1: 1.2628 (1.2489)  loss_ddf_aux_1: 0.0092 (0.0093)  loss_vfl_pre: 0.6699 (0.7285)  loss_bbox_pre: 0.0501 (0.0487)  loss_giou_pre: 0.5472 (0.5603)  loss_vfl_enc_0: 0.6884 (0.7132)  loss_bbox_enc_0: 0.0653 (0.0721)  loss_giou_enc_0: 0.7669 (0.8234)  loss_vfl_dn_0: 0.4748 (0.4749)  loss_bbox_dn_0: 0.0453 (0.0445)  loss_giou_dn_0: 0.5192 (0.5297)  loss_fgl_dn_0: 1.2454 (1.2548)  loss_ddf_dn_0: 0.1709 (0.1799)  loss_vfl_dn_1: 0.4132 (0.4136)  loss_bbox_dn_1: 0.0332 (0.0324)  loss_giou_dn_1: 0.4059 (0.4104)  loss_fgl_dn_1: 1.2124 (1.2121)  loss_ddf_dn_1: 0.0063 (0.0059)  loss_vfl_dn_2: 0.4117 (0.4116)  loss_bbox_dn_2: 0.0332 (0.0324)  loss_giou_dn_2: 0.4103 (0.4098)  loss_fgl_dn_2: 1.2111 (1.2125)  loss_ddf_dn_2: -0.0000 (0.0000)  loss_vfl_dn_pre: 0.4746 (0.4741)  loss_bbox_dn_pre: 0.0450 (0.0442)  loss_giou_dn_pre: 0.5155 (0.5265)  loss_size: 0.0027 (0.0028)
Test:  [0/8]  eta: 0:00:02    time: 0.3240  data: 0.2672  max mem: 5225
Test:  [7/8]  eta: 0:00:00    time: 0.1035  data: 0.0450  max mem: 5225
Test: Total time: 0:00:00 (0.1074 s / it)
Metrics: {'f1': 0.8859060402684563, 'precision': 0.8461538461538461, 'recall': 0.9295774647887324, 'iou': 0.5601577514625458, 'TPs': 132, 'FPs': 24, 'FNs': 10}
Averaged stats: 
Accumulating evaluation results...
COCOeval_opt.accumulate() finished...
DONE (t=0.01s).
IoU metric: bbox
 Average Precision  (AP) @[ IoU=0.50:0.95 | area=   all | maxDets=100 ] = 0.341
 Average Precision  (AP) @[ IoU=0.50      | area=   all | maxDets=100 ] = 0.890
 Average Precision  (AP) @[ IoU=0.75      | area=   all | maxDets=100 ] = 0.148
 Average Precision  (AP) @[ IoU=0.50:0.95 | area= small | maxDets=100 ] = 0.342
 Average Precision  (AP) @[ IoU=0.50:0.95 | area=medium | maxDets=100 ] = -1.000
 Average Precision  (AP) @[ IoU=0.50:0.95 | area= large | maxDets=100 ] = -1.000
 Average Recall     (AR) @[ IoU=0.50:0.95 | area=   all | maxDets=  1 ] = 0.190
 Average Recall     (AR) @[ IoU=0.50:0.95 | area=   all | maxDets= 10 ] = 0.485
 Average Recall     (AR) @[ IoU=0.50:0.95 | area=   all | maxDets=100 ] = 0.593
 Average Recall     (AR) @[ IoU=0.50:0.95 | area= small | maxDets=100 ] = 0.593
 Average Recall     (AR) @[ IoU=0.50:0.95 | area=medium | maxDets=100 ] = -1.000
 Average Recall     (AR) @[ IoU=0.50:0.95 | area= large | maxDets=100 ] = -1.000
 Average Recall     (AR) @[ IoU=0.50      | area=   all | maxDets=100 ] = 0.979
 Average Recall     (AR) @[ IoU=0.75      | area=   all | maxDets=100 ] = 0.606
best_stat: {'epoch': 10, 'coco_eval_bbox': 0.3443722658399833}
Epoch: [16/30]  [ 0/45]  eta: 0:00:22  lr: 0.000100  loss: 16.7234 (16.7234)  loss_vfl: 0.4222 (0.4222)  loss_bbox: 0.0384 (0.0384)  loss_giou: 0.4359 (0.4359)  loss_fgl: 1.2548 (1.2548)  loss_vfl_aux_0: 0.6730 (0.6730)  loss_bbox_aux_0: 0.0413 (0.0413)  loss_giou_aux_0: 0.4613 (0.4613)  loss_fgl_aux_0: 1.2588 (1.2588)  loss_ddf_aux_0: 0.0476 (0.0476)  loss_vfl_aux_1: 0.4313 (0.4313)  loss_bbox_aux_1: 0.0384 (0.0384)  loss_giou_aux_1: 0.4334 (0.4334)  loss_fgl_aux_1: 1.2538 (1.2538)  loss_ddf_aux_1: 0.0083 (0.0083)  loss_vfl_pre: 0.6748 (0.6748)  loss_bbox_pre: 0.0413 (0.0413)  loss_giou_pre: 0.4599 (0.4599)  loss_vfl_enc_0: 0.6597 (0.6597)  loss_bbox_enc_0: 0.0608 (0.0608)  loss_giou_enc_0: 0.6791 (0.6791)  loss_vfl_dn_0: 0.4655 (0.4655)  loss_bbox_dn_0: 0.0388 (0.0388)  loss_giou_dn_0: 0.4611 (0.4611)  loss_fgl_dn_0: 1.2418 (1.2418)  loss_ddf_dn_0: 0.2040 (0.2040)  loss_vfl_dn_1: 0.3985 (0.3985)  loss_bbox_dn_1: 0.0289 (0.0289)  loss_giou_dn_1: 0.3638 (0.3638)  loss_fgl_dn_1: 1.1928 (1.1928)  loss_ddf_dn_1: 0.0074 (0.0074)  loss_vfl_dn_2: 0.3961 (0.3961)  loss_bbox_dn_2: 0.0287 (0.0287)  loss_giou_dn_2: 0.3618 (0.3618)  loss_fgl_dn_2: 1.1932 (1.1932)  loss_ddf_dn_2: -0.0000 (0.0000)  loss_vfl_dn_pre: 0.4654 (0.4654)  loss_bbox_dn_pre: 0.0390 (0.0390)  loss_giou_dn_pre: 0.4617 (0.4617)  loss_size: 0.0012 (0.0012)  time: 0.4991  data: 0.2468  max mem: 5225
Epoch: [16/30]  [44/45]  eta: 0:00:00  lr: 0.000100  loss: 16.9824 (17.1355)  loss_vfl: 0.4178 (0.4285)  loss_bbox: 0.0438 (0.0436)  loss_giou: 0.5066 (0.5043)  loss_fgl: 1.2531 (1.2530)  loss_vfl_aux_0: 0.5939 (0.6400)  loss_bbox_aux_0: 0.0452 (0.0455)  loss_giou_aux_0: 0.5248 (0.5266)  loss_fgl_aux_0: 1.2538 (1.2568)  loss_ddf_aux_0: 0.0408 (0.0454)  loss_vfl_aux_1: 0.4403 (0.4509)  loss_bbox_aux_1: 0.0441 (0.0437)  loss_giou_aux_1: 0.5109 (0.5047)  loss_fgl_aux_1: 1.2529 (1.2527)  loss_ddf_aux_1: 0.0059 (0.0064)  loss_vfl_pre: 0.5943 (0.6365)  loss_bbox_pre: 0.0451 (0.0452)  loss_giou_pre: 0.5223 (0.5246)  loss_vfl_enc_0: 0.6420 (0.6514)  loss_bbox_enc_0: 0.0539 (0.0566)  loss_giou_enc_0: 0.6300 (0.6554)  loss_vfl_dn_0: 0.4679 (0.4728)  loss_bbox_dn_0: 0.0434 (0.0433)  loss_giou_dn_0: 0.5053 (0.5130)  loss_fgl_dn_0: 1.2554 (1.2526)  loss_ddf_dn_0: 0.1819 (0.1719)  loss_vfl_dn_1: 0.4048 (0.4063)  loss_bbox_dn_1: 0.0315 (0.0315)  loss_giou_dn_1: 0.3925 (0.3974)  loss_fgl_dn_1: 1.2081 (1.2053)  loss_ddf_dn_1: 0.0041 (0.0043)  loss_vfl_dn_2: 0.4017 (0.4036)  loss_bbox_dn_2: 0.0316 (0.0315)  loss_giou_dn_2: 0.3947 (0.3967)  loss_fgl_dn_2: 1.2080 (1.2055)  loss_ddf_dn_2: -0.0000 (0.0000)  loss_vfl_dn_pre: 0.4673 (0.4718)  loss_bbox_dn_pre: 0.0430 (0.0430)  loss_giou_dn_pre: 0.5034 (0.5111)  loss_size: 0.0026 (0.0026)  time: 0.2530  data: 0.0120  max mem: 5225
Epoch: [16/30] Total time: 0:00:11 (0.2589 s / it)
Averaged stats: lr: 0.000100  loss: 16.9824 (17.1355)  loss_vfl: 0.4178 (0.4285)  loss_bbox: 0.0438 (0.0436)  loss_giou: 0.5066 (0.5043)  loss_fgl: 1.2531 (1.2530)  loss_vfl_aux_0: 0.5939 (0.6400)  loss_bbox_aux_0: 0.0452 (0.0455)  loss_giou_aux_0: 0.5248 (0.5266)  loss_fgl_aux_0: 1.2538 (1.2568)  loss_ddf_aux_0: 0.0408 (0.0454)  loss_vfl_aux_1: 0.4403 (0.4509)  loss_bbox_aux_1: 0.0441 (0.0437)  loss_giou_aux_1: 0.5109 (0.5047)  loss_fgl_aux_1: 1.2529 (1.2527)  loss_ddf_aux_1: 0.0059 (0.0064)  loss_vfl_pre: 0.5943 (0.6365)  loss_bbox_pre: 0.0451 (0.0452)  loss_giou_pre: 0.5223 (0.5246)  loss_vfl_enc_0: 0.6420 (0.6514)  loss_bbox_enc_0: 0.0539 (0.0566)  loss_giou_enc_0: 0.6300 (0.6554)  loss_vfl_dn_0: 0.4679 (0.4728)  loss_bbox_dn_0: 0.0434 (0.0433)  loss_giou_dn_0: 0.5053 (0.5130)  loss_fgl_dn_0: 1.2554 (1.2526)  loss_ddf_dn_0: 0.1819 (0.1719)  loss_vfl_dn_1: 0.4048 (0.4063)  loss_bbox_dn_1: 0.0315 (0.0315)  loss_giou_dn_1: 0.3925 (0.3974)  loss_fgl_dn_1: 1.2081 (1.2053)  loss_ddf_dn_1: 0.0041 (0.0043)  loss_vfl_dn_2: 0.4017 (0.4036)  loss_bbox_dn_2: 0.0316 (0.0315)  loss_giou_dn_2: 0.3947 (0.3967)  loss_fgl_dn_2: 1.2080 (1.2055)  loss_ddf_dn_2: -0.0000 (0.0000)  loss_vfl_dn_pre: 0.4673 (0.4718)  loss_bbox_dn_pre: 0.0430 (0.0430)  loss_giou_dn_pre: 0.5034 (0.5111)  loss_size: 0.0026 (0.0026)
Test:  [0/8]  eta: 0:00:02    time: 0.2947  data: 0.2352  max mem: 5225
Test:  [7/8]  eta: 0:00:00    time: 0.1230  data: 0.0409  max mem: 5225
Test: Total time: 0:00:01 (0.1271 s / it)
Metrics: {'f1': 0.8516129032258065, 'precision': 0.7857142857142857, 'recall': 0.9295774647887324, 'iou': 0.5224104192149773, 'TPs': 132, 'FPs': 36, 'FNs': 10}
Averaged stats: 
Accumulating evaluation results...
COCOeval_opt.accumulate() finished...
DONE (t=0.01s).
IoU metric: bbox
 Average Precision  (AP) @[ IoU=0.50:0.95 | area=   all | maxDets=100 ] = 0.344
 Average Precision  (AP) @[ IoU=0.50      | area=   all | maxDets=100 ] = 0.908
 Average Precision  (AP) @[ IoU=0.75      | area=   all | maxDets=100 ] = 0.133
 Average Precision  (AP) @[ IoU=0.50:0.95 | area= small | maxDets=100 ] = 0.344
 Average Precision  (AP) @[ IoU=0.50:0.95 | area=medium | maxDets=100 ] = -1.000
 Average Precision  (AP) @[ IoU=0.50:0.95 | area= large | maxDets=100 ] = -1.000
 Average Recall     (AR) @[ IoU=0.50:0.95 | area=   all | maxDets=  1 ] = 0.203
 Average Recall     (AR) @[ IoU=0.50:0.95 | area=   all | maxDets= 10 ] = 0.484
 Average Recall     (AR) @[ IoU=0.50:0.95 | area=   all | maxDets=100 ] = 0.593
 Average Recall     (AR) @[ IoU=0.50:0.95 | area= small | maxDets=100 ] = 0.593
 Average Recall     (AR) @[ IoU=0.50:0.95 | area=medium | maxDets=100 ] = -1.000
 Average Recall     (AR) @[ IoU=0.50:0.95 | area= large | maxDets=100 ] = -1.000
 Average Recall     (AR) @[ IoU=0.50      | area=   all | maxDets=100 ] = 0.993
 Average Recall     (AR) @[ IoU=0.75      | area=   all | maxDets=100 ] = 0.627
best_stat: {'epoch': 10, 'coco_eval_bbox': 0.3443722658399833}
Epoch: [17/30]  [ 0/45]  eta: 0:00:22  lr: 0.000100  loss: 16.5425 (16.5425)  loss_vfl: 0.4076 (0.4076)  loss_bbox: 0.0362 (0.0362)  loss_giou: 0.4813 (0.4813)  loss_fgl: 1.2186 (1.2186)  loss_vfl_aux_0: 0.6048 (0.6048)  loss_bbox_aux_0: 0.0367 (0.0367)  loss_giou_aux_0: 0.5074 (0.5074)  loss_fgl_aux_0: 1.2293 (1.2293)  loss_ddf_aux_0: 0.0384 (0.0384)  loss_vfl_aux_1: 0.4149 (0.4149)  loss_bbox_aux_1: 0.0367 (0.0367)  loss_giou_aux_1: 0.4840 (0.4840)  loss_fgl_aux_1: 1.2181 (1.2181)  loss_ddf_aux_1: 0.0048 (0.0048)  loss_vfl_pre: 0.6038 (0.6038)  loss_bbox_pre: 0.0362 (0.0362)  loss_giou_pre: 0.5026 (0.5026)  loss_vfl_enc_0: 0.6608 (0.6608)  loss_bbox_enc_0: 0.0451 (0.0451)  loss_giou_enc_0: 0.5703 (0.5703)  loss_vfl_dn_0: 0.4561 (0.4561)  loss_bbox_dn_0: 0.0370 (0.0370)  loss_giou_dn_0: 0.4957 (0.4957)  loss_fgl_dn_0: 1.2435 (1.2435)  loss_ddf_dn_0: 0.1567 (0.1567)  loss_vfl_dn_1: 0.3963 (0.3963)  loss_bbox_dn_1: 0.0288 (0.0288)  loss_giou_dn_1: 0.3880 (0.3880)  loss_fgl_dn_1: 1.2024 (1.2024)  loss_ddf_dn_1: 0.0025 (0.0025)  loss_vfl_dn_2: 0.3934 (0.3934)  loss_bbox_dn_2: 0.0283 (0.0283)  loss_giou_dn_2: 0.3852 (0.3852)  loss_fgl_dn_2: 1.2007 (1.2007)  loss_ddf_dn_2: -0.0000 (0.0000)  loss_vfl_dn_pre: 0.4556 (0.4556)  loss_bbox_dn_pre: 0.0369 (0.0369)  loss_giou_dn_pre: 0.4949 (0.4949)  loss_size: 0.0032 (0.0032)  time: 0.4970  data: 0.2405  max mem: 5225
Epoch: [17/30]  [44/45]  eta: 0:00:00  lr: 0.000100  loss: 16.4504 (16.6175)  loss_vfl: 0.4155 (0.4175)  loss_bbox: 0.0401 (0.0410)  loss_giou: 0.4676 (0.4793)  loss_fgl: 1.2499 (1.2492)  loss_vfl_aux_0: 0.5786 (0.5762)  loss_bbox_aux_0: 0.0425 (0.0427)  loss_giou_aux_0: 0.4936 (0.5007)  loss_fgl_aux_0: 1.2474 (1.2547)  loss_ddf_aux_0: 0.0374 (0.0393)  loss_vfl_aux_1: 0.4334 (0.4308)  loss_bbox_aux_1: 0.0401 (0.0410)  loss_giou_aux_1: 0.4695 (0.4799)  loss_fgl_aux_1: 1.2506 (1.2494)  loss_ddf_aux_1: 0.0049 (0.0050)  loss_vfl_pre: 0.5736 (0.5726)  loss_bbox_pre: 0.0423 (0.0426)  loss_giou_pre: 0.4874 (0.4997)  loss_vfl_enc_0: 0.6365 (0.6335)  loss_bbox_enc_0: 0.0484 (0.0496)  loss_giou_enc_0: 0.5833 (0.5819)  loss_vfl_dn_0: 0.4656 (0.4678)  loss_bbox_dn_0: 0.0402 (0.0408)  loss_giou_dn_0: 0.4822 (0.4883)  loss_fgl_dn_0: 1.2437 (1.2540)  loss_ddf_dn_0: 0.1695 (0.1786)  loss_vfl_dn_1: 0.3950 (0.3979)  loss_bbox_dn_1: 0.0286 (0.0297)  loss_giou_dn_1: 0.3645 (0.3769)  loss_fgl_dn_1: 1.1983 (1.1978)  loss_ddf_dn_1: 0.0032 (0.0040)  loss_vfl_dn_2: 0.3921 (0.3955)  loss_bbox_dn_2: 0.0284 (0.0297)  loss_giou_dn_2: 0.3642 (0.3763)  loss_fgl_dn_2: 1.1983 (1.1977)  loss_ddf_dn_2: -0.0000 (0.0000)  loss_vfl_dn_pre: 0.4653 (0.4665)  loss_bbox_dn_pre: 0.0398 (0.0406)  loss_giou_dn_pre: 0.4782 (0.4866)  loss_size: 0.0022 (0.0023)  time: 0.2544  data: 0.0121  max mem: 5225
Epoch: [17/30] Total time: 0:00:11 (0.2618 s / it)
Averaged stats: lr: 0.000100  loss: 16.4504 (16.6175)  loss_vfl: 0.4155 (0.4175)  loss_bbox: 0.0401 (0.0410)  loss_giou: 0.4676 (0.4793)  loss_fgl: 1.2499 (1.2492)  loss_vfl_aux_0: 0.5786 (0.5762)  loss_bbox_aux_0: 0.0425 (0.0427)  loss_giou_aux_0: 0.4936 (0.5007)  loss_fgl_aux_0: 1.2474 (1.2547)  loss_ddf_aux_0: 0.0374 (0.0393)  loss_vfl_aux_1: 0.4334 (0.4308)  loss_bbox_aux_1: 0.0401 (0.0410)  loss_giou_aux_1: 0.4695 (0.4799)  loss_fgl_aux_1: 1.2506 (1.2494)  loss_ddf_aux_1: 0.0049 (0.0050)  loss_vfl_pre: 0.5736 (0.5726)  loss_bbox_pre: 0.0423 (0.0426)  loss_giou_pre: 0.4874 (0.4997)  loss_vfl_enc_0: 0.6365 (0.6335)  loss_bbox_enc_0: 0.0484 (0.0496)  loss_giou_enc_0: 0.5833 (0.5819)  loss_vfl_dn_0: 0.4656 (0.4678)  loss_bbox_dn_0: 0.0402 (0.0408)  loss_giou_dn_0: 0.4822 (0.4883)  loss_fgl_dn_0: 1.2437 (1.2540)  loss_ddf_dn_0: 0.1695 (0.1786)  loss_vfl_dn_1: 0.3950 (0.3979)  loss_bbox_dn_1: 0.0286 (0.0297)  loss_giou_dn_1: 0.3645 (0.3769)  loss_fgl_dn_1: 1.1983 (1.1978)  loss_ddf_dn_1: 0.0032 (0.0040)  loss_vfl_dn_2: 0.3921 (0.3955)  loss_bbox_dn_2: 0.0284 (0.0297)  loss_giou_dn_2: 0.3642 (0.3763)  loss_fgl_dn_2: 1.1983 (1.1977)  loss_ddf_dn_2: -0.0000 (0.0000)  loss_vfl_dn_pre: 0.4653 (0.4665)  loss_bbox_dn_pre: 0.0398 (0.0406)  loss_giou_dn_pre: 0.4782 (0.4866)  loss_size: 0.0022 (0.0023)
Test:  [0/8]  eta: 0:00:02    time: 0.3129  data: 0.2540  max mem: 5225
Test:  [7/8]  eta: 0:00:00    time: 0.1034  data: 0.0453  max mem: 5225
Test: Total time: 0:00:00 (0.1072 s / it)
Metrics: {'f1': 0.8544303797468354, 'precision': 0.7758620689655172, 'recall': 0.9507042253521126, 'iou': 0.5267203140653958, 'TPs': 135, 'FPs': 39, 'FNs': 7}
Averaged stats: 
Accumulating evaluation results...
COCOeval_opt.accumulate() finished...
DONE (t=0.01s).
IoU metric: bbox
 Average Precision  (AP) @[ IoU=0.50:0.95 | area=   all | maxDets=100 ] = 0.339
 Average Precision  (AP) @[ IoU=0.50      | area=   all | maxDets=100 ] = 0.881
 Average Precision  (AP) @[ IoU=0.75      | area=   all | maxDets=100 ] = 0.144
 Average Precision  (AP) @[ IoU=0.50:0.95 | area= small | maxDets=100 ] = 0.339
 Average Precision  (AP) @[ IoU=0.50:0.95 | area=medium | maxDets=100 ] = -1.000
 Average Precision  (AP) @[ IoU=0.50:0.95 | area= large | maxDets=100 ] = -1.000
 Average Recall     (AR) @[ IoU=0.50:0.95 | area=   all | maxDets=  1 ] = 0.192
 Average Recall     (AR) @[ IoU=0.50:0.95 | area=   all | maxDets= 10 ] = 0.491
 Average Recall     (AR) @[ IoU=0.50:0.95 | area=   all | maxDets=100 ] = 0.605
 Average Recall     (AR) @[ IoU=0.50:0.95 | area= small | maxDets=100 ] = 0.605
 Average Recall     (AR) @[ IoU=0.50:0.95 | area=medium | maxDets=100 ] = -1.000
 Average Recall     (AR) @[ IoU=0.50:0.95 | area= large | maxDets=100 ] = -1.000
 Average Recall     (AR) @[ IoU=0.50      | area=   all | maxDets=100 ] = 1.000
 Average Recall     (AR) @[ IoU=0.75      | area=   all | maxDets=100 ] = 0.634
best_stat: {'epoch': 10, 'coco_eval_bbox': 0.3443722658399833}
Epoch: [18/30]  [ 0/45]  eta: 0:00:23  lr: 0.000100  loss: 16.5001 (16.5001)  loss_vfl: 0.4051 (0.4051)  loss_bbox: 0.0314 (0.0314)  loss_giou: 0.4416 (0.4416)  loss_fgl: 1.2641 (1.2641)  loss_vfl_aux_0: 0.5808 (0.5808)  loss_bbox_aux_0: 0.0356 (0.0356)  loss_giou_aux_0: 0.4951 (0.4951)  loss_fgl_aux_0: 1.2743 (1.2743)  loss_ddf_aux_0: 0.0358 (0.0358)  loss_vfl_aux_1: 0.4168 (0.4168)  loss_bbox_aux_1: 0.0313 (0.0313)  loss_giou_aux_1: 0.4442 (0.4442)  loss_fgl_aux_1: 1.2647 (1.2647)  loss_ddf_aux_1: 0.0047 (0.0047)  loss_vfl_pre: 0.5813 (0.5813)  loss_bbox_pre: 0.0357 (0.0357)  loss_giou_pre: 0.4960 (0.4960)  loss_vfl_enc_0: 0.6134 (0.6134)  loss_bbox_enc_0: 0.0432 (0.0432)  loss_giou_enc_0: 0.5941 (0.5941)  loss_vfl_dn_0: 0.4602 (0.4602)  loss_bbox_dn_0: 0.0352 (0.0352)  loss_giou_dn_0: 0.4956 (0.4956)  loss_fgl_dn_0: 1.2737 (1.2737)  loss_ddf_dn_0: 0.1519 (0.1519)  loss_vfl_dn_1: 0.3930 (0.3930)  loss_bbox_dn_1: 0.0248 (0.0248)  loss_giou_dn_1: 0.3811 (0.3811)  loss_fgl_dn_1: 1.2070 (1.2070)  loss_ddf_dn_1: 0.0025 (0.0025)  loss_vfl_dn_2: 0.3898 (0.3898)  loss_bbox_dn_2: 0.0247 (0.0247)  loss_giou_dn_2: 0.3782 (0.3782)  loss_fgl_dn_2: 1.2064 (1.2064)  loss_ddf_dn_2: -0.0000 (0.0000)  loss_vfl_dn_pre: 0.4598 (0.4598)  loss_bbox_dn_pre: 0.0347 (0.0347)  loss_giou_dn_pre: 0.4907 (0.4907)  loss_size: 0.0017 (0.0017)  time: 0.5225  data: 0.2641  max mem: 5225
Epoch: [18/30]  [44/45]  eta: 0:00:00  lr: 0.000100  loss: 16.3902 (16.4622)  loss_vfl: 0.4086 (0.4123)  loss_bbox: 0.0392 (0.0393)  loss_giou: 0.4785 (0.4644)  loss_fgl: 1.2489 (1.2511)  loss_vfl_aux_0: 0.5597 (0.5779)  loss_bbox_aux_0: 0.0408 (0.0413)  loss_giou_aux_0: 0.4910 (0.4852)  loss_fgl_aux_0: 1.2549 (1.2570)  loss_ddf_aux_0: 0.0354 (0.0375)  loss_vfl_aux_1: 0.4228 (0.4267)  loss_bbox_aux_1: 0.0396 (0.0394)  loss_giou_aux_1: 0.4704 (0.4649)  loss_fgl_aux_1: 1.2494 (1.2513)  loss_ddf_aux_1: 0.0046 (0.0046)  loss_vfl_pre: 0.5550 (0.5747)  loss_bbox_pre: 0.0410 (0.0413)  loss_giou_pre: 0.4912 (0.4847)  loss_vfl_enc_0: 0.6128 (0.6150)  loss_bbox_enc_0: 0.0497 (0.0479)  loss_giou_enc_0: 0.5695 (0.5712)  loss_vfl_dn_0: 0.4636 (0.4628)  loss_bbox_dn_0: 0.0408 (0.0397)  loss_giou_dn_0: 0.4908 (0.4797)  loss_fgl_dn_0: 1.2469 (1.2559)  loss_ddf_dn_0: 0.1595 (0.1617)  loss_vfl_dn_1: 0.3959 (0.3941)  loss_bbox_dn_1: 0.0299 (0.0295)  loss_giou_dn_1: 0.3727 (0.3724)  loss_fgl_dn_1: 1.1915 (1.2006)  loss_ddf_dn_1: 0.0032 (0.0031)  loss_vfl_dn_2: 0.3929 (0.3917)  loss_bbox_dn_2: 0.0297 (0.0295)  loss_giou_dn_2: 0.3696 (0.3715)  loss_fgl_dn_2: 1.1912 (1.2003)  loss_ddf_dn_2: -0.0000 (0.0000)  loss_vfl_dn_pre: 0.4626 (0.4618)  loss_bbox_dn_pre: 0.0407 (0.0396)  loss_giou_dn_pre: 0.4890 (0.4787)  loss_size: 0.0021 (0.0022)  time: 0.2573  data: 0.0121  max mem: 5225
Epoch: [18/30] Total time: 0:00:11 (0.2649 s / it)
Averaged stats: lr: 0.000100  loss: 16.3902 (16.4622)  loss_vfl: 0.4086 (0.4123)  loss_bbox: 0.0392 (0.0393)  loss_giou: 0.4785 (0.4644)  loss_fgl: 1.2489 (1.2511)  loss_vfl_aux_0: 0.5597 (0.5779)  loss_bbox_aux_0: 0.0408 (0.0413)  loss_giou_aux_0: 0.4910 (0.4852)  loss_fgl_aux_0: 1.2549 (1.2570)  loss_ddf_aux_0: 0.0354 (0.0375)  loss_vfl_aux_1: 0.4228 (0.4267)  loss_bbox_aux_1: 0.0396 (0.0394)  loss_giou_aux_1: 0.4704 (0.4649)  loss_fgl_aux_1: 1.2494 (1.2513)  loss_ddf_aux_1: 0.0046 (0.0046)  loss_vfl_pre: 0.5550 (0.5747)  loss_bbox_pre: 0.0410 (0.0413)  loss_giou_pre: 0.4912 (0.4847)  loss_vfl_enc_0: 0.6128 (0.6150)  loss_bbox_enc_0: 0.0497 (0.0479)  loss_giou_enc_0: 0.5695 (0.5712)  loss_vfl_dn_0: 0.4636 (0.4628)  loss_bbox_dn_0: 0.0408 (0.0397)  loss_giou_dn_0: 0.4908 (0.4797)  loss_fgl_dn_0: 1.2469 (1.2559)  loss_ddf_dn_0: 0.1595 (0.1617)  loss_vfl_dn_1: 0.3959 (0.3941)  loss_bbox_dn_1: 0.0299 (0.0295)  loss_giou_dn_1: 0.3727 (0.3724)  loss_fgl_dn_1: 1.1915 (1.2006)  loss_ddf_dn_1: 0.0032 (0.0031)  loss_vfl_dn_2: 0.3929 (0.3917)  loss_bbox_dn_2: 0.0297 (0.0295)  loss_giou_dn_2: 0.3696 (0.3715)  loss_fgl_dn_2: 1.1912 (1.2003)  loss_ddf_dn_2: -0.0000 (0.0000)  loss_vfl_dn_pre: 0.4626 (0.4618)  loss_bbox_dn_pre: 0.0407 (0.0396)  loss_giou_dn_pre: 0.4890 (0.4787)  loss_size: 0.0021 (0.0022)
Test:  [0/8]  eta: 0:00:02    time: 0.3059  data: 0.2464  max mem: 5225
Test:  [7/8]  eta: 0:00:00    time: 0.1265  data: 0.0432  max mem: 5225
Test: Total time: 0:00:01 (0.1305 s / it)
Metrics: {'f1': 0.8598726114649681, 'precision': 0.7848837209302325, 'recall': 0.9507042253521126, 'iou': 0.530959913184523, 'TPs': 135, 'FPs': 37, 'FNs': 7}
Averaged stats: 
Accumulating evaluation results...
COCOeval_opt.accumulate() finished...
DONE (t=0.01s).
IoU metric: bbox
 Average Precision  (AP) @[ IoU=0.50:0.95 | area=   all | maxDets=100 ] = 0.333
 Average Precision  (AP) @[ IoU=0.50      | area=   all | maxDets=100 ] = 0.884
 Average Precision  (AP) @[ IoU=0.75      | area=   all | maxDets=100 ] = 0.121
 Average Precision  (AP) @[ IoU=0.50:0.95 | area= small | maxDets=100 ] = 0.333
 Average Precision  (AP) @[ IoU=0.50:0.95 | area=medium | maxDets=100 ] = -1.000
 Average Precision  (AP) @[ IoU=0.50:0.95 | area= large | maxDets=100 ] = -1.000
 Average Recall     (AR) @[ IoU=0.50:0.95 | area=   all | maxDets=  1 ] = 0.193
 Average Recall     (AR) @[ IoU=0.50:0.95 | area=   all | maxDets= 10 ] = 0.475
 Average Recall     (AR) @[ IoU=0.50:0.95 | area=   all | maxDets=100 ] = 0.606
 Average Recall     (AR) @[ IoU=0.50:0.95 | area= small | maxDets=100 ] = 0.606
 Average Recall     (AR) @[ IoU=0.50:0.95 | area=medium | maxDets=100 ] = -1.000
 Average Recall     (AR) @[ IoU=0.50:0.95 | area= large | maxDets=100 ] = -1.000
 Average Recall     (AR) @[ IoU=0.50      | area=   all | maxDets=100 ] = 0.986
 Average Recall     (AR) @[ IoU=0.75      | area=   all | maxDets=100 ] = 0.655
best_stat: {'epoch': 10, 'coco_eval_bbox': 0.3443722658399833}
Epoch: [19/30]  [ 0/45]  eta: 0:00:22  lr: 0.000100  loss: 16.2048 (16.2048)  loss_vfl: 0.4338 (0.4338)  loss_bbox: 0.0470 (0.0470)  loss_giou: 0.4752 (0.4752)  loss_fgl: 1.2352 (1.2352)  loss_vfl_aux_0: 0.5247 (0.5247)  loss_bbox_aux_0: 0.0481 (0.0481)  loss_giou_aux_0: 0.4865 (0.4865)  loss_fgl_aux_0: 1.2385 (1.2385)  loss_ddf_aux_0: 0.0343 (0.0343)  loss_vfl_aux_1: 0.4427 (0.4427)  loss_bbox_aux_1: 0.0476 (0.0476)  loss_giou_aux_1: 0.4796 (0.4796)  loss_fgl_aux_1: 1.2366 (1.2366)  loss_ddf_aux_1: 0.0053 (0.0053)  loss_vfl_pre: 0.5211 (0.5211)  loss_bbox_pre: 0.0482 (0.0482)  loss_giou_pre: 0.4859 (0.4859)  loss_vfl_enc_0: 0.5922 (0.5922)  loss_bbox_enc_0: 0.0515 (0.0515)  loss_giou_enc_0: 0.5634 (0.5634)  loss_vfl_dn_0: 0.4563 (0.4563)  loss_bbox_dn_0: 0.0418 (0.0418)  loss_giou_dn_0: 0.4584 (0.4584)  loss_fgl_dn_0: 1.2336 (1.2336)  loss_ddf_dn_0: 0.1565 (0.1565)  loss_vfl_dn_1: 0.3886 (0.3886)  loss_bbox_dn_1: 0.0301 (0.0301)  loss_giou_dn_1: 0.3586 (0.3586)  loss_fgl_dn_1: 1.1737 (1.1737)  loss_ddf_dn_1: 0.0045 (0.0045)  loss_vfl_dn_2: 0.3872 (0.3872)  loss_bbox_dn_2: 0.0300 (0.0300)  loss_giou_dn_2: 0.3569 (0.3569)  loss_fgl_dn_2: 1.1728 (1.1728)  loss_ddf_dn_2: -0.0000 (0.0000)  loss_vfl_dn_pre: 0.4564 (0.4564)  loss_bbox_dn_pre: 0.0418 (0.0418)  loss_giou_dn_pre: 0.4576 (0.4576)  loss_size: 0.0025 (0.0025)  time: 0.4922  data: 0.2305  max mem: 5225
Epoch: [19/30]  [44/45]  eta: 0:00:00  lr: 0.000100  loss: 16.0312 (15.9912)  loss_vfl: 0.4000 (0.4028)  loss_bbox: 0.0385 (0.0372)  loss_giou: 0.4418 (0.4338)  loss_fgl: 1.2466 (1.2468)  loss_vfl_aux_0: 0.5464 (0.5416)  loss_bbox_aux_0: 0.0404 (0.0388)  loss_giou_aux_0: 0.4546 (0.4531)  loss_fgl_aux_0: 1.2539 (1.2543)  loss_ddf_aux_0: 0.0306 (0.0351)  loss_vfl_aux_1: 0.4133 (0.4155)  loss_bbox_aux_1: 0.0381 (0.0372)  loss_giou_aux_1: 0.4410 (0.4341)  loss_fgl_aux_1: 1.2479 (1.2471)  loss_ddf_aux_1: 0.0039 (0.0044)  loss_vfl_pre: 0.5478 (0.5390)  loss_bbox_pre: 0.0405 (0.0388)  loss_giou_pre: 0.4559 (0.4529)  loss_vfl_enc_0: 0.5765 (0.5942)  loss_bbox_enc_0: 0.0451 (0.0457)  loss_giou_enc_0: 0.5481 (0.5365)  loss_vfl_dn_0: 0.4534 (0.4549)  loss_bbox_dn_0: 0.0370 (0.0375)  loss_giou_dn_0: 0.4456 (0.4495)  loss_fgl_dn_0: 1.2520 (1.2507)  loss_ddf_dn_0: 0.1644 (0.1606)  loss_vfl_dn_1: 0.3863 (0.3850)  loss_bbox_dn_1: 0.0286 (0.0278)  loss_giou_dn_1: 0.3590 (0.3511)  loss_fgl_dn_1: 1.1985 (1.1896)  loss_ddf_dn_1: 0.0037 (0.0035)  loss_vfl_dn_2: 0.3841 (0.3833)  loss_bbox_dn_2: 0.0287 (0.0278)  loss_giou_dn_2: 0.3588 (0.3504)  loss_fgl_dn_2: 1.1975 (1.1895)  loss_ddf_dn_2: -0.0000 (0.0000)  loss_vfl_dn_pre: 0.4526 (0.4537)  loss_bbox_dn_pre: 0.0371 (0.0373)  loss_giou_dn_pre: 0.4455 (0.4481)  loss_size: 0.0018 (0.0019)  time: 0.2565  data: 0.0122  max mem: 5225
Epoch: [19/30] Total time: 0:00:11 (0.2652 s / it)
Averaged stats: lr: 0.000100  loss: 16.0312 (15.9912)  loss_vfl: 0.4000 (0.4028)  loss_bbox: 0.0385 (0.0372)  loss_giou: 0.4418 (0.4338)  loss_fgl: 1.2466 (1.2468)  loss_vfl_aux_0: 0.5464 (0.5416)  loss_bbox_aux_0: 0.0404 (0.0388)  loss_giou_aux_0: 0.4546 (0.4531)  loss_fgl_aux_0: 1.2539 (1.2543)  loss_ddf_aux_0: 0.0306 (0.0351)  loss_vfl_aux_1: 0.4133 (0.4155)  loss_bbox_aux_1: 0.0381 (0.0372)  loss_giou_aux_1: 0.4410 (0.4341)  loss_fgl_aux_1: 1.2479 (1.2471)  loss_ddf_aux_1: 0.0039 (0.0044)  loss_vfl_pre: 0.5478 (0.5390)  loss_bbox_pre: 0.0405 (0.0388)  loss_giou_pre: 0.4559 (0.4529)  loss_vfl_enc_0: 0.5765 (0.5942)  loss_bbox_enc_0: 0.0451 (0.0457)  loss_giou_enc_0: 0.5481 (0.5365)  loss_vfl_dn_0: 0.4534 (0.4549)  loss_bbox_dn_0: 0.0370 (0.0375)  loss_giou_dn_0: 0.4456 (0.4495)  loss_fgl_dn_0: 1.2520 (1.2507)  loss_ddf_dn_0: 0.1644 (0.1606)  loss_vfl_dn_1: 0.3863 (0.3850)  loss_bbox_dn_1: 0.0286 (0.0278)  loss_giou_dn_1: 0.3590 (0.3511)  loss_fgl_dn_1: 1.1985 (1.1896)  loss_ddf_dn_1: 0.0037 (0.0035)  loss_vfl_dn_2: 0.3841 (0.3833)  loss_bbox_dn_2: 0.0287 (0.0278)  loss_giou_dn_2: 0.3588 (0.3504)  loss_fgl_dn_2: 1.1975 (1.1895)  loss_ddf_dn_2: -0.0000 (0.0000)  loss_vfl_dn_pre: 0.4526 (0.4537)  loss_bbox_dn_pre: 0.0371 (0.0373)  loss_giou_dn_pre: 0.4455 (0.4481)  loss_size: 0.0018 (0.0019)
Test:  [0/8]  eta: 0:00:02    time: 0.3158  data: 0.2421  max mem: 5225
Test:  [7/8]  eta: 0:00:00    time: 0.1050  data: 0.0436  max mem: 5225
Test: Total time: 0:00:00 (0.1092 s / it)
Metrics: {'f1': 0.8562300319488818, 'precision': 0.783625730994152, 'recall': 0.9436619718309859, 'iou': 0.5277104167964871, 'TPs': 134, 'FPs': 37, 'FNs': 8}
Averaged stats: 
Accumulating evaluation results...
COCOeval_opt.accumulate() finished...
DONE (t=0.01s).
IoU metric: bbox
 Average Precision  (AP) @[ IoU=0.50:0.95 | area=   all | maxDets=100 ] = 0.332
 Average Precision  (AP) @[ IoU=0.50      | area=   all | maxDets=100 ] = 0.894
 Average Precision  (AP) @[ IoU=0.75      | area=   all | maxDets=100 ] = 0.115
 Average Precision  (AP) @[ IoU=0.50:0.95 | area= small | maxDets=100 ] = 0.332
 Average Precision  (AP) @[ IoU=0.50:0.95 | area=medium | maxDets=100 ] = -1.000
 Average Precision  (AP) @[ IoU=0.50:0.95 | area= large | maxDets=100 ] = -1.000
 Average Recall     (AR) @[ IoU=0.50:0.95 | area=   all | maxDets=  1 ] = 0.193
 Average Recall     (AR) @[ IoU=0.50:0.95 | area=   all | maxDets= 10 ] = 0.485
 Average Recall     (AR) @[ IoU=0.50:0.95 | area=   all | maxDets=100 ] = 0.596
 Average Recall     (AR) @[ IoU=0.50:0.95 | area= small | maxDets=100 ] = 0.596
 Average Recall     (AR) @[ IoU=0.50:0.95 | area=medium | maxDets=100 ] = -1.000
 Average Recall     (AR) @[ IoU=0.50:0.95 | area= large | maxDets=100 ] = -1.000
 Average Recall     (AR) @[ IoU=0.50      | area=   all | maxDets=100 ] = 0.993
 Average Recall     (AR) @[ IoU=0.75      | area=   all | maxDets=100 ] = 0.620
best_stat: {'epoch': 10, 'coco_eval_bbox': 0.3443722658399833}
Epoch: [20/30]  [ 0/45]  eta: 0:00:22  lr: 0.000100  loss: 16.3786 (16.3786)  loss_vfl: 0.4378 (0.4378)  loss_bbox: 0.0387 (0.0387)  loss_giou: 0.4595 (0.4595)  loss_fgl: 1.2793 (1.2793)  loss_vfl_aux_0: 0.6389 (0.6389)  loss_bbox_aux_0: 0.0402 (0.0402)  loss_giou_aux_0: 0.4754 (0.4754)  loss_fgl_aux_0: 1.2814 (1.2814)  loss_ddf_aux_0: 0.0258 (0.0258)  loss_vfl_aux_1: 0.4163 (0.4163)  loss_bbox_aux_1: 0.0387 (0.0387)  loss_giou_aux_1: 0.4584 (0.4584)  loss_fgl_aux_1: 1.2799 (1.2799)  loss_ddf_aux_1: 0.0028 (0.0028)  loss_vfl_pre: 0.6255 (0.6255)  loss_bbox_pre: 0.0401 (0.0401)  loss_giou_pre: 0.4727 (0.4727)  loss_vfl_enc_0: 0.6023 (0.6023)  loss_bbox_enc_0: 0.0466 (0.0466)  loss_giou_enc_0: 0.5244 (0.5244)  loss_vfl_dn_0: 0.4399 (0.4399)  loss_bbox_dn_0: 0.0387 (0.0387)  loss_giou_dn_0: 0.4551 (0.4551)  loss_fgl_dn_0: 1.2783 (1.2783)  loss_ddf_dn_0: 0.0884 (0.0884)  loss_vfl_dn_1: 0.3770 (0.3770)  loss_bbox_dn_1: 0.0290 (0.0290)  loss_giou_dn_1: 0.3501 (0.3501)  loss_fgl_dn_1: 1.2251 (1.2251)  loss_ddf_dn_1: 0.0017 (0.0017)  loss_vfl_dn_2: 0.3770 (0.3770)  loss_bbox_dn_2: 0.0289 (0.0289)  loss_giou_dn_2: 0.3476 (0.3476)  loss_fgl_dn_2: 1.2234 (1.2234)  loss_ddf_dn_2: -0.0000 (0.0000)  loss_vfl_dn_pre: 0.4386 (0.4386)  loss_bbox_dn_pre: 0.0385 (0.0385)  loss_giou_dn_pre: 0.4551 (0.4551)  loss_size: 0.0014 (0.0014)  time: 0.5081  data: 0.2516  max mem: 5225
Epoch: [20/30]  [44/45]  eta: 0:00:00  lr: 0.000100  loss: 15.7400 (15.8379)  loss_vfl: 0.3993 (0.4051)  loss_bbox: 0.0365 (0.0363)  loss_giou: 0.4283 (0.4261)  loss_fgl: 1.2503 (1.2443)  loss_vfl_aux_0: 0.5074 (0.5288)  loss_bbox_aux_0: 0.0369 (0.0380)  loss_giou_aux_0: 0.4479 (0.4454)  loss_fgl_aux_0: 1.2551 (1.2525)  loss_ddf_aux_0: 0.0342 (0.0322)  loss_vfl_aux_1: 0.4058 (0.4164)  loss_bbox_aux_1: 0.0358 (0.0364)  loss_giou_aux_1: 0.4267 (0.4266)  loss_fgl_aux_1: 1.2505 (1.2452)  loss_ddf_aux_1: 0.0047 (0.0046)  loss_vfl_pre: 0.5065 (0.5259)  loss_bbox_pre: 0.0369 (0.0380)  loss_giou_pre: 0.4462 (0.4449)  loss_vfl_enc_0: 0.5776 (0.5835)  loss_bbox_enc_0: 0.0452 (0.0446)  loss_giou_enc_0: 0.5107 (0.5207)  loss_vfl_dn_0: 0.4508 (0.4545)  loss_bbox_dn_0: 0.0359 (0.0364)  loss_giou_dn_0: 0.4323 (0.4403)  loss_fgl_dn_0: 1.2399 (1.2477)  loss_ddf_dn_0: 0.1637 (0.1553)  loss_vfl_dn_1: 0.3792 (0.3825)  loss_bbox_dn_1: 0.0265 (0.0272)  loss_giou_dn_1: 0.3389 (0.3436)  loss_fgl_dn_1: 1.1750 (1.1853)  loss_ddf_dn_1: 0.0047 (0.0041)  loss_vfl_dn_2: 0.3761 (0.3803)  loss_bbox_dn_2: 0.0267 (0.0271)  loss_giou_dn_2: 0.3380 (0.3427)  loss_fgl_dn_2: 1.1767 (1.1850)  loss_ddf_dn_2: -0.0000 (0.0000)  loss_vfl_dn_pre: 0.4494 (0.4534)  loss_bbox_dn_pre: 0.0355 (0.0363)  loss_giou_dn_pre: 0.4315 (0.4389)  loss_size: 0.0016 (0.0019)  time: 0.2541  data: 0.0119  max mem: 5225
Epoch: [20/30] Total time: 0:00:11 (0.2635 s / it)
Averaged stats: lr: 0.000100  loss: 15.7400 (15.8379)  loss_vfl: 0.3993 (0.4051)  loss_bbox: 0.0365 (0.0363)  loss_giou: 0.4283 (0.4261)  loss_fgl: 1.2503 (1.2443)  loss_vfl_aux_0: 0.5074 (0.5288)  loss_bbox_aux_0: 0.0369 (0.0380)  loss_giou_aux_0: 0.4479 (0.4454)  loss_fgl_aux_0: 1.2551 (1.2525)  loss_ddf_aux_0: 0.0342 (0.0322)  loss_vfl_aux_1: 0.4058 (0.4164)  loss_bbox_aux_1: 0.0358 (0.0364)  loss_giou_aux_1: 0.4267 (0.4266)  loss_fgl_aux_1: 1.2505 (1.2452)  loss_ddf_aux_1: 0.0047 (0.0046)  loss_vfl_pre: 0.5065 (0.5259)  loss_bbox_pre: 0.0369 (0.0380)  loss_giou_pre: 0.4462 (0.4449)  loss_vfl_enc_0: 0.5776 (0.5835)  loss_bbox_enc_0: 0.0452 (0.0446)  loss_giou_enc_0: 0.5107 (0.5207)  loss_vfl_dn_0: 0.4508 (0.4545)  loss_bbox_dn_0: 0.0359 (0.0364)  loss_giou_dn_0: 0.4323 (0.4403)  loss_fgl_dn_0: 1.2399 (1.2477)  loss_ddf_dn_0: 0.1637 (0.1553)  loss_vfl_dn_1: 0.3792 (0.3825)  loss_bbox_dn_1: 0.0265 (0.0272)  loss_giou_dn_1: 0.3389 (0.3436)  loss_fgl_dn_1: 1.1750 (1.1853)  loss_ddf_dn_1: 0.0047 (0.0041)  loss_vfl_dn_2: 0.3761 (0.3803)  loss_bbox_dn_2: 0.0267 (0.0271)  loss_giou_dn_2: 0.3380 (0.3427)  loss_fgl_dn_2: 1.1767 (1.1850)  loss_ddf_dn_2: -0.0000 (0.0000)  loss_vfl_dn_pre: 0.4494 (0.4534)  loss_bbox_dn_pre: 0.0355 (0.0363)  loss_giou_dn_pre: 0.4315 (0.4389)  loss_size: 0.0016 (0.0019)
Test:  [0/8]  eta: 0:00:03    time: 0.4731  data: 0.2296  max mem: 5225
Test:  [7/8]  eta: 0:00:00    time: 0.1211  data: 0.0403  max mem: 5225
Test: Total time: 0:00:01 (0.1251 s / it)
Metrics: {'f1': 0.8664495114006514, 'precision': 0.806060606060606, 'recall': 0.9366197183098591, 'iou': 0.5388907163307585, 'TPs': 133, 'FPs': 32, 'FNs': 9}
Averaged stats: 
Accumulating evaluation results...
COCOeval_opt.accumulate() finished...
DONE (t=0.01s).
IoU metric: bbox
 Average Precision  (AP) @[ IoU=0.50:0.95 | area=   all | maxDets=100 ] = 0.332
 Average Precision  (AP) @[ IoU=0.50      | area=   all | maxDets=100 ] = 0.891
 Average Precision  (AP) @[ IoU=0.75      | area=   all | maxDets=100 ] = 0.121
 Average Precision  (AP) @[ IoU=0.50:0.95 | area= small | maxDets=100 ] = 0.332
 Average Precision  (AP) @[ IoU=0.50:0.95 | area=medium | maxDets=100 ] = -1.000
 Average Precision  (AP) @[ IoU=0.50:0.95 | area= large | maxDets=100 ] = -1.000
 Average Recall     (AR) @[ IoU=0.50:0.95 | area=   all | maxDets=  1 ] = 0.192
 Average Recall     (AR) @[ IoU=0.50:0.95 | area=   all | maxDets= 10 ] = 0.487
 Average Recall     (AR) @[ IoU=0.50:0.95 | area=   all | maxDets=100 ] = 0.600
 Average Recall     (AR) @[ IoU=0.50:0.95 | area= small | maxDets=100 ] = 0.600
 Average Recall     (AR) @[ IoU=0.50:0.95 | area=medium | maxDets=100 ] = -1.000
 Average Recall     (AR) @[ IoU=0.50:0.95 | area= large | maxDets=100 ] = -1.000
 Average Recall     (AR) @[ IoU=0.50      | area=   all | maxDets=100 ] = 0.993
 Average Recall     (AR) @[ IoU=0.75      | area=   all | maxDets=100 ] = 0.662
best_stat: {'epoch': 10, 'coco_eval_bbox': 0.3443722658399833}
Epoch: [21/30]  [ 0/45]  eta: 0:00:21  lr: 0.000100  loss: 14.7093 (14.7093)  loss_vfl: 0.3628 (0.3628)  loss_bbox: 0.0261 (0.0261)  loss_giou: 0.3285 (0.3285)  loss_fgl: 1.2355 (1.2355)  loss_vfl_aux_0: 0.4821 (0.4821)  loss_bbox_aux_0: 0.0271 (0.0271)  loss_giou_aux_0: 0.3508 (0.3508)  loss_fgl_aux_0: 1.2473 (1.2473)  loss_ddf_aux_0: 0.0375 (0.0375)  loss_vfl_aux_1: 0.3734 (0.3734)  loss_bbox_aux_1: 0.0259 (0.0259)  loss_giou_aux_1: 0.3294 (0.3294)  loss_fgl_aux_1: 1.2366 (1.2366)  loss_ddf_aux_1: 0.0045 (0.0045)  loss_vfl_pre: 0.4861 (0.4861)  loss_bbox_pre: 0.0273 (0.0273)  loss_giou_pre: 0.3541 (0.3541)  loss_vfl_enc_0: 0.5793 (0.5793)  loss_bbox_enc_0: 0.0321 (0.0321)  loss_giou_enc_0: 0.4400 (0.4400)  loss_vfl_dn_0: 0.4305 (0.4305)  loss_bbox_dn_0: 0.0283 (0.0283)  loss_giou_dn_0: 0.3779 (0.3779)  loss_fgl_dn_0: 1.2278 (1.2278)  loss_ddf_dn_0: 0.1351 (0.1351)  loss_vfl_dn_1: 0.3626 (0.3626)  loss_bbox_dn_1: 0.0220 (0.0220)  loss_giou_dn_1: 0.3028 (0.3028)  loss_fgl_dn_1: 1.1611 (1.1611)  loss_ddf_dn_1: 0.0036 (0.0036)  loss_vfl_dn_2: 0.3556 (0.3556)  loss_bbox_dn_2: 0.0218 (0.0218)  loss_giou_dn_2: 0.2984 (0.2984)  loss_fgl_dn_2: 1.1589 (1.1589)  loss_ddf_dn_2: -0.0000 (0.0000)  loss_vfl_dn_pre: 0.4307 (0.4307)  loss_bbox_dn_pre: 0.0282 (0.0282)  loss_giou_dn_pre: 0.3763 (0.3763)  loss_size: 0.0013 (0.0013)  time: 0.4889  data: 0.2318  max mem: 5225
Epoch: [21/30]  [44/45]  eta: 0:00:00  lr: 0.000100  loss: 15.4536 (15.5430)  loss_vfl: 0.3904 (0.3927)  loss_bbox: 0.0348 (0.0342)  loss_giou: 0.4004 (0.4053)  loss_fgl: 1.2273 (1.2339)  loss_vfl_aux_0: 0.4956 (0.5177)  loss_bbox_aux_0: 0.0373 (0.0358)  loss_giou_aux_0: 0.4226 (0.4228)  loss_fgl_aux_0: 1.2405 (1.2453)  loss_ddf_aux_0: 0.0306 (0.0327)  loss_vfl_aux_1: 0.4000 (0.4001)  loss_bbox_aux_1: 0.0347 (0.0342)  loss_giou_aux_1: 0.4011 (0.4057)  loss_fgl_aux_1: 1.2234 (1.2342)  loss_ddf_aux_1: 0.0045 (0.0047)  loss_vfl_pre: 0.4961 (0.5155)  loss_bbox_pre: 0.0375 (0.0358)  loss_giou_pre: 0.4254 (0.4228)  loss_vfl_enc_0: 0.5707 (0.5832)  loss_bbox_enc_0: 0.0448 (0.0435)  loss_giou_enc_0: 0.5183 (0.5101)  loss_vfl_dn_0: 0.4492 (0.4517)  loss_bbox_dn_0: 0.0355 (0.0346)  loss_giou_dn_0: 0.4194 (0.4197)  loss_fgl_dn_0: 1.2476 (1.2446)  loss_ddf_dn_0: 0.1592 (0.1591)  loss_vfl_dn_1: 0.3707 (0.3756)  loss_bbox_dn_1: 0.0263 (0.0259)  loss_giou_dn_1: 0.3246 (0.3298)  loss_fgl_dn_1: 1.1746 (1.1760)  loss_ddf_dn_1: 0.0048 (0.0047)  loss_vfl_dn_2: 0.3707 (0.3738)  loss_bbox_dn_2: 0.0263 (0.0259)  loss_giou_dn_2: 0.3257 (0.3293)  loss_fgl_dn_2: 1.1738 (1.1760)  loss_ddf_dn_2: -0.0000 (0.0000)  loss_vfl_dn_pre: 0.4488 (0.4506)  loss_bbox_dn_pre: 0.0353 (0.0345)  loss_giou_dn_pre: 0.4177 (0.4192)  loss_size: 0.0016 (0.0016)  time: 0.2531  data: 0.0119  max mem: 5225
Epoch: [21/30] Total time: 0:00:11 (0.2596 s / it)
Averaged stats: lr: 0.000100  loss: 15.4536 (15.5430)  loss_vfl: 0.3904 (0.3927)  loss_bbox: 0.0348 (0.0342)  loss_giou: 0.4004 (0.4053)  loss_fgl: 1.2273 (1.2339)  loss_vfl_aux_0: 0.4956 (0.5177)  loss_bbox_aux_0: 0.0373 (0.0358)  loss_giou_aux_0: 0.4226 (0.4228)  loss_fgl_aux_0: 1.2405 (1.2453)  loss_ddf_aux_0: 0.0306 (0.0327)  loss_vfl_aux_1: 0.4000 (0.4001)  loss_bbox_aux_1: 0.0347 (0.0342)  loss_giou_aux_1: 0.4011 (0.4057)  loss_fgl_aux_1: 1.2234 (1.2342)  loss_ddf_aux_1: 0.0045 (0.0047)  loss_vfl_pre: 0.4961 (0.5155)  loss_bbox_pre: 0.0375 (0.0358)  loss_giou_pre: 0.4254 (0.4228)  loss_vfl_enc_0: 0.5707 (0.5832)  loss_bbox_enc_0: 0.0448 (0.0435)  loss_giou_enc_0: 0.5183 (0.5101)  loss_vfl_dn_0: 0.4492 (0.4517)  loss_bbox_dn_0: 0.0355 (0.0346)  loss_giou_dn_0: 0.4194 (0.4197)  loss_fgl_dn_0: 1.2476 (1.2446)  loss_ddf_dn_0: 0.1592 (0.1591)  loss_vfl_dn_1: 0.3707 (0.3756)  loss_bbox_dn_1: 0.0263 (0.0259)  loss_giou_dn_1: 0.3246 (0.3298)  loss_fgl_dn_1: 1.1746 (1.1760)  loss_ddf_dn_1: 0.0048 (0.0047)  loss_vfl_dn_2: 0.3707 (0.3738)  loss_bbox_dn_2: 0.0263 (0.0259)  loss_giou_dn_2: 0.3257 (0.3293)  loss_fgl_dn_2: 1.1738 (1.1760)  loss_ddf_dn_2: -0.0000 (0.0000)  loss_vfl_dn_pre: 0.4488 (0.4506)  loss_bbox_dn_pre: 0.0353 (0.0345)  loss_giou_dn_pre: 0.4177 (0.4192)  loss_size: 0.0016 (0.0016)
Test:  [0/8]  eta: 0:00:02    time: 0.3253  data: 0.2672  max mem: 5225
Test:  [7/8]  eta: 0:00:00    time: 0.1040  data: 0.0451  max mem: 5225
Test: Total time: 0:00:00 (0.1084 s / it)
Metrics: {'f1': 0.8589743589743589, 'precision': 0.788235294117647, 'recall': 0.9436619718309859, 'iou': 0.5296806616059849, 'TPs': 134, 'FPs': 36, 'FNs': 8}
Averaged stats: 
Accumulating evaluation results...
COCOeval_opt.accumulate() finished...
DONE (t=0.01s).
IoU metric: bbox
 Average Precision  (AP) @[ IoU=0.50:0.95 | area=   all | maxDets=100 ] = 0.335
 Average Precision  (AP) @[ IoU=0.50      | area=   all | maxDets=100 ] = 0.886
 Average Precision  (AP) @[ IoU=0.75      | area=   all | maxDets=100 ] = 0.124
 Average Precision  (AP) @[ IoU=0.50:0.95 | area= small | maxDets=100 ] = 0.335
 Average Precision  (AP) @[ IoU=0.50:0.95 | area=medium | maxDets=100 ] = -1.000
 Average Precision  (AP) @[ IoU=0.50:0.95 | area= large | maxDets=100 ] = -1.000
 Average Recall     (AR) @[ IoU=0.50:0.95 | area=   all | maxDets=  1 ] = 0.193
 Average Recall     (AR) @[ IoU=0.50:0.95 | area=   all | maxDets= 10 ] = 0.487
 Average Recall     (AR) @[ IoU=0.50:0.95 | area=   all | maxDets=100 ] = 0.592
 Average Recall     (AR) @[ IoU=0.50:0.95 | area= small | maxDets=100 ] = 0.592
 Average Recall     (AR) @[ IoU=0.50:0.95 | area=medium | maxDets=100 ] = -1.000
 Average Recall     (AR) @[ IoU=0.50:0.95 | area= large | maxDets=100 ] = -1.000
 Average Recall     (AR) @[ IoU=0.50      | area=   all | maxDets=100 ] = 1.000
 Average Recall     (AR) @[ IoU=0.75      | area=   all | maxDets=100 ] = 0.620
best_stat: {'epoch': 10, 'coco_eval_bbox': 0.3443722658399833}
Epoch: [22/30]  [ 0/45]  eta: 0:00:21  lr: 0.000100  loss: 15.8291 (15.8291)  loss_vfl: 0.3937 (0.3937)  loss_bbox: 0.0336 (0.0336)  loss_giou: 0.4363 (0.4363)  loss_fgl: 1.2608 (1.2608)  loss_vfl_aux_0: 0.4801 (0.4801)  loss_bbox_aux_0: 0.0326 (0.0326)  loss_giou_aux_0: 0.4497 (0.4497)  loss_fgl_aux_0: 1.2581 (1.2581)  loss_ddf_aux_0: 0.0285 (0.0285)  loss_vfl_aux_1: 0.4085 (0.4085)  loss_bbox_aux_1: 0.0331 (0.0331)  loss_giou_aux_1: 0.4282 (0.4282)  loss_fgl_aux_1: 1.2610 (1.2610)  loss_ddf_aux_1: 0.0041 (0.0041)  loss_vfl_pre: 0.4811 (0.4811)  loss_bbox_pre: 0.0330 (0.0330)  loss_giou_pre: 0.4550 (0.4550)  loss_vfl_enc_0: 0.5159 (0.5159)  loss_bbox_enc_0: 0.0490 (0.0490)  loss_giou_enc_0: 0.6149 (0.6149)  loss_vfl_dn_0: 0.4563 (0.4563)  loss_bbox_dn_0: 0.0322 (0.0322)  loss_giou_dn_0: 0.4466 (0.4466)  loss_fgl_dn_0: 1.2684 (1.2684)  loss_ddf_dn_0: 0.1225 (0.1225)  loss_vfl_dn_1: 0.3806 (0.3806)  loss_bbox_dn_1: 0.0244 (0.0244)  loss_giou_dn_1: 0.3501 (0.3501)  loss_fgl_dn_1: 1.1989 (1.1989)  loss_ddf_dn_1: 0.0032 (0.0032)  loss_vfl_dn_2: 0.3776 (0.3776)  loss_bbox_dn_2: 0.0242 (0.0242)  loss_giou_dn_2: 0.3502 (0.3502)  loss_fgl_dn_2: 1.1996 (1.1996)  loss_ddf_dn_2: -0.0000 (0.0000)  loss_vfl_dn_pre: 0.4555 (0.4555)  loss_bbox_dn_pre: 0.0323 (0.0323)  loss_giou_dn_pre: 0.4474 (0.4474)  loss_size: 0.0017 (0.0017)  time: 0.4822  data: 0.2260  max mem: 5225
Epoch: [22/30]  [44/45]  eta: 0:00:00  lr: 0.000100  loss: 15.2427 (15.1914)  loss_vfl: 0.3815 (0.3870)  loss_bbox: 0.0296 (0.0314)  loss_giou: 0.3805 (0.3733)  loss_fgl: 1.2331 (1.2291)  loss_vfl_aux_0: 0.5313 (0.5180)  loss_bbox_aux_0: 0.0314 (0.0327)  loss_giou_aux_0: 0.3964 (0.3919)  loss_fgl_aux_0: 1.2409 (1.2392)  loss_ddf_aux_0: 0.0301 (0.0306)  loss_vfl_aux_1: 0.3879 (0.3948)  loss_bbox_aux_1: 0.0298 (0.0314)  loss_giou_aux_1: 0.3819 (0.3734)  loss_fgl_aux_1: 1.2314 (1.2290)  loss_ddf_aux_1: 0.0043 (0.0044)  loss_vfl_pre: 0.5299 (0.5159)  loss_bbox_pre: 0.0315 (0.0327)  loss_giou_pre: 0.3917 (0.3919)  loss_vfl_enc_0: 0.5800 (0.5709)  loss_bbox_enc_0: 0.0394 (0.0408)  loss_giou_enc_0: 0.4969 (0.4909)  loss_vfl_dn_0: 0.4411 (0.4413)  loss_bbox_dn_0: 0.0321 (0.0326)  loss_giou_dn_0: 0.3995 (0.3967)  loss_fgl_dn_0: 1.2308 (1.2387)  loss_ddf_dn_0: 0.1604 (0.1525)  loss_vfl_dn_1: 0.3695 (0.3686)  loss_bbox_dn_1: 0.0245 (0.0249)  loss_giou_dn_1: 0.3159 (0.3139)  loss_fgl_dn_1: 1.1707 (1.1669)  loss_ddf_dn_1: 0.0046 (0.0050)  loss_vfl_dn_2: 0.3670 (0.3662)  loss_bbox_dn_2: 0.0246 (0.0248)  loss_giou_dn_2: 0.3150 (0.3132)  loss_fgl_dn_2: 1.1693 (1.1665)  loss_ddf_dn_2: -0.0000 (0.0000)  loss_vfl_dn_pre: 0.4400 (0.4404)  loss_bbox_dn_pre: 0.0322 (0.0325)  loss_giou_dn_pre: 0.3972 (0.3959)  loss_size: 0.0014 (0.0014)  time: 0.2517  data: 0.0118  max mem: 5225
Epoch: [22/30] Total time: 0:00:11 (0.2654 s / it)
Averaged stats: lr: 0.000100  loss: 15.2427 (15.1914)  loss_vfl: 0.3815 (0.3870)  loss_bbox: 0.0296 (0.0314)  loss_giou: 0.3805 (0.3733)  loss_fgl: 1.2331 (1.2291)  loss_vfl_aux_0: 0.5313 (0.5180)  loss_bbox_aux_0: 0.0314 (0.0327)  loss_giou_aux_0: 0.3964 (0.3919)  loss_fgl_aux_0: 1.2409 (1.2392)  loss_ddf_aux_0: 0.0301 (0.0306)  loss_vfl_aux_1: 0.3879 (0.3948)  loss_bbox_aux_1: 0.0298 (0.0314)  loss_giou_aux_1: 0.3819 (0.3734)  loss_fgl_aux_1: 1.2314 (1.2290)  loss_ddf_aux_1: 0.0043 (0.0044)  loss_vfl_pre: 0.5299 (0.5159)  loss_bbox_pre: 0.0315 (0.0327)  loss_giou_pre: 0.3917 (0.3919)  loss_vfl_enc_0: 0.5800 (0.5709)  loss_bbox_enc_0: 0.0394 (0.0408)  loss_giou_enc_0: 0.4969 (0.4909)  loss_vfl_dn_0: 0.4411 (0.4413)  loss_bbox_dn_0: 0.0321 (0.0326)  loss_giou_dn_0: 0.3995 (0.3967)  loss_fgl_dn_0: 1.2308 (1.2387)  loss_ddf_dn_0: 0.1604 (0.1525)  loss_vfl_dn_1: 0.3695 (0.3686)  loss_bbox_dn_1: 0.0245 (0.0249)  loss_giou_dn_1: 0.3159 (0.3139)  loss_fgl_dn_1: 1.1707 (1.1669)  loss_ddf_dn_1: 0.0046 (0.0050)  loss_vfl_dn_2: 0.3670 (0.3662)  loss_bbox_dn_2: 0.0246 (0.0248)  loss_giou_dn_2: 0.3150 (0.3132)  loss_fgl_dn_2: 1.1693 (1.1665)  loss_ddf_dn_2: -0.0000 (0.0000)  loss_vfl_dn_pre: 0.4400 (0.4404)  loss_bbox_dn_pre: 0.0322 (0.0325)  loss_giou_dn_pre: 0.3972 (0.3959)  loss_size: 0.0014 (0.0014)
Test:  [0/8]  eta: 0:00:02    time: 0.3158  data: 0.2549  max mem: 5225
Test:  [7/8]  eta: 0:00:00    time: 0.1058  data: 0.0467  max mem: 5225
Test: Total time: 0:00:00 (0.1099 s / it)
Metrics: {'f1': 0.8297213622291022, 'precision': 0.7403314917127072, 'recall': 0.9436619718309859, 'iou': 0.4994474778730403, 'TPs': 134, 'FPs': 47, 'FNs': 8}
Averaged stats: 
Accumulating evaluation results...
COCOeval_opt.accumulate() finished...
DONE (t=0.01s).
IoU metric: bbox
 Average Precision  (AP) @[ IoU=0.50:0.95 | area=   all | maxDets=100 ] = 0.330
 Average Precision  (AP) @[ IoU=0.50      | area=   all | maxDets=100 ] = 0.860
 Average Precision  (AP) @[ IoU=0.75      | area=   all | maxDets=100 ] = 0.132
 Average Precision  (AP) @[ IoU=0.50:0.95 | area= small | maxDets=100 ] = 0.330
 Average Precision  (AP) @[ IoU=0.50:0.95 | area=medium | maxDets=100 ] = -1.000
 Average Precision  (AP) @[ IoU=0.50:0.95 | area= large | maxDets=100 ] = -1.000
 Average Recall     (AR) @[ IoU=0.50:0.95 | area=   all | maxDets=  1 ] = 0.194
 Average Recall     (AR) @[ IoU=0.50:0.95 | area=   all | maxDets= 10 ] = 0.482
 Average Recall     (AR) @[ IoU=0.50:0.95 | area=   all | maxDets=100 ] = 0.595
 Average Recall     (AR) @[ IoU=0.50:0.95 | area= small | maxDets=100 ] = 0.595
 Average Recall     (AR) @[ IoU=0.50:0.95 | area=medium | maxDets=100 ] = -1.000
 Average Recall     (AR) @[ IoU=0.50:0.95 | area= large | maxDets=100 ] = -1.000
 Average Recall     (AR) @[ IoU=0.50      | area=   all | maxDets=100 ] = 0.993
 Average Recall     (AR) @[ IoU=0.75      | area=   all | maxDets=100 ] = 0.641
best_stat: {'epoch': 10, 'coco_eval_bbox': 0.3443722658399833}
Epoch: [23/30]  [ 0/45]  eta: 0:00:21  lr: 0.000100  loss: 14.6920 (14.6920)  loss_vfl: 0.3692 (0.3692)  loss_bbox: 0.0266 (0.0266)  loss_giou: 0.3705 (0.3705)  loss_fgl: 1.2000 (1.2000)  loss_vfl_aux_0: 0.4520 (0.4520)  loss_bbox_aux_0: 0.0269 (0.0269)  loss_giou_aux_0: 0.3823 (0.3823)  loss_fgl_aux_0: 1.2248 (1.2248)  loss_ddf_aux_0: 0.0241 (0.0241)  loss_vfl_aux_1: 0.3671 (0.3671)  loss_bbox_aux_1: 0.0264 (0.0264)  loss_giou_aux_1: 0.3699 (0.3699)  loss_fgl_aux_1: 1.2025 (1.2025)  loss_ddf_aux_1: 0.0038 (0.0038)  loss_vfl_pre: 0.4456 (0.4456)  loss_bbox_pre: 0.0266 (0.0266)  loss_giou_pre: 0.3799 (0.3799)  loss_vfl_enc_0: 0.5238 (0.5238)  loss_bbox_enc_0: 0.0345 (0.0345)  loss_giou_enc_0: 0.4598 (0.4598)  loss_vfl_dn_0: 0.4559 (0.4559)  loss_bbox_dn_0: 0.0285 (0.0285)  loss_giou_dn_0: 0.4084 (0.4084)  loss_fgl_dn_0: 1.2231 (1.2231)  loss_ddf_dn_0: 0.1204 (0.1204)  loss_vfl_dn_1: 0.3643 (0.3643)  loss_bbox_dn_1: 0.0203 (0.0203)  loss_giou_dn_1: 0.3007 (0.3007)  loss_fgl_dn_1: 1.1408 (1.1408)  loss_ddf_dn_1: 0.0032 (0.0032)  loss_vfl_dn_2: 0.3649 (0.3649)  loss_bbox_dn_2: 0.0202 (0.0202)  loss_giou_dn_2: 0.3007 (0.3007)  loss_fgl_dn_2: 1.1394 (1.1394)  loss_ddf_dn_2: -0.0000 (0.0000)  loss_vfl_dn_pre: 0.4518 (0.4518)  loss_bbox_dn_pre: 0.0282 (0.0282)  loss_giou_dn_pre: 0.4030 (0.4030)  loss_size: 0.0018 (0.0018)  time: 0.4860  data: 0.2351  max mem: 5225
Epoch: [23/30]  [44/45]  eta: 0:00:00  lr: 0.000100  loss: 14.7484 (14.7936)  loss_vfl: 0.3779 (0.3758)  loss_bbox: 0.0304 (0.0290)  loss_giou: 0.3444 (0.3520)  loss_fgl: 1.2172 (1.2106)  loss_vfl_aux_0: 0.4814 (0.4820)  loss_bbox_aux_0: 0.0321 (0.0308)  loss_giou_aux_0: 0.3748 (0.3749)  loss_fgl_aux_0: 1.2224 (1.2290)  loss_ddf_aux_0: 0.0309 (0.0309)  loss_vfl_aux_1: 0.3819 (0.3832)  loss_bbox_aux_1: 0.0307 (0.0290)  loss_giou_aux_1: 0.3391 (0.3524)  loss_fgl_aux_1: 1.2169 (1.2110)  loss_ddf_aux_1: 0.0041 (0.0043)  loss_vfl_pre: 0.4779 (0.4800)  loss_bbox_pre: 0.0320 (0.0309)  loss_giou_pre: 0.3752 (0.3749)  loss_vfl_enc_0: 0.5512 (0.5579)  loss_bbox_enc_0: 0.0390 (0.0380)  loss_giou_enc_0: 0.4512 (0.4601)  loss_vfl_dn_0: 0.4374 (0.4372)  loss_bbox_dn_0: 0.0310 (0.0308)  loss_giou_dn_0: 0.3731 (0.3827)  loss_fgl_dn_0: 1.2285 (1.2310)  loss_ddf_dn_0: 0.1645 (0.1624)  loss_vfl_dn_1: 0.3555 (0.3587)  loss_bbox_dn_1: 0.0242 (0.0232)  loss_giou_dn_1: 0.2884 (0.2970)  loss_fgl_dn_1: 1.1464 (1.1513)  loss_ddf_dn_1: 0.0059 (0.0056)  loss_vfl_dn_2: 0.3538 (0.3567)  loss_bbox_dn_2: 0.0242 (0.0231)  loss_giou_dn_2: 0.2879 (0.2961)  loss_fgl_dn_2: 1.1460 (1.1507)  loss_ddf_dn_2: -0.0000 (0.0000)  loss_vfl_dn_pre: 0.4358 (0.4363)  loss_bbox_dn_pre: 0.0313 (0.0307)  loss_giou_dn_pre: 0.3705 (0.3821)  loss_size: 0.0011 (0.0012)  time: 0.2557  data: 0.0121  max mem: 5225
Epoch: [23/30] Total time: 0:00:11 (0.2621 s / it)
Averaged stats: lr: 0.000100  loss: 14.7484 (14.7936)  loss_vfl: 0.3779 (0.3758)  loss_bbox: 0.0304 (0.0290)  loss_giou: 0.3444 (0.3520)  loss_fgl: 1.2172 (1.2106)  loss_vfl_aux_0: 0.4814 (0.4820)  loss_bbox_aux_0: 0.0321 (0.0308)  loss_giou_aux_0: 0.3748 (0.3749)  loss_fgl_aux_0: 1.2224 (1.2290)  loss_ddf_aux_0: 0.0309 (0.0309)  loss_vfl_aux_1: 0.3819 (0.3832)  loss_bbox_aux_1: 0.0307 (0.0290)  loss_giou_aux_1: 0.3391 (0.3524)  loss_fgl_aux_1: 1.2169 (1.2110)  loss_ddf_aux_1: 0.0041 (0.0043)  loss_vfl_pre: 0.4779 (0.4800)  loss_bbox_pre: 0.0320 (0.0309)  loss_giou_pre: 0.3752 (0.3749)  loss_vfl_enc_0: 0.5512 (0.5579)  loss_bbox_enc_0: 0.0390 (0.0380)  loss_giou_enc_0: 0.4512 (0.4601)  loss_vfl_dn_0: 0.4374 (0.4372)  loss_bbox_dn_0: 0.0310 (0.0308)  loss_giou_dn_0: 0.3731 (0.3827)  loss_fgl_dn_0: 1.2285 (1.2310)  loss_ddf_dn_0: 0.1645 (0.1624)  loss_vfl_dn_1: 0.3555 (0.3587)  loss_bbox_dn_1: 0.0242 (0.0232)  loss_giou_dn_1: 0.2884 (0.2970)  loss_fgl_dn_1: 1.1464 (1.1513)  loss_ddf_dn_1: 0.0059 (0.0056)  loss_vfl_dn_2: 0.3538 (0.3567)  loss_bbox_dn_2: 0.0242 (0.0231)  loss_giou_dn_2: 0.2879 (0.2961)  loss_fgl_dn_2: 1.1460 (1.1507)  loss_ddf_dn_2: -0.0000 (0.0000)  loss_vfl_dn_pre: 0.4358 (0.4363)  loss_bbox_dn_pre: 0.0313 (0.0307)  loss_giou_dn_pre: 0.3705 (0.3821)  loss_size: 0.0011 (0.0012)
Test:  [0/8]  eta: 0:00:02    time: 0.3206  data: 0.2406  max mem: 5225
Test:  [7/8]  eta: 0:00:00    time: 0.1278  data: 0.0437  max mem: 5225
Test: Total time: 0:00:01 (0.1343 s / it)
Metrics: {'f1': 0.8681672025723473, 'precision': 0.7988165680473372, 'recall': 0.9507042253521126, 'iou': 0.5417819771577012, 'TPs': 135, 'FPs': 34, 'FNs': 7}
Averaged stats: 
Accumulating evaluation results...
COCOeval_opt.accumulate() finished...
DONE (t=0.01s).
IoU metric: bbox
 Average Precision  (AP) @[ IoU=0.50:0.95 | area=   all | maxDets=100 ] = 0.333
 Average Precision  (AP) @[ IoU=0.50      | area=   all | maxDets=100 ] = 0.884
 Average Precision  (AP) @[ IoU=0.75      | area=   all | maxDets=100 ] = 0.136
 Average Precision  (AP) @[ IoU=0.50:0.95 | area= small | maxDets=100 ] = 0.334
 Average Precision  (AP) @[ IoU=0.50:0.95 | area=medium | maxDets=100 ] = -1.000
 Average Precision  (AP) @[ IoU=0.50:0.95 | area= large | maxDets=100 ] = -1.000
 Average Recall     (AR) @[ IoU=0.50:0.95 | area=   all | maxDets=  1 ] = 0.193
 Average Recall     (AR) @[ IoU=0.50:0.95 | area=   all | maxDets= 10 ] = 0.481
 Average Recall     (AR) @[ IoU=0.50:0.95 | area=   all | maxDets=100 ] = 0.592
 Average Recall     (AR) @[ IoU=0.50:0.95 | area= small | maxDets=100 ] = 0.592
 Average Recall     (AR) @[ IoU=0.50:0.95 | area=medium | maxDets=100 ] = -1.000
 Average Recall     (AR) @[ IoU=0.50:0.95 | area= large | maxDets=100 ] = -1.000
 Average Recall     (AR) @[ IoU=0.50      | area=   all | maxDets=100 ] = 0.993
 Average Recall     (AR) @[ IoU=0.75      | area=   all | maxDets=100 ] = 0.627
best_stat: {'epoch': 10, 'coco_eval_bbox': 0.3443722658399833}
Epoch: [24/30]  [ 0/45]  eta: 0:00:23  lr: 0.000010  loss: 15.2772 (15.2772)  loss_vfl: 0.3846 (0.3846)  loss_bbox: 0.0300 (0.0300)  loss_giou: 0.3822 (0.3822)  loss_fgl: 1.2344 (1.2344)  loss_vfl_aux_0: 0.4723 (0.4723)  loss_bbox_aux_0: 0.0323 (0.0323)  loss_giou_aux_0: 0.3966 (0.3966)  loss_fgl_aux_0: 1.2401 (1.2401)  loss_ddf_aux_0: 0.0297 (0.0297)  loss_vfl_aux_1: 0.3870 (0.3870)  loss_bbox_aux_1: 0.0298 (0.0298)  loss_giou_aux_1: 0.3835 (0.3835)  loss_fgl_aux_1: 1.2323 (1.2323)  loss_ddf_aux_1: 0.0037 (0.0037)  loss_vfl_pre: 0.4739 (0.4739)  loss_bbox_pre: 0.0323 (0.0323)  loss_giou_pre: 0.3980 (0.3980)  loss_vfl_enc_0: 0.5381 (0.5381)  loss_bbox_enc_0: 0.0389 (0.0389)  loss_giou_enc_0: 0.4718 (0.4718)  loss_vfl_dn_0: 0.4586 (0.4586)  loss_bbox_dn_0: 0.0334 (0.0334)  loss_giou_dn_0: 0.4220 (0.4220)  loss_fgl_dn_0: 1.2650 (1.2650)  loss_ddf_dn_0: 0.1496 (0.1496)  loss_vfl_dn_1: 0.3823 (0.3823)  loss_bbox_dn_1: 0.0240 (0.0240)  loss_giou_dn_1: 0.3347 (0.3347)  loss_fgl_dn_1: 1.1870 (1.1870)  loss_ddf_dn_1: 0.0028 (0.0028)  loss_vfl_dn_2: 0.3740 (0.3740)  loss_bbox_dn_2: 0.0239 (0.0239)  loss_giou_dn_2: 0.3330 (0.3330)  loss_fgl_dn_2: 1.1858 (1.1858)  loss_ddf_dn_2: -0.0000 (0.0000)  loss_vfl_dn_pre: 0.4562 (0.4562)  loss_bbox_dn_pre: 0.0331 (0.0331)  loss_giou_dn_pre: 0.4187 (0.4187)  loss_size: 0.0015 (0.0015)  time: 0.5179  data: 0.2527  max mem: 5225
Epoch: [24/30]  [44/45]  eta: 0:00:00  lr: 0.000010  loss: 14.1727 (14.2430)  loss_vfl: 0.3571 (0.3600)  loss_bbox: 0.0265 (0.0262)  loss_giou: 0.3137 (0.3180)  loss_fgl: 1.1883 (1.1908)  loss_vfl_aux_0: 0.4633 (0.4593)  loss_bbox_aux_0: 0.0288 (0.0282)  loss_giou_aux_0: 0.3376 (0.3418)  loss_fgl_aux_0: 1.2112 (1.2139)  loss_ddf_aux_0: 0.0289 (0.0293)  loss_vfl_aux_1: 0.3636 (0.3670)  loss_bbox_aux_1: 0.0265 (0.0262)  loss_giou_aux_1: 0.3148 (0.3187)  loss_fgl_aux_1: 1.1893 (1.1915)  loss_ddf_aux_1: 0.0039 (0.0039)  loss_vfl_pre: 0.4627 (0.4580)  loss_bbox_pre: 0.0291 (0.0283)  loss_giou_pre: 0.3434 (0.3429)  loss_vfl_enc_0: 0.5544 (0.5531)  loss_bbox_enc_0: 0.0378 (0.0367)  loss_giou_enc_0: 0.4586 (0.4375)  loss_vfl_dn_0: 0.4235 (0.4252)  loss_bbox_dn_0: 0.0285 (0.0283)  loss_giou_dn_0: 0.3402 (0.3489)  loss_fgl_dn_0: 1.2142 (1.2154)  loss_ddf_dn_0: 0.1461 (0.1460)  loss_vfl_dn_1: 0.3444 (0.3453)  loss_bbox_dn_1: 0.0220 (0.0214)  loss_giou_dn_1: 0.2697 (0.2723)  loss_fgl_dn_1: 1.1275 (1.1333)  loss_ddf_dn_1: 0.0050 (0.0050)  loss_vfl_dn_2: 0.3413 (0.3423)  loss_bbox_dn_2: 0.0221 (0.0213)  loss_giou_dn_2: 0.2698 (0.2715)  loss_fgl_dn_2: 1.1273 (1.1325)  loss_ddf_dn_2: -0.0000 (0.0000)  loss_vfl_dn_pre: 0.4232 (0.4249)  loss_bbox_dn_pre: 0.0285 (0.0283)  loss_giou_dn_pre: 0.3410 (0.3490)  loss_size: 0.0009 (0.0010)  time: 0.2531  data: 0.0119  max mem: 5225
Epoch: [24/30] Total time: 0:00:11 (0.2596 s / it)
Averaged stats: lr: 0.000010  loss: 14.1727 (14.2430)  loss_vfl: 0.3571 (0.3600)  loss_bbox: 0.0265 (0.0262)  loss_giou: 0.3137 (0.3180)  loss_fgl: 1.1883 (1.1908)  loss_vfl_aux_0: 0.4633 (0.4593)  loss_bbox_aux_0: 0.0288 (0.0282)  loss_giou_aux_0: 0.3376 (0.3418)  loss_fgl_aux_0: 1.2112 (1.2139)  loss_ddf_aux_0: 0.0289 (0.0293)  loss_vfl_aux_1: 0.3636 (0.3670)  loss_bbox_aux_1: 0.0265 (0.0262)  loss_giou_aux_1: 0.3148 (0.3187)  loss_fgl_aux_1: 1.1893 (1.1915)  loss_ddf_aux_1: 0.0039 (0.0039)  loss_vfl_pre: 0.4627 (0.4580)  loss_bbox_pre: 0.0291 (0.0283)  loss_giou_pre: 0.3434 (0.3429)  loss_vfl_enc_0: 0.5544 (0.5531)  loss_bbox_enc_0: 0.0378 (0.0367)  loss_giou_enc_0: 0.4586 (0.4375)  loss_vfl_dn_0: 0.4235 (0.4252)  loss_bbox_dn_0: 0.0285 (0.0283)  loss_giou_dn_0: 0.3402 (0.3489)  loss_fgl_dn_0: 1.2142 (1.2154)  loss_ddf_dn_0: 0.1461 (0.1460)  loss_vfl_dn_1: 0.3444 (0.3453)  loss_bbox_dn_1: 0.0220 (0.0214)  loss_giou_dn_1: 0.2697 (0.2723)  loss_fgl_dn_1: 1.1275 (1.1333)  loss_ddf_dn_1: 0.0050 (0.0050)  loss_vfl_dn_2: 0.3413 (0.3423)  loss_bbox_dn_2: 0.0221 (0.0213)  loss_giou_dn_2: 0.2698 (0.2715)  loss_fgl_dn_2: 1.1273 (1.1325)  loss_ddf_dn_2: -0.0000 (0.0000)  loss_vfl_dn_pre: 0.4232 (0.4249)  loss_bbox_dn_pre: 0.0285 (0.0283)  loss_giou_dn_pre: 0.3410 (0.3490)  loss_size: 0.0009 (0.0010)
Test:  [0/8]  eta: 0:00:02    time: 0.3083  data: 0.2492  max mem: 5225
Test:  [7/8]  eta: 0:00:00    time: 0.1038  data: 0.0446  max mem: 5225
Test: Total time: 0:00:00 (0.1076 s / it)
Metrics: {'f1': 0.8213166144200628, 'precision': 0.7401129943502824, 'recall': 0.9225352112676056, 'iou': 0.4908399245840438, 'TPs': 131, 'FPs': 46, 'FNs': 11}
Averaged stats: 
Accumulating evaluation results...
COCOeval_opt.accumulate() finished...
DONE (t=0.01s).
IoU metric: bbox
 Average Precision  (AP) @[ IoU=0.50:0.95 | area=   all | maxDets=100 ] = 0.329
 Average Precision  (AP) @[ IoU=0.50      | area=   all | maxDets=100 ] = 0.871
 Average Precision  (AP) @[ IoU=0.75      | area=   all | maxDets=100 ] = 0.107
 Average Precision  (AP) @[ IoU=0.50:0.95 | area= small | maxDets=100 ] = 0.330
 Average Precision  (AP) @[ IoU=0.50:0.95 | area=medium | maxDets=100 ] = -1.000
 Average Precision  (AP) @[ IoU=0.50:0.95 | area= large | maxDets=100 ] = -1.000
 Average Recall     (AR) @[ IoU=0.50:0.95 | area=   all | maxDets=  1 ] = 0.201
 Average Recall     (AR) @[ IoU=0.50:0.95 | area=   all | maxDets= 10 ] = 0.475
 Average Recall     (AR) @[ IoU=0.50:0.95 | area=   all | maxDets=100 ] = 0.596
 Average Recall     (AR) @[ IoU=0.50:0.95 | area= small | maxDets=100 ] = 0.596
 Average Recall     (AR) @[ IoU=0.50:0.95 | area=medium | maxDets=100 ] = -1.000
 Average Recall     (AR) @[ IoU=0.50:0.95 | area= large | maxDets=100 ] = -1.000
 Average Recall     (AR) @[ IoU=0.50      | area=   all | maxDets=100 ] = 0.986
 Average Recall     (AR) @[ IoU=0.75      | area=   all | maxDets=100 ] = 0.641
best_stat: {'epoch': 10, 'coco_eval_bbox': 0.3443722658399833}
Epoch: [25/30]  [ 0/45]  eta: 0:00:23  lr: 0.000010  loss: 14.5747 (14.5747)  loss_vfl: 0.3696 (0.3696)  loss_bbox: 0.0284 (0.0284)  loss_giou: 0.3685 (0.3685)  loss_fgl: 1.1647 (1.1647)  loss_vfl_aux_0: 0.4645 (0.4645)  loss_bbox_aux_0: 0.0294 (0.0294)  loss_giou_aux_0: 0.3896 (0.3896)  loss_fgl_aux_0: 1.1948 (1.1948)  loss_ddf_aux_0: 0.0282 (0.0282)  loss_vfl_aux_1: 0.3688 (0.3688)  loss_bbox_aux_1: 0.0283 (0.0283)  loss_giou_aux_1: 0.3691 (0.3691)  loss_fgl_aux_1: 1.1646 (1.1646)  loss_ddf_aux_1: 0.0036 (0.0036)  loss_vfl_pre: 0.4615 (0.4615)  loss_bbox_pre: 0.0292 (0.0292)  loss_giou_pre: 0.3908 (0.3908)  loss_vfl_enc_0: 0.5065 (0.5065)  loss_bbox_enc_0: 0.0361 (0.0361)  loss_giou_enc_0: 0.5118 (0.5118)  loss_vfl_dn_0: 0.4357 (0.4357)  loss_bbox_dn_0: 0.0295 (0.0295)  loss_giou_dn_0: 0.3968 (0.3968)  loss_fgl_dn_0: 1.2016 (1.2016)  loss_ddf_dn_0: 0.1404 (0.1404)  loss_vfl_dn_1: 0.3611 (0.3611)  loss_bbox_dn_1: 0.0218 (0.0218)  loss_giou_dn_1: 0.3029 (0.3029)  loss_fgl_dn_1: 1.1116 (1.1116)  loss_ddf_dn_1: 0.0033 (0.0033)  loss_vfl_dn_2: 0.3591 (0.3591)  loss_bbox_dn_2: 0.0220 (0.0220)  loss_giou_dn_2: 0.3046 (0.3046)  loss_fgl_dn_2: 1.1122 (1.1122)  loss_ddf_dn_2: -0.0000 (0.0000)  loss_vfl_dn_pre: 0.4343 (0.4343)  loss_bbox_dn_pre: 0.0296 (0.0296)  loss_giou_dn_pre: 0.3972 (0.3972)  loss_size: 0.0028 (0.0028)  time: 0.5148  data: 0.2505  max mem: 5225
Epoch: [25/30]  [44/45]  eta: 0:00:00  lr: 0.000010  loss: 13.7731 (13.8745)  loss_vfl: 0.3401 (0.3505)  loss_bbox: 0.0227 (0.0242)  loss_giou: 0.2859 (0.2951)  loss_fgl: 1.1630 (1.1676)  loss_vfl_aux_0: 0.4457 (0.4619)  loss_bbox_aux_0: 0.0261 (0.0261)  loss_giou_aux_0: 0.3072 (0.3166)  loss_fgl_aux_0: 1.1872 (1.1930)  loss_ddf_aux_0: 0.0302 (0.0298)  loss_vfl_aux_1: 0.3452 (0.3559)  loss_bbox_aux_1: 0.0228 (0.0242)  loss_giou_aux_1: 0.2863 (0.2959)  loss_fgl_aux_1: 1.1683 (1.1683)  loss_ddf_aux_1: 0.0038 (0.0038)  loss_vfl_pre: 0.4439 (0.4604)  loss_bbox_pre: 0.0260 (0.0262)  loss_giou_pre: 0.3127 (0.3178)  loss_vfl_enc_0: 0.5501 (0.5507)  loss_bbox_enc_0: 0.0336 (0.0352)  loss_giou_enc_0: 0.4055 (0.4198)  loss_vfl_dn_0: 0.4194 (0.4178)  loss_bbox_dn_0: 0.0260 (0.0267)  loss_giou_dn_0: 0.3240 (0.3303)  loss_fgl_dn_0: 1.1980 (1.2003)  loss_ddf_dn_0: 0.1456 (0.1437)  loss_vfl_dn_1: 0.3292 (0.3349)  loss_bbox_dn_1: 0.0195 (0.0202)  loss_giou_dn_1: 0.2488 (0.2580)  loss_fgl_dn_1: 1.1105 (1.1150)  loss_ddf_dn_1: 0.0047 (0.0047)  loss_vfl_dn_2: 0.3254 (0.3327)  loss_bbox_dn_2: 0.0194 (0.0202)  loss_giou_dn_2: 0.2472 (0.2574)  loss_fgl_dn_2: 1.1085 (1.1141)  loss_ddf_dn_2: -0.0000 (0.0000)  loss_vfl_dn_pre: 0.4196 (0.4174)  loss_bbox_dn_pre: 0.0257 (0.0267)  loss_giou_dn_pre: 0.3231 (0.3306)  loss_size: 0.0008 (0.0009)  time: 0.2650  data: 0.0128  max mem: 5225
Epoch: [25/30] Total time: 0:00:12 (0.2691 s / it)
Averaged stats: lr: 0.000010  loss: 13.7731 (13.8745)  loss_vfl: 0.3401 (0.3505)  loss_bbox: 0.0227 (0.0242)  loss_giou: 0.2859 (0.2951)  loss_fgl: 1.1630 (1.1676)  loss_vfl_aux_0: 0.4457 (0.4619)  loss_bbox_aux_0: 0.0261 (0.0261)  loss_giou_aux_0: 0.3072 (0.3166)  loss_fgl_aux_0: 1.1872 (1.1930)  loss_ddf_aux_0: 0.0302 (0.0298)  loss_vfl_aux_1: 0.3452 (0.3559)  loss_bbox_aux_1: 0.0228 (0.0242)  loss_giou_aux_1: 0.2863 (0.2959)  loss_fgl_aux_1: 1.1683 (1.1683)  loss_ddf_aux_1: 0.0038 (0.0038)  loss_vfl_pre: 0.4439 (0.4604)  loss_bbox_pre: 0.0260 (0.0262)  loss_giou_pre: 0.3127 (0.3178)  loss_vfl_enc_0: 0.5501 (0.5507)  loss_bbox_enc_0: 0.0336 (0.0352)  loss_giou_enc_0: 0.4055 (0.4198)  loss_vfl_dn_0: 0.4194 (0.4178)  loss_bbox_dn_0: 0.0260 (0.0267)  loss_giou_dn_0: 0.3240 (0.3303)  loss_fgl_dn_0: 1.1980 (1.2003)  loss_ddf_dn_0: 0.1456 (0.1437)  loss_vfl_dn_1: 0.3292 (0.3349)  loss_bbox_dn_1: 0.0195 (0.0202)  loss_giou_dn_1: 0.2488 (0.2580)  loss_fgl_dn_1: 1.1105 (1.1150)  loss_ddf_dn_1: 0.0047 (0.0047)  loss_vfl_dn_2: 0.3254 (0.3327)  loss_bbox_dn_2: 0.0194 (0.0202)  loss_giou_dn_2: 0.2472 (0.2574)  loss_fgl_dn_2: 1.1085 (1.1141)  loss_ddf_dn_2: -0.0000 (0.0000)  loss_vfl_dn_pre: 0.4196 (0.4174)  loss_bbox_dn_pre: 0.0257 (0.0267)  loss_giou_dn_pre: 0.3231 (0.3306)  loss_size: 0.0008 (0.0009)
Test:  [0/8]  eta: 0:00:02    time: 0.2980  data: 0.2417  max mem: 5225
Test:  [7/8]  eta: 0:00:00    time: 0.1228  data: 0.0429  max mem: 5225
Test: Total time: 0:00:01 (0.1275 s / it)
Metrics: {'f1': 0.8109756097560975, 'precision': 0.7150537634408602, 'recall': 0.9366197183098591, 'iou': 0.48089674833493357, 'TPs': 133, 'FPs': 53, 'FNs': 9}
Averaged stats: 
Accumulating evaluation results...
COCOeval_opt.accumulate() finished...
DONE (t=0.01s).
IoU metric: bbox
 Average Precision  (AP) @[ IoU=0.50:0.95 | area=   all | maxDets=100 ] = 0.326
 Average Precision  (AP) @[ IoU=0.50      | area=   all | maxDets=100 ] = 0.875
 Average Precision  (AP) @[ IoU=0.75      | area=   all | maxDets=100 ] = 0.105
 Average Precision  (AP) @[ IoU=0.50:0.95 | area= small | maxDets=100 ] = 0.327
 Average Precision  (AP) @[ IoU=0.50:0.95 | area=medium | maxDets=100 ] = -1.000
 Average Precision  (AP) @[ IoU=0.50:0.95 | area= large | maxDets=100 ] = -1.000
 Average Recall     (AR) @[ IoU=0.50:0.95 | area=   all | maxDets=  1 ] = 0.195
 Average Recall     (AR) @[ IoU=0.50:0.95 | area=   all | maxDets= 10 ] = 0.477
 Average Recall     (AR) @[ IoU=0.50:0.95 | area=   all | maxDets=100 ] = 0.596
 Average Recall     (AR) @[ IoU=0.50:0.95 | area= small | maxDets=100 ] = 0.596
 Average Recall     (AR) @[ IoU=0.50:0.95 | area=medium | maxDets=100 ] = -1.000
 Average Recall     (AR) @[ IoU=0.50:0.95 | area= large | maxDets=100 ] = -1.000
 Average Recall     (AR) @[ IoU=0.50      | area=   all | maxDets=100 ] = 0.986
 Average Recall     (AR) @[ IoU=0.75      | area=   all | maxDets=100 ] = 0.634
best_stat: {'epoch': 10, 'coco_eval_bbox': 0.3443722658399833}
Epoch: [26/30]  [ 0/45]  eta: 0:00:21  lr: 0.000010  loss: 13.6466 (13.6466)  loss_vfl: 0.3416 (0.3416)  loss_bbox: 0.0206 (0.0206)  loss_giou: 0.2727 (0.2727)  loss_fgl: 1.1763 (1.1763)  loss_vfl_aux_0: 0.4192 (0.4192)  loss_bbox_aux_0: 0.0246 (0.0246)  loss_giou_aux_0: 0.3046 (0.3046)  loss_fgl_aux_0: 1.1966 (1.1966)  loss_ddf_aux_0: 0.0352 (0.0352)  loss_vfl_aux_1: 0.3402 (0.3402)  loss_bbox_aux_1: 0.0205 (0.0205)  loss_giou_aux_1: 0.2700 (0.2700)  loss_fgl_aux_1: 1.1759 (1.1759)  loss_ddf_aux_1: 0.0041 (0.0041)  loss_vfl_pre: 0.4179 (0.4179)  loss_bbox_pre: 0.0248 (0.0248)  loss_giou_pre: 0.3050 (0.3050)  loss_vfl_enc_0: 0.5120 (0.5120)  loss_bbox_enc_0: 0.0325 (0.0325)  loss_giou_enc_0: 0.4049 (0.4049)  loss_vfl_dn_0: 0.4225 (0.4225)  loss_bbox_dn_0: 0.0257 (0.0257)  loss_giou_dn_0: 0.3216 (0.3216)  loss_fgl_dn_0: 1.1968 (1.1968)  loss_ddf_dn_0: 0.1557 (0.1557)  loss_vfl_dn_1: 0.3380 (0.3380)  loss_bbox_dn_1: 0.0189 (0.0189)  loss_giou_dn_1: 0.2563 (0.2563)  loss_fgl_dn_1: 1.1130 (1.1130)  loss_ddf_dn_1: 0.0050 (0.0050)  loss_vfl_dn_2: 0.3352 (0.3352)  loss_bbox_dn_2: 0.0190 (0.0190)  loss_giou_dn_2: 0.2568 (0.2568)  loss_fgl_dn_2: 1.1133 (1.1133)  loss_ddf_dn_2: -0.0000 (0.0000)  loss_vfl_dn_pre: 0.4215 (0.4215)  loss_bbox_dn_pre: 0.0258 (0.0258)  loss_giou_dn_pre: 0.3220 (0.3220)  loss_size: 0.0006 (0.0006)  time: 0.4781  data: 0.2290  max mem: 5225
Epoch: [26/30]  [44/45]  eta: 0:00:00  lr: 0.000010  loss: 13.5306 (13.7618)  loss_vfl: 0.3335 (0.3433)  loss_bbox: 0.0227 (0.0239)  loss_giou: 0.2756 (0.2884)  loss_fgl: 1.1500 (1.1636)  loss_vfl_aux_0: 0.4531 (0.4540)  loss_bbox_aux_0: 0.0245 (0.0256)  loss_giou_aux_0: 0.2998 (0.3102)  loss_fgl_aux_0: 1.1834 (1.1888)  loss_ddf_aux_0: 0.0317 (0.0309)  loss_vfl_aux_1: 0.3401 (0.3493)  loss_bbox_aux_1: 0.0226 (0.0239)  loss_giou_aux_1: 0.2749 (0.2887)  loss_fgl_aux_1: 1.1547 (1.1642)  loss_ddf_aux_1: 0.0037 (0.0038)  loss_vfl_pre: 0.4532 (0.4524)  loss_bbox_pre: 0.0248 (0.0257)  loss_giou_pre: 0.2988 (0.3113)  loss_vfl_enc_0: 0.5620 (0.5549)  loss_bbox_enc_0: 0.0351 (0.0350)  loss_giou_enc_0: 0.4052 (0.4190)  loss_vfl_dn_0: 0.4142 (0.4165)  loss_bbox_dn_0: 0.0252 (0.0261)  loss_giou_dn_0: 0.3101 (0.3226)  loss_fgl_dn_0: 1.1982 (1.1992)  loss_ddf_dn_0: 0.1474 (0.1447)  loss_vfl_dn_1: 0.3242 (0.3318)  loss_bbox_dn_1: 0.0199 (0.0199)  loss_giou_dn_1: 0.2416 (0.2527)  loss_fgl_dn_1: 1.1030 (1.1099)  loss_ddf_dn_1: 0.0047 (0.0047)  loss_vfl_dn_2: 0.3210 (0.3298)  loss_bbox_dn_2: 0.0199 (0.0199)  loss_giou_dn_2: 0.2409 (0.2520)  loss_fgl_dn_2: 1.1006 (1.1088)  loss_ddf_dn_2: -0.0000 (0.0000)  loss_vfl_dn_pre: 0.4134 (0.4160)  loss_bbox_dn_pre: 0.0254 (0.0262)  loss_giou_dn_pre: 0.3091 (0.3231)  loss_size: 0.0007 (0.0008)  time: 0.2398  data: 0.0117  max mem: 5225
Epoch: [26/30] Total time: 0:00:11 (0.2486 s / it)
Averaged stats: lr: 0.000010  loss: 13.5306 (13.7618)  loss_vfl: 0.3335 (0.3433)  loss_bbox: 0.0227 (0.0239)  loss_giou: 0.2756 (0.2884)  loss_fgl: 1.1500 (1.1636)  loss_vfl_aux_0: 0.4531 (0.4540)  loss_bbox_aux_0: 0.0245 (0.0256)  loss_giou_aux_0: 0.2998 (0.3102)  loss_fgl_aux_0: 1.1834 (1.1888)  loss_ddf_aux_0: 0.0317 (0.0309)  loss_vfl_aux_1: 0.3401 (0.3493)  loss_bbox_aux_1: 0.0226 (0.0239)  loss_giou_aux_1: 0.2749 (0.2887)  loss_fgl_aux_1: 1.1547 (1.1642)  loss_ddf_aux_1: 0.0037 (0.0038)  loss_vfl_pre: 0.4532 (0.4524)  loss_bbox_pre: 0.0248 (0.0257)  loss_giou_pre: 0.2988 (0.3113)  loss_vfl_enc_0: 0.5620 (0.5549)  loss_bbox_enc_0: 0.0351 (0.0350)  loss_giou_enc_0: 0.4052 (0.4190)  loss_vfl_dn_0: 0.4142 (0.4165)  loss_bbox_dn_0: 0.0252 (0.0261)  loss_giou_dn_0: 0.3101 (0.3226)  loss_fgl_dn_0: 1.1982 (1.1992)  loss_ddf_dn_0: 0.1474 (0.1447)  loss_vfl_dn_1: 0.3242 (0.3318)  loss_bbox_dn_1: 0.0199 (0.0199)  loss_giou_dn_1: 0.2416 (0.2527)  loss_fgl_dn_1: 1.1030 (1.1099)  loss_ddf_dn_1: 0.0047 (0.0047)  loss_vfl_dn_2: 0.3210 (0.3298)  loss_bbox_dn_2: 0.0199 (0.0199)  loss_giou_dn_2: 0.2409 (0.2520)  loss_fgl_dn_2: 1.1006 (1.1088)  loss_ddf_dn_2: -0.0000 (0.0000)  loss_vfl_dn_pre: 0.4134 (0.4160)  loss_bbox_dn_pre: 0.0254 (0.0262)  loss_giou_dn_pre: 0.3091 (0.3231)  loss_size: 0.0007 (0.0008)
Test:  [0/8]  eta: 0:00:02    time: 0.2950  data: 0.2381  max mem: 5225
Test:  [7/8]  eta: 0:00:00    time: 0.0959  data: 0.0403  max mem: 5225
Test: Total time: 0:00:00 (0.1002 s / it)
Metrics: {'f1': 0.8238993710691823, 'precision': 0.7443181818181818, 'recall': 0.9225352112676056, 'iou': 0.4925928262465778, 'TPs': 131, 'FPs': 45, 'FNs': 11}
Averaged stats: 
Accumulating evaluation results...
COCOeval_opt.accumulate() finished...
DONE (t=0.01s).
IoU metric: bbox
 Average Precision  (AP) @[ IoU=0.50:0.95 | area=   all | maxDets=100 ] = 0.326
 Average Precision  (AP) @[ IoU=0.50      | area=   all | maxDets=100 ] = 0.877
 Average Precision  (AP) @[ IoU=0.75      | area=   all | maxDets=100 ] = 0.102
 Average Precision  (AP) @[ IoU=0.50:0.95 | area= small | maxDets=100 ] = 0.326
 Average Precision  (AP) @[ IoU=0.50:0.95 | area=medium | maxDets=100 ] = -1.000
 Average Precision  (AP) @[ IoU=0.50:0.95 | area= large | maxDets=100 ] = -1.000
 Average Recall     (AR) @[ IoU=0.50:0.95 | area=   all | maxDets=  1 ] = 0.197
 Average Recall     (AR) @[ IoU=0.50:0.95 | area=   all | maxDets= 10 ] = 0.479
 Average Recall     (AR) @[ IoU=0.50:0.95 | area=   all | maxDets=100 ] = 0.603
 Average Recall     (AR) @[ IoU=0.50:0.95 | area= small | maxDets=100 ] = 0.603
 Average Recall     (AR) @[ IoU=0.50:0.95 | area=medium | maxDets=100 ] = -1.000
 Average Recall     (AR) @[ IoU=0.50:0.95 | area= large | maxDets=100 ] = -1.000
 Average Recall     (AR) @[ IoU=0.50      | area=   all | maxDets=100 ] = 0.986
 Average Recall     (AR) @[ IoU=0.75      | area=   all | maxDets=100 ] = 0.634
best_stat: {'epoch': 10, 'coco_eval_bbox': 0.3443722658399833}
Epoch: [27/30]  [ 0/45]  eta: 0:00:21  lr: 0.000010  loss: 13.6078 (13.6078)  loss_vfl: 0.3359 (0.3359)  loss_bbox: 0.0209 (0.0209)  loss_giou: 0.2845 (0.2845)  loss_fgl: 1.1415 (1.1415)  loss_vfl_aux_0: 0.4693 (0.4693)  loss_bbox_aux_0: 0.0237 (0.0237)  loss_giou_aux_0: 0.3278 (0.3278)  loss_fgl_aux_0: 1.1930 (1.1930)  loss_ddf_aux_0: 0.0290 (0.0290)  loss_vfl_aux_1: 0.3365 (0.3365)  loss_bbox_aux_1: 0.0210 (0.0210)  loss_giou_aux_1: 0.2860 (0.2860)  loss_fgl_aux_1: 1.1429 (1.1429)  loss_ddf_aux_1: 0.0036 (0.0036)  loss_vfl_pre: 0.4645 (0.4645)  loss_bbox_pre: 0.0236 (0.0236)  loss_giou_pre: 0.3275 (0.3275)  loss_vfl_enc_0: 0.5497 (0.5497)  loss_bbox_enc_0: 0.0329 (0.0329)  loss_giou_enc_0: 0.4394 (0.4394)  loss_vfl_dn_0: 0.4167 (0.4167)  loss_bbox_dn_0: 0.0222 (0.0222)  loss_giou_dn_0: 0.3065 (0.3065)  loss_fgl_dn_0: 1.1902 (1.1902)  loss_ddf_dn_0: 0.1292 (0.1292)  loss_vfl_dn_1: 0.3280 (0.3280)  loss_bbox_dn_1: 0.0165 (0.0165)  loss_giou_dn_1: 0.2381 (0.2381)  loss_fgl_dn_1: 1.0894 (1.0894)  loss_ddf_dn_1: 0.0029 (0.0029)  loss_vfl_dn_2: 0.3259 (0.3259)  loss_bbox_dn_2: 0.0165 (0.0165)  loss_giou_dn_2: 0.2385 (0.2385)  loss_fgl_dn_2: 1.0904 (1.0904)  loss_ddf_dn_2: -0.0000 (0.0000)  loss_vfl_dn_pre: 0.4153 (0.4153)  loss_bbox_dn_pre: 0.0222 (0.0222)  loss_giou_dn_pre: 0.3053 (0.3053)  loss_size: 0.0005 (0.0005)  time: 0.4822  data: 0.2457  max mem: 5225
Epoch: [27/30]  [44/45]  eta: 0:00:00  lr: 0.000010  loss: 13.5526 (13.7072)  loss_vfl: 0.3350 (0.3387)  loss_bbox: 0.0220 (0.0234)  loss_giou: 0.2698 (0.2826)  loss_fgl: 1.1529 (1.1598)  loss_vfl_aux_0: 0.4424 (0.4515)  loss_bbox_aux_0: 0.0258 (0.0254)  loss_giou_aux_0: 0.3073 (0.3079)  loss_fgl_aux_0: 1.1740 (1.1861)  loss_ddf_aux_0: 0.0323 (0.0319)  loss_vfl_aux_1: 0.3423 (0.3453)  loss_bbox_aux_1: 0.0220 (0.0234)  loss_giou_aux_1: 0.2720 (0.2832)  loss_fgl_aux_1: 1.1520 (1.1602)  loss_ddf_aux_1: 0.0038 (0.0038)  loss_vfl_pre: 0.4399 (0.4499)  loss_bbox_pre: 0.0261 (0.0255)  loss_giou_pre: 0.3066 (0.3090)  loss_vfl_enc_0: 0.5460 (0.5542)  loss_bbox_enc_0: 0.0352 (0.0349)  loss_giou_enc_0: 0.4178 (0.4152)  loss_vfl_dn_0: 0.4179 (0.4171)  loss_bbox_dn_0: 0.0255 (0.0262)  loss_giou_dn_0: 0.3242 (0.3223)  loss_fgl_dn_0: 1.1926 (1.1990)  loss_ddf_dn_0: 0.1478 (0.1511)  loss_vfl_dn_1: 0.3299 (0.3306)  loss_bbox_dn_1: 0.0187 (0.0197)  loss_giou_dn_1: 0.2474 (0.2502)  loss_fgl_dn_1: 1.0931 (1.1056)  loss_ddf_dn_1: 0.0047 (0.0048)  loss_vfl_dn_2: 0.3271 (0.3289)  loss_bbox_dn_2: 0.0186 (0.0196)  loss_giou_dn_2: 0.2468 (0.2494)  loss_fgl_dn_2: 1.0923 (1.1043)  loss_ddf_dn_2: -0.0000 (0.0000)  loss_vfl_dn_pre: 0.4172 (0.4164)  loss_bbox_dn_pre: 0.0257 (0.0262)  loss_giou_dn_pre: 0.3262 (0.3230)  loss_size: 0.0008 (0.0008)  time: 0.2425  data: 0.0119  max mem: 5225
Epoch: [27/30] Total time: 0:00:11 (0.2480 s / it)
Averaged stats: lr: 0.000010  loss: 13.5526 (13.7072)  loss_vfl: 0.3350 (0.3387)  loss_bbox: 0.0220 (0.0234)  loss_giou: 0.2698 (0.2826)  loss_fgl: 1.1529 (1.1598)  loss_vfl_aux_0: 0.4424 (0.4515)  loss_bbox_aux_0: 0.0258 (0.0254)  loss_giou_aux_0: 0.3073 (0.3079)  loss_fgl_aux_0: 1.1740 (1.1861)  loss_ddf_aux_0: 0.0323 (0.0319)  loss_vfl_aux_1: 0.3423 (0.3453)  loss_bbox_aux_1: 0.0220 (0.0234)  loss_giou_aux_1: 0.2720 (0.2832)  loss_fgl_aux_1: 1.1520 (1.1602)  loss_ddf_aux_1: 0.0038 (0.0038)  loss_vfl_pre: 0.4399 (0.4499)  loss_bbox_pre: 0.0261 (0.0255)  loss_giou_pre: 0.3066 (0.3090)  loss_vfl_enc_0: 0.5460 (0.5542)  loss_bbox_enc_0: 0.0352 (0.0349)  loss_giou_enc_0: 0.4178 (0.4152)  loss_vfl_dn_0: 0.4179 (0.4171)  loss_bbox_dn_0: 0.0255 (0.0262)  loss_giou_dn_0: 0.3242 (0.3223)  loss_fgl_dn_0: 1.1926 (1.1990)  loss_ddf_dn_0: 0.1478 (0.1511)  loss_vfl_dn_1: 0.3299 (0.3306)  loss_bbox_dn_1: 0.0187 (0.0197)  loss_giou_dn_1: 0.2474 (0.2502)  loss_fgl_dn_1: 1.0931 (1.1056)  loss_ddf_dn_1: 0.0047 (0.0048)  loss_vfl_dn_2: 0.3271 (0.3289)  loss_bbox_dn_2: 0.0186 (0.0196)  loss_giou_dn_2: 0.2468 (0.2494)  loss_fgl_dn_2: 1.0923 (1.1043)  loss_ddf_dn_2: -0.0000 (0.0000)  loss_vfl_dn_pre: 0.4172 (0.4164)  loss_bbox_dn_pre: 0.0257 (0.0262)  loss_giou_dn_pre: 0.3262 (0.3230)  loss_size: 0.0008 (0.0008)
Test:  [0/8]  eta: 0:00:02    time: 0.2944  data: 0.2361  max mem: 5225
Test:  [7/8]  eta: 0:00:00    time: 0.1208  data: 0.0423  max mem: 5225
Test: Total time: 0:00:01 (0.1252 s / it)
Metrics: {'f1': 0.8138801261829653, 'precision': 0.7371428571428571, 'recall': 0.9084507042253521, 'iou': 0.48267792038460994, 'TPs': 129, 'FPs': 46, 'FNs': 13}
Averaged stats: 
Accumulating evaluation results...
COCOeval_opt.accumulate() finished...
DONE (t=0.01s).
IoU metric: bbox
 Average Precision  (AP) @[ IoU=0.50:0.95 | area=   all | maxDets=100 ] = 0.316
 Average Precision  (AP) @[ IoU=0.50      | area=   all | maxDets=100 ] = 0.856
 Average Precision  (AP) @[ IoU=0.75      | area=   all | maxDets=100 ] = 0.099
 Average Precision  (AP) @[ IoU=0.50:0.95 | area= small | maxDets=100 ] = 0.316
 Average Precision  (AP) @[ IoU=0.50:0.95 | area=medium | maxDets=100 ] = -1.000
 Average Precision  (AP) @[ IoU=0.50:0.95 | area= large | maxDets=100 ] = -1.000
 Average Recall     (AR) @[ IoU=0.50:0.95 | area=   all | maxDets=  1 ] = 0.206
 Average Recall     (AR) @[ IoU=0.50:0.95 | area=   all | maxDets= 10 ] = 0.481
 Average Recall     (AR) @[ IoU=0.50:0.95 | area=   all | maxDets=100 ] = 0.604
 Average Recall     (AR) @[ IoU=0.50:0.95 | area= small | maxDets=100 ] = 0.604
 Average Recall     (AR) @[ IoU=0.50:0.95 | area=medium | maxDets=100 ] = -1.000
 Average Recall     (AR) @[ IoU=0.50:0.95 | area= large | maxDets=100 ] = -1.000
 Average Recall     (AR) @[ IoU=0.50      | area=   all | maxDets=100 ] = 0.986
 Average Recall     (AR) @[ IoU=0.75      | area=   all | maxDets=100 ] = 0.648
best_stat: {'epoch': 10, 'coco_eval_bbox': 0.3443722658399833}
Epoch: [28/30]  [ 0/45]  eta: 0:00:21  lr: 0.000010  loss: 13.5194 (13.5194)  loss_vfl: 0.3369 (0.3369)  loss_bbox: 0.0208 (0.0208)  loss_giou: 0.2770 (0.2770)  loss_fgl: 1.1324 (1.1324)  loss_vfl_aux_0: 0.4237 (0.4237)  loss_bbox_aux_0: 0.0226 (0.0226)  loss_giou_aux_0: 0.2953 (0.2953)  loss_fgl_aux_0: 1.1585 (1.1585)  loss_ddf_aux_0: 0.0293 (0.0293)  loss_vfl_aux_1: 0.3653 (0.3653)  loss_bbox_aux_1: 0.0206 (0.0206)  loss_giou_aux_1: 0.2792 (0.2792)  loss_fgl_aux_1: 1.1318 (1.1318)  loss_ddf_aux_1: 0.0033 (0.0033)  loss_vfl_pre: 0.4212 (0.4212)  loss_bbox_pre: 0.0229 (0.0229)  loss_giou_pre: 0.2974 (0.2974)  loss_vfl_enc_0: 0.5807 (0.5807)  loss_bbox_enc_0: 0.0350 (0.0350)  loss_giou_enc_0: 0.4185 (0.4185)  loss_vfl_dn_0: 0.4244 (0.4244)  loss_bbox_dn_0: 0.0255 (0.0255)  loss_giou_dn_0: 0.3302 (0.3302)  loss_fgl_dn_0: 1.1870 (1.1870)  loss_ddf_dn_0: 0.1358 (0.1358)  loss_vfl_dn_1: 0.3243 (0.3243)  loss_bbox_dn_1: 0.0182 (0.0182)  loss_giou_dn_1: 0.2481 (0.2481)  loss_fgl_dn_1: 1.0862 (1.0862)  loss_ddf_dn_1: 0.0037 (0.0037)  loss_vfl_dn_2: 0.3235 (0.3235)  loss_bbox_dn_2: 0.0182 (0.0182)  loss_giou_dn_2: 0.2478 (0.2478)  loss_fgl_dn_2: 1.0864 (1.0864)  loss_ddf_dn_2: -0.0000 (0.0000)  loss_vfl_dn_pre: 0.4254 (0.4254)  loss_bbox_dn_pre: 0.0260 (0.0260)  loss_giou_dn_pre: 0.3357 (0.3357)  loss_size: 0.0007 (0.0007)  time: 0.4853  data: 0.2361  max mem: 5225
Epoch: [28/30]  [44/45]  eta: 0:00:00  lr: 0.000010  loss: 13.9334 (13.6810)  loss_vfl: 0.3506 (0.3421)  loss_bbox: 0.0240 (0.0231)  loss_giou: 0.2813 (0.2820)  loss_fgl: 1.1552 (1.1558)  loss_vfl_aux_0: 0.4516 (0.4507)  loss_bbox_aux_0: 0.0259 (0.0251)  loss_giou_aux_0: 0.3079 (0.3052)  loss_fgl_aux_0: 1.1914 (1.1838)  loss_ddf_aux_0: 0.0330 (0.0331)  loss_vfl_aux_1: 0.3532 (0.3489)  loss_bbox_aux_1: 0.0239 (0.0231)  loss_giou_aux_1: 0.2847 (0.2823)  loss_fgl_aux_1: 1.1582 (1.1566)  loss_ddf_aux_1: 0.0039 (0.0038)  loss_vfl_pre: 0.4500 (0.4489)  loss_bbox_pre: 0.0260 (0.0252)  loss_giou_pre: 0.3110 (0.3061)  loss_vfl_enc_0: 0.5631 (0.5553)  loss_bbox_enc_0: 0.0347 (0.0342)  loss_giou_enc_0: 0.4160 (0.4141)  loss_vfl_dn_0: 0.4144 (0.4146)  loss_bbox_dn_0: 0.0267 (0.0260)  loss_giou_dn_0: 0.3220 (0.3218)  loss_fgl_dn_0: 1.1952 (1.1970)  loss_ddf_dn_0: 0.1623 (0.1599)  loss_vfl_dn_1: 0.3319 (0.3283)  loss_bbox_dn_1: 0.0199 (0.0194)  loss_giou_dn_1: 0.2526 (0.2483)  loss_fgl_dn_1: 1.1088 (1.1029)  loss_ddf_dn_1: 0.0048 (0.0050)  loss_vfl_dn_2: 0.3297 (0.3263)  loss_bbox_dn_2: 0.0198 (0.0194)  loss_giou_dn_2: 0.2519 (0.2476)  loss_fgl_dn_2: 1.1074 (1.1016)  loss_ddf_dn_2: -0.0000 (0.0000)  loss_vfl_dn_pre: 0.4130 (0.4141)  loss_bbox_dn_pre: 0.0268 (0.0261)  loss_giou_dn_pre: 0.3227 (0.3224)  loss_size: 0.0008 (0.0008)  time: 0.2453  data: 0.0121  max mem: 5225
Epoch: [28/30] Total time: 0:00:11 (0.2518 s / it)
Averaged stats: lr: 0.000010  loss: 13.9334 (13.6810)  loss_vfl: 0.3506 (0.3421)  loss_bbox: 0.0240 (0.0231)  loss_giou: 0.2813 (0.2820)  loss_fgl: 1.1552 (1.1558)  loss_vfl_aux_0: 0.4516 (0.4507)  loss_bbox_aux_0: 0.0259 (0.0251)  loss_giou_aux_0: 0.3079 (0.3052)  loss_fgl_aux_0: 1.1914 (1.1838)  loss_ddf_aux_0: 0.0330 (0.0331)  loss_vfl_aux_1: 0.3532 (0.3489)  loss_bbox_aux_1: 0.0239 (0.0231)  loss_giou_aux_1: 0.2847 (0.2823)  loss_fgl_aux_1: 1.1582 (1.1566)  loss_ddf_aux_1: 0.0039 (0.0038)  loss_vfl_pre: 0.4500 (0.4489)  loss_bbox_pre: 0.0260 (0.0252)  loss_giou_pre: 0.3110 (0.3061)  loss_vfl_enc_0: 0.5631 (0.5553)  loss_bbox_enc_0: 0.0347 (0.0342)  loss_giou_enc_0: 0.4160 (0.4141)  loss_vfl_dn_0: 0.4144 (0.4146)  loss_bbox_dn_0: 0.0267 (0.0260)  loss_giou_dn_0: 0.3220 (0.3218)  loss_fgl_dn_0: 1.1952 (1.1970)  loss_ddf_dn_0: 0.1623 (0.1599)  loss_vfl_dn_1: 0.3319 (0.3283)  loss_bbox_dn_1: 0.0199 (0.0194)  loss_giou_dn_1: 0.2526 (0.2483)  loss_fgl_dn_1: 1.1088 (1.1029)  loss_ddf_dn_1: 0.0048 (0.0050)  loss_vfl_dn_2: 0.3297 (0.3263)  loss_bbox_dn_2: 0.0198 (0.0194)  loss_giou_dn_2: 0.2519 (0.2476)  loss_fgl_dn_2: 1.1074 (1.1016)  loss_ddf_dn_2: -0.0000 (0.0000)  loss_vfl_dn_pre: 0.4130 (0.4141)  loss_bbox_dn_pre: 0.0268 (0.0261)  loss_giou_dn_pre: 0.3227 (0.3224)  loss_size: 0.0008 (0.0008)
Test:  [0/8]  eta: 0:00:02    time: 0.2966  data: 0.2396  max mem: 5225
Test:  [7/8]  eta: 0:00:00    time: 0.1013  data: 0.0428  max mem: 5225
Test: Total time: 0:00:00 (0.1056 s / it)
Metrics: {'f1': 0.8213166144200628, 'precision': 0.7401129943502824, 'recall': 0.9225352112676056, 'iou': 0.49033659030782417, 'TPs': 131, 'FPs': 46, 'FNs': 11}
Averaged stats: 
Accumulating evaluation results...
COCOeval_opt.accumulate() finished...
DONE (t=0.01s).
IoU metric: bbox
 Average Precision  (AP) @[ IoU=0.50:0.95 | area=   all | maxDets=100 ] = 0.320
 Average Precision  (AP) @[ IoU=0.50      | area=   all | maxDets=100 ] = 0.851
 Average Precision  (AP) @[ IoU=0.75      | area=   all | maxDets=100 ] = 0.115
 Average Precision  (AP) @[ IoU=0.50:0.95 | area= small | maxDets=100 ] = 0.320
 Average Precision  (AP) @[ IoU=0.50:0.95 | area=medium | maxDets=100 ] = -1.000
 Average Precision  (AP) @[ IoU=0.50:0.95 | area= large | maxDets=100 ] = -1.000
 Average Recall     (AR) @[ IoU=0.50:0.95 | area=   all | maxDets=  1 ] = 0.198
 Average Recall     (AR) @[ IoU=0.50:0.95 | area=   all | maxDets= 10 ] = 0.482
 Average Recall     (AR) @[ IoU=0.50:0.95 | area=   all | maxDets=100 ] = 0.600
 Average Recall     (AR) @[ IoU=0.50:0.95 | area= small | maxDets=100 ] = 0.600
 Average Recall     (AR) @[ IoU=0.50:0.95 | area=medium | maxDets=100 ] = -1.000
 Average Recall     (AR) @[ IoU=0.50:0.95 | area= large | maxDets=100 ] = -1.000
 Average Recall     (AR) @[ IoU=0.50      | area=   all | maxDets=100 ] = 0.993
 Average Recall     (AR) @[ IoU=0.75      | area=   all | maxDets=100 ] = 0.641
best_stat: {'epoch': 10, 'coco_eval_bbox': 0.3443722658399833}
Epoch: [29/30]  [ 0/45]  eta: 0:00:21  lr: 0.000010  loss: 14.1804 (14.1804)  loss_vfl: 0.3499 (0.3499)  loss_bbox: 0.0249 (0.0249)  loss_giou: 0.3138 (0.3138)  loss_fgl: 1.1639 (1.1639)  loss_vfl_aux_0: 0.5029 (0.5029)  loss_bbox_aux_0: 0.0282 (0.0282)  loss_giou_aux_0: 0.3525 (0.3525)  loss_fgl_aux_0: 1.2010 (1.2010)  loss_ddf_aux_0: 0.0325 (0.0325)  loss_vfl_aux_1: 0.3528 (0.3528)  loss_bbox_aux_1: 0.0248 (0.0248)  loss_giou_aux_1: 0.3147 (0.3147)  loss_fgl_aux_1: 1.1655 (1.1655)  loss_ddf_aux_1: 0.0032 (0.0032)  loss_vfl_pre: 0.5000 (0.5000)  loss_bbox_pre: 0.0287 (0.0287)  loss_giou_pre: 0.3565 (0.3565)  loss_vfl_enc_0: 0.5376 (0.5376)  loss_bbox_enc_0: 0.0369 (0.0369)  loss_giou_enc_0: 0.4646 (0.4646)  loss_vfl_dn_0: 0.4230 (0.4230)  loss_bbox_dn_0: 0.0269 (0.0269)  loss_giou_dn_0: 0.3422 (0.3422)  loss_fgl_dn_0: 1.2015 (1.2015)  loss_ddf_dn_0: 0.1759 (0.1759)  loss_vfl_dn_1: 0.3401 (0.3401)  loss_bbox_dn_1: 0.0194 (0.0194)  loss_giou_dn_1: 0.2572 (0.2572)  loss_fgl_dn_1: 1.1161 (1.1161)  loss_ddf_dn_1: 0.0048 (0.0048)  loss_vfl_dn_2: 0.3384 (0.3384)  loss_bbox_dn_2: 0.0193 (0.0193)  loss_giou_dn_2: 0.2554 (0.2554)  loss_fgl_dn_2: 1.1137 (1.1137)  loss_ddf_dn_2: -0.0000 (0.0000)  loss_vfl_dn_pre: 0.4218 (0.4218)  loss_bbox_dn_pre: 0.0269 (0.0269)  loss_giou_dn_pre: 0.3421 (0.3421)  loss_size: 0.0008 (0.0008)  time: 0.4723  data: 0.2355  max mem: 5225
Epoch: [29/30]  [44/45]  eta: 0:00:00  lr: 0.000010  loss: 13.2507 (13.4383)  loss_vfl: 0.3303 (0.3336)  loss_bbox: 0.0219 (0.0219)  loss_giou: 0.2570 (0.2671)  loss_fgl: 1.1427 (1.1414)  loss_vfl_aux_0: 0.4279 (0.4502)  loss_bbox_aux_0: 0.0241 (0.0238)  loss_giou_aux_0: 0.2797 (0.2906)  loss_fgl_aux_0: 1.1669 (1.1711)  loss_ddf_aux_0: 0.0329 (0.0335)  loss_vfl_aux_1: 0.3307 (0.3390)  loss_bbox_aux_1: 0.0220 (0.0219)  loss_giou_aux_1: 0.2597 (0.2676)  loss_fgl_aux_1: 1.1401 (1.1423)  loss_ddf_aux_1: 0.0038 (0.0038)  loss_vfl_pre: 0.4299 (0.4483)  loss_bbox_pre: 0.0241 (0.0239)  loss_giou_pre: 0.2829 (0.2918)  loss_vfl_enc_0: 0.5486 (0.5493)  loss_bbox_enc_0: 0.0336 (0.0336)  loss_giou_enc_0: 0.4065 (0.4062)  loss_vfl_dn_0: 0.4095 (0.4098)  loss_bbox_dn_0: 0.0246 (0.0249)  loss_giou_dn_0: 0.3073 (0.3102)  loss_fgl_dn_0: 1.1838 (1.1877)  loss_ddf_dn_0: 0.1514 (0.1593)  loss_vfl_dn_1: 0.3195 (0.3216)  loss_bbox_dn_1: 0.0186 (0.0187)  loss_giou_dn_1: 0.2313 (0.2381)  loss_fgl_dn_1: 1.0898 (1.0908)  loss_ddf_dn_1: 0.0053 (0.0054)  loss_vfl_dn_2: 0.3170 (0.3196)  loss_bbox_dn_2: 0.0186 (0.0186)  loss_giou_dn_2: 0.2309 (0.2374)  loss_fgl_dn_2: 1.0885 (1.0896)  loss_ddf_dn_2: -0.0000 (0.0000)  loss_vfl_dn_pre: 0.4087 (0.4093)  loss_bbox_dn_pre: 0.0247 (0.0250)  loss_giou_dn_pre: 0.3064 (0.3106)  loss_size: 0.0006 (0.0007)  time: 0.2400  data: 0.0117  max mem: 5225
Epoch: [29/30] Total time: 0:00:11 (0.2464 s / it)
Averaged stats: lr: 0.000010  loss: 13.2507 (13.4383)  loss_vfl: 0.3303 (0.3336)  loss_bbox: 0.0219 (0.0219)  loss_giou: 0.2570 (0.2671)  loss_fgl: 1.1427 (1.1414)  loss_vfl_aux_0: 0.4279 (0.4502)  loss_bbox_aux_0: 0.0241 (0.0238)  loss_giou_aux_0: 0.2797 (0.2906)  loss_fgl_aux_0: 1.1669 (1.1711)  loss_ddf_aux_0: 0.0329 (0.0335)  loss_vfl_aux_1: 0.3307 (0.3390)  loss_bbox_aux_1: 0.0220 (0.0219)  loss_giou_aux_1: 0.2597 (0.2676)  loss_fgl_aux_1: 1.1401 (1.1423)  loss_ddf_aux_1: 0.0038 (0.0038)  loss_vfl_pre: 0.4299 (0.4483)  loss_bbox_pre: 0.0241 (0.0239)  loss_giou_pre: 0.2829 (0.2918)  loss_vfl_enc_0: 0.5486 (0.5493)  loss_bbox_enc_0: 0.0336 (0.0336)  loss_giou_enc_0: 0.4065 (0.4062)  loss_vfl_dn_0: 0.4095 (0.4098)  loss_bbox_dn_0: 0.0246 (0.0249)  loss_giou_dn_0: 0.3073 (0.3102)  loss_fgl_dn_0: 1.1838 (1.1877)  loss_ddf_dn_0: 0.1514 (0.1593)  loss_vfl_dn_1: 0.3195 (0.3216)  loss_bbox_dn_1: 0.0186 (0.0187)  loss_giou_dn_1: 0.2313 (0.2381)  loss_fgl_dn_1: 1.0898 (1.0908)  loss_ddf_dn_1: 0.0053 (0.0054)  loss_vfl_dn_2: 0.3170 (0.3196)  loss_bbox_dn_2: 0.0186 (0.0186)  loss_giou_dn_2: 0.2309 (0.2374)  loss_fgl_dn_2: 1.0885 (1.0896)  loss_ddf_dn_2: -0.0000 (0.0000)  loss_vfl_dn_pre: 0.4087 (0.4093)  loss_bbox_dn_pre: 0.0247 (0.0250)  loss_giou_dn_pre: 0.3064 (0.3106)  loss_size: 0.0006 (0.0007)
Test:  [0/8]  eta: 0:00:02    time: 0.2907  data: 0.2331  max mem: 5225
Test:  [7/8]  eta: 0:00:00    time: 0.1198  data: 0.0418  max mem: 5225
Test: Total time: 0:00:00 (0.1239 s / it)
Metrics: {'f1': 0.8297213622291022, 'precision': 0.7403314917127072, 'recall': 0.9436619718309859, 'iou': 0.5002322827697431, 'TPs': 134, 'FPs': 47, 'FNs': 8}
Averaged stats: 
Accumulating evaluation results...
COCOeval_opt.accumulate() finished...
DONE (t=0.01s).
IoU metric: bbox
 Average Precision  (AP) @[ IoU=0.50:0.95 | area=   all | maxDets=100 ] = 0.343
 Average Precision  (AP) @[ IoU=0.50      | area=   all | maxDets=100 ] = 0.902
 Average Precision  (AP) @[ IoU=0.75      | area=   all | maxDets=100 ] = 0.124
 Average Precision  (AP) @[ IoU=0.50:0.95 | area= small | maxDets=100 ] = 0.343
 Average Precision  (AP) @[ IoU=0.50:0.95 | area=medium | maxDets=100 ] = -1.000
 Average Precision  (AP) @[ IoU=0.50:0.95 | area= large | maxDets=100 ] = -1.000
 Average Recall     (AR) @[ IoU=0.50:0.95 | area=   all | maxDets=  1 ] = 0.198
 Average Recall     (AR) @[ IoU=0.50:0.95 | area=   all | maxDets= 10 ] = 0.485
 Average Recall     (AR) @[ IoU=0.50:0.95 | area=   all | maxDets=100 ] = 0.603
 Average Recall     (AR) @[ IoU=0.50:0.95 | area= small | maxDets=100 ] = 0.603
 Average Recall     (AR) @[ IoU=0.50:0.95 | area=medium | maxDets=100 ] = -1.000
 Average Recall     (AR) @[ IoU=0.50:0.95 | area= large | maxDets=100 ] = -1.000
 Average Recall     (AR) @[ IoU=0.50      | area=   all | maxDets=100 ] = 0.979
 Average Recall     (AR) @[ IoU=0.75      | area=   all | maxDets=100 ] = 0.662
best_stat: {'epoch': 10, 'coco_eval_bbox': 0.3443722658399833}
Training time 0:06:43
