image_id,gt_id,short_side_original_px,stage,candidates,best_iou,best_query,leader_query,leader_iou,best_score,leader_score,best_iou_score_ge_0,count_iou50_score_ge_0,best_iou_score_ge_0.001,count_iou50_score_ge_0.001,best_iou_score_ge_0.05,count_iou50_score_ge_0.05,best_width_relative_error,best_height_relative_error,best_center_error_input_px
1,1,8.000000000000002,encoder_all_counterfactual,34000,0.5491270422935486,18730,5561,0.42440712451934814,0.02722763642668724,0.06536358594894409,0.5491270422935486,2,0.5491270422935486,2,0.42440712451934814,0,0.2692481577396393,-0.019712302833795547,4.352477073669434
1,2,8.000000000000002,encoder_all_counterfactual,34000,0.5034098625183105,2689,5949,0.13650694489479065,0.011619344353675842,0.08200111985206604,0.5034098625183105,1,0.5034098625183105,1,0.37137502431869507,0,0.2848459780216217,0.2891409695148468,4.096705436706543
1,3,7.0,encoder_all_counterfactual,34000,0.5316340327262878,21289,5952,0.1112668365240097,0.015584883280098438,0.08362723886966705,0.5316340327262878,1,0.5316340327262878,1,0.43606072664260864,0,0.6524013876914978,-0.18606047332286835,3.744054079055786
1,1,8.000000000000002,topk,300,0.07710856199264526,211,-1,0,0.06949905306100845,,0.07710856199264526,0,0.07710856199264526,0,0.07710856199264526,0,0.6429495811462402,0.21902784705162048,18.429141998291016
1,2,8.000000000000002,topk,300,0.37137502431869507,284,69,0.13650694489479065,0.06594860553741455,0.08200111985206604,0.37137502431869507,0,0.37137502431869507,0,0.37137502431869507,0,0.6483440399169922,0.6335744857788086,4.557949066162109
1,3,7.0,topk,300,0.43606072664260864,66,59,0.1112668365240097,0.0829094871878624,0.08362723886966705,0.43606072664260864,0,0.43606072664260864,0,0.43606072664260864,0,0.44767099618911743,-0.2801878750324249,6.326133728027344
1,1,8.000000000000002,pre_bbox,300,0.6897193789482117,211,246,0.5858603715896606,0.3284046947956085,0.37394750118255615,0.6897193789482117,7,0.6897193789482117,7,0.6897193789482117,7,0.34872329235076904,-0.09185216575860977,2.467339038848877
1,2,8.000000000000002,pre_bbox,300,0.7569180130958557,261,284,0.6680492162704468,0.11497554183006287,0.6207302808761597,0.7569180130958557,6,0.7569180130958557,6,0.7569180130958557,6,0.023616552352905273,-0.06393355876207352,1.6760257482528687
1,3,7.0,pre_bbox,300,0.6347734928131104,59,61,0.6148707866668701,0.4615575969219208,0.5843047499656677,0.6347734928131104,22,0.6347734928131104,22,0.6347734928131104,22,0.44022607803344727,-0.119051493704319,2.474727153778076
1,1,8.000000000000002,decoder_1,300,0.69236159324646,211,246,0.5882531404495239,0.33127740025520325,0.37902283668518066,0.69236159324646,7,0.69236159324646,7,0.69236159324646,6,0.34346315264701843,-0.09162218123674393,2.4667654037475586
1,2,8.000000000000002,decoder_1,300,0.7144959568977356,261,284,0.6676905155181885,0.11391039937734604,0.6231887936592102,0.7144959568977356,7,0.7144959568977356,7,0.7144959568977356,7,0.0891256034374237,-0.08478905260562897,1.8694952726364136
1,3,7.0,decoder_1,300,0.6374973058700562,59,61,0.6176624298095703,0.46828654408454895,0.5889337062835693,0.6374973058700562,24,0.6374973058700562,24,0.6374973058700562,24,0.4367046058177948,-0.11655232310295105,2.377906322479248
1,1,8.000000000000002,decoder_2,300,0.7028191685676575,211,246,0.6050997972488403,0.07357724756002426,0.6442169547080994,0.7028191685676575,18,0.7028191685676575,18,0.7028191685676575,16,0.2406282126903534,-0.10089965909719467,2.323488712310791
1,2,8.000000000000002,decoder_2,300,0.909861147403717,102,284,0.7950525879859924,0.08899574726819992,0.7047680020332336,0.909861147403717,37,0.909861147403717,37,0.909861147403717,31,-0.06644466519355774,0.0032878797501325607,0.5719159841537476
1,3,7.0,decoder_2,300,0.7102049589157104,191,66,0.5806574821472168,0.05745667964220047,0.7271407246589661,0.7102049589157104,69,0.7102049589157104,69,0.7102049589157104,46,0.35086002945899963,-0.05409127101302147,0.3211810290813446
1,1,8.000000000000002,decoder_3,300,0.7302954792976379,165,246,0.5772517323493958,0.05949876457452774,0.5588045120239258,0.7302954792976379,22,0.7302954792976379,22,0.7302954792976379,14,0.03503963351249695,-0.08463024348020554,2.707026481628418
1,2,8.000000000000002,decoder_3,300,0.8602084517478943,102,284,0.8130689859390259,0.035122983157634735,0.7107002139091492,0.8602084517478943,52,0.8602084517478943,52,0.8500901460647583,30,0.02574250102043152,0.03959432244300842,0.8344337344169617
1,3,7.0,decoder_3,300,0.639095664024353,52,66,0.5724620819091797,0.06355450302362442,0.7406527996063232,0.639095664024353,88,0.639095664024353,88,0.639095664024353,56,0.21546770632266998,-0.1450214982032776,2.404942750930786
1,1,8.000000000000002,final_nms07,133,0.6345603466033936,20,2,0.5772517323493958,0.05668659880757332,0.5588045120239258,0.6345603466033936,4,0.6345603466033936,4,0.6345603466033936,3,0.10250088572502136,-0.2691141963005066,1.417103886604309
1,2,8.000000000000002,final_nms07,133,0.8130689859390259,1,1,0.8130689859390259,0.7107002139091492,0.7107002139091492,0.8130689859390259,7,0.8130689859390259,7,0.8130689859390259,4,0.09159871935844421,0.09899593144655228,0.8635619282722473
1,3,7.0,final_nms07,133,0.5728386044502258,10,0,0.5724620819091797,0.08251199126243591,0.7406527996063232,0.5728386044502258,5,0.5728386044502258,5,0.5728386044502258,5,0.4018794298171997,-0.1499909609556198,3.338453769683838
2,4,7.0,encoder_all_counterfactual,34000,0.6895559430122375,17616,5634,0.13162535429000854,0.01690617762506008,0.06540742516517639,0.6895559430122375,3,0.6895559430122375,3,0.13162535429000854,0,0.26251962780952454,-0.15802963078022003,0.7565416097640991
2,5,8.000000000000002,encoder_all_counterfactual,34000,0.6375530958175659,18733,5715,0.2243940234184265,0.02464599721133709,0.06624244153499603,0.6375530958175659,4,0.6375530958175659,4,0.49759575724601746,0,0.1743319183588028,0.105714350938797,2.7410888671875
2,6,7.0,encoder_all_counterfactual,34000,0.5445253252983093,3086,5956,0.11698906868696213,0.025128670036792755,0.07269256561994553,0.5445253252983093,1,0.5445253252983093,1,0.26107534766197205,0,0.21434102952480316,-0.23489926755428314,3.3006772994995117
2,4,7.0,topk,300,0.13162535429000854,238,238,0.13162535429000854,0.06540742516517639,0.06540742516517639,0.13162535429000854,0,0.13162535429000854,0,0.13162535429000854,0,0.8088314533233643,0.3044540286064148,15.808919906616211
2,5,8.000000000000002,topk,300,0.49428388476371765,293,209,0.2243940234184265,0.06404425948858261,0.06624244153499603,0.49428388476371765,0,0.49428388476371765,0,0.49428388476371765,0,0.5076681971549988,0.34189286828041077,3.7570533752441406
2,6,7.0,topk,300,0.26107534766197205,228,85,0.11698906868696213,0.06574710458517075,0.07269256561994553,0.26107534766197205,0,0.26107534766197205,0,0.26107534766197205,0,1.703703761100769,0.4166913330554962,4.066921234130859
2,4,7.0,pre_bbox,300,0.6565441489219666,238,238,0.6565441489219666,0.367153137922287,0.367153137922287,0.6565441489219666,3,0.6565441489219666,3,0.6565441489219666,3,0.300314337015152,-0.18221302330493927,1.4692744016647339
2,5,8.000000000000002,pre_bbox,300,0.8462299704551697,209,293,0.8357189893722534,0.5324426889419556,0.6497794389724731,0.8462299704551697,9,0.8462299704551697,9,0.8462299704551697,9,0.02414035052061081,-0.10989261418581009,0.6907199621200562
2,6,7.0,pre_bbox,300,0.6906567811965942,21,228,0.6381832957267761,0.19615715742111206,0.644390344619751,0.6906567811965942,18,0.6906567811965942,18,0.6906567811965942,18,0.1962658166885376,-0.20104235410690308,2.429996967315674
2,4,7.0,decoder_1,300,0.6377216577529907,238,238,0.6377216577529907,0.3702329993247986,0.3702329993247986,0.6377216577529907,3,0.6377216577529907,3,0.6377216577529907,3,0.2979044020175934,-0.21270878612995148,0.9616580009460449
2,5,8.000000000000002,decoder_1,300,0.8551462292671204,209,293,0.834354043006897,0.536456286907196,0.6550256609916687,0.8551462292671204,9,0.8551462292671204,9,0.8551462292671204,9,0.022965162992477417,-0.09793153405189514,0.7000833749771118
2,6,7.0,decoder_1,300,0.6930795311927795,264,228,0.6494880318641663,0.4638102054595947,0.649523913860321,0.6930795311927795,17,0.6930795311927795,17,0.6930795311927795,17,0.24215231835842133,-0.16714297235012054,1.621519684791565
2,4,7.0,decoder_2,300,0.7403642535209656,235,238,0.6604489684104919,0.04641195014119148,0.5296443104743958,0.7403642535209656,9,0.7403642535209656,9,0.6921535730361938,7,0.08327345550060272,-0.2109932154417038,0.4831239879131317
2,5,8.000000000000002,decoder_2,300,0.8461030125617981,193,293,0.8161824345588684,0.07006710022687912,0.7087476253509521,0.8461030125617981,18,0.8461030125617981,18,0.8461030125617981,13,0.0843341052532196,-0.08888375014066696,0.6295784711837769
2,6,7.0,decoder_2,300,0.723734974861145,101,228,0.6277596950531006,0.0743328332901001,0.7456331253051758,0.723734974861145,46,0.723734974861145,46,0.723734974861145,28,0.29550957679748535,-0.07360118627548218,0.9548449516296387
2,4,7.0,decoder_3,300,0.7457111477851868,169,238,0.6659291982650757,0.03260601684451103,0.7052088975906372,0.7457111477851868,11,0.7457111477851868,11,0.6659291982650757,4,0.0051917824894189835,-0.25062310695648193,0.2138107270002365
2,5,8.000000000000002,decoder_3,300,0.8921923637390137,168,293,0.8113089799880981,0.22574415802955627,0.7615762948989868,0.8921923637390137,24,0.8921923637390137,24,0.8921923637390137,15,-0.014965564012527466,-0.02131720818579197,0.7677420377731323
2,6,7.0,decoder_3,300,0.7510030269622803,288,228,0.6212407946586609,0.080411896109581,0.7563517689704895,0.7510030269622803,63,0.7510030269622803,63,0.7510030269622803,36,0.27131569385528564,-0.03060326725244522,1.1481504440307617
2,4,7.0,final_nms07,196,0.7457111477851868,41,2,0.6659291982650757,0.03260601684451103,0.7052088975906372,0.7457111477851868,2,0.7457111477851868,2,0.6659291982650757,1,0.0051917824894189835,-0.25062310695648193,0.2138107270002365
2,5,8.000000000000002,final_nms07,196,0.8344218134880066,20,0,0.8113089799880981,0.06462026387453079,0.7615762948989868,0.8344218134880066,5,0.8344218134880066,5,0.8344218134880066,5,0.09608599543571472,0.009252103976905346,1.2993054389953613
2,6,7.0,final_nms07,196,0.6519314050674438,12,1,0.6212407946586609,0.094562828540802,0.7563517689704895,0.6519314050674438,8,0.6519314050674438,8,0.6519314050674438,8,0.46935078501701355,0.04195458069443703,0.8465921878814697
3,7,5.999999999999999,encoder_all_counterfactual,34000,0.5661123991012573,18095,7528,0.1038837805390358,0.015517708845436573,0.05686376988887787,0.5661123991012573,1,0.5661123991012573,1,0.1038837805390358,0,-0.11632231622934341,-0.19047804176807404,2.4571480751037598
3,8,7.0,encoder_all_counterfactual,34000,0.48845088481903076,19695,8223,0.1404409408569336,0.020473044365644455,0.06885237991809845,0.48845088481903076,0,0.48845088481903076,0,0.15837793052196503,0,0.20702725648880005,-0.06309711933135986,3.89106822013855
3,9,7.0,encoder_all_counterfactual,34000,0.48291876912117004,3249,5787,0.15991975367069244,0.016202012076973915,0.07470772415399551,0.48291876912117004,0,0.48291876912117004,0,0.15991975367069244,0,0.598723828792572,0.2508397102355957,3.2387304306030273
3,7,5.999999999999999,topk,300,0.09143394231796265,194,-1,0,0.06841787695884705,,0.09143394231796265,0,0.09143394231796265,0,0.09143394231796265,0,1.8237413167953491,2.873173713684082,11.46094799041748
3,8,7.0,topk,300,0.15837793052196503,264,179,0.1404409408569336,0.06567402929067612,0.06885237991809845,0.15837793052196503,0,0.15837793052196503,0,0.15837793052196503,0,1.1471974849700928,0.019154321402311325,9.996785163879395
3,9,7.0,topk,300,0.15991975367069244,68,68,0.15991975367069244,0.07470772415399551,0.07470772415399551,0.15991975367069244,0,0.15991975367069244,0,0.15991975367069244,0,0.38326162099838257,-0.28766384720802307,9.840838432312012
3,7,5.999999999999999,pre_bbox,300,0.4655112326145172,79,194,0.4559577405452728,0.20557866990566254,0.3992016911506653,0.4655112326145172,0,0.4655112326145172,0,0.4655112326145172,0,0.3993035852909088,0.5351746082305908,2.289848566055298
3,8,7.0,pre_bbox,300,0.7192368507385254,239,279,0.49739962816238403,0.2918512523174286,0.6054731011390686,0.7192368507385254,5,0.7192368507385254,5,0.7192368507385254,5,0.20214299857616425,0.0015477810520678759,2.0693984031677246
3,9,7.0,pre_bbox,300,0.763986349105835,57,69,0.7165324091911316,0.1506718546152115,0.4709314703941345,0.763986349105835,15,0.763986349105835,15,0.763986349105835,15,0.2290535420179367,-0.015331368893384933,1.6022319793701172
3,7,5.999999999999999,decoder_1,300,0.49980172514915466,194,194,0.49980172514915466,0.404882550239563,0.404882550239563,0.49980172514915466,0,0.49980172514915466,0,0.49980172514915466,0,0.3441311717033386,0.48854148387908936,0.49643102288246155
3,8,7.0,decoder_1,300,0.7312142848968506,239,279,0.4923712909221649,0.29621055722236633,0.6088707447052002,0.7312142848968506,5,0.7312142848968506,5,0.7312142848968506,5,0.1980895698070526,-0.007180495653301477,1.911747694015503
3,9,7.0,decoder_1,300,0.7413083910942078,69,69,0.7413083910942078,0.4798014163970947,0.4798014163970947,0.7413083910942078,16,0.7413083910942078,16,0.7413083910942078,16,0.215084046125412,-0.034509703516960144,0.9433630108833313
3,7,5.999999999999999,decoder_2,300,0.589323878288269,207,194,0.47690173983573914,0.08169658482074738,0.60513836145401,0.589323878288269,5,0.589323878288269,5,0.589323878288269,5,0.03111809864640236,0.5548849105834961,1.5673636198043823
3,8,7.0,decoder_2,300,0.704156756401062,219,279,0.5306756496429443,0.07326788455247879,0.5719927549362183,0.704156756401062,21,0.704156756401062,21,0.704156756401062,15,0.19395935535430908,-0.007202774286270142,2.385716438293457
3,9,7.0,decoder_2,300,0.7586131691932678,14,68,0.6251599192619324,0.0777176022529602,0.7065693140029907,0.7586131691932678,68,0.7586131691932678,68,0.7586131691932678,59,0.1853422224521637,-0.1172688752412796,0.8302016258239746
3,7,5.999999999999999,decoder_3,300,0.6550417542457581,237,194,0.48017653822898865,0.061499323695898056,0.6271964907646179,0.6550417542457581,6,0.6550417542457581,6,0.6550417542457581,6,0.07996147871017456,0.41335299611091614,2.2779431343078613
3,8,7.0,decoder_3,300,0.6367592215538025,203,279,0.5340939164161682,0.13912616670131683,0.6478893160820007,0.6367592215538025,25,0.6367592215538025,25,0.6367592215538025,14,0.3091351389884949,0.19961054623126984,1.3493314981460571
3,9,7.0,decoder_3,300,0.7173370718955994,244,68,0.6153005361557007,0.15382960438728333,0.7120854258537292,0.7173370718955994,78,0.7173370718955994,78,0.7173370718955994,54,0.2886878252029419,-0.02080581709742546,1.0092542171478271
3,7,5.999999999999999,final_nms07,162,0.48017653822898865,2,2,0.48017653822898865,0.6271964907646179,0.6271964907646179,0.48017653822898865,0,0.48017653822898865,0,0.48017653822898865,0,0.25975823402404785,0.6531383991241455,0.7334721088409424
3,8,7.0,final_nms07,162,0.5340939164161682,1,1,0.5340939164161682,0.6478893160820007,0.6478893160820007,0.5340939164161682,1,0.5340939164161682,1,0.5340939164161682,1,0.3910263180732727,0.20050300657749176,3.4011595249176025
3,9,7.0,final_nms07,162,0.6153005361557007,0,0,0.6153005361557007,0.7120854258537292,0.7120854258537292,0.6153005361557007,8,0.6153005361557007,8,0.6153005361557007,7,0.3091980814933777,0.05536001920700073,2.026836395263672
4,10,9.0,encoder_all_counterfactual,34000,0.706771731376648,18728,8223,0.174276664853096,0.022096745669841766,0.06752151250839233,0.706771731376648,9,0.706771731376648,9,0.19214725494384766,0,-0.08591803908348083,0.14266489446163177,2.5520107746124268
4,11,7.0,encoder_all_counterfactual,34000,0.544650673866272,20014,8344,0.15926668047904968,0.017672786489129066,0.07222218066453934,0.544650673866272,1,0.544650673866272,1,0.24749670922756195,0,-0.276032030582428,-0.24769076704978943,2.272487163543701
4,12,6.0,encoder_all_counterfactual,34000,0.8817138671875,22419,5728,0.18948271870613098,0.018655236810445786,0.06334036588668823,0.8817138671875,3,0.8817138671875,3,0.23600348830223083,0,-0.014605196192860603,-0.049550894647836685,0.5152330994606018
4,10,9.0,topk,300,0.174276664853096,176,176,0.174276664853096,0.06752151250839233,0.06752151250839233,0.174276664853096,0,0.174276664853096,0,0.174276664853096,0,1.1636430025100708,0.7989839315414429,15.046144485473633
4,11,7.0,topk,300,0.15926668047904968,114,114,0.15926668047904968,0.07222218066453934,0.07222218066453934,0.15926668047904968,0,0.15926668047904968,0,0.15926668047904968,0,1.3994941711425781,0.6561071276664734,12.988116264343262
4,12,6.0,topk,300,0.18948271870613098,277,277,0.18948271870613098,0.06334036588668823,0.06334036588668823,0.18948271870613098,0,0.18948271870613098,0,0.18948271870613098,0,1.2496343851089478,0.6617452502250671,11.591825485229492
4,10,9.0,pre_bbox,300,0.7998605370521545,176,176,0.7998605370521545,0.38606318831443787,0.38606318831443787,0.7998605370521545,7,0.7998605370521545,7,0.7998605370521545,7,0.20159272849559784,-0.046372514218091965,0.3247411251068115
4,11,7.0,pre_bbox,300,0.7550582885742188,274,114,0.6573446989059448,0.2497151792049408,0.5046006441116333,0.7550582885742188,11,0.7550582885742188,11,0.7550582885742188,11,0.258026123046875,-0.0011881982209160924,0.9604800343513489
4,12,6.0,pre_bbox,300,0.6042453646659851,103,277,0.5775377750396729,0.3739684820175171,0.5311405062675476,0.6042453646659851,4,0.6042453646659851,4,0.6042453646659851,4,0.5038594007492065,0.06795702129602432,0.8635759353637695
4,10,9.0,decoder_1,300,0.8017783761024475,176,176,0.8017783761024475,0.3896596133708954,0.3896596133708954,0.8017783761024475,6,0.8017783761024475,6,0.8017783761024475,6,0.18959705531597137,-0.05449226126074791,0.42745712399482727
4,11,7.0,decoder_1,300,0.7571061253547668,274,114,0.6532934904098511,0.25399041175842285,0.5103098154067993,0.7571061253547668,11,0.7571061253547668,11,0.7571061253547668,11,0.23154501616954803,-0.03433147445321083,0.9892601370811462
4,12,6.0,decoder_1,300,0.6054229736328125,103,277,0.5799816846847534,0.38355278968811035,0.5365546941757202,0.6054229736328125,5,0.6054229736328125,5,0.6054229736328125,5,0.49300670623779297,0.07503984868526459,0.9035135507583618
4,10,9.0,decoder_2,300,0.9210335612297058,17,199,0.8001229166984558,0.07042978703975677,0.6582114696502686,0.9210335612297058,11,0.9210335612297058,11,0.9210335612297058,11,0.05182056501507759,-0.03280351310968399,0.39657220244407654
4,11,7.0,decoder_2,300,0.9040991067886353,9,114,0.7565438151359558,0.07890545576810837,0.7048492431640625,0.9040991067886353,38,0.9040991067886353,38,0.9040991067886353,25,0.013781935907900333,-0.031894501298666,0.6736207604408264
4,12,6.0,decoder_2,300,0.864700436592102,130,277,0.632229745388031,0.062393199652433395,0.7509146928787231,0.864700436592102,31,0.864700436592102,31,0.864700436592102,17,0.051874153316020966,-0.0720730796456337,0.727900505065918
4,10,9.0,decoder_3,300,0.8462573885917664,167,199,0.8099979758262634,0.049180399626493454,0.516864538192749,0.8462573885917664,11,0.8462573885917664,11,0.8432595729827881,9,0.0988619327545166,-0.07647742331027985,0.9312888383865356
4,11,7.0,decoder_3,300,0.7922428250312805,25,114,0.7587044835090637,0.05593940615653992,0.7792586088180542,0.7922428250312805,47,0.7922428250312805,47,0.7922428250312805,26,-0.08717184513807297,-0.03472404554486275,1.190962553024292
4,12,6.0,decoder_3,300,0.7378115057945251,130,277,0.6490641236305237,0.04248854145407677,0.7413451671600342,0.7378115057945251,40,0.7378115057945251,40,0.6912093758583069,26,0.2537027895450592,-0.029523931443691254,1.0386770963668823
4,10,9.0,final_nms07,192,0.8099979758262634,2,2,0.8099979758262634,0.516864538192749,0.516864538192749,0.8099979758262634,2,0.8099979758262634,2,0.8099979758262634,2,0.06888730823993683,-0.11855202913284302,1.4676244258880615
4,11,7.0,final_nms07,192,0.7922428250312805,18,0,0.7587044835090637,0.05593940615653992,0.7792586088180542,0.7922428250312805,6,0.7922428250312805,6,0.7922428250312805,6,-0.08717184513807297,-0.03472404554486275,1.190962553024292
4,12,6.0,final_nms07,192,0.650183916091919,13,1,0.6490641236305237,0.06758595257997513,0.7413451671600342,0.650183916091919,5,0.650183916091919,5,0.650183916091919,5,0.28404107689857483,0.18959613144397736,1.6976985931396484
5,13,8.000000000000002,encoder_all_counterfactual,34000,0.7647140622138977,16013,8223,0.14443205296993256,0.02669311687350273,0.06975133717060089,0.7647140622138977,3,0.7647140622138977,3,0.3020802438259125,0,0.02943670004606247,0.008875184692442417,1.8313672542572021
5,14,6.0,encoder_all_counterfactual,34000,0.5494318604469299,21126,5950,0.18323615193367004,0.030901983380317688,0.08376120030879974,0.5494318604469299,3,0.5494318604469299,3,0.3103500008583069,0,0.22627462446689606,0.12072736024856567,3.6820085048675537
5,15,8.000000000000002,encoder_all_counterfactual,34000,0.8057864904403687,23537,7245,0.23699387907981873,0.0173358004540205,0.06089130416512489,0.8057864904403687,2,0.8057864904403687,2,0.23699387907981873,0,0.012349581345915794,0.19549211859703064,0.5434555411338806
5,13,8.000000000000002,topk,300,0.14443205296993256,216,216,0.14443205296993256,0.06975133717060089,0.06975133717060089,0.14443205296993256,0,0.14443205296993256,0,0.14443205296993256,0,1.7419497966766357,1.213322639465332,12.260828971862793
5,14,6.0,topk,300,0.2613205909729004,66,52,0.18323615193367004,0.08209752291440964,0.08376120030879974,0.2613205909729004,0,0.2613205909729004,0,0.2613205909729004,0,1.5406572818756104,0.4399539828300476,8.62825870513916
5,15,8.000000000000002,topk,300,0.047182511538267136,76,-1,0,0.08007460832595825,,0.047182511538267136,0,0.047182511538267136,0,0.047182511538267136,0,0.6950780749320984,0.18642140924930573,14.870357513427734
5,13,8.000000000000002,pre_bbox,300,0.7776686549186707,225,216,0.5733462572097778,0.22673548758029938,0.4929485619068146,0.7776686549186707,16,0.7776686549186707,16,0.7776686549186707,16,0.11586514860391617,0.09276483952999115,1.198284387588501
5,14,6.0,pre_bbox,300,0.6726714372634888,47,52,0.6369435787200928,0.29582029581069946,0.6010295748710632,0.6726714372634888,23,0.6726714372634888,23,0.6726714372634888,23,0.4680258631706238,-0.01824590004980564,0.05600573495030403
5,15,8.000000000000002,pre_bbox,300,0.8290882706642151,87,57,0.6886961460113525,0.3396425247192383,0.3524357080459595,0.8290882706642151,9,0.8290882706642151,9,0.8290882706642151,9,0.07871595770120621,0.11297543346881866,0.9757719039916992
5,13,8.000000000000002,decoder_1,300,0.8236789107322693,225,216,0.5755025744438171,0.2316712886095047,0.4970279932022095,0.8236789107322693,17,0.8236789107322693,17,0.8236789107322693,17,0.08662626147270203,0.08467202633619308,0.8600602746009827
5,14,6.0,decoder_1,300,0.6753652095794678,47,52,0.6454252004623413,0.30254995822906494,0.6070393919944763,0.6753652095794678,24,0.6753652095794678,24,0.6753652095794678,24,0.44529977440834045,-0.03417523577809334,0.11775557696819305
5,15,8.000000000000002,decoder_1,300,0.8830778002738953,87,57,0.6700144410133362,0.34610021114349365,0.3608243763446808,0.8830778002738953,10,0.8830778002738953,10,0.8830778002738953,10,0.05640074610710144,0.05705428496003151,0.6596671342849731
5,13,8.000000000000002,decoder_2,300,0.7561274766921997,155,216,0.6732417345046997,0.07412481307983398,0.6927386522293091,0.7561274766921997,30,0.7561274766921997,30,0.7561274766921997,28,0.13418719172477722,0.14240142703056335,1.4444233179092407
5,14,6.0,decoder_2,300,0.7432189583778381,27,52,0.6337499022483826,0.04238346591591835,0.5812085270881653,0.7432189583778381,49,0.7432189583778381,49,0.7272692322731018,37,0.10602918267250061,-0.02889334410429001,1.5666741132736206
5,15,8.000000000000002,decoder_2,300,0.9376949071884155,76,57,0.8654521703720093,0.17952367663383484,0.6172508597373962,0.9376949071884155,39,0.9376949071884155,39,0.9376949071884155,26,0.02170369029045105,-0.02607939951121807,0.3018123507499695
5,13,8.000000000000002,decoder_3,300,0.7878763675689697,271,216,0.6437543630599976,0.07731623947620392,0.6607311367988586,0.7878763675689697,38,0.7878763675689697,38,0.7878763675689697,25,0.21958443522453308,0.02534511871635914,1.5627903938293457
5,14,6.0,decoder_3,300,0.7777032852172852,246,52,0.6294831037521362,0.06119481846690178,0.6659150719642639,0.7777032852172852,69,0.7777032852172852,69,0.7777032852172852,45,0.22567589581012726,-0.05675484240055084,0.5223198533058167
5,15,8.000000000000002,decoder_3,300,0.9300491213798523,247,57,0.8612378239631653,0.03133104369044304,0.642558753490448,0.9300491213798523,47,0.9300491213798523,47,0.9115699529647827,30,-0.0034182369709014893,0.03566671535372734,0.5128870010375977
5,13,8.000000000000002,final_nms07,145,0.6437543630599976,1,1,0.6437543630599976,0.6607311367988586,0.6607311367988586,0.6437543630599976,2,0.6437543630599976,2,0.6437543630599976,2,0.260313481092453,0.221068874001503,2.1717638969421387
5,14,6.0,final_nms07,145,0.7476882934570312,32,0,0.6294831037521362,0.03496214747428894,0.6659150719642639,0.7476882934570312,5,0.7476882934570312,5,0.6294831037521362,4,-0.18153414130210876,0.09207326173782349,1.2604038715362549
5,15,8.000000000000002,final_nms07,145,0.8612378239631653,2,2,0.8612378239631653,0.642558753490448,0.642558753490448,0.8612378239631653,3,0.8612378239631653,3,0.8612378239631653,3,0.07749173045158386,0.03809378668665886,0.8147264122962952
6,16,10.0,encoder_all_counterfactual,34000,0.6120070219039917,2688,8203,0.23100124299526215,0.01729549840092659,0.0710056945681572,0.6120070219039917,3,0.6120070219039917,3,0.5205483436584473,1,-0.012114439159631729,0.41440701484680176,5.921680927276611
6,17,7.0,encoder_all_counterfactual,34000,0.5666805505752563,19694,5963,0.11769352853298187,0.01008015125989914,0.08719255030155182,0.5666805505752563,3,0.5666805505752563,3,0.40309447050094604,0,0.49950113892555237,-0.16664643585681915,1.686629295349121
6,18,10.0,encoder_all_counterfactual,34000,0.5564009547233582,3329,6026,0.11204046756029129,0.014422786422073841,0.07768363505601883,0.5564009547233582,4,0.5564009547233582,4,0.49909812211990356,0,0.3446508049964905,0.2291194498538971,3.5230178833007812
6,16,10.0,topk,300,0.33604761958122253,194,157,0.23100124299526215,0.06950869411230087,0.0710056945681572,0.33604761958122253,0,0.33604761958122253,0,0.33604761958122253,0,0.8949722647666931,0.5703527927398682,6.4037065505981445
6,17,7.0,topk,300,0.40309447050094604,45,33,0.11769352853298187,0.08490937203168869,0.08719255030155182,0.40309447050094604,0,0.40309447050094604,0,0.40309447050094604,0,0.8351150751113892,0.35185497999191284,3.5692944526672363
6,18,10.0,topk,300,0.49909812211990356,114,78,0.11204046756029129,0.07312461733818054,0.07768363505601883,0.49909812211990356,0,0.49909812211990356,0,0.49909812211990356,0,0.30787089467048645,0.0631038025021553,4.370394706726074
6,16,10.0,pre_bbox,300,0.8460289835929871,38,170,0.6781156063079834,0.053869713097810745,0.5952970385551453,0.8460289835929871,12,0.8460289835929871,12,0.8460289835929871,12,0.11116810888051987,-0.02087218686938286,0.7601463198661804
6,17,7.0,pre_bbox,300,0.7446870803833008,76,45,0.6329188346862793,0.24735471606254578,0.6584209203720093,0.7446870803833008,18,0.7446870803833008,18,0.7446870803833008,18,0.26972219347953796,0.05758998915553093,0.8470200300216675
6,18,10.0,pre_bbox,300,0.7884779572486877,262,114,0.7177276611328125,0.24510933458805084,0.619278609752655,0.7884779572486877,26,0.7884779572486877,26,0.7884779572486877,26,0.07917989045381546,-0.08917514234781265,1.5666333436965942
6,16,10.0,decoder_1,300,0.7155086398124695,79,170,0.6605338454246521,0.07059841603040695,0.5993523001670837,0.7155086398124695,9,0.7155086398124695,9,0.7155086398124695,9,0.09432049840688705,-0.23270966112613678,2.348094940185547
6,17,7.0,decoder_1,300,0.7569600939750671,76,45,0.6340808868408203,0.2543230354785919,0.6627440452575684,0.7569600939750671,17,0.7569600939750671,17,0.7569600939750671,17,0.2192562371492386,0.03309062123298645,0.859932541847229
6,18,10.0,decoder_1,300,0.7993254065513611,222,114,0.7217164635658264,0.09923916310071945,0.6252694725990295,0.7993254065513611,21,0.7993254065513611,21,0.7993254065513611,21,0.031512271612882614,0.1950722187757492,1.070219874382019
6,16,10.0,decoder_2,300,0.7117530703544617,194,194,0.7117530703544617,0.6847735047340393,0.6847735047340393,0.7117530703544617,23,0.7117530703544617,23,0.7117530703544617,9,-0.09399508684873581,-0.20298635959625244,2.385638475418091
6,17,7.0,decoder_2,300,0.7444624304771423,63,45,0.6125404238700867,0.042854033410549164,0.7000211477279663,0.7444624304771423,46,0.7444624304771423,46,0.7384977340698242,20,0.1038886234164238,-0.028152843937277794,1.6320074796676636
6,18,10.0,decoder_2,300,0.7913105487823486,190,99,0.7369959950447083,0.0380929559469223,0.7881836891174316,0.7913105487823486,54,0.7913105487823486,54,0.7760908603668213,28,-0.09746531397104263,-0.12323453277349472,0.8196504712104797
6,16,10.0,decoder_3,300,0.7308315634727478,194,194,0.7308315634727478,0.6540359854698181,0.6540359854698181,0.7308315634727478,31,0.7308315634727478,31,0.7308315634727478,12,-0.08916949480772018,-0.1881941705942154,2.1926488876342773
6,17,7.0,decoder_3,300,0.7665587067604065,8,45,0.6148715615272522,0.07020848989486694,0.6744992136955261,0.7665587067604065,64,0.7665587067604065,64,0.7665587067604065,41,0.1471451073884964,0.02205202728509903,1.4397624731063843
6,18,10.0,decoder_3,300,0.8310002684593201,237,99,0.7148911356925964,0.050219036638736725,0.7538540959358215,0.8310002684593201,65,0.8310002684593201,65,0.8310002684593201,44,-0.014477720484137535,-0.09662273526191711,1.3660377264022827
6,16,10.0,final_nms07,130,0.7308315634727478,2,2,0.7308315634727478,0.6540359854698181,0.6540359854698181,0.7308315634727478,3,0.7308315634727478,3,0.7308315634727478,2,-0.08916949480772018,-0.1881941705942154,2.1926488876342773
6,17,7.0,final_nms07,130,0.6175379157066345,3,1,0.6148715615272522,0.11243710666894913,0.6744992136955261,0.6175379157066345,3,0.6175379157066345,3,0.6175379157066345,3,0.373881995677948,-0.04207456484436989,1.8617457151412964
6,18,10.0,final_nms07,130,0.7981617450714111,4,0,0.7148911356925964,0.09356754273176193,0.7538540959358215,0.7981617450714111,6,0.7981617450714111,6,0.7981617450714111,3,0.060325250029563904,-0.10599762201309204,1.2747222185134888
7,19,11.0,encoder_all_counterfactual,34000,0.6653419137001038,4041,8242,0.1237354576587677,0.03533412888646126,0.060359273105859756,0.6653419137001038,12,0.6653419137001038,12,0.17686013877391815,0,-0.018298054113984108,-0.22182093560695648,3.1364424228668213
7,20,9.0,encoder_all_counterfactual,34000,0.6844682693481445,20822,7611,0.14786727726459503,0.007331289350986481,0.05301510915160179,0.6844682693481445,3,0.6844682693481445,3,0.14786727726459503,0,0.15946577489376068,-0.0457124300301075,2.646008253097534
7,21,8.000000000000002,encoder_all_counterfactual,34000,0.5751095414161682,24973,5711,0.14068131148815155,0.023332616314291954,0.05148399621248245,0.5751095414161682,6,0.5751095414161682,6,0.14068131148815155,0,-0.21699711680412292,0.1268365979194641,2.9322469234466553
7,19,11.0,topk,300,0.1237354576587677,255,255,0.1237354576587677,0.060359273105859756,0.060359273105859756,0.1237354576587677,0,0.1237354576587677,0,0.1237354576587677,0,1.6856968402862549,1.1099345684051514,23.66204833984375
7,20,9.0,topk,300,0.07307835668325424,32,-1,0,0.07389073073863983,,0.07307835668325424,0,0.07307835668325424,0,0.07307835668325424,0,1.3244844675064087,0.15469466149806976,22.8735408782959
7,21,8.000000000000002,topk,300,0.0,0,-1,0,0.08705516904592514,,0.0,0,0.0,0,0.0,0,0.7412091493606567,0.6563856601715088,334.64910888671875
7,19,11.0,pre_bbox,300,0.53712397813797,87,255,0.45715269446372986,0.17901697754859924,0.3201998770236969,0.53712397813797,1,0.53712397813797,1,0.53712397813797,1,-0.16318340599536896,-0.35210850834846497,2.391294479370117
7,20,9.0,pre_bbox,300,0.667411208152771,32,32,0.667411208152771,0.3751247227191925,0.3751247227191925,0.667411208152771,3,0.667411208152771,3,0.667411208152771,3,0.19557669758796692,-0.22727085649967194,1.8317174911499023
7,21,8.000000000000002,pre_bbox,300,0.8557708859443665,56,20,0.6105283498764038,0.06301046162843704,0.20409826934337616,0.8557708859443665,4,0.8557708859443665,4,0.8557708859443665,4,0.03263694792985916,0.13160161674022675,0.48307740688323975
7,19,11.0,decoder_1,300,0.5060096383094788,87,255,0.43647730350494385,0.18353989720344543,0.3262311816215515,0.5060096383094788,1,0.5060096383094788,1,0.5060096383094788,1,-0.17911529541015625,-0.3835807740688324,2.107241630554199
7,20,9.0,decoder_1,300,0.6744527220726013,32,32,0.6744527220726013,0.38295286893844604,0.38295286893844604,0.6744527220726013,3,0.6744527220726013,3,0.6744527220726013,3,0.15029995143413544,-0.24869878590106964,1.3588943481445312
7,21,8.000000000000002,decoder_1,300,0.6217827796936035,20,20,0.6217827796936035,0.20729272067546844,0.20729272067546844,0.6217827796936035,2,0.6217827796936035,2,0.6217827796936035,2,0.08768006414175034,0.4786304831504822,2.8448431491851807
7,19,11.0,decoder_2,300,0.746597945690155,25,255,0.6359241604804993,0.5076195001602173,0.651131808757782,0.746597945690155,9,0.746597945690155,9,0.746597945690155,9,-0.031993865966796875,-0.21148666739463806,0.6307982802391052
7,20,9.0,decoder_2,300,0.7060443162918091,266,32,0.6894941926002502,0.25777891278266907,0.7049075365066528,0.7060443162918091,19,0.7060443162918091,19,0.7060443162918091,19,-0.05876009166240692,-0.24987563490867615,1.6199185848236084
7,21,8.000000000000002,decoder_2,300,0.7251880764961243,47,20,0.683290421962738,0.13442282378673553,0.6926655173301697,0.7251880764961243,14,0.7251880764961243,14,0.7251880764961243,14,0.019773492589592934,0.35221320390701294,2.101954936981201
7,19,11.0,decoder_3,300,0.821408748626709,182,255,0.6506689786911011,0.16734981536865234,0.6593185067176819,0.821408748626709,12,0.821408748626709,12,0.821408748626709,12,-0.08199501037597656,-0.06322131305932999,1.5217006206512451
7,20,9.0,decoder_3,300,0.7733057737350464,140,32,0.6922918558120728,0.16908885538578033,0.6678199768066406,0.7733057737350464,33,0.7733057737350464,33,0.7733057737350464,33,-0.05362211912870407,0.1264948844909668,2.345890522003174
7,21,8.000000000000002,decoder_3,300,0.71769779920578,47,20,0.6646166443824768,0.23444926738739014,0.7173969149589539,0.71769779920578,18,0.71769779920578,18,0.71769779920578,18,-0.013317479752004147,0.2374725639820099,2.257802724838257
7,19,11.0,final_nms07,237,0.6506689786911011,2,2,0.6506689786911011,0.6593185067176819,0.6593185067176819,0.6506689786911011,2,0.6506689786911011,2,0.6506689786911011,2,-0.08083915710449219,-0.29210376739501953,0.5379806756973267
7,20,9.0,final_nms07,237,0.7733057737350464,6,1,0.6922918558120728,0.16908885538578033,0.6678199768066406,0.7733057737350464,7,0.7733057737350464,7,0.7733057737350464,7,-0.05362211912870407,0.1264948844909668,2.345890522003174
7,21,8.000000000000002,final_nms07,237,0.6646166443824768,0,0,0.6646166443824768,0.7173969149589539,0.7173969149589539,0.6646166443824768,4,0.6646166443824768,4,0.6646166443824768,4,-0.10610941797494888,0.15675808489322662,2.5091583728790283
8,22,9.0,encoder_all_counterfactual,34000,0.6696547269821167,3084,4359,0.43883785605430603,0.02367880940437317,0.05122096836566925,0.6696547269821167,2,0.6696547269821167,2,0.43883785605430603,0,0.19007879495620728,0.25479626655578613,0.6255903244018555
8,23,6.999999999999999,encoder_all_counterfactual,34000,0.5176585912704468,22888,8366,0.1077922135591507,0.016420628875494003,0.06305302679538727,0.5176585912704468,1,0.5176585912704468,1,0.21045184135437012,0,-0.32973772287368774,0.4398224651813507,3.0039920806884766
8,24,8.000000000000002,encoder_all_counterfactual,34000,0.5188916921615601,4286,8325,0.15941646695137024,0.0136337885633111,0.07054199278354645,0.5188916921615601,1,0.5188916921615601,1,0.2534993290901184,0,0.2483944445848465,0.5202405452728271,4.406485080718994
8,22,9.0,topk,300,0.06960885226726532,275,-1,0,0.06292960047721863,,0.06960885226726532,0,0.06960885226726532,0,0.06960885226726532,0,2.2175827026367188,1.0061382055282593,27.622617721557617
8,23,6.999999999999999,topk,300,0.1077922135591507,271,271,0.1077922135591507,0.06305302679538727,0.06305302679538727,0.1077922135591507,0,0.1077922135591507,0,0.1077922135591507,0,1.5752191543579102,2.6024553775787354,15.062823295593262
8,24,8.000000000000002,topk,300,0.15941646695137024,106,106,0.15941646695137024,0.07054199278354645,0.07054199278354645,0.15941646695137024,0,0.15941646695137024,0,0.15941646695137024,0,1.826830506324768,1.219054102897644,9.225736618041992
8,22,9.0,pre_bbox,300,0.47270283102989197,104,278,0.34554633498191833,0.15399712324142456,0.17222069203853607,0.47270283102989197,0,0.47270283102989197,0,0.47270283102989197,0,0.0629018247127533,0.03529205918312073,6.295856475830078
8,23,6.999999999999999,pre_bbox,300,0.6440161466598511,230,271,0.5845196843147278,0.3604443073272705,0.4754210114479065,0.6440161466598511,3,0.6440161466598511,3,0.6440161466598511,3,-0.10044308006763458,0.3339879810810089,2.6859290599823
8,24,8.000000000000002,pre_bbox,300,0.7619377970695496,106,106,0.7619377970695496,0.5183047652244568,0.5183047652244568,0.7619377970695496,3,0.7619377970695496,3,0.7619377970695496,3,0.0854925885796547,0.1571764051914215,1.1086483001708984
8,22,9.0,decoder_1,300,0.45751380920410156,104,278,0.3391270637512207,0.15583379566669464,0.17678900063037872,0.45751380920410156,0,0.45751380920410156,0,0.45751380920410156,0,0.045279208570718765,-0.01835356280207634,6.807868480682373
8,23,6.999999999999999,decoder_1,300,0.6489437818527222,230,271,0.5814690589904785,0.3690255284309387,0.4812302887439728,0.6489437818527222,3,0.6489437818527222,3,0.6489437818527222,3,-0.14122772216796875,0.3116929531097412,2.705548048019409
8,24,8.000000000000002,decoder_1,300,0.7604666352272034,106,106,0.7604666352272034,0.5252745151519775,0.5252745151519775,0.7604666352272034,4,0.7604666352272034,4,0.7604666352272034,4,0.05843186005949974,0.1533324122428894,1.1532633304595947
8,22,9.0,decoder_2,300,0.8385673761367798,239,102,0.6877956986427307,0.12374826520681381,0.36886653304100037,0.8385673761367798,9,0.8385673761367798,9,0.8385673761367798,9,-0.03157126158475876,0.07848236709833145,0.9814560413360596
8,23,6.999999999999999,decoder_2,300,0.6461367011070251,297,271,0.5996508002281189,0.16298753023147583,0.7733416557312012,0.6461367011070251,12,0.6461367011070251,12,0.6461367011070251,9,-0.12676239013671875,0.402497261762619,1.5505832433700562
8,24,8.000000000000002,decoder_2,300,0.8537474870681763,117,106,0.7468804121017456,0.07226763665676117,0.7750548720359802,0.8537474870681763,11,0.8537474870681763,11,0.8537474870681763,10,-0.02355891466140747,0.07366634160280228,1.0208232402801514
8,22,9.0,decoder_3,300,0.8642051219940186,139,102,0.8501302599906921,0.06512832641601562,0.5071808695793152,0.8642051219940186,9,0.8642051219940186,9,0.8642051219940186,9,0.09995060414075851,-0.054089099168777466,0.3077002465724945
8,23,6.999999999999999,decoder_3,300,0.7358929514884949,31,271,0.6155117154121399,0.08912843465805054,0.7745576500892639,0.7358929514884949,16,0.7358929514884949,16,0.7358929514884949,16,-0.21229934692382812,0.08937307447195053,0.4511878788471222
8,24,8.000000000000002,decoder_3,300,0.7625123858451843,56,106,0.7407229542732239,0.05790363624691963,0.7624706625938416,0.7625123858451843,16,0.7625123858451843,16,0.7625123858451843,12,-0.03822917863726616,0.19129009544849396,0.897147536277771
8,22,9.0,final_nms07,241,0.8501302599906921,2,2,0.8501302599906921,0.5071808695793152,0.5071808695793152,0.8501302599906921,1,0.8501302599906921,1,0.8501302599906921,1,0.05376245826482773,-0.10915541648864746,0.6287355422973633
8,23,6.999999999999999,final_nms07,241,0.7358929514884949,8,0,0.6155117154121399,0.08912843465805054,0.7745576500892639,0.7358929514884949,4,0.7358929514884949,4,0.7358929514884949,4,-0.21229934692382812,0.08937307447195053,0.4511878788471222
8,24,8.000000000000002,final_nms07,241,0.7407229542732239,1,1,0.7407229542732239,0.7624706625938416,0.7624706625938416,0.7407229542732239,3,0.7407229542732239,3,0.7407229542732239,3,-0.02615121193230152,0.22333736717700958,0.9248266220092773
9,25,9.0,encoder_all_counterfactual,34000,0.6661138534545898,18538,22404,0.10405391454696655,0.037793323397636414,0.04392465576529503,0.6661138534545898,2,0.6661138534545898,2,0.024140872061252594,0,-0.19473013281822205,0.21668577194213867,1.9018614292144775
9,26,10.0,encoder_all_counterfactual,34000,0.6342982649803162,3724,8366,0.11734858900308609,0.017315855249762535,0.06309488415718079,0.6342982649803162,5,0.6342982649803162,5,0.11734858900308609,0,0.21762487292289734,0.21108081936836243,3.0411150455474854
9,27,10.0,encoder_all_counterfactual,34000,0.7546374797821045,4286,8303,0.11546936631202698,0.01933411695063114,0.06802681088447571,0.7546374797821045,10,0.7546374797821045,10,0.2971344590187073,0,0.08926789462566376,0.06078615412116051,2.205033540725708
9,25,9.0,topk,300,0.0,0,-1,0,0.09205129742622375,,0.0,0,0.0,0,0.0,0,0.5602232813835144,0.012482255697250366,389.73138427734375
9,26,10.0,topk,300,0.11734858900308609,251,251,0.11734858900308609,0.06309488415718079,0.06309488415718079,0.11734858900308609,0,0.11734858900308609,0,0.11734858900308609,0,2.2585339546203613,1.6151747703552246,17.4682674407959
9,27,10.0,topk,300,0.16521908342838287,181,136,0.11546936631202698,0.06575337052345276,0.06802681088447571,0.16521908342838287,0,0.16521908342838287,0,0.16521908342838287,0,1.6165858507156372,0.8741806745529175,19.384384155273438
9,25,9.0,pre_bbox,300,0.6332173943519592,70,199,0.5477429628372192,0.19997890293598175,0.2288895547389984,0.6332173943519592,3,0.6332173943519592,3,0.6332173943519592,3,0.11761017143726349,-0.11118169128894806,2.8492655754089355
9,26,10.0,pre_bbox,300,0.8096975088119507,7,251,0.55230313539505,0.06628793478012085,0.39776912331581116,0.8096975088119507,5,0.8096975088119507,5,0.8096975088119507,5,0.12657968699932098,0.006250201724469662,0.9383693933486938
9,27,10.0,pre_bbox,300,0.5943556427955627,108,136,0.4603579342365265,0.3212738037109375,0.3700776696205139,0.5943556427955627,2,0.5943556427955627,2,0.5943556427955627,2,-0.0717935860157013,0.01824938878417015,4.333288192749023
9,25,9.0,decoder_1,300,0.6174436211585999,70,199,0.5798506140708923,0.20550453662872314,0.2337765395641327,0.6174436211585999,3,0.6174436211585999,3,0.6174436211585999,3,0.08534561097621918,-0.14972299337387085,2.969667673110962
9,26,10.0,decoder_1,300,0.6872010231018066,104,251,0.5537354946136475,0.3170853853225708,0.4029983878135681,0.6872010231018066,6,0.6872010231018066,6,0.6872010231018066,6,-0.17517413198947906,-0.16685153543949127,1.1986119747161865
9,27,10.0,decoder_1,300,0.8015533685684204,248,136,0.43716180324554443,0.07266925275325775,0.3758198916912079,0.8015533685684204,3,0.8015533685684204,3,0.8015533685684204,3,-0.08879393339157104,0.09294279664754868,1.5288666486740112
9,25,9.0,decoder_2,300,0.8882338404655457,166,70,0.7724839448928833,0.1540253758430481,0.6978934407234192,0.8882338404655457,15,0.8882338404655457,15,0.8882338404655457,15,0.04322541505098343,-0.0015931176021695137,0.8571702241897583
9,26,10.0,decoder_2,300,0.7841953039169312,45,251,0.6964541077613831,0.10950732231140137,0.5709169507026672,0.7841953039169312,26,0.7841953039169312,26,0.7841953039169312,26,-0.022228041663765907,-0.11459457874298096,1.850088357925415
9,27,10.0,decoder_2,300,0.7429032325744629,250,278,0.6251468062400818,0.05237293988466263,0.48776760697364807,0.7429032325744629,15,0.7429032325744629,15,0.7429032325744629,12,-0.05500849708914757,-0.21385250985622406,0.08077360689640045
9,25,9.0,decoder_3,300,0.87394118309021,62,70,0.7769726514816284,0.23991958796977997,0.7444853782653809,0.87394118309021,18,0.87394118309021,18,0.87394118309021,18,0.11196795850992203,-0.0045484695583581924,1.0720158815383911
9,26,10.0,decoder_3,300,0.8866093754768372,211,251,0.714544415473938,0.04479752108454704,0.6911269426345825,0.8866093754768372,28,0.8866093754768372,28,0.8344805240631104,26,0.025230608880519867,0.06460387259721756,0.7683732509613037
9,27,10.0,decoder_3,300,0.8091971278190613,215,278,0.6351790428161621,0.05482631176710129,0.5623560547828674,0.8091971278190613,21,0.8091971278190613,21,0.8091971278190613,19,-0.09397200495004654,0.1320732831954956,0.6234403848648071
9,25,9.0,final_nms07,211,0.7769726514816284,0,0,0.7769726514816284,0.7444853782653809,0.7444853782653809,0.7769726514816284,3,0.7769726514816284,3,0.7769726514816284,3,0.08344101905822754,0.0527087077498436,1.7365670204162598
9,26,10.0,final_nms07,211,0.7234843969345093,3,1,0.714544415473938,0.23926429450511932,0.6911269426345825,0.7234843969345093,4,0.7234843969345093,4,0.7234843969345093,3,-0.07072943449020386,0.20269416272640228,2.424920082092285
9,27,10.0,final_nms07,211,0.8091971278190613,15,2,0.6351790428161621,0.05482631176710129,0.5623560547828674,0.8091971278190613,4,0.8091971278190613,4,0.8091971278190613,4,-0.09397200495004654,0.1320732831954956,0.6234403848648071
10,28,10.0,encoder_all_counterfactual,34000,0.6245694756507874,20160,7683,0.3473666310310364,0.015659084543585777,0.07546810805797577,0.6245694756507874,7,0.6245694756507874,7,0.4754507839679718,0,0.4428075850009918,0.01869828999042511,5.819888114929199
10,29,5.999999999999999,encoder_all_counterfactual,34000,0.5809861421585083,21626,7409,0.16452331840991974,0.0061691030859947205,0.05873383581638336,0.5809861421585083,1,0.5809861421585083,1,0.16452331840991974,0,0.048554323613643646,0.2649002969264984,3.6776859760284424
10,30,8.000000000000002,encoder_all_counterfactual,34000,0.5553777813911438,3967,7285,0.14356037974357605,0.02008087933063507,0.07028244435787201,0.5553777813911438,5,0.5553777813911438,5,0.4323062300682068,0,0.02248316816985607,0.5346994400024414,4.314644813537598
10,28,10.0,topk,300,0.40350884199142456,153,31,0.3473666310310364,0.0663970336318016,0.07546810805797577,0.40350884199142456,0,0.40350884199142456,0,0.40350884199142456,0,0.003058656118810177,0.6860590577125549,8.510383605957031
10,29,5.999999999999999,topk,300,0.08579692244529724,139,-1,0,0.06690749526023865,,0.08579692244529724,0,0.08579692244529724,0,0.08579692244529724,0,-0.08740977942943573,0.353188157081604,14.598538398742676
10,30,8.000000000000002,topk,300,0.4323062300682068,143,87,0.14356037974357605,0.06684336811304092,0.07028244435787201,0.4323062300682068,0,0.4323062300682068,0,0.4323062300682068,0,0.2855505347251892,0.6462175250053406,5.970233917236328
10,28,10.0,pre_bbox,300,0.7876698970794678,290,31,0.6301177740097046,0.10372111946344376,0.5870190858840942,0.7876698970794678,11,0.7876698970794678,11,0.7876698970794678,10,-0.07486626505851746,0.06547939777374268,1.6263102293014526
10,29,5.999999999999999,pre_bbox,300,0.6659739017486572,95,139,0.5813081860542297,0.13452266156673431,0.4460396468639374,0.6659739017486572,3,0.6659739017486572,3,0.6659739017486572,3,-0.14622792601585388,0.3302823007106781,1.198224663734436
10,30,8.000000000000002,pre_bbox,300,0.7459293603897095,194,143,0.6743223667144775,0.08431042730808258,0.5910519361495972,0.7459293603897095,28,0.7459293603897095,28,0.7459293603897095,28,-0.09735842049121857,0.14499938488006592,1.791319489479065
10,28,10.0,decoder_1,300,0.7658960223197937,290,31,0.628465473651886,0.10338660329580307,0.5946794748306274,0.7658960223197937,10,0.7658960223197937,10,0.7658960223197937,10,-0.04684067517518997,0.08195295929908752,2.1229822635650635
10,29,5.999999999999999,decoder_1,300,0.65422123670578,95,139,0.5787487030029297,0.137424498796463,0.4499553143978119,0.65422123670578,3,0.65422123670578,3,0.65422123670578,3,-0.19751739501953125,0.2823978364467621,0.8026910424232483
10,30,8.000000000000002,decoder_1,300,0.7481797337532043,177,143,0.6729863286018372,0.41675978899002075,0.5982664823532104,0.7481797337532043,31,0.7481797337532043,31,0.7481797337532043,31,-0.05832556635141373,0.21843606233596802,1.1780718564987183
10,28,10.0,decoder_2,300,0.7962157130241394,271,153,0.713671863079071,0.05861733853816986,0.7746609449386597,0.7962157130241394,22,0.7962157130241394,22,0.7962157130241394,15,0.04214254021644592,-0.1431197226047516,0.9908782243728638
10,29,5.999999999999999,decoder_2,300,0.7001424431800842,277,139,0.5353301763534546,0.036714356392621994,0.28501462936401367,0.7001424431800842,14,0.7001424431800842,14,0.6884415745735168,11,0.25043678283691406,-0.1291276067495346,2.0401346683502197
10,30,8.000000000000002,decoder_2,300,0.8502997756004333,156,143,0.7605330944061279,0.11703920364379883,0.7907838225364685,0.8502997756004333,74,0.8502997756004333,74,0.8502997756004333,60,-0.04706095904111862,0.12667657434940338,0.08732551336288452
10,28,10.0,decoder_3,300,0.8208436369895935,86,153,0.7041093707084656,0.09832868725061417,0.7798116207122803,0.8208436369895935,25,0.8208436369895935,25,0.8208436369895935,15,-0.06885306537151337,-0.012195316143333912,1.9523468017578125
10,29,5.999999999999999,decoder_3,300,0.6309158205986023,227,30,0.5300185084342957,0.08798470348119736,0.2395588904619217,0.6309158205986023,27,0.6309158205986023,27,0.6309158205986023,26,-0.08205604553222656,0.49560603499412537,1.8157955408096313
10,30,8.000000000000002,decoder_3,300,0.8917266130447388,124,143,0.7664271593093872,0.1666247546672821,0.7644439339637756,0.8917266130447388,96,0.8917266130447388,96,0.8917266130447388,73,-0.0447530671954155,0.07457321882247925,0.5664116740226746
10,28,10.0,final_nms07,147,0.7848471999168396,18,0,0.7041093707084656,0.08294393122196198,0.7798116207122803,0.7848471999168396,4,0.7848471999168396,4,0.7848471999168396,4,0.06601523607969284,0.11575160920619965,1.8616044521331787
10,29,5.999999999999999,final_nms07,147,0.5487399697303772,4,2,0.5300185084342957,0.11527976393699646,0.2395588904619217,0.5487399697303772,3,0.5487399697303772,3,0.5487399697303772,2,0.10681724548339844,0.5607245564460754,3.112851142883301
10,30,8.000000000000002,final_nms07,147,0.7664271593093872,1,1,0.7664271593093872,0.7644439339637756,0.7644439339637756,0.7664271593093872,11,0.7664271593093872,11,0.7664271593093872,11,-0.12396620959043503,0.163247749209404,0.5601443648338318
11,31,8.000000000000002,encoder_all_counterfactual,34000,0.6261812448501587,18887,4604,0.16051295399665833,0.02859894186258316,0.04708482697606087,0.6261812448501587,4,0.6261812448501587,4,0.05065901577472687,0,-0.013179461471736431,0.33219051361083984,3.5411672592163086
11,32,9.0,encoder_all_counterfactual,34000,0.5980460047721863,3244,5712,0.1443394124507904,0.016214460134506226,0.059553202241659164,0.5980460047721863,5,0.5980460047721863,5,0.3035190999507904,0,0.27666157484054565,0.276070773601532,3.389265775680542
11,33,9.0,encoder_all_counterfactual,34000,0.6330421566963196,23527,5865,0.30323508381843567,0.01623130962252617,0.06343058496713638,0.6330421566963196,2,0.6330421566963196,2,0.30323508381843567,0,-0.06278147548437119,0.06794840097427368,3.165321111679077
11,31,8.000000000000002,topk,300,0.04626323655247688,37,-1,0,0.07418375462293625,,0.04626323655247688,0,0.04626323655247688,0,0.04626323655247688,0,0.7656242251396179,0.12899945676326752,16.83964729309082
11,32,9.0,topk,300,0.0,0,-1,0,0.08459644019603729,,0.0,0,0.0,0,0.0,0,1.278420329093933,0.9358232021331787,139.88328552246094
11,33,9.0,topk,300,0.30323508381843567,276,276,0.30323508381843567,0.06343058496713638,0.06343058496713638,0.30323508381843567,0,0.30323508381843567,0,0.30323508381843567,0,-0.0073063429445028305,-0.30984580516815186,6.699304103851318
11,31,8.000000000000002,pre_bbox,300,0.6573390960693359,37,37,0.6573390960693359,0.3666541874408722,0.3666541874408722,0.6573390960693359,2,0.6573390960693359,2,0.6573390960693359,2,0.20335277915000916,0.21723195910453796,2.0468223094940186
11,32,9.0,pre_bbox,300,0.6455321907997131,32,196,0.128118634223938,0.10345383733510971,0.2105097472667694,0.6455321907997131,4,0.6455321907997131,4,0.6455321907997131,4,0.31549325585365295,0.026546912267804146,3.839609146118164
11,33,9.0,pre_bbox,300,0.7592905163764954,216,276,0.704371988773346,0.2681560516357422,0.49326688051223755,0.7592905163764954,15,0.7592905163764954,15,0.7592905163764954,15,-0.023651929572224617,-0.014342834241688251,2.0104219913482666
11,31,8.000000000000002,decoder_1,300,0.6936319470405579,37,37,0.6936319470405579,0.3704630434513092,0.3704630434513092,0.6936319470405579,2,0.6936319470405579,2,0.6936319470405579,2,0.19316379725933075,0.20431789755821228,1.6123675107955933
11,32,9.0,decoder_1,300,0.6075180768966675,32,196,0.1049562618136406,0.10485526919364929,0.21266214549541473,0.6075180768966675,4,0.6075180768966675,4,0.6075180768966675,4,0.3075140118598938,-0.0018039644928649068,4.357861518859863
11,33,9.0,decoder_1,300,0.8157657980918884,132,276,0.695906400680542,0.0883728638291359,0.49787428975105286,0.8157657980918884,13,0.8157657980918884,13,0.8157657980918884,13,-0.041618749499320984,-0.09290149062871933,1.1308839321136475
11,31,8.000000000000002,decoder_2,300,0.8850619792938232,70,37,0.7461748719215393,0.1439455896615982,0.5965567231178284,0.8850619792938232,5,0.8850619792938232,5,0.8850619792938232,5,-0.0459711067378521,0.08168012648820877,0.44041159749031067
11,32,9.0,decoder_2,300,0.775192379951477,86,252,0.7328031659126282,0.13230109214782715,0.6195220947265625,0.775192379951477,27,0.775192379951477,27,0.775192379951477,23,-0.06001194939017296,0.008916612714529037,1.506577491760254
11,33,9.0,decoder_2,300,0.8954349756240845,51,276,0.8148290514945984,0.05697978660464287,0.7783434391021729,0.8954349756240845,75,0.8954349756240845,75,0.8954349756240845,73,-0.041700344532728195,0.055078115314245224,0.6555696725845337
11,31,8.000000000000002,decoder_3,300,0.7721972465515137,70,37,0.7538882493972778,0.06305350363254547,0.6144832372665405,0.7721972465515137,7,0.7721972465515137,7,0.7721972465515137,5,0.034548673778772354,0.19709959626197815,1.300238847732544
11,32,9.0,decoder_3,300,0.8572718501091003,48,252,0.7030526399612427,0.10746890306472778,0.6681923866271973,0.8572718501091003,35,0.8572718501091003,35,0.8572718501091003,33,-0.04197775572538376,0.02395663969218731,0.9423012733459473
11,33,9.0,decoder_3,300,0.9079191088676453,115,276,0.8183065056800842,0.04722645878791809,0.7605153322219849,0.9079191088676453,86,0.9079191088676453,86,0.8920572996139526,76,-0.08904709666967392,0.0005235061980783939,0.189669668674469
11,31,8.000000000000002,final_nms07,166,0.7538882493972778,2,2,0.7538882493972778,0.6144832372665405,0.6144832372665405,0.7538882493972778,3,0.7538882493972778,3,0.7538882493972778,3,0.08900094032287598,0.21805338561534882,1.3516079187393188
11,32,9.0,final_nms07,166,0.7030526399612427,1,1,0.7030526399612427,0.6681923866271973,0.6681923866271973,0.7030526399612427,6,0.7030526399612427,6,0.7030526399612427,4,-0.07038813829421997,0.12584812939167023,2.304948568344116
11,33,9.0,final_nms07,166,0.8183065056800842,0,0,0.8183065056800842,0.7605153322219849,0.7605153322219849,0.8183065056800842,7,0.8183065056800842,7,0.8183065056800842,6,-0.03367866948246956,0.06898236274719238,1.2112846374511719
12,34,8.000000000000002,encoder_all_counterfactual,34000,0.8032270073890686,18892,5558,0.2598499655723572,0.020612481981515884,0.05092860013246536,0.8032270073890686,5,0.8032270073890686,5,0.2598499655723572,0,0.05437465012073517,-0.16008798778057098,0.37221843004226685
12,35,8.000000000000002,encoder_all_counterfactual,34000,0.7490207552909851,20816,7529,0.10342326760292053,0.011431490071117878,0.05476235970854759,0.7490207552909851,4,0.7490207552909851,4,0.3003981113433838,0,-0.047709498554468155,-0.21345317363739014,0.37843573093414307
12,36,10.0,encoder_all_counterfactual,34000,0.6352140307426453,3486,5954,0.6163846254348755,0.019337080419063568,0.07263686507940292,0.6352140307426453,4,0.6352140307426453,4,0.6163846254348755,1,-0.11727846413850784,-0.11318530887365341,2.9736452102661133
12,34,8.000000000000002,topk,300,0.08302751183509827,277,-1,0,0.06412269920110703,,0.08302751183509827,0,0.08302751183509827,0,0.08302751183509827,0,0.8389413952827454,-0.12290731817483902,13.883501052856445
12,35,8.000000000000002,topk,300,0.0,0,-1,0,0.08631414920091629,,0.0,0,0.0,0,0.0,0,0.8650767207145691,0.5859373807907104,121.42514038085938
12,36,10.0,topk,300,0.6163846254348755,91,91,0.6163846254348755,0.07263686507940292,0.07263686507940292,0.6163846254348755,1,0.6163846254348755,1,0.6163846254348755,1,0.313752144575119,0.06130320951342583,4.4340739250183105
12,34,8.000000000000002,pre_bbox,300,0.8465651869773865,279,277,0.7837460041046143,0.22104774415493011,0.41637876629829407,0.8465651869773865,8,0.8465651869773865,8,0.8465651869773865,8,-0.046622954308986664,-0.05091257765889168,0.8357862234115601
12,35,8.000000000000002,pre_bbox,300,0.48385265469551086,70,24,0.3067796230316162,0.15692710876464844,0.16179420053958893,0.48385265469551086,0,0.48385265469551086,0,0.48385265469551086,0,0.14915452897548676,-0.12691839039325714,4.270513534545898
12,36,10.0,pre_bbox,300,0.854845404624939,29,91,0.7858942151069641,0.36881762742996216,0.5962936878204346,0.854845404624939,15,0.854845404624939,15,0.854845404624939,15,0.03131137788295746,-0.12164007127285004,0.4998873174190521
12,34,8.000000000000002,decoder_1,300,0.8267003893852234,279,277,0.7619859576225281,0.2261303961277008,0.42006680369377136,0.8267003893852234,8,0.8267003893852234,8,0.8267003893852234,8,-0.058980733156204224,-0.08256250619888306,0.7631256580352783
12,35,8.000000000000002,decoder_1,300,0.47036391496658325,288,24,0.2961893379688263,0.060856811702251434,0.1658589094877243,0.47036391496658325,0,0.47036391496658325,0,0.47036391496658325,0,0.26743385195732117,0.516620934009552,5.348982810974121
12,36,10.0,decoder_1,300,0.8262759447097778,29,91,0.7807888388633728,0.37164947390556335,0.6031633615493774,0.8262759447097778,16,0.8262759447097778,16,0.8262759447097778,16,0.001570520456880331,-0.16238701343536377,0.8011237382888794
12,34,8.000000000000002,decoder_2,300,0.9143108129501343,56,277,0.8068791031837463,0.08554381877183914,0.6911140084266663,0.9143108129501343,16,0.9143108129501343,16,0.9143108129501343,16,0.0416695773601532,-0.04150152578949928,0.4531976878643036
12,35,8.000000000000002,decoder_2,300,0.8997077345848083,166,24,0.769895076751709,0.05531095340847969,0.33780866861343384,0.8997077345848083,36,0.8997077345848083,36,0.8997077345848083,30,-0.006347686052322388,-0.08888491988182068,0.604301393032074
12,36,10.0,decoder_2,300,0.9457912445068359,215,91,0.7424903512001038,0.024250827729701996,0.7442262768745422,0.9457912445068359,46,0.9457912445068359,46,0.7424903512001038,27,-0.044667042791843414,-0.0032955342903733253,0.1749061495065689
12,34,8.000000000000002,decoder_3,300,0.8233436942100525,89,277,0.8024900555610657,0.07237505912780762,0.748525083065033,0.8233436942100525,17,0.8233436942100525,17,0.8233436942100525,15,0.060219258069992065,-0.13370394706726074,0.7111189961433411
12,35,8.000000000000002,decoder_3,300,0.9383652806282043,14,28,0.8368688821792603,0.08899213373661041,0.4188430905342102,0.9383652806282043,55,0.9383652806282043,55,0.9383652806282043,50,-0.00021079182624816895,0.06547485291957855,0.20296533405780792
12,36,10.0,decoder_3,300,0.8707703948020935,88,91,0.7336944937705994,0.07982902228832245,0.738937258720398,0.8707703948020935,63,0.8707703948020935,63,0.8707703948020935,47,0.019339188933372498,-0.09474930167198181,0.6227357983589172
12,34,8.000000000000002,final_nms07,163,0.8024900555610657,0,0,0.8024900555610657,0.748525083065033,0.748525083065033,0.8024900555610657,1,0.8024900555610657,1,0.8024900555610657,1,0.22801348567008972,0.0023366964887827635,0.28021296858787537
12,35,8.000000000000002,final_nms07,163,0.8368688821792603,2,2,0.8368688821792603,0.4188430905342102,0.4188430905342102,0.8368688821792603,10,0.8368688821792603,10,0.8368688821792603,9,0.04874536395072937,0.06343627721071243,0.8823767900466919
12,36,10.0,final_nms07,163,0.7979460954666138,9,1,0.7336944937705994,0.10866627842187881,0.738937258720398,0.7979460954666138,11,0.7979460954666138,11,0.7979460954666138,9,0.07930241525173187,0.03214644640684128,1.5600861310958862
13,37,10.0,encoder_all_counterfactual,34000,0.7978084087371826,21121,7247,0.18618321418762207,0.02244998887181282,0.06871379166841507,0.7978084087371826,9,0.7978084087371826,9,0.31343668699264526,0,0.009817695245146751,0.19903814792633057,0.487242728471756
13,38,11.0,encoder_all_counterfactual,34000,0.5294811129570007,20961,5322,0.10830441862344742,0.015096792951226234,0.07168638706207275,0.5294811129570007,3,0.5294811129570007,3,0.42837509512901306,0,-0.013518142513930798,-0.2966811954975128,3.737074136734009
13,39,8.000000000000002,encoder_all_counterfactual,34000,0.6025063991546631,3565,5402,0.2812933325767517,0.01715225540101528,0.06629041582345963,0.6025063991546631,3,0.6025063991546631,3,0.3739856481552124,0,-0.0779949426651001,0.004602870438247919,3.3874123096466064
13,37,10.0,topk,300,0.18618321418762207,212,212,0.18618321418762207,0.06871379166841507,0.06871379166841507,0.18618321418762207,0,0.18618321418762207,0,0.18618321418762207,0,0.7720903158187866,0.13599525392055511,14.054614067077637
13,38,11.0,topk,300,0.42837509512901306,237,154,0.10830441862344742,0.06792434304952621,0.07168638706207275,0.42837509512901306,0,0.42837509512901306,0,0.42837509512901306,0,0.25385934114456177,0.142029270529747,7.064759731292725
13,39,8.000000000000002,topk,300,0.2812933325767517,282,282,0.2812933325767517,0.06629041582345963,0.06629041582345963,0.2812933325767517,0,0.2812933325767517,0,0.2812933325767517,0,1.0524425506591797,0.7320839166641235,5.144812107086182
13,37,10.0,pre_bbox,300,0.7329617142677307,212,212,0.7329617142677307,0.48446229100227356,0.48446229100227356,0.7329617142677307,5,0.7329617142677307,5,0.7329617142677307,5,0.04891166836023331,-0.09591799229383469,2.2476370334625244
13,38,11.0,pre_bbox,300,0.7348083257675171,154,237,0.6624243259429932,0.4247523844242096,0.6134902834892273,0.7348083257675171,15,0.7348083257675171,15,0.7348083257675171,15,-0.11608771979808807,-0.16868595778942108,1.1193550825119019
13,39,8.000000000000002,pre_bbox,300,0.7873179316520691,282,287,0.6958746314048767,0.6071866154670715,0.6259037852287292,0.7873179316520691,7,0.7873179316520691,7,0.7873179316520691,7,0.17384083569049835,0.08203553408384323,0.423245906829834
13,37,10.0,decoder_1,300,0.7562671303749084,88,212,0.7383392453193665,0.3111940920352936,0.48979848623275757,0.7562671303749084,5,0.7562671303749084,5,0.7562671303749084,3,-0.08261489868164062,-0.052090466022491455,2.2058658599853516
13,38,11.0,decoder_1,300,0.7313222289085388,154,237,0.6589404940605164,0.4339952766895294,0.6171551942825317,0.7313222289085388,12,0.7313222289085388,12,0.7313222289085388,12,-0.12433624267578125,-0.16483743488788605,0.9896031618118286
13,39,8.000000000000002,decoder_1,300,0.8003866076469421,282,287,0.7059569954872131,0.6133524775505066,0.6324966549873352,0.8003866076469421,7,0.8003866076469421,7,0.8003866076469421,7,0.15308567881584167,0.08352264761924744,0.3971300721168518
13,37,10.0,decoder_2,300,0.8131791949272156,88,212,0.791872501373291,0.052548326551914215,0.7538743019104004,0.8131791949272156,20,0.8131791949272156,20,0.8131791949272156,9,-0.08053398132324219,-0.07048586755990982,1.2683099508285522
13,38,11.0,decoder_2,300,0.8065869808197021,178,237,0.6294125914573669,0.03510111942887306,0.6961445808410645,0.8065869808197021,39,0.8065869808197021,39,0.7360360622406006,20,0.020721435546875,-0.060506321489810944,1.547061562538147
13,39,8.000000000000002,decoder_2,300,0.9001113176345825,282,287,0.8771002292633057,0.3402801752090454,0.786530613899231,0.9001113176345825,43,0.9001113176345825,43,0.9001113176345825,27,0.08689376711845398,0.022155703976750374,0.48937684297561646
13,37,10.0,decoder_3,300,0.86603182554245,248,212,0.7929432392120361,0.052400801330804825,0.7969921231269836,0.86603182554245,31,0.86603182554245,31,0.86603182554245,17,-0.03219413757324219,0.032603248953819275,1.0484143495559692
13,38,11.0,decoder_3,300,0.8815862536430359,285,237,0.6336292624473572,0.0526324100792408,0.6694865226745605,0.8815862536430359,67,0.8815862536430359,67,0.8815862536430359,56,-0.03029632568359375,-0.09087018668651581,0.7099769115447998
13,39,8.000000000000002,decoder_3,300,0.9172346591949463,164,287,0.8662595748901367,0.05941523611545563,0.7671753764152527,0.9172346591949463,50,0.9172346591949463,50,0.9172346591949463,41,0.06728455424308777,0.011704218573868275,0.5112161040306091
13,37,10.0,final_nms07,160,0.7929432392120361,0,0,0.7929432392120361,0.7969921231269836,0.7969921231269836,0.7929432392120361,3,0.7929432392120361,3,0.7929432392120361,2,-0.03914833068847656,-0.051705699414014816,1.7605630159378052
13,38,11.0,final_nms07,160,0.6623713970184326,6,2,0.6336292624473572,0.08392197638750076,0.6694865226745605,0.6623713970184326,9,0.6623713970184326,9,0.6623713970184326,8,-0.14702987670898438,-0.0969805121421814,2.9146628379821777
13,39,8.000000000000002,final_nms07,160,0.8662595748901367,1,1,0.8662595748901367,0.7671753764152527,0.7671753764152527,0.8662595748901367,7,0.8662595748901367,7,0.8662595748901367,5,0.06904169917106628,0.03762790933251381,0.8082262873649597
14,40,8.000000000000002,encoder_all_counterfactual,34000,0.6473175287246704,18738,8223,0.1616387963294983,0.01769654080271721,0.07046946883201599,0.6473175287246704,6,0.6473175287246704,6,0.38745319843292236,0,0.05358971655368805,0.03186177462339401,2.5814707279205322
14,41,6.999999999999999,encoder_all_counterfactual,34000,0.5222173929214478,2448,5956,0.17566493153572083,0.020277805626392365,0.07527993619441986,0.5222173929214478,2,0.5222173929214478,2,0.2503066062927246,0,0.4136621057987213,0.35457083582878113,3.046299934387207
14,42,5.999999999999999,encoder_all_counterfactual,34000,0.4889242947101593,4768,5247,0.23483599722385406,0.04201752692461014,0.0641263872385025,0.4889242947101593,0,0.4889242947101593,0,0.2900984287261963,0,0.10686860978603363,0.4616001546382904,3.814040422439575
14,40,8.000000000000002,topk,300,0.2261396050453186,153,145,0.1616387963294983,0.07008018344640732,0.07046946883201599,0.2261396050453186,0,0.2261396050453186,0,0.2261396050453186,0,0.4204481244087219,0.5560529828071594,10.338971138000488
14,41,6.999999999999999,topk,300,0.21091200411319733,82,77,0.17566493153572083,0.0750546008348465,0.07527993619441986,0.21091200411319733,0,0.21091200411319733,0,0.21091200411319733,0,0.9840648770332336,1.3896878957748413,4.120830535888672
14,42,5.999999999999999,topk,300,0.08672841638326645,294,-1,0,0.06452180445194244,,0.08672841638326645,0,0.08672841638326645,0,0.08672841638326645,0,0.034118298441171646,0.06822773814201355,15.237128257751465
14,40,8.000000000000002,pre_bbox,300,0.7853156328201294,153,153,0.7853156328201294,0.510429322719574,0.510429322719574,0.7853156328201294,9,0.7853156328201294,9,0.7853156328201294,9,0.08895338326692581,0.08155379444360733,1.3970879316329956
14,41,6.999999999999999,pre_bbox,300,0.7278499603271484,114,82,0.4541817307472229,0.16232746839523315,0.6856150031089783,0.7278499603271484,5,0.7278499603271484,5,0.7278499603271484,5,0.2284902036190033,0.05760669335722923,1.086126446723938
14,42,5.999999999999999,pre_bbox,300,0.6492763757705688,294,147,0.47584211826324463,0.3366798162460327,0.5116694569587708,0.6492763757705688,19,0.6492763757705688,19,0.6492763757705688,19,-0.03652259707450867,0.4592939019203186,0.7539284229278564
14,40,8.000000000000002,decoder_1,300,0.7863847613334656,153,153,0.7863847613334656,0.5146949887275696,0.5146949887275696,0.7863847613334656,9,0.7863847613334656,9,0.7863847613334656,9,0.08788195997476578,0.08928371965885162,1.3942371606826782
14,41,6.999999999999999,decoder_1,300,0.7187517881393433,114,82,0.45346754789352417,0.16659022867679596,0.6899275779724121,0.7187517881393433,6,0.7187517881393433,6,0.7187517881393433,6,0.26643314957618713,0.02051948383450508,1.332235336303711
14,42,5.999999999999999,decoder_1,300,0.6542133092880249,294,147,0.4855423867702484,0.34518396854400635,0.5179767608642578,0.6542133092880249,18,0.6542133092880249,18,0.6542133092880249,18,-0.03978480398654938,0.4646185040473938,0.6404768824577332
14,40,8.000000000000002,decoder_2,300,0.8538475632667542,107,145,0.724438488483429,0.1007235050201416,0.7224680185317993,0.8538475632667542,31,0.8538475632667542,31,0.8538475632667542,25,-0.045376650989055634,0.11466573178768158,0.44699183106422424
14,41,6.999999999999999,decoder_2,300,0.7505824565887451,37,82,0.5106345415115356,0.14617039263248444,0.7310786843299866,0.7505824565887451,30,0.7505824565887451,30,0.7505824565887451,25,0.03133390098810196,0.13992741703987122,1.3437868356704712
14,42,5.999999999999999,decoder_2,300,0.6854334473609924,229,147,0.5953038334846497,0.08825534582138062,0.7212596535682678,0.6854334473609924,43,0.6854334473609924,43,0.6854334473609924,39,-0.02449606917798519,0.3058123290538788,2.0363247394561768
14,40,8.000000000000002,decoder_3,300,0.8534184694290161,129,145,0.7340891361236572,0.058511361479759216,0.7662458419799805,0.8534184694290161,40,0.8534184694290161,40,0.8534184694290161,21,-0.04860303923487663,0.12067180871963501,0.6706011891365051
14,41,6.999999999999999,decoder_3,300,0.6488924622535706,45,82,0.5069684982299805,0.07739941775798798,0.7384912967681885,0.6488924622535706,26,0.6488924622535706,26,0.6488924622535706,21,0.19792471826076508,0.2864637076854706,1.4313855171203613
14,42,5.999999999999999,decoder_3,300,0.7018046379089355,167,147,0.5979514718055725,0.06739295274019241,0.7185189127922058,0.7018046379089355,50,0.7018046379089355,50,0.7018046379089355,29,0.027087412774562836,0.37433990836143494,0.7207780480384827
14,40,8.000000000000002,final_nms07,141,0.8106989860534668,21,0,0.7340891361236572,0.04696773365139961,0.7662458419799805,0.8106989860534668,6,0.8106989860534668,6,0.7340891361236572,2,0.15627948939800262,0.045633167028427124,1.4833937883377075
14,41,6.999999999999999,final_nms07,141,0.5273406505584717,7,1,0.5069684982299805,0.0784498006105423,0.7384912967681885,0.5273406505584717,2,0.5273406505584717,2,0.5273406505584717,2,0.09512762725353241,0.2692173719406128,3.265856981277466
14,42,5.999999999999999,final_nms07,141,0.5979514718055725,2,2,0.5979514718055725,0.7185189127922058,0.7185189127922058,0.5979514718055725,2,0.5979514718055725,2,0.5979514718055725,2,-0.0852167010307312,0.5792202353477478,0.7749080657958984
15,43,7.0,encoder_all_counterfactual,34000,0.6079685091972351,19693,7491,0.1224525049328804,0.017187900841236115,0.06948921829462051,0.6079685091972351,1,0.6079685091972351,1,0.28242412209510803,0,-0.23092323541641235,-0.20948657393455505,2.2245936393737793
15,44,9.0,encoder_all_counterfactual,34000,0.5408284068107605,21468,8344,0.21175672113895416,0.010514114052057266,0.06778165698051453,0.5408284068107605,2,0.5408284068107605,2,0.46353378891944885,0,0.516913115978241,0.21893391013145447,3.001094102859497
15,45,8.000000000000002,encoder_all_counterfactual,34000,0.5798102617263794,22901,5574,0.10919925570487976,0.014156545512378216,0.04745965823531151,0.5798102617263794,2,0.5798102617263794,2,0.09580570459365845,0,-0.09454777091741562,-0.2509230077266693,2.627659320831299
15,43,7.0,topk,300,0.1224525049328804,89,89,0.1224525049328804,0.06948921829462051,0.06948921829462051,0.1224525049328804,0,0.1224525049328804,0,0.1224525049328804,0,2.0831921100616455,0.7554342150688171,17.710737228393555
15,44,9.0,topk,300,0.46353378891944885,179,120,0.21175672113895416,0.06313184648752213,0.06778165698051453,0.46353378891944885,0,0.46353378891944885,0,0.46353378891944885,0,0.14145080745220184,0.06007716804742813,5.143600940704346
15,45,8.000000000000002,topk,300,0.09580570459365845,73,-1,0,0.07131899148225784,,0.09580570459365845,0,0.09580570459365845,0,0.09580570459365845,0,2.831449270248413,1.7242355346679688,8.646604537963867
15,43,7.0,pre_bbox,300,0.5878100395202637,89,89,0.5878100395202637,0.38436803221702576,0.38436803221702576,0.5878100395202637,1,0.5878100395202637,1,0.5878100395202637,1,0.45622697472572327,-0.009863676503300667,2.3097589015960693
15,44,9.0,pre_bbox,300,0.954516589641571,120,179,0.8487337827682495,0.4951390326023102,0.6464436054229736,0.954516589641571,5,0.954516589641571,5,0.954516589641571,5,-0.016654470935463905,-0.023424571380019188,0.2415507435798645
15,45,8.000000000000002,pre_bbox,300,0.8044102191925049,73,73,0.8044102191925049,0.46648767590522766,0.46648767590522766,0.8044102191925049,7,0.8044102191925049,7,0.8044102191925049,7,0.06943364441394806,0.10948710888624191,0.9595125913619995
15,43,7.0,decoder_1,300,0.5916830897331238,89,89,0.5916830897331238,0.390288382768631,0.390288382768631,0.5916830897331238,1,0.5916830897331238,1,0.5916830897331238,1,0.4296460449695587,-0.014720378443598747,2.1830503940582275
15,44,9.0,decoder_1,300,0.9590712189674377,120,179,0.8552138209342957,0.5014050602912903,0.6502711176872253,0.9590712189674377,5,0.9590712189674377,5,0.9590712189674377,5,-0.02510916441679001,-0.014093662612140179,0.13690072298049927
15,45,8.000000000000002,decoder_1,300,0.8235287666320801,73,73,0.8235287666320801,0.47016575932502747,0.47016575932502747,0.8235287666320801,7,0.8235287666320801,7,0.8235287666320801,7,0.04042908549308777,0.09677854180335999,0.816760241985321
15,43,7.0,decoder_2,300,0.7959554195404053,163,89,0.7147612571716309,0.07168266922235489,0.6751224398612976,0.7959554195404053,4,0.7959554195404053,4,0.7959554195404053,3,0.12888279557228088,-0.0007392456755042076,0.970544159412384
15,44,9.0,decoder_2,300,0.863846480846405,57,179,0.8362955451011658,0.0728815495967865,0.7195703387260437,0.863846480846405,18,0.863846480846405,18,0.863846480846405,17,-0.08416089415550232,-0.056767452508211136,0.5067497491836548
15,45,8.000000000000002,decoder_2,300,0.8801994919776917,140,73,0.764355480670929,0.08961101621389389,0.5468893051147461,0.8801994919776917,32,0.8801994919776917,32,0.8801994919776917,27,0.0348796546459198,0.024354370310902596,0.7781327962875366
15,43,7.0,decoder_3,300,0.897615373134613,247,89,0.7308993935585022,0.07116902619600296,0.718701183795929,0.897615373134613,9,0.897615373134613,9,0.897615373134613,9,0.033093295991420746,-0.003369590500369668,0.6132280826568604
15,44,9.0,decoder_3,300,0.872971773147583,147,179,0.8227048516273499,0.07367275655269623,0.7129473090171814,0.872971773147583,22,0.872971773147583,22,0.872971773147583,21,-0.01774255931377411,-0.020947935059666634,0.9635871052742004
15,45,8.000000000000002,decoder_3,300,0.8942995667457581,135,73,0.7388761043548584,0.06917092949151993,0.5949302315711975,0.8942995667457581,37,0.8942995667457581,37,0.8942995667457581,37,-0.008414298295974731,0.02462957799434662,0.6595083475112915
15,43,7.0,final_nms07,239,0.7601026892662048,10,0,0.7308993935585022,0.11233937740325928,0.718701183795929,0.7601026892662048,4,0.7601026892662048,4,0.7601026892662048,4,-0.012420129962265491,0.05509209260344505,1.5230627059936523
15,44,9.0,final_nms07,239,0.8227048516273499,1,1,0.8227048516273499,0.7129473090171814,0.7129473090171814,0.8227048516273499,6,0.8227048516273499,6,0.8227048516273499,5,-0.05507446080446243,-0.06142355874180794,1.116457223892212
15,45,8.000000000000002,final_nms07,239,0.7388761043548584,2,2,0.7388761043548584,0.5949302315711975,0.5949302315711975,0.7388761043548584,7,0.7388761043548584,7,0.7388761043548584,7,0.017491787672042847,0.07792551070451736,1.7614431381225586
16,46,6.999999999999999,encoder_all_counterfactual,34000,0.6742592453956604,19567,4528,0.10336732119321823,0.034399814903736115,0.08301250636577606,0.6742592453956604,1,0.6742592453956604,1,0.2778625190258026,0,0.02364620566368103,-0.1215771958231926,2.2166988849639893
16,46,6.999999999999999,topk,300,0.10336732119321823,170,170,0.10336732119321823,0.08301250636577606,0.08301250636577606,0.10336732119321823,0,0.10336732119321823,0,0.10336732119321823,0,0.0862622931599617,0.11657295376062393,11.869298934936523
16,46,6.999999999999999,pre_bbox,300,0.7101412415504456,170,170,0.7101412415504456,0.44080495834350586,0.44080495834350586,0.7101412415504456,1,0.7101412415504456,1,0.7101412415504456,1,0.23198801279067993,0.0266401544213295,2.0196874141693115
16,46,6.999999999999999,decoder_1,300,0.717621386051178,170,170,0.717621386051178,0.4489475190639496,0.4489475190639496,0.717621386051178,1,0.717621386051178,1,0.717621386051178,1,0.23404361307621002,0.03374629095196724,1.9521353244781494
16,46,6.999999999999999,decoder_2,300,0.8093138337135315,170,170,0.8093138337135315,0.7303490042686462,0.7303490042686462,0.8093138337135315,4,0.8093138337135315,4,0.8093138337135315,1,0.19266319274902344,0.010264750570058823,0.34748509526252747
16,46,6.999999999999999,decoder_3,300,0.8091184496879578,257,170,0.796582818031311,0.03814288601279259,0.7352551221847534,0.8091184496879578,5,0.8091184496879578,5,0.796582818031311,2,0.11750883609056473,-0.03930934518575668,1.1969541311264038
16,46,6.999999999999999,final_nms07,245,0.796582818031311,0,0,0.796582818031311,0.7352551221847534,0.7352551221847534,0.796582818031311,2,0.796582818031311,2,0.796582818031311,2,0.21708595752716064,0.007187600713223219,0.30954232811927795
17,47,8.999999999999998,encoder_all_counterfactual,34000,0.7171889543533325,26759,6058,0.12689079344272614,0.019791776314377785,0.04462983086705208,0.7171889543533325,4,0.7171889543533325,4,0.0,0,-0.22560404241085052,-0.0738733559846878,1.7622528076171875
17,47,8.999999999999998,topk,300,0.0,0,-1,0,0.1023784875869751,,0.0,0,0.0,0,0.0,0,0.24588151276111603,-0.08328850567340851,222.66160583496094
17,47,8.999999999999998,pre_bbox,300,0.15971294045448303,193,193,0.15971294045448303,0.10065638273954391,0.10065638273954391,0.15971294045448303,0,0.15971294045448303,0,0.15971294045448303,0,0.20019525289535522,0.16162334382534027,12.719552993774414
17,47,8.999999999999998,decoder_1,300,0.16629381477832794,193,193,0.16629381477832794,0.09790423512458801,0.09790423512458801,0.16629381477832794,0,0.16629381477832794,0,0.16629381477832794,0,0.39906761050224304,0.14411470293998718,12.586288452148438
17,47,8.999999999999998,decoder_2,300,0.5199844241142273,280,193,0.271680623292923,0.10462689399719238,0.3196600377559662,0.5199844241142273,1,0.5199844241142273,1,0.5199844241142273,1,0.4017617702484131,-0.015345180407166481,3.8649885654449463
17,47,8.999999999999998,decoder_3,300,0.7227845788002014,132,193,0.4852883517742157,0.2866150736808777,0.43188536167144775,0.7227845788002014,2,0.7227845788002014,2,0.7227845788002014,2,0.035344965755939484,0.0367409884929657,2.279400110244751
17,47,8.999999999999998,final_nms07,267,0.7227845788002014,1,0,0.4852883517742157,0.2866150736808777,0.43188536167144775,0.7227845788002014,1,0.7227845788002014,1,0.7227845788002014,1,0.035344965755939484,0.0367409884929657,2.279400110244751
18,48,8.0,encoder_all_counterfactual,34000,0.5986605286598206,21318,5739,0.11894437670707703,0.018378715962171555,0.06607767194509506,0.5986605286598206,3,0.5986605286598206,3,0.1249326765537262,0,-0.19067725539207458,-0.13095083832740784,2.6469016075134277
18,48,8.0,topk,300,0.0,0,-1,0,0.11674117296934128,,0.0,0,0.0,0,0.0,0,0.6196438670158386,-0.36756807565689087,133.6682586669922
18,48,8.0,pre_bbox,300,0.6135128736495972,127,28,0.3317438066005707,0.07170312851667404,0.0927560105919838,0.6135128736495972,1,0.6135128736495972,1,0.6135128736495972,1,0.045965295284986496,-0.12764008343219757,3.630582571029663
18,48,8.0,decoder_1,300,0.5965011119842529,127,290,0.1410646140575409,0.06969129294157028,0.10348685085773468,0.5965011119842529,1,0.5965011119842529,1,0.5965011119842529,1,0.024746432900428772,-0.1460249125957489,3.9775748252868652
18,48,8.0,decoder_2,300,0.6352399587631226,38,127,0.5090144872665405,0.5099584460258484,0.5882006883621216,0.6352399587631226,7,0.6352399587631226,7,0.6352399587631226,6,0.13035888969898224,-0.19479066133499146,2.317683696746826
18,48,8.0,decoder_3,300,0.8130447268486023,290,120,0.709670901298523,0.07691088318824768,0.6069437861442566,0.8130447268486023,15,0.8130447268486023,15,0.8130447268486023,15,0.15501953661441803,-0.037315450608730316,1.4925261735916138
18,48,8.0,final_nms07,211,0.709670901298523,0,0,0.709670901298523,0.6069437861442566,0.6069437861442566,0.709670901298523,4,0.709670901298523,4,0.709670901298523,4,0.13879601657390594,-0.10952367633581161,2.186730146408081
19,49,8.0,encoder_all_counterfactual,34000,0.5373709797859192,3662,5416,0.30828672647476196,0.013990260660648346,0.05713286250829697,0.5373709797859192,2,0.5373709797859192,2,0.30828672647476196,0,0.5009575486183167,-0.04075656458735466,4.20797061920166
19,49,8.0,topk,300,0.0,0,-1,0,0.11666176468133926,,0.0,0,0.0,0,0.0,0,0.5963425636291504,-0.43024933338165283,153.72021484375
19,49,8.0,pre_bbox,300,0.45061779022216797,67,75,0.43948543071746826,0.10672859847545624,0.1123686134815216,0.45061779022216797,0,0.45061779022216797,0,0.45061779022216797,0,0.6364889144897461,-0.13712459802627563,5.528926372528076
19,49,8.0,decoder_1,300,0.5136187076568604,173,75,0.41184183955192566,0.05143914744257927,0.11397608369588852,0.5136187076568604,1,0.5136187076568604,1,0.5136187076568604,1,0.34046050906181335,-0.11364245414733887,5.021263122558594
19,49,8.0,decoder_2,300,0.649986982345581,115,67,0.6209489107131958,0.2366228848695755,0.4269997477531433,0.649986982345581,6,0.649986982345581,6,0.649986982345581,6,0.013711372390389442,-0.18269363045692444,2.894428014755249
19,49,8.0,decoder_3,300,0.704205334186554,116,75,0.6763620376586914,0.21542946994304657,0.5644517540931702,0.704205334186554,7,0.704205334186554,7,0.704205334186554,7,0.11619888246059418,-0.20823924243450165,1.1820042133331299
19,49,8.0,final_nms07,243,0.6763620376586914,0,0,0.6763620376586914,0.5644517540931702,0.5644517540931702,0.6763620376586914,1,0.6763620376586914,1,0.6763620376586914,1,0.1686154156923294,-0.17869794368743896,2.0129024982452393
20,50,6.999999999999999,encoder_all_counterfactual,34000,0.6420093774795532,25805,6058,0.11400476098060608,0.01766437664628029,0.06446363031864166,0.6420093774795532,2,0.6420093774795532,2,0.21669825911521912,0,-0.15647637844085693,0.0351058654487133,3.4165730476379395
20,50,6.999999999999999,topk,300,0.0,0,-1,0,0.11114224791526794,,0.0,0,0.0,0,0.0,0,0.2880014479160309,0.010777514427900314,160.83872985839844
20,50,6.999999999999999,pre_bbox,300,0.17754918336868286,110,247,0.1566404551267624,0.0361868292093277,0.042703285813331604,0.17754918336868286,0,0.17754918336868286,0,0.0,0,0.9478537440299988,1.8915128707885742,3.5069549083709717
20,50,6.999999999999999,decoder_1,300,0.199117511510849,247,188,0.13957615196704865,0.03209307789802551,0.03903502598404884,0.199117511510849,0,0.199117511510849,0,0.0,0,0.45285338163375854,1.615347981452942,13.947150230407715
20,50,6.999999999999999,decoder_2,300,0.3960171937942505,176,110,0.29914119839668274,0.021311640739440918,0.3051486909389496,0.3960171937942505,0,0.3960171937942505,0,0.3854530453681946,0,0.3970881998538971,0.8074387311935425,3.148737668991089
20,50,6.999999999999999,decoder_3,300,0.679164469242096,78,110,0.50348961353302,0.22476333379745483,0.4531870186328888,0.679164469242096,4,0.679164469242096,4,0.679164469242096,4,0.03382785618305206,0.1794627606868744,2.3039140701293945
20,50,6.999999999999999,final_nms07,253,0.5870971083641052,2,0,0.50348961353302,0.2976345717906952,0.4531870186328888,0.5870971083641052,2,0.5870971083641052,2,0.5870971083641052,2,-0.23828190565109253,0.3904757797718048,2.097296953201294
21,51,9.999999999999998,encoder_all_counterfactual,34000,0.6746494174003601,26282,6050,0.14395318925380707,0.030121294781565666,0.0757502093911171,0.6746494174003601,5,0.6746494174003601,5,0.2188696563243866,0,-0.17702019214630127,-0.18023481965065002,1.3890891075134277
21,51,9.999999999999998,topk,300,0.0,0,-1,0,0.11911678314208984,,0.0,0,0.0,0,0.0,0,0.31986138224601746,-0.16347113251686096,168.7903594970703
21,51,9.999999999999998,pre_bbox,300,0.46792635321617126,20,275,0.3650667369365692,0.03600439801812172,0.189644455909729,0.46792635321617126,0,0.46792635321617126,0,0.36547601222991943,0,0.5992949604988098,0.33626890182495117,0.9544457197189331
21,51,9.999999999999998,decoder_1,300,0.36625024676322937,275,275,0.36625024676322937,0.19424580037593842,0.19424580037593842,0.36625024676322937,0,0.36625024676322937,0,0.36625024676322937,0,-0.3396124541759491,-0.1713009476661682,6.3552751541137695
21,51,9.999999999999998,decoder_2,300,0.8108658194541931,207,275,0.5932627320289612,0.19500331580638885,0.6282416582107544,0.8108658194541931,11,0.8108658194541931,11,0.8108658194541931,11,0.1138760894536972,-0.008255566470324993,1.5268601179122925
21,51,9.999999999999998,decoder_3,300,0.7760469913482666,99,275,0.6195879578590393,0.15079031884670258,0.7216484546661377,0.7760469913482666,17,0.7760469913482666,17,0.7760469913482666,17,0.06297427415847778,0.181686669588089,1.4227243661880493
21,51,9.999999999999998,final_nms07,253,0.7760469913482666,2,0,0.6195879578590393,0.15079031884670258,0.7216484546661377,0.7760469913482666,7,0.7760469913482666,7,0.7760469913482666,7,0.06297427415847778,0.181686669588089,1.4227243661880493
22,52,9.999999999999998,encoder_all_counterfactual,34000,0.707314133644104,2300,4692,0.242900088429451,0.016625171527266502,0.06550151109695435,0.707314133644104,11,0.707314133644104,11,0.3128125071525574,0,0.054121460765600204,0.06652490049600601,2.6367111206054688
22,52,9.999999999999998,topk,300,0.005289897788316011,60,-1,0,0.10236646980047226,,0.005289897788316011,0,0.005289897788316011,0,0.005289897788316011,0,0.24593700468540192,0.41167131066322327,26.23253059387207
22,52,9.999999999999998,pre_bbox,300,0.687917947769165,59,60,0.5272564888000488,0.1672459840774536,0.31998640298843384,0.687917947769165,3,0.687917947769165,3,0.687917947769165,3,-0.11481213569641113,0.13800916075706482,2.9512600898742676
22,52,9.999999999999998,decoder_1,300,0.6751853227615356,59,60,0.5455493330955505,0.17146098613739014,0.3245050311088562,0.6751853227615356,3,0.6751853227615356,3,0.6751853227615356,3,-0.1716533601284027,0.03849830478429794,2.504652500152588
22,52,9.999999999999998,decoder_2,300,0.7550362944602966,60,60,0.7550362944602966,0.6120883226394653,0.6120883226394653,0.7550362944602966,9,0.7550362944602966,9,0.7550362944602966,7,-0.13222764432430267,-0.11416886746883392,1.2748373746871948
22,52,9.999999999999998,decoder_3,300,0.7677805423736572,59,60,0.7413426637649536,0.09480588883161545,0.7371821999549866,0.7677805423736572,9,0.7677805423736572,9,0.7677805423736572,8,-0.11524634063243866,-0.07357127219438553,1.4196115732192993
22,52,9.999999999999998,final_nms07,242,0.7413426637649536,0,0,0.7413426637649536,0.7371821999549866,0.7371821999549866,0.7413426637649536,3,0.7413426637649536,3,0.7413426637649536,2,-0.14063642919063568,-0.10828369855880737,1.3659226894378662
23,53,9.999999999999998,encoder_all_counterfactual,34000,0.7142655253410339,5021,6052,0.21412034332752228,0.04925674945116043,0.08093304932117462,0.7142655253410339,4,0.7142655253410339,4,0.408108651638031,0,0.23391221463680267,-0.019082579761743546,2.376664400100708
23,53,9.999999999999998,topk,300,0.408108651638031,294,274,0.21412034332752228,0.0800425186753273,0.08093304932117462,0.408108651638031,0,0.408108651638031,0,0.408108651638031,0,0.3063028156757355,0.5361842513084412,7.729275226593018
23,53,9.999999999999998,pre_bbox,300,0.9363943338394165,282,294,0.7723567485809326,0.4541381895542145,0.5609242916107178,0.9363943338394165,13,0.9363943338394165,13,0.9363943338394165,13,-0.02617437206208706,-0.012128420174121857,0.3794116973876953
23,53,9.999999999999998,decoder_1,300,0.9367085099220276,282,294,0.7655308246612549,0.4623819887638092,0.5683942437171936,0.9367085099220276,11,0.9367085099220276,11,0.9367085099220276,11,-0.03308914974331856,-0.00857020728290081,0.31228041648864746
23,53,9.999999999999998,decoder_2,300,0.8899942636489868,261,294,0.872868537902832,0.05463583767414093,0.746812641620636,0.8899942636489868,25,0.8899942636489868,25,0.8899942636489868,13,0.04330909997224808,0.04479013383388519,0.7562255859375
23,53,9.999999999999998,decoder_3,300,0.8755480051040649,215,294,0.8593137264251709,0.05236005783081055,0.7714135050773621,0.8755480051040649,31,0.8755480051040649,31,0.8755480051040649,16,0.043156687170267105,-0.04152637720108032,0.9063246846199036
23,53,9.999999999999998,final_nms07,244,0.8593137264251709,0,0,0.8593137264251709,0.7714135050773621,0.7714135050773621,0.8593137264251709,5,0.8593137264251709,5,0.8593137264251709,3,-0.05264347791671753,-0.043600235134363174,1.020770788192749
24,54,10.000000000000002,encoder_all_counterfactual,34000,0.6475595235824585,4381,6216,0.12183702737092972,0.02813974767923355,0.09795327484607697,0.6475595235824585,3,0.6475595235824585,3,0.5811406373977661,1,0.0940576121211052,-0.11274699121713638,3.5857834815979004
24,54,10.000000000000002,topk,300,0.397005558013916,86,73,0.12183702737092972,0.09621807187795639,0.09795327484607697,0.397005558013916,0,0.397005558013916,0,0.397005558013916,0,0.6569311618804932,0.22723449766635895,8.345964431762695
24,54,10.000000000000002,pre_bbox,300,0.7572634816169739,95,83,0.7101024985313416,0.18000191450119019,0.6625503301620483,0.7572634816169739,10,0.7572634816169739,10,0.7572634816169739,10,0.12154708802700043,-0.09033147245645523,2.0577404499053955
24,54,10.000000000000002,decoder_1,300,0.7436339259147644,95,83,0.6976357102394104,0.1825813502073288,0.6682220101356506,0.7436339259147644,10,0.7436339259147644,10,0.7436339259147644,10,0.1008240357041359,-0.11882258206605911,1.970491886138916
24,54,10.000000000000002,decoder_2,300,0.7360166311264038,130,83,0.655813455581665,0.0590510368347168,0.6943662166595459,0.7360166311264038,21,0.7360166311264038,21,0.7360166311264038,16,-0.06344497203826904,-0.2112755924463272,2.338135004043579
24,54,10.000000000000002,decoder_3,300,0.7989328503608704,130,83,0.6609250903129578,0.043627090752124786,0.7322778105735779,0.7989328503608704,22,0.7989328503608704,22,0.6889601945877075,10,-0.05964059382677078,-0.15039461851119995,1.5474084615707397
24,54,10.000000000000002,final_nms07,227,0.6904159784317017,31,0,0.6609250903129578,0.02204044535756111,0.7322778105735779,0.6904159784317017,4,0.6904159784317017,4,0.6609250903129578,1,0.13736344873905182,0.19581303000450134,2.996166706085205
25,55,9.999999999999998,encoder_all_counterfactual,34000,0.8379032611846924,16520,5087,0.17482414841651917,0.025233710184693336,0.08591149747371674,0.8379032611846924,7,0.8379032611846924,7,0.34716054797172546,0,-0.12399043887853622,-0.04349812865257263,0.8986444473266602
25,55,9.999999999999998,topk,300,0.17482414841651917,135,135,0.17482414841651917,0.08591149747371674,0.08591149747371674,0.17482414841651917,0,0.17482414841651917,0,0.17482414841651917,0,-0.04708774387836456,0.1776813268661499,12.684667587280273
25,55,9.999999999999998,pre_bbox,300,0.8428667187690735,139,135,0.8015127182006836,0.42116037011146545,0.44196560978889465,0.8428667187690735,4,0.8428667187690735,4,0.8428667187690735,4,-0.05330270901322365,-0.0490255169570446,1.1154751777648926
25,55,9.999999999999998,decoder_1,300,0.8382161855697632,139,135,0.8022739291191101,0.42922285199165344,0.45006728172302246,0.8382161855697632,5,0.8382161855697632,5,0.8382161855697632,5,-0.05570558086037636,-0.048287201672792435,1.1374653577804565
25,55,9.999999999999998,decoder_2,300,0.8257342576980591,139,139,0.8257342576980591,0.7258325815200806,0.7258325815200806,0.8257342576980591,8,0.8257342576980591,8,0.8257342576980591,4,-0.04247142747044563,0.017663726583123207,1.3274701833724976
25,55,9.999999999999998,decoder_3,300,0.8364984393119812,139,139,0.8364984393119812,0.7192093729972839,0.7192093729972839,0.8364984393119812,11,0.8364984393119812,11,0.8364984393119812,3,-0.02905120886862278,0.006856106221675873,1.235325813293457
25,55,9.999999999999998,final_nms07,251,0.8364984393119812,0,0,0.8364984393119812,0.7192093729972839,0.7192093729972839,0.8364984393119812,3,0.8364984393119812,3,0.8364984393119812,1,-0.02905120886862278,0.006856106221675873,1.235325813293457
26,56,10.000000000000002,encoder_all_counterfactual,34000,0.8133777379989624,3341,5800,0.3291349411010742,0.029399322345852852,0.10801379382610321,0.8133777379989624,5,0.8133777379989624,5,0.3291349411010742,0,0.06105327978730202,-0.04509417340159416,1.7021151781082153
26,56,10.000000000000002,topk,300,0.3291349411010742,26,26,0.3291349411010742,0.10801379382610321,0.10801379382610321,0.3291349411010742,0,0.3291349411010742,0,0.3291349411010742,0,-0.035733506083488464,-0.3765339255332947,9.112549781799316
26,56,10.000000000000002,pre_bbox,300,0.759851336479187,3,30,0.6062003374099731,0.11622964590787888,0.48026180267333984,0.759851336479187,15,0.759851336479187,15,0.759851336479187,15,-0.0339939258992672,-0.10496921837329865,2.0146312713623047
26,56,10.000000000000002,decoder_1,300,0.7295981049537659,2,37,0.6422868967056274,0.10943940281867981,0.4881487488746643,0.7295981049537659,13,0.7295981049537659,13,0.7295981049537659,13,-0.0661824569106102,-0.030657542869448662,2.6592509746551514
26,56,10.000000000000002,decoder_2,300,0.7985476851463318,160,30,0.6988874673843384,0.03615967184305191,0.7259671688079834,0.7985476851463318,31,0.7985476851463318,31,0.702551543712616,17,-0.0019514738814905286,-0.13249123096466064,0.8498027920722961
26,56,10.000000000000002,decoder_3,300,0.8134074211120605,23,30,0.6968887448310852,0.03460083529353142,0.7572721242904663,0.8134074211120605,34,0.8134074211120605,34,0.763352632522583,9,-0.03682820498943329,-0.1262594312429428,0.6976022124290466
26,56,10.000000000000002,final_nms07,223,0.7114872932434082,2,0,0.6968887448310852,0.044809456914663315,0.7572721242904663,0.7114872932434082,3,0.7114872932434082,3,0.6968887448310852,1,0.1764325201511383,-0.13609609007835388,2.3370370864868164
27,57,13.999999999999998,encoder_all_counterfactual,34000,0.7433347105979919,3798,5951,0.2013787478208542,0.03116353414952755,0.09569356590509415,0.7433347105979919,13,0.7433347105979919,13,0.6751898527145386,2,0.026755817234516144,0.2803189158439636,1.7248796224594116
27,58,12.999999999999998,encoder_all_counterfactual,34000,0.5533920526504517,21594,6193,0.4604012370109558,0.007746074814349413,0.09424363821744919,0.5533920526504517,4,0.5533920526504517,4,0.5282416939735413,1,0.2523949444293976,-0.35676494240760803,1.48135244846344
27,59,12.999999999999998,encoder_all_counterfactual,34000,0.4934089481830597,23199,6194,0.22610579431056976,0.015778806060552597,0.09275887906551361,0.4934089481830597,0,0.4934089481830597,0,0.22610579431056976,0,-0.059742655605077744,-0.19506782293319702,6.546408176422119
27,57,13.999999999999998,topk,300,0.6751898527145386,206,41,0.2013787478208542,0.08276344835758209,0.09569356590509415,0.6751898527145386,2,0.6751898527145386,2,0.6751898527145386,2,-0.11021557450294495,-0.01593354158103466,5.245432376861572
27,58,12.999999999999998,topk,300,0.4604012370109558,54,54,0.4604012370109558,0.09424363821744919,0.09424363821744919,0.4604012370109558,0,0.4604012370109558,0,0.4604012370109558,0,-0.01923123002052307,0.2267189919948578,7.898974895477295
27,59,12.999999999999998,topk,300,0.22610579431056976,64,64,0.22610579431056976,0.09275887906551361,0.09275887906551361,0.22610579431056976,0,0.22610579431056976,0,0.22610579431056976,0,0.010100563988089561,0.3752465844154358,14.78183364868164
27,57,13.999999999999998,pre_bbox,300,0.6853801012039185,11,206,0.5386594533920288,0.20320932567119598,0.6167848110198975,0.6853801012039185,23,0.6853801012039185,23,0.6853801012039185,23,-0.1769556701183319,-0.1672632098197937,2.133143424987793
27,58,12.999999999999998,pre_bbox,300,0.7891409397125244,164,54,0.6144081950187683,0.25058668851852417,0.6031452417373657,0.7891409397125244,18,0.7891409397125244,18,0.7891409397125244,18,-0.09470175951719284,-0.1044519767165184,1.9393181800842285
27,59,12.999999999999998,pre_bbox,300,0.7713396549224854,37,64,0.5990270972251892,0.31517988443374634,0.47029033303260803,0.7713396549224854,4,0.7713396549224854,4,0.7713396549224854,4,-0.1682773381471634,-0.037580493837594986,1.5172812938690186
27,57,13.999999999999998,decoder_1,300,0.6654243469238281,11,206,0.5346288084983826,0.207355335354805,0.6215085983276367,0.6654243469238281,22,0.6654243469238281,22,0.6654243469238281,22,-0.18837745487689972,-0.18012908101081848,2.3264434337615967
27,58,12.999999999999998,decoder_1,300,0.7796741724014282,33,54,0.6170566082000732,0.15174968540668488,0.6094926595687866,0.7796741724014282,13,0.7796741724014282,13,0.7796741724014282,13,-0.05573676526546478,-0.11548350006341934,2.414081573486328
27,59,12.999999999999998,decoder_1,300,0.7662178874015808,37,64,0.5939211249351501,0.3217010796070099,0.48058992624282837,0.7662178874015808,4,0.7662178874015808,4,0.7662178874015808,4,-0.18346180021762848,-0.06162701174616814,1.805037498474121
27,57,13.999999999999998,decoder_2,300,0.7252461314201355,100,206,0.5592403411865234,0.04854597523808479,0.7266566753387451,0.7252461314201355,33,0.7252461314201355,33,0.5933251976966858,21,-0.1796186864376068,-0.10872210562229156,2.040059804916382
27,58,12.999999999999998,decoder_2,300,0.7857000827789307,224,54,0.6088152527809143,0.02976624108850956,0.6937762498855591,0.7857000827789307,35,0.7857000827789307,35,0.7729358077049255,21,-0.1411166936159134,-0.0155376261100173,2.2505576610565186
27,59,12.999999999999998,decoder_2,300,0.8012146353721619,188,64,0.5762802958488464,0.0335630401968956,0.6750500202178955,0.8012146353721619,17,0.8012146353721619,17,0.6145164966583252,9,0.016564011573791504,0.0007273123483173549,2.0231399536132812
27,57,13.999999999999998,decoder_3,300,0.660130500793457,100,206,0.567592978477478,0.08400315791368484,0.7612565159797668,0.660130500793457,44,0.660130500793457,44,0.660130500793457,32,-0.20954447984695435,-0.1222858801484108,2.640285015106201
27,58,12.999999999999998,decoder_3,300,0.7842389941215515,16,54,0.601935625076294,0.16914886236190796,0.7861152291297913,0.7842389941215515,53,0.7842389941215515,53,0.7842389941215515,42,-0.06105978414416313,-0.06630917638540268,2.260584831237793
27,59,12.999999999999998,decoder_3,300,0.77423095703125,35,64,0.586152970790863,0.07658802717924118,0.746763288974762,0.77423095703125,26,0.77423095703125,26,0.77423095703125,19,-0.023151550441980362,-0.1397392600774765,1.989078402519226
27,57,13.999999999999998,final_nms07,169,0.5934207439422607,21,1,0.567592978477478,0.05442903935909271,0.7612565159797668,0.5934207439422607,3,0.5934207439422607,3,0.5934207439422607,2,-0.23753666877746582,-0.22170522809028625,2.1950924396514893
27,58,12.999999999999998,final_nms07,169,0.7842389941215515,3,0,0.601935625076294,0.16914886236190796,0.7861152291297913,0.7842389941215515,5,0.7842389941215515,5,0.7842389941215515,5,-0.06105978414416313,-0.06630917638540268,2.260584831237793
27,59,12.999999999999998,final_nms07,169,0.7277607321739197,6,2,0.586152970790863,0.10629209876060486,0.746763288974762,0.7277607321739197,7,0.7277607321739197,7,0.7277607321739197,6,-0.04845263436436653,-0.07193085551261902,2.809486150741577
28,60,12.999999999999998,encoder_all_counterfactual,34000,0.6884431838989258,4280,6035,0.22275495529174805,0.02890869975090027,0.10046228766441345,0.6884431838989258,11,0.6884431838989258,11,0.5446455478668213,1,-0.04010770842432976,0.056820098310709,3.455854654312134
28,61,13.0,encoder_all_counterfactual,34000,0.7530142068862915,4119,6201,0.18050040304660797,0.027519483119249344,0.0918961837887764,0.7530142068862915,10,0.7530142068862915,10,0.6424591541290283,2,-0.04685772582888603,0.27883586287498474,2.9869484901428223
28,62,13.999999999999998,encoder_all_counterfactual,34000,0.6549473404884338,3802,5721,0.31953397393226624,0.016427045688033104,0.057674724608659744,0.6549473404884338,8,0.6549473404884338,8,0.31953397393226624,0,-0.014903058297932148,-0.050227221101522446,4.138931751251221
28,60,12.999999999999998,topk,300,0.29935500025749207,106,12,0.22275495529174805,0.09099508076906204,0.10046228766441345,0.29935500025749207,0,0.29935500025749207,0,0.29935500025749207,0,0.07025051862001419,0.20343449711799622,12.205759048461914
28,61,13.0,topk,300,0.44693365693092346,148,87,0.18050040304660797,0.0886283591389656,0.0918961837887764,0.44693365693092346,0,0.44693365693092346,0,0.44693365693092346,0,0.3091062009334564,0.1652509868144989,7.869269371032715
28,62,13.999999999999998,topk,300,0.09221675992012024,188,-1,0,0.08667183667421341,,0.09221675992012024,0,0.09221675992012024,0,0.09221675992012024,0,0.104570671916008,0.18289321660995483,24.18529510498047
28,60,12.999999999999998,pre_bbox,300,0.7391824722290039,119,106,0.6504296660423279,0.19892114400863647,0.5405769944190979,0.7391824722290039,18,0.7391824722290039,18,0.7391824722290039,18,-0.09864248335361481,-0.17980986833572388,1.3076627254486084
28,61,13.0,pre_bbox,300,0.9172172546386719,2,148,0.736167311668396,0.07257162034511566,0.5728212594985962,0.9172172546386719,10,0.9172172546386719,10,0.9172172546386719,10,0.00018217394244857132,-0.028512684628367424,0.8165355920791626
28,62,13.999999999999998,pre_bbox,300,0.6580632328987122,188,188,0.6580632328987122,0.2983465790748596,0.2983465790748596,0.6580632328987122,3,0.6580632328987122,3,0.6580632328987122,2,-0.13919375836849213,0.008775741793215275,3.8986129760742188
28,60,12.999999999999998,decoder_1,300,0.7395094037055969,137,106,0.6553703546524048,0.37795764207839966,0.5482770204544067,0.7395094037055969,17,0.7395094037055969,17,0.7395094037055969,17,-0.1047881692647934,-0.17392735183238983,1.8446451425552368
28,61,13.0,decoder_1,300,0.8084453344345093,2,148,0.7261087894439697,0.07225872576236725,0.5776676535606384,0.8084453344345093,14,0.8084453344345093,14,0.8084453344345093,14,0.17228685319423676,-0.060730431228876114,0.7000396847724915
28,62,13.999999999999998,decoder_1,300,0.680552065372467,188,188,0.680552065372467,0.2999289929866791,0.2999289929866791,0.680552065372467,4,0.680552065372467,4,0.680552065372467,1,-0.15989889204502106,-0.07177793979644775,2.9235949516296387
28,60,12.999999999999998,decoder_2,300,0.8682764768600464,249,106,0.693237841129303,0.050685860216617584,0.7751787900924683,0.8682764768600464,30,0.8682764768600464,30,0.8682764768600464,26,-0.07411991059780121,-0.002823244547471404,0.8519533276557922
28,61,13.0,decoder_2,300,0.8526765704154968,1,148,0.6975178718566895,0.03721722587943077,0.7090308666229248,0.8526765704154968,55,0.8526765704154968,55,0.8100166916847229,49,-0.08340562134981155,0.01458780374377966,1.2576216459274292
28,62,13.999999999999998,decoder_2,300,0.8063685894012451,175,188,0.7582458853721619,0.06849370151758194,0.4770881235599518,0.8063685894012451,14,0.8063685894012451,14,0.8063685894012451,14,-0.06528154015541077,-0.041342854499816895,2.056753396987915
28,60,12.999999999999998,decoder_3,300,0.7605287432670593,249,106,0.6884230971336365,0.07175484299659729,0.7891455888748169,0.7605287432670593,33,0.7605287432670593,33,0.7605287432670593,24,-0.09844576567411423,-0.15642498433589935,1.0722633600234985
28,61,13.0,decoder_3,300,0.8860039710998535,68,148,0.6993963122367859,0.13285845518112183,0.7856194972991943,0.8860039710998535,73,0.8860039710998535,73,0.8860039710998535,67,0.030020102858543396,-0.04323870316147804,1.1346944570541382
28,62,13.999999999999998,decoder_3,300,0.8247923254966736,241,188,0.7539209127426147,0.18928489089012146,0.5838460922241211,0.8247923254966736,27,0.8247923254966736,27,0.8247923254966736,22,-0.04000764712691307,-0.11835215985774994,1.0585541725158691
28,60,12.999999999999998,final_nms07,169,0.6884230971336365,0,0,0.6884230971336365,0.7891455888748169,0.7891455888748169,0.6884230971336365,1,0.6884230971336365,1,0.6884230971336365,1,-0.14223048090934753,-0.19742648303508759,1.0386351346969604
28,61,13.0,final_nms07,169,0.7221663594245911,4,1,0.6993963122367859,0.1769832819700241,0.7856194972991943,0.7221663594245911,9,0.7221663594245911,9,0.7221663594245911,9,-0.11385277658700943,-0.1001952663064003,3.0234570503234863
28,62,13.999999999999998,final_nms07,169,0.8247923254966736,3,2,0.7539209127426147,0.18928489089012146,0.5838460922241211,0.8247923254966736,8,0.8247923254966736,8,0.8247923254966736,7,-0.04000764712691307,-0.11835215985774994,1.0585541725158691
29,63,9.0,encoder_all_counterfactual,34000,0.6236839294433594,20760,5795,0.15671436488628387,0.02681812085211277,0.07299008965492249,0.6236839294433594,4,0.6236839294433594,4,0.29940250515937805,0,-0.2869897782802582,-0.12528066337108612,1.493528127670288
29,64,8.999999999999998,encoder_all_counterfactual,34000,0.5746532082557678,22421,6192,0.11918457597494125,0.010062191635370255,0.0940164178609848,0.5746532082557678,2,0.5746532082557678,2,0.19472730159759521,0,-0.04569274187088013,0.15530115365982056,3.8468987941741943
29,65,9.999999999999998,encoder_all_counterfactual,34000,0.5476391315460205,3801,29444,0.4928070604801178,0.011878369376063347,0.029933040961623192,0.5476391315460205,2,0.5476391315460205,2,0.0,0,0.22665169835090637,0.2115171104669571,4.94033145904541
29,63,9.0,topk,300,0.04628114774823189,192,-1,0,0.08973842114210129,,0.04628114774823189,0,0.04628114774823189,0,0.04628114774823189,0,0.2254379689693451,0.7198636531829834,20.924516677856445
29,64,8.999999999999998,topk,300,0.11918457597494125,112,112,0.11918457597494125,0.0940164178609848,0.0940164178609848,0.11918457597494125,0,0.11918457597494125,0,0.11918457597494125,0,0.3460938334465027,0.5225710868835449,18.08953094482422
29,65,9.999999999999998,topk,300,0.0,0,-1,0,0.10606301575899124,,0.0,0,0.0,0,0.0,0,0.2110937386751175,0.35379835963249207,196.00538635253906
29,63,9.0,pre_bbox,300,0.6742563247680664,87,192,0.5605771541595459,0.33329519629478455,0.3661777377128601,0.6742563247680664,10,0.6742563247680664,10,0.6742563247680664,10,0.16490870714187622,0.2609074115753174,2.415541648864746
29,64,8.999999999999998,pre_bbox,300,0.7716916799545288,287,112,0.6288887858390808,0.18027183413505554,0.38393113017082214,0.7716916799545288,3,0.7716916799545288,3,0.7716916799545288,3,0.2180122286081314,0.0639117956161499,0.5275313854217529
29,65,9.999999999999998,pre_bbox,300,0.4240294396877289,17,149,0.29208695888519287,0.04549799859523773,0.1080971509218216,0.4240294396877289,0,0.4240294396877289,0,0.36864450573921204,0,0.2969817817211151,0.5291585326194763,7.072383880615234
29,63,9.0,decoder_1,300,0.688229501247406,142,192,0.5473032593727112,0.18697573244571686,0.37100064754486084,0.688229501247406,10,0.688229501247406,10,0.688229501247406,10,0.005608492065221071,0.2594072222709656,2.0060160160064697
29,64,8.999999999999998,decoder_1,300,0.7838837504386902,287,112,0.642085611820221,0.18378274142742157,0.38456305861473083,0.7838837504386902,4,0.7838837504386902,4,0.7838837504386902,4,0.18711966276168823,0.004185615573078394,0.7817597389221191
29,65,9.999999999999998,decoder_1,300,0.32994017004966736,89,149,0.2571974992752075,0.0630299299955368,0.1093878298997879,0.32994017004966736,0,0.32994017004966736,0,0.32994017004966736,0,0.4734203815460205,1.0570119619369507,1.5778582096099854
29,63,9.0,decoder_2,300,0.836029589176178,192,87,0.7754729986190796,0.35140493512153625,0.7413203716278076,0.836029589176178,16,0.836029589176178,16,0.836029589176178,16,0.011535844765603542,0.1824861764907837,1.5273526906967163
29,64,8.999999999999998,decoder_2,300,0.7714899778366089,171,112,0.6491109728813171,0.12392754852771759,0.6579422354698181,0.7714899778366089,34,0.7714899778366089,34,0.7714899778366089,34,0.15023165941238403,0.09646645188331604,1.2596933841705322
29,65,9.999999999999998,decoder_2,300,0.8140006065368652,149,149,0.8140006065368652,0.42861664295196533,0.42861664295196533,0.8140006065368652,34,0.8140006065368652,34,0.8140006065368652,34,0.05357884243130684,0.017174946144223213,1.8132799863815308
29,63,9.0,decoder_3,300,0.8194265365600586,192,87,0.7662537693977356,0.09177403151988983,0.736918568611145,0.8194265365600586,22,0.8194265365600586,22,0.8194265365600586,18,0.029326900839805603,0.18559519946575165,1.6066303253173828
29,64,8.999999999999998,decoder_3,300,0.7831422090530396,243,112,0.6546920537948608,0.12672767043113708,0.7794891595840454,0.7831422090530396,51,0.7831422090530396,51,0.7831422090530396,46,0.02523471601307392,0.08576866239309311,1.7341551780700684
29,65,9.999999999999998,decoder_3,300,0.9459779262542725,90,149,0.893500804901123,0.13913464546203613,0.49264371395111084,0.9459779262542725,55,0.9459779262542725,55,0.9459779262542725,48,0.03210073709487915,0.02422567456960678,0.2607579529285431
29,63,9.0,final_nms07,177,0.7662537693977356,1,1,0.7662537693977356,0.736918568611145,0.736918568611145,0.7662537693977356,3,0.7662537693977356,3,0.7662537693977356,3,0.08020514249801636,0.208152174949646,1.5218225717544556
29,64,8.999999999999998,final_nms07,177,0.6964091062545776,6,0,0.6546920537948608,0.16902020573616028,0.7794891595840454,0.6964091062545776,6,0.6964091062545776,6,0.6964091062545776,6,-0.05947628617286682,0.19412685930728912,2.6504979133605957
29,65,9.999999999999998,final_nms07,177,0.893500804901123,2,2,0.893500804901123,0.49264371395111084,0.49264371395111084,0.893500804901123,12,0.893500804901123,12,0.893500804901123,10,0.024350550025701523,0.051757749170064926,0.8273029923439026
30,66,9.0,encoder_all_counterfactual,34000,0.5841667652130127,20161,5791,0.13275286555290222,0.01679214835166931,0.08048194646835327,0.5841667652130127,5,0.5841667652130127,5,0.5319035649299622,1,-0.26400408148765564,-0.0799252986907959,2.496654748916626
30,67,9.0,encoder_all_counterfactual,34000,0.5725566744804382,3801,30400,0.1816181242465973,0.01852767914533615,0.035181108862161636,0.5725566744804382,6,0.5725566744804382,6,0.08103486895561218,0,0.22610513865947723,0.3472561538219452,4.2054123878479
30,68,8.0,encoder_all_counterfactual,34000,0.5438022017478943,21754,5800,0.3512527346611023,0.010548721067607403,0.07570720463991165,0.5438022017478943,1,0.5438022017478943,1,0.3512527346611023,0,0.2703978419303894,-0.36245182156562805,2.9023706912994385
30,66,9.0,topk,300,0.022137420251965523,220,-1,0,0.0871475338935852,,0.022137420251965523,0,0.022137420251965523,0,0.022137420251965523,0,0.3877328038215637,1.4853209257125854,25.732044219970703
30,67,9.0,topk,300,0.0,0,-1,0,0.10578053444623947,,0.0,0,0.0,0,0.0,0,0.38809311389923096,0.6547130346298218,202.13302612304688
30,68,8.0,topk,300,0.0,0,-1,0,0.10578053444623947,,0.0,0,0.0,0,0.0,0,0.15674421191215515,0.8615521788597107,159.73455810546875
30,66,9.0,pre_bbox,300,0.6576753258705139,291,220,0.6527851223945618,0.23180682957172394,0.31860771775245667,0.6576753258705139,4,0.6576753258705139,4,0.6576753258705139,4,-0.012722395360469818,0.28849270939826965,2.8242886066436768
30,67,9.0,pre_bbox,300,0.29746541380882263,184,99,0.2523050904273987,0.04855863004922867,0.0664886012673378,0.29746541380882263,0,0.29746541380882263,0,0.2538239061832428,0,0.5791473984718323,1.1288293600082397,5.160548210144043
30,68,8.0,pre_bbox,300,0.38990989327430725,255,39,0.14451397955417633,0.07303399592638016,0.09648828953504562,0.38990989327430725,0,0.38990989327430725,0,0.38990989327430725,0,-0.01377609372138977,0.5397869944572449,6.748759746551514
30,66,9.0,decoder_1,300,0.6729959845542908,220,220,0.6729959845542908,0.32551202178001404,0.32551202178001404,0.6729959845542908,4,0.6729959845542908,4,0.6729959845542908,4,0.04107813909649849,0.2747984528541565,1.820313572883606
30,67,9.0,decoder_1,300,0.2810426354408264,135,99,0.22930192947387695,0.05895693600177765,0.06491747498512268,0.2810426354408264,0,0.2810426354408264,0,0.2810426354408264,0,0.9336405992507935,0.8401463031768799,7.285394191741943
30,68,8.0,decoder_1,300,0.41736429929733276,38,103,0.3616597056388855,0.08854682743549347,0.0945405662059784,0.41736429929733276,0,0.41736429929733276,0,0.41736429929733276,0,0.032329097390174866,0.8360612988471985,8.191904067993164
30,66,9.0,decoder_2,300,0.8069690465927124,119,220,0.7014487385749817,0.12261241674423218,0.7334886193275452,0.8069690465927124,12,0.8069690465927124,12,0.8069690465927124,12,0.031883902847766876,0.10641495138406754,1.4303911924362183
30,67,9.0,decoder_2,300,0.7723122239112854,164,99,0.6551696062088013,0.11976386606693268,0.4091028869152069,0.7723122239112854,23,0.7723122239112854,23,0.7723122239112854,23,0.0681622326374054,0.16309870779514313,1.9021260738372803
30,68,8.0,decoder_2,300,0.7315105199813843,200,144,0.4385374188423157,0.292981892824173,0.5537756085395813,0.7315105199813843,28,0.7315105199813843,28,0.7315105199813843,28,-0.13493207097053528,0.2110573798418045,1.8472521305084229
30,66,9.0,decoder_3,300,0.7868486046791077,291,220,0.7064684629440308,0.11104091256856918,0.7334924340248108,0.7868486046791077,14,0.7868486046791077,14,0.7868486046791077,14,0.00239109480753541,0.23821017146110535,0.8710533976554871
30,67,9.0,decoder_3,300,0.8485510349273682,164,287,0.5382832288742065,0.1604103446006775,0.20530427992343903,0.8485510349273682,43,0.8485510349273682,43,0.8485510349273682,42,0.023942817002534866,0.11671828478574753,1.2951396703720093
30,68,8.0,decoder_3,300,0.8513990044593811,205,17,0.6687294244766235,0.08159351348876953,0.37217992544174194,0.8513990044593811,43,0.8513990044593811,43,0.8513990044593811,40,-0.04987962916493416,-0.014216417446732521,1.6195788383483887
30,66,9.0,final_nms07,183,0.7064684629440308,0,0,0.7064684629440308,0.7334924340248108,0.7334924340248108,0.7064684629440308,3,0.7064684629440308,3,0.7064684629440308,3,0.038578715175390244,0.2122737318277359,1.9458203315734863
30,67,9.0,final_nms07,183,0.6890678405761719,9,3,0.5382832288742065,0.1339387595653534,0.20530427992343903,0.6890678405761719,6,0.6890678405761719,6,0.6890678405761719,6,-0.19757193326950073,0.14467978477478027,1.7947700023651123
30,68,8.0,final_nms07,183,0.8513990044593811,22,1,0.6687294244766235,0.08159351348876953,0.37217992544174194,0.8513990044593811,6,0.8513990044593811,6,0.8513990044593811,6,-0.04987962916493416,-0.014216417446732521,1.6195788383483887
31,69,9.999999999999998,encoder_all_counterfactual,34000,0.6302775740623474,19673,6117,0.13538917899131775,0.010453389957547188,0.0865585207939148,0.6302775740623474,7,0.6302775740623474,7,0.5966585278511047,1,0.11678320914506912,-0.28884947299957275,1.8548152446746826
31,70,8.999999999999998,encoder_all_counterfactual,34000,0.662983775138855,21451,6202,0.3456425368785858,0.010259166359901428,0.074979767203331,0.662983775138855,4,0.662983775138855,4,0.3456425368785858,0,-0.11993110179901123,-0.014826535247266293,3.057542324066162
31,71,9.999999999999998,encoder_all_counterfactual,34000,0.519353449344635,3801,6204,0.2790420353412628,0.015567627735435963,0.06544748693704605,0.519353449344635,2,0.519353449344635,2,0.2790420353412628,0,0.21943935751914978,0.18008071184158325,5.0899434089660645
31,69,9.999999999999998,topk,300,0.13538917899131775,198,198,0.13538917899131775,0.0865585207939148,0.0865585207939148,0.13538917899131775,0,0.13538917899131775,0,0.13538917899131775,0,0.4761819839477539,0.32689428329467773,15.946389198303223
31,70,8.999999999999998,topk,300,0.0,0,-1,0,0.10949616134166718,,0.0,0,0.0,0,0.0,0,0.5447128415107727,0.13558436930179596,156.85133361816406
31,71,9.999999999999998,topk,300,0.0,0,-1,0,0.10949616134166718,,0.0,0,0.0,0,0.0,0,0.3902415335178375,0.24914272129535675,189.85450744628906
31,69,9.999999999999998,pre_bbox,300,0.8178831338882446,198,198,0.8178831338882446,0.44378674030303955,0.44378674030303955,0.8178831338882446,6,0.8178831338882446,6,0.8178831338882446,6,0.07075414061546326,0.13183923065662384,0.7919719219207764
31,70,8.999999999999998,pre_bbox,300,0.602790892124176,276,276,0.602790892124176,0.15726134181022644,0.15726134181022644,0.602790892124176,5,0.602790892124176,5,0.602790892124176,5,0.12037838995456696,-0.04787508398294449,3.674783229827881
31,71,9.999999999999998,pre_bbox,300,0.3483416736125946,21,130,0.10470610111951828,0.07164834439754486,0.07529957592487335,0.3483416736125946,0,0.3483416736125946,0,0.3483416736125946,0,0.5991209745407104,0.7015525102615356,8.76899242401123
31,69,9.999999999999998,decoder_1,300,0.8117373585700989,128,198,0.8102035522460938,0.19237034022808075,0.4470897912979126,0.8117373585700989,6,0.8117373585700989,6,0.8117373585700989,6,-0.07702848315238953,0.1484653353691101,0.6564563512802124
31,70,8.999999999999998,decoder_1,300,0.6213645935058594,276,276,0.6213645935058594,0.16143497824668884,0.16143497824668884,0.6213645935058594,2,0.6213645935058594,2,0.6213645935058594,2,0.10845678299665451,-0.08041173219680786,3.4354560375213623
31,71,9.999999999999998,decoder_1,300,0.33090630173683167,21,225,0.10977301746606827,0.07042839378118515,0.07927926629781723,0.33090630173683167,0,0.33090630173683167,0,0.33090630173683167,0,0.5641303062438965,0.8812483549118042,7.795689582824707
31,69,9.999999999999998,decoder_2,300,0.8120389580726624,146,198,0.767865002155304,0.30939003825187683,0.786678671836853,0.8120389580726624,14,0.8120389580726624,14,0.8120389580726624,14,0.024596013128757477,0.10011550039052963,1.8734779357910156
31,70,8.999999999999998,decoder_2,300,0.83259516954422,235,276,0.6572685241699219,0.0976397767663002,0.6682963371276855,0.83259516954422,48,0.83259516954422,48,0.83259516954422,48,0.11136207729578018,-0.08231685310602188,0.6273975372314453
31,71,9.999999999999998,decoder_2,300,0.7621188759803772,116,47,0.7017586827278137,0.24622569978237152,0.28743162751197815,0.7621188759803772,19,0.7621188759803772,19,0.7621188759803772,19,0.12545053660869598,0.01925870031118393,1.6324191093444824
31,69,9.999999999999998,decoder_3,300,0.8103251457214355,159,198,0.7683219313621521,0.0701974555850029,0.7608649730682373,0.8103251457214355,17,0.8103251457214355,17,0.8103251457214355,16,0.08854592591524124,0.07395081967115402,1.5358408689498901
31,70,8.999999999999998,decoder_3,300,0.8498411178588867,249,276,0.6497535109519958,0.16662544012069702,0.717671811580658,0.8498411178588867,62,0.8498411178588867,62,0.8498411178588867,57,0.121742844581604,0.024409234523773193,0.5622740983963013
31,71,9.999999999999998,decoder_3,300,0.8597119450569153,64,130,0.5966895818710327,0.09963890165090561,0.3140074610710144,0.8597119450569153,37,0.8597119450569153,37,0.8597119450569153,35,0.09800143539905548,0.031027063727378845,0.8953923583030701
31,69,9.999999999999998,final_nms07,172,0.7683219313621521,0,0,0.7683219313621521,0.7608649730682373,0.7608649730682373,0.7683219313621521,1,0.7683219313621521,1,0.7683219313621521,1,0.13127586245536804,0.12331878393888474,1.878825068473816
31,70,8.999999999999998,final_nms07,172,0.6497535109519958,1,1,0.6497535109519958,0.717671811580658,0.717671811580658,0.6497535109519958,5,0.6497535109519958,5,0.6497535109519958,5,0.23430156707763672,0.040911246091127396,2.5579161643981934
31,71,9.999999999999998,final_nms07,172,0.6985452175140381,3,2,0.5966895818710327,0.2678982615470886,0.3140074610710144,0.6985452175140381,7,0.6985452175140381,7,0.6985452175140381,6,0.20098675787448883,-0.06812442094087601,2.638683557510376
32,72,9.999999999999998,encoder_all_counterfactual,34000,0.6777515411376953,19676,6036,0.11653036624193192,0.009974176995456219,0.10079988837242126,0.6777515411376953,5,0.6777515411376953,5,0.43671125173568726,0,-0.01758079044520855,-0.23617853224277496,2.2624595165252686
32,73,10.000000000000002,encoder_all_counterfactual,34000,0.5868555307388306,21607,5792,0.214525043964386,0.015934249386191368,0.07788209617137909,0.5868555307388306,5,0.5868555307388306,5,0.33180326223373413,0,-0.21228265762329102,-0.25499480962753296,0.8591441512107849
32,74,9.999999999999998,encoder_all_counterfactual,34000,0.6971806287765503,3723,4920,0.11132627725601196,0.019689368084073067,0.0318802185356617,0.6971806287765503,6,0.6971806287765503,6,0.007322102319449186,0,-0.039498258382081985,0.24259532988071442,1.8698869943618774
32,72,9.999999999999998,topk,300,0.43671125173568726,122,21,0.11653036624193192,0.09083886444568634,0.10079988837242126,0.43671125173568726,0,0.43671125173568726,0,0.43671125173568726,0,0.37330445647239685,0.649219810962677,6.061046600341797
32,73,10.000000000000002,topk,300,0.06620200723409653,174,-1,0,0.08876468241214752,,0.06620200723409653,0,0.06620200723409653,0,0.06620200723409653,0,0.49515673518180847,0.6499387621879578,20.16841697692871
32,74,9.999999999999998,topk,300,0.0,0,-1,0,0.1089501604437828,,0.0,0,0.0,0,0.0,0,0.10943431407213211,0.12580999732017517,190.6237335205078
32,72,9.999999999999998,pre_bbox,300,0.8159957528114319,99,122,0.7963396906852722,0.20760850608348846,0.5960221886634827,0.8159957528114319,19,0.8159957528114319,19,0.8159957528114319,19,-0.11981385946273804,0.08936971426010132,0.8699107766151428
32,73,10.000000000000002,pre_bbox,300,0.8219331502914429,174,174,0.8219331502914429,0.45895034074783325,0.45895034074783325,0.8219331502914429,8,0.8219331502914429,8,0.8219331502914429,8,0.06712009012699127,0.11791733652353287,1.465686559677124
32,74,9.999999999999998,pre_bbox,300,0.43875253200531006,39,131,0.1697435826063156,0.05025153607130051,0.07176800817251205,0.43875253200531006,0,0.43875253200531006,0,0.43875253200531006,0,0.21160000562667847,0.6511761546134949,5.602901458740234
32,72,9.999999999999998,decoder_1,300,0.8463457822799683,125,122,0.7947075366973877,0.48557716608047485,0.5991359353065491,0.8463457822799683,19,0.8463457822799683,19,0.8463457822799683,19,-0.07818149030208588,0.03398745879530907,1.2132283449172974
32,73,10.000000000000002,decoder_1,300,0.8130525946617126,174,174,0.8130525946617126,0.46801242232322693,0.46801242232322693,0.8130525946617126,8,0.8130525946617126,8,0.8130525946617126,8,0.05030820146203041,0.11813051998615265,1.4848113059997559
32,74,9.999999999999998,decoder_1,300,0.388812780380249,121,112,0.10590951889753342,0.049369294196367264,0.24220557510852814,0.388812780380249,0,0.388812780380249,0,0.28594350814819336,0,0.2594204246997833,1.042150616645813,2.3072474002838135
32,72,9.999999999999998,decoder_2,300,0.904427170753479,132,199,0.7787306904792786,0.05352093651890755,0.7017497420310974,0.904427170753479,28,0.904427170753479,28,0.904427170753479,18,-0.02017117291688919,0.04647316783666611,0.7401856184005737
32,73,10.000000000000002,decoder_2,300,0.8663707375526428,58,174,0.8009823560714722,0.11226430535316467,0.6187139749526978,0.8663707375526428,47,0.8663707375526428,47,0.8663707375526428,40,0.10036086291074753,-0.051122598350048065,0.391841858625412
32,74,9.999999999999998,decoder_2,300,0.8490987420082092,276,38,0.5483941435813904,0.09682926535606384,0.12762390077114105,0.8490987420082092,16,0.8490987420082092,16,0.8490987420082092,15,0.06639263033866882,0.05544241517782211,1.0087558031082153
32,72,9.999999999999998,decoder_3,300,0.8496378064155579,228,199,0.7863004207611084,0.04753347113728523,0.7614537477493286,0.8496378064155579,29,0.8496378064155579,29,0.8339902758598328,24,-0.0011654967674985528,0.12218983471393585,1.2424410581588745
32,73,10.000000000000002,decoder_3,300,0.920992374420166,265,174,0.815430223941803,0.09884719550609589,0.7796355485916138,0.920992374420166,72,0.920992374420166,72,0.920992374420166,67,0.01097587775439024,0.057421352714300156,0.5669419765472412
32,74,9.999999999999998,decoder_3,300,0.8248956203460693,38,46,0.7551148533821106,0.1716724932193756,0.20675887167453766,0.8248956203460693,26,0.8248956203460693,26,0.8248956203460693,22,0.10230688750743866,0.07723575085401535,0.9673898220062256
32,72,9.999999999999998,final_nms07,169,0.7863004207611084,1,1,0.7863004207611084,0.7614537477493286,0.7614537477493286,0.7863004207611084,2,0.7863004207611084,2,0.7863004207611084,2,0.01678570918738842,0.11577828228473663,1.8972253799438477
32,73,10.000000000000002,final_nms07,169,0.815430223941803,0,0,0.815430223941803,0.7796355485916138,0.7796355485916138,0.815430223941803,9,0.815430223941803,9,0.815430223941803,8,0.1284562200307846,0.015646418556571007,1.133649468421936
32,74,9.999999999999998,final_nms07,169,0.761495053768158,7,2,0.7551148533821106,0.1206105425953865,0.20675887167453766,0.761495053768158,6,0.761495053768158,6,0.761495053768158,6,0.19873583316802979,0.0845041573047638,2.443171262741089
33,75,8.999999999999998,encoder_all_counterfactual,34000,0.5515929460525513,2837,6031,0.17314916849136353,0.020810598507523537,0.09342307597398758,0.5515929460525513,3,0.5515929460525513,3,0.45883238315582275,0,0.07526791840791702,0.3373115360736847,4.428622245788574
33,76,8.0,encoder_all_counterfactual,34000,0.5701436996459961,4281,5866,0.4504430592060089,0.030467763543128967,0.08756151795387268,0.5701436996459961,3,0.5701436996459961,3,0.4504430592060089,0,0.21544238924980164,0.4430476129055023,1.8980224132537842
33,77,9.0,encoder_all_counterfactual,34000,0.6843860745429993,3721,5794,0.18140363693237305,0.028999166563153267,0.05617118999361992,0.6843860745429993,7,0.6843860745429993,7,0.18140363693237305,0,0.20734380185604095,-0.07137864828109741,3.7267568111419678
33,75,8.999999999999998,topk,300,0.32458049058914185,160,89,0.17314916849136353,0.08813288807868958,0.09342307597398758,0.32458049058914185,0,0.32458049058914185,0,0.32458049058914185,0,0.2326364666223526,-0.22798997163772583,8.835217475891113
33,76,8.0,topk,300,0.4504430592060089,168,168,0.4504430592060089,0.08756151795387268,0.08756151795387268,0.4504430592060089,0,0.4504430592060089,0,0.4504430592060089,0,0.13960698246955872,0.2239537090063095,5.567718029022217
33,77,9.0,topk,300,0.0,0,-1,0,0.10560917854309082,,0.0,0,0.0,0,0.0,0,0.16869480907917023,0.24353444576263428,273.7021179199219
33,75,8.999999999999998,pre_bbox,300,0.7160838842391968,242,119,0.5430318713188171,0.2782314419746399,0.6021659970283508,0.7160838842391968,13,0.7160838842391968,13,0.7160838842391968,13,0.3005548119544983,0.07376253604888916,2.268409490585327
33,76,8.0,pre_bbox,300,0.6764635443687439,168,168,0.6764635443687439,0.6566421389579773,0.6566421389579773,0.6764635443687439,6,0.6764635443687439,6,0.6764635443687439,6,0.08740728348493576,0.35945168137550354,1.2982608079910278
33,77,9.0,pre_bbox,300,0.30474013090133667,247,247,0.30474013090133667,0.294937402009964,0.294937402009964,0.30474013090133667,0,0.30474013090133667,0,0.30474013090133667,0,-0.007628992199897766,0.29105404019355774,10.388334274291992
33,75,8.999999999999998,decoder_1,300,0.7199004888534546,242,119,0.5532329678535461,0.28195470571517944,0.6081401705741882,0.7199004888534546,13,0.7199004888534546,13,0.7199004888534546,13,0.29510271549224854,0.07256603986024857,2.037919521331787
33,76,8.0,decoder_1,300,0.67364901304245,168,168,0.67364901304245,0.6606972217559814,0.6606972217559814,0.67364901304245,4,0.67364901304245,4,0.67364901304245,4,0.0890674889087677,0.3630485236644745,1.2212743759155273
33,77,9.0,decoder_1,300,0.3019067645072937,247,247,0.3019067645072937,0.2920720875263214,0.2920720875263214,0.3019067645072937,0,0.3019067645072937,0,0.3019067645072937,0,-0.02785297855734825,0.18887902796268463,9.955038070678711
33,75,8.999999999999998,decoder_2,300,0.6922106146812439,233,162,0.6242241263389587,0.04081174358725548,0.752816915512085,0.6922106146812439,28,0.6922106146812439,28,0.6848586797714233,21,0.3111148178577423,0.05765342339873314,3.0057146549224854
33,76,8.0,decoder_2,300,0.7753037214279175,200,168,0.6575363874435425,0.1117561012506485,0.7305127382278442,0.7753037214279175,34,0.7753037214279175,34,0.7753037214279175,33,-0.06589248031377792,0.2192734181880951,0.6158600449562073
33,77,9.0,decoder_2,300,0.6439677476882935,247,247,0.6439677476882935,0.38204672932624817,0.38204672932624817,0.6439677476882935,4,0.6439677476882935,4,0.6439677476882935,4,0.009246958419680595,0.38613539934158325,1.7182536125183105
33,75,8.999999999999998,decoder_3,300,0.6741214394569397,20,162,0.6271360516548157,0.06701631098985672,0.8161977529525757,0.6741214394569397,31,0.6741214394569397,31,0.6741214394569397,28,0.3122155964374542,0.07639695703983307,3.226257562637329
33,76,8.0,decoder_3,300,0.7284975051879883,44,168,0.6587444543838501,0.043162599205970764,0.795633852481842,0.7284975051879883,57,0.7284975051879883,57,0.6896395087242126,51,-0.03636305034160614,0.2569734454154968,1.0654609203338623
33,77,9.0,decoder_3,300,0.7041839361190796,247,247,0.7041839361190796,0.5084348917007446,0.5084348917007446,0.7041839361190796,7,0.7041839361190796,7,0.7041839361190796,6,0.0015147678786888719,0.3285413682460785,1.6743403673171997
33,75,8.999999999999998,final_nms07,187,0.6271360516548157,0,0,0.6271360516548157,0.8161977529525757,0.8161977529525757,0.6271360516548157,1,0.6271360516548157,1,0.6271360516548157,1,0.3083260953426361,0.07913859933614731,3.608830213546753
33,76,8.0,final_nms07,187,0.6587444543838501,1,1,0.6587444543838501,0.795633852481842,0.795633852481842,0.6587444543838501,3,0.6587444543838501,3,0.6587444543838501,2,0.08916942775249481,0.3937581777572632,1.17304265499115
33,77,9.0,final_nms07,187,0.7041839361190796,2,2,0.7041839361190796,0.5084348917007446,0.5084348917007446,0.7041839361190796,2,0.7041839361190796,2,0.7041839361190796,1,0.0015147678786888719,0.3285413682460785,1.6743403673171997
34,78,8.999999999999998,encoder_all_counterfactual,34000,0.5483474731445312,2920,6035,0.16347426176071167,0.019483225420117378,0.09570231288671494,0.5483474731445312,4,0.5483474731445312,4,0.34361732006073,0,0.36842358112335205,0.17187640070915222,3.5595691204071045
34,79,9.0,encoder_all_counterfactual,34000,0.7328572273254395,21920,6115,0.24091674387454987,0.013650682754814625,0.08336306363344193,0.7328572273254395,4,0.7328572273254395,4,0.5301467776298523,1,-0.023131467401981354,-0.2274736762046814,0.5963999629020691
34,80,8.999999999999998,encoder_all_counterfactual,34000,0.5067467093467712,24157,5792,0.3013671934604645,0.01630781590938568,0.05599959194660187,0.5067467093467712,1,0.5067467093467712,1,0.3013671934604645,0,0.731846809387207,-0.05587702989578247,5.572807788848877
34,78,8.999999999999998,topk,300,0.34361732006073,169,37,0.16347426176071167,0.08137041330337524,0.09570231288671494,0.34361732006073,0,0.34361732006073,0,0.34361732006073,0,0.6325266361236572,0.7029628753662109,8.268120765686035
34,79,9.0,topk,300,0.5301467776298523,240,134,0.24091674387454987,0.07677368819713593,0.08336306363344193,0.5301467776298523,1,0.5301467776298523,1,0.5301467776298523,1,0.3067744970321655,0.44345515966415405,1.6842536926269531
34,80,8.999999999999998,topk,300,0.0012113683624193072,196,-1,0,0.07915764302015305,,0.0012113683624193072,0,0.0012113683624193072,0,0.0012113683624193072,0,0.555416464805603,0.6989314556121826,29.966917037963867
34,78,8.999999999999998,pre_bbox,300,0.7145653963088989,83,49,0.6712245941162109,0.16681814193725586,0.5727547407150269,0.7145653963088989,21,0.7145653963088989,21,0.7145653963088989,21,0.031305596232414246,0.09794071316719055,2.3836159706115723
34,79,9.0,pre_bbox,300,0.7021580934524536,79,240,0.6643537282943726,0.3123597800731659,0.6729103326797485,0.7021580934524536,7,0.7021580934524536,7,0.7021580934524536,7,0.08858699351549149,0.29193440079689026,2.6223013401031494
34,80,8.999999999999998,pre_bbox,300,0.5678797960281372,226,196,0.4739375710487366,0.17852607369422913,0.22049878537654877,0.5678797960281372,1,0.5678797960281372,1,0.5678797960281372,1,0.12741971015930176,0.19243177771568298,4.055773735046387
34,78,8.999999999999998,decoder_1,300,0.7200415134429932,5,49,0.6904656291007996,0.3489812910556793,0.5759296417236328,0.7200415134429932,21,0.7200415134429932,21,0.7200415134429932,21,0.23030100762844086,0.12883588671684265,1.8576000928878784
34,79,9.0,decoder_1,300,0.6950294971466064,79,240,0.6641753911972046,0.3175167143344879,0.677372395992279,0.6950294971466064,6,0.6950294971466064,6,0.6950294971466064,6,0.09446626156568527,0.2917090356349945,2.5908501148223877
34,80,8.999999999999998,decoder_1,300,0.5231721997261047,226,196,0.49789950251579285,0.1828235685825348,0.22719281911849976,0.5231721997261047,1,0.5231721997261047,1,0.5231721997261047,1,0.08832205832004547,0.1237059161067009,4.545083522796631
34,78,8.999999999999998,decoder_2,300,0.7647401094436646,28,66,0.6579444408416748,0.09691889584064484,0.7698200941085815,0.7647401094436646,33,0.7647401094436646,33,0.7647401094436646,23,0.07894527912139893,0.033760879188776016,1.8254354000091553
34,79,9.0,decoder_2,300,0.8620315790176392,276,240,0.7275248169898987,0.053745757788419724,0.7376975417137146,0.8620315790176392,35,0.8620315790176392,35,0.8620315790176392,29,0.061949942260980606,0.07758055627346039,0.8395050168037415
34,80,8.999999999999998,decoder_2,300,0.6334704756736755,186,196,0.5576832294464111,0.28358376026153564,0.6300622224807739,0.6334704756736755,7,0.6334704756736755,7,0.6334704756736755,6,0.23880575597286224,0.2742982506752014,1.9464707374572754
34,78,8.999999999999998,decoder_3,300,0.7541636824607849,168,66,0.668607771396637,0.11189976334571838,0.7892082333564758,0.7541636824607849,35,0.7541636824607849,35,0.7541636824607849,29,0.15459179878234863,0.09742125868797302,1.6705390214920044
34,79,9.0,decoder_3,300,0.848807156085968,112,240,0.7240172028541565,0.11407395452260971,0.7585411071777344,0.848807156085968,50,0.848807156085968,50,0.848807156085968,43,-0.015505299903452396,0.13703693449497223,0.6394833326339722
34,80,8.999999999999998,decoder_3,300,0.6995425224304199,64,196,0.588089108467102,0.0948096215724945,0.6804139018058777,0.6995425224304199,12,0.6995425224304199,12,0.6995425224304199,7,0.13320347666740417,0.2614773213863373,1.3779982328414917
34,78,8.999999999999998,final_nms07,189,0.668607771396637,0,0,0.668607771396637,0.7892082333564758,0.7892082333564758,0.668607771396637,1,0.668607771396637,1,0.668607771396637,1,0.26547354459762573,0.1174207478761673,1.7857319116592407
34,79,9.0,final_nms07,189,0.7240172028541565,1,1,0.7240172028541565,0.7585411071777344,0.7585411071777344,0.7240172028541565,5,0.7240172028541565,5,0.7240172028541565,4,0.10910478979349136,0.2453143298625946,0.9322673082351685
34,80,8.999999999999998,final_nms07,189,0.6274425387382507,24,2,0.588089108467102,0.03256101533770561,0.6804139018058777,0.6274425387382507,4,0.6274425387382507,4,0.588089108467102,1,-0.23027506470680237,0.2946036756038666,0.861695408821106
35,81,9.0,encoder_all_counterfactual,34000,0.716196596622467,4986,6030,0.11342047154903412,0.05036747455596924,0.10365714877843857,0.716196596622467,7,0.716196596622467,7,0.716196596622467,1,0.04714926704764366,0.27891606092453003,2.8350636959075928
35,82,11.0,encoder_all_counterfactual,34000,0.6529032588005066,4201,6114,0.6089366674423218,0.02732471004128456,0.09244037419557571,0.6529032588005066,6,0.6529032588005066,6,0.6089366674423218,1,0.1831190288066864,0.29456108808517456,1.989257574081421
35,83,9.999999999999998,encoder_all_counterfactual,34000,0.6130957007408142,24003,6111,0.14429648220539093,0.01575448364019394,0.09604278951883316,0.6130957007408142,8,0.6130957007408142,8,0.5670245289802551,1,-0.09333717823028564,-0.03439589962363243,3.948270320892334
35,81,9.0,topk,300,0.3143606185913086,224,11,0.11342047154903412,0.08072464913129807,0.10365714877843857,0.3143606185913086,0,0.3143606185913086,0,0.3143606185913086,0,0.0916011705994606,0.6874033808708191,11.553879737854004
35,82,11.0,topk,300,0.6089366674423218,81,81,0.6089366674423218,0.09244037419557571,0.09244037419557571,0.6089366674423218,1,0.6089366674423218,1,0.6089366674423218,1,0.1809859722852707,0.18085984885692596,4.2839531898498535
35,83,9.999999999999998,topk,300,0.14429648220539093,45,45,0.14429648220539093,0.09604278951883316,0.09604278951883316,0.14429648220539093,0,0.14429648220539093,0,0.14429648220539093,0,0.3129771649837494,0.2780533730983734,16.579723358154297
35,81,9.0,pre_bbox,300,0.788743257522583,107,224,0.728365957736969,0.2864904999732971,0.5531641840934753,0.788743257522583,21,0.788743257522583,21,0.788743257522583,21,0.031208034604787827,0.14453037083148956,1.154486060142517
35,82,11.0,pre_bbox,300,0.9337451457977295,81,136,0.9042834043502808,0.6550182104110718,0.6597342491149902,0.9337451457977295,10,0.9337451457977295,10,0.9337451457977295,10,0.0488436184823513,0.021083736792206764,0.3144586980342865
35,83,9.999999999999998,pre_bbox,300,0.8391218185424805,37,45,0.8265966176986694,0.20977145433425903,0.393981397151947,0.8391218185424805,9,0.8391218185424805,9,0.8391218185424805,9,0.02661910466849804,0.07987695932388306,1.3309653997421265
35,81,9.0,decoder_1,300,0.8141424059867859,107,224,0.7235391736030579,0.29243770241737366,0.5576145648956299,0.8141424059867859,20,0.8141424059867859,20,0.8141424059867859,20,0.0013105315156280994,0.13471175730228424,0.9730037450790405
35,82,11.0,decoder_1,300,0.9341137409210205,81,136,0.9015216827392578,0.6593109965324402,0.6629012227058411,0.9341137409210205,8,0.9341137409210205,8,0.9341137409210205,8,0.04295855015516281,0.026440279558300972,0.36155965924263
35,83,9.999999999999998,decoder_1,300,0.8251636624336243,45,45,0.8251636624336243,0.4000421166419983,0.4000421166419983,0.8251636624336243,9,0.8251636624336243,9,0.8251636624336243,9,0.058699145913124084,0.10651122033596039,1.1909312009811401
35,81,9.0,decoder_2,300,0.8897721171379089,74,98,0.7699733972549438,0.056582193821668625,0.6605054140090942,0.8897721171379089,37,0.8897721171379089,37,0.8897721171379089,22,-0.020808175206184387,0.09949328750371933,0.2955578863620758
35,82,11.0,decoder_2,300,0.89747554063797,153,81,0.8572771549224854,0.09918235242366791,0.7202073931694031,0.89747554063797,55,0.89747554063797,55,0.89747554063797,47,0.007514997851103544,0.03396719694137573,0.8204727172851562
35,83,9.999999999999998,decoder_2,300,0.8511979579925537,37,250,0.8403337597846985,0.04649075120687485,0.7107755541801453,0.8511979579925537,23,0.8511979579925537,23,0.8511836528778076,10,-0.041834622621536255,0.1086365282535553,0.8097673654556274
35,81,9.0,decoder_3,300,0.8221564888954163,38,98,0.7611472606658936,0.026919709518551826,0.76310133934021,0.8221564888954163,40,0.8221564888954163,40,0.7896180152893066,16,0.03963588550686836,0.16994011402130127,1.3854587078094482
35,82,11.0,decoder_3,300,0.9097425937652588,238,81,0.838715672492981,0.059966012835502625,0.760452389717102,0.9097425937652588,67,0.9097425937652588,67,0.9097425937652588,55,0.02330687642097473,0.040447112172842026,0.753834068775177
35,83,9.999999999999998,decoder_3,300,0.8900607824325562,260,250,0.8593654036521912,0.030111420899629593,0.7292835116386414,0.8900607824325562,27,0.8900607824325562,27,0.87211012840271,14,-0.013862339779734612,0.10367351025342941,0.4521189332008362
35,81,9.0,final_nms07,178,0.7611472606658936,0,0,0.7611472606658936,0.76310133934021,0.76310133934021,0.7611472606658936,2,0.7611472606658936,2,0.7611472606658936,2,0.05479526147246361,0.2455572932958603,0.7538421154022217
35,82,11.0,final_nms07,178,0.838715672492981,1,1,0.838715672492981,0.760452389717102,0.760452389717102,0.838715672492981,9,0.838715672492981,9,0.838715672492981,7,-0.0048318542540073395,0.006509416736662388,1.462110161781311
35,83,9.999999999999998,final_nms07,178,0.8593654036521912,2,2,0.8593654036521912,0.7292835116386414,0.7292835116386414,0.8593654036521912,5,0.8593654036521912,5,0.8593654036521912,4,-0.05655493587255478,0.10370715707540512,0.8477444052696228
36,84,9.0,encoder_all_counterfactual,34000,0.8193143606185913,6026,6028,0.2874384820461273,0.10295207798480988,0.10395405441522598,0.8193143606185913,7,0.8193143606185913,7,0.8193143606185913,2,0.01027623750269413,0.053788550198078156,1.5321176052093506
36,85,9.0,encoder_all_counterfactual,34000,0.5325396060943604,4280,6195,0.47751379013061523,0.02699076011776924,0.0835697278380394,0.5325396060943604,2,0.5325396060943604,2,0.47751379013061523,0,0.23741690814495087,0.3288271129131317,4.727001190185547
36,86,10.000000000000002,encoder_all_counterfactual,34000,0.6508055925369263,3960,6192,0.24420781433582306,0.016404809430241585,0.06842924654483795,0.6508055925369263,4,0.6508055925369263,4,0.24420781433582306,0,0.17280825972557068,0.14535847306251526,3.212555170059204
36,84,9.0,topk,300,0.8193143606185913,6,4,0.2874384820461273,0.10295207798480988,0.10395405441522598,0.8193143606185913,2,0.8193143606185913,2,0.8193143606185913,2,0.01027623750269413,0.053788550198078156,1.5321176052093506
36,85,9.0,topk,300,0.47751379013061523,160,160,0.47751379013061523,0.0835697278380394,0.0835697278380394,0.47751379013061523,0,0.47751379013061523,0,0.47751379013061523,0,0.6398011445999146,0.2770944833755493,5.038296699523926
36,86,10.000000000000002,topk,300,0.0,0,-1,0,0.10801218450069427,,0.0,0,0.0,0,0.0,0,0.1859883815050125,0.03010767325758934,215.5735321044922
36,84,9.0,pre_bbox,300,0.806766152381897,6,10,0.789673388004303,0.6126315593719482,0.6375556588172913,0.806766152381897,16,0.806766152381897,16,0.806766152381897,16,-0.031408581882715225,0.19731508195400238,1.1901558637619019
36,85,9.0,pre_bbox,300,0.6740760803222656,160,227,0.6312292218208313,0.6312403082847595,0.6353991031646729,0.6740760803222656,9,0.6740760803222656,9,0.6740760803222656,9,0.15064798295497894,0.11758206784725189,2.9916861057281494
36,86,10.000000000000002,pre_bbox,300,0.6402052044868469,212,212,0.6402052044868469,0.23765580356121063,0.23765580356121063,0.6402052044868469,1,0.6402052044868469,1,0.6402052044868469,1,0.08375898003578186,0.2591433823108673,4.434053897857666
36,84,9.0,decoder_1,300,0.8076746463775635,6,10,0.7951731085777283,0.6185317635536194,0.6425276398658752,0.8076746463775635,18,0.8076746463775635,18,0.8076746463775635,18,-0.03025972843170166,0.19504103064537048,1.2310562133789062
36,85,9.0,decoder_1,300,0.7006099224090576,197,227,0.6289491653442383,0.22274285554885864,0.6402261257171631,0.7006099224090576,8,0.7006099224090576,8,0.7006099224090576,8,0.053043708205223083,0.3187646269798279,2.8443286418914795
36,86,10.000000000000002,decoder_1,300,0.6418622136116028,212,212,0.6418622136116028,0.2426389455795288,0.2426389455795288,0.6418622136116028,1,0.6418622136116028,1,0.6418622136116028,1,0.05016469582915306,0.22250354290008545,4.2035675048828125
36,84,9.0,decoder_2,300,0.8598487377166748,78,10,0.7641621232032776,0.07500758022069931,0.7333765625953674,0.8598487377166748,40,0.8598487377166748,40,0.8598487377166748,39,0.04018021747469902,0.11163698136806488,1.0433086156845093
36,85,9.0,decoder_2,300,0.8920900821685791,80,227,0.6866651773452759,0.126390740275383,0.6786947250366211,0.8920900821685791,63,0.8920900821685791,63,0.8920900821685791,50,0.046210877597332,0.07144824415445328,0.4836982488632202
36,86,10.000000000000002,decoder_2,300,0.9125933051109314,212,212,0.9125933051109314,0.546369731426239,0.546369731426239,0.9125933051109314,5,0.9125933051109314,5,0.9125933051109314,3,0.05154135450720787,0.021887069568037987,0.6540480256080627
36,84,9.0,decoder_3,300,0.7989016175270081,289,10,0.7645208239555359,0.07080694288015366,0.7830373644828796,0.7989016175270081,43,0.7989016175270081,43,0.7989016175270081,39,0.13875620067119598,0.09919975697994232,1.5438971519470215
36,85,9.0,decoder_3,300,0.8533868193626404,1,227,0.674435555934906,0.11186321079730988,0.7271392941474915,0.8533868193626404,73,0.8533868193626404,73,0.8533868193626404,59,0.01835501752793789,0.1437453180551529,0.48530757427215576
36,86,10.000000000000002,decoder_3,300,0.8834580779075623,272,212,0.8554747700691223,0.06625153869390488,0.6424602270126343,0.8834580779075623,10,0.8834580779075623,10,0.8834580779075623,5,-0.0360235869884491,0.003562693251296878,0.9077988266944885
36,84,9.0,final_nms07,154,0.7645208239555359,0,0,0.7645208239555359,0.7830373644828796,0.7830373644828796,0.7645208239555359,2,0.7645208239555359,2,0.7645208239555359,2,-0.04856002703309059,0.18675944209098816,1.8409876823425293
36,85,9.0,final_nms07,154,0.7654511332511902,12,1,0.674435555934906,0.04718973860144615,0.7271392941474915,0.7654511332511902,7,0.7654511332511902,7,0.7391834259033203,6,0.12930439412593842,0.027778886258602142,2.014643907546997
36,86,10.000000000000002,final_nms07,154,0.8554747700691223,2,2,0.8554747700691223,0.6424602270126343,0.6424602270126343,0.8554747700691223,4,0.8554747700691223,4,0.8554747700691223,2,0.06627291440963745,0.07145246863365173,1.1183663606643677
37,87,10.000000000000002,encoder_all_counterfactual,34000,0.56584632396698,2600,6105,0.1044580414891243,0.02790006250143051,0.09791628271341324,0.56584632396698,4,0.56584632396698,4,0.4095711410045624,0,0.1799134612083435,-0.19812902808189392,4.525523662567139
37,88,9.0,encoder_all_counterfactual,34000,0.5807328224182129,3321,6108,0.16829615831375122,0.022565726190805435,0.08599026501178741,0.5807328224182129,6,0.5807328224182129,6,0.5639182925224304,1,0.2979030907154083,0.31020402908325195,4.110391139984131
37,89,10.000000000000002,encoder_all_counterfactual,34000,0.6209172010421753,3961,6190,0.10667404532432556,0.0175150278955698,0.08005275577306747,0.6209172010421753,5,0.6209172010421753,5,0.3771132826805115,0,0.2089957445859909,0.23158298432826996,3.586188316345215
37,87,10.000000000000002,topk,300,0.3103523850440979,139,17,0.1044580414891243,0.0821351632475853,0.09791628271341324,0.3103523850440979,0,0.3103523850440979,0,0.3103523850440979,0,0.6328467726707458,0.29924148321151733,9.221270561218262
37,88,9.0,topk,300,0.5639182925224304,186,96,0.16829615831375122,0.07943244278430939,0.08599026501178741,0.5639182925224304,1,0.5639182925224304,1,0.5639182925224304,1,0.04054424539208412,0.630998432636261,3.727306604385376
37,89,10.000000000000002,topk,300,0.10667404532432556,174,174,0.10667404532432556,0.08005275577306747,0.08005275577306747,0.10667404532432556,0,0.10667404532432556,0,0.10667404532432556,0,0.5123802423477173,0.6258804798126221,17.78736686706543
37,87,10.000000000000002,pre_bbox,300,0.874755859375,17,139,0.7467537522315979,0.40778103470802307,0.5409049391746521,0.874755859375,10,0.874755859375,10,0.874755859375,10,0.10898681730031967,-0.007411064114421606,0.8526381254196167
37,88,9.0,pre_bbox,300,0.7497761249542236,247,186,0.7009962797164917,0.20635686814785004,0.6538292169570923,0.7497761249542236,13,0.7497761249542236,13,0.7497761249542236,13,-0.014642036519944668,0.1512354612350464,2.0930395126342773
37,89,10.000000000000002,pre_bbox,300,0.7418337464332581,174,174,0.7418337464332581,0.4401169419288635,0.4401169419288635,0.7418337464332581,1,0.7418337464332581,1,0.7418337464332581,1,0.0011131061473861337,0.03960384055972099,2.3540525436401367
37,87,10.000000000000002,decoder_1,300,0.8960134387016296,17,139,0.7517712116241455,0.4117426574230194,0.5432750582695007,0.8960134387016296,10,0.8960134387016296,10,0.8960134387016296,10,0.11246577650308609,-0.0034722047857940197,0.6928678154945374
37,88,9.0,decoder_1,300,0.7801238298416138,247,186,0.6981433629989624,0.20669108629226685,0.6578658819198608,0.7801238298416138,13,0.7801238298416138,13,0.7801238298416138,13,-0.04514558985829353,0.11845310032367706,1.8152207136154175
37,89,10.000000000000002,decoder_1,300,0.7289765477180481,174,174,0.7289765477180481,0.4497509002685547,0.4497509002685547,0.7289765477180481,1,0.7289765477180481,1,0.7289765477180481,1,-0.008024221286177635,0.03787097707390785,2.458408832550049
37,87,10.000000000000002,decoder_2,300,0.8697453141212463,17,139,0.8527951240539551,0.4125412404537201,0.7181273102760315,0.8697453141212463,21,0.8697453141212463,21,0.8697453141212463,17,0.09431582689285278,-0.021797480061650276,0.6214249730110168
37,88,9.0,decoder_2,300,0.9402750730514526,255,186,0.7876749634742737,0.05720864608883858,0.7215124368667603,0.9402750730514526,33,0.9402750730514526,33,0.9402750730514526,22,-0.020992618054151535,0.04207625240087509,0.2669726610183716
37,89,10.000000000000002,decoder_2,300,0.8230904936790466,221,174,0.7456050515174866,0.0548831969499588,0.592009425163269,0.8230904936790466,5,0.8230904936790466,5,0.8230904936790466,4,-0.07861693948507309,-0.10667679458856583,0.914894700050354
37,87,10.000000000000002,decoder_3,300,0.9080538749694824,39,139,0.8529794812202454,0.08186151087284088,0.7842792868614197,0.9080538749694824,27,0.9080538749694824,27,0.9080538749694824,15,-0.02183338813483715,0.0417567640542984,0.7134644389152527
37,88,9.0,decoder_3,300,0.8635145425796509,170,186,0.7777037024497986,0.07932941615581512,0.7459215521812439,0.8635145425796509,41,0.8635145425796509,41,0.8635145425796509,22,0.004594508092850447,0.140651673078537,1.1047254800796509
37,89,10.000000000000002,decoder_3,300,0.83352130651474,296,174,0.761786937713623,0.0900053158402443,0.5536207556724548,0.83352130651474,6,0.83352130651474,6,0.83352130651474,6,0.0023754576686769724,0.011746237985789776,1.6683266162872314
37,87,10.000000000000002,final_nms07,198,0.8529794812202454,0,0,0.8529794812202454,0.7842792868614197,0.7842792868614197,0.8529794812202454,4,0.8529794812202454,4,0.8529794812202454,4,0.12108895927667618,-0.007301326375454664,0.5338560342788696
37,88,9.0,final_nms07,198,0.7777037024497986,1,1,0.7777037024497986,0.7459215521812439,0.7459215521812439,0.7777037024497986,1,0.7777037024497986,1,0.7777037024497986,1,0.048372164368629456,0.19127677381038666,1.7279579639434814
37,89,10.000000000000002,final_nms07,198,0.761786937713623,2,2,0.761786937713623,0.5536207556724548,0.5536207556724548,0.761786937713623,2,0.761786937713623,2,0.761786937713623,2,-0.046927016228437424,-0.05766007676720619,2.0625624656677246
38,90,8.999999999999998,encoder_all_counterfactual,34000,0.6022536158561707,19040,5705,0.1129014790058136,0.0156832467764616,0.07900571823120117,0.6022536158561707,2,0.6022536158561707,2,0.22133028507232666,0,0.02376755326986313,-0.32622313499450684,2.4324238300323486
38,91,9.0,encoder_all_counterfactual,34000,0.6094051003456116,21764,6031,0.3692306578159332,0.014694496989250183,0.10171280056238174,0.6094051003456116,6,0.6094051003456116,6,0.5392507910728455,1,-0.15894806385040283,-0.24350161850452423,3.006894588470459
38,92,9.999999999999998,encoder_all_counterfactual,34000,0.7660959362983704,24806,5799,0.2050575464963913,0.01172914169728756,0.05918428301811218,0.7660959362983704,3,0.7660959362983704,3,0.366972416639328,0,-0.0016053621657192707,-0.2277921587228775,0.40469789505004883
38,90,8.999999999999998,topk,300,0.1129014790058136,268,268,0.1129014790058136,0.07900571823120117,0.07900571823120117,0.1129014790058136,0,0.1129014790058136,0,0.1129014790058136,0,0.46771878004074097,0.7529888153076172,15.874146461486816
38,91,9.0,topk,300,0.476752907037735,80,36,0.3692306578159332,0.095663882791996,0.10171280056238174,0.476752907037735,0,0.476752907037735,0,0.476752907037735,0,0.2629225254058838,0.5884535312652588,6.130475997924805
38,92,9.999999999999998,topk,300,0.0,0,-1,0,0.11338067799806595,,0.0,0,0.0,0,0.0,0,0.08027347177267075,0.2982546091079712,215.06793212890625
38,90,8.999999999999998,pre_bbox,300,0.694745659828186,229,268,0.6889835596084595,0.339503675699234,0.4401639699935913,0.694745659828186,16,0.694745659828186,16,0.694745659828186,16,0.16095277667045593,0.23982086777687073,2.0980467796325684
38,91,9.0,pre_bbox,300,0.771563708782196,66,80,0.6481346487998962,0.36696138978004456,0.6283498406410217,0.771563708782196,8,0.771563708782196,8,0.771563708782196,8,0.0014145391760393977,0.20636217296123505,0.8283819556236267
38,92,9.999999999999998,pre_bbox,300,0.7360857725143433,259,176,0.5432354807853699,0.15112347900867462,0.21127253770828247,0.7360857725143433,4,0.7360857725143433,4,0.7360857725143433,4,0.0082802539691329,0.33309873938560486,1.5796642303466797
38,90,8.999999999999998,decoder_1,300,0.690852165222168,229,268,0.6748578548431396,0.3423396944999695,0.4482724368572235,0.690852165222168,16,0.690852165222168,16,0.690852165222168,16,0.15694066882133484,0.24133019149303436,2.2608542442321777
38,91,9.0,decoder_1,300,0.7625888586044312,66,80,0.6476898789405823,0.3689142167568207,0.6336045265197754,0.7625888586044312,9,0.7625888586044312,9,0.7625888586044312,9,0.0037469721864908934,0.2162424623966217,0.8803063035011292
38,92,9.999999999999998,decoder_1,300,0.7520769238471985,259,176,0.5548728108406067,0.15197744965553284,0.21568472683429718,0.7520769238471985,4,0.7520769238471985,4,0.7520769238471985,4,0.004108869470655918,0.3067910969257355,1.79558527469635
38,90,8.999999999999998,decoder_2,300,0.7199425101280212,45,268,0.6010336875915527,0.07446493953466415,0.6678758859634399,0.7199425101280212,38,0.7199425101280212,38,0.7199425101280212,22,0.03065822646021843,0.17665839195251465,1.7403743267059326
38,91,9.0,decoder_2,300,0.8348060250282288,288,80,0.7254761457443237,0.11048053950071335,0.7146142721176147,0.8348060250282288,30,0.8348060250282288,30,0.8348060250282288,28,-0.07474726438522339,0.11709427088499069,1.068293809890747
38,92,9.999999999999998,decoder_2,300,0.7227333784103394,259,176,0.7144208550453186,0.2731754183769226,0.6359175443649292,0.7227333784103394,7,0.7227333784103394,7,0.7227333784103394,6,-0.07819800078868866,0.19959349930286407,1.799888253211975
38,90,8.999999999999998,decoder_3,300,0.6872203350067139,178,268,0.6018028855323792,0.03787750378251076,0.774015486240387,0.6872203350067139,40,0.6872203350067139,40,0.6805881857872009,26,0.2221250683069229,0.19066111743450165,0.8031244277954102
38,91,9.0,decoder_3,300,0.8434656262397766,291,80,0.7277885675430298,0.11570354551076889,0.7782469391822815,0.8434656262397766,46,0.8434656262397766,46,0.8434656262397766,38,0.0124625563621521,0.0207692738622427,1.5051753520965576
38,92,9.999999999999998,decoder_3,300,0.7937332987785339,120,176,0.7224314212799072,0.060114312916994095,0.7585152387619019,0.7937332987785339,10,0.7937332987785339,10,0.7937332987785339,10,0.1337427943944931,-0.030951272696256638,2.02410888671875
38,90,8.999999999999998,final_nms07,197,0.6018028855323792,1,1,0.6018028855323792,0.774015486240387,0.774015486240387,0.6018028855323792,1,0.6018028855323792,1,0.6018028855323792,1,0.3174653649330139,0.2612662613391876,0.33643656969070435
38,91,9.0,final_nms07,197,0.8434656262397766,3,0,0.7277885675430298,0.11570354551076889,0.7782469391822815,0.8434656262397766,9,0.8434656262397766,9,0.8434656262397766,9,0.0124625563621521,0.0207692738622427,1.5051753520965576
38,92,9.999999999999998,final_nms07,197,0.7937332987785339,25,2,0.7224314212799072,0.060114312916994095,0.7585152387619019,0.7937332987785339,5,0.7937332987785339,5,0.7937332987785339,5,0.1337427943944931,-0.030951272696256638,2.02410888671875
39,93,10.000000000000002,encoder_all_counterfactual,34000,0.5107648372650146,3101,5818,0.3621372580528259,0.012215057387948036,0.06210090219974518,0.5107648372650146,1,0.5107648372650146,1,0.44978252053260803,0,0.3108358085155487,-0.015431673265993595,5.062739849090576
39,93,10.000000000000002,topk,300,0.0,0,-1,0,0.11598090827465057,,0.0,0,0.0,0,0.0,0,0.23939470946788788,-0.17438828945159912,348.07025146484375
39,93,10.000000000000002,pre_bbox,300,0.4624151587486267,201,201,0.4624151587486267,0.0970657616853714,0.0970657616853714,0.4624151587486267,0,0.4624151587486267,0,0.4624151587486267,0,0.46497392654418945,-0.12923145294189453,5.294323444366455
39,93,10.000000000000002,decoder_1,300,0.4115985929965973,201,201,0.4115985929965973,0.09665736556053162,0.09665736556053162,0.4115985929965973,0,0.4115985929965973,0,0.4115985929965973,0,0.6351901888847351,-0.16807633638381958,5.912935733795166
39,93,10.000000000000002,decoder_2,300,0.6157597899436951,52,201,0.562531590461731,0.1982540786266327,0.5482251644134521,0.6157597899436951,6,0.6157597899436951,6,0.6157597899436951,5,-0.031258221715688705,-0.16002149879932404,3.4430227279663086
39,93,10.000000000000002,decoder_3,300,0.741666316986084,243,201,0.5667853951454163,0.3794983923435211,0.7219682335853577,0.741666316986084,6,0.741666316986084,6,0.741666316986084,6,-0.02700650505721569,-0.237748384475708,1.6066696643829346
39,93,10.000000000000002,final_nms07,276,0.7258645296096802,1,0,0.5667853951454163,0.367086261510849,0.7219682335853577,0.7258645296096802,2,0.7258645296096802,2,0.7258645296096802,2,0.07147770375013351,-0.22103101015090942,0.8810381889343262
40,94,11.0,encoder_all_counterfactual,34000,0.8005768656730652,4863,6143,0.40505751967430115,0.04510999843478203,0.05890868604183197,0.8005768656730652,8,0.8005768656730652,8,0.40505751967430115,0,0.08895455300807953,0.03801070898771286,1.8322079181671143
40,94,11.0,topk,300,0.0,0,-1,0,0.10955223441123962,,0.0,0,0.0,0,0.0,0,0.22793270647525787,0.060294318944215775,272.03082275390625
40,94,11.0,pre_bbox,300,0.3413969874382019,16,16,0.3413969874382019,0.02599399723112583,0.02599399723112583,0.3413969874382019,0,0.3413969874382019,0,0.0071404846385121346,0,-0.1316307783126831,0.7113867998123169,12.128278732299805
40,94,11.0,decoder_1,300,0.22655119001865387,104,104,0.22655119001865387,0.020725788548588753,0.020725788548588753,0.22655119001865387,0,0.22655119001865387,0,0.0,0,0.7216026186943054,1.2148606777191162,16.814809799194336
40,94,11.0,decoder_2,300,0.7371256351470947,292,154,0.49336501955986023,0.05628148838877678,0.12765920162200928,0.7371256351470947,2,0.7371256351470947,2,0.7371256351470947,2,-0.020405100658535957,0.014058416709303856,2.9896366596221924
40,94,11.0,decoder_3,300,0.8455426096916199,263,263,0.8455426096916199,0.4978261888027191,0.4978261888027191,0.8455426096916199,4,0.8455426096916199,4,0.8455426096916199,4,0.09013264626264572,-0.06642898917198181,1.2190269231796265
40,94,11.0,final_nms07,270,0.8455426096916199,0,0,0.8455426096916199,0.4978261888027191,0.4978261888027191,0.8455426096916199,3,0.8455426096916199,3,0.8455426096916199,3,0.09013264626264572,-0.06642898917198181,1.2190269231796265
41,95,9.0,encoder_all_counterfactual,34000,0.6223331689834595,18928,5818,0.20535695552825928,0.021444030106067657,0.060141660273075104,0.6223331689834595,1,0.6223331689834595,1,0.20535695552825928,0,-0.030795639380812645,0.2627450227737427,2.7833313941955566
41,95,9.0,topk,300,0.0,0,-1,0,0.11380287259817123,,0.0,0,0.0,0,0.0,0,0.1642056703567505,0.2839815318584442,234.0254669189453
41,95,9.0,pre_bbox,300,0.7186972498893738,99,175,0.4065345823764801,0.14173701405525208,0.14518171548843384,0.7186972498893738,2,0.7186972498893738,2,0.7186972498893738,2,0.03567442297935486,0.05487615987658501,2.7570056915283203
41,95,9.0,decoder_1,300,0.7174068689346313,99,175,0.4357014000415802,0.14468468725681305,0.14728988707065582,0.7174068689346313,2,0.7174068689346313,2,0.7174068689346313,2,0.005625604651868343,-0.014815281145274639,2.768409252166748
41,95,9.0,decoder_2,300,0.8906670212745667,99,99,0.8906670212745667,0.6157291531562805,0.6157291531562805,0.8906670212745667,12,0.8906670212745667,12,0.8906670212745667,12,-0.056479521095752716,0.04231921583414078,0.7208937406539917
41,95,9.0,decoder_3,300,0.8584522604942322,99,167,0.7798212766647339,0.4987020790576935,0.618736982345581,0.8584522604942322,14,0.8584522604942322,14,0.8584522604942322,14,-0.016840394586324692,0.018924523144960403,1.020012378692627
41,95,9.0,final_nms07,259,0.7798212766647339,0,0,0.7798212766647339,0.618736982345581,0.618736982345581,0.7798212766647339,3,0.7798212766647339,3,0.7798212766647339,3,-0.011515852995216846,0.09247928112745285,1.6285812854766846
42,96,9.0,encoder_all_counterfactual,34000,0.6525801420211792,3022,6215,0.10990045964717865,0.016965195536613464,0.09039628505706787,0.6525801420211792,5,0.6525801420211792,5,0.595680296421051,1,-0.08559709787368774,0.18983450531959534,3.256742477416992
42,96,9.0,topk,300,0.11952018737792969,274,129,0.10990045964717865,0.08137734234333038,0.09039628505706787,0.11952018737792969,0,0.11952018737792969,0,0.11952018737792969,0,0.03457479178905487,1.2541556358337402,21.159576416015625
42,96,9.0,pre_bbox,300,0.7967056035995483,264,264,0.7967056035995483,0.5042437314987183,0.5042437314987183,0.7967056035995483,6,0.7967056035995483,6,0.7967056035995483,6,-0.0945148840546608,0.14940005540847778,1.4016447067260742
42,96,9.0,decoder_1,300,0.7900859117507935,264,264,0.7900859117507935,0.509139895439148,0.509139895439148,0.7900859117507935,6,0.7900859117507935,6,0.7900859117507935,6,-0.09456750005483627,0.16124185919761658,1.2151165008544922
42,96,9.0,decoder_2,300,0.7194525599479675,264,264,0.7194525599479675,0.7319125533103943,0.7319125533103943,0.7194525599479675,12,0.7194525599479675,12,0.7194525599479675,11,-0.17615601420402527,0.07815662771463394,1.6055995225906372
42,96,9.0,decoder_3,300,0.81230229139328,108,264,0.7099313139915466,0.06779887527227402,0.7834511995315552,0.81230229139328,21,0.81230229139328,21,0.81230229139328,19,0.005282478407025337,0.0632249191403389,1.7610528469085693
42,96,9.0,final_nms07,270,0.7099313139915466,0,0,0.7099313139915466,0.7834511995315552,0.7834511995315552,0.7099313139915466,6,0.7099313139915466,6,0.7099313139915466,4,-0.18062283098697662,0.06657581776380539,1.6810646057128906
43,97,8.999999999999998,encoder_all_counterfactual,34000,0.5565739274024963,3262,5743,0.19359959661960602,0.01739017851650715,0.0618152841925621,0.5565739274024963,3,0.5565739274024963,3,0.3170037865638733,0,0.39656195044517517,-0.15239441394805908,3.517375946044922
43,97,8.999999999999998,topk,300,0.06317220628261566,154,-1,0,0.0853307694196701,,0.06317220628261566,0,0.06317220628261566,0,0.06317220628261566,0,0.5770261287689209,0.2913978099822998,22.891338348388672
43,97,8.999999999999998,pre_bbox,300,0.6316006779670715,124,154,0.5986138582229614,0.1536296010017395,0.2629137337207794,0.6316006779670715,5,0.6316006779670715,5,0.6316006779670715,5,-0.10272316634654999,-0.27465981245040894,3.1054558753967285
43,97,8.999999999999998,decoder_1,300,0.5836952328681946,294,154,0.5803833603858948,0.11073359847068787,0.26656803488731384,0.5836952328681946,4,0.5836952328681946,4,0.5836952328681946,4,0.14572416245937347,-0.362040638923645,1.542601466178894
43,97,8.999999999999998,decoder_2,300,0.8156991004943848,157,154,0.763490617275238,0.056646641343832016,0.7001966834068298,0.8156991004943848,11,0.8156991004943848,11,0.8156991004943848,11,-0.009171362034976482,-0.17674793303012848,1.1735318899154663
43,97,8.999999999999998,decoder_3,300,0.7924646139144897,157,154,0.7415507435798645,0.10481682419776917,0.7016931176185608,0.7924646139144897,13,0.7924646139144897,13,0.7924646139144897,13,0.0832592323422432,-0.12105251848697662,1.8416919708251953
43,97,8.999999999999998,final_nms07,267,0.7415507435798645,0,0,0.7415507435798645,0.7016931176185608,0.7016931176185608,0.7415507435798645,3,0.7415507435798645,3,0.7415507435798645,3,0.05376642569899559,-0.227655291557312,1.482512354850769
44,98,10.000000000000002,encoder_all_counterfactual,34000,0.5864836573600769,19244,6060,0.4974570870399475,0.023347849026322365,0.08453194051980972,0.5864836573600769,5,0.5864836573600769,5,0.4974570870399475,0,0.14637775719165802,-0.06312599778175354,4.186039447784424
44,98,10.000000000000002,topk,300,0.4974570870399475,115,115,0.4974570870399475,0.08453194051980972,0.08453194051980972,0.4974570870399475,0,0.4974570870399475,0,0.4974570870399475,0,0.2780029773712158,0.5152909159660339,6.424410343170166
44,98,10.000000000000002,pre_bbox,300,0.7342553734779358,148,115,0.7230117917060852,0.1507367342710495,0.6062002778053284,0.7342553734779358,9,0.7342553734779358,9,0.7342553734779358,9,-0.21775609254837036,0.08355014026165009,0.2884299159049988
44,98,10.000000000000002,decoder_1,300,0.7775883674621582,148,115,0.724772572517395,0.15422862768173218,0.6114134788513184,0.7775883674621582,8,0.7775883674621582,8,0.7775883674621582,8,-0.19060450792312622,0.05053307116031647,0.5561198592185974
44,98,10.000000000000002,decoder_2,300,0.8196551203727722,148,115,0.7744115591049194,0.06493735313415527,0.7702382206916809,0.8196551203727722,11,0.8196551203727722,11,0.8196551203727722,9,-0.1321473866701126,-0.03444518521428108,1.5050349235534668
44,98,10.000000000000002,decoder_3,300,0.7956602573394775,194,115,0.7695751190185547,0.09696246683597565,0.7800909280776978,0.7956602573394775,14,0.7956602573394775,14,0.7956602573394775,9,-0.012030492536723614,0.036158349364995956,1.883897304534912
44,98,10.000000000000002,final_nms07,269,0.7695751190185547,0,0,0.7695751190185547,0.7800909280776978,0.7800909280776978,0.7695751190185547,4,0.7695751190185547,4,0.7695751190185547,3,-0.05168347433209419,-0.1151077002286911,1.3696715831756592
45,99,11.0,encoder_all_counterfactual,34000,0.6330093741416931,27056,7727,0.2350771427154541,0.024606602266430855,0.06575459986925125,0.6330093741416931,3,0.6330093741416931,3,0.3535386919975281,0,-0.24121150374412537,-0.09265012294054031,2.1483497619628906
45,100,12.0,encoder_all_counterfactual,34000,0.6639111638069153,27377,8323,0.24240703880786896,0.013177821412682533,0.07863277196884155,0.6639111638069153,9,0.6639111638069153,9,0.24240703880786896,0,-0.16429361701011658,-0.17013245820999146,1.8332469463348389
45,101,13.999999999999996,encoder_all_counterfactual,34000,0.6210675239562988,3728,7729,0.17869782447814941,0.012741217389702797,0.06436080485582352,0.6210675239562988,4,0.6210675239562988,4,0.17869782447814941,0,0.15119530260562897,0.02447650581598282,2.86195969581604
45,99,11.0,topk,300,0.3535386919975281,150,92,0.2350771427154541,0.058715518563985825,0.06575459986925125,0.3535386919975281,0,0.3535386919975281,0,0.3535386919975281,0,0.7633023262023926,0.6041229367256165,0.9993425011634827
45,100,12.0,topk,300,0.24240703880786896,5,5,0.24240703880786896,0.07863277196884155,0.07863277196884155,0.24240703880786896,0,0.24240703880786896,0,0.24240703880786896,0,1.0340535640716553,0.8060552477836609,9.419007301330566
45,101,13.999999999999996,topk,300,0.17869782447814941,104,104,0.17869782447814941,0.06436080485582352,0.06436080485582352,0.17869782447814941,0,0.17869782447814941,0,0.17869782447814941,0,0.40271562337875366,0.7014299631118774,13.260075569152832
45,99,11.0,pre_bbox,300,0.8939157724380493,150,150,0.8939157724380493,0.6266385316848755,0.6266385316848755,0.8939157724380493,12,0.8939157724380493,12,0.8939157724380493,12,-0.0700073391199112,-0.02464170940220356,0.3765150308609009
45,100,12.0,pre_bbox,300,0.8531500101089478,5,5,0.8531500101089478,0.5780599117279053,0.5780599117279053,0.8531500101089478,7,0.8531500101089478,7,0.8531500101089478,7,-0.023622874170541763,-0.06083891540765762,0.8500092625617981
45,101,13.999999999999996,pre_bbox,300,0.80326247215271,12,104,0.6496281027793884,0.21762382984161377,0.5156210064888,0.80326247215271,17,0.80326247215271,17,0.80326247215271,17,0.11947828531265259,0.07952038198709488,0.9015786051750183
45,99,11.0,decoder_1,300,0.8984016180038452,150,150,0.8984016180038452,0.6320264935493469,0.6320264935493469,0.8984016180038452,12,0.8984016180038452,12,0.8984016180038452,12,-0.07702960819005966,-0.01101007591933012,0.33402130007743835
45,100,12.0,decoder_1,300,0.8568834066390991,5,5,0.8568834066390991,0.5845999121665955,0.5845999121665955,0.8568834066390991,8,0.8568834066390991,8,0.8568834066390991,8,-0.027454907074570656,-0.050027817487716675,0.8497216105461121
45,101,13.999999999999996,decoder_1,300,0.8769201636314392,12,104,0.6564114093780518,0.22292156517505646,0.5221995115280151,0.8769201636314392,17,0.8769201636314392,17,0.8769201636314392,17,0.053458910435438156,0.014004708267748356,0.6331284046173096
45,99,11.0,decoder_2,300,0.9165927171707153,53,150,0.9123658537864685,0.0827006846666336,0.7302787899971008,0.9165927171707153,22,0.9165927171707153,22,0.9165927171707153,17,-0.016903230920433998,0.07380425930023193,0.41945311427116394
45,100,12.0,decoder_2,300,0.8585485816001892,86,5,0.7910497188568115,0.06394566595554352,0.7631826400756836,0.8585485816001892,34,0.8585485816001892,34,0.8585485816001892,26,0.06307440251111984,0.09564660489559174,0.6578428745269775
45,101,13.999999999999996,decoder_2,300,0.8569605350494385,124,104,0.7242391705513,0.06575527787208557,0.7146612405776978,0.8569605350494385,32,0.8569605350494385,32,0.8569605350494385,27,-0.08902493864297867,0.06375636160373688,0.7726854085922241
45,99,11.0,decoder_3,300,0.925891101360321,92,150,0.9179695844650269,0.1118219867348671,0.7832024693489075,0.925891101360321,26,0.925891101360321,26,0.925891101360321,5,-0.057785049080848694,0.015410857275128365,0.24465158581733704
45,100,12.0,decoder_3,300,0.852256178855896,221,5,0.8060643076896667,0.07097287476062775,0.7544675469398499,0.852256178855896,48,0.852256178855896,48,0.852256178855896,34,0.07578469812870026,0.07389099895954132,0.8625444173812866
45,101,13.999999999999996,decoder_3,300,0.8178733587265015,67,104,0.7219597101211548,0.05372560769319534,0.7630469799041748,0.8178733587265015,47,0.8178733587265015,47,0.8178733587265015,29,0.012807042337954044,-0.12394239753484726,1.2041131258010864
45,99,11.0,final_nms07,184,0.9179695844650269,0,0,0.9179695844650269,0.7832024693489075,0.7832024693489075,0.9179695844650269,4,0.9179695844650269,4,0.9179695844650269,2,-0.0447678342461586,0.030118130147457123,0.4072517156600952
45,100,12.0,final_nms07,184,0.8060643076896667,2,2,0.8060643076896667,0.7544675469398499,0.7544675469398499,0.8060643076896667,5,0.8060643076896667,5,0.8060643076896667,3,0.04387529939413071,0.08140625804662704,1.1498370170593262
45,101,13.999999999999996,final_nms07,184,0.739895761013031,10,1,0.7219597101211548,0.07847683131694794,0.7630469799041748,0.739895761013031,10,0.739895761013031,10,0.739895761013031,7,-0.020137228071689606,0.024976378306746483,1.9858129024505615
46,102,15.0,encoder_all_counterfactual,34000,0.6231532096862793,21138,8243,0.33923181891441345,0.02293945662677288,0.07883312553167343,0.6231532096862793,8,0.6231532096862793,8,0.33923181891441345,0,-0.13227447867393494,-0.2818583846092224,1.056522011756897
46,103,12.0,encoder_all_counterfactual,34000,0.6937012076377869,22255,7766,0.14737248420715332,0.020682696253061295,0.0786852166056633,0.6937012076377869,4,0.6937012076377869,4,0.40505707263946533,0,-0.08271738886833191,-0.05472986772656441,2.1978745460510254
46,104,12.0,encoder_all_counterfactual,34000,0.6174020171165466,5010,8345,0.3234219551086426,0.04446499049663544,0.07251486927270889,0.6174020171165466,5,0.6174020171165466,5,0.39625221490859985,0,0.26885029673576355,0.27649834752082825,1.6118652820587158
46,102,15.0,topk,300,0.33923181891441345,16,16,0.33923181891441345,0.07883312553167343,0.07883312553167343,0.33923181891441345,0,0.33923181891441345,0,0.33923181891441345,0,0.9813275933265686,0.4816795289516449,8.231831550598145
46,103,12.0,topk,300,0.40505707263946533,54,17,0.14737248420715332,0.07404118031263351,0.0786852166056633,0.40505707263946533,0,0.40505707263946533,0,0.40505707263946533,0,0.1138589084148407,0.3929862082004547,6.072964668273926
46,104,12.0,topk,300,0.3234219551086426,80,80,0.3234219551086426,0.07251486927270889,0.07251486927270889,0.3234219551086426,0,0.3234219551086426,0,0.3234219551086426,0,0.9649696946144104,0.4425601661205292,8.212727546691895
46,102,15.0,pre_bbox,300,0.9167997241020203,37,123,0.6689762473106384,0.2915787696838379,0.6218824982643127,0.9167997241020203,21,0.9167997241020203,21,0.9167997241020203,21,-0.06322488933801651,0.019113218411803246,0.5242105722427368
46,103,12.0,pre_bbox,300,0.7015003561973572,290,54,0.6696807742118835,0.5377742648124695,0.5879065990447998,0.7015003561973572,7,0.7015003561973572,7,0.7015003561973572,7,-0.20333771407604218,0.17027845978736877,0.20074062049388885
46,104,12.0,pre_bbox,300,0.8684821128845215,80,80,0.8684821128845215,0.5295364856719971,0.5295364856719971,0.8684821128845215,6,0.8684821128845215,6,0.8684821128845215,6,-0.02580726519227028,0.12494146078824997,0.25046998262405396
46,102,15.0,decoder_1,300,0.8649535775184631,37,123,0.6706305146217346,0.30004143714904785,0.6281756162643433,0.8649535775184631,19,0.8649535775184631,19,0.8649535775184631,19,-0.10919415205717087,-0.02534736506640911,0.3421885371208191
46,103,12.0,decoder_1,300,0.6916434168815613,290,54,0.6646984219551086,0.5478196144104004,0.593669593334198,0.6916434168815613,7,0.6916434168815613,7,0.6916434168815613,7,-0.22383525967597961,0.15744782984256744,0.2457852065563202
46,104,12.0,decoder_1,300,0.8527827858924866,80,80,0.8527827858924866,0.5355633497238159,0.5355633497238159,0.8527827858924866,8,0.8527827858924866,8,0.8527827858924866,8,-0.049967072904109955,0.12003184854984283,0.27579978108406067
46,102,15.0,decoder_2,300,0.8592079281806946,87,16,0.7937449812889099,0.04660497233271599,0.7386292815208435,0.8592079281806946,51,0.8592079281806946,51,0.8320022821426392,10,-0.0463111512362957,0.10203820466995239,0.9090307354927063
46,103,12.0,decoder_2,300,0.77455735206604,101,54,0.734611988067627,0.028255008161067963,0.7113680243492126,0.77455735206604,31,0.77455735206604,31,0.7437878251075745,14,0.04945177957415581,0.04146943613886833,1.4297773838043213
46,104,12.0,decoder_2,300,0.8314856290817261,59,80,0.7383819818496704,0.03727985918521881,0.7458317279815674,0.8314856290817261,20,0.8314856290817261,20,0.7383819818496704,8,-0.08230317384004593,0.03779912367463112,0.9943030476570129
46,102,15.0,decoder_3,300,0.9063036441802979,203,16,0.7988478541374207,0.024342406541109085,0.7932185530662537,0.9063036441802979,57,0.9063036441802979,57,0.8902731537818909,15,0.026374856010079384,-0.07150167226791382,0.16433900594711304
46,103,12.0,decoder_3,300,0.8348224759101868,41,54,0.7300734519958496,0.06020385026931763,0.7233579158782959,0.8348224759101868,33,0.8348224759101868,33,0.8348224759101868,25,-0.08692030608654022,0.07465969771146774,0.689156174659729
46,104,12.0,decoder_3,300,0.9179438352584839,276,80,0.7615319490432739,0.09795478731393814,0.7567901015281677,0.9179438352584839,27,0.9179438352584839,27,0.9179438352584839,20,0.02299637161195278,0.01943611539900303,0.4275088608264923
46,102,15.0,final_nms07,174,0.7988478541374207,0,0,0.7988478541374207,0.7932185530662537,0.7932185530662537,0.7988478541374207,3,0.7988478541374207,3,0.7988478541374207,1,-0.03897777572274208,-0.07652788609266281,1.3093955516815186
46,103,12.0,final_nms07,174,0.7300734519958496,2,2,0.7300734519958496,0.7233579158782959,0.7233579158782959,0.7300734519958496,5,0.7300734519958496,5,0.7300734519958496,5,-0.17397622764110565,0.15911121666431427,0.7225390076637268
46,104,12.0,final_nms07,174,0.7961974740028381,3,1,0.7615319490432739,0.11602354049682617,0.7567901015281677,0.7961974740028381,5,0.7961974740028381,5,0.7961974740028381,3,-0.06076457351446152,0.12577779591083527,1.226341724395752
47,105,12.0,encoder_all_counterfactual,34000,0.6767852306365967,21615,7726,0.3044547140598297,0.018997550010681152,0.07508157938718796,0.6767852306365967,5,0.6767852306365967,5,0.3044547140598297,0,-0.12190618366003036,0.030603939667344093,2.3466618061065674
47,106,12.0,encoder_all_counterfactual,34000,0.7577473521232605,25140,8344,0.18942074477672577,0.01166207529604435,0.07461145520210266,0.7577473521232605,3,0.7577473521232605,3,0.45128217339515686,0,0.09032735973596573,0.057475872337818146,1.4490994215011597
47,107,9.999999999999998,encoder_all_counterfactual,34000,0.516873836517334,19862,8263,0.28553542494773865,0.017091812565922737,0.07593122124671936,0.516873836517334,2,0.516873836517334,2,0.28553542494773865,0,0.3710077404975891,-0.12208867073059082,2.723428249359131
47,105,12.0,topk,300,0.3044547140598297,38,38,0.3044547140598297,0.07508157938718796,0.07508157938718796,0.3044547140598297,0,0.3044547140598297,0,0.3044547140598297,0,0.27086693048477173,0.4913786053657532,7.832642555236816
47,106,12.0,topk,300,0.45128217339515686,176,40,0.18942074477672577,0.06130653992295265,0.07461145520210266,0.45128217339515686,0,0.45128217339515686,0,0.45128217339515686,0,-0.02750610001385212,1.0265847444534302,1.4326930046081543
47,107,9.999999999999998,topk,300,0.28553542494773865,32,32,0.28553542494773865,0.07593122124671936,0.07593122124671936,0.28553542494773865,0,0.28553542494773865,0,0.28553542494773865,0,1.0248751640319824,0.7295814156532288,3.971050262451172
47,105,12.0,pre_bbox,300,0.8217147588729858,238,38,0.7488089799880981,0.3446442782878876,0.62681645154953,0.8217147588729858,8,0.8217147588729858,8,0.8217147588729858,8,-0.010398020036518574,0.06000787019729614,1.1047148704528809
47,106,12.0,pre_bbox,300,0.7924516201019287,176,176,0.7924516201019287,0.6468042135238647,0.6468042135238647,0.7924516201019287,8,0.7924516201019287,8,0.7924516201019287,8,-0.08195917308330536,0.1726285219192505,0.11769169569015503
47,107,9.999999999999998,pre_bbox,300,0.7877138257026672,32,32,0.7877138257026672,0.5907443761825562,0.5907443761825562,0.7877138257026672,9,0.7877138257026672,9,0.7877138257026672,9,-0.0048114340752363205,0.1776885688304901,0.8424304127693176
47,105,12.0,decoder_1,300,0.8412959575653076,238,38,0.7381606101989746,0.35119104385375977,0.6321021318435669,0.8412959575653076,9,0.8412959575653076,9,0.8412959575653076,9,-0.04262241721153259,-0.03219016268849373,0.9909384250640869
47,106,12.0,decoder_1,300,0.7838796973228455,176,176,0.7838796973228455,0.6514759659767151,0.6514759659767151,0.7838796973228455,8,0.7838796973228455,8,0.7838796973228455,8,-0.08809061348438263,0.17910611629486084,0.10171762853860855
47,107,9.999999999999998,decoder_1,300,0.7940791845321655,246,32,0.7873753309249878,0.5228096842765808,0.5956264138221741,0.7940791845321655,9,0.7940791845321655,9,0.7940791845321655,9,0.028420180082321167,0.09179511666297913,1.0376759767532349
47,105,12.0,decoder_2,300,0.9065924882888794,238,38,0.8662489056587219,0.05070551857352257,0.7531641125679016,0.9065924882888794,46,0.9065924882888794,46,0.9065924882888794,30,-0.053341444581747055,0.039270684123039246,0.46686726808547974
47,106,12.0,decoder_2,300,0.9115617275238037,40,176,0.8484359383583069,0.5759540796279907,0.7326840758323669,0.9115617275238037,25,0.9115617275238037,25,0.9115617275238037,11,-0.041639041155576706,0.040080901235342026,0.4410386383533478
47,107,9.999999999999998,decoder_2,300,0.7698382139205933,61,246,0.7549151182174683,0.08847665786743164,0.65973961353302,0.7698382139205933,24,0.7698382139205933,24,0.7698382139205933,7,0.0914074182510376,0.190184086561203,0.3859230875968933
47,105,12.0,decoder_3,300,0.9362080693244934,128,38,0.8948906660079956,0.0682513564825058,0.7694191336631775,0.9362080693244934,60,0.9362080693244934,60,0.9362080693244934,40,-0.009177875705063343,0.020841827616095543,0.37928274273872375
47,106,12.0,decoder_3,300,0.8788133263587952,40,176,0.8578824400901794,0.6854276061058044,0.752360999584198,0.8788133263587952,34,0.8788133263587952,34,0.8788133263587952,23,-0.07300157845020294,0.02341562695801258,0.47544538974761963
47,107,9.999999999999998,decoder_3,300,0.7803133726119995,79,246,0.7563290596008301,0.02602262608706951,0.774856448173523,0.7803133726119995,28,0.7803133726119995,28,0.7563290596008301,6,0.022237248718738556,0.253652423620224,0.13123087584972382
47,105,12.0,final_nms07,189,0.8948906660079956,1,1,0.8948906660079956,0.7694191336631775,0.7694191336631775,0.8948906660079956,10,0.8948906660079956,10,0.8948906660079956,6,-0.07293291389942169,0.01879051886498928,0.4145490825176239
47,106,12.0,final_nms07,189,0.8578824400901794,2,2,0.8578824400901794,0.752360999584198,0.752360999584198,0.8578824400901794,6,0.8578824400901794,6,0.8578824400901794,5,-0.08242087811231613,0.04085962474346161,0.8057228326797485
47,107,9.999999999999998,final_nms07,189,0.7563290596008301,0,0,0.7563290596008301,0.774856448173523,0.774856448173523,0.7563290596008301,5,0.7563290596008301,5,0.7563290596008301,2,0.04354822635650635,0.24819332361221313,0.6232490539550781
48,108,11.0,encoder_all_counterfactual,34000,0.7387033700942993,19857,7727,0.10630646347999573,0.02489081211388111,0.06980343908071518,0.7387033700942993,5,0.7387033700942993,5,0.10630646347999573,0,0.155779629945755,0.10856850445270538,1.081834077835083
48,109,13.999999999999996,encoder_all_counterfactual,34000,0.6262642741203308,21138,7646,0.20885980129241943,0.018977593630552292,0.06877821683883667,0.6262642741203308,4,0.6262642741203308,4,0.26454246044158936,0,-0.34167420864105225,0.07776898890733719,1.4922620058059692
48,110,18.0,encoder_all_counterfactual,34000,0.5091491341590881,23214,8344,0.3614532947540283,0.018204951658844948,0.07788488268852234,0.5091491341590881,4,0.5091491341590881,4,0.46523526310920715,0,-0.36764976382255554,0.06520013511180878,2.8133351802825928
48,108,11.0,topk,300,0.10630646347999573,100,100,0.10630646347999573,0.06980343908071518,0.06980343908071518,0.10630646347999573,0,0.10630646347999573,0,0.10630646347999573,0,0.6606279015541077,0.7338526844978333,12.939894676208496
48,109,13.999999999999996,topk,300,0.26454246044158936,254,111,0.20885980129241943,0.05394914746284485,0.06877821683883667,0.26454246044158936,0,0.26454246044158936,0,0.26454246044158936,0,0.5728091597557068,0.7521171569824219,9.252943992614746
48,110,18.0,topk,300,0.4547750949859619,98,13,0.3614532947540283,0.0698578879237175,0.07788488268852234,0.4547750949859619,0,0.4547750949859619,0,0.4547750949859619,0,0.48295849561691284,0.46718302369117737,6.853845596313477
48,108,11.0,pre_bbox,300,0.7574930191040039,100,100,0.7574930191040039,0.45732957124710083,0.45732957124710083,0.7574930191040039,5,0.7574930191040039,5,0.7574930191040039,5,0.00756683386862278,0.1505965143442154,1.016586422920227
48,109,13.999999999999996,pre_bbox,300,0.8075952529907227,48,111,0.5148381590843201,0.36463502049446106,0.5580933094024658,0.8075952529907227,5,0.8075952529907227,5,0.8075952529907227,5,0.05000005662441254,-0.06009768694639206,1.2536654472351074
48,110,18.0,pre_bbox,300,0.6683772802352905,15,13,0.28932809829711914,0.11706629395484924,0.5521519184112549,0.6683772802352905,4,0.6683772802352905,4,0.6683772802352905,3,-0.12740759551525116,-0.07162795215845108,3.0086569786071777
48,108,11.0,decoder_1,300,0.772142231464386,100,100,0.772142231464386,0.46190476417541504,0.46190476417541504,0.772142231464386,5,0.772142231464386,5,0.772142231464386,5,-0.0056085349060595036,0.1335812509059906,0.9529690146446228
48,109,13.999999999999996,decoder_1,300,0.8309714794158936,48,111,0.5109529495239258,0.3693033754825592,0.562131404876709,0.8309714794158936,3,0.8309714794158936,3,0.8309714794158936,3,0.022893374785780907,-0.060720935463905334,0.9968869090080261
48,110,18.0,decoder_1,300,0.5806765556335449,81,13,0.2857964038848877,0.06578373908996582,0.5571368336677551,0.5806765556335449,3,0.5806765556335449,3,0.5806765556335449,3,-0.266571581363678,0.191064715385437,3.5246241092681885
48,108,11.0,decoder_2,300,0.8569428324699402,4,100,0.8296627998352051,0.06533203274011612,0.6519712805747986,0.8569428324699402,30,0.8569428324699402,30,0.8569428324699402,30,-0.02976987510919571,0.13625629246234894,0.3438950479030609
48,109,13.999999999999996,decoder_2,300,0.7755784392356873,189,111,0.652035653591156,0.043981291353702545,0.7356760501861572,0.7755784392356873,34,0.7755784392356873,34,0.7451556921005249,31,0.23139573633670807,0.047070641070604324,1.6660269498825073
48,110,18.0,decoder_2,300,0.680982232093811,72,13,0.39439547061920166,0.05385212227702141,0.5810130834579468,0.680982232093811,9,0.680982232093811,9,0.680982232093811,6,0.1853046864271164,-0.2206762731075287,2.3579132556915283
48,108,11.0,decoder_3,300,0.9262323975563049,4,100,0.8214114308357239,0.03082827664911747,0.6933597326278687,0.9262323975563049,36,0.9262323975563049,36,0.8623155951499939,13,0.0064792875200510025,0.04464113339781761,0.3530956208705902
48,109,13.999999999999996,decoder_3,300,0.841232419013977,241,111,0.6706430912017822,0.032882850617170334,0.7428590655326843,0.841232419013977,47,0.841232419013977,47,0.7357010245323181,30,-0.0860748142004013,-0.05772709846496582,0.639496386051178
48,110,18.0,decoder_3,300,0.6719251871109009,250,13,0.4035349488258362,0.035100776702165604,0.6529947519302368,0.6719251871109009,4,0.6719251871109009,4,0.47276532649993896,0,0.03393196314573288,-0.23914998769760132,1.6450036764144897
48,108,11.0,final_nms07,172,0.8214114308357239,1,1,0.8214114308357239,0.6933597326278687,0.6933597326278687,0.8214114308357239,2,0.8214114308357239,2,0.8214114308357239,1,-0.024791695177555084,0.0852227732539177,0.808197557926178
48,109,13.999999999999996,final_nms07,172,0.693830668926239,22,0,0.6706430912017822,0.0424271784722805,0.7428590655326843,0.693830668926239,7,0.693830668926239,7,0.6706430912017822,4,0.31028884649276733,-0.05891849845647812,1.6236457824707031
48,110,18.0,final_nms07,172,0.6719251871109009,36,2,0.4035349488258362,0.035100776702165604,0.6529947519302368,0.6719251871109009,4,0.6719251871109009,4,0.4374504089355469,0,0.03393196314573288,-0.23914998769760132,1.6450036764144897
49,111,12.0,encoder_all_counterfactual,34000,0.7017775774002075,29136,4287,0.12130235135555267,0.02524545229971409,0.0368196927011013,0.7017775774002075,6,0.7017775774002075,6,0.053509145975112915,0,-0.057581447064876556,0.027307674288749695,2.170335054397583
49,112,13.999999999999996,encoder_all_counterfactual,34000,0.7361047863960266,4208,7604,0.30662909150123596,0.03442737087607384,0.07521916180849075,0.7361047863960266,4,0.7361047863960266,4,0.3092479407787323,0,0.09294483810663223,-0.015095924958586693,1.8012120723724365
49,113,13.999999999999996,encoder_all_counterfactual,34000,0.738371729850769,27376,7645,0.11917344480752945,0.03042212687432766,0.07295870780944824,0.738371729850769,5,0.738371729850769,5,0.2731836438179016,0,-0.03351302072405815,0.06926379352807999,1.7431831359863281
49,111,12.0,topk,300,0.053509145975112915,47,-1,0,0.07167750597000122,,0.053509145975112915,0,0.053509145975112915,0,0.053509145975112915,0,0.5116034746170044,0.5934309959411621,19.409425735473633
49,112,13.999999999999996,topk,300,0.3092479407787323,29,15,0.30662909150123596,0.07346928119659424,0.07521916180849075,0.3092479407787323,0,0.3092479407787323,0,0.3092479407787323,0,0.31712156534194946,0.3063403367996216,8.563081741333008
49,113,13.999999999999996,topk,300,0.2731836438179016,101,32,0.11917344480752945,0.06630487740039825,0.07295870780944824,0.2731836438179016,0,0.2731836438179016,0,0.2731836438179016,0,0.5637584328651428,1.3408598899841309,5.70530366897583
49,111,12.0,pre_bbox,300,0.7968266606330872,47,47,0.7968266606330872,0.41342025995254517,0.41342025995254517,0.7968266606330872,14,0.7968266606330872,14,0.7968266606330872,14,-0.04906124994158745,0.02546650730073452,1.7706621885299683
49,112,13.999999999999996,pre_bbox,300,0.7614330649375916,61,29,0.5489288568496704,0.24094344675540924,0.6167836785316467,0.7614330649375916,14,0.7614330649375916,14,0.7614330649375916,14,-0.13797424733638763,-0.11246225982904434,1.561570405960083
49,113,13.999999999999996,pre_bbox,300,0.9141501784324646,35,101,0.820000410079956,0.49015599489212036,0.5991977453231812,0.9141501784324646,16,0.9141501784324646,16,0.9141501784324646,16,-0.042160648852586746,0.0028979468625038862,0.5822248458862305
49,111,12.0,decoder_1,300,0.7856941819190979,47,47,0.7856941819190979,0.4209645688533783,0.4209645688533783,0.7856941819190979,10,0.7856941819190979,10,0.7856941819190979,10,-0.04680947959423065,0.018014658242464066,1.950122594833374
49,112,13.999999999999996,decoder_1,300,0.708172619342804,61,29,0.5445458292961121,0.24775640666484833,0.6234676241874695,0.708172619342804,11,0.708172619342804,11,0.708172619342804,11,-0.16375666856765747,-0.15315315127372742,1.403070330619812
49,113,13.999999999999996,decoder_1,300,0.9000283479690552,35,101,0.8199501633644104,0.49518802762031555,0.6074135899543762,0.9000283479690552,17,0.9000283479690552,17,0.9000283479690552,17,-0.05527876690030098,-0.01372017152607441,0.6585670113563538
49,111,12.0,decoder_2,300,0.8410949110984802,100,47,0.7864227294921875,0.06240711733698845,0.6610323786735535,0.8410949110984802,38,0.8410949110984802,38,0.8410949110984802,33,-0.13740377128124237,0.02963826432824135,0.4114397168159485
49,112,13.999999999999996,decoder_2,300,0.7615180611610413,127,15,0.6140761971473694,0.026616452261805534,0.7121412754058838,0.7615180611610413,32,0.7615180611610413,32,0.6935123205184937,16,-0.1749388873577118,-0.006339875981211662,2.146787166595459
49,113,13.999999999999996,decoder_2,300,0.8961461782455444,14,101,0.8855027556419373,0.054987892508506775,0.7230713963508606,0.8961461782455444,38,0.8961461782455444,38,0.8961461782455444,17,-0.08006176352500916,-0.010888297110795975,0.34671759605407715
49,111,12.0,decoder_3,300,0.8585580587387085,79,47,0.7606325745582581,0.020905306562781334,0.6519089341163635,0.8585580587387085,43,0.8585580587387085,43,0.7606325745582581,14,-0.1051357239484787,-0.0168747715651989,0.8181381821632385
49,112,13.999999999999996,decoder_3,300,0.7964804172515869,127,15,0.6139762997627258,0.034236203879117966,0.7620706558227539,0.7964804172515869,39,0.7964804172515869,39,0.6668989658355713,20,-0.14367632567882538,-0.016942225396633148,0.6846920847892761
49,113,13.999999999999996,decoder_3,300,0.9063590168952942,93,101,0.8617130517959595,0.04382358118891716,0.698938250541687,0.9063590168952942,57,0.9063590168952942,57,0.9052450656890869,24,-0.05345425009727478,0.0042256638407707214,0.3489953577518463
49,111,12.0,final_nms07,159,0.7606325745582581,2,2,0.7606325745582581,0.6519089341163635,0.6519089341163635,0.7606325745582581,2,0.7606325745582581,2,0.7606325745582581,1,-0.1413455456495285,0.05001393333077431,1.6616085767745972
49,112,13.999999999999996,final_nms07,159,0.6139762997627258,0,0,0.6139762997627258,0.7620706558227539,0.7620706558227539,0.6139762997627258,4,0.6139762997627258,4,0.6139762997627258,3,-0.17747139930725098,-0.07698948681354523,2.3304319381713867
49,113,13.999999999999996,final_nms07,159,0.8617130517959595,1,1,0.8617130517959595,0.698938250541687,0.698938250541687,0.8617130517959595,8,0.8617130517959595,8,0.8617130517959595,7,-0.0643571987748146,-0.0435112863779068,0.6831682920455933
50,114,13.999999999999996,encoder_all_counterfactual,34000,0.5908958911895752,21295,7687,0.25738972425460815,0.04509587213397026,0.07287715375423431,0.5908958911895752,4,0.5908958911895752,4,0.3032962381839752,0,0.08387695997953415,-0.22086653113365173,3.116084098815918
50,115,11.999999999999998,encoder_all_counterfactual,34000,0.6628016233444214,4529,8323,0.20360787212848663,0.03334147483110428,0.07878254354000092,0.6628016233444214,6,0.6628016233444214,6,0.20360787212848663,0,0.11773645877838135,0.021009182557463646,2.6067495346069336
50,116,11.0,encoder_all_counterfactual,34000,0.6626641750335693,25463,7692,0.16716797649860382,0.014863572083413601,0.07547800987958908,0.6626641750335693,3,0.6626641750335693,3,0.23516122996807098,0,0.33337166905403137,0.08260176330804825,0.8591482639312744
50,114,13.999999999999996,topk,300,0.3032962381839752,95,48,0.25738972425460815,0.06886075437068939,0.07287715375423431,0.3032962381839752,0,0.3032962381839752,0,0.3032962381839752,0,0.16310501098632812,0.363219678401947,8.77428913116455
50,115,11.999999999999998,topk,300,0.20360787212848663,7,7,0.20360787212848663,0.07878254354000092,0.07878254354000092,0.20360787212848663,0,0.20360787212848663,0,0.20360787212848663,0,1.2972722053527832,0.3441523313522339,8.273241996765137
50,116,11.0,topk,300,0.23516122996807098,24,23,0.16716797649860382,0.07539724558591843,0.07547800987958908,0.23516122996807098,0,0.23516122996807098,0,0.23516122996807098,0,1.0963855981826782,0.5604605674743652,10.689528465270996
50,114,13.999999999999996,pre_bbox,300,0.6123737692832947,30,95,0.5636557340621948,0.3121771514415741,0.49625927209854126,0.6123737692832947,4,0.6123737692832947,4,0.6123737692832947,4,-0.015041827224195004,-0.097152478992939,2.900773525238037
50,115,11.999999999999998,pre_bbox,300,0.7813091278076172,115,7,0.6697304844856262,0.35717788338661194,0.6162465214729309,0.7813091278076172,7,0.7813091278076172,7,0.7813091278076172,7,0.1769537776708603,0.01887066848576069,1.6557371616363525
50,116,11.0,pre_bbox,300,0.7882164120674133,24,23,0.7682015895843506,0.5434460043907166,0.5562474131584167,0.7882164120674133,10,0.7882164120674133,10,0.7882164120674133,10,0.11023525893688202,0.14271989464759827,0.6860498189926147
50,114,13.999999999999996,decoder_1,300,0.6167027354240417,48,95,0.5707566738128662,0.45604270696640015,0.5039699077606201,0.6167027354240417,5,0.6167027354240417,5,0.6167027354240417,5,-0.3046770393848419,-0.05661667883396149,3.156015396118164
50,115,11.999999999999998,decoder_1,300,0.6792293787002563,229,7,0.6739785671234131,0.2555532455444336,0.620036780834198,0.6792293787002563,7,0.6792293787002563,7,0.6792293787002563,7,-0.05434606224298477,-0.11111126095056534,2.620124340057373
50,116,11.0,decoder_1,300,0.8638940453529358,78,23,0.7661898136138916,0.22164000570774078,0.564263105392456,0.8638940453529358,10,0.8638940453529358,10,0.8638940453529358,10,0.045639608055353165,0.1070275828242302,0.651576817035675
50,114,13.999999999999996,decoder_2,300,0.7451093196868896,65,95,0.6046410799026489,0.027691330760717392,0.6479195356369019,0.7451093196868896,16,0.7451093196868896,16,0.6465955376625061,11,-0.0963466614484787,-0.17081432044506073,0.9737887978553772
50,115,11.999999999999998,decoder_2,300,0.894405722618103,229,7,0.8185557723045349,0.15146467089653015,0.7889851927757263,0.894405722618103,39,0.894405722618103,39,0.894405722618103,29,0.04222777113318443,-0.04889805242419243,0.4520097076892853
50,116,11.0,decoder_2,300,0.8217904567718506,181,24,0.7485537528991699,0.08127246052026749,0.6931749582290649,0.8217904567718506,26,0.8217904567718506,26,0.8217904567718506,19,-0.05484303459525108,0.15883253514766693,0.9197666645050049
50,114,13.999999999999996,decoder_3,300,0.6945183277130127,33,95,0.5872170925140381,0.04510556533932686,0.7198680639266968,0.6945183277130127,20,0.6945183277130127,20,0.624381422996521,6,-0.18497972190380096,-0.12589329481124878,1.259257435798645
50,115,11.999999999999998,decoder_3,300,0.8821392059326172,135,7,0.7991862297058105,0.079071044921875,0.7700643539428711,0.8821392059326172,55,0.8821392059326172,55,0.8821392059326172,41,-0.07637593895196915,-0.024459848180413246,0.4146393835544586
50,116,11.0,decoder_3,300,0.8546356558799744,80,24,0.7697007060050964,0.06890252977609634,0.7736594080924988,0.8546356558799744,38,0.8546356558799744,38,0.8546356558799744,24,-0.09310503304004669,0.06742507219314575,0.45790788531303406
50,114,13.999999999999996,final_nms07,196,0.624381422996521,20,2,0.5872170925140381,0.06749479472637177,0.7198680639266968,0.624381422996521,3,0.624381422996521,3,0.624381422996521,2,-0.1633482426404953,-0.2537165880203247,1.9496177434921265
50,115,11.999999999999998,final_nms07,196,0.7991862297058105,1,1,0.7991862297058105,0.7700643539428711,0.7700643539428711,0.7991862297058105,9,0.7991862297058105,9,0.7991862297058105,7,0.09104540199041367,-0.10781542956829071,1.2182124853134155
50,116,11.0,final_nms07,196,0.7697007060050964,0,0,0.7697007060050964,0.7736594080924988,0.7736594080924988,0.7697007060050964,7,0.7697007060050964,7,0.7697007060050964,7,0.008972739800810814,0.19348473846912384,0.6982150673866272
51,117,13.999999999999996,encoder_all_counterfactual,34000,0.621809184551239,22739,7605,0.1582893431186676,0.025294946506619453,0.07042358815670013,0.621809184551239,2,0.621809184551239,2,0.344990998506546,0,-0.07652799040079117,-0.08573859930038452,2.6078364849090576
51,118,11.0,encoder_all_counterfactual,34000,0.44496241211891174,21619,7726,0.13582150638103485,0.017207380384206772,0.07284733653068542,0.44496241211891174,0,0.44496241211891174,0,0.2687423825263977,0,0.24769432842731476,-0.17991900444030762,3.623353958129883
51,119,10.0,encoder_all_counterfactual,34000,0.5732040405273438,24497,8345,0.2318141609430313,0.012355676852166653,0.07061784714460373,0.5732040405273438,2,0.5732040405273438,2,0.280358225107193,0,0.13787825405597687,-0.3626970648765564,1.7061933279037476
51,117,13.999999999999996,topk,300,0.344990998506546,255,87,0.1582893431186676,0.05734065920114517,0.07042358815670013,0.344990998506546,0,0.344990998506546,0,0.344990998506546,0,0.5571568012237549,0.8614854216575623,1.0808804035186768
51,118,11.0,topk,300,0.1404588669538498,237,52,0.13582150638103485,0.05858882889151573,0.07284733653068542,0.1404588669538498,0,0.1404588669538498,0,0.1404588669538498,0,1.156951665878296,1.6786819696426392,10.429550170898438
51,119,10.0,topk,300,0.2318141609430313,82,82,0.2318141609430313,0.07061784714460373,0.07061784714460373,0.2318141609430313,0,0.2318141609430313,0,0.2318141609430313,0,1.6881077289581299,0.6039707064628601,9.931163787841797
51,117,13.999999999999996,pre_bbox,300,0.8882595300674438,19,255,0.7004038095474243,0.24137848615646362,0.6285116672515869,0.8882595300674438,14,0.8882595300674438,14,0.8882595300674438,14,0.045070674270391464,-0.0746954008936882,0.273250550031662
51,118,11.0,pre_bbox,300,0.6030125617980957,237,237,0.6030125617980957,0.5242156982421875,0.5242156982421875,0.6030125617980957,3,0.6030125617980957,3,0.6030125617980957,3,0.07735654711723328,0.2238766849040985,2.9473090171813965
51,119,10.0,pre_bbox,300,0.5927493572235107,132,82,0.5790711641311646,0.4150557219982147,0.48162493109703064,0.5927493572235107,3,0.5927493572235107,3,0.5927493572235107,3,0.2169693410396576,0.38627463579177856,0.8806906342506409
51,117,13.999999999999996,decoder_1,300,0.8599062561988831,19,255,0.6923930644989014,0.24711915850639343,0.6327620148658752,0.8599062561988831,13,0.8599062561988831,13,0.8599062561988831,13,0.03423038125038147,-0.10221622884273529,0.4752030074596405
51,118,11.0,decoder_1,300,0.5840680003166199,237,237,0.5840680003166199,0.5322551727294922,0.5322551727294922,0.5840680003166199,3,0.5840680003166199,3,0.5840680003166199,3,0.04401015490293503,0.18434305489063263,3.2118868827819824
51,119,10.0,decoder_1,300,0.6496318578720093,23,82,0.583878219127655,0.1460266262292862,0.48681843280792236,0.6496318578720093,3,0.6496318578720093,3,0.6496318578720093,3,0.2494373768568039,0.23202846944332123,1.64771568775177
51,117,13.999999999999996,decoder_2,300,0.9444378614425659,210,255,0.7814450860023499,0.06783610582351685,0.7071980834007263,0.9444378614425659,29,0.9444378614425659,29,0.9444378614425659,17,0.00966809131205082,0.03287936747074127,0.37730035185813904
51,118,11.0,decoder_2,300,0.6979524493217468,97,237,0.5948584675788879,0.10639253258705139,0.39013978838920593,0.6979524493217468,10,0.6979524493217468,10,0.6979524493217468,10,0.17352710664272308,0.17414571344852448,1.4130277633666992
51,119,10.0,decoder_2,300,0.7096859812736511,132,82,0.6114341020584106,0.09596536308526993,0.6909807324409485,0.7096859812736511,24,0.7096859812736511,24,0.7096859812736511,18,0.16414570808410645,0.21039387583732605,1.2633308172225952
51,117,13.999999999999996,decoder_3,300,0.9128844738006592,125,255,0.7859640717506409,0.033430006355047226,0.7637545466423035,0.9128844738006592,39,0.9128844738006592,39,0.8594697713851929,9,-0.05958256125450134,-0.01226374413818121,0.49429064989089966
51,118,11.0,decoder_3,300,0.6290156841278076,237,237,0.6290156841278076,0.32095274329185486,0.32095274329185486,0.6290156841278076,18,0.6290156841278076,18,0.6290156841278076,15,0.17101147770881653,0.2185080200433731,2.110383987426758
51,119,10.0,decoder_3,300,0.6744087338447571,132,82,0.6229626536369324,0.07194788753986359,0.7481990456581116,0.6744087338447571,27,0.6744087338447571,27,0.6744087338447571,20,0.16477741301059723,0.1852269172668457,1.6552343368530273
51,117,13.999999999999996,final_nms07,193,0.7859640717506409,0,0,0.7859640717506409,0.7637545466423035,0.7637545466423035,0.7859640717506409,5,0.7859640717506409,5,0.7859640717506409,2,-0.12046840041875839,-0.05268174782395363,1.2553790807724
51,118,11.0,final_nms07,193,0.6290156841278076,2,2,0.6290156841278076,0.32095274329185486,0.32095274329185486,0.6290156841278076,2,0.6290156841278076,2,0.6290156841278076,2,0.17101147770881653,0.2185080200433731,2.110383987426758
51,119,10.0,final_nms07,193,0.6229626536369324,1,1,0.6229626536369324,0.7481990456581116,0.7481990456581116,0.6229626536369324,2,0.6229626536369324,2,0.6229626536369324,2,0.2714855670928955,0.22770904004573822,1.6150834560394287
52,120,11.0,encoder_all_counterfactual,34000,0.6068466305732727,25457,8303,0.17013011872768402,0.022444119676947594,0.072175532579422,0.6068466305732727,3,0.6068466305732727,3,0.1986553966999054,0,0.14311182498931885,0.31200772523880005,1.6323093175888062
52,121,11.0,encoder_all_counterfactual,34000,0.5975967049598694,20175,5403,0.22338809072971344,0.018607398495078087,0.048354826867580414,0.5975967049598694,3,0.5975967049598694,3,0.0909070298075676,0,0.10081633925437927,0.1618669033050537,2.480402946472168
52,122,8.0,encoder_all_counterfactual,34000,0.4736071527004242,16334,7605,0.20381829142570496,0.01881425268948078,0.06148851290345192,0.4736071527004242,0,0.4736071527004242,0,0.20381829142570496,0,0.49149107933044434,0.41095125675201416,2.338198184967041
52,120,11.0,topk,300,0.1986553966999054,49,37,0.17013011872768402,0.0702316090464592,0.072175532579422,0.1986553966999054,0,0.1986553966999054,0,0.1986553966999054,0,1.0370219945907593,1.471178412437439,5.876917839050293
52,121,11.0,topk,300,0.0909070298075676,122,-1,0,0.062093012034893036,,0.0909070298075676,0,0.0909070298075676,0,0.0909070298075676,0,0.8417705297470093,0.5953454375267029,13.774894714355469
52,122,8.0,topk,300,0.20381829142570496,129,129,0.20381829142570496,0.06148851290345192,0.06148851290345192,0.20381829142570496,0,0.20381829142570496,0,0.20381829142570496,0,1.6576308012008667,0.8461301922798157,4.643573760986328
52,120,11.0,pre_bbox,300,0.6900117993354797,37,49,0.5889527797698975,0.4058394134044647,0.6430373191833496,0.6900117993354797,10,0.6900117993354797,10,0.6900117993354797,10,0.3534097969532013,0.07081553339958191,1.4317344427108765
52,121,11.0,pre_bbox,300,0.7479870915412903,48,122,0.7418872714042664,0.43586984276771545,0.45783495903015137,0.7479870915412903,10,0.7479870915412903,10,0.7479870915412903,10,0.18961036205291748,0.12383201718330383,0.41666287183761597
52,122,8.0,pre_bbox,300,0.4869290888309479,75,129,0.4818646311759949,0.1888207048177719,0.6133880615234375,0.4869290888309479,0,0.4869290888309479,0,0.4869290888309479,0,0.6642228364944458,0.1376902163028717,1.6169403791427612
52,120,11.0,decoder_1,300,0.7152454853057861,37,49,0.5814000964164734,0.4111156761646271,0.6497489809989929,0.7152454853057861,12,0.7152454853057861,12,0.7152454853057861,12,0.32746365666389465,0.053230464458465576,1.4758028984069824
52,121,11.0,decoder_1,300,0.7989134788513184,48,122,0.750236988067627,0.445563405752182,0.4650455117225647,0.7989134788513184,10,0.7989134788513184,10,0.7989134788513184,10,0.13632652163505554,0.1015385091304779,0.45438215136528015
52,122,8.0,decoder_1,300,0.5190505385398865,132,129,0.48662999272346497,0.18842509388923645,0.6206093430519104,0.5190505385398865,2,0.5190505385398865,2,0.5190505385398865,2,0.7262138724327087,0.11608096957206726,2.3676159381866455
52,120,11.0,decoder_2,300,0.6274191737174988,37,49,0.6061160564422607,0.24971333146095276,0.7645338773727417,0.6274191737174988,19,0.6274191737174988,19,0.6274191737174988,15,0.31906160712242126,0.11563434451818466,2.525935411453247
52,121,11.0,decoder_2,300,0.7334620356559753,21,116,0.7295459508895874,0.05477428436279297,0.6973217725753784,0.7334620356559753,19,0.7334620356559753,19,0.7334620356559753,16,0.17294345796108246,0.16237583756446838,0.5332651138305664
52,122,8.0,decoder_2,300,0.6350686550140381,62,129,0.5056897401809692,0.04839320853352547,0.7662070989608765,0.6350686550140381,15,0.6350686550140381,15,0.6122090816497803,10,0.37306779623031616,0.013154787942767143,1.054500937461853
52,120,11.0,decoder_3,300,0.679471492767334,58,49,0.60127192735672,0.03162461519241333,0.7610288858413696,0.679471492767334,23,0.679471492767334,23,0.60127192735672,4,0.35824722051620483,0.06997017562389374,1.8836488723754883
52,121,11.0,decoder_3,300,0.8596037030220032,145,116,0.7280436158180237,0.053761519491672516,0.6297338008880615,0.8596037030220032,28,0.8596037030220032,28,0.8596037030220032,9,0.019244099035859108,0.1413627713918686,0.1899879425764084
52,122,8.0,decoder_3,300,0.583426296710968,103,129,0.5091550946235657,0.10340891033411026,0.7693103551864624,0.583426296710968,21,0.583426296710968,21,0.583426296710968,3,0.4217681288719177,0.014872562140226364,1.7602828741073608
52,120,11.0,final_nms07,197,0.60127192735672,1,1,0.60127192735672,0.7610288858413696,0.7610288858413696,0.60127192735672,1,0.60127192735672,1,0.60127192735672,1,0.26665183901786804,0.1333131045103073,2.676060199737549
52,121,11.0,final_nms07,197,0.7280436158180237,2,2,0.7280436158180237,0.6297338008880615,0.6297338008880615,0.7280436158180237,6,0.7280436158180237,6,0.7280436158180237,3,0.16566812992095947,0.17833395302295685,0.86236971616745
52,122,8.0,final_nms07,197,0.5250809788703918,9,0,0.5091550946235657,0.04604702070355415,0.7693103551864624,0.5250809788703918,2,0.5250809788703918,2,0.5091550946235657,1,0.7298874258995056,0.05155849829316139,3.4118728637695312
53,123,9.999999999999998,encoder_all_counterfactual,34000,0.572223424911499,16503,3892,0.14705070853233337,0.013269373215734959,0.0325717031955719,0.572223424911499,2,0.572223424911499,2,0.08394467085599899,0,0.1010352373123169,-0.25321894884109497,2.226745367050171
53,124,9.0,encoder_all_counterfactual,34000,0.591939389705658,20657,5405,0.10101813077926636,0.019936110824346542,0.044822562485933304,0.591939389705658,1,0.591939389705658,1,0.06765633821487427,0,-0.013718943111598492,0.32643401622772217,1.9302974939346313
53,125,11.0,encoder_all_counterfactual,34000,0.5824448466300964,22577,7645,0.21432700753211975,0.016449403017759323,0.07215098291635513,0.5824448466300964,3,0.5824448466300964,3,0.3863573968410492,0,-0.16371478140354156,-0.16242213547229767,2.2660417556762695
53,123,9.999999999999998,topk,300,0.08394467085599899,24,-1,0,0.07436220347881317,,0.08394467085599899,0,0.08394467085599899,0,0.08394467085599899,0,0.9180089235305786,0.8945032358169556,15.01001262664795
53,124,9.0,topk,300,0.06765633821487427,275,-1,0,0.05444303900003433,,0.06765633821487427,0,0.06765633821487427,0,0.06765633821487427,0,2.4843060970306396,2.724067211151123,15.030351638793945
53,125,11.0,topk,300,0.3863573968410492,55,45,0.21432700753211975,0.07118397951126099,0.07215098291635513,0.3863573968410492,0,0.3863573968410492,0,0.3863573968410492,0,0.7082006335258484,0.5152104496955872,2.716960906982422
53,123,9.999999999999998,pre_bbox,300,0.7874794006347656,24,24,0.7874794006347656,0.3112430274486542,0.3112430274486542,0.7874794006347656,7,0.7874794006347656,7,0.7874794006347656,7,0.0063385250978171825,0.18971504271030426,1.1762211322784424
53,124,9.0,pre_bbox,300,0.6741759777069092,13,123,0.5773905515670776,0.33571019768714905,0.4437960386276245,0.6741759777069092,5,0.6741759777069092,5,0.6741759777069092,5,0.19234712421894073,0.24401119351387024,0.8683149218559265
53,125,11.0,pre_bbox,300,0.7584594488143921,45,55,0.7396793365478516,0.5826315879821777,0.6440707445144653,0.7584594488143921,7,0.7584594488143921,7,0.7584594488143921,7,0.15084603428840637,0.14564456045627594,0.4578629434108734
53,123,9.999999999999998,decoder_1,300,0.7792261838912964,24,24,0.7792261838912964,0.31570136547088623,0.31570136547088623,0.7792261838912964,8,0.7792261838912964,8,0.7792261838912964,8,-0.01651475392282009,0.16206583380699158,1.2609620094299316
53,124,9.0,decoder_1,300,0.7867986559867859,13,123,0.609150230884552,0.34074729681015015,0.4525323212146759,0.7867986559867859,5,0.7867986559867859,5,0.7867986559867859,5,0.13491889834403992,0.11988204717636108,0.56343674659729
53,125,11.0,decoder_1,300,0.7672386169433594,45,55,0.7384284138679504,0.5880624055862427,0.6505463719367981,0.7672386169433594,10,0.7672386169433594,10,0.7672386169433594,10,0.13310864567756653,0.15026552975177765,0.5011222958564758
53,123,9.999999999999998,decoder_2,300,0.8288565278053284,115,24,0.7530864477157593,0.0605211965739727,0.6681549549102783,0.8288565278053284,14,0.8288565278053284,14,0.8288565278053284,14,0.046914126724004745,0.1097235307097435,0.8443987965583801
53,124,9.0,decoder_2,300,0.7046761512756348,31,184,0.6700336337089539,0.07918331772089005,0.7683395743370056,0.7046761512756348,26,0.7046761512756348,26,0.7046761512756348,25,0.0798436850309372,0.3141680657863617,0.2772080898284912
53,125,11.0,decoder_2,300,0.8337746858596802,37,55,0.6750205159187317,0.05187440291047096,0.7540022134780884,0.8337746858596802,29,0.8337746858596802,29,0.8337746858596802,17,0.04090152308344841,0.15223628282546997,0.5308321714401245
53,123,9.999999999999998,decoder_3,300,0.7850328683853149,106,24,0.7305229902267456,0.027007652446627617,0.7573714256286621,0.7850328683853149,18,0.7850328683853149,18,0.7305229902267456,3,-0.028428055346012115,0.2445705384016037,0.3730180859565735
53,124,9.0,decoder_3,300,0.6985023617744446,31,184,0.6880766749382019,0.030967963859438896,0.7775078415870667,0.6985023617744446,34,0.6985023617744446,34,0.6880766749382019,23,0.08310525119304657,0.3217911720275879,0.19831614196300507
53,125,11.0,decoder_3,300,0.7581222057342529,72,55,0.6866702437400818,0.038258690387010574,0.7813366651535034,0.7581222057342529,39,0.7581222057342529,39,0.7210833430290222,16,0.1971196085214615,0.1018492728471756,0.6990132927894592
53,123,9.999999999999998,final_nms07,209,0.7305229902267456,2,2,0.7305229902267456,0.7573714256286621,0.7573714256286621,0.7305229902267456,4,0.7305229902267456,4,0.7305229902267456,1,0.0798044428229332,0.2677072584629059,0.16205647587776184
53,124,9.0,final_nms07,209,0.6880766749382019,1,1,0.6880766749382019,0.7775078415870667,0.7775078415870667,0.6880766749382019,5,0.6880766749382019,5,0.6880766749382019,5,0.04842653125524521,0.3805180490016937,0.4024367034435272
53,125,11.0,final_nms07,209,0.6866702437400818,0,0,0.6866702437400818,0.7813366651535034,0.7813366651535034,0.6866702437400818,5,0.6866702437400818,5,0.6866702437400818,3,0.24452625215053558,0.1701667159795761,0.5477153062820435
54,126,15.0,encoder_all_counterfactual,34000,0.678930938243866,18420,8263,0.17621925473213196,0.010762355290353298,0.07532867789268494,0.678930938243866,4,0.678930938243866,4,0.49428221583366394,0,0.1352459341287613,-0.22910186648368835,1.828080415725708
54,127,11.0,encoder_all_counterfactual,34000,0.5403530597686768,19862,8283,0.1197764053940773,0.016139283776283264,0.07331236451864243,0.5403530597686768,1,0.5403530597686768,1,0.1197764053940773,0,0.02158501371741295,-0.1535322368144989,3.492656707763672
54,128,11.0,encoder_all_counterfactual,34000,0.6529542803764343,28499,7727,0.20260830223560333,0.022509446367621422,0.0775974839925766,0.6529542803764343,5,0.6529542803764343,5,0.20260830223560333,0,0.4597325026988983,-0.020415442064404488,1.2615275382995605
54,126,15.0,topk,300,0.49428221583366394,175,26,0.17621925473213196,0.062173064798116684,0.07532867789268494,0.49428221583366394,0,0.49428221583366394,0,0.49428221583366394,0,0.48522642254829407,0.36216893792152405,2.6387979984283447
54,127,11.0,topk,300,0.1197764053940773,43,43,0.1197764053940773,0.07331236451864243,0.07331236451864243,0.1197764053940773,0,0.1197764053940773,0,0.1197764053940773,0,1.7288129329681396,1.162680983543396,11.585702896118164
54,128,11.0,topk,300,0.20260830223560333,13,13,0.20260830223560333,0.0775974839925766,0.0775974839925766,0.20260830223560333,0,0.20260830223560333,0,0.20260830223560333,0,0.7259257435798645,0.2577659785747528,10.015250205993652
54,126,15.0,pre_bbox,300,0.7188681960105896,209,175,0.6028620600700378,0.1576056331396103,0.6058780550956726,0.7188681960105896,16,0.7188681960105896,16,0.7188681960105896,16,-0.022235985845327377,-0.2138054370880127,0.8891621828079224
54,127,11.0,pre_bbox,300,0.7170467376708984,43,43,0.7170467376708984,0.5168361067771912,0.5168361067771912,0.7170467376708984,7,0.7170467376708984,7,0.7170467376708984,7,0.16267934441566467,0.09156674891710281,1.4090895652770996
54,128,11.0,pre_bbox,300,0.7596988677978516,195,195,0.7596988677978516,0.5848939418792725,0.5848939418792725,0.7596988677978516,13,0.7596988677978516,13,0.7596988677978516,13,0.2920248806476593,-0.013217967934906483,1.3834980726242065
54,126,15.0,decoder_1,300,0.6775144934654236,252,175,0.6077518463134766,0.4646858870983124,0.6125133633613586,0.6775144934654236,16,0.6775144934654236,16,0.6775144934654236,16,-0.114151731133461,-0.21751365065574646,2.1733810901641846
54,127,11.0,decoder_1,300,0.7088810205459595,43,43,0.7088810205459595,0.5247340202331543,0.5247340202331543,0.7088810205459595,7,0.7088810205459595,7,0.7088810205459595,7,0.130296528339386,0.06667347997426987,1.6596530675888062
54,128,11.0,decoder_1,300,0.7802609205245972,195,195,0.7802609205245972,0.5922689437866211,0.5922689437866211,0.7802609205245972,15,0.7802609205245972,15,0.7802609205245972,15,0.2583434283733368,-0.011668657884001732,1.3137834072113037
54,126,15.0,decoder_2,300,0.7825966477394104,244,175,0.7701932191848755,0.050120748579502106,0.7610487341880798,0.7825966477394104,28,0.7825966477394104,28,0.7825966477394104,12,-0.07245174795389175,-0.15627384185791016,1.2977782487869263
54,127,11.0,decoder_2,300,0.7437471747398376,138,43,0.650941014289856,0.06917834281921387,0.44091129302978516,0.7437471747398376,21,0.7437471747398376,21,0.7437471747398376,18,0.0032795905135571957,-0.05425211042165756,1.4365514516830444
54,128,11.0,decoder_2,300,0.8083174824714661,72,195,0.709397554397583,0.051430001854896545,0.6365633010864258,0.8083174824714661,23,0.8083174824714661,23,0.8083174824714661,12,0.1006927415728569,-0.0856482982635498,0.9800652861595154
54,126,15.0,decoder_3,300,0.900484561920166,56,175,0.7643901705741882,0.023325519636273384,0.7779020667076111,0.900484561920166,30,0.900484561920166,30,0.7669485807418823,4,-0.03227153792977333,-0.0016752881929278374,0.6097909212112427
54,127,11.0,decoder_3,300,0.751781165599823,55,43,0.6379550099372864,0.032801494002342224,0.5209425687789917,0.751781165599823,28,0.751781165599823,28,0.6811983585357666,12,0.1977313607931137,-0.0597919337451458,1.0838106870651245
54,128,11.0,decoder_3,300,0.7647347450256348,69,195,0.7096195816993713,0.04047735035419464,0.700808048248291,0.7647347450256348,26,0.7647347450256348,26,0.7296718955039978,7,0.1830621063709259,-0.07166070491075516,1.4467695951461792
54,126,15.0,final_nms07,201,0.8567572832107544,27,0,0.7643901705741882,0.023046238347887993,0.7779020667076111,0.8567572832107544,2,0.8567572832107544,2,0.7643901705741882,1,0.0453789159655571,-0.10432834178209305,0.9055510759353638
54,127,11.0,final_nms07,201,0.6379550099372864,2,2,0.6379550099372864,0.5209425687789917,0.5209425687789917,0.6379550099372864,2,0.6379550099372864,2,0.6379550099372864,1,0.27725425362586975,0.1647941917181015,1.513299822807312
54,128,11.0,final_nms07,201,0.7096195816993713,1,1,0.7096195816993713,0.700808048248291,0.700808048248291,0.7096195816993713,3,0.7096195816993713,3,0.7096195816993713,2,0.15643899142742157,-0.10417081415653229,1.821691632270813
55,129,12.999999999999998,encoder_all_counterfactual,34000,0.7308239340782166,27057,7566,0.23430092632770538,0.017008893191814423,0.06460477411746979,0.7308239340782166,2,0.7308239340782166,2,0.23430092632770538,0,0.0761180892586708,-0.12424986064434052,1.721491813659668
55,130,15.0,encoder_all_counterfactual,34000,0.5914013385772705,3485,7564,0.3514145016670227,0.028334610164165497,0.06208018213510513,0.5914013385772705,2,0.5914013385772705,2,0.3514145016670227,0,0.31115204095840454,0.2022753804922104,3.072652578353882
55,131,9.0,encoder_all_counterfactual,34000,0.6416517496109009,21609,8283,0.202416330575943,0.027515096589922905,0.07456143200397491,0.6416517496109009,1,0.6416517496109009,1,0.202416330575943,0,-0.2639352083206177,0.19990065693855286,1.2780647277832031
55,129,12.999999999999998,topk,300,0.23430092632770538,95,95,0.23430092632770538,0.06460477411746979,0.06460477411746979,0.23430092632770538,0,0.23430092632770538,0,0.23430092632770538,0,0.47444066405296326,0.010684623382985592,10.635188102722168
55,130,15.0,topk,300,0.3514145016670227,133,133,0.3514145016670227,0.06208018213510513,0.06208018213510513,0.3514145016670227,0,0.3514145016670227,0,0.3514145016670227,0,0.6326684355735779,-0.013212548568844795,6.194643974304199
55,131,9.0,topk,300,0.202416330575943,22,22,0.202416330575943,0.07456143200397491,0.07456143200397491,0.202416330575943,0,0.202416330575943,0,0.202416330575943,0,1.0521184206008911,1.4074242115020752,6.792915344238281
55,129,12.999999999999998,pre_bbox,300,0.7726516723632812,65,95,0.6396788954734802,0.3067087233066559,0.3941304683685303,0.7726516723632812,2,0.7726516723632812,2,0.7726516723632812,2,-0.03520946577191353,-0.07810825854539871,1.4708524942398071
55,130,15.0,pre_bbox,300,0.748006284236908,133,133,0.748006284236908,0.6369403600692749,0.6369403600692749,0.748006284236908,9,0.748006284236908,9,0.748006284236908,9,-0.08724381029605865,-0.18049824237823486,0.9268800616264343
55,131,9.0,pre_bbox,300,0.6153079867362976,38,22,0.4649243652820587,0.284623384475708,0.5726782083511353,0.6153079867362976,1,0.6153079867362976,1,0.6153079867362976,1,0.13680124282836914,0.410765677690506,2.1685221195220947
55,129,12.999999999999998,decoder_1,300,0.763710081577301,65,95,0.6508809924125671,0.3116089105606079,0.39966824650764465,0.763710081577301,2,0.763710081577301,2,0.763710081577301,2,-0.05492563173174858,-0.09884893149137497,1.4793788194656372
55,130,15.0,decoder_1,300,0.7446010112762451,133,133,0.7446010112762451,0.640620231628418,0.640620231628418,0.7446010112762451,9,0.7446010112762451,9,0.7446010112762451,9,-0.10164105147123337,-0.17115549743175507,0.8892838358879089
55,131,9.0,decoder_1,300,0.6082077622413635,38,22,0.4599260091781616,0.2917390465736389,0.5802880525588989,0.6082077622413635,4,0.6082077622413635,4,0.6082077622413635,4,0.09105473011732101,0.3753342032432556,2.2078726291656494
55,129,12.999999999999998,decoder_2,300,0.8586708903312683,147,95,0.7592853903770447,0.04564802348613739,0.5063783526420593,0.8586708903312683,4,0.8586708903312683,4,0.7592853903770447,1,-0.06197601184248924,-0.0593731552362442,0.6933145523071289
55,130,15.0,decoder_2,300,0.9072098731994629,133,133,0.9072098731994629,0.7585008144378662,0.7585008144378662,0.9072098731994629,21,0.9072098731994629,21,0.9072098731994629,17,-0.046116601675748825,-0.03704655542969704,0.5086541175842285
55,131,9.0,decoder_2,300,0.6874662637710571,209,22,0.5876431465148926,0.034897904843091965,0.6801294684410095,0.6874662637710571,31,0.6874662637710571,31,0.6105751991271973,7,-0.072507344186306,0.07545658200979233,1.7709556818008423
55,129,12.999999999999998,decoder_3,300,0.8256206512451172,147,95,0.7389469742774963,0.026463249698281288,0.7455027103424072,0.8256206512451172,4,0.8256206512451172,4,0.7389469742774963,1,-0.0851527526974678,-0.06467711180448532,0.9482188820838928
55,130,15.0,decoder_3,300,0.920272946357727,187,133,0.8928998112678528,0.09465352445840836,0.7488967180252075,0.920272946357727,22,0.920272946357727,22,0.920272946357727,17,0.02239460125565529,-0.02914593741297722,0.5076271295547485
55,131,9.0,decoder_3,300,0.7868970036506653,11,22,0.6146776676177979,0.060878902673721313,0.7514726519584656,0.7868970036506653,46,0.7868970036506653,46,0.7868970036506653,23,0.013501245528459549,0.24920374155044556,0.9302271604537964
55,129,12.999999999999998,final_nms07,208,0.7389469742774963,2,2,0.7389469742774963,0.7455027103424072,0.7455027103424072,0.7389469742774963,1,0.7389469742774963,1,0.7389469742774963,1,-0.13144001364707947,-0.1288795918226242,1.4793826341629028
55,130,15.0,final_nms07,208,0.8928998112678528,1,1,0.8928998112678528,0.7488967180252075,0.7488967180252075,0.8928998112678528,3,0.8928998112678528,3,0.8928998112678528,2,-0.038682520389556885,-0.061069056391716,0.4731696844100952
55,131,9.0,final_nms07,208,0.6830981373786926,4,0,0.6146776676177979,0.06027137115597725,0.7514726519584656,0.6830981373786926,3,0.6830981373786926,3,0.6830981373786926,2,-0.12342523038387299,0.2299303114414215,1.5389726161956787
56,132,11.0,encoder_all_counterfactual,34000,0.8718611598014832,18094,7687,0.31164485216140747,0.016860848292708397,0.07156755775213242,0.8718611598014832,8,0.8718611598014832,8,0.31164485216140747,0,0.08321444690227509,-0.013431825675070286,0.6339477896690369
56,133,11.999999999999998,encoder_all_counterfactual,34000,0.6144107580184937,29139,7688,0.1603240817785263,0.027365388348698616,0.07511468976736069,0.6144107580184937,5,0.6144107580184937,5,0.2770180106163025,0,0.09382982552051544,-0.26760950684547424,3.094088315963745
56,134,11.0,encoder_all_counterfactual,34000,0.47536665201187134,21937,7644,0.16428403556346893,0.01352020539343357,0.07188116014003754,0.47536665201187134,0,0.47536665201187134,0,0.261066198348999,0,0.01932680793106556,0.07460055500268936,4.98902702331543
56,132,11.0,topk,300,0.31164485216140747,48,48,0.31164485216140747,0.07156755775213242,0.07156755775213242,0.31164485216140747,0,0.31164485216140747,0,0.31164485216140747,0,0.6101952791213989,0.8668520450592041,5.892934799194336
56,133,11.999999999999998,topk,300,0.2770180106163025,158,23,0.1603240817785263,0.0621010959148407,0.07511468976736069,0.2770180106163025,0,0.2770180106163025,0,0.2770180106163025,0,1.1664862632751465,0.6662319302558899,2.4252936840057373
56,134,11.0,topk,300,0.261066198348999,256,46,0.16428403556346893,0.05642300099134445,0.07188116014003754,0.261066198348999,0,0.261066198348999,0,0.261066198348999,0,1.3538832664489746,0.3258156180381775,4.920409679412842
56,132,11.0,pre_bbox,300,0.8159319758415222,25,48,0.7748497724533081,0.31719180941581726,0.5755153298377991,0.8159319758415222,5,0.8159319758415222,5,0.8159319758415222,5,-0.1435556858778,-0.047305088490247726,0.34961456060409546
56,133,11.999999999999998,pre_bbox,300,0.7541775703430176,6,158,0.6425156593322754,0.2700318396091461,0.6251929998397827,0.7541775703430176,22,0.7541775703430176,22,0.7541775703430176,22,0.1345868855714798,-0.16062404215335846,1.086306095123291
56,134,11.0,pre_bbox,300,0.7808144688606262,46,256,0.7354493141174316,0.4511035978794098,0.5681370496749878,0.7808144688606262,19,0.7808144688606262,19,0.7808144688606262,19,0.24050094187259674,0.03241655230522156,0.23421737551689148
56,132,11.0,decoder_1,300,0.7728559374809265,25,48,0.7721419930458069,0.32372570037841797,0.5804980397224426,0.7728559374809265,5,0.7728559374809265,5,0.7728559374809265,5,-0.1689431220293045,-0.07003592699766159,0.11111928522586823
56,133,11.999999999999998,decoder_1,300,0.7611663937568665,6,158,0.6377391219139099,0.27785080671310425,0.632104754447937,0.7611663937568665,21,0.7611663937568665,21,0.7611663937568665,21,0.10005190968513489,-0.17608562111854553,1.235904335975647
56,134,11.0,decoder_1,300,0.8017741441726685,174,256,0.7561487555503845,0.40498191118240356,0.575688362121582,0.8017741441726685,19,0.8017741441726685,19,0.8017741441726685,19,0.13651378452777863,0.019231650978326797,1.0351864099502563
56,132,11.0,decoder_2,300,0.8338934779167175,48,48,0.8338934779167175,0.5783530473709106,0.5783530473709106,0.8338934779167175,7,0.8338934779167175,7,0.8338934779167175,1,-0.08106721192598343,0.08826480060815811,0.8283146619796753
56,133,11.999999999999998,decoder_2,300,0.7009010314941406,34,158,0.6317107677459717,0.05614027753472328,0.7396731376647949,0.7009010314941406,28,0.7009010314941406,28,0.7009010314941406,12,0.07561018317937851,-0.19069421291351318,2.1281728744506836
56,134,11.0,decoder_2,300,0.8538753390312195,254,256,0.7841238379478455,0.05802594870328903,0.7475248575210571,0.8538753390312195,41,0.8538753390312195,41,0.8538753390312195,16,0.0497436448931694,-0.09243595600128174,0.5162410736083984
56,132,11.0,decoder_3,300,0.8284405469894409,48,48,0.8284405469894409,0.741061270236969,0.741061270236969,0.8284405469894409,7,0.8284405469894409,7,0.8284405469894409,1,-0.0858786329627037,0.09692393988370895,0.8330198526382446
56,133,11.999999999999998,decoder_3,300,0.7267290353775024,151,158,0.6309415102005005,0.024796361103653908,0.7309014201164246,0.7267290353775024,35,0.7267290353775024,35,0.6339860558509827,3,0.10558226704597473,-0.18544426560401917,1.9726932048797607
56,134,11.0,decoder_3,300,0.8149279952049255,31,256,0.7851654291152954,0.03382376953959465,0.7758619785308838,0.8149279952049255,45,0.8149279952049255,45,0.8045126795768738,12,0.09828636050224304,-0.10896340012550354,0.6365509033203125
56,132,11.0,final_nms07,205,0.8284405469894409,1,1,0.8284405469894409,0.741061270236969,0.741061270236969,0.8284405469894409,1,0.8284405469894409,1,0.8284405469894409,1,-0.0858786329627037,0.09692393988370895,0.8330198526382446
56,133,11.999999999999998,final_nms07,205,0.7051599621772766,12,2,0.6309415102005005,0.030190959572792053,0.7309014201164246,0.7051599621772766,4,0.7051599621772766,4,0.6309415102005005,1,-0.017003988847136497,-0.22387947142124176,1.6917155981063843
56,134,11.0,final_nms07,205,0.7851654291152954,0,0,0.7851654291152954,0.7758619785308838,0.7758619785308838,0.7851654291152954,3,0.7851654291152954,3,0.7851654291152954,1,0.15936972200870514,-0.06093933805823326,0.8091285228729248
57,135,8.0,encoder_all_counterfactual,34000,0.4855552613735199,25130,8246,0.1190723180770874,0.02387261763215065,0.06267703324556351,0.4855552613735199,0,0.4855552613735199,0,0.15946777164936066,0,0.16548492014408112,0.5411447882652283,3.286397695541382
57,135,8.0,topk,300,0.15946777164936066,117,96,0.1190723180770874,0.05976931378245354,0.06267703324556351,0.15946777164936066,0,0.15946777164936066,0,0.15946777164936066,0,0.8054375648498535,1.2133415937423706,8.339964866638184
57,135,8.0,pre_bbox,300,0.7478659152984619,117,96,0.5272480249404907,0.574377179145813,0.5881949663162231,0.7478659152984619,3,0.7478659152984619,3,0.7478659152984619,3,-0.07103098183870316,0.2179444581270218,0.7392768859863281
57,135,8.0,decoder_1,300,0.7428843379020691,117,96,0.5250816941261292,0.5804769992828369,0.5950113534927368,0.7428843379020691,3,0.7428843379020691,3,0.7428843379020691,3,-0.08918970823287964,0.22486546635627747,0.7041247487068176
57,135,8.0,decoder_2,300,0.7868881225585938,101,117,0.7498273849487305,0.07679632306098938,0.6307494044303894,0.7868881225585938,31,0.7868881225585938,31,0.7868881225585938,21,-0.00233841803856194,0.24874038994312286,0.14977684617042542
57,135,8.0,decoder_3,300,0.7791370749473572,13,117,0.7465983629226685,0.15326330065727234,0.6740581393241882,0.7791370749473572,40,0.7791370749473572,40,0.7791370749473572,16,-0.014791670255362988,0.25510045886039734,0.5186536908149719
57,135,8.0,final_nms07,227,0.7465983629226685,0,0,0.7465983629226685,0.6740581393241882,0.6740581393241882,0.7465983629226685,4,0.7465983629226685,4,0.7465983629226685,2,-0.05575631558895111,0.2696585953235626,0.6032175421714783
58,136,8.0,encoder_all_counterfactual,34000,0.40014326572418213,18254,3725,0.12985144555568695,0.01560799777507782,0.04634628817439079,0.40014326572418213,0,0.40014326572418213,0,0.028981735929846764,0,1.0186630487442017,0.027948403730988503,4.084728240966797
58,136,8.0,topk,300,0.028981735929846764,61,-1,0,0.06838243454694748,,0.028981735929846764,0,0.028981735929846764,0,0.028981735929846764,0,1.803070306777954,0.6702458262443542,15.145519256591797
58,136,8.0,pre_bbox,300,0.4103611707687378,61,61,0.4103611707687378,0.481340616941452,0.481340616941452,0.4103611707687378,0,0.4103611707687378,0,0.4103611707687378,0,0.6329890489578247,0.34254011511802673,3.477396011352539
58,136,8.0,decoder_1,300,0.3985309302806854,111,61,0.3977165222167969,0.4165347218513489,0.4881421625614166,0.3985309302806854,0,0.3985309302806854,0,0.3985309302806854,0,0.7366895079612732,0.36457422375679016,3.6785407066345215
58,136,8.0,decoder_2,300,0.6135275363922119,24,61,0.41190046072006226,0.10997894406318665,0.6789700984954834,0.6135275363922119,8,0.6135275363922119,8,0.6135275363922119,8,0.2076205611228943,0.34968969225883484,1.478257656097412
58,136,8.0,decoder_3,300,0.47709956765174866,94,61,0.4116446077823639,0.06284613907337189,0.7114742994308472,0.47709956765174866,0,0.47709956765174866,0,0.47709956765174866,0,0.3436364531517029,0.30231133103370667,2.528372287750244
58,136,8.0,final_nms07,245,0.417623370885849,7,0,0.4116446077823639,0.04517332836985588,0.7114742994308472,0.417623370885849,0,0.417623370885849,0,0.4116446077823639,0,0.6537856459617615,0.44788625836372375,2.7239136695861816
59,137,9.999999999999998,encoder_all_counterfactual,34000,0.5388041138648987,20814,4526,0.11949203163385391,0.01497118640691042,0.03389997407793999,0.5388041138648987,1,0.5388041138648987,1,0.04149071127176285,0,0.500257134437561,-0.03149006888270378,3.574183225631714
59,137,9.999999999999998,topk,300,0.04149071127176285,139,-1,0,0.056462790817022324,,0.04149071127176285,0,0.04149071127176285,0,0.04149071127176285,0,1.0613598823547363,0.41868966817855835,14.255040168762207
59,137,9.999999999999998,pre_bbox,300,0.6202782988548279,150,17,0.5597764253616333,0.29436272382736206,0.5339200496673584,0.6202782988548279,9,0.6202782988548279,9,0.6202782988548279,9,0.3034115731716156,0.23689818382263184,1.3092130422592163
59,137,9.999999999999998,decoder_1,300,0.6405146718025208,150,17,0.5890692472457886,0.3009498119354248,0.5406956076622009,0.6405146718025208,10,0.6405146718025208,10,0.6405146718025208,10,0.2782112658023834,0.2214338332414627,1.3954191207885742
59,137,9.999999999999998,decoder_2,300,0.7345393300056458,12,17,0.6341109871864319,0.07217161357402802,0.6602465510368347,0.7345393300056458,38,0.7345393300056458,38,0.7345393300056458,36,0.21061444282531738,0.12455994635820389,0.5540786981582642
59,137,9.999999999999998,decoder_3,300,0.7135540843009949,35,17,0.6476550102233887,0.08641217648983002,0.6912405490875244,0.7135540843009949,58,0.7135540843009949,58,0.7135540843009949,49,0.17130741477012634,0.15377070009708405,1.1853713989257812
59,137,9.999999999999998,final_nms07,204,0.6476550102233887,0,0,0.6476550102233887,0.6912405490875244,0.6912405490875244,0.6476550102233887,2,0.6476550102233887,2,0.6476550102233887,2,0.15863193571567535,0.04219609871506691,1.9150036573410034
60,138,11.0,encoder_all_counterfactual,34000,0.5713397860527039,26091,8303,0.19720378518104553,0.02504284493625164,0.0691416934132576,0.5713397860527039,2,0.5713397860527039,2,0.19720378518104553,0,-0.037825942039489746,0.4000989496707916,1.898781657218933
60,138,11.0,topk,300,0.19720378518104553,30,30,0.19720378518104553,0.0691416934132576,0.0691416934132576,0.19720378518104553,0,0.19720378518104553,0,0.19720378518104553,0,0.8625847697257996,0.7845234870910645,8.305997848510742
60,138,11.0,pre_bbox,300,0.756301760673523,30,30,0.756301760673523,0.5431716442108154,0.5431716442108154,0.756301760673523,5,0.756301760673523,5,0.756301760673523,5,-0.07509692013263702,0.049077752977609634,1.3599144220352173
60,138,11.0,decoder_1,300,0.7463057637214661,30,30,0.7463057637214661,0.5477988123893738,0.5477988123893738,0.7463057637214661,5,0.7463057637214661,5,0.7463057637214661,5,-0.09246060997247696,0.04361983761191368,1.3362590074539185
60,138,11.0,decoder_2,300,0.8428980112075806,77,30,0.7249539494514465,0.09641872346401215,0.7484936714172363,0.8428980112075806,37,0.8428980112075806,37,0.8428980112075806,35,0.059780146926641464,0.05758066102862358,0.8087430596351624
60,138,11.0,decoder_3,300,0.8672538995742798,150,30,0.6930591464042664,0.02905423939228058,0.6987671852111816,0.8672538995742798,50,0.8672538995742798,50,0.7603026628494263,29,-0.03913114219903946,0.11234018951654434,0.5615022778511047
60,138,11.0,final_nms07,219,0.7003446221351624,12,0,0.6930591464042664,0.06273820996284485,0.6987671852111816,0.7003446221351624,7,0.7003446221351624,7,0.7003446221351624,7,-0.09018895775079727,-0.10301876068115234,1.5636036396026611
61,139,11.0,encoder_all_counterfactual,34000,0.5770812630653381,20164,8282,0.26560670137405396,0.013393687084317207,0.07357721775770187,0.5770812630653381,3,0.5770812630653381,3,0.4050948917865753,0,0.17621000111103058,-0.10739322751760483,2.773326873779297
61,139,11.0,topk,300,0.4050948917865753,102,18,0.26560670137405396,0.05703333020210266,0.07357721775770187,0.4050948917865753,0,0.4050948917865753,0,0.4050948917865753,0,0.3679197132587433,0.35401731729507446,4.558038711547852
61,139,11.0,pre_bbox,300,0.7526956796646118,34,102,0.6644364595413208,0.3460070788860321,0.6000315546989441,0.7526956796646118,18,0.7526956796646118,18,0.7526956796646118,18,0.10018230229616165,0.20758257806301117,1.2680281400680542
61,139,11.0,decoder_1,300,0.7997258305549622,34,102,0.6616247296333313,0.354920357465744,0.6050912737846375,0.7997258305549622,18,0.7997258305549622,18,0.7997258305549622,18,0.05609510838985443,0.18401667475700378,1.0700494050979614
61,139,11.0,decoder_2,300,0.7827560305595398,34,102,0.6895663738250732,0.04306485131382942,0.6577886939048767,0.7827560305595398,42,0.7827560305595398,42,0.7770025730133057,20,-0.11094725877046585,0.15274223685264587,0.17060382664203644
61,139,11.0,decoder_3,300,0.7791627645492554,57,102,0.6808246374130249,0.04856223240494728,0.6880434155464172,0.7791627645492554,53,0.7791627645492554,53,0.7584056258201599,24,-0.11548703908920288,0.15286405384540558,0.9436742067337036
61,139,11.0,final_nms07,225,0.764807403087616,20,0,0.6808246374130249,0.042531512677669525,0.6880434155464172,0.764807403087616,6,0.764807403087616,6,0.6808246374130249,3,-0.11520446091890335,-0.09819025546312332,1.0584644079208374
62,140,11.999999999999998,encoder_all_counterfactual,34000,0.6112606525421143,21928,8264,0.21731574833393097,0.02425101399421692,0.07258147746324539,0.6112606525421143,4,0.6112606525421143,4,0.21731574833393097,0,0.1752832978963852,-0.13180719316005707,2.4961097240448
62,140,11.999999999999998,topk,300,0.21731574833393097,21,21,0.21731574833393097,0.07258147746324539,0.07258147746324539,0.21731574833393097,0,0.21731574833393097,0,0.21731574833393097,0,1.5305256843566895,0.8184291124343872,7.277576446533203
62,140,11.999999999999998,pre_bbox,300,0.6524370312690735,57,21,0.6370753049850464,0.12449882179498672,0.5852538347244263,0.6524370312690735,7,0.6524370312690735,7,0.6524370312690735,7,0.3215528726577759,0.07886452227830887,2.3210198879241943
62,140,11.999999999999998,decoder_1,300,0.6749866008758545,5,21,0.6409587860107422,0.1817772537469864,0.588878870010376,0.6749866008758545,7,0.6749866008758545,7,0.6749866008758545,7,0.33969977498054504,0.10584302991628647,2.010986804962158
62,140,11.999999999999998,decoder_2,300,0.8052970767021179,7,21,0.7053510546684265,0.11275158822536469,0.6269992589950562,0.8052970767021179,35,0.8052970767021179,35,0.8052970767021179,33,0.03321840986609459,-0.09943100810050964,0.8061392307281494
62,140,11.999999999999998,decoder_3,300,0.8573542237281799,9,21,0.7091709971427917,0.06624721735715866,0.7449559569358826,0.8573542237281799,59,0.8573542237281799,59,0.8573542237281799,47,0.011812234297394753,-0.06261051446199417,0.7349542379379272
62,140,11.999999999999998,final_nms07,199,0.8136435151100159,30,0,0.7091709971427917,0.050639986991882324,0.7449559569358826,0.8136435151100159,9,0.8136435151100159,9,0.8136435151100159,7,-0.0016460181213915348,0.045992907136678696,1.055213451385498
63,141,9.0,encoder_all_counterfactual,34000,0.5425471067428589,25447,5399,0.11182618141174316,0.028759649023413658,0.05265478417277336,0.5425471067428589,1,0.5425471067428589,1,0.11182618141174316,0,0.3691371977329254,0.3267759084701538,2.4578211307525635
63,141,9.0,topk,300,0.11182618141174316,159,159,0.11182618141174316,0.05265478417277336,0.05265478417277336,0.11182618141174316,0,0.11182618141174316,0,0.11182618141174316,0,1.6465160846710205,1.3208489418029785,11.870922088623047
63,141,9.0,pre_bbox,300,0.6217473745346069,159,96,0.39018514752388,0.37875503301620483,0.40939968824386597,0.6217473745346069,6,0.6217473745346069,6,0.6217473745346069,6,0.3187394142150879,0.17362147569656372,1.910783290863037
63,141,9.0,decoder_1,300,0.6133132576942444,159,96,0.3966634273529053,0.3835776150226593,0.4169004261493683,0.6133132576942444,6,0.6133132576942444,6,0.6133132576942444,6,0.2813301086425781,0.11965322494506836,2.126805067062378
63,141,9.0,decoder_2,300,0.8187934756278992,107,113,0.7050713896751404,0.10051723569631577,0.601801872253418,0.8187934756278992,30,0.8187934756278992,30,0.8187934756278992,29,-0.06816482543945312,0.11495588719844818,0.9070900678634644
63,141,9.0,decoder_3,300,0.7505737543106079,279,113,0.7047995924949646,0.11604318767786026,0.6522340774536133,0.7505737543106079,48,0.7505737543106079,48,0.7505737543106079,28,0.021495819091796875,-0.016058770939707756,1.3016557693481445
63,141,9.0,final_nms07,215,0.7047995924949646,0,0,0.7047995924949646,0.6522340774536133,0.6522340774536133,0.7047995924949646,5,0.7047995924949646,5,0.7047995924949646,5,0.11092376708984375,-0.04112109914422035,1.4454540014266968
64,142,9.999999999999998,encoder_all_counterfactual,34000,0.6584925055503845,20963,8143,0.11636316031217575,0.024582408368587494,0.06824283301830292,0.6584925055503845,4,0.6584925055503845,4,0.2932298481464386,0,0.02539551816880703,0.18995295464992523,2.0381577014923096
64,142,9.999999999999998,topk,300,0.2932298481464386,137,120,0.11636316031217575,0.06666955351829529,0.06824283301830292,0.2932298481464386,0,0.2932298481464386,0,0.2932298481464386,0,0.6276147365570068,0.8626044988632202,6.496104717254639
64,142,9.999999999999998,pre_bbox,300,0.675324022769928,137,137,0.675324022769928,0.5733662843704224,0.5733662843704224,0.675324022769928,6,0.675324022769928,6,0.675324022769928,6,-0.15749521553516388,0.2089529186487198,1.7868072986602783
64,142,9.999999999999998,decoder_1,300,0.6732451319694519,137,137,0.6732451319694519,0.5814651250839233,0.5814651250839233,0.6732451319694519,6,0.6732451319694519,6,0.6732451319694519,6,-0.17850789427757263,0.21079738438129425,1.8067800998687744
64,142,9.999999999999998,decoder_2,300,0.8478806018829346,296,137,0.6121887564659119,0.0718546211719513,0.6785863041877747,0.8478806018829346,52,0.8478806018829346,52,0.8478806018829346,44,-0.12592141330242157,-0.0249276552349329,0.18641076982021332
64,142,9.999999999999998,decoder_3,300,0.7211316227912903,207,137,0.6141829490661621,0.08892303705215454,0.7585558891296387,0.7211316227912903,76,0.7211316227912903,76,0.7211316227912903,65,-0.12651826441287994,0.24186505377292633,1.0691015720367432
64,142,9.999999999999998,final_nms07,194,0.67967289686203,6,0,0.6141829490661621,0.08099305629730225,0.7585558891296387,0.67967289686203,5,0.67967289686203,5,0.67967289686203,5,0.004578209016472101,0.32896652817726135,1.5921688079833984
65,143,9.0,encoder_all_counterfactual,34000,0.442139208316803,27411,7649,0.17313814163208008,0.025788413360714912,0.08088763058185577,0.442139208316803,0,0.442139208316803,0,0.17313814163208008,0,0.30443939566612244,0.7338626980781555,2.9412293434143066
65,143,9.0,topk,300,0.17313814163208008,3,3,0.17313814163208008,0.08088763058185577,0.08088763058185577,0.17313814163208008,0,0.17313814163208008,0,0.17313814163208008,0,1.1356205940246582,0.6938649415969849,10.205620765686035
65,143,9.0,pre_bbox,300,0.5705341100692749,3,3,0.5705341100692749,0.357793390750885,0.357793390750885,0.5705341100692749,1,0.5705341100692749,1,0.5705341100692749,1,0.13210442662239075,0.31754252314567566,2.61104154586792
65,143,9.0,decoder_1,300,0.5568448305130005,3,3,0.5568448305130005,0.36602160334587097,0.36602160334587097,0.5568448305130005,1,0.5568448305130005,1,0.5568448305130005,1,0.11042942106723785,0.30846887826919556,2.7133097648620605
65,143,9.0,decoder_2,300,0.5546989440917969,3,3,0.5546989440917969,0.52857905626297,0.52857905626297,0.5546989440917969,1,0.5546989440917969,1,0.5546989440917969,1,0.22170376777648926,0.39099839329719543,2.4106757640838623
65,143,9.0,decoder_3,300,0.5683876872062683,3,3,0.5683876872062683,0.5036709904670715,0.5036709904670715,0.5683876872062683,1,0.5683876872062683,1,0.5683876872062683,1,0.1985672414302826,0.4001941978931427,2.3063747882843018
65,143,9.0,final_nms07,262,0.5683876872062683,0,0,0.5683876872062683,0.5036709904670715,0.5036709904670715,0.5683876872062683,1,0.5683876872062683,1,0.5683876872062683,1,0.1985672414302826,0.4001941978931427,2.3063747882843018
66,144,9.999999999999998,encoder_all_counterfactual,34000,0.4634948968887329,2626,3985,0.15198670327663422,0.013249384239315987,0.040018241852521896,0.4634948968887329,0,0.4634948968887329,0,0.0,0,0.19129058718681335,0.5073646306991577,4.121376991271973
66,144,9.999999999999998,topk,300,0.0,0,-1,0,0.07898841053247452,,0.0,0,0.0,0,0.0,0,1.3527710437774658,1.2293795347213745,219.84521484375
66,144,9.999999999999998,pre_bbox,300,0.32370486855506897,263,263,0.32370486855506897,0.07831905782222748,0.07831905782222748,0.32370486855506897,0,0.32370486855506897,0,0.32370486855506897,0,0.8848785758018494,0.6389581561088562,4.8004961013793945
66,144,9.999999999999998,decoder_1,300,0.2946717143058777,263,263,0.2946717143058777,0.075566865503788,0.075566865503788,0.2946717143058777,0,0.2946717143058777,0,0.2946717143058777,0,1.1220225095748901,0.5992377400398254,5.652066707611084
66,144,9.999999999999998,decoder_2,300,0.6357313990592957,263,263,0.6357313990592957,0.29662516713142395,0.29662516713142395,0.6357313990592957,1,0.6357313990592957,1,0.6357313990592957,1,-0.0068940529599785805,0.2629009187221527,1.9988155364990234
66,144,9.999999999999998,decoder_3,300,0.7991408109664917,263,263,0.7991408109664917,0.5533909201622009,0.5533909201622009,0.7991408109664917,1,0.7991408109664917,1,0.7991408109664917,1,-0.05013423413038254,0.1985616683959961,0.3438778519630432
66,144,9.999999999999998,final_nms07,245,0.7991408109664917,0,0,0.7991408109664917,0.5533909201622009,0.5533909201622009,0.7991408109664917,1,0.7991408109664917,1,0.7991408109664917,1,-0.05013423413038254,0.1985616683959961,0.3438778519630432
