path,stem,ext,width,height,mode,pixel_sha256,machine,chroma_pixels,has_main_label,is_raw
4. X-ray 검사장비 AI 데이터셋/dataset/test1/yolov3/X선이물검출기(06.23_09.22)/1호기(2020.09.22)/SN77128_20200629_NgImage/002_20200629_082648(6).bmp,002_20200629_082648(6),.bmp,352,332,P,2c384041e54e8012ae1a65828b679e8f66d0c1c1b9aaebb93bdb75623d433282,1호기,384,False,True
4. X-ray 검사장비 AI 데이터셋/dataset/test1/yolov3/X선이물검출기(06.23_09.22)/1호기(2020.09.22)/SN77128_20200629_NgImage/002_20200629_082651(5).bmp,002_20200629_082651(5),.bmp,352,332,P,4ef74fe0b20b30520979b881fe1651f3b68c730b354d6fcfb4687b6ebe7c17ff,1호기,384,False,True
4. X-ray 검사장비 AI 데이터셋/dataset/test1/yolov3/X선이물검출기(06.23_09.22)/1호기(2020.09.22)/SN77128_20200629_NgImage/002_20200629_123235(1).bmp,002_20200629_123235(1),.bmp,352,332,P,3828fbe9d462628aa210e3c19ad44af8db0d551f909c2fb5c6983caae944d84a,1호기,384,False,True
4. X-ray 검사장비 AI 데이터셋/dataset/test1/yolov3/X선이물검출기(06.23_09.22)/1호기(2020.09.22)/SN77128_20200629_NgImage/002_20200629_123239(5).bmp,002_20200629_123239(5),.bmp,352,332,P,6c0c2bcad5560679af115a9bb1e36c610f3c0f55f3b829fa13f2c3b9981b81ec,1호기,392,False,True
4. X-ray 검사장비 AI 데이터셋/dataset/test1/yolov3/X선이물검출기(06.23_09.22)/1호기(2020.09.22)/SN77128_20200629_NgImage/002_20200629_123244(1).bmp,002_20200629_123244(1),.bmp,352,332,P,bb8cbdb8afbd3a8915b8f40da31f6477301884564e211d8b3c6c6970d1d47dd4,1호기,384,False,True
4. X-ray 검사장비 AI 데이터셋/dataset/test1/yolov3/X선이물검출기(06.23_09.22)/1호기(2020.09.22)/SN77128_20200629_NgImage/002_20200629_123248(5).bmp,002_20200629_123248(5),.bmp,352,332,P,6c3d9191acae009dcc3f5e0baebbe20970c75d13c192154284c0dfd3c397df88,1호기,384,False,True
4. X-ray 검사장비 AI 데이터셋/dataset/test1/yolov3/X선이물검출기(06.23_09.22)/1호기(2020.09.22)/SN77128_20200629_NgImage/002_20200629_123253(1).bmp,002_20200629_123253(1),.bmp,352,332,P,ad5d4978af9dd0804a65422358062de9f245a5f2bc9ff4d9b48978c78d9649a3,1호기,392,False,True
4. X-ray 검사장비 AI 데이터셋/dataset/test1/yolov3/X선이물검출기(06.23_09.22)/1호기(2020.09.22)/SN77128_20200629_NgImage/002_20200629_123257(5).bmp,002_20200629_123257(5),.bmp,352,332,P,38832c2380d3840948ffe8eabdfe7255ab640af7ad1ce4446ed91d416e84a961,1호기,384,False,True
4. X-ray 검사장비 AI 데이터셋/dataset/test1/yolov3/X선이물검출기(06.23_09.22)/1호기(2020.09.22)/SN77128_20200629_NgImage/002_20200629_163454(3).bmp,002_20200629_163454(3),.bmp,352,332,P,268e2540a43d476a448371268d265ff54773d779dc80c77b83e3173e99ab0e8a,1호기,384,False,True
4. X-ray 검사장비 AI 데이터셋/dataset/test1/yolov3/X선이물검출기(06.23_09.22)/1호기(2020.09.22)/SN77128_20200629_NgImage/002_20200629_163457(3).bmp,002_20200629_163457(3),.bmp,352,332,P,0b69df4753c6331393c4c408cccb293782b2c837ca72cef9f263a7a33b0ad1ae,1호기,384,False,True
4. X-ray 검사장비 AI 데이터셋/dataset/test1/yolov3/X선이물검출기(06.23_09.22)/1호기(2020.09.22)/SN77128_20200629_NgImage/002_20200629_163500(2).bmp,002_20200629_163500(2),.bmp,352,332,P,c60725c49668c71217c06b65267adb6d7a066eb3ae4ce21aaf81a240574567d2,1호기,384,False,True
4. X-ray 검사장비 AI 데이터셋/dataset/test1/yolov3/X선이물검출기(06.23_09.22)/1호기(2020.09.22)/SN77128_20200629_NgImage/002_20200629_163506(3).bmp,002_20200629_163506(3),.bmp,352,332,P,d4f671bd36d0a7a6edd388f42f7f2717a6f6b86a194adf1055cffe495b90f17f,1호기,384,False,True
4. X-ray 검사장비 AI 데이터셋/dataset/test1/yolov3/X선이물검출기(06.23_09.22)/1호기(2020.09.22)/SN77128_20200629_NgImage/002_20200629_163513(1).bmp,002_20200629_163513(1),.bmp,352,332,P,4cc57b1185b0492777db94c0615cca8a87b7888de6bec56dccd211bc7cd946c3,1호기,392,False,True
4. X-ray 검사장비 AI 데이터셋/dataset/test1/yolov3/X선이물검출기(06.23_09.22)/1호기(2020.09.22)/SN77128_20200629_NgImage/002_20200629_163520(3).bmp,002_20200629_163520(3),.bmp,352,332,P,e22b015849780ee4f537b9059afc628e26f88ba34f3fa8e4173bea722d42807c,1호기,384,False,True
4. X-ray 검사장비 AI 데이터셋/dataset/test1/yolov3/X선이물검출기(06.23_09.22)/1호기(2020.09.22)/SN77128_20200629_NgImage/002_20200629_202528(1).bmp,002_20200629_202528(1),.bmp,352,332,P,22730318757f1cd3cd1643ead1929e7068f428ec3d5affcce33c994ab3abbaa5,1호기,392,False,True
4. X-ray 검사장비 AI 데이터셋/dataset/test1/yolov3/X선이물검출기(06.23_09.22)/1호기(2020.09.22)/SN77128_20200629_NgImage/002_20200629_202532(5).bmp,002_20200629_202532(5),.bmp,352,332,P,b7216c8cf6c8e07376a30d4c57f15dc5a111d3413b11bab39d6e4a0b33e35e5e,1호기,384,False,True
4. X-ray 검사장비 AI 데이터셋/dataset/test1/yolov3/X선이물검출기(06.23_09.22)/1호기(2020.09.22)/SN77128_20200629_NgImage/002_20200629_202537(0).bmp,002_20200629_202537(0),.bmp,352,332,P,c3f99dc14928a28ca072bf3f9a495442b1229ebc5f6323d7d81b2cabf731ed27,1호기,384,False,True
4. X-ray 검사장비 AI 데이터셋/dataset/test1/yolov3/X선이물검출기(06.23_09.22)/1호기(2020.09.22)/SN77128_20200629_NgImage/002_20200629_202541(5).bmp,002_20200629_202541(5),.bmp,352,332,P,b8e0cea237ba564a45888375d623bad1a7ca7ca7725bbb682361d2bd2c9f5c4d,1호기,256,False,True
4. X-ray 검사장비 AI 데이터셋/dataset/test1/yolov3/X선이물검출기(06.23_09.22)/1호기(2020.09.22)/SN77128_20200629_NgImage/002_20200629_202546(0).bmp,002_20200629_202546(0),.bmp,352,332,P,5d3fd015d805e775fc70aa3b2b6c779d695d63d4dd32a13db91b89a5f9b9ae67,1호기,392,False,True
4. X-ray 검사장비 AI 데이터셋/dataset/test1/yolov3/X선이물검출기(06.23_09.22)/1호기(2020.09.22)/SN77128_20200629_NgImage/002_20200629_202550(6).bmp,002_20200629_202550(6),.bmp,352,332,P,1f6373b8fc321de8fa11396ca928586a410432682b1db9254cac9bba51b8eb7f,1호기,384,False,True
4. X-ray 검사장비 AI 데이터셋/dataset/test1/yolov3/X선이물검출기(06.23_09.22)/1호기(2020.09.22)/SN77128_20200630_NgImage/002_20200630_002731(0).bmp,002_20200630_002731(0),.bmp,352,332,P,fecef191ac9ee8f8b5023a5173cf5b7788255b047da3acb5879dd8f864919b42,1호기,384,False,True
4. X-ray 검사장비 AI 데이터셋/dataset/test1/yolov3/X선이물검출기(06.23_09.22)/1호기(2020.09.22)/SN77128_20200630_NgImage/002_20200630_002735(3).bmp,002_20200630_002735(3),.bmp,352,332,P,397f03edcab653ca9ab32689dd83ba2d74c52db1b5f79f3b2f7ffe41931a8006,1호기,384,False,True
4. X-ray 검사장비 AI 데이터셋/dataset/test1/yolov3/X선이물검출기(06.23_09.22)/1호기(2020.09.22)/SN77128_20200630_NgImage/002_20200630_002739(8).bmp,002_20200630_002739(8),.bmp,352,332,P,a3fdb06ed77869bcc8d7255c742a117568b10cf5fe1c9013d9bf8c40c3fe6cc4,1호기,392,False,True
4. X-ray 검사장비 AI 데이터셋/dataset/test1/yolov3/X선이물검출기(06.23_09.22)/1호기(2020.09.22)/SN77128_20200630_NgImage/002_20200630_002744(3).bmp,002_20200630_002744(3),.bmp,352,332,P,173a92c9bafb9997a6b0996fc3a239a9485c84964458322efee4ded338a4f6cc,1호기,384,False,True
4. X-ray 검사장비 AI 데이터셋/dataset/test1/yolov3/X선이물검출기(06.23_09.22)/1호기(2020.09.22)/SN77128_20200630_NgImage/002_20200630_002748(7).bmp,002_20200630_002748(7),.bmp,352,332,P,b6ca2416d9628d953c77054b505523d96c6d9e8335b3f77fe71f1a0c516414f2,1호기,392,False,True
4. X-ray 검사장비 AI 데이터셋/dataset/test1/yolov3/X선이물검출기(06.23_09.22)/1호기(2020.09.22)/SN77128_20200630_NgImage/002_20200630_002753(4).bmp,002_20200630_002753(4),.bmp,352,332,P,2c6c7b6f74f2cfdf8c08a4740623d5023af5825af5e34c4fd4ff0750c782c538,1호기,392,False,True
4. X-ray 검사장비 AI 데이터셋/dataset/test1/yolov3/X선이물검출기(06.23_09.22)/1호기(2020.09.22)/SN77128_20200630_NgImage/002_20200630_042952(6).bmp,002_20200630_042952(6),.bmp,352,332,P,bb7a1982b4d774f46045f9e52025d9dbc8b33e217b6845819f4eb696fdbe17d9,1호기,408,False,True
4. X-ray 검사장비 AI 데이터셋/dataset/test1/yolov3/X선이물검출기(06.23_09.22)/1호기(2020.09.22)/SN77128_20200630_NgImage/002_20200630_042956(9).bmp,002_20200630_042956(9),.bmp,352,332,P,5c83a3f00e98242e261a44792ebe7a71edd4d952e31ed120a2591a3019aac8ec,1호기,384,False,True
4. X-ray 검사장비 AI 데이터셋/dataset/test1/yolov3/X선이물검출기(06.23_09.22)/1호기(2020.09.22)/SN77128_20200630_NgImage/002_20200630_043001(5).bmp,002_20200630_043001(5),.bmp,352,332,P,f8ec555db89aa96653b700ba17a6635d174cf5d431f49a5951242757e31ae417,1호기,384,False,True
4. X-ray 검사장비 AI 데이터셋/dataset/test1/yolov3/X선이물검출기(06.23_09.22)/1호기(2020.09.22)/SN77128_20200630_NgImage/002_20200630_043009(0).bmp,002_20200630_043009(0),.bmp,352,332,P,dc7552690ba92758dc764c144929b5995741517de5c6e3aec216964c16dca023,1호기,400,False,True
4. X-ray 검사장비 AI 데이터셋/dataset/test1/yolov3/X선이물검출기(06.23_09.22)/1호기(2020.09.22)/SN77128_20200630_NgImage/002_20200630_043018(1).bmp,002_20200630_043018(1),.bmp,352,332,P,68cf20a011bd8df8380083ab3a98b33f177018dcc909913b6ba7496d98b7c45b,1호기,384,False,True
4. X-ray 검사장비 AI 데이터셋/dataset/test1/yolov3/X선이물검출기(06.23_09.22)/1호기(2020.09.22)/SN77128_20200630_NgImage/002_20200630_043022(7).bmp,002_20200630_043022(7),.bmp,352,332,P,8ffe80e778888c78bd8d5796b32539ebc58c088e59e84157a6267152320dc20f,1호기,392,False,True
4. X-ray 검사장비 AI 데이터셋/dataset/test1/yolov3/X선이물검출기(06.23_09.22)/1호기(2020.09.22)/SN77128_20200630_NgImage/002_20200630_083021(2).bmp,002_20200630_083021(2),.bmp,352,332,P,83035d5e1ddb357883aaeff378a152fda41c4da472d0e8fabc5806be418376f8,1호기,384,False,True
4. X-ray 검사장비 AI 데이터셋/dataset/test1/yolov3/X선이물검출기(06.23_09.22)/1호기(2020.09.22)/SN77128_20200630_NgImage/002_20200630_083024(2).bmp,002_20200630_083024(2),.bmp,352,332,P,3043401b5de293dadb78a556da622c2d703bcebf76bbd62ec54e874a8a3a76ea,1호기,384,False,True
4. X-ray 검사장비 AI 데이터셋/dataset/test1/yolov3/X선이물검출기(06.23_09.22)/1호기(2020.09.22)/SN77128_20200630_NgImage/002_20200630_083028(7).bmp,002_20200630_083028(7),.bmp,352,332,P,670e2c6d93317693c10c01f01b07b49c46f7ecc2bad5f204d1b5f386165231ce,1호기,384,False,True
4. X-ray 검사장비 AI 데이터셋/dataset/test1/yolov3/X선이물검출기(06.23_09.22)/1호기(2020.09.22)/SN77128_20200630_NgImage/002_20200630_083033(2).bmp,002_20200630_083033(2),.bmp,352,332,P,7d4f30601e50abd8c9b909718d6023bf4b5afa1bc25638f29e75406043988e14,1호기,392,False,True
4. X-ray 검사장비 AI 데이터셋/dataset/test1/yolov3/X선이물검출기(06.23_09.22)/1호기(2020.09.22)/SN77128_20200630_NgImage/002_20200630_083037(7).bmp,002_20200630_083037(7),.bmp,352,332,P,0c3874ffd18ddfd5c338fed619b366dc78dd9d8d4dbaf352ac290f5a82ea271f,1호기,384,False,True
4. X-ray 검사장비 AI 데이터셋/dataset/test1/yolov3/X선이물검출기(06.23_09.22)/1호기(2020.09.22)/SN77128_20200630_NgImage/002_20200630_083042(2).bmp,002_20200630_083042(2),.bmp,352,332,P,173586cbfe6ec579d5b6ca29cd19f179a6e9ffedb1d9e6ccfaf6d0e9e895e4dc,1호기,400,False,True
4. X-ray 검사장비 AI 데이터셋/dataset/test1/yolov3/X선이물검출기(06.23_09.22)/1호기(2020.09.22)/SN77128_20200630_NgImage/002_20200630_123220(5).bmp,002_20200630_123220(5),.bmp,352,332,P,ac832dbfdc424ec42af2ba7fdc41b59e58fe5403f3cf7fdf3974f9acc18e332b,1호기,392,False,True
4. X-ray 검사장비 AI 데이터셋/dataset/test1/yolov3/X선이물검출기(06.23_09.22)/1호기(2020.09.22)/SN77128_20200630_NgImage/002_20200630_123224(9).bmp,002_20200630_123224(9),.bmp,352,332,P,d1d47bfa83a8aa870e148b624b293b21ca63a234790c17d49cac8e9a70a6f584,1호기,384,False,True
4. X-ray 검사장비 AI 데이터셋/dataset/test1/yolov3/X선이물검출기(06.23_09.22)/1호기(2020.09.22)/SN77128_20200630_NgImage/002_20200630_123229(5).bmp,002_20200630_123229(5),.bmp,352,332,P,95aef0b1ec3da9c11284f7480706b985a16d76bf4f74e322b723f9a0de829537,1호기,272,False,True
4. X-ray 검사장비 AI 데이터셋/dataset/test1/yolov3/X선이물검출기(06.23_09.22)/1호기(2020.09.22)/SN77128_20200630_NgImage/002_20200630_123234(0).bmp,002_20200630_123234(0),.bmp,352,332,P,5bdb9db3a15ff4bce38279a47c31c99ccb66b5b6beb919fc99494ab2a3bbac31,1호기,384,False,True
4. X-ray 검사장비 AI 데이터셋/dataset/test1/yolov3/X선이물검출기(06.23_09.22)/1호기(2020.09.22)/SN77128_20200630_NgImage/002_20200630_123238(5).bmp,002_20200630_123238(5),.bmp,352,332,P,52b32969b633304fc3c7cfd3c1677aa2194de6c94a88ac3c5bdc947527902ac7,1호기,392,False,True
4. X-ray 검사장비 AI 데이터셋/dataset/test1/yolov3/X선이물검출기(06.23_09.22)/1호기(2020.09.22)/SN77128_20200630_NgImage/002_20200630_123243(0).bmp,002_20200630_123243(0),.bmp,352,332,P,37cec2ce88e6a45a710f01fda04bd578e6451f67e5a9ead57f26487fb22627fa,1호기,384,False,True
4. X-ray 검사장비 AI 데이터셋/dataset/test1/yolov3/X선이물검출기(06.23_09.22)/1호기(2020.09.22)/SN77128_20200630_NgImage/002_20200630_163223(6).bmp,002_20200630_163223(6),.bmp,352,332,P,100229a77ff9f2eafbd113a821e9be7b51445e77212e29abad7ac01e17ae092a,1호기,384,False,True
4. X-ray 검사장비 AI 데이터셋/dataset/test1/yolov3/X선이물검출기(06.23_09.22)/1호기(2020.09.22)/SN77128_20200630_NgImage/002_20200630_163227(9).bmp,002_20200630_163227(9),.bmp,352,332,P,4d80e87b48b4dc017abcc617754c605f1a5c29898840ae89db0cb24c59228755,1호기,392,False,True
4. X-ray 검사장비 AI 데이터셋/dataset/test1/yolov3/X선이물검출기(06.23_09.22)/1호기(2020.09.22)/SN77128_20200630_NgImage/002_20200630_163232(4).bmp,002_20200630_163232(4),.bmp,352,332,P,15fed0dd6aa62adf883610be0df2e45c6237d7f249809a4b0f729b3cf85aa330,1호기,384,False,True
4. X-ray 검사장비 AI 데이터셋/dataset/test1/yolov3/X선이물검출기(06.23_09.22)/1호기(2020.09.22)/SN77128_20200630_NgImage/002_20200630_163237(0).bmp,002_20200630_163237(0),.bmp,352,332,P,06e939b1c89c10cd3768438b94d5ae21910e1cf14cf7d182e47bbb81738000ff,1호기,384,False,True
4. X-ray 검사장비 AI 데이터셋/dataset/test1/yolov3/X선이물검출기(06.23_09.22)/1호기(2020.09.22)/SN77128_20200630_NgImage/002_20200630_163241(3).bmp,002_20200630_163241(3),.bmp,352,332,P,402e35d6b620dce6e9631e2e94d7afc790e58da4e2200a183f4efcde21e5e33b,1호기,384,False,True
4. X-ray 검사장비 AI 데이터셋/dataset/test1/yolov3/X선이물검출기(06.23_09.22)/1호기(2020.09.22)/SN77128_20200630_NgImage/002_20200630_163246(0).bmp,002_20200630_163246(0),.bmp,352,332,P,e4bb846117776f1beac5c08b78a93c1de3c8f457b0438aef6878f6e299c8da2a,1호기,384,False,True
4. X-ray 검사장비 AI 데이터셋/dataset/test1/yolov3/X선이물검출기(06.23_09.22)/1호기(2020.09.22)/SN77128_20200630_NgImage/002_20200630_202821(1).bmp,002_20200630_202821(1),.bmp,352,332,P,8dd5eeb93296f3aaa39cbadf3d6f5e6168dbda4dde7751447f0bfc7f5c6184ef,1호기,392,False,True
4. X-ray 검사장비 AI 데이터셋/dataset/test1/yolov3/X선이물검출기(06.23_09.22)/1호기(2020.09.22)/SN77128_20200630_NgImage/002_20200630_202825(8).bmp,002_20200630_202825(8),.bmp,352,332,P,72919e93a1e98dcc695e19c2fae29839196639a9a0dd3b6c7851176675cf44cf,1호기,392,False,True
4. X-ray 검사장비 AI 데이터셋/dataset/test1/yolov3/X선이물검출기(06.23_09.22)/1호기(2020.09.22)/SN77128_20200630_NgImage/002_20200630_202830(0).bmp,002_20200630_202830(0),.bmp,352,332,P,f668a7ffd4fa7eaf01b49a2d9c4a8fb2cd56693396b937ec069510b735d39c58,1호기,392,False,True
4. X-ray 검사장비 AI 데이터셋/dataset/test1/yolov3/X선이물검출기(06.23_09.22)/1호기(2020.09.22)/SN77128_20200630_NgImage/002_20200630_202834(7).bmp,002_20200630_202834(7),.bmp,352,332,P,a388b7f8e784bad09126c8e836b6d512fa1e86cdd5a33c407b43fb7407c7983d,1호기,384,False,True
4. X-ray 검사장비 AI 데이터셋/dataset/test1/yolov3/X선이물검출기(06.23_09.22)/1호기(2020.09.22)/SN77128_20200630_NgImage/002_20200630_202839(2).bmp,002_20200630_202839(2),.bmp,352,332,P,b3d1d21a5dc0937d1ba7934b4cf0feceb9c58750c5236f255c5834cf3d2c64fb,1호기,392,False,True
4. X-ray 검사장비 AI 데이터셋/dataset/test1/yolov3/X선이물검출기(06.23_09.22)/1호기(2020.09.22)/SN77128_20200630_NgImage/002_20200630_202843(7).bmp,002_20200630_202843(7),.bmp,352,332,P,71a20b5eaf84bb3a2e31ec6aac955b52d7dbe8744412936e929558c009af56de,1호기,384,False,True
4. X-ray 검사장비 AI 데이터셋/dataset/test1/yolov3/X선이물검출기(06.23_09.22)/1호기(2020.09.22)/SN77128_20200701_NgImage/002_20200701_003844(7).bmp,002_20200701_003844(7),.bmp,352,332,P,32ea9a32d4cbf821b03b37756898b03c3131363b081c71e7e10b7985151dd2b4,1호기,384,False,True
4. X-ray 검사장비 AI 데이터셋/dataset/test1/yolov3/X선이물검출기(06.23_09.22)/1호기(2020.09.22)/SN77128_20200701_NgImage/002_20200701_003849(2).bmp,002_20200701_003849(2),.bmp,352,332,P,b877baa938775ad8af3a63a20e9378e2d621b38c8f6fc1239c5b6537ae83fb71,1호기,384,False,True
4. X-ray 검사장비 AI 데이터셋/dataset/test1/yolov3/X선이물검출기(06.23_09.22)/1호기(2020.09.22)/SN77128_20200701_NgImage/002_20200701_003853(8).bmp,002_20200701_003853(8),.bmp,352,332,P,d77777de170879d8388cb78f5d9ba85314a9a65b56e81809f9abd63e8190d171,1호기,384,False,True
4. X-ray 검사장비 AI 데이터셋/dataset/test1/yolov3/X선이물검출기(06.23_09.22)/1호기(2020.09.22)/SN77128_20200701_NgImage/002_20200701_003858(2).bmp,002_20200701_003858(2),.bmp,352,332,P,f461d642b054907757ddbc520cb12d25adcee59fa6dc2f411fdb240c3f57dad7,1호기,392,False,True
4. X-ray 검사장비 AI 데이터셋/dataset/test1/yolov3/X선이물검출기(06.23_09.22)/1호기(2020.09.22)/SN77128_20200701_NgImage/002_20200701_003902(7).bmp,002_20200701_003902(7),.bmp,352,332,P,dedad3d1c2cd98b22b931eeffe8590726fdb2f266d2c6412e8d69a74084a8b2c,1호기,384,False,True
4. X-ray 검사장비 AI 데이터셋/dataset/test1/yolov3/X선이물검출기(06.23_09.22)/1호기(2020.09.22)/SN77128_20200701_NgImage/002_20200701_003907(0).bmp,002_20200701_003907(0),.bmp,352,332,P,c4ddb186a5b7c3164bdb0ff3271d5b60ad336f0baea10976f68d841057b0279e,1호기,392,False,True
4. X-ray 검사장비 AI 데이터셋/dataset/test1/yolov3/X선이물검출기(06.23_09.22)/1호기(2020.09.22)/SN77128_20200701_NgImage/002_20200701_042952(8).bmp,002_20200701_042952(8),.bmp,352,332,P,442906ff7f4cc95034f651de20e8e272cfcd26b85d2aa5d3e79b01013003c6e0,1호기,400,False,True
4. X-ray 검사장비 AI 데이터셋/dataset/test1/yolov3/X선이물검출기(06.23_09.22)/1호기(2020.09.22)/SN77128_20200701_NgImage/002_20200701_042957(2).bmp,002_20200701_042957(2),.bmp,352,332,P,f917c4a6f76e1487168700cddbb9066303cfc21cc4ed9591934471106278136f,1호기,384,False,True
4. X-ray 검사장비 AI 데이터셋/dataset/test1/yolov3/X선이물검출기(06.23_09.22)/1호기(2020.09.22)/SN77128_20200701_NgImage/002_20200701_043001(6).bmp,002_20200701_043001(6),.bmp,352,332,P,a28109b7bd98e354e83667c49626d34412c8f9ecf91cef983b25c8f07ce9e220,1호기,400,False,True
4. X-ray 검사장비 AI 데이터셋/dataset/test1/yolov3/X선이물검출기(06.23_09.22)/1호기(2020.09.22)/SN77128_20200701_NgImage/002_20200701_043006(4).bmp,002_20200701_043006(4),.bmp,352,332,P,8b3021eb5267b41f0df8bc31c7ebe83a7d23d12badd1c68ed7361b62676f9b68,1호기,384,False,True
4. X-ray 검사장비 AI 데이터셋/dataset/test1/yolov3/X선이물검출기(06.23_09.22)/1호기(2020.09.22)/SN77128_20200701_NgImage/002_20200701_043010(8).bmp,002_20200701_043010(8),.bmp,352,332,P,f908a18697d7261c1fba86bdfc7ea3dcc357c2bcb0e74ba687ea596f29ecbf99,1호기,408,False,True
4. X-ray 검사장비 AI 데이터셋/dataset/test1/yolov3/X선이물검출기(06.23_09.22)/1호기(2020.09.22)/SN77128_20200701_NgImage/002_20200701_043015(3).bmp,002_20200701_043015(3),.bmp,352,332,P,12712f852ee447daae6adaf20bfad725d7d44ccc761fa5f6f34b38cdd7bcb7b2,1호기,392,False,True
4. X-ray 검사장비 AI 데이터셋/dataset/test1/yolov3/X선이물검출기(06.23_09.22)/1호기(2020.09.22)/SN77128_20200701_NgImage/002_20200701_083109(4).bmp,002_20200701_083109(4),.bmp,352,332,P,213eec724d5d3389c66282c75ccd716bf502e6f6b0b1e80c9f3a1579cc657d64,1호기,392,False,True
4. X-ray 검사장비 AI 데이터셋/dataset/test1/yolov3/X선이물검출기(06.23_09.22)/1호기(2020.09.22)/SN77128_20200701_NgImage/002_20200701_083113(8).bmp,002_20200701_083113(8),.bmp,352,332,P,5166cb2bcd374215b9b8652c5c7073efc228f44f5fda3b9c9f56d03df1d2eb6b,1호기,384,False,True
4. X-ray 검사장비 AI 데이터셋/dataset/test1/yolov3/X선이물검출기(06.23_09.22)/1호기(2020.09.22)/SN77128_20200701_NgImage/002_20200701_083121(4).bmp,002_20200701_083121(4),.bmp,352,332,P,2ce4466ba88c79c7e7de4ca6221983b19e063a0082400c06cede018a663a5e07,1호기,384,False,True
4. X-ray 검사장비 AI 데이터셋/dataset/test1/yolov3/X선이물검출기(06.23_09.22)/1호기(2020.09.22)/SN77128_20200701_NgImage/002_20200701_083126(0).bmp,002_20200701_083126(0),.bmp,352,332,P,53b784909a71d6d001c9d8119c29c172a0c2f4a27737840e3b2f5e7b55bd1f3b,1호기,400,False,True
4. X-ray 검사장비 AI 데이터셋/dataset/test1/yolov3/X선이물검출기(06.23_09.22)/1호기(2020.09.22)/SN77128_20200701_NgImage/002_20200701_083130(4).bmp,002_20200701_083130(4),.bmp,352,332,P,36473cf1a77e7e098547618fd904e1c1a85994361a067817f953928bfe426c97,1호기,392,False,True
4. X-ray 검사장비 AI 데이터셋/dataset/test1/yolov3/X선이물검출기(06.23_09.22)/1호기(2020.09.22)/SN77128_20200701_NgImage/002_20200701_083142(6).bmp,002_20200701_083142(6),.bmp,352,332,P,4bd98b33cc44e1052e8665e4d97a6c3a8557232f3b6446dd4c954d2607476d8c,1호기,400,False,True
4. X-ray 검사장비 AI 데이터셋/dataset/test1/yolov3/X선이물검출기(06.23_09.22)/1호기(2020.09.22)/SN77128_20200701_NgImage/002_20200701_123318(7).bmp,002_20200701_123318(7),.bmp,352,332,P,c860a655fa9390730fb8f50d04d2c36cbb70f46ff884085d39c1c6f2c03a8da5,1호기,384,False,True
4. X-ray 검사장비 AI 데이터셋/dataset/test1/yolov3/X선이물검출기(06.23_09.22)/1호기(2020.09.22)/SN77128_20200701_NgImage/002_20200701_123321(8).bmp,002_20200701_123321(8),.bmp,352,332,P,43b5370df3ee44fb6e91e3167e151b03ed57124b8a0098b6c0578c4df96d037d,1호기,384,False,True
4. X-ray 검사장비 AI 데이터셋/dataset/test1/yolov3/X선이물검출기(06.23_09.22)/1호기(2020.09.22)/SN77128_20200701_NgImage/002_20200701_123325(0).bmp,002_20200701_123325(0),.bmp,352,332,P,4723b4f855440b86007de379a6ff5bf2e09d3ff6281191b485ee6d829f2b70c1,1호기,392,False,True
4. X-ray 검사장비 AI 데이터셋/dataset/test1/yolov3/X선이물검출기(06.23_09.22)/1호기(2020.09.22)/SN77128_20200701_NgImage/002_20200701_123328(2).bmp,002_20200701_123328(2),.bmp,352,332,P,80355638f8911b0a908f99c5bbfc63c8accd4ee011f68027c9381f6e2806c586,1호기,392,False,True
4. X-ray 검사장비 AI 데이터셋/dataset/test1/yolov3/X선이물검출기(06.23_09.22)/1호기(2020.09.22)/SN77128_20200701_NgImage/002_20200701_123331(2).bmp,002_20200701_123331(2),.bmp,352,332,P,67da8805b1e6a25bf61c7947a5aaccace02bb16e43961cd4e627f81bae814cb3,1호기,384,False,True
4. X-ray 검사장비 AI 데이터셋/dataset/test1/yolov3/X선이물검출기(06.23_09.22)/1호기(2020.09.22)/SN77128_20200701_NgImage/002_20200701_123334(3).bmp,002_20200701_123334(3),.bmp,352,332,P,481620ddc9dacb082787a20e3139d3a09f34c6dea88f8ea35e92dbdfb6f40d0a,1호기,384,False,True
4. X-ray 검사장비 AI 데이터셋/dataset/test1/yolov3/X선이물검출기(06.23_09.22)/1호기(2020.09.22)/SN77128_20200701_NgImage/002_20200701_163004(7).bmp,002_20200701_163004(7),.bmp,352,332,P,c4bf3086e6cc615fe3c72e033400fab05dd8ae50f39365b13d2d8d8e7ff8f6ac,1호기,392,False,True
4. X-ray 검사장비 AI 데이터셋/dataset/test1/yolov3/X선이물검출기(06.23_09.22)/1호기(2020.09.22)/SN77128_20200701_NgImage/002_20200701_163017(3).bmp,002_20200701_163017(3),.bmp,352,332,P,9154725fa440f9cd31b466c8f98a6defc8a48d5759683c304d385215c4ae5e58,1호기,384,False,True
4. X-ray 검사장비 AI 데이터셋/dataset/test1/yolov3/X선이물검출기(06.23_09.22)/1호기(2020.09.22)/SN77128_20200701_NgImage/002_20200701_163021(2).bmp,002_20200701_163021(2),.bmp,352,332,P,ed524549d1d3e0ded69043897e04f280375a8751943ed85ab2aef07dde227729,1호기,392,False,True
4. X-ray 검사장비 AI 데이터셋/dataset/test1/yolov3/X선이물검출기(06.23_09.22)/1호기(2020.09.22)/SN77128_20200701_NgImage/002_20200701_163024(9).bmp,002_20200701_163024(9),.bmp,352,332,P,9b6df135340129c073bd4634a710a2a0c4fd6e0e80fe69b1c5d79e97ce9a7361,1호기,384,False,True
4. X-ray 검사장비 AI 데이터셋/dataset/test1/yolov3/X선이물검출기(06.23_09.22)/1호기(2020.09.22)/SN77128_20200701_NgImage/002_20200701_163029(1).bmp,002_20200701_163029(1),.bmp,352,332,P,09af652bb652c3e8d4cb26318f06d32e320b7407babca44d47468bc4619f3955,1호기,392,False,True
4. X-ray 검사장비 AI 데이터셋/dataset/test1/yolov3/X선이물검출기(06.23_09.22)/1호기(2020.09.22)/SN77128_20200701_NgImage/002_20200701_163033(0).bmp,002_20200701_163033(0),.bmp,352,332,P,e71155329b75813bb1aab11a3b0af8fb4a897185e414b36d494005382fb40b48,1호기,384,False,True
4. X-ray 검사장비 AI 데이터셋/dataset/test1/yolov3/X선이물검출기(06.23_09.22)/1호기(2020.09.22)/SN77128_20200701_NgImage/002_20200701_203037(6).bmp,002_20200701_203037(6),.bmp,352,332,P,8272551252b5ed1f0119572be09ca80bf97f5ccba024f67ac40daaf6af55d108,1호기,384,False,True
4. X-ray 검사장비 AI 데이터셋/dataset/test1/yolov3/X선이물검출기(06.23_09.22)/1호기(2020.09.22)/SN77128_20200701_NgImage/002_20200701_203040(8).bmp,002_20200701_203040(8),.bmp,352,332,P,aa1e892d12dde69711ee5bd459e99827a6a3397b248798456b60abce673c5466,1호기,384,False,True
4. X-ray 검사장비 AI 데이터셋/dataset/test1/yolov3/X선이물검출기(06.23_09.22)/1호기(2020.09.22)/SN77128_20200701_NgImage/002_20200701_203043(9).bmp,002_20200701_203043(9),.bmp,352,332,P,03e780a3af6a1afd6093169e21d6ba19ff13ce5ae6d19b2a147693f683bc8f20,1호기,400,False,True
4. X-ray 검사장비 AI 데이터셋/dataset/test1/yolov3/X선이물검출기(06.23_09.22)/1호기(2020.09.22)/SN77128_20200701_NgImage/002_20200701_203046(9).bmp,002_20200701_203046(9),.bmp,352,332,P,b11c7696f6b273e66a1102a195a523cd2b3d04e5579ddd15114a9c4046e0a94a,1호기,384,False,True
4. X-ray 검사장비 AI 데이터셋/dataset/test1/yolov3/X선이물검출기(06.23_09.22)/1호기(2020.09.22)/SN77128_20200701_NgImage/002_20200701_203050(0).bmp,002_20200701_203050(0),.bmp,352,332,P,03d4e588a75563cbc9b9d261dc5acf95c8387cf513fdcff78db1cf6d1f68af3c,1호기,264,False,True
4. X-ray 검사장비 AI 데이터셋/dataset/test1/yolov3/X선이물검출기(06.23_09.22)/1호기(2020.09.22)/SN77128_20200701_NgImage/002_20200701_203053(0).bmp,002_20200701_203053(0),.bmp,352,332,P,b8b17304a339d33825314e533cc34ebc8f511c10f64c9ecc55577593d51d43ed,1호기,384,False,True
4. X-ray 검사장비 AI 데이터셋/dataset/test1/yolov3/X선이물검출기(06.23_09.22)/1호기(2020.09.22)/SN77128_20200702_NgImage/002_20200702_002742(2).bmp,002_20200702_002742(2),.bmp,352,332,P,43ac93be8dafe9bb8e5704fda985de96b23cefc1db1da999e23d19dadfd2543f,1호기,400,False,True
4. X-ray 검사장비 AI 데이터셋/dataset/test1/yolov3/X선이물검출기(06.23_09.22)/1호기(2020.09.22)/SN77128_20200702_NgImage/002_20200702_002746(8).bmp,002_20200702_002746(8),.bmp,352,332,P,87a123909da293a9ed9aa80eea6800dbf62842d75c91869bc574a0b653a4f44e,1호기,392,False,True
4. X-ray 검사장비 AI 데이터셋/dataset/test1/yolov3/X선이물검출기(06.23_09.22)/1호기(2020.09.22)/SN77128_20200702_NgImage/002_20200702_002751(2).bmp,002_20200702_002751(2),.bmp,352,332,P,95d704c10c48db45d73e5b9f5237dcbba9722133062ae19d88784c01401e672b,1호기,400,False,True
4. X-ray 검사장비 AI 데이터셋/dataset/test1/yolov3/X선이물검출기(06.23_09.22)/1호기(2020.09.22)/SN77128_20200702_NgImage/002_20200702_002755(8).bmp,002_20200702_002755(8),.bmp,352,332,P,74b0871ffce599598ce413b053cca867dfa0ca847b3650af80868b5cd8640fd7,1호기,384,False,True
4. X-ray 검사장비 AI 데이터셋/dataset/test1/yolov3/X선이물검출기(06.23_09.22)/1호기(2020.09.22)/SN77128_20200702_NgImage/002_20200702_002800(1).bmp,002_20200702_002800(1),.bmp,352,332,P,001b2b6883db10314bf9efa67463f01050e6e14f2031a2046306af3e634ee770,1호기,392,False,True
4. X-ray 검사장비 AI 데이터셋/dataset/test1/yolov3/X선이물검출기(06.23_09.22)/1호기(2020.09.22)/SN77128_20200702_NgImage/002_20200702_002804(8).bmp,002_20200702_002804(8),.bmp,352,332,P,2ca74c9c7825c7f39019e5dac9c346df8c2e51c54c1b68d3c945709ce6776bf9,1호기,384,False,True
4. X-ray 검사장비 AI 데이터셋/dataset/test1/yolov3/X선이물검출기(06.23_09.22)/1호기(2020.09.22)/SN77128_20200702_NgImage/002_20200702_042930(4).bmp,002_20200702_042930(4),.bmp,352,332,P,1a3cc79c5f76ca11e6729131ceb349708c5c098da17cca23e9ed47837c2a083c,1호기,392,False,True
4. X-ray 검사장비 AI 데이터셋/dataset/test1/yolov3/X선이물검출기(06.23_09.22)/1호기(2020.09.22)/SN77128_20200702_NgImage/002_20200702_042933(6).bmp,002_20200702_042933(6),.bmp,352,332,P,188426456587a3528341f8ba9d2d9d6239d2eb2d47178fbeabf268b65533fc4c,1호기,392,False,True
4. X-ray 검사장비 AI 데이터셋/dataset/test1/yolov3/X선이물검출기(06.23_09.22)/1호기(2020.09.22)/SN77128_20200702_NgImage/002_20200702_042937(8).bmp,002_20200702_042937(8),.bmp,352,332,P,1cf03cb1a6c05fd1106a96738c4a771e8fa8093ba8cf18a832b1e04d027d4dba,1호기,400,False,True
4. X-ray 검사장비 AI 데이터셋/dataset/test1/yolov3/X선이물검출기(06.23_09.22)/1호기(2020.09.22)/SN77128_20200702_NgImage/002_20200702_042945(5).bmp,002_20200702_042945(5),.bmp,352,332,P,d9a649aebd40200223657a1a2a4a08b999a201c5ec99ed43702892e103a5f7e4,1호기,400,False,True
4. X-ray 검사장비 AI 데이터셋/dataset/test1/yolov3/X선이물검출기(06.23_09.22)/1호기(2020.09.22)/SN77128_20200702_NgImage/002_20200702_042949(9).bmp,002_20200702_042949(9),.bmp,352,332,P,6d6f2c5ba8d5314004ff6f969fdffa10d16a74daef245ed005090654f1cb0260,1호기,384,False,True
4. X-ray 검사장비 AI 데이터셋/dataset/test1/yolov3/X선이물검출기(06.23_09.22)/1호기(2020.09.22)/SN77128_20200702_NgImage/002_20200702_042954(6).bmp,002_20200702_042954(6),.bmp,352,332,P,8ebe4e5952bc8adbbddb7c7e279f7fdd21e695809b36c59258dc768246c0aa5f,1호기,384,False,True
4. X-ray 검사장비 AI 데이터셋/dataset/test1/yolov3/X선이물검출기(06.23_09.22)/1호기(2020.09.22)/SN77128_20200706_NgImage/002_20200706_083031(0).bmp,002_20200706_083031(0),.bmp,352,332,P,9867d014c97b030e5069b338f220f0a15d5df420d8f31ca1bca670ae860f28d6,1호기,360,False,True
4. X-ray 검사장비 AI 데이터셋/dataset/test1/yolov3/X선이물검출기(06.23_09.22)/1호기(2020.09.22)/SN77128_20200706_NgImage/002_20200706_083035(5).bmp,002_20200706_083035(5),.bmp,352,332,P,4489320a65011a51d174e324b8048843cc57ddf8b2cca949756d6d54c97b5562,1호기,384,False,True
4. X-ray 검사장비 AI 데이터셋/dataset/test1/yolov3/X선이물검출기(06.23_09.22)/1호기(2020.09.22)/SN77128_20200706_NgImage/002_20200706_083039(2).bmp,002_20200706_083039(2),.bmp,352,332,P,1e525df97e880d1a1e81c9b964175798ac0f12977fc4c664df3062fb818197d0,1호기,384,False,True
4. X-ray 검사장비 AI 데이터셋/dataset/test1/yolov3/X선이물검출기(06.23_09.22)/1호기(2020.09.22)/SN77128_20200706_NgImage/002_20200706_083042(4).bmp,002_20200706_083042(4),.bmp,352,332,P,a98153c16118ad3290d635409bd67f009a5cfcced852bd0c621c67c991f74df3,1호기,384,False,True
4. X-ray 검사장비 AI 데이터셋/dataset/test1/yolov3/X선이물검출기(06.23_09.22)/1호기(2020.09.22)/SN77128_20200706_NgImage/002_20200706_083045(5).bmp,002_20200706_083045(5),.bmp,352,332,P,33ec84cca57697dcf174f1de3c49cdfa35effd524c39f97ce0d4a54249accee4,1호기,392,False,True
4. X-ray 검사장비 AI 데이터셋/dataset/test1/yolov3/X선이물검출기(06.23_09.22)/1호기(2020.09.22)/SN77128_20200706_NgImage/002_20200706_083049(6).bmp,002_20200706_083049(6),.bmp,352,332,P,62e0739c30ba6ed51de1d483d05544b6a064b414ccd43bac94e5f7d8c939f033,1호기,384,False,True
4. X-ray 검사장비 AI 데이터셋/dataset/test1/yolov3/X선이물검출기(06.23_09.22)/1호기(2020.09.22)/SN77128_20200706_NgImage/002_20200706_123023(3).bmp,002_20200706_123023(3),.bmp,352,332,P,98c95d51c6ef61d98757b35a057f355523fd5202b33b84527d778269b0ac15ed,1호기,392,False,True
4. X-ray 검사장비 AI 데이터셋/dataset/test1/yolov3/X선이물검출기(06.23_09.22)/1호기(2020.09.22)/SN77128_20200706_NgImage/002_20200706_123027(1).bmp,002_20200706_123027(1),.bmp,352,332,P,1a925a1534de124c9eea25a3439aecb5146e234080554442c02bb3cccd3d5cd9,1호기,392,False,True
4. X-ray 검사장비 AI 데이터셋/dataset/test1/yolov3/X선이물검출기(06.23_09.22)/1호기(2020.09.22)/SN77128_20200706_NgImage/002_20200706_123031(0).bmp,002_20200706_123031(0),.bmp,352,332,P,9ab9a692f8e5b0a7421a8f62783215ef7399944e1433cc621ac55724330e4804,1호기,384,False,True
4. X-ray 검사장비 AI 데이터셋/dataset/test1/yolov3/X선이물검출기(06.23_09.22)/1호기(2020.09.22)/SN77128_20200706_NgImage/002_20200706_123035(0).bmp,002_20200706_123035(0),.bmp,352,332,P,9f9a0c29ea09745f2407a56206794591260ffcbebc7bd5acaae123be54912a27,1호기,384,False,True
4. X-ray 검사장비 AI 데이터셋/dataset/test1/yolov3/X선이물검출기(06.23_09.22)/1호기(2020.09.22)/SN77128_20200706_NgImage/002_20200706_123038(9).bmp,002_20200706_123038(9),.bmp,352,332,P,bed5decbc3bd519c85ff36ee87017e61a371dd78393045c9934cfce42436aff3,1호기,384,False,True
4. X-ray 검사장비 AI 데이터셋/dataset/test1/yolov3/X선이물검출기(06.23_09.22)/1호기(2020.09.22)/SN77128_20200706_NgImage/002_20200706_123042(9).bmp,002_20200706_123042(9),.bmp,352,332,P,385b53fe7e10a86dc31c81f6110c734bd97064315cef6357dfed6e461b1e26ec,1호기,392,False,True
4. X-ray 검사장비 AI 데이터셋/dataset/test1/yolov3/X선이물검출기(06.23_09.22)/1호기(2020.09.22)/SN77128_20200706_NgImage/002_20200706_163436(9).bmp,002_20200706_163436(9),.bmp,352,332,P,084285fad4b3d4c2709704efb26d5f2e1a9a63668441cf0caafa7bf299c47926,1호기,384,False,True
4. X-ray 검사장비 AI 데이터셋/dataset/test1/yolov3/X선이물검출기(06.23_09.22)/1호기(2020.09.22)/SN77128_20200706_NgImage/002_20200706_163440(2).bmp,002_20200706_163440(2),.bmp,352,332,P,040513ce37ce4b0f86ba5ebdf892c206472a0f1c7580a719ac4b174ae07a4e60,1호기,392,False,True
4. X-ray 검사장비 AI 데이터셋/dataset/test1/yolov3/X선이물검출기(06.23_09.22)/1호기(2020.09.22)/SN77128_20200706_NgImage/002_20200706_163443(1).bmp,002_20200706_163443(1),.bmp,352,332,P,f53d7b5c91c1d91cdf0e7a2f054d37097fb5085d5370f23a768356ca620be08b,1호기,392,False,True
4. X-ray 검사장비 AI 데이터셋/dataset/test1/yolov3/X선이물검출기(06.23_09.22)/1호기(2020.09.22)/SN77128_20200706_NgImage/002_20200706_163445(8).bmp,002_20200706_163445(8),.bmp,352,332,P,84ab99db3d26ce11ebf134f14bacdfe4b42ba372c4c7667a70652f081e53f7fc,1호기,392,False,True
4. X-ray 검사장비 AI 데이터셋/dataset/test1/yolov3/X선이물검출기(06.23_09.22)/1호기(2020.09.22)/SN77128_20200706_NgImage/002_20200706_163448(8).bmp,002_20200706_163448(8),.bmp,352,332,P,7d2ac9a20c361db048b6838b816ae83a97f421d4dc9d75e194f0524a55604366,1호기,384,False,True
4. X-ray 검사장비 AI 데이터셋/dataset/test1/yolov3/X선이물검출기(06.23_09.22)/1호기(2020.09.22)/SN77128_20200706_NgImage/002_20200706_163451(8).bmp,002_20200706_163451(8),.bmp,352,332,P,964b8ca194d1f23dbe1fc0e87ca2f0b0a0260952a0ce39c62688860d3c8ad8e0,1호기,392,False,True
4. X-ray 검사장비 AI 데이터셋/dataset/test1/yolov3/X선이물검출기(06.23_09.22)/1호기(2020.09.22)/SN77128_20200706_NgImage/002_20200706_203038(8).bmp,002_20200706_203038(8),.bmp,352,332,P,1df13de5e98500d32277a7c0a6c6b9ea47bd816cf5fd3b12a27e41ac145e6d94,1호기,384,False,True
4. X-ray 검사장비 AI 데이터셋/dataset/test1/yolov3/X선이물검출기(06.23_09.22)/1호기(2020.09.22)/SN77128_20200706_NgImage/002_20200706_203042(0).bmp,002_20200706_203042(0),.bmp,352,332,P,a2ebc8712b2b27b9ea96ff14c1211083afbdd4516407631661a5d8c1f532f5e5,1호기,384,False,True
4. X-ray 검사장비 AI 데이터셋/dataset/test1/yolov3/X선이물검출기(06.23_09.22)/1호기(2020.09.22)/SN77128_20200706_NgImage/002_20200706_203045(2).bmp,002_20200706_203045(2),.bmp,352,332,P,6c8fd89b62440fa9418c9d6146dfbf483f5cd6db0b9887fd3aae47e57b79dc68,1호기,392,False,True
4. X-ray 검사장비 AI 데이터셋/dataset/test1/yolov3/X선이물검출기(06.23_09.22)/1호기(2020.09.22)/SN77128_20200706_NgImage/002_20200706_203048(5).bmp,002_20200706_203048(5),.bmp,352,332,P,d20c304bf1275c429017cefe8ab9cd3e18bf743ed48141a8c22c42bce3a1e210,1호기,384,False,True
4. X-ray 검사장비 AI 데이터셋/dataset/test1/yolov3/X선이물검출기(06.23_09.22)/1호기(2020.09.22)/SN77128_20200706_NgImage/002_20200706_203051(7).bmp,002_20200706_203051(7),.bmp,352,332,P,4377ddebfb8f3a46dccc7ea78f4fbb18508136a96e80a8d15fdb6abb7a6a168c,1호기,384,False,True
4. X-ray 검사장비 AI 데이터셋/dataset/test1/yolov3/X선이물검출기(06.23_09.22)/1호기(2020.09.22)/SN77128_20200706_NgImage/002_20200706_203058(1).bmp,002_20200706_203058(1),.bmp,352,332,P,ec91c87ac210070d3753e9ac1efced88d403acba000d5ef332b9389f4a231b4f,1호기,392,False,True
4. X-ray 검사장비 AI 데이터셋/dataset/test1/yolov3/X선이물검출기(06.23_09.22)/1호기(2020.09.22)/SN77128_20200707_NgImage/002_20200706_203038(8).bmp,002_20200706_203038(8),.bmp,352,332,P,1df13de5e98500d32277a7c0a6c6b9ea47bd816cf5fd3b12a27e41ac145e6d94,1호기,384,False,True
4. X-ray 검사장비 AI 데이터셋/dataset/test1/yolov3/X선이물검출기(06.23_09.22)/1호기(2020.09.22)/SN77128_20200707_NgImage/002_20200706_203042(0).bmp,002_20200706_203042(0),.bmp,352,332,P,a2ebc8712b2b27b9ea96ff14c1211083afbdd4516407631661a5d8c1f532f5e5,1호기,384,False,True
4. X-ray 검사장비 AI 데이터셋/dataset/test1/yolov3/X선이물검출기(06.23_09.22)/1호기(2020.09.22)/SN77128_20200707_NgImage/002_20200706_203045(2).bmp,002_20200706_203045(2),.bmp,352,332,P,6c8fd89b62440fa9418c9d6146dfbf483f5cd6db0b9887fd3aae47e57b79dc68,1호기,392,False,True
4. X-ray 검사장비 AI 데이터셋/dataset/test1/yolov3/X선이물검출기(06.23_09.22)/1호기(2020.09.22)/SN77128_20200707_NgImage/002_20200706_203048(5).bmp,002_20200706_203048(5),.bmp,352,332,P,d20c304bf1275c429017cefe8ab9cd3e18bf743ed48141a8c22c42bce3a1e210,1호기,384,False,True
4. X-ray 검사장비 AI 데이터셋/dataset/test1/yolov3/X선이물검출기(06.23_09.22)/1호기(2020.09.22)/SN77128_20200707_NgImage/002_20200706_203051(7).bmp,002_20200706_203051(7),.bmp,352,332,P,4377ddebfb8f3a46dccc7ea78f4fbb18508136a96e80a8d15fdb6abb7a6a168c,1호기,384,False,True
4. X-ray 검사장비 AI 데이터셋/dataset/test1/yolov3/X선이물검출기(06.23_09.22)/1호기(2020.09.22)/SN77128_20200707_NgImage/002_20200706_203058(1).bmp,002_20200706_203058(1),.bmp,352,332,P,ec91c87ac210070d3753e9ac1efced88d403acba000d5ef332b9389f4a231b4f,1호기,392,False,True
4. X-ray 검사장비 AI 데이터셋/dataset/test1/yolov3/X선이물검출기(06.23_09.22)/1호기(2020.09.22)/SN77128_20200707_NgImage/002_20200707_003535(3).bmp,002_20200707_003535(3),.bmp,352,332,P,b5b89bc64ba61a0c36550bb0e4429988661e3a8d709ee6f2c9b5b15b2383b699,1호기,392,False,True
4. X-ray 검사장비 AI 데이터셋/dataset/test1/yolov3/X선이물검출기(06.23_09.22)/1호기(2020.09.22)/SN77128_20200707_NgImage/002_20200707_003543(3).bmp,002_20200707_003543(3),.bmp,352,332,P,112566d7d9768cc8536968059a7c1a3375cc352ff3b2a9beb551888caf263428,1호기,384,False,True
4. X-ray 검사장비 AI 데이터셋/dataset/test1/yolov3/X선이물검출기(06.23_09.22)/1호기(2020.09.22)/SN77128_20200707_NgImage/002_20200707_003547(4).bmp,002_20200707_003547(4),.bmp,352,332,P,fd628c45abbfe129964aa94b858d96b3e6673435e28c2b58c59b72f435bf192d,1호기,384,False,True
4. X-ray 검사장비 AI 데이터셋/dataset/test1/yolov3/X선이물검출기(06.23_09.22)/1호기(2020.09.22)/SN77128_20200707_NgImage/002_20200707_003551(2).bmp,002_20200707_003551(2),.bmp,352,332,P,977b6a57cc5a54064c2ee12a604c57648bcd67822a66d39640827907f99fcb87,1호기,384,False,True
4. X-ray 검사장비 AI 데이터셋/dataset/test1/yolov3/X선이물검출기(06.23_09.22)/1호기(2020.09.22)/SN77128_20200707_NgImage/002_20200707_003555(2).bmp,002_20200707_003555(2),.bmp,352,332,P,a6d1f688bdff7a2cac9973ca779abdcce37da26424f42d4ec915460e2e33946e,1호기,392,False,True
4. X-ray 검사장비 AI 데이터셋/dataset/test1/yolov3/X선이물검출기(06.23_09.22)/1호기(2020.09.22)/SN77128_20200707_NgImage/002_20200707_003603(4).bmp,002_20200707_003603(4),.bmp,352,332,P,7850419ac562fd72dd569104a4474169b762074543fe3fbf4e139c143a1ac619,1호기,384,False,True
4. X-ray 검사장비 AI 데이터셋/dataset/test1/yolov3/X선이물검출기(06.23_09.22)/1호기(2020.09.22)/SN77128_20200707_NgImage/002_20200707_043323(4).bmp,002_20200707_043323(4),.bmp,352,332,P,6bc5848334bfb83a17af767cb59042d73b533d7bd45dfe7e6ed667915dbc58a5,1호기,384,False,True
4. X-ray 검사장비 AI 데이터셋/dataset/test1/yolov3/X선이물검출기(06.23_09.22)/1호기(2020.09.22)/SN77128_20200707_NgImage/002_20200707_043327(5).bmp,002_20200707_043327(5),.bmp,352,332,P,e937481309954034a3842e09793d5c59d4dab2148571df0a75460571aa6dfc98,1호기,384,False,True
4. X-ray 검사장비 AI 데이터셋/dataset/test1/yolov3/X선이물검출기(06.23_09.22)/1호기(2020.09.22)/SN77128_20200707_NgImage/002_20200707_043331(4).bmp,002_20200707_043331(4),.bmp,352,332,P,5e913342342be8a36167496ebe60669ccdb78acc44d0369737ddcfea316388d7,1호기,392,False,True
4. X-ray 검사장비 AI 데이터셋/dataset/test1/yolov3/X선이물검출기(06.23_09.22)/1호기(2020.09.22)/SN77128_20200707_NgImage/002_20200707_043441(2).bmp,002_20200707_043441(2),.bmp,352,332,P,b3936fe7605c82322667a4508c76f195624168f8ef9057d6f40e2cff9e1628be,1호기,392,False,True
4. X-ray 검사장비 AI 데이터셋/dataset/test1/yolov3/X선이물검출기(06.23_09.22)/1호기(2020.09.22)/SN77128_20200707_NgImage/002_20200707_043449(4).bmp,002_20200707_043449(4),.bmp,352,332,P,2debab9bd3edcf33c96fd58e57e30410da71eded077eec820590e48ed382d3ff,1호기,400,False,True
4. X-ray 검사장비 AI 데이터셋/dataset/test1/yolov3/X선이물검출기(06.23_09.22)/1호기(2020.09.22)/SN77128_20200707_NgImage/002_20200707_043453(4).bmp,002_20200707_043453(4),.bmp,352,332,P,4b555f1a64ea3af62313acad12929394b7330566d2874dc17d3a8502e90410e4,1호기,392,False,True
4. X-ray 검사장비 AI 데이터셋/dataset/test1/yolov3/X선이물검출기(06.23_09.22)/1호기(2020.09.22)/SN77128_20200707_NgImage/002_20200707_083007(7).bmp,002_20200707_083007(7),.bmp,352,332,P,9616087eccf02a9a8bff2c7bef035992da0afdfb698670c754b6c68b63e8d1ad,1호기,392,False,True
4. X-ray 검사장비 AI 데이터셋/dataset/test1/yolov3/X선이물검출기(06.23_09.22)/1호기(2020.09.22)/SN77128_20200707_NgImage/002_20200707_083011(7).bmp,002_20200707_083011(7),.bmp,352,332,P,beaa7c05b6b27462ee08beb790cf72301f6386df5752d70a8f08d4eec111ae09,1호기,392,False,True
4. X-ray 검사장비 AI 데이터셋/dataset/test1/yolov3/X선이물검출기(06.23_09.22)/1호기(2020.09.22)/SN77128_20200707_NgImage/002_20200707_083015(6).bmp,002_20200707_083015(6),.bmp,352,332,P,b93c478ad367aee2fbf44f2515738d9f9c5cf6a19fd5dd7d43e3f11d231390fd,1호기,384,False,True
4. X-ray 검사장비 AI 데이터셋/dataset/test1/yolov3/X선이물검출기(06.23_09.22)/1호기(2020.09.22)/SN77128_20200707_NgImage/002_20200707_083019(7).bmp,002_20200707_083019(7),.bmp,352,332,P,5876062ddd85d15c40548a27746fd24fc7814c18294575d9a6a42674302b16df,1호기,384,False,True
4. X-ray 검사장비 AI 데이터셋/dataset/test1/yolov3/X선이물검출기(06.23_09.22)/1호기(2020.09.22)/SN77128_20200707_NgImage/002_20200707_083023(7).bmp,002_20200707_083023(7),.bmp,352,332,P,f3aaa0474c424f42ca57bfc20308d7d4f829e29a5ec83933cee3ca20f8f2caf0,1호기,384,False,True
4. X-ray 검사장비 AI 데이터셋/dataset/test1/yolov3/X선이물검출기(06.23_09.22)/1호기(2020.09.22)/SN77128_20200707_NgImage/002_20200707_083027(5).bmp,002_20200707_083027(5),.bmp,352,332,P,d9e80c2f605367bab0b50f0c7e5c7658f740cecf0ba48bf62028bcc842789900,1호기,384,False,True
4. X-ray 검사장비 AI 데이터셋/dataset/test1/yolov3/X선이물검출기(06.23_09.22)/1호기(2020.09.22)/SN77128_20200707_NgImage/002_20200707_123124(2).bmp,002_20200707_123124(2),.bmp,352,332,P,ab3c3cdc5250afa47e8d9bb3e95fb4b835f3f18c03ec49167a0f1d22c1c90ee5,1호기,384,False,True
4. X-ray 검사장비 AI 데이터셋/dataset/test1/yolov3/X선이물검출기(06.23_09.22)/1호기(2020.09.22)/SN77128_20200707_NgImage/002_20200707_123128(4).bmp,002_20200707_123128(4),.bmp,352,332,P,71142f9b176571be4dabe99a39a5673721118f5f8833a2e1117db66a1b80df9d,1호기,392,False,True
4. X-ray 검사장비 AI 데이터셋/dataset/test1/yolov3/X선이물검출기(06.23_09.22)/1호기(2020.09.22)/SN77128_20200707_NgImage/002_20200707_123132(4).bmp,002_20200707_123132(4),.bmp,352,332,P,e02ec84099f9300d6dbf0e84cd398ec8a2c69d7078d65c7e9dbd3a08435d31cc,1호기,384,False,True
4. X-ray 검사장비 AI 데이터셋/dataset/test1/yolov3/X선이물검출기(06.23_09.22)/1호기(2020.09.22)/SN77128_20200707_NgImage/002_20200707_123136(3).bmp,002_20200707_123136(3),.bmp,352,332,P,95cbb95e7d66ada42138ed663f9bf9072667324b77d0b47de3c6593a8970ef8c,1호기,384,False,True
4. X-ray 검사장비 AI 데이터셋/dataset/test1/yolov3/X선이물검출기(06.23_09.22)/1호기(2020.09.22)/SN77128_20200707_NgImage/002_20200707_123140(3).bmp,002_20200707_123140(3),.bmp,352,332,P,e9bb088e954e7064187e52db34670139fe3b029fb98ab790f43c733b5c60b0eb,1호기,384,False,True
4. X-ray 검사장비 AI 데이터셋/dataset/test1/yolov3/X선이물검출기(06.23_09.22)/1호기(2020.09.22)/SN77128_20200707_NgImage/002_20200707_123144(3).bmp,002_20200707_123144(3),.bmp,352,332,P,2a16402063182e577be9161fe56806dba56f2625335f54f15e22285f09d8d20f,1호기,384,False,True
4. X-ray 검사장비 AI 데이터셋/dataset/test1/yolov3/X선이물검출기(06.23_09.22)/1호기(2020.09.22)/SN77128_20200708_NgImage/002_20200708_093546(5).bmp,002_20200708_093546(5),.bmp,352,332,P,a67b863b81d8e24c30ea7ed8e73c5e4b0ff6ebaf58a5cdc76c67ebdc10437d79,1호기,384,False,True
4. X-ray 검사장비 AI 데이터셋/dataset/test1/yolov3/X선이물검출기(06.23_09.22)/1호기(2020.09.22)/SN77128_20200708_NgImage/002_20200708_093556(1).bmp,002_20200708_093556(1),.bmp,352,332,P,349fad80247767663d0d14950ac85506e5af3a2895831ea1ceac8c689516a85b,1호기,384,False,True
4. X-ray 검사장비 AI 데이터셋/dataset/test1/yolov3/X선이물검출기(06.23_09.22)/1호기(2020.09.22)/SN77128_20200708_NgImage/002_20200708_093600(2).bmp,002_20200708_093600(2),.bmp,352,332,P,42ebb209b580955bb61180d9cf355b4fb8526dab9fb0e1c8424c96a32fb805f5,1호기,384,False,True
4. X-ray 검사장비 AI 데이터셋/dataset/test1/yolov3/X선이물검출기(06.23_09.22)/1호기(2020.09.22)/SN77128_20200708_NgImage/002_20200708_093604(2).bmp,002_20200708_093604(2),.bmp,352,332,P,dddf2d0f1d1f751756734f7c761a57100fe570b2f68dafbdc25013f41b117e5e,1호기,256,False,True
4. X-ray 검사장비 AI 데이터셋/dataset/test1/yolov3/X선이물검출기(06.23_09.22)/1호기(2020.09.22)/SN77128_20200708_NgImage/002_20200708_093608(1).bmp,002_20200708_093608(1),.bmp,352,332,P,bfceb01f6108029c758f368e416147b6d331b2f58a5e301125dae04e4ab067e9,1호기,384,False,True
4. X-ray 검사장비 AI 데이터셋/dataset/test1/yolov3/X선이물검출기(06.23_09.22)/1호기(2020.09.22)/SN77128_20200708_NgImage/002_20200708_093612(3).bmp,002_20200708_093612(3),.bmp,352,332,P,5ac85cb948e4c0627a3c224d9c1251626cae81404dbc29957d426ae23d53a6b5,1호기,392,False,True
4. X-ray 검사장비 AI 데이터셋/dataset/test1/yolov3/X선이물검출기(06.23_09.22)/1호기(2020.09.22)/SN77128_20200708_NgImage/002_20200708_122738(0).bmp,002_20200708_122738(0),.bmp,352,332,P,83354ece9e95f49be59c7a89567560c51301f7270c08b5763e3eae595ff875fd,1호기,384,False,True
4. X-ray 검사장비 AI 데이터셋/dataset/test1/yolov3/X선이물검출기(06.23_09.22)/1호기(2020.09.22)/SN77128_20200708_NgImage/002_20200708_122742(0).bmp,002_20200708_122742(0),.bmp,352,332,P,274ff222259cd018ff64f89d4b3599e02ee8623a9c99d4d76e8e71e474179f29,1호기,384,False,True
4. X-ray 검사장비 AI 데이터셋/dataset/test1/yolov3/X선이물검출기(06.23_09.22)/1호기(2020.09.22)/SN77128_20200708_NgImage/002_20200708_122745(8).bmp,002_20200708_122745(8),.bmp,352,332,P,8e8534e728c55b8192456f107fe394910ddd019b836889d17aa6513669b326db,1호기,384,False,True
4. X-ray 검사장비 AI 데이터셋/dataset/test1/yolov3/X선이물검출기(06.23_09.22)/1호기(2020.09.22)/SN77128_20200708_NgImage/002_20200708_122749(9).bmp,002_20200708_122749(9),.bmp,352,332,P,897d1b58d13ba0f72ba438c5f9590d88147c9d2b861666adbf51e252f32a833a,1호기,392,False,True
4. X-ray 검사장비 AI 데이터셋/dataset/test1/yolov3/X선이물검출기(06.23_09.22)/1호기(2020.09.22)/SN77128_20200708_NgImage/002_20200708_122753(9).bmp,002_20200708_122753(9),.bmp,352,332,P,4e7cfd1f6b93d560bed76a57db94d6006a6490b06e8be8dd7f5a2f0802a00bcb,1호기,408,False,True
4. X-ray 검사장비 AI 데이터셋/dataset/test1/yolov3/X선이물검출기(06.23_09.22)/1호기(2020.09.22)/SN77128_20200708_NgImage/002_20200708_122757(9).bmp,002_20200708_122757(9),.bmp,352,332,P,19c69b841c36124ea51d09671c6a8c76111171c4d7e005b3798d5ee3063fcb1f,1호기,384,False,True
4. X-ray 검사장비 AI 데이터셋/dataset/test1/yolov3/X선이물검출기(06.23_09.22)/1호기(2020.09.22)/SN77128_20200708_NgImage/002_20200708_123746(2).bmp,002_20200708_123746(2),.bmp,352,332,P,5e46cad79cd0481be189ab91345352ec92b2e311862ca31bb0eaad014babc6c4,1호기,384,False,True
4. X-ray 검사장비 AI 데이터셋/dataset/test1/yolov3/X선이물검출기(06.23_09.22)/1호기(2020.09.22)/SN77128_20200708_NgImage/002_20200708_123750(2).bmp,002_20200708_123750(2),.bmp,352,332,P,d2d646e051b8ea1211f7b0ff927393986bfe4f708c8313a47ed0b7dc1e4061fd,1호기,392,False,True
4. X-ray 검사장비 AI 데이터셋/dataset/test1/yolov3/X선이물검출기(06.23_09.22)/1호기(2020.09.22)/SN77128_20200708_NgImage/002_20200708_123754(3).bmp,002_20200708_123754(3),.bmp,352,332,P,cc9b12ab8f5c783f788f417073fd4cea492724f25991992f5285ae628e848724,1호기,384,False,True
4. X-ray 검사장비 AI 데이터셋/dataset/test1/yolov3/X선이물검출기(06.23_09.22)/1호기(2020.09.22)/SN77128_20200708_NgImage/002_20200708_123800(1).bmp,002_20200708_123800(1),.bmp,352,332,P,4675d40bcfbc1d00501d8a27a9c56368c8f70b277808ed575270732f68790c4e,1호기,384,False,True
4. X-ray 검사장비 AI 데이터셋/dataset/test1/yolov3/X선이물검출기(06.23_09.22)/1호기(2020.09.22)/SN77128_20200708_NgImage/002_20200708_123804(2).bmp,002_20200708_123804(2),.bmp,352,332,P,8d083be2c0ea6f60cc59ab129eee13eb6b4740851ca9fcc9b5ca40e971cacc27,1호기,392,False,True
4. X-ray 검사장비 AI 데이터셋/dataset/test1/yolov3/X선이물검출기(06.23_09.22)/1호기(2020.09.22)/SN77128_20200708_NgImage/002_20200708_123808(2).bmp,002_20200708_123808(2),.bmp,352,332,P,b329373c6c2e1d380b27bf369fcb0e356d2c28311830f493147cc42986fa928a,1호기,392,False,True
4. X-ray 검사장비 AI 데이터셋/dataset/test1/yolov3/X선이물검출기(06.23_09.22)/1호기(2020.09.22)/SN77128_20200708_NgImage/002_20200708_163727(3).bmp,002_20200708_163727(3),.bmp,352,332,P,c9fe3bc4a0d40f2a31198a398b16c76bb7bdf593932b122f330498d26cc6bba6,1호기,384,False,True
4. X-ray 검사장비 AI 데이터셋/dataset/test1/yolov3/X선이물검출기(06.23_09.22)/1호기(2020.09.22)/SN77128_20200708_NgImage/002_20200708_163731(2).bmp,002_20200708_163731(2),.bmp,352,332,P,fdde6f6e86fc254f6eff89e4eb73d8dd6dfbe0639adb9a366a8fb1dade1d71b8,1호기,384,False,True
4. X-ray 검사장비 AI 데이터셋/dataset/test1/yolov3/X선이물검출기(06.23_09.22)/1호기(2020.09.22)/SN77128_20200708_NgImage/002_20200708_163735(1).bmp,002_20200708_163735(1),.bmp,352,332,P,33d68241bf078d3d0657f729679f4ee559061749fec5de91e563a0fdb00b09fb,1호기,400,False,True
4. X-ray 검사장비 AI 데이터셋/dataset/test1/yolov3/X선이물검출기(06.23_09.22)/1호기(2020.09.22)/SN77128_20200708_NgImage/002_20200708_163739(3).bmp,002_20200708_163739(3),.bmp,352,332,P,3a21c6219deb263bc736e05391fcb1772096d6dd0f7bd2aeb5db83c8386bb436,1호기,384,False,True
4. X-ray 검사장비 AI 데이터셋/dataset/test1/yolov3/X선이물검출기(06.23_09.22)/1호기(2020.09.22)/SN77128_20200708_NgImage/002_20200708_163743(1).bmp,002_20200708_163743(1),.bmp,352,332,P,2c82e8f88d19373c6c8f8ada01ce738284322ffe6790a139e61969ffa9ba9699,1호기,392,False,True
4. X-ray 검사장비 AI 데이터셋/dataset/test1/yolov3/X선이물검출기(06.23_09.22)/1호기(2020.09.22)/SN77128_20200708_NgImage/002_20200708_163747(2).bmp,002_20200708_163747(2),.bmp,352,332,P,e6ad7dadf18149758348e80d93807524decb198d30c0ddb2d7744f8c12384570,1호기,384,False,True
4. X-ray 검사장비 AI 데이터셋/dataset/test1/yolov3/X선이물검출기(06.23_09.22)/1호기(2020.09.22)/SN77128_20200708_NgImage/002_20200708_203120(0).bmp,002_20200708_203120(0),.bmp,352,332,P,9dda53946463fc8694abece3b4f64c562fbf0f7c73b6b46c703636e36846fd05,1호기,392,False,True
4. X-ray 검사장비 AI 데이터셋/dataset/test1/yolov3/X선이물검출기(06.23_09.22)/1호기(2020.09.22)/SN77128_20200708_NgImage/002_20200708_203124(1).bmp,002_20200708_203124(1),.bmp,352,332,P,60f3451290d67eab9df8a78f1ed43b3917c8d25391ec90b73203bcdf72cd12a8,1호기,384,False,True
4. X-ray 검사장비 AI 데이터셋/dataset/test1/yolov3/X선이물검출기(06.23_09.22)/1호기(2020.09.22)/SN77128_20200708_NgImage/002_20200708_203128(1).bmp,002_20200708_203128(1),.bmp,352,332,P,bf5018fe0d9ea67c8bf99defdcd5dd99f8b76867225cacfbf2f37be761e7468d,1호기,392,False,True
4. X-ray 검사장비 AI 데이터셋/dataset/test1/yolov3/X선이물검출기(06.23_09.22)/1호기(2020.09.22)/SN77128_20200708_NgImage/002_20200708_203132(0).bmp,002_20200708_203132(0),.bmp,352,332,P,cd55cccfb4b5157dafa9d9615d87139b2b9dd1683e1b4bddc78be19253eb9a6e,1호기,384,False,True
4. X-ray 검사장비 AI 데이터셋/dataset/test1/yolov3/X선이물검출기(06.23_09.22)/1호기(2020.09.22)/SN77128_20200708_NgImage/002_20200708_203135(9).bmp,002_20200708_203135(9),.bmp,352,332,P,cd3318be01dbffa10c5f346496685e6cf3e323f6dab63922a620f6b2d9d8d877,1호기,400,False,True
4. X-ray 검사장비 AI 데이터셋/dataset/test1/yolov3/X선이물검출기(06.23_09.22)/1호기(2020.09.22)/SN77128_20200708_NgImage/002_20200708_203139(9).bmp,002_20200708_203139(9),.bmp,352,332,P,f99ed4bb0a0d5369c4595abe284762edacd2bbe10d4955712f4364a0762a044c,1호기,392,False,True
4. X-ray 검사장비 AI 데이터셋/dataset/test1/yolov3/X선이물검출기(06.23_09.22)/1호기(2020.09.22)/SN77128_20200713_NgImage/002_20200713_090619(5).bmp,002_20200713_090619(5),.bmp,352,332,P,83bfd655e6afae26a376ca36d7ce0e38aabf15fa851de731252406be5709e45a,1호기,384,False,True
4. X-ray 검사장비 AI 데이터셋/dataset/test1/yolov3/X선이물검출기(06.23_09.22)/1호기(2020.09.22)/SN77128_20200713_NgImage/002_20200713_090624(6).bmp,002_20200713_090624(6),.bmp,352,332,P,67a1582d2f5d38ccbb0b060fbcb52bd452dd6ff443f6c495856de0ef07a36dba,1호기,392,False,True
4. X-ray 검사장비 AI 데이터셋/dataset/test1/yolov3/X선이물검출기(06.23_09.22)/1호기(2020.09.22)/SN77128_20200713_NgImage/002_20200713_090627(7).bmp,002_20200713_090627(7),.bmp,352,332,P,7e9b194c9a77ae265e2bc252d1d340fa51926d1a5d4b6027633447c764ef95ee,1호기,384,False,True
4. X-ray 검사장비 AI 데이터셋/dataset/test1/yolov3/X선이물검출기(06.23_09.22)/1호기(2020.09.22)/SN77128_20200713_NgImage/002_20200713_090630(9).bmp,002_20200713_090630(9),.bmp,352,332,P,0a4e5c6c349ad6d53a6d308e52032430bc8a7c68196bd6183a52e279e1d2e276,1호기,384,False,True
4. X-ray 검사장비 AI 데이터셋/dataset/test1/yolov3/X선이물검출기(06.23_09.22)/1호기(2020.09.22)/SN77128_20200713_NgImage/002_20200713_090633(9).bmp,002_20200713_090633(9),.bmp,352,332,P,b049be333c935ad81ccc8ef9260134ae87aa9df08dcb216fa984484b2fb58370,1호기,392,False,True
4. X-ray 검사장비 AI 데이터셋/dataset/test1/yolov3/X선이물검출기(06.23_09.22)/1호기(2020.09.22)/SN77128_20200713_NgImage/002_20200713_090637(0).bmp,002_20200713_090637(0),.bmp,352,332,P,845a190dba4fce794d340da2677276c7f518d00756005c32e9c5d859c54dce55,1호기,392,False,True
4. X-ray 검사장비 AI 데이터셋/dataset/test1/yolov3/X선이물검출기(06.23_09.22)/1호기(2020.09.22)/SN77128_20200713_NgImage/002_20200713_123402(2).bmp,002_20200713_123402(2),.bmp,352,332,P,6785e95d80518f7ea596e1a62e7099906de593942e05f90de3195a38d626e4af,1호기,392,False,True
4. X-ray 검사장비 AI 데이터셋/dataset/test1/yolov3/X선이물검출기(06.23_09.22)/1호기(2020.09.22)/SN77128_20200713_NgImage/002_20200713_123406(6).bmp,002_20200713_123406(6),.bmp,352,332,P,7e86061282dff22e20aafa4efab56757723450bac2aabbc515e44d610ba99d28,1호기,384,False,True
4. X-ray 검사장비 AI 데이터셋/dataset/test1/yolov3/X선이물검출기(06.23_09.22)/1호기(2020.09.22)/SN77128_20200713_NgImage/002_20200713_123411(2).bmp,002_20200713_123411(2),.bmp,352,332,P,9b2a46edbd131d28d21e2291dba6d502389c3f578aee7c48d4d5ce78e18829b9,1호기,384,False,True
4. X-ray 검사장비 AI 데이터셋/dataset/test1/yolov3/X선이물검출기(06.23_09.22)/1호기(2020.09.22)/SN77128_20200713_NgImage/002_20200713_123415(6).bmp,002_20200713_123415(6),.bmp,352,332,P,d97ff428ed1f4c4259d8873ae3191f7dd509303c42f396ea58f49228ea1663e7,1호기,384,False,True
4. X-ray 검사장비 AI 데이터셋/dataset/test1/yolov3/X선이물검출기(06.23_09.22)/1호기(2020.09.22)/SN77128_20200713_NgImage/002_20200713_123420(2).bmp,002_20200713_123420(2),.bmp,352,332,P,5a952e8522b1e101278d4900158f34e998db61e66b602dc06199ada84f27a1c3,1호기,384,False,True
4. X-ray 검사장비 AI 데이터셋/dataset/test1/yolov3/X선이물검출기(06.23_09.22)/1호기(2020.09.22)/SN77128_20200713_NgImage/002_20200713_123424(6).bmp,002_20200713_123424(6),.bmp,352,332,P,c468e23977458c8b4623fb0af9b65c15a58bda14aa592654bc0650c743c4eed7,1호기,384,False,True
4. X-ray 검사장비 AI 데이터셋/dataset/test1/yolov3/X선이물검출기(06.23_09.22)/1호기(2020.09.22)/SN77128_20200713_NgImage/002_20200713_163527(7).bmp,002_20200713_163527(7),.bmp,352,332,P,a44a0bd7dc5ba88cbde6b500fc074516be299c5f2313a94a6eed75aa17edb1d8,1호기,384,False,True
4. X-ray 검사장비 AI 데이터셋/dataset/test1/yolov3/X선이물검출기(06.23_09.22)/1호기(2020.09.22)/SN77128_20200713_NgImage/002_20200713_163532(0).bmp,002_20200713_163532(0),.bmp,352,332,P,2824615a49f7eb4affa3fa794a2cfecc54602fc47ba20052bfceebc19bcf4f5d,1호기,384,False,True
4. X-ray 검사장비 AI 데이터셋/dataset/test1/yolov3/X선이물검출기(06.23_09.22)/1호기(2020.09.22)/SN77128_20200713_NgImage/002_20200713_163536(6).bmp,002_20200713_163536(6),.bmp,352,332,P,1fb8485e1f24f7e4e980119f540706caaf1860ada470a922f08deca2d7ecc01d,1호기,384,False,True
4. X-ray 검사장비 AI 데이터셋/dataset/test1/yolov3/X선이물검출기(06.23_09.22)/1호기(2020.09.22)/SN77128_20200713_NgImage/002_20200713_163541(1).bmp,002_20200713_163541(1),.bmp,352,332,P,2fde3524b7ac83968d8c2153eb2370efca370ab2a7007f29faef880ffe960800,1호기,384,False,True
4. X-ray 검사장비 AI 데이터셋/dataset/test1/yolov3/X선이물검출기(06.23_09.22)/1호기(2020.09.22)/SN77128_20200713_NgImage/002_20200713_163551(8).bmp,002_20200713_163551(8),.bmp,352,332,P,9e33153899adce78457b7cfeff14204bd13bbd9929ad2a3d374940b99475a987,1호기,384,False,True
4. X-ray 검사장비 AI 데이터셋/dataset/test1/yolov3/X선이물검출기(06.23_09.22)/1호기(2020.09.22)/SN77128_20200713_NgImage/002_20200713_163657(7).bmp,002_20200713_163657(7),.bmp,352,332,P,cdcac537664d91086739e93423dbe8465010acb496c1e100487f89c7ef1d37a6,1호기,384,False,True
4. X-ray 검사장비 AI 데이터셋/dataset/test1/yolov3/X선이물검출기(06.23_09.22)/1호기(2020.09.22)/SN77128_20200713_NgImage/002_20200713_202453(5).bmp,002_20200713_202453(5),.bmp,352,332,P,de76c77cf06f0194da096b11b14fa33c41ba4fcc9a678001acb7e26dec4b93cb,1호기,384,False,True
4. X-ray 검사장비 AI 데이터셋/dataset/test1/yolov3/X선이물검출기(06.23_09.22)/1호기(2020.09.22)/SN77128_20200713_NgImage/002_20200713_202457(9).bmp,002_20200713_202457(9),.bmp,352,332,P,f3a0e56ed5b60f6b7be315cc7f43c8f770385efa34f9efc83998c81bc380d650,1호기,384,False,True
4. X-ray 검사장비 AI 데이터셋/dataset/test1/yolov3/X선이물검출기(06.23_09.22)/1호기(2020.09.22)/SN77128_20200713_NgImage/002_20200713_202502(4).bmp,002_20200713_202502(4),.bmp,352,332,P,fb768231fc6492e9c995d20885bcd06dd89855e54e6ea785f6ed6a701e9b6b2a,1호기,392,False,True
4. X-ray 검사장비 AI 데이터셋/dataset/test1/yolov3/X선이물검출기(06.23_09.22)/1호기(2020.09.22)/SN77128_20200713_NgImage/002_20200713_202507(0).bmp,002_20200713_202507(0),.bmp,352,332,P,254f7ace49b6a306aa21837bddf75ec8881e027ee67876b131a5dadc588fd292,1호기,660,False,True
4. X-ray 검사장비 AI 데이터셋/dataset/test1/yolov3/X선이물검출기(06.23_09.22)/1호기(2020.09.22)/SN77128_20200713_NgImage/002_20200713_202511(3).bmp,002_20200713_202511(3),.bmp,352,332,P,f48736d4ef8e5f94cf10e29273b77e7b4f9efc8935432582086d9d833d6267e9,1호기,384,False,True
4. X-ray 검사장비 AI 데이터셋/dataset/test1/yolov3/X선이물검출기(06.23_09.22)/1호기(2020.09.22)/SN77128_20200713_NgImage/002_20200713_202515(8).bmp,002_20200713_202515(8),.bmp,352,332,P,de45bb5774af3d5a5c938bd31b16dbe79f1aa75dc9d21d311dec8b09c74ae653,1호기,384,False,True
4. X-ray 검사장비 AI 데이터셋/dataset/test1/yolov3/X선이물검출기(06.23_09.22)/1호기(2020.09.22)/SN77128_20200714_NgImage/002_20200713_090619(5).bmp,002_20200713_090619(5),.bmp,352,332,P,83bfd655e6afae26a376ca36d7ce0e38aabf15fa851de731252406be5709e45a,1호기,384,False,True
4. X-ray 검사장비 AI 데이터셋/dataset/test1/yolov3/X선이물검출기(06.23_09.22)/1호기(2020.09.22)/SN77128_20200714_NgImage/002_20200713_090624(6).bmp,002_20200713_090624(6),.bmp,352,332,P,67a1582d2f5d38ccbb0b060fbcb52bd452dd6ff443f6c495856de0ef07a36dba,1호기,392,False,True
4. X-ray 검사장비 AI 데이터셋/dataset/test1/yolov3/X선이물검출기(06.23_09.22)/1호기(2020.09.22)/SN77128_20200714_NgImage/002_20200713_090627(7).bmp,002_20200713_090627(7),.bmp,352,332,P,7e9b194c9a77ae265e2bc252d1d340fa51926d1a5d4b6027633447c764ef95ee,1호기,384,False,True
4. X-ray 검사장비 AI 데이터셋/dataset/test1/yolov3/X선이물검출기(06.23_09.22)/1호기(2020.09.22)/SN77128_20200714_NgImage/002_20200713_090630(9).bmp,002_20200713_090630(9),.bmp,352,332,P,0a4e5c6c349ad6d53a6d308e52032430bc8a7c68196bd6183a52e279e1d2e276,1호기,384,False,True
4. X-ray 검사장비 AI 데이터셋/dataset/test1/yolov3/X선이물검출기(06.23_09.22)/1호기(2020.09.22)/SN77128_20200714_NgImage/002_20200713_090633(9).bmp,002_20200713_090633(9),.bmp,352,332,P,b049be333c935ad81ccc8ef9260134ae87aa9df08dcb216fa984484b2fb58370,1호기,392,False,True
4. X-ray 검사장비 AI 데이터셋/dataset/test1/yolov3/X선이물검출기(06.23_09.22)/1호기(2020.09.22)/SN77128_20200714_NgImage/002_20200713_090637(0).bmp,002_20200713_090637(0),.bmp,352,332,P,845a190dba4fce794d340da2677276c7f518d00756005c32e9c5d859c54dce55,1호기,392,False,True
4. X-ray 검사장비 AI 데이터셋/dataset/test1/yolov3/X선이물검출기(06.23_09.22)/1호기(2020.09.22)/SN77128_20200714_NgImage/002_20200713_123402(2).bmp,002_20200713_123402(2),.bmp,352,332,P,6785e95d80518f7ea596e1a62e7099906de593942e05f90de3195a38d626e4af,1호기,392,False,True
4. X-ray 검사장비 AI 데이터셋/dataset/test1/yolov3/X선이물검출기(06.23_09.22)/1호기(2020.09.22)/SN77128_20200714_NgImage/002_20200713_123406(6).bmp,002_20200713_123406(6),.bmp,352,332,P,7e86061282dff22e20aafa4efab56757723450bac2aabbc515e44d610ba99d28,1호기,384,False,True
4. X-ray 검사장비 AI 데이터셋/dataset/test1/yolov3/X선이물검출기(06.23_09.22)/1호기(2020.09.22)/SN77128_20200714_NgImage/002_20200713_123411(2).bmp,002_20200713_123411(2),.bmp,352,332,P,9b2a46edbd131d28d21e2291dba6d502389c3f578aee7c48d4d5ce78e18829b9,1호기,384,False,True
4. X-ray 검사장비 AI 데이터셋/dataset/test1/yolov3/X선이물검출기(06.23_09.22)/1호기(2020.09.22)/SN77128_20200714_NgImage/002_20200713_123415(6).bmp,002_20200713_123415(6),.bmp,352,332,P,d97ff428ed1f4c4259d8873ae3191f7dd509303c42f396ea58f49228ea1663e7,1호기,384,False,True
4. X-ray 검사장비 AI 데이터셋/dataset/test1/yolov3/X선이물검출기(06.23_09.22)/1호기(2020.09.22)/SN77128_20200714_NgImage/002_20200713_123420(2).bmp,002_20200713_123420(2),.bmp,352,332,P,5a952e8522b1e101278d4900158f34e998db61e66b602dc06199ada84f27a1c3,1호기,384,False,True
4. X-ray 검사장비 AI 데이터셋/dataset/test1/yolov3/X선이물검출기(06.23_09.22)/1호기(2020.09.22)/SN77128_20200714_NgImage/002_20200713_123424(6).bmp,002_20200713_123424(6),.bmp,352,332,P,c468e23977458c8b4623fb0af9b65c15a58bda14aa592654bc0650c743c4eed7,1호기,384,False,True
4. X-ray 검사장비 AI 데이터셋/dataset/test1/yolov3/X선이물검출기(06.23_09.22)/1호기(2020.09.22)/SN77128_20200714_NgImage/002_20200713_163527(7).bmp,002_20200713_163527(7),.bmp,352,332,P,a44a0bd7dc5ba88cbde6b500fc074516be299c5f2313a94a6eed75aa17edb1d8,1호기,384,False,True
4. X-ray 검사장비 AI 데이터셋/dataset/test1/yolov3/X선이물검출기(06.23_09.22)/1호기(2020.09.22)/SN77128_20200714_NgImage/002_20200713_163532(0).bmp,002_20200713_163532(0),.bmp,352,332,P,2824615a49f7eb4affa3fa794a2cfecc54602fc47ba20052bfceebc19bcf4f5d,1호기,384,False,True
4. X-ray 검사장비 AI 데이터셋/dataset/test1/yolov3/X선이물검출기(06.23_09.22)/1호기(2020.09.22)/SN77128_20200714_NgImage/002_20200713_163536(6).bmp,002_20200713_163536(6),.bmp,352,332,P,1fb8485e1f24f7e4e980119f540706caaf1860ada470a922f08deca2d7ecc01d,1호기,384,False,True
4. X-ray 검사장비 AI 데이터셋/dataset/test1/yolov3/X선이물검출기(06.23_09.22)/1호기(2020.09.22)/SN77128_20200714_NgImage/002_20200713_163541(1).bmp,002_20200713_163541(1),.bmp,352,332,P,2fde3524b7ac83968d8c2153eb2370efca370ab2a7007f29faef880ffe960800,1호기,384,False,True
4. X-ray 검사장비 AI 데이터셋/dataset/test1/yolov3/X선이물검출기(06.23_09.22)/1호기(2020.09.22)/SN77128_20200714_NgImage/002_20200713_163551(8).bmp,002_20200713_163551(8),.bmp,352,332,P,9e33153899adce78457b7cfeff14204bd13bbd9929ad2a3d374940b99475a987,1호기,384,False,True
4. X-ray 검사장비 AI 데이터셋/dataset/test1/yolov3/X선이물검출기(06.23_09.22)/1호기(2020.09.22)/SN77128_20200714_NgImage/002_20200713_163657(7).bmp,002_20200713_163657(7),.bmp,352,332,P,cdcac537664d91086739e93423dbe8465010acb496c1e100487f89c7ef1d37a6,1호기,384,False,True
4. X-ray 검사장비 AI 데이터셋/dataset/test1/yolov3/X선이물검출기(06.23_09.22)/1호기(2020.09.22)/SN77128_20200714_NgImage/002_20200713_202453(5).bmp,002_20200713_202453(5),.bmp,352,332,P,de76c77cf06f0194da096b11b14fa33c41ba4fcc9a678001acb7e26dec4b93cb,1호기,384,False,True
4. X-ray 검사장비 AI 데이터셋/dataset/test1/yolov3/X선이물검출기(06.23_09.22)/1호기(2020.09.22)/SN77128_20200714_NgImage/002_20200713_202457(9).bmp,002_20200713_202457(9),.bmp,352,332,P,f3a0e56ed5b60f6b7be315cc7f43c8f770385efa34f9efc83998c81bc380d650,1호기,384,False,True
4. X-ray 검사장비 AI 데이터셋/dataset/test1/yolov3/X선이물검출기(06.23_09.22)/1호기(2020.09.22)/SN77128_20200714_NgImage/002_20200713_202502(4).bmp,002_20200713_202502(4),.bmp,352,332,P,fb768231fc6492e9c995d20885bcd06dd89855e54e6ea785f6ed6a701e9b6b2a,1호기,392,False,True
4. X-ray 검사장비 AI 데이터셋/dataset/test1/yolov3/X선이물검출기(06.23_09.22)/1호기(2020.09.22)/SN77128_20200714_NgImage/002_20200713_202507(0).bmp,002_20200713_202507(0),.bmp,352,332,P,254f7ace49b6a306aa21837bddf75ec8881e027ee67876b131a5dadc588fd292,1호기,660,False,True
4. X-ray 검사장비 AI 데이터셋/dataset/test1/yolov3/X선이물검출기(06.23_09.22)/1호기(2020.09.22)/SN77128_20200714_NgImage/002_20200713_202511(3).bmp,002_20200713_202511(3),.bmp,352,332,P,f48736d4ef8e5f94cf10e29273b77e7b4f9efc8935432582086d9d833d6267e9,1호기,384,False,True
4. X-ray 검사장비 AI 데이터셋/dataset/test1/yolov3/X선이물검출기(06.23_09.22)/1호기(2020.09.22)/SN77128_20200714_NgImage/002_20200713_202515(8).bmp,002_20200713_202515(8),.bmp,352,332,P,de45bb5774af3d5a5c938bd31b16dbe79f1aa75dc9d21d311dec8b09c74ae653,1호기,384,False,True
4. X-ray 검사장비 AI 데이터셋/dataset/test1/yolov3/X선이물검출기(06.23_09.22)/1호기(2020.09.22)/SN77128_20200714_NgImage/002_20200714_002645(1).bmp,002_20200714_002645(1),.bmp,352,332,P,205a42952841a56773f7820232904b7884631f7cbb1347484eb556ecdf94c2ac,1호기,384,False,True
4. X-ray 검사장비 AI 데이터셋/dataset/test1/yolov3/X선이물검출기(06.23_09.22)/1호기(2020.09.22)/SN77128_20200714_NgImage/002_20200714_002649(5).bmp,002_20200714_002649(5),.bmp,352,332,P,2bbb6e4faa7345ee8ea70e5b7a8128749fba2359b6373e1a0e9c7567ac09e4c6,1호기,392,False,True
4. X-ray 검사장비 AI 데이터셋/dataset/test1/yolov3/X선이물검출기(06.23_09.22)/1호기(2020.09.22)/SN77128_20200714_NgImage/002_20200714_002654(1).bmp,002_20200714_002654(1),.bmp,352,332,P,17dff836b27d81ab3ac90bf03965ad24b85463ea9b08700c94999c843c3af754,1호기,392,False,True
4. X-ray 검사장비 AI 데이터셋/dataset/test1/yolov3/X선이물검출기(06.23_09.22)/1호기(2020.09.22)/SN77128_20200714_NgImage/002_20200714_002658(5).bmp,002_20200714_002658(5),.bmp,352,332,P,68562cfbaafc585fd556c805c4e97fc91b158c9ccee1db884a11496ef2242ebe,1호기,384,False,True
4. X-ray 검사장비 AI 데이터셋/dataset/test1/yolov3/X선이물검출기(06.23_09.22)/1호기(2020.09.22)/SN77128_20200714_NgImage/002_20200714_002703(0).bmp,002_20200714_002703(0),.bmp,352,332,P,2e630dfd06ca701f28a4130b136d4e4d6e337047a29d79219d242f100487943d,1호기,384,False,True
4. X-ray 검사장비 AI 데이터셋/dataset/test1/yolov3/X선이물검출기(06.23_09.22)/1호기(2020.09.22)/SN77128_20200714_NgImage/002_20200714_002707(5).bmp,002_20200714_002707(5),.bmp,352,332,P,34ca711fd82961bf3dd6e4bb6a32d4bdde40286357a7af29e3d35f5134c20fbe,1호기,384,False,True
4. X-ray 검사장비 AI 데이터셋/dataset/test1/yolov3/X선이물검출기(06.23_09.22)/1호기(2020.09.22)/SN77128_20200714_NgImage/002_20200714_042619(3).bmp,002_20200714_042619(3),.bmp,352,332,P,2b58c4264b0e7701950f5449736506373685598d4bd026d89f7496656f67b677,1호기,392,False,True
4. X-ray 검사장비 AI 데이터셋/dataset/test1/yolov3/X선이물검출기(06.23_09.22)/1호기(2020.09.22)/SN77128_20200714_NgImage/002_20200714_042623(8).bmp,002_20200714_042623(8),.bmp,352,332,P,8aa3769bae52f2936a34f320f08de71fc53058deacee931dd7db6d8da536cdfd,1호기,392,False,True
4. X-ray 검사장비 AI 데이터셋/dataset/test1/yolov3/X선이물검출기(06.23_09.22)/1호기(2020.09.22)/SN77128_20200714_NgImage/002_20200714_042628(4).bmp,002_20200714_042628(4),.bmp,352,332,P,3b18501f5207d121aa75e14ea9139cfa5cfd16c58ae4ca375fc2c86870e22054,1호기,392,False,True
4. X-ray 검사장비 AI 데이터셋/dataset/test1/yolov3/X선이물검출기(06.23_09.22)/1호기(2020.09.22)/SN77128_20200714_NgImage/002_20200714_042632(8).bmp,002_20200714_042632(8),.bmp,352,332,P,93c696f750aa0181e53183aa77c9ded94dbd557ad0c5e633933fbaea6f082ff5,1호기,392,False,True
4. X-ray 검사장비 AI 데이터셋/dataset/test1/yolov3/X선이물검출기(06.23_09.22)/1호기(2020.09.22)/SN77128_20200714_NgImage/002_20200714_042637(4).bmp,002_20200714_042637(4),.bmp,352,332,P,5ba9db57848354f59a930f5acb003b16cec2edc7acd8a38a341b206dc7089033,1호기,384,False,True
4. X-ray 검사장비 AI 데이터셋/dataset/test1/yolov3/X선이물검출기(06.23_09.22)/1호기(2020.09.22)/SN77128_20200715_NgImage/002_20200715_002517(9).bmp,002_20200715_002517(9),.bmp,352,332,P,2811d8e26d17d4541de8b412123835578eacb9b5edd8750b61a5fc3b5a2b0a37,1호기,392,False,True
4. X-ray 검사장비 AI 데이터셋/dataset/test1/yolov3/X선이물검출기(06.23_09.22)/1호기(2020.09.22)/SN77128_20200715_NgImage/002_20200715_042354(7).bmp,002_20200715_042354(7),.bmp,352,332,P,09a5deb7df7c92b4ab90748bfa35ead9fa9c29c4eb2ce994f63f7000ff160d73,1호기,384,False,True
4. X-ray 검사장비 AI 데이터셋/dataset/test1/yolov3/X선이물검출기(06.23_09.22)/1호기(2020.09.22)/SN77128_20200715_NgImage/002_20200715_042358(9).bmp,002_20200715_042358(9),.bmp,352,332,P,a4a51463addac85ab6bd390e9b70869f5f3f75590831fa6b988c503c2af19d3d,1호기,384,False,True
4. X-ray 검사장비 AI 데이터셋/dataset/test1/yolov3/X선이물검출기(06.23_09.22)/1호기(2020.09.22)/SN77128_20200715_NgImage/002_20200715_042403(5).bmp,002_20200715_042403(5),.bmp,352,332,P,de0935a93bd60e56c884da4f7eb26d605e737a4e56a190a5fbcfbc9fd53fe4e2,1호기,384,False,True
4. X-ray 검사장비 AI 데이터셋/dataset/test1/yolov3/X선이물검출기(06.23_09.22)/1호기(2020.09.22)/SN77128_20200715_NgImage/002_20200715_042408(0).bmp,002_20200715_042408(0),.bmp,352,332,P,65fe0407b93cc10068dea6882e4cf8e8be2d838b36661bc38e63a58272761d4a,1호기,392,False,True
4. X-ray 검사장비 AI 데이터셋/dataset/test1/yolov3/X선이물검출기(06.23_09.22)/1호기(2020.09.22)/SN77128_20200715_NgImage/002_20200715_042412(5).bmp,002_20200715_042412(5),.bmp,352,332,P,f8846337c3e32b2e3a361c962d9dde486a7766a830082e8a97d8f71ed7202a51,1호기,384,False,True
4. X-ray 검사장비 AI 데이터셋/dataset/test1/yolov3/X선이물검출기(06.23_09.22)/1호기(2020.09.22)/SN77128_20200715_NgImage/002_20200715_042416(9).bmp,002_20200715_042416(9),.bmp,352,332,P,3070750608c7e84103f67929d2ffb208fd43b00995230d3508d2bc6f31d8a8e6,1호기,392,False,True
4. X-ray 검사장비 AI 데이터셋/dataset/test1/yolov3/X선이물검출기(06.23_09.22)/1호기(2020.09.22)/SN77128_20200715_NgImage/002_20200715_083116(0).bmp,002_20200715_083116(0),.bmp,352,332,P,ef726ae608f590f69b7021c25c21c09473ea2b1ca525ef1ddc2cc3e9827b9829,1호기,392,False,True
4. X-ray 검사장비 AI 데이터셋/dataset/test1/yolov3/X선이물검출기(06.23_09.22)/1호기(2020.09.22)/SN77128_20200715_NgImage/002_20200715_083120(5).bmp,002_20200715_083120(5),.bmp,352,332,P,1346055f614f4366a439e23387f885b812dd14ef3f261e1cb7907979d78575e4,1호기,384,False,True
4. X-ray 검사장비 AI 데이터셋/dataset/test1/yolov3/X선이물검출기(06.23_09.22)/1호기(2020.09.22)/SN77128_20200715_NgImage/002_20200715_083124(9).bmp,002_20200715_083124(9),.bmp,352,332,P,08d8c52ad63d89bacea57ede225751c14b36cde05a39adcd0d591cca68a749ca,1호기,392,False,True
4. X-ray 검사장비 AI 데이터셋/dataset/test1/yolov3/X선이물검출기(06.23_09.22)/1호기(2020.09.22)/SN77128_20200715_NgImage/002_20200715_083129(4).bmp,002_20200715_083129(4),.bmp,352,332,P,a68792a036c143679af6aaba2d31d146e0ad950ab3048a0c1901d074f86026a8,1호기,384,False,True
4. X-ray 검사장비 AI 데이터셋/dataset/test1/yolov3/X선이물검출기(06.23_09.22)/1호기(2020.09.22)/SN77128_20200715_NgImage/002_20200715_083134(0).bmp,002_20200715_083134(0),.bmp,352,332,P,3cc36686fc5fee515c148fba04ad5fd8b4a5573ee1f2153134469bf23038f607,1호기,400,False,True
4. X-ray 검사장비 AI 데이터셋/dataset/test1/yolov3/X선이물검출기(06.23_09.22)/1호기(2020.09.22)/SN77128_20200715_NgImage/002_20200715_083138(5).bmp,002_20200715_083138(5),.bmp,352,332,P,cff784b128ee210ff3937fe3dfd611ad67245bf8d501b7b0ea797d048c736727,1호기,392,False,True
4. X-ray 검사장비 AI 데이터셋/dataset/test1/yolov3/X선이물검출기(06.23_09.22)/1호기(2020.09.22)/SN77128_20200721_NgImage/002_20200721_163237(8).bmp,002_20200721_163237(8),.bmp,352,332,P,24f03f14d6d88d4077a32ae45caa85dde54da9763c732ee475f0bf1cf4aa5461,1호기,136,False,True
4. X-ray 검사장비 AI 데이터셋/dataset/test1/yolov3/X선이물검출기(06.23_09.22)/1호기(2020.09.22)/SN77128_20200721_NgImage/002_20200721_163239(7).bmp,002_20200721_163239(7),.bmp,352,332,P,4bd9662041047a38f0038515aca3f51c483b4c6b5f06911c277815264d8bbfdb,1호기,136,False,True
4. X-ray 검사장비 AI 데이터셋/dataset/test1/yolov3/X선이물검출기(06.23_09.22)/1호기(2020.09.22)/SN77128_20200721_NgImage/002_20200721_163244(4).bmp,002_20200721_163244(4),.bmp,352,332,P,dfd4d0e0818f43993537dfc8b795277fd211dc207ae98ec024056164058ae9c3,1호기,128,False,True
4. X-ray 검사장비 AI 데이터셋/dataset/test1/yolov3/X선이물검출기(06.23_09.22)/1호기(2020.09.22)/SN77128_20200721_NgImage/002_20200721_163245(6).bmp,002_20200721_163245(6),.bmp,352,332,P,5f639e27475c8a4acac7bb3d0a322ea5828e37b9e81fe647ffab766245036225,1호기,128,False,True
4. X-ray 검사장비 AI 데이터셋/dataset/test1/yolov3/X선이물검출기(06.23_09.22)/1호기(2020.09.22)/SN77128_20200721_NgImage/002_20200721_163248(8).bmp,002_20200721_163248(8),.bmp,352,332,P,6d5de705e937bb752554ba84b584843518653e0d190ac413bfc743575f6e4b6c,1호기,128,False,True
4. X-ray 검사장비 AI 데이터셋/dataset/test1/yolov3/X선이물검출기(06.23_09.22)/1호기(2020.09.22)/SN77128_20200721_NgImage/002_20200721_163249(9).bmp,002_20200721_163249(9),.bmp,352,332,P,06b5bf7e67b3cec3be555ab48a8d7163db948af783f90aa05c1e456b99a07919,1호기,128,False,True
4. X-ray 검사장비 AI 데이터셋/dataset/test1/yolov3/X선이물검출기(06.23_09.22)/1호기(2020.09.22)/SN77128_20200721_NgImage/002_20200721_163253(3).bmp,002_20200721_163253(3),.bmp,352,332,P,aab88f238d0fa8c6192d72747568482de9570d00fef7535c90e083a7bafab07e,1호기,128,False,True
4. X-ray 검사장비 AI 데이터셋/dataset/test1/yolov3/X선이물검출기(06.23_09.22)/1호기(2020.09.22)/SN77128_20200721_NgImage/002_20200721_163253(9).bmp,002_20200721_163253(9),.bmp,352,332,P,40126faa11da5a6a1bf0dcdd71d1beef772cbfebeac8a495af4d2a772baa77f8,1호기,128,False,True
4. X-ray 검사장비 AI 데이터셋/dataset/test1/yolov3/X선이물검출기(06.23_09.22)/1호기(2020.09.22)/SN77128_20200721_NgImage/002_20200721_163257(5).bmp,002_20200721_163257(5),.bmp,352,332,P,2925aa31adb43303417059fd1a030c0dbbaaf78d37f036bed61aad17821b2820,1호기,128,False,True
4. X-ray 검사장비 AI 데이터셋/dataset/test1/yolov3/X선이물검출기(06.23_09.22)/1호기(2020.09.22)/SN77128_20200721_NgImage/002_20200721_163257(9).bmp,002_20200721_163257(9),.bmp,352,332,P,9a1c068abc84a99fa8d65ce6d24631366d55a23abd3bbaaf6bfe0f460f8911e5,1호기,128,False,True
4. X-ray 검사장비 AI 데이터셋/dataset/test1/yolov3/X선이물검출기(06.23_09.22)/1호기(2020.09.22)/SN77128_20200721_NgImage/002_20200721_163301(1).bmp,002_20200721_163301(1),.bmp,352,332,P,d51a20efbd44f605d17be89592412b41f9551478c2ce598c1af9436aaf83e88d,1호기,128,False,True
4. X-ray 검사장비 AI 데이터셋/dataset/test1/yolov3/X선이물검출기(06.23_09.22)/1호기(2020.09.22)/SN77128_20200721_NgImage/002_20200721_163302(4).bmp,002_20200721_163302(4),.bmp,352,332,P,7eea3367d946dc0eb4330208609fb3ef74cfce3835a1299c3cc25c482bb7f9b6,1호기,136,False,True
4. X-ray 검사장비 AI 데이터셋/dataset/test1/yolov3/X선이물검출기(06.23_09.22)/1호기(2020.09.22)/SN77128_20200722_NgImage/002_20200722_003343(8).bmp,002_20200722_003343(8),.bmp,352,332,P,80e9415660407c27fc797c58cf661b919056112332f54066462f623fe1cb7837,1호기,128,False,True
4. X-ray 검사장비 AI 데이터셋/dataset/test1/yolov3/X선이물검출기(06.23_09.22)/1호기(2020.09.22)/SN77128_20200722_NgImage/002_20200722_003354(1).bmp,002_20200722_003354(1),.bmp,352,332,P,fa76896204b3d6337e2151328b3c097e9d5e5708b08e88566440388d38368a1b,1호기,128,False,True
4. X-ray 검사장비 AI 데이터셋/dataset/test1/yolov3/X선이물검출기(06.23_09.22)/1호기(2020.09.22)/SN77128_20200722_NgImage/002_20200722_043432(7).bmp,002_20200722_043432(7),.bmp,352,332,P,0e4c412694f9e168593f6ae2ddcc7c443247d1b5a417188e7af49ca23bed26ea,1호기,136,False,True
4. X-ray 검사장비 AI 데이터셋/dataset/test1/yolov3/X선이물검출기(06.23_09.22)/1호기(2020.09.22)/SN77128_20200722_NgImage/002_20200722_043437(0).bmp,002_20200722_043437(0),.bmp,352,332,P,1a0fbdcc86aa4189605741234018f5ca7f4b2ef2fd3b133c87ec738e66c47d1b,1호기,128,False,True
4. X-ray 검사장비 AI 데이터셋/dataset/test1/yolov3/X선이물검출기(06.23_09.22)/1호기(2020.09.22)/SN77128_20200722_NgImage/002_20200722_083131(9).bmp,002_20200722_083131(9),.bmp,352,332,P,1c4ab1aead8848ce8dcb3353dcad69ab37f81d64376c02e70393c262bdde2516,1호기,128,False,True
4. X-ray 검사장비 AI 데이터셋/dataset/test1/yolov3/X선이물검출기(06.23_09.22)/1호기(2020.09.22)/SN77128_20200722_NgImage/002_20200722_083136(6).bmp,002_20200722_083136(6),.bmp,352,332,P,e7b353b2b0b360c197b754c19c2064ec890aa7f71fafb2eaaed695df7ef288f8,1호기,128,False,True
4. X-ray 검사장비 AI 데이터셋/dataset/test1/yolov3/X선이물검출기(06.23_09.22)/1호기(2020.09.22)/SN77128_20200722_NgImage/002_20200722_130939(5).bmp,002_20200722_130939(5),.bmp,352,332,P,23a4e349225dca97d771c474d46c9fb234ef52ccfb682028442f5eb70c8590b7,1호기,128,False,True
4. X-ray 검사장비 AI 데이터셋/dataset/test1/yolov3/X선이물검출기(06.23_09.22)/1호기(2020.09.22)/SN77128_20200722_NgImage/002_20200722_130944(0).bmp,002_20200722_130944(0),.bmp,352,332,P,62c8518cdd02172c61635f91c689070f15b75703c4a1dd30505bb7ef8c6a2933,1호기,128,False,True
4. X-ray 검사장비 AI 데이터셋/dataset/test1/yolov3/X선이물검출기(06.23_09.22)/1호기(2020.09.22)/SN77128_20200722_NgImage/002_20200722_162848(2).bmp,002_20200722_162848(2),.bmp,352,332,P,fc7cd43d3abd5db937d5703d82b842fd4d6a2c5055160882ba56769069ed38c8,1호기,128,False,True
4. X-ray 검사장비 AI 데이터셋/dataset/test1/yolov3/X선이물검출기(06.23_09.22)/1호기(2020.09.22)/SN77128_20200722_NgImage/002_20200722_162852(6).bmp,002_20200722_162852(6),.bmp,352,332,P,765afe8191f11238243abe08d5da208c2254c8b02300f2ed257b6d89f15d4e6f,1호기,136,False,True
4. X-ray 검사장비 AI 데이터셋/dataset/test1/yolov3/X선이물검출기(06.23_09.22)/1호기(2020.09.22)/SN77128_20200723_NgImage/002_20200723_003208(1).bmp,002_20200723_003208(1),.bmp,352,332,P,82461f1eec7bbcb368353793a5ef466e9e4158fbb22ef39d725d9df3e3e2a7d9,1호기,128,False,True
4. X-ray 검사장비 AI 데이터셋/dataset/test1/yolov3/X선이물검출기(06.23_09.22)/1호기(2020.09.22)/SN77128_20200723_NgImage/002_20200723_003212(6).bmp,002_20200723_003212(6),.bmp,352,332,P,d2234577b53957aad92b588e9df7fa9cb3397dc031db7b0019453ff061fe35d1,1호기,128,False,True
4. X-ray 검사장비 AI 데이터셋/dataset/test1/yolov3/X선이물검출기(06.23_09.22)/1호기(2020.09.22)/SN77128_20200723_NgImage/002_20200723_043256(5).bmp,002_20200723_043256(5),.bmp,352,332,P,e6c91dd954160c522ddf4e7b5d6b280f20e6660468abf2d4c7ce5850715b48e7,1호기,128,False,True
4. X-ray 검사장비 AI 데이터셋/dataset/test1/yolov3/X선이물검출기(06.23_09.22)/1호기(2020.09.22)/SN77128_20200723_NgImage/002_20200723_043258(3).bmp,002_20200723_043258(3),.bmp,352,332,P,5a02ede613f3a0e53ac8981855a4e10dad365d34532462208a7ee93bf0c3b6da,1호기,128,False,True
4. X-ray 검사장비 AI 데이터셋/dataset/test1/yolov3/X선이물검출기(06.23_09.22)/1호기(2020.09.22)/SN77128_20200723_NgImage/002_20200723_082303(8).bmp,002_20200723_082303(8),.bmp,352,332,P,e4cd442f3f264f8556880063b58e9450c220f02d425d071c0efc31433e20b9ab,1호기,128,False,True
4. X-ray 검사장비 AI 데이터셋/dataset/test1/yolov3/X선이물검출기(06.23_09.22)/1호기(2020.09.22)/SN77128_20200723_NgImage/002_20200723_082309(9).bmp,002_20200723_082309(9),.bmp,352,332,P,7c83f9d32db5c87778ce439b92b98654389281312c89028a63b479f6a8e377e2,1호기,128,False,True
4. X-ray 검사장비 AI 데이터셋/dataset/test1/yolov3/X선이물검출기(06.23_09.22)/1호기(2020.09.22)/SN77128_20200723_NgImage/002_20200723_123129(3).bmp,002_20200723_123129(3),.bmp,352,332,P,4c1d28c893a3ae9c6e6b5d6ea0343c9e69530d9bbbe09d28615dd523b2308a90,1호기,128,False,True
4. X-ray 검사장비 AI 데이터셋/dataset/test1/yolov3/X선이물검출기(06.23_09.22)/1호기(2020.09.22)/SN77128_20200723_NgImage/002_20200723_123133(9).bmp,002_20200723_123133(9),.bmp,352,332,P,2c53a76064edb56d29c6932a450ff0b5a4223436d2665972d17f96c99f48568d,1호기,128,False,True
4. X-ray 검사장비 AI 데이터셋/dataset/test1/yolov3/X선이물검출기(06.23_09.22)/1호기(2020.09.22)/SN77128_20200723_NgImage/002_20200723_162937(5).bmp,002_20200723_162937(5),.bmp,352,332,P,f6057e0b495b31e4742849ae28e2771ab7bca53b0b2a9db1af7d41cac276227a,1호기,136,False,True
4. X-ray 검사장비 AI 데이터셋/dataset/test1/yolov3/X선이물검출기(06.23_09.22)/1호기(2020.09.22)/SN77128_20200723_NgImage/002_20200723_162948(2).bmp,002_20200723_162948(2),.bmp,352,332,P,5b36305958d378db9ce81c3389b9b260cb5dfcafb8bad1c091c147f61619ed6e,1호기,128,False,True
4. X-ray 검사장비 AI 데이터셋/dataset/test1/yolov3/X선이물검출기(06.23_09.22)/1호기(2020.09.22)/SN77128_20200723_NgImage/002_20200723_203129(9).bmp,002_20200723_203129(9),.bmp,352,332,P,553a748b8fd525a086ae50707bc3b8ea604e8257538c169a5380e1dd567ff878,1호기,128,False,True
4. X-ray 검사장비 AI 데이터셋/dataset/test1/yolov3/X선이물검출기(06.23_09.22)/1호기(2020.09.22)/SN77128_20200723_NgImage/002_20200723_203134(3).bmp,002_20200723_203134(3),.bmp,352,332,P,524352cf078aa9584e856c983f6db414890b9de039bc00030fd8e5e732b178ca,1호기,128,False,True
4. X-ray 검사장비 AI 데이터셋/dataset/test1/yolov3/X선이물검출기(06.23_09.22)/1호기(2020.09.22)/SN77128_20200724_NgImage/002_20200723_203129(9).bmp,002_20200723_203129(9),.bmp,352,332,P,553a748b8fd525a086ae50707bc3b8ea604e8257538c169a5380e1dd567ff878,1호기,128,False,True
4. X-ray 검사장비 AI 데이터셋/dataset/test1/yolov3/X선이물검출기(06.23_09.22)/1호기(2020.09.22)/SN77128_20200724_NgImage/002_20200723_203134(3).bmp,002_20200723_203134(3),.bmp,352,332,P,524352cf078aa9584e856c983f6db414890b9de039bc00030fd8e5e732b178ca,1호기,128,False,True
4. X-ray 검사장비 AI 데이터셋/dataset/test1/yolov3/X선이물검출기(06.23_09.22)/1호기(2020.09.22)/SN77128_20200724_NgImage/002_20200724_003201(9).bmp,002_20200724_003201(9),.bmp,352,332,P,dfbae4cef4ecb9a9a1d0be60ec8123e94d861d77a4f89c0b4df470334508cef0,1호기,128,False,True
4. X-ray 검사장비 AI 데이터셋/dataset/test1/yolov3/X선이물검출기(06.23_09.22)/1호기(2020.09.22)/SN77128_20200724_NgImage/002_20200724_003206(4).bmp,002_20200724_003206(4),.bmp,352,332,P,a8185bc0e0bc5a993ee23490a8788629deb65fe2ee10ba4a53225b3abb4b8f8b,1호기,128,False,True
4. X-ray 검사장비 AI 데이터셋/dataset/test1/yolov3/X선이물검출기(06.23_09.22)/1호기(2020.09.22)/SN77128_20200727_NgImage/002_20200727_091655(1).bmp,002_20200727_091655(1),.bmp,352,332,P,11234f117fd2f609dd520a271732f976547578dcc777974a1306b5ce07c469d2,1호기,144,False,True
4. X-ray 검사장비 AI 데이터셋/dataset/test1/yolov3/X선이물검출기(06.23_09.22)/1호기(2020.09.22)/SN77128_20200727_NgImage/002_20200727_091657(1).bmp,002_20200727_091657(1),.bmp,352,332,P,8bb89c9b14e6db320950a80137010593088805b4f12ce33d1416c857024ee549,1호기,128,False,True
4. X-ray 검사장비 AI 데이터셋/dataset/test1/yolov3/X선이물검출기(06.23_09.22)/1호기(2020.09.22)/SN77128_20200727_NgImage/002_20200727_110524(7).bmp,002_20200727_110524(7),.bmp,412,332,P,b0153e12d49bcf0cb40b262df6f7d183ca47d6560c92e872913bcb160914e8ce,1호기,660,False,True
4. X-ray 검사장비 AI 데이터셋/dataset/test1/yolov3/X선이물검출기(06.23_09.22)/1호기(2020.09.22)/SN77128_20200727_NgImage/002_20200727_110529(6).bmp,002_20200727_110529(6),.bmp,412,332,P,4188870b5435d6c450d44b4972562b49aefdfd0056c7772f7f742b18a25899e9,1호기,660,False,True
4. X-ray 검사장비 AI 데이터셋/dataset/test1/yolov3/X선이물검출기(06.23_09.22)/1호기(2020.09.22)/SN77128_20200727_NgImage/002_20200727_110632(2).bmp,002_20200727_110632(2),.bmp,412,332,P,5a4adfe86c1d87fdc71c83fee94d672cff70c7099514ff165c3514f28d082c1e,1호기,660,False,True
4. X-ray 검사장비 AI 데이터셋/dataset/test1/yolov3/X선이물검출기(06.23_09.22)/1호기(2020.09.22)/SN77128_20200727_NgImage/002_20200727_110645(7).bmp,002_20200727_110645(7),.bmp,412,332,P,aa53a96c1c8f653203e3dbf54762832ecc96a537b9b5242bd0de6771545a80a2,1호기,660,False,True
4. X-ray 검사장비 AI 데이터셋/dataset/test1/yolov3/X선이물검출기(06.23_09.22)/1호기(2020.09.22)/SN77128_20200727_NgImage/002_20200727_110753(2).bmp,002_20200727_110753(2),.bmp,412,332,P,256867fc2b49dd74ba449e1ee6861df81e203be5cb41d8b91ee9c10c0a159934,1호기,660,False,True
4. X-ray 검사장비 AI 데이터셋/dataset/test1/yolov3/X선이물검출기(06.23_09.22)/1호기(2020.09.22)/SN77128_20200727_NgImage/002_20200727_110806(8).bmp,002_20200727_110806(8),.bmp,412,332,P,54126ce0d92b3af37bac1deedd83eb388b71375c3845dbaacde8473461632984,1호기,660,False,True
4. X-ray 검사장비 AI 데이터셋/dataset/test1/yolov3/X선이물검출기(06.23_09.22)/1호기(2020.09.22)/SN77128_20200727_NgImage/002_20200727_110914(3).bmp,002_20200727_110914(3),.bmp,412,332,P,9a7ecc8a3bf580dd727d1e903434bd349a33427226f7f005b6b21f22eb02f984,1호기,660,False,True
4. X-ray 검사장비 AI 데이터셋/dataset/test1/yolov3/X선이물검출기(06.23_09.22)/1호기(2020.09.22)/SN77128_20200727_NgImage/002_20200727_111038(1).bmp,002_20200727_111038(1),.bmp,412,332,P,63467c60a91532e0665eb3d28f00fe46dcee9813fcbd64bcd0902b8989765a9a,1호기,660,False,True
4. X-ray 검사장비 AI 데이터셋/dataset/test1/yolov3/X선이물검출기(06.23_09.22)/1호기(2020.09.22)/SN77128_20200727_NgImage/002_20200727_111132(2).bmp,002_20200727_111132(2),.bmp,412,332,P,e1d1326c0677477dcfa3c3dfb82fd4c251bbc92044dc909b7525970bb407b923,1호기,660,False,True
4. X-ray 검사장비 AI 데이터셋/dataset/test1/yolov3/X선이물검출기(06.23_09.22)/1호기(2020.09.22)/SN77128_20200727_NgImage/002_20200727_111239(7).bmp,002_20200727_111239(7),.bmp,412,332,P,9ec9c89d78fcec4fa5e4133c0b37fa102cdd9c1d99d525530db9c3c7d63886c9,1호기,660,False,True
4. X-ray 검사장비 AI 데이터셋/dataset/test1/yolov3/X선이물검출기(06.23_09.22)/1호기(2020.09.22)/SN77128_20200727_NgImage/002_20200727_111347(3).bmp,002_20200727_111347(3),.bmp,412,332,P,69fe13c62ee58ca5eacbc2b1c3e323fa35d02e475f41692cfc82e4a8b2573175,1호기,660,False,True
4. X-ray 검사장비 AI 데이터셋/dataset/test1/yolov3/X선이물검출기(06.23_09.22)/1호기(2020.09.22)/SN77128_20200727_NgImage/002_20200727_111441(3).bmp,002_20200727_111441(3),.bmp,412,332,P,cd94cd087f4c9fc235f22f38e1dad1ae2e0ce6d49ec032e43150f1f49df320dd,1호기,660,False,True
4. X-ray 검사장비 AI 데이터셋/dataset/test1/yolov3/X선이물검출기(06.23_09.22)/1호기(2020.09.22)/SN77128_20200727_NgImage/002_20200727_111454(8).bmp,002_20200727_111454(8),.bmp,412,332,P,328b6565d2d7c238eee042b8b4971273eac8361ce4e6ec561493d010f504ac62,1호기,660,False,True
4. X-ray 검사장비 AI 데이터셋/dataset/test1/yolov3/X선이물검출기(06.23_09.22)/1호기(2020.09.22)/SN77128_20200727_NgImage/002_20200727_111648(3).bmp,002_20200727_111648(3),.bmp,412,332,P,e251b7c92fd5c9e7793f292d6ba90dbf6594acb778c75deeb8d51d2451f11907,1호기,660,False,True
4. X-ray 검사장비 AI 데이터셋/dataset/test1/yolov3/X선이물검출기(06.23_09.22)/1호기(2020.09.22)/SN77128_20200727_NgImage/002_20200727_111742(3).bmp,002_20200727_111742(3),.bmp,412,332,P,aa1456a9d8a1390e72e3c3e254bfff0bbe8456dc916b87798f8ae49ff4c11df9,1호기,660,False,True
4. X-ray 검사장비 AI 데이터셋/dataset/test1/yolov3/X선이물검출기(06.23_09.22)/1호기(2020.09.22)/SN77128_20200727_NgImage/002_20200727_111849(9).bmp,002_20200727_111849(9),.bmp,412,332,P,e4f3f04d4329ff09364b99cb283b75c6eca05fcbe7bd249a01eacaed79d5cf6b,1호기,660,False,True
4. X-ray 검사장비 AI 데이터셋/dataset/test1/yolov3/X선이물검출기(06.23_09.22)/1호기(2020.09.22)/SN77128_20200727_NgImage/002_20200727_111943(9).bmp,002_20200727_111943(9),.bmp,412,332,P,de48d40a908885acebdb59fba9f90b59b9cc9cf460bf1ec96113dc341b158303,1호기,660,False,True
4. X-ray 검사장비 AI 데이터셋/dataset/test1/yolov3/X선이물검출기(06.23_09.22)/1호기(2020.09.22)/SN77128_20200727_NgImage/002_20200727_112037(9).bmp,002_20200727_112037(9),.bmp,412,332,P,fac3e0eca85004a2beb766f65452076a5325388709a704ed04bd27654870f2ff,1호기,660,False,True
4. X-ray 검사장비 AI 데이터셋/dataset/test1/yolov3/X선이물검출기(06.23_09.22)/1호기(2020.09.22)/SN77128_20200727_NgImage/002_20200727_112148(2).bmp,002_20200727_112148(2),.bmp,412,332,P,cafc48dcd452d350222a9896ad248a90e9ac5b0f3571b997b6467b1317bb76d6,1호기,660,False,True
4. X-ray 검사장비 AI 데이터셋/dataset/test1/yolov3/X선이물검출기(06.23_09.22)/1호기(2020.09.22)/SN77128_20200727_NgImage/002_20200727_112242(2).bmp,002_20200727_112242(2),.bmp,412,332,P,64869b2c4d0c20b78b7196f126d955a678d127eb3f8a68b18b5a9c78fa891738,1호기,660,False,True
4. X-ray 검사장비 AI 데이터셋/dataset/test1/yolov3/X선이물검출기(06.23_09.22)/1호기(2020.09.22)/SN77128_20200727_NgImage/002_20200727_112336(2).bmp,002_20200727_112336(2),.bmp,412,332,P,21b193c4d95481b90278237f8247b173541bd30a5474ebd9880c32e4c9962adb,1호기,660,False,True
4. X-ray 검사장비 AI 데이터셋/dataset/test1/yolov3/X선이물검출기(06.23_09.22)/1호기(2020.09.22)/SN77128_20200727_NgImage/002_20200727_112341(2).bmp,002_20200727_112341(2),.bmp,412,332,P,c43c30bd4e758419a01c4e9f8fdf1c2d29a74312589f866ae81a89919cfdd6ab,1호기,660,False,True
4. X-ray 검사장비 AI 데이터셋/dataset/test1/yolov3/X선이물검출기(06.23_09.22)/1호기(2020.09.22)/SN77128_20200727_NgImage/002_20200727_112430(3).bmp,002_20200727_112430(3),.bmp,412,332,P,32363a8d9b19442263a6d47afa6653438185e43e8a0dc38825108d6a41931c78,1호기,660,False,True
4. X-ray 검사장비 AI 데이터셋/dataset/test1/yolov3/X선이물검출기(06.23_09.22)/1호기(2020.09.22)/SN77128_20200727_NgImage/002_20200727_112443(8).bmp,002_20200727_112443(8),.bmp,412,332,P,568aa7611c0a18975d1278187d0ef5bae41a75dc0b18591925a9da0439717ee4,1호기,660,False,True
4. X-ray 검사장비 AI 데이터셋/dataset/test1/yolov3/X선이물검출기(06.23_09.22)/1호기(2020.09.22)/SN77128_20200727_NgImage/002_20200727_112537(8).bmp,002_20200727_112537(8),.bmp,412,332,P,fa0822e06e75551c9b7fdacb84f45168406cbe3067c1c4fd8c96e073ae548a3e,1호기,660,False,True
4. X-ray 검사장비 AI 데이터셋/dataset/test1/yolov3/X선이물검출기(06.23_09.22)/1호기(2020.09.22)/SN77128_20200727_NgImage/002_20200727_112631(9).bmp,002_20200727_112631(9),.bmp,412,332,P,6ae2588eae11d09188e28a834f46bc7e3e33be87cafed4df6a916798581d901e,1호기,660,False,True
4. X-ray 검사장비 AI 데이터셋/dataset/test1/yolov3/X선이물검출기(06.23_09.22)/1호기(2020.09.22)/SN77128_20200727_NgImage/002_20200727_112645(4).bmp,002_20200727_112645(4),.bmp,412,332,P,7b440cad476bc48a1e50811c98d2465d3add7107076ec9e15eda6a110f3ed4cc,1호기,660,False,True
4. X-ray 검사장비 AI 데이터셋/dataset/test1/yolov3/X선이물검출기(06.23_09.22)/1호기(2020.09.22)/SN77128_20200727_NgImage/002_20200727_112930(2).bmp,002_20200727_112930(2),.bmp,412,332,P,102178a3a3f43db694c484a688957c2de8316a40ce924ee2dd41f328f00f71cc,1호기,660,False,True
4. X-ray 검사장비 AI 데이터셋/dataset/test1/yolov3/X선이물검출기(06.23_09.22)/1호기(2020.09.22)/SN77128_20200727_NgImage/002_20200727_112943(7).bmp,002_20200727_112943(7),.bmp,412,332,P,97c509f9ee57a67c7befccf309ba37b59a8909c0ebc73ae7253566c1b157825f,1호기,660,False,True
4. X-ray 검사장비 AI 데이터셋/dataset/test1/yolov3/X선이물검출기(06.23_09.22)/1호기(2020.09.22)/SN77128_20200727_NgImage/002_20200727_113037(7).bmp,002_20200727_113037(7),.bmp,412,332,P,60b566d06f397f306d8c7012e17f3e48dbcd7ab963178423019b74a582c7cb8e,1호기,660,False,True
4. X-ray 검사장비 AI 데이터셋/dataset/test1/yolov3/X선이물검출기(06.23_09.22)/1호기(2020.09.22)/SN77128_20200727_NgImage/002_20200727_113131(8).bmp,002_20200727_113131(8),.bmp,412,332,P,3f2de9f4eb2195ddfd9c97b87ae18984d0ebe42a16cadb4c9ca402277887f739,1호기,660,False,True
4. X-ray 검사장비 AI 데이터셋/dataset/test1/yolov3/X선이물검출기(06.23_09.22)/1호기(2020.09.22)/SN77128_20200727_NgImage/002_20200727_113239(4).bmp,002_20200727_113239(4),.bmp,412,332,P,7cbf962a8e0aff120e096104d55624ab95f37e5b316b6e0e076d9ae7d629bd1f,1호기,660,False,True
4. X-ray 검사장비 AI 데이터셋/dataset/test1/yolov3/X선이물검출기(06.23_09.22)/1호기(2020.09.22)/SN77128_20200727_NgImage/002_20200727_113333(4).bmp,002_20200727_113333(4),.bmp,412,332,P,ede819471e84a9f85f70472ed07ca0420050e60a3c2267a552407e8dba3e194a,1호기,660,False,True
4. X-ray 검사장비 AI 데이터셋/dataset/test1/yolov3/X선이물검출기(06.23_09.22)/1호기(2020.09.22)/SN77128_20200727_NgImage/002_20200727_113346(9).bmp,002_20200727_113346(9),.bmp,412,332,P,c87f41e5648ace5367c87382850f5680bfa8ef513a51276e050b15f9c6286188,1호기,660,False,True
4. X-ray 검사장비 AI 데이터셋/dataset/test1/yolov3/X선이물검출기(06.23_09.22)/1호기(2020.09.22)/SN77128_20200727_NgImage/002_20200727_113747(4).bmp,002_20200727_113747(4),.bmp,412,332,P,656afa7c3200753c4b9e44bba2368ed6461c89f366797fa550c2fd4fc1b5c0f4,1호기,660,False,True
4. X-ray 검사장비 AI 데이터셋/dataset/test1/yolov3/X선이물검출기(06.23_09.22)/1호기(2020.09.22)/SN77128_20200727_NgImage/002_20200727_113854(9).bmp,002_20200727_113854(9),.bmp,412,332,P,066a28a23341bc116e3daa25dad7435fcf997a3d44fe70c9f00d96a417a15870,1호기,660,False,True
4. X-ray 검사장비 AI 데이터셋/dataset/test1/yolov3/X선이물검출기(06.23_09.22)/1호기(2020.09.22)/SN77128_20200727_NgImage/002_20200727_113908(4).bmp,002_20200727_113908(4),.bmp,412,332,P,9b90e58d2d5040fb312ccfb5716fe9a86c0344a49452a631c5faae0438220a77,1호기,660,False,True
4. X-ray 검사장비 AI 데이터셋/dataset/test1/yolov3/X선이물검출기(06.23_09.22)/1호기(2020.09.22)/SN77128_20200727_NgImage/002_20200727_114002(5).bmp,002_20200727_114002(5),.bmp,412,332,P,9ae592321ec6ed84cf8ff586a73c7d6de6d136a9b0e15fe81ba7c1eff056b136,1호기,660,False,True
4. X-ray 검사장비 AI 데이터셋/dataset/test1/yolov3/X선이물검출기(06.23_09.22)/1호기(2020.09.22)/SN77128_20200727_NgImage/002_20200727_114016(0).bmp,002_20200727_114016(0),.bmp,412,332,P,ed76b983f18e1635ff6b7fa8b68acbbc422751a03db40e0d5d00aa158974c250,1호기,660,False,True
4. X-ray 검사장비 AI 데이터셋/dataset/test1/yolov3/X선이물검출기(06.23_09.22)/1호기(2020.09.22)/SN77128_20200727_NgImage/002_20200727_114123(5).bmp,002_20200727_114123(5),.bmp,412,332,P,3ea14f8f72a1c13230afb1dfc87d5b52b7a5a6cc91e7ddca7d234c9ff985c9ab,1호기,660,False,True
4. X-ray 검사장비 AI 데이터셋/dataset/test1/yolov3/X선이물검출기(06.23_09.22)/1호기(2020.09.22)/SN77128_20200727_NgImage/002_20200727_114126(2).bmp,002_20200727_114126(2),.bmp,412,332,P,4d5de59288a924a66fadae2c60b859793055491ac93aa1c3e2fc8d0d83404b41,1호기,660,False,True
4. X-ray 검사장비 AI 데이터셋/dataset/test1/yolov3/X선이물검출기(06.23_09.22)/1호기(2020.09.22)/SN77128_20200727_NgImage/002_20200727_114220(2).bmp,002_20200727_114220(2),.bmp,412,332,P,9f6a4be38e5a61df79fe4d5cf40c3e53256697f0c69fae90d3df4b3d743cd20c,1호기,660,False,True
4. X-ray 검사장비 AI 데이터셋/dataset/test1/yolov3/X선이물검출기(06.23_09.22)/1호기(2020.09.22)/SN77128_20200727_NgImage/002_20200727_114405(6).bmp,002_20200727_114405(6),.bmp,412,332,P,5d2e1e634192cf7798fc145199f504f9018914929a39413a0d4d4285ae63a512,1호기,660,False,True
4. X-ray 검사장비 AI 데이터셋/dataset/test1/yolov3/X선이물검출기(06.23_09.22)/1호기(2020.09.22)/SN77128_20200727_NgImage/002_20200727_114459(7).bmp,002_20200727_114459(7),.bmp,412,332,P,d10c17f89146e24de983aecac4938ddf8e052612c5a997a0fec049487cd0f6ab,1호기,660,False,True
4. X-ray 검사장비 AI 데이터셋/dataset/test1/yolov3/X선이물검출기(06.23_09.22)/1호기(2020.09.22)/SN77128_20200727_NgImage/002_20200727_114513(1).bmp,002_20200727_114513(1),.bmp,412,332,P,766e03b6e07f8a4542d72f85b90a1084ed7577bfb26811e8e40c4468d5e6aefb,1호기,660,False,True
4. X-ray 검사장비 AI 데이터셋/dataset/test1/yolov3/X선이물검출기(06.23_09.22)/1호기(2020.09.22)/SN77128_20200727_NgImage/002_20200727_114607(2).bmp,002_20200727_114607(2),.bmp,412,332,P,b14b51f045c7aded09fe7f78829418447e34d7fb319bdcc4a44000eff96e9cce,1호기,660,False,True
4. X-ray 검사장비 AI 데이터셋/dataset/test1/yolov3/X선이물검출기(06.23_09.22)/1호기(2020.09.22)/SN77128_20200727_NgImage/002_20200727_114714(8).bmp,002_20200727_114714(8),.bmp,412,332,P,c9810ff8ca08613c858f89a0f5705eeba314bd99dc964aa9cf3e83ade2757a5f,1호기,660,False,True
4. X-ray 검사장비 AI 데이터셋/dataset/test1/yolov3/X선이물검출기(06.23_09.22)/1호기(2020.09.22)/SN77128_20200727_NgImage/002_20200727_114822(4).bmp,002_20200727_114822(4),.bmp,412,332,P,a32028dfac755f3404cb60d2ed83d37bdced28b52e0312aa56a06a2692326adc,1호기,660,False,True
4. X-ray 검사장비 AI 데이터셋/dataset/test1/yolov3/X선이물검출기(06.23_09.22)/1호기(2020.09.22)/SN77128_20200727_NgImage/002_20200727_115040(1).bmp,002_20200727_115040(1),.bmp,412,332,P,2a1fbb944c800bebc472d23d0cf1e3b16bd59f10cd2c3d2cad20194b52992477,1호기,660,False,True
4. X-ray 검사장비 AI 데이터셋/dataset/test1/yolov3/X선이물검출기(06.23_09.22)/1호기(2020.09.22)/SN77128_20200727_NgImage/002_20200727_115147(7).bmp,002_20200727_115147(7),.bmp,412,332,P,e7017e2f74cca568b07ff55af1b0f1c7fc3af3b3e47acd43faefe9f21dfeaef0,1호기,660,False,True
4. X-ray 검사장비 AI 데이터셋/dataset/test1/yolov3/X선이물검출기(06.23_09.22)/1호기(2020.09.22)/SN77128_20200727_NgImage/002_20200727_115201(2).bmp,002_20200727_115201(2),.bmp,412,332,P,6b78e179c951b0b2d96eac71d796edaf4d26e2da9e6a9fb006f956d7fee57852,1호기,660,False,True
4. X-ray 검사장비 AI 데이터셋/dataset/test1/yolov3/X선이물검출기(06.23_09.22)/1호기(2020.09.22)/SN77128_20200727_NgImage/002_20200727_115255(2).bmp,002_20200727_115255(2),.bmp,412,332,P,1123c124729acd81add39292afff2ee494922b0d1d6b8d038f38b6ea29bdf188,1호기,660,False,True
4. X-ray 검사장비 AI 데이터셋/dataset/test1/yolov3/X선이물검출기(06.23_09.22)/1호기(2020.09.22)/SN77128_20200727_NgImage/002_20200727_115308(8).bmp,002_20200727_115308(8),.bmp,412,332,P,bfd1a7d14a788d28ac1e0e3121e0c5899ba8cb970dd020e6b3683cabf7e225e9,1호기,660,False,True
4. X-ray 검사장비 AI 데이터셋/dataset/test1/yolov3/X선이물검출기(06.23_09.22)/1호기(2020.09.22)/SN77128_20200727_NgImage/002_20200727_115402(8).bmp,002_20200727_115402(8),.bmp,412,332,P,32203a899040af4bf8b996df00d6f2f8a5970a4ef4ddd509dd5bec88b5edd028,1호기,660,False,True
4. X-ray 검사장비 AI 데이터셋/dataset/test1/yolov3/X선이물검출기(06.23_09.22)/1호기(2020.09.22)/SN77128_20200727_NgImage/002_20200727_115416(3).bmp,002_20200727_115416(3),.bmp,412,332,P,2dcc8c964807ad9842e1af7d704493e42aa17cf91e2e8c002c75d01e2abab39f,1호기,660,False,True
4. X-ray 검사장비 AI 데이터셋/dataset/test1/yolov3/X선이물검출기(06.23_09.22)/1호기(2020.09.22)/SN77128_20200727_NgImage/002_20200727_115510(3).bmp,002_20200727_115510(3),.bmp,412,332,P,e3c9e0abe615a2452d04e65ce4c59a55b40b02ed92f2a2421dcdc52c5568b026,1호기,660,False,True
4. X-ray 검사장비 AI 데이터셋/dataset/test1/yolov3/X선이물검출기(06.23_09.22)/1호기(2020.09.22)/SN77128_20200727_NgImage/002_20200727_115526(5).bmp,002_20200727_115526(5),.bmp,412,332,P,263a783e37da198bc28687d64e12a84ba2c5c733bc56a3d8bb18b012b6d54d9c,1호기,660,False,True
4. X-ray 검사장비 AI 데이터셋/dataset/test1/yolov3/X선이물검출기(06.23_09.22)/1호기(2020.09.22)/SN77128_20200727_NgImage/002_20200727_115620(5).bmp,002_20200727_115620(5),.bmp,412,332,P,770a06e09e35d4c8b484f60e5336614d6939eef8c95fbfc84605f2ee49cf94e0,1호기,660,False,True
4. X-ray 검사장비 AI 데이터셋/dataset/test1/yolov3/X선이물검출기(06.23_09.22)/1호기(2020.09.22)/SN77128_20200727_NgImage/002_20200727_115634(1).bmp,002_20200727_115634(1),.bmp,412,332,P,ece36c625bf91b99d2107dd1ae7fa435e7c1905d399356d5ed9c9528d91290d1,1호기,660,False,True
4. X-ray 검사장비 AI 데이터셋/dataset/test1/yolov3/X선이물검출기(06.23_09.22)/1호기(2020.09.22)/SN77128_20200727_NgImage/002_20200727_115728(1).bmp,002_20200727_115728(1),.bmp,412,332,P,dce0b39b3b0cc16e65b8cd0888879007c903e44cbd7218407210e7edecc72d14,1호기,660,False,True
4. X-ray 검사장비 AI 데이터셋/dataset/test1/yolov3/X선이물검출기(06.23_09.22)/1호기(2020.09.22)/SN77128_20200727_NgImage/002_20200727_115741(6).bmp,002_20200727_115741(6),.bmp,412,332,P,707c1a4f830729fd119e5bd276f4bbafe9f2d6c66fbbc54ac558c914430dd72a,1호기,660,False,True
4. X-ray 검사장비 AI 데이터셋/dataset/test1/yolov3/X선이물검출기(06.23_09.22)/1호기(2020.09.22)/SN77128_20200727_NgImage/002_20200727_115822(2).bmp,002_20200727_115822(2),.bmp,412,332,P,2e101c2278dcfc76f2c895810c4af917ebfc89d99e6548f09c489fc1e0fa1e2b,1호기,660,False,True
4. X-ray 검사장비 AI 데이터셋/dataset/test1/yolov3/X선이물검출기(06.23_09.22)/1호기(2020.09.22)/SN77128_20200727_NgImage/002_20200727_115835(7).bmp,002_20200727_115835(7),.bmp,412,332,P,d1bf177692a8f82587a7b3c513f8dbc41f6da7c3a943d96b3384e4d3a9bca4d3,1호기,660,False,True
4. X-ray 검사장비 AI 데이터셋/dataset/test1/yolov3/X선이물검출기(06.23_09.22)/1호기(2020.09.22)/SN77128_20200727_NgImage/002_20200727_115929(8).bmp,002_20200727_115929(8),.bmp,412,332,P,9c95bc073ba9bbcb3b291fae3d0682c632946a8f9f23bae5672b76a01fdf3aef,1호기,660,False,True
4. X-ray 검사장비 AI 데이터셋/dataset/test1/yolov3/X선이물검출기(06.23_09.22)/1호기(2020.09.22)/SN77128_20200727_NgImage/002_20200727_120023(8).bmp,002_20200727_120023(8),.bmp,412,332,P,afb9bd8192cbadad88ac0d4f5909f036ac690a3e8a52061053182691fdec6f74,1호기,660,False,True
4. X-ray 검사장비 AI 데이터셋/dataset/test1/yolov3/X선이물검출기(06.23_09.22)/1호기(2020.09.22)/SN77128_20200727_NgImage/002_20200727_120134(0).bmp,002_20200727_120134(0),.bmp,412,332,P,7e4a9b6462f4385b1faa9642233bffa3e9a2dfa0da520e10aee098000ecf1727,1호기,660,False,True
4. X-ray 검사장비 AI 데이터셋/dataset/test1/yolov3/X선이물검출기(06.23_09.22)/1호기(2020.09.22)/SN77128_20200727_NgImage/002_20200727_120228(0).bmp,002_20200727_120228(0),.bmp,412,332,P,2478115803aee2d42695bfa35f477c9bef9152fa091fd717d4db050b23f435ed,1호기,660,False,True
4. X-ray 검사장비 AI 데이터셋/dataset/test1/yolov3/X선이물검출기(06.23_09.22)/1호기(2020.09.22)/SN77128_20200727_NgImage/002_20200727_120322(1).bmp,002_20200727_120322(1),.bmp,412,332,P,cedd7326831edaa4cd729455a6274f228d1d7afeccbd400d9506b2d565feb3d8,1호기,660,False,True
4. X-ray 검사장비 AI 데이터셋/dataset/test1/yolov3/X선이물검출기(06.23_09.22)/1호기(2020.09.22)/SN77128_20200727_NgImage/002_20200727_120429(7).bmp,002_20200727_120429(7),.bmp,412,332,P,6247627acf8e6a4121c19d66e13d2b31c269bf741330a3e0637e8f4c5507603f,1호기,660,False,True
4. X-ray 검사장비 AI 데이터셋/dataset/test1/yolov3/X선이물검출기(06.23_09.22)/1호기(2020.09.22)/SN77128_20200727_NgImage/002_20200727_120523(7).bmp,002_20200727_120523(7),.bmp,412,332,P,9b6a9bfcc21cabbf5c9c24b7a5facb489d2f5e16ee19070e80fcf601ca1bed9a,1호기,660,False,True
4. X-ray 검사장비 AI 데이터셋/dataset/test1/yolov3/X선이물검출기(06.23_09.22)/1호기(2020.09.22)/SN77128_20200727_NgImage/002_20200727_120631(2).bmp,002_20200727_120631(2),.bmp,412,332,P,008382f4988d3505495e62cedee396e74160d45a6779b133da895a9a3cb60563,1호기,660,False,True
4. X-ray 검사장비 AI 데이터셋/dataset/test1/yolov3/X선이물검출기(06.23_09.22)/1호기(2020.09.22)/SN77128_20200727_NgImage/002_20200727_120835(5).bmp,002_20200727_120835(5),.bmp,412,332,P,410aa9063f295c52f25204f8ffa10dfed3199e66535f74528810a94b4cdc95a9,1호기,660,False,True
4. X-ray 검사장비 AI 데이터셋/dataset/test1/yolov3/X선이물검출기(06.23_09.22)/1호기(2020.09.22)/SN77128_20200727_NgImage/002_20200727_120943(0).bmp,002_20200727_120943(0),.bmp,412,332,P,2177d9e3d838aad98d75b2c0d0ac69b4882f1be0f733b2ac8f3225a2bb491794,1호기,660,False,True
4. X-ray 검사장비 AI 데이터셋/dataset/test1/yolov3/X선이물검출기(06.23_09.22)/1호기(2020.09.22)/SN77128_20200727_NgImage/002_20200727_121037(1).bmp,002_20200727_121037(1),.bmp,412,332,P,ee841f91bbba696ab393f22552dacbc570d3aa9a4ede926d46fa9bc0948a7e72,1호기,660,False,True
4. X-ray 검사장비 AI 데이터셋/dataset/test1/yolov3/X선이물검출기(06.23_09.22)/1호기(2020.09.22)/SN77128_20200727_NgImage/002_20200727_121131(2).bmp,002_20200727_121131(2),.bmp,412,332,P,65545191a9b5f86a1a5244c5c2f77702b3b67b8e7db360f33f57cf98420bf628,1호기,660,False,True
4. X-ray 검사장비 AI 데이터셋/dataset/test1/yolov3/X선이물검출기(06.23_09.22)/1호기(2020.09.22)/SN77128_20200727_NgImage/002_20200727_121144(7).bmp,002_20200727_121144(7),.bmp,412,332,P,186f069c644c60eb503e70ba1e3f3a569463ec7a026e537e98d45fdb41bda11e,1호기,660,False,True
4. X-ray 검사장비 AI 데이터셋/dataset/test1/yolov3/X선이물검출기(06.23_09.22)/1호기(2020.09.22)/SN77128_20200727_NgImage/002_20200727_121238(7).bmp,002_20200727_121238(7),.bmp,412,332,P,5fcb12ef2b578affcc7cb8fcbd88520146fa6cc895a3217bdd0c19352b1b8306,1호기,660,False,True
4. X-ray 검사장비 AI 데이터셋/dataset/test1/yolov3/X선이물검출기(06.23_09.22)/1호기(2020.09.22)/SN77128_20200727_NgImage/002_20200727_121332(7).bmp,002_20200727_121332(7),.bmp,412,332,P,8cd65a5adb25e9674d3f58eb175386ece692769b98d849ce7e76369fdff4814b,1호기,660,False,True
4. X-ray 검사장비 AI 데이터셋/dataset/test1/yolov3/X선이물검출기(06.23_09.22)/1호기(2020.09.22)/SN77128_20200727_NgImage/002_20200727_121537(1).bmp,002_20200727_121537(1),.bmp,412,332,P,41b7b105b0be5874c3542702bbf83ffbb0e9859d92935edd55c2b84a745e6a64,1호기,660,False,True
4. X-ray 검사장비 AI 데이터셋/dataset/test1/yolov3/X선이물검출기(06.23_09.22)/1호기(2020.09.22)/SN77128_20200727_NgImage/002_20200727_121541(9).bmp,002_20200727_121541(9),.bmp,412,332,P,73a5e15235f95113a066f6e0938e5238a022149a90deecdb7d92145797b98da3,1호기,660,False,True
4. X-ray 검사장비 AI 데이터셋/dataset/test1/yolov3/X선이물검출기(06.23_09.22)/1호기(2020.09.22)/SN77128_20200727_NgImage/002_20200727_121631(1).bmp,002_20200727_121631(1),.bmp,412,332,P,270a4826217e8f71c73645eadf32cb222c049258bd787c5acc10531976c88f37,1호기,660,False,True
4. X-ray 검사장비 AI 데이터셋/dataset/test1/yolov3/X선이물검출기(06.23_09.22)/1호기(2020.09.22)/SN77128_20200727_NgImage/002_20200727_121725(1).bmp,002_20200727_121725(1),.bmp,412,332,P,fb0da014802549349c99bb05308cae30411393d0fe584316224563c5b8552636,1호기,660,False,True
4. X-ray 검사장비 AI 데이터셋/dataset/test1/yolov3/X선이물검출기(06.23_09.22)/1호기(2020.09.22)/SN77128_20200727_NgImage/002_20200727_121819(1).bmp,002_20200727_121819(1),.bmp,412,332,P,12609bfba48e786b2e74fcedf7fff3b704d7e1eae260d18a12b4c1ed05660ab7,1호기,660,False,True
4. X-ray 검사장비 AI 데이터셋/dataset/test1/yolov3/X선이물검출기(06.23_09.22)/1호기(2020.09.22)/SN77128_20200727_NgImage/002_20200727_121913(2).bmp,002_20200727_121913(2),.bmp,412,332,P,4d6a912a65bb7c73405c1920a621efa94b259518353c6b26167df2fe3558dfdd,1호기,660,False,True
4. X-ray 검사장비 AI 데이터셋/dataset/test1/yolov3/X선이물검출기(06.23_09.22)/1호기(2020.09.22)/SN77128_20200727_NgImage/002_20200727_121926(7).bmp,002_20200727_121926(7),.bmp,412,332,P,3780d5ca601ab12e558786adfcb494005d3a958594ca57f7af11c36d024f1466,1호기,660,False,True
4. X-ray 검사장비 AI 데이터셋/dataset/test1/yolov3/X선이물검출기(06.23_09.22)/1호기(2020.09.22)/SN77128_20200727_NgImage/002_20200727_122023(4).bmp,002_20200727_122023(4),.bmp,412,332,P,b084807753137985b38226e7811dc025f99cd286c9346eb9253cb12e5216df06,1호기,660,False,True
4. X-ray 검사장비 AI 데이터셋/dataset/test1/yolov3/X선이물검출기(06.23_09.22)/1호기(2020.09.22)/SN77128_20200727_NgImage/002_20200727_122117(5).bmp,002_20200727_122117(5),.bmp,412,332,P,e5628f1f69111598c984b6da799e022bbc2ab9f5fc6f4080ec08b175fa56eea8,1호기,660,False,True
4. X-ray 검사장비 AI 데이터셋/dataset/test1/yolov3/X선이물검출기(06.23_09.22)/1호기(2020.09.22)/SN77128_20200727_NgImage/002_20200727_122131(0).bmp,002_20200727_122131(0),.bmp,412,332,P,870c03bd90b32de2c69f6bdd44cb1df514a123f93d6826b3d23d6094f70495eb,1호기,660,False,True
4. X-ray 검사장비 AI 데이터셋/dataset/test1/yolov3/X선이물검출기(06.23_09.22)/1호기(2020.09.22)/SN77128_20200727_NgImage/002_20200727_122225(0).bmp,002_20200727_122225(0),.bmp,412,332,P,0efbf9619ebc7c12d2af31c2b1a1e79266e2952f9111d9783e4c391ad87bd301,1호기,660,False,True
4. X-ray 검사장비 AI 데이터셋/dataset/test1/yolov3/X선이물검출기(06.23_09.22)/1호기(2020.09.22)/SN77128_20200727_NgImage/002_20200727_122319(0).bmp,002_20200727_122319(0),.bmp,412,332,P,99b2deb7719f5053d29781b8e19f772450449110a276f0633caebe3831b9badd,1호기,660,False,True
4. X-ray 검사장비 AI 데이터셋/dataset/test1/yolov3/X선이물검출기(06.23_09.22)/1호기(2020.09.22)/SN77128_20200727_NgImage/002_20200727_122332(6).bmp,002_20200727_122332(6),.bmp,412,332,P,194679be58bfea3299e73a19629085d20c94f8c7d6c983bbacdc963214daca9f,1호기,660,False,True
4. X-ray 검사장비 AI 데이터셋/dataset/test1/yolov3/X선이물검출기(06.23_09.22)/1호기(2020.09.22)/SN77128_20200727_NgImage/002_20200727_122413(1).bmp,002_20200727_122413(1),.bmp,412,332,P,166ab8ca497ab8f7ca42fc257a999b9bd42e395c8a2e9916bc01af8c8ae3d539,1호기,660,False,True
4. X-ray 검사장비 AI 데이터셋/dataset/test1/yolov3/X선이물검출기(06.23_09.22)/1호기(2020.09.22)/SN77128_20200727_NgImage/002_20200727_122426(6).bmp,002_20200727_122426(6),.bmp,412,332,P,74bcc54bd640f863bd4f83835000beee374bfce952a33fa93db061d93e335149,1호기,660,False,True
4. X-ray 검사장비 AI 데이터셋/dataset/test1/yolov3/X선이물검출기(06.23_09.22)/1호기(2020.09.22)/SN77128_20200727_NgImage/002_20200727_122630(9).bmp,002_20200727_122630(9),.bmp,412,332,P,6561def5867fe254e1582f56c613992d767f194165d7fc71b22743e46a317d8f,1호기,660,False,True
4. X-ray 검사장비 AI 데이터셋/dataset/test1/yolov3/X선이물검출기(06.23_09.22)/1호기(2020.09.22)/SN77128_20200727_NgImage/002_20200727_122724(9).bmp,002_20200727_122724(9),.bmp,412,332,P,76c0635d06065fb6c813d1211a3c57d90194071707effa1214e692a6225df9cc,1호기,660,False,True
4. X-ray 검사장비 AI 데이터셋/dataset/test1/yolov3/X선이물검출기(06.23_09.22)/1호기(2020.09.22)/SN77128_20200727_NgImage/002_20200727_122819(0).bmp,002_20200727_122819(0),.bmp,412,332,P,4bda1dacbc6581ac360362bc90a0d2616247f6eaf155723581def3669b12e811,1호기,660,False,True
4. X-ray 검사장비 AI 데이터셋/dataset/test1/yolov3/X선이물검출기(06.23_09.22)/1호기(2020.09.22)/SN77128_20200727_NgImage/002_20200727_122832(5).bmp,002_20200727_122832(5),.bmp,412,332,P,cf403de13f8327c879dc56ca249930837d8e61616249331023343e7af18b00a6,1호기,660,False,True
4. X-ray 검사장비 AI 데이터셋/dataset/test1/yolov3/X선이물검출기(06.23_09.22)/1호기(2020.09.22)/SN77128_20200727_NgImage/002_20200727_122926(5).bmp,002_20200727_122926(5),.bmp,412,332,P,8ed9c3d706623ddd2ee4065e3a1250bf098151a0513e487094d48096fd18a443,1호기,660,False,True
4. X-ray 검사장비 AI 데이터셋/dataset/test1/yolov3/X선이물검출기(06.23_09.22)/1호기(2020.09.22)/SN77128_20200727_NgImage/002_20200727_122940(0).bmp,002_20200727_122940(0),.bmp,412,332,P,f09ab77588de481a74a688b671e5fe8a1041c11489a53688d574219ed3c8ea45,1호기,660,False,True
4. X-ray 검사장비 AI 데이터셋/dataset/test1/yolov3/X선이물검출기(06.23_09.22)/1호기(2020.09.22)/SN77128_20200727_NgImage/002_20200727_123034(0).bmp,002_20200727_123034(0),.bmp,412,332,P,65824b66178572bbabc18df43bf3a7be55d403b2b1590d578a6018e53fab5d89,1호기,660,False,True
4. X-ray 검사장비 AI 데이터셋/dataset/test1/yolov3/X선이물검출기(06.23_09.22)/1호기(2020.09.22)/SN77128_20200727_NgImage/002_20200727_123047(6).bmp,002_20200727_123047(6),.bmp,412,332,P,a5c460b3e069efbf938fd1125fc0301f6ede273ec7d4268c1cdf15def8fd91d4,1호기,660,False,True
4. X-ray 검사장비 AI 데이터셋/dataset/test1/yolov3/X선이물검출기(06.23_09.22)/1호기(2020.09.22)/SN77128_20200727_NgImage/002_20200727_123141(6).bmp,002_20200727_123141(6),.bmp,412,332,P,bf422525bb19fb79f45ddfea9be2707e9bfdc519e9607a4355c69efe71835e3c,1호기,660,False,True
4. X-ray 검사장비 AI 데이터셋/dataset/test1/yolov3/X선이물검출기(06.23_09.22)/1호기(2020.09.22)/SN77128_20200727_NgImage/002_20200727_123155(1).bmp,002_20200727_123155(1),.bmp,412,332,P,041f8da8645b54bb4650b7ef6befb1fb88204a33bab90a92803b3ea1b5dffbd6,1호기,660,False,True
4. X-ray 검사장비 AI 데이터셋/dataset/test1/yolov3/X선이물검출기(06.23_09.22)/1호기(2020.09.22)/SN77128_20200727_NgImage/002_20200727_123300(5).bmp,002_20200727_123300(5),.bmp,412,332,P,551588f5f1c59cc9f8de9bb9f31fed792431543017b8b38e3cd070da4520e5ac,1호기,128,False,True
4. X-ray 검사장비 AI 데이터셋/dataset/test1/yolov3/X선이물검출기(06.23_09.22)/1호기(2020.09.22)/SN77128_20200727_NgImage/002_20200727_123306(5).bmp,002_20200727_123306(5),.bmp,412,332,P,9b2fc2ebf019f110f3524a4cade06394f3027fb688c81bbe8f9b2d014a9f9997,1호기,128,False,True
4. X-ray 검사장비 AI 데이터셋/dataset/test1/yolov3/X선이물검출기(06.23_09.22)/1호기(2020.09.22)/SN77128_20200727_NgImage/002_20200727_123318(9).bmp,002_20200727_123318(9),.bmp,412,332,P,500d2684234ad6013b3716e457ae9838df5415e893813462671149241db43983,1호기,660,False,True
4. X-ray 검사장비 AI 데이터셋/dataset/test1/yolov3/X선이물검출기(06.23_09.22)/1호기(2020.09.22)/SN77128_20200727_NgImage/002_20200727_163511(2).bmp,002_20200727_163511(2),.bmp,412,332,P,6f3ffac31cd6ad59882a3c5915bcd61ad9752c6f0a10b3b8c140cb8fa90ecae2,1호기,128,False,True
4. X-ray 검사장비 AI 데이터셋/dataset/test1/yolov3/X선이물검출기(06.23_09.22)/1호기(2020.09.22)/SN77128_20200727_NgImage/002_20200727_163515(3).bmp,002_20200727_163515(3),.bmp,412,332,P,94aa6939b02082e77ee86e0501d8616a57cc99759630ed2d48cfe0d4bde2abdf,1호기,128,False,True
4. X-ray 검사장비 AI 데이터셋/dataset/test1/yolov3/X선이물검출기(06.23_09.22)/1호기(2020.09.22)/SN77128_20200727_NgImage/002_20200727_204612(5).bmp,002_20200727_204612(5),.bmp,412,332,P,0918f21c15e2328f8a0a7cf322b43b7b8d5b0bb180f5a23a50856822db699475,1호기,128,False,True
4. X-ray 검사장비 AI 데이터셋/dataset/test1/yolov3/X선이물검출기(06.23_09.22)/1호기(2020.09.22)/SN77128_20200727_NgImage/002_20200727_204634(7).bmp,002_20200727_204634(7),.bmp,412,332,P,e3f818521859c1aba1198190db3ee2ae04f48155cceb0034811d9207529b551e,1호기,128,False,True
4. X-ray 검사장비 AI 데이터셋/dataset/test1/yolov3/X선이물검출기(06.23_09.22)/1호기(2020.09.22)/SN77128_20200728_NgImage/002_20200728_014051(7).bmp,002_20200728_014051(7),.bmp,412,332,P,11ac714d31b7099a0f7e51c0390b6685eb298fc95c642cb14e5fd5ca2f5822d2,1호기,128,False,True
4. X-ray 검사장비 AI 데이터셋/dataset/test1/yolov3/X선이물검출기(06.23_09.22)/1호기(2020.09.22)/SN77128_20200728_NgImage/002_20200728_014055(8).bmp,002_20200728_014055(8),.bmp,412,332,P,2395321516ff82bc18a1714fce046cb14680dcd70624fc8708ed9cb1ed85deaa,1호기,128,False,True
4. X-ray 검사장비 AI 데이터셋/dataset/test1/yolov3/X선이물검출기(06.23_09.22)/1호기(2020.09.22)/SN77128_20200728_NgImage/002_20200728_043519(6).bmp,002_20200728_043519(6),.bmp,412,332,P,0476cddeb0bc0a9f5605c20ce3dfc0040d243b6239bd61ebc11923bd903c8479,1호기,128,False,True
4. X-ray 검사장비 AI 데이터셋/dataset/test1/yolov3/X선이물검출기(06.23_09.22)/1호기(2020.09.22)/SN77128_20200728_NgImage/002_20200728_043558(2).bmp,002_20200728_043558(2),.bmp,412,332,P,d8d90ea62617de58c4bf9bdffd9a9c300c6466a14d9287eea9f48f86c693440a,1호기,128,False,True
4. X-ray 검사장비 AI 데이터셋/dataset/test1/yolov3/X선이물검출기(06.23_09.22)/1호기(2020.09.22)/SN77128_20200728_NgImage/002_20200728_083046(1).bmp,002_20200728_083046(1),.bmp,412,332,P,f5ebda5aa509b00f25a7d6c91a98ff42109d151f97fb9c7e34889c0c0707defc,1호기,128,False,True
4. X-ray 검사장비 AI 데이터셋/dataset/test1/yolov3/X선이물검출기(06.23_09.22)/1호기(2020.09.22)/SN77128_20200728_NgImage/002_20200728_083049(8).bmp,002_20200728_083049(8),.bmp,412,332,P,012d3f1dc11906d0867c7a63f83cfed75f9c1e532ea1bb4545dae39adb5d8c44,1호기,128,False,True
4. X-ray 검사장비 AI 데이터셋/dataset/test1/yolov3/X선이물검출기(06.23_09.22)/1호기(2020.09.22)/SN77128_20200728_NgImage/002_20200728_123133(9).bmp,002_20200728_123133(9),.bmp,412,332,P,ff8595157ab9f206f12b6ba7dd09cb44db65c03263e3290deb90cb4ee68ebe3f,1호기,128,False,True
4. X-ray 검사장비 AI 데이터셋/dataset/test1/yolov3/X선이물검출기(06.23_09.22)/1호기(2020.09.22)/SN77128_20200728_NgImage/002_20200728_123137(7).bmp,002_20200728_123137(7),.bmp,412,332,P,3534ce1999bedf836363907c4ae8dc4b1a4a1e7b52563921e06f3670f6d04ded,1호기,128,False,True
4. X-ray 검사장비 AI 데이터셋/dataset/test1/yolov3/X선이물검출기(06.23_09.22)/1호기(2020.09.22)/SN77128_20200728_NgImage/002_20200728_163521(8).bmp,002_20200728_163521(8),.bmp,412,332,P,2859a3dc999151052eb3eeb62a5c61d5df6263becf8c6b688340fd5ca05bfe8a,1호기,128,False,True
4. X-ray 검사장비 AI 데이터셋/dataset/test1/yolov3/X선이물검출기(06.23_09.22)/1호기(2020.09.22)/SN77128_20200728_NgImage/002_20200728_163525(0).bmp,002_20200728_163525(0),.bmp,412,332,P,88ca4d5a72d5c5fc1000d7475bad67252aafaaa1e6ec03df73a3d4a83c4e59d8,1호기,128,False,True
4. X-ray 검사장비 AI 데이터셋/dataset/test1/yolov3/X선이물검출기(06.23_09.22)/1호기(2020.09.22)/SN77128_20200810_NgImage/002_20200810_202919(7).bmp,002_20200810_202919(7),.bmp,316,332,P,2e072d78949c08f2874b90c0863a97083a0b55c5afa4933c3b4e6eb102bdbf20,1호기,144,False,True
4. X-ray 검사장비 AI 데이터셋/dataset/test1/yolov3/X선이물검출기(06.23_09.22)/1호기(2020.09.22)/SN77128_20200810_NgImage/002_20200810_202923(8).bmp,002_20200810_202923(8),.bmp,316,332,P,f0b66411138c385bf0db988cdc70e7873ff6279a825bfa67b78d6416b7621d56,1호기,128,False,True
4. X-ray 검사장비 AI 데이터셋/dataset/test1/yolov3/X선이물검출기(06.23_09.22)/1호기(2020.09.22)/SN77128_20200811_NgImage/002_20200811_003007(9).bmp,002_20200811_003007(9),.bmp,316,332,P,f6733403e8db1005dc1d45f77ee411ab0b370dd9438cfdb348631e8274cb88e9,1호기,128,False,True
4. X-ray 검사장비 AI 데이터셋/dataset/test1/yolov3/X선이물검출기(06.23_09.22)/1호기(2020.09.22)/SN77128_20200811_NgImage/002_20200811_003029(6).bmp,002_20200811_003029(6),.bmp,316,332,P,b65f61381c4e1e3e5804802115e3a7964290c1ce986430bb35c61eeac46d02f7,1호기,136,False,True
4. X-ray 검사장비 AI 데이터셋/dataset/test1/yolov3/X선이물검출기(06.23_09.22)/1호기(2020.09.22)/SN77128_20200811_NgImage/002_20200811_043034(0).bmp,002_20200811_043034(0),.bmp,316,332,P,29ea36a622cf76f35358b250fcad6dd86e02cfb61f2ebd7294ae88e45ab2f210,1호기,128,False,True
4. X-ray 검사장비 AI 데이터셋/dataset/test1/yolov3/X선이물검출기(06.23_09.22)/1호기(2020.09.22)/SN77128_20200811_NgImage/002_20200811_043038(0).bmp,002_20200811_043038(0),.bmp,316,332,P,db9ac48aa7f9f5ab68c4f42a0d2dc8262fca9fe9ffc8240a20aee7eec18600a3,1호기,128,False,True
4. X-ray 검사장비 AI 데이터셋/dataset/test1/yolov3/X선이물검출기(06.23_09.22)/1호기(2020.09.22)/SN77128_20200814_NgImage/002_20200814_032746(6).bmp,002_20200814_032746(6),.bmp,316,332,P,146fc383bb5d9d10bce8b852266739b2172de4cde95b88aa401a026221466fc2,1호기,136,False,True
4. X-ray 검사장비 AI 데이터셋/dataset/test1/yolov3/X선이물검출기(06.23_09.22)/1호기(2020.09.22)/SN77128_20200814_NgImage/002_20200814_032749(8).bmp,002_20200814_032749(8),.bmp,316,332,P,b41960bf878495025781c08752a55433d7a263ac90f25d20e8d608c007bc9a59,1호기,128,False,True
4. X-ray 검사장비 AI 데이터셋/dataset/test1/yolov3/X선이물검출기(06.23_09.22)/1호기(2020.09.22)/SN77128_20200814_NgImage/002_20200814_042920(3).bmp,002_20200814_042920(3),.bmp,316,332,P,0671143072d08f4c67b433909e6c67e5a5c3ed0f9ee00e87b05bc055512eb5a9,1호기,128,False,True
4. X-ray 검사장비 AI 데이터셋/dataset/test1/yolov3/X선이물검출기(06.23_09.22)/1호기(2020.09.22)/SN77128_20200814_NgImage/002_20200814_042924(9).bmp,002_20200814_042924(9),.bmp,316,332,P,45ec1f1d3833f33b69277feb1f1e756bb68e877d3534e633c3474ec524f507bd,1호기,128,False,True
4. X-ray 검사장비 AI 데이터셋/dataset/test1/yolov3/X선이물검출기(06.23_09.22)/1호기(2020.09.22)/SN77128_20200814_NgImage/002_20200814_083424(4).bmp,002_20200814_083424(4),.bmp,316,332,P,f4dfc2d42a241ac78bc35dfc765d20897d09341b9350b59661bee65e43d0d843,1호기,128,False,True
4. X-ray 검사장비 AI 데이터셋/dataset/test1/yolov3/X선이물검출기(06.23_09.22)/1호기(2020.09.22)/SN77128_20200814_NgImage/002_20200814_083428(5).bmp,002_20200814_083428(5),.bmp,316,332,P,c4c0fb4dc95b19e997e7e0b68ad38e7479f5674425ba06454e1374189e3926e8,1호기,128,False,True
4. X-ray 검사장비 AI 데이터셋/dataset/test1/yolov3/X선이물검출기(06.23_09.22)/1호기(2020.09.22)/SN77128_20200814_NgImage/002_20200814_123337(2).bmp,002_20200814_123337(2),.bmp,316,332,P,6bd387f44be0cbffffde51555f822b92447371a0dac18a9bf8340d520902383c,1호기,128,False,True
4. X-ray 검사장비 AI 데이터셋/dataset/test1/yolov3/X선이물검출기(06.23_09.22)/1호기(2020.09.22)/SN77128_20200814_NgImage/002_20200814_123341(8).bmp,002_20200814_123341(8),.bmp,316,332,P,e4666510a3d47301993292dbed007a93bc2b8c33c596c75edde7cc94507b07d9,1호기,136,False,True
4. X-ray 검사장비 AI 데이터셋/dataset/test1/yolov3/X선이물검출기(06.23_09.22)/1호기(2020.09.22)/SN77128_20200814_NgImage/002_20200814_163500(4).bmp,002_20200814_163500(4),.bmp,316,332,P,1eab41835088b3fdd5ffa161a08889619b41b06967874b0b997485542ec6a9a1,1호기,128,False,True
4. X-ray 검사장비 AI 데이터셋/dataset/test1/yolov3/X선이물검출기(06.23_09.22)/1호기(2020.09.22)/SN77128_20200814_NgImage/002_20200814_163506(3).bmp,002_20200814_163506(3),.bmp,316,332,P,4fca8893a05c633eca21100a3e87aa0d12db439d311147079f5635ed223179ba,1호기,128,False,True
4. X-ray 검사장비 AI 데이터셋/dataset/test1/yolov3/X선이물검출기(06.23_09.22)/1호기(2020.09.22)/SN77128_20200814_NgImage/002_20200814_203159(5).bmp,002_20200814_203159(5),.bmp,316,332,P,60797a3ebc0b0ef6cffb24cfb1c2c29eb608388635bd72e3cb081a83c2ee6523,1호기,128,False,True
4. X-ray 검사장비 AI 데이터셋/dataset/test1/yolov3/X선이물검출기(06.23_09.22)/1호기(2020.09.22)/SN77128_20200814_NgImage/002_20200814_203205(7).bmp,002_20200814_203205(7),.bmp,316,332,P,531dcff1e16c80b8d779433a2b0d28e376e0a05764f2daff72a232d9a4eee061,1호기,128,False,True
4. X-ray 검사장비 AI 데이터셋/dataset/test1/yolov3/X선이물검출기(06.23_09.22)/1호기(2020.09.22)/SN77128_20200818_NgImage/002_20200818_082854(5).bmp,002_20200818_082854(5),.bmp,316,332,P,2d1eced6cd5402e921a233e25f5453456fafd832848ae8a670825cd447fb428e,1호기,136,False,True
4. X-ray 검사장비 AI 데이터셋/dataset/test1/yolov3/X선이물검출기(06.23_09.22)/1호기(2020.09.22)/SN77128_20200818_NgImage/002_20200818_082858(4).bmp,002_20200818_082858(4),.bmp,316,332,P,422c404ff6d439f90583783a35d70d67f09bb46c410debd6439e03784315630b,1호기,128,False,True
4. X-ray 검사장비 AI 데이터셋/dataset/test1/yolov3/X선이물검출기(06.23_09.22)/1호기(2020.09.22)/SN77128_20200818_NgImage/002_20200818_123358(2).bmp,002_20200818_123358(2),.bmp,316,332,P,dea8f5bac7739cf49e460057e0e2c5a445c3bb79a4aec1933ebe3d7d06c4008b,1호기,128,False,True
4. X-ray 검사장비 AI 데이터셋/dataset/test1/yolov3/X선이물검출기(06.23_09.22)/1호기(2020.09.22)/SN77128_20200818_NgImage/002_20200818_123404(8).bmp,002_20200818_123404(8),.bmp,316,332,P,3fdc6e5044a8781a06588c480e2a3f012312aab59f888fd4873c5a4bac9fed78,1호기,136,False,True
4. X-ray 검사장비 AI 데이터셋/dataset/test1/yolov3/X선이물검출기(06.23_09.22)/1호기(2020.09.22)/SN77128_20200818_NgImage/002_20200818_162920(4).bmp,002_20200818_162920(4),.bmp,316,332,P,f25219391814e9fcab802d30aa3e4a7971a52f0fd7fcdd532444f5c92c45e470,1호기,136,False,True
4. X-ray 검사장비 AI 데이터셋/dataset/test1/yolov3/X선이물검출기(06.23_09.22)/1호기(2020.09.22)/SN77128_20200818_NgImage/002_20200818_162926(0).bmp,002_20200818_162926(0),.bmp,316,332,P,29f44737be387940d177a2edccbef0412b2f24c57ad2ee470f66660e17adc4c0,1호기,128,False,True
4. X-ray 검사장비 AI 데이터셋/dataset/test1/yolov3/X선이물검출기(06.23_09.22)/1호기(2020.09.22)/SN77128_20200818_NgImage/002_20200818_203120(5).bmp,002_20200818_203120(5),.bmp,316,332,P,15aac228be24f1f46e7028e8b13886ba033546fcc9325df17c4420641e010da6,1호기,136,False,True
4. X-ray 검사장비 AI 데이터셋/dataset/test1/yolov3/X선이물검출기(06.23_09.22)/1호기(2020.09.22)/SN77128_20200818_NgImage/002_20200818_203125(0).bmp,002_20200818_203125(0),.bmp,316,332,P,24b98dd7c9f77317cb98b31c5d6600f9c539286a28083a6626b8e66ab28f3df5,1호기,128,False,True
4. X-ray 검사장비 AI 데이터셋/dataset/test1/yolov3/X선이물검출기(06.23_09.22)/1호기(2020.09.22)/SN77128_20200819_NgImage/002_20200818_203120(5).bmp,002_20200818_203120(5),.bmp,316,332,P,15aac228be24f1f46e7028e8b13886ba033546fcc9325df17c4420641e010da6,1호기,136,False,True
4. X-ray 검사장비 AI 데이터셋/dataset/test1/yolov3/X선이물검출기(06.23_09.22)/1호기(2020.09.22)/SN77128_20200819_NgImage/002_20200818_203125(0).bmp,002_20200818_203125(0),.bmp,316,332,P,24b98dd7c9f77317cb98b31c5d6600f9c539286a28083a6626b8e66ab28f3df5,1호기,128,False,True
4. X-ray 검사장비 AI 데이터셋/dataset/test1/yolov3/X선이물검출기(06.23_09.22)/1호기(2020.09.22)/SN77128_20200819_NgImage/002_20200819_003332(8).bmp,002_20200819_003332(8),.bmp,316,332,P,ffa4323ae8e6ac55846e99956d28e7c8a314ce8260d642a76f972333c7d6c96e,1호기,136,False,True
4. X-ray 검사장비 AI 데이터셋/dataset/test1/yolov3/X선이물검출기(06.23_09.22)/1호기(2020.09.22)/SN77128_20200819_NgImage/002_20200819_003335(8).bmp,002_20200819_003335(8),.bmp,316,332,P,4c7934e8029fb9b750b3ded8de811bc69715e1c792c1c9867e1f255d50558cb1,1호기,128,False,True
4. X-ray 검사장비 AI 데이터셋/dataset/test1/yolov3/X선이물검출기(06.23_09.22)/1호기(2020.09.22)/SN77128_20200819_NgImage/002_20200819_043606(7).bmp,002_20200819_043606(7),.bmp,316,332,P,9f852603b8d17ce48403f07aaf1a0a682b407beaa790580577c7c5726eac4bd2,1호기,128,False,True
4. X-ray 검사장비 AI 데이터셋/dataset/test1/yolov3/X선이물검출기(06.23_09.22)/1호기(2020.09.22)/SN77128_20200819_NgImage/002_20200819_043611(2).bmp,002_20200819_043611(2),.bmp,316,332,P,5483e08b40990cf2e5ac01f1f7f40301a7e8ab6a44eef485403ed5518d5d4ba2,1호기,128,False,True
4. X-ray 검사장비 AI 데이터셋/dataset/test1/yolov3/X선이물검출기(06.23_09.22)/1호기(2020.09.22)/SN77128_20200819_NgImage/002_20200819_083137(5).bmp,002_20200819_083137(5),.bmp,316,332,P,0c48a43400d78967ad2ce9c49af075f36474cf22f35b3d8e6d143a100ef3a84f,1호기,128,False,True
4. X-ray 검사장비 AI 데이터셋/dataset/test1/yolov3/X선이물검출기(06.23_09.22)/1호기(2020.09.22)/SN77128_20200819_NgImage/002_20200819_083145(2).bmp,002_20200819_083145(2),.bmp,316,332,P,380c3dedc3243db1cd9bc41aa6399330846b7842f405f05a66578207d3754b9f,1호기,128,False,True
4. X-ray 검사장비 AI 데이터셋/dataset/test1/yolov3/X선이물검출기(06.23_09.22)/1호기(2020.09.22)/SN77128_20200819_NgImage/002_20200819_124134(7).bmp,002_20200819_124134(7),.bmp,316,332,P,5f7bdce31488ba0235c5ae257fb87f3a7f0a7ba8bb1c64c2b059c954e0c97f88,1호기,128,False,True
4. X-ray 검사장비 AI 데이터셋/dataset/test1/yolov3/X선이물검출기(06.23_09.22)/1호기(2020.09.22)/SN77128_20200819_NgImage/002_20200819_124140(8).bmp,002_20200819_124140(8),.bmp,316,332,P,1c03d1069882ce3546198db40d67f58095c25f2bf352c23ef443572c47fd8397,1호기,128,False,True
4. X-ray 검사장비 AI 데이터셋/dataset/test1/yolov3/X선이물검출기(06.23_09.22)/1호기(2020.09.22)/SN77128_20200819_NgImage/002_20200819_162347(4).bmp,002_20200819_162347(4),.bmp,316,332,P,d4388c2c1f81a7891ae98b6ef1b77730ef72a364c0967c0fe4dd4637a045283d,1호기,128,False,True
4. X-ray 검사장비 AI 데이터셋/dataset/test1/yolov3/X선이물검출기(06.23_09.22)/1호기(2020.09.22)/SN77128_20200819_NgImage/002_20200819_162352(0).bmp,002_20200819_162352(0),.bmp,316,332,P,b92e7b8b465241f41b3b21538f28ff119f0d45fb0680f3b89642165782d71c4d,1호기,128,False,True
4. X-ray 검사장비 AI 데이터셋/dataset/test1/yolov3/X선이물검출기(06.23_09.22)/1호기(2020.09.22)/SN77128_20200821_NgImage/002_20200821_150301(4).bmp,002_20200821_150301(4),.bmp,316,332,P,b8f17e8877de8bac7432f333aa87c7d6a1b9c6408532ad7e71db58e9b5686189,1호기,128,False,True
4. X-ray 검사장비 AI 데이터셋/dataset/test1/yolov3/X선이물검출기(06.23_09.22)/1호기(2020.09.22)/SN77128_20200821_NgImage/002_20200821_150305(3).bmp,002_20200821_150305(3),.bmp,316,332,P,609fa733952a0bb9f96ba9b796f969aceeec8a25f75eb4a89a440855a30d919a,1호기,128,False,True
4. X-ray 검사장비 AI 데이터셋/dataset/test1/yolov3/X선이물검출기(06.23_09.22)/1호기(2020.09.22)/SN77128_20200821_NgImage/002_20200821_163620(7).bmp,002_20200821_163620(7),.bmp,316,332,P,cc372774ea0d699995981ee33140dc9ed138895b8d0c096f3f8cb5d4ea1e624c,1호기,128,False,True
4. X-ray 검사장비 AI 데이터셋/dataset/test1/yolov3/X선이물검출기(06.23_09.22)/1호기(2020.09.22)/SN77128_20200821_NgImage/002_20200821_163624(8).bmp,002_20200821_163624(8),.bmp,316,332,P,e6f1d2ca5d233386668781f06115afb913d93c442e2bd7228b3db2cd909a4080,1호기,128,False,True
4. X-ray 검사장비 AI 데이터셋/dataset/test1/yolov3/X선이물검출기(06.23_09.22)/1호기(2020.09.22)/SN77128_20200821_NgImage/002_20200821_203950(2).bmp,002_20200821_203950(2),.bmp,316,332,P,fd09c5338352ef9dd42b7d7702532d27a0b630b1fbc45f3e2d379bc242db261e,1호기,128,False,True
4. X-ray 검사장비 AI 데이터셋/dataset/test1/yolov3/X선이물검출기(06.23_09.22)/1호기(2020.09.22)/SN77128_20200821_NgImage/002_20200821_203953(0).bmp,002_20200821_203953(0),.bmp,316,332,P,4e547f0bd6d2b81e0cef1222405a720e00cccddecbd4cda7735a0cb6b8d123dc,1호기,128,False,True
4. X-ray 검사장비 AI 데이터셋/dataset/test1/yolov3/X선이물검출기(06.23_09.22)/1호기(2020.09.22)/SN77128_20200826_NgImage/002_20200826_023155(3).bmp,002_20200826_023155(3),.bmp,316,332,P,c812ee8931997b1c62688632f8bcd54201213d7b8322c620d9081101719219a6,1호기,128,False,True
4. X-ray 검사장비 AI 데이터셋/dataset/test1/yolov3/X선이물검출기(06.23_09.22)/1호기(2020.09.22)/SN77128_20200826_NgImage/002_20200826_023200(9).bmp,002_20200826_023200(9),.bmp,316,332,P,1b55a408252d505d9f8de872c64cf5aa8430bace0ffb1b0cb1bf2246d65b792e,1호기,128,False,True
4. X-ray 검사장비 AI 데이터셋/dataset/test1/yolov3/X선이물검출기(06.23_09.22)/1호기(2020.09.22)/SN77128_20200826_NgImage/002_20200826_043121(8).bmp,002_20200826_043121(8),.bmp,316,332,P,7721168f52d90816b95212da2244b2e2d7a68fca871d69c2efa6e40b83abfcfe,1호기,128,False,True
4. X-ray 검사장비 AI 데이터셋/dataset/test1/yolov3/X선이물검출기(06.23_09.22)/1호기(2020.09.22)/SN77128_20200826_NgImage/002_20200826_043125(8).bmp,002_20200826_043125(8),.bmp,316,332,P,ae5f5d9716211eab727e2920d9cf51a17773408c7c6c101c28783c3feb8ddb77,1호기,128,False,True
4. X-ray 검사장비 AI 데이터셋/dataset/test1/yolov3/X선이물검출기(06.23_09.22)/1호기(2020.09.22)/SN77128_20200826_NgImage/002_20200826_123052(0).bmp,002_20200826_123052(0),.bmp,316,332,P,4e2ecf15d7b471a888deb13d496262c13c0bf85d44fd4e1ecc446aa16e238555,1호기,128,False,True
4. X-ray 검사장비 AI 데이터셋/dataset/test1/yolov3/X선이물검출기(06.23_09.22)/1호기(2020.09.22)/SN77128_20200826_NgImage/002_20200826_123059(6).bmp,002_20200826_123059(6),.bmp,316,332,P,a90fcf469beb3d7559afe4b02dec10e7cbf7ba56508dc9d239b14001f1167b56,1호기,128,False,True
4. X-ray 검사장비 AI 데이터셋/dataset/test1/yolov3/X선이물검출기(06.23_09.22)/1호기(2020.09.22)/SN77128_20200827_NgImage/002_20200827_162026(7).bmp,002_20200827_162026(7),.bmp,316,332,P,c78b5e33a3bfc9788bcfa68157a7ec3aee1a6c74dcbc52667a60b92b169aaec8,1호기,128,False,True
4. X-ray 검사장비 AI 데이터셋/dataset/test1/yolov3/X선이물검출기(06.23_09.22)/1호기(2020.09.22)/SN77128_20200827_NgImage/002_20200827_162032(0).bmp,002_20200827_162032(0),.bmp,316,332,P,84ea3597bd51e5b578d118debb275559cb1c83d57e47a4f35af6cb48816bac14,1호기,128,False,True
4. X-ray 검사장비 AI 데이터셋/dataset/test1/yolov3/X선이물검출기(06.23_09.22)/1호기(2020.09.22)/SN77128_20200831_NgImage/002_20200831_083541(7).bmp,002_20200831_083541(7),.bmp,316,332,P,876c565a320e9a23fe5bb50c2041eefffea8d558dab24c665e51b6ec0bcc8d8c,1호기,128,False,True
4. X-ray 검사장비 AI 데이터셋/dataset/test1/yolov3/X선이물검출기(06.23_09.22)/1호기(2020.09.22)/SN77128_20200831_NgImage/002_20200831_083545(0).bmp,002_20200831_083545(0),.bmp,316,332,P,2fc70b7f1b7a7157706f28d4e5499d5d35b13be6f0395a6cc6de000d663d126c,1호기,128,False,True
4. X-ray 검사장비 AI 데이터셋/dataset/test1/yolov3/X선이물검출기(06.23_09.22)/1호기(2020.09.22)/SN77128_20200831_NgImage/002_20200831_123127(7).bmp,002_20200831_123127(7),.bmp,316,332,P,cfb680a3d8d92bda6b88e51206ecfdb2c3b83fc53451c73d202b44b757891fa5,1호기,128,False,True
4. X-ray 검사장비 AI 데이터셋/dataset/test1/yolov3/X선이물검출기(06.23_09.22)/1호기(2020.09.22)/SN77128_20200831_NgImage/002_20200831_123134(5).bmp,002_20200831_123134(5),.bmp,316,332,P,fe2e628ae7c0c956a540c6cc9e37b8cb159672dea7d8e08826ec7609ffb828d6,1호기,128,False,True
4. X-ray 검사장비 AI 데이터셋/dataset/test1/yolov3/X선이물검출기(06.23_09.22)/1호기(2020.09.22)/SN77128_20200831_NgImage/002_20200831_163123(9).bmp,002_20200831_163123(9),.bmp,316,332,P,a874d7b5d9442b00b11fa7fc1f9165f4ccbd83f5a8fc01ae21c4371cdd0c31df,1호기,128,False,True
4. X-ray 검사장비 AI 데이터셋/dataset/test1/yolov3/X선이물검출기(06.23_09.22)/1호기(2020.09.22)/SN77128_20200831_NgImage/002_20200831_163130(0).bmp,002_20200831_163130(0),.bmp,316,332,P,98318a4350c1ddfe751ac13d45dbf8d4a98793b20bc82c389b382eeac49b0f38,1호기,128,False,True
4. X-ray 검사장비 AI 데이터셋/dataset/test1/yolov3/X선이물검출기(06.23_09.22)/1호기(2020.09.22)/SN77128_20200831_NgImage/002_20200831_203044(7).bmp,002_20200831_203044(7),.bmp,316,332,P,116e1a82b2b83cbd635ae0df4a8789c52ad8f488b8a3400711a03670584ee088,1호기,128,False,True
4. X-ray 검사장비 AI 데이터셋/dataset/test1/yolov3/X선이물검출기(06.23_09.22)/1호기(2020.09.22)/SN77128_20200831_NgImage/002_20200831_203049(3).bmp,002_20200831_203049(3),.bmp,316,332,P,3acecba7aef9eae80be9e6810ded4893ee34b7f74dc9909b611c866762d16b90,1호기,128,False,True
4. X-ray 검사장비 AI 데이터셋/dataset/test1/yolov3/X선이물검출기(06.23_09.22)/1호기(2020.09.22)/SN77128_20200901_NgImage/002_20200901_003102(0).bmp,002_20200901_003102(0),.bmp,316,332,P,f0738e5c075cd6d1ab071714892be3c3acc55652afa5fb2f8d0f30991659d3bd,1호기,136,False,True
4. X-ray 검사장비 AI 데이터셋/dataset/test1/yolov3/X선이물검출기(06.23_09.22)/1호기(2020.09.22)/SN77128_20200901_NgImage/002_20200901_003105(0).bmp,002_20200901_003105(0),.bmp,316,332,P,06916954489d71648b4f37ae12c356e2b24aa154fc91f88de08d8eb09b3f7fbf,1호기,128,False,True
4. X-ray 검사장비 AI 데이터셋/dataset/test1/yolov3/X선이물검출기(06.23_09.22)/1호기(2020.09.22)/SN77128_20200901_NgImage/002_20200901_003108(0).bmp,002_20200901_003108(0),.bmp,316,332,P,4109d24e5bab98ae95fb421bb0756288933ccdb48be48e4e0bfb43cc6bacbed2,1호기,128,False,True
4. X-ray 검사장비 AI 데이터셋/dataset/test1/yolov3/X선이물검출기(06.23_09.22)/1호기(2020.09.22)/SN77128_20200901_NgImage/002_20200901_003111(0).bmp,002_20200901_003111(0),.bmp,316,332,P,995cb01ef79642394d3bfb85addf967850f06e5c7d4c1012c3a69c07764093c6,1호기,128,False,True
4. X-ray 검사장비 AI 데이터셋/dataset/test1/yolov3/X선이물검출기(06.23_09.22)/1호기(2020.09.22)/SN77128_20200901_NgImage/002_20200901_003114(0).bmp,002_20200901_003114(0),.bmp,316,332,P,745fad10d6a991c65d1218f4fafbbcfa2688e40fb07f3bfb45cb7f3aed9b326a,1호기,136,False,True
4. X-ray 검사장비 AI 데이터셋/dataset/test1/yolov3/X선이물검출기(06.23_09.22)/1호기(2020.09.22)/SN77128_20200901_NgImage/002_20200901_003117(0).bmp,002_20200901_003117(0),.bmp,316,332,P,f6792d758328bf83b2121e0570724e248efc3430681db900980bafb9de71c9cb,1호기,128,False,True
4. X-ray 검사장비 AI 데이터셋/dataset/test1/yolov3/X선이물검출기(06.23_09.22)/1호기(2020.09.22)/SN77128_20200901_NgImage/002_20200901_043047(9).bmp,002_20200901_043047(9),.bmp,316,332,P,21c7979c49b2d5c94afeb87e1ce60cbd278f38c3e3d5e74a0ed113a11f00ae29,1호기,128,False,True
4. X-ray 검사장비 AI 데이터셋/dataset/test1/yolov3/X선이물검출기(06.23_09.22)/1호기(2020.09.22)/SN77128_20200901_NgImage/002_20200901_043050(9).bmp,002_20200901_043050(9),.bmp,316,332,P,67c0608882a0ef9f8ef70dd38e05f5e0a8c3053e89541cfefceb0d6c81bbb9a1,1호기,128,False,True
4. X-ray 검사장비 AI 데이터셋/dataset/test1/yolov3/X선이물검출기(06.23_09.22)/1호기(2020.09.22)/SN77128_20200901_NgImage/002_20200901_043055(4).bmp,002_20200901_043055(4),.bmp,316,332,P,84b07d03a2c812140e4df8605c344262633d19f9f8e4e1851a48cb3ea37ff1ec,1호기,128,False,True
4. X-ray 검사장비 AI 데이터셋/dataset/test1/yolov3/X선이물검출기(06.23_09.22)/1호기(2020.09.22)/SN77128_20200901_NgImage/002_20200901_043058(4).bmp,002_20200901_043058(4),.bmp,316,332,P,337945fbf6889ce7bcf6f0a626558b5347b742b89169ec1bf5800c97bcf9d233,1호기,128,False,True
4. X-ray 검사장비 AI 데이터셋/dataset/test1/yolov3/X선이물검출기(06.23_09.22)/1호기(2020.09.22)/SN77128_20200901_NgImage/002_20200901_043104(4).bmp,002_20200901_043104(4),.bmp,316,332,P,dd5e225b6bedad2c7c9d67fc7676bfa0775934c73c958c4abc9660599f2c03f3,1호기,128,False,True
4. X-ray 검사장비 AI 데이터셋/dataset/test1/yolov3/X선이물검출기(06.23_09.22)/1호기(2020.09.22)/SN77128_20200901_NgImage/002_20200901_083206(9).bmp,002_20200901_083206(9),.bmp,316,332,P,e2635d46b048d1beeac6d748c831665fc476a32ae0c3faf1c6dd66b6e513a802,1호기,128,False,True
4. X-ray 검사장비 AI 데이터셋/dataset/test1/yolov3/X선이물검출기(06.23_09.22)/1호기(2020.09.22)/SN77128_20200901_NgImage/002_20200901_083213(5).bmp,002_20200901_083213(5),.bmp,316,332,P,458c4f8f7c1214ecf25d2182693816406f3a74b5a310a735205cb9cb8d188a74,1호기,128,False,True
4. X-ray 검사장비 AI 데이터셋/dataset/test1/yolov3/X선이물검출기(06.23_09.22)/1호기(2020.09.22)/SN77128_20200901_NgImage/002_20200901_083714(2).bmp,002_20200901_083714(2),.bmp,316,332,P,345e266c9b0285f6f5a935f20b1014f2ebdeaa0f3e7c232f7a521da9b2bccec7,1호기,128,False,True
4. X-ray 검사장비 AI 데이터셋/dataset/test1/yolov3/X선이물검출기(06.23_09.22)/1호기(2020.09.22)/SN77128_20200901_NgImage/002_20200901_083717(4).bmp,002_20200901_083717(4),.bmp,316,332,P,faafc47894e34e2aaeaf9e223b7b0e5ef3f0a9a42ef1dbe064ceae64ac7aebb4,1호기,128,False,True
4. X-ray 검사장비 AI 데이터셋/dataset/test1/yolov3/X선이물검출기(06.23_09.22)/1호기(2020.09.22)/SN77128_20200901_NgImage/002_20200901_083721(9).bmp,002_20200901_083721(9),.bmp,316,332,P,6d726e1dabd8c10f0dea550899d022d5c233214b22bada763048fc060af853a8,1호기,128,False,True
4. X-ray 검사장비 AI 데이터셋/dataset/test1/yolov3/X선이물검출기(06.23_09.22)/1호기(2020.09.22)/SN77128_20200901_NgImage/002_20200901_083726(4).bmp,002_20200901_083726(4),.bmp,316,332,P,c4ca240d610839f5cbcc21828b6413a6094dbc7ffb380bff412c4c59a814869d,1호기,128,False,True
4. X-ray 검사장비 AI 데이터셋/dataset/test1/yolov3/X선이물검출기(06.23_09.22)/1호기(2020.09.22)/SN77128_20200901_NgImage/002_20200901_083730(8).bmp,002_20200901_083730(8),.bmp,316,332,P,9e9ee4acb1b7bc138caa95a6f92361e0b17f8e41ea3052e2239369d9b1fd091e,1호기,128,False,True
4. X-ray 검사장비 AI 데이터셋/dataset/test1/yolov3/X선이물검출기(06.23_09.22)/1호기(2020.09.22)/SN77128_20200901_NgImage/002_20200901_083735(4).bmp,002_20200901_083735(4),.bmp,316,332,P,5123921c5cc4031caa7b834c9ede4c7f774f6d101f45fd979dcd87a704f627d4,1호기,128,False,True
4. X-ray 검사장비 AI 데이터셋/dataset/test1/yolov3/X선이물검출기(06.23_09.22)/1호기(2020.09.22)/SN77128_20200901_NgImage/002_20200901_123248(2).bmp,002_20200901_123248(2),.bmp,316,332,P,79849cc1871172568ddddf42d632890fcf909c2ec25650c754a4dcd016242953,1호기,128,False,True
4. X-ray 검사장비 AI 데이터셋/dataset/test1/yolov3/X선이물검출기(06.23_09.22)/1호기(2020.09.22)/SN77128_20200901_NgImage/002_20200901_123251(2).bmp,002_20200901_123251(2),.bmp,316,332,P,434423706d8d18b7ab51b42641d03be48987c53835fa3af349fb47dcedd7d17b,1호기,128,False,True
4. X-ray 검사장비 AI 데이터셋/dataset/test1/yolov3/X선이물검출기(06.23_09.22)/1호기(2020.09.22)/SN77128_20200901_NgImage/002_20200901_123256(0).bmp,002_20200901_123256(0),.bmp,316,332,P,16234b0b6c766a2c2c144356b82f8c681a6a7718358b173ebfcd5a344debad4d,1호기,128,False,True
4. X-ray 검사장비 AI 데이터셋/dataset/test1/yolov3/X선이물검출기(06.23_09.22)/1호기(2020.09.22)/SN77128_20200901_NgImage/002_20200901_123300(3).bmp,002_20200901_123300(3),.bmp,316,332,P,836ae4c9c31b3ac13ffee133633341f21f025bcb40bc4ec1ce2641d7261a7e66,1호기,128,False,True
4. X-ray 검사장비 AI 데이터셋/dataset/test1/yolov3/X선이물검출기(06.23_09.22)/1호기(2020.09.22)/SN77128_20200901_NgImage/002_20200901_123304(6).bmp,002_20200901_123304(6),.bmp,316,332,P,e3810f855c838a68af534d0e8f4497214ad78d60afbde01e673b15784f458278,1호기,128,False,True
4. X-ray 검사장비 AI 데이터셋/dataset/test1/yolov3/X선이물검출기(06.23_09.22)/1호기(2020.09.22)/SN77128_20200901_NgImage/002_20200901_123309(1).bmp,002_20200901_123309(1),.bmp,316,332,P,07613b5c6ef98efd7bcc9f1c211dbd79a55dfa5facb80f73a7cec3561d56b520,1호기,136,False,True
4. X-ray 검사장비 AI 데이터셋/dataset/test1/yolov3/X선이물검출기(06.23_09.22)/1호기(2020.09.22)/SN77128_20200901_NgImage/002_20200901_190126(8).bmp,002_20200901_190126(8),.bmp,316,332,P,0f9cd586716387206df81438287b40ad8980b9a4caf81114a493ade32af38a71,1호기,128,False,True
4. X-ray 검사장비 AI 데이터셋/dataset/test1/yolov3/X선이물검출기(06.23_09.22)/1호기(2020.09.22)/SN77128_20200901_NgImage/002_20200901_190132(2).bmp,002_20200901_190132(2),.bmp,316,332,P,b18e59d3c40232746b6ae419a1e584a611c0a55899cc831748ca381d7d4c042c,1호기,128,False,True
4. X-ray 검사장비 AI 데이터셋/dataset/test1/yolov3/X선이물검출기(06.23_09.22)/1호기(2020.09.22)/SN77128_20200901_NgImage/002_20200901_190331(8).bmp,002_20200901_190331(8),.bmp,316,332,P,b2cb5f1999e95733e768f8edc1dce43ba2799975dba5d24268286e2f86a7eb84,1호기,128,False,True
4. X-ray 검사장비 AI 데이터셋/dataset/test1/yolov3/X선이물검출기(06.23_09.22)/1호기(2020.09.22)/SN77128_20200901_NgImage/002_20200901_190334(8).bmp,002_20200901_190334(8),.bmp,316,332,P,aa7b16c8c79c452adc5ab58d9a0771bc79559086d047aa6657215b3b08ae3352,1호기,128,False,True
4. X-ray 검사장비 AI 데이터셋/dataset/test1/yolov3/X선이물검출기(06.23_09.22)/1호기(2020.09.22)/SN77128_20200901_NgImage/002_20200901_190337(5).bmp,002_20200901_190337(5),.bmp,316,332,P,3a0ffd47f2a93580d531d4daab0a8d24447e4f99910f0e71e2aba9c2a3afec60,1호기,128,False,True
4. X-ray 검사장비 AI 데이터셋/dataset/test1/yolov3/X선이물검출기(06.23_09.22)/1호기(2020.09.22)/SN77128_20200901_NgImage/002_20200901_190344(1).bmp,002_20200901_190344(1),.bmp,316,332,P,3653b21967e2d9c80fd64bc1bffd56338e053d89c6f66e1233d95e3c9398bcb4,1호기,128,False,True
4. X-ray 검사장비 AI 데이터셋/dataset/test1/yolov3/X선이물검출기(06.23_09.22)/1호기(2020.09.22)/SN77128_20200901_NgImage/002_20200901_203149(6).bmp,002_20200901_203149(6),.bmp,316,332,P,c9116e20146f76e0ae123a908fe99143e887484c39953225f0628b8fb842acaf,1호기,128,False,True
4. X-ray 검사장비 AI 데이터셋/dataset/test1/yolov3/X선이물검출기(06.23_09.22)/1호기(2020.09.22)/SN77128_20200901_NgImage/002_20200901_203156(2).bmp,002_20200901_203156(2),.bmp,316,332,P,736bcaedb90dfbba53c330917675b72d12a071763c504f2d14b63022f7eb1822,1호기,128,False,True
4. X-ray 검사장비 AI 데이터셋/dataset/test1/yolov3/X선이물검출기(06.23_09.22)/1호기(2020.09.22)/SN77128_20200901_NgImage/002_20200901_203200(2).bmp,002_20200901_203200(2),.bmp,316,332,P,7cba2cc409a551d135a255051ce9de620b47101d809450540a833c99b5bc1dde,1호기,128,False,True
4. X-ray 검사장비 AI 데이터셋/dataset/test1/yolov3/X선이물검출기(06.23_09.22)/1호기(2020.09.22)/SN77128_20200901_NgImage/002_20200901_203204(5).bmp,002_20200901_203204(5),.bmp,316,332,P,9817784e8b7793d2a5fee5ec450ece9a65ce52b8dc719f1eec6fdbc0c8a19aff,1호기,128,False,True
4. X-ray 검사장비 AI 데이터셋/dataset/test1/yolov3/X선이물검출기(06.23_09.22)/1호기(2020.09.22)/SN77128_20200901_NgImage/002_20200901_203208(8).bmp,002_20200901_203208(8),.bmp,316,332,P,0dfeb2ad690830a05c6470a34e27da06e0132a34f3848c764757c2c076ae79d6,1호기,128,False,True
4. X-ray 검사장비 AI 데이터셋/dataset/test1/yolov3/X선이물검출기(06.23_09.22)/1호기(2020.09.22)/SN77128_20200901_NgImage/002_20200901_203213(2).bmp,002_20200901_203213(2),.bmp,316,332,P,77c3ccc30f403af5c50a14078cb9381a24e649c8371a589519d18a673837e62d,1호기,128,False,True
4. X-ray 검사장비 AI 데이터셋/dataset/test1/yolov3/X선이물검출기(06.23_09.22)/1호기(2020.09.22)/SN77128_20200902_NgImage/002_20200901_203149(6).bmp,002_20200901_203149(6),.bmp,316,332,P,c9116e20146f76e0ae123a908fe99143e887484c39953225f0628b8fb842acaf,1호기,128,False,True
4. X-ray 검사장비 AI 데이터셋/dataset/test1/yolov3/X선이물검출기(06.23_09.22)/1호기(2020.09.22)/SN77128_20200902_NgImage/002_20200901_203156(2).bmp,002_20200901_203156(2),.bmp,316,332,P,736bcaedb90dfbba53c330917675b72d12a071763c504f2d14b63022f7eb1822,1호기,128,False,True
4. X-ray 검사장비 AI 데이터셋/dataset/test1/yolov3/X선이물검출기(06.23_09.22)/1호기(2020.09.22)/SN77128_20200902_NgImage/002_20200901_203200(2).bmp,002_20200901_203200(2),.bmp,316,332,P,7cba2cc409a551d135a255051ce9de620b47101d809450540a833c99b5bc1dde,1호기,128,False,True
4. X-ray 검사장비 AI 데이터셋/dataset/test1/yolov3/X선이물검출기(06.23_09.22)/1호기(2020.09.22)/SN77128_20200902_NgImage/002_20200901_203204(5).bmp,002_20200901_203204(5),.bmp,316,332,P,9817784e8b7793d2a5fee5ec450ece9a65ce52b8dc719f1eec6fdbc0c8a19aff,1호기,128,False,True
4. X-ray 검사장비 AI 데이터셋/dataset/test1/yolov3/X선이물검출기(06.23_09.22)/1호기(2020.09.22)/SN77128_20200902_NgImage/002_20200901_203208(8).bmp,002_20200901_203208(8),.bmp,316,332,P,0dfeb2ad690830a05c6470a34e27da06e0132a34f3848c764757c2c076ae79d6,1호기,128,False,True
4. X-ray 검사장비 AI 데이터셋/dataset/test1/yolov3/X선이물검출기(06.23_09.22)/1호기(2020.09.22)/SN77128_20200902_NgImage/002_20200901_203213(2).bmp,002_20200901_203213(2),.bmp,316,332,P,77c3ccc30f403af5c50a14078cb9381a24e649c8371a589519d18a673837e62d,1호기,128,False,True
4. X-ray 검사장비 AI 데이터셋/dataset/test1/yolov3/X선이물검출기(06.23_09.22)/1호기(2020.09.22)/SN77128_20200902_NgImage/002_20200902_003106(3).bmp,002_20200902_003106(3),.bmp,316,332,P,f46f552ab88129bdd8710402caa53ba8b1ae9c3083964d1a9768d4627e95ce63,1호기,136,False,True
4. X-ray 검사장비 AI 데이터셋/dataset/test1/yolov3/X선이물검출기(06.23_09.22)/1호기(2020.09.22)/SN77128_20200902_NgImage/002_20200902_003115(0).bmp,002_20200902_003115(0),.bmp,316,332,P,f8b04b251dfbdbff97ac8dd44c87d3f8325155a6770f387b9a7842907e4a8462,1호기,128,False,True
4. X-ray 검사장비 AI 데이터셋/dataset/test1/yolov3/X선이물검출기(06.23_09.22)/1호기(2020.09.22)/SN77128_20200902_NgImage/002_20200902_003119(5).bmp,002_20200902_003119(5),.bmp,316,332,P,b8cf485f64819b8665d9e958e80f21695b833aa06fba1e9cbc616cd81f47e03d,1호기,128,False,True
4. X-ray 검사장비 AI 데이터셋/dataset/test1/yolov3/X선이물검출기(06.23_09.22)/1호기(2020.09.22)/SN77128_20200902_NgImage/002_20200902_003123(6).bmp,002_20200902_003123(6),.bmp,316,332,P,56e719f5f7b7f5df813aa9dc257f1aa611420b7194f6e51891b12a704f023f95,1호기,128,False,True
4. X-ray 검사장비 AI 데이터셋/dataset/test1/yolov3/X선이물검출기(06.23_09.22)/1호기(2020.09.22)/SN77128_20200902_NgImage/002_20200902_003127(7).bmp,002_20200902_003127(7),.bmp,316,332,P,6a875330ee68152161cc155aebb53f030bfe80f90a32e138e6052684b9cdfcdc,1호기,128,False,True
4. X-ray 검사장비 AI 데이터셋/dataset/test1/yolov3/X선이물검출기(06.23_09.22)/1호기(2020.09.22)/SN77128_20200902_NgImage/002_20200902_003132(0).bmp,002_20200902_003132(0),.bmp,316,332,P,16e891fa7532646c0bb220e6a3abba1d266f6003ff58fd3ef355ed3b0a74ccca,1호기,136,False,True
4. X-ray 검사장비 AI 데이터셋/dataset/test1/yolov3/X선이물검출기(06.23_09.22)/1호기(2020.09.22)/SN77128_20200902_NgImage/002_20200902_043107(7).bmp,002_20200902_043107(7),.bmp,316,332,P,8cdff1f440a3a295e76a1328ca7baaa5c610c329ec744eb7b4b2d8b1a219107a,1호기,128,False,True
4. X-ray 검사장비 AI 데이터셋/dataset/test1/yolov3/X선이물검출기(06.23_09.22)/1호기(2020.09.22)/SN77128_20200902_NgImage/002_20200902_043112(1).bmp,002_20200902_043112(1),.bmp,316,332,P,50627f30e014c727214cbdfe444e4c88f2bb8713f98fdb566f9c6dab653e80d4,1호기,128,False,True
4. X-ray 검사장비 AI 데이터셋/dataset/test1/yolov3/X선이물검출기(06.23_09.22)/1호기(2020.09.22)/SN77128_20200902_NgImage/002_20200902_043116(4).bmp,002_20200902_043116(4),.bmp,316,332,P,97d0d67d3e449985f59bc02659fa8fff6075b18152896cca83738ad87d1464cf,1호기,128,False,True
4. X-ray 검사장비 AI 데이터셋/dataset/test1/yolov3/X선이물검출기(06.23_09.22)/1호기(2020.09.22)/SN77128_20200902_NgImage/002_20200902_043120(6).bmp,002_20200902_043120(6),.bmp,316,332,P,9ad3533c3455b6eb607a4843254a9cfb052184fc87a51ae8932fbc3d932825b4,1호기,128,False,True
4. X-ray 검사장비 AI 데이터셋/dataset/test1/yolov3/X선이물검출기(06.23_09.22)/1호기(2020.09.22)/SN77128_20200902_NgImage/002_20200902_043124(9).bmp,002_20200902_043124(9),.bmp,316,332,P,b977b902ccc1368759520630aaa4b7f4f11409bc6bc2d939e9f42a7d2d7135dd,1호기,128,False,True
4. X-ray 검사장비 AI 데이터셋/dataset/test1/yolov3/X선이물검출기(06.23_09.22)/1호기(2020.09.22)/SN77128_20200902_NgImage/002_20200902_043129(2).bmp,002_20200902_043129(2),.bmp,316,332,P,c0878483f5db11c85b55476c3dcd5d4f4c33dcb37f0b6676b5d9b331d5f33765,1호기,128,False,True
4. X-ray 검사장비 AI 데이터셋/dataset/test1/yolov3/X선이물검출기(06.23_09.22)/1호기(2020.09.22)/SN77128_20200902_NgImage/002_20200902_082600(3).bmp,002_20200902_082600(3),.bmp,316,332,P,788814c265b443e8cfc291e10bfa4a440a0fdc161ff132bd169ecdbb9ce3b3a0,1호기,128,False,True
4. X-ray 검사장비 AI 데이터셋/dataset/test1/yolov3/X선이물검출기(06.23_09.22)/1호기(2020.09.22)/SN77128_20200902_NgImage/002_20200902_082609(0).bmp,002_20200902_082609(0),.bmp,316,332,P,8c3f596f5f322e098b2e84abfeafd8188b0c150e1bd668f55477b6f82b6fa2ea,1호기,128,False,True
4. X-ray 검사장비 AI 데이터셋/dataset/test1/yolov3/X선이물검출기(06.23_09.22)/1호기(2020.09.22)/SN77128_20200902_NgImage/002_20200902_082613(2).bmp,002_20200902_082613(2),.bmp,316,332,P,4bb5b9e54a840e3f171989e21a9b972abfc2ea667e3b2039a943336811f363cb,1호기,136,False,True
4. X-ray 검사장비 AI 데이터셋/dataset/test1/yolov3/X선이물검출기(06.23_09.22)/1호기(2020.09.22)/SN77128_20200902_NgImage/002_20200902_082621(8).bmp,002_20200902_082621(8),.bmp,316,332,P,e8b3063aed47a6cbe256008368b1619c80b0b66357b4a6d88855a1886e0f85fa,1호기,128,False,True
4. X-ray 검사장비 AI 데이터셋/dataset/test1/yolov3/X선이물검출기(06.23_09.22)/1호기(2020.09.22)/SN77128_20200902_NgImage/002_20200902_082626(3).bmp,002_20200902_082626(3),.bmp,316,332,P,68f9b0a903cc1ddb43064a13a03e22551f3ecad8f104ae5d3e422308a4f976be,1호기,128,False,True
4. X-ray 검사장비 AI 데이터셋/dataset/test1/yolov3/X선이물검출기(06.23_09.22)/1호기(2020.09.22)/SN77128_20200902_NgImage/002_20200902_082638(8).bmp,002_20200902_082638(8),.bmp,316,332,P,c7aad68ba784fdbf744a95636337114d210bb0a63ff6254a6ada0e055e1913cd,1호기,128,False,True
4. X-ray 검사장비 AI 데이터셋/dataset/test1/yolov3/X선이물검출기(06.23_09.22)/1호기(2020.09.22)/SN77128_20200904_NgImage/002_20200904_230034(7).bmp,002_20200904_230034(7),.bmp,316,332,P,aa7a672582380183e33559a13ff920d2075b50c62b4cdd1164d94abc2497a988,1호기,293,False,True
4. X-ray 검사장비 AI 데이터셋/dataset/test1/yolov3/X선이물검출기(06.23_09.22)/1호기(2020.09.22)/SN77128_20200904_NgImage/002_20200904_230038(7).bmp,002_20200904_230038(7),.bmp,316,332,P,5f6d0f36604ba4963391dc2aea5ac380c78f1c7fd896f304cb3311f4db8baad3,1호기,293,False,True
4. X-ray 검사장비 AI 데이터셋/dataset/test1/yolov3/X선이물검출기(06.23_09.22)/1호기(2020.09.22)/SN77128_20200904_NgImage/002_20200904_230042(8).bmp,002_20200904_230042(8),.bmp,316,332,P,976db47d219402116ebbf50774440d8356257384a56949cf76b6cadf2297fc22,1호기,165,False,True
4. X-ray 검사장비 AI 데이터셋/dataset/test1/yolov3/X선이물검출기(06.23_09.22)/1호기(2020.09.22)/SN77128_20200904_NgImage/002_20200904_230047(1).bmp,002_20200904_230047(1),.bmp,316,332,P,5bd5bf0056e96eed1afefb28b1bf553c4fea8323d35f4363f52f771b8c9c0421,1호기,165,False,True
4. X-ray 검사장비 AI 데이터셋/dataset/test1/yolov3/X선이물검출기(06.23_09.22)/1호기(2020.09.22)/SN77128_20200904_NgImage/002_20200904_230050(8).bmp,002_20200904_230050(8),.bmp,316,332,P,8ea39f8a9ca51feadda60ebea31c6b4067d696bd6681505e024016906b32f999,1호기,293,False,True
4. X-ray 검사장비 AI 데이터셋/dataset/test1/yolov3/X선이물검출기(06.23_09.22)/1호기(2020.09.22)/SN77128_20200904_NgImage/002_20200904_230054(7).bmp,002_20200904_230054(7),.bmp,316,332,P,9606dd2eb2c51d17920c53ce63ab425d4130a3c2f6d3435cb950a9dde2ab471d,1호기,293,False,True
4. X-ray 검사장비 AI 데이터셋/dataset/test1/yolov3/X선이물검출기(06.23_09.22)/1호기(2020.09.22)/SN77128_20200904_NgImage/002_20200904_230301(9).bmp,002_20200904_230301(9),.bmp,316,332,P,e399dfeb576e084e04472261f0fd20aba669770a44a43eeed95e2847c205f964,1호기,128,False,True
4. X-ray 검사장비 AI 데이터셋/dataset/test1/yolov3/X선이물검출기(06.23_09.22)/1호기(2020.09.22)/SN77128_20200904_NgImage/002_20200904_230305(2).bmp,002_20200904_230305(2),.bmp,316,332,P,3de9904c97305b9f1c623807909b984e64fcdc0c5a0b9b257f6ecc5949339ace,1호기,128,False,True
4. X-ray 검사장비 AI 데이터셋/dataset/test1/yolov3/X선이물검출기(06.23_09.22)/1호기(2020.09.22)/SN77128_20200904_NgImage/002_20200904_230308(3).bmp,002_20200904_230308(3),.bmp,316,332,P,e608d4fb0e4f6e0903254cf4e6b0ea4d90af736c30f25b54d453abe269f8ec3c,1호기,128,False,True
4. X-ray 검사장비 AI 데이터셋/dataset/test1/yolov3/X선이물검출기(06.23_09.22)/1호기(2020.09.22)/SN77128_20200904_NgImage/002_20200904_230314(3).bmp,002_20200904_230314(3),.bmp,316,332,P,84fa331ed87f61ae6299c1a0f1c4862b728dd543c08d9616c635a1c9766d4ea9,1호기,128,False,True
4. X-ray 검사장비 AI 데이터셋/dataset/test1/yolov3/X선이물검출기(06.23_09.22)/1호기(2020.09.22)/SN77128_20200904_NgImage/002_20200904_230345(2).bmp,002_20200904_230345(2),.bmp,316,332,P,f70c20db71eaa6584e8f27da4607565555227fc86cefa710cccc140a394b7b53,1호기,128,False,True
4. X-ray 검사장비 AI 데이터셋/dataset/test1/yolov3/X선이물검출기(06.23_09.22)/1호기(2020.09.22)/SN77128_20200904_NgImage/002_20200904_230349(3).bmp,002_20200904_230349(3),.bmp,316,332,P,1d4857a2e0be745ec805fb1aae8e2f718325568e238838f9d4580bb1f0e75d27,1호기,128,False,True
4. X-ray 검사장비 AI 데이터셋/dataset/test1/yolov3/X선이물검출기(06.23_09.22)/1호기(2020.09.22)/SN77128_20200905_NgImage/002_20200904_230301(9).bmp,002_20200904_230301(9),.bmp,316,332,P,e399dfeb576e084e04472261f0fd20aba669770a44a43eeed95e2847c205f964,1호기,128,False,True
4. X-ray 검사장비 AI 데이터셋/dataset/test1/yolov3/X선이물검출기(06.23_09.22)/1호기(2020.09.22)/SN77128_20200905_NgImage/002_20200904_230305(2).bmp,002_20200904_230305(2),.bmp,316,332,P,3de9904c97305b9f1c623807909b984e64fcdc0c5a0b9b257f6ecc5949339ace,1호기,128,False,True
4. X-ray 검사장비 AI 데이터셋/dataset/test1/yolov3/X선이물검출기(06.23_09.22)/1호기(2020.09.22)/SN77128_20200905_NgImage/002_20200904_230308(3).bmp,002_20200904_230308(3),.bmp,316,332,P,e608d4fb0e4f6e0903254cf4e6b0ea4d90af736c30f25b54d453abe269f8ec3c,1호기,128,False,True
4. X-ray 검사장비 AI 데이터셋/dataset/test1/yolov3/X선이물검출기(06.23_09.22)/1호기(2020.09.22)/SN77128_20200905_NgImage/002_20200904_230314(3).bmp,002_20200904_230314(3),.bmp,316,332,P,84fa331ed87f61ae6299c1a0f1c4862b728dd543c08d9616c635a1c9766d4ea9,1호기,128,False,True
4. X-ray 검사장비 AI 데이터셋/dataset/test1/yolov3/X선이물검출기(06.23_09.22)/1호기(2020.09.22)/SN77128_20200905_NgImage/002_20200904_230345(2).bmp,002_20200904_230345(2),.bmp,316,332,P,f70c20db71eaa6584e8f27da4607565555227fc86cefa710cccc140a394b7b53,1호기,128,False,True
4. X-ray 검사장비 AI 데이터셋/dataset/test1/yolov3/X선이물검출기(06.23_09.22)/1호기(2020.09.22)/SN77128_20200905_NgImage/002_20200904_230349(3).bmp,002_20200904_230349(3),.bmp,316,332,P,1d4857a2e0be745ec805fb1aae8e2f718325568e238838f9d4580bb1f0e75d27,1호기,128,False,True
4. X-ray 검사장비 AI 데이터셋/dataset/test1/yolov3/X선이물검출기(06.23_09.22)/1호기(2020.09.22)/SN77128_20200905_NgImage/002_20200905_003146(9).bmp,002_20200905_003146(9),.bmp,316,332,P,4bc92ecb9a0a934bf3a28b39982459a8848549c20ea9853af5fb01b7d589c582,1호기,128,False,True
4. X-ray 검사장비 AI 데이터셋/dataset/test1/yolov3/X선이물검출기(06.23_09.22)/1호기(2020.09.22)/SN77128_20200905_NgImage/002_20200905_003154(8).bmp,002_20200905_003154(8),.bmp,316,332,P,9db219784f169bec03a854a788a4385191b039bc8fc4ce3c8b3414b850ef2ab8,1호기,128,False,True
4. X-ray 검사장비 AI 데이터셋/dataset/test1/yolov3/X선이물검출기(06.23_09.22)/1호기(2020.09.22)/SN77128_20200905_NgImage/002_20200905_003158(8).bmp,002_20200905_003158(8),.bmp,316,332,P,7bf5ff882b10e9fb0b50bbae29ef2d05d16b0e9bf4f809855fcfe6f4c399dd42,1호기,128,False,True
4. X-ray 검사장비 AI 데이터셋/dataset/test1/yolov3/X선이물검출기(06.23_09.22)/1호기(2020.09.22)/SN77128_20200905_NgImage/002_20200905_003202(9).bmp,002_20200905_003202(9),.bmp,316,332,P,14f62a318642f292097f40667e20a4d242d17e3d04bbf8bec048cc51e5252ff6,1호기,128,False,True
4. X-ray 검사장비 AI 데이터셋/dataset/test1/yolov3/X선이물검출기(06.23_09.22)/1호기(2020.09.22)/SN77128_20200905_NgImage/002_20200905_003210(8).bmp,002_20200905_003210(8),.bmp,316,332,P,0b4fdce408509db3dc0cbacd88d8b35c16738e5c52832b6da21e83b3a3d4f2c1,1호기,128,False,True
4. X-ray 검사장비 AI 데이터셋/dataset/test1/yolov3/X선이물검출기(06.23_09.22)/1호기(2020.09.22)/SN77128_20200905_NgImage/002_20200905_003220(7).bmp,002_20200905_003220(7),.bmp,316,332,P,2039024b2573a4cb97c93cd31b110e1bbcd413590c44dc2efdf382f9220090e2,1호기,128,False,True
4. X-ray 검사장비 AI 데이터셋/dataset/test1/yolov3/X선이물검출기(06.23_09.22)/1호기(2020.09.22)/SN77128_20200905_NgImage/002_20200905_043116(7).bmp,002_20200905_043116(7),.bmp,316,332,P,b0d34f84bc86c72d73f0612e6454c0109fd1d080d59d80e9093d7906773886ee,1호기,128,False,True
4. X-ray 검사장비 AI 데이터셋/dataset/test1/yolov3/X선이물검출기(06.23_09.22)/1호기(2020.09.22)/SN77128_20200905_NgImage/002_20200905_043119(3).bmp,002_20200905_043119(3),.bmp,316,332,P,4c9bb5ac84b380c7efd672030edc00aed41ef31c9989915c8d64dc17e2676365,1호기,128,False,True
4. X-ray 검사장비 AI 데이터셋/dataset/test1/yolov3/X선이물검출기(06.23_09.22)/1호기(2020.09.22)/SN77128_20200905_NgImage/002_20200905_043122(0).bmp,002_20200905_043122(0),.bmp,316,332,P,dc237d0f74af2c4f5e8ddee4dc5e542ff914f184ab67567ecc71aa5c7d91a8ac,1호기,128,False,True
4. X-ray 검사장비 AI 데이터셋/dataset/test1/yolov3/X선이물검출기(06.23_09.22)/1호기(2020.09.22)/SN77128_20200905_NgImage/002_20200905_043124(6).bmp,002_20200905_043124(6),.bmp,316,332,P,9ad3e2275b81da3123066129e58d34342483288ace38b1691e28bf876bf89c03,1호기,128,False,True
4. X-ray 검사장비 AI 데이터셋/dataset/test1/yolov3/X선이물검출기(06.23_09.22)/1호기(2020.09.22)/SN77128_20200905_NgImage/002_20200905_043129(6).bmp,002_20200905_043129(6),.bmp,316,332,P,5e493a21fe6cb708ebbfcab8daba825a69b110c0a4bf5b68995530b28bed0d06,1호기,136,False,True
4. X-ray 검사장비 AI 데이터셋/dataset/test1/yolov3/X선이물검출기(06.23_09.22)/1호기(2020.09.22)/SN77128_20200905_NgImage/002_20200905_043135(3).bmp,002_20200905_043135(3),.bmp,316,332,P,bad82710d33bbd814c4478839e228b7fd894282626b2dc60eac602231354b6ca,1호기,128,False,True
4. X-ray 검사장비 AI 데이터셋/dataset/test1/yolov3/X선이물검출기(06.23_09.22)/1호기(2020.09.22)/SN77128_20200905_NgImage/002_20200905_083100(6).bmp,002_20200905_083100(6),.bmp,316,332,P,b09cd61572c022fba6dee8c790b397760f88440f7deeaf45d0e50796a3155455,1호기,128,False,True
4. X-ray 검사장비 AI 데이터셋/dataset/test1/yolov3/X선이물검출기(06.23_09.22)/1호기(2020.09.22)/SN77128_20200905_NgImage/002_20200905_083104(6).bmp,002_20200905_083104(6),.bmp,316,332,P,aede7818566d58cba5936695e368e0bb1a0ae5060d7ff97c722705eee684a0a4,1호기,128,False,True
4. X-ray 검사장비 AI 데이터셋/dataset/test1/yolov3/X선이물검출기(06.23_09.22)/1호기(2020.09.22)/SN77128_20200905_NgImage/002_20200905_083116(7).bmp,002_20200905_083116(7),.bmp,316,332,P,b0aec401f8092f8eb954639051173d6c91743525165c8da8793dcac1539c293b,1호기,128,False,True
4. X-ray 검사장비 AI 데이터셋/dataset/test1/yolov3/X선이물검출기(06.23_09.22)/1호기(2020.09.22)/SN77128_20200905_NgImage/002_20200905_083120(6).bmp,002_20200905_083120(6),.bmp,316,332,P,037947ac995ee89e97c38bcd725a7e301743eb8c65d469683249f1fb7bd69924,1호기,128,False,True
4. X-ray 검사장비 AI 데이터셋/dataset/test1/yolov3/X선이물검출기(06.23_09.22)/1호기(2020.09.22)/SN77128_20200905_NgImage/002_20200905_083124(7).bmp,002_20200905_083124(7),.bmp,316,332,P,ebd12c204005dc1750f21e57d13cd9ff04c65fbf5c3ae307d3781f9571fce5eb,1호기,128,False,True
4. X-ray 검사장비 AI 데이터셋/dataset/test1/yolov3/X선이물검출기(06.23_09.22)/1호기(2020.09.22)/SN77128_20200905_NgImage/002_20200905_083134(7).bmp,002_20200905_083134(7),.bmp,316,332,P,150e13e5c5f0a8389d1dd0b0d12f44a8ff70a09f7a4bb698f4113d310657cc4e,1호기,128,False,True
4. X-ray 검사장비 AI 데이터셋/dataset/test1/yolov3/X선이물검출기(06.23_09.22)/1호기(2020.09.22)/SN77128_20200905_NgImage/002_20200905_123051(5).bmp,002_20200905_123051(5),.bmp,316,332,P,a2eb2187ac4a84694649a98d1069467326f077c9d7318876673ef4de80ffb261,1호기,128,False,True
4. X-ray 검사장비 AI 데이터셋/dataset/test1/yolov3/X선이물검출기(06.23_09.22)/1호기(2020.09.22)/SN77128_20200905_NgImage/002_20200905_123055(5).bmp,002_20200905_123055(5),.bmp,316,332,P,a2237f859bf47e0fa1f34bcdd2fbadd63432004b8cd3cf967d8c3fbd7bb763e4,1호기,128,False,True
4. X-ray 검사장비 AI 데이터셋/dataset/test1/yolov3/X선이물검출기(06.23_09.22)/1호기(2020.09.22)/SN77128_20200905_NgImage/002_20200905_123059(6).bmp,002_20200905_123059(6),.bmp,316,332,P,9ac410a683d5cf5d0c7f39e730ebbad7f5e50fe380ec4d0190b3a1f737640289,1호기,128,False,True
4. X-ray 검사장비 AI 데이터셋/dataset/test1/yolov3/X선이물검출기(06.23_09.22)/1호기(2020.09.22)/SN77128_20200907_NgImage/002_20200907_204657(8).bmp,002_20200907_204657(8),.bmp,316,332,P,99b39748d94b8bde48d29f98a4828cec71f91f2d373a069e6ae65d92f7a63a4e,1호기,128,False,True
4. X-ray 검사장비 AI 데이터셋/dataset/test1/yolov3/X선이물검출기(06.23_09.22)/1호기(2020.09.22)/SN77128_20200908_NgImage/002_20200908_003259(2).bmp,002_20200908_003259(2),.bmp,316,332,P,4f71599b53eabaef28f818d43ca93d1c7b91be9fbd83c4f503aece9fa2d9446d,1호기,128,False,True
4. X-ray 검사장비 AI 데이터셋/dataset/test1/yolov3/X선이물검출기(06.23_09.22)/1호기(2020.09.22)/SN77128_20200908_NgImage/002_20200908_003303(8).bmp,002_20200908_003303(8),.bmp,316,332,P,7482b267bd00137b1505d2349c028c69601fc6c6f31bb95f4f817a105bf1ef3d,1호기,128,False,True
4. X-ray 검사장비 AI 데이터셋/dataset/test1/yolov3/X선이물검출기(06.23_09.22)/1호기(2020.09.22)/SN77128_20200908_NgImage/002_20200908_003308(2).bmp,002_20200908_003308(2),.bmp,316,332,P,ec10399f4576e771e7919559cc820274d695ca03339f674c6cb773b338fea70a,1호기,128,False,True
4. X-ray 검사장비 AI 데이터셋/dataset/test1/yolov3/X선이물검출기(06.23_09.22)/1호기(2020.09.22)/SN77128_20200908_NgImage/002_20200908_003312(9).bmp,002_20200908_003312(9),.bmp,316,332,P,f8af63567e0f3a69d039169e766b076973ed9c080a5cbc3c353a2475b2d73f39,1호기,128,False,True
4. X-ray 검사장비 AI 데이터셋/dataset/test1/yolov3/X선이물검출기(06.23_09.22)/1호기(2020.09.22)/SN77128_20200908_NgImage/002_20200908_003321(8).bmp,002_20200908_003321(8),.bmp,316,332,P,90463e1c0cd4ef308ff1001c7dcabcec62b99397bde4f595c05138afaa64aa6a,1호기,128,False,True
4. X-ray 검사장비 AI 데이터셋/dataset/test1/yolov3/X선이물검출기(06.23_09.22)/1호기(2020.09.22)/SN77128_20200908_NgImage/002_20200908_003330(9).bmp,002_20200908_003330(9),.bmp,316,332,P,80f0c0da5e1ed89b7411e16d65dffe3b77312f8c0d57b255d11f1c6f1024d22e,1호기,128,False,True
4. X-ray 검사장비 AI 데이터셋/dataset/test1/yolov3/X선이물검출기(06.23_09.22)/1호기(2020.09.22)/SN77128_20200908_NgImage/002_20200908_043104(3).bmp,002_20200908_043104(3),.bmp,316,332,P,8c308addf7f59f928e3755766b26cec1fcb3ac73108bb6cdcfade17c6a44ca8d,1호기,128,False,True
4. X-ray 검사장비 AI 데이터셋/dataset/test1/yolov3/X선이물검출기(06.23_09.22)/1호기(2020.09.22)/SN77128_20200908_NgImage/002_20200908_043108(7).bmp,002_20200908_043108(7),.bmp,316,332,P,9b3a9326e729169520c239d06f086a267db6edf88e5e1ae71f890434a943f7ec,1호기,128,False,True
4. X-ray 검사장비 AI 데이터셋/dataset/test1/yolov3/X선이물검출기(06.23_09.22)/1호기(2020.09.22)/SN77128_20200908_NgImage/002_20200908_043113(2).bmp,002_20200908_043113(2),.bmp,316,332,P,54665acf7b1e4afbedb0d7c57b43fa86716329bbddc90a9d36a640dbcfae4ed3,1호기,128,False,True
4. X-ray 검사장비 AI 데이터셋/dataset/test1/yolov3/X선이물검출기(06.23_09.22)/1호기(2020.09.22)/SN77128_20200908_NgImage/002_20200908_043117(6).bmp,002_20200908_043117(6),.bmp,316,332,P,e034674f05778d20cc1a35488e5d98e3e6f8e3f6a72c40d0e5603dde340b21c2,1호기,128,False,True
4. X-ray 검사장비 AI 데이터셋/dataset/test1/yolov3/X선이물검출기(06.23_09.22)/1호기(2020.09.22)/SN77128_20200908_NgImage/002_20200908_043122(1).bmp,002_20200908_043122(1),.bmp,316,332,P,05c9fdc9f8615b67d7f8eea84c9a8ffe647e918eedd6e8244abc0ddf1d7fd8e0,1호기,128,False,True
4. X-ray 검사장비 AI 데이터셋/dataset/test1/yolov3/X선이물검출기(06.23_09.22)/1호기(2020.09.22)/SN77128_20200908_NgImage/002_20200908_043126(7).bmp,002_20200908_043126(7),.bmp,316,332,P,a79ac87e2386333888eac1bc038e08cc2a08fa782becfd1724cf451c92c58456,1호기,128,False,True
4. X-ray 검사장비 AI 데이터셋/dataset/test1/yolov3/X선이물검출기(06.23_09.22)/1호기(2020.09.22)/SN77128_20200912_NgImage/002_20200912_021405(0).bmp,002_20200912_021405(0),.bmp,316,332,P,c1fffa45c0837dd6088da692e34e1d72d0993b2602d27b883bb3ac0b8eddd635,1호기,128,False,True
4. X-ray 검사장비 AI 데이터셋/dataset/test1/yolov3/X선이물검출기(06.23_09.22)/1호기(2020.09.22)/SN77128_20200912_NgImage/002_20200912_021411(6).bmp,002_20200912_021411(6),.bmp,316,332,P,4fd76a8696e782cc47cbdee86d5bc0071bfc4528cba4d36036e96b18e425abc0,1호기,128,False,True
4. X-ray 검사장비 AI 데이터셋/dataset/test1/yolov3/X선이물검출기(06.23_09.22)/1호기(2020.09.22)/SN77128_20200912_NgImage/002_20200912_021417(8).bmp,002_20200912_021417(8),.bmp,316,332,P,06c5e7ac5ecfbba8e198dae1162c464529422173b8473139fdf0ab2fa0ff0602,1호기,128,False,True
4. X-ray 검사장비 AI 데이터셋/dataset/test1/yolov3/X선이물검출기(06.23_09.22)/1호기(2020.09.22)/SN77128_20200912_NgImage/002_20200912_021420(7).bmp,002_20200912_021420(7),.bmp,316,332,P,bb81e17d25121313113e60368e717b1325f9b2ec1d30eccc0a7cabdf30fab941,1호기,128,False,True
4. X-ray 검사장비 AI 데이터셋/dataset/test1/yolov3/X선이물검출기(06.23_09.22)/1호기(2020.09.22)/SN77128_20200912_NgImage/002_20200912_021423(8).bmp,002_20200912_021423(8),.bmp,316,332,P,338e8f6512535464fcb789bd3948d33e84b1c8c4980d1edf5508f8578ec9b1f6,1호기,128,False,True
4. X-ray 검사장비 AI 데이터셋/dataset/test1/yolov3/X선이물검출기(06.23_09.22)/1호기(2020.09.22)/SN77128_20200912_NgImage/002_20200912_021430(0).bmp,002_20200912_021430(0),.bmp,316,332,P,e0dfa0379df0a2c00602c76262bca8a5b4b71e2d13bec1d0a078efec6054f501,1호기,136,False,True
4. X-ray 검사장비 AI 데이터셋/dataset/test1/yolov3/X선이물검출기(06.23_09.22)/1호기(2020.09.22)/SN77128_20200912_NgImage/002_20200912_043042(7).bmp,002_20200912_043042(7),.bmp,316,332,P,76cd4e7392ccc844d0abb6745aea5a4d721aaabf08bdfd56a3978810a3f6620c,1호기,128,False,True
4. X-ray 검사장비 AI 데이터셋/dataset/test1/yolov3/X선이물검출기(06.23_09.22)/1호기(2020.09.22)/SN77128_20200912_NgImage/002_20200912_043047(4).bmp,002_20200912_043047(4),.bmp,316,332,P,99b2b2e4351ec72ebdff63d2eac6a577269032257aef3eb540d18681aa4b22cd,1호기,128,False,True
4. X-ray 검사장비 AI 데이터셋/dataset/test1/yolov3/X선이물검출기(06.23_09.22)/1호기(2020.09.22)/SN77128_20200912_NgImage/002_20200912_043051(8).bmp,002_20200912_043051(8),.bmp,316,332,P,b07dc061f7d90443838097e8778682f072bbc56d0ab20a3cf95842ce51f04d8e,1호기,128,False,True
4. X-ray 검사장비 AI 데이터셋/dataset/test1/yolov3/X선이물검출기(06.23_09.22)/1호기(2020.09.22)/SN77128_20200912_NgImage/002_20200912_043056(4).bmp,002_20200912_043056(4),.bmp,316,332,P,90c3127df469418b9627e4b0c5a6cfd08d3da62fc85ea244cf0a5fdfd7f802e3,1호기,128,False,True
4. X-ray 검사장비 AI 데이터셋/dataset/test1/yolov3/X선이물검출기(06.23_09.22)/1호기(2020.09.22)/SN77128_20200912_NgImage/002_20200912_043105(3).bmp,002_20200912_043105(3),.bmp,316,332,P,8802e6afa0ec00aa1172ef6b8a604685cb857cac3ecf3ddabe09e836a07c357e,1호기,128,False,True
4. X-ray 검사장비 AI 데이터셋/dataset/test1/yolov3/X선이물검출기(06.23_09.22)/1호기(2020.09.22)/SN77128_20200912_NgImage/002_20200912_043123(2).bmp,002_20200912_043123(2),.bmp,316,332,P,a4da34fbe8e1b6a871ae08cb940b8b4e2d34d99fbb4edf3e2fcf5c5fb997823c,1호기,128,False,True
4. X-ray 검사장비 AI 데이터셋/dataset/test1/yolov3/X선이물검출기(06.23_09.22)/1호기(2020.09.22)/SN77128_20200912_NgImage/002_20200912_123204(6).bmp,002_20200912_123204(6),.bmp,316,332,P,d5a973e15aad9569ae96f82e12240ad98c2f43f9fc96aa706be54cef76e878f0,1호기,128,False,True
4. X-ray 검사장비 AI 데이터셋/dataset/test1/yolov3/X선이물검출기(06.23_09.22)/1호기(2020.09.22)/SN77128_20200912_NgImage/002_20200912_123207(7).bmp,002_20200912_123207(7),.bmp,316,332,P,9e55cb3bb7b35872b51a1c6ccc7cbaa406a6ac778cd23cd6445ce051df2ed0aa,1호기,136,False,True
4. X-ray 검사장비 AI 데이터셋/dataset/test1/yolov3/X선이물검출기(06.23_09.22)/1호기(2020.09.22)/SN77128_20200912_NgImage/002_20200912_123210(6).bmp,002_20200912_123210(6),.bmp,316,332,P,599b8e38bcd3ffe600a3af8fd7f8c5c4504522bd5c7d90b56a79a0f148e19280,1호기,128,False,True
4. X-ray 검사장비 AI 데이터셋/dataset/test1/yolov3/X선이물검출기(06.23_09.22)/1호기(2020.09.22)/SN77128_20200912_NgImage/002_20200912_123216(4).bmp,002_20200912_123216(4),.bmp,316,332,P,42a555775a1041899a4682f599e14d76811963080be0175b6fc05f3d8ca47a6c,1호기,128,False,True
4. X-ray 검사장비 AI 데이터셋/dataset/test1/yolov3/X선이물검출기(06.23_09.22)/1호기(2020.09.22)/SN77128_20200912_NgImage/002_20200912_123219(3).bmp,002_20200912_123219(3),.bmp,316,332,P,17c9a4ca90ca81ff915972e98b84f2db5cd23fe2293ce52092612e3f104a8933,1호기,128,False,True
4. X-ray 검사장비 AI 데이터셋/dataset/test1/yolov3/X선이물검출기(06.23_09.22)/1호기(2020.09.22)/SN77128_20200912_NgImage/002_20200912_123222(2).bmp,002_20200912_123222(2),.bmp,316,332,P,abe2521489d831843b4284aff422c7f918be20f1f76ac6f50e9c9d9fa60d583c,1호기,128,False,True
4. X-ray 검사장비 AI 데이터셋/dataset/test1/yolov3/X선이물검출기(06.23_09.22)/1호기(2020.09.22)/SN77128_20200912_NgImage/002_20200912_163052(9).bmp,002_20200912_163052(9),.bmp,316,332,P,be222b09aff3c06cecebc9875312d7c7c5223b5afcbccecb2713886975542a22,1호기,136,False,True
4. X-ray 검사장비 AI 데이터셋/dataset/test1/yolov3/X선이물검출기(06.23_09.22)/1호기(2020.09.22)/SN77128_20200912_NgImage/002_20200912_163058(9).bmp,002_20200912_163058(9),.bmp,316,332,P,7b01b648da40d6e575a08d487518ee5b90367aba617b3fa1f7a8fc3b515d0acc,1호기,128,False,True
4. X-ray 검사장비 AI 데이터셋/dataset/test1/yolov3/X선이물검출기(06.23_09.22)/1호기(2020.09.22)/SN77128_20200912_NgImage/002_20200912_163101(7).bmp,002_20200912_163101(7),.bmp,316,332,P,aacde3a75e410adbe467acfc7b270117c0a5a9a7d55398f27cd74d477504e221,1호기,128,False,True
4. X-ray 검사장비 AI 데이터셋/dataset/test1/yolov3/X선이물검출기(06.23_09.22)/1호기(2020.09.22)/SN77128_20200912_NgImage/002_20200912_163104(6).bmp,002_20200912_163104(6),.bmp,316,332,P,f447bbd8a738759d12e45520571c3ed416346667cb1c73fff761972295778998,1호기,128,False,True
4. X-ray 검사장비 AI 데이터셋/dataset/test1/yolov3/X선이물검출기(06.23_09.22)/1호기(2020.09.22)/SN77128_20200912_NgImage/002_20200912_163113(5).bmp,002_20200912_163113(5),.bmp,316,332,P,484685b796e341abcebb58a12bb5d8560b9bd203d69e63e938bf81f89098f3c0,1호기,128,False,True
4. X-ray 검사장비 AI 데이터셋/dataset/test1/yolov3/X선이물검출기(06.23_09.22)/1호기(2020.09.22)/SN77128_20200912_NgImage/002_20200912_163116(5).bmp,002_20200912_163116(5),.bmp,316,332,P,4141727a196be87efa4fce745e0c6218f7a724f8981fda7c5b057c387e7ba36a,1호기,128,False,True
4. X-ray 검사장비 AI 데이터셋/dataset/test1/yolov3/X선이물검출기(06.23_09.22)/1호기(2020.09.22)/SN77128_20200912_NgImage/002_20200912_202615(3).bmp,002_20200912_202615(3),.bmp,316,332,P,f6855bf96ae79a9f3e8e1df2a3f6cc4977c7ef5642913297b616bb0caeea2345,1호기,128,False,True
4. X-ray 검사장비 AI 데이터셋/dataset/test1/yolov3/X선이물검출기(06.23_09.22)/1호기(2020.09.22)/SN77128_20200912_NgImage/002_20200912_202619(7).bmp,002_20200912_202619(7),.bmp,316,332,P,d057274678819a45702cd467c21aeef95f54b9ff2089272660d28b523185bccb,1호기,128,False,True
4. X-ray 검사장비 AI 데이터셋/dataset/test1/yolov3/X선이물검출기(06.23_09.22)/1호기(2020.09.22)/SN77128_20200912_NgImage/002_20200912_202628(8).bmp,002_20200912_202628(8),.bmp,316,332,P,af9468ddbf0753fce978937de4dafe52b3e3818322a0b01050f76e131a415485,1호기,128,False,True
4. X-ray 검사장비 AI 데이터셋/dataset/test1/yolov3/X선이물검출기(06.23_09.22)/1호기(2020.09.22)/SN77128_20200912_NgImage/002_20200912_202633(1).bmp,002_20200912_202633(1),.bmp,316,332,P,7f3e86530f5c90138f216a907a6d21d3af37ebf02bfd1b59ead3fabf14f39bda,1호기,128,False,True
4. X-ray 검사장비 AI 데이터셋/dataset/test1/yolov3/X선이물검출기(06.23_09.22)/1호기(2020.09.22)/SN77128_20200912_NgImage/002_20200912_202637(8).bmp,002_20200912_202637(8),.bmp,316,332,P,cc9effe5f34d9822a39fe22905532702a886dd2a2a4bfc5296f2eb261e1efb45,1호기,128,False,True
4. X-ray 검사장비 AI 데이터셋/dataset/test1/yolov3/X선이물검출기(06.23_09.22)/1호기(2020.09.22)/SN77128_20200912_NgImage/002_20200912_202646(7).bmp,002_20200912_202646(7),.bmp,316,332,P,4f7ed526e6cbd2a62e7a1046455a7d33129da0b6d5a5d16acce6898e98051d15,1호기,128,False,True
4. X-ray 검사장비 AI 데이터셋/dataset/test1/yolov3/X선이물검출기(06.23_09.22)/1호기(2020.09.22)/SN77128_20200914_NgImage/002_20200914_082846(9).bmp,002_20200914_082846(9),.bmp,316,332,P,b6d9d797cc89d0ca9438a1e01044c2dea54e5d7ce94ac7a8f8a7ad86bc93035b,1호기,128,False,True
4. X-ray 검사장비 AI 데이터셋/dataset/test1/yolov3/X선이물검출기(06.23_09.22)/1호기(2020.09.22)/SN77128_20200914_NgImage/002_20200914_082856(2).bmp,002_20200914_082856(2),.bmp,316,332,P,a41d1a9b230e799c4d21ee1ea1e92c7f3b97e843c177ddead5e90d8119559d91,1호기,128,False,True
4. X-ray 검사장비 AI 데이터셋/dataset/test1/yolov3/X선이물검출기(06.23_09.22)/1호기(2020.09.22)/SN77128_20200914_NgImage/002_20200914_082904(6).bmp,002_20200914_082904(6),.bmp,316,332,P,7b72765c1873a6c9f365cfe065922378f5775e35c6573258b8f074558233c9d6,1호기,128,False,True
4. X-ray 검사장비 AI 데이터셋/dataset/test1/yolov3/X선이물검출기(06.23_09.22)/1호기(2020.09.22)/SN77128_20200914_NgImage/002_20200914_082910(5).bmp,002_20200914_082910(5),.bmp,316,332,P,d28037fb39de7a3c35d467eb63926d4046e5719ac72f9c21bc5b8a5798615eee,1호기,128,False,True
4. X-ray 검사장비 AI 데이터셋/dataset/test1/yolov3/X선이물검출기(06.23_09.22)/1호기(2020.09.22)/SN77128_20200914_NgImage/002_20200914_082918(3).bmp,002_20200914_082918(3),.bmp,316,332,P,f5eb65d65621dd93f57eaa9f808a92b63babbfce5c64b05bb87d7411359be9eb,1호기,128,False,True
4. X-ray 검사장비 AI 데이터셋/dataset/test1/yolov3/X선이물검출기(06.23_09.22)/1호기(2020.09.22)/SN77128_20200914_NgImage/002_20200914_082925(8).bmp,002_20200914_082925(8),.bmp,316,332,P,6a88cec008e95533c8c14da15046f0d52eecdc77eab09b7d3febaf37fc355741,1호기,128,False,True
4. X-ray 검사장비 AI 데이터셋/dataset/test1/yolov3/X선이물검출기(06.23_09.22)/1호기(2020.09.22)/SN77128_20200914_NgImage/002_20200914_123926(8).bmp,002_20200914_123926(8),.bmp,316,332,P,09d0db1943e5aad74d02fd779c151b93fb977793299ea4c119655de3c28db42a,1호기,128,False,True
4. X-ray 검사장비 AI 데이터셋/dataset/test1/yolov3/X선이물검출기(06.23_09.22)/1호기(2020.09.22)/SN77128_20200914_NgImage/002_20200914_123931(3).bmp,002_20200914_123931(3),.bmp,316,332,P,c877ee50dbe1a9c75e40157306fabaaff222e9ea803cda372868d4cd8a5c91f3,1호기,128,False,True
4. X-ray 검사장비 AI 데이터셋/dataset/test1/yolov3/X선이물검출기(06.23_09.22)/1호기(2020.09.22)/SN77128_20200914_NgImage/002_20200914_123935(7).bmp,002_20200914_123935(7),.bmp,316,332,P,64df911f8b6b1b3f61486b3bc27149735776b542a8f4d84c3da32f8039dcaf55,1호기,128,False,True
4. X-ray 검사장비 AI 데이터셋/dataset/test1/yolov3/X선이물검출기(06.23_09.22)/1호기(2020.09.22)/SN77128_20200914_NgImage/002_20200914_123940(1).bmp,002_20200914_123940(1),.bmp,316,332,P,15f0776e7589948492ee2d8b9b1db5eb8b89a0c3c2b8263530f3cf11ed11b646,1호기,128,False,True
4. X-ray 검사장비 AI 데이터셋/dataset/test1/yolov3/X선이물검출기(06.23_09.22)/1호기(2020.09.22)/SN77128_20200914_NgImage/002_20200914_123944(7).bmp,002_20200914_123944(7),.bmp,316,332,P,27b74af857f1dcf64c04290d8382bdcea222bfad60ef49cc28891d945ac0e825,1호기,128,False,True
4. X-ray 검사장비 AI 데이터셋/dataset/test1/yolov3/X선이물검출기(06.23_09.22)/1호기(2020.09.22)/SN77128_20200914_NgImage/002_20200914_123949(5).bmp,002_20200914_123949(5),.bmp,316,332,P,ab90929ac19bf7bf0f10d770690ff6cba4ad9af5dc929d5c0266d1a66455374e,1호기,128,False,True
4. X-ray 검사장비 AI 데이터셋/dataset/test1/yolov3/X선이물검출기(06.23_09.22)/1호기(2020.09.22)/SN77128_20200914_NgImage/002_20200914_163056(7).bmp,002_20200914_163056(7),.bmp,316,332,P,72f0f5aee5fe1b0dcad17e1a11dd48f9b4c0587c38877b93e19cb21988cffcb7,1호기,128,False,True
4. X-ray 검사장비 AI 데이터셋/dataset/test1/yolov3/X선이물검출기(06.23_09.22)/1호기(2020.09.22)/SN77128_20200914_NgImage/002_20200914_163101(1).bmp,002_20200914_163101(1),.bmp,316,332,P,9ccc178e1b9f96a4af287735af491d8777d1cbe96971d61645c7c166fb9265f4,1호기,128,False,True
4. X-ray 검사장비 AI 데이터셋/dataset/test1/yolov3/X선이물검출기(06.23_09.22)/1호기(2020.09.22)/SN77128_20200914_NgImage/002_20200914_163105(7).bmp,002_20200914_163105(7),.bmp,316,332,P,c6e290602f207c264af95f4b9fc4e2097b580b78b83ed9d46d6c37c292c792ff,1호기,136,False,True
4. X-ray 검사장비 AI 데이터셋/dataset/test1/yolov3/X선이물검출기(06.23_09.22)/1호기(2020.09.22)/SN77128_20200914_NgImage/002_20200914_163110(1).bmp,002_20200914_163110(1),.bmp,316,332,P,7a7745b8eefe0ce3b5052379a1ff9af812af4737fdbc4422d3e1bc75b8823a5d,1호기,128,False,True
4. X-ray 검사장비 AI 데이터셋/dataset/test1/yolov3/X선이물검출기(06.23_09.22)/1호기(2020.09.22)/SN77128_20200914_NgImage/002_20200914_163114(5).bmp,002_20200914_163114(5),.bmp,316,332,P,992356d30e927163e9d89854f3840042b7b733f6885bd25fa0e90b9b12664bac,1호기,128,False,True
4. X-ray 검사장비 AI 데이터셋/dataset/test1/yolov3/X선이물검출기(06.23_09.22)/1호기(2020.09.22)/SN77128_20200914_NgImage/002_20200914_163119(3).bmp,002_20200914_163119(3),.bmp,316,332,P,430e207e243e6a87a292961e11241c57b061087cc2926ce178031bd3878c285c,1호기,128,False,True
4. X-ray 검사장비 AI 데이터셋/dataset/test1/yolov3/X선이물검출기(06.23_09.22)/1호기(2020.09.22)/SN77128_20200914_NgImage/002_20200914_202928(5).bmp,002_20200914_202928(5),.bmp,316,332,P,351db7980482c47a70268f4885395db12d98b3f947feb87271c13a55eae223f7,1호기,128,False,True
4. X-ray 검사장비 AI 데이터셋/dataset/test1/yolov3/X선이물검출기(06.23_09.22)/1호기(2020.09.22)/SN77128_20200914_NgImage/002_20200914_202931(6).bmp,002_20200914_202931(6),.bmp,316,332,P,f854ab70b785a57cdefb5b0df9ed1fc78e9e99781f00da51ef128ff0cd3773e4,1호기,128,False,True
4. X-ray 검사장비 AI 데이터셋/dataset/test1/yolov3/X선이물검출기(06.23_09.22)/1호기(2020.09.22)/SN77128_20200914_NgImage/002_20200914_202934(5).bmp,002_20200914_202934(5),.bmp,316,332,P,dc5cd130835b9b0a4304564e4bf19b3b21cee95b5656009bf557fec7e4dfdf9d,1호기,128,False,True
4. X-ray 검사장비 AI 데이터셋/dataset/test1/yolov3/X선이물검출기(06.23_09.22)/1호기(2020.09.22)/SN77128_20200914_NgImage/002_20200914_202937(6).bmp,002_20200914_202937(6),.bmp,316,332,P,673959803d2a133e743b0af1fc763649eb32c1a512dee33e316fbab2a0394aa5,1호기,128,False,True
4. X-ray 검사장비 AI 데이터셋/dataset/test1/yolov3/X선이물검출기(06.23_09.22)/1호기(2020.09.22)/SN77128_20200914_NgImage/002_20200914_202943(5).bmp,002_20200914_202943(5),.bmp,316,332,P,91d8da7804656d11c3d2abecd73efa6a4d3057ab91927e9bc3abe0ecdad6afd2,1호기,128,False,True
4. X-ray 검사장비 AI 데이터셋/dataset/test1/yolov3/X선이물검출기(06.23_09.22)/1호기(2020.09.22)/SN77128_20200914_NgImage/002_20200914_202948(1).bmp,002_20200914_202948(1),.bmp,316,332,P,8a1ae44039ff216cbdf08bf7f9e6121f065376db7a20e33f06991834725192e0,1호기,128,False,True
4. X-ray 검사장비 AI 데이터셋/dataset/test1/yolov3/X선이물검출기(06.23_09.22)/1호기(2020.09.22)/SN77128_20200915_NgImage/002_20200914_202928(5).bmp,002_20200914_202928(5),.bmp,316,332,P,351db7980482c47a70268f4885395db12d98b3f947feb87271c13a55eae223f7,1호기,128,False,True
4. X-ray 검사장비 AI 데이터셋/dataset/test1/yolov3/X선이물검출기(06.23_09.22)/1호기(2020.09.22)/SN77128_20200915_NgImage/002_20200914_202931(6).bmp,002_20200914_202931(6),.bmp,316,332,P,f854ab70b785a57cdefb5b0df9ed1fc78e9e99781f00da51ef128ff0cd3773e4,1호기,128,False,True
4. X-ray 검사장비 AI 데이터셋/dataset/test1/yolov3/X선이물검출기(06.23_09.22)/1호기(2020.09.22)/SN77128_20200915_NgImage/002_20200914_202934(5).bmp,002_20200914_202934(5),.bmp,316,332,P,dc5cd130835b9b0a4304564e4bf19b3b21cee95b5656009bf557fec7e4dfdf9d,1호기,128,False,True
4. X-ray 검사장비 AI 데이터셋/dataset/test1/yolov3/X선이물검출기(06.23_09.22)/1호기(2020.09.22)/SN77128_20200915_NgImage/002_20200914_202937(6).bmp,002_20200914_202937(6),.bmp,316,332,P,673959803d2a133e743b0af1fc763649eb32c1a512dee33e316fbab2a0394aa5,1호기,128,False,True
4. X-ray 검사장비 AI 데이터셋/dataset/test1/yolov3/X선이물검출기(06.23_09.22)/1호기(2020.09.22)/SN77128_20200915_NgImage/002_20200914_202943(5).bmp,002_20200914_202943(5),.bmp,316,332,P,91d8da7804656d11c3d2abecd73efa6a4d3057ab91927e9bc3abe0ecdad6afd2,1호기,128,False,True
4. X-ray 검사장비 AI 데이터셋/dataset/test1/yolov3/X선이물검출기(06.23_09.22)/1호기(2020.09.22)/SN77128_20200915_NgImage/002_20200914_202948(1).bmp,002_20200914_202948(1),.bmp,316,332,P,8a1ae44039ff216cbdf08bf7f9e6121f065376db7a20e33f06991834725192e0,1호기,128,False,True
4. X-ray 검사장비 AI 데이터셋/dataset/test1/yolov3/X선이물검출기(06.23_09.22)/1호기(2020.09.22)/SN77128_20200915_NgImage/002_20200915_003458(4).bmp,002_20200915_003458(4),.bmp,316,332,P,341f44fecc81972bc4e05887d1617214ec89ba88d66973f8c9981129279633d0,1호기,128,False,True
4. X-ray 검사장비 AI 데이터셋/dataset/test1/yolov3/X선이물검출기(06.23_09.22)/1호기(2020.09.22)/SN77128_20200915_NgImage/002_20200915_003505(7).bmp,002_20200915_003505(7),.bmp,316,332,P,36253671c18ee7aa7cb3aad0a9072397247ba5b954cb4da5fc972e7953b61c71,1호기,128,False,True
4. X-ray 검사장비 AI 데이터셋/dataset/test1/yolov3/X선이물검출기(06.23_09.22)/1호기(2020.09.22)/SN77128_20200915_NgImage/002_20200915_003510(7).bmp,002_20200915_003510(7),.bmp,316,332,P,e681bd309b623e6f733139eb2dc25d5f20cfe614676c4ba85ab1f3d1db5d7263,1호기,128,False,True
4. X-ray 검사장비 AI 데이터셋/dataset/test1/yolov3/X선이물검출기(06.23_09.22)/1호기(2020.09.22)/SN77128_20200915_NgImage/002_20200915_003515(6).bmp,002_20200915_003515(6),.bmp,316,332,P,ffa3238df03f21abdd25d18c2c51bcb7360aa5aff90642d43248a13c1b289b7a,1호기,128,False,True
4. X-ray 검사장비 AI 데이터셋/dataset/test1/yolov3/X선이물검출기(06.23_09.22)/1호기(2020.09.22)/SN77128_20200915_NgImage/002_20200915_003523(1).bmp,002_20200915_003523(1),.bmp,316,332,P,ac69726a0d86983ff5de5b8f431ba6443b32f0abbf1eb5b698c3274ad3ca99a5,1호기,128,False,True
4. X-ray 검사장비 AI 데이터셋/dataset/test1/yolov3/X선이물검출기(06.23_09.22)/1호기(2020.09.22)/SN77128_20200915_NgImage/002_20200915_003532(1).bmp,002_20200915_003532(1),.bmp,316,332,P,815219405725bcf767cdf5a4e7b0b600c44e3ddac19c324343134a6b46d5415b,1호기,128,False,True
4. X-ray 검사장비 AI 데이터셋/dataset/test1/yolov3/X선이물검출기(06.23_09.22)/1호기(2020.09.22)/SN77128_20200915_NgImage/002_20200915_043352(7).bmp,002_20200915_043352(7),.bmp,316,332,P,d46e59cdead3f00cd27dfa42074f690b29ac5623c8096fb7d072b14df4c4eb65,1호기,128,False,True
4. X-ray 검사장비 AI 데이터셋/dataset/test1/yolov3/X선이물검출기(06.23_09.22)/1호기(2020.09.22)/SN77128_20200915_NgImage/002_20200915_043355(3).bmp,002_20200915_043355(3),.bmp,316,332,P,41db95979420e562315847323f37369e0cc01e90aaaf7ad39b4034e1c3ce8137,1호기,128,False,True
4. X-ray 검사장비 AI 데이터셋/dataset/test1/yolov3/X선이물검출기(06.23_09.22)/1호기(2020.09.22)/SN77128_20200915_NgImage/002_20200915_043358(1).bmp,002_20200915_043358(1),.bmp,316,332,P,be714e7226b2e93067cf5f11e786bb645919284ba363303649cb83cfdafd2e75,1호기,128,False,True
4. X-ray 검사장비 AI 데이터셋/dataset/test1/yolov3/X선이물검출기(06.23_09.22)/1호기(2020.09.22)/SN77128_20200915_NgImage/002_20200915_043401(0).bmp,002_20200915_043401(0),.bmp,316,332,P,d5f1432fafb0f27bd29a27868d8404bec80c31a4f27241777864af99a803aec6,1호기,128,False,True
4. X-ray 검사장비 AI 데이터셋/dataset/test1/yolov3/X선이물검출기(06.23_09.22)/1호기(2020.09.22)/SN77128_20200915_NgImage/002_20200915_043406(9).bmp,002_20200915_043406(9),.bmp,316,332,P,260d14f1b97e019099e61073bf940970585b4e82d47f3dad56446f81ee0fd074,1호기,128,False,True
4. X-ray 검사장비 AI 데이터셋/dataset/test1/yolov3/X선이물검출기(06.23_09.22)/1호기(2020.09.22)/SN77128_20200915_NgImage/002_20200915_043416(7).bmp,002_20200915_043416(7),.bmp,316,332,P,1aed3fa2d86043c9cf5b220f6d8312d561e9f097a54a118cf30197fe8d0863be,1호기,128,False,True
4. X-ray 검사장비 AI 데이터셋/dataset/test1/yolov3/X선이물검출기(06.23_09.22)/1호기(2020.09.22)/SN77128_20200915_NgImage/002_20200915_083053(7).bmp,002_20200915_083053(7),.bmp,316,332,P,1542a65fd848299a064f3c345c283e6f412d0399d4fc7333fb9266ad89b3be06,1호기,128,False,True
4. X-ray 검사장비 AI 데이터셋/dataset/test1/yolov3/X선이물검출기(06.23_09.22)/1호기(2020.09.22)/SN77128_20200915_NgImage/002_20200915_083056(7).bmp,002_20200915_083056(7),.bmp,316,332,P,6d6f7cc79dcd8850d7391db0dab613cf63b2fe25dce4177d2b8b356fed193f50,1호기,128,False,True
4. X-ray 검사장비 AI 데이터셋/dataset/test1/yolov3/X선이물검출기(06.23_09.22)/1호기(2020.09.22)/SN77128_20200915_NgImage/002_20200915_083101(1).bmp,002_20200915_083101(1),.bmp,316,332,P,f4c36eb62685f647d8c8620ae1bc2ab74a18bf1a791be9abc4afa819b6c9cbd5,1호기,128,False,True
4. X-ray 검사장비 AI 데이터셋/dataset/test1/yolov3/X선이물검출기(06.23_09.22)/1호기(2020.09.22)/SN77128_20200915_NgImage/002_20200915_083104(1).bmp,002_20200915_083104(1),.bmp,316,332,P,196ede32dfb2ff961c18670cac8644e291518a33f1d08976cbcf0d96950c9cae,1호기,128,False,True
4. X-ray 검사장비 AI 데이터셋/dataset/test1/yolov3/X선이물검출기(06.23_09.22)/1호기(2020.09.22)/SN77128_20200915_NgImage/002_20200915_083107(1).bmp,002_20200915_083107(1),.bmp,316,332,P,efccc80053a5d85952b568436819d27cf4e349e116788f37a990ebbbb7cd33ed,1호기,128,False,True
4. X-ray 검사장비 AI 데이터셋/dataset/test1/yolov3/X선이물검출기(06.23_09.22)/1호기(2020.09.22)/SN77128_20200915_NgImage/002_20200915_083117(6).bmp,002_20200915_083117(6),.bmp,316,332,P,7489058677de94ee04b5969c11f98aac6431703b631d3ea67c0ec774e40ee444,1호기,128,False,True
4. X-ray 검사장비 AI 데이터셋/dataset/test1/yolov3/X선이물검출기(06.23_09.22)/1호기(2020.09.22)/SN77128_20200915_NgImage/002_20200915_123113(2).bmp,002_20200915_123113(2),.bmp,316,332,P,5c70df2cc87bfcac3dc26fc7cae5cba31e2f391deb45488b7b379e2290cd745e,1호기,128,False,True
4. X-ray 검사장비 AI 데이터셋/dataset/test1/yolov3/X선이물검출기(06.23_09.22)/1호기(2020.09.22)/SN77128_20200915_NgImage/002_20200915_123117(6).bmp,002_20200915_123117(6),.bmp,316,332,P,45ef71ec76e883686c649665c020c79ffb9e1d21b162a628ded78a0a2f6129e7,1호기,128,False,True
4. X-ray 검사장비 AI 데이터셋/dataset/test1/yolov3/X선이물검출기(06.23_09.22)/1호기(2020.09.22)/SN77128_20200915_NgImage/002_20200915_123126(5).bmp,002_20200915_123126(5),.bmp,316,332,P,d5af3e43a89b29d9fcee61ebbefc9b226403abd29aa7d86eed4f99be9225cbc9,1호기,128,False,True
4. X-ray 검사장비 AI 데이터셋/dataset/test1/yolov3/X선이물검출기(06.23_09.22)/1호기(2020.09.22)/SN77128_20200915_NgImage/002_20200915_123131(1).bmp,002_20200915_123131(1),.bmp,316,332,P,ae8fa87123e505a67ea1b17a6136f4dee5c26c3421503ee5c4aa3721b5422340,1호기,128,False,True
4. X-ray 검사장비 AI 데이터셋/dataset/test1/yolov3/X선이물검출기(06.23_09.22)/1호기(2020.09.22)/SN77128_20200915_NgImage/002_20200915_123135(7).bmp,002_20200915_123135(7),.bmp,316,332,P,a8a79599591885cf09df4a036261658b96cba6978880c031a2bfb16b7d569bb6,1호기,136,False,True
4. X-ray 검사장비 AI 데이터셋/dataset/test1/yolov3/X선이물검출기(06.23_09.22)/1호기(2020.09.22)/SN77128_20200915_NgImage/002_20200915_123140(1).bmp,002_20200915_123140(1),.bmp,316,332,P,e4ee7fd9fec9ffddcb5431043b64722ca07300e3a89b448c3bad489688fd0a4d,1호기,128,False,True
4. X-ray 검사장비 AI 데이터셋/dataset/test1/yolov3/X선이물검출기(06.23_09.22)/1호기(2020.09.22)/SN77128_20200915_NgImage/002_20200915_163129(0).bmp,002_20200915_163129(0),.bmp,316,332,P,e95c5efae62f7f653f349b5c0b8c391ad2732a5c0bc9554fd5a07518ded8289a,1호기,136,False,True
4. X-ray 검사장비 AI 데이터셋/dataset/test1/yolov3/X선이물검출기(06.23_09.22)/1호기(2020.09.22)/SN77128_20200915_NgImage/002_20200915_163133(5).bmp,002_20200915_163133(5),.bmp,316,332,P,699cf25efe0c365e20de0d3f36440a7e70200e029f1ddaec77dd6de9628b8dd6,1호기,128,False,True
4. X-ray 검사장비 AI 데이터셋/dataset/test1/yolov3/X선이물검출기(06.23_09.22)/1호기(2020.09.22)/SN77128_20200915_NgImage/002_20200915_163144(0).bmp,002_20200915_163144(0),.bmp,316,332,P,8548777f1eb8e5ba6fadf3df8112ab753e8c0cede89f0dfa10a15f6121fe561f,1호기,128,False,True
4. X-ray 검사장비 AI 데이터셋/dataset/test1/yolov3/X선이물검출기(06.23_09.22)/1호기(2020.09.22)/SN77128_20200915_NgImage/002_20200915_163154(5).bmp,002_20200915_163154(5),.bmp,316,332,P,cb90544b5fb44f2e7e35be0bf90adb34c30e245cbfdde91b66aee7e078d30d30,1호기,128,False,True
4. X-ray 검사장비 AI 데이터셋/dataset/test1/yolov3/X선이물검출기(06.23_09.22)/1호기(2020.09.22)/SN77128_20200915_NgImage/002_20200915_163158(9).bmp,002_20200915_163158(9),.bmp,316,332,P,ec725c06f1f5271914829e3977855069898955495b34b2ff88e960bc55a654f3,1호기,128,False,True
4. X-ray 검사장비 AI 데이터셋/dataset/test1/yolov3/X선이물검출기(06.23_09.22)/1호기(2020.09.22)/SN77128_20200915_NgImage/002_20200915_163203(4).bmp,002_20200915_163203(4),.bmp,316,332,P,e975e1ffcb3b79631a958e7a3c5b38190f6346a3a864b02276633352008f3d9b,1호기,128,False,True
4. X-ray 검사장비 AI 데이터셋/dataset/test1/yolov3/X선이물검출기(06.23_09.22)/1호기(2020.09.22)/SN77128_20200915_NgImage/002_20200915_203209(5).bmp,002_20200915_203209(5),.bmp,316,332,P,fb5311ed75a36b27407f8a3b3a1c1c1c0c24ff6b93413b189790eaaba0e7c73e,1호기,128,False,True
4. X-ray 검사장비 AI 데이터셋/dataset/test1/yolov3/X선이물검출기(06.23_09.22)/1호기(2020.09.22)/SN77128_20200915_NgImage/002_20200915_203212(5).bmp,002_20200915_203212(5),.bmp,316,332,P,6ef9ff90a7bb420c1792084614b62843cb348d2dcce5ce4c209131d9e0d9fd2f,1호기,128,False,True
4. X-ray 검사장비 AI 데이터셋/dataset/test1/yolov3/X선이물검출기(06.23_09.22)/1호기(2020.09.22)/SN77128_20200915_NgImage/002_20200915_203215(5).bmp,002_20200915_203215(5),.bmp,316,332,P,9991ff8dd92141171ed74a525b006d5c71b40b63f1e98b416cc9a495791c2804,1호기,128,False,True
4. X-ray 검사장비 AI 데이터셋/dataset/test1/yolov3/X선이물검출기(06.23_09.22)/1호기(2020.09.22)/SN77128_20200915_NgImage/002_20200915_203218(5).bmp,002_20200915_203218(5),.bmp,316,332,P,065a045675662732cfd5060453daf989ff15b3b164c20c243c6b217b747821f8,1호기,128,False,True
4. X-ray 검사장비 AI 데이터셋/dataset/test1/yolov3/X선이물검출기(06.23_09.22)/1호기(2020.09.22)/SN77128_20200915_NgImage/002_20200915_203224(4).bmp,002_20200915_203224(4),.bmp,316,332,P,a53d151288a031d5e4f9e016a33910c820967e81e6d5f54074ee1f0d8acda62d,1호기,128,False,True
4. X-ray 검사장비 AI 데이터셋/dataset/test1/yolov3/X선이물검출기(06.23_09.22)/1호기(2020.09.22)/SN77128_20200915_NgImage/002_20200915_203229(1).bmp,002_20200915_203229(1),.bmp,316,332,P,c5c6e9336067ed2a75f46e26c2a260c3b6a59245b83c5e3d8293508260130922,1호기,128,False,True
4. X-ray 검사장비 AI 데이터셋/dataset/test1/yolov3/X선이물검출기(06.23_09.22)/1호기(2020.09.22)/SN77128_20200916_NgImage/002_20200915_203209(5).bmp,002_20200915_203209(5),.bmp,316,332,P,fb5311ed75a36b27407f8a3b3a1c1c1c0c24ff6b93413b189790eaaba0e7c73e,1호기,128,False,True
4. X-ray 검사장비 AI 데이터셋/dataset/test1/yolov3/X선이물검출기(06.23_09.22)/1호기(2020.09.22)/SN77128_20200916_NgImage/002_20200915_203212(5).bmp,002_20200915_203212(5),.bmp,316,332,P,6ef9ff90a7bb420c1792084614b62843cb348d2dcce5ce4c209131d9e0d9fd2f,1호기,128,False,True
4. X-ray 검사장비 AI 데이터셋/dataset/test1/yolov3/X선이물검출기(06.23_09.22)/1호기(2020.09.22)/SN77128_20200916_NgImage/002_20200915_203215(5).bmp,002_20200915_203215(5),.bmp,316,332,P,9991ff8dd92141171ed74a525b006d5c71b40b63f1e98b416cc9a495791c2804,1호기,128,False,True
4. X-ray 검사장비 AI 데이터셋/dataset/test1/yolov3/X선이물검출기(06.23_09.22)/1호기(2020.09.22)/SN77128_20200916_NgImage/002_20200915_203218(5).bmp,002_20200915_203218(5),.bmp,316,332,P,065a045675662732cfd5060453daf989ff15b3b164c20c243c6b217b747821f8,1호기,128,False,True
4. X-ray 검사장비 AI 데이터셋/dataset/test1/yolov3/X선이물검출기(06.23_09.22)/1호기(2020.09.22)/SN77128_20200916_NgImage/002_20200915_203224(4).bmp,002_20200915_203224(4),.bmp,316,332,P,a53d151288a031d5e4f9e016a33910c820967e81e6d5f54074ee1f0d8acda62d,1호기,128,False,True
4. X-ray 검사장비 AI 데이터셋/dataset/test1/yolov3/X선이물검출기(06.23_09.22)/1호기(2020.09.22)/SN77128_20200916_NgImage/002_20200915_203229(1).bmp,002_20200915_203229(1),.bmp,316,332,P,c5c6e9336067ed2a75f46e26c2a260c3b6a59245b83c5e3d8293508260130922,1호기,128,False,True
4. X-ray 검사장비 AI 데이터셋/dataset/test1/yolov3/X선이물검출기(06.23_09.22)/1호기(2020.09.22)/SN77128_20200916_NgImage/002_20200916_003104(1).bmp,002_20200916_003104(1),.bmp,316,332,P,493f185593aab8ed01d22ab03cb78a7ab572b604c1759fba1cc45407e9310659,1호기,128,False,True
4. X-ray 검사장비 AI 데이터셋/dataset/test1/yolov3/X선이물검출기(06.23_09.22)/1호기(2020.09.22)/SN77128_20200916_NgImage/002_20200916_003107(1).bmp,002_20200916_003107(1),.bmp,316,332,P,a198b306ff36a8faeb500896aa7798b43916762b8727a1c33e8aa225d4c88ade,1호기,128,False,True
4. X-ray 검사장비 AI 데이터셋/dataset/test1/yolov3/X선이물검출기(06.23_09.22)/1호기(2020.09.22)/SN77128_20200916_NgImage/002_20200916_003110(0).bmp,002_20200916_003110(0),.bmp,316,332,P,474d482b4624831e0fe9182e4326e2fbddf81affb32a994cce4db1c261c72305,1호기,128,False,True
4. X-ray 검사장비 AI 데이터셋/dataset/test1/yolov3/X선이물검출기(06.23_09.22)/1호기(2020.09.22)/SN77128_20200916_NgImage/002_20200916_003113(0).bmp,002_20200916_003113(0),.bmp,316,332,P,a81e9e54005e1b4e76dc6785e548e7758046bdf37be7bbcda7e68b5888d86b65,1호기,128,False,True
4. X-ray 검사장비 AI 데이터셋/dataset/test1/yolov3/X선이물검출기(06.23_09.22)/1호기(2020.09.22)/SN77128_20200916_NgImage/002_20200916_003115(9).bmp,002_20200916_003115(9),.bmp,316,332,P,1c8aa3b5158fd83aa163741d8fe17d568c97871b80bdd03575318ff8b257c7f6,1호기,128,False,True
4. X-ray 검사장비 AI 데이터셋/dataset/test1/yolov3/X선이물검출기(06.23_09.22)/1호기(2020.09.22)/SN77128_20200916_NgImage/002_20200916_003118(8).bmp,002_20200916_003118(8),.bmp,316,332,P,2e72dff89b6b971b1d312cb2f306f5e555922d6e4cc9b9624bb0762c9b7b5d09,1호기,128,False,True
4. X-ray 검사장비 AI 데이터셋/dataset/test1/yolov3/X선이물검출기(06.23_09.22)/1호기(2020.09.22)/SN77128_20200916_NgImage/002_20200916_043147(8).bmp,002_20200916_043147(8),.bmp,316,332,P,0f625d4e7815322c6234e6dbd111b74536a9988754df98954088a033628ac32e,1호기,128,False,True
4. X-ray 검사장비 AI 데이터셋/dataset/test1/yolov3/X선이물검출기(06.23_09.22)/1호기(2020.09.22)/SN77128_20200916_NgImage/002_20200916_043150(7).bmp,002_20200916_043150(7),.bmp,316,332,P,17e65b0df8e7ac819e5ade4a70da42799acdfe151722ab530ea74413de86a7f3,1호기,128,False,True
4. X-ray 검사장비 AI 데이터셋/dataset/test1/yolov3/X선이물검출기(06.23_09.22)/1호기(2020.09.22)/SN77128_20200916_NgImage/002_20200916_043153(7).bmp,002_20200916_043153(7),.bmp,316,332,P,c6ef630f3e9e818e3cb5c6eb6a28e0bf7e90840a96b0f4f02fdd980d6f04f48f,1호기,128,False,True
4. X-ray 검사장비 AI 데이터셋/dataset/test1/yolov3/X선이물검출기(06.23_09.22)/1호기(2020.09.22)/SN77128_20200916_NgImage/002_20200916_043156(6).bmp,002_20200916_043156(6),.bmp,316,332,P,542ea3e3f2aa30642a5f14fca3752b948a66e524a7dddf68ee651fea72c675f1,1호기,136,False,True
4. X-ray 검사장비 AI 데이터셋/dataset/test1/yolov3/X선이물검출기(06.23_09.22)/1호기(2020.09.22)/SN77128_20200916_NgImage/002_20200916_043202(6).bmp,002_20200916_043202(6),.bmp,316,332,P,851872d141cb720c0749ff7b84455c25b354fa960cd774e8b78d79b8bcd91e11,1호기,128,False,True
4. X-ray 검사장비 AI 데이터셋/dataset/test1/yolov3/X선이물검출기(06.23_09.22)/1호기(2020.09.22)/SN77128_20200916_NgImage/002_20200916_043211(3).bmp,002_20200916_043211(3),.bmp,316,332,P,d6e60168052bcb99863847e54ea19d55784a7f937ff064da540f1a4197efab2d,1호기,128,False,True
4. X-ray 검사장비 AI 데이터셋/dataset/test1/yolov3/X선이물검출기(06.23_09.22)/1호기(2020.09.22)/SN77128_20200916_NgImage/002_20200916_083037(0).bmp,002_20200916_083037(0),.bmp,316,332,P,609398b123ad5b11b752a456daba358f86e15d1ad33644c29fd29c1a45b7321d,1호기,128,False,True
4. X-ray 검사장비 AI 데이터셋/dataset/test1/yolov3/X선이물검출기(06.23_09.22)/1호기(2020.09.22)/SN77128_20200916_NgImage/002_20200916_083045(8).bmp,002_20200916_083045(8),.bmp,316,332,P,292f868a277f3c3699995df0d8cf850d9731561790bd1acf13c0b9485b2686b7,1호기,128,False,True
4. X-ray 검사장비 AI 데이터셋/dataset/test1/yolov3/X선이물검출기(06.23_09.22)/1호기(2020.09.22)/SN77128_20200916_NgImage/002_20200916_083050(2).bmp,002_20200916_083050(2),.bmp,316,332,P,a714175bb2a40fae09c13da411372bf983c1381bba9d127e681566b467d4ecb4,1호기,136,False,True
4. X-ray 검사장비 AI 데이터셋/dataset/test1/yolov3/X선이물검출기(06.23_09.22)/1호기(2020.09.22)/SN77128_20200916_NgImage/002_20200916_083057(6).bmp,002_20200916_083057(6),.bmp,316,332,P,f842bb708beabc80bcb51fa652ba04ddf1dbfbe688b712d59f63e0fe0392fd9e,1호기,128,False,True
4. X-ray 검사장비 AI 데이터셋/dataset/test1/yolov3/X선이물검출기(06.23_09.22)/1호기(2020.09.22)/SN77128_20200916_NgImage/002_20200916_083106(3).bmp,002_20200916_083106(3),.bmp,316,332,P,4106eca0801b4f5884a8665182d12e860745cf0a6c9186532343926f16f69bd9,1호기,128,False,True
4. X-ray 검사장비 AI 데이터셋/dataset/test1/yolov3/X선이물검출기(06.23_09.22)/1호기(2020.09.22)/SN77128_20200916_NgImage/002_20200916_083126(7).bmp,002_20200916_083126(7),.bmp,316,332,P,c5d7b113356c44d3fcf81026e135f0c6ac62d910ace5f7a5953d0fecd794f63b,1호기,128,False,True
4. X-ray 검사장비 AI 데이터셋/dataset/test1/yolov3/X선이물검출기(06.23_09.22)/1호기(2020.09.22)/SN77128_20200916_NgImage/002_20200916_122636(6).bmp,002_20200916_122636(6),.bmp,316,332,P,7ff4710f8ff5abe882e45553334d14dcaafb37d99b794bf1d625737101643d6c,1호기,128,False,True
4. X-ray 검사장비 AI 데이터셋/dataset/test1/yolov3/X선이물검출기(06.23_09.22)/1호기(2020.09.22)/SN77128_20200916_NgImage/002_20200916_122641(1).bmp,002_20200916_122641(1),.bmp,316,332,P,9775841af54219d45a5f5f754a4ed5e1ee1e170e36cc0dbe6d3a78544a419e69,1호기,136,False,True
4. X-ray 검사장비 AI 데이터셋/dataset/test1/yolov3/X선이물검출기(06.23_09.22)/1호기(2020.09.22)/SN77128_20200916_NgImage/002_20200916_122645(6).bmp,002_20200916_122645(6),.bmp,316,332,P,ad4d73e8eb9a257e65b106e7fa9903679e0fee1407e606283f2da4a8cf6cb1ab,1호기,128,False,True
4. X-ray 검사장비 AI 데이터셋/dataset/test1/yolov3/X선이물검출기(06.23_09.22)/1호기(2020.09.22)/SN77128_20200916_NgImage/002_20200916_122650(1).bmp,002_20200916_122650(1),.bmp,316,332,P,9d0da96d76b3b22d10301dda571e7b3474920a9cb3b1489b572c42f5c709f4df,1호기,136,False,True
4. X-ray 검사장비 AI 데이터셋/dataset/test1/yolov3/X선이물검출기(06.23_09.22)/1호기(2020.09.22)/SN77128_20200916_NgImage/002_20200916_122654(7).bmp,002_20200916_122654(7),.bmp,316,332,P,3473bdef9dd3df83aa0ccfa010f54bdcc355fa81b58ddf0c826f0d22e3fe6f77,1호기,128,False,True
4. X-ray 검사장비 AI 데이터셋/dataset/test1/yolov3/X선이물검출기(06.23_09.22)/1호기(2020.09.22)/SN77128_20200916_NgImage/002_20200916_122659(2).bmp,002_20200916_122659(2),.bmp,316,332,P,1b47b4fc77368d8097c0abccfe2b9cbeee50e9b8b4405569799c3cffae466acb,1호기,128,False,True
4. X-ray 검사장비 AI 데이터셋/dataset/test1/yolov3/X선이물검출기(06.23_09.22)/1호기(2020.09.22)/SN77128_20200916_NgImage/002_20200916_203122(3).bmp,002_20200916_203122(3),.bmp,316,332,P,f7ced9f842f4a65ebf2c1e28300538089dd222908e25557dc48599f0efec71eb,1호기,128,False,True
4. X-ray 검사장비 AI 데이터셋/dataset/test1/yolov3/X선이물검출기(06.23_09.22)/1호기(2020.09.22)/SN77128_20200916_NgImage/002_20200916_203126(3).bmp,002_20200916_203126(3),.bmp,316,332,P,1833d8abed23b2213d414c15989f7fe11a21f799705c5b83112a8b439cbfc9d2,1호기,128,False,True
4. X-ray 검사장비 AI 데이터셋/dataset/test1/yolov3/X선이물검출기(06.23_09.22)/1호기(2020.09.22)/SN77128_20200916_NgImage/002_20200916_203130(2).bmp,002_20200916_203130(2),.bmp,316,332,P,b6cde1d82801c7e4377b48c7127abd02aaeb3535815f9a39decbc51fd75d2a15,1호기,128,False,True
4. X-ray 검사장비 AI 데이터셋/dataset/test1/yolov3/X선이물검출기(06.23_09.22)/1호기(2020.09.22)/SN77128_20200916_NgImage/002_20200916_203134(2).bmp,002_20200916_203134(2),.bmp,316,332,P,2cc49101658b1575d692d243acdbf5b0c571703576424665823da7e051839b2f,1호기,136,False,True
4. X-ray 검사장비 AI 데이터셋/dataset/test1/yolov3/X선이물검출기(06.23_09.22)/1호기(2020.09.22)/SN77128_20200916_NgImage/002_20200916_203138(2).bmp,002_20200916_203138(2),.bmp,316,332,P,4f41a805e8b6c226c1d15d9d7e1a5bcfc60db6eb0e6c169cb99d95c56bd1e63c,1호기,128,False,True
4. X-ray 검사장비 AI 데이터셋/dataset/test1/yolov3/X선이물검출기(06.23_09.22)/1호기(2020.09.22)/SN77128_20200916_NgImage/002_20200916_203142(2).bmp,002_20200916_203142(2),.bmp,316,332,P,e977bc10954593140407aed8475d89f50b462caf213133e63b4e83abbe872745,1호기,128,False,True
4. X-ray 검사장비 AI 데이터셋/dataset/test1/yolov3/X선이물검출기(06.23_09.22)/1호기(2020.09.22)/SN77128_20200917_NgImage/002_20200916_203122(3).bmp,002_20200916_203122(3),.bmp,316,332,P,f7ced9f842f4a65ebf2c1e28300538089dd222908e25557dc48599f0efec71eb,1호기,128,False,True
4. X-ray 검사장비 AI 데이터셋/dataset/test1/yolov3/X선이물검출기(06.23_09.22)/1호기(2020.09.22)/SN77128_20200917_NgImage/002_20200916_203126(3).bmp,002_20200916_203126(3),.bmp,316,332,P,1833d8abed23b2213d414c15989f7fe11a21f799705c5b83112a8b439cbfc9d2,1호기,128,False,True
4. X-ray 검사장비 AI 데이터셋/dataset/test1/yolov3/X선이물검출기(06.23_09.22)/1호기(2020.09.22)/SN77128_20200917_NgImage/002_20200916_203130(2).bmp,002_20200916_203130(2),.bmp,316,332,P,b6cde1d82801c7e4377b48c7127abd02aaeb3535815f9a39decbc51fd75d2a15,1호기,128,False,True
4. X-ray 검사장비 AI 데이터셋/dataset/test1/yolov3/X선이물검출기(06.23_09.22)/1호기(2020.09.22)/SN77128_20200917_NgImage/002_20200916_203134(2).bmp,002_20200916_203134(2),.bmp,316,332,P,2cc49101658b1575d692d243acdbf5b0c571703576424665823da7e051839b2f,1호기,136,False,True
4. X-ray 검사장비 AI 데이터셋/dataset/test1/yolov3/X선이물검출기(06.23_09.22)/1호기(2020.09.22)/SN77128_20200917_NgImage/002_20200916_203138(2).bmp,002_20200916_203138(2),.bmp,316,332,P,4f41a805e8b6c226c1d15d9d7e1a5bcfc60db6eb0e6c169cb99d95c56bd1e63c,1호기,128,False,True
4. X-ray 검사장비 AI 데이터셋/dataset/test1/yolov3/X선이물검출기(06.23_09.22)/1호기(2020.09.22)/SN77128_20200917_NgImage/002_20200916_203142(2).bmp,002_20200916_203142(2),.bmp,316,332,P,e977bc10954593140407aed8475d89f50b462caf213133e63b4e83abbe872745,1호기,128,False,True
4. X-ray 검사장비 AI 데이터셋/dataset/test1/yolov3/X선이물검출기(06.23_09.22)/1호기(2020.09.22)/SN77128_20200917_NgImage/002_20200917_003202(9).bmp,002_20200917_003202(9),.bmp,316,332,P,6efdfee5535c0f9273e7e6d9ddf6d5a7306550c2c1a702eb27f2428595499d19,1호기,128,False,True
4. X-ray 검사장비 AI 데이터셋/dataset/test1/yolov3/X선이물검출기(06.23_09.22)/1호기(2020.09.22)/SN77128_20200917_NgImage/002_20200917_003206(8).bmp,002_20200917_003206(8),.bmp,316,332,P,10837352a117d7689fc078636cf9a0cda32a4abf7d19a03eae3cd64a190209a7,1호기,128,False,True
4. X-ray 검사장비 AI 데이터셋/dataset/test1/yolov3/X선이물검출기(06.23_09.22)/1호기(2020.09.22)/SN77128_20200917_NgImage/002_20200917_003210(8).bmp,002_20200917_003210(8),.bmp,316,332,P,b7edb9600bf194595f75493e8f4f445226bf120508da1ac78d29f3a6f26649cb,1호기,128,False,True
4. X-ray 검사장비 AI 데이터셋/dataset/test1/yolov3/X선이물검출기(06.23_09.22)/1호기(2020.09.22)/SN77128_20200917_NgImage/002_20200917_003214(8).bmp,002_20200917_003214(8),.bmp,316,332,P,b2594668cd48177019a3260490fba71b7c469431e7f2c10d99be32f694d78ae9,1호기,128,False,True
4. X-ray 검사장비 AI 데이터셋/dataset/test1/yolov3/X선이물검출기(06.23_09.22)/1호기(2020.09.22)/SN77128_20200917_NgImage/002_20200917_003218(8).bmp,002_20200917_003218(8),.bmp,316,332,P,3505012d6715635c9e8563c1c05c373579018af5bd85f8f628a192524f72211a,1호기,128,False,True
4. X-ray 검사장비 AI 데이터셋/dataset/test1/yolov3/X선이물검출기(06.23_09.22)/1호기(2020.09.22)/SN77128_20200917_NgImage/002_20200917_003222(9).bmp,002_20200917_003222(9),.bmp,316,332,P,18b252e136d9579da7b74c732cf29ccf79c753051124c4d1d3d0bf79ff2589dc,1호기,128,False,True
4. X-ray 검사장비 AI 데이터셋/dataset/test1/yolov3/X선이물검출기(06.23_09.22)/1호기(2020.09.22)/SN77128_20200917_NgImage/002_20200917_043057(1).bmp,002_20200917_043057(1),.bmp,316,332,P,59181b4f4be87cf5abb38e27bf118c13fec4921d2c627d25b55a2e0f6c9dd82f,1호기,128,False,True
4. X-ray 검사장비 AI 데이터셋/dataset/test1/yolov3/X선이물검출기(06.23_09.22)/1호기(2020.09.22)/SN77128_20200917_NgImage/002_20200917_043101(1).bmp,002_20200917_043101(1),.bmp,316,332,P,1affba21d96dff38973e50c286b158a072068225200b6e86ad71029cf72c06e2,1호기,128,False,True
4. X-ray 검사장비 AI 데이터셋/dataset/test1/yolov3/X선이물검출기(06.23_09.22)/1호기(2020.09.22)/SN77128_20200917_NgImage/002_20200917_043105(2).bmp,002_20200917_043105(2),.bmp,316,332,P,427dae05afcac8c790a16b0c5241c55bf7efa5d30e8933eb472bec5c08441065,1호기,128,False,True
4. X-ray 검사장비 AI 데이터셋/dataset/test1/yolov3/X선이물검출기(06.23_09.22)/1호기(2020.09.22)/SN77128_20200917_NgImage/002_20200917_043109(1).bmp,002_20200917_043109(1),.bmp,316,332,P,4bcd3f7338f88c3c0bea5ed2441133dd01f5bbc35d14941051509837bb8d76fb,1호기,136,False,True
4. X-ray 검사장비 AI 데이터셋/dataset/test1/yolov3/X선이물검출기(06.23_09.22)/1호기(2020.09.22)/SN77128_20200917_NgImage/002_20200917_043113(2).bmp,002_20200917_043113(2),.bmp,316,332,P,21a1f2fb96a02259426d83512d336b378cc0c79b870f35326ecf1a485843beae,1호기,136,False,True
4. X-ray 검사장비 AI 데이터셋/dataset/test1/yolov3/X선이물검출기(06.23_09.22)/1호기(2020.09.22)/SN77128_20200917_NgImage/002_20200917_043117(2).bmp,002_20200917_043117(2),.bmp,316,332,P,8617b9a4c77f482fd3e8e02db7a47f6fc0cf6215296eac02e89519ba86187f13,1호기,128,False,True
4. X-ray 검사장비 AI 데이터셋/dataset/test1/yolov3/X선이물검출기(06.23_09.22)/1호기(2020.09.22)/SN77128_20200917_NgImage/002_20200917_083653(7).bmp,002_20200917_083653(7),.bmp,316,332,P,5950dcb1fa54edcf51df98b69b2889834d134ae62036036b910f074e7ee393f0,1호기,128,False,True
4. X-ray 검사장비 AI 데이터셋/dataset/test1/yolov3/X선이물검출기(06.23_09.22)/1호기(2020.09.22)/SN77128_20200917_NgImage/002_20200917_083659(5).bmp,002_20200917_083659(5),.bmp,316,332,P,f10e0c366bab1a8f450cd914f871e151441e315856df5e38294479a2bae39e69,1호기,128,False,True
4. X-ray 검사장비 AI 데이터셋/dataset/test1/yolov3/X선이물검출기(06.23_09.22)/1호기(2020.09.22)/SN77128_20200917_NgImage/002_20200917_083703(5).bmp,002_20200917_083703(5),.bmp,316,332,P,2e1adc7e77f1ab35140acf8575dc33493d302da1753e6c93a4bd725b0b78dc60,1호기,128,False,True
4. X-ray 검사장비 AI 데이터셋/dataset/test1/yolov3/X선이물검출기(06.23_09.22)/1호기(2020.09.22)/SN77128_20200917_NgImage/002_20200917_083707(4).bmp,002_20200917_083707(4),.bmp,316,332,P,80cf3e48cb478542c55dfd58bb9099d9a24c6cd4d1bacd9b0a1be13df939cf96,1호기,128,False,True
4. X-ray 검사장비 AI 데이터셋/dataset/test1/yolov3/X선이물검출기(06.23_09.22)/1호기(2020.09.22)/SN77128_20200917_NgImage/002_20200917_083711(6).bmp,002_20200917_083711(6),.bmp,316,332,P,0da9ed58dee37bffab134d37d947f385bfd5acb22b5cd687005d63e18f193aa3,1호기,128,False,True
4. X-ray 검사장비 AI 데이터셋/dataset/test1/yolov3/X선이물검출기(06.23_09.22)/1호기(2020.09.22)/SN77128_20200917_NgImage/002_20200917_083721(4).bmp,002_20200917_083721(4),.bmp,316,332,P,973ef955315b249a22618f6d585d0775fdf9d834b991226f05335bd01aeada8b,1호기,128,False,True
4. X-ray 검사장비 AI 데이터셋/dataset/test1/yolov3/X선이물검출기(06.23_09.22)/1호기(2020.09.22)/SN77128_20200917_NgImage/002_20200917_123052(0).bmp,002_20200917_123052(0),.bmp,316,332,P,f3310f7d741fdcc9b305b35626200fa07426fc986d54529b53c972f33c22d37e,1호기,128,False,True
4. X-ray 검사장비 AI 데이터셋/dataset/test1/yolov3/X선이물검출기(06.23_09.22)/1호기(2020.09.22)/SN77128_20200917_NgImage/002_20200917_123056(0).bmp,002_20200917_123056(0),.bmp,316,332,P,c536db3cf3962d9eecfd14b25b366fa9c5ac2ffe9a531581b8782374370245ba,1호기,128,False,True
4. X-ray 검사장비 AI 데이터셋/dataset/test1/yolov3/X선이물검출기(06.23_09.22)/1호기(2020.09.22)/SN77128_20200917_NgImage/002_20200917_123100(0).bmp,002_20200917_123100(0),.bmp,316,332,P,cb723f2ecf0e1de5957794ac7fd6122d0ff3c18a3b9d8f1ad86ce33b37bfc2b9,1호기,128,False,True
4. X-ray 검사장비 AI 데이터셋/dataset/test1/yolov3/X선이물검출기(06.23_09.22)/1호기(2020.09.22)/SN77128_20200917_NgImage/002_20200917_123116(1).bmp,002_20200917_123116(1),.bmp,316,332,P,7baa5d78eae1c321af5d3bc40649a66aa81bddd573c7cb9347423b52d6b7e33b,1호기,128,False,True
4. X-ray 검사장비 AI 데이터셋/dataset/test1/yolov3/X선이물검출기(06.23_09.22)/1호기(2020.09.22)/SN77128_20200917_NgImage/002_20200917_123120(2).bmp,002_20200917_123120(2),.bmp,316,332,P,85b4218a8b08edc552f23b1f9e2d4032a1b45d261ce73f3fc5bf26d854738e95,1호기,128,False,True
4. X-ray 검사장비 AI 데이터셋/dataset/test1/yolov3/X선이물검출기(06.23_09.22)/1호기(2020.09.22)/SN77128_20200917_NgImage/002_20200917_123124(2).bmp,002_20200917_123124(2),.bmp,316,332,P,d4198c6ff10738a6ff9684af39d455d429c5d00b80f7fbf915ebb9f4286c0045,1호기,128,False,True
4. X-ray 검사장비 AI 데이터셋/dataset/test1/yolov3/X선이물검출기(06.23_09.22)/1호기(2020.09.22)/SN77128_20200917_NgImage/002_20200917_162809(7).bmp,002_20200917_162809(7),.bmp,316,332,P,c6e356dc7937d67c83a97f3ae155e9b13bb0f9a0f1da69de2cd9c6f5cf13f415,1호기,128,False,True
4. X-ray 검사장비 AI 데이터셋/dataset/test1/yolov3/X선이물검출기(06.23_09.22)/1호기(2020.09.22)/SN77128_20200917_NgImage/002_20200917_162813(7).bmp,002_20200917_162813(7),.bmp,316,332,P,50cec990b7cf0149683304e3a962d9f0580bc84d38a3c1f36f226242f5d8f7ea,1호기,128,False,True
4. X-ray 검사장비 AI 데이터셋/dataset/test1/yolov3/X선이물검출기(06.23_09.22)/1호기(2020.09.22)/SN77128_20200917_NgImage/002_20200917_162817(7).bmp,002_20200917_162817(7),.bmp,316,332,P,0a6e6f11ca23b214a7ac29d6e8c37e2b6b031adcb4be90b431343a0881f2907b,1호기,128,False,True
4. X-ray 검사장비 AI 데이터셋/dataset/test1/yolov3/X선이물검출기(06.23_09.22)/1호기(2020.09.22)/SN77128_20200917_NgImage/002_20200917_162821(7).bmp,002_20200917_162821(7),.bmp,316,332,P,c122112d0990534f2761b5f5569e0cf724c31d764482e4f8ecd3dfbc35689b11,1호기,128,False,True
4. X-ray 검사장비 AI 데이터셋/dataset/test1/yolov3/X선이물검출기(06.23_09.22)/1호기(2020.09.22)/SN77128_20200917_NgImage/002_20200917_162825(6).bmp,002_20200917_162825(6),.bmp,316,332,P,dd0eef380901143e4108b321ef3f39d54d80cfd459a5bff2a75975e0b6ca3bc1,1호기,128,False,True
4. X-ray 검사장비 AI 데이터셋/dataset/test1/yolov3/X선이물검출기(06.23_09.22)/1호기(2020.09.22)/SN77128_20200917_NgImage/002_20200917_162829(8).bmp,002_20200917_162829(8),.bmp,316,332,P,60cceb74661de55c10152ab211aa5e0d4ac8a4b46fad06f584adfc90b0edb0a9,1호기,128,False,True
4. X-ray 검사장비 AI 데이터셋/dataset/test1/yolov3/X선이물검출기(06.23_09.22)/1호기(2020.09.22)/SN77128_20200917_NgImage/002_20200917_202944(0).bmp,002_20200917_202944(0),.bmp,316,332,P,c81c0f2fda534cfefdbdc234564b4802bf9365384109ed0d96b33a3212aaf79e,1호기,128,False,True
4. X-ray 검사장비 AI 데이터셋/dataset/test1/yolov3/X선이물검출기(06.23_09.22)/1호기(2020.09.22)/SN77128_20200917_NgImage/002_20200917_202952(6).bmp,002_20200917_202952(6),.bmp,316,332,P,6b7a9c5da693a0655a37274017bca7efbb748829429d23d4bc034ab74be004a3,1호기,128,False,True
4. X-ray 검사장비 AI 데이터셋/dataset/test1/yolov3/X선이물검출기(06.23_09.22)/1호기(2020.09.22)/SN77128_20200917_NgImage/002_20200917_202955(7).bmp,002_20200917_202955(7),.bmp,316,332,P,1404ae32ec16febbcc6062680f903f6a0b25f6a21065b3b552fb4ca7d70808df,1호기,128,False,True
4. X-ray 검사장비 AI 데이터셋/dataset/test1/yolov3/X선이물검출기(06.23_09.22)/1호기(2020.09.22)/SN77128_20200917_NgImage/002_20200917_202958(6).bmp,002_20200917_202958(6),.bmp,316,332,P,df279c32365cc3f3e421960c8d411375f6cde7ab83b101560489cbbf5db353e5,1호기,136,False,True
4. X-ray 검사장비 AI 데이터셋/dataset/test1/yolov3/X선이물검출기(06.23_09.22)/1호기(2020.09.22)/SN77128_20200917_NgImage/002_20200917_203001(5).bmp,002_20200917_203001(5),.bmp,316,332,P,76658f4686404100b42553c98f435e4106581243624199814e5d27000b71155a,1호기,128,False,True
4. X-ray 검사장비 AI 데이터셋/dataset/test1/yolov3/X선이물검출기(06.23_09.22)/1호기(2020.09.22)/SN77128_20200917_NgImage/002_20200917_203004(3).bmp,002_20200917_203004(3),.bmp,316,332,P,c4d6d310146c3628ee946df5fca3b6dbc736aee13188092dddb63c223cb40df0,1호기,128,False,True
4. X-ray 검사장비 AI 데이터셋/dataset/test1/yolov3/X선이물검출기(06.23_09.22)/1호기(2020.09.22)/SN77128_20200918_NgImage/002_20200917_202944(0).bmp,002_20200917_202944(0),.bmp,316,332,P,c81c0f2fda534cfefdbdc234564b4802bf9365384109ed0d96b33a3212aaf79e,1호기,128,False,True
4. X-ray 검사장비 AI 데이터셋/dataset/test1/yolov3/X선이물검출기(06.23_09.22)/1호기(2020.09.22)/SN77128_20200918_NgImage/002_20200917_202952(6).bmp,002_20200917_202952(6),.bmp,316,332,P,6b7a9c5da693a0655a37274017bca7efbb748829429d23d4bc034ab74be004a3,1호기,128,False,True
4. X-ray 검사장비 AI 데이터셋/dataset/test1/yolov3/X선이물검출기(06.23_09.22)/1호기(2020.09.22)/SN77128_20200918_NgImage/002_20200917_202955(7).bmp,002_20200917_202955(7),.bmp,316,332,P,1404ae32ec16febbcc6062680f903f6a0b25f6a21065b3b552fb4ca7d70808df,1호기,128,False,True
4. X-ray 검사장비 AI 데이터셋/dataset/test1/yolov3/X선이물검출기(06.23_09.22)/1호기(2020.09.22)/SN77128_20200918_NgImage/002_20200917_202958(6).bmp,002_20200917_202958(6),.bmp,316,332,P,df279c32365cc3f3e421960c8d411375f6cde7ab83b101560489cbbf5db353e5,1호기,136,False,True
4. X-ray 검사장비 AI 데이터셋/dataset/test1/yolov3/X선이물검출기(06.23_09.22)/1호기(2020.09.22)/SN77128_20200918_NgImage/002_20200917_203001(5).bmp,002_20200917_203001(5),.bmp,316,332,P,76658f4686404100b42553c98f435e4106581243624199814e5d27000b71155a,1호기,128,False,True
4. X-ray 검사장비 AI 데이터셋/dataset/test1/yolov3/X선이물검출기(06.23_09.22)/1호기(2020.09.22)/SN77128_20200918_NgImage/002_20200917_203004(3).bmp,002_20200917_203004(3),.bmp,316,332,P,c4d6d310146c3628ee946df5fca3b6dbc736aee13188092dddb63c223cb40df0,1호기,128,False,True
4. X-ray 검사장비 AI 데이터셋/dataset/test1/yolov3/X선이물검출기(06.23_09.22)/1호기(2020.09.22)/SN77128_20200918_NgImage/002_20200918_003438(7).bmp,002_20200918_003438(7),.bmp,316,332,P,bd643ebd697c5bddbf8db07e30ef1c955b11dc6d6145b568320edd6d99eccc62,1호기,128,False,True
4. X-ray 검사장비 AI 데이터셋/dataset/test1/yolov3/X선이물검출기(06.23_09.22)/1호기(2020.09.22)/SN77128_20200918_NgImage/002_20200918_003442(6).bmp,002_20200918_003442(6),.bmp,316,332,P,752717df38139045b23c753e00ba5ebafb6a208486c3d9ac96b2c675d2196448,1호기,128,False,True
4. X-ray 검사장비 AI 데이터셋/dataset/test1/yolov3/X선이물검출기(06.23_09.22)/1호기(2020.09.22)/SN77128_20200918_NgImage/002_20200918_003445(5).bmp,002_20200918_003445(5),.bmp,316,332,P,36bf6f3affd66172ed472243d67a87239d13e76f6fd4f9c5de42c3e8e18956b3,1호기,128,False,True
4. X-ray 검사장비 AI 데이터셋/dataset/test1/yolov3/X선이물검출기(06.23_09.22)/1호기(2020.09.22)/SN77128_20200918_NgImage/002_20200918_003448(4).bmp,002_20200918_003448(4),.bmp,316,332,P,8c5e5228becf67fae1b2a9117217343af8ae8cd0dc345a5ca2227ca58de35ba9,1호기,128,False,True
4. X-ray 검사장비 AI 데이터셋/dataset/test1/yolov3/X선이물검출기(06.23_09.22)/1호기(2020.09.22)/SN77128_20200918_NgImage/002_20200918_003451(0).bmp,002_20200918_003451(0),.bmp,316,332,P,44bd03f64bfa7232ecdad7326bfa36b75bab776b3d960a93dbe49b2a9b4ed9ca,1호기,128,False,True
4. X-ray 검사장비 AI 데이터셋/dataset/test1/yolov3/X선이물검출기(06.23_09.22)/1호기(2020.09.22)/SN77128_20200918_NgImage/002_20200918_003453(6).bmp,002_20200918_003453(6),.bmp,316,332,P,4d41bbabaed382af57e673e0aa78544886deb6a92ab490dc1410a31753b5789e,1호기,128,False,True
4. X-ray 검사장비 AI 데이터셋/dataset/test1/yolov3/X선이물검출기(06.23_09.22)/1호기(2020.09.22)/SN77128_20200918_NgImage/002_20200918_043330(3).bmp,002_20200918_043330(3),.bmp,316,332,P,b5db52e8b81a5f9d95cb825bce3057173a57d16c7c4ac156335aea1c9b2d9db9,1호기,128,False,True
4. X-ray 검사장비 AI 데이터셋/dataset/test1/yolov3/X선이물검출기(06.23_09.22)/1호기(2020.09.22)/SN77128_20200918_NgImage/002_20200918_043332(9).bmp,002_20200918_043332(9),.bmp,316,332,P,acee8dc88c9abfad93737bebed9b484a175848a42255305944f2a1f3d7ddc7e5,1호기,128,False,True
4. X-ray 검사장비 AI 데이터셋/dataset/test1/yolov3/X선이물검출기(06.23_09.22)/1호기(2020.09.22)/SN77128_20200918_NgImage/002_20200918_043335(6).bmp,002_20200918_043335(6),.bmp,316,332,P,925ec6a45ebb76be018b4a1e952d14763cbbce2e878e82ed5488270fa996c773,1호기,128,False,True
4. X-ray 검사장비 AI 데이터셋/dataset/test1/yolov3/X선이물검출기(06.23_09.22)/1호기(2020.09.22)/SN77128_20200918_NgImage/002_20200918_043338(2).bmp,002_20200918_043338(2),.bmp,316,332,P,27fd6a56ac0e6fc2ed6de66e080154f96cc4ba4da626fbf398e58144bd505fa0,1호기,128,False,True
4. X-ray 검사장비 AI 데이터셋/dataset/test1/yolov3/X선이물검출기(06.23_09.22)/1호기(2020.09.22)/SN77128_20200918_NgImage/002_20200918_043341(9).bmp,002_20200918_043341(9),.bmp,316,332,P,9cde5c028597545d18b3d14681e1197c6a7f0a603ab205cf9e41a9e3ed095999,1호기,136,False,True
4. X-ray 검사장비 AI 데이터셋/dataset/test1/yolov3/X선이물검출기(06.23_09.22)/1호기(2020.09.22)/SN77128_20200918_NgImage/002_20200918_043345(9).bmp,002_20200918_043345(9),.bmp,316,332,P,5e28e88913df64af5a72857053be4391de6b7b45919fdd54a0bf67d253fbff4f,1호기,136,False,True
4. X-ray 검사장비 AI 데이터셋/dataset/test1/yolov3/X선이물검출기(06.23_09.22)/1호기(2020.09.22)/SN77128_20200918_NgImage/002_20200918_083240(7).bmp,002_20200918_083240(7),.bmp,316,332,P,561d861b494f894ca2c236e108b3ba53f1a5b1c7fca55e34cfc387a4e2f19fe0,1호기,128,False,True
4. X-ray 검사장비 AI 데이터셋/dataset/test1/yolov3/X선이물검출기(06.23_09.22)/1호기(2020.09.22)/SN77128_20200918_NgImage/002_20200918_083244(8).bmp,002_20200918_083244(8),.bmp,316,332,P,c062a79a78032acb8968911a1a0276bc59f65115225da9300fc019a320af4964,1호기,128,False,True
4. X-ray 검사장비 AI 데이터셋/dataset/test1/yolov3/X선이물검출기(06.23_09.22)/1호기(2020.09.22)/SN77128_20200918_NgImage/002_20200918_083248(7).bmp,002_20200918_083248(7),.bmp,316,332,P,87ed373d13d322693f0828a47280de99b2e85c6cbd0e43de01fed7e2f96f077f,1호기,128,False,True
4. X-ray 검사장비 AI 데이터셋/dataset/test1/yolov3/X선이물검출기(06.23_09.22)/1호기(2020.09.22)/SN77128_20200918_NgImage/002_20200918_083254(8).bmp,002_20200918_083254(8),.bmp,316,332,P,873571f021f8368bb20ff277d6d1ce534a0da50544c50f91b98a8934e34661f7,1호기,128,False,True
4. X-ray 검사장비 AI 데이터셋/dataset/test1/yolov3/X선이물검출기(06.23_09.22)/1호기(2020.09.22)/SN77128_20200918_NgImage/002_20200918_083302(6).bmp,002_20200918_083302(6),.bmp,316,332,P,9e751aba3351b53c7f8ae80acd67ce91886d2835becfbfacf9532551d997b79a,1호기,128,False,True
4. X-ray 검사장비 AI 데이터셋/dataset/test1/yolov3/X선이물검출기(06.23_09.22)/1호기(2020.09.22)/SN77128_20200918_NgImage/002_20200918_083306(7).bmp,002_20200918_083306(7),.bmp,316,332,P,3033d65d8b67d15789a10ab7bf1bca7771a0dcbd3f5f02f96f6774c00c95fe1d,1호기,128,False,True
4. X-ray 검사장비 AI 데이터셋/dataset/test1/yolov3/X선이물검출기(06.23_09.22)/1호기(2020.09.22)/SN77128_20200918_NgImage/002_20200918_123306(7).bmp,002_20200918_123306(7),.bmp,316,332,P,6199293ed29b856248b52d2d6dbe7ef6104fcb7a5175d284f3d34fafaade599a,1호기,128,False,True
4. X-ray 검사장비 AI 데이터셋/dataset/test1/yolov3/X선이물검출기(06.23_09.22)/1호기(2020.09.22)/SN77128_20200918_NgImage/002_20200918_123310(6).bmp,002_20200918_123310(6),.bmp,316,332,P,c4b4898038522aea1da4bae97399f33a09d02d4b714b2cd5a88baa678b3f0444,1호기,128,False,True
4. X-ray 검사장비 AI 데이터셋/dataset/test1/yolov3/X선이물검출기(06.23_09.22)/1호기(2020.09.22)/SN77128_20200918_NgImage/002_20200918_123314(6).bmp,002_20200918_123314(6),.bmp,316,332,P,0d21653d92798fef4f8c5f2518bd2cb07a66b09407b57af0636b00cd195a0cca,1호기,128,False,True
4. X-ray 검사장비 AI 데이터셋/dataset/test1/yolov3/X선이물검출기(06.23_09.22)/1호기(2020.09.22)/SN77128_20200918_NgImage/002_20200918_123318(7).bmp,002_20200918_123318(7),.bmp,316,332,P,29f4c635af170eba05103d2caede21e06b566978fe36ee91f4be80ec9d506989,1호기,128,False,True
4. X-ray 검사장비 AI 데이터셋/dataset/test1/yolov3/X선이물검출기(06.23_09.22)/1호기(2020.09.22)/SN77128_20200918_NgImage/002_20200918_123322(5).bmp,002_20200918_123322(5),.bmp,316,332,P,61a4aaf2bcfc53e034d2fe249e6fd9ac22e6ba77f1a667f7afce1ec8a845549a,1호기,128,False,True
4. X-ray 검사장비 AI 데이터셋/dataset/test1/yolov3/X선이물검출기(06.23_09.22)/1호기(2020.09.22)/SN77128_20200918_NgImage/002_20200918_123331(0).bmp,002_20200918_123331(0),.bmp,316,332,P,01245acae5b6cec86e558e1a2ab890dae97bedbacd755deb996aa8bbbde7832a,1호기,128,False,True
4. X-ray 검사장비 AI 데이터셋/dataset/test1/yolov3/X선이물검출기(06.23_09.22)/1호기(2020.09.22)/SN77128_20200918_NgImage/002_20200918_163302(9).bmp,002_20200918_163302(9),.bmp,316,332,P,5954f9b3c0ecb23aedcb2b893db5faacb83da927646fd83129d9e57e42619670,1호기,128,False,True
4. X-ray 검사장비 AI 데이터셋/dataset/test1/yolov3/X선이물검출기(06.23_09.22)/1호기(2020.09.22)/SN77128_20200918_NgImage/002_20200918_163306(9).bmp,002_20200918_163306(9),.bmp,316,332,P,41a10e494ac481614fbc382ddc8e6eebe4646e2e40cf420c696f11702dd7e3c4,1호기,128,False,True
4. X-ray 검사장비 AI 데이터셋/dataset/test1/yolov3/X선이물검출기(06.23_09.22)/1호기(2020.09.22)/SN77128_20200918_NgImage/002_20200918_163310(9).bmp,002_20200918_163310(9),.bmp,316,332,P,bc54ca055caf7837c6bdbef96efd82d30ee0f23cb02229e5c758f61e79ab871c,1호기,128,False,True
4. X-ray 검사장비 AI 데이터셋/dataset/test1/yolov3/X선이물검출기(06.23_09.22)/1호기(2020.09.22)/SN77128_20200918_NgImage/002_20200918_163314(9).bmp,002_20200918_163314(9),.bmp,316,332,P,b2e6a7769ef56da4a3bde8500ecec7a3d34a242f1c055fc8bd1e8fdfc3f19fad,1호기,128,False,True
4. X-ray 검사장비 AI 데이터셋/dataset/test1/yolov3/X선이물검출기(06.23_09.22)/1호기(2020.09.22)/SN77128_20200918_NgImage/002_20200918_163318(8).bmp,002_20200918_163318(8),.bmp,316,332,P,b1f48fde3bc1b01d05e7c3a7a94b953b7ddf607897779f68e9788303146034c6,1호기,128,False,True
4. X-ray 검사장비 AI 데이터셋/dataset/test1/yolov3/X선이물검출기(06.23_09.22)/1호기(2020.09.22)/SN77128_20200918_NgImage/002_20200918_163322(9).bmp,002_20200918_163322(9),.bmp,316,332,P,9a7976026bc731d6389216880de7e70922fa5d3d213def907199bb9af8f4d1c1,1호기,136,False,True
4. X-ray 검사장비 AI 데이터셋/dataset/test1/yolov3/X선이물검출기(06.23_09.22)/1호기(2020.09.22)/SN77128_20200921_NgImage/002_20200921_111929(2).bmp,002_20200921_111929(2),.bmp,316,332,P,b2551d826ab62c0183e4755854117d35be16e60b62720d870444073a46eedd77,1호기,128,False,True
4. X-ray 검사장비 AI 데이터셋/dataset/test1/yolov3/X선이물검출기(06.23_09.22)/1호기(2020.09.22)/SN77128_20200921_NgImage/002_20200921_111932(4).bmp,002_20200921_111932(4),.bmp,316,332,P,768a93b3eaedd559328b1b1275dbc921db24c68fa60e6508e334bc0d1a65ff4d,1호기,128,False,True
4. X-ray 검사장비 AI 데이터셋/dataset/test1/yolov3/X선이물검출기(06.23_09.22)/1호기(2020.09.22)/SN77128_20200921_NgImage/002_20200921_111939(0).bmp,002_20200921_111939(0),.bmp,316,332,P,107eae26cd2ffea9c6068dd3d7f171c50e7654981fab5a5a03c413f39119e6d4,1호기,128,False,True
4. X-ray 검사장비 AI 데이터셋/dataset/test1/yolov3/X선이물검출기(06.23_09.22)/1호기(2020.09.22)/SN77128_20200921_NgImage/002_20200921_111942(1).bmp,002_20200921_111942(1),.bmp,316,332,P,635b88e1c59ab32fa093a86ad9c2e93f66e1397017eab39ba93bf47bde8d2eb0,1호기,128,False,True
4. X-ray 검사장비 AI 데이터셋/dataset/test1/yolov3/X선이물검출기(06.23_09.22)/1호기(2020.09.22)/SN77128_20200921_NgImage/002_20200921_111948(3).bmp,002_20200921_111948(3),.bmp,316,332,P,af8539aabe90b2d63c9aec90c0572bb2b54a93c5384749f7e845714c6b6178cc,1호기,136,False,True
4. X-ray 검사장비 AI 데이터셋/dataset/test1/yolov3/X선이물검출기(06.23_09.22)/1호기(2020.09.22)/SN77128_20200921_NgImage/002_20200921_111951(8).bmp,002_20200921_111951(8),.bmp,316,332,P,3884a42bfcf6acdbd863d56dc320c21b38b8cf5a13336786ac4f3b86c059179d,1호기,128,False,True
4. X-ray 검사장비 AI 데이터셋/dataset/test1/yolov3/X선이물검출기(06.23_09.22)/1호기(2020.09.22)/SN77128_20200921_NgImage/002_20200921_123148(8).bmp,002_20200921_123148(8),.bmp,316,332,P,ade797accfe390f3cc861e8d47681325ededf9fa9a4e58a3222ccb252edd346d,1호기,128,False,True
4. X-ray 검사장비 AI 데이터셋/dataset/test1/yolov3/X선이물검출기(06.23_09.22)/1호기(2020.09.22)/SN77128_20200921_NgImage/002_20200921_123153(3).bmp,002_20200921_123153(3),.bmp,316,332,P,bc51bc2d690681143f67bfdad337f1205c4e8c841a5b19c6dbd076f2afe33203,1호기,128,False,True
4. X-ray 검사장비 AI 데이터셋/dataset/test1/yolov3/X선이물검출기(06.23_09.22)/1호기(2020.09.22)/SN77128_20200921_NgImage/002_20200921_123157(8).bmp,002_20200921_123157(8),.bmp,316,332,P,cef13bda28c805066c2363dfdaf8fc9375da9654b877c85695c7986f0615b2fc,1호기,136,False,True
4. X-ray 검사장비 AI 데이터셋/dataset/test1/yolov3/X선이물검출기(06.23_09.22)/1호기(2020.09.22)/SN77128_20200921_NgImage/002_20200921_123202(3).bmp,002_20200921_123202(3),.bmp,316,332,P,614c8ca264d0c931c8886d8c84a7dce0015dd3795f31801bb6811f925a395305,1호기,128,False,True
4. X-ray 검사장비 AI 데이터셋/dataset/test1/yolov3/X선이물검출기(06.23_09.22)/1호기(2020.09.22)/SN77128_20200921_NgImage/002_20200921_123206(8).bmp,002_20200921_123206(8),.bmp,316,332,P,cdd8779250564ecca95f023ef17e3bbdc89f12c4767808b789b14cb5df6137a0,1호기,136,False,True
4. X-ray 검사장비 AI 데이터셋/dataset/test1/yolov3/X선이물검출기(06.23_09.22)/1호기(2020.09.22)/SN77128_20200921_NgImage/002_20200921_123211(3).bmp,002_20200921_123211(3),.bmp,316,332,P,01502a4a9e6dccf220c40f9f1ae1088a6e5215351ad78289e3fdf18ffa93265c,1호기,128,False,True
4. X-ray 검사장비 AI 데이터셋/dataset/test1/yolov3/X선이물검출기(06.23_09.22)/1호기(2020.09.22)/SN77128_20200921_NgImage/002_20200921_163052(8).bmp,002_20200921_163052(8),.bmp,316,332,P,61c49b638b12e127f0bb150d26fcec9bf772fc8de033726090c337ef4c98dfe0,1호기,128,False,True
4. X-ray 검사장비 AI 데이터셋/dataset/test1/yolov3/X선이물검출기(06.23_09.22)/1호기(2020.09.22)/SN77128_20200921_NgImage/002_20200921_163055(8).bmp,002_20200921_163055(8),.bmp,316,332,P,7a005ddada8b53763b32c2182dcbd5a1dfc19a9911a7ee6cc7aac425cc65fcca,1호기,128,False,True
4. X-ray 검사장비 AI 데이터셋/dataset/test1/yolov3/X선이물검출기(06.23_09.22)/1호기(2020.09.22)/SN77128_20200921_NgImage/002_20200921_163102(0).bmp,002_20200921_163102(0),.bmp,316,332,P,9895699a39e7ef1d3e2a3df3d0f0be8176ff99246bfc93006f2790a1e9081963,1호기,128,False,True
4. X-ray 검사장비 AI 데이터셋/dataset/test1/yolov3/X선이물검출기(06.23_09.22)/1호기(2020.09.22)/SN77128_20200921_NgImage/002_20200921_163105(3).bmp,002_20200921_163105(3),.bmp,316,332,P,933b9fccda61a5d9e2f2ab70de380fe3c118910d34f7430d7064d518bea4a6e5,1호기,128,False,True
4. X-ray 검사장비 AI 데이터셋/dataset/test1/yolov3/X선이물검출기(06.23_09.22)/1호기(2020.09.22)/SN77128_20200921_NgImage/002_20200921_163110(2).bmp,002_20200921_163110(2),.bmp,316,332,P,89ffedb0d2b64fc4a4c9ef13fb95d00532b2c77db049b53907924bf12bd51b88,1호기,128,False,True
4. X-ray 검사장비 AI 데이터셋/dataset/test1/yolov3/X선이물검출기(06.23_09.22)/1호기(2020.09.22)/SN77128_20200921_NgImage/002_20200921_163113(3).bmp,002_20200921_163113(3),.bmp,316,332,P,be944711d9e2f4cd64747c3428ca6f4c781476e0b39d9493fd73592f12da0435,1호기,128,False,True
4. X-ray 검사장비 AI 데이터셋/dataset/test1/yolov3/X선이물검출기(06.23_09.22)/1호기(2020.09.22)/SN77128_20200921_NgImage/002_20200921_202245(2).bmp,002_20200921_202245(2),.bmp,316,332,P,b7b675e804ac4b00b95719281ae8333770541731f37f8085aa9eede6b7625c89,1호기,128,False,True
4. X-ray 검사장비 AI 데이터셋/dataset/test1/yolov3/X선이물검출기(06.23_09.22)/1호기(2020.09.22)/SN77128_20200921_NgImage/002_20200921_202254(1).bmp,002_20200921_202254(1),.bmp,316,332,P,74cbc832cbb613b69cd8024488709ab00ccaadf79a0465b62ee00f5b5f37ffbd,1호기,128,False,True
4. X-ray 검사장비 AI 데이터셋/dataset/test1/yolov3/X선이물검출기(06.23_09.22)/1호기(2020.09.22)/SN77128_20200921_NgImage/002_20200921_202257(2).bmp,002_20200921_202257(2),.bmp,316,332,P,7e0af3119be7dc1a466b1a8ad5d8fff56b838ad64ba662ea1fc4e51ddcc2fa61,1호기,128,False,True
4. X-ray 검사장비 AI 데이터셋/dataset/test1/yolov3/X선이물검출기(06.23_09.22)/1호기(2020.09.22)/SN77128_20200921_NgImage/002_20200921_202300(1).bmp,002_20200921_202300(1),.bmp,316,332,P,5e337e7e8a4c6bd58d70f67f8ce24066baca600f036a48485f69fdce495cbe89,1호기,128,False,True
4. X-ray 검사장비 AI 데이터셋/dataset/test1/yolov3/X선이물검출기(06.23_09.22)/1호기(2020.09.22)/SN77128_20200921_NgImage/002_20200921_202312(1).bmp,002_20200921_202312(1),.bmp,316,332,P,41448c10b4c63f3c81dd6b2791639ba416791586fdeb02205106121cb9b9cd33,1호기,128,False,True
4. X-ray 검사장비 AI 데이터셋/dataset/test1/yolov3/X선이물검출기(06.23_09.22)/1호기(2020.09.22)/SN77128_20200921_NgImage/002_20200921_202315(3).bmp,002_20200921_202315(3),.bmp,316,332,P,19fe3647b7d2282c4e9a849c8c63f1b9b16e2d4c3c55a446d24b3e1b80bd61c7,1호기,128,False,True
4. X-ray 검사장비 AI 데이터셋/dataset/test1/yolov3/X선이물검출기(06.23_09.22)/1호기(2020.09.22)/SN77128_20200922_NgImage/002_20200922_003107(0).bmp,002_20200922_003107(0),.bmp,316,332,P,050f4ab514d30d1bb7db8478f2efe2c50ff0635d729d193cd887b4866e596d2e,1호기,128,False,True
4. X-ray 검사장비 AI 데이터셋/dataset/test1/yolov3/X선이물검출기(06.23_09.22)/1호기(2020.09.22)/SN77128_20200922_NgImage/002_20200922_003116(0).bmp,002_20200922_003116(0),.bmp,316,332,P,974aaac55c55fa73a0cf60b5131eb51f0515e31abb40ccc7dbba66de761d415b,1호기,128,False,True
4. X-ray 검사장비 AI 데이터셋/dataset/test1/yolov3/X선이물검출기(06.23_09.22)/1호기(2020.09.22)/SN77128_20200922_NgImage/002_20200922_003120(5).bmp,002_20200922_003120(5),.bmp,316,332,P,d7b28e218b693155ca0bd90b74d807df7258b2feed60d6d025f67787e304a378,1호기,128,False,True
4. X-ray 검사장비 AI 데이터셋/dataset/test1/yolov3/X선이물검출기(06.23_09.22)/1호기(2020.09.22)/SN77128_20200922_NgImage/002_20200922_003123(5).bmp,002_20200922_003123(5),.bmp,316,332,P,8d281e01bf4869d58ecfed6e7d10767a9f76b4e0411b572649a26e953719449f,1호기,128,False,True
4. X-ray 검사장비 AI 데이터셋/dataset/test1/yolov3/X선이물검출기(06.23_09.22)/1호기(2020.09.22)/SN77128_20200922_NgImage/002_20200922_003129(5).bmp,002_20200922_003129(5),.bmp,316,332,P,32fafdc527d8f2a3d43d6fdefeabd7e556f49dc72ffa6e6ac5b211c9d4fa86f0,1호기,128,False,True
4. X-ray 검사장비 AI 데이터셋/dataset/test1/yolov3/X선이물검출기(06.23_09.22)/1호기(2020.09.22)/SN77128_20200922_NgImage/002_20200922_003134(1).bmp,002_20200922_003134(1),.bmp,316,332,P,977c006899cf80c63472303d2d235bd29a4bf223f39d33ac9bcfd18ebe49e4c5,1호기,128,False,True
4. X-ray 검사장비 AI 데이터셋/dataset/test1/yolov3/X선이물검출기(06.23_09.22)/1호기(2020.09.22)/SN77128_20200922_NgImage/002_20200922_043105(7).bmp,002_20200922_043105(7),.bmp,316,332,P,1fa7307cc61f9c789b4476179e8b7c13be5e165a0af5fdd8748bba64d29cb551,1호기,128,False,True
4. X-ray 검사장비 AI 데이터셋/dataset/test1/yolov3/X선이물검출기(06.23_09.22)/1호기(2020.09.22)/SN77128_20200922_NgImage/002_20200922_043110(2).bmp,002_20200922_043110(2),.bmp,316,332,P,d47a5ac7cdc00f14e579b91a389ee95ca0e2951843ff79334f8d0a038175d043,1호기,128,False,True
4. X-ray 검사장비 AI 데이터셋/dataset/test1/yolov3/X선이물검출기(06.23_09.22)/1호기(2020.09.22)/SN77128_20200922_NgImage/002_20200922_043114(8).bmp,002_20200922_043114(8),.bmp,316,332,P,af3fb31fb71d82b4613d1633914288fd158bba4b8a681bbeba8df9e37251cce6,1호기,128,False,True
4. X-ray 검사장비 AI 데이터셋/dataset/test1/yolov3/X선이물검출기(06.23_09.22)/1호기(2020.09.22)/SN77128_20200922_NgImage/002_20200922_043119(3).bmp,002_20200922_043119(3),.bmp,316,332,P,71c4f78fad3dde690a777969092783647dd47163d5b8ef80a16821b1c5ae9ed4,1호기,128,False,True
4. X-ray 검사장비 AI 데이터셋/dataset/test1/yolov3/X선이물검출기(06.23_09.22)/1호기(2020.09.22)/SN77128_20200922_NgImage/002_20200922_043123(8).bmp,002_20200922_043123(8),.bmp,316,332,P,e7462127350e50368e16864dca3dea390aee9a143fc7142e581946e12fb8eaa1,1호기,128,False,True
4. X-ray 검사장비 AI 데이터셋/dataset/test1/yolov3/X선이물검출기(06.23_09.22)/1호기(2020.09.22)/SN77128_20200922_NgImage/002_20200922_043128(2).bmp,002_20200922_043128(2),.bmp,316,332,P,d110120f478d7a77ef89acd5d853563a9305de4ea2498cbd21fddcf2162490c7,1호기,128,False,True
4. X-ray 검사장비 AI 데이터셋/dataset/test1/yolov3/X선이물검출기(06.23_09.22)/1호기(2020.09.22)/SN77128_20200922_NgImage/002_20200922_083752(7).bmp,002_20200922_083752(7),.bmp,316,332,P,bcfe3dbf351a311b33ca4a78e54a2805f64757929abb5811714d35fafb7849ae,1호기,128,False,True
4. X-ray 검사장비 AI 데이터셋/dataset/test1/yolov3/X선이물검출기(06.23_09.22)/1호기(2020.09.22)/SN77128_20200922_NgImage/002_20200922_083755(7).bmp,002_20200922_083755(7),.bmp,316,332,P,d694fc1550cf1d843b6b458a650caea686d37e0e63f0737012bf4e9ae05dde7c,1호기,128,False,True
4. X-ray 검사장비 AI 데이터셋/dataset/test1/yolov3/X선이물검출기(06.23_09.22)/1호기(2020.09.22)/SN77128_20200922_NgImage/002_20200922_083758(7).bmp,002_20200922_083758(7),.bmp,316,332,P,f5923b5ad659f7917767171be6361f59395db9e18edee8b414a8e678e69b15e9,1호기,128,False,True
4. X-ray 검사장비 AI 데이터셋/dataset/test1/yolov3/X선이물검출기(06.23_09.22)/1호기(2020.09.22)/SN77128_20200922_NgImage/002_20200922_083801(7).bmp,002_20200922_083801(7),.bmp,316,332,P,a2b0a5a1056f3196b1a0a9908cdd138e2449e6b60ce45a9a90fa55b9135dd6ce,1호기,128,False,True
4. X-ray 검사장비 AI 데이터셋/dataset/test1/yolov3/X선이물검출기(06.23_09.22)/1호기(2020.09.22)/SN77128_20200922_NgImage/002_20200922_083807(4).bmp,002_20200922_083807(4),.bmp,316,332,P,b36821c18fb970b19c082e750d6784c195ca32fc83a2e58287ec42fa8508530f,1호기,128,False,True
4. X-ray 검사장비 AI 데이터셋/dataset/test1/yolov3/X선이물검출기(06.23_09.22)/1호기(2020.09.22)/SN77128_20200922_NgImage/002_20200922_083810(4).bmp,002_20200922_083810(4),.bmp,316,332,P,3dfaa79e9d5fc9e1aecef0c61dfc7e67066235a0add2fc29116f2849543be0ea,1호기,128,False,True
4. X-ray 검사장비 AI 데이터셋/dataset/test1/yolov3/X선이물검출기(06.23_09.22)/1호기(2020.09.22)/SN77128_20200922_NgImage/002_20200922_122708(6).bmp,002_20200922_122708(6),.bmp,316,332,P,a0638394415f867669d3cc2278a009f5fd2df691b45cee5d5c51963f0f608636,1호기,128,False,True
4. X-ray 검사장비 AI 데이터셋/dataset/test1/yolov3/X선이물검출기(06.23_09.22)/1호기(2020.09.22)/SN77128_20200922_NgImage/002_20200922_122713(0).bmp,002_20200922_122713(0),.bmp,316,332,P,283d49a7143de81e7146999b8f615dba6f865222d94151d229d690caab025060,1호기,128,False,True
4. X-ray 검사장비 AI 데이터셋/dataset/test1/yolov3/X선이물검출기(06.23_09.22)/1호기(2020.09.22)/SN77128_20200922_NgImage/002_20200922_122717(4).bmp,002_20200922_122717(4),.bmp,316,332,P,22c81a759ff815d05edef7b3b19ab74e5c8844de47dc267bc4fb4bcc96998677,1호기,128,False,True
4. X-ray 검사장비 AI 데이터셋/dataset/test1/yolov3/X선이물검출기(06.23_09.22)/1호기(2020.09.22)/SN77128_20200922_NgImage/002_20200922_122721(8).bmp,002_20200922_122721(8),.bmp,316,332,P,a4e834dc1b0e82bdc0193a9ee77b82cb485d6059b4d101efa803fd466c66475b,1호기,136,False,True
4. X-ray 검사장비 AI 데이터셋/dataset/test1/yolov3/X선이물검출기(06.23_09.22)/1호기(2020.09.22)/SN77128_20200922_NgImage/002_20200922_122724(8).bmp,002_20200922_122724(8),.bmp,316,332,P,11012400e69e7b09c7fa641a2c9aa8cdc51087f4475e591b035c1b98ca6e1248,1호기,128,False,True
4. X-ray 검사장비 AI 데이터셋/dataset/test1/yolov3/X선이물검출기(06.23_09.22)/1호기(2020.09.22)/SN77128_20200922_NgImage/002_20200922_122727(6).bmp,002_20200922_122727(6),.bmp,316,332,P,9f7adf5df511c04957e3e704db1b1a3589a37c7cc4040fca35a9923713f64d02,1호기,128,False,True
4. X-ray 검사장비 AI 데이터셋/dataset/test1/yolov3/X선이물검출기(06.23_09.22)/1호기(2020.09.22)/SN77128_20200922_NgImage/002_20200922_163053(8).bmp,002_20200922_163053(8),.bmp,316,332,P,23a13dd757f603c8aa84edb77e903627b7622b64658c165ed9456b32afcee317,1호기,128,False,True
4. X-ray 검사장비 AI 데이터셋/dataset/test1/yolov3/X선이물검출기(06.23_09.22)/1호기(2020.09.22)/SN77128_20200922_NgImage/002_20200922_163056(8).bmp,002_20200922_163056(8),.bmp,316,332,P,199c4cd28215287ebf725d8c770335fc01eb040c82a33a35b9dec355e1ceae06,1호기,128,False,True
4. X-ray 검사장비 AI 데이터셋/dataset/test1/yolov3/X선이물검출기(06.23_09.22)/1호기(2020.09.22)/SN77128_20200922_NgImage/002_20200922_163059(6).bmp,002_20200922_163059(6),.bmp,316,332,P,789f3c47969e5059e51bc3f3c241083dec83e410d2185414c3ba21f7fcbfb839,1호기,128,False,True
4. X-ray 검사장비 AI 데이터셋/dataset/test1/yolov3/X선이물검출기(06.23_09.22)/1호기(2020.09.22)/SN77128_20200922_NgImage/002_20200922_163102(5).bmp,002_20200922_163102(5),.bmp,316,332,P,bd40262526f7e3beee9162007d014d7bd3b742fdb440c881160154f21eb49efb,1호기,128,False,True
4. X-ray 검사장비 AI 데이터셋/dataset/test1/yolov3/X선이물검출기(06.23_09.22)/1호기(2020.09.22)/SN77128_20200922_NgImage/002_20200922_163105(5).bmp,002_20200922_163105(5),.bmp,316,332,P,90384229bb988546950820933f2ce84f1505dc679e9e292203a6c3bc681e5542,1호기,128,False,True
4. X-ray 검사장비 AI 데이터셋/dataset/test1/yolov3/X선이물검출기(06.23_09.22)/1호기(2020.09.22)/SN77128_20200922_NgImage/002_20200922_163110(0).bmp,002_20200922_163110(0),.bmp,316,332,P,0cba7fa4932b1a77004c69a7ee369c6ac2191e138df2f9bf8f8885317899c53f,1호기,128,False,True
4. X-ray 검사장비 AI 데이터셋/dataset/test1/yolov3/X선이물검출기(06.23_09.22)/2호기(2020.09.22)/SN77127_20200624_NgImage/002_20200624_162726(9).bmp,002_20200624_162726(9),.bmp,316,332,P,2fa00c1e5489a68bbd9dad0103f8f75ade0649914ce5797d29faef420dbf5950,2호기,408,False,True
4. X-ray 검사장비 AI 데이터셋/dataset/test1/yolov3/X선이물검출기(06.23_09.22)/2호기(2020.09.22)/SN77127_20200624_NgImage/002_20200624_162737(5).bmp,002_20200624_162737(5),.bmp,316,332,P,72931c969a586f5d24de1fbe71a852d6c86579211e1421628f310c09eb9bde3d,2호기,384,False,True
4. X-ray 검사장비 AI 데이터셋/dataset/test1/yolov3/X선이물검출기(06.23_09.22)/2호기(2020.09.22)/SN77127_20200629_NgImage/002_20200629_202727(4).bmp,002_20200629_202727(4),.bmp,316,332,P,74eeb24b1a2598e7c615d4b98cd30f8574748e1795196274c79ed1e49b18ee74,2호기,440,False,True
4. X-ray 검사장비 AI 데이터셋/dataset/test1/yolov3/X선이물검출기(06.23_09.22)/2호기(2020.09.22)/SN77127_20200629_NgImage/002_20200629_202731(9).bmp,002_20200629_202731(9),.bmp,316,332,P,67be7d0ed86ebf080faa5dedbf4fa3c1d48ea0f48b0b924c293905355a5ef248,2호기,392,False,True
4. X-ray 검사장비 AI 데이터셋/dataset/test1/yolov3/X선이물검출기(06.23_09.22)/2호기(2020.09.22)/SN77127_20200629_NgImage/002_20200629_202736(4).bmp,002_20200629_202736(4),.bmp,316,332,P,544837c2ef97bdff5367eef812db7bf228c101092af48fc6a1a261440c32bc6f,2호기,392,False,True
4. X-ray 검사장비 AI 데이터셋/dataset/test1/yolov3/X선이물검출기(06.23_09.22)/2호기(2020.09.22)/SN77127_20200629_NgImage/002_20200629_202741(1).bmp,002_20200629_202741(1),.bmp,316,332,P,66ec19ff14ac238a4d64abc5e09c4e8f7523be25f93fc36d7948202223c30db8,2호기,400,False,True
4. X-ray 검사장비 AI 데이터셋/dataset/test1/yolov3/X선이물검출기(06.23_09.22)/2호기(2020.09.22)/SN77127_20200629_NgImage/002_20200629_202745(5).bmp,002_20200629_202745(5),.bmp,316,332,P,f9f935d53c81cb06270e845be5addf6de3c53647c426a8a5e2a4a44250ee4808,2호기,392,False,True
4. X-ray 검사장비 AI 데이터셋/dataset/test1/yolov3/X선이물검출기(06.23_09.22)/2호기(2020.09.22)/SN77127_20200629_NgImage/002_20200629_202750(0).bmp,002_20200629_202750(0),.bmp,316,332,P,6cc0d4bef2a5d164f3801502507e6e5641663e878eafcd6d46df80b6124ffd18,2호기,384,False,True
4. X-ray 검사장비 AI 데이터셋/dataset/test1/yolov3/X선이물검출기(06.23_09.22)/2호기(2020.09.22)/SN77127_20200630_NgImage/002_20200630_002937(6).bmp,002_20200630_002937(6),.bmp,316,332,P,aedc5272028f48474c7d307141f53072a34d04af83624076cba6c7b3f2eba1d2,2호기,392,False,True
4. X-ray 검사장비 AI 데이터셋/dataset/test1/yolov3/X선이물검출기(06.23_09.22)/2호기(2020.09.22)/SN77127_20200630_NgImage/002_20200630_002942(1).bmp,002_20200630_002942(1),.bmp,316,332,P,36fda3680f13bf5838ee46aac6d7d08373e6ee134286c638cc1b7d656e0789b2,2호기,384,False,True
4. X-ray 검사장비 AI 데이터셋/dataset/test1/yolov3/X선이물검출기(06.23_09.22)/2호기(2020.09.22)/SN77127_20200630_NgImage/002_20200630_002946(4).bmp,002_20200630_002946(4),.bmp,316,332,P,c5f17988fd2be57f09ec5b44629c3646e0ea296723921ec556616b487ca3ef95,2호기,392,False,True
4. X-ray 검사장비 AI 데이터셋/dataset/test1/yolov3/X선이물검출기(06.23_09.22)/2호기(2020.09.22)/SN77127_20200630_NgImage/002_20200630_002951(2).bmp,002_20200630_002951(2),.bmp,316,332,P,e960f76692ae900bb1063b09977eb443b5d13484719c896f24bee46185990433,2호기,416,False,True
4. X-ray 검사장비 AI 데이터셋/dataset/test1/yolov3/X선이물검출기(06.23_09.22)/2호기(2020.09.22)/SN77127_20200630_NgImage/002_20200630_002955(6).bmp,002_20200630_002955(6),.bmp,316,332,P,4ca9921c033e7777d1f761ea7d545b50378d1e1122eec1403f9955be462d852d,2호기,384,False,True
4. X-ray 검사장비 AI 데이터셋/dataset/test1/yolov3/X선이물검출기(06.23_09.22)/2호기(2020.09.22)/SN77127_20200630_NgImage/002_20200630_003000(0).bmp,002_20200630_003000(0),.bmp,316,332,P,4fb9bda699898ad62787ab835224bd02bcc9e7fbfd9095c7f8ff896b65ce080f,2호기,384,False,True
4. X-ray 검사장비 AI 데이터셋/dataset/test1/yolov3/X선이물검출기(06.23_09.22)/2호기(2020.09.22)/SN77127_20200630_NgImage/002_20200630_043222(4).bmp,002_20200630_043222(4),.bmp,316,332,P,a8a273719213397901addcb9dfbb0a5b65c0e3049a57cc52b24af6c890fe53fd,2호기,384,False,True
4. X-ray 검사장비 AI 데이터셋/dataset/test1/yolov3/X선이물검출기(06.23_09.22)/2호기(2020.09.22)/SN77127_20200630_NgImage/002_20200630_043226(7).bmp,002_20200630_043226(7),.bmp,316,332,P,e8e3af6ea267cfb2ca01731b07dc30b70e3be5beeb1365264f33978800e773dc,2호기,408,False,True
4. X-ray 검사장비 AI 데이터셋/dataset/test1/yolov3/X선이물검출기(06.23_09.22)/2호기(2020.09.22)/SN77127_20200630_NgImage/002_20200630_043231(3).bmp,002_20200630_043231(3),.bmp,316,332,P,b887b60e92d3c2274ebf47f003511e44311c5fe359b786e738309e9ef56f4501,2호기,400,False,True
4. X-ray 검사장비 AI 데이터셋/dataset/test1/yolov3/X선이물검출기(06.23_09.22)/2호기(2020.09.22)/SN77127_20200630_NgImage/002_20200630_043235(6).bmp,002_20200630_043235(6),.bmp,316,332,P,057ead1e6553e7eed320c7e6fff6abf96d5fbc0bb33cfcde10a5f7b6a26e8216,2호기,408,False,True
4. X-ray 검사장비 AI 데이터셋/dataset/test1/yolov3/X선이물검출기(06.23_09.22)/2호기(2020.09.22)/SN77127_20200630_NgImage/002_20200630_043240(2).bmp,002_20200630_043240(2),.bmp,316,332,P,9f27d53c3fc8782f502b909dc31b6374a840adeb26e2cef6fc424591a606a976,2호기,400,False,True
4. X-ray 검사장비 AI 데이터셋/dataset/test1/yolov3/X선이물검출기(06.23_09.22)/2호기(2020.09.22)/SN77127_20200630_NgImage/002_20200630_043244(6).bmp,002_20200630_043244(6),.bmp,316,332,P,ea9d8a641155901fb605fbe5a64bef18374e42928e45b8c7dbefa11e7d563135,2호기,400,False,True
4. X-ray 검사장비 AI 데이터셋/dataset/test1/yolov3/X선이물검출기(06.23_09.22)/2호기(2020.09.22)/SN77127_20200630_NgImage/002_20200630_083221(8).bmp,002_20200630_083221(8),.bmp,316,332,P,750c5ca727507d70ec03133ac2cf1a7de8df6f6a8f7ab532619efbe39ce9fde3,2호기,392,False,True
4. X-ray 검사장비 AI 데이터셋/dataset/test1/yolov3/X선이물검출기(06.23_09.22)/2호기(2020.09.22)/SN77127_20200630_NgImage/002_20200630_083224(8).bmp,002_20200630_083224(8),.bmp,316,332,P,88c6fb0ba85c9e019cb53134ffc423ce73331cea3a83e5ba91182c5d7b8c8f78,2호기,392,False,True
4. X-ray 검사장비 AI 데이터셋/dataset/test1/yolov3/X선이물검출기(06.23_09.22)/2호기(2020.09.22)/SN77127_20200630_NgImage/002_20200630_083227(8).bmp,002_20200630_083227(8),.bmp,316,332,P,e9061afe1fe2469aea4e8297d0187114a6bdebf7df7e133f88997469114e2e22,2호기,392,False,True
4. X-ray 검사장비 AI 데이터셋/dataset/test1/yolov3/X선이물검출기(06.23_09.22)/2호기(2020.09.22)/SN77127_20200630_NgImage/002_20200630_083230(8).bmp,002_20200630_083230(8),.bmp,316,332,P,d4ba372760d43cf10171fae00458bdde895518af62d3534af77722fc6efe40f1,2호기,400,False,True
4. X-ray 검사장비 AI 데이터셋/dataset/test1/yolov3/X선이물검출기(06.23_09.22)/2호기(2020.09.22)/SN77127_20200630_NgImage/002_20200630_083233(8).bmp,002_20200630_083233(8),.bmp,316,332,P,6beecfc3c4a697467e4dc77ce677bc303feb3dcef17234a1921aa3fd09db29fe,2호기,392,False,True
4. X-ray 검사장비 AI 데이터셋/dataset/test1/yolov3/X선이물검출기(06.23_09.22)/2호기(2020.09.22)/SN77127_20200630_NgImage/002_20200630_083236(8).bmp,002_20200630_083236(8),.bmp,316,332,P,591e9272fc5177655e800c93c226a3f32712340f34672daa4e021ed2c9c8d564,2호기,392,False,True
4. X-ray 검사장비 AI 데이터셋/dataset/test1/yolov3/X선이물검출기(06.23_09.22)/2호기(2020.09.22)/SN77127_20200630_NgImage/002_20200630_123159(3).bmp,002_20200630_123159(3),.bmp,316,332,P,3205eccc5c1db836326f277f44e6d15968db289ad19c8065f65fef797f7e8f41,2호기,392,False,True
4. X-ray 검사장비 AI 데이터셋/dataset/test1/yolov3/X선이물검출기(06.23_09.22)/2호기(2020.09.22)/SN77127_20200630_NgImage/002_20200630_123203(6).bmp,002_20200630_123203(6),.bmp,316,332,P,7afabf6ee67900db332088d3ef69868477a29a3ca93f06249ec17bf2f7b9e16c,2호기,400,False,True
4. X-ray 검사장비 AI 데이터셋/dataset/test1/yolov3/X선이물검출기(06.23_09.22)/2호기(2020.09.22)/SN77127_20200630_NgImage/002_20200630_123232(0).bmp,002_20200630_123232(0),.bmp,316,332,P,29b0457c8a9d8a4293833112778629ab231e6de9b4d47cf03cb2289e5c6143de,2호기,392,False,True
4. X-ray 검사장비 AI 데이터셋/dataset/test1/yolov3/X선이물검출기(06.23_09.22)/2호기(2020.09.22)/SN77127_20200630_NgImage/002_20200630_123235(0).bmp,002_20200630_123235(0),.bmp,316,332,P,8352e5b6efd1a89a664ece00593dc6596766b763e7cc195d77b6f5b3392ac083,2호기,384,False,True
4. X-ray 검사장비 AI 데이터셋/dataset/test1/yolov3/X선이물검출기(06.23_09.22)/2호기(2020.09.22)/SN77127_20200630_NgImage/002_20200630_123238(0).bmp,002_20200630_123238(0),.bmp,316,332,P,70b9183ffb7d124eab559ad600ca51ea31234eacaa618377a4d1572a439a65af,2호기,392,False,True
4. X-ray 검사장비 AI 데이터셋/dataset/test1/yolov3/X선이물검출기(06.23_09.22)/2호기(2020.09.22)/SN77127_20200630_NgImage/002_20200630_123241(0).bmp,002_20200630_123241(0),.bmp,316,332,P,bcca37c491a4950c88f3b027127cf0a5396cd419c457298c36c0a7720342411f,2호기,392,False,True
4. X-ray 검사장비 AI 데이터셋/dataset/test1/yolov3/X선이물검출기(06.23_09.22)/2호기(2020.09.22)/SN77127_20200630_NgImage/002_20200630_163105(7).bmp,002_20200630_163105(7),.bmp,316,332,P,b92a1b51b645b98678363ed00bfa8f52b482de6a723c55bab461a09500a7bc48,2호기,392,False,True
4. X-ray 검사장비 AI 데이터셋/dataset/test1/yolov3/X선이물검출기(06.23_09.22)/2호기(2020.09.22)/SN77127_20200630_NgImage/002_20200630_163108(9).bmp,002_20200630_163108(9),.bmp,316,332,P,74b7f429288b059cc8b20b9100111184f6728bd84ce401161b9f78237d87b6cc,2호기,416,False,True
4. X-ray 검사장비 AI 데이터셋/dataset/test1/yolov3/X선이물검출기(06.23_09.22)/2호기(2020.09.22)/SN77127_20200630_NgImage/002_20200630_163112(5).bmp,002_20200630_163112(5),.bmp,316,332,P,ba943a502c9f5ef6e57f1354dcb47c51d8e6bde7829a226620f1cd5d7e0b9d59,2호기,392,False,True
4. X-ray 검사장비 AI 데이터셋/dataset/test1/yolov3/X선이물검출기(06.23_09.22)/2호기(2020.09.22)/SN77127_20200630_NgImage/002_20200630_163116(0).bmp,002_20200630_163116(0),.bmp,316,332,P,d3402ea2fc8c7cff6214f0e2aa00c3ce2cd32b1daffd45053c784447d34e6e03,2호기,392,False,True
4. X-ray 검사장비 AI 데이터셋/dataset/test1/yolov3/X선이물검출기(06.23_09.22)/2호기(2020.09.22)/SN77127_20200630_NgImage/002_20200630_163119(5).bmp,002_20200630_163119(5),.bmp,316,332,P,d04d8e725192e07d56fe77a977073efcaaff32f62f4a82588278c2e2b8dff837,2호기,392,False,True
4. X-ray 검사장비 AI 데이터셋/dataset/test1/yolov3/X선이물검출기(06.23_09.22)/2호기(2020.09.22)/SN77127_20200630_NgImage/002_20200630_163122(8).bmp,002_20200630_163122(8),.bmp,316,332,P,98d6c6dfe801eb3cf09ef440284df0ef55518268d1861c4110fc9e78094cd78d,2호기,392,False,True
4. X-ray 검사장비 AI 데이터셋/dataset/test1/yolov3/X선이물검출기(06.23_09.22)/2호기(2020.09.22)/SN77127_20200630_NgImage/002_20200630_203013(9).bmp,002_20200630_203013(9),.bmp,316,332,P,1612ae17f0ffddc5d3c288ac8a92512d6d6909c3ad9abaa758bf40602b35b303,2호기,392,False,True
4. X-ray 검사장비 AI 데이터셋/dataset/test1/yolov3/X선이물검출기(06.23_09.22)/2호기(2020.09.22)/SN77127_20200630_NgImage/002_20200630_203018(4).bmp,002_20200630_203018(4),.bmp,316,332,P,a6840c9ce29d5644a5e796ab34b1da14fd746bb41ecac55c14142b7387111c65,2호기,384,False,True
4. X-ray 검사장비 AI 데이터셋/dataset/test1/yolov3/X선이물검출기(06.23_09.22)/2호기(2020.09.22)/SN77127_20200630_NgImage/002_20200630_203022(9).bmp,002_20200630_203022(9),.bmp,316,332,P,722a3967c8769febfc4b9305c3bc84887cadd3c155378d2b8860e6376f4e0ce0,2호기,392,False,True
4. X-ray 검사장비 AI 데이터셋/dataset/test1/yolov3/X선이물검출기(06.23_09.22)/2호기(2020.09.22)/SN77127_20200630_NgImage/002_20200630_203027(4).bmp,002_20200630_203027(4),.bmp,316,332,P,241c64e5ab10f13430572972bc575cf02ff7b94db6901c5ddb5373beeab215ea,2호기,392,False,True
4. X-ray 검사장비 AI 데이터셋/dataset/test1/yolov3/X선이물검출기(06.23_09.22)/2호기(2020.09.22)/SN77127_20200630_NgImage/002_20200630_203031(8).bmp,002_20200630_203031(8),.bmp,316,332,P,e1f6ecbf2561d04581642731d7e4395af9e24db1c3554f25748737a254a47135,2호기,392,False,True
4. X-ray 검사장비 AI 데이터셋/dataset/test1/yolov3/X선이물검출기(06.23_09.22)/2호기(2020.09.22)/SN77127_20200630_NgImage/002_20200630_203036(4).bmp,002_20200630_203036(4),.bmp,316,332,P,13760c7080de25210fbe573c3d697fabcc48c163e964c5253680726e142ce958,2호기,392,False,True
4. X-ray 검사장비 AI 데이터셋/dataset/test1/yolov3/X선이물검출기(06.23_09.22)/2호기(2020.09.22)/SN77127_20200701_NgImage/002_20200630_083221(8).bmp,002_20200630_083221(8),.bmp,316,332,P,750c5ca727507d70ec03133ac2cf1a7de8df6f6a8f7ab532619efbe39ce9fde3,2호기,392,False,True
4. X-ray 검사장비 AI 데이터셋/dataset/test1/yolov3/X선이물검출기(06.23_09.22)/2호기(2020.09.22)/SN77127_20200701_NgImage/002_20200630_083224(8).bmp,002_20200630_083224(8),.bmp,316,332,P,88c6fb0ba85c9e019cb53134ffc423ce73331cea3a83e5ba91182c5d7b8c8f78,2호기,392,False,True
4. X-ray 검사장비 AI 데이터셋/dataset/test1/yolov3/X선이물검출기(06.23_09.22)/2호기(2020.09.22)/SN77127_20200701_NgImage/002_20200630_083227(8).bmp,002_20200630_083227(8),.bmp,316,332,P,e9061afe1fe2469aea4e8297d0187114a6bdebf7df7e133f88997469114e2e22,2호기,392,False,True
4. X-ray 검사장비 AI 데이터셋/dataset/test1/yolov3/X선이물검출기(06.23_09.22)/2호기(2020.09.22)/SN77127_20200701_NgImage/002_20200630_083230(8).bmp,002_20200630_083230(8),.bmp,316,332,P,d4ba372760d43cf10171fae00458bdde895518af62d3534af77722fc6efe40f1,2호기,400,False,True
4. X-ray 검사장비 AI 데이터셋/dataset/test1/yolov3/X선이물검출기(06.23_09.22)/2호기(2020.09.22)/SN77127_20200701_NgImage/002_20200630_083233(8).bmp,002_20200630_083233(8),.bmp,316,332,P,6beecfc3c4a697467e4dc77ce677bc303feb3dcef17234a1921aa3fd09db29fe,2호기,392,False,True
4. X-ray 검사장비 AI 데이터셋/dataset/test1/yolov3/X선이물검출기(06.23_09.22)/2호기(2020.09.22)/SN77127_20200701_NgImage/002_20200630_083236(8).bmp,002_20200630_083236(8),.bmp,316,332,P,591e9272fc5177655e800c93c226a3f32712340f34672daa4e021ed2c9c8d564,2호기,392,False,True
4. X-ray 검사장비 AI 데이터셋/dataset/test1/yolov3/X선이물검출기(06.23_09.22)/2호기(2020.09.22)/SN77127_20200701_NgImage/002_20200630_123159(3).bmp,002_20200630_123159(3),.bmp,316,332,P,3205eccc5c1db836326f277f44e6d15968db289ad19c8065f65fef797f7e8f41,2호기,392,False,True
4. X-ray 검사장비 AI 데이터셋/dataset/test1/yolov3/X선이물검출기(06.23_09.22)/2호기(2020.09.22)/SN77127_20200701_NgImage/002_20200630_123203(6).bmp,002_20200630_123203(6),.bmp,316,332,P,7afabf6ee67900db332088d3ef69868477a29a3ca93f06249ec17bf2f7b9e16c,2호기,400,False,True
4. X-ray 검사장비 AI 데이터셋/dataset/test1/yolov3/X선이물검출기(06.23_09.22)/2호기(2020.09.22)/SN77127_20200701_NgImage/002_20200630_123232(0).bmp,002_20200630_123232(0),.bmp,316,332,P,29b0457c8a9d8a4293833112778629ab231e6de9b4d47cf03cb2289e5c6143de,2호기,392,False,True
4. X-ray 검사장비 AI 데이터셋/dataset/test1/yolov3/X선이물검출기(06.23_09.22)/2호기(2020.09.22)/SN77127_20200701_NgImage/002_20200630_123235(0).bmp,002_20200630_123235(0),.bmp,316,332,P,8352e5b6efd1a89a664ece00593dc6596766b763e7cc195d77b6f5b3392ac083,2호기,384,False,True
4. X-ray 검사장비 AI 데이터셋/dataset/test1/yolov3/X선이물검출기(06.23_09.22)/2호기(2020.09.22)/SN77127_20200701_NgImage/002_20200630_123238(0).bmp,002_20200630_123238(0),.bmp,316,332,P,70b9183ffb7d124eab559ad600ca51ea31234eacaa618377a4d1572a439a65af,2호기,392,False,True
4. X-ray 검사장비 AI 데이터셋/dataset/test1/yolov3/X선이물검출기(06.23_09.22)/2호기(2020.09.22)/SN77127_20200701_NgImage/002_20200630_123241(0).bmp,002_20200630_123241(0),.bmp,316,332,P,bcca37c491a4950c88f3b027127cf0a5396cd419c457298c36c0a7720342411f,2호기,392,False,True
4. X-ray 검사장비 AI 데이터셋/dataset/test1/yolov3/X선이물검출기(06.23_09.22)/2호기(2020.09.22)/SN77127_20200701_NgImage/002_20200630_163105(7).bmp,002_20200630_163105(7),.bmp,316,332,P,b92a1b51b645b98678363ed00bfa8f52b482de6a723c55bab461a09500a7bc48,2호기,392,False,True
4. X-ray 검사장비 AI 데이터셋/dataset/test1/yolov3/X선이물검출기(06.23_09.22)/2호기(2020.09.22)/SN77127_20200701_NgImage/002_20200630_163108(9).bmp,002_20200630_163108(9),.bmp,316,332,P,74b7f429288b059cc8b20b9100111184f6728bd84ce401161b9f78237d87b6cc,2호기,416,False,True
4. X-ray 검사장비 AI 데이터셋/dataset/test1/yolov3/X선이물검출기(06.23_09.22)/2호기(2020.09.22)/SN77127_20200701_NgImage/002_20200630_163112(5).bmp,002_20200630_163112(5),.bmp,316,332,P,ba943a502c9f5ef6e57f1354dcb47c51d8e6bde7829a226620f1cd5d7e0b9d59,2호기,392,False,True
4. X-ray 검사장비 AI 데이터셋/dataset/test1/yolov3/X선이물검출기(06.23_09.22)/2호기(2020.09.22)/SN77127_20200701_NgImage/002_20200630_163116(0).bmp,002_20200630_163116(0),.bmp,316,332,P,d3402ea2fc8c7cff6214f0e2aa00c3ce2cd32b1daffd45053c784447d34e6e03,2호기,392,False,True
4. X-ray 검사장비 AI 데이터셋/dataset/test1/yolov3/X선이물검출기(06.23_09.22)/2호기(2020.09.22)/SN77127_20200701_NgImage/002_20200630_163119(5).bmp,002_20200630_163119(5),.bmp,316,332,P,d04d8e725192e07d56fe77a977073efcaaff32f62f4a82588278c2e2b8dff837,2호기,392,False,True
4. X-ray 검사장비 AI 데이터셋/dataset/test1/yolov3/X선이물검출기(06.23_09.22)/2호기(2020.09.22)/SN77127_20200701_NgImage/002_20200630_163122(8).bmp,002_20200630_163122(8),.bmp,316,332,P,98d6c6dfe801eb3cf09ef440284df0ef55518268d1861c4110fc9e78094cd78d,2호기,392,False,True
4. X-ray 검사장비 AI 데이터셋/dataset/test1/yolov3/X선이물검출기(06.23_09.22)/2호기(2020.09.22)/SN77127_20200701_NgImage/002_20200630_203013(9).bmp,002_20200630_203013(9),.bmp,316,332,P,1612ae17f0ffddc5d3c288ac8a92512d6d6909c3ad9abaa758bf40602b35b303,2호기,392,False,True
4. X-ray 검사장비 AI 데이터셋/dataset/test1/yolov3/X선이물검출기(06.23_09.22)/2호기(2020.09.22)/SN77127_20200701_NgImage/002_20200630_203018(4).bmp,002_20200630_203018(4),.bmp,316,332,P,a6840c9ce29d5644a5e796ab34b1da14fd746bb41ecac55c14142b7387111c65,2호기,384,False,True
4. X-ray 검사장비 AI 데이터셋/dataset/test1/yolov3/X선이물검출기(06.23_09.22)/2호기(2020.09.22)/SN77127_20200701_NgImage/002_20200630_203022(9).bmp,002_20200630_203022(9),.bmp,316,332,P,722a3967c8769febfc4b9305c3bc84887cadd3c155378d2b8860e6376f4e0ce0,2호기,392,False,True
4. X-ray 검사장비 AI 데이터셋/dataset/test1/yolov3/X선이물검출기(06.23_09.22)/2호기(2020.09.22)/SN77127_20200701_NgImage/002_20200630_203027(4).bmp,002_20200630_203027(4),.bmp,316,332,P,241c64e5ab10f13430572972bc575cf02ff7b94db6901c5ddb5373beeab215ea,2호기,392,False,True
4. X-ray 검사장비 AI 데이터셋/dataset/test1/yolov3/X선이물검출기(06.23_09.22)/2호기(2020.09.22)/SN77127_20200701_NgImage/002_20200630_203031(8).bmp,002_20200630_203031(8),.bmp,316,332,P,e1f6ecbf2561d04581642731d7e4395af9e24db1c3554f25748737a254a47135,2호기,392,False,True
4. X-ray 검사장비 AI 데이터셋/dataset/test1/yolov3/X선이물검출기(06.23_09.22)/2호기(2020.09.22)/SN77127_20200701_NgImage/002_20200630_203036(4).bmp,002_20200630_203036(4),.bmp,316,332,P,13760c7080de25210fbe573c3d697fabcc48c163e964c5253680726e142ce958,2호기,392,False,True
4. X-ray 검사장비 AI 데이터셋/dataset/test1/yolov3/X선이물검출기(06.23_09.22)/2호기(2020.09.22)/SN77127_20200701_NgImage/002_20200701_004107(2).bmp,002_20200701_004107(2),.bmp,316,332,P,8b3fcf14cb22c8b8e6f6b9e596d81f73a14a9503dfbfbe9af6be3b10ddd99963,2호기,392,False,True
4. X-ray 검사장비 AI 데이터셋/dataset/test1/yolov3/X선이물검출기(06.23_09.22)/2호기(2020.09.22)/SN77127_20200701_NgImage/002_20200701_004111(5).bmp,002_20200701_004111(5),.bmp,316,332,P,b44af37f8cdffa429dbc4dbe7abe142a0e2f23a93a3c3a8493710fb1030a751b,2호기,392,False,True
4. X-ray 검사장비 AI 데이터셋/dataset/test1/yolov3/X선이물검출기(06.23_09.22)/2호기(2020.09.22)/SN77127_20200701_NgImage/002_20200701_004116(1).bmp,002_20200701_004116(1),.bmp,316,332,P,3b9da41d19f67e446a642207efb5a1be0685bd7a417c7c3824da36da6e0d64c4,2호기,384,False,True
4. X-ray 검사장비 AI 데이터셋/dataset/test1/yolov3/X선이물검출기(06.23_09.22)/2호기(2020.09.22)/SN77127_20200701_NgImage/002_20200701_004120(5).bmp,002_20200701_004120(5),.bmp,316,332,P,84a77d484720d141d9d8137a9003a7cc4eb7ccad62ee785ad81142b6686fcd8b,2호기,392,False,True
4. X-ray 검사장비 AI 데이터셋/dataset/test1/yolov3/X선이물검출기(06.23_09.22)/2호기(2020.09.22)/SN77127_20200701_NgImage/002_20200701_004125(0).bmp,002_20200701_004125(0),.bmp,316,332,P,71768250a7e807f10af52f76f30dbf5402d603b39c5127a7d7c997336f80e39a,2호기,392,False,True
4. X-ray 검사장비 AI 데이터셋/dataset/test1/yolov3/X선이물검출기(06.23_09.22)/2호기(2020.09.22)/SN77127_20200701_NgImage/002_20200701_004129(6).bmp,002_20200701_004129(6),.bmp,316,332,P,e79357fac7e98ac7f4d4c1d70949c47b37b04ddb38d7aa642fdcf3fcf7465261,2호기,400,False,True
4. X-ray 검사장비 AI 데이터셋/dataset/test1/yolov3/X선이물검출기(06.23_09.22)/2호기(2020.09.22)/SN77127_20200701_NgImage/002_20200701_043204(8).bmp,002_20200701_043204(8),.bmp,316,332,P,4c91c41afd0ad7065464cbcdb4d7d2f215a0130155692ca680fb7ada412f9d13,2호기,392,False,True
4. X-ray 검사장비 AI 데이터셋/dataset/test1/yolov3/X선이물검출기(06.23_09.22)/2호기(2020.09.22)/SN77127_20200701_NgImage/002_20200701_043209(5).bmp,002_20200701_043209(5),.bmp,316,332,P,3a6579628fd0a2d9f5f9cf95f911c756f5728d9e4033889a395027b97d8dffdf,2호기,392,False,True
4. X-ray 검사장비 AI 데이터셋/dataset/test1/yolov3/X선이물검출기(06.23_09.22)/2호기(2020.09.22)/SN77127_20200701_NgImage/002_20200701_043213(9).bmp,002_20200701_043213(9),.bmp,316,332,P,731b59d7ad06ebefa9f31ba23f0fe4b926eeacb13b8bb6b0c697590e55ce5895,2호기,400,False,True
4. X-ray 검사장비 AI 데이터셋/dataset/test1/yolov3/X선이물검출기(06.23_09.22)/2호기(2020.09.22)/SN77127_20200701_NgImage/002_20200701_043218(4).bmp,002_20200701_043218(4),.bmp,316,332,P,4e708f7447fe83c8e3c096ac98b027da06b1b5f8ce1bbbd83cdfe270a10fa880,2호기,440,False,True
4. X-ray 검사장비 AI 데이터셋/dataset/test1/yolov3/X선이물검출기(06.23_09.22)/2호기(2020.09.22)/SN77127_20200701_NgImage/002_20200701_043222(8).bmp,002_20200701_043222(8),.bmp,316,332,P,386a565c4fd93db18a1b08e2ecd42713b79e0146014c3b25f595fc2e3b538e3f,2호기,392,False,True
4. X-ray 검사장비 AI 데이터셋/dataset/test1/yolov3/X선이물검출기(06.23_09.22)/2호기(2020.09.22)/SN77127_20200701_NgImage/002_20200701_043227(2).bmp,002_20200701_043227(2),.bmp,316,332,P,1e1ed32db9739f765354cbacf7f18e82c49846981741eb836e3ed153f647ab3f,2호기,392,False,True
4. X-ray 검사장비 AI 데이터셋/dataset/test1/yolov3/X선이물검출기(06.23_09.22)/2호기(2020.09.22)/SN77127_20200701_NgImage/002_20200701_083102(9).bmp,002_20200701_083102(9),.bmp,316,332,P,2e838d7a6e4c8e6e0beb4865a23d13e8aad2e870fcceb7b99ee93194e97d2c02,2호기,384,False,True
4. X-ray 검사장비 AI 데이터셋/dataset/test1/yolov3/X선이물검출기(06.23_09.22)/2호기(2020.09.22)/SN77127_20200701_NgImage/002_20200701_083105(7).bmp,002_20200701_083105(7),.bmp,316,332,P,c289a85c37a3e7472c1a5f3668ee604329b2eb88533f02cb486385770069d955,2호기,400,False,True
4. X-ray 검사장비 AI 데이터셋/dataset/test1/yolov3/X선이물검출기(06.23_09.22)/2호기(2020.09.22)/SN77127_20200701_NgImage/002_20200701_083108(8).bmp,002_20200701_083108(8),.bmp,316,332,P,7724ccffe5f8721f36a3967165c8abfb34a0bc2852b1b307ea447861a1e41d9c,2호기,400,False,True
4. X-ray 검사장비 AI 데이터셋/dataset/test1/yolov3/X선이물검출기(06.23_09.22)/2호기(2020.09.22)/SN77127_20200701_NgImage/002_20200701_083111(8).bmp,002_20200701_083111(8),.bmp,316,332,P,1cef6279212d5c25732fa9138733ebac2613fecd3f5d35fd7c15622c121a682b,2호기,408,False,True
4. X-ray 검사장비 AI 데이터셋/dataset/test1/yolov3/X선이물검출기(06.23_09.22)/2호기(2020.09.22)/SN77127_20200701_NgImage/002_20200701_083114(8).bmp,002_20200701_083114(8),.bmp,316,332,P,8209fc1c9ff209b876db0420120d4a034e1fdaa046e3f760efba5f6ad2ba6e52,2호기,392,False,True
4. X-ray 검사장비 AI 데이터셋/dataset/test1/yolov3/X선이물검출기(06.23_09.22)/2호기(2020.09.22)/SN77127_20200701_NgImage/002_20200701_083117(8).bmp,002_20200701_083117(8),.bmp,316,332,P,01cf87ee81291eb0c49a5cbeff56884e4fc555b6de4e45d8fa1b556186acbe60,2호기,384,False,True
4. X-ray 검사장비 AI 데이터셋/dataset/test1/yolov3/X선이물검출기(06.23_09.22)/2호기(2020.09.22)/SN77127_20200701_NgImage/002_20200701_123502(6).bmp,002_20200701_123502(6),.bmp,316,332,P,b69fef150f72201509d25ca2f5e7593e5989719f7f4e80e489d117b3c6d89de3,2호기,392,False,True
4. X-ray 검사장비 AI 데이터셋/dataset/test1/yolov3/X선이물검출기(06.23_09.22)/2호기(2020.09.22)/SN77127_20200701_NgImage/002_20200701_123505(9).bmp,002_20200701_123505(9),.bmp,316,332,P,7e628acc852c8d97436e2cf127784e85a83f415f8908e4a686ef5f6734295b90,2호기,384,False,True
4. X-ray 검사장비 AI 데이터셋/dataset/test1/yolov3/X선이물검출기(06.23_09.22)/2호기(2020.09.22)/SN77127_20200701_NgImage/002_20200701_123508(7).bmp,002_20200701_123508(7),.bmp,316,332,P,880acdc3dd05ed8d59540404ae85aa2286130f9b8691243beb821e22066fbca8,2호기,400,False,True
4. X-ray 검사장비 AI 데이터셋/dataset/test1/yolov3/X선이물검출기(06.23_09.22)/2호기(2020.09.22)/SN77127_20200701_NgImage/002_20200701_123511(5).bmp,002_20200701_123511(5),.bmp,316,332,P,3fb7096428af9a98a5fb973117563a330617a129ca2f0c1c902732618130812e,2호기,400,False,True
4. X-ray 검사장비 AI 데이터셋/dataset/test1/yolov3/X선이물검출기(06.23_09.22)/2호기(2020.09.22)/SN77127_20200701_NgImage/002_20200701_123514(1).bmp,002_20200701_123514(1),.bmp,316,332,P,d6aaeadd2aee932db7c37dec6d5be3e0984f7e1500f15c774e301d111635dbe9,2호기,392,False,True
4. X-ray 검사장비 AI 데이터셋/dataset/test1/yolov3/X선이물검출기(06.23_09.22)/2호기(2020.09.22)/SN77127_20200701_NgImage/002_20200701_123516(7).bmp,002_20200701_123516(7),.bmp,316,332,P,3644085d98597f4612f9d828c83b79e852d92bc66ff97585ba1a02645d1d3439,2호기,392,False,True
4. X-ray 검사장비 AI 데이터셋/dataset/test1/yolov3/X선이물검출기(06.23_09.22)/2호기(2020.09.22)/SN77127_20200701_NgImage/002_20200701_163100(6).bmp,002_20200701_163100(6),.bmp,316,332,P,dbefd2eef5ea231e839f8a3755e37903ed5268460920bfde04b59e46da63b2a6,2호기,408,False,True
4. X-ray 검사장비 AI 데이터셋/dataset/test1/yolov3/X선이물검출기(06.23_09.22)/2호기(2020.09.22)/SN77127_20200701_NgImage/002_20200701_163104(5).bmp,002_20200701_163104(5),.bmp,316,332,P,cd9b40ce878f878f55b2d06368e6fece08615dde6bcb3022d52a332098b87b85,2호기,408,False,True
4. X-ray 검사장비 AI 데이터셋/dataset/test1/yolov3/X선이물검출기(06.23_09.22)/2호기(2020.09.22)/SN77127_20200701_NgImage/002_20200701_163108(4).bmp,002_20200701_163108(4),.bmp,316,332,P,1b5c83743a1cd282e016d8887948dc2fbe00fd14ae227e5885064872713a391a,2호기,384,False,True
4. X-ray 검사장비 AI 데이터셋/dataset/test1/yolov3/X선이물검출기(06.23_09.22)/2호기(2020.09.22)/SN77127_20200701_NgImage/002_20200701_163112(3).bmp,002_20200701_163112(3),.bmp,316,332,P,5436d0a546498798205eaa4bfbe82ed4d8af97a2d82321b3b8a38156347770a4,2호기,400,False,True
4. X-ray 검사장비 AI 데이터셋/dataset/test1/yolov3/X선이물검출기(06.23_09.22)/2호기(2020.09.22)/SN77127_20200701_NgImage/002_20200701_163116(3).bmp,002_20200701_163116(3),.bmp,316,332,P,6545f33d88341cff31ebe4f73e015cf1da6cd8c2dd70bd51ee6ccf6ee1157fea,2호기,384,False,True
4. X-ray 검사장비 AI 데이터셋/dataset/test1/yolov3/X선이물검출기(06.23_09.22)/2호기(2020.09.22)/SN77127_20200701_NgImage/002_20200701_163120(4).bmp,002_20200701_163120(4),.bmp,316,332,P,2fde9a305cdca2c4979cb4f3457fc2cda2a8392f79b47f8b77e894a1bfae7c43,2호기,392,False,True
4. X-ray 검사장비 AI 데이터셋/dataset/test1/yolov3/X선이물검출기(06.23_09.22)/2호기(2020.09.22)/SN77127_20200701_NgImage/002_20200701_203449(7).bmp,002_20200701_203449(7),.bmp,316,332,P,75b453ba83e27748efc0d131795a26a4c06f57015efb4c4aca424dca16f4fc41,2호기,408,False,True
4. X-ray 검사장비 AI 데이터셋/dataset/test1/yolov3/X선이물검출기(06.23_09.22)/2호기(2020.09.22)/SN77127_20200701_NgImage/002_20200701_203454(3).bmp,002_20200701_203454(3),.bmp,316,332,P,155074fbd364df3731544e80bc8f8de63e22d44e7747519232319b3a32a1e7cb,2호기,400,False,True
4. X-ray 검사장비 AI 데이터셋/dataset/test1/yolov3/X선이물검출기(06.23_09.22)/2호기(2020.09.22)/SN77127_20200701_NgImage/002_20200701_203458(5).bmp,002_20200701_203458(5),.bmp,316,332,P,db49637c269af21f8c19979bb0aa5d5ae9c4199f4043df598427ba99e8a91dc0,2호기,448,False,True
4. X-ray 검사장비 AI 데이터셋/dataset/test1/yolov3/X선이물검출기(06.23_09.22)/2호기(2020.09.22)/SN77127_20200701_NgImage/002_20200701_203503(2).bmp,002_20200701_203503(2),.bmp,316,332,P,9ed8b6bac898ad1e1a64294b13953642a1d5700f899f0f633fa5c51f1cdc4238,2호기,384,False,True
4. X-ray 검사장비 AI 데이터셋/dataset/test1/yolov3/X선이물검출기(06.23_09.22)/2호기(2020.09.22)/SN77127_20200701_NgImage/002_20200701_203507(7).bmp,002_20200701_203507(7),.bmp,316,332,P,86f0415ab9dfca5062cc84d27aded0c4cfb2263f5a279419cf3b1169263c14ab,2호기,400,False,True
4. X-ray 검사장비 AI 데이터셋/dataset/test1/yolov3/X선이물검출기(06.23_09.22)/2호기(2020.09.22)/SN77127_20200701_NgImage/002_20200701_203512(1).bmp,002_20200701_203512(1),.bmp,316,332,P,63dbe624d0ab1ad800a3860a1755d97846deb96d347c58e4049278e3f338dc1c,2호기,392,False,True
4. X-ray 검사장비 AI 데이터셋/dataset/test1/yolov3/X선이물검출기(06.23_09.22)/2호기(2020.09.22)/SN77127_20200702_NgImage/002_20200702_002959(7).bmp,002_20200702_002959(7),.bmp,316,332,P,a133f560b9ccaf7fe4942cce199fa9698cc0e47c776fffe903afa1dd125d46c1,2호기,400,False,True
4. X-ray 검사장비 AI 데이터셋/dataset/test1/yolov3/X선이물검출기(06.23_09.22)/2호기(2020.09.22)/SN77127_20200702_NgImage/002_20200702_003004(2).bmp,002_20200702_003004(2),.bmp,316,332,P,3646f091947cf09e69ca97c5381df96b41f6ec79139c18e79fe029f524585929,2호기,384,False,True
4. X-ray 검사장비 AI 데이터셋/dataset/test1/yolov3/X선이물검출기(06.23_09.22)/2호기(2020.09.22)/SN77127_20200702_NgImage/002_20200702_003008(7).bmp,002_20200702_003008(7),.bmp,316,332,P,94476b957eaac72c267811917211081f3dbcd27402fbc47b09212029ca09e78e,2호기,392,False,True
4. X-ray 검사장비 AI 데이터셋/dataset/test1/yolov3/X선이물검출기(06.23_09.22)/2호기(2020.09.22)/SN77127_20200702_NgImage/002_20200702_003011(7).bmp,002_20200702_003011(7),.bmp,316,332,P,6580e20323ca2297662f8150659629e8f1e1f29ddc99dfaddffff798a6956a99,2호기,392,False,True
4. X-ray 검사장비 AI 데이터셋/dataset/test1/yolov3/X선이물검출기(06.23_09.22)/2호기(2020.09.22)/SN77127_20200702_NgImage/002_20200702_003016(3).bmp,002_20200702_003016(3),.bmp,316,332,P,50e7c3b30919bd67acb69e8bb14796ddaed4f1102e02f355c37c4bc254a3ae2c,2호기,400,False,True
4. X-ray 검사장비 AI 데이터셋/dataset/test1/yolov3/X선이물검출기(06.23_09.22)/2호기(2020.09.22)/SN77127_20200702_NgImage/002_20200702_003020(8).bmp,002_20200702_003020(8),.bmp,316,332,P,85f6f6d31b18fc8c5d3063cd65d121c4066c2e38fefc4388c62f918c4d0ab664,2호기,400,False,True
4. X-ray 검사장비 AI 데이터셋/dataset/test1/yolov3/X선이물검출기(06.23_09.22)/2호기(2020.09.22)/SN77127_20200702_NgImage/002_20200702_043936(2).bmp,002_20200702_043936(2),.bmp,316,332,P,eed0dbf20d3ba069b24fe9ee900ed7c2dee91fc7adfc56f4635d9d24b17159b8,2호기,392,False,True
4. X-ray 검사장비 AI 데이터셋/dataset/test1/yolov3/X선이물검출기(06.23_09.22)/2호기(2020.09.22)/SN77127_20200702_NgImage/002_20200702_043940(7).bmp,002_20200702_043940(7),.bmp,316,332,P,d2dc24fe9133e5949af88ac82ba28edbf70781cff8eadf9792afbcc06d80aa96,2호기,400,False,True
4. X-ray 검사장비 AI 데이터셋/dataset/test1/yolov3/X선이물검출기(06.23_09.22)/2호기(2020.09.22)/SN77127_20200702_NgImage/002_20200702_043945(1).bmp,002_20200702_043945(1),.bmp,316,332,P,0d417593bcc059bd61b94169e039297102c8c7a4e51fa6b92c5ea75ad01ed16c,2호기,384,False,True
4. X-ray 검사장비 AI 데이터셋/dataset/test1/yolov3/X선이물검출기(06.23_09.22)/2호기(2020.09.22)/SN77127_20200702_NgImage/002_20200702_043949(6).bmp,002_20200702_043949(6),.bmp,316,332,P,d324bd0a2d717ef83bd2d30eac6ba124df13851d1cce42ae5eb820c68a2509e8,2호기,408,False,True
4. X-ray 검사장비 AI 데이터셋/dataset/test1/yolov3/X선이물검출기(06.23_09.22)/2호기(2020.09.22)/SN77127_20200702_NgImage/002_20200702_043954(0).bmp,002_20200702_043954(0),.bmp,316,332,P,965ccef82445c6ac514f90d04d6c7106c19e773ca9afdaeab44d07b6beda4e5e,2호기,424,False,True
4. X-ray 검사장비 AI 데이터셋/dataset/test1/yolov3/X선이물검출기(06.23_09.22)/2호기(2020.09.22)/SN77127_20200702_NgImage/002_20200702_043958(5).bmp,002_20200702_043958(5),.bmp,316,332,P,be80c942f074c925f7dd6e2397c76a5c5443d8008b10312862d3f4223e5594c0,2호기,392,False,True
4. X-ray 검사장비 AI 데이터셋/dataset/test1/yolov3/X선이물검출기(06.23_09.22)/2호기(2020.09.22)/SN77127_20200706_NgImage/002_20200706_083210(1).bmp,002_20200706_083210(1),.bmp,316,332,P,d99508f3cfc4bb2a6b61693adef895a98143937c7d0f7f82378d5c9c6c3aad8e,2호기,400,False,True
4. X-ray 검사장비 AI 데이터셋/dataset/test1/yolov3/X선이물검출기(06.23_09.22)/2호기(2020.09.22)/SN77127_20200706_NgImage/002_20200706_083227(7).bmp,002_20200706_083227(7),.bmp,316,332,P,7d7321d6dd4f2bfd7412f4edcd4f733a04a84f4accf504b86e2f1a0fad804448,2호기,392,False,True
4. X-ray 검사장비 AI 데이터셋/dataset/test1/yolov3/X선이물검출기(06.23_09.22)/2호기(2020.09.22)/SN77127_20200706_NgImage/002_20200706_083231(8).bmp,002_20200706_083231(8),.bmp,316,332,P,e7bab5eea8414dac8fffc33ba5c429069e8b374497ba38ac0c33ed8c67e45eba,2호기,384,False,True
4. X-ray 검사장비 AI 데이터셋/dataset/test1/yolov3/X선이물검출기(06.23_09.22)/2호기(2020.09.22)/SN77127_20200706_NgImage/002_20200706_083234(7).bmp,002_20200706_083234(7),.bmp,316,332,P,da96b078a20fd30625aea2cf9e0d61c2f820481603e02a5937304dcae93c37f3,2호기,408,False,True
4. X-ray 검사장비 AI 데이터셋/dataset/test1/yolov3/X선이물검출기(06.23_09.22)/2호기(2020.09.22)/SN77127_20200706_NgImage/002_20200706_083237(9).bmp,002_20200706_083237(9),.bmp,316,332,P,8618168eb4e8515632dfd2d876c13680e1f793220221d00ea0afabf95aebfe86,2호기,400,False,True
4. X-ray 검사장비 AI 데이터셋/dataset/test1/yolov3/X선이물검출기(06.23_09.22)/2호기(2020.09.22)/SN77127_20200706_NgImage/002_20200706_083241(0).bmp,002_20200706_083241(0),.bmp,316,332,P,fe4f6abf3352f6843b1f61638d81e07bb47ba36010ee329d841aafed70ee04c1,2호기,392,False,True
4. X-ray 검사장비 AI 데이터셋/dataset/test1/yolov3/X선이물검출기(06.23_09.22)/2호기(2020.09.22)/SN77127_20200706_NgImage/002_20200706_123239(6).bmp,002_20200706_123239(6),.bmp,316,332,P,38543c04c8f9e6e4db49ceb86770dc5cdce1a9f3c74bb2a9d77a09aebce648a8,2호기,416,False,True
4. X-ray 검사장비 AI 데이터셋/dataset/test1/yolov3/X선이물검출기(06.23_09.22)/2호기(2020.09.22)/SN77127_20200706_NgImage/002_20200706_123242(9).bmp,002_20200706_123242(9),.bmp,316,332,P,e5046675a0318b19fee098b30fecf66615acbb61a69977f827a8b68852a89ac8,2호기,384,False,True
4. X-ray 검사장비 AI 데이터셋/dataset/test1/yolov3/X선이물검출기(06.23_09.22)/2호기(2020.09.22)/SN77127_20200706_NgImage/002_20200706_123246(0).bmp,002_20200706_123246(0),.bmp,316,332,P,5738e5e9ea89dff0e08951af6bc363c0cadbee448e433b0f08e2d9b7695064a2,2호기,384,False,True
4. X-ray 검사장비 AI 데이터셋/dataset/test1/yolov3/X선이물검출기(06.23_09.22)/2호기(2020.09.22)/SN77127_20200706_NgImage/002_20200706_123251(3).bmp,002_20200706_123251(3),.bmp,316,332,P,7346223244d4143a3bf9c790315c15ab8b690c3b065f46acfc4d8298a0388a22,2호기,384,False,True
4. X-ray 검사장비 AI 데이터셋/dataset/test1/yolov3/X선이물검출기(06.23_09.22)/2호기(2020.09.22)/SN77127_20200706_NgImage/002_20200706_123254(7).bmp,002_20200706_123254(7),.bmp,316,332,P,419ffca66fcd1407c1d0d2831b3e9edfba5d515b61fea1b5f74055f336c68cc0,2호기,400,False,True
4. X-ray 검사장비 AI 데이터셋/dataset/test1/yolov3/X선이물검출기(06.23_09.22)/2호기(2020.09.22)/SN77127_20200706_NgImage/002_20200706_123258(0).bmp,002_20200706_123258(0),.bmp,316,332,P,a5be30ed02180b0630b682c252d99b88286e570eaba53d5b19b229edd80bc777,2호기,416,False,True
4. X-ray 검사장비 AI 데이터셋/dataset/test1/yolov3/X선이물검출기(06.23_09.22)/2호기(2020.09.22)/SN77127_20200706_NgImage/002_20200706_163440(6).bmp,002_20200706_163440(6),.bmp,316,332,P,9efb002c373f6e44d0c7a693b99d7ba6cf515c553796397f499b6079f8ed069c,2호기,408,False,True
4. X-ray 검사장비 AI 데이터셋/dataset/test1/yolov3/X선이물검출기(06.23_09.22)/2호기(2020.09.22)/SN77127_20200706_NgImage/002_20200706_163443(7).bmp,002_20200706_163443(7),.bmp,316,332,P,40728874d4fc54c5f2c39666f12cd84f299062f371c10dfb9e6efe6a8e1598d1,2호기,384,False,True
4. X-ray 검사장비 AI 데이터셋/dataset/test1/yolov3/X선이물검출기(06.23_09.22)/2호기(2020.09.22)/SN77127_20200706_NgImage/002_20200706_163446(4).bmp,002_20200706_163446(4),.bmp,316,332,P,7abdff25bfa58bc1e053103711b9b97b1aa37cf601d744b1ca7733224bfb4e9c,2호기,392,False,True
4. X-ray 검사장비 AI 데이터셋/dataset/test1/yolov3/X선이물검출기(06.23_09.22)/2호기(2020.09.22)/SN77127_20200706_NgImage/002_20200706_163449(2).bmp,002_20200706_163449(2),.bmp,316,332,P,09a965a0ee4a3defab2d78022048628cc0ba6b0ce1c273c50c72b8bdcd557d7b,2호기,392,False,True
4. X-ray 검사장비 AI 데이터셋/dataset/test1/yolov3/X선이물검출기(06.23_09.22)/2호기(2020.09.22)/SN77127_20200706_NgImage/002_20200706_163452(0).bmp,002_20200706_163452(0),.bmp,316,332,P,14e39efb5ae783d06443fad2a5b8529ba8c2573adcc1d675fdb7a1e207d1020f,2호기,440,False,True
4. X-ray 검사장비 AI 데이터셋/dataset/test1/yolov3/X선이물검출기(06.23_09.22)/2호기(2020.09.22)/SN77127_20200706_NgImage/002_20200706_163454(6).bmp,002_20200706_163454(6),.bmp,316,332,P,fd695bc851ffc5c2966855cacf4161b950426a34ae94b8fb7f619fdb6458957e,2호기,392,False,True
4. X-ray 검사장비 AI 데이터셋/dataset/test1/yolov3/X선이물검출기(06.23_09.22)/2호기(2020.09.22)/SN77127_20200706_NgImage/002_20200706_203227(3).bmp,002_20200706_203227(3),.bmp,316,332,P,de5cc00d24d11e7dfcf6ea3b472906c6bea885ed889ea8a088e8da3c184b2057,2호기,400,False,True
4. X-ray 검사장비 AI 데이터셋/dataset/test1/yolov3/X선이물검출기(06.23_09.22)/2호기(2020.09.22)/SN77127_20200706_NgImage/002_20200706_203230(6).bmp,002_20200706_203230(6),.bmp,316,332,P,c557bdcdf19a0868075128fc2979f435b7c75d0093935535aa4387f56abd2340,2호기,392,False,True
4. X-ray 검사장비 AI 데이터셋/dataset/test1/yolov3/X선이물검출기(06.23_09.22)/2호기(2020.09.22)/SN77127_20200706_NgImage/002_20200706_203233(8).bmp,002_20200706_203233(8),.bmp,316,332,P,478a1a3a52b24ec6e6e4fb9d6081595d0b71bd87818bdd39409f0d77ac886f60,2호기,384,False,True
4. X-ray 검사장비 AI 데이터셋/dataset/test1/yolov3/X선이물검출기(06.23_09.22)/2호기(2020.09.22)/SN77127_20200706_NgImage/002_20200706_203236(9).bmp,002_20200706_203236(9),.bmp,316,332,P,a23f61b4e0ecf1318b0bf0d93ce265fab77901737b78051d7aaec8be429fd359,2호기,400,False,True
4. X-ray 검사장비 AI 데이터셋/dataset/test1/yolov3/X선이물검출기(06.23_09.22)/2호기(2020.09.22)/SN77127_20200706_NgImage/002_20200706_203240(1).bmp,002_20200706_203240(1),.bmp,316,332,P,5928473eb2a643e7d85b74f1cf7b145240d6151d443f04a24581b15bc9d06af6,2호기,384,False,True
4. X-ray 검사장비 AI 데이터셋/dataset/test1/yolov3/X선이물검출기(06.23_09.22)/2호기(2020.09.22)/SN77127_20200706_NgImage/002_20200706_203243(4).bmp,002_20200706_203243(4),.bmp,316,332,P,6da81da0e2979055e69f74809696853520ee19034c26f7d9bb8eaecbc3289886,2호기,392,False,True
4. X-ray 검사장비 AI 데이터셋/dataset/test1/yolov3/X선이물검출기(06.23_09.22)/2호기(2020.09.22)/SN77127_20200707_NgImage/002_20200706_203227(3).bmp,002_20200706_203227(3),.bmp,316,332,P,de5cc00d24d11e7dfcf6ea3b472906c6bea885ed889ea8a088e8da3c184b2057,2호기,400,False,True
4. X-ray 검사장비 AI 데이터셋/dataset/test1/yolov3/X선이물검출기(06.23_09.22)/2호기(2020.09.22)/SN77127_20200707_NgImage/002_20200706_203230(6).bmp,002_20200706_203230(6),.bmp,316,332,P,c557bdcdf19a0868075128fc2979f435b7c75d0093935535aa4387f56abd2340,2호기,392,False,True
4. X-ray 검사장비 AI 데이터셋/dataset/test1/yolov3/X선이물검출기(06.23_09.22)/2호기(2020.09.22)/SN77127_20200707_NgImage/002_20200706_203233(8).bmp,002_20200706_203233(8),.bmp,316,332,P,478a1a3a52b24ec6e6e4fb9d6081595d0b71bd87818bdd39409f0d77ac886f60,2호기,384,False,True
4. X-ray 검사장비 AI 데이터셋/dataset/test1/yolov3/X선이물검출기(06.23_09.22)/2호기(2020.09.22)/SN77127_20200707_NgImage/002_20200706_203236(9).bmp,002_20200706_203236(9),.bmp,316,332,P,a23f61b4e0ecf1318b0bf0d93ce265fab77901737b78051d7aaec8be429fd359,2호기,400,False,True
4. X-ray 검사장비 AI 데이터셋/dataset/test1/yolov3/X선이물검출기(06.23_09.22)/2호기(2020.09.22)/SN77127_20200707_NgImage/002_20200706_203240(1).bmp,002_20200706_203240(1),.bmp,316,332,P,5928473eb2a643e7d85b74f1cf7b145240d6151d443f04a24581b15bc9d06af6,2호기,384,False,True
4. X-ray 검사장비 AI 데이터셋/dataset/test1/yolov3/X선이물검출기(06.23_09.22)/2호기(2020.09.22)/SN77127_20200707_NgImage/002_20200706_203243(4).bmp,002_20200706_203243(4),.bmp,316,332,P,6da81da0e2979055e69f74809696853520ee19034c26f7d9bb8eaecbc3289886,2호기,392,False,True
4. X-ray 검사장비 AI 데이터셋/dataset/test1/yolov3/X선이물검출기(06.23_09.22)/2호기(2020.09.22)/SN77127_20200707_NgImage/002_20200707_003521(0).bmp,002_20200707_003521(0),.bmp,316,332,P,8b1458f55d289542bd7cb0dd39881a18e6fca3750617570cdcba4fe26b6e3c6e,2호기,400,False,True
4. X-ray 검사장비 AI 데이터셋/dataset/test1/yolov3/X선이물검출기(06.23_09.22)/2호기(2020.09.22)/SN77127_20200707_NgImage/002_20200707_003525(0).bmp,002_20200707_003525(0),.bmp,316,332,P,ae34c60e8195dfd888b3f018779457c0cea6cb9bf6cfde213b945f062ee76b4f,2호기,408,False,True
4. X-ray 검사장비 AI 데이터셋/dataset/test1/yolov3/X선이물검출기(06.23_09.22)/2호기(2020.09.22)/SN77127_20200707_NgImage/002_20200707_003529(0).bmp,002_20200707_003529(0),.bmp,316,332,P,ea07bb5eb83c0c54b286944359a95d3131c6c2947b34ba8fdd323658609485b4,2호기,400,False,True
4. X-ray 검사장비 AI 데이터셋/dataset/test1/yolov3/X선이물검출기(06.23_09.22)/2호기(2020.09.22)/SN77127_20200707_NgImage/002_20200707_003533(0).bmp,002_20200707_003533(0),.bmp,316,332,P,fff95b9e8ca432b371a7cdeec702b8cbdd0e1c8d19f6dc12f9ae6b2a71d481c1,2호기,392,False,True
4. X-ray 검사장비 AI 데이터셋/dataset/test1/yolov3/X선이물검출기(06.23_09.22)/2호기(2020.09.22)/SN77127_20200707_NgImage/002_20200707_003537(1).bmp,002_20200707_003537(1),.bmp,316,332,P,c31c201aa5afefc3b71bdf8e81250876da3737a6f87e28924d1be99e3dbb26e9,2호기,392,False,True
4. X-ray 검사장비 AI 데이터셋/dataset/test1/yolov3/X선이물검출기(06.23_09.22)/2호기(2020.09.22)/SN77127_20200707_NgImage/002_20200707_003541(1).bmp,002_20200707_003541(1),.bmp,316,332,P,4c7bafd0053cc5c1fecde77be2161c98effa66d1a8713f8d6bdb318cd72096a0,2호기,400,False,True
4. X-ray 검사장비 AI 데이터셋/dataset/test1/yolov3/X선이물검출기(06.23_09.22)/2호기(2020.09.22)/SN77127_20200707_NgImage/002_20200707_043655(6).bmp,002_20200707_043655(6),.bmp,316,332,P,ac30c530f1b654f5823dcb2ce692a864884efec621ea0cccab54a62015971dfe,2호기,448,False,True
4. X-ray 검사장비 AI 데이터셋/dataset/test1/yolov3/X선이물검출기(06.23_09.22)/2호기(2020.09.22)/SN77127_20200707_NgImage/002_20200707_043659(3).bmp,002_20200707_043659(3),.bmp,316,332,P,cce036e2f934b8c74ce68b60f014d61d330c911819e3b581652ef1b0232007af,2호기,416,False,True
4. X-ray 검사장비 AI 데이터셋/dataset/test1/yolov3/X선이물검출기(06.23_09.22)/2호기(2020.09.22)/SN77127_20200707_NgImage/002_20200707_043703(4).bmp,002_20200707_043703(4),.bmp,316,332,P,115dfa13a37ec37e9395770bddfa77f6121b08fd47cb0704fe3d17c965cfe1e2,2호기,384,False,True
4. X-ray 검사장비 AI 데이터셋/dataset/test1/yolov3/X선이물검출기(06.23_09.22)/2호기(2020.09.22)/SN77127_20200707_NgImage/002_20200707_043707(4).bmp,002_20200707_043707(4),.bmp,316,332,P,c01d8706893479de28b763ad773dcdf23941c62f734d04af841c794d97c740e4,2호기,416,False,True
4. X-ray 검사장비 AI 데이터셋/dataset/test1/yolov3/X선이물검출기(06.23_09.22)/2호기(2020.09.22)/SN77127_20200707_NgImage/002_20200707_043711(3).bmp,002_20200707_043711(3),.bmp,316,332,P,a6ab9eaacf001bdbd489ae57e68501095171c52c3ff01c32c7cb1bdf747e8820,2호기,392,False,True
4. X-ray 검사장비 AI 데이터셋/dataset/test1/yolov3/X선이물검출기(06.23_09.22)/2호기(2020.09.22)/SN77127_20200707_NgImage/002_20200707_043715(5).bmp,002_20200707_043715(5),.bmp,316,332,P,f6e71aa93f031af777fecbb4e0852678cb82bf0704f6039d1258a9c7fcecd224,2호기,400,False,True
4. X-ray 검사장비 AI 데이터셋/dataset/test1/yolov3/X선이물검출기(06.23_09.22)/2호기(2020.09.22)/SN77127_20200707_NgImage/002_20200707_083236(0).bmp,002_20200707_083236(0),.bmp,316,332,P,c20c572f1e21b79f9dfd5da99253d8c5665ac55a75a13fcb692bb903a8c9fb33,2호기,384,False,True
4. X-ray 검사장비 AI 데이터셋/dataset/test1/yolov3/X선이물검출기(06.23_09.22)/2호기(2020.09.22)/SN77127_20200707_NgImage/002_20200707_083240(0).bmp,002_20200707_083240(0),.bmp,316,332,P,140b50615b643208f9eca95eafba71e57d4eea7000912b6e461a448a6541e89e,2호기,384,False,True
4. X-ray 검사장비 AI 데이터셋/dataset/test1/yolov3/X선이물검출기(06.23_09.22)/2호기(2020.09.22)/SN77127_20200707_NgImage/002_20200707_083246(1).bmp,002_20200707_083246(1),.bmp,316,332,P,2a8dc3fca8fc15cb2f492f1f5a27e5ed955003db67de1fcdc2e924b382439000,2호기,400,False,True
4. X-ray 검사장비 AI 데이터셋/dataset/test1/yolov3/X선이물검출기(06.23_09.22)/2호기(2020.09.22)/SN77127_20200707_NgImage/002_20200707_083250(0).bmp,002_20200707_083250(0),.bmp,316,332,P,d438acabc56c1ecc75bec9b559d2bca319496f33eb3c49c21b7cdc2ad5eb85cc,2호기,440,False,True
4. X-ray 검사장비 AI 데이터셋/dataset/test1/yolov3/X선이물검출기(06.23_09.22)/2호기(2020.09.22)/SN77127_20200707_NgImage/002_20200707_083254(0).bmp,002_20200707_083254(0),.bmp,316,332,P,76710ea7c1dd4b99c1934b7f038285f7d2c2870c7106158e0f9fbf88c6fd5a37,2호기,408,False,True
4. X-ray 검사장비 AI 데이터셋/dataset/test1/yolov3/X선이물검출기(06.23_09.22)/2호기(2020.09.22)/SN77127_20200707_NgImage/002_20200707_083258(1).bmp,002_20200707_083258(1),.bmp,316,332,P,a7b6935847162739a4a2a647c0be713a660e98d67de6d1f6cca48cfc81b8a54c,2호기,448,False,True
4. X-ray 검사장비 AI 데이터셋/dataset/test1/yolov3/X선이물검출기(06.23_09.22)/2호기(2020.09.22)/SN77127_20200707_NgImage/002_20200707_123354(0).bmp,002_20200707_123354(0),.bmp,316,332,P,3c5bc7ee309216ba63a7e6aaf447b10397bf39bd8b434b8d40f7dcad24ac44e0,2호기,408,False,True
4. X-ray 검사장비 AI 데이터셋/dataset/test1/yolov3/X선이물검출기(06.23_09.22)/2호기(2020.09.22)/SN77127_20200707_NgImage/002_20200707_123358(1).bmp,002_20200707_123358(1),.bmp,316,332,P,f3eb8035b334d41379472bf2fa64d4b2db90fc2614adc2b9e2657ecff4630983,2호기,384,False,True
4. X-ray 검사장비 AI 데이터셋/dataset/test1/yolov3/X선이물검출기(06.23_09.22)/2호기(2020.09.22)/SN77127_20200707_NgImage/002_20200707_123402(0).bmp,002_20200707_123402(0),.bmp,316,332,P,635e1cb0b2db18e1b765ecfeee803b4f8cd34f91c6439c45f8db8c20e9a61b3d,2호기,384,False,True
4. X-ray 검사장비 AI 데이터셋/dataset/test1/yolov3/X선이물검출기(06.23_09.22)/2호기(2020.09.22)/SN77127_20200707_NgImage/002_20200707_123408(2).bmp,002_20200707_123408(2),.bmp,316,332,P,0d7abedddcc444232ad80ad9849e26036a5461f8b2795a933cfb76ca9529e197,2호기,416,False,True
4. X-ray 검사장비 AI 데이터셋/dataset/test1/yolov3/X선이물검출기(06.23_09.22)/2호기(2020.09.22)/SN77127_20200707_NgImage/002_20200707_123412(1).bmp,002_20200707_123412(1),.bmp,316,332,P,57fd82810e62bd7cbcb1629747c3aeb490f1c1baec2831405395b9bc2250ba51,2호기,384,False,True
4. X-ray 검사장비 AI 데이터셋/dataset/test1/yolov3/X선이물검출기(06.23_09.22)/2호기(2020.09.22)/SN77127_20200707_NgImage/002_20200707_123416(0).bmp,002_20200707_123416(0),.bmp,316,332,P,b7d28e2b51ce3641c3a5c0ac2d98f33af45aa2c3b3bf7010a0bb20bdde916829,2호기,400,False,True
4. X-ray 검사장비 AI 데이터셋/dataset/test1/yolov3/X선이물검출기(06.23_09.22)/2호기(2020.09.22)/SN77127_20200708_NgImage/002_20200708_092945(9).bmp,002_20200708_092945(9),.bmp,316,332,P,c5e845403f553e5bd2f12fd18c7d337fceec1799400637d931c79ec4ded41b78,2호기,400,False,True
4. X-ray 검사장비 AI 데이터셋/dataset/test1/yolov3/X선이물검출기(06.23_09.22)/2호기(2020.09.22)/SN77127_20200708_NgImage/002_20200708_092949(9).bmp,002_20200708_092949(9),.bmp,316,332,P,120e0c5ae09a0a4ac35bff13d418ece334181bbde7f1ee5582d55bc10527ca72,2호기,392,False,True
4. X-ray 검사장비 AI 데이터셋/dataset/test1/yolov3/X선이물검출기(06.23_09.22)/2호기(2020.09.22)/SN77127_20200708_NgImage/002_20200708_092953(7).bmp,002_20200708_092953(7),.bmp,316,332,P,7f2a61d30f286309d62a2a276e91677683a79b588675a86885a3a858d660c5f2,2호기,384,False,True
4. X-ray 검사장비 AI 데이터셋/dataset/test1/yolov3/X선이물검출기(06.23_09.22)/2호기(2020.09.22)/SN77127_20200708_NgImage/002_20200708_092957(7).bmp,002_20200708_092957(7),.bmp,316,332,P,b131849837d709417bea27e7f54da334999dd198fb1c54c28dba14e17f1cc392,2호기,384,False,True
4. X-ray 검사장비 AI 데이터셋/dataset/test1/yolov3/X선이물검출기(06.23_09.22)/2호기(2020.09.22)/SN77127_20200708_NgImage/002_20200708_093001(9).bmp,002_20200708_093001(9),.bmp,316,332,P,390b766628e396291a552b3acbba14852af7d5269d1dce92b1d8980678204261,2호기,392,False,True
4. X-ray 검사장비 AI 데이터셋/dataset/test1/yolov3/X선이물검출기(06.23_09.22)/2호기(2020.09.22)/SN77127_20200708_NgImage/002_20200708_093005(8).bmp,002_20200708_093005(8),.bmp,316,332,P,7ccaac9c614c578abd42ca2086afc4153a4ac7c22677e9fbffc54225572017e6,2호기,400,False,True
4. X-ray 검사장비 AI 데이터셋/dataset/test1/yolov3/X선이물검출기(06.23_09.22)/2호기(2020.09.22)/SN77127_20200708_NgImage/002_20200708_123021(9).bmp,002_20200708_123021(9),.bmp,316,332,P,4a502af6fda73d61e8cf929a2a840e07297adb7e997db7f225c5b875d361333b,2호기,384,False,True
4. X-ray 검사장비 AI 데이터셋/dataset/test1/yolov3/X선이물검출기(06.23_09.22)/2호기(2020.09.22)/SN77127_20200708_NgImage/002_20200708_123025(7).bmp,002_20200708_123025(7),.bmp,316,332,P,d58cc52663112bf05c7ce09684bd94a6e08b4e90a2be8f53e7dc5e71e8f24f04,2호기,392,False,True
4. X-ray 검사장비 AI 데이터셋/dataset/test1/yolov3/X선이물검출기(06.23_09.22)/2호기(2020.09.22)/SN77127_20200708_NgImage/002_20200708_123029(7).bmp,002_20200708_123029(7),.bmp,316,332,P,3a5ec4b14b551f6eacb3265b4b3404b925ed3ea15f26036b2cc14db40018bf5f,2호기,384,False,True
4. X-ray 검사장비 AI 데이터셋/dataset/test1/yolov3/X선이물검출기(06.23_09.22)/2호기(2020.09.22)/SN77127_20200708_NgImage/002_20200708_123034(0).bmp,002_20200708_123034(0),.bmp,316,332,P,2c0cb814f0a30556b488179a21928663eeaa9b26c486ed291c05d587b1cf84ec,2호기,384,False,True
4. X-ray 검사장비 AI 데이터셋/dataset/test1/yolov3/X선이물검출기(06.23_09.22)/2호기(2020.09.22)/SN77127_20200708_NgImage/002_20200708_123037(8).bmp,002_20200708_123037(8),.bmp,316,332,P,41a5ec029bf688333457fc65e4c39d365c05d5bd4abdfaf0c4106beb220ff328,2호기,384,False,True
4. X-ray 검사장비 AI 데이터셋/dataset/test1/yolov3/X선이물검출기(06.23_09.22)/2호기(2020.09.22)/SN77127_20200708_NgImage/002_20200708_123041(7).bmp,002_20200708_123041(7),.bmp,316,332,P,91cb3e0b9dff92f0675348cb724c7c795b34837f65ef1fc5976c1ac080c9c997,2호기,384,False,True
4. X-ray 검사장비 AI 데이터셋/dataset/test1/yolov3/X선이물검출기(06.23_09.22)/2호기(2020.09.22)/SN77127_20200708_NgImage/002_20200708_163937(6).bmp,002_20200708_163937(6),.bmp,316,332,P,97d0306d7009682e8a941e4d6be528c634c28dc59b38067e89a8fa6d9950f2f4,2호기,384,False,True
4. X-ray 검사장비 AI 데이터셋/dataset/test1/yolov3/X선이물검출기(06.23_09.22)/2호기(2020.09.22)/SN77127_20200708_NgImage/002_20200708_163941(4).bmp,002_20200708_163941(4),.bmp,316,332,P,a6fbdb10e666d419c3db19608c5ac3017ab55b26eeb06adc65caff93a753caf7,2호기,384,False,True
4. X-ray 검사장비 AI 데이터셋/dataset/test1/yolov3/X선이물검출기(06.23_09.22)/2호기(2020.09.22)/SN77127_20200708_NgImage/002_20200708_163945(4).bmp,002_20200708_163945(4),.bmp,316,332,P,3ae1175ae971265d8a75496513ccbad1c83cefb39c7e97cad5b5eb30660310ce,2호기,400,False,True
4. X-ray 검사장비 AI 데이터셋/dataset/test1/yolov3/X선이물검출기(06.23_09.22)/2호기(2020.09.22)/SN77127_20200708_NgImage/002_20200708_163949(4).bmp,002_20200708_163949(4),.bmp,316,332,P,6e68407493041aed9cea4289991ebca37421d6d83a1bcd7fd9c334c81d3b7b2c,2호기,400,False,True
4. X-ray 검사장비 AI 데이터셋/dataset/test1/yolov3/X선이물검출기(06.23_09.22)/2호기(2020.09.22)/SN77127_20200708_NgImage/002_20200708_163953(3).bmp,002_20200708_163953(3),.bmp,316,332,P,9292cafb120dedcec94057f11ae17008b69103b365ff1c1c44fc753a4baa3d02,2호기,392,False,True
4. X-ray 검사장비 AI 데이터셋/dataset/test1/yolov3/X선이물검출기(06.23_09.22)/2호기(2020.09.22)/SN77127_20200708_NgImage/002_20200708_163957(5).bmp,002_20200708_163957(5),.bmp,316,332,P,cbd41ff07dda4d5cbc9d1272765cdb7aab73cac1f876edbc8100066997dd3206,2호기,416,False,True
4. X-ray 검사장비 AI 데이터셋/dataset/test1/yolov3/X선이물검출기(06.23_09.22)/2호기(2020.09.22)/SN77127_20200708_NgImage/002_20200708_203125(0).bmp,002_20200708_203125(0),.bmp,316,332,P,2678047ebe7b7d3863b212426d41187ed08a0a9f55aec243e28e6241e3d2a9fd,2호기,392,False,True
4. X-ray 검사장비 AI 데이터셋/dataset/test1/yolov3/X선이물검출기(06.23_09.22)/2호기(2020.09.22)/SN77127_20200708_NgImage/002_20200708_203128(9).bmp,002_20200708_203128(9),.bmp,316,332,P,c01d8410cf798cc303a28fd06ebe51afcf0b6262f8ae6de088f02339543a2256,2호기,392,False,True
4. X-ray 검사장비 AI 데이터셋/dataset/test1/yolov3/X선이물검출기(06.23_09.22)/2호기(2020.09.22)/SN77127_20200708_NgImage/002_20200708_203132(7).bmp,002_20200708_203132(7),.bmp,316,332,P,341e13b770396b4b1d8570db68b97d7b77c2b23ffd87763009644266fcda7d28,2호기,400,False,True
4. X-ray 검사장비 AI 데이터셋/dataset/test1/yolov3/X선이물검출기(06.23_09.22)/2호기(2020.09.22)/SN77127_20200708_NgImage/002_20200708_203136(7).bmp,002_20200708_203136(7),.bmp,316,332,P,51bf37e321756da351a9df910e72f84549a690b83675f2a173b2228162e4e6c4,2호기,400,False,True
4. X-ray 검사장비 AI 데이터셋/dataset/test1/yolov3/X선이물검출기(06.23_09.22)/2호기(2020.09.22)/SN77127_20200708_NgImage/002_20200708_203140(7).bmp,002_20200708_203140(7),.bmp,316,332,P,013888165dbdbda9478adb0dad739f02ac5d6611d2f1192508b1d45ad581deb3,2호기,400,False,True
4. X-ray 검사장비 AI 데이터셋/dataset/test1/yolov3/X선이물검출기(06.23_09.22)/2호기(2020.09.22)/SN77127_20200708_NgImage/002_20200708_203144(7).bmp,002_20200708_203144(7),.bmp,316,332,P,5edf198afa32c464b165c127c09a124ae44afcab21c130de424d567cb9535138,2호기,392,False,True
4. X-ray 검사장비 AI 데이터셋/dataset/test1/yolov3/X선이물검출기(06.23_09.22)/2호기(2020.09.22)/SN77127_20200713_NgImage/002_20200713_091056(8).bmp,002_20200713_091056(8),.bmp,316,332,P,d0f44516493c2bfb52b5bd6fa19813129fa21b1d7154708ec6547657a106aafd,2호기,400,False,True
4. X-ray 검사장비 AI 데이터셋/dataset/test1/yolov3/X선이물검출기(06.23_09.22)/2호기(2020.09.22)/SN77127_20200713_NgImage/002_20200713_091100(5).bmp,002_20200713_091100(5),.bmp,316,332,P,5d3a3e0ac82faaeb4e7676f03377c101b018f10ac5b531d459b24cf3c6e9aa02,2호기,384,False,True
4. X-ray 검사장비 AI 데이터셋/dataset/test1/yolov3/X선이물검출기(06.23_09.22)/2호기(2020.09.22)/SN77127_20200713_NgImage/002_20200713_091103(8).bmp,002_20200713_091103(8),.bmp,316,332,P,fc5a8967086dbebddd4da224d725618bc0fcea3549a1e69af2b4c210be8caa93,2호기,392,False,True
4. X-ray 검사장비 AI 데이터셋/dataset/test1/yolov3/X선이물검출기(06.23_09.22)/2호기(2020.09.22)/SN77127_20200713_NgImage/002_20200713_091106(9).bmp,002_20200713_091106(9),.bmp,316,332,P,d45f3761bcb8465997e8984e53ef924085421cb5126c6d0238b8bf98acfa6bc1,2호기,392,False,True
4. X-ray 검사장비 AI 데이터셋/dataset/test1/yolov3/X선이물검출기(06.23_09.22)/2호기(2020.09.22)/SN77127_20200713_NgImage/002_20200713_091109(9).bmp,002_20200713_091109(9),.bmp,316,332,P,421d0fce52c5733ce7bbce8995a9e7282fd2018d46091423d0d18b27ccb89e22,2호기,400,False,True
4. X-ray 검사장비 AI 데이터셋/dataset/test1/yolov3/X선이물검출기(06.23_09.22)/2호기(2020.09.22)/SN77127_20200713_NgImage/002_20200713_091112(5).bmp,002_20200713_091112(5),.bmp,316,332,P,441003c97a0c9b763b9a31b2e4ba5a849ed74510f645f19ded2ec313fd3fcce3,2호기,392,False,True
4. X-ray 검사장비 AI 데이터셋/dataset/test1/yolov3/X선이물검출기(06.23_09.22)/2호기(2020.09.22)/SN77127_20200713_NgImage/002_20200713_123358(8).bmp,002_20200713_123358(8),.bmp,316,332,P,75815dcd3210efa17ed3d1ed3b619505eb5c1a43048ec9e2c27d6895429cd50a,2호기,408,False,True
4. X-ray 검사장비 AI 데이터셋/dataset/test1/yolov3/X선이물검출기(06.23_09.22)/2호기(2020.09.22)/SN77127_20200713_NgImage/002_20200713_123403(4).bmp,002_20200713_123403(4),.bmp,316,332,P,6223fd6efb6f5e75ff3a4b67224fd212c2d3701ad1dae62e94c5b3211e270400,2호기,384,False,True
4. X-ray 검사장비 AI 데이터셋/dataset/test1/yolov3/X선이물검출기(06.23_09.22)/2호기(2020.09.22)/SN77127_20200713_NgImage/002_20200713_123408(0).bmp,002_20200713_123408(0),.bmp,316,332,P,a116d8618fab3c002716ae64c172fbade543f9786ae7d46fb8e846bd00f84d11,2호기,384,False,True
4. X-ray 검사장비 AI 데이터셋/dataset/test1/yolov3/X선이물검출기(06.23_09.22)/2호기(2020.09.22)/SN77127_20200713_NgImage/002_20200713_123412(4).bmp,002_20200713_123412(4),.bmp,316,332,P,74c4a2456c60cd664776ef70e8c26b7c66db0c3763f9fb953f308d2fec98f7e1,2호기,384,False,True
4. X-ray 검사장비 AI 데이터셋/dataset/test1/yolov3/X선이물검출기(06.23_09.22)/2호기(2020.09.22)/SN77127_20200713_NgImage/002_20200713_123416(9).bmp,002_20200713_123416(9),.bmp,316,332,P,363d8e63ff14050dc2c794908a7f574eb64a4d899d37dd56f31588188b5e7a21,2호기,392,False,True
4. X-ray 검사장비 AI 데이터셋/dataset/test1/yolov3/X선이물검출기(06.23_09.22)/2호기(2020.09.22)/SN77127_20200713_NgImage/002_20200713_123421(4).bmp,002_20200713_123421(4),.bmp,316,332,P,60c31dcddf0d67a4b0eef461ed337558fdd07abc873de11f96de307cdcd1090a,2호기,400,False,True
4. X-ray 검사장비 AI 데이터셋/dataset/test1/yolov3/X선이물검출기(06.23_09.22)/2호기(2020.09.22)/SN77127_20200713_NgImage/002_20200713_163753(9).bmp,002_20200713_163753(9),.bmp,316,332,P,0cc3344ac8988c4d654ea7dd7de1406a2375d3c5848b8a76832751a813355f58,2호기,392,False,True
4. X-ray 검사장비 AI 데이터셋/dataset/test1/yolov3/X선이물검출기(06.23_09.22)/2호기(2020.09.22)/SN77127_20200713_NgImage/002_20200713_163814(8).bmp,002_20200713_163814(8),.bmp,316,332,P,ae4c014f8e3bd7f09dc44ddf98e50838874d6f590c219d8e3f4423d5a400515d,2호기,400,False,True
4. X-ray 검사장비 AI 데이터셋/dataset/test1/yolov3/X선이물검출기(06.23_09.22)/2호기(2020.09.22)/SN77127_20200713_NgImage/002_20200713_163819(2).bmp,002_20200713_163819(2),.bmp,316,332,P,1940d76d832e8a5b78e28be4f972ca68dee9f9dc4c9d4b212702724c21e2b8b2,2호기,392,False,True
4. X-ray 검사장비 AI 데이터셋/dataset/test1/yolov3/X선이물검출기(06.23_09.22)/2호기(2020.09.22)/SN77127_20200713_NgImage/002_20200713_163823(7).bmp,002_20200713_163823(7),.bmp,316,332,P,ae72ec8afcd6026c0ea4c813b3e9f80dd67f6426aabab050c6186612e9c6941f,2호기,392,False,True
4. X-ray 검사장비 AI 데이터셋/dataset/test1/yolov3/X선이물검출기(06.23_09.22)/2호기(2020.09.22)/SN77127_20200713_NgImage/002_20200713_163828(2).bmp,002_20200713_163828(2),.bmp,316,332,P,5b7f20a85eaff2d41a79db0a87e406f7e5d1bce07c864c5d3d66933c45f4c46c,2호기,408,False,True
4. X-ray 검사장비 AI 데이터셋/dataset/test1/yolov3/X선이물검출기(06.23_09.22)/2호기(2020.09.22)/SN77127_20200713_NgImage/002_20200713_163832(8).bmp,002_20200713_163832(8),.bmp,316,332,P,0e7aa547de644a78dc3ab5e329906f54986091e02b6cf8acaeacd40363bf476b,2호기,392,False,True
4. X-ray 검사장비 AI 데이터셋/dataset/test1/yolov3/X선이물검출기(06.23_09.22)/2호기(2020.09.22)/SN77127_20200713_NgImage/002_20200713_202718(1).bmp,002_20200713_202718(1),.bmp,316,332,P,def30b8fb4c180ebe9d660029f514aa2f8c9818aca66b27559dbcc35076bc17a,2호기,400,False,True
4. X-ray 검사장비 AI 데이터셋/dataset/test1/yolov3/X선이물검출기(06.23_09.22)/2호기(2020.09.22)/SN77127_20200713_NgImage/002_20200713_202722(5).bmp,002_20200713_202722(5),.bmp,316,332,P,2c28e298040ab0ae1602bd1975e0b7735f7b7e580d464b8f24e51cdac7fbae36,2호기,384,False,True
4. X-ray 검사장비 AI 데이터셋/dataset/test1/yolov3/X선이물검출기(06.23_09.22)/2호기(2020.09.22)/SN77127_20200713_NgImage/002_20200713_202726(9).bmp,002_20200713_202726(9),.bmp,316,332,P,b5e440ab89949cea1d8cf7680bb7e9adf89bd8d8c18948d725d7beadfc130608,2호기,400,False,True
4. X-ray 검사장비 AI 데이터셋/dataset/test1/yolov3/X선이물검출기(06.23_09.22)/2호기(2020.09.22)/SN77127_20200713_NgImage/002_20200713_202731(4).bmp,002_20200713_202731(4),.bmp,316,332,P,dc922bb3c45041f4098b302afd25f1f6d869b2afe42728f62e392e70f5120162,2호기,400,False,True
4. X-ray 검사장비 AI 데이터셋/dataset/test1/yolov3/X선이물검출기(06.23_09.22)/2호기(2020.09.22)/SN77127_20200713_NgImage/002_20200713_202735(9).bmp,002_20200713_202735(9),.bmp,316,332,P,7783c36c2eb0e6cd974a0238ffe602b1f7ce75da84c5fd3af3838719b4bf06f7,2호기,400,False,True
4. X-ray 검사장비 AI 데이터셋/dataset/test1/yolov3/X선이물검출기(06.23_09.22)/2호기(2020.09.22)/SN77127_20200713_NgImage/002_20200713_202743(4).bmp,002_20200713_202743(4),.bmp,316,332,P,b5604d4ac08b45f705a3ddb5982e43ff1ab41c39284b74b5f7f32381c6367958,2호기,400,False,True
4. X-ray 검사장비 AI 데이터셋/dataset/test1/yolov3/X선이물검출기(06.23_09.22)/2호기(2020.09.22)/SN77127_20200714_NgImage/002_20200713_091056(8).bmp,002_20200713_091056(8),.bmp,316,332,P,d0f44516493c2bfb52b5bd6fa19813129fa21b1d7154708ec6547657a106aafd,2호기,400,False,True
4. X-ray 검사장비 AI 데이터셋/dataset/test1/yolov3/X선이물검출기(06.23_09.22)/2호기(2020.09.22)/SN77127_20200714_NgImage/002_20200713_091100(5).bmp,002_20200713_091100(5),.bmp,316,332,P,5d3a3e0ac82faaeb4e7676f03377c101b018f10ac5b531d459b24cf3c6e9aa02,2호기,384,False,True
4. X-ray 검사장비 AI 데이터셋/dataset/test1/yolov3/X선이물검출기(06.23_09.22)/2호기(2020.09.22)/SN77127_20200714_NgImage/002_20200713_091103(8).bmp,002_20200713_091103(8),.bmp,316,332,P,fc5a8967086dbebddd4da224d725618bc0fcea3549a1e69af2b4c210be8caa93,2호기,392,False,True
4. X-ray 검사장비 AI 데이터셋/dataset/test1/yolov3/X선이물검출기(06.23_09.22)/2호기(2020.09.22)/SN77127_20200714_NgImage/002_20200713_091106(9).bmp,002_20200713_091106(9),.bmp,316,332,P,d45f3761bcb8465997e8984e53ef924085421cb5126c6d0238b8bf98acfa6bc1,2호기,392,False,True
4. X-ray 검사장비 AI 데이터셋/dataset/test1/yolov3/X선이물검출기(06.23_09.22)/2호기(2020.09.22)/SN77127_20200714_NgImage/002_20200713_091109(9).bmp,002_20200713_091109(9),.bmp,316,332,P,421d0fce52c5733ce7bbce8995a9e7282fd2018d46091423d0d18b27ccb89e22,2호기,400,False,True
4. X-ray 검사장비 AI 데이터셋/dataset/test1/yolov3/X선이물검출기(06.23_09.22)/2호기(2020.09.22)/SN77127_20200714_NgImage/002_20200713_091112(5).bmp,002_20200713_091112(5),.bmp,316,332,P,441003c97a0c9b763b9a31b2e4ba5a849ed74510f645f19ded2ec313fd3fcce3,2호기,392,False,True
4. X-ray 검사장비 AI 데이터셋/dataset/test1/yolov3/X선이물검출기(06.23_09.22)/2호기(2020.09.22)/SN77127_20200714_NgImage/002_20200713_123358(8).bmp,002_20200713_123358(8),.bmp,316,332,P,75815dcd3210efa17ed3d1ed3b619505eb5c1a43048ec9e2c27d6895429cd50a,2호기,408,False,True
4. X-ray 검사장비 AI 데이터셋/dataset/test1/yolov3/X선이물검출기(06.23_09.22)/2호기(2020.09.22)/SN77127_20200714_NgImage/002_20200713_123403(4).bmp,002_20200713_123403(4),.bmp,316,332,P,6223fd6efb6f5e75ff3a4b67224fd212c2d3701ad1dae62e94c5b3211e270400,2호기,384,False,True
4. X-ray 검사장비 AI 데이터셋/dataset/test1/yolov3/X선이물검출기(06.23_09.22)/2호기(2020.09.22)/SN77127_20200714_NgImage/002_20200713_123408(0).bmp,002_20200713_123408(0),.bmp,316,332,P,a116d8618fab3c002716ae64c172fbade543f9786ae7d46fb8e846bd00f84d11,2호기,384,False,True
4. X-ray 검사장비 AI 데이터셋/dataset/test1/yolov3/X선이물검출기(06.23_09.22)/2호기(2020.09.22)/SN77127_20200714_NgImage/002_20200713_123412(4).bmp,002_20200713_123412(4),.bmp,316,332,P,74c4a2456c60cd664776ef70e8c26b7c66db0c3763f9fb953f308d2fec98f7e1,2호기,384,False,True
4. X-ray 검사장비 AI 데이터셋/dataset/test1/yolov3/X선이물검출기(06.23_09.22)/2호기(2020.09.22)/SN77127_20200714_NgImage/002_20200713_123416(9).bmp,002_20200713_123416(9),.bmp,316,332,P,363d8e63ff14050dc2c794908a7f574eb64a4d899d37dd56f31588188b5e7a21,2호기,392,False,True
4. X-ray 검사장비 AI 데이터셋/dataset/test1/yolov3/X선이물검출기(06.23_09.22)/2호기(2020.09.22)/SN77127_20200714_NgImage/002_20200713_123421(4).bmp,002_20200713_123421(4),.bmp,316,332,P,60c31dcddf0d67a4b0eef461ed337558fdd07abc873de11f96de307cdcd1090a,2호기,400,False,True
4. X-ray 검사장비 AI 데이터셋/dataset/test1/yolov3/X선이물검출기(06.23_09.22)/2호기(2020.09.22)/SN77127_20200714_NgImage/002_20200713_163753(9).bmp,002_20200713_163753(9),.bmp,316,332,P,0cc3344ac8988c4d654ea7dd7de1406a2375d3c5848b8a76832751a813355f58,2호기,392,False,True
4. X-ray 검사장비 AI 데이터셋/dataset/test1/yolov3/X선이물검출기(06.23_09.22)/2호기(2020.09.22)/SN77127_20200714_NgImage/002_20200713_163814(8).bmp,002_20200713_163814(8),.bmp,316,332,P,ae4c014f8e3bd7f09dc44ddf98e50838874d6f590c219d8e3f4423d5a400515d,2호기,400,False,True
4. X-ray 검사장비 AI 데이터셋/dataset/test1/yolov3/X선이물검출기(06.23_09.22)/2호기(2020.09.22)/SN77127_20200714_NgImage/002_20200713_163819(2).bmp,002_20200713_163819(2),.bmp,316,332,P,1940d76d832e8a5b78e28be4f972ca68dee9f9dc4c9d4b212702724c21e2b8b2,2호기,392,False,True
4. X-ray 검사장비 AI 데이터셋/dataset/test1/yolov3/X선이물검출기(06.23_09.22)/2호기(2020.09.22)/SN77127_20200714_NgImage/002_20200713_163823(7).bmp,002_20200713_163823(7),.bmp,316,332,P,ae72ec8afcd6026c0ea4c813b3e9f80dd67f6426aabab050c6186612e9c6941f,2호기,392,False,True
4. X-ray 검사장비 AI 데이터셋/dataset/test1/yolov3/X선이물검출기(06.23_09.22)/2호기(2020.09.22)/SN77127_20200714_NgImage/002_20200713_163828(2).bmp,002_20200713_163828(2),.bmp,316,332,P,5b7f20a85eaff2d41a79db0a87e406f7e5d1bce07c864c5d3d66933c45f4c46c,2호기,408,False,True
4. X-ray 검사장비 AI 데이터셋/dataset/test1/yolov3/X선이물검출기(06.23_09.22)/2호기(2020.09.22)/SN77127_20200714_NgImage/002_20200713_163832(8).bmp,002_20200713_163832(8),.bmp,316,332,P,0e7aa547de644a78dc3ab5e329906f54986091e02b6cf8acaeacd40363bf476b,2호기,392,False,True
4. X-ray 검사장비 AI 데이터셋/dataset/test1/yolov3/X선이물검출기(06.23_09.22)/2호기(2020.09.22)/SN77127_20200714_NgImage/002_20200713_202718(1).bmp,002_20200713_202718(1),.bmp,316,332,P,def30b8fb4c180ebe9d660029f514aa2f8c9818aca66b27559dbcc35076bc17a,2호기,400,False,True
4. X-ray 검사장비 AI 데이터셋/dataset/test1/yolov3/X선이물검출기(06.23_09.22)/2호기(2020.09.22)/SN77127_20200714_NgImage/002_20200713_202722(5).bmp,002_20200713_202722(5),.bmp,316,332,P,2c28e298040ab0ae1602bd1975e0b7735f7b7e580d464b8f24e51cdac7fbae36,2호기,384,False,True
4. X-ray 검사장비 AI 데이터셋/dataset/test1/yolov3/X선이물검출기(06.23_09.22)/2호기(2020.09.22)/SN77127_20200714_NgImage/002_20200713_202726(9).bmp,002_20200713_202726(9),.bmp,316,332,P,b5e440ab89949cea1d8cf7680bb7e9adf89bd8d8c18948d725d7beadfc130608,2호기,400,False,True
4. X-ray 검사장비 AI 데이터셋/dataset/test1/yolov3/X선이물검출기(06.23_09.22)/2호기(2020.09.22)/SN77127_20200714_NgImage/002_20200713_202731(4).bmp,002_20200713_202731(4),.bmp,316,332,P,dc922bb3c45041f4098b302afd25f1f6d869b2afe42728f62e392e70f5120162,2호기,400,False,True
4. X-ray 검사장비 AI 데이터셋/dataset/test1/yolov3/X선이물검출기(06.23_09.22)/2호기(2020.09.22)/SN77127_20200714_NgImage/002_20200713_202735(9).bmp,002_20200713_202735(9),.bmp,316,332,P,7783c36c2eb0e6cd974a0238ffe602b1f7ce75da84c5fd3af3838719b4bf06f7,2호기,400,False,True
4. X-ray 검사장비 AI 데이터셋/dataset/test1/yolov3/X선이물검출기(06.23_09.22)/2호기(2020.09.22)/SN77127_20200714_NgImage/002_20200713_202743(4).bmp,002_20200713_202743(4),.bmp,316,332,P,b5604d4ac08b45f705a3ddb5982e43ff1ab41c39284b74b5f7f32381c6367958,2호기,400,False,True
4. X-ray 검사장비 AI 데이터셋/dataset/test1/yolov3/X선이물검출기(06.23_09.22)/2호기(2020.09.22)/SN77127_20200714_NgImage/002_20200714_002857(2).bmp,002_20200714_002857(2),.bmp,316,332,P,032fd2b0916dbbdbedd00c0167eabb813ea727400c26b808d4c4c77ba413ec89,2호기,392,False,True
4. X-ray 검사장비 AI 데이터셋/dataset/test1/yolov3/X선이물검출기(06.23_09.22)/2호기(2020.09.22)/SN77127_20200714_NgImage/002_20200714_002901(5).bmp,002_20200714_002901(5),.bmp,316,332,P,89a10ac3a18211d9abb448b8943859a34fd3dd066803b8bd5b4eaac733f43dcd,2호기,400,False,True
4. X-ray 검사장비 AI 데이터셋/dataset/test1/yolov3/X선이물검출기(06.23_09.22)/2호기(2020.09.22)/SN77127_20200714_NgImage/002_20200714_002904(6).bmp,002_20200714_002904(6),.bmp,316,332,P,5e35d798becf23bddc75b465e871143da6bf2ffa22d53042f0596d5da991dcc0,2호기,392,False,True
4. X-ray 검사장비 AI 데이터셋/dataset/test1/yolov3/X선이물검출기(06.23_09.22)/2호기(2020.09.22)/SN77127_20200714_NgImage/002_20200714_002907(5).bmp,002_20200714_002907(5),.bmp,316,332,P,1eb6fb4d4ed1dbafd6f94d86d580f64882e82b357b85c7b4e00ae5fe5f1eb79d,2호기,392,False,True
4. X-ray 검사장비 AI 데이터셋/dataset/test1/yolov3/X선이물검출기(06.23_09.22)/2호기(2020.09.22)/SN77127_20200714_NgImage/002_20200714_002910(7).bmp,002_20200714_002910(7),.bmp,316,332,P,0247eb4cc0296937f896b44fb5782c1a0883d96389c6fc94344c755155e468a4,2호기,392,False,True
4. X-ray 검사장비 AI 데이터셋/dataset/test1/yolov3/X선이물검출기(06.23_09.22)/2호기(2020.09.22)/SN77127_20200714_NgImage/002_20200714_002915(0).bmp,002_20200714_002915(0),.bmp,316,332,P,f17c59bfb6caaef47f3a7c46bfb66f1ae8c60d784cded2b885e638d7265b500f,2호기,392,False,True
4. X-ray 검사장비 AI 데이터셋/dataset/test1/yolov3/X선이물검출기(06.23_09.22)/2호기(2020.09.22)/SN77127_20200714_NgImage/002_20200714_043014(3).bmp,002_20200714_043014(3),.bmp,316,332,P,649d99478043afcb5ba6ab49578e8601fbd8382f5363277a21a6766f9c2375cb,2호기,384,False,True
4. X-ray 검사장비 AI 데이터셋/dataset/test1/yolov3/X선이물검출기(06.23_09.22)/2호기(2020.09.22)/SN77127_20200714_NgImage/002_20200714_043020(0).bmp,002_20200714_043020(0),.bmp,316,332,P,7c90c2a353922560711645e3500b105984adaad7a535108da6c50fcf441dfee4,2호기,392,False,True
4. X-ray 검사장비 AI 데이터셋/dataset/test1/yolov3/X선이물검출기(06.23_09.22)/2호기(2020.09.22)/SN77127_20200714_NgImage/002_20200714_043024(4).bmp,002_20200714_043024(4),.bmp,316,332,P,66867ab7a7d9dfa912da60e478008dd50b00f5382e89b95f390b5e8f813c9d5d,2호기,408,False,True
4. X-ray 검사장비 AI 데이터셋/dataset/test1/yolov3/X선이물검출기(06.23_09.22)/2호기(2020.09.22)/SN77127_20200714_NgImage/002_20200714_043029(1).bmp,002_20200714_043029(1),.bmp,316,332,P,0ac1109a4e6e98631ccfabc0a1ae8e55d8b7ebef844df9695e9c5fe4c1d7f174,2호기,424,False,True
4. X-ray 검사장비 AI 데이터셋/dataset/test1/yolov3/X선이물검출기(06.23_09.22)/2호기(2020.09.22)/SN77127_20200714_NgImage/002_20200714_043033(4).bmp,002_20200714_043033(4),.bmp,316,332,P,49b0a521a150980da09a0c73cb602fb9287bb9993ac2fb08f8674a651c9bf708,2호기,424,False,True
4. X-ray 검사장비 AI 데이터셋/dataset/test1/yolov3/X선이물검출기(06.23_09.22)/2호기(2020.09.22)/SN77127_20200714_NgImage/002_20200714_043037(9).bmp,002_20200714_043037(9),.bmp,316,332,P,e49255d0ef121b388c804a940cf4c3aad066acacd3b991196fc82e26560c8e3a,2호기,416,False,True
4. X-ray 검사장비 AI 데이터셋/dataset/test1/yolov3/X선이물검출기(06.23_09.22)/2호기(2020.09.22)/SN77127_20200714_NgImage/002_20200714_230002(9).bmp,002_20200714_230002(9),.bmp,316,332,P,b5d1be97840ce002b4777aa49b08207943847b337bc95d16791d0a37a9fb8945,2호기,400,False,True
4. X-ray 검사장비 AI 데이터셋/dataset/test1/yolov3/X선이물검출기(06.23_09.22)/2호기(2020.09.22)/SN77127_20200714_NgImage/002_20200714_230006(3).bmp,002_20200714_230006(3),.bmp,316,332,P,9f8256b486a49e8ca4e498cb6353c7c2b604d66f7d6529922972468bf2c194c0,2호기,384,False,True
4. X-ray 검사장비 AI 데이터셋/dataset/test1/yolov3/X선이물검출기(06.23_09.22)/2호기(2020.09.22)/SN77127_20200714_NgImage/002_20200714_230010(7).bmp,002_20200714_230010(7),.bmp,316,332,P,1617574cd4511cbaf743cfc5893dc5897a8818742a0f0faa06c554db44ec37b6,2호기,408,False,True
4. X-ray 검사장비 AI 데이터셋/dataset/test1/yolov3/X선이물검출기(06.23_09.22)/2호기(2020.09.22)/SN77127_20200714_NgImage/002_20200714_230014(1).bmp,002_20200714_230014(1),.bmp,316,332,P,50ed032f19922cd24f6eadb8214e7df53953e27c7f6d98521513d1b235aef157,2호기,400,False,True
4. X-ray 검사장비 AI 데이터셋/dataset/test1/yolov3/X선이물검출기(06.23_09.22)/2호기(2020.09.22)/SN77127_20200714_NgImage/002_20200714_230017(3).bmp,002_20200714_230017(3),.bmp,316,332,P,0bf243124be647221d45e8f03b502a937a979cdf4c49f178eb0fa23c4ad159b7,2호기,392,False,True
4. X-ray 검사장비 AI 데이터셋/dataset/test1/yolov3/X선이물검출기(06.23_09.22)/2호기(2020.09.22)/SN77127_20200714_NgImage/002_20200714_230020(6).bmp,002_20200714_230020(6),.bmp,316,332,P,62d4a24590182ebd11f01313ef93ecd573392e1cad96d48f2ca6d8be2a533d91,2호기,384,False,True
4. X-ray 검사장비 AI 데이터셋/dataset/test1/yolov3/X선이물검출기(06.23_09.22)/2호기(2020.09.22)/SN77127_20200715_NgImage/002_20200715_002706(2).bmp,002_20200715_002706(2),.bmp,316,332,P,0efcf9fe353627179335de6b91797d435daf6efa0dff28a0293f0469873c0297,2호기,384,False,True
4. X-ray 검사장비 AI 데이터셋/dataset/test1/yolov3/X선이물검출기(06.23_09.22)/2호기(2020.09.22)/SN77127_20200715_NgImage/002_20200715_002710(7).bmp,002_20200715_002710(7),.bmp,316,332,P,1cc1e5cd59f207c406923e7e0c1afa769e773729691afd2d4a71a58372efcf16,2호기,408,False,True
4. X-ray 검사장비 AI 데이터셋/dataset/test1/yolov3/X선이물검출기(06.23_09.22)/2호기(2020.09.22)/SN77127_20200715_NgImage/002_20200715_002715(0).bmp,002_20200715_002715(0),.bmp,316,332,P,d07641054e2d31353e5fa6ad882a511ee99681c0a9dfa8ad6b859fdccaf60ec2,2호기,408,False,True
4. X-ray 검사장비 AI 데이터셋/dataset/test1/yolov3/X선이물검출기(06.23_09.22)/2호기(2020.09.22)/SN77127_20200715_NgImage/002_20200715_002719(6).bmp,002_20200715_002719(6),.bmp,316,332,P,1a330956a6069d996345566208020b8e26ba7758957bd97c30eb319cde72296e,2호기,392,False,True
4. X-ray 검사장비 AI 데이터셋/dataset/test1/yolov3/X선이물검출기(06.23_09.22)/2호기(2020.09.22)/SN77127_20200715_NgImage/002_20200715_002728(6).bmp,002_20200715_002728(6),.bmp,316,332,P,05c72f5f211d9d49c7578256424f71498f12dfcd070773014472c12ab5ab75b4,2호기,392,False,True
4. X-ray 검사장비 AI 데이터셋/dataset/test1/yolov3/X선이물검출기(06.23_09.22)/2호기(2020.09.22)/SN77127_20200715_NgImage/002_20200715_002733(1).bmp,002_20200715_002733(1),.bmp,316,332,P,ac7d344b412d297920543b455af61003d3c9b5ceb370b4befa74ff1ed7f97b5f,2호기,392,False,True
4. X-ray 검사장비 AI 데이터셋/dataset/test1/yolov3/X선이물검출기(06.23_09.22)/2호기(2020.09.22)/SN77127_20200715_NgImage/002_20200715_042403(8).bmp,002_20200715_042403(8),.bmp,316,332,P,723d67d6cc6e000ada5304c627a360e50100432a3783c67167dcde60313ea3de,2호기,384,False,True
4. X-ray 검사장비 AI 데이터셋/dataset/test1/yolov3/X선이물검출기(06.23_09.22)/2호기(2020.09.22)/SN77127_20200715_NgImage/002_20200715_042408(4).bmp,002_20200715_042408(4),.bmp,316,332,P,4ba2fda95014b52ebda57a811d70edc738e3718f1b46258e713e690149876b4c,2호기,400,False,True
4. X-ray 검사장비 AI 데이터셋/dataset/test1/yolov3/X선이물검출기(06.23_09.22)/2호기(2020.09.22)/SN77127_20200715_NgImage/002_20200715_042412(9).bmp,002_20200715_042412(9),.bmp,316,332,P,05791d2304a38f22c17ab3a08548abc12ef66083ea90543096f781bdce1c5076,2호기,408,False,True
4. X-ray 검사장비 AI 데이터셋/dataset/test1/yolov3/X선이물검출기(06.23_09.22)/2호기(2020.09.22)/SN77127_20200715_NgImage/002_20200715_042417(3).bmp,002_20200715_042417(3),.bmp,316,332,P,9a8a98dc680b934fe9872bcafc473c120c8edd6ec37c76ad9925c45d16d8c8ea,2호기,384,False,True
4. X-ray 검사장비 AI 데이터셋/dataset/test1/yolov3/X선이물검출기(06.23_09.22)/2호기(2020.09.22)/SN77127_20200715_NgImage/002_20200715_042421(7).bmp,002_20200715_042421(7),.bmp,316,332,P,b205667b810e679b5930e4da7ee1a7d0c6cbd0acd4eb7775aadd9cd07dd8f190,2호기,400,False,True
4. X-ray 검사장비 AI 데이터셋/dataset/test1/yolov3/X선이물검출기(06.23_09.22)/2호기(2020.09.22)/SN77127_20200715_NgImage/002_20200715_042426(3).bmp,002_20200715_042426(3),.bmp,316,332,P,a3cd01e23d4f8908f091a1f944eb77b7f04fd67d04fc684de020a50734ac41e3,2호기,400,False,True
4. X-ray 검사장비 AI 데이터셋/dataset/test1/yolov3/X선이물검출기(06.23_09.22)/2호기(2020.09.22)/SN77127_20200715_NgImage/002_20200715_083106(3).bmp,002_20200715_083106(3),.bmp,316,332,P,3a84dd3b50af4e193412fd6a8bb1bc1c61c9c34e9f085f8cc438e9307614ba73,2호기,400,False,True
4. X-ray 검사장비 AI 데이터셋/dataset/test1/yolov3/X선이물검출기(06.23_09.22)/2호기(2020.09.22)/SN77127_20200715_NgImage/002_20200715_083109(1).bmp,002_20200715_083109(1),.bmp,316,332,P,abc6e7c356bcd44ec968f0089ad4bd97630fd33d9a8f18788eba575290f27daf,2호기,400,False,True
4. X-ray 검사장비 AI 데이터셋/dataset/test1/yolov3/X선이물검출기(06.23_09.22)/2호기(2020.09.22)/SN77127_20200715_NgImage/002_20200715_083113(8).bmp,002_20200715_083113(8),.bmp,316,332,P,77ef2ec006424b80d16c1f59aeafd8edcf85d942f7c5cd73f7fbde594613ae97,2호기,408,False,True
4. X-ray 검사장비 AI 데이터셋/dataset/test1/yolov3/X선이물검출기(06.23_09.22)/2호기(2020.09.22)/SN77127_20200715_NgImage/002_20200715_083118(3).bmp,002_20200715_083118(3),.bmp,316,332,P,c654e74a6908d94a577a4a44e66b4eff79c0275f4d1d91407da420e3801d024f,2호기,400,False,True
4. X-ray 검사장비 AI 데이터셋/dataset/test1/yolov3/X선이물검출기(06.23_09.22)/2호기(2020.09.22)/SN77127_20200715_NgImage/002_20200715_083122(8).bmp,002_20200715_083122(8),.bmp,316,332,P,70f3e56fa26560e58181b7f5cbfa9e52b8e84b2d383df8f4eb5fb3121ade25f8,2호기,400,False,True
4. X-ray 검사장비 AI 데이터셋/dataset/test1/yolov3/X선이물검출기(06.23_09.22)/2호기(2020.09.22)/SN77127_20200715_NgImage/002_20200715_083127(3).bmp,002_20200715_083127(3),.bmp,316,332,P,d7a6935afb9200a4c85e6b107290dce3df4f4f65b96f4197a48b22b176e63f56,2호기,400,False,True
4. X-ray 검사장비 AI 데이터셋/dataset/test1/yolov3/X선이물검출기(06.23_09.22)/2호기(2020.09.22)/SN77127_20200721_NgImage/002_20200721_163536(6).bmp,002_20200721_163536(6),.bmp,316,332,P,ddd3d705cce83e6472215654b6fb03db04e688ef682f20bf20918286f2cfa7e9,2호기,136,False,True
4. X-ray 검사장비 AI 데이터셋/dataset/test1/yolov3/X선이물검출기(06.23_09.22)/2호기(2020.09.22)/SN77127_20200721_NgImage/002_20200721_163539(9).bmp,002_20200721_163539(9),.bmp,316,332,P,04c274428af6a7c5a867098e7935780d9fcbbf463bb1d65ce31ae8e0d803ed2a,2호기,128,False,True
4. X-ray 검사장비 AI 데이터셋/dataset/test1/yolov3/X선이물검출기(06.23_09.22)/2호기(2020.09.22)/SN77127_20200721_NgImage/002_20200721_163543(2).bmp,002_20200721_163543(2),.bmp,316,332,P,23ece218360a9aaa14ab936ff0b8ba5a8ce3872ae5fb1c737191b87ebc8ec220,2호기,128,False,True
4. X-ray 검사장비 AI 데이터셋/dataset/test1/yolov3/X선이물검출기(06.23_09.22)/2호기(2020.09.22)/SN77127_20200721_NgImage/002_20200721_163548(0).bmp,002_20200721_163548(0),.bmp,316,332,P,b57a45118474e36636672f96b1fdcfc3d7284247b713e7099c1f2d3f61ebd5dd,2호기,128,False,True
4. X-ray 검사장비 AI 데이터셋/dataset/test1/yolov3/X선이물검출기(06.23_09.22)/2호기(2020.09.22)/SN77127_20200721_NgImage/002_20200721_163551(3).bmp,002_20200721_163551(3),.bmp,316,332,P,4bd26dbebfd6630fd3e4c484639c73e31fa7ec391087b89d5defae4f88839858,2호기,136,False,True
4. X-ray 검사장비 AI 데이터셋/dataset/test1/yolov3/X선이물검출기(06.23_09.22)/2호기(2020.09.22)/SN77127_20200721_NgImage/002_20200721_163554(6).bmp,002_20200721_163554(6),.bmp,316,332,P,1d855d8b24bed17d20415b03cf4b4afc8c03ff2179d4615164e95d786f7f80c0,2호기,128,False,True
4. X-ray 검사장비 AI 데이터셋/dataset/test1/yolov3/X선이물검출기(06.23_09.22)/2호기(2020.09.22)/SN77127_20200722_NgImage/002_20200722_003424(1).bmp,002_20200722_003424(1),.bmp,316,332,P,f2aadbb1f6ce32d55ab27cdb028860cfc3f29447789bbd9ce4722005b5a72667,2호기,144,False,True
4. X-ray 검사장비 AI 데이터셋/dataset/test1/yolov3/X선이물검출기(06.23_09.22)/2호기(2020.09.22)/SN77127_20200722_NgImage/002_20200722_003428(4).bmp,002_20200722_003428(4),.bmp,316,332,P,0df3039d2ff05454ffc3e923d46a508c40a49941471387b613cefbc174e50ce0,2호기,128,False,True
4. X-ray 검사장비 AI 데이터셋/dataset/test1/yolov3/X선이물검출기(06.23_09.22)/2호기(2020.09.22)/SN77127_20200722_NgImage/002_20200722_043525(6).bmp,002_20200722_043525(6),.bmp,316,332,P,c648141d45d105d9b2e01b51a43bc4df51023974fef3f7c6e0190a2ed49b4ec3,2호기,136,False,True
4. X-ray 검사장비 AI 데이터셋/dataset/test1/yolov3/X선이물검출기(06.23_09.22)/2호기(2020.09.22)/SN77127_20200722_NgImage/002_20200722_043529(9).bmp,002_20200722_043529(9),.bmp,316,332,P,5b7771741a05c3ff07024d7905290134b7ee1ea7005685a4cbc1e0ec5d35e373,2호기,128,False,True
4. X-ray 검사장비 AI 데이터셋/dataset/test1/yolov3/X선이물검출기(06.23_09.22)/2호기(2020.09.22)/SN77127_20200722_NgImage/002_20200722_083350(7).bmp,002_20200722_083350(7),.bmp,316,332,P,0fcb0611818dff6eefce317d064a47b316d1000a4de76a66860be3a93d7d226c,2호기,136,False,True
4. X-ray 검사장비 AI 데이터셋/dataset/test1/yolov3/X선이물검출기(06.23_09.22)/2호기(2020.09.22)/SN77127_20200722_NgImage/002_20200722_083355(2).bmp,002_20200722_083355(2),.bmp,316,332,P,92b429d943dd0aea0e380159b4b436078f908149fcaf99fb9ac28001f3a4e601,2호기,136,False,True
4. X-ray 검사장비 AI 데이터셋/dataset/test1/yolov3/X선이물검출기(06.23_09.22)/2호기(2020.09.22)/SN77127_20200722_NgImage/002_20200722_131101(2).bmp,002_20200722_131101(2),.bmp,316,332,P,e8c0e2049feb072fa4d6824d1c205f7e02630bc1a07bfd6e5dc048b0a1a2bc25,2호기,144,False,True
4. X-ray 검사장비 AI 데이터셋/dataset/test1/yolov3/X선이물검출기(06.23_09.22)/2호기(2020.09.22)/SN77127_20200722_NgImage/002_20200722_131105(7).bmp,002_20200722_131105(7),.bmp,316,332,P,f7e086c6da6e5d5b250372e94f6ff4815517979493f8d592fcb8971e24ac1054,2호기,128,False,True
4. X-ray 검사장비 AI 데이터셋/dataset/test1/yolov3/X선이물검출기(06.23_09.22)/2호기(2020.09.22)/SN77127_20200722_NgImage/002_20200722_163020(9).bmp,002_20200722_163020(9),.bmp,316,332,P,ccecb6713b75e95ffe2eeb2ca2bc4b75e860a562e9c08077e772b555aeba4550,2호기,128,False,True
4. X-ray 검사장비 AI 데이터셋/dataset/test1/yolov3/X선이물검출기(06.23_09.22)/2호기(2020.09.22)/SN77127_20200722_NgImage/002_20200722_163034(4).bmp,002_20200722_163034(4),.bmp,316,332,P,f8ea0b01d68a57dc916da913c9d8b58ffda3c7edd701f04ce5f655e83b8fdba6,2호기,152,False,True
4. X-ray 검사장비 AI 데이터셋/dataset/test1/yolov3/X선이물검출기(06.23_09.22)/2호기(2020.09.22)/SN77127_20200723_NgImage/002_20200723_003123(9).bmp,002_20200723_003123(9),.bmp,316,332,P,ecaf770070f3303e46435f7941d4777a64db5dac7405730551b2be8e890d0af5,2호기,128,False,True
4. X-ray 검사장비 AI 데이터셋/dataset/test1/yolov3/X선이물검출기(06.23_09.22)/2호기(2020.09.22)/SN77127_20200723_NgImage/002_20200723_003128(3).bmp,002_20200723_003128(3),.bmp,316,332,P,44df892314d4b6aac00c531458f15962e68b5fa53e5dc27487b3029728a8960c,2호기,128,False,True
4. X-ray 검사장비 AI 데이터셋/dataset/test1/yolov3/X선이물검출기(06.23_09.22)/2호기(2020.09.22)/SN77127_20200723_NgImage/002_20200723_043243(7).bmp,002_20200723_043243(7),.bmp,316,332,P,ee0c483e53dd2c5924c1bd1cb86430e74df10feeb07ce829b266f180d6563d93,2호기,144,False,True
4. X-ray 검사장비 AI 데이터셋/dataset/test1/yolov3/X선이물검출기(06.23_09.22)/2호기(2020.09.22)/SN77127_20200723_NgImage/002_20200723_043248(3).bmp,002_20200723_043248(3),.bmp,316,332,P,3a820e74ea64f69b6a5bfb7837d9d5c94a70dda0ec1957ad7b1cb3866421424a,2호기,128,False,True
4. X-ray 검사장비 AI 데이터셋/dataset/test1/yolov3/X선이물검출기(06.23_09.22)/2호기(2020.09.22)/SN77127_20200723_NgImage/002_20200723_082414(2).bmp,002_20200723_082414(2),.bmp,316,332,P,c2c246b1da826d44e1427220e22c153270f55eed041fb7a1c1af7a9ec50a2729,2호기,128,False,True
4. X-ray 검사장비 AI 데이터셋/dataset/test1/yolov3/X선이물검출기(06.23_09.22)/2호기(2020.09.22)/SN77127_20200723_NgImage/002_20200723_082418(9).bmp,002_20200723_082418(9),.bmp,316,332,P,6b27085fbec05e27cdec800f9179a6c9e5d106eb92e3b0ca33e864b9f22993e8,2호기,128,False,True
4. X-ray 검사장비 AI 데이터셋/dataset/test1/yolov3/X선이물검출기(06.23_09.22)/2호기(2020.09.22)/SN77127_20200723_NgImage/002_20200723_123231(8).bmp,002_20200723_123231(8),.bmp,316,332,P,5eb3dba750c88abac9fccce9f514823663a31b6c9bd90a45eb9e8bf67aadab5f,2호기,128,False,True
4. X-ray 검사장비 AI 데이터셋/dataset/test1/yolov3/X선이물검출기(06.23_09.22)/2호기(2020.09.22)/SN77127_20200723_NgImage/002_20200723_123236(1).bmp,002_20200723_123236(1),.bmp,316,332,P,2f8c7d99d700be9e8935b727b727f5df2e71269863ea7224087ac13a2e21603a,2호기,128,False,True
4. X-ray 검사장비 AI 데이터셋/dataset/test1/yolov3/X선이물검출기(06.23_09.22)/2호기(2020.09.22)/SN77127_20200723_NgImage/002_20200723_163042(4).bmp,002_20200723_163042(4),.bmp,316,332,P,7d7d601a55615ba6532d518e9098b849236386866bee49e29420e82861f6a54a,2호기,136,False,True
4. X-ray 검사장비 AI 데이터셋/dataset/test1/yolov3/X선이물검출기(06.23_09.22)/2호기(2020.09.22)/SN77127_20200723_NgImage/002_20200723_163045(7).bmp,002_20200723_163045(7),.bmp,316,332,P,5aca33c13a9ddfcc7eb5e8dbbfe054f11e4636507673ce5554428c0218714ee9,2호기,176,False,True
4. X-ray 검사장비 AI 데이터셋/dataset/test1/yolov3/X선이물검출기(06.23_09.22)/2호기(2020.09.22)/SN77127_20200724_NgImage/002_20200723_203159(2).bmp,002_20200723_203159(2),.bmp,316,332,P,730cf35ae8ebd585cb5a16dd5bc5490af4781d237bbc3f6b9e653dcddd687c1f,2호기,128,False,True
4. X-ray 검사장비 AI 데이터셋/dataset/test1/yolov3/X선이물검출기(06.23_09.22)/2호기(2020.09.22)/SN77127_20200724_NgImage/002_20200723_203202(3).bmp,002_20200723_203202(3),.bmp,316,332,P,94e0fcc95812022803d3252fb5e1d4aeafb61244355a8aa230443dd2ce8ef6d4,2호기,136,False,True
4. X-ray 검사장비 AI 데이터셋/dataset/test1/yolov3/X선이물검출기(06.23_09.22)/2호기(2020.09.22)/SN77127_20200724_NgImage/002_20200724_003143(3).bmp,002_20200724_003143(3),.bmp,316,332,P,8ec97034b01d95988ad3162fffcd4a0ce888ae6bec673efb8d708f09cb0fe1f0,2호기,128,False,True
4. X-ray 검사장비 AI 데이터셋/dataset/test1/yolov3/X선이물검출기(06.23_09.22)/2호기(2020.09.22)/SN77127_20200724_NgImage/002_20200724_003148(0).bmp,002_20200724_003148(0),.bmp,316,332,P,27ef9902445c3c9c2200fa40f13ba79ad9c749b9c80704c4a9e0271679062116,2호기,136,False,True
4. X-ray 검사장비 AI 데이터셋/dataset/test1/yolov3/X선이물검출기(06.23_09.22)/2호기(2020.09.22)/SN77127_20200727_NgImage/002_20200727_091734(5).bmp,002_20200727_091734(5),.bmp,316,332,P,cecfb594abf9eb6ede352c5471160b65ee0cac524dbcd09f8de0cac85075982a,2호기,136,False,True
4. X-ray 검사장비 AI 데이터셋/dataset/test1/yolov3/X선이물검출기(06.23_09.22)/2호기(2020.09.22)/SN77127_20200727_NgImage/002_20200727_091737(7).bmp,002_20200727_091737(7),.bmp,316,332,P,c790cb601c1c72353d30f345054b70ff3170e344187fc341f079776420c1a81c,2호기,136,False,True
4. X-ray 검사장비 AI 데이터셋/dataset/test1/yolov3/X선이물검출기(06.23_09.22)/2호기(2020.09.22)/SN77127_20200727_NgImage/002_20200727_123224(5).bmp,002_20200727_123224(5),.bmp,316,332,P,1bbe001bd30f4e34e2f55bd05a2e218842fe9ef798d9125dcfa822c5d6583a76,2호기,136,False,True
4. X-ray 검사장비 AI 데이터셋/dataset/test1/yolov3/X선이물검출기(06.23_09.22)/2호기(2020.09.22)/SN77127_20200727_NgImage/002_20200727_123227(4).bmp,002_20200727_123227(4),.bmp,316,332,P,4dc1602c0dd6df3ccdcc96a490e203f5ce71982675e98bd86e19c70d1dd8310f,2호기,136,False,True
4. X-ray 검사장비 AI 데이터셋/dataset/test1/yolov3/X선이물검출기(06.23_09.22)/2호기(2020.09.22)/SN77127_20200727_NgImage/002_20200727_163325(2).bmp,002_20200727_163325(2),.bmp,316,332,P,7fd097b8ca67779c429984321880872596f90e2989591592b4aca4f1f8a84665,2호기,128,False,True
4. X-ray 검사장비 AI 데이터셋/dataset/test1/yolov3/X선이물검출기(06.23_09.22)/2호기(2020.09.22)/SN77127_20200727_NgImage/002_20200727_163329(7).bmp,002_20200727_163329(7),.bmp,316,332,P,c3f1a12c3d2b6b98fd476479ba4e18015ddf5334b33fc8a37212bfbeee0f00cb,2호기,128,False,True
4. X-ray 검사장비 AI 데이터셋/dataset/test1/yolov3/X선이물검출기(06.23_09.22)/2호기(2020.09.22)/SN77127_20200727_NgImage/002_20200727_204743(0).bmp,002_20200727_204743(0),.bmp,316,332,P,6a1a375ecff9e40c849db6da90f04ae03bac72aa2dabb2c245f034bb7a659e13,2호기,136,False,True
4. X-ray 검사장비 AI 데이터셋/dataset/test1/yolov3/X선이물검출기(06.23_09.22)/2호기(2020.09.22)/SN77127_20200727_NgImage/002_20200727_204746(6).bmp,002_20200727_204746(6),.bmp,316,332,P,f11425eff3c77452d86ec7eb84add7afb9868592c86e6f5bea404e74b4096ecc,2호기,136,False,True
4. X-ray 검사장비 AI 데이터셋/dataset/test1/yolov3/X선이물검출기(06.23_09.22)/2호기(2020.09.22)/SN77127_20200728_NgImage/002_20200728_014158(9).bmp,002_20200728_014158(9),.bmp,316,332,P,46ba33bab4b8ec1e59e2c3148c3ec19e9d419c6c2960b6a4fc691c0ded11a4f1,2호기,136,False,True
4. X-ray 검사장비 AI 데이터셋/dataset/test1/yolov3/X선이물검출기(06.23_09.22)/2호기(2020.09.22)/SN77127_20200728_NgImage/002_20200728_014203(2).bmp,002_20200728_014203(2),.bmp,316,332,P,41159ad192ac2fec05e14f91f4dd0bad3b89b36d67055a4a585e14f7eb828298,2호기,136,False,True
4. X-ray 검사장비 AI 데이터셋/dataset/test1/yolov3/X선이물검출기(06.23_09.22)/2호기(2020.09.22)/SN77127_20200728_NgImage/002_20200728_043429(7).bmp,002_20200728_043429(7),.bmp,316,332,P,afe58b9722b54bcc00af444020f8807a0672bce8a55a0f9a99c3115d6a08abee,2호기,128,False,True
4. X-ray 검사장비 AI 데이터셋/dataset/test1/yolov3/X선이물검출기(06.23_09.22)/2호기(2020.09.22)/SN77127_20200728_NgImage/002_20200728_043435(6).bmp,002_20200728_043435(6),.bmp,316,332,P,11d4cbb663d334cf870cd2c8fb006a14481cb2b96d4c742006b19879918b75e3,2호기,144,False,True
4. X-ray 검사장비 AI 데이터셋/dataset/test1/yolov3/X선이물검출기(06.23_09.22)/2호기(2020.09.22)/SN77127_20200728_NgImage/002_20200728_083031(3).bmp,002_20200728_083031(3),.bmp,316,332,P,a2a011cf5fa99bed1cc09a101f606a4c5bebea9c1b48e9aaab436fbf64accd72,2호기,128,False,True
4. X-ray 검사장비 AI 데이터셋/dataset/test1/yolov3/X선이물검출기(06.23_09.22)/2호기(2020.09.22)/SN77127_20200728_NgImage/002_20200728_083035(2).bmp,002_20200728_083035(2),.bmp,316,332,P,4bc09b8db2494a6decc4c03d52d8e629987a66805259a5b948d9aed4ac2c9c4b,2호기,128,False,True
4. X-ray 검사장비 AI 데이터셋/dataset/test1/yolov3/X선이물검출기(06.23_09.22)/2호기(2020.09.22)/SN77127_20200728_NgImage/002_20200728_123102(5).bmp,002_20200728_123102(5),.bmp,316,332,P,c8c10e7c99c148d8dec5609853d718c2ac2b1d525cd874c30c6f4bc01da83631,2호기,136,False,True
4. X-ray 검사장비 AI 데이터셋/dataset/test1/yolov3/X선이물검출기(06.23_09.22)/2호기(2020.09.22)/SN77127_20200728_NgImage/002_20200728_123106(5).bmp,002_20200728_123106(5),.bmp,316,332,P,0dd2a35e022de66cdd27b45d6a70e793ac7214b14b98847222167e4975911fff,2호기,128,False,True
4. X-ray 검사장비 AI 데이터셋/dataset/test1/yolov3/X선이물검출기(06.23_09.22)/2호기(2020.09.22)/SN77127_20200728_NgImage/002_20200728_163706(6).bmp,002_20200728_163706(6),.bmp,316,332,P,b79641e9efec8b58a8584af36c949aa2b1d926ef920792be94cee78d092f0766,2호기,128,False,True
4. X-ray 검사장비 AI 데이터셋/dataset/test1/yolov3/X선이물검출기(06.23_09.22)/2호기(2020.09.22)/SN77127_20200728_NgImage/002_20200728_163710(5).bmp,002_20200728_163710(5),.bmp,316,332,P,c3e3971b80972181ebb27dbac1e4ca6c3481e4084f1a70d3a55e7a8603ca7653,2호기,128,False,True
4. X-ray 검사장비 AI 데이터셋/dataset/test1/yolov3/X선이물검출기(06.23_09.22)/2호기(2020.09.22)/SN77127_20200810_NgImage/002_20200810_084910(4).bmp,002_20200810_084910(4),.bmp,316,332,P,228416d7ef99729e1a1bf82746a72d26972dd4f4f0d78d1eaca411f52dcebdd4,2호기,136,False,True
4. X-ray 검사장비 AI 데이터셋/dataset/test1/yolov3/X선이물검출기(06.23_09.22)/2호기(2020.09.22)/SN77127_20200810_NgImage/002_20200810_084913(2).bmp,002_20200810_084913(2),.bmp,316,332,P,42765754981a4031084be264d5be618b19181efdc99d0e2eb6a97bef12eddb1d,2호기,128,False,True
4. X-ray 검사장비 AI 데이터셋/dataset/test1/yolov3/X선이물검출기(06.23_09.22)/2호기(2020.09.22)/SN77127_20200810_NgImage/002_20200810_123005(5).bmp,002_20200810_123005(5),.bmp,316,332,P,94ffb1e4fe903c7db523c4b7f2b777ce3512cd42a4a5ac23b81bb902f62a94a4,2호기,136,False,True
4. X-ray 검사장비 AI 데이터셋/dataset/test1/yolov3/X선이물검출기(06.23_09.22)/2호기(2020.09.22)/SN77127_20200810_NgImage/002_20200810_123009(4).bmp,002_20200810_123009(4),.bmp,316,332,P,83d89a6776505764767da79f2beadd27019b4d455e4d42766fe27da0b7706691,2호기,136,False,True
4. X-ray 검사장비 AI 데이터셋/dataset/test1/yolov3/X선이물검출기(06.23_09.22)/2호기(2020.09.22)/SN77127_20200810_NgImage/002_20200810_163043(1).bmp,002_20200810_163043(1),.bmp,316,332,P,9f67a36c9940b5adf45c1d4f0240262a484471ae952fa82b24b70cc66b5e4f90,2호기,128,False,True
4. X-ray 검사장비 AI 데이터셋/dataset/test1/yolov3/X선이물검출기(06.23_09.22)/2호기(2020.09.22)/SN77127_20200810_NgImage/002_20200810_163047(0).bmp,002_20200810_163047(0),.bmp,316,332,P,f0d00c5e1cc69437a71e804c6b7c5d102204173e7196a516b1bb0a99ac1b6801,2호기,128,False,True
4. X-ray 검사장비 AI 데이터셋/dataset/test1/yolov3/X선이물검출기(06.23_09.22)/2호기(2020.09.22)/SN77127_20200810_NgImage/002_20200810_203016(8).bmp,002_20200810_203016(8),.bmp,316,332,P,2113eed7812cacca56e387b270cd0f9f9b49cc9734f4f6893ad6d3689f41c115,2호기,136,False,True
4. X-ray 검사장비 AI 데이터셋/dataset/test1/yolov3/X선이물검출기(06.23_09.22)/2호기(2020.09.22)/SN77127_20200810_NgImage/002_20200810_203020(9).bmp,002_20200810_203020(9),.bmp,316,332,P,f125069760e9855deb607c5bd5df04c9c1e2596225b33369dc53681fca60dfc6,2호기,128,False,True
4. X-ray 검사장비 AI 데이터셋/dataset/test1/yolov3/X선이물검출기(06.23_09.22)/2호기(2020.09.22)/SN77127_20200811_NgImage/002_20200811_002929(3).bmp,002_20200811_002929(3),.bmp,316,332,P,fc36a98157eca6d102f18173b675527bd91cd515e0bf99060adbcf6e4310e100,2호기,144,False,True
4. X-ray 검사장비 AI 데이터셋/dataset/test1/yolov3/X선이물검출기(06.23_09.22)/2호기(2020.09.22)/SN77127_20200811_NgImage/002_20200811_002936(8).bmp,002_20200811_002936(8),.bmp,316,332,P,987f4177b0efd547c4a6f343a93e53cac168dfa9b026293ac04d2f73ff82769f,2호기,128,False,True
4. X-ray 검사장비 AI 데이터셋/dataset/test1/yolov3/X선이물검출기(06.23_09.22)/2호기(2020.09.22)/SN77127_20200814_NgImage/002_20200814_032826(3).bmp,002_20200814_032826(3),.bmp,316,332,P,5910cafa0b4d046f73b2d7917e3db654e59f7dd386c3283c27c5e7630758765f,2호기,128,False,True
4. X-ray 검사장비 AI 데이터셋/dataset/test1/yolov3/X선이물검출기(06.23_09.22)/2호기(2020.09.22)/SN77127_20200814_NgImage/002_20200814_032835(5).bmp,002_20200814_032835(5),.bmp,316,332,P,6d16465517c759f0fc6587fed59820acb60fe54eeaf197f17dec55fbc9aae107,2호기,128,False,True
4. X-ray 검사장비 AI 데이터셋/dataset/test1/yolov3/X선이물검출기(06.23_09.22)/2호기(2020.09.22)/SN77127_20200814_NgImage/002_20200814_043103(6).bmp,002_20200814_043103(6),.bmp,316,332,P,19bb739a4f3c7480fa060cb50f9ea448ee81958cb9180308cd1de206391edaf9,2호기,128,False,True
4. X-ray 검사장비 AI 데이터셋/dataset/test1/yolov3/X선이물검출기(06.23_09.22)/2호기(2020.09.22)/SN77127_20200814_NgImage/002_20200814_043115(5).bmp,002_20200814_043115(5),.bmp,316,332,P,bcc1968bfde9d35ec2acf540f3b9897361cc40f4efcd37c5636a53e3eb051d9e,2호기,128,False,True
4. X-ray 검사장비 AI 데이터셋/dataset/test1/yolov3/X선이물검출기(06.23_09.22)/2호기(2020.09.22)/SN77127_20200814_NgImage/002_20200814_083411(8).bmp,002_20200814_083411(8),.bmp,316,332,P,a108fc5d8a7e3f6b62dc4870da3ba28933dc163f349fdf12a6a93ce14b56c222,2호기,136,False,True
4. X-ray 검사장비 AI 데이터셋/dataset/test1/yolov3/X선이물검출기(06.23_09.22)/2호기(2020.09.22)/SN77127_20200814_NgImage/002_20200814_083414(7).bmp,002_20200814_083414(7),.bmp,316,332,P,3cd4e07b466549ae38d8c49877bb1f6f59ca6e1d13c4e3f602cc437ea5087daf,2호기,136,False,True
4. X-ray 검사장비 AI 데이터셋/dataset/test1/yolov3/X선이물검출기(06.23_09.22)/2호기(2020.09.22)/SN77127_20200814_NgImage/002_20200814_123224(3).bmp,002_20200814_123224(3),.bmp,316,332,P,26c4794f40f614439e83d70caa737e6ebb5e67108ab5294a3886a13a47d463db,2호기,128,False,True
4. X-ray 검사장비 AI 데이터셋/dataset/test1/yolov3/X선이물검출기(06.23_09.22)/2호기(2020.09.22)/SN77127_20200814_NgImage/002_20200814_123228(8).bmp,002_20200814_123228(8),.bmp,316,332,P,83d761636d586e42286f582a4b1cf0f6bbdf555fb2b01878069b5bbe7a391d80,2호기,128,False,True
4. X-ray 검사장비 AI 데이터셋/dataset/test1/yolov3/X선이물검출기(06.23_09.22)/2호기(2020.09.22)/SN77127_20200814_NgImage/002_20200814_163309(9).bmp,002_20200814_163309(9),.bmp,316,332,P,6d792933db1a327cf2d84e9f1efc63265ba2215b40651eae095e6e77d1e64de6,2호기,136,False,True
4. X-ray 검사장비 AI 데이터셋/dataset/test1/yolov3/X선이물검출기(06.23_09.22)/2호기(2020.09.22)/SN77127_20200814_NgImage/002_20200814_163312(9).bmp,002_20200814_163312(9),.bmp,316,332,P,e7b976eebdfafc472bb2534e78ae70635ff44f4cb36877cfee3af27b3cb427f5,2호기,136,False,True
4. X-ray 검사장비 AI 데이터셋/dataset/test1/yolov3/X선이물검출기(06.23_09.22)/2호기(2020.09.22)/SN77127_20200814_NgImage/002_20200814_203248(3).bmp,002_20200814_203248(3),.bmp,316,332,P,3fe6a4c7f9b255129d3f30ca658bbd34714d6aa71639d198dcf6eede2b799a0b,2호기,128,False,True
4. X-ray 검사장비 AI 데이터셋/dataset/test1/yolov3/X선이물검출기(06.23_09.22)/2호기(2020.09.22)/SN77127_20200814_NgImage/002_20200814_203255(7).bmp,002_20200814_203255(7),.bmp,316,332,P,6781beb82e8357959b4bef619fea5191e7fe0583c4b28788d25a3c82c2253bff,2호기,136,False,True
4. X-ray 검사장비 AI 데이터셋/dataset/test1/yolov3/X선이물검출기(06.23_09.22)/2호기(2020.09.22)/SN77127_20200815_NgImage/002_20200815_003211(1).bmp,002_20200815_003211(1),.bmp,316,332,P,c3103cf593720c4a760393b6439e1628fdacb7e4a1c32d27c121e9a5f75d0743,2호기,128,False,True
4. X-ray 검사장비 AI 데이터셋/dataset/test1/yolov3/X선이물검출기(06.23_09.22)/2호기(2020.09.22)/SN77127_20200815_NgImage/002_20200815_003217(4).bmp,002_20200815_003217(4),.bmp,316,332,P,1e22c8983f21380130380385828eebdcb35faebef8e75c53311527af85105076,2호기,128,False,True
4. X-ray 검사장비 AI 데이터셋/dataset/test1/yolov3/X선이물검출기(06.23_09.22)/2호기(2020.09.22)/SN77127_20200818_NgImage/002_20200818_123445(7).bmp,002_20200818_123445(7),.bmp,316,332,P,5b54d55f663bfa4fa0f314581fa7ed526f5f34467ad6081973b230349fefae24,2호기,136,False,True
4. X-ray 검사장비 AI 데이터셋/dataset/test1/yolov3/X선이물검출기(06.23_09.22)/2호기(2020.09.22)/SN77127_20200818_NgImage/002_20200818_123452(1).bmp,002_20200818_123452(1),.bmp,316,332,P,4109a3f82fa21c3a9148836a299a0d843a752f2ec9c600eff36ab11fcd2e49f6,2호기,128,False,True
4. X-ray 검사장비 AI 데이터셋/dataset/test1/yolov3/X선이물검출기(06.23_09.22)/2호기(2020.09.22)/SN77127_20200818_NgImage/002_20200818_163006(5).bmp,002_20200818_163006(5),.bmp,316,332,P,071339c5e6304a4129d2c01a1a43e38fb082800061d6fef0983d52f50e6cbee3,2호기,128,False,True
4. X-ray 검사장비 AI 데이터셋/dataset/test1/yolov3/X선이물검출기(06.23_09.22)/2호기(2020.09.22)/SN77127_20200818_NgImage/002_20200818_163014(5).bmp,002_20200818_163014(5),.bmp,316,332,P,f31834c9eb5466f060dbb376d838b748f8e569ca66a3939af3c9cf3f388ab331,2호기,136,False,True
4. X-ray 검사장비 AI 데이터셋/dataset/test1/yolov3/X선이물검출기(06.23_09.22)/2호기(2020.09.22)/SN77127_20200818_NgImage/002_20200818_203329(0).bmp,002_20200818_203329(0),.bmp,316,332,P,67c7e949912ef042c214fef2478c5dd0a20485c59d3c6f0d478872069880c9a7,2호기,128,False,True
4. X-ray 검사장비 AI 데이터셋/dataset/test1/yolov3/X선이물검출기(06.23_09.22)/2호기(2020.09.22)/SN77127_20200818_NgImage/002_20200818_203333(4).bmp,002_20200818_203333(4),.bmp,316,332,P,da97aafc9496cccb15fc78dd59c7fc61fe4626f8ec02557c5e85fb71ea8686d6,2호기,136,False,True
4. X-ray 검사장비 AI 데이터셋/dataset/test1/yolov3/X선이물검출기(06.23_09.22)/2호기(2020.09.22)/SN77127_20200819_NgImage/002_20200819_003211(0).bmp,002_20200819_003211(0),.bmp,316,332,P,294d2f6c8ce1d9b869396cf04f4da1bc3962b088f8c92b062a723e1034666909,2호기,128,False,True
4. X-ray 검사장비 AI 데이터셋/dataset/test1/yolov3/X선이물검출기(06.23_09.22)/2호기(2020.09.22)/SN77127_20200819_NgImage/002_20200819_003213(8).bmp,002_20200819_003213(8),.bmp,316,332,P,ddf47d9b98b7175b8c90a553735dd0c97c7d5711aba1a9b573033ae940c73122,2호기,128,False,True
4. X-ray 검사장비 AI 데이터셋/dataset/test1/yolov3/X선이물검출기(06.23_09.22)/2호기(2020.09.22)/SN77127_20200819_NgImage/002_20200819_043343(8).bmp,002_20200819_043343(8),.bmp,316,332,P,9712f6286f1b87c484b0ab39d2bf7dd5a0686ffc6ebf790275639a249467ae17,2호기,128,False,True
4. X-ray 검사장비 AI 데이터셋/dataset/test1/yolov3/X선이물검출기(06.23_09.22)/2호기(2020.09.22)/SN77127_20200819_NgImage/002_20200819_043346(8).bmp,002_20200819_043346(8),.bmp,316,332,P,7ecb54480fbb1f5a2a3b85cb2a6d23fd16a057cef9f974ea9184068a63f1a5a6,2호기,128,False,True
4. X-ray 검사장비 AI 데이터셋/dataset/test1/yolov3/X선이물검출기(06.23_09.22)/2호기(2020.09.22)/SN77127_20200819_NgImage/002_20200819_083326(7).bmp,002_20200819_083326(7),.bmp,316,332,P,0c2073263439cbe56e6d1f91d3926946ace912137761f33712003577439f3120,2호기,128,False,True
4. X-ray 검사장비 AI 데이터셋/dataset/test1/yolov3/X선이물검출기(06.23_09.22)/2호기(2020.09.22)/SN77127_20200819_NgImage/002_20200819_083328(5).bmp,002_20200819_083328(5),.bmp,316,332,P,c220e71862ae681020dd481c4988057a488d348d227704c60d08a76d9e8e3fdb,2호기,128,False,True
4. X-ray 검사장비 AI 데이터셋/dataset/test1/yolov3/X선이물검출기(06.23_09.22)/2호기(2020.09.22)/SN77127_20200819_NgImage/002_20200819_124217(5).bmp,002_20200819_124217(5),.bmp,316,332,P,a5347c66cfb8617401161cb0131942e2646c23c4fc5eab36ba23033a247b493c,2호기,128,False,True
4. X-ray 검사장비 AI 데이터셋/dataset/test1/yolov3/X선이물검출기(06.23_09.22)/2호기(2020.09.22)/SN77127_20200819_NgImage/002_20200819_124225(2).bmp,002_20200819_124225(2),.bmp,316,332,P,07ef355e4ab550a030b1c5229d7cd46dee4c4f4030a0df02afb4cb32fff07a53,2호기,128,False,True
4. X-ray 검사장비 AI 데이터셋/dataset/test1/yolov3/X선이물검출기(06.23_09.22)/2호기(2020.09.22)/SN77127_20200819_NgImage/002_20200819_162523(2).bmp,002_20200819_162523(2),.bmp,316,332,P,c139cf4e1dd54bf2497364aa1299500f76390262f1ee40c0196a837044eb4f4f,2호기,128,False,True
4. X-ray 검사장비 AI 데이터셋/dataset/test1/yolov3/X선이물검출기(06.23_09.22)/2호기(2020.09.22)/SN77127_20200819_NgImage/002_20200819_162527(8).bmp,002_20200819_162527(8),.bmp,316,332,P,9ab983e827be7e9575a0cdc5d9148db2009649bac0356fe8f06c61239d5bc780,2호기,136,False,True
4. X-ray 검사장비 AI 데이터셋/dataset/test1/yolov3/X선이물검출기(06.23_09.22)/2호기(2020.09.22)/SN77127_20200821_NgImage/002_20200821_150506(5).bmp,002_20200821_150506(5),.bmp,316,332,P,7508d37aa10b93a40100a9f80180a3366256c28b7fb89a35204e3a870b7514d1,2호기,128,False,True
4. X-ray 검사장비 AI 데이터셋/dataset/test1/yolov3/X선이물검출기(06.23_09.22)/2호기(2020.09.22)/SN77127_20200821_NgImage/002_20200821_150510(6).bmp,002_20200821_150510(6),.bmp,316,332,P,da96efa7eeefcc739a801f8d133c444d9ac4a8d0852aa11989954ed5507dce0b,2호기,136,False,True
4. X-ray 검사장비 AI 데이터셋/dataset/test1/yolov3/X선이물검출기(06.23_09.22)/2호기(2020.09.22)/SN77127_20200821_NgImage/002_20200821_163435(4).bmp,002_20200821_163435(4),.bmp,316,332,P,03f0ec226b122de7099b40fe06456ba621abe4bb7e05ba062a27072605b3e277,2호기,128,False,True
4. X-ray 검사장비 AI 데이터셋/dataset/test1/yolov3/X선이물검출기(06.23_09.22)/2호기(2020.09.22)/SN77127_20200821_NgImage/002_20200821_163441(6).bmp,002_20200821_163441(6),.bmp,316,332,P,036c67de003a54b839f4273ebbc8283c978ad40cef3e9568477937f22a40886a,2호기,176,False,True
4. X-ray 검사장비 AI 데이터셋/dataset/test1/yolov3/X선이물검출기(06.23_09.22)/2호기(2020.09.22)/SN77127_20200821_NgImage/002_20200821_203925(1).bmp,002_20200821_203925(1),.bmp,316,332,P,fd97d41b772e6a9e7fea6a4e437bcf088370d18021d05cf664a50ca46927b1ad,2호기,136,False,True
4. X-ray 검사장비 AI 데이터셋/dataset/test1/yolov3/X선이물검출기(06.23_09.22)/2호기(2020.09.22)/SN77127_20200821_NgImage/002_20200821_203927(9).bmp,002_20200821_203927(9),.bmp,316,332,P,9bdbaa800e13115601f1d06da90a9e67d74cf581a18866ee310416fec5e3f0c6,2호기,136,False,True
4. X-ray 검사장비 AI 데이터셋/dataset/test1/yolov3/X선이물검출기(06.23_09.22)/2호기(2020.09.22)/SN77127_20200826_NgImage/002_20200826_023149(2).bmp,002_20200826_023149(2),.bmp,316,332,P,bcc26b96e40b1adb5c95ed7a4237f3d1d06a9372996ef139dfab5351cf632b50,2호기,136,False,True
4. X-ray 검사장비 AI 데이터셋/dataset/test1/yolov3/X선이물검출기(06.23_09.22)/2호기(2020.09.22)/SN77127_20200826_NgImage/002_20200826_023154(4).bmp,002_20200826_023154(4),.bmp,316,332,P,3bdccbcd74ea989e9ede984e064ba45b0e4ec64b2abff74f08edfd808c823df6,2호기,128,False,True
4. X-ray 검사장비 AI 데이터셋/dataset/test1/yolov3/X선이물검출기(06.23_09.22)/2호기(2020.09.22)/SN77127_20200826_NgImage/002_20200826_043116(7).bmp,002_20200826_043116(7),.bmp,316,332,P,4902aa7ca99711fb0f89a53d23324504e42e0fee66b7c6c3f31d4766b0f4af5a,2호기,136,False,True
4. X-ray 검사장비 AI 데이터셋/dataset/test1/yolov3/X선이물검출기(06.23_09.22)/2호기(2020.09.22)/SN77127_20200826_NgImage/002_20200826_043121(1).bmp,002_20200826_043121(1),.bmp,316,332,P,4760eff35124ff9b067c396336cc58132f0dbaa907573ae4c54fd9820d54d14d,2호기,128,False,True
4. X-ray 검사장비 AI 데이터셋/dataset/test1/yolov3/X선이물검출기(06.23_09.22)/2호기(2020.09.22)/SN77127_20200826_NgImage/002_20200826_123512(3).bmp,002_20200826_123512(3),.bmp,316,332,P,0d0b1e77b5fd3484a50202447c957455fe3ebc0934380c3398e2eb3fc7e8d50e,2호기,128,False,True
4. X-ray 검사장비 AI 데이터셋/dataset/test1/yolov3/X선이물검출기(06.23_09.22)/2호기(2020.09.22)/SN77127_20200826_NgImage/002_20200826_123515(1).bmp,002_20200826_123515(1),.bmp,316,332,P,fb49384fb4c2112e003effa1c409e08b399517923fb1ed1d6a048dbc8e25e1a6,2호기,128,False,True
4. X-ray 검사장비 AI 데이터셋/dataset/test1/yolov3/X선이물검출기(06.23_09.22)/2호기(2020.09.22)/SN77127_20200826_NgImage/002_20200826_163123(8).bmp,002_20200826_163123(8),.bmp,316,332,P,d9b868a3e53d658a7fdc6ecae5488d2fe0d82f94455948dab8e1bac0aec5b290,2호기,128,False,True
4. X-ray 검사장비 AI 데이터셋/dataset/test1/yolov3/X선이물검출기(06.23_09.22)/2호기(2020.09.22)/SN77127_20200826_NgImage/002_20200826_163126(9).bmp,002_20200826_163126(9),.bmp,316,332,P,45818f7f14d3887fe11d6a87ee70047f55cfd86e49582ce18f889f8eb4bafe96,2호기,128,False,True
4. X-ray 검사장비 AI 데이터셋/dataset/test1/yolov3/X선이물검출기(06.23_09.22)/2호기(2020.09.22)/SN77127_20200828_NgImage/002_20200828_002838(9).bmp,002_20200828_002838(9),.bmp,316,332,P,d137b8113b3c485fbe29470485a0692862c58cb410f0daaabd1003f6d456c203,2호기,136,False,True
4. X-ray 검사장비 AI 데이터셋/dataset/test1/yolov3/X선이물검출기(06.23_09.22)/2호기(2020.09.22)/SN77127_20200828_NgImage/002_20200828_002842(8).bmp,002_20200828_002842(8),.bmp,316,332,P,7aeb060406764886b87091a04f4531aa33ec820495f491aec84e9ad8d181522b,2호기,128,False,True
4. X-ray 검사장비 AI 데이터셋/dataset/test1/yolov3/X선이물검출기(06.23_09.22)/2호기(2020.09.22)/SN77127_20200831_NgImage/002_20200831_083537(6).bmp,002_20200831_083537(6),.bmp,316,332,P,4534124c017cd50e6e6dddc197210a5f37ece9018dfb33f1d14f0966465201bc,2호기,136,False,True
4. X-ray 검사장비 AI 데이터셋/dataset/test1/yolov3/X선이물검출기(06.23_09.22)/2호기(2020.09.22)/SN77127_20200831_NgImage/002_20200831_083543(5).bmp,002_20200831_083543(5),.bmp,316,332,P,2eca72fc7769a2bb5142d6873c2584297f008c6428c25a18aeda3c17fc2390c4,2호기,128,False,True
4. X-ray 검사장비 AI 데이터셋/dataset/test1/yolov3/X선이물검출기(06.23_09.22)/2호기(2020.09.22)/SN77127_20200831_NgImage/002_20200831_123129(1).bmp,002_20200831_123129(1),.bmp,316,332,P,b4ba8ae3322139954e7a88a72da11fcec0b3c27311b62f30ed9b9eee30eff9d5,2호기,128,False,True
4. X-ray 검사장비 AI 데이터셋/dataset/test1/yolov3/X선이물검출기(06.23_09.22)/2호기(2020.09.22)/SN77127_20200831_NgImage/002_20200831_123136(7).bmp,002_20200831_123136(7),.bmp,316,332,P,6136c666dfe6c93c457f58fb92cb11a33a2394d3f32c19aaedff243a16c693f7,2호기,136,False,True
4. X-ray 검사장비 AI 데이터셋/dataset/test1/yolov3/X선이물검출기(06.23_09.22)/2호기(2020.09.22)/SN77127_20200901_NgImage/002_20200901_003145(6).bmp,002_20200901_003145(6),.bmp,316,332,P,7d397c50b8bad90b830590db9132f294d14834bf351ef3fdca0d1efec61aacf6,2호기,128,False,True
4. X-ray 검사장비 AI 데이터셋/dataset/test1/yolov3/X선이물검출기(06.23_09.22)/2호기(2020.09.22)/SN77127_20200901_NgImage/002_20200901_083212(5).bmp,002_20200901_083212(5),.bmp,316,332,P,ac0a43a0667547181476fd4ac932bc24f3674cd39334579c3398c8e0c84b77ac,2호기,128,False,True
4. X-ray 검사장비 AI 데이터셋/dataset/test1/yolov3/X선이물검출기(06.23_09.22)/2호기(2020.09.22)/SN77127_20200901_NgImage/002_20200901_123055(9).bmp,002_20200901_123055(9),.bmp,316,332,P,6448a01ea5a18491ac1787f0ab022aa9bf10253df5b38413c6fc883ac33e5491,2호기,136,False,True
4. X-ray 검사장비 AI 데이터셋/dataset/test1/yolov3/X선이물검출기(06.23_09.22)/2호기(2020.09.22)/SN77127_20200901_NgImage/002_20200901_191354(2).bmp,002_20200901_191354(2),.bmp,316,332,P,2d92936c08919caf2b4309a7447af86dea640a4853609699dead7a323aaa4c27,2호기,136,False,True
4. X-ray 검사장비 AI 데이터셋/dataset/test1/yolov3/X선이물검출기(06.23_09.22)/2호기(2020.09.22)/SN77127_20200901_NgImage/002_20200901_203328(4).bmp,002_20200901_203328(4),.bmp,316,332,P,28597cce3310fe7cd1f773791b6f2e0cb08c1ae655c5a74a5822b2e14ba552df,2호기,128,False,True
4. X-ray 검사장비 AI 데이터셋/dataset/test1/yolov3/X선이물검출기(06.23_09.22)/2호기(2020.09.22)/SN77127_20200901_NgImage/002_20200901_203332(1).bmp,002_20200901_203332(1),.bmp,316,332,P,7b29ed6bf838d60d8ab49c29b42bf1177f95f6209fef062b39c8d6813704109d,2호기,128,False,True
4. X-ray 검사장비 AI 데이터셋/dataset/test1/yolov3/X선이물검출기(06.23_09.22)/2호기(2020.09.22)/SN77127_20200901_NgImage/002_20200901_203335(1).bmp,002_20200901_203335(1),.bmp,316,332,P,23458320bca2615b386004a4f0f9423846b086380358dcdcbf63a156bbb1c1d8,2호기,136,False,True
4. X-ray 검사장비 AI 데이터셋/dataset/test1/yolov3/X선이물검출기(06.23_09.22)/2호기(2020.09.22)/SN77127_20200901_NgImage/002_20200901_203338(1).bmp,002_20200901_203338(1),.bmp,316,332,P,66da7aae7303faecf667e67838f87f5efd046f61069e014db21e9fc51b98c5ad,2호기,128,False,True
4. X-ray 검사장비 AI 데이터셋/dataset/test1/yolov3/X선이물검출기(06.23_09.22)/2호기(2020.09.22)/SN77127_20200901_NgImage/002_20200901_203341(0).bmp,002_20200901_203341(0),.bmp,316,332,P,ceca6e2b5e3122bc67620d6d39bb5ce1fada26bc4bea81fe0313ee53609fe971,2호기,136,False,True
4. X-ray 검사장비 AI 데이터셋/dataset/test1/yolov3/X선이물검출기(06.23_09.22)/2호기(2020.09.22)/SN77127_20200901_NgImage/002_20200901_203343(7).bmp,002_20200901_203343(7),.bmp,316,332,P,9338e3ecb99d5634dc658da8f86670c3f44083bbd302f7e72e88d998687281f8,2호기,128,False,True
4. X-ray 검사장비 AI 데이터셋/dataset/test1/yolov3/X선이물검출기(06.23_09.22)/2호기(2020.09.22)/SN77127_20200902_NgImage/002_20200901_203328(4).bmp,002_20200901_203328(4),.bmp,316,332,P,28597cce3310fe7cd1f773791b6f2e0cb08c1ae655c5a74a5822b2e14ba552df,2호기,128,False,True
4. X-ray 검사장비 AI 데이터셋/dataset/test1/yolov3/X선이물검출기(06.23_09.22)/2호기(2020.09.22)/SN77127_20200902_NgImage/002_20200901_203332(1).bmp,002_20200901_203332(1),.bmp,316,332,P,7b29ed6bf838d60d8ab49c29b42bf1177f95f6209fef062b39c8d6813704109d,2호기,128,False,True
4. X-ray 검사장비 AI 데이터셋/dataset/test1/yolov3/X선이물검출기(06.23_09.22)/2호기(2020.09.22)/SN77127_20200902_NgImage/002_20200901_203335(1).bmp,002_20200901_203335(1),.bmp,316,332,P,23458320bca2615b386004a4f0f9423846b086380358dcdcbf63a156bbb1c1d8,2호기,136,False,True
4. X-ray 검사장비 AI 데이터셋/dataset/test1/yolov3/X선이물검출기(06.23_09.22)/2호기(2020.09.22)/SN77127_20200902_NgImage/002_20200901_203338(1).bmp,002_20200901_203338(1),.bmp,316,332,P,66da7aae7303faecf667e67838f87f5efd046f61069e014db21e9fc51b98c5ad,2호기,128,False,True
4. X-ray 검사장비 AI 데이터셋/dataset/test1/yolov3/X선이물검출기(06.23_09.22)/2호기(2020.09.22)/SN77127_20200902_NgImage/002_20200901_203341(0).bmp,002_20200901_203341(0),.bmp,316,332,P,ceca6e2b5e3122bc67620d6d39bb5ce1fada26bc4bea81fe0313ee53609fe971,2호기,136,False,True
4. X-ray 검사장비 AI 데이터셋/dataset/test1/yolov3/X선이물검출기(06.23_09.22)/2호기(2020.09.22)/SN77127_20200902_NgImage/002_20200901_203343(7).bmp,002_20200901_203343(7),.bmp,316,332,P,9338e3ecb99d5634dc658da8f86670c3f44083bbd302f7e72e88d998687281f8,2호기,128,False,True
4. X-ray 검사장비 AI 데이터셋/dataset/test1/yolov3/X선이물검출기(06.23_09.22)/2호기(2020.09.22)/SN77127_20200902_NgImage/002_20200902_003149(5).bmp,002_20200902_003149(5),.bmp,316,332,P,587902411ff4dc7e8559c3ba7c41140e794e009913f34df713362257ce6d9971,2호기,136,False,True
4. X-ray 검사장비 AI 데이터셋/dataset/test1/yolov3/X선이물검출기(06.23_09.22)/2호기(2020.09.22)/SN77127_20200902_NgImage/002_20200902_003152(5).bmp,002_20200902_003152(5),.bmp,316,332,P,5159fa144038acf48049de992d05e62305287a241c8a906ea4dd43b247cd82bb,2호기,144,False,True
4. X-ray 검사장비 AI 데이터셋/dataset/test1/yolov3/X선이물검출기(06.23_09.22)/2호기(2020.09.22)/SN77127_20200902_NgImage/002_20200902_003155(5).bmp,002_20200902_003155(5),.bmp,316,332,P,a4d38987359923c710eb16a7523fad95b4db1cd4b609fdf08c0a62305da36fbe,2호기,136,False,True
4. X-ray 검사장비 AI 데이터셋/dataset/test1/yolov3/X선이물검출기(06.23_09.22)/2호기(2020.09.22)/SN77127_20200902_NgImage/002_20200902_003158(2).bmp,002_20200902_003158(2),.bmp,316,332,P,9167a484e5780c14f5240acf62ad277e1379bc82ca8966d9ae8b57981d9dfe99,2호기,128,False,True
4. X-ray 검사장비 AI 데이터셋/dataset/test1/yolov3/X선이물검출기(06.23_09.22)/2호기(2020.09.22)/SN77127_20200902_NgImage/002_20200902_003200(9).bmp,002_20200902_003200(9),.bmp,316,332,P,d0bfc3be0c2e8da7f2675a8ba29191790281011e6d82d8fdb44e8bd5bfe68cd6,2호기,136,False,True
4. X-ray 검사장비 AI 데이터셋/dataset/test1/yolov3/X선이물검출기(06.23_09.22)/2호기(2020.09.22)/SN77127_20200902_NgImage/002_20200902_003203(7).bmp,002_20200902_003203(7),.bmp,316,332,P,bacab79fbffba51db95f0496d33ce2553d4caf7befece3abf4b77c46ddff43bf,2호기,128,False,True
4. X-ray 검사장비 AI 데이터셋/dataset/test1/yolov3/X선이물검출기(06.23_09.22)/2호기(2020.09.22)/SN77127_20200902_NgImage/002_20200902_043143(0).bmp,002_20200902_043143(0),.bmp,316,332,P,09bff9dca247c1c6d466b170ad9240bd925e64bff50e79d3ea8d891150c9fc1c,2호기,128,False,True
4. X-ray 검사장비 AI 데이터셋/dataset/test1/yolov3/X선이물검출기(06.23_09.22)/2호기(2020.09.22)/SN77127_20200902_NgImage/002_20200902_043145(9).bmp,002_20200902_043145(9),.bmp,316,332,P,627b763299f9a6f0cbefbcb809b5c9d03aff00c32a8bea948c37b40ed239c603,2호기,136,False,True
4. X-ray 검사장비 AI 데이터셋/dataset/test1/yolov3/X선이물검출기(06.23_09.22)/2호기(2020.09.22)/SN77127_20200902_NgImage/002_20200902_043148(8).bmp,002_20200902_043148(8),.bmp,316,332,P,8f297fbfa66e31d99284256efd80da08d08d7073f104700b69bc9441e8dd055b,2호기,128,False,True
4. X-ray 검사장비 AI 데이터셋/dataset/test1/yolov3/X선이물검출기(06.23_09.22)/2호기(2020.09.22)/SN77127_20200902_NgImage/002_20200902_043151(7).bmp,002_20200902_043151(7),.bmp,316,332,P,a2f5132c234a952ee0a7eab1677dae17274cae01a1305ec2a1b228ea3e600aea,2호기,136,False,True
4. X-ray 검사장비 AI 데이터셋/dataset/test1/yolov3/X선이물검출기(06.23_09.22)/2호기(2020.09.22)/SN77127_20200902_NgImage/002_20200902_043154(5).bmp,002_20200902_043154(5),.bmp,316,332,P,4d32f71a31e47a1352759bdd051160900ac74206fbd35c20f129e3e10ab4e07c,2호기,136,False,True
4. X-ray 검사장비 AI 데이터셋/dataset/test1/yolov3/X선이물검출기(06.23_09.22)/2호기(2020.09.22)/SN77127_20200902_NgImage/002_20200902_043157(3).bmp,002_20200902_043157(3),.bmp,316,332,P,b71d305222fc1f06fa6e7d92a262ab518d0546f20ec6dcd093c0d9234eb6b406,2호기,144,False,True
4. X-ray 검사장비 AI 데이터셋/dataset/test1/yolov3/X선이물검출기(06.23_09.22)/2호기(2020.09.22)/SN77127_20200902_NgImage/002_20200902_082641(4).bmp,002_20200902_082641(4),.bmp,316,332,P,6aa07672610b87a27d91229a7eae7ef687ec0a4fe595b02f9f6f9b2e321c6edd,2호기,128,False,True
4. X-ray 검사장비 AI 데이터셋/dataset/test1/yolov3/X선이물검출기(06.23_09.22)/2호기(2020.09.22)/SN77127_20200902_NgImage/002_20200902_082645(7).bmp,002_20200902_082645(7),.bmp,316,332,P,8b4e23374964c2fc73730f66dfdebccbf0c883485a2bd647007289edaf0731ca,2호기,136,False,True
4. X-ray 검사장비 AI 데이터셋/dataset/test1/yolov3/X선이물검출기(06.23_09.22)/2호기(2020.09.22)/SN77127_20200902_NgImage/002_20200902_082650(0).bmp,002_20200902_082650(0),.bmp,316,332,P,1915c48b47a3a086b937563e207858781df7d32235dde938f9f727b17d5bde9a,2호기,144,False,True
4. X-ray 검사장비 AI 데이터셋/dataset/test1/yolov3/X선이물검출기(06.23_09.22)/2호기(2020.09.22)/SN77127_20200902_NgImage/002_20200902_082654(4).bmp,002_20200902_082654(4),.bmp,316,332,P,944ec988cb84517c8c62239dea1065eb243004344c9d8092d45db159db8542ab,2호기,128,False,True
4. X-ray 검사장비 AI 데이터셋/dataset/test1/yolov3/X선이물검출기(06.23_09.22)/2호기(2020.09.22)/SN77127_20200902_NgImage/002_20200902_082658(4).bmp,002_20200902_082658(4),.bmp,316,332,P,047e39991a175a5ccb996feb30ce4823351b8af9f9f7bbbb10da71789cfa1f3d,2호기,136,False,True
4. X-ray 검사장비 AI 데이터셋/dataset/test1/yolov3/X선이물검출기(06.23_09.22)/2호기(2020.09.22)/SN77127_20200902_NgImage/002_20200902_082702(8).bmp,002_20200902_082702(8),.bmp,316,332,P,5a421cc7795fff9edfa670332acc139921e650fa02e06a61c8a4e23525e197f6,2호기,136,False,True
4. X-ray 검사장비 AI 데이터셋/dataset/test1/yolov3/X선이물검출기(06.23_09.22)/2호기(2020.09.22)/SN77127_20200904_NgImage/002_20200904_230043(1).bmp,002_20200904_230043(1),.bmp,316,332,P,1b0fbcaa5a8a128c0ae143de742f8f0cde58c9c8921c02669fec9f3f0d8bb60c,2호기,128,False,True
4. X-ray 검사장비 AI 데이터셋/dataset/test1/yolov3/X선이물검출기(06.23_09.22)/2호기(2020.09.22)/SN77127_20200904_NgImage/002_20200904_230047(0).bmp,002_20200904_230047(0),.bmp,316,332,P,66b851434717736b8f27438a1deab3c394d661b894ca715b96eed53b4f3b6cd0,2호기,128,False,True
4. X-ray 검사장비 AI 데이터셋/dataset/test1/yolov3/X선이물검출기(06.23_09.22)/2호기(2020.09.22)/SN77127_20200904_NgImage/002_20200904_230050(7).bmp,002_20200904_230050(7),.bmp,316,332,P,215efc94e1758e7c2d19de446c52f7b6b1e51d0a134c07e5fb644b3e4ae1c69a,2호기,136,False,True
4. X-ray 검사장비 AI 데이터셋/dataset/test1/yolov3/X선이물검출기(06.23_09.22)/2호기(2020.09.22)/SN77127_20200905_NgImage/002_20200904_230043(1).bmp,002_20200904_230043(1),.bmp,316,332,P,1b0fbcaa5a8a128c0ae143de742f8f0cde58c9c8921c02669fec9f3f0d8bb60c,2호기,128,False,True
4. X-ray 검사장비 AI 데이터셋/dataset/test1/yolov3/X선이물검출기(06.23_09.22)/2호기(2020.09.22)/SN77127_20200905_NgImage/002_20200904_230047(0).bmp,002_20200904_230047(0),.bmp,316,332,P,66b851434717736b8f27438a1deab3c394d661b894ca715b96eed53b4f3b6cd0,2호기,128,False,True
4. X-ray 검사장비 AI 데이터셋/dataset/test1/yolov3/X선이물검출기(06.23_09.22)/2호기(2020.09.22)/SN77127_20200905_NgImage/002_20200904_230050(7).bmp,002_20200904_230050(7),.bmp,316,332,P,215efc94e1758e7c2d19de446c52f7b6b1e51d0a134c07e5fb644b3e4ae1c69a,2호기,136,False,True
4. X-ray 검사장비 AI 데이터셋/dataset/test1/yolov3/X선이물검출기(06.23_09.22)/2호기(2020.09.22)/SN77127_20200907_NgImage/002_20200907_184832(7).bmp,002_20200907_184832(7),.bmp,316,332,P,b9dff2682c5d0cd5b0e0a7e59017a8dd93100c12b2f68f428409f4745182c07a,2호기,128,False,True
4. X-ray 검사장비 AI 데이터셋/dataset/test1/yolov3/X선이물검출기(06.23_09.22)/2호기(2020.09.22)/SN77127_20200907_NgImage/002_20200907_184835(6).bmp,002_20200907_184835(6),.bmp,316,332,P,4dcdf7cf07f24129f77c2e074bcc9143e71d54c58ae506950df21b50e782fdd4,2호기,136,False,True
4. X-ray 검사장비 AI 데이터셋/dataset/test1/yolov3/X선이물검출기(06.23_09.22)/2호기(2020.09.22)/SN77127_20200907_NgImage/002_20200907_184838(9).bmp,002_20200907_184838(9),.bmp,316,332,P,51cd6adf0aaea2b313c4bdc0fb770b82353341b4ece8361d2322de1277d28d3c,2호기,136,False,True
4. X-ray 검사장비 AI 데이터셋/dataset/test1/yolov3/X선이물검출기(06.23_09.22)/2호기(2020.09.22)/SN77127_20200907_NgImage/002_20200907_184841(6).bmp,002_20200907_184841(6),.bmp,316,332,P,aecc3bf9215f1693ded314e1eb58106b85930d349be6b616a3702cde8f6ec406,2호기,136,False,True
4. X-ray 검사장비 AI 데이터셋/dataset/test1/yolov3/X선이물검출기(06.23_09.22)/2호기(2020.09.22)/SN77127_20200907_NgImage/002_20200907_184844(1).bmp,002_20200907_184844(1),.bmp,316,332,P,7e70c4a246c870f70ac3729b7da7e8cbadb359e140552263753c194a13130a58,2호기,136,False,True
4. X-ray 검사장비 AI 데이터셋/dataset/test1/yolov3/X선이물검출기(06.23_09.22)/2호기(2020.09.22)/SN77127_20200907_NgImage/002_20200907_184846(7).bmp,002_20200907_184846(7),.bmp,316,332,P,8af3afb6db10402c44bd38ddae4bba8481be6231ed9cb3bcc2c5bfbf758a9f96,2호기,136,False,True
4. X-ray 검사장비 AI 데이터셋/dataset/test1/yolov3/X선이물검출기(06.23_09.22)/2호기(2020.09.22)/SN77127_20200907_NgImage/002_20200907_204436(3).bmp,002_20200907_204436(3),.bmp,316,332,P,447456a7563b41731a8e3d62c790e2a7af0e615c8cea378580d3f2b1dc7307fe,2호기,128,False,True
4. X-ray 검사장비 AI 데이터셋/dataset/test1/yolov3/X선이물검출기(06.23_09.22)/2호기(2020.09.22)/SN77127_20200907_NgImage/002_20200907_204440(8).bmp,002_20200907_204440(8),.bmp,316,332,P,8eab6e59017e823833958de073af136c1f818f26e5e6b371c3cddf9989a66f7b,2호기,136,False,True
4. X-ray 검사장비 AI 데이터셋/dataset/test1/yolov3/X선이물검출기(06.23_09.22)/2호기(2020.09.22)/SN77127_20200907_NgImage/002_20200907_204445(2).bmp,002_20200907_204445(2),.bmp,316,332,P,97c30fb76cecb0656ec2c66fc41c04daacc1a001d8cd11c0bf51bba2eef3b8ac,2호기,136,False,True
4. X-ray 검사장비 AI 데이터셋/dataset/test1/yolov3/X선이물검출기(06.23_09.22)/2호기(2020.09.22)/SN77127_20200907_NgImage/002_20200907_204449(9).bmp,002_20200907_204449(9),.bmp,316,332,P,c5bc8b753b4d21c0aa1812423a52690489d0bb5854fa9bead0f3337eddccb9eb,2호기,128,False,True
4. X-ray 검사장비 AI 데이터셋/dataset/test1/yolov3/X선이물검출기(06.23_09.22)/2호기(2020.09.22)/SN77127_20200907_NgImage/002_20200907_204454(2).bmp,002_20200907_204454(2),.bmp,316,332,P,78cff4213da5bb7afbb7cdba7cb72bbc4c43984b59ceff6de0f2fce31b9d53d6,2호기,136,False,True
4. X-ray 검사장비 AI 데이터셋/dataset/test1/yolov3/X선이물검출기(06.23_09.22)/2호기(2020.09.22)/SN77127_20200907_NgImage/002_20200907_204458(7).bmp,002_20200907_204458(7),.bmp,316,332,P,198cc614895a6d786820bcb19e0a3de0c645bc534e9b7fcd780889e31885e4f5,2호기,128,False,True
4. X-ray 검사장비 AI 데이터셋/dataset/test1/yolov3/X선이물검출기(06.23_09.22)/2호기(2020.09.22)/SN77127_20200908_NgImage/002_20200908_003059(0).bmp,002_20200908_003059(0),.bmp,316,332,P,ab95dafd01a30bf3e94495773efad29cc27aba1a611cac65f7fe1b74fa8299ca,2호기,128,False,True
4. X-ray 검사장비 AI 데이터셋/dataset/test1/yolov3/X선이물검출기(06.23_09.22)/2호기(2020.09.22)/SN77127_20200908_NgImage/002_20200908_003103(2).bmp,002_20200908_003103(2),.bmp,316,332,P,e27612dad3fb485214750beeeee2f11e553224806d467e58800f697cf5d7fb69,2호기,136,False,True
4. X-ray 검사장비 AI 데이터셋/dataset/test1/yolov3/X선이물검출기(06.23_09.22)/2호기(2020.09.22)/SN77127_20200908_NgImage/002_20200908_003107(5).bmp,002_20200908_003107(5),.bmp,316,332,P,c7c72c93d5f09d54806478a20b0c067610b01ad4f146584109277be17f5d8236,2호기,128,False,True
4. X-ray 검사장비 AI 데이터셋/dataset/test1/yolov3/X선이물검출기(06.23_09.22)/2호기(2020.09.22)/SN77127_20200908_NgImage/002_20200908_003111(0).bmp,002_20200908_003111(0),.bmp,316,332,P,d9663046153d41782663ae7532260a8776fc18d37cd8eaba0aeec411ed3abeab,2호기,128,False,True
4. X-ray 검사장비 AI 데이터셋/dataset/test1/yolov3/X선이물검출기(06.23_09.22)/2호기(2020.09.22)/SN77127_20200908_NgImage/002_20200908_003115(3).bmp,002_20200908_003115(3),.bmp,316,332,P,13c782e4f86bbd75f70bb415c0e3f486a91dbdf7a07d81ccf0e2f77c86375320,2호기,136,False,True
4. X-ray 검사장비 AI 데이터셋/dataset/test1/yolov3/X선이물검출기(06.23_09.22)/2호기(2020.09.22)/SN77127_20200908_NgImage/002_20200908_003119(9).bmp,002_20200908_003119(9),.bmp,316,332,P,ebaec2b73223f019384e94a5b02fe0f9b7175b5077a890f0fe2e94dc2950d199,2호기,128,False,True
4. X-ray 검사장비 AI 데이터셋/dataset/test1/yolov3/X선이물검출기(06.23_09.22)/2호기(2020.09.22)/SN77127_20200908_NgImage/002_20200908_043119(7).bmp,002_20200908_043119(7),.bmp,316,332,P,9e2b5bef6459263ea03f69ad0eb764bf8301fe53c5bf08fa79ef4e9da878a3bc,2호기,128,False,True
4. X-ray 검사장비 AI 데이터셋/dataset/test1/yolov3/X선이물검출기(06.23_09.22)/2호기(2020.09.22)/SN77127_20200908_NgImage/002_20200908_043124(3).bmp,002_20200908_043124(3),.bmp,316,332,P,33f9f27c2a1d1a5511ea196b74941b8ff37523b971d480e07dbd6b5522229d5c,2호기,128,False,True
4. X-ray 검사장비 AI 데이터셋/dataset/test1/yolov3/X선이물검출기(06.23_09.22)/2호기(2020.09.22)/SN77127_20200908_NgImage/002_20200908_043128(8).bmp,002_20200908_043128(8),.bmp,316,332,P,04f4c052c832cb164c3cdbb3bc851d0d057b48a4d88d440952979436837fd5b5,2호기,136,False,True
4. X-ray 검사장비 AI 데이터셋/dataset/test1/yolov3/X선이물검출기(06.23_09.22)/2호기(2020.09.22)/SN77127_20200908_NgImage/002_20200908_043133(4).bmp,002_20200908_043133(4),.bmp,316,332,P,042d8c23bd62889e07e556ae25fcc440ad01e3057a8ebcca615125ed5ecb32f6,2호기,128,False,True
4. X-ray 검사장비 AI 데이터셋/dataset/test1/yolov3/X선이물검출기(06.23_09.22)/2호기(2020.09.22)/SN77127_20200908_NgImage/002_20200908_043137(8).bmp,002_20200908_043137(8),.bmp,316,332,P,b56b5fb37b0e5a48f7bf215711488e54775d097d7c87f0dbffcb5a504e88fa07,2호기,184,False,True
4. X-ray 검사장비 AI 데이터셋/dataset/test1/yolov3/X선이물검출기(06.23_09.22)/2호기(2020.09.22)/SN77127_20200908_NgImage/002_20200908_043142(4).bmp,002_20200908_043142(4),.bmp,316,332,P,243c47a0a8fe035008cf501135b4a43b0b3a1e5f1551d06e550db02330b8aa42,2호기,128,False,True
4. X-ray 검사장비 AI 데이터셋/dataset/test1/yolov3/X선이물검출기(06.23_09.22)/2호기(2020.09.22)/SN77127_20200912_NgImage/002_20200912_021355(2).bmp,002_20200912_021355(2),.bmp,316,332,P,c327c16e7482a1742df3f36b6b8937b15491719cefcb5bc0d3b26726cdcae343,2호기,128,False,True
4. X-ray 검사장비 AI 데이터셋/dataset/test1/yolov3/X선이물검출기(06.23_09.22)/2호기(2020.09.22)/SN77127_20200912_NgImage/002_20200912_021400(1).bmp,002_20200912_021400(1),.bmp,316,332,P,1cb9f83b7de0d43b876680206769fcee18c4ab82337ad643eb7897d08a4ac4b0,2호기,136,False,True
4. X-ray 검사장비 AI 데이터셋/dataset/test1/yolov3/X선이물검출기(06.23_09.22)/2호기(2020.09.22)/SN77127_20200912_NgImage/002_20200912_021403(1).bmp,002_20200912_021403(1),.bmp,316,332,P,f35ef1af1a11a5754209e8fb186d0fc5bcd6894bd35ba93ab23947460390cd29,2호기,128,False,True
4. X-ray 검사장비 AI 데이터셋/dataset/test1/yolov3/X선이물검출기(06.23_09.22)/2호기(2020.09.22)/SN77127_20200912_NgImage/002_20200912_021406(0).bmp,002_20200912_021406(0),.bmp,316,332,P,f24c5e7544baf9fde50db48b59a63cc66f7cdaa6184331a15dd75be101d454ab,2호기,128,False,True
4. X-ray 검사장비 AI 데이터셋/dataset/test1/yolov3/X선이물검출기(06.23_09.22)/2호기(2020.09.22)/SN77127_20200912_NgImage/002_20200912_021409(1).bmp,002_20200912_021409(1),.bmp,316,332,P,14e2b5a4545cde38dc098bcb5e9b7dddab868729bc447554548a83155751e606,2호기,136,False,True
4. X-ray 검사장비 AI 데이터셋/dataset/test1/yolov3/X선이물검출기(06.23_09.22)/2호기(2020.09.22)/SN77127_20200912_NgImage/002_20200912_021412(4).bmp,002_20200912_021412(4),.bmp,316,332,P,5f94de53bf086bd92548bb43d00c11c2965449404b736f3f3898ceb6d2c12efc,2호기,128,False,True
4. X-ray 검사장비 AI 데이터셋/dataset/test1/yolov3/X선이물검출기(06.23_09.22)/2호기(2020.09.22)/SN77127_20200912_NgImage/002_20200912_043058(7).bmp,002_20200912_043058(7),.bmp,316,332,P,3e4e67bd7f589d69d99743929282b699dbb8650543722353076be6673f2c13a1,2호기,128,False,True
4. X-ray 검사장비 AI 데이터셋/dataset/test1/yolov3/X선이물검출기(06.23_09.22)/2호기(2020.09.22)/SN77127_20200912_NgImage/002_20200912_043103(1).bmp,002_20200912_043103(1),.bmp,316,332,P,c2dd898d5d2e7dc77c0ed21ffd3d9acce834a61fd728f1bff4b5715855c247ad,2호기,136,False,True
4. X-ray 검사장비 AI 데이터셋/dataset/test1/yolov3/X선이물검출기(06.23_09.22)/2호기(2020.09.22)/SN77127_20200912_NgImage/002_20200912_043107(6).bmp,002_20200912_043107(6),.bmp,316,332,P,b0b98ed26867305e99a73f8036d66fb0fd5b4224f02266baddeb77f7203725e9,2호기,128,False,True
4. X-ray 검사장비 AI 데이터셋/dataset/test1/yolov3/X선이물검출기(06.23_09.22)/2호기(2020.09.22)/SN77127_20200912_NgImage/002_20200912_043112(2).bmp,002_20200912_043112(2),.bmp,316,332,P,9fe3a23a9ee5d36fbaad4a48a5ed782b62b7e375bdb42a38eb30c807622624a3,2호기,144,False,True
4. X-ray 검사장비 AI 데이터셋/dataset/test1/yolov3/X선이물검출기(06.23_09.22)/2호기(2020.09.22)/SN77127_20200912_NgImage/002_20200912_043116(6).bmp,002_20200912_043116(6),.bmp,316,332,P,527efaf8261d3a4293629769f80593709a5186feba5de4cc810e1d8999dee548,2호기,128,False,True
4. X-ray 검사장비 AI 데이터셋/dataset/test1/yolov3/X선이물검출기(06.23_09.22)/2호기(2020.09.22)/SN77127_20200912_NgImage/002_20200912_043121(1).bmp,002_20200912_043121(1),.bmp,316,332,P,d80b98bd22e0a826e9150b8de7d437b2af4005431b457210ee55ad8cb0c03997,2호기,128,False,True
4. X-ray 검사장비 AI 데이터셋/dataset/test1/yolov3/X선이물검출기(06.23_09.22)/2호기(2020.09.22)/SN77127_20200912_NgImage/002_20200912_122945(7).bmp,002_20200912_122945(7),.bmp,316,332,P,a59e3d265f06eb475cd50b7a2760471130084f31d2c3ea23c5338a1a49524e80,2호기,128,False,True
4. X-ray 검사장비 AI 데이터셋/dataset/test1/yolov3/X선이물검출기(06.23_09.22)/2호기(2020.09.22)/SN77127_20200912_NgImage/002_20200912_122948(3).bmp,002_20200912_122948(3),.bmp,316,332,P,9472dd463aa5107fe41ae983920c6ce18e734aafa2e9edb8c956089e9c19e836,2호기,136,False,True
4. X-ray 검사장비 AI 데이터셋/dataset/test1/yolov3/X선이물검출기(06.23_09.22)/2호기(2020.09.22)/SN77127_20200912_NgImage/002_20200912_122951(2).bmp,002_20200912_122951(2),.bmp,316,332,P,fde59dd254341a7115033e62f4c6b3e3bbbfdbb437ee122dc7c22c2ee1a2ad43,2호기,128,False,True
4. X-ray 검사장비 AI 데이터셋/dataset/test1/yolov3/X선이물검출기(06.23_09.22)/2호기(2020.09.22)/SN77127_20200912_NgImage/002_20200912_122954(2).bmp,002_20200912_122954(2),.bmp,316,332,P,fd97d20920d24922ede55abbd54714051cd014cc4752709518df9683579b208d,2호기,136,False,True
4. X-ray 검사장비 AI 데이터셋/dataset/test1/yolov3/X선이물검출기(06.23_09.22)/2호기(2020.09.22)/SN77127_20200912_NgImage/002_20200912_122957(0).bmp,002_20200912_122957(0),.bmp,316,332,P,756e4fb7ca62e3cffdaafe97ff85ede4a4c6554ded121fb9b69457812208230f,2호기,128,False,True
4. X-ray 검사장비 AI 데이터셋/dataset/test1/yolov3/X선이물검출기(06.23_09.22)/2호기(2020.09.22)/SN77127_20200912_NgImage/002_20200912_122959(9).bmp,002_20200912_122959(9),.bmp,316,332,P,364ad11cc582034cfec6e1530dcb3260380091c8d530864e039660adbafc6798,2호기,128,False,True
4. X-ray 검사장비 AI 데이터셋/dataset/test1/yolov3/X선이물검출기(06.23_09.22)/2호기(2020.09.22)/SN77127_20200912_NgImage/002_20200912_163155(6).bmp,002_20200912_163155(6),.bmp,316,332,P,76df4f79384a30791ccecbab4910c1169f09db763804d1ed8ed4ff3570ac3dd3,2호기,136,False,True
4. X-ray 검사장비 AI 데이터셋/dataset/test1/yolov3/X선이물검출기(06.23_09.22)/2호기(2020.09.22)/SN77127_20200912_NgImage/002_20200912_163158(6).bmp,002_20200912_163158(6),.bmp,316,332,P,86e35b2ed57081b435e77a3c1aca8e0d9bfd44d0a1b4729ce879a5185b381504,2호기,136,False,True
4. X-ray 검사장비 AI 데이터셋/dataset/test1/yolov3/X선이물검출기(06.23_09.22)/2호기(2020.09.22)/SN77127_20200912_NgImage/002_20200912_163201(5).bmp,002_20200912_163201(5),.bmp,316,332,P,6ce2259e254392ca596b38b1f812842b4572b76cc44c702fca5d523c6128725d,2호기,128,False,True
4. X-ray 검사장비 AI 데이터셋/dataset/test1/yolov3/X선이물검출기(06.23_09.22)/2호기(2020.09.22)/SN77127_20200912_NgImage/002_20200912_163204(3).bmp,002_20200912_163204(3),.bmp,316,332,P,e14e36d2f6f09c49554e1f8c6a2ed32af516b2e06c679ef0cde6751cafcdfde3,2호기,136,False,True
4. X-ray 검사장비 AI 데이터셋/dataset/test1/yolov3/X선이물검출기(06.23_09.22)/2호기(2020.09.22)/SN77127_20200912_NgImage/002_20200912_163207(3).bmp,002_20200912_163207(3),.bmp,316,332,P,46b8acf2676d4c91be37661efd9b36c22fc61fc6c7ed6cb0a915cc566ad8ea9e,2호기,136,False,True
4. X-ray 검사장비 AI 데이터셋/dataset/test1/yolov3/X선이물검출기(06.23_09.22)/2호기(2020.09.22)/SN77127_20200912_NgImage/002_20200912_163210(1).bmp,002_20200912_163210(1),.bmp,316,332,P,973f0ef460531e2134d9bc574052bb54f6760c036446ad5036ec9f8bd3cc99dd,2호기,136,False,True
4. X-ray 검사장비 AI 데이터셋/dataset/test1/yolov3/X선이물검출기(06.23_09.22)/2호기(2020.09.22)/SN77127_20200912_NgImage/002_20200912_202615(6).bmp,002_20200912_202615(6),.bmp,316,332,P,39670d8c006538c3796d1f9799ef4240c2c84df5a3f932ee7bf5cebd5aacaa22,2호기,144,False,True
4. X-ray 검사장비 AI 데이터셋/dataset/test1/yolov3/X선이물검출기(06.23_09.22)/2호기(2020.09.22)/SN77127_20200912_NgImage/002_20200912_202620(0).bmp,002_20200912_202620(0),.bmp,316,332,P,db4776b8fb05b6f12f8748f350eafab750e0543820a9e1e17789e4679aa36a08,2호기,136,False,True
4. X-ray 검사장비 AI 데이터셋/dataset/test1/yolov3/X선이물검출기(06.23_09.22)/2호기(2020.09.22)/SN77127_20200912_NgImage/002_20200912_202624(4).bmp,002_20200912_202624(4),.bmp,316,332,P,313100147dffe63871c42b1e9a83fa973c4a52782c2e9f0156b544a234df4ab4,2호기,136,False,True
4. X-ray 검사장비 AI 데이터셋/dataset/test1/yolov3/X선이물검출기(06.23_09.22)/2호기(2020.09.22)/SN77127_20200912_NgImage/002_20200912_202629(0).bmp,002_20200912_202629(0),.bmp,316,332,P,93ebf1092e2f391493832233896e8ab3aab845ce13cc5a73702ee85addb30919,2호기,136,False,True
4. X-ray 검사장비 AI 데이터셋/dataset/test1/yolov3/X선이물검출기(06.23_09.22)/2호기(2020.09.22)/SN77127_20200912_NgImage/002_20200912_202633(4).bmp,002_20200912_202633(4),.bmp,316,332,P,bfb8d9684ee3cf9d8f5800f68f2837beb0f09afa928915a6994e2218ad96d2f2,2호기,128,False,True
4. X-ray 검사장비 AI 데이터셋/dataset/test1/yolov3/X선이물검출기(06.23_09.22)/2호기(2020.09.22)/SN77127_20200912_NgImage/002_20200912_202637(9).bmp,002_20200912_202637(9),.bmp,316,332,P,8bf9babec9fba3131b7000d7a4239969cf929c07b0d520d65470052277540ac0,2호기,128,False,True
4. X-ray 검사장비 AI 데이터셋/dataset/test1/yolov3/X선이물검출기(06.23_09.22)/2호기(2020.09.22)/SN77127_20200914_NgImage/002_20200914_082856(6).bmp,002_20200914_082856(6),.bmp,316,332,P,870f56a9f28cc13e554556598aa9b678088cadfe12f68ff87bfe31446b194d09,2호기,128,False,True
4. X-ray 검사장비 AI 데이터셋/dataset/test1/yolov3/X선이물검출기(06.23_09.22)/2호기(2020.09.22)/SN77127_20200914_NgImage/002_20200914_082900(7).bmp,002_20200914_082900(7),.bmp,316,332,P,370b06ddcd806f7fc30b39fed48dd7ae2545c4ac99c194debebef034f9840ea1,2호기,128,False,True
4. X-ray 검사장비 AI 데이터셋/dataset/test1/yolov3/X선이물검출기(06.23_09.22)/2호기(2020.09.22)/SN77127_20200914_NgImage/002_20200914_082903(8).bmp,002_20200914_082903(8),.bmp,316,332,P,fd5f2a167b7e78abe26132e27587b8adc7bb4dd0c8a32ad026e2e4c15c34f539,2호기,136,False,True
4. X-ray 검사장비 AI 데이터셋/dataset/test1/yolov3/X선이물검출기(06.23_09.22)/2호기(2020.09.22)/SN77127_20200914_NgImage/002_20200914_082906(7).bmp,002_20200914_082906(7),.bmp,316,332,P,23c793d29e32cf53064c851f228509388e6a384f0f72cae821ad43ebf26dc9d4,2호기,128,False,True
4. X-ray 검사장비 AI 데이터셋/dataset/test1/yolov3/X선이물검출기(06.23_09.22)/2호기(2020.09.22)/SN77127_20200914_NgImage/002_20200914_082909(7).bmp,002_20200914_082909(7),.bmp,316,332,P,e513667fd9bdf6ac56b9ae211ef801cea8c64a114c4f9441f79a2a3626fc4c7a,2호기,128,False,True
4. X-ray 검사장비 AI 데이터셋/dataset/test1/yolov3/X선이물검출기(06.23_09.22)/2호기(2020.09.22)/SN77127_20200914_NgImage/002_20200914_082913(3).bmp,002_20200914_082913(3),.bmp,316,332,P,78fb2b7f6dfb5438146e72e246f7bbb4436fe3914872a766f5ec0a5f340a8d95,2호기,128,False,True
4. X-ray 검사장비 AI 데이터셋/dataset/test1/yolov3/X선이물검출기(06.23_09.22)/2호기(2020.09.22)/SN77127_20200914_NgImage/002_20200914_123939(3).bmp,002_20200914_123939(3),.bmp,316,332,P,7e5d6f0c61038a3dd6423f0292b4cdfdfb830744326a3c9d8910c09101049e7b,2호기,128,False,True
4. X-ray 검사장비 AI 데이터셋/dataset/test1/yolov3/X선이물검출기(06.23_09.22)/2호기(2020.09.22)/SN77127_20200914_NgImage/002_20200914_123943(9).bmp,002_20200914_123943(9),.bmp,316,332,P,73cfe9eded06c3bb9d9d1b7a812d6d65418386b6dfbce1694f8aa01f07ebe32f,2호기,128,False,True
4. X-ray 검사장비 AI 데이터셋/dataset/test1/yolov3/X선이물검출기(06.23_09.22)/2호기(2020.09.22)/SN77127_20200914_NgImage/002_20200914_123948(3).bmp,002_20200914_123948(3),.bmp,316,332,P,b8e6ab14c35a505046963156eeb327b8fb4b2df77fa1a8726209df7b606ba695,2호기,128,False,True
4. X-ray 검사장비 AI 데이터셋/dataset/test1/yolov3/X선이물검출기(06.23_09.22)/2호기(2020.09.22)/SN77127_20200914_NgImage/002_20200914_123952(7).bmp,002_20200914_123952(7),.bmp,316,332,P,280797a1a54926d47559888b6d6b95c829a86b8d938bf18c30bfeb11188444bd,2호기,136,False,True
4. X-ray 검사장비 AI 데이터셋/dataset/test1/yolov3/X선이물검출기(06.23_09.22)/2호기(2020.09.22)/SN77127_20200914_NgImage/002_20200914_123957(3).bmp,002_20200914_123957(3),.bmp,316,332,P,87ce0e53a2f43341d690e1c35c0e58535dbe6340f4a17df47dec50856d8b9353,2호기,128,False,True
4. X-ray 검사장비 AI 데이터셋/dataset/test1/yolov3/X선이물검출기(06.23_09.22)/2호기(2020.09.22)/SN77127_20200914_NgImage/002_20200914_124001(9).bmp,002_20200914_124001(9),.bmp,316,332,P,06085c3610df53eff692a12778f2589f952392ae3e28c140c5b70110417cb5ff,2호기,136,False,True
4. X-ray 검사장비 AI 데이터셋/dataset/test1/yolov3/X선이물검출기(06.23_09.22)/2호기(2020.09.22)/SN77127_20200914_NgImage/002_20200914_163059(4).bmp,002_20200914_163059(4),.bmp,316,332,P,0218eeace6e75c802dda527bf00b0dfdc4910886e973c89810252f7d5a27aef2,2호기,128,False,True
4. X-ray 검사장비 AI 데이터셋/dataset/test1/yolov3/X선이물검출기(06.23_09.22)/2호기(2020.09.22)/SN77127_20200914_NgImage/002_20200914_163104(0).bmp,002_20200914_163104(0),.bmp,316,332,P,720d2ea3b78a7fbb796dee242b5be9f9007aac99842112052e06d3e3e8fabbcb,2호기,128,False,True
4. X-ray 검사장비 AI 데이터셋/dataset/test1/yolov3/X선이물검출기(06.23_09.22)/2호기(2020.09.22)/SN77127_20200914_NgImage/002_20200914_163108(5).bmp,002_20200914_163108(5),.bmp,316,332,P,222efa55f6cdd0a03ac30409338e8671ae905f1e702671b591944c15589dd97b,2호기,128,False,True
4. X-ray 검사장비 AI 데이터셋/dataset/test1/yolov3/X선이물검출기(06.23_09.22)/2호기(2020.09.22)/SN77127_20200914_NgImage/002_20200914_163113(0).bmp,002_20200914_163113(0),.bmp,316,332,P,12ce9c7bdd7e49dbefc724bcd17ee36caca4facdf9f7e009f3a994656b02aa27,2호기,128,False,True
4. X-ray 검사장비 AI 데이터셋/dataset/test1/yolov3/X선이물검출기(06.23_09.22)/2호기(2020.09.22)/SN77127_20200914_NgImage/002_20200914_163117(5).bmp,002_20200914_163117(5),.bmp,316,332,P,b62e293a4f67b36bdb706734fee9306b0d0da4426fea3c0858c0c0ab4f878287,2호기,128,False,True
4. X-ray 검사장비 AI 데이터셋/dataset/test1/yolov3/X선이물검출기(06.23_09.22)/2호기(2020.09.22)/SN77127_20200914_NgImage/002_20200914_163122(1).bmp,002_20200914_163122(1),.bmp,316,332,P,aaa6e22b84054a4704ea1913489ea8ca2559dc83b5b1693b3d7b95b52f838329,2호기,136,False,True
4. X-ray 검사장비 AI 데이터셋/dataset/test1/yolov3/X선이물검출기(06.23_09.22)/2호기(2020.09.22)/SN77127_20200914_NgImage/002_20200914_203029(2).bmp,002_20200914_203029(2),.bmp,316,332,P,31f46130d78ce877442bdbfec9f822863472c84ef89941fd10012c9fe17e4889,2호기,136,False,True
4. X-ray 검사장비 AI 데이터셋/dataset/test1/yolov3/X선이물검출기(06.23_09.22)/2호기(2020.09.22)/SN77127_20200914_NgImage/002_20200914_203032(1).bmp,002_20200914_203032(1),.bmp,316,332,P,8bfded3dea41e466bdb7dab58a98e727bfe13653604b51479e53f25f364ebf65,2호기,128,False,True
4. X-ray 검사장비 AI 데이터셋/dataset/test1/yolov3/X선이물검출기(06.23_09.22)/2호기(2020.09.22)/SN77127_20200914_NgImage/002_20200914_203035(2).bmp,002_20200914_203035(2),.bmp,316,332,P,059db55567a2d2bb62dbfaa42278444950f8652bbaf091eab906721aaae17afe,2호기,128,False,True
4. X-ray 검사장비 AI 데이터셋/dataset/test1/yolov3/X선이물검출기(06.23_09.22)/2호기(2020.09.22)/SN77127_20200914_NgImage/002_20200914_203038(1).bmp,002_20200914_203038(1),.bmp,316,332,P,67f12c8a02f6b0b2ca3643c5bc0cc6d92e17605ce30cb6bea0293fb0043f4fc0,2호기,128,False,True
4. X-ray 검사장비 AI 데이터셋/dataset/test1/yolov3/X선이물검출기(06.23_09.22)/2호기(2020.09.22)/SN77127_20200914_NgImage/002_20200914_203041(1).bmp,002_20200914_203041(1),.bmp,316,332,P,744f2489d4fb2d31abc6c2bfcb357d0cfb266fee3efc1e81668eb7837ac7894d,2호기,136,False,True
4. X-ray 검사장비 AI 데이터셋/dataset/test1/yolov3/X선이물검출기(06.23_09.22)/2호기(2020.09.22)/SN77127_20200914_NgImage/002_20200914_203045(7).bmp,002_20200914_203045(7),.bmp,316,332,P,803e1bc0ea0ad889386d5b9b2d371b5b78560133902d9d777547ac3f58aff1d3,2호기,128,False,True
4. X-ray 검사장비 AI 데이터셋/dataset/test1/yolov3/X선이물검출기(06.23_09.22)/2호기(2020.09.22)/SN77127_20200915_NgImage/002_20200914_203029(2).bmp,002_20200914_203029(2),.bmp,316,332,P,31f46130d78ce877442bdbfec9f822863472c84ef89941fd10012c9fe17e4889,2호기,136,False,True
4. X-ray 검사장비 AI 데이터셋/dataset/test1/yolov3/X선이물검출기(06.23_09.22)/2호기(2020.09.22)/SN77127_20200915_NgImage/002_20200914_203032(1).bmp,002_20200914_203032(1),.bmp,316,332,P,8bfded3dea41e466bdb7dab58a98e727bfe13653604b51479e53f25f364ebf65,2호기,128,False,True
4. X-ray 검사장비 AI 데이터셋/dataset/test1/yolov3/X선이물검출기(06.23_09.22)/2호기(2020.09.22)/SN77127_20200915_NgImage/002_20200914_203035(2).bmp,002_20200914_203035(2),.bmp,316,332,P,059db55567a2d2bb62dbfaa42278444950f8652bbaf091eab906721aaae17afe,2호기,128,False,True
4. X-ray 검사장비 AI 데이터셋/dataset/test1/yolov3/X선이물검출기(06.23_09.22)/2호기(2020.09.22)/SN77127_20200915_NgImage/002_20200914_203038(1).bmp,002_20200914_203038(1),.bmp,316,332,P,67f12c8a02f6b0b2ca3643c5bc0cc6d92e17605ce30cb6bea0293fb0043f4fc0,2호기,128,False,True
4. X-ray 검사장비 AI 데이터셋/dataset/test1/yolov3/X선이물검출기(06.23_09.22)/2호기(2020.09.22)/SN77127_20200915_NgImage/002_20200914_203041(1).bmp,002_20200914_203041(1),.bmp,316,332,P,744f2489d4fb2d31abc6c2bfcb357d0cfb266fee3efc1e81668eb7837ac7894d,2호기,136,False,True
4. X-ray 검사장비 AI 데이터셋/dataset/test1/yolov3/X선이물검출기(06.23_09.22)/2호기(2020.09.22)/SN77127_20200915_NgImage/002_20200914_203045(7).bmp,002_20200914_203045(7),.bmp,316,332,P,803e1bc0ea0ad889386d5b9b2d371b5b78560133902d9d777547ac3f58aff1d3,2호기,128,False,True
4. X-ray 검사장비 AI 데이터셋/dataset/test1/yolov3/X선이물검출기(06.23_09.22)/2호기(2020.09.22)/SN77127_20200915_NgImage/002_20200915_003459(4).bmp,002_20200915_003459(4),.bmp,316,332,P,5efaa589d15a339b502fd17661fba906badd7b264677a31ea586a6a7b942ba58,2호기,128,False,True
4. X-ray 검사장비 AI 데이터셋/dataset/test1/yolov3/X선이물검출기(06.23_09.22)/2호기(2020.09.22)/SN77127_20200915_NgImage/002_20200915_003502(0).bmp,002_20200915_003502(0),.bmp,316,332,P,d2df2d4ce427615463894c52af7823609bb0f396d67b17667dcd0dae91953982,2호기,128,False,True
4. X-ray 검사장비 AI 데이터셋/dataset/test1/yolov3/X선이물검출기(06.23_09.22)/2호기(2020.09.22)/SN77127_20200915_NgImage/002_20200915_003504(5).bmp,002_20200915_003504(5),.bmp,316,332,P,091dbab760cb7f33a948ea85d44ff3cdfdf6a389e8d6d096ecc7a854125f0a78,2호기,128,False,True
4. X-ray 검사장비 AI 데이터셋/dataset/test1/yolov3/X선이물검출기(06.23_09.22)/2호기(2020.09.22)/SN77127_20200915_NgImage/002_20200915_003507(2).bmp,002_20200915_003507(2),.bmp,316,332,P,f35b6ee86e730dc983d8d98a8203ccca4a71612d9baa3580ebdb9d8b6455e5c8,2호기,128,False,True
4. X-ray 검사장비 AI 데이터셋/dataset/test1/yolov3/X선이물검출기(06.23_09.22)/2호기(2020.09.22)/SN77127_20200915_NgImage/002_20200915_003509(8).bmp,002_20200915_003509(8),.bmp,316,332,P,9b354a9807948c4a9b7ddd039f3aff055925e01c4d108f75a54f935e95ea8106,2호기,128,False,True
4. X-ray 검사장비 AI 데이터셋/dataset/test1/yolov3/X선이물검출기(06.23_09.22)/2호기(2020.09.22)/SN77127_20200915_NgImage/002_20200915_003512(4).bmp,002_20200915_003512(4),.bmp,316,332,P,6a2bf20490ed9f31c66ddc0dec5d97019aabe4dba63af6d1a7ec36c2769e3496,2호기,128,False,True
4. X-ray 검사장비 AI 데이터셋/dataset/test1/yolov3/X선이물검출기(06.23_09.22)/2호기(2020.09.22)/SN77127_20200915_NgImage/002_20200915_043405(0).bmp,002_20200915_043405(0),.bmp,316,332,P,d171f64c8155265bdb014cb99c804264d92736b8fd02ae3694e8556ef990d084,2호기,136,False,True
4. X-ray 검사장비 AI 데이터셋/dataset/test1/yolov3/X선이물검출기(06.23_09.22)/2호기(2020.09.22)/SN77127_20200915_NgImage/002_20200915_043410(8).bmp,002_20200915_043410(8),.bmp,316,332,P,e780214f5d363aeecde6d9a96c8e21a22c743cce8518814bb3b7565b028710b4,2호기,128,False,True
4. X-ray 검사장비 AI 데이터셋/dataset/test1/yolov3/X선이물검출기(06.23_09.22)/2호기(2020.09.22)/SN77127_20200915_NgImage/002_20200915_043413(6).bmp,002_20200915_043413(6),.bmp,316,332,P,725691e038f3870ac0240906401c2694e74b52ebff0801595477729f67f7a068,2호기,136,False,True
4. X-ray 검사장비 AI 데이터셋/dataset/test1/yolov3/X선이물검출기(06.23_09.22)/2호기(2020.09.22)/SN77127_20200915_NgImage/002_20200915_043416(5).bmp,002_20200915_043416(5),.bmp,316,332,P,4be77c93e9becd251a608cc2f3f70ed8e66f6277b78a9ea2566b60768861fc15,2호기,136,False,True
4. X-ray 검사장비 AI 데이터셋/dataset/test1/yolov3/X선이물검출기(06.23_09.22)/2호기(2020.09.22)/SN77127_20200915_NgImage/002_20200915_043419(5).bmp,002_20200915_043419(5),.bmp,316,332,P,03d8f8964bd33236c4ad3d9a7213e519591fe5555a1997756019196cff56b258,2호기,128,False,True
4. X-ray 검사장비 AI 데이터셋/dataset/test1/yolov3/X선이물검출기(06.23_09.22)/2호기(2020.09.22)/SN77127_20200915_NgImage/002_20200915_043422(4).bmp,002_20200915_043422(4),.bmp,316,332,P,23b785bd45311f2d690e93f9362c0d00d50a36d10b32819dfa31bb22ab1ccae7,2호기,136,False,True
4. X-ray 검사장비 AI 데이터셋/dataset/test1/yolov3/X선이물검출기(06.23_09.22)/2호기(2020.09.22)/SN77127_20200915_NgImage/002_20200915_083044(8).bmp,002_20200915_083044(8),.bmp,316,332,P,672454f8bc049476b4ff1c1ad38ae7f76b3088a02f6be05a2768b3f776249027,2호기,136,False,True
4. X-ray 검사장비 AI 데이터셋/dataset/test1/yolov3/X선이물검출기(06.23_09.22)/2호기(2020.09.22)/SN77127_20200915_NgImage/002_20200915_083047(9).bmp,002_20200915_083047(9),.bmp,316,332,P,c27b99dbab90af2f17c0a4b08b9977bb9b6e76163cb70e89388c207ba76df2ae,2호기,136,False,True
4. X-ray 검사장비 AI 데이터셋/dataset/test1/yolov3/X선이물검출기(06.23_09.22)/2호기(2020.09.22)/SN77127_20200915_NgImage/002_20200915_083050(8).bmp,002_20200915_083050(8),.bmp,316,332,P,4df958289a6d046a07ff805b994c23a8257eb8f7452280ed6232649962f8fd4b,2호기,128,False,True
4. X-ray 검사장비 AI 데이터셋/dataset/test1/yolov3/X선이물검출기(06.23_09.22)/2호기(2020.09.22)/SN77127_20200915_NgImage/002_20200915_083053(9).bmp,002_20200915_083053(9),.bmp,316,332,P,4b342301c7dc7588e3203c9f99fe0a5932ebe2b747f8e5f7fe08543dae47ede6,2호기,128,False,True
4. X-ray 검사장비 AI 데이터셋/dataset/test1/yolov3/X선이물검출기(06.23_09.22)/2호기(2020.09.22)/SN77127_20200915_NgImage/002_20200915_083056(9).bmp,002_20200915_083056(9),.bmp,316,332,P,483e45b105a5196d683dfef7b054e9b821e3f93899a8f66d1ea01b5090c0da18,2호기,136,False,True
4. X-ray 검사장비 AI 데이터셋/dataset/test1/yolov3/X선이물검출기(06.23_09.22)/2호기(2020.09.22)/SN77127_20200915_NgImage/002_20200915_083059(9).bmp,002_20200915_083059(9),.bmp,316,332,P,6e816ccd59b8146c565cb874a5c0f81dc5940e2d38cf6415f7cecde7bb768014,2호기,128,False,True
4. X-ray 검사장비 AI 데이터셋/dataset/test1/yolov3/X선이물검출기(06.23_09.22)/2호기(2020.09.22)/SN77127_20200915_NgImage/002_20200915_123120(2).bmp,002_20200915_123120(2),.bmp,316,332,P,3b676f1a99a894edfc19c783a66a7c63aa83009a01a66119201e04ce7e0581d6,2호기,128,False,True
4. X-ray 검사장비 AI 데이터셋/dataset/test1/yolov3/X선이물검출기(06.23_09.22)/2호기(2020.09.22)/SN77127_20200915_NgImage/002_20200915_123124(8).bmp,002_20200915_123124(8),.bmp,316,332,P,3802101432ddc70af294b5470fbb6b139ff124ee81a69ea95aff386a47ff89a0,2호기,136,False,True
4. X-ray 검사장비 AI 데이터셋/dataset/test1/yolov3/X선이물검출기(06.23_09.22)/2호기(2020.09.22)/SN77127_20200915_NgImage/002_20200915_123129(4).bmp,002_20200915_123129(4),.bmp,316,332,P,5e1f78d07eca9a1896053388ace9a3a08b2bd5fd21eb66fd2e40fb39974fc12f,2호기,136,False,True
4. X-ray 검사장비 AI 데이터셋/dataset/test1/yolov3/X선이물검출기(06.23_09.22)/2호기(2020.09.22)/SN77127_20200915_NgImage/002_20200915_123133(8).bmp,002_20200915_123133(8),.bmp,316,332,P,d8296fc3618452001294cc300e1cf2c43e949f01bdf8cddd34328cc4af60790d,2호기,128,False,True
4. X-ray 검사장비 AI 데이터셋/dataset/test1/yolov3/X선이물검출기(06.23_09.22)/2호기(2020.09.22)/SN77127_20200915_NgImage/002_20200915_123138(3).bmp,002_20200915_123138(3),.bmp,316,332,P,d23b9acc054f2c2f92d7aef219ab4083b66133582366df76cf36287ea3e150e9,2호기,136,False,True
4. X-ray 검사장비 AI 데이터셋/dataset/test1/yolov3/X선이물검출기(06.23_09.22)/2호기(2020.09.22)/SN77127_20200915_NgImage/002_20200915_123142(8).bmp,002_20200915_123142(8),.bmp,316,332,P,ea5423fa5c726edeb64a8378a74f743d78469173201045d3f62674f7a70a1cc2,2호기,144,False,True
4. X-ray 검사장비 AI 데이터셋/dataset/test1/yolov3/X선이물검출기(06.23_09.22)/2호기(2020.09.22)/SN77127_20200915_NgImage/002_20200915_163147(0).bmp,002_20200915_163147(0),.bmp,316,332,P,10d863da1e6d56845650596ab9a7bd53d8605f2aa11e787a8fdb816d7fbf6703,2호기,128,False,True
4. X-ray 검사장비 AI 데이터셋/dataset/test1/yolov3/X선이물검출기(06.23_09.22)/2호기(2020.09.22)/SN77127_20200915_NgImage/002_20200915_163150(3).bmp,002_20200915_163150(3),.bmp,316,332,P,4d03d755bd1535183308e572fb231eec7c540606e818e0aa2f9423583a84a325,2호기,128,False,True
4. X-ray 검사장비 AI 데이터셋/dataset/test1/yolov3/X선이물검출기(06.23_09.22)/2호기(2020.09.22)/SN77127_20200915_NgImage/002_20200915_163153(6).bmp,002_20200915_163153(6),.bmp,316,332,P,8a0a041bddaa961e3d7d96be168bf6d2c2049b734c050006b3f67aa6ece96910,2호기,128,False,True
4. X-ray 검사장비 AI 데이터셋/dataset/test1/yolov3/X선이물검출기(06.23_09.22)/2호기(2020.09.22)/SN77127_20200915_NgImage/002_20200915_163158(2).bmp,002_20200915_163158(2),.bmp,316,332,P,e25efa07cf0d18a2ef98ab3ef0e1ad5ebfe2c76c9f77d2925c0617a97cc9ab2e,2호기,128,False,True
4. X-ray 검사장비 AI 데이터셋/dataset/test1/yolov3/X선이물검출기(06.23_09.22)/2호기(2020.09.22)/SN77127_20200915_NgImage/002_20200915_163204(1).bmp,002_20200915_163204(1),.bmp,316,332,P,a3cd276bb614f1630572f60f7f750b0edd1bb86d708f64801e1cc53268221bfd,2호기,128,False,True
4. X-ray 검사장비 AI 데이터셋/dataset/test1/yolov3/X선이물검출기(06.23_09.22)/2호기(2020.09.22)/SN77127_20200915_NgImage/002_20200915_163207(2).bmp,002_20200915_163207(2),.bmp,316,332,P,223ac68821a11eb78db1c965c6227def49e5160e00ecfae50b44a0b5845750ca,2호기,136,False,True
4. X-ray 검사장비 AI 데이터셋/dataset/test1/yolov3/X선이물검출기(06.23_09.22)/2호기(2020.09.22)/SN77127_20200915_NgImage/002_20200915_203221(1).bmp,002_20200915_203221(1),.bmp,316,332,P,b68af6242edc49d0389be39ff990b3916e6a7fe2f7dc76ab3e86c836044a01c9,2호기,136,False,True
4. X-ray 검사장비 AI 데이터셋/dataset/test1/yolov3/X선이물검출기(06.23_09.22)/2호기(2020.09.22)/SN77127_20200915_NgImage/002_20200915_203224(0).bmp,002_20200915_203224(0),.bmp,316,332,P,cb6718d016cdc3b1efcf368d684ebdceb63fb41ae7dbc9873d932c42c59831fc,2호기,128,False,True
4. X-ray 검사장비 AI 데이터셋/dataset/test1/yolov3/X선이물검출기(06.23_09.22)/2호기(2020.09.22)/SN77127_20200915_NgImage/002_20200915_203227(0).bmp,002_20200915_203227(0),.bmp,316,332,P,439d6878efd0c467f7bbe4abf53d05bb834bed1fb42a4cf4fff2e33311ef8f90,2호기,136,False,True
4. X-ray 검사장비 AI 데이터셋/dataset/test1/yolov3/X선이물검출기(06.23_09.22)/2호기(2020.09.22)/SN77127_20200915_NgImage/002_20200915_203230(0).bmp,002_20200915_203230(0),.bmp,316,332,P,ace4bf83df282c2819f5c4a86fefad9f4b16150ed69ede680ac75a72f5d02b9b,2호기,128,False,True
4. X-ray 검사장비 AI 데이터셋/dataset/test1/yolov3/X선이물검출기(06.23_09.22)/2호기(2020.09.22)/SN77127_20200915_NgImage/002_20200915_203233(0).bmp,002_20200915_203233(0),.bmp,316,332,P,d9e5209d864c0e3d5288cb2bed54095f15a080093540fb56e068d42b55410e24,2호기,128,False,True
4. X-ray 검사장비 AI 데이터셋/dataset/test1/yolov3/X선이물검출기(06.23_09.22)/2호기(2020.09.22)/SN77127_20200915_NgImage/002_20200915_203236(0).bmp,002_20200915_203236(0),.bmp,316,332,P,93d59e0b7382057b61afc0f98dc208bb5ec96080f8717ce8e61ed0e41ff8ea1a,2호기,136,False,True
4. X-ray 검사장비 AI 데이터셋/dataset/test1/yolov3/X선이물검출기(06.23_09.22)/2호기(2020.09.22)/SN77127_20200915_NgImage/002_20200915_215738(0).bmp,002_20200915_215738(0),.bmp,316,332,P,041219bb897e55a2311858327293abd5ba0046c1d21c462b1f75ea457c386fcc,2호기,128,False,True
4. X-ray 검사장비 AI 데이터셋/dataset/test1/yolov3/X선이물검출기(06.23_09.22)/2호기(2020.09.22)/SN77127_20200916_NgImage/002_20200915_203221(1).bmp,002_20200915_203221(1),.bmp,316,332,P,b68af6242edc49d0389be39ff990b3916e6a7fe2f7dc76ab3e86c836044a01c9,2호기,136,False,True
4. X-ray 검사장비 AI 데이터셋/dataset/test1/yolov3/X선이물검출기(06.23_09.22)/2호기(2020.09.22)/SN77127_20200916_NgImage/002_20200915_203224(0).bmp,002_20200915_203224(0),.bmp,316,332,P,cb6718d016cdc3b1efcf368d684ebdceb63fb41ae7dbc9873d932c42c59831fc,2호기,128,False,True
4. X-ray 검사장비 AI 데이터셋/dataset/test1/yolov3/X선이물검출기(06.23_09.22)/2호기(2020.09.22)/SN77127_20200916_NgImage/002_20200915_203227(0).bmp,002_20200915_203227(0),.bmp,316,332,P,439d6878efd0c467f7bbe4abf53d05bb834bed1fb42a4cf4fff2e33311ef8f90,2호기,136,False,True
4. X-ray 검사장비 AI 데이터셋/dataset/test1/yolov3/X선이물검출기(06.23_09.22)/2호기(2020.09.22)/SN77127_20200916_NgImage/002_20200915_203230(0).bmp,002_20200915_203230(0),.bmp,316,332,P,ace4bf83df282c2819f5c4a86fefad9f4b16150ed69ede680ac75a72f5d02b9b,2호기,128,False,True
4. X-ray 검사장비 AI 데이터셋/dataset/test1/yolov3/X선이물검출기(06.23_09.22)/2호기(2020.09.22)/SN77127_20200916_NgImage/002_20200915_203233(0).bmp,002_20200915_203233(0),.bmp,316,332,P,d9e5209d864c0e3d5288cb2bed54095f15a080093540fb56e068d42b55410e24,2호기,128,False,True
4. X-ray 검사장비 AI 데이터셋/dataset/test1/yolov3/X선이물검출기(06.23_09.22)/2호기(2020.09.22)/SN77127_20200916_NgImage/002_20200915_203236(0).bmp,002_20200915_203236(0),.bmp,316,332,P,93d59e0b7382057b61afc0f98dc208bb5ec96080f8717ce8e61ed0e41ff8ea1a,2호기,136,False,True
4. X-ray 검사장비 AI 데이터셋/dataset/test1/yolov3/X선이물검출기(06.23_09.22)/2호기(2020.09.22)/SN77127_20200916_NgImage/002_20200915_215738(0).bmp,002_20200915_215738(0),.bmp,316,332,P,041219bb897e55a2311858327293abd5ba0046c1d21c462b1f75ea457c386fcc,2호기,128,False,True
4. X-ray 검사장비 AI 데이터셋/dataset/test1/yolov3/X선이물검출기(06.23_09.22)/2호기(2020.09.22)/SN77127_20200916_NgImage/002_20200916_003108(4).bmp,002_20200916_003108(4),.bmp,316,332,P,8912489b0210df9fdb6c66ee58f99f85179329f004afa6467bd0201fbde4c239,2호기,136,False,True
4. X-ray 검사장비 AI 데이터셋/dataset/test1/yolov3/X선이물검출기(06.23_09.22)/2호기(2020.09.22)/SN77127_20200916_NgImage/002_20200916_003111(4).bmp,002_20200916_003111(4),.bmp,316,332,P,5710eb8a6281e3a48607860efd9b4eddc5a100a272fe795e32d445b930c09a94,2호기,128,False,True
4. X-ray 검사장비 AI 데이터셋/dataset/test1/yolov3/X선이물검출기(06.23_09.22)/2호기(2020.09.22)/SN77127_20200916_NgImage/002_20200916_003114(5).bmp,002_20200916_003114(5),.bmp,316,332,P,4e7c6f5b92234c9bd40678284f2b0f0d848176f81680db32b56566749e7c117c,2호기,136,False,True
4. X-ray 검사장비 AI 데이터셋/dataset/test1/yolov3/X선이물검출기(06.23_09.22)/2호기(2020.09.22)/SN77127_20200916_NgImage/002_20200916_003117(4).bmp,002_20200916_003117(4),.bmp,316,332,P,00c43daccc7955f99ecc902ba8ea22885f2578fcc654a688b5fac70edf6813de,2호기,128,False,True
4. X-ray 검사장비 AI 데이터셋/dataset/test1/yolov3/X선이물검출기(06.23_09.22)/2호기(2020.09.22)/SN77127_20200916_NgImage/002_20200916_003120(4).bmp,002_20200916_003120(4),.bmp,316,332,P,fa742605f50c3adddffe80703214260835a632f27647cf11cdadd8363c093854,2호기,136,False,True
4. X-ray 검사장비 AI 데이터셋/dataset/test1/yolov3/X선이물검출기(06.23_09.22)/2호기(2020.09.22)/SN77127_20200916_NgImage/002_20200916_003123(4).bmp,002_20200916_003123(4),.bmp,316,332,P,808b13523e209f672f682480a1d0887a7285ca4dc79768db4e3780c8b67ee087,2호기,136,False,True
4. X-ray 검사장비 AI 데이터셋/dataset/test1/yolov3/X선이물검출기(06.23_09.22)/2호기(2020.09.22)/SN77127_20200916_NgImage/002_20200916_043144(0).bmp,002_20200916_043144(0),.bmp,316,332,P,5030ee44d9361486ccad31d981ea436b8085f45a5e6f5a6e199e4229295e0e59,2호기,136,False,True
4. X-ray 검사장비 AI 데이터셋/dataset/test1/yolov3/X선이물검출기(06.23_09.22)/2호기(2020.09.22)/SN77127_20200916_NgImage/002_20200916_043146(9).bmp,002_20200916_043146(9),.bmp,316,332,P,2d98aed24c9e95fbf5127e1151372849e41417fa46714148e4955d55b548fc5f,2호기,136,False,True
4. X-ray 검사장비 AI 데이터셋/dataset/test1/yolov3/X선이물검출기(06.23_09.22)/2호기(2020.09.22)/SN77127_20200916_NgImage/002_20200916_043150(0).bmp,002_20200916_043150(0),.bmp,316,332,P,ea1ec531759cc63cd31082ddd9ca236331caba32744617437700956e54acbdb2,2호기,128,False,True
4. X-ray 검사장비 AI 데이터셋/dataset/test1/yolov3/X선이물검출기(06.23_09.22)/2호기(2020.09.22)/SN77127_20200916_NgImage/002_20200916_043152(7).bmp,002_20200916_043152(7),.bmp,316,332,P,b3717a20a25f61df147c222c8e6f0c3256a339cedf279d4f6c2a2ec3c3b802f4,2호기,128,False,True
4. X-ray 검사장비 AI 데이터셋/dataset/test1/yolov3/X선이물검출기(06.23_09.22)/2호기(2020.09.22)/SN77127_20200916_NgImage/002_20200916_043155(6).bmp,002_20200916_043155(6),.bmp,316,332,P,a1c2931bcca3ce2f83c253662b1a55ddfd940666c354ea0efaf7d6fd5ab02557,2호기,144,False,True
4. X-ray 검사장비 AI 데이터셋/dataset/test1/yolov3/X선이물검출기(06.23_09.22)/2호기(2020.09.22)/SN77127_20200916_NgImage/002_20200916_043158(6).bmp,002_20200916_043158(6),.bmp,316,332,P,7637a400f0e749cdd525e0b2f2c4e2b122dac78472a956aece3b3605fb5662c7,2호기,184,False,True
4. X-ray 검사장비 AI 데이터셋/dataset/test1/yolov3/X선이물검출기(06.23_09.22)/2호기(2020.09.22)/SN77127_20200916_NgImage/002_20200916_083057(9).bmp,002_20200916_083057(9),.bmp,316,332,P,6649eabf85495a493e9740266dfadf10742c64fdc4cccfef3e0d152321791228,2호기,128,False,True
4. X-ray 검사장비 AI 데이터셋/dataset/test1/yolov3/X선이물검출기(06.23_09.22)/2호기(2020.09.22)/SN77127_20200916_NgImage/002_20200916_083102(3).bmp,002_20200916_083102(3),.bmp,316,332,P,df0b7bc0e9581fb479abd3622e2e1ee6ae3581ae09f31cb299c9deda6832ee82,2호기,128,False,True
4. X-ray 검사장비 AI 데이터셋/dataset/test1/yolov3/X선이물검출기(06.23_09.22)/2호기(2020.09.22)/SN77127_20200916_NgImage/002_20200916_083106(8).bmp,002_20200916_083106(8),.bmp,316,332,P,bf490df05bd1bfd03821179f6df80c3c3cffe39c9c87f22fe4d07a00cf33cfcd,2호기,128,False,True
4. X-ray 검사장비 AI 데이터셋/dataset/test1/yolov3/X선이물검출기(06.23_09.22)/2호기(2020.09.22)/SN77127_20200916_NgImage/002_20200916_083111(3).bmp,002_20200916_083111(3),.bmp,316,332,P,4fe0f27bffe3b8572c53c66a2e66bc59b0363016143d712c07a203cb670cc932,2호기,128,False,True
4. X-ray 검사장비 AI 데이터셋/dataset/test1/yolov3/X선이물검출기(06.23_09.22)/2호기(2020.09.22)/SN77127_20200916_NgImage/002_20200916_083115(8).bmp,002_20200916_083115(8),.bmp,316,332,P,1b3659334624fc597bc67d4c62ecac6a2b16db7fe20e318f2ff1e5c0a670d298,2호기,128,False,True
4. X-ray 검사장비 AI 데이터셋/dataset/test1/yolov3/X선이물검출기(06.23_09.22)/2호기(2020.09.22)/SN77127_20200916_NgImage/002_20200916_083120(2).bmp,002_20200916_083120(2),.bmp,316,332,P,dde0fda9a3fab3448e6dbcbb177c2a4e27750a30595620bd3ef39f3716282dab,2호기,144,False,True
4. X-ray 검사장비 AI 데이터셋/dataset/test1/yolov3/X선이물검출기(06.23_09.22)/2호기(2020.09.22)/SN77127_20200916_NgImage/002_20200916_122640(9).bmp,002_20200916_122640(9),.bmp,316,332,P,880ae4b00dc1711dd5cda233ae3867e634bd0176d0a1afca5c4b7dd49e7001eb,2호기,128,False,True
4. X-ray 검사장비 AI 데이터셋/dataset/test1/yolov3/X선이물검출기(06.23_09.22)/2호기(2020.09.22)/SN77127_20200916_NgImage/002_20200916_122645(5).bmp,002_20200916_122645(5),.bmp,316,332,P,8e1b8c42ec8696b7b4eae7deda5ff085e5a473c04afd8723a7fd3fdd62e7ee69,2호기,128,False,True
4. X-ray 검사장비 AI 데이터셋/dataset/test1/yolov3/X선이물검출기(06.23_09.22)/2호기(2020.09.22)/SN77127_20200916_NgImage/002_20200916_122650(1).bmp,002_20200916_122650(1),.bmp,316,332,P,3904a86a6f5c8ccdb49bf833a6b1e90a7e7c79fbe84dc093f4c3bd3bdffeaa21,2호기,136,False,True
4. X-ray 검사장비 AI 데이터셋/dataset/test1/yolov3/X선이물검출기(06.23_09.22)/2호기(2020.09.22)/SN77127_20200916_NgImage/002_20200916_122654(5).bmp,002_20200916_122654(5),.bmp,316,332,P,43cfdb92dc6d684f331ce6105617163c8c12441dc7246d8d7b51351a019fc543,2호기,136,False,True
4. X-ray 검사장비 AI 데이터셋/dataset/test1/yolov3/X선이물검출기(06.23_09.22)/2호기(2020.09.22)/SN77127_20200916_NgImage/002_20200916_122659(0).bmp,002_20200916_122659(0),.bmp,316,332,P,ecfa0dfa29d0fdc1013cd50fd5e208de5b06b8d2371afdd437279ba466bdfdd2,2호기,192,False,True
4. X-ray 검사장비 AI 데이터셋/dataset/test1/yolov3/X선이물검출기(06.23_09.22)/2호기(2020.09.22)/SN77127_20200916_NgImage/002_20200916_122703(5).bmp,002_20200916_122703(5),.bmp,316,332,P,6f65a8918fbd8fb4eeeae094eaddf567f05c6e15b202a5801f1e45a00cd15bd7,2호기,128,False,True
4. X-ray 검사장비 AI 데이터셋/dataset/test1/yolov3/X선이물검출기(06.23_09.22)/2호기(2020.09.22)/SN77127_20200916_NgImage/002_20200916_203132(4).bmp,002_20200916_203132(4),.bmp,316,332,P,1132c6bba9be751c65a46bf6e78ef626c7f33a9d920b36a7a44cf81e40b88081,2호기,136,False,True
4. X-ray 검사장비 AI 데이터셋/dataset/test1/yolov3/X선이물검출기(06.23_09.22)/2호기(2020.09.22)/SN77127_20200916_NgImage/002_20200916_203136(3).bmp,002_20200916_203136(3),.bmp,316,332,P,d9eaf58363ef87e7a1db7fe93f501e47b007fdb07626df56edecf712bf0d7134,2호기,128,False,True
4. X-ray 검사장비 AI 데이터셋/dataset/test1/yolov3/X선이물검출기(06.23_09.22)/2호기(2020.09.22)/SN77127_20200916_NgImage/002_20200916_203140(2).bmp,002_20200916_203140(2),.bmp,316,332,P,843fc9572d127ca5cce427d9b8a47648cbaab82c6f65f6a467ebed9bd752b135,2호기,128,False,True
4. X-ray 검사장비 AI 데이터셋/dataset/test1/yolov3/X선이물검출기(06.23_09.22)/2호기(2020.09.22)/SN77127_20200916_NgImage/002_20200916_203144(3).bmp,002_20200916_203144(3),.bmp,316,332,P,0db403fb80c5404ac7c5672b09d9f551ec0a748da123e0fe239df3f8c0c37b92,2호기,128,False,True
4. X-ray 검사장비 AI 데이터셋/dataset/test1/yolov3/X선이물검출기(06.23_09.22)/2호기(2020.09.22)/SN77127_20200916_NgImage/002_20200916_203148(2).bmp,002_20200916_203148(2),.bmp,316,332,P,3080d258c504d1186c0b380505f904d1965837f0607af14eacec35a535d55172,2호기,128,False,True
4. X-ray 검사장비 AI 데이터셋/dataset/test1/yolov3/X선이물검출기(06.23_09.22)/2호기(2020.09.22)/SN77127_20200916_NgImage/002_20200916_203152(3).bmp,002_20200916_203152(3),.bmp,316,332,P,c514a3531204f8d389bf712de45d03502aacb3dad484a071128103b7156debc8,2호기,128,False,True
4. X-ray 검사장비 AI 데이터셋/dataset/test1/yolov3/X선이물검출기(06.23_09.22)/2호기(2020.09.22)/SN77127_20200917_NgImage/002_20200916_203132(4).bmp,002_20200916_203132(4),.bmp,316,332,P,1132c6bba9be751c65a46bf6e78ef626c7f33a9d920b36a7a44cf81e40b88081,2호기,136,False,True
4. X-ray 검사장비 AI 데이터셋/dataset/test1/yolov3/X선이물검출기(06.23_09.22)/2호기(2020.09.22)/SN77127_20200917_NgImage/002_20200916_203136(3).bmp,002_20200916_203136(3),.bmp,316,332,P,d9eaf58363ef87e7a1db7fe93f501e47b007fdb07626df56edecf712bf0d7134,2호기,128,False,True
4. X-ray 검사장비 AI 데이터셋/dataset/test1/yolov3/X선이물검출기(06.23_09.22)/2호기(2020.09.22)/SN77127_20200917_NgImage/002_20200916_203140(2).bmp,002_20200916_203140(2),.bmp,316,332,P,843fc9572d127ca5cce427d9b8a47648cbaab82c6f65f6a467ebed9bd752b135,2호기,128,False,True
4. X-ray 검사장비 AI 데이터셋/dataset/test1/yolov3/X선이물검출기(06.23_09.22)/2호기(2020.09.22)/SN77127_20200917_NgImage/002_20200916_203144(3).bmp,002_20200916_203144(3),.bmp,316,332,P,0db403fb80c5404ac7c5672b09d9f551ec0a748da123e0fe239df3f8c0c37b92,2호기,128,False,True
4. X-ray 검사장비 AI 데이터셋/dataset/test1/yolov3/X선이물검출기(06.23_09.22)/2호기(2020.09.22)/SN77127_20200917_NgImage/002_20200916_203148(2).bmp,002_20200916_203148(2),.bmp,316,332,P,3080d258c504d1186c0b380505f904d1965837f0607af14eacec35a535d55172,2호기,128,False,True
4. X-ray 검사장비 AI 데이터셋/dataset/test1/yolov3/X선이물검출기(06.23_09.22)/2호기(2020.09.22)/SN77127_20200917_NgImage/002_20200916_203152(3).bmp,002_20200916_203152(3),.bmp,316,332,P,c514a3531204f8d389bf712de45d03502aacb3dad484a071128103b7156debc8,2호기,128,False,True
4. X-ray 검사장비 AI 데이터셋/dataset/test1/yolov3/X선이물검출기(06.23_09.22)/2호기(2020.09.22)/SN77127_20200917_NgImage/002_20200917_003224(9).bmp,002_20200917_003224(9),.bmp,316,332,P,c272c185ee76846c325d4b7c64daff670efed8d92eda445e87050b860ef078b7,2호기,128,False,True
4. X-ray 검사장비 AI 데이터셋/dataset/test1/yolov3/X선이물검출기(06.23_09.22)/2호기(2020.09.22)/SN77127_20200917_NgImage/002_20200917_003228(7).bmp,002_20200917_003228(7),.bmp,316,332,P,1f545885c2f32a262f449bc856b5317fc408765195a4a2ebf71f9209cbbf0bde,2호기,128,False,True
4. X-ray 검사장비 AI 데이터셋/dataset/test1/yolov3/X선이물검출기(06.23_09.22)/2호기(2020.09.22)/SN77127_20200917_NgImage/002_20200917_003234(6).bmp,002_20200917_003234(6),.bmp,316,332,P,5e93b51c34fdffddad88dd5f890684880b006f5ee781f49f74ed78b8d78bdc7f,2호기,144,False,True
4. X-ray 검사장비 AI 데이터셋/dataset/test1/yolov3/X선이물검출기(06.23_09.22)/2호기(2020.09.22)/SN77127_20200917_NgImage/002_20200917_003238(7).bmp,002_20200917_003238(7),.bmp,316,332,P,d981e6741b9fa56e9999c73cddeb7f5a7296256540f5c6031228bf0546e11e9f,2호기,144,False,True
4. X-ray 검사장비 AI 데이터셋/dataset/test1/yolov3/X선이물검출기(06.23_09.22)/2호기(2020.09.22)/SN77127_20200917_NgImage/002_20200917_003242(7).bmp,002_20200917_003242(7),.bmp,316,332,P,9c9d38a8dc0052cc12f16ac87c6354a8478169db578b981dd67da52544124ae1,2호기,136,False,True
4. X-ray 검사장비 AI 데이터셋/dataset/test1/yolov3/X선이물검출기(06.23_09.22)/2호기(2020.09.22)/SN77127_20200917_NgImage/002_20200917_003246(7).bmp,002_20200917_003246(7),.bmp,316,332,P,5453e33655ddb19fa7a6811f77d674dac69b94f3f0247bb4b142af499d3de88f,2호기,136,False,True
4. X-ray 검사장비 AI 데이터셋/dataset/test1/yolov3/X선이물검출기(06.23_09.22)/2호기(2020.09.22)/SN77127_20200917_NgImage/002_20200917_043058(6).bmp,002_20200917_043058(6),.bmp,316,332,P,8aa0674da1f8dbe82c601a480418e61da440b7192890e5e86259fbc1812652af,2호기,128,False,True
4. X-ray 검사장비 AI 데이터셋/dataset/test1/yolov3/X선이물검출기(06.23_09.22)/2호기(2020.09.22)/SN77127_20200917_NgImage/002_20200917_043102(6).bmp,002_20200917_043102(6),.bmp,316,332,P,655207ca8a65d97ac311262584c3b7356fb6c481e3e23d419d690565ce2ae124,2호기,136,False,True
4. X-ray 검사장비 AI 데이터셋/dataset/test1/yolov3/X선이물검출기(06.23_09.22)/2호기(2020.09.22)/SN77127_20200917_NgImage/002_20200917_043106(5).bmp,002_20200917_043106(5),.bmp,316,332,P,5b1fba173fda5fedbdb16253200034cd759bc087d42834d2c710d822f7b29e61,2호기,128,False,True
4. X-ray 검사장비 AI 데이터셋/dataset/test1/yolov3/X선이물검출기(06.23_09.22)/2호기(2020.09.22)/SN77127_20200917_NgImage/002_20200917_043110(7).bmp,002_20200917_043110(7),.bmp,316,332,P,e7eee0299dd67b16d2baa3ec9a12b74b5db74f613068aa809534f6bb3618d4ae,2호기,184,False,True
4. X-ray 검사장비 AI 데이터셋/dataset/test1/yolov3/X선이물검출기(06.23_09.22)/2호기(2020.09.22)/SN77127_20200917_NgImage/002_20200917_043114(6).bmp,002_20200917_043114(6),.bmp,316,332,P,eb35de5e7921f385a4d5df19878d1d929dbf6a7fb5d3b648c072132171a83453,2호기,136,False,True
4. X-ray 검사장비 AI 데이터셋/dataset/test1/yolov3/X선이물검출기(06.23_09.22)/2호기(2020.09.22)/SN77127_20200917_NgImage/002_20200917_043118(5).bmp,002_20200917_043118(5),.bmp,316,332,P,3cf2ffefad537ea8e307d5c4fca4a08ab51afbf22c73418041c39c68755ba3e4,2호기,128,False,True
4. X-ray 검사장비 AI 데이터셋/dataset/test1/yolov3/X선이물검출기(06.23_09.22)/2호기(2020.09.22)/SN77127_20200917_NgImage/002_20200917_083825(7).bmp,002_20200917_083825(7),.bmp,316,332,P,4ad5a2580ee38176a4880345d276df3f44638ea01b2f6a12d5b0d691a7c867f0,2호기,136,False,True
4. X-ray 검사장비 AI 데이터셋/dataset/test1/yolov3/X선이물검출기(06.23_09.22)/2호기(2020.09.22)/SN77127_20200917_NgImage/002_20200917_083829(7).bmp,002_20200917_083829(7),.bmp,316,332,P,adaa9acd4ddb07fbb46ee77ddfb58366d1637fe0c63d50258a9e9e2844b6903d,2호기,128,False,True
4. X-ray 검사장비 AI 데이터셋/dataset/test1/yolov3/X선이물검출기(06.23_09.22)/2호기(2020.09.22)/SN77127_20200917_NgImage/002_20200917_083833(6).bmp,002_20200917_083833(6),.bmp,316,332,P,ca000fd5712ed344ebb8c6b6b51ccb00d4ee89fbee064cd662208870dff2e669,2호기,128,False,True
4. X-ray 검사장비 AI 데이터셋/dataset/test1/yolov3/X선이물검출기(06.23_09.22)/2호기(2020.09.22)/SN77127_20200917_NgImage/002_20200917_083836(7).bmp,002_20200917_083836(7),.bmp,316,332,P,663ba68f8fa0842687555b9c381f9ac36546341578296f5689940885a909ae4e,2호기,128,False,True
4. X-ray 검사장비 AI 데이터셋/dataset/test1/yolov3/X선이물검출기(06.23_09.22)/2호기(2020.09.22)/SN77127_20200917_NgImage/002_20200917_083840(1).bmp,002_20200917_083840(1),.bmp,316,332,P,a24391be9fbbb071b2a2c28a237f11312cfc78c31f9392edbbf8b6bfef9130f6,2호기,136,False,True
4. X-ray 검사장비 AI 데이터셋/dataset/test1/yolov3/X선이물검출기(06.23_09.22)/2호기(2020.09.22)/SN77127_20200917_NgImage/002_20200917_083843(4).bmp,002_20200917_083843(4),.bmp,316,332,P,7a5c61695c939c84238de247bdf1543dc09ee3120d71be47dd2945f511589a3d,2호기,136,False,True
4. X-ray 검사장비 AI 데이터셋/dataset/test1/yolov3/X선이물검출기(06.23_09.22)/2호기(2020.09.22)/SN77127_20200917_NgImage/002_20200917_123114(9).bmp,002_20200917_123114(9),.bmp,316,332,P,a5432cb7cd39bb1bbd6b972483ccce890bfecd9130204ebd7c4c1657e95da831,2호기,136,False,True
4. X-ray 검사장비 AI 데이터셋/dataset/test1/yolov3/X선이물검출기(06.23_09.22)/2호기(2020.09.22)/SN77127_20200917_NgImage/002_20200917_123118(9).bmp,002_20200917_123118(9),.bmp,316,332,P,e23cfad9fdae55455dafeff725cde35a5771e3f683bc9aca22bbcb336841f204,2호기,128,False,True
4. X-ray 검사장비 AI 데이터셋/dataset/test1/yolov3/X선이물검출기(06.23_09.22)/2호기(2020.09.22)/SN77127_20200917_NgImage/002_20200917_123122(9).bmp,002_20200917_123122(9),.bmp,316,332,P,2b0eee00993cb65301c7eed420041305ea539d4f4d9df79211901ae74a977aba,2호기,136,False,True
4. X-ray 검사장비 AI 데이터셋/dataset/test1/yolov3/X선이물검출기(06.23_09.22)/2호기(2020.09.22)/SN77127_20200917_NgImage/002_20200917_123126(9).bmp,002_20200917_123126(9),.bmp,316,332,P,ea77b7d6869cd6737c960e9455e4ef5ddd900f0c47a8e0ec7655bac5f769aa12,2호기,128,False,True
4. X-ray 검사장비 AI 데이터셋/dataset/test1/yolov3/X선이물검출기(06.23_09.22)/2호기(2020.09.22)/SN77127_20200917_NgImage/002_20200917_123130(9).bmp,002_20200917_123130(9),.bmp,316,332,P,855c58d80fb8465ff35a38b0c40d530533b03ba60e30c2715bfce9e49a6ec4fe,2호기,128,False,True
4. X-ray 검사장비 AI 데이터셋/dataset/test1/yolov3/X선이물검출기(06.23_09.22)/2호기(2020.09.22)/SN77127_20200917_NgImage/002_20200917_123135(0).bmp,002_20200917_123135(0),.bmp,316,332,P,7ce390e37e0d57f25f5585d07a0db089b3220908896d34678eb7a4bbaf9d72e8,2호기,144,False,True
4. X-ray 검사장비 AI 데이터셋/dataset/test1/yolov3/X선이물검출기(06.23_09.22)/2호기(2020.09.22)/SN77127_20200917_NgImage/002_20200917_162827(5).bmp,002_20200917_162827(5),.bmp,316,332,P,97bfd0a6229f3759a224573d2593a79d4f143e51a880287f3f19f106928d6220,2호기,136,False,True
4. X-ray 검사장비 AI 데이터셋/dataset/test1/yolov3/X선이물검출기(06.23_09.22)/2호기(2020.09.22)/SN77127_20200917_NgImage/002_20200917_162841(6).bmp,002_20200917_162841(6),.bmp,316,332,P,af1c6e71b323de55c72a90237301f9cc9a59d8cb9e8e1c416f3198cfb573b15f,2호기,136,False,True
4. X-ray 검사장비 AI 데이터셋/dataset/test1/yolov3/X선이물검출기(06.23_09.22)/2호기(2020.09.22)/SN77127_20200917_NgImage/002_20200917_162845(6).bmp,002_20200917_162845(6),.bmp,316,332,P,00094d5159289a26c4cb0bea1fe00a9f64b3819eba0d98358779020396347305,2호기,136,False,True
4. X-ray 검사장비 AI 데이터셋/dataset/test1/yolov3/X선이물검출기(06.23_09.22)/2호기(2020.09.22)/SN77127_20200917_NgImage/002_20200917_162851(6).bmp,002_20200917_162851(6),.bmp,316,332,P,555fb84f63d7a9f71f5bbc5cb7fe8fe3b06115babf37b7913059189a9033ea97,2호기,136,False,True
4. X-ray 검사장비 AI 데이터셋/dataset/test1/yolov3/X선이물검출기(06.23_09.22)/2호기(2020.09.22)/SN77127_20200917_NgImage/002_20200917_162855(9).bmp,002_20200917_162855(9),.bmp,316,332,P,7523dedece76bd71a1f5ac0ed49535e403c7f8225672551a25ffbdf75583596c,2호기,128,False,True
4. X-ray 검사장비 AI 데이터셋/dataset/test1/yolov3/X선이물검출기(06.23_09.22)/2호기(2020.09.22)/SN77127_20200917_NgImage/002_20200917_162859(9).bmp,002_20200917_162859(9),.bmp,316,332,P,cb0da7e08e0238d7f7339ec4b3e9026eeba276d2604688574c94f1b402092ccc,2호기,144,False,True
4. X-ray 검사장비 AI 데이터셋/dataset/test1/yolov3/X선이물검출기(06.23_09.22)/2호기(2020.09.22)/SN77127_20200917_NgImage/002_20200917_203038(6).bmp,002_20200917_203038(6),.bmp,316,332,P,dae9b116a7be9022676fb06e8479ae6a124f7da90ad87672468436988f3ea6aa,2호기,128,False,True
4. X-ray 검사장비 AI 데이터셋/dataset/test1/yolov3/X선이물검출기(06.23_09.22)/2호기(2020.09.22)/SN77127_20200917_NgImage/002_20200917_203042(6).bmp,002_20200917_203042(6),.bmp,316,332,P,cc55162e874284dba1463e4907356a7fffeec6f118e0224112cc232e0ba7bf47,2호기,128,False,True
4. X-ray 검사장비 AI 데이터셋/dataset/test1/yolov3/X선이물검출기(06.23_09.22)/2호기(2020.09.22)/SN77127_20200917_NgImage/002_20200917_203046(7).bmp,002_20200917_203046(7),.bmp,316,332,P,a62a352093c67db87e3d92d0ff51596db9d0592bcf22ce7da7453b953f3c1fba,2호기,136,False,True
4. X-ray 검사장비 AI 데이터셋/dataset/test1/yolov3/X선이물검출기(06.23_09.22)/2호기(2020.09.22)/SN77127_20200917_NgImage/002_20200917_203050(7).bmp,002_20200917_203050(7),.bmp,316,332,P,5cdd61a87116dc3da016da111117abe74e635160218fa4bfc2e4259472521e14,2호기,136,False,True
4. X-ray 검사장비 AI 데이터셋/dataset/test1/yolov3/X선이물검출기(06.23_09.22)/2호기(2020.09.22)/SN77127_20200917_NgImage/002_20200917_203054(5).bmp,002_20200917_203054(5),.bmp,316,332,P,67373bb073784670b96861c6a7d20f301790464e72304252192557c1394ae924,2호기,128,False,True
4. X-ray 검사장비 AI 데이터셋/dataset/test1/yolov3/X선이물검출기(06.23_09.22)/2호기(2020.09.22)/SN77127_20200917_NgImage/002_20200917_203058(6).bmp,002_20200917_203058(6),.bmp,316,332,P,a22566b64a127f83902bf9ffe97dcb226cb67a780222e69b4f69496e22ee4483,2호기,136,False,True
4. X-ray 검사장비 AI 데이터셋/dataset/test1/yolov3/X선이물검출기(06.23_09.22)/2호기(2020.09.22)/SN77127_20200918_NgImage/002_20200917_203038(6).bmp,002_20200917_203038(6),.bmp,316,332,P,dae9b116a7be9022676fb06e8479ae6a124f7da90ad87672468436988f3ea6aa,2호기,128,False,True
4. X-ray 검사장비 AI 데이터셋/dataset/test1/yolov3/X선이물검출기(06.23_09.22)/2호기(2020.09.22)/SN77127_20200918_NgImage/002_20200917_203042(6).bmp,002_20200917_203042(6),.bmp,316,332,P,cc55162e874284dba1463e4907356a7fffeec6f118e0224112cc232e0ba7bf47,2호기,128,False,True
4. X-ray 검사장비 AI 데이터셋/dataset/test1/yolov3/X선이물검출기(06.23_09.22)/2호기(2020.09.22)/SN77127_20200918_NgImage/002_20200917_203046(7).bmp,002_20200917_203046(7),.bmp,316,332,P,a62a352093c67db87e3d92d0ff51596db9d0592bcf22ce7da7453b953f3c1fba,2호기,136,False,True
4. X-ray 검사장비 AI 데이터셋/dataset/test1/yolov3/X선이물검출기(06.23_09.22)/2호기(2020.09.22)/SN77127_20200918_NgImage/002_20200917_203050(7).bmp,002_20200917_203050(7),.bmp,316,332,P,5cdd61a87116dc3da016da111117abe74e635160218fa4bfc2e4259472521e14,2호기,136,False,True
4. X-ray 검사장비 AI 데이터셋/dataset/test1/yolov3/X선이물검출기(06.23_09.22)/2호기(2020.09.22)/SN77127_20200918_NgImage/002_20200917_203054(5).bmp,002_20200917_203054(5),.bmp,316,332,P,67373bb073784670b96861c6a7d20f301790464e72304252192557c1394ae924,2호기,128,False,True
4. X-ray 검사장비 AI 데이터셋/dataset/test1/yolov3/X선이물검출기(06.23_09.22)/2호기(2020.09.22)/SN77127_20200918_NgImage/002_20200917_203058(6).bmp,002_20200917_203058(6),.bmp,316,332,P,a22566b64a127f83902bf9ffe97dcb226cb67a780222e69b4f69496e22ee4483,2호기,136,False,True
4. X-ray 검사장비 AI 데이터셋/dataset/test1/yolov3/X선이물검출기(06.23_09.22)/2호기(2020.09.22)/SN77127_20200918_NgImage/002_20200918_003519(6).bmp,002_20200918_003519(6),.bmp,316,332,P,e18f8ae5c42ac9138769343896c466f0f7b2f0087096ae2fe9389608ed7505f5,2호기,144,False,True
4. X-ray 검사장비 AI 데이터셋/dataset/test1/yolov3/X선이물검출기(06.23_09.22)/2호기(2020.09.22)/SN77127_20200918_NgImage/002_20200918_003523(4).bmp,002_20200918_003523(4),.bmp,316,332,P,58075dc83f1b82bb0c58b17012c89043cc2947119c138e1553fa072fc9fe7226,2호기,136,False,True
4. X-ray 검사장비 AI 데이터셋/dataset/test1/yolov3/X선이물검출기(06.23_09.22)/2호기(2020.09.22)/SN77127_20200918_NgImage/002_20200918_003527(3).bmp,002_20200918_003527(3),.bmp,316,332,P,4a14dc2bb18c786d9b04183a5eb18f5d4b18083a876d1935e7956a22ae16b6c7,2호기,144,False,True
4. X-ray 검사장비 AI 데이터셋/dataset/test1/yolov3/X선이물검출기(06.23_09.22)/2호기(2020.09.22)/SN77127_20200918_NgImage/002_20200918_003531(2).bmp,002_20200918_003531(2),.bmp,316,332,P,7afbd594f0c8f2969bb536544193fda1cfba82825a6ae6a4bddd37ed7895efb4,2호기,128,False,True
4. X-ray 검사장비 AI 데이터셋/dataset/test1/yolov3/X선이물검출기(06.23_09.22)/2호기(2020.09.22)/SN77127_20200918_NgImage/002_20200918_003535(0).bmp,002_20200918_003535(0),.bmp,316,332,P,4a42c7a915a4c63ec286929e6eee2cc8c747cd61c723f681234ebb5944b7e6d6,2호기,128,False,True
4. X-ray 검사장비 AI 데이터셋/dataset/test1/yolov3/X선이물검출기(06.23_09.22)/2호기(2020.09.22)/SN77127_20200918_NgImage/002_20200918_003538(9).bmp,002_20200918_003538(9),.bmp,316,332,P,3a8c0940869a7e34f47f49e8f19c43166423978edb12788c786e7933ef38629d,2호기,128,False,True
4. X-ray 검사장비 AI 데이터셋/dataset/test1/yolov3/X선이물검출기(06.23_09.22)/2호기(2020.09.22)/SN77127_20200918_NgImage/002_20200918_043323(0).bmp,002_20200918_043323(0),.bmp,316,332,P,31311d248f3c8a39b40359bdcf39d36cee30455286b8531d6e73a1bc26812733,2호기,144,False,True
4. X-ray 검사장비 AI 데이터셋/dataset/test1/yolov3/X선이물검출기(06.23_09.22)/2호기(2020.09.22)/SN77127_20200918_NgImage/002_20200918_043326(6).bmp,002_20200918_043326(6),.bmp,316,332,P,4004db214637cf336b8d0823c4c38b260c98ac25168ec312256df60e54a590db,2호기,136,False,True
4. X-ray 검사장비 AI 데이터셋/dataset/test1/yolov3/X선이물검출기(06.23_09.22)/2호기(2020.09.22)/SN77127_20200918_NgImage/002_20200918_043330(5).bmp,002_20200918_043330(5),.bmp,316,332,P,841fe7913d7bc5d263dd80b074c25ac72a297ec30951afc0b1a98fa85cf9c045,2호기,144,False,True
4. X-ray 검사장비 AI 데이터셋/dataset/test1/yolov3/X선이물검출기(06.23_09.22)/2호기(2020.09.22)/SN77127_20200918_NgImage/002_20200918_043334(3).bmp,002_20200918_043334(3),.bmp,316,332,P,62b122880438a1d41011bf48fca6109393a6f91acdb937a6e64151cf85fde46d,2호기,136,False,True
4. X-ray 검사장비 AI 데이터셋/dataset/test1/yolov3/X선이물검출기(06.23_09.22)/2호기(2020.09.22)/SN77127_20200918_NgImage/002_20200918_043338(2).bmp,002_20200918_043338(2),.bmp,316,332,P,97d2f93414ee2975ebdad8820bcc62e7c4573ab2850f797cb93df8f5c6961abd,2호기,128,False,True
4. X-ray 검사장비 AI 데이터셋/dataset/test1/yolov3/X선이물검출기(06.23_09.22)/2호기(2020.09.22)/SN77127_20200918_NgImage/002_20200918_043342(2).bmp,002_20200918_043342(2),.bmp,316,332,P,e57930e11868c030569cd6a8011a54e7ac659cb16565c4849a46b2278b0b91dd,2호기,184,False,True
4. X-ray 검사장비 AI 데이터셋/dataset/test1/yolov3/X선이물검출기(06.23_09.22)/2호기(2020.09.22)/SN77127_20200918_NgImage/002_20200918_083026(0).bmp,002_20200918_083026(0),.bmp,316,332,P,312a09b05e9be01cd292b65858e20cc6389ecb25814d375e15a44eef339bcb52,2호기,128,False,True
4. X-ray 검사장비 AI 데이터셋/dataset/test1/yolov3/X선이물검출기(06.23_09.22)/2호기(2020.09.22)/SN77127_20200918_NgImage/002_20200918_083029(4).bmp,002_20200918_083029(4),.bmp,316,332,P,60086552ea9ae9e6f1ee5d19a285b1ce2c819e3e7471c60bdc275b082e2cdabf,2호기,136,False,True
4. X-ray 검사장비 AI 데이터셋/dataset/test1/yolov3/X선이물검출기(06.23_09.22)/2호기(2020.09.22)/SN77127_20200918_NgImage/002_20200918_083033(4).bmp,002_20200918_083033(4),.bmp,316,332,P,9011eef5731adc1b45771d3c90e5afd51c3ee80949a5986416e38f1413899d75,2호기,128,False,True
4. X-ray 검사장비 AI 데이터셋/dataset/test1/yolov3/X선이물검출기(06.23_09.22)/2호기(2020.09.22)/SN77127_20200918_NgImage/002_20200918_083037(6).bmp,002_20200918_083037(6),.bmp,316,332,P,840306f3cbbdf759c7621eb885094e1c1e68e55c4ce06089ea282188ce72c71a,2호기,136,False,True
4. X-ray 검사장비 AI 데이터셋/dataset/test1/yolov3/X선이물검출기(06.23_09.22)/2호기(2020.09.22)/SN77127_20200918_NgImage/002_20200918_083041(4).bmp,002_20200918_083041(4),.bmp,316,332,P,5112c3e1e65baed16e7874d8ea394410e623f8e526ac092bc56971b230ef3405,2호기,128,False,True
4. X-ray 검사장비 AI 데이터셋/dataset/test1/yolov3/X선이물검출기(06.23_09.22)/2호기(2020.09.22)/SN77127_20200918_NgImage/002_20200918_083045(4).bmp,002_20200918_083045(4),.bmp,316,332,P,a01fd59c9ac00d22a9026eef642c16ef011384103299c526e88cb62e33b374d6,2호기,136,False,True
4. X-ray 검사장비 AI 데이터셋/dataset/test1/yolov3/X선이물검출기(06.23_09.22)/2호기(2020.09.22)/SN77127_20200918_NgImage/002_20200918_123100(6).bmp,002_20200918_123100(6),.bmp,316,332,P,49799fd13e572f365a0d09a643e424f9d2ecca7879d6f92f94c06fd33015d0f6,2호기,128,False,True
4. X-ray 검사장비 AI 데이터셋/dataset/test1/yolov3/X선이물검출기(06.23_09.22)/2호기(2020.09.22)/SN77127_20200918_NgImage/002_20200918_123104(6).bmp,002_20200918_123104(6),.bmp,316,332,P,b66a44fda8d3930328b7375455513e3e90260188bbee7c695ea8f46bc5672453,2호기,128,False,True
4. X-ray 검사장비 AI 데이터셋/dataset/test1/yolov3/X선이물검출기(06.23_09.22)/2호기(2020.09.22)/SN77127_20200918_NgImage/002_20200918_123108(7).bmp,002_20200918_123108(7),.bmp,316,332,P,1003083a58c6039dba41263f0ad7b1df6d278fe4e6b61c95f7370013053fd095,2호기,136,False,True
4. X-ray 검사장비 AI 데이터셋/dataset/test1/yolov3/X선이물검출기(06.23_09.22)/2호기(2020.09.22)/SN77127_20200918_NgImage/002_20200918_123112(8).bmp,002_20200918_123112(8),.bmp,316,332,P,7a34138790a7d16713bb06ca1dfcbdb944848e5f9d30d03bbd428b029f1acdd2,2호기,128,False,True
4. X-ray 검사장비 AI 데이터셋/dataset/test1/yolov3/X선이물검출기(06.23_09.22)/2호기(2020.09.22)/SN77127_20200918_NgImage/002_20200918_123116(5).bmp,002_20200918_123116(5),.bmp,316,332,P,6cc0262e26b10af76ed2a0efa13f7cc619b009dd8e82b8117801cf7b50dbcc59,2호기,128,False,True
4. X-ray 검사장비 AI 데이터셋/dataset/test1/yolov3/X선이물검출기(06.23_09.22)/2호기(2020.09.22)/SN77127_20200918_NgImage/002_20200918_123120(6).bmp,002_20200918_123120(6),.bmp,316,332,P,d472b7c175f8f817493c1a58276fc1aadc1da341fcce87a4e13fdfc4e05365ba,2호기,136,False,True
4. X-ray 검사장비 AI 데이터셋/dataset/test1/yolov3/X선이물검출기(06.23_09.22)/2호기(2020.09.22)/SN77127_20200918_NgImage/002_20200918_163058(9).bmp,002_20200918_163058(9),.bmp,316,332,P,f6cc353da003f747a7c24fbbfbc47f8d5086f33858442126c424c6b482930e78,2호기,136,False,True
4. X-ray 검사장비 AI 데이터셋/dataset/test1/yolov3/X선이물검출기(06.23_09.22)/2호기(2020.09.22)/SN77127_20200918_NgImage/002_20200918_163102(9).bmp,002_20200918_163102(9),.bmp,316,332,P,89b65f7d59327228802d9f06dff2709e3b060b4e673d66833038f4fc3f1628a0,2호기,136,False,True
4. X-ray 검사장비 AI 데이터셋/dataset/test1/yolov3/X선이물검출기(06.23_09.22)/2호기(2020.09.22)/SN77127_20200918_NgImage/002_20200918_163106(9).bmp,002_20200918_163106(9),.bmp,316,332,P,6b022ae86e49e339ab2d9d9a6ef18a0a6c42429e7b19ae9b744a2a9893e2f18f,2호기,136,False,True
4. X-ray 검사장비 AI 데이터셋/dataset/test1/yolov3/X선이물검출기(06.23_09.22)/2호기(2020.09.22)/SN77127_20200918_NgImage/002_20200918_163110(9).bmp,002_20200918_163110(9),.bmp,316,332,P,b9b8820c930172e75fff3a672b65121083e494b6cd3d4a9e071b46462fcd0f1f,2호기,144,False,True
4. X-ray 검사장비 AI 데이터셋/dataset/test1/yolov3/X선이물검출기(06.23_09.22)/2호기(2020.09.22)/SN77127_20200918_NgImage/002_20200918_163114(8).bmp,002_20200918_163114(8),.bmp,316,332,P,5c7c09666f088514a632190200fa7d3714461e88e874667a7a16a4fc15569700,2호기,128,False,True
4. X-ray 검사장비 AI 데이터셋/dataset/test1/yolov3/X선이물검출기(06.23_09.22)/2호기(2020.09.22)/SN77127_20200918_NgImage/002_20200918_163118(7).bmp,002_20200918_163118(7),.bmp,316,332,P,0fde88cd47acd9de3cad2ed1db865e8ae99979195e0e638e853bcac7a2f1b018,2호기,128,False,True
4. X-ray 검사장비 AI 데이터셋/dataset/test1/yolov3/X선이물검출기(06.23_09.22)/2호기(2020.09.22)/SN77127_20200921_NgImage/002_20200921_111920(1).bmp,002_20200921_111920(1),.bmp,316,332,P,d758f7099d95457647f9637316581b4b9337394c782caa7d472a41162975c96c,2호기,128,False,True
4. X-ray 검사장비 AI 데이터셋/dataset/test1/yolov3/X선이물검출기(06.23_09.22)/2호기(2020.09.22)/SN77127_20200921_NgImage/002_20200921_111923(3).bmp,002_20200921_111923(3),.bmp,316,332,P,c291db44462421e07cb9b9ad2a6ac8cebe038493f348415f2008b549f1e14510,2호기,136,False,True
4. X-ray 검사장비 AI 데이터셋/dataset/test1/yolov3/X선이물검출기(06.23_09.22)/2호기(2020.09.22)/SN77127_20200921_NgImage/002_20200921_111926(6).bmp,002_20200921_111926(6),.bmp,316,332,P,da0efe3b26d2dc248f1e93f267889fa173ea610cdf9878826f835d48429665c3,2호기,136,False,True
4. X-ray 검사장비 AI 데이터셋/dataset/test1/yolov3/X선이물검출기(06.23_09.22)/2호기(2020.09.22)/SN77127_20200921_NgImage/002_20200921_111930(0).bmp,002_20200921_111930(0),.bmp,316,332,P,498168a1f25af88b23b6135a933647f244168fdb449b225b65f2dbb415e3c6b0,2호기,136,False,True
4. X-ray 검사장비 AI 데이터셋/dataset/test1/yolov3/X선이물검출기(06.23_09.22)/2호기(2020.09.22)/SN77127_20200921_NgImage/002_20200921_111933(1).bmp,002_20200921_111933(1),.bmp,316,332,P,5895f381d513fd86307d7e0c0aefa28b8ac7e7289a417c0aaa7b2c0731da75aa,2호기,136,False,True
4. X-ray 검사장비 AI 데이터셋/dataset/test1/yolov3/X선이물검출기(06.23_09.22)/2호기(2020.09.22)/SN77127_20200921_NgImage/002_20200921_111936(2).bmp,002_20200921_111936(2),.bmp,316,332,P,001e617acc20979062cedc15dd2125abe5917d1a6276bf43ec7f55e53a6a78c0,2호기,128,False,True
4. X-ray 검사장비 AI 데이터셋/dataset/test1/yolov3/X선이물검출기(06.23_09.22)/2호기(2020.09.22)/SN77127_20200921_NgImage/002_20200921_123149(8).bmp,002_20200921_123149(8),.bmp,316,332,P,d26cd0fb99951633ccac09acd76c60dffe0e0db78cdc31a82aab6e311ba64cfb,2호기,128,False,True
4. X-ray 검사장비 AI 데이터셋/dataset/test1/yolov3/X선이물검출기(06.23_09.22)/2호기(2020.09.22)/SN77127_20200921_NgImage/002_20200921_123152(7).bmp,002_20200921_123152(7),.bmp,316,332,P,543211fc83390ec0a363c1ef41ef508a1db8b5870f1cc25169c70abe67fa076c,2호기,128,False,True
4. X-ray 검사장비 AI 데이터셋/dataset/test1/yolov3/X선이물검출기(06.23_09.22)/2호기(2020.09.22)/SN77127_20200921_NgImage/002_20200921_123155(7).bmp,002_20200921_123155(7),.bmp,316,332,P,00ac740e1014f61d65b5547947b8361fc72353db1f500f84264eea646b645ec5,2호기,128,False,True
4. X-ray 검사장비 AI 데이터셋/dataset/test1/yolov3/X선이물검출기(06.23_09.22)/2호기(2020.09.22)/SN77127_20200921_NgImage/002_20200921_123158(9).bmp,002_20200921_123158(9),.bmp,316,332,P,8c21c748a67d1f0268b4c36b0e06c07ddfb8493095f8966c43753c9a54f34efa,2호기,128,False,True
4. X-ray 검사장비 AI 데이터셋/dataset/test1/yolov3/X선이물검출기(06.23_09.22)/2호기(2020.09.22)/SN77127_20200921_NgImage/002_20200921_123201(8).bmp,002_20200921_123201(8),.bmp,316,332,P,9d2b24c800b4ef12d1d6bac4f385b1206f2538e0b5d9e077579e4bbd513356cd,2호기,128,False,True
4. X-ray 검사장비 AI 데이터셋/dataset/test1/yolov3/X선이물검출기(06.23_09.22)/2호기(2020.09.22)/SN77127_20200921_NgImage/002_20200921_123207(6).bmp,002_20200921_123207(6),.bmp,316,332,P,197efb354e3b802e1347940cbdb7e1c5b94ed7d2d9d334f2c4440b39270721d4,2호기,128,False,True
4. X-ray 검사장비 AI 데이터셋/dataset/test1/yolov3/X선이물검출기(06.23_09.22)/2호기(2020.09.22)/SN77127_20200921_NgImage/002_20200921_163038(3).bmp,002_20200921_163038(3),.bmp,316,332,P,0f54724eba8baafea7dc84a7af153962d0e9fad3ffa25ea7596978f30fd789db,2호기,128,False,True
4. X-ray 검사장비 AI 데이터셋/dataset/test1/yolov3/X선이물검출기(06.23_09.22)/2호기(2020.09.22)/SN77127_20200921_NgImage/002_20200921_163042(3).bmp,002_20200921_163042(3),.bmp,316,332,P,9b3d0bdd7cddb5c4931cd28fe9b46c13c55d7db2b477124f2669ca11dc3a4e68,2호기,128,False,True
4. X-ray 검사장비 AI 데이터셋/dataset/test1/yolov3/X선이물검출기(06.23_09.22)/2호기(2020.09.22)/SN77127_20200921_NgImage/002_20200921_163045(4).bmp,002_20200921_163045(4),.bmp,316,332,P,810b9a698d20a769fa42c37ac343984c68887d17775b7eff71ab5b3c76550b9b,2호기,128,False,True
4. X-ray 검사장비 AI 데이터셋/dataset/test1/yolov3/X선이물검출기(06.23_09.22)/2호기(2020.09.22)/SN77127_20200921_NgImage/002_20200921_163049(6).bmp,002_20200921_163049(6),.bmp,316,332,P,db9ad7fa7198a0a8e02d578c56c8b974e42a714b25e4c7a34963fc8c050bf1b3,2호기,136,False,True
4. X-ray 검사장비 AI 데이터셋/dataset/test1/yolov3/X선이물검출기(06.23_09.22)/2호기(2020.09.22)/SN77127_20200921_NgImage/002_20200921_163052(5).bmp,002_20200921_163052(5),.bmp,316,332,P,e07fd7b65672f7e2f7bda9abda4a7b45d1ec0df06aaa84842ef3f069862623a8,2호기,128,False,True
4. X-ray 검사장비 AI 데이터셋/dataset/test1/yolov3/X선이물검출기(06.23_09.22)/2호기(2020.09.22)/SN77127_20200921_NgImage/002_20200921_163055(5).bmp,002_20200921_163055(5),.bmp,316,332,P,a50d845ddf93e8d54e1a926a1a1fd621fadc8f3cf748da1eb94a430c422dd79b,2호기,128,False,True
4. X-ray 검사장비 AI 데이터셋/dataset/test1/yolov3/X선이물검출기(06.23_09.22)/2호기(2020.09.22)/SN77127_20200921_NgImage/002_20200921_202239(4).bmp,002_20200921_202239(4),.bmp,316,332,P,47a528f8ab0744e75d3ec6b5b1897eaa248f964bbc742a7b67613a321b3f6e68,2호기,144,False,True
4. X-ray 검사장비 AI 데이터셋/dataset/test1/yolov3/X선이물검출기(06.23_09.22)/2호기(2020.09.22)/SN77127_20200921_NgImage/002_20200921_202244(0).bmp,002_20200921_202244(0),.bmp,316,332,P,78914f3fbce7534bd6b6b2b9ad27b51e56be5c85588746addb9b80e787e07409,2호기,144,False,True
4. X-ray 검사장비 AI 데이터셋/dataset/test1/yolov3/X선이물검출기(06.23_09.22)/2호기(2020.09.22)/SN77127_20200921_NgImage/002_20200921_202248(6).bmp,002_20200921_202248(6),.bmp,316,332,P,dd576a8425827e2a9a03633db08f9f46972d383a3e3c0d6271235c6cd251ab44,2호기,192,False,True
4. X-ray 검사장비 AI 데이터셋/dataset/test1/yolov3/X선이물검출기(06.23_09.22)/2호기(2020.09.22)/SN77127_20200921_NgImage/002_20200921_202253(0).bmp,002_20200921_202253(0),.bmp,316,332,P,5454b0c84b6b86516f8c12fb5eec48bf8e27a61b3b1b2a87e3d5321485926bb2,2호기,128,False,True
4. X-ray 검사장비 AI 데이터셋/dataset/test1/yolov3/X선이물검출기(06.23_09.22)/2호기(2020.09.22)/SN77127_20200921_NgImage/002_20200921_202257(4).bmp,002_20200921_202257(4),.bmp,316,332,P,8dc50fec0c6c4fb268252add0d4f6e31699b64632cd1659097b8a8d116594066,2호기,128,False,True
4. X-ray 검사장비 AI 데이터셋/dataset/test1/yolov3/X선이물검출기(06.23_09.22)/2호기(2020.09.22)/SN77127_20200921_NgImage/002_20200921_202303(6).bmp,002_20200921_202303(6),.bmp,316,332,P,ddf3709c151e7036d4dadd0c240b442cfdfd98ded79d102ed8a67886d54eac3b,2호기,136,False,True
4. X-ray 검사장비 AI 데이터셋/dataset/test1/yolov3/X선이물검출기(06.23_09.22)/2호기(2020.09.22)/SN77127_20200922_NgImage/002_20200922_003106(0).bmp,002_20200922_003106(0),.bmp,316,332,P,362837cf9d23319c1b97778ed83bd1895fa9c4517a311876732bab49a31b814d,2호기,128,False,True
4. X-ray 검사장비 AI 데이터셋/dataset/test1/yolov3/X선이물검출기(06.23_09.22)/2호기(2020.09.22)/SN77127_20200922_NgImage/002_20200922_003110(6).bmp,002_20200922_003110(6),.bmp,316,332,P,46240c11cb70775a3c990b2c4690833c9551d38dba45ecd5c3113c6e4f407fb5,2호기,128,False,True
4. X-ray 검사장비 AI 데이터셋/dataset/test1/yolov3/X선이물검출기(06.23_09.22)/2호기(2020.09.22)/SN77127_20200922_NgImage/002_20200922_003115(1).bmp,002_20200922_003115(1),.bmp,316,332,P,2b551f821f86bc413f10e7aee93488a215271106faeb04ffb0b8c7841be0093c,2호기,136,False,True
4. X-ray 검사장비 AI 데이터셋/dataset/test1/yolov3/X선이물검출기(06.23_09.22)/2호기(2020.09.22)/SN77127_20200922_NgImage/002_20200922_003119(6).bmp,002_20200922_003119(6),.bmp,316,332,P,086a70d6f050388f21b00aba17a88c71dd4cef4b2144ec471df4d733a1d1c7dd,2호기,128,False,True
4. X-ray 검사장비 AI 데이터셋/dataset/test1/yolov3/X선이물검출기(06.23_09.22)/2호기(2020.09.22)/SN77127_20200922_NgImage/002_20200922_003124(2).bmp,002_20200922_003124(2),.bmp,316,332,P,185b36f645a99b1b68101b5084cdb7a16d3f7d273d1e77cee8cd5816ee13b43f,2호기,128,False,True
4. X-ray 검사장비 AI 데이터셋/dataset/test1/yolov3/X선이물검출기(06.23_09.22)/2호기(2020.09.22)/SN77127_20200922_NgImage/002_20200922_003128(7).bmp,002_20200922_003128(7),.bmp,316,332,P,8d975b1a354dd9f9566356781f96620dcea690cab56f961cec40694fbde59ab3,2호기,128,False,True
4. X-ray 검사장비 AI 데이터셋/dataset/test1/yolov3/X선이물검출기(06.23_09.22)/2호기(2020.09.22)/SN77127_20200922_NgImage/002_20200922_043107(1).bmp,002_20200922_043107(1),.bmp,316,332,P,0daff904143da1f4c509d82e0b522dda6fa7a95675cbe86280afab7beba54d5d,2호기,136,False,True
4. X-ray 검사장비 AI 데이터셋/dataset/test1/yolov3/X선이물검출기(06.23_09.22)/2호기(2020.09.22)/SN77127_20200922_NgImage/002_20200922_043111(6).bmp,002_20200922_043111(6),.bmp,316,332,P,7abfbbbb7d4298f14cad130952d8eac4134426efc75604e60796bcd195e2070a,2호기,128,False,True
4. X-ray 검사장비 AI 데이터셋/dataset/test1/yolov3/X선이물검출기(06.23_09.22)/2호기(2020.09.22)/SN77127_20200922_NgImage/002_20200922_043116(0).bmp,002_20200922_043116(0),.bmp,316,332,P,00194f0d112a4cdaed68e65410e5aaf1182cd2af95998259bf9f4b58e933ae26,2호기,128,False,True
4. X-ray 검사장비 AI 데이터셋/dataset/test1/yolov3/X선이물검출기(06.23_09.22)/2호기(2020.09.22)/SN77127_20200922_NgImage/002_20200922_043120(5).bmp,002_20200922_043120(5),.bmp,316,332,P,891cb91c701eac97e8e30b1e0d6cbed80a3f7a3af0c3070709b459885d1b01b2,2호기,128,False,True
4. X-ray 검사장비 AI 데이터셋/dataset/test1/yolov3/X선이물검출기(06.23_09.22)/2호기(2020.09.22)/SN77127_20200922_NgImage/002_20200922_043125(0).bmp,002_20200922_043125(0),.bmp,316,332,P,c754ca1fea0bdf1dd939e6c78540a135a454de389607b5f39923ae52bf9aa7e5,2호기,136,False,True
4. X-ray 검사장비 AI 데이터셋/dataset/test1/yolov3/X선이물검출기(06.23_09.22)/2호기(2020.09.22)/SN77127_20200922_NgImage/002_20200922_043129(5).bmp,002_20200922_043129(5),.bmp,316,332,P,526e52cbd5b0b2ab8e8f672ae70bbd9856708e681c3073fd06c789b2e960a49a,2호기,128,False,True
4. X-ray 검사장비 AI 데이터셋/dataset/test1/yolov3/X선이물검출기(06.23_09.22)/2호기(2020.09.22)/SN77127_20200922_NgImage/002_20200922_083741(5).bmp,002_20200922_083741(5),.bmp,316,332,P,f7f7f9caf7e5eaacdbcfbaaff63ac75d1d2183d1dc9b272a85f8694130466d8d,2호기,128,False,True
4. X-ray 검사장비 AI 데이터셋/dataset/test1/yolov3/X선이물검출기(06.23_09.22)/2호기(2020.09.22)/SN77127_20200922_NgImage/002_20200922_083744(6).bmp,002_20200922_083744(6),.bmp,316,332,P,dd4db69eee9ea233e9f15c674bf06512a55252f2ee0644324cb64beaa12e68b4,2호기,136,False,True
4. X-ray 검사장비 AI 데이터셋/dataset/test1/yolov3/X선이물검출기(06.23_09.22)/2호기(2020.09.22)/SN77127_20200922_NgImage/002_20200922_083747(7).bmp,002_20200922_083747(7),.bmp,316,332,P,91681bb890cfd5a7687f98eec3e1afea47afcb17cee55f527beab19eee6af89a,2호기,128,False,True
4. X-ray 검사장비 AI 데이터셋/dataset/test1/yolov3/X선이물검출기(06.23_09.22)/2호기(2020.09.22)/SN77127_20200922_NgImage/002_20200922_083750(6).bmp,002_20200922_083750(6),.bmp,316,332,P,c49c0b83895370726cb9bb01b1217c7f489d221e9ec967993777a93d8c82e9c1,2호기,128,False,True
4. X-ray 검사장비 AI 데이터셋/dataset/test1/yolov3/X선이물검출기(06.23_09.22)/2호기(2020.09.22)/SN77127_20200922_NgImage/002_20200922_083753(5).bmp,002_20200922_083753(5),.bmp,316,332,P,6cea07cb4ce4dfe35470bfada136921a289bcbed753b8901d103e39a61f66a13,2호기,136,False,True
4. X-ray 검사장비 AI 데이터셋/dataset/test1/yolov3/X선이물검출기(06.23_09.22)/2호기(2020.09.22)/SN77127_20200922_NgImage/002_20200922_083756(6).bmp,002_20200922_083756(6),.bmp,316,332,P,fa63b70c075befbd1145fdfdabdfe8573bf094a443467573a84747ef7cd17265,2호기,128,False,True
4. X-ray 검사장비 AI 데이터셋/dataset/test1/yolov3/X선이물검출기(06.23_09.22)/2호기(2020.09.22)/SN77127_20200922_NgImage/002_20200922_122726(9).bmp,002_20200922_122726(9),.bmp,316,332,P,ce1f6bcb39ab355aa910419d90734da1605888e98912c6314f4f1351ad10828f,2호기,136,False,True
4. X-ray 검사장비 AI 데이터셋/dataset/test1/yolov3/X선이물검출기(06.23_09.22)/2호기(2020.09.22)/SN77127_20200922_NgImage/002_20200922_122730(0).bmp,002_20200922_122730(0),.bmp,316,332,P,377be8562ac8f95bafacd0d12f1c1968ac7a7d7a83e570e85706de9eec8f0732,2호기,136,False,True
4. X-ray 검사장비 AI 데이터셋/dataset/test1/yolov3/X선이물검출기(06.23_09.22)/2호기(2020.09.22)/SN77127_20200922_NgImage/002_20200922_122732(8).bmp,002_20200922_122732(8),.bmp,316,332,P,09a155212a4fe792dba0d7bac05470b84747f5e7c8fe7eadee821f936836b635,2호기,128,False,True
4. X-ray 검사장비 AI 데이터셋/dataset/test1/yolov3/X선이물검출기(06.23_09.22)/2호기(2020.09.22)/SN77127_20200922_NgImage/002_20200922_122737(2).bmp,002_20200922_122737(2),.bmp,316,332,P,34e030f43abdd381f87c405b22f56d7556b725cd5a5795fde0c901cbd3740f71,2호기,136,False,True
4. X-ray 검사장비 AI 데이터셋/dataset/test1/yolov3/X선이물검출기(06.23_09.22)/2호기(2020.09.22)/SN77127_20200922_NgImage/002_20200922_122741(6).bmp,002_20200922_122741(6),.bmp,316,332,P,5c933e4b223568727041bb8227dbf889b45dc3e47c175ef0cdfddeb404ed1d0a,2호기,184,False,True
4. X-ray 검사장비 AI 데이터셋/dataset/test1/yolov3/X선이물검출기(06.23_09.22)/2호기(2020.09.22)/SN77127_20200922_NgImage/002_20200922_122746(0).bmp,002_20200922_122746(0),.bmp,316,332,P,8cd47ea478264686e1c5b28e41a26f4a7d22aa310a2a223c5d97b272bd956aae,2호기,128,False,True
4. X-ray 검사장비 AI 데이터셋/dataset/test1/yolov3/X선이물검출기(06.23_09.22)/2호기(2020.09.22)/SN77127_20200922_NgImage/002_20200922_163036(2).bmp,002_20200922_163036(2),.bmp,316,332,P,a6ca647789202d1ede6d54750d404b52f07e298199d784cfd174fd5c99b4b6f0,2호기,136,False,True
4. X-ray 검사장비 AI 데이터셋/dataset/test1/yolov3/X선이물검출기(06.23_09.22)/2호기(2020.09.22)/SN77127_20200922_NgImage/002_20200922_163039(5).bmp,002_20200922_163039(5),.bmp,316,332,P,6e79a5c2936b67deea6dd89f0512620df92c87b4b32a1c7fb234c7c903e15d3c,2호기,136,False,True
4. X-ray 검사장비 AI 데이터셋/dataset/test1/yolov3/X선이물검출기(06.23_09.22)/2호기(2020.09.22)/SN77127_20200922_NgImage/002_20200922_163043(6).bmp,002_20200922_163043(6),.bmp,316,332,P,766731c67ee8ed9721cd2d9d95d79a994449f447bc01b62b33153fd25598fb7d,2호기,136,False,True
4. X-ray 검사장비 AI 데이터셋/dataset/test1/yolov3/X선이물검출기(06.23_09.22)/2호기(2020.09.22)/SN77127_20200922_NgImage/002_20200922_163047(8).bmp,002_20200922_163047(8),.bmp,316,332,P,60688e24c6578511773565cb62573e5fdd2ea02ec0f884767347ead5e7acca44,2호기,136,False,True
4. X-ray 검사장비 AI 데이터셋/dataset/test1/yolov3/X선이물검출기(06.23_09.22)/2호기(2020.09.22)/SN77127_20200922_NgImage/002_20200922_163053(8).bmp,002_20200922_163053(8),.bmp,316,332,P,54c0faeb88ec02eba6c516a2d5923afdbe04ee47f33a6024eed53ad88cecc7e1,2호기,128,False,True
4. X-ray 검사장비 AI 데이터셋/dataset/test1/yolov3/X선이물검출기(06.23_09.22)/2호기(2020.09.22)/SN77127_20200922_NgImage/002_20200922_163059(7).bmp,002_20200922_163059(7),.bmp,316,332,P,4353bf216963ed3268df1f26026dff82f0e2a509cb9424f87ec030a4293b17a0,2호기,136,False,True
4. X-ray 검사장비 AI 데이터셋/dataset/test1/yolov3/X선이물검출기(06.23_09.22)/3호기(2020.09.22)/SN12053_20200624_NgImage/001_20200624_162846(3).bmp,001_20200624_162846(3),.bmp,576,444,P,013421edf060234731bf03915585f70237498d0eebb26723d9b0598e42312ff3,3호기,528,False,True
4. X-ray 검사장비 AI 데이터셋/dataset/test1/yolov3/X선이물검출기(06.23_09.22)/3호기(2020.09.22)/SN12053_20200624_NgImage/001_20200624_162850(9).bmp,001_20200624_162850(9),.bmp,576,444,P,49cdea1527b3c074401073365bdc527159137d6383d18889ccfb7e7b9576dfc0,3호기,400,False,True
4. X-ray 검사장비 AI 데이터셋/dataset/test1/yolov3/X선이물검출기(06.23_09.22)/3호기(2020.09.22)/SN12053_20200629_NgImage/001_20200629_123129(6).bmp,001_20200629_123129(6),.bmp,576,444,P,73d771b083562af19e70d97561d91794b672ebeac3aa2d3ac8e0ac833d8fbf65,3호기,416,False,True
4. X-ray 검사장비 AI 데이터셋/dataset/test1/yolov3/X선이물검출기(06.23_09.22)/3호기(2020.09.22)/SN12053_20200629_NgImage/001_20200629_163728(4).bmp,001_20200629_163728(4),.bmp,576,444,P,08b05699fbf3c562c48801cfd02cc46044f092967381531e219b017ff957075e,3호기,424,False,True
4. X-ray 검사장비 AI 데이터셋/dataset/test1/yolov3/X선이물검출기(06.23_09.22)/3호기(2020.09.22)/SN12053_20200629_NgImage/001_20200629_163732(9).bmp,001_20200629_163732(9),.bmp,576,444,P,71014a6c65fcd6a4e27f2b47d2987548673a834ff192b37abee2cedfcbea0149,3호기,408,False,True
4. X-ray 검사장비 AI 데이터셋/dataset/test1/yolov3/X선이물검출기(06.23_09.22)/3호기(2020.09.22)/SN12053_20200629_NgImage/001_20200629_163737(5).bmp,001_20200629_163737(5),.bmp,576,444,P,154107869331c410a21f622ce4f74b0ecfd68c71780f8a8669a1bc07561154cc,3호기,416,False,True
4. X-ray 검사장비 AI 데이터셋/dataset/test1/yolov3/X선이물검출기(06.23_09.22)/3호기(2020.09.22)/SN12053_20200629_NgImage/001_20200629_163741(9).bmp,001_20200629_163741(9),.bmp,576,444,P,c7305dfca3dfe7209a271810650168453e1449f4bb84c9cc19bf0f87bbacc774,3호기,408,False,True
4. X-ray 검사장비 AI 데이터셋/dataset/test1/yolov3/X선이물검출기(06.23_09.22)/3호기(2020.09.22)/SN12053_20200629_NgImage/001_20200629_163746(6).bmp,001_20200629_163746(6),.bmp,576,444,P,22754ea10bb80dbcd2a88553a52aa3ddb00dbe8b3615dd0954430e942735447a,3호기,432,False,True
4. X-ray 검사장비 AI 데이터셋/dataset/test1/yolov3/X선이물검출기(06.23_09.22)/3호기(2020.09.22)/SN12053_20200629_NgImage/001_20200629_163756(6).bmp,001_20200629_163756(6),.bmp,576,444,P,4ae2da7b3d5a6273fcc1e0b14bf903cf991128d2c94b31ea08b2b1784208b993,3호기,416,False,True
4. X-ray 검사장비 AI 데이터셋/dataset/test1/yolov3/X선이물검출기(06.23_09.22)/3호기(2020.09.22)/SN12053_20200629_NgImage/001_20200629_202802(6).bmp,001_20200629_202802(6),.bmp,576,444,P,48fe515ad73d8d9914a70f7920c66f4db8938ddaf34d8e5e0cc65556dd050f67,3호기,440,False,True
4. X-ray 검사장비 AI 데이터셋/dataset/test1/yolov3/X선이물검출기(06.23_09.22)/3호기(2020.09.22)/SN12053_20200629_NgImage/001_20200629_202807(1).bmp,001_20200629_202807(1),.bmp,576,444,P,a119272135aad58107622faf260caf723f1a7fb1ee8d7b0306917f4b4747b95e,3호기,400,False,True
4. X-ray 검사장비 AI 데이터셋/dataset/test1/yolov3/X선이물검출기(06.23_09.22)/3호기(2020.09.22)/SN12053_20200629_NgImage/001_20200629_202811(5).bmp,001_20200629_202811(5),.bmp,576,444,P,26d7530a86ad0ec74ab037280630561774142f4ae096db652aad9f5f71068dae,3호기,416,False,True
4. X-ray 검사장비 AI 데이터셋/dataset/test1/yolov3/X선이물검출기(06.23_09.22)/3호기(2020.09.22)/SN12053_20200629_NgImage/001_20200629_202816(1).bmp,001_20200629_202816(1),.bmp,576,444,P,1d2f9af666ec47631ba02ca4d67bf65496c4c666ef2b9c50e8e2df6b1b7c04bc,3호기,424,False,True
4. X-ray 검사장비 AI 데이터셋/dataset/test1/yolov3/X선이물검출기(06.23_09.22)/3호기(2020.09.22)/SN12053_20200629_NgImage/001_20200629_202820(6).bmp,001_20200629_202820(6),.bmp,576,444,P,70df161d759419863fa2cf516d94a855090552a98bc002d74e8bd5f1a1a71310,3호기,272,False,True
4. X-ray 검사장비 AI 데이터셋/dataset/test1/yolov3/X선이물검출기(06.23_09.22)/3호기(2020.09.22)/SN12053_20200629_NgImage/001_20200629_202825(1).bmp,001_20200629_202825(1),.bmp,576,444,P,f7a6257d85980519073b180e4a6e7499b79795b1a6f9fdb8c40328f8fe876210,3호기,352,False,True
4. X-ray 검사장비 AI 데이터셋/dataset/test1/yolov3/X선이물검출기(06.23_09.22)/3호기(2020.09.22)/SN12053_20200630_NgImage/001_20200630_003006(2).bmp,001_20200630_003006(2),.bmp,576,444,P,dc8059d84a51667046682267a48908bc3aa255a0897141195087e38b78d4cacf,3호기,416,False,True
4. X-ray 검사장비 AI 데이터셋/dataset/test1/yolov3/X선이물검출기(06.23_09.22)/3호기(2020.09.22)/SN12053_20200630_NgImage/001_20200630_003010(8).bmp,001_20200630_003010(8),.bmp,576,444,P,ae70a093ff1c505f9dac033b540735fff4767b47f9d76809122ac4c6780069af,3호기,416,False,True
4. X-ray 검사장비 AI 데이터셋/dataset/test1/yolov3/X선이물검출기(06.23_09.22)/3호기(2020.09.22)/SN12053_20200630_NgImage/001_20200630_003015(1).bmp,001_20200630_003015(1),.bmp,576,444,P,e27688b868732f8bf737731c58e82931321ec89ec3f3729703636fdde20e853f,3호기,384,False,True
4. X-ray 검사장비 AI 데이터셋/dataset/test1/yolov3/X선이물검출기(06.23_09.22)/3호기(2020.09.22)/SN12053_20200630_NgImage/001_20200630_003019(7).bmp,001_20200630_003019(7),.bmp,576,444,P,0a2df6ea0e2c7272f8c6c4b8da62156d433a4de15056a2f559ac8f4a3272f755,3호기,384,False,True
4. X-ray 검사장비 AI 데이터셋/dataset/test1/yolov3/X선이물검출기(06.23_09.22)/3호기(2020.09.22)/SN12053_20200630_NgImage/001_20200630_003024(2).bmp,001_20200630_003024(2),.bmp,576,444,P,5dc19e3ebd63d6c606f19fa24b74d4dabed1a8f48bc1dfa70f73fc666b750eca,3호기,416,False,True
4. X-ray 검사장비 AI 데이터셋/dataset/test1/yolov3/X선이물검출기(06.23_09.22)/3호기(2020.09.22)/SN12053_20200630_NgImage/001_20200630_003033(2).bmp,001_20200630_003033(2),.bmp,576,444,P,3a4f1b6c654ea287c76b06c3344269aaef68f61f5762c9d61a251071bdce1c55,3호기,408,False,True
4. X-ray 검사장비 AI 데이터셋/dataset/test1/yolov3/X선이물검출기(06.23_09.22)/3호기(2020.09.22)/SN12053_20200630_NgImage/001_20200630_043339(8).bmp,001_20200630_043339(8),.bmp,576,444,P,78f6bcd7f3dcb1e219107744b3dba03474d4b5c3875e1d73966d810de32e4ec2,3호기,408,False,True
4. X-ray 검사장비 AI 데이터셋/dataset/test1/yolov3/X선이물검출기(06.23_09.22)/3호기(2020.09.22)/SN12053_20200630_NgImage/001_20200630_043538(1).bmp,001_20200630_043538(1),.bmp,576,444,P,355ec365d5f1bfb387cdf39ec884976d5c1d8101fc3ae2ab582d198a802c6f23,3호기,416,False,True
4. X-ray 검사장비 AI 데이터셋/dataset/test1/yolov3/X선이물검출기(06.23_09.22)/3호기(2020.09.22)/SN12053_20200630_NgImage/001_20200630_043544(2).bmp,001_20200630_043544(2),.bmp,576,444,P,9b58bfc383e85b9372fbc6879e7bb9b8659e827640b8a96a638293e0dfd656d3,3호기,416,False,True
4. X-ray 검사장비 AI 데이터셋/dataset/test1/yolov3/X선이물검출기(06.23_09.22)/3호기(2020.09.22)/SN12053_20200630_NgImage/001_20200630_043548(7).bmp,001_20200630_043548(7),.bmp,576,444,P,54fcc34bbe77c600c96782132e607b9dedbef928c266a3dfbf736ca07415df76,3호기,416,False,True
4. X-ray 검사장비 AI 데이터셋/dataset/test1/yolov3/X선이물검출기(06.23_09.22)/3호기(2020.09.22)/SN12053_20200630_NgImage/001_20200630_043600(9).bmp,001_20200630_043600(9),.bmp,576,444,P,e4ab45603e52343bc62d72993dfba436ac2b5ff81d8909bfc32a47de758d7408,3호기,408,False,True
4. X-ray 검사장비 AI 데이터셋/dataset/test1/yolov3/X선이물검출기(06.23_09.22)/3호기(2020.09.22)/SN12053_20200630_NgImage/001_20200630_043605(5).bmp,001_20200630_043605(5),.bmp,576,444,P,68edd871e70ec372a1be6407da2c80d483afd753078c4621d7e41b4258ef3870,3호기,400,False,True
4. X-ray 검사장비 AI 데이터셋/dataset/test1/yolov3/X선이물검출기(06.23_09.22)/3호기(2020.09.22)/SN12053_20200630_NgImage/001_20200630_083235(6).bmp,001_20200630_083235(6),.bmp,576,444,P,c71ba1128df38fe48fa9027be003b106bf898c56b83748340ff087e43fb96ce1,3호기,440,False,True
4. X-ray 검사장비 AI 데이터셋/dataset/test1/yolov3/X선이물검출기(06.23_09.22)/3호기(2020.09.22)/SN12053_20200630_NgImage/001_20200630_083322(2).bmp,001_20200630_083322(2),.bmp,576,444,P,f8166b79cfe2875a0221d988259f3b4d7a236ecde20cdd356703c65ddfc348d7,3호기,416,False,True
4. X-ray 검사장비 AI 데이터셋/dataset/test1/yolov3/X선이물검출기(06.23_09.22)/3호기(2020.09.22)/SN12053_20200630_NgImage/001_20200630_083331(2).bmp,001_20200630_083331(2),.bmp,576,444,P,25498a275d3a5a7683a0b49db3a4528e34ff63cd7399aba425187e6d25f440a7,3호기,416,False,True
4. X-ray 검사장비 AI 데이터셋/dataset/test1/yolov3/X선이물검출기(06.23_09.22)/3호기(2020.09.22)/SN12053_20200630_NgImage/001_20200630_083350(7).bmp,001_20200630_083350(7),.bmp,576,444,P,256c9df04466c55d676e1557e5fe9f614920091e2093ec80d27bf39af40ec609,3호기,416,False,True
4. X-ray 검사장비 AI 데이터셋/dataset/test1/yolov3/X선이물검출기(06.23_09.22)/3호기(2020.09.22)/SN12053_20200630_NgImage/001_20200630_083355(1).bmp,001_20200630_083355(1),.bmp,576,444,P,6dda42346f13c9c6a168728f758ba86930bcc881280765d4b9c2a1f3b6853c3f,3호기,400,False,True
4. X-ray 검사장비 AI 데이터셋/dataset/test1/yolov3/X선이물검출기(06.23_09.22)/3호기(2020.09.22)/SN12053_20200630_NgImage/001_20200630_083405(7).bmp,001_20200630_083405(7),.bmp,576,444,P,a29e16e52aeaa45f00ef5045a1239ffcb51ef63183a40a7d738967e894499d8d,3호기,432,False,True
4. X-ray 검사장비 AI 데이터셋/dataset/test1/yolov3/X선이물검출기(06.23_09.22)/3호기(2020.09.22)/SN12053_20200630_NgImage/001_20200630_123334(2).bmp,001_20200630_123334(2),.bmp,576,444,P,78a7bd4cb22f512e8f9d813fd69eeb60626eb03d872f814f1d8ca1b77174e0c0,3호기,416,False,True
4. X-ray 검사장비 AI 데이터셋/dataset/test1/yolov3/X선이물검출기(06.23_09.22)/3호기(2020.09.22)/SN12053_20200630_NgImage/001_20200630_123338(7).bmp,001_20200630_123338(7),.bmp,576,444,P,91571c5c6377d61a02218b7dc981cfe6078ed31d56c411fe7cf283df0c9231a7,3호기,432,False,True
4. X-ray 검사장비 AI 데이터셋/dataset/test1/yolov3/X선이물검출기(06.23_09.22)/3호기(2020.09.22)/SN12053_20200630_NgImage/001_20200630_123343(2).bmp,001_20200630_123343(2),.bmp,576,444,P,2ccae2c6dfe0e7d920bbe1634333cca63bf259db78aceb56dcd7244753e01293,3호기,424,False,True
4. X-ray 검사장비 AI 데이터셋/dataset/test1/yolov3/X선이물검출기(06.23_09.22)/3호기(2020.09.22)/SN12053_20200630_NgImage/001_20200630_123347(6).bmp,001_20200630_123347(6),.bmp,576,444,P,9b75c7c160cf8e19c65d6c87219c6e97ef96b74c88450205cc048578f356a7b7,3호기,424,False,True
4. X-ray 검사장비 AI 데이터셋/dataset/test1/yolov3/X선이물검출기(06.23_09.22)/3호기(2020.09.22)/SN12053_20200630_NgImage/001_20200630_123352(1).bmp,001_20200630_123352(1),.bmp,576,444,P,15380172ff635b2afe84403a70e20bd37904f496c56f0e4b8793f6820db5a289,3호기,400,False,True
4. X-ray 검사장비 AI 데이터셋/dataset/test1/yolov3/X선이물검출기(06.23_09.22)/3호기(2020.09.22)/SN12053_20200630_NgImage/001_20200630_123423(6).bmp,001_20200630_123423(6),.bmp,576,444,P,475631e3b7b1f17e3352a40b72384f04e7efbccfbcd93e941999c6416479751c,3호기,400,False,True
4. X-ray 검사장비 AI 데이터셋/dataset/test1/yolov3/X선이물검출기(06.23_09.22)/3호기(2020.09.22)/SN12053_20200630_NgImage/001_20200630_123426(8).bmp,001_20200630_123426(8),.bmp,576,444,P,c2af9eb522bbf25a18e5e92b84b6218594bc9cbcef602278630322c4bc06de43,3호기,432,False,True
4. X-ray 검사장비 AI 데이터셋/dataset/test1/yolov3/X선이물검출기(06.23_09.22)/3호기(2020.09.22)/SN12053_20200630_NgImage/001_20200630_163111(8).bmp,001_20200630_163111(8),.bmp,576,444,P,e7482fe0cfe0aa6bff5b4bfb66b69dd5ade129ab83b6e0bf07b529b7b68f5783,3호기,408,False,True
4. X-ray 검사장비 AI 데이터셋/dataset/test1/yolov3/X선이물검출기(06.23_09.22)/3호기(2020.09.22)/SN12053_20200630_NgImage/001_20200630_163116(2).bmp,001_20200630_163116(2),.bmp,576,444,P,e3f0c442626bdeafc59ecbe8557b4a298a5720500f1d0e9fb4310c3b9416eec0,3호기,384,False,True
4. X-ray 검사장비 AI 데이터셋/dataset/test1/yolov3/X선이물검출기(06.23_09.22)/3호기(2020.09.22)/SN12053_20200630_NgImage/001_20200630_163120(7).bmp,001_20200630_163120(7),.bmp,576,444,P,e03581784c4191841c0483a7841d17ccb582cd1eec5f06178d9b874a10d4a389,3호기,424,False,True
4. X-ray 검사장비 AI 데이터셋/dataset/test1/yolov3/X선이물검출기(06.23_09.22)/3호기(2020.09.22)/SN12053_20200630_NgImage/001_20200630_163125(2).bmp,001_20200630_163125(2),.bmp,576,444,P,e969fc3e704e9212d29797cf558bde222f9c1ded23a8c1095084f92e44e78bbb,3호기,416,False,True
4. X-ray 검사장비 AI 데이터셋/dataset/test1/yolov3/X선이물검출기(06.23_09.22)/3호기(2020.09.22)/SN12053_20200630_NgImage/001_20200630_163129(8).bmp,001_20200630_163129(8),.bmp,576,444,P,99835e66179afb66d709c0b85c91e5652460e85e1d47517b7fd8cf9bdfed4c47,3호기,384,False,True
4. X-ray 검사장비 AI 데이터셋/dataset/test1/yolov3/X선이물검출기(06.23_09.22)/3호기(2020.09.22)/SN12053_20200630_NgImage/001_20200630_163134(2).bmp,001_20200630_163134(2),.bmp,576,444,P,d98f802b8cef62a0522bf3ab7a0f09d62f4986e33ef6e27505649a5f54117fe2,3호기,400,False,True
4. X-ray 검사장비 AI 데이터셋/dataset/test1/yolov3/X선이물검출기(06.23_09.22)/3호기(2020.09.22)/SN12053_20200630_NgImage/001_20200630_163147(8).bmp,001_20200630_163147(8),.bmp,576,444,P,48998f638313dc11a82d99151620df9c3f4e15e53bbf0bbd8c95e96574c2b382,3호기,416,False,True
4. X-ray 검사장비 AI 데이터셋/dataset/test1/yolov3/X선이물검출기(06.23_09.22)/3호기(2020.09.22)/SN12053_20200630_NgImage/001_20200630_203200(3).bmp,001_20200630_203200(3),.bmp,576,444,P,388038ef6bd1674c51b2a4db0854d6753cf6a71e24423e85809efb996a77cc56,3호기,400,False,True
4. X-ray 검사장비 AI 데이터셋/dataset/test1/yolov3/X선이물검출기(06.23_09.22)/3호기(2020.09.22)/SN12053_20200630_NgImage/001_20200630_203205(0).bmp,001_20200630_203205(0),.bmp,576,444,P,7403972a45d95d4e109014d98cced8ce79a9a2b959ab251549b374f2595d5d23,3호기,384,False,True
4. X-ray 검사장비 AI 데이터셋/dataset/test1/yolov3/X선이물검출기(06.23_09.22)/3호기(2020.09.22)/SN12053_20200630_NgImage/001_20200630_203209(3).bmp,001_20200630_203209(3),.bmp,576,444,P,351e01b1bebb49319527d80b409b77919925bca37b1965bd2f172a9112433ee5,3호기,400,False,True
4. X-ray 검사장비 AI 데이터셋/dataset/test1/yolov3/X선이물검출기(06.23_09.22)/3호기(2020.09.22)/SN12053_20200630_NgImage/001_20200630_203213(8).bmp,001_20200630_203213(8),.bmp,576,444,P,c50b897fdaa1eb2615d5442ca29343cebbc08ca8f382e4a8640f09f992e04d8b,3호기,400,False,True
4. X-ray 검사장비 AI 데이터셋/dataset/test1/yolov3/X선이물검출기(06.23_09.22)/3호기(2020.09.22)/SN12053_20200630_NgImage/001_20200630_203218(3).bmp,001_20200630_203218(3),.bmp,576,444,P,e40ed6d47a2f0283bfc527c8c380f74211fdde8443ef8cb5023013bbb99e52c0,3호기,416,False,True
4. X-ray 검사장비 AI 데이터셋/dataset/test1/yolov3/X선이물검출기(06.23_09.22)/3호기(2020.09.22)/SN12053_20200630_NgImage/001_20200630_203222(8).bmp,001_20200630_203222(8),.bmp,576,444,P,5746d4f5d8fc28f831b486df4370b30179fcb4572654db1694ab35c464ed853f,3호기,408,False,True
4. X-ray 검사장비 AI 데이터셋/dataset/test1/yolov3/X선이물검출기(06.23_09.22)/3호기(2020.09.22)/SN12053_20200701_NgImage/001_20200701_004132(8).bmp,001_20200701_004132(8),.bmp,576,444,P,2d423a9384e344ec7215775f63daa1b3fc0b044187771a2e4b0879c482a9fc05,3호기,400,False,True
4. X-ray 검사장비 AI 데이터셋/dataset/test1/yolov3/X선이물검출기(06.23_09.22)/3호기(2020.09.22)/SN12053_20200701_NgImage/001_20200701_004141(6).bmp,001_20200701_004141(6),.bmp,576,444,P,dfa9e39a642279970c417f425a5418d701c15bc77feea59b2c3003b118d37480,3호기,408,False,True
4. X-ray 검사장비 AI 데이터셋/dataset/test1/yolov3/X선이물검출기(06.23_09.22)/3호기(2020.09.22)/SN12053_20200701_NgImage/001_20200701_004146(2).bmp,001_20200701_004146(2),.bmp,576,444,P,f25a1b2aea51ea98d93ff41fcec45d9824911f29e07ee571f029b49e29fcbd74,3호기,408,False,True
4. X-ray 검사장비 AI 데이터셋/dataset/test1/yolov3/X선이물검출기(06.23_09.22)/3호기(2020.09.22)/SN12053_20200701_NgImage/001_20200701_004150(6).bmp,001_20200701_004150(6),.bmp,576,444,P,36b209815aee37113b92a366aa15ec0b65d8a2139a20f6e090d7dfcc9e653919,3호기,416,False,True
4. X-ray 검사장비 AI 데이터셋/dataset/test1/yolov3/X선이물검출기(06.23_09.22)/3호기(2020.09.22)/SN12053_20200701_NgImage/001_20200701_004155(1).bmp,001_20200701_004155(1),.bmp,576,444,P,fdae8635f3435f7e81b2e5110c51db4d4b280843931452022fdf7184412c847b,3호기,416,False,True
4. X-ray 검사장비 AI 데이터셋/dataset/test1/yolov3/X선이물검출기(06.23_09.22)/3호기(2020.09.22)/SN12053_20200701_NgImage/001_20200701_004159(7).bmp,001_20200701_004159(7),.bmp,576,444,P,a3e4c2821f26cee55f8acbf8585f61b1c2f57a4445c27704b8616462e2c7b87e,3호기,424,False,True
4. X-ray 검사장비 AI 데이터셋/dataset/test1/yolov3/X선이물검출기(06.23_09.22)/3호기(2020.09.22)/SN12053_20200701_NgImage/001_20200701_043236(2).bmp,001_20200701_043236(2),.bmp,576,444,P,996daad93e8c988cac095a85a0113550c512668e1e45c8a8ca79772c79797bce,3호기,416,False,True
4. X-ray 검사장비 AI 데이터셋/dataset/test1/yolov3/X선이물검출기(06.23_09.22)/3호기(2020.09.22)/SN12053_20200701_NgImage/001_20200701_043245(3).bmp,001_20200701_043245(3),.bmp,576,444,P,c48c618892f3a30a2d2ed287e13a230561142e9d0e452d67609d4ec5fdfc4154,3호기,424,False,True
4. X-ray 검사장비 AI 데이터셋/dataset/test1/yolov3/X선이물검출기(06.23_09.22)/3호기(2020.09.22)/SN12053_20200701_NgImage/001_20200701_043249(7).bmp,001_20200701_043249(7),.bmp,576,444,P,c8b67b52a855fec0182901e34d7acc7a8575329fae621f749144296e06d46e6b,3호기,408,False,True
4. X-ray 검사장비 AI 데이터셋/dataset/test1/yolov3/X선이물검출기(06.23_09.22)/3호기(2020.09.22)/SN12053_20200701_NgImage/001_20200701_043258(7).bmp,001_20200701_043258(7),.bmp,576,444,P,1e215c93be4494c2b781257aaf89a363d8af8864dc67d073a9869a2c12ddd512,3호기,408,False,True
4. X-ray 검사장비 AI 데이터셋/dataset/test1/yolov3/X선이물검출기(06.23_09.22)/3호기(2020.09.22)/SN12053_20200701_NgImage/001_20200701_043307(7).bmp,001_20200701_043307(7),.bmp,576,444,P,3df5ab8b6b4f56b31a5473cb9637fc5f182e86533de1d33374b30f142739d2c2,3호기,416,False,True
4. X-ray 검사장비 AI 데이터셋/dataset/test1/yolov3/X선이물검출기(06.23_09.22)/3호기(2020.09.22)/SN12053_20200701_NgImage/001_20200701_043312(4).bmp,001_20200701_043312(4),.bmp,576,444,P,0447da6dbbd2f32e429ac1070d8b194df21ce8eea09f6a3010021fb4909759cb,3호기,424,False,True
4. X-ray 검사장비 AI 데이터셋/dataset/test1/yolov3/X선이물검출기(06.23_09.22)/3호기(2020.09.22)/SN12053_20200701_NgImage/001_20200701_083251(9).bmp,001_20200701_083251(9),.bmp,576,444,P,084255a0178d95539285d78cb7e5df653a4249b8e72c0e179df3071bcdca5387,3호기,432,False,True
4. X-ray 검사장비 AI 데이터셋/dataset/test1/yolov3/X선이물검출기(06.23_09.22)/3호기(2020.09.22)/SN12053_20200701_NgImage/001_20200701_083256(5).bmp,001_20200701_083256(5),.bmp,576,444,P,332b825d1fb8e4224e9d57702dd12f3a218053280c859fa933b1fb9e92adaab7,3호기,416,False,True
4. X-ray 검사장비 AI 데이터셋/dataset/test1/yolov3/X선이물검출기(06.23_09.22)/3호기(2020.09.22)/SN12053_20200701_NgImage/001_20200701_083300(7).bmp,001_20200701_083300(7),.bmp,576,444,P,0abe1a5aad75cc20d51d2db3cb760e66103c1e9e83aa8312931111cb2958054c,3호기,392,False,True
4. X-ray 검사장비 AI 데이터셋/dataset/test1/yolov3/X선이물검출기(06.23_09.22)/3호기(2020.09.22)/SN12053_20200701_NgImage/001_20200701_083309(8).bmp,001_20200701_083309(8),.bmp,576,444,P,1dfca76b1ff192f4bab3cddd679c9942f76aa7670a3a038de8abce867908ecf8,3호기,424,False,True
4. X-ray 검사장비 AI 데이터셋/dataset/test1/yolov3/X선이물검출기(06.23_09.22)/3호기(2020.09.22)/SN12053_20200701_NgImage/001_20200701_083323(2).bmp,001_20200701_083323(2),.bmp,576,444,P,e71a613a9569fd7c29786d5242408c092dee2a23e3d269171b49ee2f8f67d10f,3호기,424,False,True
4. X-ray 검사장비 AI 데이터셋/dataset/test1/yolov3/X선이물검출기(06.23_09.22)/3호기(2020.09.22)/SN12053_20200701_NgImage/001_20200701_083327(8).bmp,001_20200701_083327(8),.bmp,576,444,P,d2b63b5a4b7f0cd3f24d49a8ad67201705d2f511d29a9c9f72ad462e9a060ac1,3호기,408,False,True
4. X-ray 검사장비 AI 데이터셋/dataset/test1/yolov3/X선이물검출기(06.23_09.22)/3호기(2020.09.22)/SN12053_20200701_NgImage/001_20200701_123507(7).bmp,001_20200701_123507(7),.bmp,576,444,P,295a8dc8f401d03f8a302e6dd7798d6e58fd3b113ebae315b3527069490989f4,3호기,416,False,True
4. X-ray 검사장비 AI 데이터셋/dataset/test1/yolov3/X선이물검출기(06.23_09.22)/3호기(2020.09.22)/SN12053_20200701_NgImage/001_20200701_123511(0).bmp,001_20200701_123511(0),.bmp,576,444,P,c927c75b3f52a3040dcfbde7f68e3f981461390c497f8def2f268b35d517242c,3호기,432,False,True
4. X-ray 검사장비 AI 데이터셋/dataset/test1/yolov3/X선이물검출기(06.23_09.22)/3호기(2020.09.22)/SN12053_20200701_NgImage/001_20200701_123514(1).bmp,001_20200701_123514(1),.bmp,576,444,P,76e5f595995f388e21478affdc09821f85673d865bba828a5b2dc024a630a357,3호기,416,False,True
4. X-ray 검사장비 AI 데이터셋/dataset/test1/yolov3/X선이물검출기(06.23_09.22)/3호기(2020.09.22)/SN12053_20200701_NgImage/001_20200701_123517(3).bmp,001_20200701_123517(3),.bmp,576,444,P,20adc20a65ba9308a1cf78712b9a644f8905900e5217046d6f36d6a3bf4aef99,3호기,408,False,True
4. X-ray 검사장비 AI 데이터셋/dataset/test1/yolov3/X선이물검출기(06.23_09.22)/3호기(2020.09.22)/SN12053_20200701_NgImage/001_20200701_123520(6).bmp,001_20200701_123520(6),.bmp,576,444,P,3fd251f266e727c8a565bef5821764a7d21cbe462302e7df46d427ea4b7d19c1,3호기,432,False,True
4. X-ray 검사장비 AI 데이터셋/dataset/test1/yolov3/X선이물검출기(06.23_09.22)/3호기(2020.09.22)/SN12053_20200701_NgImage/001_20200701_123523(9).bmp,001_20200701_123523(9),.bmp,576,444,P,ec27ab6a7fffc799b2b8c12e075191fb34bc1779f7d71f21caba19a58a14d96e,3호기,400,False,True
4. X-ray 검사장비 AI 데이터셋/dataset/test1/yolov3/X선이물검출기(06.23_09.22)/3호기(2020.09.22)/SN12053_20200701_NgImage/001_20200701_163109(0).bmp,001_20200701_163109(0),.bmp,576,444,P,6e42672e13a01d1c53527203c252bc99a039bddeef577f9ba70f68406852402c,3호기,488,False,True
4. X-ray 검사장비 AI 데이터셋/dataset/test1/yolov3/X선이물검출기(06.23_09.22)/3호기(2020.09.22)/SN12053_20200701_NgImage/001_20200701_163112(8).bmp,001_20200701_163112(8),.bmp,576,444,P,e0c13303a2a62baba7f35864e08e0275b87a9c5f974da277402788b71ed6f7f0,3호기,416,False,True
4. X-ray 검사장비 AI 데이터셋/dataset/test1/yolov3/X선이물검출기(06.23_09.22)/3호기(2020.09.22)/SN12053_20200701_NgImage/001_20200701_163121(1).bmp,001_20200701_163121(1),.bmp,576,444,P,fe83398c364157ad69eaa4a840b7bc2036baec7d9979903e9f2646f13f8e6597,3호기,408,False,True
4. X-ray 검사장비 AI 데이터셋/dataset/test1/yolov3/X선이물검출기(06.23_09.22)/3호기(2020.09.22)/SN12053_20200701_NgImage/001_20200701_163140(2).bmp,001_20200701_163140(2),.bmp,576,444,P,19c5c48111b7b234adb9ec4ff25378d17ad238ceda4a73059849d59cc7573269,3호기,416,False,True
4. X-ray 검사장비 AI 데이터셋/dataset/test1/yolov3/X선이물검출기(06.23_09.22)/3호기(2020.09.22)/SN12053_20200701_NgImage/001_20200701_163144(5).bmp,001_20200701_163144(5),.bmp,576,444,P,96574a8029dc2311047cdc2a8e0ea4fa32abadbc08cdea44e46f6d9d81b67957,3호기,416,False,True
4. X-ray 검사장비 AI 데이터셋/dataset/test1/yolov3/X선이물검출기(06.23_09.22)/3호기(2020.09.22)/SN12053_20200701_NgImage/001_20200701_163202(1).bmp,001_20200701_163202(1),.bmp,576,444,P,593d8f1df732c7cfed4027175fe8854d6b1e179d771d9f7fdfe78812296588b0,3호기,400,False,True
4. X-ray 검사장비 AI 데이터셋/dataset/test1/yolov3/X선이물검출기(06.23_09.22)/3호기(2020.09.22)/SN12053_20200701_NgImage/001_20200701_203552(7).bmp,001_20200701_203552(7),.bmp,576,444,P,647b84502a96064be958b91562ddbc699efefe38f15a5b57f33091583a862fc9,3호기,296,False,True
4. X-ray 검사장비 AI 데이터셋/dataset/test1/yolov3/X선이물검출기(06.23_09.22)/3호기(2020.09.22)/SN12053_20200701_NgImage/001_20200701_203557(3).bmp,001_20200701_203557(3),.bmp,576,444,P,8a7fcaf0554340af7b8670fd494aeb38d2c85944a3e60d0517edb5ae8865e543,3호기,408,False,True
4. X-ray 검사장비 AI 데이터셋/dataset/test1/yolov3/X선이물검출기(06.23_09.22)/3호기(2020.09.22)/SN12053_20200701_NgImage/001_20200701_203601(8).bmp,001_20200701_203601(8),.bmp,576,444,P,ef6b27daddb493cbb72b9e69fb05247e58a24a86adb088e2a7492a35f3af7217,3호기,416,False,True
4. X-ray 검사장비 AI 데이터셋/dataset/test1/yolov3/X선이물검출기(06.23_09.22)/3호기(2020.09.22)/SN12053_20200701_NgImage/001_20200701_203606(3).bmp,001_20200701_203606(3),.bmp,576,444,P,edf4a12de7acf1bbb9d526f92f79006ce1c82b71d21b995d602f093ef7e4adb1,3호기,288,False,True
4. X-ray 검사장비 AI 데이터셋/dataset/test1/yolov3/X선이물검출기(06.23_09.22)/3호기(2020.09.22)/SN12053_20200701_NgImage/001_20200701_203610(7).bmp,001_20200701_203610(7),.bmp,576,444,P,0fd9e92725c50f520bd64d071815bbe7ea4ede643319f75359364fa79acb8670,3호기,272,False,True
4. X-ray 검사장비 AI 데이터셋/dataset/test1/yolov3/X선이물검출기(06.23_09.22)/3호기(2020.09.22)/SN12053_20200701_NgImage/001_20200701_203615(2).bmp,001_20200701_203615(2),.bmp,576,444,P,8c11dfd5d0d11befc73d0d7d3238732fbff1cffea03e832da4408bd78cc51c43,3호기,416,False,True
4. X-ray 검사장비 AI 데이터셋/dataset/test1/yolov3/X선이물검출기(06.23_09.22)/3호기(2020.09.22)/SN12053_20200702_NgImage/001_20200702_003135(7).bmp,001_20200702_003135(7),.bmp,576,444,P,cdbc36805fc8d87a3c448cc5a90b1834c101dd823f94c1b5e65cfd35aeae2f72,3호기,416,False,True
4. X-ray 검사장비 AI 데이터셋/dataset/test1/yolov3/X선이물검출기(06.23_09.22)/3호기(2020.09.22)/SN12053_20200702_NgImage/001_20200702_003140(4).bmp,001_20200702_003140(4),.bmp,576,444,P,f669e37378eb6faee0c9844c15afad772437dc395576f9e70ce0e5d1610cb9c5,3호기,416,False,True
4. X-ray 검사장비 AI 데이터셋/dataset/test1/yolov3/X선이물검출기(06.23_09.22)/3호기(2020.09.22)/SN12053_20200702_NgImage/001_20200702_003149(3).bmp,001_20200702_003149(3),.bmp,576,444,P,1740590dc57b703f1a0ed1052d0591444c0f73b4342a4689530748f1b1c21b54,3호기,408,False,True
4. X-ray 검사장비 AI 데이터셋/dataset/test1/yolov3/X선이물검출기(06.23_09.22)/3호기(2020.09.22)/SN12053_20200702_NgImage/001_20200702_003154(0).bmp,001_20200702_003154(0),.bmp,576,444,P,deea62bcd7ef0accf22cc856cdb83704d9592c53dc16827be0df62268163f13b,3호기,432,False,True
4. X-ray 검사장비 AI 데이터셋/dataset/test1/yolov3/X선이물검출기(06.23_09.22)/3호기(2020.09.22)/SN12053_20200702_NgImage/001_20200702_003158(4).bmp,001_20200702_003158(4),.bmp,576,444,P,f2e81fbd7c704b297d9b6ff09124c65c02c0e506fa07eea33396a3c6ec19bfb1,3호기,400,False,True
4. X-ray 검사장비 AI 데이터셋/dataset/test1/yolov3/X선이물검출기(06.23_09.22)/3호기(2020.09.22)/SN12053_20200702_NgImage/001_20200702_003203(1).bmp,001_20200702_003203(1),.bmp,576,444,P,bc2edfa9e8765018423cd1d433ff5fb8dabab4e618a24084f7cf28f2cb73e74c,3호기,416,False,True
4. X-ray 검사장비 AI 데이터셋/dataset/test1/yolov3/X선이물검출기(06.23_09.22)/3호기(2020.09.22)/SN12053_20200702_NgImage/001_20200702_043956(5).bmp,001_20200702_043956(5),.bmp,576,444,P,374754f4902a5f9a2d9c7d035738d60d23acc815200fdba81841ae08831e235b,3호기,408,False,True
4. X-ray 검사장비 AI 데이터셋/dataset/test1/yolov3/X선이물검출기(06.23_09.22)/3호기(2020.09.22)/SN12053_20200702_NgImage/001_20200702_043959(8).bmp,001_20200702_043959(8),.bmp,576,444,P,9936dbfdfd9528ac47d6864ecae6dfc29462ecc1b02462c1d12e6e79ddfb445c,3호기,416,False,True
4. X-ray 검사장비 AI 데이터셋/dataset/test1/yolov3/X선이물검출기(06.23_09.22)/3호기(2020.09.22)/SN12053_20200702_NgImage/001_20200702_044003(1).bmp,001_20200702_044003(1),.bmp,576,444,P,f558d55bb93b887da829937301b4784964d2348537f1d65ca4bd3a31ac310db9,3호기,408,False,True
4. X-ray 검사장비 AI 데이터셋/dataset/test1/yolov3/X선이물검출기(06.23_09.22)/3호기(2020.09.22)/SN12053_20200702_NgImage/001_20200702_044006(3).bmp,001_20200702_044006(3),.bmp,576,444,P,9b2a1d76e5dcb9b12f65a6c0e26f172b84f70fbba9d70d386d1c99d289ed8bf0,3호기,408,False,True
4. X-ray 검사장비 AI 데이터셋/dataset/test1/yolov3/X선이물검출기(06.23_09.22)/3호기(2020.09.22)/SN12053_20200702_NgImage/001_20200702_044009(8).bmp,001_20200702_044009(8),.bmp,576,444,P,4151c34d99dc525bbdb5444528f1ad000129a23b105fd7c89fa5bcf22dcda2ef,3호기,408,False,True
4. X-ray 검사장비 AI 데이터셋/dataset/test1/yolov3/X선이물검출기(06.23_09.22)/3호기(2020.09.22)/SN12053_20200702_NgImage/001_20200702_044013(2).bmp,001_20200702_044013(2),.bmp,576,444,P,50bee1bc2eec55e39b8dcfc3d6670b7f96892da335192c3659affdf6952dd649,3호기,416,False,True
4. X-ray 검사장비 AI 데이터셋/dataset/test1/yolov3/X선이물검출기(06.23_09.22)/3호기(2020.09.22)/SN12053_20200706_NgImage/001_20200706_083233(2).bmp,001_20200706_083233(2),.bmp,576,444,P,cf8bfde5bac9c5abcb91062250427c2a1f989be8a32e0baa8b4c147e415cc429,3호기,416,False,True
4. X-ray 검사장비 AI 데이터셋/dataset/test1/yolov3/X선이물검출기(06.23_09.22)/3호기(2020.09.22)/SN12053_20200706_NgImage/001_20200706_083236(5).bmp,001_20200706_083236(5),.bmp,576,444,P,2ecafe03a59bda737cdcbfb3ae03cfbe8b68fe05d460f643b0f302c9a0094905,3호기,384,False,True
4. X-ray 검사장비 AI 데이터셋/dataset/test1/yolov3/X선이물검출기(06.23_09.22)/3호기(2020.09.22)/SN12053_20200706_NgImage/001_20200706_083239(5).bmp,001_20200706_083239(5),.bmp,576,444,P,37aa393307eb711d246e2ee4415a1ad7247ac931aa21af78a776e6de097a2bdc,3호기,416,False,True
4. X-ray 검사장비 AI 데이터셋/dataset/test1/yolov3/X선이물검출기(06.23_09.22)/3호기(2020.09.22)/SN12053_20200706_NgImage/001_20200706_083242(3).bmp,001_20200706_083242(3),.bmp,576,444,P,2565e73212a96ff38d7576e815b3d1e49dd30e6073385db08af2fbccb61b03f0,3호기,424,False,True
4. X-ray 검사장비 AI 데이터셋/dataset/test1/yolov3/X선이물검출기(06.23_09.22)/3호기(2020.09.22)/SN12053_20200706_NgImage/001_20200706_083245(3).bmp,001_20200706_083245(3),.bmp,576,444,P,4e3fec266ba0e281523680621a66780c099ca237ae4a8c610306221e474fcccd,3호기,408,False,True
4. X-ray 검사장비 AI 데이터셋/dataset/test1/yolov3/X선이물검출기(06.23_09.22)/3호기(2020.09.22)/SN12053_20200706_NgImage/001_20200706_083248(4).bmp,001_20200706_083248(4),.bmp,576,444,P,f4b1fee1d040a7cee2ab03eadeb760a37e79b9c44f9f27d7a07ff4eb29dfc67e,3호기,400,False,True
4. X-ray 검사장비 AI 데이터셋/dataset/test1/yolov3/X선이물검출기(06.23_09.22)/3호기(2020.09.22)/SN12053_20200706_NgImage/001_20200706_123355(3).bmp,001_20200706_123355(3),.bmp,576,444,P,d80710c2751562fbdfcc27f30aab91633546e3ff75bc89d895d150672e5a911d,3호기,392,False,True
4. X-ray 검사장비 AI 데이터셋/dataset/test1/yolov3/X선이물검출기(06.23_09.22)/3호기(2020.09.22)/SN12053_20200706_NgImage/001_20200706_123359(3).bmp,001_20200706_123359(3),.bmp,576,444,P,17ba89fbc517425ba107c9d4c247a21ee344988957d994603c9b19b67d0058c5,3호기,392,False,True
4. X-ray 검사장비 AI 데이터셋/dataset/test1/yolov3/X선이물검출기(06.23_09.22)/3호기(2020.09.22)/SN12053_20200706_NgImage/001_20200706_123411(3).bmp,001_20200706_123411(3),.bmp,576,444,P,52492cb147a663daa1c5b3253d6bd0b00a6e435b506f165ef050735f18ddcd12,3호기,384,False,True
4. X-ray 검사장비 AI 데이터셋/dataset/test1/yolov3/X선이물검출기(06.23_09.22)/3호기(2020.09.22)/SN12053_20200706_NgImage/001_20200706_123437(4).bmp,001_20200706_123437(4),.bmp,576,444,P,bea7a1067b75c8346755cb6b6eedd992de8ddbdd4a5b5ce963f8d1180ea92349,3호기,416,False,True
4. X-ray 검사장비 AI 데이터셋/dataset/test1/yolov3/X선이물검출기(06.23_09.22)/3호기(2020.09.22)/SN12053_20200706_NgImage/001_20200706_123445(4).bmp,001_20200706_123445(4),.bmp,576,444,P,4d84acc3a0d4130632e85859a6f49ef7800ec38eab76bb72b72c83fd0952832b,3호기,456,False,True
4. X-ray 검사장비 AI 데이터셋/dataset/test1/yolov3/X선이물검출기(06.23_09.22)/3호기(2020.09.22)/SN12053_20200706_NgImage/001_20200706_123449(4).bmp,001_20200706_123449(4),.bmp,576,444,P,c65e29324ae7e8ed5a4147bebf392ad277a28efe7eb061ecebb51ea49a7dd809,3호기,384,False,True
4. X-ray 검사장비 AI 데이터셋/dataset/test1/yolov3/X선이물검출기(06.23_09.22)/3호기(2020.09.22)/SN12053_20200706_NgImage/001_20200706_163108(5).bmp,001_20200706_163108(5),.bmp,576,444,P,4da520bbebead768f05d8ccc3535788415fbec0549a35b1b33296ba5c07d03fb,3호기,256,False,True
4. X-ray 검사장비 AI 데이터셋/dataset/test1/yolov3/X선이물검출기(06.23_09.22)/3호기(2020.09.22)/SN12053_20200706_NgImage/001_20200706_163112(5).bmp,001_20200706_163112(5),.bmp,576,444,P,c6fcff9f6348981fcd15edf9565548dd0120607de36eb8cfc601d644dcf1434e,3호기,256,False,True
4. X-ray 검사장비 AI 데이터셋/dataset/test1/yolov3/X선이물검출기(06.23_09.22)/3호기(2020.09.22)/SN12053_20200706_NgImage/001_20200706_163116(3).bmp,001_20200706_163116(3),.bmp,576,444,P,f9f164caa494f345e283b6d5e952f13e9a26df872d0d16bdb6c7c8a3bd86a8c3,3호기,136,False,True
4. X-ray 검사장비 AI 데이터셋/dataset/test1/yolov3/X선이물검출기(06.23_09.22)/3호기(2020.09.22)/SN12053_20200706_NgImage/001_20200706_163120(5).bmp,001_20200706_163120(5),.bmp,576,444,P,f774d69802f80621a3830b0ee316241873c09fdb8056e19dcfa2630ef146ecf1,3호기,256,False,True
4. X-ray 검사장비 AI 데이터셋/dataset/test1/yolov3/X선이물검출기(06.23_09.22)/3호기(2020.09.22)/SN12053_20200706_NgImage/001_20200706_163124(3).bmp,001_20200706_163124(3),.bmp,576,444,P,9ab7560372fec94cbfe6e5546b78d31b9e2257473323a9d8e07895febbd675fb,3호기,264,False,True
4. X-ray 검사장비 AI 데이터셋/dataset/test1/yolov3/X선이물검출기(06.23_09.22)/3호기(2020.09.22)/SN12053_20200706_NgImage/001_20200706_163134(3).bmp,001_20200706_163134(3),.bmp,576,444,P,6cf760de809067edaefbafda694282109367f7761fc3097f12083f992a6ce328,3호기,256,False,True
4. X-ray 검사장비 AI 데이터셋/dataset/test1/yolov3/X선이물검출기(06.23_09.22)/3호기(2020.09.22)/SN12053_20200706_NgImage/001_20200706_203245(6).bmp,001_20200706_203245(6),.bmp,576,444,P,00fe755d0295dd8111885b9b35df5de1947ed597a8b1c4a0aceaee9fc56ef694,3호기,384,False,True
4. X-ray 검사장비 AI 데이터셋/dataset/test1/yolov3/X선이물검출기(06.23_09.22)/3호기(2020.09.22)/SN12053_20200706_NgImage/001_20200706_203309(2).bmp,001_20200706_203309(2),.bmp,576,444,P,967638f0101ae7fd717fa7b54951834d022937dcf7c339acdb21ebca5e8368bb,3호기,384,False,True
4. X-ray 검사장비 AI 데이터셋/dataset/test1/yolov3/X선이물검출기(06.23_09.22)/3호기(2020.09.22)/SN12053_20200706_NgImage/001_20200706_203419(5).bmp,001_20200706_203419(5),.bmp,576,444,P,70acb2440d6b1bbe76209c5d233902b1dcaa0945041253365d4471df2fd2d104,3호기,400,False,True
4. X-ray 검사장비 AI 데이터셋/dataset/test1/yolov3/X선이물검출기(06.23_09.22)/3호기(2020.09.22)/SN12053_20200706_NgImage/001_20200706_203456(7).bmp,001_20200706_203456(7),.bmp,576,444,P,f625b94d102baa364f3cd7cfae076ac3fb6699c5b52891f387197cec1a4727e2,3호기,392,False,True
4. X-ray 검사장비 AI 데이터셋/dataset/test1/yolov3/X선이물검출기(06.23_09.22)/3호기(2020.09.22)/SN12053_20200706_NgImage/001_20200706_203500(1).bmp,001_20200706_203500(1),.bmp,576,444,P,9fcd94b045cecf1f80e6395d997dce64e65abb38ce13509205a0ee983d0f4aaa,3호기,384,False,True
4. X-ray 검사장비 AI 데이터셋/dataset/test1/yolov3/X선이물검출기(06.23_09.22)/3호기(2020.09.22)/SN12053_20200706_NgImage/001_20200706_203520(0).bmp,001_20200706_203520(0),.bmp,576,444,P,bd0151a06673c11b25428c5060f8fe7c725aeda5802a43b4bb1341d848962b32,3호기,384,False,True
4. X-ray 검사장비 AI 데이터셋/dataset/test1/yolov3/X선이물검출기(06.23_09.22)/3호기(2020.09.22)/SN12053_20200707_NgImage/001_20200706_203245(6).bmp,001_20200706_203245(6),.bmp,576,444,P,00fe755d0295dd8111885b9b35df5de1947ed597a8b1c4a0aceaee9fc56ef694,3호기,384,False,True
4. X-ray 검사장비 AI 데이터셋/dataset/test1/yolov3/X선이물검출기(06.23_09.22)/3호기(2020.09.22)/SN12053_20200707_NgImage/001_20200706_203309(2).bmp,001_20200706_203309(2),.bmp,576,444,P,967638f0101ae7fd717fa7b54951834d022937dcf7c339acdb21ebca5e8368bb,3호기,384,False,True
4. X-ray 검사장비 AI 데이터셋/dataset/test1/yolov3/X선이물검출기(06.23_09.22)/3호기(2020.09.22)/SN12053_20200707_NgImage/001_20200706_203419(5).bmp,001_20200706_203419(5),.bmp,576,444,P,70acb2440d6b1bbe76209c5d233902b1dcaa0945041253365d4471df2fd2d104,3호기,400,False,True
4. X-ray 검사장비 AI 데이터셋/dataset/test1/yolov3/X선이물검출기(06.23_09.22)/3호기(2020.09.22)/SN12053_20200707_NgImage/001_20200706_203456(7).bmp,001_20200706_203456(7),.bmp,576,444,P,f625b94d102baa364f3cd7cfae076ac3fb6699c5b52891f387197cec1a4727e2,3호기,392,False,True
4. X-ray 검사장비 AI 데이터셋/dataset/test1/yolov3/X선이물검출기(06.23_09.22)/3호기(2020.09.22)/SN12053_20200707_NgImage/001_20200706_203500(1).bmp,001_20200706_203500(1),.bmp,576,444,P,9fcd94b045cecf1f80e6395d997dce64e65abb38ce13509205a0ee983d0f4aaa,3호기,384,False,True
4. X-ray 검사장비 AI 데이터셋/dataset/test1/yolov3/X선이물검출기(06.23_09.22)/3호기(2020.09.22)/SN12053_20200707_NgImage/001_20200706_203520(0).bmp,001_20200706_203520(0),.bmp,576,444,P,bd0151a06673c11b25428c5060f8fe7c725aeda5802a43b4bb1341d848962b32,3호기,384,False,True
4. X-ray 검사장비 AI 데이터셋/dataset/test1/yolov3/X선이물검출기(06.23_09.22)/3호기(2020.09.22)/SN12053_20200707_NgImage/001_20200707_003223(4).bmp,001_20200707_003223(4),.bmp,576,444,P,9595a4f8b7aca078763372ade367ac29a745d289e3d82883f18db39dc6258a63,3호기,384,False,True
4. X-ray 검사장비 AI 데이터셋/dataset/test1/yolov3/X선이물검출기(06.23_09.22)/3호기(2020.09.22)/SN12053_20200707_NgImage/001_20200707_003233(9).bmp,001_20200707_003233(9),.bmp,576,444,P,c2c1ed7e6a7478045a8fd2d76fd2cb3bd10df834f86fe669f8a29a155a59af12,3호기,392,False,True
4. X-ray 검사장비 AI 데이터셋/dataset/test1/yolov3/X선이물검출기(06.23_09.22)/3호기(2020.09.22)/SN12053_20200707_NgImage/001_20200707_003256(1).bmp,001_20200707_003256(1),.bmp,576,444,P,83cd9c78c5de39d5a0fdc51dc2add9dc62cd3a3dda121d9476e11cba36029060,3호기,384,False,True
4. X-ray 검사장비 AI 데이터셋/dataset/test1/yolov3/X선이물검출기(06.23_09.22)/3호기(2020.09.22)/SN12053_20200707_NgImage/001_20200707_003312(2).bmp,001_20200707_003312(2),.bmp,576,444,P,b3815bb4e98c467ed10bccf5420247fa464567e57821449c01292c86636c18a3,3호기,384,False,True
4. X-ray 검사장비 AI 데이터셋/dataset/test1/yolov3/X선이물검출기(06.23_09.22)/3호기(2020.09.22)/SN12053_20200707_NgImage/001_20200707_003315(4).bmp,001_20200707_003315(4),.bmp,576,444,P,42124ca28d4709eb3b3e72fc8e0e7ff34f77e23499c1e6eb7a526150e566d879,3호기,384,False,True
4. X-ray 검사장비 AI 데이터셋/dataset/test1/yolov3/X선이물검출기(06.23_09.22)/3호기(2020.09.22)/SN12053_20200707_NgImage/001_20200707_003402(5).bmp,001_20200707_003402(5),.bmp,576,444,P,96138997a397608d3fcb48bcadcdb9ac509618371ffb1fd842d377b9edd6e8f2,3호기,392,False,True
4. X-ray 검사장비 AI 데이터셋/dataset/test1/yolov3/X선이물검출기(06.23_09.22)/3호기(2020.09.22)/SN12053_20200707_NgImage/001_20200707_043717(1).bmp,001_20200707_043717(1),.bmp,576,444,P,f6f079a908fdf4946bbb8e8465831e9c2a2f12ef87ab1a05769d3c71cc4ae05c,3호기,384,False,True
4. X-ray 검사장비 AI 데이터셋/dataset/test1/yolov3/X선이물검출기(06.23_09.22)/3호기(2020.09.22)/SN12053_20200707_NgImage/001_20200707_043827(5).bmp,001_20200707_043827(5),.bmp,576,444,P,87594f188f884cf74f670c78fd352fc33c5ecb1bf189878f1dcb755a86981d2c,3호기,384,False,True
4. X-ray 검사장비 AI 데이터셋/dataset/test1/yolov3/X선이물검출기(06.23_09.22)/3호기(2020.09.22)/SN12053_20200707_NgImage/001_20200707_043842(1).bmp,001_20200707_043842(1),.bmp,576,444,P,bbdb882bf8491d1c5cfc0d833b5170db1ba6c65119d002a9343fec708ce43f45,3호기,384,False,True
4. X-ray 검사장비 AI 데이터셋/dataset/test1/yolov3/X선이물검출기(06.23_09.22)/3호기(2020.09.22)/SN12053_20200707_NgImage/001_20200707_043856(6).bmp,001_20200707_043856(6),.bmp,576,444,P,0cb9b61a677a0fb7ac6dcf5d6270d968bc1a46f583d21cc3b11f385e9c28bb69,3호기,384,False,True
4. X-ray 검사장비 AI 데이터셋/dataset/test1/yolov3/X선이물검출기(06.23_09.22)/3호기(2020.09.22)/SN12053_20200707_NgImage/001_20200707_043900(9).bmp,001_20200707_043900(9),.bmp,576,444,P,4f98af443726cfc122a18fcccc5e3441e09f23947d5fbeddf0acd00241542330,3호기,384,False,True
4. X-ray 검사장비 AI 데이터셋/dataset/test1/yolov3/X선이물검출기(06.23_09.22)/3호기(2020.09.22)/SN12053_20200707_NgImage/001_20200707_044035(7).bmp,001_20200707_044035(7),.bmp,576,444,P,439dbb0fb8fcabeebea765840b369fb8c6d9580063df8524c4007e6f52e90435,3호기,384,False,True
4. X-ray 검사장비 AI 데이터셋/dataset/test1/yolov3/X선이물검출기(06.23_09.22)/3호기(2020.09.22)/SN12053_20200707_NgImage/001_20200707_083252(0).bmp,001_20200707_083252(0),.bmp,576,444,P,e47b6bfef6bb6f435faf88ab4af44457681a391658ecb5e7f8115a30f7d3d015,3호기,392,False,True
4. X-ray 검사장비 AI 데이터셋/dataset/test1/yolov3/X선이물검출기(06.23_09.22)/3호기(2020.09.22)/SN12053_20200707_NgImage/001_20200707_083254(7).bmp,001_20200707_083254(7),.bmp,576,444,P,69ad85aa0ff0c59c931e8340db6ddcf9b3caedd54a089c3391dd5b697d7f7f3f,3호기,264,False,True
4. X-ray 검사장비 AI 데이터셋/dataset/test1/yolov3/X선이물검출기(06.23_09.22)/3호기(2020.09.22)/SN12053_20200707_NgImage/001_20200707_083257(4).bmp,001_20200707_083257(4),.bmp,576,444,P,86401389be2c399fb11901a78e74c96f9fda45070e862d213815b0f16a69ffe8,3호기,128,False,True
4. X-ray 검사장비 AI 데이터셋/dataset/test1/yolov3/X선이물검출기(06.23_09.22)/3호기(2020.09.22)/SN12053_20200707_NgImage/001_20200707_083259(9).bmp,001_20200707_083259(9),.bmp,576,444,P,f40a8879ad0ecd93726327e1d0b554311e8611ef544275d3cb1e9900550af10d,3호기,392,False,True
4. X-ray 검사장비 AI 데이터셋/dataset/test1/yolov3/X선이물검출기(06.23_09.22)/3호기(2020.09.22)/SN12053_20200707_NgImage/001_20200707_083302(4).bmp,001_20200707_083302(4),.bmp,576,444,P,ddf3aecdd4a1cf163c9fdd27a692c156b23faefd030e28f3a799836cefd5d9ea,3호기,256,False,True
4. X-ray 검사장비 AI 데이터셋/dataset/test1/yolov3/X선이물검출기(06.23_09.22)/3호기(2020.09.22)/SN12053_20200707_NgImage/001_20200707_083305(1).bmp,001_20200707_083305(1),.bmp,576,444,P,7baa5b40a593ddfda9b9c420e78bcb7db5951f0f15101f4f64edab4b286a844c,3호기,384,False,True
4. X-ray 검사장비 AI 데이터셋/dataset/test1/yolov3/X선이물검출기(06.23_09.22)/3호기(2020.09.22)/SN12053_20200707_NgImage/001_20200707_123433(4).bmp,001_20200707_123433(4),.bmp,576,444,P,4bad066b82f7977c3ac18d8e00f9c34c390a14566818e4562e7ac3abbcfdb1b8,3호기,384,False,True
4. X-ray 검사장비 AI 데이터셋/dataset/test1/yolov3/X선이물검출기(06.23_09.22)/3호기(2020.09.22)/SN12053_20200707_NgImage/001_20200707_123441(2).bmp,001_20200707_123441(2),.bmp,576,444,P,02629b9833ed486f76f0448bd49c5b1d77b9550ce7c9f855654ccdd361a87707,3호기,384,False,True
4. X-ray 검사장비 AI 데이터셋/dataset/test1/yolov3/X선이물검출기(06.23_09.22)/3호기(2020.09.22)/SN12053_20200707_NgImage/001_20200707_123448(9).bmp,001_20200707_123448(9),.bmp,576,444,P,e1901fb7781eab91675de9f691df0b5332e2a03df01d48e7102a6aecdd9f7dd2,3호기,384,False,True
4. X-ray 검사장비 AI 데이터셋/dataset/test1/yolov3/X선이물검출기(06.23_09.22)/3호기(2020.09.22)/SN12053_20200707_NgImage/001_20200707_123557(9).bmp,001_20200707_123557(9),.bmp,576,444,P,9848265c270214716af3859934d1ad6cf4ef5fc7259a1b8e2ba2e001e79ff107,3호기,384,False,True
4. X-ray 검사장비 AI 데이터셋/dataset/test1/yolov3/X선이물검출기(06.23_09.22)/3호기(2020.09.22)/SN12053_20200707_NgImage/001_20200707_123605(6).bmp,001_20200707_123605(6),.bmp,576,444,P,4b2f46de535c26b43ff7f89255b92ae5ce3d44b221deca114edbb79a5bb3b011,3호기,384,False,True
4. X-ray 검사장비 AI 데이터셋/dataset/test1/yolov3/X선이물검출기(06.23_09.22)/3호기(2020.09.22)/SN12053_20200707_NgImage/001_20200707_123640(2).bmp,001_20200707_123640(2),.bmp,576,444,P,ee7db8fd38b7af3cc785caa886b19502afaf6dfc3dc33313ec514a177920ede1,3호기,456,False,True
4. X-ray 검사장비 AI 데이터셋/dataset/test1/yolov3/X선이물검출기(06.23_09.22)/3호기(2020.09.22)/SN12053_20200708_NgImage/001_20200708_041209(1).bmp,001_20200708_041209(1),.bmp,576,444,P,b459e9f622b1a6deeaf835aa286151e2b42d3d6d9c576b6efda19b0fde48d88f,3호기,392,False,True
4. X-ray 검사장비 AI 데이터셋/dataset/test1/yolov3/X선이물검출기(06.23_09.22)/3호기(2020.09.22)/SN12053_20200708_NgImage/001_20200708_041212(4).bmp,001_20200708_041212(4),.bmp,576,444,P,605e8effc43a6587b446e9ec3acf6615a910611bd6f0722e6f8e962b5dd29556,3호기,384,False,True
4. X-ray 검사장비 AI 데이터셋/dataset/test1/yolov3/X선이물검출기(06.23_09.22)/3호기(2020.09.22)/SN12053_20200708_NgImage/001_20200708_041219(0).bmp,001_20200708_041219(0),.bmp,576,444,P,25a42ecf8edab6fe662e3acf07e4c33607ee058f79b7feb677d9e78407f2d535,3호기,392,False,True
4. X-ray 검사장비 AI 데이터셋/dataset/test1/yolov3/X선이물검출기(06.23_09.22)/3호기(2020.09.22)/SN12053_20200708_NgImage/001_20200708_041228(7).bmp,001_20200708_041228(7),.bmp,576,444,P,6e55bd9292b8c8de800594124ee62f2c86532fc76628d76e8d02fdf8fa20a665,3호기,384,False,True
4. X-ray 검사장비 AI 데이터셋/dataset/test1/yolov3/X선이물검출기(06.23_09.22)/3호기(2020.09.22)/SN12053_20200708_NgImage/001_20200708_041231(7).bmp,001_20200708_041231(7),.bmp,576,444,P,9aa9ddf05100a48eb56a2741725488fe1ee349f3f2719d51bb4d18a4e088e6f5,3호기,384,False,True
4. X-ray 검사장비 AI 데이터셋/dataset/test1/yolov3/X선이물검출기(06.23_09.22)/3호기(2020.09.22)/SN12053_20200708_NgImage/001_20200708_093645(7).bmp,001_20200708_093645(7),.bmp,576,444,P,38b13b0ac9cc99bd3bc50e571911f90667ded6c61f54e34788976d43ee40ae35,3호기,392,False,True
4. X-ray 검사장비 AI 데이터셋/dataset/test1/yolov3/X선이물검출기(06.23_09.22)/3호기(2020.09.22)/SN12053_20200708_NgImage/001_20200708_093653(4).bmp,001_20200708_093653(4),.bmp,576,444,P,139b84f6bf1effca9bcc49b146f7d43358cd5315a010bebac6ed69dd12b49a20,3호기,384,False,True
4. X-ray 검사장비 AI 데이터셋/dataset/test1/yolov3/X선이물검출기(06.23_09.22)/3호기(2020.09.22)/SN12053_20200708_NgImage/001_20200708_093657(4).bmp,001_20200708_093657(4),.bmp,576,444,P,c101486cf8a194182c5a63c7707c0aff0dad985e1d682191e8a56fe736cff7c2,3호기,384,False,True
4. X-ray 검사장비 AI 데이터셋/dataset/test1/yolov3/X선이물검출기(06.23_09.22)/3호기(2020.09.22)/SN12053_20200708_NgImage/001_20200708_093703(5).bmp,001_20200708_093703(5),.bmp,576,444,P,f21b3f3e4179bc3b3a8f7af5ac8e75e7f74651781b9af3dc2c9600be4ed80fd7,3호기,384,False,True
4. X-ray 검사장비 AI 데이터셋/dataset/test1/yolov3/X선이물검출기(06.23_09.22)/3호기(2020.09.22)/SN12053_20200708_NgImage/001_20200708_093714(9).bmp,001_20200708_093714(9),.bmp,576,444,P,d5ff8294a51fc31980991ba98a20e1c591e92b621a465a8dadda8eb1563e4dd3,3호기,384,False,True
4. X-ray 검사장비 AI 데이터셋/dataset/test1/yolov3/X선이물검출기(06.23_09.22)/3호기(2020.09.22)/SN12053_20200708_NgImage/001_20200708_093723(4).bmp,001_20200708_093723(4),.bmp,576,444,P,54cf4394f22c62551c41e71139610a99f06ff76b367c1309a5e19f58be67e22e,3호기,400,False,True
4. X-ray 검사장비 AI 데이터셋/dataset/test1/yolov3/X선이물검출기(06.23_09.22)/3호기(2020.09.22)/SN12053_20200708_NgImage/001_20200708_123604(8).bmp,001_20200708_123604(8),.bmp,576,444,P,120322315f639a1770df09df5cad289222f2457f7417c06e0b18e1be47f78982,3호기,384,False,True
4. X-ray 검사장비 AI 데이터셋/dataset/test1/yolov3/X선이물검출기(06.23_09.22)/3호기(2020.09.22)/SN12053_20200708_NgImage/001_20200708_123620(9).bmp,001_20200708_123620(9),.bmp,576,444,P,96d783d22bf2d90633a4c71f87e486742dc82a0405c78cb354961c4b4bdafb83,3호기,384,False,True
4. X-ray 검사장비 AI 데이터셋/dataset/test1/yolov3/X선이물검출기(06.23_09.22)/3호기(2020.09.22)/SN12053_20200708_NgImage/001_20200708_123811(1).bmp,001_20200708_123811(1),.bmp,576,444,P,114976ac5bc0f7af114caf0483abe85f6641ab4131ebae135234f56d41d31f08,3호기,384,False,True
4. X-ray 검사장비 AI 데이터셋/dataset/test1/yolov3/X선이물검출기(06.23_09.22)/3호기(2020.09.22)/SN12053_20200708_NgImage/001_20200708_123855(3).bmp,001_20200708_123855(3),.bmp,576,444,P,2c8b41877363b7e40fa5d1fee52978ced8d740ab0901c124753432604dc81891,3호기,384,False,True
4. X-ray 검사장비 AI 데이터셋/dataset/test1/yolov3/X선이물검출기(06.23_09.22)/3호기(2020.09.22)/SN12053_20200708_NgImage/001_20200708_123935(2).bmp,001_20200708_123935(2),.bmp,576,444,P,e1a3662ef4c4b0f5b3c77111cadccdbc01c523a8e86c0dfff985d26a39ce3d54,3호기,392,False,True
4. X-ray 검사장비 AI 데이터셋/dataset/test1/yolov3/X선이물검출기(06.23_09.22)/3호기(2020.09.22)/SN12053_20200708_NgImage/001_20200708_123946(1).bmp,001_20200708_123946(1),.bmp,576,444,P,527ac88aeaae030707938b19031780d81dc7e908dcc59ea2e1c41d5b4968e60b,3호기,384,False,True
4. X-ray 검사장비 AI 데이터셋/dataset/test1/yolov3/X선이물검출기(06.23_09.22)/3호기(2020.09.22)/SN12053_20200708_NgImage/001_20200708_163845(3).bmp,001_20200708_163845(3),.bmp,576,444,P,e7c7048c60e666091535125f21eff7fb1a2514e4f012758c6c837079f55be790,3호기,128,False,True
4. X-ray 검사장비 AI 데이터셋/dataset/test1/yolov3/X선이물검출기(06.23_09.22)/3호기(2020.09.22)/SN12053_20200708_NgImage/001_20200708_163848(2).bmp,001_20200708_163848(2),.bmp,576,444,P,d986a1b37bc3ac6c67d89c652b7c9481ee5b06aee9fbda002e4c05aef846b7fd,3호기,256,False,True
4. X-ray 검사장비 AI 데이터셋/dataset/test1/yolov3/X선이물검출기(06.23_09.22)/3호기(2020.09.22)/SN12053_20200708_NgImage/001_20200708_163851(0).bmp,001_20200708_163851(0),.bmp,576,444,P,d0ca7796211bcae4f8f583b0319dbdf5ff18ff11c0562d11ca613a41f055ece6,3호기,128,False,True
4. X-ray 검사장비 AI 데이터셋/dataset/test1/yolov3/X선이물검출기(06.23_09.22)/3호기(2020.09.22)/SN12053_20200708_NgImage/001_20200708_163853(5).bmp,001_20200708_163853(5),.bmp,576,444,P,02108743c57d9852f77d1fc7d4a486d8b4e5a9a67c40bcac71cb76e615fbef80,3호기,256,False,True
4. X-ray 검사장비 AI 데이터셋/dataset/test1/yolov3/X선이물검출기(06.23_09.22)/3호기(2020.09.22)/SN12053_20200708_NgImage/001_20200708_163856(2).bmp,001_20200708_163856(2),.bmp,576,444,P,a5c602526daed3fdaf621a2c8fec3dfda48eea2a36ef534e9c7879de8f69039c,3호기,384,False,True
4. X-ray 검사장비 AI 데이터셋/dataset/test1/yolov3/X선이물검출기(06.23_09.22)/3호기(2020.09.22)/SN12053_20200708_NgImage/001_20200708_163858(9).bmp,001_20200708_163858(9),.bmp,576,444,P,c85a649cdf74c8cfd58427bc6c0c2f0e3e91e2b7c33bacf87e83269ec3f68ee6,3호기,384,False,True
4. X-ray 검사장비 AI 데이터셋/dataset/test1/yolov3/X선이물검출기(06.23_09.22)/3호기(2020.09.22)/SN12053_20200708_NgImage/001_20200708_203204(7).bmp,001_20200708_203204(7),.bmp,576,444,P,1d52b319848a17adb5341478528f65d28b97e73ec808e9fb3e99bc1cb3771888,3호기,384,False,True
4. X-ray 검사장비 AI 데이터셋/dataset/test1/yolov3/X선이물검출기(06.23_09.22)/3호기(2020.09.22)/SN12053_20200708_NgImage/001_20200708_203208(3).bmp,001_20200708_203208(3),.bmp,576,444,P,fc6b5d1245b4a53b9df31577b98f93cb336d9b3b5d911c0a515267304479a5c0,3호기,392,False,True
4. X-ray 검사장비 AI 데이터셋/dataset/test1/yolov3/X선이물검출기(06.23_09.22)/3호기(2020.09.22)/SN12053_20200708_NgImage/001_20200708_203247(7).bmp,001_20200708_203247(7),.bmp,576,444,P,e1472510da004ebacd1a2aff87fb67db31495660ff3f9b112ac5580ee352122b,3호기,384,False,True
4. X-ray 검사장비 AI 데이터셋/dataset/test1/yolov3/X선이물검출기(06.23_09.22)/3호기(2020.09.22)/SN12053_20200708_NgImage/001_20200708_203804(5).bmp,001_20200708_203804(5),.bmp,576,444,P,d85192af47a2456ad1c69c5d54d6c57b1d6af6f6bd0a2077815e79246ee5562c,3호기,392,False,True
4. X-ray 검사장비 AI 데이터셋/dataset/test1/yolov3/X선이물검출기(06.23_09.22)/3호기(2020.09.22)/SN12053_20200708_NgImage/001_20200708_203844(8).bmp,001_20200708_203844(8),.bmp,576,444,P,92c918d427473c332147f89f72e1f89ac179d081fca21b8a3ec98a3dbdac13a6,3호기,384,False,True
4. X-ray 검사장비 AI 데이터셋/dataset/test1/yolov3/X선이물검출기(06.23_09.22)/3호기(2020.09.22)/SN12053_20200708_NgImage/001_20200708_203917(6).bmp,001_20200708_203917(6),.bmp,576,444,P,7c944df18006aead6ac1b91e6ed57e0297231a4b98a02c511de1631c66a9ce3d,3호기,384,False,True
4. X-ray 검사장비 AI 데이터셋/dataset/test1/yolov3/X선이물검출기(06.23_09.22)/3호기(2020.09.22)/SN12053_20200713_NgImage/001_20200713_091052(5).bmp,001_20200713_091052(5),.bmp,576,444,P,c26021fd07c0d743bb4a077d40b5527df9c6dc202091492282019480fa3a3114,3호기,384,False,True
4. X-ray 검사장비 AI 데이터셋/dataset/test1/yolov3/X선이물검출기(06.23_09.22)/3호기(2020.09.22)/SN12053_20200713_NgImage/001_20200713_091104(2).bmp,001_20200713_091104(2),.bmp,576,444,P,4fd2af465e13caee104047a99eed2b53eb8c95ed199278efa0c0a7587f75542a,3호기,384,False,True
4. X-ray 검사장비 AI 데이터셋/dataset/test1/yolov3/X선이물검출기(06.23_09.22)/3호기(2020.09.22)/SN12053_20200713_NgImage/001_20200713_091113(2).bmp,001_20200713_091113(2),.bmp,576,444,P,ae0a8eae753f1b3dd95320663e4edaaee62e12adae7d321adc30b0ff432afa9d,3호기,392,False,True
4. X-ray 검사장비 AI 데이터셋/dataset/test1/yolov3/X선이물검출기(06.23_09.22)/3호기(2020.09.22)/SN12053_20200713_NgImage/001_20200713_091125(7).bmp,001_20200713_091125(7),.bmp,576,444,P,c290d1f953cc47d38fa4bf398d8b1842d3fd7b86926ad26f8206ece73fbba560,3호기,384,False,True
4. X-ray 검사장비 AI 데이터셋/dataset/test1/yolov3/X선이물검출기(06.23_09.22)/3호기(2020.09.22)/SN12053_20200713_NgImage/001_20200713_091129(5).bmp,001_20200713_091129(5),.bmp,576,444,P,924619821d451bb80a6b04fddb3b26ab155ba3250a1d040953f7da6172124b1b,3호기,392,False,True
4. X-ray 검사장비 AI 데이터셋/dataset/test1/yolov3/X선이물검출기(06.23_09.22)/3호기(2020.09.22)/SN12053_20200713_NgImage/001_20200713_091141(5).bmp,001_20200713_091141(5),.bmp,576,444,P,6d487519f6436c257942868fd4179786ae8f49a38cb610063e59efb28edaa7e0,3호기,384,False,True
4. X-ray 검사장비 AI 데이터셋/dataset/test1/yolov3/X선이물검출기(06.23_09.22)/3호기(2020.09.22)/SN12053_20200713_NgImage/001_20200713_123019(3).bmp,001_20200713_123019(3),.bmp,576,444,P,1af0993b0ad5d3622ab03bcfb75e64e74ed2a7bd5a96464a2e7b48b2f88d4e95,3호기,384,False,True
4. X-ray 검사장비 AI 데이터셋/dataset/test1/yolov3/X선이물검출기(06.23_09.22)/3호기(2020.09.22)/SN12053_20200713_NgImage/001_20200713_123032(8).bmp,001_20200713_123032(8),.bmp,576,444,P,cbd50824748e1f20056fb3e577f92391b5b5aacb81fab3c3403a11f5343a9be5,3호기,400,False,True
4. X-ray 검사장비 AI 데이터셋/dataset/test1/yolov3/X선이물검출기(06.23_09.22)/3호기(2020.09.22)/SN12053_20200713_NgImage/001_20200713_123043(4).bmp,001_20200713_123043(4),.bmp,576,444,P,4e14488d850f32662b817414660a427a4c2873982b893e37a70a72b0e1661a28,3호기,384,False,True
4. X-ray 검사장비 AI 데이터셋/dataset/test1/yolov3/X선이물검출기(06.23_09.22)/3호기(2020.09.22)/SN12053_20200713_NgImage/001_20200713_123049(2).bmp,001_20200713_123049(2),.bmp,576,444,P,537c2c9e660c3f25afe8565a4448e7f136858a4b1c04fdd2e25f3022ab81ec95,3호기,392,False,True
4. X-ray 검사장비 AI 데이터셋/dataset/test1/yolov3/X선이물검출기(06.23_09.22)/3호기(2020.09.22)/SN12053_20200713_NgImage/001_20200713_123108(0).bmp,001_20200713_123108(0),.bmp,576,444,P,895001856d7c5ac01b2b5bbe938b422415fde8c1f56ad1087fb16042f13d9c35,3호기,392,False,True
4. X-ray 검사장비 AI 데이터셋/dataset/test1/yolov3/X선이물검출기(06.23_09.22)/3호기(2020.09.22)/SN12053_20200713_NgImage/001_20200713_123114(3).bmp,001_20200713_123114(3),.bmp,576,444,P,90ee795818dd071c1df0553ea0a3dc4137eef2010abe1cec7dd7c6d7b6001246,3호기,392,False,True
4. X-ray 검사장비 AI 데이터셋/dataset/test1/yolov3/X선이물검출기(06.23_09.22)/3호기(2020.09.22)/SN12053_20200713_NgImage/001_20200713_163743(9).bmp,001_20200713_163743(9),.bmp,576,444,P,c29739445e2b37c1e596f3b8b0ced2d93b31cef117be11cb8b9fbfd08db80c4b,3호기,384,False,True
4. X-ray 검사장비 AI 데이터셋/dataset/test1/yolov3/X선이물검출기(06.23_09.22)/3호기(2020.09.22)/SN12053_20200713_NgImage/001_20200713_163757(3).bmp,001_20200713_163757(3),.bmp,576,444,P,878bb0ce91dfdce833db307129ce370d9fbfe79a9263ece3fa49f20a0a06f30c,3호기,400,False,True
4. X-ray 검사장비 AI 데이터셋/dataset/test1/yolov3/X선이물검출기(06.23_09.22)/3호기(2020.09.22)/SN12053_20200713_NgImage/001_20200713_163904(8).bmp,001_20200713_163904(8),.bmp,576,444,P,afc9a6f74e9eb6d64652108a883753b33f7fb9a12df36898f8a71655f1603be7,3호기,384,False,True
4. X-ray 검사장비 AI 데이터셋/dataset/test1/yolov3/X선이물검출기(06.23_09.22)/3호기(2020.09.22)/SN12053_20200713_NgImage/001_20200713_163925(9).bmp,001_20200713_163925(9),.bmp,576,444,P,3eeaa06274d0775a738dc8c91a2317ba9b86b8e96ee9f9afc8bdbbd536c7b82c,3호기,384,False,True
4. X-ray 검사장비 AI 데이터셋/dataset/test1/yolov3/X선이물검출기(06.23_09.22)/3호기(2020.09.22)/SN12053_20200713_NgImage/001_20200713_163945(4).bmp,001_20200713_163945(4),.bmp,576,444,P,95beb108878237c3618d1774f52fc94c34d1f0cef002414074b1bf916e9cdd7b,3호기,392,False,True
4. X-ray 검사장비 AI 데이터셋/dataset/test1/yolov3/X선이물검출기(06.23_09.22)/3호기(2020.09.22)/SN12053_20200713_NgImage/001_20200713_164009(3).bmp,001_20200713_164009(3),.bmp,576,444,P,190421a9be5bac815bdce086f3c679f84e9c7842c2c7c9f7206995cfe9976394,3호기,400,False,True
4. X-ray 검사장비 AI 데이터셋/dataset/test1/yolov3/X선이물검출기(06.23_09.22)/3호기(2020.09.22)/SN12053_20200713_NgImage/001_20200713_202630(0).bmp,001_20200713_202630(0),.bmp,576,444,P,82d910f3a92a334cc9f7cb219e33c4b3b568af2838da834c477acf1b71823a6a,3호기,128,False,True
4. X-ray 검사장비 AI 데이터셋/dataset/test1/yolov3/X선이물검출기(06.23_09.22)/3호기(2020.09.22)/SN12053_20200713_NgImage/001_20200713_202634(5).bmp,001_20200713_202634(5),.bmp,576,444,P,36ad3f6db0a888904307c9c49271f8c1400bf7bb9fdfb98a4cb7d99b38b2978b,3호기,400,False,True
4. X-ray 검사장비 AI 데이터셋/dataset/test1/yolov3/X선이물검출기(06.23_09.22)/3호기(2020.09.22)/SN12053_20200713_NgImage/001_20200713_202639(1).bmp,001_20200713_202639(1),.bmp,576,444,P,f6b5981cc87415843dd145ceeac9e21747cca48781befa00c36c73ee5b75ca12,3호기,256,False,True
4. X-ray 검사장비 AI 데이터셋/dataset/test1/yolov3/X선이물검출기(06.23_09.22)/3호기(2020.09.22)/SN12053_20200713_NgImage/001_20200713_202643(6).bmp,001_20200713_202643(6),.bmp,576,444,P,f5fd979418acc089837bdd15267db3aafc27c12248392b98aeed906ac60f23ec,3호기,264,False,True
4. X-ray 검사장비 AI 데이터셋/dataset/test1/yolov3/X선이물검출기(06.23_09.22)/3호기(2020.09.22)/SN12053_20200713_NgImage/001_20200713_202648(2).bmp,001_20200713_202648(2),.bmp,576,444,P,a42fd12af674423788118476b002d174d15b64b2b8de7ba974d524f0c6cd9ed5,3호기,400,False,True
4. X-ray 검사장비 AI 데이터셋/dataset/test1/yolov3/X선이물검출기(06.23_09.22)/3호기(2020.09.22)/SN12053_20200713_NgImage/001_20200713_202652(6).bmp,001_20200713_202652(6),.bmp,576,444,P,874e7e6bd5e04795a4b307981fd3cf42c682d32bc8a775883a32f7b028ae376c,3호기,392,False,True
4. X-ray 검사장비 AI 데이터셋/dataset/test1/yolov3/X선이물검출기(06.23_09.22)/3호기(2020.09.22)/SN12053_20200714_NgImage/001_20200713_091052(5).bmp,001_20200713_091052(5),.bmp,576,444,P,c26021fd07c0d743bb4a077d40b5527df9c6dc202091492282019480fa3a3114,3호기,384,False,True
4. X-ray 검사장비 AI 데이터셋/dataset/test1/yolov3/X선이물검출기(06.23_09.22)/3호기(2020.09.22)/SN12053_20200714_NgImage/001_20200713_091104(2).bmp,001_20200713_091104(2),.bmp,576,444,P,4fd2af465e13caee104047a99eed2b53eb8c95ed199278efa0c0a7587f75542a,3호기,384,False,True
4. X-ray 검사장비 AI 데이터셋/dataset/test1/yolov3/X선이물검출기(06.23_09.22)/3호기(2020.09.22)/SN12053_20200714_NgImage/001_20200713_091113(2).bmp,001_20200713_091113(2),.bmp,576,444,P,ae0a8eae753f1b3dd95320663e4edaaee62e12adae7d321adc30b0ff432afa9d,3호기,392,False,True
4. X-ray 검사장비 AI 데이터셋/dataset/test1/yolov3/X선이물검출기(06.23_09.22)/3호기(2020.09.22)/SN12053_20200714_NgImage/001_20200713_091125(7).bmp,001_20200713_091125(7),.bmp,576,444,P,c290d1f953cc47d38fa4bf398d8b1842d3fd7b86926ad26f8206ece73fbba560,3호기,384,False,True
4. X-ray 검사장비 AI 데이터셋/dataset/test1/yolov3/X선이물검출기(06.23_09.22)/3호기(2020.09.22)/SN12053_20200714_NgImage/001_20200713_091129(5).bmp,001_20200713_091129(5),.bmp,576,444,P,924619821d451bb80a6b04fddb3b26ab155ba3250a1d040953f7da6172124b1b,3호기,392,False,True
4. X-ray 검사장비 AI 데이터셋/dataset/test1/yolov3/X선이물검출기(06.23_09.22)/3호기(2020.09.22)/SN12053_20200714_NgImage/001_20200713_091141(5).bmp,001_20200713_091141(5),.bmp,576,444,P,6d487519f6436c257942868fd4179786ae8f49a38cb610063e59efb28edaa7e0,3호기,384,False,True
4. X-ray 검사장비 AI 데이터셋/dataset/test1/yolov3/X선이물검출기(06.23_09.22)/3호기(2020.09.22)/SN12053_20200714_NgImage/001_20200713_123019(3).bmp,001_20200713_123019(3),.bmp,576,444,P,1af0993b0ad5d3622ab03bcfb75e64e74ed2a7bd5a96464a2e7b48b2f88d4e95,3호기,384,False,True
4. X-ray 검사장비 AI 데이터셋/dataset/test1/yolov3/X선이물검출기(06.23_09.22)/3호기(2020.09.22)/SN12053_20200714_NgImage/001_20200713_123032(8).bmp,001_20200713_123032(8),.bmp,576,444,P,cbd50824748e1f20056fb3e577f92391b5b5aacb81fab3c3403a11f5343a9be5,3호기,400,False,True
4. X-ray 검사장비 AI 데이터셋/dataset/test1/yolov3/X선이물검출기(06.23_09.22)/3호기(2020.09.22)/SN12053_20200714_NgImage/001_20200713_123043(4).bmp,001_20200713_123043(4),.bmp,576,444,P,4e14488d850f32662b817414660a427a4c2873982b893e37a70a72b0e1661a28,3호기,384,False,True
4. X-ray 검사장비 AI 데이터셋/dataset/test1/yolov3/X선이물검출기(06.23_09.22)/3호기(2020.09.22)/SN12053_20200714_NgImage/001_20200713_123049(2).bmp,001_20200713_123049(2),.bmp,576,444,P,537c2c9e660c3f25afe8565a4448e7f136858a4b1c04fdd2e25f3022ab81ec95,3호기,392,False,True
4. X-ray 검사장비 AI 데이터셋/dataset/test1/yolov3/X선이물검출기(06.23_09.22)/3호기(2020.09.22)/SN12053_20200714_NgImage/001_20200713_123108(0).bmp,001_20200713_123108(0),.bmp,576,444,P,895001856d7c5ac01b2b5bbe938b422415fde8c1f56ad1087fb16042f13d9c35,3호기,392,False,True
4. X-ray 검사장비 AI 데이터셋/dataset/test1/yolov3/X선이물검출기(06.23_09.22)/3호기(2020.09.22)/SN12053_20200714_NgImage/001_20200713_123114(3).bmp,001_20200713_123114(3),.bmp,576,444,P,90ee795818dd071c1df0553ea0a3dc4137eef2010abe1cec7dd7c6d7b6001246,3호기,392,False,True
4. X-ray 검사장비 AI 데이터셋/dataset/test1/yolov3/X선이물검출기(06.23_09.22)/3호기(2020.09.22)/SN12053_20200714_NgImage/001_20200713_163743(9).bmp,001_20200713_163743(9),.bmp,576,444,P,c29739445e2b37c1e596f3b8b0ced2d93b31cef117be11cb8b9fbfd08db80c4b,3호기,384,False,True
4. X-ray 검사장비 AI 데이터셋/dataset/test1/yolov3/X선이물검출기(06.23_09.22)/3호기(2020.09.22)/SN12053_20200714_NgImage/001_20200713_163757(3).bmp,001_20200713_163757(3),.bmp,576,444,P,878bb0ce91dfdce833db307129ce370d9fbfe79a9263ece3fa49f20a0a06f30c,3호기,400,False,True
4. X-ray 검사장비 AI 데이터셋/dataset/test1/yolov3/X선이물검출기(06.23_09.22)/3호기(2020.09.22)/SN12053_20200714_NgImage/001_20200713_163904(8).bmp,001_20200713_163904(8),.bmp,576,444,P,afc9a6f74e9eb6d64652108a883753b33f7fb9a12df36898f8a71655f1603be7,3호기,384,False,True
4. X-ray 검사장비 AI 데이터셋/dataset/test1/yolov3/X선이물검출기(06.23_09.22)/3호기(2020.09.22)/SN12053_20200714_NgImage/001_20200713_163925(9).bmp,001_20200713_163925(9),.bmp,576,444,P,3eeaa06274d0775a738dc8c91a2317ba9b86b8e96ee9f9afc8bdbbd536c7b82c,3호기,384,False,True
4. X-ray 검사장비 AI 데이터셋/dataset/test1/yolov3/X선이물검출기(06.23_09.22)/3호기(2020.09.22)/SN12053_20200714_NgImage/001_20200713_163945(4).bmp,001_20200713_163945(4),.bmp,576,444,P,95beb108878237c3618d1774f52fc94c34d1f0cef002414074b1bf916e9cdd7b,3호기,392,False,True
4. X-ray 검사장비 AI 데이터셋/dataset/test1/yolov3/X선이물검출기(06.23_09.22)/3호기(2020.09.22)/SN12053_20200714_NgImage/001_20200713_164009(3).bmp,001_20200713_164009(3),.bmp,576,444,P,190421a9be5bac815bdce086f3c679f84e9c7842c2c7c9f7206995cfe9976394,3호기,400,False,True
4. X-ray 검사장비 AI 데이터셋/dataset/test1/yolov3/X선이물검출기(06.23_09.22)/3호기(2020.09.22)/SN12053_20200714_NgImage/001_20200713_202630(0).bmp,001_20200713_202630(0),.bmp,576,444,P,82d910f3a92a334cc9f7cb219e33c4b3b568af2838da834c477acf1b71823a6a,3호기,128,False,True
4. X-ray 검사장비 AI 데이터셋/dataset/test1/yolov3/X선이물검출기(06.23_09.22)/3호기(2020.09.22)/SN12053_20200714_NgImage/001_20200713_202634(5).bmp,001_20200713_202634(5),.bmp,576,444,P,36ad3f6db0a888904307c9c49271f8c1400bf7bb9fdfb98a4cb7d99b38b2978b,3호기,400,False,True
4. X-ray 검사장비 AI 데이터셋/dataset/test1/yolov3/X선이물검출기(06.23_09.22)/3호기(2020.09.22)/SN12053_20200714_NgImage/001_20200713_202639(1).bmp,001_20200713_202639(1),.bmp,576,444,P,f6b5981cc87415843dd145ceeac9e21747cca48781befa00c36c73ee5b75ca12,3호기,256,False,True
4. X-ray 검사장비 AI 데이터셋/dataset/test1/yolov3/X선이물검출기(06.23_09.22)/3호기(2020.09.22)/SN12053_20200714_NgImage/001_20200713_202643(6).bmp,001_20200713_202643(6),.bmp,576,444,P,f5fd979418acc089837bdd15267db3aafc27c12248392b98aeed906ac60f23ec,3호기,264,False,True
4. X-ray 검사장비 AI 데이터셋/dataset/test1/yolov3/X선이물검출기(06.23_09.22)/3호기(2020.09.22)/SN12053_20200714_NgImage/001_20200713_202648(2).bmp,001_20200713_202648(2),.bmp,576,444,P,a42fd12af674423788118476b002d174d15b64b2b8de7ba974d524f0c6cd9ed5,3호기,400,False,True
4. X-ray 검사장비 AI 데이터셋/dataset/test1/yolov3/X선이물검출기(06.23_09.22)/3호기(2020.09.22)/SN12053_20200714_NgImage/001_20200713_202652(6).bmp,001_20200713_202652(6),.bmp,576,444,P,874e7e6bd5e04795a4b307981fd3cf42c682d32bc8a775883a32f7b028ae376c,3호기,392,False,True
4. X-ray 검사장비 AI 데이터셋/dataset/test1/yolov3/X선이물검출기(06.23_09.22)/3호기(2020.09.22)/SN12053_20200714_NgImage/001_20200714_003045(4).bmp,001_20200714_003045(4),.bmp,576,444,P,cf2a409eb0705c527724ab8edfb394bc878fc27c34de523aeba6433a313f4c03,3호기,392,False,True
4. X-ray 검사장비 AI 데이터셋/dataset/test1/yolov3/X선이물검출기(06.23_09.22)/3호기(2020.09.22)/SN12053_20200714_NgImage/001_20200714_003052(4).bmp,001_20200714_003052(4),.bmp,576,444,P,40bf0074adbc03c7d6cc6563a80a7325db0e3130e14544342835aac9c395951a,3호기,392,False,True
4. X-ray 검사장비 AI 데이터셋/dataset/test1/yolov3/X선이물검출기(06.23_09.22)/3호기(2020.09.22)/SN12053_20200714_NgImage/001_20200714_003110(6).bmp,001_20200714_003110(6),.bmp,576,444,P,50a4e40e82669086d0ca9a4ca3131b5a153ef05ed7584d5ef118262dae65bd0a,3호기,384,False,True
4. X-ray 검사장비 AI 데이터셋/dataset/test1/yolov3/X선이물검출기(06.23_09.22)/3호기(2020.09.22)/SN12053_20200714_NgImage/001_20200714_003118(1).bmp,001_20200714_003118(1),.bmp,576,444,P,436426368a88b8bd64f8531919ba74078fb3c3a4c64af6796d65a4f77ba24fe3,3호기,392,False,True
4. X-ray 검사장비 AI 데이터셋/dataset/test1/yolov3/X선이물검출기(06.23_09.22)/3호기(2020.09.22)/SN12053_20200714_NgImage/001_20200714_003133(7).bmp,001_20200714_003133(7),.bmp,576,444,P,f202afa87c11f224770ae2dc303713402e67d20894ba1aab9e808172c6f3a6fc,3호기,384,False,True
4. X-ray 검사장비 AI 데이터셋/dataset/test1/yolov3/X선이물검출기(06.23_09.22)/3호기(2020.09.22)/SN12053_20200714_NgImage/001_20200714_003137(8).bmp,001_20200714_003137(8),.bmp,576,444,P,3abb9880179e1b9642bb264ed90bf3bb34a105c10d4be95670c0f029a072f2de,3호기,384,False,True
4. X-ray 검사장비 AI 데이터셋/dataset/test1/yolov3/X선이물검출기(06.23_09.22)/3호기(2020.09.22)/SN12053_20200714_NgImage/001_20200714_042943(8).bmp,001_20200714_042943(8),.bmp,576,444,P,4192b990870a7d889a1e7d95958bf6a4f6ba20d5911dd7df25028f9ae11b85a1,3호기,400,False,True
4. X-ray 검사장비 AI 데이터셋/dataset/test1/yolov3/X선이물검출기(06.23_09.22)/3호기(2020.09.22)/SN12053_20200714_NgImage/001_20200714_042948(4).bmp,001_20200714_042948(4),.bmp,576,444,P,95db3354e777d294fc21039709affe384e1379a180a1989043feb054a1319e85,3호기,392,False,True
4. X-ray 검사장비 AI 데이터셋/dataset/test1/yolov3/X선이물검출기(06.23_09.22)/3호기(2020.09.22)/SN12053_20200714_NgImage/001_20200714_042957(3).bmp,001_20200714_042957(3),.bmp,576,444,P,b31461703cef803cb5ff78d0626002896c4f9b7119df8f65ef4221ca09919772,3호기,384,False,True
4. X-ray 검사장비 AI 데이터셋/dataset/test1/yolov3/X선이물검출기(06.23_09.22)/3호기(2020.09.22)/SN12053_20200714_NgImage/001_20200714_043001(8).bmp,001_20200714_043001(8),.bmp,576,444,P,fc6561aee99ef03a53c35411839f47ebd8868f10ecb60cdd52aa1b03b708c27e,3호기,384,False,True
4. X-ray 검사장비 AI 데이터셋/dataset/test1/yolov3/X선이물검출기(06.23_09.22)/3호기(2020.09.22)/SN12053_20200714_NgImage/001_20200714_043006(2).bmp,001_20200714_043006(2),.bmp,576,444,P,3ec007eac0fe71b9b3e351eb660aa47c7f895a658ba65b60949974b8e6b2dd43,3호기,384,False,True
4. X-ray 검사장비 AI 데이터셋/dataset/test1/yolov3/X선이물검출기(06.23_09.22)/3호기(2020.09.22)/SN12053_20200714_NgImage/001_20200714_043010(8).bmp,001_20200714_043010(8),.bmp,576,444,P,d41baa4d20156e8992406f554414cf74ba44c4e0293f62ab817eb3f83ac7079c,3호기,400,False,True
4. X-ray 검사장비 AI 데이터셋/dataset/test1/yolov3/X선이물검출기(06.23_09.22)/3호기(2020.09.22)/SN12053_20200714_NgImage/001_20200714_084009(9).bmp,001_20200714_084009(9),.bmp,576,444,P,ee7d246d6bd4a03b010ab9a1079640bd7aeb1f7171707d5970b8f2bf8bfb09ff,3호기,400,False,True
4. X-ray 검사장비 AI 데이터셋/dataset/test1/yolov3/X선이물검출기(06.23_09.22)/3호기(2020.09.22)/SN12053_20200714_NgImage/001_20200714_084013(3).bmp,001_20200714_084013(3),.bmp,576,444,P,cbfd66be9cda0eb313600869cfba598b3dadd7be73deb9cdf35bb5dfcb0e416b,3호기,400,False,True
4. X-ray 검사장비 AI 데이터셋/dataset/test1/yolov3/X선이물검출기(06.23_09.22)/3호기(2020.09.22)/SN12053_20200714_NgImage/001_20200714_084020(1).bmp,001_20200714_084020(1),.bmp,576,444,P,884804a4393b08635d5aa044ed90839663dd61a19f20d81c4a2144c714d7202c,3호기,384,False,True
4. X-ray 검사장비 AI 데이터셋/dataset/test1/yolov3/X선이물검출기(06.23_09.22)/3호기(2020.09.22)/SN12053_20200714_NgImage/001_20200714_084027(0).bmp,001_20200714_084027(0),.bmp,576,444,P,dc9e470c6aa2e4d5872e397f0035a3e859e5132c44018bd6b7b4e6809ecd2762,3호기,392,False,True
4. X-ray 검사장비 AI 데이터셋/dataset/test1/yolov3/X선이물검출기(06.23_09.22)/3호기(2020.09.22)/SN12053_20200714_NgImage/001_20200714_084047(6).bmp,001_20200714_084047(6),.bmp,576,444,P,adba1ca73cd68a9de5565f607d07218f0f59afc4ab1f1a8722c93aea49728169,3호기,392,False,True
4. X-ray 검사장비 AI 데이터셋/dataset/test1/yolov3/X선이물검출기(06.23_09.22)/3호기(2020.09.22)/SN12053_20200714_NgImage/001_20200714_084106(0).bmp,001_20200714_084106(0),.bmp,576,444,P,06d4788acdaec485c69217f2399718105e221ed4106ff7b5721d39408dd6951a,3호기,384,False,True
4. X-ray 검사장비 AI 데이터셋/dataset/test1/yolov3/X선이물검출기(06.23_09.22)/3호기(2020.09.22)/SN12053_20200714_NgImage/001_20200714_123235(9).bmp,001_20200714_123235(9),.bmp,576,444,P,b16fffad7605a3fc7d9a079315559ebe3667f0c67ed05f10c19fe02b00ddd369,3호기,384,False,True
4. X-ray 검사장비 AI 데이터셋/dataset/test1/yolov3/X선이물검출기(06.23_09.22)/3호기(2020.09.22)/SN12053_20200714_NgImage/001_20200714_123240(4).bmp,001_20200714_123240(4),.bmp,576,444,P,946387e76e44843190d8b97d886f71cd0ca0840db1c5d2f643511ac69c67792e,3호기,440,False,True
4. X-ray 검사장비 AI 데이터셋/dataset/test1/yolov3/X선이물검출기(06.23_09.22)/3호기(2020.09.22)/SN12053_20200714_NgImage/001_20200714_123244(9).bmp,001_20200714_123244(9),.bmp,576,444,P,f45ada5328635a6c6c6500c8c63e876f3d2cb58eb286cde59a5ba2d54cd3c436,3호기,384,False,True
4. X-ray 검사장비 AI 데이터셋/dataset/test1/yolov3/X선이물검출기(06.23_09.22)/3호기(2020.09.22)/SN12053_20200714_NgImage/001_20200714_123249(5).bmp,001_20200714_123249(5),.bmp,576,444,P,55ca847112e7c39309f7e93b6812243447fac1aeebca34de97a9d4f1a2a5302d,3호기,384,False,True
4. X-ray 검사장비 AI 데이터셋/dataset/test1/yolov3/X선이물검출기(06.23_09.22)/3호기(2020.09.22)/SN12053_20200714_NgImage/001_20200714_123253(9).bmp,001_20200714_123253(9),.bmp,576,444,P,3e60eac6a0cd0dda287f75f3351b679524a5732ddfee4d58bad176b01a10e189,3호기,384,False,True
4. X-ray 검사장비 AI 데이터셋/dataset/test1/yolov3/X선이물검출기(06.23_09.22)/3호기(2020.09.22)/SN12053_20200714_NgImage/001_20200714_123258(4).bmp,001_20200714_123258(4),.bmp,576,444,P,b4aafe1711a0239092e92e989063645d3165751adffb443d320444cf767a646a,3호기,408,False,True
4. X-ray 검사장비 AI 데이터셋/dataset/test1/yolov3/X선이물검출기(06.23_09.22)/3호기(2020.09.22)/SN12053_20200714_NgImage/001_20200714_163058(0).bmp,001_20200714_163058(0),.bmp,576,444,P,5c1e18e5d4e6a35d72bea7bf20188f23016fbc81e4f3bd0424ebe8e047e0bd3d,3호기,384,False,True
4. X-ray 검사장비 AI 데이터셋/dataset/test1/yolov3/X선이물검출기(06.23_09.22)/3호기(2020.09.22)/SN12053_20200714_NgImage/001_20200714_163100(9).bmp,001_20200714_163100(9),.bmp,576,444,P,bbd011969e4638b3e471f8641b63f999d1ba1d87914c74a30be3302bd7e4592d,3호기,568,False,True
4. X-ray 검사장비 AI 데이터셋/dataset/test1/yolov3/X선이물검출기(06.23_09.22)/3호기(2020.09.22)/SN12053_20200714_NgImage/001_20200714_163104(1).bmp,001_20200714_163104(1),.bmp,576,444,P,86d0d02484d1c17a8b47c80166822b8ea3ec0e4282a1234354bc817e07b670ff,3호기,536,False,True
4. X-ray 검사장비 AI 데이터셋/dataset/test1/yolov3/X선이물검출기(06.23_09.22)/3호기(2020.09.22)/SN12053_20200714_NgImage/001_20200714_163107(2).bmp,001_20200714_163107(2),.bmp,576,444,P,3ef8f7ab7ea1e989bf347aa947b40f04736418e45857c1fb13b9ae50261dd4b5,3호기,512,False,True
4. X-ray 검사장비 AI 데이터셋/dataset/test1/yolov3/X선이물검출기(06.23_09.22)/3호기(2020.09.22)/SN12053_20200714_NgImage/001_20200714_163110(3).bmp,001_20200714_163110(3),.bmp,576,444,P,0f1e97e63ee3662a5fe902bbe5df03c7a8aec1c803f1e8776ee8b0a9ba3992cd,3호기,576,False,True
4. X-ray 검사장비 AI 데이터셋/dataset/test1/yolov3/X선이물검출기(06.23_09.22)/3호기(2020.09.22)/SN12053_20200714_NgImage/001_20200714_163113(3).bmp,001_20200714_163113(3),.bmp,576,444,P,8ac08d0c4aa1603b8cba0afc77fb5db1e170c093b54916cc49df1431d6828b9b,3호기,600,False,True
4. X-ray 검사장비 AI 데이터셋/dataset/test1/yolov3/X선이물검출기(06.23_09.22)/3호기(2020.09.22)/SN12053_20200714_NgImage/001_20200714_225902(4).bmp,001_20200714_225902(4),.bmp,576,444,P,3875dcbc0576d6cd9569764bf93c38a14e217ca90b50237b0666e8c2a2ec0a97,3호기,392,False,True
4. X-ray 검사장비 AI 데이터셋/dataset/test1/yolov3/X선이물검출기(06.23_09.22)/3호기(2020.09.22)/SN12053_20200714_NgImage/001_20200714_225906(4).bmp,001_20200714_225906(4),.bmp,576,444,P,d37899f2552b283d2ebfb3e99f9715b6b3bf762ae6ff32bc044876446013cf0c,3호기,384,False,True
4. X-ray 검사장비 AI 데이터셋/dataset/test1/yolov3/X선이물검출기(06.23_09.22)/3호기(2020.09.22)/SN12053_20200714_NgImage/001_20200714_225909(9).bmp,001_20200714_225909(9),.bmp,576,444,P,0f55a10df37fb54f128f1bbc0ca74e43819e3ffb3c2d3f2deb0621f466e06813,3호기,392,False,True
4. X-ray 검사장비 AI 데이터셋/dataset/test1/yolov3/X선이물검출기(06.23_09.22)/3호기(2020.09.22)/SN12053_20200714_NgImage/001_20200714_225913(0).bmp,001_20200714_225913(0),.bmp,576,444,P,28df4a72cec47d46446ece3d009c65c92ab00fd0aa7cf579658568c64e6e8409,3호기,384,False,True
4. X-ray 검사장비 AI 데이터셋/dataset/test1/yolov3/X선이물검출기(06.23_09.22)/3호기(2020.09.22)/SN12053_20200714_NgImage/001_20200714_225916(1).bmp,001_20200714_225916(1),.bmp,576,444,P,fddcaf831cbd90abc7bd263578307f37f736262c5f537b5b26146bbf5ad63fcf,3호기,384,False,True
4. X-ray 검사장비 AI 데이터셋/dataset/test1/yolov3/X선이물검출기(06.23_09.22)/3호기(2020.09.22)/SN12053_20200714_NgImage/001_20200714_225919(2).bmp,001_20200714_225919(2),.bmp,576,444,P,5ee4089fc2ac5f364afed903be6a4078952b11eb2a05e3aff23ea9dd55f8360e,3호기,384,False,True
4. X-ray 검사장비 AI 데이터셋/dataset/test1/yolov3/X선이물검출기(06.23_09.22)/3호기(2020.09.22)/SN12053_20200715_NgImage/001_20200715_002651(8).bmp,001_20200715_002651(8),.bmp,576,444,P,f7f76467dcb733b668e1db91d06ab6289c6aeb55f1a026bc65283c1402273cc0,3호기,400,False,True
4. X-ray 검사장비 AI 데이터셋/dataset/test1/yolov3/X선이물검출기(06.23_09.22)/3호기(2020.09.22)/SN12053_20200715_NgImage/001_20200715_002656(3).bmp,001_20200715_002656(3),.bmp,576,444,P,5908a7089aa6548342a4382ad806bf7c220705c3b3094b7239d086ea3fb93b2f,3호기,400,False,True
4. X-ray 검사장비 AI 데이터셋/dataset/test1/yolov3/X선이물검출기(06.23_09.22)/3호기(2020.09.22)/SN12053_20200715_NgImage/001_20200715_002700(8).bmp,001_20200715_002700(8),.bmp,576,444,P,ea2c9072cc2c4cc7b75d9ed4bd6956944ea68afd6ab135e7c50b92a519fdc073,3호기,400,False,True
4. X-ray 검사장비 AI 데이터셋/dataset/test1/yolov3/X선이물검출기(06.23_09.22)/3호기(2020.09.22)/SN12053_20200715_NgImage/001_20200715_002705(1).bmp,001_20200715_002705(1),.bmp,576,444,P,1ff8b80507eb065875898dc5734f3d9c857ba4ce76d1bf8c953266f1aa35cf7c,3호기,392,False,True
4. X-ray 검사장비 AI 데이터셋/dataset/test1/yolov3/X선이물검출기(06.23_09.22)/3호기(2020.09.22)/SN12053_20200715_NgImage/001_20200715_002709(8).bmp,001_20200715_002709(8),.bmp,576,444,P,435d8309d213ddca7838f4e7809bbf33db4c2c5d36d5e3eb6b0e9dc32a18dc5c,3호기,384,False,True
4. X-ray 검사장비 AI 데이터셋/dataset/test1/yolov3/X선이물검출기(06.23_09.22)/3호기(2020.09.22)/SN12053_20200715_NgImage/001_20200715_002714(2).bmp,001_20200715_002714(2),.bmp,576,444,P,13aaa2fe83ffe3546ace68c3bbdc34494c1ff0b9a348220b69c50b02734731ad,3호기,392,False,True
4. X-ray 검사장비 AI 데이터셋/dataset/test1/yolov3/X선이물검출기(06.23_09.22)/3호기(2020.09.22)/SN12053_20200715_NgImage/001_20200715_042104(4).bmp,001_20200715_042104(4),.bmp,576,444,P,2c6cefb5e997728bcc852fd269ef9341600a3bb001a83044b3d426393be8593e,3호기,392,False,True
4. X-ray 검사장비 AI 데이터셋/dataset/test1/yolov3/X선이물검출기(06.23_09.22)/3호기(2020.09.22)/SN12053_20200715_NgImage/001_20200715_042108(8).bmp,001_20200715_042108(8),.bmp,576,444,P,7b16cd7e822aa1caef0490a8e6272061b97e98a4ae96eb18e9f34794178ee5d8,3호기,392,False,True
4. X-ray 검사장비 AI 데이터셋/dataset/test1/yolov3/X선이물검출기(06.23_09.22)/3호기(2020.09.22)/SN12053_20200715_NgImage/001_20200715_042113(4).bmp,001_20200715_042113(4),.bmp,576,444,P,84507d7a76ea68983e1a62d31b373fe0595215f6500799e04115effd06e5ea7b,3호기,392,False,True
4. X-ray 검사장비 AI 데이터셋/dataset/test1/yolov3/X선이물검출기(06.23_09.22)/3호기(2020.09.22)/SN12053_20200715_NgImage/001_20200715_042118(0).bmp,001_20200715_042118(0),.bmp,576,444,P,5ddd29f602eecd77aaf39b87bf7a8a84aa212aaf5bc396e5fe91af1a147de362,3호기,392,False,True
4. X-ray 검사장비 AI 데이터셋/dataset/test1/yolov3/X선이물검출기(06.23_09.22)/3호기(2020.09.22)/SN12053_20200715_NgImage/001_20200715_042122(5).bmp,001_20200715_042122(5),.bmp,576,444,P,da8dd4ff27fcc34d4367c1c2e8429ab68495761a9c2b8c47ffae58e9b365a78a,3호기,400,False,True
4. X-ray 검사장비 AI 데이터셋/dataset/test1/yolov3/X선이물검출기(06.23_09.22)/3호기(2020.09.22)/SN12053_20200715_NgImage/001_20200715_042127(0).bmp,001_20200715_042127(0),.bmp,576,444,P,625eb6fcff05999f55908a3f03cac7718099ceac4aac28f1cdba2ff503f63ff3,3호기,408,False,True
4. X-ray 검사장비 AI 데이터셋/dataset/test1/yolov3/X선이물검출기(06.23_09.22)/3호기(2020.09.22)/SN12053_20200715_NgImage/001_20200715_083509(3).bmp,001_20200715_083509(3),.bmp,576,444,P,1ba4dee7ed5e22b4990aca8ce7f9c7aa6b3e1317c8b2e0f94acfa07ad8738fe2,3호기,392,False,True
4. X-ray 검사장비 AI 데이터셋/dataset/test1/yolov3/X선이물검출기(06.23_09.22)/3호기(2020.09.22)/SN12053_20200715_NgImage/001_20200715_083513(8).bmp,001_20200715_083513(8),.bmp,576,444,P,193e574e21df82fdbc78663b16dda191ae4b7639c8a7613949c19d91dc0e7e55,3호기,400,False,True
4. X-ray 검사장비 AI 데이터셋/dataset/test1/yolov3/X선이물검출기(06.23_09.22)/3호기(2020.09.22)/SN12053_20200715_NgImage/001_20200715_083518(2).bmp,001_20200715_083518(2),.bmp,576,444,P,9b47b5577cb915b7852d5669ce0afa84637fd499bf1062ca15e408cd133e2368,3호기,392,False,True
4. X-ray 검사장비 AI 데이터셋/dataset/test1/yolov3/X선이물검출기(06.23_09.22)/3호기(2020.09.22)/SN12053_20200715_NgImage/001_20200715_083522(7).bmp,001_20200715_083522(7),.bmp,576,444,P,77059c8d410d4798f424d2556c0abac9b66be5c3c72d0e9fb96d43ceac64bc8d,3호기,392,False,True
4. X-ray 검사장비 AI 데이터셋/dataset/test1/yolov3/X선이물검출기(06.23_09.22)/3호기(2020.09.22)/SN12053_20200715_NgImage/001_20200715_083527(3).bmp,001_20200715_083527(3),.bmp,576,444,P,fa40392fbbac2cbae2012b6c29f61ac4158cf328be4d68f5234a97e078c91bbd,3호기,440,False,True
4. X-ray 검사장비 AI 데이터셋/dataset/test1/yolov3/X선이물검출기(06.23_09.22)/3호기(2020.09.22)/SN12053_20200715_NgImage/001_20200715_083531(8).bmp,001_20200715_083531(8),.bmp,576,444,P,87cc3d8a3c646135810e74fda92b24a700af397239d9394076cfd4c00f8fc26d,3호기,400,False,True
4. X-ray 검사장비 AI 데이터셋/dataset/test1/yolov3/X선이물검출기(06.23_09.22)/3호기(2020.09.22)/SN12053_20200721_NgImage/001_20200721_163828(2).bmp,001_20200721_163828(2),.bmp,576,444,P,c1a4b9a01b4434238cee35e63ce6dcf65c147a2d7b66fa2b62be09ef4a22202c,3호기,136,False,True
4. X-ray 검사장비 AI 데이터셋/dataset/test1/yolov3/X선이물검출기(06.23_09.22)/3호기(2020.09.22)/SN12053_20200721_NgImage/001_20200721_163831(6).bmp,001_20200721_163831(6),.bmp,576,444,P,709eb45725eb9825fadf1e09cb3df10b6c7f122e6159382435bdaed8bda56e18,3호기,136,False,True
4. X-ray 검사장비 AI 데이터셋/dataset/test1/yolov3/X선이물검출기(06.23_09.22)/3호기(2020.09.22)/SN12053_20200721_NgImage/001_20200721_163835(0).bmp,001_20200721_163835(0),.bmp,576,444,P,f3bdad0ee9bb99ced5e0631384bbae3d01d052474cbe947586789f66ae2178cf,3호기,128,False,True
4. X-ray 검사장비 AI 데이터셋/dataset/test1/yolov3/X선이물검출기(06.23_09.22)/3호기(2020.09.22)/SN12053_20200721_NgImage/001_20200721_163838(2).bmp,001_20200721_163838(2),.bmp,576,444,P,8fabddc9373315f42c7613b31448d3a3d1cc77cdac7acb92d286baee318607a1,3호기,128,False,True
4. X-ray 검사장비 AI 데이터셋/dataset/test1/yolov3/X선이물검출기(06.23_09.22)/3호기(2020.09.22)/SN12053_20200721_NgImage/001_20200721_163841(6).bmp,001_20200721_163841(6),.bmp,576,444,P,693e6a0e1942a944162d39a730c1803bfd2c2b76f7b6f1e6d82e75267f22923e,3호기,136,False,True
4. X-ray 검사장비 AI 데이터셋/dataset/test1/yolov3/X선이물검출기(06.23_09.22)/3호기(2020.09.22)/SN12053_20200721_NgImage/001_20200721_163845(0).bmp,001_20200721_163845(0),.bmp,576,444,P,5ce0e8f9497d9c0a14a871fad1461533130885c10938e7484f0770a455a6d2e1,3호기,136,False,True
4. X-ray 검사장비 AI 데이터셋/dataset/test1/yolov3/X선이물검출기(06.23_09.22)/3호기(2020.09.22)/SN12053_20200722_NgImage/001_20200722_003342(7).bmp,001_20200722_003342(7),.bmp,576,444,P,092b7a1a83f05852d756ed4d8e62be1cb933533cedac0585091ff6f2b45a8e83,3호기,128,False,True
4. X-ray 검사장비 AI 데이터셋/dataset/test1/yolov3/X선이물검출기(06.23_09.22)/3호기(2020.09.22)/SN12053_20200722_NgImage/001_20200722_003351(5).bmp,001_20200722_003351(5),.bmp,576,444,P,936f9cdbdf30b0489fef9e2b16129b1e33bb99d6dfdab93280aa71b0d198a769,3호기,128,False,True
4. X-ray 검사장비 AI 데이터셋/dataset/test1/yolov3/X선이물검출기(06.23_09.22)/3호기(2020.09.22)/SN12053_20200722_NgImage/001_20200722_043531(1).bmp,001_20200722_043531(1),.bmp,576,444,P,a1661ba05dd8de3de33eb7a5f5eb3815257c3360966f7706d6b6905854fe1400,3호기,128,False,True
4. X-ray 검사장비 AI 데이터셋/dataset/test1/yolov3/X선이물검출기(06.23_09.22)/3호기(2020.09.22)/SN12053_20200722_NgImage/001_20200722_043535(5).bmp,001_20200722_043535(5),.bmp,576,444,P,ba6c546619e071c5c55cad21f98f4d8d6ec0f63cf77e853bc3387345f95b8091,3호기,128,False,True
4. X-ray 검사장비 AI 데이터셋/dataset/test1/yolov3/X선이물검출기(06.23_09.22)/3호기(2020.09.22)/SN12053_20200722_NgImage/001_20200722_083525(2).bmp,001_20200722_083525(2),.bmp,576,444,P,c4170f3c5fa6d6d83ebb69c9b2b387ee5664d9cbcff8ec0bc409c698317c5b0a,3호기,136,False,True
4. X-ray 검사장비 AI 데이터셋/dataset/test1/yolov3/X선이물검출기(06.23_09.22)/3호기(2020.09.22)/SN12053_20200722_NgImage/001_20200722_083529(6).bmp,001_20200722_083529(6),.bmp,576,444,P,17928ebe9ae64f641ebb56086bec8da9168d407129a44e8cd60a747337cac250,3호기,128,False,True
4. X-ray 검사장비 AI 데이터셋/dataset/test1/yolov3/X선이물검출기(06.23_09.22)/3호기(2020.09.22)/SN12053_20200722_NgImage/001_20200722_131315(1).bmp,001_20200722_131315(1),.bmp,576,444,P,b9fc240f531fe56bc39e7e70c429d8bf43633cefa6c6f4fc19925362ba6674da,3호기,128,False,True
4. X-ray 검사장비 AI 데이터셋/dataset/test1/yolov3/X선이물검출기(06.23_09.22)/3호기(2020.09.22)/SN12053_20200722_NgImage/001_20200722_131319(5).bmp,001_20200722_131319(5),.bmp,576,444,P,c31175262ddc04f959ceb4cd5e6e51ef730f9539a06801ef79788a2b99e8671f,3호기,128,False,True
4. X-ray 검사장비 AI 데이터셋/dataset/test1/yolov3/X선이물검출기(06.23_09.22)/3호기(2020.09.22)/SN12053_20200722_NgImage/001_20200722_163247(7).bmp,001_20200722_163247(7),.bmp,576,444,P,37ed62e0a72d3d4972a21be130d030e8e6ba29e639b7a9c7e11b0bef1ce8fcab,3호기,128,False,True
4. X-ray 검사장비 AI 데이터셋/dataset/test1/yolov3/X선이물검출기(06.23_09.22)/3호기(2020.09.22)/SN12053_20200722_NgImage/001_20200722_163255(2).bmp,001_20200722_163255(2),.bmp,576,444,P,3057a95b734bac44691559ff4e75d0cd4871f8800da52ef7ba21ea1c8d09b2fb,3호기,136,False,True
4. X-ray 검사장비 AI 데이터셋/dataset/test1/yolov3/X선이물검출기(06.23_09.22)/3호기(2020.09.22)/SN12053_20200723_NgImage/001_20200723_003047(2).bmp,001_20200723_003047(2),.bmp,576,444,P,f1857ebdf4301b66ba1938aefdc0ffa20d6314d0c837214b07f709a3876a3db1,3호기,128,False,True
4. X-ray 검사장비 AI 데이터셋/dataset/test1/yolov3/X선이물검출기(06.23_09.22)/3호기(2020.09.22)/SN12053_20200723_NgImage/001_20200723_003051(9).bmp,001_20200723_003051(9),.bmp,576,444,P,c27c5925c84ab7bc9f6a2d0abc2bb48ce8cc3afd7c9e10a982eee6c4ae8bc8af,3호기,128,False,True
4. X-ray 검사장비 AI 데이터셋/dataset/test1/yolov3/X선이물검출기(06.23_09.22)/3호기(2020.09.22)/SN12053_20200723_NgImage/001_20200723_043303(9).bmp,001_20200723_043303(9),.bmp,576,444,P,9630132e6e2593d4a8a848fc7ef60568e99147883d6fa110c94d5582d9f4486a,3호기,144,False,True
4. X-ray 검사장비 AI 데이터셋/dataset/test1/yolov3/X선이물검출기(06.23_09.22)/3호기(2020.09.22)/SN12053_20200723_NgImage/001_20200723_043308(5).bmp,001_20200723_043308(5),.bmp,576,444,P,ce3798c98e0c1f5bec028d6cb90b3e17a9137e4394b68d49709e807adb49d362,3호기,128,False,True
4. X-ray 검사장비 AI 데이터셋/dataset/test1/yolov3/X선이물검출기(06.23_09.22)/3호기(2020.09.22)/SN12053_20200723_NgImage/001_20200723_082647(1).bmp,001_20200723_082647(1),.bmp,576,444,P,49516ca4dbdbc4af60ad9b4b50dfd27f83c5c8ef18a1fbb12366e8189aabbc3a,3호기,128,False,True
4. X-ray 검사장비 AI 데이터셋/dataset/test1/yolov3/X선이물검출기(06.23_09.22)/3호기(2020.09.22)/SN12053_20200723_NgImage/001_20200723_082651(6).bmp,001_20200723_082651(6),.bmp,576,444,P,a107586f24c6f1720703ff6da0fabecd4bb320de39791488baa1127330317bbd,3호기,128,False,True
4. X-ray 검사장비 AI 데이터셋/dataset/test1/yolov3/X선이물검출기(06.23_09.22)/3호기(2020.09.22)/SN12053_20200723_NgImage/001_20200723_123426(4).bmp,001_20200723_123426(4),.bmp,576,444,P,a1c17fff97ac8e5de6bcacba94354b6e371809182a81373372f9851c0dc48ce1,3호기,128,False,True
4. X-ray 검사장비 AI 데이터셋/dataset/test1/yolov3/X선이물검출기(06.23_09.22)/3호기(2020.09.22)/SN12053_20200723_NgImage/001_20200723_123428(2).bmp,001_20200723_123428(2),.bmp,576,444,P,84633a33610c8c37f9d6a1692ac94e7baf75543753914d48eceed8fae39f5e4a,3호기,128,False,True
4. X-ray 검사장비 AI 데이터셋/dataset/test1/yolov3/X선이물검출기(06.23_09.22)/3호기(2020.09.22)/SN12053_20200723_NgImage/001_20200723_163233(0).bmp,001_20200723_163233(0),.bmp,576,444,P,9369268157f7b7bfdc11ccc75f57a3f49c73f9e708d84d053bf828c76aaa1f07,3호기,128,False,True
4. X-ray 검사장비 AI 데이터셋/dataset/test1/yolov3/X선이물검출기(06.23_09.22)/3호기(2020.09.22)/SN12053_20200723_NgImage/001_20200723_163243(6).bmp,001_20200723_163243(6),.bmp,576,444,P,c468fa3cfa931681b9c062f01a293d9228b2999a5a0a833d56d2b88394781340,3호기,128,False,True
4. X-ray 검사장비 AI 데이터셋/dataset/test1/yolov3/X선이물검출기(06.23_09.22)/3호기(2020.09.22)/SN12053_20200724_NgImage/001_20200723_203353(2).bmp,001_20200723_203353(2),.bmp,576,444,P,92194d25e76a7dc2e7fbb15d302060e00388ca119d87539cbd1c3b0d76608aad,3호기,128,False,True
4. X-ray 검사장비 AI 데이터셋/dataset/test1/yolov3/X선이물검출기(06.23_09.22)/3호기(2020.09.22)/SN12053_20200724_NgImage/001_20200723_203357(7).bmp,001_20200723_203357(7),.bmp,576,444,P,cb4d33e04aa092eba1d710e41ee804bf57cdc278b455b94aea3d422c94dcfa31,3호기,128,False,True
4. X-ray 검사장비 AI 데이터셋/dataset/test1/yolov3/X선이물검출기(06.23_09.22)/3호기(2020.09.22)/SN12053_20200724_NgImage/001_20200724_003201(1).bmp,001_20200724_003201(1),.bmp,576,444,P,5b8f54898d23c0514a7a0634a30122ae6cfc10949226ff902ddd3f2f27f318ab,3호기,128,False,True
4. X-ray 검사장비 AI 데이터셋/dataset/test1/yolov3/X선이물검출기(06.23_09.22)/3호기(2020.09.22)/SN12053_20200724_NgImage/001_20200724_003210(1).bmp,001_20200724_003210(1),.bmp,576,444,P,91f9dec338106228b077525a424e24f0c6dd10f8a747984daeb6967b65c87be4,3호기,128,False,True
4. X-ray 검사장비 AI 데이터셋/dataset/test1/yolov3/X선이물검출기(06.23_09.22)/3호기(2020.09.22)/SN12053_20200727_NgImage/001_20200727_091913(0).bmp,001_20200727_091913(0),.bmp,576,444,P,bff3b0d4e7062920bb98493185fc1a9be1040267f9585ee73eba8196894bdbe7,3호기,128,False,True
4. X-ray 검사장비 AI 데이터셋/dataset/test1/yolov3/X선이물검출기(06.23_09.22)/3호기(2020.09.22)/SN12053_20200727_NgImage/001_20200727_091915(2).bmp,001_20200727_091915(2),.bmp,576,444,P,7df912fc7cb6754275ac048b5740a389ab7080e2182982c2c71147e5f1d0985b,3호기,128,False,True
4. X-ray 검사장비 AI 데이터셋/dataset/test1/yolov3/X선이물검출기(06.23_09.22)/3호기(2020.09.22)/SN12053_20200727_NgImage/001_20200727_123118(0).bmp,001_20200727_123118(0),.bmp,576,444,P,e060c4d3173e251c568247601404571bebd3e63c5f96ff3c803d1b3c8adcf4e9,3호기,128,False,True
4. X-ray 검사장비 AI 데이터셋/dataset/test1/yolov3/X선이물검출기(06.23_09.22)/3호기(2020.09.22)/SN12053_20200727_NgImage/001_20200727_123121(5).bmp,001_20200727_123121(5),.bmp,576,444,P,5edf797832a52e4b953512d0357a6dc93c00876ad8db5261d6def66127bbd4ef,3호기,136,False,True
4. X-ray 검사장비 AI 데이터셋/dataset/test1/yolov3/X선이물검출기(06.23_09.22)/3호기(2020.09.22)/SN12053_20200727_NgImage/001_20200727_163532(4).bmp,001_20200727_163532(4),.bmp,576,444,P,8b8a88e44dff28035cb272ca2b239ec6685f8d0f41d72c3cbb4c87e463b94b17,3호기,128,False,True
4. X-ray 검사장비 AI 데이터셋/dataset/test1/yolov3/X선이물검출기(06.23_09.22)/3호기(2020.09.22)/SN12053_20200727_NgImage/001_20200727_163538(3).bmp,001_20200727_163538(3),.bmp,576,444,P,55f11bddfc2fff6af04cac3ac4ca219b257451f50d262a7269676ab0bb184dfb,3호기,128,False,True
4. X-ray 검사장비 AI 데이터셋/dataset/test1/yolov3/X선이물검출기(06.23_09.22)/3호기(2020.09.22)/SN12053_20200810_NgImage/001_20200810_085047(2).bmp,001_20200810_085047(2),.bmp,576,444,P,7e40ed1cb310fb0aea1038d822563afb5c6b23b63f933d66b29e7ba87fa54aef,3호기,128,False,True
4. X-ray 검사장비 AI 데이터셋/dataset/test1/yolov3/X선이물검출기(06.23_09.22)/3호기(2020.09.22)/SN12053_20200814_NgImage/001_20200814_043345(8).bmp,001_20200814_043345(8),.bmp,576,444,P,41c1fb37fe6b1148e2fc7c4a15230b0c2f8048bb1af408907e879fc19b0cde2f,3호기,128,False,True
4. X-ray 검사장비 AI 데이터셋/dataset/test1/yolov3/X선이물검출기(06.23_09.22)/3호기(2020.09.22)/SN12053_20200818_NgImage/001_20200818_123638(1).bmp,001_20200818_123638(1),.bmp,576,444,P,bfc0cc515265d4d5dfe6505681277ffd02fc8a05395b1984dbfc90147d5bd8be,3호기,128,False,True
4. X-ray 검사장비 AI 데이터셋/dataset/test1/yolov3/X선이물검출기(06.23_09.22)/3호기(2020.09.22)/SN12053_20200819_NgImage/001_20200819_162727(9).bmp,001_20200819_162727(9),.bmp,576,444,P,a1f1d0e4f127661879a02d1638a52649b1e04a739b077966dffda2c58d9c9cf9,3호기,128,False,True
4. X-ray 검사장비 AI 데이터셋/dataset/test1/yolov3/X선이물검출기(06.23_09.22)/3호기(2020.09.22)/SN12053_20200831_NgImage/001_20200831_123324(1).bmp,001_20200831_123324(1),.bmp,576,444,P,8dcf7bc1a1362f55b35122b2f902f6156fe8bad3088151f0cb5259e96f95e5a0,3호기,136,False,True
4. X-ray 검사장비 AI 데이터셋/dataset/test1/yolov3/X선이물검출기(06.23_09.22)/3호기(2020.09.22)/SN12053_20200831_NgImage/001_20200831_163330(7).bmp,001_20200831_163330(7),.bmp,576,444,P,2d38e0b7a5a90a0bac57d8982ee4e543198aaee8c27c3c05f4f1a528d1618c78,3호기,128,False,True
4. X-ray 검사장비 AI 데이터셋/dataset/test1/yolov3/X선이물검출기(06.23_09.22)/3호기(2020.09.22)/SN12053_20200831_NgImage/001_20200831_163332(1).bmp,001_20200831_163332(1),.bmp,576,444,P,10a0c86d6fbf817ebc116079cd619090028ef03621918a377481bedce49085bc,3호기,136,False,True
4. X-ray 검사장비 AI 데이터셋/dataset/test1/yolov3/X선이물검출기(06.23_09.22)/3호기(2020.09.22)/SN12053_20200831_NgImage/001_20200831_203249(0).bmp,001_20200831_203249(0),.bmp,576,444,P,713f13604029c4743d6f44c9e38d94865c9044b17bbe6e85b0b3914abd8b338b,3호기,128,False,True
4. X-ray 검사장비 AI 데이터셋/dataset/test1/yolov3/X선이물검출기(06.23_09.22)/3호기(2020.09.22)/SN12053_20200831_NgImage/001_20200831_203253(5).bmp,001_20200831_203253(5),.bmp,576,444,P,55be1d58928bde249b8c7cfd53bd25e9dd1068c61774efa7b16b72c1d4839a37,3호기,128,False,True
4. X-ray 검사장비 AI 데이터셋/dataset/test1/yolov3/X선이물검출기(06.23_09.22)/3호기(2020.09.22)/SN12053_20200901_NgImage/001_20200901_003429(1).bmp,001_20200901_003429(1),.bmp,576,444,P,86e0f56802932899e5d95174e29467ebf71ed07d9ee7c5795d325a2e3f204cfe,3호기,128,False,True
4. X-ray 검사장비 AI 데이터셋/dataset/test1/yolov3/X선이물검출기(06.23_09.22)/3호기(2020.09.22)/SN12053_20200901_NgImage/001_20200901_003433(7).bmp,001_20200901_003433(7),.bmp,576,444,P,9252aa0839bb761f9c6b04d872c849ee21b04b49aff98e8506bbca59e32864a9,3호기,136,False,True
4. X-ray 검사장비 AI 데이터셋/dataset/test1/yolov3/X선이물검출기(06.23_09.22)/3호기(2020.09.22)/SN12053_20200901_NgImage/001_20200901_003438(1).bmp,001_20200901_003438(1),.bmp,576,444,P,3ac5106b50c16546783bab4ab9f6eed77043ffaf382fb7dfb15bf2cb989ffda8,3호기,128,False,True
4. X-ray 검사장비 AI 데이터셋/dataset/test1/yolov3/X선이물검출기(06.23_09.22)/3호기(2020.09.22)/SN12053_20200901_NgImage/001_20200901_003442(7).bmp,001_20200901_003442(7),.bmp,576,444,P,b451e1b151954033899fd7b010d49f69b3dea059beb9b4513eff5be31a153e26,3호기,136,False,True
4. X-ray 검사장비 AI 데이터셋/dataset/test1/yolov3/X선이물검출기(06.23_09.22)/3호기(2020.09.22)/SN12053_20200901_NgImage/001_20200901_003447(1).bmp,001_20200901_003447(1),.bmp,576,444,P,56785bfb2400aec41e0a04fe68711aab98f8bc490da9cc93da7e48e2b4c2b318,3호기,128,False,True
4. X-ray 검사장비 AI 데이터셋/dataset/test1/yolov3/X선이물검출기(06.23_09.22)/3호기(2020.09.22)/SN12053_20200901_NgImage/001_20200901_003451(7).bmp,001_20200901_003451(7),.bmp,576,444,P,31a320633e3d3c49b4d0c127b08f54409af260e6a17d01ea83a49209704e59f0,3호기,128,False,True
4. X-ray 검사장비 AI 데이터셋/dataset/test1/yolov3/X선이물검출기(06.23_09.22)/3호기(2020.09.22)/SN12053_20200901_NgImage/001_20200901_043410(8).bmp,001_20200901_043410(8),.bmp,576,444,P,69d97c4154a11dfe296db4d64e4ebd1fb6a5b77ba24b23db122a1da5039a7520,3호기,128,False,True
4. X-ray 검사장비 AI 데이터셋/dataset/test1/yolov3/X선이물검출기(06.23_09.22)/3호기(2020.09.22)/SN12053_20200901_NgImage/001_20200901_043415(3).bmp,001_20200901_043415(3),.bmp,576,444,P,775ea90988ce70f6f0cf70786566bc7e41f5ec55a68863cfa916524cca15fc4d,3호기,128,False,True
4. X-ray 검사장비 AI 데이터셋/dataset/test1/yolov3/X선이물검출기(06.23_09.22)/3호기(2020.09.22)/SN12053_20200901_NgImage/001_20200901_043419(9).bmp,001_20200901_043419(9),.bmp,576,444,P,3e630cff103acc4aa72c725cd9f68a66f982ab9c0f9df84498e870ee82eb9f20,3호기,128,False,True
4. X-ray 검사장비 AI 데이터셋/dataset/test1/yolov3/X선이물검출기(06.23_09.22)/3호기(2020.09.22)/SN12053_20200901_NgImage/001_20200901_043424(4).bmp,001_20200901_043424(4),.bmp,576,444,P,6b56dea3d4aef34b9d94721ac4b8da00b6f7ed02ce3dd15a847d4b8ea85e1363,3호기,128,False,True
4. X-ray 검사장비 AI 데이터셋/dataset/test1/yolov3/X선이물검출기(06.23_09.22)/3호기(2020.09.22)/SN12053_20200901_NgImage/001_20200901_043428(8).bmp,001_20200901_043428(8),.bmp,576,444,P,a82fe45f95b558c2489c28fef5e4e6cbe2ccd657c4f8c364e9837ad80e5812ed,3호기,128,False,True
4. X-ray 검사장비 AI 데이터셋/dataset/test1/yolov3/X선이물검출기(06.23_09.22)/3호기(2020.09.22)/SN12053_20200901_NgImage/001_20200901_043433(3).bmp,001_20200901_043433(3),.bmp,576,444,P,16d12332d87760694f527efecc3ef7f7f7e84c8aa2b9148159e011e6bf5bcda7,3호기,128,False,True
4. X-ray 검사장비 AI 데이터셋/dataset/test1/yolov3/X선이물검출기(06.23_09.22)/3호기(2020.09.22)/SN12053_20200901_NgImage/001_20200901_083346(7).bmp,001_20200901_083346(7),.bmp,576,444,P,9e7a506497ca4bb8ee2ab2bdc28fdb7293685c0bdf879aab5e064b7714f1c490,3호기,128,False,True
4. X-ray 검사장비 AI 데이터셋/dataset/test1/yolov3/X선이물검출기(06.23_09.22)/3호기(2020.09.22)/SN12053_20200901_NgImage/001_20200901_083356(1).bmp,001_20200901_083356(1),.bmp,576,444,P,447e7524e06ed94383a64e60f6f6a2470b19e4c662c628abd7aa59308d4e1326,3호기,128,False,True
4. X-ray 검사장비 AI 데이터셋/dataset/test1/yolov3/X선이물검출기(06.23_09.22)/3호기(2020.09.22)/SN12053_20200901_NgImage/001_20200901_083422(0).bmp,001_20200901_083422(0),.bmp,576,444,P,30cd1b890f931a50f0e3f2314c51055f81e0b2b84428b064406edee60e09dd57,3호기,128,False,True
4. X-ray 검사장비 AI 데이터셋/dataset/test1/yolov3/X선이물검출기(06.23_09.22)/3호기(2020.09.22)/SN12053_20200901_NgImage/001_20200901_083438(5).bmp,001_20200901_083438(5),.bmp,576,444,P,0b26b2cd6215e7b4065a3aa399a6a692fb69febc9147574ab1f53c2ce75a9171,3호기,152,False,True
4. X-ray 검사장비 AI 데이터셋/dataset/test1/yolov3/X선이물검출기(06.23_09.22)/3호기(2020.09.22)/SN12053_20200901_NgImage/001_20200901_083442(9).bmp,001_20200901_083442(9),.bmp,576,444,P,1522e58962c090cffc7e999f97c6a2c7b749b124e36381aad41bb0091d6d6307,3호기,216,False,True
4. X-ray 검사장비 AI 데이터셋/dataset/test1/yolov3/X선이물검출기(06.23_09.22)/3호기(2020.09.22)/SN12053_20200901_NgImage/001_20200901_083502(5).bmp,001_20200901_083502(5),.bmp,576,444,P,34403dcd53b26dd202a6d96025230e09a77a4fca2b9fc8108add5933f86f233e,3호기,128,False,True
4. X-ray 검사장비 AI 데이터셋/dataset/test1/yolov3/X선이물검출기(06.23_09.22)/3호기(2020.09.22)/SN12053_20200901_NgImage/001_20200901_123053(8).bmp,001_20200901_123053(8),.bmp,576,444,P,0a4c1494e1e5a1b0a60c66aaf97590d7ca9a04087e7fbc8cd310db02b37f9d0a,3호기,128,False,True
4. X-ray 검사장비 AI 데이터셋/dataset/test1/yolov3/X선이물검출기(06.23_09.22)/3호기(2020.09.22)/SN12053_20200901_NgImage/001_20200901_123056(9).bmp,001_20200901_123056(9),.bmp,576,444,P,8e4c741d9fd410ab1d409f09621ec27bd22cb6ee87a5670e8a1053a3e3c5fe90,3호기,128,False,True
4. X-ray 검사장비 AI 데이터셋/dataset/test1/yolov3/X선이물검출기(06.23_09.22)/3호기(2020.09.22)/SN12053_20200901_NgImage/001_20200901_123100(2).bmp,001_20200901_123100(2),.bmp,576,444,P,5ddf969df93973ed1fab89b61413e1e9ade60bb28a81ed184d52c4285804ffc3,3호기,128,False,True
4. X-ray 검사장비 AI 데이터셋/dataset/test1/yolov3/X선이물검출기(06.23_09.22)/3호기(2020.09.22)/SN12053_20200901_NgImage/001_20200901_123103(2).bmp,001_20200901_123103(2),.bmp,576,444,P,ed378999b1021d6af69c53c0a44f48f80e3c92a12c1430a2d5efe34780719ca5,3호기,128,False,True
4. X-ray 검사장비 AI 데이터셋/dataset/test1/yolov3/X선이물검출기(06.23_09.22)/3호기(2020.09.22)/SN12053_20200901_NgImage/001_20200901_123106(4).bmp,001_20200901_123106(4),.bmp,576,444,P,3cf43c1dba351d6ab6a398fabe7a098a9c6379b394bce4fb4e76eb28b622589b,3호기,136,False,True
4. X-ray 검사장비 AI 데이터셋/dataset/test1/yolov3/X선이물검출기(06.23_09.22)/3호기(2020.09.22)/SN12053_20200901_NgImage/001_20200901_123109(7).bmp,001_20200901_123109(7),.bmp,576,444,P,722c551be753423977acaa5f2632a41c2f4d839ed2f9faab8338eea231c400bf,3호기,136,False,True
4. X-ray 검사장비 AI 데이터셋/dataset/test1/yolov3/X선이물검출기(06.23_09.22)/3호기(2020.09.22)/SN12053_20200904_NgImage/001_20200904_230425(6).bmp,001_20200904_230425(6),.bmp,576,444,P,90170c666e8ceaaf6d25bbaae0408bc74cee4a2dc7e87cd4e4a39fced5ec18c5,3호기,128,False,True
4. X-ray 검사장비 AI 데이터셋/dataset/test1/yolov3/X선이물검출기(06.23_09.22)/3호기(2020.09.22)/SN12053_20200904_NgImage/001_20200904_230429(3).bmp,001_20200904_230429(3),.bmp,576,444,P,e0e9b191e7eeac41725699db5b0d2ddf1a22590ed334249848b7aefa9b690789,3호기,152,False,True
4. X-ray 검사장비 AI 데이터셋/dataset/test1/yolov3/X선이물검출기(06.23_09.22)/3호기(2020.09.22)/SN12053_20200904_NgImage/001_20200904_230433(1).bmp,001_20200904_230433(1),.bmp,576,444,P,4d8a64d379663cddd1f147e567fa1fb5e5f77f50125ba9c06cc9a7b692326dd9,3호기,184,False,True
4. X-ray 검사장비 AI 데이터셋/dataset/test1/yolov3/X선이물검출기(06.23_09.22)/3호기(2020.09.22)/SN12053_20200904_NgImage/001_20200904_230437(0).bmp,001_20200904_230437(0),.bmp,576,444,P,6954e1a22e48475f232d86d56869a2df5a9962b381e2bf8fb24dc24b7f177df0,3호기,128,False,True
4. X-ray 검사장비 AI 데이터셋/dataset/test1/yolov3/X선이물검출기(06.23_09.22)/3호기(2020.09.22)/SN12053_20200904_NgImage/001_20200904_230440(7).bmp,001_20200904_230440(7),.bmp,576,444,P,92331e10a23ca81dd756a8ef931839712781ef072e286b6549fd65cbf1657718,3호기,176,False,True
4. X-ray 검사장비 AI 데이터셋/dataset/test1/yolov3/X선이물검출기(06.23_09.22)/3호기(2020.09.22)/SN12053_20200904_NgImage/001_20200904_230444(3).bmp,001_20200904_230444(3),.bmp,576,444,P,8ae2d1454fef506d4e5c6af4127cfb42d15160e74d44a15e34f8e12bf3372dbc,3호기,168,False,True
4. X-ray 검사장비 AI 데이터셋/dataset/test1/yolov3/X선이물검출기(06.23_09.22)/3호기(2020.09.22)/SN12053_20200905_NgImage/001_20200904_230425(6).bmp,001_20200904_230425(6),.bmp,576,444,P,90170c666e8ceaaf6d25bbaae0408bc74cee4a2dc7e87cd4e4a39fced5ec18c5,3호기,128,False,True
4. X-ray 검사장비 AI 데이터셋/dataset/test1/yolov3/X선이물검출기(06.23_09.22)/3호기(2020.09.22)/SN12053_20200905_NgImage/001_20200904_230429(3).bmp,001_20200904_230429(3),.bmp,576,444,P,e0e9b191e7eeac41725699db5b0d2ddf1a22590ed334249848b7aefa9b690789,3호기,152,False,True
4. X-ray 검사장비 AI 데이터셋/dataset/test1/yolov3/X선이물검출기(06.23_09.22)/3호기(2020.09.22)/SN12053_20200905_NgImage/001_20200904_230433(1).bmp,001_20200904_230433(1),.bmp,576,444,P,4d8a64d379663cddd1f147e567fa1fb5e5f77f50125ba9c06cc9a7b692326dd9,3호기,184,False,True
4. X-ray 검사장비 AI 데이터셋/dataset/test1/yolov3/X선이물검출기(06.23_09.22)/3호기(2020.09.22)/SN12053_20200905_NgImage/001_20200904_230437(0).bmp,001_20200904_230437(0),.bmp,576,444,P,6954e1a22e48475f232d86d56869a2df5a9962b381e2bf8fb24dc24b7f177df0,3호기,128,False,True
4. X-ray 검사장비 AI 데이터셋/dataset/test1/yolov3/X선이물검출기(06.23_09.22)/3호기(2020.09.22)/SN12053_20200905_NgImage/001_20200904_230440(7).bmp,001_20200904_230440(7),.bmp,576,444,P,92331e10a23ca81dd756a8ef931839712781ef072e286b6549fd65cbf1657718,3호기,176,False,True
4. X-ray 검사장비 AI 데이터셋/dataset/test1/yolov3/X선이물검출기(06.23_09.22)/3호기(2020.09.22)/SN12053_20200905_NgImage/001_20200904_230444(3).bmp,001_20200904_230444(3),.bmp,576,444,P,8ae2d1454fef506d4e5c6af4127cfb42d15160e74d44a15e34f8e12bf3372dbc,3호기,168,False,True
4. X-ray 검사장비 AI 데이터셋/dataset/test1/yolov3/X선이물검출기(06.23_09.22)/3호기(2020.09.22)/SN12053_20200905_NgImage/001_20200905_003911(9).bmp,001_20200905_003911(9),.bmp,576,444,P,f01ceb7f66fbe69d0e5b0e5b3deb980bd2094cb6b8702a608e7a21bf41ce78b9,3호기,184,False,True
4. X-ray 검사장비 AI 데이터셋/dataset/test1/yolov3/X선이물검출기(06.23_09.22)/3호기(2020.09.22)/SN12053_20200905_NgImage/001_20200905_003914(9).bmp,001_20200905_003914(9),.bmp,576,444,P,989c4e19942749d982cd88d9852216152ce1875ffefa612535c85a082eabb2ce,3호기,136,False,True
4. X-ray 검사장비 AI 데이터셋/dataset/test1/yolov3/X선이물검출기(06.23_09.22)/3호기(2020.09.22)/SN12053_20200905_NgImage/001_20200905_003918(2).bmp,001_20200905_003918(2),.bmp,576,444,P,3888b47abab61e7bc47a054cdfcddd16f1e907bf0c4d80c1186fc19e5aae768d,3호기,184,False,True
4. X-ray 검사장비 AI 데이터셋/dataset/test1/yolov3/X선이물검출기(06.23_09.22)/3호기(2020.09.22)/SN12053_20200905_NgImage/001_20200905_003921(2).bmp,001_20200905_003921(2),.bmp,576,444,P,80d4850371087ea16fc2282fd689aa758165884b7e8d1da153ed36044b745999,3호기,160,False,True
4. X-ray 검사장비 AI 데이터셋/dataset/test1/yolov3/X선이물검출기(06.23_09.22)/3호기(2020.09.22)/SN12053_20200905_NgImage/001_20200905_003924(3).bmp,001_20200905_003924(3),.bmp,576,444,P,a69c1b0d2bd52dd8b18e01b7b66c5b2749c984777dc8bbc6cc2f88a4cbccfc8e,3호기,184,False,True
4. X-ray 검사장비 AI 데이터셋/dataset/test1/yolov3/X선이물검출기(06.23_09.22)/3호기(2020.09.22)/SN12053_20200905_NgImage/001_20200905_003927(3).bmp,001_20200905_003927(3),.bmp,576,444,P,767a956032c0d4d6c28897c32e37648de8d7277e33ae4804eba3e31617f63718,3호기,160,False,True
4. X-ray 검사장비 AI 데이터셋/dataset/test1/yolov3/X선이물검출기(06.23_09.22)/3호기(2020.09.22)/SN12053_20200905_NgImage/001_20200905_043356(8).bmp,001_20200905_043356(8),.bmp,576,444,P,57d265399ae0b130f4e3a5b2834ee0d5675a2bb75aabe2afafbd2a0fd9bdb5ef,3호기,128,False,True
4. X-ray 검사장비 AI 데이터셋/dataset/test1/yolov3/X선이물검출기(06.23_09.22)/3호기(2020.09.22)/SN12053_20200905_NgImage/001_20200905_043359(9).bmp,001_20200905_043359(9),.bmp,576,444,P,65f76e6c504315e830b0e932769f51975b269cd6ccc1991989e9377adb2f652d,3호기,128,False,True
4. X-ray 검사장비 AI 데이터셋/dataset/test1/yolov3/X선이물검출기(06.23_09.22)/3호기(2020.09.22)/SN12053_20200905_NgImage/001_20200905_043402(9).bmp,001_20200905_043402(9),.bmp,576,444,P,8cebd499dc643374898eb677416ab92f41ad718e5ad9337dc8998ac4adfffa90,3호기,136,False,True
4. X-ray 검사장비 AI 데이터셋/dataset/test1/yolov3/X선이물검출기(06.23_09.22)/3호기(2020.09.22)/SN12053_20200905_NgImage/001_20200905_043406(0).bmp,001_20200905_043406(0),.bmp,576,444,P,3f90e1c5ed6412c85f11168d76971a8925630b7469ffa3e48e0de2ad6a3ba297,3호기,136,False,True
4. X-ray 검사장비 AI 데이터셋/dataset/test1/yolov3/X선이물검출기(06.23_09.22)/3호기(2020.09.22)/SN12053_20200905_NgImage/001_20200905_043409(3).bmp,001_20200905_043409(3),.bmp,576,444,P,83f3c8be7b3a17cb83e350bf8c97ef88279afa75e21e1a5f9477fdd53a95c9ef,3호기,128,False,True
4. X-ray 검사장비 AI 데이터셋/dataset/test1/yolov3/X선이물검출기(06.23_09.22)/3호기(2020.09.22)/SN12053_20200905_NgImage/001_20200905_043412(3).bmp,001_20200905_043412(3),.bmp,576,444,P,7c61fad008306e1a5b80cc660798ea1ce9e117a49df87c8722f1229ee1e1c2a8,3호기,128,False,True
4. X-ray 검사장비 AI 데이터셋/dataset/test1/yolov3/X선이물검출기(06.23_09.22)/3호기(2020.09.22)/SN12053_20200905_NgImage/001_20200905_083552(0).bmp,001_20200905_083552(0),.bmp,576,444,P,95e50c3a067b807d9f71d5338544c142793d1f784d0e5b172a7d2c49092ee0c5,3호기,128,False,True
4. X-ray 검사장비 AI 데이터셋/dataset/test1/yolov3/X선이물검출기(06.23_09.22)/3호기(2020.09.22)/SN12053_20200905_NgImage/001_20200905_083555(2).bmp,001_20200905_083555(2),.bmp,576,444,P,7c9506c28a9a2f56a3e4599ad0ed777cc6b0fe59524c7ad60ee358b04d5ed8d0,3호기,128,False,True
4. X-ray 검사장비 AI 데이터셋/dataset/test1/yolov3/X선이물검출기(06.23_09.22)/3호기(2020.09.22)/SN12053_20200905_NgImage/001_20200905_083558(2).bmp,001_20200905_083558(2),.bmp,576,444,P,43d15bda08404e335cd5bc02da2f0e299b4503a14ea4ac99a1531f32b945ce64,3호기,128,False,True
4. X-ray 검사장비 AI 데이터셋/dataset/test1/yolov3/X선이물검출기(06.23_09.22)/3호기(2020.09.22)/SN12053_20200905_NgImage/001_20200905_083603(0).bmp,001_20200905_083603(0),.bmp,576,444,P,4f870317b94b720d31720ba7e3ac66b867ca4ea66aae50015648e8f066940adb,3호기,128,False,True
4. X-ray 검사장비 AI 데이터셋/dataset/test1/yolov3/X선이물검출기(06.23_09.22)/3호기(2020.09.22)/SN12053_20200905_NgImage/001_20200905_083606(6).bmp,001_20200905_083606(6),.bmp,576,444,P,4694441370c9477aba67adbd830add72fa9c49ef63d4954afd24303fbaf2e941,3호기,128,False,True
4. X-ray 검사장비 AI 데이터셋/dataset/test1/yolov3/X선이물검출기(06.23_09.22)/3호기(2020.09.22)/SN12053_20200905_NgImage/001_20200905_083609(7).bmp,001_20200905_083609(7),.bmp,576,444,P,583482bb4b72bb48c840be450b06a5ae43d3987385bf56bab48b015abbfebad4,3호기,128,False,True
4. X-ray 검사장비 AI 데이터셋/dataset/test1/yolov3/X선이물검출기(06.23_09.22)/3호기(2020.09.22)/SN12053_20200905_NgImage/001_20200905_123258(6).bmp,001_20200905_123258(6),.bmp,576,444,P,2e6a333b3192750f7d60717575dbb5945b1279431100e1617c0a2ced4196d1d9,3호기,128,False,True
4. X-ray 검사장비 AI 데이터셋/dataset/test1/yolov3/X선이물검출기(06.23_09.22)/3호기(2020.09.22)/SN12053_20200905_NgImage/001_20200905_123303(2).bmp,001_20200905_123303(2),.bmp,576,444,P,5a1143a3aea23b204bf026fece05fd700b4743e0f689851d31f84eb1c6b3eb78,3호기,128,False,True
4. X-ray 검사장비 AI 데이터셋/dataset/test1/yolov3/X선이물검출기(06.23_09.22)/3호기(2020.09.22)/SN12053_20200905_NgImage/001_20200905_123307(6).bmp,001_20200905_123307(6),.bmp,576,444,P,59d36de27d4955f0cf4739e459eb55d61e89adf1ea6e46d5ba5d6fbc586c2090,3호기,144,False,True
4. X-ray 검사장비 AI 데이터셋/dataset/test1/yolov3/X선이물검출기(06.23_09.22)/3호기(2020.09.22)/SN12053_20200905_NgImage/001_20200905_123312(1).bmp,001_20200905_123312(1),.bmp,576,444,P,f848e74b0537443c79dede5598394671eabb03a9a006f91a5cbc534fe30e81e9,3호기,128,False,True
4. X-ray 검사장비 AI 데이터셋/dataset/test1/yolov3/X선이물검출기(06.23_09.22)/3호기(2020.09.22)/SN12053_20200905_NgImage/001_20200905_123316(6).bmp,001_20200905_123316(6),.bmp,576,444,P,03b8481ac8037fe23e7cdddc65edd422d05d060b47f2a14455540defdcf2639a,3호기,128,False,True
4. X-ray 검사장비 AI 데이터셋/dataset/test1/yolov3/X선이물검출기(06.23_09.22)/3호기(2020.09.22)/SN12053_20200905_NgImage/001_20200905_123321(0).bmp,001_20200905_123321(0),.bmp,576,444,P,53d7e60028aee2b37b207b1334f9a5ff35f8a1b3ff7987ca2fb72e2bb5a1e04e,3호기,136,False,True
4. X-ray 검사장비 AI 데이터셋/dataset/test1/yolov3/X선이물검출기(06.23_09.22)/3호기(2020.09.22)/SN12053_20200905_NgImage/001_20200905_164117(6).bmp,001_20200905_164117(6),.bmp,576,444,P,d8536e786a428ce561e0702edee4f195834e714cff0baf60f07f89a5936782df,3호기,128,False,True
4. X-ray 검사장비 AI 데이터셋/dataset/test1/yolov3/X선이물검출기(06.23_09.22)/3호기(2020.09.22)/SN12053_20200905_NgImage/001_20200905_164122(0).bmp,001_20200905_164122(0),.bmp,576,444,P,a18166ff1495bbcdf7adeadcddd58be9ca113e44722b48b71e061f688a034481,3호기,192,False,True
4. X-ray 검사장비 AI 데이터셋/dataset/test1/yolov3/X선이물검출기(06.23_09.22)/3호기(2020.09.22)/SN12053_20200905_NgImage/001_20200905_164126(5).bmp,001_20200905_164126(5),.bmp,576,444,P,bb8ecebad6ac295f597e9fca82e08025ab2bef05c3aa2ac9712c13c7f7af8aa0,3호기,136,False,True
4. X-ray 검사장비 AI 데이터셋/dataset/test1/yolov3/X선이물검출기(06.23_09.22)/3호기(2020.09.22)/SN12053_20200905_NgImage/001_20200905_164131(0).bmp,001_20200905_164131(0),.bmp,576,444,P,7de499a5e28e93f4c9d759b64acbcdfffc7e8e2e8377c80b3d55692da134163b,3호기,128,False,True
4. X-ray 검사장비 AI 데이터셋/dataset/test1/yolov3/X선이물검출기(06.23_09.22)/3호기(2020.09.22)/SN12053_20200905_NgImage/001_20200905_164135(4).bmp,001_20200905_164135(4),.bmp,576,444,P,b51ff2b50af2cc1b68b21e597a1829ddb527abd417745f2438250d54a698065f,3호기,128,False,True
4. X-ray 검사장비 AI 데이터셋/dataset/test1/yolov3/X선이물검출기(06.23_09.22)/3호기(2020.09.22)/SN12053_20200905_NgImage/001_20200905_164140(0).bmp,001_20200905_164140(0),.bmp,576,444,P,5476ed464a8351d0bb085cd2a384d492dbf0afc34971a2909282cd8387396f5c,3호기,128,False,True
4. X-ray 검사장비 AI 데이터셋/dataset/test1/yolov3/X선이물검출기(06.23_09.22)/3호기(2020.09.22)/SN12053_20200905_NgImage/001_20200905_204255(4).bmp,001_20200905_204255(4),.bmp,576,444,P,60b014e2582c07e8ef046bde86c67e0db4c4178cb125e8e7a6ef8cd2478e73ce,3호기,128,False,True
4. X-ray 검사장비 AI 데이터셋/dataset/test1/yolov3/X선이물검출기(06.23_09.22)/3호기(2020.09.22)/SN12053_20200905_NgImage/001_20200905_204300(0).bmp,001_20200905_204300(0),.bmp,576,444,P,73dec89fbad3d8ef7e0b9dc8096e4c89e196072848daf2d9a92db3df61d744e0,3호기,136,False,True
4. X-ray 검사장비 AI 데이터셋/dataset/test1/yolov3/X선이물검출기(06.23_09.22)/3호기(2020.09.22)/SN12053_20200905_NgImage/001_20200905_204304(5).bmp,001_20200905_204304(5),.bmp,576,444,P,7bb9eb4f16073ace356086f112f908eaaa1cf378e2358755a24780a4e7902ae7,3호기,128,False,True
4. X-ray 검사장비 AI 데이터셋/dataset/test1/yolov3/X선이물검출기(06.23_09.22)/3호기(2020.09.22)/SN12053_20200905_NgImage/001_20200905_204309(0).bmp,001_20200905_204309(0),.bmp,576,444,P,490c3c572dc0a569e5e741af4663a5e25aac82a80c6aac955575a0b71484e7ec,3호기,128,False,True
4. X-ray 검사장비 AI 데이터셋/dataset/test1/yolov3/X선이물검출기(06.23_09.22)/3호기(2020.09.22)/SN12053_20200905_NgImage/001_20200905_204313(4).bmp,001_20200905_204313(4),.bmp,576,444,P,20e074931aa8a71c22be3beaaa9dcf8309ce2acd0d2a40039d178acedb709186,3호기,128,False,True
4. X-ray 검사장비 AI 데이터셋/dataset/test1/yolov3/X선이물검출기(06.23_09.22)/3호기(2020.09.22)/SN12053_20200905_NgImage/001_20200905_204317(9).bmp,001_20200905_204317(9),.bmp,576,444,P,3f11a8d5c15af9a3f626a1a629d5592754f0df1b5acf39d4703fbde6853d4ac7,3호기,128,False,True
4. X-ray 검사장비 AI 데이터셋/dataset/test1/yolov3/X선이물검출기(06.23_09.22)/3호기(2020.09.22)/SN12053_20200907_NgImage/001_20200907_185040(2).bmp,001_20200907_185040(2),.bmp,576,444,P,81040fd3797f3312a87801133f0c8f35c834557171c7bbc4d83d1e860088be9b,3호기,136,False,True
4. X-ray 검사장비 AI 데이터셋/dataset/test1/yolov3/X선이물검출기(06.23_09.22)/3호기(2020.09.22)/SN12053_20200907_NgImage/001_20200907_185043(2).bmp,001_20200907_185043(2),.bmp,576,444,P,59078808a2263b4146025fe00accb55755f90adf6489414d6165aa4752241a63,3호기,128,False,True
4. X-ray 검사장비 AI 데이터셋/dataset/test1/yolov3/X선이물검출기(06.23_09.22)/3호기(2020.09.22)/SN12053_20200907_NgImage/001_20200907_185046(1).bmp,001_20200907_185046(1),.bmp,576,444,P,2cccf68be0c23414ede43a188f5f84995904f00fd24abaa3f4d7d78a96114647,3호기,128,False,True
4. X-ray 검사장비 AI 데이터셋/dataset/test1/yolov3/X선이물검출기(06.23_09.22)/3호기(2020.09.22)/SN12053_20200907_NgImage/001_20200907_185049(1).bmp,001_20200907_185049(1),.bmp,576,444,P,6872bd4233a31dd489f7f81cddefa9bba324e1bf176e9eb5ea98970af5052d8d,3호기,128,False,True
4. X-ray 검사장비 AI 데이터셋/dataset/test1/yolov3/X선이물검출기(06.23_09.22)/3호기(2020.09.22)/SN12053_20200907_NgImage/001_20200907_185052(1).bmp,001_20200907_185052(1),.bmp,576,444,P,c180776cf5cd3703d5ee682810c234522c4cf87cefebede716e244dbdbf2b48e,3호기,128,False,True
4. X-ray 검사장비 AI 데이터셋/dataset/test1/yolov3/X선이물검출기(06.23_09.22)/3호기(2020.09.22)/SN12053_20200907_NgImage/001_20200907_185055(2).bmp,001_20200907_185055(2),.bmp,576,444,P,0a14a9568578d2682fc92b5493b6685f460f0f2ca1ee23ed52cf301becd78fd0,3호기,128,False,True
4. X-ray 검사장비 AI 데이터셋/dataset/test1/yolov3/X선이물검출기(06.23_09.22)/3호기(2020.09.22)/SN12053_20200907_NgImage/001_20200907_204437(0).bmp,001_20200907_204437(0),.bmp,576,444,P,9957ed63c15082688571efe722c099bc8242b1db9ce9030d3cabc88316960513,3호기,128,False,True
4. X-ray 검사장비 AI 데이터셋/dataset/test1/yolov3/X선이물검출기(06.23_09.22)/3호기(2020.09.22)/SN12053_20200907_NgImage/001_20200907_204440(2).bmp,001_20200907_204440(2),.bmp,576,444,P,889795da57c2aa8158d2b056a009102d1ffadb2aa0cb558ba2ea9bbd9737bb5f,3호기,128,False,True
4. X-ray 검사장비 AI 데이터셋/dataset/test1/yolov3/X선이물검출기(06.23_09.22)/3호기(2020.09.22)/SN12053_20200907_NgImage/001_20200907_204443(2).bmp,001_20200907_204443(2),.bmp,576,444,P,f6e0066e5fc66c21589552221ab02d09f28382c15ba8582e7aa4d85454a08fef,3호기,128,False,True
4. X-ray 검사장비 AI 데이터셋/dataset/test1/yolov3/X선이물검출기(06.23_09.22)/3호기(2020.09.22)/SN12053_20200907_NgImage/001_20200907_204446(0).bmp,001_20200907_204446(0),.bmp,576,444,P,c845e49b60d06b04bfda20c909d7b301eb0127c067ea7f44d79e427c34a25e13,3호기,128,False,True
4. X-ray 검사장비 AI 데이터셋/dataset/test1/yolov3/X선이물검출기(06.23_09.22)/3호기(2020.09.22)/SN12053_20200907_NgImage/001_20200907_204448(8).bmp,001_20200907_204448(8),.bmp,576,444,P,e9bd3bed8d42868b8c2300554c5e00bd96505797c9642b7eb4f0e9b2e720b325,3호기,128,False,True
4. X-ray 검사장비 AI 데이터셋/dataset/test1/yolov3/X선이물검출기(06.23_09.22)/3호기(2020.09.22)/SN12053_20200907_NgImage/001_20200907_204451(8).bmp,001_20200907_204451(8),.bmp,576,444,P,a8d7d54ae67e61e09e5460fd166a0b71fc85c753096dc7dff829418dbfc9f8da,3호기,136,False,True
4. X-ray 검사장비 AI 데이터셋/dataset/test1/yolov3/X선이물검출기(06.23_09.22)/3호기(2020.09.22)/SN12053_20200908_NgImage/001_20200908_003050(8).bmp,001_20200908_003050(8),.bmp,576,444,P,ab5d0c542734655117c38f9feaaa33f1ea78216d9512d09ac32e2c61159400cd,3호기,136,False,True
4. X-ray 검사장비 AI 데이터셋/dataset/test1/yolov3/X선이물검출기(06.23_09.22)/3호기(2020.09.22)/SN12053_20200908_NgImage/001_20200908_003059(1).bmp,001_20200908_003059(1),.bmp,576,444,P,0a2b866179882b3e0d4caee65fd2613a91b720162ccc709c222f9b1ef5868d6b,3호기,136,False,True
4. X-ray 검사장비 AI 데이터셋/dataset/test1/yolov3/X선이물검출기(06.23_09.22)/3호기(2020.09.22)/SN12053_20200908_NgImage/001_20200908_003103(1).bmp,001_20200908_003103(1),.bmp,576,444,P,145d82a8741c51308e94fe901ed928d94fbbafc99bcb25de3727037165eb1f6f,3호기,128,False,True
4. X-ray 검사장비 AI 데이터셋/dataset/test1/yolov3/X선이물검출기(06.23_09.22)/3호기(2020.09.22)/SN12053_20200908_NgImage/001_20200908_003107(4).bmp,001_20200908_003107(4),.bmp,576,444,P,d471e05cc0731da6294a5d746c314ab7c74fb8944473517539f5e4980890ee66,3호기,128,False,True
4. X-ray 검사장비 AI 데이터셋/dataset/test1/yolov3/X선이물검출기(06.23_09.22)/3호기(2020.09.22)/SN12053_20200908_NgImage/001_20200908_003111(1).bmp,001_20200908_003111(1),.bmp,576,444,P,c2281d8222c12e170d7f5703a7802ba359f44cdc28b9906705f7100dcae96dce,3호기,136,False,True
4. X-ray 검사장비 AI 데이터셋/dataset/test1/yolov3/X선이물검출기(06.23_09.22)/3호기(2020.09.22)/SN12053_20200908_NgImage/001_20200908_003115(2).bmp,001_20200908_003115(2),.bmp,576,444,P,4eb13e0852bb34c7f5e2a61ca5432a7f6e9ffc66334a31511715ee6c23c2aad0,3호기,128,False,True
4. X-ray 검사장비 AI 데이터셋/dataset/test1/yolov3/X선이물검출기(06.23_09.22)/3호기(2020.09.22)/SN12053_20200908_NgImage/001_20200908_043328(0).bmp,001_20200908_043328(0),.bmp,576,444,P,e74c060e319c1c90d9a5e2ac3271535a0e0bde783e4d8174e0e0fb12d84562aa,3호기,128,False,True
4. X-ray 검사장비 AI 데이터셋/dataset/test1/yolov3/X선이물검출기(06.23_09.22)/3호기(2020.09.22)/SN12053_20200908_NgImage/001_20200908_043332(2).bmp,001_20200908_043332(2),.bmp,576,444,P,0fa512a3fad721721857103802e46851e372fe1cb2f4be75e31b1712738a6237,3호기,128,False,True
4. X-ray 검사장비 AI 데이터셋/dataset/test1/yolov3/X선이물검출기(06.23_09.22)/3호기(2020.09.22)/SN12053_20200908_NgImage/001_20200908_043336(7).bmp,001_20200908_043336(7),.bmp,576,444,P,498637d877eec36fa8b11c337fb964afc67b1ea311d60f520465b9a4a7e6b5b2,3호기,128,False,True
4. X-ray 검사장비 AI 데이터셋/dataset/test1/yolov3/X선이물검출기(06.23_09.22)/3호기(2020.09.22)/SN12053_20200908_NgImage/001_20200908_043341(4).bmp,001_20200908_043341(4),.bmp,576,444,P,e358849916bab79d237396c44426a24ade8e4309347caf3dbc268c6553949ee4,3호기,128,False,True
4. X-ray 검사장비 AI 데이터셋/dataset/test1/yolov3/X선이물검출기(06.23_09.22)/3호기(2020.09.22)/SN12053_20200908_NgImage/001_20200908_043345(8).bmp,001_20200908_043345(8),.bmp,576,444,P,b3646e9bbec4277c39d07437c62f4cd879dff934469f2934ac072e886b529046,3호기,128,False,True
4. X-ray 검사장비 AI 데이터셋/dataset/test1/yolov3/X선이물검출기(06.23_09.22)/3호기(2020.09.22)/SN12053_20200908_NgImage/001_20200908_043350(5).bmp,001_20200908_043350(5),.bmp,576,444,P,8e2c05126ff13a90abaa262b1ac615ec31b248ddbb295177d557a548ce626f4a,3호기,136,False,True
4. X-ray 검사장비 AI 데이터셋/dataset/test1/yolov3/X선이물검출기(06.23_09.22)/3호기(2020.09.22)/SN12053_20200912_NgImage/001_20200912_021546(2).bmp,001_20200912_021546(2),.bmp,576,444,P,f489f85b6733f629c9afde5dc675e846ca8a0912d4fa661f51556f3d1b7bc0d3,3호기,128,False,True
4. X-ray 검사장비 AI 데이터셋/dataset/test1/yolov3/X선이물검출기(06.23_09.22)/3호기(2020.09.22)/SN12053_20200912_NgImage/001_20200912_021549(3).bmp,001_20200912_021549(3),.bmp,576,444,P,78b995b2bd86f53c73eeef490fafaad84056bcc0892e45e0b08e8a9980b0fef7,3호기,128,False,True
4. X-ray 검사장비 AI 데이터셋/dataset/test1/yolov3/X선이물검출기(06.23_09.22)/3호기(2020.09.22)/SN12053_20200912_NgImage/001_20200912_021552(4).bmp,001_20200912_021552(4),.bmp,576,444,P,07f9b0ff92abffacbeb83d3b6d2d20bde65abb9c39d716906d39d27134ac014a,3호기,128,False,True
4. X-ray 검사장비 AI 데이터셋/dataset/test1/yolov3/X선이물검출기(06.23_09.22)/3호기(2020.09.22)/SN12053_20200912_NgImage/001_20200912_021555(0).bmp,001_20200912_021555(0),.bmp,576,444,P,f049bf02b78e059168b26320e186f11ff5ed72da701b7f843400b6ffa15e723d,3호기,128,False,True
4. X-ray 검사장비 AI 데이터셋/dataset/test1/yolov3/X선이물검출기(06.23_09.22)/3호기(2020.09.22)/SN12053_20200912_NgImage/001_20200912_021601(0).bmp,001_20200912_021601(0),.bmp,576,444,P,4563b45cd6db20440f2c18a1c31e4a0dc82712d4dc5c87e0cece8aaef0256793,3호기,128,False,True
4. X-ray 검사장비 AI 데이터셋/dataset/test1/yolov3/X선이물검출기(06.23_09.22)/3호기(2020.09.22)/SN12053_20200912_NgImage/001_20200912_021604(3).bmp,001_20200912_021604(3),.bmp,576,444,P,7a0eb864bd1ebd917a6ce490c8c199a42ecdb48fb51d577887c12074e290eeeb,3호기,136,False,True
4. X-ray 검사장비 AI 데이터셋/dataset/test1/yolov3/X선이물검출기(06.23_09.22)/3호기(2020.09.22)/SN12053_20200912_NgImage/001_20200912_043256(0).bmp,001_20200912_043256(0),.bmp,576,444,P,120ccece544eed7126133630c4db5677dbdddf8549f502ea2c66de5253c6a032,3호기,128,False,True
4. X-ray 검사장비 AI 데이터셋/dataset/test1/yolov3/X선이물검출기(06.23_09.22)/3호기(2020.09.22)/SN12053_20200912_NgImage/001_20200912_043259(2).bmp,001_20200912_043259(2),.bmp,576,444,P,2a4074e8c1eccb062afe1c9b530619bc031541224b2ac51b8948e6726742cd1e,3호기,128,False,True
4. X-ray 검사장비 AI 데이터셋/dataset/test1/yolov3/X선이물검출기(06.23_09.22)/3호기(2020.09.22)/SN12053_20200912_NgImage/001_20200912_043302(3).bmp,001_20200912_043302(3),.bmp,576,444,P,da0b0106dd96e3f8412e229128c26dc321c1658f62ed1396610faec2f0da6a6e,3호기,152,False,True
4. X-ray 검사장비 AI 데이터셋/dataset/test1/yolov3/X선이물검출기(06.23_09.22)/3호기(2020.09.22)/SN12053_20200912_NgImage/001_20200912_043304(9).bmp,001_20200912_043304(9),.bmp,576,444,P,61a461cbd378e380959ac87cf8a22fb3420624bef044b5291f2b2dd5323b9eec,3호기,128,False,True
4. X-ray 검사장비 AI 데이터셋/dataset/test1/yolov3/X선이물검출기(06.23_09.22)/3호기(2020.09.22)/SN12053_20200912_NgImage/001_20200912_043307(9).bmp,001_20200912_043307(9),.bmp,576,444,P,fcddbc5f4923b430e0d4e64d2ddcb6b33f6e9d21c9e6cb51df138b8863f524cb,3호기,128,False,True
4. X-ray 검사장비 AI 데이터셋/dataset/test1/yolov3/X선이물검출기(06.23_09.22)/3호기(2020.09.22)/SN12053_20200912_NgImage/001_20200912_043310(9).bmp,001_20200912_043310(9),.bmp,576,444,P,684a919c860ea7263668f970f793ecf49fee9d3151d204cb1f6fd5ce896e7767,3호기,136,False,True
4. X-ray 검사장비 AI 데이터셋/dataset/test1/yolov3/X선이물검출기(06.23_09.22)/3호기(2020.09.22)/SN12053_20200912_NgImage/001_20200912_123123(1).bmp,001_20200912_123123(1),.bmp,576,444,P,e6e216b211c0991a152b34414fbb3b2c609da158d9caaf873bc56c54704cda55,3호기,136,False,True
4. X-ray 검사장비 AI 데이터셋/dataset/test1/yolov3/X선이물검출기(06.23_09.22)/3호기(2020.09.22)/SN12053_20200912_NgImage/001_20200912_123126(0).bmp,001_20200912_123126(0),.bmp,576,444,P,b2e8a91c48a8daccdf8a4acce8a73dfeaa1d6c2d165b480e07be46deec291ac1,3호기,144,False,True
4. X-ray 검사장비 AI 데이터셋/dataset/test1/yolov3/X선이물검출기(06.23_09.22)/3호기(2020.09.22)/SN12053_20200912_NgImage/001_20200912_123129(3).bmp,001_20200912_123129(3),.bmp,576,444,P,d316e04d0aaa80e2dc2dcbc7ab095bd39988eab96aa9ac9d42de3c242720290c,3호기,128,False,True
4. X-ray 검사장비 AI 데이터셋/dataset/test1/yolov3/X선이물검출기(06.23_09.22)/3호기(2020.09.22)/SN12053_20200912_NgImage/001_20200912_123132(4).bmp,001_20200912_123132(4),.bmp,576,444,P,7d52787c972c41bcd732c392a7a610656f41f294ab1ea0395a88531d62905536,3호기,128,False,True
4. X-ray 검사장비 AI 데이터셋/dataset/test1/yolov3/X선이물검출기(06.23_09.22)/3호기(2020.09.22)/SN12053_20200912_NgImage/001_20200912_123135(5).bmp,001_20200912_123135(5),.bmp,576,444,P,70bffc496c25196c4e4790c3829e8e382a8feaa4382f04eccf7b34184d9c13c9,3호기,208,False,True
4. X-ray 검사장비 AI 데이터셋/dataset/test1/yolov3/X선이물검출기(06.23_09.22)/3호기(2020.09.22)/SN12053_20200912_NgImage/001_20200912_123138(5).bmp,001_20200912_123138(5),.bmp,576,444,P,20c07b96b6fd741605905de66fa50ee5c5b48d71ab89d6ab3645a7ccd2f4a427,3호기,128,False,True
4. X-ray 검사장비 AI 데이터셋/dataset/test1/yolov3/X선이물검출기(06.23_09.22)/3호기(2020.09.22)/SN12053_20200912_NgImage/001_20200912_163419(0).bmp,001_20200912_163419(0),.bmp,576,444,P,c988599dcd078fcd3f7e63dc8b805b4d886ecbc22784f390c3b50c5e7743271e,3호기,128,False,True
4. X-ray 검사장비 AI 데이터셋/dataset/test1/yolov3/X선이물검출기(06.23_09.22)/3호기(2020.09.22)/SN12053_20200912_NgImage/001_20200912_163423(5).bmp,001_20200912_163423(5),.bmp,576,444,P,0ed743cf7708861d2d2ebb621cdcdda508029a645f4aee4b3a53220a58e9b8db,3호기,128,False,True
4. X-ray 검사장비 AI 데이터셋/dataset/test1/yolov3/X선이물검출기(06.23_09.22)/3호기(2020.09.22)/SN12053_20200912_NgImage/001_20200912_163427(9).bmp,001_20200912_163427(9),.bmp,576,444,P,ab4f656872f15b0f87ebd410409672370343f8cacabd695d9ade2682621368e4,3호기,128,False,True
4. X-ray 검사장비 AI 데이터셋/dataset/test1/yolov3/X선이물검출기(06.23_09.22)/3호기(2020.09.22)/SN12053_20200912_NgImage/001_20200912_163432(2).bmp,001_20200912_163432(2),.bmp,576,444,P,ce22640cdc60d467ad824292ad98b2c474b44370fdb983af427e647af6614438,3호기,128,False,True
4. X-ray 검사장비 AI 데이터셋/dataset/test1/yolov3/X선이물검출기(06.23_09.22)/3호기(2020.09.22)/SN12053_20200912_NgImage/001_20200912_163436(7).bmp,001_20200912_163436(7),.bmp,576,444,P,0a18042c6ba5503b452e3c5bf9d7b04a2145d614256f284fbce8f55d8b966b7f,3호기,136,False,True
4. X-ray 검사장비 AI 데이터셋/dataset/test1/yolov3/X선이물검출기(06.23_09.22)/3호기(2020.09.22)/SN12053_20200912_NgImage/001_20200912_163441(0).bmp,001_20200912_163441(0),.bmp,576,444,P,fec584c822cfea146fd227f3abb7399a8e71f87855b8ccb1362d90cb8d1c3f02,3호기,128,False,True
4. X-ray 검사장비 AI 데이터셋/dataset/test1/yolov3/X선이물검출기(06.23_09.22)/3호기(2020.09.22)/SN12053_20200912_NgImage/001_20200912_202811(1).bmp,001_20200912_202811(1),.bmp,576,444,P,0d9800bb617da483a726d34c5b3eb9f25a7a63c68758023935117fa94ba5caf4,3호기,128,False,True
4. X-ray 검사장비 AI 데이터셋/dataset/test1/yolov3/X선이물검출기(06.23_09.22)/3호기(2020.09.22)/SN12053_20200912_NgImage/001_20200912_202815(6).bmp,001_20200912_202815(6),.bmp,576,444,P,5b0d7a77dc1127d37613ab54d95a13236b67fe8f38e021070b2a0ae7a2faed33,3호기,128,False,True
4. X-ray 검사장비 AI 데이터셋/dataset/test1/yolov3/X선이물검출기(06.23_09.22)/3호기(2020.09.22)/SN12053_20200912_NgImage/001_20200912_202820(0).bmp,001_20200912_202820(0),.bmp,576,444,P,e0ed10fda64e8ec974b0dc0c49106caee4005c04d052e905ce1f56cd76842974,3호기,128,False,True
4. X-ray 검사장비 AI 데이터셋/dataset/test1/yolov3/X선이물검출기(06.23_09.22)/3호기(2020.09.22)/SN12053_20200912_NgImage/001_20200912_202824(6).bmp,001_20200912_202824(6),.bmp,576,444,P,0209c60415807959f1e83894510d59a9560eb739d613d5ef1b4f87e8e5285555,3호기,128,False,True
4. X-ray 검사장비 AI 데이터셋/dataset/test1/yolov3/X선이물검출기(06.23_09.22)/3호기(2020.09.22)/SN12053_20200912_NgImage/001_20200912_202829(2).bmp,001_20200912_202829(2),.bmp,576,444,P,deec309034e25667042e801742a618e970faa01c68fdc7060045765a3f70c737,3호기,128,False,True
4. X-ray 검사장비 AI 데이터셋/dataset/test1/yolov3/X선이물검출기(06.23_09.22)/3호기(2020.09.22)/SN12053_20200912_NgImage/001_20200912_202833(7).bmp,001_20200912_202833(7),.bmp,576,444,P,097c51073db4eb01d361e5d0b788c7936c2afe7546a3981ffb3a38006ca6367e,3호기,128,False,True
4. X-ray 검사장비 AI 데이터셋/dataset/test1/yolov3/X선이물검출기(06.23_09.22)/3호기(2020.09.22)/SN12053_20200914_NgImage/001_20200914_083101(5).bmp,001_20200914_083101(5),.bmp,576,444,P,2e297f1034e776e9f79b5ddcbe63cd4911784812c1a40903638cd6d7b1bf472f,3호기,128,False,True
4. X-ray 검사장비 AI 데이터셋/dataset/test1/yolov3/X선이물검출기(06.23_09.22)/3호기(2020.09.22)/SN12053_20200914_NgImage/001_20200914_083105(1).bmp,001_20200914_083105(1),.bmp,576,444,P,94fd02d442f224251b1bf83bf9fca80ecb464cab8eb6dd1cffb7ad51252411e2,3호기,128,False,True
4. X-ray 검사장비 AI 데이터셋/dataset/test1/yolov3/X선이물검출기(06.23_09.22)/3호기(2020.09.22)/SN12053_20200914_NgImage/001_20200914_083108(8).bmp,001_20200914_083108(8),.bmp,576,444,P,0d082ca918ad6ae87a6f7bbddf6fa6b68d844805d8a721976338fa1361325ee2,3호기,128,False,True
4. X-ray 검사장비 AI 데이터셋/dataset/test1/yolov3/X선이물검출기(06.23_09.22)/3호기(2020.09.22)/SN12053_20200914_NgImage/001_20200914_083111(5).bmp,001_20200914_083111(5),.bmp,576,444,P,cc03a94c43d702a39d4873007c60b1e5f78e6ca08b081ea666f4e71af6fb1042,3호기,136,False,True
4. X-ray 검사장비 AI 데이터셋/dataset/test1/yolov3/X선이물검출기(06.23_09.22)/3호기(2020.09.22)/SN12053_20200914_NgImage/001_20200914_083114(5).bmp,001_20200914_083114(5),.bmp,576,444,P,a18ecfce93dafb2396097083a0da96a6d2eb3fa4e963ddb49d9d46d40f52bf3e,3호기,128,False,True
4. X-ray 검사장비 AI 데이터셋/dataset/test1/yolov3/X선이물검출기(06.23_09.22)/3호기(2020.09.22)/SN12053_20200914_NgImage/001_20200914_083117(5).bmp,001_20200914_083117(5),.bmp,576,444,P,53feeb180e3217fd3eb8b66b178ff2d7d9bfc90be095faaa708b530420899ba6,3호기,136,False,True
4. X-ray 검사장비 AI 데이터셋/dataset/test1/yolov3/X선이물검출기(06.23_09.22)/3호기(2020.09.22)/SN12053_20200914_NgImage/001_20200914_124151(5).bmp,001_20200914_124151(5),.bmp,576,444,P,d4e63086007442bfff1f7c80ba1b82fe301f066161812949dd7cacad46b67a44,3호기,136,False,True
4. X-ray 검사장비 AI 데이터셋/dataset/test1/yolov3/X선이물검출기(06.23_09.22)/3호기(2020.09.22)/SN12053_20200914_NgImage/001_20200914_124155(9).bmp,001_20200914_124155(9),.bmp,576,444,P,8a32aec8b8d26c24e77310b5018fcf12a71a12252c09020a848b8d9160aa069e,3호기,136,False,True
4. X-ray 검사장비 AI 데이터셋/dataset/test1/yolov3/X선이물검출기(06.23_09.22)/3호기(2020.09.22)/SN12053_20200914_NgImage/001_20200914_124200(5).bmp,001_20200914_124200(5),.bmp,576,444,P,153018a577cb776de94214d89dd5d486faf7ff52a822b9ec2e40f57ee9142a4c,3호기,128,False,True
4. X-ray 검사장비 AI 데이터셋/dataset/test1/yolov3/X선이물검출기(06.23_09.22)/3호기(2020.09.22)/SN12053_20200914_NgImage/001_20200914_124205(0).bmp,001_20200914_124205(0),.bmp,576,444,P,7ce42b1b4247b63ff31738255c1120ef87097ee44917ebaf837118164e16c2bb,3호기,128,False,True
4. X-ray 검사장비 AI 데이터셋/dataset/test1/yolov3/X선이물검출기(06.23_09.22)/3호기(2020.09.22)/SN12053_20200914_NgImage/001_20200914_124209(5).bmp,001_20200914_124209(5),.bmp,576,444,P,0170d7610bf5b925ededc0dd78f2a242dcae008085130d2ff6c63e3f63906584,3호기,136,False,True
4. X-ray 검사장비 AI 데이터셋/dataset/test1/yolov3/X선이물검출기(06.23_09.22)/3호기(2020.09.22)/SN12053_20200914_NgImage/001_20200914_124214(0).bmp,001_20200914_124214(0),.bmp,576,444,P,5e544af77377f8d68b2fa15d3b7f6a87525505396386a7d9678acdb09d1b48f7,3호기,128,False,True
4. X-ray 검사장비 AI 데이터셋/dataset/test1/yolov3/X선이물검출기(06.23_09.22)/3호기(2020.09.22)/SN12053_20200914_NgImage/001_20200914_163305(1).bmp,001_20200914_163305(1),.bmp,576,444,P,409f4d5d8870a63dfd048680e108bd6c2912b332cc0c707b3859fcd0af4fae3e,3호기,128,False,True
4. X-ray 검사장비 AI 데이터셋/dataset/test1/yolov3/X선이물검출기(06.23_09.22)/3호기(2020.09.22)/SN12053_20200914_NgImage/001_20200914_163315(7).bmp,001_20200914_163315(7),.bmp,576,444,P,b99be4f4423e5f7dc0c9095946444c930e318d62bbd7466019964b6ed44964cb,3호기,128,False,True
4. X-ray 검사장비 AI 데이터셋/dataset/test1/yolov3/X선이물검출기(06.23_09.22)/3호기(2020.09.22)/SN12053_20200914_NgImage/001_20200914_163320(2).bmp,001_20200914_163320(2),.bmp,576,444,P,8b64a7251d444d442ec9ff9379dc8369cc7c81d06819aeaea23302e968cc0bc6,3호기,128,False,True
4. X-ray 검사장비 AI 데이터셋/dataset/test1/yolov3/X선이물검출기(06.23_09.22)/3호기(2020.09.22)/SN12053_20200914_NgImage/001_20200914_163324(7).bmp,001_20200914_163324(7),.bmp,576,444,P,868aa5cf5450cd6c94a5b44d43b3cdc24456f954fdf2475346c0b3133ffae821,3호기,128,False,True
4. X-ray 검사장비 AI 데이터셋/dataset/test1/yolov3/X선이물검출기(06.23_09.22)/3호기(2020.09.22)/SN12053_20200914_NgImage/001_20200914_163333(8).bmp,001_20200914_163333(8),.bmp,576,444,P,d19ea1ff46a0b1800857d253b9a933df93d0525bf346b3bdc84e966f58b73ff1,3호기,136,False,True
4. X-ray 검사장비 AI 데이터셋/dataset/test1/yolov3/X선이물검출기(06.23_09.22)/3호기(2020.09.22)/SN12053_20200914_NgImage/001_20200914_163338(3).bmp,001_20200914_163338(3),.bmp,576,444,P,fdca363616b58c9b0e29183bd8694fe215f0e593d6d44b3f99d8b5f1eae35083,3호기,128,False,True
4. X-ray 검사장비 AI 데이터셋/dataset/test1/yolov3/X선이물검출기(06.23_09.22)/3호기(2020.09.22)/SN12053_20200914_NgImage/001_20200914_203322(0).bmp,001_20200914_203322(0),.bmp,576,444,P,ea69f85056372e2abdb339b374e6dd7f49136833e92aceaf636273630e3c2c92,3호기,128,False,True
4. X-ray 검사장비 AI 데이터셋/dataset/test1/yolov3/X선이물검출기(06.23_09.22)/3호기(2020.09.22)/SN12053_20200914_NgImage/001_20200914_203326(4).bmp,001_20200914_203326(4),.bmp,576,444,P,ab22ea97f327bd72f96d7216c1f9d5381c8e3268558390804f24f20410291be7,3호기,128,False,True
4. X-ray 검사장비 AI 데이터셋/dataset/test1/yolov3/X선이물검출기(06.23_09.22)/3호기(2020.09.22)/SN12053_20200914_NgImage/001_20200914_203330(8).bmp,001_20200914_203330(8),.bmp,576,444,P,0d4ca1e6a84811bfe6c56d2b76f759367e0e7089f3a3bbfdc24c029cf24c3bb2,3호기,136,False,True
4. X-ray 검사장비 AI 데이터셋/dataset/test1/yolov3/X선이물검출기(06.23_09.22)/3호기(2020.09.22)/SN12053_20200914_NgImage/001_20200914_203335(4).bmp,001_20200914_203335(4),.bmp,576,444,P,ef98d100401e99acd2360ccb938f21392fff02e7fe4d29597cffd9bf31f62497,3호기,128,False,True
4. X-ray 검사장비 AI 데이터셋/dataset/test1/yolov3/X선이물검출기(06.23_09.22)/3호기(2020.09.22)/SN12053_20200914_NgImage/001_20200914_203340(0).bmp,001_20200914_203340(0),.bmp,576,444,P,bb7e32e8c4f52124b8248da74a9fcc6a4da76f0e24734f312983aea0414cbbe7,3호기,136,False,True
4. X-ray 검사장비 AI 데이터셋/dataset/test1/yolov3/X선이물검출기(06.23_09.22)/3호기(2020.09.22)/SN12053_20200914_NgImage/001_20200914_203344(4).bmp,001_20200914_203344(4),.bmp,576,444,P,f25954864f3712efd9d8f7ea6d5ba832ed969804428c4203e768bf95ad09b0f1,3호기,192,False,True
4. X-ray 검사장비 AI 데이터셋/dataset/test1/yolov3/X선이물검출기(06.23_09.22)/3호기(2020.09.22)/SN12053_20200915_NgImage/001_20200914_203322(0).bmp,001_20200914_203322(0),.bmp,576,444,P,ea69f85056372e2abdb339b374e6dd7f49136833e92aceaf636273630e3c2c92,3호기,128,False,True
4. X-ray 검사장비 AI 데이터셋/dataset/test1/yolov3/X선이물검출기(06.23_09.22)/3호기(2020.09.22)/SN12053_20200915_NgImage/001_20200914_203326(4).bmp,001_20200914_203326(4),.bmp,576,444,P,ab22ea97f327bd72f96d7216c1f9d5381c8e3268558390804f24f20410291be7,3호기,128,False,True
4. X-ray 검사장비 AI 데이터셋/dataset/test1/yolov3/X선이물검출기(06.23_09.22)/3호기(2020.09.22)/SN12053_20200915_NgImage/001_20200914_203330(8).bmp,001_20200914_203330(8),.bmp,576,444,P,0d4ca1e6a84811bfe6c56d2b76f759367e0e7089f3a3bbfdc24c029cf24c3bb2,3호기,136,False,True
4. X-ray 검사장비 AI 데이터셋/dataset/test1/yolov3/X선이물검출기(06.23_09.22)/3호기(2020.09.22)/SN12053_20200915_NgImage/001_20200914_203335(4).bmp,001_20200914_203335(4),.bmp,576,444,P,ef98d100401e99acd2360ccb938f21392fff02e7fe4d29597cffd9bf31f62497,3호기,128,False,True
4. X-ray 검사장비 AI 데이터셋/dataset/test1/yolov3/X선이물검출기(06.23_09.22)/3호기(2020.09.22)/SN12053_20200915_NgImage/001_20200914_203340(0).bmp,001_20200914_203340(0),.bmp,576,444,P,bb7e32e8c4f52124b8248da74a9fcc6a4da76f0e24734f312983aea0414cbbe7,3호기,136,False,True
4. X-ray 검사장비 AI 데이터셋/dataset/test1/yolov3/X선이물검출기(06.23_09.22)/3호기(2020.09.22)/SN12053_20200915_NgImage/001_20200914_203344(4).bmp,001_20200914_203344(4),.bmp,576,444,P,f25954864f3712efd9d8f7ea6d5ba832ed969804428c4203e768bf95ad09b0f1,3호기,192,False,True
4. X-ray 검사장비 AI 데이터셋/dataset/test1/yolov3/X선이물검출기(06.23_09.22)/3호기(2020.09.22)/SN12053_20200915_NgImage/001_20200915_003734(8).bmp,001_20200915_003734(8),.bmp,576,444,P,8946f6d57066676a98075b6ba64083f6493ac1cd6aab88de0ed3d372c13dab64,3호기,128,False,True
4. X-ray 검사장비 AI 데이터셋/dataset/test1/yolov3/X선이물검출기(06.23_09.22)/3호기(2020.09.22)/SN12053_20200915_NgImage/001_20200915_003737(5).bmp,001_20200915_003737(5),.bmp,576,444,P,0c4f15e3218ed43a8c60ba5f9cce71962ee8296a48ae587b4568862ed643407f,3호기,128,False,True
4. X-ray 검사장비 AI 데이터셋/dataset/test1/yolov3/X선이물검출기(06.23_09.22)/3호기(2020.09.22)/SN12053_20200915_NgImage/001_20200915_003740(4).bmp,001_20200915_003740(4),.bmp,576,444,P,71f39c34b7ade7ca36e669270f6bac715366529000e9a9c35ae2d56c43926f8f,3호기,184,False,True
4. X-ray 검사장비 AI 데이터셋/dataset/test1/yolov3/X선이물검출기(06.23_09.22)/3호기(2020.09.22)/SN12053_20200915_NgImage/001_20200915_003743(5).bmp,001_20200915_003743(5),.bmp,576,444,P,a952ecbf82ff64cb7c177ce901738d8da3f7dd8c6cb9227c7a88f32c8bc466a4,3호기,128,False,True
4. X-ray 검사장비 AI 데이터셋/dataset/test1/yolov3/X선이물검출기(06.23_09.22)/3호기(2020.09.22)/SN12053_20200915_NgImage/001_20200915_003746(5).bmp,001_20200915_003746(5),.bmp,576,444,P,3d313e82a7e32c5094d66fe220049dceb6d5497cc2b280497a0d53ac8f8a48bb,3호기,128,False,True
4. X-ray 검사장비 AI 데이터셋/dataset/test1/yolov3/X선이물검출기(06.23_09.22)/3호기(2020.09.22)/SN12053_20200915_NgImage/001_20200915_003749(6).bmp,001_20200915_003749(6),.bmp,576,444,P,1c457c8e02b883d965565d11c93e9a1922bc8f787db9f5e5f70720922a6534e6,3호기,136,False,True
4. X-ray 검사장비 AI 데이터셋/dataset/test1/yolov3/X선이물검출기(06.23_09.22)/3호기(2020.09.22)/SN12053_20200915_NgImage/001_20200915_043556(4).bmp,001_20200915_043556(4),.bmp,576,444,P,28da5433e1838552a6611d06359d14558a89c65e793bcce920db45914abec3af,3호기,128,False,True
4. X-ray 검사장비 AI 데이터셋/dataset/test1/yolov3/X선이물검출기(06.23_09.22)/3호기(2020.09.22)/SN12053_20200915_NgImage/001_20200915_043601(0).bmp,001_20200915_043601(0),.bmp,576,444,P,73fade22a5dba5d4352ff886369889743cb17677e87a27393a24448e6965daf5,3호기,128,False,True
4. X-ray 검사장비 AI 데이터셋/dataset/test1/yolov3/X선이물검출기(06.23_09.22)/3호기(2020.09.22)/SN12053_20200915_NgImage/001_20200915_043605(3).bmp,001_20200915_043605(3),.bmp,576,444,P,265a8eab05186c3fbb36124826495085a08db4d11fb1895bea5b5620f7a1a5a6,3호기,136,False,True
4. X-ray 검사장비 AI 데이터셋/dataset/test1/yolov3/X선이물검출기(06.23_09.22)/3호기(2020.09.22)/SN12053_20200915_NgImage/001_20200915_043609(9).bmp,001_20200915_043609(9),.bmp,576,444,P,62abbdcfa3b2c3abec10876010678551da67a8e52fa9c45c15a592fb9baef8af,3호기,128,False,True
4. X-ray 검사장비 AI 데이터셋/dataset/test1/yolov3/X선이물검출기(06.23_09.22)/3호기(2020.09.22)/SN12053_20200915_NgImage/001_20200915_043614(4).bmp,001_20200915_043614(4),.bmp,576,444,P,bbbbe249c9cdfd53fcb54b5a043d7cfcda00571ca0eb8d087f080872e7fbdd03,3호기,128,False,True
4. X-ray 검사장비 AI 데이터셋/dataset/test1/yolov3/X선이물검출기(06.23_09.22)/3호기(2020.09.22)/SN12053_20200915_NgImage/001_20200915_043618(9).bmp,001_20200915_043618(9),.bmp,576,444,P,d08012c60bb0d10e763213a00efce1aaf07b1f21cffa4430364110d9fafeda6d,3호기,136,False,True
4. X-ray 검사장비 AI 데이터셋/dataset/test1/yolov3/X선이물검출기(06.23_09.22)/3호기(2020.09.22)/SN12053_20200915_NgImage/001_20200915_083241(0).bmp,001_20200915_083241(0),.bmp,576,444,P,90e85b6e68f5b61aa53fe69d7c1a528282b15122199650a301d1785404793fe5,3호기,128,False,True
4. X-ray 검사장비 AI 데이터셋/dataset/test1/yolov3/X선이물검출기(06.23_09.22)/3호기(2020.09.22)/SN12053_20200915_NgImage/001_20200915_083245(4).bmp,001_20200915_083245(4),.bmp,576,444,P,4a9ecd94a9d6b1886baa12db720d0dc32dda7f602f987347f95e9275fbda984e,3호기,128,False,True
4. X-ray 검사장비 AI 데이터셋/dataset/test1/yolov3/X선이물검출기(06.23_09.22)/3호기(2020.09.22)/SN12053_20200915_NgImage/001_20200915_083250(0).bmp,001_20200915_083250(0),.bmp,576,444,P,bea56d12d39343c7ccff0847e34f0b12efabde4e813e35caae664979ad029b0d,3호기,128,False,True
4. X-ray 검사장비 AI 데이터셋/dataset/test1/yolov3/X선이물검출기(06.23_09.22)/3호기(2020.09.22)/SN12053_20200915_NgImage/001_20200915_083254(5).bmp,001_20200915_083254(5),.bmp,576,444,P,72dc3c9328aaa3c074e05962ad60bdc84216f303c89ebcc827beaebc06a0fca1,3호기,128,False,True
4. X-ray 검사장비 AI 데이터셋/dataset/test1/yolov3/X선이물검출기(06.23_09.22)/3호기(2020.09.22)/SN12053_20200915_NgImage/001_20200915_083259(0).bmp,001_20200915_083259(0),.bmp,576,444,P,734ec839032881de6cb4ae9bfa0493d80739df81d9604172b33706a78d689ada,3호기,128,False,True
4. X-ray 검사장비 AI 데이터셋/dataset/test1/yolov3/X선이물검출기(06.23_09.22)/3호기(2020.09.22)/SN12053_20200915_NgImage/001_20200915_083303(4).bmp,001_20200915_083303(4),.bmp,576,444,P,15cda66c32080e8c777efe2b0b4247c37c22532939041a0b63f8757cd30c54bd,3호기,136,False,True
4. X-ray 검사장비 AI 데이터셋/dataset/test1/yolov3/X선이물검출기(06.23_09.22)/3호기(2020.09.22)/SN12053_20200915_NgImage/001_20200915_123359(7).bmp,001_20200915_123359(7),.bmp,576,444,P,6af280c81110e2e93b4a32a50e808681720c7c977d9a05964aa0a04d41b5f63a,3호기,128,False,True
4. X-ray 검사장비 AI 데이터셋/dataset/test1/yolov3/X선이물검출기(06.23_09.22)/3호기(2020.09.22)/SN12053_20200915_NgImage/001_20200915_123404(4).bmp,001_20200915_123404(4),.bmp,576,444,P,a0f6f0ebcf9e7d113f69d0804fc7a6b5767519c84f93b124f091dfa605d56209,3호기,136,False,True
4. X-ray 검사장비 AI 데이터셋/dataset/test1/yolov3/X선이물검출기(06.23_09.22)/3호기(2020.09.22)/SN12053_20200915_NgImage/001_20200915_123409(0).bmp,001_20200915_123409(0),.bmp,576,444,P,6d0f0c22a944fad5075afde3d5b48ecd4953495edf1571f8f994078060b8b1e6,3호기,128,False,True
4. X-ray 검사장비 AI 데이터셋/dataset/test1/yolov3/X선이물검출기(06.23_09.22)/3호기(2020.09.22)/SN12053_20200915_NgImage/001_20200915_123413(3).bmp,001_20200915_123413(3),.bmp,576,444,P,14db48b8f5003053186aec6ac6545c1f013bc14bbb6bbfe306b9d2e2f2e4fcca,3호기,136,False,True
4. X-ray 검사장비 AI 데이터셋/dataset/test1/yolov3/X선이물검출기(06.23_09.22)/3호기(2020.09.22)/SN12053_20200915_NgImage/001_20200915_123417(9).bmp,001_20200915_123417(9),.bmp,576,444,P,839ec9a9342dd9fddc2d2e5b1fd18e0cff83d0ed99e52bee4253e4afe04d3f9f,3호기,128,False,True
4. X-ray 검사장비 AI 데이터셋/dataset/test1/yolov3/X선이물검출기(06.23_09.22)/3호기(2020.09.22)/SN12053_20200915_NgImage/001_20200915_123422(2).bmp,001_20200915_123422(2),.bmp,576,444,P,7a40261b28fe7b5404b6862f5e09fde82e4048844b180b9fa952e5d770f3a0df,3호기,128,False,True
4. X-ray 검사장비 AI 데이터셋/dataset/test1/yolov3/X선이물검출기(06.23_09.22)/3호기(2020.09.22)/SN12053_20200915_NgImage/001_20200915_164139(8).bmp,001_20200915_164139(8),.bmp,576,444,P,a4aad36ff551efd757f479a2824eb136779362d22dee3dce2e66a71d4d0490a4,3호기,128,False,True
4. X-ray 검사장비 AI 데이터셋/dataset/test1/yolov3/X선이물검출기(06.23_09.22)/3호기(2020.09.22)/SN12053_20200915_NgImage/001_20200915_164147(9).bmp,001_20200915_164147(9),.bmp,576,444,P,77180a211522ba15d9546e1aa961ae71f2ddbc395164515390d8d8657113c0e1,3호기,128,False,True
4. X-ray 검사장비 AI 데이터셋/dataset/test1/yolov3/X선이물검출기(06.23_09.22)/3호기(2020.09.22)/SN12053_20200915_NgImage/001_20200915_164151(3).bmp,001_20200915_164151(3),.bmp,576,444,P,dd67470bc4aad74247d23dfbe189a3c087cfe2ffb0ad26d63ab5bb4a3ca4d0cf,3호기,136,False,True
4. X-ray 검사장비 AI 데이터셋/dataset/test1/yolov3/X선이물검출기(06.23_09.22)/3호기(2020.09.22)/SN12053_20200915_NgImage/001_20200915_164155(7).bmp,001_20200915_164155(7),.bmp,576,444,P,dc09a349083b81c0306e9ec93d69a5eadbf3ce7ceb7059b72aa6b5c3581dcfea,3호기,128,False,True
4. X-ray 검사장비 AI 데이터셋/dataset/test1/yolov3/X선이물검출기(06.23_09.22)/3호기(2020.09.22)/SN12053_20200915_NgImage/001_20200915_164159(6).bmp,001_20200915_164159(6),.bmp,576,444,P,36a07108b6676261cb467d954eb94f49e0c7f9317bf6033c6a0cfc10eecdc128,3호기,128,False,True
4. X-ray 검사장비 AI 데이터셋/dataset/test1/yolov3/X선이물검출기(06.23_09.22)/3호기(2020.09.22)/SN12053_20200915_NgImage/001_20200915_164202(8).bmp,001_20200915_164202(8),.bmp,576,444,P,1a1f64530b0825299b1071119ac1f05f55ed01f279ab2adfb1cf1fba83564b7f,3호기,128,False,True
4. X-ray 검사장비 AI 데이터셋/dataset/test1/yolov3/X선이물검출기(06.23_09.22)/3호기(2020.09.22)/SN12053_20200915_NgImage/001_20200915_203430(3).bmp,001_20200915_203430(3),.bmp,576,444,P,fdf119ee9038da82e4d03564bd18e72f126c6fed5b321264c08d752da8d3af4a,3호기,128,False,True
4. X-ray 검사장비 AI 데이터셋/dataset/test1/yolov3/X선이물검출기(06.23_09.22)/3호기(2020.09.22)/SN12053_20200915_NgImage/001_20200915_203446(9).bmp,001_20200915_203446(9),.bmp,576,444,P,417d4a5860a4ec433be3f94f4e816a2323a466b870b7277671497554fbd64e60,3호기,128,False,True
4. X-ray 검사장비 AI 데이터셋/dataset/test1/yolov3/X선이물검출기(06.23_09.22)/3호기(2020.09.22)/SN12053_20200915_NgImage/001_20200915_203451(3).bmp,001_20200915_203451(3),.bmp,576,444,P,ba5400e404468d0685767318a77aa18baadf2c54ffa5b495652d60d74e4fc9a8,3호기,128,False,True
4. X-ray 검사장비 AI 데이터셋/dataset/test1/yolov3/X선이물검출기(06.23_09.22)/3호기(2020.09.22)/SN12053_20200915_NgImage/001_20200915_203455(9).bmp,001_20200915_203455(9),.bmp,576,444,P,7cd465423bfdf54f7aaa175a37625d8fb3d1b5010d4bb20c0d1299134af42b0c,3호기,128,False,True
4. X-ray 검사장비 AI 데이터셋/dataset/test1/yolov3/X선이물검출기(06.23_09.22)/3호기(2020.09.22)/SN12053_20200915_NgImage/001_20200915_203500(5).bmp,001_20200915_203500(5),.bmp,576,444,P,a1d88e64d72185712cf3a94dd7716df83a79afd0a85553e916ae4ffa8ef809db,3호기,128,False,True
4. X-ray 검사장비 AI 데이터셋/dataset/test1/yolov3/X선이물검출기(06.23_09.22)/3호기(2020.09.22)/SN12053_20200915_NgImage/001_20200915_203504(9).bmp,001_20200915_203504(9),.bmp,576,444,P,2f9970904fae5ec7af3640a4563338ac4bb679dce647a9565af8f20fc44b86ad,3호기,128,False,True
4. X-ray 검사장비 AI 데이터셋/dataset/test1/yolov3/X선이물검출기(06.23_09.22)/3호기(2020.09.22)/SN12053_20200916_NgImage/001_20200915_203430(3).bmp,001_20200915_203430(3),.bmp,576,444,P,fdf119ee9038da82e4d03564bd18e72f126c6fed5b321264c08d752da8d3af4a,3호기,128,False,True
4. X-ray 검사장비 AI 데이터셋/dataset/test1/yolov3/X선이물검출기(06.23_09.22)/3호기(2020.09.22)/SN12053_20200916_NgImage/001_20200915_203446(9).bmp,001_20200915_203446(9),.bmp,576,444,P,417d4a5860a4ec433be3f94f4e816a2323a466b870b7277671497554fbd64e60,3호기,128,False,True
4. X-ray 검사장비 AI 데이터셋/dataset/test1/yolov3/X선이물검출기(06.23_09.22)/3호기(2020.09.22)/SN12053_20200916_NgImage/001_20200915_203451(3).bmp,001_20200915_203451(3),.bmp,576,444,P,ba5400e404468d0685767318a77aa18baadf2c54ffa5b495652d60d74e4fc9a8,3호기,128,False,True
4. X-ray 검사장비 AI 데이터셋/dataset/test1/yolov3/X선이물검출기(06.23_09.22)/3호기(2020.09.22)/SN12053_20200916_NgImage/001_20200915_203455(9).bmp,001_20200915_203455(9),.bmp,576,444,P,7cd465423bfdf54f7aaa175a37625d8fb3d1b5010d4bb20c0d1299134af42b0c,3호기,128,False,True
4. X-ray 검사장비 AI 데이터셋/dataset/test1/yolov3/X선이물검출기(06.23_09.22)/3호기(2020.09.22)/SN12053_20200916_NgImage/001_20200915_203500(5).bmp,001_20200915_203500(5),.bmp,576,444,P,a1d88e64d72185712cf3a94dd7716df83a79afd0a85553e916ae4ffa8ef809db,3호기,128,False,True
4. X-ray 검사장비 AI 데이터셋/dataset/test1/yolov3/X선이물검출기(06.23_09.22)/3호기(2020.09.22)/SN12053_20200916_NgImage/001_20200915_203504(9).bmp,001_20200915_203504(9),.bmp,576,444,P,2f9970904fae5ec7af3640a4563338ac4bb679dce647a9565af8f20fc44b86ad,3호기,128,False,True
4. X-ray 검사장비 AI 데이터셋/dataset/test1/yolov3/X선이물검출기(06.23_09.22)/3호기(2020.09.22)/SN12053_20200916_NgImage/001_20200916_003358(0).bmp,001_20200916_003358(0),.bmp,576,444,P,16336947f56c7a75f17607d47934ae1d956037e92affbf5507812321d30acbde,3호기,128,False,True
4. X-ray 검사장비 AI 데이터셋/dataset/test1/yolov3/X선이물검출기(06.23_09.22)/3호기(2020.09.22)/SN12053_20200916_NgImage/001_20200916_003402(5).bmp,001_20200916_003402(5),.bmp,576,444,P,119bf22d776a476be170623060b0e35821e9825b276ae3097203595a95ee699c,3호기,128,False,True
4. X-ray 검사장비 AI 데이터셋/dataset/test1/yolov3/X선이물검출기(06.23_09.22)/3호기(2020.09.22)/SN12053_20200916_NgImage/001_20200916_003407(1).bmp,001_20200916_003407(1),.bmp,576,444,P,ffaa1711f3824184bc51f4145567ed8a4895c83c7b25e8230c462682ccc1c8b7,3호기,128,False,True
4. X-ray 검사장비 AI 데이터셋/dataset/test1/yolov3/X선이물검출기(06.23_09.22)/3호기(2020.09.22)/SN12053_20200916_NgImage/001_20200916_003411(6).bmp,001_20200916_003411(6),.bmp,576,444,P,47442d21777e7c94d91bfefcaa3fa35f08ec96eae001c3f0c09844695ba55496,3호기,128,False,True
4. X-ray 검사장비 AI 데이터셋/dataset/test1/yolov3/X선이물검출기(06.23_09.22)/3호기(2020.09.22)/SN12053_20200916_NgImage/001_20200916_003416(1).bmp,001_20200916_003416(1),.bmp,576,444,P,4351c2137cf137d0a3741dfae445ebe954be213cc94dfd000ef233459d7a35f0,3호기,128,False,True
4. X-ray 검사장비 AI 데이터셋/dataset/test1/yolov3/X선이물검출기(06.23_09.22)/3호기(2020.09.22)/SN12053_20200916_NgImage/001_20200916_003420(6).bmp,001_20200916_003420(6),.bmp,576,444,P,69977dd266197e66fbdd552b58fa55ab30d12355a30aa39cf583e00cd377d111,3호기,128,False,True
4. X-ray 검사장비 AI 데이터셋/dataset/test1/yolov3/X선이물검출기(06.23_09.22)/3호기(2020.09.22)/SN12053_20200916_NgImage/001_20200916_043423(1).bmp,001_20200916_043423(1),.bmp,576,444,P,5ccadbc7a7477e0010d374ed8abe2478af935bfadf0c1d9e1a901de19ec3848e,3호기,136,False,True
4. X-ray 검사장비 AI 데이터셋/dataset/test1/yolov3/X선이물검출기(06.23_09.22)/3호기(2020.09.22)/SN12053_20200916_NgImage/001_20200916_043427(7).bmp,001_20200916_043427(7),.bmp,576,444,P,278b51a1065ba761afb3a5a5d58dba01c6eae599ee9b7c57bf7f095aa44d965b,3호기,128,False,True
4. X-ray 검사장비 AI 데이터셋/dataset/test1/yolov3/X선이물검출기(06.23_09.22)/3호기(2020.09.22)/SN12053_20200916_NgImage/001_20200916_043432(0).bmp,001_20200916_043432(0),.bmp,576,444,P,4b473133c3a833f151e068812ca0749fbbc2fe14e26d445fdaefca4717105f26,3호기,128,False,True
4. X-ray 검사장비 AI 데이터셋/dataset/test1/yolov3/X선이물검출기(06.23_09.22)/3호기(2020.09.22)/SN12053_20200916_NgImage/001_20200916_043436(2).bmp,001_20200916_043436(2),.bmp,576,444,P,ffdabbdde630adf6e891320bcfc5eefc4160211a7a6c8f307bb238274751ecf9,3호기,128,False,True
4. X-ray 검사장비 AI 데이터셋/dataset/test1/yolov3/X선이물검출기(06.23_09.22)/3호기(2020.09.22)/SN12053_20200916_NgImage/001_20200916_043440(6).bmp,001_20200916_043440(6),.bmp,576,444,P,4fe137248195e90ccd225d65c3f543b51ddcb7c2bc17a5ab18a910c896308492,3호기,128,False,True
4. X-ray 검사장비 AI 데이터셋/dataset/test1/yolov3/X선이물검출기(06.23_09.22)/3호기(2020.09.22)/SN12053_20200916_NgImage/001_20200916_043445(1).bmp,001_20200916_043445(1),.bmp,576,444,P,d5a67a7a0e1cea5847e70dbb2a8df76489029b1fe4741d0518c5a42b67814712,3호기,128,False,True
4. X-ray 검사장비 AI 데이터셋/dataset/test1/yolov3/X선이물검출기(06.23_09.22)/3호기(2020.09.22)/SN12053_20200916_NgImage/001_20200916_083309(1).bmp,001_20200916_083309(1),.bmp,576,444,P,f6162251e830a71e9d74c8eaa95640384c4d6ac07a74acf20724b4482fd3fcaf,3호기,128,False,True
4. X-ray 검사장비 AI 데이터셋/dataset/test1/yolov3/X선이물검출기(06.23_09.22)/3호기(2020.09.22)/SN12053_20200916_NgImage/001_20200916_083313(6).bmp,001_20200916_083313(6),.bmp,576,444,P,565370b60641fda916d941a031629382d19741cc9e747cfd017c4e0160952338,3호기,128,False,True
4. X-ray 검사장비 AI 데이터셋/dataset/test1/yolov3/X선이물검출기(06.23_09.22)/3호기(2020.09.22)/SN12053_20200916_NgImage/001_20200916_083318(0).bmp,001_20200916_083318(0),.bmp,576,444,P,d58b6e08cade77e44fa35004db43b98bb0cd0f79b54d5fc0ffc0cfe7e643fe32,3호기,128,False,True
4. X-ray 검사장비 AI 데이터셋/dataset/test1/yolov3/X선이물검출기(06.23_09.22)/3호기(2020.09.22)/SN12053_20200916_NgImage/001_20200916_083322(4).bmp,001_20200916_083322(4),.bmp,576,444,P,3c41d0bf35faffd8dc7f6b6a948efe7beba36501507e67f826f2b760562af939,3호기,128,False,True
4. X-ray 검사장비 AI 데이터셋/dataset/test1/yolov3/X선이물검출기(06.23_09.22)/3호기(2020.09.22)/SN12053_20200916_NgImage/001_20200916_083327(0).bmp,001_20200916_083327(0),.bmp,576,444,P,f7943debfd723f9b7cbc8fe215874f027bb569dd10a744278bf4880a5fee4cf9,3호기,128,False,True
4. X-ray 검사장비 AI 데이터셋/dataset/test1/yolov3/X선이물검출기(06.23_09.22)/3호기(2020.09.22)/SN12053_20200916_NgImage/001_20200916_083331(6).bmp,001_20200916_083331(6),.bmp,576,444,P,ad085ac88756030cf631bef2ddb30bf0aaa09f9fe8269ffda85f1b653eaaba30,3호기,128,False,True
4. X-ray 검사장비 AI 데이터셋/dataset/test1/yolov3/X선이물검출기(06.23_09.22)/3호기(2020.09.22)/SN12053_20200916_NgImage/001_20200916_122859(1).bmp,001_20200916_122859(1),.bmp,576,444,P,97961cb77929d5120b4f3e9fdafc8bc4eb84da15945ea8faa833218bbd1aff93,3호기,128,False,True
4. X-ray 검사장비 AI 데이터셋/dataset/test1/yolov3/X선이물검출기(06.23_09.22)/3호기(2020.09.22)/SN12053_20200916_NgImage/001_20200916_122903(5).bmp,001_20200916_122903(5),.bmp,576,444,P,dd422101c00555dddee3f463f879ddbb2ecf6d444bdef96aaf2973cc24571a1f,3호기,128,False,True
4. X-ray 검사장비 AI 데이터셋/dataset/test1/yolov3/X선이물검출기(06.23_09.22)/3호기(2020.09.22)/SN12053_20200916_NgImage/001_20200916_122908(1).bmp,001_20200916_122908(1),.bmp,576,444,P,79d18662a15c21e928e6e9aa7a626f482015b4651924a16f39f30660ebf63c4e,3호기,128,False,True
4. X-ray 검사장비 AI 데이터셋/dataset/test1/yolov3/X선이물검출기(06.23_09.22)/3호기(2020.09.22)/SN12053_20200916_NgImage/001_20200916_122912(6).bmp,001_20200916_122912(6),.bmp,576,444,P,69f0b812d526766c5529fa4db82a1395768a57872f5ca2515bef414bfaadddbe,3호기,128,False,True
4. X-ray 검사장비 AI 데이터셋/dataset/test1/yolov3/X선이물검출기(06.23_09.22)/3호기(2020.09.22)/SN12053_20200916_NgImage/001_20200916_122917(1).bmp,001_20200916_122917(1),.bmp,576,444,P,f24cf1ea3146cf61c66977481ecb31046224f204299fc6a494b4ad20166c2f3a,3호기,128,False,True
4. X-ray 검사장비 AI 데이터셋/dataset/test1/yolov3/X선이물검출기(06.23_09.22)/3호기(2020.09.22)/SN12053_20200916_NgImage/001_20200916_122921(6).bmp,001_20200916_122921(6),.bmp,576,444,P,0c2cdf0767acebfa539d390c421837e4d541f7077d3433161f3aa3b902367e75,3호기,128,False,True
4. X-ray 검사장비 AI 데이터셋/dataset/test1/yolov3/X선이물검출기(06.23_09.22)/3호기(2020.09.22)/SN12053_20200917_NgImage/001_20200917_003431(4).bmp,001_20200917_003431(4),.bmp,576,444,P,2d3fc2d7546fc6add1fc1c1eb0e47974aa528739d0189e2e0145cf17ed861996,3호기,128,False,True
4. X-ray 검사장비 AI 데이터셋/dataset/test1/yolov3/X선이물검출기(06.23_09.22)/3호기(2020.09.22)/SN12053_20200917_NgImage/001_20200917_003434(7).bmp,001_20200917_003434(7),.bmp,576,444,P,c08900a77a17b859379a7d86a19348dea6adf0e7f6bd53f70738cef695f3c080,3호기,128,False,True
4. X-ray 검사장비 AI 데이터셋/dataset/test1/yolov3/X선이물검출기(06.23_09.22)/3호기(2020.09.22)/SN12053_20200917_NgImage/001_20200917_003438(0).bmp,001_20200917_003438(0),.bmp,576,444,P,af8f31f825bb3f90e20c30c6282fb0e79f636d01cf8123eb2970e10945f602c0,3호기,208,False,True
4. X-ray 검사장비 AI 데이터셋/dataset/test1/yolov3/X선이물검출기(06.23_09.22)/3호기(2020.09.22)/SN12053_20200917_NgImage/001_20200917_003441(4).bmp,001_20200917_003441(4),.bmp,576,444,P,12a29e2daff5f5a8243e9d5f937f3ee8fefb0ee403715c9cd5431ce969080747,3호기,128,False,True
4. X-ray 검사장비 AI 데이터셋/dataset/test1/yolov3/X선이물검출기(06.23_09.22)/3호기(2020.09.22)/SN12053_20200917_NgImage/001_20200917_003444(9).bmp,001_20200917_003444(9),.bmp,576,444,P,4aea1edce1de02030c59148fa0ba557296063d1a847f9400b162906f79b0ece1,3호기,136,False,True
4. X-ray 검사장비 AI 데이터셋/dataset/test1/yolov3/X선이물검출기(06.23_09.22)/3호기(2020.09.22)/SN12053_20200917_NgImage/001_20200917_003448(2).bmp,001_20200917_003448(2),.bmp,576,444,P,c15c6dcdc16ee69f0481216307ccfcd01a3d50521a94ce4d99fd071bd8a9b5af,3호기,128,False,True
4. X-ray 검사장비 AI 데이터셋/dataset/test1/yolov3/X선이물검출기(06.23_09.22)/3호기(2020.09.22)/SN12053_20200917_NgImage/001_20200917_084022(3).bmp,001_20200917_084022(3),.bmp,576,444,P,8cca8998bd4ecb736f7e545821e9d440538556f9814fefe1cdfcd3be55876acd,3호기,128,False,True
4. X-ray 검사장비 AI 데이터셋/dataset/test1/yolov3/X선이물검출기(06.23_09.22)/3호기(2020.09.22)/SN12053_20200917_NgImage/001_20200917_084025(3).bmp,001_20200917_084025(3),.bmp,576,444,P,9722b786a69bcb6c83840e4a4ce46fcf20f4261569180201d21ccad6865e63e2,3호기,128,False,True
4. X-ray 검사장비 AI 데이터셋/dataset/test1/yolov3/X선이물검출기(06.23_09.22)/3호기(2020.09.22)/SN12053_20200917_NgImage/001_20200917_084031(1).bmp,001_20200917_084031(1),.bmp,576,444,P,81da1c6f80b4b795daa390b65a24ab7b3c91559028bac75221f930a65751119a,3호기,128,False,True
4. X-ray 검사장비 AI 데이터셋/dataset/test1/yolov3/X선이물검출기(06.23_09.22)/3호기(2020.09.22)/SN12053_20200917_NgImage/001_20200917_084034(2).bmp,001_20200917_084034(2),.bmp,576,444,P,7ae8a9031ee794381cbce19112cb96e9ba064cf76126b1a3b05d0051003dcf1d,3호기,136,False,True
4. X-ray 검사장비 AI 데이터셋/dataset/test1/yolov3/X선이물검출기(06.23_09.22)/3호기(2020.09.22)/SN12053_20200917_NgImage/001_20200917_084037(3).bmp,001_20200917_084037(3),.bmp,576,444,P,3bb0a8bfa4193b35ea89840752542a57f287198bdf87af28cd38a304c834ee44,3호기,128,False,True
4. X-ray 검사장비 AI 데이터셋/dataset/test1/yolov3/X선이물검출기(06.23_09.22)/3호기(2020.09.22)/SN12053_20200917_NgImage/001_20200917_084040(4).bmp,001_20200917_084040(4),.bmp,576,444,P,8cdfaddf2ece92020ede94488f784880d36150b1372038f8dd0a37090131a929,3호기,136,False,True
4. X-ray 검사장비 AI 데이터셋/dataset/test1/yolov3/X선이물검출기(06.23_09.22)/3호기(2020.09.22)/SN12053_20200917_NgImage/001_20200917_123309(3).bmp,001_20200917_123309(3),.bmp,576,444,P,d49366fe3f8f33c6298090b259b68b70daa8712106523a703e97f0eb15bae8ce,3호기,128,False,True
4. X-ray 검사장비 AI 데이터셋/dataset/test1/yolov3/X선이물검출기(06.23_09.22)/3호기(2020.09.22)/SN12053_20200917_NgImage/001_20200917_123313(1).bmp,001_20200917_123313(1),.bmp,576,444,P,27326fdebd8b9400b15c319f447aa396bb78009e8d345107b28133ef934a62a6,3호기,128,False,True
4. X-ray 검사장비 AI 데이터셋/dataset/test1/yolov3/X선이물검출기(06.23_09.22)/3호기(2020.09.22)/SN12053_20200917_NgImage/001_20200917_123316(8).bmp,001_20200917_123316(8),.bmp,576,444,P,0644ab106d8cc2b65e84fe02c3cad9560b9f29159a15c5f0682e9c30f53688ef,3호기,128,False,True
4. X-ray 검사장비 AI 데이터셋/dataset/test1/yolov3/X선이물검출기(06.23_09.22)/3호기(2020.09.22)/SN12053_20200917_NgImage/001_20200917_123325(3).bmp,001_20200917_123325(3),.bmp,576,444,P,5489c56dd43ae10e791151c002c9134eff64eeb44127675accd18d24c7387dcd,3호기,128,False,True
4. X-ray 검사장비 AI 데이터셋/dataset/test1/yolov3/X선이물검출기(06.23_09.22)/3호기(2020.09.22)/SN12053_20200917_NgImage/001_20200917_123329(1).bmp,001_20200917_123329(1),.bmp,576,444,P,36415a47f3a14447ce584cf9b59c2212f42a2e69c7ef9434d2672826dd57d3c5,3호기,136,False,True
4. X-ray 검사장비 AI 데이터셋/dataset/test1/yolov3/X선이물검출기(06.23_09.22)/3호기(2020.09.22)/SN12053_20200917_NgImage/001_20200917_123340(7).bmp,001_20200917_123340(7),.bmp,576,444,P,30d578b4a3628152e36dc7101e74ce0bd20688f4427567821f73d5debdc20d24,3호기,128,False,True
4. X-ray 검사장비 AI 데이터셋/dataset/test1/yolov3/X선이물검출기(06.23_09.22)/3호기(2020.09.22)/SN12053_20200917_NgImage/001_20200917_163039(1).bmp,001_20200917_163039(1),.bmp,576,444,P,e9a89afd91d3f87db95796f2970e65f4dd9e1cc5d58988663449ae7cbb3d6a09,3호기,128,False,True
4. X-ray 검사장비 AI 데이터셋/dataset/test1/yolov3/X선이물검출기(06.23_09.22)/3호기(2020.09.22)/SN12053_20200917_NgImage/001_20200917_163043(0).bmp,001_20200917_163043(0),.bmp,576,444,P,bd53acc8062e32588f374def39efb8886fa8eb8a0be7542ebaf578a9dae1fcc1,3호기,128,False,True
4. X-ray 검사장비 AI 데이터셋/dataset/test1/yolov3/X선이물검출기(06.23_09.22)/3호기(2020.09.22)/SN12053_20200917_NgImage/001_20200917_163046(8).bmp,001_20200917_163046(8),.bmp,576,444,P,b03fc7f3715fe3f787bb24cdca97ba8ccf2fc0104984d839347a810934235030,3호기,136,False,True
4. X-ray 검사장비 AI 데이터셋/dataset/test1/yolov3/X선이물검출기(06.23_09.22)/3호기(2020.09.22)/SN12053_20200917_NgImage/001_20200917_163049(9).bmp,001_20200917_163049(9),.bmp,576,444,P,b3bb3be872ea6af5e29f6192e4db51bfdeb3e92cc3f11dc8500274892112da8d,3호기,128,False,True
4. X-ray 검사장비 AI 데이터셋/dataset/test1/yolov3/X선이물검출기(06.23_09.22)/3호기(2020.09.22)/SN12053_20200917_NgImage/001_20200917_163052(9).bmp,001_20200917_163052(9),.bmp,576,444,P,66e80305b2b1ad8ca0f76dc05779c26fc4082420845a6b1aab6cce1c9a52f13e,3호기,128,False,True
4. X-ray 검사장비 AI 데이터셋/dataset/test1/yolov3/X선이물검출기(06.23_09.22)/3호기(2020.09.22)/SN12053_20200917_NgImage/001_20200917_163109(2).bmp,001_20200917_163109(2),.bmp,576,444,P,1a9d9f19ffc5b579af23188e80d1598b1be9171043522cd3eb1f5d241bb3bab3,3호기,128,False,True
4. X-ray 검사장비 AI 데이터셋/dataset/test1/yolov3/X선이물검출기(06.23_09.22)/3호기(2020.09.22)/SN12053_20200917_NgImage/001_20200917_203305(3).bmp,001_20200917_203305(3),.bmp,576,444,P,8c1aad3c5515635709f475892d1fb3838bb4c6f252712b7ec5b5b8ac25aec1b0,3호기,128,False,True
4. X-ray 검사장비 AI 데이터셋/dataset/test1/yolov3/X선이물검출기(06.23_09.22)/3호기(2020.09.22)/SN12053_20200917_NgImage/001_20200917_203308(8).bmp,001_20200917_203308(8),.bmp,576,444,P,005dc6c73f6c4b0f9cde83f54854f2d06ff1fca3b5bc594f81e8624e15b63ddc,3호기,136,False,True
4. X-ray 검사장비 AI 데이터셋/dataset/test1/yolov3/X선이물검출기(06.23_09.22)/3호기(2020.09.22)/SN12053_20200917_NgImage/001_20200917_203312(3).bmp,001_20200917_203312(3),.bmp,576,444,P,5a00bca53b925bf8a4ad56c76e12dba769d3deb82ef6f87b8b09d7e9e1b34927,3호기,128,False,True
4. X-ray 검사장비 AI 데이터셋/dataset/test1/yolov3/X선이물검출기(06.23_09.22)/3호기(2020.09.22)/SN12053_20200917_NgImage/001_20200917_203315(7).bmp,001_20200917_203315(7),.bmp,576,444,P,85bf1fce306bbf121be56818f0e46efe8c8985224470e43dd2659fdfedaf70fc,3호기,136,False,True
4. X-ray 검사장비 AI 데이터셋/dataset/test1/yolov3/X선이물검출기(06.23_09.22)/3호기(2020.09.22)/SN12053_20200917_NgImage/001_20200917_203322(3).bmp,001_20200917_203322(3),.bmp,576,444,P,10195e6ddfb5146a89d258464461549e081b7154abe2c2631e2893a0907f978f,3호기,128,False,True
4. X-ray 검사장비 AI 데이터셋/dataset/test1/yolov3/X선이물검출기(06.23_09.22)/3호기(2020.09.22)/SN12053_20200917_NgImage/001_20200917_203325(7).bmp,001_20200917_203325(7),.bmp,576,444,P,58c5e3a9cb497be48020734ac4f644377c7837136ff3fa0e18875fdf8692b612,3호기,128,False,True
4. X-ray 검사장비 AI 데이터셋/dataset/test1/yolov3/X선이물검출기(06.23_09.22)/3호기(2020.09.22)/SN12053_20200918_NgImage/001_20200917_203305(3).bmp,001_20200917_203305(3),.bmp,576,444,P,8c1aad3c5515635709f475892d1fb3838bb4c6f252712b7ec5b5b8ac25aec1b0,3호기,128,False,True
4. X-ray 검사장비 AI 데이터셋/dataset/test1/yolov3/X선이물검출기(06.23_09.22)/3호기(2020.09.22)/SN12053_20200918_NgImage/001_20200917_203308(8).bmp,001_20200917_203308(8),.bmp,576,444,P,005dc6c73f6c4b0f9cde83f54854f2d06ff1fca3b5bc594f81e8624e15b63ddc,3호기,136,False,True
4. X-ray 검사장비 AI 데이터셋/dataset/test1/yolov3/X선이물검출기(06.23_09.22)/3호기(2020.09.22)/SN12053_20200918_NgImage/001_20200917_203312(3).bmp,001_20200917_203312(3),.bmp,576,444,P,5a00bca53b925bf8a4ad56c76e12dba769d3deb82ef6f87b8b09d7e9e1b34927,3호기,128,False,True
4. X-ray 검사장비 AI 데이터셋/dataset/test1/yolov3/X선이물검출기(06.23_09.22)/3호기(2020.09.22)/SN12053_20200918_NgImage/001_20200917_203315(7).bmp,001_20200917_203315(7),.bmp,576,444,P,85bf1fce306bbf121be56818f0e46efe8c8985224470e43dd2659fdfedaf70fc,3호기,136,False,True
4. X-ray 검사장비 AI 데이터셋/dataset/test1/yolov3/X선이물검출기(06.23_09.22)/3호기(2020.09.22)/SN12053_20200918_NgImage/001_20200917_203322(3).bmp,001_20200917_203322(3),.bmp,576,444,P,10195e6ddfb5146a89d258464461549e081b7154abe2c2631e2893a0907f978f,3호기,128,False,True
4. X-ray 검사장비 AI 데이터셋/dataset/test1/yolov3/X선이물검출기(06.23_09.22)/3호기(2020.09.22)/SN12053_20200918_NgImage/001_20200917_203325(7).bmp,001_20200917_203325(7),.bmp,576,444,P,58c5e3a9cb497be48020734ac4f644377c7837136ff3fa0e18875fdf8692b612,3호기,128,False,True
4. X-ray 검사장비 AI 데이터셋/dataset/test1/yolov3/X선이물검출기(06.23_09.22)/3호기(2020.09.22)/SN12053_20200918_NgImage/001_20200918_004019(6).bmp,001_20200918_004019(6),.bmp,576,444,P,11e1c205876c130511e196bc097c361db438082f654a95234d85eafd6d491ce1,3호기,144,False,True
4. X-ray 검사장비 AI 데이터셋/dataset/test1/yolov3/X선이물검출기(06.23_09.22)/3호기(2020.09.22)/SN12053_20200918_NgImage/001_20200918_004022(5).bmp,001_20200918_004022(5),.bmp,576,444,P,24f8150b9d25b8ff306991c142e4181f9c13bb61debaab64c40541b882f8e49e,3호기,128,False,True
4. X-ray 검사장비 AI 데이터셋/dataset/test1/yolov3/X선이물검출기(06.23_09.22)/3호기(2020.09.22)/SN12053_20200918_NgImage/001_20200918_004025(8).bmp,001_20200918_004025(8),.bmp,576,444,P,6190a13e17d9ce5a741540952a142bc7fe3b2d31765d4bb909951c191044d909,3호기,128,False,True
4. X-ray 검사장비 AI 데이터셋/dataset/test1/yolov3/X선이물검출기(06.23_09.22)/3호기(2020.09.22)/SN12053_20200918_NgImage/001_20200918_004029(0).bmp,001_20200918_004029(0),.bmp,576,444,P,0b8ecb6332547eedcba391c7d9a8b46ba8c8ca090aef6157e4bfd2e4f07d666b,3호기,128,False,True
4. X-ray 검사장비 AI 데이터셋/dataset/test1/yolov3/X선이물검출기(06.23_09.22)/3호기(2020.09.22)/SN12053_20200918_NgImage/001_20200918_004032(2).bmp,001_20200918_004032(2),.bmp,576,444,P,337bd6b02f1bcb2ed6869cb1d969f504783bd5bd46c87af97a539448589aa56c,3호기,128,False,True
4. X-ray 검사장비 AI 데이터셋/dataset/test1/yolov3/X선이물검출기(06.23_09.22)/3호기(2020.09.22)/SN12053_20200918_NgImage/001_20200918_004036(3).bmp,001_20200918_004036(3),.bmp,576,444,P,eabcc9436a170f7bddbbdd4046973de0f28298ce118aaea7245bb9013f8dc7f0,3호기,128,False,True
4. X-ray 검사장비 AI 데이터셋/dataset/test1/yolov3/X선이물검출기(06.23_09.22)/3호기(2020.09.22)/SN12053_20200918_NgImage/001_20200918_043556(8).bmp,001_20200918_043556(8),.bmp,576,444,P,bee53a34263fbbbe9b03d0e3a24afcec7b82a8bc503f996021d5f2e04c5b8bb1,3호기,128,False,True
4. X-ray 검사장비 AI 데이터셋/dataset/test1/yolov3/X선이물검출기(06.23_09.22)/3호기(2020.09.22)/SN12053_20200918_NgImage/001_20200918_043559(9).bmp,001_20200918_043559(9),.bmp,576,444,P,0f4cc1577aca01821b738fa42f7026c0c2b492da320d4583103968efc37f92dc,3호기,136,False,True
4. X-ray 검사장비 AI 데이터셋/dataset/test1/yolov3/X선이물검출기(06.23_09.22)/3호기(2020.09.22)/SN12053_20200918_NgImage/001_20200918_043602(9).bmp,001_20200918_043602(9),.bmp,576,444,P,ee4ee8f279991c298c31e026212df9d9d0fdeef44ea73f7afb14d16c6c8f9fb7,3호기,136,False,True
4. X-ray 검사장비 AI 데이터셋/dataset/test1/yolov3/X선이물검출기(06.23_09.22)/3호기(2020.09.22)/SN12053_20200918_NgImage/001_20200918_043606(0).bmp,001_20200918_043606(0),.bmp,576,444,P,1b6cb7963838b35fd7718678deb9fe5dbb40edda6679cccdbc70645090fdfa34,3호기,128,False,True
4. X-ray 검사장비 AI 데이터셋/dataset/test1/yolov3/X선이물검출기(06.23_09.22)/3호기(2020.09.22)/SN12053_20200918_NgImage/001_20200918_043609(2).bmp,001_20200918_043609(2),.bmp,576,444,P,3487bc162d3d86e8b331ad70b3cc95298c15c3c305f7d36f6cb6a2bf78403272,3호기,128,False,True
4. X-ray 검사장비 AI 데이터셋/dataset/test1/yolov3/X선이물검출기(06.23_09.22)/3호기(2020.09.22)/SN12053_20200918_NgImage/001_20200918_043612(4).bmp,001_20200918_043612(4),.bmp,576,444,P,2831fa54f5a65f5a584c9411804ec54272f6fc839a718f53c8ee259b0401b0d0,3호기,128,False,True
4. X-ray 검사장비 AI 데이터셋/dataset/test1/yolov3/X선이물검출기(06.23_09.22)/3호기(2020.09.22)/SN12053_20200918_NgImage/001_20200918_083036(8).bmp,001_20200918_083036(8),.bmp,576,444,P,f82eca4bdb464d1009322d5e5b35b6d3f27adfd2f3b965271304db565654144c,3호기,128,False,True
4. X-ray 검사장비 AI 데이터셋/dataset/test1/yolov3/X선이물검출기(06.23_09.22)/3호기(2020.09.22)/SN12053_20200918_NgImage/001_20200918_083039(9).bmp,001_20200918_083039(9),.bmp,576,444,P,485808f888182b04d4fc3c7b122f3e6fd0ec700c6639138b9554448f872b959a,3호기,128,False,True
4. X-ray 검사장비 AI 데이터셋/dataset/test1/yolov3/X선이물검출기(06.23_09.22)/3호기(2020.09.22)/SN12053_20200918_NgImage/001_20200918_083042(8).bmp,001_20200918_083042(8),.bmp,576,444,P,ec8eb09efc23b0bb027d9836b0c9a1f08073ab127aa7202fd179618681e0e002,3호기,144,False,True
4. X-ray 검사장비 AI 데이터셋/dataset/test1/yolov3/X선이물검출기(06.23_09.22)/3호기(2020.09.22)/SN12053_20200918_NgImage/001_20200918_083045(5).bmp,001_20200918_083045(5),.bmp,576,444,P,b9d8a9b05f141bf3eb118f5582c2b4dde602925a113750d1a90c5d6dd33fd1ff,3호기,128,False,True
4. X-ray 검사장비 AI 데이터셋/dataset/test1/yolov3/X선이물검출기(06.23_09.22)/3호기(2020.09.22)/SN12053_20200918_NgImage/001_20200918_083048(5).bmp,001_20200918_083048(5),.bmp,576,444,P,5c0566757bfabd44cae449fb93beaf11847d1c49df6ba4afb9a82fc5af6b23a0,3호기,128,False,True
4. X-ray 검사장비 AI 데이터셋/dataset/test1/yolov3/X선이물검출기(06.23_09.22)/3호기(2020.09.22)/SN12053_20200918_NgImage/001_20200918_083051(4).bmp,001_20200918_083051(4),.bmp,576,444,P,e47a0fbc96b1dcc11196fb670bb316b7e4a49bb147867c388847b497f4134e36,3호기,136,False,True
4. X-ray 검사장비 AI 데이터셋/dataset/test1/yolov3/X선이물검출기(06.23_09.22)/3호기(2020.09.22)/SN12053_20200918_NgImage/001_20200918_123033(2).bmp,001_20200918_123033(2),.bmp,576,444,P,56768dbc258970f794046ecbffe4421f61922a51098f6f5379fe580fbd5c40e6,3호기,136,False,True
4. X-ray 검사장비 AI 데이터셋/dataset/test1/yolov3/X선이물검출기(06.23_09.22)/3호기(2020.09.22)/SN12053_20200918_NgImage/001_20200918_123038(9).bmp,001_20200918_123038(9),.bmp,576,444,P,b2f932cd809212801099bc7b9825e291fb8f2ecbd00835a942ca5935561ea2bf,3호기,128,False,True
4. X-ray 검사장비 AI 데이터셋/dataset/test1/yolov3/X선이물검출기(06.23_09.22)/3호기(2020.09.22)/SN12053_20200918_NgImage/001_20200918_123042(8).bmp,001_20200918_123042(8),.bmp,576,444,P,d707bddfcddecca10c19c6d715facfd186c1cd880165cad1c5052df7c1570c17,3호기,128,False,True
4. X-ray 검사장비 AI 데이터셋/dataset/test1/yolov3/X선이물검출기(06.23_09.22)/3호기(2020.09.22)/SN12053_20200918_NgImage/001_20200918_123046(4).bmp,001_20200918_123046(4),.bmp,576,444,P,319127185cd75c51ae77ab5cbb8a80c7366f7471b812d6e9cbf9e420d842f9ee,3호기,128,False,True
4. X-ray 검사장비 AI 데이터셋/dataset/test1/yolov3/X선이물검출기(06.23_09.22)/3호기(2020.09.22)/SN12053_20200918_NgImage/001_20200918_123050(1).bmp,001_20200918_123050(1),.bmp,576,444,P,c51562bd54141544bbfc3567b568867c0f61d8e3cf46b20433820b4495872dfb,3호기,128,False,True
4. X-ray 검사장비 AI 데이터셋/dataset/test1/yolov3/X선이물검출기(06.23_09.22)/3호기(2020.09.22)/SN12053_20200918_NgImage/001_20200918_123054(1).bmp,001_20200918_123054(1),.bmp,576,444,P,e7bd0539f476d08c30138c150c043479dde5847c0da532cb2fdbbfc8a62af0bc,3호기,128,False,True
4. X-ray 검사장비 AI 데이터셋/dataset/test1/yolov3/X선이물검출기(06.23_09.22)/3호기(2020.09.22)/SN12053_20200918_NgImage/001_20200918_163052(9).bmp,001_20200918_163052(9),.bmp,576,444,P,245e14cdfd68df3896431780e27e26dc2abc9b17293389e08c4e4e17898a0d2d,3호기,128,False,True
4. X-ray 검사장비 AI 데이터셋/dataset/test1/yolov3/X선이물검출기(06.23_09.22)/3호기(2020.09.22)/SN12053_20200918_NgImage/001_20200918_163056(2).bmp,001_20200918_163056(2),.bmp,576,444,P,ce7177002e7e22ea5a8643eac8a9a00fa432fb6f53284f6198dfb501af0d656b,3호기,128,False,True
4. X-ray 검사장비 AI 데이터셋/dataset/test1/yolov3/X선이물검출기(06.23_09.22)/3호기(2020.09.22)/SN12053_20200918_NgImage/001_20200918_163059(3).bmp,001_20200918_163059(3),.bmp,576,444,P,399d2e29b9ee72554709eff6fd60120077f4677fa3f10ce9ce112f141a0d8475,3호기,128,False,True
4. X-ray 검사장비 AI 데이터셋/dataset/test1/yolov3/X선이물검출기(06.23_09.22)/3호기(2020.09.22)/SN12053_20200918_NgImage/001_20200918_163104(4).bmp,001_20200918_163104(4),.bmp,576,444,P,720175dcfe5e1494d84a8349fb0794d196e06bbd0f0e588ac13d5b6cdbc551b5,3호기,128,False,True
4. X-ray 검사장비 AI 데이터셋/dataset/test1/yolov3/X선이물검출기(06.23_09.22)/3호기(2020.09.22)/SN12053_20200918_NgImage/001_20200918_163107(6).bmp,001_20200918_163107(6),.bmp,576,444,P,76b35ab121cb4e295a403a7330bb84b204f57ea1313a6e9580e283cbcac626dc,3호기,128,False,True
4. X-ray 검사장비 AI 데이터셋/dataset/test1/yolov3/X선이물검출기(06.23_09.22)/3호기(2020.09.22)/SN12053_20200918_NgImage/001_20200918_163110(8).bmp,001_20200918_163110(8),.bmp,576,444,P,258b6bf8d09eb9ffd19db8de77b2726dcec677a71fa7dc938f3f5f8920278779,3호기,136,False,True
4. X-ray 검사장비 AI 데이터셋/dataset/test1/yolov3/X선이물검출기(06.23_09.22)/3호기(2020.09.22)/SN12053_20200921_NgImage/001_20200921_112114(8).bmp,001_20200921_112114(8),.bmp,576,444,P,d7b877fc1fd3f3585738624848c4d6a4dd5537882e44dd540baaf39d1899378c,3호기,128,False,True
4. X-ray 검사장비 AI 데이터셋/dataset/test1/yolov3/X선이물검출기(06.23_09.22)/3호기(2020.09.22)/SN12053_20200921_NgImage/001_20200921_112118(0).bmp,001_20200921_112118(0),.bmp,576,444,P,6e96e12eca63cd4f05c586916a99db2e2827409fe5c218a8d2e0f973a7e98c0a,3호기,136,False,True
4. X-ray 검사장비 AI 데이터셋/dataset/test1/yolov3/X선이물검출기(06.23_09.22)/3호기(2020.09.22)/SN12053_20200921_NgImage/001_20200921_112121(3).bmp,001_20200921_112121(3),.bmp,576,444,P,60fd8489a4c5fb3ca8e95fbf99067f0eeff1593d98abc1a866efb32401c1cd3d,3호기,128,False,True
4. X-ray 검사장비 AI 데이터셋/dataset/test1/yolov3/X선이물검출기(06.23_09.22)/3호기(2020.09.22)/SN12053_20200921_NgImage/001_20200921_112127(9).bmp,001_20200921_112127(9),.bmp,576,444,P,53721dafe3a8b9c3b94494953d12289822f6a793c262276e65bdd2b25360d2e5,3호기,128,False,True
4. X-ray 검사장비 AI 데이터셋/dataset/test1/yolov3/X선이물검출기(06.23_09.22)/3호기(2020.09.22)/SN12053_20200921_NgImage/001_20200921_112145(1).bmp,001_20200921_112145(1),.bmp,576,444,P,da32f407afdcc34b1657aa7c4f0dd7714c693380c44b8acfe301c16d44a78527,3호기,136,False,True
4. X-ray 검사장비 AI 데이터셋/dataset/test1/yolov3/X선이물검출기(06.23_09.22)/3호기(2020.09.22)/SN12053_20200921_NgImage/001_20200921_112148(7).bmp,001_20200921_112148(7),.bmp,576,444,P,8b9b5eee82b0c10ce2bc38bc356772fdc4c18e3d3233b8b4de6d9c2c70f12737,3호기,128,False,True
4. X-ray 검사장비 AI 데이터셋/dataset/test1/yolov3/X선이물검출기(06.23_09.22)/3호기(2020.09.22)/SN12053_20200921_NgImage/001_20200921_123501(8).bmp,001_20200921_123501(8),.bmp,576,444,P,83aad7c7fc803e9e30fd2a131586b8eff188033f3a04800e0de8ae8da2662e9f,3호기,128,False,True
4. X-ray 검사장비 AI 데이터셋/dataset/test1/yolov3/X선이물검출기(06.23_09.22)/3호기(2020.09.22)/SN12053_20200921_NgImage/001_20200921_123506(3).bmp,001_20200921_123506(3),.bmp,576,444,P,8a606957b5d73cf19eb7580e0f95d97db6bb6bc1db750144f93c55f246fb9ed2,3호기,136,False,True
4. X-ray 검사장비 AI 데이터셋/dataset/test1/yolov3/X선이물검출기(06.23_09.22)/3호기(2020.09.22)/SN12053_20200921_NgImage/001_20200921_123510(8).bmp,001_20200921_123510(8),.bmp,576,444,P,767469ede520b2fd93c756d641cd5425f2f2330af5476495f0697abe6e4041e3,3호기,128,False,True
4. X-ray 검사장비 AI 데이터셋/dataset/test1/yolov3/X선이물검출기(06.23_09.22)/3호기(2020.09.22)/SN12053_20200921_NgImage/001_20200921_123515(3).bmp,001_20200921_123515(3),.bmp,576,444,P,76747b3e956b7cb8e0329402423bc23a3a092998c976cffb0eb14a19be0a45a0,3호기,128,False,True
4. X-ray 검사장비 AI 데이터셋/dataset/test1/yolov3/X선이물검출기(06.23_09.22)/3호기(2020.09.22)/SN12053_20200921_NgImage/001_20200921_123524(3).bmp,001_20200921_123524(3),.bmp,576,444,P,275efedd78c5a9d5102573f78d05e11cb8cfd4110f4be4d1d3efa4d680990c69,3호기,128,False,True
4. X-ray 검사장비 AI 데이터셋/dataset/test1/yolov3/X선이물검출기(06.23_09.22)/3호기(2020.09.22)/SN12053_20200921_NgImage/001_20200921_123528(7).bmp,001_20200921_123528(7),.bmp,576,444,P,cdb9705fa22f466665c5fc931b3e28f6ebe0d04c8668c714a3bbe34794a71a05,3호기,128,False,True
4. X-ray 검사장비 AI 데이터셋/dataset/test1/yolov3/X선이물검출기(06.23_09.22)/3호기(2020.09.22)/SN12053_20200921_NgImage/001_20200921_163325(1).bmp,001_20200921_163325(1),.bmp,576,444,P,d317aa4612c2a49eb211dc0e396fe0eeafeb14bdb6e6549429ec7e54b494de60,3호기,136,False,True
4. X-ray 검사장비 AI 데이터셋/dataset/test1/yolov3/X선이물검출기(06.23_09.22)/3호기(2020.09.22)/SN12053_20200921_NgImage/001_20200921_163329(4).bmp,001_20200921_163329(4),.bmp,576,444,P,c846f0a7864c4178ad48541f9ff08dee43163cb1163f59df2315d0df80a4727e,3호기,128,False,True
4. X-ray 검사장비 AI 데이터셋/dataset/test1/yolov3/X선이물검출기(06.23_09.22)/3호기(2020.09.22)/SN12053_20200921_NgImage/001_20200921_163333(8).bmp,001_20200921_163333(8),.bmp,576,444,P,c7a6c03ce7762bf6d05a0bca7f65caf066973b604525c1c33a414980347a1e37,3호기,128,False,True
4. X-ray 검사장비 AI 데이터셋/dataset/test1/yolov3/X선이물검출기(06.23_09.22)/3호기(2020.09.22)/SN12053_20200921_NgImage/001_20200921_163338(1).bmp,001_20200921_163338(1),.bmp,576,444,P,a41608b2ebd25045cc93a6661ce9839699370a894d93c7001ca3c9fedb63e4b9,3호기,128,False,True
4. X-ray 검사장비 AI 데이터셋/dataset/test1/yolov3/X선이물검출기(06.23_09.22)/3호기(2020.09.22)/SN12053_20200921_NgImage/001_20200921_163342(6).bmp,001_20200921_163342(6),.bmp,576,444,P,f590a2d12f073ad83f4cc77e6c8f74a3fd64b37719a8ba4234b3765ab5293a47,3호기,136,False,True
4. X-ray 검사장비 AI 데이터셋/dataset/test1/yolov3/X선이물검출기(06.23_09.22)/3호기(2020.09.22)/SN12053_20200921_NgImage/001_20200921_163346(9).bmp,001_20200921_163346(9),.bmp,576,444,P,fc21121cb75b0c9efd33535713d4c7c86e14a4bfa20575493e24cbe32773fd64,3호기,128,False,True
4. X-ray 검사장비 AI 데이터셋/dataset/test1/yolov3/X선이물검출기(06.23_09.22)/3호기(2020.09.22)/SN12053_20200921_NgImage/001_20200921_202521(5).bmp,001_20200921_202521(5),.bmp,576,444,P,88accb2bccb59d2b00a8a90b9036f49fd5d12b0e38c60332088f8ced23d78e68,3호기,136,False,True
4. X-ray 검사장비 AI 데이터셋/dataset/test1/yolov3/X선이물검출기(06.23_09.22)/3호기(2020.09.22)/SN12053_20200921_NgImage/001_20200921_202526(0).bmp,001_20200921_202526(0),.bmp,576,444,P,a24940c63578e4de5dac802d6f3c29d0dc5ff04775a057205ef5e257f2da7515,3호기,136,False,True
4. X-ray 검사장비 AI 데이터셋/dataset/test1/yolov3/X선이물검출기(06.23_09.22)/3호기(2020.09.22)/SN12053_20200921_NgImage/001_20200921_202530(4).bmp,001_20200921_202530(4),.bmp,576,444,P,8d8d433035a1680a9970aa871fde9654cb933795575603247f041857c2e071c6,3호기,128,False,True
4. X-ray 검사장비 AI 데이터셋/dataset/test1/yolov3/X선이물검출기(06.23_09.22)/3호기(2020.09.22)/SN12053_20200921_NgImage/001_20200921_202534(9).bmp,001_20200921_202534(9),.bmp,576,444,P,7f6bc366656c74f2039b1fdbe15c753c0121a38143e04ac14876bbb2529da216,3호기,128,False,True
4. X-ray 검사장비 AI 데이터셋/dataset/test1/yolov3/X선이물검출기(06.23_09.22)/3호기(2020.09.22)/SN12053_20200921_NgImage/001_20200921_202539(4).bmp,001_20200921_202539(4),.bmp,576,444,P,eed33c7ecd4ad4ef3315d174d99f4c4f67bc468bb3299f34d2d7dec84380e861,3호기,128,False,True
4. X-ray 검사장비 AI 데이터셋/dataset/test1/yolov3/X선이물검출기(06.23_09.22)/3호기(2020.09.22)/SN12053_20200921_NgImage/001_20200921_202547(2).bmp,001_20200921_202547(2),.bmp,576,444,P,89f8a5b9877e6dce6ff8fd2fe157a57f0241f1420ce88217e69a86fe20795bf4,3호기,128,False,True
4. X-ray 검사장비 AI 데이터셋/dataset/test1/yolov3/X선이물검출기(06.23_09.22)/3호기(2020.09.22)/SN12053_20200922_NgImage/001_20200922_003308(2).bmp,001_20200922_003308(2),.bmp,576,444,P,9a939cfe67b5570ea273e17946db62df54e51d846e07d3639d77eae7450f9ced,3호기,128,False,True
4. X-ray 검사장비 AI 데이터셋/dataset/test1/yolov3/X선이물검출기(06.23_09.22)/3호기(2020.09.22)/SN12053_20200922_NgImage/001_20200922_003312(7).bmp,001_20200922_003312(7),.bmp,576,444,P,c2a88224a9482029657ca9c50bee3fa5f7c2e63b2139f8554365b0cf55e928ee,3호기,136,False,True
4. X-ray 검사장비 AI 데이터셋/dataset/test1/yolov3/X선이물검출기(06.23_09.22)/3호기(2020.09.22)/SN12053_20200922_NgImage/001_20200922_003317(2).bmp,001_20200922_003317(2),.bmp,576,444,P,7500e6a5c59d16b93c2326202ca624d4c18ea38d7541fa3028849d408258b6bb,3호기,128,False,True
4. X-ray 검사장비 AI 데이터셋/dataset/test1/yolov3/X선이물검출기(06.23_09.22)/3호기(2020.09.22)/SN12053_20200922_NgImage/001_20200922_003321(7).bmp,001_20200922_003321(7),.bmp,576,444,P,48da1e95b780885ae593ef3482b2b64c7558dc4c7e44919eb763892d947f0e72,3호기,136,False,True
4. X-ray 검사장비 AI 데이터셋/dataset/test1/yolov3/X선이물검출기(06.23_09.22)/3호기(2020.09.22)/SN12053_20200922_NgImage/001_20200922_003326(6).bmp,001_20200922_003326(6),.bmp,576,444,P,d16c622cd437487724ad5dd83c37091ff913b5f3ea97ee141de8a5f6f3a16d0a,3호기,128,False,True
4. X-ray 검사장비 AI 데이터셋/dataset/test1/yolov3/X선이물검출기(06.23_09.22)/3호기(2020.09.22)/SN12053_20200922_NgImage/001_20200922_003330(7).bmp,001_20200922_003330(7),.bmp,576,444,P,eab6417900370f34e16446b931027044a0ff6a2a8783139b12b310bc27710ca9,3호기,128,False,True
4. X-ray 검사장비 AI 데이터셋/dataset/test1/yolov3/X선이물검출기(06.23_09.22)/3호기(2020.09.22)/SN12053_20200922_NgImage/001_20200922_043310(0).bmp,001_20200922_043310(0),.bmp,576,444,P,cdbcb4ad1c974d9bd221dbfbf33a93eb5b6463c5b86d0bb6581a28ca86b1cf67,3호기,136,False,True
4. X-ray 검사장비 AI 데이터셋/dataset/test1/yolov3/X선이물검출기(06.23_09.22)/3호기(2020.09.22)/SN12053_20200922_NgImage/001_20200922_043314(4).bmp,001_20200922_043314(4),.bmp,576,444,P,4e942d1cef5c427a360d6e76807c2aee4d6366308360c2b4269c5ad95801474e,3호기,128,False,True
4. X-ray 검사장비 AI 데이터셋/dataset/test1/yolov3/X선이물검출기(06.23_09.22)/3호기(2020.09.22)/SN12053_20200922_NgImage/001_20200922_043318(9).bmp,001_20200922_043318(9),.bmp,576,444,P,95c95b2d5795bf3bb5fb24204031e5b5553fdb833fb9b636ae74c4f326d65909,3호기,128,False,True
4. X-ray 검사장비 AI 데이터셋/dataset/test1/yolov3/X선이물검출기(06.23_09.22)/3호기(2020.09.22)/SN12053_20200922_NgImage/001_20200922_043323(4).bmp,001_20200922_043323(4),.bmp,576,444,P,debe36bebe14519fee6c0ad64aefafe0889fc49d459f1ab0aae0d62e4f37c15c,3호기,136,False,True
4. X-ray 검사장비 AI 데이터셋/dataset/test1/yolov3/X선이물검출기(06.23_09.22)/3호기(2020.09.22)/SN12053_20200922_NgImage/001_20200922_043327(8).bmp,001_20200922_043327(8),.bmp,576,444,P,7512879ae2aa6118a43c918cd4937f859f4fc9eb5ef463f67b0e9d6144eb7b3f,3호기,128,False,True
4. X-ray 검사장비 AI 데이터셋/dataset/test1/yolov3/X선이물검출기(06.23_09.22)/3호기(2020.09.22)/SN12053_20200922_NgImage/001_20200922_043332(5).bmp,001_20200922_043332(5),.bmp,576,444,P,fda8342771ac37092bee7bcaaf96b8937dc7b63e80858b916398579d4c64e61c,3호기,136,False,True
4. X-ray 검사장비 AI 데이터셋/dataset/test1/yolov3/X선이물검출기(06.23_09.22)/3호기(2020.09.22)/SN12053_20200922_NgImage/001_20200922_084020(7).bmp,001_20200922_084020(7),.bmp,576,444,P,bfc37860c28e92396c6fb586bd7beb6933a674451fe5ad59e9f6ba064f0f0c8c,3호기,128,False,True
4. X-ray 검사장비 AI 데이터셋/dataset/test1/yolov3/X선이물검출기(06.23_09.22)/3호기(2020.09.22)/SN12053_20200922_NgImage/001_20200922_084025(1).bmp,001_20200922_084025(1),.bmp,576,444,P,032106dc6b5e770d6c4bd8349f301756f2844ea7cb69a1c1ab4b46f96a4b0968,3호기,136,False,True
4. X-ray 검사장비 AI 데이터셋/dataset/test1/yolov3/X선이물검출기(06.23_09.22)/3호기(2020.09.22)/SN12053_20200922_NgImage/001_20200922_084029(7).bmp,001_20200922_084029(7),.bmp,576,444,P,c34fe8693c372af8c73a1d285809fa06c705651ad4850ff91f2d5066ee6fe8da,3호기,128,False,True
4. X-ray 검사장비 AI 데이터셋/dataset/test1/yolov3/X선이물검출기(06.23_09.22)/3호기(2020.09.22)/SN12053_20200922_NgImage/001_20200922_084034(2).bmp,001_20200922_084034(2),.bmp,576,444,P,ab8b629a59968c19f48bafd0817cc369769379f23ae1ff2a910f8e426d8486c9,3호기,128,False,True
4. X-ray 검사장비 AI 데이터셋/dataset/test1/yolov3/X선이물검출기(06.23_09.22)/3호기(2020.09.22)/SN12053_20200922_NgImage/001_20200922_084038(7).bmp,001_20200922_084038(7),.bmp,576,444,P,3113faa156c58fbdf3f4fa4f307afdb4e183cba59864940bfa609d30db4fa579,3호기,128,False,True
4. X-ray 검사장비 AI 데이터셋/dataset/test1/yolov3/X선이물검출기(06.23_09.22)/3호기(2020.09.22)/SN12053_20200922_NgImage/001_20200922_084043(2).bmp,001_20200922_084043(2),.bmp,576,444,P,0db363df75b0fc940fab7270549cd6c467a31712a5ba5f5b6c186bc477ce1daf,3호기,144,False,True
4. X-ray 검사장비 AI 데이터셋/dataset/test1/yolov3/X선이물검출기(06.23_09.22)/3호기(2020.09.22)/SN12053_20200922_NgImage/001_20200922_122947(8).bmp,001_20200922_122947(8),.bmp,576,444,P,6ebb0260611fd35f7efeb2960272104baa71d4971e07b797b4642e5c66a77100,3호기,128,False,True
4. X-ray 검사장비 AI 데이터셋/dataset/test1/yolov3/X선이물검출기(06.23_09.22)/3호기(2020.09.22)/SN12053_20200922_NgImage/001_20200922_122952(4).bmp,001_20200922_122952(4),.bmp,576,444,P,33d427da6b732a6630d30701759dd93fdb8675c93786dca9797363f1fa08908c,3호기,128,False,True
4. X-ray 검사장비 AI 데이터셋/dataset/test1/yolov3/X선이물검출기(06.23_09.22)/3호기(2020.09.22)/SN12053_20200922_NgImage/001_20200922_123001(2).bmp,001_20200922_123001(2),.bmp,576,444,P,2d9374b1a5eb0db845f3943ebd830fad977890e2a064bbb1eeebfeb01183dd28,3호기,128,False,True
4. X-ray 검사장비 AI 데이터셋/dataset/test1/yolov3/X선이물검출기(06.23_09.22)/3호기(2020.09.22)/SN12053_20200922_NgImage/001_20200922_123005(5).bmp,001_20200922_123005(5),.bmp,576,444,P,6aafe42b66d9b50c1474ea0fc05842eeaaa556fae5e783729e02c0f70e51d3d4,3호기,128,False,True
4. X-ray 검사장비 AI 데이터셋/dataset/test1/yolov3/X선이물검출기(06.23_09.22)/3호기(2020.09.22)/SN12053_20200922_NgImage/001_20200922_123014(3).bmp,001_20200922_123014(3),.bmp,576,444,P,084121e284dc93381ac83a75c8b5fd06b64315a48e9deecd0999317124ca5060,3호기,128,False,True
4. X-ray 검사장비 AI 데이터셋/dataset/test1/yolov3/X선이물검출기(06.23_09.22)/3호기(2020.09.22)/SN12053_20200922_NgImage/001_20200922_123018(6).bmp,001_20200922_123018(6),.bmp,576,444,P,e58b52daecf68e2e832edf36b4ccb3040cd3df3e16bf9f156eeff8d3dc487144,3호기,136,False,True
4. X-ray 검사장비 AI 데이터셋/dataset/test1/yolov3/X선이물검출기(06.23_09.22)/3호기(2020.09.22)/SN12053_20200922_NgImage/001_20200922_163323(0).bmp,001_20200922_163323(0),.bmp,576,444,P,90bfaaacea28123265ab4b15ee6e85cb2ad964322ade50a1a5e45373ad856eff,3호기,128,False,True
4. X-ray 검사장비 AI 데이터셋/dataset/test1/yolov3/X선이물검출기(06.23_09.22)/3호기(2020.09.22)/SN12053_20200922_NgImage/001_20200922_163326(0).bmp,001_20200922_163326(0),.bmp,576,444,P,35d720c457d0b3676293788afbfb10db89b7b6a4449527721e51c84cf3e4ee27,3호기,136,False,True
4. X-ray 검사장비 AI 데이터셋/dataset/test1/yolov3/X선이물검출기(06.23_09.22)/3호기(2020.09.22)/SN12053_20200922_NgImage/001_20200922_163329(0).bmp,001_20200922_163329(0),.bmp,576,444,P,13b0eed109521d5fd7b943e8a74e635fe71eaf29f4361bd7621890cc174410fb,3호기,128,False,True
4. X-ray 검사장비 AI 데이터셋/dataset/test1/yolov3/X선이물검출기(06.23_09.22)/3호기(2020.09.22)/SN12053_20200922_NgImage/001_20200922_163338(3).bmp,001_20200922_163338(3),.bmp,576,444,P,7d7b0e95af3c1d210dbb1dd00d617e4d46f8f242a9e7c252329a882097ee974a,3호기,136,False,True
