image_id,gt_id,short_side_original_px,stage,candidates,best_iou,best_query,leader_query,leader_iou,best_score,leader_score,best_iou_score_ge_0,count_iou50_score_ge_0,best_iou_score_ge_0.001,count_iou50_score_ge_0.001,best_iou_score_ge_0.05,count_iou50_score_ge_0.05,best_width_relative_error,best_height_relative_error,best_center_error_input_px
89,1,11.0,encoder_all_counterfactual,8400,0.4733923375606537,2282,2282,0.4733923375606537,0.11711382120847702,0.11711382120847702,0.4733923375606537,0,0.4733923375606537,0,0.4733923375606537,0,-0.18330252170562744,0.4342442452907562,3.351505756378174
89,2,12.0,encoder_all_counterfactual,8400,0.4899042546749115,7103,2603,0.25984466075897217,0.03371459245681763,0.1593913733959198,0.4899042546749115,0,0.4899042546749115,0,0.4783652722835541,0,0.11559849232435226,0.16427162289619446,4.054098606109619
89,3,13.999999999999998,encoder_all_counterfactual,8400,0.40122926235198975,3001,2842,0.11086082458496094,0.14959833025932312,0.15758070349693298,0.40122926235198975,0,0.40122926235198975,0,0.40122926235198975,0,-0.052639227360486984,0.10186212509870529,5.431135654449463
89,1,11.0,topk,300,0.4733923375606537,86,86,0.4733923375606537,0.11711382120847702,0.11711382120847702,0.4733923375606537,0,0.4733923375606537,0,0.4733923375606537,0,-0.18330252170562744,0.4342442452907562,3.351505756378174
89,2,12.0,topk,300,0.4783652722835541,102,8,0.25984466075897217,0.10982906818389893,0.1593913733959198,0.4783652722835541,0,0.4783652722835541,0,0.4783652722835541,0,0.005786705296486616,0.25264132022857666,4.661657333374023
89,3,13.999999999999998,topk,300,0.40122926235198975,18,10,0.11086082458496094,0.14959833025932312,0.15758070349693298,0.40122926235198975,0,0.40122926235198975,0,0.40122926235198975,0,-0.052639227360486984,0.10186212509870529,5.431135654449463
89,1,11.0,pre_bbox,300,0.9446115493774414,274,86,0.9194735884666443,0.49544692039489746,0.6366581916809082,0.9446115493774414,24,0.9446115493774414,24,0.9446115493774414,24,-0.022486187517642975,0.011339419521391392,0.283984512090683
89,2,12.0,pre_bbox,300,0.9102505445480347,39,39,0.9102505445480347,0.487423837184906,0.487423837184906,0.9102505445480347,22,0.9102505445480347,22,0.9102505445480347,22,-0.06359974294900894,0.011742633767426014,0.20012490451335907
89,3,13.999999999999998,pre_bbox,300,0.8214122653007507,24,18,0.7389564514160156,0.2159126251935959,0.4657105803489685,0.8214122653007507,16,0.8214122653007507,16,0.8214122653007507,15,-0.08474253863096237,-0.042729638516902924,0.9531540274620056
89,1,11.0,decoder_1,300,0.9519379734992981,274,86,0.9209063053131104,0.5001987218856812,0.6423218846321106,0.9519379734992981,22,0.9519379734992981,22,0.9519379734992981,22,-0.02273443713784218,0.01889793947339058,0.24363473057746887
89,2,12.0,decoder_1,300,0.9145469665527344,39,39,0.9145469665527344,0.49515119194984436,0.49515119194984436,0.9145469665527344,17,0.9145469665527344,17,0.9145469665527344,17,-0.06161307170987129,0.025565708056092262,0.18752074241638184
89,3,13.999999999999998,decoder_1,300,0.8022161722183228,24,18,0.7422016859054565,0.21888193488121033,0.46752965450286865,0.8022161722183228,15,0.8022161722183228,15,0.8022161722183228,15,-0.08752167969942093,-0.03999475762248039,1.0741640329360962
89,1,11.0,decoder_2,300,0.9239611625671387,224,86,0.9117472767829895,0.03262541443109512,0.7738513946533203,0.9239611625671387,28,0.9239611625671387,28,0.9130118489265442,3,-0.02128191664814949,0.05465732142329216,0.25477513670921326
89,2,12.0,decoder_2,300,0.895061194896698,276,102,0.8089597821235657,0.03336718678474426,0.7558194398880005,0.895061194896698,24,0.895061194896698,24,0.8089597821235657,7,-0.016137517988681793,0.012315941043198109,0.6429724097251892
89,3,13.999999999999998,decoder_2,300,0.8047900199890137,132,18,0.6910867094993591,0.04106297343969345,0.7400900721549988,0.8047900199890137,18,0.8047900199890137,18,0.7583857774734497,6,-0.1437162607908249,-0.04333460330963135,0.5910624265670776
89,1,11.0,decoder_3,300,0.913821280002594,224,154,0.9037724733352661,0.04226730391383171,0.7569963335990906,0.913821280002594,31,0.913821280002594,31,0.9085034728050232,4,-0.030651986598968506,0.06268401443958282,0.2900530993938446
89,2,12.0,decoder_3,300,0.868382453918457,6,102,0.7982578277587891,0.02574923075735569,0.7559066414833069,0.868382453918457,27,0.868382453918457,27,0.7982578277587891,3,-0.03981697931885719,0.0934406965970993,0.4264388978481293
89,3,13.999999999999998,decoder_3,300,0.8518555164337158,132,18,0.6894119381904602,0.03450926020741463,0.7791883945465088,0.8518555164337158,18,0.8518555164337158,18,0.6894119381904602,2,-0.1026720181107521,-0.006593861151486635,0.5464012026786804
89,1,11.0,final_nms07,192,0.9037724733352661,1,1,0.9037724733352661,0.7569963335990906,0.7569963335990906,0.9037724733352661,3,0.9037724733352661,3,0.9037724733352661,1,-0.05904741957783699,0.04371977970004082,0.18015335500240326
89,2,12.0,final_nms07,192,0.7982578277587891,2,2,0.7982578277587891,0.7559066414833069,0.7559066414833069,0.7982578277587891,5,0.7982578277587891,5,0.7982578277587891,1,-0.04735046252608299,0.11094052344560623,1.115849256515503
89,3,13.999999999999998,final_nms07,192,0.7491356134414673,28,0,0.6894119381904602,0.022838981822133064,0.7791883945465088,0.7491356134414673,3,0.7491356134414673,3,0.6894119381904602,1,-0.03396332636475563,-0.1591494083404541,1.1227234601974487
90,4,15.0,encoder_all_counterfactual,8400,0.39230725169181824,2282,2445,0.29058837890625,0.061250586062669754,0.15208680927753448,0.39230725169181824,0,0.39230725169181824,0,0.39230725169181824,0,-0.21610777080059052,-0.13641946017742157,5.775176525115967
90,5,12.0,encoder_all_counterfactual,8400,0.5022614002227783,2848,2763,0.26360607147216797,0.037595104426145554,0.16811752319335938,0.5022614002227783,1,0.5022614002227783,1,0.4614022970199585,0,-0.26779472827911377,-0.13656184077262878,2.4881300926208496
90,6,12.0,encoder_all_counterfactual,8400,0.6503423452377319,3244,3003,0.4203585386276245,0.11083176732063293,0.17480933666229248,0.6503423452377319,1,0.6503423452377319,1,0.6503423452377319,1,0.0368230827152729,0.37602660059928894,2.4442343711853027
90,4,15.0,topk,300,0.29058837890625,19,19,0.29058837890625,0.15208680927753448,0.15208680927753448,0.29058837890625,0,0.29058837890625,0,0.29058837890625,0,-0.11899429559707642,0.07718934118747711,7.762556552886963
90,5,12.0,topk,300,0.4614022970199585,151,3,0.26360607147216797,0.08456016331911087,0.16811752319335938,0.4614022970199585,0,0.4614022970199585,0,0.4614022970199585,0,0.20577992498874664,0.4817393124103546,5.016783237457275
90,6,12.0,topk,300,0.6503423452377319,89,0,0.4203585386276245,0.11083176732063293,0.17480933666229248,0.6503423452377319,1,0.6503423452377319,1,0.6503423452377319,1,0.0368230827152729,0.37602660059928894,2.4442343711853027
90,4,15.0,pre_bbox,300,0.8557636141777039,47,48,0.7481473088264465,0.16486826539039612,0.38215401768684387,0.8557636141777039,40,0.8557636141777039,40,0.8557636141777039,40,-0.04040399566292763,-0.05062143877148628,0.9592951536178589
90,5,12.0,pre_bbox,300,0.8836195468902588,191,144,0.6986743211746216,0.1373923122882843,0.5134233236312866,0.8836195468902588,22,0.8836195468902588,22,0.8836195468902588,22,0.019613705575466156,0.009653319604694843,0.7650492191314697
90,6,12.0,pre_bbox,300,0.766868531703949,64,89,0.6983630061149597,0.49616023898124695,0.649784505367279,0.766868531703949,18,0.766868531703949,18,0.766868531703949,18,-0.08287296444177628,0.10150507837533951,1.3417258262634277
90,4,15.0,decoder_1,300,0.8528341054916382,29,48,0.7610260844230652,0.3413524031639099,0.3894632160663605,0.8528341054916382,38,0.8528341054916382,38,0.8528341054916382,38,0.015205422416329384,-0.09326587617397308,0.7187502384185791
90,5,12.0,decoder_1,300,0.8899415135383606,191,144,0.6975526809692383,0.14169518649578094,0.5195674300193787,0.8899415135383606,22,0.8899415135383606,22,0.8899415135383606,22,0.02095169946551323,-0.0013317761477082968,0.7540234923362732
90,6,12.0,decoder_1,300,0.7642489671707153,64,89,0.6970293521881104,0.5044553875923157,0.6596077680587769,0.7642489671707153,19,0.7642489671707153,19,0.7642489671707153,19,-0.08088328689336777,0.1064385250210762,1.3393124341964722
90,4,15.0,decoder_2,300,0.9413540959358215,52,19,0.7707855701446533,0.038635797798633575,0.8202669024467468,0.9413540959358215,51,0.9413540959358215,51,0.8360356092453003,14,-0.04536357894539833,0.014784426428377628,0.18268567323684692
90,5,12.0,decoder_2,300,0.8654083013534546,191,144,0.710216224193573,0.029438193887472153,0.6143646836280823,0.8654083013534546,27,0.8654083013534546,27,0.7683001756668091,7,-0.06717710196971893,0.07881098985671997,0.5719990134239197
90,6,12.0,decoder_2,300,0.8205671906471252,64,89,0.7965165376663208,0.035728976130485535,0.6723181009292603,0.8205671906471252,23,0.8205671906471252,23,0.7965165376663208,1,-0.08750941604375839,0.07149612903594971,1.0171623229980469
90,4,15.0,decoder_3,300,0.8954923748970032,52,19,0.7691523432731628,0.06886016577482224,0.7742356657981873,0.8954923748970032,55,0.8954923748970032,55,0.8954923748970032,4,-0.07044903188943863,-0.03664344921708107,0.3087904453277588
90,5,12.0,decoder_3,300,0.9481098055839539,90,144,0.7143105268478394,0.03205133229494095,0.6996905207633972,0.9481098055839539,29,0.9481098055839539,29,0.7581748366355896,5,-0.011610317043960094,0.0007009234977886081,0.2932462990283966
90,6,12.0,decoder_3,300,0.8680164813995361,232,89,0.8188837170600891,0.021910710260272026,0.7543811798095703,0.8680164813995361,29,0.8680164813995361,29,0.8188837170600891,1,-0.11707931756973267,0.01820504479110241,0.9197336435317993
90,4,15.0,final_nms07,172,0.7874062657356262,23,0,0.7691523432731628,0.02149893157184124,0.7742356657981873,0.7874062657356262,5,0.7874062657356262,5,0.7691523432731628,1,0.19666752219200134,0.00931503251194954,0.8803372383117676
90,5,12.0,final_nms07,172,0.7143105268478394,2,2,0.7143105268478394,0.6996905207633972,0.6996905207633972,0.7143105268478394,4,0.7143105268478394,4,0.7143105268478394,2,-0.22133758664131165,0.11570019274950027,0.7138820886611938
90,6,12.0,final_nms07,172,0.8188837170600891,1,1,0.8188837170600891,0.7543811798095703,0.7543811798095703,0.8188837170600891,5,0.8188837170600891,5,0.8188837170600891,1,-0.14144542813301086,0.014062345027923584,1.3554818630218506
91,7,12.0,encoder_all_counterfactual,8400,0.5215332508087158,3008,2524,0.18876336514949799,0.04319136217236519,0.14738917350769043,0.5215332508087158,1,0.5215332508087158,1,0.41502854228019714,0,-0.34241873025894165,-0.007295960560441017,2.254476308822632
91,8,12.0,encoder_all_counterfactual,8400,0.4299751818180084,2922,2922,0.4299751818180084,0.14730419218540192,0.14730419218540192,0.4299751818180084,0,0.4299751818180084,0,0.4299751818180084,0,-0.015838397666811943,0.3673003315925598,5.061112403869629
91,9,10.0,encoder_all_counterfactual,8400,0.39608171582221985,2204,2203,0.17612959444522858,0.11752485483884811,0.12105215340852737,0.39608171582221985,0,0.39608171582221985,0,0.39608171582221985,0,0.18472082912921906,0.6057295203208923,3.9263744354248047
91,7,12.0,topk,300,0.41502854228019714,102,10,0.18876336514949799,0.11193215101957321,0.14738917350769043,0.41502854228019714,0,0.41502854228019714,0,0.41502854228019714,0,0.0303497314453125,0.3066517114639282,5.4000244140625
91,8,12.0,topk,300,0.4299751818180084,11,11,0.4299751818180084,0.14730419218540192,0.14730419218540192,0.4299751818180084,0,0.4299751818180084,0,0.4299751818180084,0,-0.015838397666811943,0.3673003315925598,5.061112403869629
91,9,10.0,topk,300,0.39608171582221985,82,69,0.17612959444522858,0.11752485483884811,0.12105215340852737,0.39608171582221985,0,0.39608171582221985,0,0.39608171582221985,0,0.18472082912921906,0.6057295203208923,3.9263744354248047
91,7,12.0,pre_bbox,300,0.8513593673706055,102,102,0.8513593673706055,0.48479366302490234,0.48479366302490234,0.8513593673706055,18,0.8513593673706055,18,0.8513593673706055,18,-0.07480070739984512,0.015393334440886974,0.8976145386695862
91,8,12.0,pre_bbox,300,0.8435086011886597,84,11,0.7833957672119141,0.1978009045124054,0.4254172146320343,0.8435086011886597,19,0.8435086011886597,19,0.8435086011886597,19,-0.12463909387588501,0.04313768073916435,0.8291142582893372
91,9,10.0,pre_bbox,300,0.8033297657966614,82,82,0.8033297657966614,0.631943941116333,0.631943941116333,0.8033297657966614,25,0.8033297657966614,25,0.8033297657966614,25,0.006116528995335102,0.1863671988248825,1.1130523681640625
91,7,12.0,decoder_1,300,0.8722183704376221,171,102,0.8429768681526184,0.08721735328435898,0.49173030257225037,0.8722183704376221,18,0.8722183704376221,18,0.8722183704376221,18,-0.08544457703828812,-0.04629165679216385,0.5712141990661621
91,8,12.0,decoder_1,300,0.8467738628387451,84,11,0.782023549079895,0.2026422917842865,0.4319685399532318,0.8467738628387451,18,0.8467738628387451,18,0.8467738628387451,18,-0.12002453207969666,0.04455570504069328,0.7908751368522644
91,9,10.0,decoder_1,300,0.7989525198936462,82,82,0.7989525198936462,0.639965832233429,0.639965832233429,0.7989525198936462,25,0.7989525198936462,25,0.7989525198936462,25,0.005595458671450615,0.19391165673732758,1.1511783599853516
91,7,12.0,decoder_2,300,0.9195553660392761,162,102,0.8372373580932617,0.05512714013457298,0.791631817817688,0.9195553660392761,29,0.9195553660392761,29,0.9195553660392761,24,-0.06011226028203964,0.015837378799915314,0.2930065989494324
91,8,12.0,decoder_2,300,0.7986063957214355,25,11,0.7957841753959656,0.03240946680307388,0.7656865119934082,0.7986063957214355,27,0.7986063957214355,26,0.7975744009017944,12,-0.14295358955860138,0.08538147807121277,0.28684958815574646
91,9,10.0,decoder_2,300,0.9095886945724487,199,82,0.7807952761650085,0.030749253928661346,0.7189939022064209,0.9095886945724487,33,0.9095886945724487,33,0.7807952761650085,4,0.014456306584179401,0.05028681829571724,0.46056732535362244
91,7,12.0,decoder_3,300,0.924761950969696,28,102,0.8466904759407043,0.07548926025629044,0.7761805057525635,0.924761950969696,32,0.924761950969696,32,0.924761950969696,6,-0.04104558378458023,0.038557808846235275,0.3061107397079468
91,8,12.0,decoder_3,300,0.8065525889396667,22,11,0.7956976294517517,0.036461569368839264,0.7758792638778687,0.8065525889396667,36,0.8065525889396667,36,0.7956976294517517,2,-0.15380504727363586,-0.019494377076625824,0.45687681436538696
91,9,10.0,decoder_3,300,0.8668017983436584,199,82,0.7830649614334106,0.027263740077614784,0.7414426207542419,0.8668017983436584,36,0.8668017983436584,36,0.7830649614334106,2,-0.0478973463177681,0.06555439531803131,0.607006847858429
91,7,12.0,final_nms07,165,0.8466904759407043,0,0,0.8466904759407043,0.7761805057525635,0.7761805057525635,0.8466904759407043,4,0.8466904759407043,4,0.8466904759407043,2,-0.08563094586133957,-0.003102515358477831,0.8662883639335632
91,8,12.0,final_nms07,165,0.7956976294517517,1,1,0.7956976294517517,0.7758792638778687,0.7758792638778687,0.7956976294517517,6,0.7956976294517517,6,0.7956976294517517,2,-0.13997158408164978,0.07493168115615845,0.8261720538139343
91,9,10.0,final_nms07,165,0.7830649614334106,2,2,0.7830649614334106,0.7414426207542419,0.7414426207542419,0.7830649614334106,4,0.7830649614334106,4,0.7830649614334106,1,0.036032579839229584,0.23261483013629913,0.4356463849544525
92,10,11.0,encoder_all_counterfactual,8400,0.43561339378356934,2204,2204,0.43561339378356934,0.12199848145246506,0.12199848145246506,0.43561339378356934,0,0.43561339378356934,0,0.43561339378356934,0,0.037030722945928574,0.3475934565067291,4.478438377380371
92,11,13.999999999999998,encoder_all_counterfactual,8400,0.6814029812812805,2766,2524,0.3352571129798889,0.037659648805856705,0.1578546166419983,0.6814029812812805,1,0.6814029812812805,1,0.3352571129798889,0,0.16290603578090668,0.018674539402127266,2.4657864570617676
92,12,18.0,encoder_all_counterfactual,8400,0.56019526720047,5884,2842,0.14238668978214264,0.028939224779605865,0.1516047865152359,0.56019526720047,1,0.56019526720047,1,0.2813100814819336,0,0.08888840675354004,0.5631967782974243,1.6504794359207153
92,10,11.0,topk,300,0.43561339378356934,79,79,0.43561339378356934,0.12199848145246506,0.12199848145246506,0.43561339378356934,0,0.43561339378356934,0,0.43561339378356934,0,0.037030722945928574,0.3475934565067291,4.478438377380371
92,11,13.999999999999998,topk,300,0.3352571129798889,3,3,0.3352571129798889,0.1578546166419983,0.1578546166419983,0.3352571129798889,0,0.3352571129798889,0,0.3352571129798889,0,-0.05322324112057686,0.0937267392873764,6.465747356414795
92,12,18.0,topk,300,0.14238668978214264,12,12,0.14238668978214264,0.1516047865152359,0.1516047865152359,0.14238668978214264,0,0.14238668978214264,0,0.14238668978214264,0,-0.400105357170105,-0.16690278053283691,12.801722526550293
92,10,11.0,pre_bbox,300,0.795873761177063,221,79,0.7858189940452576,0.4403497576713562,0.621609628200531,0.795873761177063,24,0.795873761177063,24,0.795873761177063,24,0.041617512702941895,0.20628097653388977,0.4698302745819092
92,11,13.999999999999998,pre_bbox,300,0.835824191570282,81,50,0.6443028450012207,0.15676476061344147,0.47895076870918274,0.835824191570282,17,0.835824191570282,17,0.835824191570282,17,-0.07646104693412781,-0.03035834990441799,1.1325159072875977
92,12,18.0,pre_bbox,300,0.4435134828090668,1,12,0.363915354013443,0.14612044394016266,0.35554277896881104,0.4435134828090668,0,0.4435134828090668,0,0.4435134828090668,0,-0.4242822229862213,-0.22963686287403107,3.9985082149505615
92,10,11.0,decoder_1,300,0.8018344640731812,221,79,0.7857429385185242,0.445048451423645,0.6253043413162231,0.8018344640731812,18,0.8018344640731812,18,0.8018344640731812,18,0.015648866072297096,0.2094600349664688,0.4708786606788635
92,11,13.999999999999998,decoder_1,300,0.852013349533081,81,50,0.65142822265625,0.16116014122962952,0.48459136486053467,0.852013349533081,15,0.852013349533081,15,0.852013349533081,15,-0.09481973946094513,-0.03431260585784912,0.9643425345420837
92,12,18.0,decoder_1,300,0.4235151708126068,1,12,0.3660302460193634,0.14896921813488007,0.36231115460395813,0.4235151708126068,0,0.4235151708126068,0,0.4235151708126068,0,-0.439144492149353,-0.24487781524658203,3.773750066757202
92,10,11.0,decoder_2,300,0.8393439054489136,79,271,0.8147428631782532,0.5808212757110596,0.7345265746116638,0.8393439054489136,30,0.8393439054489136,30,0.8393439054489136,4,0.039475467056035995,0.14616316556930542,0.7950936555862427
92,11,13.999999999999998,decoder_2,300,0.8523656129837036,251,50,0.7358419299125671,0.06638067960739136,0.7074357867240906,0.8523656129837036,20,0.8523656129837036,20,0.8523656129837036,16,-0.04342677444219589,-0.051157839596271515,0.8443845510482788
92,12,18.0,decoder_2,300,0.7949449419975281,237,12,0.3339170217514038,0.012113850563764572,0.6533161997795105,0.7949449419975281,7,0.7949449419975281,7,0.6136302947998047,4,0.0030620957259088755,-0.15900245308876038,1.261502981185913
92,10,11.0,decoder_3,300,0.8316134214401245,66,271,0.815240740776062,0.027321970090270042,0.7562590837478638,0.8316134214401245,39,0.8316134214401245,39,0.8269712924957275,3,-0.022711729630827904,0.1787993162870407,0.7549678087234497
92,11,13.999999999999998,decoder_3,300,0.9110046625137329,110,50,0.7377607226371765,0.060571786016225815,0.8021855354309082,0.9110046625137329,22,0.9110046625137329,22,0.9110046625137329,11,0.029340485110878944,-0.05137624219059944,0.4991203546524048
92,12,18.0,decoder_3,300,0.606286346912384,237,12,0.3290143311023712,0.01929839886724949,0.749835729598999,0.606286346912384,2,0.606286346912384,2,0.3327729403972626,0,-0.26441895961761475,-0.13562354445457458,3.449399948120117
92,10,11.0,final_nms07,203,0.815240740776062,1,1,0.815240740776062,0.7562590837478638,0.7562590837478638,0.815240740776062,5,0.815240740776062,5,0.815240740776062,1,0.04066279157996178,0.17870718240737915,0.7856316566467285
92,11,13.999999999999998,final_nms07,203,0.7377607226371765,0,0,0.7377607226371765,0.8021855354309082,0.8021855354309082,0.7377607226371765,3,0.7377607226371765,3,0.7377607226371765,1,-0.036214541643857956,-0.022121315822005272,1.8387787342071533
92,12,18.0,final_nms07,203,0.606286346912384,32,2,0.3290143311023712,0.01929839886724949,0.749835729598999,0.606286346912384,2,0.606286346912384,2,0.3290143311023712,0,-0.26441895961761475,-0.13562354445457458,3.449399948120117
93,13,12.0,encoder_all_counterfactual,8400,0.6116329431533813,1963,2204,0.1397061049938202,0.12625004351139069,0.1315658688545227,0.6116329431533813,4,0.6116329431533813,4,0.6116329431533813,4,-0.2579416334629059,0.2486351728439331,2.5257041454315186
93,14,13.999999999999998,encoder_all_counterfactual,8400,0.7746700644493103,2363,2362,0.4805946350097656,0.1438492089509964,0.1654234677553177,0.7746700644493103,3,0.7746700644493103,3,0.7746700644493103,1,-0.18638522922992706,0.061787426471710205,0.2702004909515381
93,15,13.999999999999998,encoder_all_counterfactual,8400,0.6626132726669312,2762,2762,0.6626132726669312,0.15848448872566223,0.15848448872566223,0.6626132726669312,1,0.6626132726669312,1,0.6626132726669312,1,0.0023990904446691275,0.1417272537946701,2.5819945335388184
93,13,12.0,topk,300,0.6116329431533813,59,49,0.1397061049938202,0.12625004351139069,0.1315658688545227,0.6116329431533813,3,0.6116329431533813,3,0.6116329431533813,3,-0.2579416334629059,0.2486351728439331,2.5257041454315186
93,14,13.999999999999998,topk,300,0.7746700644493103,27,1,0.4805946350097656,0.1438492089509964,0.1654234677553177,0.7746700644493103,1,0.7746700644493103,1,0.7746700644493103,1,-0.18638522922992706,0.061787426471710205,0.2702004909515381
93,15,13.999999999999998,topk,300,0.6626132726669312,4,4,0.6626132726669312,0.15848448872566223,0.15848448872566223,0.6626132726669312,1,0.6626132726669312,1,0.6626132726669312,1,0.0023990904446691275,0.1417272537946701,2.5819945335388184
93,13,12.0,pre_bbox,300,0.8052571415901184,167,55,0.6816551089286804,0.2949509024620056,0.6118188500404358,0.8052571415901184,29,0.8052571415901184,29,0.8052571415901184,29,-0.0013559102080762386,0.05751960352063179,1.4611889123916626
93,14,13.999999999999998,pre_bbox,300,0.7139001488685608,34,27,0.6053098440170288,0.06756751984357834,0.5530707836151123,0.7139001488685608,14,0.7139001488685608,14,0.7139001488685608,14,-0.21091629564762115,-0.060870565474033356,1.3493109941482544
93,15,13.999999999999998,pre_bbox,300,0.8891746997833252,38,4,0.8285039067268372,0.208290696144104,0.549079179763794,0.8891746997833252,15,0.8891746997833252,15,0.8891746997833252,15,0.010056659579277039,-0.07150187343358994,0.3714371919631958
93,13,12.0,decoder_1,300,0.8554718494415283,207,55,0.682123064994812,0.08274383097887039,0.6216850876808167,0.8554718494415283,30,0.8554718494415283,30,0.8554718494415283,30,-0.019298600032925606,0.08433506637811661,0.7118846774101257
93,14,13.999999999999998,decoder_1,300,0.6363973021507263,170,27,0.6108843088150024,0.4177531898021698,0.5584670305252075,0.6363973021507263,13,0.6363973021507263,13,0.6363973021507263,13,-0.16558031737804413,-0.13241837918758392,2.109862804412842
93,15,13.999999999999998,decoder_1,300,0.8805066347122192,38,4,0.8372137546539307,0.21329039335250854,0.5564830303192139,0.8805066347122192,16,0.8805066347122192,16,0.8805066347122192,16,0.009498882107436657,-0.07955510169267654,0.3806953728199005
93,13,12.0,decoder_2,300,0.912936270236969,225,119,0.694762110710144,0.026587998494505882,0.752683162689209,0.912936270236969,36,0.912936270236969,36,0.775179922580719,6,-0.04060821235179901,0.053038645535707474,0.28621089458465576
93,14,13.999999999999998,decoder_2,300,0.6823505163192749,205,27,0.6215907335281372,0.0024969486985355616,0.7705327272415161,0.6823505163192749,23,0.6823505163192749,23,0.6336228251457214,6,-0.1638556271791458,-0.06475034356117249,2.3709022998809814
93,15,13.999999999999998,decoder_2,300,0.9290065765380859,46,17,0.9008458256721497,0.0347076877951622,0.706829309463501,0.9290065765380859,24,0.9290065765380859,24,0.9008458256721497,3,-0.05587467551231384,-0.011300562880933285,0.2409709393978119
93,13,12.0,decoder_3,300,0.819867730140686,182,119,0.6901658177375793,0.02537756785750389,0.766814649105072,0.819867730140686,38,0.819867730140686,38,0.725543737411499,4,-0.08169965445995331,0.004265305586159229,1.056118369102478
93,14,13.999999999999998,decoder_3,300,0.7530261278152466,205,27,0.6104863882064819,0.015266675502061844,0.7952972650527954,0.7530261278152466,25,0.7530261278152466,25,0.6688902378082275,7,-0.16643862426280975,0.04935036972165108,2.1124556064605713
93,15,13.999999999999998,decoder_3,300,0.947569727897644,46,17,0.9049752950668335,0.029428401961922646,0.7680184841156006,0.947569727897644,25,0.947569727897644,25,0.9049752950668335,2,-0.04802239313721657,0.0006723246187902987,0.39139148592948914
93,13,12.0,final_nms07,186,0.7920777797698975,20,2,0.6901658177375793,0.029365522786974907,0.766814649105072,0.7920777797698975,4,0.7920777797698975,4,0.6901658177375793,1,0.0248076431453228,-0.08547981828451157,1.4560177326202393
93,14,13.999999999999998,final_nms07,186,0.7530261278152466,43,0,0.6104863882064819,0.015266675502061844,0.7952972650527954,0.7530261278152466,2,0.7530261278152466,2,0.6104863882064819,1,-0.16643862426280975,0.04935036972165108,2.1124556064605713
93,15,13.999999999999998,final_nms07,186,0.9049752950668335,1,1,0.9049752950668335,0.7680184841156006,0.7680184841156006,0.9049752950668335,2,0.9049752950668335,2,0.9049752950668335,1,-0.07723425328731537,-0.019278397783637047,0.33050525188446045
94,16,13.999999999999998,encoder_all_counterfactual,8400,0.49477526545524597,2443,2522,0.21917760372161865,0.11290915310382843,0.12924210727214813,0.49477526545524597,0,0.49477526545524597,0,0.49477526545524597,0,-0.23814672231674194,0.15021219849586487,4.040624141693115
94,17,12.0,encoder_all_counterfactual,8400,0.6994876265525818,2760,2764,0.31735295057296753,0.05696214362978935,0.15565073490142822,0.6994876265525818,1,0.6994876265525818,1,0.6994876265525818,1,0.11108966171741486,0.009221128188073635,2.2879955768585205
94,18,11.0,encoder_all_counterfactual,8400,0.4839369058609009,3244,3082,0.20584633946418762,0.11914315074682236,0.16409516334533691,0.4839369058609009,0,0.4839369058609009,0,0.4839369058609009,0,-0.027123618870973587,0.3157190680503845,3.6154041290283203
94,16,13.999999999999998,topk,300,0.49477526545524597,94,53,0.21917760372161865,0.11290915310382843,0.12924210727214813,0.49477526545524597,0,0.49477526545524597,0,0.49477526545524597,0,-0.23814672231674194,0.15021219849586487,4.040624141693115
94,17,12.0,topk,300,0.3628194034099579,38,8,0.31735295057296753,0.13800767064094543,0.15565073490142822,0.3628194034099579,0,0.3628194034099579,0,0.3628194034099579,0,0.0008472204208374023,-0.07598186284303665,6.40480375289917
94,18,11.0,topk,300,0.4839369058609009,77,0,0.20584633946418762,0.11914315074682236,0.16409516334533691,0.4839369058609009,0,0.4839369058609009,0,0.4839369058609009,0,-0.027123618870973587,0.3157190680503845,3.6154041290283203
94,16,13.999999999999998,pre_bbox,300,0.7147675156593323,124,208,0.5030644536018372,0.11633994430303574,0.48633119463920593,0.7147675156593323,20,0.7147675156593323,20,0.7147675156593323,20,-0.2131347507238388,-0.09162977337837219,0.9817668795585632
94,17,12.0,pre_bbox,300,0.8102017641067505,158,277,0.7104864716529846,0.15814124047756195,0.46864160895347595,0.8102017641067505,23,0.8102017641067505,23,0.8102017641067505,23,-0.008534002117812634,-0.12562869489192963,0.6300603151321411
94,18,11.0,pre_bbox,300,0.7904653549194336,77,77,0.7904653549194336,0.4787425994873047,0.4787425994873047,0.7904653549194336,29,0.7904653549194336,29,0.7904653549194336,24,-0.03162425011396408,0.10483936965465546,1.2837752103805542
94,16,13.999999999999998,decoder_1,300,0.6858331561088562,121,208,0.503328800201416,0.06996568292379379,0.49110284447669983,0.6858331561088562,15,0.6858331561088562,15,0.6858331561088562,15,-0.28287389874458313,0.06362385302782059,1.847342610359192
94,17,12.0,decoder_1,300,0.8411322832107544,1,277,0.7072497606277466,0.09388101100921631,0.47649505734443665,0.8411322832107544,22,0.8411322832107544,22,0.8411322832107544,22,0.06719877570867538,-0.07049620151519775,0.9685738682746887
94,18,11.0,decoder_1,300,0.7869223356246948,77,77,0.7869223356246948,0.48688003420829773,0.48688003420829773,0.7869223356246948,29,0.7869223356246948,29,0.7869223356246948,26,-0.03474016860127449,0.11615989357233047,1.3105915784835815
94,16,13.999999999999998,decoder_2,300,0.6999917030334473,97,208,0.5194006562232971,0.026971271261572838,0.7110006809234619,0.6999917030334473,20,0.6999917030334473,20,0.6054596304893494,3,-0.18293695151805878,-0.14328698813915253,0.5405591130256653
94,17,12.0,decoder_2,300,0.8103672862052917,158,8,0.7737443447113037,0.028317607939243317,0.7525097131729126,0.8103672862052917,23,0.8103672862052917,23,0.7850631475448608,6,0.00778963603079319,-0.1471501737833023,0.48429304361343384
94,18,11.0,decoder_2,300,0.8390018939971924,92,77,0.7538467049598694,0.0451485812664032,0.7387114763259888,0.8390018939971924,32,0.8390018939971924,32,0.7538467049598694,2,-0.07090526074171066,0.11155001074075699,0.7854673862457275
94,16,13.999999999999998,decoder_3,300,0.6488101482391357,53,208,0.5238398313522339,0.022351879626512527,0.7283958196640015,0.6488101482391357,21,0.6488101482391357,21,0.5345814228057861,2,-0.2588842213153839,-0.1245497539639473,0.8174247741699219
94,17,12.0,decoder_3,300,0.8119121789932251,158,8,0.7694170475006104,0.016833199188113213,0.7716628313064575,0.8119121789932251,27,0.8119121789932251,27,0.785284698009491,6,0.007523560896515846,-0.15017803013324738,0.44375190138816833
94,18,11.0,decoder_3,300,0.86506587266922,92,77,0.7526074647903442,0.02054453082382679,0.7763030529022217,0.86506587266922,38,0.86506587266922,38,0.7526074647903442,1,-0.0124954953789711,0.1185803934931755,0.6575257182121277
94,16,13.999999999999998,final_nms07,187,0.5648732781410217,17,2,0.5238398313522339,0.027593936771154404,0.7283958196640015,0.5648732781410217,2,0.5648732781410217,2,0.5238398313522339,1,0.45248478651046753,0.0907401442527771,2.5233871936798096
94,17,12.0,final_nms07,187,0.7694170475006104,1,1,0.7694170475006104,0.7716628313064575,0.7716628313064575,0.7694170475006104,3,0.7694170475006104,3,0.7694170475006104,2,0.04694845899939537,-0.16229864954948425,1.5924144983291626
94,18,11.0,final_nms07,187,0.7526074647903442,0,0,0.7526074647903442,0.7763030529022217,0.7763030529022217,0.7526074647903442,5,0.7526074647903442,5,0.7526074647903442,1,-0.058125730603933334,0.17454861104488373,1.4000176191329956
95,19,13.999999999999998,encoder_all_counterfactual,8400,0.6961055994033813,2280,2605,0.1811916083097458,0.053800735622644424,0.10808426886796951,0.6961055994033813,3,0.6961055994033813,3,0.6961055994033813,3,-0.0754174068570137,-0.05633257329463959,2.067103862762451
95,20,11.0,encoder_all_counterfactual,8400,0.4234074652194977,2846,2764,0.4146055579185486,0.022810010239481926,0.10459480434656143,0.4234074652194977,0,0.4234074652194977,0,0.4146055579185486,0,0.35884615778923035,0.6076337695121765,2.9697842597961426
95,21,10.0,encoder_all_counterfactual,8400,0.626211404800415,3242,3162,0.24053631722927094,0.12308908998966217,0.13973383605480194,0.626211404800415,2,0.626211404800415,2,0.626211404800415,1,0.21998105943202972,0.30895549058914185,0.9547171592712402
95,19,13.999999999999998,topk,300,0.6269046664237976,131,87,0.1811916083097458,0.08820345997810364,0.10808426886796951,0.6269046664237976,2,0.6269046664237976,2,0.6269046664237976,2,-0.03422333300113678,0.10222138464450836,3.544224739074707
95,20,11.0,topk,300,0.4146055579185486,96,96,0.4146055579185486,0.10459480434656143,0.10459480434656143,0.4146055579185486,0,0.4146055579185486,0,0.4146055579185486,0,0.18383193016052246,0.2035965621471405,4.658672332763672
95,21,10.0,topk,300,0.626211404800415,50,20,0.24053631722927094,0.12308908998966217,0.13973383605480194,0.626211404800415,1,0.626211404800415,1,0.626211404800415,1,0.21998105943202972,0.30895549058914185,0.9547171592712402
95,19,13.999999999999998,pre_bbox,300,0.9153928160667419,252,131,0.7831040620803833,0.15260402858257294,0.699428915977478,0.9153928160667419,36,0.9153928160667419,36,0.9153928160667419,36,-0.0018284389516338706,-0.03989347070455551,0.5509915947914124
95,20,11.0,pre_bbox,300,0.6471275091171265,60,96,0.5162871479988098,0.17679467797279358,0.6793047189712524,0.6471275091171265,16,0.6471275091171265,16,0.6471275091171265,16,0.12979058921337128,0.346456915140152,1.0782960653305054
95,21,10.0,pre_bbox,300,0.7739234566688538,82,50,0.7084589004516602,0.08049150556325912,0.6107734441757202,0.7739234566688538,24,0.7739234566688538,24,0.7739234566688538,21,0.06305817514657974,0.12532851099967957,1.3145725727081299
95,19,13.999999999999998,decoder_1,300,0.8976262211799622,105,131,0.7865768671035767,0.36001595854759216,0.70613694190979,0.8976262211799622,36,0.8976262211799622,36,0.8976262211799622,36,-0.023285988718271255,-0.014788872562348843,0.5949472188949585
95,20,11.0,decoder_1,300,0.7139339447021484,257,96,0.5200710892677307,0.0954059511423111,0.6861409544944763,0.7139339447021484,16,0.7139339447021484,16,0.7139339447021484,16,-0.15149343013763428,0.12975217401981354,1.5244677066802979
95,21,10.0,decoder_1,300,0.794110119342804,155,50,0.7115210294723511,0.15051007270812988,0.6175972819328308,0.794110119342804,23,0.794110119342804,23,0.794110119342804,20,-0.006509743165224791,0.029584059491753578,1.0136845111846924
95,19,13.999999999999998,decoder_2,300,0.9308618903160095,105,131,0.8306133151054382,0.021722255274653435,0.7795040607452393,0.9308618903160095,43,0.9308618903160095,43,0.8310632705688477,3,-0.03496631979942322,-0.035214439034461975,0.2853289544582367
95,20,11.0,decoder_2,300,0.731541097164154,257,96,0.5565648078918457,0.07238685339689255,0.7393487691879272,0.731541097164154,16,0.731541097164154,16,0.731541097164154,14,0.09261216968297958,0.2135389745235443,1.4810736179351807
95,21,10.0,decoder_2,300,0.7643035054206848,49,50,0.7287775278091431,0.027109883725643158,0.7706080675125122,0.7643035054206848,38,0.7643035054206848,38,0.7512586116790771,19,0.1553257405757904,0.1324787437915802,0.48129943013191223
95,19,13.999999999999998,decoder_3,300,0.8979318737983704,232,131,0.8242777585983276,0.0286862850189209,0.777971625328064,0.8979318737983704,48,0.8979318737983704,48,0.8242777585983276,3,-0.01387404091656208,-0.037245091050863266,0.6103670597076416
95,20,11.0,decoder_3,300,0.7318099737167358,257,96,0.5638482570648193,0.07065419107675552,0.7796462178230286,0.7318099737167358,16,0.7318099737167358,16,0.7318099737167358,12,0.09941308200359344,0.24224454164505005,1.3920202255249023
95,21,10.0,decoder_3,300,0.8001918792724609,82,50,0.7332597374916077,0.04672019183635712,0.765383780002594,0.8001918792724609,38,0.8001918792724609,38,0.7332597374916077,10,0.08782848715782166,0.0868484154343605,0.9714043140411377
95,19,13.999999999999998,final_nms07,171,0.8242777585983276,1,1,0.8242777585983276,0.777971625328064,0.777971625328064,0.8242777585983276,7,0.8242777585983276,7,0.8242777585983276,1,-0.07402663677930832,-0.07359565049409866,0.8856624960899353
95,20,11.0,final_nms07,171,0.5638482570648193,0,0,0.5638482570648193,0.7796462178230286,0.7796462178230286,0.5638482570648193,1,0.5638482570648193,1,0.5638482570648193,1,0.24305307865142822,0.28913041949272156,2.520958662033081
95,21,10.0,final_nms07,171,0.7332597374916077,2,2,0.7332597374916077,0.765383780002594,0.765383780002594,0.7332597374916077,4,0.7332597374916077,4,0.7332597374916077,2,0.1717262715101242,0.16389840841293335,0.853973388671875
96,22,11.0,encoder_all_counterfactual,8400,0.47331109642982483,1882,2125,0.46461284160614014,0.0812852531671524,0.1382019817829132,0.47331109642982483,0,0.47331109642982483,0,0.47331109642982483,0,0.2909446656703949,0.17616842687129974,3.8648288249969482
96,23,11.0,encoder_all_counterfactual,8400,0.5681421756744385,2364,2362,0.4052145183086395,0.13586999475955963,0.16681551933288574,0.5681421756744385,2,0.5681421756744385,2,0.5681421756744385,2,0.3251117467880249,0.3282845914363861,1.7683017253875732
96,24,8.0,encoder_all_counterfactual,8400,0.5011569857597351,2763,2682,0.15083427727222443,0.13968832790851593,0.17261463403701782,0.5011569857597351,1,0.5011569857597351,1,0.5011569857597351,1,0.6830315589904785,0.18559220433235168,2.2969322204589844
96,22,11.0,topk,300,0.47331109642982483,158,45,0.46461284160614014,0.0812852531671524,0.1382019817829132,0.47331109642982483,0,0.47331109642982483,0,0.47331109642982483,0,0.2909446656703949,0.17616842687129974,3.8648288249969482
96,23,11.0,topk,300,0.5681421756744385,51,6,0.4052145183086395,0.13586999475955963,0.16681551933288574,0.5681421756744385,2,0.5681421756744385,2,0.5681421756744385,2,0.3251117467880249,0.3282845914363861,1.7683017253875732
96,24,8.0,topk,300,0.5011569857597351,43,1,0.15083427727222443,0.13968832790851593,0.17261463403701782,0.5011569857597351,1,0.5011569857597351,1,0.5011569857597351,1,0.6830315589904785,0.18559220433235168,2.2969322204589844
96,22,11.0,pre_bbox,300,0.8527815341949463,100,170,0.6733090877532959,0.10117123275995255,0.6819515228271484,0.8527815341949463,31,0.8527815341949463,31,0.8527815341949463,31,-0.12146813422441483,0.034371089190244675,0.2693796455860138
96,23,11.0,pre_bbox,300,0.7147024869918823,42,17,0.6505987048149109,0.10280153900384903,0.6616437435150146,0.7147024869918823,21,0.7147024869918823,21,0.7147024869918823,21,0.06587278842926025,0.25254735350608826,1.074747085571289
96,24,8.0,pre_bbox,300,0.610800564289093,77,12,0.5315201878547668,0.10185182839632034,0.5719528198242188,0.610800564289093,8,0.610800564289093,8,0.610800564289093,8,0.49733689427375793,0.02787611447274685,1.9357863664627075
96,22,11.0,decoder_1,300,0.8747323155403137,100,170,0.6727478504180908,0.10040449351072311,0.6904248595237732,0.8747323155403137,30,0.8747323155403137,30,0.8747323155403137,30,-0.07605917751789093,-0.0044781663455069065,0.39552071690559387
96,23,11.0,decoder_1,300,0.7813130617141724,42,17,0.6520042419433594,0.10463415086269379,0.6705860495567322,0.7813130617141724,21,0.7813130617141724,21,0.7813130617141724,21,0.0625402182340622,0.19413124024868011,0.9296894669532776
96,24,8.0,decoder_1,300,0.592003345489502,77,12,0.5304784774780273,0.10343346744775772,0.5827875733375549,0.592003345489502,8,0.592003345489502,8,0.592003345489502,8,0.561212956905365,-0.0005931331543251872,2.296409845352173
96,22,11.0,decoder_2,300,0.8019852042198181,173,170,0.5957298278808594,0.0215818639844656,0.8159721493721008,0.8019852042198181,35,0.8019852042198181,35,0.6233748197555542,3,0.10545556247234344,0.04466306418180466,0.8652402758598328
96,23,11.0,decoder_2,300,0.6467528343200684,42,17,0.5986261963844299,0.0232698917388916,0.7548224925994873,0.6467528343200684,22,0.6467528343200684,22,0.6020501852035522,2,0.2229999154806137,0.23846544325351715,1.5835775136947632
96,24,8.0,decoder_2,300,0.6280059814453125,36,28,0.5229889154434204,0.04610395431518555,0.7425677180290222,0.6280059814453125,24,0.6280059814453125,24,0.5229889154434204,1,0.35469573736190796,0.010792847722768784,1.436049222946167
96,22,11.0,decoder_3,300,0.8132126331329346,173,170,0.5967167019844055,0.01751464419066906,0.7669484615325928,0.8132126331329346,38,0.8132126331329346,38,0.5997726321220398,2,0.08958156406879425,0.05350816994905472,0.8662766814231873
96,23,11.0,decoder_3,300,0.8075646758079529,52,17,0.6049274206161499,0.04739021137356758,0.7601221799850464,0.8075646758079529,23,0.8075646758079529,23,0.6060091853141785,2,0.17145468294620514,0.05705595761537552,0.4519432783126831
96,24,8.0,decoder_3,300,0.5931202173233032,77,28,0.5219978094100952,0.018678152933716774,0.7677440643310547,0.5931202173233032,25,0.5931202173233032,25,0.5219978094100952,1,0.4426421523094177,0.061575986444950104,1.7902042865753174
96,22,11.0,final_nms07,184,0.8132126331329346,46,1,0.5967167019844055,0.01751464419066906,0.7669484615325928,0.8132126331329346,3,0.8132126331329346,3,0.5967167019844055,1,0.08958156406879425,0.05350816994905472,0.8662766814231873
96,23,11.0,final_nms07,184,0.6049274206161499,2,2,0.6049274206161499,0.7601221799850464,0.7601221799850464,0.6049274206161499,1,0.6049274206161499,1,0.6049274206161499,1,0.27190154790878296,0.2996978461742401,1.204912543296814
96,24,8.0,final_nms07,184,0.5219978094100952,0,0,0.5219978094100952,0.7677440643310547,0.7677440643310547,0.5219978094100952,2,0.5219978094100952,2,0.5219978094100952,1,0.6119217276573181,0.12550868093967438,2.0146517753601074
97,25,10.0,encoder_all_counterfactual,8400,0.2781403958797455,2287,1964,0.12628045678138733,0.044110946357250214,0.11934306472539902,0.2781403958797455,0,0.2781403958797455,0,0.22086957097053528,0,0.2202823907136917,0.2936497628688812,6.632636070251465
97,26,9.0,encoder_all_counterfactual,8400,0.6081236600875854,2444,2364,0.2151387482881546,0.1254229098558426,0.14919385313987732,0.6081236600875854,1,0.6081236600875854,1,0.6081236600875854,1,0.10524418205022812,0.48782217502593994,0.8246750235557556
97,27,11.0,encoder_all_counterfactual,8400,0.3852410912513733,3250,2683,0.18176493048667908,0.051041457802057266,0.15895424783229828,0.3852410912513733,0,0.3852410912513733,0,0.3852410912513733,0,0.33115407824516296,0.9500160217285156,0.2573481500148773
97,25,10.0,topk,300,0.22086957097053528,284,62,0.12628045678138733,0.06743931025266647,0.11934306472539902,0.22086957097053528,0,0.22086957097053528,0,0.22086957097053528,0,0.42180097103118896,0.3701004385948181,9.042372703552246
97,26,9.0,topk,300,0.6081236600875854,55,17,0.2151387482881546,0.1254229098558426,0.14919385313987732,0.6081236600875854,1,0.6081236600875854,1,0.6081236600875854,1,0.10524418205022812,0.48782217502593994,0.8246750235557556
97,27,11.0,topk,300,0.34642207622528076,102,6,0.18176493048667908,0.10468078404664993,0.15895424783229828,0.34642207622528076,0,0.34642207622528076,0,0.34642207622528076,0,0.3474982678890228,0.45197370648384094,5.708644390106201
97,25,10.0,pre_bbox,300,0.8174601197242737,37,284,0.7308546900749207,0.15975439548492432,0.3527495861053467,0.8174601197242737,29,0.8174601197242737,29,0.8174601197242737,29,-0.044663287699222565,0.17654761672019958,0.8114900588989258
97,26,9.0,pre_bbox,300,0.6634032130241394,223,223,0.6634032130241394,0.7450143694877625,0.7450143694877625,0.6634032130241394,19,0.6634032130241394,19,0.6634032130241394,19,0.05288887023925781,0.40479230880737305,0.6261264681816101
97,27,11.0,pre_bbox,300,0.9108144640922546,211,6,0.8456802368164062,0.26241233944892883,0.35015106201171875,0.9108144640922546,24,0.9108144640922546,24,0.9108144640922546,24,0.03802002966403961,-0.0020363435614854097,0.4132768511772156
97,25,10.0,decoder_1,300,0.8231180310249329,47,284,0.7263764142990112,0.11148630827665329,0.35677099227905273,0.8231180310249329,28,0.8231180310249329,28,0.8231180310249329,28,-0.05146215111017227,0.16064009070396423,0.725024938583374
97,26,9.0,decoder_1,300,0.6717106699943542,3,223,0.6567084789276123,0.0797334685921669,0.751428484916687,0.6717106699943542,19,0.6717106699943542,19,0.6717106699943542,19,0.11286196857690811,0.3377531170845032,1.1300162076950073
97,27,11.0,decoder_1,300,0.9070563912391663,211,6,0.8321300745010376,0.27007341384887695,0.359209805727005,0.9070563912391663,21,0.9070563912391663,21,0.9070563912391663,21,0.03690025210380554,-0.007526116445660591,0.3963259160518646
97,25,10.0,decoder_2,300,0.8336960077285767,227,284,0.7693142294883728,0.048314567655324936,0.6913884282112122,0.8336960077285767,32,0.8336960077285767,32,0.8243533372879028,7,0.021416688337922096,0.17432215809822083,0.5753474831581116
97,26,9.0,decoder_2,300,0.6552058458328247,23,55,0.6284452080726624,0.03617547079920769,0.7630990147590637,0.6552058458328247,28,0.6552058458328247,28,0.6284452080726624,5,0.07928812503814697,0.4141158163547516,1.5244327783584595
97,27,11.0,decoder_2,300,0.904056966304779,211,102,0.8488738536834717,0.026442838832736015,0.5841185450553894,0.904056966304779,28,0.904056966304779,28,0.8530706763267517,4,0.056703731417655945,0.027275994420051575,0.2967642545700073
97,25,10.0,decoder_3,300,0.849676787853241,227,284,0.7726707458496094,0.025954363867640495,0.7746810913085938,0.849676787853241,33,0.849676787853241,33,0.8127257823944092,6,-0.003153777215629816,0.16953986883163452,0.5986267328262329
97,26,9.0,decoder_3,300,0.6792725920677185,23,55,0.6312491297721863,0.030391061678528786,0.7718572616577148,0.6792725920677185,30,0.6792725920677185,30,0.6355783939361572,4,0.06443473696708679,0.38304316997528076,1.4689476490020752
97,27,11.0,decoder_3,300,0.9234938025474548,211,102,0.8500791192054749,0.013560988940298557,0.7266157865524292,0.9234938025474548,33,0.9234938025474548,33,0.8500791192054749,1,0.045879703015089035,0.02361869625747204,0.2849375009536743
97,25,10.0,final_nms07,180,0.7726707458496094,0,0,0.7726707458496094,0.7746810913085938,0.7746810913085938,0.7726707458496094,2,0.7726707458496094,2,0.7726707458496094,1,0.02884676493704319,0.25792279839515686,0.11309099197387695
97,26,9.0,final_nms07,180,0.6312491297721863,1,1,0.6312491297721863,0.7718572616577148,0.7718572616577148,0.6312491297721863,1,0.6312491297721863,1,0.6312491297721863,1,0.09748423099517822,0.4434477686882019,0.30460429191589355
97,27,11.0,final_nms07,180,0.8500791192054749,2,2,0.8500791192054749,0.7266157865524292,0.7266157865524292,0.8500791192054749,8,0.8500791192054749,8,0.8500791192054749,1,0.06689729541540146,0.06275896728038788,0.7310420274734497
98,28,15.0,encoder_all_counterfactual,8400,0.8086298108100891,1964,1964,0.8086298108100891,0.14827340841293335,0.14827340841293335,0.8086298108100891,4,0.8086298108100891,4,0.8086298108100891,4,-0.04404899850487709,-0.039375629276037216,1.423431396484375
98,29,11.0,encoder_all_counterfactual,8400,0.6331456303596497,2205,2122,0.4738553762435913,0.04347027465701103,0.15976810455322266,0.6331456303596497,4,0.6331456303596497,4,0.5010327696800232,1,0.08558333665132523,0.21130764484405518,2.7440357208251953
98,30,11.0,encoder_all_counterfactual,8400,0.4453296661376953,3005,2521,0.4336130619049072,0.057188618928194046,0.1506301611661911,0.4453296661376953,0,0.4453296661376953,0,0.4453296661376953,0,0.0527811124920845,-0.13365420699119568,4.749166965484619
98,28,15.0,topk,300,0.8086298108100891,18,18,0.8086298108100891,0.14827340841293335,0.14827340841293335,0.8086298108100891,3,0.8086298108100891,3,0.8086298108100891,3,-0.04404899850487709,-0.039375629276037216,1.423431396484375
98,29,11.0,topk,300,0.5010327696800232,37,2,0.4738553762435913,0.1394026130437851,0.15976810455322266,0.5010327696800232,1,0.5010327696800232,1,0.5010327696800232,1,0.3720768988132477,0.4546451270580292,2.6065754890441895
98,30,11.0,topk,300,0.4336130619049072,16,16,0.4336130619049072,0.1506301611661911,0.1506301611661911,0.4336130619049072,0,0.4336130619049072,0,0.4336130619049072,0,0.26827022433280945,0.16053466498851776,5.035523414611816
98,28,15.0,pre_bbox,300,0.8294684290885925,180,238,0.750730037689209,0.36883509159088135,0.664315938949585,0.8294684290885925,37,0.8294684290885925,37,0.8294684290885925,37,-0.11718498915433884,-0.05785573273897171,1.0503203868865967
98,29,11.0,pre_bbox,300,0.7839943766593933,33,2,0.7402912974357605,0.060960885137319565,0.6316995024681091,0.7839943766593933,19,0.7839943766593933,19,0.7839943766593933,19,0.1173926591873169,0.06903427839279175,1.1593873500823975
98,30,11.0,pre_bbox,300,0.7957483530044556,76,16,0.6707265377044678,0.20313714444637299,0.5353487133979797,0.7957483530044556,22,0.7957483530044556,22,0.7957483530044556,22,0.09366406500339508,-0.07834438234567642,1.1114566326141357
98,28,15.0,decoder_1,300,0.837019145488739,180,238,0.7463523745536804,0.37422463297843933,0.671427309513092,0.837019145488739,34,0.837019145488739,34,0.837019145488739,34,-0.11623455584049225,-0.049374449998140335,1.0772820711135864
98,29,11.0,decoder_1,300,0.7762480974197388,117,2,0.7379352450370789,0.2055899202823639,0.6416295170783997,0.7762480974197388,18,0.7762480974197388,18,0.7762480974197388,18,0.1908586621284485,0.08178560435771942,0.9513587951660156
98,30,11.0,decoder_1,300,0.7960580587387085,76,16,0.6748330593109131,0.20733745396137238,0.5441489815711975,0.7960580587387085,23,0.7960580587387085,23,0.7960580587387085,23,0.09488122165203094,-0.07881400734186172,1.103548288345337
98,28,15.0,decoder_2,300,0.8665018081665039,61,18,0.7495917081832886,0.021550852805376053,0.841759204864502,0.8665018081665039,42,0.8665018081665039,42,0.7958058714866638,6,-0.09694897383451462,-0.015432370826601982,0.4842362403869629
98,29,11.0,decoder_2,300,0.7707034945487976,33,2,0.6917620897293091,0.02344973012804985,0.7594561576843262,0.7707034945487976,25,0.7707034945487976,25,0.7091902494430542,4,0.18208520114421844,0.09765210747718811,0.6541666984558105
98,30,11.0,decoder_2,300,0.85235595703125,76,16,0.7201818823814392,0.03222532942891121,0.6987444162368774,0.85235595703125,29,0.85235595703125,29,0.7201818823814392,2,0.0732799768447876,-0.07646065950393677,0.8364507555961609
98,28,15.0,decoder_3,300,0.851613461971283,190,18,0.7485861778259277,0.01914280280470848,0.7814852595329285,0.851613461971283,43,0.851613461971283,43,0.7592536807060242,3,-0.02927776426076889,-0.09316739439964294,0.9696921706199646
98,29,11.0,decoder_3,300,0.8219565749168396,33,2,0.7177602648735046,0.014252138324081898,0.765064537525177,0.8219565749168396,24,0.8219565749168396,24,0.7202252149581909,3,0.1548004001379013,0.053525347262620926,0.4367982745170593
98,30,11.0,decoder_3,300,0.8482570648193359,76,16,0.7159577012062073,0.024229617789387703,0.7587156891822815,0.8482570648193359,33,0.8482570648193359,33,0.7159577012062073,2,0.07217197865247726,-0.07326068729162216,0.8395866751670837
98,28,15.0,final_nms07,178,0.7485861778259277,0,0,0.7485861778259277,0.7814852595329285,0.7814852595329285,0.7485861778259277,3,0.7485861778259277,3,0.7485861778259277,1,-0.11841809004545212,-0.10986416041851044,1.324663519859314
98,29,11.0,final_nms07,178,0.7177602648735046,1,1,0.7177602648735046,0.765064537525177,0.765064537525177,0.7177602648735046,2,0.7177602648735046,2,0.7177602648735046,1,0.20068080723285675,0.046820301562547684,1.0953484773635864
98,30,11.0,final_nms07,178,0.7159577012062073,2,2,0.7159577012062073,0.7587156891822815,0.7587156891822815,0.7159577012062073,3,0.7159577012062073,3,0.7159577012062073,1,0.16803081333637238,-0.07094169408082962,1.803930401802063
99,31,13.0,encoder_all_counterfactual,8400,0.6969378590583801,1722,1802,0.211969792842865,0.11089785397052765,0.14076364040374756,0.6969378590583801,2,0.6969378590583801,2,0.6969378590583801,2,0.16213086247444153,0.23466846346855164,1.239262342453003
99,32,15.0,encoder_all_counterfactual,8400,0.4435824751853943,2206,2203,0.16813653707504272,0.03186803311109543,0.13795515894889832,0.4435824751853943,0,0.4435824751853943,0,0.33605170249938965,0,-0.08134609460830688,0.18601126968860626,5.211010456085205
99,33,9.0,encoder_all_counterfactual,8400,0.40600553154945374,2521,2442,0.12590986490249634,0.14798128604888916,0.14983996748924255,0.40600553154945374,0,0.40600553154945374,0,0.40600553154945374,0,0.3100261390209198,0.8801355957984924,3.232422113418579
99,31,13.0,topk,300,0.6969378590583801,87,24,0.211969792842865,0.11089785397052765,0.14076364040374756,0.6969378590583801,1,0.6969378590583801,1,0.6969378590583801,1,0.16213086247444153,0.23466846346855164,1.239262342453003
99,32,15.0,topk,300,0.19105489552021027,38,32,0.16813653707504272,0.13557979464530945,0.13795515894889832,0.19105489552021027,0,0.19105489552021027,0,0.19105489552021027,0,-0.07058212906122208,0.04402919486165047,10.611824989318848
99,33,9.0,topk,300,0.40600553154945374,11,7,0.12590986490249634,0.14798128604888916,0.14983996748924255,0.40600553154945374,0,0.40600553154945374,0,0.40600553154945374,0,0.3100261390209198,0.8801355957984924,3.232422113418579
99,31,13.0,pre_bbox,300,0.8841078281402588,119,87,0.7173962593078613,0.1460108608007431,0.5557697415351868,0.8841078281402588,30,0.8841078281402588,30,0.8841078281402588,30,-0.026741286739706993,0.10067711025476456,0.25390222668647766
99,32,15.0,pre_bbox,300,0.805581271648407,121,38,0.7619878053665161,0.17553815245628357,0.39337489008903503,0.805581271648407,22,0.805581271648407,22,0.805581271648407,22,-0.06587477028369904,-0.0816519483923912,1.213865041732788
99,33,9.0,pre_bbox,300,0.6722589731216431,47,11,0.5657823085784912,0.0593101941049099,0.6043686866760254,0.6722589731216431,17,0.6722589731216431,17,0.6722589731216431,16,0.05722292885184288,0.3682388365268707,1.4271684885025024
99,31,13.0,decoder_1,300,0.8842810988426208,119,87,0.7158986330032349,0.1508556604385376,0.5629856586456299,0.8842810988426208,30,0.8842810988426208,30,0.8842810988426208,30,-0.04809105768799782,0.014135697856545448,0.5939974188804626
99,32,15.0,decoder_1,300,0.8250507712364197,121,38,0.7788432836532593,0.1795807182788849,0.40148621797561646,0.8250507712364197,19,0.8250507712364197,19,0.8250507712364197,19,-0.06805721670389175,-0.10078515112400055,0.9848198890686035
99,33,9.0,decoder_1,300,0.7414971590042114,47,11,0.5649374723434448,0.061229970306158066,0.6122451424598694,0.7414971590042114,12,0.7414971590042114,12,0.7414971590042114,12,-0.03368690609931946,0.2779497504234314,1.4966459274291992
99,31,13.0,decoder_2,300,0.9250167012214661,119,87,0.7237605452537537,0.017328189685940742,0.7418899536132812,0.9250167012214661,34,0.9250167012214661,34,0.7884588837623596,3,-0.049525655806064606,0.023522675037384033,0.4367980360984802
99,32,15.0,decoder_2,300,0.8872709274291992,21,38,0.822365403175354,0.11389800161123276,0.6712304949760437,0.8872709274291992,28,0.8872709274291992,28,0.8872709274291992,14,-0.0410010926425457,0.016360199078917503,0.822199285030365
99,33,9.0,decoder_2,300,0.6236522793769836,181,11,0.5667666792869568,0.04658519849181175,0.7739804983139038,0.6236522793769836,16,0.6236522793769836,16,0.5667666792869568,1,0.14988777041435242,0.39444729685783386,2.0265018939971924
99,31,13.0,decoder_3,300,0.8859499096870422,119,87,0.7254133224487305,0.017187442630529404,0.7518054246902466,0.8859499096870422,36,0.8859499096870422,36,0.7254133224487305,1,-0.07421056181192398,0.0022632337640970945,0.6738515496253967
99,32,15.0,decoder_3,300,0.8859986662864685,21,38,0.8300676941871643,0.10665062814950943,0.7911199331283569,0.8859986662864685,33,0.8859986662864685,33,0.8859986662864685,9,-0.042742881923913956,-0.03630562126636505,0.7090085744857788
99,33,9.0,decoder_3,300,0.6624647974967957,82,11,0.5695419311523438,0.023287786170840263,0.7918323874473572,0.6624647974967957,22,0.6624647974967957,22,0.5695419311523438,1,-0.17664025723934174,0.2949824333190918,0.934539794921875
99,31,13.0,final_nms07,190,0.7254133224487305,2,2,0.7254133224487305,0.7518054246902466,0.7518054246902466,0.7254133224487305,5,0.7254133224487305,5,0.7254133224487305,1,-0.1686488389968872,-0.12742741405963898,1.4145957231521606
99,32,15.0,final_nms07,190,0.8300676941871643,1,1,0.8300676941871643,0.7911199331283569,0.7911199331283569,0.8300676941871643,7,0.8300676941871643,7,0.8300676941871643,2,-0.07440181821584702,-0.09631664305925369,0.6842864155769348
99,33,9.0,final_nms07,190,0.6624647974967957,22,0,0.5695419311523438,0.023287786170840263,0.7918323874473572,0.6624647974967957,4,0.6624647974967957,4,0.5695419311523438,1,-0.17664025723934174,0.2949824333190918,0.934539794921875
100,34,11.0,encoder_all_counterfactual,8400,0.6559219360351562,1881,1965,0.11378665268421173,0.07708504050970078,0.14760059118270874,0.6559219360351562,1,0.6559219360351562,1,0.6559219360351562,1,0.07115302979946136,0.36349475383758545,0.959265410900116
100,35,12.0,encoder_all_counterfactual,8400,0.7773162722587585,2286,2203,0.27065756916999817,0.03073137067258358,0.1673886626958847,0.7773162722587585,3,0.7773162722587585,3,0.6583464741706848,1,-0.11275213211774826,-0.11271858215332031,1.1372900009155273
100,36,11.0,encoder_all_counterfactual,8400,0.5446011424064636,2522,2442,0.15114256739616394,0.13886083662509918,0.14396896958351135,0.5446011424064636,1,0.5446011424064636,1,0.5446011424064636,1,0.3358900547027588,0.22392962872982025,3.2967333793640137
100,34,11.0,topk,300,0.6559219360351562,183,22,0.11378665268421173,0.07708504050970078,0.14760059118270874,0.6559219360351562,1,0.6559219360351562,1,0.6559219360351562,1,0.07115302979946136,0.36349475383758545,0.959265410900116
100,35,12.0,topk,300,0.6583464741706848,15,1,0.27065756916999817,0.1496564894914627,0.1673886626958847,0.6583464741706848,1,0.6583464741706848,1,0.6583464741706848,1,0.08096630871295929,-0.044669006019830704,2.9700539112091064
100,36,11.0,topk,300,0.5446011424064636,39,33,0.15114256739616394,0.13886083662509918,0.14396896958351135,0.5446011424064636,1,0.5446011424064636,1,0.5446011424064636,1,0.3358900547027588,0.22392962872982025,3.2967333793640137
100,34,11.0,pre_bbox,300,0.8604583144187927,246,183,0.7803745865821838,0.26318272948265076,0.6773390769958496,0.8604583144187927,35,0.8604583144187927,35,0.8604583144187927,35,-0.07058452069759369,0.07459381222724915,0.6587148904800415
100,35,12.0,pre_bbox,300,0.7240912914276123,5,15,0.6376877427101135,0.0819132924079895,0.677598774433136,0.7240912914276123,23,0.7240912914276123,23,0.7240912914276123,23,0.04086950048804283,-0.2538274824619293,1.5060375928878784
100,36,11.0,pre_bbox,300,0.8935425877571106,256,39,0.8513341546058655,0.37803149223327637,0.5511913299560547,0.8935425877571106,19,0.8935425877571106,19,0.8935425877571106,19,0.10879765450954437,0.00933113507926464,0.6122720837593079
100,34,11.0,decoder_1,300,0.8635860085487366,246,183,0.7819599509239197,0.27021124958992004,0.6866850852966309,0.8635860085487366,38,0.8635860085487366,38,0.8635860085487366,38,-0.06864383071660995,0.07672135531902313,0.6266383528709412
100,35,12.0,decoder_1,300,0.7105719447135925,24,15,0.63814777135849,0.1985011249780655,0.6879505515098572,0.7105719447135925,20,0.7105719447135925,20,0.7105719447135925,20,0.05679609999060631,-0.24098850786685944,2.3291239738464355
100,36,11.0,decoder_1,300,0.8873258829116821,256,39,0.8462780714035034,0.38631460070610046,0.5619214773178101,0.8873258829116821,20,0.8873258829116821,20,0.8873258829116821,20,0.11017780750989914,0.012488158419728279,0.6233146786689758
100,34,11.0,decoder_2,300,0.8395978808403015,97,183,0.8168063163757324,0.02536817081272602,0.8244314193725586,0.8395978808403015,39,0.8395978808403015,39,0.8168063163757324,2,-0.025267452001571655,0.07608108967542648,0.8645676970481873
100,35,12.0,decoder_2,300,0.6600678563117981,24,15,0.5766377449035645,0.02456080913543701,0.7977782487869263,0.6600678563117981,26,0.6600678563117981,26,0.5878815650939941,4,0.06113341078162193,-0.1889345645904541,2.5786867141723633
100,36,11.0,decoder_2,300,0.8879228830337524,122,39,0.7944406270980835,0.04658184573054314,0.7883245944976807,0.8879228830337524,27,0.8879228830337524,27,0.8080315589904785,3,-0.029888508841395378,-0.049562763422727585,0.6172040700912476
100,34,11.0,decoder_3,300,0.8303263187408447,87,183,0.8173333406448364,0.017105652019381523,0.7954436540603638,0.8303263187408447,40,0.8303263187408447,40,0.8173333406448364,2,-0.051752351224422455,0.11509019136428833,0.7375742793083191
100,35,12.0,decoder_3,300,0.6581563353538513,24,15,0.5789725184440613,0.021578093990683556,0.7776970863342285,0.6581563353538513,26,0.6581563353538513,26,0.6554287672042847,2,0.04955771192908287,-0.1825551837682724,2.5756025314331055
100,36,11.0,decoder_3,300,0.8748414516448975,31,39,0.7960288524627686,0.021465042605996132,0.7956060767173767,0.8748414516448975,30,0.8748414516448975,30,0.7960288524627686,1,0.11833953112363815,-0.024127431213855743,0.2785637378692627
100,34,11.0,final_nms07,178,0.8173333406448364,1,1,0.8173333406448364,0.7954436540603638,0.7954436540603638,0.8173333406448364,3,0.8173333406448364,3,0.8173333406448364,1,-0.062032412737607956,0.1480730175971985,0.5624793767929077
100,35,12.0,final_nms07,178,0.5945914387702942,25,2,0.5789725184440613,0.021749276667833328,0.7776970863342285,0.5945914387702942,2,0.5945914387702942,2,0.5789725184440613,1,-0.12104222923517227,-0.2988721430301666,2.9295144081115723
100,36,11.0,final_nms07,178,0.7960288524627686,0,0,0.7960288524627686,0.7956060767173767,0.7956060767173767,0.7960288524627686,4,0.7960288524627686,4,0.7960288524627686,1,0.1971258521080017,-0.05581546202301979,0.14375758171081543
120,37,12.0,encoder_all_counterfactual,8400,0.2024170309305191,2359,2437,0.15171881020069122,0.09615430235862732,0.09970315545797348,0.2024170309305191,0,0.2024170309305191,0,0.2024170309305191,0,0.04189402982592583,0.2641773223876953,8.718564987182617
120,37,12.0,topk,300,0.2024170309305191,140,122,0.15171881020069122,0.09615430235862732,0.09970315545797348,0.2024170309305191,0,0.2024170309305191,0,0.2024170309305191,0,0.04189402982592583,0.2641773223876953,8.718564987182617
120,37,12.0,pre_bbox,300,0.7308856248855591,40,122,0.5663524866104126,0.09870130568742752,0.33288314938545227,0.7308856248855591,16,0.7308856248855591,16,0.7308856248855591,15,-0.07066255062818527,0.08471927046775818,1.5615737438201904
120,37,12.0,decoder_1,300,0.7615304589271545,11,122,0.5521107316017151,0.07977933436632156,0.3419225811958313,0.7615304589271545,8,0.7615304589271545,8,0.7615304589271545,7,-0.12221238762140274,-0.05407174304127693,1.200260877609253
120,37,12.0,decoder_2,300,0.7548513412475586,163,122,0.6335066556930542,0.1252187341451645,0.7451353669166565,0.7548513412475586,28,0.7548513412475586,28,0.7548513412475586,21,-0.1421966403722763,-0.05124743655323982,0.979316234588623
120,37,12.0,decoder_3,300,0.6770780086517334,276,122,0.643998384475708,0.021240485832095146,0.7254059314727783,0.6770780086517334,27,0.6770780086517334,27,0.6652723550796509,9,-0.11194703727960587,-0.028635799884796143,1.8361831903457642
120,37,12.0,final_nms07,209,0.643998384475708,0,0,0.643998384475708,0.7254059314727783,0.7254059314727783,0.643998384475708,4,0.643998384475708,4,0.643998384475708,1,-0.009536719880998135,0.008093079552054405,2.176771879196167
121,38,9.0,encoder_all_counterfactual,8400,0.10376408696174622,2765,2765,0.10376408696174622,0.052754297852516174,0.052754297852516174,0.10376408696174622,0,0.10376408696174622,0,0.10376408696174622,0,0.0617070198059082,-0.12328319251537323,8.860278129577637
121,38,9.0,topk,300,0.0,0,-1,0,0.17449887096881866,,0.0,0,0.0,0,0.0,0,0.4767610430717468,0.5089215636253357,44.75364685058594
121,38,9.0,pre_bbox,300,0.8128450512886047,91,139,0.7072977423667908,0.1253051608800888,0.2433525025844574,0.8128450512886047,17,0.8128450512886047,17,0.8128450512886047,16,0.1551857888698578,0.06497341394424438,0.4037906527519226
121,38,9.0,decoder_1,300,0.9084477424621582,91,139,0.7324036955833435,0.1286306083202362,0.25027337670326233,0.9084477424621582,17,0.9084477424621582,17,0.9084477424621582,17,0.09183883666992188,0.008185273967683315,0.1514320820569992
121,38,9.0,decoder_2,300,0.8007193207740784,31,8,0.692569375038147,0.12354296445846558,0.6360441446304321,0.8007193207740784,28,0.8007193207740784,28,0.8007193207740784,27,0.13649368286132812,0.053190965205430984,0.6554447412490845
121,38,9.0,decoder_3,300,0.8169436454772949,26,8,0.7009338736534119,0.0627879872918129,0.6987609267234802,0.8169436454772949,37,0.8169436454772949,37,0.8169436454772949,27,0.07579421997070312,-0.001221884274855256,0.8462273478507996
121,38,9.0,final_nms07,215,0.8169436454772949,5,0,0.7009338736534119,0.0627879872918129,0.6987609267234802,0.8169436454772949,6,0.8169436454772949,6,0.8169436454772949,6,0.07579421997070312,-0.001221884274855256,0.8462273478507996
122,39,10.0,encoder_all_counterfactual,8400,0.39250925183296204,2677,2764,0.10839680582284927,0.03710953891277313,0.06943728029727936,0.39250925183296204,0,0.39250925183296204,0,0.38678523898124695,0,0.5964429974555969,0.40914788842201233,4.071873664855957
122,39,10.0,topk,300,0.10839680582284927,256,256,0.10839680582284927,0.06943728029727936,0.06943728029727936,0.10839680582284927,0,0.10839680582284927,0,0.10839680582284927,0,0.12053848057985306,0.17426587641239166,9.915276527404785
122,39,10.0,pre_bbox,300,0.7487497925758362,62,256,0.6873353123664856,0.047496166080236435,0.2543204128742218,0.7487497925758362,21,0.7487497925758362,21,0.6873399615287781,19,0.2237563282251358,0.09136834740638733,0.1526995450258255
122,39,10.0,decoder_1,300,0.8315699696540833,3,256,0.6806841492652893,0.08587663620710373,0.2591893970966339,0.8315699696540833,16,0.8315699696540833,16,0.8315699696540833,15,0.04518436640501022,0.009835898876190186,0.8768437504768372
122,39,10.0,decoder_2,300,0.7695821523666382,8,256,0.7309401631355286,0.20514799654483795,0.704448938369751,0.7695821523666382,27,0.7695821523666382,27,0.7695821523666382,26,0.08046421408653259,0.20264047384262085,1.0251638889312744
122,39,10.0,decoder_3,300,0.8015134334564209,24,256,0.7385583519935608,0.09553263336420059,0.7173333168029785,0.8015134334564209,34,0.8015134334564209,34,0.8015134334564209,24,0.06487049162387848,-0.0834173932671547,0.9267517924308777
122,39,10.0,final_nms07,227,0.7503873109817505,1,0,0.7385583519935608,0.09602385759353638,0.7173333168029785,0.7503873109817505,6,0.7503873109817505,6,0.7503873109817505,4,-0.0351291298866272,-0.08102188259363174,1.2261803150177002
123,40,11.0,encoder_all_counterfactual,8400,0.4997880458831787,2754,2836,0.4726272523403168,0.07253210991621017,0.1438053399324417,0.4997880458831787,0,0.4997880458831787,0,0.4997880458831787,0,0.05324803292751312,0.0647328719496727,4.08912467956543
123,40,11.0,topk,300,0.4726272523403168,4,4,0.4726272523403168,0.1438053399324417,0.1438053399324417,0.4726272523403168,0,0.4726272523403168,0,0.4726272523403168,0,0.22661587595939636,0.27361318469047546,4.549489498138428
123,40,11.0,pre_bbox,300,0.7928116321563721,38,4,0.5782355070114136,0.1492963582277298,0.5112251043319702,0.7928116321563721,12,0.7928116321563721,12,0.7928116321563721,12,0.06883980333805084,-0.011525076813995838,1.225706934928894
123,40,11.0,decoder_1,300,0.7930776476860046,101,4,0.5786561369895935,0.09327741712331772,0.516206681728363,0.7930776476860046,12,0.7930776476860046,12,0.7930776476860046,10,0.03450635448098183,0.01734529249370098,1.4625829458236694
123,40,11.0,decoder_2,300,0.8540345430374146,101,4,0.7009813189506531,0.05611037090420723,0.7736191749572754,0.8540345430374146,40,0.8540345430374146,40,0.8540345430374146,12,0.02050814963877201,0.01597636006772518,0.8849882483482361
123,40,11.0,decoder_3,300,0.8580982685089111,101,4,0.7159073948860168,0.054436687380075455,0.7419160604476929,0.8580982685089111,47,0.8580982685089111,47,0.8580982685089111,19,0.014471911825239658,-0.004219382535666227,0.8612222671508789
123,40,11.0,final_nms07,187,0.7717316746711731,3,0,0.7159073948860168,0.10109960287809372,0.7419160604476929,0.7717316746711731,5,0.7717316746711731,5,0.7717316746711731,3,-0.008580650202929974,-0.057317111641168594,1.3091832399368286
137,41,11.0,encoder_all_counterfactual,8400,0.34891679883003235,1963,1963,0.34891679883003235,0.09956731647253036,0.09956731647253036,0.34891679883003235,0,0.34891679883003235,0,0.34891679883003235,0,0.009914896450936794,0.3045251965522766,5.945455551147461
137,41,11.0,topk,300,0.34891679883003235,128,128,0.34891679883003235,0.09956731647253036,0.09956731647253036,0.34891679883003235,0,0.34891679883003235,0,0.34891679883003235,0,0.009914896450936794,0.3045251965522766,5.945455551147461
137,41,11.0,pre_bbox,300,0.8396328091621399,128,128,0.8396328091621399,0.509242057800293,0.509242057800293,0.8396328091621399,20,0.8396328091621399,20,0.8396328091621399,18,-0.011525939218699932,0.11923307180404663,0.6141234040260315
137,41,11.0,decoder_1,300,0.8356230854988098,16,128,0.8350018262863159,0.15285778045654297,0.5180831551551819,0.8356230854988098,12,0.8356230854988098,12,0.8356230854988098,12,-0.05440463870763779,0.13241472840309143,0.8605790138244629
137,41,11.0,decoder_2,300,0.8441925048828125,76,128,0.7964009642601013,0.08904863148927689,0.7638962864875793,0.8441925048828125,34,0.8441925048828125,34,0.8441925048828125,21,-0.02800312079489231,0.0716945230960846,0.920250654220581
137,41,11.0,decoder_3,300,0.9006369709968567,178,128,0.780981719493866,0.07436999678611755,0.729804515838623,0.9006369709968567,40,0.9006369709968567,40,0.9006369709968567,24,-0.004453820176422596,0.08569438010454178,0.5340350866317749
137,41,11.0,final_nms07,195,0.780981719493866,0,0,0.780981719493866,0.729804515838623,0.729804515838623,0.780981719493866,8,0.780981719493866,8,0.780981719493866,4,0.0077658286318182945,0.1932145655155182,0.7229892611503601
138,42,10.0,encoder_all_counterfactual,8400,0.06948065757751465,7063,-1,0,0.037060320377349854,,0.06948065757751465,0,0.06948065757751465,0,0.05399264022707939,0,1.94418466091156,1.4521597623825073,16.975509643554688
138,42,10.0,topk,300,0.035807788372039795,252,-1,0,0.06793900579214096,,0.035807788372039795,0,0.035807788372039795,0,0.035807788372039795,0,0.6028931736946106,-0.2059258669614792,13.47317886352539
138,42,10.0,pre_bbox,300,0.6314423084259033,150,252,0.566533625125885,0.173635795712471,0.3064974546432495,0.6314423084259033,12,0.6314423084259033,12,0.6314423084259033,12,0.17847616970539093,0.0217385683208704,2.575939178466797
138,42,10.0,decoder_1,300,0.6444037556648254,150,252,0.5658960342407227,0.17710208892822266,0.31247761845588684,0.6444037556648254,12,0.6444037556648254,12,0.6444037556648254,12,0.17022594809532166,0.004547873977571726,2.469592332839966
138,42,10.0,decoder_2,300,0.741124153137207,142,252,0.6656078100204468,0.11050962656736374,0.7073698043823242,0.741124153137207,27,0.741124153137207,27,0.741124153137207,24,0.1102817952632904,-0.026722228154540062,1.4670755863189697
138,42,10.0,decoder_3,300,0.6927632093429565,142,252,0.6576732397079468,0.0475870817899704,0.7181690335273743,0.6927632093429565,31,0.6927632093429565,31,0.6902323365211487,14,0.13401226699352264,-0.04164440184831619,1.739261269569397
138,42,10.0,final_nms07,205,0.6590622067451477,4,0,0.6576732397079468,0.08308056741952896,0.7181690335273743,0.6590622067451477,4,0.6590622067451477,4,0.6590622067451477,3,0.2537563741207123,-0.20857639610767365,1.0308940410614014
139,43,9.0,encoder_all_counterfactual,8400,0.1888544112443924,2121,2121,0.1888544112443924,0.11999738216400146,0.11999738216400146,0.1888544112443924,0,0.1888544112443924,0,0.1888544112443924,0,0.7102010846138,0.23390057682991028,8.736783027648926
139,43,9.0,topk,300,0.1888544112443924,50,50,0.1888544112443924,0.11999738216400146,0.11999738216400146,0.1888544112443924,0,0.1888544112443924,0,0.1888544112443924,0,0.7102010846138,0.23390057682991028,8.736783027648926
139,43,9.0,pre_bbox,300,0.7047671675682068,10,50,0.6101197600364685,0.08869846165180206,0.3749074637889862,0.7047671675682068,24,0.7047671675682068,24,0.7047671675682068,24,0.327061265707016,-0.08411579579114914,0.5830329060554504
139,43,9.0,decoder_1,300,0.6835260391235352,32,50,0.6090009808540344,0.21931742131710052,0.3835793435573578,0.6835260391235352,23,0.6835260391235352,23,0.6835260391235352,22,0.3943901062011719,-0.000611098250374198,1.279863715171814
139,43,9.0,decoder_2,300,0.7201448678970337,97,50,0.6312574148178101,0.04386071488261223,0.824336588382721,0.7201448678970337,26,0.7201448678970337,26,0.6736105680465698,10,0.28897857666015625,-0.09060284495353699,0.7911525964736938
139,43,9.0,decoder_3,300,0.7100235819816589,97,50,0.6345168352127075,0.03415006026625633,0.7739117741584778,0.7100235819816589,28,0.7100235819816589,28,0.6345168352127075,5,0.2834815979003906,-0.11105172336101532,0.7252393960952759
139,43,9.0,final_nms07,200,0.6345168352127075,0,0,0.6345168352127075,0.7739117741584778,0.7739117741584778,0.6345168352127075,3,0.6345168352127075,3,0.6345168352127075,3,0.4274330139160156,-0.12935461103916168,0.8462719321250916
140,44,9.0,encoder_all_counterfactual,8400,0.47860512137413025,2364,2284,0.4529101252555847,0.07717931270599365,0.10037066042423248,0.47860512137413025,0,0.47860512137413025,0,0.47860512137413025,0,0.3795131742954254,-0.013742318376898766,3.8431692123413086
140,44,9.0,topk,300,0.47860512137413025,182,105,0.4529101252555847,0.07717931270599365,0.10037066042423248,0.47860512137413025,0,0.47860512137413025,0,0.47860512137413025,0,0.3795131742954254,-0.013742318376898766,3.8431692123413086
140,44,9.0,pre_bbox,300,0.6894403100013733,105,182,0.6560896635055542,0.5527876019477844,0.5979365706443787,0.6894403100013733,14,0.6894403100013733,14,0.6894403100013733,14,0.12750768661499023,-0.16873526573181152,1.9606348276138306
140,44,9.0,decoder_1,300,0.6850383281707764,105,182,0.6533920168876648,0.5620743036270142,0.6064452528953552,0.6850383281707764,14,0.6850383281707764,14,0.6850383281707764,12,0.13368988037109375,-0.1600242406129837,1.9817383289337158
140,44,9.0,decoder_2,300,0.7055992484092712,155,182,0.6440916657447815,0.02199733816087246,0.7206252813339233,0.7055992484092712,20,0.7055992484092712,20,0.6767505407333374,3,0.20269393920898438,-0.1766424924135208,0.8829584717750549
140,44,9.0,decoder_3,300,0.7049722075462341,155,182,0.6414716839790344,0.02392370067536831,0.7683557271957397,0.7049722075462341,25,0.7049722075462341,25,0.6865217685699463,14,0.21616363525390625,-0.16828183829784393,0.9225467443466187
140,44,9.0,final_nms07,229,0.6414716839790344,0,0,0.6414716839790344,0.7683557271957397,0.7683557271957397,0.6414716839790344,3,0.6414716839790344,3,0.6414716839790344,2,0.21506118774414062,-0.16409659385681152,2.1784191131591797
141,45,12.0,encoder_all_counterfactual,8400,0.6267274618148804,2595,2761,0.11572550237178802,0.053442079573869705,0.1322493851184845,0.6267274618148804,1,0.6267274618148804,1,0.6267274618148804,1,0.2759401500225067,0.16605421900749207,2.461398124694824
141,45,12.0,topk,300,0.31023383140563965,243,23,0.11572550237178802,0.07646271586418152,0.1322493851184845,0.31023383140563965,0,0.31023383140563965,0,0.31023383140563965,0,-0.06303005665540695,0.08452454209327698,6.195082187652588
141,45,12.0,pre_bbox,300,0.8799003958702087,9,243,0.7251997590065002,0.1079641804099083,0.4402555525302887,0.8799003958702087,28,0.8799003958702087,28,0.8799003958702087,27,0.0029937028884887695,-0.012099606916308403,0.786799430847168
141,45,12.0,decoder_1,300,0.8929193019866943,9,243,0.7196258902549744,0.10999682545661926,0.4437001645565033,0.8929193019866943,25,0.8929193019866943,25,0.8929193019866943,24,0.01907351054251194,-0.04530590400099754,0.5905808806419373
141,45,12.0,decoder_2,300,0.8886275887489319,125,243,0.768600344657898,0.03372195363044739,0.7530362010002136,0.8886275887489319,33,0.8886275887489319,33,0.8570175170898438,9,-0.017902350053191185,-0.07288279384374619,0.49218371510505676
141,45,12.0,decoder_3,300,0.8311566114425659,62,243,0.7510395646095276,0.02653125487267971,0.7384440302848816,0.8311566114425659,37,0.8311566114425659,37,0.8070707321166992,11,0.021345162764191628,-0.13297979533672333,0.5618447661399841
141,45,12.0,final_nms07,207,0.8070707321166992,1,0,0.7510395646095276,0.1354014128446579,0.7384440302848816,0.8070707321166992,9,0.8070707321166992,9,0.8070707321166992,5,-0.1305065006017685,-0.046771299093961716,0.9068679809570312
142,46,9.0,encoder_all_counterfactual,8400,0.10421597957611084,2444,2444,0.10421597957611084,0.05253700539469719,0.05253700539469719,0.10421597957611084,0,0.10421597957611084,0,0.10421597957611084,0,0.32586392760276794,0.5026785135269165,10.832759857177734
142,46,9.0,topk,300,0.015053031966090202,265,-1,0,0.06711453944444656,,0.015053031966090202,0,0.015053031966090202,0,0.015053031966090202,0,0.3549090325832367,0.007786156143993139,12.802118301391602
142,46,9.0,pre_bbox,300,0.6924741268157959,102,265,0.4231582581996918,0.06794530898332596,0.2915557622909546,0.6924741268157959,4,0.6924741268157959,4,0.6924741268157959,4,0.21504393219947815,0.12574315071105957,1.1933917999267578
142,46,9.0,decoder_1,300,0.7004140019416809,84,265,0.42875418066978455,0.07303958386182785,0.30057528614997864,0.7004140019416809,6,0.7004140019416809,6,0.7004140019416809,6,0.19738388061523438,0.19237081706523895,0.9596015214920044
142,46,9.0,decoder_2,300,0.7854980826377869,254,265,0.5684397220611572,0.12866032123565674,0.6639125943183899,0.7854980826377869,22,0.7854980826377869,22,0.7854980826377869,15,0.1219940185546875,-0.1312527358531952,0.6832254528999329
142,46,9.0,decoder_3,300,0.7797719836235046,254,265,0.5685502886772156,0.08613963425159454,0.7247134447097778,0.7797719836235046,24,0.7797719836235046,24,0.7797719836235046,21,0.17316055297851562,-0.09850680828094482,0.5326783061027527
142,46,9.0,final_nms07,212,0.7797719836235046,4,0,0.5685502886772156,0.08613963425159454,0.7247134447097778,0.7797719836235046,3,0.7797719836235046,3,0.7797719836235046,2,0.17316055297851562,-0.09850680828094482,0.5326783061027527
143,47,10.0,encoder_all_counterfactual,8400,0.3665723502635956,2525,2526,0.17280401289463043,0.05371130630373955,0.06367550045251846,0.3665723502635956,0,0.3665723502635956,0,0.3665723502635956,0,0.05590924993157387,0.4518069922924042,5.5549092292785645
143,47,10.0,topk,300,0.003008148167282343,32,-1,0,0.13576968014240265,,0.003008148167282343,0,0.003008148167282343,0,0.003008148167282343,0,-0.03199147433042526,0.4427943229675293,15.5288724899292
143,47,10.0,pre_bbox,300,0.6791850328445435,48,32,0.4231138229370117,0.06872213631868362,0.2911210358142853,0.6791850328445435,4,0.6791850328445435,4,0.6791850328445435,4,0.12312253564596176,0.31094199419021606,0.6488479971885681
143,47,10.0,decoder_1,300,0.6655899286270142,195,32,0.4241933524608612,0.1147642433643341,0.29889848828315735,0.6655899286270142,2,0.6655899286270142,2,0.6655899286270142,2,-0.13843683898448944,0.09611188620328903,2.072758674621582
143,47,10.0,decoder_2,300,0.7147057056427002,12,32,0.6480684876441956,0.07902206480503082,0.5808982253074646,0.7147057056427002,10,0.7147057056427002,10,0.7147057056427002,8,-0.04145872965455055,0.2541213631629944,0.8919535279273987
143,47,10.0,decoder_3,300,0.7489104866981506,146,32,0.6507397890090942,0.09434567391872406,0.7487070560455322,0.7489104866981506,17,0.7489104866981506,17,0.7489104866981506,13,-0.07800411432981491,0.16795437037944794,1.2290854454040527
143,47,10.0,final_nms07,201,0.6507397890090942,0,0,0.6507397890090942,0.7487070560455322,0.7487070560455322,0.6507397890090942,3,0.6507397890090942,3,0.6507397890090942,2,0.013665697537362576,0.37058132886886597,0.9399215579032898
340,48,11.0,encoder_all_counterfactual,8400,0.565650224685669,2522,1957,0.16977547109127045,0.033853624016046524,0.14840355515480042,0.565650224685669,1,0.565650224685669,1,0.4131326675415039,0,-0.17438288033008575,-0.30325570702552795,3.7766849994659424
340,49,9.0,encoder_all_counterfactual,8400,0.5709083676338196,2356,2517,0.11068015545606613,0.14699646830558777,0.16126206517219543,0.5709083676338196,4,0.5709083676338196,4,0.5709083676338196,2,0.15857641398906708,-0.1256677657365799,4.500185012817383
340,50,8.0,encoder_all_counterfactual,8400,0.6772125959396362,2919,2676,0.29227426648139954,0.07832717150449753,0.13749291002750397,0.6772125959396362,2,0.6772125959396362,2,0.6772125959396362,2,0.03736476972699165,0.07531726360321045,2.448603630065918
340,48,11.0,topk,300,0.4131326675415039,95,14,0.16977547109127045,0.12334481626749039,0.14840355515480042,0.4131326675415039,0,0.4131326675415039,0,0.4131326675415039,0,-0.2685485780239105,-0.36608222126960754,4.114173412322998
340,49,9.0,topk,300,0.5709083676338196,20,0,0.11068015545606613,0.14699646830558777,0.16126206517219543,0.5709083676338196,2,0.5709083676338196,2,0.5709083676338196,2,0.15857641398906708,-0.1256677657365799,4.500185012817383
340,50,8.0,topk,300,0.558064341545105,80,45,0.29227426648139954,0.126910001039505,0.13749291002750397,0.558064341545105,1,0.558064341545105,1,0.558064341545105,1,0.1291346251964569,0.36519068479537964,3.0372719764709473
340,48,11.0,pre_bbox,300,0.6769073009490967,50,189,0.5951359868049622,0.14197908341884613,0.5566081404685974,0.6769073009490967,20,0.6769073009490967,20,0.6769073009490967,19,-0.15603236854076385,-0.19274520874023438,1.670613408088684
340,49,9.0,pre_bbox,300,0.7505878210067749,121,3,0.598720133304596,0.08651340007781982,0.525980532169342,0.7505878210067749,27,0.7505878210067749,27,0.7505878210067749,26,0.006574694532901049,-0.19355084002017975,1.0609347820281982
340,50,8.0,pre_bbox,300,0.8421422243118286,40,80,0.6154385805130005,0.054902106523513794,0.5297688841819763,0.8421422243118286,38,0.8421422243118286,38,0.8421422243118286,28,-0.12806376814842224,0.014880609698593616,1.1083284616470337
340,48,11.0,decoder_1,300,0.7183105945587158,90,189,0.5935745239257812,0.10156303644180298,0.5650993585586548,0.7183105945587158,19,0.7183105945587158,19,0.7183105945587158,19,-0.18494796752929688,-0.11869269609451294,2.100367546081543
340,49,9.0,decoder_1,300,0.7151468992233276,199,3,0.6025490164756775,0.3223120868206024,0.5335297584533691,0.7151468992233276,22,0.7151468992233276,22,0.7151468992233276,22,-0.02526535466313362,-0.2616868317127228,1.0597234964370728
340,50,8.0,decoder_1,300,0.7523033022880554,40,80,0.6163632869720459,0.056340690702199936,0.5408424139022827,0.7523033022880554,36,0.7523033022880554,36,0.7523033022880554,28,-0.16487254202365875,-0.08062555640935898,1.2423183917999268
340,48,11.0,decoder_2,300,0.747081458568573,270,95,0.6511369347572327,0.029230842366814613,0.7627997398376465,0.747081458568573,21,0.747081458568573,21,0.7412048578262329,8,-0.052700042724609375,-0.21135763823986053,1.0903488397598267
340,49,9.0,decoder_2,300,0.8069142699241638,6,3,0.7228097915649414,0.03787951171398163,0.7457695603370667,0.8069142699241638,33,0.8069142699241638,33,0.7228097915649414,4,-0.08790013939142227,-0.11532092094421387,0.4345327913761139
340,50,8.0,decoder_2,300,0.7624912261962891,65,80,0.63315349817276,0.018143093213438988,0.7840295433998108,0.7624912261962891,47,0.7624912261962891,47,0.63315349817276,1,-0.0405757799744606,0.12272931635379791,1.6623163223266602
340,48,11.0,decoder_3,300,0.7258032560348511,270,95,0.6420522928237915,0.028388895094394684,0.7920559644699097,0.7258032560348511,22,0.7258032560348511,22,0.7153609395027161,8,-0.0623321533203125,-0.22323773801326752,1.0453217029571533
340,49,9.0,decoder_3,300,0.7713586091995239,121,3,0.7205827236175537,0.02034391090273857,0.7885528802871704,0.7713586091995239,34,0.7713586091995239,34,0.7205827236175537,2,-0.03802869841456413,-0.19814707338809967,0.0788690373301506
340,50,8.0,decoder_3,300,0.725922703742981,65,80,0.6286940574645996,0.014757663011550903,0.7676310539245605,0.725922703742981,49,0.725922703742981,49,0.6286940574645996,1,-0.08955344557762146,0.12598462402820587,1.9425334930419922
340,48,11.0,final_nms07,169,0.6420522928237915,0,0,0.6420522928237915,0.7920559644699097,0.7920559644699097,0.6420522928237915,1,0.6420522928237915,1,0.6420522928237915,1,-0.11827850341796875,-0.2718202471733093,0.7994217872619629
340,49,9.0,final_nms07,169,0.7205827236175537,1,1,0.7205827236175537,0.7885528802871704,0.7885528802871704,0.7205827236175537,2,0.7205827236175537,2,0.7205827236175537,1,-0.032471105456352234,-0.25523388385772705,0.40637171268463135
340,50,8.0,final_nms07,169,0.6486522555351257,13,2,0.6286940574645996,0.03611088916659355,0.7676310539245605,0.6486522555351257,4,0.6486522555351257,4,0.6286940574645996,1,-0.06685427576303482,0.4700125455856323,0.7846458554267883
341,51,9.0,encoder_all_counterfactual,8400,0.46485161781311035,2435,2356,0.44458258152008057,0.06400678306818008,0.0795535296201706,0.46485161781311035,0,0.46485161781311035,0,0.46485161781311035,0,0.04913513362407684,-0.245797798037529,4.433873176574707
341,52,6.999999999999999,encoder_all_counterfactual,8400,0.2657335102558136,3484,2756,0.2496427297592163,0.035061314702034,0.13549895584583282,0.2657335102558136,0,0.2657335102558136,0,0.2496427297592163,0,0.008270072750747204,2.4954540729522705,11.442309379577637
341,53,8.0,encoder_all_counterfactual,8400,0.5263081789016724,3393,3481,0.17598147690296173,0.0481574684381485,0.12648151814937592,0.5263081789016724,1,0.5263081789016724,1,0.22362792491912842,0,0.16644400358200073,0.39558881521224976,4.424233913421631
341,51,9.0,topk,300,0.44458258152008057,286,286,0.44458258152008057,0.0795535296201706,0.0795535296201706,0.44458258152008057,0,0.44458258152008057,0,0.44458258152008057,0,-0.21926546096801758,-0.41858550906181335,2.589416027069092
341,52,6.999999999999999,topk,300,0.2496427297592163,31,31,0.2496427297592163,0.13549895584583282,0.13549895584583282,0.2496427297592163,0,0.2496427297592163,0,0.2496427297592163,0,-0.031238365918397903,0.5833457708358765,9.564215660095215
341,53,8.0,topk,300,0.17598147690296173,67,67,0.17598147690296173,0.12648151814937592,0.12648151814937592,0.17598147690296173,0,0.17598147690296173,0,0.17598147690296173,0,0.030062856152653694,0.2981019914150238,10.943083763122559
341,51,9.0,pre_bbox,300,0.825598418712616,70,286,0.810754120349884,0.14952924847602844,0.6168065667152405,0.825598418712616,13,0.825598418712616,13,0.825598418712616,13,0.017108239233493805,-0.15285687148571014,0.24487751722335815
341,52,6.999999999999999,pre_bbox,300,0.5945066809654236,31,31,0.5945066809654236,0.3196451961994171,0.3196451961994171,0.5945066809654236,12,0.5945066809654236,12,0.5945066809654236,11,-0.08505077660083771,0.49903321266174316,1.760290503501892
341,53,8.0,pre_bbox,300,0.7593920230865479,67,67,0.7593920230865479,0.319348007440567,0.319348007440567,0.7593920230865479,22,0.7593920230865479,22,0.7593920230865479,21,-0.010529931634664536,0.22027496993541718,0.6869148015975952
341,51,9.0,decoder_1,300,0.8252323269844055,70,286,0.8030253648757935,0.15222784876823425,0.6239120364189148,0.8252323269844055,15,0.8252323269844055,15,0.8252323269844055,15,0.019125429913401604,-0.14417707920074463,0.3660034239292145
341,52,6.999999999999999,decoder_1,300,0.5906682014465332,31,31,0.5906682014465332,0.32790178060531616,0.32790178060531616,0.5906682014465332,13,0.5906682014465332,13,0.5906682014465332,12,-0.07988166809082031,0.5077216625213623,1.7473790645599365
341,53,8.0,decoder_1,300,0.772692859172821,37,67,0.7608358263969421,0.09032108634710312,0.32856205105781555,0.772692859172821,24,0.772692859172821,24,0.772692859172821,19,0.0354345329105854,0.17405685782432556,1.386669635772705
341,51,9.0,decoder_2,300,0.8302440047264099,39,286,0.8084745407104492,0.05126563459634781,0.7305085062980652,0.8302440047264099,20,0.8302440047264099,20,0.8302440047264099,8,0.09783153980970383,-0.06306254118680954,0.9704537391662598
341,52,6.999999999999999,decoder_2,300,0.6726208925247192,87,31,0.6013495326042175,0.03137027099728584,0.7611945867538452,0.6726208925247192,24,0.6726208925247192,23,0.640691876411438,15,-0.2158832550048828,0.21140502393245697,0.8553267121315002
341,53,8.0,decoder_2,300,0.7759115099906921,21,67,0.7159265875816345,0.05909055098891258,0.7589846253395081,0.7759115099906921,31,0.7759115099906921,31,0.7759115099906921,16,0.005541504826396704,0.28170761466026306,0.2232329398393631
341,51,9.0,decoder_3,300,0.8412339687347412,158,286,0.8069868683815002,0.027986817061901093,0.7568199038505554,0.8412339687347412,22,0.8412339687347412,22,0.8069868683815002,2,0.04712319001555443,-0.09384957700967789,1.2542481422424316
341,52,6.999999999999999,decoder_3,300,0.7286014556884766,238,31,0.6043720245361328,0.05001971125602722,0.7918962240219116,0.7286014556884766,29,0.7286014556884766,29,0.7286014556884766,9,0.13315200805664062,0.16382217407226562,1.8839048147201538
341,53,8.0,decoder_3,300,0.807971179485321,202,67,0.7138879895210266,0.04132349044084549,0.7733972072601318,0.807971179485321,38,0.807971179485321,38,0.7228417992591858,3,-0.07445608824491501,0.1572246253490448,0.5726991891860962
341,51,9.0,final_nms07,168,0.8069868683815002,2,2,0.8069868683815002,0.7568199038505554,0.7568199038505554,0.8069868683815002,2,0.8069868683815002,2,0.8069868683815002,1,0.15673406422138214,-0.0734884962439537,0.9526978731155396
341,52,6.999999999999999,final_nms07,168,0.7286014556884766,10,0,0.6043720245361328,0.05001971125602722,0.7918962240219116,0.7286014556884766,4,0.7286014556884766,4,0.7286014556884766,4,0.13315200805664062,0.16382217407226562,1.8839048147201538
341,53,8.0,final_nms07,168,0.7962295413017273,11,1,0.7138879895210266,0.04865782707929611,0.7733972072601318,0.7962295413017273,5,0.7962295413017273,5,0.7138879895210266,1,-0.007144907023757696,0.10529687255620956,1.3219963312149048
342,54,9.0,encoder_all_counterfactual,8400,0.5311464667320251,2433,2514,0.36917224526405334,0.06332449615001678,0.11918327212333679,0.5311464667320251,1,0.5311464667320251,1,0.5311464667320251,1,-0.029400793835520744,-0.2557388246059418,3.224651336669922
342,55,10.0,encoder_all_counterfactual,8400,0.6886241436004639,3483,3000,0.169910728931427,0.03303375840187073,0.13870444893836975,0.6886241436004639,2,0.6886241436004639,2,0.4461057186126709,0,-0.0218035988509655,0.09329853951931,2.590723752975464
342,56,10.0,encoder_all_counterfactual,8400,0.5494495630264282,3072,3159,0.1088956892490387,0.10605145245790482,0.17152947187423706,0.5494495630264282,1,0.5494495630264282,1,0.5494495630264282,1,-0.16736014187335968,-0.0594242699444294,4.068626403808594
342,54,9.0,topk,300,0.47239798307418823,177,122,0.36917224526405334,0.10276126116514206,0.11918327212333679,0.47239798307418823,0,0.47239798307418823,0,0.47239798307418823,0,-0.033573709428310394,-0.04151902347803116,4.561182022094727
342,55,10.0,topk,300,0.4461057186126709,117,30,0.169910728931427,0.11997509747743607,0.13870444893836975,0.4461057186126709,0,0.4461057186126709,0,0.4461057186126709,0,0.030605897307395935,0.2052580565214157,5.8939032554626465
342,56,10.0,topk,300,0.5494495630264282,169,0,0.1088956892490387,0.10605145245790482,0.17152947187423706,0.5494495630264282,1,0.5494495630264282,1,0.5494495630264282,1,-0.16736014187335968,-0.0594242699444294,4.068626403808594
342,54,9.0,pre_bbox,300,0.8068061470985413,95,177,0.7306330800056458,0.07849052548408508,0.6722313761711121,0.8068061470985413,14,0.8068061470985413,14,0.8068061470985413,14,-0.00680431816726923,0.1503998041152954,1.2100658416748047
342,55,10.0,pre_bbox,300,0.9046669602394104,11,161,0.6891814470291138,0.08651049435138702,0.4381619095802307,0.9046669602394104,27,0.9046669602394104,27,0.9046669602394104,24,-0.06323277205228806,0.0378795824944973,0.532856822013855
342,56,10.0,pre_bbox,300,0.8650642037391663,73,169,0.662364661693573,0.17835086584091187,0.42059949040412903,0.8650642037391663,41,0.8650642037391663,41,0.8650642037391663,35,-0.02862258069217205,-0.10944429785013199,0.9401727914810181
342,54,9.0,decoder_1,300,0.8370377421379089,95,177,0.7317577600479126,0.07903358340263367,0.6789958477020264,0.8370377421379089,12,0.8370377421379089,12,0.8370377421379089,12,-0.04082147777080536,0.07483598589897156,1.2197884321212769
342,55,10.0,decoder_1,300,0.9258196949958801,11,161,0.6829621195793152,0.08977779000997543,0.4446808993816376,0.9258196949958801,27,0.9258196949958801,27,0.9258196949958801,25,-0.06988181173801422,-0.00029061929672025144,0.6203312277793884
342,56,10.0,decoder_1,300,0.8418699502944946,73,169,0.6584714651107788,0.18453676998615265,0.4284419119358063,0.8418699502944946,37,0.8418699502944946,37,0.8418699502944946,31,-0.037634268403053284,-0.1252046674489975,1.0552647113800049
342,54,9.0,decoder_2,300,0.8453500270843506,164,177,0.7281001210212708,0.026271548122167587,0.7433496117591858,0.8453500270843506,15,0.8453500270843506,14,0.7281001210212708,1,-0.10711625963449478,-0.053236640989780426,0.677465558052063
342,55,10.0,decoder_2,300,0.9374809265136719,17,117,0.781883716583252,0.03009677305817604,0.7141996622085571,0.9374809265136719,34,0.9374809265136719,34,0.781883716583252,7,-0.046009816229343414,0.01846124418079853,0.1840888112783432
342,56,10.0,decoder_2,300,0.7328342199325562,73,169,0.6360483169555664,0.0400814488530159,0.7788628339767456,0.7328342199325562,39,0.7328342199325562,39,0.6681433320045471,2,-0.12585239112377167,-0.11270952224731445,1.7340590953826904
342,54,9.0,decoder_3,300,0.8405358195304871,164,177,0.7212981581687927,0.020562821999192238,0.7581964135169983,0.8405358195304871,18,0.8405358195304871,18,0.7212981581687927,1,0.0009653515298850834,-0.044904109090566635,1.1081938743591309
342,55,10.0,decoder_3,300,0.9055576920509338,17,117,0.7954728603363037,0.014672277495265007,0.7619616389274597,0.9055576920509338,41,0.9055576920509338,41,0.8357437252998352,8,-0.08057993650436401,0.016651688143610954,0.31141597032546997
342,56,10.0,decoder_3,300,0.7113758325576782,73,169,0.6489872932434082,0.02151310443878174,0.7750284671783447,0.7113758325576782,43,0.7113758325576782,43,0.6489872932434082,1,-0.14075927436351776,-0.10838054120540619,1.9125385284423828
342,54,9.0,final_nms07,155,0.7212981581687927,2,2,0.7212981581687927,0.7581964135169983,0.7581964135169983,0.7212981581687927,2,0.7212981581687927,2,0.7212981581687927,1,0.1285964399576187,0.10875555127859116,2.0315656661987305
342,55,10.0,final_nms07,155,0.7954728603363037,1,1,0.7954728603363037,0.7619616389274597,0.7619616389274597,0.7954728603363037,7,0.7954728603363037,7,0.7954728603363037,4,-0.07761954516172409,0.005729351658374071,1.5363143682479858
342,56,10.0,final_nms07,155,0.6572640538215637,40,0,0.6489872932434082,0.024070370942354202,0.7750284671783447,0.6572640538215637,2,0.6572640538215637,2,0.6489872932434082,1,-0.040487661957740784,-0.22028212249279022,1.7694671154022217
343,57,10.0,encoder_all_counterfactual,8400,0.38396263122558594,2605,2039,0.13745248317718506,0.05562730133533478,0.13633416593074799,0.38396263122558594,0,0.38396263122558594,0,0.38396263122558594,0,-0.07897815853357315,-0.08367612957954407,6.802842140197754
343,58,6.0,encoder_all_counterfactual,8400,0.4758356511592865,2521,2275,0.24602258205413818,0.14204582571983337,0.15137825906276703,0.4758356511592865,0,0.4758356511592865,0,0.4758356511592865,0,-0.17923030257225037,0.610869288444519,4.630702972412109
343,59,8.0,encoder_all_counterfactual,8400,0.7151678800582886,3080,3081,0.19837559759616852,0.12168718129396439,0.13766193389892578,0.7151678800582886,2,0.7151678800582886,2,0.7151678800582886,2,-0.032375629991292953,0.3061400353908539,1.8659658432006836
343,57,10.0,topk,300,0.33475974202156067,126,28,0.13745248317718506,0.11658719182014465,0.13633416593074799,0.33475974202156067,0,0.33475974202156067,0,0.33475974202156067,0,-0.3197879493236542,-0.1658812314271927,8.050041198730469
343,58,6.0,topk,300,0.4758356511592865,14,2,0.24602258205413818,0.14204582571983337,0.15137825906276703,0.4758356511592865,0,0.4758356511592865,0,0.4758356511592865,0,-0.17923030257225037,0.610869288444519,4.630702972412109
343,59,8.0,topk,300,0.7151678800582886,100,23,0.19837559759616852,0.12168718129396439,0.13766193389892578,0.7151678800582886,2,0.7151678800582886,2,0.7151678800582886,2,-0.032375629991292953,0.3061400353908539,1.8659658432006836
343,57,10.0,pre_bbox,300,0.9015942811965942,246,126,0.6849169731140137,0.06997139006853104,0.427388072013855,0.9015942811965942,24,0.9015942811965942,24,0.9015942811965942,24,-0.08657322078943253,-0.006864884868264198,1.0098114013671875
343,58,6.0,pre_bbox,300,0.6705015301704407,44,14,0.5499032139778137,0.05703217536211014,0.6752431988716125,0.6705015301704407,29,0.6705015301704407,29,0.6705015301704407,27,-0.07879724353551865,0.3824058473110199,0.9772983193397522
343,59,8.0,pre_bbox,300,0.7826021909713745,92,98,0.6975129246711731,0.08884723484516144,0.5293756723403931,0.7826021909713745,39,0.7826021909713745,39,0.7826021909713745,34,-0.028801126405596733,0.1478424072265625,1.7362898588180542
343,57,10.0,decoder_1,300,0.7339030504226685,250,126,0.6867563724517822,0.04019194096326828,0.4346439242362976,0.7339030504226685,23,0.7339030504226685,23,0.7056920528411865,22,-0.1947345733642578,-0.0886191725730896,0.7569815516471863
343,58,6.0,decoder_1,300,0.6699883937835693,71,14,0.5481491684913635,0.0507013164460659,0.6834263801574707,0.6699883937835693,29,0.6699883937835693,29,0.6699883937835693,28,-0.1716022491455078,0.2854137718677521,1.5561929941177368
343,59,8.0,decoder_1,300,0.7510737776756287,18,98,0.6975203156471252,0.13601253926753998,0.5410656929016113,0.7510737776756287,36,0.7510737776756287,36,0.7510737776756287,33,-0.08137930929660797,0.15583810210227966,1.7964173555374146
343,57,10.0,decoder_2,300,0.715048611164093,203,126,0.683515191078186,0.03210485726594925,0.7802659273147583,0.715048611164093,30,0.715048611164093,30,0.683515191078186,7,-0.16857671737670898,-0.13996925950050354,0.7316797971725464
343,58,6.0,decoder_2,300,0.5884523987770081,71,14,0.5276010036468506,0.048069968819618225,0.7873857617378235,0.5884523987770081,32,0.5884523987770081,32,0.5276010036468506,1,-0.17644500732421875,0.4851219356060028,1.2254114151000977
343,59,8.0,decoder_2,300,0.7883955836296082,46,108,0.7309046983718872,0.0209925826638937,0.7521964311599731,0.7883955836296082,50,0.7883955836296082,50,0.7370256185531616,3,-0.16072462499141693,0.07689282298088074,0.7387051582336426
343,57,10.0,decoder_3,300,0.7511789202690125,152,126,0.6783460974693298,0.01732948236167431,0.7953238487243652,0.7511789202690125,32,0.7511789202690125,32,0.6783460974693298,4,-0.199899360537529,-0.048079248517751694,1.0234721899032593
343,58,6.0,decoder_3,300,0.5914877653121948,71,14,0.5207356810569763,0.022881101816892624,0.7835959196090698,0.5914877653121948,36,0.5914877653121948,36,0.5745667815208435,3,-0.19725990295410156,0.44491714239120483,0.8769714832305908
343,59,8.0,decoder_3,300,0.7933758497238159,50,108,0.7335307598114014,0.02281830832362175,0.7939228415489197,0.7933758497238159,53,0.7933758497238159,53,0.7335307598114014,3,-0.13782404363155365,0.10058427602052689,1.1369203329086304
343,57,10.0,final_nms07,139,0.6783460974693298,0,0,0.6783460974693298,0.7953238487243652,0.7953238487243652,0.6783460974693298,2,0.6783460974693298,2,0.6783460974693298,2,-0.2603294253349304,-0.08290848135948181,0.7477173209190369
343,58,6.0,final_nms07,139,0.5745667815208435,4,2,0.5207356810569763,0.050915222615003586,0.7835959196090698,0.5745667815208435,3,0.5745667815208435,3,0.5745667815208435,2,0.032039642333984375,0.47754016518592834,2.2247796058654785
343,59,8.0,final_nms07,139,0.7335307598114014,1,1,0.7335307598114014,0.7939228415489197,0.7939228415489197,0.7335307598114014,3,0.7335307598114014,3,0.7335307598114014,1,-0.08257941156625748,0.27325743436813354,0.6835564374923706
344,60,9.0,encoder_all_counterfactual,8400,0.6031361818313599,2029,2110,0.1301666647195816,0.10983114689588547,0.13620787858963013,0.6031361818313599,2,0.6031361818313599,2,0.6031361818313599,1,0.15307004749774933,0.09550014138221741,3.595966339111328
344,61,10.0,encoder_all_counterfactual,8400,0.4790599048137665,2679,2188,0.11425841599702835,0.05133742839097977,0.1486896127462387,0.4790599048137665,0,0.4790599048137665,0,0.4790599048137665,0,-0.3739801049232483,-0.23475448787212372,4.32865047454834
344,62,10.0,encoder_all_counterfactual,8400,0.713261067867279,5876,2830,0.1838756650686264,0.028539495542645454,0.14805427193641663,0.713261067867279,3,0.713261067867279,3,0.6931642293930054,2,0.17086440324783325,0.018010426312685013,2.6343955993652344
344,60,9.0,topk,300,0.6031361818313599,162,50,0.1301666647195816,0.10983114689588547,0.13620787858963013,0.6031361818313599,1,0.6031361818313599,1,0.6031361818313599,1,0.15307004749774933,0.09550014138221741,3.595966339111328
344,61,10.0,topk,300,0.19372393190860748,31,20,0.11425841599702835,0.1421138346195221,0.1486896127462387,0.19372393190860748,0,0.19372393190860748,0,0.19372393190860748,0,-0.20743682980537415,0.027277691289782524,12.446228981018066
344,62,10.0,topk,300,0.6931642293930054,90,22,0.1838756650686264,0.12450047582387924,0.14805427193641663,0.6931642293930054,2,0.6931642293930054,2,0.6931642293930054,2,-0.10803414136171341,-0.0022817407734692097,3.1654160022735596
344,60,9.0,pre_bbox,300,0.871942400932312,258,162,0.7813499569892883,0.0961216613650322,0.6807647347450256,0.871942400932312,20,0.871942400932312,20,0.871942400932312,20,-0.03626912832260132,0.10922956466674805,0.8144280910491943
344,61,10.0,pre_bbox,300,0.8833107352256775,72,20,0.8418035507202148,0.2623734176158905,0.3005751371383667,0.8833107352256775,38,0.8833107352256775,38,0.8833107352256775,36,-0.07033881545066833,0.043065447360277176,0.8247639536857605
344,62,10.0,pre_bbox,300,0.9170324802398682,142,90,0.8520424365997314,0.10478725284337997,0.5535417199134827,0.9170324802398682,39,0.9170324802398682,39,0.9170324802398682,38,0.02374250255525112,0.01831042394042015,0.6016084551811218
344,60,9.0,decoder_1,300,0.8103970289230347,270,162,0.7851409316062927,0.13237249851226807,0.6877462863922119,0.8103970289230347,20,0.8103970289230347,20,0.8103970289230347,20,-0.05423786863684654,0.17661331593990326,0.5050550699234009
344,61,10.0,decoder_1,300,0.878668487071991,72,20,0.8403550386428833,0.26900196075439453,0.3054819703102112,0.878668487071991,32,0.878668487071991,32,0.878668487071991,30,-0.0738205537199974,0.03920377045869827,0.843303918838501
344,62,10.0,decoder_1,300,0.8924367427825928,142,90,0.8451748490333557,0.1075000911951065,0.5647914409637451,0.8924367427825928,43,0.8924367427825928,43,0.8924367427825928,42,0.012685074470937252,-0.033656395971775055,0.8121007084846497
344,60,9.0,decoder_2,300,0.8660393953323364,84,162,0.7666730880737305,0.019773464649915695,0.8159793615341187,0.8660393953323364,24,0.8660393953323364,24,0.8470678925514221,4,0.04464716464281082,0.10533206909894943,0.8392563462257385
344,61,10.0,decoder_2,300,0.8668311834335327,7,20,0.817085862159729,0.04951344430446625,0.646181583404541,0.8668311834335327,44,0.8668311834335327,42,0.8598342537879944,21,-0.1150268092751503,0.02206474356353283,1.037307620048523
344,62,10.0,decoder_2,300,0.8756675124168396,161,90,0.7758828401565552,0.026195868849754333,0.7610967755317688,0.8756675124168396,46,0.8756675124168396,46,0.8542524576187134,6,0.04293103888630867,0.08774357289075851,0.9294583797454834
344,60,9.0,decoder_3,300,0.8324227333068848,84,162,0.7646435499191284,0.017059000208973885,0.8070067167282104,0.8324227333068848,26,0.8324227333068848,26,0.7646435499191284,3,0.04997467249631882,0.0791383683681488,1.271587610244751
344,61,10.0,decoder_3,300,0.9205588102340698,69,20,0.8085300922393799,0.03723052144050598,0.7431939244270325,0.9205588102340698,53,0.9205588102340698,53,0.8166704773902893,5,0.04313669726252556,-0.010735095478594303,0.5208616852760315
344,62,10.0,decoder_3,300,0.8415367007255554,174,90,0.7649107575416565,0.015881488099694252,0.7839117050170898,0.8415367007255554,47,0.8415367007255554,47,0.7649107575416565,3,-0.00856954138725996,0.11320377141237259,1.5963740348815918
344,60,9.0,final_nms07,140,0.7646435499191284,0,0,0.7646435499191284,0.8070067167282104,0.8070067167282104,0.7646435499191284,3,0.7646435499191284,3,0.7646435499191284,2,0.09845669567584991,0.14159603416919708,1.7659350633621216
344,61,10.0,final_nms07,140,0.8085300922393799,2,2,0.8085300922393799,0.7431939244270325,0.7431939244270325,0.8085300922393799,9,0.8085300922393799,9,0.8085300922393799,3,-0.12384586036205292,0.025254689157009125,0.8838785886764526
344,62,10.0,final_nms07,140,0.7649107575416565,1,1,0.7649107575416565,0.7839117050170898,0.7839117050170898,0.7649107575416565,3,0.7649107575416565,3,0.7649107575416565,2,0.058446433395147324,0.23514793813228607,0.8430700302124023
345,63,11.0,encoder_all_counterfactual,8400,0.4163896441459656,2270,2354,0.3340730369091034,0.12237720936536789,0.1467769891023636,0.4163896441459656,0,0.4163896441459656,0,0.4163896441459656,0,-0.2272150069475174,-0.2515544593334198,6.013288497924805
345,64,9.0,encoder_all_counterfactual,8400,0.6029946804046631,2997,2669,0.36743277311325073,0.028331028297543526,0.14411520957946777,0.6029946804046631,2,0.6029946804046631,2,0.5927413105964661,1,-0.17568977177143097,0.013191373087465763,3.5209009647369385
345,65,9.0,encoder_all_counterfactual,8400,0.4978652000427246,4042,3071,0.12198369950056076,0.03685422241687775,0.13731394708156586,0.4978652000427246,0,0.4978652000427246,0,0.3502175211906433,0,0.2350769340991974,-0.1940755695104599,5.1955156326293945
345,63,11.0,topk,300,0.4163896441459656,102,11,0.3340730369091034,0.12237720936536789,0.1467769891023636,0.4163896441459656,0,0.4163896441459656,0,0.4163896441459656,0,-0.2272150069475174,-0.2515544593334198,6.013288497924805
345,64,9.0,topk,300,0.5927413105964661,244,18,0.36743277311325073,0.08815155178308487,0.14411520957946777,0.5927413105964661,1,0.5927413105964661,1,0.5927413105964661,1,-0.15123708546161652,-0.0071802460588514805,3.659494638442993
345,65,9.0,topk,300,0.3502175211906433,33,32,0.12198369950056076,0.1371883600950241,0.13731394708156586,0.3502175211906433,0,0.3502175211906433,0,0.3502175211906433,0,0.15202179551124573,-0.018483225256204605,8.075353622436523
345,63,11.0,pre_bbox,300,0.8035550713539124,11,102,0.7702186107635498,0.4264628291130066,0.5393385291099548,0.8035550713539124,13,0.8035550713539124,13,0.8035550713539124,13,-0.09991692006587982,-0.06629588454961777,1.39112389087677
345,64,9.0,pre_bbox,300,0.909785807132721,61,244,0.8868862986564636,0.08879923075437546,0.6484659910202026,0.909785807132721,38,0.909785807132721,38,0.909785807132721,29,-0.002226916141808033,-0.008859517984092236,0.8753037452697754
345,65,9.0,pre_bbox,300,0.8381435871124268,93,33,0.7977322936058044,0.08585964888334274,0.4184267520904541,0.8381435871124268,21,0.8381435871124268,21,0.8381435871124268,19,0.04726393148303032,-0.06970476359128952,1.4083197116851807
345,63,11.0,decoder_1,300,0.8113768696784973,11,102,0.7810849547386169,0.432264506816864,0.5462676882743835,0.8113768696784973,15,0.8113768696784973,15,0.8113768696784973,13,-0.08525508642196655,-0.057206735014915466,1.4349230527877808
345,64,9.0,decoder_1,300,0.941765546798706,61,244,0.8888252377510071,0.08996552228927612,0.6561619639396667,0.941765546798706,38,0.941765546798706,38,0.941765546798706,30,-0.01132449135184288,-0.005314959213137627,0.47161275148391724
345,65,9.0,decoder_1,300,0.8159946799278259,286,33,0.7970852851867676,0.2201632708311081,0.4278463125228882,0.8159946799278259,26,0.8159946799278259,26,0.8159946799278259,19,0.022500967606902122,-0.09682739526033401,1.4766626358032227
345,63,11.0,decoder_2,300,0.8555821776390076,120,102,0.8033000230789185,0.039159998297691345,0.7789974212646484,0.8555821776390076,19,0.8555821776390076,19,0.8119991421699524,5,0.02491467446088791,-0.07657721638679504,1.3622519969940186
345,64,9.0,decoder_2,300,0.9012004137039185,10,244,0.8124998807907104,0.021427128463983536,0.7364517450332642,0.9012004137039185,42,0.9012004137039185,41,0.8124998807907104,5,0.05970677360892296,0.047111354768276215,0.4383787214756012
345,65,9.0,decoder_2,300,0.9122844934463501,136,33,0.8547094464302063,0.06059236079454422,0.8232322335243225,0.9122844934463501,46,0.9122844934463501,44,0.9122844934463501,22,0.042842429131269455,-0.002663564635440707,0.6156376004219055
345,63,11.0,decoder_3,300,0.826775074005127,104,102,0.8053525686264038,0.019220614805817604,0.7956527471542358,0.826775074005127,24,0.826775074005127,24,0.8125197291374207,4,-0.04403623566031456,-0.09580378234386444,1.4729092121124268
345,64,9.0,decoder_3,300,0.9151821136474609,71,244,0.8127095103263855,0.024413421750068665,0.7916369438171387,0.9151821136474609,45,0.9151821136474609,45,0.851467490196228,4,0.06086471304297447,-0.030834520235657692,0.2599147856235504
345,65,9.0,decoder_3,300,0.8977010846138,93,33,0.8406243324279785,0.026439737528562546,0.8017045855522156,0.8977010846138,50,0.8977010846138,50,0.8406243324279785,1,-0.0007963718380779028,-0.062058575451374054,0.8652503490447998
345,63,11.0,final_nms07,166,0.8053525686264038,1,1,0.8053525686264038,0.7956527471542358,0.7956527471542358,0.8053525686264038,5,0.8053525686264038,5,0.8053525686264038,1,-0.01704554818570614,-0.07564444839954376,1.7836954593658447
345,64,9.0,final_nms07,166,0.8127095103263855,2,2,0.8127095103263855,0.7916369438171387,0.7916369438171387,0.8127095103263855,5,0.8127095103263855,5,0.8127095103263855,2,0.1605299562215805,0.06025107577443123,0.7402064204216003
345,65,9.0,final_nms07,166,0.8406243324279785,0,0,0.8406243324279785,0.8017045855522156,0.8017045855522156,0.8406243324279785,5,0.8406243324279785,5,0.8406243324279785,1,-0.005544692277908325,-0.10572513192892075,1.3249962329864502
346,66,10.0,encoder_all_counterfactual,8400,0.5088961720466614,2110,2110,0.5088961720466614,0.13031184673309326,0.13031184673309326,0.5088961720466614,1,0.5088961720466614,1,0.5088961720466614,1,-0.1488848477602005,0.05727049708366394,5.0131449699401855
346,67,9.0,encoder_all_counterfactual,8400,0.6682655811309814,2349,2673,0.12432702630758286,0.14584483206272125,0.158150315284729,0.6682655811309814,1,0.6682655811309814,1,0.6682655811309814,1,-0.10825399309396744,0.21098437905311584,3.1340208053588867
346,68,9.0,encoder_all_counterfactual,8400,0.6544928550720215,2909,2830,0.19029825925827026,0.1341545283794403,0.1437675952911377,0.6544928550720215,2,0.6544928550720215,2,0.6544928550720215,1,0.08394861221313477,-0.1314363330602646,2.7515201568603516
346,66,10.0,topk,300,0.5088961720466614,88,88,0.5088961720466614,0.13031184673309326,0.13031184673309326,0.5088961720466614,1,0.5088961720466614,1,0.5088961720466614,1,-0.1488848477602005,0.05727049708366394,5.0131449699401855
346,67,9.0,topk,300,0.6682655811309814,24,2,0.12432702630758286,0.14584483206272125,0.158150315284729,0.6682655811309814,1,0.6682655811309814,1,0.6682655811309814,1,-0.10825399309396744,0.21098437905311584,3.1340208053588867
346,68,9.0,topk,300,0.6544928550720215,67,32,0.19029825925827026,0.1341545283794403,0.1437675952911377,0.6544928550720215,1,0.6544928550720215,1,0.6544928550720215,1,0.08394861221313477,-0.1314363330602646,2.7515201568603516
346,66,10.0,pre_bbox,300,0.803643524646759,189,88,0.7608332633972168,0.44583243131637573,0.526334822177887,0.803643524646759,20,0.803643524646759,20,0.803643524646759,20,0.05288426950573921,0.02853536419570446,1.896847128868103
346,67,9.0,pre_bbox,300,0.7372994422912598,51,24,0.6073894500732422,0.23825348913669586,0.6816101670265198,0.7372994422912598,22,0.7372994422912598,22,0.7372994422912598,21,-0.03470830246806145,0.08376277983188629,2.196746826171875
346,68,9.0,pre_bbox,300,0.7754262089729309,127,67,0.7414745092391968,0.21748681366443634,0.47954636812210083,0.7754262089729309,29,0.7754262089729309,29,0.7754262089729309,29,0.13710527122020721,-0.13232599198818207,1.0774685144424438
346,66,10.0,decoder_1,300,0.7959063649177551,189,88,0.7615182995796204,0.4499139189720154,0.5306753516197205,0.7959063649177551,15,0.7959063649177551,15,0.7959063649177551,15,0.06198656186461449,0.035385534167289734,1.9386553764343262
346,67,9.0,decoder_1,300,0.7390528917312622,51,24,0.6079447865486145,0.2410452514886856,0.6897093653678894,0.7390528917312622,23,0.7390528917312622,23,0.7390528917312622,23,-0.032298494130373,0.09018158167600632,2.1832311153411865
346,68,9.0,decoder_1,300,0.775317370891571,127,67,0.7412698268890381,0.22154195606708527,0.48824888467788696,0.775317370891571,29,0.775317370891571,29,0.775317370891571,28,0.14893846213817596,-0.12346261739730835,1.070050835609436
346,66,10.0,decoder_2,300,0.8093338012695312,189,88,0.7792799472808838,0.09936579316854477,0.8112640380859375,0.8093338012695312,23,0.8093338012695312,23,0.8093338012695312,6,0.07874401658773422,0.010104428045451641,1.9020668268203735
346,67,9.0,decoder_2,300,0.7533010244369507,163,24,0.6090763211250305,0.030100321397185326,0.8382213115692139,0.7533010244369507,32,0.7533010244369507,32,0.637684166431427,7,-0.04237715154886246,0.10385340452194214,2.2650938034057617
346,68,9.0,decoder_2,300,0.7725022435188293,93,67,0.692179262638092,0.019660605117678642,0.7410945296287537,0.7725022435188293,42,0.7725022435188293,42,0.692179262638092,3,0.2041984498500824,-0.06616102159023285,1.05506432056427
346,66,10.0,decoder_3,300,0.8010897636413574,189,88,0.7800967693328857,0.026436107233166695,0.8121834397315979,0.8010897636413574,27,0.8010897636413574,27,0.7800967693328857,4,0.07931408286094666,0.009129832498729229,1.984525203704834
346,67,9.0,decoder_3,300,0.7129027843475342,247,24,0.6081047654151917,0.03876776620745659,0.8045356869697571,0.7129027843475342,34,0.7129027843475342,34,0.6316832900047302,4,-0.20035532116889954,0.1521599292755127,1.6624319553375244
346,68,9.0,decoder_3,300,0.7639325857162476,93,67,0.6900259256362915,0.013384420424699783,0.8043550848960876,0.7639325857162476,43,0.7639325857162476,43,0.6900259256362915,1,0.2041720598936081,-0.05238970369100571,1.1439471244812012
346,66,10.0,final_nms07,153,0.7800967693328857,0,0,0.7800967693328857,0.8121834397315979,0.8121834397315979,0.7800967693328857,3,0.7800967693328857,3,0.7800967693328857,2,0.07705263793468475,0.006772993598133326,2.1978962421417236
346,67,9.0,final_nms07,153,0.6265969276428223,51,1,0.6081047654151917,0.016337016597390175,0.8045356869697571,0.6265969276428223,3,0.6265969276428223,3,0.6081047654151917,2,-0.31502097845077515,-0.05218302085995674,1.175323486328125
346,68,9.0,final_nms07,153,0.6900259256362915,2,2,0.6900259256362915,0.8043550848960876,0.8043550848960876,0.6900259256362915,1,0.6900259256362915,1,0.6900259256362915,1,0.16376735270023346,-0.05270962417125702,2.7439796924591064
347,69,10.0,encoder_all_counterfactual,8400,0.6307705044746399,2344,2029,0.4237224757671356,0.04176271706819534,0.1327710747718811,0.6307705044746399,1,0.6307705044746399,1,0.4237224757671356,0,0.4644812345504761,0.02641025185585022,3.8084144592285156
347,70,9.0,encoder_all_counterfactual,8400,0.5419573783874512,2996,2188,0.18985256552696228,0.04017481952905655,0.15041495859622955,0.5419573783874512,1,0.5419573783874512,1,0.40644970536231995,0,-0.15287865698337555,0.07497184723615646,4.247647762298584
347,71,8.0,encoder_all_counterfactual,8400,0.5058191418647766,6033,2828,0.30439522862434387,0.028518693521618843,0.1428092122077942,0.5058191418647766,1,0.5058191418647766,1,0.35348835587501526,0,0.47524523735046387,0.34011074900627136,2.1183791160583496
347,69,10.0,topk,300,0.4237224757671356,59,59,0.4237224757671356,0.1327710747718811,0.1327710747718811,0.4237224757671356,0,0.4237224757671356,0,0.4237224757671356,0,-0.18869549036026,0.03676263242959976,6.422558784484863
347,70,9.0,topk,300,0.40644970536231995,65,8,0.18985256552696228,0.13150006532669067,0.15041495859622955,0.40644970536231995,0,0.40644970536231995,0,0.40644970536231995,0,0.0793621614575386,0.12244097143411636,6.726496696472168
347,71,8.0,topk,300,0.35348835587501526,32,21,0.30439522862434387,0.13975459337234497,0.1428092122077942,0.35348835587501526,0,0.35348835587501526,0,0.35348835587501526,0,0.27651581168174744,-0.0320134200155735,8.738038063049316
347,69,10.0,pre_bbox,300,0.866205096244812,126,126,0.866205096244812,0.5797033309936523,0.5797033309936523,0.866205096244812,27,0.866205096244812,27,0.866205096244812,27,-0.07714393734931946,0.07086684554815292,0.670874297618866
347,70,9.0,pre_bbox,300,0.8984740376472473,44,65,0.821700930595398,0.10271497815847397,0.5709793567657471,0.8984740376472473,21,0.8984740376472473,21,0.8984740376472473,20,-0.06645713001489639,0.03398166596889496,0.6620875597000122
347,71,8.0,pre_bbox,300,0.8450825810432434,121,32,0.727751612663269,0.13296088576316833,0.4775215685367584,0.8450825810432434,38,0.8450825810432434,38,0.8450825810432434,35,-0.028974704444408417,-0.10782796144485474,0.6052471399307251
347,69,10.0,decoder_1,300,0.8704261183738708,126,126,0.8704261183738708,0.5860329866409302,0.5860329866409302,0.8704261183738708,24,0.8704261183738708,24,0.8704261183738708,24,-0.07429470866918564,0.06860291212797165,0.6946828365325928
347,70,9.0,decoder_1,300,0.8528026938438416,102,65,0.8140920996665955,0.14180856943130493,0.577960729598999,0.8528026938438416,26,0.8528026938438416,26,0.8528026938438416,23,-0.09746724367141724,0.01829458214342594,0.5900619029998779
347,71,8.0,decoder_1,300,0.886996328830719,121,32,0.7310909628868103,0.13575325906276703,0.4850434362888336,0.886996328830719,37,0.886996328830719,37,0.886996328830719,32,0.009516317397356033,-0.10409526526927948,0.3592699468135834
347,69,10.0,decoder_2,300,0.9234805703163147,56,126,0.8866471648216248,0.018038434907794,0.794854462146759,0.9234805703163147,31,0.9234805703163147,31,0.8882976770401001,5,-0.062162887305021286,-0.0052635082975029945,0.349651575088501
347,70,9.0,decoder_2,300,0.8749938011169434,19,65,0.7882784605026245,0.06275620311498642,0.8265348672866821,0.8749938011169434,34,0.8749938011169434,34,0.8749938011169434,9,0.08751381188631058,0.0011729226680472493,0.9764159321784973
347,71,8.0,decoder_2,300,0.8543803691864014,78,32,0.782799243927002,0.028017323464155197,0.7975051403045654,0.8543803691864014,47,0.8543803691864014,47,0.8517020344734192,10,-0.05241486802697182,-0.05958498269319534,1.1105751991271973
347,69,10.0,decoder_3,300,0.9275415539741516,56,126,0.8925251364707947,0.016417255625128746,0.7982504367828369,0.9275415539741516,33,0.9275415539741516,33,0.895108699798584,3,-0.06418635696172714,0.0027073966339230537,0.2674042582511902
347,70,9.0,decoder_3,300,0.9095234870910645,29,65,0.8043453693389893,0.029447952285408974,0.8060982823371887,0.9095234870910645,35,0.9095234870910645,35,0.8409467339515686,9,0.03651060163974762,0.060749128460884094,0.14277715981006622
347,71,8.0,decoder_3,300,0.8823582530021667,82,32,0.7827486991882324,0.029913272708654404,0.8056635856628418,0.8823582530021667,51,0.8823582530021667,51,0.7827486991882324,2,0.06947430968284607,-0.008913209661841393,0.7328051328659058
347,69,10.0,final_nms07,146,0.8925251364707947,2,2,0.8925251364707947,0.7982504367828369,0.7982504367828369,0.8925251364707947,6,0.8925251364707947,6,0.8925251364707947,1,-0.06819010525941849,0.04723503440618515,0.4225674271583557
347,70,9.0,final_nms07,146,0.8043453693389893,0,0,0.8043453693389893,0.8060982823371887,0.8060982823371887,0.8043453693389893,4,0.8043453693389893,4,0.8043453693389893,3,0.14259015023708344,0.08809386938810349,0.976520299911499
347,71,8.0,final_nms07,146,0.7827486991882324,1,1,0.7827486991882324,0.8056635856628418,0.8056635856628418,0.7827486991882324,5,0.7827486991882324,5,0.7827486991882324,1,0.26998335123062134,-0.004557887092232704,0.17332030832767487
348,72,9.0,encoder_all_counterfactual,8400,0.6343607902526855,2029,2028,0.4119381904602051,0.12214414775371552,0.12773968279361725,0.6343607902526855,1,0.6343607902526855,1,0.6343607902526855,1,-0.07977205514907837,-0.10284614562988281,2.9115843772888184
348,73,8.0,encoder_all_counterfactual,8400,0.5820964574813843,2598,2513,0.18551601469516754,0.05344246327877045,0.1323491930961609,0.5820964574813843,1,0.5820964574813843,1,0.5820964574813843,1,0.12561121582984924,0.1486920416355133,3.5722999572753906
348,74,8.0,encoder_all_counterfactual,8400,0.48796504735946655,2826,2908,0.36984914541244507,0.09822942316532135,0.13066834211349487,0.48796504735946655,0,0.48796504735946655,0,0.48796504735946655,0,0.5065191388130188,0.027603711932897568,3.45158314704895
348,72,9.0,topk,300,0.6343607902526855,108,87,0.4119381904602051,0.12214414775371552,0.12773968279361725,0.6343607902526855,1,0.6343607902526855,1,0.6343607902526855,1,-0.07977205514907837,-0.10284614562988281,2.9115843772888184
348,73,8.0,topk,300,0.18551601469516754,67,67,0.18551601469516754,0.1323491930961609,0.1323491930961609,0.18551601469516754,0,0.18551601469516754,0,0.18551601469516754,0,0.04934682697057724,0.27465111017227173,10.174484252929688
348,74,8.0,topk,300,0.48796504735946655,267,76,0.36984914541244507,0.09822942316532135,0.13066834211349487,0.48796504735946655,0,0.48796504735946655,0,0.48796504735946655,0,0.5065191388130188,0.027603711932897568,3.45158314704895
348,72,9.0,pre_bbox,300,0.7796275615692139,91,108,0.7334211468696594,0.3703095614910126,0.4920976758003235,0.7796275615692139,17,0.7796275615692139,17,0.7796275615692139,17,0.1148962676525116,0.02744876593351364,1.7672520875930786
348,73,8.0,pre_bbox,300,0.8112288117408752,112,144,0.6098966598510742,0.06554795801639557,0.2762572169303894,0.8112288117408752,19,0.8112288117408752,19,0.8112288117408752,18,0.08519110083580017,0.12075652927160263,0.9073122143745422
348,74,8.0,pre_bbox,300,0.8413271307945251,82,267,0.7473152875900269,0.14816336333751678,0.6125175356864929,0.8413271307945251,26,0.8413271307945251,26,0.8413271307945251,26,0.1654352992773056,0.019875217229127884,1.212712049484253
348,72,9.0,decoder_1,300,0.7865830659866333,0,108,0.7350724339485168,0.09471293538808823,0.4989110827445984,0.7865830659866333,18,0.7865830659866333,18,0.7865830659866333,17,-0.1061292514204979,0.008560906164348125,1.5624322891235352
348,73,8.0,decoder_1,300,0.7237561941146851,56,144,0.594988226890564,0.06341736018657684,0.28043562173843384,0.7237561941146851,17,0.7237561941146851,17,0.7237561941146851,17,0.2002546191215515,0.13295121490955353,1.1682400703430176
348,74,8.0,decoder_1,300,0.8109326958656311,82,267,0.7534897923469543,0.15112173557281494,0.6222284436225891,0.8109326958656311,31,0.8109326958656311,31,0.8109326958656311,28,0.2074422538280487,0.021287046372890472,1.20425546169281
348,72,9.0,decoder_2,300,0.8230851888656616,40,108,0.6922289729118347,0.030566707253456116,0.7874829769134521,0.8230851888656616,20,0.8230851888656616,20,0.7179124355316162,3,0.11942476779222488,0.08532737195491791,0.38339903950691223
348,73,8.0,decoder_2,300,0.7771810293197632,45,144,0.5687516331672668,0.10242018103599548,0.6782256364822388,0.7771810293197632,28,0.7771810293197632,27,0.7771810293197632,13,-0.0018676097970455885,0.20753127336502075,2.1128900051116943
348,74,8.0,decoder_2,300,0.7794498205184937,152,267,0.693892776966095,0.03305310755968094,0.7157424092292786,0.7794498205184937,42,0.7794498205184937,42,0.693892776966095,2,0.040635932236909866,0.013785134069621563,1.7563236951828003
348,72,9.0,decoder_3,300,0.8289735913276672,40,108,0.6906540989875793,0.028193211182951927,0.7957583665847778,0.8289735913276672,22,0.8289735913276672,22,0.7089095115661621,2,0.14085379242897034,0.05737478286027908,0.7686276435852051
348,73,8.0,decoder_3,300,0.7055391669273376,45,144,0.577595055103302,0.04635126143693924,0.769658625125885,0.7055391669273376,31,0.7055391669273376,31,0.606555163860321,6,0.14912468194961548,0.2334248423576355,1.7747929096221924
348,74,8.0,decoder_3,300,0.7833772897720337,49,267,0.6939869523048401,0.027185501530766487,0.7876622676849365,0.7833772897720337,49,0.7833772897720337,49,0.6939869523048401,2,0.2337321788072586,0.014628134667873383,1.0790870189666748
348,72,9.0,final_nms07,159,0.6906540989875793,0,0,0.6906540989875793,0.7957583665847778,0.7957583665847778,0.6906540989875793,2,0.6906540989875793,2,0.6906540989875793,1,0.22527997195720673,0.056241877377033234,2.630678653717041
348,73,8.0,final_nms07,159,0.582834780216217,3,2,0.577595055103302,0.1635299175977707,0.769658625125885,0.582834780216217,3,0.582834780216217,3,0.582834780216217,3,0.20912596583366394,0.17837627232074738,3.3475584983825684
348,74,8.0,final_nms07,159,0.6939869523048401,1,1,0.6939869523048401,0.7876622676849365,0.7876622676849365,0.6939869523048401,4,0.6939869523048401,4,0.6939869523048401,1,0.30913183093070984,0.07124768197536469,1.052067756652832
349,75,10.0,encoder_all_counterfactual,8400,0.6297061443328857,2600,2111,0.23022575676441193,0.05117693543434143,0.15120454132556915,0.6297061443328857,2,0.6297061443328857,2,0.6297061443328857,2,-0.22271272540092468,-0.18986545503139496,2.4431934356689453
349,76,6.999999999999999,encoder_all_counterfactual,8400,0.41152310371398926,2347,2433,0.15215730667114258,0.06244427338242531,0.147932231426239,0.41152310371398926,0,0.41152310371398926,0,0.41152310371398926,0,0.09156419336795807,0.35488924384117126,5.9189019203186035
349,77,8.0,encoder_all_counterfactual,8400,0.4992561936378479,2986,3073,0.17048725485801697,0.05578060820698738,0.14430926740169525,0.4992561936378479,0,0.4992561936378479,0,0.4992561936378479,0,0.687445878982544,0.0903078019618988,4.750972270965576
349,75,10.0,topk,300,0.5188391804695129,252,8,0.23022575676441193,0.08995157480239868,0.15120454132556915,0.5188391804695129,1,0.5188391804695129,1,0.5188391804695129,1,-0.2696852684020996,-0.1811799257993698,4.445072650909424
349,76,6.999999999999999,topk,300,0.3059978783130646,27,12,0.15215730667114258,0.1399354785680771,0.147932231426239,0.3059978783130646,0,0.3059978783130646,0,0.3059978783130646,0,-0.10477936267852783,0.5257225036621094,8.680375099182129
349,77,8.0,topk,300,0.1979077011346817,54,17,0.17048725485801697,0.13032954931259155,0.14430926740169525,0.1979077011346817,0,0.1979077011346817,0,0.1979077011346817,0,0.1452535092830658,0.014773186296224594,11.031418800354004
349,75,10.0,pre_bbox,300,0.8018395900726318,8,130,0.7104464173316956,0.29132282733917236,0.6292932033538818,0.8018395900726318,26,0.8018395900726318,26,0.8018395900726318,26,-0.10400551557540894,0.06708402931690216,1.6737027168273926
349,76,6.999999999999999,pre_bbox,300,0.6923835873603821,88,27,0.6351437568664551,0.2390342801809311,0.3643248677253723,0.6923835873603821,17,0.6923835873603821,17,0.6923835873603821,17,-0.1438177525997162,0.2763105630874634,1.9349675178527832
349,77,8.0,pre_bbox,300,0.9254330992698669,157,54,0.7126772999763489,0.1328493356704712,0.33652132749557495,0.9254330992698669,33,0.9254330992698669,33,0.9254330992698669,33,0.030242808163166046,-0.030733497813344002,0.4635511636734009
349,75,10.0,decoder_1,300,0.8171887397766113,78,130,0.713751494884491,0.25983744859695435,0.6348285675048828,0.8171887397766113,27,0.8171887397766113,27,0.8171887397766113,26,-0.1608378291130066,-0.022956622764468193,0.42513594031333923
349,76,6.999999999999999,decoder_1,300,0.6930392980575562,88,27,0.6279559135437012,0.2447355091571808,0.3686814606189728,0.6930392980575562,23,0.6930392980575562,23,0.6930392980575562,21,-0.13542255759239197,0.28628382086753845,1.9280742406845093
349,77,8.0,decoder_1,300,0.9053910970687866,157,54,0.7197193503379822,0.1346186399459839,0.34062036871910095,0.9053910970687866,35,0.9053910970687866,35,0.9053910970687866,34,0.034277163445949554,-0.02993413247168064,0.6504895687103271
349,75,10.0,decoder_2,300,0.867458164691925,286,130,0.7195004820823669,0.03588834032416344,0.7648676633834839,0.867458164691925,32,0.867458164691925,32,0.7195004820823669,2,0.0050236741080880165,0.09358718991279602,1.2166136503219604
349,76,6.999999999999999,decoder_2,300,0.7152984738349915,152,27,0.6439780592918396,0.04594891890883446,0.7351179122924805,0.7152984738349915,30,0.7152984738349915,30,0.6601324081420898,13,-0.044356536120176315,0.34325700998306274,1.4736204147338867
349,77,8.0,decoder_2,300,0.8740469813346863,157,54,0.7831834554672241,0.03723229095339775,0.8001848459243774,0.8740469813346863,45,0.8740469813346863,45,0.8062171936035156,8,0.10667433589696884,-0.005330790299922228,0.9454928636550903
349,75,10.0,decoder_3,300,0.8369469046592712,276,130,0.7130736112594604,0.018101373687386513,0.7822752594947815,0.8369469046592712,34,0.8369469046592712,34,0.7130736112594604,2,-0.11685234308242798,0.06250303983688354,0.8448598980903625
349,76,6.999999999999999,decoder_3,300,0.7089155316352844,9,27,0.6469795107841492,0.03341543674468994,0.7805491089820862,0.7089155316352844,32,0.7089155316352844,32,0.7058684229850769,5,-0.0841052457690239,0.31877973675727844,0.9556791186332703
349,77,8.0,decoder_3,300,0.884894609451294,157,54,0.7904229164123535,0.0231068953871727,0.7733887434005737,0.884894609451294,52,0.884894609451294,52,0.8088099360466003,5,0.09564793854951859,-0.009541834704577923,0.8770937323570251
349,75,10.0,final_nms07,145,0.7130736112594604,0,0,0.7130736112594604,0.7822752594947815,0.7822752594947815,0.7130736112594604,3,0.7130736112594604,3,0.7130736112594604,1,-0.08259192109107971,0.04074927419424057,2.5454442501068115
349,76,6.999999999999999,final_nms07,145,0.7058684229850769,3,1,0.6469795107841492,0.08850350975990295,0.7805491089820862,0.7058684229850769,4,0.7058684229850769,4,0.7058684229850769,3,0.260846346616745,0.07672668248414993,1.688016653060913
349,77,8.0,final_nms07,145,0.7904229164123535,2,2,0.7904229164123535,0.7733887434005737,0.7733887434005737,0.7904229164123535,5,0.7904229164123535,5,0.7904229164123535,1,0.21177957952022552,0.014600430615246296,1.3982181549072266
350,78,8.0,encoder_all_counterfactual,8400,0.45965641736984253,2031,2029,0.21813233196735382,0.10900703817605972,0.13539141416549683,0.45965641736984253,0,0.45965641736984253,0,0.45965641736984253,0,0.10814749449491501,-0.02477055788040161,6.4504923820495605
350,79,9.0,encoder_all_counterfactual,8400,0.7590202689170837,3077,2349,0.5412136912345886,0.03916264325380325,0.14492258429527283,0.7590202689170837,2,0.7590202689170837,2,0.5412136912345886,1,0.0067668515257537365,0.00875839777290821,2.175731897354126
350,80,10.0,encoder_all_counterfactual,8400,0.40822598338127136,3073,2833,0.10667005926370621,0.12305144220590591,0.14441215991973877,0.40822598338127136,0,0.40822598338127136,0,0.40822598338127136,0,-0.06458672881126404,0.11026138067245483,7.999624252319336
350,78,8.0,topk,300,0.45965641736984253,157,43,0.21813233196735382,0.10900703817605972,0.13539141416549683,0.45965641736984253,0,0.45965641736984253,0,0.45965641736984253,0,0.10814749449491501,-0.02477055788040161,6.4504923820495605
350,79,9.0,topk,300,0.5412136912345886,13,13,0.5412136912345886,0.14492258429527283,0.14492258429527283,0.5412136912345886,1,0.5412136912345886,1,0.5412136912345886,1,-0.007426755502820015,0.016990909352898598,5.5121588706970215
350,80,10.0,topk,300,0.40822598338127136,78,14,0.10667005926370621,0.12305144220590591,0.14441215991973877,0.40822598338127136,0,0.40822598338127136,0,0.40822598338127136,0,-0.06458672881126404,0.11026138067245483,7.999624252319336
350,78,8.0,pre_bbox,300,0.8666726350784302,99,110,0.6085432171821594,0.10353691130876541,0.40826326608657837,0.8666726350784302,15,0.8666726350784302,15,0.8666726350784302,15,0.02449195832014084,-0.049140192568302155,0.8830764889717102
350,79,9.0,pre_bbox,300,0.9003146886825562,24,13,0.8577841520309448,0.09682953357696533,0.5128639936447144,0.9003146886825562,24,0.9003146886825562,24,0.9003146886825562,24,-0.060037221759557724,0.015416023321449757,0.7674456238746643
350,80,10.0,pre_bbox,300,0.812393307685852,107,78,0.752432107925415,0.05639071762561798,0.3840515613555908,0.812393307685852,37,0.812393307685852,37,0.812393307685852,35,-0.10980942845344543,-0.05642838776111603,1.2652337551116943
350,78,8.0,decoder_1,300,0.7305274605751038,49,110,0.5934053659439087,0.16278749704360962,0.41228923201560974,0.7305274605751038,12,0.7305274605751038,12,0.7305274605751038,12,0.22673752903938293,0.08083829283714294,2.016655921936035
350,79,9.0,decoder_1,300,0.949164867401123,24,13,0.8375566005706787,0.09774236381053925,0.5162729024887085,0.949164867401123,27,0.949164867401123,27,0.949164867401123,24,-0.042061012238264084,0.009648297913372517,0.14469796419143677
350,80,10.0,decoder_1,300,0.7833619117736816,176,78,0.7439848184585571,0.12693388760089874,0.39041706919670105,0.7833619117736816,37,0.7833619117736816,37,0.7833619117736816,35,-0.024258598685264587,0.14098715782165527,1.5344327688217163
350,78,8.0,decoder_2,300,0.6379847526550293,49,106,0.552952229976654,0.018641266971826553,0.7609159350395203,0.6379847526550293,14,0.6379847526550293,14,0.575180172920227,3,0.2750765383243561,0.06577213853597641,2.542771100997925
350,79,9.0,decoder_2,300,0.9057753682136536,216,13,0.8225017786026001,0.045472949743270874,0.7376591563224792,0.9057753682136536,30,0.9057753682136536,30,0.8941871523857117,20,0.01276240311563015,-0.01254576537758112,0.6464430093765259
350,80,10.0,decoder_2,300,0.8378676176071167,154,78,0.7881032228469849,0.040148306638002396,0.7565922737121582,0.8378676176071167,38,0.8378676176071167,38,0.8139737248420715,4,-0.055000219494104385,0.08631087094545364,1.3783495426177979
350,78,8.0,decoder_3,300,0.6606510281562805,99,106,0.5536021590232849,0.016267523169517517,0.7818898558616638,0.6606510281562805,16,0.6606510281562805,16,0.5670386552810669,2,0.224250927567482,0.008571790531277657,2.2246031761169434
350,79,9.0,decoder_3,300,0.9108648896217346,216,13,0.8244121074676514,0.0260003674775362,0.75990229845047,0.9108648896217346,44,0.9108648896217346,44,0.8431012034416199,10,0.013906046748161316,-0.011985743418335915,0.6171307563781738
350,80,10.0,decoder_3,300,0.8449544906616211,72,78,0.7943755984306335,0.01423778384923935,0.7997269034385681,0.8449544906616211,43,0.8449544906616211,43,0.7943755984306335,1,-0.02777470462024212,0.11459293961524963,1.1787351369857788
350,78,8.0,final_nms07,163,0.5536021590232849,1,1,0.5536021590232849,0.7818898558616638,0.7818898558616638,0.5536021590232849,1,0.5536021590232849,1,0.5536021590232849,1,0.3703368306159973,0.040392085909843445,3.005429267883301
350,79,9.0,final_nms07,163,0.8244121074676514,2,2,0.8244121074676514,0.75990229845047,0.75990229845047,0.8244121074676514,8,0.8244121074676514,8,0.8244121074676514,5,0.1283341944217682,0.051563821732997894,0.7515459656715393
350,80,10.0,final_nms07,163,0.7943755984306335,0,0,0.7943755984306335,0.7997269034385681,0.7997269034385681,0.7943755984306335,4,0.7943755984306335,4,0.7943755984306335,1,-0.021748382598161697,0.186590313911438,2.0122222900390625
351,81,9.0,encoder_all_counterfactual,8400,0.615670382976532,2028,2188,0.2325819581747055,0.11214843392372131,0.1315477192401886,0.615670382976532,1,0.615670382976532,1,0.615670382976532,1,0.10949508100748062,-0.128615602850914,3.2755355834960938
351,82,7.0,encoder_all_counterfactual,8400,0.6154215335845947,2681,2428,0.1865728497505188,0.0543496198952198,0.13959503173828125,0.6154215335845947,1,0.6154215335845947,1,0.6154215335845947,1,0.14916829764842987,0.08441195636987686,2.934687376022339
351,83,9.0,encoder_all_counterfactual,8400,0.47780248522758484,2908,2829,0.2658434510231018,0.1254638284444809,0.14064379036426544,0.47780248522758484,0,0.47780248522758484,0,0.47780248522758484,0,0.28656718134880066,0.15923041105270386,5.635229110717773
351,81,9.0,topk,300,0.615670382976532,150,67,0.2325819581747055,0.11214843392372131,0.1315477192401886,0.615670382976532,1,0.615670382976532,1,0.615670382976532,1,0.10949508100748062,-0.128615602850914,3.2755355834960938
351,82,7.0,topk,300,0.45214423537254333,52,36,0.1865728497505188,0.13534954190254211,0.13959503173828125,0.45214423537254333,0,0.45214423537254333,0,0.45214423537254333,0,0.2879885733127594,0.14122313261032104,5.236319541931152
351,83,9.0,topk,300,0.47780248522758484,95,31,0.2658434510231018,0.1254638284444809,0.14064379036426544,0.47780248522758484,0,0.47780248522758484,0,0.47780248522758484,0,0.28656718134880066,0.15923041105270386,5.635229110717773
351,81,9.0,pre_bbox,300,0.8646265268325806,9,150,0.6697760820388794,0.09294527024030685,0.6642671227455139,0.8646265268325806,31,0.8646265268325806,31,0.8646265268325806,31,-0.03592448681592941,0.09854914247989655,0.9013071060180664
351,82,7.0,pre_bbox,300,0.7711812853813171,76,52,0.5918917655944824,0.1007545217871666,0.6546506285667419,0.7711812853813171,21,0.7711812853813171,21,0.7711812853813171,19,0.1817067414522171,0.04900725930929184,1.1333845853805542
351,83,9.0,pre_bbox,300,0.89009028673172,72,74,0.6001404523849487,0.13133955001831055,0.5033884644508362,0.89009028673172,29,0.89009028673172,29,0.89009028673172,29,0.05569170415401459,0.06421377509832382,0.23612840473651886
351,81,9.0,decoder_1,300,0.8311296105384827,102,150,0.6722905039787292,0.11175651103258133,0.6694658994674683,0.8311296105384827,31,0.8311296105384827,31,0.8311296105384827,30,0.04871460050344467,0.06015986576676369,1.1535698175430298
351,82,7.0,decoder_1,300,0.740889847278595,76,52,0.5966411232948303,0.101352758705616,0.6601318717002869,0.740889847278595,20,0.740889847278595,20,0.740889847278595,18,0.20750856399536133,0.040274377912282944,1.0825283527374268
351,83,9.0,decoder_1,300,0.8663650155067444,72,74,0.595502495765686,0.13486185669898987,0.5102542638778687,0.8663650155067444,33,0.8663650155067444,33,0.8663650155067444,30,0.10025883466005325,0.04906845837831497,0.10228678584098816
351,81,9.0,decoder_2,300,0.7477917671203613,11,150,0.633775532245636,0.01821076311171055,0.7837510108947754,0.7477917671203613,32,0.7477917671203613,32,0.7376161813735962,3,0.1715441197156906,0.11355099081993103,1.7059805393218994
351,82,7.0,decoder_2,300,0.6156315803527832,8,52,0.5179513692855835,0.027764445170760155,0.7215715646743774,0.6156315803527832,26,0.6156315803527832,26,0.611129105091095,6,0.4516739547252655,0.11866198480129242,2.429384708404541
351,83,9.0,decoder_2,300,0.7182344794273376,96,74,0.5814712047576904,0.042272843420505524,0.7144252061843872,0.7182344794273376,43,0.7182344794273376,43,0.6745504140853882,5,0.2728753387928009,0.07813218235969543,2.6194958686828613
351,81,9.0,decoder_3,300,0.7847797870635986,70,150,0.6397863030433655,0.019630849361419678,0.7949232459068298,0.7847797870635986,33,0.7847797870635986,33,0.7800887227058411,4,0.06876905262470245,0.11823542416095734,1.5756678581237793
351,82,7.0,decoder_3,300,0.6293538212776184,8,52,0.5301517844200134,0.017199497669935226,0.7860146164894104,0.6293538212776184,27,0.6293538212776184,27,0.6069446802139282,5,0.4137715995311737,0.12389280647039413,1.891527771949768
351,83,9.0,decoder_3,300,0.7319933772087097,10,74,0.5905685424804688,0.021064866334199905,0.7914880514144897,0.7319933772087097,43,0.7319933772087097,43,0.5905685424804688,1,0.2547045946121216,0.08881019055843353,1.6571589708328247
351,81,9.0,final_nms07,152,0.6397863030433655,0,0,0.6397863030433655,0.7949232459068298,0.7949232459068298,0.6397863030433655,1,0.6397863030433655,1,0.6397863030433655,1,0.2747722566127777,0.2261192500591278,1.1698548793792725
351,82,7.0,final_nms07,152,0.557650089263916,6,2,0.5301517844200134,0.04969571530818939,0.7860146164894104,0.557650089263916,2,0.557650089263916,2,0.5301517844200134,1,0.452778160572052,-0.020215408876538277,3.3576300144195557
351,83,9.0,final_nms07,152,0.6669333577156067,43,1,0.5905685424804688,0.016945388168096542,0.7914880514144897,0.6669333577156067,3,0.6669333577156067,3,0.5905685424804688,1,0.2097330242395401,0.0811915248632431,2.263733386993408
352,84,9.0,encoder_all_counterfactual,8400,0.8257005214691162,2029,2029,0.8257005214691162,0.11294544488191605,0.11294544488191605,0.8257005214691162,2,0.8257005214691162,2,0.8257005214691162,1,0.14295358955860138,-0.06379415094852448,0.4509716331958771
352,85,9.0,encoder_all_counterfactual,8400,0.5844565629959106,2680,2349,0.3989660441875458,0.08409950137138367,0.14437711238861084,0.5844565629959106,1,0.5844565629959106,1,0.5844565629959106,1,0.18238388001918793,0.1800142228603363,3.6008377075195312
352,86,9.0,encoder_all_counterfactual,8400,0.5681066513061523,5633,2830,0.2898533046245575,0.030399251729249954,0.1386742889881134,0.5681066513061523,1,0.5681066513061523,1,0.46033450961112976,0,0.2706316113471985,0.030161604285240173,4.180997848510742
352,84,9.0,topk,300,0.8257005214691162,153,153,0.8257005214691162,0.11294544488191605,0.11294544488191605,0.8257005214691162,1,0.8257005214691162,1,0.8257005214691162,1,0.14295358955860138,-0.06379415094852448,0.4509716331958771
352,85,9.0,topk,300,0.3989660441875458,15,15,0.3989660441875458,0.14437711238861084,0.14437711238861084,0.3989660441875458,0,0.3989660441875458,0,0.3989660441875458,0,-0.05923392251133919,0.10691527277231216,7.0691728591918945
352,86,9.0,topk,300,0.46033450961112976,80,35,0.2898533046245575,0.12627141177654266,0.1386742889881134,0.46033450961112976,0,0.46033450961112976,0,0.46033450961112976,0,0.17410467565059662,0.10507494956254959,5.695756435394287
352,84,9.0,pre_bbox,300,0.8514688611030579,8,153,0.752410888671875,0.06051301211118698,0.5968944430351257,0.8514688611030579,18,0.8514688611030579,18,0.8514688611030579,18,-0.043858181685209274,0.1285698264837265,0.9949511885643005
352,85,9.0,pre_bbox,300,0.8649389147758484,180,15,0.6606099009513855,0.107523612678051,0.4776906967163086,0.8649389147758484,29,0.8649389147758484,29,0.8649389147758484,27,-0.049394406378269196,0.10418959707021713,0.5314686298370361
352,86,9.0,pre_bbox,300,0.8805310726165771,128,35,0.7082960605621338,0.10575667768716812,0.30392900109291077,0.8805310726165771,25,0.8805310726165771,25,0.8805310726165771,25,0.0922260582447052,0.03978516533970833,0.7927179336547852
352,84,9.0,decoder_1,300,0.7751296758651733,40,153,0.7537646889686584,0.1487809419631958,0.6033684015274048,0.7751296758651733,15,0.7751296758651733,15,0.7751296758651733,15,0.11163149029016495,0.0632055401802063,1.8874855041503906
352,85,9.0,decoder_1,300,0.9025507569313049,180,15,0.6506558656692505,0.10969031602144241,0.48177963495254517,0.9025507569313049,24,0.9025507569313049,24,0.9025507569313049,23,-0.006236376706510782,0.0989370048046112,0.26827719807624817
352,86,9.0,decoder_1,300,0.8598343133926392,128,105,0.6286363005638123,0.10708707571029663,0.30730554461479187,0.8598343133926392,29,0.8598343133926392,29,0.8598343133926392,27,0.10049965977668762,0.04199002683162689,1.0033832788467407
352,84,9.0,decoder_2,300,0.7134337425231934,207,153,0.6805900931358337,0.025154147297143936,0.7869943976402283,0.7134337425231934,18,0.7134337425231934,18,0.6805900931358337,1,0.2572096288204193,0.031054768711328506,1.411664366722107
352,85,9.0,decoder_2,300,0.8491639494895935,78,15,0.5709172487258911,0.03386087715625763,0.7202855348587036,0.8491639494895935,39,0.8491639494895935,39,0.7750927209854126,20,0.055276256054639816,-0.07007424533367157,1.038913369178772
352,86,9.0,decoder_2,300,0.7532342076301575,294,105,0.5777819156646729,0.04583219066262245,0.6725884079933167,0.7532342076301575,45,0.7532342076301575,45,0.6899418830871582,9,0.12112043797969818,0.12790285050868988,2.03395414352417
352,84,9.0,decoder_3,300,0.7231577634811401,207,153,0.692768931388855,0.02275707572698593,0.7847265005111694,0.7231577634811401,18,0.7231577634811401,18,0.692768931388855,1,0.25812673568725586,0.03750985488295555,1.3756552934646606
352,85,9.0,decoder_3,300,0.7470923662185669,9,15,0.5859991908073425,0.08208423852920532,0.7912328839302063,0.7470923662185669,44,0.7470923662185669,44,0.7470923662185669,16,0.17586137354373932,-0.01762528344988823,2.1722586154937744
352,86,9.0,decoder_3,300,0.6757633686065674,104,105,0.5831508040428162,0.024801434949040413,0.7844135761260986,0.6757633686065674,47,0.6757633686065674,47,0.6301654577255249,4,0.3150175213813782,0.12531250715255737,1.017985224723816
352,84,9.0,final_nms07,149,0.692768931388855,1,1,0.692768931388855,0.7847265005111694,0.7847265005111694,0.692768931388855,2,0.692768931388855,2,0.692768931388855,1,0.32525092363357544,0.08921685069799423,1.1629080772399902
352,85,9.0,final_nms07,149,0.7470923662185669,5,0,0.5859991908073425,0.08208423852920532,0.7912328839302063,0.7470923662185669,4,0.7470923662185669,4,0.7470923662185669,3,0.17586137354373932,-0.01762528344988823,2.1722586154937744
352,86,9.0,final_nms07,149,0.5920035243034363,22,2,0.5831508040428162,0.03319771587848663,0.7844135761260986,0.5920035243034363,4,0.5920035243034363,4,0.5831508040428162,1,0.2353154569864273,0.0881175845861435,4.08535099029541
353,87,8.0,encoder_all_counterfactual,8400,0.4580635726451874,2028,2108,0.11977430433034897,0.12161515653133392,0.14316913485527039,0.4580635726451874,0,0.4580635726451874,0,0.4580635726451874,0,-0.06108465418219566,0.13482941687107086,5.3498854637146
353,88,7.0,encoder_all_counterfactual,8400,0.4154989421367645,2265,2268,0.35286131501197815,0.07970377057790756,0.14551903307437897,0.4154989421367645,0,0.4154989421367645,0,0.4154989421367645,0,0.5126573443412781,0.2226409614086151,4.47928524017334
353,89,6.999999999999999,encoder_all_counterfactual,8400,0.25146016478538513,6033,2828,0.20266763865947723,0.028230899944901466,0.12962539494037628,0.25146016478538513,0,0.25146016478538513,0,0.220968559384346,0,0.428824245929718,1.4222242832183838,11.191336631774902
353,87,8.0,topk,300,0.4580635726451874,104,14,0.11977430433034897,0.12161515653133392,0.14316913485527039,0.4580635726451874,0,0.4580635726451874,0,0.4580635726451874,0,-0.06108465418219566,0.13482941687107086,5.3498854637146
353,88,7.0,topk,300,0.35286131501197815,9,9,0.35286131501197815,0.14551903307437897,0.14551903307437897,0.35286131501197815,0,0.35286131501197815,0,0.35286131501197815,0,0.1158420592546463,0.2694847583770752,5.903764247894287
353,89,6.999999999999999,topk,300,0.20266763865947723,58,58,0.20266763865947723,0.12962539494037628,0.12962539494037628,0.20266763865947723,0,0.20266763865947723,0,0.20266763865947723,0,0.27768468856811523,0.6108559370040894,10.661325454711914
353,87,8.0,pre_bbox,300,0.8582210540771484,65,104,0.6337851881980896,0.06632046401500702,0.6773683428764343,0.8582210540771484,23,0.8582210540771484,23,0.8582210540771484,23,-0.1081136092543602,0.04398202523589134,0.4120374619960785
353,88,7.0,pre_bbox,300,0.7759436368942261,41,201,0.39568644762039185,0.06943608075380325,0.523438572883606,0.7759436368942261,11,0.7759436368942261,11,0.7759436368942261,8,0.19680872559547424,0.076822429895401,0.8245691061019897
353,89,6.999999999999999,pre_bbox,300,0.5910234451293945,129,99,0.48877832293510437,0.1444401741027832,0.26321110129356384,0.5910234451293945,18,0.5910234451293945,18,0.5910234451293945,18,0.13319368660449982,0.49311262369155884,1.0379260778427124
353,87,8.0,decoder_1,300,0.7721917033195496,65,104,0.6347054839134216,0.0680466964840889,0.6840234398841858,0.7721917033195496,19,0.7721917033195496,19,0.7721917033195496,19,-0.06097272038459778,-0.02157040871679783,2.221684217453003
353,88,7.0,decoder_1,300,0.7133621573448181,41,201,0.3921206295490265,0.07228308916091919,0.5297223925590515,0.7133621573448181,10,0.7133621573448181,10,0.7133621573448181,7,0.17811189591884613,-0.04902728646993637,1.8946470022201538
353,89,6.999999999999999,decoder_1,300,0.5709924697875977,129,99,0.4785143733024597,0.14598537981510162,0.2677323520183563,0.5709924697875977,17,0.5709924697875977,17,0.5709924697875977,17,0.14478616416454315,0.5298393964767456,1.0999521017074585
353,87,8.0,decoder_2,300,0.76524418592453,136,104,0.6123412251472473,0.035760268568992615,0.7987064719200134,0.76524418592453,24,0.76524418592453,24,0.6123412251472473,3,-0.016807733103632927,0.2896755635738373,1.8623361587524414
353,88,7.0,decoder_2,300,0.614254891872406,169,201,0.41547244787216187,0.042456671595573425,0.6811943650245667,0.614254891872406,7,0.614254891872406,7,0.5395814180374146,2,0.1634899079799652,0.16118480265140533,2.7969841957092285
353,89,6.999999999999999,decoder_2,300,0.6774024963378906,124,58,0.46169573068618774,0.06135199964046478,0.6815140843391418,0.6774024963378906,17,0.6774024963378906,17,0.6774024963378906,11,0.042200230062007904,0.39273735880851746,1.1146929264068604
353,87,8.0,decoder_3,300,0.7584226727485657,65,104,0.6195028424263,0.026093073189258575,0.7953240275382996,0.7584226727485657,26,0.7584226727485657,26,0.6195028424263,2,-0.06344299018383026,0.24113750457763672,1.5691860914230347
353,88,7.0,decoder_3,300,0.5722853541374207,82,201,0.4220186173915863,0.043695978820323944,0.7340732216835022,0.5722853541374207,10,0.5722853541374207,10,0.5550975203514099,2,0.20715510845184326,0.4475192427635193,1.4463260173797607
353,89,6.999999999999999,decoder_3,300,0.6907172799110413,66,58,0.4649257957935333,0.022625409066677094,0.7557237148284912,0.6907172799110413,17,0.6907172799110413,17,0.48821529746055603,0,-0.07665622979402542,0.31965187191963196,1.1249908208847046
353,87,8.0,final_nms07,164,0.6240561008453369,21,0,0.6195028424263,0.02999487705528736,0.7953240275382996,0.6240561008453369,3,0.6240561008453369,3,0.6195028424263,1,0.08582624793052673,0.08097237348556519,3.1254429817199707
353,88,7.0,final_nms07,164,0.5722853541374207,10,2,0.4220186173915863,0.043695978820323944,0.7340732216835022,0.5722853541374207,3,0.5722853541374207,3,0.5550975203514099,1,0.20715510845184326,0.4475192427635193,1.4463260173797607
353,89,6.999999999999999,final_nms07,164,0.6907172799110413,35,1,0.4649257957935333,0.022625409066677094,0.7557237148284912,0.6907172799110413,1,0.6907172799110413,1,0.4649257957935333,0,-0.07665622979402542,0.31965187191963196,1.1249908208847046
354,90,9.0,encoder_all_counterfactual,8400,0.534697949886322,5951,2109,0.28875312209129333,0.024589162319898605,0.14399056136608124,0.534697949886322,1,0.534697949886322,1,0.41101956367492676,0,0.04518212005496025,0.78118896484375,3.7796545028686523
354,91,9.0,encoder_all_counterfactual,8400,0.7142729163169861,2348,2269,0.17892655730247498,0.1330285668373108,0.15012896060943604,0.7142729163169861,1,0.7142729163169861,1,0.7142729163169861,1,-0.04765310138463974,0.10474532842636108,2.2069365978240967
354,92,9.0,encoder_all_counterfactual,8400,0.4390518069267273,3153,2829,0.19863678514957428,0.12778423726558685,0.145426943898201,0.4390518069267273,0,0.4390518069267273,0,0.4390518069267273,0,0.02489316277205944,0.16414839029312134,6.022792339324951
354,90,9.0,topk,300,0.41101956367492676,144,19,0.28875312209129333,0.11704006791114807,0.14399056136608124,0.41101956367492676,0,0.41101956367492676,0,0.41101956367492676,0,-0.14361917972564697,-0.1007298082113266,6.00015926361084
354,91,9.0,topk,300,0.7142729163169861,63,11,0.17892655730247498,0.1330285668373108,0.15012896060943604,0.7142729163169861,1,0.7142729163169861,1,0.7142729163169861,1,-0.04765310138463974,0.10474532842636108,2.2069365978240967
354,92,9.0,topk,300,0.4390518069267273,88,17,0.19863678514957428,0.12778423726558685,0.145426943898201,0.4390518069267273,0,0.4390518069267273,0,0.4390518069267273,0,0.02489316277205944,0.16414839029312134,6.022792339324951
354,90,9.0,pre_bbox,300,0.8646460771560669,140,144,0.8433024287223816,0.20682628452777863,0.48698875308036804,0.8646460771560669,12,0.8646460771560669,12,0.8646460771560669,12,-0.07914338260889053,0.052538011223077774,0.9935805797576904
354,91,9.0,pre_bbox,300,0.8382371068000793,134,63,0.7029308080673218,0.05503940209746361,0.6073963046073914,0.8382371068000793,22,0.8382371068000793,22,0.8382371068000793,22,0.11111872643232346,0.059521567076444626,1.1208149194717407
354,92,9.0,pre_bbox,300,0.7759388089179993,278,32,0.6024416089057922,0.09287353605031967,0.4239324927330017,0.7759388089179993,30,0.7759388089179993,30,0.7759388089179993,30,0.12392522394657135,0.12817806005477905,1.5498814582824707
354,90,9.0,decoder_1,300,0.8605826497077942,140,144,0.8383075594902039,0.20969809591770172,0.4943692684173584,0.8605826497077942,12,0.8605826497077942,12,0.8605826497077942,11,-0.05162087082862854,0.06622730940580368,1.0890095233917236
354,91,9.0,decoder_1,300,0.8437357544898987,134,63,0.6968600153923035,0.05508868396282196,0.614972710609436,0.8437357544898987,22,0.8437357544898987,22,0.8437357544898987,22,0.10342475026845932,0.02449835278093815,1.3374947309494019
354,92,9.0,decoder_1,300,0.7703502774238586,278,32,0.5965872406959534,0.09267715364694595,0.4328478276729584,0.7703502774238586,33,0.7703502774238586,33,0.7703502774238586,33,0.128484845161438,0.09948009252548218,1.705716848373413
354,90,9.0,decoder_2,300,0.844269335269928,140,144,0.805233895778656,0.026118582114577293,0.7949240803718567,0.844269335269928,13,0.844269335269928,13,0.805233895778656,2,-0.033567097038030624,0.14972151815891266,0.47481757402420044
354,91,9.0,decoder_2,300,0.785394549369812,215,63,0.6408352255821228,0.03885899484157562,0.7862383127212524,0.785394549369812,34,0.785394549369812,33,0.703545331954956,4,0.0696718692779541,0.19031481444835663,0.5295825004577637
354,92,9.0,decoder_2,300,0.7124240398406982,123,32,0.5412731766700745,0.04222942888736725,0.7267436981201172,0.7124240398406982,48,0.7124240398406982,48,0.644188642501831,8,0.1395902782678604,0.030474552884697914,1.9449841976165771
354,90,9.0,decoder_3,300,0.8344097137451172,140,144,0.8024739623069763,0.020822200924158096,0.8099629282951355,0.8344097137451172,14,0.8344097137451172,14,0.8024739623069763,2,-0.03243885189294815,0.16492585837841034,0.5569851398468018
354,91,9.0,decoder_3,300,0.8163347244262695,239,63,0.6518972516059875,0.01819271594285965,0.8004031181335449,0.8163347244262695,37,0.8163347244262695,37,0.7145214676856995,5,0.13849392533302307,0.058027077466249466,0.9505693912506104
354,92,9.0,decoder_3,300,0.7034030556678772,113,32,0.5433937311172485,0.0808119997382164,0.787731409072876,0.7034030556678772,52,0.7034030556678772,52,0.7034030556678772,7,0.023176157847046852,0.24958649277687073,2.3136518001556396
354,90,9.0,final_nms07,163,0.8024739623069763,0,0,0.8024739623069763,0.8099629282951355,0.8099629282951355,0.8024739623069763,2,0.8024739623069763,2,0.8024739623069763,1,0.018829870969057083,0.22311575710773468,0.6205194592475891
354,91,9.0,final_nms07,163,0.6518972516059875,1,1,0.6518972516059875,0.8004031181335449,0.8004031181335449,0.6518972516059875,5,0.6518972516059875,5,0.6518972516059875,3,0.23979105055332184,0.2372932881116867,0.6778305768966675
354,92,9.0,final_nms07,163,0.7034030556678772,3,2,0.5433937311172485,0.0808119997382164,0.787731409072876,0.7034030556678772,3,0.7034030556678772,3,0.7034030556678772,2,0.023176157847046852,0.24958649277687073,2.3136518001556396
355,93,8.0,encoder_all_counterfactual,8400,0.30000147223472595,5950,2109,0.12316130846738815,0.026251716539263725,0.12926502525806427,0.30000147223472595,0,0.30000147223472595,0,0.23968569934368134,0,0.2275085151195526,1.3414151668548584,5.003836154937744
355,94,7.0,encoder_all_counterfactual,8400,0.5125315189361572,2677,2348,0.24253804981708527,0.03980347886681557,0.14008377492427826,0.5125315189361572,1,0.5125315189361572,1,0.3306970000267029,0,-0.03886115923523903,0.39231061935424805,2.6162455081939697
355,95,7.0,encoder_all_counterfactual,8400,0.4383455812931061,2906,2829,0.2530900239944458,0.0756494328379631,0.13463668525218964,0.4383455812931061,0,0.4383455812931061,0,0.4383455812931061,0,0.6368550062179565,0.39370980858802795,2.681410074234009
355,93,8.0,topk,300,0.23968569934368134,199,55,0.12316130846738815,0.10253015160560608,0.12926502525806427,0.23968569934368134,0,0.23968569934368134,0,0.23968569934368134,0,-0.12250541150569916,-0.05346423387527466,8.702818870544434
355,94,7.0,topk,300,0.24253804981708527,20,20,0.24253804981708527,0.14008377492427826,0.14008377492427826,0.24253804981708527,0,0.24253804981708527,0,0.24253804981708527,0,0.3308958113193512,0.30817630887031555,8.623383522033691
355,95,7.0,topk,300,0.2530900239944458,31,31,0.2530900239944458,0.13463668525218964,0.13463668525218964,0.2530900239944458,0,0.2530900239944458,0,0.2530900239944458,0,0.5787312984466553,0.3641219437122345,9.122856140136719
355,93,8.0,pre_bbox,300,0.8171161413192749,135,199,0.6017895340919495,0.0806712880730629,0.43401581048965454,0.8171161413192749,18,0.8171161413192749,18,0.8171161413192749,18,-0.03975234925746918,0.16062675416469574,0.5990170836448669
355,94,7.0,pre_bbox,300,0.6920626163482666,110,20,0.5311744809150696,0.0686219334602356,0.33579206466674805,0.6920626163482666,13,0.6920626163482666,13,0.6920626163482666,13,0.28519681096076965,0.08791377395391464,1.0322625637054443
355,95,7.0,pre_bbox,300,0.6067558526992798,127,31,0.45441654324531555,0.0923062339425087,0.38786545395851135,0.6067558526992798,15,0.6067558526992798,15,0.6067558526992798,15,0.33157461881637573,0.18581387400627136,2.5222222805023193
355,93,8.0,decoder_1,300,0.7044228911399841,54,199,0.6019168496131897,0.14640077948570251,0.4398792088031769,0.7044228911399841,12,0.7044228911399841,12,0.7044228911399841,12,-0.06204455718398094,0.31193047761917114,2.5194523334503174
355,94,7.0,decoder_1,300,0.728681206703186,110,20,0.5216498970985413,0.07140953838825226,0.3403734266757965,0.728681206703186,15,0.728681206703186,15,0.728681206703186,12,0.2327965945005417,0.026033882051706314,1.266479730606079
355,95,7.0,decoder_1,300,0.5900817513465881,180,31,0.4487641751766205,0.09927762299776077,0.39532095193862915,0.5900817513465881,16,0.5900817513465881,16,0.5900817513465881,14,0.3853222131729126,0.22331032156944275,1.6877799034118652
355,93,8.0,decoder_2,300,0.7050008773803711,98,199,0.6550339460372925,0.04734071344137192,0.7450207471847534,0.7050008773803711,23,0.7050008773803711,23,0.6851258873939514,9,0.038621921092271805,0.30755841732025146,2.5840744972229004
355,94,7.0,decoder_2,300,0.7992820739746094,286,20,0.4876527190208435,0.04322773590683937,0.7834498286247253,0.7992820739746094,19,0.7992820739746094,18,0.579143762588501,9,0.06317194551229477,0.1767820417881012,0.8991973400115967
355,95,7.0,decoder_2,300,0.5291333794593811,91,31,0.4164222180843353,0.042826615273952484,0.7689347863197327,0.5291333794593811,8,0.5291333794593811,8,0.5185505151748657,2,0.44231289625167847,0.3103090524673462,3.3309454917907715
355,93,8.0,decoder_3,300,0.7582365870475769,241,199,0.6514712572097778,0.03309867903590202,0.785318911075592,0.7582365870475769,26,0.7582365870475769,26,0.7143827080726624,2,0.06473889201879501,0.1390325427055359,1.8310894966125488
355,94,7.0,decoder_3,300,0.6779964566230774,233,20,0.4967052638530731,0.030314963310956955,0.7938469052314758,0.6779964566230774,21,0.6779964566230774,21,0.5358041524887085,4,0.30049434304237366,0.13413482904434204,0.42941898107528687
355,95,7.0,decoder_3,300,0.5306789875030518,36,31,0.4243192970752716,0.0315859392285347,0.7909119129180908,0.5306789875030518,5,0.5306789875030518,5,0.5012792348861694,1,0.2098272740840912,0.19289255142211914,3.888568639755249
355,93,8.0,final_nms07,157,0.7180356979370117,29,2,0.6514712572097778,0.029835253953933716,0.785318911075592,0.7180356979370117,3,0.7180356979370117,3,0.6514712572097778,1,0.2930735945701599,-0.023967320099473,0.6683854460716248
355,94,7.0,final_nms07,157,0.5253451466560364,12,0,0.4967052638530731,0.051129281520843506,0.7938469052314758,0.5253451466560364,1,0.5253451466560364,1,0.5253451466560364,1,0.5146310925483704,-0.13926641643047333,2.6029233932495117
355,95,7.0,final_nms07,157,0.4784053564071655,6,1,0.4243192970752716,0.06813976913690567,0.7909119129180908,0.4784053564071655,0,0.4784053564071655,0,0.4784053564071655,0,0.4200575649738312,0.06725877523422241,4.407587051391602
356,96,9.0,encoder_all_counterfactual,8400,0.33015871047973633,2031,2110,0.10335873067378998,0.09511307626962662,0.13810138404369354,0.33015871047973633,0,0.33015871047973633,0,0.33015871047973633,0,-0.0298957247287035,0.06441785395145416,8.825057029724121
356,97,9.0,encoder_all_counterfactual,8400,0.7775014042854309,2349,2349,0.7775014042854309,0.14714743196964264,0.14714743196964264,0.7775014042854309,2,0.7775014042854309,2,0.7775014042854309,2,0.012756135314702988,0.17715178430080414,1.0024350881576538
356,98,8.0,encoder_all_counterfactual,8400,0.4759349226951599,4757,2993,0.18599765002727509,0.05506691336631775,0.1406233161687851,0.4759349226951599,0,0.4759349226951599,0,0.4759349226951599,0,0.4667263627052307,0.4325287938117981,2.264479160308838
356,96,9.0,topk,300,0.33015871047973633,236,36,0.10335873067378998,0.09511307626962662,0.13810138404369354,0.33015871047973633,0,0.33015871047973633,0,0.33015871047973633,0,-0.0298957247287035,0.06441785395145416,8.825057029724121
356,97,9.0,topk,300,0.7775014042854309,8,8,0.7775014042854309,0.14714743196964264,0.14714743196964264,0.7775014042854309,1,0.7775014042854309,1,0.7775014042854309,1,0.012756135314702988,0.17715178430080414,1.0024350881576538
356,98,8.0,topk,300,0.18599765002727509,23,23,0.18599765002727509,0.1406233161687851,0.1406233161687851,0.18599765002727509,0,0.18599765002727509,0,0.18599765002727509,0,0.18892784416675568,0.12500064074993134,11.12238883972168
356,96,9.0,pre_bbox,300,0.8314933776855469,132,126,0.6981272101402283,0.17917323112487793,0.38425901532173157,0.8314933776855469,17,0.8314933776855469,17,0.8314933776855469,17,0.030840769410133362,0.12729580700397491,0.9713113903999329
356,97,9.0,pre_bbox,300,0.8317582607269287,176,8,0.649826169013977,0.12714293599128723,0.5917619466781616,0.8317582607269287,25,0.8317582607269287,25,0.8317582607269287,24,-0.010176998563110828,0.1919887214899063,1.408298373222351
356,98,8.0,pre_bbox,300,0.7533715963363647,6,23,0.6013678908348083,0.18684685230255127,0.35721346735954285,0.7533715963363647,34,0.7533715963363647,34,0.7533715963363647,33,0.17416276037693024,0.130478173494339,0.6555023193359375
356,96,9.0,decoder_1,300,0.828139066696167,132,126,0.6871639490127563,0.18167631328105927,0.3907880485057831,0.828139066696167,16,0.828139066696167,16,0.828139066696167,15,0.04175596684217453,0.14411799609661102,1.2417877912521362
356,97,9.0,decoder_1,300,0.9416443705558777,230,8,0.6475364565849304,0.07615996897220612,0.5997695922851562,0.9416443705558777,30,0.9416443705558777,30,0.9416443705558777,26,-0.04801565781235695,0.005092192906886339,0.3158091604709625
356,98,8.0,decoder_1,300,0.7342865467071533,6,23,0.5888587236404419,0.19054043292999268,0.3635716736316681,0.7342865467071533,35,0.7342865467071533,35,0.7342865467071533,34,0.19855235517024994,0.13626296818256378,0.6362403631210327
356,96,9.0,decoder_2,300,0.824040412902832,213,126,0.6375555396080017,0.01681642048060894,0.7885000705718994,0.824040412902832,20,0.824040412902832,20,0.8027745485305786,4,0.10573623329401016,0.09748803079128265,0.6466569900512695
356,97,9.0,decoder_2,300,0.8232561349868774,140,8,0.5961611270904541,0.0674138218164444,0.7768520712852478,0.8232561349868774,31,0.8232561349868774,30,0.8232561349868774,8,0.07632479816675186,0.12855195999145508,0.9295241832733154
356,98,8.0,decoder_2,300,0.7617443799972534,141,130,0.5297956466674805,0.04204839468002319,0.7626339793205261,0.7617443799972534,46,0.7617443799972534,46,0.5734670162200928,6,0.09443556517362595,0.1995011866092682,0.7915893197059631
356,96,9.0,decoder_3,300,0.8226010799407959,213,126,0.6531313061714172,0.014854616485536098,0.8004175424575806,0.8226010799407959,21,0.8226010799407959,21,0.7841135263442993,4,0.10033361613750458,0.10480436682701111,0.7939959168434143
356,97,9.0,decoder_3,300,0.7871054410934448,15,8,0.6106417775154114,0.0244422759860754,0.7815866470336914,0.7871054410934448,40,0.7871054410934448,40,0.7008935213088989,6,-0.005589778069406748,0.087736576795578,1.43650484085083
356,98,8.0,decoder_3,300,0.7386971712112427,128,130,0.5343070030212402,0.028924278914928436,0.8048064112663269,0.7386971712112427,48,0.7386971712112427,48,0.6070817112922668,6,0.24582621455192566,0.08661741018295288,0.2068745195865631
356,96,9.0,final_nms07,165,0.6531313061714172,1,1,0.6531313061714172,0.8004175424575806,0.8004175424575806,0.6531313061714172,4,0.6531313061714172,4,0.6531313061714172,3,0.22904300689697266,0.2457529753446579,1.2641509771347046
356,97,9.0,final_nms07,165,0.7871054410934448,38,2,0.6106417775154114,0.0244422759860754,0.7815866470336914,0.7871054410934448,8,0.7871054410934448,8,0.6106417775154114,4,-0.005589778069406748,0.087736576795578,1.43650484085083
356,98,8.0,final_nms07,165,0.7339773178100586,36,0,0.5343070030212402,0.02519339509308338,0.8048064112663269,0.7339773178100586,3,0.7339773178100586,3,0.5588377714157104,2,0.11985208094120026,0.14079898595809937,1.942490577697754
357,99,6.999999999999999,encoder_all_counterfactual,8400,0.41842716932296753,1948,2029,0.2936162054538727,0.062328170984983444,0.09360548108816147,0.41842716932296753,0,0.41842716932296753,0,0.41842716932296753,0,-0.18587081134319305,0.05462251231074333,5.77659797668457
357,100,6.999999999999999,encoder_all_counterfactual,8400,0.5857482552528381,2264,2188,0.1566145122051239,0.061852265149354935,0.15692530572414398,0.5857482552528381,1,0.5857482552528381,1,0.5857482552528381,1,0.18182288110256195,0.141029492020607,3.0424106121063232
357,101,8.0,encoder_all_counterfactual,8400,0.6705202460289001,2992,2751,0.16772353649139404,0.1120523139834404,0.14386260509490967,0.6705202460289001,3,0.6705202460289001,3,0.6705202460289001,3,0.028477570042014122,0.08030557632446289,2.5601260662078857
357,99,6.999999999999999,topk,300,0.31738078594207764,277,220,0.2936162054538727,0.08058083802461624,0.09360548108816147,0.31738078594207764,0,0.31738078594207764,0,0.31738078594207764,0,-0.1705305427312851,0.23379981517791748,7.146144866943359
357,100,6.999999999999999,topk,300,0.37487855553627014,126,2,0.1566145122051239,0.11696004122495651,0.15692530572414398,0.37487855553627014,0,0.37487855553627014,0,0.37487855553627014,0,0.2550380825996399,0.33791348338127136,5.596768856048584
357,101,8.0,topk,300,0.6705202460289001,149,24,0.16772353649139404,0.1120523139834404,0.14386260509490967,0.6705202460289001,3,0.6705202460289001,3,0.6705202460289001,3,0.028477570042014122,0.08030557632446289,2.5601260662078857
357,99,6.999999999999999,pre_bbox,300,0.6691250205039978,297,287,0.5997619032859802,0.06939862668514252,0.5175424218177795,0.6691250205039978,17,0.6691250205039978,17,0.6691250205039978,17,0.0836142897605896,0.353140652179718,1.980616807937622
357,100,6.999999999999999,pre_bbox,300,0.6190654635429382,4,5,0.47979146242141724,0.08448412269353867,0.4755621552467346,0.6190654635429382,11,0.6190654635429382,11,0.6190654635429382,11,0.07586480677127838,0.4410052001476288,1.4709032773971558
357,101,8.0,pre_bbox,300,0.8025698661804199,179,79,0.6361948251724243,0.049492523074150085,0.5576636791229248,0.8025698661804199,51,0.8025698661804199,51,0.7568138837814331,42,0.05830204859375954,0.08072454482316971,1.3264397382736206
357,99,6.999999999999999,decoder_1,300,0.6322674751281738,220,287,0.5994747281074524,0.35920655727386475,0.5248925685882568,0.6322674751281738,15,0.6322674751281738,15,0.6322674751281738,15,-0.062297917902469635,0.5151745080947876,0.696332573890686
357,100,6.999999999999999,decoder_1,300,0.6273542642593384,4,5,0.48344677686691284,0.08625200390815735,0.4831664264202118,0.6273542642593384,10,0.6273542642593384,10,0.6273542642593384,9,0.08331923931837082,0.41607674956321716,1.817399501800537
357,101,8.0,decoder_1,300,0.8596137762069702,179,79,0.6386673450469971,0.05072060972452164,0.5678910613059998,0.8596137762069702,47,0.8596137762069702,47,0.8596137762069702,40,0.07049987465143204,0.001343325711786747,1.1014376878738403
357,99,6.999999999999999,decoder_2,300,0.6365827322006226,137,287,0.6077824831008911,0.03464936465024948,0.8172544836997986,0.6365827322006226,16,0.6365827322006226,16,0.6077824831008911,2,0.26649147272109985,0.24034707248210907,2.471545934677124
357,100,6.999999999999999,decoder_2,300,0.5649754405021667,19,5,0.4651857316493988,0.03344261273741722,0.8011793494224548,0.5649754405021667,9,0.5649754405021667,9,0.5532470941543579,3,0.25431954860687256,0.411119669675827,0.9376510381698608
357,101,8.0,decoder_2,300,0.7213502526283264,236,149,0.6005237698554993,0.029171928763389587,0.696554958820343,0.7213502526283264,62,0.7213502526283264,62,0.60264652967453,3,0.16706284880638123,0.18784122169017792,0.8379834890365601
357,99,6.999999999999999,decoder_3,300,0.6826539039611816,297,287,0.6109446883201599,0.026371818035840988,0.804672360420227,0.6826539039611816,17,0.6826539039611816,17,0.6109446883201599,1,0.03313804045319557,0.41788601875305176,0.30937114357948303
357,100,6.999999999999999,decoder_3,300,0.6818314790725708,40,5,0.46793410181999207,0.04308806732296944,0.7928680777549744,0.6818314790725708,12,0.6818314790725708,12,0.512320876121521,2,0.08481932431459427,0.3519640564918518,2.368891716003418
357,101,8.0,decoder_3,300,0.7689562439918518,89,149,0.6036302447319031,0.05196734890341759,0.4546489715576172,0.7689562439918518,65,0.7689562439918518,65,0.7689562439918518,7,0.21680350601673126,-0.07720258831977844,0.570518970489502
357,99,6.999999999999999,final_nms07,127,0.6109446883201599,0,0,0.6109446883201599,0.804672360420227,0.804672360420227,0.6109446883201599,1,0.6109446883201599,1,0.6109446883201599,1,0.08499293029308319,0.4952317178249359,0.9262498617172241
357,100,6.999999999999999,final_nms07,127,0.6818314790725708,18,1,0.46793410181999207,0.04308806732296944,0.7928680777549744,0.6818314790725708,1,0.6818314790725708,1,0.46793410181999207,0,0.08481932431459427,0.3519640564918518,2.368891716003418
357,101,8.0,final_nms07,127,0.7689562439918518,9,2,0.6036302447319031,0.05196734890341759,0.4546489715576172,0.7689562439918518,3,0.7689562439918518,3,0.7689562439918518,2,0.21680350601673126,-0.07720258831977844,0.570518970489502
358,102,10.0,encoder_all_counterfactual,8400,0.6322307586669922,2028,2110,0.3492724597454071,0.0963401272892952,0.1279718279838562,0.6322307586669922,1,0.6322307586669922,1,0.6322307586669922,1,-0.07888003438711166,-0.19220468401908875,3.2013919353485107
358,103,9.0,encoder_all_counterfactual,8400,0.6357315182685852,2678,2348,0.4193844795227051,0.04498528689146042,0.14485801756381989,0.6357315182685852,1,0.6357315182685852,1,0.42947110533714294,0,-0.12165156751871109,0.013349979184567928,3.285189390182495
358,104,9.0,encoder_all_counterfactual,8400,0.6281545162200928,2909,3073,0.1765485554933548,0.12880279123783112,0.13901670277118683,0.6281545162200928,2,0.6281545162200928,2,0.6281545162200928,2,0.14449574053287506,0.18108248710632324,2.8616690635681152
358,102,10.0,topk,300,0.6322307586669922,234,74,0.3492724597454071,0.0963401272892952,0.1279718279838562,0.6322307586669922,1,0.6322307586669922,1,0.6322307586669922,1,-0.07888003438711166,-0.19220468401908875,3.2013919353485107
358,103,9.0,topk,300,0.42947110533714294,30,18,0.4193844795227051,0.14081479609012604,0.14485801756381989,0.42947110533714294,0,0.42947110533714294,0,0.42947110533714294,0,0.03740319609642029,0.05982542037963867,7.696743011474609
358,104,9.0,topk,300,0.6281545162200928,69,36,0.1765485554933548,0.12880279123783112,0.13901670277118683,0.6281545162200928,2,0.6281545162200928,2,0.6281545162200928,2,0.14449574053287506,0.18108248710632324,2.8616690635681152
358,102,10.0,pre_bbox,300,0.8304325342178345,114,234,0.750065803527832,0.20413026213645935,0.6593551635742188,0.8304325342178345,16,0.8304325342178345,16,0.8304325342178345,16,0.10032638162374496,0.043527018278837204,1.6388933658599854
358,103,9.0,pre_bbox,300,0.8247368335723877,28,18,0.6792510747909546,0.07461462169885635,0.4251461625099182,0.8247368335723877,15,0.8247368335723877,15,0.8247368335723877,12,0.18263912200927734,0.02525290660560131,0.6210070252418518
358,104,9.0,pre_bbox,300,0.8162345290184021,26,93,0.547723650932312,0.10059548169374466,0.5730813145637512,0.8162345290184021,36,0.8162345290184021,36,0.8162345290184021,36,0.04932589828968048,0.1644970029592514,0.45408865809440613
358,102,10.0,decoder_1,300,0.8208762407302856,114,234,0.7394589781761169,0.20960772037506104,0.665451169013977,0.8208762407302856,16,0.8208762407302856,16,0.8208762407302856,14,0.10616205632686615,0.05198631063103676,1.7103512287139893
358,103,9.0,decoder_1,300,0.7959365248680115,20,18,0.6641291975975037,0.14679835736751556,0.4301678240299225,0.7959365248680115,25,0.7959365248680115,25,0.7959365248680115,15,0.1854613870382309,0.05815742909908295,0.7595497369766235
358,104,9.0,decoder_1,300,0.8176461458206177,24,93,0.5448728203773499,0.1110604926943779,0.581974446773529,0.8176461458206177,37,0.8176461458206177,37,0.8176461458206177,36,0.11033939570188522,0.10148535668849945,0.9226439595222473
358,102,10.0,decoder_2,300,0.8860817551612854,114,234,0.8114343881607056,0.0349881686270237,0.8078751564025879,0.8860817551612854,19,0.8860817551612854,19,0.8114343881607056,1,0.030084464699029922,0.07172953337430954,0.868695855140686
358,103,9.0,decoder_2,300,0.7742687463760376,28,18,0.6600819230079651,0.04222879186272621,0.7082496285438538,0.7742687463760376,27,0.7742687463760376,26,0.7661917209625244,15,0.21376216411590576,-0.005285276100039482,0.7423601150512695
358,104,9.0,decoder_2,300,0.737036943435669,121,93,0.5424649715423584,0.024029472842812538,0.7368737459182739,0.737036943435669,47,0.737036943435669,47,0.5786095261573792,3,0.15665806829929352,0.17301945388317108,0.29449230432510376
358,102,10.0,decoder_3,300,0.8780180215835571,114,234,0.8007161021232605,0.013927430845797062,0.788550853729248,0.8780180215835571,20,0.8780180215835571,20,0.8007161021232605,1,0.03260277956724167,0.07584064453840256,0.9648857712745667
358,103,9.0,decoder_3,300,0.7667036652565002,20,18,0.65962153673172,0.010796324349939823,0.7826547622680664,0.7667036652565002,33,0.7667036652565002,33,0.7048242688179016,7,0.19944462180137634,0.057308491319417953,1.09840726852417
358,104,9.0,decoder_3,300,0.8694100379943848,72,93,0.5607512593269348,0.032877117395401,0.7733098268508911,0.8694100379943848,53,0.8694100379943848,53,0.562376081943512,2,0.09157374501228333,0.05153856799006462,0.9002221822738647
358,102,10.0,final_nms07,166,0.8007161021232605,0,0,0.8007161021232605,0.788550853729248,0.788550853729248,0.8007161021232605,2,0.8007161021232605,2,0.8007161021232605,1,-0.013937016017735004,0.09049223363399506,1.7118277549743652
358,103,9.0,final_nms07,166,0.6897503733634949,4,1,0.65962153673172,0.08496511727571487,0.7826547622680664,0.6897503733634949,4,0.6897503733634949,4,0.6897503733634949,3,0.13865886628627777,0.1532997190952301,2.3415844440460205
358,104,9.0,final_nms07,166,0.8694100379943848,21,2,0.5607512593269348,0.032877117395401,0.7733098268508911,0.8694100379943848,4,0.8694100379943848,4,0.5607512593269348,1,0.09157374501228333,0.05153856799006462,0.9002221822738647
359,105,9.0,encoder_all_counterfactual,8400,0.5471062064170837,2029,2030,0.22994691133499146,0.09336620569229126,0.1107088029384613,0.5471062064170837,1,0.5471062064170837,1,0.5471062064170837,1,-0.14944981038570404,-0.08277212828397751,4.043214797973633
359,106,9.0,encoder_all_counterfactual,8400,0.6621446013450623,2682,2350,0.1350618302822113,0.06756451725959778,0.166531041264534,0.6621446013450623,2,0.6621446013450623,2,0.6621446013450623,2,-0.23520509898662567,-0.09204382449388504,2.4130966663360596
359,107,8.0,encoder_all_counterfactual,8400,0.593925952911377,4757,2915,0.15077991783618927,0.04121742397546768,0.13660898804664612,0.593925952911377,4,0.593925952911377,4,0.5249006152153015,1,0.6024482250213623,-0.07515302300453186,3.7243709564208984
359,105,9.0,topk,300,0.5471062064170837,266,180,0.22994691133499146,0.09336620569229126,0.1107088029384613,0.5471062064170837,1,0.5471062064170837,1,0.5471062064170837,1,-0.14944981038570404,-0.08277212828397751,4.043214797973633
359,106,9.0,topk,300,0.5068923830986023,144,0,0.1350618302822113,0.11566340923309326,0.166531041264534,0.5068923830986023,1,0.5068923830986023,1,0.5068923830986023,1,0.15880393981933594,0.15526273846626282,5.126661777496338
359,107,8.0,topk,300,0.37678369879722595,103,35,0.15077991783618927,0.1224202811717987,0.13660898804664612,0.37678369879722595,0,0.37678369879722595,0,0.37678369879722595,0,0.17244304716587067,-0.1170000284910202,8.623465538024902
359,105,9.0,pre_bbox,300,0.8118261694908142,246,266,0.7595783472061157,0.11464636027812958,0.5047214031219482,0.8118261694908142,19,0.8118261694908142,19,0.8118261694908142,19,-0.06527169048786163,0.10897660255432129,1.4100308418273926
359,106,9.0,pre_bbox,300,0.8213969469070435,63,51,0.8015251159667969,0.22844596207141876,0.4462835490703583,0.8213969469070435,22,0.8213969469070435,22,0.8213969469070435,19,0.20667728781700134,-0.006113822106271982,0.4324888586997986
359,107,8.0,pre_bbox,300,0.7572473883628845,103,103,0.7572473883628845,0.45081961154937744,0.45081961154937744,0.7572473883628845,32,0.7572473883628845,32,0.7572473883628845,30,0.24177800118923187,-0.07303851842880249,0.7746188044548035
359,105,9.0,decoder_1,300,0.8153794407844543,246,266,0.7531558275222778,0.11682947725057602,0.5109488368034363,0.8153794407844543,18,0.8153794407844543,18,0.8153794407844543,17,-0.023098861798644066,0.07608210295438766,1.4309399127960205
359,106,9.0,decoder_1,300,0.8406946659088135,48,51,0.7839975953102112,0.10255845636129379,0.4506157636642456,0.8406946659088135,26,0.8406946659088135,26,0.8406946659088135,21,0.14765407145023346,-0.03798557072877884,1.1252951622009277
359,107,8.0,decoder_1,300,0.7605997323989868,103,103,0.7605997323989868,0.4553338885307312,0.4553338885307312,0.7605997323989868,34,0.7605997323989868,34,0.7605997323989868,30,0.24981218576431274,-0.06097801774740219,0.6520440578460693
359,105,9.0,decoder_2,300,0.7255721688270569,266,266,0.7255721688270569,0.8014662265777588,0.8014662265777588,0.7255721688270569,21,0.7255721688270569,21,0.7255721688270569,3,0.05209880322217941,0.2774622440338135,2.1430742740631104
359,106,9.0,decoder_2,300,0.839351236820221,51,144,0.8099735975265503,0.15634314715862274,0.6899157762527466,0.839351236820221,30,0.839351236820221,29,0.839351236820221,12,0.1478465050458908,-0.03506762906908989,0.9610190391540527
359,107,8.0,decoder_2,300,0.7701219320297241,74,103,0.7351659536361694,0.031663473695516586,0.8087043762207031,0.7701219320297241,41,0.7701219320297241,41,0.7552090287208557,4,0.1807614117860794,-0.10533283650875092,0.2685580551624298
359,105,9.0,decoder_3,300,0.7912325263023376,231,266,0.7293470501899719,0.03570729121565819,0.7905778884887695,0.7912325263023376,23,0.7912325263023376,23,0.7293470501899719,3,-0.014247419312596321,0.10081253945827484,1.6986385583877563
359,106,9.0,decoder_3,300,0.8393635153770447,51,144,0.8159427642822266,0.01963668316602707,0.7797592878341675,0.8393635153770447,39,0.8393635153770447,39,0.8159427642822266,10,0.14928926527500153,-0.034802280366420746,0.9984027147293091
359,107,8.0,decoder_3,300,0.7664151787757874,74,103,0.7323296666145325,0.013262868858873844,0.8020711541175842,0.7664151787757874,45,0.7664151787757874,45,0.7482804656028748,2,0.18555647134780884,-0.10651850700378418,0.34742528200149536
359,105,9.0,final_nms07,139,0.7293470501899719,1,1,0.7293470501899719,0.7905778884887695,0.7905778884887695,0.7293470501899719,4,0.7293470501899719,4,0.7293470501899719,2,0.04820031672716141,0.2683022618293762,2.164931058883667
359,106,9.0,final_nms07,139,0.8159427642822266,2,2,0.8159427642822266,0.7797592878341675,0.7797592878341675,0.8159427642822266,7,0.8159427642822266,7,0.8159427642822266,3,0.17691925168037415,-0.03506942838430405,1.0372670888900757
359,107,8.0,final_nms07,139,0.7323296666145325,0,0,0.7323296666145325,0.8020711541175842,0.8020711541175842,0.7323296666145325,3,0.7323296666145325,3,0.7323296666145325,1,0.23935610055923462,-0.11201648414134979,0.48536208271980286
360,108,9.0,encoder_all_counterfactual,8400,0.5957383513450623,1952,2031,0.3802216053009033,0.11475910991430283,0.1465783715248108,0.5957383513450623,2,0.5957383513450623,2,0.5957383513450623,2,-0.09933226555585861,0.11373777687549591,3.5259389877319336
360,109,6.999999999999999,encoder_all_counterfactual,8400,0.640238881111145,2433,2353,0.13306735455989838,0.15324261784553528,0.15498977899551392,0.640238881111145,2,0.640238881111145,2,0.640238881111145,2,-0.15154102444648743,0.3833119571208954,1.7917040586471558
360,110,9.0,encoder_all_counterfactual,8400,0.4072784185409546,2994,2914,0.2266693115234375,0.11829422414302826,0.11998447775840759,0.4072784185409546,0,0.4072784185409546,0,0.4072784185409546,0,-0.0390382744371891,0.1931498795747757,6.067744731903076
360,108,9.0,topk,300,0.5957383513450623,130,18,0.3802216053009033,0.11475910991430283,0.1465783715248108,0.5957383513450623,2,0.5957383513450623,2,0.5957383513450623,2,-0.09933226555585861,0.11373777687549591,3.5259389877319336
360,109,6.999999999999999,topk,300,0.640238881111145,9,6,0.13306735455989838,0.15324261784553528,0.15498977899551392,0.640238881111145,1,0.640238881111145,1,0.640238881111145,1,-0.15154102444648743,0.3833119571208954,1.7917040586471558
360,110,9.0,topk,300,0.4072784185409546,108,103,0.2266693115234375,0.11829422414302826,0.11998447775840759,0.4072784185409546,0,0.4072784185409546,0,0.4072784185409546,0,-0.0390382744371891,0.1931498795747757,6.067744731903076
360,108,9.0,pre_bbox,300,0.8132750988006592,298,18,0.6996262073516846,0.07611051201820374,0.6319195628166199,0.8132750988006592,23,0.8132750988006592,23,0.8132750988006592,23,0.00267425668425858,0.1463441252708435,1.7500064373016357
360,109,6.999999999999999,pre_bbox,300,0.6767279505729675,15,9,0.6222128868103027,0.06799553334712982,0.5313577055931091,0.6767279505729675,23,0.6767279505729675,23,0.6767279505729675,23,-0.16889365017414093,0.2744830846786499,1.5368849039077759
360,110,9.0,pre_bbox,300,0.8525970578193665,74,108,0.6680262088775635,0.14407695829868317,0.40356341004371643,0.8525970578193665,32,0.8525970578193665,32,0.8525970578193665,31,-0.029880547896027565,0.13584454357624054,0.8282023072242737
360,108,9.0,decoder_1,300,0.7723022699356079,121,18,0.7004510164260864,0.24189795553684235,0.6397548913955688,0.7723022699356079,21,0.7723022699356079,21,0.7723022699356079,21,0.055533573031425476,0.15700596570968628,1.0406931638717651
360,109,6.999999999999999,decoder_1,300,0.6812226176261902,32,9,0.6237789392471313,0.054857220500707626,0.5413541197776794,0.6812226176261902,22,0.6812226176261902,22,0.6812226176261902,22,-0.1594027876853943,0.2670731842517853,1.9724855422973633
360,110,9.0,decoder_1,300,0.8846035599708557,68,108,0.659084677696228,0.09359538555145264,0.4123205840587616,0.8846035599708557,31,0.8846035599708557,31,0.8846035599708557,30,-0.053986795246601105,0.05944526940584183,0.6389638185501099
360,108,9.0,decoder_2,300,0.7827197313308716,106,18,0.6537758708000183,0.02283410355448723,0.7202746272087097,0.7827197313308716,29,0.7827197313308716,29,0.6796176433563232,8,0.06059090048074722,0.08684168756008148,1.4873597621917725
360,109,6.999999999999999,decoder_2,300,0.6656583547592163,44,9,0.6239636540412903,0.03494971990585327,0.7752771973609924,0.6656583547592163,32,0.6656583547592163,31,0.6239636540412903,7,-0.0372154600918293,0.4636220335960388,1.8036705255508423
360,110,9.0,decoder_2,300,0.8021354079246521,20,108,0.6044203639030457,0.03217621520161629,0.7649974226951599,0.8021354079246521,36,0.8021354079246521,36,0.6044203639030457,1,-0.07791314274072647,0.09686358273029327,1.3445954322814941
360,108,9.0,decoder_3,300,0.7622284293174744,30,130,0.6722504496574402,0.023712005466222763,0.7842547297477722,0.7622284293174744,30,0.7622284293174744,30,0.6969498991966248,7,0.09283944964408875,0.20048953592777252,1.3978824615478516
360,109,6.999999999999999,decoder_3,300,0.6751540303230286,10,9,0.6273844242095947,0.053549811244010925,0.7968325018882751,0.6751540303230286,34,0.6751540303230286,34,0.6751540303230286,6,-0.04353959113359451,0.4356209635734558,0.10485675930976868
360,110,9.0,decoder_3,300,0.7480898499488831,41,108,0.6099254488945007,0.021162619814276695,0.8031705617904663,0.7480898499488831,41,0.7480898499488831,41,0.6437557935714722,2,0.15158534049987793,0.16078121960163116,1.3829995393753052
360,108,9.0,final_nms07,141,0.7469420433044434,23,2,0.6722504496574402,0.028165893629193306,0.7842547297477722,0.7469420433044434,2,0.7469420433044434,2,0.6722504496574402,1,0.03713850677013397,-0.016419269144535065,2.2288970947265625
360,109,6.999999999999999,final_nms07,141,0.6273844242095947,1,1,0.6273844242095947,0.7968325018882751,0.7968325018882751,0.6273844242095947,1,0.6273844242095947,1,0.6273844242095947,1,-0.032265204936265945,0.5605812072753906,1.29837167263031
360,110,9.0,final_nms07,141,0.6437557935714722,4,0,0.6099254488945007,0.07020847499370575,0.8031705617904663,0.6437557935714722,5,0.6437557935714722,5,0.6437557935714722,2,0.16340775787830353,-0.009333799593150616,2.9895246028900146
361,111,9.0,encoder_all_counterfactual,8400,0.5854805707931519,2030,2030,0.5854805707931519,0.1233278140425682,0.1233278140425682,0.5854805707931519,1,0.5854805707931519,1,0.5854805707931519,1,-0.06450589746236801,-0.1581287682056427,3.4875121116638184
361,112,8.0,encoder_all_counterfactual,8400,0.6285958886146545,2267,2350,0.5496578812599182,0.06436144560575485,0.15182556211948395,0.6285958886146545,2,0.6285958886146545,2,0.6285958886146545,2,0.26198503375053406,0.06984386593103409,2.5470800399780273
361,113,6.0,encoder_all_counterfactual,8400,0.362018883228302,3881,2990,0.17775319516658783,0.04715430364012718,0.1382264941930771,0.362018883228302,0,0.362018883228302,0,0.33056095242500305,0,0.5932695865631104,0.02241688407957554,6.575899124145508
361,111,9.0,topk,300,0.5854805707931519,123,123,0.5854805707931519,0.1233278140425682,0.1233278140425682,0.5854805707931519,1,0.5854805707931519,1,0.5854805707931519,1,-0.06450589746236801,-0.1581287682056427,3.4875121116638184
361,112,8.0,topk,300,0.5496578812599182,1,1,0.5496578812599182,0.15182556211948395,0.15182556211948395,0.5496578812599182,1,0.5496578812599182,1,0.5496578812599182,1,-0.033519864082336426,-0.036151159554719925,4.994964599609375
361,113,6.0,topk,300,0.33056095242500305,70,31,0.17775319516658783,0.13203687965869904,0.1382264941930771,0.33056095242500305,0,0.33056095242500305,0,0.33056095242500305,0,0.7362591028213501,0.08101936429738998,7.129759788513184
361,111,9.0,pre_bbox,300,0.834919810295105,28,123,0.7270668148994446,0.12498947978019714,0.5529429912567139,0.834919810295105,16,0.834919810295105,16,0.834919810295105,16,-0.010665026493370533,0.00256867753341794,1.502225399017334
361,112,8.0,pre_bbox,300,0.691307008266449,3,1,0.6787082552909851,0.30596083402633667,0.40061917901039124,0.691307008266449,10,0.691307008266449,10,0.691307008266449,9,0.28941023349761963,0.12185986340045929,0.8605155348777771
361,113,6.0,pre_bbox,300,0.5279320478439331,67,70,0.48181629180908203,0.11811899393796921,0.42543724179267883,0.5279320478439331,3,0.5279320478439331,3,0.5279320478439331,3,0.5653706789016724,0.03488844260573387,3.545905351638794
361,111,9.0,decoder_1,300,0.8626017570495605,2,123,0.7208776473999023,0.119893379509449,0.561799943447113,0.8626017570495605,18,0.8626017570495605,18,0.8626017570495605,17,0.13719192147254944,-0.012710011564195156,0.7538782358169556
361,112,8.0,decoder_1,300,0.7188569903373718,169,1,0.6749293208122253,0.04210192710161209,0.4069378077983856,0.7188569903373718,16,0.7188569903373718,16,0.6855787038803101,11,0.2124698907136917,-0.13887709379196167,1.7504218816757202
361,113,6.0,decoder_1,300,0.5219859480857849,210,70,0.48575910925865173,0.059727199375629425,0.42969420552253723,0.5219859480857849,1,0.5219859480857849,1,0.5219859480857849,1,0.5718528628349304,0.11590493470430374,2.3392140865325928
361,111,9.0,decoder_2,300,0.7601172924041748,4,123,0.674139142036438,0.031367816030979156,0.7480857968330383,0.7601172924041748,21,0.7601172924041748,21,0.726529061794281,7,0.25757142901420593,0.04613279923796654,0.39841657876968384
361,112,8.0,decoder_2,300,0.730715811252594,93,1,0.6230030655860901,0.04418813809752464,0.6909635066986084,0.730715811252594,19,0.730715811252594,18,0.6834748983383179,10,0.3236728608608246,-0.004008902236819267,0.937380850315094
361,113,6.0,decoder_2,300,0.6045472025871277,42,70,0.450290709733963,0.03900732100009918,0.7509621381759644,0.6045472025871277,10,0.6045472025871277,10,0.5436985492706299,2,0.3923805356025696,-0.06307236105203629,2.96539044380188
361,111,9.0,decoder_3,300,0.7754330635070801,145,123,0.6857339143753052,0.018402332440018654,0.7686967849731445,0.7754330635070801,21,0.7754330635070801,21,0.7631426453590393,7,0.15246616303920746,-0.12059526145458221,0.7527366280555725
361,112,8.0,decoder_3,300,0.6928002238273621,27,1,0.6245043873786926,0.056129034608602524,0.7732016444206238,0.6928002238273621,22,0.6928002238273621,22,0.6928002238273621,6,0.08955638855695724,0.1425188183784485,2.921536684036255
361,113,6.0,decoder_3,300,0.5724174976348877,53,70,0.4515983760356903,0.032089412212371826,0.7941731810569763,0.5724174976348877,2,0.5724174976348877,2,0.4515983760356903,0,0.38816937804222107,0.007128201425075531,2.5338499546051025
361,111,9.0,final_nms07,180,0.6857339143753052,2,2,0.6857339143753052,0.7686967849731445,0.7686967849731445,0.6857339143753052,3,0.6857339143753052,3,0.6857339143753052,2,0.33983129262924194,0.08841441571712494,0.5681304335594177
361,112,8.0,final_nms07,180,0.6928002238273621,11,1,0.6245043873786926,0.056129034608602524,0.7732016444206238,0.6928002238273621,4,0.6928002238273621,4,0.6928002238273621,2,0.08955638855695724,0.1425188183784485,2.921536684036255
361,113,6.0,final_nms07,180,0.4515983760356903,0,0,0.4515983760356903,0.7941731810569763,0.7941731810569763,0.4515983760356903,0,0.4515983760356903,0,0.4515983760356903,0,0.8177251815795898,0.16614657640457153,2.253621816635132
387,114,8.0,encoder_all_counterfactual,8400,0.5141902565956116,1955,2281,0.3841237723827362,0.07647192478179932,0.13038010895252228,0.5141902565956116,1,0.5141902565956116,1,0.5141902565956116,1,0.07084354013204575,0.10672874003648758,4.254327297210693
387,115,9.0,encoder_all_counterfactual,8400,0.622291624546051,3002,2274,0.2130839228630066,0.039910610765218735,0.13246750831604004,0.622291624546051,2,0.622291624546051,2,0.2130839228630066,0,-0.3188997805118561,-0.08634007722139359,2.518637180328369
387,116,9.0,encoder_all_counterfactual,8400,0.4243064820766449,3565,2837,0.2264723777770996,0.03429224342107773,0.13979952037334442,0.4243064820766449,0,0.4243064820766449,0,0.38891181349754333,0,-0.07659706473350525,-0.14383280277252197,5.73853874206543
387,114,8.0,topk,300,0.5141902565956116,295,68,0.3841237723827362,0.07647192478179932,0.13038010895252228,0.5141902565956116,1,0.5141902565956116,1,0.5141902565956116,1,0.07084354013204575,0.10672874003648758,4.254327297210693
387,115,9.0,topk,300,0.2130839228630066,60,60,0.2130839228630066,0.13246750831604004,0.13246750831604004,0.2130839228630066,0,0.2130839228630066,0,0.2130839228630066,0,0.1596103012561798,0.24830104410648346,10.313095092773438
387,116,9.0,topk,300,0.38891181349754333,30,27,0.2264723777770996,0.13912977278232574,0.13979952037334442,0.38891181349754333,0,0.38891181349754333,0,0.38891181349754333,0,0.19640567898750305,0.22480979561805725,6.668703556060791
387,114,8.0,pre_bbox,300,0.8478469252586365,192,68,0.7402731776237488,0.16006596386432648,0.5693758130073547,0.8478469252586365,24,0.8478469252586365,24,0.8478469252586365,24,0.0660165473818779,0.08650674670934677,0.797645628452301
387,115,9.0,pre_bbox,300,0.8962850570678711,50,60,0.7177015542984009,0.12794724106788635,0.256409227848053,0.8962850570678711,28,0.8962850570678711,28,0.8962850570678711,27,-0.033270008862018585,0.08130421489477158,0.24838075041770935
387,116,9.0,pre_bbox,300,0.9107256531715393,34,219,0.8687950968742371,0.1670210212469101,0.38310596346855164,0.9107256531715393,21,0.9107256531715393,21,0.9107256531715393,21,0.0431395098567009,0.007432762533426285,0.7225692272186279
387,114,8.0,decoder_1,300,0.8510019779205322,291,68,0.7395718693733215,0.14487892389297485,0.579041600227356,0.8510019779205322,22,0.8510019779205322,22,0.8510019779205322,22,-0.09490541368722916,-0.013556139543652534,0.9189162254333496
387,115,9.0,decoder_1,300,0.8997782468795776,50,60,0.7057316303253174,0.13157831132411957,0.25969746708869934,0.8997782468795776,31,0.8997782468795776,31,0.8997782468795776,29,-0.039697837084531784,0.06258473545312881,0.5796456336975098
387,116,9.0,decoder_1,300,0.9031671285629272,34,219,0.8687887191772461,0.1717519760131836,0.39244168996810913,0.9031671285629272,18,0.9031671285629272,18,0.9031671285629272,18,0.045260556042194366,0.015348026528954506,0.7270634174346924
387,114,8.0,decoder_2,300,0.8702403903007507,291,68,0.7448539137840271,0.023748323321342468,0.7480795383453369,0.8702403903007507,27,0.8702403903007507,27,0.7448539137840271,1,-0.07272866368293762,0.07067181915044785,0.5399025082588196
387,115,9.0,decoder_2,300,0.9279448390007019,38,60,0.8420786261558533,0.16264495253562927,0.7139673233032227,0.9279448390007019,33,0.9279448390007019,33,0.9279448390007019,16,-0.025400564074516296,0.044388990849256516,0.4517078399658203
387,116,9.0,decoder_2,300,0.8895766139030457,34,219,0.8486388325691223,0.05157298594713211,0.7537007927894592,0.8895766139030457,32,0.8895766139030457,32,0.8895766139030457,9,-0.037289705127477646,-0.006181659642606974,0.7324910759925842
387,114,8.0,decoder_3,300,0.8618854284286499,291,68,0.7490350604057312,0.020684754475951195,0.7606674432754517,0.8618854284286499,29,0.8618854284286499,29,0.7490350604057312,1,-0.08189496397972107,0.07104531675577164,0.5015975832939148
387,115,9.0,decoder_3,300,0.9594890475273132,278,60,0.8364907503128052,0.015536455437541008,0.7773742079734802,0.9594890475273132,34,0.9594890475273132,34,0.883649468421936,6,0.005814255680888891,-0.02991533651947975,0.20899759232997894
387,116,9.0,decoder_3,300,0.894260585308075,34,219,0.8422983288764954,0.01983567140996456,0.779400110244751,0.894260585308075,36,0.894260585308075,36,0.8575387597084045,2,-0.034604158252477646,0.0030373609624803066,0.6749277114868164
387,114,8.0,final_nms07,177,0.7490350604057312,2,2,0.7490350604057312,0.7606674432754517,0.7606674432754517,0.7490350604057312,5,0.7490350604057312,5,0.7490350604057312,1,0.08192107081413269,0.21405108273029327,1.2983523607254028
387,115,9.0,final_nms07,177,0.8364907503128052,1,1,0.8364907503128052,0.7773742079734802,0.7773742079734802,0.8364907503128052,3,0.8364907503128052,3,0.8364907503128052,1,-0.04659120738506317,0.045310426503419876,1.130662202835083
387,116,9.0,final_nms07,177,0.8422983288764954,0,0,0.8422983288764954,0.779400110244751,0.779400110244751,0.8422983288764954,5,0.8422983288764954,5,0.8422983288764954,1,-0.07440480589866638,-0.010594301857054234,0.9649493098258972
388,117,8.0,encoder_all_counterfactual,8400,0.5443103909492493,1958,1879,0.24040214717388153,0.09924040734767914,0.1271262764930725,0.5443103909492493,2,0.5443103909492493,2,0.5443103909492493,2,0.05846860259771347,-0.04584361985325813,3.8354506492614746
388,118,8.0,encoder_all_counterfactual,8400,0.5946609377861023,2362,2278,0.1985810548067093,0.10914792865514755,0.14429277181625366,0.5946609377861023,1,0.5946609377861023,1,0.5946609377861023,1,0.3111875355243683,0.28252536058425903,0.4279138743877411
388,119,10.0,encoder_all_counterfactual,8400,0.6720874905586243,3404,2759,0.38559356331825256,0.04275884851813316,0.15145397186279297,0.6720874905586243,1,0.6720874905586243,1,0.4999527633190155,0,-0.11769618839025497,-0.03595170006155968,2.762120246887207
388,117,8.0,topk,300,0.5443103909492493,183,92,0.24040214717388153,0.09924040734767914,0.1271262764930725,0.5443103909492493,2,0.5443103909492493,2,0.5443103909492493,2,0.05846860259771347,-0.04584361985325813,3.8354506492614746
388,118,8.0,topk,300,0.5946609377861023,158,19,0.1985810548067093,0.10914792865514755,0.14429277181625366,0.5946609377861023,1,0.5946609377861023,1,0.5946609377861023,1,0.3111875355243683,0.28252536058425903,0.4279138743877411
388,119,10.0,topk,300,0.4999527633190155,167,6,0.38559356331825256,0.10662439465522766,0.15145397186279297,0.4999527633190155,0,0.4999527633190155,0,0.4999527633190155,0,-0.05596637725830078,-0.1576499044895172,5.750979900360107
388,117,8.0,pre_bbox,300,0.8853696584701538,183,202,0.7705896496772766,0.5029249787330627,0.6360051035881042,0.8853696584701538,21,0.8853696584701538,21,0.8853696584701538,21,-0.004246062133461237,-0.031089868396520615,0.7120101451873779
388,118,8.0,pre_bbox,300,0.8944863080978394,128,158,0.8594717383384705,0.18292701244354248,0.6535339951515198,0.8944863080978394,21,0.8944863080978394,21,0.8944863080978394,21,0.030483251437544823,-0.02575862407684326,0.6705866456031799
388,119,10.0,pre_bbox,300,0.8354458212852478,18,129,0.7221437692642212,0.14202189445495605,0.4630889296531677,0.8354458212852478,36,0.8354458212852478,36,0.8354458212852478,30,-0.04018406942486763,-0.11004770547151566,0.8321558833122253
388,117,8.0,decoder_1,300,0.882734477519989,183,202,0.7675543427467346,0.5080853700637817,0.6440616250038147,0.882734477519989,19,0.882734477519989,19,0.882734477519989,19,-0.007485896348953247,-0.033463362604379654,0.7300488352775574
388,118,8.0,decoder_1,300,0.8872824311256409,40,158,0.8668238520622253,0.1833915412425995,0.6609765291213989,0.8872824311256409,21,0.8872824311256409,21,0.8872824311256409,21,0.10214421153068542,-0.0242865402251482,0.11064968258142471
388,119,10.0,decoder_1,300,0.8280926942825317,18,129,0.7247573137283325,0.14718443155288696,0.47056078910827637,0.8280926942825317,37,0.8280926942825317,37,0.8280926942825317,30,-0.03147219866514206,-0.1178734228014946,0.8675878047943115
388,117,8.0,decoder_2,300,0.9074085354804993,36,202,0.8243388533592224,0.031474366784095764,0.7287344336509705,0.9074085354804993,27,0.9074085354804993,27,0.8368138670921326,3,0.08303067088127136,-0.018652474507689476,0.03099663183093071
388,118,8.0,decoder_2,300,0.8997867703437805,22,158,0.8667857646942139,0.0320100262761116,0.7932403087615967,0.8997867703437805,25,0.8997867703437805,25,0.8667857646942139,1,0.08032938838005066,0.015011370182037354,0.44014766812324524
388,119,10.0,decoder_2,300,0.8081094026565552,18,112,0.7012784481048584,0.018759123980998993,0.7056503891944885,0.8081094026565552,41,0.8081094026565552,41,0.7381620407104492,7,-0.09348525106906891,-0.10855209827423096,0.9484413862228394
388,117,8.0,decoder_3,300,0.9252069592475891,100,202,0.8191161751747131,0.023256927728652954,0.7617335915565491,0.9252069592475891,28,0.9252069592475891,28,0.8253960013389587,2,0.05712983012199402,-0.023159589618444443,0.3646440804004669
388,118,8.0,decoder_3,300,0.8919323086738586,22,158,0.8639758825302124,0.020274292677640915,0.7958592772483826,0.8919323086738586,29,0.8919323086738586,29,0.8639758825302124,2,0.08347651362419128,0.034782059490680695,0.3349974751472473
388,119,10.0,decoder_3,300,0.8044779300689697,18,112,0.694827139377594,0.01315476093441248,0.7825677394866943,0.8044779300689697,51,0.8044779300689697,51,0.694827139377594,4,-0.08986395597457886,-0.11609112471342087,0.9632529020309448
388,117,8.0,final_nms07,156,0.8370374441146851,30,2,0.8191161751747131,0.02696905843913555,0.7617335915565491,0.8370374441146851,5,0.8370374441146851,5,0.8191161751747131,1,0.03582903742790222,-0.06237851455807686,1.2334392070770264
388,118,8.0,final_nms07,156,0.8639758825302124,0,0,0.8639758825302124,0.7958592772483826,0.7958592772483826,0.8639758825302124,5,0.8639758825302124,5,0.8639758825302124,1,0.05640861392021179,0.04128919169306755,0.8407297134399414
388,119,10.0,final_nms07,156,0.694827139377594,1,1,0.694827139377594,0.7825677394866943,0.7825677394866943,0.694827139377594,5,0.694827139377594,5,0.694827139377594,2,-0.18980616331100464,-0.1423966884613037,0.8094973564147949
389,120,10.0,encoder_all_counterfactual,8400,0.5004233121871948,2443,1876,0.11571765691041946,0.05033452808856964,0.1308596283197403,0.5004233121871948,1,0.5004233121871948,1,0.5004233121871948,1,-0.09306945651769638,-0.13012048602104187,5.384314060211182
389,121,11.0,encoder_all_counterfactual,8400,0.7945957183837891,2360,2359,0.3026096224784851,0.09648912400007248,0.15581552684307098,0.7945957183837891,6,0.7945957183837891,6,0.7945957183837891,5,0.03895263746380806,0.21131955087184906,0.4329792261123657
389,122,8.0,encoder_all_counterfactual,8400,0.7779374718666077,2592,2677,0.1720835119485855,0.10240019112825394,0.14030872285366058,0.7779374718666077,3,0.7779374718666077,3,0.7779374718666077,2,0.03337768837809563,0.10921534150838852,1.129900336265564
389,120,10.0,topk,300,0.3434144854545593,271,72,0.11571765691041946,0.077768974006176,0.1308596283197403,0.3434144854545593,0,0.3434144854545593,0,0.3434144854545593,0,-0.18033047020435333,-0.18803152441978455,6.851992607116699
389,121,11.0,topk,300,0.7945957183837891,189,2,0.3026096224784851,0.09648912400007248,0.15581552684307098,0.7945957183837891,3,0.7945957183837891,3,0.7945957183837891,3,0.03895263746380806,0.21131955087184906,0.4329792261123657
389,122,8.0,topk,300,0.7779374718666077,169,29,0.1720835119485855,0.10240019112825394,0.14030872285366058,0.7779374718666077,2,0.7779374718666077,2,0.7779374718666077,2,0.03337768837809563,0.10921534150838852,1.129900336265564
389,120,10.0,pre_bbox,300,0.6776775121688843,209,271,0.5763421058654785,0.20470675826072693,0.459758996963501,0.6776775121688843,17,0.6776775121688843,17,0.6776775121688843,17,-0.22008314728736877,-0.0927996039390564,1.6218773126602173
389,121,11.0,pre_bbox,300,0.7088252902030945,64,99,0.6816625595092773,0.05212802067399025,0.6129308342933655,0.7088252902030945,22,0.7088252902030945,22,0.7088252902030945,22,-0.12524385750293732,-0.1896876096725464,0.47629404067993164
389,122,8.0,pre_bbox,300,0.9087516665458679,144,169,0.8374008536338806,0.1688052862882614,0.581527590751648,0.9087516665458679,36,0.9087516665458679,36,0.9087516665458679,36,0.03855188935995102,-0.026408346369862556,0.5240576267242432
389,120,10.0,decoder_1,300,0.6878924369812012,209,271,0.5766013264656067,0.20874623954296112,0.46585509181022644,0.6878924369812012,17,0.6878924369812012,17,0.6878924369812012,16,-0.2214336395263672,-0.09377630054950714,1.510080099105835
389,121,11.0,decoder_1,300,0.6749930381774902,99,99,0.6749930381774902,0.6216064095497131,0.6216064095497131,0.6749930381774902,21,0.6749930381774902,21,0.6749930381774902,21,-0.2201690673828125,-0.13443544507026672,0.21302059292793274
389,122,8.0,decoder_1,300,0.881658136844635,144,169,0.8305611610412598,0.174929678440094,0.5934727787971497,0.881658136844635,34,0.881658136844635,34,0.881658136844635,34,0.05224916338920593,-0.036969974637031555,0.7003940939903259
389,120,10.0,decoder_2,300,0.7253894805908203,5,271,0.6331458687782288,0.05052141845226288,0.7743383049964905,0.7253894805908203,21,0.7253894805908203,21,0.7253894805908203,4,-0.0270538330078125,-0.20771121978759766,2.2086241245269775
389,121,11.0,decoder_2,300,0.6727044582366943,8,189,0.6094686388969421,0.00047652292414568365,0.7816423773765564,0.6727044582366943,27,0.6706912517547607,26,0.627640426158905,3,0.015201568603515625,0.07162576168775558,3.131805419921875
389,122,8.0,decoder_2,300,0.9266594052314758,144,106,0.8865984082221985,0.024794233962893486,0.8068234324455261,0.9266594052314758,45,0.9266594052314758,45,0.8865984082221985,3,0.0483991801738739,0.008957384154200554,0.5059409141540527
389,120,10.0,decoder_3,300,0.6536759734153748,181,271,0.6359432935714722,0.24197368323802948,0.7675277590751648,0.6536759734153748,23,0.6536759734153748,23,0.6536759734153748,3,-0.21302413940429688,-0.13320280611515045,1.8365941047668457
389,121,11.0,decoder_3,300,0.7232717275619507,8,189,0.6105968356132507,0.021416233852505684,0.7835482954978943,0.7232717275619507,27,0.7232717275619507,27,0.6283168792724609,2,0.021886825561523438,0.019267205148935318,2.828249454498291
389,122,8.0,decoder_3,300,0.9098092317581177,144,106,0.8860531449317932,0.023739082738757133,0.7797876000404358,0.9098092317581177,46,0.9098092317581177,46,0.8860531449317932,2,0.05346080660820007,0.014313595369458199,0.6011204123497009
389,120,10.0,final_nms07,166,0.6359432935714722,2,2,0.6359432935714722,0.7675277590751648,0.7675277590751648,0.6359432935714722,2,0.6359432935714722,2,0.6359432935714722,1,-0.19680023193359375,-0.1497834175825119,2.109602928161621
389,121,11.0,final_nms07,166,0.7232717275619507,43,0,0.6105968356132507,0.021416233852505684,0.7835482954978943,0.7232717275619507,2,0.7232717275619507,2,0.6105968356132507,1,0.021886825561523438,0.019267205148935318,2.828249454498291
389,122,8.0,final_nms07,166,0.8860531449317932,1,1,0.8860531449317932,0.7797876000404358,0.7797876000404358,0.8860531449317932,3,0.8860531449317932,3,0.8860531449317932,1,0.08368369936943054,0.00794858019798994,0.7543779611587524
390,123,8.0,encoder_all_counterfactual,8400,0.4559323787689209,1879,1879,0.4559323787689209,0.1471569836139679,0.1471569836139679,0.4559323787689209,0,0.4559323787689209,0,0.4559323787689209,0,-0.08597596734762192,0.20125629007816315,4.712164402008057
390,124,6.999999999999999,encoder_all_counterfactual,8400,0.4550982117652893,1956,2119,0.4357925355434418,0.12887932360172272,0.1555483639240265,0.4550982117652893,0,0.4550982117652893,0,0.4550982117652893,0,0.5536175966262817,0.41432496905326843,3.657686471939087
390,125,6.0,encoder_all_counterfactual,8400,0.46132901310920715,2924,2276,0.10193979740142822,0.04736081883311272,0.14467185735702515,0.46132901310920715,0,0.46132901310920715,0,0.44858142733573914,0,0.08380637317895889,0.5909461975097656,3.3370699882507324
390,123,8.0,topk,300,0.4559323787689209,13,13,0.4559323787689209,0.1471569836139679,0.1471569836139679,0.4559323787689209,0,0.4559323787689209,0,0.4559323787689209,0,-0.08597596734762192,0.20125629007816315,4.712164402008057
390,124,6.999999999999999,topk,300,0.4550982117652893,100,1,0.4357925355434418,0.12887932360172272,0.1555483639240265,0.4550982117652893,0,0.4550982117652893,0,0.4550982117652893,0,0.5536175966262817,0.41432496905326843,3.657686471939087
390,125,6.0,topk,300,0.44858142733573914,36,18,0.10193979740142822,0.14085569977760315,0.14467185735702515,0.44858142733573914,0,0.44858142733573914,0,0.44858142733573914,0,0.15634173154830933,0.9278512001037598,4.105620384216309
390,123,8.0,pre_bbox,300,0.8309515118598938,270,13,0.7519888877868652,0.19302427768707275,0.5639635324478149,0.8309515118598938,20,0.8309515118598938,20,0.8309515118598938,20,-0.014248085208237171,0.12390956282615662,0.7178085446357727
390,124,6.999999999999999,pre_bbox,300,0.6834484934806824,60,1,0.6273403167724609,0.1042635515332222,0.6583632826805115,0.6834484934806824,20,0.6834484934806824,20,0.6834484934806824,20,0.26101168990135193,0.160307839512825,1.5948489904403687
390,125,6.0,pre_bbox,300,0.6514377593994141,41,36,0.5715988278388977,0.08798535168170929,0.5988948941230774,0.6514377593994141,26,0.6514377593994141,26,0.6514377593994141,22,-0.11355908215045929,0.4069612920284271,0.8704265356063843
390,123,8.0,decoder_1,300,0.8354692459106445,270,13,0.7505108118057251,0.19806097447872162,0.568163275718689,0.8354692459106445,19,0.8354692459106445,19,0.8354692459106445,19,-0.011208195239305496,0.12558884918689728,0.6528301239013672
390,124,6.999999999999999,decoder_1,300,0.806945264339447,34,1,0.6324028372764587,0.06811319291591644,0.6664148569107056,0.806945264339447,21,0.806945264339447,21,0.806945264339447,21,-0.08753151446580887,0.13758645951747894,0.9125317335128784
390,125,6.0,decoder_1,300,0.6619280576705933,41,36,0.5707695484161377,0.09048158675432205,0.6073414087295532,0.6619280576705933,22,0.6619280576705933,22,0.6619280576705933,21,-0.12987440824508667,0.3614829182624817,1.1303653717041016
390,123,8.0,decoder_2,300,0.8192538022994995,276,13,0.7595685720443726,0.02597801759839058,0.7768276929855347,0.8192538022994995,22,0.8192538022994995,22,0.7827697396278381,4,-0.0034662671387195587,0.11300007253885269,0.8089269399642944
390,124,6.999999999999999,decoder_2,300,0.7634836435317993,70,1,0.708409309387207,0.03389925882220268,0.7814510464668274,0.7634836435317993,32,0.7634836435317993,32,0.7578287124633789,22,0.11395343393087387,0.17218400537967682,1.1779611110687256
390,125,6.0,decoder_2,300,0.6152186393737793,86,36,0.5714943408966064,0.03244424983859062,0.7774309515953064,0.6152186393737793,38,0.6152186393737793,38,0.5714943408966064,1,-0.10070895403623581,0.5134499669075012,0.5738323330879211
390,123,8.0,decoder_3,300,0.823686420917511,140,13,0.7573418617248535,0.01737145707011223,0.775693416595459,0.823686420917511,23,0.823686420917511,23,0.7711352705955505,3,0.01823257841169834,0.1365906149148941,1.126145362854004
390,124,6.999999999999999,decoder_3,300,0.7555833458900452,70,1,0.7088395357131958,0.02268088236451149,0.7893391847610474,0.7555833458900452,35,0.7555833458900452,35,0.7088395357131958,3,0.10864528268575668,0.1606140434741974,1.2422614097595215
390,125,6.0,decoder_3,300,0.6324074268341064,102,36,0.575473964214325,0.042061857879161835,0.7597142457962036,0.6324074268341064,42,0.6324074268341064,42,0.575473964214325,1,-0.10389174520969391,0.2455916553735733,2.648859977722168
390,123,8.0,final_nms07,172,0.7573418617248535,1,1,0.7573418617248535,0.775693416595459,0.775693416595459,0.7573418617248535,4,0.7573418617248535,4,0.7573418617248535,1,0.0537857711315155,0.230913445353508,0.6084802150726318
390,124,6.999999999999999,final_nms07,172,0.7088395357131958,0,0,0.7088395357131958,0.7893391847610474,0.7893391847610474,0.7088395357131958,4,0.7088395357131958,4,0.7088395357131958,1,0.169429749250412,0.20636217296123505,1.2036266326904297
390,125,6.0,final_nms07,172,0.6324074268341064,7,2,0.575473964214325,0.042061857879161835,0.7597142457962036,0.6324074268341064,3,0.6324074268341064,3,0.575473964214325,1,-0.10389174520969391,0.2455916553735733,2.648859977722168
391,126,7.0,encoder_all_counterfactual,8400,0.32680532336235046,2119,2119,0.32680532336235046,0.12810635566711426,0.12810635566711426,0.32680532336235046,0,0.32680532336235046,0,0.32680532336235046,0,0.3607926368713379,0.049738559871912,6.988560676574707
391,127,9.0,encoder_all_counterfactual,8400,0.5875178575515747,2195,2277,0.1815039962530136,0.1272316575050354,0.15579459071159363,0.5875178575515747,1,0.5875178575515747,1,0.5875178575515747,1,0.09613348543643951,0.1597503423690796,3.4497902393341064
391,128,8.0,encoder_all_counterfactual,8400,0.44775912165641785,2681,2679,0.39113420248031616,0.14036981761455536,0.1487562507390976,0.44775912165641785,0,0.44775912165641785,0,0.44775912165641785,0,0.09720158576965332,0.3590537905693054,4.800891399383545
391,126,7.0,topk,300,0.32680532336235046,63,63,0.32680532336235046,0.12810635566711426,0.12810635566711426,0.32680532336235046,0,0.32680532336235046,0,0.32680532336235046,0,0.3607926368713379,0.049738559871912,6.988560676574707
391,127,9.0,topk,300,0.5875178575515747,64,4,0.1815039962530136,0.1272316575050354,0.15579459071159363,0.5875178575515747,1,0.5875178575515747,1,0.5875178575515747,1,0.09613348543643951,0.1597503423690796,3.4497902393341064
391,128,8.0,topk,300,0.44775912165641785,22,8,0.39113420248031616,0.14036981761455536,0.1487562507390976,0.44775912165641785,0,0.44775912165641785,0,0.44775912165641785,0,0.09720158576965332,0.3590537905693054,4.800891399383545
391,126,7.0,pre_bbox,300,0.850925862789154,228,63,0.7446441054344177,0.11180276423692703,0.3869139850139618,0.850925862789154,13,0.850925862789154,13,0.850925862789154,13,0.1240958645939827,-0.03442559763789177,0.861095130443573
391,127,9.0,pre_bbox,300,0.8544241786003113,87,38,0.8013134598731995,0.09122812747955322,0.5772990584373474,0.8544241786003113,21,0.8544241786003113,21,0.8544241786003113,21,-0.005520757287740707,-0.05883113294839859,0.8572149872779846
391,128,8.0,pre_bbox,300,0.7663784027099609,54,22,0.7264668941497803,0.09244109690189362,0.42017316818237305,0.7663784027099609,21,0.7663784027099609,21,0.7663784027099609,21,0.06180757284164429,0.22539789974689484,0.7461487054824829
391,126,7.0,decoder_1,300,0.8054942488670349,217,63,0.7356138229370117,0.14978118240833282,0.3913872539997101,0.8054942488670349,13,0.8054942488670349,13,0.8054942488670349,13,0.12189917266368866,-0.10679991543292999,0.847916305065155
391,127,9.0,decoder_1,300,0.8700358271598816,17,38,0.81121826171875,0.11155958473682404,0.5840834379196167,0.8700358271598816,20,0.8700358271598816,20,0.8700358271598816,20,0.05926176905632019,0.08507546037435532,0.5724457502365112
391,128,8.0,decoder_1,300,0.7886753678321838,54,22,0.721112847328186,0.0941389799118042,0.4264904260635376,0.7886753678321838,20,0.7886753678321838,20,0.7886753678321838,20,0.05541989207267761,0.17952431738376617,1.1407901048660278
391,126,7.0,decoder_2,300,0.8225481510162354,53,180,0.7515280842781067,0.018207047134637833,0.7721688151359558,0.8225481510162354,15,0.8225481510162354,15,0.7515280842781067,1,0.2053729146718979,-0.0028116032481193542,0.9553645253181458
391,127,9.0,decoder_2,300,0.9139555096626282,4,38,0.7906865477561951,0.031139371916651726,0.7502484917640686,0.9139555096626282,27,0.9139555096626282,27,0.8442919850349426,12,0.03257181495428085,0.05962938070297241,0.42685213685035706
391,128,8.0,decoder_2,300,0.8100557327270508,76,22,0.733679473400116,0.037986140698194504,0.7143893241882324,0.8100557327270508,38,0.8100557327270508,37,0.7460625767707825,6,0.0018479526042938232,0.19151026010513306,0.32006317377090454
391,126,7.0,decoder_3,300,0.8299160599708557,53,180,0.7506478428840637,0.018068892881274223,0.7655839323997498,0.8299160599708557,15,0.8299160599708557,15,0.7506478428840637,2,0.18897190690040588,0.0017699494492262602,0.7996926307678223
391,127,9.0,decoder_3,300,0.9193223118782043,4,38,0.7884210348129272,0.01928539201617241,0.7738685607910156,0.9193223118782043,32,0.9193223118782043,32,0.8603463768959045,5,0.022575611248612404,0.06374264508485794,0.4183114171028137
391,128,8.0,decoder_3,300,0.8656001091003418,133,22,0.7389217615127563,0.03232543170452118,0.7562336325645447,0.8656001091003418,40,0.8656001091003418,40,0.7389217615127563,3,-0.00813630223274231,0.14706815779209137,0.7970017790794373
391,126,7.0,final_nms07,170,0.7506478428840637,1,1,0.7506478428840637,0.7655839323997498,0.7655839323997498,0.7506478428840637,1,0.7506478428840637,1,0.7506478428840637,1,0.2406207174062729,0.04308313503861427,0.8436351418495178
391,127,9.0,final_nms07,170,0.7884210348129272,0,0,0.7884210348129272,0.7738685607910156,0.7738685607910156,0.7884210348129272,5,0.7884210348129272,5,0.7884210348129272,1,-0.06961417943239212,0.013849965296685696,1.4106556177139282
391,128,8.0,final_nms07,170,0.7389217615127563,2,2,0.7389217615127563,0.7562336325645447,0.7562336325645447,0.7389217615127563,2,0.7389217615127563,2,0.7389217615127563,1,0.017764538526535034,0.1685526967048645,1.1446250677108765
424,129,10.0,encoder_all_counterfactual,8400,0.4175109267234802,2534,2124,0.2592834532260895,0.036322806030511856,0.06687195599079132,0.4175109267234802,0,0.4175109267234802,0,0.2592834532260895,0,0.39375314116477966,-0.03787412494421005,7.309047222137451
424,129,10.0,topk,300,0.0,0,-1,0,0.15938250720500946,,0.0,0,0.0,0,0.0,0,-0.2173779308795929,-0.20462675392627716,167.25367736816406
424,129,10.0,pre_bbox,300,0.6396861672401428,189,146,0.4085506796836853,0.06707382947206497,0.18829770386219025,0.6396861672401428,4,0.6396861672401428,4,0.6396861672401428,4,0.20799724757671356,0.004861914087086916,4.392204284667969
424,129,10.0,decoder_1,300,0.6888803839683533,189,146,0.4181405007839203,0.06424508988857269,0.19426505267620087,0.6888803839683533,3,0.6888803839683533,3,0.6888803839683533,3,0.26634401082992554,-0.11447086185216904,3.016273021697998
424,129,10.0,decoder_2,300,0.8525983095169067,212,294,0.7990220189094543,0.20464085042476654,0.5901541113853455,0.8525983095169067,11,0.8525983095169067,11,0.8525983095169067,9,-0.04862532764673233,-0.05494632199406624,1.1423898935317993
424,129,10.0,decoder_3,300,0.8266518115997314,294,294,0.8266518115997314,0.7228540778160095,0.7228540778160095,0.8266518115997314,12,0.8266518115997314,12,0.8266518115997314,9,-0.02080707810819149,-0.04056350514292717,1.447433590888977
424,129,10.0,final_nms07,180,0.8266518115997314,0,0,0.8266518115997314,0.7228540778160095,0.7228540778160095,0.8266518115997314,4,0.8266518115997314,4,0.8266518115997314,3,-0.02080707810819149,-0.04056350514292717,1.447433590888977
425,130,9.0,encoder_all_counterfactual,8400,0.6426845788955688,2123,2279,0.2088226079940796,0.07240232080221176,0.09819506853818893,0.6426845788955688,3,0.6426845788955688,3,0.6426845788955688,1,0.03237241506576538,0.2222624272108078,2.6196062564849854
425,130,9.0,topk,300,0.4563843905925751,292,192,0.2088226079940796,0.0877494364976883,0.09819506853818893,0.4563843905925751,0,0.4563843905925751,0,0.4563843905925751,0,0.24979330599308014,0.334275484085083,5.9877729415893555
425,130,9.0,pre_bbox,300,0.8209863305091858,299,292,0.819541871547699,0.457705557346344,0.5059985518455505,0.8209863305091858,16,0.8209863305091858,16,0.8209863305091858,16,-0.051625579595565796,0.10635459423065186,1.0633089542388916
425,130,9.0,decoder_1,300,0.8373072147369385,299,292,0.8208174705505371,0.46902549266815186,0.5120671987533569,0.8373072147369385,16,0.8373072147369385,16,0.8373072147369385,16,-0.05897156521677971,0.0873451977968216,1.0273826122283936
425,130,9.0,decoder_2,300,0.8218291997909546,292,299,0.8167897462844849,0.1772015392780304,0.8123011589050293,0.8218291997909546,25,0.8218291997909546,25,0.8218291997909546,2,-0.05708323419094086,0.1562572866678238,0.30857929587364197
425,130,9.0,decoder_3,300,0.8348245024681091,192,299,0.8195488452911377,0.05819682031869888,0.7836043834686279,0.8348245024681091,28,0.8348245024681091,28,0.8348245024681091,5,-0.03593352437019348,0.16058222949504852,0.1350996345281601
425,130,9.0,final_nms07,180,0.8195488452911377,0,0,0.8195488452911377,0.7836043834686279,0.7836043834686279,0.8195488452911377,4,0.8195488452911377,4,0.8195488452911377,1,-0.07386840134859085,0.14042189717292786,0.20955613255500793
426,131,9.0,encoder_all_counterfactual,8400,0.5494409799575806,2054,2054,0.5494409799575806,0.11623877286911011,0.11623877286911011,0.5494409799575806,1,0.5494409799575806,1,0.5494409799575806,1,-0.05500537529587746,0.08755671977996826,4.123895645141602
426,131,9.0,topk,300,0.5494409799575806,112,112,0.5494409799575806,0.11623877286911011,0.11623877286911011,0.5494409799575806,1,0.5494409799575806,1,0.5494409799575806,1,-0.05500537529587746,0.08755671977996826,4.123895645141602
426,131,9.0,pre_bbox,300,0.7277321219444275,191,112,0.7243229150772095,0.11587299406528473,0.5756519436836243,0.7277321219444275,7,0.7277321219444275,7,0.7277321219444275,7,-0.05724910646677017,-0.09302621334791183,2.1519436836242676
426,131,9.0,decoder_1,300,0.7608841061592102,277,112,0.7221940159797668,0.16916552186012268,0.58658367395401,0.7608841061592102,9,0.7608841061592102,9,0.7608841061592102,9,0.013927137479186058,0.04926286265254021,1.8770570755004883
426,131,9.0,decoder_2,300,0.8256862759590149,216,112,0.7079526782035828,0.13427941501140594,0.8322182893753052,0.8256862759590149,20,0.8256862759590149,20,0.8256862759590149,12,-0.05572933331131935,0.08374474942684174,1.2819126844406128
426,131,9.0,decoder_3,300,0.7690921425819397,216,112,0.6961180567741394,0.06351558119058609,0.7963188886642456,0.7690921425819397,26,0.7690921425819397,26,0.7690921425819397,8,-0.045486025512218475,0.11052440851926804,1.5935556888580322
426,131,9.0,final_nms07,186,0.7051635980606079,10,0,0.6961180567741394,0.044405728578567505,0.7963188886642456,0.7051635980606079,8,0.7051635980606079,8,0.6961180567741394,4,0.1927584707736969,0.1697048395872116,2.0075175762176514
490,132,7.0,encoder_all_counterfactual,8400,0.6325387358665466,1901,1087,0.1155359148979187,0.021681098267436028,0.10027845203876495,0.6325387358665466,2,0.6325387358665466,2,0.3677692413330078,0,0.4192414879798889,-0.13918010890483856,2.3742382526397705
490,132,7.0,topk,300,0.1155359148979187,280,280,0.1155359148979187,0.10027845203876495,0.10027845203876495,0.1155359148979187,0,0.1155359148979187,0,0.1155359148979187,0,0.512105405330658,0.10455964505672455,13.460844039916992
490,132,7.0,pre_bbox,300,0.6440050601959229,285,280,0.569547176361084,0.041755806654691696,0.2908181846141815,0.6440050601959229,6,0.6440050601959229,6,0.6432502865791321,5,0.4367161989212036,0.08078226447105408,1.4171479940414429
490,132,7.0,decoder_1,300,0.6725370287895203,267,280,0.574157178401947,0.08479103446006775,0.2997919023036957,0.6725370287895203,5,0.6725370287895203,5,0.6725370287895203,5,0.28181177377700806,-0.1659364104270935,2.4014599323272705
490,132,7.0,decoder_2,300,0.8188506960868835,139,289,0.7426431775093079,0.05173206329345703,0.776810884475708,0.8188506960868835,19,0.8188506960868835,19,0.8188506960868835,10,-0.011490389704704285,0.0808984637260437,0.8899275660514832
490,132,7.0,decoder_3,300,0.9262209534645081,76,289,0.7293277978897095,0.04886677861213684,0.7754185199737549,0.9262209534645081,22,0.9262209534645081,22,0.7293277978897095,6,-0.046180494129657745,0.03124411404132843,0.0656943991780281
490,132,7.0,final_nms07,194,0.7293277978897095,0,0,0.7293277978897095,0.7754185199737549,0.7754185199737549,0.7293277978897095,3,0.7293277978897095,3,0.7293277978897095,2,0.2687195837497711,0.08071377128362656,0.9931507706642151
491,133,9.0,encoder_all_counterfactual,8400,0.6083627343177795,4377,4041,0.17595642805099487,0.0461539626121521,0.09571729600429535,0.6083627343177795,2,0.6083627343177795,2,0.43771082162857056,0,0.05533299595117569,-0.05388375371694565,3.7510743141174316
491,133,9.0,topk,300,0.09700606018304825,265,-1,0,0.10582765936851501,,0.09700606018304825,0,0.09700606018304825,0,0.09700606018304825,0,0.638995349407196,0.4278784394264221,17.920207977294922
491,133,9.0,pre_bbox,300,0.733619213104248,265,265,0.733619213104248,0.19525009393692017,0.19525009393692017,0.733619213104248,2,0.733619213104248,2,0.733619213104248,2,0.18708008527755737,0.14828573167324066,1.003910779953003
491,133,9.0,decoder_1,300,0.7499371767044067,265,265,0.7499371767044067,0.20160652697086334,0.20160652697086334,0.7499371767044067,2,0.7499371767044067,2,0.7499371767044067,2,0.17265257239341736,0.13711827993392944,0.8789516091346741
491,133,9.0,decoder_2,300,0.7651607394218445,155,265,0.7327395081520081,0.06426024436950684,0.5666596293449402,0.7651607394218445,8,0.7651607394218445,8,0.7651607394218445,7,-0.0772225558757782,0.044388238340616226,1.684560775756836
491,133,9.0,decoder_3,300,0.739228367805481,155,265,0.7250927686691284,0.04037594795227051,0.743088960647583,0.739228367805481,11,0.739228367805481,11,0.7282571792602539,8,0.016886118799448013,0.21463298797607422,1.2114232778549194
491,133,9.0,final_nms07,183,0.7250927686691284,0,0,0.7250927686691284,0.743088960647583,0.743088960647583,0.7250927686691284,3,0.7250927686691284,3,0.7250927686691284,3,0.04251253232359886,0.08869963139295578,2.251584529876709
492,134,8.0,encoder_all_counterfactual,8400,0.49562475085258484,2202,2044,0.12496048212051392,0.07965303957462311,0.1005740538239479,0.49562475085258484,0,0.49562475085258484,0,0.49562475085258484,0,0.555462121963501,0.03223388269543648,4.8681840896606445
492,134,8.0,topk,300,0.1518734246492386,280,220,0.12496048212051392,0.09243857860565186,0.1005740538239479,0.1518734246492386,0,0.1518734246492386,0,0.1518734246492386,0,0.6416100263595581,-0.035649508237838745,14.433308601379395
492,134,8.0,pre_bbox,300,0.8034421801567078,224,287,0.5684831142425537,0.0789363905787468,0.37093496322631836,0.8034421801567078,5,0.8034421801567078,5,0.8034421801567078,5,0.1588689386844635,0.03419081121683121,1.2520662546157837
492,134,8.0,decoder_1,300,0.8169788122177124,295,287,0.5735039710998535,0.11438951641321182,0.380788654088974,0.8169788122177124,6,0.8169788122177124,6,0.8169788122177124,6,0.16543355584144592,0.030253209173679352,0.7136765718460083
492,134,8.0,decoder_2,300,0.787926197052002,298,287,0.6045475006103516,0.11814551800489426,0.6957820653915405,0.787926197052002,12,0.787926197052002,12,0.787926197052002,11,-0.001104310154914856,0.009482225403189659,1.5713896751403809
492,134,8.0,decoder_3,300,0.742775559425354,298,287,0.6194415092468262,0.19792285561561584,0.7494906187057495,0.742775559425354,14,0.742775559425354,14,0.742775559425354,13,0.02168581262230873,-0.1063304916024208,1.5314818620681763
492,134,8.0,final_nms07,205,0.6194415092468262,0,0,0.6194415092468262,0.7494906187057495,0.7494906187057495,0.6194415092468262,2,0.6194415092468262,2,0.6194415092468262,2,0.07662606239318848,-0.1984129101037979,2.326296806335449
493,135,8.0,encoder_all_counterfactual,8400,0.5669317245483398,2362,2361,0.4110185205936432,0.09403197467327118,0.10672684758901596,0.5669317245483398,3,0.5669317245483398,3,0.5669317245483398,3,0.31942635774612427,0.12575498223304749,4.016275882720947
493,135,8.0,topk,300,0.4110185205936432,229,229,0.4110185205936432,0.10672684758901596,0.10672684758901596,0.4110185205936432,0,0.4110185205936432,0,0.4110185205936432,0,0.3616609573364258,-0.01683683879673481,7.136999130249023
493,135,8.0,pre_bbox,300,0.8339724540710449,272,229,0.6893311142921448,0.13885582983493805,0.47936147451400757,0.8339724540710449,10,0.8339724540710449,10,0.8339724540710449,10,0.08471914380788803,-0.07172149419784546,1.191854476928711
493,135,8.0,decoder_1,300,0.8571407794952393,272,229,0.6861410737037659,0.14076970517635345,0.48840397596359253,0.8571407794952393,8,0.8571407794952393,8,0.8571407794952393,8,0.06089986488223076,-0.0956561416387558,0.8514767289161682
493,135,8.0,decoder_2,300,0.7826218605041504,272,229,0.6251421570777893,0.021456696093082428,0.7631477117538452,0.7826218605041504,20,0.7826218605041504,20,0.6678407192230225,8,0.08439266681671143,-0.16203252971172333,1.1866474151611328
493,135,8.0,decoder_3,300,0.7781700491905212,261,229,0.6215164661407471,0.07483053207397461,0.7796154618263245,0.7781700491905212,24,0.7781700491905212,24,0.7781700491905212,10,0.20253710448741913,-0.07624008506536484,1.2443392276763916
493,135,8.0,final_nms07,180,0.686257004737854,1,0,0.6215164661407471,0.07892358303070068,0.7796154618263245,0.686257004737854,6,0.686257004737854,6,0.686257004737854,5,0.310445636510849,0.01249593123793602,1.5168670415878296
494,136,6.999999999999999,encoder_all_counterfactual,8400,0.5015968084335327,3503,2521,0.11295858025550842,0.025114376097917557,0.11254503577947617,0.5015968084335327,1,0.5015968084335327,1,0.3812771737575531,0,0.12997984886169434,0.007034332491457462,6.397423267364502
494,136,6.999999999999999,topk,300,0.2974749505519867,235,210,0.11295858025550842,0.10745250433683395,0.11254503577947617,0.2974749505519867,0,0.2974749505519867,0,0.2974749505519867,0,0.2604633569717407,0.6096091270446777,8.492323875427246
494,136,6.999999999999999,pre_bbox,300,0.6668869256973267,235,235,0.6668869256973267,0.5536314845085144,0.5536314845085144,0.6668869256973267,14,0.6668869256973267,14,0.6668869256973267,14,-0.06600520014762878,0.4288368225097656,0.7658785581588745
494,136,6.999999999999999,decoder_1,300,0.6637038588523865,235,235,0.6637038588523865,0.5619940161705017,0.5619940161705017,0.6637038588523865,16,0.6637038588523865,16,0.6637038588523865,15,-0.0675601065158844,0.4342428147792816,0.6929660439491272
494,136,6.999999999999999,decoder_2,300,0.6701465845108032,235,235,0.6701465845108032,0.8142674565315247,0.8142674565315247,0.6701465845108032,24,0.6701465845108032,24,0.6701465845108032,13,0.014228004030883312,0.4053116738796234,0.6642578840255737
494,136,6.999999999999999,decoder_3,300,0.6586212515830994,235,235,0.6586212515830994,0.7884348630905151,0.7884348630905151,0.6586212515830994,27,0.6586212515830994,27,0.6586212515830994,6,0.01747419312596321,0.4189856946468353,0.7741159200668335
494,136,6.999999999999999,final_nms07,185,0.6586212515830994,0,0,0.6586212515830994,0.7884348630905151,0.7884348630905151,0.6586212515830994,1,0.6586212515830994,1,0.6586212515830994,1,0.01747419312596321,0.4189856946468353,0.7741159200668335
495,137,10.0,encoder_all_counterfactual,8400,0.5003206729888916,3496,2521,0.1455155462026596,0.03530282527208328,0.08632440119981766,0.5003206729888916,1,0.5003206729888916,1,0.49657464027404785,0,0.1265343427658081,0.10873705893754959,5.450133323669434
495,137,10.0,topk,300,0.024567821994423866,238,-1,0,0.09983917325735092,,0.024567821994423866,0,0.024567821994423866,0,0.024567821994423866,0,0.4170365333557129,0.2590845823287964,21.87266731262207
495,137,10.0,pre_bbox,300,0.6959201097488403,238,238,0.6959201097488403,0.12615790963172913,0.12615790963172913,0.6959201097488403,2,0.6959201097488403,2,0.6959201097488403,2,-0.04708952456712723,0.09281295537948608,2.688263416290283
495,137,10.0,decoder_1,300,0.7615798115730286,238,238,0.7615798115730286,0.12961618602275848,0.12961618602275848,0.7615798115730286,2,0.7615798115730286,2,0.7615798115730286,2,-0.08048944175243378,0.006694828160107136,1.8802980184555054
495,137,10.0,decoder_2,300,0.7185927629470825,256,238,0.6711388826370239,0.35190072655677795,0.5974082946777344,0.7185927629470825,4,0.7185927629470825,4,0.7185927629470825,4,-0.03723793849349022,-0.001764858840033412,3.0736777782440186
495,137,10.0,decoder_3,300,0.7105942964553833,256,238,0.6883716583251953,0.1316729336977005,0.6616169214248657,0.7105942964553833,5,0.7105942964553833,5,0.7105942964553833,5,-0.021024810150265694,-0.015116322785615921,3.104175567626953
495,137,10.0,final_nms07,188,0.6883716583251953,0,0,0.6883716583251953,0.6616169214248657,0.6616169214248657,0.6883716583251953,1,0.6883716583251953,1,0.6883716583251953,1,-0.01395049411803484,-0.049313247203826904,3.1427526473999023
496,138,10.0,encoder_all_counterfactual,8400,0.7525604367256165,1896,1481,0.32270607352256775,0.04605872929096222,0.08361522108316422,0.7525604367256165,1,0.7525604367256165,1,0.4373851418495178,0,-0.08482835441827774,-0.08505576848983765,2.060549259185791
496,138,10.0,topk,300,0.0,0,-1,0,0.16328293085098267,,0.0,0,0.0,0,0.0,0,-0.0013441810151562095,0.028186291456222534,96.10562896728516
496,138,10.0,pre_bbox,300,0.5665090680122375,294,294,0.5665090680122375,0.08033215254545212,0.08033215254545212,0.5665090680122375,1,0.5665090680122375,1,0.5665090680122375,1,-0.004249825607985258,0.057742856442928314,4.346390247344971
496,138,10.0,decoder_1,300,0.5807533860206604,294,294,0.5807533860206604,0.08266889303922653,0.08266889303922653,0.5807533860206604,1,0.5807533860206604,1,0.5807533860206604,1,-0.014817842282354832,0.01181021798402071,4.0759806632995605
496,138,10.0,decoder_2,300,0.7773547768592834,294,294,0.7773547768592834,0.5174974203109741,0.5174974203109741,0.7773547768592834,2,0.7773547768592834,2,0.7773547768592834,2,-0.15963490307331085,-0.069891557097435,0.7815231084823608
496,138,10.0,decoder_3,300,0.7737416625022888,294,294,0.7737416625022888,0.7106606364250183,0.7106606364250183,0.7737416625022888,6,0.7737416625022888,6,0.7737416625022888,6,-0.13672985136508942,-0.09164927899837494,1.08050537109375
496,138,10.0,final_nms07,202,0.7737416625022888,0,0,0.7737416625022888,0.7106606364250183,0.7106606364250183,0.7737416625022888,4,0.7737416625022888,4,0.7737416625022888,4,-0.13672985136508942,-0.09164927899837494,1.08050537109375
497,139,10.0,encoder_all_counterfactual,8400,0.3955437242984772,2285,2285,0.3955437242984772,0.11078041791915894,0.11078041791915894,0.3955437242984772,0,0.3955437242984772,0,0.3955437242984772,0,-0.017421342432498932,0.008572383783757687,6.864826679229736
497,139,10.0,topk,300,0.3955437242984772,222,222,0.3955437242984772,0.11078041791915894,0.11078041791915894,0.3955437242984772,0,0.3955437242984772,0,0.3955437242984772,0,-0.017421342432498932,0.008572383783757687,6.864826679229736
497,139,10.0,pre_bbox,300,0.8955199122428894,222,295,0.8745728731155396,0.5178523659706116,0.5204133987426758,0.8955199122428894,16,0.8955199122428894,16,0.8955199122428894,16,0.019866473972797394,0.06658347696065903,0.4624864459037781
497,139,10.0,decoder_1,300,0.9337090849876404,105,295,0.8850236535072327,0.10562450438737869,0.5283010005950928,0.9337090849876404,16,0.9337090849876404,16,0.9337090849876404,16,0.016953615471720695,0.026932774111628532,0.4784085154533386
497,139,10.0,decoder_2,300,0.9129802584648132,105,295,0.8901856541633606,0.03076598048210144,0.7842555046081543,0.9129802584648132,18,0.9129802584648132,18,0.8901856541633606,3,0.02461184747517109,0.051344163715839386,0.6613423824310303
497,139,10.0,decoder_3,300,0.9276124238967896,105,295,0.8874837756156921,0.03343479335308075,0.8036532402038574,0.9276124238967896,20,0.9276124238967896,20,0.8874837756156921,4,0.035745877772569656,0.031739458441734314,0.45888984203338623
497,139,10.0,final_nms07,187,0.8874837756156921,0,0,0.8874837756156921,0.8036532402038574,0.8036532402038574,0.8874837756156921,2,0.8874837756156921,2,0.8874837756156921,2,-0.02602275274693966,0.04334753379225731,0.7749587297439575
498,140,10.0,encoder_all_counterfactual,8400,0.6717846393585205,2382,1886,0.6099386215209961,0.044885437935590744,0.08492523431777954,0.6717846393585205,6,0.6717846393585205,6,0.6099386215209961,5,0.3739853501319885,-0.004972011316567659,2.101673126220703
498,140,10.0,topk,300,0.6099386215209961,286,286,0.6099386215209961,0.08492523431777954,0.08492523431777954,0.6099386215209961,1,0.6099386215209961,1,0.6099386215209961,1,0.38913050293922424,-0.20024120807647705,0.9510800242424011
498,140,10.0,pre_bbox,300,0.8748353719711304,202,286,0.5968010425567627,0.08613160252571106,0.5932481288909912,0.8748353719711304,3,0.8748353719711304,3,0.8748353719711304,3,0.11807287484407425,-0.024388546124100685,0.5599793791770935
498,140,10.0,decoder_1,300,0.8447332382202148,202,286,0.5867965817451477,0.08904483169317245,0.5999760031700134,0.8447332382202148,4,0.8447332382202148,4,0.8447332382202148,3,0.05835835263133049,-0.08934365212917328,1.2445446252822876
498,140,10.0,decoder_2,300,0.7623062133789062,202,286,0.5810075402259827,0.05437926948070526,0.7677614092826843,0.7623062133789062,4,0.7623062133789062,4,0.7623062133789062,4,-0.07554295659065247,-0.15179961919784546,1.8983811140060425
498,140,10.0,decoder_3,300,0.7182357311248779,202,286,0.5871529579162598,0.03909604623913765,0.78041672706604,0.7182357311248779,6,0.7182357311248779,6,0.6881698369979858,4,-0.09150272607803345,-0.18414881825447083,2.267331600189209
498,140,10.0,final_nms07,202,0.6881698369979858,1,0,0.5871529579162598,0.12294070422649384,0.78041672706604,0.6881698369979858,3,0.6881698369979858,3,0.6881698369979858,2,0.04896815866231918,-0.08836141228675842,3.369518280029297
499,141,10.0,encoder_all_counterfactual,8400,0.5937041640281677,1405,1403,0.29808804392814636,0.08237697184085846,0.09766693413257599,0.5937041640281677,2,0.5937041640281677,2,0.5937041640281677,2,0.2977643609046936,0.056237127631902695,4.019109725952148
499,141,10.0,topk,300,0.29808804392814636,255,255,0.29808804392814636,0.09766693413257599,0.09766693413257599,0.29808804392814636,0,0.29808804392814636,0,0.29808804392814636,0,0.588569700717926,0.06569842249155045,12.430871963500977
499,141,10.0,pre_bbox,300,0.7326695322990417,255,255,0.7326695322990417,0.3064022660255432,0.3064022660255432,0.7326695322990417,5,0.7326695322990417,5,0.7326695322990417,5,0.1410391628742218,-0.0034609518479555845,2.322955369949341
499,141,10.0,decoder_1,300,0.738144040107727,255,255,0.738144040107727,0.3135741949081421,0.3135741949081421,0.738144040107727,6,0.738144040107727,6,0.738144040107727,6,0.11998050659894943,-0.015269685536623001,2.229428291320801
499,141,10.0,decoder_2,300,0.8348941206932068,255,255,0.8348941206932068,0.7178992033004761,0.7178992033004761,0.8348941206932068,7,0.8348941206932068,7,0.8348941206932068,4,-0.022054089233279228,-0.01321957167237997,1.4794920682907104
499,141,10.0,decoder_3,300,0.8392133712768555,255,255,0.8392133712768555,0.7661859393119812,0.7661859393119812,0.8392133712768555,14,0.8392133712768555,14,0.8392133712768555,5,-0.024276936426758766,-0.00997026078402996,1.4623169898986816
499,141,10.0,final_nms07,187,0.8392133712768555,0,0,0.8392133712768555,0.7661859393119812,0.7661859393119812,0.8392133712768555,6,0.8392133712768555,6,0.8392133712768555,3,-0.024276936426758766,-0.00997026078402996,1.4623169898986816
500,142,10.0,encoder_all_counterfactual,8400,0.66585373878479,1566,1566,0.66585373878479,0.0905676856637001,0.0905676856637001,0.66585373878479,2,0.66585373878479,2,0.66585373878479,2,0.26184704899787903,-0.193535715341568,2.0563178062438965
500,142,10.0,topk,300,0.66585373878479,245,245,0.66585373878479,0.0905676856637001,0.0905676856637001,0.66585373878479,2,0.66585373878479,2,0.66585373878479,2,0.26184704899787903,-0.193535715341568,2.0563178062438965
500,142,10.0,pre_bbox,300,0.7828748822212219,183,245,0.6828754544258118,0.08085951954126358,0.6630665063858032,0.7828748822212219,10,0.7828748822212219,10,0.7828748822212219,10,-0.004349199589341879,-0.03193490579724312,2.2692644596099854
500,142,10.0,decoder_1,300,0.840603768825531,183,245,0.6641615629196167,0.08375247567892075,0.6739013195037842,0.840603768825531,9,0.840603768825531,9,0.840603768825531,9,-0.05228718742728233,-0.11122658103704453,1.3713434934616089
500,142,10.0,decoder_2,300,0.8241379261016846,251,245,0.6747360825538635,0.0480625256896019,0.8211576342582703,0.8241379261016846,19,0.8241379261016846,19,0.683788001537323,2,0.03933054208755493,-0.14825379848480225,0.4795566499233246
500,142,10.0,decoder_3,300,0.8118012547492981,278,245,0.6829043626785278,0.02624000981450081,0.7918896079063416,0.8118012547492981,20,0.8118012547492981,20,0.7047019004821777,5,0.03423362970352173,-0.1649901270866394,1.310556173324585
500,142,10.0,final_nms07,180,0.7047019004821777,2,0,0.6829043626785278,0.05543360114097595,0.7918896079063416,0.7047019004821777,3,0.7047019004821777,3,0.7047019004821777,2,0.29035788774490356,-0.11400854587554932,2.554497480392456
